[
    {
        "model": 2,
        "sequence": 8,
        "status": 1,
        "fuel": 6059,
        "fault": 0.6056,
        "weapon": 1,
        "pilot_injury": 0.9331,
        "pilot_skill": 0.4391,
        "mission_priority": 0.9804,
        "estimated_landing_time": 758.0,
        "wait_time": 0,
        "Landing_success_rate": 1.0
    },
    {
        "model": 0,
        "sequence": 4,
        "status": 1,
        "fuel": 5516,
        "fault": 0.2063,
        "weapon": 0,
        "pilot_injury": 0.7648,
        "pilot_skill": 0.6789,
        "mission_priority": 0.773,
        "estimated_landing_time": 382.0,
        "wait_time": 0,
        "Landing_success_rate": 1.0
    },
    {
        "model": 0,
        "sequence": 9,
        "status": 1,
        "fuel": 6626,
        "fault": 0.4193,
        "weapon": 0,
        "pilot_injury": 0.6113,
        "pilot_skill": 0.8573,
        "mission_priority": 0.6732,
        "estimated_landing_time": 852.0,
        "wait_time": 0,
        "Landing_success_rate": 1.0
    },
    {
        "model": 2,
        "sequence": 7,
        "status": 1,
        "fuel": 6910,
        "fault": 0.5607,
        "weapon": 0,
        "pilot_injury": 0.2219,
        "pilot_skill": 0.7146,
        "mission_priority": 0.8816,
        "estimated_landing_time": 664.0,
        "wait_time": 0,
        "Landing_success_rate": 1.0
    },
    {
        "model": 0,
        "sequence": 10,
        "status": 1,
        "fuel": 7345,
        "fault": 0.7234,
        "weapon": 1,
        "pilot_injury": 0.7526,
        "pilot_skill": 0.4651,
        "mission_priority": 0.8742,
        "estimated_landing_time": 946.0,
        "wait_time": 0,
        "Landing_success_rate": 1.0
    },
    {
        "model": 1,
        "sequence": 12,
        "status": 1,
        "fuel": 5924,
        "fault": 0.4851,
        "weapon": 0,
        "pilot_injury": 0.2855,
        "pilot_skill": 0.5316,
        "mission_priority": 0.5106,
        "estimated_landing_time": 1134.0,
        "wait_time": 0,
        "Landing_success_rate": 1.0
    },
    {
        "model": 0,
        "sequence": 6,
        "status": 1,
        "fuel": 6158,
        "fault": 0.855,
        "weapon": 0,
        "pilot_injury": 0.4843,
        "pilot_skill": 0.0134,
        "mission_priority": 0.4097,
        "estimated_landing_time": 570.0,
        "wait_time": 0,
        "Landing_success_rate": 1.0
    },
    {
        "model": 2,
        "sequence": 5,
        "status": 1,
        "fuel": 5556,
        "fault": 0.8035,
        "weapon": 0,
        "pilot_injury": 0.2809,
        "pilot_skill": 0.208,
        "mission_priority": 0.042,
        "estimated_landing_time": 476.0,
        "wait_time": 0,
        "Landing_success_rate": 1.0
    },
    {
        "model": 2,
        "sequence": 3,
        "status": 1,
        "fuel": 6017,
        "fault": 0.3894,
        "weapon": 0,
        "pilot_injury": 0.7431,
        "pilot_skill": 0.8479,
        "mission_priority": 0.5456,
        "estimated_landing_time": 288.0,
        "wait_time": 0,
        "Landing_success_rate": 1.0
    },
    {
        "model": 1,
        "sequence": 11,
        "status": 1,
        "fuel": 6572,
        "fault": 0.0741,
        "weapon": 1,
        "pilot_injury": 0.5134,
        "pilot_skill": 0.9892,
        "mission_priority": 0.2315,
        "estimated_landing_time": 1040.0,
        "wait_time": 0,
        "Landing_success_rate": 1.0
    },
    {
        "model": 2,
        "sequence": 2,
        "status": 1,
        "fuel": 5720,
        "fault": 0.5591,
        "weapon": 0,
        "pilot_injury": 0.4464,
        "pilot_skill": 0.07,
        "mission_priority": 0.7292,
        "estimated_landing_time": 194.0,
        "wait_time": 0,
        "Landing_success_rate": 1.0
    },
    {
        "model": 1,
        "sequence": 1,
        "status": 1,
        "fuel": 5539,
        "fault": 0.0687,
        "weapon": 1,
        "pilot_injury": 0.3745,
        "pilot_skill": 0.3695,
        "mission_priority": 0.0453,
        "estimated_landing_time": 100.0,
        "wait_time": 0,
        "Landing_success_rate": 1.0
    }
]