[
    {
        "model": 0,
        "sequence": 11,
        "status": 1,
        "fuel": 5980,
        "fault": 0.2688,
        "weapon": 1,
        "pilot_injury": 0.7907,
        "pilot_skill": 0.3847,
        "mission_priority": 0.436,
        "estimated_landing_time": 1040.0,
        "wait_time": 0,
        "Landing_success_rate": 1.0
    },
    {
        "model": 2,
        "sequence": 4,
        "status": 1,
        "fuel": 5544,
        "fault": 0.588,
        "weapon": 1,
        "pilot_injury": 0.0674,
        "pilot_skill": 0.8315,
        "mission_priority": 0.1773,
        "estimated_landing_time": 382.0,
        "wait_time": 0,
        "Landing_success_rate": 1.0
    },
    {
        "model": 1,
        "sequence": 2,
        "status": 1,
        "fuel": 5786,
        "fault": 0.1718,
        "weapon": 1,
        "pilot_injury": 0.7149,
        "pilot_skill": 0.579,
        "mission_priority": 0.0146,
        "estimated_landing_time": 194.0,
        "wait_time": 0,
        "Landing_success_rate": 1.0
    },
    {
        "model": 0,
        "sequence": 5,
        "status": 1,
        "fuel": 5880,
        "fault": 0.8119,
        "weapon": 0,
        "pilot_injury": 0.3875,
        "pilot_skill": 0.8635,
        "mission_priority": 0.3088,
        "estimated_landing_time": 476.0,
        "wait_time": 0,
        "Landing_success_rate": 1.0
    },
    {
        "model": 0,
        "sequence": 1,
        "status": 1,
        "fuel": 5653,
        "fault": 0.9328,
        "weapon": 1,
        "pilot_injury": 0.3328,
        "pilot_skill": 0.5574,
        "mission_priority": 0.707,
        "estimated_landing_time": 100.0,
        "wait_time": 0,
        "Landing_success_rate": 1.0
    },
    {
        "model": 0,
        "sequence": 10,
        "status": 1,
        "fuel": 6784,
        "fault": 0.5646,
        "weapon": 1,
        "pilot_injury": 0.8859,
        "pilot_skill": 0.8161,
        "mission_priority": 0.0189,
        "estimated_landing_time": 946.0,
        "wait_time": 0,
        "Landing_success_rate": 1.0
    },
    {
        "model": 0,
        "sequence": 6,
        "status": 1,
        "fuel": 7144,
        "fault": 0.7202,
        "weapon": 0,
        "pilot_injury": 0.1329,
        "pilot_skill": 0.6385,
        "mission_priority": 0.3197,
        "estimated_landing_time": 570.0,
        "wait_time": 0,
        "Landing_success_rate": 1.0
    },
    {
        "model": 1,
        "sequence": 8,
        "status": 1,
        "fuel": 6267,
        "fault": 0.8974,
        "weapon": 0,
        "pilot_injury": 0.0009,
        "pilot_skill": 0.9032,
        "mission_priority": 0.0246,
        "estimated_landing_time": 758.0,
        "wait_time": 0,
        "Landing_success_rate": 1.0
    },
    {
        "model": 2,
        "sequence": 9,
        "status": 1,
        "fuel": 6687,
        "fault": 0.5001,
        "weapon": 1,
        "pilot_injury": 0.3566,
        "pilot_skill": 0.9117,
        "mission_priority": 0.0403,
        "estimated_landing_time": 852.0,
        "wait_time": 0,
        "Landing_success_rate": 1.0
    },
    {
        "model": 1,
        "sequence": 12,
        "status": 1,
        "fuel": 5698,
        "fault": 0.3126,
        "weapon": 1,
        "pilot_injury": 0.9317,
        "pilot_skill": 0.6204,
        "mission_priority": 0.8038,
        "estimated_landing_time": 1134.0,
        "wait_time": 0,
        "Landing_success_rate": 1.0
    },
    {
        "model": 0,
        "sequence": 7,
        "status": 1,
        "fuel": 7376,
        "fault": 0.9345,
        "weapon": 1,
        "pilot_injury": 0.3739,
        "pilot_skill": 0.8863,
        "mission_priority": 0.1514,
        "estimated_landing_time": 664.0,
        "wait_time": 0,
        "Landing_success_rate": 1.0
    },
    {
        "model": 1,
        "sequence": 3,
        "status": 1,
        "fuel": 6298,
        "fault": 0.9656,
        "weapon": 1,
        "pilot_injury": 0.0545,
        "pilot_skill": 0.1825,
        "mission_priority": 0.9652,
        "estimated_landing_time": 288.0,
        "wait_time": 0,
        "Landing_success_rate": 1.0
    }
]