[
    {
        "model": 2,
        "sequence": 10,
        "status": 1,
        "fuel": 6801,
        "fault": 0.4768,
        "weapon": 1,
        "pilot_injury": 0.9158,
        "pilot_skill": 0.3598,
        "mission_priority": 0.307,
        "estimated_landing_time": 946.0,
        "wait_time": 0,
        "Landing_success_rate": 1.0
    },
    {
        "model": 1,
        "sequence": 3,
        "status": 1,
        "fuel": 5754,
        "fault": 0.9409,
        "weapon": 0,
        "pilot_injury": 0.3231,
        "pilot_skill": 0.9877,
        "mission_priority": 0.3257,
        "estimated_landing_time": 288.0,
        "wait_time": 0,
        "Landing_success_rate": 1.0
    },
    {
        "model": 2,
        "sequence": 8,
        "status": 1,
        "fuel": 5889,
        "fault": 0.7221,
        "weapon": 1,
        "pilot_injury": 0.8017,
        "pilot_skill": 0.4695,
        "mission_priority": 0.4227,
        "estimated_landing_time": 758.0,
        "wait_time": 0,
        "Landing_success_rate": 1.0
    },
    {
        "model": 2,
        "sequence": 12,
        "status": 1,
        "fuel": 7289,
        "fault": 0.9359,
        "weapon": 0,
        "pilot_injury": 0.8951,
        "pilot_skill": 0.1491,
        "mission_priority": 0.7859,
        "estimated_landing_time": 1134.0,
        "wait_time": 0,
        "Landing_success_rate": 1.0
    },
    {
        "model": 2,
        "sequence": 9,
        "status": 1,
        "fuel": 6361,
        "fault": 0.0221,
        "weapon": 0,
        "pilot_injury": 0.8739,
        "pilot_skill": 0.0129,
        "mission_priority": 0.2267,
        "estimated_landing_time": 852.0,
        "wait_time": 0,
        "Landing_success_rate": 1.0
    },
    {
        "model": 1,
        "sequence": 2,
        "status": 1,
        "fuel": 6246,
        "fault": 0.1322,
        "weapon": 0,
        "pilot_injury": 0.6104,
        "pilot_skill": 0.0241,
        "mission_priority": 0.1165,
        "estimated_landing_time": 194.0,
        "wait_time": 0,
        "Landing_success_rate": 1.0
    },
    {
        "model": 0,
        "sequence": 6,
        "status": 1,
        "fuel": 5773,
        "fault": 0.5995,
        "weapon": 0,
        "pilot_injury": 0.4593,
        "pilot_skill": 0.7521,
        "mission_priority": 0.9055,
        "estimated_landing_time": 570.0,
        "wait_time": 0,
        "Landing_success_rate": 1.0
    },
    {
        "model": 1,
        "sequence": 7,
        "status": 1,
        "fuel": 5863,
        "fault": 0.0484,
        "weapon": 1,
        "pilot_injury": 0.4412,
        "pilot_skill": 0.1994,
        "mission_priority": 0.2645,
        "estimated_landing_time": 664.0,
        "wait_time": 0,
        "Landing_success_rate": 1.0
    },
    {
        "model": 0,
        "sequence": 1,
        "status": 1,
        "fuel": 6621,
        "fault": 0.7998,
        "weapon": 1,
        "pilot_injury": 0.2182,
        "pilot_skill": 0.9354,
        "mission_priority": 0.4661,
        "estimated_landing_time": 100.0,
        "wait_time": 0,
        "Landing_success_rate": 1.0
    },
    {
        "model": 2,
        "sequence": 5,
        "status": 1,
        "fuel": 6002,
        "fault": 0.5986,
        "weapon": 0,
        "pilot_injury": 0.2474,
        "pilot_skill": 0.8663,
        "mission_priority": 0.1646,
        "estimated_landing_time": 476.0,
        "wait_time": 0,
        "Landing_success_rate": 1.0
    },
    {
        "model": 2,
        "sequence": 4,
        "status": 1,
        "fuel": 5723,
        "fault": 0.2205,
        "weapon": 0,
        "pilot_injury": 0.4783,
        "pilot_skill": 0.021,
        "mission_priority": 0.8196,
        "estimated_landing_time": 382.0,
        "wait_time": 0,
        "Landing_success_rate": 1.0
    },
    {
        "model": 2,
        "sequence": 11,
        "status": 1,
        "fuel": 6976,
        "fault": 0.6044,
        "weapon": 1,
        "pilot_injury": 0.2834,
        "pilot_skill": 0.8372,
        "mission_priority": 0.543,
        "estimated_landing_time": 1040.0,
        "wait_time": 0,
        "Landing_success_rate": 1.0
    }
]