[
    {
        "model": 1,
        "sequence": 11,
        "status": 1,
        "fuel": 5950,
        "fault": 0.0712,
        "weapon": 0,
        "pilot_injury": 0.5204,
        "pilot_skill": 0.9946,
        "mission_priority": 0.2018,
        "estimated_landing_time": 1040.0,
        "wait_time": 0,
        "Landing_success_rate": 1.0
    },
    {
        "model": 2,
        "sequence": 1,
        "status": 1,
        "fuel": 5833,
        "fault": 0.9598,
        "weapon": 0,
        "pilot_injury": 0.9175,
        "pilot_skill": 0.7778,
        "mission_priority": 0.8223,
        "estimated_landing_time": 100.0,
        "wait_time": 0,
        "Landing_success_rate": 1.0
    },
    {
        "model": 2,
        "sequence": 5,
        "status": 1,
        "fuel": 7313,
        "fault": 0.5413,
        "weapon": 0,
        "pilot_injury": 0.4512,
        "pilot_skill": 0.3304,
        "mission_priority": 0.5892,
        "estimated_landing_time": 476.0,
        "wait_time": 0,
        "Landing_success_rate": 1.0
    },
    {
        "model": 0,
        "sequence": 9,
        "status": 1,
        "fuel": 7235,
        "fault": 0.2966,
        "weapon": 0,
        "pilot_injury": 0.9369,
        "pilot_skill": 0.984,
        "mission_priority": 0.7965,
        "estimated_landing_time": 852.0,
        "wait_time": 0,
        "Landing_success_rate": 1.0
    },
    {
        "model": 2,
        "sequence": 4,
        "status": 1,
        "fuel": 7017,
        "fault": 0.5186,
        "weapon": 0,
        "pilot_injury": 0.1661,
        "pilot_skill": 0.0591,
        "mission_priority": 0.6907,
        "estimated_landing_time": 382.0,
        "wait_time": 0,
        "Landing_success_rate": 1.0
    },
    {
        "model": 2,
        "sequence": 2,
        "status": 1,
        "fuel": 6464,
        "fault": 0.949,
        "weapon": 1,
        "pilot_injury": 0.9281,
        "pilot_skill": 0.0911,
        "mission_priority": 0.2859,
        "estimated_landing_time": 194.0,
        "wait_time": 0,
        "Landing_success_rate": 1.0
    },
    {
        "model": 2,
        "sequence": 7,
        "status": 1,
        "fuel": 6838,
        "fault": 0.0042,
        "weapon": 0,
        "pilot_injury": 0.0554,
        "pilot_skill": 0.3311,
        "mission_priority": 0.766,
        "estimated_landing_time": 664.0,
        "wait_time": 0,
        "Landing_success_rate": 1.0
    },
    {
        "model": 2,
        "sequence": 8,
        "status": 1,
        "fuel": 5636,
        "fault": 0.4154,
        "weapon": 1,
        "pilot_injury": 0.5796,
        "pilot_skill": 0.0222,
        "mission_priority": 0.9885,
        "estimated_landing_time": 758.0,
        "wait_time": 0,
        "Landing_success_rate": 1.0
    },
    {
        "model": 1,
        "sequence": 10,
        "status": 1,
        "fuel": 5822,
        "fault": 0.9678,
        "weapon": 1,
        "pilot_injury": 0.7287,
        "pilot_skill": 0.3154,
        "mission_priority": 0.3931,
        "estimated_landing_time": 946.0,
        "wait_time": 0,
        "Landing_success_rate": 1.0
    },
    {
        "model": 0,
        "sequence": 3,
        "status": 1,
        "fuel": 6792,
        "fault": 0.1695,
        "weapon": 1,
        "pilot_injury": 0.179,
        "pilot_skill": 0.7975,
        "mission_priority": 0.6775,
        "estimated_landing_time": 288.0,
        "wait_time": 0,
        "Landing_success_rate": 1.0
    },
    {
        "model": 2,
        "sequence": 12,
        "status": 1,
        "fuel": 6312,
        "fault": 0.4751,
        "weapon": 0,
        "pilot_injury": 0.7816,
        "pilot_skill": 0.4371,
        "mission_priority": 0.6277,
        "estimated_landing_time": 1134.0,
        "wait_time": 0,
        "Landing_success_rate": 1.0
    },
    {
        "model": 2,
        "sequence": 6,
        "status": 1,
        "fuel": 6962,
        "fault": 0.7824,
        "weapon": 0,
        "pilot_injury": 0.3249,
        "pilot_skill": 0.6873,
        "mission_priority": 0.9616,
        "estimated_landing_time": 570.0,
        "wait_time": 0,
        "Landing_success_rate": 1.0
    }
]