[
    {
        "model": 0,
        "sequence": 6,
        "status": 1,
        "fuel": 7385,
        "fault": 0.8317,
        "weapon": 0,
        "pilot_injury": 0.6977,
        "pilot_skill": 0.9296,
        "mission_priority": 0.7826,
        "estimated_landing_time": 570.0,
        "wait_time": 0,
        "Landing_success_rate": 1.0
    },
    {
        "model": 0,
        "sequence": 12,
        "status": 1,
        "fuel": 7438,
        "fault": 0.2593,
        "weapon": 1,
        "pilot_injury": 0.2255,
        "pilot_skill": 0.3769,
        "mission_priority": 0.4617,
        "estimated_landing_time": 1134.0,
        "wait_time": 0,
        "Landing_success_rate": 1.0
    },
    {
        "model": 1,
        "sequence": 8,
        "status": 1,
        "fuel": 5548,
        "fault": 0.4352,
        "weapon": 1,
        "pilot_injury": 0.483,
        "pilot_skill": 0.1335,
        "mission_priority": 0.0806,
        "estimated_landing_time": 758.0,
        "wait_time": 0,
        "Landing_success_rate": 1.0
    },
    {
        "model": 2,
        "sequence": 1,
        "status": 1,
        "fuel": 6242,
        "fault": 0.9039,
        "weapon": 0,
        "pilot_injury": 0.4369,
        "pilot_skill": 0.7295,
        "mission_priority": 0.7655,
        "estimated_landing_time": 100.0,
        "wait_time": 0,
        "Landing_success_rate": 1.0
    },
    {
        "model": 2,
        "sequence": 3,
        "status": 1,
        "fuel": 6705,
        "fault": 0.2252,
        "weapon": 1,
        "pilot_injury": 0.1354,
        "pilot_skill": 0.7514,
        "mission_priority": 0.657,
        "estimated_landing_time": 288.0,
        "wait_time": 0,
        "Landing_success_rate": 1.0
    },
    {
        "model": 2,
        "sequence": 7,
        "status": 1,
        "fuel": 6047,
        "fault": 0.0134,
        "weapon": 1,
        "pilot_injury": 0.0571,
        "pilot_skill": 0.2822,
        "mission_priority": 0.2617,
        "estimated_landing_time": 664.0,
        "wait_time": 0,
        "Landing_success_rate": 1.0
    },
    {
        "model": 1,
        "sequence": 2,
        "status": 1,
        "fuel": 5662,
        "fault": 0.2756,
        "weapon": 1,
        "pilot_injury": 0.2495,
        "pilot_skill": 0.2719,
        "mission_priority": 0.7594,
        "estimated_landing_time": 194.0,
        "wait_time": 0,
        "Landing_success_rate": 1.0
    },
    {
        "model": 2,
        "sequence": 11,
        "status": 1,
        "fuel": 7141,
        "fault": 0.8448,
        "weapon": 1,
        "pilot_injury": 0.0654,
        "pilot_skill": 0.4876,
        "mission_priority": 0.0336,
        "estimated_landing_time": 1040.0,
        "wait_time": 0,
        "Landing_success_rate": 1.0
    },
    {
        "model": 1,
        "sequence": 4,
        "status": 1,
        "fuel": 6095,
        "fault": 0.6197,
        "weapon": 0,
        "pilot_injury": 0.1392,
        "pilot_skill": 0.5324,
        "mission_priority": 0.4111,
        "estimated_landing_time": 382.0,
        "wait_time": 0,
        "Landing_success_rate": 1.0
    },
    {
        "model": 2,
        "sequence": 9,
        "status": 1,
        "fuel": 7042,
        "fault": 0.0864,
        "weapon": 0,
        "pilot_injury": 0.0218,
        "pilot_skill": 0.6638,
        "mission_priority": 0.9634,
        "estimated_landing_time": 852.0,
        "wait_time": 0,
        "Landing_success_rate": 1.0
    },
    {
        "model": 2,
        "sequence": 5,
        "status": 1,
        "fuel": 7178,
        "fault": 0.8821,
        "weapon": 0,
        "pilot_injury": 0.0523,
        "pilot_skill": 0.4188,
        "mission_priority": 0.2602,
        "estimated_landing_time": 476.0,
        "wait_time": 0,
        "Landing_success_rate": 1.0
    },
    {
        "model": 0,
        "sequence": 10,
        "status": 1,
        "fuel": 6836,
        "fault": 0.4945,
        "weapon": 0,
        "pilot_injury": 0.2565,
        "pilot_skill": 0.6542,
        "mission_priority": 0.1981,
        "estimated_landing_time": 946.0,
        "wait_time": 0,
        "Landing_success_rate": 1.0
    }
]