[
    {
        "model": 1,
        "sequence": 8,
        "status": 1,
        "fuel": 7336,
        "fault": 0.3216,
        "weapon": 1,
        "pilot_injury": 0.7994,
        "pilot_skill": 0.6279,
        "mission_priority": 0.0818,
        "estimated_landing_time": 758.0,
        "wait_time": 0,
        "Landing_success_rate": 1.0
    },
    {
        "model": 0,
        "sequence": 3,
        "status": 1,
        "fuel": 5849,
        "fault": 0.157,
        "weapon": 1,
        "pilot_injury": 0.0611,
        "pilot_skill": 0.2769,
        "mission_priority": 0.8062,
        "estimated_landing_time": 288.0,
        "wait_time": 0,
        "Landing_success_rate": 1.0
    },
    {
        "model": 1,
        "sequence": 10,
        "status": 1,
        "fuel": 6124,
        "fault": 0.5973,
        "weapon": 1,
        "pilot_injury": 0.2093,
        "pilot_skill": 0.3705,
        "mission_priority": 0.4845,
        "estimated_landing_time": 946.0,
        "wait_time": 0,
        "Landing_success_rate": 1.0
    },
    {
        "model": 2,
        "sequence": 11,
        "status": 1,
        "fuel": 5973,
        "fault": 0.76,
        "weapon": 1,
        "pilot_injury": 0.4625,
        "pilot_skill": 0.7475,
        "mission_priority": 0.0367,
        "estimated_landing_time": 1040.0,
        "wait_time": 0,
        "Landing_success_rate": 1.0
    },
    {
        "model": 2,
        "sequence": 7,
        "status": 1,
        "fuel": 6835,
        "fault": 0.1331,
        "weapon": 0,
        "pilot_injury": 0.8952,
        "pilot_skill": 0.5117,
        "mission_priority": 0.5321,
        "estimated_landing_time": 664.0,
        "wait_time": 0,
        "Landing_success_rate": 1.0
    },
    {
        "model": 0,
        "sequence": 12,
        "status": 1,
        "fuel": 6797,
        "fault": 0.4474,
        "weapon": 0,
        "pilot_injury": 0.3972,
        "pilot_skill": 0.1049,
        "mission_priority": 0.7374,
        "estimated_landing_time": 1134.0,
        "wait_time": 0,
        "Landing_success_rate": 1.0
    },
    {
        "model": 0,
        "sequence": 2,
        "status": 1,
        "fuel": 5527,
        "fault": 0.0201,
        "weapon": 0,
        "pilot_injury": 0.8407,
        "pilot_skill": 0.0892,
        "mission_priority": 0.5353,
        "estimated_landing_time": 194.0,
        "wait_time": 0,
        "Landing_success_rate": 1.0
    },
    {
        "model": 1,
        "sequence": 4,
        "status": 1,
        "fuel": 6036,
        "fault": 0.8905,
        "weapon": 1,
        "pilot_injury": 0.474,
        "pilot_skill": 0.3551,
        "mission_priority": 0.6488,
        "estimated_landing_time": 382.0,
        "wait_time": 0,
        "Landing_success_rate": 1.0
    },
    {
        "model": 1,
        "sequence": 9,
        "status": 1,
        "fuel": 6669,
        "fault": 0.0869,
        "weapon": 0,
        "pilot_injury": 0.7368,
        "pilot_skill": 0.5577,
        "mission_priority": 0.5865,
        "estimated_landing_time": 852.0,
        "wait_time": 0,
        "Landing_success_rate": 1.0
    },
    {
        "model": 0,
        "sequence": 5,
        "status": 1,
        "fuel": 6247,
        "fault": 0.1276,
        "weapon": 0,
        "pilot_injury": 0.3374,
        "pilot_skill": 0.8996,
        "mission_priority": 0.6076,
        "estimated_landing_time": 476.0,
        "wait_time": 0,
        "Landing_success_rate": 1.0
    },
    {
        "model": 1,
        "sequence": 1,
        "status": 1,
        "fuel": 6966,
        "fault": 0.3561,
        "weapon": 0,
        "pilot_injury": 0.3303,
        "pilot_skill": 0.9337,
        "mission_priority": 0.0075,
        "estimated_landing_time": 100.0,
        "wait_time": 0,
        "Landing_success_rate": 1.0
    },
    {
        "model": 0,
        "sequence": 6,
        "status": 1,
        "fuel": 5776,
        "fault": 0.1529,
        "weapon": 0,
        "pilot_injury": 0.4878,
        "pilot_skill": 0.8508,
        "mission_priority": 0.0879,
        "estimated_landing_time": 570.0,
        "wait_time": 0,
        "Landing_success_rate": 1.0
    }
]