[
    {
        "model": 2,
        "sequence": 7,
        "status": 1,
        "fuel": 6262,
        "fault": 0.3031,
        "weapon": 0,
        "pilot_injury": 0.9409,
        "pilot_skill": 0.6709,
        "mission_priority": 0.6644,
        "estimated_landing_time": 664.0,
        "wait_time": 0,
        "Landing_success_rate": 1.0
    },
    {
        "model": 2,
        "sequence": 1,
        "status": 1,
        "fuel": 6872,
        "fault": 0.5494,
        "weapon": 1,
        "pilot_injury": 0.9616,
        "pilot_skill": 0.7751,
        "mission_priority": 0.6219,
        "estimated_landing_time": 100.0,
        "wait_time": 0,
        "Landing_success_rate": 1.0
    },
    {
        "model": 2,
        "sequence": 10,
        "status": 1,
        "fuel": 7388,
        "fault": 0.8437,
        "weapon": 1,
        "pilot_injury": 0.5412,
        "pilot_skill": 0.8039,
        "mission_priority": 0.5089,
        "estimated_landing_time": 946.0,
        "wait_time": 0,
        "Landing_success_rate": 1.0
    },
    {
        "model": 2,
        "sequence": 12,
        "status": 1,
        "fuel": 5756,
        "fault": 0.7136,
        "weapon": 0,
        "pilot_injury": 0.4444,
        "pilot_skill": 0.1416,
        "mission_priority": 0.1025,
        "estimated_landing_time": 1134.0,
        "wait_time": 0,
        "Landing_success_rate": 1.0
    },
    {
        "model": 0,
        "sequence": 4,
        "status": 1,
        "fuel": 6275,
        "fault": 0.9666,
        "weapon": 1,
        "pilot_injury": 0.3029,
        "pilot_skill": 0.7446,
        "mission_priority": 0.9644,
        "estimated_landing_time": 382.0,
        "wait_time": 0,
        "Landing_success_rate": 1.0
    },
    {
        "model": 2,
        "sequence": 8,
        "status": 1,
        "fuel": 6986,
        "fault": 0.3197,
        "weapon": 1,
        "pilot_injury": 0.6983,
        "pilot_skill": 0.2938,
        "mission_priority": 0.6721,
        "estimated_landing_time": 758.0,
        "wait_time": 0,
        "Landing_success_rate": 1.0
    },
    {
        "model": 2,
        "sequence": 11,
        "status": 1,
        "fuel": 6441,
        "fault": 0.7246,
        "weapon": 1,
        "pilot_injury": 0.0177,
        "pilot_skill": 0.7032,
        "mission_priority": 0.0217,
        "estimated_landing_time": 1040.0,
        "wait_time": 0,
        "Landing_success_rate": 1.0
    },
    {
        "model": 1,
        "sequence": 2,
        "status": 1,
        "fuel": 6174,
        "fault": 0.7779,
        "weapon": 1,
        "pilot_injury": 0.5656,
        "pilot_skill": 0.5039,
        "mission_priority": 0.0135,
        "estimated_landing_time": 194.0,
        "wait_time": 0,
        "Landing_success_rate": 1.0
    },
    {
        "model": 0,
        "sequence": 9,
        "status": 1,
        "fuel": 7069,
        "fault": 0.5259,
        "weapon": 1,
        "pilot_injury": 0.8486,
        "pilot_skill": 0.8886,
        "mission_priority": 0.4838,
        "estimated_landing_time": 852.0,
        "wait_time": 0,
        "Landing_success_rate": 1.0
    },
    {
        "model": 1,
        "sequence": 5,
        "status": 1,
        "fuel": 6897,
        "fault": 0.2694,
        "weapon": 0,
        "pilot_injury": 0.3422,
        "pilot_skill": 0.1945,
        "mission_priority": 0.5619,
        "estimated_landing_time": 476.0,
        "wait_time": 0,
        "Landing_success_rate": 1.0
    },
    {
        "model": 2,
        "sequence": 3,
        "status": 1,
        "fuel": 7221,
        "fault": 0.6477,
        "weapon": 1,
        "pilot_injury": 0.685,
        "pilot_skill": 0.7078,
        "mission_priority": 0.36,
        "estimated_landing_time": 288.0,
        "wait_time": 0,
        "Landing_success_rate": 1.0
    },
    {
        "model": 1,
        "sequence": 6,
        "status": 1,
        "fuel": 6799,
        "fault": 0.3594,
        "weapon": 1,
        "pilot_injury": 0.4423,
        "pilot_skill": 0.6687,
        "mission_priority": 0.3154,
        "estimated_landing_time": 570.0,
        "wait_time": 0,
        "Landing_success_rate": 1.0
    }
]