[
    {
        "model": 1,
        "sequence": 5,
        "status": 1,
        "fuel": 6346,
        "fault": 0.535,
        "weapon": 1,
        "pilot_injury": 0.28,
        "pilot_skill": 0.7695,
        "mission_priority": 0.187,
        "estimated_landing_time": 476.0,
        "wait_time": 0,
        "Landing_success_rate": 1.0
    },
    {
        "model": 2,
        "sequence": 10,
        "status": 1,
        "fuel": 6641,
        "fault": 0.711,
        "weapon": 1,
        "pilot_injury": 0.5076,
        "pilot_skill": 0.2424,
        "mission_priority": 0.1148,
        "estimated_landing_time": 946.0,
        "wait_time": 0,
        "Landing_success_rate": 1.0
    },
    {
        "model": 2,
        "sequence": 7,
        "status": 1,
        "fuel": 5589,
        "fault": 0.7678,
        "weapon": 1,
        "pilot_injury": 0.5812,
        "pilot_skill": 0.1544,
        "mission_priority": 0.4811,
        "estimated_landing_time": 664.0,
        "wait_time": 0,
        "Landing_success_rate": 1.0
    },
    {
        "model": 0,
        "sequence": 2,
        "status": 1,
        "fuel": 5758,
        "fault": 0.0518,
        "weapon": 1,
        "pilot_injury": 0.4543,
        "pilot_skill": 0.5486,
        "mission_priority": 0.5489,
        "estimated_landing_time": 194.0,
        "wait_time": 0,
        "Landing_success_rate": 1.0
    },
    {
        "model": 2,
        "sequence": 3,
        "status": 1,
        "fuel": 6397,
        "fault": 0.3224,
        "weapon": 1,
        "pilot_injury": 0.0879,
        "pilot_skill": 0.1388,
        "mission_priority": 0.0027,
        "estimated_landing_time": 288.0,
        "wait_time": 0,
        "Landing_success_rate": 1.0
    },
    {
        "model": 2,
        "sequence": 8,
        "status": 1,
        "fuel": 6276,
        "fault": 0.5956,
        "weapon": 1,
        "pilot_injury": 0.6061,
        "pilot_skill": 0.7943,
        "mission_priority": 0.1067,
        "estimated_landing_time": 758.0,
        "wait_time": 0,
        "Landing_success_rate": 1.0
    },
    {
        "model": 2,
        "sequence": 1,
        "status": 1,
        "fuel": 7104,
        "fault": 0.8306,
        "weapon": 1,
        "pilot_injury": 0.4085,
        "pilot_skill": 0.9329,
        "mission_priority": 0.9909,
        "estimated_landing_time": 100.0,
        "wait_time": 0,
        "Landing_success_rate": 1.0
    },
    {
        "model": 2,
        "sequence": 9,
        "status": 1,
        "fuel": 7453,
        "fault": 0.1812,
        "weapon": 0,
        "pilot_injury": 0.9264,
        "pilot_skill": 0.7216,
        "mission_priority": 0.0481,
        "estimated_landing_time": 852.0,
        "wait_time": 0,
        "Landing_success_rate": 1.0
    },
    {
        "model": 0,
        "sequence": 6,
        "status": 1,
        "fuel": 6872,
        "fault": 0.1398,
        "weapon": 0,
        "pilot_injury": 0.7505,
        "pilot_skill": 0.7995,
        "mission_priority": 0.8251,
        "estimated_landing_time": 570.0,
        "wait_time": 0,
        "Landing_success_rate": 1.0
    },
    {
        "model": 2,
        "sequence": 12,
        "status": 1,
        "fuel": 6688,
        "fault": 0.8146,
        "weapon": 0,
        "pilot_injury": 0.6338,
        "pilot_skill": 0.9079,
        "mission_priority": 0.3162,
        "estimated_landing_time": 1134.0,
        "wait_time": 0,
        "Landing_success_rate": 1.0
    },
    {
        "model": 1,
        "sequence": 11,
        "status": 1,
        "fuel": 6565,
        "fault": 0.3924,
        "weapon": 1,
        "pilot_injury": 0.4519,
        "pilot_skill": 0.7138,
        "mission_priority": 0.8997,
        "estimated_landing_time": 1040.0,
        "wait_time": 0,
        "Landing_success_rate": 1.0
    },
    {
        "model": 1,
        "sequence": 4,
        "status": 1,
        "fuel": 7160,
        "fault": 0.3014,
        "weapon": 0,
        "pilot_injury": 0.4387,
        "pilot_skill": 0.5775,
        "mission_priority": 0.3554,
        "estimated_landing_time": 382.0,
        "wait_time": 0,
        "Landing_success_rate": 1.0
    }
]