[
    {
        "model": 2,
        "sequence": 12,
        "status": 1,
        "fuel": 6593,
        "fault": 0.3018,
        "weapon": 1,
        "pilot_injury": 0.7678,
        "pilot_skill": 0.114,
        "mission_priority": 0.6439,
        "estimated_landing_time": 1134.0,
        "wait_time": 0,
        "Landing_success_rate": 1.0
    },
    {
        "model": 2,
        "sequence": 2,
        "status": 1,
        "fuel": 7384,
        "fault": 0.4995,
        "weapon": 0,
        "pilot_injury": 0.6464,
        "pilot_skill": 0.4584,
        "mission_priority": 0.5287,
        "estimated_landing_time": 194.0,
        "wait_time": 0,
        "Landing_success_rate": 1.0
    },
    {
        "model": 0,
        "sequence": 4,
        "status": 1,
        "fuel": 6498,
        "fault": 0.8237,
        "weapon": 1,
        "pilot_injury": 0.0814,
        "pilot_skill": 0.435,
        "mission_priority": 0.2927,
        "estimated_landing_time": 382.0,
        "wait_time": 0,
        "Landing_success_rate": 1.0
    },
    {
        "model": 2,
        "sequence": 10,
        "status": 1,
        "fuel": 6149,
        "fault": 0.2651,
        "weapon": 0,
        "pilot_injury": 0.6916,
        "pilot_skill": 0.795,
        "mission_priority": 0.1634,
        "estimated_landing_time": 946.0,
        "wait_time": 0,
        "Landing_success_rate": 1.0
    },
    {
        "model": 0,
        "sequence": 8,
        "status": 1,
        "fuel": 6321,
        "fault": 0.585,
        "weapon": 1,
        "pilot_injury": 0.8771,
        "pilot_skill": 0.5282,
        "mission_priority": 0.4673,
        "estimated_landing_time": 758.0,
        "wait_time": 0,
        "Landing_success_rate": 1.0
    },
    {
        "model": 1,
        "sequence": 6,
        "status": 1,
        "fuel": 7350,
        "fault": 0.9107,
        "weapon": 1,
        "pilot_injury": 0.868,
        "pilot_skill": 0.8282,
        "mission_priority": 0.6261,
        "estimated_landing_time": 570.0,
        "wait_time": 0,
        "Landing_success_rate": 1.0
    },
    {
        "model": 1,
        "sequence": 3,
        "status": 1,
        "fuel": 7382,
        "fault": 0.3157,
        "weapon": 0,
        "pilot_injury": 0.0493,
        "pilot_skill": 0.2575,
        "mission_priority": 0.1357,
        "estimated_landing_time": 288.0,
        "wait_time": 0,
        "Landing_success_rate": 1.0
    },
    {
        "model": 0,
        "sequence": 5,
        "status": 1,
        "fuel": 6064,
        "fault": 0.1335,
        "weapon": 0,
        "pilot_injury": 0.943,
        "pilot_skill": 0.6104,
        "mission_priority": 0.835,
        "estimated_landing_time": 476.0,
        "wait_time": 0,
        "Landing_success_rate": 1.0
    },
    {
        "model": 2,
        "sequence": 1,
        "status": 1,
        "fuel": 5653,
        "fault": 0.507,
        "weapon": 0,
        "pilot_injury": 0.7359,
        "pilot_skill": 0.2751,
        "mission_priority": 0.6391,
        "estimated_landing_time": 100.0,
        "wait_time": 0,
        "Landing_success_rate": 1.0
    },
    {
        "model": 0,
        "sequence": 11,
        "status": 1,
        "fuel": 5678,
        "fault": 0.4368,
        "weapon": 1,
        "pilot_injury": 0.2636,
        "pilot_skill": 0.2791,
        "mission_priority": 0.9307,
        "estimated_landing_time": 1040.0,
        "wait_time": 0,
        "Landing_success_rate": 1.0
    },
    {
        "model": 1,
        "sequence": 7,
        "status": 1,
        "fuel": 5596,
        "fault": 0.9982,
        "weapon": 0,
        "pilot_injury": 0.7253,
        "pilot_skill": 0.8364,
        "mission_priority": 0.9744,
        "estimated_landing_time": 664.0,
        "wait_time": 0,
        "Landing_success_rate": 1.0
    },
    {
        "model": 1,
        "sequence": 9,
        "status": 1,
        "fuel": 6569,
        "fault": 0.0216,
        "weapon": 1,
        "pilot_injury": 0.8218,
        "pilot_skill": 0.6463,
        "mission_priority": 0.6473,
        "estimated_landing_time": 852.0,
        "wait_time": 0,
        "Landing_success_rate": 1.0
    }
]