[
    {
        "model": 0,
        "sequence": 7,
        "status": 1,
        "fuel": 6222,
        "fault": 0.6113,
        "weapon": 0,
        "pilot_injury": 0.8518,
        "pilot_skill": 0.8172,
        "mission_priority": 0.0137,
        "estimated_landing_time": 664.0,
        "wait_time": 0,
        "Landing_success_rate": 1.0
    },
    {
        "model": 2,
        "sequence": 1,
        "status": 1,
        "fuel": 6140,
        "fault": 0.347,
        "weapon": 1,
        "pilot_injury": 0.2396,
        "pilot_skill": 0.0324,
        "mission_priority": 0.3358,
        "estimated_landing_time": 100.0,
        "wait_time": 0,
        "Landing_success_rate": 1.0
    },
    {
        "model": 1,
        "sequence": 10,
        "status": 1,
        "fuel": 5918,
        "fault": 0.5765,
        "weapon": 0,
        "pilot_injury": 0.338,
        "pilot_skill": 0.7055,
        "mission_priority": 0.1875,
        "estimated_landing_time": 946.0,
        "wait_time": 0,
        "Landing_success_rate": 1.0
    },
    {
        "model": 0,
        "sequence": 2,
        "status": 1,
        "fuel": 5608,
        "fault": 0.5045,
        "weapon": 0,
        "pilot_injury": 0.1435,
        "pilot_skill": 0.1854,
        "mission_priority": 0.1821,
        "estimated_landing_time": 194.0,
        "wait_time": 0,
        "Landing_success_rate": 1.0
    },
    {
        "model": 1,
        "sequence": 12,
        "status": 1,
        "fuel": 6353,
        "fault": 0.4455,
        "weapon": 1,
        "pilot_injury": 0.0796,
        "pilot_skill": 0.707,
        "mission_priority": 0.6543,
        "estimated_landing_time": 1134.0,
        "wait_time": 0,
        "Landing_success_rate": 1.0
    },
    {
        "model": 2,
        "sequence": 6,
        "status": 1,
        "fuel": 7468,
        "fault": 0.5692,
        "weapon": 1,
        "pilot_injury": 0.4501,
        "pilot_skill": 0.9258,
        "mission_priority": 0.66,
        "estimated_landing_time": 570.0,
        "wait_time": 0,
        "Landing_success_rate": 1.0
    },
    {
        "model": 2,
        "sequence": 3,
        "status": 1,
        "fuel": 6431,
        "fault": 0.0924,
        "weapon": 1,
        "pilot_injury": 0.2625,
        "pilot_skill": 0.5812,
        "mission_priority": 0.7182,
        "estimated_landing_time": 288.0,
        "wait_time": 0,
        "Landing_success_rate": 1.0
    },
    {
        "model": 0,
        "sequence": 11,
        "status": 1,
        "fuel": 6723,
        "fault": 0.9667,
        "weapon": 0,
        "pilot_injury": 0.5504,
        "pilot_skill": 0.514,
        "mission_priority": 0.6901,
        "estimated_landing_time": 1040.0,
        "wait_time": 0,
        "Landing_success_rate": 1.0
    },
    {
        "model": 2,
        "sequence": 9,
        "status": 1,
        "fuel": 5666,
        "fault": 0.9666,
        "weapon": 0,
        "pilot_injury": 0.889,
        "pilot_skill": 0.1606,
        "mission_priority": 0.173,
        "estimated_landing_time": 852.0,
        "wait_time": 0,
        "Landing_success_rate": 1.0
    },
    {
        "model": 0,
        "sequence": 8,
        "status": 1,
        "fuel": 6682,
        "fault": 0.2735,
        "weapon": 1,
        "pilot_injury": 0.2303,
        "pilot_skill": 0.1064,
        "mission_priority": 0.8218,
        "estimated_landing_time": 758.0,
        "wait_time": 0,
        "Landing_success_rate": 1.0
    },
    {
        "model": 1,
        "sequence": 4,
        "status": 1,
        "fuel": 5716,
        "fault": 0.3535,
        "weapon": 0,
        "pilot_injury": 0.0479,
        "pilot_skill": 0.9485,
        "mission_priority": 0.7112,
        "estimated_landing_time": 382.0,
        "wait_time": 0,
        "Landing_success_rate": 1.0
    },
    {
        "model": 0,
        "sequence": 5,
        "status": 1,
        "fuel": 6309,
        "fault": 0.3095,
        "weapon": 1,
        "pilot_injury": 0.5141,
        "pilot_skill": 0.7794,
        "mission_priority": 0.5225,
        "estimated_landing_time": 476.0,
        "wait_time": 0,
        "Landing_success_rate": 1.0
    }
]