[
    {
        "model": 2,
        "sequence": 12,
        "status": 1,
        "fuel": 6422,
        "fault": 0.7886,
        "weapon": 1,
        "pilot_injury": 0.7524,
        "pilot_skill": 0.707,
        "mission_priority": 0.7786,
        "estimated_landing_time": 1134.0,
        "wait_time": 0,
        "Landing_success_rate": 1.0
    },
    {
        "model": 2,
        "sequence": 6,
        "status": 1,
        "fuel": 5788,
        "fault": 0.0335,
        "weapon": 1,
        "pilot_injury": 0.7141,
        "pilot_skill": 0.494,
        "mission_priority": 0.7546,
        "estimated_landing_time": 570.0,
        "wait_time": 0,
        "Landing_success_rate": 1.0
    },
    {
        "model": 1,
        "sequence": 2,
        "status": 1,
        "fuel": 6641,
        "fault": 0.8213,
        "weapon": 0,
        "pilot_injury": 0.3788,
        "pilot_skill": 0.457,
        "mission_priority": 0.604,
        "estimated_landing_time": 194.0,
        "wait_time": 0,
        "Landing_success_rate": 1.0
    },
    {
        "model": 1,
        "sequence": 9,
        "status": 1,
        "fuel": 5514,
        "fault": 0.7973,
        "weapon": 0,
        "pilot_injury": 0.4864,
        "pilot_skill": 0.409,
        "mission_priority": 0.7719,
        "estimated_landing_time": 852.0,
        "wait_time": 0,
        "Landing_success_rate": 1.0
    },
    {
        "model": 0,
        "sequence": 1,
        "status": 1,
        "fuel": 6934,
        "fault": 0.6411,
        "weapon": 0,
        "pilot_injury": 0.5655,
        "pilot_skill": 0.7162,
        "mission_priority": 0.599,
        "estimated_landing_time": 100.0,
        "wait_time": 0,
        "Landing_success_rate": 1.0
    },
    {
        "model": 2,
        "sequence": 5,
        "status": 1,
        "fuel": 7183,
        "fault": 0.1816,
        "weapon": 1,
        "pilot_injury": 0.3425,
        "pilot_skill": 0.2274,
        "mission_priority": 0.4236,
        "estimated_landing_time": 476.0,
        "wait_time": 0,
        "Landing_success_rate": 1.0
    },
    {
        "model": 2,
        "sequence": 11,
        "status": 1,
        "fuel": 5845,
        "fault": 0.9473,
        "weapon": 1,
        "pilot_injury": 0.9119,
        "pilot_skill": 0.1391,
        "mission_priority": 0.1008,
        "estimated_landing_time": 1040.0,
        "wait_time": 0,
        "Landing_success_rate": 1.0
    },
    {
        "model": 2,
        "sequence": 7,
        "status": 1,
        "fuel": 6492,
        "fault": 0.0181,
        "weapon": 1,
        "pilot_injury": 0.593,
        "pilot_skill": 0.1022,
        "mission_priority": 0.9188,
        "estimated_landing_time": 664.0,
        "wait_time": 0,
        "Landing_success_rate": 1.0
    },
    {
        "model": 1,
        "sequence": 4,
        "status": 1,
        "fuel": 6656,
        "fault": 0.9225,
        "weapon": 1,
        "pilot_injury": 0.6514,
        "pilot_skill": 0.7712,
        "mission_priority": 0.3744,
        "estimated_landing_time": 382.0,
        "wait_time": 0,
        "Landing_success_rate": 1.0
    },
    {
        "model": 1,
        "sequence": 10,
        "status": 1,
        "fuel": 7428,
        "fault": 0.4241,
        "weapon": 0,
        "pilot_injury": 0.1042,
        "pilot_skill": 0.8404,
        "mission_priority": 0.9107,
        "estimated_landing_time": 946.0,
        "wait_time": 0,
        "Landing_success_rate": 1.0
    },
    {
        "model": 2,
        "sequence": 8,
        "status": 1,
        "fuel": 7292,
        "fault": 0.1132,
        "weapon": 0,
        "pilot_injury": 0.1655,
        "pilot_skill": 0.1863,
        "mission_priority": 0.8375,
        "estimated_landing_time": 758.0,
        "wait_time": 0,
        "Landing_success_rate": 1.0
    },
    {
        "model": 2,
        "sequence": 3,
        "status": 1,
        "fuel": 6524,
        "fault": 0.8699,
        "weapon": 0,
        "pilot_injury": 0.2274,
        "pilot_skill": 0.6079,
        "mission_priority": 0.3793,
        "estimated_landing_time": 288.0,
        "wait_time": 0,
        "Landing_success_rate": 1.0
    }
]