[
    {
        "model": 1,
        "sequence": 12,
        "status": 1,
        "fuel": 7075,
        "fault": 0.836,
        "weapon": 0,
        "pilot_injury": 0.1316,
        "pilot_skill": 0.7158,
        "mission_priority": 0.909,
        "estimated_landing_time": 1134.0,
        "wait_time": 0,
        "Landing_success_rate": 1.0
    },
    {
        "model": 1,
        "sequence": 8,
        "status": 1,
        "fuel": 7122,
        "fault": 0.6325,
        "weapon": 1,
        "pilot_injury": 0.9714,
        "pilot_skill": 0.181,
        "mission_priority": 0.8544,
        "estimated_landing_time": 758.0,
        "wait_time": 0,
        "Landing_success_rate": 1.0
    },
    {
        "model": 0,
        "sequence": 1,
        "status": 1,
        "fuel": 6504,
        "fault": 0.4372,
        "weapon": 1,
        "pilot_injury": 0.8707,
        "pilot_skill": 0.4453,
        "mission_priority": 0.5148,
        "estimated_landing_time": 100.0,
        "wait_time": 0,
        "Landing_success_rate": 1.0
    },
    {
        "model": 2,
        "sequence": 9,
        "status": 1,
        "fuel": 6607,
        "fault": 0.593,
        "weapon": 1,
        "pilot_injury": 0.6521,
        "pilot_skill": 0.3121,
        "mission_priority": 0.399,
        "estimated_landing_time": 852.0,
        "wait_time": 0,
        "Landing_success_rate": 1.0
    },
    {
        "model": 0,
        "sequence": 4,
        "status": 1,
        "fuel": 6686,
        "fault": 0.6567,
        "weapon": 0,
        "pilot_injury": 0.5884,
        "pilot_skill": 0.5987,
        "mission_priority": 0.3967,
        "estimated_landing_time": 382.0,
        "wait_time": 0,
        "Landing_success_rate": 1.0
    },
    {
        "model": 1,
        "sequence": 5,
        "status": 1,
        "fuel": 6418,
        "fault": 0.4538,
        "weapon": 0,
        "pilot_injury": 0.8837,
        "pilot_skill": 0.442,
        "mission_priority": 0.3309,
        "estimated_landing_time": 476.0,
        "wait_time": 0,
        "Landing_success_rate": 1.0
    },
    {
        "model": 0,
        "sequence": 6,
        "status": 1,
        "fuel": 7128,
        "fault": 0.337,
        "weapon": 1,
        "pilot_injury": 0.1458,
        "pilot_skill": 0.4494,
        "mission_priority": 0.5879,
        "estimated_landing_time": 570.0,
        "wait_time": 0,
        "Landing_success_rate": 1.0
    },
    {
        "model": 1,
        "sequence": 2,
        "status": 1,
        "fuel": 6471,
        "fault": 0.7068,
        "weapon": 1,
        "pilot_injury": 0.3593,
        "pilot_skill": 0.3794,
        "mission_priority": 0.6055,
        "estimated_landing_time": 194.0,
        "wait_time": 0,
        "Landing_success_rate": 1.0
    },
    {
        "model": 1,
        "sequence": 11,
        "status": 1,
        "fuel": 6186,
        "fault": 0.6638,
        "weapon": 0,
        "pilot_injury": 0.7818,
        "pilot_skill": 0.7054,
        "mission_priority": 0.4464,
        "estimated_landing_time": 1040.0,
        "wait_time": 0,
        "Landing_success_rate": 1.0
    },
    {
        "model": 2,
        "sequence": 3,
        "status": 1,
        "fuel": 6890,
        "fault": 0.8683,
        "weapon": 1,
        "pilot_injury": 0.5399,
        "pilot_skill": 0.0342,
        "mission_priority": 0.9867,
        "estimated_landing_time": 288.0,
        "wait_time": 0,
        "Landing_success_rate": 1.0
    },
    {
        "model": 1,
        "sequence": 10,
        "status": 1,
        "fuel": 6468,
        "fault": 0.5312,
        "weapon": 1,
        "pilot_injury": 0.0517,
        "pilot_skill": 0.64,
        "mission_priority": 0.2247,
        "estimated_landing_time": 946.0,
        "wait_time": 0,
        "Landing_success_rate": 1.0
    },
    {
        "model": 1,
        "sequence": 7,
        "status": 1,
        "fuel": 5984,
        "fault": 0.9339,
        "weapon": 0,
        "pilot_injury": 0.1033,
        "pilot_skill": 0.5847,
        "mission_priority": 0.6882,
        "estimated_landing_time": 664.0,
        "wait_time": 0,
        "Landing_success_rate": 1.0
    }
]