[
    {
        "model": 2,
        "sequence": 3,
        "status": 1,
        "fuel": 6306,
        "fault": 0.6775,
        "weapon": 1,
        "pilot_injury": 0.1403,
        "pilot_skill": 0.6712,
        "mission_priority": 0.6205,
        "estimated_landing_time": 288.0,
        "wait_time": 0,
        "Landing_success_rate": 1.0
    },
    {
        "model": 2,
        "sequence": 6,
        "status": 1,
        "fuel": 7064,
        "fault": 0.3866,
        "weapon": 1,
        "pilot_injury": 0.195,
        "pilot_skill": 0.8904,
        "mission_priority": 0.75,
        "estimated_landing_time": 570.0,
        "wait_time": 0,
        "Landing_success_rate": 1.0
    },
    {
        "model": 2,
        "sequence": 11,
        "status": 1,
        "fuel": 5900,
        "fault": 0.2582,
        "weapon": 0,
        "pilot_injury": 0.5972,
        "pilot_skill": 0.6541,
        "mission_priority": 0.8891,
        "estimated_landing_time": 1040.0,
        "wait_time": 0,
        "Landing_success_rate": 1.0
    },
    {
        "model": 1,
        "sequence": 10,
        "status": 1,
        "fuel": 7008,
        "fault": 0.5416,
        "weapon": 1,
        "pilot_injury": 0.1565,
        "pilot_skill": 0.4739,
        "mission_priority": 0.7164,
        "estimated_landing_time": 946.0,
        "wait_time": 0,
        "Landing_success_rate": 1.0
    },
    {
        "model": 2,
        "sequence": 5,
        "status": 1,
        "fuel": 5553,
        "fault": 0.3862,
        "weapon": 1,
        "pilot_injury": 0.3138,
        "pilot_skill": 0.2415,
        "mission_priority": 0.2149,
        "estimated_landing_time": 476.0,
        "wait_time": 0,
        "Landing_success_rate": 1.0
    },
    {
        "model": 1,
        "sequence": 7,
        "status": 1,
        "fuel": 7129,
        "fault": 0.8686,
        "weapon": 1,
        "pilot_injury": 0.5071,
        "pilot_skill": 0.1879,
        "mission_priority": 0.077,
        "estimated_landing_time": 664.0,
        "wait_time": 0,
        "Landing_success_rate": 1.0
    },
    {
        "model": 1,
        "sequence": 2,
        "status": 1,
        "fuel": 6013,
        "fault": 0.1337,
        "weapon": 0,
        "pilot_injury": 0.8218,
        "pilot_skill": 0.6595,
        "mission_priority": 0.7962,
        "estimated_landing_time": 194.0,
        "wait_time": 0,
        "Landing_success_rate": 1.0
    },
    {
        "model": 0,
        "sequence": 1,
        "status": 1,
        "fuel": 5883,
        "fault": 0.5493,
        "weapon": 0,
        "pilot_injury": 0.2641,
        "pilot_skill": 0.9391,
        "mission_priority": 0.6364,
        "estimated_landing_time": 100.0,
        "wait_time": 0,
        "Landing_success_rate": 1.0
    },
    {
        "model": 0,
        "sequence": 12,
        "status": 1,
        "fuel": 6652,
        "fault": 0.5287,
        "weapon": 1,
        "pilot_injury": 0.1909,
        "pilot_skill": 0.6946,
        "mission_priority": 0.2187,
        "estimated_landing_time": 1134.0,
        "wait_time": 0,
        "Landing_success_rate": 1.0
    },
    {
        "model": 2,
        "sequence": 4,
        "status": 1,
        "fuel": 6367,
        "fault": 0.8238,
        "weapon": 1,
        "pilot_injury": 0.662,
        "pilot_skill": 0.8149,
        "mission_priority": 0.778,
        "estimated_landing_time": 382.0,
        "wait_time": 0,
        "Landing_success_rate": 1.0
    },
    {
        "model": 1,
        "sequence": 9,
        "status": 1,
        "fuel": 7314,
        "fault": 0.9833,
        "weapon": 1,
        "pilot_injury": 0.0884,
        "pilot_skill": 0.6989,
        "mission_priority": 0.3683,
        "estimated_landing_time": 852.0,
        "wait_time": 0,
        "Landing_success_rate": 1.0
    },
    {
        "model": 0,
        "sequence": 8,
        "status": 1,
        "fuel": 7063,
        "fault": 0.2172,
        "weapon": 0,
        "pilot_injury": 0.2596,
        "pilot_skill": 0.0337,
        "mission_priority": 0.8792,
        "estimated_landing_time": 758.0,
        "wait_time": 0,
        "Landing_success_rate": 1.0
    }
]