[
    {
        "model": 0,
        "sequence": 12,
        "status": 1,
        "fuel": 7458,
        "fault": 0.4127,
        "weapon": 0,
        "pilot_injury": 0.6787,
        "pilot_skill": 0.3619,
        "mission_priority": 0.5937,
        "estimated_landing_time": 1134.0,
        "wait_time": 0,
        "Landing_success_rate": 1.0
    },
    {
        "model": 2,
        "sequence": 7,
        "status": 1,
        "fuel": 6789,
        "fault": 0.5022,
        "weapon": 0,
        "pilot_injury": 0.9133,
        "pilot_skill": 0.6126,
        "mission_priority": 0.8737,
        "estimated_landing_time": 664.0,
        "wait_time": 0,
        "Landing_success_rate": 1.0
    },
    {
        "model": 2,
        "sequence": 6,
        "status": 1,
        "fuel": 6607,
        "fault": 0.6379,
        "weapon": 0,
        "pilot_injury": 0.9025,
        "pilot_skill": 0.0664,
        "mission_priority": 0.534,
        "estimated_landing_time": 570.0,
        "wait_time": 0,
        "Landing_success_rate": 1.0
    },
    {
        "model": 0,
        "sequence": 11,
        "status": 1,
        "fuel": 5795,
        "fault": 0.82,
        "weapon": 0,
        "pilot_injury": 0.422,
        "pilot_skill": 0.295,
        "mission_priority": 0.486,
        "estimated_landing_time": 1040.0,
        "wait_time": 0,
        "Landing_success_rate": 1.0
    },
    {
        "model": 2,
        "sequence": 2,
        "status": 1,
        "fuel": 7336,
        "fault": 0.3994,
        "weapon": 0,
        "pilot_injury": 0.123,
        "pilot_skill": 0.5586,
        "mission_priority": 0.3432,
        "estimated_landing_time": 194.0,
        "wait_time": 0,
        "Landing_success_rate": 1.0
    },
    {
        "model": 1,
        "sequence": 9,
        "status": 1,
        "fuel": 6802,
        "fault": 0.8167,
        "weapon": 1,
        "pilot_injury": 0.8456,
        "pilot_skill": 0.6925,
        "mission_priority": 0.4299,
        "estimated_landing_time": 852.0,
        "wait_time": 0,
        "Landing_success_rate": 1.0
    },
    {
        "model": 1,
        "sequence": 10,
        "status": 1,
        "fuel": 6110,
        "fault": 0.0776,
        "weapon": 0,
        "pilot_injury": 0.3063,
        "pilot_skill": 0.789,
        "mission_priority": 0.4464,
        "estimated_landing_time": 946.0,
        "wait_time": 0,
        "Landing_success_rate": 1.0
    },
    {
        "model": 1,
        "sequence": 1,
        "status": 1,
        "fuel": 7389,
        "fault": 0.3842,
        "weapon": 0,
        "pilot_injury": 0.8576,
        "pilot_skill": 0.9166,
        "mission_priority": 0.431,
        "estimated_landing_time": 100.0,
        "wait_time": 0,
        "Landing_success_rate": 1.0
    },
    {
        "model": 1,
        "sequence": 4,
        "status": 1,
        "fuel": 5859,
        "fault": 0.8897,
        "weapon": 1,
        "pilot_injury": 0.3712,
        "pilot_skill": 0.6011,
        "mission_priority": 0.7056,
        "estimated_landing_time": 382.0,
        "wait_time": 0,
        "Landing_success_rate": 1.0
    },
    {
        "model": 0,
        "sequence": 8,
        "status": 1,
        "fuel": 7452,
        "fault": 0.5258,
        "weapon": 1,
        "pilot_injury": 0.1669,
        "pilot_skill": 0.4305,
        "mission_priority": 0.1426,
        "estimated_landing_time": 758.0,
        "wait_time": 0,
        "Landing_success_rate": 1.0
    },
    {
        "model": 2,
        "sequence": 3,
        "status": 1,
        "fuel": 7091,
        "fault": 0.7619,
        "weapon": 0,
        "pilot_injury": 0.1545,
        "pilot_skill": 0.0254,
        "mission_priority": 0.6458,
        "estimated_landing_time": 288.0,
        "wait_time": 0,
        "Landing_success_rate": 1.0
    },
    {
        "model": 1,
        "sequence": 5,
        "status": 1,
        "fuel": 6942,
        "fault": 0.3406,
        "weapon": 0,
        "pilot_injury": 0.7917,
        "pilot_skill": 0.596,
        "mission_priority": 0.1013,
        "estimated_landing_time": 476.0,
        "wait_time": 0,
        "Landing_success_rate": 1.0
    }
]