[
    {
        "model": 1,
        "sequence": 6,
        "status": 1,
        "fuel": 5723,
        "fault": 0.2694,
        "weapon": 1,
        "pilot_injury": 0.4653,
        "pilot_skill": 0.0582,
        "mission_priority": 0.2623,
        "estimated_landing_time": 570.0,
        "wait_time": 0,
        "Landing_success_rate": 1.0
    },
    {
        "model": 0,
        "sequence": 5,
        "status": 1,
        "fuel": 5681,
        "fault": 0.1029,
        "weapon": 0,
        "pilot_injury": 0.9476,
        "pilot_skill": 0.7668,
        "mission_priority": 0.2683,
        "estimated_landing_time": 476.0,
        "wait_time": 0,
        "Landing_success_rate": 1.0
    },
    {
        "model": 1,
        "sequence": 8,
        "status": 1,
        "fuel": 7381,
        "fault": 0.1809,
        "weapon": 0,
        "pilot_injury": 0.9413,
        "pilot_skill": 0.8816,
        "mission_priority": 0.5152,
        "estimated_landing_time": 758.0,
        "wait_time": 0,
        "Landing_success_rate": 1.0
    },
    {
        "model": 0,
        "sequence": 3,
        "status": 1,
        "fuel": 6103,
        "fault": 0.6179,
        "weapon": 1,
        "pilot_injury": 0.5527,
        "pilot_skill": 0.1147,
        "mission_priority": 0.1261,
        "estimated_landing_time": 288.0,
        "wait_time": 0,
        "Landing_success_rate": 1.0
    },
    {
        "model": 2,
        "sequence": 10,
        "status": 1,
        "fuel": 6475,
        "fault": 0.7079,
        "weapon": 1,
        "pilot_injury": 0.021,
        "pilot_skill": 0.7228,
        "mission_priority": 0.0325,
        "estimated_landing_time": 946.0,
        "wait_time": 0,
        "Landing_success_rate": 1.0
    },
    {
        "model": 1,
        "sequence": 4,
        "status": 1,
        "fuel": 5538,
        "fault": 0.144,
        "weapon": 1,
        "pilot_injury": 0.9688,
        "pilot_skill": 0.4842,
        "mission_priority": 0.0636,
        "estimated_landing_time": 382.0,
        "wait_time": 0,
        "Landing_success_rate": 1.0
    },
    {
        "model": 1,
        "sequence": 2,
        "status": 1,
        "fuel": 6577,
        "fault": 0.6039,
        "weapon": 1,
        "pilot_injury": 0.9968,
        "pilot_skill": 0.4303,
        "mission_priority": 0.3203,
        "estimated_landing_time": 194.0,
        "wait_time": 0,
        "Landing_success_rate": 1.0
    },
    {
        "model": 0,
        "sequence": 11,
        "status": 1,
        "fuel": 7081,
        "fault": 0.6006,
        "weapon": 1,
        "pilot_injury": 0.6154,
        "pilot_skill": 0.4057,
        "mission_priority": 0.0411,
        "estimated_landing_time": 1040.0,
        "wait_time": 0,
        "Landing_success_rate": 1.0
    },
    {
        "model": 0,
        "sequence": 9,
        "status": 1,
        "fuel": 6941,
        "fault": 0.9819,
        "weapon": 1,
        "pilot_injury": 0.6861,
        "pilot_skill": 0.9488,
        "mission_priority": 0.268,
        "estimated_landing_time": 852.0,
        "wait_time": 0,
        "Landing_success_rate": 1.0
    },
    {
        "model": 0,
        "sequence": 1,
        "status": 1,
        "fuel": 6351,
        "fault": 0.7023,
        "weapon": 0,
        "pilot_injury": 0.5381,
        "pilot_skill": 0.0706,
        "mission_priority": 0.934,
        "estimated_landing_time": 100.0,
        "wait_time": 0,
        "Landing_success_rate": 1.0
    },
    {
        "model": 1,
        "sequence": 7,
        "status": 1,
        "fuel": 5727,
        "fault": 0.7263,
        "weapon": 1,
        "pilot_injury": 0.8239,
        "pilot_skill": 0.6475,
        "mission_priority": 0.9689,
        "estimated_landing_time": 664.0,
        "wait_time": 0,
        "Landing_success_rate": 1.0
    },
    {
        "model": 2,
        "sequence": 12,
        "status": 1,
        "fuel": 6201,
        "fault": 0.65,
        "weapon": 1,
        "pilot_injury": 0.5171,
        "pilot_skill": 0.1171,
        "mission_priority": 0.5282,
        "estimated_landing_time": 1134.0,
        "wait_time": 0,
        "Landing_success_rate": 1.0
    }
]