[
    {
        "model": 0,
        "sequence": 4,
        "status": 1,
        "fuel": 6453,
        "fault": 0.5425,
        "weapon": 0,
        "pilot_injury": 0.7078,
        "pilot_skill": 0.5435,
        "mission_priority": 0.0817,
        "estimated_landing_time": 382.0,
        "wait_time": 0,
        "Landing_success_rate": 1.0
    },
    {
        "model": 2,
        "sequence": 3,
        "status": 1,
        "fuel": 5697,
        "fault": 0.8469,
        "weapon": 1,
        "pilot_injury": 0.1658,
        "pilot_skill": 0.9457,
        "mission_priority": 0.85,
        "estimated_landing_time": 288.0,
        "wait_time": 0,
        "Landing_success_rate": 1.0
    },
    {
        "model": 2,
        "sequence": 2,
        "status": 1,
        "fuel": 6589,
        "fault": 0.0976,
        "weapon": 1,
        "pilot_injury": 0.4118,
        "pilot_skill": 0.651,
        "mission_priority": 0.5454,
        "estimated_landing_time": 194.0,
        "wait_time": 0,
        "Landing_success_rate": 1.0
    },
    {
        "model": 0,
        "sequence": 11,
        "status": 1,
        "fuel": 5843,
        "fault": 0.787,
        "weapon": 1,
        "pilot_injury": 0.8064,
        "pilot_skill": 0.4592,
        "mission_priority": 0.052,
        "estimated_landing_time": 1040.0,
        "wait_time": 0,
        "Landing_success_rate": 1.0
    },
    {
        "model": 0,
        "sequence": 5,
        "status": 1,
        "fuel": 7354,
        "fault": 0.4973,
        "weapon": 1,
        "pilot_injury": 0.2586,
        "pilot_skill": 0.1647,
        "mission_priority": 0.3302,
        "estimated_landing_time": 476.0,
        "wait_time": 0,
        "Landing_success_rate": 1.0
    },
    {
        "model": 0,
        "sequence": 8,
        "status": 1,
        "fuel": 7401,
        "fault": 0.7541,
        "weapon": 0,
        "pilot_injury": 0.2049,
        "pilot_skill": 0.8778,
        "mission_priority": 0.8796,
        "estimated_landing_time": 758.0,
        "wait_time": 0,
        "Landing_success_rate": 1.0
    },
    {
        "model": 0,
        "sequence": 1,
        "status": 1,
        "fuel": 6103,
        "fault": 0.2555,
        "weapon": 0,
        "pilot_injury": 0.4512,
        "pilot_skill": 0.985,
        "mission_priority": 0.772,
        "estimated_landing_time": 100.0,
        "wait_time": 0,
        "Landing_success_rate": 1.0
    },
    {
        "model": 0,
        "sequence": 12,
        "status": 1,
        "fuel": 5946,
        "fault": 0.5525,
        "weapon": 1,
        "pilot_injury": 0.4639,
        "pilot_skill": 0.9092,
        "mission_priority": 0.5387,
        "estimated_landing_time": 1134.0,
        "wait_time": 0,
        "Landing_success_rate": 1.0
    },
    {
        "model": 0,
        "sequence": 6,
        "status": 1,
        "fuel": 6511,
        "fault": 0.7983,
        "weapon": 0,
        "pilot_injury": 0.6568,
        "pilot_skill": 0.8221,
        "mission_priority": 0.3804,
        "estimated_landing_time": 570.0,
        "wait_time": 0,
        "Landing_success_rate": 1.0
    },
    {
        "model": 1,
        "sequence": 7,
        "status": 1,
        "fuel": 7438,
        "fault": 0.4411,
        "weapon": 0,
        "pilot_injury": 0.2038,
        "pilot_skill": 0.5233,
        "mission_priority": 0.2871,
        "estimated_landing_time": 664.0,
        "wait_time": 0,
        "Landing_success_rate": 1.0
    },
    {
        "model": 0,
        "sequence": 9,
        "status": 1,
        "fuel": 5975,
        "fault": 0.7575,
        "weapon": 0,
        "pilot_injury": 0.6346,
        "pilot_skill": 0.7979,
        "mission_priority": 0.396,
        "estimated_landing_time": 852.0,
        "wait_time": 0,
        "Landing_success_rate": 1.0
    },
    {
        "model": 2,
        "sequence": 10,
        "status": 1,
        "fuel": 7467,
        "fault": 0.897,
        "weapon": 1,
        "pilot_injury": 0.158,
        "pilot_skill": 0.6959,
        "mission_priority": 0.7933,
        "estimated_landing_time": 946.0,
        "wait_time": 0,
        "Landing_success_rate": 1.0
    }
]