[
    {
        "model": 1,
        "sequence": 8,
        "status": 1,
        "fuel": 6009,
        "fault": 0.2486,
        "weapon": 1,
        "pilot_injury": 0.4813,
        "pilot_skill": 0.0192,
        "mission_priority": 0.2598,
        "estimated_landing_time": 758.0,
        "wait_time": 0,
        "Landing_success_rate": 1.0
    },
    {
        "model": 1,
        "sequence": 6,
        "status": 1,
        "fuel": 6149,
        "fault": 0.681,
        "weapon": 1,
        "pilot_injury": 0.5353,
        "pilot_skill": 0.2152,
        "mission_priority": 0.0121,
        "estimated_landing_time": 570.0,
        "wait_time": 0,
        "Landing_success_rate": 1.0
    },
    {
        "model": 2,
        "sequence": 12,
        "status": 1,
        "fuel": 5741,
        "fault": 0.6293,
        "weapon": 0,
        "pilot_injury": 0.8015,
        "pilot_skill": 0.9596,
        "mission_priority": 0.4879,
        "estimated_landing_time": 1134.0,
        "wait_time": 0,
        "Landing_success_rate": 1.0
    },
    {
        "model": 2,
        "sequence": 1,
        "status": 1,
        "fuel": 6494,
        "fault": 0.2659,
        "weapon": 0,
        "pilot_injury": 0.4544,
        "pilot_skill": 0.8444,
        "mission_priority": 0.0981,
        "estimated_landing_time": 100.0,
        "wait_time": 0,
        "Landing_success_rate": 1.0
    },
    {
        "model": 0,
        "sequence": 11,
        "status": 1,
        "fuel": 7317,
        "fault": 0.1272,
        "weapon": 1,
        "pilot_injury": 0.3247,
        "pilot_skill": 0.7374,
        "mission_priority": 0.476,
        "estimated_landing_time": 1040.0,
        "wait_time": 0,
        "Landing_success_rate": 1.0
    },
    {
        "model": 2,
        "sequence": 10,
        "status": 1,
        "fuel": 7268,
        "fault": 0.6141,
        "weapon": 0,
        "pilot_injury": 0.4594,
        "pilot_skill": 0.785,
        "mission_priority": 0.8921,
        "estimated_landing_time": 946.0,
        "wait_time": 0,
        "Landing_success_rate": 1.0
    },
    {
        "model": 0,
        "sequence": 9,
        "status": 1,
        "fuel": 5604,
        "fault": 0.1021,
        "weapon": 1,
        "pilot_injury": 0.3154,
        "pilot_skill": 0.6881,
        "mission_priority": 0.4376,
        "estimated_landing_time": 852.0,
        "wait_time": 0,
        "Landing_success_rate": 1.0
    },
    {
        "model": 0,
        "sequence": 7,
        "status": 1,
        "fuel": 5528,
        "fault": 0.2794,
        "weapon": 1,
        "pilot_injury": 0.0384,
        "pilot_skill": 0.9018,
        "mission_priority": 0.4615,
        "estimated_landing_time": 664.0,
        "wait_time": 0,
        "Landing_success_rate": 1.0
    },
    {
        "model": 2,
        "sequence": 3,
        "status": 1,
        "fuel": 6214,
        "fault": 0.4955,
        "weapon": 1,
        "pilot_injury": 0.8951,
        "pilot_skill": 0.6367,
        "mission_priority": 0.6139,
        "estimated_landing_time": 288.0,
        "wait_time": 0,
        "Landing_success_rate": 1.0
    },
    {
        "model": 0,
        "sequence": 4,
        "status": 1,
        "fuel": 6455,
        "fault": 0.4506,
        "weapon": 0,
        "pilot_injury": 0.1502,
        "pilot_skill": 0.7374,
        "mission_priority": 0.5122,
        "estimated_landing_time": 382.0,
        "wait_time": 0,
        "Landing_success_rate": 1.0
    },
    {
        "model": 1,
        "sequence": 5,
        "status": 1,
        "fuel": 5600,
        "fault": 0.0478,
        "weapon": 1,
        "pilot_injury": 0.0848,
        "pilot_skill": 0.7163,
        "mission_priority": 0.0721,
        "estimated_landing_time": 476.0,
        "wait_time": 0,
        "Landing_success_rate": 1.0
    },
    {
        "model": 2,
        "sequence": 2,
        "status": 1,
        "fuel": 5907,
        "fault": 0.1054,
        "weapon": 0,
        "pilot_injury": 0.9565,
        "pilot_skill": 0.7375,
        "mission_priority": 0.3533,
        "estimated_landing_time": 194.0,
        "wait_time": 0,
        "Landing_success_rate": 1.0
    }
]