[
    {
        "model": 0,
        "sequence": 7,
        "status": 1,
        "fuel": 5866,
        "fault": 0.2587,
        "weapon": 0,
        "pilot_injury": 0.5127,
        "pilot_skill": 0.4384,
        "mission_priority": 0.9963,
        "estimated_landing_time": 664.0,
        "wait_time": 0,
        "Landing_success_rate": 1.0
    },
    {
        "model": 2,
        "sequence": 9,
        "status": 1,
        "fuel": 6359,
        "fault": 0.6133,
        "weapon": 0,
        "pilot_injury": 0.6707,
        "pilot_skill": 0.7009,
        "mission_priority": 0.204,
        "estimated_landing_time": 852.0,
        "wait_time": 0,
        "Landing_success_rate": 1.0
    },
    {
        "model": 0,
        "sequence": 1,
        "status": 1,
        "fuel": 5538,
        "fault": 0.1993,
        "weapon": 0,
        "pilot_injury": 0.05,
        "pilot_skill": 0.9115,
        "mission_priority": 0.0295,
        "estimated_landing_time": 100.0,
        "wait_time": 0,
        "Landing_success_rate": 1.0
    },
    {
        "model": 1,
        "sequence": 10,
        "status": 1,
        "fuel": 6236,
        "fault": 0.2144,
        "weapon": 0,
        "pilot_injury": 0.0771,
        "pilot_skill": 0.9112,
        "mission_priority": 0.3549,
        "estimated_landing_time": 946.0,
        "wait_time": 0,
        "Landing_success_rate": 1.0
    },
    {
        "model": 0,
        "sequence": 5,
        "status": 1,
        "fuel": 6445,
        "fault": 0.7327,
        "weapon": 1,
        "pilot_injury": 0.5971,
        "pilot_skill": 0.5948,
        "mission_priority": 0.3722,
        "estimated_landing_time": 476.0,
        "wait_time": 0,
        "Landing_success_rate": 1.0
    },
    {
        "model": 0,
        "sequence": 8,
        "status": 1,
        "fuel": 7026,
        "fault": 0.8385,
        "weapon": 1,
        "pilot_injury": 0.3833,
        "pilot_skill": 0.4935,
        "mission_priority": 0.2833,
        "estimated_landing_time": 758.0,
        "wait_time": 0,
        "Landing_success_rate": 1.0
    },
    {
        "model": 1,
        "sequence": 4,
        "status": 1,
        "fuel": 6003,
        "fault": 0.2003,
        "weapon": 1,
        "pilot_injury": 0.5136,
        "pilot_skill": 0.2534,
        "mission_priority": 0.9877,
        "estimated_landing_time": 382.0,
        "wait_time": 0,
        "Landing_success_rate": 1.0
    },
    {
        "model": 1,
        "sequence": 3,
        "status": 1,
        "fuel": 7299,
        "fault": 0.0685,
        "weapon": 1,
        "pilot_injury": 0.4275,
        "pilot_skill": 0.2062,
        "mission_priority": 0.7997,
        "estimated_landing_time": 288.0,
        "wait_time": 0,
        "Landing_success_rate": 1.0
    },
    {
        "model": 1,
        "sequence": 12,
        "status": 1,
        "fuel": 5794,
        "fault": 0.2689,
        "weapon": 1,
        "pilot_injury": 0.9153,
        "pilot_skill": 0.8598,
        "mission_priority": 0.035,
        "estimated_landing_time": 1134.0,
        "wait_time": 0,
        "Landing_success_rate": 1.0
    },
    {
        "model": 1,
        "sequence": 6,
        "status": 1,
        "fuel": 6710,
        "fault": 0.4543,
        "weapon": 0,
        "pilot_injury": 0.8737,
        "pilot_skill": 0.638,
        "mission_priority": 0.8336,
        "estimated_landing_time": 570.0,
        "wait_time": 0,
        "Landing_success_rate": 1.0
    },
    {
        "model": 0,
        "sequence": 11,
        "status": 1,
        "fuel": 6179,
        "fault": 0.4425,
        "weapon": 1,
        "pilot_injury": 0.1444,
        "pilot_skill": 0.784,
        "mission_priority": 0.4194,
        "estimated_landing_time": 1040.0,
        "wait_time": 0,
        "Landing_success_rate": 1.0
    },
    {
        "model": 1,
        "sequence": 2,
        "status": 1,
        "fuel": 5562,
        "fault": 0.2924,
        "weapon": 0,
        "pilot_injury": 0.5988,
        "pilot_skill": 0.2011,
        "mission_priority": 0.5902,
        "estimated_landing_time": 194.0,
        "wait_time": 0,
        "Landing_success_rate": 1.0
    }
]