[
    {
        "model": 2,
        "sequence": 7,
        "status": 1,
        "fuel": 5953,
        "fault": 0.9621,
        "weapon": 1,
        "pilot_injury": 0.6833,
        "pilot_skill": 0.0761,
        "mission_priority": 0.8512,
        "estimated_landing_time": 664.0,
        "wait_time": 0,
        "Landing_success_rate": 1.0
    },
    {
        "model": 0,
        "sequence": 10,
        "status": 1,
        "fuel": 6563,
        "fault": 0.8829,
        "weapon": 1,
        "pilot_injury": 0.5924,
        "pilot_skill": 0.8247,
        "mission_priority": 0.3478,
        "estimated_landing_time": 946.0,
        "wait_time": 0,
        "Landing_success_rate": 1.0
    },
    {
        "model": 2,
        "sequence": 11,
        "status": 1,
        "fuel": 7389,
        "fault": 0.5438,
        "weapon": 0,
        "pilot_injury": 0.267,
        "pilot_skill": 0.8786,
        "mission_priority": 0.7974,
        "estimated_landing_time": 1040.0,
        "wait_time": 0,
        "Landing_success_rate": 1.0
    },
    {
        "model": 2,
        "sequence": 1,
        "status": 1,
        "fuel": 6691,
        "fault": 0.2453,
        "weapon": 0,
        "pilot_injury": 0.8673,
        "pilot_skill": 0.7084,
        "mission_priority": 0.837,
        "estimated_landing_time": 100.0,
        "wait_time": 0,
        "Landing_success_rate": 1.0
    },
    {
        "model": 0,
        "sequence": 3,
        "status": 1,
        "fuel": 6868,
        "fault": 0.9301,
        "weapon": 1,
        "pilot_injury": 0.6186,
        "pilot_skill": 0.7527,
        "mission_priority": 0.1586,
        "estimated_landing_time": 288.0,
        "wait_time": 0,
        "Landing_success_rate": 1.0
    },
    {
        "model": 0,
        "sequence": 6,
        "status": 1,
        "fuel": 7270,
        "fault": 0.9613,
        "weapon": 0,
        "pilot_injury": 0.0292,
        "pilot_skill": 0.8258,
        "mission_priority": 0.1289,
        "estimated_landing_time": 570.0,
        "wait_time": 0,
        "Landing_success_rate": 1.0
    },
    {
        "model": 2,
        "sequence": 4,
        "status": 1,
        "fuel": 5862,
        "fault": 0.2286,
        "weapon": 0,
        "pilot_injury": 0.1608,
        "pilot_skill": 0.818,
        "mission_priority": 0.8321,
        "estimated_landing_time": 382.0,
        "wait_time": 0,
        "Landing_success_rate": 1.0
    },
    {
        "model": 0,
        "sequence": 12,
        "status": 1,
        "fuel": 7047,
        "fault": 0.0064,
        "weapon": 1,
        "pilot_injury": 0.0841,
        "pilot_skill": 0.3264,
        "mission_priority": 0.5598,
        "estimated_landing_time": 1134.0,
        "wait_time": 0,
        "Landing_success_rate": 1.0
    },
    {
        "model": 1,
        "sequence": 2,
        "status": 1,
        "fuel": 5859,
        "fault": 0.2598,
        "weapon": 1,
        "pilot_injury": 0.0091,
        "pilot_skill": 0.8187,
        "mission_priority": 0.1284,
        "estimated_landing_time": 194.0,
        "wait_time": 0,
        "Landing_success_rate": 1.0
    },
    {
        "model": 1,
        "sequence": 5,
        "status": 1,
        "fuel": 5966,
        "fault": 0.761,
        "weapon": 1,
        "pilot_injury": 0.4322,
        "pilot_skill": 0.8401,
        "mission_priority": 0.3922,
        "estimated_landing_time": 476.0,
        "wait_time": 0,
        "Landing_success_rate": 1.0
    },
    {
        "model": 0,
        "sequence": 9,
        "status": 1,
        "fuel": 5834,
        "fault": 0.932,
        "weapon": 0,
        "pilot_injury": 0.7888,
        "pilot_skill": 0.1738,
        "mission_priority": 0.7709,
        "estimated_landing_time": 852.0,
        "wait_time": 0,
        "Landing_success_rate": 1.0
    },
    {
        "model": 2,
        "sequence": 8,
        "status": 1,
        "fuel": 6847,
        "fault": 0.301,
        "weapon": 0,
        "pilot_injury": 0.771,
        "pilot_skill": 0.7086,
        "mission_priority": 0.4736,
        "estimated_landing_time": 758.0,
        "wait_time": 0,
        "Landing_success_rate": 1.0
    }
]