[
    {
        "model": 2,
        "sequence": 1,
        "status": 1,
        "fuel": 6632,
        "fault": 0.5911,
        "weapon": 0,
        "pilot_injury": 0.2957,
        "pilot_skill": 0.5938,
        "mission_priority": 0.0328,
        "estimated_landing_time": 100.0,
        "wait_time": 0,
        "Landing_success_rate": 1.0
    },
    {
        "model": 2,
        "sequence": 9,
        "status": 1,
        "fuel": 7017,
        "fault": 0.0712,
        "weapon": 1,
        "pilot_injury": 0.2952,
        "pilot_skill": 0.8795,
        "mission_priority": 0.46,
        "estimated_landing_time": 852.0,
        "wait_time": 0,
        "Landing_success_rate": 1.0
    },
    {
        "model": 0,
        "sequence": 11,
        "status": 1,
        "fuel": 6890,
        "fault": 0.8109,
        "weapon": 1,
        "pilot_injury": 0.0476,
        "pilot_skill": 0.7267,
        "mission_priority": 0.7739,
        "estimated_landing_time": 1040.0,
        "wait_time": 0,
        "Landing_success_rate": 1.0
    },
    {
        "model": 2,
        "sequence": 3,
        "status": 1,
        "fuel": 6035,
        "fault": 0.6547,
        "weapon": 0,
        "pilot_injury": 0.5157,
        "pilot_skill": 0.4633,
        "mission_priority": 0.0454,
        "estimated_landing_time": 288.0,
        "wait_time": 0,
        "Landing_success_rate": 1.0
    },
    {
        "model": 1,
        "sequence": 7,
        "status": 1,
        "fuel": 6127,
        "fault": 0.4252,
        "weapon": 0,
        "pilot_injury": 0.3918,
        "pilot_skill": 0.5467,
        "mission_priority": 0.532,
        "estimated_landing_time": 664.0,
        "wait_time": 0,
        "Landing_success_rate": 1.0
    },
    {
        "model": 2,
        "sequence": 2,
        "status": 1,
        "fuel": 7032,
        "fault": 0.4166,
        "weapon": 1,
        "pilot_injury": 0.3622,
        "pilot_skill": 0.7231,
        "mission_priority": 0.2006,
        "estimated_landing_time": 194.0,
        "wait_time": 0,
        "Landing_success_rate": 1.0
    },
    {
        "model": 2,
        "sequence": 4,
        "status": 1,
        "fuel": 7138,
        "fault": 0.3042,
        "weapon": 0,
        "pilot_injury": 0.4375,
        "pilot_skill": 0.8827,
        "mission_priority": 0.0519,
        "estimated_landing_time": 382.0,
        "wait_time": 0,
        "Landing_success_rate": 1.0
    },
    {
        "model": 0,
        "sequence": 6,
        "status": 1,
        "fuel": 7487,
        "fault": 0.9668,
        "weapon": 1,
        "pilot_injury": 0.7317,
        "pilot_skill": 0.6406,
        "mission_priority": 0.4159,
        "estimated_landing_time": 570.0,
        "wait_time": 0,
        "Landing_success_rate": 1.0
    },
    {
        "model": 2,
        "sequence": 12,
        "status": 1,
        "fuel": 7432,
        "fault": 0.4226,
        "weapon": 1,
        "pilot_injury": 0.896,
        "pilot_skill": 0.818,
        "mission_priority": 0.2528,
        "estimated_landing_time": 1134.0,
        "wait_time": 0,
        "Landing_success_rate": 1.0
    },
    {
        "model": 2,
        "sequence": 5,
        "status": 1,
        "fuel": 7470,
        "fault": 0.1816,
        "weapon": 1,
        "pilot_injury": 0.337,
        "pilot_skill": 0.9995,
        "mission_priority": 0.4058,
        "estimated_landing_time": 476.0,
        "wait_time": 0,
        "Landing_success_rate": 1.0
    },
    {
        "model": 2,
        "sequence": 8,
        "status": 1,
        "fuel": 7051,
        "fault": 0.7542,
        "weapon": 0,
        "pilot_injury": 0.5425,
        "pilot_skill": 0.1496,
        "mission_priority": 0.3807,
        "estimated_landing_time": 758.0,
        "wait_time": 0,
        "Landing_success_rate": 1.0
    },
    {
        "model": 2,
        "sequence": 10,
        "status": 1,
        "fuel": 7322,
        "fault": 0.7538,
        "weapon": 1,
        "pilot_injury": 0.1673,
        "pilot_skill": 0.7806,
        "mission_priority": 0.5838,
        "estimated_landing_time": 946.0,
        "wait_time": 0,
        "Landing_success_rate": 1.0
    }
]