[
    {
        "model": 2,
        "sequence": 10,
        "status": 1,
        "fuel": 5691,
        "fault": 0.5807,
        "weapon": 1,
        "pilot_injury": 0.3036,
        "pilot_skill": 0.3117,
        "mission_priority": 0.0031,
        "estimated_landing_time": 946.0,
        "wait_time": 0,
        "Landing_success_rate": 1.0
    },
    {
        "model": 0,
        "sequence": 1,
        "status": 1,
        "fuel": 7351,
        "fault": 0.4878,
        "weapon": 0,
        "pilot_injury": 0.4417,
        "pilot_skill": 0.9842,
        "mission_priority": 0.3957,
        "estimated_landing_time": 100.0,
        "wait_time": 0,
        "Landing_success_rate": 1.0
    },
    {
        "model": 0,
        "sequence": 5,
        "status": 1,
        "fuel": 6962,
        "fault": 0.057,
        "weapon": 1,
        "pilot_injury": 0.3638,
        "pilot_skill": 0.1907,
        "mission_priority": 0.3471,
        "estimated_landing_time": 476.0,
        "wait_time": 0,
        "Landing_success_rate": 1.0
    },
    {
        "model": 0,
        "sequence": 9,
        "status": 1,
        "fuel": 6029,
        "fault": 0.6672,
        "weapon": 1,
        "pilot_injury": 0.6642,
        "pilot_skill": 0.1992,
        "mission_priority": 0.045,
        "estimated_landing_time": 852.0,
        "wait_time": 0,
        "Landing_success_rate": 1.0
    },
    {
        "model": 0,
        "sequence": 4,
        "status": 1,
        "fuel": 7026,
        "fault": 0.8401,
        "weapon": 0,
        "pilot_injury": 0.7652,
        "pilot_skill": 0.9404,
        "mission_priority": 0.0158,
        "estimated_landing_time": 382.0,
        "wait_time": 0,
        "Landing_success_rate": 1.0
    },
    {
        "model": 1,
        "sequence": 3,
        "status": 1,
        "fuel": 6480,
        "fault": 0.4894,
        "weapon": 1,
        "pilot_injury": 0.6561,
        "pilot_skill": 0.5596,
        "mission_priority": 0.687,
        "estimated_landing_time": 288.0,
        "wait_time": 0,
        "Landing_success_rate": 1.0
    },
    {
        "model": 1,
        "sequence": 12,
        "status": 1,
        "fuel": 5943,
        "fault": 0.3614,
        "weapon": 0,
        "pilot_injury": 0.7997,
        "pilot_skill": 0.1232,
        "mission_priority": 0.6985,
        "estimated_landing_time": 1134.0,
        "wait_time": 0,
        "Landing_success_rate": 1.0
    },
    {
        "model": 2,
        "sequence": 11,
        "status": 1,
        "fuel": 5686,
        "fault": 0.7624,
        "weapon": 1,
        "pilot_injury": 0.9033,
        "pilot_skill": 0.8899,
        "mission_priority": 0.8179,
        "estimated_landing_time": 1040.0,
        "wait_time": 0,
        "Landing_success_rate": 1.0
    },
    {
        "model": 1,
        "sequence": 2,
        "status": 1,
        "fuel": 6913,
        "fault": 0.5677,
        "weapon": 0,
        "pilot_injury": 0.5129,
        "pilot_skill": 0.8696,
        "mission_priority": 0.4028,
        "estimated_landing_time": 194.0,
        "wait_time": 0,
        "Landing_success_rate": 1.0
    },
    {
        "model": 1,
        "sequence": 6,
        "status": 1,
        "fuel": 7074,
        "fault": 0.9323,
        "weapon": 0,
        "pilot_injury": 0.6617,
        "pilot_skill": 0.1412,
        "mission_priority": 0.5709,
        "estimated_landing_time": 570.0,
        "wait_time": 0,
        "Landing_success_rate": 1.0
    },
    {
        "model": 2,
        "sequence": 7,
        "status": 1,
        "fuel": 5719,
        "fault": 0.1653,
        "weapon": 0,
        "pilot_injury": 0.2187,
        "pilot_skill": 0.1828,
        "mission_priority": 0.8257,
        "estimated_landing_time": 664.0,
        "wait_time": 0,
        "Landing_success_rate": 1.0
    },
    {
        "model": 2,
        "sequence": 8,
        "status": 1,
        "fuel": 5905,
        "fault": 0.6039,
        "weapon": 1,
        "pilot_injury": 0.9699,
        "pilot_skill": 0.5713,
        "mission_priority": 0.143,
        "estimated_landing_time": 758.0,
        "wait_time": 0,
        "Landing_success_rate": 1.0
    }
]