[
    {
        "model": 0,
        "sequence": 11,
        "status": 1,
        "fuel": 6878,
        "fault": 0.3566,
        "weapon": 0,
        "pilot_injury": 0.1482,
        "pilot_skill": 0.0921,
        "mission_priority": 0.8153,
        "estimated_landing_time": 1040.0,
        "wait_time": 0,
        "Landing_success_rate": 1.0
    },
    {
        "model": 0,
        "sequence": 10,
        "status": 1,
        "fuel": 7432,
        "fault": 0.9576,
        "weapon": 0,
        "pilot_injury": 0.8988,
        "pilot_skill": 0.5531,
        "mission_priority": 0.8123,
        "estimated_landing_time": 946.0,
        "wait_time": 0,
        "Landing_success_rate": 1.0
    },
    {
        "model": 2,
        "sequence": 9,
        "status": 1,
        "fuel": 7130,
        "fault": 0.38,
        "weapon": 0,
        "pilot_injury": 0.9888,
        "pilot_skill": 0.2257,
        "mission_priority": 0.3899,
        "estimated_landing_time": 852.0,
        "wait_time": 0,
        "Landing_success_rate": 1.0
    },
    {
        "model": 1,
        "sequence": 1,
        "status": 1,
        "fuel": 6140,
        "fault": 0.3149,
        "weapon": 0,
        "pilot_injury": 0.081,
        "pilot_skill": 0.8297,
        "mission_priority": 0.9768,
        "estimated_landing_time": 100.0,
        "wait_time": 0,
        "Landing_success_rate": 1.0
    },
    {
        "model": 0,
        "sequence": 8,
        "status": 1,
        "fuel": 7494,
        "fault": 0.5319,
        "weapon": 1,
        "pilot_injury": 0.0658,
        "pilot_skill": 0.8913,
        "mission_priority": 0.4638,
        "estimated_landing_time": 758.0,
        "wait_time": 0,
        "Landing_success_rate": 1.0
    },
    {
        "model": 2,
        "sequence": 6,
        "status": 1,
        "fuel": 7418,
        "fault": 0.3269,
        "weapon": 0,
        "pilot_injury": 0.3183,
        "pilot_skill": 0.489,
        "mission_priority": 0.8596,
        "estimated_landing_time": 570.0,
        "wait_time": 0,
        "Landing_success_rate": 1.0
    },
    {
        "model": 1,
        "sequence": 3,
        "status": 1,
        "fuel": 5507,
        "fault": 0.3152,
        "weapon": 0,
        "pilot_injury": 0.3647,
        "pilot_skill": 0.7385,
        "mission_priority": 0.6666,
        "estimated_landing_time": 288.0,
        "wait_time": 0,
        "Landing_success_rate": 1.0
    },
    {
        "model": 2,
        "sequence": 7,
        "status": 1,
        "fuel": 6887,
        "fault": 0.6934,
        "weapon": 0,
        "pilot_injury": 0.2567,
        "pilot_skill": 0.8041,
        "mission_priority": 0.4259,
        "estimated_landing_time": 664.0,
        "wait_time": 0,
        "Landing_success_rate": 1.0
    },
    {
        "model": 0,
        "sequence": 4,
        "status": 1,
        "fuel": 7310,
        "fault": 0.7302,
        "weapon": 0,
        "pilot_injury": 0.7803,
        "pilot_skill": 0.6737,
        "mission_priority": 0.7675,
        "estimated_landing_time": 382.0,
        "wait_time": 0,
        "Landing_success_rate": 1.0
    },
    {
        "model": 0,
        "sequence": 5,
        "status": 1,
        "fuel": 6999,
        "fault": 0.443,
        "weapon": 0,
        "pilot_injury": 0.7965,
        "pilot_skill": 0.2325,
        "mission_priority": 0.226,
        "estimated_landing_time": 476.0,
        "wait_time": 0,
        "Landing_success_rate": 1.0
    },
    {
        "model": 1,
        "sequence": 2,
        "status": 1,
        "fuel": 6723,
        "fault": 0.9635,
        "weapon": 1,
        "pilot_injury": 0.2823,
        "pilot_skill": 0.2981,
        "mission_priority": 0.2778,
        "estimated_landing_time": 194.0,
        "wait_time": 0,
        "Landing_success_rate": 1.0
    },
    {
        "model": 2,
        "sequence": 12,
        "status": 1,
        "fuel": 5636,
        "fault": 0.086,
        "weapon": 0,
        "pilot_injury": 0.8324,
        "pilot_skill": 0.9755,
        "mission_priority": 0.4742,
        "estimated_landing_time": 1134.0,
        "wait_time": 0,
        "Landing_success_rate": 1.0
    }
]