[
    {
        "model": 2,
        "sequence": 4,
        "status": 1,
        "fuel": 7070,
        "fault": 0.4722,
        "weapon": 0,
        "pilot_injury": 0.9717,
        "pilot_skill": 0.8489,
        "mission_priority": 0.7217,
        "estimated_landing_time": 382.0,
        "wait_time": 0,
        "Landing_success_rate": 1.0
    },
    {
        "model": 0,
        "sequence": 12,
        "status": 1,
        "fuel": 6002,
        "fault": 0.771,
        "weapon": 0,
        "pilot_injury": 0.0404,
        "pilot_skill": 0.7107,
        "mission_priority": 0.1109,
        "estimated_landing_time": 1134.0,
        "wait_time": 0,
        "Landing_success_rate": 1.0
    },
    {
        "model": 2,
        "sequence": 10,
        "status": 1,
        "fuel": 6391,
        "fault": 0.1079,
        "weapon": 0,
        "pilot_injury": 0.8958,
        "pilot_skill": 0.4754,
        "mission_priority": 0.5633,
        "estimated_landing_time": 946.0,
        "wait_time": 0,
        "Landing_success_rate": 1.0
    },
    {
        "model": 2,
        "sequence": 3,
        "status": 1,
        "fuel": 7423,
        "fault": 0.9076,
        "weapon": 0,
        "pilot_injury": 0.6044,
        "pilot_skill": 0.5398,
        "mission_priority": 0.2031,
        "estimated_landing_time": 288.0,
        "wait_time": 0,
        "Landing_success_rate": 1.0
    },
    {
        "model": 0,
        "sequence": 5,
        "status": 1,
        "fuel": 6024,
        "fault": 0.077,
        "weapon": 0,
        "pilot_injury": 0.6948,
        "pilot_skill": 0.8805,
        "mission_priority": 0.6244,
        "estimated_landing_time": 476.0,
        "wait_time": 0,
        "Landing_success_rate": 1.0
    },
    {
        "model": 2,
        "sequence": 6,
        "status": 1,
        "fuel": 7097,
        "fault": 0.6334,
        "weapon": 1,
        "pilot_injury": 0.4565,
        "pilot_skill": 0.2184,
        "mission_priority": 0.4165,
        "estimated_landing_time": 570.0,
        "wait_time": 0,
        "Landing_success_rate": 1.0
    },
    {
        "model": 0,
        "sequence": 7,
        "status": 1,
        "fuel": 7481,
        "fault": 0.5393,
        "weapon": 1,
        "pilot_injury": 0.1221,
        "pilot_skill": 0.3563,
        "mission_priority": 0.9068,
        "estimated_landing_time": 664.0,
        "wait_time": 0,
        "Landing_success_rate": 1.0
    },
    {
        "model": 1,
        "sequence": 11,
        "status": 1,
        "fuel": 6908,
        "fault": 0.2279,
        "weapon": 1,
        "pilot_injury": 0.0005,
        "pilot_skill": 0.3526,
        "mission_priority": 0.3048,
        "estimated_landing_time": 1040.0,
        "wait_time": 0,
        "Landing_success_rate": 1.0
    },
    {
        "model": 2,
        "sequence": 1,
        "status": 1,
        "fuel": 6209,
        "fault": 0.5107,
        "weapon": 0,
        "pilot_injury": 0.4848,
        "pilot_skill": 0.6924,
        "mission_priority": 0.2694,
        "estimated_landing_time": 100.0,
        "wait_time": 0,
        "Landing_success_rate": 1.0
    },
    {
        "model": 1,
        "sequence": 2,
        "status": 1,
        "fuel": 6163,
        "fault": 0.9429,
        "weapon": 1,
        "pilot_injury": 0.2188,
        "pilot_skill": 0.5581,
        "mission_priority": 0.4038,
        "estimated_landing_time": 194.0,
        "wait_time": 0,
        "Landing_success_rate": 1.0
    },
    {
        "model": 0,
        "sequence": 8,
        "status": 1,
        "fuel": 7353,
        "fault": 0.9718,
        "weapon": 1,
        "pilot_injury": 0.2469,
        "pilot_skill": 0.6963,
        "mission_priority": 0.7123,
        "estimated_landing_time": 758.0,
        "wait_time": 0,
        "Landing_success_rate": 1.0
    },
    {
        "model": 2,
        "sequence": 9,
        "status": 1,
        "fuel": 7136,
        "fault": 0.2848,
        "weapon": 0,
        "pilot_injury": 0.2668,
        "pilot_skill": 0.9766,
        "mission_priority": 0.411,
        "estimated_landing_time": 852.0,
        "wait_time": 0,
        "Landing_success_rate": 1.0
    }
]