[
    {
        "model": 0,
        "sequence": 9,
        "status": 1,
        "fuel": 6380,
        "fault": 0.2818,
        "weapon": 0,
        "pilot_injury": 0.7659,
        "pilot_skill": 0.0792,
        "mission_priority": 0.0471,
        "estimated_landing_time": 852.0,
        "wait_time": 0,
        "Landing_success_rate": 1.0
    },
    {
        "model": 2,
        "sequence": 2,
        "status": 1,
        "fuel": 6581,
        "fault": 0.1344,
        "weapon": 0,
        "pilot_injury": 0.4144,
        "pilot_skill": 0.9358,
        "mission_priority": 0.4571,
        "estimated_landing_time": 194.0,
        "wait_time": 0,
        "Landing_success_rate": 1.0
    },
    {
        "model": 1,
        "sequence": 1,
        "status": 1,
        "fuel": 5646,
        "fault": 0.7835,
        "weapon": 0,
        "pilot_injury": 0.1119,
        "pilot_skill": 0.6095,
        "mission_priority": 0.5684,
        "estimated_landing_time": 100.0,
        "wait_time": 0,
        "Landing_success_rate": 1.0
    },
    {
        "model": 1,
        "sequence": 7,
        "status": 1,
        "fuel": 7078,
        "fault": 0.5355,
        "weapon": 1,
        "pilot_injury": 0.2509,
        "pilot_skill": 0.5097,
        "mission_priority": 0.9089,
        "estimated_landing_time": 664.0,
        "wait_time": 0,
        "Landing_success_rate": 1.0
    },
    {
        "model": 0,
        "sequence": 5,
        "status": 1,
        "fuel": 6594,
        "fault": 0.3358,
        "weapon": 0,
        "pilot_injury": 0.9454,
        "pilot_skill": 0.0572,
        "mission_priority": 0.931,
        "estimated_landing_time": 476.0,
        "wait_time": 0,
        "Landing_success_rate": 1.0
    },
    {
        "model": 2,
        "sequence": 8,
        "status": 1,
        "fuel": 6895,
        "fault": 0.4528,
        "weapon": 1,
        "pilot_injury": 0.8904,
        "pilot_skill": 0.2627,
        "mission_priority": 0.4722,
        "estimated_landing_time": 758.0,
        "wait_time": 0,
        "Landing_success_rate": 1.0
    },
    {
        "model": 1,
        "sequence": 4,
        "status": 1,
        "fuel": 7466,
        "fault": 0.2826,
        "weapon": 0,
        "pilot_injury": 0.8236,
        "pilot_skill": 0.709,
        "mission_priority": 0.5876,
        "estimated_landing_time": 382.0,
        "wait_time": 0,
        "Landing_success_rate": 1.0
    },
    {
        "model": 1,
        "sequence": 3,
        "status": 1,
        "fuel": 6949,
        "fault": 0.5785,
        "weapon": 0,
        "pilot_injury": 0.4476,
        "pilot_skill": 0.73,
        "mission_priority": 0.3578,
        "estimated_landing_time": 288.0,
        "wait_time": 0,
        "Landing_success_rate": 1.0
    },
    {
        "model": 0,
        "sequence": 6,
        "status": 1,
        "fuel": 5554,
        "fault": 0.0743,
        "weapon": 1,
        "pilot_injury": 0.087,
        "pilot_skill": 0.3032,
        "mission_priority": 0.9666,
        "estimated_landing_time": 570.0,
        "wait_time": 0,
        "Landing_success_rate": 1.0
    },
    {
        "model": 0,
        "sequence": 11,
        "status": 1,
        "fuel": 6721,
        "fault": 0.3349,
        "weapon": 0,
        "pilot_injury": 0.3472,
        "pilot_skill": 0.7942,
        "mission_priority": 0.6252,
        "estimated_landing_time": 1040.0,
        "wait_time": 0,
        "Landing_success_rate": 1.0
    },
    {
        "model": 2,
        "sequence": 12,
        "status": 1,
        "fuel": 5774,
        "fault": 0.9484,
        "weapon": 0,
        "pilot_injury": 0.5702,
        "pilot_skill": 0.6102,
        "mission_priority": 0.9424,
        "estimated_landing_time": 1134.0,
        "wait_time": 0,
        "Landing_success_rate": 1.0
    },
    {
        "model": 0,
        "sequence": 10,
        "status": 1,
        "fuel": 5828,
        "fault": 0.0142,
        "weapon": 0,
        "pilot_injury": 0.5341,
        "pilot_skill": 0.6883,
        "mission_priority": 0.7487,
        "estimated_landing_time": 946.0,
        "wait_time": 0,
        "Landing_success_rate": 1.0
    }
]