[
    {
        "model": 2,
        "sequence": 4,
        "status": 1,
        "fuel": 5878,
        "fault": 0.4065,
        "weapon": 1,
        "pilot_injury": 0.0371,
        "pilot_skill": 0.0807,
        "mission_priority": 0.6723,
        "estimated_landing_time": 382.0,
        "wait_time": 0,
        "Landing_success_rate": 1.0
    },
    {
        "model": 2,
        "sequence": 11,
        "status": 1,
        "fuel": 5878,
        "fault": 0.0874,
        "weapon": 1,
        "pilot_injury": 0.2156,
        "pilot_skill": 0.8137,
        "mission_priority": 0.2171,
        "estimated_landing_time": 1040.0,
        "wait_time": 0,
        "Landing_success_rate": 1.0
    },
    {
        "model": 1,
        "sequence": 3,
        "status": 1,
        "fuel": 5801,
        "fault": 0.8051,
        "weapon": 1,
        "pilot_injury": 0.1479,
        "pilot_skill": 0.9409,
        "mission_priority": 0.1829,
        "estimated_landing_time": 288.0,
        "wait_time": 0,
        "Landing_success_rate": 1.0
    },
    {
        "model": 0,
        "sequence": 8,
        "status": 1,
        "fuel": 6870,
        "fault": 0.1499,
        "weapon": 1,
        "pilot_injury": 0.9649,
        "pilot_skill": 0.2735,
        "mission_priority": 0.3997,
        "estimated_landing_time": 758.0,
        "wait_time": 0,
        "Landing_success_rate": 1.0
    },
    {
        "model": 2,
        "sequence": 12,
        "status": 1,
        "fuel": 5614,
        "fault": 0.9604,
        "weapon": 0,
        "pilot_injury": 0.5026,
        "pilot_skill": 0.2578,
        "mission_priority": 0.7014,
        "estimated_landing_time": 1134.0,
        "wait_time": 0,
        "Landing_success_rate": 1.0
    },
    {
        "model": 1,
        "sequence": 1,
        "status": 1,
        "fuel": 6038,
        "fault": 0.9323,
        "weapon": 0,
        "pilot_injury": 0.5994,
        "pilot_skill": 0.3417,
        "mission_priority": 0.9533,
        "estimated_landing_time": 100.0,
        "wait_time": 0,
        "Landing_success_rate": 1.0
    },
    {
        "model": 1,
        "sequence": 5,
        "status": 1,
        "fuel": 5840,
        "fault": 0.4596,
        "weapon": 0,
        "pilot_injury": 0.8181,
        "pilot_skill": 0.6673,
        "mission_priority": 0.1256,
        "estimated_landing_time": 476.0,
        "wait_time": 0,
        "Landing_success_rate": 1.0
    },
    {
        "model": 0,
        "sequence": 7,
        "status": 1,
        "fuel": 7156,
        "fault": 0.7651,
        "weapon": 1,
        "pilot_injury": 0.3234,
        "pilot_skill": 0.8192,
        "mission_priority": 0.5365,
        "estimated_landing_time": 664.0,
        "wait_time": 0,
        "Landing_success_rate": 1.0
    },
    {
        "model": 0,
        "sequence": 6,
        "status": 1,
        "fuel": 6272,
        "fault": 0.8724,
        "weapon": 1,
        "pilot_injury": 0.6078,
        "pilot_skill": 0.0838,
        "mission_priority": 0.6431,
        "estimated_landing_time": 570.0,
        "wait_time": 0,
        "Landing_success_rate": 1.0
    },
    {
        "model": 0,
        "sequence": 9,
        "status": 1,
        "fuel": 7129,
        "fault": 0.0729,
        "weapon": 1,
        "pilot_injury": 0.2662,
        "pilot_skill": 0.0313,
        "mission_priority": 0.1194,
        "estimated_landing_time": 852.0,
        "wait_time": 0,
        "Landing_success_rate": 1.0
    },
    {
        "model": 2,
        "sequence": 2,
        "status": 1,
        "fuel": 7415,
        "fault": 0.9789,
        "weapon": 0,
        "pilot_injury": 0.2065,
        "pilot_skill": 0.735,
        "mission_priority": 0.8665,
        "estimated_landing_time": 194.0,
        "wait_time": 0,
        "Landing_success_rate": 1.0
    },
    {
        "model": 1,
        "sequence": 10,
        "status": 1,
        "fuel": 5715,
        "fault": 0.5469,
        "weapon": 1,
        "pilot_injury": 0.815,
        "pilot_skill": 0.2607,
        "mission_priority": 0.2969,
        "estimated_landing_time": 946.0,
        "wait_time": 0,
        "Landing_success_rate": 1.0
    }
]