[
    {
        "model": 2,
        "sequence": 2,
        "status": 1,
        "fuel": 5988,
        "fault": 0.9374,
        "weapon": 1,
        "pilot_injury": 0.4841,
        "pilot_skill": 0.7474,
        "mission_priority": 0.4738,
        "estimated_landing_time": 194.0,
        "wait_time": 0,
        "Landing_success_rate": 1.0
    },
    {
        "model": 1,
        "sequence": 12,
        "status": 1,
        "fuel": 6741,
        "fault": 0.5822,
        "weapon": 1,
        "pilot_injury": 0.9427,
        "pilot_skill": 0.7852,
        "mission_priority": 0.9913,
        "estimated_landing_time": 1134.0,
        "wait_time": 0,
        "Landing_success_rate": 1.0
    },
    {
        "model": 2,
        "sequence": 9,
        "status": 1,
        "fuel": 5933,
        "fault": 0.6446,
        "weapon": 1,
        "pilot_injury": 0.0756,
        "pilot_skill": 0.3657,
        "mission_priority": 0.2254,
        "estimated_landing_time": 852.0,
        "wait_time": 0,
        "Landing_success_rate": 1.0
    },
    {
        "model": 0,
        "sequence": 4,
        "status": 1,
        "fuel": 7015,
        "fault": 0.6197,
        "weapon": 0,
        "pilot_injury": 0.6224,
        "pilot_skill": 0.7813,
        "mission_priority": 0.5783,
        "estimated_landing_time": 382.0,
        "wait_time": 0,
        "Landing_success_rate": 1.0
    },
    {
        "model": 1,
        "sequence": 3,
        "status": 1,
        "fuel": 5766,
        "fault": 0.9817,
        "weapon": 1,
        "pilot_injury": 0.636,
        "pilot_skill": 0.3882,
        "mission_priority": 0.6741,
        "estimated_landing_time": 288.0,
        "wait_time": 0,
        "Landing_success_rate": 1.0
    },
    {
        "model": 2,
        "sequence": 6,
        "status": 1,
        "fuel": 5990,
        "fault": 0.8099,
        "weapon": 0,
        "pilot_injury": 0.9175,
        "pilot_skill": 0.2905,
        "mission_priority": 0.47,
        "estimated_landing_time": 570.0,
        "wait_time": 0,
        "Landing_success_rate": 1.0
    },
    {
        "model": 0,
        "sequence": 5,
        "status": 1,
        "fuel": 6058,
        "fault": 0.0606,
        "weapon": 1,
        "pilot_injury": 0.0622,
        "pilot_skill": 0.1473,
        "mission_priority": 0.0078,
        "estimated_landing_time": 476.0,
        "wait_time": 0,
        "Landing_success_rate": 1.0
    },
    {
        "model": 0,
        "sequence": 10,
        "status": 1,
        "fuel": 7343,
        "fault": 0.2303,
        "weapon": 1,
        "pilot_injury": 0.1343,
        "pilot_skill": 0.9579,
        "mission_priority": 0.5297,
        "estimated_landing_time": 946.0,
        "wait_time": 0,
        "Landing_success_rate": 1.0
    },
    {
        "model": 2,
        "sequence": 7,
        "status": 1,
        "fuel": 5514,
        "fault": 0.3543,
        "weapon": 1,
        "pilot_injury": 0.6796,
        "pilot_skill": 0.0762,
        "mission_priority": 0.2747,
        "estimated_landing_time": 664.0,
        "wait_time": 0,
        "Landing_success_rate": 1.0
    },
    {
        "model": 2,
        "sequence": 1,
        "status": 1,
        "fuel": 6097,
        "fault": 0.7609,
        "weapon": 1,
        "pilot_injury": 0.5466,
        "pilot_skill": 0.4328,
        "mission_priority": 0.0439,
        "estimated_landing_time": 100.0,
        "wait_time": 0,
        "Landing_success_rate": 1.0
    },
    {
        "model": 2,
        "sequence": 8,
        "status": 1,
        "fuel": 6489,
        "fault": 0.864,
        "weapon": 1,
        "pilot_injury": 0.2092,
        "pilot_skill": 0.05,
        "mission_priority": 0.8436,
        "estimated_landing_time": 758.0,
        "wait_time": 0,
        "Landing_success_rate": 1.0
    },
    {
        "model": 0,
        "sequence": 11,
        "status": 1,
        "fuel": 7275,
        "fault": 0.995,
        "weapon": 1,
        "pilot_injury": 0.8538,
        "pilot_skill": 0.242,
        "mission_priority": 0.9606,
        "estimated_landing_time": 1040.0,
        "wait_time": 0,
        "Landing_success_rate": 1.0
    }
]