[
    {
        "model": 0,
        "sequence": 7,
        "status": 1,
        "fuel": 6419,
        "fault": 0.8068,
        "weapon": 0,
        "pilot_injury": 0.7316,
        "pilot_skill": 0.1277,
        "mission_priority": 0.25,
        "estimated_landing_time": 664.0,
        "wait_time": 0,
        "Landing_success_rate": 1.0
    },
    {
        "model": 1,
        "sequence": 3,
        "status": 1,
        "fuel": 5595,
        "fault": 0.3408,
        "weapon": 1,
        "pilot_injury": 0.5619,
        "pilot_skill": 0.2386,
        "mission_priority": 0.6798,
        "estimated_landing_time": 288.0,
        "wait_time": 0,
        "Landing_success_rate": 1.0
    },
    {
        "model": 1,
        "sequence": 6,
        "status": 1,
        "fuel": 5778,
        "fault": 0.7545,
        "weapon": 0,
        "pilot_injury": 0.3777,
        "pilot_skill": 0.5343,
        "mission_priority": 0.4966,
        "estimated_landing_time": 570.0,
        "wait_time": 0,
        "Landing_success_rate": 1.0
    },
    {
        "model": 1,
        "sequence": 2,
        "status": 1,
        "fuel": 6228,
        "fault": 0.32,
        "weapon": 0,
        "pilot_injury": 0.1,
        "pilot_skill": 0.0535,
        "mission_priority": 0.9585,
        "estimated_landing_time": 194.0,
        "wait_time": 0,
        "Landing_success_rate": 1.0
    },
    {
        "model": 1,
        "sequence": 10,
        "status": 1,
        "fuel": 7438,
        "fault": 0.0913,
        "weapon": 0,
        "pilot_injury": 0.9568,
        "pilot_skill": 0.6768,
        "mission_priority": 0.4825,
        "estimated_landing_time": 946.0,
        "wait_time": 0,
        "Landing_success_rate": 1.0
    },
    {
        "model": 1,
        "sequence": 1,
        "status": 1,
        "fuel": 7029,
        "fault": 0.6318,
        "weapon": 0,
        "pilot_injury": 0.0917,
        "pilot_skill": 0.6024,
        "mission_priority": 0.5537,
        "estimated_landing_time": 100.0,
        "wait_time": 0,
        "Landing_success_rate": 1.0
    },
    {
        "model": 2,
        "sequence": 12,
        "status": 1,
        "fuel": 6992,
        "fault": 0.7524,
        "weapon": 0,
        "pilot_injury": 0.7813,
        "pilot_skill": 0.1135,
        "mission_priority": 0.9309,
        "estimated_landing_time": 1134.0,
        "wait_time": 0,
        "Landing_success_rate": 1.0
    },
    {
        "model": 0,
        "sequence": 5,
        "status": 1,
        "fuel": 6709,
        "fault": 0.0576,
        "weapon": 0,
        "pilot_injury": 0.0559,
        "pilot_skill": 0.737,
        "mission_priority": 0.5459,
        "estimated_landing_time": 476.0,
        "wait_time": 0,
        "Landing_success_rate": 1.0
    },
    {
        "model": 2,
        "sequence": 9,
        "status": 1,
        "fuel": 7366,
        "fault": 0.1171,
        "weapon": 1,
        "pilot_injury": 0.688,
        "pilot_skill": 0.837,
        "mission_priority": 0.8669,
        "estimated_landing_time": 852.0,
        "wait_time": 0,
        "Landing_success_rate": 1.0
    },
    {
        "model": 1,
        "sequence": 4,
        "status": 1,
        "fuel": 6753,
        "fault": 0.0841,
        "weapon": 0,
        "pilot_injury": 0.2226,
        "pilot_skill": 0.3967,
        "mission_priority": 0.8919,
        "estimated_landing_time": 382.0,
        "wait_time": 0,
        "Landing_success_rate": 1.0
    },
    {
        "model": 0,
        "sequence": 8,
        "status": 1,
        "fuel": 6717,
        "fault": 0.0813,
        "weapon": 0,
        "pilot_injury": 0.2332,
        "pilot_skill": 0.5813,
        "mission_priority": 0.8631,
        "estimated_landing_time": 758.0,
        "wait_time": 0,
        "Landing_success_rate": 1.0
    },
    {
        "model": 1,
        "sequence": 11,
        "status": 1,
        "fuel": 6865,
        "fault": 0.8128,
        "weapon": 0,
        "pilot_injury": 0.9077,
        "pilot_skill": 0.5919,
        "mission_priority": 0.3502,
        "estimated_landing_time": 1040.0,
        "wait_time": 0,
        "Landing_success_rate": 1.0
    }
]