[
    {
        "model": 0,
        "sequence": 10,
        "status": 1,
        "fuel": 6375,
        "fault": 0.9127,
        "weapon": 1,
        "pilot_injury": 0.1764,
        "pilot_skill": 0.4984,
        "mission_priority": 0.4189,
        "estimated_landing_time": 946.0,
        "wait_time": 0,
        "Landing_success_rate": 1.0
    },
    {
        "model": 0,
        "sequence": 5,
        "status": 1,
        "fuel": 7379,
        "fault": 0.3115,
        "weapon": 0,
        "pilot_injury": 0.5806,
        "pilot_skill": 0.6323,
        "mission_priority": 0.0131,
        "estimated_landing_time": 476.0,
        "wait_time": 0,
        "Landing_success_rate": 1.0
    },
    {
        "model": 1,
        "sequence": 12,
        "status": 1,
        "fuel": 6992,
        "fault": 0.5152,
        "weapon": 0,
        "pilot_injury": 0.9611,
        "pilot_skill": 0.1487,
        "mission_priority": 0.4146,
        "estimated_landing_time": 1134.0,
        "wait_time": 0,
        "Landing_success_rate": 1.0
    },
    {
        "model": 0,
        "sequence": 4,
        "status": 1,
        "fuel": 5975,
        "fault": 0.5351,
        "weapon": 1,
        "pilot_injury": 0.5022,
        "pilot_skill": 0.5954,
        "mission_priority": 0.0671,
        "estimated_landing_time": 382.0,
        "wait_time": 0,
        "Landing_success_rate": 1.0
    },
    {
        "model": 0,
        "sequence": 1,
        "status": 1,
        "fuel": 5714,
        "fault": 0.4268,
        "weapon": 1,
        "pilot_injury": 0.8981,
        "pilot_skill": 0.2051,
        "mission_priority": 0.1907,
        "estimated_landing_time": 100.0,
        "wait_time": 0,
        "Landing_success_rate": 1.0
    },
    {
        "model": 1,
        "sequence": 8,
        "status": 1,
        "fuel": 5928,
        "fault": 0.3777,
        "weapon": 1,
        "pilot_injury": 0.5648,
        "pilot_skill": 0.0657,
        "mission_priority": 0.7755,
        "estimated_landing_time": 758.0,
        "wait_time": 0,
        "Landing_success_rate": 1.0
    },
    {
        "model": 0,
        "sequence": 9,
        "status": 1,
        "fuel": 6698,
        "fault": 0.5276,
        "weapon": 1,
        "pilot_injury": 0.4408,
        "pilot_skill": 0.4008,
        "mission_priority": 0.5596,
        "estimated_landing_time": 852.0,
        "wait_time": 0,
        "Landing_success_rate": 1.0
    },
    {
        "model": 2,
        "sequence": 3,
        "status": 1,
        "fuel": 6330,
        "fault": 0.103,
        "weapon": 1,
        "pilot_injury": 0.8618,
        "pilot_skill": 0.9461,
        "mission_priority": 0.3733,
        "estimated_landing_time": 288.0,
        "wait_time": 0,
        "Landing_success_rate": 1.0
    },
    {
        "model": 2,
        "sequence": 11,
        "status": 1,
        "fuel": 6981,
        "fault": 0.8974,
        "weapon": 1,
        "pilot_injury": 0.4087,
        "pilot_skill": 0.0254,
        "mission_priority": 0.1562,
        "estimated_landing_time": 1040.0,
        "wait_time": 0,
        "Landing_success_rate": 1.0
    },
    {
        "model": 0,
        "sequence": 7,
        "status": 1,
        "fuel": 6701,
        "fault": 0.867,
        "weapon": 1,
        "pilot_injury": 0.0271,
        "pilot_skill": 0.222,
        "mission_priority": 0.2311,
        "estimated_landing_time": 664.0,
        "wait_time": 0,
        "Landing_success_rate": 1.0
    },
    {
        "model": 1,
        "sequence": 2,
        "status": 1,
        "fuel": 5942,
        "fault": 0.5055,
        "weapon": 1,
        "pilot_injury": 0.1041,
        "pilot_skill": 0.7999,
        "mission_priority": 0.1785,
        "estimated_landing_time": 194.0,
        "wait_time": 0,
        "Landing_success_rate": 1.0
    },
    {
        "model": 2,
        "sequence": 6,
        "status": 1,
        "fuel": 7132,
        "fault": 0.5567,
        "weapon": 1,
        "pilot_injury": 0.0994,
        "pilot_skill": 0.2432,
        "mission_priority": 0.7223,
        "estimated_landing_time": 570.0,
        "wait_time": 0,
        "Landing_success_rate": 1.0
    }
]