[
    {
        "model": 1,
        "sequence": 4,
        "status": 1,
        "fuel": 6579,
        "fault": 0.2677,
        "weapon": 0,
        "pilot_injury": 0.2631,
        "pilot_skill": 0.7244,
        "mission_priority": 0.1896,
        "estimated_landing_time": 382.0,
        "wait_time": 0,
        "Landing_success_rate": 1.0
    },
    {
        "model": 1,
        "sequence": 1,
        "status": 1,
        "fuel": 6580,
        "fault": 0.859,
        "weapon": 0,
        "pilot_injury": 0.198,
        "pilot_skill": 0.438,
        "mission_priority": 0.4087,
        "estimated_landing_time": 100.0,
        "wait_time": 0,
        "Landing_success_rate": 1.0
    },
    {
        "model": 2,
        "sequence": 11,
        "status": 1,
        "fuel": 6013,
        "fault": 0.2394,
        "weapon": 1,
        "pilot_injury": 0.5212,
        "pilot_skill": 0.1498,
        "mission_priority": 0.0656,
        "estimated_landing_time": 1040.0,
        "wait_time": 0,
        "Landing_success_rate": 1.0
    },
    {
        "model": 2,
        "sequence": 5,
        "status": 1,
        "fuel": 5632,
        "fault": 0.2962,
        "weapon": 1,
        "pilot_injury": 0.359,
        "pilot_skill": 0.8084,
        "mission_priority": 0.3881,
        "estimated_landing_time": 476.0,
        "wait_time": 0,
        "Landing_success_rate": 1.0
    },
    {
        "model": 2,
        "sequence": 8,
        "status": 1,
        "fuel": 7096,
        "fault": 0.8935,
        "weapon": 1,
        "pilot_injury": 0.0728,
        "pilot_skill": 0.9326,
        "mission_priority": 0.3946,
        "estimated_landing_time": 758.0,
        "wait_time": 0,
        "Landing_success_rate": 1.0
    },
    {
        "model": 2,
        "sequence": 3,
        "status": 1,
        "fuel": 7164,
        "fault": 0.1303,
        "weapon": 0,
        "pilot_injury": 0.6464,
        "pilot_skill": 0.8733,
        "mission_priority": 0.0416,
        "estimated_landing_time": 288.0,
        "wait_time": 0,
        "Landing_success_rate": 1.0
    },
    {
        "model": 0,
        "sequence": 12,
        "status": 1,
        "fuel": 6455,
        "fault": 0.1317,
        "weapon": 0,
        "pilot_injury": 0.6075,
        "pilot_skill": 0.5232,
        "mission_priority": 0.8745,
        "estimated_landing_time": 1134.0,
        "wait_time": 0,
        "Landing_success_rate": 1.0
    },
    {
        "model": 0,
        "sequence": 6,
        "status": 1,
        "fuel": 6205,
        "fault": 0.5276,
        "weapon": 1,
        "pilot_injury": 0.8758,
        "pilot_skill": 0.7523,
        "mission_priority": 0.0176,
        "estimated_landing_time": 570.0,
        "wait_time": 0,
        "Landing_success_rate": 1.0
    },
    {
        "model": 1,
        "sequence": 2,
        "status": 1,
        "fuel": 7064,
        "fault": 0.6941,
        "weapon": 1,
        "pilot_injury": 0.4009,
        "pilot_skill": 0.2974,
        "mission_priority": 0.6817,
        "estimated_landing_time": 194.0,
        "wait_time": 0,
        "Landing_success_rate": 1.0
    },
    {
        "model": 0,
        "sequence": 10,
        "status": 1,
        "fuel": 5886,
        "fault": 0.0727,
        "weapon": 0,
        "pilot_injury": 0.803,
        "pilot_skill": 0.4153,
        "mission_priority": 0.2835,
        "estimated_landing_time": 946.0,
        "wait_time": 0,
        "Landing_success_rate": 1.0
    },
    {
        "model": 1,
        "sequence": 9,
        "status": 1,
        "fuel": 6939,
        "fault": 0.5619,
        "weapon": 1,
        "pilot_injury": 0.7196,
        "pilot_skill": 0.3589,
        "mission_priority": 0.61,
        "estimated_landing_time": 852.0,
        "wait_time": 0,
        "Landing_success_rate": 1.0
    },
    {
        "model": 0,
        "sequence": 7,
        "status": 1,
        "fuel": 5605,
        "fault": 0.2947,
        "weapon": 1,
        "pilot_injury": 0.0249,
        "pilot_skill": 0.0039,
        "mission_priority": 0.2272,
        "estimated_landing_time": 664.0,
        "wait_time": 0,
        "Landing_success_rate": 1.0
    }
]