[
    {
        "model": 1,
        "sequence": 8,
        "status": 1,
        "fuel": 6437,
        "fault": 0.7926,
        "weapon": 1,
        "pilot_injury": 0.3765,
        "pilot_skill": 0.2321,
        "mission_priority": 0.2654,
        "estimated_landing_time": 758.0,
        "wait_time": 0,
        "Landing_success_rate": 1.0
    },
    {
        "model": 2,
        "sequence": 3,
        "status": 1,
        "fuel": 7420,
        "fault": 0.3512,
        "weapon": 0,
        "pilot_injury": 0.2939,
        "pilot_skill": 0.2371,
        "mission_priority": 0.9485,
        "estimated_landing_time": 288.0,
        "wait_time": 0,
        "Landing_success_rate": 1.0
    },
    {
        "model": 1,
        "sequence": 10,
        "status": 1,
        "fuel": 6802,
        "fault": 0.2915,
        "weapon": 1,
        "pilot_injury": 0.9245,
        "pilot_skill": 0.7858,
        "mission_priority": 0.5899,
        "estimated_landing_time": 946.0,
        "wait_time": 0,
        "Landing_success_rate": 1.0
    },
    {
        "model": 2,
        "sequence": 1,
        "status": 1,
        "fuel": 6752,
        "fault": 0.4663,
        "weapon": 0,
        "pilot_injury": 0.7025,
        "pilot_skill": 0.6153,
        "mission_priority": 0.7604,
        "estimated_landing_time": 100.0,
        "wait_time": 0,
        "Landing_success_rate": 1.0
    },
    {
        "model": 2,
        "sequence": 7,
        "status": 1,
        "fuel": 7034,
        "fault": 0.5969,
        "weapon": 0,
        "pilot_injury": 0.9352,
        "pilot_skill": 0.3758,
        "mission_priority": 0.7081,
        "estimated_landing_time": 664.0,
        "wait_time": 0,
        "Landing_success_rate": 1.0
    },
    {
        "model": 0,
        "sequence": 6,
        "status": 1,
        "fuel": 6861,
        "fault": 0.1707,
        "weapon": 0,
        "pilot_injury": 0.7629,
        "pilot_skill": 0.0455,
        "mission_priority": 0.6466,
        "estimated_landing_time": 570.0,
        "wait_time": 0,
        "Landing_success_rate": 1.0
    },
    {
        "model": 2,
        "sequence": 12,
        "status": 1,
        "fuel": 6990,
        "fault": 0.6151,
        "weapon": 0,
        "pilot_injury": 0.4683,
        "pilot_skill": 0.7736,
        "mission_priority": 0.1234,
        "estimated_landing_time": 1134.0,
        "wait_time": 0,
        "Landing_success_rate": 1.0
    },
    {
        "model": 2,
        "sequence": 2,
        "status": 1,
        "fuel": 5883,
        "fault": 0.0349,
        "weapon": 0,
        "pilot_injury": 0.853,
        "pilot_skill": 0.9284,
        "mission_priority": 0.9964,
        "estimated_landing_time": 194.0,
        "wait_time": 0,
        "Landing_success_rate": 1.0
    },
    {
        "model": 0,
        "sequence": 5,
        "status": 1,
        "fuel": 6567,
        "fault": 0.025,
        "weapon": 1,
        "pilot_injury": 0.2155,
        "pilot_skill": 0.336,
        "mission_priority": 0.4657,
        "estimated_landing_time": 476.0,
        "wait_time": 0,
        "Landing_success_rate": 1.0
    },
    {
        "model": 2,
        "sequence": 11,
        "status": 1,
        "fuel": 6760,
        "fault": 0.1116,
        "weapon": 0,
        "pilot_injury": 0.1891,
        "pilot_skill": 0.9224,
        "mission_priority": 0.6956,
        "estimated_landing_time": 1040.0,
        "wait_time": 0,
        "Landing_success_rate": 1.0
    },
    {
        "model": 0,
        "sequence": 9,
        "status": 1,
        "fuel": 5606,
        "fault": 0.8014,
        "weapon": 1,
        "pilot_injury": 0.0555,
        "pilot_skill": 0.5685,
        "mission_priority": 0.6515,
        "estimated_landing_time": 852.0,
        "wait_time": 0,
        "Landing_success_rate": 1.0
    },
    {
        "model": 1,
        "sequence": 4,
        "status": 1,
        "fuel": 7004,
        "fault": 0.2369,
        "weapon": 0,
        "pilot_injury": 0.8565,
        "pilot_skill": 0.8351,
        "mission_priority": 0.9274,
        "estimated_landing_time": 382.0,
        "wait_time": 0,
        "Landing_success_rate": 1.0
    }
]