[
    {
        "model": 2,
        "sequence": 11,
        "status": 1,
        "fuel": 6423,
        "fault": 0.0733,
        "weapon": 1,
        "pilot_injury": 0.7477,
        "pilot_skill": 0.5507,
        "mission_priority": 0.8168,
        "estimated_landing_time": 1040.0,
        "wait_time": 0,
        "Landing_success_rate": 1.0
    },
    {
        "model": 2,
        "sequence": 6,
        "status": 1,
        "fuel": 6714,
        "fault": 0.8588,
        "weapon": 0,
        "pilot_injury": 0.6038,
        "pilot_skill": 0.4933,
        "mission_priority": 0.0401,
        "estimated_landing_time": 570.0,
        "wait_time": 0,
        "Landing_success_rate": 1.0
    },
    {
        "model": 0,
        "sequence": 1,
        "status": 1,
        "fuel": 7145,
        "fault": 0.6169,
        "weapon": 1,
        "pilot_injury": 0.1522,
        "pilot_skill": 0.6667,
        "mission_priority": 0.2843,
        "estimated_landing_time": 100.0,
        "wait_time": 0,
        "Landing_success_rate": 1.0
    },
    {
        "model": 0,
        "sequence": 4,
        "status": 1,
        "fuel": 5647,
        "fault": 0.6361,
        "weapon": 0,
        "pilot_injury": 0.4457,
        "pilot_skill": 0.8361,
        "mission_priority": 0.265,
        "estimated_landing_time": 382.0,
        "wait_time": 0,
        "Landing_success_rate": 1.0
    },
    {
        "model": 2,
        "sequence": 5,
        "status": 1,
        "fuel": 7015,
        "fault": 0.1537,
        "weapon": 0,
        "pilot_injury": 0.6636,
        "pilot_skill": 0.784,
        "mission_priority": 0.3948,
        "estimated_landing_time": 476.0,
        "wait_time": 0,
        "Landing_success_rate": 1.0
    },
    {
        "model": 2,
        "sequence": 3,
        "status": 1,
        "fuel": 6843,
        "fault": 0.018,
        "weapon": 1,
        "pilot_injury": 0.9326,
        "pilot_skill": 0.3831,
        "mission_priority": 0.7295,
        "estimated_landing_time": 288.0,
        "wait_time": 0,
        "Landing_success_rate": 1.0
    },
    {
        "model": 2,
        "sequence": 8,
        "status": 1,
        "fuel": 6188,
        "fault": 0.7953,
        "weapon": 0,
        "pilot_injury": 0.4871,
        "pilot_skill": 0.8783,
        "mission_priority": 0.5273,
        "estimated_landing_time": 758.0,
        "wait_time": 0,
        "Landing_success_rate": 1.0
    },
    {
        "model": 0,
        "sequence": 2,
        "status": 1,
        "fuel": 7006,
        "fault": 0.4677,
        "weapon": 0,
        "pilot_injury": 0.4904,
        "pilot_skill": 0.1197,
        "mission_priority": 0.8027,
        "estimated_landing_time": 194.0,
        "wait_time": 0,
        "Landing_success_rate": 1.0
    },
    {
        "model": 2,
        "sequence": 7,
        "status": 1,
        "fuel": 5513,
        "fault": 0.5559,
        "weapon": 1,
        "pilot_injury": 0.9108,
        "pilot_skill": 0.9433,
        "mission_priority": 0.5202,
        "estimated_landing_time": 664.0,
        "wait_time": 0,
        "Landing_success_rate": 1.0
    },
    {
        "model": 1,
        "sequence": 12,
        "status": 1,
        "fuel": 6695,
        "fault": 0.4366,
        "weapon": 0,
        "pilot_injury": 0.131,
        "pilot_skill": 0.601,
        "mission_priority": 0.0343,
        "estimated_landing_time": 1134.0,
        "wait_time": 0,
        "Landing_success_rate": 1.0
    },
    {
        "model": 0,
        "sequence": 10,
        "status": 1,
        "fuel": 6941,
        "fault": 0.2423,
        "weapon": 1,
        "pilot_injury": 0.1829,
        "pilot_skill": 0.365,
        "mission_priority": 0.4324,
        "estimated_landing_time": 946.0,
        "wait_time": 0,
        "Landing_success_rate": 1.0
    },
    {
        "model": 2,
        "sequence": 9,
        "status": 1,
        "fuel": 6079,
        "fault": 0.973,
        "weapon": 0,
        "pilot_injury": 0.5037,
        "pilot_skill": 0.1826,
        "mission_priority": 0.574,
        "estimated_landing_time": 852.0,
        "wait_time": 0,
        "Landing_success_rate": 1.0
    }
]