[
    {
        "model": 0,
        "sequence": 6,
        "status": 1,
        "fuel": 5909,
        "fault": 0.8901,
        "weapon": 0,
        "pilot_injury": 0.4158,
        "pilot_skill": 0.5486,
        "mission_priority": 0.4027,
        "estimated_landing_time": 570.0,
        "wait_time": 0,
        "Landing_success_rate": 1.0
    },
    {
        "model": 0,
        "sequence": 7,
        "status": 1,
        "fuel": 6866,
        "fault": 0.5686,
        "weapon": 1,
        "pilot_injury": 0.1352,
        "pilot_skill": 0.6755,
        "mission_priority": 0.396,
        "estimated_landing_time": 664.0,
        "wait_time": 0,
        "Landing_success_rate": 1.0
    },
    {
        "model": 0,
        "sequence": 10,
        "status": 1,
        "fuel": 7081,
        "fault": 0.0111,
        "weapon": 0,
        "pilot_injury": 0.9493,
        "pilot_skill": 0.8796,
        "mission_priority": 0.907,
        "estimated_landing_time": 946.0,
        "wait_time": 0,
        "Landing_success_rate": 1.0
    },
    {
        "model": 2,
        "sequence": 2,
        "status": 1,
        "fuel": 7444,
        "fault": 0.4091,
        "weapon": 1,
        "pilot_injury": 0.3554,
        "pilot_skill": 0.6692,
        "mission_priority": 0.4838,
        "estimated_landing_time": 194.0,
        "wait_time": 0,
        "Landing_success_rate": 1.0
    },
    {
        "model": 2,
        "sequence": 5,
        "status": 1,
        "fuel": 6418,
        "fault": 0.589,
        "weapon": 0,
        "pilot_injury": 0.5938,
        "pilot_skill": 0.5756,
        "mission_priority": 0.1615,
        "estimated_landing_time": 476.0,
        "wait_time": 0,
        "Landing_success_rate": 1.0
    },
    {
        "model": 2,
        "sequence": 8,
        "status": 1,
        "fuel": 5812,
        "fault": 0.1988,
        "weapon": 0,
        "pilot_injury": 0.5703,
        "pilot_skill": 0.2101,
        "mission_priority": 0.7423,
        "estimated_landing_time": 758.0,
        "wait_time": 0,
        "Landing_success_rate": 1.0
    },
    {
        "model": 1,
        "sequence": 9,
        "status": 1,
        "fuel": 6179,
        "fault": 0.2545,
        "weapon": 0,
        "pilot_injury": 0.7802,
        "pilot_skill": 0.5639,
        "mission_priority": 0.2612,
        "estimated_landing_time": 852.0,
        "wait_time": 0,
        "Landing_success_rate": 1.0
    },
    {
        "model": 2,
        "sequence": 4,
        "status": 1,
        "fuel": 6148,
        "fault": 0.7447,
        "weapon": 0,
        "pilot_injury": 0.7962,
        "pilot_skill": 0.735,
        "mission_priority": 0.6101,
        "estimated_landing_time": 382.0,
        "wait_time": 0,
        "Landing_success_rate": 1.0
    },
    {
        "model": 1,
        "sequence": 3,
        "status": 1,
        "fuel": 7112,
        "fault": 0.4405,
        "weapon": 1,
        "pilot_injury": 0.2613,
        "pilot_skill": 0.4191,
        "mission_priority": 0.5993,
        "estimated_landing_time": 288.0,
        "wait_time": 0,
        "Landing_success_rate": 1.0
    },
    {
        "model": 2,
        "sequence": 1,
        "status": 1,
        "fuel": 6436,
        "fault": 0.1828,
        "weapon": 1,
        "pilot_injury": 0.0065,
        "pilot_skill": 0.4962,
        "mission_priority": 0.2856,
        "estimated_landing_time": 100.0,
        "wait_time": 0,
        "Landing_success_rate": 1.0
    },
    {
        "model": 1,
        "sequence": 11,
        "status": 1,
        "fuel": 6049,
        "fault": 0.0913,
        "weapon": 0,
        "pilot_injury": 0.5848,
        "pilot_skill": 0.9415,
        "mission_priority": 0.1744,
        "estimated_landing_time": 1040.0,
        "wait_time": 0,
        "Landing_success_rate": 1.0
    },
    {
        "model": 2,
        "sequence": 12,
        "status": 1,
        "fuel": 6878,
        "fault": 0.0609,
        "weapon": 0,
        "pilot_injury": 0.6257,
        "pilot_skill": 0.5505,
        "mission_priority": 0.4074,
        "estimated_landing_time": 1134.0,
        "wait_time": 0,
        "Landing_success_rate": 1.0
    }
]