[
    {
        "model": 1,
        "sequence": 5,
        "status": 1,
        "fuel": 6497,
        "fault": 0.056,
        "weapon": 0,
        "pilot_injury": 0.8628,
        "pilot_skill": 0.1629,
        "mission_priority": 0.8124,
        "estimated_landing_time": 476.0,
        "wait_time": 0,
        "Landing_success_rate": 1.0
    },
    {
        "model": 2,
        "sequence": 1,
        "status": 1,
        "fuel": 6680,
        "fault": 0.4402,
        "weapon": 0,
        "pilot_injury": 0.2653,
        "pilot_skill": 0.904,
        "mission_priority": 0.3207,
        "estimated_landing_time": 100.0,
        "wait_time": 0,
        "Landing_success_rate": 1.0
    },
    {
        "model": 0,
        "sequence": 3,
        "status": 1,
        "fuel": 7097,
        "fault": 0.254,
        "weapon": 1,
        "pilot_injury": 0.0439,
        "pilot_skill": 0.7204,
        "mission_priority": 0.4445,
        "estimated_landing_time": 288.0,
        "wait_time": 0,
        "Landing_success_rate": 1.0
    },
    {
        "model": 0,
        "sequence": 12,
        "status": 1,
        "fuel": 5638,
        "fault": 0.3258,
        "weapon": 0,
        "pilot_injury": 0.67,
        "pilot_skill": 0.0004,
        "mission_priority": 0.8059,
        "estimated_landing_time": 1134.0,
        "wait_time": 0,
        "Landing_success_rate": 1.0
    },
    {
        "model": 2,
        "sequence": 11,
        "status": 1,
        "fuel": 6481,
        "fault": 0.0797,
        "weapon": 0,
        "pilot_injury": 0.3862,
        "pilot_skill": 0.4849,
        "mission_priority": 0.355,
        "estimated_landing_time": 1040.0,
        "wait_time": 0,
        "Landing_success_rate": 1.0
    },
    {
        "model": 1,
        "sequence": 4,
        "status": 1,
        "fuel": 5824,
        "fault": 0.1262,
        "weapon": 1,
        "pilot_injury": 0.6416,
        "pilot_skill": 0.0234,
        "mission_priority": 0.4302,
        "estimated_landing_time": 382.0,
        "wait_time": 0,
        "Landing_success_rate": 1.0
    },
    {
        "model": 0,
        "sequence": 6,
        "status": 1,
        "fuel": 5997,
        "fault": 0.6599,
        "weapon": 0,
        "pilot_injury": 0.0946,
        "pilot_skill": 0.7584,
        "mission_priority": 0.606,
        "estimated_landing_time": 570.0,
        "wait_time": 0,
        "Landing_success_rate": 1.0
    },
    {
        "model": 2,
        "sequence": 8,
        "status": 1,
        "fuel": 5537,
        "fault": 0.0505,
        "weapon": 0,
        "pilot_injury": 0.1405,
        "pilot_skill": 0.6225,
        "mission_priority": 0.2078,
        "estimated_landing_time": 758.0,
        "wait_time": 0,
        "Landing_success_rate": 1.0
    },
    {
        "model": 2,
        "sequence": 2,
        "status": 1,
        "fuel": 6681,
        "fault": 0.8566,
        "weapon": 1,
        "pilot_injury": 0.2835,
        "pilot_skill": 0.9484,
        "mission_priority": 0.8425,
        "estimated_landing_time": 194.0,
        "wait_time": 0,
        "Landing_success_rate": 1.0
    },
    {
        "model": 0,
        "sequence": 9,
        "status": 1,
        "fuel": 5568,
        "fault": 0.9619,
        "weapon": 1,
        "pilot_injury": 0.1061,
        "pilot_skill": 0.4928,
        "mission_priority": 0.1607,
        "estimated_landing_time": 852.0,
        "wait_time": 0,
        "Landing_success_rate": 1.0
    },
    {
        "model": 2,
        "sequence": 10,
        "status": 1,
        "fuel": 6245,
        "fault": 0.8958,
        "weapon": 0,
        "pilot_injury": 0.4875,
        "pilot_skill": 0.3641,
        "mission_priority": 0.6394,
        "estimated_landing_time": 946.0,
        "wait_time": 0,
        "Landing_success_rate": 1.0
    },
    {
        "model": 1,
        "sequence": 7,
        "status": 1,
        "fuel": 7475,
        "fault": 0.6304,
        "weapon": 1,
        "pilot_injury": 0.2747,
        "pilot_skill": 0.8878,
        "mission_priority": 0.0406,
        "estimated_landing_time": 664.0,
        "wait_time": 0,
        "Landing_success_rate": 1.0
    }
]