[
    {
        "model": 2,
        "sequence": 10,
        "status": 1,
        "fuel": 7430,
        "fault": 0.5052,
        "weapon": 1,
        "pilot_injury": 0.9884,
        "pilot_skill": 0.4854,
        "mission_priority": 0.1224,
        "estimated_landing_time": 946.0,
        "wait_time": 0,
        "Landing_success_rate": 1.0
    },
    {
        "model": 2,
        "sequence": 2,
        "status": 1,
        "fuel": 6169,
        "fault": 0.6347,
        "weapon": 1,
        "pilot_injury": 0.9971,
        "pilot_skill": 0.9798,
        "mission_priority": 0.6561,
        "estimated_landing_time": 194.0,
        "wait_time": 0,
        "Landing_success_rate": 1.0
    },
    {
        "model": 0,
        "sequence": 1,
        "status": 1,
        "fuel": 7163,
        "fault": 0.0126,
        "weapon": 0,
        "pilot_injury": 0.093,
        "pilot_skill": 0.0294,
        "mission_priority": 0.823,
        "estimated_landing_time": 100.0,
        "wait_time": 0,
        "Landing_success_rate": 1.0
    },
    {
        "model": 2,
        "sequence": 9,
        "status": 1,
        "fuel": 7189,
        "fault": 0.0794,
        "weapon": 0,
        "pilot_injury": 0.9735,
        "pilot_skill": 0.3368,
        "mission_priority": 0.2965,
        "estimated_landing_time": 852.0,
        "wait_time": 0,
        "Landing_success_rate": 1.0
    },
    {
        "model": 2,
        "sequence": 3,
        "status": 1,
        "fuel": 7009,
        "fault": 0.5408,
        "weapon": 0,
        "pilot_injury": 0.7596,
        "pilot_skill": 0.9881,
        "mission_priority": 0.9013,
        "estimated_landing_time": 288.0,
        "wait_time": 0,
        "Landing_success_rate": 1.0
    },
    {
        "model": 1,
        "sequence": 7,
        "status": 1,
        "fuel": 6887,
        "fault": 0.4593,
        "weapon": 0,
        "pilot_injury": 0.2543,
        "pilot_skill": 0.8193,
        "mission_priority": 0.8798,
        "estimated_landing_time": 664.0,
        "wait_time": 0,
        "Landing_success_rate": 1.0
    },
    {
        "model": 2,
        "sequence": 8,
        "status": 1,
        "fuel": 7321,
        "fault": 0.1738,
        "weapon": 0,
        "pilot_injury": 0.1129,
        "pilot_skill": 0.0872,
        "mission_priority": 0.7191,
        "estimated_landing_time": 758.0,
        "wait_time": 0,
        "Landing_success_rate": 1.0
    },
    {
        "model": 1,
        "sequence": 6,
        "status": 1,
        "fuel": 7198,
        "fault": 0.142,
        "weapon": 0,
        "pilot_injury": 0.7397,
        "pilot_skill": 0.1913,
        "mission_priority": 0.6138,
        "estimated_landing_time": 570.0,
        "wait_time": 0,
        "Landing_success_rate": 1.0
    },
    {
        "model": 0,
        "sequence": 4,
        "status": 1,
        "fuel": 5778,
        "fault": 0.6209,
        "weapon": 1,
        "pilot_injury": 0.7381,
        "pilot_skill": 0.8062,
        "mission_priority": 0.8437,
        "estimated_landing_time": 382.0,
        "wait_time": 0,
        "Landing_success_rate": 1.0
    },
    {
        "model": 0,
        "sequence": 5,
        "status": 1,
        "fuel": 7382,
        "fault": 0.6341,
        "weapon": 1,
        "pilot_injury": 0.7393,
        "pilot_skill": 0.1063,
        "mission_priority": 0.3149,
        "estimated_landing_time": 476.0,
        "wait_time": 0,
        "Landing_success_rate": 1.0
    },
    {
        "model": 2,
        "sequence": 11,
        "status": 1,
        "fuel": 5747,
        "fault": 0.0696,
        "weapon": 0,
        "pilot_injury": 0.1671,
        "pilot_skill": 0.6553,
        "mission_priority": 0.9917,
        "estimated_landing_time": 1040.0,
        "wait_time": 0,
        "Landing_success_rate": 1.0
    },
    {
        "model": 0,
        "sequence": 12,
        "status": 1,
        "fuel": 7282,
        "fault": 0.2793,
        "weapon": 0,
        "pilot_injury": 0.3404,
        "pilot_skill": 0.8664,
        "mission_priority": 0.2155,
        "estimated_landing_time": 1134.0,
        "wait_time": 0,
        "Landing_success_rate": 1.0
    }
]