[
    {
        "model": 1,
        "sequence": 11,
        "status": 1,
        "fuel": 7420,
        "fault": 0.8174,
        "weapon": 1,
        "pilot_injury": 0.3359,
        "pilot_skill": 0.8251,
        "mission_priority": 0.3631,
        "estimated_landing_time": 1040.0,
        "wait_time": 0,
        "Landing_success_rate": 1.0
    },
    {
        "model": 2,
        "sequence": 6,
        "status": 1,
        "fuel": 6642,
        "fault": 0.2681,
        "weapon": 0,
        "pilot_injury": 0.3452,
        "pilot_skill": 0.7738,
        "mission_priority": 0.3628,
        "estimated_landing_time": 570.0,
        "wait_time": 0,
        "Landing_success_rate": 1.0
    },
    {
        "model": 0,
        "sequence": 2,
        "status": 1,
        "fuel": 6576,
        "fault": 0.2945,
        "weapon": 1,
        "pilot_injury": 0.9745,
        "pilot_skill": 0.7798,
        "mission_priority": 0.1142,
        "estimated_landing_time": 194.0,
        "wait_time": 0,
        "Landing_success_rate": 1.0
    },
    {
        "model": 1,
        "sequence": 12,
        "status": 1,
        "fuel": 6681,
        "fault": 0.4874,
        "weapon": 1,
        "pilot_injury": 0.4711,
        "pilot_skill": 0.1821,
        "mission_priority": 0.4848,
        "estimated_landing_time": 1134.0,
        "wait_time": 0,
        "Landing_success_rate": 1.0
    },
    {
        "model": 0,
        "sequence": 4,
        "status": 1,
        "fuel": 6732,
        "fault": 0.2687,
        "weapon": 1,
        "pilot_injury": 0.6988,
        "pilot_skill": 0.4026,
        "mission_priority": 0.218,
        "estimated_landing_time": 382.0,
        "wait_time": 0,
        "Landing_success_rate": 1.0
    },
    {
        "model": 1,
        "sequence": 9,
        "status": 1,
        "fuel": 6801,
        "fault": 0.8349,
        "weapon": 1,
        "pilot_injury": 0.1323,
        "pilot_skill": 0.9006,
        "mission_priority": 0.6912,
        "estimated_landing_time": 852.0,
        "wait_time": 0,
        "Landing_success_rate": 1.0
    },
    {
        "model": 2,
        "sequence": 10,
        "status": 1,
        "fuel": 6304,
        "fault": 0.0184,
        "weapon": 1,
        "pilot_injury": 0.5297,
        "pilot_skill": 0.8151,
        "mission_priority": 0.4981,
        "estimated_landing_time": 946.0,
        "wait_time": 0,
        "Landing_success_rate": 1.0
    },
    {
        "model": 2,
        "sequence": 8,
        "status": 1,
        "fuel": 5533,
        "fault": 0.5542,
        "weapon": 0,
        "pilot_injury": 0.4975,
        "pilot_skill": 0.7202,
        "mission_priority": 0.1066,
        "estimated_landing_time": 758.0,
        "wait_time": 0,
        "Landing_success_rate": 1.0
    },
    {
        "model": 1,
        "sequence": 3,
        "status": 1,
        "fuel": 5841,
        "fault": 0.1369,
        "weapon": 0,
        "pilot_injury": 0.2665,
        "pilot_skill": 0.7322,
        "mission_priority": 0.2507,
        "estimated_landing_time": 288.0,
        "wait_time": 0,
        "Landing_success_rate": 1.0
    },
    {
        "model": 2,
        "sequence": 5,
        "status": 1,
        "fuel": 7272,
        "fault": 0.665,
        "weapon": 0,
        "pilot_injury": 0.5733,
        "pilot_skill": 0.8381,
        "mission_priority": 0.4044,
        "estimated_landing_time": 476.0,
        "wait_time": 0,
        "Landing_success_rate": 1.0
    },
    {
        "model": 1,
        "sequence": 7,
        "status": 1,
        "fuel": 6201,
        "fault": 0.5189,
        "weapon": 1,
        "pilot_injury": 0.3539,
        "pilot_skill": 0.9586,
        "mission_priority": 0.1844,
        "estimated_landing_time": 664.0,
        "wait_time": 0,
        "Landing_success_rate": 1.0
    },
    {
        "model": 2,
        "sequence": 1,
        "status": 1,
        "fuel": 6192,
        "fault": 0.6032,
        "weapon": 1,
        "pilot_injury": 0.0682,
        "pilot_skill": 0.8371,
        "mission_priority": 0.4372,
        "estimated_landing_time": 100.0,
        "wait_time": 0,
        "Landing_success_rate": 1.0
    }
]