[
    {
        "model": 0,
        "sequence": 4,
        "status": 1,
        "fuel": 5651,
        "fault": 0.081,
        "weapon": 0,
        "pilot_injury": 0.1955,
        "pilot_skill": 0.1662,
        "mission_priority": 0.9165,
        "estimated_landing_time": 382.0,
        "wait_time": 0,
        "Landing_success_rate": 1.0
    },
    {
        "model": 0,
        "sequence": 12,
        "status": 1,
        "fuel": 6605,
        "fault": 0.2013,
        "weapon": 1,
        "pilot_injury": 0.7598,
        "pilot_skill": 0.3388,
        "mission_priority": 0.9521,
        "estimated_landing_time": 1134.0,
        "wait_time": 0,
        "Landing_success_rate": 1.0
    },
    {
        "model": 1,
        "sequence": 7,
        "status": 1,
        "fuel": 6927,
        "fault": 0.5831,
        "weapon": 0,
        "pilot_injury": 0.8809,
        "pilot_skill": 0.0496,
        "mission_priority": 0.2571,
        "estimated_landing_time": 664.0,
        "wait_time": 0,
        "Landing_success_rate": 1.0
    },
    {
        "model": 0,
        "sequence": 9,
        "status": 1,
        "fuel": 7306,
        "fault": 0.2166,
        "weapon": 0,
        "pilot_injury": 0.7439,
        "pilot_skill": 0.9192,
        "mission_priority": 0.4238,
        "estimated_landing_time": 852.0,
        "wait_time": 0,
        "Landing_success_rate": 1.0
    },
    {
        "model": 0,
        "sequence": 6,
        "status": 1,
        "fuel": 5653,
        "fault": 0.2618,
        "weapon": 0,
        "pilot_injury": 0.4449,
        "pilot_skill": 0.489,
        "mission_priority": 0.3516,
        "estimated_landing_time": 570.0,
        "wait_time": 0,
        "Landing_success_rate": 1.0
    },
    {
        "model": 0,
        "sequence": 11,
        "status": 1,
        "fuel": 6309,
        "fault": 0.5536,
        "weapon": 1,
        "pilot_injury": 0.7622,
        "pilot_skill": 0.8118,
        "mission_priority": 0.3418,
        "estimated_landing_time": 1040.0,
        "wait_time": 0,
        "Landing_success_rate": 1.0
    },
    {
        "model": 0,
        "sequence": 3,
        "status": 1,
        "fuel": 7398,
        "fault": 0.7963,
        "weapon": 1,
        "pilot_injury": 0.3633,
        "pilot_skill": 0.7939,
        "mission_priority": 0.941,
        "estimated_landing_time": 288.0,
        "wait_time": 0,
        "Landing_success_rate": 1.0
    },
    {
        "model": 1,
        "sequence": 10,
        "status": 1,
        "fuel": 7298,
        "fault": 0.3392,
        "weapon": 1,
        "pilot_injury": 0.8051,
        "pilot_skill": 0.845,
        "mission_priority": 0.3951,
        "estimated_landing_time": 946.0,
        "wait_time": 0,
        "Landing_success_rate": 1.0
    },
    {
        "model": 0,
        "sequence": 8,
        "status": 1,
        "fuel": 6060,
        "fault": 0.02,
        "weapon": 1,
        "pilot_injury": 0.6738,
        "pilot_skill": 0.4504,
        "mission_priority": 0.749,
        "estimated_landing_time": 758.0,
        "wait_time": 0,
        "Landing_success_rate": 1.0
    },
    {
        "model": 1,
        "sequence": 2,
        "status": 1,
        "fuel": 6359,
        "fault": 0.6192,
        "weapon": 1,
        "pilot_injury": 0.1864,
        "pilot_skill": 0.7494,
        "mission_priority": 0.5457,
        "estimated_landing_time": 194.0,
        "wait_time": 0,
        "Landing_success_rate": 1.0
    },
    {
        "model": 0,
        "sequence": 5,
        "status": 1,
        "fuel": 5589,
        "fault": 0.5964,
        "weapon": 0,
        "pilot_injury": 0.7486,
        "pilot_skill": 0.4826,
        "mission_priority": 0.216,
        "estimated_landing_time": 476.0,
        "wait_time": 0,
        "Landing_success_rate": 1.0
    },
    {
        "model": 0,
        "sequence": 1,
        "status": 1,
        "fuel": 6959,
        "fault": 0.5314,
        "weapon": 1,
        "pilot_injury": 0.9571,
        "pilot_skill": 0.4271,
        "mission_priority": 0.4751,
        "estimated_landing_time": 100.0,
        "wait_time": 0,
        "Landing_success_rate": 1.0
    }
]