[
    {
        "model": 0,
        "sequence": 7,
        "status": 1,
        "fuel": 5868,
        "fault": 0.5663,
        "weapon": 0,
        "pilot_injury": 0.7241,
        "pilot_skill": 0.8122,
        "mission_priority": 0.6791,
        "estimated_landing_time": 664.0,
        "wait_time": 0,
        "Landing_success_rate": 1.0
    },
    {
        "model": 1,
        "sequence": 6,
        "status": 1,
        "fuel": 6066,
        "fault": 0.5246,
        "weapon": 0,
        "pilot_injury": 0.8609,
        "pilot_skill": 0.8216,
        "mission_priority": 0.1223,
        "estimated_landing_time": 570.0,
        "wait_time": 0,
        "Landing_success_rate": 1.0
    },
    {
        "model": 0,
        "sequence": 8,
        "status": 1,
        "fuel": 6122,
        "fault": 0.3355,
        "weapon": 0,
        "pilot_injury": 0.2537,
        "pilot_skill": 0.8698,
        "mission_priority": 0.432,
        "estimated_landing_time": 758.0,
        "wait_time": 0,
        "Landing_success_rate": 1.0
    },
    {
        "model": 2,
        "sequence": 9,
        "status": 1,
        "fuel": 6783,
        "fault": 0.111,
        "weapon": 1,
        "pilot_injury": 0.0039,
        "pilot_skill": 0.4955,
        "mission_priority": 0.1002,
        "estimated_landing_time": 852.0,
        "wait_time": 0,
        "Landing_success_rate": 1.0
    },
    {
        "model": 1,
        "sequence": 3,
        "status": 1,
        "fuel": 5584,
        "fault": 0.8084,
        "weapon": 0,
        "pilot_injury": 0.4436,
        "pilot_skill": 0.087,
        "mission_priority": 0.2867,
        "estimated_landing_time": 288.0,
        "wait_time": 0,
        "Landing_success_rate": 1.0
    },
    {
        "model": 1,
        "sequence": 5,
        "status": 1,
        "fuel": 7166,
        "fault": 0.9043,
        "weapon": 1,
        "pilot_injury": 0.6472,
        "pilot_skill": 0.9174,
        "mission_priority": 0.6798,
        "estimated_landing_time": 476.0,
        "wait_time": 0,
        "Landing_success_rate": 1.0
    },
    {
        "model": 1,
        "sequence": 11,
        "status": 1,
        "fuel": 7049,
        "fault": 0.4955,
        "weapon": 1,
        "pilot_injury": 0.2507,
        "pilot_skill": 0.8945,
        "mission_priority": 0.7151,
        "estimated_landing_time": 1040.0,
        "wait_time": 0,
        "Landing_success_rate": 1.0
    },
    {
        "model": 2,
        "sequence": 2,
        "status": 1,
        "fuel": 6686,
        "fault": 0.5101,
        "weapon": 0,
        "pilot_injury": 0.4142,
        "pilot_skill": 0.0446,
        "mission_priority": 0.7844,
        "estimated_landing_time": 194.0,
        "wait_time": 0,
        "Landing_success_rate": 1.0
    },
    {
        "model": 2,
        "sequence": 4,
        "status": 1,
        "fuel": 7187,
        "fault": 0.5284,
        "weapon": 0,
        "pilot_injury": 0.8998,
        "pilot_skill": 0.3362,
        "mission_priority": 0.2943,
        "estimated_landing_time": 382.0,
        "wait_time": 0,
        "Landing_success_rate": 1.0
    },
    {
        "model": 1,
        "sequence": 1,
        "status": 1,
        "fuel": 6639,
        "fault": 0.7589,
        "weapon": 0,
        "pilot_injury": 0.515,
        "pilot_skill": 0.1307,
        "mission_priority": 0.2151,
        "estimated_landing_time": 100.0,
        "wait_time": 0,
        "Landing_success_rate": 1.0
    },
    {
        "model": 0,
        "sequence": 12,
        "status": 1,
        "fuel": 7218,
        "fault": 0.9227,
        "weapon": 0,
        "pilot_injury": 0.8365,
        "pilot_skill": 0.95,
        "mission_priority": 0.8056,
        "estimated_landing_time": 1134.0,
        "wait_time": 0,
        "Landing_success_rate": 1.0
    },
    {
        "model": 2,
        "sequence": 10,
        "status": 1,
        "fuel": 5768,
        "fault": 0.8913,
        "weapon": 0,
        "pilot_injury": 0.3514,
        "pilot_skill": 0.1671,
        "mission_priority": 0.0334,
        "estimated_landing_time": 946.0,
        "wait_time": 0,
        "Landing_success_rate": 1.0
    }
]