[
    {
        "model": 0,
        "sequence": 5,
        "status": 1,
        "fuel": 7101,
        "fault": 0.6859,
        "weapon": 0,
        "pilot_injury": 0.2825,
        "pilot_skill": 0.5552,
        "mission_priority": 0.7304,
        "estimated_landing_time": 476.0,
        "wait_time": 0,
        "Landing_success_rate": 1.0
    },
    {
        "model": 1,
        "sequence": 9,
        "status": 1,
        "fuel": 7301,
        "fault": 0.3697,
        "weapon": 0,
        "pilot_injury": 0.9514,
        "pilot_skill": 0.3615,
        "mission_priority": 0.7777,
        "estimated_landing_time": 852.0,
        "wait_time": 0,
        "Landing_success_rate": 1.0
    },
    {
        "model": 2,
        "sequence": 10,
        "status": 1,
        "fuel": 7149,
        "fault": 0.1055,
        "weapon": 1,
        "pilot_injury": 0.4479,
        "pilot_skill": 0.5305,
        "mission_priority": 0.4158,
        "estimated_landing_time": 946.0,
        "wait_time": 0,
        "Landing_success_rate": 1.0
    },
    {
        "model": 2,
        "sequence": 6,
        "status": 1,
        "fuel": 6849,
        "fault": 0.052,
        "weapon": 1,
        "pilot_injury": 0.2397,
        "pilot_skill": 0.3726,
        "mission_priority": 0.2303,
        "estimated_landing_time": 570.0,
        "wait_time": 0,
        "Landing_success_rate": 1.0
    },
    {
        "model": 1,
        "sequence": 3,
        "status": 1,
        "fuel": 6744,
        "fault": 0.9761,
        "weapon": 0,
        "pilot_injury": 0.3202,
        "pilot_skill": 0.9134,
        "mission_priority": 0.4092,
        "estimated_landing_time": 288.0,
        "wait_time": 0,
        "Landing_success_rate": 1.0
    },
    {
        "model": 2,
        "sequence": 8,
        "status": 1,
        "fuel": 7223,
        "fault": 0.4408,
        "weapon": 0,
        "pilot_injury": 0.2476,
        "pilot_skill": 0.8073,
        "mission_priority": 0.763,
        "estimated_landing_time": 758.0,
        "wait_time": 0,
        "Landing_success_rate": 1.0
    },
    {
        "model": 2,
        "sequence": 12,
        "status": 1,
        "fuel": 6868,
        "fault": 0.0474,
        "weapon": 1,
        "pilot_injury": 0.9106,
        "pilot_skill": 0.9623,
        "mission_priority": 0.4279,
        "estimated_landing_time": 1134.0,
        "wait_time": 0,
        "Landing_success_rate": 1.0
    },
    {
        "model": 0,
        "sequence": 2,
        "status": 1,
        "fuel": 5727,
        "fault": 0.7423,
        "weapon": 0,
        "pilot_injury": 0.6848,
        "pilot_skill": 0.1254,
        "mission_priority": 0.7865,
        "estimated_landing_time": 194.0,
        "wait_time": 0,
        "Landing_success_rate": 1.0
    },
    {
        "model": 0,
        "sequence": 4,
        "status": 1,
        "fuel": 5541,
        "fault": 0.6634,
        "weapon": 1,
        "pilot_injury": 0.331,
        "pilot_skill": 0.7403,
        "mission_priority": 0.3128,
        "estimated_landing_time": 382.0,
        "wait_time": 0,
        "Landing_success_rate": 1.0
    },
    {
        "model": 0,
        "sequence": 11,
        "status": 1,
        "fuel": 5902,
        "fault": 0.1717,
        "weapon": 0,
        "pilot_injury": 0.7939,
        "pilot_skill": 0.9893,
        "mission_priority": 0.6792,
        "estimated_landing_time": 1040.0,
        "wait_time": 0,
        "Landing_success_rate": 1.0
    },
    {
        "model": 1,
        "sequence": 1,
        "status": 1,
        "fuel": 6562,
        "fault": 0.6549,
        "weapon": 0,
        "pilot_injury": 0.3381,
        "pilot_skill": 0.1079,
        "mission_priority": 0.2623,
        "estimated_landing_time": 100.0,
        "wait_time": 0,
        "Landing_success_rate": 1.0
    },
    {
        "model": 2,
        "sequence": 7,
        "status": 1,
        "fuel": 6388,
        "fault": 0.8674,
        "weapon": 0,
        "pilot_injury": 0.5202,
        "pilot_skill": 0.5671,
        "mission_priority": 0.5612,
        "estimated_landing_time": 664.0,
        "wait_time": 0,
        "Landing_success_rate": 1.0
    }
]