[
    {
        "model": 0,
        "sequence": 12,
        "status": 1,
        "fuel": 6575,
        "fault": 0.2198,
        "weapon": 0,
        "pilot_injury": 0.1483,
        "pilot_skill": 0.8553,
        "mission_priority": 0.6751,
        "estimated_landing_time": 1134.0,
        "wait_time": 0,
        "Landing_success_rate": 1.0
    },
    {
        "model": 1,
        "sequence": 10,
        "status": 1,
        "fuel": 6612,
        "fault": 0.8444,
        "weapon": 1,
        "pilot_injury": 0.9265,
        "pilot_skill": 0.0322,
        "mission_priority": 0.4625,
        "estimated_landing_time": 946.0,
        "wait_time": 0,
        "Landing_success_rate": 1.0
    },
    {
        "model": 2,
        "sequence": 8,
        "status": 1,
        "fuel": 6191,
        "fault": 0.1991,
        "weapon": 1,
        "pilot_injury": 0.8396,
        "pilot_skill": 0.3604,
        "mission_priority": 0.4269,
        "estimated_landing_time": 758.0,
        "wait_time": 0,
        "Landing_success_rate": 1.0
    },
    {
        "model": 0,
        "sequence": 3,
        "status": 1,
        "fuel": 7235,
        "fault": 0.1186,
        "weapon": 1,
        "pilot_injury": 0.8972,
        "pilot_skill": 0.4388,
        "mission_priority": 0.2341,
        "estimated_landing_time": 288.0,
        "wait_time": 0,
        "Landing_success_rate": 1.0
    },
    {
        "model": 1,
        "sequence": 2,
        "status": 1,
        "fuel": 6079,
        "fault": 0.5704,
        "weapon": 1,
        "pilot_injury": 0.1094,
        "pilot_skill": 0.2705,
        "mission_priority": 0.0466,
        "estimated_landing_time": 194.0,
        "wait_time": 0,
        "Landing_success_rate": 1.0
    },
    {
        "model": 0,
        "sequence": 9,
        "status": 1,
        "fuel": 7389,
        "fault": 0.1457,
        "weapon": 1,
        "pilot_injury": 0.0247,
        "pilot_skill": 0.6753,
        "mission_priority": 0.9325,
        "estimated_landing_time": 852.0,
        "wait_time": 0,
        "Landing_success_rate": 1.0
    },
    {
        "model": 0,
        "sequence": 6,
        "status": 1,
        "fuel": 7020,
        "fault": 0.2719,
        "weapon": 1,
        "pilot_injury": 0.9751,
        "pilot_skill": 0.9623,
        "mission_priority": 0.2349,
        "estimated_landing_time": 570.0,
        "wait_time": 0,
        "Landing_success_rate": 1.0
    },
    {
        "model": 2,
        "sequence": 4,
        "status": 1,
        "fuel": 6478,
        "fault": 0.01,
        "weapon": 1,
        "pilot_injury": 0.702,
        "pilot_skill": 0.7258,
        "mission_priority": 0.6742,
        "estimated_landing_time": 382.0,
        "wait_time": 0,
        "Landing_success_rate": 1.0
    },
    {
        "model": 1,
        "sequence": 11,
        "status": 1,
        "fuel": 6449,
        "fault": 0.6327,
        "weapon": 1,
        "pilot_injury": 0.5808,
        "pilot_skill": 0.4837,
        "mission_priority": 0.7288,
        "estimated_landing_time": 1040.0,
        "wait_time": 0,
        "Landing_success_rate": 1.0
    },
    {
        "model": 0,
        "sequence": 7,
        "status": 1,
        "fuel": 5827,
        "fault": 0.9911,
        "weapon": 0,
        "pilot_injury": 0.2935,
        "pilot_skill": 0.2115,
        "mission_priority": 0.2657,
        "estimated_landing_time": 664.0,
        "wait_time": 0,
        "Landing_success_rate": 1.0
    },
    {
        "model": 2,
        "sequence": 1,
        "status": 1,
        "fuel": 7255,
        "fault": 0.0469,
        "weapon": 1,
        "pilot_injury": 0.0366,
        "pilot_skill": 0.1864,
        "mission_priority": 0.7468,
        "estimated_landing_time": 100.0,
        "wait_time": 0,
        "Landing_success_rate": 1.0
    },
    {
        "model": 2,
        "sequence": 5,
        "status": 1,
        "fuel": 7438,
        "fault": 0.1946,
        "weapon": 1,
        "pilot_injury": 0.7169,
        "pilot_skill": 0.5812,
        "mission_priority": 0.9587,
        "estimated_landing_time": 476.0,
        "wait_time": 0,
        "Landing_success_rate": 1.0
    }
]