[
    {
        "model": 2,
        "sequence": 4,
        "status": 1,
        "fuel": 6624,
        "fault": 0.8033,
        "weapon": 0,
        "pilot_injury": 0.4373,
        "pilot_skill": 0.9326,
        "mission_priority": 0.6325,
        "estimated_landing_time": 382.0,
        "wait_time": 0,
        "Landing_success_rate": 1.0
    },
    {
        "model": 2,
        "sequence": 9,
        "status": 1,
        "fuel": 5727,
        "fault": 0.8792,
        "weapon": 1,
        "pilot_injury": 0.2868,
        "pilot_skill": 0.2936,
        "mission_priority": 0.3996,
        "estimated_landing_time": 852.0,
        "wait_time": 0,
        "Landing_success_rate": 1.0
    },
    {
        "model": 0,
        "sequence": 10,
        "status": 1,
        "fuel": 5801,
        "fault": 0.9242,
        "weapon": 0,
        "pilot_injury": 0.6789,
        "pilot_skill": 0.392,
        "mission_priority": 0.2636,
        "estimated_landing_time": 946.0,
        "wait_time": 0,
        "Landing_success_rate": 1.0
    },
    {
        "model": 0,
        "sequence": 12,
        "status": 1,
        "fuel": 6556,
        "fault": 0.4289,
        "weapon": 0,
        "pilot_injury": 0.934,
        "pilot_skill": 0.2034,
        "mission_priority": 0.1469,
        "estimated_landing_time": 1134.0,
        "wait_time": 0,
        "Landing_success_rate": 1.0
    },
    {
        "model": 2,
        "sequence": 3,
        "status": 1,
        "fuel": 6977,
        "fault": 0.1645,
        "weapon": 1,
        "pilot_injury": 0.1866,
        "pilot_skill": 0.2694,
        "mission_priority": 0.8007,
        "estimated_landing_time": 288.0,
        "wait_time": 0,
        "Landing_success_rate": 1.0
    },
    {
        "model": 0,
        "sequence": 2,
        "status": 1,
        "fuel": 6464,
        "fault": 0.9863,
        "weapon": 0,
        "pilot_injury": 0.3184,
        "pilot_skill": 0.3812,
        "mission_priority": 0.9907,
        "estimated_landing_time": 194.0,
        "wait_time": 0,
        "Landing_success_rate": 1.0
    },
    {
        "model": 1,
        "sequence": 8,
        "status": 1,
        "fuel": 6871,
        "fault": 0.8546,
        "weapon": 1,
        "pilot_injury": 0.8444,
        "pilot_skill": 0.2392,
        "mission_priority": 0.4152,
        "estimated_landing_time": 758.0,
        "wait_time": 0,
        "Landing_success_rate": 1.0
    },
    {
        "model": 1,
        "sequence": 5,
        "status": 1,
        "fuel": 7406,
        "fault": 0.1034,
        "weapon": 0,
        "pilot_injury": 0.4595,
        "pilot_skill": 0.3625,
        "mission_priority": 0.5866,
        "estimated_landing_time": 476.0,
        "wait_time": 0,
        "Landing_success_rate": 1.0
    },
    {
        "model": 2,
        "sequence": 1,
        "status": 1,
        "fuel": 6397,
        "fault": 0.9405,
        "weapon": 0,
        "pilot_injury": 0.0704,
        "pilot_skill": 0.631,
        "mission_priority": 0.9532,
        "estimated_landing_time": 100.0,
        "wait_time": 0,
        "Landing_success_rate": 1.0
    },
    {
        "model": 2,
        "sequence": 11,
        "status": 1,
        "fuel": 6237,
        "fault": 0.4119,
        "weapon": 1,
        "pilot_injury": 0.5567,
        "pilot_skill": 0.8547,
        "mission_priority": 0.9296,
        "estimated_landing_time": 1040.0,
        "wait_time": 0,
        "Landing_success_rate": 1.0
    },
    {
        "model": 0,
        "sequence": 6,
        "status": 1,
        "fuel": 5766,
        "fault": 0.3359,
        "weapon": 0,
        "pilot_injury": 0.3924,
        "pilot_skill": 0.4052,
        "mission_priority": 0.1255,
        "estimated_landing_time": 570.0,
        "wait_time": 0,
        "Landing_success_rate": 1.0
    },
    {
        "model": 0,
        "sequence": 7,
        "status": 1,
        "fuel": 7258,
        "fault": 0.2062,
        "weapon": 1,
        "pilot_injury": 0.5282,
        "pilot_skill": 0.6619,
        "mission_priority": 0.2075,
        "estimated_landing_time": 664.0,
        "wait_time": 0,
        "Landing_success_rate": 1.0
    }
]