[
    {
        "model": 0,
        "sequence": 6,
        "status": 1,
        "fuel": 6642,
        "fault": 0.3466,
        "weapon": 1,
        "pilot_injury": 0.0743,
        "pilot_skill": 0.2889,
        "mission_priority": 0.6274,
        "estimated_landing_time": 570.0,
        "wait_time": 0,
        "Landing_success_rate": 1.0
    },
    {
        "model": 1,
        "sequence": 11,
        "status": 1,
        "fuel": 5648,
        "fault": 0.4405,
        "weapon": 0,
        "pilot_injury": 0.5493,
        "pilot_skill": 0.273,
        "mission_priority": 0.2445,
        "estimated_landing_time": 1040.0,
        "wait_time": 0,
        "Landing_success_rate": 1.0
    },
    {
        "model": 1,
        "sequence": 3,
        "status": 1,
        "fuel": 5733,
        "fault": 0.8491,
        "weapon": 1,
        "pilot_injury": 0.8623,
        "pilot_skill": 0.3453,
        "mission_priority": 0.3399,
        "estimated_landing_time": 288.0,
        "wait_time": 0,
        "Landing_success_rate": 1.0
    },
    {
        "model": 0,
        "sequence": 7,
        "status": 1,
        "fuel": 7308,
        "fault": 0.7427,
        "weapon": 0,
        "pilot_injury": 0.3502,
        "pilot_skill": 0.1187,
        "mission_priority": 0.029,
        "estimated_landing_time": 664.0,
        "wait_time": 0,
        "Landing_success_rate": 1.0
    },
    {
        "model": 2,
        "sequence": 9,
        "status": 1,
        "fuel": 6153,
        "fault": 0.7972,
        "weapon": 0,
        "pilot_injury": 0.687,
        "pilot_skill": 0.2893,
        "mission_priority": 0.8497,
        "estimated_landing_time": 852.0,
        "wait_time": 0,
        "Landing_success_rate": 1.0
    },
    {
        "model": 1,
        "sequence": 5,
        "status": 1,
        "fuel": 6510,
        "fault": 0.4266,
        "weapon": 0,
        "pilot_injury": 0.9542,
        "pilot_skill": 0.7733,
        "mission_priority": 0.9324,
        "estimated_landing_time": 476.0,
        "wait_time": 0,
        "Landing_success_rate": 1.0
    },
    {
        "model": 2,
        "sequence": 1,
        "status": 1,
        "fuel": 7449,
        "fault": 0.8201,
        "weapon": 0,
        "pilot_injury": 0.2365,
        "pilot_skill": 0.3454,
        "mission_priority": 0.7529,
        "estimated_landing_time": 100.0,
        "wait_time": 0,
        "Landing_success_rate": 1.0
    },
    {
        "model": 2,
        "sequence": 10,
        "status": 1,
        "fuel": 6405,
        "fault": 0.789,
        "weapon": 0,
        "pilot_injury": 0.8776,
        "pilot_skill": 0.2997,
        "mission_priority": 0.8235,
        "estimated_landing_time": 946.0,
        "wait_time": 0,
        "Landing_success_rate": 1.0
    },
    {
        "model": 2,
        "sequence": 2,
        "status": 1,
        "fuel": 6748,
        "fault": 0.9739,
        "weapon": 1,
        "pilot_injury": 0.518,
        "pilot_skill": 0.2264,
        "mission_priority": 0.5793,
        "estimated_landing_time": 194.0,
        "wait_time": 0,
        "Landing_success_rate": 1.0
    },
    {
        "model": 0,
        "sequence": 8,
        "status": 1,
        "fuel": 6606,
        "fault": 0.6703,
        "weapon": 1,
        "pilot_injury": 0.7956,
        "pilot_skill": 0.6316,
        "mission_priority": 0.3178,
        "estimated_landing_time": 758.0,
        "wait_time": 0,
        "Landing_success_rate": 1.0
    },
    {
        "model": 2,
        "sequence": 4,
        "status": 1,
        "fuel": 7101,
        "fault": 0.1136,
        "weapon": 0,
        "pilot_injury": 0.8357,
        "pilot_skill": 0.2298,
        "mission_priority": 0.0356,
        "estimated_landing_time": 382.0,
        "wait_time": 0,
        "Landing_success_rate": 1.0
    },
    {
        "model": 2,
        "sequence": 12,
        "status": 1,
        "fuel": 5800,
        "fault": 0.1026,
        "weapon": 0,
        "pilot_injury": 0.1009,
        "pilot_skill": 0.5874,
        "mission_priority": 0.4522,
        "estimated_landing_time": 1134.0,
        "wait_time": 0,
        "Landing_success_rate": 1.0
    }
]