[
    {
        "model": 1,
        "sequence": 12,
        "status": 1,
        "fuel": 6457,
        "fault": 0.3555,
        "weapon": 0,
        "pilot_injury": 0.9772,
        "pilot_skill": 0.1113,
        "mission_priority": 0.2121,
        "estimated_landing_time": 1134.0,
        "wait_time": 0,
        "Landing_success_rate": 1.0
    },
    {
        "model": 1,
        "sequence": 9,
        "status": 1,
        "fuel": 5848,
        "fault": 0.0329,
        "weapon": 1,
        "pilot_injury": 0.7718,
        "pilot_skill": 0.8982,
        "mission_priority": 0.3337,
        "estimated_landing_time": 852.0,
        "wait_time": 0,
        "Landing_success_rate": 1.0
    },
    {
        "model": 2,
        "sequence": 5,
        "status": 1,
        "fuel": 6467,
        "fault": 0.0392,
        "weapon": 0,
        "pilot_injury": 0.053,
        "pilot_skill": 0.8556,
        "mission_priority": 0.9273,
        "estimated_landing_time": 476.0,
        "wait_time": 0,
        "Landing_success_rate": 1.0
    },
    {
        "model": 1,
        "sequence": 6,
        "status": 1,
        "fuel": 6015,
        "fault": 0.8799,
        "weapon": 1,
        "pilot_injury": 0.0332,
        "pilot_skill": 0.1045,
        "mission_priority": 0.2094,
        "estimated_landing_time": 570.0,
        "wait_time": 0,
        "Landing_success_rate": 1.0
    },
    {
        "model": 0,
        "sequence": 10,
        "status": 1,
        "fuel": 5731,
        "fault": 0.776,
        "weapon": 0,
        "pilot_injury": 0.7786,
        "pilot_skill": 0.7761,
        "mission_priority": 0.5351,
        "estimated_landing_time": 946.0,
        "wait_time": 0,
        "Landing_success_rate": 1.0
    },
    {
        "model": 1,
        "sequence": 4,
        "status": 1,
        "fuel": 6747,
        "fault": 0.6937,
        "weapon": 1,
        "pilot_injury": 0.3145,
        "pilot_skill": 0.5611,
        "mission_priority": 0.5335,
        "estimated_landing_time": 382.0,
        "wait_time": 0,
        "Landing_success_rate": 1.0
    },
    {
        "model": 0,
        "sequence": 7,
        "status": 1,
        "fuel": 5927,
        "fault": 0.9902,
        "weapon": 0,
        "pilot_injury": 0.411,
        "pilot_skill": 0.7634,
        "mission_priority": 0.0998,
        "estimated_landing_time": 664.0,
        "wait_time": 0,
        "Landing_success_rate": 1.0
    },
    {
        "model": 1,
        "sequence": 11,
        "status": 1,
        "fuel": 6447,
        "fault": 0.4465,
        "weapon": 0,
        "pilot_injury": 0.0394,
        "pilot_skill": 0.3632,
        "mission_priority": 0.6106,
        "estimated_landing_time": 1040.0,
        "wait_time": 0,
        "Landing_success_rate": 1.0
    },
    {
        "model": 1,
        "sequence": 3,
        "status": 1,
        "fuel": 6979,
        "fault": 0.5698,
        "weapon": 1,
        "pilot_injury": 0.0777,
        "pilot_skill": 0.93,
        "mission_priority": 0.7071,
        "estimated_landing_time": 288.0,
        "wait_time": 0,
        "Landing_success_rate": 1.0
    },
    {
        "model": 2,
        "sequence": 8,
        "status": 1,
        "fuel": 6630,
        "fault": 0.078,
        "weapon": 1,
        "pilot_injury": 0.7408,
        "pilot_skill": 0.6015,
        "mission_priority": 0.6716,
        "estimated_landing_time": 758.0,
        "wait_time": 0,
        "Landing_success_rate": 1.0
    },
    {
        "model": 0,
        "sequence": 1,
        "status": 1,
        "fuel": 6226,
        "fault": 0.6464,
        "weapon": 1,
        "pilot_injury": 0.9899,
        "pilot_skill": 0.2139,
        "mission_priority": 0.4179,
        "estimated_landing_time": 100.0,
        "wait_time": 0,
        "Landing_success_rate": 1.0
    },
    {
        "model": 1,
        "sequence": 2,
        "status": 1,
        "fuel": 6690,
        "fault": 0.2139,
        "weapon": 1,
        "pilot_injury": 0.764,
        "pilot_skill": 0.2924,
        "mission_priority": 0.0814,
        "estimated_landing_time": 194.0,
        "wait_time": 0,
        "Landing_success_rate": 1.0
    }
]