[
    {
        "model": 2,
        "sequence": 9,
        "status": 1,
        "fuel": 5697,
        "fault": 0.8419,
        "weapon": 0,
        "pilot_injury": 0.343,
        "pilot_skill": 0.4107,
        "mission_priority": 0.7204,
        "estimated_landing_time": 852.0,
        "wait_time": 0,
        "Landing_success_rate": 1.0
    },
    {
        "model": 1,
        "sequence": 5,
        "status": 1,
        "fuel": 5817,
        "fault": 0.78,
        "weapon": 0,
        "pilot_injury": 0.0419,
        "pilot_skill": 0.5031,
        "mission_priority": 0.5842,
        "estimated_landing_time": 476.0,
        "wait_time": 0,
        "Landing_success_rate": 1.0
    },
    {
        "model": 1,
        "sequence": 1,
        "status": 1,
        "fuel": 7449,
        "fault": 0.7833,
        "weapon": 0,
        "pilot_injury": 0.5735,
        "pilot_skill": 0.8536,
        "mission_priority": 0.2419,
        "estimated_landing_time": 100.0,
        "wait_time": 0,
        "Landing_success_rate": 1.0
    },
    {
        "model": 0,
        "sequence": 4,
        "status": 1,
        "fuel": 6036,
        "fault": 0.0827,
        "weapon": 1,
        "pilot_injury": 0.7325,
        "pilot_skill": 0.9331,
        "mission_priority": 0.6572,
        "estimated_landing_time": 382.0,
        "wait_time": 0,
        "Landing_success_rate": 1.0
    },
    {
        "model": 0,
        "sequence": 3,
        "status": 1,
        "fuel": 5620,
        "fault": 0.6526,
        "weapon": 1,
        "pilot_injury": 0.9201,
        "pilot_skill": 0.4703,
        "mission_priority": 0.029,
        "estimated_landing_time": 288.0,
        "wait_time": 0,
        "Landing_success_rate": 1.0
    },
    {
        "model": 0,
        "sequence": 2,
        "status": 1,
        "fuel": 6788,
        "fault": 0.9203,
        "weapon": 1,
        "pilot_injury": 0.1243,
        "pilot_skill": 0.2143,
        "mission_priority": 0.0645,
        "estimated_landing_time": 194.0,
        "wait_time": 0,
        "Landing_success_rate": 1.0
    },
    {
        "model": 2,
        "sequence": 10,
        "status": 1,
        "fuel": 7255,
        "fault": 0.1048,
        "weapon": 1,
        "pilot_injury": 0.5057,
        "pilot_skill": 0.8171,
        "mission_priority": 0.861,
        "estimated_landing_time": 946.0,
        "wait_time": 0,
        "Landing_success_rate": 1.0
    },
    {
        "model": 2,
        "sequence": 12,
        "status": 1,
        "fuel": 7409,
        "fault": 0.8242,
        "weapon": 0,
        "pilot_injury": 0.6952,
        "pilot_skill": 0.418,
        "mission_priority": 0.5656,
        "estimated_landing_time": 1134.0,
        "wait_time": 0,
        "Landing_success_rate": 1.0
    },
    {
        "model": 2,
        "sequence": 7,
        "status": 1,
        "fuel": 6904,
        "fault": 0.6918,
        "weapon": 1,
        "pilot_injury": 0.9171,
        "pilot_skill": 0.134,
        "mission_priority": 0.6715,
        "estimated_landing_time": 664.0,
        "wait_time": 0,
        "Landing_success_rate": 1.0
    },
    {
        "model": 2,
        "sequence": 11,
        "status": 1,
        "fuel": 6912,
        "fault": 0.9168,
        "weapon": 1,
        "pilot_injury": 0.1125,
        "pilot_skill": 0.0949,
        "mission_priority": 0.333,
        "estimated_landing_time": 1040.0,
        "wait_time": 0,
        "Landing_success_rate": 1.0
    },
    {
        "model": 0,
        "sequence": 8,
        "status": 1,
        "fuel": 6106,
        "fault": 0.1696,
        "weapon": 1,
        "pilot_injury": 0.5851,
        "pilot_skill": 0.4429,
        "mission_priority": 0.0342,
        "estimated_landing_time": 758.0,
        "wait_time": 0,
        "Landing_success_rate": 1.0
    },
    {
        "model": 1,
        "sequence": 6,
        "status": 1,
        "fuel": 7481,
        "fault": 0.5464,
        "weapon": 1,
        "pilot_injury": 0.6897,
        "pilot_skill": 0.7249,
        "mission_priority": 0.6981,
        "estimated_landing_time": 570.0,
        "wait_time": 0,
        "Landing_success_rate": 1.0
    }
]