[
    {
        "model": 0,
        "sequence": 6,
        "status": 1,
        "fuel": 6879,
        "fault": 0.3042,
        "weapon": 1,
        "pilot_injury": 0.6691,
        "pilot_skill": 0.9423,
        "mission_priority": 0.8231,
        "estimated_landing_time": 570.0,
        "wait_time": 0,
        "Landing_success_rate": 1.0
    },
    {
        "model": 2,
        "sequence": 7,
        "status": 1,
        "fuel": 5854,
        "fault": 0.9544,
        "weapon": 0,
        "pilot_injury": 0.398,
        "pilot_skill": 0.3101,
        "mission_priority": 0.4513,
        "estimated_landing_time": 664.0,
        "wait_time": 0,
        "Landing_success_rate": 1.0
    },
    {
        "model": 0,
        "sequence": 12,
        "status": 1,
        "fuel": 6743,
        "fault": 0.6116,
        "weapon": 0,
        "pilot_injury": 0.9793,
        "pilot_skill": 0.0886,
        "mission_priority": 0.9222,
        "estimated_landing_time": 1134.0,
        "wait_time": 0,
        "Landing_success_rate": 1.0
    },
    {
        "model": 1,
        "sequence": 11,
        "status": 1,
        "fuel": 6293,
        "fault": 0.5843,
        "weapon": 0,
        "pilot_injury": 0.8302,
        "pilot_skill": 0.3605,
        "mission_priority": 0.4304,
        "estimated_landing_time": 1040.0,
        "wait_time": 0,
        "Landing_success_rate": 1.0
    },
    {
        "model": 0,
        "sequence": 3,
        "status": 1,
        "fuel": 6517,
        "fault": 0.997,
        "weapon": 0,
        "pilot_injury": 0.9255,
        "pilot_skill": 0.8289,
        "mission_priority": 0.109,
        "estimated_landing_time": 288.0,
        "wait_time": 0,
        "Landing_success_rate": 1.0
    },
    {
        "model": 2,
        "sequence": 9,
        "status": 1,
        "fuel": 5716,
        "fault": 0.7132,
        "weapon": 1,
        "pilot_injury": 0.0987,
        "pilot_skill": 0.6191,
        "mission_priority": 0.1437,
        "estimated_landing_time": 852.0,
        "wait_time": 0,
        "Landing_success_rate": 1.0
    },
    {
        "model": 0,
        "sequence": 1,
        "status": 1,
        "fuel": 5766,
        "fault": 0.6576,
        "weapon": 0,
        "pilot_injury": 0.3166,
        "pilot_skill": 0.6772,
        "mission_priority": 0.484,
        "estimated_landing_time": 100.0,
        "wait_time": 0,
        "Landing_success_rate": 1.0
    },
    {
        "model": 0,
        "sequence": 4,
        "status": 1,
        "fuel": 7134,
        "fault": 0.7825,
        "weapon": 0,
        "pilot_injury": 0.3591,
        "pilot_skill": 0.0455,
        "mission_priority": 0.8456,
        "estimated_landing_time": 382.0,
        "wait_time": 0,
        "Landing_success_rate": 1.0
    },
    {
        "model": 1,
        "sequence": 2,
        "status": 1,
        "fuel": 7259,
        "fault": 0.8061,
        "weapon": 0,
        "pilot_injury": 0.1279,
        "pilot_skill": 0.9979,
        "mission_priority": 0.2586,
        "estimated_landing_time": 194.0,
        "wait_time": 0,
        "Landing_success_rate": 1.0
    },
    {
        "model": 1,
        "sequence": 10,
        "status": 1,
        "fuel": 7113,
        "fault": 0.0036,
        "weapon": 0,
        "pilot_injury": 0.2357,
        "pilot_skill": 0.9083,
        "mission_priority": 0.3095,
        "estimated_landing_time": 946.0,
        "wait_time": 0,
        "Landing_success_rate": 1.0
    },
    {
        "model": 0,
        "sequence": 5,
        "status": 1,
        "fuel": 7431,
        "fault": 0.2975,
        "weapon": 0,
        "pilot_injury": 0.9534,
        "pilot_skill": 0.0535,
        "mission_priority": 0.7093,
        "estimated_landing_time": 476.0,
        "wait_time": 0,
        "Landing_success_rate": 1.0
    },
    {
        "model": 0,
        "sequence": 8,
        "status": 1,
        "fuel": 7398,
        "fault": 0.4271,
        "weapon": 1,
        "pilot_injury": 0.2235,
        "pilot_skill": 0.7056,
        "mission_priority": 0.1908,
        "estimated_landing_time": 758.0,
        "wait_time": 0,
        "Landing_success_rate": 1.0
    }
]