[
    {
        "model": 0,
        "sequence": 12,
        "status": 1,
        "fuel": 6589,
        "fault": 0.0002,
        "weapon": 1,
        "pilot_injury": 0.5655,
        "pilot_skill": 0.7155,
        "mission_priority": 0.1096,
        "estimated_landing_time": 1134.0,
        "wait_time": 0,
        "Landing_success_rate": 1.0
    },
    {
        "model": 2,
        "sequence": 10,
        "status": 1,
        "fuel": 5816,
        "fault": 0.3037,
        "weapon": 1,
        "pilot_injury": 0.0666,
        "pilot_skill": 0.9761,
        "mission_priority": 0.957,
        "estimated_landing_time": 946.0,
        "wait_time": 0,
        "Landing_success_rate": 1.0
    },
    {
        "model": 1,
        "sequence": 6,
        "status": 1,
        "fuel": 6754,
        "fault": 0.7501,
        "weapon": 0,
        "pilot_injury": 0.1862,
        "pilot_skill": 0.4853,
        "mission_priority": 0.8302,
        "estimated_landing_time": 570.0,
        "wait_time": 0,
        "Landing_success_rate": 1.0
    },
    {
        "model": 1,
        "sequence": 8,
        "status": 1,
        "fuel": 6298,
        "fault": 0.616,
        "weapon": 0,
        "pilot_injury": 0.3539,
        "pilot_skill": 0.6033,
        "mission_priority": 0.312,
        "estimated_landing_time": 758.0,
        "wait_time": 0,
        "Landing_success_rate": 1.0
    },
    {
        "model": 2,
        "sequence": 1,
        "status": 1,
        "fuel": 6434,
        "fault": 0.9532,
        "weapon": 1,
        "pilot_injury": 0.5582,
        "pilot_skill": 0.3248,
        "mission_priority": 0.2934,
        "estimated_landing_time": 100.0,
        "wait_time": 0,
        "Landing_success_rate": 1.0
    },
    {
        "model": 2,
        "sequence": 2,
        "status": 1,
        "fuel": 6779,
        "fault": 0.3236,
        "weapon": 0,
        "pilot_injury": 0.4504,
        "pilot_skill": 0.3251,
        "mission_priority": 0.4711,
        "estimated_landing_time": 194.0,
        "wait_time": 0,
        "Landing_success_rate": 1.0
    },
    {
        "model": 1,
        "sequence": 11,
        "status": 1,
        "fuel": 5528,
        "fault": 0.9061,
        "weapon": 0,
        "pilot_injury": 0.8577,
        "pilot_skill": 0.8975,
        "mission_priority": 0.9467,
        "estimated_landing_time": 1040.0,
        "wait_time": 0,
        "Landing_success_rate": 1.0
    },
    {
        "model": 1,
        "sequence": 3,
        "status": 1,
        "fuel": 7008,
        "fault": 0.2502,
        "weapon": 0,
        "pilot_injury": 0.3736,
        "pilot_skill": 0.3329,
        "mission_priority": 0.1762,
        "estimated_landing_time": 288.0,
        "wait_time": 0,
        "Landing_success_rate": 1.0
    },
    {
        "model": 2,
        "sequence": 4,
        "status": 1,
        "fuel": 6537,
        "fault": 0.7511,
        "weapon": 0,
        "pilot_injury": 0.8657,
        "pilot_skill": 0.0321,
        "mission_priority": 0.6439,
        "estimated_landing_time": 382.0,
        "wait_time": 0,
        "Landing_success_rate": 1.0
    },
    {
        "model": 1,
        "sequence": 9,
        "status": 1,
        "fuel": 7079,
        "fault": 0.054,
        "weapon": 0,
        "pilot_injury": 0.8861,
        "pilot_skill": 0.729,
        "mission_priority": 0.9278,
        "estimated_landing_time": 852.0,
        "wait_time": 0,
        "Landing_success_rate": 1.0
    },
    {
        "model": 1,
        "sequence": 5,
        "status": 1,
        "fuel": 6454,
        "fault": 0.0322,
        "weapon": 0,
        "pilot_injury": 0.0141,
        "pilot_skill": 0.007,
        "mission_priority": 0.2401,
        "estimated_landing_time": 476.0,
        "wait_time": 0,
        "Landing_success_rate": 1.0
    },
    {
        "model": 0,
        "sequence": 7,
        "status": 1,
        "fuel": 5520,
        "fault": 0.9661,
        "weapon": 1,
        "pilot_injury": 0.177,
        "pilot_skill": 0.0285,
        "mission_priority": 0.9093,
        "estimated_landing_time": 664.0,
        "wait_time": 0,
        "Landing_success_rate": 1.0
    }
]