[
    {
        "model": 2,
        "sequence": 7,
        "status": 1,
        "fuel": 6981,
        "fault": 0.3444,
        "weapon": 0,
        "pilot_injury": 0.4333,
        "pilot_skill": 0.3769,
        "mission_priority": 0.7073,
        "estimated_landing_time": 664.0,
        "wait_time": 0,
        "Landing_success_rate": 1.0
    },
    {
        "model": 1,
        "sequence": 5,
        "status": 1,
        "fuel": 7164,
        "fault": 0.1734,
        "weapon": 0,
        "pilot_injury": 0.6715,
        "pilot_skill": 0.2524,
        "mission_priority": 0.0186,
        "estimated_landing_time": 476.0,
        "wait_time": 0,
        "Landing_success_rate": 1.0
    },
    {
        "model": 1,
        "sequence": 12,
        "status": 1,
        "fuel": 7296,
        "fault": 0.097,
        "weapon": 1,
        "pilot_injury": 0.4108,
        "pilot_skill": 0.5257,
        "mission_priority": 0.9472,
        "estimated_landing_time": 1134.0,
        "wait_time": 0,
        "Landing_success_rate": 1.0
    },
    {
        "model": 2,
        "sequence": 4,
        "status": 1,
        "fuel": 5994,
        "fault": 0.9863,
        "weapon": 1,
        "pilot_injury": 0.0639,
        "pilot_skill": 0.166,
        "mission_priority": 0.301,
        "estimated_landing_time": 382.0,
        "wait_time": 0,
        "Landing_success_rate": 1.0
    },
    {
        "model": 2,
        "sequence": 1,
        "status": 1,
        "fuel": 6334,
        "fault": 0.5959,
        "weapon": 0,
        "pilot_injury": 0.3212,
        "pilot_skill": 0.3564,
        "mission_priority": 0.2562,
        "estimated_landing_time": 100.0,
        "wait_time": 0,
        "Landing_success_rate": 1.0
    },
    {
        "model": 0,
        "sequence": 10,
        "status": 1,
        "fuel": 6432,
        "fault": 0.7056,
        "weapon": 0,
        "pilot_injury": 0.6355,
        "pilot_skill": 0.1559,
        "mission_priority": 0.7222,
        "estimated_landing_time": 946.0,
        "wait_time": 0,
        "Landing_success_rate": 1.0
    },
    {
        "model": 0,
        "sequence": 8,
        "status": 1,
        "fuel": 5691,
        "fault": 0.4297,
        "weapon": 1,
        "pilot_injury": 0.1347,
        "pilot_skill": 0.408,
        "mission_priority": 0.1068,
        "estimated_landing_time": 758.0,
        "wait_time": 0,
        "Landing_success_rate": 1.0
    },
    {
        "model": 1,
        "sequence": 2,
        "status": 1,
        "fuel": 6148,
        "fault": 0.6975,
        "weapon": 1,
        "pilot_injury": 0.5072,
        "pilot_skill": 0.343,
        "mission_priority": 0.1842,
        "estimated_landing_time": 194.0,
        "wait_time": 0,
        "Landing_success_rate": 1.0
    },
    {
        "model": 1,
        "sequence": 6,
        "status": 1,
        "fuel": 7073,
        "fault": 0.5243,
        "weapon": 1,
        "pilot_injury": 0.1996,
        "pilot_skill": 0.0599,
        "mission_priority": 0.9617,
        "estimated_landing_time": 570.0,
        "wait_time": 0,
        "Landing_success_rate": 1.0
    },
    {
        "model": 2,
        "sequence": 11,
        "status": 1,
        "fuel": 5997,
        "fault": 0.5067,
        "weapon": 1,
        "pilot_injury": 0.0438,
        "pilot_skill": 0.5669,
        "mission_priority": 0.3982,
        "estimated_landing_time": 1040.0,
        "wait_time": 0,
        "Landing_success_rate": 1.0
    },
    {
        "model": 1,
        "sequence": 9,
        "status": 1,
        "fuel": 7050,
        "fault": 0.4752,
        "weapon": 1,
        "pilot_injury": 0.4017,
        "pilot_skill": 0.7991,
        "mission_priority": 0.5227,
        "estimated_landing_time": 852.0,
        "wait_time": 0,
        "Landing_success_rate": 1.0
    },
    {
        "model": 0,
        "sequence": 3,
        "status": 1,
        "fuel": 7232,
        "fault": 0.1288,
        "weapon": 1,
        "pilot_injury": 0.1323,
        "pilot_skill": 0.677,
        "mission_priority": 0.675,
        "estimated_landing_time": 288.0,
        "wait_time": 0,
        "Landing_success_rate": 1.0
    }
]