[
    {
        "model": 0,
        "sequence": 11,
        "status": 1,
        "fuel": 6419,
        "fault": 0.5755,
        "weapon": 1,
        "pilot_injury": 0.3407,
        "pilot_skill": 0.324,
        "mission_priority": 0.5871,
        "estimated_landing_time": 1040.0,
        "wait_time": 0,
        "Landing_success_rate": 1.0
    },
    {
        "model": 1,
        "sequence": 12,
        "status": 1,
        "fuel": 7378,
        "fault": 0.8525,
        "weapon": 1,
        "pilot_injury": 0.5624,
        "pilot_skill": 0.6708,
        "mission_priority": 0.7031,
        "estimated_landing_time": 1134.0,
        "wait_time": 0,
        "Landing_success_rate": 1.0
    },
    {
        "model": 0,
        "sequence": 8,
        "status": 1,
        "fuel": 6600,
        "fault": 0.595,
        "weapon": 0,
        "pilot_injury": 0.9562,
        "pilot_skill": 0.7667,
        "mission_priority": 0.9696,
        "estimated_landing_time": 758.0,
        "wait_time": 0,
        "Landing_success_rate": 1.0
    },
    {
        "model": 0,
        "sequence": 5,
        "status": 1,
        "fuel": 7118,
        "fault": 0.7157,
        "weapon": 0,
        "pilot_injury": 0.0645,
        "pilot_skill": 0.5777,
        "mission_priority": 0.3578,
        "estimated_landing_time": 476.0,
        "wait_time": 0,
        "Landing_success_rate": 1.0
    },
    {
        "model": 1,
        "sequence": 7,
        "status": 1,
        "fuel": 5720,
        "fault": 0.8584,
        "weapon": 0,
        "pilot_injury": 0.367,
        "pilot_skill": 0.317,
        "mission_priority": 0.85,
        "estimated_landing_time": 664.0,
        "wait_time": 0,
        "Landing_success_rate": 1.0
    },
    {
        "model": 1,
        "sequence": 6,
        "status": 1,
        "fuel": 5880,
        "fault": 0.5384,
        "weapon": 0,
        "pilot_injury": 0.8325,
        "pilot_skill": 0.8508,
        "mission_priority": 0.4239,
        "estimated_landing_time": 570.0,
        "wait_time": 0,
        "Landing_success_rate": 1.0
    },
    {
        "model": 0,
        "sequence": 10,
        "status": 1,
        "fuel": 6029,
        "fault": 0.5097,
        "weapon": 1,
        "pilot_injury": 0.5233,
        "pilot_skill": 0.3441,
        "mission_priority": 0.9971,
        "estimated_landing_time": 946.0,
        "wait_time": 0,
        "Landing_success_rate": 1.0
    },
    {
        "model": 0,
        "sequence": 3,
        "status": 1,
        "fuel": 6046,
        "fault": 0.4522,
        "weapon": 1,
        "pilot_injury": 0.9552,
        "pilot_skill": 0.8877,
        "mission_priority": 0.3182,
        "estimated_landing_time": 288.0,
        "wait_time": 0,
        "Landing_success_rate": 1.0
    },
    {
        "model": 1,
        "sequence": 2,
        "status": 1,
        "fuel": 6374,
        "fault": 0.7607,
        "weapon": 0,
        "pilot_injury": 0.3783,
        "pilot_skill": 0.4732,
        "mission_priority": 0.6304,
        "estimated_landing_time": 194.0,
        "wait_time": 0,
        "Landing_success_rate": 1.0
    },
    {
        "model": 2,
        "sequence": 9,
        "status": 1,
        "fuel": 5525,
        "fault": 0.0115,
        "weapon": 0,
        "pilot_injury": 0.7833,
        "pilot_skill": 0.2683,
        "mission_priority": 0.698,
        "estimated_landing_time": 852.0,
        "wait_time": 0,
        "Landing_success_rate": 1.0
    },
    {
        "model": 1,
        "sequence": 4,
        "status": 1,
        "fuel": 6088,
        "fault": 0.3086,
        "weapon": 0,
        "pilot_injury": 0.0304,
        "pilot_skill": 0.7128,
        "mission_priority": 0.0463,
        "estimated_landing_time": 382.0,
        "wait_time": 0,
        "Landing_success_rate": 1.0
    },
    {
        "model": 2,
        "sequence": 1,
        "status": 1,
        "fuel": 6932,
        "fault": 0.8624,
        "weapon": 1,
        "pilot_injury": 0.4199,
        "pilot_skill": 0.1918,
        "mission_priority": 0.3338,
        "estimated_landing_time": 100.0,
        "wait_time": 0,
        "Landing_success_rate": 1.0
    }
]