[
    {
        "model": 1,
        "sequence": 9,
        "status": 1,
        "fuel": 7025,
        "fault": 0.0714,
        "weapon": 0,
        "pilot_injury": 0.986,
        "pilot_skill": 0.0315,
        "mission_priority": 0.6625,
        "estimated_landing_time": 852.0,
        "wait_time": 0,
        "Landing_success_rate": 1.0
    },
    {
        "model": 2,
        "sequence": 10,
        "status": 1,
        "fuel": 7147,
        "fault": 0.4528,
        "weapon": 0,
        "pilot_injury": 0.3562,
        "pilot_skill": 0.6738,
        "mission_priority": 0.7292,
        "estimated_landing_time": 946.0,
        "wait_time": 0,
        "Landing_success_rate": 1.0
    },
    {
        "model": 1,
        "sequence": 3,
        "status": 1,
        "fuel": 7253,
        "fault": 0.4588,
        "weapon": 0,
        "pilot_injury": 0.6569,
        "pilot_skill": 0.28,
        "mission_priority": 0.0288,
        "estimated_landing_time": 288.0,
        "wait_time": 0,
        "Landing_success_rate": 1.0
    },
    {
        "model": 2,
        "sequence": 2,
        "status": 1,
        "fuel": 5705,
        "fault": 0.4335,
        "weapon": 1,
        "pilot_injury": 0.7589,
        "pilot_skill": 0.1182,
        "mission_priority": 0.37,
        "estimated_landing_time": 194.0,
        "wait_time": 0,
        "Landing_success_rate": 1.0
    },
    {
        "model": 0,
        "sequence": 1,
        "status": 1,
        "fuel": 6105,
        "fault": 0.0606,
        "weapon": 1,
        "pilot_injury": 0.1527,
        "pilot_skill": 0.8868,
        "mission_priority": 0.7319,
        "estimated_landing_time": 100.0,
        "wait_time": 0,
        "Landing_success_rate": 1.0
    },
    {
        "model": 1,
        "sequence": 7,
        "status": 1,
        "fuel": 6913,
        "fault": 0.5374,
        "weapon": 0,
        "pilot_injury": 0.5102,
        "pilot_skill": 0.5208,
        "mission_priority": 0.5904,
        "estimated_landing_time": 664.0,
        "wait_time": 0,
        "Landing_success_rate": 1.0
    },
    {
        "model": 2,
        "sequence": 6,
        "status": 1,
        "fuel": 6950,
        "fault": 0.289,
        "weapon": 1,
        "pilot_injury": 0.4654,
        "pilot_skill": 0.9265,
        "mission_priority": 0.0098,
        "estimated_landing_time": 570.0,
        "wait_time": 0,
        "Landing_success_rate": 1.0
    },
    {
        "model": 1,
        "sequence": 8,
        "status": 1,
        "fuel": 6702,
        "fault": 0.4095,
        "weapon": 0,
        "pilot_injury": 0.7696,
        "pilot_skill": 0.3201,
        "mission_priority": 0.8405,
        "estimated_landing_time": 758.0,
        "wait_time": 0,
        "Landing_success_rate": 1.0
    },
    {
        "model": 2,
        "sequence": 4,
        "status": 1,
        "fuel": 6794,
        "fault": 0.6068,
        "weapon": 1,
        "pilot_injury": 0.6658,
        "pilot_skill": 0.7002,
        "mission_priority": 0.6738,
        "estimated_landing_time": 382.0,
        "wait_time": 0,
        "Landing_success_rate": 1.0
    },
    {
        "model": 2,
        "sequence": 5,
        "status": 1,
        "fuel": 6800,
        "fault": 0.7126,
        "weapon": 0,
        "pilot_injury": 0.8974,
        "pilot_skill": 0.3326,
        "mission_priority": 0.9449,
        "estimated_landing_time": 476.0,
        "wait_time": 0,
        "Landing_success_rate": 1.0
    },
    {
        "model": 1,
        "sequence": 11,
        "status": 1,
        "fuel": 6836,
        "fault": 0.8704,
        "weapon": 1,
        "pilot_injury": 0.1321,
        "pilot_skill": 0.1266,
        "mission_priority": 0.8154,
        "estimated_landing_time": 1040.0,
        "wait_time": 0,
        "Landing_success_rate": 1.0
    },
    {
        "model": 0,
        "sequence": 12,
        "status": 1,
        "fuel": 7450,
        "fault": 0.673,
        "weapon": 0,
        "pilot_injury": 0.9766,
        "pilot_skill": 0.2163,
        "mission_priority": 0.1408,
        "estimated_landing_time": 1134.0,
        "wait_time": 0,
        "Landing_success_rate": 1.0
    }
]