[
    {
        "model": 2,
        "sequence": 8,
        "status": 1,
        "fuel": 6484,
        "fault": 0.6729,
        "weapon": 1,
        "pilot_injury": 0.0858,
        "pilot_skill": 0.9695,
        "mission_priority": 0.0387,
        "estimated_landing_time": 758.0,
        "wait_time": 0,
        "Landing_success_rate": 1.0
    },
    {
        "model": 1,
        "sequence": 12,
        "status": 1,
        "fuel": 5928,
        "fault": 0.6458,
        "weapon": 1,
        "pilot_injury": 0.3686,
        "pilot_skill": 0.0658,
        "mission_priority": 0.6222,
        "estimated_landing_time": 1134.0,
        "wait_time": 0,
        "Landing_success_rate": 1.0
    },
    {
        "model": 2,
        "sequence": 11,
        "status": 1,
        "fuel": 6658,
        "fault": 0.2809,
        "weapon": 1,
        "pilot_injury": 0.7396,
        "pilot_skill": 0.2476,
        "mission_priority": 0.8335,
        "estimated_landing_time": 1040.0,
        "wait_time": 0,
        "Landing_success_rate": 1.0
    },
    {
        "model": 1,
        "sequence": 9,
        "status": 1,
        "fuel": 7006,
        "fault": 0.1002,
        "weapon": 1,
        "pilot_injury": 0.0814,
        "pilot_skill": 0.4358,
        "mission_priority": 0.5558,
        "estimated_landing_time": 852.0,
        "wait_time": 0,
        "Landing_success_rate": 1.0
    },
    {
        "model": 0,
        "sequence": 2,
        "status": 1,
        "fuel": 5793,
        "fault": 0.6002,
        "weapon": 1,
        "pilot_injury": 0.593,
        "pilot_skill": 0.7559,
        "mission_priority": 0.6448,
        "estimated_landing_time": 194.0,
        "wait_time": 0,
        "Landing_success_rate": 1.0
    },
    {
        "model": 0,
        "sequence": 10,
        "status": 1,
        "fuel": 7260,
        "fault": 0.8192,
        "weapon": 1,
        "pilot_injury": 0.2569,
        "pilot_skill": 0.1752,
        "mission_priority": 0.6907,
        "estimated_landing_time": 946.0,
        "wait_time": 0,
        "Landing_success_rate": 1.0
    },
    {
        "model": 1,
        "sequence": 3,
        "status": 1,
        "fuel": 7470,
        "fault": 0.3608,
        "weapon": 1,
        "pilot_injury": 0.5314,
        "pilot_skill": 0.3027,
        "mission_priority": 0.4946,
        "estimated_landing_time": 288.0,
        "wait_time": 0,
        "Landing_success_rate": 1.0
    },
    {
        "model": 0,
        "sequence": 7,
        "status": 1,
        "fuel": 6349,
        "fault": 0.1279,
        "weapon": 0,
        "pilot_injury": 0.8004,
        "pilot_skill": 0.668,
        "mission_priority": 0.5382,
        "estimated_landing_time": 664.0,
        "wait_time": 0,
        "Landing_success_rate": 1.0
    },
    {
        "model": 2,
        "sequence": 4,
        "status": 1,
        "fuel": 5679,
        "fault": 0.6562,
        "weapon": 1,
        "pilot_injury": 0.3,
        "pilot_skill": 0.1604,
        "mission_priority": 0.6476,
        "estimated_landing_time": 382.0,
        "wait_time": 0,
        "Landing_success_rate": 1.0
    },
    {
        "model": 0,
        "sequence": 6,
        "status": 1,
        "fuel": 5616,
        "fault": 0.8422,
        "weapon": 0,
        "pilot_injury": 0.18,
        "pilot_skill": 0.4336,
        "mission_priority": 0.8069,
        "estimated_landing_time": 570.0,
        "wait_time": 0,
        "Landing_success_rate": 1.0
    },
    {
        "model": 0,
        "sequence": 1,
        "status": 1,
        "fuel": 6804,
        "fault": 0.8901,
        "weapon": 1,
        "pilot_injury": 0.62,
        "pilot_skill": 0.5356,
        "mission_priority": 0.0602,
        "estimated_landing_time": 100.0,
        "wait_time": 0,
        "Landing_success_rate": 1.0
    },
    {
        "model": 2,
        "sequence": 5,
        "status": 1,
        "fuel": 7287,
        "fault": 0.6092,
        "weapon": 1,
        "pilot_injury": 0.4651,
        "pilot_skill": 0.971,
        "mission_priority": 0.6785,
        "estimated_landing_time": 476.0,
        "wait_time": 0,
        "Landing_success_rate": 1.0
    }
]