[
    {
        "model": 2,
        "sequence": 12,
        "status": 1,
        "fuel": 6590,
        "fault": 0.502,
        "weapon": 0,
        "pilot_injury": 0.171,
        "pilot_skill": 0.4259,
        "mission_priority": 0.1872,
        "estimated_landing_time": 1134.0,
        "wait_time": 0,
        "Landing_success_rate": 1.0
    },
    {
        "model": 1,
        "sequence": 8,
        "status": 1,
        "fuel": 5752,
        "fault": 0.3174,
        "weapon": 0,
        "pilot_injury": 0.3511,
        "pilot_skill": 0.3611,
        "mission_priority": 0.8522,
        "estimated_landing_time": 758.0,
        "wait_time": 0,
        "Landing_success_rate": 1.0
    },
    {
        "model": 1,
        "sequence": 6,
        "status": 1,
        "fuel": 5804,
        "fault": 0.971,
        "weapon": 0,
        "pilot_injury": 0.897,
        "pilot_skill": 0.9017,
        "mission_priority": 0.3285,
        "estimated_landing_time": 570.0,
        "wait_time": 0,
        "Landing_success_rate": 1.0
    },
    {
        "model": 0,
        "sequence": 4,
        "status": 1,
        "fuel": 5657,
        "fault": 0.5702,
        "weapon": 0,
        "pilot_injury": 0.3768,
        "pilot_skill": 0.8958,
        "mission_priority": 0.2746,
        "estimated_landing_time": 382.0,
        "wait_time": 0,
        "Landing_success_rate": 1.0
    },
    {
        "model": 2,
        "sequence": 2,
        "status": 1,
        "fuel": 6126,
        "fault": 0.8211,
        "weapon": 0,
        "pilot_injury": 0.6123,
        "pilot_skill": 0.4383,
        "mission_priority": 0.7267,
        "estimated_landing_time": 194.0,
        "wait_time": 0,
        "Landing_success_rate": 1.0
    },
    {
        "model": 1,
        "sequence": 9,
        "status": 1,
        "fuel": 6834,
        "fault": 0.208,
        "weapon": 0,
        "pilot_injury": 0.2045,
        "pilot_skill": 0.9327,
        "mission_priority": 0.2645,
        "estimated_landing_time": 852.0,
        "wait_time": 0,
        "Landing_success_rate": 1.0
    },
    {
        "model": 0,
        "sequence": 5,
        "status": 1,
        "fuel": 5738,
        "fault": 0.7591,
        "weapon": 1,
        "pilot_injury": 0.5634,
        "pilot_skill": 0.1138,
        "mission_priority": 0.1388,
        "estimated_landing_time": 476.0,
        "wait_time": 0,
        "Landing_success_rate": 1.0
    },
    {
        "model": 2,
        "sequence": 11,
        "status": 1,
        "fuel": 6568,
        "fault": 0.4363,
        "weapon": 0,
        "pilot_injury": 0.6042,
        "pilot_skill": 0.8167,
        "mission_priority": 0.7613,
        "estimated_landing_time": 1040.0,
        "wait_time": 0,
        "Landing_success_rate": 1.0
    },
    {
        "model": 2,
        "sequence": 10,
        "status": 1,
        "fuel": 7145,
        "fault": 0.1474,
        "weapon": 1,
        "pilot_injury": 0.9658,
        "pilot_skill": 0.0082,
        "mission_priority": 0.8797,
        "estimated_landing_time": 946.0,
        "wait_time": 0,
        "Landing_success_rate": 1.0
    },
    {
        "model": 1,
        "sequence": 3,
        "status": 1,
        "fuel": 5653,
        "fault": 0.0534,
        "weapon": 1,
        "pilot_injury": 0.3423,
        "pilot_skill": 0.4404,
        "mission_priority": 0.7071,
        "estimated_landing_time": 288.0,
        "wait_time": 0,
        "Landing_success_rate": 1.0
    },
    {
        "model": 2,
        "sequence": 7,
        "status": 1,
        "fuel": 6161,
        "fault": 0.9047,
        "weapon": 1,
        "pilot_injury": 0.5538,
        "pilot_skill": 0.7307,
        "mission_priority": 0.0423,
        "estimated_landing_time": 664.0,
        "wait_time": 0,
        "Landing_success_rate": 1.0
    },
    {
        "model": 0,
        "sequence": 1,
        "status": 1,
        "fuel": 6843,
        "fault": 0.3066,
        "weapon": 0,
        "pilot_injury": 0.1318,
        "pilot_skill": 0.6643,
        "mission_priority": 0.2141,
        "estimated_landing_time": 100.0,
        "wait_time": 0,
        "Landing_success_rate": 1.0
    }
]