[
    {
        "model": 0,
        "sequence": 6,
        "status": 1,
        "fuel": 6149,
        "fault": 0.7606,
        "weapon": 1,
        "pilot_injury": 0.4641,
        "pilot_skill": 0.45,
        "mission_priority": 0.5838,
        "estimated_landing_time": 570.0,
        "wait_time": 0,
        "Landing_success_rate": 1.0
    },
    {
        "model": 2,
        "sequence": 10,
        "status": 1,
        "fuel": 5635,
        "fault": 0.9108,
        "weapon": 0,
        "pilot_injury": 0.1451,
        "pilot_skill": 0.6992,
        "mission_priority": 0.0225,
        "estimated_landing_time": 946.0,
        "wait_time": 0,
        "Landing_success_rate": 1.0
    },
    {
        "model": 1,
        "sequence": 5,
        "status": 1,
        "fuel": 6008,
        "fault": 0.6137,
        "weapon": 1,
        "pilot_injury": 0.7681,
        "pilot_skill": 0.836,
        "mission_priority": 0.1227,
        "estimated_landing_time": 476.0,
        "wait_time": 0,
        "Landing_success_rate": 1.0
    },
    {
        "model": 1,
        "sequence": 3,
        "status": 1,
        "fuel": 7427,
        "fault": 0.8211,
        "weapon": 1,
        "pilot_injury": 0.8855,
        "pilot_skill": 0.8866,
        "mission_priority": 0.0242,
        "estimated_landing_time": 288.0,
        "wait_time": 0,
        "Landing_success_rate": 1.0
    },
    {
        "model": 0,
        "sequence": 12,
        "status": 1,
        "fuel": 6626,
        "fault": 0.3524,
        "weapon": 1,
        "pilot_injury": 0.6784,
        "pilot_skill": 0.2862,
        "mission_priority": 0.2521,
        "estimated_landing_time": 1134.0,
        "wait_time": 0,
        "Landing_success_rate": 1.0
    },
    {
        "model": 1,
        "sequence": 4,
        "status": 1,
        "fuel": 5838,
        "fault": 0.5804,
        "weapon": 0,
        "pilot_injury": 0.9511,
        "pilot_skill": 0.7621,
        "mission_priority": 0.4293,
        "estimated_landing_time": 382.0,
        "wait_time": 0,
        "Landing_success_rate": 1.0
    },
    {
        "model": 0,
        "sequence": 9,
        "status": 1,
        "fuel": 5784,
        "fault": 0.9503,
        "weapon": 1,
        "pilot_injury": 0.4559,
        "pilot_skill": 0.8138,
        "mission_priority": 0.3807,
        "estimated_landing_time": 852.0,
        "wait_time": 0,
        "Landing_success_rate": 1.0
    },
    {
        "model": 2,
        "sequence": 11,
        "status": 1,
        "fuel": 6170,
        "fault": 0.9986,
        "weapon": 0,
        "pilot_injury": 0.9138,
        "pilot_skill": 0.2158,
        "mission_priority": 0.0436,
        "estimated_landing_time": 1040.0,
        "wait_time": 0,
        "Landing_success_rate": 1.0
    },
    {
        "model": 1,
        "sequence": 1,
        "status": 1,
        "fuel": 6113,
        "fault": 0.5743,
        "weapon": 1,
        "pilot_injury": 0.9511,
        "pilot_skill": 0.077,
        "mission_priority": 0.0285,
        "estimated_landing_time": 100.0,
        "wait_time": 0,
        "Landing_success_rate": 1.0
    },
    {
        "model": 2,
        "sequence": 8,
        "status": 1,
        "fuel": 5704,
        "fault": 0.1445,
        "weapon": 0,
        "pilot_injury": 0.9922,
        "pilot_skill": 0.3968,
        "mission_priority": 0.4161,
        "estimated_landing_time": 758.0,
        "wait_time": 0,
        "Landing_success_rate": 1.0
    },
    {
        "model": 1,
        "sequence": 7,
        "status": 1,
        "fuel": 5745,
        "fault": 0.3096,
        "weapon": 0,
        "pilot_injury": 0.5787,
        "pilot_skill": 0.3643,
        "mission_priority": 0.0803,
        "estimated_landing_time": 664.0,
        "wait_time": 0,
        "Landing_success_rate": 1.0
    },
    {
        "model": 1,
        "sequence": 2,
        "status": 1,
        "fuel": 6941,
        "fault": 0.2368,
        "weapon": 0,
        "pilot_injury": 0.7486,
        "pilot_skill": 0.2822,
        "mission_priority": 0.8129,
        "estimated_landing_time": 194.0,
        "wait_time": 0,
        "Landing_success_rate": 1.0
    }
]