[
    {
        "model": 2,
        "sequence": 12,
        "status": 1,
        "fuel": 6075,
        "fault": 0.1244,
        "weapon": 0,
        "pilot_injury": 0.7248,
        "pilot_skill": 0.8838,
        "mission_priority": 0.919,
        "estimated_landing_time": 1134.0,
        "wait_time": 0,
        "Landing_success_rate": 1.0
    },
    {
        "model": 1,
        "sequence": 1,
        "status": 1,
        "fuel": 5696,
        "fault": 0.4411,
        "weapon": 1,
        "pilot_injury": 0.4188,
        "pilot_skill": 0.4185,
        "mission_priority": 0.0384,
        "estimated_landing_time": 100.0,
        "wait_time": 0,
        "Landing_success_rate": 1.0
    },
    {
        "model": 0,
        "sequence": 8,
        "status": 1,
        "fuel": 6591,
        "fault": 0.7839,
        "weapon": 0,
        "pilot_injury": 0.422,
        "pilot_skill": 0.8724,
        "mission_priority": 0.3326,
        "estimated_landing_time": 758.0,
        "wait_time": 0,
        "Landing_success_rate": 1.0
    },
    {
        "model": 0,
        "sequence": 7,
        "status": 1,
        "fuel": 6362,
        "fault": 0.8358,
        "weapon": 1,
        "pilot_injury": 0.6739,
        "pilot_skill": 0.2418,
        "mission_priority": 0.5365,
        "estimated_landing_time": 664.0,
        "wait_time": 0,
        "Landing_success_rate": 1.0
    },
    {
        "model": 1,
        "sequence": 11,
        "status": 1,
        "fuel": 6387,
        "fault": 0.8775,
        "weapon": 1,
        "pilot_injury": 0.6073,
        "pilot_skill": 0.1584,
        "mission_priority": 0.5021,
        "estimated_landing_time": 1040.0,
        "wait_time": 0,
        "Landing_success_rate": 1.0
    },
    {
        "model": 1,
        "sequence": 10,
        "status": 1,
        "fuel": 7102,
        "fault": 0.3322,
        "weapon": 0,
        "pilot_injury": 0.8425,
        "pilot_skill": 0.2504,
        "mission_priority": 0.8884,
        "estimated_landing_time": 946.0,
        "wait_time": 0,
        "Landing_success_rate": 1.0
    },
    {
        "model": 1,
        "sequence": 3,
        "status": 1,
        "fuel": 7180,
        "fault": 0.2085,
        "weapon": 1,
        "pilot_injury": 0.3465,
        "pilot_skill": 0.8877,
        "mission_priority": 0.638,
        "estimated_landing_time": 288.0,
        "wait_time": 0,
        "Landing_success_rate": 1.0
    },
    {
        "model": 1,
        "sequence": 9,
        "status": 1,
        "fuel": 7271,
        "fault": 0.2052,
        "weapon": 1,
        "pilot_injury": 0.1457,
        "pilot_skill": 0.3323,
        "mission_priority": 0.4553,
        "estimated_landing_time": 852.0,
        "wait_time": 0,
        "Landing_success_rate": 1.0
    },
    {
        "model": 1,
        "sequence": 5,
        "status": 1,
        "fuel": 6193,
        "fault": 0.9905,
        "weapon": 0,
        "pilot_injury": 0.5461,
        "pilot_skill": 0.8417,
        "mission_priority": 0.1701,
        "estimated_landing_time": 476.0,
        "wait_time": 0,
        "Landing_success_rate": 1.0
    },
    {
        "model": 0,
        "sequence": 4,
        "status": 1,
        "fuel": 6726,
        "fault": 0.769,
        "weapon": 0,
        "pilot_injury": 0.5605,
        "pilot_skill": 0.5834,
        "mission_priority": 0.4781,
        "estimated_landing_time": 382.0,
        "wait_time": 0,
        "Landing_success_rate": 1.0
    },
    {
        "model": 2,
        "sequence": 6,
        "status": 1,
        "fuel": 6039,
        "fault": 0.2375,
        "weapon": 1,
        "pilot_injury": 0.5469,
        "pilot_skill": 0.9972,
        "mission_priority": 0.566,
        "estimated_landing_time": 570.0,
        "wait_time": 0,
        "Landing_success_rate": 1.0
    },
    {
        "model": 1,
        "sequence": 2,
        "status": 1,
        "fuel": 6981,
        "fault": 0.0512,
        "weapon": 1,
        "pilot_injury": 0.3965,
        "pilot_skill": 0.1537,
        "mission_priority": 0.8625,
        "estimated_landing_time": 194.0,
        "wait_time": 0,
        "Landing_success_rate": 1.0
    }
]