[
    {
        "model": 1,
        "sequence": 5,
        "status": 1,
        "fuel": 5714,
        "fault": 0.3716,
        "weapon": 1,
        "pilot_injury": 0.9631,
        "pilot_skill": 0.1229,
        "mission_priority": 0.2549,
        "estimated_landing_time": 476.0,
        "wait_time": 0,
        "Landing_success_rate": 1.0
    },
    {
        "model": 2,
        "sequence": 7,
        "status": 1,
        "fuel": 6198,
        "fault": 0.521,
        "weapon": 1,
        "pilot_injury": 0.8381,
        "pilot_skill": 0.5157,
        "mission_priority": 0.377,
        "estimated_landing_time": 664.0,
        "wait_time": 0,
        "Landing_success_rate": 1.0
    },
    {
        "model": 2,
        "sequence": 8,
        "status": 1,
        "fuel": 5757,
        "fault": 0.5163,
        "weapon": 0,
        "pilot_injury": 0.8561,
        "pilot_skill": 0.2308,
        "mission_priority": 0.8487,
        "estimated_landing_time": 758.0,
        "wait_time": 0,
        "Landing_success_rate": 1.0
    },
    {
        "model": 1,
        "sequence": 2,
        "status": 1,
        "fuel": 6449,
        "fault": 0.1981,
        "weapon": 1,
        "pilot_injury": 0.8881,
        "pilot_skill": 0.4735,
        "mission_priority": 0.7466,
        "estimated_landing_time": 194.0,
        "wait_time": 0,
        "Landing_success_rate": 1.0
    },
    {
        "model": 2,
        "sequence": 11,
        "status": 1,
        "fuel": 6911,
        "fault": 0.3347,
        "weapon": 0,
        "pilot_injury": 0.9253,
        "pilot_skill": 0.4468,
        "mission_priority": 0.1731,
        "estimated_landing_time": 1040.0,
        "wait_time": 0,
        "Landing_success_rate": 1.0
    },
    {
        "model": 2,
        "sequence": 9,
        "status": 1,
        "fuel": 5638,
        "fault": 0.3434,
        "weapon": 0,
        "pilot_injury": 0.1432,
        "pilot_skill": 0.5579,
        "mission_priority": 0.1849,
        "estimated_landing_time": 852.0,
        "wait_time": 0,
        "Landing_success_rate": 1.0
    },
    {
        "model": 0,
        "sequence": 3,
        "status": 1,
        "fuel": 7339,
        "fault": 0.735,
        "weapon": 1,
        "pilot_injury": 0.8316,
        "pilot_skill": 0.5914,
        "mission_priority": 0.3581,
        "estimated_landing_time": 288.0,
        "wait_time": 0,
        "Landing_success_rate": 1.0
    },
    {
        "model": 1,
        "sequence": 6,
        "status": 1,
        "fuel": 5771,
        "fault": 0.2105,
        "weapon": 1,
        "pilot_injury": 0.9803,
        "pilot_skill": 0.6163,
        "mission_priority": 0.1835,
        "estimated_landing_time": 570.0,
        "wait_time": 0,
        "Landing_success_rate": 1.0
    },
    {
        "model": 1,
        "sequence": 1,
        "status": 1,
        "fuel": 5734,
        "fault": 0.6197,
        "weapon": 1,
        "pilot_injury": 0.4293,
        "pilot_skill": 0.8616,
        "mission_priority": 0.1507,
        "estimated_landing_time": 100.0,
        "wait_time": 0,
        "Landing_success_rate": 1.0
    },
    {
        "model": 0,
        "sequence": 12,
        "status": 1,
        "fuel": 7126,
        "fault": 0.9488,
        "weapon": 0,
        "pilot_injury": 0.2109,
        "pilot_skill": 0.2387,
        "mission_priority": 0.9176,
        "estimated_landing_time": 1134.0,
        "wait_time": 0,
        "Landing_success_rate": 1.0
    },
    {
        "model": 1,
        "sequence": 4,
        "status": 1,
        "fuel": 7323,
        "fault": 0.959,
        "weapon": 1,
        "pilot_injury": 0.5324,
        "pilot_skill": 0.8987,
        "mission_priority": 0.9977,
        "estimated_landing_time": 382.0,
        "wait_time": 0,
        "Landing_success_rate": 1.0
    },
    {
        "model": 0,
        "sequence": 10,
        "status": 1,
        "fuel": 6318,
        "fault": 0.0867,
        "weapon": 0,
        "pilot_injury": 0.7871,
        "pilot_skill": 0.9632,
        "mission_priority": 0.7073,
        "estimated_landing_time": 946.0,
        "wait_time": 0,
        "Landing_success_rate": 1.0
    }
]