[
    {
        "model": 2,
        "sequence": 6,
        "status": 1,
        "fuel": 5671,
        "fault": 0.8216,
        "weapon": 1,
        "pilot_injury": 0.9204,
        "pilot_skill": 0.8792,
        "mission_priority": 0.4569,
        "estimated_landing_time": 570.0,
        "wait_time": 0,
        "Landing_success_rate": 1.0
    },
    {
        "model": 2,
        "sequence": 8,
        "status": 1,
        "fuel": 6641,
        "fault": 0.6834,
        "weapon": 0,
        "pilot_injury": 0.2435,
        "pilot_skill": 0.0522,
        "mission_priority": 0.9392,
        "estimated_landing_time": 758.0,
        "wait_time": 0,
        "Landing_success_rate": 1.0
    },
    {
        "model": 2,
        "sequence": 9,
        "status": 1,
        "fuel": 5793,
        "fault": 0.5701,
        "weapon": 1,
        "pilot_injury": 0.4725,
        "pilot_skill": 0.4916,
        "mission_priority": 0.0184,
        "estimated_landing_time": 852.0,
        "wait_time": 0,
        "Landing_success_rate": 1.0
    },
    {
        "model": 2,
        "sequence": 5,
        "status": 1,
        "fuel": 6666,
        "fault": 0.8851,
        "weapon": 0,
        "pilot_injury": 0.6837,
        "pilot_skill": 0.2284,
        "mission_priority": 0.423,
        "estimated_landing_time": 476.0,
        "wait_time": 0,
        "Landing_success_rate": 1.0
    },
    {
        "model": 2,
        "sequence": 3,
        "status": 1,
        "fuel": 6155,
        "fault": 0.2983,
        "weapon": 0,
        "pilot_injury": 0.3261,
        "pilot_skill": 0.1336,
        "mission_priority": 0.4893,
        "estimated_landing_time": 288.0,
        "wait_time": 0,
        "Landing_success_rate": 1.0
    },
    {
        "model": 1,
        "sequence": 7,
        "status": 1,
        "fuel": 6919,
        "fault": 0.8266,
        "weapon": 1,
        "pilot_injury": 0.4247,
        "pilot_skill": 0.0178,
        "mission_priority": 0.0336,
        "estimated_landing_time": 664.0,
        "wait_time": 0,
        "Landing_success_rate": 1.0
    },
    {
        "model": 1,
        "sequence": 10,
        "status": 1,
        "fuel": 6756,
        "fault": 0.1409,
        "weapon": 1,
        "pilot_injury": 0.8451,
        "pilot_skill": 0.6022,
        "mission_priority": 0.4539,
        "estimated_landing_time": 946.0,
        "wait_time": 0,
        "Landing_success_rate": 1.0
    },
    {
        "model": 0,
        "sequence": 11,
        "status": 1,
        "fuel": 6467,
        "fault": 0.6737,
        "weapon": 1,
        "pilot_injury": 0.0404,
        "pilot_skill": 0.8928,
        "mission_priority": 0.9983,
        "estimated_landing_time": 1040.0,
        "wait_time": 0,
        "Landing_success_rate": 1.0
    },
    {
        "model": 2,
        "sequence": 4,
        "status": 1,
        "fuel": 5681,
        "fault": 0.5598,
        "weapon": 1,
        "pilot_injury": 0.1436,
        "pilot_skill": 0.661,
        "mission_priority": 0.6614,
        "estimated_landing_time": 382.0,
        "wait_time": 0,
        "Landing_success_rate": 1.0
    },
    {
        "model": 1,
        "sequence": 1,
        "status": 1,
        "fuel": 7247,
        "fault": 0.5773,
        "weapon": 1,
        "pilot_injury": 0.4497,
        "pilot_skill": 0.6129,
        "mission_priority": 0.6883,
        "estimated_landing_time": 100.0,
        "wait_time": 0,
        "Landing_success_rate": 1.0
    },
    {
        "model": 1,
        "sequence": 12,
        "status": 1,
        "fuel": 6168,
        "fault": 0.1044,
        "weapon": 1,
        "pilot_injury": 0.6451,
        "pilot_skill": 0.5575,
        "mission_priority": 0.6439,
        "estimated_landing_time": 1134.0,
        "wait_time": 0,
        "Landing_success_rate": 1.0
    },
    {
        "model": 1,
        "sequence": 2,
        "status": 1,
        "fuel": 6775,
        "fault": 0.3553,
        "weapon": 1,
        "pilot_injury": 0.6428,
        "pilot_skill": 0.5197,
        "mission_priority": 0.6818,
        "estimated_landing_time": 194.0,
        "wait_time": 0,
        "Landing_success_rate": 1.0
    }
]