[
    {
        "model": 0,
        "sequence": 5,
        "status": 1,
        "fuel": 5806,
        "fault": 0.5727,
        "weapon": 1,
        "pilot_injury": 0.662,
        "pilot_skill": 0.4649,
        "mission_priority": 0.6306,
        "estimated_landing_time": 476.0,
        "wait_time": 0,
        "Landing_success_rate": 1.0
    },
    {
        "model": 2,
        "sequence": 7,
        "status": 1,
        "fuel": 5992,
        "fault": 0.6756,
        "weapon": 0,
        "pilot_injury": 0.5079,
        "pilot_skill": 0.5286,
        "mission_priority": 0.8106,
        "estimated_landing_time": 664.0,
        "wait_time": 0,
        "Landing_success_rate": 1.0
    },
    {
        "model": 1,
        "sequence": 3,
        "status": 1,
        "fuel": 6995,
        "fault": 0.0286,
        "weapon": 0,
        "pilot_injury": 0.1134,
        "pilot_skill": 0.7206,
        "mission_priority": 0.5003,
        "estimated_landing_time": 288.0,
        "wait_time": 0,
        "Landing_success_rate": 1.0
    },
    {
        "model": 0,
        "sequence": 2,
        "status": 1,
        "fuel": 6791,
        "fault": 0.342,
        "weapon": 1,
        "pilot_injury": 0.0552,
        "pilot_skill": 0.8206,
        "mission_priority": 0.0377,
        "estimated_landing_time": 194.0,
        "wait_time": 0,
        "Landing_success_rate": 1.0
    },
    {
        "model": 0,
        "sequence": 8,
        "status": 1,
        "fuel": 6542,
        "fault": 0.9514,
        "weapon": 1,
        "pilot_injury": 0.1481,
        "pilot_skill": 0.7463,
        "mission_priority": 0.0084,
        "estimated_landing_time": 758.0,
        "wait_time": 0,
        "Landing_success_rate": 1.0
    },
    {
        "model": 0,
        "sequence": 11,
        "status": 1,
        "fuel": 7225,
        "fault": 0.2238,
        "weapon": 1,
        "pilot_injury": 0.7144,
        "pilot_skill": 0.9166,
        "mission_priority": 0.7055,
        "estimated_landing_time": 1040.0,
        "wait_time": 0,
        "Landing_success_rate": 1.0
    },
    {
        "model": 0,
        "sequence": 12,
        "status": 1,
        "fuel": 5995,
        "fault": 0.3711,
        "weapon": 1,
        "pilot_injury": 0.0013,
        "pilot_skill": 0.1202,
        "mission_priority": 0.5346,
        "estimated_landing_time": 1134.0,
        "wait_time": 0,
        "Landing_success_rate": 1.0
    },
    {
        "model": 0,
        "sequence": 4,
        "status": 1,
        "fuel": 7336,
        "fault": 0.4174,
        "weapon": 1,
        "pilot_injury": 0.8246,
        "pilot_skill": 0.6084,
        "mission_priority": 0.4444,
        "estimated_landing_time": 382.0,
        "wait_time": 0,
        "Landing_success_rate": 1.0
    },
    {
        "model": 1,
        "sequence": 1,
        "status": 1,
        "fuel": 7332,
        "fault": 0.84,
        "weapon": 0,
        "pilot_injury": 0.8502,
        "pilot_skill": 0.9976,
        "mission_priority": 0.8869,
        "estimated_landing_time": 100.0,
        "wait_time": 0,
        "Landing_success_rate": 1.0
    },
    {
        "model": 2,
        "sequence": 6,
        "status": 1,
        "fuel": 6961,
        "fault": 0.2094,
        "weapon": 0,
        "pilot_injury": 0.2313,
        "pilot_skill": 0.7349,
        "mission_priority": 0.3046,
        "estimated_landing_time": 570.0,
        "wait_time": 0,
        "Landing_success_rate": 1.0
    },
    {
        "model": 1,
        "sequence": 10,
        "status": 1,
        "fuel": 6861,
        "fault": 0.7865,
        "weapon": 0,
        "pilot_injury": 0.904,
        "pilot_skill": 0.3202,
        "mission_priority": 0.6703,
        "estimated_landing_time": 946.0,
        "wait_time": 0,
        "Landing_success_rate": 1.0
    },
    {
        "model": 1,
        "sequence": 9,
        "status": 1,
        "fuel": 6283,
        "fault": 0.7716,
        "weapon": 0,
        "pilot_injury": 0.3365,
        "pilot_skill": 0.2112,
        "mission_priority": 0.3132,
        "estimated_landing_time": 852.0,
        "wait_time": 0,
        "Landing_success_rate": 1.0
    }
]