[
    {
        "model": 1,
        "sequence": 10,
        "status": 1,
        "fuel": 7242,
        "fault": 0.5194,
        "weapon": 0,
        "pilot_injury": 0.3917,
        "pilot_skill": 0.154,
        "mission_priority": 0.3768,
        "estimated_landing_time": 946.0,
        "wait_time": 0,
        "Landing_success_rate": 1.0
    },
    {
        "model": 0,
        "sequence": 2,
        "status": 1,
        "fuel": 6300,
        "fault": 0.9465,
        "weapon": 1,
        "pilot_injury": 0.2312,
        "pilot_skill": 0.3438,
        "mission_priority": 0.614,
        "estimated_landing_time": 194.0,
        "wait_time": 0,
        "Landing_success_rate": 1.0
    },
    {
        "model": 0,
        "sequence": 12,
        "status": 1,
        "fuel": 7243,
        "fault": 0.0014,
        "weapon": 1,
        "pilot_injury": 0.5534,
        "pilot_skill": 0.3623,
        "mission_priority": 0.3651,
        "estimated_landing_time": 1134.0,
        "wait_time": 0,
        "Landing_success_rate": 1.0
    },
    {
        "model": 0,
        "sequence": 4,
        "status": 1,
        "fuel": 7091,
        "fault": 0.3476,
        "weapon": 1,
        "pilot_injury": 0.988,
        "pilot_skill": 0.6644,
        "mission_priority": 0.6811,
        "estimated_landing_time": 382.0,
        "wait_time": 0,
        "Landing_success_rate": 1.0
    },
    {
        "model": 2,
        "sequence": 3,
        "status": 1,
        "fuel": 5998,
        "fault": 0.392,
        "weapon": 0,
        "pilot_injury": 0.4848,
        "pilot_skill": 0.1058,
        "mission_priority": 0.2779,
        "estimated_landing_time": 288.0,
        "wait_time": 0,
        "Landing_success_rate": 1.0
    },
    {
        "model": 0,
        "sequence": 6,
        "status": 1,
        "fuel": 7033,
        "fault": 0.5186,
        "weapon": 0,
        "pilot_injury": 0.4134,
        "pilot_skill": 0.0727,
        "mission_priority": 0.7141,
        "estimated_landing_time": 570.0,
        "wait_time": 0,
        "Landing_success_rate": 1.0
    },
    {
        "model": 0,
        "sequence": 11,
        "status": 1,
        "fuel": 5528,
        "fault": 0.6391,
        "weapon": 0,
        "pilot_injury": 0.5103,
        "pilot_skill": 0.4338,
        "mission_priority": 0.5933,
        "estimated_landing_time": 1040.0,
        "wait_time": 0,
        "Landing_success_rate": 1.0
    },
    {
        "model": 1,
        "sequence": 9,
        "status": 1,
        "fuel": 7029,
        "fault": 0.2565,
        "weapon": 1,
        "pilot_injury": 0.5888,
        "pilot_skill": 0.3112,
        "mission_priority": 0.4497,
        "estimated_landing_time": 852.0,
        "wait_time": 0,
        "Landing_success_rate": 1.0
    },
    {
        "model": 0,
        "sequence": 7,
        "status": 1,
        "fuel": 6459,
        "fault": 0.8472,
        "weapon": 0,
        "pilot_injury": 0.2928,
        "pilot_skill": 0.6795,
        "mission_priority": 0.3155,
        "estimated_landing_time": 664.0,
        "wait_time": 0,
        "Landing_success_rate": 1.0
    },
    {
        "model": 0,
        "sequence": 5,
        "status": 1,
        "fuel": 6492,
        "fault": 0.1756,
        "weapon": 0,
        "pilot_injury": 0.7627,
        "pilot_skill": 0.0684,
        "mission_priority": 0.0126,
        "estimated_landing_time": 476.0,
        "wait_time": 0,
        "Landing_success_rate": 1.0
    },
    {
        "model": 0,
        "sequence": 8,
        "status": 1,
        "fuel": 5992,
        "fault": 0.9338,
        "weapon": 0,
        "pilot_injury": 0.3518,
        "pilot_skill": 0.2326,
        "mission_priority": 0.6169,
        "estimated_landing_time": 758.0,
        "wait_time": 0,
        "Landing_success_rate": 1.0
    },
    {
        "model": 1,
        "sequence": 1,
        "status": 1,
        "fuel": 7449,
        "fault": 0.6213,
        "weapon": 0,
        "pilot_injury": 0.9832,
        "pilot_skill": 0.635,
        "mission_priority": 0.4429,
        "estimated_landing_time": 100.0,
        "wait_time": 0,
        "Landing_success_rate": 1.0
    }
]