[
    {
        "model": 1,
        "sequence": 10,
        "status": 1,
        "fuel": 6571,
        "fault": 0.0759,
        "weapon": 0,
        "pilot_injury": 0.8225,
        "pilot_skill": 0.2187,
        "mission_priority": 0.243,
        "estimated_landing_time": 946.0,
        "wait_time": 0,
        "Landing_success_rate": 1.0
    },
    {
        "model": 2,
        "sequence": 9,
        "status": 1,
        "fuel": 6552,
        "fault": 0.7203,
        "weapon": 0,
        "pilot_injury": 0.2174,
        "pilot_skill": 0.2542,
        "mission_priority": 0.4906,
        "estimated_landing_time": 852.0,
        "wait_time": 0,
        "Landing_success_rate": 1.0
    },
    {
        "model": 2,
        "sequence": 8,
        "status": 1,
        "fuel": 6058,
        "fault": 0.9391,
        "weapon": 0,
        "pilot_injury": 0.2846,
        "pilot_skill": 0.3634,
        "mission_priority": 0.4645,
        "estimated_landing_time": 758.0,
        "wait_time": 0,
        "Landing_success_rate": 1.0
    },
    {
        "model": 1,
        "sequence": 11,
        "status": 1,
        "fuel": 6055,
        "fault": 0.0945,
        "weapon": 0,
        "pilot_injury": 0.3575,
        "pilot_skill": 0.7294,
        "mission_priority": 0.9639,
        "estimated_landing_time": 1040.0,
        "wait_time": 0,
        "Landing_success_rate": 1.0
    },
    {
        "model": 0,
        "sequence": 4,
        "status": 1,
        "fuel": 6703,
        "fault": 0.3631,
        "weapon": 0,
        "pilot_injury": 0.2257,
        "pilot_skill": 0.0209,
        "mission_priority": 0.6041,
        "estimated_landing_time": 382.0,
        "wait_time": 0,
        "Landing_success_rate": 1.0
    },
    {
        "model": 0,
        "sequence": 5,
        "status": 1,
        "fuel": 6089,
        "fault": 0.7745,
        "weapon": 0,
        "pilot_injury": 0.0713,
        "pilot_skill": 0.0692,
        "mission_priority": 0.2104,
        "estimated_landing_time": 476.0,
        "wait_time": 0,
        "Landing_success_rate": 1.0
    },
    {
        "model": 2,
        "sequence": 3,
        "status": 1,
        "fuel": 6978,
        "fault": 0.348,
        "weapon": 1,
        "pilot_injury": 0.1594,
        "pilot_skill": 0.0441,
        "mission_priority": 0.394,
        "estimated_landing_time": 288.0,
        "wait_time": 0,
        "Landing_success_rate": 1.0
    },
    {
        "model": 1,
        "sequence": 12,
        "status": 1,
        "fuel": 6898,
        "fault": 0.0334,
        "weapon": 1,
        "pilot_injury": 0.8269,
        "pilot_skill": 0.098,
        "mission_priority": 0.7039,
        "estimated_landing_time": 1134.0,
        "wait_time": 0,
        "Landing_success_rate": 1.0
    },
    {
        "model": 1,
        "sequence": 1,
        "status": 1,
        "fuel": 5974,
        "fault": 0.7334,
        "weapon": 1,
        "pilot_injury": 0.9325,
        "pilot_skill": 0.2485,
        "mission_priority": 0.6425,
        "estimated_landing_time": 100.0,
        "wait_time": 0,
        "Landing_success_rate": 1.0
    },
    {
        "model": 1,
        "sequence": 2,
        "status": 1,
        "fuel": 6991,
        "fault": 0.5048,
        "weapon": 0,
        "pilot_injury": 0.7863,
        "pilot_skill": 0.8817,
        "mission_priority": 0.8387,
        "estimated_landing_time": 194.0,
        "wait_time": 0,
        "Landing_success_rate": 1.0
    },
    {
        "model": 0,
        "sequence": 7,
        "status": 1,
        "fuel": 6508,
        "fault": 0.6907,
        "weapon": 0,
        "pilot_injury": 0.6612,
        "pilot_skill": 0.7099,
        "mission_priority": 0.0107,
        "estimated_landing_time": 664.0,
        "wait_time": 0,
        "Landing_success_rate": 1.0
    },
    {
        "model": 0,
        "sequence": 6,
        "status": 1,
        "fuel": 5909,
        "fault": 0.891,
        "weapon": 1,
        "pilot_injury": 0.4896,
        "pilot_skill": 0.3114,
        "mission_priority": 0.8718,
        "estimated_landing_time": 570.0,
        "wait_time": 0,
        "Landing_success_rate": 1.0
    }
]