[
    {
        "model": 1,
        "sequence": 8,
        "status": 1,
        "fuel": 6354,
        "fault": 0.9084,
        "weapon": 1,
        "pilot_injury": 0.7354,
        "pilot_skill": 0.3035,
        "mission_priority": 0.3453,
        "estimated_landing_time": 758.0,
        "wait_time": 0,
        "Landing_success_rate": 1.0
    },
    {
        "model": 0,
        "sequence": 6,
        "status": 1,
        "fuel": 5772,
        "fault": 0.9226,
        "weapon": 0,
        "pilot_injury": 0.4046,
        "pilot_skill": 0.0624,
        "mission_priority": 0.8211,
        "estimated_landing_time": 570.0,
        "wait_time": 0,
        "Landing_success_rate": 1.0
    },
    {
        "model": 2,
        "sequence": 12,
        "status": 1,
        "fuel": 6013,
        "fault": 0.6935,
        "weapon": 0,
        "pilot_injury": 0.0565,
        "pilot_skill": 0.6729,
        "mission_priority": 0.843,
        "estimated_landing_time": 1134.0,
        "wait_time": 0,
        "Landing_success_rate": 1.0
    },
    {
        "model": 0,
        "sequence": 4,
        "status": 1,
        "fuel": 6239,
        "fault": 0.2212,
        "weapon": 1,
        "pilot_injury": 0.4015,
        "pilot_skill": 0.3005,
        "mission_priority": 0.8033,
        "estimated_landing_time": 382.0,
        "wait_time": 0,
        "Landing_success_rate": 1.0
    },
    {
        "model": 2,
        "sequence": 3,
        "status": 1,
        "fuel": 7025,
        "fault": 0.4563,
        "weapon": 0,
        "pilot_injury": 0.2062,
        "pilot_skill": 0.2499,
        "mission_priority": 0.3365,
        "estimated_landing_time": 288.0,
        "wait_time": 0,
        "Landing_success_rate": 1.0
    },
    {
        "model": 0,
        "sequence": 7,
        "status": 1,
        "fuel": 6469,
        "fault": 0.4105,
        "weapon": 1,
        "pilot_injury": 0.7451,
        "pilot_skill": 0.2136,
        "mission_priority": 0.0107,
        "estimated_landing_time": 664.0,
        "wait_time": 0,
        "Landing_success_rate": 1.0
    },
    {
        "model": 1,
        "sequence": 9,
        "status": 1,
        "fuel": 5624,
        "fault": 0.5244,
        "weapon": 1,
        "pilot_injury": 0.0595,
        "pilot_skill": 0.6109,
        "mission_priority": 0.3782,
        "estimated_landing_time": 852.0,
        "wait_time": 0,
        "Landing_success_rate": 1.0
    },
    {
        "model": 0,
        "sequence": 1,
        "status": 1,
        "fuel": 7284,
        "fault": 0.1093,
        "weapon": 0,
        "pilot_injury": 0.851,
        "pilot_skill": 0.7772,
        "mission_priority": 0.2691,
        "estimated_landing_time": 100.0,
        "wait_time": 0,
        "Landing_success_rate": 1.0
    },
    {
        "model": 2,
        "sequence": 10,
        "status": 1,
        "fuel": 7045,
        "fault": 0.5335,
        "weapon": 0,
        "pilot_injury": 0.9797,
        "pilot_skill": 0.2683,
        "mission_priority": 0.041,
        "estimated_landing_time": 946.0,
        "wait_time": 0,
        "Landing_success_rate": 1.0
    },
    {
        "model": 0,
        "sequence": 2,
        "status": 1,
        "fuel": 7306,
        "fault": 0.1023,
        "weapon": 0,
        "pilot_injury": 0.1008,
        "pilot_skill": 0.7075,
        "mission_priority": 0.0312,
        "estimated_landing_time": 194.0,
        "wait_time": 0,
        "Landing_success_rate": 1.0
    },
    {
        "model": 1,
        "sequence": 11,
        "status": 1,
        "fuel": 6979,
        "fault": 0.711,
        "weapon": 1,
        "pilot_injury": 0.1273,
        "pilot_skill": 0.1757,
        "mission_priority": 0.9603,
        "estimated_landing_time": 1040.0,
        "wait_time": 0,
        "Landing_success_rate": 1.0
    },
    {
        "model": 1,
        "sequence": 5,
        "status": 1,
        "fuel": 6535,
        "fault": 0.6525,
        "weapon": 1,
        "pilot_injury": 0.3976,
        "pilot_skill": 0.3363,
        "mission_priority": 0.2345,
        "estimated_landing_time": 476.0,
        "wait_time": 0,
        "Landing_success_rate": 1.0
    }
]