[
    {
        "model": 0,
        "sequence": 9,
        "status": 1,
        "fuel": 7247,
        "fault": 0.7305,
        "weapon": 1,
        "pilot_injury": 0.5088,
        "pilot_skill": 0.1242,
        "mission_priority": 0.9381,
        "estimated_landing_time": 852.0,
        "wait_time": 0,
        "Landing_success_rate": 1.0
    },
    {
        "model": 0,
        "sequence": 1,
        "status": 1,
        "fuel": 7332,
        "fault": 0.2573,
        "weapon": 1,
        "pilot_injury": 0.0391,
        "pilot_skill": 0.9462,
        "mission_priority": 0.9974,
        "estimated_landing_time": 100.0,
        "wait_time": 0,
        "Landing_success_rate": 1.0
    },
    {
        "model": 1,
        "sequence": 5,
        "status": 1,
        "fuel": 5675,
        "fault": 0.8574,
        "weapon": 0,
        "pilot_injury": 0.7012,
        "pilot_skill": 0.1223,
        "mission_priority": 0.8743,
        "estimated_landing_time": 476.0,
        "wait_time": 0,
        "Landing_success_rate": 1.0
    },
    {
        "model": 1,
        "sequence": 3,
        "status": 1,
        "fuel": 6075,
        "fault": 0.5477,
        "weapon": 1,
        "pilot_injury": 0.9912,
        "pilot_skill": 0.4223,
        "mission_priority": 0.1312,
        "estimated_landing_time": 288.0,
        "wait_time": 0,
        "Landing_success_rate": 1.0
    },
    {
        "model": 0,
        "sequence": 8,
        "status": 1,
        "fuel": 6010,
        "fault": 0.3028,
        "weapon": 0,
        "pilot_injury": 0.187,
        "pilot_skill": 0.8648,
        "mission_priority": 0.3904,
        "estimated_landing_time": 758.0,
        "wait_time": 0,
        "Landing_success_rate": 1.0
    },
    {
        "model": 2,
        "sequence": 11,
        "status": 1,
        "fuel": 6800,
        "fault": 0.8343,
        "weapon": 1,
        "pilot_injury": 0.0447,
        "pilot_skill": 0.268,
        "mission_priority": 0.0538,
        "estimated_landing_time": 1040.0,
        "wait_time": 0,
        "Landing_success_rate": 1.0
    },
    {
        "model": 2,
        "sequence": 10,
        "status": 1,
        "fuel": 6894,
        "fault": 0.8891,
        "weapon": 1,
        "pilot_injury": 0.8866,
        "pilot_skill": 0.7173,
        "mission_priority": 0.1313,
        "estimated_landing_time": 946.0,
        "wait_time": 0,
        "Landing_success_rate": 1.0
    },
    {
        "model": 1,
        "sequence": 4,
        "status": 1,
        "fuel": 6396,
        "fault": 0.8594,
        "weapon": 0,
        "pilot_injury": 0.3481,
        "pilot_skill": 0.1115,
        "mission_priority": 0.7042,
        "estimated_landing_time": 382.0,
        "wait_time": 0,
        "Landing_success_rate": 1.0
    },
    {
        "model": 2,
        "sequence": 7,
        "status": 1,
        "fuel": 6236,
        "fault": 0.2164,
        "weapon": 0,
        "pilot_injury": 0.0527,
        "pilot_skill": 0.1417,
        "mission_priority": 0.5982,
        "estimated_landing_time": 664.0,
        "wait_time": 0,
        "Landing_success_rate": 1.0
    },
    {
        "model": 0,
        "sequence": 6,
        "status": 1,
        "fuel": 7191,
        "fault": 0.0336,
        "weapon": 1,
        "pilot_injury": 0.0639,
        "pilot_skill": 0.3564,
        "mission_priority": 0.6011,
        "estimated_landing_time": 570.0,
        "wait_time": 0,
        "Landing_success_rate": 1.0
    },
    {
        "model": 2,
        "sequence": 12,
        "status": 1,
        "fuel": 7189,
        "fault": 0.4839,
        "weapon": 0,
        "pilot_injury": 0.429,
        "pilot_skill": 0.2268,
        "mission_priority": 0.4559,
        "estimated_landing_time": 1134.0,
        "wait_time": 0,
        "Landing_success_rate": 1.0
    },
    {
        "model": 1,
        "sequence": 2,
        "status": 1,
        "fuel": 6159,
        "fault": 0.9398,
        "weapon": 1,
        "pilot_injury": 0.1452,
        "pilot_skill": 0.0298,
        "mission_priority": 0.9335,
        "estimated_landing_time": 194.0,
        "wait_time": 0,
        "Landing_success_rate": 1.0
    }
]