[
    {
        "model": 1,
        "sequence": 11,
        "status": 1,
        "fuel": 7004,
        "fault": 0.9384,
        "weapon": 0,
        "pilot_injury": 0.3189,
        "pilot_skill": 0.9928,
        "mission_priority": 0.6784,
        "estimated_landing_time": 1040.0,
        "wait_time": 0,
        "Landing_success_rate": 1.0
    },
    {
        "model": 1,
        "sequence": 12,
        "status": 1,
        "fuel": 6739,
        "fault": 0.1307,
        "weapon": 0,
        "pilot_injury": 0.0788,
        "pilot_skill": 0.2769,
        "mission_priority": 0.2489,
        "estimated_landing_time": 1134.0,
        "wait_time": 0,
        "Landing_success_rate": 1.0
    },
    {
        "model": 1,
        "sequence": 1,
        "status": 1,
        "fuel": 6780,
        "fault": 0.3182,
        "weapon": 1,
        "pilot_injury": 0.5748,
        "pilot_skill": 0.3281,
        "mission_priority": 0.8203,
        "estimated_landing_time": 100.0,
        "wait_time": 0,
        "Landing_success_rate": 1.0
    },
    {
        "model": 1,
        "sequence": 7,
        "status": 1,
        "fuel": 6923,
        "fault": 0.4949,
        "weapon": 0,
        "pilot_injury": 0.0137,
        "pilot_skill": 0.4817,
        "mission_priority": 0.0558,
        "estimated_landing_time": 664.0,
        "wait_time": 0,
        "Landing_success_rate": 1.0
    },
    {
        "model": 0,
        "sequence": 5,
        "status": 1,
        "fuel": 7180,
        "fault": 0.3757,
        "weapon": 1,
        "pilot_injury": 0.4901,
        "pilot_skill": 0.0866,
        "mission_priority": 0.5924,
        "estimated_landing_time": 476.0,
        "wait_time": 0,
        "Landing_success_rate": 1.0
    },
    {
        "model": 0,
        "sequence": 9,
        "status": 1,
        "fuel": 7360,
        "fault": 0.708,
        "weapon": 0,
        "pilot_injury": 0.5682,
        "pilot_skill": 0.8142,
        "mission_priority": 0.7682,
        "estimated_landing_time": 852.0,
        "wait_time": 0,
        "Landing_success_rate": 1.0
    },
    {
        "model": 0,
        "sequence": 3,
        "status": 1,
        "fuel": 6151,
        "fault": 0.2403,
        "weapon": 0,
        "pilot_injury": 0.9377,
        "pilot_skill": 0.4055,
        "mission_priority": 0.5688,
        "estimated_landing_time": 288.0,
        "wait_time": 0,
        "Landing_success_rate": 1.0
    },
    {
        "model": 1,
        "sequence": 2,
        "status": 1,
        "fuel": 5934,
        "fault": 0.2074,
        "weapon": 0,
        "pilot_injury": 0.9955,
        "pilot_skill": 0.0137,
        "mission_priority": 0.3551,
        "estimated_landing_time": 194.0,
        "wait_time": 0,
        "Landing_success_rate": 1.0
    },
    {
        "model": 2,
        "sequence": 8,
        "status": 1,
        "fuel": 6061,
        "fault": 0.7685,
        "weapon": 0,
        "pilot_injury": 0.2225,
        "pilot_skill": 0.7091,
        "mission_priority": 0.0848,
        "estimated_landing_time": 758.0,
        "wait_time": 0,
        "Landing_success_rate": 1.0
    },
    {
        "model": 1,
        "sequence": 4,
        "status": 1,
        "fuel": 6396,
        "fault": 0.7566,
        "weapon": 0,
        "pilot_injury": 0.2508,
        "pilot_skill": 0.2528,
        "mission_priority": 0.6289,
        "estimated_landing_time": 382.0,
        "wait_time": 0,
        "Landing_success_rate": 1.0
    },
    {
        "model": 2,
        "sequence": 6,
        "status": 1,
        "fuel": 6845,
        "fault": 0.1253,
        "weapon": 0,
        "pilot_injury": 0.8521,
        "pilot_skill": 0.9649,
        "mission_priority": 0.5814,
        "estimated_landing_time": 570.0,
        "wait_time": 0,
        "Landing_success_rate": 1.0
    },
    {
        "model": 0,
        "sequence": 10,
        "status": 1,
        "fuel": 7177,
        "fault": 0.9777,
        "weapon": 1,
        "pilot_injury": 0.8947,
        "pilot_skill": 0.0116,
        "mission_priority": 0.9659,
        "estimated_landing_time": 946.0,
        "wait_time": 0,
        "Landing_success_rate": 1.0
    }
]