[
    {
        "model": 2,
        "sequence": 11,
        "status": 1,
        "fuel": 6877,
        "fault": 0.0719,
        "weapon": 0,
        "pilot_injury": 0.3187,
        "pilot_skill": 0.6772,
        "mission_priority": 0.9479,
        "estimated_landing_time": 1040.0,
        "wait_time": 0,
        "Landing_success_rate": 1.0
    },
    {
        "model": 0,
        "sequence": 3,
        "status": 1,
        "fuel": 5983,
        "fault": 0.346,
        "weapon": 1,
        "pilot_injury": 0.7516,
        "pilot_skill": 0.3307,
        "mission_priority": 0.015,
        "estimated_landing_time": 288.0,
        "wait_time": 0,
        "Landing_success_rate": 1.0
    },
    {
        "model": 0,
        "sequence": 2,
        "status": 1,
        "fuel": 7420,
        "fault": 0.5241,
        "weapon": 0,
        "pilot_injury": 0.6895,
        "pilot_skill": 0.9067,
        "mission_priority": 0.9588,
        "estimated_landing_time": 194.0,
        "wait_time": 0,
        "Landing_success_rate": 1.0
    },
    {
        "model": 1,
        "sequence": 7,
        "status": 1,
        "fuel": 6659,
        "fault": 0.9325,
        "weapon": 0,
        "pilot_injury": 0.3225,
        "pilot_skill": 0.843,
        "mission_priority": 0.1803,
        "estimated_landing_time": 664.0,
        "wait_time": 0,
        "Landing_success_rate": 1.0
    },
    {
        "model": 1,
        "sequence": 4,
        "status": 1,
        "fuel": 5945,
        "fault": 0.2312,
        "weapon": 1,
        "pilot_injury": 0.8589,
        "pilot_skill": 0.2208,
        "mission_priority": 0.154,
        "estimated_landing_time": 382.0,
        "wait_time": 0,
        "Landing_success_rate": 1.0
    },
    {
        "model": 2,
        "sequence": 6,
        "status": 1,
        "fuel": 7459,
        "fault": 0.9563,
        "weapon": 1,
        "pilot_injury": 0.0125,
        "pilot_skill": 0.7274,
        "mission_priority": 0.3092,
        "estimated_landing_time": 570.0,
        "wait_time": 0,
        "Landing_success_rate": 1.0
    },
    {
        "model": 2,
        "sequence": 10,
        "status": 1,
        "fuel": 5543,
        "fault": 0.2087,
        "weapon": 0,
        "pilot_injury": 0.4268,
        "pilot_skill": 0.515,
        "mission_priority": 0.5824,
        "estimated_landing_time": 946.0,
        "wait_time": 0,
        "Landing_success_rate": 1.0
    },
    {
        "model": 2,
        "sequence": 8,
        "status": 1,
        "fuel": 6615,
        "fault": 0.8264,
        "weapon": 0,
        "pilot_injury": 0.7186,
        "pilot_skill": 0.4404,
        "mission_priority": 0.1425,
        "estimated_landing_time": 758.0,
        "wait_time": 0,
        "Landing_success_rate": 1.0
    },
    {
        "model": 0,
        "sequence": 5,
        "status": 1,
        "fuel": 5897,
        "fault": 0.488,
        "weapon": 0,
        "pilot_injury": 0.6381,
        "pilot_skill": 0.5881,
        "mission_priority": 0.2294,
        "estimated_landing_time": 476.0,
        "wait_time": 0,
        "Landing_success_rate": 1.0
    },
    {
        "model": 2,
        "sequence": 12,
        "status": 1,
        "fuel": 6395,
        "fault": 0.8674,
        "weapon": 0,
        "pilot_injury": 0.9196,
        "pilot_skill": 0.6537,
        "mission_priority": 0.2782,
        "estimated_landing_time": 1134.0,
        "wait_time": 0,
        "Landing_success_rate": 1.0
    },
    {
        "model": 0,
        "sequence": 1,
        "status": 1,
        "fuel": 6777,
        "fault": 0.2849,
        "weapon": 1,
        "pilot_injury": 0.3355,
        "pilot_skill": 0.5254,
        "mission_priority": 0.6797,
        "estimated_landing_time": 100.0,
        "wait_time": 0,
        "Landing_success_rate": 1.0
    },
    {
        "model": 0,
        "sequence": 9,
        "status": 1,
        "fuel": 6966,
        "fault": 0.5667,
        "weapon": 1,
        "pilot_injury": 0.5652,
        "pilot_skill": 0.9122,
        "mission_priority": 0.9684,
        "estimated_landing_time": 852.0,
        "wait_time": 0,
        "Landing_success_rate": 1.0
    }
]