[
    {
        "model": 2,
        "sequence": 6,
        "status": 1,
        "fuel": 5930,
        "fault": 0.6257,
        "weapon": 0,
        "pilot_injury": 0.9892,
        "pilot_skill": 0.8888,
        "mission_priority": 0.3279,
        "estimated_landing_time": 570.0,
        "wait_time": 0,
        "Landing_success_rate": 1.0
    },
    {
        "model": 0,
        "sequence": 12,
        "status": 1,
        "fuel": 7387,
        "fault": 0.1724,
        "weapon": 0,
        "pilot_injury": 0.0172,
        "pilot_skill": 0.8202,
        "mission_priority": 0.8798,
        "estimated_landing_time": 1134.0,
        "wait_time": 0,
        "Landing_success_rate": 1.0
    },
    {
        "model": 2,
        "sequence": 10,
        "status": 1,
        "fuel": 6313,
        "fault": 0.3139,
        "weapon": 0,
        "pilot_injury": 0.462,
        "pilot_skill": 0.0124,
        "mission_priority": 0.3994,
        "estimated_landing_time": 946.0,
        "wait_time": 0,
        "Landing_success_rate": 1.0
    },
    {
        "model": 1,
        "sequence": 7,
        "status": 1,
        "fuel": 5573,
        "fault": 0.0083,
        "weapon": 0,
        "pilot_injury": 0.894,
        "pilot_skill": 0.9661,
        "mission_priority": 0.8851,
        "estimated_landing_time": 664.0,
        "wait_time": 0,
        "Landing_success_rate": 1.0
    },
    {
        "model": 1,
        "sequence": 8,
        "status": 1,
        "fuel": 5777,
        "fault": 0.5874,
        "weapon": 1,
        "pilot_injury": 0.0682,
        "pilot_skill": 0.2726,
        "mission_priority": 0.5783,
        "estimated_landing_time": 758.0,
        "wait_time": 0,
        "Landing_success_rate": 1.0
    },
    {
        "model": 0,
        "sequence": 5,
        "status": 1,
        "fuel": 6866,
        "fault": 0.9121,
        "weapon": 0,
        "pilot_injury": 0.0491,
        "pilot_skill": 0.1036,
        "mission_priority": 0.1286,
        "estimated_landing_time": 476.0,
        "wait_time": 0,
        "Landing_success_rate": 1.0
    },
    {
        "model": 0,
        "sequence": 4,
        "status": 1,
        "fuel": 7217,
        "fault": 0.9566,
        "weapon": 0,
        "pilot_injury": 0.6885,
        "pilot_skill": 0.8308,
        "mission_priority": 0.4088,
        "estimated_landing_time": 382.0,
        "wait_time": 0,
        "Landing_success_rate": 1.0
    },
    {
        "model": 1,
        "sequence": 9,
        "status": 1,
        "fuel": 5725,
        "fault": 0.7932,
        "weapon": 0,
        "pilot_injury": 0.9733,
        "pilot_skill": 0.35,
        "mission_priority": 0.8459,
        "estimated_landing_time": 852.0,
        "wait_time": 0,
        "Landing_success_rate": 1.0
    },
    {
        "model": 1,
        "sequence": 3,
        "status": 1,
        "fuel": 7484,
        "fault": 0.6619,
        "weapon": 0,
        "pilot_injury": 0.0671,
        "pilot_skill": 0.6503,
        "mission_priority": 0.1201,
        "estimated_landing_time": 288.0,
        "wait_time": 0,
        "Landing_success_rate": 1.0
    },
    {
        "model": 2,
        "sequence": 2,
        "status": 1,
        "fuel": 5856,
        "fault": 0.0642,
        "weapon": 0,
        "pilot_injury": 0.9161,
        "pilot_skill": 0.9085,
        "mission_priority": 0.2258,
        "estimated_landing_time": 194.0,
        "wait_time": 0,
        "Landing_success_rate": 1.0
    },
    {
        "model": 1,
        "sequence": 11,
        "status": 1,
        "fuel": 6580,
        "fault": 0.3272,
        "weapon": 0,
        "pilot_injury": 0.4967,
        "pilot_skill": 0.3936,
        "mission_priority": 0.4832,
        "estimated_landing_time": 1040.0,
        "wait_time": 0,
        "Landing_success_rate": 1.0
    },
    {
        "model": 2,
        "sequence": 1,
        "status": 1,
        "fuel": 6661,
        "fault": 0.1453,
        "weapon": 1,
        "pilot_injury": 0.7833,
        "pilot_skill": 0.4317,
        "mission_priority": 0.252,
        "estimated_landing_time": 100.0,
        "wait_time": 0,
        "Landing_success_rate": 1.0
    }
]