[
    {
        "model": 0,
        "sequence": 12,
        "status": 1,
        "fuel": 6776,
        "fault": 0.8228,
        "weapon": 1,
        "pilot_injury": 0.703,
        "pilot_skill": 0.1827,
        "mission_priority": 0.6099,
        "estimated_landing_time": 1134.0,
        "wait_time": 0,
        "Landing_success_rate": 1.0
    },
    {
        "model": 0,
        "sequence": 11,
        "status": 1,
        "fuel": 7106,
        "fault": 0.7836,
        "weapon": 0,
        "pilot_injury": 0.8289,
        "pilot_skill": 0.6034,
        "mission_priority": 0.3891,
        "estimated_landing_time": 1040.0,
        "wait_time": 0,
        "Landing_success_rate": 1.0
    },
    {
        "model": 1,
        "sequence": 9,
        "status": 1,
        "fuel": 7273,
        "fault": 0.071,
        "weapon": 1,
        "pilot_injury": 0.1655,
        "pilot_skill": 0.4027,
        "mission_priority": 0.3434,
        "estimated_landing_time": 852.0,
        "wait_time": 0,
        "Landing_success_rate": 1.0
    },
    {
        "model": 1,
        "sequence": 4,
        "status": 1,
        "fuel": 7429,
        "fault": 0.5736,
        "weapon": 1,
        "pilot_injury": 0.4825,
        "pilot_skill": 0.9403,
        "mission_priority": 0.2937,
        "estimated_landing_time": 382.0,
        "wait_time": 0,
        "Landing_success_rate": 1.0
    },
    {
        "model": 1,
        "sequence": 8,
        "status": 1,
        "fuel": 6701,
        "fault": 0.7989,
        "weapon": 0,
        "pilot_injury": 0.546,
        "pilot_skill": 0.547,
        "mission_priority": 0.0533,
        "estimated_landing_time": 758.0,
        "wait_time": 0,
        "Landing_success_rate": 1.0
    },
    {
        "model": 0,
        "sequence": 3,
        "status": 1,
        "fuel": 5660,
        "fault": 0.1116,
        "weapon": 1,
        "pilot_injury": 0.9993,
        "pilot_skill": 0.3084,
        "mission_priority": 0.8845,
        "estimated_landing_time": 288.0,
        "wait_time": 0,
        "Landing_success_rate": 1.0
    },
    {
        "model": 2,
        "sequence": 6,
        "status": 1,
        "fuel": 7415,
        "fault": 0.5141,
        "weapon": 0,
        "pilot_injury": 0.5435,
        "pilot_skill": 0.8405,
        "mission_priority": 0.8834,
        "estimated_landing_time": 570.0,
        "wait_time": 0,
        "Landing_success_rate": 1.0
    },
    {
        "model": 0,
        "sequence": 2,
        "status": 1,
        "fuel": 6172,
        "fault": 0.4884,
        "weapon": 0,
        "pilot_injury": 0.3352,
        "pilot_skill": 0.042,
        "mission_priority": 0.5982,
        "estimated_landing_time": 194.0,
        "wait_time": 0,
        "Landing_success_rate": 1.0
    },
    {
        "model": 2,
        "sequence": 10,
        "status": 1,
        "fuel": 6689,
        "fault": 0.3615,
        "weapon": 0,
        "pilot_injury": 0.74,
        "pilot_skill": 0.6277,
        "mission_priority": 0.3756,
        "estimated_landing_time": 946.0,
        "wait_time": 0,
        "Landing_success_rate": 1.0
    },
    {
        "model": 0,
        "sequence": 7,
        "status": 1,
        "fuel": 7199,
        "fault": 0.8,
        "weapon": 0,
        "pilot_injury": 0.8546,
        "pilot_skill": 0.6859,
        "mission_priority": 0.0179,
        "estimated_landing_time": 664.0,
        "wait_time": 0,
        "Landing_success_rate": 1.0
    },
    {
        "model": 0,
        "sequence": 5,
        "status": 1,
        "fuel": 5995,
        "fault": 0.804,
        "weapon": 1,
        "pilot_injury": 0.5704,
        "pilot_skill": 0.7565,
        "mission_priority": 0.1106,
        "estimated_landing_time": 476.0,
        "wait_time": 0,
        "Landing_success_rate": 1.0
    },
    {
        "model": 1,
        "sequence": 1,
        "status": 1,
        "fuel": 7219,
        "fault": 0.5765,
        "weapon": 1,
        "pilot_injury": 0.69,
        "pilot_skill": 0.9714,
        "mission_priority": 0.0837,
        "estimated_landing_time": 100.0,
        "wait_time": 0,
        "Landing_success_rate": 1.0
    }
]