[
    {
        "model": 1,
        "sequence": 10,
        "status": 1,
        "fuel": 5743,
        "fault": 0.2953,
        "weapon": 1,
        "pilot_injury": 0.8257,
        "pilot_skill": 0.6978,
        "mission_priority": 0.0822,
        "estimated_landing_time": 946.0,
        "wait_time": 0,
        "Landing_success_rate": 1.0
    },
    {
        "model": 1,
        "sequence": 8,
        "status": 1,
        "fuel": 6218,
        "fault": 0.6428,
        "weapon": 1,
        "pilot_injury": 0.1874,
        "pilot_skill": 0.4482,
        "mission_priority": 0.601,
        "estimated_landing_time": 758.0,
        "wait_time": 0,
        "Landing_success_rate": 1.0
    },
    {
        "model": 2,
        "sequence": 5,
        "status": 1,
        "fuel": 6873,
        "fault": 0.2053,
        "weapon": 1,
        "pilot_injury": 0.8404,
        "pilot_skill": 0.3236,
        "mission_priority": 0.8387,
        "estimated_landing_time": 476.0,
        "wait_time": 0,
        "Landing_success_rate": 1.0
    },
    {
        "model": 0,
        "sequence": 9,
        "status": 1,
        "fuel": 7149,
        "fault": 0.3764,
        "weapon": 1,
        "pilot_injury": 0.1528,
        "pilot_skill": 0.0829,
        "mission_priority": 0.6418,
        "estimated_landing_time": 852.0,
        "wait_time": 0,
        "Landing_success_rate": 1.0
    },
    {
        "model": 0,
        "sequence": 4,
        "status": 1,
        "fuel": 6278,
        "fault": 0.99,
        "weapon": 1,
        "pilot_injury": 0.3632,
        "pilot_skill": 0.2872,
        "mission_priority": 0.5007,
        "estimated_landing_time": 382.0,
        "wait_time": 0,
        "Landing_success_rate": 1.0
    },
    {
        "model": 0,
        "sequence": 1,
        "status": 1,
        "fuel": 6438,
        "fault": 0.1441,
        "weapon": 0,
        "pilot_injury": 0.6937,
        "pilot_skill": 0.7596,
        "mission_priority": 0.853,
        "estimated_landing_time": 100.0,
        "wait_time": 0,
        "Landing_success_rate": 1.0
    },
    {
        "model": 1,
        "sequence": 12,
        "status": 1,
        "fuel": 5853,
        "fault": 0.154,
        "weapon": 1,
        "pilot_injury": 0.7161,
        "pilot_skill": 0.3943,
        "mission_priority": 0.6771,
        "estimated_landing_time": 1134.0,
        "wait_time": 0,
        "Landing_success_rate": 1.0
    },
    {
        "model": 0,
        "sequence": 3,
        "status": 1,
        "fuel": 7460,
        "fault": 0.0483,
        "weapon": 1,
        "pilot_injury": 0.7289,
        "pilot_skill": 0.9525,
        "mission_priority": 0.835,
        "estimated_landing_time": 288.0,
        "wait_time": 0,
        "Landing_success_rate": 1.0
    },
    {
        "model": 2,
        "sequence": 6,
        "status": 1,
        "fuel": 6868,
        "fault": 0.3273,
        "weapon": 1,
        "pilot_injury": 0.4592,
        "pilot_skill": 0.2518,
        "mission_priority": 0.3703,
        "estimated_landing_time": 570.0,
        "wait_time": 0,
        "Landing_success_rate": 1.0
    },
    {
        "model": 2,
        "sequence": 7,
        "status": 1,
        "fuel": 6436,
        "fault": 0.1682,
        "weapon": 0,
        "pilot_injury": 0.5051,
        "pilot_skill": 0.5253,
        "mission_priority": 0.974,
        "estimated_landing_time": 664.0,
        "wait_time": 0,
        "Landing_success_rate": 1.0
    },
    {
        "model": 0,
        "sequence": 2,
        "status": 1,
        "fuel": 6690,
        "fault": 0.5202,
        "weapon": 0,
        "pilot_injury": 0.3689,
        "pilot_skill": 0.424,
        "mission_priority": 0.3605,
        "estimated_landing_time": 194.0,
        "wait_time": 0,
        "Landing_success_rate": 1.0
    },
    {
        "model": 1,
        "sequence": 11,
        "status": 1,
        "fuel": 6338,
        "fault": 0.0521,
        "weapon": 1,
        "pilot_injury": 0.5721,
        "pilot_skill": 0.853,
        "mission_priority": 0.8059,
        "estimated_landing_time": 1040.0,
        "wait_time": 0,
        "Landing_success_rate": 1.0
    }
]