[
    {
        "model": 1,
        "sequence": 8,
        "status": 1,
        "fuel": 6417,
        "fault": 0.2023,
        "weapon": 0,
        "pilot_injury": 0.335,
        "pilot_skill": 0.7785,
        "mission_priority": 0.8554,
        "estimated_landing_time": 758.0,
        "wait_time": 0,
        "Landing_success_rate": 1.0
    },
    {
        "model": 0,
        "sequence": 3,
        "status": 1,
        "fuel": 5572,
        "fault": 0.3939,
        "weapon": 1,
        "pilot_injury": 0.7477,
        "pilot_skill": 0.9129,
        "mission_priority": 0.7549,
        "estimated_landing_time": 288.0,
        "wait_time": 0,
        "Landing_success_rate": 1.0
    },
    {
        "model": 2,
        "sequence": 7,
        "status": 1,
        "fuel": 6555,
        "fault": 0.7586,
        "weapon": 0,
        "pilot_injury": 0.3876,
        "pilot_skill": 0.5762,
        "mission_priority": 0.8314,
        "estimated_landing_time": 664.0,
        "wait_time": 0,
        "Landing_success_rate": 1.0
    },
    {
        "model": 0,
        "sequence": 4,
        "status": 1,
        "fuel": 6448,
        "fault": 0.6476,
        "weapon": 0,
        "pilot_injury": 0.5962,
        "pilot_skill": 0.8933,
        "mission_priority": 0.172,
        "estimated_landing_time": 382.0,
        "wait_time": 0,
        "Landing_success_rate": 1.0
    },
    {
        "model": 2,
        "sequence": 12,
        "status": 1,
        "fuel": 6730,
        "fault": 0.0656,
        "weapon": 1,
        "pilot_injury": 0.0192,
        "pilot_skill": 0.1122,
        "mission_priority": 0.9906,
        "estimated_landing_time": 1134.0,
        "wait_time": 0,
        "Landing_success_rate": 1.0
    },
    {
        "model": 0,
        "sequence": 1,
        "status": 1,
        "fuel": 5923,
        "fault": 0.5948,
        "weapon": 0,
        "pilot_injury": 0.1825,
        "pilot_skill": 0.3611,
        "mission_priority": 0.7529,
        "estimated_landing_time": 100.0,
        "wait_time": 0,
        "Landing_success_rate": 1.0
    },
    {
        "model": 0,
        "sequence": 6,
        "status": 1,
        "fuel": 6122,
        "fault": 0.347,
        "weapon": 1,
        "pilot_injury": 0.5299,
        "pilot_skill": 0.8434,
        "mission_priority": 0.2349,
        "estimated_landing_time": 570.0,
        "wait_time": 0,
        "Landing_success_rate": 1.0
    },
    {
        "model": 1,
        "sequence": 11,
        "status": 1,
        "fuel": 7127,
        "fault": 0.5271,
        "weapon": 0,
        "pilot_injury": 0.5959,
        "pilot_skill": 0.2505,
        "mission_priority": 0.3338,
        "estimated_landing_time": 1040.0,
        "wait_time": 0,
        "Landing_success_rate": 1.0
    },
    {
        "model": 2,
        "sequence": 9,
        "status": 1,
        "fuel": 6291,
        "fault": 0.5036,
        "weapon": 0,
        "pilot_injury": 0.0919,
        "pilot_skill": 0.6859,
        "mission_priority": 0.429,
        "estimated_landing_time": 852.0,
        "wait_time": 0,
        "Landing_success_rate": 1.0
    },
    {
        "model": 2,
        "sequence": 2,
        "status": 1,
        "fuel": 6590,
        "fault": 0.7934,
        "weapon": 0,
        "pilot_injury": 0.0081,
        "pilot_skill": 0.6167,
        "mission_priority": 0.0937,
        "estimated_landing_time": 194.0,
        "wait_time": 0,
        "Landing_success_rate": 1.0
    },
    {
        "model": 2,
        "sequence": 10,
        "status": 1,
        "fuel": 6699,
        "fault": 0.1113,
        "weapon": 1,
        "pilot_injury": 0.5312,
        "pilot_skill": 0.6828,
        "mission_priority": 0.2373,
        "estimated_landing_time": 946.0,
        "wait_time": 0,
        "Landing_success_rate": 1.0
    },
    {
        "model": 1,
        "sequence": 5,
        "status": 1,
        "fuel": 6852,
        "fault": 0.8561,
        "weapon": 0,
        "pilot_injury": 0.6616,
        "pilot_skill": 0.6886,
        "mission_priority": 0.8716,
        "estimated_landing_time": 476.0,
        "wait_time": 0,
        "Landing_success_rate": 1.0
    }
]