[
    {
        "model": 2,
        "sequence": 7,
        "status": 1,
        "fuel": 5939,
        "fault": 0.1416,
        "weapon": 0,
        "pilot_injury": 0.1978,
        "pilot_skill": 0.8434,
        "mission_priority": 0.2038,
        "estimated_landing_time": 664.0,
        "wait_time": 0,
        "Landing_success_rate": 1.0
    },
    {
        "model": 2,
        "sequence": 4,
        "status": 1,
        "fuel": 7000,
        "fault": 0.9622,
        "weapon": 0,
        "pilot_injury": 0.7589,
        "pilot_skill": 0.5327,
        "mission_priority": 0.6387,
        "estimated_landing_time": 382.0,
        "wait_time": 0,
        "Landing_success_rate": 1.0
    },
    {
        "model": 2,
        "sequence": 6,
        "status": 1,
        "fuel": 5744,
        "fault": 0.2527,
        "weapon": 0,
        "pilot_injury": 0.3088,
        "pilot_skill": 0.6114,
        "mission_priority": 0.9641,
        "estimated_landing_time": 570.0,
        "wait_time": 0,
        "Landing_success_rate": 1.0
    },
    {
        "model": 2,
        "sequence": 5,
        "status": 1,
        "fuel": 5810,
        "fault": 0.2201,
        "weapon": 1,
        "pilot_injury": 0.0557,
        "pilot_skill": 0.0524,
        "mission_priority": 0.9078,
        "estimated_landing_time": 476.0,
        "wait_time": 0,
        "Landing_success_rate": 1.0
    },
    {
        "model": 1,
        "sequence": 3,
        "status": 1,
        "fuel": 6454,
        "fault": 0.7049,
        "weapon": 1,
        "pilot_injury": 0.5226,
        "pilot_skill": 0.782,
        "mission_priority": 0.1556,
        "estimated_landing_time": 288.0,
        "wait_time": 0,
        "Landing_success_rate": 1.0
    },
    {
        "model": 2,
        "sequence": 9,
        "status": 1,
        "fuel": 6040,
        "fault": 0.003,
        "weapon": 0,
        "pilot_injury": 0.1104,
        "pilot_skill": 0.4195,
        "mission_priority": 0.3165,
        "estimated_landing_time": 852.0,
        "wait_time": 0,
        "Landing_success_rate": 1.0
    },
    {
        "model": 0,
        "sequence": 2,
        "status": 1,
        "fuel": 5846,
        "fault": 0.7658,
        "weapon": 0,
        "pilot_injury": 0.764,
        "pilot_skill": 0.018,
        "mission_priority": 0.9343,
        "estimated_landing_time": 194.0,
        "wait_time": 0,
        "Landing_success_rate": 1.0
    },
    {
        "model": 0,
        "sequence": 10,
        "status": 1,
        "fuel": 6687,
        "fault": 0.8103,
        "weapon": 1,
        "pilot_injury": 0.8986,
        "pilot_skill": 0.9411,
        "mission_priority": 0.8675,
        "estimated_landing_time": 946.0,
        "wait_time": 0,
        "Landing_success_rate": 1.0
    },
    {
        "model": 0,
        "sequence": 11,
        "status": 1,
        "fuel": 5756,
        "fault": 0.978,
        "weapon": 1,
        "pilot_injury": 0.4265,
        "pilot_skill": 0.1393,
        "mission_priority": 0.0223,
        "estimated_landing_time": 1040.0,
        "wait_time": 0,
        "Landing_success_rate": 1.0
    },
    {
        "model": 0,
        "sequence": 8,
        "status": 1,
        "fuel": 5758,
        "fault": 0.4245,
        "weapon": 0,
        "pilot_injury": 0.6087,
        "pilot_skill": 0.927,
        "mission_priority": 0.6651,
        "estimated_landing_time": 758.0,
        "wait_time": 0,
        "Landing_success_rate": 1.0
    },
    {
        "model": 1,
        "sequence": 1,
        "status": 1,
        "fuel": 7158,
        "fault": 0.7333,
        "weapon": 0,
        "pilot_injury": 0.1163,
        "pilot_skill": 0.3602,
        "mission_priority": 0.9682,
        "estimated_landing_time": 100.0,
        "wait_time": 0,
        "Landing_success_rate": 1.0
    },
    {
        "model": 0,
        "sequence": 12,
        "status": 1,
        "fuel": 6860,
        "fault": 0.1855,
        "weapon": 1,
        "pilot_injury": 0.4521,
        "pilot_skill": 0.8572,
        "mission_priority": 0.0484,
        "estimated_landing_time": 1134.0,
        "wait_time": 0,
        "Landing_success_rate": 1.0
    }
]