[
    {
        "model": 2,
        "sequence": 2,
        "status": 1,
        "fuel": 5716,
        "fault": 0.1371,
        "weapon": 1,
        "pilot_injury": 0.8019,
        "pilot_skill": 0.7268,
        "mission_priority": 0.7933,
        "estimated_landing_time": 194.0,
        "wait_time": 0,
        "Landing_success_rate": 1.0
    },
    {
        "model": 0,
        "sequence": 5,
        "status": 1,
        "fuel": 7472,
        "fault": 0.3733,
        "weapon": 1,
        "pilot_injury": 0.6674,
        "pilot_skill": 0.514,
        "mission_priority": 0.3633,
        "estimated_landing_time": 476.0,
        "wait_time": 0,
        "Landing_success_rate": 1.0
    },
    {
        "model": 2,
        "sequence": 3,
        "status": 1,
        "fuel": 6431,
        "fault": 0.6206,
        "weapon": 0,
        "pilot_injury": 0.5429,
        "pilot_skill": 0.4334,
        "mission_priority": 0.2766,
        "estimated_landing_time": 288.0,
        "wait_time": 0,
        "Landing_success_rate": 1.0
    },
    {
        "model": 0,
        "sequence": 11,
        "status": 1,
        "fuel": 7374,
        "fault": 0.6276,
        "weapon": 0,
        "pilot_injury": 0.3093,
        "pilot_skill": 0.1616,
        "mission_priority": 0.823,
        "estimated_landing_time": 1040.0,
        "wait_time": 0,
        "Landing_success_rate": 1.0
    },
    {
        "model": 2,
        "sequence": 4,
        "status": 1,
        "fuel": 5772,
        "fault": 0.6113,
        "weapon": 0,
        "pilot_injury": 0.8206,
        "pilot_skill": 0.3429,
        "mission_priority": 0.1936,
        "estimated_landing_time": 382.0,
        "wait_time": 0,
        "Landing_success_rate": 1.0
    },
    {
        "model": 2,
        "sequence": 7,
        "status": 1,
        "fuel": 5933,
        "fault": 0.1783,
        "weapon": 0,
        "pilot_injury": 0.6141,
        "pilot_skill": 0.2063,
        "mission_priority": 0.1451,
        "estimated_landing_time": 664.0,
        "wait_time": 0,
        "Landing_success_rate": 1.0
    },
    {
        "model": 2,
        "sequence": 6,
        "status": 1,
        "fuel": 6769,
        "fault": 0.8973,
        "weapon": 1,
        "pilot_injury": 0.0001,
        "pilot_skill": 0.0183,
        "mission_priority": 0.3896,
        "estimated_landing_time": 570.0,
        "wait_time": 0,
        "Landing_success_rate": 1.0
    },
    {
        "model": 1,
        "sequence": 9,
        "status": 1,
        "fuel": 7052,
        "fault": 0.0363,
        "weapon": 1,
        "pilot_injury": 0.4301,
        "pilot_skill": 0.6911,
        "mission_priority": 0.5211,
        "estimated_landing_time": 852.0,
        "wait_time": 0,
        "Landing_success_rate": 1.0
    },
    {
        "model": 1,
        "sequence": 8,
        "status": 1,
        "fuel": 6888,
        "fault": 0.1744,
        "weapon": 0,
        "pilot_injury": 0.6007,
        "pilot_skill": 0.4912,
        "mission_priority": 0.1945,
        "estimated_landing_time": 758.0,
        "wait_time": 0,
        "Landing_success_rate": 1.0
    },
    {
        "model": 0,
        "sequence": 10,
        "status": 1,
        "fuel": 7409,
        "fault": 0.8238,
        "weapon": 0,
        "pilot_injury": 0.3817,
        "pilot_skill": 0.3748,
        "mission_priority": 0.2442,
        "estimated_landing_time": 946.0,
        "wait_time": 0,
        "Landing_success_rate": 1.0
    },
    {
        "model": 0,
        "sequence": 12,
        "status": 1,
        "fuel": 6620,
        "fault": 0.058,
        "weapon": 0,
        "pilot_injury": 0.7442,
        "pilot_skill": 0.7651,
        "mission_priority": 0.1586,
        "estimated_landing_time": 1134.0,
        "wait_time": 0,
        "Landing_success_rate": 1.0
    },
    {
        "model": 1,
        "sequence": 1,
        "status": 1,
        "fuel": 6774,
        "fault": 0.2371,
        "weapon": 1,
        "pilot_injury": 0.1088,
        "pilot_skill": 0.4729,
        "mission_priority": 0.7504,
        "estimated_landing_time": 100.0,
        "wait_time": 0,
        "Landing_success_rate": 1.0
    }
]