[
    {
        "model": 2,
        "sequence": 11,
        "status": 1,
        "fuel": 7328,
        "fault": 0.1966,
        "weapon": 1,
        "pilot_injury": 0.039,
        "pilot_skill": 0.8478,
        "mission_priority": 0.8639,
        "estimated_landing_time": 1040.0,
        "wait_time": 0,
        "Landing_success_rate": 1.0
    },
    {
        "model": 1,
        "sequence": 12,
        "status": 1,
        "fuel": 5888,
        "fault": 0.8994,
        "weapon": 1,
        "pilot_injury": 0.8131,
        "pilot_skill": 0.7863,
        "mission_priority": 0.8901,
        "estimated_landing_time": 1134.0,
        "wait_time": 0,
        "Landing_success_rate": 1.0
    },
    {
        "model": 0,
        "sequence": 8,
        "status": 1,
        "fuel": 6356,
        "fault": 0.5742,
        "weapon": 0,
        "pilot_injury": 0.9961,
        "pilot_skill": 0.1165,
        "mission_priority": 0.8495,
        "estimated_landing_time": 758.0,
        "wait_time": 0,
        "Landing_success_rate": 1.0
    },
    {
        "model": 2,
        "sequence": 5,
        "status": 1,
        "fuel": 5982,
        "fault": 0.8388,
        "weapon": 0,
        "pilot_injury": 0.6131,
        "pilot_skill": 0.056,
        "mission_priority": 0.5065,
        "estimated_landing_time": 476.0,
        "wait_time": 0,
        "Landing_success_rate": 1.0
    },
    {
        "model": 1,
        "sequence": 3,
        "status": 1,
        "fuel": 7338,
        "fault": 0.6456,
        "weapon": 0,
        "pilot_injury": 0.4264,
        "pilot_skill": 0.9395,
        "mission_priority": 0.4286,
        "estimated_landing_time": 288.0,
        "wait_time": 0,
        "Landing_success_rate": 1.0
    },
    {
        "model": 1,
        "sequence": 9,
        "status": 1,
        "fuel": 6319,
        "fault": 0.4004,
        "weapon": 1,
        "pilot_injury": 0.5195,
        "pilot_skill": 0.632,
        "mission_priority": 0.8007,
        "estimated_landing_time": 852.0,
        "wait_time": 0,
        "Landing_success_rate": 1.0
    },
    {
        "model": 2,
        "sequence": 1,
        "status": 1,
        "fuel": 5588,
        "fault": 0.8815,
        "weapon": 0,
        "pilot_injury": 0.5337,
        "pilot_skill": 0.3385,
        "mission_priority": 0.658,
        "estimated_landing_time": 100.0,
        "wait_time": 0,
        "Landing_success_rate": 1.0
    },
    {
        "model": 0,
        "sequence": 10,
        "status": 1,
        "fuel": 6865,
        "fault": 0.3667,
        "weapon": 0,
        "pilot_injury": 0.0566,
        "pilot_skill": 0.1699,
        "mission_priority": 0.2853,
        "estimated_landing_time": 946.0,
        "wait_time": 0,
        "Landing_success_rate": 1.0
    },
    {
        "model": 2,
        "sequence": 4,
        "status": 1,
        "fuel": 7255,
        "fault": 0.7054,
        "weapon": 1,
        "pilot_injury": 0.0183,
        "pilot_skill": 0.7557,
        "mission_priority": 0.2653,
        "estimated_landing_time": 382.0,
        "wait_time": 0,
        "Landing_success_rate": 1.0
    },
    {
        "model": 0,
        "sequence": 2,
        "status": 1,
        "fuel": 7396,
        "fault": 0.8295,
        "weapon": 1,
        "pilot_injury": 0.2159,
        "pilot_skill": 0.8845,
        "mission_priority": 0.0854,
        "estimated_landing_time": 194.0,
        "wait_time": 0,
        "Landing_success_rate": 1.0
    },
    {
        "model": 1,
        "sequence": 6,
        "status": 1,
        "fuel": 6239,
        "fault": 0.0313,
        "weapon": 1,
        "pilot_injury": 0.6158,
        "pilot_skill": 0.2923,
        "mission_priority": 0.4208,
        "estimated_landing_time": 570.0,
        "wait_time": 0,
        "Landing_success_rate": 1.0
    },
    {
        "model": 1,
        "sequence": 7,
        "status": 1,
        "fuel": 6613,
        "fault": 0.1199,
        "weapon": 0,
        "pilot_injury": 0.8931,
        "pilot_skill": 0.3424,
        "mission_priority": 0.9982,
        "estimated_landing_time": 664.0,
        "wait_time": 0,
        "Landing_success_rate": 1.0
    }
]