[
    {
        "model": 0,
        "sequence": 1,
        "status": 1,
        "fuel": 6606,
        "fault": 0.5868,
        "weapon": 0,
        "pilot_injury": 0.385,
        "pilot_skill": 0.2461,
        "mission_priority": 0.5774,
        "estimated_landing_time": 100.0,
        "wait_time": 0,
        "Landing_success_rate": 1.0
    },
    {
        "model": 1,
        "sequence": 7,
        "status": 1,
        "fuel": 7409,
        "fault": 0.7965,
        "weapon": 0,
        "pilot_injury": 0.154,
        "pilot_skill": 0.7075,
        "mission_priority": 0.9747,
        "estimated_landing_time": 664.0,
        "wait_time": 0,
        "Landing_success_rate": 1.0
    },
    {
        "model": 2,
        "sequence": 4,
        "status": 1,
        "fuel": 6928,
        "fault": 0.6014,
        "weapon": 0,
        "pilot_injury": 0.0876,
        "pilot_skill": 0.3816,
        "mission_priority": 0.5067,
        "estimated_landing_time": 382.0,
        "wait_time": 0,
        "Landing_success_rate": 1.0
    },
    {
        "model": 0,
        "sequence": 8,
        "status": 1,
        "fuel": 5904,
        "fault": 0.4037,
        "weapon": 0,
        "pilot_injury": 0.8826,
        "pilot_skill": 0.9444,
        "mission_priority": 0.1006,
        "estimated_landing_time": 758.0,
        "wait_time": 0,
        "Landing_success_rate": 1.0
    },
    {
        "model": 2,
        "sequence": 10,
        "status": 1,
        "fuel": 6008,
        "fault": 0.6254,
        "weapon": 1,
        "pilot_injury": 0.2704,
        "pilot_skill": 0.6927,
        "mission_priority": 0.2535,
        "estimated_landing_time": 946.0,
        "wait_time": 0,
        "Landing_success_rate": 1.0
    },
    {
        "model": 2,
        "sequence": 3,
        "status": 1,
        "fuel": 7170,
        "fault": 0.2729,
        "weapon": 0,
        "pilot_injury": 0.8563,
        "pilot_skill": 0.8826,
        "mission_priority": 0.2969,
        "estimated_landing_time": 288.0,
        "wait_time": 0,
        "Landing_success_rate": 1.0
    },
    {
        "model": 0,
        "sequence": 12,
        "status": 1,
        "fuel": 5624,
        "fault": 0.0041,
        "weapon": 0,
        "pilot_injury": 0.099,
        "pilot_skill": 0.7581,
        "mission_priority": 0.5964,
        "estimated_landing_time": 1134.0,
        "wait_time": 0,
        "Landing_success_rate": 1.0
    },
    {
        "model": 1,
        "sequence": 11,
        "status": 1,
        "fuel": 6930,
        "fault": 0.1926,
        "weapon": 1,
        "pilot_injury": 0.9756,
        "pilot_skill": 0.8625,
        "mission_priority": 0.8098,
        "estimated_landing_time": 1040.0,
        "wait_time": 0,
        "Landing_success_rate": 1.0
    },
    {
        "model": 0,
        "sequence": 5,
        "status": 1,
        "fuel": 6712,
        "fault": 0.9977,
        "weapon": 0,
        "pilot_injury": 0.2145,
        "pilot_skill": 0.9774,
        "mission_priority": 0.0521,
        "estimated_landing_time": 476.0,
        "wait_time": 0,
        "Landing_success_rate": 1.0
    },
    {
        "model": 2,
        "sequence": 6,
        "status": 1,
        "fuel": 7400,
        "fault": 0.2048,
        "weapon": 1,
        "pilot_injury": 0.8242,
        "pilot_skill": 0.7662,
        "mission_priority": 0.375,
        "estimated_landing_time": 570.0,
        "wait_time": 0,
        "Landing_success_rate": 1.0
    },
    {
        "model": 0,
        "sequence": 2,
        "status": 1,
        "fuel": 7352,
        "fault": 0.635,
        "weapon": 0,
        "pilot_injury": 0.0182,
        "pilot_skill": 0.8022,
        "mission_priority": 0.9469,
        "estimated_landing_time": 194.0,
        "wait_time": 0,
        "Landing_success_rate": 1.0
    },
    {
        "model": 2,
        "sequence": 9,
        "status": 1,
        "fuel": 5868,
        "fault": 0.223,
        "weapon": 0,
        "pilot_injury": 0.3445,
        "pilot_skill": 0.0878,
        "mission_priority": 0.4793,
        "estimated_landing_time": 852.0,
        "wait_time": 0,
        "Landing_success_rate": 1.0
    }
]