[
    {
        "model": 0,
        "sequence": 11,
        "status": 1,
        "fuel": 6930,
        "fault": 0.0723,
        "weapon": 0,
        "pilot_injury": 0.8616,
        "pilot_skill": 0.164,
        "mission_priority": 0.026,
        "estimated_landing_time": 1040.0,
        "wait_time": 0,
        "Landing_success_rate": 1.0
    },
    {
        "model": 1,
        "sequence": 9,
        "status": 1,
        "fuel": 6270,
        "fault": 0.9261,
        "weapon": 1,
        "pilot_injury": 0.9723,
        "pilot_skill": 0.5585,
        "mission_priority": 0.3733,
        "estimated_landing_time": 852.0,
        "wait_time": 0,
        "Landing_success_rate": 1.0
    },
    {
        "model": 0,
        "sequence": 5,
        "status": 1,
        "fuel": 7016,
        "fault": 0.056,
        "weapon": 0,
        "pilot_injury": 0.3152,
        "pilot_skill": 0.9412,
        "mission_priority": 0.8495,
        "estimated_landing_time": 476.0,
        "wait_time": 0,
        "Landing_success_rate": 1.0
    },
    {
        "model": 0,
        "sequence": 3,
        "status": 1,
        "fuel": 7182,
        "fault": 0.5342,
        "weapon": 0,
        "pilot_injury": 0.7894,
        "pilot_skill": 0.1794,
        "mission_priority": 0.5732,
        "estimated_landing_time": 288.0,
        "wait_time": 0,
        "Landing_success_rate": 1.0
    },
    {
        "model": 0,
        "sequence": 8,
        "status": 1,
        "fuel": 6424,
        "fault": 0.4667,
        "weapon": 1,
        "pilot_injury": 0.7944,
        "pilot_skill": 0.4905,
        "mission_priority": 0.0398,
        "estimated_landing_time": 758.0,
        "wait_time": 0,
        "Landing_success_rate": 1.0
    },
    {
        "model": 0,
        "sequence": 12,
        "status": 1,
        "fuel": 6841,
        "fault": 0.9947,
        "weapon": 1,
        "pilot_injury": 0.6315,
        "pilot_skill": 0.0857,
        "mission_priority": 0.9469,
        "estimated_landing_time": 1134.0,
        "wait_time": 0,
        "Landing_success_rate": 1.0
    },
    {
        "model": 0,
        "sequence": 2,
        "status": 1,
        "fuel": 6188,
        "fault": 0.3407,
        "weapon": 0,
        "pilot_injury": 0.1291,
        "pilot_skill": 0.946,
        "mission_priority": 0.7119,
        "estimated_landing_time": 194.0,
        "wait_time": 0,
        "Landing_success_rate": 1.0
    },
    {
        "model": 1,
        "sequence": 10,
        "status": 1,
        "fuel": 6748,
        "fault": 0.4302,
        "weapon": 1,
        "pilot_injury": 0.4747,
        "pilot_skill": 0.11,
        "mission_priority": 0.5598,
        "estimated_landing_time": 946.0,
        "wait_time": 0,
        "Landing_success_rate": 1.0
    },
    {
        "model": 2,
        "sequence": 4,
        "status": 1,
        "fuel": 6354,
        "fault": 0.9792,
        "weapon": 0,
        "pilot_injury": 0.7966,
        "pilot_skill": 0.413,
        "mission_priority": 0.1513,
        "estimated_landing_time": 382.0,
        "wait_time": 0,
        "Landing_success_rate": 1.0
    },
    {
        "model": 2,
        "sequence": 6,
        "status": 1,
        "fuel": 7407,
        "fault": 0.311,
        "weapon": 0,
        "pilot_injury": 0.1893,
        "pilot_skill": 0.2115,
        "mission_priority": 0.5569,
        "estimated_landing_time": 570.0,
        "wait_time": 0,
        "Landing_success_rate": 1.0
    },
    {
        "model": 2,
        "sequence": 1,
        "status": 1,
        "fuel": 6390,
        "fault": 0.9059,
        "weapon": 0,
        "pilot_injury": 0.0847,
        "pilot_skill": 0.4645,
        "mission_priority": 0.7481,
        "estimated_landing_time": 100.0,
        "wait_time": 0,
        "Landing_success_rate": 1.0
    },
    {
        "model": 2,
        "sequence": 7,
        "status": 1,
        "fuel": 7083,
        "fault": 0.3989,
        "weapon": 1,
        "pilot_injury": 0.9472,
        "pilot_skill": 0.9542,
        "mission_priority": 0.9905,
        "estimated_landing_time": 664.0,
        "wait_time": 0,
        "Landing_success_rate": 1.0
    }
]