[
    {
        "model": 2,
        "sequence": 10,
        "status": 1,
        "fuel": 5849,
        "fault": 0.3243,
        "weapon": 1,
        "pilot_injury": 0.189,
        "pilot_skill": 0.1919,
        "mission_priority": 0.6533,
        "estimated_landing_time": 946.0,
        "wait_time": 0,
        "Landing_success_rate": 1.0
    },
    {
        "model": 0,
        "sequence": 11,
        "status": 1,
        "fuel": 5829,
        "fault": 0.5652,
        "weapon": 1,
        "pilot_injury": 0.1494,
        "pilot_skill": 0.5802,
        "mission_priority": 0.6618,
        "estimated_landing_time": 1040.0,
        "wait_time": 0,
        "Landing_success_rate": 1.0
    },
    {
        "model": 2,
        "sequence": 8,
        "status": 1,
        "fuel": 6522,
        "fault": 0.8494,
        "weapon": 1,
        "pilot_injury": 0.0892,
        "pilot_skill": 0.0787,
        "mission_priority": 0.4262,
        "estimated_landing_time": 758.0,
        "wait_time": 0,
        "Landing_success_rate": 1.0
    },
    {
        "model": 2,
        "sequence": 2,
        "status": 1,
        "fuel": 6513,
        "fault": 0.6259,
        "weapon": 1,
        "pilot_injury": 0.2567,
        "pilot_skill": 0.1009,
        "mission_priority": 0.6056,
        "estimated_landing_time": 194.0,
        "wait_time": 0,
        "Landing_success_rate": 1.0
    },
    {
        "model": 2,
        "sequence": 7,
        "status": 1,
        "fuel": 7060,
        "fault": 0.47,
        "weapon": 0,
        "pilot_injury": 0.8611,
        "pilot_skill": 0.4864,
        "mission_priority": 0.1345,
        "estimated_landing_time": 664.0,
        "wait_time": 0,
        "Landing_success_rate": 1.0
    },
    {
        "model": 1,
        "sequence": 12,
        "status": 1,
        "fuel": 6638,
        "fault": 0.1147,
        "weapon": 1,
        "pilot_injury": 0.6131,
        "pilot_skill": 0.531,
        "mission_priority": 0.683,
        "estimated_landing_time": 1134.0,
        "wait_time": 0,
        "Landing_success_rate": 1.0
    },
    {
        "model": 2,
        "sequence": 5,
        "status": 1,
        "fuel": 6500,
        "fault": 0.7851,
        "weapon": 0,
        "pilot_injury": 0.586,
        "pilot_skill": 0.7786,
        "mission_priority": 0.2487,
        "estimated_landing_time": 476.0,
        "wait_time": 0,
        "Landing_success_rate": 1.0
    },
    {
        "model": 0,
        "sequence": 9,
        "status": 1,
        "fuel": 7472,
        "fault": 0.6727,
        "weapon": 0,
        "pilot_injury": 0.3857,
        "pilot_skill": 0.7791,
        "mission_priority": 0.7248,
        "estimated_landing_time": 852.0,
        "wait_time": 0,
        "Landing_success_rate": 1.0
    },
    {
        "model": 1,
        "sequence": 3,
        "status": 1,
        "fuel": 6464,
        "fault": 0.9006,
        "weapon": 1,
        "pilot_injury": 0.1302,
        "pilot_skill": 0.9673,
        "mission_priority": 0.8114,
        "estimated_landing_time": 288.0,
        "wait_time": 0,
        "Landing_success_rate": 1.0
    },
    {
        "model": 0,
        "sequence": 6,
        "status": 1,
        "fuel": 6523,
        "fault": 0.3109,
        "weapon": 1,
        "pilot_injury": 0.5945,
        "pilot_skill": 0.3449,
        "mission_priority": 0.0349,
        "estimated_landing_time": 570.0,
        "wait_time": 0,
        "Landing_success_rate": 1.0
    },
    {
        "model": 2,
        "sequence": 1,
        "status": 1,
        "fuel": 6678,
        "fault": 0.5718,
        "weapon": 1,
        "pilot_injury": 0.1011,
        "pilot_skill": 0.8019,
        "mission_priority": 0.9151,
        "estimated_landing_time": 100.0,
        "wait_time": 0,
        "Landing_success_rate": 1.0
    },
    {
        "model": 2,
        "sequence": 4,
        "status": 1,
        "fuel": 6487,
        "fault": 0.842,
        "weapon": 1,
        "pilot_injury": 0.2165,
        "pilot_skill": 0.2636,
        "mission_priority": 0.2085,
        "estimated_landing_time": 382.0,
        "wait_time": 0,
        "Landing_success_rate": 1.0
    }
]