[
    {
        "model": 2,
        "sequence": 7,
        "status": 1,
        "fuel": 6225,
        "fault": 0.6781,
        "weapon": 1,
        "pilot_injury": 0.3053,
        "pilot_skill": 0.9753,
        "mission_priority": 0.7044,
        "estimated_landing_time": 664.0,
        "wait_time": 0,
        "Landing_success_rate": 1.0
    },
    {
        "model": 0,
        "sequence": 6,
        "status": 1,
        "fuel": 6119,
        "fault": 0.6665,
        "weapon": 1,
        "pilot_injury": 0.7321,
        "pilot_skill": 0.7393,
        "mission_priority": 0.6597,
        "estimated_landing_time": 570.0,
        "wait_time": 0,
        "Landing_success_rate": 1.0
    },
    {
        "model": 2,
        "sequence": 1,
        "status": 1,
        "fuel": 6809,
        "fault": 0.6416,
        "weapon": 0,
        "pilot_injury": 0.8463,
        "pilot_skill": 0.6702,
        "mission_priority": 0.7328,
        "estimated_landing_time": 100.0,
        "wait_time": 0,
        "Landing_success_rate": 1.0
    },
    {
        "model": 2,
        "sequence": 4,
        "status": 1,
        "fuel": 6326,
        "fault": 0.4702,
        "weapon": 1,
        "pilot_injury": 0.7591,
        "pilot_skill": 0.0679,
        "mission_priority": 0.6732,
        "estimated_landing_time": 382.0,
        "wait_time": 0,
        "Landing_success_rate": 1.0
    },
    {
        "model": 2,
        "sequence": 12,
        "status": 1,
        "fuel": 6392,
        "fault": 0.3951,
        "weapon": 0,
        "pilot_injury": 0.2906,
        "pilot_skill": 0.2778,
        "mission_priority": 0.6672,
        "estimated_landing_time": 1134.0,
        "wait_time": 0,
        "Landing_success_rate": 1.0
    },
    {
        "model": 0,
        "sequence": 9,
        "status": 1,
        "fuel": 6616,
        "fault": 0.9948,
        "weapon": 0,
        "pilot_injury": 0.5274,
        "pilot_skill": 0.1604,
        "mission_priority": 0.7155,
        "estimated_landing_time": 852.0,
        "wait_time": 0,
        "Landing_success_rate": 1.0
    },
    {
        "model": 2,
        "sequence": 3,
        "status": 1,
        "fuel": 7454,
        "fault": 0.1053,
        "weapon": 0,
        "pilot_injury": 0.3002,
        "pilot_skill": 0.7564,
        "mission_priority": 0.4341,
        "estimated_landing_time": 288.0,
        "wait_time": 0,
        "Landing_success_rate": 1.0
    },
    {
        "model": 0,
        "sequence": 8,
        "status": 1,
        "fuel": 6191,
        "fault": 0.2405,
        "weapon": 1,
        "pilot_injury": 0.222,
        "pilot_skill": 0.3429,
        "mission_priority": 0.7733,
        "estimated_landing_time": 758.0,
        "wait_time": 0,
        "Landing_success_rate": 1.0
    },
    {
        "model": 1,
        "sequence": 2,
        "status": 1,
        "fuel": 7467,
        "fault": 0.3096,
        "weapon": 1,
        "pilot_injury": 0.4302,
        "pilot_skill": 0.5866,
        "mission_priority": 0.9095,
        "estimated_landing_time": 194.0,
        "wait_time": 0,
        "Landing_success_rate": 1.0
    },
    {
        "model": 2,
        "sequence": 10,
        "status": 1,
        "fuel": 5682,
        "fault": 0.8179,
        "weapon": 0,
        "pilot_injury": 0.1306,
        "pilot_skill": 0.2422,
        "mission_priority": 0.2433,
        "estimated_landing_time": 946.0,
        "wait_time": 0,
        "Landing_success_rate": 1.0
    },
    {
        "model": 2,
        "sequence": 5,
        "status": 1,
        "fuel": 6033,
        "fault": 0.0422,
        "weapon": 1,
        "pilot_injury": 0.787,
        "pilot_skill": 0.4618,
        "mission_priority": 0.9991,
        "estimated_landing_time": 476.0,
        "wait_time": 0,
        "Landing_success_rate": 1.0
    },
    {
        "model": 0,
        "sequence": 11,
        "status": 1,
        "fuel": 6341,
        "fault": 0.5332,
        "weapon": 1,
        "pilot_injury": 0.8707,
        "pilot_skill": 0.634,
        "mission_priority": 0.8437,
        "estimated_landing_time": 1040.0,
        "wait_time": 0,
        "Landing_success_rate": 1.0
    }
]