[
    {
        "model": 0,
        "sequence": 8,
        "status": 1,
        "fuel": 6743,
        "fault": 0.656,
        "weapon": 1,
        "pilot_injury": 0.9324,
        "pilot_skill": 0.9815,
        "mission_priority": 0.8147,
        "estimated_landing_time": 758.0,
        "wait_time": 0,
        "Landing_success_rate": 1.0
    },
    {
        "model": 0,
        "sequence": 7,
        "status": 1,
        "fuel": 6531,
        "fault": 0.5696,
        "weapon": 1,
        "pilot_injury": 0.2423,
        "pilot_skill": 0.8908,
        "mission_priority": 0.9146,
        "estimated_landing_time": 664.0,
        "wait_time": 0,
        "Landing_success_rate": 1.0
    },
    {
        "model": 0,
        "sequence": 6,
        "status": 1,
        "fuel": 6424,
        "fault": 0.6125,
        "weapon": 0,
        "pilot_injury": 0.1656,
        "pilot_skill": 0.4349,
        "mission_priority": 0.6315,
        "estimated_landing_time": 570.0,
        "wait_time": 0,
        "Landing_success_rate": 1.0
    },
    {
        "model": 0,
        "sequence": 1,
        "status": 1,
        "fuel": 7370,
        "fault": 0.9316,
        "weapon": 1,
        "pilot_injury": 0.001,
        "pilot_skill": 0.8043,
        "mission_priority": 0.8893,
        "estimated_landing_time": 100.0,
        "wait_time": 0,
        "Landing_success_rate": 1.0
    },
    {
        "model": 1,
        "sequence": 9,
        "status": 1,
        "fuel": 6274,
        "fault": 0.3145,
        "weapon": 1,
        "pilot_injury": 0.5488,
        "pilot_skill": 0.2693,
        "mission_priority": 0.9993,
        "estimated_landing_time": 852.0,
        "wait_time": 0,
        "Landing_success_rate": 1.0
    },
    {
        "model": 2,
        "sequence": 5,
        "status": 1,
        "fuel": 6298,
        "fault": 0.2168,
        "weapon": 0,
        "pilot_injury": 0.6824,
        "pilot_skill": 0.8453,
        "mission_priority": 0.0097,
        "estimated_landing_time": 476.0,
        "wait_time": 0,
        "Landing_success_rate": 1.0
    },
    {
        "model": 0,
        "sequence": 11,
        "status": 1,
        "fuel": 6136,
        "fault": 0.9437,
        "weapon": 1,
        "pilot_injury": 0.8951,
        "pilot_skill": 0.6853,
        "mission_priority": 0.4135,
        "estimated_landing_time": 1040.0,
        "wait_time": 0,
        "Landing_success_rate": 1.0
    },
    {
        "model": 1,
        "sequence": 12,
        "status": 1,
        "fuel": 7207,
        "fault": 0.2016,
        "weapon": 1,
        "pilot_injury": 0.7412,
        "pilot_skill": 0.6071,
        "mission_priority": 0.2915,
        "estimated_landing_time": 1134.0,
        "wait_time": 0,
        "Landing_success_rate": 1.0
    },
    {
        "model": 2,
        "sequence": 10,
        "status": 1,
        "fuel": 6060,
        "fault": 0.7726,
        "weapon": 0,
        "pilot_injury": 0.7905,
        "pilot_skill": 0.2143,
        "mission_priority": 0.344,
        "estimated_landing_time": 946.0,
        "wait_time": 0,
        "Landing_success_rate": 1.0
    },
    {
        "model": 2,
        "sequence": 4,
        "status": 1,
        "fuel": 5880,
        "fault": 0.6448,
        "weapon": 1,
        "pilot_injury": 0.5123,
        "pilot_skill": 0.4817,
        "mission_priority": 0.7512,
        "estimated_landing_time": 382.0,
        "wait_time": 0,
        "Landing_success_rate": 1.0
    },
    {
        "model": 2,
        "sequence": 2,
        "status": 1,
        "fuel": 5678,
        "fault": 0.4272,
        "weapon": 1,
        "pilot_injury": 0.9261,
        "pilot_skill": 0.5717,
        "mission_priority": 0.1047,
        "estimated_landing_time": 194.0,
        "wait_time": 0,
        "Landing_success_rate": 1.0
    },
    {
        "model": 0,
        "sequence": 3,
        "status": 1,
        "fuel": 5878,
        "fault": 0.1142,
        "weapon": 1,
        "pilot_injury": 0.1956,
        "pilot_skill": 0.6105,
        "mission_priority": 0.4201,
        "estimated_landing_time": 288.0,
        "wait_time": 0,
        "Landing_success_rate": 1.0
    }
]