[
    {
        "model": 0,
        "sequence": 1,
        "status": 1,
        "fuel": 6250,
        "fault": 0.6431,
        "weapon": 0,
        "pilot_injury": 0.7999,
        "pilot_skill": 0.3945,
        "mission_priority": 0.1595,
        "estimated_landing_time": 100.0,
        "wait_time": 0,
        "Landing_success_rate": 1.0
    },
    {
        "model": 0,
        "sequence": 11,
        "status": 1,
        "fuel": 5685,
        "fault": 0.4903,
        "weapon": 1,
        "pilot_injury": 0.1106,
        "pilot_skill": 0.8668,
        "mission_priority": 0.5442,
        "estimated_landing_time": 1040.0,
        "wait_time": 0,
        "Landing_success_rate": 1.0
    },
    {
        "model": 1,
        "sequence": 9,
        "status": 1,
        "fuel": 7026,
        "fault": 0.5851,
        "weapon": 0,
        "pilot_injury": 0.8174,
        "pilot_skill": 0.7262,
        "mission_priority": 0.4888,
        "estimated_landing_time": 852.0,
        "wait_time": 0,
        "Landing_success_rate": 1.0
    },
    {
        "model": 0,
        "sequence": 7,
        "status": 1,
        "fuel": 6167,
        "fault": 0.8195,
        "weapon": 0,
        "pilot_injury": 0.9099,
        "pilot_skill": 0.8464,
        "mission_priority": 0.7083,
        "estimated_landing_time": 664.0,
        "wait_time": 0,
        "Landing_success_rate": 1.0
    },
    {
        "model": 2,
        "sequence": 4,
        "status": 1,
        "fuel": 7377,
        "fault": 0.5076,
        "weapon": 0,
        "pilot_injury": 0.6752,
        "pilot_skill": 0.5606,
        "mission_priority": 0.3554,
        "estimated_landing_time": 382.0,
        "wait_time": 0,
        "Landing_success_rate": 1.0
    },
    {
        "model": 0,
        "sequence": 12,
        "status": 1,
        "fuel": 6640,
        "fault": 0.7701,
        "weapon": 1,
        "pilot_injury": 0.4403,
        "pilot_skill": 0.2808,
        "mission_priority": 0.1229,
        "estimated_landing_time": 1134.0,
        "wait_time": 0,
        "Landing_success_rate": 1.0
    },
    {
        "model": 2,
        "sequence": 3,
        "status": 1,
        "fuel": 5986,
        "fault": 0.0945,
        "weapon": 1,
        "pilot_injury": 0.3811,
        "pilot_skill": 0.748,
        "mission_priority": 0.1752,
        "estimated_landing_time": 288.0,
        "wait_time": 0,
        "Landing_success_rate": 1.0
    },
    {
        "model": 2,
        "sequence": 2,
        "status": 1,
        "fuel": 6500,
        "fault": 0.2632,
        "weapon": 1,
        "pilot_injury": 0.1386,
        "pilot_skill": 0.6174,
        "mission_priority": 0.6075,
        "estimated_landing_time": 194.0,
        "wait_time": 0,
        "Landing_success_rate": 1.0
    },
    {
        "model": 0,
        "sequence": 10,
        "status": 1,
        "fuel": 6146,
        "fault": 0.6242,
        "weapon": 0,
        "pilot_injury": 0.8633,
        "pilot_skill": 0.1742,
        "mission_priority": 0.0192,
        "estimated_landing_time": 946.0,
        "wait_time": 0,
        "Landing_success_rate": 1.0
    },
    {
        "model": 0,
        "sequence": 8,
        "status": 1,
        "fuel": 7369,
        "fault": 0.4469,
        "weapon": 0,
        "pilot_injury": 0.9799,
        "pilot_skill": 0.6096,
        "mission_priority": 0.4704,
        "estimated_landing_time": 758.0,
        "wait_time": 0,
        "Landing_success_rate": 1.0
    },
    {
        "model": 0,
        "sequence": 5,
        "status": 1,
        "fuel": 6970,
        "fault": 0.779,
        "weapon": 1,
        "pilot_injury": 0.0906,
        "pilot_skill": 0.93,
        "mission_priority": 0.6256,
        "estimated_landing_time": 476.0,
        "wait_time": 0,
        "Landing_success_rate": 1.0
    },
    {
        "model": 0,
        "sequence": 6,
        "status": 1,
        "fuel": 7284,
        "fault": 0.9502,
        "weapon": 1,
        "pilot_injury": 0.1333,
        "pilot_skill": 0.0176,
        "mission_priority": 0.6305,
        "estimated_landing_time": 570.0,
        "wait_time": 0,
        "Landing_success_rate": 1.0
    }
]