[
    {
        "model": 0,
        "sequence": 10,
        "status": 1,
        "fuel": 7224,
        "fault": 0.5289,
        "weapon": 0,
        "pilot_injury": 0.0989,
        "pilot_skill": 0.3185,
        "mission_priority": 0.5275,
        "estimated_landing_time": 946.0,
        "wait_time": 0,
        "Landing_success_rate": 1.0
    },
    {
        "model": 2,
        "sequence": 3,
        "status": 1,
        "fuel": 6864,
        "fault": 0.1961,
        "weapon": 0,
        "pilot_injury": 0.0649,
        "pilot_skill": 0.3882,
        "mission_priority": 0.1457,
        "estimated_landing_time": 288.0,
        "wait_time": 0,
        "Landing_success_rate": 1.0
    },
    {
        "model": 1,
        "sequence": 5,
        "status": 1,
        "fuel": 5876,
        "fault": 0.3596,
        "weapon": 0,
        "pilot_injury": 0.0674,
        "pilot_skill": 0.4647,
        "mission_priority": 0.6095,
        "estimated_landing_time": 476.0,
        "wait_time": 0,
        "Landing_success_rate": 1.0
    },
    {
        "model": 1,
        "sequence": 6,
        "status": 1,
        "fuel": 5830,
        "fault": 0.9613,
        "weapon": 0,
        "pilot_injury": 0.9855,
        "pilot_skill": 0.3671,
        "mission_priority": 0.7786,
        "estimated_landing_time": 570.0,
        "wait_time": 0,
        "Landing_success_rate": 1.0
    },
    {
        "model": 2,
        "sequence": 1,
        "status": 1,
        "fuel": 5893,
        "fault": 0.3126,
        "weapon": 1,
        "pilot_injury": 0.3885,
        "pilot_skill": 0.3425,
        "mission_priority": 0.0219,
        "estimated_landing_time": 100.0,
        "wait_time": 0,
        "Landing_success_rate": 1.0
    },
    {
        "model": 2,
        "sequence": 4,
        "status": 1,
        "fuel": 6782,
        "fault": 0.3113,
        "weapon": 1,
        "pilot_injury": 0.6904,
        "pilot_skill": 0.1454,
        "mission_priority": 0.5912,
        "estimated_landing_time": 382.0,
        "wait_time": 0,
        "Landing_success_rate": 1.0
    },
    {
        "model": 1,
        "sequence": 2,
        "status": 1,
        "fuel": 6972,
        "fault": 0.8738,
        "weapon": 1,
        "pilot_injury": 0.1487,
        "pilot_skill": 0.8678,
        "mission_priority": 0.3015,
        "estimated_landing_time": 194.0,
        "wait_time": 0,
        "Landing_success_rate": 1.0
    },
    {
        "model": 2,
        "sequence": 11,
        "status": 1,
        "fuel": 6911,
        "fault": 0.4286,
        "weapon": 0,
        "pilot_injury": 0.8505,
        "pilot_skill": 0.9316,
        "mission_priority": 0.9297,
        "estimated_landing_time": 1040.0,
        "wait_time": 0,
        "Landing_success_rate": 1.0
    },
    {
        "model": 1,
        "sequence": 8,
        "status": 1,
        "fuel": 5771,
        "fault": 0.1393,
        "weapon": 1,
        "pilot_injury": 0.0544,
        "pilot_skill": 0.2658,
        "mission_priority": 0.515,
        "estimated_landing_time": 758.0,
        "wait_time": 0,
        "Landing_success_rate": 1.0
    },
    {
        "model": 2,
        "sequence": 7,
        "status": 1,
        "fuel": 5754,
        "fault": 0.587,
        "weapon": 0,
        "pilot_injury": 0.4794,
        "pilot_skill": 0.9344,
        "mission_priority": 0.2405,
        "estimated_landing_time": 664.0,
        "wait_time": 0,
        "Landing_success_rate": 1.0
    },
    {
        "model": 0,
        "sequence": 9,
        "status": 1,
        "fuel": 6381,
        "fault": 0.8497,
        "weapon": 1,
        "pilot_injury": 0.0767,
        "pilot_skill": 0.6096,
        "mission_priority": 0.6817,
        "estimated_landing_time": 852.0,
        "wait_time": 0,
        "Landing_success_rate": 1.0
    },
    {
        "model": 1,
        "sequence": 12,
        "status": 1,
        "fuel": 7219,
        "fault": 0.5279,
        "weapon": 1,
        "pilot_injury": 0.1728,
        "pilot_skill": 0.8526,
        "mission_priority": 0.14,
        "estimated_landing_time": 1134.0,
        "wait_time": 0,
        "Landing_success_rate": 1.0
    }
]