[
    {
        "model": 1,
        "sequence": 2,
        "status": 1,
        "fuel": 6234,
        "fault": 0.612,
        "weapon": 0,
        "pilot_injury": 0.0115,
        "pilot_skill": 0.7633,
        "mission_priority": 0.7401,
        "estimated_landing_time": 194.0,
        "wait_time": 0,
        "Landing_success_rate": 1.0
    },
    {
        "model": 1,
        "sequence": 4,
        "status": 1,
        "fuel": 5838,
        "fault": 0.3495,
        "weapon": 1,
        "pilot_injury": 0.5664,
        "pilot_skill": 0.7801,
        "mission_priority": 0.4924,
        "estimated_landing_time": 382.0,
        "wait_time": 0,
        "Landing_success_rate": 1.0
    },
    {
        "model": 0,
        "sequence": 3,
        "status": 1,
        "fuel": 6911,
        "fault": 0.7683,
        "weapon": 0,
        "pilot_injury": 0.9156,
        "pilot_skill": 0.2585,
        "mission_priority": 0.1027,
        "estimated_landing_time": 288.0,
        "wait_time": 0,
        "Landing_success_rate": 1.0
    },
    {
        "model": 1,
        "sequence": 11,
        "status": 1,
        "fuel": 7096,
        "fault": 0.2857,
        "weapon": 0,
        "pilot_injury": 0.231,
        "pilot_skill": 0.5558,
        "mission_priority": 0.8079,
        "estimated_landing_time": 1040.0,
        "wait_time": 0,
        "Landing_success_rate": 1.0
    },
    {
        "model": 1,
        "sequence": 10,
        "status": 1,
        "fuel": 6017,
        "fault": 0.0131,
        "weapon": 1,
        "pilot_injury": 0.3393,
        "pilot_skill": 0.5298,
        "mission_priority": 0.6669,
        "estimated_landing_time": 946.0,
        "wait_time": 0,
        "Landing_success_rate": 1.0
    },
    {
        "model": 1,
        "sequence": 7,
        "status": 1,
        "fuel": 6316,
        "fault": 0.4291,
        "weapon": 1,
        "pilot_injury": 0.5638,
        "pilot_skill": 0.8245,
        "mission_priority": 0.7251,
        "estimated_landing_time": 664.0,
        "wait_time": 0,
        "Landing_success_rate": 1.0
    },
    {
        "model": 1,
        "sequence": 6,
        "status": 1,
        "fuel": 6243,
        "fault": 0.6315,
        "weapon": 1,
        "pilot_injury": 0.2226,
        "pilot_skill": 0.4874,
        "mission_priority": 0.8523,
        "estimated_landing_time": 570.0,
        "wait_time": 0,
        "Landing_success_rate": 1.0
    },
    {
        "model": 2,
        "sequence": 9,
        "status": 1,
        "fuel": 5569,
        "fault": 0.3921,
        "weapon": 1,
        "pilot_injury": 0.1276,
        "pilot_skill": 0.1751,
        "mission_priority": 0.1672,
        "estimated_landing_time": 852.0,
        "wait_time": 0,
        "Landing_success_rate": 1.0
    },
    {
        "model": 0,
        "sequence": 5,
        "status": 1,
        "fuel": 6632,
        "fault": 0.6108,
        "weapon": 1,
        "pilot_injury": 0.2551,
        "pilot_skill": 0.553,
        "mission_priority": 0.1758,
        "estimated_landing_time": 476.0,
        "wait_time": 0,
        "Landing_success_rate": 1.0
    },
    {
        "model": 0,
        "sequence": 8,
        "status": 1,
        "fuel": 5501,
        "fault": 0.266,
        "weapon": 1,
        "pilot_injury": 0.4913,
        "pilot_skill": 0.6552,
        "mission_priority": 0.5791,
        "estimated_landing_time": 758.0,
        "wait_time": 0,
        "Landing_success_rate": 1.0
    },
    {
        "model": 1,
        "sequence": 1,
        "status": 1,
        "fuel": 6089,
        "fault": 0.707,
        "weapon": 0,
        "pilot_injury": 0.6714,
        "pilot_skill": 0.8089,
        "mission_priority": 0.9081,
        "estimated_landing_time": 100.0,
        "wait_time": 0,
        "Landing_success_rate": 1.0
    },
    {
        "model": 2,
        "sequence": 12,
        "status": 1,
        "fuel": 5548,
        "fault": 0.0644,
        "weapon": 0,
        "pilot_injury": 0.4083,
        "pilot_skill": 0.3312,
        "mission_priority": 0.0282,
        "estimated_landing_time": 1134.0,
        "wait_time": 0,
        "Landing_success_rate": 1.0
    }
]