[
    {
        "model": 2,
        "sequence": 12,
        "status": 1,
        "fuel": 5779,
        "fault": 0.3462,
        "weapon": 0,
        "pilot_injury": 0.4138,
        "pilot_skill": 0.5781,
        "mission_priority": 0.2572,
        "estimated_landing_time": 1134.0,
        "wait_time": 0,
        "Landing_success_rate": 1.0
    },
    {
        "model": 0,
        "sequence": 8,
        "status": 1,
        "fuel": 5877,
        "fault": 0.3359,
        "weapon": 0,
        "pilot_injury": 0.5718,
        "pilot_skill": 0.6974,
        "mission_priority": 0.6737,
        "estimated_landing_time": 758.0,
        "wait_time": 0,
        "Landing_success_rate": 1.0
    },
    {
        "model": 2,
        "sequence": 2,
        "status": 1,
        "fuel": 6932,
        "fault": 0.5811,
        "weapon": 0,
        "pilot_injury": 0.256,
        "pilot_skill": 0.1503,
        "mission_priority": 0.3498,
        "estimated_landing_time": 194.0,
        "wait_time": 0,
        "Landing_success_rate": 1.0
    },
    {
        "model": 0,
        "sequence": 10,
        "status": 1,
        "fuel": 5929,
        "fault": 0.5739,
        "weapon": 0,
        "pilot_injury": 0.6481,
        "pilot_skill": 0.8631,
        "mission_priority": 0.2931,
        "estimated_landing_time": 946.0,
        "wait_time": 0,
        "Landing_success_rate": 1.0
    },
    {
        "model": 0,
        "sequence": 4,
        "status": 1,
        "fuel": 6951,
        "fault": 0.1455,
        "weapon": 0,
        "pilot_injury": 0.3613,
        "pilot_skill": 0.022,
        "mission_priority": 0.9538,
        "estimated_landing_time": 382.0,
        "wait_time": 0,
        "Landing_success_rate": 1.0
    },
    {
        "model": 0,
        "sequence": 5,
        "status": 1,
        "fuel": 6303,
        "fault": 0.7889,
        "weapon": 0,
        "pilot_injury": 0.0761,
        "pilot_skill": 0.3485,
        "mission_priority": 0.8227,
        "estimated_landing_time": 476.0,
        "wait_time": 0,
        "Landing_success_rate": 1.0
    },
    {
        "model": 1,
        "sequence": 7,
        "status": 1,
        "fuel": 6612,
        "fault": 0.9032,
        "weapon": 1,
        "pilot_injury": 0.8453,
        "pilot_skill": 0.4933,
        "mission_priority": 0.4984,
        "estimated_landing_time": 664.0,
        "wait_time": 0,
        "Landing_success_rate": 1.0
    },
    {
        "model": 0,
        "sequence": 1,
        "status": 1,
        "fuel": 5684,
        "fault": 0.861,
        "weapon": 1,
        "pilot_injury": 0.3585,
        "pilot_skill": 0.1406,
        "mission_priority": 0.3257,
        "estimated_landing_time": 100.0,
        "wait_time": 0,
        "Landing_success_rate": 1.0
    },
    {
        "model": 2,
        "sequence": 9,
        "status": 1,
        "fuel": 5554,
        "fault": 0.941,
        "weapon": 0,
        "pilot_injury": 0.3955,
        "pilot_skill": 0.941,
        "mission_priority": 0.8714,
        "estimated_landing_time": 852.0,
        "wait_time": 0,
        "Landing_success_rate": 1.0
    },
    {
        "model": 2,
        "sequence": 11,
        "status": 1,
        "fuel": 6245,
        "fault": 0.1703,
        "weapon": 0,
        "pilot_injury": 0.0059,
        "pilot_skill": 0.2155,
        "mission_priority": 0.0248,
        "estimated_landing_time": 1040.0,
        "wait_time": 0,
        "Landing_success_rate": 1.0
    },
    {
        "model": 2,
        "sequence": 3,
        "status": 1,
        "fuel": 5670,
        "fault": 0.7646,
        "weapon": 1,
        "pilot_injury": 0.869,
        "pilot_skill": 0.6433,
        "mission_priority": 0.2294,
        "estimated_landing_time": 288.0,
        "wait_time": 0,
        "Landing_success_rate": 1.0
    },
    {
        "model": 1,
        "sequence": 6,
        "status": 1,
        "fuel": 6491,
        "fault": 0.6184,
        "weapon": 1,
        "pilot_injury": 0.9008,
        "pilot_skill": 0.7184,
        "mission_priority": 0.3485,
        "estimated_landing_time": 570.0,
        "wait_time": 0,
        "Landing_success_rate": 1.0
    }
]