[
    {
        "model": 0,
        "sequence": 8,
        "status": 1,
        "fuel": 7391,
        "fault": 0.8695,
        "weapon": 1,
        "pilot_injury": 0.7514,
        "pilot_skill": 0.0836,
        "mission_priority": 0.5653,
        "estimated_landing_time": 758.0,
        "wait_time": 0,
        "Landing_success_rate": 1.0
    },
    {
        "model": 1,
        "sequence": 4,
        "status": 1,
        "fuel": 6168,
        "fault": 0.3884,
        "weapon": 0,
        "pilot_injury": 0.5744,
        "pilot_skill": 0.0131,
        "mission_priority": 0.4752,
        "estimated_landing_time": 382.0,
        "wait_time": 0,
        "Landing_success_rate": 1.0
    },
    {
        "model": 1,
        "sequence": 2,
        "status": 1,
        "fuel": 6862,
        "fault": 0.7435,
        "weapon": 1,
        "pilot_injury": 0.1096,
        "pilot_skill": 0.9555,
        "mission_priority": 0.5231,
        "estimated_landing_time": 194.0,
        "wait_time": 0,
        "Landing_success_rate": 1.0
    },
    {
        "model": 1,
        "sequence": 12,
        "status": 1,
        "fuel": 7392,
        "fault": 0.1526,
        "weapon": 0,
        "pilot_injury": 0.6377,
        "pilot_skill": 0.307,
        "mission_priority": 0.4318,
        "estimated_landing_time": 1134.0,
        "wait_time": 0,
        "Landing_success_rate": 1.0
    },
    {
        "model": 1,
        "sequence": 7,
        "status": 1,
        "fuel": 7490,
        "fault": 0.5312,
        "weapon": 1,
        "pilot_injury": 0.2465,
        "pilot_skill": 0.9483,
        "mission_priority": 0.6887,
        "estimated_landing_time": 664.0,
        "wait_time": 0,
        "Landing_success_rate": 1.0
    },
    {
        "model": 0,
        "sequence": 1,
        "status": 1,
        "fuel": 6704,
        "fault": 0.9726,
        "weapon": 0,
        "pilot_injury": 0.9608,
        "pilot_skill": 0.8925,
        "mission_priority": 0.1286,
        "estimated_landing_time": 100.0,
        "wait_time": 0,
        "Landing_success_rate": 1.0
    },
    {
        "model": 1,
        "sequence": 6,
        "status": 1,
        "fuel": 6944,
        "fault": 0.9009,
        "weapon": 1,
        "pilot_injury": 0.5721,
        "pilot_skill": 0.8028,
        "mission_priority": 0.7594,
        "estimated_landing_time": 570.0,
        "wait_time": 0,
        "Landing_success_rate": 1.0
    },
    {
        "model": 0,
        "sequence": 5,
        "status": 1,
        "fuel": 6305,
        "fault": 0.3611,
        "weapon": 0,
        "pilot_injury": 0.1396,
        "pilot_skill": 0.2106,
        "mission_priority": 0.7417,
        "estimated_landing_time": 476.0,
        "wait_time": 0,
        "Landing_success_rate": 1.0
    },
    {
        "model": 0,
        "sequence": 11,
        "status": 1,
        "fuel": 7400,
        "fault": 0.7906,
        "weapon": 1,
        "pilot_injury": 0.4246,
        "pilot_skill": 0.0721,
        "mission_priority": 0.2127,
        "estimated_landing_time": 1040.0,
        "wait_time": 0,
        "Landing_success_rate": 1.0
    },
    {
        "model": 0,
        "sequence": 10,
        "status": 1,
        "fuel": 6584,
        "fault": 0.7786,
        "weapon": 0,
        "pilot_injury": 0.1915,
        "pilot_skill": 0.8618,
        "mission_priority": 0.1148,
        "estimated_landing_time": 946.0,
        "wait_time": 0,
        "Landing_success_rate": 1.0
    },
    {
        "model": 2,
        "sequence": 3,
        "status": 1,
        "fuel": 7017,
        "fault": 0.9203,
        "weapon": 0,
        "pilot_injury": 0.8497,
        "pilot_skill": 0.8673,
        "mission_priority": 0.5964,
        "estimated_landing_time": 288.0,
        "wait_time": 0,
        "Landing_success_rate": 1.0
    },
    {
        "model": 2,
        "sequence": 9,
        "status": 1,
        "fuel": 5786,
        "fault": 0.2676,
        "weapon": 0,
        "pilot_injury": 0.7126,
        "pilot_skill": 0.4161,
        "mission_priority": 0.9141,
        "estimated_landing_time": 852.0,
        "wait_time": 0,
        "Landing_success_rate": 1.0
    }
]