[
    {
        "model": 2,
        "sequence": 9,
        "status": 1,
        "fuel": 6101,
        "fault": 0.4483,
        "weapon": 1,
        "pilot_injury": 0.3205,
        "pilot_skill": 0.1937,
        "mission_priority": 0.6218,
        "estimated_landing_time": 852.0,
        "wait_time": 0,
        "Landing_success_rate": 1.0
    },
    {
        "model": 2,
        "sequence": 10,
        "status": 1,
        "fuel": 6502,
        "fault": 0.8793,
        "weapon": 1,
        "pilot_injury": 0.7571,
        "pilot_skill": 0.2306,
        "mission_priority": 0.5869,
        "estimated_landing_time": 946.0,
        "wait_time": 0,
        "Landing_success_rate": 1.0
    },
    {
        "model": 2,
        "sequence": 2,
        "status": 1,
        "fuel": 6690,
        "fault": 0.4565,
        "weapon": 0,
        "pilot_injury": 0.6251,
        "pilot_skill": 0.7982,
        "mission_priority": 0.0685,
        "estimated_landing_time": 194.0,
        "wait_time": 0,
        "Landing_success_rate": 1.0
    },
    {
        "model": 0,
        "sequence": 6,
        "status": 1,
        "fuel": 5640,
        "fault": 0.073,
        "weapon": 0,
        "pilot_injury": 0.1906,
        "pilot_skill": 0.103,
        "mission_priority": 0.5621,
        "estimated_landing_time": 570.0,
        "wait_time": 0,
        "Landing_success_rate": 1.0
    },
    {
        "model": 0,
        "sequence": 7,
        "status": 1,
        "fuel": 7291,
        "fault": 0.1782,
        "weapon": 1,
        "pilot_injury": 0.4177,
        "pilot_skill": 0.5324,
        "mission_priority": 0.9913,
        "estimated_landing_time": 664.0,
        "wait_time": 0,
        "Landing_success_rate": 1.0
    },
    {
        "model": 0,
        "sequence": 4,
        "status": 1,
        "fuel": 7271,
        "fault": 0.5736,
        "weapon": 1,
        "pilot_injury": 0.7005,
        "pilot_skill": 0.9162,
        "mission_priority": 0.0109,
        "estimated_landing_time": 382.0,
        "wait_time": 0,
        "Landing_success_rate": 1.0
    },
    {
        "model": 2,
        "sequence": 8,
        "status": 1,
        "fuel": 6122,
        "fault": 0.4808,
        "weapon": 0,
        "pilot_injury": 0.4559,
        "pilot_skill": 0.8523,
        "mission_priority": 0.8239,
        "estimated_landing_time": 758.0,
        "wait_time": 0,
        "Landing_success_rate": 1.0
    },
    {
        "model": 1,
        "sequence": 12,
        "status": 1,
        "fuel": 6500,
        "fault": 0.6548,
        "weapon": 1,
        "pilot_injury": 0.4472,
        "pilot_skill": 0.6564,
        "mission_priority": 0.3905,
        "estimated_landing_time": 1134.0,
        "wait_time": 0,
        "Landing_success_rate": 1.0
    },
    {
        "model": 1,
        "sequence": 3,
        "status": 1,
        "fuel": 6030,
        "fault": 0.9934,
        "weapon": 1,
        "pilot_injury": 0.7431,
        "pilot_skill": 0.5014,
        "mission_priority": 0.8141,
        "estimated_landing_time": 288.0,
        "wait_time": 0,
        "Landing_success_rate": 1.0
    },
    {
        "model": 1,
        "sequence": 5,
        "status": 1,
        "fuel": 6357,
        "fault": 0.8729,
        "weapon": 0,
        "pilot_injury": 0.6302,
        "pilot_skill": 0.4366,
        "mission_priority": 0.4566,
        "estimated_landing_time": 476.0,
        "wait_time": 0,
        "Landing_success_rate": 1.0
    },
    {
        "model": 2,
        "sequence": 11,
        "status": 1,
        "fuel": 6880,
        "fault": 0.9468,
        "weapon": 1,
        "pilot_injury": 0.8856,
        "pilot_skill": 0.7128,
        "mission_priority": 0.5528,
        "estimated_landing_time": 1040.0,
        "wait_time": 0,
        "Landing_success_rate": 1.0
    },
    {
        "model": 2,
        "sequence": 1,
        "status": 1,
        "fuel": 7184,
        "fault": 0.8487,
        "weapon": 1,
        "pilot_injury": 0.0271,
        "pilot_skill": 0.0833,
        "mission_priority": 0.4376,
        "estimated_landing_time": 100.0,
        "wait_time": 0,
        "Landing_success_rate": 1.0
    }
]