[
    {
        "model": 2,
        "sequence": 10,
        "status": 1,
        "fuel": 6860,
        "fault": 0.1048,
        "weapon": 1,
        "pilot_injury": 0.1677,
        "pilot_skill": 0.092,
        "mission_priority": 0.5754,
        "estimated_landing_time": 946.0,
        "wait_time": 0,
        "Landing_success_rate": 1.0
    },
    {
        "model": 2,
        "sequence": 12,
        "status": 1,
        "fuel": 6382,
        "fault": 0.3356,
        "weapon": 1,
        "pilot_injury": 0.4358,
        "pilot_skill": 0.5366,
        "mission_priority": 0.2795,
        "estimated_landing_time": 1134.0,
        "wait_time": 0,
        "Landing_success_rate": 1.0
    },
    {
        "model": 1,
        "sequence": 6,
        "status": 1,
        "fuel": 7359,
        "fault": 0.2314,
        "weapon": 0,
        "pilot_injury": 0.4635,
        "pilot_skill": 0.5219,
        "mission_priority": 0.9528,
        "estimated_landing_time": 570.0,
        "wait_time": 0,
        "Landing_success_rate": 1.0
    },
    {
        "model": 2,
        "sequence": 4,
        "status": 1,
        "fuel": 5980,
        "fault": 0.1353,
        "weapon": 1,
        "pilot_injury": 0.128,
        "pilot_skill": 0.9965,
        "mission_priority": 0.7728,
        "estimated_landing_time": 382.0,
        "wait_time": 0,
        "Landing_success_rate": 1.0
    },
    {
        "model": 0,
        "sequence": 11,
        "status": 1,
        "fuel": 7035,
        "fault": 0.8383,
        "weapon": 0,
        "pilot_injury": 0.5021,
        "pilot_skill": 0.5221,
        "mission_priority": 0.1941,
        "estimated_landing_time": 1040.0,
        "wait_time": 0,
        "Landing_success_rate": 1.0
    },
    {
        "model": 2,
        "sequence": 8,
        "status": 1,
        "fuel": 6682,
        "fault": 0.0428,
        "weapon": 1,
        "pilot_injury": 0.1637,
        "pilot_skill": 0.0863,
        "mission_priority": 0.7382,
        "estimated_landing_time": 758.0,
        "wait_time": 0,
        "Landing_success_rate": 1.0
    },
    {
        "model": 0,
        "sequence": 9,
        "status": 1,
        "fuel": 7072,
        "fault": 0.1326,
        "weapon": 1,
        "pilot_injury": 0.6958,
        "pilot_skill": 0.3219,
        "mission_priority": 0.8151,
        "estimated_landing_time": 852.0,
        "wait_time": 0,
        "Landing_success_rate": 1.0
    },
    {
        "model": 2,
        "sequence": 2,
        "status": 1,
        "fuel": 6498,
        "fault": 0.6044,
        "weapon": 0,
        "pilot_injury": 0.7633,
        "pilot_skill": 0.8686,
        "mission_priority": 0.0202,
        "estimated_landing_time": 194.0,
        "wait_time": 0,
        "Landing_success_rate": 1.0
    },
    {
        "model": 0,
        "sequence": 3,
        "status": 1,
        "fuel": 6824,
        "fault": 0.0701,
        "weapon": 1,
        "pilot_injury": 0.4421,
        "pilot_skill": 0.89,
        "mission_priority": 0.4675,
        "estimated_landing_time": 288.0,
        "wait_time": 0,
        "Landing_success_rate": 1.0
    },
    {
        "model": 1,
        "sequence": 1,
        "status": 1,
        "fuel": 6362,
        "fault": 0.2955,
        "weapon": 1,
        "pilot_injury": 0.3396,
        "pilot_skill": 0.8956,
        "mission_priority": 0.4258,
        "estimated_landing_time": 100.0,
        "wait_time": 0,
        "Landing_success_rate": 1.0
    },
    {
        "model": 0,
        "sequence": 7,
        "status": 1,
        "fuel": 6070,
        "fault": 0.4246,
        "weapon": 0,
        "pilot_injury": 0.9488,
        "pilot_skill": 0.5746,
        "mission_priority": 0.7593,
        "estimated_landing_time": 664.0,
        "wait_time": 0,
        "Landing_success_rate": 1.0
    },
    {
        "model": 2,
        "sequence": 5,
        "status": 1,
        "fuel": 5550,
        "fault": 0.8468,
        "weapon": 0,
        "pilot_injury": 0.901,
        "pilot_skill": 0.877,
        "mission_priority": 0.0468,
        "estimated_landing_time": 476.0,
        "wait_time": 0,
        "Landing_success_rate": 1.0
    }
]