[
    {
        "model": 2,
        "sequence": 10,
        "status": 1,
        "fuel": 6581,
        "fault": 0.8559,
        "weapon": 0,
        "pilot_injury": 0.8402,
        "pilot_skill": 0.8243,
        "mission_priority": 0.7222,
        "estimated_landing_time": 946.0,
        "wait_time": 0,
        "Landing_success_rate": 1.0
    },
    {
        "model": 1,
        "sequence": 7,
        "status": 1,
        "fuel": 6549,
        "fault": 0.8677,
        "weapon": 1,
        "pilot_injury": 0.1147,
        "pilot_skill": 0.8425,
        "mission_priority": 0.4982,
        "estimated_landing_time": 664.0,
        "wait_time": 0,
        "Landing_success_rate": 1.0
    },
    {
        "model": 0,
        "sequence": 11,
        "status": 1,
        "fuel": 7348,
        "fault": 0.6875,
        "weapon": 1,
        "pilot_injury": 0.1592,
        "pilot_skill": 0.751,
        "mission_priority": 0.7109,
        "estimated_landing_time": 1040.0,
        "wait_time": 0,
        "Landing_success_rate": 1.0
    },
    {
        "model": 0,
        "sequence": 2,
        "status": 1,
        "fuel": 7053,
        "fault": 0.1784,
        "weapon": 1,
        "pilot_injury": 0.2813,
        "pilot_skill": 0.793,
        "mission_priority": 0.4888,
        "estimated_landing_time": 194.0,
        "wait_time": 0,
        "Landing_success_rate": 1.0
    },
    {
        "model": 2,
        "sequence": 3,
        "status": 1,
        "fuel": 7105,
        "fault": 0.0917,
        "weapon": 1,
        "pilot_injury": 0.3471,
        "pilot_skill": 0.8414,
        "mission_priority": 0.0353,
        "estimated_landing_time": 288.0,
        "wait_time": 0,
        "Landing_success_rate": 1.0
    },
    {
        "model": 0,
        "sequence": 12,
        "status": 1,
        "fuel": 6603,
        "fault": 0.4586,
        "weapon": 0,
        "pilot_injury": 0.4325,
        "pilot_skill": 0.6281,
        "mission_priority": 0.1227,
        "estimated_landing_time": 1134.0,
        "wait_time": 0,
        "Landing_success_rate": 1.0
    },
    {
        "model": 1,
        "sequence": 6,
        "status": 1,
        "fuel": 5776,
        "fault": 0.6223,
        "weapon": 0,
        "pilot_injury": 0.2353,
        "pilot_skill": 0.7223,
        "mission_priority": 0.435,
        "estimated_landing_time": 570.0,
        "wait_time": 0,
        "Landing_success_rate": 1.0
    },
    {
        "model": 0,
        "sequence": 5,
        "status": 1,
        "fuel": 7368,
        "fault": 0.3051,
        "weapon": 1,
        "pilot_injury": 0.4705,
        "pilot_skill": 0.9801,
        "mission_priority": 0.1953,
        "estimated_landing_time": 476.0,
        "wait_time": 0,
        "Landing_success_rate": 1.0
    },
    {
        "model": 1,
        "sequence": 8,
        "status": 1,
        "fuel": 7477,
        "fault": 0.6348,
        "weapon": 1,
        "pilot_injury": 0.5651,
        "pilot_skill": 0.6151,
        "mission_priority": 0.5022,
        "estimated_landing_time": 758.0,
        "wait_time": 0,
        "Landing_success_rate": 1.0
    },
    {
        "model": 0,
        "sequence": 4,
        "status": 1,
        "fuel": 6216,
        "fault": 0.8329,
        "weapon": 1,
        "pilot_injury": 0.827,
        "pilot_skill": 0.1742,
        "mission_priority": 0.4133,
        "estimated_landing_time": 382.0,
        "wait_time": 0,
        "Landing_success_rate": 1.0
    },
    {
        "model": 0,
        "sequence": 9,
        "status": 1,
        "fuel": 6172,
        "fault": 0.5014,
        "weapon": 0,
        "pilot_injury": 0.9511,
        "pilot_skill": 0.8994,
        "mission_priority": 0.1584,
        "estimated_landing_time": 852.0,
        "wait_time": 0,
        "Landing_success_rate": 1.0
    },
    {
        "model": 0,
        "sequence": 1,
        "status": 1,
        "fuel": 6125,
        "fault": 0.0411,
        "weapon": 1,
        "pilot_injury": 0.3769,
        "pilot_skill": 0.3945,
        "mission_priority": 0.4599,
        "estimated_landing_time": 100.0,
        "wait_time": 0,
        "Landing_success_rate": 1.0
    }
]