[
    {
        "model": 2,
        "sequence": 3,
        "status": 1,
        "fuel": 6388,
        "fault": 0.4108,
        "weapon": 0,
        "pilot_injury": 0.5002,
        "pilot_skill": 0.8005,
        "mission_priority": 0.4886,
        "estimated_landing_time": 288.0,
        "wait_time": 0,
        "Landing_success_rate": 1.0
    },
    {
        "model": 1,
        "sequence": 6,
        "status": 1,
        "fuel": 6591,
        "fault": 0.8219,
        "weapon": 0,
        "pilot_injury": 0.9994,
        "pilot_skill": 0.4358,
        "mission_priority": 0.1494,
        "estimated_landing_time": 570.0,
        "wait_time": 0,
        "Landing_success_rate": 1.0
    },
    {
        "model": 1,
        "sequence": 5,
        "status": 1,
        "fuel": 6440,
        "fault": 0.3429,
        "weapon": 0,
        "pilot_injury": 0.8479,
        "pilot_skill": 0.4601,
        "mission_priority": 0.5945,
        "estimated_landing_time": 476.0,
        "wait_time": 0,
        "Landing_success_rate": 1.0
    },
    {
        "model": 1,
        "sequence": 2,
        "status": 1,
        "fuel": 7324,
        "fault": 0.3134,
        "weapon": 0,
        "pilot_injury": 0.6577,
        "pilot_skill": 0.815,
        "mission_priority": 0.5759,
        "estimated_landing_time": 194.0,
        "wait_time": 0,
        "Landing_success_rate": 1.0
    },
    {
        "model": 2,
        "sequence": 10,
        "status": 1,
        "fuel": 7358,
        "fault": 0.6725,
        "weapon": 0,
        "pilot_injury": 0.9798,
        "pilot_skill": 0.145,
        "mission_priority": 0.4045,
        "estimated_landing_time": 946.0,
        "wait_time": 0,
        "Landing_success_rate": 1.0
    },
    {
        "model": 0,
        "sequence": 8,
        "status": 1,
        "fuel": 5872,
        "fault": 0.7126,
        "weapon": 0,
        "pilot_injury": 0.8438,
        "pilot_skill": 0.8183,
        "mission_priority": 0.9863,
        "estimated_landing_time": 758.0,
        "wait_time": 0,
        "Landing_success_rate": 1.0
    },
    {
        "model": 1,
        "sequence": 1,
        "status": 1,
        "fuel": 6771,
        "fault": 0.7311,
        "weapon": 1,
        "pilot_injury": 0.9029,
        "pilot_skill": 0.2341,
        "mission_priority": 0.5479,
        "estimated_landing_time": 100.0,
        "wait_time": 0,
        "Landing_success_rate": 1.0
    },
    {
        "model": 1,
        "sequence": 11,
        "status": 1,
        "fuel": 7340,
        "fault": 0.3349,
        "weapon": 0,
        "pilot_injury": 0.9384,
        "pilot_skill": 0.6657,
        "mission_priority": 0.0471,
        "estimated_landing_time": 1040.0,
        "wait_time": 0,
        "Landing_success_rate": 1.0
    },
    {
        "model": 1,
        "sequence": 9,
        "status": 1,
        "fuel": 5984,
        "fault": 0.0502,
        "weapon": 0,
        "pilot_injury": 0.245,
        "pilot_skill": 0.7307,
        "mission_priority": 0.0889,
        "estimated_landing_time": 852.0,
        "wait_time": 0,
        "Landing_success_rate": 1.0
    },
    {
        "model": 2,
        "sequence": 12,
        "status": 1,
        "fuel": 6161,
        "fault": 0.3618,
        "weapon": 0,
        "pilot_injury": 0.5567,
        "pilot_skill": 0.2655,
        "mission_priority": 0.9571,
        "estimated_landing_time": 1134.0,
        "wait_time": 0,
        "Landing_success_rate": 1.0
    },
    {
        "model": 2,
        "sequence": 7,
        "status": 1,
        "fuel": 6630,
        "fault": 0.9343,
        "weapon": 0,
        "pilot_injury": 0.7258,
        "pilot_skill": 0.7405,
        "mission_priority": 0.7649,
        "estimated_landing_time": 664.0,
        "wait_time": 0,
        "Landing_success_rate": 1.0
    },
    {
        "model": 2,
        "sequence": 4,
        "status": 1,
        "fuel": 7247,
        "fault": 0.1388,
        "weapon": 0,
        "pilot_injury": 0.8362,
        "pilot_skill": 0.3605,
        "mission_priority": 0.4003,
        "estimated_landing_time": 382.0,
        "wait_time": 0,
        "Landing_success_rate": 1.0
    }
]