[
    {
        "model": 0,
        "sequence": 11,
        "status": 1,
        "fuel": 5856,
        "fault": 0.049,
        "weapon": 1,
        "pilot_injury": 0.9244,
        "pilot_skill": 0.7454,
        "mission_priority": 0.3904,
        "estimated_landing_time": 1040.0,
        "wait_time": 0,
        "Landing_success_rate": 1.0
    },
    {
        "model": 2,
        "sequence": 1,
        "status": 1,
        "fuel": 6836,
        "fault": 0.3976,
        "weapon": 0,
        "pilot_injury": 0.87,
        "pilot_skill": 0.0087,
        "mission_priority": 0.7105,
        "estimated_landing_time": 100.0,
        "wait_time": 0,
        "Landing_success_rate": 1.0
    },
    {
        "model": 1,
        "sequence": 10,
        "status": 1,
        "fuel": 7468,
        "fault": 0.793,
        "weapon": 1,
        "pilot_injury": 0.0121,
        "pilot_skill": 0.8966,
        "mission_priority": 0.9122,
        "estimated_landing_time": 946.0,
        "wait_time": 0,
        "Landing_success_rate": 1.0
    },
    {
        "model": 2,
        "sequence": 5,
        "status": 1,
        "fuel": 6969,
        "fault": 0.477,
        "weapon": 1,
        "pilot_injury": 0.1526,
        "pilot_skill": 0.7587,
        "mission_priority": 0.6654,
        "estimated_landing_time": 476.0,
        "wait_time": 0,
        "Landing_success_rate": 1.0
    },
    {
        "model": 0,
        "sequence": 12,
        "status": 1,
        "fuel": 6471,
        "fault": 0.6336,
        "weapon": 1,
        "pilot_injury": 0.8312,
        "pilot_skill": 0.6743,
        "mission_priority": 0.0068,
        "estimated_landing_time": 1134.0,
        "wait_time": 0,
        "Landing_success_rate": 1.0
    },
    {
        "model": 1,
        "sequence": 7,
        "status": 1,
        "fuel": 6629,
        "fault": 0.9126,
        "weapon": 1,
        "pilot_injury": 0.5908,
        "pilot_skill": 0.4247,
        "mission_priority": 0.5839,
        "estimated_landing_time": 664.0,
        "wait_time": 0,
        "Landing_success_rate": 1.0
    },
    {
        "model": 1,
        "sequence": 2,
        "status": 1,
        "fuel": 6286,
        "fault": 0.2708,
        "weapon": 1,
        "pilot_injury": 0.967,
        "pilot_skill": 0.1786,
        "mission_priority": 0.6231,
        "estimated_landing_time": 194.0,
        "wait_time": 0,
        "Landing_success_rate": 1.0
    },
    {
        "model": 0,
        "sequence": 3,
        "status": 1,
        "fuel": 6665,
        "fault": 0.2399,
        "weapon": 1,
        "pilot_injury": 0.6693,
        "pilot_skill": 0.916,
        "mission_priority": 0.159,
        "estimated_landing_time": 288.0,
        "wait_time": 0,
        "Landing_success_rate": 1.0
    },
    {
        "model": 1,
        "sequence": 4,
        "status": 1,
        "fuel": 6579,
        "fault": 0.2191,
        "weapon": 1,
        "pilot_injury": 0.3913,
        "pilot_skill": 0.1537,
        "mission_priority": 0.6158,
        "estimated_landing_time": 382.0,
        "wait_time": 0,
        "Landing_success_rate": 1.0
    },
    {
        "model": 1,
        "sequence": 6,
        "status": 1,
        "fuel": 6368,
        "fault": 0.7211,
        "weapon": 1,
        "pilot_injury": 0.4761,
        "pilot_skill": 0.623,
        "mission_priority": 0.5835,
        "estimated_landing_time": 570.0,
        "wait_time": 0,
        "Landing_success_rate": 1.0
    },
    {
        "model": 2,
        "sequence": 9,
        "status": 1,
        "fuel": 5887,
        "fault": 0.7584,
        "weapon": 0,
        "pilot_injury": 0.6677,
        "pilot_skill": 0.2054,
        "mission_priority": 0.3199,
        "estimated_landing_time": 852.0,
        "wait_time": 0,
        "Landing_success_rate": 1.0
    },
    {
        "model": 1,
        "sequence": 8,
        "status": 1,
        "fuel": 5786,
        "fault": 0.7516,
        "weapon": 1,
        "pilot_injury": 0.7502,
        "pilot_skill": 0.3588,
        "mission_priority": 0.5517,
        "estimated_landing_time": 758.0,
        "wait_time": 0,
        "Landing_success_rate": 1.0
    }
]