[
    {
        "model": 1,
        "sequence": 7,
        "status": 1,
        "fuel": 6651,
        "fault": 0.5228,
        "weapon": 0,
        "pilot_injury": 0.3029,
        "pilot_skill": 0.7793,
        "mission_priority": 0.3227,
        "estimated_landing_time": 664.0,
        "wait_time": 0,
        "Landing_success_rate": 1.0
    },
    {
        "model": 0,
        "sequence": 2,
        "status": 1,
        "fuel": 7186,
        "fault": 0.8799,
        "weapon": 0,
        "pilot_injury": 0.9264,
        "pilot_skill": 0.0535,
        "mission_priority": 0.1969,
        "estimated_landing_time": 194.0,
        "wait_time": 0,
        "Landing_success_rate": 1.0
    },
    {
        "model": 0,
        "sequence": 1,
        "status": 1,
        "fuel": 7142,
        "fault": 0.9471,
        "weapon": 0,
        "pilot_injury": 0.2515,
        "pilot_skill": 0.2892,
        "mission_priority": 0.3673,
        "estimated_landing_time": 100.0,
        "wait_time": 0,
        "Landing_success_rate": 1.0
    },
    {
        "model": 0,
        "sequence": 11,
        "status": 1,
        "fuel": 5524,
        "fault": 0.3508,
        "weapon": 0,
        "pilot_injury": 0.0138,
        "pilot_skill": 0.898,
        "mission_priority": 0.413,
        "estimated_landing_time": 1040.0,
        "wait_time": 0,
        "Landing_success_rate": 1.0
    },
    {
        "model": 2,
        "sequence": 4,
        "status": 1,
        "fuel": 6189,
        "fault": 0.1174,
        "weapon": 0,
        "pilot_injury": 0.6597,
        "pilot_skill": 0.0448,
        "mission_priority": 0.7158,
        "estimated_landing_time": 382.0,
        "wait_time": 0,
        "Landing_success_rate": 1.0
    },
    {
        "model": 2,
        "sequence": 3,
        "status": 1,
        "fuel": 7232,
        "fault": 0.1481,
        "weapon": 0,
        "pilot_injury": 0.1679,
        "pilot_skill": 0.2038,
        "mission_priority": 0.7966,
        "estimated_landing_time": 288.0,
        "wait_time": 0,
        "Landing_success_rate": 1.0
    },
    {
        "model": 0,
        "sequence": 12,
        "status": 1,
        "fuel": 7036,
        "fault": 0.1761,
        "weapon": 1,
        "pilot_injury": 0.5405,
        "pilot_skill": 0.7672,
        "mission_priority": 0.5537,
        "estimated_landing_time": 1134.0,
        "wait_time": 0,
        "Landing_success_rate": 1.0
    },
    {
        "model": 0,
        "sequence": 10,
        "status": 1,
        "fuel": 6340,
        "fault": 0.7853,
        "weapon": 1,
        "pilot_injury": 0.7153,
        "pilot_skill": 0.4841,
        "mission_priority": 0.6374,
        "estimated_landing_time": 946.0,
        "wait_time": 0,
        "Landing_success_rate": 1.0
    },
    {
        "model": 1,
        "sequence": 9,
        "status": 1,
        "fuel": 5768,
        "fault": 0.0286,
        "weapon": 0,
        "pilot_injury": 0.4238,
        "pilot_skill": 0.3183,
        "mission_priority": 0.9995,
        "estimated_landing_time": 852.0,
        "wait_time": 0,
        "Landing_success_rate": 1.0
    },
    {
        "model": 2,
        "sequence": 6,
        "status": 1,
        "fuel": 6184,
        "fault": 0.1073,
        "weapon": 0,
        "pilot_injury": 0.5191,
        "pilot_skill": 0.05,
        "mission_priority": 0.2887,
        "estimated_landing_time": 570.0,
        "wait_time": 0,
        "Landing_success_rate": 1.0
    },
    {
        "model": 0,
        "sequence": 8,
        "status": 1,
        "fuel": 5996,
        "fault": 0.7627,
        "weapon": 0,
        "pilot_injury": 0.9762,
        "pilot_skill": 0.9822,
        "mission_priority": 0.0981,
        "estimated_landing_time": 758.0,
        "wait_time": 0,
        "Landing_success_rate": 1.0
    },
    {
        "model": 2,
        "sequence": 5,
        "status": 1,
        "fuel": 5529,
        "fault": 0.7008,
        "weapon": 0,
        "pilot_injury": 0.2377,
        "pilot_skill": 0.7506,
        "mission_priority": 0.8786,
        "estimated_landing_time": 476.0,
        "wait_time": 0,
        "Landing_success_rate": 1.0
    }
]