[
    {
        "model": 1,
        "sequence": 6,
        "status": 1,
        "fuel": 7451,
        "fault": 0.7486,
        "weapon": 1,
        "pilot_injury": 0.1771,
        "pilot_skill": 0.5283,
        "mission_priority": 0.8036,
        "estimated_landing_time": 570.0,
        "wait_time": 0,
        "Landing_success_rate": 1.0
    },
    {
        "model": 1,
        "sequence": 4,
        "status": 1,
        "fuel": 6059,
        "fault": 0.3231,
        "weapon": 0,
        "pilot_injury": 0.2407,
        "pilot_skill": 0.7597,
        "mission_priority": 0.5643,
        "estimated_landing_time": 382.0,
        "wait_time": 0,
        "Landing_success_rate": 1.0
    },
    {
        "model": 0,
        "sequence": 1,
        "status": 1,
        "fuel": 6493,
        "fault": 0.2051,
        "weapon": 0,
        "pilot_injury": 0.6487,
        "pilot_skill": 0.7254,
        "mission_priority": 0.5492,
        "estimated_landing_time": 100.0,
        "wait_time": 0,
        "Landing_success_rate": 1.0
    },
    {
        "model": 0,
        "sequence": 3,
        "status": 1,
        "fuel": 6506,
        "fault": 0.1302,
        "weapon": 0,
        "pilot_injury": 0.9083,
        "pilot_skill": 0.4167,
        "mission_priority": 0.3144,
        "estimated_landing_time": 288.0,
        "wait_time": 0,
        "Landing_success_rate": 1.0
    },
    {
        "model": 2,
        "sequence": 9,
        "status": 1,
        "fuel": 6118,
        "fault": 0.3638,
        "weapon": 0,
        "pilot_injury": 0.0736,
        "pilot_skill": 0.4984,
        "mission_priority": 0.4943,
        "estimated_landing_time": 852.0,
        "wait_time": 0,
        "Landing_success_rate": 1.0
    },
    {
        "model": 0,
        "sequence": 2,
        "status": 1,
        "fuel": 5801,
        "fault": 0.6015,
        "weapon": 0,
        "pilot_injury": 0.6131,
        "pilot_skill": 0.8782,
        "mission_priority": 0.9555,
        "estimated_landing_time": 194.0,
        "wait_time": 0,
        "Landing_success_rate": 1.0
    },
    {
        "model": 0,
        "sequence": 5,
        "status": 1,
        "fuel": 6586,
        "fault": 0.6835,
        "weapon": 1,
        "pilot_injury": 0.9692,
        "pilot_skill": 0.7059,
        "mission_priority": 0.336,
        "estimated_landing_time": 476.0,
        "wait_time": 0,
        "Landing_success_rate": 1.0
    },
    {
        "model": 1,
        "sequence": 8,
        "status": 1,
        "fuel": 5656,
        "fault": 0.2811,
        "weapon": 1,
        "pilot_injury": 0.1677,
        "pilot_skill": 0.0456,
        "mission_priority": 0.9022,
        "estimated_landing_time": 758.0,
        "wait_time": 0,
        "Landing_success_rate": 1.0
    },
    {
        "model": 1,
        "sequence": 12,
        "status": 1,
        "fuel": 5869,
        "fault": 0.5847,
        "weapon": 0,
        "pilot_injury": 0.8281,
        "pilot_skill": 0.7915,
        "mission_priority": 0.8826,
        "estimated_landing_time": 1134.0,
        "wait_time": 0,
        "Landing_success_rate": 1.0
    },
    {
        "model": 2,
        "sequence": 7,
        "status": 1,
        "fuel": 7464,
        "fault": 0.8328,
        "weapon": 1,
        "pilot_injury": 0.9503,
        "pilot_skill": 0.7233,
        "mission_priority": 0.0707,
        "estimated_landing_time": 664.0,
        "wait_time": 0,
        "Landing_success_rate": 1.0
    },
    {
        "model": 2,
        "sequence": 10,
        "status": 1,
        "fuel": 7222,
        "fault": 0.5179,
        "weapon": 1,
        "pilot_injury": 0.9059,
        "pilot_skill": 0.3729,
        "mission_priority": 0.5849,
        "estimated_landing_time": 946.0,
        "wait_time": 0,
        "Landing_success_rate": 1.0
    },
    {
        "model": 2,
        "sequence": 11,
        "status": 1,
        "fuel": 5804,
        "fault": 0.4067,
        "weapon": 1,
        "pilot_injury": 0.0622,
        "pilot_skill": 0.5219,
        "mission_priority": 0.8174,
        "estimated_landing_time": 1040.0,
        "wait_time": 0,
        "Landing_success_rate": 1.0
    }
]