[
    {
        "model": 0,
        "sequence": 10,
        "status": 1,
        "fuel": 6647,
        "fault": 0.01,
        "weapon": 1,
        "pilot_injury": 0.9199,
        "pilot_skill": 0.4308,
        "mission_priority": 0.2035,
        "estimated_landing_time": 946.0,
        "wait_time": 0,
        "Landing_success_rate": 1.0
    },
    {
        "model": 1,
        "sequence": 5,
        "status": 1,
        "fuel": 5556,
        "fault": 0.4293,
        "weapon": 0,
        "pilot_injury": 0.206,
        "pilot_skill": 0.5457,
        "mission_priority": 0.391,
        "estimated_landing_time": 476.0,
        "wait_time": 0,
        "Landing_success_rate": 1.0
    },
    {
        "model": 0,
        "sequence": 11,
        "status": 1,
        "fuel": 5885,
        "fault": 0.9968,
        "weapon": 0,
        "pilot_injury": 0.9904,
        "pilot_skill": 0.2526,
        "mission_priority": 0.4715,
        "estimated_landing_time": 1040.0,
        "wait_time": 0,
        "Landing_success_rate": 1.0
    },
    {
        "model": 1,
        "sequence": 8,
        "status": 1,
        "fuel": 5759,
        "fault": 0.6263,
        "weapon": 0,
        "pilot_injury": 0.8423,
        "pilot_skill": 0.7464,
        "mission_priority": 0.9922,
        "estimated_landing_time": 758.0,
        "wait_time": 0,
        "Landing_success_rate": 1.0
    },
    {
        "model": 0,
        "sequence": 9,
        "status": 1,
        "fuel": 6609,
        "fault": 0.809,
        "weapon": 0,
        "pilot_injury": 0.0901,
        "pilot_skill": 0.9966,
        "mission_priority": 0.5515,
        "estimated_landing_time": 852.0,
        "wait_time": 0,
        "Landing_success_rate": 1.0
    },
    {
        "model": 0,
        "sequence": 2,
        "status": 1,
        "fuel": 6985,
        "fault": 0.497,
        "weapon": 1,
        "pilot_injury": 0.5477,
        "pilot_skill": 0.9426,
        "mission_priority": 0.1664,
        "estimated_landing_time": 194.0,
        "wait_time": 0,
        "Landing_success_rate": 1.0
    },
    {
        "model": 2,
        "sequence": 7,
        "status": 1,
        "fuel": 7022,
        "fault": 0.9983,
        "weapon": 1,
        "pilot_injury": 0.7922,
        "pilot_skill": 0.062,
        "mission_priority": 0.0816,
        "estimated_landing_time": 664.0,
        "wait_time": 0,
        "Landing_success_rate": 1.0
    },
    {
        "model": 0,
        "sequence": 12,
        "status": 1,
        "fuel": 6584,
        "fault": 0.6397,
        "weapon": 1,
        "pilot_injury": 0.4063,
        "pilot_skill": 0.0448,
        "mission_priority": 0.9575,
        "estimated_landing_time": 1134.0,
        "wait_time": 0,
        "Landing_success_rate": 1.0
    },
    {
        "model": 1,
        "sequence": 4,
        "status": 1,
        "fuel": 5972,
        "fault": 0.1029,
        "weapon": 1,
        "pilot_injury": 0.7315,
        "pilot_skill": 0.5786,
        "mission_priority": 0.2375,
        "estimated_landing_time": 382.0,
        "wait_time": 0,
        "Landing_success_rate": 1.0
    },
    {
        "model": 2,
        "sequence": 6,
        "status": 1,
        "fuel": 6724,
        "fault": 0.021,
        "weapon": 0,
        "pilot_injury": 0.4192,
        "pilot_skill": 0.2912,
        "mission_priority": 0.8075,
        "estimated_landing_time": 570.0,
        "wait_time": 0,
        "Landing_success_rate": 1.0
    },
    {
        "model": 2,
        "sequence": 3,
        "status": 1,
        "fuel": 7386,
        "fault": 0.9215,
        "weapon": 1,
        "pilot_injury": 0.1893,
        "pilot_skill": 0.5335,
        "mission_priority": 0.318,
        "estimated_landing_time": 288.0,
        "wait_time": 0,
        "Landing_success_rate": 1.0
    },
    {
        "model": 0,
        "sequence": 1,
        "status": 1,
        "fuel": 6231,
        "fault": 0.7755,
        "weapon": 0,
        "pilot_injury": 0.7689,
        "pilot_skill": 0.3542,
        "mission_priority": 0.6943,
        "estimated_landing_time": 100.0,
        "wait_time": 0,
        "Landing_success_rate": 1.0
    }
]