[
    {
        "model": 1,
        "sequence": 10,
        "status": 1,
        "fuel": 6991,
        "fault": 0.7497,
        "weapon": 1,
        "pilot_injury": 0.0243,
        "pilot_skill": 0.8245,
        "mission_priority": 0.9162,
        "estimated_landing_time": 946.0,
        "wait_time": 0,
        "Landing_success_rate": 1.0
    },
    {
        "model": 1,
        "sequence": 1,
        "status": 1,
        "fuel": 6128,
        "fault": 0.466,
        "weapon": 1,
        "pilot_injury": 0.278,
        "pilot_skill": 0.4936,
        "mission_priority": 0.4366,
        "estimated_landing_time": 100.0,
        "wait_time": 0,
        "Landing_success_rate": 1.0
    },
    {
        "model": 2,
        "sequence": 12,
        "status": 1,
        "fuel": 7466,
        "fault": 0.3289,
        "weapon": 1,
        "pilot_injury": 0.1265,
        "pilot_skill": 0.0531,
        "mission_priority": 0.7677,
        "estimated_landing_time": 1134.0,
        "wait_time": 0,
        "Landing_success_rate": 1.0
    },
    {
        "model": 1,
        "sequence": 9,
        "status": 1,
        "fuel": 6503,
        "fault": 0.7974,
        "weapon": 0,
        "pilot_injury": 0.4678,
        "pilot_skill": 0.4974,
        "mission_priority": 0.437,
        "estimated_landing_time": 852.0,
        "wait_time": 0,
        "Landing_success_rate": 1.0
    },
    {
        "model": 1,
        "sequence": 2,
        "status": 1,
        "fuel": 7272,
        "fault": 0.2952,
        "weapon": 0,
        "pilot_injury": 0.5285,
        "pilot_skill": 0.6919,
        "mission_priority": 0.7112,
        "estimated_landing_time": 194.0,
        "wait_time": 0,
        "Landing_success_rate": 1.0
    },
    {
        "model": 2,
        "sequence": 8,
        "status": 1,
        "fuel": 6706,
        "fault": 0.1631,
        "weapon": 0,
        "pilot_injury": 0.3737,
        "pilot_skill": 0.5365,
        "mission_priority": 0.4534,
        "estimated_landing_time": 758.0,
        "wait_time": 0,
        "Landing_success_rate": 1.0
    },
    {
        "model": 1,
        "sequence": 3,
        "status": 1,
        "fuel": 5507,
        "fault": 0.119,
        "weapon": 1,
        "pilot_injury": 0.8987,
        "pilot_skill": 0.7091,
        "mission_priority": 0.971,
        "estimated_landing_time": 288.0,
        "wait_time": 0,
        "Landing_success_rate": 1.0
    },
    {
        "model": 0,
        "sequence": 11,
        "status": 1,
        "fuel": 6812,
        "fault": 0.9835,
        "weapon": 0,
        "pilot_injury": 0.1582,
        "pilot_skill": 0.0525,
        "mission_priority": 0.5791,
        "estimated_landing_time": 1040.0,
        "wait_time": 0,
        "Landing_success_rate": 1.0
    },
    {
        "model": 1,
        "sequence": 6,
        "status": 1,
        "fuel": 7035,
        "fault": 0.5859,
        "weapon": 0,
        "pilot_injury": 0.212,
        "pilot_skill": 0.5215,
        "mission_priority": 0.6488,
        "estimated_landing_time": 570.0,
        "wait_time": 0,
        "Landing_success_rate": 1.0
    },
    {
        "model": 0,
        "sequence": 5,
        "status": 1,
        "fuel": 6800,
        "fault": 0.4261,
        "weapon": 1,
        "pilot_injury": 0.9751,
        "pilot_skill": 0.897,
        "mission_priority": 0.2916,
        "estimated_landing_time": 476.0,
        "wait_time": 0,
        "Landing_success_rate": 1.0
    },
    {
        "model": 1,
        "sequence": 4,
        "status": 1,
        "fuel": 5965,
        "fault": 0.4355,
        "weapon": 0,
        "pilot_injury": 0.3946,
        "pilot_skill": 0.1003,
        "mission_priority": 0.762,
        "estimated_landing_time": 382.0,
        "wait_time": 0,
        "Landing_success_rate": 1.0
    },
    {
        "model": 2,
        "sequence": 7,
        "status": 1,
        "fuel": 7458,
        "fault": 0.911,
        "weapon": 0,
        "pilot_injury": 0.9269,
        "pilot_skill": 0.0244,
        "mission_priority": 0.9885,
        "estimated_landing_time": 664.0,
        "wait_time": 0,
        "Landing_success_rate": 1.0
    }
]