[
    {
        "model": 0,
        "sequence": 1,
        "status": 1,
        "fuel": 6567,
        "fault": 0.5373,
        "weapon": 0,
        "pilot_injury": 0.8412,
        "pilot_skill": 0.1703,
        "mission_priority": 0.5619,
        "estimated_landing_time": 100.0,
        "wait_time": 0,
        "Landing_success_rate": 1.0
    },
    {
        "model": 0,
        "sequence": 5,
        "status": 1,
        "fuel": 6117,
        "fault": 0.5683,
        "weapon": 0,
        "pilot_injury": 0.6033,
        "pilot_skill": 0.9032,
        "mission_priority": 0.3979,
        "estimated_landing_time": 476.0,
        "wait_time": 0,
        "Landing_success_rate": 1.0
    },
    {
        "model": 0,
        "sequence": 6,
        "status": 1,
        "fuel": 6563,
        "fault": 0.6117,
        "weapon": 0,
        "pilot_injury": 0.7029,
        "pilot_skill": 0.0929,
        "mission_priority": 0.0161,
        "estimated_landing_time": 570.0,
        "wait_time": 0,
        "Landing_success_rate": 1.0
    },
    {
        "model": 1,
        "sequence": 10,
        "status": 1,
        "fuel": 6024,
        "fault": 0.2158,
        "weapon": 0,
        "pilot_injury": 0.7251,
        "pilot_skill": 0.557,
        "mission_priority": 0.526,
        "estimated_landing_time": 946.0,
        "wait_time": 0,
        "Landing_success_rate": 1.0
    },
    {
        "model": 0,
        "sequence": 8,
        "status": 1,
        "fuel": 5849,
        "fault": 0.5355,
        "weapon": 0,
        "pilot_injury": 0.2065,
        "pilot_skill": 0.4003,
        "mission_priority": 0.7401,
        "estimated_landing_time": 758.0,
        "wait_time": 0,
        "Landing_success_rate": 1.0
    },
    {
        "model": 0,
        "sequence": 4,
        "status": 1,
        "fuel": 5593,
        "fault": 0.0098,
        "weapon": 0,
        "pilot_injury": 0.4915,
        "pilot_skill": 0.8854,
        "mission_priority": 0.2329,
        "estimated_landing_time": 382.0,
        "wait_time": 0,
        "Landing_success_rate": 1.0
    },
    {
        "model": 1,
        "sequence": 11,
        "status": 1,
        "fuel": 5713,
        "fault": 0.0967,
        "weapon": 1,
        "pilot_injury": 0.3348,
        "pilot_skill": 0.5656,
        "mission_priority": 0.7824,
        "estimated_landing_time": 1040.0,
        "wait_time": 0,
        "Landing_success_rate": 1.0
    },
    {
        "model": 2,
        "sequence": 9,
        "status": 1,
        "fuel": 5886,
        "fault": 0.2181,
        "weapon": 1,
        "pilot_injury": 0.8099,
        "pilot_skill": 0.7512,
        "mission_priority": 0.7604,
        "estimated_landing_time": 852.0,
        "wait_time": 0,
        "Landing_success_rate": 1.0
    },
    {
        "model": 0,
        "sequence": 2,
        "status": 1,
        "fuel": 6399,
        "fault": 0.4991,
        "weapon": 1,
        "pilot_injury": 0.3868,
        "pilot_skill": 0.8987,
        "mission_priority": 0.1772,
        "estimated_landing_time": 194.0,
        "wait_time": 0,
        "Landing_success_rate": 1.0
    },
    {
        "model": 2,
        "sequence": 12,
        "status": 1,
        "fuel": 5602,
        "fault": 0.5513,
        "weapon": 1,
        "pilot_injury": 0.9893,
        "pilot_skill": 0.1965,
        "mission_priority": 0.5867,
        "estimated_landing_time": 1134.0,
        "wait_time": 0,
        "Landing_success_rate": 1.0
    },
    {
        "model": 2,
        "sequence": 7,
        "status": 1,
        "fuel": 6831,
        "fault": 0.5232,
        "weapon": 1,
        "pilot_injury": 0.3723,
        "pilot_skill": 0.0802,
        "mission_priority": 0.3617,
        "estimated_landing_time": 664.0,
        "wait_time": 0,
        "Landing_success_rate": 1.0
    },
    {
        "model": 2,
        "sequence": 3,
        "status": 1,
        "fuel": 6007,
        "fault": 0.7461,
        "weapon": 0,
        "pilot_injury": 0.715,
        "pilot_skill": 0.7494,
        "mission_priority": 0.436,
        "estimated_landing_time": 288.0,
        "wait_time": 0,
        "Landing_success_rate": 1.0
    }
]