[
    {
        "model": 2,
        "sequence": 5,
        "status": 1,
        "fuel": 5661,
        "fault": 0.9758,
        "weapon": 0,
        "pilot_injury": 0.1863,
        "pilot_skill": 0.9268,
        "mission_priority": 0.7057,
        "estimated_landing_time": 476.0,
        "wait_time": 0,
        "Landing_success_rate": 1.0
    },
    {
        "model": 1,
        "sequence": 11,
        "status": 1,
        "fuel": 5994,
        "fault": 0.4396,
        "weapon": 0,
        "pilot_injury": 0.0563,
        "pilot_skill": 0.4327,
        "mission_priority": 0.7779,
        "estimated_landing_time": 1040.0,
        "wait_time": 0,
        "Landing_success_rate": 1.0
    },
    {
        "model": 2,
        "sequence": 12,
        "status": 1,
        "fuel": 6740,
        "fault": 0.542,
        "weapon": 1,
        "pilot_injury": 0.3268,
        "pilot_skill": 0.1614,
        "mission_priority": 0.0131,
        "estimated_landing_time": 1134.0,
        "wait_time": 0,
        "Landing_success_rate": 1.0
    },
    {
        "model": 2,
        "sequence": 4,
        "status": 1,
        "fuel": 7174,
        "fault": 0.8342,
        "weapon": 1,
        "pilot_injury": 0.2293,
        "pilot_skill": 0.4184,
        "mission_priority": 0.8014,
        "estimated_landing_time": 382.0,
        "wait_time": 0,
        "Landing_success_rate": 1.0
    },
    {
        "model": 1,
        "sequence": 7,
        "status": 1,
        "fuel": 5883,
        "fault": 0.0504,
        "weapon": 0,
        "pilot_injury": 0.2672,
        "pilot_skill": 0.2176,
        "mission_priority": 0.8237,
        "estimated_landing_time": 664.0,
        "wait_time": 0,
        "Landing_success_rate": 1.0
    },
    {
        "model": 0,
        "sequence": 1,
        "status": 1,
        "fuel": 6743,
        "fault": 0.2822,
        "weapon": 0,
        "pilot_injury": 0.8601,
        "pilot_skill": 0.9869,
        "mission_priority": 0.2495,
        "estimated_landing_time": 100.0,
        "wait_time": 0,
        "Landing_success_rate": 1.0
    },
    {
        "model": 1,
        "sequence": 9,
        "status": 1,
        "fuel": 5511,
        "fault": 0.8561,
        "weapon": 1,
        "pilot_injury": 0.0351,
        "pilot_skill": 0.7917,
        "mission_priority": 0.8838,
        "estimated_landing_time": 852.0,
        "wait_time": 0,
        "Landing_success_rate": 1.0
    },
    {
        "model": 2,
        "sequence": 2,
        "status": 1,
        "fuel": 6575,
        "fault": 0.6838,
        "weapon": 0,
        "pilot_injury": 0.1232,
        "pilot_skill": 0.3821,
        "mission_priority": 0.8333,
        "estimated_landing_time": 194.0,
        "wait_time": 0,
        "Landing_success_rate": 1.0
    },
    {
        "model": 0,
        "sequence": 6,
        "status": 1,
        "fuel": 7077,
        "fault": 0.5594,
        "weapon": 0,
        "pilot_injury": 0.2743,
        "pilot_skill": 0.9899,
        "mission_priority": 0.6767,
        "estimated_landing_time": 570.0,
        "wait_time": 0,
        "Landing_success_rate": 1.0
    },
    {
        "model": 1,
        "sequence": 8,
        "status": 1,
        "fuel": 6525,
        "fault": 0.5374,
        "weapon": 0,
        "pilot_injury": 0.5397,
        "pilot_skill": 0.1487,
        "mission_priority": 0.3486,
        "estimated_landing_time": 758.0,
        "wait_time": 0,
        "Landing_success_rate": 1.0
    },
    {
        "model": 0,
        "sequence": 10,
        "status": 1,
        "fuel": 7494,
        "fault": 0.7785,
        "weapon": 0,
        "pilot_injury": 0.2687,
        "pilot_skill": 0.1212,
        "mission_priority": 0.5588,
        "estimated_landing_time": 946.0,
        "wait_time": 0,
        "Landing_success_rate": 1.0
    },
    {
        "model": 0,
        "sequence": 3,
        "status": 1,
        "fuel": 7338,
        "fault": 0.0756,
        "weapon": 0,
        "pilot_injury": 0.2635,
        "pilot_skill": 0.231,
        "mission_priority": 0.3992,
        "estimated_landing_time": 288.0,
        "wait_time": 0,
        "Landing_success_rate": 1.0
    }
]