[
    {
        "model": 1,
        "sequence": 6,
        "status": 1,
        "fuel": 7203,
        "fault": 0.6291,
        "weapon": 0,
        "pilot_injury": 0.6644,
        "pilot_skill": 0.5069,
        "mission_priority": 0.8258,
        "estimated_landing_time": 570.0,
        "wait_time": 0,
        "Landing_success_rate": 1.0
    },
    {
        "model": 2,
        "sequence": 3,
        "status": 1,
        "fuel": 6219,
        "fault": 0.1051,
        "weapon": 0,
        "pilot_injury": 0.1578,
        "pilot_skill": 0.0254,
        "mission_priority": 0.9832,
        "estimated_landing_time": 288.0,
        "wait_time": 0,
        "Landing_success_rate": 1.0
    },
    {
        "model": 0,
        "sequence": 9,
        "status": 1,
        "fuel": 6971,
        "fault": 0.8153,
        "weapon": 0,
        "pilot_injury": 0.9931,
        "pilot_skill": 0.7705,
        "mission_priority": 0.5174,
        "estimated_landing_time": 852.0,
        "wait_time": 0,
        "Landing_success_rate": 1.0
    },
    {
        "model": 0,
        "sequence": 5,
        "status": 1,
        "fuel": 6377,
        "fault": 0.2718,
        "weapon": 1,
        "pilot_injury": 0.5158,
        "pilot_skill": 0.9938,
        "mission_priority": 0.4905,
        "estimated_landing_time": 476.0,
        "wait_time": 0,
        "Landing_success_rate": 1.0
    },
    {
        "model": 0,
        "sequence": 8,
        "status": 1,
        "fuel": 6662,
        "fault": 0.9753,
        "weapon": 0,
        "pilot_injury": 0.0714,
        "pilot_skill": 0.087,
        "mission_priority": 0.6598,
        "estimated_landing_time": 758.0,
        "wait_time": 0,
        "Landing_success_rate": 1.0
    },
    {
        "model": 1,
        "sequence": 1,
        "status": 1,
        "fuel": 7277,
        "fault": 0.9706,
        "weapon": 0,
        "pilot_injury": 0.1446,
        "pilot_skill": 0.3971,
        "mission_priority": 0.1025,
        "estimated_landing_time": 100.0,
        "wait_time": 0,
        "Landing_success_rate": 1.0
    },
    {
        "model": 2,
        "sequence": 11,
        "status": 1,
        "fuel": 5602,
        "fault": 0.8547,
        "weapon": 1,
        "pilot_injury": 0.9706,
        "pilot_skill": 0.3951,
        "mission_priority": 0.9012,
        "estimated_landing_time": 1040.0,
        "wait_time": 0,
        "Landing_success_rate": 1.0
    },
    {
        "model": 1,
        "sequence": 10,
        "status": 1,
        "fuel": 7177,
        "fault": 0.3368,
        "weapon": 1,
        "pilot_injury": 0.455,
        "pilot_skill": 0.7789,
        "mission_priority": 0.1537,
        "estimated_landing_time": 946.0,
        "wait_time": 0,
        "Landing_success_rate": 1.0
    },
    {
        "model": 0,
        "sequence": 2,
        "status": 1,
        "fuel": 6330,
        "fault": 0.9671,
        "weapon": 0,
        "pilot_injury": 0.0311,
        "pilot_skill": 0.9723,
        "mission_priority": 0.6721,
        "estimated_landing_time": 194.0,
        "wait_time": 0,
        "Landing_success_rate": 1.0
    },
    {
        "model": 1,
        "sequence": 12,
        "status": 1,
        "fuel": 6081,
        "fault": 0.3716,
        "weapon": 1,
        "pilot_injury": 0.7232,
        "pilot_skill": 0.5631,
        "mission_priority": 0.7111,
        "estimated_landing_time": 1134.0,
        "wait_time": 0,
        "Landing_success_rate": 1.0
    },
    {
        "model": 1,
        "sequence": 7,
        "status": 1,
        "fuel": 6272,
        "fault": 0.9203,
        "weapon": 0,
        "pilot_injury": 0.315,
        "pilot_skill": 0.315,
        "mission_priority": 0.0087,
        "estimated_landing_time": 664.0,
        "wait_time": 0,
        "Landing_success_rate": 1.0
    },
    {
        "model": 0,
        "sequence": 4,
        "status": 1,
        "fuel": 7241,
        "fault": 0.0785,
        "weapon": 1,
        "pilot_injury": 0.7276,
        "pilot_skill": 0.624,
        "mission_priority": 0.239,
        "estimated_landing_time": 382.0,
        "wait_time": 0,
        "Landing_success_rate": 1.0
    }
]