[
    {
        "model": 0,
        "sequence": 8,
        "status": 1,
        "fuel": 6935,
        "fault": 0.7827,
        "weapon": 1,
        "pilot_injury": 0.3697,
        "pilot_skill": 0.2131,
        "mission_priority": 0.8849,
        "estimated_landing_time": 758.0,
        "wait_time": 0,
        "Landing_success_rate": 1.0
    },
    {
        "model": 0,
        "sequence": 5,
        "status": 1,
        "fuel": 5740,
        "fault": 0.5534,
        "weapon": 0,
        "pilot_injury": 0.5465,
        "pilot_skill": 0.3417,
        "mission_priority": 0.277,
        "estimated_landing_time": 476.0,
        "wait_time": 0,
        "Landing_success_rate": 1.0
    },
    {
        "model": 1,
        "sequence": 7,
        "status": 1,
        "fuel": 6202,
        "fault": 0.0576,
        "weapon": 0,
        "pilot_injury": 0.1907,
        "pilot_skill": 0.9129,
        "mission_priority": 0.4661,
        "estimated_landing_time": 664.0,
        "wait_time": 0,
        "Landing_success_rate": 1.0
    },
    {
        "model": 1,
        "sequence": 2,
        "status": 1,
        "fuel": 5693,
        "fault": 0.8347,
        "weapon": 0,
        "pilot_injury": 0.0163,
        "pilot_skill": 0.4319,
        "mission_priority": 0.3553,
        "estimated_landing_time": 194.0,
        "wait_time": 0,
        "Landing_success_rate": 1.0
    },
    {
        "model": 1,
        "sequence": 6,
        "status": 1,
        "fuel": 6706,
        "fault": 0.7059,
        "weapon": 1,
        "pilot_injury": 0.0313,
        "pilot_skill": 0.1521,
        "mission_priority": 0.1419,
        "estimated_landing_time": 570.0,
        "wait_time": 0,
        "Landing_success_rate": 1.0
    },
    {
        "model": 1,
        "sequence": 9,
        "status": 1,
        "fuel": 6512,
        "fault": 0.8338,
        "weapon": 0,
        "pilot_injury": 0.1671,
        "pilot_skill": 0.9742,
        "mission_priority": 0.6283,
        "estimated_landing_time": 852.0,
        "wait_time": 0,
        "Landing_success_rate": 1.0
    },
    {
        "model": 0,
        "sequence": 3,
        "status": 1,
        "fuel": 6442,
        "fault": 0.0121,
        "weapon": 1,
        "pilot_injury": 0.6697,
        "pilot_skill": 0.1378,
        "mission_priority": 0.6712,
        "estimated_landing_time": 288.0,
        "wait_time": 0,
        "Landing_success_rate": 1.0
    },
    {
        "model": 0,
        "sequence": 12,
        "status": 1,
        "fuel": 7449,
        "fault": 0.7652,
        "weapon": 0,
        "pilot_injury": 0.2141,
        "pilot_skill": 0.6253,
        "mission_priority": 0.5129,
        "estimated_landing_time": 1134.0,
        "wait_time": 0,
        "Landing_success_rate": 1.0
    },
    {
        "model": 2,
        "sequence": 11,
        "status": 1,
        "fuel": 5834,
        "fault": 0.8871,
        "weapon": 1,
        "pilot_injury": 0.6737,
        "pilot_skill": 0.5719,
        "mission_priority": 0.987,
        "estimated_landing_time": 1040.0,
        "wait_time": 0,
        "Landing_success_rate": 1.0
    },
    {
        "model": 2,
        "sequence": 4,
        "status": 1,
        "fuel": 5758,
        "fault": 0.0106,
        "weapon": 1,
        "pilot_injury": 0.7258,
        "pilot_skill": 0.2143,
        "mission_priority": 0.7823,
        "estimated_landing_time": 382.0,
        "wait_time": 0,
        "Landing_success_rate": 1.0
    },
    {
        "model": 1,
        "sequence": 1,
        "status": 1,
        "fuel": 7139,
        "fault": 0.1868,
        "weapon": 1,
        "pilot_injury": 0.7906,
        "pilot_skill": 0.2801,
        "mission_priority": 0.8371,
        "estimated_landing_time": 100.0,
        "wait_time": 0,
        "Landing_success_rate": 1.0
    },
    {
        "model": 2,
        "sequence": 10,
        "status": 1,
        "fuel": 7435,
        "fault": 0.6561,
        "weapon": 1,
        "pilot_injury": 0.4234,
        "pilot_skill": 0.926,
        "mission_priority": 0.2178,
        "estimated_landing_time": 946.0,
        "wait_time": 0,
        "Landing_success_rate": 1.0
    }
]