[
    {
        "model": 1,
        "sequence": 1,
        "status": 1,
        "fuel": 7098,
        "fault": 0.6747,
        "weapon": 0,
        "pilot_injury": 0.3937,
        "pilot_skill": 0.5255,
        "mission_priority": 0.5547,
        "estimated_landing_time": 100.0,
        "wait_time": 0,
        "Landing_success_rate": 1.0
    },
    {
        "model": 0,
        "sequence": 8,
        "status": 1,
        "fuel": 6408,
        "fault": 0.8071,
        "weapon": 0,
        "pilot_injury": 0.2083,
        "pilot_skill": 0.6076,
        "mission_priority": 0.759,
        "estimated_landing_time": 758.0,
        "wait_time": 0,
        "Landing_success_rate": 1.0
    },
    {
        "model": 2,
        "sequence": 9,
        "status": 1,
        "fuel": 6808,
        "fault": 0.0454,
        "weapon": 1,
        "pilot_injury": 0.0572,
        "pilot_skill": 0.5892,
        "mission_priority": 0.5836,
        "estimated_landing_time": 852.0,
        "wait_time": 0,
        "Landing_success_rate": 1.0
    },
    {
        "model": 1,
        "sequence": 4,
        "status": 1,
        "fuel": 7165,
        "fault": 0.0231,
        "weapon": 0,
        "pilot_injury": 0.9055,
        "pilot_skill": 0.5445,
        "mission_priority": 0.4364,
        "estimated_landing_time": 382.0,
        "wait_time": 0,
        "Landing_success_rate": 1.0
    },
    {
        "model": 0,
        "sequence": 7,
        "status": 1,
        "fuel": 5888,
        "fault": 0.912,
        "weapon": 1,
        "pilot_injury": 0.367,
        "pilot_skill": 0.8592,
        "mission_priority": 0.3092,
        "estimated_landing_time": 664.0,
        "wait_time": 0,
        "Landing_success_rate": 1.0
    },
    {
        "model": 0,
        "sequence": 10,
        "status": 1,
        "fuel": 6821,
        "fault": 0.2229,
        "weapon": 0,
        "pilot_injury": 0.825,
        "pilot_skill": 0.736,
        "mission_priority": 0.5301,
        "estimated_landing_time": 946.0,
        "wait_time": 0,
        "Landing_success_rate": 1.0
    },
    {
        "model": 2,
        "sequence": 2,
        "status": 1,
        "fuel": 6395,
        "fault": 0.4813,
        "weapon": 0,
        "pilot_injury": 0.3719,
        "pilot_skill": 0.8059,
        "mission_priority": 0.5336,
        "estimated_landing_time": 194.0,
        "wait_time": 0,
        "Landing_success_rate": 1.0
    },
    {
        "model": 0,
        "sequence": 3,
        "status": 1,
        "fuel": 6445,
        "fault": 0.242,
        "weapon": 0,
        "pilot_injury": 0.9531,
        "pilot_skill": 0.06,
        "mission_priority": 0.3914,
        "estimated_landing_time": 288.0,
        "wait_time": 0,
        "Landing_success_rate": 1.0
    },
    {
        "model": 2,
        "sequence": 5,
        "status": 1,
        "fuel": 5985,
        "fault": 0.9013,
        "weapon": 0,
        "pilot_injury": 0.8677,
        "pilot_skill": 0.2841,
        "mission_priority": 0.783,
        "estimated_landing_time": 476.0,
        "wait_time": 0,
        "Landing_success_rate": 1.0
    },
    {
        "model": 1,
        "sequence": 6,
        "status": 1,
        "fuel": 6350,
        "fault": 0.8784,
        "weapon": 0,
        "pilot_injury": 0.1921,
        "pilot_skill": 0.2207,
        "mission_priority": 0.0473,
        "estimated_landing_time": 570.0,
        "wait_time": 0,
        "Landing_success_rate": 1.0
    },
    {
        "model": 2,
        "sequence": 11,
        "status": 1,
        "fuel": 6626,
        "fault": 0.4267,
        "weapon": 1,
        "pilot_injury": 0.8331,
        "pilot_skill": 0.3664,
        "mission_priority": 0.7546,
        "estimated_landing_time": 1040.0,
        "wait_time": 0,
        "Landing_success_rate": 1.0
    },
    {
        "model": 0,
        "sequence": 12,
        "status": 1,
        "fuel": 6034,
        "fault": 0.5826,
        "weapon": 1,
        "pilot_injury": 0.9763,
        "pilot_skill": 0.2398,
        "mission_priority": 0.8623,
        "estimated_landing_time": 1134.0,
        "wait_time": 0,
        "Landing_success_rate": 1.0
    }
]