[
    {
        "model": 1,
        "sequence": 8,
        "status": 1,
        "fuel": 6008,
        "fault": 0.5872,
        "weapon": 1,
        "pilot_injury": 0.8941,
        "pilot_skill": 0.0576,
        "mission_priority": 0.1691,
        "estimated_landing_time": 758.0,
        "wait_time": 0,
        "Landing_success_rate": 1.0
    },
    {
        "model": 1,
        "sequence": 11,
        "status": 1,
        "fuel": 5545,
        "fault": 0.5456,
        "weapon": 0,
        "pilot_injury": 0.1332,
        "pilot_skill": 0.5021,
        "mission_priority": 0.7808,
        "estimated_landing_time": 1040.0,
        "wait_time": 0,
        "Landing_success_rate": 1.0
    },
    {
        "model": 1,
        "sequence": 12,
        "status": 1,
        "fuel": 6205,
        "fault": 0.1036,
        "weapon": 0,
        "pilot_injury": 0.053,
        "pilot_skill": 0.7822,
        "mission_priority": 0.6158,
        "estimated_landing_time": 1134.0,
        "wait_time": 0,
        "Landing_success_rate": 1.0
    },
    {
        "model": 2,
        "sequence": 9,
        "status": 1,
        "fuel": 7434,
        "fault": 0.175,
        "weapon": 0,
        "pilot_injury": 0.7824,
        "pilot_skill": 0.9339,
        "mission_priority": 0.3678,
        "estimated_landing_time": 852.0,
        "wait_time": 0,
        "Landing_success_rate": 1.0
    },
    {
        "model": 2,
        "sequence": 6,
        "status": 1,
        "fuel": 6259,
        "fault": 0.6732,
        "weapon": 0,
        "pilot_injury": 0.5252,
        "pilot_skill": 0.8904,
        "mission_priority": 0.0032,
        "estimated_landing_time": 570.0,
        "wait_time": 0,
        "Landing_success_rate": 1.0
    },
    {
        "model": 1,
        "sequence": 1,
        "status": 1,
        "fuel": 7373,
        "fault": 0.8137,
        "weapon": 1,
        "pilot_injury": 0.1783,
        "pilot_skill": 0.9079,
        "mission_priority": 0.6476,
        "estimated_landing_time": 100.0,
        "wait_time": 0,
        "Landing_success_rate": 1.0
    },
    {
        "model": 1,
        "sequence": 5,
        "status": 1,
        "fuel": 6059,
        "fault": 0.7893,
        "weapon": 0,
        "pilot_injury": 0.4509,
        "pilot_skill": 0.5587,
        "mission_priority": 0.0028,
        "estimated_landing_time": 476.0,
        "wait_time": 0,
        "Landing_success_rate": 1.0
    },
    {
        "model": 0,
        "sequence": 2,
        "status": 1,
        "fuel": 6735,
        "fault": 0.2912,
        "weapon": 1,
        "pilot_injury": 0.6897,
        "pilot_skill": 0.479,
        "mission_priority": 0.3018,
        "estimated_landing_time": 194.0,
        "wait_time": 0,
        "Landing_success_rate": 1.0
    },
    {
        "model": 2,
        "sequence": 4,
        "status": 1,
        "fuel": 6576,
        "fault": 0.6754,
        "weapon": 1,
        "pilot_injury": 0.9251,
        "pilot_skill": 0.054,
        "mission_priority": 0.8654,
        "estimated_landing_time": 382.0,
        "wait_time": 0,
        "Landing_success_rate": 1.0
    },
    {
        "model": 0,
        "sequence": 10,
        "status": 1,
        "fuel": 5718,
        "fault": 0.8166,
        "weapon": 1,
        "pilot_injury": 0.3026,
        "pilot_skill": 0.9667,
        "mission_priority": 0.2819,
        "estimated_landing_time": 946.0,
        "wait_time": 0,
        "Landing_success_rate": 1.0
    },
    {
        "model": 2,
        "sequence": 7,
        "status": 1,
        "fuel": 6852,
        "fault": 0.8454,
        "weapon": 1,
        "pilot_injury": 0.8811,
        "pilot_skill": 0.5363,
        "mission_priority": 0.9904,
        "estimated_landing_time": 664.0,
        "wait_time": 0,
        "Landing_success_rate": 1.0
    },
    {
        "model": 1,
        "sequence": 3,
        "status": 1,
        "fuel": 5920,
        "fault": 0.3294,
        "weapon": 0,
        "pilot_injury": 0.4056,
        "pilot_skill": 0.3345,
        "mission_priority": 0.344,
        "estimated_landing_time": 288.0,
        "wait_time": 0,
        "Landing_success_rate": 1.0
    }
]