[
    {
        "model": 1,
        "sequence": 1,
        "status": 1,
        "fuel": 6922,
        "fault": 0.6822,
        "weapon": 0,
        "pilot_injury": 0.3616,
        "pilot_skill": 0.2203,
        "mission_priority": 0.5073,
        "estimated_landing_time": 100.0,
        "wait_time": 0,
        "Landing_success_rate": 1.0
    },
    {
        "model": 2,
        "sequence": 11,
        "status": 1,
        "fuel": 5844,
        "fault": 0.7467,
        "weapon": 0,
        "pilot_injury": 0.2945,
        "pilot_skill": 0.8865,
        "mission_priority": 0.4976,
        "estimated_landing_time": 1040.0,
        "wait_time": 0,
        "Landing_success_rate": 1.0
    },
    {
        "model": 0,
        "sequence": 7,
        "status": 1,
        "fuel": 7192,
        "fault": 0.2608,
        "weapon": 1,
        "pilot_injury": 0.1753,
        "pilot_skill": 0.8494,
        "mission_priority": 0.2129,
        "estimated_landing_time": 664.0,
        "wait_time": 0,
        "Landing_success_rate": 1.0
    },
    {
        "model": 1,
        "sequence": 4,
        "status": 1,
        "fuel": 5639,
        "fault": 0.4272,
        "weapon": 0,
        "pilot_injury": 0.7482,
        "pilot_skill": 0.9076,
        "mission_priority": 0.9816,
        "estimated_landing_time": 382.0,
        "wait_time": 0,
        "Landing_success_rate": 1.0
    },
    {
        "model": 0,
        "sequence": 3,
        "status": 1,
        "fuel": 5832,
        "fault": 0.5519,
        "weapon": 1,
        "pilot_injury": 0.9814,
        "pilot_skill": 0.8615,
        "mission_priority": 0.0451,
        "estimated_landing_time": 288.0,
        "wait_time": 0,
        "Landing_success_rate": 1.0
    },
    {
        "model": 0,
        "sequence": 10,
        "status": 1,
        "fuel": 7123,
        "fault": 0.273,
        "weapon": 1,
        "pilot_injury": 0.994,
        "pilot_skill": 0.1389,
        "mission_priority": 0.5593,
        "estimated_landing_time": 946.0,
        "wait_time": 0,
        "Landing_success_rate": 1.0
    },
    {
        "model": 1,
        "sequence": 5,
        "status": 1,
        "fuel": 5676,
        "fault": 0.8946,
        "weapon": 0,
        "pilot_injury": 0.8473,
        "pilot_skill": 0.2458,
        "mission_priority": 0.5726,
        "estimated_landing_time": 476.0,
        "wait_time": 0,
        "Landing_success_rate": 1.0
    },
    {
        "model": 0,
        "sequence": 6,
        "status": 1,
        "fuel": 6614,
        "fault": 0.1101,
        "weapon": 1,
        "pilot_injury": 0.6883,
        "pilot_skill": 0.7549,
        "mission_priority": 0.3225,
        "estimated_landing_time": 570.0,
        "wait_time": 0,
        "Landing_success_rate": 1.0
    },
    {
        "model": 0,
        "sequence": 9,
        "status": 1,
        "fuel": 7257,
        "fault": 0.7381,
        "weapon": 1,
        "pilot_injury": 0.4281,
        "pilot_skill": 0.8899,
        "mission_priority": 0.019,
        "estimated_landing_time": 852.0,
        "wait_time": 0,
        "Landing_success_rate": 1.0
    },
    {
        "model": 1,
        "sequence": 12,
        "status": 1,
        "fuel": 5856,
        "fault": 0.9049,
        "weapon": 0,
        "pilot_injury": 0.1986,
        "pilot_skill": 0.8386,
        "mission_priority": 0.6965,
        "estimated_landing_time": 1134.0,
        "wait_time": 0,
        "Landing_success_rate": 1.0
    },
    {
        "model": 1,
        "sequence": 8,
        "status": 1,
        "fuel": 7389,
        "fault": 0.8321,
        "weapon": 1,
        "pilot_injury": 0.4669,
        "pilot_skill": 0.1425,
        "mission_priority": 0.7998,
        "estimated_landing_time": 758.0,
        "wait_time": 0,
        "Landing_success_rate": 1.0
    },
    {
        "model": 2,
        "sequence": 2,
        "status": 1,
        "fuel": 5622,
        "fault": 0.3653,
        "weapon": 0,
        "pilot_injury": 0.1921,
        "pilot_skill": 0.3151,
        "mission_priority": 0.0952,
        "estimated_landing_time": 194.0,
        "wait_time": 0,
        "Landing_success_rate": 1.0
    }
]