[
    {
        "model": 2,
        "sequence": 7,
        "status": 1,
        "fuel": 6210,
        "fault": 0.8773,
        "weapon": 1,
        "pilot_injury": 0.5483,
        "pilot_skill": 0.0929,
        "mission_priority": 0.3775,
        "estimated_landing_time": 664.0,
        "wait_time": 0,
        "Landing_success_rate": 1.0
    },
    {
        "model": 2,
        "sequence": 4,
        "status": 1,
        "fuel": 5543,
        "fault": 0.6512,
        "weapon": 1,
        "pilot_injury": 0.6612,
        "pilot_skill": 0.7035,
        "mission_priority": 0.1368,
        "estimated_landing_time": 382.0,
        "wait_time": 0,
        "Landing_success_rate": 1.0
    },
    {
        "model": 0,
        "sequence": 1,
        "status": 1,
        "fuel": 7346,
        "fault": 0.5378,
        "weapon": 1,
        "pilot_injury": 0.8891,
        "pilot_skill": 0.4493,
        "mission_priority": 0.8939,
        "estimated_landing_time": 100.0,
        "wait_time": 0,
        "Landing_success_rate": 1.0
    },
    {
        "model": 0,
        "sequence": 3,
        "status": 1,
        "fuel": 7407,
        "fault": 0.6638,
        "weapon": 1,
        "pilot_injury": 0.3811,
        "pilot_skill": 0.9328,
        "mission_priority": 0.7152,
        "estimated_landing_time": 288.0,
        "wait_time": 0,
        "Landing_success_rate": 1.0
    },
    {
        "model": 2,
        "sequence": 8,
        "status": 1,
        "fuel": 6708,
        "fault": 0.4255,
        "weapon": 0,
        "pilot_injury": 0.6093,
        "pilot_skill": 0.1159,
        "mission_priority": 0.2915,
        "estimated_landing_time": 758.0,
        "wait_time": 0,
        "Landing_success_rate": 1.0
    },
    {
        "model": 2,
        "sequence": 10,
        "status": 1,
        "fuel": 7109,
        "fault": 0.6708,
        "weapon": 1,
        "pilot_injury": 0.0933,
        "pilot_skill": 0.7076,
        "mission_priority": 0.734,
        "estimated_landing_time": 946.0,
        "wait_time": 0,
        "Landing_success_rate": 1.0
    },
    {
        "model": 1,
        "sequence": 6,
        "status": 1,
        "fuel": 5969,
        "fault": 0.657,
        "weapon": 0,
        "pilot_injury": 0.4689,
        "pilot_skill": 0.0218,
        "mission_priority": 0.7893,
        "estimated_landing_time": 570.0,
        "wait_time": 0,
        "Landing_success_rate": 1.0
    },
    {
        "model": 2,
        "sequence": 11,
        "status": 1,
        "fuel": 6275,
        "fault": 0.6022,
        "weapon": 0,
        "pilot_injury": 0.8026,
        "pilot_skill": 0.6614,
        "mission_priority": 0.3249,
        "estimated_landing_time": 1040.0,
        "wait_time": 0,
        "Landing_success_rate": 1.0
    },
    {
        "model": 2,
        "sequence": 12,
        "status": 1,
        "fuel": 6133,
        "fault": 0.8349,
        "weapon": 1,
        "pilot_injury": 0.3389,
        "pilot_skill": 0.8481,
        "mission_priority": 0.4835,
        "estimated_landing_time": 1134.0,
        "wait_time": 0,
        "Landing_success_rate": 1.0
    },
    {
        "model": 1,
        "sequence": 5,
        "status": 1,
        "fuel": 7377,
        "fault": 0.2395,
        "weapon": 0,
        "pilot_injury": 0.141,
        "pilot_skill": 0.9773,
        "mission_priority": 0.5878,
        "estimated_landing_time": 476.0,
        "wait_time": 0,
        "Landing_success_rate": 1.0
    },
    {
        "model": 1,
        "sequence": 9,
        "status": 1,
        "fuel": 6517,
        "fault": 0.3803,
        "weapon": 1,
        "pilot_injury": 0.2153,
        "pilot_skill": 0.7187,
        "mission_priority": 0.0848,
        "estimated_landing_time": 852.0,
        "wait_time": 0,
        "Landing_success_rate": 1.0
    },
    {
        "model": 1,
        "sequence": 2,
        "status": 1,
        "fuel": 6120,
        "fault": 0.5708,
        "weapon": 1,
        "pilot_injury": 0.2511,
        "pilot_skill": 0.2849,
        "mission_priority": 0.6472,
        "estimated_landing_time": 194.0,
        "wait_time": 0,
        "Landing_success_rate": 1.0
    }
]