[
    {
        "model": 1,
        "sequence": 1,
        "status": 1,
        "fuel": 6178,
        "fault": 0.1916,
        "weapon": 1,
        "pilot_injury": 0.5248,
        "pilot_skill": 0.036,
        "mission_priority": 0.0297,
        "estimated_landing_time": 100.0,
        "wait_time": 0,
        "Landing_success_rate": 1.0
    },
    {
        "model": 1,
        "sequence": 2,
        "status": 1,
        "fuel": 5756,
        "fault": 0.5401,
        "weapon": 1,
        "pilot_injury": 0.5727,
        "pilot_skill": 0.1636,
        "mission_priority": 0.7769,
        "estimated_landing_time": 194.0,
        "wait_time": 0,
        "Landing_success_rate": 1.0
    },
    {
        "model": 0,
        "sequence": 7,
        "status": 1,
        "fuel": 5609,
        "fault": 0.3484,
        "weapon": 1,
        "pilot_injury": 0.3041,
        "pilot_skill": 0.6607,
        "mission_priority": 0.279,
        "estimated_landing_time": 664.0,
        "wait_time": 0,
        "Landing_success_rate": 1.0
    },
    {
        "model": 2,
        "sequence": 9,
        "status": 1,
        "fuel": 5633,
        "fault": 0.1205,
        "weapon": 0,
        "pilot_injury": 0.947,
        "pilot_skill": 0.6837,
        "mission_priority": 0.7978,
        "estimated_landing_time": 852.0,
        "wait_time": 0,
        "Landing_success_rate": 1.0
    },
    {
        "model": 1,
        "sequence": 6,
        "status": 1,
        "fuel": 6736,
        "fault": 0.3765,
        "weapon": 0,
        "pilot_injury": 0.6181,
        "pilot_skill": 0.0916,
        "mission_priority": 0.1132,
        "estimated_landing_time": 570.0,
        "wait_time": 0,
        "Landing_success_rate": 1.0
    },
    {
        "model": 2,
        "sequence": 10,
        "status": 1,
        "fuel": 7030,
        "fault": 0.9907,
        "weapon": 1,
        "pilot_injury": 0.1417,
        "pilot_skill": 0.4677,
        "mission_priority": 0.357,
        "estimated_landing_time": 946.0,
        "wait_time": 0,
        "Landing_success_rate": 1.0
    },
    {
        "model": 2,
        "sequence": 8,
        "status": 1,
        "fuel": 7283,
        "fault": 0.0288,
        "weapon": 0,
        "pilot_injury": 0.6847,
        "pilot_skill": 0.5155,
        "mission_priority": 0.4643,
        "estimated_landing_time": 758.0,
        "wait_time": 0,
        "Landing_success_rate": 1.0
    },
    {
        "model": 0,
        "sequence": 4,
        "status": 1,
        "fuel": 7068,
        "fault": 0.3403,
        "weapon": 1,
        "pilot_injury": 0.3309,
        "pilot_skill": 0.2594,
        "mission_priority": 0.7433,
        "estimated_landing_time": 382.0,
        "wait_time": 0,
        "Landing_success_rate": 1.0
    },
    {
        "model": 2,
        "sequence": 11,
        "status": 1,
        "fuel": 6844,
        "fault": 0.4463,
        "weapon": 1,
        "pilot_injury": 0.3279,
        "pilot_skill": 0.7019,
        "mission_priority": 0.0451,
        "estimated_landing_time": 1040.0,
        "wait_time": 0,
        "Landing_success_rate": 1.0
    },
    {
        "model": 1,
        "sequence": 5,
        "status": 1,
        "fuel": 7482,
        "fault": 0.7695,
        "weapon": 1,
        "pilot_injury": 0.8167,
        "pilot_skill": 0.9671,
        "mission_priority": 0.4609,
        "estimated_landing_time": 476.0,
        "wait_time": 0,
        "Landing_success_rate": 1.0
    },
    {
        "model": 0,
        "sequence": 12,
        "status": 1,
        "fuel": 5596,
        "fault": 0.0916,
        "weapon": 1,
        "pilot_injury": 0.9674,
        "pilot_skill": 0.8111,
        "mission_priority": 0.0775,
        "estimated_landing_time": 1134.0,
        "wait_time": 0,
        "Landing_success_rate": 1.0
    },
    {
        "model": 0,
        "sequence": 3,
        "status": 1,
        "fuel": 5902,
        "fault": 0.2021,
        "weapon": 0,
        "pilot_injury": 0.0164,
        "pilot_skill": 0.2513,
        "mission_priority": 0.9218,
        "estimated_landing_time": 288.0,
        "wait_time": 0,
        "Landing_success_rate": 1.0
    }
]