[
    {
        "model": 1,
        "sequence": 3,
        "status": 1,
        "fuel": 6134,
        "fault": 0.0854,
        "weapon": 1,
        "pilot_injury": 0.4857,
        "pilot_skill": 0.9607,
        "mission_priority": 0.4736,
        "estimated_landing_time": 288.0,
        "wait_time": 0,
        "Landing_success_rate": 1.0
    },
    {
        "model": 2,
        "sequence": 2,
        "status": 1,
        "fuel": 7080,
        "fault": 0.7056,
        "weapon": 1,
        "pilot_injury": 0.8851,
        "pilot_skill": 0.9549,
        "mission_priority": 0.9501,
        "estimated_landing_time": 194.0,
        "wait_time": 0,
        "Landing_success_rate": 1.0
    },
    {
        "model": 0,
        "sequence": 6,
        "status": 1,
        "fuel": 6383,
        "fault": 0.8529,
        "weapon": 0,
        "pilot_injury": 0.1827,
        "pilot_skill": 0.1232,
        "mission_priority": 0.0598,
        "estimated_landing_time": 570.0,
        "wait_time": 0,
        "Landing_success_rate": 1.0
    },
    {
        "model": 0,
        "sequence": 8,
        "status": 1,
        "fuel": 7237,
        "fault": 0.906,
        "weapon": 0,
        "pilot_injury": 0.8091,
        "pilot_skill": 0.5678,
        "mission_priority": 0.9987,
        "estimated_landing_time": 758.0,
        "wait_time": 0,
        "Landing_success_rate": 1.0
    },
    {
        "model": 1,
        "sequence": 11,
        "status": 1,
        "fuel": 5601,
        "fault": 0.7966,
        "weapon": 0,
        "pilot_injury": 0.4646,
        "pilot_skill": 0.1522,
        "mission_priority": 0.5156,
        "estimated_landing_time": 1040.0,
        "wait_time": 0,
        "Landing_success_rate": 1.0
    },
    {
        "model": 2,
        "sequence": 10,
        "status": 1,
        "fuel": 6431,
        "fault": 0.3811,
        "weapon": 0,
        "pilot_injury": 0.9426,
        "pilot_skill": 0.342,
        "mission_priority": 0.1528,
        "estimated_landing_time": 946.0,
        "wait_time": 0,
        "Landing_success_rate": 1.0
    },
    {
        "model": 0,
        "sequence": 5,
        "status": 1,
        "fuel": 5930,
        "fault": 0.0155,
        "weapon": 0,
        "pilot_injury": 0.1938,
        "pilot_skill": 0.1966,
        "mission_priority": 0.9895,
        "estimated_landing_time": 476.0,
        "wait_time": 0,
        "Landing_success_rate": 1.0
    },
    {
        "model": 0,
        "sequence": 7,
        "status": 1,
        "fuel": 6282,
        "fault": 0.865,
        "weapon": 1,
        "pilot_injury": 0.4703,
        "pilot_skill": 0.435,
        "mission_priority": 0.295,
        "estimated_landing_time": 664.0,
        "wait_time": 0,
        "Landing_success_rate": 1.0
    },
    {
        "model": 0,
        "sequence": 1,
        "status": 1,
        "fuel": 6144,
        "fault": 0.3267,
        "weapon": 0,
        "pilot_injury": 0.2611,
        "pilot_skill": 0.0951,
        "mission_priority": 0.1369,
        "estimated_landing_time": 100.0,
        "wait_time": 0,
        "Landing_success_rate": 1.0
    },
    {
        "model": 0,
        "sequence": 12,
        "status": 1,
        "fuel": 6583,
        "fault": 0.1867,
        "weapon": 0,
        "pilot_injury": 0.1319,
        "pilot_skill": 0.3403,
        "mission_priority": 0.5142,
        "estimated_landing_time": 1134.0,
        "wait_time": 0,
        "Landing_success_rate": 1.0
    },
    {
        "model": 2,
        "sequence": 4,
        "status": 1,
        "fuel": 7329,
        "fault": 0.1443,
        "weapon": 0,
        "pilot_injury": 0.176,
        "pilot_skill": 0.1587,
        "mission_priority": 0.4123,
        "estimated_landing_time": 382.0,
        "wait_time": 0,
        "Landing_success_rate": 1.0
    },
    {
        "model": 0,
        "sequence": 9,
        "status": 1,
        "fuel": 7196,
        "fault": 0.1804,
        "weapon": 0,
        "pilot_injury": 0.4015,
        "pilot_skill": 0.343,
        "mission_priority": 0.5091,
        "estimated_landing_time": 852.0,
        "wait_time": 0,
        "Landing_success_rate": 1.0
    }
]