[
    {
        "model": 1,
        "sequence": 9,
        "status": 1,
        "fuel": 6456,
        "fault": 0.0789,
        "weapon": 1,
        "pilot_injury": 0.2842,
        "pilot_skill": 0.9041,
        "mission_priority": 0.1848,
        "estimated_landing_time": 852.0,
        "wait_time": 0,
        "Landing_success_rate": 1.0
    },
    {
        "model": 1,
        "sequence": 12,
        "status": 1,
        "fuel": 5882,
        "fault": 0.4918,
        "weapon": 1,
        "pilot_injury": 0.5387,
        "pilot_skill": 0.8764,
        "mission_priority": 0.1249,
        "estimated_landing_time": 1134.0,
        "wait_time": 0,
        "Landing_success_rate": 1.0
    },
    {
        "model": 0,
        "sequence": 1,
        "status": 1,
        "fuel": 5705,
        "fault": 0.8557,
        "weapon": 0,
        "pilot_injury": 0.0081,
        "pilot_skill": 0.4433,
        "mission_priority": 0.369,
        "estimated_landing_time": 100.0,
        "wait_time": 0,
        "Landing_success_rate": 1.0
    },
    {
        "model": 0,
        "sequence": 11,
        "status": 1,
        "fuel": 7013,
        "fault": 0.4592,
        "weapon": 0,
        "pilot_injury": 0.0858,
        "pilot_skill": 0.3275,
        "mission_priority": 0.4441,
        "estimated_landing_time": 1040.0,
        "wait_time": 0,
        "Landing_success_rate": 1.0
    },
    {
        "model": 0,
        "sequence": 3,
        "status": 1,
        "fuel": 7398,
        "fault": 0.2586,
        "weapon": 0,
        "pilot_injury": 0.4434,
        "pilot_skill": 0.0272,
        "mission_priority": 0.7101,
        "estimated_landing_time": 288.0,
        "wait_time": 0,
        "Landing_success_rate": 1.0
    },
    {
        "model": 0,
        "sequence": 7,
        "status": 1,
        "fuel": 6264,
        "fault": 0.3494,
        "weapon": 1,
        "pilot_injury": 0.5811,
        "pilot_skill": 0.1629,
        "mission_priority": 0.2206,
        "estimated_landing_time": 664.0,
        "wait_time": 0,
        "Landing_success_rate": 1.0
    },
    {
        "model": 2,
        "sequence": 5,
        "status": 1,
        "fuel": 7017,
        "fault": 0.1885,
        "weapon": 0,
        "pilot_injury": 0.9281,
        "pilot_skill": 0.5218,
        "mission_priority": 0.1921,
        "estimated_landing_time": 476.0,
        "wait_time": 0,
        "Landing_success_rate": 1.0
    },
    {
        "model": 1,
        "sequence": 8,
        "status": 1,
        "fuel": 6390,
        "fault": 0.357,
        "weapon": 1,
        "pilot_injury": 0.6233,
        "pilot_skill": 0.44,
        "mission_priority": 0.3924,
        "estimated_landing_time": 758.0,
        "wait_time": 0,
        "Landing_success_rate": 1.0
    },
    {
        "model": 2,
        "sequence": 4,
        "status": 1,
        "fuel": 6944,
        "fault": 0.6822,
        "weapon": 0,
        "pilot_injury": 0.0789,
        "pilot_skill": 0.0244,
        "mission_priority": 0.2513,
        "estimated_landing_time": 382.0,
        "wait_time": 0,
        "Landing_success_rate": 1.0
    },
    {
        "model": 0,
        "sequence": 6,
        "status": 1,
        "fuel": 6338,
        "fault": 0.7258,
        "weapon": 1,
        "pilot_injury": 0.7729,
        "pilot_skill": 0.7163,
        "mission_priority": 0.6109,
        "estimated_landing_time": 570.0,
        "wait_time": 0,
        "Landing_success_rate": 1.0
    },
    {
        "model": 2,
        "sequence": 2,
        "status": 1,
        "fuel": 6687,
        "fault": 0.8529,
        "weapon": 0,
        "pilot_injury": 0.8851,
        "pilot_skill": 0.3992,
        "mission_priority": 0.4009,
        "estimated_landing_time": 194.0,
        "wait_time": 0,
        "Landing_success_rate": 1.0
    },
    {
        "model": 2,
        "sequence": 10,
        "status": 1,
        "fuel": 7428,
        "fault": 0.622,
        "weapon": 0,
        "pilot_injury": 0.9755,
        "pilot_skill": 0.1385,
        "mission_priority": 0.3409,
        "estimated_landing_time": 946.0,
        "wait_time": 0,
        "Landing_success_rate": 1.0
    }
]