[
    {
        "model": 2,
        "sequence": 3,
        "status": 1,
        "fuel": 6869,
        "fault": 0.2657,
        "weapon": 1,
        "pilot_injury": 0.7404,
        "pilot_skill": 0.7993,
        "mission_priority": 0.7254,
        "estimated_landing_time": 288.0,
        "wait_time": 0,
        "Landing_success_rate": 1.0
    },
    {
        "model": 0,
        "sequence": 2,
        "status": 1,
        "fuel": 7149,
        "fault": 0.466,
        "weapon": 0,
        "pilot_injury": 0.0107,
        "pilot_skill": 0.3051,
        "mission_priority": 0.3988,
        "estimated_landing_time": 194.0,
        "wait_time": 0,
        "Landing_success_rate": 1.0
    },
    {
        "model": 2,
        "sequence": 4,
        "status": 1,
        "fuel": 7152,
        "fault": 0.7983,
        "weapon": 0,
        "pilot_injury": 0.0113,
        "pilot_skill": 0.3523,
        "mission_priority": 0.4989,
        "estimated_landing_time": 382.0,
        "wait_time": 0,
        "Landing_success_rate": 1.0
    },
    {
        "model": 2,
        "sequence": 10,
        "status": 1,
        "fuel": 6098,
        "fault": 0.3283,
        "weapon": 1,
        "pilot_injury": 0.1809,
        "pilot_skill": 0.1851,
        "mission_priority": 0.1634,
        "estimated_landing_time": 946.0,
        "wait_time": 0,
        "Landing_success_rate": 1.0
    },
    {
        "model": 1,
        "sequence": 11,
        "status": 1,
        "fuel": 5945,
        "fault": 0.338,
        "weapon": 0,
        "pilot_injury": 0.1272,
        "pilot_skill": 0.538,
        "mission_priority": 0.2476,
        "estimated_landing_time": 1040.0,
        "wait_time": 0,
        "Landing_success_rate": 1.0
    },
    {
        "model": 2,
        "sequence": 7,
        "status": 1,
        "fuel": 6578,
        "fault": 0.991,
        "weapon": 0,
        "pilot_injury": 0.2742,
        "pilot_skill": 0.5111,
        "mission_priority": 0.9792,
        "estimated_landing_time": 664.0,
        "wait_time": 0,
        "Landing_success_rate": 1.0
    },
    {
        "model": 2,
        "sequence": 6,
        "status": 1,
        "fuel": 6953,
        "fault": 0.9332,
        "weapon": 0,
        "pilot_injury": 0.932,
        "pilot_skill": 0.8769,
        "mission_priority": 0.3943,
        "estimated_landing_time": 570.0,
        "wait_time": 0,
        "Landing_success_rate": 1.0
    },
    {
        "model": 1,
        "sequence": 5,
        "status": 1,
        "fuel": 5986,
        "fault": 0.142,
        "weapon": 0,
        "pilot_injury": 0.7125,
        "pilot_skill": 0.9729,
        "mission_priority": 0.5375,
        "estimated_landing_time": 476.0,
        "wait_time": 0,
        "Landing_success_rate": 1.0
    },
    {
        "model": 1,
        "sequence": 12,
        "status": 1,
        "fuel": 7094,
        "fault": 0.7028,
        "weapon": 1,
        "pilot_injury": 0.6338,
        "pilot_skill": 0.5904,
        "mission_priority": 0.6519,
        "estimated_landing_time": 1134.0,
        "wait_time": 0,
        "Landing_success_rate": 1.0
    },
    {
        "model": 2,
        "sequence": 1,
        "status": 1,
        "fuel": 6748,
        "fault": 0.4776,
        "weapon": 1,
        "pilot_injury": 0.5949,
        "pilot_skill": 0.2075,
        "mission_priority": 0.2083,
        "estimated_landing_time": 100.0,
        "wait_time": 0,
        "Landing_success_rate": 1.0
    },
    {
        "model": 1,
        "sequence": 8,
        "status": 1,
        "fuel": 6493,
        "fault": 0.0099,
        "weapon": 1,
        "pilot_injury": 0.6063,
        "pilot_skill": 0.8458,
        "mission_priority": 0.2957,
        "estimated_landing_time": 758.0,
        "wait_time": 0,
        "Landing_success_rate": 1.0
    },
    {
        "model": 0,
        "sequence": 9,
        "status": 1,
        "fuel": 6227,
        "fault": 0.7796,
        "weapon": 1,
        "pilot_injury": 0.395,
        "pilot_skill": 0.0953,
        "mission_priority": 0.257,
        "estimated_landing_time": 852.0,
        "wait_time": 0,
        "Landing_success_rate": 1.0
    }
]