[
    {
        "model": 1,
        "sequence": 9,
        "status": 1,
        "fuel": 6407,
        "fault": 0.9597,
        "weapon": 0,
        "pilot_injury": 0.897,
        "pilot_skill": 0.8821,
        "mission_priority": 0.4247,
        "estimated_landing_time": 852.0,
        "wait_time": 0,
        "Landing_success_rate": 1.0
    },
    {
        "model": 1,
        "sequence": 5,
        "status": 1,
        "fuel": 6111,
        "fault": 0.2618,
        "weapon": 1,
        "pilot_injury": 0.2574,
        "pilot_skill": 0.9257,
        "mission_priority": 0.141,
        "estimated_landing_time": 476.0,
        "wait_time": 0,
        "Landing_success_rate": 1.0
    },
    {
        "model": 1,
        "sequence": 2,
        "status": 1,
        "fuel": 5884,
        "fault": 0.2786,
        "weapon": 1,
        "pilot_injury": 0.4566,
        "pilot_skill": 0.1746,
        "mission_priority": 0.6615,
        "estimated_landing_time": 194.0,
        "wait_time": 0,
        "Landing_success_rate": 1.0
    },
    {
        "model": 0,
        "sequence": 1,
        "status": 1,
        "fuel": 7433,
        "fault": 0.7056,
        "weapon": 1,
        "pilot_injury": 0.2645,
        "pilot_skill": 0.0665,
        "mission_priority": 0.5193,
        "estimated_landing_time": 100.0,
        "wait_time": 0,
        "Landing_success_rate": 1.0
    },
    {
        "model": 1,
        "sequence": 11,
        "status": 1,
        "fuel": 6199,
        "fault": 0.5354,
        "weapon": 0,
        "pilot_injury": 0.7235,
        "pilot_skill": 0.3321,
        "mission_priority": 0.6691,
        "estimated_landing_time": 1040.0,
        "wait_time": 0,
        "Landing_success_rate": 1.0
    },
    {
        "model": 1,
        "sequence": 6,
        "status": 1,
        "fuel": 6139,
        "fault": 0.0402,
        "weapon": 1,
        "pilot_injury": 0.0161,
        "pilot_skill": 0.1516,
        "mission_priority": 0.245,
        "estimated_landing_time": 570.0,
        "wait_time": 0,
        "Landing_success_rate": 1.0
    },
    {
        "model": 0,
        "sequence": 3,
        "status": 1,
        "fuel": 5894,
        "fault": 0.9539,
        "weapon": 0,
        "pilot_injury": 0.1881,
        "pilot_skill": 0.3586,
        "mission_priority": 0.0092,
        "estimated_landing_time": 288.0,
        "wait_time": 0,
        "Landing_success_rate": 1.0
    },
    {
        "model": 1,
        "sequence": 12,
        "status": 1,
        "fuel": 6584,
        "fault": 0.7759,
        "weapon": 1,
        "pilot_injury": 0.9007,
        "pilot_skill": 0.031,
        "mission_priority": 0.2714,
        "estimated_landing_time": 1134.0,
        "wait_time": 0,
        "Landing_success_rate": 1.0
    },
    {
        "model": 1,
        "sequence": 4,
        "status": 1,
        "fuel": 7315,
        "fault": 0.0574,
        "weapon": 0,
        "pilot_injury": 0.2431,
        "pilot_skill": 0.5957,
        "mission_priority": 0.7938,
        "estimated_landing_time": 382.0,
        "wait_time": 0,
        "Landing_success_rate": 1.0
    },
    {
        "model": 2,
        "sequence": 7,
        "status": 1,
        "fuel": 6361,
        "fault": 0.1606,
        "weapon": 0,
        "pilot_injury": 0.2521,
        "pilot_skill": 0.9479,
        "mission_priority": 0.5382,
        "estimated_landing_time": 664.0,
        "wait_time": 0,
        "Landing_success_rate": 1.0
    },
    {
        "model": 1,
        "sequence": 8,
        "status": 1,
        "fuel": 7344,
        "fault": 0.5794,
        "weapon": 1,
        "pilot_injury": 0.9663,
        "pilot_skill": 0.7304,
        "mission_priority": 0.3005,
        "estimated_landing_time": 758.0,
        "wait_time": 0,
        "Landing_success_rate": 1.0
    },
    {
        "model": 2,
        "sequence": 10,
        "status": 1,
        "fuel": 7469,
        "fault": 0.2355,
        "weapon": 1,
        "pilot_injury": 0.0233,
        "pilot_skill": 0.1788,
        "mission_priority": 0.5518,
        "estimated_landing_time": 946.0,
        "wait_time": 0,
        "Landing_success_rate": 1.0
    }
]