[
    {
        "model": 2,
        "sequence": 4,
        "status": 1,
        "fuel": 6387,
        "fault": 0.2443,
        "weapon": 0,
        "pilot_injury": 0.1035,
        "pilot_skill": 0.877,
        "mission_priority": 0.3718,
        "estimated_landing_time": 382.0,
        "wait_time": 0,
        "Landing_success_rate": 1.0
    },
    {
        "model": 2,
        "sequence": 12,
        "status": 1,
        "fuel": 6553,
        "fault": 0.9515,
        "weapon": 1,
        "pilot_injury": 0.4081,
        "pilot_skill": 0.8069,
        "mission_priority": 0.4303,
        "estimated_landing_time": 1134.0,
        "wait_time": 0,
        "Landing_success_rate": 1.0
    },
    {
        "model": 2,
        "sequence": 8,
        "status": 1,
        "fuel": 6918,
        "fault": 0.2971,
        "weapon": 0,
        "pilot_injury": 0.3928,
        "pilot_skill": 0.9907,
        "mission_priority": 0.6123,
        "estimated_landing_time": 758.0,
        "wait_time": 0,
        "Landing_success_rate": 1.0
    },
    {
        "model": 2,
        "sequence": 1,
        "status": 1,
        "fuel": 5809,
        "fault": 0.6847,
        "weapon": 1,
        "pilot_injury": 0.0398,
        "pilot_skill": 0.7066,
        "mission_priority": 0.3722,
        "estimated_landing_time": 100.0,
        "wait_time": 0,
        "Landing_success_rate": 1.0
    },
    {
        "model": 2,
        "sequence": 6,
        "status": 1,
        "fuel": 7147,
        "fault": 0.9729,
        "weapon": 1,
        "pilot_injury": 0.3733,
        "pilot_skill": 0.7792,
        "mission_priority": 0.4895,
        "estimated_landing_time": 570.0,
        "wait_time": 0,
        "Landing_success_rate": 1.0
    },
    {
        "model": 0,
        "sequence": 2,
        "status": 1,
        "fuel": 7201,
        "fault": 0.6292,
        "weapon": 1,
        "pilot_injury": 0.2406,
        "pilot_skill": 0.5683,
        "mission_priority": 0.004,
        "estimated_landing_time": 194.0,
        "wait_time": 0,
        "Landing_success_rate": 1.0
    },
    {
        "model": 1,
        "sequence": 10,
        "status": 1,
        "fuel": 7069,
        "fault": 0.8679,
        "weapon": 1,
        "pilot_injury": 0.6542,
        "pilot_skill": 0.136,
        "mission_priority": 0.2901,
        "estimated_landing_time": 946.0,
        "wait_time": 0,
        "Landing_success_rate": 1.0
    },
    {
        "model": 0,
        "sequence": 11,
        "status": 1,
        "fuel": 6307,
        "fault": 0.4283,
        "weapon": 1,
        "pilot_injury": 0.0468,
        "pilot_skill": 0.3111,
        "mission_priority": 0.2224,
        "estimated_landing_time": 1040.0,
        "wait_time": 0,
        "Landing_success_rate": 1.0
    },
    {
        "model": 2,
        "sequence": 9,
        "status": 1,
        "fuel": 5913,
        "fault": 0.8448,
        "weapon": 0,
        "pilot_injury": 0.8355,
        "pilot_skill": 0.6833,
        "mission_priority": 0.4841,
        "estimated_landing_time": 852.0,
        "wait_time": 0,
        "Landing_success_rate": 1.0
    },
    {
        "model": 2,
        "sequence": 5,
        "status": 1,
        "fuel": 6625,
        "fault": 0.503,
        "weapon": 1,
        "pilot_injury": 0.3449,
        "pilot_skill": 0.8234,
        "mission_priority": 0.6283,
        "estimated_landing_time": 476.0,
        "wait_time": 0,
        "Landing_success_rate": 1.0
    },
    {
        "model": 1,
        "sequence": 3,
        "status": 1,
        "fuel": 7071,
        "fault": 0.0637,
        "weapon": 1,
        "pilot_injury": 0.1699,
        "pilot_skill": 0.972,
        "mission_priority": 0.9455,
        "estimated_landing_time": 288.0,
        "wait_time": 0,
        "Landing_success_rate": 1.0
    },
    {
        "model": 0,
        "sequence": 7,
        "status": 1,
        "fuel": 7449,
        "fault": 0.2037,
        "weapon": 1,
        "pilot_injury": 0.0358,
        "pilot_skill": 0.6608,
        "mission_priority": 0.2661,
        "estimated_landing_time": 664.0,
        "wait_time": 0,
        "Landing_success_rate": 1.0
    }
]