[
    {
        "model": 1,
        "sequence": 12,
        "status": 1,
        "fuel": 6718,
        "fault": 0.9063,
        "weapon": 1,
        "pilot_injury": 0.9031,
        "pilot_skill": 0.0708,
        "mission_priority": 0.3765,
        "estimated_landing_time": 1134.0,
        "wait_time": 0,
        "Landing_success_rate": 1.0
    },
    {
        "model": 0,
        "sequence": 2,
        "status": 1,
        "fuel": 6057,
        "fault": 0.6786,
        "weapon": 1,
        "pilot_injury": 0.1413,
        "pilot_skill": 0.8848,
        "mission_priority": 0.5302,
        "estimated_landing_time": 194.0,
        "wait_time": 0,
        "Landing_success_rate": 1.0
    },
    {
        "model": 1,
        "sequence": 1,
        "status": 1,
        "fuel": 6860,
        "fault": 0.8971,
        "weapon": 0,
        "pilot_injury": 0.4543,
        "pilot_skill": 0.6942,
        "mission_priority": 0.8319,
        "estimated_landing_time": 100.0,
        "wait_time": 0,
        "Landing_success_rate": 1.0
    },
    {
        "model": 1,
        "sequence": 8,
        "status": 1,
        "fuel": 7252,
        "fault": 0.9939,
        "weapon": 0,
        "pilot_injury": 0.118,
        "pilot_skill": 0.7087,
        "mission_priority": 0.3482,
        "estimated_landing_time": 758.0,
        "wait_time": 0,
        "Landing_success_rate": 1.0
    },
    {
        "model": 0,
        "sequence": 5,
        "status": 1,
        "fuel": 7361,
        "fault": 0.4461,
        "weapon": 1,
        "pilot_injury": 0.8802,
        "pilot_skill": 0.9805,
        "mission_priority": 0.3928,
        "estimated_landing_time": 476.0,
        "wait_time": 0,
        "Landing_success_rate": 1.0
    },
    {
        "model": 1,
        "sequence": 11,
        "status": 1,
        "fuel": 7354,
        "fault": 0.6333,
        "weapon": 0,
        "pilot_injury": 0.717,
        "pilot_skill": 0.0454,
        "mission_priority": 0.5573,
        "estimated_landing_time": 1040.0,
        "wait_time": 0,
        "Landing_success_rate": 1.0
    },
    {
        "model": 2,
        "sequence": 7,
        "status": 1,
        "fuel": 5986,
        "fault": 0.6703,
        "weapon": 1,
        "pilot_injury": 0.5668,
        "pilot_skill": 0.8072,
        "mission_priority": 0.5609,
        "estimated_landing_time": 664.0,
        "wait_time": 0,
        "Landing_success_rate": 1.0
    },
    {
        "model": 1,
        "sequence": 3,
        "status": 1,
        "fuel": 7470,
        "fault": 0.6213,
        "weapon": 1,
        "pilot_injury": 0.1562,
        "pilot_skill": 0.389,
        "mission_priority": 0.6685,
        "estimated_landing_time": 288.0,
        "wait_time": 0,
        "Landing_success_rate": 1.0
    },
    {
        "model": 2,
        "sequence": 10,
        "status": 1,
        "fuel": 5690,
        "fault": 0.5041,
        "weapon": 0,
        "pilot_injury": 0.7632,
        "pilot_skill": 0.5738,
        "mission_priority": 0.7566,
        "estimated_landing_time": 946.0,
        "wait_time": 0,
        "Landing_success_rate": 1.0
    },
    {
        "model": 2,
        "sequence": 9,
        "status": 1,
        "fuel": 6123,
        "fault": 0.4273,
        "weapon": 1,
        "pilot_injury": 0.6543,
        "pilot_skill": 0.8718,
        "mission_priority": 0.9698,
        "estimated_landing_time": 852.0,
        "wait_time": 0,
        "Landing_success_rate": 1.0
    },
    {
        "model": 1,
        "sequence": 4,
        "status": 1,
        "fuel": 6597,
        "fault": 0.6114,
        "weapon": 1,
        "pilot_injury": 0.8515,
        "pilot_skill": 0.6232,
        "mission_priority": 0.3476,
        "estimated_landing_time": 382.0,
        "wait_time": 0,
        "Landing_success_rate": 1.0
    },
    {
        "model": 2,
        "sequence": 6,
        "status": 1,
        "fuel": 7183,
        "fault": 0.6618,
        "weapon": 0,
        "pilot_injury": 0.6065,
        "pilot_skill": 0.6193,
        "mission_priority": 0.8471,
        "estimated_landing_time": 570.0,
        "wait_time": 0,
        "Landing_success_rate": 1.0
    }
]