[
    {
        "model": 1,
        "sequence": 4,
        "status": 1,
        "fuel": 7123,
        "fault": 0.4913,
        "weapon": 1,
        "pilot_injury": 0.9557,
        "pilot_skill": 0.8566,
        "mission_priority": 0.8439,
        "estimated_landing_time": 382.0,
        "wait_time": 0,
        "Landing_success_rate": 1.0
    },
    {
        "model": 1,
        "sequence": 6,
        "status": 1,
        "fuel": 6865,
        "fault": 0.4659,
        "weapon": 0,
        "pilot_injury": 0.4004,
        "pilot_skill": 0.1631,
        "mission_priority": 0.8121,
        "estimated_landing_time": 570.0,
        "wait_time": 0,
        "Landing_success_rate": 1.0
    },
    {
        "model": 0,
        "sequence": 1,
        "status": 1,
        "fuel": 6997,
        "fault": 0.8828,
        "weapon": 1,
        "pilot_injury": 0.128,
        "pilot_skill": 0.4746,
        "mission_priority": 0.5581,
        "estimated_landing_time": 100.0,
        "wait_time": 0,
        "Landing_success_rate": 1.0
    },
    {
        "model": 0,
        "sequence": 5,
        "status": 1,
        "fuel": 6150,
        "fault": 0.7654,
        "weapon": 1,
        "pilot_injury": 0.4849,
        "pilot_skill": 0.4689,
        "mission_priority": 0.2616,
        "estimated_landing_time": 476.0,
        "wait_time": 0,
        "Landing_success_rate": 1.0
    },
    {
        "model": 0,
        "sequence": 9,
        "status": 1,
        "fuel": 6808,
        "fault": 0.8272,
        "weapon": 0,
        "pilot_injury": 0.8641,
        "pilot_skill": 0.1097,
        "mission_priority": 0.3189,
        "estimated_landing_time": 852.0,
        "wait_time": 0,
        "Landing_success_rate": 1.0
    },
    {
        "model": 2,
        "sequence": 12,
        "status": 1,
        "fuel": 6736,
        "fault": 0.569,
        "weapon": 1,
        "pilot_injury": 0.1116,
        "pilot_skill": 0.441,
        "mission_priority": 0.3539,
        "estimated_landing_time": 1134.0,
        "wait_time": 0,
        "Landing_success_rate": 1.0
    },
    {
        "model": 0,
        "sequence": 7,
        "status": 1,
        "fuel": 6746,
        "fault": 0.2733,
        "weapon": 1,
        "pilot_injury": 0.9509,
        "pilot_skill": 0.2071,
        "mission_priority": 0.7118,
        "estimated_landing_time": 664.0,
        "wait_time": 0,
        "Landing_success_rate": 1.0
    },
    {
        "model": 1,
        "sequence": 10,
        "status": 1,
        "fuel": 6683,
        "fault": 0.2667,
        "weapon": 1,
        "pilot_injury": 0.8977,
        "pilot_skill": 0.9664,
        "mission_priority": 0.3622,
        "estimated_landing_time": 946.0,
        "wait_time": 0,
        "Landing_success_rate": 1.0
    },
    {
        "model": 1,
        "sequence": 11,
        "status": 1,
        "fuel": 7106,
        "fault": 0.1103,
        "weapon": 0,
        "pilot_injury": 0.4036,
        "pilot_skill": 0.3168,
        "mission_priority": 0.9337,
        "estimated_landing_time": 1040.0,
        "wait_time": 0,
        "Landing_success_rate": 1.0
    },
    {
        "model": 1,
        "sequence": 8,
        "status": 1,
        "fuel": 6269,
        "fault": 0.7107,
        "weapon": 1,
        "pilot_injury": 0.1199,
        "pilot_skill": 0.9225,
        "mission_priority": 0.0814,
        "estimated_landing_time": 758.0,
        "wait_time": 0,
        "Landing_success_rate": 1.0
    },
    {
        "model": 1,
        "sequence": 2,
        "status": 1,
        "fuel": 5891,
        "fault": 0.9995,
        "weapon": 0,
        "pilot_injury": 0.0352,
        "pilot_skill": 0.0596,
        "mission_priority": 0.3735,
        "estimated_landing_time": 194.0,
        "wait_time": 0,
        "Landing_success_rate": 1.0
    },
    {
        "model": 1,
        "sequence": 3,
        "status": 1,
        "fuel": 7072,
        "fault": 0.7048,
        "weapon": 0,
        "pilot_injury": 0.6473,
        "pilot_skill": 0.3735,
        "mission_priority": 0.7429,
        "estimated_landing_time": 288.0,
        "wait_time": 0,
        "Landing_success_rate": 1.0
    }
]