[
    {
        "model": 1,
        "sequence": 12,
        "status": 1,
        "fuel": 6511,
        "fault": 0.0004,
        "weapon": 0,
        "pilot_injury": 0.5544,
        "pilot_skill": 0.6154,
        "mission_priority": 0.3216,
        "estimated_landing_time": 1134.0,
        "wait_time": 0,
        "Landing_success_rate": 1.0
    },
    {
        "model": 1,
        "sequence": 6,
        "status": 1,
        "fuel": 6616,
        "fault": 0.2367,
        "weapon": 0,
        "pilot_injury": 0.8213,
        "pilot_skill": 0.5398,
        "mission_priority": 0.3043,
        "estimated_landing_time": 570.0,
        "wait_time": 0,
        "Landing_success_rate": 1.0
    },
    {
        "model": 0,
        "sequence": 2,
        "status": 1,
        "fuel": 7228,
        "fault": 0.4577,
        "weapon": 0,
        "pilot_injury": 0.9449,
        "pilot_skill": 0.6191,
        "mission_priority": 0.7312,
        "estimated_landing_time": 194.0,
        "wait_time": 0,
        "Landing_success_rate": 1.0
    },
    {
        "model": 0,
        "sequence": 5,
        "status": 1,
        "fuel": 5839,
        "fault": 0.7803,
        "weapon": 0,
        "pilot_injury": 0.0173,
        "pilot_skill": 0.5254,
        "mission_priority": 0.8217,
        "estimated_landing_time": 476.0,
        "wait_time": 0,
        "Landing_success_rate": 1.0
    },
    {
        "model": 1,
        "sequence": 11,
        "status": 1,
        "fuel": 7156,
        "fault": 0.0896,
        "weapon": 1,
        "pilot_injury": 0.4242,
        "pilot_skill": 0.2899,
        "mission_priority": 0.5318,
        "estimated_landing_time": 1040.0,
        "wait_time": 0,
        "Landing_success_rate": 1.0
    },
    {
        "model": 0,
        "sequence": 3,
        "status": 1,
        "fuel": 7412,
        "fault": 0.9337,
        "weapon": 1,
        "pilot_injury": 0.6451,
        "pilot_skill": 0.4999,
        "mission_priority": 0.6313,
        "estimated_landing_time": 288.0,
        "wait_time": 0,
        "Landing_success_rate": 1.0
    },
    {
        "model": 0,
        "sequence": 4,
        "status": 1,
        "fuel": 7159,
        "fault": 0.8315,
        "weapon": 1,
        "pilot_injury": 0.1369,
        "pilot_skill": 0.2858,
        "mission_priority": 0.2534,
        "estimated_landing_time": 382.0,
        "wait_time": 0,
        "Landing_success_rate": 1.0
    },
    {
        "model": 0,
        "sequence": 7,
        "status": 1,
        "fuel": 5922,
        "fault": 0.7531,
        "weapon": 0,
        "pilot_injury": 0.0388,
        "pilot_skill": 0.0349,
        "mission_priority": 0.0906,
        "estimated_landing_time": 664.0,
        "wait_time": 0,
        "Landing_success_rate": 1.0
    },
    {
        "model": 0,
        "sequence": 10,
        "status": 1,
        "fuel": 7253,
        "fault": 0.746,
        "weapon": 0,
        "pilot_injury": 0.494,
        "pilot_skill": 0.3607,
        "mission_priority": 0.5554,
        "estimated_landing_time": 946.0,
        "wait_time": 0,
        "Landing_success_rate": 1.0
    },
    {
        "model": 1,
        "sequence": 9,
        "status": 1,
        "fuel": 5646,
        "fault": 0.3984,
        "weapon": 1,
        "pilot_injury": 0.1571,
        "pilot_skill": 0.2781,
        "mission_priority": 0.0018,
        "estimated_landing_time": 852.0,
        "wait_time": 0,
        "Landing_success_rate": 1.0
    },
    {
        "model": 2,
        "sequence": 1,
        "status": 1,
        "fuel": 6334,
        "fault": 0.2212,
        "weapon": 0,
        "pilot_injury": 0.2228,
        "pilot_skill": 0.9943,
        "mission_priority": 0.1678,
        "estimated_landing_time": 100.0,
        "wait_time": 0,
        "Landing_success_rate": 1.0
    },
    {
        "model": 1,
        "sequence": 8,
        "status": 1,
        "fuel": 5857,
        "fault": 0.5739,
        "weapon": 1,
        "pilot_injury": 0.3221,
        "pilot_skill": 0.3307,
        "mission_priority": 0.5636,
        "estimated_landing_time": 758.0,
        "wait_time": 0,
        "Landing_success_rate": 1.0
    }
]