[
    {
        "model": 0,
        "sequence": 1,
        "status": 1,
        "fuel": 6875,
        "fault": 0.049,
        "weapon": 1,
        "pilot_injury": 0.4506,
        "pilot_skill": 0.3315,
        "mission_priority": 0.9577,
        "estimated_landing_time": 100.0,
        "wait_time": 0,
        "Landing_success_rate": 1.0
    },
    {
        "model": 0,
        "sequence": 2,
        "status": 1,
        "fuel": 5745,
        "fault": 0.6205,
        "weapon": 0,
        "pilot_injury": 0.1629,
        "pilot_skill": 0.7343,
        "mission_priority": 0.727,
        "estimated_landing_time": 194.0,
        "wait_time": 0,
        "Landing_success_rate": 1.0
    },
    {
        "model": 0,
        "sequence": 10,
        "status": 1,
        "fuel": 6661,
        "fault": 0.5079,
        "weapon": 1,
        "pilot_injury": 0.167,
        "pilot_skill": 0.2673,
        "mission_priority": 0.0632,
        "estimated_landing_time": 946.0,
        "wait_time": 0,
        "Landing_success_rate": 1.0
    },
    {
        "model": 2,
        "sequence": 6,
        "status": 1,
        "fuel": 6654,
        "fault": 0.342,
        "weapon": 0,
        "pilot_injury": 0.3149,
        "pilot_skill": 0.1638,
        "mission_priority": 0.0401,
        "estimated_landing_time": 570.0,
        "wait_time": 0,
        "Landing_success_rate": 1.0
    },
    {
        "model": 2,
        "sequence": 12,
        "status": 1,
        "fuel": 7133,
        "fault": 0.375,
        "weapon": 0,
        "pilot_injury": 0.2472,
        "pilot_skill": 0.259,
        "mission_priority": 0.8756,
        "estimated_landing_time": 1134.0,
        "wait_time": 0,
        "Landing_success_rate": 1.0
    },
    {
        "model": 0,
        "sequence": 9,
        "status": 1,
        "fuel": 5526,
        "fault": 0.1392,
        "weapon": 1,
        "pilot_injury": 0.0357,
        "pilot_skill": 0.3652,
        "mission_priority": 0.4792,
        "estimated_landing_time": 852.0,
        "wait_time": 0,
        "Landing_success_rate": 1.0
    },
    {
        "model": 1,
        "sequence": 4,
        "status": 1,
        "fuel": 6484,
        "fault": 0.7672,
        "weapon": 0,
        "pilot_injury": 0.8703,
        "pilot_skill": 0.9394,
        "mission_priority": 0.0788,
        "estimated_landing_time": 382.0,
        "wait_time": 0,
        "Landing_success_rate": 1.0
    },
    {
        "model": 1,
        "sequence": 11,
        "status": 1,
        "fuel": 6096,
        "fault": 0.6269,
        "weapon": 1,
        "pilot_injury": 0.0832,
        "pilot_skill": 0.6436,
        "mission_priority": 0.9722,
        "estimated_landing_time": 1040.0,
        "wait_time": 0,
        "Landing_success_rate": 1.0
    },
    {
        "model": 0,
        "sequence": 7,
        "status": 1,
        "fuel": 6986,
        "fault": 0.2728,
        "weapon": 1,
        "pilot_injury": 0.1627,
        "pilot_skill": 0.2021,
        "mission_priority": 0.8896,
        "estimated_landing_time": 664.0,
        "wait_time": 0,
        "Landing_success_rate": 1.0
    },
    {
        "model": 0,
        "sequence": 8,
        "status": 1,
        "fuel": 7222,
        "fault": 0.4974,
        "weapon": 1,
        "pilot_injury": 0.7662,
        "pilot_skill": 0.7399,
        "mission_priority": 0.6618,
        "estimated_landing_time": 758.0,
        "wait_time": 0,
        "Landing_success_rate": 1.0
    },
    {
        "model": 1,
        "sequence": 5,
        "status": 1,
        "fuel": 6578,
        "fault": 0.3097,
        "weapon": 1,
        "pilot_injury": 0.534,
        "pilot_skill": 0.237,
        "mission_priority": 0.7439,
        "estimated_landing_time": 476.0,
        "wait_time": 0,
        "Landing_success_rate": 1.0
    },
    {
        "model": 0,
        "sequence": 3,
        "status": 1,
        "fuel": 5838,
        "fault": 0.9704,
        "weapon": 0,
        "pilot_injury": 0.8019,
        "pilot_skill": 0.6967,
        "mission_priority": 0.9373,
        "estimated_landing_time": 288.0,
        "wait_time": 0,
        "Landing_success_rate": 1.0
    }
]