[
    {
        "model": 2,
        "sequence": 1,
        "status": 1,
        "fuel": 6260,
        "fault": 0.2419,
        "weapon": 1,
        "pilot_injury": 0.7967,
        "pilot_skill": 0.5863,
        "mission_priority": 0.2535,
        "estimated_landing_time": 100.0,
        "wait_time": 0,
        "Landing_success_rate": 1.0
    },
    {
        "model": 2,
        "sequence": 11,
        "status": 1,
        "fuel": 6120,
        "fault": 0.4405,
        "weapon": 0,
        "pilot_injury": 0.6992,
        "pilot_skill": 0.4391,
        "mission_priority": 0.7313,
        "estimated_landing_time": 1040.0,
        "wait_time": 0,
        "Landing_success_rate": 1.0
    },
    {
        "model": 0,
        "sequence": 10,
        "status": 1,
        "fuel": 6060,
        "fault": 0.8422,
        "weapon": 0,
        "pilot_injury": 0.442,
        "pilot_skill": 0.151,
        "mission_priority": 0.8064,
        "estimated_landing_time": 946.0,
        "wait_time": 0,
        "Landing_success_rate": 1.0
    },
    {
        "model": 2,
        "sequence": 6,
        "status": 1,
        "fuel": 6587,
        "fault": 0.1004,
        "weapon": 1,
        "pilot_injury": 0.7191,
        "pilot_skill": 0.2919,
        "mission_priority": 0.0489,
        "estimated_landing_time": 570.0,
        "wait_time": 0,
        "Landing_success_rate": 1.0
    },
    {
        "model": 0,
        "sequence": 8,
        "status": 1,
        "fuel": 5705,
        "fault": 0.1795,
        "weapon": 0,
        "pilot_injury": 0.281,
        "pilot_skill": 0.7164,
        "mission_priority": 0.8859,
        "estimated_landing_time": 758.0,
        "wait_time": 0,
        "Landing_success_rate": 1.0
    },
    {
        "model": 0,
        "sequence": 3,
        "status": 1,
        "fuel": 7096,
        "fault": 0.6879,
        "weapon": 0,
        "pilot_injury": 0.9206,
        "pilot_skill": 0.3343,
        "mission_priority": 0.2265,
        "estimated_landing_time": 288.0,
        "wait_time": 0,
        "Landing_success_rate": 1.0
    },
    {
        "model": 1,
        "sequence": 12,
        "status": 1,
        "fuel": 5528,
        "fault": 0.6155,
        "weapon": 0,
        "pilot_injury": 0.1082,
        "pilot_skill": 0.8165,
        "mission_priority": 0.7716,
        "estimated_landing_time": 1134.0,
        "wait_time": 0,
        "Landing_success_rate": 1.0
    },
    {
        "model": 1,
        "sequence": 2,
        "status": 1,
        "fuel": 7466,
        "fault": 0.6731,
        "weapon": 1,
        "pilot_injury": 0.0,
        "pilot_skill": 0.9318,
        "mission_priority": 0.5504,
        "estimated_landing_time": 194.0,
        "wait_time": 0,
        "Landing_success_rate": 1.0
    },
    {
        "model": 2,
        "sequence": 7,
        "status": 1,
        "fuel": 7313,
        "fault": 0.9245,
        "weapon": 1,
        "pilot_injury": 0.5614,
        "pilot_skill": 0.8568,
        "mission_priority": 0.6097,
        "estimated_landing_time": 664.0,
        "wait_time": 0,
        "Landing_success_rate": 1.0
    },
    {
        "model": 2,
        "sequence": 5,
        "status": 1,
        "fuel": 6883,
        "fault": 0.5936,
        "weapon": 1,
        "pilot_injury": 0.1711,
        "pilot_skill": 0.9136,
        "mission_priority": 0.6816,
        "estimated_landing_time": 476.0,
        "wait_time": 0,
        "Landing_success_rate": 1.0
    },
    {
        "model": 0,
        "sequence": 4,
        "status": 1,
        "fuel": 6451,
        "fault": 0.1621,
        "weapon": 1,
        "pilot_injury": 0.0752,
        "pilot_skill": 0.4286,
        "mission_priority": 0.2391,
        "estimated_landing_time": 382.0,
        "wait_time": 0,
        "Landing_success_rate": 1.0
    },
    {
        "model": 0,
        "sequence": 9,
        "status": 1,
        "fuel": 5730,
        "fault": 0.7649,
        "weapon": 0,
        "pilot_injury": 0.9663,
        "pilot_skill": 0.4546,
        "mission_priority": 0.7862,
        "estimated_landing_time": 852.0,
        "wait_time": 0,
        "Landing_success_rate": 1.0
    }
]