[
    {
        "model": 2,
        "sequence": 10,
        "status": 1,
        "fuel": 6821,
        "fault": 0.18,
        "weapon": 1,
        "pilot_injury": 0.0452,
        "pilot_skill": 0.077,
        "mission_priority": 0.7887,
        "estimated_landing_time": 946.0,
        "wait_time": 0,
        "Landing_success_rate": 1.0
    },
    {
        "model": 1,
        "sequence": 1,
        "status": 1,
        "fuel": 5769,
        "fault": 0.2468,
        "weapon": 0,
        "pilot_injury": 0.8391,
        "pilot_skill": 0.7195,
        "mission_priority": 0.8969,
        "estimated_landing_time": 100.0,
        "wait_time": 0,
        "Landing_success_rate": 1.0
    },
    {
        "model": 1,
        "sequence": 12,
        "status": 1,
        "fuel": 5567,
        "fault": 0.4453,
        "weapon": 0,
        "pilot_injury": 0.4641,
        "pilot_skill": 0.2977,
        "mission_priority": 0.7254,
        "estimated_landing_time": 1134.0,
        "wait_time": 0,
        "Landing_success_rate": 1.0
    },
    {
        "model": 0,
        "sequence": 6,
        "status": 1,
        "fuel": 7299,
        "fault": 0.3782,
        "weapon": 0,
        "pilot_injury": 0.9415,
        "pilot_skill": 0.5168,
        "mission_priority": 0.5225,
        "estimated_landing_time": 570.0,
        "wait_time": 0,
        "Landing_success_rate": 1.0
    },
    {
        "model": 2,
        "sequence": 5,
        "status": 1,
        "fuel": 6752,
        "fault": 0.051,
        "weapon": 0,
        "pilot_injury": 0.3834,
        "pilot_skill": 0.5532,
        "mission_priority": 0.942,
        "estimated_landing_time": 476.0,
        "wait_time": 0,
        "Landing_success_rate": 1.0
    },
    {
        "model": 1,
        "sequence": 2,
        "status": 1,
        "fuel": 5558,
        "fault": 0.6827,
        "weapon": 1,
        "pilot_injury": 0.0105,
        "pilot_skill": 0.9817,
        "mission_priority": 0.493,
        "estimated_landing_time": 194.0,
        "wait_time": 0,
        "Landing_success_rate": 1.0
    },
    {
        "model": 1,
        "sequence": 9,
        "status": 1,
        "fuel": 5898,
        "fault": 0.5493,
        "weapon": 1,
        "pilot_injury": 0.9229,
        "pilot_skill": 0.5228,
        "mission_priority": 0.7156,
        "estimated_landing_time": 852.0,
        "wait_time": 0,
        "Landing_success_rate": 1.0
    },
    {
        "model": 1,
        "sequence": 3,
        "status": 1,
        "fuel": 6410,
        "fault": 0.5268,
        "weapon": 0,
        "pilot_injury": 0.9585,
        "pilot_skill": 0.2661,
        "mission_priority": 0.2965,
        "estimated_landing_time": 288.0,
        "wait_time": 0,
        "Landing_success_rate": 1.0
    },
    {
        "model": 0,
        "sequence": 8,
        "status": 1,
        "fuel": 7050,
        "fault": 0.0521,
        "weapon": 0,
        "pilot_injury": 0.2333,
        "pilot_skill": 0.6423,
        "mission_priority": 0.4554,
        "estimated_landing_time": 758.0,
        "wait_time": 0,
        "Landing_success_rate": 1.0
    },
    {
        "model": 1,
        "sequence": 7,
        "status": 1,
        "fuel": 5836,
        "fault": 0.22,
        "weapon": 0,
        "pilot_injury": 0.8021,
        "pilot_skill": 0.7841,
        "mission_priority": 0.0216,
        "estimated_landing_time": 664.0,
        "wait_time": 0,
        "Landing_success_rate": 1.0
    },
    {
        "model": 1,
        "sequence": 11,
        "status": 1,
        "fuel": 6414,
        "fault": 0.6389,
        "weapon": 0,
        "pilot_injury": 0.7921,
        "pilot_skill": 0.7373,
        "mission_priority": 0.902,
        "estimated_landing_time": 1040.0,
        "wait_time": 0,
        "Landing_success_rate": 1.0
    },
    {
        "model": 2,
        "sequence": 4,
        "status": 1,
        "fuel": 5577,
        "fault": 0.2609,
        "weapon": 1,
        "pilot_injury": 0.1845,
        "pilot_skill": 0.3712,
        "mission_priority": 0.5222,
        "estimated_landing_time": 382.0,
        "wait_time": 0,
        "Landing_success_rate": 1.0
    }
]