[
    {
        "model": 1,
        "sequence": 10,
        "status": 1,
        "fuel": 5929,
        "fault": 0.4756,
        "weapon": 1,
        "pilot_injury": 0.0898,
        "pilot_skill": 0.404,
        "mission_priority": 0.8208,
        "estimated_landing_time": 946.0,
        "wait_time": 0,
        "Landing_success_rate": 1.0
    },
    {
        "model": 0,
        "sequence": 5,
        "status": 1,
        "fuel": 6056,
        "fault": 0.8286,
        "weapon": 1,
        "pilot_injury": 0.0401,
        "pilot_skill": 0.5534,
        "mission_priority": 0.1328,
        "estimated_landing_time": 476.0,
        "wait_time": 0,
        "Landing_success_rate": 1.0
    },
    {
        "model": 2,
        "sequence": 6,
        "status": 1,
        "fuel": 6227,
        "fault": 0.4611,
        "weapon": 0,
        "pilot_injury": 0.9037,
        "pilot_skill": 0.0818,
        "mission_priority": 0.6686,
        "estimated_landing_time": 570.0,
        "wait_time": 0,
        "Landing_success_rate": 1.0
    },
    {
        "model": 0,
        "sequence": 1,
        "status": 1,
        "fuel": 6722,
        "fault": 0.1478,
        "weapon": 0,
        "pilot_injury": 0.5515,
        "pilot_skill": 0.8119,
        "mission_priority": 0.5317,
        "estimated_landing_time": 100.0,
        "wait_time": 0,
        "Landing_success_rate": 1.0
    },
    {
        "model": 1,
        "sequence": 4,
        "status": 1,
        "fuel": 6742,
        "fault": 0.8703,
        "weapon": 0,
        "pilot_injury": 0.0852,
        "pilot_skill": 0.5346,
        "mission_priority": 0.8883,
        "estimated_landing_time": 382.0,
        "wait_time": 0,
        "Landing_success_rate": 1.0
    },
    {
        "model": 0,
        "sequence": 8,
        "status": 1,
        "fuel": 6400,
        "fault": 0.4792,
        "weapon": 0,
        "pilot_injury": 0.2984,
        "pilot_skill": 0.4481,
        "mission_priority": 0.3246,
        "estimated_landing_time": 758.0,
        "wait_time": 0,
        "Landing_success_rate": 1.0
    },
    {
        "model": 1,
        "sequence": 12,
        "status": 1,
        "fuel": 6829,
        "fault": 0.2134,
        "weapon": 1,
        "pilot_injury": 0.7643,
        "pilot_skill": 0.395,
        "mission_priority": 0.6502,
        "estimated_landing_time": 1134.0,
        "wait_time": 0,
        "Landing_success_rate": 1.0
    },
    {
        "model": 1,
        "sequence": 7,
        "status": 1,
        "fuel": 7367,
        "fault": 0.3227,
        "weapon": 0,
        "pilot_injury": 0.2372,
        "pilot_skill": 0.6924,
        "mission_priority": 0.7798,
        "estimated_landing_time": 664.0,
        "wait_time": 0,
        "Landing_success_rate": 1.0
    },
    {
        "model": 2,
        "sequence": 2,
        "status": 1,
        "fuel": 6952,
        "fault": 0.1999,
        "weapon": 1,
        "pilot_injury": 0.3071,
        "pilot_skill": 0.598,
        "mission_priority": 0.1718,
        "estimated_landing_time": 194.0,
        "wait_time": 0,
        "Landing_success_rate": 1.0
    },
    {
        "model": 2,
        "sequence": 11,
        "status": 1,
        "fuel": 7199,
        "fault": 0.3138,
        "weapon": 0,
        "pilot_injury": 0.7791,
        "pilot_skill": 0.5009,
        "mission_priority": 0.3638,
        "estimated_landing_time": 1040.0,
        "wait_time": 0,
        "Landing_success_rate": 1.0
    },
    {
        "model": 2,
        "sequence": 3,
        "status": 1,
        "fuel": 6003,
        "fault": 0.4085,
        "weapon": 0,
        "pilot_injury": 0.96,
        "pilot_skill": 0.7681,
        "mission_priority": 0.2081,
        "estimated_landing_time": 288.0,
        "wait_time": 0,
        "Landing_success_rate": 1.0
    },
    {
        "model": 2,
        "sequence": 9,
        "status": 1,
        "fuel": 5614,
        "fault": 0.1109,
        "weapon": 0,
        "pilot_injury": 0.613,
        "pilot_skill": 0.4682,
        "mission_priority": 0.8101,
        "estimated_landing_time": 852.0,
        "wait_time": 0,
        "Landing_success_rate": 1.0
    }
]