[
    {
        "model": 2,
        "sequence": 10,
        "status": 1,
        "fuel": 7202,
        "fault": 0.1892,
        "weapon": 1,
        "pilot_injury": 0.8097,
        "pilot_skill": 0.9527,
        "mission_priority": 0.3625,
        "estimated_landing_time": 946.0,
        "wait_time": 0,
        "Landing_success_rate": 1.0
    },
    {
        "model": 2,
        "sequence": 8,
        "status": 1,
        "fuel": 5679,
        "fault": 0.0332,
        "weapon": 1,
        "pilot_injury": 0.5826,
        "pilot_skill": 0.3169,
        "mission_priority": 0.6106,
        "estimated_landing_time": 758.0,
        "wait_time": 0,
        "Landing_success_rate": 1.0
    },
    {
        "model": 2,
        "sequence": 4,
        "status": 1,
        "fuel": 5673,
        "fault": 0.9236,
        "weapon": 0,
        "pilot_injury": 0.3627,
        "pilot_skill": 0.9358,
        "mission_priority": 0.5656,
        "estimated_landing_time": 382.0,
        "wait_time": 0,
        "Landing_success_rate": 1.0
    },
    {
        "model": 2,
        "sequence": 7,
        "status": 1,
        "fuel": 6367,
        "fault": 0.669,
        "weapon": 1,
        "pilot_injury": 0.6536,
        "pilot_skill": 0.8383,
        "mission_priority": 0.9365,
        "estimated_landing_time": 664.0,
        "wait_time": 0,
        "Landing_success_rate": 1.0
    },
    {
        "model": 2,
        "sequence": 1,
        "status": 1,
        "fuel": 7316,
        "fault": 0.298,
        "weapon": 1,
        "pilot_injury": 0.0738,
        "pilot_skill": 0.7384,
        "mission_priority": 0.7952,
        "estimated_landing_time": 100.0,
        "wait_time": 0,
        "Landing_success_rate": 1.0
    },
    {
        "model": 0,
        "sequence": 9,
        "status": 1,
        "fuel": 6881,
        "fault": 0.0006,
        "weapon": 0,
        "pilot_injury": 0.9542,
        "pilot_skill": 0.9167,
        "mission_priority": 0.2333,
        "estimated_landing_time": 852.0,
        "wait_time": 0,
        "Landing_success_rate": 1.0
    },
    {
        "model": 2,
        "sequence": 12,
        "status": 1,
        "fuel": 6163,
        "fault": 0.486,
        "weapon": 1,
        "pilot_injury": 0.1542,
        "pilot_skill": 0.3568,
        "mission_priority": 0.1775,
        "estimated_landing_time": 1134.0,
        "wait_time": 0,
        "Landing_success_rate": 1.0
    },
    {
        "model": 1,
        "sequence": 2,
        "status": 1,
        "fuel": 5648,
        "fault": 0.9361,
        "weapon": 0,
        "pilot_injury": 0.3753,
        "pilot_skill": 0.3941,
        "mission_priority": 0.5396,
        "estimated_landing_time": 194.0,
        "wait_time": 0,
        "Landing_success_rate": 1.0
    },
    {
        "model": 2,
        "sequence": 3,
        "status": 1,
        "fuel": 6057,
        "fault": 0.7421,
        "weapon": 0,
        "pilot_injury": 0.4017,
        "pilot_skill": 0.4804,
        "mission_priority": 0.9743,
        "estimated_landing_time": 288.0,
        "wait_time": 0,
        "Landing_success_rate": 1.0
    },
    {
        "model": 1,
        "sequence": 11,
        "status": 1,
        "fuel": 6963,
        "fault": 0.3485,
        "weapon": 1,
        "pilot_injury": 0.3925,
        "pilot_skill": 0.8943,
        "mission_priority": 0.8468,
        "estimated_landing_time": 1040.0,
        "wait_time": 0,
        "Landing_success_rate": 1.0
    },
    {
        "model": 0,
        "sequence": 5,
        "status": 1,
        "fuel": 7178,
        "fault": 0.7856,
        "weapon": 0,
        "pilot_injury": 0.0652,
        "pilot_skill": 0.9632,
        "mission_priority": 0.349,
        "estimated_landing_time": 476.0,
        "wait_time": 0,
        "Landing_success_rate": 1.0
    },
    {
        "model": 0,
        "sequence": 6,
        "status": 1,
        "fuel": 6998,
        "fault": 0.9895,
        "weapon": 1,
        "pilot_injury": 0.6328,
        "pilot_skill": 0.9836,
        "mission_priority": 0.8767,
        "estimated_landing_time": 570.0,
        "wait_time": 0,
        "Landing_success_rate": 1.0
    }
]