[
    {
        "model": 0,
        "sequence": 1,
        "status": 1,
        "fuel": 6551,
        "fault": 0.2091,
        "weapon": 0,
        "pilot_injury": 0.912,
        "pilot_skill": 0.7682,
        "mission_priority": 0.7031,
        "estimated_landing_time": 100.0,
        "wait_time": 0,
        "Landing_success_rate": 1.0
    },
    {
        "model": 1,
        "sequence": 10,
        "status": 1,
        "fuel": 6140,
        "fault": 0.5458,
        "weapon": 1,
        "pilot_injury": 0.8408,
        "pilot_skill": 0.427,
        "mission_priority": 0.4514,
        "estimated_landing_time": 946.0,
        "wait_time": 0,
        "Landing_success_rate": 1.0
    },
    {
        "model": 1,
        "sequence": 3,
        "status": 1,
        "fuel": 7188,
        "fault": 0.6214,
        "weapon": 0,
        "pilot_injury": 0.2606,
        "pilot_skill": 0.1726,
        "mission_priority": 0.1389,
        "estimated_landing_time": 288.0,
        "wait_time": 0,
        "Landing_success_rate": 1.0
    },
    {
        "model": 2,
        "sequence": 8,
        "status": 1,
        "fuel": 6862,
        "fault": 0.4856,
        "weapon": 0,
        "pilot_injury": 0.063,
        "pilot_skill": 0.9465,
        "mission_priority": 0.7652,
        "estimated_landing_time": 758.0,
        "wait_time": 0,
        "Landing_success_rate": 1.0
    },
    {
        "model": 0,
        "sequence": 6,
        "status": 1,
        "fuel": 6029,
        "fault": 0.5017,
        "weapon": 1,
        "pilot_injury": 0.6038,
        "pilot_skill": 0.5297,
        "mission_priority": 0.9825,
        "estimated_landing_time": 570.0,
        "wait_time": 0,
        "Landing_success_rate": 1.0
    },
    {
        "model": 2,
        "sequence": 12,
        "status": 1,
        "fuel": 6234,
        "fault": 0.2699,
        "weapon": 1,
        "pilot_injury": 0.8508,
        "pilot_skill": 0.1551,
        "mission_priority": 0.0152,
        "estimated_landing_time": 1134.0,
        "wait_time": 0,
        "Landing_success_rate": 1.0
    },
    {
        "model": 2,
        "sequence": 4,
        "status": 1,
        "fuel": 5919,
        "fault": 0.8008,
        "weapon": 1,
        "pilot_injury": 0.1154,
        "pilot_skill": 0.7447,
        "mission_priority": 0.2705,
        "estimated_landing_time": 382.0,
        "wait_time": 0,
        "Landing_success_rate": 1.0
    },
    {
        "model": 2,
        "sequence": 7,
        "status": 1,
        "fuel": 5944,
        "fault": 0.5035,
        "weapon": 0,
        "pilot_injury": 0.3165,
        "pilot_skill": 0.2171,
        "mission_priority": 0.1066,
        "estimated_landing_time": 664.0,
        "wait_time": 0,
        "Landing_success_rate": 1.0
    },
    {
        "model": 2,
        "sequence": 2,
        "status": 1,
        "fuel": 6317,
        "fault": 0.7393,
        "weapon": 1,
        "pilot_injury": 0.0876,
        "pilot_skill": 0.432,
        "mission_priority": 0.3209,
        "estimated_landing_time": 194.0,
        "wait_time": 0,
        "Landing_success_rate": 1.0
    },
    {
        "model": 2,
        "sequence": 5,
        "status": 1,
        "fuel": 6392,
        "fault": 0.1923,
        "weapon": 1,
        "pilot_injury": 0.7848,
        "pilot_skill": 0.5306,
        "mission_priority": 0.1024,
        "estimated_landing_time": 476.0,
        "wait_time": 0,
        "Landing_success_rate": 1.0
    },
    {
        "model": 1,
        "sequence": 11,
        "status": 1,
        "fuel": 7310,
        "fault": 0.2594,
        "weapon": 0,
        "pilot_injury": 0.0857,
        "pilot_skill": 0.8425,
        "mission_priority": 0.3382,
        "estimated_landing_time": 1040.0,
        "wait_time": 0,
        "Landing_success_rate": 1.0
    },
    {
        "model": 0,
        "sequence": 9,
        "status": 1,
        "fuel": 6395,
        "fault": 0.8715,
        "weapon": 1,
        "pilot_injury": 0.1748,
        "pilot_skill": 0.6261,
        "mission_priority": 0.3871,
        "estimated_landing_time": 852.0,
        "wait_time": 0,
        "Landing_success_rate": 1.0
    }
]