[
    {
        "model": 2,
        "sequence": 1,
        "status": 1,
        "fuel": 7331,
        "fault": 0.7166,
        "weapon": 1,
        "pilot_injury": 0.2537,
        "pilot_skill": 0.1006,
        "mission_priority": 0.2679,
        "estimated_landing_time": 100.0,
        "wait_time": 0,
        "Landing_success_rate": 1.0
    },
    {
        "model": 1,
        "sequence": 4,
        "status": 1,
        "fuel": 5521,
        "fault": 0.3061,
        "weapon": 0,
        "pilot_injury": 0.8717,
        "pilot_skill": 0.5137,
        "mission_priority": 0.5881,
        "estimated_landing_time": 382.0,
        "wait_time": 0,
        "Landing_success_rate": 1.0
    },
    {
        "model": 2,
        "sequence": 3,
        "status": 1,
        "fuel": 6857,
        "fault": 0.6673,
        "weapon": 1,
        "pilot_injury": 0.4318,
        "pilot_skill": 0.7613,
        "mission_priority": 0.8214,
        "estimated_landing_time": 288.0,
        "wait_time": 0,
        "Landing_success_rate": 1.0
    },
    {
        "model": 0,
        "sequence": 10,
        "status": 1,
        "fuel": 6953,
        "fault": 0.3562,
        "weapon": 0,
        "pilot_injury": 0.7823,
        "pilot_skill": 0.4943,
        "mission_priority": 0.1115,
        "estimated_landing_time": 946.0,
        "wait_time": 0,
        "Landing_success_rate": 1.0
    },
    {
        "model": 1,
        "sequence": 5,
        "status": 1,
        "fuel": 5781,
        "fault": 0.4388,
        "weapon": 0,
        "pilot_injury": 0.2136,
        "pilot_skill": 0.8159,
        "mission_priority": 0.2467,
        "estimated_landing_time": 476.0,
        "wait_time": 0,
        "Landing_success_rate": 1.0
    },
    {
        "model": 2,
        "sequence": 11,
        "status": 1,
        "fuel": 6178,
        "fault": 0.4651,
        "weapon": 1,
        "pilot_injury": 0.1589,
        "pilot_skill": 0.7372,
        "mission_priority": 0.6899,
        "estimated_landing_time": 1040.0,
        "wait_time": 0,
        "Landing_success_rate": 1.0
    },
    {
        "model": 0,
        "sequence": 8,
        "status": 1,
        "fuel": 6254,
        "fault": 0.4915,
        "weapon": 0,
        "pilot_injury": 0.1058,
        "pilot_skill": 0.4359,
        "mission_priority": 0.0866,
        "estimated_landing_time": 758.0,
        "wait_time": 0,
        "Landing_success_rate": 1.0
    },
    {
        "model": 2,
        "sequence": 9,
        "status": 1,
        "fuel": 5742,
        "fault": 0.4571,
        "weapon": 1,
        "pilot_injury": 0.5745,
        "pilot_skill": 0.7427,
        "mission_priority": 0.5739,
        "estimated_landing_time": 852.0,
        "wait_time": 0,
        "Landing_success_rate": 1.0
    },
    {
        "model": 0,
        "sequence": 7,
        "status": 1,
        "fuel": 5512,
        "fault": 0.3537,
        "weapon": 1,
        "pilot_injury": 0.7554,
        "pilot_skill": 0.1384,
        "mission_priority": 0.8169,
        "estimated_landing_time": 664.0,
        "wait_time": 0,
        "Landing_success_rate": 1.0
    },
    {
        "model": 2,
        "sequence": 12,
        "status": 1,
        "fuel": 7192,
        "fault": 0.4114,
        "weapon": 1,
        "pilot_injury": 0.5198,
        "pilot_skill": 0.3957,
        "mission_priority": 0.2964,
        "estimated_landing_time": 1134.0,
        "wait_time": 0,
        "Landing_success_rate": 1.0
    },
    {
        "model": 1,
        "sequence": 6,
        "status": 1,
        "fuel": 6764,
        "fault": 0.761,
        "weapon": 1,
        "pilot_injury": 0.7627,
        "pilot_skill": 0.8468,
        "mission_priority": 0.9088,
        "estimated_landing_time": 570.0,
        "wait_time": 0,
        "Landing_success_rate": 1.0
    },
    {
        "model": 1,
        "sequence": 2,
        "status": 1,
        "fuel": 6270,
        "fault": 0.6792,
        "weapon": 0,
        "pilot_injury": 0.4564,
        "pilot_skill": 0.0003,
        "mission_priority": 0.5065,
        "estimated_landing_time": 194.0,
        "wait_time": 0,
        "Landing_success_rate": 1.0
    }
]