[
    {
        "model": 0,
        "sequence": 2,
        "status": 1,
        "fuel": 7016,
        "fault": 0.6815,
        "weapon": 1,
        "pilot_injury": 0.5368,
        "pilot_skill": 0.6487,
        "mission_priority": 0.7107,
        "estimated_landing_time": 194.0,
        "wait_time": 0,
        "Landing_success_rate": 1.0
    },
    {
        "model": 1,
        "sequence": 10,
        "status": 1,
        "fuel": 5630,
        "fault": 0.5458,
        "weapon": 1,
        "pilot_injury": 0.3595,
        "pilot_skill": 0.1794,
        "mission_priority": 0.2046,
        "estimated_landing_time": 946.0,
        "wait_time": 0,
        "Landing_success_rate": 1.0
    },
    {
        "model": 1,
        "sequence": 6,
        "status": 1,
        "fuel": 5770,
        "fault": 0.4851,
        "weapon": 0,
        "pilot_injury": 0.0917,
        "pilot_skill": 0.3215,
        "mission_priority": 0.6282,
        "estimated_landing_time": 570.0,
        "wait_time": 0,
        "Landing_success_rate": 1.0
    },
    {
        "model": 2,
        "sequence": 4,
        "status": 1,
        "fuel": 6399,
        "fault": 0.3667,
        "weapon": 0,
        "pilot_injury": 0.2527,
        "pilot_skill": 0.1341,
        "mission_priority": 0.1931,
        "estimated_landing_time": 382.0,
        "wait_time": 0,
        "Landing_success_rate": 1.0
    },
    {
        "model": 2,
        "sequence": 11,
        "status": 1,
        "fuel": 6734,
        "fault": 0.3368,
        "weapon": 1,
        "pilot_injury": 0.1825,
        "pilot_skill": 0.8407,
        "mission_priority": 0.3952,
        "estimated_landing_time": 1040.0,
        "wait_time": 0,
        "Landing_success_rate": 1.0
    },
    {
        "model": 2,
        "sequence": 5,
        "status": 1,
        "fuel": 6598,
        "fault": 0.2053,
        "weapon": 0,
        "pilot_injury": 0.3932,
        "pilot_skill": 0.5049,
        "mission_priority": 0.8926,
        "estimated_landing_time": 476.0,
        "wait_time": 0,
        "Landing_success_rate": 1.0
    },
    {
        "model": 0,
        "sequence": 9,
        "status": 1,
        "fuel": 6278,
        "fault": 0.6531,
        "weapon": 0,
        "pilot_injury": 0.2218,
        "pilot_skill": 0.4034,
        "mission_priority": 0.9756,
        "estimated_landing_time": 852.0,
        "wait_time": 0,
        "Landing_success_rate": 1.0
    },
    {
        "model": 2,
        "sequence": 12,
        "status": 1,
        "fuel": 7224,
        "fault": 0.2481,
        "weapon": 1,
        "pilot_injury": 0.4499,
        "pilot_skill": 0.532,
        "mission_priority": 0.429,
        "estimated_landing_time": 1134.0,
        "wait_time": 0,
        "Landing_success_rate": 1.0
    },
    {
        "model": 2,
        "sequence": 1,
        "status": 1,
        "fuel": 5883,
        "fault": 0.3234,
        "weapon": 1,
        "pilot_injury": 0.5074,
        "pilot_skill": 0.4809,
        "mission_priority": 0.3403,
        "estimated_landing_time": 100.0,
        "wait_time": 0,
        "Landing_success_rate": 1.0
    },
    {
        "model": 2,
        "sequence": 7,
        "status": 1,
        "fuel": 6892,
        "fault": 0.9445,
        "weapon": 0,
        "pilot_injury": 0.3161,
        "pilot_skill": 0.8007,
        "mission_priority": 0.7153,
        "estimated_landing_time": 664.0,
        "wait_time": 0,
        "Landing_success_rate": 1.0
    },
    {
        "model": 1,
        "sequence": 3,
        "status": 1,
        "fuel": 6376,
        "fault": 0.3445,
        "weapon": 0,
        "pilot_injury": 0.6234,
        "pilot_skill": 0.898,
        "mission_priority": 0.1677,
        "estimated_landing_time": 288.0,
        "wait_time": 0,
        "Landing_success_rate": 1.0
    },
    {
        "model": 2,
        "sequence": 8,
        "status": 1,
        "fuel": 6615,
        "fault": 0.0539,
        "weapon": 0,
        "pilot_injury": 0.2716,
        "pilot_skill": 0.7408,
        "mission_priority": 0.7785,
        "estimated_landing_time": 758.0,
        "wait_time": 0,
        "Landing_success_rate": 1.0
    }
]