[
    {
        "model": 0,
        "sequence": 8,
        "status": 1,
        "fuel": 5803,
        "fault": 0.3717,
        "weapon": 1,
        "pilot_injury": 0.0724,
        "pilot_skill": 0.1076,
        "mission_priority": 0.647,
        "estimated_landing_time": 758.0,
        "wait_time": 0,
        "Landing_success_rate": 1.0
    },
    {
        "model": 0,
        "sequence": 1,
        "status": 1,
        "fuel": 5755,
        "fault": 0.4519,
        "weapon": 1,
        "pilot_injury": 0.4897,
        "pilot_skill": 0.9457,
        "mission_priority": 0.9455,
        "estimated_landing_time": 100.0,
        "wait_time": 0,
        "Landing_success_rate": 1.0
    },
    {
        "model": 1,
        "sequence": 12,
        "status": 1,
        "fuel": 5604,
        "fault": 0.7422,
        "weapon": 1,
        "pilot_injury": 0.5939,
        "pilot_skill": 0.9755,
        "mission_priority": 0.4776,
        "estimated_landing_time": 1134.0,
        "wait_time": 0,
        "Landing_success_rate": 1.0
    },
    {
        "model": 0,
        "sequence": 2,
        "status": 1,
        "fuel": 5601,
        "fault": 0.691,
        "weapon": 0,
        "pilot_injury": 0.4974,
        "pilot_skill": 0.7956,
        "mission_priority": 0.261,
        "estimated_landing_time": 194.0,
        "wait_time": 0,
        "Landing_success_rate": 1.0
    },
    {
        "model": 2,
        "sequence": 11,
        "status": 1,
        "fuel": 5888,
        "fault": 0.772,
        "weapon": 0,
        "pilot_injury": 0.9436,
        "pilot_skill": 0.5007,
        "mission_priority": 0.6353,
        "estimated_landing_time": 1040.0,
        "wait_time": 0,
        "Landing_success_rate": 1.0
    },
    {
        "model": 1,
        "sequence": 7,
        "status": 1,
        "fuel": 6597,
        "fault": 0.7349,
        "weapon": 1,
        "pilot_injury": 0.3903,
        "pilot_skill": 0.7069,
        "mission_priority": 0.972,
        "estimated_landing_time": 664.0,
        "wait_time": 0,
        "Landing_success_rate": 1.0
    },
    {
        "model": 0,
        "sequence": 5,
        "status": 1,
        "fuel": 7013,
        "fault": 0.0979,
        "weapon": 0,
        "pilot_injury": 0.0951,
        "pilot_skill": 0.2424,
        "mission_priority": 0.3768,
        "estimated_landing_time": 476.0,
        "wait_time": 0,
        "Landing_success_rate": 1.0
    },
    {
        "model": 0,
        "sequence": 3,
        "status": 1,
        "fuel": 5652,
        "fault": 0.3987,
        "weapon": 0,
        "pilot_injury": 0.2276,
        "pilot_skill": 0.7778,
        "mission_priority": 0.9626,
        "estimated_landing_time": 288.0,
        "wait_time": 0,
        "Landing_success_rate": 1.0
    },
    {
        "model": 0,
        "sequence": 10,
        "status": 1,
        "fuel": 6714,
        "fault": 0.2829,
        "weapon": 0,
        "pilot_injury": 0.2581,
        "pilot_skill": 0.928,
        "mission_priority": 0.6729,
        "estimated_landing_time": 946.0,
        "wait_time": 0,
        "Landing_success_rate": 1.0
    },
    {
        "model": 2,
        "sequence": 4,
        "status": 1,
        "fuel": 6267,
        "fault": 0.7476,
        "weapon": 1,
        "pilot_injury": 0.5985,
        "pilot_skill": 0.5276,
        "mission_priority": 0.293,
        "estimated_landing_time": 382.0,
        "wait_time": 0,
        "Landing_success_rate": 1.0
    },
    {
        "model": 0,
        "sequence": 9,
        "status": 1,
        "fuel": 6660,
        "fault": 0.3535,
        "weapon": 1,
        "pilot_injury": 0.7065,
        "pilot_skill": 0.0332,
        "mission_priority": 0.5674,
        "estimated_landing_time": 852.0,
        "wait_time": 0,
        "Landing_success_rate": 1.0
    },
    {
        "model": 2,
        "sequence": 6,
        "status": 1,
        "fuel": 6611,
        "fault": 0.6912,
        "weapon": 1,
        "pilot_injury": 0.6231,
        "pilot_skill": 0.3109,
        "mission_priority": 0.4409,
        "estimated_landing_time": 570.0,
        "wait_time": 0,
        "Landing_success_rate": 1.0
    }
]