[
    {
        "model": 1,
        "sequence": 4,
        "status": 1,
        "fuel": 7171,
        "fault": 0.5922,
        "weapon": 0,
        "pilot_injury": 0.5213,
        "pilot_skill": 0.8574,
        "mission_priority": 0.304,
        "estimated_landing_time": 382.0,
        "wait_time": 0,
        "Landing_success_rate": 1.0
    },
    {
        "model": 2,
        "sequence": 8,
        "status": 1,
        "fuel": 5920,
        "fault": 0.8061,
        "weapon": 0,
        "pilot_injury": 0.073,
        "pilot_skill": 0.7564,
        "mission_priority": 0.2553,
        "estimated_landing_time": 758.0,
        "wait_time": 0,
        "Landing_success_rate": 1.0
    },
    {
        "model": 1,
        "sequence": 12,
        "status": 1,
        "fuel": 7062,
        "fault": 0.5212,
        "weapon": 1,
        "pilot_injury": 0.7056,
        "pilot_skill": 0.3948,
        "mission_priority": 0.0392,
        "estimated_landing_time": 1134.0,
        "wait_time": 0,
        "Landing_success_rate": 1.0
    },
    {
        "model": 1,
        "sequence": 9,
        "status": 1,
        "fuel": 6554,
        "fault": 0.661,
        "weapon": 1,
        "pilot_injury": 0.2717,
        "pilot_skill": 0.4969,
        "mission_priority": 0.0278,
        "estimated_landing_time": 852.0,
        "wait_time": 0,
        "Landing_success_rate": 1.0
    },
    {
        "model": 0,
        "sequence": 3,
        "status": 1,
        "fuel": 6680,
        "fault": 0.1235,
        "weapon": 1,
        "pilot_injury": 0.5172,
        "pilot_skill": 0.2082,
        "mission_priority": 0.7767,
        "estimated_landing_time": 288.0,
        "wait_time": 0,
        "Landing_success_rate": 1.0
    },
    {
        "model": 1,
        "sequence": 5,
        "status": 1,
        "fuel": 6259,
        "fault": 0.9026,
        "weapon": 0,
        "pilot_injury": 0.2715,
        "pilot_skill": 0.4252,
        "mission_priority": 0.2075,
        "estimated_landing_time": 476.0,
        "wait_time": 0,
        "Landing_success_rate": 1.0
    },
    {
        "model": 1,
        "sequence": 1,
        "status": 1,
        "fuel": 6637,
        "fault": 0.7199,
        "weapon": 1,
        "pilot_injury": 0.0161,
        "pilot_skill": 0.0282,
        "mission_priority": 0.4711,
        "estimated_landing_time": 100.0,
        "wait_time": 0,
        "Landing_success_rate": 1.0
    },
    {
        "model": 1,
        "sequence": 11,
        "status": 1,
        "fuel": 6492,
        "fault": 0.5669,
        "weapon": 0,
        "pilot_injury": 0.4082,
        "pilot_skill": 0.6544,
        "mission_priority": 0.9524,
        "estimated_landing_time": 1040.0,
        "wait_time": 0,
        "Landing_success_rate": 1.0
    },
    {
        "model": 0,
        "sequence": 6,
        "status": 1,
        "fuel": 5591,
        "fault": 0.7237,
        "weapon": 1,
        "pilot_injury": 0.753,
        "pilot_skill": 0.9218,
        "mission_priority": 0.214,
        "estimated_landing_time": 570.0,
        "wait_time": 0,
        "Landing_success_rate": 1.0
    },
    {
        "model": 2,
        "sequence": 7,
        "status": 1,
        "fuel": 6334,
        "fault": 0.3319,
        "weapon": 1,
        "pilot_injury": 0.3928,
        "pilot_skill": 0.3138,
        "mission_priority": 0.952,
        "estimated_landing_time": 664.0,
        "wait_time": 0,
        "Landing_success_rate": 1.0
    },
    {
        "model": 0,
        "sequence": 10,
        "status": 1,
        "fuel": 6377,
        "fault": 0.4057,
        "weapon": 1,
        "pilot_injury": 0.7918,
        "pilot_skill": 0.3045,
        "mission_priority": 0.1764,
        "estimated_landing_time": 946.0,
        "wait_time": 0,
        "Landing_success_rate": 1.0
    },
    {
        "model": 1,
        "sequence": 2,
        "status": 1,
        "fuel": 5509,
        "fault": 0.6178,
        "weapon": 0,
        "pilot_injury": 0.8257,
        "pilot_skill": 0.457,
        "mission_priority": 0.8146,
        "estimated_landing_time": 194.0,
        "wait_time": 0,
        "Landing_success_rate": 1.0
    }
]