[
    {
        "model": 1,
        "sequence": 8,
        "status": 1,
        "fuel": 6447,
        "fault": 0.2328,
        "weapon": 1,
        "pilot_injury": 0.6161,
        "pilot_skill": 0.815,
        "mission_priority": 0.4523,
        "estimated_landing_time": 758.0,
        "wait_time": 0,
        "Landing_success_rate": 1.0
    },
    {
        "model": 2,
        "sequence": 10,
        "status": 1,
        "fuel": 6664,
        "fault": 0.4484,
        "weapon": 1,
        "pilot_injury": 0.1168,
        "pilot_skill": 0.4866,
        "mission_priority": 0.4085,
        "estimated_landing_time": 946.0,
        "wait_time": 0,
        "Landing_success_rate": 1.0
    },
    {
        "model": 2,
        "sequence": 12,
        "status": 1,
        "fuel": 6291,
        "fault": 0.8503,
        "weapon": 1,
        "pilot_injury": 0.0284,
        "pilot_skill": 0.877,
        "mission_priority": 0.6078,
        "estimated_landing_time": 1134.0,
        "wait_time": 0,
        "Landing_success_rate": 1.0
    },
    {
        "model": 0,
        "sequence": 5,
        "status": 1,
        "fuel": 6876,
        "fault": 0.0621,
        "weapon": 0,
        "pilot_injury": 0.5995,
        "pilot_skill": 0.7009,
        "mission_priority": 0.908,
        "estimated_landing_time": 476.0,
        "wait_time": 0,
        "Landing_success_rate": 1.0
    },
    {
        "model": 2,
        "sequence": 11,
        "status": 1,
        "fuel": 6820,
        "fault": 0.9237,
        "weapon": 1,
        "pilot_injury": 0.709,
        "pilot_skill": 0.9584,
        "mission_priority": 0.9808,
        "estimated_landing_time": 1040.0,
        "wait_time": 0,
        "Landing_success_rate": 1.0
    },
    {
        "model": 0,
        "sequence": 4,
        "status": 1,
        "fuel": 5526,
        "fault": 0.1164,
        "weapon": 0,
        "pilot_injury": 0.1192,
        "pilot_skill": 0.946,
        "mission_priority": 0.4339,
        "estimated_landing_time": 382.0,
        "wait_time": 0,
        "Landing_success_rate": 1.0
    },
    {
        "model": 2,
        "sequence": 1,
        "status": 1,
        "fuel": 7225,
        "fault": 0.3625,
        "weapon": 0,
        "pilot_injury": 0.1045,
        "pilot_skill": 0.7296,
        "mission_priority": 0.6253,
        "estimated_landing_time": 100.0,
        "wait_time": 0,
        "Landing_success_rate": 1.0
    },
    {
        "model": 0,
        "sequence": 6,
        "status": 1,
        "fuel": 7388,
        "fault": 0.32,
        "weapon": 0,
        "pilot_injury": 0.1499,
        "pilot_skill": 0.6045,
        "mission_priority": 0.4771,
        "estimated_landing_time": 570.0,
        "wait_time": 0,
        "Landing_success_rate": 1.0
    },
    {
        "model": 1,
        "sequence": 2,
        "status": 1,
        "fuel": 6707,
        "fault": 0.5188,
        "weapon": 1,
        "pilot_injury": 0.3496,
        "pilot_skill": 0.2582,
        "mission_priority": 0.2224,
        "estimated_landing_time": 194.0,
        "wait_time": 0,
        "Landing_success_rate": 1.0
    },
    {
        "model": 2,
        "sequence": 7,
        "status": 1,
        "fuel": 5641,
        "fault": 0.7547,
        "weapon": 1,
        "pilot_injury": 0.2951,
        "pilot_skill": 0.4055,
        "mission_priority": 0.8714,
        "estimated_landing_time": 664.0,
        "wait_time": 0,
        "Landing_success_rate": 1.0
    },
    {
        "model": 0,
        "sequence": 9,
        "status": 1,
        "fuel": 6873,
        "fault": 0.3571,
        "weapon": 1,
        "pilot_injury": 0.8983,
        "pilot_skill": 0.7497,
        "mission_priority": 0.2279,
        "estimated_landing_time": 852.0,
        "wait_time": 0,
        "Landing_success_rate": 1.0
    },
    {
        "model": 0,
        "sequence": 3,
        "status": 1,
        "fuel": 6578,
        "fault": 0.2802,
        "weapon": 1,
        "pilot_injury": 0.4965,
        "pilot_skill": 0.7336,
        "mission_priority": 0.9711,
        "estimated_landing_time": 288.0,
        "wait_time": 0,
        "Landing_success_rate": 1.0
    }
]