[
    {
        "model": 2,
        "sequence": 6,
        "status": 1,
        "fuel": 6711,
        "fault": 0.1619,
        "weapon": 0,
        "pilot_injury": 0.2869,
        "pilot_skill": 0.6479,
        "mission_priority": 0.3585,
        "estimated_landing_time": 570.0,
        "wait_time": 0,
        "Landing_success_rate": 1.0
    },
    {
        "model": 2,
        "sequence": 9,
        "status": 1,
        "fuel": 7318,
        "fault": 0.1287,
        "weapon": 1,
        "pilot_injury": 0.169,
        "pilot_skill": 0.074,
        "mission_priority": 0.2362,
        "estimated_landing_time": 852.0,
        "wait_time": 0,
        "Landing_success_rate": 1.0
    },
    {
        "model": 2,
        "sequence": 1,
        "status": 1,
        "fuel": 6831,
        "fault": 0.9196,
        "weapon": 1,
        "pilot_injury": 0.7957,
        "pilot_skill": 0.3397,
        "mission_priority": 0.3871,
        "estimated_landing_time": 100.0,
        "wait_time": 0,
        "Landing_success_rate": 1.0
    },
    {
        "model": 1,
        "sequence": 11,
        "status": 1,
        "fuel": 6979,
        "fault": 0.0575,
        "weapon": 0,
        "pilot_injury": 0.1192,
        "pilot_skill": 0.5011,
        "mission_priority": 0.6462,
        "estimated_landing_time": 1040.0,
        "wait_time": 0,
        "Landing_success_rate": 1.0
    },
    {
        "model": 2,
        "sequence": 8,
        "status": 1,
        "fuel": 6481,
        "fault": 0.5149,
        "weapon": 0,
        "pilot_injury": 0.0568,
        "pilot_skill": 0.4282,
        "mission_priority": 0.2386,
        "estimated_landing_time": 758.0,
        "wait_time": 0,
        "Landing_success_rate": 1.0
    },
    {
        "model": 1,
        "sequence": 2,
        "status": 1,
        "fuel": 6860,
        "fault": 0.7328,
        "weapon": 0,
        "pilot_injury": 0.2813,
        "pilot_skill": 0.0952,
        "mission_priority": 0.2534,
        "estimated_landing_time": 194.0,
        "wait_time": 0,
        "Landing_success_rate": 1.0
    },
    {
        "model": 0,
        "sequence": 10,
        "status": 1,
        "fuel": 6752,
        "fault": 0.0942,
        "weapon": 1,
        "pilot_injury": 0.5382,
        "pilot_skill": 0.9737,
        "mission_priority": 0.3994,
        "estimated_landing_time": 946.0,
        "wait_time": 0,
        "Landing_success_rate": 1.0
    },
    {
        "model": 1,
        "sequence": 4,
        "status": 1,
        "fuel": 5850,
        "fault": 0.6491,
        "weapon": 0,
        "pilot_injury": 0.173,
        "pilot_skill": 0.1926,
        "mission_priority": 0.7623,
        "estimated_landing_time": 382.0,
        "wait_time": 0,
        "Landing_success_rate": 1.0
    },
    {
        "model": 0,
        "sequence": 12,
        "status": 1,
        "fuel": 6279,
        "fault": 0.7735,
        "weapon": 0,
        "pilot_injury": 0.5227,
        "pilot_skill": 0.5443,
        "mission_priority": 0.3576,
        "estimated_landing_time": 1134.0,
        "wait_time": 0,
        "Landing_success_rate": 1.0
    },
    {
        "model": 2,
        "sequence": 3,
        "status": 1,
        "fuel": 6359,
        "fault": 0.0801,
        "weapon": 0,
        "pilot_injury": 0.3291,
        "pilot_skill": 0.2651,
        "mission_priority": 0.9257,
        "estimated_landing_time": 288.0,
        "wait_time": 0,
        "Landing_success_rate": 1.0
    },
    {
        "model": 2,
        "sequence": 7,
        "status": 1,
        "fuel": 5986,
        "fault": 0.5822,
        "weapon": 0,
        "pilot_injury": 0.3503,
        "pilot_skill": 0.0862,
        "mission_priority": 0.1859,
        "estimated_landing_time": 664.0,
        "wait_time": 0,
        "Landing_success_rate": 1.0
    },
    {
        "model": 1,
        "sequence": 5,
        "status": 1,
        "fuel": 6419,
        "fault": 0.5798,
        "weapon": 1,
        "pilot_injury": 0.4066,
        "pilot_skill": 0.782,
        "mission_priority": 0.709,
        "estimated_landing_time": 476.0,
        "wait_time": 0,
        "Landing_success_rate": 1.0
    }
]