[
    {
        "model": 0,
        "sequence": 11,
        "status": 1,
        "fuel": 6576,
        "fault": 0.107,
        "weapon": 0,
        "pilot_injury": 0.2717,
        "pilot_skill": 0.232,
        "mission_priority": 0.3991,
        "estimated_landing_time": 1040.0,
        "wait_time": 0,
        "Landing_success_rate": 1.0
    },
    {
        "model": 2,
        "sequence": 4,
        "status": 1,
        "fuel": 6395,
        "fault": 0.2323,
        "weapon": 1,
        "pilot_injury": 0.7285,
        "pilot_skill": 0.611,
        "mission_priority": 0.0812,
        "estimated_landing_time": 382.0,
        "wait_time": 0,
        "Landing_success_rate": 1.0
    },
    {
        "model": 2,
        "sequence": 2,
        "status": 1,
        "fuel": 6725,
        "fault": 0.3653,
        "weapon": 0,
        "pilot_injury": 0.9346,
        "pilot_skill": 0.2893,
        "mission_priority": 0.7262,
        "estimated_landing_time": 194.0,
        "wait_time": 0,
        "Landing_success_rate": 1.0
    },
    {
        "model": 2,
        "sequence": 12,
        "status": 1,
        "fuel": 5994,
        "fault": 0.1533,
        "weapon": 0,
        "pilot_injury": 0.9032,
        "pilot_skill": 0.4912,
        "mission_priority": 0.6789,
        "estimated_landing_time": 1134.0,
        "wait_time": 0,
        "Landing_success_rate": 1.0
    },
    {
        "model": 2,
        "sequence": 8,
        "status": 1,
        "fuel": 6061,
        "fault": 0.7295,
        "weapon": 1,
        "pilot_injury": 0.5861,
        "pilot_skill": 0.319,
        "mission_priority": 0.4997,
        "estimated_landing_time": 758.0,
        "wait_time": 0,
        "Landing_success_rate": 1.0
    },
    {
        "model": 1,
        "sequence": 3,
        "status": 1,
        "fuel": 7049,
        "fault": 0.1201,
        "weapon": 1,
        "pilot_injury": 0.4871,
        "pilot_skill": 0.0046,
        "mission_priority": 0.6497,
        "estimated_landing_time": 288.0,
        "wait_time": 0,
        "Landing_success_rate": 1.0
    },
    {
        "model": 2,
        "sequence": 7,
        "status": 1,
        "fuel": 5630,
        "fault": 0.3271,
        "weapon": 1,
        "pilot_injury": 0.0941,
        "pilot_skill": 0.2204,
        "mission_priority": 0.2238,
        "estimated_landing_time": 664.0,
        "wait_time": 0,
        "Landing_success_rate": 1.0
    },
    {
        "model": 0,
        "sequence": 9,
        "status": 1,
        "fuel": 5532,
        "fault": 0.0506,
        "weapon": 0,
        "pilot_injury": 0.0421,
        "pilot_skill": 0.1388,
        "mission_priority": 0.079,
        "estimated_landing_time": 852.0,
        "wait_time": 0,
        "Landing_success_rate": 1.0
    },
    {
        "model": 1,
        "sequence": 1,
        "status": 1,
        "fuel": 6761,
        "fault": 0.6424,
        "weapon": 1,
        "pilot_injury": 0.4986,
        "pilot_skill": 0.3701,
        "mission_priority": 0.8039,
        "estimated_landing_time": 100.0,
        "wait_time": 0,
        "Landing_success_rate": 1.0
    },
    {
        "model": 0,
        "sequence": 10,
        "status": 1,
        "fuel": 6472,
        "fault": 0.9613,
        "weapon": 1,
        "pilot_injury": 0.7213,
        "pilot_skill": 0.4334,
        "mission_priority": 0.7932,
        "estimated_landing_time": 946.0,
        "wait_time": 0,
        "Landing_success_rate": 1.0
    },
    {
        "model": 2,
        "sequence": 5,
        "status": 1,
        "fuel": 6855,
        "fault": 0.9472,
        "weapon": 0,
        "pilot_injury": 0.504,
        "pilot_skill": 0.9672,
        "mission_priority": 0.6616,
        "estimated_landing_time": 476.0,
        "wait_time": 0,
        "Landing_success_rate": 1.0
    },
    {
        "model": 0,
        "sequence": 6,
        "status": 1,
        "fuel": 6649,
        "fault": 0.0809,
        "weapon": 0,
        "pilot_injury": 0.4832,
        "pilot_skill": 0.9087,
        "mission_priority": 0.3226,
        "estimated_landing_time": 570.0,
        "wait_time": 0,
        "Landing_success_rate": 1.0
    }
]