[
    {
        "model": 1,
        "sequence": 12,
        "status": 1,
        "fuel": 5901,
        "fault": 0.5884,
        "weapon": 1,
        "pilot_injury": 0.0878,
        "pilot_skill": 0.0043,
        "mission_priority": 0.6729,
        "estimated_landing_time": 1134.0,
        "wait_time": 0,
        "Landing_success_rate": 1.0
    },
    {
        "model": 0,
        "sequence": 8,
        "status": 1,
        "fuel": 6067,
        "fault": 0.5171,
        "weapon": 1,
        "pilot_injury": 0.7316,
        "pilot_skill": 0.8633,
        "mission_priority": 0.9221,
        "estimated_landing_time": 758.0,
        "wait_time": 0,
        "Landing_success_rate": 1.0
    },
    {
        "model": 2,
        "sequence": 1,
        "status": 1,
        "fuel": 6265,
        "fault": 0.3801,
        "weapon": 1,
        "pilot_injury": 0.4635,
        "pilot_skill": 0.6417,
        "mission_priority": 0.5394,
        "estimated_landing_time": 100.0,
        "wait_time": 0,
        "Landing_success_rate": 1.0
    },
    {
        "model": 2,
        "sequence": 9,
        "status": 1,
        "fuel": 5989,
        "fault": 0.1038,
        "weapon": 1,
        "pilot_injury": 0.8865,
        "pilot_skill": 0.4185,
        "mission_priority": 0.6689,
        "estimated_landing_time": 852.0,
        "wait_time": 0,
        "Landing_success_rate": 1.0
    },
    {
        "model": 0,
        "sequence": 2,
        "status": 1,
        "fuel": 7168,
        "fault": 0.5013,
        "weapon": 1,
        "pilot_injury": 0.5653,
        "pilot_skill": 0.2102,
        "mission_priority": 0.5461,
        "estimated_landing_time": 194.0,
        "wait_time": 0,
        "Landing_success_rate": 1.0
    },
    {
        "model": 0,
        "sequence": 6,
        "status": 1,
        "fuel": 5642,
        "fault": 0.6948,
        "weapon": 1,
        "pilot_injury": 0.358,
        "pilot_skill": 0.1121,
        "mission_priority": 0.7999,
        "estimated_landing_time": 570.0,
        "wait_time": 0,
        "Landing_success_rate": 1.0
    },
    {
        "model": 1,
        "sequence": 3,
        "status": 1,
        "fuel": 6036,
        "fault": 0.4231,
        "weapon": 1,
        "pilot_injury": 0.4452,
        "pilot_skill": 0.7395,
        "mission_priority": 0.8085,
        "estimated_landing_time": 288.0,
        "wait_time": 0,
        "Landing_success_rate": 1.0
    },
    {
        "model": 0,
        "sequence": 5,
        "status": 1,
        "fuel": 5907,
        "fault": 0.9053,
        "weapon": 0,
        "pilot_injury": 0.2938,
        "pilot_skill": 0.6095,
        "mission_priority": 0.8113,
        "estimated_landing_time": 476.0,
        "wait_time": 0,
        "Landing_success_rate": 1.0
    },
    {
        "model": 0,
        "sequence": 7,
        "status": 1,
        "fuel": 7343,
        "fault": 0.5327,
        "weapon": 0,
        "pilot_injury": 0.4084,
        "pilot_skill": 0.7729,
        "mission_priority": 0.2409,
        "estimated_landing_time": 664.0,
        "wait_time": 0,
        "Landing_success_rate": 1.0
    },
    {
        "model": 0,
        "sequence": 4,
        "status": 1,
        "fuel": 7422,
        "fault": 0.1919,
        "weapon": 1,
        "pilot_injury": 0.2821,
        "pilot_skill": 0.2843,
        "mission_priority": 0.0183,
        "estimated_landing_time": 382.0,
        "wait_time": 0,
        "Landing_success_rate": 1.0
    },
    {
        "model": 0,
        "sequence": 11,
        "status": 1,
        "fuel": 7183,
        "fault": 0.9543,
        "weapon": 0,
        "pilot_injury": 0.0324,
        "pilot_skill": 0.5859,
        "mission_priority": 0.7817,
        "estimated_landing_time": 1040.0,
        "wait_time": 0,
        "Landing_success_rate": 1.0
    },
    {
        "model": 1,
        "sequence": 10,
        "status": 1,
        "fuel": 6674,
        "fault": 0.4777,
        "weapon": 0,
        "pilot_injury": 0.3616,
        "pilot_skill": 0.3157,
        "mission_priority": 0.4911,
        "estimated_landing_time": 946.0,
        "wait_time": 0,
        "Landing_success_rate": 1.0
    }
]