[
    {
        "model": 1,
        "sequence": 9,
        "status": 1,
        "fuel": 5759,
        "fault": 0.7059,
        "weapon": 0,
        "pilot_injury": 0.4899,
        "pilot_skill": 0.5616,
        "mission_priority": 0.4156,
        "estimated_landing_time": 852.0,
        "wait_time": 0,
        "Landing_success_rate": 1.0
    },
    {
        "model": 1,
        "sequence": 8,
        "status": 1,
        "fuel": 5628,
        "fault": 0.0488,
        "weapon": 1,
        "pilot_injury": 0.7906,
        "pilot_skill": 0.8049,
        "mission_priority": 0.8924,
        "estimated_landing_time": 758.0,
        "wait_time": 0,
        "Landing_success_rate": 1.0
    },
    {
        "model": 1,
        "sequence": 11,
        "status": 1,
        "fuel": 6532,
        "fault": 0.2364,
        "weapon": 1,
        "pilot_injury": 0.1074,
        "pilot_skill": 0.2007,
        "mission_priority": 0.9002,
        "estimated_landing_time": 1040.0,
        "wait_time": 0,
        "Landing_success_rate": 1.0
    },
    {
        "model": 0,
        "sequence": 3,
        "status": 1,
        "fuel": 7097,
        "fault": 0.9967,
        "weapon": 0,
        "pilot_injury": 0.0644,
        "pilot_skill": 0.4168,
        "mission_priority": 0.6742,
        "estimated_landing_time": 288.0,
        "wait_time": 0,
        "Landing_success_rate": 1.0
    },
    {
        "model": 1,
        "sequence": 7,
        "status": 1,
        "fuel": 6856,
        "fault": 0.8176,
        "weapon": 1,
        "pilot_injury": 0.0645,
        "pilot_skill": 0.6513,
        "mission_priority": 0.9709,
        "estimated_landing_time": 664.0,
        "wait_time": 0,
        "Landing_success_rate": 1.0
    },
    {
        "model": 0,
        "sequence": 10,
        "status": 1,
        "fuel": 5701,
        "fault": 0.7738,
        "weapon": 0,
        "pilot_injury": 0.8456,
        "pilot_skill": 0.8552,
        "mission_priority": 0.5772,
        "estimated_landing_time": 946.0,
        "wait_time": 0,
        "Landing_success_rate": 1.0
    },
    {
        "model": 0,
        "sequence": 6,
        "status": 1,
        "fuel": 7282,
        "fault": 0.7686,
        "weapon": 1,
        "pilot_injury": 0.8181,
        "pilot_skill": 0.1821,
        "mission_priority": 0.0562,
        "estimated_landing_time": 570.0,
        "wait_time": 0,
        "Landing_success_rate": 1.0
    },
    {
        "model": 0,
        "sequence": 12,
        "status": 1,
        "fuel": 6371,
        "fault": 0.266,
        "weapon": 0,
        "pilot_injury": 0.9768,
        "pilot_skill": 0.7289,
        "mission_priority": 0.3285,
        "estimated_landing_time": 1134.0,
        "wait_time": 0,
        "Landing_success_rate": 1.0
    },
    {
        "model": 1,
        "sequence": 5,
        "status": 1,
        "fuel": 6073,
        "fault": 0.8924,
        "weapon": 1,
        "pilot_injury": 0.2454,
        "pilot_skill": 0.7709,
        "mission_priority": 0.8044,
        "estimated_landing_time": 476.0,
        "wait_time": 0,
        "Landing_success_rate": 1.0
    },
    {
        "model": 1,
        "sequence": 2,
        "status": 1,
        "fuel": 6647,
        "fault": 0.9217,
        "weapon": 1,
        "pilot_injury": 0.2041,
        "pilot_skill": 0.2006,
        "mission_priority": 0.0652,
        "estimated_landing_time": 194.0,
        "wait_time": 0,
        "Landing_success_rate": 1.0
    },
    {
        "model": 2,
        "sequence": 4,
        "status": 1,
        "fuel": 7219,
        "fault": 0.6796,
        "weapon": 0,
        "pilot_injury": 0.8844,
        "pilot_skill": 0.2522,
        "mission_priority": 0.4532,
        "estimated_landing_time": 382.0,
        "wait_time": 0,
        "Landing_success_rate": 1.0
    },
    {
        "model": 2,
        "sequence": 1,
        "status": 1,
        "fuel": 6887,
        "fault": 0.463,
        "weapon": 1,
        "pilot_injury": 0.5246,
        "pilot_skill": 0.3735,
        "mission_priority": 0.867,
        "estimated_landing_time": 100.0,
        "wait_time": 0,
        "Landing_success_rate": 1.0
    }
]