[
    {
        "model": 0,
        "sequence": 10,
        "status": 1,
        "fuel": 6423,
        "fault": 0.259,
        "weapon": 1,
        "pilot_injury": 0.094,
        "pilot_skill": 0.6168,
        "mission_priority": 0.6778,
        "estimated_landing_time": 946.0,
        "wait_time": 0,
        "Landing_success_rate": 1.0
    },
    {
        "model": 0,
        "sequence": 11,
        "status": 1,
        "fuel": 6489,
        "fault": 0.0519,
        "weapon": 1,
        "pilot_injury": 0.7315,
        "pilot_skill": 0.4326,
        "mission_priority": 0.8191,
        "estimated_landing_time": 1040.0,
        "wait_time": 0,
        "Landing_success_rate": 1.0
    },
    {
        "model": 0,
        "sequence": 3,
        "status": 1,
        "fuel": 6583,
        "fault": 0.9474,
        "weapon": 0,
        "pilot_injury": 0.5399,
        "pilot_skill": 0.7286,
        "mission_priority": 0.5533,
        "estimated_landing_time": 288.0,
        "wait_time": 0,
        "Landing_success_rate": 1.0
    },
    {
        "model": 0,
        "sequence": 12,
        "status": 1,
        "fuel": 6177,
        "fault": 0.3376,
        "weapon": 1,
        "pilot_injury": 0.7223,
        "pilot_skill": 0.8245,
        "mission_priority": 0.7027,
        "estimated_landing_time": 1134.0,
        "wait_time": 0,
        "Landing_success_rate": 1.0
    },
    {
        "model": 0,
        "sequence": 7,
        "status": 1,
        "fuel": 6243,
        "fault": 0.3306,
        "weapon": 1,
        "pilot_injury": 0.5866,
        "pilot_skill": 0.3971,
        "mission_priority": 0.8832,
        "estimated_landing_time": 664.0,
        "wait_time": 0,
        "Landing_success_rate": 1.0
    },
    {
        "model": 1,
        "sequence": 9,
        "status": 1,
        "fuel": 5931,
        "fault": 0.8251,
        "weapon": 0,
        "pilot_injury": 0.1341,
        "pilot_skill": 0.5402,
        "mission_priority": 0.7156,
        "estimated_landing_time": 852.0,
        "wait_time": 0,
        "Landing_success_rate": 1.0
    },
    {
        "model": 1,
        "sequence": 4,
        "status": 1,
        "fuel": 6630,
        "fault": 0.1799,
        "weapon": 1,
        "pilot_injury": 0.14,
        "pilot_skill": 0.6206,
        "mission_priority": 0.5056,
        "estimated_landing_time": 382.0,
        "wait_time": 0,
        "Landing_success_rate": 1.0
    },
    {
        "model": 0,
        "sequence": 2,
        "status": 1,
        "fuel": 6518,
        "fault": 0.074,
        "weapon": 0,
        "pilot_injury": 0.7359,
        "pilot_skill": 0.3818,
        "mission_priority": 0.0865,
        "estimated_landing_time": 194.0,
        "wait_time": 0,
        "Landing_success_rate": 1.0
    },
    {
        "model": 0,
        "sequence": 1,
        "status": 1,
        "fuel": 6956,
        "fault": 0.2056,
        "weapon": 0,
        "pilot_injury": 0.7365,
        "pilot_skill": 0.5649,
        "mission_priority": 0.1945,
        "estimated_landing_time": 100.0,
        "wait_time": 0,
        "Landing_success_rate": 1.0
    },
    {
        "model": 1,
        "sequence": 8,
        "status": 1,
        "fuel": 6372,
        "fault": 0.1076,
        "weapon": 1,
        "pilot_injury": 0.0252,
        "pilot_skill": 0.0655,
        "mission_priority": 0.7022,
        "estimated_landing_time": 758.0,
        "wait_time": 0,
        "Landing_success_rate": 1.0
    },
    {
        "model": 1,
        "sequence": 6,
        "status": 1,
        "fuel": 6218,
        "fault": 0.6715,
        "weapon": 1,
        "pilot_injury": 0.5392,
        "pilot_skill": 0.5916,
        "mission_priority": 0.5653,
        "estimated_landing_time": 570.0,
        "wait_time": 0,
        "Landing_success_rate": 1.0
    },
    {
        "model": 0,
        "sequence": 5,
        "status": 1,
        "fuel": 6391,
        "fault": 0.5429,
        "weapon": 1,
        "pilot_injury": 0.3888,
        "pilot_skill": 0.3012,
        "mission_priority": 0.0384,
        "estimated_landing_time": 476.0,
        "wait_time": 0,
        "Landing_success_rate": 1.0
    }
]