[
    {
        "model": 0,
        "sequence": 2,
        "status": 1,
        "fuel": 6649,
        "fault": 0.8131,
        "weapon": 1,
        "pilot_injury": 0.9749,
        "pilot_skill": 0.1205,
        "mission_priority": 0.9447,
        "estimated_landing_time": 194.0,
        "wait_time": 0,
        "Landing_success_rate": 1.0
    },
    {
        "model": 1,
        "sequence": 10,
        "status": 1,
        "fuel": 6407,
        "fault": 0.3395,
        "weapon": 0,
        "pilot_injury": 0.9717,
        "pilot_skill": 0.0139,
        "mission_priority": 0.7307,
        "estimated_landing_time": 946.0,
        "wait_time": 0,
        "Landing_success_rate": 1.0
    },
    {
        "model": 1,
        "sequence": 9,
        "status": 1,
        "fuel": 6524,
        "fault": 0.6606,
        "weapon": 0,
        "pilot_injury": 0.3434,
        "pilot_skill": 0.5612,
        "mission_priority": 0.6798,
        "estimated_landing_time": 852.0,
        "wait_time": 0,
        "Landing_success_rate": 1.0
    },
    {
        "model": 0,
        "sequence": 1,
        "status": 1,
        "fuel": 5973,
        "fault": 0.0734,
        "weapon": 1,
        "pilot_injury": 0.3633,
        "pilot_skill": 0.8217,
        "mission_priority": 0.9661,
        "estimated_landing_time": 100.0,
        "wait_time": 0,
        "Landing_success_rate": 1.0
    },
    {
        "model": 1,
        "sequence": 11,
        "status": 1,
        "fuel": 6586,
        "fault": 0.5336,
        "weapon": 1,
        "pilot_injury": 0.4266,
        "pilot_skill": 0.8814,
        "mission_priority": 0.1503,
        "estimated_landing_time": 1040.0,
        "wait_time": 0,
        "Landing_success_rate": 1.0
    },
    {
        "model": 2,
        "sequence": 7,
        "status": 1,
        "fuel": 6407,
        "fault": 0.244,
        "weapon": 0,
        "pilot_injury": 0.054,
        "pilot_skill": 0.4953,
        "mission_priority": 0.3289,
        "estimated_landing_time": 664.0,
        "wait_time": 0,
        "Landing_success_rate": 1.0
    },
    {
        "model": 0,
        "sequence": 6,
        "status": 1,
        "fuel": 6517,
        "fault": 0.6883,
        "weapon": 0,
        "pilot_injury": 0.7397,
        "pilot_skill": 0.5913,
        "mission_priority": 0.9612,
        "estimated_landing_time": 570.0,
        "wait_time": 0,
        "Landing_success_rate": 1.0
    },
    {
        "model": 2,
        "sequence": 3,
        "status": 1,
        "fuel": 7431,
        "fault": 0.4688,
        "weapon": 1,
        "pilot_injury": 0.8133,
        "pilot_skill": 0.373,
        "mission_priority": 0.4653,
        "estimated_landing_time": 288.0,
        "wait_time": 0,
        "Landing_success_rate": 1.0
    },
    {
        "model": 1,
        "sequence": 8,
        "status": 1,
        "fuel": 7052,
        "fault": 0.1992,
        "weapon": 0,
        "pilot_injury": 0.4157,
        "pilot_skill": 0.532,
        "mission_priority": 0.9751,
        "estimated_landing_time": 758.0,
        "wait_time": 0,
        "Landing_success_rate": 1.0
    },
    {
        "model": 2,
        "sequence": 12,
        "status": 1,
        "fuel": 6089,
        "fault": 0.4266,
        "weapon": 1,
        "pilot_injury": 0.636,
        "pilot_skill": 0.0084,
        "mission_priority": 0.5968,
        "estimated_landing_time": 1134.0,
        "wait_time": 0,
        "Landing_success_rate": 1.0
    },
    {
        "model": 1,
        "sequence": 4,
        "status": 1,
        "fuel": 7238,
        "fault": 0.2286,
        "weapon": 0,
        "pilot_injury": 0.8071,
        "pilot_skill": 0.0323,
        "mission_priority": 0.0488,
        "estimated_landing_time": 382.0,
        "wait_time": 0,
        "Landing_success_rate": 1.0
    },
    {
        "model": 1,
        "sequence": 5,
        "status": 1,
        "fuel": 7473,
        "fault": 0.6833,
        "weapon": 1,
        "pilot_injury": 0.575,
        "pilot_skill": 0.2703,
        "mission_priority": 0.173,
        "estimated_landing_time": 476.0,
        "wait_time": 0,
        "Landing_success_rate": 1.0
    }
]