[
    {
        "model": 1,
        "sequence": 11,
        "status": 1,
        "fuel": 5903,
        "fault": 0.5028,
        "weapon": 1,
        "pilot_injury": 0.9462,
        "pilot_skill": 0.3176,
        "mission_priority": 0.0634,
        "estimated_landing_time": 1040.0,
        "wait_time": 0,
        "Landing_success_rate": 1.0
    },
    {
        "model": 1,
        "sequence": 2,
        "status": 1,
        "fuel": 6578,
        "fault": 0.637,
        "weapon": 0,
        "pilot_injury": 0.5866,
        "pilot_skill": 0.7788,
        "mission_priority": 0.8088,
        "estimated_landing_time": 194.0,
        "wait_time": 0,
        "Landing_success_rate": 1.0
    },
    {
        "model": 1,
        "sequence": 5,
        "status": 1,
        "fuel": 7424,
        "fault": 0.4777,
        "weapon": 0,
        "pilot_injury": 0.1771,
        "pilot_skill": 0.1482,
        "mission_priority": 0.574,
        "estimated_landing_time": 476.0,
        "wait_time": 0,
        "Landing_success_rate": 1.0
    },
    {
        "model": 0,
        "sequence": 1,
        "status": 1,
        "fuel": 6136,
        "fault": 0.8311,
        "weapon": 0,
        "pilot_injury": 0.4985,
        "pilot_skill": 0.6022,
        "mission_priority": 0.0321,
        "estimated_landing_time": 100.0,
        "wait_time": 0,
        "Landing_success_rate": 1.0
    },
    {
        "model": 2,
        "sequence": 3,
        "status": 1,
        "fuel": 6537,
        "fault": 0.6692,
        "weapon": 1,
        "pilot_injury": 0.1931,
        "pilot_skill": 0.6522,
        "mission_priority": 0.5466,
        "estimated_landing_time": 288.0,
        "wait_time": 0,
        "Landing_success_rate": 1.0
    },
    {
        "model": 1,
        "sequence": 8,
        "status": 1,
        "fuel": 5980,
        "fault": 0.3149,
        "weapon": 0,
        "pilot_injury": 0.4131,
        "pilot_skill": 0.6164,
        "mission_priority": 0.1173,
        "estimated_landing_time": 758.0,
        "wait_time": 0,
        "Landing_success_rate": 1.0
    },
    {
        "model": 0,
        "sequence": 7,
        "status": 1,
        "fuel": 6017,
        "fault": 0.8173,
        "weapon": 0,
        "pilot_injury": 0.6227,
        "pilot_skill": 0.4845,
        "mission_priority": 0.1765,
        "estimated_landing_time": 664.0,
        "wait_time": 0,
        "Landing_success_rate": 1.0
    },
    {
        "model": 0,
        "sequence": 10,
        "status": 1,
        "fuel": 5686,
        "fault": 0.4613,
        "weapon": 0,
        "pilot_injury": 0.8205,
        "pilot_skill": 0.6116,
        "mission_priority": 0.3727,
        "estimated_landing_time": 946.0,
        "wait_time": 0,
        "Landing_success_rate": 1.0
    },
    {
        "model": 2,
        "sequence": 6,
        "status": 1,
        "fuel": 6155,
        "fault": 0.6364,
        "weapon": 1,
        "pilot_injury": 0.8891,
        "pilot_skill": 0.818,
        "mission_priority": 0.5749,
        "estimated_landing_time": 570.0,
        "wait_time": 0,
        "Landing_success_rate": 1.0
    },
    {
        "model": 1,
        "sequence": 4,
        "status": 1,
        "fuel": 5679,
        "fault": 0.6284,
        "weapon": 0,
        "pilot_injury": 0.4662,
        "pilot_skill": 0.6443,
        "mission_priority": 0.3074,
        "estimated_landing_time": 382.0,
        "wait_time": 0,
        "Landing_success_rate": 1.0
    },
    {
        "model": 2,
        "sequence": 9,
        "status": 1,
        "fuel": 5748,
        "fault": 0.5224,
        "weapon": 1,
        "pilot_injury": 0.33,
        "pilot_skill": 0.8307,
        "mission_priority": 0.4873,
        "estimated_landing_time": 852.0,
        "wait_time": 0,
        "Landing_success_rate": 1.0
    },
    {
        "model": 1,
        "sequence": 12,
        "status": 1,
        "fuel": 5999,
        "fault": 0.6456,
        "weapon": 0,
        "pilot_injury": 0.6996,
        "pilot_skill": 0.8651,
        "mission_priority": 0.8074,
        "estimated_landing_time": 1134.0,
        "wait_time": 0,
        "Landing_success_rate": 1.0
    }
]