[
    {
        "model": 2,
        "sequence": 4,
        "status": 1,
        "fuel": 7042,
        "fault": 0.8908,
        "weapon": 0,
        "pilot_injury": 0.8974,
        "pilot_skill": 0.9289,
        "mission_priority": 0.0762,
        "estimated_landing_time": 382.0,
        "wait_time": 0,
        "Landing_success_rate": 1.0
    },
    {
        "model": 0,
        "sequence": 9,
        "status": 1,
        "fuel": 6159,
        "fault": 0.9141,
        "weapon": 0,
        "pilot_injury": 0.3724,
        "pilot_skill": 0.5689,
        "mission_priority": 0.4581,
        "estimated_landing_time": 852.0,
        "wait_time": 0,
        "Landing_success_rate": 1.0
    },
    {
        "model": 0,
        "sequence": 6,
        "status": 1,
        "fuel": 5623,
        "fault": 0.1558,
        "weapon": 1,
        "pilot_injury": 0.526,
        "pilot_skill": 0.3237,
        "mission_priority": 0.5815,
        "estimated_landing_time": 570.0,
        "wait_time": 0,
        "Landing_success_rate": 1.0
    },
    {
        "model": 0,
        "sequence": 1,
        "status": 1,
        "fuel": 6558,
        "fault": 0.6945,
        "weapon": 1,
        "pilot_injury": 0.6183,
        "pilot_skill": 0.6646,
        "mission_priority": 0.3101,
        "estimated_landing_time": 100.0,
        "wait_time": 0,
        "Landing_success_rate": 1.0
    },
    {
        "model": 2,
        "sequence": 2,
        "status": 1,
        "fuel": 6802,
        "fault": 0.1973,
        "weapon": 0,
        "pilot_injury": 0.7544,
        "pilot_skill": 0.4341,
        "mission_priority": 0.3653,
        "estimated_landing_time": 194.0,
        "wait_time": 0,
        "Landing_success_rate": 1.0
    },
    {
        "model": 2,
        "sequence": 7,
        "status": 1,
        "fuel": 7015,
        "fault": 0.4919,
        "weapon": 1,
        "pilot_injury": 0.0095,
        "pilot_skill": 0.4712,
        "mission_priority": 0.1734,
        "estimated_landing_time": 664.0,
        "wait_time": 0,
        "Landing_success_rate": 1.0
    },
    {
        "model": 0,
        "sequence": 5,
        "status": 1,
        "fuel": 6415,
        "fault": 0.4594,
        "weapon": 1,
        "pilot_injury": 0.7773,
        "pilot_skill": 0.3314,
        "mission_priority": 0.6407,
        "estimated_landing_time": 476.0,
        "wait_time": 0,
        "Landing_success_rate": 1.0
    },
    {
        "model": 2,
        "sequence": 11,
        "status": 1,
        "fuel": 5813,
        "fault": 0.5861,
        "weapon": 1,
        "pilot_injury": 0.0811,
        "pilot_skill": 0.7004,
        "mission_priority": 0.0752,
        "estimated_landing_time": 1040.0,
        "wait_time": 0,
        "Landing_success_rate": 1.0
    },
    {
        "model": 0,
        "sequence": 3,
        "status": 1,
        "fuel": 6865,
        "fault": 0.0392,
        "weapon": 0,
        "pilot_injury": 0.2804,
        "pilot_skill": 0.8465,
        "mission_priority": 0.6749,
        "estimated_landing_time": 288.0,
        "wait_time": 0,
        "Landing_success_rate": 1.0
    },
    {
        "model": 0,
        "sequence": 8,
        "status": 1,
        "fuel": 5651,
        "fault": 0.7138,
        "weapon": 0,
        "pilot_injury": 0.2436,
        "pilot_skill": 0.6098,
        "mission_priority": 0.8472,
        "estimated_landing_time": 758.0,
        "wait_time": 0,
        "Landing_success_rate": 1.0
    },
    {
        "model": 0,
        "sequence": 12,
        "status": 1,
        "fuel": 6025,
        "fault": 0.2181,
        "weapon": 1,
        "pilot_injury": 0.6973,
        "pilot_skill": 0.2579,
        "mission_priority": 0.3557,
        "estimated_landing_time": 1134.0,
        "wait_time": 0,
        "Landing_success_rate": 1.0
    },
    {
        "model": 2,
        "sequence": 10,
        "status": 1,
        "fuel": 6539,
        "fault": 0.876,
        "weapon": 1,
        "pilot_injury": 0.1662,
        "pilot_skill": 0.1086,
        "mission_priority": 0.1534,
        "estimated_landing_time": 946.0,
        "wait_time": 0,
        "Landing_success_rate": 1.0
    }
]