[
    {
        "model": 1,
        "sequence": 5,
        "status": 1,
        "fuel": 6626,
        "fault": 0.2378,
        "weapon": 1,
        "pilot_injury": 0.5252,
        "pilot_skill": 0.2417,
        "mission_priority": 0.2067,
        "estimated_landing_time": 476.0,
        "wait_time": 0,
        "Landing_success_rate": 1.0
    },
    {
        "model": 0,
        "sequence": 4,
        "status": 1,
        "fuel": 5925,
        "fault": 0.0411,
        "weapon": 1,
        "pilot_injury": 0.0614,
        "pilot_skill": 0.2185,
        "mission_priority": 0.8932,
        "estimated_landing_time": 382.0,
        "wait_time": 0,
        "Landing_success_rate": 1.0
    },
    {
        "model": 2,
        "sequence": 11,
        "status": 1,
        "fuel": 7348,
        "fault": 0.2661,
        "weapon": 0,
        "pilot_injury": 0.2135,
        "pilot_skill": 0.6059,
        "mission_priority": 0.3831,
        "estimated_landing_time": 1040.0,
        "wait_time": 0,
        "Landing_success_rate": 1.0
    },
    {
        "model": 0,
        "sequence": 10,
        "status": 1,
        "fuel": 7386,
        "fault": 0.0291,
        "weapon": 1,
        "pilot_injury": 0.683,
        "pilot_skill": 0.6803,
        "mission_priority": 0.637,
        "estimated_landing_time": 946.0,
        "wait_time": 0,
        "Landing_success_rate": 1.0
    },
    {
        "model": 0,
        "sequence": 9,
        "status": 1,
        "fuel": 6307,
        "fault": 0.5865,
        "weapon": 0,
        "pilot_injury": 0.6356,
        "pilot_skill": 0.6903,
        "mission_priority": 0.6549,
        "estimated_landing_time": 852.0,
        "wait_time": 0,
        "Landing_success_rate": 1.0
    },
    {
        "model": 0,
        "sequence": 1,
        "status": 1,
        "fuel": 5651,
        "fault": 0.1824,
        "weapon": 0,
        "pilot_injury": 0.2106,
        "pilot_skill": 0.2602,
        "mission_priority": 0.9197,
        "estimated_landing_time": 100.0,
        "wait_time": 0,
        "Landing_success_rate": 1.0
    },
    {
        "model": 1,
        "sequence": 3,
        "status": 1,
        "fuel": 7402,
        "fault": 0.8753,
        "weapon": 0,
        "pilot_injury": 0.2521,
        "pilot_skill": 0.1109,
        "mission_priority": 0.8988,
        "estimated_landing_time": 288.0,
        "wait_time": 0,
        "Landing_success_rate": 1.0
    },
    {
        "model": 2,
        "sequence": 12,
        "status": 1,
        "fuel": 6149,
        "fault": 0.5066,
        "weapon": 1,
        "pilot_injury": 0.7972,
        "pilot_skill": 0.4466,
        "mission_priority": 0.324,
        "estimated_landing_time": 1134.0,
        "wait_time": 0,
        "Landing_success_rate": 1.0
    },
    {
        "model": 2,
        "sequence": 6,
        "status": 1,
        "fuel": 6642,
        "fault": 0.6044,
        "weapon": 0,
        "pilot_injury": 0.78,
        "pilot_skill": 0.0743,
        "mission_priority": 0.3186,
        "estimated_landing_time": 570.0,
        "wait_time": 0,
        "Landing_success_rate": 1.0
    },
    {
        "model": 0,
        "sequence": 2,
        "status": 1,
        "fuel": 7022,
        "fault": 0.3298,
        "weapon": 0,
        "pilot_injury": 0.872,
        "pilot_skill": 0.6422,
        "mission_priority": 0.5064,
        "estimated_landing_time": 194.0,
        "wait_time": 0,
        "Landing_success_rate": 1.0
    },
    {
        "model": 2,
        "sequence": 8,
        "status": 1,
        "fuel": 7105,
        "fault": 0.7353,
        "weapon": 0,
        "pilot_injury": 0.6417,
        "pilot_skill": 0.3596,
        "mission_priority": 0.8172,
        "estimated_landing_time": 758.0,
        "wait_time": 0,
        "Landing_success_rate": 1.0
    },
    {
        "model": 1,
        "sequence": 7,
        "status": 1,
        "fuel": 6096,
        "fault": 0.0212,
        "weapon": 1,
        "pilot_injury": 0.9856,
        "pilot_skill": 0.8143,
        "mission_priority": 0.9396,
        "estimated_landing_time": 664.0,
        "wait_time": 0,
        "Landing_success_rate": 1.0
    }
]