[
    {
        "model": 2,
        "sequence": 12,
        "status": 1,
        "fuel": 5970,
        "fault": 0.8659,
        "weapon": 1,
        "pilot_injury": 0.6135,
        "pilot_skill": 0.356,
        "mission_priority": 0.1178,
        "estimated_landing_time": 1134.0,
        "wait_time": 0,
        "Landing_success_rate": 1.0
    },
    {
        "model": 0,
        "sequence": 2,
        "status": 1,
        "fuel": 7253,
        "fault": 0.9111,
        "weapon": 1,
        "pilot_injury": 0.9617,
        "pilot_skill": 0.3741,
        "mission_priority": 0.5427,
        "estimated_landing_time": 194.0,
        "wait_time": 0,
        "Landing_success_rate": 1.0
    },
    {
        "model": 0,
        "sequence": 5,
        "status": 1,
        "fuel": 7279,
        "fault": 0.1078,
        "weapon": 0,
        "pilot_injury": 0.1423,
        "pilot_skill": 0.2819,
        "mission_priority": 0.8991,
        "estimated_landing_time": 476.0,
        "wait_time": 0,
        "Landing_success_rate": 1.0
    },
    {
        "model": 2,
        "sequence": 6,
        "status": 1,
        "fuel": 6667,
        "fault": 0.8766,
        "weapon": 1,
        "pilot_injury": 0.4646,
        "pilot_skill": 0.8471,
        "mission_priority": 0.9377,
        "estimated_landing_time": 570.0,
        "wait_time": 0,
        "Landing_success_rate": 1.0
    },
    {
        "model": 0,
        "sequence": 8,
        "status": 1,
        "fuel": 7445,
        "fault": 0.318,
        "weapon": 0,
        "pilot_injury": 0.1615,
        "pilot_skill": 0.1569,
        "mission_priority": 0.9493,
        "estimated_landing_time": 758.0,
        "wait_time": 0,
        "Landing_success_rate": 1.0
    },
    {
        "model": 0,
        "sequence": 3,
        "status": 1,
        "fuel": 6971,
        "fault": 0.5289,
        "weapon": 0,
        "pilot_injury": 0.488,
        "pilot_skill": 0.7832,
        "mission_priority": 0.8269,
        "estimated_landing_time": 288.0,
        "wait_time": 0,
        "Landing_success_rate": 1.0
    },
    {
        "model": 1,
        "sequence": 4,
        "status": 1,
        "fuel": 7248,
        "fault": 0.6893,
        "weapon": 1,
        "pilot_injury": 0.8669,
        "pilot_skill": 0.51,
        "mission_priority": 0.6071,
        "estimated_landing_time": 382.0,
        "wait_time": 0,
        "Landing_success_rate": 1.0
    },
    {
        "model": 0,
        "sequence": 11,
        "status": 1,
        "fuel": 7049,
        "fault": 0.0495,
        "weapon": 1,
        "pilot_injury": 0.0736,
        "pilot_skill": 0.3502,
        "mission_priority": 0.6239,
        "estimated_landing_time": 1040.0,
        "wait_time": 0,
        "Landing_success_rate": 1.0
    },
    {
        "model": 0,
        "sequence": 7,
        "status": 1,
        "fuel": 5944,
        "fault": 0.6739,
        "weapon": 0,
        "pilot_injury": 0.2931,
        "pilot_skill": 0.0321,
        "mission_priority": 0.7434,
        "estimated_landing_time": 664.0,
        "wait_time": 0,
        "Landing_success_rate": 1.0
    },
    {
        "model": 1,
        "sequence": 9,
        "status": 1,
        "fuel": 7421,
        "fault": 0.3239,
        "weapon": 0,
        "pilot_injury": 0.6991,
        "pilot_skill": 0.8429,
        "mission_priority": 0.0199,
        "estimated_landing_time": 852.0,
        "wait_time": 0,
        "Landing_success_rate": 1.0
    },
    {
        "model": 1,
        "sequence": 10,
        "status": 1,
        "fuel": 5977,
        "fault": 0.4902,
        "weapon": 1,
        "pilot_injury": 0.3853,
        "pilot_skill": 0.9386,
        "mission_priority": 0.2742,
        "estimated_landing_time": 946.0,
        "wait_time": 0,
        "Landing_success_rate": 1.0
    },
    {
        "model": 2,
        "sequence": 1,
        "status": 1,
        "fuel": 7488,
        "fault": 0.5968,
        "weapon": 1,
        "pilot_injury": 0.0852,
        "pilot_skill": 0.8964,
        "mission_priority": 0.9798,
        "estimated_landing_time": 100.0,
        "wait_time": 0,
        "Landing_success_rate": 1.0
    }
]