[
    {
        "model": 1,
        "sequence": 1,
        "status": 1,
        "fuel": 6344,
        "fault": 0.5781,
        "weapon": 1,
        "pilot_injury": 0.5547,
        "pilot_skill": 0.1695,
        "mission_priority": 0.001,
        "estimated_landing_time": 100.0,
        "wait_time": 0,
        "Landing_success_rate": 1.0
    },
    {
        "model": 2,
        "sequence": 4,
        "status": 1,
        "fuel": 6917,
        "fault": 0.9975,
        "weapon": 1,
        "pilot_injury": 0.0989,
        "pilot_skill": 0.6641,
        "mission_priority": 0.6116,
        "estimated_landing_time": 382.0,
        "wait_time": 0,
        "Landing_success_rate": 1.0
    },
    {
        "model": 0,
        "sequence": 5,
        "status": 1,
        "fuel": 7410,
        "fault": 0.0685,
        "weapon": 0,
        "pilot_injury": 0.8871,
        "pilot_skill": 0.2451,
        "mission_priority": 0.3983,
        "estimated_landing_time": 476.0,
        "wait_time": 0,
        "Landing_success_rate": 1.0
    },
    {
        "model": 1,
        "sequence": 12,
        "status": 1,
        "fuel": 5592,
        "fault": 0.9685,
        "weapon": 0,
        "pilot_injury": 0.9165,
        "pilot_skill": 0.8498,
        "mission_priority": 0.7977,
        "estimated_landing_time": 1134.0,
        "wait_time": 0,
        "Landing_success_rate": 1.0
    },
    {
        "model": 2,
        "sequence": 6,
        "status": 1,
        "fuel": 6555,
        "fault": 0.5077,
        "weapon": 1,
        "pilot_injury": 0.7511,
        "pilot_skill": 0.9828,
        "mission_priority": 0.007,
        "estimated_landing_time": 570.0,
        "wait_time": 0,
        "Landing_success_rate": 1.0
    },
    {
        "model": 0,
        "sequence": 11,
        "status": 1,
        "fuel": 7195,
        "fault": 0.5274,
        "weapon": 0,
        "pilot_injury": 0.9178,
        "pilot_skill": 0.8838,
        "mission_priority": 0.842,
        "estimated_landing_time": 1040.0,
        "wait_time": 0,
        "Landing_success_rate": 1.0
    },
    {
        "model": 2,
        "sequence": 8,
        "status": 1,
        "fuel": 5605,
        "fault": 0.6822,
        "weapon": 1,
        "pilot_injury": 0.0069,
        "pilot_skill": 0.0111,
        "mission_priority": 0.5446,
        "estimated_landing_time": 758.0,
        "wait_time": 0,
        "Landing_success_rate": 1.0
    },
    {
        "model": 1,
        "sequence": 10,
        "status": 1,
        "fuel": 5584,
        "fault": 0.9618,
        "weapon": 1,
        "pilot_injury": 0.4004,
        "pilot_skill": 0.9177,
        "mission_priority": 0.3592,
        "estimated_landing_time": 946.0,
        "wait_time": 0,
        "Landing_success_rate": 1.0
    },
    {
        "model": 1,
        "sequence": 3,
        "status": 1,
        "fuel": 5569,
        "fault": 0.7758,
        "weapon": 0,
        "pilot_injury": 0.4995,
        "pilot_skill": 0.4469,
        "mission_priority": 0.761,
        "estimated_landing_time": 288.0,
        "wait_time": 0,
        "Landing_success_rate": 1.0
    },
    {
        "model": 1,
        "sequence": 7,
        "status": 1,
        "fuel": 7278,
        "fault": 0.2442,
        "weapon": 1,
        "pilot_injury": 0.1025,
        "pilot_skill": 0.2649,
        "mission_priority": 0.131,
        "estimated_landing_time": 664.0,
        "wait_time": 0,
        "Landing_success_rate": 1.0
    },
    {
        "model": 1,
        "sequence": 9,
        "status": 1,
        "fuel": 6273,
        "fault": 0.423,
        "weapon": 1,
        "pilot_injury": 0.6377,
        "pilot_skill": 0.9545,
        "mission_priority": 0.6857,
        "estimated_landing_time": 852.0,
        "wait_time": 0,
        "Landing_success_rate": 1.0
    },
    {
        "model": 0,
        "sequence": 2,
        "status": 1,
        "fuel": 6844,
        "fault": 0.203,
        "weapon": 1,
        "pilot_injury": 0.7279,
        "pilot_skill": 0.4141,
        "mission_priority": 0.3248,
        "estimated_landing_time": 194.0,
        "wait_time": 0,
        "Landing_success_rate": 1.0
    }
]