[
    {
        "model": 1,
        "sequence": 12,
        "status": 1,
        "fuel": 6390,
        "fault": 0.2959,
        "weapon": 0,
        "pilot_injury": 0.938,
        "pilot_skill": 0.2845,
        "mission_priority": 0.4589,
        "estimated_landing_time": 1134.0,
        "wait_time": 0,
        "Landing_success_rate": 1.0
    },
    {
        "model": 0,
        "sequence": 1,
        "status": 1,
        "fuel": 7070,
        "fault": 0.9376,
        "weapon": 0,
        "pilot_injury": 0.2533,
        "pilot_skill": 0.2803,
        "mission_priority": 0.8852,
        "estimated_landing_time": 100.0,
        "wait_time": 0,
        "Landing_success_rate": 1.0
    },
    {
        "model": 2,
        "sequence": 8,
        "status": 1,
        "fuel": 6460,
        "fault": 0.518,
        "weapon": 1,
        "pilot_injury": 0.8605,
        "pilot_skill": 0.9217,
        "mission_priority": 0.0127,
        "estimated_landing_time": 758.0,
        "wait_time": 0,
        "Landing_success_rate": 1.0
    },
    {
        "model": 1,
        "sequence": 3,
        "status": 1,
        "fuel": 7023,
        "fault": 0.6182,
        "weapon": 0,
        "pilot_injury": 0.568,
        "pilot_skill": 0.6329,
        "mission_priority": 0.9998,
        "estimated_landing_time": 288.0,
        "wait_time": 0,
        "Landing_success_rate": 1.0
    },
    {
        "model": 2,
        "sequence": 5,
        "status": 1,
        "fuel": 7338,
        "fault": 0.3374,
        "weapon": 0,
        "pilot_injury": 0.4143,
        "pilot_skill": 0.1477,
        "mission_priority": 0.3033,
        "estimated_landing_time": 476.0,
        "wait_time": 0,
        "Landing_success_rate": 1.0
    },
    {
        "model": 0,
        "sequence": 2,
        "status": 1,
        "fuel": 7375,
        "fault": 0.5054,
        "weapon": 1,
        "pilot_injury": 0.5458,
        "pilot_skill": 0.2962,
        "mission_priority": 0.4891,
        "estimated_landing_time": 194.0,
        "wait_time": 0,
        "Landing_success_rate": 1.0
    },
    {
        "model": 0,
        "sequence": 7,
        "status": 1,
        "fuel": 7397,
        "fault": 0.3481,
        "weapon": 1,
        "pilot_injury": 0.8599,
        "pilot_skill": 0.9448,
        "mission_priority": 0.08,
        "estimated_landing_time": 664.0,
        "wait_time": 0,
        "Landing_success_rate": 1.0
    },
    {
        "model": 1,
        "sequence": 9,
        "status": 1,
        "fuel": 6108,
        "fault": 0.1451,
        "weapon": 1,
        "pilot_injury": 0.389,
        "pilot_skill": 0.6894,
        "mission_priority": 0.2663,
        "estimated_landing_time": 852.0,
        "wait_time": 0,
        "Landing_success_rate": 1.0
    },
    {
        "model": 0,
        "sequence": 10,
        "status": 1,
        "fuel": 7476,
        "fault": 0.4312,
        "weapon": 0,
        "pilot_injury": 0.1849,
        "pilot_skill": 0.034,
        "mission_priority": 0.3213,
        "estimated_landing_time": 946.0,
        "wait_time": 0,
        "Landing_success_rate": 1.0
    },
    {
        "model": 1,
        "sequence": 6,
        "status": 1,
        "fuel": 6521,
        "fault": 0.4622,
        "weapon": 1,
        "pilot_injury": 0.3257,
        "pilot_skill": 0.1945,
        "mission_priority": 0.2306,
        "estimated_landing_time": 570.0,
        "wait_time": 0,
        "Landing_success_rate": 1.0
    },
    {
        "model": 2,
        "sequence": 11,
        "status": 1,
        "fuel": 7129,
        "fault": 0.8108,
        "weapon": 0,
        "pilot_injury": 0.8792,
        "pilot_skill": 0.4471,
        "mission_priority": 0.9344,
        "estimated_landing_time": 1040.0,
        "wait_time": 0,
        "Landing_success_rate": 1.0
    },
    {
        "model": 1,
        "sequence": 4,
        "status": 1,
        "fuel": 5991,
        "fault": 0.3495,
        "weapon": 0,
        "pilot_injury": 0.549,
        "pilot_skill": 0.5877,
        "mission_priority": 0.6355,
        "estimated_landing_time": 382.0,
        "wait_time": 0,
        "Landing_success_rate": 1.0
    }
]