[
    {
        "model": 1,
        "sequence": 8,
        "status": 1,
        "fuel": 6529,
        "fault": 0.717,
        "weapon": 1,
        "pilot_injury": 0.005,
        "pilot_skill": 0.5561,
        "mission_priority": 0.3639,
        "estimated_landing_time": 758.0,
        "wait_time": 0,
        "Landing_success_rate": 1.0
    },
    {
        "model": 0,
        "sequence": 10,
        "status": 1,
        "fuel": 5874,
        "fault": 0.1021,
        "weapon": 0,
        "pilot_injury": 0.7736,
        "pilot_skill": 0.5038,
        "mission_priority": 0.6395,
        "estimated_landing_time": 946.0,
        "wait_time": 0,
        "Landing_success_rate": 1.0
    },
    {
        "model": 0,
        "sequence": 6,
        "status": 1,
        "fuel": 5708,
        "fault": 0.0364,
        "weapon": 0,
        "pilot_injury": 0.3876,
        "pilot_skill": 0.37,
        "mission_priority": 0.0046,
        "estimated_landing_time": 570.0,
        "wait_time": 0,
        "Landing_success_rate": 1.0
    },
    {
        "model": 1,
        "sequence": 11,
        "status": 1,
        "fuel": 7421,
        "fault": 0.2588,
        "weapon": 1,
        "pilot_injury": 0.8424,
        "pilot_skill": 0.2751,
        "mission_priority": 0.4012,
        "estimated_landing_time": 1040.0,
        "wait_time": 0,
        "Landing_success_rate": 1.0
    },
    {
        "model": 1,
        "sequence": 12,
        "status": 1,
        "fuel": 7301,
        "fault": 0.5234,
        "weapon": 0,
        "pilot_injury": 0.5325,
        "pilot_skill": 0.0221,
        "mission_priority": 0.6197,
        "estimated_landing_time": 1134.0,
        "wait_time": 0,
        "Landing_success_rate": 1.0
    },
    {
        "model": 0,
        "sequence": 4,
        "status": 1,
        "fuel": 6970,
        "fault": 0.2198,
        "weapon": 1,
        "pilot_injury": 0.502,
        "pilot_skill": 0.6496,
        "mission_priority": 0.5698,
        "estimated_landing_time": 382.0,
        "wait_time": 0,
        "Landing_success_rate": 1.0
    },
    {
        "model": 2,
        "sequence": 2,
        "status": 1,
        "fuel": 5831,
        "fault": 0.8849,
        "weapon": 1,
        "pilot_injury": 0.9638,
        "pilot_skill": 0.256,
        "mission_priority": 0.3844,
        "estimated_landing_time": 194.0,
        "wait_time": 0,
        "Landing_success_rate": 1.0
    },
    {
        "model": 2,
        "sequence": 5,
        "status": 1,
        "fuel": 6679,
        "fault": 0.6922,
        "weapon": 0,
        "pilot_injury": 0.69,
        "pilot_skill": 0.6296,
        "mission_priority": 0.5244,
        "estimated_landing_time": 476.0,
        "wait_time": 0,
        "Landing_success_rate": 1.0
    },
    {
        "model": 2,
        "sequence": 3,
        "status": 1,
        "fuel": 7015,
        "fault": 0.9946,
        "weapon": 0,
        "pilot_injury": 0.9028,
        "pilot_skill": 0.5418,
        "mission_priority": 0.4215,
        "estimated_landing_time": 288.0,
        "wait_time": 0,
        "Landing_success_rate": 1.0
    },
    {
        "model": 1,
        "sequence": 1,
        "status": 1,
        "fuel": 6455,
        "fault": 0.5346,
        "weapon": 1,
        "pilot_injury": 0.1698,
        "pilot_skill": 0.2368,
        "mission_priority": 0.9586,
        "estimated_landing_time": 100.0,
        "wait_time": 0,
        "Landing_success_rate": 1.0
    },
    {
        "model": 0,
        "sequence": 7,
        "status": 1,
        "fuel": 5926,
        "fault": 0.2248,
        "weapon": 1,
        "pilot_injury": 0.3102,
        "pilot_skill": 0.4811,
        "mission_priority": 0.7434,
        "estimated_landing_time": 664.0,
        "wait_time": 0,
        "Landing_success_rate": 1.0
    },
    {
        "model": 1,
        "sequence": 9,
        "status": 1,
        "fuel": 5729,
        "fault": 0.3148,
        "weapon": 1,
        "pilot_injury": 0.6955,
        "pilot_skill": 0.2764,
        "mission_priority": 0.5699,
        "estimated_landing_time": 852.0,
        "wait_time": 0,
        "Landing_success_rate": 1.0
    }
]