[
    {
        "model": 2,
        "sequence": 11,
        "status": 1,
        "fuel": 6435,
        "fault": 0.5724,
        "weapon": 1,
        "pilot_injury": 0.061,
        "pilot_skill": 0.1904,
        "mission_priority": 0.4462,
        "estimated_landing_time": 1040.0,
        "wait_time": 0,
        "Landing_success_rate": 1.0
    },
    {
        "model": 0,
        "sequence": 9,
        "status": 1,
        "fuel": 6319,
        "fault": 0.6254,
        "weapon": 0,
        "pilot_injury": 0.6502,
        "pilot_skill": 0.3358,
        "mission_priority": 0.3672,
        "estimated_landing_time": 852.0,
        "wait_time": 0,
        "Landing_success_rate": 1.0
    },
    {
        "model": 1,
        "sequence": 10,
        "status": 1,
        "fuel": 5887,
        "fault": 0.0032,
        "weapon": 1,
        "pilot_injury": 0.9532,
        "pilot_skill": 0.3593,
        "mission_priority": 0.8278,
        "estimated_landing_time": 946.0,
        "wait_time": 0,
        "Landing_success_rate": 1.0
    },
    {
        "model": 1,
        "sequence": 7,
        "status": 1,
        "fuel": 5567,
        "fault": 0.5532,
        "weapon": 1,
        "pilot_injury": 0.9568,
        "pilot_skill": 0.0077,
        "mission_priority": 0.0883,
        "estimated_landing_time": 664.0,
        "wait_time": 0,
        "Landing_success_rate": 1.0
    },
    {
        "model": 0,
        "sequence": 2,
        "status": 1,
        "fuel": 5523,
        "fault": 0.4874,
        "weapon": 1,
        "pilot_injury": 0.8191,
        "pilot_skill": 0.012,
        "mission_priority": 0.807,
        "estimated_landing_time": 194.0,
        "wait_time": 0,
        "Landing_success_rate": 1.0
    },
    {
        "model": 0,
        "sequence": 4,
        "status": 1,
        "fuel": 5538,
        "fault": 0.7425,
        "weapon": 0,
        "pilot_injury": 0.9691,
        "pilot_skill": 0.0516,
        "mission_priority": 0.349,
        "estimated_landing_time": 382.0,
        "wait_time": 0,
        "Landing_success_rate": 1.0
    },
    {
        "model": 1,
        "sequence": 12,
        "status": 1,
        "fuel": 6933,
        "fault": 0.2175,
        "weapon": 0,
        "pilot_injury": 0.703,
        "pilot_skill": 0.8003,
        "mission_priority": 0.5273,
        "estimated_landing_time": 1134.0,
        "wait_time": 0,
        "Landing_success_rate": 1.0
    },
    {
        "model": 1,
        "sequence": 8,
        "status": 1,
        "fuel": 6022,
        "fault": 0.3004,
        "weapon": 1,
        "pilot_injury": 0.2779,
        "pilot_skill": 0.5146,
        "mission_priority": 0.6644,
        "estimated_landing_time": 758.0,
        "wait_time": 0,
        "Landing_success_rate": 1.0
    },
    {
        "model": 0,
        "sequence": 1,
        "status": 1,
        "fuel": 6666,
        "fault": 0.5624,
        "weapon": 1,
        "pilot_injury": 0.2016,
        "pilot_skill": 0.3541,
        "mission_priority": 0.1484,
        "estimated_landing_time": 100.0,
        "wait_time": 0,
        "Landing_success_rate": 1.0
    },
    {
        "model": 0,
        "sequence": 6,
        "status": 1,
        "fuel": 7109,
        "fault": 0.337,
        "weapon": 1,
        "pilot_injury": 0.8567,
        "pilot_skill": 0.2198,
        "mission_priority": 0.8219,
        "estimated_landing_time": 570.0,
        "wait_time": 0,
        "Landing_success_rate": 1.0
    },
    {
        "model": 0,
        "sequence": 3,
        "status": 1,
        "fuel": 6311,
        "fault": 0.9684,
        "weapon": 1,
        "pilot_injury": 0.0757,
        "pilot_skill": 0.5836,
        "mission_priority": 0.29,
        "estimated_landing_time": 288.0,
        "wait_time": 0,
        "Landing_success_rate": 1.0
    },
    {
        "model": 2,
        "sequence": 5,
        "status": 1,
        "fuel": 7027,
        "fault": 0.5949,
        "weapon": 0,
        "pilot_injury": 0.6036,
        "pilot_skill": 0.2417,
        "mission_priority": 0.4196,
        "estimated_landing_time": 476.0,
        "wait_time": 0,
        "Landing_success_rate": 1.0
    }
]