[
    {
        "model": 1,
        "sequence": 2,
        "status": 1,
        "fuel": 6567,
        "fault": 0.6606,
        "weapon": 0,
        "pilot_injury": 0.2276,
        "pilot_skill": 0.2643,
        "mission_priority": 0.0514,
        "estimated_landing_time": 194.0,
        "wait_time": 0,
        "Landing_success_rate": 1.0
    },
    {
        "model": 1,
        "sequence": 7,
        "status": 1,
        "fuel": 6717,
        "fault": 0.0346,
        "weapon": 1,
        "pilot_injury": 0.6749,
        "pilot_skill": 0.6874,
        "mission_priority": 0.8745,
        "estimated_landing_time": 664.0,
        "wait_time": 0,
        "Landing_success_rate": 1.0
    },
    {
        "model": 2,
        "sequence": 1,
        "status": 1,
        "fuel": 6170,
        "fault": 0.4316,
        "weapon": 0,
        "pilot_injury": 0.7103,
        "pilot_skill": 0.751,
        "mission_priority": 0.1859,
        "estimated_landing_time": 100.0,
        "wait_time": 0,
        "Landing_success_rate": 1.0
    },
    {
        "model": 1,
        "sequence": 6,
        "status": 1,
        "fuel": 6402,
        "fault": 0.8079,
        "weapon": 0,
        "pilot_injury": 0.3741,
        "pilot_skill": 0.498,
        "mission_priority": 0.6156,
        "estimated_landing_time": 570.0,
        "wait_time": 0,
        "Landing_success_rate": 1.0
    },
    {
        "model": 1,
        "sequence": 9,
        "status": 1,
        "fuel": 5520,
        "fault": 0.5783,
        "weapon": 1,
        "pilot_injury": 0.7609,
        "pilot_skill": 0.5314,
        "mission_priority": 0.2201,
        "estimated_landing_time": 852.0,
        "wait_time": 0,
        "Landing_success_rate": 1.0
    },
    {
        "model": 0,
        "sequence": 10,
        "status": 1,
        "fuel": 5516,
        "fault": 0.7237,
        "weapon": 1,
        "pilot_injury": 0.1243,
        "pilot_skill": 0.5073,
        "mission_priority": 0.0516,
        "estimated_landing_time": 946.0,
        "wait_time": 0,
        "Landing_success_rate": 1.0
    },
    {
        "model": 2,
        "sequence": 4,
        "status": 1,
        "fuel": 6315,
        "fault": 0.8344,
        "weapon": 0,
        "pilot_injury": 0.8411,
        "pilot_skill": 0.7303,
        "mission_priority": 0.4629,
        "estimated_landing_time": 382.0,
        "wait_time": 0,
        "Landing_success_rate": 1.0
    },
    {
        "model": 0,
        "sequence": 3,
        "status": 1,
        "fuel": 6171,
        "fault": 0.7044,
        "weapon": 1,
        "pilot_injury": 0.754,
        "pilot_skill": 0.474,
        "mission_priority": 0.8986,
        "estimated_landing_time": 288.0,
        "wait_time": 0,
        "Landing_success_rate": 1.0
    },
    {
        "model": 1,
        "sequence": 5,
        "status": 1,
        "fuel": 7224,
        "fault": 0.555,
        "weapon": 1,
        "pilot_injury": 0.2142,
        "pilot_skill": 0.6682,
        "mission_priority": 0.7385,
        "estimated_landing_time": 476.0,
        "wait_time": 0,
        "Landing_success_rate": 1.0
    },
    {
        "model": 2,
        "sequence": 11,
        "status": 1,
        "fuel": 6629,
        "fault": 0.921,
        "weapon": 0,
        "pilot_injury": 0.0113,
        "pilot_skill": 0.2614,
        "mission_priority": 0.3233,
        "estimated_landing_time": 1040.0,
        "wait_time": 0,
        "Landing_success_rate": 1.0
    },
    {
        "model": 1,
        "sequence": 8,
        "status": 1,
        "fuel": 6102,
        "fault": 0.9444,
        "weapon": 0,
        "pilot_injury": 0.1047,
        "pilot_skill": 0.9498,
        "mission_priority": 0.1825,
        "estimated_landing_time": 758.0,
        "wait_time": 0,
        "Landing_success_rate": 1.0
    },
    {
        "model": 1,
        "sequence": 12,
        "status": 1,
        "fuel": 7049,
        "fault": 0.1289,
        "weapon": 0,
        "pilot_injury": 0.8603,
        "pilot_skill": 0.7494,
        "mission_priority": 0.3535,
        "estimated_landing_time": 1134.0,
        "wait_time": 0,
        "Landing_success_rate": 1.0
    }
]