[
    {
        "model": 0,
        "sequence": 1,
        "status": 1,
        "fuel": 7202,
        "fault": 0.157,
        "weapon": 1,
        "pilot_injury": 0.2287,
        "pilot_skill": 0.2826,
        "mission_priority": 0.1809,
        "estimated_landing_time": 100.0,
        "wait_time": 0,
        "Landing_success_rate": 1.0
    },
    {
        "model": 0,
        "sequence": 7,
        "status": 1,
        "fuel": 5631,
        "fault": 0.8172,
        "weapon": 0,
        "pilot_injury": 0.6484,
        "pilot_skill": 0.3437,
        "mission_priority": 0.7697,
        "estimated_landing_time": 664.0,
        "wait_time": 0,
        "Landing_success_rate": 1.0
    },
    {
        "model": 1,
        "sequence": 11,
        "status": 1,
        "fuel": 5971,
        "fault": 0.7398,
        "weapon": 1,
        "pilot_injury": 0.2755,
        "pilot_skill": 0.5276,
        "mission_priority": 0.3236,
        "estimated_landing_time": 1040.0,
        "wait_time": 0,
        "Landing_success_rate": 1.0
    },
    {
        "model": 0,
        "sequence": 6,
        "status": 1,
        "fuel": 6179,
        "fault": 0.0678,
        "weapon": 0,
        "pilot_injury": 0.7426,
        "pilot_skill": 0.1756,
        "mission_priority": 0.2749,
        "estimated_landing_time": 570.0,
        "wait_time": 0,
        "Landing_success_rate": 1.0
    },
    {
        "model": 1,
        "sequence": 5,
        "status": 1,
        "fuel": 6737,
        "fault": 0.7724,
        "weapon": 0,
        "pilot_injury": 0.9412,
        "pilot_skill": 0.3925,
        "mission_priority": 0.9518,
        "estimated_landing_time": 476.0,
        "wait_time": 0,
        "Landing_success_rate": 1.0
    },
    {
        "model": 1,
        "sequence": 9,
        "status": 1,
        "fuel": 6264,
        "fault": 0.6546,
        "weapon": 1,
        "pilot_injury": 0.0088,
        "pilot_skill": 0.4003,
        "mission_priority": 0.9112,
        "estimated_landing_time": 852.0,
        "wait_time": 0,
        "Landing_success_rate": 1.0
    },
    {
        "model": 2,
        "sequence": 2,
        "status": 1,
        "fuel": 7191,
        "fault": 0.0335,
        "weapon": 1,
        "pilot_injury": 0.3992,
        "pilot_skill": 0.8355,
        "mission_priority": 0.5779,
        "estimated_landing_time": 194.0,
        "wait_time": 0,
        "Landing_success_rate": 1.0
    },
    {
        "model": 2,
        "sequence": 3,
        "status": 1,
        "fuel": 6086,
        "fault": 0.0493,
        "weapon": 0,
        "pilot_injury": 0.9075,
        "pilot_skill": 0.1172,
        "mission_priority": 0.1452,
        "estimated_landing_time": 288.0,
        "wait_time": 0,
        "Landing_success_rate": 1.0
    },
    {
        "model": 1,
        "sequence": 8,
        "status": 1,
        "fuel": 5733,
        "fault": 0.7261,
        "weapon": 0,
        "pilot_injury": 0.4752,
        "pilot_skill": 0.0643,
        "mission_priority": 0.3215,
        "estimated_landing_time": 758.0,
        "wait_time": 0,
        "Landing_success_rate": 1.0
    },
    {
        "model": 0,
        "sequence": 12,
        "status": 1,
        "fuel": 6982,
        "fault": 0.2829,
        "weapon": 0,
        "pilot_injury": 0.7355,
        "pilot_skill": 0.6894,
        "mission_priority": 0.0219,
        "estimated_landing_time": 1134.0,
        "wait_time": 0,
        "Landing_success_rate": 1.0
    },
    {
        "model": 1,
        "sequence": 4,
        "status": 1,
        "fuel": 6534,
        "fault": 0.6955,
        "weapon": 0,
        "pilot_injury": 0.6291,
        "pilot_skill": 0.0618,
        "mission_priority": 0.0815,
        "estimated_landing_time": 382.0,
        "wait_time": 0,
        "Landing_success_rate": 1.0
    },
    {
        "model": 1,
        "sequence": 10,
        "status": 1,
        "fuel": 5579,
        "fault": 0.927,
        "weapon": 1,
        "pilot_injury": 0.6294,
        "pilot_skill": 0.0505,
        "mission_priority": 0.2905,
        "estimated_landing_time": 946.0,
        "wait_time": 0,
        "Landing_success_rate": 1.0
    }
]