[
    {
        "model": 2,
        "sequence": 2,
        "status": 1,
        "fuel": 5665,
        "fault": 0.4442,
        "weapon": 1,
        "pilot_injury": 0.8991,
        "pilot_skill": 0.8528,
        "mission_priority": 0.2184,
        "estimated_landing_time": 194.0,
        "wait_time": 0,
        "Landing_success_rate": 1.0
    },
    {
        "model": 2,
        "sequence": 8,
        "status": 1,
        "fuel": 7005,
        "fault": 0.275,
        "weapon": 0,
        "pilot_injury": 0.9817,
        "pilot_skill": 0.5673,
        "mission_priority": 0.8884,
        "estimated_landing_time": 758.0,
        "wait_time": 0,
        "Landing_success_rate": 1.0
    },
    {
        "model": 1,
        "sequence": 5,
        "status": 1,
        "fuel": 6499,
        "fault": 0.5066,
        "weapon": 1,
        "pilot_injury": 0.4998,
        "pilot_skill": 0.8112,
        "mission_priority": 0.6547,
        "estimated_landing_time": 476.0,
        "wait_time": 0,
        "Landing_success_rate": 1.0
    },
    {
        "model": 2,
        "sequence": 12,
        "status": 1,
        "fuel": 6019,
        "fault": 0.9768,
        "weapon": 0,
        "pilot_injury": 0.3175,
        "pilot_skill": 0.9395,
        "mission_priority": 0.1343,
        "estimated_landing_time": 1134.0,
        "wait_time": 0,
        "Landing_success_rate": 1.0
    },
    {
        "model": 0,
        "sequence": 7,
        "status": 1,
        "fuel": 7131,
        "fault": 0.8596,
        "weapon": 1,
        "pilot_injury": 0.7328,
        "pilot_skill": 0.9893,
        "mission_priority": 0.4092,
        "estimated_landing_time": 664.0,
        "wait_time": 0,
        "Landing_success_rate": 1.0
    },
    {
        "model": 1,
        "sequence": 11,
        "status": 1,
        "fuel": 6001,
        "fault": 0.1589,
        "weapon": 0,
        "pilot_injury": 0.3997,
        "pilot_skill": 0.4916,
        "mission_priority": 0.2148,
        "estimated_landing_time": 1040.0,
        "wait_time": 0,
        "Landing_success_rate": 1.0
    },
    {
        "model": 2,
        "sequence": 3,
        "status": 1,
        "fuel": 7463,
        "fault": 0.5654,
        "weapon": 1,
        "pilot_injury": 0.2838,
        "pilot_skill": 0.135,
        "mission_priority": 0.2879,
        "estimated_landing_time": 288.0,
        "wait_time": 0,
        "Landing_success_rate": 1.0
    },
    {
        "model": 0,
        "sequence": 4,
        "status": 1,
        "fuel": 5564,
        "fault": 0.5819,
        "weapon": 1,
        "pilot_injury": 0.5032,
        "pilot_skill": 0.1025,
        "mission_priority": 0.2493,
        "estimated_landing_time": 382.0,
        "wait_time": 0,
        "Landing_success_rate": 1.0
    },
    {
        "model": 0,
        "sequence": 1,
        "status": 1,
        "fuel": 6017,
        "fault": 0.6935,
        "weapon": 0,
        "pilot_injury": 0.2466,
        "pilot_skill": 0.2339,
        "mission_priority": 0.2862,
        "estimated_landing_time": 100.0,
        "wait_time": 0,
        "Landing_success_rate": 1.0
    },
    {
        "model": 2,
        "sequence": 10,
        "status": 1,
        "fuel": 6461,
        "fault": 0.1206,
        "weapon": 0,
        "pilot_injury": 0.8416,
        "pilot_skill": 0.6979,
        "mission_priority": 0.6668,
        "estimated_landing_time": 946.0,
        "wait_time": 0,
        "Landing_success_rate": 1.0
    },
    {
        "model": 0,
        "sequence": 6,
        "status": 1,
        "fuel": 6897,
        "fault": 0.9573,
        "weapon": 0,
        "pilot_injury": 0.51,
        "pilot_skill": 0.0716,
        "mission_priority": 0.364,
        "estimated_landing_time": 570.0,
        "wait_time": 0,
        "Landing_success_rate": 1.0
    },
    {
        "model": 1,
        "sequence": 9,
        "status": 1,
        "fuel": 6671,
        "fault": 0.0698,
        "weapon": 0,
        "pilot_injury": 0.1104,
        "pilot_skill": 0.801,
        "mission_priority": 0.3461,
        "estimated_landing_time": 852.0,
        "wait_time": 0,
        "Landing_success_rate": 1.0
    }
]