[
    {
        "model": 0,
        "sequence": 12,
        "status": 1,
        "fuel": 7499,
        "fault": 0.2653,
        "weapon": 0,
        "pilot_injury": 0.129,
        "pilot_skill": 0.3782,
        "mission_priority": 0.9243,
        "estimated_landing_time": 1134.0,
        "wait_time": 0,
        "Landing_success_rate": 1.0
    },
    {
        "model": 1,
        "sequence": 4,
        "status": 1,
        "fuel": 5792,
        "fault": 0.9284,
        "weapon": 0,
        "pilot_injury": 0.9131,
        "pilot_skill": 0.5598,
        "mission_priority": 0.5976,
        "estimated_landing_time": 382.0,
        "wait_time": 0,
        "Landing_success_rate": 1.0
    },
    {
        "model": 1,
        "sequence": 7,
        "status": 1,
        "fuel": 6264,
        "fault": 0.0465,
        "weapon": 1,
        "pilot_injury": 0.6856,
        "pilot_skill": 0.3204,
        "mission_priority": 0.5591,
        "estimated_landing_time": 664.0,
        "wait_time": 0,
        "Landing_success_rate": 1.0
    },
    {
        "model": 1,
        "sequence": 9,
        "status": 1,
        "fuel": 7350,
        "fault": 0.5522,
        "weapon": 1,
        "pilot_injury": 0.4544,
        "pilot_skill": 0.2174,
        "mission_priority": 0.8985,
        "estimated_landing_time": 852.0,
        "wait_time": 0,
        "Landing_success_rate": 1.0
    },
    {
        "model": 0,
        "sequence": 5,
        "status": 1,
        "fuel": 6610,
        "fault": 0.4646,
        "weapon": 1,
        "pilot_injury": 0.2634,
        "pilot_skill": 0.258,
        "mission_priority": 0.3506,
        "estimated_landing_time": 476.0,
        "wait_time": 0,
        "Landing_success_rate": 1.0
    },
    {
        "model": 0,
        "sequence": 10,
        "status": 1,
        "fuel": 5873,
        "fault": 0.5588,
        "weapon": 0,
        "pilot_injury": 0.8213,
        "pilot_skill": 0.1973,
        "mission_priority": 0.0482,
        "estimated_landing_time": 946.0,
        "wait_time": 0,
        "Landing_success_rate": 1.0
    },
    {
        "model": 2,
        "sequence": 2,
        "status": 1,
        "fuel": 6336,
        "fault": 0.6248,
        "weapon": 1,
        "pilot_injury": 0.5037,
        "pilot_skill": 0.2722,
        "mission_priority": 0.0723,
        "estimated_landing_time": 194.0,
        "wait_time": 0,
        "Landing_success_rate": 1.0
    },
    {
        "model": 2,
        "sequence": 11,
        "status": 1,
        "fuel": 7349,
        "fault": 0.0186,
        "weapon": 0,
        "pilot_injury": 0.12,
        "pilot_skill": 0.9292,
        "mission_priority": 0.2747,
        "estimated_landing_time": 1040.0,
        "wait_time": 0,
        "Landing_success_rate": 1.0
    },
    {
        "model": 2,
        "sequence": 3,
        "status": 1,
        "fuel": 6633,
        "fault": 0.0962,
        "weapon": 0,
        "pilot_injury": 0.425,
        "pilot_skill": 0.1259,
        "mission_priority": 0.048,
        "estimated_landing_time": 288.0,
        "wait_time": 0,
        "Landing_success_rate": 1.0
    },
    {
        "model": 0,
        "sequence": 6,
        "status": 1,
        "fuel": 6319,
        "fault": 0.5928,
        "weapon": 0,
        "pilot_injury": 0.7191,
        "pilot_skill": 0.0905,
        "mission_priority": 0.9294,
        "estimated_landing_time": 570.0,
        "wait_time": 0,
        "Landing_success_rate": 1.0
    },
    {
        "model": 0,
        "sequence": 8,
        "status": 1,
        "fuel": 7209,
        "fault": 0.4522,
        "weapon": 0,
        "pilot_injury": 0.0126,
        "pilot_skill": 0.2982,
        "mission_priority": 0.996,
        "estimated_landing_time": 758.0,
        "wait_time": 0,
        "Landing_success_rate": 1.0
    },
    {
        "model": 0,
        "sequence": 1,
        "status": 1,
        "fuel": 6356,
        "fault": 0.0425,
        "weapon": 1,
        "pilot_injury": 0.328,
        "pilot_skill": 0.5253,
        "mission_priority": 0.8542,
        "estimated_landing_time": 100.0,
        "wait_time": 0,
        "Landing_success_rate": 1.0
    }
]