[
    {
        "model": 0,
        "sequence": 11,
        "status": 1,
        "fuel": 5845,
        "fault": 0.8508,
        "weapon": 1,
        "pilot_injury": 0.6074,
        "pilot_skill": 0.6658,
        "mission_priority": 0.0767,
        "estimated_landing_time": 1040.0,
        "wait_time": 0,
        "Landing_success_rate": 1.0
    },
    {
        "model": 2,
        "sequence": 4,
        "status": 1,
        "fuel": 5617,
        "fault": 0.2832,
        "weapon": 1,
        "pilot_injury": 0.9311,
        "pilot_skill": 0.6319,
        "mission_priority": 0.431,
        "estimated_landing_time": 382.0,
        "wait_time": 0,
        "Landing_success_rate": 1.0
    },
    {
        "model": 2,
        "sequence": 5,
        "status": 1,
        "fuel": 5942,
        "fault": 0.648,
        "weapon": 0,
        "pilot_injury": 0.3261,
        "pilot_skill": 0.9565,
        "mission_priority": 0.466,
        "estimated_landing_time": 476.0,
        "wait_time": 0,
        "Landing_success_rate": 1.0
    },
    {
        "model": 1,
        "sequence": 12,
        "status": 1,
        "fuel": 6185,
        "fault": 0.851,
        "weapon": 1,
        "pilot_injury": 0.7677,
        "pilot_skill": 0.4674,
        "mission_priority": 0.5869,
        "estimated_landing_time": 1134.0,
        "wait_time": 0,
        "Landing_success_rate": 1.0
    },
    {
        "model": 1,
        "sequence": 6,
        "status": 1,
        "fuel": 5619,
        "fault": 0.7242,
        "weapon": 0,
        "pilot_injury": 0.7382,
        "pilot_skill": 0.7907,
        "mission_priority": 0.5131,
        "estimated_landing_time": 570.0,
        "wait_time": 0,
        "Landing_success_rate": 1.0
    },
    {
        "model": 0,
        "sequence": 1,
        "status": 1,
        "fuel": 6641,
        "fault": 0.5591,
        "weapon": 0,
        "pilot_injury": 0.2447,
        "pilot_skill": 0.9049,
        "mission_priority": 0.8403,
        "estimated_landing_time": 100.0,
        "wait_time": 0,
        "Landing_success_rate": 1.0
    },
    {
        "model": 1,
        "sequence": 3,
        "status": 1,
        "fuel": 6595,
        "fault": 0.8088,
        "weapon": 0,
        "pilot_injury": 0.0252,
        "pilot_skill": 0.4583,
        "mission_priority": 0.0674,
        "estimated_landing_time": 288.0,
        "wait_time": 0,
        "Landing_success_rate": 1.0
    },
    {
        "model": 0,
        "sequence": 9,
        "status": 1,
        "fuel": 6288,
        "fault": 0.4776,
        "weapon": 0,
        "pilot_injury": 0.6109,
        "pilot_skill": 0.3922,
        "mission_priority": 0.512,
        "estimated_landing_time": 852.0,
        "wait_time": 0,
        "Landing_success_rate": 1.0
    },
    {
        "model": 1,
        "sequence": 8,
        "status": 1,
        "fuel": 6617,
        "fault": 0.851,
        "weapon": 1,
        "pilot_injury": 0.4417,
        "pilot_skill": 0.7373,
        "mission_priority": 0.3954,
        "estimated_landing_time": 758.0,
        "wait_time": 0,
        "Landing_success_rate": 1.0
    },
    {
        "model": 1,
        "sequence": 2,
        "status": 1,
        "fuel": 6663,
        "fault": 0.4992,
        "weapon": 1,
        "pilot_injury": 0.7374,
        "pilot_skill": 0.9768,
        "mission_priority": 0.037,
        "estimated_landing_time": 194.0,
        "wait_time": 0,
        "Landing_success_rate": 1.0
    },
    {
        "model": 0,
        "sequence": 10,
        "status": 1,
        "fuel": 6679,
        "fault": 0.5211,
        "weapon": 0,
        "pilot_injury": 0.2424,
        "pilot_skill": 0.6378,
        "mission_priority": 0.1636,
        "estimated_landing_time": 946.0,
        "wait_time": 0,
        "Landing_success_rate": 1.0
    },
    {
        "model": 2,
        "sequence": 7,
        "status": 1,
        "fuel": 6663,
        "fault": 0.1282,
        "weapon": 0,
        "pilot_injury": 0.4604,
        "pilot_skill": 0.9937,
        "mission_priority": 0.3865,
        "estimated_landing_time": 664.0,
        "wait_time": 0,
        "Landing_success_rate": 1.0
    }
]