[
    {
        "model": 0,
        "sequence": 2,
        "status": 1,
        "fuel": 6566,
        "fault": 0.7975,
        "weapon": 1,
        "pilot_injury": 0.6447,
        "pilot_skill": 0.8555,
        "mission_priority": 0.5795,
        "estimated_landing_time": 194.0,
        "wait_time": 0,
        "Landing_success_rate": 1.0
    },
    {
        "model": 1,
        "sequence": 10,
        "status": 1,
        "fuel": 5658,
        "fault": 0.3293,
        "weapon": 1,
        "pilot_injury": 0.5905,
        "pilot_skill": 0.0557,
        "mission_priority": 0.9858,
        "estimated_landing_time": 946.0,
        "wait_time": 0,
        "Landing_success_rate": 1.0
    },
    {
        "model": 2,
        "sequence": 3,
        "status": 1,
        "fuel": 6207,
        "fault": 0.938,
        "weapon": 1,
        "pilot_injury": 0.6943,
        "pilot_skill": 0.1861,
        "mission_priority": 0.031,
        "estimated_landing_time": 288.0,
        "wait_time": 0,
        "Landing_success_rate": 1.0
    },
    {
        "model": 1,
        "sequence": 4,
        "status": 1,
        "fuel": 6176,
        "fault": 0.3905,
        "weapon": 1,
        "pilot_injury": 0.2639,
        "pilot_skill": 0.5617,
        "mission_priority": 0.4209,
        "estimated_landing_time": 382.0,
        "wait_time": 0,
        "Landing_success_rate": 1.0
    },
    {
        "model": 0,
        "sequence": 9,
        "status": 1,
        "fuel": 6816,
        "fault": 0.356,
        "weapon": 0,
        "pilot_injury": 0.6972,
        "pilot_skill": 0.8534,
        "mission_priority": 0.1956,
        "estimated_landing_time": 852.0,
        "wait_time": 0,
        "Landing_success_rate": 1.0
    },
    {
        "model": 1,
        "sequence": 12,
        "status": 1,
        "fuel": 7181,
        "fault": 0.758,
        "weapon": 1,
        "pilot_injury": 0.9621,
        "pilot_skill": 0.3653,
        "mission_priority": 0.3811,
        "estimated_landing_time": 1134.0,
        "wait_time": 0,
        "Landing_success_rate": 1.0
    },
    {
        "model": 0,
        "sequence": 1,
        "status": 1,
        "fuel": 5935,
        "fault": 0.3421,
        "weapon": 0,
        "pilot_injury": 0.9512,
        "pilot_skill": 0.8945,
        "mission_priority": 0.5134,
        "estimated_landing_time": 100.0,
        "wait_time": 0,
        "Landing_success_rate": 1.0
    },
    {
        "model": 2,
        "sequence": 8,
        "status": 1,
        "fuel": 6859,
        "fault": 0.9711,
        "weapon": 1,
        "pilot_injury": 0.6957,
        "pilot_skill": 0.7072,
        "mission_priority": 0.3592,
        "estimated_landing_time": 758.0,
        "wait_time": 0,
        "Landing_success_rate": 1.0
    },
    {
        "model": 2,
        "sequence": 7,
        "status": 1,
        "fuel": 6308,
        "fault": 0.5207,
        "weapon": 1,
        "pilot_injury": 0.4267,
        "pilot_skill": 0.6537,
        "mission_priority": 0.0333,
        "estimated_landing_time": 664.0,
        "wait_time": 0,
        "Landing_success_rate": 1.0
    },
    {
        "model": 2,
        "sequence": 6,
        "status": 1,
        "fuel": 7131,
        "fault": 0.3373,
        "weapon": 0,
        "pilot_injury": 0.3876,
        "pilot_skill": 0.6032,
        "mission_priority": 0.2099,
        "estimated_landing_time": 570.0,
        "wait_time": 0,
        "Landing_success_rate": 1.0
    },
    {
        "model": 0,
        "sequence": 5,
        "status": 1,
        "fuel": 6732,
        "fault": 0.241,
        "weapon": 1,
        "pilot_injury": 0.5665,
        "pilot_skill": 0.9019,
        "mission_priority": 0.902,
        "estimated_landing_time": 476.0,
        "wait_time": 0,
        "Landing_success_rate": 1.0
    },
    {
        "model": 1,
        "sequence": 11,
        "status": 1,
        "fuel": 6398,
        "fault": 0.6692,
        "weapon": 0,
        "pilot_injury": 0.0033,
        "pilot_skill": 0.934,
        "mission_priority": 0.1375,
        "estimated_landing_time": 1040.0,
        "wait_time": 0,
        "Landing_success_rate": 1.0
    }
]