[
    {
        "model": 1,
        "sequence": 8,
        "status": 1,
        "fuel": 6786,
        "fault": 0.9406,
        "weapon": 1,
        "pilot_injury": 0.3872,
        "pilot_skill": 0.7006,
        "mission_priority": 0.5836,
        "estimated_landing_time": 758.0,
        "wait_time": 0,
        "Landing_success_rate": 1.0
    },
    {
        "model": 0,
        "sequence": 11,
        "status": 1,
        "fuel": 5876,
        "fault": 0.2103,
        "weapon": 0,
        "pilot_injury": 0.6872,
        "pilot_skill": 0.3707,
        "mission_priority": 0.8758,
        "estimated_landing_time": 1040.0,
        "wait_time": 0,
        "Landing_success_rate": 1.0
    },
    {
        "model": 1,
        "sequence": 7,
        "status": 1,
        "fuel": 5998,
        "fault": 0.3787,
        "weapon": 1,
        "pilot_injury": 0.9043,
        "pilot_skill": 0.4409,
        "mission_priority": 0.7237,
        "estimated_landing_time": 664.0,
        "wait_time": 0,
        "Landing_success_rate": 1.0
    },
    {
        "model": 1,
        "sequence": 6,
        "status": 1,
        "fuel": 5840,
        "fault": 0.6467,
        "weapon": 1,
        "pilot_injury": 0.3991,
        "pilot_skill": 0.9155,
        "mission_priority": 0.2309,
        "estimated_landing_time": 570.0,
        "wait_time": 0,
        "Landing_success_rate": 1.0
    },
    {
        "model": 1,
        "sequence": 5,
        "status": 1,
        "fuel": 6126,
        "fault": 0.9954,
        "weapon": 1,
        "pilot_injury": 0.8595,
        "pilot_skill": 0.9388,
        "mission_priority": 0.2201,
        "estimated_landing_time": 476.0,
        "wait_time": 0,
        "Landing_success_rate": 1.0
    },
    {
        "model": 2,
        "sequence": 2,
        "status": 1,
        "fuel": 5525,
        "fault": 0.5021,
        "weapon": 1,
        "pilot_injury": 0.9706,
        "pilot_skill": 0.5974,
        "mission_priority": 0.0071,
        "estimated_landing_time": 194.0,
        "wait_time": 0,
        "Landing_success_rate": 1.0
    },
    {
        "model": 1,
        "sequence": 9,
        "status": 1,
        "fuel": 6739,
        "fault": 0.1813,
        "weapon": 1,
        "pilot_injury": 0.1876,
        "pilot_skill": 0.7676,
        "mission_priority": 0.2228,
        "estimated_landing_time": 852.0,
        "wait_time": 0,
        "Landing_success_rate": 1.0
    },
    {
        "model": 1,
        "sequence": 3,
        "status": 1,
        "fuel": 6078,
        "fault": 0.3533,
        "weapon": 1,
        "pilot_injury": 0.6925,
        "pilot_skill": 0.2178,
        "mission_priority": 0.8927,
        "estimated_landing_time": 288.0,
        "wait_time": 0,
        "Landing_success_rate": 1.0
    },
    {
        "model": 0,
        "sequence": 10,
        "status": 1,
        "fuel": 6866,
        "fault": 0.6892,
        "weapon": 0,
        "pilot_injury": 0.9565,
        "pilot_skill": 0.1256,
        "mission_priority": 0.0966,
        "estimated_landing_time": 946.0,
        "wait_time": 0,
        "Landing_success_rate": 1.0
    },
    {
        "model": 0,
        "sequence": 4,
        "status": 1,
        "fuel": 6175,
        "fault": 0.1423,
        "weapon": 0,
        "pilot_injury": 0.5838,
        "pilot_skill": 0.366,
        "mission_priority": 0.6526,
        "estimated_landing_time": 382.0,
        "wait_time": 0,
        "Landing_success_rate": 1.0
    },
    {
        "model": 2,
        "sequence": 12,
        "status": 1,
        "fuel": 5559,
        "fault": 0.3546,
        "weapon": 1,
        "pilot_injury": 0.4881,
        "pilot_skill": 0.2162,
        "mission_priority": 0.4837,
        "estimated_landing_time": 1134.0,
        "wait_time": 0,
        "Landing_success_rate": 1.0
    },
    {
        "model": 0,
        "sequence": 1,
        "status": 1,
        "fuel": 5981,
        "fault": 0.7533,
        "weapon": 1,
        "pilot_injury": 0.9416,
        "pilot_skill": 0.8063,
        "mission_priority": 0.3548,
        "estimated_landing_time": 100.0,
        "wait_time": 0,
        "Landing_success_rate": 1.0
    }
]