[
    {
        "model": 1,
        "sequence": 5,
        "status": 1,
        "fuel": 6609,
        "fault": 0.6989,
        "weapon": 0,
        "pilot_injury": 0.9923,
        "pilot_skill": 0.1036,
        "mission_priority": 0.4155,
        "estimated_landing_time": 476.0,
        "wait_time": 0,
        "Landing_success_rate": 1.0
    },
    {
        "model": 1,
        "sequence": 6,
        "status": 1,
        "fuel": 6254,
        "fault": 0.9773,
        "weapon": 0,
        "pilot_injury": 0.6358,
        "pilot_skill": 0.5971,
        "mission_priority": 0.9974,
        "estimated_landing_time": 570.0,
        "wait_time": 0,
        "Landing_success_rate": 1.0
    },
    {
        "model": 0,
        "sequence": 7,
        "status": 1,
        "fuel": 6808,
        "fault": 0.2321,
        "weapon": 1,
        "pilot_injury": 0.0448,
        "pilot_skill": 0.8591,
        "mission_priority": 0.9701,
        "estimated_landing_time": 664.0,
        "wait_time": 0,
        "Landing_success_rate": 1.0
    },
    {
        "model": 1,
        "sequence": 1,
        "status": 1,
        "fuel": 6408,
        "fault": 0.7964,
        "weapon": 1,
        "pilot_injury": 0.2259,
        "pilot_skill": 0.366,
        "mission_priority": 0.3102,
        "estimated_landing_time": 100.0,
        "wait_time": 0,
        "Landing_success_rate": 1.0
    },
    {
        "model": 0,
        "sequence": 8,
        "status": 1,
        "fuel": 6265,
        "fault": 0.6172,
        "weapon": 0,
        "pilot_injury": 0.8056,
        "pilot_skill": 0.9368,
        "mission_priority": 0.0679,
        "estimated_landing_time": 758.0,
        "wait_time": 0,
        "Landing_success_rate": 1.0
    },
    {
        "model": 2,
        "sequence": 9,
        "status": 1,
        "fuel": 5749,
        "fault": 0.5332,
        "weapon": 0,
        "pilot_injury": 0.3574,
        "pilot_skill": 0.4243,
        "mission_priority": 0.3892,
        "estimated_landing_time": 852.0,
        "wait_time": 0,
        "Landing_success_rate": 1.0
    },
    {
        "model": 0,
        "sequence": 10,
        "status": 1,
        "fuel": 6383,
        "fault": 0.1647,
        "weapon": 1,
        "pilot_injury": 0.5516,
        "pilot_skill": 0.7486,
        "mission_priority": 0.7251,
        "estimated_landing_time": 946.0,
        "wait_time": 0,
        "Landing_success_rate": 1.0
    },
    {
        "model": 1,
        "sequence": 3,
        "status": 1,
        "fuel": 6132,
        "fault": 0.6462,
        "weapon": 0,
        "pilot_injury": 0.6242,
        "pilot_skill": 0.8748,
        "mission_priority": 0.3028,
        "estimated_landing_time": 288.0,
        "wait_time": 0,
        "Landing_success_rate": 1.0
    },
    {
        "model": 0,
        "sequence": 4,
        "status": 1,
        "fuel": 6947,
        "fault": 0.9575,
        "weapon": 0,
        "pilot_injury": 0.3825,
        "pilot_skill": 0.6511,
        "mission_priority": 0.7373,
        "estimated_landing_time": 382.0,
        "wait_time": 0,
        "Landing_success_rate": 1.0
    },
    {
        "model": 0,
        "sequence": 12,
        "status": 1,
        "fuel": 6560,
        "fault": 0.7256,
        "weapon": 1,
        "pilot_injury": 0.8949,
        "pilot_skill": 0.8798,
        "mission_priority": 0.7494,
        "estimated_landing_time": 1134.0,
        "wait_time": 0,
        "Landing_success_rate": 1.0
    },
    {
        "model": 0,
        "sequence": 11,
        "status": 1,
        "fuel": 7007,
        "fault": 0.0332,
        "weapon": 0,
        "pilot_injury": 0.7363,
        "pilot_skill": 0.3396,
        "mission_priority": 0.1208,
        "estimated_landing_time": 1040.0,
        "wait_time": 0,
        "Landing_success_rate": 1.0
    },
    {
        "model": 0,
        "sequence": 2,
        "status": 1,
        "fuel": 5690,
        "fault": 0.3779,
        "weapon": 1,
        "pilot_injury": 0.1158,
        "pilot_skill": 0.9502,
        "mission_priority": 0.6759,
        "estimated_landing_time": 194.0,
        "wait_time": 0,
        "Landing_success_rate": 1.0
    }
]