[
    {
        "model": 0,
        "sequence": 5,
        "status": 1,
        "fuel": 7241,
        "fault": 0.8691,
        "weapon": 0,
        "pilot_injury": 0.2884,
        "pilot_skill": 0.9836,
        "mission_priority": 0.5931,
        "estimated_landing_time": 476.0,
        "wait_time": 0,
        "Landing_success_rate": 1.0
    },
    {
        "model": 1,
        "sequence": 3,
        "status": 1,
        "fuel": 6185,
        "fault": 0.8478,
        "weapon": 1,
        "pilot_injury": 0.2585,
        "pilot_skill": 0.0318,
        "mission_priority": 0.842,
        "estimated_landing_time": 288.0,
        "wait_time": 0,
        "Landing_success_rate": 1.0
    },
    {
        "model": 2,
        "sequence": 6,
        "status": 1,
        "fuel": 5824,
        "fault": 0.7786,
        "weapon": 1,
        "pilot_injury": 0.4786,
        "pilot_skill": 0.1829,
        "mission_priority": 0.8019,
        "estimated_landing_time": 570.0,
        "wait_time": 0,
        "Landing_success_rate": 1.0
    },
    {
        "model": 2,
        "sequence": 1,
        "status": 1,
        "fuel": 5711,
        "fault": 0.19,
        "weapon": 0,
        "pilot_injury": 0.8372,
        "pilot_skill": 0.963,
        "mission_priority": 0.0858,
        "estimated_landing_time": 100.0,
        "wait_time": 0,
        "Landing_success_rate": 1.0
    },
    {
        "model": 1,
        "sequence": 2,
        "status": 1,
        "fuel": 7000,
        "fault": 0.5385,
        "weapon": 0,
        "pilot_injury": 0.2642,
        "pilot_skill": 0.4691,
        "mission_priority": 0.0727,
        "estimated_landing_time": 194.0,
        "wait_time": 0,
        "Landing_success_rate": 1.0
    },
    {
        "model": 2,
        "sequence": 9,
        "status": 1,
        "fuel": 6460,
        "fault": 0.2342,
        "weapon": 1,
        "pilot_injury": 0.8386,
        "pilot_skill": 0.7595,
        "mission_priority": 0.0741,
        "estimated_landing_time": 852.0,
        "wait_time": 0,
        "Landing_success_rate": 1.0
    },
    {
        "model": 0,
        "sequence": 12,
        "status": 1,
        "fuel": 7181,
        "fault": 0.4236,
        "weapon": 0,
        "pilot_injury": 0.3529,
        "pilot_skill": 0.1798,
        "mission_priority": 0.8353,
        "estimated_landing_time": 1134.0,
        "wait_time": 0,
        "Landing_success_rate": 1.0
    },
    {
        "model": 1,
        "sequence": 11,
        "status": 1,
        "fuel": 6535,
        "fault": 0.1322,
        "weapon": 0,
        "pilot_injury": 0.9662,
        "pilot_skill": 0.2559,
        "mission_priority": 0.9362,
        "estimated_landing_time": 1040.0,
        "wait_time": 0,
        "Landing_success_rate": 1.0
    },
    {
        "model": 2,
        "sequence": 8,
        "status": 1,
        "fuel": 6792,
        "fault": 0.6209,
        "weapon": 0,
        "pilot_injury": 0.6642,
        "pilot_skill": 0.8613,
        "mission_priority": 0.9761,
        "estimated_landing_time": 758.0,
        "wait_time": 0,
        "Landing_success_rate": 1.0
    },
    {
        "model": 0,
        "sequence": 10,
        "status": 1,
        "fuel": 7026,
        "fault": 0.9826,
        "weapon": 1,
        "pilot_injury": 0.8145,
        "pilot_skill": 0.7117,
        "mission_priority": 0.0616,
        "estimated_landing_time": 946.0,
        "wait_time": 0,
        "Landing_success_rate": 1.0
    },
    {
        "model": 2,
        "sequence": 4,
        "status": 1,
        "fuel": 6010,
        "fault": 0.9034,
        "weapon": 0,
        "pilot_injury": 0.1345,
        "pilot_skill": 0.4254,
        "mission_priority": 0.6031,
        "estimated_landing_time": 382.0,
        "wait_time": 0,
        "Landing_success_rate": 1.0
    },
    {
        "model": 0,
        "sequence": 7,
        "status": 1,
        "fuel": 5728,
        "fault": 0.1752,
        "weapon": 0,
        "pilot_injury": 0.2558,
        "pilot_skill": 0.6327,
        "mission_priority": 0.9074,
        "estimated_landing_time": 664.0,
        "wait_time": 0,
        "Landing_success_rate": 1.0
    }
]