[
    {
        "model": 0,
        "sequence": 5,
        "status": 1,
        "fuel": 6670,
        "fault": 0.8601,
        "weapon": 1,
        "pilot_injury": 0.4508,
        "pilot_skill": 0.8514,
        "mission_priority": 0.3328,
        "estimated_landing_time": 476.0,
        "wait_time": 0,
        "Landing_success_rate": 1.0
    },
    {
        "model": 0,
        "sequence": 4,
        "status": 1,
        "fuel": 6147,
        "fault": 0.5207,
        "weapon": 1,
        "pilot_injury": 0.5357,
        "pilot_skill": 0.6708,
        "mission_priority": 0.3409,
        "estimated_landing_time": 382.0,
        "wait_time": 0,
        "Landing_success_rate": 1.0
    },
    {
        "model": 1,
        "sequence": 12,
        "status": 1,
        "fuel": 5918,
        "fault": 0.3304,
        "weapon": 1,
        "pilot_injury": 0.3975,
        "pilot_skill": 0.6747,
        "mission_priority": 0.3784,
        "estimated_landing_time": 1134.0,
        "wait_time": 0,
        "Landing_success_rate": 1.0
    },
    {
        "model": 0,
        "sequence": 7,
        "status": 1,
        "fuel": 5763,
        "fault": 0.406,
        "weapon": 0,
        "pilot_injury": 0.9222,
        "pilot_skill": 0.6267,
        "mission_priority": 0.8112,
        "estimated_landing_time": 664.0,
        "wait_time": 0,
        "Landing_success_rate": 1.0
    },
    {
        "model": 2,
        "sequence": 6,
        "status": 1,
        "fuel": 7467,
        "fault": 0.3837,
        "weapon": 0,
        "pilot_injury": 0.9088,
        "pilot_skill": 0.3593,
        "mission_priority": 0.7005,
        "estimated_landing_time": 570.0,
        "wait_time": 0,
        "Landing_success_rate": 1.0
    },
    {
        "model": 1,
        "sequence": 3,
        "status": 1,
        "fuel": 6598,
        "fault": 0.8963,
        "weapon": 1,
        "pilot_injury": 0.8298,
        "pilot_skill": 0.4012,
        "mission_priority": 0.639,
        "estimated_landing_time": 288.0,
        "wait_time": 0,
        "Landing_success_rate": 1.0
    },
    {
        "model": 1,
        "sequence": 11,
        "status": 1,
        "fuel": 6920,
        "fault": 0.9667,
        "weapon": 0,
        "pilot_injury": 0.1065,
        "pilot_skill": 0.8275,
        "mission_priority": 0.2742,
        "estimated_landing_time": 1040.0,
        "wait_time": 0,
        "Landing_success_rate": 1.0
    },
    {
        "model": 0,
        "sequence": 8,
        "status": 1,
        "fuel": 5746,
        "fault": 0.1852,
        "weapon": 1,
        "pilot_injury": 0.0563,
        "pilot_skill": 0.2099,
        "mission_priority": 0.4087,
        "estimated_landing_time": 758.0,
        "wait_time": 0,
        "Landing_success_rate": 1.0
    },
    {
        "model": 1,
        "sequence": 9,
        "status": 1,
        "fuel": 5680,
        "fault": 0.3132,
        "weapon": 1,
        "pilot_injury": 0.8129,
        "pilot_skill": 0.997,
        "mission_priority": 0.7883,
        "estimated_landing_time": 852.0,
        "wait_time": 0,
        "Landing_success_rate": 1.0
    },
    {
        "model": 2,
        "sequence": 10,
        "status": 1,
        "fuel": 6508,
        "fault": 0.3889,
        "weapon": 0,
        "pilot_injury": 0.0062,
        "pilot_skill": 0.2093,
        "mission_priority": 0.899,
        "estimated_landing_time": 946.0,
        "wait_time": 0,
        "Landing_success_rate": 1.0
    },
    {
        "model": 0,
        "sequence": 2,
        "status": 1,
        "fuel": 7290,
        "fault": 0.0659,
        "weapon": 0,
        "pilot_injury": 0.1133,
        "pilot_skill": 0.1331,
        "mission_priority": 0.1753,
        "estimated_landing_time": 194.0,
        "wait_time": 0,
        "Landing_success_rate": 1.0
    },
    {
        "model": 2,
        "sequence": 1,
        "status": 1,
        "fuel": 6616,
        "fault": 0.112,
        "weapon": 1,
        "pilot_injury": 0.1452,
        "pilot_skill": 0.6868,
        "mission_priority": 0.9407,
        "estimated_landing_time": 100.0,
        "wait_time": 0,
        "Landing_success_rate": 1.0
    }
]