[
    {
        "model": 2,
        "sequence": 12,
        "status": 1,
        "fuel": 6652,
        "fault": 0.418,
        "weapon": 1,
        "pilot_injury": 0.314,
        "pilot_skill": 0.7954,
        "mission_priority": 0.5214,
        "estimated_landing_time": 1134.0,
        "wait_time": 0,
        "Landing_success_rate": 1.0
    },
    {
        "model": 0,
        "sequence": 5,
        "status": 1,
        "fuel": 6387,
        "fault": 0.1276,
        "weapon": 1,
        "pilot_injury": 0.9122,
        "pilot_skill": 0.1572,
        "mission_priority": 0.3213,
        "estimated_landing_time": 476.0,
        "wait_time": 0,
        "Landing_success_rate": 1.0
    },
    {
        "model": 2,
        "sequence": 11,
        "status": 1,
        "fuel": 6493,
        "fault": 0.0474,
        "weapon": 1,
        "pilot_injury": 0.9438,
        "pilot_skill": 0.3775,
        "mission_priority": 0.6581,
        "estimated_landing_time": 1040.0,
        "wait_time": 0,
        "Landing_success_rate": 1.0
    },
    {
        "model": 1,
        "sequence": 6,
        "status": 1,
        "fuel": 6501,
        "fault": 0.3749,
        "weapon": 1,
        "pilot_injury": 0.1758,
        "pilot_skill": 0.4348,
        "mission_priority": 0.5329,
        "estimated_landing_time": 570.0,
        "wait_time": 0,
        "Landing_success_rate": 1.0
    },
    {
        "model": 0,
        "sequence": 3,
        "status": 1,
        "fuel": 6606,
        "fault": 0.3873,
        "weapon": 0,
        "pilot_injury": 0.5128,
        "pilot_skill": 0.1572,
        "mission_priority": 0.0673,
        "estimated_landing_time": 288.0,
        "wait_time": 0,
        "Landing_success_rate": 1.0
    },
    {
        "model": 0,
        "sequence": 4,
        "status": 1,
        "fuel": 6612,
        "fault": 0.0719,
        "weapon": 1,
        "pilot_injury": 0.4993,
        "pilot_skill": 0.8602,
        "mission_priority": 0.903,
        "estimated_landing_time": 382.0,
        "wait_time": 0,
        "Landing_success_rate": 1.0
    },
    {
        "model": 2,
        "sequence": 1,
        "status": 1,
        "fuel": 5826,
        "fault": 0.3706,
        "weapon": 0,
        "pilot_injury": 0.3066,
        "pilot_skill": 0.9875,
        "mission_priority": 0.6813,
        "estimated_landing_time": 100.0,
        "wait_time": 0,
        "Landing_success_rate": 1.0
    },
    {
        "model": 0,
        "sequence": 8,
        "status": 1,
        "fuel": 6658,
        "fault": 0.7048,
        "weapon": 1,
        "pilot_injury": 0.4346,
        "pilot_skill": 0.6218,
        "mission_priority": 0.898,
        "estimated_landing_time": 758.0,
        "wait_time": 0,
        "Landing_success_rate": 1.0
    },
    {
        "model": 2,
        "sequence": 9,
        "status": 1,
        "fuel": 5877,
        "fault": 0.0519,
        "weapon": 0,
        "pilot_injury": 0.4058,
        "pilot_skill": 0.2455,
        "mission_priority": 0.576,
        "estimated_landing_time": 852.0,
        "wait_time": 0,
        "Landing_success_rate": 1.0
    },
    {
        "model": 1,
        "sequence": 10,
        "status": 1,
        "fuel": 7122,
        "fault": 0.8258,
        "weapon": 0,
        "pilot_injury": 0.6855,
        "pilot_skill": 0.3431,
        "mission_priority": 0.635,
        "estimated_landing_time": 946.0,
        "wait_time": 0,
        "Landing_success_rate": 1.0
    },
    {
        "model": 2,
        "sequence": 7,
        "status": 1,
        "fuel": 7016,
        "fault": 0.1675,
        "weapon": 1,
        "pilot_injury": 0.6357,
        "pilot_skill": 0.381,
        "mission_priority": 0.3365,
        "estimated_landing_time": 664.0,
        "wait_time": 0,
        "Landing_success_rate": 1.0
    },
    {
        "model": 0,
        "sequence": 2,
        "status": 1,
        "fuel": 6288,
        "fault": 0.1495,
        "weapon": 1,
        "pilot_injury": 0.7867,
        "pilot_skill": 0.2452,
        "mission_priority": 0.682,
        "estimated_landing_time": 194.0,
        "wait_time": 0,
        "Landing_success_rate": 1.0
    }
]