[
    {
        "model": 0,
        "sequence": 1,
        "status": 1,
        "fuel": 7206,
        "fault": 0.1272,
        "weapon": 0,
        "pilot_injury": 0.4551,
        "pilot_skill": 0.1339,
        "mission_priority": 0.8102,
        "estimated_landing_time": 100.0,
        "wait_time": 0,
        "Landing_success_rate": 1.0
    },
    {
        "model": 1,
        "sequence": 5,
        "status": 1,
        "fuel": 6936,
        "fault": 0.8793,
        "weapon": 1,
        "pilot_injury": 0.1975,
        "pilot_skill": 0.0419,
        "mission_priority": 0.3055,
        "estimated_landing_time": 476.0,
        "wait_time": 0,
        "Landing_success_rate": 1.0
    },
    {
        "model": 0,
        "sequence": 4,
        "status": 1,
        "fuel": 6827,
        "fault": 0.1125,
        "weapon": 1,
        "pilot_injury": 0.8647,
        "pilot_skill": 0.5339,
        "mission_priority": 0.019,
        "estimated_landing_time": 382.0,
        "wait_time": 0,
        "Landing_success_rate": 1.0
    },
    {
        "model": 1,
        "sequence": 7,
        "status": 1,
        "fuel": 6579,
        "fault": 0.5036,
        "weapon": 1,
        "pilot_injury": 0.1014,
        "pilot_skill": 0.7006,
        "mission_priority": 0.012,
        "estimated_landing_time": 664.0,
        "wait_time": 0,
        "Landing_success_rate": 1.0
    },
    {
        "model": 1,
        "sequence": 2,
        "status": 1,
        "fuel": 6267,
        "fault": 0.2665,
        "weapon": 1,
        "pilot_injury": 0.4692,
        "pilot_skill": 0.8291,
        "mission_priority": 0.7815,
        "estimated_landing_time": 194.0,
        "wait_time": 0,
        "Landing_success_rate": 1.0
    },
    {
        "model": 0,
        "sequence": 3,
        "status": 1,
        "fuel": 5529,
        "fault": 0.8712,
        "weapon": 1,
        "pilot_injury": 0.2719,
        "pilot_skill": 0.8609,
        "mission_priority": 0.6486,
        "estimated_landing_time": 288.0,
        "wait_time": 0,
        "Landing_success_rate": 1.0
    },
    {
        "model": 1,
        "sequence": 10,
        "status": 1,
        "fuel": 6744,
        "fault": 0.5331,
        "weapon": 0,
        "pilot_injury": 0.1719,
        "pilot_skill": 0.9794,
        "mission_priority": 0.1827,
        "estimated_landing_time": 946.0,
        "wait_time": 0,
        "Landing_success_rate": 1.0
    },
    {
        "model": 1,
        "sequence": 6,
        "status": 1,
        "fuel": 7408,
        "fault": 0.9269,
        "weapon": 1,
        "pilot_injury": 0.3737,
        "pilot_skill": 0.4401,
        "mission_priority": 0.9214,
        "estimated_landing_time": 570.0,
        "wait_time": 0,
        "Landing_success_rate": 1.0
    },
    {
        "model": 1,
        "sequence": 8,
        "status": 1,
        "fuel": 6359,
        "fault": 0.2008,
        "weapon": 0,
        "pilot_injury": 0.3767,
        "pilot_skill": 0.0045,
        "mission_priority": 0.6816,
        "estimated_landing_time": 758.0,
        "wait_time": 0,
        "Landing_success_rate": 1.0
    },
    {
        "model": 1,
        "sequence": 11,
        "status": 1,
        "fuel": 6826,
        "fault": 0.9748,
        "weapon": 0,
        "pilot_injury": 0.7949,
        "pilot_skill": 0.4397,
        "mission_priority": 0.7481,
        "estimated_landing_time": 1040.0,
        "wait_time": 0,
        "Landing_success_rate": 1.0
    },
    {
        "model": 0,
        "sequence": 12,
        "status": 1,
        "fuel": 5791,
        "fault": 0.4538,
        "weapon": 0,
        "pilot_injury": 0.5825,
        "pilot_skill": 0.7785,
        "mission_priority": 0.4946,
        "estimated_landing_time": 1134.0,
        "wait_time": 0,
        "Landing_success_rate": 1.0
    },
    {
        "model": 2,
        "sequence": 9,
        "status": 1,
        "fuel": 6838,
        "fault": 0.2594,
        "weapon": 1,
        "pilot_injury": 0.1282,
        "pilot_skill": 0.1718,
        "mission_priority": 0.0102,
        "estimated_landing_time": 852.0,
        "wait_time": 0,
        "Landing_success_rate": 1.0
    }
]