[
    {
        "model": 1,
        "sequence": 5,
        "status": 1,
        "fuel": 6829,
        "fault": 0.8573,
        "weapon": 1,
        "pilot_injury": 0.2614,
        "pilot_skill": 0.3612,
        "mission_priority": 0.4927,
        "estimated_landing_time": 476.0,
        "wait_time": 0,
        "Landing_success_rate": 1.0
    },
    {
        "model": 2,
        "sequence": 12,
        "status": 1,
        "fuel": 6998,
        "fault": 0.5527,
        "weapon": 1,
        "pilot_injury": 0.211,
        "pilot_skill": 0.8823,
        "mission_priority": 0.6641,
        "estimated_landing_time": 1134.0,
        "wait_time": 0,
        "Landing_success_rate": 1.0
    },
    {
        "model": 1,
        "sequence": 7,
        "status": 1,
        "fuel": 7292,
        "fault": 0.5079,
        "weapon": 1,
        "pilot_injury": 0.0591,
        "pilot_skill": 0.5009,
        "mission_priority": 0.9124,
        "estimated_landing_time": 664.0,
        "wait_time": 0,
        "Landing_success_rate": 1.0
    },
    {
        "model": 1,
        "sequence": 2,
        "status": 1,
        "fuel": 5721,
        "fault": 0.0282,
        "weapon": 1,
        "pilot_injury": 0.0316,
        "pilot_skill": 0.3542,
        "mission_priority": 0.3459,
        "estimated_landing_time": 194.0,
        "wait_time": 0,
        "Landing_success_rate": 1.0
    },
    {
        "model": 0,
        "sequence": 11,
        "status": 1,
        "fuel": 5641,
        "fault": 0.6543,
        "weapon": 1,
        "pilot_injury": 0.2672,
        "pilot_skill": 0.6209,
        "mission_priority": 0.9446,
        "estimated_landing_time": 1040.0,
        "wait_time": 0,
        "Landing_success_rate": 1.0
    },
    {
        "model": 0,
        "sequence": 9,
        "status": 1,
        "fuel": 7407,
        "fault": 0.3632,
        "weapon": 0,
        "pilot_injury": 0.9862,
        "pilot_skill": 0.1535,
        "mission_priority": 0.0338,
        "estimated_landing_time": 852.0,
        "wait_time": 0,
        "Landing_success_rate": 1.0
    },
    {
        "model": 2,
        "sequence": 1,
        "status": 1,
        "fuel": 5648,
        "fault": 0.6615,
        "weapon": 0,
        "pilot_injury": 0.4288,
        "pilot_skill": 0.2253,
        "mission_priority": 0.5069,
        "estimated_landing_time": 100.0,
        "wait_time": 0,
        "Landing_success_rate": 1.0
    },
    {
        "model": 0,
        "sequence": 8,
        "status": 1,
        "fuel": 6750,
        "fault": 0.3592,
        "weapon": 1,
        "pilot_injury": 0.4427,
        "pilot_skill": 0.3838,
        "mission_priority": 0.9399,
        "estimated_landing_time": 758.0,
        "wait_time": 0,
        "Landing_success_rate": 1.0
    },
    {
        "model": 2,
        "sequence": 10,
        "status": 1,
        "fuel": 7001,
        "fault": 0.3346,
        "weapon": 1,
        "pilot_injury": 0.9904,
        "pilot_skill": 0.2657,
        "mission_priority": 0.8429,
        "estimated_landing_time": 946.0,
        "wait_time": 0,
        "Landing_success_rate": 1.0
    },
    {
        "model": 2,
        "sequence": 6,
        "status": 1,
        "fuel": 7255,
        "fault": 0.1165,
        "weapon": 1,
        "pilot_injury": 0.2014,
        "pilot_skill": 0.812,
        "mission_priority": 0.0835,
        "estimated_landing_time": 570.0,
        "wait_time": 0,
        "Landing_success_rate": 1.0
    },
    {
        "model": 0,
        "sequence": 3,
        "status": 1,
        "fuel": 6789,
        "fault": 0.6884,
        "weapon": 1,
        "pilot_injury": 0.7472,
        "pilot_skill": 0.5012,
        "mission_priority": 0.6728,
        "estimated_landing_time": 288.0,
        "wait_time": 0,
        "Landing_success_rate": 1.0
    },
    {
        "model": 0,
        "sequence": 4,
        "status": 1,
        "fuel": 7397,
        "fault": 0.9437,
        "weapon": 1,
        "pilot_injury": 0.008,
        "pilot_skill": 0.8332,
        "mission_priority": 0.5163,
        "estimated_landing_time": 382.0,
        "wait_time": 0,
        "Landing_success_rate": 1.0
    }
]