[
    {
        "model": 0,
        "sequence": 1,
        "status": 1,
        "fuel": 5708,
        "fault": 0.2697,
        "weapon": 0,
        "pilot_injury": 0.0987,
        "pilot_skill": 0.2793,
        "mission_priority": 0.1093,
        "estimated_landing_time": 100.0,
        "wait_time": 0,
        "Landing_success_rate": 1.0
    },
    {
        "model": 1,
        "sequence": 12,
        "status": 1,
        "fuel": 7404,
        "fault": 0.6156,
        "weapon": 0,
        "pilot_injury": 0.6152,
        "pilot_skill": 0.2273,
        "mission_priority": 0.8718,
        "estimated_landing_time": 1134.0,
        "wait_time": 0,
        "Landing_success_rate": 1.0
    },
    {
        "model": 0,
        "sequence": 4,
        "status": 1,
        "fuel": 7351,
        "fault": 0.3705,
        "weapon": 0,
        "pilot_injury": 0.8476,
        "pilot_skill": 0.6196,
        "mission_priority": 0.5014,
        "estimated_landing_time": 382.0,
        "wait_time": 0,
        "Landing_success_rate": 1.0
    },
    {
        "model": 0,
        "sequence": 5,
        "status": 1,
        "fuel": 6706,
        "fault": 0.6323,
        "weapon": 1,
        "pilot_injury": 0.5574,
        "pilot_skill": 0.8895,
        "mission_priority": 0.594,
        "estimated_landing_time": 476.0,
        "wait_time": 0,
        "Landing_success_rate": 1.0
    },
    {
        "model": 0,
        "sequence": 3,
        "status": 1,
        "fuel": 6259,
        "fault": 0.6334,
        "weapon": 0,
        "pilot_injury": 0.6951,
        "pilot_skill": 0.6487,
        "mission_priority": 0.6704,
        "estimated_landing_time": 288.0,
        "wait_time": 0,
        "Landing_success_rate": 1.0
    },
    {
        "model": 1,
        "sequence": 6,
        "status": 1,
        "fuel": 5818,
        "fault": 0.3475,
        "weapon": 0,
        "pilot_injury": 0.1436,
        "pilot_skill": 0.9786,
        "mission_priority": 0.0453,
        "estimated_landing_time": 570.0,
        "wait_time": 0,
        "Landing_success_rate": 1.0
    },
    {
        "model": 0,
        "sequence": 9,
        "status": 1,
        "fuel": 6527,
        "fault": 0.5916,
        "weapon": 0,
        "pilot_injury": 0.36,
        "pilot_skill": 0.782,
        "mission_priority": 0.7454,
        "estimated_landing_time": 852.0,
        "wait_time": 0,
        "Landing_success_rate": 1.0
    },
    {
        "model": 0,
        "sequence": 7,
        "status": 1,
        "fuel": 6033,
        "fault": 0.5652,
        "weapon": 0,
        "pilot_injury": 0.5642,
        "pilot_skill": 0.8923,
        "mission_priority": 0.9938,
        "estimated_landing_time": 664.0,
        "wait_time": 0,
        "Landing_success_rate": 1.0
    },
    {
        "model": 0,
        "sequence": 10,
        "status": 1,
        "fuel": 6748,
        "fault": 0.0799,
        "weapon": 1,
        "pilot_injury": 0.1432,
        "pilot_skill": 0.0232,
        "mission_priority": 0.8252,
        "estimated_landing_time": 946.0,
        "wait_time": 0,
        "Landing_success_rate": 1.0
    },
    {
        "model": 1,
        "sequence": 8,
        "status": 1,
        "fuel": 6006,
        "fault": 0.907,
        "weapon": 0,
        "pilot_injury": 0.2799,
        "pilot_skill": 0.6398,
        "mission_priority": 0.3162,
        "estimated_landing_time": 758.0,
        "wait_time": 0,
        "Landing_success_rate": 1.0
    },
    {
        "model": 0,
        "sequence": 11,
        "status": 1,
        "fuel": 7285,
        "fault": 0.7189,
        "weapon": 0,
        "pilot_injury": 0.9136,
        "pilot_skill": 0.2342,
        "mission_priority": 0.5776,
        "estimated_landing_time": 1040.0,
        "wait_time": 0,
        "Landing_success_rate": 1.0
    },
    {
        "model": 1,
        "sequence": 2,
        "status": 1,
        "fuel": 5775,
        "fault": 0.6769,
        "weapon": 1,
        "pilot_injury": 0.5646,
        "pilot_skill": 0.924,
        "mission_priority": 0.1016,
        "estimated_landing_time": 194.0,
        "wait_time": 0,
        "Landing_success_rate": 1.0
    }
]