[
    {
        "model": 1,
        "sequence": 7,
        "status": 1,
        "fuel": 6898,
        "fault": 0.6375,
        "weapon": 0,
        "pilot_injury": 0.7656,
        "pilot_skill": 0.9448,
        "mission_priority": 0.9761,
        "estimated_landing_time": 664.0,
        "wait_time": 0,
        "Landing_success_rate": 1.0
    },
    {
        "model": 0,
        "sequence": 12,
        "status": 1,
        "fuel": 5612,
        "fault": 0.2769,
        "weapon": 1,
        "pilot_injury": 0.1946,
        "pilot_skill": 0.6258,
        "mission_priority": 0.5441,
        "estimated_landing_time": 1134.0,
        "wait_time": 0,
        "Landing_success_rate": 1.0
    },
    {
        "model": 2,
        "sequence": 6,
        "status": 1,
        "fuel": 6577,
        "fault": 0.3965,
        "weapon": 1,
        "pilot_injury": 0.9067,
        "pilot_skill": 0.8984,
        "mission_priority": 0.2039,
        "estimated_landing_time": 570.0,
        "wait_time": 0,
        "Landing_success_rate": 1.0
    },
    {
        "model": 0,
        "sequence": 1,
        "status": 1,
        "fuel": 6766,
        "fault": 0.3222,
        "weapon": 1,
        "pilot_injury": 0.8528,
        "pilot_skill": 0.532,
        "mission_priority": 0.9682,
        "estimated_landing_time": 100.0,
        "wait_time": 0,
        "Landing_success_rate": 1.0
    },
    {
        "model": 2,
        "sequence": 9,
        "status": 1,
        "fuel": 7130,
        "fault": 0.5143,
        "weapon": 1,
        "pilot_injury": 0.7315,
        "pilot_skill": 0.8776,
        "mission_priority": 0.831,
        "estimated_landing_time": 852.0,
        "wait_time": 0,
        "Landing_success_rate": 1.0
    },
    {
        "model": 2,
        "sequence": 8,
        "status": 1,
        "fuel": 7296,
        "fault": 0.2983,
        "weapon": 0,
        "pilot_injury": 0.8644,
        "pilot_skill": 0.0847,
        "mission_priority": 0.4086,
        "estimated_landing_time": 758.0,
        "wait_time": 0,
        "Landing_success_rate": 1.0
    },
    {
        "model": 0,
        "sequence": 5,
        "status": 1,
        "fuel": 5685,
        "fault": 0.3933,
        "weapon": 1,
        "pilot_injury": 0.1388,
        "pilot_skill": 0.4877,
        "mission_priority": 0.4798,
        "estimated_landing_time": 476.0,
        "wait_time": 0,
        "Landing_success_rate": 1.0
    },
    {
        "model": 2,
        "sequence": 4,
        "status": 1,
        "fuel": 5685,
        "fault": 0.8513,
        "weapon": 0,
        "pilot_injury": 0.6531,
        "pilot_skill": 0.9802,
        "mission_priority": 0.0668,
        "estimated_landing_time": 382.0,
        "wait_time": 0,
        "Landing_success_rate": 1.0
    },
    {
        "model": 0,
        "sequence": 11,
        "status": 1,
        "fuel": 6037,
        "fault": 0.2445,
        "weapon": 0,
        "pilot_injury": 0.4227,
        "pilot_skill": 0.2619,
        "mission_priority": 0.9978,
        "estimated_landing_time": 1040.0,
        "wait_time": 0,
        "Landing_success_rate": 1.0
    },
    {
        "model": 1,
        "sequence": 10,
        "status": 1,
        "fuel": 6734,
        "fault": 0.9561,
        "weapon": 1,
        "pilot_injury": 0.5617,
        "pilot_skill": 0.0069,
        "mission_priority": 0.981,
        "estimated_landing_time": 946.0,
        "wait_time": 0,
        "Landing_success_rate": 1.0
    },
    {
        "model": 2,
        "sequence": 3,
        "status": 1,
        "fuel": 6552,
        "fault": 0.7286,
        "weapon": 1,
        "pilot_injury": 0.1763,
        "pilot_skill": 0.821,
        "mission_priority": 0.0869,
        "estimated_landing_time": 288.0,
        "wait_time": 0,
        "Landing_success_rate": 1.0
    },
    {
        "model": 1,
        "sequence": 2,
        "status": 1,
        "fuel": 7168,
        "fault": 0.6092,
        "weapon": 0,
        "pilot_injury": 0.8864,
        "pilot_skill": 0.7389,
        "mission_priority": 0.4873,
        "estimated_landing_time": 194.0,
        "wait_time": 0,
        "Landing_success_rate": 1.0
    }
]