[
    {
        "model": 1,
        "sequence": 3,
        "status": 1,
        "fuel": 6606,
        "fault": 0.5995,
        "weapon": 1,
        "pilot_injury": 0.7731,
        "pilot_skill": 0.3682,
        "mission_priority": 0.8653,
        "estimated_landing_time": 288.0,
        "wait_time": 0,
        "Landing_success_rate": 1.0
    },
    {
        "model": 0,
        "sequence": 7,
        "status": 1,
        "fuel": 6846,
        "fault": 0.0117,
        "weapon": 0,
        "pilot_injury": 0.3354,
        "pilot_skill": 0.9932,
        "mission_priority": 0.9855,
        "estimated_landing_time": 664.0,
        "wait_time": 0,
        "Landing_success_rate": 1.0
    },
    {
        "model": 1,
        "sequence": 5,
        "status": 1,
        "fuel": 7047,
        "fault": 0.0976,
        "weapon": 1,
        "pilot_injury": 0.5355,
        "pilot_skill": 0.1544,
        "mission_priority": 0.1678,
        "estimated_landing_time": 476.0,
        "wait_time": 0,
        "Landing_success_rate": 1.0
    },
    {
        "model": 1,
        "sequence": 11,
        "status": 1,
        "fuel": 6005,
        "fault": 0.4166,
        "weapon": 1,
        "pilot_injury": 0.1258,
        "pilot_skill": 0.2148,
        "mission_priority": 0.2683,
        "estimated_landing_time": 1040.0,
        "wait_time": 0,
        "Landing_success_rate": 1.0
    },
    {
        "model": 2,
        "sequence": 9,
        "status": 1,
        "fuel": 5841,
        "fault": 0.2786,
        "weapon": 1,
        "pilot_injury": 0.455,
        "pilot_skill": 0.1665,
        "mission_priority": 0.3267,
        "estimated_landing_time": 852.0,
        "wait_time": 0,
        "Landing_success_rate": 1.0
    },
    {
        "model": 2,
        "sequence": 12,
        "status": 1,
        "fuel": 6688,
        "fault": 0.3153,
        "weapon": 0,
        "pilot_injury": 0.1988,
        "pilot_skill": 0.7569,
        "mission_priority": 0.3496,
        "estimated_landing_time": 1134.0,
        "wait_time": 0,
        "Landing_success_rate": 1.0
    },
    {
        "model": 0,
        "sequence": 1,
        "status": 1,
        "fuel": 6096,
        "fault": 0.3174,
        "weapon": 1,
        "pilot_injury": 0.6964,
        "pilot_skill": 0.8445,
        "mission_priority": 0.2863,
        "estimated_landing_time": 100.0,
        "wait_time": 0,
        "Landing_success_rate": 1.0
    },
    {
        "model": 0,
        "sequence": 4,
        "status": 1,
        "fuel": 5919,
        "fault": 0.814,
        "weapon": 1,
        "pilot_injury": 0.1952,
        "pilot_skill": 0.6398,
        "mission_priority": 0.0944,
        "estimated_landing_time": 382.0,
        "wait_time": 0,
        "Landing_success_rate": 1.0
    },
    {
        "model": 1,
        "sequence": 8,
        "status": 1,
        "fuel": 7297,
        "fault": 0.6583,
        "weapon": 0,
        "pilot_injury": 0.1139,
        "pilot_skill": 0.6491,
        "mission_priority": 0.4466,
        "estimated_landing_time": 758.0,
        "wait_time": 0,
        "Landing_success_rate": 1.0
    },
    {
        "model": 2,
        "sequence": 2,
        "status": 1,
        "fuel": 6018,
        "fault": 0.8353,
        "weapon": 1,
        "pilot_injury": 0.4921,
        "pilot_skill": 0.0916,
        "mission_priority": 0.9576,
        "estimated_landing_time": 194.0,
        "wait_time": 0,
        "Landing_success_rate": 1.0
    },
    {
        "model": 1,
        "sequence": 10,
        "status": 1,
        "fuel": 5513,
        "fault": 0.4496,
        "weapon": 0,
        "pilot_injury": 0.8229,
        "pilot_skill": 0.3226,
        "mission_priority": 0.5968,
        "estimated_landing_time": 946.0,
        "wait_time": 0,
        "Landing_success_rate": 1.0
    },
    {
        "model": 1,
        "sequence": 6,
        "status": 1,
        "fuel": 6865,
        "fault": 0.5283,
        "weapon": 1,
        "pilot_injury": 0.723,
        "pilot_skill": 0.552,
        "mission_priority": 0.2409,
        "estimated_landing_time": 570.0,
        "wait_time": 0,
        "Landing_success_rate": 1.0
    }
]