[
    {
        "model": 0,
        "sequence": 10,
        "status": 1,
        "fuel": 7164,
        "fault": 0.6823,
        "weapon": 1,
        "pilot_injury": 0.6273,
        "pilot_skill": 0.3044,
        "mission_priority": 0.8585,
        "estimated_landing_time": 946.0,
        "wait_time": 0,
        "Landing_success_rate": 1.0
    },
    {
        "model": 2,
        "sequence": 11,
        "status": 1,
        "fuel": 6753,
        "fault": 0.2485,
        "weapon": 0,
        "pilot_injury": 0.9124,
        "pilot_skill": 0.8875,
        "mission_priority": 0.1731,
        "estimated_landing_time": 1040.0,
        "wait_time": 0,
        "Landing_success_rate": 1.0
    },
    {
        "model": 0,
        "sequence": 2,
        "status": 1,
        "fuel": 6448,
        "fault": 0.182,
        "weapon": 0,
        "pilot_injury": 0.8078,
        "pilot_skill": 0.7052,
        "mission_priority": 0.4481,
        "estimated_landing_time": 194.0,
        "wait_time": 0,
        "Landing_success_rate": 1.0
    },
    {
        "model": 1,
        "sequence": 5,
        "status": 1,
        "fuel": 5600,
        "fault": 0.979,
        "weapon": 0,
        "pilot_injury": 0.1393,
        "pilot_skill": 0.0438,
        "mission_priority": 0.0091,
        "estimated_landing_time": 476.0,
        "wait_time": 0,
        "Landing_success_rate": 1.0
    },
    {
        "model": 2,
        "sequence": 4,
        "status": 1,
        "fuel": 5961,
        "fault": 0.9499,
        "weapon": 0,
        "pilot_injury": 0.5386,
        "pilot_skill": 0.3673,
        "mission_priority": 0.1469,
        "estimated_landing_time": 382.0,
        "wait_time": 0,
        "Landing_success_rate": 1.0
    },
    {
        "model": 0,
        "sequence": 3,
        "status": 1,
        "fuel": 6138,
        "fault": 0.6171,
        "weapon": 1,
        "pilot_injury": 0.3184,
        "pilot_skill": 0.5622,
        "mission_priority": 0.4024,
        "estimated_landing_time": 288.0,
        "wait_time": 0,
        "Landing_success_rate": 1.0
    },
    {
        "model": 1,
        "sequence": 9,
        "status": 1,
        "fuel": 5820,
        "fault": 0.4393,
        "weapon": 0,
        "pilot_injury": 0.931,
        "pilot_skill": 0.4161,
        "mission_priority": 0.3937,
        "estimated_landing_time": 852.0,
        "wait_time": 0,
        "Landing_success_rate": 1.0
    },
    {
        "model": 0,
        "sequence": 7,
        "status": 1,
        "fuel": 5850,
        "fault": 0.6948,
        "weapon": 1,
        "pilot_injury": 0.5679,
        "pilot_skill": 0.0895,
        "mission_priority": 0.8533,
        "estimated_landing_time": 664.0,
        "wait_time": 0,
        "Landing_success_rate": 1.0
    },
    {
        "model": 2,
        "sequence": 6,
        "status": 1,
        "fuel": 7137,
        "fault": 0.892,
        "weapon": 1,
        "pilot_injury": 0.3379,
        "pilot_skill": 0.0994,
        "mission_priority": 0.9567,
        "estimated_landing_time": 570.0,
        "wait_time": 0,
        "Landing_success_rate": 1.0
    },
    {
        "model": 0,
        "sequence": 1,
        "status": 1,
        "fuel": 6170,
        "fault": 0.8099,
        "weapon": 1,
        "pilot_injury": 0.5113,
        "pilot_skill": 0.5556,
        "mission_priority": 0.1679,
        "estimated_landing_time": 100.0,
        "wait_time": 0,
        "Landing_success_rate": 1.0
    },
    {
        "model": 0,
        "sequence": 8,
        "status": 1,
        "fuel": 6477,
        "fault": 0.9566,
        "weapon": 0,
        "pilot_injury": 0.284,
        "pilot_skill": 0.3316,
        "mission_priority": 0.122,
        "estimated_landing_time": 758.0,
        "wait_time": 0,
        "Landing_success_rate": 1.0
    },
    {
        "model": 1,
        "sequence": 12,
        "status": 1,
        "fuel": 6400,
        "fault": 0.3987,
        "weapon": 1,
        "pilot_injury": 0.1165,
        "pilot_skill": 0.6148,
        "mission_priority": 0.3978,
        "estimated_landing_time": 1134.0,
        "wait_time": 0,
        "Landing_success_rate": 1.0
    }
]