[
    {
        "model": 2,
        "sequence": 12,
        "status": 1,
        "fuel": 6735,
        "fault": 0.1458,
        "weapon": 0,
        "pilot_injury": 0.0946,
        "pilot_skill": 0.3422,
        "mission_priority": 0.1181,
        "estimated_landing_time": 1134.0,
        "wait_time": 0,
        "Landing_success_rate": 1.0
    },
    {
        "model": 2,
        "sequence": 9,
        "status": 1,
        "fuel": 6040,
        "fault": 0.0625,
        "weapon": 0,
        "pilot_injury": 0.7218,
        "pilot_skill": 0.953,
        "mission_priority": 0.7536,
        "estimated_landing_time": 852.0,
        "wait_time": 0,
        "Landing_success_rate": 1.0
    },
    {
        "model": 0,
        "sequence": 5,
        "status": 1,
        "fuel": 5755,
        "fault": 0.8245,
        "weapon": 1,
        "pilot_injury": 0.3921,
        "pilot_skill": 0.4742,
        "mission_priority": 0.4216,
        "estimated_landing_time": 476.0,
        "wait_time": 0,
        "Landing_success_rate": 1.0
    },
    {
        "model": 2,
        "sequence": 7,
        "status": 1,
        "fuel": 7064,
        "fault": 0.0628,
        "weapon": 1,
        "pilot_injury": 0.3322,
        "pilot_skill": 0.5786,
        "mission_priority": 0.24,
        "estimated_landing_time": 664.0,
        "wait_time": 0,
        "Landing_success_rate": 1.0
    },
    {
        "model": 1,
        "sequence": 2,
        "status": 1,
        "fuel": 6244,
        "fault": 0.1648,
        "weapon": 0,
        "pilot_injury": 0.2963,
        "pilot_skill": 0.6816,
        "mission_priority": 0.7039,
        "estimated_landing_time": 194.0,
        "wait_time": 0,
        "Landing_success_rate": 1.0
    },
    {
        "model": 2,
        "sequence": 3,
        "status": 1,
        "fuel": 7424,
        "fault": 0.2436,
        "weapon": 1,
        "pilot_injury": 0.5745,
        "pilot_skill": 0.0819,
        "mission_priority": 0.6703,
        "estimated_landing_time": 288.0,
        "wait_time": 0,
        "Landing_success_rate": 1.0
    },
    {
        "model": 2,
        "sequence": 1,
        "status": 1,
        "fuel": 6730,
        "fault": 0.4917,
        "weapon": 0,
        "pilot_injury": 0.86,
        "pilot_skill": 0.0232,
        "mission_priority": 0.2513,
        "estimated_landing_time": 100.0,
        "wait_time": 0,
        "Landing_success_rate": 1.0
    },
    {
        "model": 0,
        "sequence": 6,
        "status": 1,
        "fuel": 6697,
        "fault": 0.9201,
        "weapon": 0,
        "pilot_injury": 0.2757,
        "pilot_skill": 0.9885,
        "mission_priority": 0.2702,
        "estimated_landing_time": 570.0,
        "wait_time": 0,
        "Landing_success_rate": 1.0
    },
    {
        "model": 1,
        "sequence": 8,
        "status": 1,
        "fuel": 6761,
        "fault": 0.1183,
        "weapon": 0,
        "pilot_injury": 0.5071,
        "pilot_skill": 0.9249,
        "mission_priority": 0.344,
        "estimated_landing_time": 758.0,
        "wait_time": 0,
        "Landing_success_rate": 1.0
    },
    {
        "model": 1,
        "sequence": 11,
        "status": 1,
        "fuel": 6344,
        "fault": 0.9976,
        "weapon": 0,
        "pilot_injury": 0.5932,
        "pilot_skill": 0.7402,
        "mission_priority": 0.4406,
        "estimated_landing_time": 1040.0,
        "wait_time": 0,
        "Landing_success_rate": 1.0
    },
    {
        "model": 2,
        "sequence": 4,
        "status": 1,
        "fuel": 6530,
        "fault": 0.3026,
        "weapon": 1,
        "pilot_injury": 0.3192,
        "pilot_skill": 0.2834,
        "mission_priority": 0.8608,
        "estimated_landing_time": 382.0,
        "wait_time": 0,
        "Landing_success_rate": 1.0
    },
    {
        "model": 2,
        "sequence": 10,
        "status": 1,
        "fuel": 6616,
        "fault": 0.7977,
        "weapon": 0,
        "pilot_injury": 0.6035,
        "pilot_skill": 0.2194,
        "mission_priority": 0.2299,
        "estimated_landing_time": 946.0,
        "wait_time": 0,
        "Landing_success_rate": 1.0
    }
]