[
    {
        "model": 2,
        "sequence": 2,
        "status": 1,
        "fuel": 6723,
        "fault": 0.7836,
        "weapon": 0,
        "pilot_injury": 0.6701,
        "pilot_skill": 0.7598,
        "mission_priority": 0.119,
        "estimated_landing_time": 194.0,
        "wait_time": 0,
        "Landing_success_rate": 1.0
    },
    {
        "model": 0,
        "sequence": 7,
        "status": 1,
        "fuel": 6349,
        "fault": 0.744,
        "weapon": 1,
        "pilot_injury": 0.8941,
        "pilot_skill": 0.1813,
        "mission_priority": 0.4587,
        "estimated_landing_time": 664.0,
        "wait_time": 0,
        "Landing_success_rate": 1.0
    },
    {
        "model": 0,
        "sequence": 3,
        "status": 1,
        "fuel": 6427,
        "fault": 0.7119,
        "weapon": 0,
        "pilot_injury": 0.8302,
        "pilot_skill": 0.2315,
        "mission_priority": 0.3774,
        "estimated_landing_time": 288.0,
        "wait_time": 0,
        "Landing_success_rate": 1.0
    },
    {
        "model": 2,
        "sequence": 11,
        "status": 1,
        "fuel": 5836,
        "fault": 0.6706,
        "weapon": 0,
        "pilot_injury": 0.4021,
        "pilot_skill": 0.0294,
        "mission_priority": 0.7534,
        "estimated_landing_time": 1040.0,
        "wait_time": 0,
        "Landing_success_rate": 1.0
    },
    {
        "model": 0,
        "sequence": 8,
        "status": 1,
        "fuel": 6700,
        "fault": 0.707,
        "weapon": 1,
        "pilot_injury": 0.8565,
        "pilot_skill": 0.5169,
        "mission_priority": 0.2317,
        "estimated_landing_time": 758.0,
        "wait_time": 0,
        "Landing_success_rate": 1.0
    },
    {
        "model": 2,
        "sequence": 1,
        "status": 1,
        "fuel": 6102,
        "fault": 0.418,
        "weapon": 0,
        "pilot_injury": 0.4931,
        "pilot_skill": 0.7821,
        "mission_priority": 0.6947,
        "estimated_landing_time": 100.0,
        "wait_time": 0,
        "Landing_success_rate": 1.0
    },
    {
        "model": 2,
        "sequence": 12,
        "status": 1,
        "fuel": 6077,
        "fault": 0.2329,
        "weapon": 1,
        "pilot_injury": 0.4272,
        "pilot_skill": 0.2867,
        "mission_priority": 0.4769,
        "estimated_landing_time": 1134.0,
        "wait_time": 0,
        "Landing_success_rate": 1.0
    },
    {
        "model": 0,
        "sequence": 10,
        "status": 1,
        "fuel": 5827,
        "fault": 0.6297,
        "weapon": 1,
        "pilot_injury": 0.9779,
        "pilot_skill": 0.9933,
        "mission_priority": 0.5978,
        "estimated_landing_time": 946.0,
        "wait_time": 0,
        "Landing_success_rate": 1.0
    },
    {
        "model": 1,
        "sequence": 9,
        "status": 1,
        "fuel": 6695,
        "fault": 0.7516,
        "weapon": 0,
        "pilot_injury": 0.2765,
        "pilot_skill": 0.0501,
        "mission_priority": 0.4751,
        "estimated_landing_time": 852.0,
        "wait_time": 0,
        "Landing_success_rate": 1.0
    },
    {
        "model": 2,
        "sequence": 5,
        "status": 1,
        "fuel": 6952,
        "fault": 0.3947,
        "weapon": 0,
        "pilot_injury": 0.3719,
        "pilot_skill": 0.1994,
        "mission_priority": 0.5449,
        "estimated_landing_time": 476.0,
        "wait_time": 0,
        "Landing_success_rate": 1.0
    },
    {
        "model": 1,
        "sequence": 6,
        "status": 1,
        "fuel": 6048,
        "fault": 0.837,
        "weapon": 0,
        "pilot_injury": 0.4917,
        "pilot_skill": 0.7769,
        "mission_priority": 0.7375,
        "estimated_landing_time": 570.0,
        "wait_time": 0,
        "Landing_success_rate": 1.0
    },
    {
        "model": 2,
        "sequence": 4,
        "status": 1,
        "fuel": 7157,
        "fault": 0.5602,
        "weapon": 0,
        "pilot_injury": 0.8589,
        "pilot_skill": 0.301,
        "mission_priority": 0.941,
        "estimated_landing_time": 382.0,
        "wait_time": 0,
        "Landing_success_rate": 1.0
    }
]