[
    {
        "model": 0,
        "sequence": 8,
        "status": 1,
        "fuel": 5582,
        "fault": 0.0374,
        "weapon": 1,
        "pilot_injury": 0.9784,
        "pilot_skill": 0.828,
        "mission_priority": 0.3942,
        "estimated_landing_time": 758.0,
        "wait_time": 0,
        "Landing_success_rate": 1.0
    },
    {
        "model": 1,
        "sequence": 3,
        "status": 1,
        "fuel": 5956,
        "fault": 0.2574,
        "weapon": 0,
        "pilot_injury": 0.7515,
        "pilot_skill": 0.68,
        "mission_priority": 0.7568,
        "estimated_landing_time": 288.0,
        "wait_time": 0,
        "Landing_success_rate": 1.0
    },
    {
        "model": 0,
        "sequence": 2,
        "status": 1,
        "fuel": 7363,
        "fault": 0.5611,
        "weapon": 0,
        "pilot_injury": 0.8494,
        "pilot_skill": 0.0195,
        "mission_priority": 0.1234,
        "estimated_landing_time": 194.0,
        "wait_time": 0,
        "Landing_success_rate": 1.0
    },
    {
        "model": 1,
        "sequence": 4,
        "status": 1,
        "fuel": 5534,
        "fault": 0.1591,
        "weapon": 0,
        "pilot_injury": 0.1827,
        "pilot_skill": 0.6243,
        "mission_priority": 0.294,
        "estimated_landing_time": 382.0,
        "wait_time": 0,
        "Landing_success_rate": 1.0
    },
    {
        "model": 2,
        "sequence": 7,
        "status": 1,
        "fuel": 6327,
        "fault": 0.8204,
        "weapon": 1,
        "pilot_injury": 0.695,
        "pilot_skill": 0.2461,
        "mission_priority": 0.361,
        "estimated_landing_time": 664.0,
        "wait_time": 0,
        "Landing_success_rate": 1.0
    },
    {
        "model": 1,
        "sequence": 9,
        "status": 1,
        "fuel": 7412,
        "fault": 0.1861,
        "weapon": 0,
        "pilot_injury": 0.1764,
        "pilot_skill": 0.9366,
        "mission_priority": 0.7853,
        "estimated_landing_time": 852.0,
        "wait_time": 0,
        "Landing_success_rate": 1.0
    },
    {
        "model": 1,
        "sequence": 5,
        "status": 1,
        "fuel": 5733,
        "fault": 0.0697,
        "weapon": 0,
        "pilot_injury": 0.1434,
        "pilot_skill": 0.3054,
        "mission_priority": 0.0646,
        "estimated_landing_time": 476.0,
        "wait_time": 0,
        "Landing_success_rate": 1.0
    },
    {
        "model": 2,
        "sequence": 10,
        "status": 1,
        "fuel": 5555,
        "fault": 0.7056,
        "weapon": 0,
        "pilot_injury": 0.7124,
        "pilot_skill": 0.0302,
        "mission_priority": 0.0832,
        "estimated_landing_time": 946.0,
        "wait_time": 0,
        "Landing_success_rate": 1.0
    },
    {
        "model": 0,
        "sequence": 1,
        "status": 1,
        "fuel": 6305,
        "fault": 0.0418,
        "weapon": 0,
        "pilot_injury": 0.5375,
        "pilot_skill": 0.6426,
        "mission_priority": 0.9586,
        "estimated_landing_time": 100.0,
        "wait_time": 0,
        "Landing_success_rate": 1.0
    },
    {
        "model": 1,
        "sequence": 12,
        "status": 1,
        "fuel": 5640,
        "fault": 0.4463,
        "weapon": 0,
        "pilot_injury": 0.9422,
        "pilot_skill": 0.4323,
        "mission_priority": 0.6699,
        "estimated_landing_time": 1134.0,
        "wait_time": 0,
        "Landing_success_rate": 1.0
    },
    {
        "model": 1,
        "sequence": 11,
        "status": 1,
        "fuel": 6714,
        "fault": 0.4223,
        "weapon": 0,
        "pilot_injury": 0.5382,
        "pilot_skill": 0.6068,
        "mission_priority": 0.6827,
        "estimated_landing_time": 1040.0,
        "wait_time": 0,
        "Landing_success_rate": 1.0
    },
    {
        "model": 0,
        "sequence": 6,
        "status": 1,
        "fuel": 5776,
        "fault": 0.2893,
        "weapon": 1,
        "pilot_injury": 0.7362,
        "pilot_skill": 0.1638,
        "mission_priority": 0.3442,
        "estimated_landing_time": 570.0,
        "wait_time": 0,
        "Landing_success_rate": 1.0
    }
]