[
    {
        "model": 2,
        "sequence": 3,
        "status": 1,
        "fuel": 6806,
        "fault": 0.4196,
        "weapon": 1,
        "pilot_injury": 0.5847,
        "pilot_skill": 0.3812,
        "mission_priority": 0.0989,
        "estimated_landing_time": 288.0,
        "wait_time": 0,
        "Landing_success_rate": 1.0
    },
    {
        "model": 0,
        "sequence": 5,
        "status": 1,
        "fuel": 7304,
        "fault": 0.998,
        "weapon": 0,
        "pilot_injury": 0.0166,
        "pilot_skill": 0.8835,
        "mission_priority": 0.5879,
        "estimated_landing_time": 476.0,
        "wait_time": 0,
        "Landing_success_rate": 1.0
    },
    {
        "model": 2,
        "sequence": 7,
        "status": 1,
        "fuel": 6346,
        "fault": 0.436,
        "weapon": 1,
        "pilot_injury": 0.5942,
        "pilot_skill": 0.0356,
        "mission_priority": 0.78,
        "estimated_landing_time": 664.0,
        "wait_time": 0,
        "Landing_success_rate": 1.0
    },
    {
        "model": 2,
        "sequence": 1,
        "status": 1,
        "fuel": 6319,
        "fault": 0.7471,
        "weapon": 0,
        "pilot_injury": 0.7337,
        "pilot_skill": 0.8568,
        "mission_priority": 0.6107,
        "estimated_landing_time": 100.0,
        "wait_time": 0,
        "Landing_success_rate": 1.0
    },
    {
        "model": 2,
        "sequence": 12,
        "status": 1,
        "fuel": 7057,
        "fault": 0.8436,
        "weapon": 1,
        "pilot_injury": 0.2242,
        "pilot_skill": 0.1098,
        "mission_priority": 0.7619,
        "estimated_landing_time": 1134.0,
        "wait_time": 0,
        "Landing_success_rate": 1.0
    },
    {
        "model": 2,
        "sequence": 10,
        "status": 1,
        "fuel": 6235,
        "fault": 0.3542,
        "weapon": 1,
        "pilot_injury": 0.4825,
        "pilot_skill": 0.5344,
        "mission_priority": 0.4785,
        "estimated_landing_time": 946.0,
        "wait_time": 0,
        "Landing_success_rate": 1.0
    },
    {
        "model": 2,
        "sequence": 8,
        "status": 1,
        "fuel": 5939,
        "fault": 0.0606,
        "weapon": 0,
        "pilot_injury": 0.4798,
        "pilot_skill": 0.0811,
        "mission_priority": 0.7655,
        "estimated_landing_time": 758.0,
        "wait_time": 0,
        "Landing_success_rate": 1.0
    },
    {
        "model": 2,
        "sequence": 9,
        "status": 1,
        "fuel": 5908,
        "fault": 0.7814,
        "weapon": 1,
        "pilot_injury": 0.5796,
        "pilot_skill": 0.7132,
        "mission_priority": 0.062,
        "estimated_landing_time": 852.0,
        "wait_time": 0,
        "Landing_success_rate": 1.0
    },
    {
        "model": 0,
        "sequence": 2,
        "status": 1,
        "fuel": 6546,
        "fault": 0.4083,
        "weapon": 0,
        "pilot_injury": 0.6932,
        "pilot_skill": 0.2237,
        "mission_priority": 0.4334,
        "estimated_landing_time": 194.0,
        "wait_time": 0,
        "Landing_success_rate": 1.0
    },
    {
        "model": 1,
        "sequence": 11,
        "status": 1,
        "fuel": 5916,
        "fault": 0.2295,
        "weapon": 1,
        "pilot_injury": 0.8479,
        "pilot_skill": 0.8255,
        "mission_priority": 0.8914,
        "estimated_landing_time": 1040.0,
        "wait_time": 0,
        "Landing_success_rate": 1.0
    },
    {
        "model": 2,
        "sequence": 4,
        "status": 1,
        "fuel": 6194,
        "fault": 0.6278,
        "weapon": 0,
        "pilot_injury": 0.6819,
        "pilot_skill": 0.6189,
        "mission_priority": 0.3089,
        "estimated_landing_time": 382.0,
        "wait_time": 0,
        "Landing_success_rate": 1.0
    },
    {
        "model": 0,
        "sequence": 6,
        "status": 1,
        "fuel": 5707,
        "fault": 0.1363,
        "weapon": 1,
        "pilot_injury": 0.2185,
        "pilot_skill": 0.7574,
        "mission_priority": 0.9646,
        "estimated_landing_time": 570.0,
        "wait_time": 0,
        "Landing_success_rate": 1.0
    }
]