[
    {
        "model": 0,
        "sequence": 3,
        "status": 1,
        "fuel": 6121,
        "fault": 0.2303,
        "weapon": 0,
        "pilot_injury": 0.3171,
        "pilot_skill": 0.0043,
        "mission_priority": 0.9112,
        "estimated_landing_time": 288.0,
        "wait_time": 0,
        "Landing_success_rate": 1.0
    },
    {
        "model": 1,
        "sequence": 2,
        "status": 1,
        "fuel": 6328,
        "fault": 0.4077,
        "weapon": 0,
        "pilot_injury": 0.7017,
        "pilot_skill": 0.02,
        "mission_priority": 0.0278,
        "estimated_landing_time": 194.0,
        "wait_time": 0,
        "Landing_success_rate": 1.0
    },
    {
        "model": 1,
        "sequence": 10,
        "status": 1,
        "fuel": 6038,
        "fault": 0.5484,
        "weapon": 1,
        "pilot_injury": 0.9643,
        "pilot_skill": 0.8938,
        "mission_priority": 0.6498,
        "estimated_landing_time": 946.0,
        "wait_time": 0,
        "Landing_success_rate": 1.0
    },
    {
        "model": 1,
        "sequence": 12,
        "status": 1,
        "fuel": 6322,
        "fault": 0.3191,
        "weapon": 0,
        "pilot_injury": 0.3717,
        "pilot_skill": 0.4809,
        "mission_priority": 0.1689,
        "estimated_landing_time": 1134.0,
        "wait_time": 0,
        "Landing_success_rate": 1.0
    },
    {
        "model": 1,
        "sequence": 4,
        "status": 1,
        "fuel": 6930,
        "fault": 0.5898,
        "weapon": 1,
        "pilot_injury": 0.9473,
        "pilot_skill": 0.9362,
        "mission_priority": 0.5655,
        "estimated_landing_time": 382.0,
        "wait_time": 0,
        "Landing_success_rate": 1.0
    },
    {
        "model": 1,
        "sequence": 8,
        "status": 1,
        "fuel": 6514,
        "fault": 0.915,
        "weapon": 1,
        "pilot_injury": 0.2233,
        "pilot_skill": 0.9007,
        "mission_priority": 0.6992,
        "estimated_landing_time": 758.0,
        "wait_time": 0,
        "Landing_success_rate": 1.0
    },
    {
        "model": 2,
        "sequence": 11,
        "status": 1,
        "fuel": 7363,
        "fault": 0.6939,
        "weapon": 1,
        "pilot_injury": 0.9348,
        "pilot_skill": 0.3452,
        "mission_priority": 0.1858,
        "estimated_landing_time": 1040.0,
        "wait_time": 0,
        "Landing_success_rate": 1.0
    },
    {
        "model": 0,
        "sequence": 7,
        "status": 1,
        "fuel": 5897,
        "fault": 0.3853,
        "weapon": 1,
        "pilot_injury": 0.4172,
        "pilot_skill": 0.2676,
        "mission_priority": 0.8916,
        "estimated_landing_time": 664.0,
        "wait_time": 0,
        "Landing_success_rate": 1.0
    },
    {
        "model": 2,
        "sequence": 6,
        "status": 1,
        "fuel": 7351,
        "fault": 0.2106,
        "weapon": 0,
        "pilot_injury": 0.0306,
        "pilot_skill": 0.4467,
        "mission_priority": 0.1809,
        "estimated_landing_time": 570.0,
        "wait_time": 0,
        "Landing_success_rate": 1.0
    },
    {
        "model": 2,
        "sequence": 5,
        "status": 1,
        "fuel": 5567,
        "fault": 0.6036,
        "weapon": 0,
        "pilot_injury": 0.0991,
        "pilot_skill": 0.9575,
        "mission_priority": 0.0475,
        "estimated_landing_time": 476.0,
        "wait_time": 0,
        "Landing_success_rate": 1.0
    },
    {
        "model": 0,
        "sequence": 1,
        "status": 1,
        "fuel": 5728,
        "fault": 0.4777,
        "weapon": 1,
        "pilot_injury": 0.6888,
        "pilot_skill": 0.0788,
        "mission_priority": 0.5468,
        "estimated_landing_time": 100.0,
        "wait_time": 0,
        "Landing_success_rate": 1.0
    },
    {
        "model": 2,
        "sequence": 9,
        "status": 1,
        "fuel": 6205,
        "fault": 0.1994,
        "weapon": 1,
        "pilot_injury": 0.6985,
        "pilot_skill": 0.0995,
        "mission_priority": 0.0885,
        "estimated_landing_time": 852.0,
        "wait_time": 0,
        "Landing_success_rate": 1.0
    }
]