[
    {
        "model": 2,
        "sequence": 10,
        "status": 1,
        "fuel": 7274,
        "fault": 0.3853,
        "weapon": 0,
        "pilot_injury": 0.5931,
        "pilot_skill": 0.3329,
        "mission_priority": 0.1259,
        "estimated_landing_time": 946.0,
        "wait_time": 0,
        "Landing_success_rate": 1.0
    },
    {
        "model": 0,
        "sequence": 6,
        "status": 1,
        "fuel": 6473,
        "fault": 0.624,
        "weapon": 1,
        "pilot_injury": 0.3287,
        "pilot_skill": 0.218,
        "mission_priority": 0.3885,
        "estimated_landing_time": 570.0,
        "wait_time": 0,
        "Landing_success_rate": 1.0
    },
    {
        "model": 1,
        "sequence": 8,
        "status": 1,
        "fuel": 6260,
        "fault": 0.3915,
        "weapon": 1,
        "pilot_injury": 0.2602,
        "pilot_skill": 0.5608,
        "mission_priority": 0.4558,
        "estimated_landing_time": 758.0,
        "wait_time": 0,
        "Landing_success_rate": 1.0
    },
    {
        "model": 1,
        "sequence": 4,
        "status": 1,
        "fuel": 6223,
        "fault": 0.3635,
        "weapon": 1,
        "pilot_injury": 0.8639,
        "pilot_skill": 0.0001,
        "mission_priority": 0.6048,
        "estimated_landing_time": 382.0,
        "wait_time": 0,
        "Landing_success_rate": 1.0
    },
    {
        "model": 1,
        "sequence": 3,
        "status": 1,
        "fuel": 7054,
        "fault": 0.3907,
        "weapon": 0,
        "pilot_injury": 0.2349,
        "pilot_skill": 0.38,
        "mission_priority": 0.3804,
        "estimated_landing_time": 288.0,
        "wait_time": 0,
        "Landing_success_rate": 1.0
    },
    {
        "model": 2,
        "sequence": 5,
        "status": 1,
        "fuel": 6439,
        "fault": 0.9205,
        "weapon": 1,
        "pilot_injury": 0.6669,
        "pilot_skill": 0.9813,
        "mission_priority": 0.0224,
        "estimated_landing_time": 476.0,
        "wait_time": 0,
        "Landing_success_rate": 1.0
    },
    {
        "model": 0,
        "sequence": 1,
        "status": 1,
        "fuel": 7449,
        "fault": 0.8462,
        "weapon": 0,
        "pilot_injury": 0.8411,
        "pilot_skill": 0.9612,
        "mission_priority": 0.993,
        "estimated_landing_time": 100.0,
        "wait_time": 0,
        "Landing_success_rate": 1.0
    },
    {
        "model": 2,
        "sequence": 11,
        "status": 1,
        "fuel": 5980,
        "fault": 0.2614,
        "weapon": 0,
        "pilot_injury": 0.1223,
        "pilot_skill": 0.4254,
        "mission_priority": 0.308,
        "estimated_landing_time": 1040.0,
        "wait_time": 0,
        "Landing_success_rate": 1.0
    },
    {
        "model": 0,
        "sequence": 7,
        "status": 1,
        "fuel": 6184,
        "fault": 0.8902,
        "weapon": 1,
        "pilot_injury": 0.0875,
        "pilot_skill": 0.9982,
        "mission_priority": 0.6351,
        "estimated_landing_time": 664.0,
        "wait_time": 0,
        "Landing_success_rate": 1.0
    },
    {
        "model": 1,
        "sequence": 2,
        "status": 1,
        "fuel": 5801,
        "fault": 0.8378,
        "weapon": 1,
        "pilot_injury": 0.766,
        "pilot_skill": 0.0392,
        "mission_priority": 0.5165,
        "estimated_landing_time": 194.0,
        "wait_time": 0,
        "Landing_success_rate": 1.0
    },
    {
        "model": 1,
        "sequence": 9,
        "status": 1,
        "fuel": 5556,
        "fault": 0.5024,
        "weapon": 0,
        "pilot_injury": 0.343,
        "pilot_skill": 0.6448,
        "mission_priority": 0.2306,
        "estimated_landing_time": 852.0,
        "wait_time": 0,
        "Landing_success_rate": 1.0
    },
    {
        "model": 1,
        "sequence": 12,
        "status": 1,
        "fuel": 5909,
        "fault": 0.3894,
        "weapon": 1,
        "pilot_injury": 0.0525,
        "pilot_skill": 0.6281,
        "mission_priority": 0.6188,
        "estimated_landing_time": 1134.0,
        "wait_time": 0,
        "Landing_success_rate": 1.0
    }
]