[
    {
        "model": 2,
        "sequence": 7,
        "status": 1,
        "fuel": 5842,
        "fault": 0.302,
        "weapon": 1,
        "pilot_injury": 0.2642,
        "pilot_skill": 0.2124,
        "mission_priority": 0.1309,
        "estimated_landing_time": 664.0,
        "wait_time": 0,
        "Landing_success_rate": 1.0
    },
    {
        "model": 2,
        "sequence": 11,
        "status": 1,
        "fuel": 5582,
        "fault": 0.173,
        "weapon": 1,
        "pilot_injury": 0.6171,
        "pilot_skill": 0.5988,
        "mission_priority": 0.5862,
        "estimated_landing_time": 1040.0,
        "wait_time": 0,
        "Landing_success_rate": 1.0
    },
    {
        "model": 1,
        "sequence": 6,
        "status": 1,
        "fuel": 6523,
        "fault": 0.8205,
        "weapon": 0,
        "pilot_injury": 0.9136,
        "pilot_skill": 0.2304,
        "mission_priority": 0.5878,
        "estimated_landing_time": 570.0,
        "wait_time": 0,
        "Landing_success_rate": 1.0
    },
    {
        "model": 1,
        "sequence": 5,
        "status": 1,
        "fuel": 7468,
        "fault": 0.6359,
        "weapon": 0,
        "pilot_injury": 0.6543,
        "pilot_skill": 0.4866,
        "mission_priority": 0.7583,
        "estimated_landing_time": 476.0,
        "wait_time": 0,
        "Landing_success_rate": 1.0
    },
    {
        "model": 1,
        "sequence": 4,
        "status": 1,
        "fuel": 6273,
        "fault": 0.3593,
        "weapon": 1,
        "pilot_injury": 0.8721,
        "pilot_skill": 0.0829,
        "mission_priority": 0.189,
        "estimated_landing_time": 382.0,
        "wait_time": 0,
        "Landing_success_rate": 1.0
    },
    {
        "model": 2,
        "sequence": 10,
        "status": 1,
        "fuel": 6706,
        "fault": 0.658,
        "weapon": 1,
        "pilot_injury": 0.4169,
        "pilot_skill": 0.5017,
        "mission_priority": 0.7697,
        "estimated_landing_time": 946.0,
        "wait_time": 0,
        "Landing_success_rate": 1.0
    },
    {
        "model": 0,
        "sequence": 9,
        "status": 1,
        "fuel": 5936,
        "fault": 0.928,
        "weapon": 0,
        "pilot_injury": 0.4864,
        "pilot_skill": 0.9722,
        "mission_priority": 0.7968,
        "estimated_landing_time": 852.0,
        "wait_time": 0,
        "Landing_success_rate": 1.0
    },
    {
        "model": 2,
        "sequence": 1,
        "status": 1,
        "fuel": 5949,
        "fault": 0.5172,
        "weapon": 0,
        "pilot_injury": 0.9295,
        "pilot_skill": 0.6844,
        "mission_priority": 0.6214,
        "estimated_landing_time": 100.0,
        "wait_time": 0,
        "Landing_success_rate": 1.0
    },
    {
        "model": 0,
        "sequence": 12,
        "status": 1,
        "fuel": 5575,
        "fault": 0.3652,
        "weapon": 0,
        "pilot_injury": 0.1592,
        "pilot_skill": 0.3192,
        "mission_priority": 0.5579,
        "estimated_landing_time": 1134.0,
        "wait_time": 0,
        "Landing_success_rate": 1.0
    },
    {
        "model": 0,
        "sequence": 2,
        "status": 1,
        "fuel": 6893,
        "fault": 0.6476,
        "weapon": 1,
        "pilot_injury": 0.7558,
        "pilot_skill": 0.1642,
        "mission_priority": 0.0646,
        "estimated_landing_time": 194.0,
        "wait_time": 0,
        "Landing_success_rate": 1.0
    },
    {
        "model": 2,
        "sequence": 3,
        "status": 1,
        "fuel": 5876,
        "fault": 0.8103,
        "weapon": 1,
        "pilot_injury": 0.1766,
        "pilot_skill": 0.8063,
        "mission_priority": 0.6581,
        "estimated_landing_time": 288.0,
        "wait_time": 0,
        "Landing_success_rate": 1.0
    },
    {
        "model": 0,
        "sequence": 8,
        "status": 1,
        "fuel": 7352,
        "fault": 0.2532,
        "weapon": 0,
        "pilot_injury": 0.1559,
        "pilot_skill": 0.8353,
        "mission_priority": 0.509,
        "estimated_landing_time": 758.0,
        "wait_time": 0,
        "Landing_success_rate": 1.0
    }
]