[
    {
        "model": 0,
        "sequence": 12,
        "status": 1,
        "fuel": 5544,
        "fault": 0.7541,
        "weapon": 0,
        "pilot_injury": 0.7201,
        "pilot_skill": 0.6247,
        "mission_priority": 0.5146,
        "estimated_landing_time": 1134.0,
        "wait_time": 0,
        "Landing_success_rate": 1.0
    },
    {
        "model": 0,
        "sequence": 3,
        "status": 1,
        "fuel": 7466,
        "fault": 0.4055,
        "weapon": 1,
        "pilot_injury": 0.9084,
        "pilot_skill": 0.0069,
        "mission_priority": 0.1339,
        "estimated_landing_time": 288.0,
        "wait_time": 0,
        "Landing_success_rate": 1.0
    },
    {
        "model": 0,
        "sequence": 8,
        "status": 1,
        "fuel": 6577,
        "fault": 0.2092,
        "weapon": 0,
        "pilot_injury": 0.6627,
        "pilot_skill": 0.9518,
        "mission_priority": 0.5828,
        "estimated_landing_time": 758.0,
        "wait_time": 0,
        "Landing_success_rate": 1.0
    },
    {
        "model": 2,
        "sequence": 11,
        "status": 1,
        "fuel": 5638,
        "fault": 0.3996,
        "weapon": 1,
        "pilot_injury": 0.1609,
        "pilot_skill": 0.3813,
        "mission_priority": 0.4663,
        "estimated_landing_time": 1040.0,
        "wait_time": 0,
        "Landing_success_rate": 1.0
    },
    {
        "model": 2,
        "sequence": 2,
        "status": 1,
        "fuel": 6748,
        "fault": 0.6139,
        "weapon": 0,
        "pilot_injury": 0.0781,
        "pilot_skill": 0.198,
        "mission_priority": 0.3355,
        "estimated_landing_time": 194.0,
        "wait_time": 0,
        "Landing_success_rate": 1.0
    },
    {
        "model": 0,
        "sequence": 4,
        "status": 1,
        "fuel": 5923,
        "fault": 0.6855,
        "weapon": 1,
        "pilot_injury": 0.3466,
        "pilot_skill": 0.0649,
        "mission_priority": 0.5571,
        "estimated_landing_time": 382.0,
        "wait_time": 0,
        "Landing_success_rate": 1.0
    },
    {
        "model": 0,
        "sequence": 7,
        "status": 1,
        "fuel": 5538,
        "fault": 0.4443,
        "weapon": 0,
        "pilot_injury": 0.8191,
        "pilot_skill": 0.2854,
        "mission_priority": 0.137,
        "estimated_landing_time": 664.0,
        "wait_time": 0,
        "Landing_success_rate": 1.0
    },
    {
        "model": 0,
        "sequence": 6,
        "status": 1,
        "fuel": 5830,
        "fault": 0.0953,
        "weapon": 1,
        "pilot_injury": 0.6732,
        "pilot_skill": 0.0426,
        "mission_priority": 0.1368,
        "estimated_landing_time": 570.0,
        "wait_time": 0,
        "Landing_success_rate": 1.0
    },
    {
        "model": 0,
        "sequence": 5,
        "status": 1,
        "fuel": 6689,
        "fault": 0.0001,
        "weapon": 0,
        "pilot_injury": 0.8037,
        "pilot_skill": 0.5732,
        "mission_priority": 0.6126,
        "estimated_landing_time": 476.0,
        "wait_time": 0,
        "Landing_success_rate": 1.0
    },
    {
        "model": 1,
        "sequence": 1,
        "status": 1,
        "fuel": 6583,
        "fault": 0.5195,
        "weapon": 1,
        "pilot_injury": 0.5894,
        "pilot_skill": 0.717,
        "mission_priority": 0.3709,
        "estimated_landing_time": 100.0,
        "wait_time": 0,
        "Landing_success_rate": 1.0
    },
    {
        "model": 1,
        "sequence": 9,
        "status": 1,
        "fuel": 6603,
        "fault": 0.8696,
        "weapon": 1,
        "pilot_injury": 0.1487,
        "pilot_skill": 0.5452,
        "mission_priority": 0.3484,
        "estimated_landing_time": 852.0,
        "wait_time": 0,
        "Landing_success_rate": 1.0
    },
    {
        "model": 1,
        "sequence": 10,
        "status": 1,
        "fuel": 6378,
        "fault": 0.6982,
        "weapon": 0,
        "pilot_injury": 0.6705,
        "pilot_skill": 0.1029,
        "mission_priority": 0.0648,
        "estimated_landing_time": 946.0,
        "wait_time": 0,
        "Landing_success_rate": 1.0
    }
]