[
    {
        "model": 0,
        "sequence": 3,
        "status": 1,
        "fuel": 5697,
        "fault": 0.511,
        "weapon": 1,
        "pilot_injury": 0.0985,
        "pilot_skill": 0.5605,
        "mission_priority": 0.6235,
        "estimated_landing_time": 288.0,
        "wait_time": 0,
        "Landing_success_rate": 1.0
    },
    {
        "model": 0,
        "sequence": 1,
        "status": 1,
        "fuel": 6024,
        "fault": 0.8892,
        "weapon": 0,
        "pilot_injury": 0.6154,
        "pilot_skill": 0.6457,
        "mission_priority": 0.4977,
        "estimated_landing_time": 100.0,
        "wait_time": 0,
        "Landing_success_rate": 1.0
    },
    {
        "model": 0,
        "sequence": 7,
        "status": 1,
        "fuel": 6200,
        "fault": 0.2313,
        "weapon": 1,
        "pilot_injury": 0.3818,
        "pilot_skill": 0.2386,
        "mission_priority": 0.0711,
        "estimated_landing_time": 664.0,
        "wait_time": 0,
        "Landing_success_rate": 1.0
    },
    {
        "model": 2,
        "sequence": 2,
        "status": 1,
        "fuel": 7138,
        "fault": 0.8665,
        "weapon": 0,
        "pilot_injury": 0.4068,
        "pilot_skill": 0.8987,
        "mission_priority": 0.1706,
        "estimated_landing_time": 194.0,
        "wait_time": 0,
        "Landing_success_rate": 1.0
    },
    {
        "model": 0,
        "sequence": 5,
        "status": 1,
        "fuel": 6329,
        "fault": 0.7315,
        "weapon": 1,
        "pilot_injury": 0.0911,
        "pilot_skill": 0.594,
        "mission_priority": 0.9192,
        "estimated_landing_time": 476.0,
        "wait_time": 0,
        "Landing_success_rate": 1.0
    },
    {
        "model": 2,
        "sequence": 11,
        "status": 1,
        "fuel": 6271,
        "fault": 0.6373,
        "weapon": 1,
        "pilot_injury": 0.8559,
        "pilot_skill": 0.6522,
        "mission_priority": 0.2204,
        "estimated_landing_time": 1040.0,
        "wait_time": 0,
        "Landing_success_rate": 1.0
    },
    {
        "model": 0,
        "sequence": 12,
        "status": 1,
        "fuel": 7180,
        "fault": 0.9784,
        "weapon": 0,
        "pilot_injury": 0.4184,
        "pilot_skill": 0.2309,
        "mission_priority": 0.7892,
        "estimated_landing_time": 1134.0,
        "wait_time": 0,
        "Landing_success_rate": 1.0
    },
    {
        "model": 2,
        "sequence": 4,
        "status": 1,
        "fuel": 6240,
        "fault": 0.2083,
        "weapon": 0,
        "pilot_injury": 0.2379,
        "pilot_skill": 0.672,
        "mission_priority": 0.5469,
        "estimated_landing_time": 382.0,
        "wait_time": 0,
        "Landing_success_rate": 1.0
    },
    {
        "model": 2,
        "sequence": 9,
        "status": 1,
        "fuel": 6856,
        "fault": 0.1553,
        "weapon": 1,
        "pilot_injury": 0.4698,
        "pilot_skill": 0.8827,
        "mission_priority": 0.8713,
        "estimated_landing_time": 852.0,
        "wait_time": 0,
        "Landing_success_rate": 1.0
    },
    {
        "model": 0,
        "sequence": 10,
        "status": 1,
        "fuel": 5936,
        "fault": 0.3472,
        "weapon": 0,
        "pilot_injury": 0.6784,
        "pilot_skill": 0.0562,
        "mission_priority": 0.7495,
        "estimated_landing_time": 946.0,
        "wait_time": 0,
        "Landing_success_rate": 1.0
    },
    {
        "model": 2,
        "sequence": 8,
        "status": 1,
        "fuel": 5686,
        "fault": 0.5056,
        "weapon": 0,
        "pilot_injury": 0.8201,
        "pilot_skill": 0.8324,
        "mission_priority": 0.9322,
        "estimated_landing_time": 758.0,
        "wait_time": 0,
        "Landing_success_rate": 1.0
    },
    {
        "model": 1,
        "sequence": 6,
        "status": 1,
        "fuel": 6285,
        "fault": 0.7424,
        "weapon": 1,
        "pilot_injury": 0.906,
        "pilot_skill": 0.3168,
        "mission_priority": 0.7966,
        "estimated_landing_time": 570.0,
        "wait_time": 0,
        "Landing_success_rate": 1.0
    }
]