[
    {
        "model": 1,
        "sequence": 9,
        "status": 1,
        "fuel": 6066,
        "fault": 0.3591,
        "weapon": 0,
        "pilot_injury": 0.9517,
        "pilot_skill": 0.09,
        "mission_priority": 0.3671,
        "estimated_landing_time": 852.0,
        "wait_time": 0,
        "Landing_success_rate": 1.0
    },
    {
        "model": 2,
        "sequence": 6,
        "status": 1,
        "fuel": 6216,
        "fault": 0.0733,
        "weapon": 1,
        "pilot_injury": 0.6627,
        "pilot_skill": 0.3017,
        "mission_priority": 0.0785,
        "estimated_landing_time": 570.0,
        "wait_time": 0,
        "Landing_success_rate": 1.0
    },
    {
        "model": 0,
        "sequence": 4,
        "status": 1,
        "fuel": 6262,
        "fault": 0.3945,
        "weapon": 0,
        "pilot_injury": 0.2703,
        "pilot_skill": 0.2155,
        "mission_priority": 0.3555,
        "estimated_landing_time": 382.0,
        "wait_time": 0,
        "Landing_success_rate": 1.0
    },
    {
        "model": 0,
        "sequence": 12,
        "status": 1,
        "fuel": 6296,
        "fault": 0.4441,
        "weapon": 0,
        "pilot_injury": 0.7038,
        "pilot_skill": 0.7796,
        "mission_priority": 0.3061,
        "estimated_landing_time": 1134.0,
        "wait_time": 0,
        "Landing_success_rate": 1.0
    },
    {
        "model": 0,
        "sequence": 1,
        "status": 1,
        "fuel": 5622,
        "fault": 0.1704,
        "weapon": 1,
        "pilot_injury": 0.4027,
        "pilot_skill": 0.6899,
        "mission_priority": 0.9394,
        "estimated_landing_time": 100.0,
        "wait_time": 0,
        "Landing_success_rate": 1.0
    },
    {
        "model": 2,
        "sequence": 5,
        "status": 1,
        "fuel": 6336,
        "fault": 0.5643,
        "weapon": 1,
        "pilot_injury": 0.8203,
        "pilot_skill": 0.4117,
        "mission_priority": 0.1754,
        "estimated_landing_time": 476.0,
        "wait_time": 0,
        "Landing_success_rate": 1.0
    },
    {
        "model": 2,
        "sequence": 10,
        "status": 1,
        "fuel": 6905,
        "fault": 0.2679,
        "weapon": 1,
        "pilot_injury": 0.7634,
        "pilot_skill": 0.3499,
        "mission_priority": 0.1468,
        "estimated_landing_time": 946.0,
        "wait_time": 0,
        "Landing_success_rate": 1.0
    },
    {
        "model": 2,
        "sequence": 11,
        "status": 1,
        "fuel": 6986,
        "fault": 0.7462,
        "weapon": 0,
        "pilot_injury": 0.95,
        "pilot_skill": 0.9518,
        "mission_priority": 0.9688,
        "estimated_landing_time": 1040.0,
        "wait_time": 0,
        "Landing_success_rate": 1.0
    },
    {
        "model": 2,
        "sequence": 7,
        "status": 1,
        "fuel": 5773,
        "fault": 0.6825,
        "weapon": 1,
        "pilot_injury": 0.9809,
        "pilot_skill": 0.9883,
        "mission_priority": 0.0784,
        "estimated_landing_time": 664.0,
        "wait_time": 0,
        "Landing_success_rate": 1.0
    },
    {
        "model": 2,
        "sequence": 8,
        "status": 1,
        "fuel": 7158,
        "fault": 0.8888,
        "weapon": 1,
        "pilot_injury": 0.9093,
        "pilot_skill": 0.0892,
        "mission_priority": 0.8886,
        "estimated_landing_time": 758.0,
        "wait_time": 0,
        "Landing_success_rate": 1.0
    },
    {
        "model": 1,
        "sequence": 3,
        "status": 1,
        "fuel": 5893,
        "fault": 0.3561,
        "weapon": 1,
        "pilot_injury": 0.3356,
        "pilot_skill": 0.4273,
        "mission_priority": 0.4338,
        "estimated_landing_time": 288.0,
        "wait_time": 0,
        "Landing_success_rate": 1.0
    },
    {
        "model": 2,
        "sequence": 2,
        "status": 1,
        "fuel": 5853,
        "fault": 0.0328,
        "weapon": 0,
        "pilot_injury": 0.6914,
        "pilot_skill": 0.0222,
        "mission_priority": 0.1853,
        "estimated_landing_time": 194.0,
        "wait_time": 0,
        "Landing_success_rate": 1.0
    }
]