[
    {
        "model": 2,
        "sequence": 3,
        "status": 1,
        "fuel": 5997,
        "fault": 0.5981,
        "weapon": 0,
        "pilot_injury": 0.3066,
        "pilot_skill": 0.0417,
        "mission_priority": 0.2949,
        "estimated_landing_time": 288.0,
        "wait_time": 0,
        "Landing_success_rate": 1.0
    },
    {
        "model": 1,
        "sequence": 9,
        "status": 1,
        "fuel": 6141,
        "fault": 0.8484,
        "weapon": 0,
        "pilot_injury": 0.7638,
        "pilot_skill": 0.7223,
        "mission_priority": 0.1062,
        "estimated_landing_time": 852.0,
        "wait_time": 0,
        "Landing_success_rate": 1.0
    },
    {
        "model": 1,
        "sequence": 5,
        "status": 1,
        "fuel": 7490,
        "fault": 0.212,
        "weapon": 0,
        "pilot_injury": 0.0232,
        "pilot_skill": 0.173,
        "mission_priority": 0.2016,
        "estimated_landing_time": 476.0,
        "wait_time": 0,
        "Landing_success_rate": 1.0
    },
    {
        "model": 2,
        "sequence": 2,
        "status": 1,
        "fuel": 7139,
        "fault": 0.6861,
        "weapon": 0,
        "pilot_injury": 0.5263,
        "pilot_skill": 0.3226,
        "mission_priority": 0.9082,
        "estimated_landing_time": 194.0,
        "wait_time": 0,
        "Landing_success_rate": 1.0
    },
    {
        "model": 1,
        "sequence": 12,
        "status": 1,
        "fuel": 5706,
        "fault": 0.3286,
        "weapon": 0,
        "pilot_injury": 0.9006,
        "pilot_skill": 0.0472,
        "mission_priority": 0.5163,
        "estimated_landing_time": 1134.0,
        "wait_time": 0,
        "Landing_success_rate": 1.0
    },
    {
        "model": 1,
        "sequence": 4,
        "status": 1,
        "fuel": 5519,
        "fault": 0.0984,
        "weapon": 1,
        "pilot_injury": 0.6638,
        "pilot_skill": 0.3492,
        "mission_priority": 0.7115,
        "estimated_landing_time": 382.0,
        "wait_time": 0,
        "Landing_success_rate": 1.0
    },
    {
        "model": 0,
        "sequence": 11,
        "status": 1,
        "fuel": 5564,
        "fault": 0.8703,
        "weapon": 0,
        "pilot_injury": 0.7852,
        "pilot_skill": 0.6682,
        "mission_priority": 0.0054,
        "estimated_landing_time": 1040.0,
        "wait_time": 0,
        "Landing_success_rate": 1.0
    },
    {
        "model": 1,
        "sequence": 8,
        "status": 1,
        "fuel": 7095,
        "fault": 0.233,
        "weapon": 1,
        "pilot_injury": 0.6454,
        "pilot_skill": 0.3968,
        "mission_priority": 0.8814,
        "estimated_landing_time": 758.0,
        "wait_time": 0,
        "Landing_success_rate": 1.0
    },
    {
        "model": 1,
        "sequence": 10,
        "status": 1,
        "fuel": 7237,
        "fault": 0.8894,
        "weapon": 0,
        "pilot_injury": 0.9803,
        "pilot_skill": 0.2806,
        "mission_priority": 0.0653,
        "estimated_landing_time": 946.0,
        "wait_time": 0,
        "Landing_success_rate": 1.0
    },
    {
        "model": 2,
        "sequence": 1,
        "status": 1,
        "fuel": 6113,
        "fault": 0.929,
        "weapon": 0,
        "pilot_injury": 0.4543,
        "pilot_skill": 0.6201,
        "mission_priority": 0.6151,
        "estimated_landing_time": 100.0,
        "wait_time": 0,
        "Landing_success_rate": 1.0
    },
    {
        "model": 0,
        "sequence": 7,
        "status": 1,
        "fuel": 7247,
        "fault": 0.2265,
        "weapon": 1,
        "pilot_injury": 0.6515,
        "pilot_skill": 0.8899,
        "mission_priority": 0.9132,
        "estimated_landing_time": 664.0,
        "wait_time": 0,
        "Landing_success_rate": 1.0
    },
    {
        "model": 1,
        "sequence": 6,
        "status": 1,
        "fuel": 7252,
        "fault": 0.689,
        "weapon": 1,
        "pilot_injury": 0.3175,
        "pilot_skill": 0.8364,
        "mission_priority": 0.7329,
        "estimated_landing_time": 570.0,
        "wait_time": 0,
        "Landing_success_rate": 1.0
    }
]