[
    {
        "model": 0,
        "sequence": 2,
        "status": 1,
        "fuel": 6094,
        "fault": 0.8425,
        "weapon": 1,
        "pilot_injury": 0.613,
        "pilot_skill": 0.7255,
        "mission_priority": 0.011,
        "estimated_landing_time": 194.0,
        "wait_time": 0,
        "Landing_success_rate": 1.0
    },
    {
        "model": 0,
        "sequence": 6,
        "status": 1,
        "fuel": 6513,
        "fault": 0.6506,
        "weapon": 1,
        "pilot_injury": 0.1409,
        "pilot_skill": 0.3476,
        "mission_priority": 0.6385,
        "estimated_landing_time": 570.0,
        "wait_time": 0,
        "Landing_success_rate": 1.0
    },
    {
        "model": 2,
        "sequence": 11,
        "status": 1,
        "fuel": 6340,
        "fault": 0.104,
        "weapon": 0,
        "pilot_injury": 0.0873,
        "pilot_skill": 0.7815,
        "mission_priority": 0.156,
        "estimated_landing_time": 1040.0,
        "wait_time": 0,
        "Landing_success_rate": 1.0
    },
    {
        "model": 2,
        "sequence": 9,
        "status": 1,
        "fuel": 6514,
        "fault": 0.7004,
        "weapon": 0,
        "pilot_injury": 0.6121,
        "pilot_skill": 0.6047,
        "mission_priority": 0.4793,
        "estimated_landing_time": 852.0,
        "wait_time": 0,
        "Landing_success_rate": 1.0
    },
    {
        "model": 0,
        "sequence": 3,
        "status": 1,
        "fuel": 5574,
        "fault": 0.0764,
        "weapon": 1,
        "pilot_injury": 0.9678,
        "pilot_skill": 0.223,
        "mission_priority": 0.2146,
        "estimated_landing_time": 288.0,
        "wait_time": 0,
        "Landing_success_rate": 1.0
    },
    {
        "model": 2,
        "sequence": 5,
        "status": 1,
        "fuel": 7278,
        "fault": 0.4194,
        "weapon": 0,
        "pilot_injury": 0.549,
        "pilot_skill": 0.1112,
        "mission_priority": 0.3645,
        "estimated_landing_time": 476.0,
        "wait_time": 0,
        "Landing_success_rate": 1.0
    },
    {
        "model": 2,
        "sequence": 12,
        "status": 1,
        "fuel": 7329,
        "fault": 0.4968,
        "weapon": 1,
        "pilot_injury": 0.9513,
        "pilot_skill": 0.6833,
        "mission_priority": 0.0076,
        "estimated_landing_time": 1134.0,
        "wait_time": 0,
        "Landing_success_rate": 1.0
    },
    {
        "model": 1,
        "sequence": 7,
        "status": 1,
        "fuel": 7138,
        "fault": 0.965,
        "weapon": 0,
        "pilot_injury": 0.7149,
        "pilot_skill": 0.4694,
        "mission_priority": 0.994,
        "estimated_landing_time": 664.0,
        "wait_time": 0,
        "Landing_success_rate": 1.0
    },
    {
        "model": 0,
        "sequence": 10,
        "status": 1,
        "fuel": 6731,
        "fault": 0.5933,
        "weapon": 1,
        "pilot_injury": 0.8047,
        "pilot_skill": 0.7048,
        "mission_priority": 0.2438,
        "estimated_landing_time": 946.0,
        "wait_time": 0,
        "Landing_success_rate": 1.0
    },
    {
        "model": 0,
        "sequence": 8,
        "status": 1,
        "fuel": 5891,
        "fault": 0.9005,
        "weapon": 0,
        "pilot_injury": 0.4512,
        "pilot_skill": 0.1792,
        "mission_priority": 0.2234,
        "estimated_landing_time": 758.0,
        "wait_time": 0,
        "Landing_success_rate": 1.0
    },
    {
        "model": 0,
        "sequence": 1,
        "status": 1,
        "fuel": 5755,
        "fault": 0.6166,
        "weapon": 1,
        "pilot_injury": 0.9169,
        "pilot_skill": 0.6861,
        "mission_priority": 0.6896,
        "estimated_landing_time": 100.0,
        "wait_time": 0,
        "Landing_success_rate": 1.0
    },
    {
        "model": 1,
        "sequence": 4,
        "status": 1,
        "fuel": 6094,
        "fault": 0.6503,
        "weapon": 0,
        "pilot_injury": 0.9819,
        "pilot_skill": 0.3852,
        "mission_priority": 0.7125,
        "estimated_landing_time": 382.0,
        "wait_time": 0,
        "Landing_success_rate": 1.0
    }
]