[
    {
        "model": 0,
        "sequence": 3,
        "status": 1,
        "fuel": 7457,
        "fault": 0.3984,
        "weapon": 1,
        "pilot_injury": 0.1795,
        "pilot_skill": 0.5317,
        "mission_priority": 0.9178,
        "estimated_landing_time": 288.0,
        "wait_time": 0,
        "Landing_success_rate": 1.0
    },
    {
        "model": 2,
        "sequence": 6,
        "status": 1,
        "fuel": 5562,
        "fault": 0.4024,
        "weapon": 1,
        "pilot_injury": 0.5897,
        "pilot_skill": 0.0902,
        "mission_priority": 0.2821,
        "estimated_landing_time": 570.0,
        "wait_time": 0,
        "Landing_success_rate": 1.0
    },
    {
        "model": 2,
        "sequence": 12,
        "status": 1,
        "fuel": 7233,
        "fault": 0.1774,
        "weapon": 0,
        "pilot_injury": 0.077,
        "pilot_skill": 0.3634,
        "mission_priority": 0.9994,
        "estimated_landing_time": 1134.0,
        "wait_time": 0,
        "Landing_success_rate": 1.0
    },
    {
        "model": 0,
        "sequence": 11,
        "status": 1,
        "fuel": 7485,
        "fault": 0.3582,
        "weapon": 1,
        "pilot_injury": 0.5494,
        "pilot_skill": 0.5193,
        "mission_priority": 0.4496,
        "estimated_landing_time": 1040.0,
        "wait_time": 0,
        "Landing_success_rate": 1.0
    },
    {
        "model": 2,
        "sequence": 2,
        "status": 1,
        "fuel": 7141,
        "fault": 0.8019,
        "weapon": 1,
        "pilot_injury": 0.2933,
        "pilot_skill": 0.1403,
        "mission_priority": 0.6973,
        "estimated_landing_time": 194.0,
        "wait_time": 0,
        "Landing_success_rate": 1.0
    },
    {
        "model": 0,
        "sequence": 8,
        "status": 1,
        "fuel": 6780,
        "fault": 0.257,
        "weapon": 1,
        "pilot_injury": 0.9718,
        "pilot_skill": 0.0437,
        "mission_priority": 0.9931,
        "estimated_landing_time": 758.0,
        "wait_time": 0,
        "Landing_success_rate": 1.0
    },
    {
        "model": 1,
        "sequence": 4,
        "status": 1,
        "fuel": 5857,
        "fault": 0.9368,
        "weapon": 1,
        "pilot_injury": 0.7777,
        "pilot_skill": 0.6653,
        "mission_priority": 0.7784,
        "estimated_landing_time": 382.0,
        "wait_time": 0,
        "Landing_success_rate": 1.0
    },
    {
        "model": 2,
        "sequence": 10,
        "status": 1,
        "fuel": 5752,
        "fault": 0.6434,
        "weapon": 1,
        "pilot_injury": 0.7899,
        "pilot_skill": 0.3092,
        "mission_priority": 0.9485,
        "estimated_landing_time": 946.0,
        "wait_time": 0,
        "Landing_success_rate": 1.0
    },
    {
        "model": 2,
        "sequence": 5,
        "status": 1,
        "fuel": 7001,
        "fault": 0.3266,
        "weapon": 1,
        "pilot_injury": 0.652,
        "pilot_skill": 0.8148,
        "mission_priority": 0.8173,
        "estimated_landing_time": 476.0,
        "wait_time": 0,
        "Landing_success_rate": 1.0
    },
    {
        "model": 0,
        "sequence": 9,
        "status": 1,
        "fuel": 5956,
        "fault": 0.0797,
        "weapon": 0,
        "pilot_injury": 0.9737,
        "pilot_skill": 0.2313,
        "mission_priority": 0.7956,
        "estimated_landing_time": 852.0,
        "wait_time": 0,
        "Landing_success_rate": 1.0
    },
    {
        "model": 1,
        "sequence": 7,
        "status": 1,
        "fuel": 6444,
        "fault": 0.8904,
        "weapon": 1,
        "pilot_injury": 0.051,
        "pilot_skill": 0.7599,
        "mission_priority": 0.3165,
        "estimated_landing_time": 664.0,
        "wait_time": 0,
        "Landing_success_rate": 1.0
    },
    {
        "model": 1,
        "sequence": 1,
        "status": 1,
        "fuel": 5769,
        "fault": 0.4852,
        "weapon": 1,
        "pilot_injury": 0.53,
        "pilot_skill": 0.6873,
        "mission_priority": 0.2245,
        "estimated_landing_time": 100.0,
        "wait_time": 0,
        "Landing_success_rate": 1.0
    }
]