[
    {
        "model": 0,
        "sequence": 4,
        "status": 1,
        "fuel": 6140,
        "fault": 0.4867,
        "weapon": 1,
        "pilot_injury": 0.0297,
        "pilot_skill": 0.2562,
        "mission_priority": 0.7945,
        "estimated_landing_time": 382.0,
        "wait_time": 0,
        "Landing_success_rate": 1.0
    },
    {
        "model": 1,
        "sequence": 3,
        "status": 1,
        "fuel": 6538,
        "fault": 0.8246,
        "weapon": 0,
        "pilot_injury": 0.7165,
        "pilot_skill": 0.1655,
        "mission_priority": 0.3687,
        "estimated_landing_time": 288.0,
        "wait_time": 0,
        "Landing_success_rate": 1.0
    },
    {
        "model": 2,
        "sequence": 10,
        "status": 1,
        "fuel": 6802,
        "fault": 0.9822,
        "weapon": 0,
        "pilot_injury": 0.4499,
        "pilot_skill": 0.573,
        "mission_priority": 0.9794,
        "estimated_landing_time": 946.0,
        "wait_time": 0,
        "Landing_success_rate": 1.0
    },
    {
        "model": 0,
        "sequence": 5,
        "status": 1,
        "fuel": 6585,
        "fault": 0.2533,
        "weapon": 0,
        "pilot_injury": 0.1506,
        "pilot_skill": 0.1436,
        "mission_priority": 0.5186,
        "estimated_landing_time": 476.0,
        "wait_time": 0,
        "Landing_success_rate": 1.0
    },
    {
        "model": 0,
        "sequence": 6,
        "status": 1,
        "fuel": 5905,
        "fault": 0.6346,
        "weapon": 1,
        "pilot_injury": 0.8733,
        "pilot_skill": 0.3159,
        "mission_priority": 0.595,
        "estimated_landing_time": 570.0,
        "wait_time": 0,
        "Landing_success_rate": 1.0
    },
    {
        "model": 0,
        "sequence": 2,
        "status": 1,
        "fuel": 6281,
        "fault": 0.1221,
        "weapon": 0,
        "pilot_injury": 0.3963,
        "pilot_skill": 0.5909,
        "mission_priority": 0.0209,
        "estimated_landing_time": 194.0,
        "wait_time": 0,
        "Landing_success_rate": 1.0
    },
    {
        "model": 0,
        "sequence": 12,
        "status": 1,
        "fuel": 7248,
        "fault": 0.5774,
        "weapon": 1,
        "pilot_injury": 0.0476,
        "pilot_skill": 0.215,
        "mission_priority": 0.5023,
        "estimated_landing_time": 1134.0,
        "wait_time": 0,
        "Landing_success_rate": 1.0
    },
    {
        "model": 1,
        "sequence": 9,
        "status": 1,
        "fuel": 6350,
        "fault": 0.7397,
        "weapon": 1,
        "pilot_injury": 0.0843,
        "pilot_skill": 0.2331,
        "mission_priority": 0.0977,
        "estimated_landing_time": 852.0,
        "wait_time": 0,
        "Landing_success_rate": 1.0
    },
    {
        "model": 2,
        "sequence": 1,
        "status": 1,
        "fuel": 6799,
        "fault": 0.1522,
        "weapon": 1,
        "pilot_injury": 0.5753,
        "pilot_skill": 0.334,
        "mission_priority": 0.2612,
        "estimated_landing_time": 100.0,
        "wait_time": 0,
        "Landing_success_rate": 1.0
    },
    {
        "model": 0,
        "sequence": 7,
        "status": 1,
        "fuel": 6503,
        "fault": 0.3249,
        "weapon": 0,
        "pilot_injury": 0.822,
        "pilot_skill": 0.0264,
        "mission_priority": 0.0596,
        "estimated_landing_time": 664.0,
        "wait_time": 0,
        "Landing_success_rate": 1.0
    },
    {
        "model": 0,
        "sequence": 8,
        "status": 1,
        "fuel": 7261,
        "fault": 0.1788,
        "weapon": 0,
        "pilot_injury": 0.4257,
        "pilot_skill": 0.1842,
        "mission_priority": 0.1771,
        "estimated_landing_time": 758.0,
        "wait_time": 0,
        "Landing_success_rate": 1.0
    },
    {
        "model": 1,
        "sequence": 11,
        "status": 1,
        "fuel": 7432,
        "fault": 0.6329,
        "weapon": 0,
        "pilot_injury": 0.7393,
        "pilot_skill": 0.0568,
        "mission_priority": 0.2756,
        "estimated_landing_time": 1040.0,
        "wait_time": 0,
        "Landing_success_rate": 1.0
    }
]