[
    {
        "model": 0,
        "sequence": 11,
        "status": 1,
        "fuel": 7067,
        "fault": 0.7218,
        "weapon": 1,
        "pilot_injury": 0.8105,
        "pilot_skill": 0.2679,
        "mission_priority": 0.9817,
        "estimated_landing_time": 1040.0,
        "wait_time": 0,
        "Landing_success_rate": 1.0
    },
    {
        "model": 1,
        "sequence": 6,
        "status": 1,
        "fuel": 5603,
        "fault": 0.8442,
        "weapon": 0,
        "pilot_injury": 0.5695,
        "pilot_skill": 0.0376,
        "mission_priority": 0.161,
        "estimated_landing_time": 570.0,
        "wait_time": 0,
        "Landing_success_rate": 1.0
    },
    {
        "model": 2,
        "sequence": 5,
        "status": 1,
        "fuel": 5746,
        "fault": 0.3771,
        "weapon": 1,
        "pilot_injury": 0.9397,
        "pilot_skill": 0.6245,
        "mission_priority": 0.5627,
        "estimated_landing_time": 476.0,
        "wait_time": 0,
        "Landing_success_rate": 1.0
    },
    {
        "model": 2,
        "sequence": 8,
        "status": 1,
        "fuel": 6441,
        "fault": 0.5664,
        "weapon": 1,
        "pilot_injury": 0.8277,
        "pilot_skill": 0.5408,
        "mission_priority": 0.2301,
        "estimated_landing_time": 758.0,
        "wait_time": 0,
        "Landing_success_rate": 1.0
    },
    {
        "model": 2,
        "sequence": 1,
        "status": 1,
        "fuel": 7199,
        "fault": 0.8793,
        "weapon": 0,
        "pilot_injury": 0.0175,
        "pilot_skill": 0.9334,
        "mission_priority": 0.2183,
        "estimated_landing_time": 100.0,
        "wait_time": 0,
        "Landing_success_rate": 1.0
    },
    {
        "model": 0,
        "sequence": 10,
        "status": 1,
        "fuel": 6150,
        "fault": 0.324,
        "weapon": 0,
        "pilot_injury": 0.8598,
        "pilot_skill": 0.5434,
        "mission_priority": 0.1411,
        "estimated_landing_time": 946.0,
        "wait_time": 0,
        "Landing_success_rate": 1.0
    },
    {
        "model": 1,
        "sequence": 9,
        "status": 1,
        "fuel": 5505,
        "fault": 0.6952,
        "weapon": 0,
        "pilot_injury": 0.8859,
        "pilot_skill": 0.7667,
        "mission_priority": 0.8296,
        "estimated_landing_time": 852.0,
        "wait_time": 0,
        "Landing_success_rate": 1.0
    },
    {
        "model": 1,
        "sequence": 12,
        "status": 1,
        "fuel": 7080,
        "fault": 0.9351,
        "weapon": 1,
        "pilot_injury": 0.9992,
        "pilot_skill": 0.7852,
        "mission_priority": 0.1207,
        "estimated_landing_time": 1134.0,
        "wait_time": 0,
        "Landing_success_rate": 1.0
    },
    {
        "model": 1,
        "sequence": 7,
        "status": 1,
        "fuel": 7323,
        "fault": 0.1545,
        "weapon": 0,
        "pilot_injury": 0.5142,
        "pilot_skill": 0.0788,
        "mission_priority": 0.0347,
        "estimated_landing_time": 664.0,
        "wait_time": 0,
        "Landing_success_rate": 1.0
    },
    {
        "model": 2,
        "sequence": 4,
        "status": 1,
        "fuel": 6479,
        "fault": 0.8598,
        "weapon": 1,
        "pilot_injury": 0.379,
        "pilot_skill": 0.7953,
        "mission_priority": 0.6893,
        "estimated_landing_time": 382.0,
        "wait_time": 0,
        "Landing_success_rate": 1.0
    },
    {
        "model": 2,
        "sequence": 3,
        "status": 1,
        "fuel": 6510,
        "fault": 0.6773,
        "weapon": 1,
        "pilot_injury": 0.7069,
        "pilot_skill": 0.0822,
        "mission_priority": 0.0002,
        "estimated_landing_time": 288.0,
        "wait_time": 0,
        "Landing_success_rate": 1.0
    },
    {
        "model": 1,
        "sequence": 2,
        "status": 1,
        "fuel": 5621,
        "fault": 0.7958,
        "weapon": 0,
        "pilot_injury": 0.6762,
        "pilot_skill": 0.4383,
        "mission_priority": 0.0461,
        "estimated_landing_time": 194.0,
        "wait_time": 0,
        "Landing_success_rate": 1.0
    }
]