[
    {
        "model": 0,
        "sequence": 4,
        "status": 1,
        "fuel": 5961,
        "fault": 0.9764,
        "weapon": 0,
        "pilot_injury": 0.7473,
        "pilot_skill": 0.2746,
        "mission_priority": 0.9815,
        "estimated_landing_time": 382.0,
        "wait_time": 0,
        "Landing_success_rate": 1.0
    },
    {
        "model": 0,
        "sequence": 6,
        "status": 1,
        "fuel": 6720,
        "fault": 0.1667,
        "weapon": 1,
        "pilot_injury": 0.8588,
        "pilot_skill": 0.3195,
        "mission_priority": 0.2888,
        "estimated_landing_time": 570.0,
        "wait_time": 0,
        "Landing_success_rate": 1.0
    },
    {
        "model": 1,
        "sequence": 1,
        "status": 1,
        "fuel": 5571,
        "fault": 0.4074,
        "weapon": 0,
        "pilot_injury": 0.1732,
        "pilot_skill": 0.3818,
        "mission_priority": 0.0308,
        "estimated_landing_time": 100.0,
        "wait_time": 0,
        "Landing_success_rate": 1.0
    },
    {
        "model": 2,
        "sequence": 9,
        "status": 1,
        "fuel": 6866,
        "fault": 0.485,
        "weapon": 1,
        "pilot_injury": 0.2482,
        "pilot_skill": 0.5799,
        "mission_priority": 0.705,
        "estimated_landing_time": 852.0,
        "wait_time": 0,
        "Landing_success_rate": 1.0
    },
    {
        "model": 1,
        "sequence": 12,
        "status": 1,
        "fuel": 6636,
        "fault": 0.2109,
        "weapon": 1,
        "pilot_injury": 0.8123,
        "pilot_skill": 0.4649,
        "mission_priority": 0.1011,
        "estimated_landing_time": 1134.0,
        "wait_time": 0,
        "Landing_success_rate": 1.0
    },
    {
        "model": 1,
        "sequence": 2,
        "status": 1,
        "fuel": 6394,
        "fault": 0.5195,
        "weapon": 0,
        "pilot_injury": 0.6025,
        "pilot_skill": 0.9375,
        "mission_priority": 0.5592,
        "estimated_landing_time": 194.0,
        "wait_time": 0,
        "Landing_success_rate": 1.0
    },
    {
        "model": 0,
        "sequence": 3,
        "status": 1,
        "fuel": 6553,
        "fault": 0.8018,
        "weapon": 1,
        "pilot_injury": 0.2848,
        "pilot_skill": 0.5018,
        "mission_priority": 0.2049,
        "estimated_landing_time": 288.0,
        "wait_time": 0,
        "Landing_success_rate": 1.0
    },
    {
        "model": 2,
        "sequence": 7,
        "status": 1,
        "fuel": 6880,
        "fault": 0.8114,
        "weapon": 0,
        "pilot_injury": 0.4296,
        "pilot_skill": 0.6271,
        "mission_priority": 0.8236,
        "estimated_landing_time": 664.0,
        "wait_time": 0,
        "Landing_success_rate": 1.0
    },
    {
        "model": 0,
        "sequence": 8,
        "status": 1,
        "fuel": 6709,
        "fault": 0.4702,
        "weapon": 1,
        "pilot_injury": 0.7776,
        "pilot_skill": 0.7151,
        "mission_priority": 0.5398,
        "estimated_landing_time": 758.0,
        "wait_time": 0,
        "Landing_success_rate": 1.0
    },
    {
        "model": 2,
        "sequence": 5,
        "status": 1,
        "fuel": 6521,
        "fault": 0.7625,
        "weapon": 1,
        "pilot_injury": 0.4331,
        "pilot_skill": 0.3488,
        "mission_priority": 0.6991,
        "estimated_landing_time": 476.0,
        "wait_time": 0,
        "Landing_success_rate": 1.0
    },
    {
        "model": 0,
        "sequence": 11,
        "status": 1,
        "fuel": 7257,
        "fault": 0.2165,
        "weapon": 0,
        "pilot_injury": 0.779,
        "pilot_skill": 0.2982,
        "mission_priority": 0.0425,
        "estimated_landing_time": 1040.0,
        "wait_time": 0,
        "Landing_success_rate": 1.0
    },
    {
        "model": 2,
        "sequence": 10,
        "status": 1,
        "fuel": 7262,
        "fault": 0.7159,
        "weapon": 0,
        "pilot_injury": 0.9636,
        "pilot_skill": 0.2537,
        "mission_priority": 0.0827,
        "estimated_landing_time": 946.0,
        "wait_time": 0,
        "Landing_success_rate": 1.0
    }
]