[
    {
        "model": 2,
        "sequence": 10,
        "status": 1,
        "fuel": 6006,
        "fault": 0.3322,
        "weapon": 1,
        "pilot_injury": 0.1751,
        "pilot_skill": 0.946,
        "mission_priority": 0.1656,
        "estimated_landing_time": 946.0,
        "wait_time": 0,
        "Landing_success_rate": 1.0
    },
    {
        "model": 1,
        "sequence": 4,
        "status": 1,
        "fuel": 6872,
        "fault": 0.7244,
        "weapon": 1,
        "pilot_injury": 0.1846,
        "pilot_skill": 0.7588,
        "mission_priority": 0.795,
        "estimated_landing_time": 382.0,
        "wait_time": 0,
        "Landing_success_rate": 1.0
    },
    {
        "model": 1,
        "sequence": 5,
        "status": 1,
        "fuel": 6094,
        "fault": 0.3001,
        "weapon": 1,
        "pilot_injury": 0.5008,
        "pilot_skill": 0.8902,
        "mission_priority": 0.8473,
        "estimated_landing_time": 476.0,
        "wait_time": 0,
        "Landing_success_rate": 1.0
    },
    {
        "model": 1,
        "sequence": 3,
        "status": 1,
        "fuel": 6970,
        "fault": 0.3001,
        "weapon": 1,
        "pilot_injury": 0.2639,
        "pilot_skill": 0.3494,
        "mission_priority": 0.1491,
        "estimated_landing_time": 288.0,
        "wait_time": 0,
        "Landing_success_rate": 1.0
    },
    {
        "model": 1,
        "sequence": 2,
        "status": 1,
        "fuel": 6007,
        "fault": 0.6668,
        "weapon": 1,
        "pilot_injury": 0.5061,
        "pilot_skill": 0.8275,
        "mission_priority": 0.6413,
        "estimated_landing_time": 194.0,
        "wait_time": 0,
        "Landing_success_rate": 1.0
    },
    {
        "model": 0,
        "sequence": 9,
        "status": 1,
        "fuel": 7180,
        "fault": 0.1849,
        "weapon": 0,
        "pilot_injury": 0.0642,
        "pilot_skill": 0.5808,
        "mission_priority": 0.3897,
        "estimated_landing_time": 852.0,
        "wait_time": 0,
        "Landing_success_rate": 1.0
    },
    {
        "model": 0,
        "sequence": 12,
        "status": 1,
        "fuel": 6718,
        "fault": 0.0424,
        "weapon": 0,
        "pilot_injury": 0.8981,
        "pilot_skill": 0.586,
        "mission_priority": 0.9033,
        "estimated_landing_time": 1134.0,
        "wait_time": 0,
        "Landing_success_rate": 1.0
    },
    {
        "model": 0,
        "sequence": 8,
        "status": 1,
        "fuel": 6328,
        "fault": 0.7851,
        "weapon": 0,
        "pilot_injury": 0.36,
        "pilot_skill": 0.7568,
        "mission_priority": 0.3054,
        "estimated_landing_time": 758.0,
        "wait_time": 0,
        "Landing_success_rate": 1.0
    },
    {
        "model": 0,
        "sequence": 6,
        "status": 1,
        "fuel": 6077,
        "fault": 0.6024,
        "weapon": 0,
        "pilot_injury": 0.7626,
        "pilot_skill": 0.8206,
        "mission_priority": 0.2997,
        "estimated_landing_time": 570.0,
        "wait_time": 0,
        "Landing_success_rate": 1.0
    },
    {
        "model": 2,
        "sequence": 11,
        "status": 1,
        "fuel": 6282,
        "fault": 0.6689,
        "weapon": 0,
        "pilot_injury": 0.0113,
        "pilot_skill": 0.8665,
        "mission_priority": 0.5235,
        "estimated_landing_time": 1040.0,
        "wait_time": 0,
        "Landing_success_rate": 1.0
    },
    {
        "model": 2,
        "sequence": 1,
        "status": 1,
        "fuel": 6665,
        "fault": 0.0965,
        "weapon": 0,
        "pilot_injury": 0.9569,
        "pilot_skill": 0.6151,
        "mission_priority": 0.5122,
        "estimated_landing_time": 100.0,
        "wait_time": 0,
        "Landing_success_rate": 1.0
    },
    {
        "model": 2,
        "sequence": 7,
        "status": 1,
        "fuel": 7051,
        "fault": 0.9554,
        "weapon": 1,
        "pilot_injury": 0.8288,
        "pilot_skill": 0.4169,
        "mission_priority": 0.7273,
        "estimated_landing_time": 664.0,
        "wait_time": 0,
        "Landing_success_rate": 1.0
    }
]