[
    {
        "model": 2,
        "sequence": 12,
        "status": 1,
        "fuel": 7285,
        "fault": 0.1759,
        "weapon": 1,
        "pilot_injury": 0.2481,
        "pilot_skill": 0.2382,
        "mission_priority": 0.927,
        "estimated_landing_time": 1134.0,
        "wait_time": 0,
        "Landing_success_rate": 1.0
    },
    {
        "model": 0,
        "sequence": 8,
        "status": 1,
        "fuel": 5585,
        "fault": 0.2257,
        "weapon": 1,
        "pilot_injury": 0.2102,
        "pilot_skill": 0.3843,
        "mission_priority": 0.0123,
        "estimated_landing_time": 758.0,
        "wait_time": 0,
        "Landing_success_rate": 1.0
    },
    {
        "model": 2,
        "sequence": 10,
        "status": 1,
        "fuel": 5730,
        "fault": 0.6028,
        "weapon": 0,
        "pilot_injury": 0.3573,
        "pilot_skill": 0.8425,
        "mission_priority": 0.7919,
        "estimated_landing_time": 946.0,
        "wait_time": 0,
        "Landing_success_rate": 1.0
    },
    {
        "model": 0,
        "sequence": 2,
        "status": 1,
        "fuel": 6627,
        "fault": 0.0236,
        "weapon": 1,
        "pilot_injury": 0.9111,
        "pilot_skill": 0.7705,
        "mission_priority": 0.5824,
        "estimated_landing_time": 194.0,
        "wait_time": 0,
        "Landing_success_rate": 1.0
    },
    {
        "model": 1,
        "sequence": 9,
        "status": 1,
        "fuel": 5850,
        "fault": 0.7282,
        "weapon": 0,
        "pilot_injury": 0.7226,
        "pilot_skill": 0.2267,
        "mission_priority": 0.8287,
        "estimated_landing_time": 852.0,
        "wait_time": 0,
        "Landing_success_rate": 1.0
    },
    {
        "model": 0,
        "sequence": 3,
        "status": 1,
        "fuel": 6232,
        "fault": 0.0672,
        "weapon": 0,
        "pilot_injury": 0.2103,
        "pilot_skill": 0.7235,
        "mission_priority": 0.5475,
        "estimated_landing_time": 288.0,
        "wait_time": 0,
        "Landing_success_rate": 1.0
    },
    {
        "model": 0,
        "sequence": 7,
        "status": 1,
        "fuel": 6708,
        "fault": 0.6162,
        "weapon": 0,
        "pilot_injury": 0.0594,
        "pilot_skill": 0.5439,
        "mission_priority": 0.5216,
        "estimated_landing_time": 664.0,
        "wait_time": 0,
        "Landing_success_rate": 1.0
    },
    {
        "model": 1,
        "sequence": 11,
        "status": 1,
        "fuel": 6354,
        "fault": 0.8688,
        "weapon": 1,
        "pilot_injury": 0.0697,
        "pilot_skill": 0.5695,
        "mission_priority": 0.2602,
        "estimated_landing_time": 1040.0,
        "wait_time": 0,
        "Landing_success_rate": 1.0
    },
    {
        "model": 2,
        "sequence": 6,
        "status": 1,
        "fuel": 7079,
        "fault": 0.8605,
        "weapon": 1,
        "pilot_injury": 0.4816,
        "pilot_skill": 0.8572,
        "mission_priority": 0.8401,
        "estimated_landing_time": 570.0,
        "wait_time": 0,
        "Landing_success_rate": 1.0
    },
    {
        "model": 1,
        "sequence": 4,
        "status": 1,
        "fuel": 5895,
        "fault": 0.8772,
        "weapon": 1,
        "pilot_injury": 0.8959,
        "pilot_skill": 0.3673,
        "mission_priority": 0.4084,
        "estimated_landing_time": 382.0,
        "wait_time": 0,
        "Landing_success_rate": 1.0
    },
    {
        "model": 0,
        "sequence": 5,
        "status": 1,
        "fuel": 6869,
        "fault": 0.4249,
        "weapon": 0,
        "pilot_injury": 0.9865,
        "pilot_skill": 0.5732,
        "mission_priority": 0.8311,
        "estimated_landing_time": 476.0,
        "wait_time": 0,
        "Landing_success_rate": 1.0
    },
    {
        "model": 1,
        "sequence": 1,
        "status": 1,
        "fuel": 5771,
        "fault": 0.0778,
        "weapon": 1,
        "pilot_injury": 0.0132,
        "pilot_skill": 0.9302,
        "mission_priority": 0.898,
        "estimated_landing_time": 100.0,
        "wait_time": 0,
        "Landing_success_rate": 1.0
    }
]