[
    {
        "model": 2,
        "sequence": 2,
        "status": 1,
        "fuel": 6474,
        "fault": 0.3702,
        "weapon": 0,
        "pilot_injury": 0.4453,
        "pilot_skill": 0.6322,
        "mission_priority": 0.6374,
        "estimated_landing_time": 194.0,
        "wait_time": 0,
        "Landing_success_rate": 1.0
    },
    {
        "model": 2,
        "sequence": 8,
        "status": 1,
        "fuel": 5862,
        "fault": 0.3502,
        "weapon": 1,
        "pilot_injury": 0.9474,
        "pilot_skill": 0.392,
        "mission_priority": 0.2169,
        "estimated_landing_time": 758.0,
        "wait_time": 0,
        "Landing_success_rate": 1.0
    },
    {
        "model": 2,
        "sequence": 7,
        "status": 1,
        "fuel": 7371,
        "fault": 0.9088,
        "weapon": 0,
        "pilot_injury": 0.0122,
        "pilot_skill": 0.2763,
        "mission_priority": 0.825,
        "estimated_landing_time": 664.0,
        "wait_time": 0,
        "Landing_success_rate": 1.0
    },
    {
        "model": 1,
        "sequence": 5,
        "status": 1,
        "fuel": 6127,
        "fault": 0.2023,
        "weapon": 1,
        "pilot_injury": 0.9309,
        "pilot_skill": 0.0895,
        "mission_priority": 0.6156,
        "estimated_landing_time": 476.0,
        "wait_time": 0,
        "Landing_success_rate": 1.0
    },
    {
        "model": 1,
        "sequence": 9,
        "status": 1,
        "fuel": 7042,
        "fault": 0.0415,
        "weapon": 0,
        "pilot_injury": 0.2137,
        "pilot_skill": 0.6279,
        "mission_priority": 0.0283,
        "estimated_landing_time": 852.0,
        "wait_time": 0,
        "Landing_success_rate": 1.0
    },
    {
        "model": 1,
        "sequence": 1,
        "status": 1,
        "fuel": 7116,
        "fault": 0.4123,
        "weapon": 1,
        "pilot_injury": 0.7951,
        "pilot_skill": 0.3456,
        "mission_priority": 0.1382,
        "estimated_landing_time": 100.0,
        "wait_time": 0,
        "Landing_success_rate": 1.0
    },
    {
        "model": 0,
        "sequence": 4,
        "status": 1,
        "fuel": 7147,
        "fault": 0.6934,
        "weapon": 0,
        "pilot_injury": 0.9717,
        "pilot_skill": 0.9899,
        "mission_priority": 0.4106,
        "estimated_landing_time": 382.0,
        "wait_time": 0,
        "Landing_success_rate": 1.0
    },
    {
        "model": 1,
        "sequence": 3,
        "status": 1,
        "fuel": 6788,
        "fault": 0.2322,
        "weapon": 0,
        "pilot_injury": 0.7935,
        "pilot_skill": 0.5113,
        "mission_priority": 0.3654,
        "estimated_landing_time": 288.0,
        "wait_time": 0,
        "Landing_success_rate": 1.0
    },
    {
        "model": 2,
        "sequence": 11,
        "status": 1,
        "fuel": 7276,
        "fault": 0.1477,
        "weapon": 0,
        "pilot_injury": 0.1846,
        "pilot_skill": 0.8068,
        "mission_priority": 0.0182,
        "estimated_landing_time": 1040.0,
        "wait_time": 0,
        "Landing_success_rate": 1.0
    },
    {
        "model": 0,
        "sequence": 12,
        "status": 1,
        "fuel": 6315,
        "fault": 0.38,
        "weapon": 0,
        "pilot_injury": 0.2267,
        "pilot_skill": 0.0029,
        "mission_priority": 0.5595,
        "estimated_landing_time": 1134.0,
        "wait_time": 0,
        "Landing_success_rate": 1.0
    },
    {
        "model": 0,
        "sequence": 10,
        "status": 1,
        "fuel": 5958,
        "fault": 0.5101,
        "weapon": 1,
        "pilot_injury": 0.2812,
        "pilot_skill": 0.088,
        "mission_priority": 0.5051,
        "estimated_landing_time": 946.0,
        "wait_time": 0,
        "Landing_success_rate": 1.0
    },
    {
        "model": 0,
        "sequence": 6,
        "status": 1,
        "fuel": 6318,
        "fault": 0.013,
        "weapon": 0,
        "pilot_injury": 0.458,
        "pilot_skill": 0.5897,
        "mission_priority": 0.5264,
        "estimated_landing_time": 570.0,
        "wait_time": 0,
        "Landing_success_rate": 1.0
    }
]