[
    {
        "model": 0,
        "sequence": 7,
        "status": 1,
        "fuel": 6996,
        "fault": 0.4793,
        "weapon": 0,
        "pilot_injury": 0.8713,
        "pilot_skill": 0.6541,
        "mission_priority": 0.2897,
        "estimated_landing_time": 664.0,
        "wait_time": 0,
        "Landing_success_rate": 1.0
    },
    {
        "model": 1,
        "sequence": 12,
        "status": 1,
        "fuel": 5663,
        "fault": 0.5132,
        "weapon": 0,
        "pilot_injury": 0.5744,
        "pilot_skill": 0.8432,
        "mission_priority": 0.2615,
        "estimated_landing_time": 1134.0,
        "wait_time": 0,
        "Landing_success_rate": 1.0
    },
    {
        "model": 0,
        "sequence": 5,
        "status": 1,
        "fuel": 7180,
        "fault": 0.4491,
        "weapon": 0,
        "pilot_injury": 0.5201,
        "pilot_skill": 0.496,
        "mission_priority": 0.2128,
        "estimated_landing_time": 476.0,
        "wait_time": 0,
        "Landing_success_rate": 1.0
    },
    {
        "model": 0,
        "sequence": 9,
        "status": 1,
        "fuel": 6348,
        "fault": 0.7251,
        "weapon": 0,
        "pilot_injury": 0.0617,
        "pilot_skill": 0.3849,
        "mission_priority": 0.4098,
        "estimated_landing_time": 852.0,
        "wait_time": 0,
        "Landing_success_rate": 1.0
    },
    {
        "model": 1,
        "sequence": 6,
        "status": 1,
        "fuel": 6823,
        "fault": 0.7573,
        "weapon": 1,
        "pilot_injury": 0.3388,
        "pilot_skill": 0.1634,
        "mission_priority": 0.4035,
        "estimated_landing_time": 570.0,
        "wait_time": 0,
        "Landing_success_rate": 1.0
    },
    {
        "model": 1,
        "sequence": 3,
        "status": 1,
        "fuel": 7079,
        "fault": 0.5346,
        "weapon": 0,
        "pilot_injury": 0.6845,
        "pilot_skill": 0.1418,
        "mission_priority": 0.3539,
        "estimated_landing_time": 288.0,
        "wait_time": 0,
        "Landing_success_rate": 1.0
    },
    {
        "model": 1,
        "sequence": 10,
        "status": 1,
        "fuel": 6194,
        "fault": 0.3357,
        "weapon": 1,
        "pilot_injury": 0.428,
        "pilot_skill": 0.6905,
        "mission_priority": 0.6025,
        "estimated_landing_time": 946.0,
        "wait_time": 0,
        "Landing_success_rate": 1.0
    },
    {
        "model": 0,
        "sequence": 8,
        "status": 1,
        "fuel": 6554,
        "fault": 0.2844,
        "weapon": 0,
        "pilot_injury": 0.3459,
        "pilot_skill": 0.0448,
        "mission_priority": 0.3004,
        "estimated_landing_time": 758.0,
        "wait_time": 0,
        "Landing_success_rate": 1.0
    },
    {
        "model": 1,
        "sequence": 1,
        "status": 1,
        "fuel": 7431,
        "fault": 0.1281,
        "weapon": 1,
        "pilot_injury": 0.62,
        "pilot_skill": 0.3468,
        "mission_priority": 0.6291,
        "estimated_landing_time": 100.0,
        "wait_time": 0,
        "Landing_success_rate": 1.0
    },
    {
        "model": 1,
        "sequence": 4,
        "status": 1,
        "fuel": 6309,
        "fault": 0.982,
        "weapon": 0,
        "pilot_injury": 0.2307,
        "pilot_skill": 0.0355,
        "mission_priority": 0.9242,
        "estimated_landing_time": 382.0,
        "wait_time": 0,
        "Landing_success_rate": 1.0
    },
    {
        "model": 2,
        "sequence": 11,
        "status": 1,
        "fuel": 7467,
        "fault": 0.1117,
        "weapon": 0,
        "pilot_injury": 0.034,
        "pilot_skill": 0.5284,
        "mission_priority": 0.6536,
        "estimated_landing_time": 1040.0,
        "wait_time": 0,
        "Landing_success_rate": 1.0
    },
    {
        "model": 2,
        "sequence": 2,
        "status": 1,
        "fuel": 6707,
        "fault": 0.4208,
        "weapon": 1,
        "pilot_injury": 0.9533,
        "pilot_skill": 0.2448,
        "mission_priority": 0.0697,
        "estimated_landing_time": 194.0,
        "wait_time": 0,
        "Landing_success_rate": 1.0
    }
]