[
    {
        "model": 0,
        "sequence": 3,
        "status": 1,
        "fuel": 5808,
        "fault": 0.7357,
        "weapon": 1,
        "pilot_injury": 0.5888,
        "pilot_skill": 0.7899,
        "mission_priority": 0.2308,
        "estimated_landing_time": 288.0,
        "wait_time": 0,
        "Landing_success_rate": 1.0
    },
    {
        "model": 2,
        "sequence": 9,
        "status": 1,
        "fuel": 5596,
        "fault": 0.9008,
        "weapon": 1,
        "pilot_injury": 0.3816,
        "pilot_skill": 0.5351,
        "mission_priority": 0.0134,
        "estimated_landing_time": 852.0,
        "wait_time": 0,
        "Landing_success_rate": 1.0
    },
    {
        "model": 1,
        "sequence": 2,
        "status": 1,
        "fuel": 6815,
        "fault": 0.0739,
        "weapon": 1,
        "pilot_injury": 0.8435,
        "pilot_skill": 0.0372,
        "mission_priority": 0.5245,
        "estimated_landing_time": 194.0,
        "wait_time": 0,
        "Landing_success_rate": 1.0
    },
    {
        "model": 1,
        "sequence": 12,
        "status": 1,
        "fuel": 6698,
        "fault": 0.4094,
        "weapon": 0,
        "pilot_injury": 0.897,
        "pilot_skill": 0.8869,
        "mission_priority": 0.1417,
        "estimated_landing_time": 1134.0,
        "wait_time": 0,
        "Landing_success_rate": 1.0
    },
    {
        "model": 2,
        "sequence": 6,
        "status": 1,
        "fuel": 7039,
        "fault": 0.4377,
        "weapon": 1,
        "pilot_injury": 0.2819,
        "pilot_skill": 0.8119,
        "mission_priority": 0.9751,
        "estimated_landing_time": 570.0,
        "wait_time": 0,
        "Landing_success_rate": 1.0
    },
    {
        "model": 0,
        "sequence": 1,
        "status": 1,
        "fuel": 6908,
        "fault": 0.4046,
        "weapon": 0,
        "pilot_injury": 0.9267,
        "pilot_skill": 0.8226,
        "mission_priority": 0.8677,
        "estimated_landing_time": 100.0,
        "wait_time": 0,
        "Landing_success_rate": 1.0
    },
    {
        "model": 2,
        "sequence": 5,
        "status": 1,
        "fuel": 7134,
        "fault": 0.2924,
        "weapon": 1,
        "pilot_injury": 0.2112,
        "pilot_skill": 0.021,
        "mission_priority": 0.0235,
        "estimated_landing_time": 476.0,
        "wait_time": 0,
        "Landing_success_rate": 1.0
    },
    {
        "model": 2,
        "sequence": 10,
        "status": 1,
        "fuel": 5739,
        "fault": 0.3855,
        "weapon": 1,
        "pilot_injury": 0.4959,
        "pilot_skill": 0.1313,
        "mission_priority": 0.9755,
        "estimated_landing_time": 946.0,
        "wait_time": 0,
        "Landing_success_rate": 1.0
    },
    {
        "model": 1,
        "sequence": 8,
        "status": 1,
        "fuel": 5975,
        "fault": 0.1744,
        "weapon": 0,
        "pilot_injury": 0.4434,
        "pilot_skill": 0.0086,
        "mission_priority": 0.6678,
        "estimated_landing_time": 758.0,
        "wait_time": 0,
        "Landing_success_rate": 1.0
    },
    {
        "model": 1,
        "sequence": 4,
        "status": 1,
        "fuel": 6280,
        "fault": 0.2499,
        "weapon": 0,
        "pilot_injury": 0.8181,
        "pilot_skill": 0.2411,
        "mission_priority": 0.8611,
        "estimated_landing_time": 382.0,
        "wait_time": 0,
        "Landing_success_rate": 1.0
    },
    {
        "model": 0,
        "sequence": 7,
        "status": 1,
        "fuel": 6117,
        "fault": 0.373,
        "weapon": 0,
        "pilot_injury": 0.3414,
        "pilot_skill": 0.1626,
        "mission_priority": 0.4752,
        "estimated_landing_time": 664.0,
        "wait_time": 0,
        "Landing_success_rate": 1.0
    },
    {
        "model": 0,
        "sequence": 11,
        "status": 1,
        "fuel": 5892,
        "fault": 0.4897,
        "weapon": 1,
        "pilot_injury": 0.2795,
        "pilot_skill": 0.4691,
        "mission_priority": 0.1127,
        "estimated_landing_time": 1040.0,
        "wait_time": 0,
        "Landing_success_rate": 1.0
    }
]