[
    {
        "model": 1,
        "sequence": 6,
        "status": 1,
        "fuel": 7156,
        "fault": 0.2244,
        "weapon": 1,
        "pilot_injury": 0.9736,
        "pilot_skill": 0.8933,
        "mission_priority": 0.6601,
        "estimated_landing_time": 570.0,
        "wait_time": 0,
        "Landing_success_rate": 1.0
    },
    {
        "model": 0,
        "sequence": 10,
        "status": 1,
        "fuel": 6905,
        "fault": 0.9726,
        "weapon": 0,
        "pilot_injury": 0.7294,
        "pilot_skill": 0.2856,
        "mission_priority": 0.5395,
        "estimated_landing_time": 946.0,
        "wait_time": 0,
        "Landing_success_rate": 1.0
    },
    {
        "model": 0,
        "sequence": 12,
        "status": 1,
        "fuel": 5577,
        "fault": 0.4684,
        "weapon": 0,
        "pilot_injury": 0.6948,
        "pilot_skill": 0.4349,
        "mission_priority": 0.4397,
        "estimated_landing_time": 1134.0,
        "wait_time": 0,
        "Landing_success_rate": 1.0
    },
    {
        "model": 0,
        "sequence": 7,
        "status": 1,
        "fuel": 5667,
        "fault": 0.255,
        "weapon": 1,
        "pilot_injury": 0.0575,
        "pilot_skill": 0.6183,
        "mission_priority": 0.4358,
        "estimated_landing_time": 664.0,
        "wait_time": 0,
        "Landing_success_rate": 1.0
    },
    {
        "model": 2,
        "sequence": 11,
        "status": 1,
        "fuel": 7227,
        "fault": 0.7257,
        "weapon": 1,
        "pilot_injury": 0.0715,
        "pilot_skill": 0.0321,
        "mission_priority": 0.1975,
        "estimated_landing_time": 1040.0,
        "wait_time": 0,
        "Landing_success_rate": 1.0
    },
    {
        "model": 1,
        "sequence": 3,
        "status": 1,
        "fuel": 6357,
        "fault": 0.5432,
        "weapon": 0,
        "pilot_injury": 0.6413,
        "pilot_skill": 0.4372,
        "mission_priority": 0.4122,
        "estimated_landing_time": 288.0,
        "wait_time": 0,
        "Landing_success_rate": 1.0
    },
    {
        "model": 0,
        "sequence": 4,
        "status": 1,
        "fuel": 6776,
        "fault": 0.0982,
        "weapon": 1,
        "pilot_injury": 0.3902,
        "pilot_skill": 0.3836,
        "mission_priority": 0.2186,
        "estimated_landing_time": 382.0,
        "wait_time": 0,
        "Landing_success_rate": 1.0
    },
    {
        "model": 1,
        "sequence": 2,
        "status": 1,
        "fuel": 6422,
        "fault": 0.5142,
        "weapon": 0,
        "pilot_injury": 0.6673,
        "pilot_skill": 0.0729,
        "mission_priority": 0.3823,
        "estimated_landing_time": 194.0,
        "wait_time": 0,
        "Landing_success_rate": 1.0
    },
    {
        "model": 2,
        "sequence": 1,
        "status": 1,
        "fuel": 5802,
        "fault": 0.0127,
        "weapon": 0,
        "pilot_injury": 0.8438,
        "pilot_skill": 0.9166,
        "mission_priority": 0.82,
        "estimated_landing_time": 100.0,
        "wait_time": 0,
        "Landing_success_rate": 1.0
    },
    {
        "model": 2,
        "sequence": 9,
        "status": 1,
        "fuel": 7177,
        "fault": 0.252,
        "weapon": 1,
        "pilot_injury": 0.5652,
        "pilot_skill": 0.3577,
        "mission_priority": 0.3723,
        "estimated_landing_time": 852.0,
        "wait_time": 0,
        "Landing_success_rate": 1.0
    },
    {
        "model": 0,
        "sequence": 8,
        "status": 1,
        "fuel": 5836,
        "fault": 0.4324,
        "weapon": 0,
        "pilot_injury": 0.1337,
        "pilot_skill": 0.0393,
        "mission_priority": 0.7896,
        "estimated_landing_time": 758.0,
        "wait_time": 0,
        "Landing_success_rate": 1.0
    },
    {
        "model": 0,
        "sequence": 5,
        "status": 1,
        "fuel": 5508,
        "fault": 0.202,
        "weapon": 1,
        "pilot_injury": 0.9767,
        "pilot_skill": 0.2514,
        "mission_priority": 0.1943,
        "estimated_landing_time": 476.0,
        "wait_time": 0,
        "Landing_success_rate": 1.0
    }
]