[
    {
        "model": 1,
        "sequence": 1,
        "status": 1,
        "fuel": 6166,
        "fault": 0.3776,
        "weapon": 1,
        "pilot_injury": 0.7729,
        "pilot_skill": 0.4922,
        "mission_priority": 0.613,
        "estimated_landing_time": 100.0,
        "wait_time": 0,
        "Landing_success_rate": 1.0
    },
    {
        "model": 2,
        "sequence": 6,
        "status": 1,
        "fuel": 6082,
        "fault": 0.829,
        "weapon": 1,
        "pilot_injury": 0.5162,
        "pilot_skill": 0.5709,
        "mission_priority": 0.6655,
        "estimated_landing_time": 570.0,
        "wait_time": 0,
        "Landing_success_rate": 1.0
    },
    {
        "model": 0,
        "sequence": 5,
        "status": 1,
        "fuel": 6803,
        "fault": 0.2473,
        "weapon": 0,
        "pilot_injury": 0.4996,
        "pilot_skill": 0.4968,
        "mission_priority": 0.7502,
        "estimated_landing_time": 476.0,
        "wait_time": 0,
        "Landing_success_rate": 1.0
    },
    {
        "model": 2,
        "sequence": 4,
        "status": 1,
        "fuel": 5936,
        "fault": 0.9004,
        "weapon": 0,
        "pilot_injury": 0.6121,
        "pilot_skill": 0.9527,
        "mission_priority": 0.257,
        "estimated_landing_time": 382.0,
        "wait_time": 0,
        "Landing_success_rate": 1.0
    },
    {
        "model": 1,
        "sequence": 2,
        "status": 1,
        "fuel": 6485,
        "fault": 0.5187,
        "weapon": 0,
        "pilot_injury": 0.643,
        "pilot_skill": 0.8909,
        "mission_priority": 0.771,
        "estimated_landing_time": 194.0,
        "wait_time": 0,
        "Landing_success_rate": 1.0
    },
    {
        "model": 0,
        "sequence": 12,
        "status": 1,
        "fuel": 7257,
        "fault": 0.4459,
        "weapon": 1,
        "pilot_injury": 0.1873,
        "pilot_skill": 0.4235,
        "mission_priority": 0.8478,
        "estimated_landing_time": 1134.0,
        "wait_time": 0,
        "Landing_success_rate": 1.0
    },
    {
        "model": 1,
        "sequence": 11,
        "status": 1,
        "fuel": 6169,
        "fault": 0.3099,
        "weapon": 0,
        "pilot_injury": 0.1422,
        "pilot_skill": 0.8347,
        "mission_priority": 0.5414,
        "estimated_landing_time": 1040.0,
        "wait_time": 0,
        "Landing_success_rate": 1.0
    },
    {
        "model": 0,
        "sequence": 9,
        "status": 1,
        "fuel": 6411,
        "fault": 0.6119,
        "weapon": 1,
        "pilot_injury": 0.2117,
        "pilot_skill": 0.1365,
        "mission_priority": 0.859,
        "estimated_landing_time": 852.0,
        "wait_time": 0,
        "Landing_success_rate": 1.0
    },
    {
        "model": 2,
        "sequence": 10,
        "status": 1,
        "fuel": 6104,
        "fault": 0.5453,
        "weapon": 0,
        "pilot_injury": 0.2771,
        "pilot_skill": 0.3168,
        "mission_priority": 0.2411,
        "estimated_landing_time": 946.0,
        "wait_time": 0,
        "Landing_success_rate": 1.0
    },
    {
        "model": 2,
        "sequence": 7,
        "status": 1,
        "fuel": 6988,
        "fault": 0.6669,
        "weapon": 0,
        "pilot_injury": 0.1996,
        "pilot_skill": 0.7819,
        "mission_priority": 0.0442,
        "estimated_landing_time": 664.0,
        "wait_time": 0,
        "Landing_success_rate": 1.0
    },
    {
        "model": 1,
        "sequence": 3,
        "status": 1,
        "fuel": 7434,
        "fault": 0.9346,
        "weapon": 1,
        "pilot_injury": 0.9996,
        "pilot_skill": 0.9494,
        "mission_priority": 0.1119,
        "estimated_landing_time": 288.0,
        "wait_time": 0,
        "Landing_success_rate": 1.0
    },
    {
        "model": 2,
        "sequence": 8,
        "status": 1,
        "fuel": 7346,
        "fault": 0.303,
        "weapon": 1,
        "pilot_injury": 0.1507,
        "pilot_skill": 0.7428,
        "mission_priority": 0.0011,
        "estimated_landing_time": 758.0,
        "wait_time": 0,
        "Landing_success_rate": 1.0
    }
]