[
    {
        "model": 0,
        "sequence": 9,
        "status": 1,
        "fuel": 6489,
        "fault": 0.3457,
        "weapon": 0,
        "pilot_injury": 0.6672,
        "pilot_skill": 0.5955,
        "mission_priority": 0.3524,
        "estimated_landing_time": 852.0,
        "wait_time": 0,
        "Landing_success_rate": 1.0
    },
    {
        "model": 0,
        "sequence": 3,
        "status": 1,
        "fuel": 6027,
        "fault": 0.3666,
        "weapon": 1,
        "pilot_injury": 0.8359,
        "pilot_skill": 0.4043,
        "mission_priority": 0.7672,
        "estimated_landing_time": 288.0,
        "wait_time": 0,
        "Landing_success_rate": 1.0
    },
    {
        "model": 0,
        "sequence": 1,
        "status": 1,
        "fuel": 6723,
        "fault": 0.0426,
        "weapon": 0,
        "pilot_injury": 0.5261,
        "pilot_skill": 0.3303,
        "mission_priority": 0.0547,
        "estimated_landing_time": 100.0,
        "wait_time": 0,
        "Landing_success_rate": 1.0
    },
    {
        "model": 1,
        "sequence": 6,
        "status": 1,
        "fuel": 5993,
        "fault": 0.9558,
        "weapon": 0,
        "pilot_injury": 0.3541,
        "pilot_skill": 0.3495,
        "mission_priority": 0.151,
        "estimated_landing_time": 570.0,
        "wait_time": 0,
        "Landing_success_rate": 1.0
    },
    {
        "model": 2,
        "sequence": 7,
        "status": 1,
        "fuel": 7276,
        "fault": 0.8362,
        "weapon": 1,
        "pilot_injury": 0.7783,
        "pilot_skill": 0.2493,
        "mission_priority": 0.2873,
        "estimated_landing_time": 664.0,
        "wait_time": 0,
        "Landing_success_rate": 1.0
    },
    {
        "model": 0,
        "sequence": 10,
        "status": 1,
        "fuel": 6512,
        "fault": 0.7509,
        "weapon": 1,
        "pilot_injury": 0.4343,
        "pilot_skill": 0.0803,
        "mission_priority": 0.4271,
        "estimated_landing_time": 946.0,
        "wait_time": 0,
        "Landing_success_rate": 1.0
    },
    {
        "model": 2,
        "sequence": 4,
        "status": 1,
        "fuel": 6348,
        "fault": 0.1349,
        "weapon": 1,
        "pilot_injury": 0.6607,
        "pilot_skill": 0.769,
        "mission_priority": 0.356,
        "estimated_landing_time": 382.0,
        "wait_time": 0,
        "Landing_success_rate": 1.0
    },
    {
        "model": 2,
        "sequence": 8,
        "status": 1,
        "fuel": 6790,
        "fault": 0.6709,
        "weapon": 0,
        "pilot_injury": 0.7877,
        "pilot_skill": 0.6446,
        "mission_priority": 0.038,
        "estimated_landing_time": 758.0,
        "wait_time": 0,
        "Landing_success_rate": 1.0
    },
    {
        "model": 1,
        "sequence": 11,
        "status": 1,
        "fuel": 5823,
        "fault": 0.2772,
        "weapon": 0,
        "pilot_injury": 0.3531,
        "pilot_skill": 0.4407,
        "mission_priority": 0.2874,
        "estimated_landing_time": 1040.0,
        "wait_time": 0,
        "Landing_success_rate": 1.0
    },
    {
        "model": 2,
        "sequence": 2,
        "status": 1,
        "fuel": 6353,
        "fault": 0.4747,
        "weapon": 0,
        "pilot_injury": 0.247,
        "pilot_skill": 0.7117,
        "mission_priority": 0.1383,
        "estimated_landing_time": 194.0,
        "wait_time": 0,
        "Landing_success_rate": 1.0
    },
    {
        "model": 0,
        "sequence": 12,
        "status": 1,
        "fuel": 5997,
        "fault": 0.7573,
        "weapon": 0,
        "pilot_injury": 0.575,
        "pilot_skill": 0.3218,
        "mission_priority": 0.478,
        "estimated_landing_time": 1134.0,
        "wait_time": 0,
        "Landing_success_rate": 1.0
    },
    {
        "model": 0,
        "sequence": 5,
        "status": 1,
        "fuel": 7040,
        "fault": 0.814,
        "weapon": 0,
        "pilot_injury": 0.8563,
        "pilot_skill": 0.5576,
        "mission_priority": 0.6651,
        "estimated_landing_time": 476.0,
        "wait_time": 0,
        "Landing_success_rate": 1.0
    }
]