[
    {
        "model": 1,
        "sequence": 9,
        "status": 1,
        "fuel": 6843,
        "fault": 0.7741,
        "weapon": 1,
        "pilot_injury": 0.0431,
        "pilot_skill": 0.9935,
        "mission_priority": 0.0268,
        "estimated_landing_time": 852.0,
        "wait_time": 0,
        "Landing_success_rate": 1.0
    },
    {
        "model": 0,
        "sequence": 5,
        "status": 1,
        "fuel": 7295,
        "fault": 0.9392,
        "weapon": 0,
        "pilot_injury": 0.8316,
        "pilot_skill": 0.2572,
        "mission_priority": 0.4719,
        "estimated_landing_time": 476.0,
        "wait_time": 0,
        "Landing_success_rate": 1.0
    },
    {
        "model": 1,
        "sequence": 3,
        "status": 1,
        "fuel": 5886,
        "fault": 0.546,
        "weapon": 1,
        "pilot_injury": 0.608,
        "pilot_skill": 0.1944,
        "mission_priority": 0.6943,
        "estimated_landing_time": 288.0,
        "wait_time": 0,
        "Landing_success_rate": 1.0
    },
    {
        "model": 1,
        "sequence": 12,
        "status": 1,
        "fuel": 6897,
        "fault": 0.1021,
        "weapon": 0,
        "pilot_injury": 0.1338,
        "pilot_skill": 0.4555,
        "mission_priority": 0.9471,
        "estimated_landing_time": 1134.0,
        "wait_time": 0,
        "Landing_success_rate": 1.0
    },
    {
        "model": 0,
        "sequence": 6,
        "status": 1,
        "fuel": 6614,
        "fault": 0.8931,
        "weapon": 0,
        "pilot_injury": 0.5025,
        "pilot_skill": 0.9224,
        "mission_priority": 0.44,
        "estimated_landing_time": 570.0,
        "wait_time": 0,
        "Landing_success_rate": 1.0
    },
    {
        "model": 1,
        "sequence": 10,
        "status": 1,
        "fuel": 5511,
        "fault": 0.8458,
        "weapon": 1,
        "pilot_injury": 0.1068,
        "pilot_skill": 0.1479,
        "mission_priority": 0.0467,
        "estimated_landing_time": 946.0,
        "wait_time": 0,
        "Landing_success_rate": 1.0
    },
    {
        "model": 2,
        "sequence": 7,
        "status": 1,
        "fuel": 6922,
        "fault": 0.725,
        "weapon": 1,
        "pilot_injury": 0.6502,
        "pilot_skill": 0.7389,
        "mission_priority": 0.6217,
        "estimated_landing_time": 664.0,
        "wait_time": 0,
        "Landing_success_rate": 1.0
    },
    {
        "model": 0,
        "sequence": 11,
        "status": 1,
        "fuel": 6814,
        "fault": 0.5735,
        "weapon": 0,
        "pilot_injury": 0.9256,
        "pilot_skill": 0.5148,
        "mission_priority": 0.4811,
        "estimated_landing_time": 1040.0,
        "wait_time": 0,
        "Landing_success_rate": 1.0
    },
    {
        "model": 1,
        "sequence": 8,
        "status": 1,
        "fuel": 6883,
        "fault": 0.6225,
        "weapon": 0,
        "pilot_injury": 0.8541,
        "pilot_skill": 0.8623,
        "mission_priority": 0.2327,
        "estimated_landing_time": 758.0,
        "wait_time": 0,
        "Landing_success_rate": 1.0
    },
    {
        "model": 2,
        "sequence": 1,
        "status": 1,
        "fuel": 6033,
        "fault": 0.0315,
        "weapon": 1,
        "pilot_injury": 0.4259,
        "pilot_skill": 0.0022,
        "mission_priority": 0.499,
        "estimated_landing_time": 100.0,
        "wait_time": 0,
        "Landing_success_rate": 1.0
    },
    {
        "model": 2,
        "sequence": 4,
        "status": 1,
        "fuel": 6309,
        "fault": 0.7761,
        "weapon": 0,
        "pilot_injury": 0.7435,
        "pilot_skill": 0.5494,
        "mission_priority": 0.7792,
        "estimated_landing_time": 382.0,
        "wait_time": 0,
        "Landing_success_rate": 1.0
    },
    {
        "model": 0,
        "sequence": 2,
        "status": 1,
        "fuel": 6465,
        "fault": 0.7118,
        "weapon": 0,
        "pilot_injury": 0.6185,
        "pilot_skill": 0.557,
        "mission_priority": 0.9536,
        "estimated_landing_time": 194.0,
        "wait_time": 0,
        "Landing_success_rate": 1.0
    }
]