[
    {
        "model": 2,
        "sequence": 10,
        "status": 1,
        "fuel": 6383,
        "fault": 0.4652,
        "weapon": 0,
        "pilot_injury": 0.7766,
        "pilot_skill": 0.9107,
        "mission_priority": 0.6526,
        "estimated_landing_time": 946.0,
        "wait_time": 0,
        "Landing_success_rate": 1.0
    },
    {
        "model": 1,
        "sequence": 2,
        "status": 1,
        "fuel": 7381,
        "fault": 0.0464,
        "weapon": 1,
        "pilot_injury": 0.4192,
        "pilot_skill": 0.8504,
        "mission_priority": 0.98,
        "estimated_landing_time": 194.0,
        "wait_time": 0,
        "Landing_success_rate": 1.0
    },
    {
        "model": 0,
        "sequence": 3,
        "status": 1,
        "fuel": 6420,
        "fault": 0.8623,
        "weapon": 1,
        "pilot_injury": 0.5201,
        "pilot_skill": 0.3761,
        "mission_priority": 0.8516,
        "estimated_landing_time": 288.0,
        "wait_time": 0,
        "Landing_success_rate": 1.0
    },
    {
        "model": 2,
        "sequence": 11,
        "status": 1,
        "fuel": 6775,
        "fault": 0.6395,
        "weapon": 1,
        "pilot_injury": 0.4441,
        "pilot_skill": 0.3568,
        "mission_priority": 0.4301,
        "estimated_landing_time": 1040.0,
        "wait_time": 0,
        "Landing_success_rate": 1.0
    },
    {
        "model": 1,
        "sequence": 9,
        "status": 1,
        "fuel": 5902,
        "fault": 0.4641,
        "weapon": 1,
        "pilot_injury": 0.6237,
        "pilot_skill": 0.6841,
        "mission_priority": 0.6366,
        "estimated_landing_time": 852.0,
        "wait_time": 0,
        "Landing_success_rate": 1.0
    },
    {
        "model": 1,
        "sequence": 8,
        "status": 1,
        "fuel": 5710,
        "fault": 0.1314,
        "weapon": 0,
        "pilot_injury": 0.8606,
        "pilot_skill": 0.4185,
        "mission_priority": 0.2175,
        "estimated_landing_time": 758.0,
        "wait_time": 0,
        "Landing_success_rate": 1.0
    },
    {
        "model": 0,
        "sequence": 1,
        "status": 1,
        "fuel": 6512,
        "fault": 0.3129,
        "weapon": 1,
        "pilot_injury": 0.8562,
        "pilot_skill": 0.7017,
        "mission_priority": 0.543,
        "estimated_landing_time": 100.0,
        "wait_time": 0,
        "Landing_success_rate": 1.0
    },
    {
        "model": 1,
        "sequence": 5,
        "status": 1,
        "fuel": 6327,
        "fault": 0.9525,
        "weapon": 0,
        "pilot_injury": 0.9716,
        "pilot_skill": 0.8161,
        "mission_priority": 0.7813,
        "estimated_landing_time": 476.0,
        "wait_time": 0,
        "Landing_success_rate": 1.0
    },
    {
        "model": 0,
        "sequence": 7,
        "status": 1,
        "fuel": 6587,
        "fault": 0.2454,
        "weapon": 0,
        "pilot_injury": 0.0195,
        "pilot_skill": 0.0434,
        "mission_priority": 0.0302,
        "estimated_landing_time": 664.0,
        "wait_time": 0,
        "Landing_success_rate": 1.0
    },
    {
        "model": 0,
        "sequence": 6,
        "status": 1,
        "fuel": 7153,
        "fault": 0.9937,
        "weapon": 0,
        "pilot_injury": 0.1421,
        "pilot_skill": 0.4841,
        "mission_priority": 0.4814,
        "estimated_landing_time": 570.0,
        "wait_time": 0,
        "Landing_success_rate": 1.0
    },
    {
        "model": 0,
        "sequence": 4,
        "status": 1,
        "fuel": 7174,
        "fault": 0.8646,
        "weapon": 1,
        "pilot_injury": 0.9572,
        "pilot_skill": 0.2164,
        "mission_priority": 0.9702,
        "estimated_landing_time": 382.0,
        "wait_time": 0,
        "Landing_success_rate": 1.0
    },
    {
        "model": 0,
        "sequence": 12,
        "status": 1,
        "fuel": 7372,
        "fault": 0.6529,
        "weapon": 1,
        "pilot_injury": 0.3157,
        "pilot_skill": 0.6118,
        "mission_priority": 0.7108,
        "estimated_landing_time": 1134.0,
        "wait_time": 0,
        "Landing_success_rate": 1.0
    }
]