[
    {
        "model": 1,
        "sequence": 8,
        "status": 1,
        "fuel": 5970,
        "fault": 0.6174,
        "weapon": 1,
        "pilot_injury": 0.7026,
        "pilot_skill": 0.78,
        "mission_priority": 0.8306,
        "estimated_landing_time": 758.0,
        "wait_time": 0,
        "Landing_success_rate": 1.0
    },
    {
        "model": 1,
        "sequence": 5,
        "status": 1,
        "fuel": 5642,
        "fault": 0.3115,
        "weapon": 1,
        "pilot_injury": 0.1349,
        "pilot_skill": 0.5107,
        "mission_priority": 0.6129,
        "estimated_landing_time": 476.0,
        "wait_time": 0,
        "Landing_success_rate": 1.0
    },
    {
        "model": 1,
        "sequence": 1,
        "status": 1,
        "fuel": 6439,
        "fault": 0.0858,
        "weapon": 0,
        "pilot_injury": 0.1947,
        "pilot_skill": 0.4206,
        "mission_priority": 0.8878,
        "estimated_landing_time": 100.0,
        "wait_time": 0,
        "Landing_success_rate": 1.0
    },
    {
        "model": 1,
        "sequence": 10,
        "status": 1,
        "fuel": 6321,
        "fault": 0.5515,
        "weapon": 0,
        "pilot_injury": 0.1741,
        "pilot_skill": 0.106,
        "mission_priority": 0.2396,
        "estimated_landing_time": 946.0,
        "wait_time": 0,
        "Landing_success_rate": 1.0
    },
    {
        "model": 0,
        "sequence": 7,
        "status": 1,
        "fuel": 7416,
        "fault": 0.8684,
        "weapon": 1,
        "pilot_injury": 0.8812,
        "pilot_skill": 0.4261,
        "mission_priority": 0.5188,
        "estimated_landing_time": 664.0,
        "wait_time": 0,
        "Landing_success_rate": 1.0
    },
    {
        "model": 1,
        "sequence": 12,
        "status": 1,
        "fuel": 6105,
        "fault": 0.3179,
        "weapon": 1,
        "pilot_injury": 0.0838,
        "pilot_skill": 0.699,
        "mission_priority": 0.4862,
        "estimated_landing_time": 1134.0,
        "wait_time": 0,
        "Landing_success_rate": 1.0
    },
    {
        "model": 1,
        "sequence": 3,
        "status": 1,
        "fuel": 7474,
        "fault": 0.6591,
        "weapon": 0,
        "pilot_injury": 0.5446,
        "pilot_skill": 0.0888,
        "mission_priority": 0.6404,
        "estimated_landing_time": 288.0,
        "wait_time": 0,
        "Landing_success_rate": 1.0
    },
    {
        "model": 0,
        "sequence": 9,
        "status": 1,
        "fuel": 6289,
        "fault": 0.0286,
        "weapon": 0,
        "pilot_injury": 0.6875,
        "pilot_skill": 0.1997,
        "mission_priority": 0.7567,
        "estimated_landing_time": 852.0,
        "wait_time": 0,
        "Landing_success_rate": 1.0
    },
    {
        "model": 1,
        "sequence": 6,
        "status": 1,
        "fuel": 5561,
        "fault": 0.4287,
        "weapon": 1,
        "pilot_injury": 0.2446,
        "pilot_skill": 0.3992,
        "mission_priority": 0.2501,
        "estimated_landing_time": 570.0,
        "wait_time": 0,
        "Landing_success_rate": 1.0
    },
    {
        "model": 0,
        "sequence": 11,
        "status": 1,
        "fuel": 5823,
        "fault": 0.1995,
        "weapon": 0,
        "pilot_injury": 0.0425,
        "pilot_skill": 0.2104,
        "mission_priority": 0.7224,
        "estimated_landing_time": 1040.0,
        "wait_time": 0,
        "Landing_success_rate": 1.0
    },
    {
        "model": 2,
        "sequence": 2,
        "status": 1,
        "fuel": 6598,
        "fault": 0.8405,
        "weapon": 1,
        "pilot_injury": 0.6601,
        "pilot_skill": 0.9306,
        "mission_priority": 0.0745,
        "estimated_landing_time": 194.0,
        "wait_time": 0,
        "Landing_success_rate": 1.0
    },
    {
        "model": 2,
        "sequence": 4,
        "status": 1,
        "fuel": 6312,
        "fault": 0.4751,
        "weapon": 1,
        "pilot_injury": 0.6677,
        "pilot_skill": 0.2265,
        "mission_priority": 0.1631,
        "estimated_landing_time": 382.0,
        "wait_time": 0,
        "Landing_success_rate": 1.0
    }
]