[
    {
        "model": 0,
        "sequence": 12,
        "status": 1,
        "fuel": 7171,
        "fault": 0.4732,
        "weapon": 0,
        "pilot_injury": 0.7051,
        "pilot_skill": 0.7811,
        "mission_priority": 0.6635,
        "estimated_landing_time": 1134.0,
        "wait_time": 0,
        "Landing_success_rate": 1.0
    },
    {
        "model": 2,
        "sequence": 11,
        "status": 1,
        "fuel": 6231,
        "fault": 0.488,
        "weapon": 1,
        "pilot_injury": 0.2715,
        "pilot_skill": 0.3824,
        "mission_priority": 0.6164,
        "estimated_landing_time": 1040.0,
        "wait_time": 0,
        "Landing_success_rate": 1.0
    },
    {
        "model": 2,
        "sequence": 7,
        "status": 1,
        "fuel": 6821,
        "fault": 0.0562,
        "weapon": 1,
        "pilot_injury": 0.4064,
        "pilot_skill": 0.5334,
        "mission_priority": 0.4865,
        "estimated_landing_time": 664.0,
        "wait_time": 0,
        "Landing_success_rate": 1.0
    },
    {
        "model": 0,
        "sequence": 4,
        "status": 1,
        "fuel": 6944,
        "fault": 0.0902,
        "weapon": 1,
        "pilot_injury": 0.9041,
        "pilot_skill": 0.3803,
        "mission_priority": 0.5254,
        "estimated_landing_time": 382.0,
        "wait_time": 0,
        "Landing_success_rate": 1.0
    },
    {
        "model": 0,
        "sequence": 3,
        "status": 1,
        "fuel": 6880,
        "fault": 0.1984,
        "weapon": 1,
        "pilot_injury": 0.8666,
        "pilot_skill": 0.3336,
        "mission_priority": 0.2532,
        "estimated_landing_time": 288.0,
        "wait_time": 0,
        "Landing_success_rate": 1.0
    },
    {
        "model": 1,
        "sequence": 9,
        "status": 1,
        "fuel": 6805,
        "fault": 0.183,
        "weapon": 0,
        "pilot_injury": 0.5316,
        "pilot_skill": 0.3037,
        "mission_priority": 0.3831,
        "estimated_landing_time": 852.0,
        "wait_time": 0,
        "Landing_success_rate": 1.0
    },
    {
        "model": 2,
        "sequence": 2,
        "status": 1,
        "fuel": 6930,
        "fault": 0.9008,
        "weapon": 1,
        "pilot_injury": 0.4461,
        "pilot_skill": 0.5775,
        "mission_priority": 0.7669,
        "estimated_landing_time": 194.0,
        "wait_time": 0,
        "Landing_success_rate": 1.0
    },
    {
        "model": 1,
        "sequence": 6,
        "status": 1,
        "fuel": 7290,
        "fault": 0.8596,
        "weapon": 0,
        "pilot_injury": 0.3009,
        "pilot_skill": 0.3482,
        "mission_priority": 0.1875,
        "estimated_landing_time": 570.0,
        "wait_time": 0,
        "Landing_success_rate": 1.0
    },
    {
        "model": 1,
        "sequence": 10,
        "status": 1,
        "fuel": 6350,
        "fault": 0.7259,
        "weapon": 1,
        "pilot_injury": 0.8082,
        "pilot_skill": 0.5459,
        "mission_priority": 0.3417,
        "estimated_landing_time": 946.0,
        "wait_time": 0,
        "Landing_success_rate": 1.0
    },
    {
        "model": 0,
        "sequence": 8,
        "status": 1,
        "fuel": 7077,
        "fault": 0.3338,
        "weapon": 0,
        "pilot_injury": 0.3544,
        "pilot_skill": 0.4661,
        "mission_priority": 0.0642,
        "estimated_landing_time": 758.0,
        "wait_time": 0,
        "Landing_success_rate": 1.0
    },
    {
        "model": 1,
        "sequence": 1,
        "status": 1,
        "fuel": 6768,
        "fault": 0.1807,
        "weapon": 1,
        "pilot_injury": 0.4335,
        "pilot_skill": 0.4226,
        "mission_priority": 0.6324,
        "estimated_landing_time": 100.0,
        "wait_time": 0,
        "Landing_success_rate": 1.0
    },
    {
        "model": 1,
        "sequence": 5,
        "status": 1,
        "fuel": 7252,
        "fault": 0.4954,
        "weapon": 0,
        "pilot_injury": 0.017,
        "pilot_skill": 0.621,
        "mission_priority": 0.8796,
        "estimated_landing_time": 476.0,
        "wait_time": 0,
        "Landing_success_rate": 1.0
    }
]