[
    {
        "model": 1,
        "sequence": 8,
        "status": 1,
        "fuel": 5853,
        "fault": 0.9039,
        "weapon": 1,
        "pilot_injury": 0.1694,
        "pilot_skill": 0.3601,
        "mission_priority": 0.1842,
        "estimated_landing_time": 758.0,
        "wait_time": 0,
        "Landing_success_rate": 1.0
    },
    {
        "model": 1,
        "sequence": 9,
        "status": 1,
        "fuel": 6450,
        "fault": 0.3246,
        "weapon": 1,
        "pilot_injury": 0.0481,
        "pilot_skill": 0.8305,
        "mission_priority": 0.8542,
        "estimated_landing_time": 852.0,
        "wait_time": 0,
        "Landing_success_rate": 1.0
    },
    {
        "model": 0,
        "sequence": 12,
        "status": 1,
        "fuel": 6319,
        "fault": 0.0739,
        "weapon": 0,
        "pilot_injury": 0.7509,
        "pilot_skill": 0.9375,
        "mission_priority": 0.5764,
        "estimated_landing_time": 1134.0,
        "wait_time": 0,
        "Landing_success_rate": 1.0
    },
    {
        "model": 0,
        "sequence": 4,
        "status": 1,
        "fuel": 7499,
        "fault": 0.8389,
        "weapon": 1,
        "pilot_injury": 0.3494,
        "pilot_skill": 0.0501,
        "mission_priority": 0.7499,
        "estimated_landing_time": 382.0,
        "wait_time": 0,
        "Landing_success_rate": 1.0
    },
    {
        "model": 2,
        "sequence": 3,
        "status": 1,
        "fuel": 5940,
        "fault": 0.2338,
        "weapon": 0,
        "pilot_injury": 0.2404,
        "pilot_skill": 0.8271,
        "mission_priority": 0.9583,
        "estimated_landing_time": 288.0,
        "wait_time": 0,
        "Landing_success_rate": 1.0
    },
    {
        "model": 2,
        "sequence": 7,
        "status": 1,
        "fuel": 7150,
        "fault": 0.9528,
        "weapon": 1,
        "pilot_injury": 0.1896,
        "pilot_skill": 0.6732,
        "mission_priority": 0.4287,
        "estimated_landing_time": 664.0,
        "wait_time": 0,
        "Landing_success_rate": 1.0
    },
    {
        "model": 1,
        "sequence": 2,
        "status": 1,
        "fuel": 5598,
        "fault": 0.8504,
        "weapon": 0,
        "pilot_injury": 0.4147,
        "pilot_skill": 0.3032,
        "mission_priority": 0.6112,
        "estimated_landing_time": 194.0,
        "wait_time": 0,
        "Landing_success_rate": 1.0
    },
    {
        "model": 2,
        "sequence": 1,
        "status": 1,
        "fuel": 6714,
        "fault": 0.4958,
        "weapon": 0,
        "pilot_injury": 0.3777,
        "pilot_skill": 0.3463,
        "mission_priority": 0.3056,
        "estimated_landing_time": 100.0,
        "wait_time": 0,
        "Landing_success_rate": 1.0
    },
    {
        "model": 0,
        "sequence": 10,
        "status": 1,
        "fuel": 6031,
        "fault": 0.6184,
        "weapon": 0,
        "pilot_injury": 0.8517,
        "pilot_skill": 0.2416,
        "mission_priority": 0.0401,
        "estimated_landing_time": 946.0,
        "wait_time": 0,
        "Landing_success_rate": 1.0
    },
    {
        "model": 0,
        "sequence": 11,
        "status": 1,
        "fuel": 7380,
        "fault": 0.1749,
        "weapon": 0,
        "pilot_injury": 0.1797,
        "pilot_skill": 0.0835,
        "mission_priority": 0.4453,
        "estimated_landing_time": 1040.0,
        "wait_time": 0,
        "Landing_success_rate": 1.0
    },
    {
        "model": 0,
        "sequence": 5,
        "status": 1,
        "fuel": 7124,
        "fault": 0.3556,
        "weapon": 0,
        "pilot_injury": 0.3987,
        "pilot_skill": 0.478,
        "mission_priority": 0.7555,
        "estimated_landing_time": 476.0,
        "wait_time": 0,
        "Landing_success_rate": 1.0
    },
    {
        "model": 0,
        "sequence": 6,
        "status": 1,
        "fuel": 7397,
        "fault": 0.6318,
        "weapon": 0,
        "pilot_injury": 0.9674,
        "pilot_skill": 0.8805,
        "mission_priority": 0.4536,
        "estimated_landing_time": 570.0,
        "wait_time": 0,
        "Landing_success_rate": 1.0
    }
]