[
    {
        "model": 1,
        "sequence": 1,
        "status": 1,
        "fuel": 6056,
        "fault": 0.9263,
        "weapon": 0,
        "pilot_injury": 0.7862,
        "pilot_skill": 0.2114,
        "mission_priority": 0.7647,
        "estimated_landing_time": 100.0,
        "wait_time": 0,
        "Landing_success_rate": 1.0
    },
    {
        "model": 2,
        "sequence": 6,
        "status": 1,
        "fuel": 6684,
        "fault": 0.8728,
        "weapon": 1,
        "pilot_injury": 0.5018,
        "pilot_skill": 0.9311,
        "mission_priority": 0.5065,
        "estimated_landing_time": 570.0,
        "wait_time": 0,
        "Landing_success_rate": 1.0
    },
    {
        "model": 1,
        "sequence": 5,
        "status": 1,
        "fuel": 6863,
        "fault": 0.4538,
        "weapon": 1,
        "pilot_injury": 0.7281,
        "pilot_skill": 0.9468,
        "mission_priority": 0.4995,
        "estimated_landing_time": 476.0,
        "wait_time": 0,
        "Landing_success_rate": 1.0
    },
    {
        "model": 2,
        "sequence": 10,
        "status": 1,
        "fuel": 5547,
        "fault": 0.2494,
        "weapon": 1,
        "pilot_injury": 0.9163,
        "pilot_skill": 0.1768,
        "mission_priority": 0.4037,
        "estimated_landing_time": 946.0,
        "wait_time": 0,
        "Landing_success_rate": 1.0
    },
    {
        "model": 1,
        "sequence": 8,
        "status": 1,
        "fuel": 6461,
        "fault": 0.4219,
        "weapon": 0,
        "pilot_injury": 0.5404,
        "pilot_skill": 0.9442,
        "mission_priority": 0.4125,
        "estimated_landing_time": 758.0,
        "wait_time": 0,
        "Landing_success_rate": 1.0
    },
    {
        "model": 2,
        "sequence": 12,
        "status": 1,
        "fuel": 5885,
        "fault": 0.5439,
        "weapon": 1,
        "pilot_injury": 0.3214,
        "pilot_skill": 0.6742,
        "mission_priority": 0.7572,
        "estimated_landing_time": 1134.0,
        "wait_time": 0,
        "Landing_success_rate": 1.0
    },
    {
        "model": 0,
        "sequence": 4,
        "status": 1,
        "fuel": 7449,
        "fault": 0.6995,
        "weapon": 0,
        "pilot_injury": 0.5029,
        "pilot_skill": 0.3568,
        "mission_priority": 0.2665,
        "estimated_landing_time": 382.0,
        "wait_time": 0,
        "Landing_success_rate": 1.0
    },
    {
        "model": 2,
        "sequence": 7,
        "status": 1,
        "fuel": 6416,
        "fault": 0.7081,
        "weapon": 0,
        "pilot_injury": 0.8565,
        "pilot_skill": 0.1953,
        "mission_priority": 0.9394,
        "estimated_landing_time": 664.0,
        "wait_time": 0,
        "Landing_success_rate": 1.0
    },
    {
        "model": 0,
        "sequence": 11,
        "status": 1,
        "fuel": 6482,
        "fault": 0.1996,
        "weapon": 1,
        "pilot_injury": 0.3898,
        "pilot_skill": 0.4856,
        "mission_priority": 0.5934,
        "estimated_landing_time": 1040.0,
        "wait_time": 0,
        "Landing_success_rate": 1.0
    },
    {
        "model": 0,
        "sequence": 2,
        "status": 1,
        "fuel": 6246,
        "fault": 0.9221,
        "weapon": 0,
        "pilot_injury": 0.078,
        "pilot_skill": 0.9041,
        "mission_priority": 0.9375,
        "estimated_landing_time": 194.0,
        "wait_time": 0,
        "Landing_success_rate": 1.0
    },
    {
        "model": 0,
        "sequence": 3,
        "status": 1,
        "fuel": 5521,
        "fault": 0.3726,
        "weapon": 0,
        "pilot_injury": 0.8184,
        "pilot_skill": 0.5486,
        "mission_priority": 0.8172,
        "estimated_landing_time": 288.0,
        "wait_time": 0,
        "Landing_success_rate": 1.0
    },
    {
        "model": 2,
        "sequence": 9,
        "status": 1,
        "fuel": 6508,
        "fault": 0.5068,
        "weapon": 0,
        "pilot_injury": 0.607,
        "pilot_skill": 0.4831,
        "mission_priority": 0.9461,
        "estimated_landing_time": 852.0,
        "wait_time": 0,
        "Landing_success_rate": 1.0
    }
]