[
    {
        "model": 0,
        "sequence": 10,
        "status": 1,
        "fuel": 6994,
        "fault": 0.9265,
        "weapon": 0,
        "pilot_injury": 0.0068,
        "pilot_skill": 0.1334,
        "mission_priority": 0.5787,
        "estimated_landing_time": 946.0,
        "wait_time": 0,
        "Landing_success_rate": 1.0
    },
    {
        "model": 1,
        "sequence": 8,
        "status": 1,
        "fuel": 5839,
        "fault": 0.9861,
        "weapon": 1,
        "pilot_injury": 0.9232,
        "pilot_skill": 0.3325,
        "mission_priority": 0.5372,
        "estimated_landing_time": 758.0,
        "wait_time": 0,
        "Landing_success_rate": 1.0
    },
    {
        "model": 0,
        "sequence": 9,
        "status": 1,
        "fuel": 6434,
        "fault": 0.7095,
        "weapon": 1,
        "pilot_injury": 0.4776,
        "pilot_skill": 0.3371,
        "mission_priority": 0.9088,
        "estimated_landing_time": 852.0,
        "wait_time": 0,
        "Landing_success_rate": 1.0
    },
    {
        "model": 1,
        "sequence": 3,
        "status": 1,
        "fuel": 7472,
        "fault": 0.5683,
        "weapon": 1,
        "pilot_injury": 0.6565,
        "pilot_skill": 0.0677,
        "mission_priority": 0.7813,
        "estimated_landing_time": 288.0,
        "wait_time": 0,
        "Landing_success_rate": 1.0
    },
    {
        "model": 0,
        "sequence": 12,
        "status": 1,
        "fuel": 6991,
        "fault": 0.7431,
        "weapon": 1,
        "pilot_injury": 0.772,
        "pilot_skill": 0.8741,
        "mission_priority": 0.3922,
        "estimated_landing_time": 1134.0,
        "wait_time": 0,
        "Landing_success_rate": 1.0
    },
    {
        "model": 0,
        "sequence": 2,
        "status": 1,
        "fuel": 7182,
        "fault": 0.6271,
        "weapon": 1,
        "pilot_injury": 0.6603,
        "pilot_skill": 0.1027,
        "mission_priority": 0.02,
        "estimated_landing_time": 194.0,
        "wait_time": 0,
        "Landing_success_rate": 1.0
    },
    {
        "model": 0,
        "sequence": 1,
        "status": 1,
        "fuel": 7197,
        "fault": 0.213,
        "weapon": 1,
        "pilot_injury": 0.0311,
        "pilot_skill": 0.6305,
        "mission_priority": 0.3165,
        "estimated_landing_time": 100.0,
        "wait_time": 0,
        "Landing_success_rate": 1.0
    },
    {
        "model": 2,
        "sequence": 6,
        "status": 1,
        "fuel": 6607,
        "fault": 0.7622,
        "weapon": 1,
        "pilot_injury": 0.2167,
        "pilot_skill": 0.408,
        "mission_priority": 0.3827,
        "estimated_landing_time": 570.0,
        "wait_time": 0,
        "Landing_success_rate": 1.0
    },
    {
        "model": 0,
        "sequence": 5,
        "status": 1,
        "fuel": 5765,
        "fault": 0.2391,
        "weapon": 0,
        "pilot_injury": 0.2844,
        "pilot_skill": 0.721,
        "mission_priority": 0.22,
        "estimated_landing_time": 476.0,
        "wait_time": 0,
        "Landing_success_rate": 1.0
    },
    {
        "model": 0,
        "sequence": 11,
        "status": 1,
        "fuel": 6364,
        "fault": 0.0257,
        "weapon": 0,
        "pilot_injury": 0.9009,
        "pilot_skill": 0.3418,
        "mission_priority": 0.0086,
        "estimated_landing_time": 1040.0,
        "wait_time": 0,
        "Landing_success_rate": 1.0
    },
    {
        "model": 2,
        "sequence": 7,
        "status": 1,
        "fuel": 6393,
        "fault": 0.5889,
        "weapon": 0,
        "pilot_injury": 0.1198,
        "pilot_skill": 0.235,
        "mission_priority": 0.7835,
        "estimated_landing_time": 664.0,
        "wait_time": 0,
        "Landing_success_rate": 1.0
    },
    {
        "model": 2,
        "sequence": 4,
        "status": 1,
        "fuel": 6641,
        "fault": 0.2724,
        "weapon": 0,
        "pilot_injury": 0.5304,
        "pilot_skill": 0.6887,
        "mission_priority": 0.0375,
        "estimated_landing_time": 382.0,
        "wait_time": 0,
        "Landing_success_rate": 1.0
    }
]