[
    {
        "model": 1,
        "sequence": 4,
        "status": 1,
        "fuel": 7463,
        "fault": 0.0282,
        "weapon": 1,
        "pilot_injury": 0.1829,
        "pilot_skill": 0.0787,
        "mission_priority": 0.9426,
        "estimated_landing_time": 382.0,
        "wait_time": 0,
        "Landing_success_rate": 1.0
    },
    {
        "model": 1,
        "sequence": 2,
        "status": 1,
        "fuel": 6593,
        "fault": 0.5177,
        "weapon": 1,
        "pilot_injury": 0.6376,
        "pilot_skill": 0.98,
        "mission_priority": 0.7534,
        "estimated_landing_time": 194.0,
        "wait_time": 0,
        "Landing_success_rate": 1.0
    },
    {
        "model": 0,
        "sequence": 8,
        "status": 1,
        "fuel": 6914,
        "fault": 0.9598,
        "weapon": 0,
        "pilot_injury": 0.1479,
        "pilot_skill": 0.6922,
        "mission_priority": 0.5004,
        "estimated_landing_time": 758.0,
        "wait_time": 0,
        "Landing_success_rate": 1.0
    },
    {
        "model": 0,
        "sequence": 7,
        "status": 1,
        "fuel": 7373,
        "fault": 0.6419,
        "weapon": 0,
        "pilot_injury": 0.8037,
        "pilot_skill": 0.835,
        "mission_priority": 0.8472,
        "estimated_landing_time": 664.0,
        "wait_time": 0,
        "Landing_success_rate": 1.0
    },
    {
        "model": 1,
        "sequence": 3,
        "status": 1,
        "fuel": 6105,
        "fault": 0.1587,
        "weapon": 0,
        "pilot_injury": 0.7196,
        "pilot_skill": 0.839,
        "mission_priority": 0.9892,
        "estimated_landing_time": 288.0,
        "wait_time": 0,
        "Landing_success_rate": 1.0
    },
    {
        "model": 1,
        "sequence": 11,
        "status": 1,
        "fuel": 6357,
        "fault": 0.1947,
        "weapon": 1,
        "pilot_injury": 0.8065,
        "pilot_skill": 0.0863,
        "mission_priority": 0.5408,
        "estimated_landing_time": 1040.0,
        "wait_time": 0,
        "Landing_success_rate": 1.0
    },
    {
        "model": 2,
        "sequence": 6,
        "status": 1,
        "fuel": 5951,
        "fault": 0.019,
        "weapon": 0,
        "pilot_injury": 0.9777,
        "pilot_skill": 0.9194,
        "mission_priority": 0.1632,
        "estimated_landing_time": 570.0,
        "wait_time": 0,
        "Landing_success_rate": 1.0
    },
    {
        "model": 0,
        "sequence": 12,
        "status": 1,
        "fuel": 7186,
        "fault": 0.1272,
        "weapon": 1,
        "pilot_injury": 0.4425,
        "pilot_skill": 0.9843,
        "mission_priority": 0.0596,
        "estimated_landing_time": 1134.0,
        "wait_time": 0,
        "Landing_success_rate": 1.0
    },
    {
        "model": 2,
        "sequence": 10,
        "status": 1,
        "fuel": 6360,
        "fault": 0.6727,
        "weapon": 1,
        "pilot_injury": 0.5273,
        "pilot_skill": 0.7797,
        "mission_priority": 0.2467,
        "estimated_landing_time": 946.0,
        "wait_time": 0,
        "Landing_success_rate": 1.0
    },
    {
        "model": 2,
        "sequence": 9,
        "status": 1,
        "fuel": 7067,
        "fault": 0.6161,
        "weapon": 1,
        "pilot_injury": 0.7615,
        "pilot_skill": 0.5727,
        "mission_priority": 0.222,
        "estimated_landing_time": 852.0,
        "wait_time": 0,
        "Landing_success_rate": 1.0
    },
    {
        "model": 2,
        "sequence": 5,
        "status": 1,
        "fuel": 5789,
        "fault": 0.5243,
        "weapon": 0,
        "pilot_injury": 0.8205,
        "pilot_skill": 0.2446,
        "mission_priority": 0.6621,
        "estimated_landing_time": 476.0,
        "wait_time": 0,
        "Landing_success_rate": 1.0
    },
    {
        "model": 2,
        "sequence": 1,
        "status": 1,
        "fuel": 6961,
        "fault": 0.756,
        "weapon": 1,
        "pilot_injury": 0.5487,
        "pilot_skill": 0.2244,
        "mission_priority": 0.0789,
        "estimated_landing_time": 100.0,
        "wait_time": 0,
        "Landing_success_rate": 1.0
    }
]