[
    {
        "model": 2,
        "sequence": 9,
        "status": 1,
        "fuel": 5821,
        "fault": 0.743,
        "weapon": 1,
        "pilot_injury": 0.7722,
        "pilot_skill": 0.0613,
        "mission_priority": 0.6467,
        "estimated_landing_time": 852.0,
        "wait_time": 0,
        "Landing_success_rate": 1.0
    },
    {
        "model": 0,
        "sequence": 12,
        "status": 1,
        "fuel": 6466,
        "fault": 0.8078,
        "weapon": 0,
        "pilot_injury": 0.7459,
        "pilot_skill": 0.2825,
        "mission_priority": 0.6005,
        "estimated_landing_time": 1134.0,
        "wait_time": 0,
        "Landing_success_rate": 1.0
    },
    {
        "model": 1,
        "sequence": 11,
        "status": 1,
        "fuel": 7279,
        "fault": 0.3879,
        "weapon": 0,
        "pilot_injury": 0.6386,
        "pilot_skill": 0.8511,
        "mission_priority": 0.0672,
        "estimated_landing_time": 1040.0,
        "wait_time": 0,
        "Landing_success_rate": 1.0
    },
    {
        "model": 1,
        "sequence": 2,
        "status": 1,
        "fuel": 7435,
        "fault": 0.0865,
        "weapon": 1,
        "pilot_injury": 0.2182,
        "pilot_skill": 0.6118,
        "mission_priority": 0.2145,
        "estimated_landing_time": 194.0,
        "wait_time": 0,
        "Landing_success_rate": 1.0
    },
    {
        "model": 2,
        "sequence": 6,
        "status": 1,
        "fuel": 6325,
        "fault": 0.9443,
        "weapon": 0,
        "pilot_injury": 0.8622,
        "pilot_skill": 0.6851,
        "mission_priority": 0.8187,
        "estimated_landing_time": 570.0,
        "wait_time": 0,
        "Landing_success_rate": 1.0
    },
    {
        "model": 1,
        "sequence": 5,
        "status": 1,
        "fuel": 6186,
        "fault": 0.9931,
        "weapon": 0,
        "pilot_injury": 0.377,
        "pilot_skill": 0.8524,
        "mission_priority": 0.4712,
        "estimated_landing_time": 476.0,
        "wait_time": 0,
        "Landing_success_rate": 1.0
    },
    {
        "model": 1,
        "sequence": 4,
        "status": 1,
        "fuel": 5886,
        "fault": 0.8562,
        "weapon": 0,
        "pilot_injury": 0.5677,
        "pilot_skill": 0.079,
        "mission_priority": 0.9301,
        "estimated_landing_time": 382.0,
        "wait_time": 0,
        "Landing_success_rate": 1.0
    },
    {
        "model": 1,
        "sequence": 1,
        "status": 1,
        "fuel": 5932,
        "fault": 0.6276,
        "weapon": 0,
        "pilot_injury": 0.2333,
        "pilot_skill": 0.003,
        "mission_priority": 0.6926,
        "estimated_landing_time": 100.0,
        "wait_time": 0,
        "Landing_success_rate": 1.0
    },
    {
        "model": 1,
        "sequence": 7,
        "status": 1,
        "fuel": 5887,
        "fault": 0.6406,
        "weapon": 0,
        "pilot_injury": 0.041,
        "pilot_skill": 0.9287,
        "mission_priority": 0.3309,
        "estimated_landing_time": 664.0,
        "wait_time": 0,
        "Landing_success_rate": 1.0
    },
    {
        "model": 1,
        "sequence": 3,
        "status": 1,
        "fuel": 6098,
        "fault": 0.4508,
        "weapon": 0,
        "pilot_injury": 0.7439,
        "pilot_skill": 0.5794,
        "mission_priority": 0.3582,
        "estimated_landing_time": 288.0,
        "wait_time": 0,
        "Landing_success_rate": 1.0
    },
    {
        "model": 0,
        "sequence": 8,
        "status": 1,
        "fuel": 6803,
        "fault": 0.5706,
        "weapon": 0,
        "pilot_injury": 0.0264,
        "pilot_skill": 0.5013,
        "mission_priority": 0.6042,
        "estimated_landing_time": 758.0,
        "wait_time": 0,
        "Landing_success_rate": 1.0
    },
    {
        "model": 1,
        "sequence": 10,
        "status": 1,
        "fuel": 6819,
        "fault": 0.067,
        "weapon": 0,
        "pilot_injury": 0.2601,
        "pilot_skill": 0.3224,
        "mission_priority": 0.3411,
        "estimated_landing_time": 946.0,
        "wait_time": 0,
        "Landing_success_rate": 1.0
    }
]