[
    {
        "model": 2,
        "sequence": 4,
        "status": 1,
        "fuel": 5610,
        "fault": 0.0224,
        "weapon": 0,
        "pilot_injury": 0.4088,
        "pilot_skill": 0.8459,
        "mission_priority": 0.5347,
        "estimated_landing_time": 382.0,
        "wait_time": 0,
        "Landing_success_rate": 1.0
    },
    {
        "model": 0,
        "sequence": 10,
        "status": 1,
        "fuel": 5510,
        "fault": 0.5843,
        "weapon": 0,
        "pilot_injury": 0.4618,
        "pilot_skill": 0.1034,
        "mission_priority": 0.5711,
        "estimated_landing_time": 946.0,
        "wait_time": 0,
        "Landing_success_rate": 1.0
    },
    {
        "model": 2,
        "sequence": 2,
        "status": 1,
        "fuel": 7055,
        "fault": 0.7303,
        "weapon": 0,
        "pilot_injury": 0.894,
        "pilot_skill": 0.9998,
        "mission_priority": 0.5503,
        "estimated_landing_time": 194.0,
        "wait_time": 0,
        "Landing_success_rate": 1.0
    },
    {
        "model": 2,
        "sequence": 1,
        "status": 1,
        "fuel": 6145,
        "fault": 0.6102,
        "weapon": 0,
        "pilot_injury": 0.6961,
        "pilot_skill": 0.1825,
        "mission_priority": 0.4117,
        "estimated_landing_time": 100.0,
        "wait_time": 0,
        "Landing_success_rate": 1.0
    },
    {
        "model": 2,
        "sequence": 7,
        "status": 1,
        "fuel": 6901,
        "fault": 0.3832,
        "weapon": 1,
        "pilot_injury": 0.1761,
        "pilot_skill": 0.7361,
        "mission_priority": 0.1988,
        "estimated_landing_time": 664.0,
        "wait_time": 0,
        "Landing_success_rate": 1.0
    },
    {
        "model": 2,
        "sequence": 8,
        "status": 1,
        "fuel": 6711,
        "fault": 0.5263,
        "weapon": 1,
        "pilot_injury": 0.1618,
        "pilot_skill": 0.8496,
        "mission_priority": 0.6106,
        "estimated_landing_time": 758.0,
        "wait_time": 0,
        "Landing_success_rate": 1.0
    },
    {
        "model": 1,
        "sequence": 11,
        "status": 1,
        "fuel": 6940,
        "fault": 0.4598,
        "weapon": 1,
        "pilot_injury": 0.5196,
        "pilot_skill": 0.6161,
        "mission_priority": 0.3709,
        "estimated_landing_time": 1040.0,
        "wait_time": 0,
        "Landing_success_rate": 1.0
    },
    {
        "model": 1,
        "sequence": 3,
        "status": 1,
        "fuel": 6155,
        "fault": 0.9692,
        "weapon": 0,
        "pilot_injury": 0.9535,
        "pilot_skill": 0.8829,
        "mission_priority": 0.1292,
        "estimated_landing_time": 288.0,
        "wait_time": 0,
        "Landing_success_rate": 1.0
    },
    {
        "model": 2,
        "sequence": 5,
        "status": 1,
        "fuel": 6720,
        "fault": 0.8991,
        "weapon": 0,
        "pilot_injury": 0.0492,
        "pilot_skill": 0.0604,
        "mission_priority": 0.1593,
        "estimated_landing_time": 476.0,
        "wait_time": 0,
        "Landing_success_rate": 1.0
    },
    {
        "model": 1,
        "sequence": 6,
        "status": 1,
        "fuel": 5970,
        "fault": 0.6576,
        "weapon": 0,
        "pilot_injury": 0.5194,
        "pilot_skill": 0.9923,
        "mission_priority": 0.3852,
        "estimated_landing_time": 570.0,
        "wait_time": 0,
        "Landing_success_rate": 1.0
    },
    {
        "model": 0,
        "sequence": 12,
        "status": 1,
        "fuel": 5819,
        "fault": 0.0798,
        "weapon": 1,
        "pilot_injury": 0.2152,
        "pilot_skill": 0.9405,
        "mission_priority": 0.2593,
        "estimated_landing_time": 1134.0,
        "wait_time": 0,
        "Landing_success_rate": 1.0
    },
    {
        "model": 1,
        "sequence": 9,
        "status": 1,
        "fuel": 6223,
        "fault": 0.557,
        "weapon": 1,
        "pilot_injury": 0.8127,
        "pilot_skill": 0.6483,
        "mission_priority": 0.9335,
        "estimated_landing_time": 852.0,
        "wait_time": 0,
        "Landing_success_rate": 1.0
    }
]