[
    {
        "model": 1,
        "sequence": 5,
        "status": 1,
        "fuel": 6892,
        "fault": 0.5914,
        "weapon": 1,
        "pilot_injury": 0.3661,
        "pilot_skill": 0.2739,
        "mission_priority": 0.1983,
        "estimated_landing_time": 476.0,
        "wait_time": 0,
        "Landing_success_rate": 1.0
    },
    {
        "model": 2,
        "sequence": 6,
        "status": 1,
        "fuel": 7295,
        "fault": 0.549,
        "weapon": 0,
        "pilot_injury": 0.6109,
        "pilot_skill": 0.6881,
        "mission_priority": 0.7029,
        "estimated_landing_time": 570.0,
        "wait_time": 0,
        "Landing_success_rate": 1.0
    },
    {
        "model": 2,
        "sequence": 1,
        "status": 1,
        "fuel": 5926,
        "fault": 0.1691,
        "weapon": 1,
        "pilot_injury": 0.8805,
        "pilot_skill": 0.9576,
        "mission_priority": 0.3888,
        "estimated_landing_time": 100.0,
        "wait_time": 0,
        "Landing_success_rate": 1.0
    },
    {
        "model": 0,
        "sequence": 7,
        "status": 1,
        "fuel": 6963,
        "fault": 0.4058,
        "weapon": 1,
        "pilot_injury": 0.34,
        "pilot_skill": 0.1066,
        "mission_priority": 0.6826,
        "estimated_landing_time": 664.0,
        "wait_time": 0,
        "Landing_success_rate": 1.0
    },
    {
        "model": 1,
        "sequence": 10,
        "status": 1,
        "fuel": 6025,
        "fault": 0.924,
        "weapon": 0,
        "pilot_injury": 0.5004,
        "pilot_skill": 0.6799,
        "mission_priority": 0.9262,
        "estimated_landing_time": 946.0,
        "wait_time": 0,
        "Landing_success_rate": 1.0
    },
    {
        "model": 2,
        "sequence": 9,
        "status": 1,
        "fuel": 6608,
        "fault": 0.9783,
        "weapon": 0,
        "pilot_injury": 0.31,
        "pilot_skill": 0.6873,
        "mission_priority": 0.4378,
        "estimated_landing_time": 852.0,
        "wait_time": 0,
        "Landing_success_rate": 1.0
    },
    {
        "model": 1,
        "sequence": 4,
        "status": 1,
        "fuel": 7432,
        "fault": 0.419,
        "weapon": 0,
        "pilot_injury": 0.4683,
        "pilot_skill": 0.4326,
        "mission_priority": 0.8111,
        "estimated_landing_time": 382.0,
        "wait_time": 0,
        "Landing_success_rate": 1.0
    },
    {
        "model": 1,
        "sequence": 2,
        "status": 1,
        "fuel": 5860,
        "fault": 0.4184,
        "weapon": 0,
        "pilot_injury": 0.475,
        "pilot_skill": 0.7059,
        "mission_priority": 0.8954,
        "estimated_landing_time": 194.0,
        "wait_time": 0,
        "Landing_success_rate": 1.0
    },
    {
        "model": 2,
        "sequence": 11,
        "status": 1,
        "fuel": 6317,
        "fault": 0.8427,
        "weapon": 1,
        "pilot_injury": 0.3687,
        "pilot_skill": 0.5504,
        "mission_priority": 0.4175,
        "estimated_landing_time": 1040.0,
        "wait_time": 0,
        "Landing_success_rate": 1.0
    },
    {
        "model": 1,
        "sequence": 12,
        "status": 1,
        "fuel": 6968,
        "fault": 0.7949,
        "weapon": 0,
        "pilot_injury": 0.6874,
        "pilot_skill": 0.9927,
        "mission_priority": 0.9192,
        "estimated_landing_time": 1134.0,
        "wait_time": 0,
        "Landing_success_rate": 1.0
    },
    {
        "model": 0,
        "sequence": 3,
        "status": 1,
        "fuel": 7473,
        "fault": 0.2642,
        "weapon": 0,
        "pilot_injury": 0.2557,
        "pilot_skill": 0.6224,
        "mission_priority": 0.0606,
        "estimated_landing_time": 288.0,
        "wait_time": 0,
        "Landing_success_rate": 1.0
    },
    {
        "model": 0,
        "sequence": 8,
        "status": 1,
        "fuel": 5888,
        "fault": 0.002,
        "weapon": 1,
        "pilot_injury": 0.8608,
        "pilot_skill": 0.5344,
        "mission_priority": 0.7887,
        "estimated_landing_time": 758.0,
        "wait_time": 0,
        "Landing_success_rate": 1.0
    }
]