[
    {
        "model": 2,
        "sequence": 9,
        "status": 1,
        "fuel": 7414,
        "fault": 0.7039,
        "weapon": 0,
        "pilot_injury": 0.2521,
        "pilot_skill": 0.593,
        "mission_priority": 0.658,
        "estimated_landing_time": 852.0,
        "wait_time": 0,
        "Landing_success_rate": 1.0
    },
    {
        "model": 2,
        "sequence": 11,
        "status": 1,
        "fuel": 6206,
        "fault": 0.4211,
        "weapon": 1,
        "pilot_injury": 0.4207,
        "pilot_skill": 0.0043,
        "mission_priority": 0.2645,
        "estimated_landing_time": 1040.0,
        "wait_time": 0,
        "Landing_success_rate": 1.0
    },
    {
        "model": 2,
        "sequence": 3,
        "status": 1,
        "fuel": 6013,
        "fault": 0.0775,
        "weapon": 1,
        "pilot_injury": 0.1895,
        "pilot_skill": 0.0667,
        "mission_priority": 0.3508,
        "estimated_landing_time": 288.0,
        "wait_time": 0,
        "Landing_success_rate": 1.0
    },
    {
        "model": 2,
        "sequence": 7,
        "status": 1,
        "fuel": 6016,
        "fault": 0.8217,
        "weapon": 0,
        "pilot_injury": 0.5434,
        "pilot_skill": 0.275,
        "mission_priority": 0.7263,
        "estimated_landing_time": 664.0,
        "wait_time": 0,
        "Landing_success_rate": 1.0
    },
    {
        "model": 1,
        "sequence": 12,
        "status": 1,
        "fuel": 6513,
        "fault": 0.6595,
        "weapon": 1,
        "pilot_injury": 0.6793,
        "pilot_skill": 0.5468,
        "mission_priority": 0.7789,
        "estimated_landing_time": 1134.0,
        "wait_time": 0,
        "Landing_success_rate": 1.0
    },
    {
        "model": 2,
        "sequence": 4,
        "status": 1,
        "fuel": 6305,
        "fault": 0.5467,
        "weapon": 0,
        "pilot_injury": 0.1958,
        "pilot_skill": 0.6392,
        "mission_priority": 0.1313,
        "estimated_landing_time": 382.0,
        "wait_time": 0,
        "Landing_success_rate": 1.0
    },
    {
        "model": 2,
        "sequence": 5,
        "status": 1,
        "fuel": 6586,
        "fault": 0.4352,
        "weapon": 0,
        "pilot_injury": 0.4019,
        "pilot_skill": 0.4986,
        "mission_priority": 0.5807,
        "estimated_landing_time": 476.0,
        "wait_time": 0,
        "Landing_success_rate": 1.0
    },
    {
        "model": 2,
        "sequence": 2,
        "status": 1,
        "fuel": 7217,
        "fault": 0.7504,
        "weapon": 0,
        "pilot_injury": 0.3435,
        "pilot_skill": 0.0614,
        "mission_priority": 0.1181,
        "estimated_landing_time": 194.0,
        "wait_time": 0,
        "Landing_success_rate": 1.0
    },
    {
        "model": 2,
        "sequence": 6,
        "status": 1,
        "fuel": 5756,
        "fault": 0.3698,
        "weapon": 0,
        "pilot_injury": 0.8129,
        "pilot_skill": 0.6276,
        "mission_priority": 0.5068,
        "estimated_landing_time": 570.0,
        "wait_time": 0,
        "Landing_success_rate": 1.0
    },
    {
        "model": 2,
        "sequence": 8,
        "status": 1,
        "fuel": 6137,
        "fault": 0.6716,
        "weapon": 1,
        "pilot_injury": 0.4177,
        "pilot_skill": 0.3674,
        "mission_priority": 0.9778,
        "estimated_landing_time": 758.0,
        "wait_time": 0,
        "Landing_success_rate": 1.0
    },
    {
        "model": 0,
        "sequence": 1,
        "status": 1,
        "fuel": 5562,
        "fault": 0.176,
        "weapon": 1,
        "pilot_injury": 0.5999,
        "pilot_skill": 0.507,
        "mission_priority": 0.5506,
        "estimated_landing_time": 100.0,
        "wait_time": 0,
        "Landing_success_rate": 1.0
    },
    {
        "model": 1,
        "sequence": 10,
        "status": 1,
        "fuel": 6440,
        "fault": 0.9666,
        "weapon": 1,
        "pilot_injury": 0.7823,
        "pilot_skill": 0.9092,
        "mission_priority": 0.5713,
        "estimated_landing_time": 946.0,
        "wait_time": 0,
        "Landing_success_rate": 1.0
    }
]