[
    {
        "model": 2,
        "sequence": 7,
        "status": 1,
        "fuel": 6637,
        "fault": 0.8445,
        "weapon": 0,
        "pilot_injury": 0.9104,
        "pilot_skill": 0.3778,
        "mission_priority": 0.4904,
        "estimated_landing_time": 664.0,
        "wait_time": 0,
        "Landing_success_rate": 1.0
    },
    {
        "model": 1,
        "sequence": 12,
        "status": 1,
        "fuel": 6312,
        "fault": 0.8341,
        "weapon": 1,
        "pilot_injury": 0.5639,
        "pilot_skill": 0.2392,
        "mission_priority": 0.124,
        "estimated_landing_time": 1134.0,
        "wait_time": 0,
        "Landing_success_rate": 1.0
    },
    {
        "model": 0,
        "sequence": 4,
        "status": 1,
        "fuel": 7080,
        "fault": 0.0328,
        "weapon": 1,
        "pilot_injury": 0.023,
        "pilot_skill": 0.8215,
        "mission_priority": 0.5906,
        "estimated_landing_time": 382.0,
        "wait_time": 0,
        "Landing_success_rate": 1.0
    },
    {
        "model": 2,
        "sequence": 8,
        "status": 1,
        "fuel": 5671,
        "fault": 0.2987,
        "weapon": 0,
        "pilot_injury": 0.7809,
        "pilot_skill": 0.1981,
        "mission_priority": 0.728,
        "estimated_landing_time": 758.0,
        "wait_time": 0,
        "Landing_success_rate": 1.0
    },
    {
        "model": 0,
        "sequence": 10,
        "status": 1,
        "fuel": 5770,
        "fault": 0.1088,
        "weapon": 1,
        "pilot_injury": 0.023,
        "pilot_skill": 0.2359,
        "mission_priority": 0.2683,
        "estimated_landing_time": 946.0,
        "wait_time": 0,
        "Landing_success_rate": 1.0
    },
    {
        "model": 1,
        "sequence": 11,
        "status": 1,
        "fuel": 6638,
        "fault": 0.5471,
        "weapon": 1,
        "pilot_injury": 0.2837,
        "pilot_skill": 0.9933,
        "mission_priority": 0.58,
        "estimated_landing_time": 1040.0,
        "wait_time": 0,
        "Landing_success_rate": 1.0
    },
    {
        "model": 1,
        "sequence": 9,
        "status": 1,
        "fuel": 5696,
        "fault": 0.6412,
        "weapon": 1,
        "pilot_injury": 0.4087,
        "pilot_skill": 0.124,
        "mission_priority": 0.7625,
        "estimated_landing_time": 852.0,
        "wait_time": 0,
        "Landing_success_rate": 1.0
    },
    {
        "model": 1,
        "sequence": 5,
        "status": 1,
        "fuel": 6065,
        "fault": 0.6249,
        "weapon": 1,
        "pilot_injury": 0.3717,
        "pilot_skill": 0.9888,
        "mission_priority": 0.1711,
        "estimated_landing_time": 476.0,
        "wait_time": 0,
        "Landing_success_rate": 1.0
    },
    {
        "model": 1,
        "sequence": 3,
        "status": 1,
        "fuel": 7213,
        "fault": 0.5747,
        "weapon": 1,
        "pilot_injury": 0.953,
        "pilot_skill": 0.6471,
        "mission_priority": 0.0857,
        "estimated_landing_time": 288.0,
        "wait_time": 0,
        "Landing_success_rate": 1.0
    },
    {
        "model": 0,
        "sequence": 2,
        "status": 1,
        "fuel": 6528,
        "fault": 0.9632,
        "weapon": 1,
        "pilot_injury": 0.0065,
        "pilot_skill": 0.1669,
        "mission_priority": 0.8146,
        "estimated_landing_time": 194.0,
        "wait_time": 0,
        "Landing_success_rate": 1.0
    },
    {
        "model": 0,
        "sequence": 6,
        "status": 1,
        "fuel": 5658,
        "fault": 0.8879,
        "weapon": 0,
        "pilot_injury": 0.9916,
        "pilot_skill": 0.0902,
        "mission_priority": 0.5457,
        "estimated_landing_time": 570.0,
        "wait_time": 0,
        "Landing_success_rate": 1.0
    },
    {
        "model": 1,
        "sequence": 1,
        "status": 1,
        "fuel": 5627,
        "fault": 0.3657,
        "weapon": 0,
        "pilot_injury": 0.7935,
        "pilot_skill": 0.9176,
        "mission_priority": 0.3616,
        "estimated_landing_time": 100.0,
        "wait_time": 0,
        "Landing_success_rate": 1.0
    }
]