[
    {
        "model": 0,
        "sequence": 5,
        "status": 1,
        "fuel": 5537,
        "fault": 0.8411,
        "weapon": 1,
        "pilot_injury": 0.2143,
        "pilot_skill": 0.1893,
        "mission_priority": 0.8093,
        "estimated_landing_time": 476.0,
        "wait_time": 0,
        "Landing_success_rate": 1.0
    },
    {
        "model": 0,
        "sequence": 2,
        "status": 1,
        "fuel": 5865,
        "fault": 0.3671,
        "weapon": 1,
        "pilot_injury": 0.2214,
        "pilot_skill": 0.3781,
        "mission_priority": 0.8535,
        "estimated_landing_time": 194.0,
        "wait_time": 0,
        "Landing_success_rate": 1.0
    },
    {
        "model": 0,
        "sequence": 12,
        "status": 1,
        "fuel": 7056,
        "fault": 0.7289,
        "weapon": 0,
        "pilot_injury": 0.9439,
        "pilot_skill": 0.6713,
        "mission_priority": 0.4317,
        "estimated_landing_time": 1134.0,
        "wait_time": 0,
        "Landing_success_rate": 1.0
    },
    {
        "model": 0,
        "sequence": 3,
        "status": 1,
        "fuel": 6899,
        "fault": 0.5346,
        "weapon": 0,
        "pilot_injury": 0.2107,
        "pilot_skill": 0.8501,
        "mission_priority": 0.5489,
        "estimated_landing_time": 288.0,
        "wait_time": 0,
        "Landing_success_rate": 1.0
    },
    {
        "model": 1,
        "sequence": 4,
        "status": 1,
        "fuel": 6558,
        "fault": 0.3625,
        "weapon": 0,
        "pilot_injury": 0.3473,
        "pilot_skill": 0.7591,
        "mission_priority": 0.8434,
        "estimated_landing_time": 382.0,
        "wait_time": 0,
        "Landing_success_rate": 1.0
    },
    {
        "model": 1,
        "sequence": 1,
        "status": 1,
        "fuel": 6781,
        "fault": 0.505,
        "weapon": 0,
        "pilot_injury": 0.36,
        "pilot_skill": 0.9437,
        "mission_priority": 0.4246,
        "estimated_landing_time": 100.0,
        "wait_time": 0,
        "Landing_success_rate": 1.0
    },
    {
        "model": 1,
        "sequence": 11,
        "status": 1,
        "fuel": 6845,
        "fault": 0.2352,
        "weapon": 1,
        "pilot_injury": 0.1243,
        "pilot_skill": 0.9663,
        "mission_priority": 0.9963,
        "estimated_landing_time": 1040.0,
        "wait_time": 0,
        "Landing_success_rate": 1.0
    },
    {
        "model": 0,
        "sequence": 6,
        "status": 1,
        "fuel": 6274,
        "fault": 0.3105,
        "weapon": 0,
        "pilot_injury": 0.9337,
        "pilot_skill": 0.02,
        "mission_priority": 0.93,
        "estimated_landing_time": 570.0,
        "wait_time": 0,
        "Landing_success_rate": 1.0
    },
    {
        "model": 2,
        "sequence": 10,
        "status": 1,
        "fuel": 5811,
        "fault": 0.6342,
        "weapon": 1,
        "pilot_injury": 0.5407,
        "pilot_skill": 0.5305,
        "mission_priority": 0.8975,
        "estimated_landing_time": 946.0,
        "wait_time": 0,
        "Landing_success_rate": 1.0
    },
    {
        "model": 1,
        "sequence": 7,
        "status": 1,
        "fuel": 7411,
        "fault": 0.734,
        "weapon": 1,
        "pilot_injury": 0.6082,
        "pilot_skill": 0.5186,
        "mission_priority": 0.4463,
        "estimated_landing_time": 664.0,
        "wait_time": 0,
        "Landing_success_rate": 1.0
    },
    {
        "model": 1,
        "sequence": 8,
        "status": 1,
        "fuel": 7379,
        "fault": 0.0746,
        "weapon": 0,
        "pilot_injury": 0.282,
        "pilot_skill": 0.4005,
        "mission_priority": 0.5932,
        "estimated_landing_time": 758.0,
        "wait_time": 0,
        "Landing_success_rate": 1.0
    },
    {
        "model": 2,
        "sequence": 9,
        "status": 1,
        "fuel": 6783,
        "fault": 0.8421,
        "weapon": 0,
        "pilot_injury": 0.0845,
        "pilot_skill": 0.7444,
        "mission_priority": 0.5286,
        "estimated_landing_time": 852.0,
        "wait_time": 0,
        "Landing_success_rate": 1.0
    }
]