[
    {
        "model": 0,
        "sequence": 9,
        "status": 1,
        "fuel": 6291,
        "fault": 0.4219,
        "weapon": 1,
        "pilot_injury": 0.725,
        "pilot_skill": 0.5362,
        "mission_priority": 0.9812,
        "estimated_landing_time": 852.0,
        "wait_time": 0,
        "Landing_success_rate": 1.0
    },
    {
        "model": 0,
        "sequence": 3,
        "status": 1,
        "fuel": 7481,
        "fault": 0.121,
        "weapon": 1,
        "pilot_injury": 0.5151,
        "pilot_skill": 0.146,
        "mission_priority": 0.1482,
        "estimated_landing_time": 288.0,
        "wait_time": 0,
        "Landing_success_rate": 1.0
    },
    {
        "model": 1,
        "sequence": 7,
        "status": 1,
        "fuel": 6704,
        "fault": 0.0171,
        "weapon": 0,
        "pilot_injury": 0.7477,
        "pilot_skill": 0.6556,
        "mission_priority": 0.1721,
        "estimated_landing_time": 664.0,
        "wait_time": 0,
        "Landing_success_rate": 1.0
    },
    {
        "model": 0,
        "sequence": 10,
        "status": 1,
        "fuel": 6447,
        "fault": 0.4261,
        "weapon": 1,
        "pilot_injury": 0.1018,
        "pilot_skill": 0.7664,
        "mission_priority": 0.8952,
        "estimated_landing_time": 946.0,
        "wait_time": 0,
        "Landing_success_rate": 1.0
    },
    {
        "model": 1,
        "sequence": 5,
        "status": 1,
        "fuel": 6417,
        "fault": 0.5113,
        "weapon": 0,
        "pilot_injury": 0.1988,
        "pilot_skill": 0.2493,
        "mission_priority": 0.2242,
        "estimated_landing_time": 476.0,
        "wait_time": 0,
        "Landing_success_rate": 1.0
    },
    {
        "model": 1,
        "sequence": 8,
        "status": 1,
        "fuel": 6485,
        "fault": 0.8622,
        "weapon": 0,
        "pilot_injury": 0.3735,
        "pilot_skill": 0.4055,
        "mission_priority": 0.3095,
        "estimated_landing_time": 758.0,
        "wait_time": 0,
        "Landing_success_rate": 1.0
    },
    {
        "model": 1,
        "sequence": 11,
        "status": 1,
        "fuel": 5821,
        "fault": 0.3833,
        "weapon": 0,
        "pilot_injury": 0.9704,
        "pilot_skill": 0.8074,
        "mission_priority": 0.931,
        "estimated_landing_time": 1040.0,
        "wait_time": 0,
        "Landing_success_rate": 1.0
    },
    {
        "model": 2,
        "sequence": 1,
        "status": 1,
        "fuel": 5571,
        "fault": 0.2466,
        "weapon": 0,
        "pilot_injury": 0.1667,
        "pilot_skill": 0.7528,
        "mission_priority": 0.236,
        "estimated_landing_time": 100.0,
        "wait_time": 0,
        "Landing_success_rate": 1.0
    },
    {
        "model": 1,
        "sequence": 12,
        "status": 1,
        "fuel": 7188,
        "fault": 0.2281,
        "weapon": 0,
        "pilot_injury": 0.4722,
        "pilot_skill": 0.2868,
        "mission_priority": 0.9867,
        "estimated_landing_time": 1134.0,
        "wait_time": 0,
        "Landing_success_rate": 1.0
    },
    {
        "model": 1,
        "sequence": 2,
        "status": 1,
        "fuel": 6531,
        "fault": 0.393,
        "weapon": 0,
        "pilot_injury": 0.3164,
        "pilot_skill": 0.7491,
        "mission_priority": 0.6598,
        "estimated_landing_time": 194.0,
        "wait_time": 0,
        "Landing_success_rate": 1.0
    },
    {
        "model": 0,
        "sequence": 4,
        "status": 1,
        "fuel": 6544,
        "fault": 0.3345,
        "weapon": 1,
        "pilot_injury": 0.6711,
        "pilot_skill": 0.4073,
        "mission_priority": 0.5481,
        "estimated_landing_time": 382.0,
        "wait_time": 0,
        "Landing_success_rate": 1.0
    },
    {
        "model": 2,
        "sequence": 6,
        "status": 1,
        "fuel": 7325,
        "fault": 0.0886,
        "weapon": 0,
        "pilot_injury": 0.3397,
        "pilot_skill": 0.0181,
        "mission_priority": 0.8522,
        "estimated_landing_time": 570.0,
        "wait_time": 0,
        "Landing_success_rate": 1.0
    }
]