[
    {
        "model": 1,
        "sequence": 5,
        "status": 1,
        "fuel": 6361,
        "fault": 0.2271,
        "weapon": 1,
        "pilot_injury": 0.1942,
        "pilot_skill": 0.1027,
        "mission_priority": 0.2426,
        "estimated_landing_time": 476.0,
        "wait_time": 0,
        "Landing_success_rate": 1.0
    },
    {
        "model": 1,
        "sequence": 11,
        "status": 1,
        "fuel": 7285,
        "fault": 0.1344,
        "weapon": 1,
        "pilot_injury": 0.9376,
        "pilot_skill": 0.1203,
        "mission_priority": 0.8183,
        "estimated_landing_time": 1040.0,
        "wait_time": 0,
        "Landing_success_rate": 1.0
    },
    {
        "model": 0,
        "sequence": 4,
        "status": 1,
        "fuel": 5884,
        "fault": 0.0593,
        "weapon": 0,
        "pilot_injury": 0.1701,
        "pilot_skill": 0.1514,
        "mission_priority": 0.1627,
        "estimated_landing_time": 382.0,
        "wait_time": 0,
        "Landing_success_rate": 1.0
    },
    {
        "model": 0,
        "sequence": 10,
        "status": 1,
        "fuel": 5992,
        "fault": 0.7024,
        "weapon": 0,
        "pilot_injury": 0.9202,
        "pilot_skill": 0.3982,
        "mission_priority": 0.462,
        "estimated_landing_time": 946.0,
        "wait_time": 0,
        "Landing_success_rate": 1.0
    },
    {
        "model": 2,
        "sequence": 8,
        "status": 1,
        "fuel": 5761,
        "fault": 0.1271,
        "weapon": 1,
        "pilot_injury": 0.3282,
        "pilot_skill": 0.8468,
        "mission_priority": 0.3437,
        "estimated_landing_time": 758.0,
        "wait_time": 0,
        "Landing_success_rate": 1.0
    },
    {
        "model": 2,
        "sequence": 12,
        "status": 1,
        "fuel": 6808,
        "fault": 0.2138,
        "weapon": 1,
        "pilot_injury": 0.3399,
        "pilot_skill": 0.5603,
        "mission_priority": 0.1031,
        "estimated_landing_time": 1134.0,
        "wait_time": 0,
        "Landing_success_rate": 1.0
    },
    {
        "model": 2,
        "sequence": 3,
        "status": 1,
        "fuel": 6987,
        "fault": 0.5736,
        "weapon": 1,
        "pilot_injury": 0.6705,
        "pilot_skill": 0.9881,
        "mission_priority": 0.016,
        "estimated_landing_time": 288.0,
        "wait_time": 0,
        "Landing_success_rate": 1.0
    },
    {
        "model": 0,
        "sequence": 7,
        "status": 1,
        "fuel": 7468,
        "fault": 0.7425,
        "weapon": 1,
        "pilot_injury": 0.433,
        "pilot_skill": 0.0052,
        "mission_priority": 0.1578,
        "estimated_landing_time": 664.0,
        "wait_time": 0,
        "Landing_success_rate": 1.0
    },
    {
        "model": 2,
        "sequence": 6,
        "status": 1,
        "fuel": 7173,
        "fault": 0.978,
        "weapon": 0,
        "pilot_injury": 0.1627,
        "pilot_skill": 0.448,
        "mission_priority": 0.0128,
        "estimated_landing_time": 570.0,
        "wait_time": 0,
        "Landing_success_rate": 1.0
    },
    {
        "model": 1,
        "sequence": 9,
        "status": 1,
        "fuel": 5868,
        "fault": 0.2131,
        "weapon": 0,
        "pilot_injury": 0.5968,
        "pilot_skill": 0.4407,
        "mission_priority": 0.1623,
        "estimated_landing_time": 852.0,
        "wait_time": 0,
        "Landing_success_rate": 1.0
    },
    {
        "model": 1,
        "sequence": 2,
        "status": 1,
        "fuel": 6514,
        "fault": 0.7002,
        "weapon": 0,
        "pilot_injury": 0.7424,
        "pilot_skill": 0.0771,
        "mission_priority": 0.3839,
        "estimated_landing_time": 194.0,
        "wait_time": 0,
        "Landing_success_rate": 1.0
    },
    {
        "model": 2,
        "sequence": 1,
        "status": 1,
        "fuel": 6137,
        "fault": 0.1161,
        "weapon": 1,
        "pilot_injury": 0.5775,
        "pilot_skill": 0.5713,
        "mission_priority": 0.0903,
        "estimated_landing_time": 100.0,
        "wait_time": 0,
        "Landing_success_rate": 1.0
    }
]