[
    {
        "model": 1,
        "sequence": 3,
        "status": 1,
        "fuel": 7058,
        "fault": 0.6288,
        "weapon": 1,
        "pilot_injury": 0.3076,
        "pilot_skill": 0.3286,
        "mission_priority": 0.2197,
        "estimated_landing_time": 288.0,
        "wait_time": 0,
        "Landing_success_rate": 1.0
    },
    {
        "model": 0,
        "sequence": 8,
        "status": 1,
        "fuel": 6544,
        "fault": 0.2738,
        "weapon": 0,
        "pilot_injury": 0.6091,
        "pilot_skill": 0.2388,
        "mission_priority": 0.1719,
        "estimated_landing_time": 758.0,
        "wait_time": 0,
        "Landing_success_rate": 1.0
    },
    {
        "model": 0,
        "sequence": 9,
        "status": 1,
        "fuel": 6350,
        "fault": 0.9938,
        "weapon": 0,
        "pilot_injury": 0.1871,
        "pilot_skill": 0.1005,
        "mission_priority": 0.5561,
        "estimated_landing_time": 852.0,
        "wait_time": 0,
        "Landing_success_rate": 1.0
    },
    {
        "model": 0,
        "sequence": 10,
        "status": 1,
        "fuel": 6386,
        "fault": 0.3718,
        "weapon": 1,
        "pilot_injury": 0.5941,
        "pilot_skill": 0.6591,
        "mission_priority": 0.6482,
        "estimated_landing_time": 946.0,
        "wait_time": 0,
        "Landing_success_rate": 1.0
    },
    {
        "model": 1,
        "sequence": 2,
        "status": 1,
        "fuel": 7357,
        "fault": 0.4169,
        "weapon": 0,
        "pilot_injury": 0.9177,
        "pilot_skill": 0.3159,
        "mission_priority": 0.0171,
        "estimated_landing_time": 194.0,
        "wait_time": 0,
        "Landing_success_rate": 1.0
    },
    {
        "model": 2,
        "sequence": 11,
        "status": 1,
        "fuel": 5519,
        "fault": 0.0537,
        "weapon": 0,
        "pilot_injury": 0.0509,
        "pilot_skill": 0.005,
        "mission_priority": 0.8164,
        "estimated_landing_time": 1040.0,
        "wait_time": 0,
        "Landing_success_rate": 1.0
    },
    {
        "model": 2,
        "sequence": 1,
        "status": 1,
        "fuel": 6473,
        "fault": 0.514,
        "weapon": 1,
        "pilot_injury": 0.2167,
        "pilot_skill": 0.8612,
        "mission_priority": 0.0686,
        "estimated_landing_time": 100.0,
        "wait_time": 0,
        "Landing_success_rate": 1.0
    },
    {
        "model": 2,
        "sequence": 5,
        "status": 1,
        "fuel": 5662,
        "fault": 0.4796,
        "weapon": 1,
        "pilot_injury": 0.2312,
        "pilot_skill": 0.133,
        "mission_priority": 0.8571,
        "estimated_landing_time": 476.0,
        "wait_time": 0,
        "Landing_success_rate": 1.0
    },
    {
        "model": 0,
        "sequence": 4,
        "status": 1,
        "fuel": 5824,
        "fault": 0.6268,
        "weapon": 0,
        "pilot_injury": 0.3234,
        "pilot_skill": 0.6353,
        "mission_priority": 0.7107,
        "estimated_landing_time": 382.0,
        "wait_time": 0,
        "Landing_success_rate": 1.0
    },
    {
        "model": 2,
        "sequence": 6,
        "status": 1,
        "fuel": 6877,
        "fault": 0.3908,
        "weapon": 1,
        "pilot_injury": 0.3934,
        "pilot_skill": 0.3588,
        "mission_priority": 0.8469,
        "estimated_landing_time": 570.0,
        "wait_time": 0,
        "Landing_success_rate": 1.0
    },
    {
        "model": 1,
        "sequence": 12,
        "status": 1,
        "fuel": 6983,
        "fault": 0.3304,
        "weapon": 0,
        "pilot_injury": 0.964,
        "pilot_skill": 0.3001,
        "mission_priority": 0.5297,
        "estimated_landing_time": 1134.0,
        "wait_time": 0,
        "Landing_success_rate": 1.0
    },
    {
        "model": 2,
        "sequence": 7,
        "status": 1,
        "fuel": 6068,
        "fault": 0.2676,
        "weapon": 1,
        "pilot_injury": 0.0533,
        "pilot_skill": 0.8678,
        "mission_priority": 0.5355,
        "estimated_landing_time": 664.0,
        "wait_time": 0,
        "Landing_success_rate": 1.0
    }
]