[
    {
        "model": 2,
        "sequence": 10,
        "status": 1,
        "fuel": 6283,
        "fault": 0.8903,
        "weapon": 1,
        "pilot_injury": 0.1068,
        "pilot_skill": 0.3357,
        "mission_priority": 0.1697,
        "estimated_landing_time": 946.0,
        "wait_time": 0,
        "Landing_success_rate": 0.8564
    },
    {
        "model": 0,
        "sequence": 12,
        "status": 1,
        "fuel": 6175,
        "fault": 0.4637,
        "weapon": 1,
        "pilot_injury": 0.2294,
        "pilot_skill": 0.2659,
        "mission_priority": 0.3603,
        "estimated_landing_time": 1134.0,
        "wait_time": 0,
        "Landing_success_rate": 0.8772
    },
    {
        "model": 0,
        "sequence": 2,
        "status": 1,
        "fuel": 6239,
        "fault": 0.9862,
        "weapon": 1,
        "pilot_injury": 0.0323,
        "pilot_skill": 0.2798,
        "mission_priority": 0.4112,
        "estimated_landing_time": 194.0,
        "wait_time": 0,
        "Landing_success_rate": 0.8508
    },
    {
        "model": 0,
        "sequence": 4,
        "status": 1,
        "fuel": 5960,
        "fault": 0.6847,
        "weapon": 0,
        "pilot_injury": 0.1332,
        "pilot_skill": 0.0762,
        "mission_priority": 0.9405,
        "estimated_landing_time": 382.0,
        "wait_time": 0,
        "Landing_success_rate": 0.8609
    },
    {
        "model": 1,
        "sequence": 16,
        "status": 1,
        "fuel": 6382,
        "fault": 0.7257,
        "weapon": 0,
        "pilot_injury": 0.9192,
        "pilot_skill": 0.0827,
        "mission_priority": 0.8767,
        "estimated_landing_time": 1510.0,
        "wait_time": 0,
        "Landing_success_rate": 0.8681
    },
    {
        "model": 0,
        "sequence": 13,
        "status": 1,
        "fuel": 6774,
        "fault": 0.0452,
        "weapon": 0,
        "pilot_injury": 0.4113,
        "pilot_skill": 0.7776,
        "mission_priority": 0.4804,
        "estimated_landing_time": 1228.0,
        "wait_time": 0,
        "Landing_success_rate": 0.9412
    },
    {
        "model": 1,
        "sequence": 7,
        "status": 1,
        "fuel": 6762,
        "fault": 0.1504,
        "weapon": 0,
        "pilot_injury": 0.7496,
        "pilot_skill": 0.393,
        "mission_priority": 0.8292,
        "estimated_landing_time": 664.0,
        "wait_time": 0,
        "Landing_success_rate": 0.9304
    },
    {
        "model": 1,
        "sequence": 8,
        "status": 1,
        "fuel": 6188,
        "fault": 0.8383,
        "weapon": 1,
        "pilot_injury": 0.0368,
        "pilot_skill": 0.1339,
        "mission_priority": 0.0137,
        "estimated_landing_time": 758.0,
        "wait_time": 0,
        "Landing_success_rate": 0.8583
    },
    {
        "model": 0,
        "sequence": 3,
        "status": 1,
        "fuel": 6322,
        "fault": 0.8647,
        "weapon": 0,
        "pilot_injury": 0.5343,
        "pilot_skill": 0.7499,
        "mission_priority": 0.9132,
        "estimated_landing_time": 288.0,
        "wait_time": 0,
        "Landing_success_rate": 0.8583
    },
    {
        "model": 0,
        "sequence": 11,
        "status": 1,
        "fuel": 6546,
        "fault": 0.769,
        "weapon": 0,
        "pilot_injury": 0.7571,
        "pilot_skill": 0.3779,
        "mission_priority": 0.2411,
        "estimated_landing_time": 1040.0,
        "wait_time": 0,
        "Landing_success_rate": 0.8681
    },
    {
        "model": 0,
        "sequence": 6,
        "status": 1,
        "fuel": 5956,
        "fault": 0.1292,
        "weapon": 0,
        "pilot_injury": 0.2747,
        "pilot_skill": 0.2072,
        "mission_priority": 0.8782,
        "estimated_landing_time": 570.0,
        "wait_time": 0,
        "Landing_success_rate": 0.8798
    },
    {
        "model": 2,
        "sequence": 5,
        "status": 1,
        "fuel": 5987,
        "fault": 0.6181,
        "weapon": 1,
        "pilot_injury": 0.2687,
        "pilot_skill": 0.0222,
        "mission_priority": 0.4982,
        "estimated_landing_time": 476.0,
        "wait_time": 0,
        "Landing_success_rate": 0.8639
    },
    {
        "model": 0,
        "sequence": 17,
        "status": 1,
        "fuel": 5937,
        "fault": 0.7723,
        "weapon": 0,
        "pilot_injury": 0.3078,
        "pilot_skill": 0.8164,
        "mission_priority": 0.968,
        "estimated_landing_time": 1604.0,
        "wait_time": 0,
        "Landing_success_rate": 0.8575
    },
    {
        "model": 1,
        "sequence": 14,
        "status": 1,
        "fuel": 6489,
        "fault": 0.8767,
        "weapon": 0,
        "pilot_injury": 0.59,
        "pilot_skill": 0.48,
        "mission_priority": 0.4205,
        "estimated_landing_time": 1322.0,
        "wait_time": 0,
        "Landing_success_rate": 0.8591
    },
    {
        "model": 0,
        "sequence": 1,
        "status": 1,
        "fuel": 6752,
        "fault": 0.6203,
        "weapon": 1,
        "pilot_injury": 0.805,
        "pilot_skill": 0.9032,
        "mission_priority": 0.6173,
        "estimated_landing_time": 100.0,
        "wait_time": 0,
        "Landing_success_rate": 0.8857
    },
    {
        "model": 2,
        "sequence": 9,
        "status": 1,
        "fuel": 6237,
        "fault": 0.3506,
        "weapon": 1,
        "pilot_injury": 0.6366,
        "pilot_skill": 0.5548,
        "mission_priority": 0.091,
        "estimated_landing_time": 852.0,
        "wait_time": 0,
        "Landing_success_rate": 0.8859
    },
    {
        "model": 0,
        "sequence": 15,
        "status": 1,
        "fuel": 6831,
        "fault": 0.5474,
        "weapon": 0,
        "pilot_injury": 0.7837,
        "pilot_skill": 0.3965,
        "mission_priority": 0.6221,
        "estimated_landing_time": 1416.0,
        "wait_time": 0,
        "Landing_success_rate": 0.8952
    },
    {
        "model": 2,
        "sequence": 18,
        "status": 1,
        "fuel": 7086,
        "fault": 0.6976,
        "weapon": 0,
        "pilot_injury": 0.1471,
        "pilot_skill": 0.9266,
        "mission_priority": 0.4921,
        "estimated_landing_time": 1698.0,
        "wait_time": 0,
        "Landing_success_rate": 0.886
    }
]