[
    {
        "model": 2,
        "sequence": 3,
        "status": 1,
        "fuel": 5572,
        "fault": 0.8902,
        "weapon": 0,
        "pilot_injury": 0.3388,
        "pilot_skill": 0.9521,
        "mission_priority": 0.7379,
        "estimated_landing_time": 288.0,
        "wait_time": 0,
        "Landing_success_rate": 0.8506
    },
    {
        "model": 0,
        "sequence": 6,
        "status": 1,
        "fuel": 7411,
        "fault": 0.579,
        "weapon": 1,
        "pilot_injury": 0.0496,
        "pilot_skill": 0.2571,
        "mission_priority": 0.465,
        "estimated_landing_time": 570.0,
        "wait_time": 0,
        "Landing_success_rate": 0.9103
    },
    {
        "model": 1,
        "sequence": 15,
        "status": 1,
        "fuel": 6496,
        "fault": 0.8726,
        "weapon": 1,
        "pilot_injury": 0.9192,
        "pilot_skill": 0.4238,
        "mission_priority": 0.3421,
        "estimated_landing_time": 1416.0,
        "wait_time": 0,
        "Landing_success_rate": 0.8595
    },
    {
        "model": 0,
        "sequence": 9,
        "status": 1,
        "fuel": 5591,
        "fault": 0.6242,
        "weapon": 1,
        "pilot_injury": 0.489,
        "pilot_skill": 0.3516,
        "mission_priority": 0.9095,
        "estimated_landing_time": 852.0,
        "wait_time": 0,
        "Landing_success_rate": 0.8526
    },
    {
        "model": 0,
        "sequence": 13,
        "status": 1,
        "fuel": 5772,
        "fault": 0.2992,
        "weapon": 1,
        "pilot_injury": 0.8118,
        "pilot_skill": 0.3418,
        "mission_priority": 0.4337,
        "estimated_landing_time": 1228.0,
        "wait_time": 0,
        "Landing_success_rate": 0.8643
    },
    {
        "model": 1,
        "sequence": 4,
        "status": 1,
        "fuel": 6066,
        "fault": 0.8329,
        "weapon": 1,
        "pilot_injury": 0.7939,
        "pilot_skill": 0.941,
        "mission_priority": 0.6232,
        "estimated_landing_time": 382.0,
        "wait_time": 0,
        "Landing_success_rate": 0.8571
    },
    {
        "model": 0,
        "sequence": 18,
        "status": 1,
        "fuel": 5801,
        "fault": 0.5446,
        "weapon": 1,
        "pilot_injury": 0.845,
        "pilot_skill": 0.3951,
        "mission_priority": 0.0513,
        "estimated_landing_time": 1698.0,
        "wait_time": 0,
        "Landing_success_rate": 0.8603
    },
    {
        "model": 0,
        "sequence": 12,
        "status": 1,
        "fuel": 6789,
        "fault": 0.0625,
        "weapon": 1,
        "pilot_injury": 0.4504,
        "pilot_skill": 0.749,
        "mission_priority": 0.357,
        "estimated_landing_time": 1134.0,
        "wait_time": 0,
        "Landing_success_rate": 0.9406
    },
    {
        "model": 0,
        "sequence": 1,
        "status": 1,
        "fuel": 7435,
        "fault": 0.4803,
        "weapon": 0,
        "pilot_injury": 0.7494,
        "pilot_skill": 0.5457,
        "mission_priority": 0.2041,
        "estimated_landing_time": 100.0,
        "wait_time": 0,
        "Landing_success_rate": 0.9254
    },
    {
        "model": 0,
        "sequence": 17,
        "status": 1,
        "fuel": 5698,
        "fault": 0.4847,
        "weapon": 0,
        "pilot_injury": 0.4826,
        "pilot_skill": 0.216,
        "mission_priority": 0.9673,
        "estimated_landing_time": 1604.0,
        "wait_time": 0,
        "Landing_success_rate": 0.8577
    },
    {
        "model": 1,
        "sequence": 7,
        "status": 1,
        "fuel": 7288,
        "fault": 0.3958,
        "weapon": 1,
        "pilot_injury": 0.4271,
        "pilot_skill": 0.4751,
        "mission_priority": 0.898,
        "estimated_landing_time": 664.0,
        "wait_time": 0,
        "Landing_success_rate": 0.931
    },
    {
        "model": 0,
        "sequence": 2,
        "status": 1,
        "fuel": 6055,
        "fault": 0.5356,
        "weapon": 1,
        "pilot_injury": 0.2522,
        "pilot_skill": 0.4467,
        "mission_priority": 0.1234,
        "estimated_landing_time": 194.0,
        "wait_time": 0,
        "Landing_success_rate": 0.8693
    },
    {
        "model": 1,
        "sequence": 14,
        "status": 1,
        "fuel": 6423,
        "fault": 0.4288,
        "weapon": 1,
        "pilot_injury": 0.0393,
        "pilot_skill": 0.9773,
        "mission_priority": 0.2424,
        "estimated_landing_time": 1322.0,
        "wait_time": 0,
        "Landing_success_rate": 0.8895
    },
    {
        "model": 0,
        "sequence": 5,
        "status": 1,
        "fuel": 6290,
        "fault": 0.3877,
        "weapon": 1,
        "pilot_injury": 0.5507,
        "pilot_skill": 0.1531,
        "mission_priority": 0.7281,
        "estimated_landing_time": 476.0,
        "wait_time": 0,
        "Landing_success_rate": 0.8863
    },
    {
        "model": 0,
        "sequence": 11,
        "status": 1,
        "fuel": 6398,
        "fault": 0.4924,
        "weapon": 1,
        "pilot_injury": 0.7697,
        "pilot_skill": 0.9754,
        "mission_priority": 0.5736,
        "estimated_landing_time": 1040.0,
        "wait_time": 0,
        "Landing_success_rate": 0.8842
    },
    {
        "model": 0,
        "sequence": 10,
        "status": 1,
        "fuel": 6173,
        "fault": 0.9367,
        "weapon": 1,
        "pilot_injury": 0.0684,
        "pilot_skill": 0.8974,
        "mission_priority": 0.1194,
        "estimated_landing_time": 946.0,
        "wait_time": 0,
        "Landing_success_rate": 0.8532
    },
    {
        "model": 0,
        "sequence": 8,
        "status": 1,
        "fuel": 6023,
        "fault": 0.8421,
        "weapon": 1,
        "pilot_injury": 0.5973,
        "pilot_skill": 0.3936,
        "mission_priority": 0.4734,
        "estimated_landing_time": 758.0,
        "wait_time": 0,
        "Landing_success_rate": 0.8562
    },
    {
        "model": 1,
        "sequence": 16,
        "status": 1,
        "fuel": 7083,
        "fault": 0.5839,
        "weapon": 1,
        "pilot_injury": 0.8696,
        "pilot_skill": 0.0881,
        "mission_priority": 0.7768,
        "estimated_landing_time": 1510.0,
        "wait_time": 0,
        "Landing_success_rate": 0.8994
    }
]