[
    {
        "model": 0,
        "sequence": 14,
        "status": 1,
        "fuel": 7345,
        "fault": 0.7483,
        "weapon": 1,
        "pilot_injury": 0.6662,
        "pilot_skill": 0.8909,
        "mission_priority": 0.2564,
        "estimated_landing_time": 1322.0,
        "wait_time": 0,
        "Landing_success_rate": 0.8848
    },
    {
        "model": 0,
        "sequence": 6,
        "status": 1,
        "fuel": 7428,
        "fault": 0.3483,
        "weapon": 0,
        "pilot_injury": 0.801,
        "pilot_skill": 0.3972,
        "mission_priority": 0.2122,
        "estimated_landing_time": 570.0,
        "wait_time": 0,
        "Landing_success_rate": 0.9442
    },
    {
        "model": 1,
        "sequence": 18,
        "status": 1,
        "fuel": 5871,
        "fault": 0.1345,
        "weapon": 0,
        "pilot_injury": 0.4976,
        "pilot_skill": 0.0065,
        "mission_priority": 0.1098,
        "estimated_landing_time": 1698.0,
        "wait_time": 0,
        "Landing_success_rate": 0.8741
    },
    {
        "model": 0,
        "sequence": 12,
        "status": 1,
        "fuel": 6995,
        "fault": 0.9028,
        "weapon": 0,
        "pilot_injury": 0.3969,
        "pilot_skill": 0.3034,
        "mission_priority": 0.7143,
        "estimated_landing_time": 1134.0,
        "wait_time": 0,
        "Landing_success_rate": 0.8609
    },
    {
        "model": 0,
        "sequence": 3,
        "status": 1,
        "fuel": 7409,
        "fault": 0.2083,
        "weapon": 1,
        "pilot_injury": 0.5791,
        "pilot_skill": 0.6173,
        "mission_priority": 0.4052,
        "estimated_landing_time": 288.0,
        "wait_time": 0,
        "Landing_success_rate": 0.9634
    },
    {
        "model": 1,
        "sequence": 7,
        "status": 1,
        "fuel": 6539,
        "fault": 0.3683,
        "weapon": 1,
        "pilot_injury": 0.8476,
        "pilot_skill": 0.6936,
        "mission_priority": 0.9321,
        "estimated_landing_time": 664.0,
        "wait_time": 0,
        "Landing_success_rate": 0.8992
    },
    {
        "model": 2,
        "sequence": 11,
        "status": 1,
        "fuel": 6810,
        "fault": 0.7508,
        "weapon": 0,
        "pilot_injury": 0.1679,
        "pilot_skill": 0.4195,
        "mission_priority": 0.4851,
        "estimated_landing_time": 1040.0,
        "wait_time": 0,
        "Landing_success_rate": 0.8745
    },
    {
        "model": 2,
        "sequence": 5,
        "status": 1,
        "fuel": 6964,
        "fault": 0.9451,
        "weapon": 1,
        "pilot_injury": 0.2908,
        "pilot_skill": 0.6875,
        "mission_priority": 0.4703,
        "estimated_landing_time": 476.0,
        "wait_time": 0,
        "Landing_success_rate": 0.856
    },
    {
        "model": 2,
        "sequence": 1,
        "status": 1,
        "fuel": 7380,
        "fault": 0.9926,
        "weapon": 0,
        "pilot_injury": 0.3924,
        "pilot_skill": 0.3623,
        "mission_priority": 0.3186,
        "estimated_landing_time": 100.0,
        "wait_time": 0,
        "Landing_success_rate": 0.851
    },
    {
        "model": 1,
        "sequence": 9,
        "status": 1,
        "fuel": 5748,
        "fault": 0.5691,
        "weapon": 0,
        "pilot_injury": 0.6,
        "pilot_skill": 0.1808,
        "mission_priority": 0.5409,
        "estimated_landing_time": 852.0,
        "wait_time": 0,
        "Landing_success_rate": 0.858
    },
    {
        "model": 1,
        "sequence": 16,
        "status": 1,
        "fuel": 5523,
        "fault": 0.4461,
        "weapon": 1,
        "pilot_injury": 0.8325,
        "pilot_skill": 0.7148,
        "mission_priority": 0.7302,
        "estimated_landing_time": 1510.0,
        "wait_time": 0,
        "Landing_success_rate": 0.851
    },
    {
        "model": 2,
        "sequence": 15,
        "status": 1,
        "fuel": 6217,
        "fault": 0.4444,
        "weapon": 0,
        "pilot_injury": 0.4227,
        "pilot_skill": 0.6515,
        "mission_priority": 0.259,
        "estimated_landing_time": 1416.0,
        "wait_time": 0,
        "Landing_success_rate": 0.8799
    },
    {
        "model": 0,
        "sequence": 8,
        "status": 1,
        "fuel": 5617,
        "fault": 0.7046,
        "weapon": 0,
        "pilot_injury": 0.4618,
        "pilot_skill": 0.2564,
        "mission_priority": 0.7277,
        "estimated_landing_time": 758.0,
        "wait_time": 0,
        "Landing_success_rate": 0.8526
    },
    {
        "model": 2,
        "sequence": 17,
        "status": 1,
        "fuel": 6604,
        "fault": 0.1815,
        "weapon": 0,
        "pilot_injury": 0.7486,
        "pilot_skill": 0.4371,
        "mission_priority": 0.7053,
        "estimated_landing_time": 1604.0,
        "wait_time": 0,
        "Landing_success_rate": 0.9178
    },
    {
        "model": 1,
        "sequence": 10,
        "status": 1,
        "fuel": 5799,
        "fault": 0.1882,
        "weapon": 0,
        "pilot_injury": 0.5978,
        "pilot_skill": 0.0149,
        "mission_priority": 0.3529,
        "estimated_landing_time": 946.0,
        "wait_time": 0,
        "Landing_success_rate": 0.8682
    },
    {
        "model": 0,
        "sequence": 2,
        "status": 1,
        "fuel": 6865,
        "fault": 0.9246,
        "weapon": 1,
        "pilot_injury": 0.2978,
        "pilot_skill": 0.4559,
        "mission_priority": 0.0712,
        "estimated_landing_time": 194.0,
        "wait_time": 0,
        "Landing_success_rate": 0.8577
    },
    {
        "model": 0,
        "sequence": 4,
        "status": 1,
        "fuel": 7181,
        "fault": 0.3086,
        "weapon": 1,
        "pilot_injury": 0.7254,
        "pilot_skill": 0.0683,
        "mission_priority": 0.9551,
        "estimated_landing_time": 382.0,
        "wait_time": 0,
        "Landing_success_rate": 0.9372
    },
    {
        "model": 1,
        "sequence": 13,
        "status": 1,
        "fuel": 7049,
        "fault": 0.8111,
        "weapon": 0,
        "pilot_injury": 0.8095,
        "pilot_skill": 0.9679,
        "mission_priority": 0.4779,
        "estimated_landing_time": 1228.0,
        "wait_time": 0,
        "Landing_success_rate": 0.8719
    }
]