[
    {
        "model": 0,
        "sequence": 10,
        "status": 1,
        "fuel": 6199,
        "fault": 0.4301,
        "weapon": 0,
        "pilot_injury": 0.9465,
        "pilot_skill": 0.8926,
        "mission_priority": 0.4194,
        "estimated_landing_time": 946.0,
        "wait_time": 0,
        "Landing_success_rate": 0.8799
    },
    {
        "model": 2,
        "sequence": 1,
        "status": 1,
        "fuel": 5631,
        "fault": 0.8232,
        "weapon": 1,
        "pilot_injury": 0.4975,
        "pilot_skill": 0.2047,
        "mission_priority": 0.5911,
        "estimated_landing_time": 100.0,
        "wait_time": 0,
        "Landing_success_rate": 0.8517
    },
    {
        "model": 1,
        "sequence": 6,
        "status": 1,
        "fuel": 6052,
        "fault": 0.2957,
        "weapon": 1,
        "pilot_injury": 0.855,
        "pilot_skill": 0.2071,
        "mission_priority": 0.0712,
        "estimated_landing_time": 570.0,
        "wait_time": 0,
        "Landing_success_rate": 0.8792
    },
    {
        "model": 0,
        "sequence": 7,
        "status": 1,
        "fuel": 6335,
        "fault": 0.2952,
        "weapon": 0,
        "pilot_injury": 0.5069,
        "pilot_skill": 0.4094,
        "mission_priority": 0.8109,
        "estimated_landing_time": 664.0,
        "wait_time": 0,
        "Landing_success_rate": 0.8941
    },
    {
        "model": 1,
        "sequence": 18,
        "status": 1,
        "fuel": 5539,
        "fault": 0.0476,
        "weapon": 1,
        "pilot_injury": 0.6936,
        "pilot_skill": 0.7711,
        "mission_priority": 0.6547,
        "estimated_landing_time": 1698.0,
        "wait_time": 0,
        "Landing_success_rate": 0.8528
    },
    {
        "model": 0,
        "sequence": 12,
        "status": 1,
        "fuel": 7358,
        "fault": 0.5157,
        "weapon": 0,
        "pilot_injury": 0.5391,
        "pilot_skill": 0.2825,
        "mission_priority": 0.4252,
        "estimated_landing_time": 1134.0,
        "wait_time": 0,
        "Landing_success_rate": 0.9175
    },
    {
        "model": 1,
        "sequence": 14,
        "status": 1,
        "fuel": 6080,
        "fault": 0.3918,
        "weapon": 0,
        "pilot_injury": 0.7655,
        "pilot_skill": 0.0,
        "mission_priority": 0.4166,
        "estimated_landing_time": 1322.0,
        "wait_time": 0,
        "Landing_success_rate": 0.8765
    },
    {
        "model": 1,
        "sequence": 11,
        "status": 1,
        "fuel": 6065,
        "fault": 0.3622,
        "weapon": 0,
        "pilot_injury": 0.9731,
        "pilot_skill": 0.2261,
        "mission_priority": 0.3042,
        "estimated_landing_time": 1040.0,
        "wait_time": 0,
        "Landing_success_rate": 0.877
    },
    {
        "model": 0,
        "sequence": 3,
        "status": 1,
        "fuel": 6840,
        "fault": 0.4375,
        "weapon": 1,
        "pilot_injury": 0.0015,
        "pilot_skill": 0.7293,
        "mission_priority": 0.9668,
        "estimated_landing_time": 288.0,
        "wait_time": 0,
        "Landing_success_rate": 0.9065
    },
    {
        "model": 2,
        "sequence": 16,
        "status": 1,
        "fuel": 6561,
        "fault": 0.7317,
        "weapon": 1,
        "pilot_injury": 0.7419,
        "pilot_skill": 0.8484,
        "mission_priority": 0.4226,
        "estimated_landing_time": 1510.0,
        "wait_time": 0,
        "Landing_success_rate": 0.8713
    },
    {
        "model": 1,
        "sequence": 5,
        "status": 1,
        "fuel": 5805,
        "fault": 0.896,
        "weapon": 0,
        "pilot_injury": 0.7126,
        "pilot_skill": 0.8168,
        "mission_priority": 0.1816,
        "estimated_landing_time": 476.0,
        "wait_time": 0,
        "Landing_success_rate": 0.8524
    },
    {
        "model": 2,
        "sequence": 4,
        "status": 1,
        "fuel": 6905,
        "fault": 0.337,
        "weapon": 0,
        "pilot_injury": 0.8067,
        "pilot_skill": 0.9849,
        "mission_priority": 0.7542,
        "estimated_landing_time": 382.0,
        "wait_time": 0,
        "Landing_success_rate": 0.9199
    },
    {
        "model": 2,
        "sequence": 15,
        "status": 1,
        "fuel": 5712,
        "fault": 0.5425,
        "weapon": 1,
        "pilot_injury": 0.661,
        "pilot_skill": 0.0785,
        "mission_priority": 0.5445,
        "estimated_landing_time": 1416.0,
        "wait_time": 0,
        "Landing_success_rate": 0.8573
    },
    {
        "model": 0,
        "sequence": 9,
        "status": 1,
        "fuel": 6725,
        "fault": 0.0207,
        "weapon": 1,
        "pilot_injury": 0.7806,
        "pilot_skill": 0.5838,
        "mission_priority": 0.9522,
        "estimated_landing_time": 852.0,
        "wait_time": 0,
        "Landing_success_rate": 0.94
    },
    {
        "model": 0,
        "sequence": 13,
        "status": 1,
        "fuel": 5509,
        "fault": 0.4819,
        "weapon": 0,
        "pilot_injury": 0.6016,
        "pilot_skill": 0.2966,
        "mission_priority": 0.7144,
        "estimated_landing_time": 1228.0,
        "wait_time": 0,
        "Landing_success_rate": 0.8503
    },
    {
        "model": 0,
        "sequence": 8,
        "status": 1,
        "fuel": 6416,
        "fault": 0.5601,
        "weapon": 0,
        "pilot_injury": 0.5139,
        "pilot_skill": 0.5089,
        "mission_priority": 0.3693,
        "estimated_landing_time": 758.0,
        "wait_time": 0,
        "Landing_success_rate": 0.8802
    },
    {
        "model": 1,
        "sequence": 2,
        "status": 1,
        "fuel": 5988,
        "fault": 0.4488,
        "weapon": 1,
        "pilot_injury": 0.6972,
        "pilot_skill": 0.7143,
        "mission_priority": 0.4617,
        "estimated_landing_time": 194.0,
        "wait_time": 0,
        "Landing_success_rate": 0.8702
    },
    {
        "model": 0,
        "sequence": 17,
        "status": 1,
        "fuel": 6524,
        "fault": 0.122,
        "weapon": 1,
        "pilot_injury": 0.729,
        "pilot_skill": 0.8617,
        "mission_priority": 0.2741,
        "estimated_landing_time": 1604.0,
        "wait_time": 0,
        "Landing_success_rate": 0.9174
    }
]