[
    {
        "model": 2,
        "sequence": 1,
        "status": 1,
        "fuel": 6599,
        "fault": 0.398,
        "weapon": 0,
        "pilot_injury": 0.0661,
        "pilot_skill": 0.9726,
        "mission_priority": 0.3601,
        "estimated_landing_time": 100.0,
        "wait_time": 0,
        "Landing_success_rate": 0.8996
    },
    {
        "model": 1,
        "sequence": 18,
        "status": 1,
        "fuel": 6469,
        "fault": 0.6618,
        "weapon": 1,
        "pilot_injury": 0.6825,
        "pilot_skill": 0.6622,
        "mission_priority": 0.7153,
        "estimated_landing_time": 1698.0,
        "wait_time": 0,
        "Landing_success_rate": 0.8746
    },
    {
        "model": 1,
        "sequence": 7,
        "status": 1,
        "fuel": 5735,
        "fault": 0.0571,
        "weapon": 0,
        "pilot_injury": 0.1253,
        "pilot_skill": 0.6555,
        "mission_priority": 0.0398,
        "estimated_landing_time": 664.0,
        "wait_time": 0,
        "Landing_success_rate": 0.8666
    },
    {
        "model": 1,
        "sequence": 16,
        "status": 1,
        "fuel": 6944,
        "fault": 0.1397,
        "weapon": 0,
        "pilot_injury": 0.8908,
        "pilot_skill": 0.449,
        "mission_priority": 0.4593,
        "estimated_landing_time": 1510.0,
        "wait_time": 0,
        "Landing_success_rate": 0.9432
    },
    {
        "model": 2,
        "sequence": 11,
        "status": 1,
        "fuel": 5648,
        "fault": 0.8694,
        "weapon": 0,
        "pilot_injury": 0.8213,
        "pilot_skill": 0.2447,
        "mission_priority": 0.4213,
        "estimated_landing_time": 1040.0,
        "wait_time": 0,
        "Landing_success_rate": 0.8514
    },
    {
        "model": 2,
        "sequence": 4,
        "status": 1,
        "fuel": 6697,
        "fault": 0.9377,
        "weapon": 1,
        "pilot_injury": 0.2432,
        "pilot_skill": 0.5506,
        "mission_priority": 0.1925,
        "estimated_landing_time": 382.0,
        "wait_time": 0,
        "Landing_success_rate": 0.8556
    },
    {
        "model": 2,
        "sequence": 8,
        "status": 1,
        "fuel": 6032,
        "fault": 0.2543,
        "weapon": 1,
        "pilot_injury": 0.8205,
        "pilot_skill": 0.76,
        "mission_priority": 0.0488,
        "estimated_landing_time": 758.0,
        "wait_time": 0,
        "Landing_success_rate": 0.8798
    },
    {
        "model": 1,
        "sequence": 13,
        "status": 1,
        "fuel": 6581,
        "fault": 0.6058,
        "weapon": 1,
        "pilot_injury": 0.3424,
        "pilot_skill": 0.5465,
        "mission_priority": 0.0914,
        "estimated_landing_time": 1228.0,
        "wait_time": 0,
        "Landing_success_rate": 0.882
    },
    {
        "model": 2,
        "sequence": 9,
        "status": 1,
        "fuel": 7189,
        "fault": 0.7531,
        "weapon": 1,
        "pilot_injury": 0.1866,
        "pilot_skill": 0.1882,
        "mission_priority": 0.1842,
        "estimated_landing_time": 852.0,
        "wait_time": 0,
        "Landing_success_rate": 0.8813
    },
    {
        "model": 0,
        "sequence": 5,
        "status": 1,
        "fuel": 6865,
        "fault": 0.9478,
        "weapon": 0,
        "pilot_injury": 0.8403,
        "pilot_skill": 0.0175,
        "mission_priority": 0.049,
        "estimated_landing_time": 476.0,
        "wait_time": 0,
        "Landing_success_rate": 0.8553
    },
    {
        "model": 2,
        "sequence": 10,
        "status": 1,
        "fuel": 6177,
        "fault": 0.2029,
        "weapon": 0,
        "pilot_injury": 0.3267,
        "pilot_skill": 0.3496,
        "mission_priority": 0.5963,
        "estimated_landing_time": 946.0,
        "wait_time": 0,
        "Landing_success_rate": 0.8905
    },
    {
        "model": 2,
        "sequence": 12,
        "status": 1,
        "fuel": 5715,
        "fault": 0.9666,
        "weapon": 0,
        "pilot_injury": 0.7352,
        "pilot_skill": 0.6256,
        "mission_priority": 0.5808,
        "estimated_landing_time": 1134.0,
        "wait_time": 0,
        "Landing_success_rate": 0.8505
    },
    {
        "model": 2,
        "sequence": 14,
        "status": 1,
        "fuel": 6226,
        "fault": 0.6869,
        "weapon": 1,
        "pilot_injury": 0.2059,
        "pilot_skill": 0.3525,
        "mission_priority": 0.1261,
        "estimated_landing_time": 1322.0,
        "wait_time": 0,
        "Landing_success_rate": 0.867
    },
    {
        "model": 2,
        "sequence": 2,
        "status": 1,
        "fuel": 7337,
        "fault": 0.3058,
        "weapon": 0,
        "pilot_injury": 0.8586,
        "pilot_skill": 0.9627,
        "mission_priority": 0.6283,
        "estimated_landing_time": 194.0,
        "wait_time": 0,
        "Landing_success_rate": 0.9456
    },
    {
        "model": 2,
        "sequence": 17,
        "status": 1,
        "fuel": 6447,
        "fault": 0.3433,
        "weapon": 0,
        "pilot_injury": 0.8129,
        "pilot_skill": 0.5788,
        "mission_priority": 0.6183,
        "estimated_landing_time": 1604.0,
        "wait_time": 0,
        "Landing_success_rate": 0.8966
    },
    {
        "model": 0,
        "sequence": 15,
        "status": 1,
        "fuel": 7101,
        "fault": 0.0708,
        "weapon": 1,
        "pilot_injury": 0.8345,
        "pilot_skill": 0.0562,
        "mission_priority": 0.7475,
        "estimated_landing_time": 1416.0,
        "wait_time": 0,
        "Landing_success_rate": 0.9616
    },
    {
        "model": 0,
        "sequence": 3,
        "status": 1,
        "fuel": 6626,
        "fault": 0.9503,
        "weapon": 1,
        "pilot_injury": 0.6404,
        "pilot_skill": 0.3142,
        "mission_priority": 0.958,
        "estimated_landing_time": 288.0,
        "wait_time": 0,
        "Landing_success_rate": 0.8542
    },
    {
        "model": 2,
        "sequence": 6,
        "status": 1,
        "fuel": 6127,
        "fault": 0.9539,
        "weapon": 0,
        "pilot_injury": 0.1665,
        "pilot_skill": 0.7122,
        "mission_priority": 0.1759,
        "estimated_landing_time": 570.0,
        "wait_time": 0,
        "Landing_success_rate": 0.8522
    }
]