[
    {
        "model": 2,
        "sequence": 6,
        "status": 1,
        "fuel": 5517,
        "fault": 0.5568,
        "weapon": 0,
        "pilot_injury": 0.8442,
        "pilot_skill": 0.93,
        "mission_priority": 0.0704,
        "estimated_landing_time": 570.0,
        "wait_time": 0,
        "Landing_success_rate": 0.8506
    },
    {
        "model": 1,
        "sequence": 2,
        "status": 1,
        "fuel": 6125,
        "fault": 0.615,
        "weapon": 1,
        "pilot_injury": 0.3586,
        "pilot_skill": 0.2542,
        "mission_priority": 0.2953,
        "estimated_landing_time": 194.0,
        "wait_time": 0,
        "Landing_success_rate": 0.868
    },
    {
        "model": 0,
        "sequence": 11,
        "status": 1,
        "fuel": 6284,
        "fault": 0.8487,
        "weapon": 0,
        "pilot_injury": 0.7025,
        "pilot_skill": 0.3595,
        "mission_priority": 0.2936,
        "estimated_landing_time": 1040.0,
        "wait_time": 0,
        "Landing_success_rate": 0.8589
    },
    {
        "model": 1,
        "sequence": 17,
        "status": 1,
        "fuel": 6258,
        "fault": 0.4198,
        "weapon": 1,
        "pilot_injury": 0.8671,
        "pilot_skill": 0.9132,
        "mission_priority": 0.5113,
        "estimated_landing_time": 1604.0,
        "wait_time": 0,
        "Landing_success_rate": 0.883
    },
    {
        "model": 0,
        "sequence": 10,
        "status": 1,
        "fuel": 7348,
        "fault": 0.6279,
        "weapon": 1,
        "pilot_injury": 0.65,
        "pilot_skill": 0.702,
        "mission_priority": 0.7958,
        "estimated_landing_time": 946.0,
        "wait_time": 0,
        "Landing_success_rate": 0.9016
    },
    {
        "model": 2,
        "sequence": 15,
        "status": 1,
        "fuel": 6471,
        "fault": 0.8866,
        "weapon": 0,
        "pilot_injury": 0.3756,
        "pilot_skill": 0.094,
        "mission_priority": 0.5783,
        "estimated_landing_time": 1416.0,
        "wait_time": 0,
        "Landing_success_rate": 0.8583
    },
    {
        "model": 0,
        "sequence": 12,
        "status": 1,
        "fuel": 6353,
        "fault": 0.3282,
        "weapon": 1,
        "pilot_injury": 0.5426,
        "pilot_skill": 0.2865,
        "mission_priority": 0.5908,
        "estimated_landing_time": 1134.0,
        "wait_time": 0,
        "Landing_success_rate": 0.893
    },
    {
        "model": 0,
        "sequence": 7,
        "status": 1,
        "fuel": 6865,
        "fault": 0.2503,
        "weapon": 1,
        "pilot_injury": 0.8226,
        "pilot_skill": 0.3602,
        "mission_priority": 0.1271,
        "estimated_landing_time": 664.0,
        "wait_time": 0,
        "Landing_success_rate": 0.9268
    },
    {
        "model": 0,
        "sequence": 4,
        "status": 1,
        "fuel": 6492,
        "fault": 0.8279,
        "weapon": 1,
        "pilot_injury": 0.2158,
        "pilot_skill": 0.6229,
        "mission_priority": 0.0853,
        "estimated_landing_time": 382.0,
        "wait_time": 0,
        "Landing_success_rate": 0.8628
    },
    {
        "model": 2,
        "sequence": 14,
        "status": 1,
        "fuel": 6376,
        "fault": 0.1944,
        "weapon": 1,
        "pilot_injury": 0.5406,
        "pilot_skill": 0.6374,
        "mission_priority": 0.7261,
        "estimated_landing_time": 1322.0,
        "wait_time": 0,
        "Landing_success_rate": 0.9029
    },
    {
        "model": 2,
        "sequence": 18,
        "status": 1,
        "fuel": 5768,
        "fault": 0.9695,
        "weapon": 1,
        "pilot_injury": 0.323,
        "pilot_skill": 0.7952,
        "mission_priority": 0.2708,
        "estimated_landing_time": 1698.0,
        "wait_time": 0,
        "Landing_success_rate": 0.8506
    },
    {
        "model": 0,
        "sequence": 16,
        "status": 1,
        "fuel": 7127,
        "fault": 0.744,
        "weapon": 1,
        "pilot_injury": 0.0254,
        "pilot_skill": 0.9626,
        "mission_priority": 0.836,
        "estimated_landing_time": 1510.0,
        "wait_time": 0,
        "Landing_success_rate": 0.8812
    },
    {
        "model": 0,
        "sequence": 1,
        "status": 1,
        "fuel": 6916,
        "fault": 0.6885,
        "weapon": 0,
        "pilot_injury": 0.1733,
        "pilot_skill": 0.1564,
        "mission_priority": 0.2502,
        "estimated_landing_time": 100.0,
        "wait_time": 0,
        "Landing_success_rate": 0.8831
    },
    {
        "model": 1,
        "sequence": 13,
        "status": 1,
        "fuel": 7161,
        "fault": 0.0939,
        "weapon": 0,
        "pilot_injury": 0.6602,
        "pilot_skill": 0.2799,
        "mission_priority": 0.9549,
        "estimated_landing_time": 1228.0,
        "wait_time": 0,
        "Landing_success_rate": 0.9629
    },
    {
        "model": 0,
        "sequence": 8,
        "status": 1,
        "fuel": 6203,
        "fault": 0.5544,
        "weapon": 1,
        "pilot_injury": 0.73,
        "pilot_skill": 0.0477,
        "mission_priority": 0.566,
        "estimated_landing_time": 758.0,
        "wait_time": 0,
        "Landing_success_rate": 0.8735
    },
    {
        "model": 1,
        "sequence": 5,
        "status": 1,
        "fuel": 6958,
        "fault": 0.7578,
        "weapon": 0,
        "pilot_injury": 0.3419,
        "pilot_skill": 0.0918,
        "mission_priority": 0.0942,
        "estimated_landing_time": 476.0,
        "wait_time": 0,
        "Landing_success_rate": 0.8765
    },
    {
        "model": 0,
        "sequence": 9,
        "status": 1,
        "fuel": 5593,
        "fault": 0.8555,
        "weapon": 1,
        "pilot_injury": 0.1753,
        "pilot_skill": 0.0172,
        "mission_priority": 0.7634,
        "estimated_landing_time": 852.0,
        "wait_time": 0,
        "Landing_success_rate": 0.851
    },
    {
        "model": 1,
        "sequence": 3,
        "status": 1,
        "fuel": 5840,
        "fault": 0.4735,
        "weapon": 0,
        "pilot_injury": 0.4647,
        "pilot_skill": 0.6498,
        "mission_priority": 0.0481,
        "estimated_landing_time": 288.0,
        "wait_time": 0,
        "Landing_success_rate": 0.8634
    }
]