[
    {
        "model": 0,
        "sequence": 2,
        "status": 1,
        "fuel": 6973,
        "fault": 0.7074,
        "weapon": 0,
        "pilot_injury": 0.5788,
        "pilot_skill": 0.5695,
        "mission_priority": 0.8684,
        "estimated_landing_time": 194.0,
        "wait_time": 0,
        "Landing_success_rate": 0.8823
    },
    {
        "model": 2,
        "sequence": 8,
        "status": 1,
        "fuel": 6150,
        "fault": 0.9291,
        "weapon": 0,
        "pilot_injury": 0.6185,
        "pilot_skill": 0.6331,
        "mission_priority": 0.4693,
        "estimated_landing_time": 758.0,
        "wait_time": 0,
        "Landing_success_rate": 0.8535
    },
    {
        "model": 2,
        "sequence": 7,
        "status": 1,
        "fuel": 7184,
        "fault": 0.9811,
        "weapon": 1,
        "pilot_injury": 0.861,
        "pilot_skill": 0.4612,
        "mission_priority": 0.9399,
        "estimated_landing_time": 664.0,
        "wait_time": 0,
        "Landing_success_rate": 0.8524
    },
    {
        "model": 2,
        "sequence": 9,
        "status": 1,
        "fuel": 6537,
        "fault": 0.0533,
        "weapon": 0,
        "pilot_injury": 0.8328,
        "pilot_skill": 0.3624,
        "mission_priority": 0.8636,
        "estimated_landing_time": 852.0,
        "wait_time": 0,
        "Landing_success_rate": 0.9236
    },
    {
        "model": 0,
        "sequence": 6,
        "status": 1,
        "fuel": 6387,
        "fault": 0.9417,
        "weapon": 0,
        "pilot_injury": 0.6316,
        "pilot_skill": 0.0544,
        "mission_priority": 0.6443,
        "estimated_landing_time": 570.0,
        "wait_time": 0,
        "Landing_success_rate": 0.8539
    },
    {
        "model": 2,
        "sequence": 14,
        "status": 1,
        "fuel": 6356,
        "fault": 0.6486,
        "weapon": 1,
        "pilot_injury": 0.5547,
        "pilot_skill": 0.7478,
        "mission_priority": 0.8103,
        "estimated_landing_time": 1322.0,
        "wait_time": 0,
        "Landing_success_rate": 0.8726
    },
    {
        "model": 1,
        "sequence": 18,
        "status": 1,
        "fuel": 5692,
        "fault": 0.1794,
        "weapon": 1,
        "pilot_injury": 0.0423,
        "pilot_skill": 0.5797,
        "mission_priority": 0.4529,
        "estimated_landing_time": 1698.0,
        "wait_time": 0,
        "Landing_success_rate": 0.8618
    },
    {
        "model": 2,
        "sequence": 1,
        "status": 1,
        "fuel": 5929,
        "fault": 0.1697,
        "weapon": 1,
        "pilot_injury": 0.6854,
        "pilot_skill": 0.025,
        "mission_priority": 0.1714,
        "estimated_landing_time": 100.0,
        "wait_time": 0,
        "Landing_success_rate": 0.8767
    },
    {
        "model": 1,
        "sequence": 12,
        "status": 1,
        "fuel": 5706,
        "fault": 0.8382,
        "weapon": 1,
        "pilot_injury": 0.6857,
        "pilot_skill": 0.9102,
        "mission_priority": 0.639,
        "estimated_landing_time": 1134.0,
        "wait_time": 0,
        "Landing_success_rate": 0.8525
    },
    {
        "model": 2,
        "sequence": 17,
        "status": 1,
        "fuel": 5589,
        "fault": 0.4019,
        "weapon": 0,
        "pilot_injury": 0.5845,
        "pilot_skill": 0.8338,
        "mission_priority": 0.6426,
        "estimated_landing_time": 1604.0,
        "wait_time": 0,
        "Landing_success_rate": 0.854
    },
    {
        "model": 0,
        "sequence": 5,
        "status": 1,
        "fuel": 6961,
        "fault": 0.5832,
        "weapon": 1,
        "pilot_injury": 0.0949,
        "pilot_skill": 0.5941,
        "mission_priority": 0.7026,
        "estimated_landing_time": 476.0,
        "wait_time": 0,
        "Landing_success_rate": 0.8957
    },
    {
        "model": 2,
        "sequence": 13,
        "status": 1,
        "fuel": 6552,
        "fault": 0.4233,
        "weapon": 1,
        "pilot_injury": 0.9157,
        "pilot_skill": 0.6163,
        "mission_priority": 0.2463,
        "estimated_landing_time": 1228.0,
        "wait_time": 0,
        "Landing_success_rate": 0.8955
    },
    {
        "model": 1,
        "sequence": 3,
        "status": 1,
        "fuel": 6441,
        "fault": 0.659,
        "weapon": 0,
        "pilot_injury": 0.5016,
        "pilot_skill": 0.9762,
        "mission_priority": 0.6835,
        "estimated_landing_time": 288.0,
        "wait_time": 0,
        "Landing_success_rate": 0.8741
    },
    {
        "model": 1,
        "sequence": 10,
        "status": 1,
        "fuel": 5654,
        "fault": 0.7374,
        "weapon": 1,
        "pilot_injury": 0.8846,
        "pilot_skill": 0.1252,
        "mission_priority": 0.2006,
        "estimated_landing_time": 946.0,
        "wait_time": 0,
        "Landing_success_rate": 0.853
    },
    {
        "model": 2,
        "sequence": 11,
        "status": 1,
        "fuel": 7328,
        "fault": 0.8974,
        "weapon": 0,
        "pilot_injury": 0.603,
        "pilot_skill": 0.619,
        "mission_priority": 0.9408,
        "estimated_landing_time": 1040.0,
        "wait_time": 0,
        "Landing_success_rate": 0.8641
    },
    {
        "model": 1,
        "sequence": 16,
        "status": 1,
        "fuel": 6384,
        "fault": 0.0624,
        "weapon": 1,
        "pilot_injury": 0.3475,
        "pilot_skill": 0.4354,
        "mission_priority": 0.396,
        "estimated_landing_time": 1510.0,
        "wait_time": 0,
        "Landing_success_rate": 0.9122
    },
    {
        "model": 1,
        "sequence": 15,
        "status": 1,
        "fuel": 7308,
        "fault": 0.8525,
        "weapon": 1,
        "pilot_injury": 0.3061,
        "pilot_skill": 0.5519,
        "mission_priority": 0.7894,
        "estimated_landing_time": 1416.0,
        "wait_time": 0,
        "Landing_success_rate": 0.87
    },
    {
        "model": 0,
        "sequence": 4,
        "status": 1,
        "fuel": 6594,
        "fault": 0.2108,
        "weapon": 1,
        "pilot_injury": 0.475,
        "pilot_skill": 0.0552,
        "mission_priority": 0.9424,
        "estimated_landing_time": 382.0,
        "wait_time": 0,
        "Landing_success_rate": 0.9148
    }
]