[
    {
        "model": 1,
        "sequence": 4,
        "status": 1,
        "fuel": 6562,
        "fault": 0.0095,
        "weapon": 0,
        "pilot_injury": 0.7672,
        "pilot_skill": 0.4019,
        "mission_priority": 0.4799,
        "estimated_landing_time": 382.0,
        "wait_time": 0,
        "Landing_success_rate": 0.9289
    },
    {
        "model": 2,
        "sequence": 17,
        "status": 1,
        "fuel": 6196,
        "fault": 0.5808,
        "weapon": 1,
        "pilot_injury": 0.9841,
        "pilot_skill": 0.7683,
        "mission_priority": 0.4178,
        "estimated_landing_time": 1604.0,
        "wait_time": 0,
        "Landing_success_rate": 0.8719
    },
    {
        "model": 0,
        "sequence": 11,
        "status": 1,
        "fuel": 6882,
        "fault": 0.5225,
        "weapon": 0,
        "pilot_injury": 0.2388,
        "pilot_skill": 0.1105,
        "mission_priority": 0.3546,
        "estimated_landing_time": 1040.0,
        "wait_time": 0,
        "Landing_success_rate": 0.8995
    },
    {
        "model": 1,
        "sequence": 9,
        "status": 1,
        "fuel": 7193,
        "fault": 0.8528,
        "weapon": 1,
        "pilot_injury": 0.2336,
        "pilot_skill": 0.0421,
        "mission_priority": 0.0179,
        "estimated_landing_time": 852.0,
        "wait_time": 0,
        "Landing_success_rate": 0.8687
    },
    {
        "model": 2,
        "sequence": 8,
        "status": 1,
        "fuel": 7498,
        "fault": 0.4278,
        "weapon": 0,
        "pilot_injury": 0.3916,
        "pilot_skill": 0.1244,
        "mission_priority": 0.9564,
        "estimated_landing_time": 758.0,
        "wait_time": 0,
        "Landing_success_rate": 0.9357
    },
    {
        "model": 2,
        "sequence": 5,
        "status": 1,
        "fuel": 7328,
        "fault": 0.7863,
        "weapon": 0,
        "pilot_injury": 0.5886,
        "pilot_skill": 0.9823,
        "mission_priority": 0.8842,
        "estimated_landing_time": 476.0,
        "wait_time": 0,
        "Landing_success_rate": 0.8793
    },
    {
        "model": 0,
        "sequence": 14,
        "status": 1,
        "fuel": 6867,
        "fault": 0.4674,
        "weapon": 0,
        "pilot_injury": 0.9892,
        "pilot_skill": 0.7434,
        "mission_priority": 0.065,
        "estimated_landing_time": 1322.0,
        "wait_time": 0,
        "Landing_success_rate": 0.9046
    },
    {
        "model": 1,
        "sequence": 6,
        "status": 1,
        "fuel": 7107,
        "fault": 0.9427,
        "weapon": 0,
        "pilot_injury": 0.2306,
        "pilot_skill": 0.8306,
        "mission_priority": 0.1203,
        "estimated_landing_time": 570.0,
        "wait_time": 0,
        "Landing_success_rate": 0.8569
    },
    {
        "model": 2,
        "sequence": 15,
        "status": 1,
        "fuel": 6630,
        "fault": 0.1765,
        "weapon": 1,
        "pilot_injury": 0.0367,
        "pilot_skill": 0.9573,
        "mission_priority": 0.8262,
        "estimated_landing_time": 1416.0,
        "wait_time": 0,
        "Landing_success_rate": 0.9198
    },
    {
        "model": 0,
        "sequence": 3,
        "status": 1,
        "fuel": 7040,
        "fault": 0.0578,
        "weapon": 0,
        "pilot_injury": 0.2163,
        "pilot_skill": 0.5183,
        "mission_priority": 0.5973,
        "estimated_landing_time": 288.0,
        "wait_time": 0,
        "Landing_success_rate": 0.9588
    },
    {
        "model": 2,
        "sequence": 7,
        "status": 1,
        "fuel": 7276,
        "fault": 0.1739,
        "weapon": 1,
        "pilot_injury": 0.5152,
        "pilot_skill": 0.4912,
        "mission_priority": 0.9963,
        "estimated_landing_time": 664.0,
        "wait_time": 0,
        "Landing_success_rate": 0.96
    },
    {
        "model": 1,
        "sequence": 2,
        "status": 1,
        "fuel": 5502,
        "fault": 0.8158,
        "weapon": 1,
        "pilot_injury": 0.6229,
        "pilot_skill": 0.7479,
        "mission_priority": 0.0349,
        "estimated_landing_time": 194.0,
        "wait_time": 0,
        "Landing_success_rate": 0.85
    },
    {
        "model": 2,
        "sequence": 12,
        "status": 1,
        "fuel": 6079,
        "fault": 0.5801,
        "weapon": 1,
        "pilot_injury": 0.4574,
        "pilot_skill": 0.3912,
        "mission_priority": 0.273,
        "estimated_landing_time": 1134.0,
        "wait_time": 0,
        "Landing_success_rate": 0.8682
    },
    {
        "model": 2,
        "sequence": 10,
        "status": 1,
        "fuel": 7064,
        "fault": 0.8887,
        "weapon": 0,
        "pilot_injury": 0.8522,
        "pilot_skill": 0.0354,
        "mission_priority": 0.3291,
        "estimated_landing_time": 946.0,
        "wait_time": 0,
        "Landing_success_rate": 0.8631
    },
    {
        "model": 2,
        "sequence": 18,
        "status": 1,
        "fuel": 7060,
        "fault": 0.5509,
        "weapon": 0,
        "pilot_injury": 0.2814,
        "pilot_skill": 0.2526,
        "mission_priority": 0.0051,
        "estimated_landing_time": 1698.0,
        "wait_time": 0,
        "Landing_success_rate": 0.9025
    },
    {
        "model": 2,
        "sequence": 16,
        "status": 1,
        "fuel": 6774,
        "fault": 0.7234,
        "weapon": 1,
        "pilot_injury": 0.5326,
        "pilot_skill": 0.9621,
        "mission_priority": 0.1095,
        "estimated_landing_time": 1510.0,
        "wait_time": 0,
        "Landing_success_rate": 0.8764
    },
    {
        "model": 0,
        "sequence": 1,
        "status": 1,
        "fuel": 6295,
        "fault": 0.0761,
        "weapon": 0,
        "pilot_injury": 0.0615,
        "pilot_skill": 0.8829,
        "mission_priority": 0.5161,
        "estimated_landing_time": 100.0,
        "wait_time": 0,
        "Landing_success_rate": 0.9051
    },
    {
        "model": 0,
        "sequence": 13,
        "status": 1,
        "fuel": 5614,
        "fault": 0.8247,
        "weapon": 1,
        "pilot_injury": 0.6621,
        "pilot_skill": 0.5438,
        "mission_priority": 0.8645,
        "estimated_landing_time": 1228.0,
        "wait_time": 0,
        "Landing_success_rate": 0.8515
    }
]