[
    {
        "model": 2,
        "sequence": 18,
        "status": 1,
        "fuel": 5604,
        "fault": 0.054,
        "weapon": 1,
        "pilot_injury": 0.4513,
        "pilot_skill": 0.3842,
        "mission_priority": 0.4323,
        "estimated_landing_time": 1698.0,
        "wait_time": 0,
        "Landing_success_rate": 0.8574
    },
    {
        "model": 1,
        "sequence": 9,
        "status": 1,
        "fuel": 7488,
        "fault": 0.719,
        "weapon": 0,
        "pilot_injury": 0.9222,
        "pilot_skill": 0.4802,
        "mission_priority": 0.6237,
        "estimated_landing_time": 852.0,
        "wait_time": 0,
        "Landing_success_rate": 0.8919
    },
    {
        "model": 0,
        "sequence": 5,
        "status": 1,
        "fuel": 7269,
        "fault": 0.6037,
        "weapon": 1,
        "pilot_injury": 0.4304,
        "pilot_skill": 0.4095,
        "mission_priority": 0.3747,
        "estimated_landing_time": 476.0,
        "wait_time": 0,
        "Landing_success_rate": 0.9026
    },
    {
        "model": 2,
        "sequence": 17,
        "status": 1,
        "fuel": 6860,
        "fault": 0.7488,
        "weapon": 0,
        "pilot_injury": 0.109,
        "pilot_skill": 0.1081,
        "mission_priority": 0.4279,
        "estimated_landing_time": 1604.0,
        "wait_time": 0,
        "Landing_success_rate": 0.8756
    },
    {
        "model": 0,
        "sequence": 8,
        "status": 1,
        "fuel": 6546,
        "fault": 0.9555,
        "weapon": 1,
        "pilot_injury": 0.1437,
        "pilot_skill": 0.5224,
        "mission_priority": 0.0072,
        "estimated_landing_time": 758.0,
        "wait_time": 0,
        "Landing_success_rate": 0.8535
    },
    {
        "model": 1,
        "sequence": 12,
        "status": 1,
        "fuel": 6856,
        "fault": 0.577,
        "weapon": 1,
        "pilot_injury": 0.484,
        "pilot_skill": 0.9783,
        "mission_priority": 0.8741,
        "estimated_landing_time": 1134.0,
        "wait_time": 0,
        "Landing_success_rate": 0.893
    },
    {
        "model": 0,
        "sequence": 6,
        "status": 1,
        "fuel": 5527,
        "fault": 0.1544,
        "weapon": 1,
        "pilot_injury": 0.8456,
        "pilot_skill": 0.9112,
        "mission_priority": 0.8206,
        "estimated_landing_time": 570.0,
        "wait_time": 0,
        "Landing_success_rate": 0.8517
    },
    {
        "model": 2,
        "sequence": 3,
        "status": 1,
        "fuel": 6462,
        "fault": 0.368,
        "weapon": 1,
        "pilot_injury": 0.2586,
        "pilot_skill": 0.7242,
        "mission_priority": 0.908,
        "estimated_landing_time": 288.0,
        "wait_time": 0,
        "Landing_success_rate": 0.8956
    },
    {
        "model": 0,
        "sequence": 10,
        "status": 1,
        "fuel": 6951,
        "fault": 0.0043,
        "weapon": 0,
        "pilot_injury": 0.3095,
        "pilot_skill": 0.9764,
        "mission_priority": 0.2813,
        "estimated_landing_time": 946.0,
        "wait_time": 0,
        "Landing_success_rate": 0.9584
    },
    {
        "model": 0,
        "sequence": 13,
        "status": 1,
        "fuel": 7248,
        "fault": 0.1928,
        "weapon": 0,
        "pilot_injury": 0.7093,
        "pilot_skill": 0.5321,
        "mission_priority": 0.4779,
        "estimated_landing_time": 1228.0,
        "wait_time": 0,
        "Landing_success_rate": 0.9558
    },
    {
        "model": 1,
        "sequence": 15,
        "status": 1,
        "fuel": 6631,
        "fault": 0.0803,
        "weapon": 0,
        "pilot_injury": 0.1908,
        "pilot_skill": 0.5528,
        "mission_priority": 0.2532,
        "estimated_landing_time": 1416.0,
        "wait_time": 0,
        "Landing_success_rate": 0.928
    },
    {
        "model": 1,
        "sequence": 4,
        "status": 1,
        "fuel": 6089,
        "fault": 0.4225,
        "weapon": 1,
        "pilot_injury": 0.1997,
        "pilot_skill": 0.2423,
        "mission_priority": 0.4141,
        "estimated_landing_time": 382.0,
        "wait_time": 0,
        "Landing_success_rate": 0.8755
    },
    {
        "model": 0,
        "sequence": 1,
        "status": 1,
        "fuel": 6939,
        "fault": 0.3007,
        "weapon": 1,
        "pilot_injury": 0.8725,
        "pilot_skill": 0.7121,
        "mission_priority": 0.58,
        "estimated_landing_time": 100.0,
        "wait_time": 0,
        "Landing_success_rate": 0.9255
    },
    {
        "model": 0,
        "sequence": 16,
        "status": 1,
        "fuel": 5907,
        "fault": 0.3336,
        "weapon": 0,
        "pilot_injury": 0.1664,
        "pilot_skill": 0.7864,
        "mission_priority": 0.2501,
        "estimated_landing_time": 1510.0,
        "wait_time": 0,
        "Landing_success_rate": 0.8703
    },
    {
        "model": 0,
        "sequence": 7,
        "status": 1,
        "fuel": 6657,
        "fault": 0.7805,
        "weapon": 0,
        "pilot_injury": 0.8588,
        "pilot_skill": 0.1265,
        "mission_priority": 0.5656,
        "estimated_landing_time": 664.0,
        "wait_time": 0,
        "Landing_success_rate": 0.869
    },
    {
        "model": 1,
        "sequence": 11,
        "status": 1,
        "fuel": 7129,
        "fault": 0.4555,
        "weapon": 1,
        "pilot_injury": 0.9051,
        "pilot_skill": 0.4346,
        "mission_priority": 0.4881,
        "estimated_landing_time": 1040.0,
        "wait_time": 0,
        "Landing_success_rate": 0.9165
    },
    {
        "model": 1,
        "sequence": 14,
        "status": 1,
        "fuel": 6869,
        "fault": 0.008,
        "weapon": 0,
        "pilot_injury": 0.4876,
        "pilot_skill": 0.5783,
        "mission_priority": 0.6892,
        "estimated_landing_time": 1322.0,
        "wait_time": 0,
        "Landing_success_rate": 0.9519
    },
    {
        "model": 0,
        "sequence": 2,
        "status": 1,
        "fuel": 6902,
        "fault": 0.7652,
        "weapon": 0,
        "pilot_injury": 0.4355,
        "pilot_skill": 0.0723,
        "mission_priority": 0.7862,
        "estimated_landing_time": 194.0,
        "wait_time": 0,
        "Landing_success_rate": 0.8747
    }
]