[
    {
        "model": 2,
        "sequence": 13,
        "status": 1,
        "fuel": 7436,
        "fault": 0.1213,
        "weapon": 1,
        "pilot_injury": 0.8116,
        "pilot_skill": 0.4823,
        "mission_priority": 0.0573,
        "estimated_landing_time": 1228.0,
        "wait_time": 0,
        "Landing_success_rate": 0.9776
    },
    {
        "model": 0,
        "sequence": 12,
        "status": 1,
        "fuel": 6437,
        "fault": 0.1663,
        "weapon": 1,
        "pilot_injury": 0.7118,
        "pilot_skill": 0.8984,
        "mission_priority": 0.5827,
        "estimated_landing_time": 1134.0,
        "wait_time": 0,
        "Landing_success_rate": 0.9086
    },
    {
        "model": 2,
        "sequence": 5,
        "status": 1,
        "fuel": 5518,
        "fault": 0.9226,
        "weapon": 0,
        "pilot_injury": 0.7211,
        "pilot_skill": 0.1838,
        "mission_priority": 0.3284,
        "estimated_landing_time": 476.0,
        "wait_time": 0,
        "Landing_success_rate": 0.8501
    },
    {
        "model": 2,
        "sequence": 1,
        "status": 1,
        "fuel": 6790,
        "fault": 0.6234,
        "weapon": 0,
        "pilot_injury": 0.2488,
        "pilot_skill": 0.4079,
        "mission_priority": 0.2796,
        "estimated_landing_time": 100.0,
        "wait_time": 0,
        "Landing_success_rate": 0.8864
    },
    {
        "model": 2,
        "sequence": 2,
        "status": 1,
        "fuel": 6135,
        "fault": 0.5193,
        "weapon": 1,
        "pilot_injury": 0.8131,
        "pilot_skill": 0.2575,
        "mission_priority": 0.7744,
        "estimated_landing_time": 194.0,
        "wait_time": 0,
        "Landing_success_rate": 0.8729
    },
    {
        "model": 1,
        "sequence": 9,
        "status": 1,
        "fuel": 6373,
        "fault": 0.4362,
        "weapon": 1,
        "pilot_injury": 0.856,
        "pilot_skill": 0.75,
        "mission_priority": 0.8051,
        "estimated_landing_time": 852.0,
        "wait_time": 0,
        "Landing_success_rate": 0.8869
    },
    {
        "model": 0,
        "sequence": 14,
        "status": 1,
        "fuel": 5735,
        "fault": 0.347,
        "weapon": 0,
        "pilot_injury": 0.8934,
        "pilot_skill": 0.3878,
        "mission_priority": 0.2879,
        "estimated_landing_time": 1322.0,
        "wait_time": 0,
        "Landing_success_rate": 0.8615
    },
    {
        "model": 2,
        "sequence": 4,
        "status": 1,
        "fuel": 5909,
        "fault": 0.7371,
        "weapon": 1,
        "pilot_injury": 0.8625,
        "pilot_skill": 0.316,
        "mission_priority": 0.8522,
        "estimated_landing_time": 382.0,
        "wait_time": 0,
        "Landing_success_rate": 0.8581
    },
    {
        "model": 0,
        "sequence": 16,
        "status": 1,
        "fuel": 6969,
        "fault": 0.012,
        "weapon": 0,
        "pilot_injury": 0.6235,
        "pilot_skill": 0.0631,
        "mission_priority": 0.3246,
        "estimated_landing_time": 1510.0,
        "wait_time": 0,
        "Landing_success_rate": 0.9589
    },
    {
        "model": 0,
        "sequence": 17,
        "status": 1,
        "fuel": 6643,
        "fault": 0.9725,
        "weapon": 1,
        "pilot_injury": 0.1796,
        "pilot_skill": 0.2814,
        "mission_priority": 0.4576,
        "estimated_landing_time": 1604.0,
        "wait_time": 0,
        "Landing_success_rate": 0.8524
    },
    {
        "model": 0,
        "sequence": 7,
        "status": 1,
        "fuel": 6300,
        "fault": 0.4291,
        "weapon": 1,
        "pilot_injury": 0.7502,
        "pilot_skill": 0.4568,
        "mission_priority": 0.8457,
        "estimated_landing_time": 664.0,
        "wait_time": 0,
        "Landing_success_rate": 0.8843
    },
    {
        "model": 2,
        "sequence": 3,
        "status": 1,
        "fuel": 6821,
        "fault": 0.195,
        "weapon": 1,
        "pilot_injury": 0.828,
        "pilot_skill": 0.378,
        "mission_priority": 0.9812,
        "estimated_landing_time": 288.0,
        "wait_time": 0,
        "Landing_success_rate": 0.9298
    },
    {
        "model": 2,
        "sequence": 15,
        "status": 1,
        "fuel": 5524,
        "fault": 0.1192,
        "weapon": 1,
        "pilot_injury": 0.4023,
        "pilot_skill": 0.425,
        "mission_priority": 0.3829,
        "estimated_landing_time": 1416.0,
        "wait_time": 0,
        "Landing_success_rate": 0.8516
    },
    {
        "model": 0,
        "sequence": 10,
        "status": 1,
        "fuel": 7322,
        "fault": 0.0452,
        "weapon": 1,
        "pilot_injury": 0.9438,
        "pilot_skill": 0.2509,
        "mission_priority": 0.1006,
        "estimated_landing_time": 946.0,
        "wait_time": 0,
        "Landing_success_rate": 0.9805
    },
    {
        "model": 1,
        "sequence": 18,
        "status": 1,
        "fuel": 5728,
        "fault": 0.0399,
        "weapon": 0,
        "pilot_injury": 0.8608,
        "pilot_skill": 0.3462,
        "mission_priority": 0.6538,
        "estimated_landing_time": 1698.0,
        "wait_time": 0,
        "Landing_success_rate": 0.8664
    },
    {
        "model": 0,
        "sequence": 6,
        "status": 1,
        "fuel": 7289,
        "fault": 0.3155,
        "weapon": 0,
        "pilot_injury": 0.8848,
        "pilot_skill": 0.2314,
        "mission_priority": 0.4042,
        "estimated_landing_time": 570.0,
        "wait_time": 0,
        "Landing_success_rate": 0.9418
    },
    {
        "model": 1,
        "sequence": 11,
        "status": 1,
        "fuel": 5676,
        "fault": 0.9663,
        "weapon": 1,
        "pilot_injury": 0.5646,
        "pilot_skill": 0.5166,
        "mission_priority": 0.2846,
        "estimated_landing_time": 1040.0,
        "wait_time": 0,
        "Landing_success_rate": 0.8504
    },
    {
        "model": 0,
        "sequence": 8,
        "status": 1,
        "fuel": 7124,
        "fault": 0.2852,
        "weapon": 0,
        "pilot_injury": 0.6852,
        "pilot_skill": 0.29,
        "mission_priority": 0.2015,
        "estimated_landing_time": 758.0,
        "wait_time": 0,
        "Landing_success_rate": 0.9371
    }
]