[
    {
        "model": 2,
        "sequence": 2,
        "status": 1,
        "fuel": 5988,
        "fault": 0.69,
        "weapon": 1,
        "pilot_injury": 0.1473,
        "pilot_skill": 0.0078,
        "mission_priority": 0.6309,
        "estimated_landing_time": 194.0,
        "wait_time": 0,
        "Landing_success_rate": 0.8613
    },
    {
        "model": 1,
        "sequence": 14,
        "status": 1,
        "fuel": 5958,
        "fault": 0.0446,
        "weapon": 0,
        "pilot_injury": 0.9579,
        "pilot_skill": 0.5297,
        "mission_priority": 0.2419,
        "estimated_landing_time": 1322.0,
        "wait_time": 0,
        "Landing_success_rate": 0.8828
    },
    {
        "model": 1,
        "sequence": 16,
        "status": 1,
        "fuel": 7096,
        "fault": 0.9491,
        "weapon": 1,
        "pilot_injury": 0.0762,
        "pilot_skill": 0.2747,
        "mission_priority": 0.807,
        "estimated_landing_time": 1510.0,
        "wait_time": 0,
        "Landing_success_rate": 0.8561
    },
    {
        "model": 0,
        "sequence": 15,
        "status": 1,
        "fuel": 5709,
        "fault": 0.5469,
        "weapon": 1,
        "pilot_injury": 0.4328,
        "pilot_skill": 0.0439,
        "mission_priority": 0.1657,
        "estimated_landing_time": 1416.0,
        "wait_time": 0,
        "Landing_success_rate": 0.8571
    },
    {
        "model": 2,
        "sequence": 6,
        "status": 1,
        "fuel": 6616,
        "fault": 0.4813,
        "weapon": 0,
        "pilot_injury": 0.05,
        "pilot_skill": 0.8436,
        "mission_priority": 0.9812,
        "estimated_landing_time": 570.0,
        "wait_time": 0,
        "Landing_success_rate": 0.8934
    },
    {
        "model": 0,
        "sequence": 18,
        "status": 1,
        "fuel": 5832,
        "fault": 0.5272,
        "weapon": 0,
        "pilot_injury": 0.242,
        "pilot_skill": 0.9606,
        "mission_priority": 0.1969,
        "estimated_landing_time": 1698.0,
        "wait_time": 0,
        "Landing_success_rate": 0.8618
    },
    {
        "model": 1,
        "sequence": 7,
        "status": 1,
        "fuel": 7390,
        "fault": 0.4982,
        "weapon": 1,
        "pilot_injury": 0.7117,
        "pilot_skill": 0.9811,
        "mission_priority": 0.5695,
        "estimated_landing_time": 664.0,
        "wait_time": 0,
        "Landing_success_rate": 0.9211
    },
    {
        "model": 2,
        "sequence": 9,
        "status": 1,
        "fuel": 6662,
        "fault": 0.459,
        "weapon": 1,
        "pilot_injury": 0.5936,
        "pilot_skill": 0.0731,
        "mission_priority": 0.6223,
        "estimated_landing_time": 852.0,
        "wait_time": 0,
        "Landing_success_rate": 0.8971
    },
    {
        "model": 2,
        "sequence": 1,
        "status": 1,
        "fuel": 5653,
        "fault": 0.0142,
        "weapon": 1,
        "pilot_injury": 0.7926,
        "pilot_skill": 0.9079,
        "mission_priority": 0.9437,
        "estimated_landing_time": 100.0,
        "wait_time": 0,
        "Landing_success_rate": 0.8613
    },
    {
        "model": 1,
        "sequence": 4,
        "status": 1,
        "fuel": 6118,
        "fault": 0.3952,
        "weapon": 1,
        "pilot_injury": 0.9773,
        "pilot_skill": 0.7573,
        "mission_priority": 0.1617,
        "estimated_landing_time": 382.0,
        "wait_time": 0,
        "Landing_success_rate": 0.878
    },
    {
        "model": 0,
        "sequence": 12,
        "status": 1,
        "fuel": 5507,
        "fault": 0.7731,
        "weapon": 1,
        "pilot_injury": 0.2473,
        "pilot_skill": 0.6406,
        "mission_priority": 0.6666,
        "estimated_landing_time": 1134.0,
        "wait_time": 0,
        "Landing_success_rate": 0.8501
    },
    {
        "model": 0,
        "sequence": 8,
        "status": 1,
        "fuel": 5686,
        "fault": 0.9602,
        "weapon": 1,
        "pilot_injury": 0.7716,
        "pilot_skill": 0.4989,
        "mission_priority": 0.0121,
        "estimated_landing_time": 758.0,
        "wait_time": 0,
        "Landing_success_rate": 0.8506
    },
    {
        "model": 2,
        "sequence": 5,
        "status": 1,
        "fuel": 5573,
        "fault": 0.7844,
        "weapon": 1,
        "pilot_injury": 0.9262,
        "pilot_skill": 0.2287,
        "mission_priority": 0.6344,
        "estimated_landing_time": 476.0,
        "wait_time": 0,
        "Landing_success_rate": 0.8512
    },
    {
        "model": 1,
        "sequence": 17,
        "status": 1,
        "fuel": 7251,
        "fault": 0.8081,
        "weapon": 1,
        "pilot_injury": 0.848,
        "pilot_skill": 0.7289,
        "mission_priority": 0.0954,
        "estimated_landing_time": 1604.0,
        "wait_time": 0,
        "Landing_success_rate": 0.8752
    },
    {
        "model": 2,
        "sequence": 11,
        "status": 1,
        "fuel": 6112,
        "fault": 0.2458,
        "weapon": 0,
        "pilot_injury": 0.4809,
        "pilot_skill": 0.6624,
        "mission_priority": 0.1185,
        "estimated_landing_time": 1040.0,
        "wait_time": 0,
        "Landing_success_rate": 0.8846
    },
    {
        "model": 1,
        "sequence": 3,
        "status": 1,
        "fuel": 6788,
        "fault": 0.1538,
        "weapon": 0,
        "pilot_injury": 0.9195,
        "pilot_skill": 0.9933,
        "mission_priority": 0.0449,
        "estimated_landing_time": 288.0,
        "wait_time": 0,
        "Landing_success_rate": 0.9317
    },
    {
        "model": 0,
        "sequence": 13,
        "status": 1,
        "fuel": 6104,
        "fault": 0.4815,
        "weapon": 0,
        "pilot_injury": 0.3925,
        "pilot_skill": 0.7543,
        "mission_priority": 0.9184,
        "estimated_landing_time": 1228.0,
        "wait_time": 0,
        "Landing_success_rate": 0.8735
    },
    {
        "model": 1,
        "sequence": 10,
        "status": 1,
        "fuel": 7148,
        "fault": 0.4444,
        "weapon": 1,
        "pilot_injury": 0.3571,
        "pilot_skill": 0.7875,
        "mission_priority": 0.251,
        "estimated_landing_time": 946.0,
        "wait_time": 0,
        "Landing_success_rate": 0.9187
    }
]