[
    {
        "model": 1,
        "sequence": 6,
        "status": 1,
        "fuel": 6082,
        "fault": 0.089,
        "weapon": 1,
        "pilot_injury": 0.7207,
        "pilot_skill": 0.0486,
        "mission_priority": 0.6512,
        "estimated_landing_time": 570.0,
        "wait_time": 0,
        "Landing_success_rate": 0.8898
    },
    {
        "model": 1,
        "sequence": 3,
        "status": 1,
        "fuel": 5997,
        "fault": 0.0491,
        "weapon": 0,
        "pilot_injury": 0.3008,
        "pilot_skill": 0.2245,
        "mission_priority": 0.552,
        "estimated_landing_time": 288.0,
        "wait_time": 0,
        "Landing_success_rate": 0.8854
    },
    {
        "model": 1,
        "sequence": 18,
        "status": 1,
        "fuel": 6800,
        "fault": 0.9116,
        "weapon": 0,
        "pilot_injury": 0.9635,
        "pilot_skill": 0.4437,
        "mission_priority": 0.7951,
        "estimated_landing_time": 1698.0,
        "wait_time": 0,
        "Landing_success_rate": 0.8586
    },
    {
        "model": 2,
        "sequence": 9,
        "status": 1,
        "fuel": 5789,
        "fault": 0.4082,
        "weapon": 0,
        "pilot_injury": 0.7433,
        "pilot_skill": 0.2169,
        "mission_priority": 0.0612,
        "estimated_landing_time": 852.0,
        "wait_time": 0,
        "Landing_success_rate": 0.8628
    },
    {
        "model": 1,
        "sequence": 11,
        "status": 1,
        "fuel": 6942,
        "fault": 0.3295,
        "weapon": 1,
        "pilot_injury": 0.5064,
        "pilot_skill": 0.3809,
        "mission_priority": 0.44,
        "estimated_landing_time": 1040.0,
        "wait_time": 0,
        "Landing_success_rate": 0.9225
    },
    {
        "model": 2,
        "sequence": 12,
        "status": 1,
        "fuel": 5872,
        "fault": 0.9049,
        "weapon": 1,
        "pilot_injury": 0.1052,
        "pilot_skill": 0.769,
        "mission_priority": 0.6886,
        "estimated_landing_time": 1134.0,
        "wait_time": 0,
        "Landing_success_rate": 0.8527
    },
    {
        "model": 1,
        "sequence": 7,
        "status": 1,
        "fuel": 6402,
        "fault": 0.7946,
        "weapon": 0,
        "pilot_injury": 0.4706,
        "pilot_skill": 0.2114,
        "mission_priority": 0.5366,
        "estimated_landing_time": 664.0,
        "wait_time": 0,
        "Landing_success_rate": 0.8639
    },
    {
        "model": 2,
        "sequence": 14,
        "status": 1,
        "fuel": 7023,
        "fault": 0.5885,
        "weapon": 0,
        "pilot_injury": 0.7313,
        "pilot_skill": 0.9893,
        "mission_priority": 0.2725,
        "estimated_landing_time": 1322.0,
        "wait_time": 0,
        "Landing_success_rate": 0.897
    },
    {
        "model": 0,
        "sequence": 4,
        "status": 1,
        "fuel": 6931,
        "fault": 0.7666,
        "weapon": 0,
        "pilot_injury": 0.9693,
        "pilot_skill": 0.3187,
        "mission_priority": 0.4099,
        "estimated_landing_time": 382.0,
        "wait_time": 0,
        "Landing_success_rate": 0.875
    },
    {
        "model": 0,
        "sequence": 10,
        "status": 1,
        "fuel": 7494,
        "fault": 0.5323,
        "weapon": 1,
        "pilot_injury": 0.8978,
        "pilot_skill": 0.5194,
        "mission_priority": 0.4668,
        "estimated_landing_time": 946.0,
        "wait_time": 0,
        "Landing_success_rate": 0.9199
    },
    {
        "model": 1,
        "sequence": 16,
        "status": 1,
        "fuel": 6812,
        "fault": 0.0304,
        "weapon": 0,
        "pilot_injury": 0.4234,
        "pilot_skill": 0.1724,
        "mission_priority": 0.8157,
        "estimated_landing_time": 1510.0,
        "wait_time": 0,
        "Landing_success_rate": 0.9454
    },
    {
        "model": 2,
        "sequence": 5,
        "status": 1,
        "fuel": 6324,
        "fault": 0.5288,
        "weapon": 1,
        "pilot_injury": 0.9499,
        "pilot_skill": 0.1148,
        "mission_priority": 0.9566,
        "estimated_landing_time": 476.0,
        "wait_time": 0,
        "Landing_success_rate": 0.8791
    },
    {
        "model": 0,
        "sequence": 17,
        "status": 1,
        "fuel": 7239,
        "fault": 0.3711,
        "weapon": 1,
        "pilot_injury": 0.0348,
        "pilot_skill": 0.8889,
        "mission_priority": 0.6416,
        "estimated_landing_time": 1604.0,
        "wait_time": 0,
        "Landing_success_rate": 0.932
    },
    {
        "model": 0,
        "sequence": 15,
        "status": 1,
        "fuel": 6596,
        "fault": 0.3991,
        "weapon": 1,
        "pilot_injury": 0.5083,
        "pilot_skill": 0.4105,
        "mission_priority": 0.8661,
        "estimated_landing_time": 1416.0,
        "wait_time": 0,
        "Landing_success_rate": 0.8994
    },
    {
        "model": 0,
        "sequence": 13,
        "status": 1,
        "fuel": 6854,
        "fault": 0.324,
        "weapon": 1,
        "pilot_injury": 0.9401,
        "pilot_skill": 0.3823,
        "mission_priority": 0.447,
        "estimated_landing_time": 1228.0,
        "wait_time": 0,
        "Landing_success_rate": 0.9186
    },
    {
        "model": 0,
        "sequence": 2,
        "status": 1,
        "fuel": 6229,
        "fault": 0.9,
        "weapon": 1,
        "pilot_injury": 0.3645,
        "pilot_skill": 0.7861,
        "mission_priority": 0.1216,
        "estimated_landing_time": 194.0,
        "wait_time": 0,
        "Landing_success_rate": 0.8555
    },
    {
        "model": 1,
        "sequence": 1,
        "status": 1,
        "fuel": 6487,
        "fault": 0.2162,
        "weapon": 1,
        "pilot_injury": 0.0843,
        "pilot_skill": 0.62,
        "mission_priority": 0.1474,
        "estimated_landing_time": 100.0,
        "wait_time": 0,
        "Landing_success_rate": 0.908
    },
    {
        "model": 2,
        "sequence": 8,
        "status": 1,
        "fuel": 6628,
        "fault": 0.3468,
        "weapon": 1,
        "pilot_injury": 0.7821,
        "pilot_skill": 0.8123,
        "mission_priority": 0.162,
        "estimated_landing_time": 758.0,
        "wait_time": 0,
        "Landing_success_rate": 0.9053
    }
]