[
    {
        "model": 0,
        "sequence": 17,
        "status": 1,
        "fuel": 5623,
        "fault": 0.3887,
        "weapon": 1,
        "pilot_injury": 0.9431,
        "pilot_skill": 0.2407,
        "mission_priority": 0.1215,
        "estimated_landing_time": 1604.0,
        "wait_time": 0,
        "Landing_success_rate": 0.8556
    },
    {
        "model": 0,
        "sequence": 7,
        "status": 1,
        "fuel": 6811,
        "fault": 0.496,
        "weapon": 0,
        "pilot_injury": 0.6458,
        "pilot_skill": 0.2859,
        "mission_priority": 0.8159,
        "estimated_landing_time": 664.0,
        "wait_time": 0,
        "Landing_success_rate": 0.8996
    },
    {
        "model": 1,
        "sequence": 3,
        "status": 1,
        "fuel": 7154,
        "fault": 0.8793,
        "weapon": 1,
        "pilot_injury": 0.9189,
        "pilot_skill": 0.2522,
        "mission_priority": 0.755,
        "estimated_landing_time": 288.0,
        "wait_time": 0,
        "Landing_success_rate": 0.865
    },
    {
        "model": 2,
        "sequence": 18,
        "status": 1,
        "fuel": 6160,
        "fault": 0.9784,
        "weapon": 1,
        "pilot_injury": 0.7285,
        "pilot_skill": 0.7764,
        "mission_priority": 0.6562,
        "estimated_landing_time": 1698.0,
        "wait_time": 0,
        "Landing_success_rate": 0.8511
    },
    {
        "model": 1,
        "sequence": 13,
        "status": 1,
        "fuel": 5702,
        "fault": 0.3201,
        "weapon": 1,
        "pilot_injury": 0.9847,
        "pilot_skill": 0.9374,
        "mission_priority": 0.0432,
        "estimated_landing_time": 1228.0,
        "wait_time": 0,
        "Landing_success_rate": 0.8603
    },
    {
        "model": 2,
        "sequence": 9,
        "status": 1,
        "fuel": 6989,
        "fault": 0.1079,
        "weapon": 0,
        "pilot_injury": 0.726,
        "pilot_skill": 0.8178,
        "mission_priority": 0.2135,
        "estimated_landing_time": 852.0,
        "wait_time": 0,
        "Landing_success_rate": 0.9496
    },
    {
        "model": 0,
        "sequence": 16,
        "status": 1,
        "fuel": 6930,
        "fault": 0.8407,
        "weapon": 0,
        "pilot_injury": 0.4134,
        "pilot_skill": 0.7582,
        "mission_priority": 0.7434,
        "estimated_landing_time": 1510.0,
        "wait_time": 0,
        "Landing_success_rate": 0.8671
    },
    {
        "model": 1,
        "sequence": 15,
        "status": 1,
        "fuel": 6014,
        "fault": 0.2975,
        "weapon": 0,
        "pilot_injury": 0.1516,
        "pilot_skill": 0.0938,
        "mission_priority": 0.5772,
        "estimated_landing_time": 1416.0,
        "wait_time": 0,
        "Landing_success_rate": 0.8771
    },
    {
        "model": 1,
        "sequence": 1,
        "status": 1,
        "fuel": 6804,
        "fault": 0.7611,
        "weapon": 0,
        "pilot_injury": 0.1608,
        "pilot_skill": 0.558,
        "mission_priority": 0.8118,
        "estimated_landing_time": 100.0,
        "wait_time": 0,
        "Landing_success_rate": 0.8734
    },
    {
        "model": 0,
        "sequence": 10,
        "status": 1,
        "fuel": 7399,
        "fault": 0.7265,
        "weapon": 0,
        "pilot_injury": 0.2779,
        "pilot_skill": 0.194,
        "mission_priority": 0.8798,
        "estimated_landing_time": 946.0,
        "wait_time": 0,
        "Landing_success_rate": 0.889
    },
    {
        "model": 0,
        "sequence": 14,
        "status": 1,
        "fuel": 7389,
        "fault": 0.204,
        "weapon": 1,
        "pilot_injury": 0.7423,
        "pilot_skill": 0.8151,
        "mission_priority": 0.615,
        "estimated_landing_time": 1322.0,
        "wait_time": 0,
        "Landing_success_rate": 0.9628
    },
    {
        "model": 0,
        "sequence": 5,
        "status": 1,
        "fuel": 6589,
        "fault": 0.3554,
        "weapon": 0,
        "pilot_injury": 0.5387,
        "pilot_skill": 0.5242,
        "mission_priority": 0.848,
        "estimated_landing_time": 476.0,
        "wait_time": 0,
        "Landing_success_rate": 0.9026
    },
    {
        "model": 1,
        "sequence": 6,
        "status": 1,
        "fuel": 5813,
        "fault": 0.0353,
        "weapon": 0,
        "pilot_injury": 0.011,
        "pilot_skill": 0.7495,
        "mission_priority": 0.7587,
        "estimated_landing_time": 570.0,
        "wait_time": 0,
        "Landing_success_rate": 0.8726
    },
    {
        "model": 2,
        "sequence": 2,
        "status": 1,
        "fuel": 6543,
        "fault": 0.3269,
        "weapon": 0,
        "pilot_injury": 0.842,
        "pilot_skill": 0.4703,
        "mission_priority": 0.5021,
        "estimated_landing_time": 194.0,
        "wait_time": 0,
        "Landing_success_rate": 0.9027
    },
    {
        "model": 1,
        "sequence": 8,
        "status": 1,
        "fuel": 6197,
        "fault": 0.3683,
        "weapon": 0,
        "pilot_injury": 0.6434,
        "pilot_skill": 0.7804,
        "mission_priority": 0.2172,
        "estimated_landing_time": 758.0,
        "wait_time": 0,
        "Landing_success_rate": 0.883
    },
    {
        "model": 2,
        "sequence": 11,
        "status": 1,
        "fuel": 6677,
        "fault": 0.3915,
        "weapon": 0,
        "pilot_injury": 0.0019,
        "pilot_skill": 0.1784,
        "mission_priority": 0.0291,
        "estimated_landing_time": 1040.0,
        "wait_time": 0,
        "Landing_success_rate": 0.9037
    },
    {
        "model": 1,
        "sequence": 12,
        "status": 1,
        "fuel": 6441,
        "fault": 0.3555,
        "weapon": 0,
        "pilot_injury": 0.3877,
        "pilot_skill": 0.4023,
        "mission_priority": 0.8743,
        "estimated_landing_time": 1134.0,
        "wait_time": 0,
        "Landing_success_rate": 0.8955
    },
    {
        "model": 1,
        "sequence": 4,
        "status": 1,
        "fuel": 6744,
        "fault": 0.6423,
        "weapon": 1,
        "pilot_injury": 0.1041,
        "pilot_skill": 0.2254,
        "mission_priority": 0.7029,
        "estimated_landing_time": 382.0,
        "wait_time": 0,
        "Landing_success_rate": 0.8834
    }
]