[
    {
        "model": 1,
        "sequence": 13,
        "status": 1,
        "fuel": 5786,
        "fault": 0.2361,
        "weapon": 0,
        "pilot_injury": 0.442,
        "pilot_skill": 0.3309,
        "mission_priority": 0.4488,
        "estimated_landing_time": 1228.0,
        "wait_time": 0,
        "Landing_success_rate": 0.8664
    },
    {
        "model": 1,
        "sequence": 14,
        "status": 1,
        "fuel": 6343,
        "fault": 0.8289,
        "weapon": 0,
        "pilot_injury": 0.4494,
        "pilot_skill": 0.5879,
        "mission_priority": 0.9486,
        "estimated_landing_time": 1322.0,
        "wait_time": 0,
        "Landing_success_rate": 0.8608
    },
    {
        "model": 1,
        "sequence": 16,
        "status": 1,
        "fuel": 5812,
        "fault": 0.167,
        "weapon": 1,
        "pilot_injury": 0.3794,
        "pilot_skill": 0.6055,
        "mission_priority": 0.3567,
        "estimated_landing_time": 1510.0,
        "wait_time": 0,
        "Landing_success_rate": 0.8695
    },
    {
        "model": 2,
        "sequence": 8,
        "status": 1,
        "fuel": 6727,
        "fault": 0.4746,
        "weapon": 0,
        "pilot_injury": 0.7054,
        "pilot_skill": 0.4464,
        "mission_priority": 0.8642,
        "estimated_landing_time": 758.0,
        "wait_time": 0,
        "Landing_success_rate": 0.8983
    },
    {
        "model": 0,
        "sequence": 18,
        "status": 1,
        "fuel": 7425,
        "fault": 0.2058,
        "weapon": 0,
        "pilot_injury": 0.0342,
        "pilot_skill": 0.9867,
        "mission_priority": 0.123,
        "estimated_landing_time": 1698.0,
        "wait_time": 0,
        "Landing_success_rate": 0.9647
    },
    {
        "model": 0,
        "sequence": 4,
        "status": 1,
        "fuel": 6816,
        "fault": 0.9366,
        "weapon": 0,
        "pilot_injury": 0.64,
        "pilot_skill": 0.2247,
        "mission_priority": 0.18,
        "estimated_landing_time": 382.0,
        "wait_time": 0,
        "Landing_success_rate": 0.8563
    },
    {
        "model": 1,
        "sequence": 1,
        "status": 1,
        "fuel": 6582,
        "fault": 0.3162,
        "weapon": 0,
        "pilot_injury": 0.5847,
        "pilot_skill": 0.6882,
        "mission_priority": 0.3974,
        "estimated_landing_time": 100.0,
        "wait_time": 0,
        "Landing_success_rate": 0.9055
    },
    {
        "model": 0,
        "sequence": 7,
        "status": 1,
        "fuel": 5741,
        "fault": 0.9651,
        "weapon": 0,
        "pilot_injury": 0.0174,
        "pilot_skill": 0.3231,
        "mission_priority": 0.9731,
        "estimated_landing_time": 664.0,
        "wait_time": 0,
        "Landing_success_rate": 0.8506
    },
    {
        "model": 0,
        "sequence": 10,
        "status": 1,
        "fuel": 6562,
        "fault": 0.4547,
        "weapon": 0,
        "pilot_injury": 0.5217,
        "pilot_skill": 0.3427,
        "mission_priority": 0.5322,
        "estimated_landing_time": 946.0,
        "wait_time": 0,
        "Landing_success_rate": 0.8934
    },
    {
        "model": 1,
        "sequence": 5,
        "status": 1,
        "fuel": 5650,
        "fault": 0.03,
        "weapon": 0,
        "pilot_injury": 0.1435,
        "pilot_skill": 0.9398,
        "mission_priority": 0.7329,
        "estimated_landing_time": 476.0,
        "wait_time": 0,
        "Landing_success_rate": 0.8609
    },
    {
        "model": 1,
        "sequence": 3,
        "status": 1,
        "fuel": 6531,
        "fault": 0.9699,
        "weapon": 0,
        "pilot_injury": 0.7308,
        "pilot_skill": 0.1562,
        "mission_priority": 0.2346,
        "estimated_landing_time": 288.0,
        "wait_time": 0,
        "Landing_success_rate": 0.8523
    },
    {
        "model": 0,
        "sequence": 2,
        "status": 1,
        "fuel": 7018,
        "fault": 0.1771,
        "weapon": 1,
        "pilot_injury": 0.6616,
        "pilot_skill": 0.9786,
        "mission_priority": 0.3743,
        "estimated_landing_time": 194.0,
        "wait_time": 0,
        "Landing_success_rate": 0.9437
    },
    {
        "model": 2,
        "sequence": 12,
        "status": 1,
        "fuel": 6937,
        "fault": 0.4972,
        "weapon": 0,
        "pilot_injury": 0.8309,
        "pilot_skill": 0.8646,
        "mission_priority": 0.7685,
        "estimated_landing_time": 1134.0,
        "wait_time": 0,
        "Landing_success_rate": 0.9042
    },
    {
        "model": 1,
        "sequence": 15,
        "status": 1,
        "fuel": 6486,
        "fault": 0.9309,
        "weapon": 1,
        "pilot_injury": 0.9187,
        "pilot_skill": 0.6006,
        "mission_priority": 0.9409,
        "estimated_landing_time": 1416.0,
        "wait_time": 0,
        "Landing_success_rate": 0.8551
    },
    {
        "model": 2,
        "sequence": 9,
        "status": 1,
        "fuel": 7177,
        "fault": 0.3939,
        "weapon": 0,
        "pilot_injury": 0.5772,
        "pilot_skill": 0.3486,
        "mission_priority": 0.1593,
        "estimated_landing_time": 852.0,
        "wait_time": 0,
        "Landing_success_rate": 0.9262
    },
    {
        "model": 0,
        "sequence": 11,
        "status": 1,
        "fuel": 6203,
        "fault": 0.0482,
        "weapon": 0,
        "pilot_injury": 0.8664,
        "pilot_skill": 0.9933,
        "mission_priority": 0.7524,
        "estimated_landing_time": 1040.0,
        "wait_time": 0,
        "Landing_success_rate": 0.9002
    },
    {
        "model": 1,
        "sequence": 17,
        "status": 1,
        "fuel": 7280,
        "fault": 0.567,
        "weapon": 0,
        "pilot_injury": 0.1091,
        "pilot_skill": 0.6505,
        "mission_priority": 0.7652,
        "estimated_landing_time": 1604.0,
        "wait_time": 0,
        "Landing_success_rate": 0.9078
    },
    {
        "model": 2,
        "sequence": 6,
        "status": 1,
        "fuel": 7167,
        "fault": 0.6676,
        "weapon": 1,
        "pilot_injury": 0.9014,
        "pilot_skill": 0.8779,
        "mission_priority": 0.3172,
        "estimated_landing_time": 570.0,
        "wait_time": 0,
        "Landing_success_rate": 0.8916
    }
]