[
    {
        "model": 0,
        "sequence": 4,
        "status": 1,
        "fuel": 5996,
        "fault": 0.0134,
        "weapon": 0,
        "pilot_injury": 0.6232,
        "pilot_skill": 0.0744,
        "mission_priority": 0.5037,
        "estimated_landing_time": 382.0,
        "wait_time": 0,
        "Landing_success_rate": 0.8867
    },
    {
        "model": 1,
        "sequence": 16,
        "status": 1,
        "fuel": 6844,
        "fault": 0.0583,
        "weapon": 0,
        "pilot_injury": 0.6374,
        "pilot_skill": 0.5567,
        "mission_priority": 0.7383,
        "estimated_landing_time": 1510.0,
        "wait_time": 0,
        "Landing_success_rate": 0.9449
    },
    {
        "model": 0,
        "sequence": 5,
        "status": 1,
        "fuel": 6738,
        "fault": 0.2578,
        "weapon": 1,
        "pilot_injury": 0.4328,
        "pilot_skill": 0.4842,
        "mission_priority": 0.6481,
        "estimated_landing_time": 476.0,
        "wait_time": 0,
        "Landing_success_rate": 0.9189
    },
    {
        "model": 0,
        "sequence": 6,
        "status": 1,
        "fuel": 6163,
        "fault": 0.5901,
        "weapon": 0,
        "pilot_injury": 0.6186,
        "pilot_skill": 0.3098,
        "mission_priority": 0.0858,
        "estimated_landing_time": 570.0,
        "wait_time": 0,
        "Landing_success_rate": 0.8704
    },
    {
        "model": 0,
        "sequence": 13,
        "status": 1,
        "fuel": 6455,
        "fault": 0.482,
        "weapon": 1,
        "pilot_injury": 0.6893,
        "pilot_skill": 0.1271,
        "mission_priority": 0.3567,
        "estimated_landing_time": 1228.0,
        "wait_time": 0,
        "Landing_success_rate": 0.8871
    },
    {
        "model": 2,
        "sequence": 12,
        "status": 1,
        "fuel": 7354,
        "fault": 0.3201,
        "weapon": 0,
        "pilot_injury": 0.0437,
        "pilot_skill": 0.2366,
        "mission_priority": 0.8897,
        "estimated_landing_time": 1134.0,
        "wait_time": 0,
        "Landing_success_rate": 0.9445
    },
    {
        "model": 0,
        "sequence": 2,
        "status": 1,
        "fuel": 6627,
        "fault": 0.3215,
        "weapon": 1,
        "pilot_injury": 0.959,
        "pilot_skill": 0.6134,
        "mission_priority": 0.2617,
        "estimated_landing_time": 194.0,
        "wait_time": 0,
        "Landing_success_rate": 0.9074
    },
    {
        "model": 0,
        "sequence": 11,
        "status": 1,
        "fuel": 6554,
        "fault": 0.486,
        "weapon": 0,
        "pilot_injury": 0.2447,
        "pilot_skill": 0.8815,
        "mission_priority": 0.4159,
        "estimated_landing_time": 1040.0,
        "wait_time": 0,
        "Landing_success_rate": 0.8906
    },
    {
        "model": 0,
        "sequence": 3,
        "status": 1,
        "fuel": 6681,
        "fault": 0.212,
        "weapon": 0,
        "pilot_injury": 0.408,
        "pilot_skill": 0.1913,
        "mission_priority": 0.5171,
        "estimated_landing_time": 288.0,
        "wait_time": 0,
        "Landing_success_rate": 0.9198
    },
    {
        "model": 2,
        "sequence": 7,
        "status": 1,
        "fuel": 6579,
        "fault": 0.311,
        "weapon": 0,
        "pilot_injury": 0.0658,
        "pilot_skill": 0.6926,
        "mission_priority": 0.5719,
        "estimated_landing_time": 664.0,
        "wait_time": 0,
        "Landing_success_rate": 0.9058
    },
    {
        "model": 2,
        "sequence": 8,
        "status": 1,
        "fuel": 5946,
        "fault": 0.7729,
        "weapon": 1,
        "pilot_injury": 0.534,
        "pilot_skill": 0.8795,
        "mission_priority": 0.41,
        "estimated_landing_time": 758.0,
        "wait_time": 0,
        "Landing_success_rate": 0.8576
    },
    {
        "model": 2,
        "sequence": 17,
        "status": 1,
        "fuel": 6745,
        "fault": 0.7657,
        "weapon": 1,
        "pilot_injury": 0.2781,
        "pilot_skill": 0.3245,
        "mission_priority": 0.9451,
        "estimated_landing_time": 1604.0,
        "wait_time": 0,
        "Landing_success_rate": 0.8719
    },
    {
        "model": 0,
        "sequence": 9,
        "status": 1,
        "fuel": 6338,
        "fault": 0.9116,
        "weapon": 1,
        "pilot_injury": 0.6713,
        "pilot_skill": 0.1622,
        "mission_priority": 0.4864,
        "estimated_landing_time": 852.0,
        "wait_time": 0,
        "Landing_success_rate": 0.8556
    },
    {
        "model": 1,
        "sequence": 15,
        "status": 1,
        "fuel": 6757,
        "fault": 0.9178,
        "weapon": 0,
        "pilot_injury": 0.6263,
        "pilot_skill": 0.6691,
        "mission_priority": 0.1263,
        "estimated_landing_time": 1416.0,
        "wait_time": 0,
        "Landing_success_rate": 0.8577
    },
    {
        "model": 1,
        "sequence": 10,
        "status": 1,
        "fuel": 5630,
        "fault": 0.6562,
        "weapon": 0,
        "pilot_injury": 0.7747,
        "pilot_skill": 0.2648,
        "mission_priority": 0.9336,
        "estimated_landing_time": 946.0,
        "wait_time": 0,
        "Landing_success_rate": 0.8534
    },
    {
        "model": 1,
        "sequence": 1,
        "status": 1,
        "fuel": 6686,
        "fault": 0.6261,
        "weapon": 1,
        "pilot_injury": 0.2191,
        "pilot_skill": 0.443,
        "mission_priority": 0.6178,
        "estimated_landing_time": 100.0,
        "wait_time": 0,
        "Landing_success_rate": 0.8833
    },
    {
        "model": 0,
        "sequence": 18,
        "status": 1,
        "fuel": 6959,
        "fault": 0.6556,
        "weapon": 1,
        "pilot_injury": 0.9624,
        "pilot_skill": 0.8902,
        "mission_priority": 0.2703,
        "estimated_landing_time": 1698.0,
        "wait_time": 0,
        "Landing_success_rate": 0.8877
    },
    {
        "model": 1,
        "sequence": 14,
        "status": 1,
        "fuel": 6089,
        "fault": 0.5085,
        "weapon": 1,
        "pilot_injury": 0.4618,
        "pilot_skill": 0.3144,
        "mission_priority": 0.581,
        "estimated_landing_time": 1322.0,
        "wait_time": 0,
        "Landing_success_rate": 0.8717
    }
]