[
    {
        "model": 1,
        "sequence": 8,
        "status": 1,
        "fuel": 6508,
        "fault": 0.0827,
        "weapon": 0,
        "pilot_injury": 0.801,
        "pilot_skill": 0.1045,
        "mission_priority": 0.5769,
        "estimated_landing_time": 758.0,
        "wait_time": 0,
        "Landing_success_rate": 0.9193
    },
    {
        "model": 0,
        "sequence": 13,
        "status": 1,
        "fuel": 5810,
        "fault": 0.3615,
        "weapon": 0,
        "pilot_injury": 0.9806,
        "pilot_skill": 0.2147,
        "mission_priority": 0.0672,
        "estimated_landing_time": 1228.0,
        "wait_time": 0,
        "Landing_success_rate": 0.8648
    },
    {
        "model": 1,
        "sequence": 1,
        "status": 1,
        "fuel": 6251,
        "fault": 0.7835,
        "weapon": 1,
        "pilot_injury": 0.0324,
        "pilot_skill": 0.6587,
        "mission_priority": 0.5323,
        "estimated_landing_time": 100.0,
        "wait_time": 0,
        "Landing_success_rate": 0.8622
    },
    {
        "model": 0,
        "sequence": 10,
        "status": 1,
        "fuel": 6343,
        "fault": 0.8731,
        "weapon": 0,
        "pilot_injury": 0.568,
        "pilot_skill": 0.2964,
        "mission_priority": 0.9383,
        "estimated_landing_time": 946.0,
        "wait_time": 0,
        "Landing_success_rate": 0.858
    },
    {
        "model": 0,
        "sequence": 15,
        "status": 1,
        "fuel": 6961,
        "fault": 0.4235,
        "weapon": 1,
        "pilot_injury": 0.2597,
        "pilot_skill": 0.9697,
        "mission_priority": 0.4312,
        "estimated_landing_time": 1416.0,
        "wait_time": 0,
        "Landing_success_rate": 0.9132
    },
    {
        "model": 1,
        "sequence": 9,
        "status": 1,
        "fuel": 7018,
        "fault": 0.1443,
        "weapon": 0,
        "pilot_injury": 0.0528,
        "pilot_skill": 0.692,
        "mission_priority": 0.4579,
        "estimated_landing_time": 852.0,
        "wait_time": 0,
        "Landing_success_rate": 0.9474
    },
    {
        "model": 0,
        "sequence": 14,
        "status": 1,
        "fuel": 6051,
        "fault": 0.9894,
        "weapon": 0,
        "pilot_injury": 0.2529,
        "pilot_skill": 0.5776,
        "mission_priority": 0.3592,
        "estimated_landing_time": 1322.0,
        "wait_time": 0,
        "Landing_success_rate": 0.8504
    },
    {
        "model": 2,
        "sequence": 18,
        "status": 1,
        "fuel": 5904,
        "fault": 0.7452,
        "weapon": 1,
        "pilot_injury": 0.4774,
        "pilot_skill": 0.3508,
        "mission_priority": 0.3626,
        "estimated_landing_time": 1698.0,
        "wait_time": 0,
        "Landing_success_rate": 0.8577
    },
    {
        "model": 1,
        "sequence": 3,
        "status": 1,
        "fuel": 7210,
        "fault": 0.0518,
        "weapon": 1,
        "pilot_injury": 0.2091,
        "pilot_skill": 0.0847,
        "mission_priority": 0.4667,
        "estimated_landing_time": 288.0,
        "wait_time": 0,
        "Landing_success_rate": 0.9716
    },
    {
        "model": 1,
        "sequence": 5,
        "status": 1,
        "fuel": 6089,
        "fault": 0.9129,
        "weapon": 0,
        "pilot_injury": 0.2212,
        "pilot_skill": 0.381,
        "mission_priority": 0.8084,
        "estimated_landing_time": 476.0,
        "wait_time": 0,
        "Landing_success_rate": 0.8538
    },
    {
        "model": 1,
        "sequence": 2,
        "status": 1,
        "fuel": 7345,
        "fault": 0.7619,
        "weapon": 0,
        "pilot_injury": 0.4591,
        "pilot_skill": 0.3033,
        "mission_priority": 0.9326,
        "estimated_landing_time": 194.0,
        "wait_time": 0,
        "Landing_success_rate": 0.8829
    },
    {
        "model": 2,
        "sequence": 16,
        "status": 1,
        "fuel": 5505,
        "fault": 0.6792,
        "weapon": 1,
        "pilot_injury": 0.6839,
        "pilot_skill": 0.5316,
        "mission_priority": 0.0327,
        "estimated_landing_time": 1510.0,
        "wait_time": 0,
        "Landing_success_rate": 0.8501
    },
    {
        "model": 1,
        "sequence": 4,
        "status": 1,
        "fuel": 6528,
        "fault": 0.3118,
        "weapon": 1,
        "pilot_injury": 0.1612,
        "pilot_skill": 0.6564,
        "mission_priority": 0.9712,
        "estimated_landing_time": 382.0,
        "wait_time": 0,
        "Landing_success_rate": 0.9031
    },
    {
        "model": 0,
        "sequence": 7,
        "status": 1,
        "fuel": 6284,
        "fault": 0.9281,
        "weapon": 1,
        "pilot_injury": 0.0685,
        "pilot_skill": 0.4177,
        "mission_priority": 0.1164,
        "estimated_landing_time": 664.0,
        "wait_time": 0,
        "Landing_success_rate": 0.8542
    },
    {
        "model": 0,
        "sequence": 12,
        "status": 1,
        "fuel": 5518,
        "fault": 0.7736,
        "weapon": 0,
        "pilot_injury": 0.6618,
        "pilot_skill": 0.0768,
        "mission_priority": 0.3547,
        "estimated_landing_time": 1134.0,
        "wait_time": 0,
        "Landing_success_rate": 0.8503
    },
    {
        "model": 0,
        "sequence": 11,
        "status": 1,
        "fuel": 7135,
        "fault": 0.6814,
        "weapon": 1,
        "pilot_injury": 0.8336,
        "pilot_skill": 0.8147,
        "mission_priority": 0.6118,
        "estimated_landing_time": 1040.0,
        "wait_time": 0,
        "Landing_success_rate": 0.8891
    },
    {
        "model": 1,
        "sequence": 17,
        "status": 1,
        "fuel": 5644,
        "fault": 0.8993,
        "weapon": 1,
        "pilot_injury": 0.1059,
        "pilot_skill": 0.3549,
        "mission_priority": 0.4132,
        "estimated_landing_time": 1604.0,
        "wait_time": 0,
        "Landing_success_rate": 0.8511
    },
    {
        "model": 0,
        "sequence": 6,
        "status": 1,
        "fuel": 6325,
        "fault": 0.5378,
        "weapon": 0,
        "pilot_injury": 0.0701,
        "pilot_skill": 0.3953,
        "mission_priority": 0.1818,
        "estimated_landing_time": 570.0,
        "wait_time": 0,
        "Landing_success_rate": 0.8786
    }
]