[
    {
        "model": 2,
        "sequence": 4,
        "status": 1,
        "fuel": 5575,
        "fault": 0.8588,
        "weapon": 0,
        "pilot_injury": 0.4145,
        "pilot_skill": 0.0133,
        "mission_priority": 0.2959,
        "estimated_landing_time": 382.0,
        "wait_time": 0,
        "Landing_success_rate": 0.8508
    },
    {
        "model": 1,
        "sequence": 8,
        "status": 1,
        "fuel": 6762,
        "fault": 0.6736,
        "weapon": 0,
        "pilot_injury": 0.7219,
        "pilot_skill": 0.3848,
        "mission_priority": 0.4894,
        "estimated_landing_time": 758.0,
        "wait_time": 0,
        "Landing_success_rate": 0.8809
    },
    {
        "model": 2,
        "sequence": 12,
        "status": 1,
        "fuel": 6568,
        "fault": 0.1653,
        "weapon": 1,
        "pilot_injury": 0.863,
        "pilot_skill": 0.5319,
        "mission_priority": 0.7894,
        "estimated_landing_time": 1134.0,
        "wait_time": 0,
        "Landing_success_rate": 0.9169
    },
    {
        "model": 0,
        "sequence": 2,
        "status": 1,
        "fuel": 7129,
        "fault": 0.1614,
        "weapon": 0,
        "pilot_injury": 0.3452,
        "pilot_skill": 0.4142,
        "mission_priority": 0.7324,
        "estimated_landing_time": 194.0,
        "wait_time": 0,
        "Landing_success_rate": 0.9525
    },
    {
        "model": 0,
        "sequence": 14,
        "status": 1,
        "fuel": 5998,
        "fault": 0.2415,
        "weapon": 1,
        "pilot_injury": 0.6346,
        "pilot_skill": 0.5821,
        "mission_priority": 0.1184,
        "estimated_landing_time": 1322.0,
        "wait_time": 0,
        "Landing_success_rate": 0.8783
    },
    {
        "model": 0,
        "sequence": 15,
        "status": 1,
        "fuel": 6757,
        "fault": 0.6078,
        "weapon": 1,
        "pilot_injury": 0.1669,
        "pilot_skill": 0.2437,
        "mission_priority": 0.2676,
        "estimated_landing_time": 1416.0,
        "wait_time": 0,
        "Landing_success_rate": 0.887
    },
    {
        "model": 2,
        "sequence": 11,
        "status": 1,
        "fuel": 5617,
        "fault": 0.2196,
        "weapon": 1,
        "pilot_injury": 0.5719,
        "pilot_skill": 0.9862,
        "mission_priority": 0.4147,
        "estimated_landing_time": 1040.0,
        "wait_time": 0,
        "Landing_success_rate": 0.8568
    },
    {
        "model": 1,
        "sequence": 18,
        "status": 1,
        "fuel": 6812,
        "fault": 0.4289,
        "weapon": 0,
        "pilot_injury": 0.679,
        "pilot_skill": 0.4119,
        "mission_priority": 0.7536,
        "estimated_landing_time": 1698.0,
        "wait_time": 0,
        "Landing_success_rate": 0.9062
    },
    {
        "model": 0,
        "sequence": 10,
        "status": 1,
        "fuel": 7448,
        "fault": 0.5001,
        "weapon": 0,
        "pilot_injury": 0.5467,
        "pilot_skill": 0.5754,
        "mission_priority": 0.0221,
        "estimated_landing_time": 946.0,
        "wait_time": 0,
        "Landing_success_rate": 0.923
    },
    {
        "model": 0,
        "sequence": 3,
        "status": 1,
        "fuel": 5738,
        "fault": 0.1154,
        "weapon": 0,
        "pilot_injury": 0.4957,
        "pilot_skill": 0.9331,
        "mission_priority": 0.4391,
        "estimated_landing_time": 288.0,
        "wait_time": 0,
        "Landing_success_rate": 0.8658
    },
    {
        "model": 2,
        "sequence": 6,
        "status": 1,
        "fuel": 6355,
        "fault": 0.6921,
        "weapon": 0,
        "pilot_injury": 0.1143,
        "pilot_skill": 0.7648,
        "mission_priority": 0.6789,
        "estimated_landing_time": 570.0,
        "wait_time": 0,
        "Landing_success_rate": 0.8697
    },
    {
        "model": 1,
        "sequence": 9,
        "status": 1,
        "fuel": 6837,
        "fault": 0.5078,
        "weapon": 0,
        "pilot_injury": 0.7765,
        "pilot_skill": 0.6113,
        "mission_priority": 0.8573,
        "estimated_landing_time": 852.0,
        "wait_time": 0,
        "Landing_success_rate": 0.8994
    },
    {
        "model": 2,
        "sequence": 13,
        "status": 1,
        "fuel": 5750,
        "fault": 0.4743,
        "weapon": 0,
        "pilot_injury": 0.8856,
        "pilot_skill": 0.2219,
        "mission_priority": 0.7146,
        "estimated_landing_time": 1228.0,
        "wait_time": 0,
        "Landing_success_rate": 0.8599
    },
    {
        "model": 0,
        "sequence": 5,
        "status": 1,
        "fuel": 6667,
        "fault": 0.01,
        "weapon": 1,
        "pilot_injury": 0.6973,
        "pilot_skill": 0.7526,
        "mission_priority": 0.4651,
        "estimated_landing_time": 476.0,
        "wait_time": 0,
        "Landing_success_rate": 0.9366
    },
    {
        "model": 1,
        "sequence": 17,
        "status": 1,
        "fuel": 7121,
        "fault": 0.8433,
        "weapon": 0,
        "pilot_injury": 0.1274,
        "pilot_skill": 0.2855,
        "mission_priority": 0.5316,
        "estimated_landing_time": 1604.0,
        "wait_time": 0,
        "Landing_success_rate": 0.8691
    },
    {
        "model": 1,
        "sequence": 1,
        "status": 1,
        "fuel": 6936,
        "fault": 0.1834,
        "weapon": 1,
        "pilot_injury": 0.4046,
        "pilot_skill": 0.4843,
        "mission_priority": 0.0134,
        "estimated_landing_time": 100.0,
        "wait_time": 0,
        "Landing_success_rate": 0.9379
    },
    {
        "model": 0,
        "sequence": 16,
        "status": 1,
        "fuel": 6441,
        "fault": 0.3878,
        "weapon": 1,
        "pilot_injury": 0.0155,
        "pilot_skill": 0.2809,
        "mission_priority": 0.208,
        "estimated_landing_time": 1510.0,
        "wait_time": 0,
        "Landing_success_rate": 0.8932
    },
    {
        "model": 1,
        "sequence": 7,
        "status": 1,
        "fuel": 7171,
        "fault": 0.8774,
        "weapon": 1,
        "pilot_injury": 0.1817,
        "pilot_skill": 0.7431,
        "mission_priority": 0.8479,
        "estimated_landing_time": 664.0,
        "wait_time": 0,
        "Landing_success_rate": 0.8654
    }
]