[
    {
        "model": 2,
        "sequence": 7,
        "status": 1,
        "fuel": 6704,
        "fault": 0.3962,
        "weapon": 0,
        "pilot_injury": 0.1124,
        "pilot_skill": 0.3477,
        "mission_priority": 0.8764,
        "estimated_landing_time": 664.0,
        "wait_time": 0,
        "Landing_success_rate": 0.9045
    },
    {
        "model": 2,
        "sequence": 5,
        "status": 1,
        "fuel": 6780,
        "fault": 0.2956,
        "weapon": 0,
        "pilot_injury": 0.7881,
        "pilot_skill": 0.8355,
        "mission_priority": 0.1627,
        "estimated_landing_time": 476.0,
        "wait_time": 0,
        "Landing_success_rate": 0.9176
    },
    {
        "model": 1,
        "sequence": 1,
        "status": 1,
        "fuel": 6275,
        "fault": 0.735,
        "weapon": 1,
        "pilot_injury": 0.5201,
        "pilot_skill": 0.8303,
        "mission_priority": 0.4192,
        "estimated_landing_time": 100.0,
        "wait_time": 0,
        "Landing_success_rate": 0.8654
    },
    {
        "model": 1,
        "sequence": 16,
        "status": 1,
        "fuel": 7187,
        "fault": 0.05,
        "weapon": 1,
        "pilot_injury": 0.5052,
        "pilot_skill": 0.5313,
        "mission_priority": 0.8056,
        "estimated_landing_time": 1510.0,
        "wait_time": 0,
        "Landing_success_rate": 0.9702
    },
    {
        "model": 1,
        "sequence": 17,
        "status": 1,
        "fuel": 7451,
        "fault": 0.6152,
        "weapon": 1,
        "pilot_injury": 0.7808,
        "pilot_skill": 0.1918,
        "mission_priority": 0.0501,
        "estimated_landing_time": 1604.0,
        "wait_time": 0,
        "Landing_success_rate": 0.9063
    },
    {
        "model": 2,
        "sequence": 10,
        "status": 1,
        "fuel": 7368,
        "fault": 0.778,
        "weapon": 0,
        "pilot_injury": 0.2467,
        "pilot_skill": 0.6953,
        "mission_priority": 0.4094,
        "estimated_landing_time": 946.0,
        "wait_time": 0,
        "Landing_success_rate": 0.8811
    },
    {
        "model": 2,
        "sequence": 18,
        "status": 1,
        "fuel": 6733,
        "fault": 0.0567,
        "weapon": 0,
        "pilot_injury": 0.0119,
        "pilot_skill": 0.3007,
        "mission_priority": 0.5781,
        "estimated_landing_time": 1698.0,
        "wait_time": 0,
        "Landing_success_rate": 0.9372
    },
    {
        "model": 2,
        "sequence": 3,
        "status": 1,
        "fuel": 7356,
        "fault": 0.6146,
        "weapon": 0,
        "pilot_injury": 0.8766,
        "pilot_skill": 0.9125,
        "mission_priority": 0.266,
        "estimated_landing_time": 288.0,
        "wait_time": 0,
        "Landing_success_rate": 0.9036
    },
    {
        "model": 0,
        "sequence": 13,
        "status": 1,
        "fuel": 7173,
        "fault": 0.3391,
        "weapon": 0,
        "pilot_injury": 0.9491,
        "pilot_skill": 0.9986,
        "mission_priority": 0.2354,
        "estimated_landing_time": 1228.0,
        "wait_time": 0,
        "Landing_success_rate": 0.9329
    },
    {
        "model": 2,
        "sequence": 12,
        "status": 1,
        "fuel": 6102,
        "fault": 0.6338,
        "weapon": 0,
        "pilot_injury": 0.0081,
        "pilot_skill": 0.0093,
        "mission_priority": 0.4606,
        "estimated_landing_time": 1134.0,
        "wait_time": 0,
        "Landing_success_rate": 0.8665
    },
    {
        "model": 2,
        "sequence": 9,
        "status": 1,
        "fuel": 6611,
        "fault": 0.5265,
        "weapon": 0,
        "pilot_injury": 0.6869,
        "pilot_skill": 0.294,
        "mission_priority": 0.5599,
        "estimated_landing_time": 852.0,
        "wait_time": 0,
        "Landing_success_rate": 0.8895
    },
    {
        "model": 0,
        "sequence": 15,
        "status": 1,
        "fuel": 5580,
        "fault": 0.3121,
        "weapon": 0,
        "pilot_injury": 0.4072,
        "pilot_skill": 0.2323,
        "mission_priority": 0.5348,
        "estimated_landing_time": 1416.0,
        "wait_time": 0,
        "Landing_success_rate": 0.8541
    },
    {
        "model": 0,
        "sequence": 8,
        "status": 1,
        "fuel": 6832,
        "fault": 0.5966,
        "weapon": 1,
        "pilot_injury": 0.1574,
        "pilot_skill": 0.671,
        "mission_priority": 0.7539,
        "estimated_landing_time": 758.0,
        "wait_time": 0,
        "Landing_success_rate": 0.8903
    },
    {
        "model": 0,
        "sequence": 4,
        "status": 1,
        "fuel": 6501,
        "fault": 0.3053,
        "weapon": 1,
        "pilot_injury": 0.0709,
        "pilot_skill": 0.5982,
        "mission_priority": 0.2644,
        "estimated_landing_time": 382.0,
        "wait_time": 0,
        "Landing_success_rate": 0.9022
    },
    {
        "model": 0,
        "sequence": 11,
        "status": 1,
        "fuel": 6881,
        "fault": 0.8341,
        "weapon": 0,
        "pilot_injury": 0.9244,
        "pilot_skill": 0.5491,
        "mission_priority": 0.583,
        "estimated_landing_time": 1040.0,
        "wait_time": 0,
        "Landing_success_rate": 0.8672
    },
    {
        "model": 0,
        "sequence": 14,
        "status": 1,
        "fuel": 6828,
        "fault": 0.9842,
        "weapon": 0,
        "pilot_injury": 0.7772,
        "pilot_skill": 0.2854,
        "mission_priority": 0.8442,
        "estimated_landing_time": 1322.0,
        "wait_time": 0,
        "Landing_success_rate": 0.8516
    },
    {
        "model": 0,
        "sequence": 6,
        "status": 1,
        "fuel": 7349,
        "fault": 0.0595,
        "weapon": 0,
        "pilot_injury": 0.8229,
        "pilot_skill": 0.1889,
        "mission_priority": 0.7011,
        "estimated_landing_time": 570.0,
        "wait_time": 0,
        "Landing_success_rate": 0.9804
    },
    {
        "model": 1,
        "sequence": 2,
        "status": 1,
        "fuel": 6470,
        "fault": 0.9995,
        "weapon": 1,
        "pilot_injury": 0.2963,
        "pilot_skill": 0.7256,
        "mission_priority": 0.2298,
        "estimated_landing_time": 194.0,
        "wait_time": 0,
        "Landing_success_rate": 0.85
    }
]