[
    {
        "model": 1,
        "sequence": 6,
        "status": 1,
        "fuel": 6582,
        "fault": 0.6773,
        "weapon": 0,
        "pilot_injury": 0.3751,
        "pilot_skill": 0.5089,
        "mission_priority": 0.319,
        "estimated_landing_time": 570.0,
        "wait_time": 0,
        "Landing_success_rate": 0.8762
    },
    {
        "model": 1,
        "sequence": 5,
        "status": 1,
        "fuel": 7321,
        "fault": 0.9537,
        "weapon": 0,
        "pilot_injury": 0.8707,
        "pilot_skill": 0.4218,
        "mission_priority": 0.6913,
        "estimated_landing_time": 476.0,
        "wait_time": 0,
        "Landing_success_rate": 0.8563
    },
    {
        "model": 1,
        "sequence": 10,
        "status": 1,
        "fuel": 6105,
        "fault": 0.3622,
        "weapon": 1,
        "pilot_injury": 0.4143,
        "pilot_skill": 0.1124,
        "mission_priority": 0.0756,
        "estimated_landing_time": 946.0,
        "wait_time": 0,
        "Landing_success_rate": 0.8789
    },
    {
        "model": 0,
        "sequence": 18,
        "status": 1,
        "fuel": 5563,
        "fault": 0.0607,
        "weapon": 1,
        "pilot_injury": 0.8498,
        "pilot_skill": 0.2925,
        "mission_priority": 0.1675,
        "estimated_landing_time": 1698.0,
        "wait_time": 0,
        "Landing_success_rate": 0.8544
    },
    {
        "model": 2,
        "sequence": 7,
        "status": 1,
        "fuel": 7225,
        "fault": 0.8279,
        "weapon": 1,
        "pilot_injury": 0.1325,
        "pilot_skill": 0.6723,
        "mission_priority": 0.5087,
        "estimated_landing_time": 664.0,
        "wait_time": 0,
        "Landing_success_rate": 0.8723
    },
    {
        "model": 1,
        "sequence": 16,
        "status": 1,
        "fuel": 5532,
        "fault": 0.9348,
        "weapon": 1,
        "pilot_injury": 0.3257,
        "pilot_skill": 0.4726,
        "mission_priority": 0.8774,
        "estimated_landing_time": 1510.0,
        "wait_time": 0,
        "Landing_success_rate": 0.8502
    },
    {
        "model": 2,
        "sequence": 3,
        "status": 1,
        "fuel": 5560,
        "fault": 0.4707,
        "weapon": 1,
        "pilot_injury": 0.369,
        "pilot_skill": 0.8546,
        "mission_priority": 0.8022,
        "estimated_landing_time": 288.0,
        "wait_time": 0,
        "Landing_success_rate": 0.8524
    },
    {
        "model": 2,
        "sequence": 11,
        "status": 1,
        "fuel": 6204,
        "fault": 0.2399,
        "weapon": 1,
        "pilot_injury": 0.1596,
        "pilot_skill": 0.8963,
        "mission_priority": 0.4045,
        "estimated_landing_time": 1040.0,
        "wait_time": 0,
        "Landing_success_rate": 0.8901
    },
    {
        "model": 0,
        "sequence": 12,
        "status": 1,
        "fuel": 5837,
        "fault": 0.9116,
        "weapon": 0,
        "pilot_injury": 0.8208,
        "pilot_skill": 0.2363,
        "mission_priority": 0.6614,
        "estimated_landing_time": 1134.0,
        "wait_time": 0,
        "Landing_success_rate": 0.8522
    },
    {
        "model": 0,
        "sequence": 2,
        "status": 1,
        "fuel": 6470,
        "fault": 0.8312,
        "weapon": 0,
        "pilot_injury": 0.69,
        "pilot_skill": 0.3872,
        "mission_priority": 0.3461,
        "estimated_landing_time": 194.0,
        "wait_time": 0,
        "Landing_success_rate": 0.8623
    },
    {
        "model": 0,
        "sequence": 8,
        "status": 1,
        "fuel": 5610,
        "fault": 0.0002,
        "weapon": 1,
        "pilot_injury": 0.6759,
        "pilot_skill": 0.2487,
        "mission_priority": 0.0155,
        "estimated_landing_time": 758.0,
        "wait_time": 0,
        "Landing_success_rate": 0.8582
    },
    {
        "model": 1,
        "sequence": 15,
        "status": 1,
        "fuel": 5540,
        "fault": 0.2797,
        "weapon": 1,
        "pilot_injury": 0.7091,
        "pilot_skill": 0.0211,
        "mission_priority": 0.0364,
        "estimated_landing_time": 1416.0,
        "wait_time": 0,
        "Landing_success_rate": 0.8522
    },
    {
        "model": 0,
        "sequence": 17,
        "status": 1,
        "fuel": 5512,
        "fault": 0.0785,
        "weapon": 0,
        "pilot_injury": 0.8942,
        "pilot_skill": 0.2282,
        "mission_priority": 0.74,
        "estimated_landing_time": 1604.0,
        "wait_time": 0,
        "Landing_success_rate": 0.8508
    },
    {
        "model": 1,
        "sequence": 4,
        "status": 1,
        "fuel": 6925,
        "fault": 0.9596,
        "weapon": 0,
        "pilot_injury": 0.7005,
        "pilot_skill": 0.4018,
        "mission_priority": 0.0763,
        "estimated_landing_time": 382.0,
        "wait_time": 0,
        "Landing_success_rate": 0.8543
    },
    {
        "model": 1,
        "sequence": 13,
        "status": 1,
        "fuel": 6823,
        "fault": 0.9843,
        "weapon": 0,
        "pilot_injury": 0.0029,
        "pilot_skill": 0.0094,
        "mission_priority": 0.8088,
        "estimated_landing_time": 1228.0,
        "wait_time": 0,
        "Landing_success_rate": 0.8516
    },
    {
        "model": 1,
        "sequence": 14,
        "status": 1,
        "fuel": 6879,
        "fault": 0.5858,
        "weapon": 0,
        "pilot_injury": 0.4542,
        "pilot_skill": 0.8634,
        "mission_priority": 0.917,
        "estimated_landing_time": 1322.0,
        "wait_time": 0,
        "Landing_success_rate": 0.8928
    },
    {
        "model": 1,
        "sequence": 1,
        "status": 1,
        "fuel": 6105,
        "fault": 0.4486,
        "weapon": 0,
        "pilot_injury": 0.863,
        "pilot_skill": 0.266,
        "mission_priority": 0.5908,
        "estimated_landing_time": 100.0,
        "wait_time": 0,
        "Landing_success_rate": 0.875
    },
    {
        "model": 0,
        "sequence": 9,
        "status": 1,
        "fuel": 6534,
        "fault": 0.646,
        "weapon": 1,
        "pilot_injury": 0.9328,
        "pilot_skill": 0.0783,
        "mission_priority": 0.6882,
        "estimated_landing_time": 852.0,
        "wait_time": 0,
        "Landing_success_rate": 0.8775
    }
]