[
    {
        "model": 1,
        "sequence": 18,
        "status": 1,
        "fuel": 6799,
        "fault": 0.5856,
        "weapon": 1,
        "pilot_injury": 0.167,
        "pilot_skill": 0.1212,
        "mission_priority": 0.0854,
        "estimated_landing_time": 1698.0,
        "wait_time": 0,
        "Landing_success_rate": 0.8904
    },
    {
        "model": 1,
        "sequence": 4,
        "status": 1,
        "fuel": 6724,
        "fault": 0.331,
        "weapon": 0,
        "pilot_injury": 0.4163,
        "pilot_skill": 0.4489,
        "mission_priority": 0.599,
        "estimated_landing_time": 382.0,
        "wait_time": 0,
        "Landing_success_rate": 0.9114
    },
    {
        "model": 0,
        "sequence": 15,
        "status": 1,
        "fuel": 7369,
        "fault": 0.8551,
        "weapon": 0,
        "pilot_injury": 0.9315,
        "pilot_skill": 0.9084,
        "mission_priority": 0.7813,
        "estimated_landing_time": 1416.0,
        "wait_time": 0,
        "Landing_success_rate": 0.8703
    },
    {
        "model": 2,
        "sequence": 9,
        "status": 1,
        "fuel": 6252,
        "fault": 0.1072,
        "weapon": 0,
        "pilot_injury": 0.628,
        "pilot_skill": 0.2752,
        "mission_priority": 0.9096,
        "estimated_landing_time": 852.0,
        "wait_time": 0,
        "Landing_success_rate": 0.9004
    },
    {
        "model": 0,
        "sequence": 7,
        "status": 1,
        "fuel": 6651,
        "fault": 0.3703,
        "weapon": 1,
        "pilot_injury": 0.909,
        "pilot_skill": 0.9578,
        "mission_priority": 0.0777,
        "estimated_landing_time": 664.0,
        "wait_time": 0,
        "Landing_success_rate": 0.9044
    },
    {
        "model": 1,
        "sequence": 6,
        "status": 1,
        "fuel": 6180,
        "fault": 0.2006,
        "weapon": 0,
        "pilot_injury": 0.3928,
        "pilot_skill": 0.1797,
        "mission_priority": 0.5781,
        "estimated_landing_time": 570.0,
        "wait_time": 0,
        "Landing_success_rate": 0.8908
    },
    {
        "model": 2,
        "sequence": 3,
        "status": 1,
        "fuel": 6167,
        "fault": 0.264,
        "weapon": 0,
        "pilot_injury": 0.0829,
        "pilot_skill": 0.62,
        "mission_priority": 0.3402,
        "estimated_landing_time": 288.0,
        "wait_time": 0,
        "Landing_success_rate": 0.8868
    },
    {
        "model": 1,
        "sequence": 17,
        "status": 1,
        "fuel": 5955,
        "fault": 0.2849,
        "weapon": 1,
        "pilot_injury": 0.1928,
        "pilot_skill": 0.1911,
        "mission_priority": 0.7688,
        "estimated_landing_time": 1604.0,
        "wait_time": 0,
        "Landing_success_rate": 0.8744
    },
    {
        "model": 1,
        "sequence": 11,
        "status": 1,
        "fuel": 6679,
        "fault": 0.0298,
        "weapon": 0,
        "pilot_injury": 0.2059,
        "pilot_skill": 0.3217,
        "mission_priority": 0.4655,
        "estimated_landing_time": 1040.0,
        "wait_time": 0,
        "Landing_success_rate": 0.9358
    },
    {
        "model": 2,
        "sequence": 13,
        "status": 1,
        "fuel": 5637,
        "fault": 0.0049,
        "weapon": 1,
        "pilot_injury": 0.2069,
        "pilot_skill": 0.3582,
        "mission_priority": 0.1494,
        "estimated_landing_time": 1228.0,
        "wait_time": 0,
        "Landing_success_rate": 0.8602
    },
    {
        "model": 1,
        "sequence": 14,
        "status": 1,
        "fuel": 5949,
        "fault": 0.6594,
        "weapon": 0,
        "pilot_injury": 0.9008,
        "pilot_skill": 0.93,
        "mission_priority": 0.3836,
        "estimated_landing_time": 1322.0,
        "wait_time": 0,
        "Landing_success_rate": 0.8615
    },
    {
        "model": 1,
        "sequence": 2,
        "status": 1,
        "fuel": 5917,
        "fault": 0.4834,
        "weapon": 0,
        "pilot_injury": 0.8067,
        "pilot_skill": 0.0037,
        "mission_priority": 0.3201,
        "estimated_landing_time": 194.0,
        "wait_time": 0,
        "Landing_success_rate": 0.8662
    },
    {
        "model": 1,
        "sequence": 8,
        "status": 1,
        "fuel": 6937,
        "fault": 0.4816,
        "weapon": 0,
        "pilot_injury": 0.1996,
        "pilot_skill": 0.0378,
        "mission_priority": 0.6434,
        "estimated_landing_time": 758.0,
        "wait_time": 0,
        "Landing_success_rate": 0.9059
    },
    {
        "model": 1,
        "sequence": 5,
        "status": 1,
        "fuel": 7486,
        "fault": 0.7653,
        "weapon": 1,
        "pilot_injury": 0.231,
        "pilot_skill": 0.8019,
        "mission_priority": 0.8515,
        "estimated_landing_time": 476.0,
        "wait_time": 0,
        "Landing_success_rate": 0.885
    },
    {
        "model": 1,
        "sequence": 1,
        "status": 1,
        "fuel": 6201,
        "fault": 0.9033,
        "weapon": 1,
        "pilot_injury": 0.9779,
        "pilot_skill": 0.2006,
        "mission_priority": 0.2154,
        "estimated_landing_time": 100.0,
        "wait_time": 0,
        "Landing_success_rate": 0.8551
    },
    {
        "model": 1,
        "sequence": 12,
        "status": 1,
        "fuel": 7210,
        "fault": 0.3796,
        "weapon": 1,
        "pilot_injury": 0.3794,
        "pilot_skill": 0.9108,
        "mission_priority": 0.6153,
        "estimated_landing_time": 1134.0,
        "wait_time": 0,
        "Landing_success_rate": 0.9296
    },
    {
        "model": 1,
        "sequence": 16,
        "status": 1,
        "fuel": 6570,
        "fault": 0.8122,
        "weapon": 1,
        "pilot_injury": 0.0485,
        "pilot_skill": 0.2103,
        "mission_priority": 0.5659,
        "estimated_landing_time": 1510.0,
        "wait_time": 0,
        "Landing_success_rate": 0.8651
    },
    {
        "model": 1,
        "sequence": 10,
        "status": 1,
        "fuel": 6335,
        "fault": 0.5494,
        "weapon": 0,
        "pilot_injury": 0.403,
        "pilot_skill": 0.6492,
        "mission_priority": 0.6981,
        "estimated_landing_time": 946.0,
        "wait_time": 0,
        "Landing_success_rate": 0.8782
    }
]