[
    {
        "model": 2,
        "sequence": 11,
        "status": 1,
        "fuel": 5574,
        "fault": 0.923,
        "weapon": 0,
        "pilot_injury": 0.347,
        "pilot_skill": 0.7375,
        "mission_priority": 0.4522,
        "estimated_landing_time": 1040.0,
        "wait_time": 0,
        "Landing_success_rate": 0.8504
    },
    {
        "model": 1,
        "sequence": 7,
        "status": 1,
        "fuel": 6438,
        "fault": 0.0328,
        "weapon": 0,
        "pilot_injury": 0.1409,
        "pilot_skill": 0.1764,
        "mission_priority": 0.4984,
        "estimated_landing_time": 664.0,
        "wait_time": 0,
        "Landing_success_rate": 0.918
    },
    {
        "model": 0,
        "sequence": 6,
        "status": 1,
        "fuel": 6209,
        "fault": 0.0339,
        "weapon": 0,
        "pilot_injury": 0.3624,
        "pilot_skill": 0.5806,
        "mission_priority": 0.6323,
        "estimated_landing_time": 570.0,
        "wait_time": 0,
        "Landing_success_rate": 0.9014
    },
    {
        "model": 1,
        "sequence": 17,
        "status": 1,
        "fuel": 5655,
        "fault": 0.2127,
        "weapon": 0,
        "pilot_injury": 0.178,
        "pilot_skill": 0.9611,
        "mission_priority": 0.1487,
        "estimated_landing_time": 1604.0,
        "wait_time": 0,
        "Landing_success_rate": 0.8592
    },
    {
        "model": 2,
        "sequence": 3,
        "status": 1,
        "fuel": 7153,
        "fault": 0.8606,
        "weapon": 0,
        "pilot_injury": 0.9969,
        "pilot_skill": 0.5022,
        "mission_priority": 0.5954,
        "estimated_landing_time": 288.0,
        "wait_time": 0,
        "Landing_success_rate": 0.8673
    },
    {
        "model": 0,
        "sequence": 18,
        "status": 1,
        "fuel": 6664,
        "fault": 0.3973,
        "weapon": 0,
        "pilot_injury": 0.2099,
        "pilot_skill": 0.8981,
        "mission_priority": 0.2051,
        "estimated_landing_time": 1698.0,
        "wait_time": 0,
        "Landing_success_rate": 0.9026
    },
    {
        "model": 1,
        "sequence": 2,
        "status": 1,
        "fuel": 5784,
        "fault": 0.625,
        "weapon": 0,
        "pilot_injury": 0.4721,
        "pilot_skill": 0.5648,
        "mission_priority": 0.0657,
        "estimated_landing_time": 194.0,
        "wait_time": 0,
        "Landing_success_rate": 0.858
    },
    {
        "model": 0,
        "sequence": 13,
        "status": 1,
        "fuel": 6089,
        "fault": 0.7141,
        "weapon": 1,
        "pilot_injury": 0.5244,
        "pilot_skill": 0.4408,
        "mission_priority": 0.4008,
        "estimated_landing_time": 1228.0,
        "wait_time": 0,
        "Landing_success_rate": 0.8626
    },
    {
        "model": 1,
        "sequence": 12,
        "status": 1,
        "fuel": 7201,
        "fault": 0.7654,
        "weapon": 1,
        "pilot_injury": 0.1819,
        "pilot_skill": 0.8618,
        "mission_priority": 0.9461,
        "estimated_landing_time": 1134.0,
        "wait_time": 0,
        "Landing_success_rate": 0.8799
    },
    {
        "model": 2,
        "sequence": 4,
        "status": 1,
        "fuel": 6299,
        "fault": 0.2723,
        "weapon": 0,
        "pilot_injury": 0.644,
        "pilot_skill": 0.4087,
        "mission_priority": 0.0254,
        "estimated_landing_time": 382.0,
        "wait_time": 0,
        "Landing_success_rate": 0.8936
    },
    {
        "model": 2,
        "sequence": 10,
        "status": 1,
        "fuel": 6999,
        "fault": 0.8398,
        "weapon": 0,
        "pilot_injury": 0.6589,
        "pilot_skill": 0.0271,
        "mission_priority": 0.222,
        "estimated_landing_time": 946.0,
        "wait_time": 0,
        "Landing_success_rate": 0.868
    },
    {
        "model": 0,
        "sequence": 14,
        "status": 1,
        "fuel": 5942,
        "fault": 0.5055,
        "weapon": 1,
        "pilot_injury": 0.1041,
        "pilot_skill": 0.7999,
        "mission_priority": 0.1785,
        "estimated_landing_time": 1322.0,
        "wait_time": 0,
        "Landing_success_rate": 0.8664
    },
    {
        "model": 1,
        "sequence": 16,
        "status": 1,
        "fuel": 7132,
        "fault": 0.5567,
        "weapon": 1,
        "pilot_injury": 0.0994,
        "pilot_skill": 0.2432,
        "mission_priority": 0.7223,
        "estimated_landing_time": 1510.0,
        "wait_time": 0,
        "Landing_success_rate": 0.9043
    },
    {
        "model": 0,
        "sequence": 9,
        "status": 1,
        "fuel": 6643,
        "fault": 0.8069,
        "weapon": 1,
        "pilot_injury": 0.3972,
        "pilot_skill": 0.6681,
        "mission_priority": 0.205,
        "estimated_landing_time": 852.0,
        "wait_time": 0,
        "Landing_success_rate": 0.8666
    },
    {
        "model": 0,
        "sequence": 5,
        "status": 1,
        "fuel": 6234,
        "fault": 0.324,
        "weapon": 1,
        "pilot_injury": 0.013,
        "pilot_skill": 0.0855,
        "mission_priority": 0.2079,
        "estimated_landing_time": 476.0,
        "wait_time": 0,
        "Landing_success_rate": 0.8872
    },
    {
        "model": 1,
        "sequence": 15,
        "status": 1,
        "fuel": 5646,
        "fault": 0.1228,
        "weapon": 0,
        "pilot_injury": 0.583,
        "pilot_skill": 0.4214,
        "mission_priority": 0.8927,
        "estimated_landing_time": 1416.0,
        "wait_time": 0,
        "Landing_success_rate": 0.8596
    },
    {
        "model": 1,
        "sequence": 8,
        "status": 1,
        "fuel": 6314,
        "fault": 0.6248,
        "weapon": 0,
        "pilot_injury": 0.2594,
        "pilot_skill": 0.3797,
        "mission_priority": 0.5903,
        "estimated_landing_time": 758.0,
        "wait_time": 0,
        "Landing_success_rate": 0.8729
    },
    {
        "model": 1,
        "sequence": 1,
        "status": 1,
        "fuel": 5895,
        "fault": 0.8307,
        "weapon": 0,
        "pilot_injury": 0.4094,
        "pilot_skill": 0.552,
        "mission_priority": 0.4361,
        "estimated_landing_time": 100.0,
        "wait_time": 0,
        "Landing_success_rate": 0.855
    }
]