[
    {
        "model": 1,
        "sequence": 3,
        "status": 1,
        "fuel": 7452,
        "fault": 0.8375,
        "weapon": 1,
        "pilot_injury": 0.9459,
        "pilot_skill": 0.2958,
        "mission_priority": 0.0011,
        "estimated_landing_time": 288.0,
        "wait_time": 0,
        "Landing_success_rate": 0.8738
    },
    {
        "model": 0,
        "sequence": 13,
        "status": 1,
        "fuel": 5622,
        "fault": 0.0817,
        "weapon": 0,
        "pilot_injury": 0.6618,
        "pilot_skill": 0.6337,
        "mission_priority": 0.5935,
        "estimated_landing_time": 1228.0,
        "wait_time": 0,
        "Landing_success_rate": 0.8584
    },
    {
        "model": 2,
        "sequence": 1,
        "status": 1,
        "fuel": 7241,
        "fault": 0.7288,
        "weapon": 1,
        "pilot_injury": 0.9027,
        "pilot_skill": 0.8373,
        "mission_priority": 0.1274,
        "estimated_landing_time": 100.0,
        "wait_time": 0,
        "Landing_success_rate": 0.8854
    },
    {
        "model": 1,
        "sequence": 9,
        "status": 1,
        "fuel": 7081,
        "fault": 0.1346,
        "weapon": 1,
        "pilot_injury": 0.9243,
        "pilot_skill": 0.4607,
        "mission_priority": 0.499,
        "estimated_landing_time": 852.0,
        "wait_time": 0,
        "Landing_success_rate": 0.9526
    },
    {
        "model": 2,
        "sequence": 7,
        "status": 1,
        "fuel": 7296,
        "fault": 0.1034,
        "weapon": 1,
        "pilot_injury": 0.6449,
        "pilot_skill": 0.2883,
        "mission_priority": 0.2988,
        "estimated_landing_time": 664.0,
        "wait_time": 0,
        "Landing_success_rate": 0.9708
    },
    {
        "model": 1,
        "sequence": 12,
        "status": 1,
        "fuel": 5542,
        "fault": 0.0,
        "weapon": 0,
        "pilot_injury": 0.3227,
        "pilot_skill": 0.5544,
        "mission_priority": 0.1482,
        "estimated_landing_time": 1134.0,
        "wait_time": 0,
        "Landing_success_rate": 0.8531
    },
    {
        "model": 2,
        "sequence": 17,
        "status": 1,
        "fuel": 5689,
        "fault": 0.5403,
        "weapon": 1,
        "pilot_injury": 0.8944,
        "pilot_skill": 0.8236,
        "mission_priority": 0.8988,
        "estimated_landing_time": 1604.0,
        "wait_time": 0,
        "Landing_success_rate": 0.8565
    },
    {
        "model": 0,
        "sequence": 4,
        "status": 1,
        "fuel": 7320,
        "fault": 0.0851,
        "weapon": 0,
        "pilot_injury": 0.384,
        "pilot_skill": 0.6663,
        "mission_priority": 0.9888,
        "estimated_landing_time": 382.0,
        "wait_time": 0,
        "Landing_success_rate": 0.9749
    },
    {
        "model": 1,
        "sequence": 11,
        "status": 1,
        "fuel": 6230,
        "fault": 0.2403,
        "weapon": 0,
        "pilot_injury": 0.48,
        "pilot_skill": 0.138,
        "mission_priority": 0.081,
        "estimated_landing_time": 1040.0,
        "wait_time": 0,
        "Landing_success_rate": 0.8916
    },
    {
        "model": 1,
        "sequence": 15,
        "status": 1,
        "fuel": 7458,
        "fault": 0.9873,
        "weapon": 1,
        "pilot_injury": 0.4047,
        "pilot_skill": 0.0876,
        "mission_priority": 0.0658,
        "estimated_landing_time": 1416.0,
        "wait_time": 0,
        "Landing_success_rate": 0.8519
    },
    {
        "model": 0,
        "sequence": 6,
        "status": 1,
        "fuel": 7055,
        "fault": 0.5827,
        "weapon": 0,
        "pilot_injury": 0.32,
        "pilot_skill": 0.4765,
        "mission_priority": 0.3183,
        "estimated_landing_time": 570.0,
        "wait_time": 0,
        "Landing_success_rate": 0.8987
    },
    {
        "model": 2,
        "sequence": 10,
        "status": 1,
        "fuel": 6205,
        "fault": 0.6725,
        "weapon": 1,
        "pilot_injury": 0.5923,
        "pilot_skill": 0.6947,
        "mission_priority": 0.3647,
        "estimated_landing_time": 946.0,
        "wait_time": 0,
        "Landing_success_rate": 0.8673
    },
    {
        "model": 0,
        "sequence": 16,
        "status": 1,
        "fuel": 5687,
        "fault": 0.1283,
        "weapon": 0,
        "pilot_injury": 0.1196,
        "pilot_skill": 0.5726,
        "mission_priority": 0.2567,
        "estimated_landing_time": 1510.0,
        "wait_time": 0,
        "Landing_success_rate": 0.8622
    },
    {
        "model": 0,
        "sequence": 18,
        "status": 1,
        "fuel": 7202,
        "fault": 0.8729,
        "weapon": 1,
        "pilot_injury": 0.9947,
        "pilot_skill": 0.0925,
        "mission_priority": 0.7803,
        "estimated_landing_time": 1698.0,
        "wait_time": 0,
        "Landing_success_rate": 0.8662
    },
    {
        "model": 2,
        "sequence": 8,
        "status": 1,
        "fuel": 7432,
        "fault": 0.0257,
        "weapon": 1,
        "pilot_injury": 0.3075,
        "pilot_skill": 0.4921,
        "mission_priority": 0.7965,
        "estimated_landing_time": 758.0,
        "wait_time": 0,
        "Landing_success_rate": 0.9912
    },
    {
        "model": 0,
        "sequence": 2,
        "status": 1,
        "fuel": 6566,
        "fault": 0.1962,
        "weapon": 1,
        "pilot_injury": 0.5511,
        "pilot_skill": 0.5236,
        "mission_priority": 0.2823,
        "estimated_landing_time": 194.0,
        "wait_time": 0,
        "Landing_success_rate": 0.9143
    },
    {
        "model": 1,
        "sequence": 5,
        "status": 1,
        "fuel": 7442,
        "fault": 0.5856,
        "weapon": 1,
        "pilot_injury": 0.7715,
        "pilot_skill": 0.6519,
        "mission_priority": 0.8324,
        "estimated_landing_time": 476.0,
        "wait_time": 0,
        "Landing_success_rate": 0.9104
    },
    {
        "model": 1,
        "sequence": 14,
        "status": 1,
        "fuel": 5934,
        "fault": 0.5856,
        "weapon": 0,
        "pilot_injury": 0.0667,
        "pilot_skill": 0.0481,
        "mission_priority": 0.2957,
        "estimated_landing_time": 1322.0,
        "wait_time": 0,
        "Landing_success_rate": 0.8635
    }
]