[
    {
        "model": 0,
        "sequence": 14,
        "status": 1,
        "fuel": 7089,
        "fault": 0.894,
        "weapon": 0,
        "pilot_injury": 0.3327,
        "pilot_skill": 0.4383,
        "mission_priority": 0.2627,
        "estimated_landing_time": 1322.0,
        "wait_time": 0,
        "Landing_success_rate": 0.8626
    },
    {
        "model": 0,
        "sequence": 17,
        "status": 1,
        "fuel": 5816,
        "fault": 0.756,
        "weapon": 0,
        "pilot_injury": 0.5146,
        "pilot_skill": 0.2002,
        "mission_priority": 0.3196,
        "estimated_landing_time": 1604.0,
        "wait_time": 0,
        "Landing_success_rate": 0.8558
    },
    {
        "model": 2,
        "sequence": 10,
        "status": 1,
        "fuel": 5757,
        "fault": 0.779,
        "weapon": 1,
        "pilot_injury": 0.1475,
        "pilot_skill": 0.0732,
        "mission_priority": 0.8123,
        "estimated_landing_time": 946.0,
        "wait_time": 0,
        "Landing_success_rate": 0.8543
    },
    {
        "model": 0,
        "sequence": 15,
        "status": 1,
        "fuel": 6582,
        "fault": 0.8079,
        "weapon": 1,
        "pilot_injury": 0.7163,
        "pilot_skill": 0.6694,
        "mission_priority": 0.477,
        "estimated_landing_time": 1416.0,
        "wait_time": 0,
        "Landing_success_rate": 0.8656
    },
    {
        "model": 0,
        "sequence": 11,
        "status": 1,
        "fuel": 7414,
        "fault": 0.8499,
        "weapon": 0,
        "pilot_injury": 0.6215,
        "pilot_skill": 0.7779,
        "mission_priority": 0.5004,
        "estimated_landing_time": 1040.0,
        "wait_time": 0,
        "Landing_success_rate": 0.8715
    },
    {
        "model": 0,
        "sequence": 16,
        "status": 1,
        "fuel": 7108,
        "fault": 0.6712,
        "weapon": 0,
        "pilot_injury": 0.6428,
        "pilot_skill": 0.6928,
        "mission_priority": 0.871,
        "estimated_landing_time": 1510.0,
        "wait_time": 0,
        "Landing_success_rate": 0.8897
    },
    {
        "model": 0,
        "sequence": 6,
        "status": 1,
        "fuel": 6730,
        "fault": 0.7649,
        "weapon": 1,
        "pilot_injury": 0.5614,
        "pilot_skill": 0.8828,
        "mission_priority": 0.5278,
        "estimated_landing_time": 570.0,
        "wait_time": 0,
        "Landing_success_rate": 0.8717
    },
    {
        "model": 2,
        "sequence": 9,
        "status": 1,
        "fuel": 6387,
        "fault": 0.5126,
        "weapon": 1,
        "pilot_injury": 0.7493,
        "pilot_skill": 0.9647,
        "mission_priority": 0.0736,
        "estimated_landing_time": 852.0,
        "wait_time": 0,
        "Landing_success_rate": 0.8824
    },
    {
        "model": 2,
        "sequence": 18,
        "status": 1,
        "fuel": 6482,
        "fault": 0.9295,
        "weapon": 0,
        "pilot_injury": 0.5299,
        "pilot_skill": 0.6149,
        "mission_priority": 0.4824,
        "estimated_landing_time": 1698.0,
        "wait_time": 0,
        "Landing_success_rate": 0.8552
    },
    {
        "model": 0,
        "sequence": 12,
        "status": 1,
        "fuel": 7384,
        "fault": 0.4992,
        "weapon": 1,
        "pilot_injury": 0.7472,
        "pilot_skill": 0.3117,
        "mission_priority": 0.3062,
        "estimated_landing_time": 1134.0,
        "wait_time": 0,
        "Landing_success_rate": 0.9208
    },
    {
        "model": 0,
        "sequence": 5,
        "status": 1,
        "fuel": 6972,
        "fault": 0.5695,
        "weapon": 1,
        "pilot_injury": 0.8811,
        "pilot_skill": 0.2567,
        "mission_priority": 0.593,
        "estimated_landing_time": 476.0,
        "wait_time": 0,
        "Landing_success_rate": 0.8975
    },
    {
        "model": 1,
        "sequence": 3,
        "status": 1,
        "fuel": 5642,
        "fault": 0.1268,
        "weapon": 0,
        "pilot_injury": 0.4144,
        "pilot_skill": 0.6895,
        "mission_priority": 0.344,
        "estimated_landing_time": 288.0,
        "wait_time": 0,
        "Landing_success_rate": 0.8593
    },
    {
        "model": 1,
        "sequence": 2,
        "status": 1,
        "fuel": 5583,
        "fault": 0.7113,
        "weapon": 0,
        "pilot_injury": 0.7508,
        "pilot_skill": 0.6447,
        "mission_priority": 0.3553,
        "estimated_landing_time": 194.0,
        "wait_time": 0,
        "Landing_success_rate": 0.8518
    },
    {
        "model": 0,
        "sequence": 8,
        "status": 1,
        "fuel": 6975,
        "fault": 0.7958,
        "weapon": 0,
        "pilot_injury": 0.5542,
        "pilot_skill": 0.762,
        "mission_priority": 0.5374,
        "estimated_landing_time": 758.0,
        "wait_time": 0,
        "Landing_success_rate": 0.8726
    },
    {
        "model": 0,
        "sequence": 1,
        "status": 1,
        "fuel": 5722,
        "fault": 0.092,
        "weapon": 0,
        "pilot_injury": 0.3668,
        "pilot_skill": 0.2371,
        "mission_priority": 0.4473,
        "estimated_landing_time": 100.0,
        "wait_time": 0,
        "Landing_success_rate": 0.8651
    },
    {
        "model": 1,
        "sequence": 13,
        "status": 1,
        "fuel": 6123,
        "fault": 0.0553,
        "weapon": 0,
        "pilot_injury": 0.2233,
        "pilot_skill": 0.9223,
        "mission_priority": 0.4259,
        "estimated_landing_time": 1228.0,
        "wait_time": 0,
        "Landing_success_rate": 0.8941
    },
    {
        "model": 1,
        "sequence": 4,
        "status": 1,
        "fuel": 7368,
        "fault": 0.0547,
        "weapon": 1,
        "pilot_injury": 0.9308,
        "pilot_skill": 0.0053,
        "mission_priority": 0.7482,
        "estimated_landing_time": 382.0,
        "wait_time": 0,
        "Landing_success_rate": 0.9824
    },
    {
        "model": 0,
        "sequence": 7,
        "status": 1,
        "fuel": 6488,
        "fault": 0.9283,
        "weapon": 1,
        "pilot_injury": 0.0961,
        "pilot_skill": 0.4246,
        "mission_priority": 0.9337,
        "estimated_landing_time": 664.0,
        "wait_time": 0,
        "Landing_success_rate": 0.8553
    }
]