[
    {
        "model": 0,
        "sequence": 6,
        "status": 1,
        "fuel": 5833,
        "fault": 0.3441,
        "weapon": 1,
        "pilot_injury": 0.1675,
        "pilot_skill": 0.4626,
        "mission_priority": 0.0333,
        "estimated_landing_time": 570.0,
        "wait_time": 0,
        "Landing_success_rate": 0.8664
    },
    {
        "model": 0,
        "sequence": 17,
        "status": 1,
        "fuel": 7227,
        "fault": 0.5078,
        "weapon": 1,
        "pilot_injury": 0.0631,
        "pilot_skill": 0.3968,
        "mission_priority": 0.474,
        "estimated_landing_time": 1604.0,
        "wait_time": 0,
        "Landing_success_rate": 0.9138
    },
    {
        "model": 2,
        "sequence": 16,
        "status": 1,
        "fuel": 6880,
        "fault": 0.6631,
        "weapon": 1,
        "pilot_injury": 0.5301,
        "pilot_skill": 0.468,
        "mission_priority": 0.4107,
        "estimated_landing_time": 1510.0,
        "wait_time": 0,
        "Landing_success_rate": 0.8849
    },
    {
        "model": 2,
        "sequence": 7,
        "status": 1,
        "fuel": 6545,
        "fault": 0.1957,
        "weapon": 1,
        "pilot_injury": 0.8532,
        "pilot_skill": 0.6735,
        "mission_priority": 0.1374,
        "estimated_landing_time": 664.0,
        "wait_time": 0,
        "Landing_success_rate": 0.913
    },
    {
        "model": 0,
        "sequence": 12,
        "status": 1,
        "fuel": 6347,
        "fault": 0.2566,
        "weapon": 1,
        "pilot_injury": 0.9308,
        "pilot_skill": 0.6608,
        "mission_priority": 0.7464,
        "estimated_landing_time": 1134.0,
        "wait_time": 0,
        "Landing_success_rate": 0.8972
    },
    {
        "model": 2,
        "sequence": 10,
        "status": 1,
        "fuel": 6092,
        "fault": 0.9957,
        "weapon": 0,
        "pilot_injury": 0.2596,
        "pilot_skill": 0.0016,
        "mission_priority": 0.3764,
        "estimated_landing_time": 946.0,
        "wait_time": 0,
        "Landing_success_rate": 0.8502
    },
    {
        "model": 1,
        "sequence": 5,
        "status": 1,
        "fuel": 6688,
        "fault": 0.2042,
        "weapon": 0,
        "pilot_injury": 0.8621,
        "pilot_skill": 0.1054,
        "mission_priority": 0.5538,
        "estimated_landing_time": 476.0,
        "wait_time": 0,
        "Landing_success_rate": 0.9209
    },
    {
        "model": 1,
        "sequence": 1,
        "status": 1,
        "fuel": 6865,
        "fault": 0.8439,
        "weapon": 1,
        "pilot_injury": 0.8222,
        "pilot_skill": 0.7528,
        "mission_priority": 0.7329,
        "estimated_landing_time": 100.0,
        "wait_time": 0,
        "Landing_success_rate": 0.866
    },
    {
        "model": 1,
        "sequence": 4,
        "status": 1,
        "fuel": 7132,
        "fault": 0.724,
        "weapon": 0,
        "pilot_injury": 0.2318,
        "pilot_skill": 0.7056,
        "mission_priority": 0.3077,
        "estimated_landing_time": 382.0,
        "wait_time": 0,
        "Landing_success_rate": 0.8838
    },
    {
        "model": 1,
        "sequence": 11,
        "status": 1,
        "fuel": 5624,
        "fault": 0.3488,
        "weapon": 0,
        "pilot_injury": 0.744,
        "pilot_skill": 0.711,
        "mission_priority": 0.2345,
        "estimated_landing_time": 1040.0,
        "wait_time": 0,
        "Landing_success_rate": 0.8561
    },
    {
        "model": 1,
        "sequence": 18,
        "status": 1,
        "fuel": 6962,
        "fault": 0.0356,
        "weapon": 1,
        "pilot_injury": 0.108,
        "pilot_skill": 0.2326,
        "mission_priority": 0.7503,
        "estimated_landing_time": 1698.0,
        "wait_time": 0,
        "Landing_success_rate": 0.9557
    },
    {
        "model": 2,
        "sequence": 2,
        "status": 1,
        "fuel": 5971,
        "fault": 0.039,
        "weapon": 0,
        "pilot_injury": 0.0812,
        "pilot_skill": 0.4522,
        "mission_priority": 0.7391,
        "estimated_landing_time": 194.0,
        "wait_time": 0,
        "Landing_success_rate": 0.8839
    },
    {
        "model": 2,
        "sequence": 9,
        "status": 1,
        "fuel": 5670,
        "fault": 0.6756,
        "weapon": 1,
        "pilot_injury": 0.8775,
        "pilot_skill": 0.7732,
        "mission_priority": 0.6716,
        "estimated_landing_time": 852.0,
        "wait_time": 0,
        "Landing_success_rate": 0.8541
    },
    {
        "model": 1,
        "sequence": 13,
        "status": 1,
        "fuel": 7321,
        "fault": 0.778,
        "weapon": 1,
        "pilot_injury": 0.0377,
        "pilot_skill": 0.8081,
        "mission_priority": 0.3207,
        "estimated_landing_time": 1228.0,
        "wait_time": 0,
        "Landing_success_rate": 0.8803
    },
    {
        "model": 2,
        "sequence": 14,
        "status": 1,
        "fuel": 7298,
        "fault": 0.7546,
        "weapon": 1,
        "pilot_injury": 0.7825,
        "pilot_skill": 0.8865,
        "mission_priority": 0.3986,
        "estimated_landing_time": 1322.0,
        "wait_time": 0,
        "Landing_success_rate": 0.8831
    },
    {
        "model": 2,
        "sequence": 3,
        "status": 1,
        "fuel": 6381,
        "fault": 0.0974,
        "weapon": 0,
        "pilot_injury": 0.5347,
        "pilot_skill": 0.8588,
        "mission_priority": 0.3259,
        "estimated_landing_time": 288.0,
        "wait_time": 0,
        "Landing_success_rate": 0.9096
    },
    {
        "model": 1,
        "sequence": 15,
        "status": 1,
        "fuel": 6821,
        "fault": 0.2348,
        "weapon": 0,
        "pilot_injury": 0.0183,
        "pilot_skill": 0.9041,
        "mission_priority": 0.0686,
        "estimated_landing_time": 1416.0,
        "wait_time": 0,
        "Landing_success_rate": 0.9258
    },
    {
        "model": 2,
        "sequence": 8,
        "status": 1,
        "fuel": 6339,
        "fault": 0.3078,
        "weapon": 0,
        "pilot_injury": 0.137,
        "pilot_skill": 0.5376,
        "mission_priority": 0.1849,
        "estimated_landing_time": 758.0,
        "wait_time": 0,
        "Landing_success_rate": 0.8936
    }
]