[
    {
        "model": 0,
        "sequence": 13,
        "status": 1,
        "fuel": 7020,
        "fault": 0.2539,
        "weapon": 1,
        "pilot_injury": 0.2518,
        "pilot_skill": 0.4972,
        "mission_priority": 0.3009,
        "estimated_landing_time": 1228.0,
        "wait_time": 0,
        "Landing_success_rate": 0.9351
    },
    {
        "model": 1,
        "sequence": 2,
        "status": 1,
        "fuel": 7148,
        "fault": 0.9977,
        "weapon": 0,
        "pilot_injury": 0.6096,
        "pilot_skill": 0.5027,
        "mission_priority": 0.0515,
        "estimated_landing_time": 194.0,
        "wait_time": 0,
        "Landing_success_rate": 0.8503
    },
    {
        "model": 1,
        "sequence": 12,
        "status": 1,
        "fuel": 7259,
        "fault": 0.9083,
        "weapon": 0,
        "pilot_injury": 0.6807,
        "pilot_skill": 0.5309,
        "mission_priority": 0.4478,
        "estimated_landing_time": 1134.0,
        "wait_time": 0,
        "Landing_success_rate": 0.8621
    },
    {
        "model": 1,
        "sequence": 4,
        "status": 1,
        "fuel": 7233,
        "fault": 0.2421,
        "weapon": 1,
        "pilot_injury": 0.0809,
        "pilot_skill": 0.3697,
        "mission_priority": 0.2422,
        "estimated_landing_time": 382.0,
        "wait_time": 0,
        "Landing_success_rate": 0.9485
    },
    {
        "model": 2,
        "sequence": 14,
        "status": 1,
        "fuel": 5793,
        "fault": 0.3678,
        "weapon": 1,
        "pilot_injury": 0.9834,
        "pilot_skill": 0.3988,
        "mission_priority": 0.8164,
        "estimated_landing_time": 1322.0,
        "wait_time": 0,
        "Landing_success_rate": 0.8639
    },
    {
        "model": 1,
        "sequence": 16,
        "status": 1,
        "fuel": 5643,
        "fault": 0.8353,
        "weapon": 1,
        "pilot_injury": 0.5082,
        "pilot_skill": 0.6958,
        "mission_priority": 0.8584,
        "estimated_landing_time": 1510.0,
        "wait_time": 0,
        "Landing_success_rate": 0.8518
    },
    {
        "model": 2,
        "sequence": 10,
        "status": 1,
        "fuel": 6263,
        "fault": 0.6776,
        "weapon": 0,
        "pilot_injury": 0.7111,
        "pilot_skill": 0.8095,
        "mission_priority": 0.3487,
        "estimated_landing_time": 946.0,
        "wait_time": 0,
        "Landing_success_rate": 0.8684
    },
    {
        "model": 0,
        "sequence": 17,
        "status": 1,
        "fuel": 7234,
        "fault": 0.1744,
        "weapon": 0,
        "pilot_injury": 0.3976,
        "pilot_skill": 0.5178,
        "mission_priority": 0.8377,
        "estimated_landing_time": 1604.0,
        "wait_time": 0,
        "Landing_success_rate": 0.9574
    },
    {
        "model": 2,
        "sequence": 15,
        "status": 1,
        "fuel": 7302,
        "fault": 0.3411,
        "weapon": 0,
        "pilot_injury": 0.2091,
        "pilot_skill": 0.5414,
        "mission_priority": 0.6958,
        "estimated_landing_time": 1416.0,
        "wait_time": 0,
        "Landing_success_rate": 0.9391
    },
    {
        "model": 1,
        "sequence": 18,
        "status": 1,
        "fuel": 5762,
        "fault": 0.66,
        "weapon": 1,
        "pilot_injury": 0.9822,
        "pilot_skill": 0.5166,
        "mission_priority": 0.2608,
        "estimated_landing_time": 1698.0,
        "wait_time": 0,
        "Landing_success_rate": 0.8567
    },
    {
        "model": 0,
        "sequence": 1,
        "status": 1,
        "fuel": 6396,
        "fault": 0.0931,
        "weapon": 1,
        "pilot_injury": 0.5583,
        "pilot_skill": 0.8826,
        "mission_priority": 0.1887,
        "estimated_landing_time": 100.0,
        "wait_time": 0,
        "Landing_success_rate": 0.9109
    },
    {
        "model": 0,
        "sequence": 5,
        "status": 1,
        "fuel": 6756,
        "fault": 0.3492,
        "weapon": 1,
        "pilot_injury": 0.8467,
        "pilot_skill": 0.8563,
        "mission_priority": 0.4045,
        "estimated_landing_time": 476.0,
        "wait_time": 0,
        "Landing_success_rate": 0.9113
    },
    {
        "model": 0,
        "sequence": 9,
        "status": 1,
        "fuel": 7196,
        "fault": 0.642,
        "weapon": 0,
        "pilot_injury": 0.9356,
        "pilot_skill": 0.7853,
        "mission_priority": 0.669,
        "estimated_landing_time": 852.0,
        "wait_time": 0,
        "Landing_success_rate": 0.8955
    },
    {
        "model": 2,
        "sequence": 11,
        "status": 1,
        "fuel": 5753,
        "fault": 0.0092,
        "weapon": 1,
        "pilot_injury": 0.9401,
        "pilot_skill": 0.9737,
        "mission_priority": 0.2839,
        "estimated_landing_time": 1040.0,
        "wait_time": 0,
        "Landing_success_rate": 0.8688
    },
    {
        "model": 1,
        "sequence": 8,
        "status": 1,
        "fuel": 6377,
        "fault": 0.5487,
        "weapon": 1,
        "pilot_injury": 0.4484,
        "pilot_skill": 0.9945,
        "mission_priority": 0.1759,
        "estimated_landing_time": 758.0,
        "wait_time": 0,
        "Landing_success_rate": 0.8797
    },
    {
        "model": 0,
        "sequence": 6,
        "status": 1,
        "fuel": 7103,
        "fault": 0.2372,
        "weapon": 0,
        "pilot_injury": 0.1788,
        "pilot_skill": 0.3665,
        "mission_priority": 0.7442,
        "estimated_landing_time": 570.0,
        "wait_time": 0,
        "Landing_success_rate": 0.9417
    },
    {
        "model": 0,
        "sequence": 7,
        "status": 1,
        "fuel": 6718,
        "fault": 0.6576,
        "weapon": 0,
        "pilot_injury": 0.5425,
        "pilot_skill": 0.5088,
        "mission_priority": 0.6363,
        "estimated_landing_time": 664.0,
        "wait_time": 0,
        "Landing_success_rate": 0.8813
    },
    {
        "model": 0,
        "sequence": 3,
        "status": 1,
        "fuel": 6545,
        "fault": 0.244,
        "weapon": 1,
        "pilot_injury": 0.9789,
        "pilot_skill": 0.4867,
        "mission_priority": 0.9061,
        "estimated_landing_time": 288.0,
        "wait_time": 0,
        "Landing_success_rate": 0.9093
    }
]