[
    {
        "model": 1,
        "sequence": 9,
        "status": 1,
        "fuel": 6470,
        "fault": 0.7336,
        "weapon": 1,
        "pilot_injury": 0.6426,
        "pilot_skill": 0.4212,
        "mission_priority": 0.6362,
        "estimated_landing_time": 852.0,
        "wait_time": 0,
        "Landing_success_rate": 0.8694
    },
    {
        "model": 1,
        "sequence": 6,
        "status": 1,
        "fuel": 7275,
        "fault": 0.1783,
        "weapon": 0,
        "pilot_injury": 0.4099,
        "pilot_skill": 0.8398,
        "mission_priority": 0.3838,
        "estimated_landing_time": 570.0,
        "wait_time": 0,
        "Landing_success_rate": 0.9594
    },
    {
        "model": 1,
        "sequence": 5,
        "status": 1,
        "fuel": 5636,
        "fault": 0.9503,
        "weapon": 0,
        "pilot_injury": 0.1845,
        "pilot_skill": 0.3622,
        "mission_priority": 0.3345,
        "estimated_landing_time": 476.0,
        "wait_time": 0,
        "Landing_success_rate": 0.8505
    },
    {
        "model": 1,
        "sequence": 8,
        "status": 1,
        "fuel": 6472,
        "fault": 0.7003,
        "weapon": 1,
        "pilot_injury": 0.8317,
        "pilot_skill": 0.2731,
        "mission_priority": 0.5181,
        "estimated_landing_time": 758.0,
        "wait_time": 0,
        "Landing_success_rate": 0.8718
    },
    {
        "model": 2,
        "sequence": 3,
        "status": 1,
        "fuel": 7400,
        "fault": 0.7826,
        "weapon": 0,
        "pilot_injury": 0.2593,
        "pilot_skill": 0.4297,
        "mission_priority": 0.8727,
        "estimated_landing_time": 288.0,
        "wait_time": 0,
        "Landing_success_rate": 0.881
    },
    {
        "model": 2,
        "sequence": 10,
        "status": 1,
        "fuel": 6872,
        "fault": 0.4617,
        "weapon": 1,
        "pilot_injury": 0.8026,
        "pilot_skill": 0.4582,
        "mission_priority": 0.483,
        "estimated_landing_time": 946.0,
        "wait_time": 0,
        "Landing_success_rate": 0.9054
    },
    {
        "model": 2,
        "sequence": 15,
        "status": 1,
        "fuel": 7105,
        "fault": 0.6312,
        "weapon": 1,
        "pilot_injury": 0.7279,
        "pilot_skill": 0.4965,
        "mission_priority": 0.4369,
        "estimated_landing_time": 1416.0,
        "wait_time": 0,
        "Landing_success_rate": 0.8944
    },
    {
        "model": 0,
        "sequence": 11,
        "status": 1,
        "fuel": 6836,
        "fault": 0.007,
        "weapon": 0,
        "pilot_injury": 0.1589,
        "pilot_skill": 0.6102,
        "mission_priority": 0.1354,
        "estimated_landing_time": 1040.0,
        "wait_time": 0,
        "Landing_success_rate": 0.9495
    },
    {
        "model": 2,
        "sequence": 2,
        "status": 1,
        "fuel": 7066,
        "fault": 0.9226,
        "weapon": 0,
        "pilot_injury": 0.9566,
        "pilot_skill": 0.069,
        "mission_priority": 0.0571,
        "estimated_landing_time": 194.0,
        "wait_time": 0,
        "Landing_success_rate": 0.8591
    },
    {
        "model": 1,
        "sequence": 12,
        "status": 1,
        "fuel": 5913,
        "fault": 0.0363,
        "weapon": 0,
        "pilot_injury": 0.247,
        "pilot_skill": 0.9063,
        "mission_priority": 0.2495,
        "estimated_landing_time": 1134.0,
        "wait_time": 0,
        "Landing_success_rate": 0.8799
    },
    {
        "model": 2,
        "sequence": 17,
        "status": 1,
        "fuel": 7371,
        "fault": 0.3712,
        "weapon": 0,
        "pilot_injury": 0.4497,
        "pilot_skill": 0.7767,
        "mission_priority": 0.0654,
        "estimated_landing_time": 1604.0,
        "wait_time": 0,
        "Landing_success_rate": 0.9382
    },
    {
        "model": 1,
        "sequence": 1,
        "status": 1,
        "fuel": 7336,
        "fault": 0.8531,
        "weapon": 0,
        "pilot_injury": 0.0627,
        "pilot_skill": 0.9064,
        "mission_priority": 0.1392,
        "estimated_landing_time": 100.0,
        "wait_time": 0,
        "Landing_success_rate": 0.8702
    },
    {
        "model": 0,
        "sequence": 7,
        "status": 1,
        "fuel": 5695,
        "fault": 0.3152,
        "weapon": 0,
        "pilot_injury": 0.3473,
        "pilot_skill": 0.8998,
        "mission_priority": 0.0218,
        "estimated_landing_time": 664.0,
        "wait_time": 0,
        "Landing_success_rate": 0.86
    },
    {
        "model": 1,
        "sequence": 14,
        "status": 1,
        "fuel": 7283,
        "fault": 0.5483,
        "weapon": 1,
        "pilot_injury": 0.5602,
        "pilot_skill": 0.9368,
        "mission_priority": 0.0523,
        "estimated_landing_time": 1322.0,
        "wait_time": 0,
        "Landing_success_rate": 0.9104
    },
    {
        "model": 1,
        "sequence": 18,
        "status": 1,
        "fuel": 5991,
        "fault": 0.7877,
        "weapon": 1,
        "pilot_injury": 0.7308,
        "pilot_skill": 0.9813,
        "mission_priority": 0.2565,
        "estimated_landing_time": 1698.0,
        "wait_time": 0,
        "Landing_success_rate": 0.8578
    },
    {
        "model": 1,
        "sequence": 13,
        "status": 1,
        "fuel": 6654,
        "fault": 0.7252,
        "weapon": 0,
        "pilot_injury": 0.5653,
        "pilot_skill": 0.4639,
        "mission_priority": 0.972,
        "estimated_landing_time": 1228.0,
        "wait_time": 0,
        "Landing_success_rate": 0.8738
    },
    {
        "model": 0,
        "sequence": 16,
        "status": 1,
        "fuel": 5883,
        "fault": 0.9674,
        "weapon": 0,
        "pilot_injury": 0.1141,
        "pilot_skill": 0.1512,
        "mission_priority": 0.2253,
        "estimated_landing_time": 1510.0,
        "wait_time": 0,
        "Landing_success_rate": 0.8509
    },
    {
        "model": 2,
        "sequence": 4,
        "status": 1,
        "fuel": 5989,
        "fault": 0.0888,
        "weapon": 1,
        "pilot_injury": 0.5612,
        "pilot_skill": 0.5234,
        "mission_priority": 0.1148,
        "estimated_landing_time": 382.0,
        "wait_time": 0,
        "Landing_success_rate": 0.8834
    }
]