[
    {
        "model": 1,
        "sequence": 5,
        "status": 1,
        "fuel": 6209,
        "fault": 0.6051,
        "weapon": 0,
        "pilot_injury": 0.1131,
        "pilot_skill": 0.7574,
        "mission_priority": 0.7575,
        "estimated_landing_time": 476.0,
        "wait_time": 0,
        "Landing_success_rate": 0.871
    },
    {
        "model": 1,
        "sequence": 6,
        "status": 1,
        "fuel": 6763,
        "fault": 0.8127,
        "weapon": 0,
        "pilot_injury": 0.263,
        "pilot_skill": 0.2246,
        "mission_priority": 0.4655,
        "estimated_landing_time": 570.0,
        "wait_time": 0,
        "Landing_success_rate": 0.8677
    },
    {
        "model": 1,
        "sequence": 9,
        "status": 1,
        "fuel": 6049,
        "fault": 0.9473,
        "weapon": 1,
        "pilot_injury": 0.6359,
        "pilot_skill": 0.875,
        "mission_priority": 0.0827,
        "estimated_landing_time": 852.0,
        "wait_time": 0,
        "Landing_success_rate": 0.8522
    },
    {
        "model": 1,
        "sequence": 7,
        "status": 1,
        "fuel": 7212,
        "fault": 0.934,
        "weapon": 1,
        "pilot_injury": 0.4907,
        "pilot_skill": 0.4386,
        "mission_priority": 0.7603,
        "estimated_landing_time": 664.0,
        "wait_time": 0,
        "Landing_success_rate": 0.8585
    },
    {
        "model": 0,
        "sequence": 16,
        "status": 1,
        "fuel": 7215,
        "fault": 0.7947,
        "weapon": 1,
        "pilot_injury": 0.9025,
        "pilot_skill": 0.8722,
        "mission_priority": 0.0713,
        "estimated_landing_time": 1510.0,
        "wait_time": 0,
        "Landing_success_rate": 0.8764
    },
    {
        "model": 2,
        "sequence": 3,
        "status": 1,
        "fuel": 5505,
        "fault": 0.1475,
        "weapon": 1,
        "pilot_injury": 0.1035,
        "pilot_skill": 0.1074,
        "mission_priority": 0.1012,
        "estimated_landing_time": 288.0,
        "wait_time": 0,
        "Landing_success_rate": 0.8503
    },
    {
        "model": 2,
        "sequence": 11,
        "status": 1,
        "fuel": 5826,
        "fault": 0.9123,
        "weapon": 0,
        "pilot_injury": 0.9734,
        "pilot_skill": 0.4387,
        "mission_priority": 0.5408,
        "estimated_landing_time": 1040.0,
        "wait_time": 0,
        "Landing_success_rate": 0.8521
    },
    {
        "model": 0,
        "sequence": 15,
        "status": 1,
        "fuel": 7125,
        "fault": 0.8951,
        "weapon": 1,
        "pilot_injury": 0.8585,
        "pilot_skill": 0.5464,
        "mission_priority": 0.5695,
        "estimated_landing_time": 1416.0,
        "wait_time": 0,
        "Landing_success_rate": 0.8628
    },
    {
        "model": 2,
        "sequence": 17,
        "status": 1,
        "fuel": 7027,
        "fault": 0.4234,
        "weapon": 1,
        "pilot_injury": 0.0731,
        "pilot_skill": 0.7646,
        "mission_priority": 0.2847,
        "estimated_landing_time": 1604.0,
        "wait_time": 0,
        "Landing_success_rate": 0.916
    },
    {
        "model": 0,
        "sequence": 18,
        "status": 1,
        "fuel": 6710,
        "fault": 0.3386,
        "weapon": 1,
        "pilot_injury": 0.1428,
        "pilot_skill": 0.6959,
        "mission_priority": 0.1646,
        "estimated_landing_time": 1698.0,
        "wait_time": 0,
        "Landing_success_rate": 0.91
    },
    {
        "model": 2,
        "sequence": 1,
        "status": 1,
        "fuel": 6740,
        "fault": 0.434,
        "weapon": 1,
        "pilot_injury": 0.7796,
        "pilot_skill": 0.0224,
        "mission_priority": 0.5999,
        "estimated_landing_time": 100.0,
        "wait_time": 0,
        "Landing_success_rate": 0.9026
    },
    {
        "model": 1,
        "sequence": 10,
        "status": 1,
        "fuel": 7315,
        "fault": 0.2845,
        "weapon": 1,
        "pilot_injury": 0.056,
        "pilot_skill": 0.4801,
        "mission_priority": 0.5354,
        "estimated_landing_time": 946.0,
        "wait_time": 0,
        "Landing_success_rate": 0.9474
    },
    {
        "model": 1,
        "sequence": 4,
        "status": 1,
        "fuel": 6588,
        "fault": 0.8124,
        "weapon": 0,
        "pilot_injury": 0.4402,
        "pilot_skill": 0.8332,
        "mission_priority": 0.9294,
        "estimated_landing_time": 382.0,
        "wait_time": 0,
        "Landing_success_rate": 0.8653
    },
    {
        "model": 1,
        "sequence": 12,
        "status": 1,
        "fuel": 5894,
        "fault": 0.3207,
        "weapon": 1,
        "pilot_injury": 0.254,
        "pilot_skill": 0.9821,
        "mission_priority": 0.983,
        "estimated_landing_time": 1134.0,
        "wait_time": 0,
        "Landing_success_rate": 0.8701
    },
    {
        "model": 0,
        "sequence": 2,
        "status": 1,
        "fuel": 6032,
        "fault": 0.4445,
        "weapon": 0,
        "pilot_injury": 0.3258,
        "pilot_skill": 0.817,
        "mission_priority": 0.4088,
        "estimated_landing_time": 194.0,
        "wait_time": 0,
        "Landing_success_rate": 0.8722
    },
    {
        "model": 0,
        "sequence": 8,
        "status": 1,
        "fuel": 7249,
        "fault": 0.8059,
        "weapon": 1,
        "pilot_injury": 0.0797,
        "pilot_skill": 0.0486,
        "mission_priority": 0.448,
        "estimated_landing_time": 758.0,
        "wait_time": 0,
        "Landing_success_rate": 0.8755
    },
    {
        "model": 2,
        "sequence": 14,
        "status": 1,
        "fuel": 6139,
        "fault": 0.355,
        "weapon": 0,
        "pilot_injury": 0.1262,
        "pilot_skill": 0.1233,
        "mission_priority": 0.1475,
        "estimated_landing_time": 1322.0,
        "wait_time": 0,
        "Landing_success_rate": 0.8809
    },
    {
        "model": 2,
        "sequence": 13,
        "status": 1,
        "fuel": 6437,
        "fault": 0.4302,
        "weapon": 1,
        "pilot_injury": 0.6599,
        "pilot_skill": 0.4316,
        "mission_priority": 0.7636,
        "estimated_landing_time": 1228.0,
        "wait_time": 0,
        "Landing_success_rate": 0.89
    }
]