[
    {
        "model": 0,
        "sequence": 2,
        "status": 1,
        "fuel": 7247,
        "fault": 0.4139,
        "weapon": 1,
        "pilot_injury": 0.7473,
        "pilot_skill": 0.053,
        "mission_priority": 0.5429,
        "estimated_landing_time": 194.0,
        "wait_time": 0,
        "Landing_success_rate": 0.9268
    },
    {
        "model": 2,
        "sequence": 9,
        "status": 1,
        "fuel": 5733,
        "fault": 0.1797,
        "weapon": 1,
        "pilot_injury": 0.2613,
        "pilot_skill": 0.985,
        "mission_priority": 0.3097,
        "estimated_landing_time": 852.0,
        "wait_time": 0,
        "Landing_success_rate": 0.8643
    },
    {
        "model": 2,
        "sequence": 7,
        "status": 1,
        "fuel": 5948,
        "fault": 0.7857,
        "weapon": 0,
        "pilot_injury": 0.8965,
        "pilot_skill": 0.6362,
        "mission_priority": 0.7307,
        "estimated_landing_time": 664.0,
        "wait_time": 0,
        "Landing_success_rate": 0.8572
    },
    {
        "model": 2,
        "sequence": 16,
        "status": 1,
        "fuel": 6664,
        "fault": 0.945,
        "weapon": 1,
        "pilot_injury": 0.7389,
        "pilot_skill": 0.1978,
        "mission_priority": 0.8434,
        "estimated_landing_time": 1510.0,
        "wait_time": 0,
        "Landing_success_rate": 0.8548
    },
    {
        "model": 2,
        "sequence": 10,
        "status": 1,
        "fuel": 6155,
        "fault": 0.33,
        "weapon": 0,
        "pilot_injury": 0.6856,
        "pilot_skill": 0.7589,
        "mission_priority": 0.5327,
        "estimated_landing_time": 946.0,
        "wait_time": 0,
        "Landing_success_rate": 0.8829
    },
    {
        "model": 2,
        "sequence": 15,
        "status": 1,
        "fuel": 7305,
        "fault": 0.9956,
        "weapon": 1,
        "pilot_injury": 0.1011,
        "pilot_skill": 0.3088,
        "mission_priority": 0.6114,
        "estimated_landing_time": 1416.0,
        "wait_time": 0,
        "Landing_success_rate": 0.8506
    },
    {
        "model": 1,
        "sequence": 18,
        "status": 1,
        "fuel": 5614,
        "fault": 0.0153,
        "weapon": 0,
        "pilot_injury": 0.0225,
        "pilot_skill": 0.0557,
        "mission_priority": 0.0524,
        "estimated_landing_time": 1698.0,
        "wait_time": 0,
        "Landing_success_rate": 0.8584
    },
    {
        "model": 2,
        "sequence": 12,
        "status": 1,
        "fuel": 7227,
        "fault": 0.8733,
        "weapon": 0,
        "pilot_injury": 0.6771,
        "pilot_skill": 0.5226,
        "mission_priority": 0.782,
        "estimated_landing_time": 1134.0,
        "wait_time": 0,
        "Landing_success_rate": 0.8664
    },
    {
        "model": 2,
        "sequence": 17,
        "status": 1,
        "fuel": 6498,
        "fault": 0.9562,
        "weapon": 1,
        "pilot_injury": 0.49,
        "pilot_skill": 0.1104,
        "mission_priority": 0.4195,
        "estimated_landing_time": 1604.0,
        "wait_time": 0,
        "Landing_success_rate": 0.8533
    },
    {
        "model": 0,
        "sequence": 14,
        "status": 1,
        "fuel": 6175,
        "fault": 0.7206,
        "weapon": 1,
        "pilot_injury": 0.1367,
        "pilot_skill": 0.764,
        "mission_priority": 0.018,
        "estimated_landing_time": 1322.0,
        "wait_time": 0,
        "Landing_success_rate": 0.8641
    },
    {
        "model": 2,
        "sequence": 6,
        "status": 1,
        "fuel": 5877,
        "fault": 0.1812,
        "weapon": 1,
        "pilot_injury": 0.7992,
        "pilot_skill": 0.8986,
        "mission_priority": 0.9411,
        "estimated_landing_time": 570.0,
        "wait_time": 0,
        "Landing_success_rate": 0.8732
    },
    {
        "model": 0,
        "sequence": 1,
        "status": 1,
        "fuel": 5881,
        "fault": 0.1858,
        "weapon": 1,
        "pilot_injury": 0.3331,
        "pilot_skill": 0.4265,
        "mission_priority": 0.1393,
        "estimated_landing_time": 100.0,
        "wait_time": 0,
        "Landing_success_rate": 0.8733
    },
    {
        "model": 1,
        "sequence": 13,
        "status": 1,
        "fuel": 6972,
        "fault": 0.3161,
        "weapon": 1,
        "pilot_injury": 0.5541,
        "pilot_skill": 0.6087,
        "mission_priority": 0.927,
        "estimated_landing_time": 1228.0,
        "wait_time": 0,
        "Landing_success_rate": 0.9255
    },
    {
        "model": 1,
        "sequence": 5,
        "status": 1,
        "fuel": 5745,
        "fault": 0.1534,
        "weapon": 0,
        "pilot_injury": 0.787,
        "pilot_skill": 0.1163,
        "mission_priority": 0.3602,
        "estimated_landing_time": 476.0,
        "wait_time": 0,
        "Landing_success_rate": 0.8656
    },
    {
        "model": 2,
        "sequence": 11,
        "status": 1,
        "fuel": 5907,
        "fault": 0.2879,
        "weapon": 0,
        "pilot_injury": 0.8841,
        "pilot_skill": 0.4521,
        "mission_priority": 0.8572,
        "estimated_landing_time": 1040.0,
        "wait_time": 0,
        "Landing_success_rate": 0.8717
    },
    {
        "model": 1,
        "sequence": 3,
        "status": 1,
        "fuel": 6562,
        "fault": 0.3193,
        "weapon": 1,
        "pilot_injury": 0.414,
        "pilot_skill": 0.4834,
        "mission_priority": 0.2635,
        "estimated_landing_time": 288.0,
        "wait_time": 0,
        "Landing_success_rate": 0.9042
    },
    {
        "model": 2,
        "sequence": 8,
        "status": 1,
        "fuel": 7050,
        "fault": 0.8462,
        "weapon": 0,
        "pilot_injury": 0.4891,
        "pilot_skill": 0.7938,
        "mission_priority": 0.6614,
        "estimated_landing_time": 758.0,
        "wait_time": 0,
        "Landing_success_rate": 0.8679
    },
    {
        "model": 1,
        "sequence": 4,
        "status": 1,
        "fuel": 6978,
        "fault": 0.5374,
        "weapon": 1,
        "pilot_injury": 0.6976,
        "pilot_skill": 0.5299,
        "mission_priority": 0.3917,
        "estimated_landing_time": 382.0,
        "wait_time": 0,
        "Landing_success_rate": 0.9013
    }
]