[
    {
        "model": 0,
        "sequence": 13,
        "status": 1,
        "fuel": 6103,
        "fault": 0.3476,
        "weapon": 1,
        "pilot_injury": 0.0887,
        "pilot_skill": 0.1206,
        "mission_priority": 0.4608,
        "estimated_landing_time": 1228.0,
        "wait_time": 0,
        "Landing_success_rate": 0.8795
    },
    {
        "model": 1,
        "sequence": 7,
        "status": 1,
        "fuel": 5845,
        "fault": 0.8942,
        "weapon": 0,
        "pilot_injury": 0.5034,
        "pilot_skill": 0.6904,
        "mission_priority": 0.0393,
        "estimated_landing_time": 664.0,
        "wait_time": 0,
        "Landing_success_rate": 0.8527
    },
    {
        "model": 1,
        "sequence": 14,
        "status": 1,
        "fuel": 5748,
        "fault": 0.4811,
        "weapon": 1,
        "pilot_injury": 0.0818,
        "pilot_skill": 0.8736,
        "mission_priority": 0.9209,
        "estimated_landing_time": 1322.0,
        "wait_time": 0,
        "Landing_success_rate": 0.8597
    },
    {
        "model": 0,
        "sequence": 1,
        "status": 1,
        "fuel": 7096,
        "fault": 0.0026,
        "weapon": 1,
        "pilot_injury": 0.8062,
        "pilot_skill": 0.7483,
        "mission_priority": 0.1845,
        "estimated_landing_time": 100.0,
        "wait_time": 0,
        "Landing_success_rate": 0.9694
    },
    {
        "model": 1,
        "sequence": 6,
        "status": 1,
        "fuel": 6218,
        "fault": 0.5366,
        "weapon": 1,
        "pilot_injury": 0.4845,
        "pilot_skill": 0.6183,
        "mission_priority": 0.3689,
        "estimated_landing_time": 570.0,
        "wait_time": 0,
        "Landing_success_rate": 0.875
    },
    {
        "model": 0,
        "sequence": 10,
        "status": 1,
        "fuel": 6739,
        "fault": 0.7205,
        "weapon": 1,
        "pilot_injury": 0.0367,
        "pilot_skill": 0.2524,
        "mission_priority": 0.7133,
        "estimated_landing_time": 946.0,
        "wait_time": 0,
        "Landing_success_rate": 0.876
    },
    {
        "model": 1,
        "sequence": 12,
        "status": 1,
        "fuel": 7146,
        "fault": 0.8444,
        "weapon": 0,
        "pilot_injury": 0.5321,
        "pilot_skill": 0.1072,
        "mission_priority": 0.4474,
        "estimated_landing_time": 1134.0,
        "wait_time": 0,
        "Landing_success_rate": 0.8692
    },
    {
        "model": 2,
        "sequence": 5,
        "status": 1,
        "fuel": 6238,
        "fault": 0.3972,
        "weapon": 1,
        "pilot_injury": 0.2692,
        "pilot_skill": 0.3773,
        "mission_priority": 0.0201,
        "estimated_landing_time": 476.0,
        "wait_time": 0,
        "Landing_success_rate": 0.8834
    },
    {
        "model": 2,
        "sequence": 2,
        "status": 1,
        "fuel": 7476,
        "fault": 0.8407,
        "weapon": 1,
        "pilot_injury": 0.3275,
        "pilot_skill": 0.1198,
        "mission_priority": 0.8905,
        "estimated_landing_time": 194.0,
        "wait_time": 0,
        "Landing_success_rate": 0.8736
    },
    {
        "model": 2,
        "sequence": 11,
        "status": 1,
        "fuel": 6735,
        "fault": 0.474,
        "weapon": 1,
        "pilot_injury": 0.7892,
        "pilot_skill": 0.4984,
        "mission_priority": 0.0869,
        "estimated_landing_time": 1040.0,
        "wait_time": 0,
        "Landing_success_rate": 0.8987
    },
    {
        "model": 2,
        "sequence": 3,
        "status": 1,
        "fuel": 5610,
        "fault": 0.7368,
        "weapon": 0,
        "pilot_injury": 0.7454,
        "pilot_skill": 0.4317,
        "mission_priority": 0.1276,
        "estimated_landing_time": 288.0,
        "wait_time": 0,
        "Landing_success_rate": 0.8522
    },
    {
        "model": 2,
        "sequence": 9,
        "status": 1,
        "fuel": 5924,
        "fault": 0.3374,
        "weapon": 1,
        "pilot_injury": 0.6459,
        "pilot_skill": 0.5708,
        "mission_priority": 0.3561,
        "estimated_landing_time": 852.0,
        "wait_time": 0,
        "Landing_success_rate": 0.8711
    },
    {
        "model": 0,
        "sequence": 15,
        "status": 1,
        "fuel": 6376,
        "fault": 0.3303,
        "weapon": 0,
        "pilot_injury": 0.2372,
        "pilot_skill": 0.1018,
        "mission_priority": 0.1529,
        "estimated_landing_time": 1416.0,
        "wait_time": 0,
        "Landing_success_rate": 0.894
    },
    {
        "model": 2,
        "sequence": 18,
        "status": 1,
        "fuel": 7026,
        "fault": 0.4878,
        "weapon": 1,
        "pilot_injury": 0.1866,
        "pilot_skill": 0.2851,
        "mission_priority": 0.1734,
        "estimated_landing_time": 1698.0,
        "wait_time": 0,
        "Landing_success_rate": 0.9086
    },
    {
        "model": 2,
        "sequence": 17,
        "status": 1,
        "fuel": 6322,
        "fault": 0.8423,
        "weapon": 0,
        "pilot_injury": 0.5245,
        "pilot_skill": 0.4104,
        "mission_priority": 0.9824,
        "estimated_landing_time": 1604.0,
        "wait_time": 0,
        "Landing_success_rate": 0.8597
    },
    {
        "model": 2,
        "sequence": 4,
        "status": 1,
        "fuel": 6746,
        "fault": 0.8966,
        "weapon": 1,
        "pilot_injury": 0.9695,
        "pilot_skill": 0.8655,
        "mission_priority": 0.8171,
        "estimated_landing_time": 382.0,
        "wait_time": 0,
        "Landing_success_rate": 0.8597
    },
    {
        "model": 2,
        "sequence": 8,
        "status": 1,
        "fuel": 6380,
        "fault": 0.4907,
        "weapon": 1,
        "pilot_injury": 0.6686,
        "pilot_skill": 0.9294,
        "mission_priority": 0.5568,
        "estimated_landing_time": 758.0,
        "wait_time": 0,
        "Landing_success_rate": 0.8836
    },
    {
        "model": 1,
        "sequence": 16,
        "status": 1,
        "fuel": 6915,
        "fault": 0.4766,
        "weapon": 0,
        "pilot_injury": 0.7695,
        "pilot_skill": 0.187,
        "mission_priority": 0.3237,
        "estimated_landing_time": 1510.0,
        "wait_time": 0,
        "Landing_success_rate": 0.9055
    }
]