[
    {
        "model": 2,
        "sequence": 12,
        "status": 1,
        "fuel": 6162,
        "fault": 0.8329,
        "weapon": 1,
        "pilot_injury": 0.9432,
        "pilot_skill": 0.2371,
        "mission_priority": 0.1076,
        "estimated_landing_time": 1134.0,
        "wait_time": 0,
        "Landing_success_rate": 0.8583
    },
    {
        "model": 1,
        "sequence": 1,
        "status": 1,
        "fuel": 6616,
        "fault": 0.9151,
        "weapon": 1,
        "pilot_injury": 0.4338,
        "pilot_skill": 0.2495,
        "mission_priority": 0.5475,
        "estimated_landing_time": 100.0,
        "wait_time": 0,
        "Landing_success_rate": 0.8571
    },
    {
        "model": 0,
        "sequence": 18,
        "status": 1,
        "fuel": 5956,
        "fault": 0.3085,
        "weapon": 1,
        "pilot_injury": 0.2152,
        "pilot_skill": 0.8844,
        "mission_priority": 0.5594,
        "estimated_landing_time": 1698.0,
        "wait_time": 0,
        "Landing_success_rate": 0.8736
    },
    {
        "model": 1,
        "sequence": 14,
        "status": 1,
        "fuel": 6629,
        "fault": 0.0064,
        "weapon": 0,
        "pilot_injury": 0.6967,
        "pilot_skill": 0.3243,
        "mission_priority": 0.2339,
        "estimated_landing_time": 1322.0,
        "wait_time": 0,
        "Landing_success_rate": 0.9341
    },
    {
        "model": 0,
        "sequence": 16,
        "status": 1,
        "fuel": 6478,
        "fault": 0.3458,
        "weapon": 1,
        "pilot_injury": 0.8204,
        "pilot_skill": 0.4406,
        "mission_priority": 0.1324,
        "estimated_landing_time": 1510.0,
        "wait_time": 0,
        "Landing_success_rate": 0.898
    },
    {
        "model": 1,
        "sequence": 4,
        "status": 1,
        "fuel": 5649,
        "fault": 0.7833,
        "weapon": 0,
        "pilot_injury": 0.4544,
        "pilot_skill": 0.7802,
        "mission_priority": 0.9976,
        "estimated_landing_time": 382.0,
        "wait_time": 0,
        "Landing_success_rate": 0.8524
    },
    {
        "model": 2,
        "sequence": 8,
        "status": 1,
        "fuel": 5575,
        "fault": 0.6595,
        "weapon": 0,
        "pilot_injury": 0.431,
        "pilot_skill": 0.3045,
        "mission_priority": 0.1981,
        "estimated_landing_time": 758.0,
        "wait_time": 0,
        "Landing_success_rate": 0.8519
    },
    {
        "model": 2,
        "sequence": 15,
        "status": 1,
        "fuel": 6213,
        "fault": 0.6228,
        "weapon": 0,
        "pilot_injury": 0.4198,
        "pilot_skill": 0.4969,
        "mission_priority": 0.9169,
        "estimated_landing_time": 1416.0,
        "wait_time": 0,
        "Landing_success_rate": 0.8702
    },
    {
        "model": 1,
        "sequence": 5,
        "status": 1,
        "fuel": 5780,
        "fault": 0.1602,
        "weapon": 0,
        "pilot_injury": 0.5654,
        "pilot_skill": 0.4423,
        "mission_priority": 0.7972,
        "estimated_landing_time": 476.0,
        "wait_time": 0,
        "Landing_success_rate": 0.8676
    },
    {
        "model": 2,
        "sequence": 11,
        "status": 1,
        "fuel": 7013,
        "fault": 0.0841,
        "weapon": 1,
        "pilot_injury": 0.3405,
        "pilot_skill": 0.805,
        "mission_priority": 0.0524,
        "estimated_landing_time": 1040.0,
        "wait_time": 0,
        "Landing_success_rate": 0.9539
    },
    {
        "model": 2,
        "sequence": 2,
        "status": 1,
        "fuel": 6878,
        "fault": 0.6024,
        "weapon": 1,
        "pilot_injury": 0.0768,
        "pilot_skill": 0.235,
        "mission_priority": 0.8302,
        "estimated_landing_time": 194.0,
        "wait_time": 0,
        "Landing_success_rate": 0.8911
    },
    {
        "model": 2,
        "sequence": 6,
        "status": 1,
        "fuel": 6737,
        "fault": 0.9747,
        "weapon": 0,
        "pilot_injury": 0.2645,
        "pilot_skill": 0.2799,
        "mission_priority": 0.2777,
        "estimated_landing_time": 570.0,
        "wait_time": 0,
        "Landing_success_rate": 0.8523
    },
    {
        "model": 0,
        "sequence": 17,
        "status": 1,
        "fuel": 5620,
        "fault": 0.4196,
        "weapon": 1,
        "pilot_injury": 0.2137,
        "pilot_skill": 0.42,
        "mission_priority": 0.0097,
        "estimated_landing_time": 1604.0,
        "wait_time": 0,
        "Landing_success_rate": 0.8552
    },
    {
        "model": 2,
        "sequence": 3,
        "status": 1,
        "fuel": 5982,
        "fault": 0.0287,
        "weapon": 1,
        "pilot_injury": 0.9468,
        "pilot_skill": 0.7816,
        "mission_priority": 0.3137,
        "estimated_landing_time": 288.0,
        "wait_time": 0,
        "Landing_success_rate": 0.8851
    },
    {
        "model": 0,
        "sequence": 9,
        "status": 1,
        "fuel": 5738,
        "fault": 0.0403,
        "weapon": 1,
        "pilot_injury": 0.3641,
        "pilot_skill": 0.5662,
        "mission_priority": 0.0063,
        "estimated_landing_time": 852.0,
        "wait_time": 0,
        "Landing_success_rate": 0.8671
    },
    {
        "model": 1,
        "sequence": 13,
        "status": 1,
        "fuel": 6997,
        "fault": 0.2752,
        "weapon": 0,
        "pilot_injury": 0.5661,
        "pilot_skill": 0.7515,
        "mission_priority": 0.132,
        "estimated_landing_time": 1228.0,
        "wait_time": 0,
        "Landing_success_rate": 0.9314
    },
    {
        "model": 2,
        "sequence": 10,
        "status": 1,
        "fuel": 7410,
        "fault": 0.5499,
        "weapon": 1,
        "pilot_injury": 0.0932,
        "pilot_skill": 0.4105,
        "mission_priority": 0.1633,
        "estimated_landing_time": 946.0,
        "wait_time": 0,
        "Landing_success_rate": 0.9145
    },
    {
        "model": 2,
        "sequence": 7,
        "status": 1,
        "fuel": 6586,
        "fault": 0.2243,
        "weapon": 1,
        "pilot_injury": 0.2594,
        "pilot_skill": 0.0876,
        "mission_priority": 0.0899,
        "estimated_landing_time": 664.0,
        "wait_time": 0,
        "Landing_success_rate": 0.9132
    }
]