[
    {
        "model": 2,
        "sequence": 1,
        "status": 1,
        "fuel": 5633,
        "fault": 0.6251,
        "weapon": 1,
        "pilot_injury": 0.4962,
        "pilot_skill": 0.69,
        "mission_priority": 0.3347,
        "estimated_landing_time": 100.0,
        "wait_time": 0,
        "Landing_success_rate": 0.8537
    },
    {
        "model": 2,
        "sequence": 5,
        "status": 1,
        "fuel": 5512,
        "fault": 0.841,
        "weapon": 0,
        "pilot_injury": 0.7039,
        "pilot_skill": 0.4925,
        "mission_priority": 0.9149,
        "estimated_landing_time": 476.0,
        "wait_time": 0,
        "Landing_success_rate": 0.8501
    },
    {
        "model": 2,
        "sequence": 16,
        "status": 1,
        "fuel": 6455,
        "fault": 0.1889,
        "weapon": 0,
        "pilot_injury": 0.1994,
        "pilot_skill": 0.3077,
        "mission_priority": 0.0423,
        "estimated_landing_time": 1510.0,
        "wait_time": 0,
        "Landing_success_rate": 0.9081
    },
    {
        "model": 1,
        "sequence": 7,
        "status": 1,
        "fuel": 7159,
        "fault": 0.717,
        "weapon": 0,
        "pilot_injury": 0.3042,
        "pilot_skill": 0.7708,
        "mission_priority": 0.3272,
        "estimated_landing_time": 664.0,
        "wait_time": 0,
        "Landing_success_rate": 0.8852
    },
    {
        "model": 2,
        "sequence": 2,
        "status": 1,
        "fuel": 6735,
        "fault": 0.3569,
        "weapon": 0,
        "pilot_injury": 0.7749,
        "pilot_skill": 0.1297,
        "mission_priority": 0.4538,
        "estimated_landing_time": 194.0,
        "wait_time": 0,
        "Landing_success_rate": 0.9096
    },
    {
        "model": 2,
        "sequence": 15,
        "status": 1,
        "fuel": 6538,
        "fault": 0.4347,
        "weapon": 1,
        "pilot_injury": 0.6333,
        "pilot_skill": 0.8107,
        "mission_priority": 0.0448,
        "estimated_landing_time": 1416.0,
        "wait_time": 0,
        "Landing_success_rate": 0.894
    },
    {
        "model": 1,
        "sequence": 8,
        "status": 1,
        "fuel": 6022,
        "fault": 0.5666,
        "weapon": 0,
        "pilot_injury": 0.146,
        "pilot_skill": 0.2892,
        "mission_priority": 0.3098,
        "estimated_landing_time": 758.0,
        "wait_time": 0,
        "Landing_success_rate": 0.867
    },
    {
        "model": 1,
        "sequence": 4,
        "status": 1,
        "fuel": 5568,
        "fault": 0.7584,
        "weapon": 1,
        "pilot_injury": 0.3811,
        "pilot_skill": 0.7195,
        "mission_priority": 0.3362,
        "estimated_landing_time": 382.0,
        "wait_time": 0,
        "Landing_success_rate": 0.8512
    },
    {
        "model": 0,
        "sequence": 14,
        "status": 1,
        "fuel": 7083,
        "fault": 0.5412,
        "weapon": 0,
        "pilot_injury": 0.9967,
        "pilot_skill": 0.8933,
        "mission_priority": 0.5134,
        "estimated_landing_time": 1322.0,
        "wait_time": 0,
        "Landing_success_rate": 0.9045
    },
    {
        "model": 1,
        "sequence": 3,
        "status": 1,
        "fuel": 5856,
        "fault": 0.7215,
        "weapon": 0,
        "pilot_injury": 0.9348,
        "pilot_skill": 0.8409,
        "mission_priority": 0.6437,
        "estimated_landing_time": 288.0,
        "wait_time": 0,
        "Landing_success_rate": 0.8574
    },
    {
        "model": 1,
        "sequence": 10,
        "status": 1,
        "fuel": 6527,
        "fault": 0.8203,
        "weapon": 1,
        "pilot_injury": 0.6265,
        "pilot_skill": 0.7952,
        "mission_priority": 0.969,
        "estimated_landing_time": 946.0,
        "wait_time": 0,
        "Landing_success_rate": 0.8638
    },
    {
        "model": 2,
        "sequence": 13,
        "status": 1,
        "fuel": 6778,
        "fault": 0.5383,
        "weapon": 0,
        "pilot_injury": 0.4448,
        "pilot_skill": 0.6685,
        "mission_priority": 0.6299,
        "estimated_landing_time": 1228.0,
        "wait_time": 0,
        "Landing_success_rate": 0.8943
    },
    {
        "model": 0,
        "sequence": 9,
        "status": 1,
        "fuel": 5825,
        "fault": 0.8014,
        "weapon": 1,
        "pilot_injury": 0.0885,
        "pilot_skill": 0.0264,
        "mission_priority": 0.7912,
        "estimated_landing_time": 852.0,
        "wait_time": 0,
        "Landing_success_rate": 0.8548
    },
    {
        "model": 0,
        "sequence": 17,
        "status": 1,
        "fuel": 5648,
        "fault": 0.8465,
        "weapon": 1,
        "pilot_injury": 0.0641,
        "pilot_skill": 0.1795,
        "mission_priority": 0.7656,
        "estimated_landing_time": 1604.0,
        "wait_time": 0,
        "Landing_success_rate": 0.8517
    },
    {
        "model": 1,
        "sequence": 18,
        "status": 1,
        "fuel": 5821,
        "fault": 0.7318,
        "weapon": 0,
        "pilot_injury": 0.3972,
        "pilot_skill": 0.2687,
        "mission_priority": 0.3476,
        "estimated_landing_time": 1698.0,
        "wait_time": 0,
        "Landing_success_rate": 0.8565
    },
    {
        "model": 2,
        "sequence": 6,
        "status": 1,
        "fuel": 7131,
        "fault": 0.7083,
        "weapon": 0,
        "pilot_injury": 0.9042,
        "pilot_skill": 0.6022,
        "mission_priority": 0.493,
        "estimated_landing_time": 570.0,
        "wait_time": 0,
        "Landing_success_rate": 0.8857
    },
    {
        "model": 2,
        "sequence": 11,
        "status": 1,
        "fuel": 7354,
        "fault": 0.3699,
        "weapon": 0,
        "pilot_injury": 0.3558,
        "pilot_skill": 0.2499,
        "mission_priority": 0.6162,
        "estimated_landing_time": 1040.0,
        "wait_time": 0,
        "Landing_success_rate": 0.9376
    },
    {
        "model": 2,
        "sequence": 12,
        "status": 1,
        "fuel": 5771,
        "fault": 0.6162,
        "weapon": 1,
        "pilot_injury": 0.4624,
        "pilot_skill": 0.0743,
        "mission_priority": 0.9774,
        "estimated_landing_time": 1134.0,
        "wait_time": 0,
        "Landing_success_rate": 0.8578
    }
]