[
    {
        "model": 1,
        "sequence": 7,
        "status": 1,
        "fuel": 6745,
        "fault": 0.6709,
        "weapon": 0,
        "pilot_injury": 0.0656,
        "pilot_skill": 0.5494,
        "mission_priority": 0.5909,
        "estimated_landing_time": 664.0,
        "wait_time": 0,
        "Landing_success_rate": 0.8807
    },
    {
        "model": 0,
        "sequence": 13,
        "status": 1,
        "fuel": 5682,
        "fault": 0.7751,
        "weapon": 1,
        "pilot_injury": 0.3646,
        "pilot_skill": 0.8437,
        "mission_priority": 0.1949,
        "estimated_landing_time": 1228.0,
        "wait_time": 0,
        "Landing_success_rate": 0.8531
    },
    {
        "model": 1,
        "sequence": 18,
        "status": 1,
        "fuel": 6627,
        "fault": 0.8039,
        "weapon": 1,
        "pilot_injury": 0.7622,
        "pilot_skill": 0.7136,
        "mission_priority": 0.2075,
        "estimated_landing_time": 1698.0,
        "wait_time": 0,
        "Landing_success_rate": 0.8666
    },
    {
        "model": 0,
        "sequence": 11,
        "status": 1,
        "fuel": 7075,
        "fault": 0.1416,
        "weapon": 0,
        "pilot_injury": 0.4321,
        "pilot_skill": 0.9666,
        "mission_priority": 0.4522,
        "estimated_landing_time": 1040.0,
        "wait_time": 0,
        "Landing_success_rate": 0.9514
    },
    {
        "model": 2,
        "sequence": 8,
        "status": 1,
        "fuel": 5875,
        "fault": 0.7446,
        "weapon": 1,
        "pilot_injury": 0.9517,
        "pilot_skill": 0.3197,
        "mission_priority": 0.8681,
        "estimated_landing_time": 758.0,
        "wait_time": 0,
        "Landing_success_rate": 0.8572
    },
    {
        "model": 2,
        "sequence": 4,
        "status": 1,
        "fuel": 6804,
        "fault": 0.2938,
        "weapon": 1,
        "pilot_injury": 0.0833,
        "pilot_skill": 0.7246,
        "mission_priority": 0.3115,
        "estimated_landing_time": 382.0,
        "wait_time": 0,
        "Landing_success_rate": 0.9191
    },
    {
        "model": 2,
        "sequence": 17,
        "status": 1,
        "fuel": 7174,
        "fault": 0.7032,
        "weapon": 0,
        "pilot_injury": 0.4853,
        "pilot_skill": 0.7779,
        "mission_priority": 0.3824,
        "estimated_landing_time": 1604.0,
        "wait_time": 0,
        "Landing_success_rate": 0.8873
    },
    {
        "model": 2,
        "sequence": 12,
        "status": 1,
        "fuel": 6321,
        "fault": 0.5039,
        "weapon": 1,
        "pilot_injury": 0.3673,
        "pilot_skill": 0.5259,
        "mission_priority": 0.8088,
        "estimated_landing_time": 1134.0,
        "wait_time": 0,
        "Landing_success_rate": 0.8805
    },
    {
        "model": 2,
        "sequence": 2,
        "status": 1,
        "fuel": 5772,
        "fault": 0.8886,
        "weapon": 1,
        "pilot_injury": 0.6707,
        "pilot_skill": 0.2694,
        "mission_priority": 0.2775,
        "estimated_landing_time": 194.0,
        "wait_time": 0,
        "Landing_success_rate": 0.8523
    },
    {
        "model": 1,
        "sequence": 9,
        "status": 1,
        "fuel": 5943,
        "fault": 0.1945,
        "weapon": 0,
        "pilot_injury": 0.5772,
        "pilot_skill": 0.6477,
        "mission_priority": 0.0293,
        "estimated_landing_time": 852.0,
        "wait_time": 0,
        "Landing_success_rate": 0.8768
    },
    {
        "model": 2,
        "sequence": 5,
        "status": 1,
        "fuel": 7283,
        "fault": 0.7078,
        "weapon": 0,
        "pilot_injury": 0.5457,
        "pilot_skill": 0.3594,
        "mission_priority": 0.0815,
        "estimated_landing_time": 476.0,
        "wait_time": 0,
        "Landing_success_rate": 0.8891
    },
    {
        "model": 2,
        "sequence": 15,
        "status": 1,
        "fuel": 7045,
        "fault": 0.6687,
        "weapon": 0,
        "pilot_injury": 0.4087,
        "pilot_skill": 0.4667,
        "mission_priority": 0.0527,
        "estimated_landing_time": 1416.0,
        "wait_time": 0,
        "Landing_success_rate": 0.8884
    },
    {
        "model": 2,
        "sequence": 6,
        "status": 1,
        "fuel": 5676,
        "fault": 0.9789,
        "weapon": 1,
        "pilot_injury": 0.5381,
        "pilot_skill": 0.5087,
        "mission_priority": 0.2431,
        "estimated_landing_time": 570.0,
        "wait_time": 0,
        "Landing_success_rate": 0.8503
    },
    {
        "model": 2,
        "sequence": 14,
        "status": 1,
        "fuel": 6498,
        "fault": 0.1257,
        "weapon": 0,
        "pilot_injury": 0.1899,
        "pilot_skill": 0.4607,
        "mission_priority": 0.2863,
        "estimated_landing_time": 1322.0,
        "wait_time": 0,
        "Landing_success_rate": 0.9154
    },
    {
        "model": 0,
        "sequence": 3,
        "status": 1,
        "fuel": 6515,
        "fault": 0.1052,
        "weapon": 1,
        "pilot_injury": 0.651,
        "pilot_skill": 0.8245,
        "mission_priority": 0.4177,
        "estimated_landing_time": 288.0,
        "wait_time": 0,
        "Landing_success_rate": 0.9181
    },
    {
        "model": 2,
        "sequence": 10,
        "status": 1,
        "fuel": 6603,
        "fault": 0.8682,
        "weapon": 0,
        "pilot_injury": 0.98,
        "pilot_skill": 0.5963,
        "mission_priority": 0.7097,
        "estimated_landing_time": 946.0,
        "wait_time": 0,
        "Landing_success_rate": 0.8609
    },
    {
        "model": 2,
        "sequence": 16,
        "status": 1,
        "fuel": 6518,
        "fault": 0.1753,
        "weapon": 0,
        "pilot_injury": 0.0375,
        "pilot_skill": 0.5692,
        "mission_priority": 0.9208,
        "estimated_landing_time": 1510.0,
        "wait_time": 0,
        "Landing_success_rate": 0.913
    },
    {
        "model": 1,
        "sequence": 1,
        "status": 1,
        "fuel": 5739,
        "fault": 0.4475,
        "weapon": 0,
        "pilot_injury": 0.4582,
        "pilot_skill": 0.945,
        "mission_priority": 0.6736,
        "estimated_landing_time": 100.0,
        "wait_time": 0,
        "Landing_success_rate": 0.8599
    }
]