[
    {
        "model": 1,
        "sequence": 16,
        "status": 1,
        "fuel": 6777,
        "fault": 0.3038,
        "weapon": 1,
        "pilot_injury": 0.5286,
        "pilot_skill": 0.5901,
        "mission_priority": 0.298,
        "estimated_landing_time": 1510.0,
        "wait_time": 0,
        "Landing_success_rate": 0.9167
    },
    {
        "model": 0,
        "sequence": 7,
        "status": 1,
        "fuel": 6582,
        "fault": 0.7897,
        "weapon": 1,
        "pilot_injury": 0.0263,
        "pilot_skill": 0.7391,
        "mission_priority": 0.318,
        "estimated_landing_time": 664.0,
        "wait_time": 0,
        "Landing_success_rate": 0.8671
    },
    {
        "model": 2,
        "sequence": 17,
        "status": 1,
        "fuel": 6583,
        "fault": 0.7666,
        "weapon": 0,
        "pilot_injury": 0.453,
        "pilot_skill": 0.5129,
        "mission_priority": 0.713,
        "estimated_landing_time": 1604.0,
        "wait_time": 0,
        "Landing_success_rate": 0.869
    },
    {
        "model": 1,
        "sequence": 6,
        "status": 1,
        "fuel": 5683,
        "fault": 0.2532,
        "weapon": 0,
        "pilot_injury": 0.5561,
        "pilot_skill": 0.327,
        "mission_priority": 0.4425,
        "estimated_landing_time": 570.0,
        "wait_time": 0,
        "Landing_success_rate": 0.8602
    },
    {
        "model": 2,
        "sequence": 15,
        "status": 1,
        "fuel": 6690,
        "fault": 0.3301,
        "weapon": 0,
        "pilot_injury": 0.6203,
        "pilot_skill": 0.5442,
        "mission_priority": 0.7398,
        "estimated_landing_time": 1416.0,
        "wait_time": 0,
        "Landing_success_rate": 0.9098
    },
    {
        "model": 1,
        "sequence": 4,
        "status": 1,
        "fuel": 6293,
        "fault": 0.9413,
        "weapon": 0,
        "pilot_injury": 0.6789,
        "pilot_skill": 0.8736,
        "mission_priority": 0.4323,
        "estimated_landing_time": 382.0,
        "wait_time": 0,
        "Landing_success_rate": 0.8535
    },
    {
        "model": 2,
        "sequence": 3,
        "status": 1,
        "fuel": 7355,
        "fault": 0.8266,
        "weapon": 0,
        "pilot_injury": 0.5826,
        "pilot_skill": 0.071,
        "mission_priority": 0.8921,
        "estimated_landing_time": 288.0,
        "wait_time": 0,
        "Landing_success_rate": 0.8741
    },
    {
        "model": 1,
        "sequence": 9,
        "status": 1,
        "fuel": 7248,
        "fault": 0.0431,
        "weapon": 1,
        "pilot_injury": 0.7588,
        "pilot_skill": 0.9531,
        "mission_priority": 0.0541,
        "estimated_landing_time": 852.0,
        "wait_time": 0,
        "Landing_success_rate": 0.9754
    },
    {
        "model": 0,
        "sequence": 2,
        "status": 1,
        "fuel": 6635,
        "fault": 0.7957,
        "weapon": 0,
        "pilot_injury": 0.3306,
        "pilot_skill": 0.0903,
        "mission_priority": 0.5627,
        "estimated_landing_time": 194.0,
        "wait_time": 0,
        "Landing_success_rate": 0.8674
    },
    {
        "model": 1,
        "sequence": 12,
        "status": 1,
        "fuel": 5920,
        "fault": 0.8195,
        "weapon": 1,
        "pilot_injury": 0.6125,
        "pilot_skill": 0.738,
        "mission_priority": 0.7673,
        "estimated_landing_time": 1134.0,
        "wait_time": 0,
        "Landing_success_rate": 0.8557
    },
    {
        "model": 2,
        "sequence": 13,
        "status": 1,
        "fuel": 5884,
        "fault": 0.3207,
        "weapon": 0,
        "pilot_injury": 0.9531,
        "pilot_skill": 0.8654,
        "mission_priority": 0.2965,
        "estimated_landing_time": 1228.0,
        "wait_time": 0,
        "Landing_success_rate": 0.8696
    },
    {
        "model": 2,
        "sequence": 10,
        "status": 1,
        "fuel": 7016,
        "fault": 0.382,
        "weapon": 1,
        "pilot_injury": 0.4019,
        "pilot_skill": 0.5757,
        "mission_priority": 0.5834,
        "estimated_landing_time": 946.0,
        "wait_time": 0,
        "Landing_success_rate": 0.9203
    },
    {
        "model": 0,
        "sequence": 8,
        "status": 1,
        "fuel": 6946,
        "fault": 0.0731,
        "weapon": 0,
        "pilot_injury": 0.1048,
        "pilot_skill": 0.8583,
        "mission_priority": 0.3098,
        "estimated_landing_time": 758.0,
        "wait_time": 0,
        "Landing_success_rate": 0.9505
    },
    {
        "model": 2,
        "sequence": 18,
        "status": 1,
        "fuel": 6363,
        "fault": 0.3345,
        "weapon": 1,
        "pilot_injury": 0.9583,
        "pilot_skill": 0.091,
        "mission_priority": 0.231,
        "estimated_landing_time": 1698.0,
        "wait_time": 0,
        "Landing_success_rate": 0.8931
    },
    {
        "model": 0,
        "sequence": 1,
        "status": 1,
        "fuel": 5928,
        "fault": 0.9972,
        "weapon": 1,
        "pilot_injury": 0.8503,
        "pilot_skill": 0.4341,
        "mission_priority": 0.9285,
        "estimated_landing_time": 100.0,
        "wait_time": 0,
        "Landing_success_rate": 0.8501
    },
    {
        "model": 2,
        "sequence": 14,
        "status": 1,
        "fuel": 7307,
        "fault": 0.2515,
        "weapon": 1,
        "pilot_injury": 0.8454,
        "pilot_skill": 0.2968,
        "mission_priority": 0.3543,
        "estimated_landing_time": 1322.0,
        "wait_time": 0,
        "Landing_success_rate": 0.9514
    },
    {
        "model": 2,
        "sequence": 5,
        "status": 1,
        "fuel": 7312,
        "fault": 0.2715,
        "weapon": 0,
        "pilot_injury": 0.9765,
        "pilot_skill": 0.9018,
        "mission_priority": 0.1274,
        "estimated_landing_time": 476.0,
        "wait_time": 0,
        "Landing_success_rate": 0.949
    },
    {
        "model": 0,
        "sequence": 11,
        "status": 1,
        "fuel": 5583,
        "fault": 0.1837,
        "weapon": 1,
        "pilot_injury": 0.9908,
        "pilot_skill": 0.4723,
        "mission_priority": 0.5538,
        "estimated_landing_time": 1040.0,
        "wait_time": 0,
        "Landing_success_rate": 0.8551
    }
]