[
    {
        "model": 2,
        "sequence": 13,
        "status": 1,
        "fuel": 6890,
        "fault": 0.1371,
        "weapon": 0,
        "pilot_injury": 0.2939,
        "pilot_skill": 0.4463,
        "mission_priority": 0.727,
        "estimated_landing_time": 1228.0,
        "wait_time": 0,
        "Landing_success_rate": 0.94
    },
    {
        "model": 0,
        "sequence": 6,
        "status": 1,
        "fuel": 5583,
        "fault": 0.8518,
        "weapon": 0,
        "pilot_injury": 0.2252,
        "pilot_skill": 0.6623,
        "mission_priority": 0.6097,
        "estimated_landing_time": 570.0,
        "wait_time": 0,
        "Landing_success_rate": 0.8509
    },
    {
        "model": 1,
        "sequence": 16,
        "status": 1,
        "fuel": 6643,
        "fault": 0.458,
        "weapon": 0,
        "pilot_injury": 0.7518,
        "pilot_skill": 0.5683,
        "mission_priority": 0.2747,
        "estimated_landing_time": 1510.0,
        "wait_time": 0,
        "Landing_success_rate": 0.8965
    },
    {
        "model": 2,
        "sequence": 5,
        "status": 1,
        "fuel": 5758,
        "fault": 0.2607,
        "weapon": 1,
        "pilot_injury": 0.5793,
        "pilot_skill": 0.889,
        "mission_priority": 0.5693,
        "estimated_landing_time": 476.0,
        "wait_time": 0,
        "Landing_success_rate": 0.8643
    },
    {
        "model": 2,
        "sequence": 14,
        "status": 1,
        "fuel": 7397,
        "fault": 0.7145,
        "weapon": 0,
        "pilot_injury": 0.0512,
        "pilot_skill": 0.2329,
        "mission_priority": 0.492,
        "estimated_landing_time": 1322.0,
        "wait_time": 0,
        "Landing_success_rate": 0.8906
    },
    {
        "model": 2,
        "sequence": 7,
        "status": 1,
        "fuel": 6589,
        "fault": 0.9296,
        "weapon": 0,
        "pilot_injury": 0.5041,
        "pilot_skill": 0.3228,
        "mission_priority": 0.2581,
        "estimated_landing_time": 664.0,
        "wait_time": 0,
        "Landing_success_rate": 0.8557
    },
    {
        "model": 0,
        "sequence": 10,
        "status": 1,
        "fuel": 7444,
        "fault": 0.554,
        "weapon": 0,
        "pilot_injury": 0.9277,
        "pilot_skill": 0.8677,
        "mission_priority": 0.7076,
        "estimated_landing_time": 946.0,
        "wait_time": 0,
        "Landing_success_rate": 0.915
    },
    {
        "model": 0,
        "sequence": 11,
        "status": 1,
        "fuel": 6614,
        "fault": 0.6211,
        "weapon": 1,
        "pilot_injury": 0.808,
        "pilot_skill": 0.7678,
        "mission_priority": 0.114,
        "estimated_landing_time": 1040.0,
        "wait_time": 0,
        "Landing_success_rate": 0.8817
    },
    {
        "model": 1,
        "sequence": 18,
        "status": 1,
        "fuel": 7287,
        "fault": 0.0388,
        "weapon": 1,
        "pilot_injury": 0.5774,
        "pilot_skill": 0.6464,
        "mission_priority": 0.4584,
        "estimated_landing_time": 1698.0,
        "wait_time": 0,
        "Landing_success_rate": 0.9788
    },
    {
        "model": 2,
        "sequence": 12,
        "status": 1,
        "fuel": 6762,
        "fault": 0.2518,
        "weapon": 1,
        "pilot_injury": 0.639,
        "pilot_skill": 0.0814,
        "mission_priority": 0.435,
        "estimated_landing_time": 1134.0,
        "wait_time": 0,
        "Landing_success_rate": 0.9208
    },
    {
        "model": 2,
        "sequence": 2,
        "status": 1,
        "fuel": 5978,
        "fault": 0.2965,
        "weapon": 0,
        "pilot_injury": 0.1334,
        "pilot_skill": 0.6916,
        "mission_priority": 0.795,
        "estimated_landing_time": 194.0,
        "wait_time": 0,
        "Landing_success_rate": 0.8752
    },
    {
        "model": 0,
        "sequence": 9,
        "status": 1,
        "fuel": 5724,
        "fault": 0.1032,
        "weapon": 1,
        "pilot_injury": 0.1455,
        "pilot_skill": 0.8771,
        "mission_priority": 0.5282,
        "estimated_landing_time": 852.0,
        "wait_time": 0,
        "Landing_success_rate": 0.8651
    },
    {
        "model": 0,
        "sequence": 15,
        "status": 1,
        "fuel": 6180,
        "fault": 0.2671,
        "weapon": 0,
        "pilot_injury": 0.6496,
        "pilot_skill": 0.868,
        "mission_priority": 0.8282,
        "estimated_landing_time": 1416.0,
        "wait_time": 0,
        "Landing_success_rate": 0.8874
    },
    {
        "model": 1,
        "sequence": 3,
        "status": 1,
        "fuel": 7315,
        "fault": 0.6431,
        "weapon": 1,
        "pilot_injury": 0.1124,
        "pilot_skill": 0.0493,
        "mission_priority": 0.2575,
        "estimated_landing_time": 288.0,
        "wait_time": 0,
        "Landing_success_rate": 0.8986
    },
    {
        "model": 1,
        "sequence": 1,
        "status": 1,
        "fuel": 6949,
        "fault": 0.8994,
        "weapon": 0,
        "pilot_injury": 0.3851,
        "pilot_skill": 0.943,
        "mission_priority": 0.6104,
        "estimated_landing_time": 100.0,
        "wait_time": 0,
        "Landing_success_rate": 0.8609
    },
    {
        "model": 0,
        "sequence": 8,
        "status": 1,
        "fuel": 7434,
        "fault": 0.4539,
        "weapon": 1,
        "pilot_injury": 0.1125,
        "pilot_skill": 0.7359,
        "mission_priority": 0.2751,
        "estimated_landing_time": 758.0,
        "wait_time": 0,
        "Landing_success_rate": 0.9292
    },
    {
        "model": 2,
        "sequence": 4,
        "status": 1,
        "fuel": 6136,
        "fault": 0.1706,
        "weapon": 0,
        "pilot_injury": 0.9977,
        "pilot_skill": 0.2636,
        "mission_priority": 0.2791,
        "estimated_landing_time": 382.0,
        "wait_time": 0,
        "Landing_success_rate": 0.8896
    },
    {
        "model": 1,
        "sequence": 17,
        "status": 1,
        "fuel": 5871,
        "fault": 0.6542,
        "weapon": 1,
        "pilot_injury": 0.6967,
        "pilot_skill": 0.7253,
        "mission_priority": 0.8364,
        "estimated_landing_time": 1604.0,
        "wait_time": 0,
        "Landing_success_rate": 0.8596
    }
]