[
    {
        "model": 2,
        "sequence": 17,
        "status": 1,
        "fuel": 6879,
        "fault": 0.4981,
        "weapon": 1,
        "pilot_injury": 0.5542,
        "pilot_skill": 0.6514,
        "mission_priority": 0.8297,
        "estimated_landing_time": 1604.0,
        "wait_time": 0,
        "Landing_success_rate": 0.9019
    },
    {
        "model": 1,
        "sequence": 8,
        "status": 1,
        "fuel": 7122,
        "fault": 0.1066,
        "weapon": 1,
        "pilot_injury": 0.1369,
        "pilot_skill": 0.9,
        "mission_priority": 0.8739,
        "estimated_landing_time": 758.0,
        "wait_time": 0,
        "Landing_success_rate": 0.9587
    },
    {
        "model": 1,
        "sequence": 1,
        "status": 1,
        "fuel": 5667,
        "fault": 0.2507,
        "weapon": 0,
        "pilot_injury": 0.665,
        "pilot_skill": 0.1754,
        "mission_priority": 0.9144,
        "estimated_landing_time": 100.0,
        "wait_time": 0,
        "Landing_success_rate": 0.8594
    },
    {
        "model": 0,
        "sequence": 13,
        "status": 1,
        "fuel": 6421,
        "fault": 0.4044,
        "weapon": 1,
        "pilot_injury": 0.5189,
        "pilot_skill": 0.047,
        "mission_priority": 0.1663,
        "estimated_landing_time": 1228.0,
        "wait_time": 0,
        "Landing_success_rate": 0.8911
    },
    {
        "model": 1,
        "sequence": 14,
        "status": 1,
        "fuel": 6886,
        "fault": 0.1844,
        "weapon": 0,
        "pilot_injury": 0.6032,
        "pilot_skill": 0.2453,
        "mission_priority": 0.3893,
        "estimated_landing_time": 1322.0,
        "wait_time": 0,
        "Landing_success_rate": 0.9348
    },
    {
        "model": 1,
        "sequence": 15,
        "status": 1,
        "fuel": 6819,
        "fault": 0.4372,
        "weapon": 1,
        "pilot_injury": 0.719,
        "pilot_skill": 0.2971,
        "mission_priority": 0.5664,
        "estimated_landing_time": 1416.0,
        "wait_time": 0,
        "Landing_success_rate": 0.9057
    },
    {
        "model": 2,
        "sequence": 3,
        "status": 1,
        "fuel": 5597,
        "fault": 0.3966,
        "weapon": 1,
        "pilot_injury": 0.9368,
        "pilot_skill": 0.7326,
        "mission_priority": 0.2149,
        "estimated_landing_time": 288.0,
        "wait_time": 0,
        "Landing_success_rate": 0.8544
    },
    {
        "model": 1,
        "sequence": 5,
        "status": 1,
        "fuel": 7071,
        "fault": 0.5398,
        "weapon": 0,
        "pilot_injury": 0.5951,
        "pilot_skill": 0.0514,
        "mission_priority": 0.4964,
        "estimated_landing_time": 476.0,
        "wait_time": 0,
        "Landing_success_rate": 0.9042
    },
    {
        "model": 2,
        "sequence": 18,
        "status": 1,
        "fuel": 5864,
        "fault": 0.1547,
        "weapon": 0,
        "pilot_injury": 0.7709,
        "pilot_skill": 0.1066,
        "mission_priority": 0.0751,
        "estimated_landing_time": 1698.0,
        "wait_time": 0,
        "Landing_success_rate": 0.8731
    },
    {
        "model": 0,
        "sequence": 2,
        "status": 1,
        "fuel": 6540,
        "fault": 0.4128,
        "weapon": 0,
        "pilot_injury": 0.6884,
        "pilot_skill": 0.4348,
        "mission_priority": 0.2464,
        "estimated_landing_time": 194.0,
        "wait_time": 0,
        "Landing_success_rate": 0.8958
    },
    {
        "model": 1,
        "sequence": 12,
        "status": 1,
        "fuel": 5630,
        "fault": 0.0778,
        "weapon": 1,
        "pilot_injury": 0.6947,
        "pilot_skill": 0.2721,
        "mission_priority": 0.5902,
        "estimated_landing_time": 1134.0,
        "wait_time": 0,
        "Landing_success_rate": 0.859
    },
    {
        "model": 2,
        "sequence": 10,
        "status": 1,
        "fuel": 5774,
        "fault": 0.3146,
        "weapon": 0,
        "pilot_injury": 0.9173,
        "pilot_skill": 0.1368,
        "mission_priority": 0.9502,
        "estimated_landing_time": 946.0,
        "wait_time": 0,
        "Landing_success_rate": 0.8641
    },
    {
        "model": 0,
        "sequence": 4,
        "status": 1,
        "fuel": 7346,
        "fault": 0.5213,
        "weapon": 1,
        "pilot_injury": 0.5419,
        "pilot_skill": 0.8729,
        "mission_priority": 0.7322,
        "estimated_landing_time": 382.0,
        "wait_time": 0,
        "Landing_success_rate": 0.9163
    },
    {
        "model": 1,
        "sequence": 11,
        "status": 1,
        "fuel": 6160,
        "fault": 0.759,
        "weapon": 0,
        "pilot_injury": 0.6923,
        "pilot_skill": 0.8492,
        "mission_priority": 0.2497,
        "estimated_landing_time": 1040.0,
        "wait_time": 0,
        "Landing_success_rate": 0.8619
    },
    {
        "model": 0,
        "sequence": 16,
        "status": 1,
        "fuel": 6612,
        "fault": 0.6467,
        "weapon": 0,
        "pilot_injury": 0.9877,
        "pilot_skill": 0.9441,
        "mission_priority": 0.0394,
        "estimated_landing_time": 1510.0,
        "wait_time": 0,
        "Landing_success_rate": 0.8795
    },
    {
        "model": 1,
        "sequence": 6,
        "status": 1,
        "fuel": 6277,
        "fault": 0.5883,
        "weapon": 0,
        "pilot_injury": 0.1806,
        "pilot_skill": 0.5679,
        "mission_priority": 0.9155,
        "estimated_landing_time": 570.0,
        "wait_time": 0,
        "Landing_success_rate": 0.874
    },
    {
        "model": 0,
        "sequence": 9,
        "status": 1,
        "fuel": 7305,
        "fault": 0.1205,
        "weapon": 0,
        "pilot_injury": 0.2973,
        "pilot_skill": 0.9244,
        "mission_priority": 0.9711,
        "estimated_landing_time": 852.0,
        "wait_time": 0,
        "Landing_success_rate": 0.9691
    },
    {
        "model": 0,
        "sequence": 7,
        "status": 1,
        "fuel": 6226,
        "fault": 0.7953,
        "weapon": 0,
        "pilot_injury": 0.862,
        "pilot_skill": 0.8445,
        "mission_priority": 0.3191,
        "estimated_landing_time": 664.0,
        "wait_time": 0,
        "Landing_success_rate": 0.8611
    }
]