[
    {
        "model": 0,
        "sequence": 15,
        "status": 1,
        "fuel": 7364,
        "fault": 0.129,
        "weapon": 1,
        "pilot_injury": 0.2929,
        "pilot_skill": 0.3735,
        "mission_priority": 0.67,
        "estimated_landing_time": 1416.0,
        "wait_time": 0,
        "Landing_success_rate": 0.9718
    },
    {
        "model": 2,
        "sequence": 17,
        "status": 1,
        "fuel": 6967,
        "fault": 0.9137,
        "weapon": 0,
        "pilot_injury": 0.7139,
        "pilot_skill": 0.48,
        "mission_priority": 0.4024,
        "estimated_landing_time": 1604.0,
        "wait_time": 0,
        "Landing_success_rate": 0.8595
    },
    {
        "model": 0,
        "sequence": 2,
        "status": 1,
        "fuel": 6816,
        "fault": 0.9669,
        "weapon": 0,
        "pilot_injury": 0.7707,
        "pilot_skill": 0.264,
        "mission_priority": 0.0054,
        "estimated_landing_time": 194.0,
        "wait_time": 0,
        "Landing_success_rate": 0.8533
    },
    {
        "model": 1,
        "sequence": 16,
        "status": 1,
        "fuel": 6291,
        "fault": 0.9893,
        "weapon": 1,
        "pilot_injury": 0.6068,
        "pilot_skill": 0.1199,
        "mission_priority": 0.3207,
        "estimated_landing_time": 1510.0,
        "wait_time": 0,
        "Landing_success_rate": 0.8506
    },
    {
        "model": 0,
        "sequence": 7,
        "status": 1,
        "fuel": 6212,
        "fault": 0.246,
        "weapon": 0,
        "pilot_injury": 0.6077,
        "pilot_skill": 0.4027,
        "mission_priority": 0.2078,
        "estimated_landing_time": 664.0,
        "wait_time": 0,
        "Landing_success_rate": 0.8903
    },
    {
        "model": 1,
        "sequence": 4,
        "status": 1,
        "fuel": 7342,
        "fault": 0.1938,
        "weapon": 1,
        "pilot_injury": 0.6616,
        "pilot_skill": 0.2363,
        "mission_priority": 0.0979,
        "estimated_landing_time": 382.0,
        "wait_time": 0,
        "Landing_success_rate": 0.9614
    },
    {
        "model": 0,
        "sequence": 18,
        "status": 1,
        "fuel": 6938,
        "fault": 0.2152,
        "weapon": 0,
        "pilot_injury": 0.1884,
        "pilot_skill": 0.0562,
        "mission_priority": 0.0807,
        "estimated_landing_time": 1698.0,
        "wait_time": 0,
        "Landing_success_rate": 0.9346
    },
    {
        "model": 2,
        "sequence": 11,
        "status": 1,
        "fuel": 6864,
        "fault": 0.2341,
        "weapon": 0,
        "pilot_injury": 0.922,
        "pilot_skill": 0.1951,
        "mission_priority": 0.9606,
        "estimated_landing_time": 1040.0,
        "wait_time": 0,
        "Landing_success_rate": 0.9284
    },
    {
        "model": 0,
        "sequence": 3,
        "status": 1,
        "fuel": 7238,
        "fault": 0.944,
        "weapon": 1,
        "pilot_injury": 0.8297,
        "pilot_skill": 0.3498,
        "mission_priority": 0.4248,
        "estimated_landing_time": 288.0,
        "wait_time": 0,
        "Landing_success_rate": 0.8573
    },
    {
        "model": 0,
        "sequence": 10,
        "status": 1,
        "fuel": 6854,
        "fault": 0.2678,
        "weapon": 0,
        "pilot_injury": 0.6196,
        "pilot_skill": 0.6755,
        "mission_priority": 0.7773,
        "estimated_landing_time": 946.0,
        "wait_time": 0,
        "Landing_success_rate": 0.9244
    },
    {
        "model": 2,
        "sequence": 13,
        "status": 1,
        "fuel": 7318,
        "fault": 0.3293,
        "weapon": 0,
        "pilot_injury": 0.0135,
        "pilot_skill": 0.1622,
        "mission_priority": 0.9849,
        "estimated_landing_time": 1228.0,
        "wait_time": 0,
        "Landing_success_rate": 0.9414
    },
    {
        "model": 0,
        "sequence": 14,
        "status": 1,
        "fuel": 7412,
        "fault": 0.7605,
        "weapon": 1,
        "pilot_injury": 0.1761,
        "pilot_skill": 0.7167,
        "mission_priority": 0.706,
        "estimated_landing_time": 1322.0,
        "wait_time": 0,
        "Landing_success_rate": 0.8843
    },
    {
        "model": 1,
        "sequence": 1,
        "status": 1,
        "fuel": 5562,
        "fault": 0.7045,
        "weapon": 0,
        "pilot_injury": 0.6548,
        "pilot_skill": 0.3901,
        "mission_priority": 0.1945,
        "estimated_landing_time": 100.0,
        "wait_time": 0,
        "Landing_success_rate": 0.8514
    },
    {
        "model": 0,
        "sequence": 9,
        "status": 1,
        "fuel": 6179,
        "fault": 0.3732,
        "weapon": 0,
        "pilot_injury": 0.8556,
        "pilot_skill": 0.5147,
        "mission_priority": 0.1057,
        "estimated_landing_time": 852.0,
        "wait_time": 0,
        "Landing_success_rate": 0.8819
    },
    {
        "model": 0,
        "sequence": 6,
        "status": 1,
        "fuel": 5878,
        "fault": 0.6742,
        "weapon": 1,
        "pilot_injury": 0.2981,
        "pilot_skill": 0.4225,
        "mission_priority": 0.2983,
        "estimated_landing_time": 570.0,
        "wait_time": 0,
        "Landing_success_rate": 0.8592
    },
    {
        "model": 0,
        "sequence": 8,
        "status": 1,
        "fuel": 5836,
        "fault": 0.0787,
        "weapon": 0,
        "pilot_injury": 0.3628,
        "pilot_skill": 0.251,
        "mission_priority": 0.6834,
        "estimated_landing_time": 758.0,
        "wait_time": 0,
        "Landing_success_rate": 0.8732
    },
    {
        "model": 2,
        "sequence": 5,
        "status": 1,
        "fuel": 6478,
        "fault": 0.431,
        "weapon": 1,
        "pilot_injury": 0.7779,
        "pilot_skill": 0.8413,
        "mission_priority": 0.5798,
        "estimated_landing_time": 476.0,
        "wait_time": 0,
        "Landing_success_rate": 0.8917
    },
    {
        "model": 0,
        "sequence": 12,
        "status": 1,
        "fuel": 5741,
        "fault": 0.3254,
        "weapon": 0,
        "pilot_injury": 0.8949,
        "pilot_skill": 0.0242,
        "mission_priority": 0.3486,
        "estimated_landing_time": 1134.0,
        "wait_time": 0,
        "Landing_success_rate": 0.8622
    }
]