[
    {
        "model": 1,
        "sequence": 18,
        "status": 1,
        "fuel": 5735,
        "fault": 0.7302,
        "weapon": 1,
        "pilot_injury": 0.8796,
        "pilot_skill": 0.907,
        "mission_priority": 0.9915,
        "estimated_landing_time": 1698.0,
        "wait_time": 0,
        "Landing_success_rate": 0.8548
    },
    {
        "model": 1,
        "sequence": 12,
        "status": 1,
        "fuel": 5564,
        "fault": 0.3544,
        "weapon": 0,
        "pilot_injury": 0.6692,
        "pilot_skill": 0.4838,
        "mission_priority": 0.4184,
        "estimated_landing_time": 1134.0,
        "wait_time": 0,
        "Landing_success_rate": 0.8531
    },
    {
        "model": 1,
        "sequence": 14,
        "status": 1,
        "fuel": 6681,
        "fault": 0.9387,
        "weapon": 1,
        "pilot_injury": 0.5756,
        "pilot_skill": 0.1615,
        "mission_priority": 0.4717,
        "estimated_landing_time": 1322.0,
        "wait_time": 0,
        "Landing_success_rate": 0.8554
    },
    {
        "model": 1,
        "sequence": 1,
        "status": 1,
        "fuel": 6418,
        "fault": 0.315,
        "weapon": 1,
        "pilot_injury": 0.2101,
        "pilot_skill": 0.7423,
        "mission_priority": 0.0252,
        "estimated_landing_time": 100.0,
        "wait_time": 0,
        "Landing_success_rate": 0.8972
    },
    {
        "model": 0,
        "sequence": 16,
        "status": 1,
        "fuel": 6181,
        "fault": 0.473,
        "weapon": 1,
        "pilot_injury": 0.5639,
        "pilot_skill": 0.2612,
        "mission_priority": 0.695,
        "estimated_landing_time": 1510.0,
        "wait_time": 0,
        "Landing_success_rate": 0.8769
    },
    {
        "model": 0,
        "sequence": 13,
        "status": 1,
        "fuel": 5608,
        "fault": 0.4124,
        "weapon": 0,
        "pilot_injury": 0.735,
        "pilot_skill": 0.6101,
        "mission_priority": 0.4882,
        "estimated_landing_time": 1228.0,
        "wait_time": 0,
        "Landing_success_rate": 0.8548
    },
    {
        "model": 0,
        "sequence": 4,
        "status": 1,
        "fuel": 5842,
        "fault": 0.3173,
        "weapon": 1,
        "pilot_injury": 0.4191,
        "pilot_skill": 0.5993,
        "mission_priority": 0.5137,
        "estimated_landing_time": 382.0,
        "wait_time": 0,
        "Landing_success_rate": 0.8675
    },
    {
        "model": 2,
        "sequence": 9,
        "status": 1,
        "fuel": 7060,
        "fault": 0.319,
        "weapon": 0,
        "pilot_injury": 0.4962,
        "pilot_skill": 0.2856,
        "mission_priority": 0.7346,
        "estimated_landing_time": 852.0,
        "wait_time": 0,
        "Landing_success_rate": 0.9297
    },
    {
        "model": 2,
        "sequence": 11,
        "status": 1,
        "fuel": 7464,
        "fault": 0.3187,
        "weapon": 1,
        "pilot_injury": 0.9415,
        "pilot_skill": 0.1744,
        "mission_priority": 0.4716,
        "estimated_landing_time": 1040.0,
        "wait_time": 0,
        "Landing_success_rate": 0.9504
    },
    {
        "model": 2,
        "sequence": 7,
        "status": 1,
        "fuel": 7187,
        "fault": 0.0309,
        "weapon": 1,
        "pilot_injury": 0.5505,
        "pilot_skill": 0.4074,
        "mission_priority": 0.5214,
        "estimated_landing_time": 664.0,
        "wait_time": 0,
        "Landing_success_rate": 0.9726
    },
    {
        "model": 1,
        "sequence": 6,
        "status": 1,
        "fuel": 6201,
        "fault": 0.6421,
        "weapon": 0,
        "pilot_injury": 0.0226,
        "pilot_skill": 0.8617,
        "mission_priority": 0.5771,
        "estimated_landing_time": 570.0,
        "wait_time": 0,
        "Landing_success_rate": 0.8688
    },
    {
        "model": 2,
        "sequence": 8,
        "status": 1,
        "fuel": 5844,
        "fault": 0.3161,
        "weapon": 0,
        "pilot_injury": 0.8102,
        "pilot_skill": 0.4297,
        "mission_priority": 0.7499,
        "estimated_landing_time": 758.0,
        "wait_time": 0,
        "Landing_success_rate": 0.8676
    },
    {
        "model": 1,
        "sequence": 15,
        "status": 1,
        "fuel": 7022,
        "fault": 0.2557,
        "weapon": 1,
        "pilot_injury": 0.1808,
        "pilot_skill": 0.2688,
        "mission_priority": 0.1986,
        "estimated_landing_time": 1416.0,
        "wait_time": 0,
        "Landing_success_rate": 0.935
    },
    {
        "model": 2,
        "sequence": 2,
        "status": 1,
        "fuel": 6962,
        "fault": 0.3847,
        "weapon": 0,
        "pilot_injury": 0.5551,
        "pilot_skill": 0.588,
        "mission_priority": 0.4265,
        "estimated_landing_time": 194.0,
        "wait_time": 0,
        "Landing_success_rate": 0.9175
    },
    {
        "model": 1,
        "sequence": 3,
        "status": 1,
        "fuel": 7387,
        "fault": 0.8315,
        "weapon": 0,
        "pilot_injury": 0.0878,
        "pilot_skill": 0.1718,
        "mission_priority": 0.5181,
        "estimated_landing_time": 288.0,
        "wait_time": 0,
        "Landing_success_rate": 0.8738
    },
    {
        "model": 2,
        "sequence": 10,
        "status": 1,
        "fuel": 6255,
        "fault": 0.579,
        "weapon": 1,
        "pilot_injury": 0.4003,
        "pilot_skill": 0.8119,
        "mission_priority": 0.0139,
        "estimated_landing_time": 946.0,
        "wait_time": 0,
        "Landing_success_rate": 0.8738
    },
    {
        "model": 2,
        "sequence": 5,
        "status": 1,
        "fuel": 5690,
        "fault": 0.8635,
        "weapon": 0,
        "pilot_injury": 0.7987,
        "pilot_skill": 0.9328,
        "mission_priority": 0.0201,
        "estimated_landing_time": 476.0,
        "wait_time": 0,
        "Landing_success_rate": 0.8519
    },
    {
        "model": 0,
        "sequence": 17,
        "status": 1,
        "fuel": 7134,
        "fault": 0.5574,
        "weapon": 0,
        "pilot_injury": 0.4585,
        "pilot_skill": 0.5646,
        "mission_priority": 0.663,
        "estimated_landing_time": 1604.0,
        "wait_time": 0,
        "Landing_success_rate": 0.9042
    }
]