[
    {
        "model": 1,
        "sequence": 5,
        "status": 1,
        "fuel": 6060,
        "fault": 0.2014,
        "weapon": 0,
        "pilot_injury": 0.8721,
        "pilot_skill": 0.5448,
        "mission_priority": 0.7584,
        "estimated_landing_time": 476.0,
        "wait_time": 0,
        "Landing_success_rate": 0.8835
    },
    {
        "model": 1,
        "sequence": 1,
        "status": 1,
        "fuel": 6383,
        "fault": 0.5194,
        "weapon": 1,
        "pilot_injury": 0.1263,
        "pilot_skill": 0.6596,
        "mission_priority": 0.1616,
        "estimated_landing_time": 100.0,
        "wait_time": 0,
        "Landing_success_rate": 0.8818
    },
    {
        "model": 2,
        "sequence": 12,
        "status": 1,
        "fuel": 6281,
        "fault": 0.2388,
        "weapon": 0,
        "pilot_injury": 0.5602,
        "pilot_skill": 0.7507,
        "mission_priority": 0.558,
        "estimated_landing_time": 1134.0,
        "wait_time": 0,
        "Landing_success_rate": 0.8946
    },
    {
        "model": 0,
        "sequence": 9,
        "status": 1,
        "fuel": 5565,
        "fault": 0.0652,
        "weapon": 1,
        "pilot_injury": 0.3437,
        "pilot_skill": 0.2824,
        "mission_priority": 0.3907,
        "estimated_landing_time": 852.0,
        "wait_time": 0,
        "Landing_success_rate": 0.8546
    },
    {
        "model": 2,
        "sequence": 15,
        "status": 1,
        "fuel": 5726,
        "fault": 0.1055,
        "weapon": 1,
        "pilot_injury": 0.4517,
        "pilot_skill": 0.3974,
        "mission_priority": 0.0934,
        "estimated_landing_time": 1416.0,
        "wait_time": 0,
        "Landing_success_rate": 0.8652
    },
    {
        "model": 1,
        "sequence": 14,
        "status": 1,
        "fuel": 6208,
        "fault": 0.9645,
        "weapon": 1,
        "pilot_injury": 0.1867,
        "pilot_skill": 0.094,
        "mission_priority": 0.3567,
        "estimated_landing_time": 1322.0,
        "wait_time": 0,
        "Landing_success_rate": 0.8519
    },
    {
        "model": 0,
        "sequence": 4,
        "status": 1,
        "fuel": 6820,
        "fault": 0.5776,
        "weapon": 0,
        "pilot_injury": 0.3123,
        "pilot_skill": 0.6427,
        "mission_priority": 0.1958,
        "estimated_landing_time": 382.0,
        "wait_time": 0,
        "Landing_success_rate": 0.8918
    },
    {
        "model": 0,
        "sequence": 11,
        "status": 1,
        "fuel": 5737,
        "fault": 0.533,
        "weapon": 1,
        "pilot_injury": 0.4476,
        "pilot_skill": 0.5578,
        "mission_priority": 0.166,
        "estimated_landing_time": 1040.0,
        "wait_time": 0,
        "Landing_success_rate": 0.8583
    },
    {
        "model": 1,
        "sequence": 18,
        "status": 1,
        "fuel": 6347,
        "fault": 0.8572,
        "weapon": 0,
        "pilot_injury": 0.8972,
        "pilot_skill": 0.1689,
        "mission_priority": 0.5071,
        "estimated_landing_time": 1698.0,
        "wait_time": 0,
        "Landing_success_rate": 0.8591
    },
    {
        "model": 1,
        "sequence": 8,
        "status": 1,
        "fuel": 5719,
        "fault": 0.202,
        "weapon": 1,
        "pilot_injury": 0.3637,
        "pilot_skill": 0.7326,
        "mission_priority": 0.8204,
        "estimated_landing_time": 758.0,
        "wait_time": 0,
        "Landing_success_rate": 0.8631
    },
    {
        "model": 1,
        "sequence": 6,
        "status": 1,
        "fuel": 6112,
        "fault": 0.4403,
        "weapon": 1,
        "pilot_injury": 0.9678,
        "pilot_skill": 0.8569,
        "mission_priority": 0.1176,
        "estimated_landing_time": 570.0,
        "wait_time": 0,
        "Landing_success_rate": 0.8757
    },
    {
        "model": 1,
        "sequence": 7,
        "status": 1,
        "fuel": 7430,
        "fault": 0.5052,
        "weapon": 1,
        "pilot_injury": 0.9884,
        "pilot_skill": 0.4854,
        "mission_priority": 0.1224,
        "estimated_landing_time": 664.0,
        "wait_time": 0,
        "Landing_success_rate": 0.9216
    },
    {
        "model": 1,
        "sequence": 13,
        "status": 1,
        "fuel": 6169,
        "fault": 0.6347,
        "weapon": 1,
        "pilot_injury": 0.9971,
        "pilot_skill": 0.9798,
        "mission_priority": 0.6561,
        "estimated_landing_time": 1228.0,
        "wait_time": 0,
        "Landing_success_rate": 0.8683
    },
    {
        "model": 0,
        "sequence": 3,
        "status": 1,
        "fuel": 7163,
        "fault": 0.0126,
        "weapon": 0,
        "pilot_injury": 0.093,
        "pilot_skill": 0.0294,
        "mission_priority": 0.823,
        "estimated_landing_time": 288.0,
        "wait_time": 0,
        "Landing_success_rate": 0.9732
    },
    {
        "model": 1,
        "sequence": 17,
        "status": 1,
        "fuel": 7189,
        "fault": 0.0794,
        "weapon": 0,
        "pilot_injury": 0.9735,
        "pilot_skill": 0.3368,
        "mission_priority": 0.2965,
        "estimated_landing_time": 1604.0,
        "wait_time": 0,
        "Landing_success_rate": 0.9666
    },
    {
        "model": 0,
        "sequence": 10,
        "status": 1,
        "fuel": 7009,
        "fault": 0.5408,
        "weapon": 0,
        "pilot_injury": 0.7596,
        "pilot_skill": 0.9881,
        "mission_priority": 0.9013,
        "estimated_landing_time": 946.0,
        "wait_time": 0,
        "Landing_success_rate": 0.902
    },
    {
        "model": 0,
        "sequence": 2,
        "status": 1,
        "fuel": 6887,
        "fault": 0.4593,
        "weapon": 0,
        "pilot_injury": 0.2543,
        "pilot_skill": 0.8193,
        "mission_priority": 0.8798,
        "estimated_landing_time": 194.0,
        "wait_time": 0,
        "Landing_success_rate": 0.9062
    },
    {
        "model": 1,
        "sequence": 16,
        "status": 1,
        "fuel": 7321,
        "fault": 0.1738,
        "weapon": 0,
        "pilot_injury": 0.1129,
        "pilot_skill": 0.0872,
        "mission_priority": 0.7191,
        "estimated_landing_time": 1510.0,
        "wait_time": 0,
        "Landing_success_rate": 0.9628
    }
]