[
    {
        "model": 1,
        "sequence": 6,
        "status": 1,
        "fuel": 6305,
        "fault": 0.4946,
        "weapon": 1,
        "pilot_injury": 0.7956,
        "pilot_skill": 0.4171,
        "mission_priority": 0.2291,
        "estimated_landing_time": 570.0,
        "wait_time": 0,
        "Landing_success_rate": 0.8805
    },
    {
        "model": 1,
        "sequence": 1,
        "status": 1,
        "fuel": 6411,
        "fault": 0.4342,
        "weapon": 0,
        "pilot_injury": 0.8339,
        "pilot_skill": 0.5535,
        "mission_priority": 0.6161,
        "estimated_landing_time": 100.0,
        "wait_time": 0,
        "Landing_success_rate": 0.8887
    },
    {
        "model": 0,
        "sequence": 7,
        "status": 1,
        "fuel": 7175,
        "fault": 0.4116,
        "weapon": 1,
        "pilot_injury": 0.9155,
        "pilot_skill": 0.1256,
        "mission_priority": 0.4184,
        "estimated_landing_time": 664.0,
        "wait_time": 0,
        "Landing_success_rate": 0.9239
    },
    {
        "model": 2,
        "sequence": 3,
        "status": 1,
        "fuel": 6908,
        "fault": 0.4455,
        "weapon": 1,
        "pilot_injury": 0.4576,
        "pilot_skill": 0.5189,
        "mission_priority": 0.1399,
        "estimated_landing_time": 288.0,
        "wait_time": 0,
        "Landing_success_rate": 0.9086
    },
    {
        "model": 1,
        "sequence": 16,
        "status": 1,
        "fuel": 6980,
        "fault": 0.4756,
        "weapon": 1,
        "pilot_injury": 0.1843,
        "pilot_skill": 0.0648,
        "mission_priority": 0.7627,
        "estimated_landing_time": 1510.0,
        "wait_time": 0,
        "Landing_success_rate": 0.9082
    },
    {
        "model": 0,
        "sequence": 5,
        "status": 1,
        "fuel": 6901,
        "fault": 0.4693,
        "weapon": 1,
        "pilot_injury": 0.7276,
        "pilot_skill": 0.6793,
        "mission_priority": 0.4705,
        "estimated_landing_time": 476.0,
        "wait_time": 0,
        "Landing_success_rate": 0.9058
    },
    {
        "model": 2,
        "sequence": 10,
        "status": 1,
        "fuel": 5863,
        "fault": 0.2504,
        "weapon": 1,
        "pilot_injury": 0.64,
        "pilot_skill": 0.4948,
        "mission_priority": 0.8491,
        "estimated_landing_time": 946.0,
        "wait_time": 0,
        "Landing_success_rate": 0.8704
    },
    {
        "model": 0,
        "sequence": 15,
        "status": 1,
        "fuel": 5535,
        "fault": 0.0134,
        "weapon": 0,
        "pilot_injury": 0.1362,
        "pilot_skill": 0.6304,
        "mission_priority": 0.3012,
        "estimated_landing_time": 1416.0,
        "wait_time": 0,
        "Landing_success_rate": 0.8526
    },
    {
        "model": 0,
        "sequence": 9,
        "status": 1,
        "fuel": 6751,
        "fault": 0.68,
        "weapon": 1,
        "pilot_injury": 0.2269,
        "pilot_skill": 0.9293,
        "mission_priority": 0.7174,
        "estimated_landing_time": 852.0,
        "wait_time": 0,
        "Landing_success_rate": 0.88
    },
    {
        "model": 1,
        "sequence": 8,
        "status": 1,
        "fuel": 6096,
        "fault": 0.6672,
        "weapon": 0,
        "pilot_injury": 0.2342,
        "pilot_skill": 0.5213,
        "mission_priority": 0.1721,
        "estimated_landing_time": 758.0,
        "wait_time": 0,
        "Landing_success_rate": 0.8649
    },
    {
        "model": 1,
        "sequence": 11,
        "status": 1,
        "fuel": 6895,
        "fault": 0.8511,
        "weapon": 1,
        "pilot_injury": 0.1596,
        "pilot_skill": 0.2052,
        "mission_priority": 0.7886,
        "estimated_landing_time": 1040.0,
        "wait_time": 0,
        "Landing_success_rate": 0.8656
    },
    {
        "model": 2,
        "sequence": 2,
        "status": 1,
        "fuel": 5730,
        "fault": 0.7284,
        "weapon": 0,
        "pilot_injury": 0.6294,
        "pilot_skill": 0.976,
        "mission_priority": 0.3312,
        "estimated_landing_time": 194.0,
        "wait_time": 0,
        "Landing_success_rate": 0.8547
    },
    {
        "model": 2,
        "sequence": 18,
        "status": 1,
        "fuel": 5571,
        "fault": 0.8972,
        "weapon": 1,
        "pilot_injury": 0.9064,
        "pilot_skill": 0.7841,
        "mission_priority": 0.6225,
        "estimated_landing_time": 1698.0,
        "wait_time": 0,
        "Landing_success_rate": 0.8505
    },
    {
        "model": 1,
        "sequence": 14,
        "status": 1,
        "fuel": 6240,
        "fault": 0.1663,
        "weapon": 0,
        "pilot_injury": 0.0912,
        "pilot_skill": 0.6789,
        "mission_priority": 0.7251,
        "estimated_landing_time": 1322.0,
        "wait_time": 0,
        "Landing_success_rate": 0.8963
    },
    {
        "model": 0,
        "sequence": 4,
        "status": 1,
        "fuel": 7208,
        "fault": 0.868,
        "weapon": 0,
        "pilot_injury": 0.5456,
        "pilot_skill": 0.7068,
        "mission_priority": 0.7904,
        "estimated_landing_time": 382.0,
        "wait_time": 0,
        "Landing_success_rate": 0.8669
    },
    {
        "model": 1,
        "sequence": 17,
        "status": 1,
        "fuel": 7356,
        "fault": 0.2618,
        "weapon": 1,
        "pilot_injury": 0.3828,
        "pilot_skill": 0.5891,
        "mission_priority": 0.6477,
        "estimated_landing_time": 1604.0,
        "wait_time": 0,
        "Landing_success_rate": 0.9528
    },
    {
        "model": 2,
        "sequence": 13,
        "status": 1,
        "fuel": 5726,
        "fault": 0.7996,
        "weapon": 0,
        "pilot_injury": 0.0838,
        "pilot_skill": 0.347,
        "mission_priority": 0.4191,
        "estimated_landing_time": 1228.0,
        "wait_time": 0,
        "Landing_success_rate": 0.8534
    },
    {
        "model": 0,
        "sequence": 12,
        "status": 1,
        "fuel": 6804,
        "fault": 0.2746,
        "weapon": 1,
        "pilot_injury": 0.2737,
        "pilot_skill": 0.506,
        "mission_priority": 0.3364,
        "estimated_landing_time": 1134.0,
        "wait_time": 0,
        "Landing_success_rate": 0.9209
    }
]