[
    {
        "model": 2,
        "sequence": 5,
        "status": 1,
        "fuel": 6316,
        "fault": 0.1112,
        "weapon": 0,
        "pilot_injury": 0.4172,
        "pilot_skill": 0.8777,
        "mission_priority": 0.204,
        "estimated_landing_time": 476.0,
        "wait_time": 0,
        "Landing_success_rate": 0.9044
    },
    {
        "model": 0,
        "sequence": 14,
        "status": 1,
        "fuel": 7378,
        "fault": 0.1584,
        "weapon": 1,
        "pilot_injury": 0.0546,
        "pilot_skill": 0.9718,
        "mission_priority": 0.5126,
        "estimated_landing_time": 1322.0,
        "wait_time": 0,
        "Landing_success_rate": 0.9685
    },
    {
        "model": 2,
        "sequence": 10,
        "status": 1,
        "fuel": 7498,
        "fault": 0.5028,
        "weapon": 0,
        "pilot_injury": 0.8579,
        "pilot_skill": 0.3049,
        "mission_priority": 0.1927,
        "estimated_landing_time": 946.0,
        "wait_time": 0,
        "Landing_success_rate": 0.9245
    },
    {
        "model": 2,
        "sequence": 7,
        "status": 1,
        "fuel": 5561,
        "fault": 0.5132,
        "weapon": 1,
        "pilot_injury": 0.78,
        "pilot_skill": 0.4716,
        "mission_priority": 0.2275,
        "estimated_landing_time": 664.0,
        "wait_time": 0,
        "Landing_success_rate": 0.8522
    },
    {
        "model": 1,
        "sequence": 8,
        "status": 1,
        "fuel": 5927,
        "fault": 0.0753,
        "weapon": 0,
        "pilot_injury": 0.9399,
        "pilot_skill": 0.343,
        "mission_priority": 0.9881,
        "estimated_landing_time": 758.0,
        "wait_time": 0,
        "Landing_success_rate": 0.8796
    },
    {
        "model": 0,
        "sequence": 2,
        "status": 1,
        "fuel": 5541,
        "fault": 0.3292,
        "weapon": 0,
        "pilot_injury": 0.8911,
        "pilot_skill": 0.4604,
        "mission_priority": 0.7097,
        "estimated_landing_time": 194.0,
        "wait_time": 0,
        "Landing_success_rate": 0.8521
    },
    {
        "model": 2,
        "sequence": 9,
        "status": 1,
        "fuel": 6967,
        "fault": 0.7056,
        "weapon": 0,
        "pilot_injury": 0.0967,
        "pilot_skill": 0.7205,
        "mission_priority": 0.2818,
        "estimated_landing_time": 852.0,
        "wait_time": 0,
        "Landing_success_rate": 0.8824
    },
    {
        "model": 1,
        "sequence": 1,
        "status": 1,
        "fuel": 5584,
        "fault": 0.7659,
        "weapon": 0,
        "pilot_injury": 0.0218,
        "pilot_skill": 0.7745,
        "mission_priority": 0.1344,
        "estimated_landing_time": 100.0,
        "wait_time": 0,
        "Landing_success_rate": 0.8515
    },
    {
        "model": 2,
        "sequence": 6,
        "status": 1,
        "fuel": 5978,
        "fault": 0.4144,
        "weapon": 1,
        "pilot_injury": 0.4284,
        "pilot_skill": 0.0271,
        "mission_priority": 0.7835,
        "estimated_landing_time": 570.0,
        "wait_time": 0,
        "Landing_success_rate": 0.871
    },
    {
        "model": 2,
        "sequence": 3,
        "status": 1,
        "fuel": 7196,
        "fault": 0.1119,
        "weapon": 1,
        "pilot_injury": 0.8933,
        "pilot_skill": 0.4328,
        "mission_priority": 0.5355,
        "estimated_landing_time": 288.0,
        "wait_time": 0,
        "Landing_success_rate": 0.963
    },
    {
        "model": 2,
        "sequence": 18,
        "status": 1,
        "fuel": 6901,
        "fault": 0.2509,
        "weapon": 0,
        "pilot_injury": 0.8874,
        "pilot_skill": 0.8939,
        "mission_priority": 0.3358,
        "estimated_landing_time": 1698.0,
        "wait_time": 0,
        "Landing_success_rate": 0.9287
    },
    {
        "model": 2,
        "sequence": 12,
        "status": 1,
        "fuel": 7056,
        "fault": 0.9454,
        "weapon": 1,
        "pilot_injury": 0.9621,
        "pilot_skill": 0.509,
        "mission_priority": 0.4528,
        "estimated_landing_time": 1134.0,
        "wait_time": 0,
        "Landing_success_rate": 0.8564
    },
    {
        "model": 2,
        "sequence": 4,
        "status": 1,
        "fuel": 6193,
        "fault": 0.8904,
        "weapon": 0,
        "pilot_injury": 0.1428,
        "pilot_skill": 0.5798,
        "mission_priority": 0.2826,
        "estimated_landing_time": 382.0,
        "wait_time": 0,
        "Landing_success_rate": 0.8557
    },
    {
        "model": 2,
        "sequence": 11,
        "status": 1,
        "fuel": 7128,
        "fault": 0.8236,
        "weapon": 0,
        "pilot_injury": 0.9988,
        "pilot_skill": 0.055,
        "mission_priority": 0.5785,
        "estimated_landing_time": 1040.0,
        "wait_time": 0,
        "Landing_success_rate": 0.8715
    },
    {
        "model": 1,
        "sequence": 17,
        "status": 1,
        "fuel": 6244,
        "fault": 0.4476,
        "weapon": 0,
        "pilot_injury": 0.4396,
        "pilot_skill": 0.5105,
        "mission_priority": 0.2588,
        "estimated_landing_time": 1604.0,
        "wait_time": 0,
        "Landing_success_rate": 0.8808
    },
    {
        "model": 2,
        "sequence": 13,
        "status": 1,
        "fuel": 6959,
        "fault": 0.1154,
        "weapon": 1,
        "pilot_injury": 0.3032,
        "pilot_skill": 0.9666,
        "mission_priority": 0.9447,
        "estimated_landing_time": 1228.0,
        "wait_time": 0,
        "Landing_success_rate": 0.9468
    },
    {
        "model": 0,
        "sequence": 15,
        "status": 1,
        "fuel": 6894,
        "fault": 0.2587,
        "weapon": 0,
        "pilot_injury": 0.9096,
        "pilot_skill": 0.0062,
        "mission_priority": 0.8107,
        "estimated_landing_time": 1416.0,
        "wait_time": 0,
        "Landing_success_rate": 0.9275
    },
    {
        "model": 1,
        "sequence": 16,
        "status": 1,
        "fuel": 5710,
        "fault": 0.6797,
        "weapon": 1,
        "pilot_injury": 0.1614,
        "pilot_skill": 0.9607,
        "mission_priority": 0.5375,
        "estimated_landing_time": 1510.0,
        "wait_time": 0,
        "Landing_success_rate": 0.855
    }
]