[
    {
        "model": 1,
        "sequence": 14,
        "status": 1,
        "fuel": 6108,
        "fault": 0.77,
        "weapon": 0,
        "pilot_injury": 0.0997,
        "pilot_skill": 0.922,
        "mission_priority": 0.1408,
        "estimated_landing_time": 1322.0,
        "wait_time": 0,
        "Landing_success_rate": 0.8605
    },
    {
        "model": 2,
        "sequence": 15,
        "status": 1,
        "fuel": 7102,
        "fault": 0.2996,
        "weapon": 0,
        "pilot_injury": 0.7641,
        "pilot_skill": 0.6194,
        "mission_priority": 0.2321,
        "estimated_landing_time": 1416.0,
        "wait_time": 0,
        "Landing_success_rate": 0.9342
    },
    {
        "model": 1,
        "sequence": 8,
        "status": 1,
        "fuel": 6942,
        "fault": 0.0254,
        "weapon": 0,
        "pilot_injury": 0.9852,
        "pilot_skill": 0.8099,
        "mission_priority": 0.4602,
        "estimated_landing_time": 758.0,
        "wait_time": 0,
        "Landing_success_rate": 0.9554
    },
    {
        "model": 2,
        "sequence": 3,
        "status": 1,
        "fuel": 6144,
        "fault": 0.4658,
        "weapon": 1,
        "pilot_injury": 0.5249,
        "pilot_skill": 0.4771,
        "mission_priority": 0.4476,
        "estimated_landing_time": 288.0,
        "wait_time": 0,
        "Landing_success_rate": 0.8758
    },
    {
        "model": 2,
        "sequence": 4,
        "status": 1,
        "fuel": 7275,
        "fault": 0.8212,
        "weapon": 0,
        "pilot_injury": 0.3167,
        "pilot_skill": 0.2582,
        "mission_priority": 0.0377,
        "estimated_landing_time": 382.0,
        "wait_time": 0,
        "Landing_success_rate": 0.8738
    },
    {
        "model": 2,
        "sequence": 18,
        "status": 1,
        "fuel": 7344,
        "fault": 0.6085,
        "weapon": 0,
        "pilot_injury": 0.1481,
        "pilot_skill": 0.6538,
        "mission_priority": 0.6812,
        "estimated_landing_time": 1698.0,
        "wait_time": 0,
        "Landing_success_rate": 0.9041
    },
    {
        "model": 1,
        "sequence": 10,
        "status": 1,
        "fuel": 5768,
        "fault": 0.7429,
        "weapon": 0,
        "pilot_injury": 0.8941,
        "pilot_skill": 0.9363,
        "mission_priority": 0.8074,
        "estimated_landing_time": 946.0,
        "wait_time": 0,
        "Landing_success_rate": 0.8552
    },
    {
        "model": 1,
        "sequence": 5,
        "status": 1,
        "fuel": 5809,
        "fault": 0.0867,
        "weapon": 1,
        "pilot_injury": 0.9829,
        "pilot_skill": 0.2741,
        "mission_priority": 0.2027,
        "estimated_landing_time": 476.0,
        "wait_time": 0,
        "Landing_success_rate": 0.8712
    },
    {
        "model": 0,
        "sequence": 2,
        "status": 1,
        "fuel": 6294,
        "fault": 0.5783,
        "weapon": 0,
        "pilot_injury": 0.9785,
        "pilot_skill": 0.5884,
        "mission_priority": 0.557,
        "estimated_landing_time": 194.0,
        "wait_time": 0,
        "Landing_success_rate": 0.8751
    },
    {
        "model": 0,
        "sequence": 1,
        "status": 1,
        "fuel": 6474,
        "fault": 0.719,
        "weapon": 0,
        "pilot_injury": 0.0321,
        "pilot_skill": 0.6123,
        "mission_priority": 0.7162,
        "estimated_landing_time": 100.0,
        "wait_time": 0,
        "Landing_success_rate": 0.8705
    },
    {
        "model": 1,
        "sequence": 17,
        "status": 1,
        "fuel": 5773,
        "fault": 0.0631,
        "weapon": 1,
        "pilot_injury": 0.227,
        "pilot_skill": 0.2213,
        "mission_priority": 0.1614,
        "estimated_landing_time": 1604.0,
        "wait_time": 0,
        "Landing_success_rate": 0.8692
    },
    {
        "model": 1,
        "sequence": 6,
        "status": 1,
        "fuel": 6647,
        "fault": 0.4868,
        "weapon": 0,
        "pilot_injury": 0.8279,
        "pilot_skill": 0.3828,
        "mission_priority": 0.5891,
        "estimated_landing_time": 570.0,
        "wait_time": 0,
        "Landing_success_rate": 0.8941
    },
    {
        "model": 1,
        "sequence": 11,
        "status": 1,
        "fuel": 6284,
        "fault": 0.3026,
        "weapon": 1,
        "pilot_injury": 0.1681,
        "pilot_skill": 0.9721,
        "mission_priority": 0.6176,
        "estimated_landing_time": 1040.0,
        "wait_time": 0,
        "Landing_success_rate": 0.891
    },
    {
        "model": 1,
        "sequence": 12,
        "status": 1,
        "fuel": 7432,
        "fault": 0.408,
        "weapon": 1,
        "pilot_injury": 0.703,
        "pilot_skill": 0.2226,
        "mission_priority": 0.2612,
        "estimated_landing_time": 1134.0,
        "wait_time": 0,
        "Landing_success_rate": 0.9358
    },
    {
        "model": 2,
        "sequence": 7,
        "status": 1,
        "fuel": 6628,
        "fault": 0.6752,
        "weapon": 1,
        "pilot_injury": 0.1676,
        "pilot_skill": 0.2629,
        "mission_priority": 0.0357,
        "estimated_landing_time": 664.0,
        "wait_time": 0,
        "Landing_success_rate": 0.8775
    },
    {
        "model": 2,
        "sequence": 13,
        "status": 1,
        "fuel": 6354,
        "fault": 0.0242,
        "weapon": 0,
        "pilot_injury": 0.0942,
        "pilot_skill": 0.1717,
        "mission_priority": 0.1025,
        "estimated_landing_time": 1228.0,
        "wait_time": 0,
        "Landing_success_rate": 0.9125
    },
    {
        "model": 2,
        "sequence": 9,
        "status": 1,
        "fuel": 5953,
        "fault": 0.9159,
        "weapon": 0,
        "pilot_injury": 0.7543,
        "pilot_skill": 0.0205,
        "mission_priority": 0.2494,
        "estimated_landing_time": 852.0,
        "wait_time": 0,
        "Landing_success_rate": 0.8529
    },
    {
        "model": 1,
        "sequence": 16,
        "status": 1,
        "fuel": 6306,
        "fault": 0.6435,
        "weapon": 0,
        "pilot_injury": 0.073,
        "pilot_skill": 0.8211,
        "mission_priority": 0.493,
        "estimated_landing_time": 1510.0,
        "wait_time": 0,
        "Landing_success_rate": 0.8716
    }
]