[
    {
        "model": 0,
        "sequence": 5,
        "status": 1,
        "fuel": 6998,
        "fault": 0.9805,
        "weapon": 1,
        "pilot_injury": 0.2982,
        "pilot_skill": 0.5986,
        "mission_priority": 0.5028,
        "estimated_landing_time": 476.0,
        "wait_time": 0,
        "Landing_success_rate": 0.8522
    },
    {
        "model": 2,
        "sequence": 7,
        "status": 1,
        "fuel": 6723,
        "fault": 0.5786,
        "weapon": 0,
        "pilot_injury": 0.5272,
        "pilot_skill": 0.3251,
        "mission_priority": 0.1581,
        "estimated_landing_time": 664.0,
        "wait_time": 0,
        "Landing_success_rate": 0.8887
    },
    {
        "model": 1,
        "sequence": 2,
        "status": 1,
        "fuel": 7161,
        "fault": 0.7805,
        "weapon": 1,
        "pilot_injury": 0.3636,
        "pilot_skill": 0.5315,
        "mission_priority": 0.8719,
        "estimated_landing_time": 194.0,
        "wait_time": 0,
        "Landing_success_rate": 0.8773
    },
    {
        "model": 2,
        "sequence": 3,
        "status": 1,
        "fuel": 6808,
        "fault": 0.6287,
        "weapon": 0,
        "pilot_injury": 0.1477,
        "pilot_skill": 0.4281,
        "mission_priority": 0.1957,
        "estimated_landing_time": 288.0,
        "wait_time": 0,
        "Landing_success_rate": 0.8864
    },
    {
        "model": 2,
        "sequence": 11,
        "status": 1,
        "fuel": 5939,
        "fault": 0.8725,
        "weapon": 1,
        "pilot_injury": 0.0195,
        "pilot_skill": 0.8307,
        "mission_priority": 0.1441,
        "estimated_landing_time": 1040.0,
        "wait_time": 0,
        "Landing_success_rate": 0.8542
    },
    {
        "model": 0,
        "sequence": 4,
        "status": 1,
        "fuel": 7096,
        "fault": 0.8292,
        "weapon": 0,
        "pilot_injury": 0.735,
        "pilot_skill": 0.1105,
        "mission_priority": 0.8621,
        "estimated_landing_time": 382.0,
        "wait_time": 0,
        "Landing_success_rate": 0.8704
    },
    {
        "model": 2,
        "sequence": 15,
        "status": 1,
        "fuel": 7350,
        "fault": 0.6152,
        "weapon": 1,
        "pilot_injury": 0.5023,
        "pilot_skill": 0.7215,
        "mission_priority": 0.0059,
        "estimated_landing_time": 1416.0,
        "wait_time": 0,
        "Landing_success_rate": 0.9034
    },
    {
        "model": 1,
        "sequence": 6,
        "status": 1,
        "fuel": 6153,
        "fault": 0.1642,
        "weapon": 0,
        "pilot_injury": 0.3569,
        "pilot_skill": 0.1083,
        "mission_priority": 0.4209,
        "estimated_landing_time": 570.0,
        "wait_time": 0,
        "Landing_success_rate": 0.8909
    },
    {
        "model": 0,
        "sequence": 8,
        "status": 1,
        "fuel": 6626,
        "fault": 0.1713,
        "weapon": 0,
        "pilot_injury": 0.206,
        "pilot_skill": 0.1476,
        "mission_priority": 0.7969,
        "estimated_landing_time": 758.0,
        "wait_time": 0,
        "Landing_success_rate": 0.92
    },
    {
        "model": 2,
        "sequence": 17,
        "status": 1,
        "fuel": 6275,
        "fault": 0.8935,
        "weapon": 1,
        "pilot_injury": 0.3665,
        "pilot_skill": 0.7558,
        "mission_priority": 0.9644,
        "estimated_landing_time": 1604.0,
        "wait_time": 0,
        "Landing_success_rate": 0.8562
    },
    {
        "model": 2,
        "sequence": 12,
        "status": 1,
        "fuel": 7348,
        "fault": 0.8636,
        "weapon": 1,
        "pilot_injury": 0.8101,
        "pilot_skill": 0.2662,
        "mission_priority": 0.2151,
        "estimated_landing_time": 1134.0,
        "wait_time": 0,
        "Landing_success_rate": 0.8689
    },
    {
        "model": 1,
        "sequence": 16,
        "status": 1,
        "fuel": 5632,
        "fault": 0.9308,
        "weapon": 1,
        "pilot_injury": 0.5569,
        "pilot_skill": 0.278,
        "mission_priority": 0.3986,
        "estimated_landing_time": 1510.0,
        "wait_time": 0,
        "Landing_success_rate": 0.8507
    },
    {
        "model": 2,
        "sequence": 9,
        "status": 1,
        "fuel": 5842,
        "fault": 0.0053,
        "weapon": 0,
        "pilot_injury": 0.7735,
        "pilot_skill": 0.8751,
        "mission_priority": 0.0266,
        "estimated_landing_time": 852.0,
        "wait_time": 0,
        "Landing_success_rate": 0.8755
    },
    {
        "model": 2,
        "sequence": 10,
        "status": 1,
        "fuel": 6097,
        "fault": 0.8515,
        "weapon": 1,
        "pilot_injury": 0.3409,
        "pilot_skill": 0.785,
        "mission_priority": 0.192,
        "estimated_landing_time": 946.0,
        "wait_time": 0,
        "Landing_success_rate": 0.8566
    },
    {
        "model": 2,
        "sequence": 18,
        "status": 1,
        "fuel": 6902,
        "fault": 0.4505,
        "weapon": 1,
        "pilot_injury": 0.9541,
        "pilot_skill": 0.7752,
        "mission_priority": 0.8036,
        "estimated_landing_time": 1698.0,
        "wait_time": 0,
        "Landing_success_rate": 0.9078
    },
    {
        "model": 2,
        "sequence": 1,
        "status": 1,
        "fuel": 6660,
        "fault": 0.7363,
        "weapon": 1,
        "pilot_injury": 0.4256,
        "pilot_skill": 0.5495,
        "mission_priority": 0.6784,
        "estimated_landing_time": 100.0,
        "wait_time": 0,
        "Landing_success_rate": 0.8729
    },
    {
        "model": 1,
        "sequence": 14,
        "status": 1,
        "fuel": 6282,
        "fault": 0.275,
        "weapon": 1,
        "pilot_injury": 0.2653,
        "pilot_skill": 0.1682,
        "mission_priority": 0.6938,
        "estimated_landing_time": 1322.0,
        "wait_time": 0,
        "Landing_success_rate": 0.8925
    },
    {
        "model": 2,
        "sequence": 13,
        "status": 1,
        "fuel": 5751,
        "fault": 0.7204,
        "weapon": 0,
        "pilot_injury": 0.3725,
        "pilot_skill": 0.2624,
        "mission_priority": 0.7597,
        "estimated_landing_time": 1228.0,
        "wait_time": 0,
        "Landing_success_rate": 0.8553
    }
]