[
    {
        "model": 1,
        "sequence": 16,
        "status": 1,
        "fuel": 7055,
        "fault": 0.1616,
        "weapon": 0,
        "pilot_injury": 0.5795,
        "pilot_skill": 0.2867,
        "mission_priority": 0.367,
        "estimated_landing_time": 1510.0,
        "wait_time": 0,
        "Landing_success_rate": 0.9478
    },
    {
        "model": 2,
        "sequence": 3,
        "status": 1,
        "fuel": 7092,
        "fault": 0.6594,
        "weapon": 0,
        "pilot_injury": 0.2535,
        "pilot_skill": 0.0742,
        "mission_priority": 0.1038,
        "estimated_landing_time": 288.0,
        "wait_time": 0,
        "Landing_success_rate": 0.8907
    },
    {
        "model": 2,
        "sequence": 12,
        "status": 1,
        "fuel": 6364,
        "fault": 0.5986,
        "weapon": 0,
        "pilot_injury": 0.6589,
        "pilot_skill": 0.2726,
        "mission_priority": 0.8715,
        "estimated_landing_time": 1134.0,
        "wait_time": 0,
        "Landing_success_rate": 0.876
    },
    {
        "model": 2,
        "sequence": 14,
        "status": 1,
        "fuel": 6610,
        "fault": 0.5335,
        "weapon": 0,
        "pilot_injury": 0.5176,
        "pilot_skill": 0.382,
        "mission_priority": 0.5643,
        "estimated_landing_time": 1322.0,
        "wait_time": 0,
        "Landing_success_rate": 0.8888
    },
    {
        "model": 1,
        "sequence": 15,
        "status": 1,
        "fuel": 7201,
        "fault": 0.3681,
        "weapon": 1,
        "pilot_injury": 0.4256,
        "pilot_skill": 0.3482,
        "mission_priority": 0.7102,
        "estimated_landing_time": 1416.0,
        "wait_time": 0,
        "Landing_success_rate": 0.9306
    },
    {
        "model": 2,
        "sequence": 6,
        "status": 1,
        "fuel": 6257,
        "fault": 0.5604,
        "weapon": 0,
        "pilot_injury": 0.4543,
        "pilot_skill": 0.7196,
        "mission_priority": 0.1075,
        "estimated_landing_time": 570.0,
        "wait_time": 0,
        "Landing_success_rate": 0.875
    },
    {
        "model": 1,
        "sequence": 11,
        "status": 1,
        "fuel": 6604,
        "fault": 0.7024,
        "weapon": 1,
        "pilot_injury": 0.2117,
        "pilot_skill": 0.1453,
        "mission_priority": 0.3163,
        "estimated_landing_time": 1040.0,
        "wait_time": 0,
        "Landing_success_rate": 0.8746
    },
    {
        "model": 0,
        "sequence": 7,
        "status": 1,
        "fuel": 6289,
        "fault": 0.4248,
        "weapon": 1,
        "pilot_injury": 0.4561,
        "pilot_skill": 0.03,
        "mission_priority": 0.3972,
        "estimated_landing_time": 664.0,
        "wait_time": 0,
        "Landing_success_rate": 0.884
    },
    {
        "model": 0,
        "sequence": 9,
        "status": 1,
        "fuel": 7385,
        "fault": 0.4324,
        "weapon": 1,
        "pilot_injury": 0.5167,
        "pilot_skill": 0.8191,
        "mission_priority": 0.5471,
        "estimated_landing_time": 852.0,
        "wait_time": 0,
        "Landing_success_rate": 0.9302
    },
    {
        "model": 2,
        "sequence": 1,
        "status": 1,
        "fuel": 6253,
        "fault": 0.8398,
        "weapon": 1,
        "pilot_injury": 0.5755,
        "pilot_skill": 0.9506,
        "mission_priority": 0.8591,
        "estimated_landing_time": 100.0,
        "wait_time": 0,
        "Landing_success_rate": 0.859
    },
    {
        "model": 0,
        "sequence": 2,
        "status": 1,
        "fuel": 6369,
        "fault": 0.7111,
        "weapon": 1,
        "pilot_injury": 0.2012,
        "pilot_skill": 0.9225,
        "mission_priority": 0.8527,
        "estimated_landing_time": 194.0,
        "wait_time": 0,
        "Landing_success_rate": 0.8688
    },
    {
        "model": 0,
        "sequence": 5,
        "status": 1,
        "fuel": 6203,
        "fault": 0.7418,
        "weapon": 1,
        "pilot_injury": 0.5044,
        "pilot_skill": 0.4643,
        "mission_priority": 0.2534,
        "estimated_landing_time": 476.0,
        "wait_time": 0,
        "Landing_success_rate": 0.8636
    },
    {
        "model": 2,
        "sequence": 10,
        "status": 1,
        "fuel": 6664,
        "fault": 0.9304,
        "weapon": 0,
        "pilot_injury": 0.1318,
        "pilot_skill": 0.8866,
        "mission_priority": 0.7517,
        "estimated_landing_time": 946.0,
        "wait_time": 0,
        "Landing_success_rate": 0.8561
    },
    {
        "model": 0,
        "sequence": 4,
        "status": 1,
        "fuel": 6176,
        "fault": 0.1069,
        "weapon": 0,
        "pilot_injury": 0.37,
        "pilot_skill": 0.7408,
        "mission_priority": 0.7842,
        "estimated_landing_time": 382.0,
        "wait_time": 0,
        "Landing_success_rate": 0.8953
    },
    {
        "model": 2,
        "sequence": 18,
        "status": 1,
        "fuel": 5650,
        "fault": 0.0451,
        "weapon": 0,
        "pilot_injury": 0.2045,
        "pilot_skill": 0.338,
        "mission_priority": 0.4698,
        "estimated_landing_time": 1698.0,
        "wait_time": 0,
        "Landing_success_rate": 0.8607
    },
    {
        "model": 2,
        "sequence": 8,
        "status": 1,
        "fuel": 5869,
        "fault": 0.7477,
        "weapon": 0,
        "pilot_injury": 0.3294,
        "pilot_skill": 0.1382,
        "mission_priority": 0.399,
        "estimated_landing_time": 758.0,
        "wait_time": 0,
        "Landing_success_rate": 0.857
    },
    {
        "model": 0,
        "sequence": 17,
        "status": 1,
        "fuel": 6528,
        "fault": 0.8025,
        "weapon": 0,
        "pilot_injury": 0.6122,
        "pilot_skill": 0.433,
        "mission_priority": 0.071,
        "estimated_landing_time": 1604.0,
        "wait_time": 0,
        "Landing_success_rate": 0.8652
    },
    {
        "model": 0,
        "sequence": 13,
        "status": 1,
        "fuel": 6321,
        "fault": 0.6014,
        "weapon": 1,
        "pilot_injury": 0.5132,
        "pilot_skill": 0.8721,
        "mission_priority": 0.2889,
        "estimated_landing_time": 1228.0,
        "wait_time": 0,
        "Landing_success_rate": 0.8745
    }
]