[
    {
        "model": 0,
        "sequence": 4,
        "status": 1,
        "fuel": 7394,
        "fault": 0.1577,
        "weapon": 1,
        "pilot_injury": 0.981,
        "pilot_skill": 0.9265,
        "mission_priority": 0.8981,
        "estimated_landing_time": 382.0,
        "wait_time": 0,
        "Landing_success_rate": 0.9696
    },
    {
        "model": 2,
        "sequence": 8,
        "status": 1,
        "fuel": 6535,
        "fault": 0.3795,
        "weapon": 1,
        "pilot_injury": 0.1061,
        "pilot_skill": 0.6886,
        "mission_priority": 0.9787,
        "estimated_landing_time": 758.0,
        "wait_time": 0,
        "Landing_success_rate": 0.8982
    },
    {
        "model": 0,
        "sequence": 9,
        "status": 1,
        "fuel": 7440,
        "fault": 0.7334,
        "weapon": 1,
        "pilot_injury": 0.8043,
        "pilot_skill": 0.1631,
        "mission_priority": 0.2492,
        "estimated_landing_time": 852.0,
        "wait_time": 0,
        "Landing_success_rate": 0.8888
    },
    {
        "model": 0,
        "sequence": 13,
        "status": 1,
        "fuel": 5770,
        "fault": 0.3499,
        "weapon": 0,
        "pilot_injury": 0.5817,
        "pilot_skill": 0.9755,
        "mission_priority": 0.7615,
        "estimated_landing_time": 1228.0,
        "wait_time": 0,
        "Landing_success_rate": 0.8632
    },
    {
        "model": 0,
        "sequence": 7,
        "status": 1,
        "fuel": 6262,
        "fault": 0.5251,
        "weapon": 0,
        "pilot_injury": 0.3133,
        "pilot_skill": 0.5268,
        "mission_priority": 0.3243,
        "estimated_landing_time": 664.0,
        "wait_time": 0,
        "Landing_success_rate": 0.8771
    },
    {
        "model": 1,
        "sequence": 12,
        "status": 1,
        "fuel": 5755,
        "fault": 0.0969,
        "weapon": 1,
        "pilot_injury": 0.2533,
        "pilot_skill": 0.9092,
        "mission_priority": 0.1018,
        "estimated_landing_time": 1134.0,
        "wait_time": 0,
        "Landing_success_rate": 0.8673
    },
    {
        "model": 1,
        "sequence": 15,
        "status": 1,
        "fuel": 6609,
        "fault": 0.1527,
        "weapon": 0,
        "pilot_injury": 0.3281,
        "pilot_skill": 0.6604,
        "mission_priority": 0.7304,
        "estimated_landing_time": 1416.0,
        "wait_time": 0,
        "Landing_success_rate": 0.9205
    },
    {
        "model": 2,
        "sequence": 14,
        "status": 1,
        "fuel": 6841,
        "fault": 0.333,
        "weapon": 0,
        "pilot_injury": 0.3599,
        "pilot_skill": 0.6678,
        "mission_priority": 0.0406,
        "estimated_landing_time": 1322.0,
        "wait_time": 0,
        "Landing_success_rate": 0.9171
    },
    {
        "model": 1,
        "sequence": 10,
        "status": 1,
        "fuel": 6302,
        "fault": 0.7978,
        "weapon": 1,
        "pilot_injury": 0.803,
        "pilot_skill": 0.7161,
        "mission_priority": 0.2042,
        "estimated_landing_time": 946.0,
        "wait_time": 0,
        "Landing_success_rate": 0.8622
    },
    {
        "model": 0,
        "sequence": 5,
        "status": 1,
        "fuel": 6943,
        "fault": 0.4128,
        "weapon": 1,
        "pilot_injury": 0.1034,
        "pilot_skill": 0.1807,
        "mission_priority": 0.13,
        "estimated_landing_time": 476.0,
        "wait_time": 0,
        "Landing_success_rate": 0.9135
    },
    {
        "model": 1,
        "sequence": 2,
        "status": 1,
        "fuel": 6019,
        "fault": 0.7935,
        "weapon": 1,
        "pilot_injury": 0.4977,
        "pilot_skill": 0.476,
        "mission_priority": 0.9015,
        "estimated_landing_time": 194.0,
        "wait_time": 0,
        "Landing_success_rate": 0.858
    },
    {
        "model": 0,
        "sequence": 1,
        "status": 1,
        "fuel": 7450,
        "fault": 0.8169,
        "weapon": 0,
        "pilot_injury": 0.5967,
        "pilot_skill": 0.6048,
        "mission_priority": 0.4801,
        "estimated_landing_time": 100.0,
        "wait_time": 0,
        "Landing_success_rate": 0.8768
    },
    {
        "model": 1,
        "sequence": 3,
        "status": 1,
        "fuel": 6756,
        "fault": 0.696,
        "weapon": 1,
        "pilot_injury": 0.8155,
        "pilot_skill": 0.4948,
        "mission_priority": 0.1338,
        "estimated_landing_time": 288.0,
        "wait_time": 0,
        "Landing_success_rate": 0.8786
    },
    {
        "model": 1,
        "sequence": 17,
        "status": 1,
        "fuel": 6616,
        "fault": 0.5207,
        "weapon": 1,
        "pilot_injury": 0.1635,
        "pilot_skill": 0.0336,
        "mission_priority": 0.1411,
        "estimated_landing_time": 1604.0,
        "wait_time": 0,
        "Landing_success_rate": 0.8901
    },
    {
        "model": 1,
        "sequence": 6,
        "status": 1,
        "fuel": 7272,
        "fault": 0.0264,
        "weapon": 0,
        "pilot_injury": 0.2258,
        "pilot_skill": 0.0251,
        "mission_priority": 0.7229,
        "estimated_landing_time": 570.0,
        "wait_time": 0,
        "Landing_success_rate": 0.9794
    },
    {
        "model": 0,
        "sequence": 18,
        "status": 1,
        "fuel": 6145,
        "fault": 0.5878,
        "weapon": 0,
        "pilot_injury": 0.1276,
        "pilot_skill": 0.9033,
        "mission_priority": 0.6723,
        "estimated_landing_time": 1698.0,
        "wait_time": 0,
        "Landing_success_rate": 0.8699
    },
    {
        "model": 1,
        "sequence": 11,
        "status": 1,
        "fuel": 7431,
        "fault": 0.5104,
        "weapon": 1,
        "pilot_injury": 0.437,
        "pilot_skill": 0.7845,
        "mission_priority": 0.0933,
        "estimated_landing_time": 1040.0,
        "wait_time": 0,
        "Landing_success_rate": 0.9209
    },
    {
        "model": 0,
        "sequence": 16,
        "status": 1,
        "fuel": 5536,
        "fault": 0.7713,
        "weapon": 1,
        "pilot_injury": 0.8302,
        "pilot_skill": 0.9561,
        "mission_priority": 0.6983,
        "estimated_landing_time": 1510.0,
        "wait_time": 0,
        "Landing_success_rate": 0.8506
    }
]