[
    {
        "model": 0,
        "sequence": 11,
        "status": 1,
        "fuel": 6146,
        "fault": 0.6252,
        "weapon": 1,
        "pilot_injury": 0.0157,
        "pilot_skill": 0.2596,
        "mission_priority": 0.6614,
        "estimated_landing_time": 1040.0,
        "wait_time": 0,
        "Landing_success_rate": 0.8682
    },
    {
        "model": 1,
        "sequence": 17,
        "status": 1,
        "fuel": 6221,
        "fault": 0.2519,
        "weapon": 0,
        "pilot_injury": 0.2934,
        "pilot_skill": 0.8778,
        "mission_priority": 0.7649,
        "estimated_landing_time": 1604.0,
        "wait_time": 0,
        "Landing_success_rate": 0.8905
    },
    {
        "model": 0,
        "sequence": 16,
        "status": 1,
        "fuel": 7188,
        "fault": 0.4604,
        "weapon": 1,
        "pilot_injury": 0.2747,
        "pilot_skill": 0.6486,
        "mission_priority": 0.7216,
        "estimated_landing_time": 1510.0,
        "wait_time": 0,
        "Landing_success_rate": 0.9183
    },
    {
        "model": 0,
        "sequence": 12,
        "status": 1,
        "fuel": 6393,
        "fault": 0.4754,
        "weapon": 0,
        "pilot_injury": 0.494,
        "pilot_skill": 0.7916,
        "mission_priority": 0.4757,
        "estimated_landing_time": 1134.0,
        "wait_time": 0,
        "Landing_success_rate": 0.8851
    },
    {
        "model": 1,
        "sequence": 7,
        "status": 1,
        "fuel": 6695,
        "fault": 0.398,
        "weapon": 0,
        "pilot_injury": 0.6613,
        "pilot_skill": 0.4093,
        "mission_priority": 0.8954,
        "estimated_landing_time": 664.0,
        "wait_time": 0,
        "Landing_success_rate": 0.904
    },
    {
        "model": 0,
        "sequence": 10,
        "status": 1,
        "fuel": 7228,
        "fault": 0.6036,
        "weapon": 1,
        "pilot_injury": 0.1189,
        "pilot_skill": 0.0149,
        "mission_priority": 0.89,
        "estimated_landing_time": 946.0,
        "wait_time": 0,
        "Landing_success_rate": 0.9014
    },
    {
        "model": 0,
        "sequence": 13,
        "status": 1,
        "fuel": 7026,
        "fault": 0.3585,
        "weapon": 1,
        "pilot_injury": 0.811,
        "pilot_skill": 0.859,
        "mission_priority": 0.9916,
        "estimated_landing_time": 1228.0,
        "wait_time": 0,
        "Landing_success_rate": 0.9234
    },
    {
        "model": 2,
        "sequence": 6,
        "status": 1,
        "fuel": 7471,
        "fault": 0.8233,
        "weapon": 0,
        "pilot_injury": 0.1154,
        "pilot_skill": 0.4068,
        "mission_priority": 0.848,
        "estimated_landing_time": 570.0,
        "wait_time": 0,
        "Landing_success_rate": 0.8761
    },
    {
        "model": 0,
        "sequence": 2,
        "status": 1,
        "fuel": 7163,
        "fault": 0.623,
        "weapon": 0,
        "pilot_injury": 0.5038,
        "pilot_skill": 0.646,
        "mission_priority": 0.9729,
        "estimated_landing_time": 194.0,
        "wait_time": 0,
        "Landing_success_rate": 0.897
    },
    {
        "model": 0,
        "sequence": 14,
        "status": 1,
        "fuel": 7280,
        "fault": 0.7359,
        "weapon": 1,
        "pilot_injury": 0.863,
        "pilot_skill": 0.4814,
        "mission_priority": 0.0785,
        "estimated_landing_time": 1322.0,
        "wait_time": 0,
        "Landing_success_rate": 0.8853
    },
    {
        "model": 0,
        "sequence": 8,
        "status": 1,
        "fuel": 5955,
        "fault": 0.336,
        "weapon": 0,
        "pilot_injury": 0.1549,
        "pilot_skill": 0.849,
        "mission_priority": 0.5216,
        "estimated_landing_time": 758.0,
        "wait_time": 0,
        "Landing_success_rate": 0.8727
    },
    {
        "model": 0,
        "sequence": 9,
        "status": 1,
        "fuel": 6500,
        "fault": 0.6655,
        "weapon": 1,
        "pilot_injury": 0.693,
        "pilot_skill": 0.005,
        "mission_priority": 0.4278,
        "estimated_landing_time": 852.0,
        "wait_time": 0,
        "Landing_success_rate": 0.8751
    },
    {
        "model": 0,
        "sequence": 18,
        "status": 1,
        "fuel": 7043,
        "fault": 0.0345,
        "weapon": 0,
        "pilot_injury": 0.1746,
        "pilot_skill": 0.2861,
        "mission_priority": 0.5168,
        "estimated_landing_time": 1698.0,
        "wait_time": 0,
        "Landing_success_rate": 0.9617
    },
    {
        "model": 1,
        "sequence": 4,
        "status": 1,
        "fuel": 6606,
        "fault": 0.5798,
        "weapon": 1,
        "pilot_injury": 0.5991,
        "pilot_skill": 0.0889,
        "mission_priority": 0.0582,
        "estimated_landing_time": 382.0,
        "wait_time": 0,
        "Landing_success_rate": 0.8849
    },
    {
        "model": 0,
        "sequence": 3,
        "status": 1,
        "fuel": 7477,
        "fault": 0.7786,
        "weapon": 1,
        "pilot_injury": 0.5548,
        "pilot_skill": 0.4229,
        "mission_priority": 0.5658,
        "estimated_landing_time": 288.0,
        "wait_time": 0,
        "Landing_success_rate": 0.8828
    },
    {
        "model": 0,
        "sequence": 15,
        "status": 1,
        "fuel": 6138,
        "fault": 0.9644,
        "weapon": 1,
        "pilot_injury": 0.0549,
        "pilot_skill": 0.6734,
        "mission_priority": 0.8913,
        "estimated_landing_time": 1416.0,
        "wait_time": 0,
        "Landing_success_rate": 0.8517
    },
    {
        "model": 1,
        "sequence": 5,
        "status": 1,
        "fuel": 6383,
        "fault": 0.1804,
        "weapon": 1,
        "pilot_injury": 0.2959,
        "pilot_skill": 0.717,
        "mission_priority": 0.0843,
        "estimated_landing_time": 476.0,
        "wait_time": 0,
        "Landing_success_rate": 0.9043
    },
    {
        "model": 1,
        "sequence": 1,
        "status": 1,
        "fuel": 6285,
        "fault": 0.8017,
        "weapon": 1,
        "pilot_injury": 0.7296,
        "pilot_skill": 0.1002,
        "mission_priority": 0.7178,
        "estimated_landing_time": 100.0,
        "wait_time": 0,
        "Landing_success_rate": 0.8617
    }
]