[
    {
        "model": 1,
        "sequence": 18,
        "status": 1,
        "fuel": 6114,
        "fault": 0.4486,
        "weapon": 1,
        "pilot_injury": 0.8273,
        "pilot_skill": 0.6854,
        "mission_priority": 0.534,
        "estimated_landing_time": 1698.0,
        "wait_time": 0,
        "Landing_success_rate": 0.8754
    },
    {
        "model": 1,
        "sequence": 14,
        "status": 1,
        "fuel": 6545,
        "fault": 0.6217,
        "weapon": 0,
        "pilot_injury": 0.4734,
        "pilot_skill": 0.2948,
        "mission_priority": 0.8019,
        "estimated_landing_time": 1322.0,
        "wait_time": 0,
        "Landing_success_rate": 0.8796
    },
    {
        "model": 1,
        "sequence": 17,
        "status": 1,
        "fuel": 6171,
        "fault": 0.5061,
        "weapon": 0,
        "pilot_injury": 0.1654,
        "pilot_skill": 0.6492,
        "mission_priority": 0.2442,
        "estimated_landing_time": 1604.0,
        "wait_time": 0,
        "Landing_success_rate": 0.8749
    },
    {
        "model": 2,
        "sequence": 13,
        "status": 1,
        "fuel": 7282,
        "fault": 0.3466,
        "weapon": 0,
        "pilot_injury": 0.6562,
        "pilot_skill": 0.7911,
        "mission_priority": 0.3549,
        "estimated_landing_time": 1228.0,
        "wait_time": 0,
        "Landing_success_rate": 0.9373
    },
    {
        "model": 1,
        "sequence": 5,
        "status": 1,
        "fuel": 6709,
        "fault": 0.2132,
        "weapon": 1,
        "pilot_injury": 0.2946,
        "pilot_skill": 0.0075,
        "mission_priority": 0.2967,
        "estimated_landing_time": 476.0,
        "wait_time": 0,
        "Landing_success_rate": 0.9213
    },
    {
        "model": 0,
        "sequence": 11,
        "status": 1,
        "fuel": 7170,
        "fault": 0.2092,
        "weapon": 0,
        "pilot_injury": 0.9671,
        "pilot_skill": 0.0704,
        "mission_priority": 0.4713,
        "estimated_landing_time": 1040.0,
        "wait_time": 0,
        "Landing_success_rate": 0.949
    },
    {
        "model": 0,
        "sequence": 10,
        "status": 1,
        "fuel": 6637,
        "fault": 0.0324,
        "weapon": 0,
        "pilot_injury": 0.3775,
        "pilot_skill": 0.3171,
        "mission_priority": 0.5361,
        "estimated_landing_time": 946.0,
        "wait_time": 0,
        "Landing_success_rate": 0.9325
    },
    {
        "model": 2,
        "sequence": 9,
        "status": 1,
        "fuel": 7186,
        "fault": 0.3363,
        "weapon": 1,
        "pilot_injury": 0.1368,
        "pilot_skill": 0.8129,
        "mission_priority": 0.6785,
        "estimated_landing_time": 852.0,
        "wait_time": 0,
        "Landing_success_rate": 0.9339
    },
    {
        "model": 2,
        "sequence": 6,
        "status": 1,
        "fuel": 6011,
        "fault": 0.3475,
        "weapon": 0,
        "pilot_injury": 0.8939,
        "pilot_skill": 0.8658,
        "mission_priority": 0.4384,
        "estimated_landing_time": 570.0,
        "wait_time": 0,
        "Landing_success_rate": 0.875
    },
    {
        "model": 2,
        "sequence": 7,
        "status": 1,
        "fuel": 6448,
        "fault": 0.821,
        "weapon": 1,
        "pilot_injury": 0.7152,
        "pilot_skill": 0.9282,
        "mission_priority": 0.797,
        "estimated_landing_time": 664.0,
        "wait_time": 0,
        "Landing_success_rate": 0.8627
    },
    {
        "model": 1,
        "sequence": 3,
        "status": 1,
        "fuel": 6172,
        "fault": 0.9779,
        "weapon": 0,
        "pilot_injury": 0.2915,
        "pilot_skill": 0.9688,
        "mission_priority": 0.3194,
        "estimated_landing_time": 288.0,
        "wait_time": 0,
        "Landing_success_rate": 0.8511
    },
    {
        "model": 0,
        "sequence": 16,
        "status": 1,
        "fuel": 6783,
        "fault": 0.7475,
        "weapon": 0,
        "pilot_injury": 0.734,
        "pilot_skill": 0.2855,
        "mission_priority": 0.2977,
        "estimated_landing_time": 1510.0,
        "wait_time": 0,
        "Landing_success_rate": 0.8743
    },
    {
        "model": 0,
        "sequence": 2,
        "status": 1,
        "fuel": 7261,
        "fault": 0.1901,
        "weapon": 1,
        "pilot_injury": 0.7893,
        "pilot_skill": 0.3171,
        "mission_priority": 0.8538,
        "estimated_landing_time": 194.0,
        "wait_time": 0,
        "Landing_success_rate": 0.957
    },
    {
        "model": 0,
        "sequence": 1,
        "status": 1,
        "fuel": 6528,
        "fault": 0.6614,
        "weapon": 1,
        "pilot_injury": 0.5464,
        "pilot_skill": 0.8349,
        "mission_priority": 0.3027,
        "estimated_landing_time": 100.0,
        "wait_time": 0,
        "Landing_success_rate": 0.8761
    },
    {
        "model": 2,
        "sequence": 15,
        "status": 1,
        "fuel": 7063,
        "fault": 0.8481,
        "weapon": 0,
        "pilot_injury": 0.0217,
        "pilot_skill": 0.2395,
        "mission_priority": 0.5429,
        "estimated_landing_time": 1416.0,
        "wait_time": 0,
        "Landing_success_rate": 0.8678
    },
    {
        "model": 2,
        "sequence": 12,
        "status": 1,
        "fuel": 6913,
        "fault": 0.9773,
        "weapon": 1,
        "pilot_injury": 0.641,
        "pilot_skill": 0.3803,
        "mission_priority": 0.1846,
        "estimated_landing_time": 1134.0,
        "wait_time": 0,
        "Landing_success_rate": 0.8524
    },
    {
        "model": 1,
        "sequence": 8,
        "status": 1,
        "fuel": 6954,
        "fault": 0.7187,
        "weapon": 1,
        "pilot_injury": 0.6954,
        "pilot_skill": 0.1812,
        "mission_priority": 0.0911,
        "estimated_landing_time": 758.0,
        "wait_time": 0,
        "Landing_success_rate": 0.8807
    },
    {
        "model": 2,
        "sequence": 4,
        "status": 1,
        "fuel": 6185,
        "fault": 0.5262,
        "weapon": 1,
        "pilot_injury": 0.6472,
        "pilot_skill": 0.1609,
        "mission_priority": 0.9303,
        "estimated_landing_time": 382.0,
        "wait_time": 0,
        "Landing_success_rate": 0.8743
    }
]