[
    {
        "model": 2,
        "sequence": 2,
        "status": 1,
        "fuel": 6641,
        "fault": 0.6569,
        "weapon": 0,
        "pilot_injury": 0.652,
        "pilot_skill": 0.6011,
        "mission_priority": 0.9248,
        "estimated_landing_time": 194.0,
        "wait_time": 0,
        "Landing_success_rate": 0.8794
    },
    {
        "model": 2,
        "sequence": 3,
        "status": 1,
        "fuel": 7498,
        "fault": 0.1161,
        "weapon": 0,
        "pilot_injury": 0.884,
        "pilot_skill": 0.0779,
        "mission_priority": 0.0559,
        "estimated_landing_time": 288.0,
        "wait_time": 0,
        "Landing_success_rate": 0.9825
    },
    {
        "model": 2,
        "sequence": 13,
        "status": 1,
        "fuel": 6224,
        "fault": 0.9733,
        "weapon": 0,
        "pilot_injury": 0.2599,
        "pilot_skill": 0.1902,
        "mission_priority": 0.4588,
        "estimated_landing_time": 1228.0,
        "wait_time": 0,
        "Landing_success_rate": 0.8514
    },
    {
        "model": 1,
        "sequence": 11,
        "status": 1,
        "fuel": 6352,
        "fault": 0.6954,
        "weapon": 1,
        "pilot_injury": 0.3007,
        "pilot_skill": 0.6136,
        "mission_priority": 0.9457,
        "estimated_landing_time": 1040.0,
        "wait_time": 0,
        "Landing_success_rate": 0.8695
    },
    {
        "model": 0,
        "sequence": 15,
        "status": 1,
        "fuel": 7470,
        "fault": 0.6435,
        "weapon": 0,
        "pilot_injury": 0.3668,
        "pilot_skill": 0.2723,
        "mission_priority": 0.4543,
        "estimated_landing_time": 1416.0,
        "wait_time": 0,
        "Landing_success_rate": 0.9027
    },
    {
        "model": 2,
        "sequence": 7,
        "status": 1,
        "fuel": 5949,
        "fault": 0.4639,
        "weapon": 0,
        "pilot_injury": 0.8467,
        "pilot_skill": 0.9888,
        "mission_priority": 0.072,
        "estimated_landing_time": 664.0,
        "wait_time": 0,
        "Landing_success_rate": 0.8681
    },
    {
        "model": 1,
        "sequence": 16,
        "status": 1,
        "fuel": 7066,
        "fault": 0.1496,
        "weapon": 1,
        "pilot_injury": 0.5892,
        "pilot_skill": 0.5836,
        "mission_priority": 0.0363,
        "estimated_landing_time": 1510.0,
        "wait_time": 0,
        "Landing_success_rate": 0.9499
    },
    {
        "model": 1,
        "sequence": 4,
        "status": 1,
        "fuel": 7107,
        "fault": 0.3158,
        "weapon": 0,
        "pilot_injury": 0.5445,
        "pilot_skill": 0.4364,
        "mission_priority": 0.4155,
        "estimated_landing_time": 382.0,
        "wait_time": 0,
        "Landing_success_rate": 0.9325
    },
    {
        "model": 0,
        "sequence": 8,
        "status": 1,
        "fuel": 6031,
        "fault": 0.9723,
        "weapon": 1,
        "pilot_injury": 0.8592,
        "pilot_skill": 0.3092,
        "mission_priority": 0.5315,
        "estimated_landing_time": 758.0,
        "wait_time": 0,
        "Landing_success_rate": 0.8511
    },
    {
        "model": 2,
        "sequence": 14,
        "status": 1,
        "fuel": 7368,
        "fault": 0.7086,
        "weapon": 0,
        "pilot_injury": 0.736,
        "pilot_skill": 0.5301,
        "mission_priority": 0.0259,
        "estimated_landing_time": 1322.0,
        "wait_time": 0,
        "Landing_success_rate": 0.8908
    },
    {
        "model": 0,
        "sequence": 12,
        "status": 1,
        "fuel": 7082,
        "fault": 0.6653,
        "weapon": 1,
        "pilot_injury": 0.4134,
        "pilot_skill": 0.8564,
        "mission_priority": 0.7696,
        "estimated_landing_time": 1134.0,
        "wait_time": 0,
        "Landing_success_rate": 0.8897
    },
    {
        "model": 2,
        "sequence": 18,
        "status": 1,
        "fuel": 5541,
        "fault": 0.7971,
        "weapon": 0,
        "pilot_injury": 0.9032,
        "pilot_skill": 0.5287,
        "mission_priority": 0.5302,
        "estimated_landing_time": 1698.0,
        "wait_time": 0,
        "Landing_success_rate": 0.8506
    },
    {
        "model": 0,
        "sequence": 1,
        "status": 1,
        "fuel": 6983,
        "fault": 0.1465,
        "weapon": 1,
        "pilot_injury": 0.5367,
        "pilot_skill": 0.7491,
        "mission_priority": 0.2351,
        "estimated_landing_time": 100.0,
        "wait_time": 0,
        "Landing_success_rate": 0.9449
    },
    {
        "model": 2,
        "sequence": 6,
        "status": 1,
        "fuel": 7479,
        "fault": 0.598,
        "weapon": 0,
        "pilot_injury": 0.6035,
        "pilot_skill": 0.0899,
        "mission_priority": 0.3095,
        "estimated_landing_time": 570.0,
        "wait_time": 0,
        "Landing_success_rate": 0.9097
    },
    {
        "model": 2,
        "sequence": 17,
        "status": 1,
        "fuel": 7278,
        "fault": 0.3454,
        "weapon": 1,
        "pilot_injury": 0.7783,
        "pilot_skill": 0.2823,
        "mission_priority": 0.1821,
        "estimated_landing_time": 1604.0,
        "wait_time": 0,
        "Landing_success_rate": 0.9373
    },
    {
        "model": 0,
        "sequence": 5,
        "status": 1,
        "fuel": 7393,
        "fault": 0.7849,
        "weapon": 0,
        "pilot_injury": 0.1216,
        "pilot_skill": 0.0025,
        "mission_priority": 0.9176,
        "estimated_landing_time": 476.0,
        "wait_time": 0,
        "Landing_success_rate": 0.8805
    },
    {
        "model": 2,
        "sequence": 10,
        "status": 1,
        "fuel": 7313,
        "fault": 0.8173,
        "weapon": 1,
        "pilot_injury": 0.3992,
        "pilot_skill": 0.6531,
        "mission_priority": 0.1856,
        "estimated_landing_time": 946.0,
        "wait_time": 0,
        "Landing_success_rate": 0.8748
    },
    {
        "model": 0,
        "sequence": 9,
        "status": 1,
        "fuel": 6001,
        "fault": 0.5355,
        "weapon": 1,
        "pilot_injury": 0.3865,
        "pilot_skill": 0.238,
        "mission_priority": 0.8375,
        "estimated_landing_time": 852.0,
        "wait_time": 0,
        "Landing_success_rate": 0.8675
    }
]