[
    {
        "model": 1,
        "sequence": 4,
        "status": 1,
        "fuel": 7484,
        "fault": 0.0171,
        "weapon": 1,
        "pilot_injury": 0.6942,
        "pilot_skill": 0.8319,
        "mission_priority": 0.4214,
        "estimated_landing_time": 382.0,
        "wait_time": 0,
        "Landing_success_rate": 0.9963
    },
    {
        "model": 0,
        "sequence": 13,
        "status": 1,
        "fuel": 6882,
        "fault": 0.6875,
        "weapon": 0,
        "pilot_injury": 0.7087,
        "pilot_skill": 0.3482,
        "mission_priority": 0.1013,
        "estimated_landing_time": 1228.0,
        "wait_time": 0,
        "Landing_success_rate": 0.8824
    },
    {
        "model": 1,
        "sequence": 8,
        "status": 1,
        "fuel": 6228,
        "fault": 0.3121,
        "weapon": 1,
        "pilot_injury": 0.9805,
        "pilot_skill": 0.3928,
        "mission_priority": 0.8864,
        "estimated_landing_time": 758.0,
        "wait_time": 0,
        "Landing_success_rate": 0.8876
    },
    {
        "model": 1,
        "sequence": 14,
        "status": 1,
        "fuel": 7091,
        "fault": 0.8132,
        "weapon": 0,
        "pilot_injury": 0.0454,
        "pilot_skill": 0.5573,
        "mission_priority": 0.0702,
        "estimated_landing_time": 1322.0,
        "wait_time": 0,
        "Landing_success_rate": 0.8723
    },
    {
        "model": 0,
        "sequence": 1,
        "status": 1,
        "fuel": 6882,
        "fault": 0.9011,
        "weapon": 0,
        "pilot_injury": 0.8072,
        "pilot_skill": 0.5609,
        "mission_priority": 0.9362,
        "estimated_landing_time": 100.0,
        "wait_time": 0,
        "Landing_success_rate": 0.8603
    },
    {
        "model": 1,
        "sequence": 17,
        "status": 1,
        "fuel": 6423,
        "fault": 0.0914,
        "weapon": 1,
        "pilot_injury": 0.389,
        "pilot_skill": 0.6685,
        "mission_priority": 0.9384,
        "estimated_landing_time": 1604.0,
        "wait_time": 0,
        "Landing_success_rate": 0.9129
    },
    {
        "model": 2,
        "sequence": 6,
        "status": 1,
        "fuel": 6114,
        "fault": 0.8125,
        "weapon": 1,
        "pilot_injury": 0.5738,
        "pilot_skill": 0.7566,
        "mission_priority": 0.2732,
        "estimated_landing_time": 570.0,
        "wait_time": 0,
        "Landing_success_rate": 0.8586
    },
    {
        "model": 1,
        "sequence": 16,
        "status": 1,
        "fuel": 6839,
        "fault": 0.9727,
        "weapon": 1,
        "pilot_injury": 0.8718,
        "pilot_skill": 0.9698,
        "mission_priority": 0.3413,
        "estimated_landing_time": 1510.0,
        "wait_time": 0,
        "Landing_success_rate": 0.8527
    },
    {
        "model": 2,
        "sequence": 7,
        "status": 1,
        "fuel": 5546,
        "fault": 0.5228,
        "weapon": 1,
        "pilot_injury": 0.6232,
        "pilot_skill": 0.3476,
        "mission_priority": 0.6191,
        "estimated_landing_time": 664.0,
        "wait_time": 0,
        "Landing_success_rate": 0.8516
    },
    {
        "model": 2,
        "sequence": 11,
        "status": 1,
        "fuel": 5891,
        "fault": 0.0688,
        "weapon": 0,
        "pilot_injury": 0.6193,
        "pilot_skill": 0.8471,
        "mission_priority": 0.1701,
        "estimated_landing_time": 1040.0,
        "wait_time": 0,
        "Landing_success_rate": 0.8773
    },
    {
        "model": 1,
        "sequence": 18,
        "status": 1,
        "fuel": 6008,
        "fault": 0.1571,
        "weapon": 0,
        "pilot_injury": 0.2833,
        "pilot_skill": 0.9782,
        "mission_priority": 0.2632,
        "estimated_landing_time": 1698.0,
        "wait_time": 0,
        "Landing_success_rate": 0.8821
    },
    {
        "model": 2,
        "sequence": 10,
        "status": 1,
        "fuel": 5800,
        "fault": 0.363,
        "weapon": 0,
        "pilot_injury": 0.0801,
        "pilot_skill": 0.8207,
        "mission_priority": 0.571,
        "estimated_landing_time": 946.0,
        "wait_time": 0,
        "Landing_success_rate": 0.8643
    },
    {
        "model": 2,
        "sequence": 3,
        "status": 1,
        "fuel": 6943,
        "fault": 0.6646,
        "weapon": 0,
        "pilot_injury": 0.0392,
        "pilot_skill": 0.5152,
        "mission_priority": 0.049,
        "estimated_landing_time": 288.0,
        "wait_time": 0,
        "Landing_success_rate": 0.8863
    },
    {
        "model": 1,
        "sequence": 2,
        "status": 1,
        "fuel": 6377,
        "fault": 0.4506,
        "weapon": 0,
        "pilot_injury": 0.7658,
        "pilot_skill": 0.1969,
        "mission_priority": 0.6205,
        "estimated_landing_time": 194.0,
        "wait_time": 0,
        "Landing_success_rate": 0.8861
    },
    {
        "model": 0,
        "sequence": 9,
        "status": 1,
        "fuel": 7238,
        "fault": 0.1629,
        "weapon": 0,
        "pilot_injury": 0.4683,
        "pilot_skill": 0.8975,
        "mission_priority": 0.5079,
        "estimated_landing_time": 852.0,
        "wait_time": 0,
        "Landing_success_rate": 0.9591
    },
    {
        "model": 0,
        "sequence": 12,
        "status": 1,
        "fuel": 7171,
        "fault": 0.167,
        "weapon": 0,
        "pilot_injury": 0.236,
        "pilot_skill": 0.1685,
        "mission_priority": 0.342,
        "estimated_landing_time": 1134.0,
        "wait_time": 0,
        "Landing_success_rate": 0.9544
    },
    {
        "model": 2,
        "sequence": 15,
        "status": 1,
        "fuel": 7006,
        "fault": 0.3149,
        "weapon": 1,
        "pilot_injury": 0.743,
        "pilot_skill": 0.4775,
        "mission_priority": 0.375,
        "estimated_landing_time": 1416.0,
        "wait_time": 0,
        "Landing_success_rate": 0.9274
    },
    {
        "model": 2,
        "sequence": 5,
        "status": 1,
        "fuel": 6084,
        "fault": 0.2472,
        "weapon": 0,
        "pilot_injury": 0.4474,
        "pilot_skill": 0.6246,
        "mission_priority": 0.1392,
        "estimated_landing_time": 476.0,
        "wait_time": 0,
        "Landing_success_rate": 0.883
    }
]