[
    {
        "model": 2,
        "sequence": 18,
        "status": 1,
        "fuel": 6621,
        "fault": 0.0615,
        "weapon": 1,
        "pilot_injury": 0.0401,
        "pilot_skill": 0.9854,
        "mission_priority": 0.3405,
        "estimated_landing_time": 1698.0,
        "wait_time": 0,
        "Landing_success_rate": 0.9289
    },
    {
        "model": 0,
        "sequence": 8,
        "status": 1,
        "fuel": 7026,
        "fault": 0.6259,
        "weapon": 0,
        "pilot_injury": 0.5851,
        "pilot_skill": 0.2149,
        "mission_priority": 0.8891,
        "estimated_landing_time": 758.0,
        "wait_time": 0,
        "Landing_success_rate": 0.8928
    },
    {
        "model": 1,
        "sequence": 15,
        "status": 1,
        "fuel": 6942,
        "fault": 0.0496,
        "weapon": 1,
        "pilot_injury": 0.8623,
        "pilot_skill": 0.3905,
        "mission_priority": 0.5241,
        "estimated_landing_time": 1416.0,
        "wait_time": 0,
        "Landing_success_rate": 0.9528
    },
    {
        "model": 2,
        "sequence": 3,
        "status": 1,
        "fuel": 5805,
        "fault": 0.8053,
        "weapon": 0,
        "pilot_injury": 0.2622,
        "pilot_skill": 0.2129,
        "mission_priority": 0.0805,
        "estimated_landing_time": 288.0,
        "wait_time": 0,
        "Landing_success_rate": 0.8545
    },
    {
        "model": 0,
        "sequence": 10,
        "status": 1,
        "fuel": 6493,
        "fault": 0.3796,
        "weapon": 0,
        "pilot_injury": 0.4119,
        "pilot_skill": 0.0734,
        "mission_priority": 0.4052,
        "estimated_landing_time": 946.0,
        "wait_time": 0,
        "Landing_success_rate": 0.8962
    },
    {
        "model": 2,
        "sequence": 16,
        "status": 1,
        "fuel": 7264,
        "fault": 0.7173,
        "weapon": 0,
        "pilot_injury": 0.2097,
        "pilot_skill": 0.3283,
        "mission_priority": 0.87,
        "estimated_landing_time": 1510.0,
        "wait_time": 0,
        "Landing_success_rate": 0.8874
    },
    {
        "model": 1,
        "sequence": 17,
        "status": 1,
        "fuel": 6251,
        "fault": 0.2355,
        "weapon": 1,
        "pilot_injury": 0.0719,
        "pilot_skill": 0.7157,
        "mission_priority": 0.3907,
        "estimated_landing_time": 1604.0,
        "wait_time": 0,
        "Landing_success_rate": 0.8931
    },
    {
        "model": 1,
        "sequence": 14,
        "status": 1,
        "fuel": 5909,
        "fault": 0.9479,
        "weapon": 1,
        "pilot_injury": 0.346,
        "pilot_skill": 0.4512,
        "mission_priority": 0.7486,
        "estimated_landing_time": 1322.0,
        "wait_time": 0,
        "Landing_success_rate": 0.8516
    },
    {
        "model": 0,
        "sequence": 9,
        "status": 1,
        "fuel": 5683,
        "fault": 0.015,
        "weapon": 0,
        "pilot_injury": 0.5241,
        "pilot_skill": 0.0328,
        "mission_priority": 0.4684,
        "estimated_landing_time": 852.0,
        "wait_time": 0,
        "Landing_success_rate": 0.8635
    },
    {
        "model": 1,
        "sequence": 13,
        "status": 1,
        "fuel": 6841,
        "fault": 0.9588,
        "weapon": 1,
        "pilot_injury": 0.9325,
        "pilot_skill": 0.6306,
        "mission_priority": 0.9342,
        "estimated_landing_time": 1228.0,
        "wait_time": 0,
        "Landing_success_rate": 0.8541
    },
    {
        "model": 0,
        "sequence": 2,
        "status": 1,
        "fuel": 6534,
        "fault": 0.1803,
        "weapon": 1,
        "pilot_injury": 0.2312,
        "pilot_skill": 0.3942,
        "mission_priority": 0.1701,
        "estimated_landing_time": 194.0,
        "wait_time": 0,
        "Landing_success_rate": 0.9136
    },
    {
        "model": 2,
        "sequence": 4,
        "status": 1,
        "fuel": 7260,
        "fault": 0.154,
        "weapon": 1,
        "pilot_injury": 0.9563,
        "pilot_skill": 0.4337,
        "mission_priority": 0.7856,
        "estimated_landing_time": 382.0,
        "wait_time": 0,
        "Landing_success_rate": 0.9617
    },
    {
        "model": 1,
        "sequence": 5,
        "status": 1,
        "fuel": 6688,
        "fault": 0.3092,
        "weapon": 1,
        "pilot_injury": 0.2087,
        "pilot_skill": 0.496,
        "mission_priority": 0.3477,
        "estimated_landing_time": 476.0,
        "wait_time": 0,
        "Landing_success_rate": 0.9116
    },
    {
        "model": 2,
        "sequence": 12,
        "status": 1,
        "fuel": 6456,
        "fault": 0.5824,
        "weapon": 1,
        "pilot_injury": 0.8264,
        "pilot_skill": 0.4521,
        "mission_priority": 0.5237,
        "estimated_landing_time": 1134.0,
        "wait_time": 0,
        "Landing_success_rate": 0.8799
    },
    {
        "model": 2,
        "sequence": 7,
        "status": 1,
        "fuel": 6402,
        "fault": 0.1425,
        "weapon": 1,
        "pilot_injury": 0.488,
        "pilot_skill": 0.7741,
        "mission_priority": 0.1512,
        "estimated_landing_time": 664.0,
        "wait_time": 0,
        "Landing_success_rate": 0.908
    },
    {
        "model": 1,
        "sequence": 11,
        "status": 1,
        "fuel": 6941,
        "fault": 0.2294,
        "weapon": 1,
        "pilot_injury": 0.8674,
        "pilot_skill": 0.3271,
        "mission_priority": 0.3291,
        "estimated_landing_time": 1040.0,
        "wait_time": 0,
        "Landing_success_rate": 0.9333
    },
    {
        "model": 2,
        "sequence": 6,
        "status": 1,
        "fuel": 6521,
        "fault": 0.2782,
        "weapon": 1,
        "pilot_injury": 0.2849,
        "pilot_skill": 0.4166,
        "mission_priority": 0.3536,
        "estimated_landing_time": 570.0,
        "wait_time": 0,
        "Landing_success_rate": 0.9053
    },
    {
        "model": 0,
        "sequence": 1,
        "status": 1,
        "fuel": 6112,
        "fault": 0.6797,
        "weapon": 0,
        "pilot_injury": 0.5667,
        "pilot_skill": 0.6542,
        "mission_priority": 0.3077,
        "estimated_landing_time": 100.0,
        "wait_time": 0,
        "Landing_success_rate": 0.8647
    }
]