[
    {
        "model": 0,
        "sequence": 1,
        "status": 1,
        "fuel": 5961,
        "fault": 0.635,
        "weapon": 1,
        "pilot_injury": 0.9076,
        "pilot_skill": 0.7154,
        "mission_priority": 0.6959,
        "estimated_landing_time": 100.0,
        "wait_time": 0,
        "Landing_success_rate": 0.8626
    },
    {
        "model": 0,
        "sequence": 12,
        "status": 1,
        "fuel": 6369,
        "fault": 0.1808,
        "weapon": 0,
        "pilot_injury": 0.8037,
        "pilot_skill": 0.9792,
        "mission_priority": 0.7953,
        "estimated_landing_time": 1134.0,
        "wait_time": 0,
        "Landing_success_rate": 0.9034
    },
    {
        "model": 2,
        "sequence": 4,
        "status": 1,
        "fuel": 6086,
        "fault": 0.0173,
        "weapon": 1,
        "pilot_injury": 0.8171,
        "pilot_skill": 0.736,
        "mission_priority": 0.7704,
        "estimated_landing_time": 382.0,
        "wait_time": 0,
        "Landing_success_rate": 0.8932
    },
    {
        "model": 0,
        "sequence": 15,
        "status": 1,
        "fuel": 6407,
        "fault": 0.2586,
        "weapon": 0,
        "pilot_injury": 0.0973,
        "pilot_skill": 0.2536,
        "mission_priority": 0.663,
        "estimated_landing_time": 1416.0,
        "wait_time": 0,
        "Landing_success_rate": 0.9004
    },
    {
        "model": 2,
        "sequence": 17,
        "status": 1,
        "fuel": 6788,
        "fault": 0.6561,
        "weapon": 0,
        "pilot_injury": 0.7015,
        "pilot_skill": 0.3879,
        "mission_priority": 0.0002,
        "estimated_landing_time": 1604.0,
        "wait_time": 0,
        "Landing_success_rate": 0.8832
    },
    {
        "model": 2,
        "sequence": 7,
        "status": 1,
        "fuel": 7076,
        "fault": 0.6345,
        "weapon": 0,
        "pilot_injury": 0.2227,
        "pilot_skill": 0.1129,
        "mission_priority": 0.6822,
        "estimated_landing_time": 664.0,
        "wait_time": 0,
        "Landing_success_rate": 0.8932
    },
    {
        "model": 0,
        "sequence": 13,
        "status": 1,
        "fuel": 6325,
        "fault": 0.4152,
        "weapon": 0,
        "pilot_injury": 0.8614,
        "pilot_skill": 0.846,
        "mission_priority": 0.313,
        "estimated_landing_time": 1228.0,
        "wait_time": 0,
        "Landing_success_rate": 0.8862
    },
    {
        "model": 2,
        "sequence": 11,
        "status": 1,
        "fuel": 6891,
        "fault": 0.1937,
        "weapon": 0,
        "pilot_injury": 0.322,
        "pilot_skill": 0.0411,
        "mission_priority": 0.4957,
        "estimated_landing_time": 1040.0,
        "wait_time": 0,
        "Landing_success_rate": 0.9341
    },
    {
        "model": 2,
        "sequence": 14,
        "status": 1,
        "fuel": 6382,
        "fault": 0.9506,
        "weapon": 1,
        "pilot_injury": 0.9107,
        "pilot_skill": 0.9588,
        "mission_priority": 0.7733,
        "estimated_landing_time": 1322.0,
        "wait_time": 0,
        "Landing_success_rate": 0.8533
    },
    {
        "model": 2,
        "sequence": 3,
        "status": 1,
        "fuel": 6205,
        "fault": 0.3735,
        "weapon": 1,
        "pilot_injury": 0.1976,
        "pilot_skill": 0.0065,
        "mission_priority": 0.7068,
        "estimated_landing_time": 288.0,
        "wait_time": 0,
        "Landing_success_rate": 0.8831
    },
    {
        "model": 0,
        "sequence": 9,
        "status": 1,
        "fuel": 5905,
        "fault": 0.0229,
        "weapon": 0,
        "pilot_injury": 0.6369,
        "pilot_skill": 0.7465,
        "mission_priority": 0.9276,
        "estimated_landing_time": 852.0,
        "wait_time": 0,
        "Landing_success_rate": 0.8797
    },
    {
        "model": 2,
        "sequence": 18,
        "status": 1,
        "fuel": 5924,
        "fault": 0.6012,
        "weapon": 1,
        "pilot_injury": 0.3447,
        "pilot_skill": 0.3499,
        "mission_priority": 0.543,
        "estimated_landing_time": 1698.0,
        "wait_time": 0,
        "Landing_success_rate": 0.8627
    },
    {
        "model": 1,
        "sequence": 2,
        "status": 1,
        "fuel": 7027,
        "fault": 0.1671,
        "weapon": 0,
        "pilot_injury": 0.7318,
        "pilot_skill": 0.7517,
        "mission_priority": 0.747,
        "estimated_landing_time": 194.0,
        "wait_time": 0,
        "Landing_success_rate": 0.9454
    },
    {
        "model": 1,
        "sequence": 6,
        "status": 1,
        "fuel": 7097,
        "fault": 0.9855,
        "weapon": 0,
        "pilot_injury": 0.36,
        "pilot_skill": 0.016,
        "mission_priority": 0.5624,
        "estimated_landing_time": 570.0,
        "wait_time": 0,
        "Landing_success_rate": 0.8517
    },
    {
        "model": 2,
        "sequence": 16,
        "status": 1,
        "fuel": 7418,
        "fault": 0.4176,
        "weapon": 0,
        "pilot_injury": 0.7555,
        "pilot_skill": 0.0095,
        "mission_priority": 0.959,
        "estimated_landing_time": 1510.0,
        "wait_time": 0,
        "Landing_success_rate": 0.9338
    },
    {
        "model": 1,
        "sequence": 10,
        "status": 1,
        "fuel": 7187,
        "fault": 0.311,
        "weapon": 1,
        "pilot_injury": 0.058,
        "pilot_skill": 0.5835,
        "mission_priority": 0.3493,
        "estimated_landing_time": 946.0,
        "wait_time": 0,
        "Landing_success_rate": 0.9372
    },
    {
        "model": 0,
        "sequence": 5,
        "status": 1,
        "fuel": 5857,
        "fault": 0.3612,
        "weapon": 0,
        "pilot_injury": 0.0333,
        "pilot_skill": 0.3586,
        "mission_priority": 0.7499,
        "estimated_landing_time": 476.0,
        "wait_time": 0,
        "Landing_success_rate": 0.8671
    },
    {
        "model": 2,
        "sequence": 8,
        "status": 1,
        "fuel": 6694,
        "fault": 0.3903,
        "weapon": 0,
        "pilot_injury": 0.8721,
        "pilot_skill": 0.3937,
        "mission_priority": 0.1795,
        "estimated_landing_time": 758.0,
        "wait_time": 0,
        "Landing_success_rate": 0.9046
    }
]