[
    {
        "model": 0,
        "sequence": 15,
        "status": 1,
        "fuel": 6193,
        "fault": 0.297,
        "weapon": 1,
        "pilot_injury": 0.2623,
        "pilot_skill": 0.2225,
        "mission_priority": 0.7091,
        "estimated_landing_time": 1416.0,
        "wait_time": 0,
        "Landing_success_rate": 0.8865
    },
    {
        "model": 0,
        "sequence": 5,
        "status": 1,
        "fuel": 6496,
        "fault": 0.9295,
        "weapon": 0,
        "pilot_injury": 0.6934,
        "pilot_skill": 0.2508,
        "mission_priority": 0.2528,
        "estimated_landing_time": 476.0,
        "wait_time": 0,
        "Landing_success_rate": 0.8553
    },
    {
        "model": 1,
        "sequence": 10,
        "status": 1,
        "fuel": 5967,
        "fault": 0.9937,
        "weapon": 0,
        "pilot_injury": 0.8765,
        "pilot_skill": 0.8521,
        "mission_priority": 0.9649,
        "estimated_landing_time": 946.0,
        "wait_time": 0,
        "Landing_success_rate": 0.8502
    },
    {
        "model": 0,
        "sequence": 7,
        "status": 1,
        "fuel": 6511,
        "fault": 0.7456,
        "weapon": 1,
        "pilot_injury": 0.8085,
        "pilot_skill": 0.8947,
        "mission_priority": 0.0116,
        "estimated_landing_time": 664.0,
        "wait_time": 0,
        "Landing_success_rate": 0.8693
    },
    {
        "model": 0,
        "sequence": 6,
        "status": 1,
        "fuel": 6321,
        "fault": 0.0366,
        "weapon": 1,
        "pilot_injury": 0.7982,
        "pilot_skill": 0.1272,
        "mission_priority": 0.3959,
        "estimated_landing_time": 570.0,
        "wait_time": 0,
        "Landing_success_rate": 0.9093
    },
    {
        "model": 1,
        "sequence": 9,
        "status": 1,
        "fuel": 6064,
        "fault": 0.4321,
        "weapon": 1,
        "pilot_injury": 0.1233,
        "pilot_skill": 0.8058,
        "mission_priority": 0.0092,
        "estimated_landing_time": 852.0,
        "wait_time": 0,
        "Landing_success_rate": 0.874
    },
    {
        "model": 1,
        "sequence": 14,
        "status": 1,
        "fuel": 6411,
        "fault": 0.4242,
        "weapon": 0,
        "pilot_injury": 0.589,
        "pilot_skill": 0.2543,
        "mission_priority": 0.259,
        "estimated_landing_time": 1322.0,
        "wait_time": 0,
        "Landing_success_rate": 0.8893
    },
    {
        "model": 2,
        "sequence": 18,
        "status": 1,
        "fuel": 6149,
        "fault": 0.1828,
        "weapon": 1,
        "pilot_injury": 0.1213,
        "pilot_skill": 0.1755,
        "mission_priority": 0.2472,
        "estimated_landing_time": 1698.0,
        "wait_time": 0,
        "Landing_success_rate": 0.8898
    },
    {
        "model": 0,
        "sequence": 3,
        "status": 1,
        "fuel": 5528,
        "fault": 0.943,
        "weapon": 0,
        "pilot_injury": 0.599,
        "pilot_skill": 0.2415,
        "mission_priority": 0.4905,
        "estimated_landing_time": 288.0,
        "wait_time": 0,
        "Landing_success_rate": 0.8501
    },
    {
        "model": 1,
        "sequence": 4,
        "status": 1,
        "fuel": 5865,
        "fault": 0.1873,
        "weapon": 1,
        "pilot_injury": 0.4687,
        "pilot_skill": 0.3987,
        "mission_priority": 0.1369,
        "estimated_landing_time": 382.0,
        "wait_time": 0,
        "Landing_success_rate": 0.8722
    },
    {
        "model": 0,
        "sequence": 8,
        "status": 1,
        "fuel": 6967,
        "fault": 0.5593,
        "weapon": 1,
        "pilot_injury": 0.3956,
        "pilot_skill": 0.6246,
        "mission_priority": 0.963,
        "estimated_landing_time": 758.0,
        "wait_time": 0,
        "Landing_success_rate": 0.8985
    },
    {
        "model": 2,
        "sequence": 17,
        "status": 1,
        "fuel": 5972,
        "fault": 0.7544,
        "weapon": 1,
        "pilot_injury": 0.7375,
        "pilot_skill": 0.1281,
        "mission_priority": 0.5121,
        "estimated_landing_time": 1604.0,
        "wait_time": 0,
        "Landing_success_rate": 0.8587
    },
    {
        "model": 0,
        "sequence": 13,
        "status": 1,
        "fuel": 7180,
        "fault": 0.3781,
        "weapon": 0,
        "pilot_injury": 0.4263,
        "pilot_skill": 0.131,
        "mission_priority": 0.699,
        "estimated_landing_time": 1228.0,
        "wait_time": 0,
        "Landing_success_rate": 0.9284
    },
    {
        "model": 0,
        "sequence": 2,
        "status": 1,
        "fuel": 6992,
        "fault": 0.1355,
        "weapon": 0,
        "pilot_injury": 0.1464,
        "pilot_skill": 0.1398,
        "mission_priority": 0.5834,
        "estimated_landing_time": 194.0,
        "wait_time": 0,
        "Landing_success_rate": 0.9467
    },
    {
        "model": 0,
        "sequence": 16,
        "status": 1,
        "fuel": 5829,
        "fault": 0.4115,
        "weapon": 0,
        "pilot_injury": 0.2857,
        "pilot_skill": 0.8695,
        "mission_priority": 0.0723,
        "estimated_landing_time": 1510.0,
        "wait_time": 0,
        "Landing_success_rate": 0.8645
    },
    {
        "model": 1,
        "sequence": 11,
        "status": 1,
        "fuel": 6494,
        "fault": 0.5095,
        "weapon": 1,
        "pilot_injury": 0.4083,
        "pilot_skill": 0.3097,
        "mission_priority": 0.2971,
        "estimated_landing_time": 1040.0,
        "wait_time": 0,
        "Landing_success_rate": 0.8866
    },
    {
        "model": 1,
        "sequence": 1,
        "status": 1,
        "fuel": 6515,
        "fault": 0.8329,
        "weapon": 0,
        "pilot_injury": 0.7238,
        "pilot_skill": 0.6697,
        "mission_priority": 0.7987,
        "estimated_landing_time": 100.0,
        "wait_time": 0,
        "Landing_success_rate": 0.8627
    },
    {
        "model": 2,
        "sequence": 12,
        "status": 1,
        "fuel": 6581,
        "fault": 0.9039,
        "weapon": 1,
        "pilot_injury": 0.4601,
        "pilot_skill": 0.7824,
        "mission_priority": 0.3093,
        "estimated_landing_time": 1134.0,
        "wait_time": 0,
        "Landing_success_rate": 0.8578
    }
]