[
    {
        "model": 0,
        "sequence": 8,
        "status": 1,
        "fuel": 6533,
        "fault": 0.7839,
        "weapon": 1,
        "pilot_injury": 0.0059,
        "pilot_skill": 0.3881,
        "mission_priority": 0.2776,
        "estimated_landing_time": 758.0,
        "wait_time": 0,
        "Landing_success_rate": 0.8667
    },
    {
        "model": 2,
        "sequence": 7,
        "status": 1,
        "fuel": 6707,
        "fault": 0.7161,
        "weapon": 1,
        "pilot_injury": 0.3112,
        "pilot_skill": 0.85,
        "mission_priority": 0.6032,
        "estimated_landing_time": 664.0,
        "wait_time": 0,
        "Landing_success_rate": 0.8757
    },
    {
        "model": 0,
        "sequence": 5,
        "status": 1,
        "fuel": 6309,
        "fault": 0.8274,
        "weapon": 0,
        "pilot_injury": 0.2075,
        "pilot_skill": 0.433,
        "mission_priority": 0.6466,
        "estimated_landing_time": 476.0,
        "wait_time": 0,
        "Landing_success_rate": 0.8605
    },
    {
        "model": 0,
        "sequence": 14,
        "status": 1,
        "fuel": 6668,
        "fault": 0.6936,
        "weapon": 1,
        "pilot_injury": 0.7341,
        "pilot_skill": 0.9379,
        "mission_priority": 0.5292,
        "estimated_landing_time": 1322.0,
        "wait_time": 0,
        "Landing_success_rate": 0.8768
    },
    {
        "model": 1,
        "sequence": 1,
        "status": 1,
        "fuel": 6825,
        "fault": 0.1483,
        "weapon": 0,
        "pilot_injury": 0.3986,
        "pilot_skill": 0.3392,
        "mission_priority": 0.4363,
        "estimated_landing_time": 100.0,
        "wait_time": 0,
        "Landing_success_rate": 0.9346
    },
    {
        "model": 2,
        "sequence": 11,
        "status": 1,
        "fuel": 6136,
        "fault": 0.1698,
        "weapon": 0,
        "pilot_injury": 0.2726,
        "pilot_skill": 0.5076,
        "mission_priority": 0.3156,
        "estimated_landing_time": 1040.0,
        "wait_time": 0,
        "Landing_success_rate": 0.8896
    },
    {
        "model": 0,
        "sequence": 13,
        "status": 1,
        "fuel": 6738,
        "fault": 0.3386,
        "weapon": 0,
        "pilot_injury": 0.8698,
        "pilot_skill": 0.8965,
        "mission_priority": 0.836,
        "estimated_landing_time": 1228.0,
        "wait_time": 0,
        "Landing_success_rate": 0.9114
    },
    {
        "model": 2,
        "sequence": 3,
        "status": 1,
        "fuel": 7026,
        "fault": 0.3469,
        "weapon": 1,
        "pilot_injury": 0.1287,
        "pilot_skill": 0.0344,
        "mission_priority": 0.4144,
        "estimated_landing_time": 288.0,
        "wait_time": 0,
        "Landing_success_rate": 0.9247
    },
    {
        "model": 1,
        "sequence": 17,
        "status": 1,
        "fuel": 5806,
        "fault": 0.6682,
        "weapon": 0,
        "pilot_injury": 0.2878,
        "pilot_skill": 0.2484,
        "mission_priority": 0.6848,
        "estimated_landing_time": 1604.0,
        "wait_time": 0,
        "Landing_success_rate": 0.8576
    },
    {
        "model": 2,
        "sequence": 4,
        "status": 1,
        "fuel": 6310,
        "fault": 0.7387,
        "weapon": 1,
        "pilot_injury": 0.9864,
        "pilot_skill": 0.4324,
        "mission_priority": 0.6419,
        "estimated_landing_time": 382.0,
        "wait_time": 0,
        "Landing_success_rate": 0.8659
    },
    {
        "model": 2,
        "sequence": 15,
        "status": 1,
        "fuel": 7067,
        "fault": 0.1725,
        "weapon": 1,
        "pilot_injury": 0.4186,
        "pilot_skill": 0.8502,
        "mission_priority": 0.9323,
        "estimated_landing_time": 1416.0,
        "wait_time": 0,
        "Landing_success_rate": 0.9473
    },
    {
        "model": 2,
        "sequence": 2,
        "status": 1,
        "fuel": 6317,
        "fault": 0.6909,
        "weapon": 0,
        "pilot_injury": 0.9015,
        "pilot_skill": 0.1744,
        "mission_priority": 0.3529,
        "estimated_landing_time": 194.0,
        "wait_time": 0,
        "Landing_success_rate": 0.8689
    },
    {
        "model": 1,
        "sequence": 6,
        "status": 1,
        "fuel": 6132,
        "fault": 0.6211,
        "weapon": 0,
        "pilot_injury": 0.7902,
        "pilot_skill": 0.8021,
        "mission_priority": 0.7197,
        "estimated_landing_time": 570.0,
        "wait_time": 0,
        "Landing_success_rate": 0.868
    },
    {
        "model": 1,
        "sequence": 10,
        "status": 1,
        "fuel": 5896,
        "fault": 0.4045,
        "weapon": 0,
        "pilot_injury": 0.7475,
        "pilot_skill": 0.4446,
        "mission_priority": 0.9449,
        "estimated_landing_time": 946.0,
        "wait_time": 0,
        "Landing_success_rate": 0.8677
    },
    {
        "model": 2,
        "sequence": 12,
        "status": 1,
        "fuel": 7294,
        "fault": 0.5493,
        "weapon": 1,
        "pilot_injury": 0.0624,
        "pilot_skill": 0.6523,
        "mission_priority": 0.9116,
        "estimated_landing_time": 1134.0,
        "wait_time": 0,
        "Landing_success_rate": 0.9106
    },
    {
        "model": 2,
        "sequence": 16,
        "status": 1,
        "fuel": 6834,
        "fault": 0.7272,
        "weapon": 1,
        "pilot_injury": 0.3132,
        "pilot_skill": 0.5701,
        "mission_priority": 0.6484,
        "estimated_landing_time": 1510.0,
        "wait_time": 0,
        "Landing_success_rate": 0.8773
    },
    {
        "model": 1,
        "sequence": 18,
        "status": 1,
        "fuel": 6817,
        "fault": 0.5364,
        "weapon": 0,
        "pilot_injury": 0.2346,
        "pilot_skill": 0.2624,
        "mission_priority": 0.704,
        "estimated_landing_time": 1698.0,
        "wait_time": 0,
        "Landing_success_rate": 0.8958
    },
    {
        "model": 0,
        "sequence": 9,
        "status": 1,
        "fuel": 6233,
        "fault": 0.9273,
        "weapon": 0,
        "pilot_injury": 0.02,
        "pilot_skill": 0.141,
        "mission_priority": 0.6788,
        "estimated_landing_time": 852.0,
        "wait_time": 0,
        "Landing_success_rate": 0.854
    }
]