[
    {
        "model": 1,
        "sequence": 17,
        "status": 1,
        "fuel": 6156,
        "fault": 0.1616,
        "weapon": 0,
        "pilot_injury": 0.7177,
        "pilot_skill": 0.6113,
        "mission_priority": 0.1785,
        "estimated_landing_time": 1604.0,
        "wait_time": 0,
        "Landing_success_rate": 0.8912
    },
    {
        "model": 2,
        "sequence": 9,
        "status": 1,
        "fuel": 5665,
        "fault": 0.3429,
        "weapon": 0,
        "pilot_injury": 0.4194,
        "pilot_skill": 0.1783,
        "mission_priority": 0.9244,
        "estimated_landing_time": 852.0,
        "wait_time": 0,
        "Landing_success_rate": 0.8581
    },
    {
        "model": 1,
        "sequence": 15,
        "status": 1,
        "fuel": 6162,
        "fault": 0.2063,
        "weapon": 1,
        "pilot_injury": 0.6801,
        "pilot_skill": 0.8973,
        "mission_priority": 0.1362,
        "estimated_landing_time": 1416.0,
        "wait_time": 0,
        "Landing_success_rate": 0.8894
    },
    {
        "model": 0,
        "sequence": 6,
        "status": 1,
        "fuel": 6207,
        "fault": 0.0183,
        "weapon": 0,
        "pilot_injury": 0.799,
        "pilot_skill": 0.0363,
        "mission_priority": 0.984,
        "estimated_landing_time": 570.0,
        "wait_time": 0,
        "Landing_success_rate": 0.9021
    },
    {
        "model": 2,
        "sequence": 12,
        "status": 1,
        "fuel": 6094,
        "fault": 0.6911,
        "weapon": 1,
        "pilot_injury": 0.2927,
        "pilot_skill": 0.1744,
        "mission_priority": 0.7916,
        "estimated_landing_time": 1134.0,
        "wait_time": 0,
        "Landing_success_rate": 0.8638
    },
    {
        "model": 2,
        "sequence": 7,
        "status": 1,
        "fuel": 6976,
        "fault": 0.4912,
        "weapon": 0,
        "pilot_injury": 0.9524,
        "pilot_skill": 0.8238,
        "mission_priority": 0.4811,
        "estimated_landing_time": 664.0,
        "wait_time": 0,
        "Landing_success_rate": 0.9063
    },
    {
        "model": 0,
        "sequence": 14,
        "status": 1,
        "fuel": 6210,
        "fault": 0.3748,
        "weapon": 1,
        "pilot_injury": 0.5587,
        "pilot_skill": 0.058,
        "mission_priority": 0.6963,
        "estimated_landing_time": 1322.0,
        "wait_time": 0,
        "Landing_success_rate": 0.8833
    },
    {
        "model": 2,
        "sequence": 16,
        "status": 1,
        "fuel": 6112,
        "fault": 0.7651,
        "weapon": 1,
        "pilot_injury": 0.8249,
        "pilot_skill": 0.2371,
        "mission_priority": 0.3237,
        "estimated_landing_time": 1510.0,
        "wait_time": 0,
        "Landing_success_rate": 0.8608
    },
    {
        "model": 0,
        "sequence": 10,
        "status": 1,
        "fuel": 5553,
        "fault": 0.4729,
        "weapon": 0,
        "pilot_injury": 0.2874,
        "pilot_skill": 0.5925,
        "mission_priority": 0.2978,
        "estimated_landing_time": 946.0,
        "wait_time": 0,
        "Landing_success_rate": 0.8521
    },
    {
        "model": 2,
        "sequence": 11,
        "status": 1,
        "fuel": 6476,
        "fault": 0.5072,
        "weapon": 0,
        "pilot_injury": 0.1012,
        "pilot_skill": 0.7923,
        "mission_priority": 0.9614,
        "estimated_landing_time": 1040.0,
        "wait_time": 0,
        "Landing_success_rate": 0.8861
    },
    {
        "model": 2,
        "sequence": 5,
        "status": 1,
        "fuel": 5548,
        "fault": 0.2003,
        "weapon": 1,
        "pilot_injury": 0.1468,
        "pilot_skill": 0.551,
        "mission_priority": 0.1447,
        "estimated_landing_time": 476.0,
        "wait_time": 0,
        "Landing_success_rate": 0.8529
    },
    {
        "model": 0,
        "sequence": 3,
        "status": 1,
        "fuel": 6223,
        "fault": 0.8545,
        "weapon": 0,
        "pilot_injury": 0.1957,
        "pilot_skill": 0.7646,
        "mission_priority": 0.0235,
        "estimated_landing_time": 288.0,
        "wait_time": 0,
        "Landing_success_rate": 0.8579
    },
    {
        "model": 0,
        "sequence": 4,
        "status": 1,
        "fuel": 7105,
        "fault": 0.6005,
        "weapon": 1,
        "pilot_injury": 0.3525,
        "pilot_skill": 0.1735,
        "mission_priority": 0.3733,
        "estimated_landing_time": 382.0,
        "wait_time": 0,
        "Landing_success_rate": 0.8981
    },
    {
        "model": 0,
        "sequence": 13,
        "status": 1,
        "fuel": 7130,
        "fault": 0.4239,
        "weapon": 1,
        "pilot_injury": 0.6566,
        "pilot_skill": 0.9189,
        "mission_priority": 0.4006,
        "estimated_landing_time": 1228.0,
        "wait_time": 0,
        "Landing_success_rate": 0.9204
    },
    {
        "model": 0,
        "sequence": 1,
        "status": 1,
        "fuel": 7214,
        "fault": 0.4584,
        "weapon": 1,
        "pilot_injury": 0.854,
        "pilot_skill": 0.5716,
        "mission_priority": 0.455,
        "estimated_landing_time": 100.0,
        "wait_time": 0,
        "Landing_success_rate": 0.9196
    },
    {
        "model": 1,
        "sequence": 18,
        "status": 1,
        "fuel": 7434,
        "fault": 0.7863,
        "weapon": 1,
        "pilot_injury": 0.2785,
        "pilot_skill": 0.9432,
        "mission_priority": 0.8841,
        "estimated_landing_time": 1698.0,
        "wait_time": 0,
        "Landing_success_rate": 0.881
    },
    {
        "model": 1,
        "sequence": 2,
        "status": 1,
        "fuel": 6285,
        "fault": 0.5376,
        "weapon": 1,
        "pilot_injury": 0.2251,
        "pilot_skill": 0.4108,
        "mission_priority": 0.8768,
        "estimated_landing_time": 194.0,
        "wait_time": 0,
        "Landing_success_rate": 0.8772
    },
    {
        "model": 0,
        "sequence": 8,
        "status": 1,
        "fuel": 5758,
        "fault": 0.3465,
        "weapon": 1,
        "pilot_injury": 0.2079,
        "pilot_skill": 0.8003,
        "mission_priority": 0.6245,
        "estimated_landing_time": 758.0,
        "wait_time": 0,
        "Landing_success_rate": 0.8626
    }
]