[
    {
        "model": 1,
        "sequence": 13,
        "status": 1,
        "fuel": 6753,
        "fault": 0.1701,
        "weapon": 1,
        "pilot_injury": 0.8514,
        "pilot_skill": 0.7086,
        "mission_priority": 0.0329,
        "estimated_landing_time": 1228.0,
        "wait_time": 0,
        "Landing_success_rate": 0.928
    },
    {
        "model": 2,
        "sequence": 6,
        "status": 1,
        "fuel": 6634,
        "fault": 0.5978,
        "weapon": 0,
        "pilot_injury": 0.0183,
        "pilot_skill": 0.5453,
        "mission_priority": 0.7278,
        "estimated_landing_time": 570.0,
        "wait_time": 0,
        "Landing_success_rate": 0.8842
    },
    {
        "model": 0,
        "sequence": 18,
        "status": 1,
        "fuel": 6994,
        "fault": 0.9367,
        "weapon": 0,
        "pilot_injury": 0.7257,
        "pilot_skill": 0.692,
        "mission_priority": 0.8215,
        "estimated_landing_time": 1698.0,
        "wait_time": 0,
        "Landing_success_rate": 0.8571
    },
    {
        "model": 0,
        "sequence": 4,
        "status": 1,
        "fuel": 6483,
        "fault": 0.5101,
        "weapon": 0,
        "pilot_injury": 0.4719,
        "pilot_skill": 0.7167,
        "mission_priority": 0.8763,
        "estimated_landing_time": 382.0,
        "wait_time": 0,
        "Landing_success_rate": 0.8861
    },
    {
        "model": 1,
        "sequence": 15,
        "status": 1,
        "fuel": 5891,
        "fault": 0.9676,
        "weapon": 0,
        "pilot_injury": 0.9307,
        "pilot_skill": 0.5785,
        "mission_priority": 0.179,
        "estimated_landing_time": 1416.0,
        "wait_time": 0,
        "Landing_success_rate": 0.851
    },
    {
        "model": 2,
        "sequence": 5,
        "status": 1,
        "fuel": 6713,
        "fault": 0.6295,
        "weapon": 1,
        "pilot_injury": 0.8235,
        "pilot_skill": 0.7457,
        "mission_priority": 0.208,
        "estimated_landing_time": 476.0,
        "wait_time": 0,
        "Landing_success_rate": 0.8837
    },
    {
        "model": 0,
        "sequence": 14,
        "status": 1,
        "fuel": 6124,
        "fault": 0.3107,
        "weapon": 0,
        "pilot_injury": 0.8893,
        "pilot_skill": 0.3298,
        "mission_priority": 0.0621,
        "estimated_landing_time": 1322.0,
        "wait_time": 0,
        "Landing_success_rate": 0.8823
    },
    {
        "model": 1,
        "sequence": 11,
        "status": 1,
        "fuel": 7478,
        "fault": 0.0961,
        "weapon": 0,
        "pilot_injury": 0.7152,
        "pilot_skill": 0.9571,
        "mission_priority": 0.691,
        "estimated_landing_time": 1040.0,
        "wait_time": 0,
        "Landing_success_rate": 0.9841
    },
    {
        "model": 2,
        "sequence": 10,
        "status": 1,
        "fuel": 6030,
        "fault": 0.9317,
        "weapon": 0,
        "pilot_injury": 0.7716,
        "pilot_skill": 0.843,
        "mission_priority": 0.7109,
        "estimated_landing_time": 946.0,
        "wait_time": 0,
        "Landing_success_rate": 0.8527
    },
    {
        "model": 2,
        "sequence": 12,
        "status": 1,
        "fuel": 5815,
        "fault": 0.6663,
        "weapon": 1,
        "pilot_injury": 0.7005,
        "pilot_skill": 0.2531,
        "mission_priority": 0.8096,
        "estimated_landing_time": 1134.0,
        "wait_time": 0,
        "Landing_success_rate": 0.8579
    },
    {
        "model": 2,
        "sequence": 2,
        "status": 1,
        "fuel": 5521,
        "fault": 0.4828,
        "weapon": 0,
        "pilot_injury": 0.7011,
        "pilot_skill": 0.737,
        "mission_priority": 0.6622,
        "estimated_landing_time": 194.0,
        "wait_time": 0,
        "Landing_success_rate": 0.8508
    },
    {
        "model": 2,
        "sequence": 8,
        "status": 1,
        "fuel": 6588,
        "fault": 0.7943,
        "weapon": 1,
        "pilot_injury": 0.4489,
        "pilot_skill": 0.0611,
        "mission_priority": 0.8446,
        "estimated_landing_time": 758.0,
        "wait_time": 0,
        "Landing_success_rate": 0.8668
    },
    {
        "model": 1,
        "sequence": 17,
        "status": 1,
        "fuel": 5859,
        "fault": 0.0849,
        "weapon": 1,
        "pilot_injury": 0.1385,
        "pilot_skill": 0.0308,
        "mission_priority": 0.9344,
        "estimated_landing_time": 1604.0,
        "wait_time": 0,
        "Landing_success_rate": 0.8746
    },
    {
        "model": 0,
        "sequence": 3,
        "status": 1,
        "fuel": 6968,
        "fault": 0.5726,
        "weapon": 1,
        "pilot_injury": 0.8232,
        "pilot_skill": 0.7087,
        "mission_priority": 0.1313,
        "estimated_landing_time": 288.0,
        "wait_time": 0,
        "Landing_success_rate": 0.8971
    },
    {
        "model": 2,
        "sequence": 1,
        "status": 1,
        "fuel": 6243,
        "fault": 0.0589,
        "weapon": 0,
        "pilot_injury": 0.4255,
        "pilot_skill": 0.4135,
        "mission_priority": 0.4429,
        "estimated_landing_time": 100.0,
        "wait_time": 0,
        "Landing_success_rate": 0.9024
    },
    {
        "model": 2,
        "sequence": 9,
        "status": 1,
        "fuel": 6854,
        "fault": 0.2448,
        "weapon": 1,
        "pilot_injury": 0.8692,
        "pilot_skill": 0.9979,
        "mission_priority": 0.5852,
        "estimated_landing_time": 852.0,
        "wait_time": 0,
        "Landing_success_rate": 0.9267
    },
    {
        "model": 0,
        "sequence": 16,
        "status": 1,
        "fuel": 5584,
        "fault": 0.7371,
        "weapon": 0,
        "pilot_injury": 0.6675,
        "pilot_skill": 0.6497,
        "mission_priority": 0.9012,
        "estimated_landing_time": 1510.0,
        "wait_time": 0,
        "Landing_success_rate": 0.8517
    },
    {
        "model": 2,
        "sequence": 7,
        "status": 1,
        "fuel": 6776,
        "fault": 0.6984,
        "weapon": 1,
        "pilot_injury": 0.8688,
        "pilot_skill": 0.8687,
        "mission_priority": 0.0637,
        "estimated_landing_time": 664.0,
        "wait_time": 0,
        "Landing_success_rate": 0.8789
    }
]