[
    {
        "model": 0,
        "sequence": 8,
        "status": 1,
        "fuel": 6311,
        "fault": 0.7315,
        "weapon": 0,
        "pilot_injury": 0.1925,
        "pilot_skill": 0.4566,
        "mission_priority": 0.021,
        "estimated_landing_time": 758.0,
        "wait_time": 0,
        "Landing_success_rate": 0.8663
    },
    {
        "model": 0,
        "sequence": 11,
        "status": 1,
        "fuel": 7198,
        "fault": 0.4192,
        "weapon": 1,
        "pilot_injury": 0.7622,
        "pilot_skill": 0.7897,
        "mission_priority": 0.9215,
        "estimated_landing_time": 1040.0,
        "wait_time": 0,
        "Landing_success_rate": 0.924
    },
    {
        "model": 0,
        "sequence": 7,
        "status": 1,
        "fuel": 6118,
        "fault": 0.1631,
        "weapon": 1,
        "pilot_injury": 0.318,
        "pilot_skill": 0.5264,
        "mission_priority": 0.7808,
        "estimated_landing_time": 664.0,
        "wait_time": 0,
        "Landing_success_rate": 0.8888
    },
    {
        "model": 2,
        "sequence": 6,
        "status": 1,
        "fuel": 7321,
        "fault": 0.0876,
        "weapon": 1,
        "pilot_injury": 0.6943,
        "pilot_skill": 0.9413,
        "mission_priority": 0.6257,
        "estimated_landing_time": 570.0,
        "wait_time": 0,
        "Landing_success_rate": 0.9746
    },
    {
        "model": 1,
        "sequence": 18,
        "status": 1,
        "fuel": 6684,
        "fault": 0.5726,
        "weapon": 0,
        "pilot_injury": 0.1049,
        "pilot_skill": 0.8721,
        "mission_priority": 0.5167,
        "estimated_landing_time": 1698.0,
        "wait_time": 0,
        "Landing_success_rate": 0.888
    },
    {
        "model": 1,
        "sequence": 1,
        "status": 1,
        "fuel": 6853,
        "fault": 0.588,
        "weapon": 1,
        "pilot_injury": 0.3808,
        "pilot_skill": 0.9032,
        "mission_priority": 0.021,
        "estimated_landing_time": 100.0,
        "wait_time": 0,
        "Landing_success_rate": 0.8918
    },
    {
        "model": 2,
        "sequence": 9,
        "status": 1,
        "fuel": 6173,
        "fault": 0.3369,
        "weapon": 0,
        "pilot_injury": 0.3948,
        "pilot_skill": 0.4282,
        "mission_priority": 0.5786,
        "estimated_landing_time": 852.0,
        "wait_time": 0,
        "Landing_success_rate": 0.8835
    },
    {
        "model": 1,
        "sequence": 14,
        "status": 1,
        "fuel": 7477,
        "fault": 0.1191,
        "weapon": 1,
        "pilot_injury": 0.0186,
        "pilot_skill": 0.6098,
        "mission_priority": 0.9208,
        "estimated_landing_time": 1322.0,
        "wait_time": 0,
        "Landing_success_rate": 0.9806
    },
    {
        "model": 0,
        "sequence": 17,
        "status": 1,
        "fuel": 7041,
        "fault": 0.2756,
        "weapon": 1,
        "pilot_injury": 0.3702,
        "pilot_skill": 0.8087,
        "mission_priority": 0.2693,
        "estimated_landing_time": 1604.0,
        "wait_time": 0,
        "Landing_success_rate": 0.9337
    },
    {
        "model": 1,
        "sequence": 10,
        "status": 1,
        "fuel": 5830,
        "fault": 0.1147,
        "weapon": 0,
        "pilot_injury": 0.941,
        "pilot_skill": 0.5607,
        "mission_priority": 0.6588,
        "estimated_landing_time": 946.0,
        "wait_time": 0,
        "Landing_success_rate": 0.8719
    },
    {
        "model": 1,
        "sequence": 15,
        "status": 1,
        "fuel": 7182,
        "fault": 0.3242,
        "weapon": 0,
        "pilot_injury": 0.1666,
        "pilot_skill": 0.0489,
        "mission_priority": 0.3955,
        "estimated_landing_time": 1416.0,
        "wait_time": 0,
        "Landing_success_rate": 0.9353
    },
    {
        "model": 1,
        "sequence": 5,
        "status": 1,
        "fuel": 6904,
        "fault": 0.1339,
        "weapon": 1,
        "pilot_injury": 0.5172,
        "pilot_skill": 0.5721,
        "mission_priority": 0.1299,
        "estimated_landing_time": 476.0,
        "wait_time": 0,
        "Landing_success_rate": 0.9412
    },
    {
        "model": 0,
        "sequence": 2,
        "status": 1,
        "fuel": 7363,
        "fault": 0.0583,
        "weapon": 1,
        "pilot_injury": 0.6565,
        "pilot_skill": 0.4662,
        "mission_priority": 0.9645,
        "estimated_landing_time": 194.0,
        "wait_time": 0,
        "Landing_success_rate": 0.9816
    },
    {
        "model": 1,
        "sequence": 4,
        "status": 1,
        "fuel": 6848,
        "fault": 0.1046,
        "weapon": 0,
        "pilot_injury": 0.3718,
        "pilot_skill": 0.618,
        "mission_priority": 0.5754,
        "estimated_landing_time": 382.0,
        "wait_time": 0,
        "Landing_success_rate": 0.9405
    },
    {
        "model": 1,
        "sequence": 16,
        "status": 1,
        "fuel": 6242,
        "fault": 0.8894,
        "weapon": 1,
        "pilot_injury": 0.407,
        "pilot_skill": 0.5739,
        "mission_priority": 0.4281,
        "estimated_landing_time": 1510.0,
        "wait_time": 0,
        "Landing_success_rate": 0.8562
    },
    {
        "model": 1,
        "sequence": 3,
        "status": 1,
        "fuel": 7037,
        "fault": 0.9652,
        "weapon": 0,
        "pilot_injury": 0.5315,
        "pilot_skill": 0.0677,
        "mission_priority": 0.3683,
        "estimated_landing_time": 288.0,
        "wait_time": 0,
        "Landing_success_rate": 0.854
    },
    {
        "model": 2,
        "sequence": 12,
        "status": 1,
        "fuel": 5556,
        "fault": 0.7036,
        "weapon": 0,
        "pilot_injury": 0.3232,
        "pilot_skill": 0.9382,
        "mission_priority": 0.0766,
        "estimated_landing_time": 1134.0,
        "wait_time": 0,
        "Landing_success_rate": 0.8512
    },
    {
        "model": 2,
        "sequence": 13,
        "status": 1,
        "fuel": 6098,
        "fault": 0.0312,
        "weapon": 0,
        "pilot_injury": 0.0091,
        "pilot_skill": 0.4338,
        "mission_priority": 0.359,
        "estimated_landing_time": 1228.0,
        "wait_time": 0,
        "Landing_success_rate": 0.8935
    }
]