[
    {
        "model": 1,
        "sequence": 9,
        "status": 1,
        "fuel": 6397,
        "fault": 0.9579,
        "weapon": 1,
        "pilot_injury": 0.1908,
        "pilot_skill": 0.8072,
        "mission_priority": 0.6575,
        "estimated_landing_time": 852.0,
        "wait_time": 0,
        "Landing_success_rate": 0.8528
    },
    {
        "model": 1,
        "sequence": 18,
        "status": 1,
        "fuel": 6378,
        "fault": 0.6248,
        "weapon": 1,
        "pilot_injury": 0.1318,
        "pilot_skill": 0.383,
        "mission_priority": 0.2036,
        "estimated_landing_time": 1698.0,
        "wait_time": 0,
        "Landing_success_rate": 0.8747
    },
    {
        "model": 1,
        "sequence": 5,
        "status": 1,
        "fuel": 6747,
        "fault": 0.1729,
        "weapon": 1,
        "pilot_injury": 0.012,
        "pilot_skill": 0.5409,
        "mission_priority": 0.5737,
        "estimated_landing_time": 476.0,
        "wait_time": 0,
        "Landing_success_rate": 0.9274
    },
    {
        "model": 2,
        "sequence": 12,
        "status": 1,
        "fuel": 7104,
        "fault": 0.6686,
        "weapon": 0,
        "pilot_injury": 0.5437,
        "pilot_skill": 0.4717,
        "mission_priority": 0.2689,
        "estimated_landing_time": 1134.0,
        "wait_time": 0,
        "Landing_success_rate": 0.8899
    },
    {
        "model": 0,
        "sequence": 8,
        "status": 1,
        "fuel": 6718,
        "fault": 0.9665,
        "weapon": 0,
        "pilot_injury": 0.0526,
        "pilot_skill": 0.5505,
        "mission_priority": 0.3073,
        "estimated_landing_time": 758.0,
        "wait_time": 0,
        "Landing_success_rate": 0.8531
    },
    {
        "model": 1,
        "sequence": 6,
        "status": 1,
        "fuel": 6173,
        "fault": 0.9881,
        "weapon": 0,
        "pilot_injury": 0.9326,
        "pilot_skill": 0.8945,
        "mission_priority": 0.19,
        "estimated_landing_time": 570.0,
        "wait_time": 0,
        "Landing_success_rate": 0.8506
    },
    {
        "model": 2,
        "sequence": 17,
        "status": 1,
        "fuel": 7282,
        "fault": 0.3983,
        "weapon": 0,
        "pilot_injury": 0.0957,
        "pilot_skill": 0.3546,
        "mission_priority": 0.2511,
        "estimated_landing_time": 1604.0,
        "wait_time": 0,
        "Landing_success_rate": 0.9304
    },
    {
        "model": 2,
        "sequence": 3,
        "status": 1,
        "fuel": 7008,
        "fault": 0.2743,
        "weapon": 1,
        "pilot_injury": 0.5798,
        "pilot_skill": 0.5203,
        "mission_priority": 0.9307,
        "estimated_landing_time": 288.0,
        "wait_time": 0,
        "Landing_success_rate": 0.9321
    },
    {
        "model": 1,
        "sequence": 14,
        "status": 1,
        "fuel": 7129,
        "fault": 0.5555,
        "weapon": 1,
        "pilot_injury": 0.1254,
        "pilot_skill": 0.1606,
        "mission_priority": 0.6767,
        "estimated_landing_time": 1322.0,
        "wait_time": 0,
        "Landing_success_rate": 0.9043
    },
    {
        "model": 1,
        "sequence": 11,
        "status": 1,
        "fuel": 6306,
        "fault": 0.3114,
        "weapon": 0,
        "pilot_injury": 0.062,
        "pilot_skill": 0.8881,
        "mission_priority": 0.8689,
        "estimated_landing_time": 1040.0,
        "wait_time": 0,
        "Landing_success_rate": 0.8916
    },
    {
        "model": 1,
        "sequence": 10,
        "status": 1,
        "fuel": 6377,
        "fault": 0.4308,
        "weapon": 0,
        "pilot_injury": 0.5937,
        "pilot_skill": 0.8059,
        "mission_priority": 0.4274,
        "estimated_landing_time": 946.0,
        "wait_time": 0,
        "Landing_success_rate": 0.8874
    },
    {
        "model": 0,
        "sequence": 13,
        "status": 1,
        "fuel": 6567,
        "fault": 0.8552,
        "weapon": 0,
        "pilot_injury": 0.4573,
        "pilot_skill": 0.5509,
        "mission_priority": 0.1056,
        "estimated_landing_time": 1228.0,
        "wait_time": 0,
        "Landing_success_rate": 0.8616
    },
    {
        "model": 0,
        "sequence": 7,
        "status": 1,
        "fuel": 6307,
        "fault": 0.5935,
        "weapon": 0,
        "pilot_injury": 0.1986,
        "pilot_skill": 0.5268,
        "mission_priority": 0.5372,
        "estimated_landing_time": 664.0,
        "wait_time": 0,
        "Landing_success_rate": 0.8746
    },
    {
        "model": 2,
        "sequence": 1,
        "status": 1,
        "fuel": 7434,
        "fault": 0.1593,
        "weapon": 1,
        "pilot_injury": 0.5167,
        "pilot_skill": 0.6097,
        "mission_priority": 0.7237,
        "estimated_landing_time": 100.0,
        "wait_time": 0,
        "Landing_success_rate": 0.9719
    },
    {
        "model": 1,
        "sequence": 16,
        "status": 1,
        "fuel": 6418,
        "fault": 0.2749,
        "weapon": 0,
        "pilot_injury": 0.8842,
        "pilot_skill": 0.0174,
        "mission_priority": 0.4052,
        "estimated_landing_time": 1510.0,
        "wait_time": 0,
        "Landing_success_rate": 0.8999
    },
    {
        "model": 1,
        "sequence": 4,
        "status": 1,
        "fuel": 7008,
        "fault": 0.9779,
        "weapon": 0,
        "pilot_injury": 0.4587,
        "pilot_skill": 0.9815,
        "mission_priority": 0.1993,
        "estimated_landing_time": 382.0,
        "wait_time": 0,
        "Landing_success_rate": 0.8525
    },
    {
        "model": 0,
        "sequence": 2,
        "status": 1,
        "fuel": 5609,
        "fault": 0.2246,
        "weapon": 0,
        "pilot_injury": 0.8685,
        "pilot_skill": 0.4721,
        "mission_priority": 0.5142,
        "estimated_landing_time": 194.0,
        "wait_time": 0,
        "Landing_success_rate": 0.8563
    },
    {
        "model": 1,
        "sequence": 15,
        "status": 1,
        "fuel": 6228,
        "fault": 0.7386,
        "weapon": 1,
        "pilot_injury": 0.659,
        "pilot_skill": 0.736,
        "mission_priority": 0.9365,
        "estimated_landing_time": 1416.0,
        "wait_time": 0,
        "Landing_success_rate": 0.8643
    }
]