[
    {
        "model": 2,
        "sequence": 15,
        "status": 1,
        "fuel": 6585,
        "fault": 0.507,
        "weapon": 1,
        "pilot_injury": 0.2477,
        "pilot_skill": 0.7714,
        "mission_priority": 0.6269,
        "estimated_landing_time": 1416.0,
        "wait_time": 0,
        "Landing_success_rate": 0.8901
    },
    {
        "model": 1,
        "sequence": 13,
        "status": 1,
        "fuel": 6001,
        "fault": 0.5281,
        "weapon": 0,
        "pilot_injury": 0.4915,
        "pilot_skill": 0.196,
        "mission_priority": 0.9957,
        "estimated_landing_time": 1228.0,
        "wait_time": 0,
        "Landing_success_rate": 0.8677
    },
    {
        "model": 2,
        "sequence": 1,
        "status": 1,
        "fuel": 6509,
        "fault": 0.4373,
        "weapon": 0,
        "pilot_injury": 0.5411,
        "pilot_skill": 0.3165,
        "mission_priority": 0.7755,
        "estimated_landing_time": 100.0,
        "wait_time": 0,
        "Landing_success_rate": 0.8926
    },
    {
        "model": 0,
        "sequence": 4,
        "status": 1,
        "fuel": 6385,
        "fault": 0.2506,
        "weapon": 1,
        "pilot_injury": 0.8056,
        "pilot_skill": 0.4984,
        "mission_priority": 0.3966,
        "estimated_landing_time": 382.0,
        "wait_time": 0,
        "Landing_success_rate": 0.8997
    },
    {
        "model": 0,
        "sequence": 17,
        "status": 1,
        "fuel": 6039,
        "fault": 0.8942,
        "weapon": 0,
        "pilot_injury": 0.4674,
        "pilot_skill": 0.6724,
        "mission_priority": 0.2612,
        "estimated_landing_time": 1604.0,
        "wait_time": 0,
        "Landing_success_rate": 0.8543
    },
    {
        "model": 1,
        "sequence": 10,
        "status": 1,
        "fuel": 5552,
        "fault": 0.1878,
        "weapon": 1,
        "pilot_injury": 0.6785,
        "pilot_skill": 0.8266,
        "mission_priority": 0.2711,
        "estimated_landing_time": 946.0,
        "wait_time": 0,
        "Landing_success_rate": 0.8532
    },
    {
        "model": 2,
        "sequence": 8,
        "status": 1,
        "fuel": 6895,
        "fault": 0.8011,
        "weapon": 0,
        "pilot_injury": 0.3187,
        "pilot_skill": 0.1605,
        "mission_priority": 0.5109,
        "estimated_landing_time": 758.0,
        "wait_time": 0,
        "Landing_success_rate": 0.8708
    },
    {
        "model": 1,
        "sequence": 9,
        "status": 1,
        "fuel": 7094,
        "fault": 0.3991,
        "weapon": 0,
        "pilot_injury": 0.8886,
        "pilot_skill": 0.9907,
        "mission_priority": 0.5686,
        "estimated_landing_time": 852.0,
        "wait_time": 0,
        "Landing_success_rate": 0.9218
    },
    {
        "model": 1,
        "sequence": 11,
        "status": 1,
        "fuel": 7388,
        "fault": 0.7855,
        "weapon": 1,
        "pilot_injury": 0.701,
        "pilot_skill": 0.0442,
        "mission_priority": 0.1576,
        "estimated_landing_time": 1040.0,
        "wait_time": 0,
        "Landing_success_rate": 0.8804
    },
    {
        "model": 2,
        "sequence": 5,
        "status": 1,
        "fuel": 5737,
        "fault": 0.9489,
        "weapon": 0,
        "pilot_injury": 0.306,
        "pilot_skill": 0.3924,
        "mission_priority": 0.241,
        "estimated_landing_time": 476.0,
        "wait_time": 0,
        "Landing_success_rate": 0.8509
    },
    {
        "model": 0,
        "sequence": 18,
        "status": 1,
        "fuel": 7090,
        "fault": 0.0844,
        "weapon": 0,
        "pilot_injury": 0.2733,
        "pilot_skill": 0.796,
        "mission_priority": 0.0081,
        "estimated_landing_time": 1698.0,
        "wait_time": 0,
        "Landing_success_rate": 0.9592
    },
    {
        "model": 1,
        "sequence": 14,
        "status": 1,
        "fuel": 6077,
        "fault": 0.6024,
        "weapon": 1,
        "pilot_injury": 0.7161,
        "pilot_skill": 0.7336,
        "mission_priority": 0.9336,
        "estimated_landing_time": 1322.0,
        "wait_time": 0,
        "Landing_success_rate": 0.8672
    },
    {
        "model": 1,
        "sequence": 7,
        "status": 1,
        "fuel": 6018,
        "fault": 0.9031,
        "weapon": 0,
        "pilot_injury": 0.7735,
        "pilot_skill": 0.7266,
        "mission_priority": 0.3611,
        "estimated_landing_time": 664.0,
        "wait_time": 0,
        "Landing_success_rate": 0.8538
    },
    {
        "model": 0,
        "sequence": 3,
        "status": 1,
        "fuel": 6208,
        "fault": 0.0847,
        "weapon": 0,
        "pilot_injury": 0.6203,
        "pilot_skill": 0.705,
        "mission_priority": 0.0824,
        "estimated_landing_time": 288.0,
        "wait_time": 0,
        "Landing_success_rate": 0.8986
    },
    {
        "model": 2,
        "sequence": 2,
        "status": 1,
        "fuel": 7188,
        "fault": 0.6214,
        "weapon": 0,
        "pilot_injury": 0.2606,
        "pilot_skill": 0.1726,
        "mission_priority": 0.1389,
        "estimated_landing_time": 194.0,
        "wait_time": 0,
        "Landing_success_rate": 0.8979
    },
    {
        "model": 2,
        "sequence": 16,
        "status": 1,
        "fuel": 6862,
        "fault": 0.4856,
        "weapon": 0,
        "pilot_injury": 0.063,
        "pilot_skill": 0.9465,
        "mission_priority": 0.7652,
        "estimated_landing_time": 1510.0,
        "wait_time": 0,
        "Landing_success_rate": 0.9025
    },
    {
        "model": 2,
        "sequence": 6,
        "status": 1,
        "fuel": 6029,
        "fault": 0.5017,
        "weapon": 1,
        "pilot_injury": 0.6038,
        "pilot_skill": 0.5297,
        "mission_priority": 0.9825,
        "estimated_landing_time": 570.0,
        "wait_time": 0,
        "Landing_success_rate": 0.8698
    },
    {
        "model": 0,
        "sequence": 12,
        "status": 1,
        "fuel": 6234,
        "fault": 0.2699,
        "weapon": 1,
        "pilot_injury": 0.8508,
        "pilot_skill": 0.1551,
        "mission_priority": 0.0152,
        "estimated_landing_time": 1134.0,
        "wait_time": 0,
        "Landing_success_rate": 0.8902
    }
]