[
    {
        "model": 0,
        "sequence": 15,
        "status": 1,
        "fuel": 7485,
        "fault": 0.0072,
        "weapon": 0,
        "pilot_injury": 0.8536,
        "pilot_skill": 0.0773,
        "mission_priority": 0.3433,
        "estimated_landing_time": 1416.0,
        "wait_time": 0,
        "Landing_success_rate": 0.9978
    },
    {
        "model": 2,
        "sequence": 14,
        "status": 1,
        "fuel": 6254,
        "fault": 0.5403,
        "weapon": 0,
        "pilot_injury": 0.1907,
        "pilot_skill": 0.5527,
        "mission_priority": 0.4074,
        "estimated_landing_time": 1322.0,
        "wait_time": 0,
        "Landing_success_rate": 0.876
    },
    {
        "model": 0,
        "sequence": 5,
        "status": 1,
        "fuel": 6642,
        "fault": 0.4598,
        "weapon": 0,
        "pilot_injury": 0.4076,
        "pilot_skill": 0.0265,
        "mission_priority": 0.0581,
        "estimated_landing_time": 476.0,
        "wait_time": 0,
        "Landing_success_rate": 0.8963
    },
    {
        "model": 1,
        "sequence": 16,
        "status": 1,
        "fuel": 7354,
        "fault": 0.8894,
        "weapon": 0,
        "pilot_injury": 0.6884,
        "pilot_skill": 0.3644,
        "mission_priority": 0.9386,
        "estimated_landing_time": 1510.0,
        "wait_time": 0,
        "Landing_success_rate": 0.8654
    },
    {
        "model": 2,
        "sequence": 7,
        "status": 1,
        "fuel": 7173,
        "fault": 0.3647,
        "weapon": 1,
        "pilot_injury": 0.7659,
        "pilot_skill": 0.3791,
        "mission_priority": 0.4787,
        "estimated_landing_time": 664.0,
        "wait_time": 0,
        "Landing_success_rate": 0.9297
    },
    {
        "model": 2,
        "sequence": 10,
        "status": 1,
        "fuel": 6340,
        "fault": 0.867,
        "weapon": 1,
        "pilot_injury": 0.7781,
        "pilot_skill": 0.894,
        "mission_priority": 0.7245,
        "estimated_landing_time": 946.0,
        "wait_time": 0,
        "Landing_success_rate": 0.8584
    },
    {
        "model": 1,
        "sequence": 1,
        "status": 1,
        "fuel": 7430,
        "fault": 0.6906,
        "weapon": 1,
        "pilot_injury": 0.0569,
        "pilot_skill": 0.3743,
        "mission_priority": 0.4638,
        "estimated_landing_time": 100.0,
        "wait_time": 0,
        "Landing_success_rate": 0.8948
    },
    {
        "model": 0,
        "sequence": 8,
        "status": 1,
        "fuel": 6573,
        "fault": 0.9914,
        "weapon": 0,
        "pilot_injury": 0.9897,
        "pilot_skill": 0.3639,
        "mission_priority": 0.8481,
        "estimated_landing_time": 758.0,
        "wait_time": 0,
        "Landing_success_rate": 0.8507
    },
    {
        "model": 0,
        "sequence": 18,
        "status": 1,
        "fuel": 6494,
        "fault": 0.7901,
        "weapon": 0,
        "pilot_injury": 0.7976,
        "pilot_skill": 0.7098,
        "mission_priority": 0.5274,
        "estimated_landing_time": 1698.0,
        "wait_time": 0,
        "Landing_success_rate": 0.8656
    },
    {
        "model": 2,
        "sequence": 9,
        "status": 1,
        "fuel": 5585,
        "fault": 0.8542,
        "weapon": 0,
        "pilot_injury": 0.6558,
        "pilot_skill": 0.9112,
        "mission_priority": 0.0932,
        "estimated_landing_time": 852.0,
        "wait_time": 0,
        "Landing_success_rate": 0.8509
    },
    {
        "model": 0,
        "sequence": 11,
        "status": 1,
        "fuel": 6653,
        "fault": 0.2081,
        "weapon": 1,
        "pilot_injury": 0.2843,
        "pilot_skill": 0.6539,
        "mission_priority": 0.5348,
        "estimated_landing_time": 1040.0,
        "wait_time": 0,
        "Landing_success_rate": 0.9185
    },
    {
        "model": 0,
        "sequence": 13,
        "status": 1,
        "fuel": 6801,
        "fault": 0.2873,
        "weapon": 1,
        "pilot_injury": 0.3,
        "pilot_skill": 0.0485,
        "mission_priority": 0.7443,
        "estimated_landing_time": 1228.0,
        "wait_time": 0,
        "Landing_success_rate": 0.9195
    },
    {
        "model": 1,
        "sequence": 12,
        "status": 1,
        "fuel": 6302,
        "fault": 0.3714,
        "weapon": 0,
        "pilot_injury": 0.6436,
        "pilot_skill": 0.2437,
        "mission_priority": 0.0223,
        "estimated_landing_time": 1134.0,
        "wait_time": 0,
        "Landing_success_rate": 0.8878
    },
    {
        "model": 1,
        "sequence": 6,
        "status": 1,
        "fuel": 5731,
        "fault": 0.1686,
        "weapon": 0,
        "pilot_injury": 0.3068,
        "pilot_skill": 0.1019,
        "mission_priority": 0.0627,
        "estimated_landing_time": 570.0,
        "wait_time": 0,
        "Landing_success_rate": 0.8644
    },
    {
        "model": 1,
        "sequence": 4,
        "status": 1,
        "fuel": 6588,
        "fault": 0.7742,
        "weapon": 0,
        "pilot_injury": 0.9187,
        "pilot_skill": 0.8968,
        "mission_priority": 0.92,
        "estimated_landing_time": 382.0,
        "wait_time": 0,
        "Landing_success_rate": 0.8684
    },
    {
        "model": 2,
        "sequence": 3,
        "status": 1,
        "fuel": 5543,
        "fault": 0.2028,
        "weapon": 1,
        "pilot_injury": 0.2194,
        "pilot_skill": 0.798,
        "mission_priority": 0.2137,
        "estimated_landing_time": 288.0,
        "wait_time": 0,
        "Landing_success_rate": 0.8526
    },
    {
        "model": 1,
        "sequence": 2,
        "status": 1,
        "fuel": 6065,
        "fault": 0.5913,
        "weapon": 1,
        "pilot_injury": 0.515,
        "pilot_skill": 0.3218,
        "mission_priority": 0.1542,
        "estimated_landing_time": 194.0,
        "wait_time": 0,
        "Landing_success_rate": 0.8673
    },
    {
        "model": 1,
        "sequence": 17,
        "status": 1,
        "fuel": 6584,
        "fault": 0.7344,
        "weapon": 0,
        "pilot_injury": 0.5706,
        "pilot_skill": 0.8783,
        "mission_priority": 0.1959,
        "estimated_landing_time": 1604.0,
        "wait_time": 0,
        "Landing_success_rate": 0.8716
    }
]