[
    {
        "model": 1,
        "sequence": 15,
        "status": 1,
        "fuel": 6558,
        "fault": 0.1568,
        "weapon": 1,
        "pilot_injury": 0.7262,
        "pilot_skill": 0.6823,
        "mission_priority": 0.1354,
        "estimated_landing_time": 1416.0,
        "wait_time": 0,
        "Landing_success_rate": 0.9169
    },
    {
        "model": 2,
        "sequence": 14,
        "status": 1,
        "fuel": 6955,
        "fault": 0.8859,
        "weapon": 1,
        "pilot_injury": 0.7213,
        "pilot_skill": 0.378,
        "mission_priority": 0.0774,
        "estimated_landing_time": 1322.0,
        "wait_time": 0,
        "Landing_success_rate": 0.8625
    },
    {
        "model": 0,
        "sequence": 11,
        "status": 1,
        "fuel": 6272,
        "fault": 0.9857,
        "weapon": 1,
        "pilot_injury": 0.0092,
        "pilot_skill": 0.2301,
        "mission_priority": 0.4195,
        "estimated_landing_time": 1040.0,
        "wait_time": 0,
        "Landing_success_rate": 0.8508
    },
    {
        "model": 0,
        "sequence": 9,
        "status": 1,
        "fuel": 6157,
        "fault": 0.1636,
        "weapon": 1,
        "pilot_injury": 0.8964,
        "pilot_skill": 0.5855,
        "mission_priority": 0.9345,
        "estimated_landing_time": 852.0,
        "wait_time": 0,
        "Landing_success_rate": 0.8912
    },
    {
        "model": 0,
        "sequence": 3,
        "status": 1,
        "fuel": 5541,
        "fault": 0.9863,
        "weapon": 0,
        "pilot_injury": 0.2047,
        "pilot_skill": 0.6183,
        "mission_priority": 0.1296,
        "estimated_landing_time": 288.0,
        "wait_time": 0,
        "Landing_success_rate": 0.85
    },
    {
        "model": 0,
        "sequence": 18,
        "status": 1,
        "fuel": 6335,
        "fault": 0.663,
        "weapon": 0,
        "pilot_injury": 0.5549,
        "pilot_skill": 0.9269,
        "mission_priority": 0.3338,
        "estimated_landing_time": 1698.0,
        "wait_time": 0,
        "Landing_success_rate": 0.8711
    },
    {
        "model": 2,
        "sequence": 2,
        "status": 1,
        "fuel": 5923,
        "fault": 0.4729,
        "weapon": 1,
        "pilot_injury": 0.706,
        "pilot_skill": 0.5658,
        "mission_priority": 0.9254,
        "estimated_landing_time": 194.0,
        "wait_time": 0,
        "Landing_success_rate": 0.8667
    },
    {
        "model": 1,
        "sequence": 1,
        "status": 1,
        "fuel": 6392,
        "fault": 0.9483,
        "weapon": 0,
        "pilot_injury": 0.3303,
        "pilot_skill": 0.1802,
        "mission_priority": 0.5104,
        "estimated_landing_time": 100.0,
        "wait_time": 0,
        "Landing_success_rate": 0.8535
    },
    {
        "model": 2,
        "sequence": 10,
        "status": 1,
        "fuel": 6578,
        "fault": 0.6077,
        "weapon": 0,
        "pilot_injury": 0.2019,
        "pilot_skill": 0.4082,
        "mission_priority": 0.4088,
        "estimated_landing_time": 946.0,
        "wait_time": 0,
        "Landing_success_rate": 0.8817
    },
    {
        "model": 0,
        "sequence": 8,
        "status": 1,
        "fuel": 6929,
        "fault": 0.0077,
        "weapon": 0,
        "pilot_injury": 0.0044,
        "pilot_skill": 0.9702,
        "mission_priority": 0.9435,
        "estimated_landing_time": 758.0,
        "wait_time": 0,
        "Landing_success_rate": 0.9563
    },
    {
        "model": 2,
        "sequence": 4,
        "status": 1,
        "fuel": 6253,
        "fault": 0.0394,
        "weapon": 0,
        "pilot_injury": 0.6737,
        "pilot_skill": 0.0689,
        "mission_priority": 0.1177,
        "estimated_landing_time": 382.0,
        "wait_time": 0,
        "Landing_success_rate": 0.9042
    },
    {
        "model": 2,
        "sequence": 17,
        "status": 1,
        "fuel": 6934,
        "fault": 0.0603,
        "weapon": 1,
        "pilot_injury": 0.8432,
        "pilot_skill": 0.8983,
        "mission_priority": 0.4479,
        "estimated_landing_time": 1604.0,
        "wait_time": 0,
        "Landing_success_rate": 0.9511
    },
    {
        "model": 0,
        "sequence": 12,
        "status": 1,
        "fuel": 6081,
        "fault": 0.9697,
        "weapon": 1,
        "pilot_injury": 0.0666,
        "pilot_skill": 0.1887,
        "mission_priority": 0.4105,
        "estimated_landing_time": 1134.0,
        "wait_time": 0,
        "Landing_success_rate": 0.8513
    },
    {
        "model": 1,
        "sequence": 13,
        "status": 1,
        "fuel": 6878,
        "fault": 0.3642,
        "weapon": 1,
        "pilot_injury": 0.4458,
        "pilot_skill": 0.3402,
        "mission_priority": 0.4677,
        "estimated_landing_time": 1228.0,
        "wait_time": 0,
        "Landing_success_rate": 0.9157
    },
    {
        "model": 2,
        "sequence": 6,
        "status": 1,
        "fuel": 7484,
        "fault": 0.487,
        "weapon": 0,
        "pilot_injury": 0.9372,
        "pilot_skill": 0.1079,
        "mission_priority": 0.0993,
        "estimated_landing_time": 570.0,
        "wait_time": 0,
        "Landing_success_rate": 0.9263
    },
    {
        "model": 2,
        "sequence": 7,
        "status": 1,
        "fuel": 5578,
        "fault": 0.6551,
        "weapon": 1,
        "pilot_injury": 0.7664,
        "pilot_skill": 0.2154,
        "mission_priority": 0.8289,
        "estimated_landing_time": 664.0,
        "wait_time": 0,
        "Landing_success_rate": 0.852
    },
    {
        "model": 0,
        "sequence": 5,
        "status": 1,
        "fuel": 7125,
        "fault": 0.9196,
        "weapon": 1,
        "pilot_injury": 0.1059,
        "pilot_skill": 0.8953,
        "mission_priority": 0.7925,
        "estimated_landing_time": 476.0,
        "wait_time": 0,
        "Landing_success_rate": 0.8598
    },
    {
        "model": 1,
        "sequence": 16,
        "status": 1,
        "fuel": 7218,
        "fault": 0.1695,
        "weapon": 0,
        "pilot_injury": 0.799,
        "pilot_skill": 0.138,
        "mission_priority": 0.2224,
        "estimated_landing_time": 1510.0,
        "wait_time": 0,
        "Landing_success_rate": 0.957
    }
]