[
    {
        "model": 1,
        "sequence": 13,
        "status": 1,
        "fuel": 7496,
        "fault": 0.87,
        "weapon": 0,
        "pilot_injury": 0.0878,
        "pilot_skill": 0.8615,
        "mission_priority": 0.793,
        "estimated_landing_time": 1228.0,
        "wait_time": 0,
        "Landing_success_rate": 0.8695
    },
    {
        "model": 2,
        "sequence": 12,
        "status": 1,
        "fuel": 7191,
        "fault": 0.0121,
        "weapon": 1,
        "pilot_injury": 0.0465,
        "pilot_skill": 0.0157,
        "mission_priority": 0.477,
        "estimated_landing_time": 1134.0,
        "wait_time": 0,
        "Landing_success_rate": 0.9753
    },
    {
        "model": 1,
        "sequence": 3,
        "status": 1,
        "fuel": 5827,
        "fault": 0.1526,
        "weapon": 1,
        "pilot_injury": 0.8468,
        "pilot_skill": 0.571,
        "mission_priority": 0.6336,
        "estimated_landing_time": 288.0,
        "wait_time": 0,
        "Landing_success_rate": 0.8708
    },
    {
        "model": 0,
        "sequence": 1,
        "status": 1,
        "fuel": 6825,
        "fault": 0.8312,
        "weapon": 0,
        "pilot_injury": 0.868,
        "pilot_skill": 0.5233,
        "mission_priority": 0.9126,
        "estimated_landing_time": 100.0,
        "wait_time": 0,
        "Landing_success_rate": 0.8668
    },
    {
        "model": 2,
        "sequence": 8,
        "status": 1,
        "fuel": 5573,
        "fault": 0.5908,
        "weapon": 0,
        "pilot_injury": 0.7341,
        "pilot_skill": 0.1054,
        "mission_priority": 0.2708,
        "estimated_landing_time": 758.0,
        "wait_time": 0,
        "Landing_success_rate": 0.8522
    },
    {
        "model": 1,
        "sequence": 15,
        "status": 1,
        "fuel": 7079,
        "fault": 0.967,
        "weapon": 0,
        "pilot_injury": 0.1583,
        "pilot_skill": 0.8805,
        "mission_priority": 0.2399,
        "estimated_landing_time": 1416.0,
        "wait_time": 0,
        "Landing_success_rate": 0.8539
    },
    {
        "model": 2,
        "sequence": 18,
        "status": 1,
        "fuel": 6145,
        "fault": 0.6693,
        "weapon": 0,
        "pilot_injury": 0.2373,
        "pilot_skill": 0.4971,
        "mission_priority": 0.2191,
        "estimated_landing_time": 1698.0,
        "wait_time": 0,
        "Landing_success_rate": 0.866
    },
    {
        "model": 0,
        "sequence": 16,
        "status": 1,
        "fuel": 5729,
        "fault": 0.3913,
        "weapon": 0,
        "pilot_injury": 0.0262,
        "pilot_skill": 0.9478,
        "mission_priority": 0.7211,
        "estimated_landing_time": 1510.0,
        "wait_time": 0,
        "Landing_success_rate": 0.8605
    },
    {
        "model": 1,
        "sequence": 6,
        "status": 1,
        "fuel": 5501,
        "fault": 0.4761,
        "weapon": 1,
        "pilot_injury": 0.6469,
        "pilot_skill": 0.2188,
        "mission_priority": 0.7584,
        "estimated_landing_time": 570.0,
        "wait_time": 0,
        "Landing_success_rate": 0.85
    },
    {
        "model": 1,
        "sequence": 4,
        "status": 1,
        "fuel": 7370,
        "fault": 0.6677,
        "weapon": 1,
        "pilot_injury": 0.0099,
        "pilot_skill": 0.9687,
        "mission_priority": 0.7516,
        "estimated_landing_time": 382.0,
        "wait_time": 0,
        "Landing_success_rate": 0.8966
    },
    {
        "model": 0,
        "sequence": 14,
        "status": 1,
        "fuel": 7423,
        "fault": 0.7502,
        "weapon": 1,
        "pilot_injury": 0.1606,
        "pilot_skill": 0.7666,
        "mission_priority": 0.0589,
        "estimated_landing_time": 1322.0,
        "wait_time": 0,
        "Landing_success_rate": 0.886
    },
    {
        "model": 1,
        "sequence": 5,
        "status": 1,
        "fuel": 6492,
        "fault": 0.9058,
        "weapon": 1,
        "pilot_injury": 0.6766,
        "pilot_skill": 0.213,
        "mission_priority": 0.3601,
        "estimated_landing_time": 476.0,
        "wait_time": 0,
        "Landing_success_rate": 0.857
    },
    {
        "model": 1,
        "sequence": 9,
        "status": 1,
        "fuel": 6622,
        "fault": 0.7079,
        "weapon": 0,
        "pilot_injury": 0.6687,
        "pilot_skill": 0.5542,
        "mission_priority": 0.3513,
        "estimated_landing_time": 852.0,
        "wait_time": 0,
        "Landing_success_rate": 0.8746
    },
    {
        "model": 2,
        "sequence": 17,
        "status": 1,
        "fuel": 7482,
        "fault": 0.2334,
        "weapon": 0,
        "pilot_injury": 0.4663,
        "pilot_skill": 0.7756,
        "mission_priority": 0.0609,
        "estimated_landing_time": 1604.0,
        "wait_time": 0,
        "Landing_success_rate": 0.964
    },
    {
        "model": 1,
        "sequence": 7,
        "status": 1,
        "fuel": 5843,
        "fault": 0.2788,
        "weapon": 1,
        "pilot_injury": 0.6608,
        "pilot_skill": 0.0129,
        "mission_priority": 0.1801,
        "estimated_landing_time": 664.0,
        "wait_time": 0,
        "Landing_success_rate": 0.8686
    },
    {
        "model": 0,
        "sequence": 11,
        "status": 1,
        "fuel": 5779,
        "fault": 0.168,
        "weapon": 0,
        "pilot_injury": 0.9627,
        "pilot_skill": 0.6516,
        "mission_priority": 0.297,
        "estimated_landing_time": 1040.0,
        "wait_time": 0,
        "Landing_success_rate": 0.8674
    },
    {
        "model": 1,
        "sequence": 10,
        "status": 1,
        "fuel": 7468,
        "fault": 0.9982,
        "weapon": 1,
        "pilot_injury": 0.2846,
        "pilot_skill": 0.3789,
        "mission_priority": 0.1994,
        "estimated_landing_time": 946.0,
        "wait_time": 0,
        "Landing_success_rate": 0.8503
    },
    {
        "model": 2,
        "sequence": 2,
        "status": 1,
        "fuel": 7077,
        "fault": 0.7671,
        "weapon": 1,
        "pilot_injury": 0.8961,
        "pilot_skill": 0.3465,
        "mission_priority": 0.8608,
        "estimated_landing_time": 194.0,
        "wait_time": 0,
        "Landing_success_rate": 0.8775
    }
]