[
    {
        "model": 1,
        "sequence": 2,
        "status": 1,
        "fuel": 5880,
        "fault": 0.2888,
        "weapon": 1,
        "pilot_injury": 0.9096,
        "pilot_skill": 0.7076,
        "mission_priority": 0.0455,
        "estimated_landing_time": 194.0,
        "wait_time": 0,
        "Landing_success_rate": 0.8703
    },
    {
        "model": 2,
        "sequence": 11,
        "status": 1,
        "fuel": 6601,
        "fault": 0.7661,
        "weapon": 0,
        "pilot_injury": 0.4725,
        "pilot_skill": 0.9696,
        "mission_priority": 0.5473,
        "estimated_landing_time": 1040.0,
        "wait_time": 0,
        "Landing_success_rate": 0.8693
    },
    {
        "model": 2,
        "sequence": 10,
        "status": 1,
        "fuel": 6719,
        "fault": 0.7184,
        "weapon": 0,
        "pilot_injury": 0.6576,
        "pilot_skill": 0.2298,
        "mission_priority": 0.1049,
        "estimated_landing_time": 946.0,
        "wait_time": 0,
        "Landing_success_rate": 0.8757
    },
    {
        "model": 1,
        "sequence": 1,
        "status": 1,
        "fuel": 6211,
        "fault": 0.0262,
        "weapon": 0,
        "pilot_injury": 0.3958,
        "pilot_skill": 0.5521,
        "mission_priority": 0.2927,
        "estimated_landing_time": 100.0,
        "wait_time": 0,
        "Landing_success_rate": 0.9019
    },
    {
        "model": 0,
        "sequence": 6,
        "status": 1,
        "fuel": 6543,
        "fault": 0.0222,
        "weapon": 1,
        "pilot_injury": 0.441,
        "pilot_skill": 0.1033,
        "mission_priority": 0.2606,
        "estimated_landing_time": 570.0,
        "wait_time": 0,
        "Landing_success_rate": 0.9265
    },
    {
        "model": 0,
        "sequence": 14,
        "status": 1,
        "fuel": 7227,
        "fault": 0.9919,
        "weapon": 0,
        "pilot_injury": 0.7511,
        "pilot_skill": 0.1957,
        "mission_priority": 0.3679,
        "estimated_landing_time": 1322.0,
        "wait_time": 0,
        "Landing_success_rate": 0.851
    },
    {
        "model": 0,
        "sequence": 13,
        "status": 1,
        "fuel": 7036,
        "fault": 0.1993,
        "weapon": 1,
        "pilot_injury": 0.78,
        "pilot_skill": 0.0633,
        "mission_priority": 0.3649,
        "estimated_landing_time": 1228.0,
        "wait_time": 0,
        "Landing_success_rate": 0.9422
    },
    {
        "model": 0,
        "sequence": 17,
        "status": 1,
        "fuel": 5970,
        "fault": 0.8997,
        "weapon": 0,
        "pilot_injury": 0.5262,
        "pilot_skill": 0.3552,
        "mission_priority": 0.5961,
        "estimated_landing_time": 1604.0,
        "wait_time": 0,
        "Landing_success_rate": 0.8535
    },
    {
        "model": 0,
        "sequence": 16,
        "status": 1,
        "fuel": 6819,
        "fault": 0.4756,
        "weapon": 0,
        "pilot_injury": 0.7747,
        "pilot_skill": 0.4043,
        "mission_priority": 0.4944,
        "estimated_landing_time": 1510.0,
        "wait_time": 0,
        "Landing_success_rate": 0.9019
    },
    {
        "model": 2,
        "sequence": 18,
        "status": 1,
        "fuel": 7185,
        "fault": 0.3657,
        "weapon": 0,
        "pilot_injury": 0.7078,
        "pilot_skill": 0.4489,
        "mission_priority": 0.0121,
        "estimated_landing_time": 1698.0,
        "wait_time": 0,
        "Landing_success_rate": 0.9302
    },
    {
        "model": 1,
        "sequence": 4,
        "status": 1,
        "fuel": 7224,
        "fault": 0.3412,
        "weapon": 0,
        "pilot_injury": 0.5231,
        "pilot_skill": 0.1824,
        "mission_priority": 0.0221,
        "estimated_landing_time": 382.0,
        "wait_time": 0,
        "Landing_success_rate": 0.9352
    },
    {
        "model": 2,
        "sequence": 9,
        "status": 1,
        "fuel": 6930,
        "fault": 0.5285,
        "weapon": 1,
        "pilot_injury": 0.9966,
        "pilot_skill": 0.9454,
        "mission_priority": 0.7294,
        "estimated_landing_time": 852.0,
        "wait_time": 0,
        "Landing_success_rate": 0.9006
    },
    {
        "model": 0,
        "sequence": 5,
        "status": 1,
        "fuel": 5780,
        "fault": 0.911,
        "weapon": 1,
        "pilot_injury": 0.539,
        "pilot_skill": 0.707,
        "mission_priority": 0.4189,
        "estimated_landing_time": 476.0,
        "wait_time": 0,
        "Landing_success_rate": 0.8519
    },
    {
        "model": 1,
        "sequence": 12,
        "status": 1,
        "fuel": 6585,
        "fault": 0.1137,
        "weapon": 1,
        "pilot_injury": 0.2657,
        "pilot_skill": 0.836,
        "mission_priority": 0.9037,
        "estimated_landing_time": 1134.0,
        "wait_time": 0,
        "Landing_success_rate": 0.9221
    },
    {
        "model": 0,
        "sequence": 3,
        "status": 1,
        "fuel": 5935,
        "fault": 0.0186,
        "weapon": 1,
        "pilot_injury": 0.927,
        "pilot_skill": 0.7021,
        "mission_priority": 0.414,
        "estimated_landing_time": 288.0,
        "wait_time": 0,
        "Landing_success_rate": 0.882
    },
    {
        "model": 0,
        "sequence": 7,
        "status": 1,
        "fuel": 6742,
        "fault": 0.2393,
        "weapon": 0,
        "pilot_injury": 0.4653,
        "pilot_skill": 0.8868,
        "mission_priority": 0.1611,
        "estimated_landing_time": 664.0,
        "wait_time": 0,
        "Landing_success_rate": 0.9209
    },
    {
        "model": 1,
        "sequence": 8,
        "status": 1,
        "fuel": 7418,
        "fault": 0.8282,
        "weapon": 1,
        "pilot_injury": 0.314,
        "pilot_skill": 0.1474,
        "mission_priority": 0.22,
        "estimated_landing_time": 758.0,
        "wait_time": 0,
        "Landing_success_rate": 0.8747
    },
    {
        "model": 0,
        "sequence": 15,
        "status": 1,
        "fuel": 7239,
        "fault": 0.7184,
        "weapon": 0,
        "pilot_injury": 0.3327,
        "pilot_skill": 0.0316,
        "mission_priority": 0.6079,
        "estimated_landing_time": 1416.0,
        "wait_time": 0,
        "Landing_success_rate": 0.8867
    }
]