[
    {
        "model": 1,
        "sequence": 9,
        "status": 1,
        "fuel": 5614,
        "fault": 0.1972,
        "weapon": 1,
        "pilot_injury": 0.0694,
        "pilot_skill": 0.0527,
        "mission_priority": 0.2929,
        "estimated_landing_time": 852.0,
        "wait_time": 0,
        "Landing_success_rate": 0.8569
    },
    {
        "model": 1,
        "sequence": 5,
        "status": 1,
        "fuel": 6592,
        "fault": 0.1486,
        "weapon": 0,
        "pilot_injury": 0.4048,
        "pilot_skill": 0.284,
        "mission_priority": 0.0261,
        "estimated_landing_time": 476.0,
        "wait_time": 0,
        "Landing_success_rate": 0.9197
    },
    {
        "model": 2,
        "sequence": 8,
        "status": 1,
        "fuel": 5716,
        "fault": 0.7905,
        "weapon": 1,
        "pilot_injury": 0.2092,
        "pilot_skill": 0.1629,
        "mission_priority": 0.5473,
        "estimated_landing_time": 758.0,
        "wait_time": 0,
        "Landing_success_rate": 0.8534
    },
    {
        "model": 2,
        "sequence": 16,
        "status": 1,
        "fuel": 7495,
        "fault": 0.0982,
        "weapon": 0,
        "pilot_injury": 0.3773,
        "pilot_skill": 0.6182,
        "mission_priority": 0.8782,
        "estimated_landing_time": 1510.0,
        "wait_time": 0,
        "Landing_success_rate": 0.9849
    },
    {
        "model": 0,
        "sequence": 1,
        "status": 1,
        "fuel": 6491,
        "fault": 0.8325,
        "weapon": 0,
        "pilot_injury": 0.3774,
        "pilot_skill": 0.1366,
        "mission_priority": 0.0166,
        "estimated_landing_time": 100.0,
        "wait_time": 0,
        "Landing_success_rate": 0.8624
    },
    {
        "model": 2,
        "sequence": 11,
        "status": 1,
        "fuel": 6574,
        "fault": 0.2384,
        "weapon": 1,
        "pilot_injury": 0.1325,
        "pilot_skill": 0.8621,
        "mission_priority": 0.614,
        "estimated_landing_time": 1040.0,
        "wait_time": 0,
        "Landing_success_rate": 0.9113
    },
    {
        "model": 2,
        "sequence": 15,
        "status": 1,
        "fuel": 5863,
        "fault": 0.2628,
        "weapon": 1,
        "pilot_injury": 0.5373,
        "pilot_skill": 0.9232,
        "mission_priority": 0.5964,
        "estimated_landing_time": 1416.0,
        "wait_time": 0,
        "Landing_success_rate": 0.8701
    },
    {
        "model": 2,
        "sequence": 12,
        "status": 1,
        "fuel": 5513,
        "fault": 0.5619,
        "weapon": 1,
        "pilot_injury": 0.5683,
        "pilot_skill": 0.7981,
        "mission_priority": 0.5255,
        "estimated_landing_time": 1134.0,
        "wait_time": 0,
        "Landing_success_rate": 0.8504
    },
    {
        "model": 1,
        "sequence": 14,
        "status": 1,
        "fuel": 5862,
        "fault": 0.5829,
        "weapon": 1,
        "pilot_injury": 0.8537,
        "pilot_skill": 0.7029,
        "mission_priority": 0.0929,
        "estimated_landing_time": 1322.0,
        "wait_time": 0,
        "Landing_success_rate": 0.8613
    },
    {
        "model": 0,
        "sequence": 13,
        "status": 1,
        "fuel": 6283,
        "fault": 0.6634,
        "weapon": 0,
        "pilot_injury": 0.1181,
        "pilot_skill": 0.7251,
        "mission_priority": 0.557,
        "estimated_landing_time": 1228.0,
        "wait_time": 0,
        "Landing_success_rate": 0.8698
    },
    {
        "model": 2,
        "sequence": 7,
        "status": 1,
        "fuel": 7365,
        "fault": 0.0789,
        "weapon": 0,
        "pilot_injury": 0.1546,
        "pilot_skill": 0.2065,
        "mission_priority": 0.4003,
        "estimated_landing_time": 664.0,
        "wait_time": 0,
        "Landing_success_rate": 0.9788
    },
    {
        "model": 2,
        "sequence": 4,
        "status": 1,
        "fuel": 7134,
        "fault": 0.6061,
        "weapon": 0,
        "pilot_injury": 0.6986,
        "pilot_skill": 0.4915,
        "mission_priority": 0.8854,
        "estimated_landing_time": 382.0,
        "wait_time": 0,
        "Landing_success_rate": 0.8983
    },
    {
        "model": 2,
        "sequence": 17,
        "status": 1,
        "fuel": 6002,
        "fault": 0.1806,
        "weapon": 1,
        "pilot_injury": 0.0967,
        "pilot_skill": 0.3352,
        "mission_priority": 0.5069,
        "estimated_landing_time": 1604.0,
        "wait_time": 0,
        "Landing_success_rate": 0.8809
    },
    {
        "model": 1,
        "sequence": 10,
        "status": 1,
        "fuel": 6747,
        "fault": 0.7824,
        "weapon": 0,
        "pilot_injury": 0.2181,
        "pilot_skill": 0.6316,
        "mission_priority": 0.3825,
        "estimated_landing_time": 946.0,
        "wait_time": 0,
        "Landing_success_rate": 0.8704
    },
    {
        "model": 1,
        "sequence": 3,
        "status": 1,
        "fuel": 5946,
        "fault": 0.7604,
        "weapon": 1,
        "pilot_injury": 0.4991,
        "pilot_skill": 0.6525,
        "mission_priority": 0.6568,
        "estimated_landing_time": 288.0,
        "wait_time": 0,
        "Landing_success_rate": 0.858
    },
    {
        "model": 0,
        "sequence": 2,
        "status": 1,
        "fuel": 6328,
        "fault": 0.1772,
        "weapon": 0,
        "pilot_injury": 0.0648,
        "pilot_skill": 0.3422,
        "mission_priority": 0.9893,
        "estimated_landing_time": 194.0,
        "wait_time": 0,
        "Landing_success_rate": 0.9011
    },
    {
        "model": 0,
        "sequence": 6,
        "status": 1,
        "fuel": 7435,
        "fault": 0.4924,
        "weapon": 0,
        "pilot_injury": 0.8429,
        "pilot_skill": 0.5866,
        "mission_priority": 0.3723,
        "estimated_landing_time": 570.0,
        "wait_time": 0,
        "Landing_success_rate": 0.9237
    },
    {
        "model": 1,
        "sequence": 18,
        "status": 1,
        "fuel": 6522,
        "fault": 0.4087,
        "weapon": 0,
        "pilot_injury": 0.1821,
        "pilot_skill": 0.9609,
        "mission_priority": 0.715,
        "estimated_landing_time": 1698.0,
        "wait_time": 0,
        "Landing_success_rate": 0.8953
    }
]