[
    {
        "model": 1,
        "sequence": 16,
        "status": 1,
        "fuel": 7172,
        "fault": 0.09,
        "weapon": 0,
        "pilot_injury": 0.7982,
        "pilot_skill": 0.6155,
        "mission_priority": 0.1285,
        "estimated_landing_time": 1510.0,
        "wait_time": 0,
        "Landing_success_rate": 0.9641
    },
    {
        "model": 2,
        "sequence": 8,
        "status": 1,
        "fuel": 6679,
        "fault": 0.8887,
        "weapon": 0,
        "pilot_injury": 0.8853,
        "pilot_skill": 0.4818,
        "mission_priority": 0.6975,
        "estimated_landing_time": 758.0,
        "wait_time": 0,
        "Landing_success_rate": 0.8598
    },
    {
        "model": 1,
        "sequence": 3,
        "status": 1,
        "fuel": 7325,
        "fault": 0.8437,
        "weapon": 1,
        "pilot_injury": 0.3013,
        "pilot_skill": 0.285,
        "mission_priority": 0.3897,
        "estimated_landing_time": 288.0,
        "wait_time": 0,
        "Landing_success_rate": 0.8714
    },
    {
        "model": 0,
        "sequence": 12,
        "status": 1,
        "fuel": 5587,
        "fault": 0.9838,
        "weapon": 0,
        "pilot_injury": 0.4866,
        "pilot_skill": 0.8631,
        "mission_priority": 0.4485,
        "estimated_landing_time": 1134.0,
        "wait_time": 0,
        "Landing_success_rate": 0.8501
    },
    {
        "model": 1,
        "sequence": 6,
        "status": 1,
        "fuel": 7148,
        "fault": 0.763,
        "weapon": 1,
        "pilot_injury": 0.5712,
        "pilot_skill": 0.4726,
        "mission_priority": 0.4959,
        "estimated_landing_time": 570.0,
        "wait_time": 0,
        "Landing_success_rate": 0.8793
    },
    {
        "model": 0,
        "sequence": 9,
        "status": 1,
        "fuel": 5881,
        "fault": 0.2917,
        "weapon": 0,
        "pilot_injury": 0.3892,
        "pilot_skill": 0.7559,
        "mission_priority": 0.073,
        "estimated_landing_time": 852.0,
        "wait_time": 0,
        "Landing_success_rate": 0.8702
    },
    {
        "model": 1,
        "sequence": 5,
        "status": 1,
        "fuel": 5975,
        "fault": 0.7417,
        "weapon": 0,
        "pilot_injury": 0.5813,
        "pilot_skill": 0.7575,
        "mission_priority": 0.2661,
        "estimated_landing_time": 476.0,
        "wait_time": 0,
        "Landing_success_rate": 0.8592
    },
    {
        "model": 0,
        "sequence": 1,
        "status": 1,
        "fuel": 5962,
        "fault": 0.2469,
        "weapon": 0,
        "pilot_injury": 0.4943,
        "pilot_skill": 0.9369,
        "mission_priority": 0.0011,
        "estimated_landing_time": 100.0,
        "wait_time": 0,
        "Landing_success_rate": 0.8761
    },
    {
        "model": 0,
        "sequence": 7,
        "status": 1,
        "fuel": 6826,
        "fault": 0.7853,
        "weapon": 0,
        "pilot_injury": 0.3115,
        "pilot_skill": 0.2281,
        "mission_priority": 0.317,
        "estimated_landing_time": 664.0,
        "wait_time": 0,
        "Landing_success_rate": 0.8714
    },
    {
        "model": 0,
        "sequence": 2,
        "status": 1,
        "fuel": 6774,
        "fault": 0.7871,
        "weapon": 1,
        "pilot_injury": 0.899,
        "pilot_skill": 0.1022,
        "mission_priority": 0.1429,
        "estimated_landing_time": 194.0,
        "wait_time": 0,
        "Landing_success_rate": 0.8703
    },
    {
        "model": 0,
        "sequence": 11,
        "status": 1,
        "fuel": 5744,
        "fault": 0.2217,
        "weapon": 1,
        "pilot_injury": 0.1693,
        "pilot_skill": 0.5107,
        "mission_priority": 0.4167,
        "estimated_landing_time": 1040.0,
        "wait_time": 0,
        "Landing_success_rate": 0.8642
    },
    {
        "model": 0,
        "sequence": 18,
        "status": 1,
        "fuel": 5664,
        "fault": 0.8077,
        "weapon": 1,
        "pilot_injury": 0.6313,
        "pilot_skill": 0.0997,
        "mission_priority": 0.9254,
        "estimated_landing_time": 1698.0,
        "wait_time": 0,
        "Landing_success_rate": 0.8524
    },
    {
        "model": 1,
        "sequence": 15,
        "status": 1,
        "fuel": 6313,
        "fault": 0.9565,
        "weapon": 0,
        "pilot_injury": 0.2063,
        "pilot_skill": 0.1359,
        "mission_priority": 0.4246,
        "estimated_landing_time": 1416.0,
        "wait_time": 0,
        "Landing_success_rate": 0.8527
    },
    {
        "model": 2,
        "sequence": 10,
        "status": 1,
        "fuel": 5702,
        "fault": 0.8279,
        "weapon": 1,
        "pilot_injury": 0.1488,
        "pilot_skill": 0.6568,
        "mission_priority": 0.7852,
        "estimated_landing_time": 946.0,
        "wait_time": 0,
        "Landing_success_rate": 0.8526
    },
    {
        "model": 2,
        "sequence": 14,
        "status": 1,
        "fuel": 7002,
        "fault": 0.6568,
        "weapon": 0,
        "pilot_injury": 0.9384,
        "pilot_skill": 0.6384,
        "mission_priority": 0.3642,
        "estimated_landing_time": 1322.0,
        "wait_time": 0,
        "Landing_success_rate": 0.8887
    },
    {
        "model": 2,
        "sequence": 4,
        "status": 1,
        "fuel": 5927,
        "fault": 0.6784,
        "weapon": 1,
        "pilot_injury": 0.1307,
        "pilot_skill": 0.3257,
        "mission_priority": 0.5773,
        "estimated_landing_time": 382.0,
        "wait_time": 0,
        "Landing_success_rate": 0.8603
    },
    {
        "model": 2,
        "sequence": 13,
        "status": 1,
        "fuel": 7005,
        "fault": 0.2489,
        "weapon": 0,
        "pilot_injury": 0.3182,
        "pilot_skill": 0.1459,
        "mission_priority": 0.9548,
        "estimated_landing_time": 1228.0,
        "wait_time": 0,
        "Landing_success_rate": 0.9348
    },
    {
        "model": 2,
        "sequence": 17,
        "status": 1,
        "fuel": 5687,
        "fault": 0.8203,
        "weapon": 1,
        "pilot_injury": 0.4949,
        "pilot_skill": 0.8193,
        "mission_priority": 0.7745,
        "estimated_landing_time": 1604.0,
        "wait_time": 0,
        "Landing_success_rate": 0.8525
    }
]