[
    {
        "model": 0,
        "sequence": 13,
        "status": 1,
        "fuel": 6143,
        "fault": 0.7123,
        "weapon": 1,
        "pilot_injury": 0.4682,
        "pilot_skill": 0.9063,
        "mission_priority": 0.9307,
        "estimated_landing_time": 1228.0,
        "wait_time": 0,
        "Landing_success_rate": 0.8639
    },
    {
        "model": 1,
        "sequence": 9,
        "status": 1,
        "fuel": 6292,
        "fault": 0.493,
        "weapon": 0,
        "pilot_injury": 0.8501,
        "pilot_skill": 0.9484,
        "mission_priority": 0.3612,
        "estimated_landing_time": 852.0,
        "wait_time": 0,
        "Landing_success_rate": 0.8801
    },
    {
        "model": 1,
        "sequence": 11,
        "status": 1,
        "fuel": 5707,
        "fault": 0.6018,
        "weapon": 1,
        "pilot_injury": 0.5621,
        "pilot_skill": 0.9935,
        "mission_priority": 0.4557,
        "estimated_landing_time": 1040.0,
        "wait_time": 0,
        "Landing_success_rate": 0.8562
    },
    {
        "model": 0,
        "sequence": 6,
        "status": 1,
        "fuel": 6293,
        "fault": 0.6204,
        "weapon": 0,
        "pilot_injury": 0.4941,
        "pilot_skill": 0.857,
        "mission_priority": 0.5462,
        "estimated_landing_time": 570.0,
        "wait_time": 0,
        "Landing_success_rate": 0.8726
    },
    {
        "model": 0,
        "sequence": 5,
        "status": 1,
        "fuel": 6082,
        "fault": 0.6761,
        "weapon": 0,
        "pilot_injury": 0.3934,
        "pilot_skill": 0.7339,
        "mission_priority": 0.9213,
        "estimated_landing_time": 476.0,
        "wait_time": 0,
        "Landing_success_rate": 0.8641
    },
    {
        "model": 0,
        "sequence": 8,
        "status": 1,
        "fuel": 7471,
        "fault": 0.7705,
        "weapon": 0,
        "pilot_injury": 0.154,
        "pilot_skill": 0.6907,
        "mission_priority": 0.9602,
        "estimated_landing_time": 758.0,
        "wait_time": 0,
        "Landing_success_rate": 0.8839
    },
    {
        "model": 1,
        "sequence": 18,
        "status": 1,
        "fuel": 5964,
        "fault": 0.7046,
        "weapon": 1,
        "pilot_injury": 0.5535,
        "pilot_skill": 0.0885,
        "mission_priority": 0.7295,
        "estimated_landing_time": 1698.0,
        "wait_time": 0,
        "Landing_success_rate": 0.8603
    },
    {
        "model": 0,
        "sequence": 3,
        "status": 1,
        "fuel": 6315,
        "fault": 0.8786,
        "weapon": 1,
        "pilot_injury": 0.8988,
        "pilot_skill": 0.784,
        "mission_priority": 0.7809,
        "estimated_landing_time": 288.0,
        "wait_time": 0,
        "Landing_success_rate": 0.8574
    },
    {
        "model": 1,
        "sequence": 1,
        "status": 1,
        "fuel": 6094,
        "fault": 0.8975,
        "weapon": 0,
        "pilot_injury": 0.5813,
        "pilot_skill": 0.1089,
        "mission_priority": 0.4591,
        "estimated_landing_time": 100.0,
        "wait_time": 0,
        "Landing_success_rate": 0.8546
    },
    {
        "model": 1,
        "sequence": 16,
        "status": 1,
        "fuel": 6151,
        "fault": 0.4483,
        "weapon": 1,
        "pilot_injury": 0.0569,
        "pilot_skill": 0.0672,
        "mission_priority": 0.731,
        "estimated_landing_time": 1510.0,
        "wait_time": 0,
        "Landing_success_rate": 0.8769
    },
    {
        "model": 0,
        "sequence": 7,
        "status": 1,
        "fuel": 6723,
        "fault": 0.2352,
        "weapon": 1,
        "pilot_injury": 0.1056,
        "pilot_skill": 0.7322,
        "mission_priority": 0.321,
        "estimated_landing_time": 664.0,
        "wait_time": 0,
        "Landing_success_rate": 0.9202
    },
    {
        "model": 2,
        "sequence": 15,
        "status": 1,
        "fuel": 7336,
        "fault": 0.8678,
        "weapon": 0,
        "pilot_injury": 0.559,
        "pilot_skill": 0.3624,
        "mission_priority": 0.6415,
        "estimated_landing_time": 1416.0,
        "wait_time": 0,
        "Landing_success_rate": 0.8682
    },
    {
        "model": 0,
        "sequence": 4,
        "status": 1,
        "fuel": 7048,
        "fault": 0.2507,
        "weapon": 1,
        "pilot_injury": 0.2293,
        "pilot_skill": 0.1588,
        "mission_priority": 0.7824,
        "estimated_landing_time": 382.0,
        "wait_time": 0,
        "Landing_success_rate": 0.937
    },
    {
        "model": 2,
        "sequence": 17,
        "status": 1,
        "fuel": 5887,
        "fault": 0.0296,
        "weapon": 1,
        "pilot_injury": 0.1162,
        "pilot_skill": 0.8384,
        "mission_priority": 0.7766,
        "estimated_landing_time": 1604.0,
        "wait_time": 0,
        "Landing_success_rate": 0.8782
    },
    {
        "model": 0,
        "sequence": 2,
        "status": 1,
        "fuel": 6450,
        "fault": 0.1692,
        "weapon": 1,
        "pilot_injury": 0.1242,
        "pilot_skill": 0.507,
        "mission_priority": 0.0187,
        "estimated_landing_time": 194.0,
        "wait_time": 0,
        "Landing_success_rate": 0.9092
    },
    {
        "model": 0,
        "sequence": 10,
        "status": 1,
        "fuel": 6855,
        "fault": 0.7378,
        "weapon": 0,
        "pilot_injury": 0.4751,
        "pilot_skill": 0.4217,
        "mission_priority": 0.4444,
        "estimated_landing_time": 946.0,
        "wait_time": 0,
        "Landing_success_rate": 0.8766
    },
    {
        "model": 1,
        "sequence": 14,
        "status": 1,
        "fuel": 6806,
        "fault": 0.3682,
        "weapon": 0,
        "pilot_injury": 0.7565,
        "pilot_skill": 0.3689,
        "mission_priority": 0.7152,
        "estimated_landing_time": 1322.0,
        "wait_time": 0,
        "Landing_success_rate": 0.9119
    },
    {
        "model": 1,
        "sequence": 12,
        "status": 1,
        "fuel": 5566,
        "fault": 0.8305,
        "weapon": 1,
        "pilot_injury": 0.5639,
        "pilot_skill": 0.9507,
        "mission_priority": 0.1089,
        "estimated_landing_time": 1134.0,
        "wait_time": 0,
        "Landing_success_rate": 0.8508
    }
]