[
    {
        "model": 2,
        "sequence": 14,
        "status": 1,
        "fuel": 6987,
        "fault": 0.7157,
        "weapon": 0,
        "pilot_injury": 0.6992,
        "pilot_skill": 0.0225,
        "mission_priority": 0.8564,
        "estimated_landing_time": 1322.0,
        "wait_time": 0,
        "Landing_success_rate": 0.8817
    },
    {
        "model": 1,
        "sequence": 3,
        "status": 1,
        "fuel": 7028,
        "fault": 0.6236,
        "weapon": 0,
        "pilot_injury": 0.836,
        "pilot_skill": 0.1227,
        "mission_priority": 0.8225,
        "estimated_landing_time": 288.0,
        "wait_time": 0,
        "Landing_success_rate": 0.8931
    },
    {
        "model": 2,
        "sequence": 12,
        "status": 1,
        "fuel": 7331,
        "fault": 0.435,
        "weapon": 0,
        "pilot_injury": 0.8866,
        "pilot_skill": 0.0242,
        "mission_priority": 0.3829,
        "estimated_landing_time": 1134.0,
        "wait_time": 0,
        "Landing_success_rate": 0.9276
    },
    {
        "model": 2,
        "sequence": 5,
        "status": 1,
        "fuel": 6085,
        "fault": 0.403,
        "weapon": 1,
        "pilot_injury": 0.2862,
        "pilot_skill": 0.2521,
        "mission_priority": 0.3813,
        "estimated_landing_time": 476.0,
        "wait_time": 0,
        "Landing_success_rate": 0.8762
    },
    {
        "model": 1,
        "sequence": 6,
        "status": 1,
        "fuel": 6696,
        "fault": 0.074,
        "weapon": 1,
        "pilot_injury": 0.7621,
        "pilot_skill": 0.4293,
        "mission_priority": 0.0544,
        "estimated_landing_time": 570.0,
        "wait_time": 0,
        "Landing_success_rate": 0.9331
    },
    {
        "model": 0,
        "sequence": 13,
        "status": 1,
        "fuel": 6092,
        "fault": 0.9988,
        "weapon": 0,
        "pilot_injury": 0.8138,
        "pilot_skill": 0.3807,
        "mission_priority": 0.5385,
        "estimated_landing_time": 1228.0,
        "wait_time": 0,
        "Landing_success_rate": 0.8501
    },
    {
        "model": 2,
        "sequence": 16,
        "status": 1,
        "fuel": 6327,
        "fault": 0.6296,
        "weapon": 0,
        "pilot_injury": 0.2158,
        "pilot_skill": 0.0436,
        "mission_priority": 0.3054,
        "estimated_landing_time": 1510.0,
        "wait_time": 0,
        "Landing_success_rate": 0.873
    },
    {
        "model": 1,
        "sequence": 2,
        "status": 1,
        "fuel": 5919,
        "fault": 0.8331,
        "weapon": 0,
        "pilot_injury": 0.077,
        "pilot_skill": 0.0285,
        "mission_priority": 0.8841,
        "estimated_landing_time": 194.0,
        "wait_time": 0,
        "Landing_success_rate": 0.8552
    },
    {
        "model": 1,
        "sequence": 11,
        "status": 1,
        "fuel": 6230,
        "fault": 0.233,
        "weapon": 0,
        "pilot_injury": 0.3968,
        "pilot_skill": 0.4161,
        "mission_priority": 0.1723,
        "estimated_landing_time": 1040.0,
        "wait_time": 0,
        "Landing_success_rate": 0.892
    },
    {
        "model": 0,
        "sequence": 7,
        "status": 1,
        "fuel": 5686,
        "fault": 0.6169,
        "weapon": 1,
        "pilot_injury": 0.3643,
        "pilot_skill": 0.0803,
        "mission_priority": 0.887,
        "estimated_landing_time": 664.0,
        "wait_time": 0,
        "Landing_success_rate": 0.8553
    },
    {
        "model": 1,
        "sequence": 10,
        "status": 1,
        "fuel": 6874,
        "fault": 0.5025,
        "weapon": 1,
        "pilot_injury": 0.2822,
        "pilot_skill": 0.8129,
        "mission_priority": 0.1184,
        "estimated_landing_time": 946.0,
        "wait_time": 0,
        "Landing_success_rate": 0.9013
    },
    {
        "model": 0,
        "sequence": 17,
        "status": 1,
        "fuel": 5671,
        "fault": 0.7293,
        "weapon": 0,
        "pilot_injury": 0.4469,
        "pilot_skill": 0.734,
        "mission_priority": 0.1732,
        "estimated_landing_time": 1604.0,
        "wait_time": 0,
        "Landing_success_rate": 0.8535
    },
    {
        "model": 2,
        "sequence": 4,
        "status": 1,
        "fuel": 7328,
        "fault": 0.7722,
        "weapon": 1,
        "pilot_injury": 0.8851,
        "pilot_skill": 0.0449,
        "mission_priority": 0.1681,
        "estimated_landing_time": 382.0,
        "wait_time": 0,
        "Landing_success_rate": 0.8812
    },
    {
        "model": 1,
        "sequence": 9,
        "status": 1,
        "fuel": 6542,
        "fault": 0.9272,
        "weapon": 0,
        "pilot_injury": 0.9702,
        "pilot_skill": 0.5517,
        "mission_priority": 0.4681,
        "estimated_landing_time": 852.0,
        "wait_time": 0,
        "Landing_success_rate": 0.8557
    },
    {
        "model": 2,
        "sequence": 15,
        "status": 1,
        "fuel": 6978,
        "fault": 0.1066,
        "weapon": 0,
        "pilot_injury": 0.6611,
        "pilot_skill": 0.3328,
        "mission_priority": 0.3821,
        "estimated_landing_time": 1416.0,
        "wait_time": 0,
        "Landing_success_rate": 0.949
    },
    {
        "model": 1,
        "sequence": 1,
        "status": 1,
        "fuel": 7167,
        "fault": 0.9967,
        "weapon": 0,
        "pilot_injury": 0.2559,
        "pilot_skill": 0.1968,
        "mission_priority": 0.0159,
        "estimated_landing_time": 100.0,
        "wait_time": 0,
        "Landing_success_rate": 0.8504
    },
    {
        "model": 1,
        "sequence": 8,
        "status": 1,
        "fuel": 6679,
        "fault": 0.6896,
        "weapon": 1,
        "pilot_injury": 0.3839,
        "pilot_skill": 0.2687,
        "mission_priority": 0.6521,
        "estimated_landing_time": 758.0,
        "wait_time": 0,
        "Landing_success_rate": 0.8774
    },
    {
        "model": 2,
        "sequence": 18,
        "status": 1,
        "fuel": 6973,
        "fault": 0.6954,
        "weapon": 0,
        "pilot_injury": 0.7681,
        "pilot_skill": 0.1643,
        "mission_priority": 0.7533,
        "estimated_landing_time": 1698.0,
        "wait_time": 0,
        "Landing_success_rate": 0.8837
    }
]