[
    {
        "model": 2,
        "sequence": 6,
        "status": 1,
        "fuel": 7252,
        "fault": 0.7947,
        "weapon": 0,
        "pilot_injury": 0.1139,
        "pilot_skill": 0.084,
        "mission_priority": 0.3396,
        "estimated_landing_time": 570.0,
        "wait_time": 0,
        "Landing_success_rate": 0.877
    },
    {
        "model": 0,
        "sequence": 3,
        "status": 1,
        "fuel": 6810,
        "fault": 0.7511,
        "weapon": 1,
        "pilot_injury": 0.7836,
        "pilot_skill": 0.6599,
        "mission_priority": 0.5176,
        "estimated_landing_time": 288.0,
        "wait_time": 0,
        "Landing_success_rate": 0.8745
    },
    {
        "model": 2,
        "sequence": 7,
        "status": 1,
        "fuel": 5810,
        "fault": 0.7151,
        "weapon": 1,
        "pilot_injury": 0.375,
        "pilot_skill": 0.1069,
        "mission_priority": 0.4938,
        "estimated_landing_time": 664.0,
        "wait_time": 0,
        "Landing_success_rate": 0.8566
    },
    {
        "model": 1,
        "sequence": 13,
        "status": 1,
        "fuel": 6903,
        "fault": 0.3952,
        "weapon": 1,
        "pilot_injury": 0.011,
        "pilot_skill": 0.8863,
        "mission_priority": 0.2715,
        "estimated_landing_time": 1228.0,
        "wait_time": 0,
        "Landing_success_rate": 0.9136
    },
    {
        "model": 1,
        "sequence": 2,
        "status": 1,
        "fuel": 7498,
        "fault": 0.1466,
        "weapon": 0,
        "pilot_injury": 0.8639,
        "pilot_skill": 0.5962,
        "mission_priority": 0.5744,
        "estimated_landing_time": 194.0,
        "wait_time": 0,
        "Landing_success_rate": 0.9779
    },
    {
        "model": 0,
        "sequence": 16,
        "status": 1,
        "fuel": 7156,
        "fault": 0.582,
        "weapon": 1,
        "pilot_injury": 0.8901,
        "pilot_skill": 0.5527,
        "mission_priority": 0.9676,
        "estimated_landing_time": 1510.0,
        "wait_time": 0,
        "Landing_success_rate": 0.9019
    },
    {
        "model": 0,
        "sequence": 8,
        "status": 1,
        "fuel": 6149,
        "fault": 0.4023,
        "weapon": 0,
        "pilot_injury": 0.8495,
        "pilot_skill": 0.4998,
        "mission_priority": 0.3876,
        "estimated_landing_time": 758.0,
        "wait_time": 0,
        "Landing_success_rate": 0.8791
    },
    {
        "model": 0,
        "sequence": 4,
        "status": 1,
        "fuel": 7182,
        "fault": 0.5322,
        "weapon": 1,
        "pilot_injury": 0.5065,
        "pilot_skill": 0.8709,
        "mission_priority": 0.2135,
        "estimated_landing_time": 382.0,
        "wait_time": 0,
        "Landing_success_rate": 0.909
    },
    {
        "model": 1,
        "sequence": 18,
        "status": 1,
        "fuel": 6345,
        "fault": 0.9181,
        "weapon": 1,
        "pilot_injury": 0.4286,
        "pilot_skill": 0.3584,
        "mission_priority": 0.4405,
        "estimated_landing_time": 1698.0,
        "wait_time": 0,
        "Landing_success_rate": 0.8552
    },
    {
        "model": 2,
        "sequence": 5,
        "status": 1,
        "fuel": 6351,
        "fault": 0.1253,
        "weapon": 1,
        "pilot_injury": 0.8007,
        "pilot_skill": 0.4521,
        "mission_priority": 0.8175,
        "estimated_landing_time": 476.0,
        "wait_time": 0,
        "Landing_success_rate": 0.9058
    },
    {
        "model": 2,
        "sequence": 11,
        "status": 1,
        "fuel": 6234,
        "fault": 0.5533,
        "weapon": 0,
        "pilot_injury": 0.658,
        "pilot_skill": 0.7177,
        "mission_priority": 0.558,
        "estimated_landing_time": 1040.0,
        "wait_time": 0,
        "Landing_success_rate": 0.8746
    },
    {
        "model": 0,
        "sequence": 12,
        "status": 1,
        "fuel": 5937,
        "fault": 0.0649,
        "weapon": 1,
        "pilot_injury": 0.2853,
        "pilot_skill": 0.2826,
        "mission_priority": 0.6734,
        "estimated_landing_time": 1134.0,
        "wait_time": 0,
        "Landing_success_rate": 0.8806
    },
    {
        "model": 0,
        "sequence": 10,
        "status": 1,
        "fuel": 7412,
        "fault": 0.6817,
        "weapon": 1,
        "pilot_injury": 0.2653,
        "pilot_skill": 0.31,
        "mission_priority": 0.5279,
        "estimated_landing_time": 946.0,
        "wait_time": 0,
        "Landing_success_rate": 0.8956
    },
    {
        "model": 2,
        "sequence": 15,
        "status": 1,
        "fuel": 7159,
        "fault": 0.5751,
        "weapon": 1,
        "pilot_injury": 0.0854,
        "pilot_skill": 0.4444,
        "mission_priority": 0.8494,
        "estimated_landing_time": 1416.0,
        "wait_time": 0,
        "Landing_success_rate": 0.9029
    },
    {
        "model": 0,
        "sequence": 1,
        "status": 1,
        "fuel": 6032,
        "fault": 0.3119,
        "weapon": 0,
        "pilot_injury": 0.4208,
        "pilot_skill": 0.7067,
        "mission_priority": 0.9733,
        "estimated_landing_time": 100.0,
        "wait_time": 0,
        "Landing_success_rate": 0.8775
    },
    {
        "model": 2,
        "sequence": 17,
        "status": 1,
        "fuel": 6821,
        "fault": 0.5697,
        "weapon": 1,
        "pilot_injury": 0.9982,
        "pilot_skill": 0.0035,
        "mission_priority": 0.0276,
        "estimated_landing_time": 1604.0,
        "wait_time": 0,
        "Landing_success_rate": 0.8926
    },
    {
        "model": 2,
        "sequence": 9,
        "status": 1,
        "fuel": 7131,
        "fault": 0.1806,
        "weapon": 1,
        "pilot_injury": 0.0608,
        "pilot_skill": 0.2371,
        "mission_priority": 0.4261,
        "estimated_landing_time": 852.0,
        "wait_time": 0,
        "Landing_success_rate": 0.9502
    },
    {
        "model": 2,
        "sequence": 14,
        "status": 1,
        "fuel": 6526,
        "fault": 0.971,
        "weapon": 0,
        "pilot_injury": 0.2376,
        "pilot_skill": 0.5033,
        "mission_priority": 0.9262,
        "estimated_landing_time": 1322.0,
        "wait_time": 0,
        "Landing_success_rate": 0.8522
    }
]