[
    {
        "model": 2,
        "sequence": 9,
        "status": 1,
        "fuel": 7006,
        "fault": 0.0468,
        "weapon": 1,
        "pilot_injury": 0.9158,
        "pilot_skill": 0.4063,
        "mission_priority": 0.1282,
        "estimated_landing_time": 852.0,
        "wait_time": 0,
        "Landing_success_rate": 0.9577
    },
    {
        "model": 0,
        "sequence": 4,
        "status": 1,
        "fuel": 6368,
        "fault": 0.6502,
        "weapon": 0,
        "pilot_injury": 0.6774,
        "pilot_skill": 0.9672,
        "mission_priority": 0.0145,
        "estimated_landing_time": 382.0,
        "wait_time": 0,
        "Landing_success_rate": 0.8728
    },
    {
        "model": 2,
        "sequence": 6,
        "status": 1,
        "fuel": 5980,
        "fault": 0.0812,
        "weapon": 1,
        "pilot_injury": 0.9027,
        "pilot_skill": 0.5762,
        "mission_priority": 0.4467,
        "estimated_landing_time": 570.0,
        "wait_time": 0,
        "Landing_success_rate": 0.8831
    },
    {
        "model": 1,
        "sequence": 7,
        "status": 1,
        "fuel": 7418,
        "fault": 0.9936,
        "weapon": 0,
        "pilot_injury": 0.2825,
        "pilot_skill": 0.1075,
        "mission_priority": 0.433,
        "estimated_landing_time": 664.0,
        "wait_time": 0,
        "Landing_success_rate": 0.8509
    },
    {
        "model": 2,
        "sequence": 10,
        "status": 1,
        "fuel": 7086,
        "fault": 0.9396,
        "weapon": 0,
        "pilot_injury": 0.991,
        "pilot_skill": 0.5741,
        "mission_priority": 0.6936,
        "estimated_landing_time": 946.0,
        "wait_time": 0,
        "Landing_success_rate": 0.8572
    },
    {
        "model": 2,
        "sequence": 17,
        "status": 1,
        "fuel": 7432,
        "fault": 0.6094,
        "weapon": 1,
        "pilot_injury": 0.9441,
        "pilot_skill": 0.6588,
        "mission_priority": 0.4761,
        "estimated_landing_time": 1604.0,
        "wait_time": 0,
        "Landing_success_rate": 0.9066
    },
    {
        "model": 0,
        "sequence": 8,
        "status": 1,
        "fuel": 7141,
        "fault": 0.5163,
        "weapon": 0,
        "pilot_injury": 0.3345,
        "pilot_skill": 0.3245,
        "mission_priority": 0.6946,
        "estimated_landing_time": 758.0,
        "wait_time": 0,
        "Landing_success_rate": 0.9095
    },
    {
        "model": 1,
        "sequence": 2,
        "status": 1,
        "fuel": 5843,
        "fault": 0.7252,
        "weapon": 1,
        "pilot_injury": 0.9696,
        "pilot_skill": 0.4277,
        "mission_priority": 0.5661,
        "estimated_landing_time": 194.0,
        "wait_time": 0,
        "Landing_success_rate": 0.8571
    },
    {
        "model": 1,
        "sequence": 11,
        "status": 1,
        "fuel": 5532,
        "fault": 0.4531,
        "weapon": 0,
        "pilot_injury": 0.3111,
        "pilot_skill": 0.7977,
        "mission_priority": 0.1102,
        "estimated_landing_time": 1040.0,
        "wait_time": 0,
        "Landing_success_rate": 0.8513
    },
    {
        "model": 1,
        "sequence": 18,
        "status": 1,
        "fuel": 7041,
        "fault": 0.1754,
        "weapon": 0,
        "pilot_injury": 0.6158,
        "pilot_skill": 0.218,
        "mission_priority": 0.7722,
        "estimated_landing_time": 1698.0,
        "wait_time": 0,
        "Landing_success_rate": 0.9453
    },
    {
        "model": 2,
        "sequence": 1,
        "status": 1,
        "fuel": 6069,
        "fault": 0.42,
        "weapon": 1,
        "pilot_injury": 0.8616,
        "pilot_skill": 0.3624,
        "mission_priority": 0.3858,
        "estimated_landing_time": 100.0,
        "wait_time": 0,
        "Landing_success_rate": 0.8748
    },
    {
        "model": 0,
        "sequence": 13,
        "status": 1,
        "fuel": 6277,
        "fault": 0.275,
        "weapon": 1,
        "pilot_injury": 0.0809,
        "pilot_skill": 0.1363,
        "mission_priority": 0.5625,
        "estimated_landing_time": 1228.0,
        "wait_time": 0,
        "Landing_success_rate": 0.8922
    },
    {
        "model": 2,
        "sequence": 15,
        "status": 1,
        "fuel": 6476,
        "fault": 0.8212,
        "weapon": 0,
        "pilot_injury": 0.6469,
        "pilot_skill": 0.0156,
        "mission_priority": 0.1802,
        "estimated_landing_time": 1416.0,
        "wait_time": 0,
        "Landing_success_rate": 0.8631
    },
    {
        "model": 0,
        "sequence": 14,
        "status": 1,
        "fuel": 7437,
        "fault": 0.7687,
        "weapon": 0,
        "pilot_injury": 0.3056,
        "pilot_skill": 0.0453,
        "mission_priority": 0.586,
        "estimated_landing_time": 1322.0,
        "wait_time": 0,
        "Landing_success_rate": 0.8836
    },
    {
        "model": 1,
        "sequence": 3,
        "status": 1,
        "fuel": 6576,
        "fault": 0.7615,
        "weapon": 0,
        "pilot_injury": 0.687,
        "pilot_skill": 0.9741,
        "mission_priority": 0.8489,
        "estimated_landing_time": 288.0,
        "wait_time": 0,
        "Landing_success_rate": 0.8692
    },
    {
        "model": 2,
        "sequence": 12,
        "status": 1,
        "fuel": 7359,
        "fault": 0.2286,
        "weapon": 1,
        "pilot_injury": 0.8121,
        "pilot_skill": 0.5782,
        "mission_priority": 0.0615,
        "estimated_landing_time": 1134.0,
        "wait_time": 0,
        "Landing_success_rate": 0.9576
    },
    {
        "model": 0,
        "sequence": 16,
        "status": 1,
        "fuel": 6377,
        "fault": 0.3941,
        "weapon": 1,
        "pilot_injury": 0.7148,
        "pilot_skill": 0.6806,
        "mission_priority": 0.9929,
        "estimated_landing_time": 1510.0,
        "wait_time": 0,
        "Landing_success_rate": 0.8899
    },
    {
        "model": 2,
        "sequence": 5,
        "status": 1,
        "fuel": 6997,
        "fault": 0.9409,
        "weapon": 1,
        "pilot_injury": 0.2683,
        "pilot_skill": 0.34,
        "mission_priority": 0.917,
        "estimated_landing_time": 476.0,
        "wait_time": 0,
        "Landing_success_rate": 0.8566
    }
]