[
    {
        "model": 2,
        "sequence": 17,
        "status": 1,
        "fuel": 7067,
        "fault": 0.9385,
        "weapon": 1,
        "pilot_injury": 0.9887,
        "pilot_skill": 0.602,
        "mission_priority": 0.7856,
        "estimated_landing_time": 1604.0,
        "wait_time": 0,
        "Landing_success_rate": 0.8572
    },
    {
        "model": 0,
        "sequence": 3,
        "status": 1,
        "fuel": 6808,
        "fault": 0.6287,
        "weapon": 1,
        "pilot_injury": 0.7164,
        "pilot_skill": 0.4544,
        "mission_priority": 0.4742,
        "estimated_landing_time": 288.0,
        "wait_time": 0,
        "Landing_success_rate": 0.8864
    },
    {
        "model": 0,
        "sequence": 12,
        "status": 1,
        "fuel": 6069,
        "fault": 0.6244,
        "weapon": 0,
        "pilot_injury": 0.2411,
        "pilot_skill": 0.1546,
        "mission_priority": 0.8864,
        "estimated_landing_time": 1134.0,
        "wait_time": 0,
        "Landing_success_rate": 0.866
    },
    {
        "model": 1,
        "sequence": 14,
        "status": 1,
        "fuel": 6651,
        "fault": 0.6349,
        "weapon": 0,
        "pilot_injury": 0.1198,
        "pilot_skill": 0.7,
        "mission_priority": 0.0061,
        "estimated_landing_time": 1322.0,
        "wait_time": 0,
        "Landing_success_rate": 0.8815
    },
    {
        "model": 1,
        "sequence": 7,
        "status": 1,
        "fuel": 7487,
        "fault": 0.0002,
        "weapon": 0,
        "pilot_injury": 0.8497,
        "pilot_skill": 0.9585,
        "mission_priority": 0.9588,
        "estimated_landing_time": 664.0,
        "wait_time": 0,
        "Landing_success_rate": 0.999
    },
    {
        "model": 0,
        "sequence": 5,
        "status": 1,
        "fuel": 7356,
        "fault": 0.5604,
        "weapon": 1,
        "pilot_injury": 0.5997,
        "pilot_skill": 0.35,
        "mission_priority": 0.4441,
        "estimated_landing_time": 476.0,
        "wait_time": 0,
        "Landing_success_rate": 0.9112
    },
    {
        "model": 0,
        "sequence": 1,
        "status": 1,
        "fuel": 6676,
        "fault": 0.4992,
        "weapon": 0,
        "pilot_injury": 0.2408,
        "pilot_skill": 0.4605,
        "mission_priority": 0.4806,
        "estimated_landing_time": 100.0,
        "wait_time": 0,
        "Landing_success_rate": 0.8942
    },
    {
        "model": 1,
        "sequence": 9,
        "status": 1,
        "fuel": 7014,
        "fault": 0.6918,
        "weapon": 1,
        "pilot_injury": 0.6919,
        "pilot_skill": 0.6631,
        "mission_priority": 0.5267,
        "estimated_landing_time": 852.0,
        "wait_time": 0,
        "Landing_success_rate": 0.885
    },
    {
        "model": 0,
        "sequence": 6,
        "status": 1,
        "fuel": 7160,
        "fault": 0.4175,
        "weapon": 0,
        "pilot_injury": 0.9573,
        "pilot_skill": 0.9955,
        "mission_priority": 0.7305,
        "estimated_landing_time": 570.0,
        "wait_time": 0,
        "Landing_success_rate": 0.9225
    },
    {
        "model": 1,
        "sequence": 11,
        "status": 1,
        "fuel": 6442,
        "fault": 0.4299,
        "weapon": 1,
        "pilot_injury": 0.4148,
        "pilot_skill": 0.8566,
        "mission_priority": 0.7219,
        "estimated_landing_time": 1040.0,
        "wait_time": 0,
        "Landing_success_rate": 0.8903
    },
    {
        "model": 2,
        "sequence": 18,
        "status": 1,
        "fuel": 6240,
        "fault": 0.9196,
        "weapon": 1,
        "pilot_injury": 0.1303,
        "pilot_skill": 0.1148,
        "mission_priority": 0.048,
        "estimated_landing_time": 1698.0,
        "wait_time": 0,
        "Landing_success_rate": 0.8545
    },
    {
        "model": 2,
        "sequence": 2,
        "status": 1,
        "fuel": 7354,
        "fault": 0.2447,
        "weapon": 1,
        "pilot_injury": 0.7344,
        "pilot_skill": 0.6862,
        "mission_priority": 0.3181,
        "estimated_landing_time": 194.0,
        "wait_time": 0,
        "Landing_success_rate": 0.955
    },
    {
        "model": 0,
        "sequence": 4,
        "status": 1,
        "fuel": 7481,
        "fault": 0.9794,
        "weapon": 1,
        "pilot_injury": 0.7373,
        "pilot_skill": 0.4504,
        "mission_priority": 0.3235,
        "estimated_landing_time": 382.0,
        "wait_time": 0,
        "Landing_success_rate": 0.8531
    },
    {
        "model": 2,
        "sequence": 10,
        "status": 1,
        "fuel": 6698,
        "fault": 0.4659,
        "weapon": 1,
        "pilot_injury": 0.518,
        "pilot_skill": 0.7434,
        "mission_priority": 0.8156,
        "estimated_landing_time": 946.0,
        "wait_time": 0,
        "Landing_success_rate": 0.898
    },
    {
        "model": 2,
        "sequence": 13,
        "status": 1,
        "fuel": 6931,
        "fault": 0.1626,
        "weapon": 1,
        "pilot_injury": 0.3793,
        "pilot_skill": 0.7717,
        "mission_priority": 0.5179,
        "estimated_landing_time": 1228.0,
        "wait_time": 0,
        "Landing_success_rate": 0.9399
    },
    {
        "model": 2,
        "sequence": 15,
        "status": 1,
        "fuel": 6888,
        "fault": 0.0934,
        "weapon": 1,
        "pilot_injury": 0.9159,
        "pilot_skill": 0.2777,
        "mission_priority": 0.1879,
        "estimated_landing_time": 1416.0,
        "wait_time": 0,
        "Landing_success_rate": 0.9444
    },
    {
        "model": 2,
        "sequence": 16,
        "status": 1,
        "fuel": 6136,
        "fault": 0.8595,
        "weapon": 1,
        "pilot_injury": 0.3701,
        "pilot_skill": 0.1734,
        "mission_priority": 0.0984,
        "estimated_landing_time": 1510.0,
        "wait_time": 0,
        "Landing_success_rate": 0.8567
    },
    {
        "model": 1,
        "sequence": 8,
        "status": 1,
        "fuel": 6537,
        "fault": 0.5492,
        "weapon": 0,
        "pilot_injury": 0.1564,
        "pilot_skill": 0.6839,
        "mission_priority": 0.0197,
        "estimated_landing_time": 758.0,
        "wait_time": 0,
        "Landing_success_rate": 0.8851
    }
]