[
    {
        "model": 1,
        "sequence": 10,
        "status": 1,
        "fuel": 6563,
        "fault": 0.3806,
        "weapon": 0,
        "pilot_injury": 0.9445,
        "pilot_skill": 0.1699,
        "mission_priority": 0.972,
        "estimated_landing_time": 946.0,
        "wait_time": 0,
        "Landing_success_rate": 0.8994
    },
    {
        "model": 0,
        "sequence": 9,
        "status": 1,
        "fuel": 5850,
        "fault": 0.7184,
        "weapon": 0,
        "pilot_injury": 0.9829,
        "pilot_skill": 0.0358,
        "mission_priority": 0.6608,
        "estimated_landing_time": 852.0,
        "wait_time": 0,
        "Landing_success_rate": 0.8574
    },
    {
        "model": 1,
        "sequence": 5,
        "status": 1,
        "fuel": 6322,
        "fault": 0.6006,
        "weapon": 1,
        "pilot_injury": 0.5775,
        "pilot_skill": 0.3064,
        "mission_priority": 0.6668,
        "estimated_landing_time": 476.0,
        "wait_time": 0,
        "Landing_success_rate": 0.8746
    },
    {
        "model": 0,
        "sequence": 3,
        "status": 1,
        "fuel": 6177,
        "fault": 0.9778,
        "weapon": 1,
        "pilot_injury": 0.1818,
        "pilot_skill": 0.6013,
        "mission_priority": 0.8292,
        "estimated_landing_time": 288.0,
        "wait_time": 0,
        "Landing_success_rate": 0.8511
    },
    {
        "model": 1,
        "sequence": 15,
        "status": 1,
        "fuel": 6665,
        "fault": 0.5532,
        "weapon": 1,
        "pilot_injury": 0.5118,
        "pilot_skill": 0.3882,
        "mission_priority": 0.4575,
        "estimated_landing_time": 1416.0,
        "wait_time": 0,
        "Landing_success_rate": 0.889
    },
    {
        "model": 1,
        "sequence": 17,
        "status": 1,
        "fuel": 6472,
        "fault": 0.4018,
        "weapon": 0,
        "pilot_injury": 0.4306,
        "pilot_skill": 0.4573,
        "mission_priority": 0.4996,
        "estimated_landing_time": 1604.0,
        "wait_time": 0,
        "Landing_success_rate": 0.8936
    },
    {
        "model": 1,
        "sequence": 18,
        "status": 1,
        "fuel": 5661,
        "fault": 0.2077,
        "weapon": 1,
        "pilot_injury": 0.6862,
        "pilot_skill": 0.3292,
        "mission_priority": 0.4106,
        "estimated_landing_time": 1698.0,
        "wait_time": 0,
        "Landing_success_rate": 0.8596
    },
    {
        "model": 1,
        "sequence": 8,
        "status": 1,
        "fuel": 7025,
        "fault": 0.2691,
        "weapon": 1,
        "pilot_injury": 0.9644,
        "pilot_skill": 0.1725,
        "mission_priority": 0.2417,
        "estimated_landing_time": 758.0,
        "wait_time": 0,
        "Landing_success_rate": 0.9336
    },
    {
        "model": 1,
        "sequence": 11,
        "status": 1,
        "fuel": 7379,
        "fault": 0.6659,
        "weapon": 0,
        "pilot_injury": 0.7316,
        "pilot_skill": 0.1745,
        "mission_priority": 0.2367,
        "estimated_landing_time": 1040.0,
        "wait_time": 0,
        "Landing_success_rate": 0.8971
    },
    {
        "model": 2,
        "sequence": 7,
        "status": 1,
        "fuel": 7410,
        "fault": 0.3929,
        "weapon": 0,
        "pilot_injury": 0.4223,
        "pilot_skill": 0.4866,
        "mission_priority": 0.5942,
        "estimated_landing_time": 664.0,
        "wait_time": 0,
        "Landing_success_rate": 0.937
    },
    {
        "model": 1,
        "sequence": 13,
        "status": 1,
        "fuel": 7108,
        "fault": 0.3776,
        "weapon": 0,
        "pilot_injury": 0.3986,
        "pilot_skill": 0.082,
        "mission_priority": 0.5268,
        "estimated_landing_time": 1228.0,
        "wait_time": 0,
        "Landing_success_rate": 0.9251
    },
    {
        "model": 1,
        "sequence": 14,
        "status": 1,
        "fuel": 6810,
        "fault": 0.8896,
        "weapon": 1,
        "pilot_injury": 0.1127,
        "pilot_skill": 0.0802,
        "mission_priority": 0.8479,
        "estimated_landing_time": 1322.0,
        "wait_time": 0,
        "Landing_success_rate": 0.8608
    },
    {
        "model": 1,
        "sequence": 12,
        "status": 1,
        "fuel": 6382,
        "fault": 0.6357,
        "weapon": 1,
        "pilot_injury": 0.3583,
        "pilot_skill": 0.3288,
        "mission_priority": 0.0916,
        "estimated_landing_time": 1134.0,
        "wait_time": 0,
        "Landing_success_rate": 0.8741
    },
    {
        "model": 0,
        "sequence": 1,
        "status": 1,
        "fuel": 6784,
        "fault": 0.9835,
        "weapon": 1,
        "pilot_injury": 0.4938,
        "pilot_skill": 0.311,
        "mission_priority": 0.3686,
        "estimated_landing_time": 100.0,
        "wait_time": 0,
        "Landing_success_rate": 0.8516
    },
    {
        "model": 1,
        "sequence": 4,
        "status": 1,
        "fuel": 6201,
        "fault": 0.3152,
        "weapon": 1,
        "pilot_injury": 0.3418,
        "pilot_skill": 0.6755,
        "mission_priority": 0.2958,
        "estimated_landing_time": 382.0,
        "wait_time": 0,
        "Landing_success_rate": 0.886
    },
    {
        "model": 2,
        "sequence": 16,
        "status": 1,
        "fuel": 5701,
        "fault": 0.3267,
        "weapon": 1,
        "pilot_injury": 0.004,
        "pilot_skill": 0.4921,
        "mission_priority": 0.2558,
        "estimated_landing_time": 1510.0,
        "wait_time": 0,
        "Landing_success_rate": 0.8601
    },
    {
        "model": 1,
        "sequence": 2,
        "status": 1,
        "fuel": 5565,
        "fault": 0.3653,
        "weapon": 1,
        "pilot_injury": 0.3224,
        "pilot_skill": 0.4261,
        "mission_priority": 0.8273,
        "estimated_landing_time": 194.0,
        "wait_time": 0,
        "Landing_success_rate": 0.8531
    },
    {
        "model": 0,
        "sequence": 6,
        "status": 1,
        "fuel": 7188,
        "fault": 0.71,
        "weapon": 1,
        "pilot_injury": 0.2416,
        "pilot_skill": 0.589,
        "mission_priority": 0.6857,
        "estimated_landing_time": 570.0,
        "wait_time": 0,
        "Landing_success_rate": 0.8867
    }
]