[
    {
        "model": 2,
        "sequence": 11,
        "status": 1,
        "fuel": 6883,
        "fault": 0.5936,
        "weapon": 1,
        "pilot_injury": 0.1711,
        "pilot_skill": 0.9136,
        "mission_priority": 0.6816,
        "estimated_landing_time": 1040.0,
        "wait_time": 0,
        "Landing_success_rate": 0.8922
    },
    {
        "model": 2,
        "sequence": 8,
        "status": 1,
        "fuel": 6451,
        "fault": 0.1621,
        "weapon": 1,
        "pilot_injury": 0.0752,
        "pilot_skill": 0.4286,
        "mission_priority": 0.2391,
        "estimated_landing_time": 758.0,
        "wait_time": 0,
        "Landing_success_rate": 0.9098
    },
    {
        "model": 0,
        "sequence": 10,
        "status": 1,
        "fuel": 5730,
        "fault": 0.7649,
        "weapon": 0,
        "pilot_injury": 0.9663,
        "pilot_skill": 0.4546,
        "mission_priority": 0.7862,
        "estimated_landing_time": 946.0,
        "wait_time": 0,
        "Landing_success_rate": 0.8541
    },
    {
        "model": 2,
        "sequence": 3,
        "status": 1,
        "fuel": 6708,
        "fault": 0.1424,
        "weapon": 1,
        "pilot_injury": 0.2427,
        "pilot_skill": 0.6079,
        "mission_priority": 0.97,
        "estimated_landing_time": 288.0,
        "wait_time": 0,
        "Landing_success_rate": 0.9277
    },
    {
        "model": 2,
        "sequence": 5,
        "status": 1,
        "fuel": 6507,
        "fault": 0.1875,
        "weapon": 1,
        "pilot_injury": 0.887,
        "pilot_skill": 0.2003,
        "mission_priority": 0.2461,
        "estimated_landing_time": 476.0,
        "wait_time": 0,
        "Landing_success_rate": 0.9114
    },
    {
        "model": 2,
        "sequence": 7,
        "status": 1,
        "fuel": 5822,
        "fault": 0.4407,
        "weapon": 0,
        "pilot_injury": 0.1911,
        "pilot_skill": 0.4205,
        "mission_priority": 0.5896,
        "estimated_landing_time": 664.0,
        "wait_time": 0,
        "Landing_success_rate": 0.8635
    },
    {
        "model": 1,
        "sequence": 12,
        "status": 1,
        "fuel": 6503,
        "fault": 0.2572,
        "weapon": 0,
        "pilot_injury": 0.9206,
        "pilot_skill": 0.9151,
        "mission_priority": 0.3921,
        "estimated_landing_time": 1134.0,
        "wait_time": 0,
        "Landing_success_rate": 0.9059
    },
    {
        "model": 2,
        "sequence": 9,
        "status": 1,
        "fuel": 7251,
        "fault": 0.582,
        "weapon": 0,
        "pilot_injury": 0.663,
        "pilot_skill": 0.3823,
        "mission_priority": 0.4142,
        "estimated_landing_time": 852.0,
        "wait_time": 0,
        "Landing_success_rate": 0.9049
    },
    {
        "model": 0,
        "sequence": 6,
        "status": 1,
        "fuel": 6671,
        "fault": 0.2416,
        "weapon": 1,
        "pilot_injury": 0.4581,
        "pilot_skill": 0.6864,
        "mission_priority": 0.742,
        "estimated_landing_time": 570.0,
        "wait_time": 0,
        "Landing_success_rate": 0.9166
    },
    {
        "model": 0,
        "sequence": 2,
        "status": 1,
        "fuel": 6375,
        "fault": 0.468,
        "weapon": 0,
        "pilot_injury": 0.7646,
        "pilot_skill": 0.0065,
        "mission_priority": 0.477,
        "estimated_landing_time": 194.0,
        "wait_time": 0,
        "Landing_success_rate": 0.8849
    },
    {
        "model": 0,
        "sequence": 16,
        "status": 1,
        "fuel": 5903,
        "fault": 0.835,
        "weapon": 0,
        "pilot_injury": 0.4741,
        "pilot_skill": 0.6446,
        "mission_priority": 0.9069,
        "estimated_landing_time": 1510.0,
        "wait_time": 0,
        "Landing_success_rate": 0.855
    },
    {
        "model": 2,
        "sequence": 1,
        "status": 1,
        "fuel": 6991,
        "fault": 0.4585,
        "weapon": 1,
        "pilot_injury": 0.9807,
        "pilot_skill": 0.7056,
        "mission_priority": 0.5733,
        "estimated_landing_time": 100.0,
        "wait_time": 0,
        "Landing_success_rate": 0.9106
    },
    {
        "model": 0,
        "sequence": 4,
        "status": 1,
        "fuel": 7003,
        "fault": 0.6551,
        "weapon": 0,
        "pilot_injury": 0.5654,
        "pilot_skill": 0.7972,
        "mission_priority": 0.4381,
        "estimated_landing_time": 382.0,
        "wait_time": 0,
        "Landing_success_rate": 0.8889
    },
    {
        "model": 1,
        "sequence": 13,
        "status": 1,
        "fuel": 5778,
        "fault": 0.5207,
        "weapon": 1,
        "pilot_injury": 0.7446,
        "pilot_skill": 0.419,
        "mission_priority": 0.486,
        "estimated_landing_time": 1228.0,
        "wait_time": 0,
        "Landing_success_rate": 0.86
    },
    {
        "model": 0,
        "sequence": 14,
        "status": 1,
        "fuel": 7018,
        "fault": 0.7008,
        "weapon": 0,
        "pilot_injury": 0.0968,
        "pilot_skill": 0.5203,
        "mission_priority": 0.5288,
        "estimated_landing_time": 1322.0,
        "wait_time": 0,
        "Landing_success_rate": 0.8841
    },
    {
        "model": 2,
        "sequence": 15,
        "status": 1,
        "fuel": 6748,
        "fault": 0.9683,
        "weapon": 1,
        "pilot_injury": 0.4758,
        "pilot_skill": 0.8473,
        "mission_priority": 0.474,
        "estimated_landing_time": 1416.0,
        "wait_time": 0,
        "Landing_success_rate": 0.853
    },
    {
        "model": 1,
        "sequence": 17,
        "status": 1,
        "fuel": 6316,
        "fault": 0.9426,
        "weapon": 1,
        "pilot_injury": 0.9515,
        "pilot_skill": 0.2717,
        "mission_priority": 0.8687,
        "estimated_landing_time": 1604.0,
        "wait_time": 0,
        "Landing_success_rate": 0.8535
    },
    {
        "model": 0,
        "sequence": 18,
        "status": 1,
        "fuel": 6408,
        "fault": 0.5851,
        "weapon": 1,
        "pilot_injury": 0.5758,
        "pilot_skill": 0.9771,
        "mission_priority": 0.9743,
        "estimated_landing_time": 1698.0,
        "wait_time": 0,
        "Landing_success_rate": 0.8783
    }
]