[
    {
        "model": 0,
        "sequence": 7,
        "status": 1,
        "fuel": 6758,
        "fault": 0.3439,
        "weapon": 0,
        "pilot_injury": 0.7875,
        "pilot_skill": 0.4511,
        "mission_priority": 0.1169,
        "estimated_landing_time": 664.0,
        "wait_time": 0,
        "Landing_success_rate": 0.9119
    },
    {
        "model": 2,
        "sequence": 9,
        "status": 1,
        "fuel": 5771,
        "fault": 0.8371,
        "weapon": 1,
        "pilot_injury": 0.1005,
        "pilot_skill": 0.1103,
        "mission_priority": 0.7801,
        "estimated_landing_time": 852.0,
        "wait_time": 0,
        "Landing_success_rate": 0.8533
    },
    {
        "model": 0,
        "sequence": 10,
        "status": 1,
        "fuel": 6071,
        "fault": 0.2296,
        "weapon": 1,
        "pilot_injury": 0.8539,
        "pilot_skill": 0.8302,
        "mission_priority": 0.0688,
        "estimated_landing_time": 946.0,
        "wait_time": 0,
        "Landing_success_rate": 0.883
    },
    {
        "model": 1,
        "sequence": 11,
        "status": 1,
        "fuel": 6057,
        "fault": 0.7227,
        "weapon": 1,
        "pilot_injury": 0.1313,
        "pilot_skill": 0.662,
        "mission_priority": 0.4525,
        "estimated_landing_time": 1040.0,
        "wait_time": 0,
        "Landing_success_rate": 0.8616
    },
    {
        "model": 1,
        "sequence": 3,
        "status": 1,
        "fuel": 5825,
        "fault": 0.2897,
        "weapon": 1,
        "pilot_injury": 0.951,
        "pilot_skill": 0.1049,
        "mission_priority": 0.0406,
        "estimated_landing_time": 288.0,
        "wait_time": 0,
        "Landing_success_rate": 0.8673
    },
    {
        "model": 1,
        "sequence": 12,
        "status": 1,
        "fuel": 7324,
        "fault": 0.4263,
        "weapon": 1,
        "pilot_injury": 0.3862,
        "pilot_skill": 0.65,
        "mission_priority": 0.8801,
        "estimated_landing_time": 1134.0,
        "wait_time": 0,
        "Landing_success_rate": 0.9285
    },
    {
        "model": 0,
        "sequence": 13,
        "status": 1,
        "fuel": 6183,
        "fault": 0.251,
        "weapon": 0,
        "pilot_injury": 0.5213,
        "pilot_skill": 0.4711,
        "mission_priority": 0.3069,
        "estimated_landing_time": 1228.0,
        "wait_time": 0,
        "Landing_success_rate": 0.8884
    },
    {
        "model": 1,
        "sequence": 18,
        "status": 1,
        "fuel": 7161,
        "fault": 0.6067,
        "weapon": 1,
        "pilot_injury": 0.8581,
        "pilot_skill": 0.1618,
        "mission_priority": 0.6924,
        "estimated_landing_time": 1698.0,
        "wait_time": 0,
        "Landing_success_rate": 0.899
    },
    {
        "model": 1,
        "sequence": 2,
        "status": 1,
        "fuel": 6638,
        "fault": 0.4968,
        "weapon": 1,
        "pilot_injury": 0.1714,
        "pilot_skill": 0.9958,
        "mission_priority": 0.5283,
        "estimated_landing_time": 194.0,
        "wait_time": 0,
        "Landing_success_rate": 0.8929
    },
    {
        "model": 0,
        "sequence": 16,
        "status": 1,
        "fuel": 6402,
        "fault": 0.8189,
        "weapon": 0,
        "pilot_injury": 0.6661,
        "pilot_skill": 0.9126,
        "mission_priority": 0.532,
        "estimated_landing_time": 1510.0,
        "wait_time": 0,
        "Landing_success_rate": 0.8623
    },
    {
        "model": 0,
        "sequence": 8,
        "status": 1,
        "fuel": 5535,
        "fault": 0.496,
        "weapon": 0,
        "pilot_injury": 0.2959,
        "pilot_skill": 0.3549,
        "mission_priority": 0.71,
        "estimated_landing_time": 758.0,
        "wait_time": 0,
        "Landing_success_rate": 0.8513
    },
    {
        "model": 0,
        "sequence": 15,
        "status": 1,
        "fuel": 6007,
        "fault": 0.4237,
        "weapon": 1,
        "pilot_injury": 0.3869,
        "pilot_skill": 0.4587,
        "mission_priority": 0.6284,
        "estimated_landing_time": 1416.0,
        "wait_time": 0,
        "Landing_success_rate": 0.8719
    },
    {
        "model": 0,
        "sequence": 14,
        "status": 1,
        "fuel": 6905,
        "fault": 0.7495,
        "weapon": 0,
        "pilot_injury": 0.289,
        "pilot_skill": 0.5286,
        "mission_priority": 0.366,
        "estimated_landing_time": 1322.0,
        "wait_time": 0,
        "Landing_success_rate": 0.8764
    },
    {
        "model": 2,
        "sequence": 6,
        "status": 1,
        "fuel": 6435,
        "fault": 0.59,
        "weapon": 1,
        "pilot_injury": 0.8158,
        "pilot_skill": 0.0364,
        "mission_priority": 0.0035,
        "estimated_landing_time": 570.0,
        "wait_time": 0,
        "Landing_success_rate": 0.8788
    },
    {
        "model": 0,
        "sequence": 1,
        "status": 1,
        "fuel": 7178,
        "fault": 0.9185,
        "weapon": 1,
        "pilot_injury": 0.4059,
        "pilot_skill": 0.6616,
        "mission_priority": 0.9534,
        "estimated_landing_time": 100.0,
        "wait_time": 0,
        "Landing_success_rate": 0.8603
    },
    {
        "model": 0,
        "sequence": 4,
        "status": 1,
        "fuel": 7469,
        "fault": 0.4094,
        "weapon": 0,
        "pilot_injury": 0.1862,
        "pilot_skill": 0.724,
        "mission_priority": 0.3532,
        "estimated_landing_time": 382.0,
        "wait_time": 0,
        "Landing_success_rate": 0.9372
    },
    {
        "model": 1,
        "sequence": 17,
        "status": 1,
        "fuel": 7109,
        "fault": 0.133,
        "weapon": 1,
        "pilot_injury": 0.3674,
        "pilot_skill": 0.1492,
        "mission_priority": 0.592,
        "estimated_landing_time": 1604.0,
        "wait_time": 0,
        "Landing_success_rate": 0.9546
    },
    {
        "model": 1,
        "sequence": 5,
        "status": 1,
        "fuel": 7438,
        "fault": 0.6104,
        "weapon": 0,
        "pilot_injury": 0.4414,
        "pilot_skill": 0.2926,
        "mission_priority": 0.5886,
        "estimated_landing_time": 476.0,
        "wait_time": 0,
        "Landing_success_rate": 0.9066
    }
]