[
    {
        "model": 2,
        "sequence": 4,
        "status": 1,
        "fuel": 6084,
        "fault": 0.0348,
        "weapon": 1,
        "pilot_injury": 0.8548,
        "pilot_skill": 0.0003,
        "mission_priority": 0.8823,
        "estimated_landing_time": 382.0,
        "wait_time": 0,
        "Landing_success_rate": 0.8923
    },
    {
        "model": 0,
        "sequence": 13,
        "status": 1,
        "fuel": 6072,
        "fault": 0.6532,
        "weapon": 1,
        "pilot_injury": 0.3617,
        "pilot_skill": 0.7382,
        "mission_priority": 0.4017,
        "estimated_landing_time": 1228.0,
        "wait_time": 0,
        "Landing_success_rate": 0.8649
    },
    {
        "model": 2,
        "sequence": 16,
        "status": 1,
        "fuel": 6937,
        "fault": 0.2326,
        "weapon": 0,
        "pilot_injury": 0.0713,
        "pilot_skill": 0.9221,
        "mission_priority": 0.051,
        "estimated_landing_time": 1510.0,
        "wait_time": 0,
        "Landing_success_rate": 0.9327
    },
    {
        "model": 1,
        "sequence": 5,
        "status": 1,
        "fuel": 7466,
        "fault": 0.7555,
        "weapon": 0,
        "pilot_injury": 0.3932,
        "pilot_skill": 0.2172,
        "mission_priority": 0.7591,
        "estimated_landing_time": 476.0,
        "wait_time": 0,
        "Landing_success_rate": 0.8861
    },
    {
        "model": 0,
        "sequence": 7,
        "status": 1,
        "fuel": 5917,
        "fault": 0.3592,
        "weapon": 0,
        "pilot_injury": 0.3762,
        "pilot_skill": 0.5063,
        "mission_priority": 0.3631,
        "estimated_landing_time": 664.0,
        "wait_time": 0,
        "Landing_success_rate": 0.87
    },
    {
        "model": 0,
        "sequence": 11,
        "status": 1,
        "fuel": 6865,
        "fault": 0.039,
        "weapon": 1,
        "pilot_injury": 0.3397,
        "pilot_skill": 0.4281,
        "mission_priority": 0.4037,
        "estimated_landing_time": 1040.0,
        "wait_time": 0,
        "Landing_success_rate": 0.9484
    },
    {
        "model": 2,
        "sequence": 9,
        "status": 1,
        "fuel": 7365,
        "fault": 0.54,
        "weapon": 0,
        "pilot_injury": 0.6668,
        "pilot_skill": 0.4716,
        "mission_priority": 0.7792,
        "estimated_landing_time": 852.0,
        "wait_time": 0,
        "Landing_success_rate": 0.9143
    },
    {
        "model": 1,
        "sequence": 12,
        "status": 1,
        "fuel": 6096,
        "fault": 0.8368,
        "weapon": 0,
        "pilot_injury": 0.0957,
        "pilot_skill": 0.0379,
        "mission_priority": 0.4568,
        "estimated_landing_time": 1134.0,
        "wait_time": 0,
        "Landing_success_rate": 0.8573
    },
    {
        "model": 1,
        "sequence": 14,
        "status": 1,
        "fuel": 5855,
        "fault": 0.618,
        "weapon": 1,
        "pilot_injury": 0.3842,
        "pilot_skill": 0.9095,
        "mission_priority": 0.8369,
        "estimated_landing_time": 1322.0,
        "wait_time": 0,
        "Landing_success_rate": 0.8602
    },
    {
        "model": 1,
        "sequence": 17,
        "status": 1,
        "fuel": 7223,
        "fault": 0.2668,
        "weapon": 0,
        "pilot_injury": 0.8882,
        "pilot_skill": 0.6945,
        "mission_priority": 0.3487,
        "estimated_landing_time": 1604.0,
        "wait_time": 0,
        "Landing_success_rate": 0.9447
    },
    {
        "model": 2,
        "sequence": 8,
        "status": 1,
        "fuel": 5669,
        "fault": 0.5518,
        "weapon": 1,
        "pilot_injury": 0.6988,
        "pilot_skill": 0.8964,
        "mission_priority": 0.4484,
        "estimated_landing_time": 758.0,
        "wait_time": 0,
        "Landing_success_rate": 0.8557
    },
    {
        "model": 2,
        "sequence": 3,
        "status": 1,
        "fuel": 7047,
        "fault": 0.6158,
        "weapon": 0,
        "pilot_injury": 0.4539,
        "pilot_skill": 0.0835,
        "mission_priority": 0.7714,
        "estimated_landing_time": 288.0,
        "wait_time": 0,
        "Landing_success_rate": 0.8946
    },
    {
        "model": 1,
        "sequence": 18,
        "status": 1,
        "fuel": 5845,
        "fault": 0.2265,
        "weapon": 0,
        "pilot_injury": 0.9109,
        "pilot_skill": 0.347,
        "mission_priority": 0.1021,
        "estimated_landing_time": 1698.0,
        "wait_time": 0,
        "Landing_success_rate": 0.87
    },
    {
        "model": 2,
        "sequence": 6,
        "status": 1,
        "fuel": 5855,
        "fault": 0.6427,
        "weapon": 1,
        "pilot_injury": 0.9427,
        "pilot_skill": 0.5123,
        "mission_priority": 0.1127,
        "estimated_landing_time": 570.0,
        "wait_time": 0,
        "Landing_success_rate": 0.8595
    },
    {
        "model": 1,
        "sequence": 15,
        "status": 1,
        "fuel": 7005,
        "fault": 0.2528,
        "weapon": 0,
        "pilot_injury": 0.3933,
        "pilot_skill": 0.7215,
        "mission_priority": 0.3248,
        "estimated_landing_time": 1416.0,
        "wait_time": 0,
        "Landing_success_rate": 0.9343
    },
    {
        "model": 2,
        "sequence": 10,
        "status": 1,
        "fuel": 6515,
        "fault": 0.3411,
        "weapon": 0,
        "pilot_injury": 0.9593,
        "pilot_skill": 0.7986,
        "mission_priority": 0.4585,
        "estimated_landing_time": 946.0,
        "wait_time": 0,
        "Landing_success_rate": 0.9002
    },
    {
        "model": 0,
        "sequence": 1,
        "status": 1,
        "fuel": 7215,
        "fault": 0.9351,
        "weapon": 0,
        "pilot_injury": 0.1572,
        "pilot_skill": 0.2105,
        "mission_priority": 0.366,
        "estimated_landing_time": 100.0,
        "wait_time": 0,
        "Landing_success_rate": 0.8583
    },
    {
        "model": 0,
        "sequence": 2,
        "status": 1,
        "fuel": 7481,
        "fault": 0.1318,
        "weapon": 0,
        "pilot_injury": 0.6488,
        "pilot_skill": 0.6192,
        "mission_priority": 0.8208,
        "estimated_landing_time": 194.0,
        "wait_time": 0,
        "Landing_success_rate": 0.979
    }
]