[
    {
        "model": 1,
        "sequence": 17,
        "status": 1,
        "fuel": 6943,
        "fault": 0.7606,
        "weapon": 1,
        "pilot_injury": 0.073,
        "pilot_skill": 0.7308,
        "mission_priority": 0.2991,
        "estimated_landing_time": 1604.0,
        "wait_time": 0,
        "Landing_success_rate": 0.8759
    },
    {
        "model": 1,
        "sequence": 7,
        "status": 1,
        "fuel": 6332,
        "fault": 0.2459,
        "weapon": 0,
        "pilot_injury": 0.8025,
        "pilot_skill": 0.5655,
        "mission_priority": 0.9016,
        "estimated_landing_time": 664.0,
        "wait_time": 0,
        "Landing_success_rate": 0.8971
    },
    {
        "model": 2,
        "sequence": 15,
        "status": 1,
        "fuel": 5880,
        "fault": 0.4832,
        "weapon": 0,
        "pilot_injury": 0.8919,
        "pilot_skill": 0.5765,
        "mission_priority": 0.9339,
        "estimated_landing_time": 1416.0,
        "wait_time": 0,
        "Landing_success_rate": 0.8647
    },
    {
        "model": 1,
        "sequence": 13,
        "status": 1,
        "fuel": 5946,
        "fault": 0.6042,
        "weapon": 0,
        "pilot_injury": 0.0455,
        "pilot_skill": 0.5892,
        "mission_priority": 0.7219,
        "estimated_landing_time": 1228.0,
        "wait_time": 0,
        "Landing_success_rate": 0.8632
    },
    {
        "model": 2,
        "sequence": 14,
        "status": 1,
        "fuel": 6149,
        "fault": 0.2787,
        "weapon": 1,
        "pilot_injury": 0.4442,
        "pilot_skill": 0.1769,
        "mission_priority": 0.6621,
        "estimated_landing_time": 1322.0,
        "wait_time": 0,
        "Landing_success_rate": 0.8851
    },
    {
        "model": 1,
        "sequence": 5,
        "status": 1,
        "fuel": 6626,
        "fault": 0.2523,
        "weapon": 0,
        "pilot_injury": 0.2306,
        "pilot_skill": 0.2914,
        "mission_priority": 0.8509,
        "estimated_landing_time": 476.0,
        "wait_time": 0,
        "Landing_success_rate": 0.9131
    },
    {
        "model": 2,
        "sequence": 12,
        "status": 1,
        "fuel": 6035,
        "fault": 0.9953,
        "weapon": 1,
        "pilot_injury": 0.4946,
        "pilot_skill": 0.0845,
        "mission_priority": 0.9853,
        "estimated_landing_time": 1134.0,
        "wait_time": 0,
        "Landing_success_rate": 0.8502
    },
    {
        "model": 2,
        "sequence": 4,
        "status": 1,
        "fuel": 6217,
        "fault": 0.7971,
        "weapon": 0,
        "pilot_injury": 0.5637,
        "pilot_skill": 0.0769,
        "mission_priority": 0.7999,
        "estimated_landing_time": 382.0,
        "wait_time": 0,
        "Landing_success_rate": 0.8609
    },
    {
        "model": 0,
        "sequence": 6,
        "status": 1,
        "fuel": 6690,
        "fault": 0.0443,
        "weapon": 1,
        "pilot_injury": 0.3418,
        "pilot_skill": 0.3258,
        "mission_priority": 0.0351,
        "estimated_landing_time": 570.0,
        "wait_time": 0,
        "Landing_success_rate": 0.9353
    },
    {
        "model": 1,
        "sequence": 8,
        "status": 1,
        "fuel": 6663,
        "fault": 0.1632,
        "weapon": 1,
        "pilot_injury": 0.4593,
        "pilot_skill": 0.9076,
        "mission_priority": 0.1679,
        "estimated_landing_time": 758.0,
        "wait_time": 0,
        "Landing_success_rate": 0.923
    },
    {
        "model": 2,
        "sequence": 2,
        "status": 1,
        "fuel": 6805,
        "fault": 0.3534,
        "weapon": 0,
        "pilot_injury": 0.2234,
        "pilot_skill": 0.0333,
        "mission_priority": 0.5028,
        "estimated_landing_time": 194.0,
        "wait_time": 0,
        "Landing_success_rate": 0.9133
    },
    {
        "model": 0,
        "sequence": 9,
        "status": 1,
        "fuel": 6391,
        "fault": 0.2879,
        "weapon": 1,
        "pilot_injury": 0.7501,
        "pilot_skill": 0.2045,
        "mission_priority": 0.6876,
        "estimated_landing_time": 852.0,
        "wait_time": 0,
        "Landing_success_rate": 0.8976
    },
    {
        "model": 1,
        "sequence": 3,
        "status": 1,
        "fuel": 6742,
        "fault": 0.133,
        "weapon": 0,
        "pilot_injury": 0.9339,
        "pilot_skill": 0.0374,
        "mission_priority": 0.5003,
        "estimated_landing_time": 288.0,
        "wait_time": 0,
        "Landing_success_rate": 0.9308
    },
    {
        "model": 0,
        "sequence": 10,
        "status": 1,
        "fuel": 7177,
        "fault": 0.4862,
        "weapon": 0,
        "pilot_injury": 0.2769,
        "pilot_skill": 0.3977,
        "mission_priority": 0.6803,
        "estimated_landing_time": 946.0,
        "wait_time": 0,
        "Landing_success_rate": 0.9146
    },
    {
        "model": 2,
        "sequence": 11,
        "status": 1,
        "fuel": 7449,
        "fault": 0.5302,
        "weapon": 1,
        "pilot_injury": 0.0715,
        "pilot_skill": 0.3251,
        "mission_priority": 0.2328,
        "estimated_landing_time": 1040.0,
        "wait_time": 0,
        "Landing_success_rate": 0.9187
    },
    {
        "model": 0,
        "sequence": 1,
        "status": 1,
        "fuel": 6175,
        "fault": 0.6258,
        "weapon": 1,
        "pilot_injury": 0.1958,
        "pilot_skill": 0.1306,
        "mission_priority": 0.934,
        "estimated_landing_time": 100.0,
        "wait_time": 0,
        "Landing_success_rate": 0.8689
    },
    {
        "model": 0,
        "sequence": 16,
        "status": 1,
        "fuel": 5965,
        "fault": 0.247,
        "weapon": 1,
        "pilot_injury": 0.2463,
        "pilot_skill": 0.933,
        "mission_priority": 0.7557,
        "estimated_landing_time": 1510.0,
        "wait_time": 0,
        "Landing_success_rate": 0.8763
    },
    {
        "model": 1,
        "sequence": 18,
        "status": 1,
        "fuel": 7023,
        "fault": 0.3398,
        "weapon": 0,
        "pilot_injury": 0.8363,
        "pilot_skill": 0.4082,
        "mission_priority": 0.2628,
        "estimated_landing_time": 1698.0,
        "wait_time": 0,
        "Landing_success_rate": 0.9254
    }
]