[
    {
        "model": 0,
        "sequence": 3,
        "status": 1,
        "fuel": 6538,
        "fault": 0.7257,
        "weapon": 1,
        "pilot_injury": 0.8294,
        "pilot_skill": 0.0597,
        "mission_priority": 0.1694,
        "estimated_landing_time": 288.0,
        "wait_time": 0,
        "Landing_success_rate": 0.8714
    },
    {
        "model": 0,
        "sequence": 11,
        "status": 1,
        "fuel": 5627,
        "fault": 0.3525,
        "weapon": 1,
        "pilot_injury": 0.2824,
        "pilot_skill": 0.584,
        "mission_priority": 0.5954,
        "estimated_landing_time": 1040.0,
        "wait_time": 0,
        "Landing_success_rate": 0.8562
    },
    {
        "model": 1,
        "sequence": 12,
        "status": 1,
        "fuel": 7079,
        "fault": 0.6512,
        "weapon": 1,
        "pilot_injury": 0.5094,
        "pilot_skill": 0.7253,
        "mission_priority": 0.4986,
        "estimated_landing_time": 1134.0,
        "wait_time": 0,
        "Landing_success_rate": 0.8913
    },
    {
        "model": 0,
        "sequence": 8,
        "status": 1,
        "fuel": 6119,
        "fault": 0.1468,
        "weapon": 1,
        "pilot_injury": 0.4015,
        "pilot_skill": 0.3851,
        "mission_priority": 0.0035,
        "estimated_landing_time": 758.0,
        "wait_time": 0,
        "Landing_success_rate": 0.8896
    },
    {
        "model": 1,
        "sequence": 2,
        "status": 1,
        "fuel": 5734,
        "fault": 0.1169,
        "weapon": 1,
        "pilot_injury": 0.5041,
        "pilot_skill": 0.8042,
        "mission_priority": 0.5499,
        "estimated_landing_time": 194.0,
        "wait_time": 0,
        "Landing_success_rate": 0.8655
    },
    {
        "model": 2,
        "sequence": 9,
        "status": 1,
        "fuel": 5555,
        "fault": 0.482,
        "weapon": 0,
        "pilot_injury": 0.2697,
        "pilot_skill": 0.733,
        "mission_priority": 0.6103,
        "estimated_landing_time": 852.0,
        "wait_time": 0,
        "Landing_success_rate": 0.8521
    },
    {
        "model": 1,
        "sequence": 13,
        "status": 1,
        "fuel": 5643,
        "fault": 0.7179,
        "weapon": 1,
        "pilot_injury": 0.2006,
        "pilot_skill": 0.9896,
        "mission_priority": 0.0073,
        "estimated_landing_time": 1228.0,
        "wait_time": 0,
        "Landing_success_rate": 0.853
    },
    {
        "model": 1,
        "sequence": 6,
        "status": 1,
        "fuel": 6908,
        "fault": 0.2459,
        "weapon": 0,
        "pilot_injury": 0.014,
        "pilot_skill": 0.7324,
        "mission_priority": 0.6934,
        "estimated_landing_time": 570.0,
        "wait_time": 0,
        "Landing_success_rate": 0.9296
    },
    {
        "model": 1,
        "sequence": 1,
        "status": 1,
        "fuel": 6336,
        "fault": 0.2143,
        "weapon": 1,
        "pilot_injury": 0.4443,
        "pilot_skill": 0.6591,
        "mission_priority": 0.4398,
        "estimated_landing_time": 100.0,
        "wait_time": 0,
        "Landing_success_rate": 0.8993
    },
    {
        "model": 2,
        "sequence": 10,
        "status": 1,
        "fuel": 5764,
        "fault": 0.5679,
        "weapon": 1,
        "pilot_injury": 0.1146,
        "pilot_skill": 0.781,
        "mission_priority": 0.7207,
        "estimated_landing_time": 946.0,
        "wait_time": 0,
        "Landing_success_rate": 0.8586
    },
    {
        "model": 2,
        "sequence": 7,
        "status": 1,
        "fuel": 6304,
        "fault": 0.4503,
        "weapon": 0,
        "pilot_injury": 0.268,
        "pilot_skill": 0.3932,
        "mission_priority": 0.2799,
        "estimated_landing_time": 664.0,
        "wait_time": 0,
        "Landing_success_rate": 0.8831
    },
    {
        "model": 2,
        "sequence": 14,
        "status": 1,
        "fuel": 7163,
        "fault": 0.6296,
        "weapon": 0,
        "pilot_injury": 0.6382,
        "pilot_skill": 0.5655,
        "mission_priority": 0.226,
        "estimated_landing_time": 1322.0,
        "wait_time": 0,
        "Landing_success_rate": 0.8962
    },
    {
        "model": 1,
        "sequence": 15,
        "status": 1,
        "fuel": 5721,
        "fault": 0.3177,
        "weapon": 0,
        "pilot_injury": 0.795,
        "pilot_skill": 0.9667,
        "mission_priority": 0.7271,
        "estimated_landing_time": 1416.0,
        "wait_time": 0,
        "Landing_success_rate": 0.8613
    },
    {
        "model": 1,
        "sequence": 17,
        "status": 1,
        "fuel": 7084,
        "fault": 0.0301,
        "weapon": 0,
        "pilot_injury": 0.2175,
        "pilot_skill": 0.2038,
        "mission_priority": 0.3246,
        "estimated_landing_time": 1604.0,
        "wait_time": 0,
        "Landing_success_rate": 0.9652
    },
    {
        "model": 1,
        "sequence": 5,
        "status": 1,
        "fuel": 7029,
        "fault": 0.1147,
        "weapon": 1,
        "pilot_injury": 0.2687,
        "pilot_skill": 0.8152,
        "mission_priority": 0.3592,
        "estimated_landing_time": 476.0,
        "wait_time": 0,
        "Landing_success_rate": 0.9515
    },
    {
        "model": 1,
        "sequence": 4,
        "status": 1,
        "fuel": 6987,
        "fault": 0.0915,
        "weapon": 1,
        "pilot_injury": 0.2422,
        "pilot_skill": 0.7213,
        "mission_priority": 0.7551,
        "estimated_landing_time": 382.0,
        "wait_time": 0,
        "Landing_success_rate": 0.9513
    },
    {
        "model": 1,
        "sequence": 16,
        "status": 1,
        "fuel": 6977,
        "fault": 0.595,
        "weapon": 1,
        "pilot_injury": 0.3502,
        "pilot_skill": 0.7719,
        "mission_priority": 0.6225,
        "estimated_landing_time": 1510.0,
        "wait_time": 0,
        "Landing_success_rate": 0.8949
    },
    {
        "model": 1,
        "sequence": 18,
        "status": 1,
        "fuel": 7165,
        "fault": 0.1899,
        "weapon": 0,
        "pilot_injury": 0.2352,
        "pilot_skill": 0.7536,
        "mission_priority": 0.8654,
        "estimated_landing_time": 1698.0,
        "wait_time": 0,
        "Landing_success_rate": 0.9512
    }
]