[
    {
        "model": 0,
        "sequence": 12,
        "status": 1,
        "fuel": 7228,
        "fault": 0.4167,
        "weapon": 1,
        "pilot_injury": 0.9389,
        "pilot_skill": 0.7804,
        "mission_priority": 0.9212,
        "estimated_landing_time": 1134.0,
        "wait_time": 0,
        "Landing_success_rate": 0.9256
    },
    {
        "model": 0,
        "sequence": 1,
        "status": 1,
        "fuel": 6017,
        "fault": 0.3566,
        "weapon": 0,
        "pilot_injury": 0.3843,
        "pilot_skill": 0.0553,
        "mission_priority": 0.8099,
        "estimated_landing_time": 100.0,
        "wait_time": 0,
        "Landing_success_rate": 0.8749
    },
    {
        "model": 0,
        "sequence": 17,
        "status": 1,
        "fuel": 6695,
        "fault": 0.5654,
        "weapon": 0,
        "pilot_injury": 0.555,
        "pilot_skill": 0.2953,
        "mission_priority": 0.1977,
        "estimated_landing_time": 1604.0,
        "wait_time": 0,
        "Landing_success_rate": 0.889
    },
    {
        "model": 1,
        "sequence": 18,
        "status": 1,
        "fuel": 5855,
        "fault": 0.5017,
        "weapon": 1,
        "pilot_injury": 0.4471,
        "pilot_skill": 0.9341,
        "mission_priority": 0.8542,
        "estimated_landing_time": 1698.0,
        "wait_time": 0,
        "Landing_success_rate": 0.8633
    },
    {
        "model": 1,
        "sequence": 13,
        "status": 1,
        "fuel": 6860,
        "fault": 0.0203,
        "weapon": 0,
        "pilot_injury": 0.6762,
        "pilot_skill": 0.2308,
        "mission_priority": 0.791,
        "estimated_landing_time": 1228.0,
        "wait_time": 0,
        "Landing_success_rate": 0.9499
    },
    {
        "model": 2,
        "sequence": 5,
        "status": 1,
        "fuel": 7366,
        "fault": 0.2973,
        "weapon": 0,
        "pilot_injury": 0.4787,
        "pilot_skill": 0.4061,
        "mission_priority": 0.8732,
        "estimated_landing_time": 476.0,
        "wait_time": 0,
        "Landing_success_rate": 0.9483
    },
    {
        "model": 1,
        "sequence": 7,
        "status": 1,
        "fuel": 6735,
        "fault": 0.3183,
        "weapon": 0,
        "pilot_injury": 0.6521,
        "pilot_skill": 0.7375,
        "mission_priority": 0.0026,
        "estimated_landing_time": 664.0,
        "wait_time": 0,
        "Landing_success_rate": 0.9131
    },
    {
        "model": 0,
        "sequence": 15,
        "status": 1,
        "fuel": 6699,
        "fault": 0.4765,
        "weapon": 0,
        "pilot_injury": 0.5372,
        "pilot_skill": 0.7859,
        "mission_priority": 0.5559,
        "estimated_landing_time": 1416.0,
        "wait_time": 0,
        "Landing_success_rate": 0.8971
    },
    {
        "model": 2,
        "sequence": 8,
        "status": 1,
        "fuel": 5676,
        "fault": 0.4579,
        "weapon": 0,
        "pilot_injury": 0.806,
        "pilot_skill": 0.1793,
        "mission_priority": 0.8131,
        "estimated_landing_time": 758.0,
        "wait_time": 0,
        "Landing_success_rate": 0.8572
    },
    {
        "model": 0,
        "sequence": 2,
        "status": 1,
        "fuel": 7446,
        "fault": 0.7641,
        "weapon": 1,
        "pilot_injury": 0.5299,
        "pilot_skill": 0.6583,
        "mission_priority": 0.0795,
        "estimated_landing_time": 194.0,
        "wait_time": 0,
        "Landing_success_rate": 0.8844
    },
    {
        "model": 0,
        "sequence": 14,
        "status": 1,
        "fuel": 6262,
        "fault": 0.446,
        "weapon": 0,
        "pilot_injury": 0.8725,
        "pilot_skill": 0.8767,
        "mission_priority": 0.7008,
        "estimated_landing_time": 1322.0,
        "wait_time": 0,
        "Landing_success_rate": 0.8817
    },
    {
        "model": 1,
        "sequence": 9,
        "status": 1,
        "fuel": 7355,
        "fault": 0.1738,
        "weapon": 1,
        "pilot_injury": 0.366,
        "pilot_skill": 0.4045,
        "mission_priority": 0.5537,
        "estimated_landing_time": 852.0,
        "wait_time": 0,
        "Landing_success_rate": 0.9649
    },
    {
        "model": 0,
        "sequence": 11,
        "status": 1,
        "fuel": 6663,
        "fault": 0.055,
        "weapon": 0,
        "pilot_injury": 0.551,
        "pilot_skill": 0.7704,
        "mission_priority": 0.3709,
        "estimated_landing_time": 1040.0,
        "wait_time": 0,
        "Landing_success_rate": 0.9324
    },
    {
        "model": 1,
        "sequence": 16,
        "status": 1,
        "fuel": 6948,
        "fault": 0.0073,
        "weapon": 0,
        "pilot_injury": 0.2797,
        "pilot_skill": 0.6097,
        "mission_priority": 0.6869,
        "estimated_landing_time": 1510.0,
        "wait_time": 0,
        "Landing_success_rate": 0.9578
    },
    {
        "model": 0,
        "sequence": 6,
        "status": 1,
        "fuel": 6332,
        "fault": 0.2666,
        "weapon": 0,
        "pilot_injury": 0.6941,
        "pilot_skill": 0.7677,
        "mission_priority": 0.8956,
        "estimated_landing_time": 570.0,
        "wait_time": 0,
        "Landing_success_rate": 0.8958
    },
    {
        "model": 2,
        "sequence": 3,
        "status": 1,
        "fuel": 5678,
        "fault": 0.8404,
        "weapon": 0,
        "pilot_injury": 0.6373,
        "pilot_skill": 0.7877,
        "mission_priority": 0.6998,
        "estimated_landing_time": 288.0,
        "wait_time": 0,
        "Landing_success_rate": 0.8521
    },
    {
        "model": 0,
        "sequence": 10,
        "status": 1,
        "fuel": 5808,
        "fault": 0.9173,
        "weapon": 1,
        "pilot_injury": 0.7263,
        "pilot_skill": 0.5111,
        "mission_priority": 0.7022,
        "estimated_landing_time": 946.0,
        "wait_time": 0,
        "Landing_success_rate": 0.8519
    },
    {
        "model": 1,
        "sequence": 4,
        "status": 1,
        "fuel": 7204,
        "fault": 0.7547,
        "weapon": 0,
        "pilot_injury": 0.285,
        "pilot_skill": 0.7305,
        "mission_priority": 0.2768,
        "estimated_landing_time": 382.0,
        "wait_time": 0,
        "Landing_success_rate": 0.8813
    }
]