[
    {
        "model": 2,
        "sequence": 9,
        "status": 1,
        "fuel": 6836,
        "fault": 0.0997,
        "weapon": 0,
        "pilot_injury": 0.1237,
        "pilot_skill": 0.4457,
        "mission_priority": 0.8183,
        "estimated_landing_time": 852.0,
        "wait_time": 0,
        "Landing_success_rate": 0.9402
    },
    {
        "model": 0,
        "sequence": 13,
        "status": 1,
        "fuel": 5699,
        "fault": 0.9349,
        "weapon": 0,
        "pilot_injury": 0.1517,
        "pilot_skill": 0.3893,
        "mission_priority": 0.8833,
        "estimated_landing_time": 1228.0,
        "wait_time": 0,
        "Landing_success_rate": 0.851
    },
    {
        "model": 2,
        "sequence": 15,
        "status": 1,
        "fuel": 6067,
        "fault": 0.7364,
        "weapon": 0,
        "pilot_injury": 0.0888,
        "pilot_skill": 0.4702,
        "mission_priority": 0.1268,
        "estimated_landing_time": 1416.0,
        "wait_time": 0,
        "Landing_success_rate": 0.8612
    },
    {
        "model": 0,
        "sequence": 3,
        "status": 1,
        "fuel": 7053,
        "fault": 0.8901,
        "weapon": 1,
        "pilot_injury": 0.2553,
        "pilot_skill": 0.2763,
        "mission_priority": 0.6453,
        "estimated_landing_time": 288.0,
        "wait_time": 0,
        "Landing_success_rate": 0.8628
    },
    {
        "model": 1,
        "sequence": 2,
        "status": 1,
        "fuel": 6214,
        "fault": 0.4273,
        "weapon": 0,
        "pilot_injury": 0.1887,
        "pilot_skill": 0.8721,
        "mission_priority": 0.6286,
        "estimated_landing_time": 194.0,
        "wait_time": 0,
        "Landing_success_rate": 0.8807
    },
    {
        "model": 0,
        "sequence": 16,
        "status": 1,
        "fuel": 5894,
        "fault": 0.2563,
        "weapon": 1,
        "pilot_injury": 0.2132,
        "pilot_skill": 0.038,
        "mission_priority": 0.4885,
        "estimated_landing_time": 1510.0,
        "wait_time": 0,
        "Landing_success_rate": 0.872
    },
    {
        "model": 0,
        "sequence": 14,
        "status": 1,
        "fuel": 6464,
        "fault": 0.2522,
        "weapon": 1,
        "pilot_injury": 0.8821,
        "pilot_skill": 0.4247,
        "mission_priority": 0.4236,
        "estimated_landing_time": 1322.0,
        "wait_time": 0,
        "Landing_success_rate": 0.9041
    },
    {
        "model": 0,
        "sequence": 12,
        "status": 1,
        "fuel": 5945,
        "fault": 0.126,
        "weapon": 1,
        "pilot_injury": 0.9257,
        "pilot_skill": 0.141,
        "mission_priority": 0.9687,
        "estimated_landing_time": 1134.0,
        "wait_time": 0,
        "Landing_success_rate": 0.8792
    },
    {
        "model": 1,
        "sequence": 10,
        "status": 1,
        "fuel": 6428,
        "fault": 0.4439,
        "weapon": 0,
        "pilot_injury": 0.1746,
        "pilot_skill": 0.6615,
        "mission_priority": 0.4598,
        "estimated_landing_time": 946.0,
        "wait_time": 0,
        "Landing_success_rate": 0.8887
    },
    {
        "model": 1,
        "sequence": 8,
        "status": 1,
        "fuel": 7108,
        "fault": 0.8288,
        "weapon": 0,
        "pilot_injury": 0.0665,
        "pilot_skill": 0.5193,
        "mission_priority": 0.3129,
        "estimated_landing_time": 758.0,
        "wait_time": 0,
        "Landing_success_rate": 0.8706
    },
    {
        "model": 2,
        "sequence": 4,
        "status": 1,
        "fuel": 7401,
        "fault": 0.2773,
        "weapon": 0,
        "pilot_injury": 0.3321,
        "pilot_skill": 0.6691,
        "mission_priority": 0.2587,
        "estimated_landing_time": 382.0,
        "wait_time": 0,
        "Landing_success_rate": 0.953
    },
    {
        "model": 0,
        "sequence": 5,
        "status": 1,
        "fuel": 7208,
        "fault": 0.3975,
        "weapon": 0,
        "pilot_injury": 0.1516,
        "pilot_skill": 0.245,
        "mission_priority": 0.7729,
        "estimated_landing_time": 476.0,
        "wait_time": 0,
        "Landing_success_rate": 0.9272
    },
    {
        "model": 1,
        "sequence": 6,
        "status": 1,
        "fuel": 5673,
        "fault": 0.8821,
        "weapon": 0,
        "pilot_injury": 0.3586,
        "pilot_skill": 0.0092,
        "mission_priority": 0.7621,
        "estimated_landing_time": 570.0,
        "wait_time": 0,
        "Landing_success_rate": 0.8515
    },
    {
        "model": 0,
        "sequence": 7,
        "status": 1,
        "fuel": 6792,
        "fault": 0.6301,
        "weapon": 0,
        "pilot_injury": 0.031,
        "pilot_skill": 0.2714,
        "mission_priority": 0.7313,
        "estimated_landing_time": 664.0,
        "wait_time": 0,
        "Landing_success_rate": 0.8858
    },
    {
        "model": 0,
        "sequence": 1,
        "status": 1,
        "fuel": 7458,
        "fault": 0.139,
        "weapon": 0,
        "pilot_injury": 0.5957,
        "pilot_skill": 0.7938,
        "mission_priority": 0.0334,
        "estimated_landing_time": 100.0,
        "wait_time": 0,
        "Landing_success_rate": 0.9764
    },
    {
        "model": 0,
        "sequence": 11,
        "status": 1,
        "fuel": 7182,
        "fault": 0.9761,
        "weapon": 1,
        "pilot_injury": 0.9479,
        "pilot_skill": 0.5382,
        "mission_priority": 0.0334,
        "estimated_landing_time": 1040.0,
        "wait_time": 0,
        "Landing_success_rate": 0.853
    },
    {
        "model": 1,
        "sequence": 18,
        "status": 1,
        "fuel": 6201,
        "fault": 0.0586,
        "weapon": 1,
        "pilot_injury": 0.7304,
        "pilot_skill": 0.3005,
        "mission_priority": 0.5753,
        "estimated_landing_time": 1698.0,
        "wait_time": 0,
        "Landing_success_rate": 0.8995
    },
    {
        "model": 0,
        "sequence": 17,
        "status": 1,
        "fuel": 6719,
        "fault": 0.793,
        "weapon": 0,
        "pilot_injury": 0.1788,
        "pilot_skill": 0.5518,
        "mission_priority": 0.4028,
        "estimated_landing_time": 1604.0,
        "wait_time": 0,
        "Landing_success_rate": 0.8689
    }
]