[
    {
        "model": 0,
        "sequence": 15,
        "status": 1,
        "fuel": 5588,
        "fault": 0.114,
        "weapon": 0,
        "pilot_injury": 0.4939,
        "pilot_skill": 0.756,
        "mission_priority": 0.5211,
        "estimated_landing_time": 1416.0,
        "wait_time": 0,
        "Landing_success_rate": 0.8558
    },
    {
        "model": 1,
        "sequence": 14,
        "status": 1,
        "fuel": 5705,
        "fault": 0.4335,
        "weapon": 1,
        "pilot_injury": 0.7589,
        "pilot_skill": 0.1182,
        "mission_priority": 0.37,
        "estimated_landing_time": 1322.0,
        "wait_time": 0,
        "Landing_success_rate": 0.8587
    },
    {
        "model": 1,
        "sequence": 9,
        "status": 1,
        "fuel": 6105,
        "fault": 0.0606,
        "weapon": 1,
        "pilot_injury": 0.1527,
        "pilot_skill": 0.8868,
        "mission_priority": 0.7319,
        "estimated_landing_time": 852.0,
        "wait_time": 0,
        "Landing_success_rate": 0.8926
    },
    {
        "model": 2,
        "sequence": 8,
        "status": 1,
        "fuel": 6913,
        "fault": 0.5374,
        "weapon": 0,
        "pilot_injury": 0.5102,
        "pilot_skill": 0.5208,
        "mission_priority": 0.5904,
        "estimated_landing_time": 758.0,
        "wait_time": 0,
        "Landing_success_rate": 0.899
    },
    {
        "model": 1,
        "sequence": 12,
        "status": 1,
        "fuel": 6950,
        "fault": 0.289,
        "weapon": 1,
        "pilot_injury": 0.4654,
        "pilot_skill": 0.9265,
        "mission_priority": 0.0098,
        "estimated_landing_time": 1134.0,
        "wait_time": 0,
        "Landing_success_rate": 0.9273
    },
    {
        "model": 2,
        "sequence": 4,
        "status": 1,
        "fuel": 6702,
        "fault": 0.4095,
        "weapon": 0,
        "pilot_injury": 0.7696,
        "pilot_skill": 0.3201,
        "mission_priority": 0.8405,
        "estimated_landing_time": 382.0,
        "wait_time": 0,
        "Landing_success_rate": 0.9032
    },
    {
        "model": 0,
        "sequence": 7,
        "status": 1,
        "fuel": 6794,
        "fault": 0.6068,
        "weapon": 1,
        "pilot_injury": 0.6658,
        "pilot_skill": 0.7002,
        "mission_priority": 0.6738,
        "estimated_landing_time": 664.0,
        "wait_time": 0,
        "Landing_success_rate": 0.8882
    },
    {
        "model": 1,
        "sequence": 5,
        "status": 1,
        "fuel": 6800,
        "fault": 0.7126,
        "weapon": 0,
        "pilot_injury": 0.8974,
        "pilot_skill": 0.3326,
        "mission_priority": 0.9449,
        "estimated_landing_time": 476.0,
        "wait_time": 0,
        "Landing_success_rate": 0.878
    },
    {
        "model": 2,
        "sequence": 3,
        "status": 1,
        "fuel": 6836,
        "fault": 0.8704,
        "weapon": 1,
        "pilot_injury": 0.1321,
        "pilot_skill": 0.1266,
        "mission_priority": 0.8154,
        "estimated_landing_time": 288.0,
        "wait_time": 0,
        "Landing_success_rate": 0.863
    },
    {
        "model": 1,
        "sequence": 1,
        "status": 1,
        "fuel": 7450,
        "fault": 0.673,
        "weapon": 0,
        "pilot_injury": 0.9766,
        "pilot_skill": 0.2163,
        "mission_priority": 0.1408,
        "estimated_landing_time": 100.0,
        "wait_time": 0,
        "Landing_success_rate": 0.8978
    },
    {
        "model": 2,
        "sequence": 2,
        "status": 1,
        "fuel": 7001,
        "fault": 0.829,
        "weapon": 0,
        "pilot_injury": 0.2579,
        "pilot_skill": 0.0942,
        "mission_priority": 0.3152,
        "estimated_landing_time": 194.0,
        "wait_time": 0,
        "Landing_success_rate": 0.8693
    },
    {
        "model": 2,
        "sequence": 16,
        "status": 1,
        "fuel": 6753,
        "fault": 0.3651,
        "weapon": 1,
        "pilot_injury": 0.5619,
        "pilot_skill": 0.4334,
        "mission_priority": 0.4589,
        "estimated_landing_time": 1510.0,
        "wait_time": 0,
        "Landing_success_rate": 0.9097
    },
    {
        "model": 1,
        "sequence": 11,
        "status": 1,
        "fuel": 7458,
        "fault": 0.9298,
        "weapon": 1,
        "pilot_injury": 0.6273,
        "pilot_skill": 0.4201,
        "mission_priority": 0.0611,
        "estimated_landing_time": 1040.0,
        "wait_time": 0,
        "Landing_success_rate": 0.8603
    },
    {
        "model": 0,
        "sequence": 18,
        "status": 1,
        "fuel": 5781,
        "fault": 0.461,
        "weapon": 1,
        "pilot_injury": 0.0988,
        "pilot_skill": 0.0696,
        "mission_priority": 0.1536,
        "estimated_landing_time": 1698.0,
        "wait_time": 0,
        "Landing_success_rate": 0.8614
    },
    {
        "model": 2,
        "sequence": 10,
        "status": 1,
        "fuel": 5961,
        "fault": 0.2336,
        "weapon": 0,
        "pilot_injury": 0.565,
        "pilot_skill": 0.4682,
        "mission_priority": 0.8883,
        "estimated_landing_time": 946.0,
        "wait_time": 0,
        "Landing_success_rate": 0.8765
    },
    {
        "model": 0,
        "sequence": 6,
        "status": 1,
        "fuel": 7289,
        "fault": 0.9775,
        "weapon": 0,
        "pilot_injury": 0.8133,
        "pilot_skill": 0.6427,
        "mission_priority": 0.458,
        "estimated_landing_time": 570.0,
        "wait_time": 0,
        "Landing_success_rate": 0.853
    },
    {
        "model": 1,
        "sequence": 13,
        "status": 1,
        "fuel": 6889,
        "fault": 0.4042,
        "weapon": 0,
        "pilot_injury": 0.0238,
        "pilot_skill": 0.0516,
        "mission_priority": 0.9587,
        "estimated_landing_time": 1228.0,
        "wait_time": 0,
        "Landing_success_rate": 0.9121
    },
    {
        "model": 1,
        "sequence": 17,
        "status": 1,
        "fuel": 7393,
        "fault": 0.8813,
        "weapon": 0,
        "pilot_injury": 0.3888,
        "pilot_skill": 0.1191,
        "mission_priority": 0.0804,
        "estimated_landing_time": 1604.0,
        "wait_time": 0,
        "Landing_success_rate": 0.8669
    }
]