[
    {
        "model": 1,
        "sequence": 6,
        "status": 1,
        "fuel": 5672,
        "fault": 0.9055,
        "weapon": 0,
        "pilot_injury": 0.5921,
        "pilot_skill": 0.3508,
        "mission_priority": 0.2149,
        "estimated_landing_time": 570.0,
        "wait_time": 0,
        "Landing_success_rate": 0.8512
    },
    {
        "model": 1,
        "sequence": 16,
        "status": 1,
        "fuel": 5666,
        "fault": 0.5529,
        "weapon": 1,
        "pilot_injury": 0.4403,
        "pilot_skill": 0.6252,
        "mission_priority": 0.4904,
        "estimated_landing_time": 1510.0,
        "wait_time": 0,
        "Landing_success_rate": 0.8556
    },
    {
        "model": 2,
        "sequence": 15,
        "status": 1,
        "fuel": 6750,
        "fault": 0.6229,
        "weapon": 0,
        "pilot_injury": 0.4808,
        "pilot_skill": 0.9246,
        "mission_priority": 0.7197,
        "estimated_landing_time": 1416.0,
        "wait_time": 0,
        "Landing_success_rate": 0.8854
    },
    {
        "model": 1,
        "sequence": 1,
        "status": 1,
        "fuel": 5749,
        "fault": 0.1227,
        "weapon": 1,
        "pilot_injury": 0.7871,
        "pilot_skill": 0.8359,
        "mission_priority": 0.5452,
        "estimated_landing_time": 100.0,
        "wait_time": 0,
        "Landing_success_rate": 0.8664
    },
    {
        "model": 2,
        "sequence": 4,
        "status": 1,
        "fuel": 7303,
        "fault": 0.962,
        "weapon": 1,
        "pilot_injury": 0.4391,
        "pilot_skill": 0.6802,
        "mission_priority": 0.1085,
        "estimated_landing_time": 382.0,
        "wait_time": 0,
        "Landing_success_rate": 0.8551
    },
    {
        "model": 0,
        "sequence": 14,
        "status": 1,
        "fuel": 6902,
        "fault": 0.8841,
        "weapon": 1,
        "pilot_injury": 0.6312,
        "pilot_skill": 0.3163,
        "mission_priority": 0.161,
        "estimated_landing_time": 1322.0,
        "wait_time": 0,
        "Landing_success_rate": 0.8622
    },
    {
        "model": 1,
        "sequence": 2,
        "status": 1,
        "fuel": 6348,
        "fault": 0.5779,
        "weapon": 1,
        "pilot_injury": 0.6337,
        "pilot_skill": 0.3826,
        "mission_priority": 0.6133,
        "estimated_landing_time": 194.0,
        "wait_time": 0,
        "Landing_success_rate": 0.8768
    },
    {
        "model": 1,
        "sequence": 11,
        "status": 1,
        "fuel": 7266,
        "fault": 0.3949,
        "weapon": 0,
        "pilot_injury": 0.4506,
        "pilot_skill": 0.7586,
        "mission_priority": 0.5461,
        "estimated_landing_time": 1040.0,
        "wait_time": 0,
        "Landing_success_rate": 0.9301
    },
    {
        "model": 2,
        "sequence": 7,
        "status": 1,
        "fuel": 6297,
        "fault": 0.3682,
        "weapon": 1,
        "pilot_injury": 0.9919,
        "pilot_skill": 0.0546,
        "mission_priority": 0.491,
        "estimated_landing_time": 664.0,
        "wait_time": 0,
        "Landing_success_rate": 0.8878
    },
    {
        "model": 1,
        "sequence": 18,
        "status": 1,
        "fuel": 6308,
        "fault": 0.5238,
        "weapon": 0,
        "pilot_injury": 0.383,
        "pilot_skill": 0.1555,
        "mission_priority": 0.9637,
        "estimated_landing_time": 1698.0,
        "wait_time": 0,
        "Landing_success_rate": 0.8789
    },
    {
        "model": 1,
        "sequence": 8,
        "status": 1,
        "fuel": 5632,
        "fault": 0.7257,
        "weapon": 1,
        "pilot_injury": 0.6397,
        "pilot_skill": 0.5338,
        "mission_priority": 0.8156,
        "estimated_landing_time": 758.0,
        "wait_time": 0,
        "Landing_success_rate": 0.8527
    },
    {
        "model": 2,
        "sequence": 9,
        "status": 1,
        "fuel": 7185,
        "fault": 0.1932,
        "weapon": 0,
        "pilot_injury": 0.7632,
        "pilot_skill": 0.7468,
        "mission_priority": 0.5097,
        "estimated_landing_time": 852.0,
        "wait_time": 0,
        "Landing_success_rate": 0.952
    },
    {
        "model": 2,
        "sequence": 5,
        "status": 1,
        "fuel": 6177,
        "fault": 0.1554,
        "weapon": 1,
        "pilot_injury": 0.5239,
        "pilot_skill": 0.608,
        "mission_priority": 0.9965,
        "estimated_landing_time": 476.0,
        "wait_time": 0,
        "Landing_success_rate": 0.8929
    },
    {
        "model": 2,
        "sequence": 3,
        "status": 1,
        "fuel": 6397,
        "fault": 0.9968,
        "weapon": 1,
        "pilot_injury": 0.1828,
        "pilot_skill": 0.8959,
        "mission_priority": 0.7445,
        "estimated_landing_time": 288.0,
        "wait_time": 0,
        "Landing_success_rate": 0.8502
    },
    {
        "model": 0,
        "sequence": 12,
        "status": 1,
        "fuel": 5730,
        "fault": 0.1548,
        "weapon": 0,
        "pilot_injury": 0.731,
        "pilot_skill": 0.8505,
        "mission_priority": 0.0482,
        "estimated_landing_time": 1134.0,
        "wait_time": 0,
        "Landing_success_rate": 0.8646
    },
    {
        "model": 2,
        "sequence": 13,
        "status": 1,
        "fuel": 7158,
        "fault": 0.2692,
        "weapon": 1,
        "pilot_injury": 0.5429,
        "pilot_skill": 0.6666,
        "mission_priority": 0.8179,
        "estimated_landing_time": 1228.0,
        "wait_time": 0,
        "Landing_success_rate": 0.9409
    },
    {
        "model": 1,
        "sequence": 10,
        "status": 1,
        "fuel": 6972,
        "fault": 0.0967,
        "weapon": 1,
        "pilot_injury": 0.1629,
        "pilot_skill": 0.2709,
        "mission_priority": 0.0433,
        "estimated_landing_time": 946.0,
        "wait_time": 0,
        "Landing_success_rate": 0.9497
    },
    {
        "model": 0,
        "sequence": 17,
        "status": 1,
        "fuel": 6348,
        "fault": 0.6397,
        "weapon": 1,
        "pilot_injury": 0.8053,
        "pilot_skill": 0.6531,
        "mission_priority": 0.4367,
        "estimated_landing_time": 1604.0,
        "wait_time": 0,
        "Landing_success_rate": 0.8729
    }
]