[
    {
        "model": 0,
        "sequence": 2,
        "status": 1,
        "fuel": 6387,
        "fault": 0.535,
        "weapon": 1,
        "pilot_injury": 0.6446,
        "pilot_skill": 0.1374,
        "mission_priority": 0.0655,
        "estimated_landing_time": 194.0,
        "wait_time": 0,
        "Landing_success_rate": 0.8809
    },
    {
        "model": 2,
        "sequence": 13,
        "status": 1,
        "fuel": 5639,
        "fault": 0.9758,
        "weapon": 0,
        "pilot_injury": 0.3175,
        "pilot_skill": 0.5046,
        "mission_priority": 0.1357,
        "estimated_landing_time": 1228.0,
        "wait_time": 0,
        "Landing_success_rate": 0.8503
    },
    {
        "model": 0,
        "sequence": 14,
        "status": 1,
        "fuel": 6776,
        "fault": 0.9899,
        "weapon": 1,
        "pilot_injury": 0.757,
        "pilot_skill": 0.5468,
        "mission_priority": 0.2789,
        "estimated_landing_time": 1322.0,
        "wait_time": 0,
        "Landing_success_rate": 0.851
    },
    {
        "model": 1,
        "sequence": 9,
        "status": 1,
        "fuel": 6613,
        "fault": 0.0332,
        "weapon": 0,
        "pilot_injury": 0.2543,
        "pilot_skill": 0.8062,
        "mission_priority": 0.7502,
        "estimated_landing_time": 852.0,
        "wait_time": 0,
        "Landing_success_rate": 0.9307
    },
    {
        "model": 0,
        "sequence": 15,
        "status": 1,
        "fuel": 6043,
        "fault": 0.4388,
        "weapon": 1,
        "pilot_injury": 0.4866,
        "pilot_skill": 0.6742,
        "mission_priority": 0.8239,
        "estimated_landing_time": 1416.0,
        "wait_time": 0,
        "Landing_success_rate": 0.8729
    },
    {
        "model": 1,
        "sequence": 6,
        "status": 1,
        "fuel": 7175,
        "fault": 0.1469,
        "weapon": 1,
        "pilot_injury": 0.3187,
        "pilot_skill": 0.7808,
        "mission_priority": 0.6862,
        "estimated_landing_time": 570.0,
        "wait_time": 0,
        "Landing_success_rate": 0.9572
    },
    {
        "model": 0,
        "sequence": 4,
        "status": 1,
        "fuel": 7442,
        "fault": 0.3212,
        "weapon": 0,
        "pilot_injury": 0.0726,
        "pilot_skill": 0.0065,
        "mission_priority": 0.5289,
        "estimated_landing_time": 382.0,
        "wait_time": 0,
        "Landing_success_rate": 0.9489
    },
    {
        "model": 2,
        "sequence": 1,
        "status": 1,
        "fuel": 7203,
        "fault": 0.796,
        "weapon": 1,
        "pilot_injury": 0.5275,
        "pilot_skill": 0.9466,
        "mission_priority": 0.3912,
        "estimated_landing_time": 100.0,
        "wait_time": 0,
        "Landing_success_rate": 0.8761
    },
    {
        "model": 1,
        "sequence": 7,
        "status": 1,
        "fuel": 5944,
        "fault": 0.2979,
        "weapon": 1,
        "pilot_injury": 0.1457,
        "pilot_skill": 0.23,
        "mission_priority": 0.6181,
        "estimated_landing_time": 664.0,
        "wait_time": 0,
        "Landing_success_rate": 0.8734
    },
    {
        "model": 0,
        "sequence": 18,
        "status": 1,
        "fuel": 5711,
        "fault": 0.1348,
        "weapon": 0,
        "pilot_injury": 0.6095,
        "pilot_skill": 0.4219,
        "mission_priority": 0.0191,
        "estimated_landing_time": 1698.0,
        "wait_time": 0,
        "Landing_success_rate": 0.8637
    },
    {
        "model": 1,
        "sequence": 16,
        "status": 1,
        "fuel": 7310,
        "fault": 0.9835,
        "weapon": 1,
        "pilot_injury": 0.7786,
        "pilot_skill": 0.3256,
        "mission_priority": 0.475,
        "estimated_landing_time": 1510.0,
        "wait_time": 0,
        "Landing_success_rate": 0.8522
    },
    {
        "model": 2,
        "sequence": 11,
        "status": 1,
        "fuel": 6120,
        "fault": 0.5219,
        "weapon": 0,
        "pilot_injury": 0.0219,
        "pilot_skill": 0.36,
        "mission_priority": 0.8895,
        "estimated_landing_time": 1040.0,
        "wait_time": 0,
        "Landing_success_rate": 0.8722
    },
    {
        "model": 1,
        "sequence": 5,
        "status": 1,
        "fuel": 7087,
        "fault": 0.3324,
        "weapon": 1,
        "pilot_injury": 0.5912,
        "pilot_skill": 0.8922,
        "mission_priority": 0.7,
        "estimated_landing_time": 476.0,
        "wait_time": 0,
        "Landing_success_rate": 0.9295
    },
    {
        "model": 2,
        "sequence": 8,
        "status": 1,
        "fuel": 7069,
        "fault": 0.3312,
        "weapon": 0,
        "pilot_injury": 0.3015,
        "pilot_skill": 0.4541,
        "mission_priority": 0.5261,
        "estimated_landing_time": 758.0,
        "wait_time": 0,
        "Landing_success_rate": 0.9287
    },
    {
        "model": 1,
        "sequence": 17,
        "status": 1,
        "fuel": 6788,
        "fault": 0.0886,
        "weapon": 1,
        "pilot_injury": 0.9297,
        "pilot_skill": 0.008,
        "mission_priority": 0.9219,
        "estimated_landing_time": 1604.0,
        "wait_time": 0,
        "Landing_success_rate": 0.938
    },
    {
        "model": 2,
        "sequence": 10,
        "status": 1,
        "fuel": 7033,
        "fault": 0.0095,
        "weapon": 0,
        "pilot_injury": 0.515,
        "pilot_skill": 0.4799,
        "mission_priority": 0.6047,
        "estimated_landing_time": 946.0,
        "wait_time": 0,
        "Landing_success_rate": 0.9639
    },
    {
        "model": 1,
        "sequence": 12,
        "status": 1,
        "fuel": 6758,
        "fault": 0.5192,
        "weapon": 0,
        "pilot_injury": 0.2405,
        "pilot_skill": 0.274,
        "mission_priority": 0.9207,
        "estimated_landing_time": 1134.0,
        "wait_time": 0,
        "Landing_success_rate": 0.8954
    },
    {
        "model": 2,
        "sequence": 3,
        "status": 1,
        "fuel": 6377,
        "fault": 0.1827,
        "weapon": 0,
        "pilot_injury": 0.6817,
        "pilot_skill": 0.5055,
        "mission_priority": 0.6942,
        "estimated_landing_time": 288.0,
        "wait_time": 0,
        "Landing_success_rate": 0.9038
    }
]