[
    {
        "model": 1,
        "sequence": 14,
        "status": 1,
        "fuel": 6883,
        "fault": 0.841,
        "weapon": 0,
        "pilot_injury": 0.0233,
        "pilot_skill": 0.1746,
        "mission_priority": 0.9876,
        "estimated_landing_time": 1322.0,
        "wait_time": 0,
        "Landing_success_rate": 0.8665
    },
    {
        "model": 1,
        "sequence": 5,
        "status": 1,
        "fuel": 6573,
        "fault": 0.0245,
        "weapon": 0,
        "pilot_injury": 0.3761,
        "pilot_skill": 0.84,
        "mission_priority": 0.9654,
        "estimated_landing_time": 476.0,
        "wait_time": 0,
        "Landing_success_rate": 0.9285
    },
    {
        "model": 2,
        "sequence": 10,
        "status": 1,
        "fuel": 6957,
        "fault": 0.0534,
        "weapon": 0,
        "pilot_injury": 0.6286,
        "pilot_skill": 0.9348,
        "mission_priority": 0.2567,
        "estimated_landing_time": 946.0,
        "wait_time": 0,
        "Landing_success_rate": 0.9534
    },
    {
        "model": 2,
        "sequence": 9,
        "status": 1,
        "fuel": 7239,
        "fault": 0.0632,
        "weapon": 1,
        "pilot_injury": 0.2169,
        "pilot_skill": 0.0849,
        "mission_priority": 0.6207,
        "estimated_landing_time": 852.0,
        "wait_time": 0,
        "Landing_success_rate": 0.9722
    },
    {
        "model": 0,
        "sequence": 1,
        "status": 1,
        "fuel": 6150,
        "fault": 0.8759,
        "weapon": 0,
        "pilot_injury": 0.5527,
        "pilot_skill": 0.6421,
        "mission_priority": 0.4147,
        "estimated_landing_time": 100.0,
        "wait_time": 0,
        "Landing_success_rate": 0.856
    },
    {
        "model": 1,
        "sequence": 17,
        "status": 1,
        "fuel": 7056,
        "fault": 0.0698,
        "weapon": 0,
        "pilot_injury": 0.125,
        "pilot_skill": 0.144,
        "mission_priority": 0.8909,
        "estimated_landing_time": 1604.0,
        "wait_time": 0,
        "Landing_success_rate": 0.9586
    },
    {
        "model": 2,
        "sequence": 6,
        "status": 1,
        "fuel": 5568,
        "fault": 0.7568,
        "weapon": 0,
        "pilot_injury": 0.1436,
        "pilot_skill": 0.4822,
        "mission_priority": 0.7095,
        "estimated_landing_time": 570.0,
        "wait_time": 0,
        "Landing_success_rate": 0.8512
    },
    {
        "model": 1,
        "sequence": 2,
        "status": 1,
        "fuel": 5659,
        "fault": 0.9511,
        "weapon": 0,
        "pilot_injury": 0.5953,
        "pilot_skill": 0.6901,
        "mission_priority": 0.3929,
        "estimated_landing_time": 194.0,
        "wait_time": 0,
        "Landing_success_rate": 0.8506
    },
    {
        "model": 1,
        "sequence": 12,
        "status": 1,
        "fuel": 6231,
        "fault": 0.7017,
        "weapon": 0,
        "pilot_injury": 0.4938,
        "pilot_skill": 0.3906,
        "mission_priority": 0.4719,
        "estimated_landing_time": 1134.0,
        "wait_time": 0,
        "Landing_success_rate": 0.8664
    },
    {
        "model": 1,
        "sequence": 18,
        "status": 1,
        "fuel": 6667,
        "fault": 0.5943,
        "weapon": 0,
        "pilot_injury": 0.0448,
        "pilot_skill": 0.5422,
        "mission_priority": 0.0173,
        "estimated_landing_time": 1698.0,
        "wait_time": 0,
        "Landing_success_rate": 0.8855
    },
    {
        "model": 2,
        "sequence": 4,
        "status": 1,
        "fuel": 5528,
        "fault": 0.6637,
        "weapon": 1,
        "pilot_injury": 0.472,
        "pilot_skill": 0.7987,
        "mission_priority": 0.0464,
        "estimated_landing_time": 382.0,
        "wait_time": 0,
        "Landing_success_rate": 0.8507
    },
    {
        "model": 1,
        "sequence": 13,
        "status": 1,
        "fuel": 6915,
        "fault": 0.7007,
        "weapon": 1,
        "pilot_injury": 0.2299,
        "pilot_skill": 0.3379,
        "mission_priority": 0.9982,
        "estimated_landing_time": 1228.0,
        "wait_time": 0,
        "Landing_success_rate": 0.8818
    },
    {
        "model": 2,
        "sequence": 16,
        "status": 1,
        "fuel": 6612,
        "fault": 0.4696,
        "weapon": 1,
        "pilot_injury": 0.9371,
        "pilot_skill": 0.3409,
        "mission_priority": 0.2971,
        "estimated_landing_time": 1510.0,
        "wait_time": 0,
        "Landing_success_rate": 0.8942
    },
    {
        "model": 0,
        "sequence": 3,
        "status": 1,
        "fuel": 6763,
        "fault": 0.963,
        "weapon": 0,
        "pilot_injury": 0.6796,
        "pilot_skill": 0.2362,
        "mission_priority": 0.377,
        "estimated_landing_time": 288.0,
        "wait_time": 0,
        "Landing_success_rate": 0.8535
    },
    {
        "model": 0,
        "sequence": 11,
        "status": 1,
        "fuel": 6707,
        "fault": 0.7059,
        "weapon": 1,
        "pilot_injury": 0.8887,
        "pilot_skill": 0.3806,
        "mission_priority": 0.9085,
        "estimated_landing_time": 1040.0,
        "wait_time": 0,
        "Landing_success_rate": 0.8766
    },
    {
        "model": 2,
        "sequence": 15,
        "status": 1,
        "fuel": 7261,
        "fault": 0.159,
        "weapon": 0,
        "pilot_injury": 0.9303,
        "pilot_skill": 0.9076,
        "mission_priority": 0.057,
        "estimated_landing_time": 1416.0,
        "wait_time": 0,
        "Landing_success_rate": 0.9611
    },
    {
        "model": 1,
        "sequence": 8,
        "status": 1,
        "fuel": 5865,
        "fault": 0.1116,
        "weapon": 0,
        "pilot_injury": 0.4316,
        "pilot_skill": 0.6409,
        "mission_priority": 0.9447,
        "estimated_landing_time": 758.0,
        "wait_time": 0,
        "Landing_success_rate": 0.8743
    },
    {
        "model": 0,
        "sequence": 7,
        "status": 1,
        "fuel": 7049,
        "fault": 0.9642,
        "weapon": 1,
        "pilot_injury": 0.1924,
        "pilot_skill": 0.8941,
        "mission_priority": 0.9646,
        "estimated_landing_time": 664.0,
        "wait_time": 0,
        "Landing_success_rate": 0.8542
    }
]