[
    {
        "model": 2,
        "sequence": 14,
        "status": 1,
        "fuel": 7186,
        "fault": 0.4819,
        "weapon": 0,
        "pilot_injury": 0.3829,
        "pilot_skill": 0.8371,
        "mission_priority": 0.7366,
        "estimated_landing_time": 1322.0,
        "wait_time": 0,
        "Landing_success_rate": 0.9155
    },
    {
        "model": 1,
        "sequence": 16,
        "status": 1,
        "fuel": 6311,
        "fault": 0.6834,
        "weapon": 1,
        "pilot_injury": 0.6486,
        "pilot_skill": 0.0259,
        "mission_priority": 0.8482,
        "estimated_landing_time": 1510.0,
        "wait_time": 0,
        "Landing_success_rate": 0.8693
    },
    {
        "model": 1,
        "sequence": 9,
        "status": 1,
        "fuel": 6857,
        "fault": 0.9961,
        "weapon": 1,
        "pilot_injury": 0.5127,
        "pilot_skill": 0.7257,
        "mission_priority": 0.3264,
        "estimated_landing_time": 852.0,
        "wait_time": 0,
        "Landing_success_rate": 0.8504
    },
    {
        "model": 2,
        "sequence": 6,
        "status": 1,
        "fuel": 6344,
        "fault": 0.8009,
        "weapon": 0,
        "pilot_injury": 0.1427,
        "pilot_skill": 0.1401,
        "mission_priority": 0.7161,
        "estimated_landing_time": 570.0,
        "wait_time": 0,
        "Landing_success_rate": 0.8626
    },
    {
        "model": 2,
        "sequence": 7,
        "status": 1,
        "fuel": 6581,
        "fault": 0.3571,
        "weapon": 0,
        "pilot_injury": 0.3119,
        "pilot_skill": 0.0424,
        "mission_priority": 0.6499,
        "estimated_landing_time": 664.0,
        "wait_time": 0,
        "Landing_success_rate": 0.9021
    },
    {
        "model": 0,
        "sequence": 8,
        "status": 1,
        "fuel": 6852,
        "fault": 0.4031,
        "weapon": 0,
        "pilot_injury": 0.6833,
        "pilot_skill": 0.5238,
        "mission_priority": 0.6926,
        "estimated_landing_time": 758.0,
        "wait_time": 0,
        "Landing_success_rate": 0.9105
    },
    {
        "model": 0,
        "sequence": 18,
        "status": 1,
        "fuel": 6356,
        "fault": 0.8821,
        "weapon": 1,
        "pilot_injury": 0.2108,
        "pilot_skill": 0.0993,
        "mission_priority": 0.2341,
        "estimated_landing_time": 1698.0,
        "wait_time": 0,
        "Landing_success_rate": 0.8576
    },
    {
        "model": 1,
        "sequence": 10,
        "status": 1,
        "fuel": 6398,
        "fault": 0.4945,
        "weapon": 1,
        "pilot_injury": 0.2865,
        "pilot_skill": 0.231,
        "mission_priority": 0.8349,
        "estimated_landing_time": 946.0,
        "wait_time": 0,
        "Landing_success_rate": 0.884
    },
    {
        "model": 0,
        "sequence": 13,
        "status": 1,
        "fuel": 6347,
        "fault": 0.4498,
        "weapon": 0,
        "pilot_injury": 0.4436,
        "pilot_skill": 0.4165,
        "mission_priority": 0.3266,
        "estimated_landing_time": 1228.0,
        "wait_time": 0,
        "Landing_success_rate": 0.885
    },
    {
        "model": 1,
        "sequence": 11,
        "status": 1,
        "fuel": 6199,
        "fault": 0.4165,
        "weapon": 1,
        "pilot_injury": 0.1617,
        "pilot_skill": 0.1811,
        "mission_priority": 0.5717,
        "estimated_landing_time": 1040.0,
        "wait_time": 0,
        "Landing_success_rate": 0.8806
    },
    {
        "model": 0,
        "sequence": 15,
        "status": 1,
        "fuel": 6044,
        "fault": 0.77,
        "weapon": 1,
        "pilot_injury": 0.8065,
        "pilot_skill": 0.9036,
        "mission_priority": 0.7906,
        "estimated_landing_time": 1416.0,
        "wait_time": 0,
        "Landing_success_rate": 0.8594
    },
    {
        "model": 2,
        "sequence": 17,
        "status": 1,
        "fuel": 6058,
        "fault": 0.7419,
        "weapon": 1,
        "pilot_injury": 0.3632,
        "pilot_skill": 0.1691,
        "mission_priority": 0.4995,
        "estimated_landing_time": 1604.0,
        "wait_time": 0,
        "Landing_success_rate": 0.8608
    },
    {
        "model": 0,
        "sequence": 1,
        "status": 1,
        "fuel": 6550,
        "fault": 0.1511,
        "weapon": 0,
        "pilot_injury": 0.6343,
        "pilot_skill": 0.8581,
        "mission_priority": 0.2618,
        "estimated_landing_time": 100.0,
        "wait_time": 0,
        "Landing_success_rate": 0.9169
    },
    {
        "model": 1,
        "sequence": 3,
        "status": 1,
        "fuel": 6985,
        "fault": 0.7624,
        "weapon": 1,
        "pilot_injury": 0.4141,
        "pilot_skill": 0.2808,
        "mission_priority": 0.6244,
        "estimated_landing_time": 288.0,
        "wait_time": 0,
        "Landing_success_rate": 0.8765
    },
    {
        "model": 0,
        "sequence": 2,
        "status": 1,
        "fuel": 6129,
        "fault": 0.5514,
        "weapon": 0,
        "pilot_injury": 0.9629,
        "pilot_skill": 0.9351,
        "mission_priority": 0.1631,
        "estimated_landing_time": 194.0,
        "wait_time": 0,
        "Landing_success_rate": 0.8712
    },
    {
        "model": 1,
        "sequence": 5,
        "status": 1,
        "fuel": 5923,
        "fault": 0.8249,
        "weapon": 0,
        "pilot_injury": 0.7289,
        "pilot_skill": 0.9775,
        "mission_priority": 0.7834,
        "estimated_landing_time": 476.0,
        "wait_time": 0,
        "Landing_success_rate": 0.8556
    },
    {
        "model": 1,
        "sequence": 4,
        "status": 1,
        "fuel": 5846,
        "fault": 0.9729,
        "weapon": 1,
        "pilot_injury": 0.8255,
        "pilot_skill": 0.1771,
        "mission_priority": 0.0556,
        "estimated_landing_time": 382.0,
        "wait_time": 0,
        "Landing_success_rate": 0.8507
    },
    {
        "model": 0,
        "sequence": 12,
        "status": 1,
        "fuel": 7067,
        "fault": 0.4766,
        "weapon": 1,
        "pilot_injury": 0.1286,
        "pilot_skill": 0.3865,
        "mission_priority": 0.0855,
        "estimated_landing_time": 1134.0,
        "wait_time": 0,
        "Landing_success_rate": 0.9115
    }
]