[
    {
        "model": 1,
        "sequence": 17,
        "status": 1,
        "fuel": 7106,
        "fault": 0.1411,
        "weapon": 0,
        "pilot_injury": 0.9358,
        "pilot_skill": 0.4032,
        "mission_priority": 0.7087,
        "estimated_landing_time": 1604.0,
        "wait_time": 0,
        "Landing_success_rate": 0.9535
    },
    {
        "model": 0,
        "sequence": 18,
        "status": 1,
        "fuel": 6027,
        "fault": 0.2162,
        "weapon": 1,
        "pilot_injury": 0.7125,
        "pilot_skill": 0.3679,
        "mission_priority": 0.3367,
        "estimated_landing_time": 1698.0,
        "wait_time": 0,
        "Landing_success_rate": 0.881
    },
    {
        "model": 2,
        "sequence": 8,
        "status": 1,
        "fuel": 5926,
        "fault": 0.8383,
        "weapon": 0,
        "pilot_injury": 0.9638,
        "pilot_skill": 0.2001,
        "mission_priority": 0.0953,
        "estimated_landing_time": 758.0,
        "wait_time": 0,
        "Landing_success_rate": 0.8552
    },
    {
        "model": 0,
        "sequence": 10,
        "status": 1,
        "fuel": 6081,
        "fault": 0.9012,
        "weapon": 1,
        "pilot_injury": 0.3501,
        "pilot_skill": 0.2244,
        "mission_priority": 0.3528,
        "estimated_landing_time": 946.0,
        "wait_time": 0,
        "Landing_success_rate": 0.8543
    },
    {
        "model": 1,
        "sequence": 4,
        "status": 1,
        "fuel": 7143,
        "fault": 0.5064,
        "weapon": 1,
        "pilot_injury": 0.7436,
        "pilot_skill": 0.3391,
        "mission_priority": 0.452,
        "estimated_landing_time": 382.0,
        "wait_time": 0,
        "Landing_success_rate": 0.9108
    },
    {
        "model": 1,
        "sequence": 5,
        "status": 1,
        "fuel": 5826,
        "fault": 0.8101,
        "weapon": 0,
        "pilot_injury": 0.4623,
        "pilot_skill": 0.3016,
        "mission_priority": 0.6128,
        "estimated_landing_time": 476.0,
        "wait_time": 0,
        "Landing_success_rate": 0.8546
    },
    {
        "model": 1,
        "sequence": 3,
        "status": 1,
        "fuel": 5632,
        "fault": 0.9451,
        "weapon": 1,
        "pilot_injury": 0.8652,
        "pilot_skill": 0.5663,
        "mission_priority": 0.7121,
        "estimated_landing_time": 288.0,
        "wait_time": 0,
        "Landing_success_rate": 0.8505
    },
    {
        "model": 0,
        "sequence": 12,
        "status": 1,
        "fuel": 6532,
        "fault": 0.8122,
        "weapon": 1,
        "pilot_injury": 0.7611,
        "pilot_skill": 0.5246,
        "mission_priority": 0.2227,
        "estimated_landing_time": 1134.0,
        "wait_time": 0,
        "Landing_success_rate": 0.8645
    },
    {
        "model": 0,
        "sequence": 6,
        "status": 1,
        "fuel": 6138,
        "fault": 0.8216,
        "weapon": 1,
        "pilot_injury": 0.3169,
        "pilot_skill": 0.3355,
        "mission_priority": 0.3374,
        "estimated_landing_time": 570.0,
        "wait_time": 0,
        "Landing_success_rate": 0.8585
    },
    {
        "model": 0,
        "sequence": 13,
        "status": 1,
        "fuel": 5720,
        "fault": 0.8698,
        "weapon": 1,
        "pilot_injury": 0.0465,
        "pilot_skill": 0.111,
        "mission_priority": 0.3437,
        "estimated_landing_time": 1228.0,
        "wait_time": 0,
        "Landing_success_rate": 0.8521
    },
    {
        "model": 2,
        "sequence": 2,
        "status": 1,
        "fuel": 6396,
        "fault": 0.4955,
        "weapon": 0,
        "pilot_injury": 0.888,
        "pilot_skill": 0.8084,
        "mission_priority": 0.5205,
        "estimated_landing_time": 194.0,
        "wait_time": 0,
        "Landing_success_rate": 0.8839
    },
    {
        "model": 2,
        "sequence": 14,
        "status": 1,
        "fuel": 5708,
        "fault": 0.087,
        "weapon": 0,
        "pilot_injury": 0.0368,
        "pilot_skill": 0.9043,
        "mission_priority": 0.1278,
        "estimated_landing_time": 1322.0,
        "wait_time": 0,
        "Landing_success_rate": 0.8642
    },
    {
        "model": 2,
        "sequence": 16,
        "status": 1,
        "fuel": 6936,
        "fault": 0.9174,
        "weapon": 1,
        "pilot_injury": 0.3056,
        "pilot_skill": 0.4955,
        "mission_priority": 0.5016,
        "estimated_landing_time": 1510.0,
        "wait_time": 0,
        "Landing_success_rate": 0.8589
    },
    {
        "model": 1,
        "sequence": 15,
        "status": 1,
        "fuel": 6613,
        "fault": 0.8945,
        "weapon": 0,
        "pilot_injury": 0.7399,
        "pilot_skill": 0.5101,
        "mission_priority": 0.2442,
        "estimated_landing_time": 1416.0,
        "wait_time": 0,
        "Landing_success_rate": 0.8588
    },
    {
        "model": 1,
        "sequence": 7,
        "status": 1,
        "fuel": 6153,
        "fault": 0.0446,
        "weapon": 1,
        "pilot_injury": 0.5255,
        "pilot_skill": 0.5284,
        "mission_priority": 0.9615,
        "estimated_landing_time": 664.0,
        "wait_time": 0,
        "Landing_success_rate": 0.8968
    },
    {
        "model": 1,
        "sequence": 11,
        "status": 1,
        "fuel": 5649,
        "fault": 0.3362,
        "weapon": 0,
        "pilot_injury": 0.8117,
        "pilot_skill": 0.7589,
        "mission_priority": 0.2658,
        "estimated_landing_time": 1040.0,
        "wait_time": 0,
        "Landing_success_rate": 0.8574
    },
    {
        "model": 1,
        "sequence": 9,
        "status": 1,
        "fuel": 7333,
        "fault": 0.1307,
        "weapon": 0,
        "pilot_injury": 0.2577,
        "pilot_skill": 0.9227,
        "mission_priority": 0.1292,
        "estimated_landing_time": 852.0,
        "wait_time": 0,
        "Landing_success_rate": 0.9695
    },
    {
        "model": 1,
        "sequence": 1,
        "status": 1,
        "fuel": 6212,
        "fault": 0.95,
        "weapon": 1,
        "pilot_injury": 0.7033,
        "pilot_skill": 0.8913,
        "mission_priority": 0.6359,
        "estimated_landing_time": 100.0,
        "wait_time": 0,
        "Landing_success_rate": 0.8527
    }
]