[
    {
        "model": 2,
        "sequence": 2,
        "status": 1,
        "fuel": 6768,
        "fault": 0.8026,
        "weapon": 0,
        "pilot_injury": 0.417,
        "pilot_skill": 0.4626,
        "mission_priority": 0.4065,
        "estimated_landing_time": 194.0,
        "wait_time": 0,
        "Landing_success_rate": 0.8688
    },
    {
        "model": 1,
        "sequence": 10,
        "status": 1,
        "fuel": 5940,
        "fault": 0.0703,
        "weapon": 0,
        "pilot_injury": 0.3693,
        "pilot_skill": 0.5478,
        "mission_priority": 0.3034,
        "estimated_landing_time": 946.0,
        "wait_time": 0,
        "Landing_success_rate": 0.8807
    },
    {
        "model": 2,
        "sequence": 11,
        "status": 1,
        "fuel": 6742,
        "fault": 0.9494,
        "weapon": 1,
        "pilot_injury": 0.4905,
        "pilot_skill": 0.723,
        "mission_priority": 0.5605,
        "estimated_landing_time": 1040.0,
        "wait_time": 0,
        "Landing_success_rate": 0.8547
    },
    {
        "model": 0,
        "sequence": 9,
        "status": 1,
        "fuel": 5509,
        "fault": 0.0199,
        "weapon": 0,
        "pilot_injury": 0.491,
        "pilot_skill": 0.67,
        "mission_priority": 0.2212,
        "estimated_landing_time": 852.0,
        "wait_time": 0,
        "Landing_success_rate": 0.8507
    },
    {
        "model": 0,
        "sequence": 7,
        "status": 1,
        "fuel": 7340,
        "fault": 0.615,
        "weapon": 0,
        "pilot_injury": 0.0289,
        "pilot_skill": 0.437,
        "mission_priority": 0.5988,
        "estimated_landing_time": 664.0,
        "wait_time": 0,
        "Landing_success_rate": 0.9031
    },
    {
        "model": 1,
        "sequence": 17,
        "status": 1,
        "fuel": 6611,
        "fault": 0.0249,
        "weapon": 0,
        "pilot_injury": 0.2807,
        "pilot_skill": 0.5072,
        "mission_priority": 0.0564,
        "estimated_landing_time": 1604.0,
        "wait_time": 0,
        "Landing_success_rate": 0.9313
    },
    {
        "model": 1,
        "sequence": 18,
        "status": 1,
        "fuel": 6744,
        "fault": 0.5628,
        "weapon": 1,
        "pilot_injury": 0.1233,
        "pilot_skill": 0.2577,
        "mission_priority": 0.944,
        "estimated_landing_time": 1698.0,
        "wait_time": 0,
        "Landing_success_rate": 0.8908
    },
    {
        "model": 0,
        "sequence": 3,
        "status": 1,
        "fuel": 7209,
        "fault": 0.7417,
        "weapon": 1,
        "pilot_injury": 0.8646,
        "pilot_skill": 0.7496,
        "mission_priority": 0.1206,
        "estimated_landing_time": 288.0,
        "wait_time": 0,
        "Landing_success_rate": 0.8831
    },
    {
        "model": 2,
        "sequence": 16,
        "status": 1,
        "fuel": 6766,
        "fault": 0.6135,
        "weapon": 0,
        "pilot_injury": 0.3112,
        "pilot_skill": 0.834,
        "mission_priority": 0.4641,
        "estimated_landing_time": 1510.0,
        "wait_time": 0,
        "Landing_success_rate": 0.8867
    },
    {
        "model": 2,
        "sequence": 14,
        "status": 1,
        "fuel": 6008,
        "fault": 0.0581,
        "weapon": 0,
        "pilot_injury": 0.2286,
        "pilot_skill": 0.8875,
        "mission_priority": 0.6474,
        "estimated_landing_time": 1322.0,
        "wait_time": 0,
        "Landing_success_rate": 0.8859
    },
    {
        "model": 0,
        "sequence": 1,
        "status": 1,
        "fuel": 5925,
        "fault": 0.2318,
        "weapon": 1,
        "pilot_injury": 0.6501,
        "pilot_skill": 0.7549,
        "mission_priority": 0.5544,
        "estimated_landing_time": 100.0,
        "wait_time": 0,
        "Landing_success_rate": 0.8745
    },
    {
        "model": 2,
        "sequence": 4,
        "status": 1,
        "fuel": 5765,
        "fault": 0.6373,
        "weapon": 1,
        "pilot_injury": 0.9953,
        "pilot_skill": 0.6694,
        "mission_priority": 0.9326,
        "estimated_landing_time": 382.0,
        "wait_time": 0,
        "Landing_success_rate": 0.8572
    },
    {
        "model": 2,
        "sequence": 12,
        "status": 1,
        "fuel": 6311,
        "fault": 0.7264,
        "weapon": 1,
        "pilot_injury": 0.9092,
        "pilot_skill": 0.9041,
        "mission_priority": 0.8308,
        "estimated_landing_time": 1134.0,
        "wait_time": 0,
        "Landing_success_rate": 0.8666
    },
    {
        "model": 0,
        "sequence": 6,
        "status": 1,
        "fuel": 5988,
        "fault": 0.6822,
        "weapon": 0,
        "pilot_injury": 0.334,
        "pilot_skill": 0.7673,
        "mission_priority": 0.2329,
        "estimated_landing_time": 570.0,
        "wait_time": 0,
        "Landing_success_rate": 0.8616
    },
    {
        "model": 0,
        "sequence": 15,
        "status": 1,
        "fuel": 5921,
        "fault": 0.9068,
        "weapon": 0,
        "pilot_injury": 0.6039,
        "pilot_skill": 0.9357,
        "mission_priority": 0.6615,
        "estimated_landing_time": 1416.0,
        "wait_time": 0,
        "Landing_success_rate": 0.8529
    },
    {
        "model": 1,
        "sequence": 8,
        "status": 1,
        "fuel": 5768,
        "fault": 0.623,
        "weapon": 1,
        "pilot_injury": 0.8336,
        "pilot_skill": 0.2637,
        "mission_priority": 0.2099,
        "estimated_landing_time": 758.0,
        "wait_time": 0,
        "Landing_success_rate": 0.8576
    },
    {
        "model": 0,
        "sequence": 5,
        "status": 1,
        "fuel": 7425,
        "fault": 0.3451,
        "weapon": 1,
        "pilot_injury": 0.6715,
        "pilot_skill": 0.4673,
        "mission_priority": 0.3767,
        "estimated_landing_time": 476.0,
        "wait_time": 0,
        "Landing_success_rate": 0.9446
    },
    {
        "model": 1,
        "sequence": 13,
        "status": 1,
        "fuel": 7325,
        "fault": 0.5925,
        "weapon": 0,
        "pilot_injury": 0.4547,
        "pilot_skill": 0.4554,
        "mission_priority": 0.5383,
        "estimated_landing_time": 1228.0,
        "wait_time": 0,
        "Landing_success_rate": 0.9058
    }
]