[
    {
        "model": 2,
        "sequence": 9,
        "status": 1,
        "fuel": 7425,
        "fault": 0.8989,
        "weapon": 1,
        "pilot_injury": 0.2074,
        "pilot_skill": 0.409,
        "mission_priority": 0.1955,
        "estimated_landing_time": 852.0,
        "wait_time": 0,
        "Landing_success_rate": 0.8646
    },
    {
        "model": 1,
        "sequence": 14,
        "status": 1,
        "fuel": 7017,
        "fault": 0.0597,
        "weapon": 0,
        "pilot_injury": 0.9133,
        "pilot_skill": 0.4285,
        "mission_priority": 0.3779,
        "estimated_landing_time": 1322.0,
        "wait_time": 0,
        "Landing_success_rate": 0.957
    },
    {
        "model": 1,
        "sequence": 12,
        "status": 1,
        "fuel": 7106,
        "fault": 0.1189,
        "weapon": 1,
        "pilot_injury": 0.6855,
        "pilot_skill": 0.4676,
        "mission_priority": 0.0557,
        "estimated_landing_time": 1134.0,
        "wait_time": 0,
        "Landing_success_rate": 0.9561
    },
    {
        "model": 2,
        "sequence": 15,
        "status": 1,
        "fuel": 6312,
        "fault": 0.5704,
        "weapon": 1,
        "pilot_injury": 0.431,
        "pilot_skill": 0.6137,
        "mission_priority": 0.4503,
        "estimated_landing_time": 1416.0,
        "wait_time": 0,
        "Landing_success_rate": 0.8762
    },
    {
        "model": 0,
        "sequence": 7,
        "status": 1,
        "fuel": 6620,
        "fault": 0.4314,
        "weapon": 1,
        "pilot_injury": 0.4561,
        "pilot_skill": 0.8184,
        "mission_priority": 0.017,
        "estimated_landing_time": 664.0,
        "wait_time": 0,
        "Landing_success_rate": 0.8978
    },
    {
        "model": 0,
        "sequence": 17,
        "status": 1,
        "fuel": 6098,
        "fault": 0.6878,
        "weapon": 0,
        "pilot_injury": 0.2175,
        "pilot_skill": 0.1833,
        "mission_priority": 0.7723,
        "estimated_landing_time": 1604.0,
        "wait_time": 0,
        "Landing_success_rate": 0.864
    },
    {
        "model": 0,
        "sequence": 1,
        "status": 1,
        "fuel": 5532,
        "fault": 0.2285,
        "weapon": 1,
        "pilot_injury": 0.378,
        "pilot_skill": 0.3925,
        "mission_priority": 0.8741,
        "estimated_landing_time": 100.0,
        "wait_time": 0,
        "Landing_success_rate": 0.8519
    },
    {
        "model": 1,
        "sequence": 13,
        "status": 1,
        "fuel": 7472,
        "fault": 0.6994,
        "weapon": 0,
        "pilot_injury": 0.5344,
        "pilot_skill": 0.954,
        "mission_priority": 0.1132,
        "estimated_landing_time": 1228.0,
        "wait_time": 0,
        "Landing_success_rate": 0.8945
    },
    {
        "model": 0,
        "sequence": 11,
        "status": 1,
        "fuel": 5535,
        "fault": 0.3962,
        "weapon": 1,
        "pilot_injury": 0.9573,
        "pilot_skill": 0.1772,
        "mission_priority": 0.1451,
        "estimated_landing_time": 1040.0,
        "wait_time": 0,
        "Landing_success_rate": 0.8516
    },
    {
        "model": 1,
        "sequence": 5,
        "status": 1,
        "fuel": 6591,
        "fault": 0.0255,
        "weapon": 1,
        "pilot_injury": 0.6549,
        "pilot_skill": 0.0775,
        "mission_priority": 0.058,
        "estimated_landing_time": 476.0,
        "wait_time": 0,
        "Landing_success_rate": 0.9297
    },
    {
        "model": 1,
        "sequence": 16,
        "status": 1,
        "fuel": 7039,
        "fault": 0.2332,
        "weapon": 1,
        "pilot_injury": 0.4268,
        "pilot_skill": 0.3565,
        "mission_priority": 0.998,
        "estimated_landing_time": 1510.0,
        "wait_time": 0,
        "Landing_success_rate": 0.9385
    },
    {
        "model": 1,
        "sequence": 10,
        "status": 1,
        "fuel": 7070,
        "fault": 0.2823,
        "weapon": 1,
        "pilot_injury": 0.3859,
        "pilot_skill": 0.195,
        "mission_priority": 0.5122,
        "estimated_landing_time": 946.0,
        "wait_time": 0,
        "Landing_success_rate": 0.9345
    },
    {
        "model": 2,
        "sequence": 3,
        "status": 1,
        "fuel": 6921,
        "fault": 0.8021,
        "weapon": 1,
        "pilot_injury": 0.1605,
        "pilot_skill": 0.3112,
        "mission_priority": 0.5087,
        "estimated_landing_time": 288.0,
        "wait_time": 0,
        "Landing_success_rate": 0.8711
    },
    {
        "model": 0,
        "sequence": 18,
        "status": 1,
        "fuel": 7024,
        "fault": 0.2729,
        "weapon": 1,
        "pilot_injury": 0.9477,
        "pilot_skill": 0.5429,
        "mission_priority": 0.0634,
        "estimated_landing_time": 1698.0,
        "wait_time": 0,
        "Landing_success_rate": 0.9331
    },
    {
        "model": 1,
        "sequence": 2,
        "status": 1,
        "fuel": 6275,
        "fault": 0.2867,
        "weapon": 1,
        "pilot_injury": 0.7389,
        "pilot_skill": 0.75,
        "mission_priority": 0.6511,
        "estimated_landing_time": 194.0,
        "wait_time": 0,
        "Landing_success_rate": 0.8915
    },
    {
        "model": 0,
        "sequence": 4,
        "status": 1,
        "fuel": 5960,
        "fault": 0.4101,
        "weapon": 0,
        "pilot_injury": 0.7268,
        "pilot_skill": 0.1367,
        "mission_priority": 0.3395,
        "estimated_landing_time": 382.0,
        "wait_time": 0,
        "Landing_success_rate": 0.8704
    },
    {
        "model": 2,
        "sequence": 6,
        "status": 1,
        "fuel": 5708,
        "fault": 0.0076,
        "weapon": 0,
        "pilot_injury": 0.9674,
        "pilot_skill": 0.0889,
        "mission_priority": 0.4776,
        "estimated_landing_time": 570.0,
        "wait_time": 0,
        "Landing_success_rate": 0.8655
    },
    {
        "model": 0,
        "sequence": 8,
        "status": 1,
        "fuel": 5807,
        "fault": 0.6495,
        "weapon": 0,
        "pilot_injury": 0.0787,
        "pilot_skill": 0.1754,
        "mission_priority": 0.2588,
        "estimated_landing_time": 758.0,
        "wait_time": 0,
        "Landing_success_rate": 0.8581
    }
]