[
    {
        "model": 1,
        "sequence": 3,
        "status": 1,
        "fuel": 6315,
        "fault": 0.8344,
        "weapon": 0,
        "pilot_injury": 0.8411,
        "pilot_skill": 0.7303,
        "mission_priority": 0.4629,
        "estimated_landing_time": 288.0,
        "wait_time": 0,
        "Landing_success_rate": 0.8601
    },
    {
        "model": 0,
        "sequence": 7,
        "status": 1,
        "fuel": 6171,
        "fault": 0.7044,
        "weapon": 1,
        "pilot_injury": 0.754,
        "pilot_skill": 0.474,
        "mission_priority": 0.8986,
        "estimated_landing_time": 664.0,
        "wait_time": 0,
        "Landing_success_rate": 0.8649
    },
    {
        "model": 2,
        "sequence": 13,
        "status": 1,
        "fuel": 7224,
        "fault": 0.555,
        "weapon": 1,
        "pilot_injury": 0.2142,
        "pilot_skill": 0.6682,
        "mission_priority": 0.7385,
        "estimated_landing_time": 1228.0,
        "wait_time": 0,
        "Landing_success_rate": 0.9075
    },
    {
        "model": 1,
        "sequence": 16,
        "status": 1,
        "fuel": 6629,
        "fault": 0.921,
        "weapon": 0,
        "pilot_injury": 0.0113,
        "pilot_skill": 0.2614,
        "mission_priority": 0.3233,
        "estimated_landing_time": 1510.0,
        "wait_time": 0,
        "Landing_success_rate": 0.8567
    },
    {
        "model": 0,
        "sequence": 15,
        "status": 1,
        "fuel": 6102,
        "fault": 0.9444,
        "weapon": 0,
        "pilot_injury": 0.1047,
        "pilot_skill": 0.9498,
        "mission_priority": 0.1825,
        "estimated_landing_time": 1416.0,
        "wait_time": 0,
        "Landing_success_rate": 0.8525
    },
    {
        "model": 2,
        "sequence": 9,
        "status": 1,
        "fuel": 7049,
        "fault": 0.1289,
        "weapon": 0,
        "pilot_injury": 0.8603,
        "pilot_skill": 0.7494,
        "mission_priority": 0.3535,
        "estimated_landing_time": 852.0,
        "wait_time": 0,
        "Landing_success_rate": 0.9512
    },
    {
        "model": 1,
        "sequence": 10,
        "status": 1,
        "fuel": 5735,
        "fault": 0.957,
        "weapon": 0,
        "pilot_injury": 0.3823,
        "pilot_skill": 0.3771,
        "mission_priority": 0.2379,
        "estimated_landing_time": 946.0,
        "wait_time": 0,
        "Landing_success_rate": 0.8508
    },
    {
        "model": 2,
        "sequence": 14,
        "status": 1,
        "fuel": 6658,
        "fault": 0.314,
        "weapon": 1,
        "pilot_injury": 0.2799,
        "pilot_skill": 0.2421,
        "mission_priority": 0.018,
        "estimated_landing_time": 1322.0,
        "wait_time": 0,
        "Landing_success_rate": 0.9096
    },
    {
        "model": 1,
        "sequence": 18,
        "status": 1,
        "fuel": 6858,
        "fault": 0.6691,
        "weapon": 1,
        "pilot_injury": 0.2777,
        "pilot_skill": 0.7005,
        "mission_priority": 0.4117,
        "estimated_landing_time": 1698.0,
        "wait_time": 0,
        "Landing_success_rate": 0.8837
    },
    {
        "model": 2,
        "sequence": 8,
        "status": 1,
        "fuel": 6700,
        "fault": 0.4094,
        "weapon": 0,
        "pilot_injury": 0.2628,
        "pilot_skill": 0.3983,
        "mission_priority": 0.3823,
        "estimated_landing_time": 758.0,
        "wait_time": 0,
        "Landing_success_rate": 0.9032
    },
    {
        "model": 2,
        "sequence": 11,
        "status": 1,
        "fuel": 6686,
        "fault": 0.9534,
        "weapon": 0,
        "pilot_injury": 0.3024,
        "pilot_skill": 0.8642,
        "mission_priority": 0.7671,
        "estimated_landing_time": 1040.0,
        "wait_time": 0,
        "Landing_success_rate": 0.8541
    },
    {
        "model": 1,
        "sequence": 12,
        "status": 1,
        "fuel": 6522,
        "fault": 0.5597,
        "weapon": 1,
        "pilot_injury": 0.5078,
        "pilot_skill": 0.2671,
        "mission_priority": 0.0743,
        "estimated_landing_time": 1134.0,
        "wait_time": 0,
        "Landing_success_rate": 0.8837
    },
    {
        "model": 2,
        "sequence": 17,
        "status": 1,
        "fuel": 6258,
        "fault": 0.3989,
        "weapon": 1,
        "pilot_injury": 0.0573,
        "pilot_skill": 0.0882,
        "mission_priority": 0.263,
        "estimated_landing_time": 1604.0,
        "wait_time": 0,
        "Landing_success_rate": 0.8842
    },
    {
        "model": 2,
        "sequence": 1,
        "status": 1,
        "fuel": 6179,
        "fault": 0.737,
        "weapon": 0,
        "pilot_injury": 0.1179,
        "pilot_skill": 0.2258,
        "mission_priority": 0.2616,
        "estimated_landing_time": 100.0,
        "wait_time": 0,
        "Landing_success_rate": 0.8634
    },
    {
        "model": 0,
        "sequence": 5,
        "status": 1,
        "fuel": 6758,
        "fault": 0.4173,
        "weapon": 0,
        "pilot_injury": 0.0722,
        "pilot_skill": 0.7035,
        "mission_priority": 0.386,
        "estimated_landing_time": 476.0,
        "wait_time": 0,
        "Landing_success_rate": 0.905
    },
    {
        "model": 1,
        "sequence": 4,
        "status": 1,
        "fuel": 6394,
        "fault": 0.3209,
        "weapon": 0,
        "pilot_injury": 0.2265,
        "pilot_skill": 0.2327,
        "mission_priority": 0.9852,
        "estimated_landing_time": 382.0,
        "wait_time": 0,
        "Landing_success_rate": 0.8955
    },
    {
        "model": 2,
        "sequence": 6,
        "status": 1,
        "fuel": 6777,
        "fault": 0.8038,
        "weapon": 0,
        "pilot_injury": 0.6168,
        "pilot_skill": 0.2559,
        "mission_priority": 0.1044,
        "estimated_landing_time": 570.0,
        "wait_time": 0,
        "Landing_success_rate": 0.8688
    },
    {
        "model": 1,
        "sequence": 2,
        "status": 1,
        "fuel": 7479,
        "fault": 0.0833,
        "weapon": 1,
        "pilot_injury": 0.4437,
        "pilot_skill": 0.6322,
        "mission_priority": 0.5545,
        "estimated_landing_time": 194.0,
        "wait_time": 0,
        "Landing_success_rate": 0.9861
    }
]