[
    {
        "model": 2,
        "sequence": 16,
        "status": 1,
        "fuel": 5554,
        "fault": 0.1789,
        "weapon": 0,
        "pilot_injury": 0.3749,
        "pilot_skill": 0.4217,
        "mission_priority": 0.559,
        "estimated_landing_time": 1510.0,
        "wait_time": 0,
        "Landing_success_rate": 0.8533
    },
    {
        "model": 0,
        "sequence": 17,
        "status": 1,
        "fuel": 5525,
        "fault": 0.5072,
        "weapon": 0,
        "pilot_injury": 0.7792,
        "pilot_skill": 0.6764,
        "mission_priority": 0.1161,
        "estimated_landing_time": 1604.0,
        "wait_time": 0,
        "Landing_success_rate": 0.8509
    },
    {
        "model": 1,
        "sequence": 7,
        "status": 1,
        "fuel": 5967,
        "fault": 0.3916,
        "weapon": 0,
        "pilot_injury": 0.7389,
        "pilot_skill": 0.7158,
        "mission_priority": 0.6894,
        "estimated_landing_time": 664.0,
        "wait_time": 0,
        "Landing_success_rate": 0.8713
    },
    {
        "model": 2,
        "sequence": 15,
        "status": 1,
        "fuel": 7333,
        "fault": 0.6982,
        "weapon": 0,
        "pilot_injury": 0.7616,
        "pilot_skill": 0.6376,
        "mission_priority": 0.8043,
        "estimated_landing_time": 1416.0,
        "wait_time": 0,
        "Landing_success_rate": 0.8915
    },
    {
        "model": 0,
        "sequence": 10,
        "status": 1,
        "fuel": 7301,
        "fault": 0.1516,
        "weapon": 0,
        "pilot_injury": 0.1531,
        "pilot_skill": 0.632,
        "mission_priority": 0.7598,
        "estimated_landing_time": 946.0,
        "wait_time": 0,
        "Landing_success_rate": 0.9646
    },
    {
        "model": 0,
        "sequence": 5,
        "status": 1,
        "fuel": 7273,
        "fault": 0.3088,
        "weapon": 1,
        "pilot_injury": 0.0121,
        "pilot_skill": 0.5317,
        "mission_priority": 0.5423,
        "estimated_landing_time": 476.0,
        "wait_time": 0,
        "Landing_success_rate": 0.9419
    },
    {
        "model": 2,
        "sequence": 2,
        "status": 1,
        "fuel": 7447,
        "fault": 0.603,
        "weapon": 0,
        "pilot_injury": 0.4278,
        "pilot_skill": 0.7662,
        "mission_priority": 0.1818,
        "estimated_landing_time": 194.0,
        "wait_time": 0,
        "Landing_success_rate": 0.908
    },
    {
        "model": 2,
        "sequence": 11,
        "status": 1,
        "fuel": 6623,
        "fault": 0.43,
        "weapon": 1,
        "pilot_injury": 0.8669,
        "pilot_skill": 0.3404,
        "mission_priority": 0.9327,
        "estimated_landing_time": 1040.0,
        "wait_time": 0,
        "Landing_success_rate": 0.898
    },
    {
        "model": 2,
        "sequence": 12,
        "status": 1,
        "fuel": 6519,
        "fault": 0.5609,
        "weapon": 0,
        "pilot_injury": 0.46,
        "pilot_skill": 0.7235,
        "mission_priority": 0.3708,
        "estimated_landing_time": 1134.0,
        "wait_time": 0,
        "Landing_success_rate": 0.8836
    },
    {
        "model": 2,
        "sequence": 18,
        "status": 1,
        "fuel": 6288,
        "fault": 0.9005,
        "weapon": 0,
        "pilot_injury": 0.4618,
        "pilot_skill": 0.2426,
        "mission_priority": 0.5164,
        "estimated_landing_time": 1698.0,
        "wait_time": 0,
        "Landing_success_rate": 0.8559
    },
    {
        "model": 2,
        "sequence": 9,
        "status": 1,
        "fuel": 5843,
        "fault": 0.1239,
        "weapon": 0,
        "pilot_injury": 0.5398,
        "pilot_skill": 0.6143,
        "mission_priority": 0.5296,
        "estimated_landing_time": 852.0,
        "wait_time": 0,
        "Landing_success_rate": 0.8725
    },
    {
        "model": 0,
        "sequence": 4,
        "status": 1,
        "fuel": 5538,
        "fault": 0.1057,
        "weapon": 0,
        "pilot_injury": 0.7556,
        "pilot_skill": 0.6273,
        "mission_priority": 0.5284,
        "estimated_landing_time": 382.0,
        "wait_time": 0,
        "Landing_success_rate": 0.8525
    },
    {
        "model": 1,
        "sequence": 8,
        "status": 1,
        "fuel": 5735,
        "fault": 0.9897,
        "weapon": 0,
        "pilot_injury": 0.1896,
        "pilot_skill": 0.0365,
        "mission_priority": 0.6982,
        "estimated_landing_time": 758.0,
        "wait_time": 0,
        "Landing_success_rate": 0.8502
    },
    {
        "model": 0,
        "sequence": 13,
        "status": 1,
        "fuel": 5551,
        "fault": 0.6386,
        "weapon": 0,
        "pilot_injury": 0.7707,
        "pilot_skill": 0.6022,
        "mission_priority": 0.3139,
        "estimated_landing_time": 1228.0,
        "wait_time": 0,
        "Landing_success_rate": 0.8514
    },
    {
        "model": 2,
        "sequence": 3,
        "status": 1,
        "fuel": 5697,
        "fault": 0.032,
        "weapon": 1,
        "pilot_injury": 0.2911,
        "pilot_skill": 0.9451,
        "mission_priority": 0.1619,
        "estimated_landing_time": 288.0,
        "wait_time": 0,
        "Landing_success_rate": 0.8643
    },
    {
        "model": 2,
        "sequence": 1,
        "status": 1,
        "fuel": 6004,
        "fault": 0.1594,
        "weapon": 0,
        "pilot_injury": 0.9518,
        "pilot_skill": 0.5494,
        "mission_priority": 0.5349,
        "estimated_landing_time": 100.0,
        "wait_time": 0,
        "Landing_success_rate": 0.8818
    },
    {
        "model": 1,
        "sequence": 14,
        "status": 1,
        "fuel": 6210,
        "fault": 0.7366,
        "weapon": 1,
        "pilot_injury": 0.7636,
        "pilot_skill": 0.7891,
        "mission_priority": 0.4932,
        "estimated_landing_time": 1322.0,
        "wait_time": 0,
        "Landing_success_rate": 0.864
    },
    {
        "model": 2,
        "sequence": 6,
        "status": 1,
        "fuel": 5780,
        "fault": 0.7822,
        "weapon": 1,
        "pilot_injury": 0.643,
        "pilot_skill": 0.3962,
        "mission_priority": 0.6068,
        "estimated_landing_time": 570.0,
        "wait_time": 0,
        "Landing_success_rate": 0.8546
    }
]