[
    {
        "model": 0,
        "sequence": 2,
        "status": 1,
        "fuel": 7000,
        "fault": 0.5385,
        "weapon": 0,
        "pilot_injury": 0.2642,
        "pilot_skill": 0.4691,
        "mission_priority": 0.0727,
        "estimated_landing_time": 194.0,
        "wait_time": 0,
        "Landing_success_rate": 0.9019
    },
    {
        "model": 2,
        "sequence": 18,
        "status": 1,
        "fuel": 6460,
        "fault": 0.2342,
        "weapon": 1,
        "pilot_injury": 0.8386,
        "pilot_skill": 0.7595,
        "mission_priority": 0.0741,
        "estimated_landing_time": 1698.0,
        "wait_time": 0,
        "Landing_success_rate": 0.9051
    },
    {
        "model": 1,
        "sequence": 11,
        "status": 1,
        "fuel": 7181,
        "fault": 0.4236,
        "weapon": 0,
        "pilot_injury": 0.3529,
        "pilot_skill": 0.1798,
        "mission_priority": 0.8353,
        "estimated_landing_time": 1040.0,
        "wait_time": 0,
        "Landing_success_rate": 0.9227
    },
    {
        "model": 1,
        "sequence": 1,
        "status": 1,
        "fuel": 6535,
        "fault": 0.1322,
        "weapon": 0,
        "pilot_injury": 0.9662,
        "pilot_skill": 0.2559,
        "mission_priority": 0.9362,
        "estimated_landing_time": 100.0,
        "wait_time": 0,
        "Landing_success_rate": 0.9174
    },
    {
        "model": 0,
        "sequence": 9,
        "status": 1,
        "fuel": 6792,
        "fault": 0.6209,
        "weapon": 0,
        "pilot_injury": 0.6642,
        "pilot_skill": 0.8613,
        "mission_priority": 0.9761,
        "estimated_landing_time": 852.0,
        "wait_time": 0,
        "Landing_success_rate": 0.8867
    },
    {
        "model": 0,
        "sequence": 10,
        "status": 1,
        "fuel": 7026,
        "fault": 0.9826,
        "weapon": 1,
        "pilot_injury": 0.8145,
        "pilot_skill": 0.7117,
        "mission_priority": 0.0616,
        "estimated_landing_time": 946.0,
        "wait_time": 0,
        "Landing_success_rate": 0.852
    },
    {
        "model": 2,
        "sequence": 12,
        "status": 1,
        "fuel": 6010,
        "fault": 0.9034,
        "weapon": 0,
        "pilot_injury": 0.1345,
        "pilot_skill": 0.4254,
        "mission_priority": 0.6031,
        "estimated_landing_time": 1134.0,
        "wait_time": 0,
        "Landing_success_rate": 0.8537
    },
    {
        "model": 0,
        "sequence": 6,
        "status": 1,
        "fuel": 5728,
        "fault": 0.1752,
        "weapon": 0,
        "pilot_injury": 0.2558,
        "pilot_skill": 0.6327,
        "mission_priority": 0.9074,
        "estimated_landing_time": 570.0,
        "wait_time": 0,
        "Landing_success_rate": 0.8641
    },
    {
        "model": 0,
        "sequence": 4,
        "status": 1,
        "fuel": 6858,
        "fault": 0.5149,
        "weapon": 0,
        "pilot_injury": 0.244,
        "pilot_skill": 0.0483,
        "mission_priority": 0.5857,
        "estimated_landing_time": 382.0,
        "wait_time": 0,
        "Landing_success_rate": 0.8994
    },
    {
        "model": 1,
        "sequence": 17,
        "status": 1,
        "fuel": 5845,
        "fault": 0.4162,
        "weapon": 1,
        "pilot_injury": 0.6704,
        "pilot_skill": 0.3693,
        "mission_priority": 0.4113,
        "estimated_landing_time": 1604.0,
        "wait_time": 0,
        "Landing_success_rate": 0.8651
    },
    {
        "model": 1,
        "sequence": 3,
        "status": 1,
        "fuel": 5879,
        "fault": 0.7411,
        "weapon": 1,
        "pilot_injury": 0.5633,
        "pilot_skill": 0.9234,
        "mission_priority": 0.914,
        "estimated_landing_time": 288.0,
        "wait_time": 0,
        "Landing_success_rate": 0.8574
    },
    {
        "model": 1,
        "sequence": 13,
        "status": 1,
        "fuel": 5515,
        "fault": 0.2827,
        "weapon": 1,
        "pilot_injury": 0.0989,
        "pilot_skill": 0.1738,
        "mission_priority": 0.6797,
        "estimated_landing_time": 1228.0,
        "wait_time": 0,
        "Landing_success_rate": 0.8508
    },
    {
        "model": 0,
        "sequence": 8,
        "status": 1,
        "fuel": 5910,
        "fault": 0.9363,
        "weapon": 1,
        "pilot_injury": 0.5879,
        "pilot_skill": 0.0451,
        "mission_priority": 0.2398,
        "estimated_landing_time": 758.0,
        "wait_time": 0,
        "Landing_success_rate": 0.852
    },
    {
        "model": 2,
        "sequence": 16,
        "status": 1,
        "fuel": 6795,
        "fault": 0.1919,
        "weapon": 1,
        "pilot_injury": 0.78,
        "pilot_skill": 0.9199,
        "mission_priority": 0.9612,
        "estimated_landing_time": 1510.0,
        "wait_time": 0,
        "Landing_success_rate": 0.9285
    },
    {
        "model": 2,
        "sequence": 15,
        "status": 1,
        "fuel": 7473,
        "fault": 0.2452,
        "weapon": 0,
        "pilot_injury": 0.6107,
        "pilot_skill": 0.4585,
        "mission_priority": 0.7131,
        "estimated_landing_time": 1416.0,
        "wait_time": 0,
        "Landing_success_rate": 0.9617
    },
    {
        "model": 0,
        "sequence": 14,
        "status": 1,
        "fuel": 7390,
        "fault": 0.4189,
        "weapon": 1,
        "pilot_injury": 0.7619,
        "pilot_skill": 0.9582,
        "mission_priority": 0.5775,
        "estimated_landing_time": 1322.0,
        "wait_time": 0,
        "Landing_success_rate": 0.9324
    },
    {
        "model": 2,
        "sequence": 5,
        "status": 1,
        "fuel": 6932,
        "fault": 0.6991,
        "weapon": 0,
        "pilot_injury": 0.4785,
        "pilot_skill": 0.4422,
        "mission_priority": 0.947,
        "estimated_landing_time": 476.0,
        "wait_time": 0,
        "Landing_success_rate": 0.8823
    },
    {
        "model": 0,
        "sequence": 7,
        "status": 1,
        "fuel": 6189,
        "fault": 0.4913,
        "weapon": 1,
        "pilot_injury": 0.7655,
        "pilot_skill": 0.3916,
        "mission_priority": 0.7107,
        "estimated_landing_time": 664.0,
        "wait_time": 0,
        "Landing_success_rate": 0.8763
    }
]