[
    {
        "model": 2,
        "sequence": 15,
        "status": 1,
        "fuel": 5819,
        "fault": 0.9826,
        "weapon": 0,
        "pilot_injury": 0.9387,
        "pilot_skill": 0.6835,
        "mission_priority": 0.9486,
        "estimated_landing_time": 1416.0,
        "wait_time": 0,
        "Landing_success_rate": 0.8504
    },
    {
        "model": 1,
        "sequence": 10,
        "status": 1,
        "fuel": 6357,
        "fault": 0.7896,
        "weapon": 1,
        "pilot_injury": 0.6681,
        "pilot_skill": 0.5523,
        "mission_priority": 0.8205,
        "estimated_landing_time": 946.0,
        "wait_time": 0,
        "Landing_success_rate": 0.8635
    },
    {
        "model": 2,
        "sequence": 2,
        "status": 1,
        "fuel": 7089,
        "fault": 0.0257,
        "weapon": 0,
        "pilot_injury": 0.2537,
        "pilot_skill": 0.8171,
        "mission_priority": 0.6503,
        "estimated_landing_time": 194.0,
        "wait_time": 0,
        "Landing_success_rate": 0.9661
    },
    {
        "model": 1,
        "sequence": 6,
        "status": 1,
        "fuel": 6448,
        "fault": 0.113,
        "weapon": 1,
        "pilot_injury": 0.3317,
        "pilot_skill": 0.0239,
        "mission_priority": 0.7686,
        "estimated_landing_time": 570.0,
        "wait_time": 0,
        "Landing_success_rate": 0.9131
    },
    {
        "model": 0,
        "sequence": 13,
        "status": 1,
        "fuel": 6469,
        "fault": 0.5612,
        "weapon": 1,
        "pilot_injury": 0.6887,
        "pilot_skill": 0.2529,
        "mission_priority": 0.909,
        "estimated_landing_time": 1228.0,
        "wait_time": 0,
        "Landing_success_rate": 0.8819
    },
    {
        "model": 2,
        "sequence": 16,
        "status": 1,
        "fuel": 5833,
        "fault": 0.8603,
        "weapon": 0,
        "pilot_injury": 0.0767,
        "pilot_skill": 0.3368,
        "mission_priority": 0.3815,
        "estimated_landing_time": 1510.0,
        "wait_time": 0,
        "Landing_success_rate": 0.8535
    },
    {
        "model": 1,
        "sequence": 18,
        "status": 1,
        "fuel": 6067,
        "fault": 0.5333,
        "weapon": 1,
        "pilot_injury": 0.3753,
        "pilot_skill": 0.9106,
        "mission_priority": 0.1146,
        "estimated_landing_time": 1698.0,
        "wait_time": 0,
        "Landing_success_rate": 0.8698
    },
    {
        "model": 0,
        "sequence": 1,
        "status": 1,
        "fuel": 6948,
        "fault": 0.9923,
        "weapon": 0,
        "pilot_injury": 0.1305,
        "pilot_skill": 0.6885,
        "mission_priority": 0.5698,
        "estimated_landing_time": 100.0,
        "wait_time": 0,
        "Landing_success_rate": 0.8508
    },
    {
        "model": 2,
        "sequence": 9,
        "status": 1,
        "fuel": 5584,
        "fault": 0.8407,
        "weapon": 0,
        "pilot_injury": 0.833,
        "pilot_skill": 0.231,
        "mission_priority": 0.5128,
        "estimated_landing_time": 852.0,
        "wait_time": 0,
        "Landing_success_rate": 0.851
    },
    {
        "model": 0,
        "sequence": 3,
        "status": 1,
        "fuel": 6613,
        "fault": 0.1686,
        "weapon": 0,
        "pilot_injury": 0.9324,
        "pilot_skill": 0.2606,
        "mission_priority": 0.3188,
        "estimated_landing_time": 288.0,
        "wait_time": 0,
        "Landing_success_rate": 0.9194
    },
    {
        "model": 1,
        "sequence": 7,
        "status": 1,
        "fuel": 7435,
        "fault": 0.9541,
        "weapon": 0,
        "pilot_injury": 0.6276,
        "pilot_skill": 0.916,
        "mission_priority": 0.2491,
        "estimated_landing_time": 664.0,
        "wait_time": 0,
        "Landing_success_rate": 0.8567
    },
    {
        "model": 1,
        "sequence": 5,
        "status": 1,
        "fuel": 6538,
        "fault": 0.8347,
        "weapon": 1,
        "pilot_injury": 0.8188,
        "pilot_skill": 0.1676,
        "mission_priority": 0.3466,
        "estimated_landing_time": 476.0,
        "wait_time": 0,
        "Landing_success_rate": 0.8629
    },
    {
        "model": 2,
        "sequence": 12,
        "status": 1,
        "fuel": 5754,
        "fault": 0.3501,
        "weapon": 0,
        "pilot_injury": 0.0655,
        "pilot_skill": 0.9477,
        "mission_priority": 0.3379,
        "estimated_landing_time": 1134.0,
        "wait_time": 0,
        "Landing_success_rate": 0.8624
    },
    {
        "model": 1,
        "sequence": 11,
        "status": 1,
        "fuel": 6200,
        "fault": 0.2577,
        "weapon": 1,
        "pilot_injury": 0.8654,
        "pilot_skill": 0.2914,
        "mission_priority": 0.0198,
        "estimated_landing_time": 1040.0,
        "wait_time": 0,
        "Landing_success_rate": 0.889
    },
    {
        "model": 1,
        "sequence": 14,
        "status": 1,
        "fuel": 6130,
        "fault": 0.7683,
        "weapon": 1,
        "pilot_injury": 0.1468,
        "pilot_skill": 0.0312,
        "mission_priority": 0.5782,
        "estimated_landing_time": 1322.0,
        "wait_time": 0,
        "Landing_success_rate": 0.8609
    },
    {
        "model": 0,
        "sequence": 4,
        "status": 1,
        "fuel": 5992,
        "fault": 0.4405,
        "weapon": 1,
        "pilot_injury": 0.7319,
        "pilot_skill": 0.1854,
        "mission_priority": 0.5646,
        "estimated_landing_time": 382.0,
        "wait_time": 0,
        "Landing_success_rate": 0.8706
    },
    {
        "model": 2,
        "sequence": 8,
        "status": 1,
        "fuel": 6000,
        "fault": 0.2261,
        "weapon": 1,
        "pilot_injury": 0.7141,
        "pilot_skill": 0.415,
        "mission_priority": 0.118,
        "estimated_landing_time": 758.0,
        "wait_time": 0,
        "Landing_success_rate": 0.879
    },
    {
        "model": 2,
        "sequence": 17,
        "status": 1,
        "fuel": 6083,
        "fault": 0.2414,
        "weapon": 1,
        "pilot_injury": 0.8913,
        "pilot_skill": 0.3431,
        "mission_priority": 0.1642,
        "estimated_landing_time": 1604.0,
        "wait_time": 0,
        "Landing_success_rate": 0.8832
    }
]