[
    {
        "model": 1,
        "sequence": 16,
        "status": 1,
        "fuel": 6953,
        "fault": 0.5425,
        "weapon": 0,
        "pilot_injury": 0.6884,
        "pilot_skill": 0.1668,
        "mission_priority": 0.1564,
        "estimated_landing_time": 1510.0,
        "wait_time": 0,
        "Landing_success_rate": 0.8999
    },
    {
        "model": 0,
        "sequence": 5,
        "status": 1,
        "fuel": 6589,
        "fault": 0.7561,
        "weapon": 1,
        "pilot_injury": 0.8088,
        "pilot_skill": 0.4903,
        "mission_priority": 0.3663,
        "estimated_landing_time": 476.0,
        "wait_time": 0,
        "Landing_success_rate": 0.8699
    },
    {
        "model": 2,
        "sequence": 11,
        "status": 1,
        "fuel": 5937,
        "fault": 0.5089,
        "weapon": 1,
        "pilot_injury": 0.3992,
        "pilot_skill": 0.0999,
        "mission_priority": 0.1035,
        "estimated_landing_time": 1040.0,
        "wait_time": 0,
        "Landing_success_rate": 0.8661
    },
    {
        "model": 1,
        "sequence": 12,
        "status": 1,
        "fuel": 7029,
        "fault": 0.3679,
        "weapon": 1,
        "pilot_injury": 0.1867,
        "pilot_skill": 0.6846,
        "mission_priority": 0.4187,
        "estimated_landing_time": 1134.0,
        "wait_time": 0,
        "Landing_success_rate": 0.9225
    },
    {
        "model": 0,
        "sequence": 18,
        "status": 1,
        "fuel": 6601,
        "fault": 0.1673,
        "weapon": 1,
        "pilot_injury": 0.3569,
        "pilot_skill": 0.0523,
        "mission_priority": 0.948,
        "estimated_landing_time": 1698.0,
        "wait_time": 0,
        "Landing_success_rate": 0.9188
    },
    {
        "model": 2,
        "sequence": 17,
        "status": 1,
        "fuel": 7204,
        "fault": 0.8232,
        "weapon": 0,
        "pilot_injury": 0.8591,
        "pilot_skill": 0.9367,
        "mission_priority": 0.2203,
        "estimated_landing_time": 1604.0,
        "wait_time": 0,
        "Landing_success_rate": 0.8726
    },
    {
        "model": 0,
        "sequence": 2,
        "status": 1,
        "fuel": 5829,
        "fault": 0.3665,
        "weapon": 1,
        "pilot_injury": 0.0544,
        "pilot_skill": 0.7119,
        "mission_priority": 0.063,
        "estimated_landing_time": 194.0,
        "wait_time": 0,
        "Landing_success_rate": 0.8656
    },
    {
        "model": 2,
        "sequence": 4,
        "status": 1,
        "fuel": 5912,
        "fault": 0.0328,
        "weapon": 0,
        "pilot_injury": 0.3671,
        "pilot_skill": 0.8808,
        "mission_priority": 0.8005,
        "estimated_landing_time": 382.0,
        "wait_time": 0,
        "Landing_success_rate": 0.8799
    },
    {
        "model": 1,
        "sequence": 3,
        "status": 1,
        "fuel": 6014,
        "fault": 0.9818,
        "weapon": 1,
        "pilot_injury": 0.0215,
        "pilot_skill": 0.8115,
        "mission_priority": 0.223,
        "estimated_landing_time": 288.0,
        "wait_time": 0,
        "Landing_success_rate": 0.8507
    },
    {
        "model": 1,
        "sequence": 9,
        "status": 1,
        "fuel": 5971,
        "fault": 0.3864,
        "weapon": 0,
        "pilot_injury": 0.2161,
        "pilot_skill": 0.3119,
        "mission_priority": 0.4391,
        "estimated_landing_time": 852.0,
        "wait_time": 0,
        "Landing_success_rate": 0.8717
    },
    {
        "model": 0,
        "sequence": 7,
        "status": 1,
        "fuel": 5539,
        "fault": 0.8031,
        "weapon": 1,
        "pilot_injury": 0.0096,
        "pilot_skill": 0.2122,
        "mission_priority": 0.8326,
        "estimated_landing_time": 664.0,
        "wait_time": 0,
        "Landing_success_rate": 0.8506
    },
    {
        "model": 1,
        "sequence": 8,
        "status": 1,
        "fuel": 6566,
        "fault": 0.0406,
        "weapon": 0,
        "pilot_injury": 0.2323,
        "pilot_skill": 0.6499,
        "mission_priority": 1.0,
        "estimated_landing_time": 758.0,
        "wait_time": 0,
        "Landing_success_rate": 0.9267
    },
    {
        "model": 1,
        "sequence": 1,
        "status": 1,
        "fuel": 6846,
        "fault": 0.4663,
        "weapon": 0,
        "pilot_injury": 0.1115,
        "pilot_skill": 0.4034,
        "mission_priority": 0.8607,
        "estimated_landing_time": 100.0,
        "wait_time": 0,
        "Landing_success_rate": 0.9039
    },
    {
        "model": 2,
        "sequence": 10,
        "status": 1,
        "fuel": 5777,
        "fault": 0.8385,
        "weapon": 0,
        "pilot_injury": 0.9035,
        "pilot_skill": 0.1429,
        "mission_priority": 0.6582,
        "estimated_landing_time": 946.0,
        "wait_time": 0,
        "Landing_success_rate": 0.8534
    },
    {
        "model": 1,
        "sequence": 15,
        "status": 1,
        "fuel": 6938,
        "fault": 0.1746,
        "weapon": 1,
        "pilot_injury": 0.0874,
        "pilot_skill": 0.9436,
        "mission_priority": 0.7863,
        "estimated_landing_time": 1416.0,
        "wait_time": 0,
        "Landing_success_rate": 0.939
    },
    {
        "model": 2,
        "sequence": 14,
        "status": 1,
        "fuel": 7423,
        "fault": 0.6557,
        "weapon": 0,
        "pilot_injury": 0.7591,
        "pilot_skill": 0.2094,
        "mission_priority": 0.0933,
        "estimated_landing_time": 1322.0,
        "wait_time": 0,
        "Landing_success_rate": 0.8997
    },
    {
        "model": 2,
        "sequence": 13,
        "status": 1,
        "fuel": 6784,
        "fault": 0.9617,
        "weapon": 1,
        "pilot_injury": 0.5657,
        "pilot_skill": 0.4241,
        "mission_priority": 0.4624,
        "estimated_landing_time": 1228.0,
        "wait_time": 0,
        "Landing_success_rate": 0.8537
    },
    {
        "model": 2,
        "sequence": 6,
        "status": 1,
        "fuel": 5969,
        "fault": 0.5429,
        "weapon": 1,
        "pilot_injury": 0.7926,
        "pilot_skill": 0.6295,
        "mission_priority": 0.3637,
        "estimated_landing_time": 570.0,
        "wait_time": 0,
        "Landing_success_rate": 0.8661
    }
]