[
    {
        "model": 1,
        "sequence": 10,
        "status": 1,
        "fuel": 5737,
        "fault": 0.1008,
        "weapon": 0,
        "pilot_injury": 0.3094,
        "pilot_skill": 0.7574,
        "mission_priority": 0.5582,
        "estimated_landing_time": 946.0,
        "wait_time": 0,
        "Landing_success_rate": 0.866
    },
    {
        "model": 2,
        "sequence": 3,
        "status": 1,
        "fuel": 5939,
        "fault": 0.9027,
        "weapon": 0,
        "pilot_injury": 0.3838,
        "pilot_skill": 0.5477,
        "mission_priority": 0.1832,
        "estimated_landing_time": 288.0,
        "wait_time": 0,
        "Landing_success_rate": 0.8532
    },
    {
        "model": 2,
        "sequence": 18,
        "status": 1,
        "fuel": 6737,
        "fault": 0.9116,
        "weapon": 0,
        "pilot_injury": 0.7149,
        "pilot_skill": 0.0527,
        "mission_priority": 0.6642,
        "estimated_landing_time": 1698.0,
        "wait_time": 0,
        "Landing_success_rate": 0.8582
    },
    {
        "model": 0,
        "sequence": 1,
        "status": 1,
        "fuel": 7479,
        "fault": 0.4494,
        "weapon": 0,
        "pilot_injury": 0.1524,
        "pilot_skill": 0.6536,
        "mission_priority": 0.0528,
        "estimated_landing_time": 100.0,
        "wait_time": 0,
        "Landing_success_rate": 0.9317
    },
    {
        "model": 2,
        "sequence": 15,
        "status": 1,
        "fuel": 6618,
        "fault": 0.126,
        "weapon": 1,
        "pilot_injury": 0.9497,
        "pilot_skill": 0.9073,
        "mission_priority": 0.0865,
        "estimated_landing_time": 1416.0,
        "wait_time": 0,
        "Landing_success_rate": 0.9233
    },
    {
        "model": 1,
        "sequence": 9,
        "status": 1,
        "fuel": 7242,
        "fault": 0.7736,
        "weapon": 0,
        "pilot_injury": 0.0977,
        "pilot_skill": 0.0946,
        "mission_priority": 0.086,
        "estimated_landing_time": 852.0,
        "wait_time": 0,
        "Landing_success_rate": 0.8796
    },
    {
        "model": 0,
        "sequence": 4,
        "status": 1,
        "fuel": 5714,
        "fault": 0.2578,
        "weapon": 0,
        "pilot_injury": 0.2145,
        "pilot_skill": 0.0459,
        "mission_priority": 0.9652,
        "estimated_landing_time": 382.0,
        "wait_time": 0,
        "Landing_success_rate": 0.8619
    },
    {
        "model": 2,
        "sequence": 13,
        "status": 1,
        "fuel": 5906,
        "fault": 0.4739,
        "weapon": 0,
        "pilot_injury": 0.2792,
        "pilot_skill": 0.7584,
        "mission_priority": 0.1968,
        "estimated_landing_time": 1228.0,
        "wait_time": 0,
        "Landing_success_rate": 0.866
    },
    {
        "model": 2,
        "sequence": 14,
        "status": 1,
        "fuel": 7409,
        "fault": 0.8337,
        "weapon": 1,
        "pilot_injury": 0.0979,
        "pilot_skill": 0.4788,
        "mission_priority": 0.8132,
        "estimated_landing_time": 1322.0,
        "wait_time": 0,
        "Landing_success_rate": 0.8738
    },
    {
        "model": 1,
        "sequence": 16,
        "status": 1,
        "fuel": 7096,
        "fault": 0.1466,
        "weapon": 0,
        "pilot_injury": 0.5533,
        "pilot_skill": 0.6805,
        "mission_priority": 0.7407,
        "estimated_landing_time": 1510.0,
        "wait_time": 0,
        "Landing_success_rate": 0.9522
    },
    {
        "model": 2,
        "sequence": 7,
        "status": 1,
        "fuel": 6983,
        "fault": 0.1939,
        "weapon": 0,
        "pilot_injury": 0.5843,
        "pilot_skill": 0.3295,
        "mission_priority": 0.9469,
        "estimated_landing_time": 664.0,
        "wait_time": 0,
        "Landing_success_rate": 0.9397
    },
    {
        "model": 1,
        "sequence": 5,
        "status": 1,
        "fuel": 6934,
        "fault": 0.9821,
        "weapon": 0,
        "pilot_injury": 0.3092,
        "pilot_skill": 0.3388,
        "mission_priority": 0.5128,
        "estimated_landing_time": 476.0,
        "wait_time": 0,
        "Landing_success_rate": 0.8519
    },
    {
        "model": 2,
        "sequence": 8,
        "status": 1,
        "fuel": 6912,
        "fault": 0.0848,
        "weapon": 1,
        "pilot_injury": 0.439,
        "pilot_skill": 0.292,
        "mission_priority": 0.1554,
        "estimated_landing_time": 758.0,
        "wait_time": 0,
        "Landing_success_rate": 0.9469
    },
    {
        "model": 2,
        "sequence": 2,
        "status": 1,
        "fuel": 6874,
        "fault": 0.9032,
        "weapon": 1,
        "pilot_injury": 0.45,
        "pilot_skill": 0.5501,
        "mission_priority": 0.3398,
        "estimated_landing_time": 194.0,
        "wait_time": 0,
        "Landing_success_rate": 0.86
    },
    {
        "model": 1,
        "sequence": 12,
        "status": 1,
        "fuel": 7111,
        "fault": 0.4533,
        "weapon": 1,
        "pilot_injury": 0.9714,
        "pilot_skill": 0.5088,
        "mission_priority": 0.5378,
        "estimated_landing_time": 1134.0,
        "wait_time": 0,
        "Landing_success_rate": 0.9161
    },
    {
        "model": 0,
        "sequence": 11,
        "status": 1,
        "fuel": 6335,
        "fault": 0.8753,
        "weapon": 1,
        "pilot_injury": 0.0269,
        "pilot_skill": 0.6893,
        "mission_priority": 0.3116,
        "estimated_landing_time": 1040.0,
        "wait_time": 0,
        "Landing_success_rate": 0.8578
    },
    {
        "model": 1,
        "sequence": 17,
        "status": 1,
        "fuel": 7043,
        "fault": 0.3236,
        "weapon": 0,
        "pilot_injury": 0.621,
        "pilot_skill": 0.4476,
        "mission_priority": 0.4819,
        "estimated_landing_time": 1604.0,
        "wait_time": 0,
        "Landing_success_rate": 0.9283
    },
    {
        "model": 0,
        "sequence": 6,
        "status": 1,
        "fuel": 6408,
        "fault": 0.7026,
        "weapon": 0,
        "pilot_injury": 0.2619,
        "pilot_skill": 0.5039,
        "mission_priority": 0.4667,
        "estimated_landing_time": 570.0,
        "wait_time": 0,
        "Landing_success_rate": 0.8703
    }
]