[
    {
        "model": 1,
        "sequence": 12,
        "status": 1,
        "fuel": 6283,
        "fault": 0.5366,
        "weapon": 0,
        "pilot_injury": 0.1725,
        "pilot_skill": 0.1217,
        "mission_priority": 0.7836,
        "estimated_landing_time": 1134.0,
        "wait_time": 0,
        "Landing_success_rate": 0.8772
    },
    {
        "model": 0,
        "sequence": 13,
        "status": 1,
        "fuel": 5949,
        "fault": 0.1306,
        "weapon": 1,
        "pilot_injury": 0.1582,
        "pilot_skill": 0.2406,
        "mission_priority": 0.9112,
        "estimated_landing_time": 1228.0,
        "wait_time": 0,
        "Landing_success_rate": 0.8793
    },
    {
        "model": 0,
        "sequence": 14,
        "status": 1,
        "fuel": 6062,
        "fault": 0.4943,
        "weapon": 0,
        "pilot_injury": 0.2859,
        "pilot_skill": 0.9395,
        "mission_priority": 0.9145,
        "estimated_landing_time": 1322.0,
        "wait_time": 0,
        "Landing_success_rate": 0.8713
    },
    {
        "model": 1,
        "sequence": 4,
        "status": 1,
        "fuel": 6423,
        "fault": 0.8705,
        "weapon": 0,
        "pilot_injury": 0.1695,
        "pilot_skill": 0.2153,
        "mission_priority": 0.4598,
        "estimated_landing_time": 382.0,
        "wait_time": 0,
        "Landing_success_rate": 0.859
    },
    {
        "model": 2,
        "sequence": 7,
        "status": 1,
        "fuel": 7064,
        "fault": 0.6645,
        "weapon": 1,
        "pilot_injury": 0.5754,
        "pilot_skill": 0.1707,
        "mission_priority": 0.0223,
        "estimated_landing_time": 664.0,
        "wait_time": 0,
        "Landing_success_rate": 0.8894
    },
    {
        "model": 0,
        "sequence": 9,
        "status": 1,
        "fuel": 6242,
        "fault": 0.5841,
        "weapon": 1,
        "pilot_injury": 0.6897,
        "pilot_skill": 0.6498,
        "mission_priority": 0.8975,
        "estimated_landing_time": 852.0,
        "wait_time": 0,
        "Landing_success_rate": 0.8731
    },
    {
        "model": 2,
        "sequence": 18,
        "status": 1,
        "fuel": 6612,
        "fault": 0.2854,
        "weapon": 0,
        "pilot_injury": 0.6307,
        "pilot_skill": 0.6751,
        "mission_priority": 0.5215,
        "estimated_landing_time": 1698.0,
        "wait_time": 0,
        "Landing_success_rate": 0.9096
    },
    {
        "model": 2,
        "sequence": 1,
        "status": 1,
        "fuel": 5690,
        "fault": 0.5831,
        "weapon": 1,
        "pilot_injury": 0.1488,
        "pilot_skill": 0.6646,
        "mission_priority": 0.2452,
        "estimated_landing_time": 100.0,
        "wait_time": 0,
        "Landing_success_rate": 0.8559
    },
    {
        "model": 1,
        "sequence": 17,
        "status": 1,
        "fuel": 7173,
        "fault": 0.5944,
        "weapon": 1,
        "pilot_injury": 0.4772,
        "pilot_skill": 0.5984,
        "mission_priority": 0.0295,
        "estimated_landing_time": 1604.0,
        "wait_time": 0,
        "Landing_success_rate": 0.9009
    },
    {
        "model": 1,
        "sequence": 8,
        "status": 1,
        "fuel": 6770,
        "fault": 0.9109,
        "weapon": 1,
        "pilot_injury": 0.4254,
        "pilot_skill": 0.1913,
        "mission_priority": 0.0802,
        "estimated_landing_time": 758.0,
        "wait_time": 0,
        "Landing_success_rate": 0.8585
    },
    {
        "model": 0,
        "sequence": 16,
        "status": 1,
        "fuel": 6498,
        "fault": 0.0398,
        "weapon": 1,
        "pilot_injury": 0.2295,
        "pilot_skill": 0.38,
        "mission_priority": 0.5929,
        "estimated_landing_time": 1510.0,
        "wait_time": 0,
        "Landing_success_rate": 0.9219
    },
    {
        "model": 1,
        "sequence": 10,
        "status": 1,
        "fuel": 7434,
        "fault": 0.0691,
        "weapon": 0,
        "pilot_injury": 0.8633,
        "pilot_skill": 0.2188,
        "mission_priority": 0.6367,
        "estimated_landing_time": 946.0,
        "wait_time": 0,
        "Landing_success_rate": 0.985
    },
    {
        "model": 0,
        "sequence": 2,
        "status": 1,
        "fuel": 5931,
        "fault": 0.8398,
        "weapon": 0,
        "pilot_injury": 0.584,
        "pilot_skill": 0.2162,
        "mission_priority": 0.3917,
        "estimated_landing_time": 194.0,
        "wait_time": 0,
        "Landing_success_rate": 0.8552
    },
    {
        "model": 0,
        "sequence": 5,
        "status": 1,
        "fuel": 5970,
        "fault": 0.2577,
        "weapon": 1,
        "pilot_injury": 0.4345,
        "pilot_skill": 0.9327,
        "mission_priority": 0.5041,
        "estimated_landing_time": 476.0,
        "wait_time": 0,
        "Landing_success_rate": 0.8762
    },
    {
        "model": 2,
        "sequence": 11,
        "status": 1,
        "fuel": 6755,
        "fault": 0.2985,
        "weapon": 0,
        "pilot_injury": 0.2038,
        "pilot_skill": 0.2182,
        "mission_priority": 0.7586,
        "estimated_landing_time": 1040.0,
        "wait_time": 0,
        "Landing_success_rate": 0.916
    },
    {
        "model": 1,
        "sequence": 15,
        "status": 1,
        "fuel": 6987,
        "fault": 0.8851,
        "weapon": 0,
        "pilot_injury": 0.3225,
        "pilot_skill": 0.3985,
        "mission_priority": 0.829,
        "estimated_landing_time": 1416.0,
        "wait_time": 0,
        "Landing_success_rate": 0.8628
    },
    {
        "model": 1,
        "sequence": 6,
        "status": 1,
        "fuel": 6050,
        "fault": 0.4527,
        "weapon": 0,
        "pilot_injury": 0.9966,
        "pilot_skill": 0.7807,
        "mission_priority": 0.6664,
        "estimated_landing_time": 570.0,
        "wait_time": 0,
        "Landing_success_rate": 0.8726
    },
    {
        "model": 0,
        "sequence": 3,
        "status": 1,
        "fuel": 7403,
        "fault": 0.2284,
        "weapon": 0,
        "pilot_injury": 0.5731,
        "pilot_skill": 0.3617,
        "mission_priority": 0.3509,
        "estimated_landing_time": 288.0,
        "wait_time": 0,
        "Landing_success_rate": 0.9601
    }
]