[
    {
        "model": 0,
        "sequence": 6,
        "status": 1,
        "fuel": 6862,
        "fault": 0.7068,
        "weapon": 0,
        "pilot_injury": 0.283,
        "pilot_skill": 0.6522,
        "mission_priority": 0.6479,
        "estimated_landing_time": 570.0,
        "wait_time": 0,
        "Landing_success_rate": 0.88
    },
    {
        "model": 1,
        "sequence": 16,
        "status": 1,
        "fuel": 6540,
        "fault": 0.793,
        "weapon": 0,
        "pilot_injury": 0.5696,
        "pilot_skill": 0.3186,
        "mission_priority": 0.418,
        "estimated_landing_time": 1510.0,
        "wait_time": 0,
        "Landing_success_rate": 0.8661
    },
    {
        "model": 2,
        "sequence": 7,
        "status": 1,
        "fuel": 6547,
        "fault": 0.314,
        "weapon": 1,
        "pilot_injury": 0.2764,
        "pilot_skill": 0.1424,
        "mission_priority": 0.1276,
        "estimated_landing_time": 664.0,
        "wait_time": 0,
        "Landing_success_rate": 0.9039
    },
    {
        "model": 0,
        "sequence": 1,
        "status": 1,
        "fuel": 5715,
        "fault": 0.9122,
        "weapon": 1,
        "pilot_injury": 0.5271,
        "pilot_skill": 0.7338,
        "mission_priority": 0.0474,
        "estimated_landing_time": 100.0,
        "wait_time": 0,
        "Landing_success_rate": 0.8514
    },
    {
        "model": 2,
        "sequence": 13,
        "status": 1,
        "fuel": 5707,
        "fault": 0.9438,
        "weapon": 0,
        "pilot_injury": 0.862,
        "pilot_skill": 0.373,
        "mission_priority": 0.3749,
        "estimated_landing_time": 1228.0,
        "wait_time": 0,
        "Landing_success_rate": 0.8509
    },
    {
        "model": 2,
        "sequence": 9,
        "status": 1,
        "fuel": 7135,
        "fault": 0.1758,
        "weapon": 1,
        "pilot_injury": 0.1171,
        "pilot_skill": 0.2575,
        "mission_priority": 0.3873,
        "estimated_landing_time": 852.0,
        "wait_time": 0,
        "Landing_success_rate": 0.9511
    },
    {
        "model": 1,
        "sequence": 8,
        "status": 1,
        "fuel": 5938,
        "fault": 0.5128,
        "weapon": 0,
        "pilot_injury": 0.74,
        "pilot_skill": 0.5137,
        "mission_priority": 0.0719,
        "estimated_landing_time": 758.0,
        "wait_time": 0,
        "Landing_success_rate": 0.866
    },
    {
        "model": 1,
        "sequence": 18,
        "status": 1,
        "fuel": 6897,
        "fault": 0.4993,
        "weapon": 1,
        "pilot_injury": 0.0581,
        "pilot_skill": 0.0598,
        "mission_priority": 0.3706,
        "estimated_landing_time": 1698.0,
        "wait_time": 0,
        "Landing_success_rate": 0.9025
    },
    {
        "model": 2,
        "sequence": 4,
        "status": 1,
        "fuel": 5652,
        "fault": 0.3066,
        "weapon": 1,
        "pilot_injury": 0.5813,
        "pilot_skill": 0.2873,
        "mission_priority": 0.7048,
        "estimated_landing_time": 382.0,
        "wait_time": 0,
        "Landing_success_rate": 0.8579
    },
    {
        "model": 1,
        "sequence": 10,
        "status": 1,
        "fuel": 5927,
        "fault": 0.4346,
        "weapon": 0,
        "pilot_injury": 0.2372,
        "pilot_skill": 0.6427,
        "mission_priority": 0.0519,
        "estimated_landing_time": 946.0,
        "wait_time": 0,
        "Landing_success_rate": 0.8681
    },
    {
        "model": 2,
        "sequence": 5,
        "status": 1,
        "fuel": 6248,
        "fault": 0.4058,
        "weapon": 0,
        "pilot_injury": 0.2011,
        "pilot_skill": 0.6828,
        "mission_priority": 0.8258,
        "estimated_landing_time": 476.0,
        "wait_time": 0,
        "Landing_success_rate": 0.8833
    },
    {
        "model": 2,
        "sequence": 3,
        "status": 1,
        "fuel": 5668,
        "fault": 0.6855,
        "weapon": 1,
        "pilot_injury": 0.9165,
        "pilot_skill": 0.0584,
        "mission_priority": 0.1675,
        "estimated_landing_time": 288.0,
        "wait_time": 0,
        "Landing_success_rate": 0.854
    },
    {
        "model": 2,
        "sequence": 17,
        "status": 1,
        "fuel": 5827,
        "fault": 0.6357,
        "weapon": 0,
        "pilot_injury": 0.4181,
        "pilot_skill": 0.2065,
        "mission_priority": 0.1495,
        "estimated_landing_time": 1604.0,
        "wait_time": 0,
        "Landing_success_rate": 0.8589
    },
    {
        "model": 0,
        "sequence": 12,
        "status": 1,
        "fuel": 6811,
        "fault": 0.7867,
        "weapon": 0,
        "pilot_injury": 0.392,
        "pilot_skill": 0.0434,
        "mission_priority": 0.7062,
        "estimated_landing_time": 1134.0,
        "wait_time": 0,
        "Landing_success_rate": 0.871
    },
    {
        "model": 1,
        "sequence": 2,
        "status": 1,
        "fuel": 5996,
        "fault": 0.0295,
        "weapon": 1,
        "pilot_injury": 0.3243,
        "pilot_skill": 0.7238,
        "mission_priority": 0.8188,
        "estimated_landing_time": 194.0,
        "wait_time": 0,
        "Landing_success_rate": 0.8861
    },
    {
        "model": 1,
        "sequence": 15,
        "status": 1,
        "fuel": 7480,
        "fault": 0.2949,
        "weapon": 1,
        "pilot_injury": 0.3105,
        "pilot_skill": 0.1243,
        "mission_priority": 0.9333,
        "estimated_landing_time": 1416.0,
        "wait_time": 0,
        "Landing_success_rate": 0.9547
    },
    {
        "model": 2,
        "sequence": 14,
        "status": 1,
        "fuel": 6171,
        "fault": 0.2769,
        "weapon": 1,
        "pilot_injury": 0.6624,
        "pilot_skill": 0.4472,
        "mission_priority": 0.9726,
        "estimated_landing_time": 1322.0,
        "wait_time": 0,
        "Landing_success_rate": 0.8864
    },
    {
        "model": 1,
        "sequence": 11,
        "status": 1,
        "fuel": 7188,
        "fault": 0.7411,
        "weapon": 1,
        "pilot_injury": 0.7201,
        "pilot_skill": 0.4856,
        "mission_priority": 0.187,
        "estimated_landing_time": 1040.0,
        "wait_time": 0,
        "Landing_success_rate": 0.8828
    }
]