[
    {
        "model": 0,
        "sequence": 8,
        "status": 1,
        "fuel": 6972,
        "fault": 0.497,
        "weapon": 1,
        "pilot_injury": 0.471,
        "pilot_skill": 0.9336,
        "mission_priority": 0.3421,
        "estimated_landing_time": 758.0,
        "wait_time": 0,
        "Landing_success_rate": 0.9055
    },
    {
        "model": 0,
        "sequence": 7,
        "status": 1,
        "fuel": 6013,
        "fault": 0.3805,
        "weapon": 0,
        "pilot_injury": 0.7111,
        "pilot_skill": 0.6031,
        "mission_priority": 0.7154,
        "estimated_landing_time": 664.0,
        "wait_time": 0,
        "Landing_success_rate": 0.8738
    },
    {
        "model": 2,
        "sequence": 17,
        "status": 1,
        "fuel": 7180,
        "fault": 0.0913,
        "weapon": 0,
        "pilot_injury": 0.2616,
        "pilot_skill": 0.9958,
        "mission_priority": 0.1563,
        "estimated_landing_time": 1604.0,
        "wait_time": 0,
        "Landing_success_rate": 0.9645
    },
    {
        "model": 0,
        "sequence": 6,
        "status": 1,
        "fuel": 6246,
        "fault": 0.5514,
        "weapon": 1,
        "pilot_injury": 0.683,
        "pilot_skill": 0.2274,
        "mission_priority": 0.2151,
        "estimated_landing_time": 570.0,
        "wait_time": 0,
        "Landing_success_rate": 0.8751
    },
    {
        "model": 2,
        "sequence": 9,
        "status": 1,
        "fuel": 6555,
        "fault": 0.2247,
        "weapon": 0,
        "pilot_injury": 0.6616,
        "pilot_skill": 0.4925,
        "mission_priority": 0.3866,
        "estimated_landing_time": 852.0,
        "wait_time": 0,
        "Landing_success_rate": 0.9113
    },
    {
        "model": 0,
        "sequence": 16,
        "status": 1,
        "fuel": 7289,
        "fault": 0.8056,
        "weapon": 1,
        "pilot_injury": 0.5081,
        "pilot_skill": 0.5613,
        "mission_priority": 0.9493,
        "estimated_landing_time": 1510.0,
        "wait_time": 0,
        "Landing_success_rate": 0.8761
    },
    {
        "model": 0,
        "sequence": 3,
        "status": 1,
        "fuel": 5759,
        "fault": 0.0257,
        "weapon": 0,
        "pilot_injury": 0.1064,
        "pilot_skill": 0.8466,
        "mission_priority": 0.3354,
        "estimated_landing_time": 288.0,
        "wait_time": 0,
        "Landing_success_rate": 0.8689
    },
    {
        "model": 0,
        "sequence": 11,
        "status": 1,
        "fuel": 6608,
        "fault": 0.1873,
        "weapon": 1,
        "pilot_injury": 0.2715,
        "pilot_skill": 0.4088,
        "mission_priority": 0.726,
        "estimated_landing_time": 1040.0,
        "wait_time": 0,
        "Landing_success_rate": 0.9175
    },
    {
        "model": 2,
        "sequence": 5,
        "status": 1,
        "fuel": 6967,
        "fault": 0.7246,
        "weapon": 1,
        "pilot_injury": 0.1105,
        "pilot_skill": 0.9145,
        "mission_priority": 0.2763,
        "estimated_landing_time": 476.0,
        "wait_time": 0,
        "Landing_success_rate": 0.8803
    },
    {
        "model": 0,
        "sequence": 10,
        "status": 1,
        "fuel": 6166,
        "fault": 0.5748,
        "weapon": 0,
        "pilot_injury": 0.2695,
        "pilot_skill": 0.404,
        "mission_priority": 0.487,
        "estimated_landing_time": 946.0,
        "wait_time": 0,
        "Landing_success_rate": 0.8712
    },
    {
        "model": 0,
        "sequence": 2,
        "status": 1,
        "fuel": 6638,
        "fault": 0.3808,
        "weapon": 1,
        "pilot_injury": 0.0077,
        "pilot_skill": 0.7737,
        "mission_priority": 0.4706,
        "estimated_landing_time": 194.0,
        "wait_time": 0,
        "Landing_success_rate": 0.9028
    },
    {
        "model": 1,
        "sequence": 1,
        "status": 1,
        "fuel": 5567,
        "fault": 0.6868,
        "weapon": 1,
        "pilot_injury": 0.6074,
        "pilot_skill": 0.5372,
        "mission_priority": 0.1642,
        "estimated_landing_time": 100.0,
        "wait_time": 0,
        "Landing_success_rate": 0.8516
    },
    {
        "model": 0,
        "sequence": 18,
        "status": 1,
        "fuel": 7022,
        "fault": 0.3547,
        "weapon": 1,
        "pilot_injury": 0.0663,
        "pilot_skill": 0.0138,
        "mission_priority": 0.2205,
        "estimated_landing_time": 1698.0,
        "wait_time": 0,
        "Landing_success_rate": 0.9237
    },
    {
        "model": 1,
        "sequence": 4,
        "status": 1,
        "fuel": 7326,
        "fault": 0.7509,
        "weapon": 1,
        "pilot_injury": 0.3427,
        "pilot_skill": 0.1319,
        "mission_priority": 0.5755,
        "estimated_landing_time": 382.0,
        "wait_time": 0,
        "Landing_success_rate": 0.8841
    },
    {
        "model": 2,
        "sequence": 12,
        "status": 1,
        "fuel": 5976,
        "fault": 0.218,
        "weapon": 0,
        "pilot_injury": 0.7415,
        "pilot_skill": 0.5847,
        "mission_priority": 0.2761,
        "estimated_landing_time": 1134.0,
        "wait_time": 0,
        "Landing_success_rate": 0.8779
    },
    {
        "model": 0,
        "sequence": 15,
        "status": 1,
        "fuel": 7283,
        "fault": 0.2701,
        "weapon": 0,
        "pilot_injury": 0.9029,
        "pilot_skill": 0.7664,
        "mission_priority": 0.493,
        "estimated_landing_time": 1416.0,
        "wait_time": 0,
        "Landing_success_rate": 0.9476
    },
    {
        "model": 0,
        "sequence": 13,
        "status": 1,
        "fuel": 6268,
        "fault": 0.2387,
        "weapon": 1,
        "pilot_injury": 0.3285,
        "pilot_skill": 0.0955,
        "mission_priority": 0.5437,
        "estimated_landing_time": 1228.0,
        "wait_time": 0,
        "Landing_success_rate": 0.8939
    },
    {
        "model": 1,
        "sequence": 14,
        "status": 1,
        "fuel": 6343,
        "fault": 0.7399,
        "weapon": 1,
        "pilot_injury": 0.6046,
        "pilot_skill": 0.3934,
        "mission_priority": 0.6503,
        "estimated_landing_time": 1322.0,
        "wait_time": 0,
        "Landing_success_rate": 0.8664
    }
]