[
    {
        "model": 2,
        "sequence": 2,
        "status": 1,
        "fuel": 5803,
        "fault": 0.1129,
        "weapon": 0,
        "pilot_injury": 0.0629,
        "pilot_skill": 0.8409,
        "mission_priority": 0.7799,
        "estimated_landing_time": 194.0,
        "wait_time": 0,
        "Landing_success_rate": 0.8702
    },
    {
        "model": 1,
        "sequence": 12,
        "status": 1,
        "fuel": 6193,
        "fault": 0.6411,
        "weapon": 0,
        "pilot_injury": 0.9118,
        "pilot_skill": 0.4026,
        "mission_priority": 0.6341,
        "estimated_landing_time": 1134.0,
        "wait_time": 0,
        "Landing_success_rate": 0.8687
    },
    {
        "model": 1,
        "sequence": 14,
        "status": 1,
        "fuel": 7174,
        "fault": 0.4651,
        "weapon": 0,
        "pilot_injury": 0.5466,
        "pilot_skill": 0.3559,
        "mission_priority": 0.7927,
        "estimated_landing_time": 1322.0,
        "wait_time": 0,
        "Landing_success_rate": 0.9172
    },
    {
        "model": 0,
        "sequence": 3,
        "status": 1,
        "fuel": 7012,
        "fault": 0.4402,
        "weapon": 1,
        "pilot_injury": 0.231,
        "pilot_skill": 0.9696,
        "mission_priority": 0.6602,
        "estimated_landing_time": 288.0,
        "wait_time": 0,
        "Landing_success_rate": 0.9135
    },
    {
        "model": 1,
        "sequence": 9,
        "status": 1,
        "fuel": 6914,
        "fault": 0.9083,
        "weapon": 0,
        "pilot_injury": 0.1737,
        "pilot_skill": 0.0634,
        "mission_priority": 0.5276,
        "estimated_landing_time": 852.0,
        "wait_time": 0,
        "Landing_success_rate": 0.8597
    },
    {
        "model": 1,
        "sequence": 7,
        "status": 1,
        "fuel": 7286,
        "fault": 0.5212,
        "weapon": 0,
        "pilot_injury": 0.3484,
        "pilot_skill": 0.9458,
        "mission_priority": 0.285,
        "estimated_landing_time": 664.0,
        "wait_time": 0,
        "Landing_success_rate": 0.9141
    },
    {
        "model": 2,
        "sequence": 11,
        "status": 1,
        "fuel": 7270,
        "fault": 0.6653,
        "weapon": 0,
        "pilot_injury": 0.3023,
        "pilot_skill": 0.6803,
        "mission_priority": 0.2316,
        "estimated_landing_time": 1040.0,
        "wait_time": 0,
        "Landing_success_rate": 0.8944
    },
    {
        "model": 0,
        "sequence": 1,
        "status": 1,
        "fuel": 7094,
        "fault": 0.1842,
        "weapon": 1,
        "pilot_injury": 0.9616,
        "pilot_skill": 0.4328,
        "mission_priority": 0.5842,
        "estimated_landing_time": 100.0,
        "wait_time": 0,
        "Landing_success_rate": 0.9475
    },
    {
        "model": 0,
        "sequence": 15,
        "status": 1,
        "fuel": 6448,
        "fault": 0.7002,
        "weapon": 1,
        "pilot_injury": 0.1017,
        "pilot_skill": 0.8343,
        "mission_priority": 0.3821,
        "estimated_landing_time": 1416.0,
        "wait_time": 0,
        "Landing_success_rate": 0.8713
    },
    {
        "model": 2,
        "sequence": 18,
        "status": 1,
        "fuel": 5924,
        "fault": 0.4961,
        "weapon": 1,
        "pilot_injury": 0.4011,
        "pilot_skill": 0.1589,
        "mission_priority": 0.5728,
        "estimated_landing_time": 1698.0,
        "wait_time": 0,
        "Landing_success_rate": 0.866
    },
    {
        "model": 2,
        "sequence": 6,
        "status": 1,
        "fuel": 6407,
        "fault": 0.1261,
        "weapon": 1,
        "pilot_injury": 0.5417,
        "pilot_skill": 0.9731,
        "mission_priority": 0.7144,
        "estimated_landing_time": 570.0,
        "wait_time": 0,
        "Landing_success_rate": 0.9094
    },
    {
        "model": 0,
        "sequence": 8,
        "status": 1,
        "fuel": 6616,
        "fault": 0.3549,
        "weapon": 1,
        "pilot_injury": 0.5753,
        "pilot_skill": 0.135,
        "mission_priority": 0.5475,
        "estimated_landing_time": 758.0,
        "wait_time": 0,
        "Landing_success_rate": 0.904
    },
    {
        "model": 2,
        "sequence": 4,
        "status": 1,
        "fuel": 5781,
        "fault": 0.3735,
        "weapon": 1,
        "pilot_injury": 0.9672,
        "pilot_skill": 0.3608,
        "mission_priority": 0.4349,
        "estimated_landing_time": 382.0,
        "wait_time": 0,
        "Landing_success_rate": 0.8632
    },
    {
        "model": 0,
        "sequence": 13,
        "status": 1,
        "fuel": 5836,
        "fault": 0.1391,
        "weapon": 0,
        "pilot_injury": 0.7942,
        "pilot_skill": 0.6177,
        "mission_priority": 0.0641,
        "estimated_landing_time": 1228.0,
        "wait_time": 0,
        "Landing_success_rate": 0.8717
    },
    {
        "model": 2,
        "sequence": 5,
        "status": 1,
        "fuel": 6285,
        "fault": 0.5188,
        "weapon": 1,
        "pilot_injury": 0.9792,
        "pilot_skill": 0.3767,
        "mission_priority": 0.6164,
        "estimated_landing_time": 476.0,
        "wait_time": 0,
        "Landing_success_rate": 0.8783
    },
    {
        "model": 0,
        "sequence": 16,
        "status": 1,
        "fuel": 7461,
        "fault": 0.313,
        "weapon": 1,
        "pilot_injury": 0.8024,
        "pilot_skill": 0.4772,
        "mission_priority": 0.9046,
        "estimated_landing_time": 1510.0,
        "wait_time": 0,
        "Landing_success_rate": 0.951
    },
    {
        "model": 0,
        "sequence": 17,
        "status": 1,
        "fuel": 6990,
        "fault": 0.8433,
        "weapon": 0,
        "pilot_injury": 0.9826,
        "pilot_skill": 0.4539,
        "mission_priority": 0.5652,
        "estimated_landing_time": 1604.0,
        "wait_time": 0,
        "Landing_success_rate": 0.8675
    },
    {
        "model": 2,
        "sequence": 10,
        "status": 1,
        "fuel": 6511,
        "fault": 0.7975,
        "weapon": 0,
        "pilot_injury": 0.8616,
        "pilot_skill": 0.5919,
        "mission_priority": 0.7255,
        "estimated_landing_time": 946.0,
        "wait_time": 0,
        "Landing_success_rate": 0.8654
    }
]