[
    {
        "model": 0,
        "sequence": 8,
        "status": 1,
        "fuel": 6830,
        "fault": 0.2609,
        "weapon": 1,
        "pilot_injury": 0.658,
        "pilot_skill": 0.3849,
        "mission_priority": 0.9996,
        "estimated_landing_time": 758.0,
        "wait_time": 0,
        "Landing_success_rate": 0.9237
    },
    {
        "model": 0,
        "sequence": 7,
        "status": 1,
        "fuel": 6676,
        "fault": 0.5071,
        "weapon": 0,
        "pilot_injury": 0.2254,
        "pilot_skill": 0.1521,
        "mission_priority": 0.6453,
        "estimated_landing_time": 664.0,
        "wait_time": 0,
        "Landing_success_rate": 0.8935
    },
    {
        "model": 0,
        "sequence": 5,
        "status": 1,
        "fuel": 6326,
        "fault": 0.5629,
        "weapon": 1,
        "pilot_injury": 0.2848,
        "pilot_skill": 0.6436,
        "mission_priority": 0.8122,
        "estimated_landing_time": 476.0,
        "wait_time": 0,
        "Landing_success_rate": 0.8771
    },
    {
        "model": 0,
        "sequence": 4,
        "status": 1,
        "fuel": 6598,
        "fault": 0.9094,
        "weapon": 1,
        "pilot_injury": 0.2653,
        "pilot_skill": 0.6904,
        "mission_priority": 0.6979,
        "estimated_landing_time": 382.0,
        "wait_time": 0,
        "Landing_success_rate": 0.8575
    },
    {
        "model": 0,
        "sequence": 11,
        "status": 1,
        "fuel": 6325,
        "fault": 0.6743,
        "weapon": 0,
        "pilot_injury": 0.3336,
        "pilot_skill": 0.1726,
        "mission_priority": 0.5004,
        "estimated_landing_time": 1040.0,
        "wait_time": 0,
        "Landing_success_rate": 0.8702
    },
    {
        "model": 1,
        "sequence": 2,
        "status": 1,
        "fuel": 7345,
        "fault": 0.2962,
        "weapon": 0,
        "pilot_injury": 0.0845,
        "pilot_skill": 0.7898,
        "mission_priority": 0.1061,
        "estimated_landing_time": 194.0,
        "wait_time": 0,
        "Landing_success_rate": 0.9474
    },
    {
        "model": 1,
        "sequence": 1,
        "status": 1,
        "fuel": 5746,
        "fault": 0.4019,
        "weapon": 0,
        "pilot_injury": 0.4632,
        "pilot_skill": 0.9889,
        "mission_priority": 0.5895,
        "estimated_landing_time": 100.0,
        "wait_time": 0,
        "Landing_success_rate": 0.861
    },
    {
        "model": 0,
        "sequence": 17,
        "status": 1,
        "fuel": 5934,
        "fault": 0.6604,
        "weapon": 0,
        "pilot_injury": 0.3122,
        "pilot_skill": 0.2738,
        "mission_priority": 0.4944,
        "estimated_landing_time": 1604.0,
        "wait_time": 0,
        "Landing_success_rate": 0.8611
    },
    {
        "model": 2,
        "sequence": 9,
        "status": 1,
        "fuel": 6159,
        "fault": 0.8389,
        "weapon": 1,
        "pilot_injury": 0.6775,
        "pilot_skill": 0.7261,
        "mission_priority": 0.6596,
        "estimated_landing_time": 852.0,
        "wait_time": 0,
        "Landing_success_rate": 0.858
    },
    {
        "model": 2,
        "sequence": 14,
        "status": 1,
        "fuel": 6432,
        "fault": 0.1373,
        "weapon": 1,
        "pilot_injury": 0.1773,
        "pilot_skill": 0.3622,
        "mission_priority": 0.851,
        "estimated_landing_time": 1322.0,
        "wait_time": 0,
        "Landing_success_rate": 0.9103
    },
    {
        "model": 0,
        "sequence": 3,
        "status": 1,
        "fuel": 5668,
        "fault": 0.564,
        "weapon": 0,
        "pilot_injury": 0.0194,
        "pilot_skill": 0.2358,
        "mission_priority": 0.8035,
        "estimated_landing_time": 288.0,
        "wait_time": 0,
        "Landing_success_rate": 0.8555
    },
    {
        "model": 2,
        "sequence": 15,
        "status": 1,
        "fuel": 6455,
        "fault": 0.016,
        "weapon": 0,
        "pilot_injury": 0.1846,
        "pilot_skill": 0.6064,
        "mission_priority": 0.6282,
        "estimated_landing_time": 1416.0,
        "wait_time": 0,
        "Landing_success_rate": 0.9205
    },
    {
        "model": 1,
        "sequence": 18,
        "status": 1,
        "fuel": 6467,
        "fault": 0.3444,
        "weapon": 1,
        "pilot_injury": 0.6327,
        "pilot_skill": 0.487,
        "mission_priority": 0.9473,
        "estimated_landing_time": 1698.0,
        "wait_time": 0,
        "Landing_success_rate": 0.8975
    },
    {
        "model": 1,
        "sequence": 16,
        "status": 1,
        "fuel": 5939,
        "fault": 0.4674,
        "weapon": 0,
        "pilot_injury": 0.6679,
        "pilot_skill": 0.5485,
        "mission_priority": 0.8038,
        "estimated_landing_time": 1510.0,
        "wait_time": 0,
        "Landing_success_rate": 0.8675
    },
    {
        "model": 2,
        "sequence": 12,
        "status": 1,
        "fuel": 6531,
        "fault": 0.6858,
        "weapon": 0,
        "pilot_injury": 0.9216,
        "pilot_skill": 0.93,
        "mission_priority": 0.4423,
        "estimated_landing_time": 1134.0,
        "wait_time": 0,
        "Landing_success_rate": 0.8743
    },
    {
        "model": 0,
        "sequence": 13,
        "status": 1,
        "fuel": 6499,
        "fault": 0.1732,
        "weapon": 1,
        "pilot_injury": 0.2471,
        "pilot_skill": 0.4147,
        "mission_priority": 0.3178,
        "estimated_landing_time": 1228.0,
        "wait_time": 0,
        "Landing_success_rate": 0.9119
    },
    {
        "model": 1,
        "sequence": 10,
        "status": 1,
        "fuel": 7447,
        "fault": 0.9213,
        "weapon": 0,
        "pilot_injury": 0.6446,
        "pilot_skill": 0.6643,
        "mission_priority": 0.6606,
        "estimated_landing_time": 946.0,
        "wait_time": 0,
        "Landing_success_rate": 0.8615
    },
    {
        "model": 2,
        "sequence": 6,
        "status": 1,
        "fuel": 5864,
        "fault": 0.2276,
        "weapon": 0,
        "pilot_injury": 0.8105,
        "pilot_skill": 0.7842,
        "mission_priority": 0.0346,
        "estimated_landing_time": 570.0,
        "wait_time": 0,
        "Landing_success_rate": 0.8711
    }
]