[
    {
        "model": 1,
        "sequence": 13,
        "status": 1,
        "fuel": 7335,
        "fault": 0.2409,
        "weapon": 1,
        "pilot_injury": 0.6292,
        "pilot_skill": 0.7081,
        "mission_priority": 0.6403,
        "estimated_landing_time": 1228.0,
        "wait_time": 0,
        "Landing_success_rate": 0.9545
    },
    {
        "model": 2,
        "sequence": 16,
        "status": 1,
        "fuel": 5828,
        "fault": 0.6844,
        "weapon": 0,
        "pilot_injury": 0.8091,
        "pilot_skill": 0.4031,
        "mission_priority": 0.7458,
        "estimated_landing_time": 1510.0,
        "wait_time": 0,
        "Landing_success_rate": 0.8578
    },
    {
        "model": 1,
        "sequence": 8,
        "status": 1,
        "fuel": 6534,
        "fault": 0.8907,
        "weapon": 0,
        "pilot_injury": 0.29,
        "pilot_skill": 0.4035,
        "mission_priority": 0.8036,
        "estimated_landing_time": 758.0,
        "wait_time": 0,
        "Landing_success_rate": 0.8585
    },
    {
        "model": 0,
        "sequence": 12,
        "status": 1,
        "fuel": 6838,
        "fault": 0.018,
        "weapon": 1,
        "pilot_injury": 0.2254,
        "pilot_skill": 0.9577,
        "mission_priority": 0.0878,
        "estimated_landing_time": 1134.0,
        "wait_time": 0,
        "Landing_success_rate": 0.9485
    },
    {
        "model": 1,
        "sequence": 17,
        "status": 1,
        "fuel": 6290,
        "fault": 0.4282,
        "weapon": 1,
        "pilot_injury": 0.6145,
        "pilot_skill": 0.7376,
        "mission_priority": 0.7316,
        "estimated_landing_time": 1604.0,
        "wait_time": 0,
        "Landing_success_rate": 0.8839
    },
    {
        "model": 2,
        "sequence": 7,
        "status": 1,
        "fuel": 6734,
        "fault": 0.7369,
        "weapon": 0,
        "pilot_injury": 0.775,
        "pilot_skill": 0.2323,
        "mission_priority": 0.4635,
        "estimated_landing_time": 664.0,
        "wait_time": 0,
        "Landing_success_rate": 0.8743
    },
    {
        "model": 1,
        "sequence": 14,
        "status": 1,
        "fuel": 6329,
        "fault": 0.6238,
        "weapon": 0,
        "pilot_injury": 0.1589,
        "pilot_skill": 0.5893,
        "mission_priority": 0.8865,
        "estimated_landing_time": 1322.0,
        "wait_time": 0,
        "Landing_success_rate": 0.8734
    },
    {
        "model": 0,
        "sequence": 9,
        "status": 1,
        "fuel": 5974,
        "fault": 0.8355,
        "weapon": 1,
        "pilot_injury": 0.6159,
        "pilot_skill": 0.377,
        "mission_priority": 0.5653,
        "estimated_landing_time": 852.0,
        "wait_time": 0,
        "Landing_success_rate": 0.8558
    },
    {
        "model": 1,
        "sequence": 15,
        "status": 1,
        "fuel": 6695,
        "fault": 0.5882,
        "weapon": 1,
        "pilot_injury": 0.7988,
        "pilot_skill": 0.7589,
        "mission_priority": 0.358,
        "estimated_landing_time": 1416.0,
        "wait_time": 0,
        "Landing_success_rate": 0.8869
    },
    {
        "model": 2,
        "sequence": 3,
        "status": 1,
        "fuel": 7012,
        "fault": 0.0214,
        "weapon": 1,
        "pilot_injury": 0.265,
        "pilot_skill": 0.053,
        "mission_priority": 0.4452,
        "estimated_landing_time": 288.0,
        "wait_time": 0,
        "Landing_success_rate": 0.961
    },
    {
        "model": 2,
        "sequence": 5,
        "status": 1,
        "fuel": 5705,
        "fault": 0.3987,
        "weapon": 0,
        "pilot_injury": 0.9822,
        "pilot_skill": 0.1894,
        "mission_priority": 0.2938,
        "estimated_landing_time": 476.0,
        "wait_time": 0,
        "Landing_success_rate": 0.8592
    },
    {
        "model": 0,
        "sequence": 11,
        "status": 1,
        "fuel": 5940,
        "fault": 0.9435,
        "weapon": 1,
        "pilot_injury": 0.2341,
        "pilot_skill": 0.4099,
        "mission_priority": 0.4084,
        "estimated_landing_time": 1040.0,
        "wait_time": 0,
        "Landing_success_rate": 0.8519
    },
    {
        "model": 0,
        "sequence": 10,
        "status": 1,
        "fuel": 7180,
        "fault": 0.2042,
        "weapon": 1,
        "pilot_injury": 0.9688,
        "pilot_skill": 0.5105,
        "mission_priority": 0.2821,
        "estimated_landing_time": 946.0,
        "wait_time": 0,
        "Landing_success_rate": 0.9503
    },
    {
        "model": 1,
        "sequence": 6,
        "status": 1,
        "fuel": 7298,
        "fault": 0.602,
        "weapon": 1,
        "pilot_injury": 0.6924,
        "pilot_skill": 0.7759,
        "mission_priority": 0.0324,
        "estimated_landing_time": 570.0,
        "wait_time": 0,
        "Landing_success_rate": 0.9037
    },
    {
        "model": 0,
        "sequence": 1,
        "status": 1,
        "fuel": 7103,
        "fault": 0.5989,
        "weapon": 1,
        "pilot_injury": 0.3762,
        "pilot_skill": 0.4327,
        "mission_priority": 0.3616,
        "estimated_landing_time": 100.0,
        "wait_time": 0,
        "Landing_success_rate": 0.8982
    },
    {
        "model": 2,
        "sequence": 18,
        "status": 1,
        "fuel": 6591,
        "fault": 0.2876,
        "weapon": 0,
        "pilot_injury": 0.1661,
        "pilot_skill": 0.4407,
        "mission_priority": 0.9418,
        "estimated_landing_time": 1698.0,
        "wait_time": 0,
        "Landing_success_rate": 0.9083
    },
    {
        "model": 1,
        "sequence": 4,
        "status": 1,
        "fuel": 6260,
        "fault": 0.3088,
        "weapon": 0,
        "pilot_injury": 0.7777,
        "pilot_skill": 0.1321,
        "mission_priority": 0.2713,
        "estimated_landing_time": 382.0,
        "wait_time": 0,
        "Landing_success_rate": 0.8894
    },
    {
        "model": 1,
        "sequence": 2,
        "status": 1,
        "fuel": 6205,
        "fault": 0.9912,
        "weapon": 0,
        "pilot_injury": 0.1835,
        "pilot_skill": 0.9231,
        "mission_priority": 0.7185,
        "estimated_landing_time": 194.0,
        "wait_time": 0,
        "Landing_success_rate": 0.8505
    }
]