[
    {
        "model": 2,
        "sequence": 14,
        "status": 1,
        "fuel": 5865,
        "fault": 0.4402,
        "weapon": 1,
        "pilot_injury": 0.5964,
        "pilot_skill": 0.8676,
        "mission_priority": 0.6858,
        "estimated_landing_time": 1322.0,
        "wait_time": 0,
        "Landing_success_rate": 0.8653
    },
    {
        "model": 1,
        "sequence": 11,
        "status": 1,
        "fuel": 5554,
        "fault": 0.4918,
        "weapon": 1,
        "pilot_injury": 0.8163,
        "pilot_skill": 0.9417,
        "mission_priority": 0.3883,
        "estimated_landing_time": 1040.0,
        "wait_time": 0,
        "Landing_success_rate": 0.8521
    },
    {
        "model": 0,
        "sequence": 4,
        "status": 1,
        "fuel": 6386,
        "fault": 0.1572,
        "weapon": 0,
        "pilot_injury": 0.5023,
        "pilot_skill": 0.8365,
        "mission_priority": 0.0834,
        "estimated_landing_time": 382.0,
        "wait_time": 0,
        "Landing_success_rate": 0.906
    },
    {
        "model": 1,
        "sequence": 7,
        "status": 1,
        "fuel": 7199,
        "fault": 0.5922,
        "weapon": 1,
        "pilot_injury": 0.3398,
        "pilot_skill": 0.6444,
        "mission_priority": 0.0272,
        "estimated_landing_time": 664.0,
        "wait_time": 0,
        "Landing_success_rate": 0.902
    },
    {
        "model": 1,
        "sequence": 18,
        "status": 1,
        "fuel": 6519,
        "fault": 0.6136,
        "weapon": 1,
        "pilot_injury": 0.6695,
        "pilot_skill": 0.1416,
        "mission_priority": 0.7358,
        "estimated_landing_time": 1698.0,
        "wait_time": 0,
        "Landing_success_rate": 0.8795
    },
    {
        "model": 2,
        "sequence": 17,
        "status": 1,
        "fuel": 6781,
        "fault": 0.2931,
        "weapon": 1,
        "pilot_injury": 0.9112,
        "pilot_skill": 0.2833,
        "mission_priority": 0.0273,
        "estimated_landing_time": 1604.0,
        "wait_time": 0,
        "Landing_success_rate": 0.9179
    },
    {
        "model": 1,
        "sequence": 13,
        "status": 1,
        "fuel": 6508,
        "fault": 0.275,
        "weapon": 1,
        "pilot_injury": 0.0274,
        "pilot_skill": 0.1227,
        "mission_priority": 0.5847,
        "estimated_landing_time": 1228.0,
        "wait_time": 0,
        "Landing_success_rate": 0.9048
    },
    {
        "model": 2,
        "sequence": 15,
        "status": 1,
        "fuel": 6238,
        "fault": 0.7084,
        "weapon": 1,
        "pilot_injury": 0.1515,
        "pilot_skill": 0.3846,
        "mission_priority": 0.0432,
        "estimated_landing_time": 1416.0,
        "wait_time": 0,
        "Landing_success_rate": 0.8661
    },
    {
        "model": 1,
        "sequence": 16,
        "status": 1,
        "fuel": 6317,
        "fault": 0.0332,
        "weapon": 0,
        "pilot_injury": 0.79,
        "pilot_skill": 0.499,
        "mission_priority": 0.0959,
        "estimated_landing_time": 1510.0,
        "wait_time": 0,
        "Landing_success_rate": 0.9092
    },
    {
        "model": 0,
        "sequence": 6,
        "status": 1,
        "fuel": 5949,
        "fault": 0.2899,
        "weapon": 1,
        "pilot_injury": 0.2296,
        "pilot_skill": 0.3198,
        "mission_priority": 0.7468,
        "estimated_landing_time": 570.0,
        "wait_time": 0,
        "Landing_success_rate": 0.8739
    },
    {
        "model": 1,
        "sequence": 3,
        "status": 1,
        "fuel": 6349,
        "fault": 0.7887,
        "weapon": 1,
        "pilot_injury": 0.3881,
        "pilot_skill": 0.5146,
        "mission_priority": 0.4674,
        "estimated_landing_time": 288.0,
        "wait_time": 0,
        "Landing_success_rate": 0.8635
    },
    {
        "model": 0,
        "sequence": 1,
        "status": 1,
        "fuel": 6144,
        "fault": 0.5417,
        "weapon": 0,
        "pilot_injury": 0.8314,
        "pilot_skill": 0.1331,
        "mission_priority": 0.7918,
        "estimated_landing_time": 100.0,
        "wait_time": 0,
        "Landing_success_rate": 0.8721
    },
    {
        "model": 2,
        "sequence": 2,
        "status": 1,
        "fuel": 6099,
        "fault": 0.2525,
        "weapon": 0,
        "pilot_injury": 0.0601,
        "pilot_skill": 0.6779,
        "mission_priority": 0.372,
        "estimated_landing_time": 194.0,
        "wait_time": 0,
        "Landing_success_rate": 0.8836
    },
    {
        "model": 2,
        "sequence": 9,
        "status": 1,
        "fuel": 6109,
        "fault": 0.8795,
        "weapon": 0,
        "pilot_injury": 0.0217,
        "pilot_skill": 0.6869,
        "mission_priority": 0.1924,
        "estimated_landing_time": 852.0,
        "wait_time": 0,
        "Landing_success_rate": 0.8555
    },
    {
        "model": 2,
        "sequence": 8,
        "status": 1,
        "fuel": 7302,
        "fault": 0.2638,
        "weapon": 0,
        "pilot_injury": 0.8727,
        "pilot_skill": 0.4561,
        "mission_priority": 0.8085,
        "estimated_landing_time": 758.0,
        "wait_time": 0,
        "Landing_success_rate": 0.9495
    },
    {
        "model": 2,
        "sequence": 5,
        "status": 1,
        "fuel": 5515,
        "fault": 0.3631,
        "weapon": 0,
        "pilot_injury": 0.501,
        "pilot_skill": 0.7005,
        "mission_priority": 0.0311,
        "estimated_landing_time": 476.0,
        "wait_time": 0,
        "Landing_success_rate": 0.8507
    },
    {
        "model": 1,
        "sequence": 10,
        "status": 1,
        "fuel": 7431,
        "fault": 0.0366,
        "weapon": 0,
        "pilot_injury": 0.2494,
        "pilot_skill": 0.9812,
        "mission_priority": 0.1794,
        "estimated_landing_time": 946.0,
        "wait_time": 0,
        "Landing_success_rate": 0.9895
    },
    {
        "model": 1,
        "sequence": 12,
        "status": 1,
        "fuel": 6933,
        "fault": 0.5397,
        "weapon": 1,
        "pilot_injury": 0.7631,
        "pilot_skill": 0.4564,
        "mission_priority": 0.7365,
        "estimated_landing_time": 1134.0,
        "wait_time": 0,
        "Landing_success_rate": 0.8995
    }
]