[
    {
        "model": 2,
        "sequence": 13,
        "status": 1,
        "fuel": 5817,
        "fault": 0.7153,
        "weapon": 1,
        "pilot_injury": 0.6919,
        "pilot_skill": 0.1054,
        "mission_priority": 0.4081,
        "estimated_landing_time": 1228.0,
        "wait_time": 0,
        "Landing_success_rate": 0.8568
    },
    {
        "model": 0,
        "sequence": 3,
        "status": 1,
        "fuel": 6219,
        "fault": 0.5475,
        "weapon": 1,
        "pilot_injury": 0.6185,
        "pilot_skill": 0.5671,
        "mission_priority": 0.7981,
        "estimated_landing_time": 288.0,
        "wait_time": 0,
        "Landing_success_rate": 0.8744
    },
    {
        "model": 0,
        "sequence": 15,
        "status": 1,
        "fuel": 5587,
        "fault": 0.1312,
        "weapon": 0,
        "pilot_injury": 0.9911,
        "pilot_skill": 0.39,
        "mission_priority": 0.791,
        "estimated_landing_time": 1416.0,
        "wait_time": 0,
        "Landing_success_rate": 0.8557
    },
    {
        "model": 2,
        "sequence": 14,
        "status": 1,
        "fuel": 6477,
        "fault": 0.6482,
        "weapon": 0,
        "pilot_injury": 0.9349,
        "pilot_skill": 0.0259,
        "mission_priority": 0.2174,
        "estimated_landing_time": 1322.0,
        "wait_time": 0,
        "Landing_success_rate": 0.8758
    },
    {
        "model": 2,
        "sequence": 17,
        "status": 1,
        "fuel": 5716,
        "fault": 0.8645,
        "weapon": 1,
        "pilot_injury": 0.6292,
        "pilot_skill": 0.1927,
        "mission_priority": 0.0705,
        "estimated_landing_time": 1604.0,
        "wait_time": 0,
        "Landing_success_rate": 0.8522
    },
    {
        "model": 0,
        "sequence": 2,
        "status": 1,
        "fuel": 6068,
        "fault": 0.5279,
        "weapon": 0,
        "pilot_injury": 0.562,
        "pilot_skill": 0.6015,
        "mission_priority": 0.5487,
        "estimated_landing_time": 194.0,
        "wait_time": 0,
        "Landing_success_rate": 0.8701
    },
    {
        "model": 2,
        "sequence": 12,
        "status": 1,
        "fuel": 5988,
        "fault": 0.1953,
        "weapon": 1,
        "pilot_injury": 0.0878,
        "pilot_skill": 0.1984,
        "mission_priority": 0.7394,
        "estimated_landing_time": 1134.0,
        "wait_time": 0,
        "Landing_success_rate": 0.8795
    },
    {
        "model": 2,
        "sequence": 11,
        "status": 1,
        "fuel": 5978,
        "fault": 0.1818,
        "weapon": 1,
        "pilot_injury": 0.3272,
        "pilot_skill": 0.507,
        "mission_priority": 0.3467,
        "estimated_landing_time": 1040.0,
        "wait_time": 0,
        "Landing_success_rate": 0.8793
    },
    {
        "model": 0,
        "sequence": 8,
        "status": 1,
        "fuel": 6053,
        "fault": 0.5646,
        "weapon": 1,
        "pilot_injury": 0.627,
        "pilot_skill": 0.8883,
        "mission_priority": 0.6379,
        "estimated_landing_time": 758.0,
        "wait_time": 0,
        "Landing_success_rate": 0.8681
    },
    {
        "model": 0,
        "sequence": 4,
        "status": 1,
        "fuel": 6901,
        "fault": 0.1531,
        "weapon": 0,
        "pilot_injury": 0.4965,
        "pilot_skill": 0.8076,
        "mission_priority": 0.0504,
        "estimated_landing_time": 382.0,
        "wait_time": 0,
        "Landing_success_rate": 0.939
    },
    {
        "model": 1,
        "sequence": 1,
        "status": 1,
        "fuel": 7465,
        "fault": 0.2271,
        "weapon": 1,
        "pilot_injury": 0.8489,
        "pilot_skill": 0.0104,
        "mission_priority": 0.8693,
        "estimated_landing_time": 100.0,
        "wait_time": 0,
        "Landing_success_rate": 0.9639
    },
    {
        "model": 1,
        "sequence": 6,
        "status": 1,
        "fuel": 6788,
        "fault": 0.871,
        "weapon": 0,
        "pilot_injury": 0.4165,
        "pilot_skill": 0.6811,
        "mission_priority": 0.6282,
        "estimated_landing_time": 570.0,
        "wait_time": 0,
        "Landing_success_rate": 0.8625
    },
    {
        "model": 2,
        "sequence": 16,
        "status": 1,
        "fuel": 6329,
        "fault": 0.3104,
        "weapon": 1,
        "pilot_injury": 0.2772,
        "pilot_skill": 0.5604,
        "mission_priority": 0.738,
        "estimated_landing_time": 1510.0,
        "wait_time": 0,
        "Landing_success_rate": 0.8929
    },
    {
        "model": 0,
        "sequence": 9,
        "status": 1,
        "fuel": 5993,
        "fault": 0.7861,
        "weapon": 0,
        "pilot_injury": 0.6176,
        "pilot_skill": 0.2954,
        "mission_priority": 0.953,
        "estimated_landing_time": 852.0,
        "wait_time": 0,
        "Landing_success_rate": 0.8579
    },
    {
        "model": 1,
        "sequence": 10,
        "status": 1,
        "fuel": 5739,
        "fault": 0.1115,
        "weapon": 0,
        "pilot_injury": 0.1078,
        "pilot_skill": 0.5417,
        "mission_priority": 0.3752,
        "estimated_landing_time": 946.0,
        "wait_time": 0,
        "Landing_success_rate": 0.8659
    },
    {
        "model": 2,
        "sequence": 18,
        "status": 1,
        "fuel": 6568,
        "fault": 0.9955,
        "weapon": 1,
        "pilot_injury": 0.5666,
        "pilot_skill": 0.5986,
        "mission_priority": 0.1418,
        "estimated_landing_time": 1698.0,
        "wait_time": 0,
        "Landing_success_rate": 0.8504
    },
    {
        "model": 2,
        "sequence": 5,
        "status": 1,
        "fuel": 5797,
        "fault": 0.8913,
        "weapon": 1,
        "pilot_injury": 0.9783,
        "pilot_skill": 0.8885,
        "mission_priority": 0.8071,
        "estimated_landing_time": 476.0,
        "wait_time": 0,
        "Landing_success_rate": 0.8524
    },
    {
        "model": 2,
        "sequence": 7,
        "status": 1,
        "fuel": 5878,
        "fault": 0.3599,
        "weapon": 0,
        "pilot_injury": 0.4449,
        "pilot_skill": 0.6196,
        "mission_priority": 0.8507,
        "estimated_landing_time": 664.0,
        "wait_time": 0,
        "Landing_success_rate": 0.8681
    }
]