[
    {
        "model": 0,
        "sequence": 15,
        "status": 1,
        "fuel": 5860,
        "fault": 0.7781,
        "weapon": 1,
        "pilot_injury": 0.1476,
        "pilot_skill": 0.5927,
        "mission_priority": 0.8859,
        "estimated_landing_time": 1416.0,
        "wait_time": 0,
        "Landing_success_rate": 0.856
    },
    {
        "model": 0,
        "sequence": 8,
        "status": 1,
        "fuel": 6322,
        "fault": 0.4748,
        "weapon": 0,
        "pilot_injury": 0.3363,
        "pilot_skill": 0.272,
        "mission_priority": 0.8513,
        "estimated_landing_time": 758.0,
        "wait_time": 0,
        "Landing_success_rate": 0.8824
    },
    {
        "model": 0,
        "sequence": 13,
        "status": 1,
        "fuel": 5832,
        "fault": 0.9873,
        "weapon": 0,
        "pilot_injury": 0.1477,
        "pilot_skill": 0.7558,
        "mission_priority": 0.549,
        "estimated_landing_time": 1228.0,
        "wait_time": 0,
        "Landing_success_rate": 0.8503
    },
    {
        "model": 0,
        "sequence": 9,
        "status": 1,
        "fuel": 6424,
        "fault": 0.0231,
        "weapon": 0,
        "pilot_injury": 0.6969,
        "pilot_skill": 0.0119,
        "mission_priority": 0.6375,
        "estimated_landing_time": 852.0,
        "wait_time": 0,
        "Landing_success_rate": 0.9177
    },
    {
        "model": 1,
        "sequence": 3,
        "status": 1,
        "fuel": 5866,
        "fault": 0.7656,
        "weapon": 0,
        "pilot_injury": 0.753,
        "pilot_skill": 0.3035,
        "mission_priority": 0.2769,
        "estimated_landing_time": 288.0,
        "wait_time": 0,
        "Landing_success_rate": 0.8564
    },
    {
        "model": 2,
        "sequence": 1,
        "status": 1,
        "fuel": 6547,
        "fault": 0.1946,
        "weapon": 0,
        "pilot_injury": 0.9288,
        "pilot_skill": 0.1414,
        "mission_priority": 0.3965,
        "estimated_landing_time": 100.0,
        "wait_time": 0,
        "Landing_success_rate": 0.9132
    },
    {
        "model": 1,
        "sequence": 2,
        "status": 1,
        "fuel": 6213,
        "fault": 0.9067,
        "weapon": 0,
        "pilot_injury": 0.4477,
        "pilot_skill": 0.7069,
        "mission_priority": 0.3222,
        "estimated_landing_time": 194.0,
        "wait_time": 0,
        "Landing_success_rate": 0.855
    },
    {
        "model": 2,
        "sequence": 11,
        "status": 1,
        "fuel": 6701,
        "fault": 0.8528,
        "weapon": 0,
        "pilot_injury": 0.9436,
        "pilot_skill": 0.0788,
        "mission_priority": 0.5143,
        "estimated_landing_time": 1040.0,
        "wait_time": 0,
        "Landing_success_rate": 0.8633
    },
    {
        "model": 0,
        "sequence": 10,
        "status": 1,
        "fuel": 5819,
        "fault": 0.7315,
        "weapon": 1,
        "pilot_injury": 0.0232,
        "pilot_skill": 0.9723,
        "mission_priority": 0.2983,
        "estimated_landing_time": 946.0,
        "wait_time": 0,
        "Landing_success_rate": 0.8564
    },
    {
        "model": 1,
        "sequence": 4,
        "status": 1,
        "fuel": 6680,
        "fault": 0.8644,
        "weapon": 1,
        "pilot_injury": 0.5422,
        "pilot_skill": 0.7663,
        "mission_priority": 0.3933,
        "estimated_landing_time": 382.0,
        "wait_time": 0,
        "Landing_success_rate": 0.862
    },
    {
        "model": 2,
        "sequence": 12,
        "status": 1,
        "fuel": 7109,
        "fault": 0.1388,
        "weapon": 1,
        "pilot_injury": 0.3944,
        "pilot_skill": 0.9145,
        "mission_priority": 0.8513,
        "estimated_landing_time": 1134.0,
        "wait_time": 0,
        "Landing_success_rate": 0.9539
    },
    {
        "model": 2,
        "sequence": 18,
        "status": 1,
        "fuel": 7384,
        "fault": 0.0002,
        "weapon": 0,
        "pilot_injury": 0.0668,
        "pilot_skill": 0.3944,
        "mission_priority": 0.8351,
        "estimated_landing_time": 1698.0,
        "wait_time": 0,
        "Landing_success_rate": 0.9913
    },
    {
        "model": 0,
        "sequence": 14,
        "status": 1,
        "fuel": 5692,
        "fault": 0.1798,
        "weapon": 0,
        "pilot_injury": 0.9978,
        "pilot_skill": 0.8731,
        "mission_priority": 0.5465,
        "estimated_landing_time": 1322.0,
        "wait_time": 0,
        "Landing_success_rate": 0.8618
    },
    {
        "model": 2,
        "sequence": 16,
        "status": 1,
        "fuel": 6831,
        "fault": 0.4856,
        "weapon": 1,
        "pilot_injury": 0.981,
        "pilot_skill": 0.8063,
        "mission_priority": 0.0367,
        "estimated_landing_time": 1510.0,
        "wait_time": 0,
        "Landing_success_rate": 0.9013
    },
    {
        "model": 2,
        "sequence": 6,
        "status": 1,
        "fuel": 5917,
        "fault": 0.7694,
        "weapon": 1,
        "pilot_injury": 0.0869,
        "pilot_skill": 0.9418,
        "mission_priority": 0.9999,
        "estimated_landing_time": 570.0,
        "wait_time": 0,
        "Landing_success_rate": 0.8572
    },
    {
        "model": 2,
        "sequence": 17,
        "status": 1,
        "fuel": 6177,
        "fault": 0.7265,
        "weapon": 1,
        "pilot_injury": 0.4873,
        "pilot_skill": 0.0824,
        "mission_priority": 0.7304,
        "estimated_landing_time": 1604.0,
        "wait_time": 0,
        "Landing_success_rate": 0.8639
    },
    {
        "model": 0,
        "sequence": 7,
        "status": 1,
        "fuel": 6630,
        "fault": 0.296,
        "weapon": 0,
        "pilot_injury": 0.2934,
        "pilot_skill": 0.2422,
        "mission_priority": 0.3243,
        "estimated_landing_time": 664.0,
        "wait_time": 0,
        "Landing_success_rate": 0.9097
    },
    {
        "model": 1,
        "sequence": 5,
        "status": 1,
        "fuel": 5636,
        "fault": 0.2853,
        "weapon": 1,
        "pilot_injury": 0.3117,
        "pilot_skill": 0.433,
        "mission_priority": 0.0323,
        "estimated_landing_time": 476.0,
        "wait_time": 0,
        "Landing_success_rate": 0.8573
    }
]