[
    {
        "model": 1,
        "sequence": 10,
        "status": 1,
        "fuel": 5575,
        "fault": 0.2821,
        "weapon": 0,
        "pilot_injury": 0.0863,
        "pilot_skill": 0.3588,
        "mission_priority": 0.412,
        "estimated_landing_time": 946.0,
        "wait_time": 0,
        "Landing_success_rate": 0.854
    },
    {
        "model": 2,
        "sequence": 2,
        "status": 1,
        "fuel": 6769,
        "fault": 0.0049,
        "weapon": 1,
        "pilot_injury": 0.7311,
        "pilot_skill": 0.019,
        "mission_priority": 0.4645,
        "estimated_landing_time": 194.0,
        "wait_time": 0,
        "Landing_success_rate": 0.9447
    },
    {
        "model": 2,
        "sequence": 15,
        "status": 1,
        "fuel": 5802,
        "fault": 0.2245,
        "weapon": 1,
        "pilot_injury": 0.0315,
        "pilot_skill": 0.4334,
        "mission_priority": 0.7044,
        "estimated_landing_time": 1416.0,
        "wait_time": 0,
        "Landing_success_rate": 0.8676
    },
    {
        "model": 0,
        "sequence": 3,
        "status": 1,
        "fuel": 5600,
        "fault": 0.3472,
        "weapon": 0,
        "pilot_injury": 0.6698,
        "pilot_skill": 0.2544,
        "mission_priority": 0.7519,
        "estimated_landing_time": 288.0,
        "wait_time": 0,
        "Landing_success_rate": 0.8549
    },
    {
        "model": 1,
        "sequence": 17,
        "status": 1,
        "fuel": 6226,
        "fault": 0.2442,
        "weapon": 1,
        "pilot_injury": 0.656,
        "pilot_skill": 0.8284,
        "mission_priority": 0.7915,
        "estimated_landing_time": 1604.0,
        "wait_time": 0,
        "Landing_success_rate": 0.8912
    },
    {
        "model": 0,
        "sequence": 16,
        "status": 1,
        "fuel": 6315,
        "fault": 0.4694,
        "weapon": 0,
        "pilot_injury": 0.1223,
        "pilot_skill": 0.2168,
        "mission_priority": 0.8648,
        "estimated_landing_time": 1510.0,
        "wait_time": 0,
        "Landing_success_rate": 0.8824
    },
    {
        "model": 0,
        "sequence": 12,
        "status": 1,
        "fuel": 5906,
        "fault": 0.6423,
        "weapon": 0,
        "pilot_injury": 0.076,
        "pilot_skill": 0.5368,
        "mission_priority": 0.6487,
        "estimated_landing_time": 1134.0,
        "wait_time": 0,
        "Landing_success_rate": 0.8609
    },
    {
        "model": 1,
        "sequence": 4,
        "status": 1,
        "fuel": 6600,
        "fault": 0.5364,
        "weapon": 0,
        "pilot_injury": 0.77,
        "pilot_skill": 0.3595,
        "mission_priority": 0.1794,
        "estimated_landing_time": 382.0,
        "wait_time": 0,
        "Landing_success_rate": 0.8882
    },
    {
        "model": 0,
        "sequence": 13,
        "status": 1,
        "fuel": 6388,
        "fault": 0.3966,
        "weapon": 1,
        "pilot_injury": 0.3503,
        "pilot_skill": 0.0917,
        "mission_priority": 0.3215,
        "estimated_landing_time": 1228.0,
        "wait_time": 0,
        "Landing_success_rate": 0.8902
    },
    {
        "model": 0,
        "sequence": 8,
        "status": 1,
        "fuel": 5554,
        "fault": 0.264,
        "weapon": 0,
        "pilot_injury": 0.8396,
        "pilot_skill": 0.2527,
        "mission_priority": 0.1341,
        "estimated_landing_time": 758.0,
        "wait_time": 0,
        "Landing_success_rate": 0.853
    },
    {
        "model": 2,
        "sequence": 5,
        "status": 1,
        "fuel": 7328,
        "fault": 0.9288,
        "weapon": 1,
        "pilot_injury": 0.5495,
        "pilot_skill": 0.1825,
        "mission_priority": 0.8407,
        "estimated_landing_time": 476.0,
        "wait_time": 0,
        "Landing_success_rate": 0.8598
    },
    {
        "model": 0,
        "sequence": 1,
        "status": 1,
        "fuel": 5711,
        "fault": 0.9371,
        "weapon": 1,
        "pilot_injury": 0.2607,
        "pilot_skill": 0.3932,
        "mission_priority": 0.5049,
        "estimated_landing_time": 100.0,
        "wait_time": 0,
        "Landing_success_rate": 0.851
    },
    {
        "model": 1,
        "sequence": 14,
        "status": 1,
        "fuel": 5583,
        "fault": 0.1194,
        "weapon": 1,
        "pilot_injury": 0.5744,
        "pilot_skill": 0.2218,
        "mission_priority": 0.4034,
        "estimated_landing_time": 1322.0,
        "wait_time": 0,
        "Landing_success_rate": 0.8555
    },
    {
        "model": 2,
        "sequence": 18,
        "status": 1,
        "fuel": 7217,
        "fault": 0.395,
        "weapon": 1,
        "pilot_injury": 0.7811,
        "pilot_skill": 0.4499,
        "mission_priority": 0.532,
        "estimated_landing_time": 1698.0,
        "wait_time": 0,
        "Landing_success_rate": 0.9279
    },
    {
        "model": 2,
        "sequence": 7,
        "status": 1,
        "fuel": 7499,
        "fault": 0.3601,
        "weapon": 1,
        "pilot_injury": 0.8515,
        "pilot_skill": 0.5074,
        "mission_priority": 0.4809,
        "estimated_landing_time": 664.0,
        "wait_time": 0,
        "Landing_success_rate": 0.9459
    },
    {
        "model": 2,
        "sequence": 11,
        "status": 1,
        "fuel": 6400,
        "fault": 0.4831,
        "weapon": 1,
        "pilot_injury": 0.9392,
        "pilot_skill": 0.3161,
        "mission_priority": 0.8007,
        "estimated_landing_time": 1040.0,
        "wait_time": 0,
        "Landing_success_rate": 0.8849
    },
    {
        "model": 1,
        "sequence": 9,
        "status": 1,
        "fuel": 6382,
        "fault": 0.9288,
        "weapon": 1,
        "pilot_injury": 0.9368,
        "pilot_skill": 0.6234,
        "mission_priority": 0.898,
        "estimated_landing_time": 852.0,
        "wait_time": 0,
        "Landing_success_rate": 0.8547
    },
    {
        "model": 1,
        "sequence": 6,
        "status": 1,
        "fuel": 7081,
        "fault": 0.673,
        "weapon": 0,
        "pilot_injury": 0.7723,
        "pilot_skill": 0.2716,
        "mission_priority": 0.7408,
        "estimated_landing_time": 570.0,
        "wait_time": 0,
        "Landing_success_rate": 0.8888
    }
]