[
    {
        "model": 2,
        "sequence": 6,
        "status": 1,
        "fuel": 6707,
        "fault": 0.4208,
        "weapon": 1,
        "pilot_injury": 0.9533,
        "pilot_skill": 0.2448,
        "mission_priority": 0.0697,
        "estimated_landing_time": 570.0,
        "wait_time": 0,
        "Landing_success_rate": 0.9024
    },
    {
        "model": 2,
        "sequence": 8,
        "status": 1,
        "fuel": 6314,
        "fault": 0.3602,
        "weapon": 1,
        "pilot_injury": 0.7372,
        "pilot_skill": 0.7385,
        "mission_priority": 0.1107,
        "estimated_landing_time": 758.0,
        "wait_time": 0,
        "Landing_success_rate": 0.8891
    },
    {
        "model": 1,
        "sequence": 11,
        "status": 1,
        "fuel": 5749,
        "fault": 0.677,
        "weapon": 1,
        "pilot_injury": 0.2099,
        "pilot_skill": 0.6145,
        "mission_priority": 0.2118,
        "estimated_landing_time": 1040.0,
        "wait_time": 0,
        "Landing_success_rate": 0.856
    },
    {
        "model": 1,
        "sequence": 9,
        "status": 1,
        "fuel": 7443,
        "fault": 0.2475,
        "weapon": 1,
        "pilot_injury": 0.232,
        "pilot_skill": 0.2921,
        "mission_priority": 0.4274,
        "estimated_landing_time": 852.0,
        "wait_time": 0,
        "Landing_success_rate": 0.9597
    },
    {
        "model": 1,
        "sequence": 7,
        "status": 1,
        "fuel": 7279,
        "fault": 0.2061,
        "weapon": 1,
        "pilot_injury": 0.7354,
        "pilot_skill": 0.1684,
        "mission_priority": 0.6276,
        "estimated_landing_time": 664.0,
        "wait_time": 0,
        "Landing_success_rate": 0.9559
    },
    {
        "model": 0,
        "sequence": 1,
        "status": 1,
        "fuel": 7390,
        "fault": 0.873,
        "weapon": 0,
        "pilot_injury": 0.8473,
        "pilot_skill": 0.1587,
        "mission_priority": 0.1383,
        "estimated_landing_time": 100.0,
        "wait_time": 0,
        "Landing_success_rate": 0.868
    },
    {
        "model": 0,
        "sequence": 18,
        "status": 1,
        "fuel": 6034,
        "fault": 0.6248,
        "weapon": 0,
        "pilot_injury": 0.2723,
        "pilot_skill": 0.5258,
        "mission_priority": 0.7722,
        "estimated_landing_time": 1698.0,
        "wait_time": 0,
        "Landing_success_rate": 0.865
    },
    {
        "model": 1,
        "sequence": 12,
        "status": 1,
        "fuel": 6890,
        "fault": 0.421,
        "weapon": 1,
        "pilot_injury": 0.0788,
        "pilot_skill": 0.0506,
        "mission_priority": 0.3884,
        "estimated_landing_time": 1134.0,
        "wait_time": 0,
        "Landing_success_rate": 0.9104
    },
    {
        "model": 2,
        "sequence": 15,
        "status": 1,
        "fuel": 6699,
        "fault": 0.7482,
        "weapon": 1,
        "pilot_injury": 0.0201,
        "pilot_skill": 0.0296,
        "mission_priority": 0.1653,
        "estimated_landing_time": 1416.0,
        "wait_time": 0,
        "Landing_success_rate": 0.8726
    },
    {
        "model": 0,
        "sequence": 16,
        "status": 1,
        "fuel": 5584,
        "fault": 0.383,
        "weapon": 1,
        "pilot_injury": 0.6595,
        "pilot_skill": 0.8936,
        "mission_priority": 0.4549,
        "estimated_landing_time": 1510.0,
        "wait_time": 0,
        "Landing_success_rate": 0.8539
    },
    {
        "model": 2,
        "sequence": 14,
        "status": 1,
        "fuel": 6704,
        "fault": 0.7965,
        "weapon": 1,
        "pilot_injury": 0.812,
        "pilot_skill": 0.0499,
        "mission_priority": 0.2428,
        "estimated_landing_time": 1322.0,
        "wait_time": 0,
        "Landing_success_rate": 0.8684
    },
    {
        "model": 0,
        "sequence": 3,
        "status": 1,
        "fuel": 6757,
        "fault": 0.6104,
        "weapon": 0,
        "pilot_injury": 0.4727,
        "pilot_skill": 0.8232,
        "mission_priority": 0.0946,
        "estimated_landing_time": 288.0,
        "wait_time": 0,
        "Landing_success_rate": 0.8867
    },
    {
        "model": 0,
        "sequence": 2,
        "status": 1,
        "fuel": 5860,
        "fault": 0.2397,
        "weapon": 1,
        "pilot_injury": 0.0627,
        "pilot_skill": 0.6625,
        "mission_priority": 0.1214,
        "estimated_landing_time": 194.0,
        "wait_time": 0,
        "Landing_success_rate": 0.8705
    },
    {
        "model": 2,
        "sequence": 10,
        "status": 1,
        "fuel": 7085,
        "fault": 0.076,
        "weapon": 1,
        "pilot_injury": 0.0485,
        "pilot_skill": 0.0993,
        "mission_priority": 0.8413,
        "estimated_landing_time": 946.0,
        "wait_time": 0,
        "Landing_success_rate": 0.9598
    },
    {
        "model": 1,
        "sequence": 4,
        "status": 1,
        "fuel": 7015,
        "fault": 0.1574,
        "weapon": 1,
        "pilot_injury": 0.4912,
        "pilot_skill": 0.6329,
        "mission_priority": 0.0371,
        "estimated_landing_time": 382.0,
        "wait_time": 0,
        "Landing_success_rate": 0.9457
    },
    {
        "model": 2,
        "sequence": 13,
        "status": 1,
        "fuel": 7221,
        "fault": 0.591,
        "weapon": 0,
        "pilot_injury": 0.4173,
        "pilot_skill": 0.4126,
        "mission_priority": 0.8786,
        "estimated_landing_time": 1228.0,
        "wait_time": 0,
        "Landing_success_rate": 0.9028
    },
    {
        "model": 1,
        "sequence": 5,
        "status": 1,
        "fuel": 5721,
        "fault": 0.1496,
        "weapon": 1,
        "pilot_injury": 0.0283,
        "pilot_skill": 0.4897,
        "mission_priority": 0.9524,
        "estimated_landing_time": 476.0,
        "wait_time": 0,
        "Landing_success_rate": 0.8641
    },
    {
        "model": 1,
        "sequence": 17,
        "status": 1,
        "fuel": 7122,
        "fault": 0.9226,
        "weapon": 1,
        "pilot_injury": 0.6301,
        "pilot_skill": 0.9262,
        "mission_priority": 0.1987,
        "estimated_landing_time": 1604.0,
        "wait_time": 0,
        "Landing_success_rate": 0.8594
    }
]