[
    {
        "model": 2,
        "sequence": 18,
        "status": 1,
        "fuel": 6566,
        "fault": 0.8402,
        "weapon": 1,
        "pilot_injury": 0.2981,
        "pilot_skill": 0.1115,
        "mission_priority": 0.7359,
        "estimated_landing_time": 1698.0,
        "wait_time": 0,
        "Landing_success_rate": 0.8628
    },
    {
        "model": 1,
        "sequence": 1,
        "status": 1,
        "fuel": 6302,
        "fault": 0.5406,
        "weapon": 0,
        "pilot_injury": 0.7728,
        "pilot_skill": 0.2329,
        "mission_priority": 0.7365,
        "estimated_landing_time": 100.0,
        "wait_time": 0,
        "Landing_success_rate": 0.8776
    },
    {
        "model": 2,
        "sequence": 12,
        "status": 1,
        "fuel": 6358,
        "fault": 0.1772,
        "weapon": 1,
        "pilot_injury": 0.0764,
        "pilot_skill": 0.5932,
        "mission_priority": 0.0252,
        "estimated_landing_time": 1134.0,
        "wait_time": 0,
        "Landing_success_rate": 0.9029
    },
    {
        "model": 2,
        "sequence": 8,
        "status": 1,
        "fuel": 6023,
        "fault": 0.7022,
        "weapon": 0,
        "pilot_injury": 0.6715,
        "pilot_skill": 0.2133,
        "mission_priority": 0.3391,
        "estimated_landing_time": 758.0,
        "wait_time": 0,
        "Landing_success_rate": 0.8617
    },
    {
        "model": 1,
        "sequence": 13,
        "status": 1,
        "fuel": 5510,
        "fault": 0.5653,
        "weapon": 1,
        "pilot_injury": 0.5429,
        "pilot_skill": 0.473,
        "mission_priority": 0.4432,
        "estimated_landing_time": 1228.0,
        "wait_time": 0,
        "Landing_success_rate": 0.8503
    },
    {
        "model": 2,
        "sequence": 2,
        "status": 1,
        "fuel": 6323,
        "fault": 0.0384,
        "weapon": 1,
        "pilot_injury": 0.5413,
        "pilot_skill": 0.888,
        "mission_priority": 0.6328,
        "estimated_landing_time": 194.0,
        "wait_time": 0,
        "Landing_success_rate": 0.9094
    },
    {
        "model": 0,
        "sequence": 3,
        "status": 1,
        "fuel": 7190,
        "fault": 0.0463,
        "weapon": 0,
        "pilot_injury": 0.643,
        "pilot_skill": 0.5783,
        "mission_priority": 0.0269,
        "estimated_landing_time": 288.0,
        "wait_time": 0,
        "Landing_success_rate": 0.9709
    },
    {
        "model": 1,
        "sequence": 10,
        "status": 1,
        "fuel": 7035,
        "fault": 0.7714,
        "weapon": 0,
        "pilot_injury": 0.3951,
        "pilot_skill": 0.1051,
        "mission_priority": 0.0969,
        "estimated_landing_time": 946.0,
        "wait_time": 0,
        "Landing_success_rate": 0.8763
    },
    {
        "model": 0,
        "sequence": 4,
        "status": 1,
        "fuel": 6788,
        "fault": 0.5605,
        "weapon": 1,
        "pilot_injury": 0.8011,
        "pilot_skill": 0.2728,
        "mission_priority": 0.2565,
        "estimated_landing_time": 382.0,
        "wait_time": 0,
        "Landing_success_rate": 0.8925
    },
    {
        "model": 0,
        "sequence": 17,
        "status": 1,
        "fuel": 6320,
        "fault": 0.2694,
        "weapon": 1,
        "pilot_injury": 0.815,
        "pilot_skill": 0.4523,
        "mission_priority": 0.3792,
        "estimated_landing_time": 1604.0,
        "wait_time": 0,
        "Landing_success_rate": 0.8949
    },
    {
        "model": 1,
        "sequence": 14,
        "status": 1,
        "fuel": 6116,
        "fault": 0.7922,
        "weapon": 0,
        "pilot_injury": 0.4866,
        "pilot_skill": 0.4085,
        "mission_priority": 0.0981,
        "estimated_landing_time": 1322.0,
        "wait_time": 0,
        "Landing_success_rate": 0.8596
    },
    {
        "model": 2,
        "sequence": 11,
        "status": 1,
        "fuel": 7404,
        "fault": 0.2483,
        "weapon": 0,
        "pilot_injury": 0.877,
        "pilot_skill": 0.6078,
        "mission_priority": 0.815,
        "estimated_landing_time": 1040.0,
        "wait_time": 0,
        "Landing_success_rate": 0.9573
    },
    {
        "model": 1,
        "sequence": 9,
        "status": 1,
        "fuel": 7466,
        "fault": 0.6298,
        "weapon": 1,
        "pilot_injury": 0.7009,
        "pilot_skill": 0.908,
        "mission_priority": 0.0918,
        "estimated_landing_time": 852.0,
        "wait_time": 0,
        "Landing_success_rate": 0.9046
    },
    {
        "model": 2,
        "sequence": 7,
        "status": 1,
        "fuel": 5679,
        "fault": 0.6267,
        "weapon": 0,
        "pilot_injury": 0.9584,
        "pilot_skill": 0.9808,
        "mission_priority": 0.6381,
        "estimated_landing_time": 664.0,
        "wait_time": 0,
        "Landing_success_rate": 0.855
    },
    {
        "model": 0,
        "sequence": 16,
        "status": 1,
        "fuel": 6369,
        "fault": 0.8285,
        "weapon": 0,
        "pilot_injury": 0.946,
        "pilot_skill": 0.4339,
        "mission_priority": 0.1948,
        "estimated_landing_time": 1510.0,
        "wait_time": 0,
        "Landing_success_rate": 0.8612
    },
    {
        "model": 2,
        "sequence": 15,
        "status": 1,
        "fuel": 6625,
        "fault": 0.6639,
        "weapon": 1,
        "pilot_injury": 0.7296,
        "pilot_skill": 0.6253,
        "mission_priority": 0.0877,
        "estimated_landing_time": 1416.0,
        "wait_time": 0,
        "Landing_success_rate": 0.8784
    },
    {
        "model": 0,
        "sequence": 6,
        "status": 1,
        "fuel": 6964,
        "fault": 0.7135,
        "weapon": 1,
        "pilot_injury": 0.6045,
        "pilot_skill": 0.4771,
        "mission_priority": 0.0043,
        "estimated_landing_time": 570.0,
        "wait_time": 0,
        "Landing_success_rate": 0.8815
    },
    {
        "model": 0,
        "sequence": 5,
        "status": 1,
        "fuel": 6258,
        "fault": 0.3922,
        "weapon": 0,
        "pilot_injury": 0.2582,
        "pilot_skill": 0.2224,
        "mission_priority": 0.1588,
        "estimated_landing_time": 476.0,
        "wait_time": 0,
        "Landing_success_rate": 0.8846
    }
]