[
    {
        "model": 1,
        "sequence": 3,
        "status": 1,
        "fuel": 6613,
        "fault": 0.5061,
        "weapon": 0,
        "pilot_injury": 0.5154,
        "pilot_skill": 0.8514,
        "mission_priority": 0.1849,
        "estimated_landing_time": 288.0,
        "wait_time": 0,
        "Landing_success_rate": 0.8912
    },
    {
        "model": 2,
        "sequence": 15,
        "status": 1,
        "fuel": 7406,
        "fault": 0.0642,
        "weapon": 1,
        "pilot_injury": 0.507,
        "pilot_skill": 0.8847,
        "mission_priority": 0.0424,
        "estimated_landing_time": 1416.0,
        "wait_time": 0,
        "Landing_success_rate": 0.9838
    },
    {
        "model": 1,
        "sequence": 8,
        "status": 1,
        "fuel": 6580,
        "fault": 0.8981,
        "weapon": 1,
        "pilot_injury": 0.8259,
        "pilot_skill": 0.8074,
        "mission_priority": 0.7851,
        "estimated_landing_time": 758.0,
        "wait_time": 0,
        "Landing_success_rate": 0.8583
    },
    {
        "model": 1,
        "sequence": 13,
        "status": 1,
        "fuel": 7368,
        "fault": 0.36,
        "weapon": 1,
        "pilot_injury": 0.9847,
        "pilot_skill": 0.9889,
        "mission_priority": 0.6024,
        "estimated_landing_time": 1228.0,
        "wait_time": 0,
        "Landing_success_rate": 0.9397
    },
    {
        "model": 2,
        "sequence": 18,
        "status": 1,
        "fuel": 5778,
        "fault": 0.7626,
        "weapon": 1,
        "pilot_injury": 0.4499,
        "pilot_skill": 0.1369,
        "mission_priority": 0.6689,
        "estimated_landing_time": 1698.0,
        "wait_time": 0,
        "Landing_success_rate": 0.8549
    },
    {
        "model": 1,
        "sequence": 4,
        "status": 1,
        "fuel": 6484,
        "fault": 0.0113,
        "weapon": 0,
        "pilot_injury": 0.8033,
        "pilot_skill": 0.4227,
        "mission_priority": 0.0965,
        "estimated_landing_time": 382.0,
        "wait_time": 0,
        "Landing_success_rate": 0.923
    },
    {
        "model": 2,
        "sequence": 17,
        "status": 1,
        "fuel": 6326,
        "fault": 0.9569,
        "weapon": 1,
        "pilot_injury": 0.4932,
        "pilot_skill": 0.012,
        "mission_priority": 0.9554,
        "estimated_landing_time": 1604.0,
        "wait_time": 0,
        "Landing_success_rate": 0.8527
    },
    {
        "model": 2,
        "sequence": 12,
        "status": 1,
        "fuel": 5771,
        "fault": 0.8288,
        "weapon": 1,
        "pilot_injury": 0.5485,
        "pilot_skill": 0.1017,
        "mission_priority": 0.6156,
        "estimated_landing_time": 1134.0,
        "wait_time": 0,
        "Landing_success_rate": 0.8535
    },
    {
        "model": 1,
        "sequence": 10,
        "status": 1,
        "fuel": 7498,
        "fault": 0.9942,
        "weapon": 1,
        "pilot_injury": 0.8418,
        "pilot_skill": 0.2355,
        "mission_priority": 0.3939,
        "estimated_landing_time": 946.0,
        "wait_time": 0,
        "Landing_success_rate": 0.8509
    },
    {
        "model": 0,
        "sequence": 7,
        "status": 1,
        "fuel": 6510,
        "fault": 0.8741,
        "weapon": 0,
        "pilot_injury": 0.5045,
        "pilot_skill": 0.4472,
        "mission_priority": 0.818,
        "estimated_landing_time": 664.0,
        "wait_time": 0,
        "Landing_success_rate": 0.8595
    },
    {
        "model": 2,
        "sequence": 5,
        "status": 1,
        "fuel": 6920,
        "fault": 0.4494,
        "weapon": 0,
        "pilot_injury": 0.0217,
        "pilot_skill": 0.688,
        "mission_priority": 0.5256,
        "estimated_landing_time": 476.0,
        "wait_time": 0,
        "Landing_success_rate": 0.9086
    },
    {
        "model": 0,
        "sequence": 2,
        "status": 1,
        "fuel": 6622,
        "fault": 0.4118,
        "weapon": 0,
        "pilot_injury": 0.2218,
        "pilot_skill": 0.8051,
        "mission_priority": 0.2943,
        "estimated_landing_time": 194.0,
        "wait_time": 0,
        "Landing_success_rate": 0.8995
    },
    {
        "model": 0,
        "sequence": 11,
        "status": 1,
        "fuel": 6921,
        "fault": 0.6733,
        "weapon": 1,
        "pilot_injury": 0.1677,
        "pilot_skill": 0.4933,
        "mission_priority": 0.0505,
        "estimated_landing_time": 1040.0,
        "wait_time": 0,
        "Landing_success_rate": 0.8848
    },
    {
        "model": 2,
        "sequence": 6,
        "status": 1,
        "fuel": 7388,
        "fault": 0.4695,
        "weapon": 0,
        "pilot_injury": 0.2151,
        "pilot_skill": 0.0094,
        "mission_priority": 0.2961,
        "estimated_landing_time": 570.0,
        "wait_time": 0,
        "Landing_success_rate": 0.9251
    },
    {
        "model": 0,
        "sequence": 1,
        "status": 1,
        "fuel": 7333,
        "fault": 0.6547,
        "weapon": 0,
        "pilot_injury": 0.1355,
        "pilot_skill": 0.5797,
        "mission_priority": 0.7103,
        "estimated_landing_time": 100.0,
        "wait_time": 0,
        "Landing_success_rate": 0.8975
    },
    {
        "model": 1,
        "sequence": 14,
        "status": 1,
        "fuel": 6136,
        "fault": 0.5206,
        "weapon": 0,
        "pilot_injury": 0.1376,
        "pilot_skill": 0.4995,
        "mission_priority": 0.8904,
        "estimated_landing_time": 1322.0,
        "wait_time": 0,
        "Landing_success_rate": 0.8729
    },
    {
        "model": 1,
        "sequence": 9,
        "status": 1,
        "fuel": 5596,
        "fault": 0.8466,
        "weapon": 1,
        "pilot_injury": 0.0931,
        "pilot_skill": 0.9439,
        "mission_priority": 0.743,
        "estimated_landing_time": 852.0,
        "wait_time": 0,
        "Landing_success_rate": 0.8511
    },
    {
        "model": 0,
        "sequence": 16,
        "status": 1,
        "fuel": 6140,
        "fault": 0.0149,
        "weapon": 0,
        "pilot_injury": 0.8952,
        "pilot_skill": 0.1776,
        "mission_priority": 0.535,
        "estimated_landing_time": 1510.0,
        "wait_time": 0,
        "Landing_success_rate": 0.8973
    }
]