[
    {
        "model": 0,
        "sequence": 17,
        "status": 1,
        "fuel": 6217,
        "fault": 0.5804,
        "weapon": 1,
        "pilot_injury": 0.2132,
        "pilot_skill": 0.9309,
        "mission_priority": 0.5279,
        "estimated_landing_time": 1604.0,
        "wait_time": 0,
        "Landing_success_rate": 0.8726
    },
    {
        "model": 0,
        "sequence": 14,
        "status": 1,
        "fuel": 6035,
        "fault": 0.4256,
        "weapon": 0,
        "pilot_injury": 0.9898,
        "pilot_skill": 0.5061,
        "mission_priority": 0.8081,
        "estimated_landing_time": 1322.0,
        "wait_time": 0,
        "Landing_success_rate": 0.873
    },
    {
        "model": 1,
        "sequence": 12,
        "status": 1,
        "fuel": 6300,
        "fault": 0.585,
        "weapon": 1,
        "pilot_injury": 0.5377,
        "pilot_skill": 0.4843,
        "mission_priority": 0.421,
        "estimated_landing_time": 1134.0,
        "wait_time": 0,
        "Landing_success_rate": 0.8749
    },
    {
        "model": 0,
        "sequence": 3,
        "status": 1,
        "fuel": 6107,
        "fault": 0.7874,
        "weapon": 1,
        "pilot_injury": 0.6164,
        "pilot_skill": 0.713,
        "mission_priority": 0.8921,
        "estimated_landing_time": 288.0,
        "wait_time": 0,
        "Landing_success_rate": 0.8597
    },
    {
        "model": 0,
        "sequence": 4,
        "status": 1,
        "fuel": 7178,
        "fault": 0.9055,
        "weapon": 1,
        "pilot_injury": 0.9453,
        "pilot_skill": 0.6487,
        "mission_priority": 0.7714,
        "estimated_landing_time": 382.0,
        "wait_time": 0,
        "Landing_success_rate": 0.8619
    },
    {
        "model": 1,
        "sequence": 11,
        "status": 1,
        "fuel": 5835,
        "fault": 0.3807,
        "weapon": 1,
        "pilot_injury": 0.6709,
        "pilot_skill": 0.3102,
        "mission_priority": 0.4043,
        "estimated_landing_time": 1040.0,
        "wait_time": 0,
        "Landing_success_rate": 0.8656
    },
    {
        "model": 1,
        "sequence": 2,
        "status": 1,
        "fuel": 5929,
        "fault": 0.5662,
        "weapon": 0,
        "pilot_injury": 0.7539,
        "pilot_skill": 0.2247,
        "mission_priority": 0.5918,
        "estimated_landing_time": 194.0,
        "wait_time": 0,
        "Landing_success_rate": 0.864
    },
    {
        "model": 0,
        "sequence": 16,
        "status": 1,
        "fuel": 6733,
        "fault": 0.5754,
        "weapon": 1,
        "pilot_injury": 0.7339,
        "pilot_skill": 0.7988,
        "mission_priority": 0.9129,
        "estimated_landing_time": 1510.0,
        "wait_time": 0,
        "Landing_success_rate": 0.8893
    },
    {
        "model": 0,
        "sequence": 18,
        "status": 1,
        "fuel": 7168,
        "fault": 0.8102,
        "weapon": 1,
        "pilot_injury": 0.2319,
        "pilot_skill": 0.8147,
        "mission_priority": 0.2217,
        "estimated_landing_time": 1698.0,
        "wait_time": 0,
        "Landing_success_rate": 0.8737
    },
    {
        "model": 0,
        "sequence": 10,
        "status": 1,
        "fuel": 6606,
        "fault": 0.2621,
        "weapon": 0,
        "pilot_injury": 0.1718,
        "pilot_skill": 0.1482,
        "mission_priority": 0.1873,
        "estimated_landing_time": 946.0,
        "wait_time": 0,
        "Landing_success_rate": 0.9112
    },
    {
        "model": 2,
        "sequence": 7,
        "status": 1,
        "fuel": 5596,
        "fault": 0.4038,
        "weapon": 0,
        "pilot_injury": 0.9138,
        "pilot_skill": 0.381,
        "mission_priority": 0.2175,
        "estimated_landing_time": 664.0,
        "wait_time": 0,
        "Landing_success_rate": 0.8543
    },
    {
        "model": 1,
        "sequence": 9,
        "status": 1,
        "fuel": 7415,
        "fault": 0.6695,
        "weapon": 1,
        "pilot_injury": 0.8923,
        "pilot_skill": 0.4094,
        "mission_priority": 0.6138,
        "estimated_landing_time": 852.0,
        "wait_time": 0,
        "Landing_success_rate": 0.8975
    },
    {
        "model": 1,
        "sequence": 8,
        "status": 1,
        "fuel": 7267,
        "fault": 0.4552,
        "weapon": 1,
        "pilot_injury": 0.7988,
        "pilot_skill": 0.4297,
        "mission_priority": 0.9867,
        "estimated_landing_time": 758.0,
        "wait_time": 0,
        "Landing_success_rate": 0.9222
    },
    {
        "model": 1,
        "sequence": 15,
        "status": 1,
        "fuel": 6476,
        "fault": 0.8995,
        "weapon": 0,
        "pilot_injury": 0.98,
        "pilot_skill": 0.2812,
        "mission_priority": 0.8009,
        "estimated_landing_time": 1416.0,
        "wait_time": 0,
        "Landing_success_rate": 0.8574
    },
    {
        "model": 1,
        "sequence": 5,
        "status": 1,
        "fuel": 6055,
        "fault": 0.2434,
        "weapon": 0,
        "pilot_injury": 0.7452,
        "pilot_skill": 0.4774,
        "mission_priority": 0.1621,
        "estimated_landing_time": 476.0,
        "wait_time": 0,
        "Landing_success_rate": 0.8815
    },
    {
        "model": 0,
        "sequence": 6,
        "status": 1,
        "fuel": 6995,
        "fault": 0.774,
        "weapon": 1,
        "pilot_injury": 0.9313,
        "pilot_skill": 0.7461,
        "mission_priority": 0.2637,
        "estimated_landing_time": 570.0,
        "wait_time": 0,
        "Landing_success_rate": 0.8753
    },
    {
        "model": 1,
        "sequence": 1,
        "status": 1,
        "fuel": 7232,
        "fault": 0.633,
        "weapon": 1,
        "pilot_injury": 0.3672,
        "pilot_skill": 0.183,
        "mission_priority": 0.8747,
        "estimated_landing_time": 100.0,
        "wait_time": 0,
        "Landing_success_rate": 0.8977
    },
    {
        "model": 2,
        "sequence": 13,
        "status": 1,
        "fuel": 6746,
        "fault": 0.7121,
        "weapon": 0,
        "pilot_injury": 0.967,
        "pilot_skill": 0.5331,
        "mission_priority": 0.9937,
        "estimated_landing_time": 1228.0,
        "wait_time": 0,
        "Landing_success_rate": 0.8769
    }
]