[
    {
        "model": 0,
        "sequence": 4,
        "status": 1,
        "fuel": 7185,
        "fault": 0.9377,
        "weapon": 1,
        "pilot_injury": 0.6746,
        "pilot_skill": 0.8278,
        "mission_priority": 0.5436,
        "estimated_landing_time": 382.0,
        "wait_time": 0,
        "Landing_success_rate": 0.8579
    },
    {
        "model": 2,
        "sequence": 16,
        "status": 1,
        "fuel": 6486,
        "fault": 0.1754,
        "weapon": 1,
        "pilot_injury": 0.5544,
        "pilot_skill": 0.3278,
        "mission_priority": 0.2206,
        "estimated_landing_time": 1510.0,
        "wait_time": 0,
        "Landing_success_rate": 0.911
    },
    {
        "model": 0,
        "sequence": 12,
        "status": 1,
        "fuel": 6827,
        "fault": 0.4468,
        "weapon": 0,
        "pilot_injury": 0.385,
        "pilot_skill": 0.8025,
        "mission_priority": 0.7385,
        "estimated_landing_time": 1134.0,
        "wait_time": 0,
        "Landing_success_rate": 0.9051
    },
    {
        "model": 2,
        "sequence": 2,
        "status": 1,
        "fuel": 5926,
        "fault": 0.7568,
        "weapon": 1,
        "pilot_injury": 0.2952,
        "pilot_skill": 0.6447,
        "mission_priority": 0.8555,
        "estimated_landing_time": 194.0,
        "wait_time": 0,
        "Landing_success_rate": 0.8578
    },
    {
        "model": 1,
        "sequence": 6,
        "status": 1,
        "fuel": 7166,
        "fault": 0.8404,
        "weapon": 1,
        "pilot_injury": 0.4145,
        "pilot_skill": 0.5905,
        "mission_priority": 0.0557,
        "estimated_landing_time": 570.0,
        "wait_time": 0,
        "Landing_success_rate": 0.8699
    },
    {
        "model": 2,
        "sequence": 10,
        "status": 1,
        "fuel": 6541,
        "fault": 0.3898,
        "weapon": 0,
        "pilot_injury": 0.8688,
        "pilot_skill": 0.6943,
        "mission_priority": 0.1861,
        "estimated_landing_time": 946.0,
        "wait_time": 0,
        "Landing_success_rate": 0.8976
    },
    {
        "model": 1,
        "sequence": 18,
        "status": 1,
        "fuel": 6265,
        "fault": 0.0447,
        "weapon": 0,
        "pilot_injury": 0.3963,
        "pilot_skill": 0.2639,
        "mission_priority": 0.5617,
        "estimated_landing_time": 1698.0,
        "wait_time": 0,
        "Landing_success_rate": 0.9048
    },
    {
        "model": 0,
        "sequence": 9,
        "status": 1,
        "fuel": 5857,
        "fault": 0.4052,
        "weapon": 0,
        "pilot_injury": 0.4838,
        "pilot_skill": 0.6972,
        "mission_priority": 0.8534,
        "estimated_landing_time": 852.0,
        "wait_time": 0,
        "Landing_success_rate": 0.8659
    },
    {
        "model": 2,
        "sequence": 8,
        "status": 1,
        "fuel": 7093,
        "fault": 0.705,
        "weapon": 1,
        "pilot_injury": 0.4368,
        "pilot_skill": 0.9621,
        "mission_priority": 0.3653,
        "estimated_landing_time": 758.0,
        "wait_time": 0,
        "Landing_success_rate": 0.8852
    },
    {
        "model": 0,
        "sequence": 14,
        "status": 1,
        "fuel": 6114,
        "fault": 0.9535,
        "weapon": 1,
        "pilot_injury": 0.4192,
        "pilot_skill": 0.9512,
        "mission_priority": 0.8945,
        "estimated_landing_time": 1322.0,
        "wait_time": 0,
        "Landing_success_rate": 0.8521
    },
    {
        "model": 2,
        "sequence": 13,
        "status": 1,
        "fuel": 6010,
        "fault": 0.6883,
        "weapon": 1,
        "pilot_injury": 0.058,
        "pilot_skill": 0.6957,
        "mission_priority": 0.7072,
        "estimated_landing_time": 1228.0,
        "wait_time": 0,
        "Landing_success_rate": 0.8619
    },
    {
        "model": 0,
        "sequence": 1,
        "status": 1,
        "fuel": 6565,
        "fault": 0.3604,
        "weapon": 0,
        "pilot_injury": 0.9151,
        "pilot_skill": 0.4267,
        "mission_priority": 0.6537,
        "estimated_landing_time": 100.0,
        "wait_time": 0,
        "Landing_success_rate": 0.9011
    },
    {
        "model": 1,
        "sequence": 17,
        "status": 1,
        "fuel": 6637,
        "fault": 0.1387,
        "weapon": 1,
        "pilot_injury": 0.8173,
        "pilot_skill": 0.3876,
        "mission_priority": 0.6032,
        "estimated_landing_time": 1604.0,
        "wait_time": 0,
        "Landing_success_rate": 0.9234
    },
    {
        "model": 2,
        "sequence": 3,
        "status": 1,
        "fuel": 6543,
        "fault": 0.7487,
        "weapon": 1,
        "pilot_injury": 0.9276,
        "pilot_skill": 0.5665,
        "mission_priority": 0.9019,
        "estimated_landing_time": 288.0,
        "wait_time": 0,
        "Landing_success_rate": 0.8697
    },
    {
        "model": 0,
        "sequence": 7,
        "status": 1,
        "fuel": 6683,
        "fault": 0.9896,
        "weapon": 1,
        "pilot_injury": 0.8954,
        "pilot_skill": 0.0033,
        "mission_priority": 0.934,
        "estimated_landing_time": 664.0,
        "wait_time": 0,
        "Landing_success_rate": 0.8509
    },
    {
        "model": 2,
        "sequence": 15,
        "status": 1,
        "fuel": 6179,
        "fault": 0.6062,
        "weapon": 1,
        "pilot_injury": 0.0554,
        "pilot_skill": 0.3489,
        "mission_priority": 0.6208,
        "estimated_landing_time": 1416.0,
        "wait_time": 0,
        "Landing_success_rate": 0.8701
    },
    {
        "model": 2,
        "sequence": 11,
        "status": 1,
        "fuel": 6993,
        "fault": 0.7457,
        "weapon": 1,
        "pilot_injury": 0.4765,
        "pilot_skill": 0.4421,
        "mission_priority": 0.7568,
        "estimated_landing_time": 1040.0,
        "wait_time": 0,
        "Landing_success_rate": 0.8785
    },
    {
        "model": 1,
        "sequence": 5,
        "status": 1,
        "fuel": 7032,
        "fault": 0.9462,
        "weapon": 0,
        "pilot_injury": 0.2559,
        "pilot_skill": 0.3037,
        "mission_priority": 0.5992,
        "estimated_landing_time": 476.0,
        "wait_time": 0,
        "Landing_success_rate": 0.8562
    }
]