[
    {
        "model": 2,
        "sequence": 17,
        "status": 1,
        "fuel": 5617,
        "fault": 0.8463,
        "weapon": 0,
        "pilot_injury": 0.9091,
        "pilot_skill": 0.8407,
        "mission_priority": 0.5111,
        "estimated_landing_time": 1604.0,
        "wait_time": 0,
        "Landing_success_rate": 0.8513
    },
    {
        "model": 1,
        "sequence": 7,
        "status": 1,
        "fuel": 7497,
        "fault": 0.1883,
        "weapon": 0,
        "pilot_injury": 0.6472,
        "pilot_skill": 0.2576,
        "mission_priority": 0.4347,
        "estimated_landing_time": 664.0,
        "wait_time": 0,
        "Landing_success_rate": 0.9716
    },
    {
        "model": 2,
        "sequence": 16,
        "status": 1,
        "fuel": 6034,
        "fault": 0.813,
        "weapon": 0,
        "pilot_injury": 0.5885,
        "pilot_skill": 0.8644,
        "mission_priority": 0.0256,
        "estimated_landing_time": 1510.0,
        "wait_time": 0,
        "Landing_success_rate": 0.8575
    },
    {
        "model": 1,
        "sequence": 2,
        "status": 1,
        "fuel": 5846,
        "fault": 0.4211,
        "weapon": 1,
        "pilot_injury": 0.6659,
        "pilot_skill": 0.1712,
        "mission_priority": 0.0567,
        "estimated_landing_time": 194.0,
        "wait_time": 0,
        "Landing_success_rate": 0.865
    },
    {
        "model": 1,
        "sequence": 1,
        "status": 1,
        "fuel": 5610,
        "fault": 0.6146,
        "weapon": 0,
        "pilot_injury": 0.0352,
        "pilot_skill": 0.3494,
        "mission_priority": 0.6635,
        "estimated_landing_time": 100.0,
        "wait_time": 0,
        "Landing_success_rate": 0.8532
    },
    {
        "model": 1,
        "sequence": 6,
        "status": 1,
        "fuel": 7267,
        "fault": 0.0132,
        "weapon": 1,
        "pilot_injury": 0.5355,
        "pilot_skill": 0.9532,
        "mission_priority": 0.2873,
        "estimated_landing_time": 570.0,
        "wait_time": 0,
        "Landing_success_rate": 0.9808
    },
    {
        "model": 1,
        "sequence": 9,
        "status": 1,
        "fuel": 5692,
        "fault": 0.8139,
        "weapon": 0,
        "pilot_injury": 0.8974,
        "pilot_skill": 0.0719,
        "mission_priority": 0.5661,
        "estimated_landing_time": 852.0,
        "wait_time": 0,
        "Landing_success_rate": 0.8527
    },
    {
        "model": 2,
        "sequence": 15,
        "status": 1,
        "fuel": 6776,
        "fault": 0.6413,
        "weapon": 1,
        "pilot_injury": 0.6987,
        "pilot_skill": 0.3799,
        "mission_priority": 0.4118,
        "estimated_landing_time": 1416.0,
        "wait_time": 0,
        "Landing_success_rate": 0.8843
    },
    {
        "model": 0,
        "sequence": 4,
        "status": 1,
        "fuel": 5642,
        "fault": 0.5119,
        "weapon": 1,
        "pilot_injury": 0.7394,
        "pilot_skill": 0.8195,
        "mission_priority": 0.4166,
        "estimated_landing_time": 382.0,
        "wait_time": 0,
        "Landing_success_rate": 0.8552
    },
    {
        "model": 2,
        "sequence": 3,
        "status": 1,
        "fuel": 6869,
        "fault": 0.8115,
        "weapon": 1,
        "pilot_injury": 0.9208,
        "pilot_skill": 0.704,
        "mission_priority": 0.6369,
        "estimated_landing_time": 288.0,
        "wait_time": 0,
        "Landing_success_rate": 0.8694
    },
    {
        "model": 0,
        "sequence": 8,
        "status": 1,
        "fuel": 6903,
        "fault": 0.1832,
        "weapon": 0,
        "pilot_injury": 0.0861,
        "pilot_skill": 0.7959,
        "mission_priority": 0.389,
        "estimated_landing_time": 758.0,
        "wait_time": 0,
        "Landing_success_rate": 0.9359
    },
    {
        "model": 2,
        "sequence": 10,
        "status": 1,
        "fuel": 6733,
        "fault": 0.6457,
        "weapon": 1,
        "pilot_injury": 0.3005,
        "pilot_skill": 0.592,
        "mission_priority": 0.4725,
        "estimated_landing_time": 946.0,
        "wait_time": 0,
        "Landing_success_rate": 0.8828
    },
    {
        "model": 1,
        "sequence": 12,
        "status": 1,
        "fuel": 6123,
        "fault": 0.1536,
        "weapon": 1,
        "pilot_injury": 0.4068,
        "pilot_skill": 0.4707,
        "mission_priority": 0.8466,
        "estimated_landing_time": 1134.0,
        "wait_time": 0,
        "Landing_success_rate": 0.8895
    },
    {
        "model": 2,
        "sequence": 13,
        "status": 1,
        "fuel": 6000,
        "fault": 0.6353,
        "weapon": 1,
        "pilot_injury": 0.4029,
        "pilot_skill": 0.4958,
        "mission_priority": 0.1061,
        "estimated_landing_time": 1228.0,
        "wait_time": 0,
        "Landing_success_rate": 0.8637
    },
    {
        "model": 1,
        "sequence": 5,
        "status": 1,
        "fuel": 7297,
        "fault": 0.2303,
        "weapon": 0,
        "pilot_injury": 0.033,
        "pilot_skill": 0.255,
        "mission_priority": 0.2012,
        "estimated_landing_time": 476.0,
        "wait_time": 0,
        "Landing_success_rate": 0.9537
    },
    {
        "model": 2,
        "sequence": 18,
        "status": 1,
        "fuel": 6295,
        "fault": 0.1093,
        "weapon": 0,
        "pilot_injury": 0.6757,
        "pilot_skill": 0.8556,
        "mission_priority": 0.7067,
        "estimated_landing_time": 1698.0,
        "wait_time": 0,
        "Landing_success_rate": 0.9031
    },
    {
        "model": 1,
        "sequence": 11,
        "status": 1,
        "fuel": 6071,
        "fault": 0.2182,
        "weapon": 1,
        "pilot_injury": 0.5074,
        "pilot_skill": 0.219,
        "mission_priority": 0.2796,
        "estimated_landing_time": 1040.0,
        "wait_time": 0,
        "Landing_success_rate": 0.8835
    },
    {
        "model": 0,
        "sequence": 14,
        "status": 1,
        "fuel": 7488,
        "fault": 0.4266,
        "weapon": 1,
        "pilot_injury": 0.9131,
        "pilot_skill": 0.9003,
        "mission_priority": 0.1078,
        "estimated_landing_time": 1322.0,
        "wait_time": 0,
        "Landing_success_rate": 0.9355
    }
]