[
    {
        "model": 2,
        "sequence": 8,
        "status": 1,
        "fuel": 6636,
        "fault": 0.9582,
        "weapon": 0,
        "pilot_injury": 0.197,
        "pilot_skill": 0.358,
        "mission_priority": 0.743,
        "estimated_landing_time": 758.0,
        "wait_time": 0,
        "Landing_success_rate": 0.8536
    },
    {
        "model": 2,
        "sequence": 4,
        "status": 1,
        "fuel": 6983,
        "fault": 0.306,
        "weapon": 1,
        "pilot_injury": 0.4274,
        "pilot_skill": 0.4548,
        "mission_priority": 0.2964,
        "estimated_landing_time": 382.0,
        "wait_time": 0,
        "Landing_success_rate": 0.9272
    },
    {
        "model": 0,
        "sequence": 6,
        "status": 1,
        "fuel": 7497,
        "fault": 0.475,
        "weapon": 1,
        "pilot_injury": 0.6925,
        "pilot_skill": 0.8549,
        "mission_priority": 0.6664,
        "estimated_landing_time": 570.0,
        "wait_time": 0,
        "Landing_success_rate": 0.9286
    },
    {
        "model": 0,
        "sequence": 13,
        "status": 1,
        "fuel": 5502,
        "fault": 0.5375,
        "weapon": 1,
        "pilot_injury": 0.5004,
        "pilot_skill": 0.047,
        "mission_priority": 0.2806,
        "estimated_landing_time": 1228.0,
        "wait_time": 0,
        "Landing_success_rate": 0.8501
    },
    {
        "model": 0,
        "sequence": 5,
        "status": 1,
        "fuel": 7462,
        "fault": 0.4431,
        "weapon": 1,
        "pilot_injury": 0.4642,
        "pilot_skill": 0.6078,
        "mission_priority": 0.7133,
        "estimated_landing_time": 476.0,
        "wait_time": 0,
        "Landing_success_rate": 0.9319
    },
    {
        "model": 1,
        "sequence": 1,
        "status": 1,
        "fuel": 6604,
        "fault": 0.5175,
        "weapon": 1,
        "pilot_injury": 0.1709,
        "pilot_skill": 0.1875,
        "mission_priority": 0.5031,
        "estimated_landing_time": 100.0,
        "wait_time": 0,
        "Landing_success_rate": 0.89
    },
    {
        "model": 1,
        "sequence": 2,
        "status": 1,
        "fuel": 7486,
        "fault": 0.15,
        "weapon": 1,
        "pilot_injury": 0.8244,
        "pilot_skill": 0.8925,
        "mission_priority": 0.3505,
        "estimated_landing_time": 194.0,
        "wait_time": 0,
        "Landing_success_rate": 0.9766
    },
    {
        "model": 2,
        "sequence": 17,
        "status": 1,
        "fuel": 5949,
        "fault": 0.6164,
        "weapon": 0,
        "pilot_injury": 0.744,
        "pilot_skill": 0.165,
        "mission_priority": 0.6874,
        "estimated_landing_time": 1604.0,
        "wait_time": 0,
        "Landing_success_rate": 0.8629
    },
    {
        "model": 0,
        "sequence": 18,
        "status": 1,
        "fuel": 6380,
        "fault": 0.9076,
        "weapon": 1,
        "pilot_injury": 0.4645,
        "pilot_skill": 0.0309,
        "mission_priority": 0.4807,
        "estimated_landing_time": 1698.0,
        "wait_time": 0,
        "Landing_success_rate": 0.8561
    },
    {
        "model": 2,
        "sequence": 10,
        "status": 1,
        "fuel": 7130,
        "fault": 0.0277,
        "weapon": 1,
        "pilot_injury": 0.9663,
        "pilot_skill": 0.8433,
        "mission_priority": 0.5266,
        "estimated_landing_time": 946.0,
        "wait_time": 0,
        "Landing_success_rate": 0.9689
    },
    {
        "model": 0,
        "sequence": 11,
        "status": 1,
        "fuel": 5540,
        "fault": 0.1008,
        "weapon": 1,
        "pilot_injury": 0.9805,
        "pilot_skill": 0.9383,
        "mission_priority": 0.2741,
        "estimated_landing_time": 1040.0,
        "wait_time": 0,
        "Landing_success_rate": 0.8527
    },
    {
        "model": 0,
        "sequence": 16,
        "status": 1,
        "fuel": 6544,
        "fault": 0.8007,
        "weapon": 0,
        "pilot_injury": 0.578,
        "pilot_skill": 0.843,
        "mission_priority": 0.0778,
        "estimated_landing_time": 1510.0,
        "wait_time": 0,
        "Landing_success_rate": 0.8656
    },
    {
        "model": 0,
        "sequence": 7,
        "status": 1,
        "fuel": 6043,
        "fault": 0.4292,
        "weapon": 1,
        "pilot_injury": 0.4807,
        "pilot_skill": 0.4447,
        "mission_priority": 0.5313,
        "estimated_landing_time": 664.0,
        "wait_time": 0,
        "Landing_success_rate": 0.8732
    },
    {
        "model": 0,
        "sequence": 15,
        "status": 1,
        "fuel": 5937,
        "fault": 0.2577,
        "weapon": 0,
        "pilot_injury": 0.5249,
        "pilot_skill": 0.6848,
        "mission_priority": 0.3383,
        "estimated_landing_time": 1416.0,
        "wait_time": 0,
        "Landing_success_rate": 0.8743
    },
    {
        "model": 2,
        "sequence": 14,
        "status": 1,
        "fuel": 5842,
        "fault": 0.2671,
        "weapon": 0,
        "pilot_injury": 0.5455,
        "pilot_skill": 0.0874,
        "mission_priority": 0.4428,
        "estimated_landing_time": 1322.0,
        "wait_time": 0,
        "Landing_success_rate": 0.8688
    },
    {
        "model": 2,
        "sequence": 12,
        "status": 1,
        "fuel": 6225,
        "fault": 0.817,
        "weapon": 0,
        "pilot_injury": 0.0131,
        "pilot_skill": 0.3912,
        "mission_priority": 0.782,
        "estimated_landing_time": 1134.0,
        "wait_time": 0,
        "Landing_success_rate": 0.86
    },
    {
        "model": 1,
        "sequence": 9,
        "status": 1,
        "fuel": 5968,
        "fault": 0.6218,
        "weapon": 1,
        "pilot_injury": 0.8597,
        "pilot_skill": 0.708,
        "mission_priority": 0.2091,
        "estimated_landing_time": 852.0,
        "wait_time": 0,
        "Landing_success_rate": 0.8633
    },
    {
        "model": 0,
        "sequence": 3,
        "status": 1,
        "fuel": 6361,
        "fault": 0.4145,
        "weapon": 0,
        "pilot_injury": 0.1841,
        "pilot_skill": 0.0365,
        "mission_priority": 0.8573,
        "estimated_landing_time": 288.0,
        "wait_time": 0,
        "Landing_success_rate": 0.8878
    }
]