[
    {
        "model": 1,
        "sequence": 6,
        "status": 1,
        "fuel": 7129,
        "fault": 0.6213,
        "weapon": 0,
        "pilot_injury": 0.3714,
        "pilot_skill": 0.6856,
        "mission_priority": 0.3204,
        "estimated_landing_time": 570.0,
        "wait_time": 0,
        "Landing_success_rate": 0.8963
    },
    {
        "model": 1,
        "sequence": 7,
        "status": 1,
        "fuel": 6101,
        "fault": 0.8081,
        "weapon": 1,
        "pilot_injury": 0.1661,
        "pilot_skill": 0.4544,
        "mission_priority": 0.2174,
        "estimated_landing_time": 664.0,
        "wait_time": 0,
        "Landing_success_rate": 0.8586
    },
    {
        "model": 1,
        "sequence": 8,
        "status": 1,
        "fuel": 5765,
        "fault": 0.249,
        "weapon": 1,
        "pilot_injury": 0.5974,
        "pilot_skill": 0.2634,
        "mission_priority": 0.258,
        "estimated_landing_time": 758.0,
        "wait_time": 0,
        "Landing_success_rate": 0.8649
    },
    {
        "model": 0,
        "sequence": 10,
        "status": 1,
        "fuel": 5838,
        "fault": 0.2109,
        "weapon": 1,
        "pilot_injury": 0.3915,
        "pilot_skill": 0.8213,
        "mission_priority": 0.1973,
        "estimated_landing_time": 946.0,
        "wait_time": 0,
        "Landing_success_rate": 0.87
    },
    {
        "model": 0,
        "sequence": 18,
        "status": 1,
        "fuel": 7246,
        "fault": 0.6386,
        "weapon": 1,
        "pilot_injury": 0.5419,
        "pilot_skill": 0.5037,
        "mission_priority": 0.2722,
        "estimated_landing_time": 1698.0,
        "wait_time": 0,
        "Landing_success_rate": 0.8973
    },
    {
        "model": 2,
        "sequence": 15,
        "status": 1,
        "fuel": 7072,
        "fault": 0.4302,
        "weapon": 0,
        "pilot_injury": 0.8672,
        "pilot_skill": 0.12,
        "mission_priority": 0.9292,
        "estimated_landing_time": 1416.0,
        "wait_time": 0,
        "Landing_success_rate": 0.9172
    },
    {
        "model": 2,
        "sequence": 2,
        "status": 1,
        "fuel": 6795,
        "fault": 0.9656,
        "weapon": 0,
        "pilot_injury": 0.0665,
        "pilot_skill": 0.425,
        "mission_priority": 0.1259,
        "estimated_landing_time": 194.0,
        "wait_time": 0,
        "Landing_success_rate": 0.8533
    },
    {
        "model": 2,
        "sequence": 5,
        "status": 1,
        "fuel": 6150,
        "fault": 0.5708,
        "weapon": 0,
        "pilot_injury": 0.7301,
        "pilot_skill": 0.7191,
        "mission_priority": 0.0905,
        "estimated_landing_time": 476.0,
        "wait_time": 0,
        "Landing_success_rate": 0.8709
    },
    {
        "model": 0,
        "sequence": 9,
        "status": 1,
        "fuel": 6132,
        "fault": 0.9124,
        "weapon": 1,
        "pilot_injury": 0.8523,
        "pilot_skill": 0.0126,
        "mission_priority": 0.2982,
        "estimated_landing_time": 852.0,
        "wait_time": 0,
        "Landing_success_rate": 0.8542
    },
    {
        "model": 0,
        "sequence": 1,
        "status": 1,
        "fuel": 5936,
        "fault": 0.7128,
        "weapon": 1,
        "pilot_injury": 0.8885,
        "pilot_skill": 0.328,
        "mission_priority": 0.5253,
        "estimated_landing_time": 100.0,
        "wait_time": 0,
        "Landing_success_rate": 0.8594
    },
    {
        "model": 0,
        "sequence": 12,
        "status": 1,
        "fuel": 5959,
        "fault": 0.2429,
        "weapon": 1,
        "pilot_injury": 0.7252,
        "pilot_skill": 0.2288,
        "mission_priority": 0.1559,
        "estimated_landing_time": 1134.0,
        "wait_time": 0,
        "Landing_success_rate": 0.8761
    },
    {
        "model": 0,
        "sequence": 11,
        "status": 1,
        "fuel": 6750,
        "fault": 0.5782,
        "weapon": 1,
        "pilot_injury": 0.801,
        "pilot_skill": 0.354,
        "mission_priority": 0.5648,
        "estimated_landing_time": 1040.0,
        "wait_time": 0,
        "Landing_success_rate": 0.8895
    },
    {
        "model": 0,
        "sequence": 17,
        "status": 1,
        "fuel": 5625,
        "fault": 0.9786,
        "weapon": 0,
        "pilot_injury": 0.883,
        "pilot_skill": 0.9531,
        "mission_priority": 0.039,
        "estimated_landing_time": 1604.0,
        "wait_time": 0,
        "Landing_success_rate": 0.8502
    },
    {
        "model": 1,
        "sequence": 13,
        "status": 1,
        "fuel": 6550,
        "fault": 0.091,
        "weapon": 1,
        "pilot_injury": 0.9723,
        "pilot_skill": 0.6084,
        "mission_priority": 0.5222,
        "estimated_landing_time": 1228.0,
        "wait_time": 0,
        "Landing_success_rate": 0.9216
    },
    {
        "model": 2,
        "sequence": 4,
        "status": 1,
        "fuel": 5620,
        "fault": 0.8363,
        "weapon": 0,
        "pilot_injury": 0.4687,
        "pilot_skill": 0.6354,
        "mission_priority": 0.9329,
        "estimated_landing_time": 382.0,
        "wait_time": 0,
        "Landing_success_rate": 0.8515
    },
    {
        "model": 1,
        "sequence": 16,
        "status": 1,
        "fuel": 5595,
        "fault": 0.0315,
        "weapon": 0,
        "pilot_injury": 0.8628,
        "pilot_skill": 0.5188,
        "mission_priority": 0.3475,
        "estimated_landing_time": 1510.0,
        "wait_time": 0,
        "Landing_success_rate": 0.8569
    },
    {
        "model": 2,
        "sequence": 14,
        "status": 1,
        "fuel": 6804,
        "fault": 0.1668,
        "weapon": 1,
        "pilot_injury": 0.0814,
        "pilot_skill": 0.3778,
        "mission_priority": 0.9941,
        "estimated_landing_time": 1322.0,
        "wait_time": 0,
        "Landing_success_rate": 0.9315
    },
    {
        "model": 1,
        "sequence": 3,
        "status": 1,
        "fuel": 7052,
        "fault": 0.976,
        "weapon": 1,
        "pilot_injury": 0.8412,
        "pilot_skill": 0.6487,
        "mission_priority": 0.5697,
        "estimated_landing_time": 288.0,
        "wait_time": 0,
        "Landing_success_rate": 0.8528
    }
]