[
    {
        "model": 2,
        "sequence": 9,
        "status": 1,
        "fuel": 7094,
        "fault": 0.6545,
        "weapon": 1,
        "pilot_injury": 0.6274,
        "pilot_skill": 0.6114,
        "mission_priority": 0.2816,
        "estimated_landing_time": 852.0,
        "wait_time": 0,
        "Landing_success_rate": 0.8913
    },
    {
        "model": 2,
        "sequence": 8,
        "status": 1,
        "fuel": 6558,
        "fault": 0.608,
        "weapon": 0,
        "pilot_injury": 0.1725,
        "pilot_skill": 0.4773,
        "mission_priority": 0.3867,
        "estimated_landing_time": 758.0,
        "wait_time": 0,
        "Landing_success_rate": 0.8811
    },
    {
        "model": 1,
        "sequence": 18,
        "status": 1,
        "fuel": 6740,
        "fault": 0.9312,
        "weapon": 1,
        "pilot_injury": 0.4218,
        "pilot_skill": 0.1314,
        "mission_priority": 0.1312,
        "estimated_landing_time": 1698.0,
        "wait_time": 0,
        "Landing_success_rate": 0.8564
    },
    {
        "model": 1,
        "sequence": 1,
        "status": 1,
        "fuel": 6323,
        "fault": 0.3861,
        "weapon": 0,
        "pilot_injury": 0.9412,
        "pilot_skill": 0.087,
        "mission_priority": 0.1179,
        "estimated_landing_time": 100.0,
        "wait_time": 0,
        "Landing_success_rate": 0.8879
    },
    {
        "model": 0,
        "sequence": 11,
        "status": 1,
        "fuel": 6510,
        "fault": 0.4722,
        "weapon": 0,
        "pilot_injury": 0.6227,
        "pilot_skill": 0.4035,
        "mission_priority": 0.7979,
        "estimated_landing_time": 1040.0,
        "wait_time": 0,
        "Landing_success_rate": 0.89
    },
    {
        "model": 2,
        "sequence": 6,
        "status": 1,
        "fuel": 5694,
        "fault": 0.1193,
        "weapon": 0,
        "pilot_injury": 0.1379,
        "pilot_skill": 0.0583,
        "mission_priority": 0.2748,
        "estimated_landing_time": 570.0,
        "wait_time": 0,
        "Landing_success_rate": 0.8628
    },
    {
        "model": 0,
        "sequence": 17,
        "status": 1,
        "fuel": 5807,
        "fault": 0.9334,
        "weapon": 0,
        "pilot_injury": 0.304,
        "pilot_skill": 0.5524,
        "mission_priority": 0.3181,
        "estimated_landing_time": 1604.0,
        "wait_time": 0,
        "Landing_success_rate": 0.8515
    },
    {
        "model": 0,
        "sequence": 4,
        "status": 1,
        "fuel": 5581,
        "fault": 0.7662,
        "weapon": 0,
        "pilot_injury": 0.3204,
        "pilot_skill": 0.6154,
        "mission_priority": 0.9716,
        "estimated_landing_time": 382.0,
        "wait_time": 0,
        "Landing_success_rate": 0.8514
    },
    {
        "model": 2,
        "sequence": 3,
        "status": 1,
        "fuel": 7224,
        "fault": 0.673,
        "weapon": 0,
        "pilot_injury": 0.0353,
        "pilot_skill": 0.8401,
        "mission_priority": 0.0448,
        "estimated_landing_time": 288.0,
        "wait_time": 0,
        "Landing_success_rate": 0.8923
    },
    {
        "model": 2,
        "sequence": 13,
        "status": 1,
        "fuel": 7179,
        "fault": 0.8704,
        "weapon": 0,
        "pilot_injury": 0.1685,
        "pilot_skill": 0.4517,
        "mission_priority": 0.995,
        "estimated_landing_time": 1228.0,
        "wait_time": 0,
        "Landing_success_rate": 0.8663
    },
    {
        "model": 1,
        "sequence": 14,
        "status": 1,
        "fuel": 5754,
        "fault": 0.2531,
        "weapon": 1,
        "pilot_injury": 0.118,
        "pilot_skill": 0.5971,
        "mission_priority": 0.0892,
        "estimated_landing_time": 1322.0,
        "wait_time": 0,
        "Landing_success_rate": 0.8642
    },
    {
        "model": 2,
        "sequence": 2,
        "status": 1,
        "fuel": 6201,
        "fault": 0.9535,
        "weapon": 1,
        "pilot_injury": 0.9319,
        "pilot_skill": 0.1079,
        "mission_priority": 0.5583,
        "estimated_landing_time": 194.0,
        "wait_time": 0,
        "Landing_success_rate": 0.8524
    },
    {
        "model": 0,
        "sequence": 16,
        "status": 1,
        "fuel": 5761,
        "fault": 0.0914,
        "weapon": 1,
        "pilot_injury": 0.815,
        "pilot_skill": 0.5378,
        "mission_priority": 0.8721,
        "estimated_landing_time": 1510.0,
        "wait_time": 0,
        "Landing_success_rate": 0.8678
    },
    {
        "model": 0,
        "sequence": 12,
        "status": 1,
        "fuel": 7492,
        "fault": 0.5037,
        "weapon": 0,
        "pilot_injury": 0.6301,
        "pilot_skill": 0.0074,
        "mission_priority": 0.396,
        "estimated_landing_time": 1134.0,
        "wait_time": 0,
        "Landing_success_rate": 0.9241
    },
    {
        "model": 2,
        "sequence": 10,
        "status": 1,
        "fuel": 6842,
        "fault": 0.0745,
        "weapon": 1,
        "pilot_injury": 0.4054,
        "pilot_skill": 0.6541,
        "mission_priority": 0.732,
        "estimated_landing_time": 946.0,
        "wait_time": 0,
        "Landing_success_rate": 0.9432
    },
    {
        "model": 0,
        "sequence": 7,
        "status": 1,
        "fuel": 5974,
        "fault": 0.2029,
        "weapon": 1,
        "pilot_injury": 0.2892,
        "pilot_skill": 0.6861,
        "mission_priority": 0.549,
        "estimated_landing_time": 664.0,
        "wait_time": 0,
        "Landing_success_rate": 0.8783
    },
    {
        "model": 2,
        "sequence": 15,
        "status": 1,
        "fuel": 6074,
        "fault": 0.8384,
        "weapon": 1,
        "pilot_injury": 0.2583,
        "pilot_skill": 0.9307,
        "mission_priority": 0.2901,
        "estimated_landing_time": 1416.0,
        "wait_time": 0,
        "Landing_success_rate": 0.857
    },
    {
        "model": 1,
        "sequence": 5,
        "status": 1,
        "fuel": 5768,
        "fault": 0.2251,
        "weapon": 0,
        "pilot_injury": 0.1386,
        "pilot_skill": 0.2087,
        "mission_priority": 0.5536,
        "estimated_landing_time": 476.0,
        "wait_time": 0,
        "Landing_success_rate": 0.8656
    }
]