[
    {
        "model": 1,
        "sequence": 7,
        "status": 1,
        "fuel": 7065,
        "fault": 0.563,
        "weapon": 0,
        "pilot_injury": 0.5652,
        "pilot_skill": 0.3104,
        "mission_priority": 0.6078,
        "estimated_landing_time": 664.0,
        "wait_time": 0,
        "Landing_success_rate": 0.9013
    },
    {
        "model": 1,
        "sequence": 3,
        "status": 1,
        "fuel": 6982,
        "fault": 0.8576,
        "weapon": 1,
        "pilot_injury": 0.6751,
        "pilot_skill": 0.3063,
        "mission_priority": 0.889,
        "estimated_landing_time": 288.0,
        "wait_time": 0,
        "Landing_success_rate": 0.8658
    },
    {
        "model": 0,
        "sequence": 13,
        "status": 1,
        "fuel": 6447,
        "fault": 0.8595,
        "weapon": 0,
        "pilot_injury": 0.5715,
        "pilot_skill": 0.1977,
        "mission_priority": 0.4399,
        "estimated_landing_time": 1228.0,
        "wait_time": 0,
        "Landing_success_rate": 0.86
    },
    {
        "model": 1,
        "sequence": 4,
        "status": 1,
        "fuel": 6522,
        "fault": 0.0924,
        "weapon": 1,
        "pilot_injury": 0.1138,
        "pilot_skill": 0.6152,
        "mission_priority": 0.2241,
        "estimated_landing_time": 382.0,
        "wait_time": 0,
        "Landing_success_rate": 0.9196
    },
    {
        "model": 1,
        "sequence": 10,
        "status": 1,
        "fuel": 6756,
        "fault": 0.4601,
        "weapon": 0,
        "pilot_injury": 0.1234,
        "pilot_skill": 0.4376,
        "mission_priority": 0.4449,
        "estimated_landing_time": 946.0,
        "wait_time": 0,
        "Landing_success_rate": 0.9009
    },
    {
        "model": 2,
        "sequence": 1,
        "status": 1,
        "fuel": 7472,
        "fault": 0.8802,
        "weapon": 1,
        "pilot_injury": 0.4186,
        "pilot_skill": 0.012,
        "mission_priority": 0.1224,
        "estimated_landing_time": 100.0,
        "wait_time": 0,
        "Landing_success_rate": 0.8677
    },
    {
        "model": 1,
        "sequence": 5,
        "status": 1,
        "fuel": 6412,
        "fault": 0.2756,
        "weapon": 0,
        "pilot_injury": 0.1446,
        "pilot_skill": 0.3244,
        "mission_priority": 0.1635,
        "estimated_landing_time": 476.0,
        "wait_time": 0,
        "Landing_success_rate": 0.8995
    },
    {
        "model": 0,
        "sequence": 16,
        "status": 1,
        "fuel": 6120,
        "fault": 0.9619,
        "weapon": 1,
        "pilot_injury": 0.1644,
        "pilot_skill": 0.7994,
        "mission_priority": 0.0627,
        "estimated_landing_time": 1510.0,
        "wait_time": 0,
        "Landing_success_rate": 0.8518
    },
    {
        "model": 1,
        "sequence": 17,
        "status": 1,
        "fuel": 5683,
        "fault": 0.0478,
        "weapon": 1,
        "pilot_injury": 0.6753,
        "pilot_skill": 0.0527,
        "mission_priority": 0.9207,
        "estimated_landing_time": 1604.0,
        "wait_time": 0,
        "Landing_success_rate": 0.8631
    },
    {
        "model": 2,
        "sequence": 12,
        "status": 1,
        "fuel": 6483,
        "fault": 0.6075,
        "weapon": 1,
        "pilot_injury": 0.2188,
        "pilot_skill": 0.644,
        "mission_priority": 0.9216,
        "estimated_landing_time": 1134.0,
        "wait_time": 0,
        "Landing_success_rate": 0.8789
    },
    {
        "model": 2,
        "sequence": 15,
        "status": 1,
        "fuel": 6101,
        "fault": 0.5897,
        "weapon": 0,
        "pilot_injury": 0.2378,
        "pilot_skill": 0.383,
        "mission_priority": 0.286,
        "estimated_landing_time": 1416.0,
        "wait_time": 0,
        "Landing_success_rate": 0.8685
    },
    {
        "model": 2,
        "sequence": 14,
        "status": 1,
        "fuel": 6236,
        "fault": 0.0206,
        "weapon": 0,
        "pilot_injury": 0.8599,
        "pilot_skill": 0.0614,
        "mission_priority": 0.2185,
        "estimated_landing_time": 1322.0,
        "wait_time": 0,
        "Landing_success_rate": 0.9041
    },
    {
        "model": 2,
        "sequence": 9,
        "status": 1,
        "fuel": 5724,
        "fault": 0.8855,
        "weapon": 0,
        "pilot_injury": 0.6296,
        "pilot_skill": 0.2135,
        "mission_priority": 0.6059,
        "estimated_landing_time": 852.0,
        "wait_time": 0,
        "Landing_success_rate": 0.8519
    },
    {
        "model": 1,
        "sequence": 18,
        "status": 1,
        "fuel": 6854,
        "fault": 0.8612,
        "weapon": 1,
        "pilot_injury": 0.5825,
        "pilot_skill": 0.683,
        "mission_priority": 0.6803,
        "estimated_landing_time": 1698.0,
        "wait_time": 0,
        "Landing_success_rate": 0.8641
    },
    {
        "model": 2,
        "sequence": 6,
        "status": 1,
        "fuel": 6400,
        "fault": 0.5002,
        "weapon": 1,
        "pilot_injury": 0.3931,
        "pilot_skill": 0.3641,
        "mission_priority": 0.2644,
        "estimated_landing_time": 570.0,
        "wait_time": 0,
        "Landing_success_rate": 0.8837
    },
    {
        "model": 2,
        "sequence": 8,
        "status": 1,
        "fuel": 6505,
        "fault": 0.5869,
        "weapon": 0,
        "pilot_injury": 0.4742,
        "pilot_skill": 0.2757,
        "mission_priority": 0.8744,
        "estimated_landing_time": 758.0,
        "wait_time": 0,
        "Landing_success_rate": 0.8811
    },
    {
        "model": 2,
        "sequence": 2,
        "status": 1,
        "fuel": 5548,
        "fault": 0.7594,
        "weapon": 1,
        "pilot_injury": 0.4048,
        "pilot_skill": 0.2758,
        "mission_priority": 0.3043,
        "estimated_landing_time": 194.0,
        "wait_time": 0,
        "Landing_success_rate": 0.8509
    },
    {
        "model": 1,
        "sequence": 11,
        "status": 1,
        "fuel": 6760,
        "fault": 0.8927,
        "weapon": 0,
        "pilot_injury": 0.3539,
        "pilot_skill": 0.6472,
        "mission_priority": 0.4252,
        "estimated_landing_time": 1040.0,
        "wait_time": 0,
        "Landing_success_rate": 0.8601
    }
]