[
    {
        "model": 1,
        "sequence": 10,
        "status": 1,
        "fuel": 7242,
        "fault": 0.8956,
        "weapon": 0,
        "pilot_injury": 0.1343,
        "pilot_skill": 0.1516,
        "mission_priority": 0.2525,
        "estimated_landing_time": 946.0,
        "wait_time": 0,
        "Landing_success_rate": 0.8636
    },
    {
        "model": 1,
        "sequence": 17,
        "status": 1,
        "fuel": 6725,
        "fault": 0.0259,
        "weapon": 0,
        "pilot_injury": 0.6739,
        "pilot_skill": 0.2552,
        "mission_priority": 0.056,
        "estimated_landing_time": 1604.0,
        "wait_time": 0,
        "Landing_success_rate": 0.9395
    },
    {
        "model": 2,
        "sequence": 8,
        "status": 1,
        "fuel": 6692,
        "fault": 0.4361,
        "weapon": 0,
        "pilot_injury": 0.6758,
        "pilot_skill": 0.2612,
        "mission_priority": 0.517,
        "estimated_landing_time": 758.0,
        "wait_time": 0,
        "Landing_success_rate": 0.9004
    },
    {
        "model": 0,
        "sequence": 2,
        "status": 1,
        "fuel": 7066,
        "fault": 0.214,
        "weapon": 0,
        "pilot_injury": 0.0694,
        "pilot_skill": 0.2754,
        "mission_priority": 0.603,
        "estimated_landing_time": 194.0,
        "wait_time": 0,
        "Landing_success_rate": 0.9423
    },
    {
        "model": 0,
        "sequence": 16,
        "status": 1,
        "fuel": 6446,
        "fault": 0.0905,
        "weapon": 1,
        "pilot_injury": 0.1368,
        "pilot_skill": 0.0228,
        "mission_priority": 0.8635,
        "estimated_landing_time": 1510.0,
        "wait_time": 0,
        "Landing_success_rate": 0.9145
    },
    {
        "model": 0,
        "sequence": 7,
        "status": 1,
        "fuel": 6697,
        "fault": 0.9712,
        "weapon": 1,
        "pilot_injury": 0.1727,
        "pilot_skill": 0.8859,
        "mission_priority": 0.6544,
        "estimated_landing_time": 664.0,
        "wait_time": 0,
        "Landing_success_rate": 0.8526
    },
    {
        "model": 2,
        "sequence": 3,
        "status": 1,
        "fuel": 6508,
        "fault": 0.083,
        "weapon": 1,
        "pilot_injury": 0.7675,
        "pilot_skill": 0.4998,
        "mission_priority": 0.8208,
        "estimated_landing_time": 288.0,
        "wait_time": 0,
        "Landing_success_rate": 0.9193
    },
    {
        "model": 0,
        "sequence": 14,
        "status": 1,
        "fuel": 5695,
        "fault": 0.1631,
        "weapon": 1,
        "pilot_injury": 0.7577,
        "pilot_skill": 0.6784,
        "mission_priority": 0.3297,
        "estimated_landing_time": 1322.0,
        "wait_time": 0,
        "Landing_success_rate": 0.8622
    },
    {
        "model": 1,
        "sequence": 9,
        "status": 1,
        "fuel": 5820,
        "fault": 0.9827,
        "weapon": 0,
        "pilot_injury": 0.4615,
        "pilot_skill": 0.9902,
        "mission_priority": 0.5044,
        "estimated_landing_time": 852.0,
        "wait_time": 0,
        "Landing_success_rate": 0.8504
    },
    {
        "model": 0,
        "sequence": 5,
        "status": 1,
        "fuel": 7403,
        "fault": 0.8166,
        "weapon": 1,
        "pilot_injury": 0.728,
        "pilot_skill": 0.8852,
        "mission_priority": 0.6327,
        "estimated_landing_time": 476.0,
        "wait_time": 0,
        "Landing_success_rate": 0.8762
    },
    {
        "model": 0,
        "sequence": 18,
        "status": 1,
        "fuel": 6594,
        "fault": 0.0638,
        "weapon": 0,
        "pilot_injury": 0.1612,
        "pilot_skill": 0.2113,
        "mission_priority": 0.7998,
        "estimated_landing_time": 1698.0,
        "wait_time": 0,
        "Landing_success_rate": 0.9268
    },
    {
        "model": 2,
        "sequence": 4,
        "status": 1,
        "fuel": 7359,
        "fault": 0.1374,
        "weapon": 1,
        "pilot_injury": 0.7556,
        "pilot_skill": 0.4124,
        "mission_priority": 0.0646,
        "estimated_landing_time": 382.0,
        "wait_time": 0,
        "Landing_success_rate": 0.9703
    },
    {
        "model": 2,
        "sequence": 15,
        "status": 1,
        "fuel": 5706,
        "fault": 0.1427,
        "weapon": 1,
        "pilot_injury": 0.5717,
        "pilot_skill": 0.7796,
        "mission_priority": 0.9295,
        "estimated_landing_time": 1416.0,
        "wait_time": 0,
        "Landing_success_rate": 0.8632
    },
    {
        "model": 2,
        "sequence": 1,
        "status": 1,
        "fuel": 6541,
        "fault": 0.5612,
        "weapon": 0,
        "pilot_injury": 0.6525,
        "pilot_skill": 0.3155,
        "mission_priority": 0.451,
        "estimated_landing_time": 100.0,
        "wait_time": 0,
        "Landing_success_rate": 0.8843
    },
    {
        "model": 2,
        "sequence": 6,
        "status": 1,
        "fuel": 6703,
        "fault": 0.9243,
        "weapon": 1,
        "pilot_injury": 0.8833,
        "pilot_skill": 0.9769,
        "mission_priority": 0.8305,
        "estimated_landing_time": 570.0,
        "wait_time": 0,
        "Landing_success_rate": 0.8568
    },
    {
        "model": 2,
        "sequence": 11,
        "status": 1,
        "fuel": 6815,
        "fault": 0.7469,
        "weapon": 1,
        "pilot_injury": 0.4957,
        "pilot_skill": 0.9379,
        "mission_priority": 0.9021,
        "estimated_landing_time": 1040.0,
        "wait_time": 0,
        "Landing_success_rate": 0.875
    },
    {
        "model": 0,
        "sequence": 13,
        "status": 1,
        "fuel": 5529,
        "fault": 0.6847,
        "weapon": 1,
        "pilot_injury": 0.5469,
        "pilot_skill": 0.7149,
        "mission_priority": 0.9647,
        "estimated_landing_time": 1228.0,
        "wait_time": 0,
        "Landing_success_rate": 0.8507
    },
    {
        "model": 0,
        "sequence": 12,
        "status": 1,
        "fuel": 6813,
        "fault": 0.7196,
        "weapon": 1,
        "pilot_injury": 0.9422,
        "pilot_skill": 0.5705,
        "mission_priority": 0.1592,
        "estimated_landing_time": 1134.0,
        "wait_time": 0,
        "Landing_success_rate": 0.8776
    }
]