[
    {
        "model": 1,
        "sequence": 2,
        "status": 1,
        "fuel": 6091,
        "fault": 0.6326,
        "weapon": 1,
        "pilot_injury": 0.6248,
        "pilot_skill": 0.8682,
        "mission_priority": 0.8389,
        "estimated_landing_time": 194.0,
        "wait_time": 0,
        "Landing_success_rate": 0.8663
    },
    {
        "model": 1,
        "sequence": 16,
        "status": 1,
        "fuel": 5751,
        "fault": 0.077,
        "weapon": 1,
        "pilot_injury": 0.4275,
        "pilot_skill": 0.8401,
        "mission_priority": 0.5308,
        "estimated_landing_time": 1510.0,
        "wait_time": 0,
        "Landing_success_rate": 0.8674
    },
    {
        "model": 2,
        "sequence": 6,
        "status": 1,
        "fuel": 6504,
        "fault": 0.3757,
        "weapon": 0,
        "pilot_injury": 0.59,
        "pilot_skill": 0.5503,
        "mission_priority": 0.61,
        "estimated_landing_time": 570.0,
        "wait_time": 0,
        "Landing_success_rate": 0.897
    },
    {
        "model": 1,
        "sequence": 4,
        "status": 1,
        "fuel": 5899,
        "fault": 0.1167,
        "weapon": 0,
        "pilot_injury": 0.7857,
        "pilot_skill": 0.2196,
        "mission_priority": 0.8259,
        "estimated_landing_time": 382.0,
        "wait_time": 0,
        "Landing_success_rate": 0.8764
    },
    {
        "model": 1,
        "sequence": 9,
        "status": 1,
        "fuel": 6806,
        "fault": 0.9645,
        "weapon": 1,
        "pilot_injury": 0.8828,
        "pilot_skill": 0.1011,
        "mission_priority": 0.8497,
        "estimated_landing_time": 852.0,
        "wait_time": 0,
        "Landing_success_rate": 0.8535
    },
    {
        "model": 2,
        "sequence": 17,
        "status": 1,
        "fuel": 5651,
        "fault": 0.4821,
        "weapon": 1,
        "pilot_injury": 0.3089,
        "pilot_skill": 0.4054,
        "mission_priority": 0.9687,
        "estimated_landing_time": 1604.0,
        "wait_time": 0,
        "Landing_success_rate": 0.8559
    },
    {
        "model": 2,
        "sequence": 7,
        "status": 1,
        "fuel": 6380,
        "fault": 0.7299,
        "weapon": 1,
        "pilot_injury": 0.0832,
        "pilot_skill": 0.2179,
        "mission_priority": 0.7633,
        "estimated_landing_time": 664.0,
        "wait_time": 0,
        "Landing_success_rate": 0.8678
    },
    {
        "model": 2,
        "sequence": 14,
        "status": 1,
        "fuel": 5867,
        "fault": 0.6922,
        "weapon": 1,
        "pilot_injury": 0.5008,
        "pilot_skill": 0.5165,
        "mission_priority": 0.0363,
        "estimated_landing_time": 1322.0,
        "wait_time": 0,
        "Landing_success_rate": 0.8585
    },
    {
        "model": 1,
        "sequence": 12,
        "status": 1,
        "fuel": 6439,
        "fault": 0.1742,
        "weapon": 1,
        "pilot_injury": 0.0625,
        "pilot_skill": 0.1759,
        "mission_priority": 0.3255,
        "estimated_landing_time": 1134.0,
        "wait_time": 0,
        "Landing_success_rate": 0.9082
    },
    {
        "model": 2,
        "sequence": 11,
        "status": 1,
        "fuel": 7047,
        "fault": 0.6621,
        "weapon": 0,
        "pilot_injury": 0.3425,
        "pilot_skill": 0.5211,
        "mission_priority": 0.2591,
        "estimated_landing_time": 1040.0,
        "wait_time": 0,
        "Landing_success_rate": 0.8892
    },
    {
        "model": 2,
        "sequence": 5,
        "status": 1,
        "fuel": 6346,
        "fault": 0.1658,
        "weapon": 1,
        "pilot_injury": 0.4816,
        "pilot_skill": 0.5678,
        "mission_priority": 0.6862,
        "estimated_landing_time": 476.0,
        "wait_time": 0,
        "Landing_success_rate": 0.9029
    },
    {
        "model": 1,
        "sequence": 13,
        "status": 1,
        "fuel": 6446,
        "fault": 0.5409,
        "weapon": 1,
        "pilot_injury": 0.4312,
        "pilot_skill": 0.1338,
        "mission_priority": 0.208,
        "estimated_landing_time": 1228.0,
        "wait_time": 0,
        "Landing_success_rate": 0.8826
    },
    {
        "model": 1,
        "sequence": 15,
        "status": 1,
        "fuel": 7290,
        "fault": 0.8292,
        "weapon": 1,
        "pilot_injury": 0.0333,
        "pilot_skill": 0.6894,
        "mission_priority": 0.5542,
        "estimated_landing_time": 1416.0,
        "wait_time": 0,
        "Landing_success_rate": 0.8729
    },
    {
        "model": 2,
        "sequence": 10,
        "status": 1,
        "fuel": 6898,
        "fault": 0.2056,
        "weapon": 1,
        "pilot_injury": 0.5796,
        "pilot_skill": 0.139,
        "mission_priority": 0.4598,
        "estimated_landing_time": 946.0,
        "wait_time": 0,
        "Landing_success_rate": 0.9333
    },
    {
        "model": 2,
        "sequence": 18,
        "status": 1,
        "fuel": 7345,
        "fault": 0.7558,
        "weapon": 1,
        "pilot_injury": 0.3638,
        "pilot_skill": 0.7847,
        "mission_priority": 0.6833,
        "estimated_landing_time": 1698.0,
        "wait_time": 0,
        "Landing_success_rate": 0.8838
    },
    {
        "model": 1,
        "sequence": 3,
        "status": 1,
        "fuel": 7255,
        "fault": 0.6668,
        "weapon": 1,
        "pilot_injury": 0.1835,
        "pilot_skill": 0.6835,
        "mission_priority": 0.6101,
        "estimated_landing_time": 288.0,
        "wait_time": 0,
        "Landing_success_rate": 0.8939
    },
    {
        "model": 1,
        "sequence": 8,
        "status": 1,
        "fuel": 7056,
        "fault": 0.0938,
        "weapon": 1,
        "pilot_injury": 0.0094,
        "pilot_skill": 0.08,
        "mission_priority": 0.7691,
        "estimated_landing_time": 758.0,
        "wait_time": 0,
        "Landing_success_rate": 0.9558
    },
    {
        "model": 0,
        "sequence": 1,
        "status": 1,
        "fuel": 7035,
        "fault": 0.4738,
        "weapon": 0,
        "pilot_injury": 0.2668,
        "pilot_skill": 0.8493,
        "mission_priority": 0.4424,
        "estimated_landing_time": 100.0,
        "wait_time": 0,
        "Landing_success_rate": 0.9106
    }
]