[
    {
        "model": 1,
        "sequence": 1,
        "status": 1,
        "fuel": 5903,
        "fault": 0.0879,
        "weapon": 0,
        "pilot_injury": 0.6908,
        "pilot_skill": 0.0215,
        "mission_priority": 0.1508,
        "estimated_landing_time": 100.0,
        "wait_time": 0,
        "Landing_success_rate": 0.8776
    },
    {
        "model": 1,
        "sequence": 4,
        "status": 1,
        "fuel": 6102,
        "fault": 0.9132,
        "weapon": 0,
        "pilot_injury": 0.6412,
        "pilot_skill": 0.4774,
        "mission_priority": 0.6749,
        "estimated_landing_time": 382.0,
        "wait_time": 0,
        "Landing_success_rate": 0.8539
    },
    {
        "model": 0,
        "sequence": 8,
        "status": 1,
        "fuel": 7328,
        "fault": 0.0709,
        "weapon": 0,
        "pilot_injury": 0.8886,
        "pilot_skill": 0.7945,
        "mission_priority": 0.6948,
        "estimated_landing_time": 758.0,
        "wait_time": 0,
        "Landing_success_rate": 0.9774
    },
    {
        "model": 2,
        "sequence": 17,
        "status": 1,
        "fuel": 6400,
        "fault": 0.8265,
        "weapon": 1,
        "pilot_injury": 0.1656,
        "pilot_skill": 0.8203,
        "mission_priority": 0.8033,
        "estimated_landing_time": 1604.0,
        "wait_time": 0,
        "Landing_success_rate": 0.8617
    },
    {
        "model": 0,
        "sequence": 5,
        "status": 1,
        "fuel": 7064,
        "fault": 0.9935,
        "weapon": 0,
        "pilot_injury": 0.026,
        "pilot_skill": 0.3272,
        "mission_priority": 0.4206,
        "estimated_landing_time": 476.0,
        "wait_time": 0,
        "Landing_success_rate": 0.8508
    },
    {
        "model": 2,
        "sequence": 2,
        "status": 1,
        "fuel": 6732,
        "fault": 0.1556,
        "weapon": 1,
        "pilot_injury": 0.1087,
        "pilot_skill": 0.5189,
        "mission_priority": 0.3679,
        "estimated_landing_time": 194.0,
        "wait_time": 0,
        "Landing_success_rate": 0.928
    },
    {
        "model": 2,
        "sequence": 7,
        "status": 1,
        "fuel": 6020,
        "fault": 0.0583,
        "weapon": 0,
        "pilot_injury": 0.4388,
        "pilot_skill": 0.9997,
        "mission_priority": 0.5141,
        "estimated_landing_time": 664.0,
        "wait_time": 0,
        "Landing_success_rate": 0.8867
    },
    {
        "model": 2,
        "sequence": 10,
        "status": 1,
        "fuel": 6342,
        "fault": 0.9669,
        "weapon": 1,
        "pilot_injury": 0.2262,
        "pilot_skill": 0.6363,
        "mission_priority": 0.9374,
        "estimated_landing_time": 946.0,
        "wait_time": 0,
        "Landing_success_rate": 0.8521
    },
    {
        "model": 2,
        "sequence": 9,
        "status": 1,
        "fuel": 7384,
        "fault": 0.7396,
        "weapon": 1,
        "pilot_injury": 0.2969,
        "pilot_skill": 0.0693,
        "mission_priority": 0.2859,
        "estimated_landing_time": 852.0,
        "wait_time": 0,
        "Landing_success_rate": 0.8868
    },
    {
        "model": 2,
        "sequence": 13,
        "status": 1,
        "fuel": 6104,
        "fault": 0.1692,
        "weapon": 0,
        "pilot_injury": 0.7083,
        "pilot_skill": 0.7512,
        "mission_priority": 0.0595,
        "estimated_landing_time": 1228.0,
        "wait_time": 0,
        "Landing_success_rate": 0.8876
    },
    {
        "model": 2,
        "sequence": 12,
        "status": 1,
        "fuel": 5894,
        "fault": 0.2817,
        "weapon": 0,
        "pilot_injury": 0.1043,
        "pilot_skill": 0.3625,
        "mission_priority": 0.2993,
        "estimated_landing_time": 1134.0,
        "wait_time": 0,
        "Landing_success_rate": 0.8712
    },
    {
        "model": 0,
        "sequence": 18,
        "status": 1,
        "fuel": 6167,
        "fault": 0.9797,
        "weapon": 0,
        "pilot_injury": 0.4548,
        "pilot_skill": 0.7467,
        "mission_priority": 0.146,
        "estimated_landing_time": 1698.0,
        "wait_time": 0,
        "Landing_success_rate": 0.851
    },
    {
        "model": 1,
        "sequence": 16,
        "status": 1,
        "fuel": 6569,
        "fault": 0.978,
        "weapon": 1,
        "pilot_injury": 0.1921,
        "pilot_skill": 0.1065,
        "mission_priority": 0.3097,
        "estimated_landing_time": 1510.0,
        "wait_time": 0,
        "Landing_success_rate": 0.8518
    },
    {
        "model": 1,
        "sequence": 11,
        "status": 1,
        "fuel": 6899,
        "fault": 0.0816,
        "weapon": 0,
        "pilot_injury": 0.7934,
        "pilot_skill": 0.3804,
        "mission_priority": 0.5758,
        "estimated_landing_time": 1040.0,
        "wait_time": 0,
        "Landing_success_rate": 0.9464
    },
    {
        "model": 0,
        "sequence": 14,
        "status": 1,
        "fuel": 6891,
        "fault": 0.7568,
        "weapon": 1,
        "pilot_injury": 0.7365,
        "pilot_skill": 0.5693,
        "mission_priority": 0.6692,
        "estimated_landing_time": 1322.0,
        "wait_time": 0,
        "Landing_success_rate": 0.8754
    },
    {
        "model": 0,
        "sequence": 15,
        "status": 1,
        "fuel": 6753,
        "fault": 0.0186,
        "weapon": 1,
        "pilot_injury": 0.2005,
        "pilot_skill": 0.6886,
        "mission_priority": 0.8504,
        "estimated_landing_time": 1416.0,
        "wait_time": 0,
        "Landing_success_rate": 0.9422
    },
    {
        "model": 0,
        "sequence": 3,
        "status": 1,
        "fuel": 5941,
        "fault": 0.7401,
        "weapon": 1,
        "pilot_injury": 0.2161,
        "pilot_skill": 0.4167,
        "mission_priority": 0.3785,
        "estimated_landing_time": 288.0,
        "wait_time": 0,
        "Landing_success_rate": 0.8586
    },
    {
        "model": 2,
        "sequence": 6,
        "status": 1,
        "fuel": 6447,
        "fault": 0.2854,
        "weapon": 1,
        "pilot_injury": 0.5922,
        "pilot_skill": 0.5579,
        "mission_priority": 0.223,
        "estimated_landing_time": 570.0,
        "wait_time": 0,
        "Landing_success_rate": 0.9008
    }
]