[
    {
        "model": 1,
        "sequence": 18,
        "status": 1,
        "fuel": 6676,
        "fault": 0.9862,
        "weapon": 1,
        "pilot_injury": 0.8817,
        "pilot_skill": 0.5206,
        "mission_priority": 0.6615,
        "estimated_landing_time": 1698.0,
        "wait_time": 0,
        "Landing_success_rate": 0.8512
    },
    {
        "model": 0,
        "sequence": 6,
        "status": 1,
        "fuel": 7146,
        "fault": 0.4288,
        "weapon": 0,
        "pilot_injury": 0.2862,
        "pilot_skill": 0.7056,
        "mission_priority": 0.3592,
        "estimated_landing_time": 570.0,
        "wait_time": 0,
        "Landing_success_rate": 0.9205
    },
    {
        "model": 0,
        "sequence": 9,
        "status": 1,
        "fuel": 6087,
        "fault": 0.4427,
        "weapon": 0,
        "pilot_injury": 0.8538,
        "pilot_skill": 0.7383,
        "mission_priority": 0.3346,
        "estimated_landing_time": 852.0,
        "wait_time": 0,
        "Landing_success_rate": 0.8745
    },
    {
        "model": 2,
        "sequence": 16,
        "status": 1,
        "fuel": 5949,
        "fault": 0.9904,
        "weapon": 1,
        "pilot_injury": 0.0498,
        "pilot_skill": 0.1275,
        "mission_priority": 0.1165,
        "estimated_landing_time": 1510.0,
        "wait_time": 0,
        "Landing_success_rate": 0.8503
    },
    {
        "model": 1,
        "sequence": 14,
        "status": 1,
        "fuel": 7387,
        "fault": 0.2014,
        "weapon": 0,
        "pilot_injury": 0.6008,
        "pilot_skill": 0.6476,
        "mission_priority": 0.6884,
        "estimated_landing_time": 1322.0,
        "wait_time": 0,
        "Landing_success_rate": 0.963
    },
    {
        "model": 2,
        "sequence": 1,
        "status": 1,
        "fuel": 7307,
        "fault": 0.7472,
        "weapon": 0,
        "pilot_injury": 0.6223,
        "pilot_skill": 0.58,
        "mission_priority": 0.9437,
        "estimated_landing_time": 100.0,
        "wait_time": 0,
        "Landing_success_rate": 0.8843
    },
    {
        "model": 2,
        "sequence": 3,
        "status": 1,
        "fuel": 6405,
        "fault": 0.008,
        "weapon": 0,
        "pilot_injury": 0.6535,
        "pilot_skill": 0.7402,
        "mission_priority": 0.2832,
        "estimated_landing_time": 288.0,
        "wait_time": 0,
        "Landing_success_rate": 0.9173
    },
    {
        "model": 0,
        "sequence": 15,
        "status": 1,
        "fuel": 7414,
        "fault": 0.4331,
        "weapon": 0,
        "pilot_injury": 0.96,
        "pilot_skill": 0.1099,
        "mission_priority": 0.0676,
        "estimated_landing_time": 1416.0,
        "wait_time": 0,
        "Landing_success_rate": 0.9314
    },
    {
        "model": 2,
        "sequence": 2,
        "status": 1,
        "fuel": 6970,
        "fault": 0.3891,
        "weapon": 0,
        "pilot_injury": 0.0972,
        "pilot_skill": 0.7446,
        "mission_priority": 0.8989,
        "estimated_landing_time": 194.0,
        "wait_time": 0,
        "Landing_success_rate": 0.9174
    },
    {
        "model": 1,
        "sequence": 11,
        "status": 1,
        "fuel": 6832,
        "fault": 0.8792,
        "weapon": 1,
        "pilot_injury": 0.0423,
        "pilot_skill": 0.3866,
        "mission_priority": 0.2929,
        "estimated_landing_time": 1040.0,
        "wait_time": 0,
        "Landing_success_rate": 0.8621
    },
    {
        "model": 2,
        "sequence": 13,
        "status": 1,
        "fuel": 5949,
        "fault": 0.6447,
        "weapon": 0,
        "pilot_injury": 0.0823,
        "pilot_skill": 0.9026,
        "mission_priority": 0.8456,
        "estimated_landing_time": 1228.0,
        "wait_time": 0,
        "Landing_success_rate": 0.862
    },
    {
        "model": 0,
        "sequence": 5,
        "status": 1,
        "fuel": 5683,
        "fault": 0.9353,
        "weapon": 1,
        "pilot_injury": 0.7419,
        "pilot_skill": 0.5489,
        "mission_priority": 0.5732,
        "estimated_landing_time": 476.0,
        "wait_time": 0,
        "Landing_success_rate": 0.8509
    },
    {
        "model": 0,
        "sequence": 7,
        "status": 1,
        "fuel": 7316,
        "fault": 0.7156,
        "weapon": 1,
        "pilot_injury": 0.9998,
        "pilot_skill": 0.7105,
        "mission_priority": 0.6781,
        "estimated_landing_time": 664.0,
        "wait_time": 0,
        "Landing_success_rate": 0.8887
    },
    {
        "model": 0,
        "sequence": 17,
        "status": 1,
        "fuel": 6258,
        "fault": 0.3161,
        "weapon": 1,
        "pilot_injury": 0.3421,
        "pilot_skill": 0.3202,
        "mission_priority": 0.7843,
        "estimated_landing_time": 1604.0,
        "wait_time": 0,
        "Landing_success_rate": 0.8889
    },
    {
        "model": 1,
        "sequence": 10,
        "status": 1,
        "fuel": 6835,
        "fault": 0.0731,
        "weapon": 0,
        "pilot_injury": 0.8138,
        "pilot_skill": 0.5216,
        "mission_priority": 0.9101,
        "estimated_landing_time": 946.0,
        "wait_time": 0,
        "Landing_success_rate": 0.9428
    },
    {
        "model": 2,
        "sequence": 4,
        "status": 1,
        "fuel": 6034,
        "fault": 0.9592,
        "weapon": 0,
        "pilot_injury": 0.3614,
        "pilot_skill": 0.9059,
        "mission_priority": 0.9937,
        "estimated_landing_time": 382.0,
        "wait_time": 0,
        "Landing_success_rate": 0.8516
    },
    {
        "model": 1,
        "sequence": 8,
        "status": 1,
        "fuel": 7292,
        "fault": 0.9971,
        "weapon": 0,
        "pilot_injury": 0.2863,
        "pilot_skill": 0.5533,
        "mission_priority": 0.5721,
        "estimated_landing_time": 758.0,
        "wait_time": 0,
        "Landing_success_rate": 0.8504
    },
    {
        "model": 0,
        "sequence": 12,
        "status": 1,
        "fuel": 6208,
        "fault": 0.0714,
        "weapon": 1,
        "pilot_injury": 0.7112,
        "pilot_skill": 0.2608,
        "mission_priority": 0.395,
        "estimated_landing_time": 1134.0,
        "wait_time": 0,
        "Landing_success_rate": 0.8993
    }
]