[
    {
        "model": 1,
        "sequence": 4,
        "status": 1,
        "fuel": 7307,
        "fault": 0.3783,
        "weapon": 1,
        "pilot_injury": 0.3507,
        "pilot_skill": 0.8277,
        "mission_priority": 0.5408,
        "estimated_landing_time": 382.0,
        "wait_time": 0,
        "Landing_success_rate": 0.9343
    },
    {
        "model": 0,
        "sequence": 3,
        "status": 1,
        "fuel": 6180,
        "fault": 0.9344,
        "weapon": 1,
        "pilot_injury": 0.9855,
        "pilot_skill": 0.0175,
        "mission_priority": 0.9334,
        "estimated_landing_time": 288.0,
        "wait_time": 0,
        "Landing_success_rate": 0.8533
    },
    {
        "model": 1,
        "sequence": 5,
        "status": 1,
        "fuel": 5932,
        "fault": 0.0993,
        "weapon": 1,
        "pilot_injury": 0.3015,
        "pilot_skill": 0.8598,
        "mission_priority": 0.5434,
        "estimated_landing_time": 476.0,
        "wait_time": 0,
        "Landing_success_rate": 0.8792
    },
    {
        "model": 2,
        "sequence": 14,
        "status": 1,
        "fuel": 6646,
        "fault": 0.5246,
        "weapon": 0,
        "pilot_injury": 0.3203,
        "pilot_skill": 0.8859,
        "mission_priority": 0.7667,
        "estimated_landing_time": 1322.0,
        "wait_time": 0,
        "Landing_success_rate": 0.8909
    },
    {
        "model": 1,
        "sequence": 10,
        "status": 1,
        "fuel": 6934,
        "fault": 0.2763,
        "weapon": 1,
        "pilot_injury": 0.5788,
        "pilot_skill": 0.9992,
        "mission_priority": 0.7852,
        "estimated_landing_time": 946.0,
        "wait_time": 0,
        "Landing_success_rate": 0.9278
    },
    {
        "model": 1,
        "sequence": 12,
        "status": 1,
        "fuel": 6221,
        "fault": 0.7483,
        "weapon": 0,
        "pilot_injury": 0.7453,
        "pilot_skill": 0.5142,
        "mission_priority": 0.0788,
        "estimated_landing_time": 1134.0,
        "wait_time": 0,
        "Landing_success_rate": 0.8636
    },
    {
        "model": 1,
        "sequence": 18,
        "status": 1,
        "fuel": 6127,
        "fault": 0.6823,
        "weapon": 1,
        "pilot_injury": 0.2575,
        "pilot_skill": 0.379,
        "mission_priority": 0.7953,
        "estimated_landing_time": 1698.0,
        "wait_time": 0,
        "Landing_success_rate": 0.8649
    },
    {
        "model": 0,
        "sequence": 6,
        "status": 1,
        "fuel": 6647,
        "fault": 0.424,
        "weapon": 1,
        "pilot_injury": 0.0928,
        "pilot_skill": 0.7069,
        "mission_priority": 0.0822,
        "estimated_landing_time": 570.0,
        "wait_time": 0,
        "Landing_success_rate": 0.8996
    },
    {
        "model": 2,
        "sequence": 1,
        "status": 1,
        "fuel": 5631,
        "fault": 0.5644,
        "weapon": 1,
        "pilot_injury": 0.6167,
        "pilot_skill": 0.6762,
        "mission_priority": 0.4383,
        "estimated_landing_time": 100.0,
        "wait_time": 0,
        "Landing_success_rate": 0.8543
    },
    {
        "model": 2,
        "sequence": 2,
        "status": 1,
        "fuel": 6057,
        "fault": 0.9883,
        "weapon": 1,
        "pilot_injury": 0.0858,
        "pilot_skill": 0.1417,
        "mission_priority": 0.5126,
        "estimated_landing_time": 194.0,
        "wait_time": 0,
        "Landing_success_rate": 0.8505
    },
    {
        "model": 1,
        "sequence": 11,
        "status": 1,
        "fuel": 6519,
        "fault": 0.1693,
        "weapon": 0,
        "pilot_injury": 0.6351,
        "pilot_skill": 0.16,
        "mission_priority": 0.8931,
        "estimated_landing_time": 1040.0,
        "wait_time": 0,
        "Landing_success_rate": 0.9135
    },
    {
        "model": 2,
        "sequence": 13,
        "status": 1,
        "fuel": 7015,
        "fault": 0.1381,
        "weapon": 0,
        "pilot_injury": 0.6285,
        "pilot_skill": 0.4632,
        "mission_priority": 0.7016,
        "estimated_landing_time": 1228.0,
        "wait_time": 0,
        "Landing_success_rate": 0.9479
    },
    {
        "model": 0,
        "sequence": 16,
        "status": 1,
        "fuel": 6890,
        "fault": 0.5463,
        "weapon": 1,
        "pilot_injury": 0.9983,
        "pilot_skill": 0.5496,
        "mission_priority": 0.5615,
        "estimated_landing_time": 1510.0,
        "wait_time": 0,
        "Landing_success_rate": 0.8973
    },
    {
        "model": 1,
        "sequence": 9,
        "status": 1,
        "fuel": 5714,
        "fault": 0.5903,
        "weapon": 1,
        "pilot_injury": 0.0287,
        "pilot_skill": 0.6327,
        "mission_priority": 0.0986,
        "estimated_landing_time": 852.0,
        "wait_time": 0,
        "Landing_success_rate": 0.8566
    },
    {
        "model": 0,
        "sequence": 7,
        "status": 1,
        "fuel": 5501,
        "fault": 0.0179,
        "weapon": 1,
        "pilot_injury": 0.1374,
        "pilot_skill": 0.0746,
        "mission_priority": 0.3179,
        "estimated_landing_time": 664.0,
        "wait_time": 0,
        "Landing_success_rate": 0.8501
    },
    {
        "model": 1,
        "sequence": 8,
        "status": 1,
        "fuel": 6037,
        "fault": 0.9166,
        "weapon": 1,
        "pilot_injury": 0.4397,
        "pilot_skill": 0.5237,
        "mission_priority": 0.8598,
        "estimated_landing_time": 758.0,
        "wait_time": 0,
        "Landing_success_rate": 0.8534
    },
    {
        "model": 1,
        "sequence": 15,
        "status": 1,
        "fuel": 6594,
        "fault": 0.3182,
        "weapon": 0,
        "pilot_injury": 0.173,
        "pilot_skill": 0.3489,
        "mission_priority": 0.949,
        "estimated_landing_time": 1416.0,
        "wait_time": 0,
        "Landing_success_rate": 0.9059
    },
    {
        "model": 1,
        "sequence": 17,
        "status": 1,
        "fuel": 6265,
        "fault": 0.3293,
        "weapon": 1,
        "pilot_injury": 0.0331,
        "pilot_skill": 0.3625,
        "mission_priority": 0.7701,
        "estimated_landing_time": 1604.0,
        "wait_time": 0,
        "Landing_success_rate": 0.8885
    }
]