[
    {
        "model": 0,
        "sequence": 3,
        "status": 1,
        "fuel": 6148,
        "fault": 0.5229,
        "weapon": 0,
        "pilot_injury": 0.263,
        "pilot_skill": 0.5428,
        "mission_priority": 0.1249,
        "estimated_landing_time": 288.0,
        "wait_time": 0,
        "Landing_success_rate": 0.8732
    },
    {
        "model": 2,
        "sequence": 12,
        "status": 1,
        "fuel": 6802,
        "fault": 0.7235,
        "weapon": 0,
        "pilot_injury": 0.3009,
        "pilot_skill": 0.0698,
        "mission_priority": 0.9888,
        "estimated_landing_time": 1134.0,
        "wait_time": 0,
        "Landing_success_rate": 0.877
    },
    {
        "model": 1,
        "sequence": 7,
        "status": 1,
        "fuel": 6666,
        "fault": 0.5162,
        "weapon": 0,
        "pilot_injury": 0.33,
        "pilot_skill": 0.969,
        "mission_priority": 0.7929,
        "estimated_landing_time": 664.0,
        "wait_time": 0,
        "Landing_success_rate": 0.8923
    },
    {
        "model": 1,
        "sequence": 18,
        "status": 1,
        "fuel": 6481,
        "fault": 0.6554,
        "weapon": 1,
        "pilot_injury": 0.4233,
        "pilot_skill": 0.0174,
        "mission_priority": 0.7184,
        "estimated_landing_time": 1698.0,
        "wait_time": 0,
        "Landing_success_rate": 0.8754
    },
    {
        "model": 0,
        "sequence": 8,
        "status": 1,
        "fuel": 5871,
        "fault": 0.7359,
        "weapon": 1,
        "pilot_injury": 0.5658,
        "pilot_skill": 0.0017,
        "mission_priority": 0.9799,
        "estimated_landing_time": 758.0,
        "wait_time": 0,
        "Landing_success_rate": 0.8573
    },
    {
        "model": 1,
        "sequence": 17,
        "status": 1,
        "fuel": 6493,
        "fault": 0.1787,
        "weapon": 0,
        "pilot_injury": 0.8544,
        "pilot_skill": 0.152,
        "mission_priority": 0.025,
        "estimated_landing_time": 1604.0,
        "wait_time": 0,
        "Landing_success_rate": 0.9112
    },
    {
        "model": 2,
        "sequence": 5,
        "status": 1,
        "fuel": 6629,
        "fault": 0.0777,
        "weapon": 1,
        "pilot_injury": 0.9824,
        "pilot_skill": 0.0104,
        "mission_priority": 0.0512,
        "estimated_landing_time": 476.0,
        "wait_time": 0,
        "Landing_success_rate": 0.9281
    },
    {
        "model": 2,
        "sequence": 1,
        "status": 1,
        "fuel": 5763,
        "fault": 0.7489,
        "weapon": 0,
        "pilot_injury": 0.9116,
        "pilot_skill": 0.3111,
        "mission_priority": 0.0698,
        "estimated_landing_time": 100.0,
        "wait_time": 0,
        "Landing_success_rate": 0.855
    },
    {
        "model": 2,
        "sequence": 6,
        "status": 1,
        "fuel": 6757,
        "fault": 0.2028,
        "weapon": 1,
        "pilot_injury": 0.4737,
        "pilot_skill": 0.001,
        "mission_priority": 0.5811,
        "estimated_landing_time": 570.0,
        "wait_time": 0,
        "Landing_success_rate": 0.9252
    },
    {
        "model": 1,
        "sequence": 10,
        "status": 1,
        "fuel": 5512,
        "fault": 0.3263,
        "weapon": 0,
        "pilot_injury": 0.2614,
        "pilot_skill": 0.529,
        "mission_priority": 0.2301,
        "estimated_landing_time": 946.0,
        "wait_time": 0,
        "Landing_success_rate": 0.8506
    },
    {
        "model": 1,
        "sequence": 4,
        "status": 1,
        "fuel": 6340,
        "fault": 0.0881,
        "weapon": 0,
        "pilot_injury": 0.3906,
        "pilot_skill": 0.0769,
        "mission_priority": 0.2303,
        "estimated_landing_time": 382.0,
        "wait_time": 0,
        "Landing_success_rate": 0.9074
    },
    {
        "model": 1,
        "sequence": 11,
        "status": 1,
        "fuel": 6464,
        "fault": 0.3171,
        "weapon": 1,
        "pilot_injury": 0.0223,
        "pilot_skill": 0.4782,
        "mission_priority": 0.4077,
        "estimated_landing_time": 1040.0,
        "wait_time": 0,
        "Landing_success_rate": 0.8994
    },
    {
        "model": 0,
        "sequence": 15,
        "status": 1,
        "fuel": 7226,
        "fault": 0.7017,
        "weapon": 1,
        "pilot_injury": 0.6279,
        "pilot_skill": 0.2022,
        "mission_priority": 0.5484,
        "estimated_landing_time": 1416.0,
        "wait_time": 0,
        "Landing_success_rate": 0.8886
    },
    {
        "model": 2,
        "sequence": 16,
        "status": 1,
        "fuel": 7453,
        "fault": 0.9643,
        "weapon": 1,
        "pilot_injury": 0.4565,
        "pilot_skill": 0.4612,
        "mission_priority": 0.3191,
        "estimated_landing_time": 1510.0,
        "wait_time": 0,
        "Landing_success_rate": 0.8552
    },
    {
        "model": 2,
        "sequence": 9,
        "status": 1,
        "fuel": 6756,
        "fault": 0.3717,
        "weapon": 1,
        "pilot_injury": 0.0059,
        "pilot_skill": 0.0018,
        "mission_priority": 0.5898,
        "estimated_landing_time": 852.0,
        "wait_time": 0,
        "Landing_success_rate": 0.9092
    },
    {
        "model": 0,
        "sequence": 2,
        "status": 1,
        "fuel": 5753,
        "fault": 0.9473,
        "weapon": 0,
        "pilot_injury": 0.6847,
        "pilot_skill": 0.5289,
        "mission_priority": 0.915,
        "estimated_landing_time": 194.0,
        "wait_time": 0,
        "Landing_success_rate": 0.851
    },
    {
        "model": 1,
        "sequence": 13,
        "status": 1,
        "fuel": 7207,
        "fault": 0.2233,
        "weapon": 1,
        "pilot_injury": 0.1266,
        "pilot_skill": 0.6661,
        "mission_priority": 0.6939,
        "estimated_landing_time": 1228.0,
        "wait_time": 0,
        "Landing_success_rate": 0.9494
    },
    {
        "model": 2,
        "sequence": 14,
        "status": 1,
        "fuel": 6437,
        "fault": 0.9348,
        "weapon": 0,
        "pilot_injury": 0.6403,
        "pilot_skill": 0.6183,
        "mission_priority": 0.3853,
        "estimated_landing_time": 1322.0,
        "wait_time": 0,
        "Landing_success_rate": 0.8546
    }
]