[
    {
        "model": 0,
        "sequence": 1,
        "status": 1,
        "fuel": 6763,
        "fault": 0.236,
        "weapon": 1,
        "pilot_injury": 0.0294,
        "pilot_skill": 0.8016,
        "mission_priority": 0.3905,
        "estimated_landing_time": 100.0,
        "wait_time": 0,
        "Landing_success_rate": 0.9224
    },
    {
        "model": 0,
        "sequence": 13,
        "status": 1,
        "fuel": 6337,
        "fault": 0.6868,
        "weapon": 1,
        "pilot_injury": 0.3063,
        "pilot_skill": 0.0896,
        "mission_priority": 0.2323,
        "estimated_landing_time": 1228.0,
        "wait_time": 0,
        "Landing_success_rate": 0.8697
    },
    {
        "model": 1,
        "sequence": 3,
        "status": 1,
        "fuel": 6382,
        "fault": 0.197,
        "weapon": 1,
        "pilot_injury": 0.0619,
        "pilot_skill": 0.0509,
        "mission_priority": 0.6936,
        "estimated_landing_time": 288.0,
        "wait_time": 0,
        "Landing_success_rate": 0.9031
    },
    {
        "model": 2,
        "sequence": 2,
        "status": 1,
        "fuel": 7137,
        "fault": 0.2369,
        "weapon": 0,
        "pilot_injury": 0.5754,
        "pilot_skill": 0.7352,
        "mission_priority": 0.1035,
        "estimated_landing_time": 194.0,
        "wait_time": 0,
        "Landing_success_rate": 0.9437
    },
    {
        "model": 1,
        "sequence": 18,
        "status": 1,
        "fuel": 6966,
        "fault": 0.6862,
        "weapon": 1,
        "pilot_injury": 0.3624,
        "pilot_skill": 0.763,
        "mission_priority": 0.8454,
        "estimated_landing_time": 1698.0,
        "wait_time": 0,
        "Landing_success_rate": 0.8845
    },
    {
        "model": 0,
        "sequence": 6,
        "status": 1,
        "fuel": 6104,
        "fault": 0.975,
        "weapon": 0,
        "pilot_injury": 0.7173,
        "pilot_skill": 0.7877,
        "mission_priority": 0.7337,
        "estimated_landing_time": 570.0,
        "wait_time": 0,
        "Landing_success_rate": 0.8511
    },
    {
        "model": 2,
        "sequence": 9,
        "status": 1,
        "fuel": 7472,
        "fault": 0.1648,
        "weapon": 0,
        "pilot_injury": 0.3097,
        "pilot_skill": 0.2072,
        "mission_priority": 0.3614,
        "estimated_landing_time": 852.0,
        "wait_time": 0,
        "Landing_success_rate": 0.9735
    },
    {
        "model": 2,
        "sequence": 12,
        "status": 1,
        "fuel": 6832,
        "fault": 0.8219,
        "weapon": 1,
        "pilot_injury": 0.9595,
        "pilot_skill": 0.7696,
        "mission_priority": 0.9801,
        "estimated_landing_time": 1134.0,
        "wait_time": 0,
        "Landing_success_rate": 0.8678
    },
    {
        "model": 2,
        "sequence": 17,
        "status": 1,
        "fuel": 7291,
        "fault": 0.308,
        "weapon": 0,
        "pilot_injury": 0.0795,
        "pilot_skill": 0.426,
        "mission_priority": 0.5341,
        "estimated_landing_time": 1604.0,
        "wait_time": 0,
        "Landing_success_rate": 0.943
    },
    {
        "model": 1,
        "sequence": 8,
        "status": 1,
        "fuel": 5579,
        "fault": 0.7257,
        "weapon": 0,
        "pilot_injury": 0.1487,
        "pilot_skill": 0.3833,
        "mission_priority": 0.0689,
        "estimated_landing_time": 758.0,
        "wait_time": 0,
        "Landing_success_rate": 0.8516
    },
    {
        "model": 2,
        "sequence": 5,
        "status": 1,
        "fuel": 6401,
        "fault": 0.3903,
        "weapon": 1,
        "pilot_injury": 0.7352,
        "pilot_skill": 0.3395,
        "mission_priority": 0.5905,
        "estimated_landing_time": 476.0,
        "wait_time": 0,
        "Landing_success_rate": 0.8912
    },
    {
        "model": 0,
        "sequence": 16,
        "status": 1,
        "fuel": 6642,
        "fault": 0.9465,
        "weapon": 0,
        "pilot_injury": 0.3016,
        "pilot_skill": 0.0677,
        "mission_priority": 0.0376,
        "estimated_landing_time": 1510.0,
        "wait_time": 0,
        "Landing_success_rate": 0.8546
    },
    {
        "model": 0,
        "sequence": 14,
        "status": 1,
        "fuel": 5850,
        "fault": 0.3785,
        "weapon": 0,
        "pilot_injury": 0.1339,
        "pilot_skill": 0.1845,
        "mission_priority": 0.7662,
        "estimated_landing_time": 1322.0,
        "wait_time": 0,
        "Landing_success_rate": 0.8663
    },
    {
        "model": 1,
        "sequence": 7,
        "status": 1,
        "fuel": 6558,
        "fault": 0.8274,
        "weapon": 1,
        "pilot_injury": 0.623,
        "pilot_skill": 0.1375,
        "mission_priority": 0.319,
        "estimated_landing_time": 664.0,
        "wait_time": 0,
        "Landing_success_rate": 0.8637
    },
    {
        "model": 1,
        "sequence": 15,
        "status": 1,
        "fuel": 5610,
        "fault": 0.4311,
        "weapon": 0,
        "pilot_injury": 0.8644,
        "pilot_skill": 0.5814,
        "mission_priority": 0.7293,
        "estimated_landing_time": 1416.0,
        "wait_time": 0,
        "Landing_success_rate": 0.8547
    },
    {
        "model": 0,
        "sequence": 11,
        "status": 1,
        "fuel": 6817,
        "fault": 0.5869,
        "weapon": 1,
        "pilot_injury": 0.2253,
        "pilot_skill": 0.688,
        "mission_priority": 0.349,
        "estimated_landing_time": 1040.0,
        "wait_time": 0,
        "Landing_success_rate": 0.8908
    },
    {
        "model": 1,
        "sequence": 10,
        "status": 1,
        "fuel": 5718,
        "fault": 0.7091,
        "weapon": 1,
        "pilot_injury": 0.8401,
        "pilot_skill": 0.8286,
        "mission_priority": 0.322,
        "estimated_landing_time": 946.0,
        "wait_time": 0,
        "Landing_success_rate": 0.8548
    },
    {
        "model": 2,
        "sequence": 4,
        "status": 1,
        "fuel": 5806,
        "fault": 0.735,
        "weapon": 0,
        "pilot_injury": 0.8114,
        "pilot_skill": 0.8317,
        "mission_priority": 0.3297,
        "estimated_landing_time": 382.0,
        "wait_time": 0,
        "Landing_success_rate": 0.8561
    }
]