[
    {
        "model": 1,
        "sequence": 14,
        "status": 1,
        "fuel": 6489,
        "fault": 0.8051,
        "weapon": 1,
        "pilot_injury": 0.7028,
        "pilot_skill": 0.0188,
        "mission_priority": 0.6705,
        "estimated_landing_time": 1322.0,
        "wait_time": 0,
        "Landing_success_rate": 0.8645
    },
    {
        "model": 1,
        "sequence": 8,
        "status": 1,
        "fuel": 5904,
        "fault": 0.076,
        "weapon": 0,
        "pilot_injury": 0.7246,
        "pilot_skill": 0.6403,
        "mission_priority": 0.8949,
        "estimated_landing_time": 758.0,
        "wait_time": 0,
        "Landing_success_rate": 0.878
    },
    {
        "model": 1,
        "sequence": 7,
        "status": 1,
        "fuel": 6386,
        "fault": 0.5115,
        "weapon": 0,
        "pilot_injury": 0.707,
        "pilot_skill": 0.3234,
        "mission_priority": 0.0369,
        "estimated_landing_time": 664.0,
        "wait_time": 0,
        "Landing_success_rate": 0.8825
    },
    {
        "model": 0,
        "sequence": 6,
        "status": 1,
        "fuel": 5633,
        "fault": 0.0639,
        "weapon": 0,
        "pilot_injury": 0.3357,
        "pilot_skill": 0.9435,
        "mission_priority": 0.8048,
        "estimated_landing_time": 570.0,
        "wait_time": 0,
        "Landing_success_rate": 0.8593
    },
    {
        "model": 2,
        "sequence": 9,
        "status": 1,
        "fuel": 6532,
        "fault": 0.7389,
        "weapon": 0,
        "pilot_injury": 0.4338,
        "pilot_skill": 0.2271,
        "mission_priority": 0.56,
        "estimated_landing_time": 852.0,
        "wait_time": 0,
        "Landing_success_rate": 0.8702
    },
    {
        "model": 2,
        "sequence": 5,
        "status": 1,
        "fuel": 7158,
        "fault": 0.1027,
        "weapon": 1,
        "pilot_injury": 0.5054,
        "pilot_skill": 0.1344,
        "mission_priority": 0.4205,
        "estimated_landing_time": 476.0,
        "wait_time": 0,
        "Landing_success_rate": 0.9616
    },
    {
        "model": 0,
        "sequence": 1,
        "status": 1,
        "fuel": 7447,
        "fault": 0.1203,
        "weapon": 0,
        "pilot_injury": 0.8873,
        "pilot_skill": 0.0593,
        "mission_priority": 0.9721,
        "estimated_landing_time": 100.0,
        "wait_time": 0,
        "Landing_success_rate": 0.9785
    },
    {
        "model": 2,
        "sequence": 17,
        "status": 1,
        "fuel": 7236,
        "fault": 0.1514,
        "weapon": 0,
        "pilot_injury": 0.548,
        "pilot_skill": 0.7024,
        "mission_priority": 0.1871,
        "estimated_landing_time": 1604.0,
        "wait_time": 0,
        "Landing_success_rate": 0.9605
    },
    {
        "model": 1,
        "sequence": 10,
        "status": 1,
        "fuel": 5572,
        "fault": 0.3982,
        "weapon": 1,
        "pilot_injury": 0.1395,
        "pilot_skill": 0.1271,
        "mission_priority": 0.304,
        "estimated_landing_time": 946.0,
        "wait_time": 0,
        "Landing_success_rate": 0.8532
    },
    {
        "model": 1,
        "sequence": 4,
        "status": 1,
        "fuel": 7071,
        "fault": 0.8468,
        "weapon": 0,
        "pilot_injury": 0.6783,
        "pilot_skill": 0.2138,
        "mission_priority": 0.667,
        "estimated_landing_time": 382.0,
        "wait_time": 0,
        "Landing_success_rate": 0.8681
    },
    {
        "model": 2,
        "sequence": 11,
        "status": 1,
        "fuel": 6728,
        "fault": 0.5603,
        "weapon": 1,
        "pilot_injury": 0.1194,
        "pilot_skill": 0.5736,
        "mission_priority": 0.3936,
        "estimated_landing_time": 1040.0,
        "wait_time": 0,
        "Landing_success_rate": 0.8905
    },
    {
        "model": 2,
        "sequence": 16,
        "status": 1,
        "fuel": 5593,
        "fault": 0.9881,
        "weapon": 0,
        "pilot_injury": 0.9294,
        "pilot_skill": 0.7425,
        "mission_priority": 0.1338,
        "estimated_landing_time": 1510.0,
        "wait_time": 0,
        "Landing_success_rate": 0.8501
    },
    {
        "model": 2,
        "sequence": 15,
        "status": 1,
        "fuel": 7228,
        "fault": 0.0052,
        "weapon": 1,
        "pilot_injury": 0.9779,
        "pilot_skill": 0.978,
        "mission_priority": 0.3195,
        "estimated_landing_time": 1416.0,
        "wait_time": 0,
        "Landing_success_rate": 0.9789
    },
    {
        "model": 1,
        "sequence": 3,
        "status": 1,
        "fuel": 6998,
        "fault": 0.448,
        "weapon": 1,
        "pilot_injury": 0.4793,
        "pilot_skill": 0.2131,
        "mission_priority": 0.6604,
        "estimated_landing_time": 288.0,
        "wait_time": 0,
        "Landing_success_rate": 0.912
    },
    {
        "model": 1,
        "sequence": 12,
        "status": 1,
        "fuel": 6642,
        "fault": 0.4407,
        "weapon": 0,
        "pilot_injury": 0.3837,
        "pilot_skill": 0.7002,
        "mission_priority": 0.6678,
        "estimated_landing_time": 1134.0,
        "wait_time": 0,
        "Landing_success_rate": 0.8979
    },
    {
        "model": 0,
        "sequence": 2,
        "status": 1,
        "fuel": 6939,
        "fault": 0.0771,
        "weapon": 1,
        "pilot_injury": 0.461,
        "pilot_skill": 0.1161,
        "mission_priority": 0.1821,
        "estimated_landing_time": 194.0,
        "wait_time": 0,
        "Landing_success_rate": 0.9496
    },
    {
        "model": 0,
        "sequence": 13,
        "status": 1,
        "fuel": 5830,
        "fault": 0.0632,
        "weapon": 1,
        "pilot_injury": 0.1749,
        "pilot_skill": 0.5347,
        "mission_priority": 0.3481,
        "estimated_landing_time": 1228.0,
        "wait_time": 0,
        "Landing_success_rate": 0.8732
    },
    {
        "model": 1,
        "sequence": 18,
        "status": 1,
        "fuel": 7490,
        "fault": 0.6837,
        "weapon": 0,
        "pilot_injury": 0.6538,
        "pilot_skill": 0.3258,
        "mission_priority": 0.0982,
        "estimated_landing_time": 1698.0,
        "wait_time": 0,
        "Landing_success_rate": 0.8972
    }
]