[
    {
        "model": 1,
        "sequence": 8,
        "status": 1,
        "fuel": 6016,
        "fault": 0.4616,
        "weapon": 1,
        "pilot_injury": 0.7964,
        "pilot_skill": 0.023,
        "mission_priority": 0.2359,
        "estimated_landing_time": 758.0,
        "wait_time": 0,
        "Landing_success_rate": 0.8708
    },
    {
        "model": 2,
        "sequence": 14,
        "status": 1,
        "fuel": 5890,
        "fault": 0.1554,
        "weapon": 0,
        "pilot_injury": 0.4811,
        "pilot_skill": 0.2837,
        "mission_priority": 0.9933,
        "estimated_landing_time": 1322.0,
        "wait_time": 0,
        "Landing_success_rate": 0.8747
    },
    {
        "model": 1,
        "sequence": 15,
        "status": 1,
        "fuel": 6946,
        "fault": 0.7564,
        "weapon": 1,
        "pilot_injury": 0.2209,
        "pilot_skill": 0.4087,
        "mission_priority": 0.124,
        "estimated_landing_time": 1416.0,
        "wait_time": 0,
        "Landing_success_rate": 0.8764
    },
    {
        "model": 1,
        "sequence": 12,
        "status": 1,
        "fuel": 7032,
        "fault": 0.7706,
        "weapon": 0,
        "pilot_injury": 0.752,
        "pilot_skill": 0.3717,
        "mission_priority": 0.9888,
        "estimated_landing_time": 1134.0,
        "wait_time": 0,
        "Landing_success_rate": 0.8764
    },
    {
        "model": 1,
        "sequence": 3,
        "status": 1,
        "fuel": 5599,
        "fault": 0.3507,
        "weapon": 1,
        "pilot_injury": 0.5948,
        "pilot_skill": 0.953,
        "mission_priority": 0.6471,
        "estimated_landing_time": 288.0,
        "wait_time": 0,
        "Landing_success_rate": 0.8548
    },
    {
        "model": 0,
        "sequence": 4,
        "status": 1,
        "fuel": 6028,
        "fault": 0.4594,
        "weapon": 0,
        "pilot_injury": 0.9095,
        "pilot_skill": 0.0065,
        "mission_priority": 0.1669,
        "estimated_landing_time": 382.0,
        "wait_time": 0,
        "Landing_success_rate": 0.8714
    },
    {
        "model": 1,
        "sequence": 11,
        "status": 1,
        "fuel": 6316,
        "fault": 0.3762,
        "weapon": 1,
        "pilot_injury": 0.7072,
        "pilot_skill": 0.9916,
        "mission_priority": 0.0902,
        "estimated_landing_time": 1040.0,
        "wait_time": 0,
        "Landing_success_rate": 0.8882
    },
    {
        "model": 1,
        "sequence": 18,
        "status": 1,
        "fuel": 6738,
        "fault": 0.1785,
        "weapon": 1,
        "pilot_injury": 0.7026,
        "pilot_skill": 0.7935,
        "mission_priority": 0.9176,
        "estimated_landing_time": 1698.0,
        "wait_time": 0,
        "Landing_success_rate": 0.9263
    },
    {
        "model": 0,
        "sequence": 5,
        "status": 1,
        "fuel": 5663,
        "fault": 0.1814,
        "weapon": 0,
        "pilot_injury": 0.3624,
        "pilot_skill": 0.6716,
        "mission_priority": 0.2135,
        "estimated_landing_time": 476.0,
        "wait_time": 0,
        "Landing_success_rate": 0.86
    },
    {
        "model": 0,
        "sequence": 17,
        "status": 1,
        "fuel": 6325,
        "fault": 0.2997,
        "weapon": 0,
        "pilot_injury": 0.0101,
        "pilot_skill": 0.5081,
        "mission_priority": 0.7265,
        "estimated_landing_time": 1604.0,
        "wait_time": 0,
        "Landing_success_rate": 0.8933
    },
    {
        "model": 1,
        "sequence": 2,
        "status": 1,
        "fuel": 6313,
        "fault": 0.3899,
        "weapon": 1,
        "pilot_injury": 0.4384,
        "pilot_skill": 0.1717,
        "mission_priority": 0.0906,
        "estimated_landing_time": 194.0,
        "wait_time": 0,
        "Landing_success_rate": 0.8872
    },
    {
        "model": 0,
        "sequence": 10,
        "status": 1,
        "fuel": 6076,
        "fault": 0.8198,
        "weapon": 1,
        "pilot_injury": 0.9128,
        "pilot_skill": 0.5403,
        "mission_priority": 0.3484,
        "estimated_landing_time": 946.0,
        "wait_time": 0,
        "Landing_success_rate": 0.8578
    },
    {
        "model": 1,
        "sequence": 7,
        "status": 1,
        "fuel": 5539,
        "fault": 0.3132,
        "weapon": 1,
        "pilot_injury": 0.5938,
        "pilot_skill": 0.5822,
        "mission_priority": 0.8,
        "estimated_landing_time": 664.0,
        "wait_time": 0,
        "Landing_success_rate": 0.852
    },
    {
        "model": 2,
        "sequence": 13,
        "status": 1,
        "fuel": 6768,
        "fault": 0.1828,
        "weapon": 1,
        "pilot_injury": 0.0972,
        "pilot_skill": 0.2953,
        "mission_priority": 0.4281,
        "estimated_landing_time": 1228.0,
        "wait_time": 0,
        "Landing_success_rate": 0.9277
    },
    {
        "model": 0,
        "sequence": 16,
        "status": 1,
        "fuel": 5704,
        "fault": 0.3746,
        "weapon": 0,
        "pilot_injury": 0.7829,
        "pilot_skill": 0.3255,
        "mission_priority": 0.1445,
        "estimated_landing_time": 1510.0,
        "wait_time": 0,
        "Landing_success_rate": 0.8596
    },
    {
        "model": 2,
        "sequence": 1,
        "status": 1,
        "fuel": 7008,
        "fault": 0.3359,
        "weapon": 1,
        "pilot_injury": 0.5831,
        "pilot_skill": 0.3415,
        "mission_priority": 0.8574,
        "estimated_landing_time": 100.0,
        "wait_time": 0,
        "Landing_success_rate": 0.9251
    },
    {
        "model": 1,
        "sequence": 6,
        "status": 1,
        "fuel": 5748,
        "fault": 0.3988,
        "weapon": 0,
        "pilot_injury": 0.7051,
        "pilot_skill": 0.6575,
        "mission_priority": 0.1945,
        "estimated_landing_time": 570.0,
        "wait_time": 0,
        "Landing_success_rate": 0.8612
    },
    {
        "model": 0,
        "sequence": 9,
        "status": 1,
        "fuel": 6650,
        "fault": 0.8813,
        "weapon": 1,
        "pilot_injury": 0.737,
        "pilot_skill": 0.3476,
        "mission_priority": 0.3671,
        "estimated_landing_time": 852.0,
        "wait_time": 0,
        "Landing_success_rate": 0.8602
    }
]