[
    {
        "model": 2,
        "sequence": 13,
        "status": 1,
        "fuel": 5553,
        "fault": 0.9541,
        "weapon": 1,
        "pilot_injury": 0.6886,
        "pilot_skill": 0.6468,
        "mission_priority": 0.5476,
        "estimated_landing_time": 1228.0,
        "wait_time": 0,
        "Landing_success_rate": 0.8502
    },
    {
        "model": 2,
        "sequence": 11,
        "status": 1,
        "fuel": 6940,
        "fault": 0.1301,
        "weapon": 0,
        "pilot_injury": 0.3376,
        "pilot_skill": 0.0883,
        "mission_priority": 0.765,
        "estimated_landing_time": 1040.0,
        "wait_time": 0,
        "Landing_success_rate": 0.9439
    },
    {
        "model": 2,
        "sequence": 14,
        "status": 1,
        "fuel": 5971,
        "fault": 0.1887,
        "weapon": 0,
        "pilot_injury": 0.0958,
        "pilot_skill": 0.6193,
        "mission_priority": 0.944,
        "estimated_landing_time": 1322.0,
        "wait_time": 0,
        "Landing_success_rate": 0.8787
    },
    {
        "model": 0,
        "sequence": 9,
        "status": 1,
        "fuel": 6799,
        "fault": 0.541,
        "weapon": 0,
        "pilot_injury": 0.9711,
        "pilot_skill": 0.3071,
        "mission_priority": 0.4366,
        "estimated_landing_time": 852.0,
        "wait_time": 0,
        "Landing_success_rate": 0.8947
    },
    {
        "model": 2,
        "sequence": 6,
        "status": 1,
        "fuel": 5716,
        "fault": 0.7526,
        "weapon": 0,
        "pilot_injury": 0.0689,
        "pilot_skill": 0.6967,
        "mission_priority": 0.3619,
        "estimated_landing_time": 570.0,
        "wait_time": 0,
        "Landing_success_rate": 0.854
    },
    {
        "model": 0,
        "sequence": 15,
        "status": 1,
        "fuel": 5705,
        "fault": 0.3748,
        "weapon": 0,
        "pilot_injury": 0.5899,
        "pilot_skill": 0.7535,
        "mission_priority": 0.2404,
        "estimated_landing_time": 1416.0,
        "wait_time": 0,
        "Landing_success_rate": 0.8596
    },
    {
        "model": 1,
        "sequence": 16,
        "status": 1,
        "fuel": 5650,
        "fault": 0.4143,
        "weapon": 1,
        "pilot_injury": 0.4308,
        "pilot_skill": 0.572,
        "mission_priority": 0.9719,
        "estimated_landing_time": 1510.0,
        "wait_time": 0,
        "Landing_success_rate": 0.8566
    },
    {
        "model": 0,
        "sequence": 5,
        "status": 1,
        "fuel": 7062,
        "fault": 0.7403,
        "weapon": 0,
        "pilot_injury": 0.6646,
        "pilot_skill": 0.7842,
        "mission_priority": 0.0243,
        "estimated_landing_time": 476.0,
        "wait_time": 0,
        "Landing_success_rate": 0.8804
    },
    {
        "model": 0,
        "sequence": 2,
        "status": 1,
        "fuel": 7346,
        "fault": 0.9573,
        "weapon": 1,
        "pilot_injury": 0.9472,
        "pilot_skill": 0.8324,
        "mission_priority": 0.1062,
        "estimated_landing_time": 194.0,
        "wait_time": 0,
        "Landing_success_rate": 0.8559
    },
    {
        "model": 2,
        "sequence": 12,
        "status": 1,
        "fuel": 5552,
        "fault": 0.2945,
        "weapon": 0,
        "pilot_injury": 0.2229,
        "pilot_skill": 0.6743,
        "mission_priority": 0.8565,
        "estimated_landing_time": 1134.0,
        "wait_time": 0,
        "Landing_success_rate": 0.8528
    },
    {
        "model": 2,
        "sequence": 10,
        "status": 1,
        "fuel": 6275,
        "fault": 0.8523,
        "weapon": 1,
        "pilot_injury": 0.9202,
        "pilot_skill": 0.0135,
        "mission_priority": 0.9003,
        "estimated_landing_time": 946.0,
        "wait_time": 0,
        "Landing_success_rate": 0.8586
    },
    {
        "model": 2,
        "sequence": 17,
        "status": 1,
        "fuel": 5689,
        "fault": 0.8159,
        "weapon": 1,
        "pilot_injury": 0.2942,
        "pilot_skill": 0.3731,
        "mission_priority": 0.3489,
        "estimated_landing_time": 1604.0,
        "wait_time": 0,
        "Landing_success_rate": 0.8526
    },
    {
        "model": 1,
        "sequence": 4,
        "status": 1,
        "fuel": 5822,
        "fault": 0.051,
        "weapon": 1,
        "pilot_injury": 0.9566,
        "pilot_skill": 0.995,
        "mission_priority": 0.3168,
        "estimated_landing_time": 382.0,
        "wait_time": 0,
        "Landing_success_rate": 0.8729
    },
    {
        "model": 0,
        "sequence": 3,
        "status": 1,
        "fuel": 6572,
        "fault": 0.1001,
        "weapon": 1,
        "pilot_injury": 0.5794,
        "pilot_skill": 0.3742,
        "mission_priority": 0.166,
        "estimated_landing_time": 288.0,
        "wait_time": 0,
        "Landing_success_rate": 0.9224
    },
    {
        "model": 1,
        "sequence": 8,
        "status": 1,
        "fuel": 7020,
        "fault": 0.9496,
        "weapon": 0,
        "pilot_injury": 0.9013,
        "pilot_skill": 0.2804,
        "mission_priority": 0.0768,
        "estimated_landing_time": 758.0,
        "wait_time": 0,
        "Landing_success_rate": 0.8557
    },
    {
        "model": 0,
        "sequence": 18,
        "status": 1,
        "fuel": 6631,
        "fault": 0.6134,
        "weapon": 0,
        "pilot_injury": 0.0701,
        "pilot_skill": 0.6216,
        "mission_priority": 0.5914,
        "estimated_landing_time": 1698.0,
        "wait_time": 0,
        "Landing_success_rate": 0.8828
    },
    {
        "model": 0,
        "sequence": 7,
        "status": 1,
        "fuel": 5865,
        "fault": 0.218,
        "weapon": 1,
        "pilot_injury": 0.4358,
        "pilot_skill": 0.5467,
        "mission_priority": 0.7378,
        "estimated_landing_time": 664.0,
        "wait_time": 0,
        "Landing_success_rate": 0.8714
    },
    {
        "model": 1,
        "sequence": 1,
        "status": 1,
        "fuel": 6889,
        "fault": 0.8621,
        "weapon": 1,
        "pilot_injury": 0.7927,
        "pilot_skill": 0.9226,
        "mission_priority": 0.8913,
        "estimated_landing_time": 100.0,
        "wait_time": 0,
        "Landing_success_rate": 0.8644
    }
]