[
    {
        "model": 1,
        "sequence": 2,
        "status": 1,
        "fuel": 5667,
        "fault": 0.3553,
        "weapon": 0,
        "pilot_injury": 0.7299,
        "pilot_skill": 0.888,
        "mission_priority": 0.3934,
        "estimated_landing_time": 194.0,
        "wait_time": 0,
        "Landing_success_rate": 0.8581
    },
    {
        "model": 1,
        "sequence": 9,
        "status": 1,
        "fuel": 6000,
        "fault": 0.5905,
        "weapon": 1,
        "pilot_injury": 0.2099,
        "pilot_skill": 0.0642,
        "mission_priority": 0.8862,
        "estimated_landing_time": 852.0,
        "wait_time": 0,
        "Landing_success_rate": 0.8654
    },
    {
        "model": 1,
        "sequence": 6,
        "status": 1,
        "fuel": 6571,
        "fault": 0.5581,
        "weapon": 1,
        "pilot_injury": 0.474,
        "pilot_skill": 0.294,
        "mission_priority": 0.7698,
        "estimated_landing_time": 570.0,
        "wait_time": 0,
        "Landing_success_rate": 0.8855
    },
    {
        "model": 2,
        "sequence": 12,
        "status": 1,
        "fuel": 6115,
        "fault": 0.6998,
        "weapon": 0,
        "pilot_injury": 0.2557,
        "pilot_skill": 0.9516,
        "mission_priority": 0.7298,
        "estimated_landing_time": 1134.0,
        "wait_time": 0,
        "Landing_success_rate": 0.8638
    },
    {
        "model": 0,
        "sequence": 15,
        "status": 1,
        "fuel": 6128,
        "fault": 0.3058,
        "weapon": 1,
        "pilot_injury": 0.8428,
        "pilot_skill": 0.8023,
        "mission_priority": 0.671,
        "estimated_landing_time": 1416.0,
        "wait_time": 0,
        "Landing_success_rate": 0.8827
    },
    {
        "model": 2,
        "sequence": 13,
        "status": 1,
        "fuel": 7317,
        "fault": 0.024,
        "weapon": 1,
        "pilot_injury": 0.6027,
        "pilot_skill": 0.9321,
        "mission_priority": 0.1694,
        "estimated_landing_time": 1228.0,
        "wait_time": 0,
        "Landing_success_rate": 0.983
    },
    {
        "model": 0,
        "sequence": 8,
        "status": 1,
        "fuel": 6122,
        "fault": 0.36,
        "weapon": 0,
        "pilot_injury": 0.4438,
        "pilot_skill": 0.2001,
        "mission_priority": 0.8362,
        "estimated_landing_time": 758.0,
        "wait_time": 0,
        "Landing_success_rate": 0.8799
    },
    {
        "model": 1,
        "sequence": 14,
        "status": 1,
        "fuel": 6936,
        "fault": 0.4237,
        "weapon": 1,
        "pilot_injury": 0.4078,
        "pilot_skill": 0.8663,
        "mission_priority": 0.7578,
        "estimated_landing_time": 1322.0,
        "wait_time": 0,
        "Landing_success_rate": 0.9121
    },
    {
        "model": 0,
        "sequence": 3,
        "status": 1,
        "fuel": 6638,
        "fault": 0.3241,
        "weapon": 0,
        "pilot_injury": 0.5512,
        "pilot_skill": 0.4277,
        "mission_priority": 0.2756,
        "estimated_landing_time": 288.0,
        "wait_time": 0,
        "Landing_success_rate": 0.9077
    },
    {
        "model": 0,
        "sequence": 11,
        "status": 1,
        "fuel": 6704,
        "fault": 0.4914,
        "weapon": 0,
        "pilot_injury": 0.9741,
        "pilot_skill": 0.0241,
        "mission_priority": 0.1182,
        "estimated_landing_time": 1040.0,
        "wait_time": 0,
        "Landing_success_rate": 0.8959
    },
    {
        "model": 1,
        "sequence": 16,
        "status": 1,
        "fuel": 6205,
        "fault": 0.0255,
        "weapon": 1,
        "pilot_injury": 0.2161,
        "pilot_skill": 0.7362,
        "mission_priority": 0.3575,
        "estimated_landing_time": 1510.0,
        "wait_time": 0,
        "Landing_success_rate": 0.9015
    },
    {
        "model": 1,
        "sequence": 4,
        "status": 1,
        "fuel": 7009,
        "fault": 0.5494,
        "weapon": 1,
        "pilot_injury": 0.9439,
        "pilot_skill": 0.6186,
        "mission_priority": 0.8065,
        "estimated_landing_time": 382.0,
        "wait_time": 0,
        "Landing_success_rate": 0.901
    },
    {
        "model": 1,
        "sequence": 7,
        "status": 1,
        "fuel": 6132,
        "fault": 0.558,
        "weapon": 0,
        "pilot_injury": 0.3252,
        "pilot_skill": 0.9608,
        "mission_priority": 0.5122,
        "estimated_landing_time": 664.0,
        "wait_time": 0,
        "Landing_success_rate": 0.871
    },
    {
        "model": 0,
        "sequence": 5,
        "status": 1,
        "fuel": 6258,
        "fault": 0.0204,
        "weapon": 0,
        "pilot_injury": 0.0078,
        "pilot_skill": 0.2378,
        "mission_priority": 0.4547,
        "estimated_landing_time": 476.0,
        "wait_time": 0,
        "Landing_success_rate": 0.9057
    },
    {
        "model": 1,
        "sequence": 10,
        "status": 1,
        "fuel": 6314,
        "fault": 0.1496,
        "weapon": 1,
        "pilot_injury": 0.1163,
        "pilot_skill": 0.5509,
        "mission_priority": 0.6956,
        "estimated_landing_time": 946.0,
        "wait_time": 0,
        "Landing_success_rate": 0.9019
    },
    {
        "model": 1,
        "sequence": 18,
        "status": 1,
        "fuel": 7075,
        "fault": 0.2865,
        "weapon": 1,
        "pilot_injury": 0.1633,
        "pilot_skill": 0.1221,
        "mission_priority": 0.8395,
        "estimated_landing_time": 1698.0,
        "wait_time": 0,
        "Landing_success_rate": 0.9343
    },
    {
        "model": 0,
        "sequence": 17,
        "status": 1,
        "fuel": 7448,
        "fault": 0.9419,
        "weapon": 0,
        "pilot_injury": 0.9476,
        "pilot_skill": 0.4241,
        "mission_priority": 0.0035,
        "estimated_landing_time": 1604.0,
        "wait_time": 0,
        "Landing_success_rate": 0.8585
    },
    {
        "model": 2,
        "sequence": 1,
        "status": 1,
        "fuel": 6981,
        "fault": 0.6541,
        "weapon": 1,
        "pilot_injury": 0.6623,
        "pilot_skill": 0.3229,
        "mission_priority": 0.4704,
        "estimated_landing_time": 100.0,
        "wait_time": 0,
        "Landing_success_rate": 0.8884
    }
]