[
    {
        "model": 1,
        "sequence": 15,
        "status": 1,
        "fuel": 6874,
        "fault": 0.9559,
        "weapon": 0,
        "pilot_injury": 0.698,
        "pilot_skill": 0.0716,
        "mission_priority": 0.8326,
        "estimated_landing_time": 1416.0,
        "wait_time": 0,
        "Landing_success_rate": 0.8545
    },
    {
        "model": 0,
        "sequence": 3,
        "status": 1,
        "fuel": 5624,
        "fault": 0.4832,
        "weapon": 1,
        "pilot_injury": 0.7631,
        "pilot_skill": 0.9119,
        "mission_priority": 0.7603,
        "estimated_landing_time": 288.0,
        "wait_time": 0,
        "Landing_success_rate": 0.8548
    },
    {
        "model": 1,
        "sequence": 11,
        "status": 1,
        "fuel": 5847,
        "fault": 0.1954,
        "weapon": 0,
        "pilot_injury": 0.4133,
        "pilot_skill": 0.3765,
        "mission_priority": 0.8652,
        "estimated_landing_time": 1040.0,
        "wait_time": 0,
        "Landing_success_rate": 0.8709
    },
    {
        "model": 0,
        "sequence": 5,
        "status": 1,
        "fuel": 6107,
        "fault": 0.3887,
        "weapon": 1,
        "pilot_injury": 0.9656,
        "pilot_skill": 0.1001,
        "mission_priority": 0.5408,
        "estimated_landing_time": 476.0,
        "wait_time": 0,
        "Landing_success_rate": 0.8778
    },
    {
        "model": 2,
        "sequence": 2,
        "status": 1,
        "fuel": 6854,
        "fault": 0.1934,
        "weapon": 1,
        "pilot_injury": 0.5877,
        "pilot_skill": 0.2346,
        "mission_priority": 0.307,
        "estimated_landing_time": 194.0,
        "wait_time": 0,
        "Landing_success_rate": 0.9319
    },
    {
        "model": 1,
        "sequence": 18,
        "status": 1,
        "fuel": 6880,
        "fault": 0.4493,
        "weapon": 0,
        "pilot_injury": 0.4875,
        "pilot_skill": 0.1893,
        "mission_priority": 0.7081,
        "estimated_landing_time": 1698.0,
        "wait_time": 0,
        "Landing_success_rate": 0.907
    },
    {
        "model": 2,
        "sequence": 17,
        "status": 1,
        "fuel": 7018,
        "fault": 0.0629,
        "weapon": 0,
        "pilot_injury": 0.3956,
        "pilot_skill": 0.6527,
        "mission_priority": 0.3447,
        "estimated_landing_time": 1604.0,
        "wait_time": 0,
        "Landing_success_rate": 0.9567
    },
    {
        "model": 0,
        "sequence": 6,
        "status": 1,
        "fuel": 7342,
        "fault": 0.2696,
        "weapon": 0,
        "pilot_injury": 0.7014,
        "pilot_skill": 0.6714,
        "mission_priority": 0.7574,
        "estimated_landing_time": 570.0,
        "wait_time": 0,
        "Landing_success_rate": 0.9509
    },
    {
        "model": 0,
        "sequence": 4,
        "status": 1,
        "fuel": 6759,
        "fault": 0.5781,
        "weapon": 0,
        "pilot_injury": 0.8155,
        "pilot_skill": 0.6485,
        "mission_priority": 0.3138,
        "estimated_landing_time": 382.0,
        "wait_time": 0,
        "Landing_success_rate": 0.8898
    },
    {
        "model": 1,
        "sequence": 10,
        "status": 1,
        "fuel": 6891,
        "fault": 0.1488,
        "weapon": 1,
        "pilot_injury": 0.2073,
        "pilot_skill": 0.8782,
        "mission_priority": 0.7886,
        "estimated_landing_time": 946.0,
        "wait_time": 0,
        "Landing_success_rate": 0.9388
    },
    {
        "model": 0,
        "sequence": 7,
        "status": 1,
        "fuel": 6213,
        "fault": 0.1525,
        "weapon": 0,
        "pilot_injury": 0.0519,
        "pilot_skill": 0.2971,
        "mission_priority": 0.1475,
        "estimated_landing_time": 664.0,
        "wait_time": 0,
        "Landing_success_rate": 0.8953
    },
    {
        "model": 0,
        "sequence": 13,
        "status": 1,
        "fuel": 6490,
        "fault": 0.1054,
        "weapon": 0,
        "pilot_injury": 0.348,
        "pilot_skill": 0.2179,
        "mission_priority": 0.8412,
        "estimated_landing_time": 1228.0,
        "wait_time": 0,
        "Landing_success_rate": 0.9164
    },
    {
        "model": 1,
        "sequence": 8,
        "status": 1,
        "fuel": 7056,
        "fault": 0.3279,
        "weapon": 0,
        "pilot_injury": 0.1694,
        "pilot_skill": 0.952,
        "mission_priority": 0.3159,
        "estimated_landing_time": 758.0,
        "wait_time": 0,
        "Landing_success_rate": 0.9284
    },
    {
        "model": 2,
        "sequence": 12,
        "status": 1,
        "fuel": 6591,
        "fault": 0.9908,
        "weapon": 1,
        "pilot_injury": 0.7816,
        "pilot_skill": 0.4816,
        "mission_priority": 0.9256,
        "estimated_landing_time": 1134.0,
        "wait_time": 0,
        "Landing_success_rate": 0.8508
    },
    {
        "model": 1,
        "sequence": 1,
        "status": 1,
        "fuel": 6467,
        "fault": 0.702,
        "weapon": 1,
        "pilot_injury": 0.4304,
        "pilot_skill": 0.1006,
        "mission_priority": 0.9035,
        "estimated_landing_time": 100.0,
        "wait_time": 0,
        "Landing_success_rate": 0.8716
    },
    {
        "model": 0,
        "sequence": 16,
        "status": 1,
        "fuel": 7378,
        "fault": 0.8919,
        "weapon": 0,
        "pilot_injury": 0.4964,
        "pilot_skill": 0.6031,
        "mission_priority": 0.2232,
        "estimated_landing_time": 1510.0,
        "wait_time": 0,
        "Landing_success_rate": 0.8652
    },
    {
        "model": 0,
        "sequence": 9,
        "status": 1,
        "fuel": 5800,
        "fault": 0.8671,
        "weapon": 0,
        "pilot_injury": 0.6261,
        "pilot_skill": 0.4557,
        "mission_priority": 0.1444,
        "estimated_landing_time": 852.0,
        "wait_time": 0,
        "Landing_success_rate": 0.853
    },
    {
        "model": 1,
        "sequence": 14,
        "status": 1,
        "fuel": 6520,
        "fault": 0.074,
        "weapon": 0,
        "pilot_injury": 0.4631,
        "pilot_skill": 0.5224,
        "mission_priority": 0.5079,
        "estimated_landing_time": 1322.0,
        "wait_time": 0,
        "Landing_success_rate": 0.9208
    }
]