[
    {
        "model": 2,
        "sequence": 2,
        "status": 1,
        "fuel": 5777,
        "fault": 0.4036,
        "weapon": 0,
        "pilot_injury": 0.8475,
        "pilot_skill": 0.3666,
        "mission_priority": 0.5816,
        "estimated_landing_time": 194.0,
        "wait_time": 0,
        "Landing_success_rate": 0.8624
    },
    {
        "model": 0,
        "sequence": 18,
        "status": 1,
        "fuel": 6333,
        "fault": 0.6835,
        "weapon": 1,
        "pilot_injury": 0.1737,
        "pilot_skill": 0.0462,
        "mission_priority": 0.4686,
        "estimated_landing_time": 1698.0,
        "wait_time": 0,
        "Landing_success_rate": 0.8698
    },
    {
        "model": 2,
        "sequence": 5,
        "status": 1,
        "fuel": 7072,
        "fault": 0.7689,
        "weapon": 1,
        "pilot_injury": 0.0905,
        "pilot_skill": 0.4855,
        "mission_priority": 0.7992,
        "estimated_landing_time": 476.0,
        "wait_time": 0,
        "Landing_success_rate": 0.8772
    },
    {
        "model": 1,
        "sequence": 10,
        "status": 1,
        "fuel": 6954,
        "fault": 0.1572,
        "weapon": 1,
        "pilot_injury": 0.8875,
        "pilot_skill": 0.9175,
        "mission_priority": 0.325,
        "estimated_landing_time": 946.0,
        "wait_time": 0,
        "Landing_success_rate": 0.9419
    },
    {
        "model": 2,
        "sequence": 6,
        "status": 1,
        "fuel": 7428,
        "fault": 0.4339,
        "weapon": 1,
        "pilot_injury": 0.942,
        "pilot_skill": 0.5087,
        "mission_priority": 0.96,
        "estimated_landing_time": 570.0,
        "wait_time": 0,
        "Landing_success_rate": 0.9319
    },
    {
        "model": 1,
        "sequence": 3,
        "status": 1,
        "fuel": 6780,
        "fault": 0.2259,
        "weapon": 0,
        "pilot_injury": 0.7813,
        "pilot_skill": 0.7836,
        "mission_priority": 0.7322,
        "estimated_landing_time": 288.0,
        "wait_time": 0,
        "Landing_success_rate": 0.9243
    },
    {
        "model": 0,
        "sequence": 13,
        "status": 1,
        "fuel": 7337,
        "fault": 0.7501,
        "weapon": 1,
        "pilot_injury": 0.6361,
        "pilot_skill": 0.4589,
        "mission_priority": 0.4671,
        "estimated_landing_time": 1228.0,
        "wait_time": 0,
        "Landing_success_rate": 0.8844
    },
    {
        "model": 2,
        "sequence": 17,
        "status": 1,
        "fuel": 6280,
        "fault": 0.819,
        "weapon": 0,
        "pilot_injury": 0.4067,
        "pilot_skill": 0.1475,
        "mission_priority": 0.1065,
        "estimated_landing_time": 1604.0,
        "wait_time": 0,
        "Landing_success_rate": 0.8606
    },
    {
        "model": 1,
        "sequence": 7,
        "status": 1,
        "fuel": 7323,
        "fault": 0.3822,
        "weapon": 1,
        "pilot_injury": 0.1055,
        "pilot_skill": 0.4453,
        "mission_priority": 0.2629,
        "estimated_landing_time": 664.0,
        "wait_time": 0,
        "Landing_success_rate": 0.9345
    },
    {
        "model": 2,
        "sequence": 16,
        "status": 1,
        "fuel": 7201,
        "fault": 0.3233,
        "weapon": 1,
        "pilot_injury": 0.1309,
        "pilot_skill": 0.8007,
        "mission_priority": 0.7591,
        "estimated_landing_time": 1510.0,
        "wait_time": 0,
        "Landing_success_rate": 0.9363
    },
    {
        "model": 2,
        "sequence": 8,
        "status": 1,
        "fuel": 5699,
        "fault": 0.775,
        "weapon": 1,
        "pilot_injury": 0.6093,
        "pilot_skill": 0.7134,
        "mission_priority": 0.4744,
        "estimated_landing_time": 758.0,
        "wait_time": 0,
        "Landing_success_rate": 0.8534
    },
    {
        "model": 1,
        "sequence": 9,
        "status": 1,
        "fuel": 6356,
        "fault": 0.5815,
        "weapon": 1,
        "pilot_injury": 0.3714,
        "pilot_skill": 0.219,
        "mission_priority": 0.4086,
        "estimated_landing_time": 852.0,
        "wait_time": 0,
        "Landing_success_rate": 0.8769
    },
    {
        "model": 0,
        "sequence": 12,
        "status": 1,
        "fuel": 7291,
        "fault": 0.1853,
        "weapon": 0,
        "pilot_injury": 0.2999,
        "pilot_skill": 0.8319,
        "mission_priority": 0.8816,
        "estimated_landing_time": 1134.0,
        "wait_time": 0,
        "Landing_success_rate": 0.9594
    },
    {
        "model": 0,
        "sequence": 1,
        "status": 1,
        "fuel": 6463,
        "fault": 0.3747,
        "weapon": 1,
        "pilot_injury": 0.6169,
        "pilot_skill": 0.432,
        "mission_priority": 0.9252,
        "estimated_landing_time": 100.0,
        "wait_time": 0,
        "Landing_success_rate": 0.8952
    },
    {
        "model": 0,
        "sequence": 14,
        "status": 1,
        "fuel": 6337,
        "fault": 0.3974,
        "weapon": 1,
        "pilot_injury": 0.6608,
        "pilot_skill": 0.8361,
        "mission_priority": 0.5412,
        "estimated_landing_time": 1322.0,
        "wait_time": 0,
        "Landing_success_rate": 0.8878
    },
    {
        "model": 0,
        "sequence": 11,
        "status": 1,
        "fuel": 6030,
        "fault": 0.4639,
        "weapon": 0,
        "pilot_injury": 0.3171,
        "pilot_skill": 0.9738,
        "mission_priority": 0.6672,
        "estimated_landing_time": 1040.0,
        "wait_time": 0,
        "Landing_success_rate": 0.8713
    },
    {
        "model": 0,
        "sequence": 15,
        "status": 1,
        "fuel": 6663,
        "fault": 0.6241,
        "weapon": 1,
        "pilot_injury": 0.6831,
        "pilot_skill": 0.6379,
        "mission_priority": 0.7285,
        "estimated_landing_time": 1416.0,
        "wait_time": 0,
        "Landing_success_rate": 0.8828
    },
    {
        "model": 0,
        "sequence": 4,
        "status": 1,
        "fuel": 7287,
        "fault": 0.7722,
        "weapon": 1,
        "pilot_injury": 0.4193,
        "pilot_skill": 0.9093,
        "mission_priority": 0.4972,
        "estimated_landing_time": 382.0,
        "wait_time": 0,
        "Landing_success_rate": 0.8805
    }
]