[
    {
        "model": 0,
        "sequence": 14,
        "status": 1,
        "fuel": 6739,
        "fault": 0.9179,
        "weapon": 0,
        "pilot_injury": 0.082,
        "pilot_skill": 0.5749,
        "mission_priority": 0.3937,
        "estimated_landing_time": 1322.0,
        "wait_time": 0,
        "Landing_success_rate": 0.8576
    },
    {
        "model": 2,
        "sequence": 7,
        "status": 1,
        "fuel": 6845,
        "fault": 0.3724,
        "weapon": 0,
        "pilot_injury": 0.6399,
        "pilot_skill": 0.9606,
        "mission_priority": 0.6551,
        "estimated_landing_time": 664.0,
        "wait_time": 0,
        "Landing_success_rate": 0.9133
    },
    {
        "model": 2,
        "sequence": 6,
        "status": 1,
        "fuel": 5637,
        "fault": 0.5691,
        "weapon": 1,
        "pilot_injury": 0.4772,
        "pilot_skill": 0.2593,
        "mission_priority": 0.3764,
        "estimated_landing_time": 570.0,
        "wait_time": 0,
        "Landing_success_rate": 0.8544
    },
    {
        "model": 0,
        "sequence": 10,
        "status": 1,
        "fuel": 6460,
        "fault": 0.9682,
        "weapon": 1,
        "pilot_injury": 0.6278,
        "pilot_skill": 0.5828,
        "mission_priority": 0.4271,
        "estimated_landing_time": 946.0,
        "wait_time": 0,
        "Landing_success_rate": 0.8523
    },
    {
        "model": 2,
        "sequence": 12,
        "status": 1,
        "fuel": 6886,
        "fault": 0.6853,
        "weapon": 1,
        "pilot_injury": 0.7378,
        "pilot_skill": 0.0355,
        "mission_priority": 0.7311,
        "estimated_landing_time": 1134.0,
        "wait_time": 0,
        "Landing_success_rate": 0.8827
    },
    {
        "model": 0,
        "sequence": 11,
        "status": 1,
        "fuel": 6935,
        "fault": 0.1671,
        "weapon": 1,
        "pilot_injury": 0.1502,
        "pilot_skill": 0.7879,
        "mission_priority": 0.559,
        "estimated_landing_time": 1040.0,
        "wait_time": 0,
        "Landing_success_rate": 0.9396
    },
    {
        "model": 0,
        "sequence": 4,
        "status": 1,
        "fuel": 7304,
        "fault": 0.3753,
        "weapon": 1,
        "pilot_injury": 0.0306,
        "pilot_skill": 0.1619,
        "mission_priority": 0.4526,
        "estimated_landing_time": 382.0,
        "wait_time": 0,
        "Landing_success_rate": 0.9345
    },
    {
        "model": 1,
        "sequence": 17,
        "status": 1,
        "fuel": 6418,
        "fault": 0.7368,
        "weapon": 1,
        "pilot_injury": 0.7162,
        "pilot_skill": 0.9904,
        "mission_priority": 0.0787,
        "estimated_landing_time": 1604.0,
        "wait_time": 0,
        "Landing_success_rate": 0.8681
    },
    {
        "model": 0,
        "sequence": 5,
        "status": 1,
        "fuel": 6291,
        "fault": 0.494,
        "weapon": 0,
        "pilot_injury": 0.5385,
        "pilot_skill": 0.2669,
        "mission_priority": 0.6836,
        "estimated_landing_time": 476.0,
        "wait_time": 0,
        "Landing_success_rate": 0.88
    },
    {
        "model": 1,
        "sequence": 1,
        "status": 1,
        "fuel": 7473,
        "fault": 0.575,
        "weapon": 0,
        "pilot_injury": 0.4602,
        "pilot_skill": 0.3759,
        "mission_priority": 0.8292,
        "estimated_landing_time": 100.0,
        "wait_time": 0,
        "Landing_success_rate": 0.9129
    },
    {
        "model": 2,
        "sequence": 8,
        "status": 1,
        "fuel": 5942,
        "fault": 0.0294,
        "weapon": 1,
        "pilot_injury": 0.8123,
        "pilot_skill": 0.5642,
        "mission_priority": 0.5036,
        "estimated_landing_time": 758.0,
        "wait_time": 0,
        "Landing_success_rate": 0.8822
    },
    {
        "model": 0,
        "sequence": 16,
        "status": 1,
        "fuel": 5921,
        "fault": 0.0572,
        "weapon": 0,
        "pilot_injury": 0.0596,
        "pilot_skill": 0.2777,
        "mission_priority": 0.0954,
        "estimated_landing_time": 1510.0,
        "wait_time": 0,
        "Landing_success_rate": 0.8798
    },
    {
        "model": 1,
        "sequence": 13,
        "status": 1,
        "fuel": 6234,
        "fault": 0.6888,
        "weapon": 1,
        "pilot_injury": 0.8909,
        "pilot_skill": 0.7339,
        "mission_priority": 0.9611,
        "estimated_landing_time": 1228.0,
        "wait_time": 0,
        "Landing_success_rate": 0.8671
    },
    {
        "model": 1,
        "sequence": 9,
        "status": 1,
        "fuel": 6447,
        "fault": 0.6917,
        "weapon": 0,
        "pilot_injury": 0.5476,
        "pilot_skill": 0.4579,
        "mission_priority": 0.566,
        "estimated_landing_time": 852.0,
        "wait_time": 0,
        "Landing_success_rate": 0.8719
    },
    {
        "model": 2,
        "sequence": 15,
        "status": 1,
        "fuel": 6131,
        "fault": 0.349,
        "weapon": 1,
        "pilot_injury": 0.083,
        "pilot_skill": 0.7467,
        "mission_priority": 0.1437,
        "estimated_landing_time": 1416.0,
        "wait_time": 0,
        "Landing_success_rate": 0.8808
    },
    {
        "model": 1,
        "sequence": 3,
        "status": 1,
        "fuel": 6916,
        "fault": 0.9234,
        "weapon": 1,
        "pilot_injury": 0.5815,
        "pilot_skill": 0.0349,
        "mission_priority": 0.5154,
        "estimated_landing_time": 288.0,
        "wait_time": 0,
        "Landing_success_rate": 0.8581
    },
    {
        "model": 0,
        "sequence": 2,
        "status": 1,
        "fuel": 6849,
        "fault": 0.0525,
        "weapon": 0,
        "pilot_injury": 0.2463,
        "pilot_skill": 0.9953,
        "mission_priority": 0.6683,
        "estimated_landing_time": 194.0,
        "wait_time": 0,
        "Landing_success_rate": 0.9459
    },
    {
        "model": 0,
        "sequence": 18,
        "status": 1,
        "fuel": 5724,
        "fault": 0.4779,
        "weapon": 1,
        "pilot_injury": 0.7504,
        "pilot_skill": 0.4012,
        "mission_priority": 0.1237,
        "estimated_landing_time": 1698.0,
        "wait_time": 0,
        "Landing_success_rate": 0.8588
    }
]