[
    {
        "model": 2,
        "sequence": 3,
        "status": 1,
        "fuel": 6490,
        "fault": 0.189,
        "weapon": 0,
        "pilot_injury": 0.658,
        "pilot_skill": 0.8028,
        "mission_priority": 0.9585,
        "estimated_landing_time": 288.0,
        "wait_time": 0,
        "Landing_success_rate": 0.9102
    },
    {
        "model": 2,
        "sequence": 9,
        "status": 1,
        "fuel": 7278,
        "fault": 0.7697,
        "weapon": 0,
        "pilot_injury": 0.928,
        "pilot_skill": 0.5646,
        "mission_priority": 0.6348,
        "estimated_landing_time": 852.0,
        "wait_time": 0,
        "Landing_success_rate": 0.8807
    },
    {
        "model": 0,
        "sequence": 10,
        "status": 1,
        "fuel": 5672,
        "fault": 0.7968,
        "weapon": 1,
        "pilot_injury": 0.5172,
        "pilot_skill": 0.8261,
        "mission_priority": 0.9922,
        "estimated_landing_time": 946.0,
        "wait_time": 0,
        "Landing_success_rate": 0.8526
    },
    {
        "model": 0,
        "sequence": 12,
        "status": 1,
        "fuel": 6238,
        "fault": 0.6214,
        "weapon": 1,
        "pilot_injury": 0.3652,
        "pilot_skill": 0.1947,
        "mission_priority": 0.6567,
        "estimated_landing_time": 1134.0,
        "wait_time": 0,
        "Landing_success_rate": 0.871
    },
    {
        "model": 2,
        "sequence": 4,
        "status": 1,
        "fuel": 6971,
        "fault": 0.5579,
        "weapon": 1,
        "pilot_injury": 0.6476,
        "pilot_skill": 0.9594,
        "mission_priority": 0.2723,
        "estimated_landing_time": 382.0,
        "wait_time": 0,
        "Landing_success_rate": 0.8988
    },
    {
        "model": 1,
        "sequence": 15,
        "status": 1,
        "fuel": 6608,
        "fault": 0.0646,
        "weapon": 0,
        "pilot_injury": 0.8103,
        "pilot_skill": 0.1789,
        "mission_priority": 0.5001,
        "estimated_landing_time": 1416.0,
        "wait_time": 0,
        "Landing_success_rate": 0.9277
    },
    {
        "model": 2,
        "sequence": 14,
        "status": 1,
        "fuel": 6244,
        "fault": 0.6581,
        "weapon": 0,
        "pilot_injury": 0.2532,
        "pilot_skill": 0.9048,
        "mission_priority": 0.0851,
        "estimated_landing_time": 1322.0,
        "wait_time": 0,
        "Landing_success_rate": 0.8691
    },
    {
        "model": 0,
        "sequence": 11,
        "status": 1,
        "fuel": 6180,
        "fault": 0.509,
        "weapon": 1,
        "pilot_injury": 0.9198,
        "pilot_skill": 0.5642,
        "mission_priority": 0.3732,
        "estimated_landing_time": 1040.0,
        "wait_time": 0,
        "Landing_success_rate": 0.875
    },
    {
        "model": 1,
        "sequence": 7,
        "status": 1,
        "fuel": 6384,
        "fault": 0.1616,
        "weapon": 0,
        "pilot_injury": 0.0268,
        "pilot_skill": 0.0113,
        "mission_priority": 0.0461,
        "estimated_landing_time": 664.0,
        "wait_time": 0,
        "Landing_success_rate": 0.9056
    },
    {
        "model": 2,
        "sequence": 2,
        "status": 1,
        "fuel": 5945,
        "fault": 0.1494,
        "weapon": 0,
        "pilot_injury": 0.6245,
        "pilot_skill": 0.7311,
        "mission_priority": 0.1897,
        "estimated_landing_time": 194.0,
        "wait_time": 0,
        "Landing_success_rate": 0.8784
    },
    {
        "model": 0,
        "sequence": 17,
        "status": 1,
        "fuel": 7198,
        "fault": 0.3225,
        "weapon": 0,
        "pilot_injury": 0.1492,
        "pilot_skill": 0.2444,
        "mission_priority": 0.6137,
        "estimated_landing_time": 1604.0,
        "wait_time": 0,
        "Landing_success_rate": 0.9363
    },
    {
        "model": 1,
        "sequence": 5,
        "status": 1,
        "fuel": 7137,
        "fault": 0.6215,
        "weapon": 0,
        "pilot_injury": 0.5364,
        "pilot_skill": 0.212,
        "mission_priority": 0.4674,
        "estimated_landing_time": 476.0,
        "wait_time": 0,
        "Landing_success_rate": 0.8965
    },
    {
        "model": 1,
        "sequence": 13,
        "status": 1,
        "fuel": 6683,
        "fault": 0.5495,
        "weapon": 0,
        "pilot_injury": 0.8337,
        "pilot_skill": 0.4265,
        "mission_priority": 0.6477,
        "estimated_landing_time": 1228.0,
        "wait_time": 0,
        "Landing_success_rate": 0.89
    },
    {
        "model": 1,
        "sequence": 16,
        "status": 1,
        "fuel": 7293,
        "fault": 0.9143,
        "weapon": 1,
        "pilot_injury": 0.9128,
        "pilot_skill": 0.6245,
        "mission_priority": 0.3038,
        "estimated_landing_time": 1510.0,
        "wait_time": 0,
        "Landing_success_rate": 0.8615
    },
    {
        "model": 0,
        "sequence": 1,
        "status": 1,
        "fuel": 5741,
        "fault": 0.9544,
        "weapon": 0,
        "pilot_injury": 0.137,
        "pilot_skill": 0.4824,
        "mission_priority": 0.3211,
        "estimated_landing_time": 100.0,
        "wait_time": 0,
        "Landing_success_rate": 0.8508
    },
    {
        "model": 2,
        "sequence": 18,
        "status": 1,
        "fuel": 7470,
        "fault": 0.0475,
        "weapon": 0,
        "pilot_injury": 0.394,
        "pilot_skill": 0.2104,
        "mission_priority": 0.4036,
        "estimated_landing_time": 1698.0,
        "wait_time": 0,
        "Landing_success_rate": 0.9907
    },
    {
        "model": 0,
        "sequence": 8,
        "status": 1,
        "fuel": 7479,
        "fault": 0.0796,
        "weapon": 1,
        "pilot_injury": 0.9892,
        "pilot_skill": 0.2959,
        "mission_priority": 0.6236,
        "estimated_landing_time": 758.0,
        "wait_time": 0,
        "Landing_success_rate": 0.9866
    },
    {
        "model": 0,
        "sequence": 6,
        "status": 1,
        "fuel": 5991,
        "fault": 0.197,
        "weapon": 1,
        "pilot_injury": 0.5492,
        "pilot_skill": 0.6119,
        "mission_priority": 0.7705,
        "estimated_landing_time": 570.0,
        "wait_time": 0,
        "Landing_success_rate": 0.8796
    }
]