[
    {
        "model": 2,
        "sequence": 10,
        "status": 1,
        "fuel": 5617,
        "fault": 0.3776,
        "weapon": 1,
        "pilot_injury": 0.6451,
        "pilot_skill": 0.5189,
        "mission_priority": 0.2429,
        "estimated_landing_time": 946.0,
        "wait_time": 0,
        "Landing_success_rate": 0.8555
    },
    {
        "model": 1,
        "sequence": 15,
        "status": 1,
        "fuel": 7233,
        "fault": 0.8331,
        "weapon": 0,
        "pilot_injury": 0.2282,
        "pilot_skill": 0.676,
        "mission_priority": 0.1972,
        "estimated_landing_time": 1416.0,
        "wait_time": 0,
        "Landing_success_rate": 0.8717
    },
    {
        "model": 0,
        "sequence": 17,
        "status": 1,
        "fuel": 6685,
        "fault": 0.5763,
        "weapon": 0,
        "pilot_injury": 0.8314,
        "pilot_skill": 0.16,
        "mission_priority": 0.5205,
        "estimated_landing_time": 1604.0,
        "wait_time": 0,
        "Landing_success_rate": 0.8877
    },
    {
        "model": 0,
        "sequence": 3,
        "status": 1,
        "fuel": 6526,
        "fault": 0.7293,
        "weapon": 1,
        "pilot_injury": 0.9644,
        "pilot_skill": 0.1271,
        "mission_priority": 0.9087,
        "estimated_landing_time": 288.0,
        "wait_time": 0,
        "Landing_success_rate": 0.8708
    },
    {
        "model": 0,
        "sequence": 14,
        "status": 1,
        "fuel": 6840,
        "fault": 0.8851,
        "weapon": 1,
        "pilot_injury": 0.3534,
        "pilot_skill": 0.2868,
        "mission_priority": 0.8532,
        "estimated_landing_time": 1322.0,
        "wait_time": 0,
        "Landing_success_rate": 0.8615
    },
    {
        "model": 2,
        "sequence": 6,
        "status": 1,
        "fuel": 6309,
        "fault": 0.9103,
        "weapon": 1,
        "pilot_injury": 0.9944,
        "pilot_skill": 0.8408,
        "mission_priority": 0.3461,
        "estimated_landing_time": 570.0,
        "wait_time": 0,
        "Landing_success_rate": 0.8554
    },
    {
        "model": 1,
        "sequence": 1,
        "status": 1,
        "fuel": 6291,
        "fault": 0.2784,
        "weapon": 0,
        "pilot_injury": 0.7865,
        "pilot_skill": 0.1531,
        "mission_priority": 0.6381,
        "estimated_landing_time": 100.0,
        "wait_time": 0,
        "Landing_success_rate": 0.8928
    },
    {
        "model": 0,
        "sequence": 7,
        "status": 1,
        "fuel": 7181,
        "fault": 0.547,
        "weapon": 0,
        "pilot_injury": 0.9636,
        "pilot_skill": 0.0584,
        "mission_priority": 0.3458,
        "estimated_landing_time": 664.0,
        "wait_time": 0,
        "Landing_success_rate": 0.9071
    },
    {
        "model": 2,
        "sequence": 12,
        "status": 1,
        "fuel": 6133,
        "fault": 0.0183,
        "weapon": 1,
        "pilot_injury": 0.3098,
        "pilot_skill": 0.1761,
        "mission_priority": 0.813,
        "estimated_landing_time": 1134.0,
        "wait_time": 0,
        "Landing_success_rate": 0.8966
    },
    {
        "model": 0,
        "sequence": 11,
        "status": 1,
        "fuel": 7183,
        "fault": 0.0044,
        "weapon": 0,
        "pilot_injury": 0.1549,
        "pilot_skill": 0.2285,
        "mission_priority": 0.509,
        "estimated_landing_time": 1040.0,
        "wait_time": 0,
        "Landing_success_rate": 0.9757
    },
    {
        "model": 0,
        "sequence": 4,
        "status": 1,
        "fuel": 5504,
        "fault": 0.7668,
        "weapon": 0,
        "pilot_injury": 0.6368,
        "pilot_skill": 0.1493,
        "mission_priority": 0.9715,
        "estimated_landing_time": 382.0,
        "wait_time": 0,
        "Landing_success_rate": 0.8501
    },
    {
        "model": 1,
        "sequence": 18,
        "status": 1,
        "fuel": 6504,
        "fault": 0.8757,
        "weapon": 0,
        "pilot_injury": 0.1062,
        "pilot_skill": 0.488,
        "mission_priority": 0.1652,
        "estimated_landing_time": 1698.0,
        "wait_time": 0,
        "Landing_success_rate": 0.8594
    },
    {
        "model": 2,
        "sequence": 13,
        "status": 1,
        "fuel": 7236,
        "fault": 0.0183,
        "weapon": 1,
        "pilot_injury": 0.7706,
        "pilot_skill": 0.644,
        "mission_priority": 0.5716,
        "estimated_landing_time": 1228.0,
        "wait_time": 0,
        "Landing_success_rate": 0.9778
    },
    {
        "model": 0,
        "sequence": 16,
        "status": 1,
        "fuel": 7106,
        "fault": 0.226,
        "weapon": 0,
        "pilot_injury": 0.2699,
        "pilot_skill": 0.6207,
        "mission_priority": 0.9571,
        "estimated_landing_time": 1510.0,
        "wait_time": 0,
        "Landing_success_rate": 0.9432
    },
    {
        "model": 0,
        "sequence": 5,
        "status": 1,
        "fuel": 6632,
        "fault": 0.914,
        "weapon": 0,
        "pilot_injury": 0.9348,
        "pilot_skill": 0.5153,
        "mission_priority": 0.9964,
        "estimated_landing_time": 476.0,
        "wait_time": 0,
        "Landing_success_rate": 0.8573
    },
    {
        "model": 2,
        "sequence": 2,
        "status": 1,
        "fuel": 6652,
        "fault": 0.7308,
        "weapon": 0,
        "pilot_injury": 0.2129,
        "pilot_skill": 0.4533,
        "mission_priority": 0.1706,
        "estimated_landing_time": 194.0,
        "wait_time": 0,
        "Landing_success_rate": 0.8733
    },
    {
        "model": 2,
        "sequence": 9,
        "status": 1,
        "fuel": 6858,
        "fault": 0.1288,
        "weapon": 0,
        "pilot_injury": 0.32,
        "pilot_skill": 0.1346,
        "mission_priority": 0.8093,
        "estimated_landing_time": 852.0,
        "wait_time": 0,
        "Landing_success_rate": 0.9387
    },
    {
        "model": 1,
        "sequence": 8,
        "status": 1,
        "fuel": 6064,
        "fault": 0.2936,
        "weapon": 1,
        "pilot_injury": 0.0161,
        "pilot_skill": 0.1049,
        "mission_priority": 0.8963,
        "estimated_landing_time": 758.0,
        "wait_time": 0,
        "Landing_success_rate": 0.8799
    }
]