[
    {
        "model": 2,
        "sequence": 18,
        "status": 1,
        "fuel": 6548,
        "fault": 0.4001,
        "weapon": 1,
        "pilot_injury": 0.5945,
        "pilot_skill": 0.1512,
        "mission_priority": 0.412,
        "estimated_landing_time": 1698.0,
        "wait_time": 0,
        "Landing_success_rate": 0.8972
    },
    {
        "model": 2,
        "sequence": 12,
        "status": 1,
        "fuel": 6918,
        "fault": 0.9459,
        "weapon": 0,
        "pilot_injury": 0.5123,
        "pilot_skill": 0.5736,
        "mission_priority": 0.1462,
        "estimated_landing_time": 1134.0,
        "wait_time": 0,
        "Landing_success_rate": 0.8558
    },
    {
        "model": 1,
        "sequence": 17,
        "status": 1,
        "fuel": 6444,
        "fault": 0.6809,
        "weapon": 0,
        "pilot_injury": 0.9206,
        "pilot_skill": 0.3877,
        "mission_priority": 0.1498,
        "estimated_landing_time": 1604.0,
        "wait_time": 0,
        "Landing_success_rate": 0.8726
    },
    {
        "model": 0,
        "sequence": 14,
        "status": 1,
        "fuel": 6027,
        "fault": 0.8552,
        "weapon": 0,
        "pilot_injury": 0.3867,
        "pilot_skill": 0.356,
        "mission_priority": 0.1508,
        "estimated_landing_time": 1322.0,
        "wait_time": 0,
        "Landing_success_rate": 0.8557
    },
    {
        "model": 0,
        "sequence": 13,
        "status": 1,
        "fuel": 5546,
        "fault": 0.3222,
        "weapon": 1,
        "pilot_injury": 0.5024,
        "pilot_skill": 0.8967,
        "mission_priority": 0.7953,
        "estimated_landing_time": 1228.0,
        "wait_time": 0,
        "Landing_success_rate": 0.8523
    },
    {
        "model": 2,
        "sequence": 8,
        "status": 1,
        "fuel": 6081,
        "fault": 0.2886,
        "weapon": 1,
        "pilot_injury": 0.4523,
        "pilot_skill": 0.1909,
        "mission_priority": 0.7524,
        "estimated_landing_time": 758.0,
        "wait_time": 0,
        "Landing_success_rate": 0.881
    },
    {
        "model": 1,
        "sequence": 7,
        "status": 1,
        "fuel": 7373,
        "fault": 0.3361,
        "weapon": 0,
        "pilot_injury": 0.1613,
        "pilot_skill": 0.4866,
        "mission_priority": 0.0934,
        "estimated_landing_time": 664.0,
        "wait_time": 0,
        "Landing_success_rate": 0.9433
    },
    {
        "model": 2,
        "sequence": 5,
        "status": 1,
        "fuel": 5797,
        "fault": 0.2766,
        "weapon": 0,
        "pilot_injury": 0.447,
        "pilot_skill": 0.0019,
        "mission_priority": 0.8179,
        "estimated_landing_time": 476.0,
        "wait_time": 0,
        "Landing_success_rate": 0.8661
    },
    {
        "model": 1,
        "sequence": 16,
        "status": 1,
        "fuel": 5970,
        "fault": 0.3383,
        "weapon": 1,
        "pilot_injury": 0.7614,
        "pilot_skill": 0.0629,
        "mission_priority": 0.3667,
        "estimated_landing_time": 1510.0,
        "wait_time": 0,
        "Landing_success_rate": 0.8733
    },
    {
        "model": 0,
        "sequence": 15,
        "status": 1,
        "fuel": 6774,
        "fault": 0.7153,
        "weapon": 1,
        "pilot_injury": 0.1816,
        "pilot_skill": 0.2993,
        "mission_priority": 0.3002,
        "estimated_landing_time": 1416.0,
        "wait_time": 0,
        "Landing_success_rate": 0.8772
    },
    {
        "model": 0,
        "sequence": 6,
        "status": 1,
        "fuel": 6641,
        "fault": 0.3895,
        "weapon": 0,
        "pilot_injury": 0.2052,
        "pilot_skill": 0.8226,
        "mission_priority": 0.4212,
        "estimated_landing_time": 570.0,
        "wait_time": 0,
        "Landing_success_rate": 0.9022
    },
    {
        "model": 2,
        "sequence": 4,
        "status": 1,
        "fuel": 6786,
        "fault": 0.6157,
        "weapon": 0,
        "pilot_injury": 0.5957,
        "pilot_skill": 0.5906,
        "mission_priority": 0.0345,
        "estimated_landing_time": 382.0,
        "wait_time": 0,
        "Landing_success_rate": 0.8871
    },
    {
        "model": 0,
        "sequence": 9,
        "status": 1,
        "fuel": 5588,
        "fault": 0.9336,
        "weapon": 0,
        "pilot_injury": 0.2923,
        "pilot_skill": 0.1734,
        "mission_priority": 0.7671,
        "estimated_landing_time": 852.0,
        "wait_time": 0,
        "Landing_success_rate": 0.8504
    },
    {
        "model": 1,
        "sequence": 3,
        "status": 1,
        "fuel": 6566,
        "fault": 0.6992,
        "weapon": 1,
        "pilot_injury": 0.6534,
        "pilot_skill": 0.1042,
        "mission_priority": 0.3015,
        "estimated_landing_time": 288.0,
        "wait_time": 0,
        "Landing_success_rate": 0.874
    },
    {
        "model": 0,
        "sequence": 2,
        "status": 1,
        "fuel": 5792,
        "fault": 0.2137,
        "weapon": 1,
        "pilot_injury": 0.2073,
        "pilot_skill": 0.8698,
        "mission_priority": 0.7478,
        "estimated_landing_time": 194.0,
        "wait_time": 0,
        "Landing_success_rate": 0.8672
    },
    {
        "model": 0,
        "sequence": 10,
        "status": 1,
        "fuel": 7426,
        "fault": 0.1876,
        "weapon": 1,
        "pilot_injury": 0.6275,
        "pilot_skill": 0.0038,
        "mission_priority": 0.3803,
        "estimated_landing_time": 946.0,
        "wait_time": 0,
        "Landing_success_rate": 0.9674
    },
    {
        "model": 2,
        "sequence": 1,
        "status": 1,
        "fuel": 6422,
        "fault": 0.1543,
        "weapon": 0,
        "pilot_injury": 0.2516,
        "pilot_skill": 0.9424,
        "mission_priority": 0.4863,
        "estimated_landing_time": 100.0,
        "wait_time": 0,
        "Landing_success_rate": 0.9085
    },
    {
        "model": 1,
        "sequence": 11,
        "status": 1,
        "fuel": 5585,
        "fault": 0.1658,
        "weapon": 0,
        "pilot_injury": 0.1744,
        "pilot_skill": 0.8888,
        "mission_priority": 0.4957,
        "estimated_landing_time": 1040.0,
        "wait_time": 0,
        "Landing_success_rate": 0.8553
    }
]