[
    {
        "model": 2,
        "sequence": 10,
        "status": 1,
        "fuel": 6243,
        "fault": 0.905,
        "weapon": 0,
        "pilot_injury": 0.7046,
        "pilot_skill": 0.1253,
        "mission_priority": 0.6446,
        "estimated_landing_time": 946.0,
        "wait_time": 0,
        "Landing_success_rate": 0.8553
    },
    {
        "model": 0,
        "sequence": 16,
        "status": 1,
        "fuel": 6763,
        "fault": 0.12,
        "weapon": 1,
        "pilot_injury": 0.1427,
        "pilot_skill": 0.3925,
        "mission_priority": 0.5666,
        "estimated_landing_time": 1510.0,
        "wait_time": 0,
        "Landing_success_rate": 0.9334
    },
    {
        "model": 0,
        "sequence": 9,
        "status": 1,
        "fuel": 6093,
        "fault": 0.8384,
        "weapon": 1,
        "pilot_injury": 0.3204,
        "pilot_skill": 0.4623,
        "mission_priority": 0.8585,
        "estimated_landing_time": 852.0,
        "wait_time": 0,
        "Landing_success_rate": 0.8572
    },
    {
        "model": 2,
        "sequence": 17,
        "status": 1,
        "fuel": 5782,
        "fault": 0.4344,
        "weapon": 1,
        "pilot_injury": 0.4758,
        "pilot_skill": 0.2958,
        "mission_priority": 0.6257,
        "estimated_landing_time": 1604.0,
        "wait_time": 0,
        "Landing_success_rate": 0.862
    },
    {
        "model": 0,
        "sequence": 12,
        "status": 1,
        "fuel": 6138,
        "fault": 0.7949,
        "weapon": 1,
        "pilot_injury": 0.5052,
        "pilot_skill": 0.0863,
        "mission_priority": 0.627,
        "estimated_landing_time": 1134.0,
        "wait_time": 0,
        "Landing_success_rate": 0.8598
    },
    {
        "model": 1,
        "sequence": 11,
        "status": 1,
        "fuel": 5791,
        "fault": 0.7586,
        "weapon": 1,
        "pilot_injury": 0.0112,
        "pilot_skill": 0.2007,
        "mission_priority": 0.4057,
        "estimated_landing_time": 1040.0,
        "wait_time": 0,
        "Landing_success_rate": 0.8553
    },
    {
        "model": 2,
        "sequence": 7,
        "status": 1,
        "fuel": 5746,
        "fault": 0.4111,
        "weapon": 0,
        "pilot_injury": 0.7123,
        "pilot_skill": 0.856,
        "mission_priority": 0.647,
        "estimated_landing_time": 664.0,
        "wait_time": 0,
        "Landing_success_rate": 0.8609
    },
    {
        "model": 1,
        "sequence": 1,
        "status": 1,
        "fuel": 5650,
        "fault": 0.2479,
        "weapon": 1,
        "pilot_injury": 0.9855,
        "pilot_skill": 0.261,
        "mission_priority": 0.2663,
        "estimated_landing_time": 100.0,
        "wait_time": 0,
        "Landing_success_rate": 0.8585
    },
    {
        "model": 2,
        "sequence": 5,
        "status": 1,
        "fuel": 7252,
        "fault": 0.3216,
        "weapon": 1,
        "pilot_injury": 0.0962,
        "pilot_skill": 0.2701,
        "mission_priority": 0.4827,
        "estimated_landing_time": 476.0,
        "wait_time": 0,
        "Landing_success_rate": 0.9391
    },
    {
        "model": 0,
        "sequence": 8,
        "status": 1,
        "fuel": 6636,
        "fault": 0.9129,
        "weapon": 1,
        "pilot_injury": 0.7437,
        "pilot_skill": 0.3893,
        "mission_priority": 0.8652,
        "estimated_landing_time": 758.0,
        "wait_time": 0,
        "Landing_success_rate": 0.8574
    },
    {
        "model": 1,
        "sequence": 13,
        "status": 1,
        "fuel": 7293,
        "fault": 0.6965,
        "weapon": 0,
        "pilot_injury": 0.64,
        "pilot_skill": 0.2018,
        "mission_priority": 0.0911,
        "estimated_landing_time": 1228.0,
        "wait_time": 0,
        "Landing_success_rate": 0.8908
    },
    {
        "model": 2,
        "sequence": 2,
        "status": 1,
        "fuel": 6074,
        "fault": 0.7823,
        "weapon": 0,
        "pilot_injury": 0.2959,
        "pilot_skill": 0.487,
        "mission_priority": 0.022,
        "estimated_landing_time": 194.0,
        "wait_time": 0,
        "Landing_success_rate": 0.8594
    },
    {
        "model": 1,
        "sequence": 15,
        "status": 1,
        "fuel": 7234,
        "fault": 0.8551,
        "weapon": 0,
        "pilot_injury": 0.0285,
        "pilot_skill": 0.9936,
        "mission_priority": 0.3114,
        "estimated_landing_time": 1416.0,
        "wait_time": 0,
        "Landing_success_rate": 0.8688
    },
    {
        "model": 2,
        "sequence": 14,
        "status": 1,
        "fuel": 6063,
        "fault": 0.8728,
        "weapon": 1,
        "pilot_injury": 0.6631,
        "pilot_skill": 0.2411,
        "mission_priority": 0.5029,
        "estimated_landing_time": 1322.0,
        "wait_time": 0,
        "Landing_success_rate": 0.8554
    },
    {
        "model": 2,
        "sequence": 6,
        "status": 1,
        "fuel": 6961,
        "fault": 0.6638,
        "weapon": 1,
        "pilot_injury": 0.0609,
        "pilot_skill": 0.2747,
        "mission_priority": 0.8931,
        "estimated_landing_time": 570.0,
        "wait_time": 0,
        "Landing_success_rate": 0.8868
    },
    {
        "model": 1,
        "sequence": 4,
        "status": 1,
        "fuel": 6258,
        "fault": 0.5749,
        "weapon": 1,
        "pilot_injury": 0.6517,
        "pilot_skill": 0.0709,
        "mission_priority": 0.0177,
        "estimated_landing_time": 382.0,
        "wait_time": 0,
        "Landing_success_rate": 0.8742
    },
    {
        "model": 1,
        "sequence": 3,
        "status": 1,
        "fuel": 5987,
        "fault": 0.1858,
        "weapon": 0,
        "pilot_injury": 0.3803,
        "pilot_skill": 0.6821,
        "mission_priority": 0.2363,
        "estimated_landing_time": 288.0,
        "wait_time": 0,
        "Landing_success_rate": 0.8797
    },
    {
        "model": 1,
        "sequence": 18,
        "status": 1,
        "fuel": 5674,
        "fault": 0.7657,
        "weapon": 0,
        "pilot_injury": 0.8566,
        "pilot_skill": 0.2785,
        "mission_priority": 0.2038,
        "estimated_landing_time": 1698.0,
        "wait_time": 0,
        "Landing_success_rate": 0.8531
    }
]