[
    {
        "model": 0,
        "sequence": 2,
        "status": 1,
        "fuel": 5876,
        "fault": 0.8348,
        "weapon": 0,
        "pilot_injury": 0.988,
        "pilot_skill": 0.1739,
        "mission_priority": 0.5458,
        "estimated_landing_time": 194.0,
        "wait_time": 0,
        "Landing_success_rate": 0.8547
    },
    {
        "model": 2,
        "sequence": 3,
        "status": 1,
        "fuel": 5623,
        "fault": 0.7916,
        "weapon": 0,
        "pilot_injury": 0.8898,
        "pilot_skill": 0.1093,
        "mission_priority": 0.2696,
        "estimated_landing_time": 288.0,
        "wait_time": 0,
        "Landing_success_rate": 0.8519
    },
    {
        "model": 2,
        "sequence": 6,
        "status": 1,
        "fuel": 6615,
        "fault": 0.2392,
        "weapon": 0,
        "pilot_injury": 0.454,
        "pilot_skill": 0.3331,
        "mission_priority": 0.8381,
        "estimated_landing_time": 570.0,
        "wait_time": 0,
        "Landing_success_rate": 0.9136
    },
    {
        "model": 2,
        "sequence": 14,
        "status": 1,
        "fuel": 7179,
        "fault": 0.2954,
        "weapon": 0,
        "pilot_injury": 0.7036,
        "pilot_skill": 0.2972,
        "mission_priority": 0.1978,
        "estimated_landing_time": 1322.0,
        "wait_time": 0,
        "Landing_success_rate": 0.9387
    },
    {
        "model": 0,
        "sequence": 12,
        "status": 1,
        "fuel": 5932,
        "fault": 0.273,
        "weapon": 0,
        "pilot_injury": 0.3448,
        "pilot_skill": 0.0445,
        "mission_priority": 0.1658,
        "estimated_landing_time": 1134.0,
        "wait_time": 0,
        "Landing_success_rate": 0.8736
    },
    {
        "model": 1,
        "sequence": 4,
        "status": 1,
        "fuel": 7475,
        "fault": 0.2908,
        "weapon": 1,
        "pilot_injury": 0.7576,
        "pilot_skill": 0.8348,
        "mission_priority": 0.3972,
        "estimated_landing_time": 382.0,
        "wait_time": 0,
        "Landing_success_rate": 0.9551
    },
    {
        "model": 2,
        "sequence": 18,
        "status": 1,
        "fuel": 6249,
        "fault": 0.9895,
        "weapon": 1,
        "pilot_injury": 0.5537,
        "pilot_skill": 0.9798,
        "mission_priority": 0.7963,
        "estimated_landing_time": 1698.0,
        "wait_time": 0,
        "Landing_success_rate": 0.8506
    },
    {
        "model": 0,
        "sequence": 15,
        "status": 1,
        "fuel": 6572,
        "fault": 0.0414,
        "weapon": 1,
        "pilot_injury": 0.2356,
        "pilot_skill": 0.512,
        "mission_priority": 0.7107,
        "estimated_landing_time": 1416.0,
        "wait_time": 0,
        "Landing_success_rate": 0.9271
    },
    {
        "model": 0,
        "sequence": 17,
        "status": 1,
        "fuel": 5557,
        "fault": 0.7609,
        "weapon": 0,
        "pilot_injury": 0.8233,
        "pilot_skill": 0.1051,
        "mission_priority": 0.1426,
        "estimated_landing_time": 1604.0,
        "wait_time": 0,
        "Landing_success_rate": 0.851
    },
    {
        "model": 1,
        "sequence": 7,
        "status": 1,
        "fuel": 5565,
        "fault": 0.8018,
        "weapon": 1,
        "pilot_injury": 0.6942,
        "pilot_skill": 0.3665,
        "mission_priority": 0.6966,
        "estimated_landing_time": 664.0,
        "wait_time": 0,
        "Landing_success_rate": 0.851
    },
    {
        "model": 1,
        "sequence": 10,
        "status": 1,
        "fuel": 6710,
        "fault": 0.1035,
        "weapon": 1,
        "pilot_injury": 0.6938,
        "pilot_skill": 0.184,
        "mission_priority": 0.2127,
        "estimated_landing_time": 946.0,
        "wait_time": 0,
        "Landing_success_rate": 0.9314
    },
    {
        "model": 0,
        "sequence": 16,
        "status": 1,
        "fuel": 5598,
        "fault": 0.7161,
        "weapon": 1,
        "pilot_injury": 0.8249,
        "pilot_skill": 0.8364,
        "mission_priority": 0.8624,
        "estimated_landing_time": 1510.0,
        "wait_time": 0,
        "Landing_success_rate": 0.8521
    },
    {
        "model": 1,
        "sequence": 13,
        "status": 1,
        "fuel": 7414,
        "fault": 0.4464,
        "weapon": 0,
        "pilot_injury": 0.5026,
        "pilot_skill": 0.8727,
        "mission_priority": 0.9051,
        "estimated_landing_time": 1228.0,
        "wait_time": 0,
        "Landing_success_rate": 0.9295
    },
    {
        "model": 1,
        "sequence": 9,
        "status": 1,
        "fuel": 5502,
        "fault": 0.8193,
        "weapon": 0,
        "pilot_injury": 0.5975,
        "pilot_skill": 0.3341,
        "mission_priority": 0.2068,
        "estimated_landing_time": 852.0,
        "wait_time": 0,
        "Landing_success_rate": 0.85
    },
    {
        "model": 1,
        "sequence": 5,
        "status": 1,
        "fuel": 6288,
        "fault": 0.0261,
        "weapon": 0,
        "pilot_injury": 0.1045,
        "pilot_skill": 0.8216,
        "mission_priority": 0.2273,
        "estimated_landing_time": 476.0,
        "wait_time": 0,
        "Landing_success_rate": 0.9076
    },
    {
        "model": 1,
        "sequence": 1,
        "status": 1,
        "fuel": 6322,
        "fault": 0.9411,
        "weapon": 0,
        "pilot_injury": 0.8596,
        "pilot_skill": 0.6921,
        "mission_priority": 0.2065,
        "estimated_landing_time": 100.0,
        "wait_time": 0,
        "Landing_success_rate": 0.8536
    },
    {
        "model": 1,
        "sequence": 11,
        "status": 1,
        "fuel": 5841,
        "fault": 0.2147,
        "weapon": 0,
        "pilot_injury": 0.7722,
        "pilot_skill": 0.4903,
        "mission_priority": 0.1202,
        "estimated_landing_time": 1040.0,
        "wait_time": 0,
        "Landing_success_rate": 0.8701
    },
    {
        "model": 0,
        "sequence": 8,
        "status": 1,
        "fuel": 6674,
        "fault": 0.9499,
        "weapon": 0,
        "pilot_injury": 0.6728,
        "pilot_skill": 0.7086,
        "mission_priority": 0.7608,
        "estimated_landing_time": 758.0,
        "wait_time": 0,
        "Landing_success_rate": 0.8544
    }
]