[
    {
        "model": 2,
        "sequence": 18,
        "status": 1,
        "fuel": 7334,
        "fault": 0.0628,
        "weapon": 1,
        "pilot_injury": 0.4472,
        "pilot_skill": 0.0724,
        "mission_priority": 0.392,
        "estimated_landing_time": 1698.0,
        "wait_time": 0,
        "Landing_success_rate": 0.9789
    },
    {
        "model": 2,
        "sequence": 14,
        "status": 1,
        "fuel": 5954,
        "fault": 0.5615,
        "weapon": 0,
        "pilot_injury": 0.1749,
        "pilot_skill": 0.7563,
        "mission_priority": 0.5004,
        "estimated_landing_time": 1322.0,
        "wait_time": 0,
        "Landing_success_rate": 0.8649
    },
    {
        "model": 0,
        "sequence": 3,
        "status": 1,
        "fuel": 6460,
        "fault": 0.4768,
        "weapon": 1,
        "pilot_injury": 0.7342,
        "pilot_skill": 0.2601,
        "mission_priority": 0.5818,
        "estimated_landing_time": 288.0,
        "wait_time": 0,
        "Landing_success_rate": 0.8877
    },
    {
        "model": 2,
        "sequence": 16,
        "status": 1,
        "fuel": 6720,
        "fault": 0.1581,
        "weapon": 1,
        "pilot_injury": 0.7312,
        "pilot_skill": 0.7277,
        "mission_priority": 0.2774,
        "estimated_landing_time": 1510.0,
        "wait_time": 0,
        "Landing_success_rate": 0.927
    },
    {
        "model": 0,
        "sequence": 15,
        "status": 1,
        "fuel": 6024,
        "fault": 0.3498,
        "weapon": 1,
        "pilot_injury": 0.0894,
        "pilot_skill": 0.9774,
        "mission_priority": 0.1528,
        "estimated_landing_time": 1416.0,
        "wait_time": 0,
        "Landing_success_rate": 0.8756
    },
    {
        "model": 1,
        "sequence": 5,
        "status": 1,
        "fuel": 7010,
        "fault": 0.9586,
        "weapon": 0,
        "pilot_injury": 0.8482,
        "pilot_skill": 0.3967,
        "mission_priority": 0.5022,
        "estimated_landing_time": 476.0,
        "wait_time": 0,
        "Landing_success_rate": 0.8547
    },
    {
        "model": 1,
        "sequence": 1,
        "status": 1,
        "fuel": 6717,
        "fault": 0.6465,
        "weapon": 1,
        "pilot_injury": 0.833,
        "pilot_skill": 0.4784,
        "mission_priority": 0.2309,
        "estimated_landing_time": 100.0,
        "wait_time": 0,
        "Landing_success_rate": 0.8823
    },
    {
        "model": 1,
        "sequence": 17,
        "status": 1,
        "fuel": 7081,
        "fault": 0.5023,
        "weapon": 0,
        "pilot_injury": 0.5562,
        "pilot_skill": 0.0514,
        "mission_priority": 0.225,
        "estimated_landing_time": 1604.0,
        "wait_time": 0,
        "Landing_success_rate": 0.909
    },
    {
        "model": 2,
        "sequence": 10,
        "status": 1,
        "fuel": 6622,
        "fault": 0.2705,
        "weapon": 0,
        "pilot_injury": 0.6233,
        "pilot_skill": 0.5043,
        "mission_priority": 0.1908,
        "estimated_landing_time": 946.0,
        "wait_time": 0,
        "Landing_success_rate": 0.9114
    },
    {
        "model": 1,
        "sequence": 11,
        "status": 1,
        "fuel": 6667,
        "fault": 0.9278,
        "weapon": 1,
        "pilot_injury": 0.5663,
        "pilot_skill": 0.1648,
        "mission_priority": 0.9971,
        "estimated_landing_time": 1040.0,
        "wait_time": 0,
        "Landing_success_rate": 0.8563
    },
    {
        "model": 0,
        "sequence": 2,
        "status": 1,
        "fuel": 5860,
        "fault": 0.6439,
        "weapon": 0,
        "pilot_injury": 0.5034,
        "pilot_skill": 0.2637,
        "mission_priority": 0.0304,
        "estimated_landing_time": 194.0,
        "wait_time": 0,
        "Landing_success_rate": 0.8596
    },
    {
        "model": 0,
        "sequence": 13,
        "status": 1,
        "fuel": 6235,
        "fault": 0.3211,
        "weapon": 1,
        "pilot_injury": 0.7529,
        "pilot_skill": 0.9713,
        "mission_priority": 0.6326,
        "estimated_landing_time": 1228.0,
        "wait_time": 0,
        "Landing_success_rate": 0.8874
    },
    {
        "model": 2,
        "sequence": 7,
        "status": 1,
        "fuel": 6692,
        "fault": 0.6141,
        "weapon": 0,
        "pilot_injury": 0.5166,
        "pilot_skill": 0.3199,
        "mission_priority": 0.9214,
        "estimated_landing_time": 664.0,
        "wait_time": 0,
        "Landing_success_rate": 0.8845
    },
    {
        "model": 0,
        "sequence": 12,
        "status": 1,
        "fuel": 5777,
        "fault": 0.5256,
        "weapon": 1,
        "pilot_injury": 0.3413,
        "pilot_skill": 0.7821,
        "mission_priority": 0.9039,
        "estimated_landing_time": 1134.0,
        "wait_time": 0,
        "Landing_success_rate": 0.8599
    },
    {
        "model": 0,
        "sequence": 9,
        "status": 1,
        "fuel": 5637,
        "fault": 0.2499,
        "weapon": 1,
        "pilot_injury": 0.3532,
        "pilot_skill": 0.6565,
        "mission_priority": 0.158,
        "estimated_landing_time": 852.0,
        "wait_time": 0,
        "Landing_success_rate": 0.8577
    },
    {
        "model": 1,
        "sequence": 8,
        "status": 1,
        "fuel": 6683,
        "fault": 0.3169,
        "weapon": 0,
        "pilot_injury": 0.7079,
        "pilot_skill": 0.6039,
        "mission_priority": 0.097,
        "estimated_landing_time": 758.0,
        "wait_time": 0,
        "Landing_success_rate": 0.9106
    },
    {
        "model": 0,
        "sequence": 4,
        "status": 1,
        "fuel": 7453,
        "fault": 0.7588,
        "weapon": 0,
        "pilot_injury": 0.3903,
        "pilot_skill": 0.4171,
        "mission_priority": 0.1166,
        "estimated_landing_time": 382.0,
        "wait_time": 0,
        "Landing_success_rate": 0.8853
    },
    {
        "model": 1,
        "sequence": 6,
        "status": 1,
        "fuel": 7382,
        "fault": 0.8596,
        "weapon": 0,
        "pilot_injury": 0.4463,
        "pilot_skill": 0.2404,
        "mission_priority": 0.069,
        "estimated_landing_time": 570.0,
        "wait_time": 0,
        "Landing_success_rate": 0.8698
    }
]