[
    {
        "model": 1,
        "sequence": 5,
        "status": 1,
        "fuel": 6521,
        "fault": 0.2621,
        "weapon": 0,
        "pilot_injury": 0.5603,
        "pilot_skill": 0.4399,
        "mission_priority": 0.9472,
        "estimated_landing_time": 476.0,
        "wait_time": 0,
        "Landing_success_rate": 0.9065
    },
    {
        "model": 2,
        "sequence": 16,
        "status": 1,
        "fuel": 5909,
        "fault": 0.742,
        "weapon": 0,
        "pilot_injury": 0.9218,
        "pilot_skill": 0.5648,
        "mission_priority": 0.8269,
        "estimated_landing_time": 1510.0,
        "wait_time": 0,
        "Landing_success_rate": 0.8579
    },
    {
        "model": 2,
        "sequence": 1,
        "status": 1,
        "fuel": 5885,
        "fault": 0.9434,
        "weapon": 1,
        "pilot_injury": 0.9941,
        "pilot_skill": 0.1656,
        "mission_priority": 0.2515,
        "estimated_landing_time": 100.0,
        "wait_time": 0,
        "Landing_success_rate": 0.8516
    },
    {
        "model": 2,
        "sequence": 9,
        "status": 1,
        "fuel": 6725,
        "fault": 0.3577,
        "weapon": 1,
        "pilot_injury": 0.2893,
        "pilot_skill": 0.6011,
        "mission_priority": 0.9965,
        "estimated_landing_time": 852.0,
        "wait_time": 0,
        "Landing_success_rate": 0.909
    },
    {
        "model": 1,
        "sequence": 2,
        "status": 1,
        "fuel": 6481,
        "fault": 0.1267,
        "weapon": 0,
        "pilot_injury": 0.128,
        "pilot_skill": 0.0198,
        "mission_priority": 0.6386,
        "estimated_landing_time": 194.0,
        "wait_time": 0,
        "Landing_success_rate": 0.9143
    },
    {
        "model": 0,
        "sequence": 10,
        "status": 1,
        "fuel": 7088,
        "fault": 0.8466,
        "weapon": 0,
        "pilot_injury": 0.3416,
        "pilot_skill": 0.1688,
        "mission_priority": 0.9065,
        "estimated_landing_time": 946.0,
        "wait_time": 0,
        "Landing_success_rate": 0.8683
    },
    {
        "model": 2,
        "sequence": 6,
        "status": 1,
        "fuel": 7357,
        "fault": 0.9803,
        "weapon": 1,
        "pilot_injury": 0.8947,
        "pilot_skill": 0.5529,
        "mission_priority": 0.9328,
        "estimated_landing_time": 570.0,
        "wait_time": 0,
        "Landing_success_rate": 0.8527
    },
    {
        "model": 0,
        "sequence": 3,
        "status": 1,
        "fuel": 6175,
        "fault": 0.7586,
        "weapon": 0,
        "pilot_injury": 0.5824,
        "pilot_skill": 0.2303,
        "mission_priority": 0.9905,
        "estimated_landing_time": 288.0,
        "wait_time": 0,
        "Landing_success_rate": 0.8622
    },
    {
        "model": 0,
        "sequence": 15,
        "status": 1,
        "fuel": 6183,
        "fault": 0.825,
        "weapon": 1,
        "pilot_injury": 0.313,
        "pilot_skill": 0.313,
        "mission_priority": 0.1039,
        "estimated_landing_time": 1416.0,
        "wait_time": 0,
        "Landing_success_rate": 0.859
    },
    {
        "model": 1,
        "sequence": 13,
        "status": 1,
        "fuel": 6750,
        "fault": 0.6418,
        "weapon": 1,
        "pilot_injury": 0.1484,
        "pilot_skill": 0.2267,
        "mission_priority": 0.2511,
        "estimated_landing_time": 1228.0,
        "wait_time": 0,
        "Landing_success_rate": 0.8836
    },
    {
        "model": 1,
        "sequence": 8,
        "status": 1,
        "fuel": 6780,
        "fault": 0.2027,
        "weapon": 1,
        "pilot_injury": 0.0755,
        "pilot_skill": 0.536,
        "mission_priority": 0.7877,
        "estimated_landing_time": 758.0,
        "wait_time": 0,
        "Landing_success_rate": 0.9265
    },
    {
        "model": 2,
        "sequence": 4,
        "status": 1,
        "fuel": 6350,
        "fault": 0.6329,
        "weapon": 0,
        "pilot_injury": 0.0992,
        "pilot_skill": 0.8212,
        "mission_priority": 0.5057,
        "estimated_landing_time": 382.0,
        "wait_time": 0,
        "Landing_success_rate": 0.8734
    },
    {
        "model": 1,
        "sequence": 11,
        "status": 1,
        "fuel": 6255,
        "fault": 0.6659,
        "weapon": 0,
        "pilot_injury": 0.3253,
        "pilot_skill": 0.3246,
        "mission_priority": 0.6318,
        "estimated_landing_time": 1040.0,
        "wait_time": 0,
        "Landing_success_rate": 0.8689
    },
    {
        "model": 1,
        "sequence": 17,
        "status": 1,
        "fuel": 5911,
        "fault": 0.0538,
        "weapon": 0,
        "pilot_injury": 0.7246,
        "pilot_skill": 0.3563,
        "mission_priority": 0.2174,
        "estimated_landing_time": 1604.0,
        "wait_time": 0,
        "Landing_success_rate": 0.8792
    },
    {
        "model": 1,
        "sequence": 7,
        "status": 1,
        "fuel": 7101,
        "fault": 0.6106,
        "weapon": 1,
        "pilot_injury": 0.0897,
        "pilot_skill": 0.1667,
        "mission_priority": 0.0192,
        "estimated_landing_time": 664.0,
        "wait_time": 0,
        "Landing_success_rate": 0.8968
    },
    {
        "model": 0,
        "sequence": 14,
        "status": 1,
        "fuel": 5731,
        "fault": 0.5111,
        "weapon": 0,
        "pilot_injury": 0.9952,
        "pilot_skill": 0.9917,
        "mission_priority": 0.187,
        "estimated_landing_time": 1322.0,
        "wait_time": 0,
        "Landing_success_rate": 0.8585
    },
    {
        "model": 1,
        "sequence": 18,
        "status": 1,
        "fuel": 7190,
        "fault": 0.2507,
        "weapon": 1,
        "pilot_injury": 0.1488,
        "pilot_skill": 0.504,
        "mission_priority": 0.3994,
        "estimated_landing_time": 1698.0,
        "wait_time": 0,
        "Landing_success_rate": 0.945
    },
    {
        "model": 2,
        "sequence": 12,
        "status": 1,
        "fuel": 6600,
        "fault": 0.8935,
        "weapon": 0,
        "pilot_injury": 0.8281,
        "pilot_skill": 0.9879,
        "mission_priority": 0.2231,
        "estimated_landing_time": 1134.0,
        "wait_time": 0,
        "Landing_success_rate": 0.8588
    }
]