[
    {
        "model": 1,
        "sequence": 8,
        "status": 1,
        "fuel": 5873,
        "fault": 0.1322,
        "weapon": 1,
        "pilot_injury": 0.3192,
        "pilot_skill": 0.9584,
        "mission_priority": 0.1181,
        "estimated_landing_time": 758.0,
        "wait_time": 0,
        "Landing_success_rate": 0.8743
    },
    {
        "model": 2,
        "sequence": 7,
        "status": 1,
        "fuel": 7240,
        "fault": 0.1264,
        "weapon": 0,
        "pilot_injury": 0.0475,
        "pilot_skill": 0.7289,
        "mission_priority": 0.1009,
        "estimated_landing_time": 664.0,
        "wait_time": 0,
        "Landing_success_rate": 0.964
    },
    {
        "model": 1,
        "sequence": 6,
        "status": 1,
        "fuel": 6664,
        "fault": 0.9148,
        "weapon": 0,
        "pilot_injury": 0.1547,
        "pilot_skill": 0.3255,
        "mission_priority": 0.361,
        "estimated_landing_time": 570.0,
        "wait_time": 0,
        "Landing_success_rate": 0.8574
    },
    {
        "model": 2,
        "sequence": 1,
        "status": 1,
        "fuel": 6518,
        "fault": 0.027,
        "weapon": 0,
        "pilot_injury": 0.2308,
        "pilot_skill": 0.2058,
        "mission_priority": 0.2219,
        "estimated_landing_time": 100.0,
        "wait_time": 0,
        "Landing_success_rate": 0.9243
    },
    {
        "model": 0,
        "sequence": 13,
        "status": 1,
        "fuel": 5694,
        "fault": 0.7354,
        "weapon": 0,
        "pilot_injury": 0.0134,
        "pilot_skill": 0.7803,
        "mission_priority": 0.9267,
        "estimated_landing_time": 1228.0,
        "wait_time": 0,
        "Landing_success_rate": 0.8538
    },
    {
        "model": 1,
        "sequence": 12,
        "status": 1,
        "fuel": 6981,
        "fault": 0.5592,
        "weapon": 0,
        "pilot_injury": 0.5245,
        "pilot_skill": 0.814,
        "mission_priority": 0.3441,
        "estimated_landing_time": 1134.0,
        "wait_time": 0,
        "Landing_success_rate": 0.899
    },
    {
        "model": 0,
        "sequence": 14,
        "status": 1,
        "fuel": 7000,
        "fault": 0.795,
        "weapon": 1,
        "pilot_injury": 0.1417,
        "pilot_skill": 0.4936,
        "mission_priority": 0.0257,
        "estimated_landing_time": 1322.0,
        "wait_time": 0,
        "Landing_success_rate": 0.8731
    },
    {
        "model": 0,
        "sequence": 17,
        "status": 1,
        "fuel": 6407,
        "fault": 0.171,
        "weapon": 1,
        "pilot_injury": 0.9751,
        "pilot_skill": 0.9133,
        "mission_priority": 0.0426,
        "estimated_landing_time": 1604.0,
        "wait_time": 0,
        "Landing_success_rate": 0.9064
    },
    {
        "model": 0,
        "sequence": 4,
        "status": 1,
        "fuel": 7083,
        "fault": 0.5496,
        "weapon": 1,
        "pilot_injury": 0.8677,
        "pilot_skill": 0.9148,
        "mission_priority": 0.4882,
        "estimated_landing_time": 382.0,
        "wait_time": 0,
        "Landing_success_rate": 0.9035
    },
    {
        "model": 2,
        "sequence": 2,
        "status": 1,
        "fuel": 7283,
        "fault": 0.5006,
        "weapon": 1,
        "pilot_injury": 0.0235,
        "pilot_skill": 0.6425,
        "mission_priority": 0.3373,
        "estimated_landing_time": 194.0,
        "wait_time": 0,
        "Landing_success_rate": 0.9168
    },
    {
        "model": 2,
        "sequence": 15,
        "status": 1,
        "fuel": 6813,
        "fault": 0.9985,
        "weapon": 0,
        "pilot_injury": 0.9755,
        "pilot_skill": 0.1299,
        "mission_priority": 0.4448,
        "estimated_landing_time": 1416.0,
        "wait_time": 0,
        "Landing_success_rate": 0.8501
    },
    {
        "model": 2,
        "sequence": 18,
        "status": 1,
        "fuel": 7030,
        "fault": 0.9142,
        "weapon": 0,
        "pilot_injury": 0.6678,
        "pilot_skill": 0.5382,
        "mission_priority": 0.4975,
        "estimated_landing_time": 1698.0,
        "wait_time": 0,
        "Landing_success_rate": 0.8598
    },
    {
        "model": 2,
        "sequence": 11,
        "status": 1,
        "fuel": 6023,
        "fault": 0.3159,
        "weapon": 0,
        "pilot_injury": 0.8611,
        "pilot_skill": 0.8648,
        "mission_priority": 0.8269,
        "estimated_landing_time": 1040.0,
        "wait_time": 0,
        "Landing_success_rate": 0.8768
    },
    {
        "model": 0,
        "sequence": 10,
        "status": 1,
        "fuel": 5540,
        "fault": 0.71,
        "weapon": 0,
        "pilot_injury": 0.4752,
        "pilot_skill": 0.2598,
        "mission_priority": 0.0522,
        "estimated_landing_time": 946.0,
        "wait_time": 0,
        "Landing_success_rate": 0.8509
    },
    {
        "model": 2,
        "sequence": 5,
        "status": 1,
        "fuel": 5702,
        "fault": 0.0601,
        "weapon": 1,
        "pilot_injury": 0.1127,
        "pilot_skill": 0.9443,
        "mission_priority": 0.6561,
        "estimated_landing_time": 476.0,
        "wait_time": 0,
        "Landing_success_rate": 0.8642
    },
    {
        "model": 0,
        "sequence": 3,
        "status": 1,
        "fuel": 6002,
        "fault": 0.1733,
        "weapon": 0,
        "pilot_injury": 0.9281,
        "pilot_skill": 0.2628,
        "mission_priority": 0.1433,
        "estimated_landing_time": 288.0,
        "wait_time": 0,
        "Landing_success_rate": 0.8811
    },
    {
        "model": 0,
        "sequence": 9,
        "status": 1,
        "fuel": 5808,
        "fault": 0.354,
        "weapon": 0,
        "pilot_injury": 0.1751,
        "pilot_skill": 0.7793,
        "mission_priority": 0.7163,
        "estimated_landing_time": 852.0,
        "wait_time": 0,
        "Landing_success_rate": 0.8649
    },
    {
        "model": 2,
        "sequence": 16,
        "status": 1,
        "fuel": 6377,
        "fault": 0.4333,
        "weapon": 1,
        "pilot_injury": 0.0689,
        "pilot_skill": 0.755,
        "mission_priority": 0.5855,
        "estimated_landing_time": 1510.0,
        "wait_time": 0,
        "Landing_success_rate": 0.8873
    }
]