[
    {
        "model": 2,
        "sequence": 12,
        "status": 1,
        "fuel": 6195,
        "fault": 0.5499,
        "weapon": 0,
        "pilot_injury": 0.5168,
        "pilot_skill": 0.2041,
        "mission_priority": 0.3001,
        "estimated_landing_time": 1134.0,
        "wait_time": 0,
        "Landing_success_rate": 0.8735
    },
    {
        "model": 1,
        "sequence": 7,
        "status": 1,
        "fuel": 7129,
        "fault": 0.3474,
        "weapon": 0,
        "pilot_injury": 0.2929,
        "pilot_skill": 0.6176,
        "mission_priority": 0.694,
        "estimated_landing_time": 664.0,
        "wait_time": 0,
        "Landing_success_rate": 0.9297
    },
    {
        "model": 1,
        "sequence": 13,
        "status": 1,
        "fuel": 5897,
        "fault": 0.7308,
        "weapon": 0,
        "pilot_injury": 0.3145,
        "pilot_skill": 0.8542,
        "mission_priority": 0.7148,
        "estimated_landing_time": 1228.0,
        "wait_time": 0,
        "Landing_success_rate": 0.858
    },
    {
        "model": 2,
        "sequence": 15,
        "status": 1,
        "fuel": 6092,
        "fault": 0.6189,
        "weapon": 1,
        "pilot_injury": 0.0346,
        "pilot_skill": 0.8505,
        "mission_priority": 0.3868,
        "estimated_landing_time": 1416.0,
        "wait_time": 0,
        "Landing_success_rate": 0.8669
    },
    {
        "model": 0,
        "sequence": 6,
        "status": 1,
        "fuel": 5920,
        "fault": 0.7975,
        "weapon": 1,
        "pilot_injury": 0.5165,
        "pilot_skill": 0.1501,
        "mission_priority": 0.5667,
        "estimated_landing_time": 570.0,
        "wait_time": 0,
        "Landing_success_rate": 0.8564
    },
    {
        "model": 2,
        "sequence": 16,
        "status": 1,
        "fuel": 6238,
        "fault": 0.6956,
        "weapon": 0,
        "pilot_injury": 0.9037,
        "pilot_skill": 0.1556,
        "mission_priority": 0.494,
        "estimated_landing_time": 1510.0,
        "wait_time": 0,
        "Landing_success_rate": 0.8668
    },
    {
        "model": 2,
        "sequence": 1,
        "status": 1,
        "fuel": 5899,
        "fault": 0.6902,
        "weapon": 0,
        "pilot_injury": 0.9322,
        "pilot_skill": 0.4,
        "mission_priority": 0.3057,
        "estimated_landing_time": 100.0,
        "wait_time": 0,
        "Landing_success_rate": 0.8593
    },
    {
        "model": 1,
        "sequence": 8,
        "status": 1,
        "fuel": 6129,
        "fault": 0.7223,
        "weapon": 0,
        "pilot_injury": 0.6824,
        "pilot_skill": 0.8806,
        "mission_priority": 0.1175,
        "estimated_landing_time": 758.0,
        "wait_time": 0,
        "Landing_success_rate": 0.8631
    },
    {
        "model": 0,
        "sequence": 14,
        "status": 1,
        "fuel": 7379,
        "fault": 0.9425,
        "weapon": 0,
        "pilot_injury": 0.8971,
        "pilot_skill": 0.382,
        "mission_priority": 0.3131,
        "estimated_landing_time": 1322.0,
        "wait_time": 0,
        "Landing_success_rate": 0.8581
    },
    {
        "model": 1,
        "sequence": 10,
        "status": 1,
        "fuel": 7261,
        "fault": 0.2288,
        "weapon": 1,
        "pilot_injury": 0.4796,
        "pilot_skill": 0.4586,
        "mission_priority": 0.1461,
        "estimated_landing_time": 946.0,
        "wait_time": 0,
        "Landing_success_rate": 0.9519
    },
    {
        "model": 1,
        "sequence": 9,
        "status": 1,
        "fuel": 6347,
        "fault": 0.5961,
        "weapon": 0,
        "pilot_injury": 0.3669,
        "pilot_skill": 0.3097,
        "mission_priority": 0.7819,
        "estimated_landing_time": 852.0,
        "wait_time": 0,
        "Landing_success_rate": 0.8757
    },
    {
        "model": 2,
        "sequence": 18,
        "status": 1,
        "fuel": 6553,
        "fault": 0.1067,
        "weapon": 0,
        "pilot_injury": 0.8463,
        "pilot_skill": 0.9395,
        "mission_priority": 0.8018,
        "estimated_landing_time": 1698.0,
        "wait_time": 0,
        "Landing_success_rate": 0.9205
    },
    {
        "model": 1,
        "sequence": 3,
        "status": 1,
        "fuel": 7458,
        "fault": 0.4143,
        "weapon": 1,
        "pilot_injury": 0.6615,
        "pilot_skill": 0.6933,
        "mission_priority": 0.9001,
        "estimated_landing_time": 288.0,
        "wait_time": 0,
        "Landing_success_rate": 0.936
    },
    {
        "model": 1,
        "sequence": 5,
        "status": 1,
        "fuel": 7377,
        "fault": 0.2142,
        "weapon": 0,
        "pilot_injury": 0.216,
        "pilot_skill": 0.9126,
        "mission_priority": 0.4472,
        "estimated_landing_time": 476.0,
        "wait_time": 0,
        "Landing_success_rate": 0.9606
    },
    {
        "model": 1,
        "sequence": 2,
        "status": 1,
        "fuel": 6884,
        "fault": 0.2101,
        "weapon": 0,
        "pilot_injury": 0.3564,
        "pilot_skill": 0.1841,
        "mission_priority": 0.2563,
        "estimated_landing_time": 194.0,
        "wait_time": 0,
        "Landing_success_rate": 0.932
    },
    {
        "model": 0,
        "sequence": 17,
        "status": 1,
        "fuel": 6152,
        "fault": 0.7439,
        "weapon": 0,
        "pilot_injury": 0.5926,
        "pilot_skill": 0.8662,
        "mission_priority": 0.4485,
        "estimated_landing_time": 1604.0,
        "wait_time": 0,
        "Landing_success_rate": 0.8625
    },
    {
        "model": 0,
        "sequence": 11,
        "status": 1,
        "fuel": 5691,
        "fault": 0.4554,
        "weapon": 1,
        "pilot_injury": 0.3568,
        "pilot_skill": 0.6543,
        "mission_priority": 0.3504,
        "estimated_landing_time": 1040.0,
        "wait_time": 0,
        "Landing_success_rate": 0.8578
    },
    {
        "model": 1,
        "sequence": 4,
        "status": 1,
        "fuel": 7120,
        "fault": 0.6682,
        "weapon": 0,
        "pilot_injury": 0.9778,
        "pilot_skill": 0.0762,
        "mission_priority": 0.5052,
        "estimated_landing_time": 382.0,
        "wait_time": 0,
        "Landing_success_rate": 0.8903
    }
]