[
    {
        "model": 1,
        "sequence": 17,
        "status": 1,
        "fuel": 6920,
        "fault": 0.8527,
        "weapon": 1,
        "pilot_injury": 0.9438,
        "pilot_skill": 0.0609,
        "mission_priority": 0.6315,
        "estimated_landing_time": 1604.0,
        "wait_time": 0,
        "Landing_success_rate": 0.8657
    },
    {
        "model": 1,
        "sequence": 12,
        "status": 1,
        "fuel": 6746,
        "fault": 0.5794,
        "weapon": 0,
        "pilot_injury": 0.0957,
        "pilot_skill": 0.2587,
        "mission_priority": 0.8503,
        "estimated_landing_time": 1134.0,
        "wait_time": 0,
        "Landing_success_rate": 0.8893
    },
    {
        "model": 0,
        "sequence": 7,
        "status": 1,
        "fuel": 5757,
        "fault": 0.4659,
        "weapon": 1,
        "pilot_injury": 0.644,
        "pilot_skill": 0.3031,
        "mission_priority": 0.5479,
        "estimated_landing_time": 664.0,
        "wait_time": 0,
        "Landing_success_rate": 0.8603
    },
    {
        "model": 2,
        "sequence": 6,
        "status": 1,
        "fuel": 5576,
        "fault": 0.4927,
        "weapon": 0,
        "pilot_injury": 0.8815,
        "pilot_skill": 0.0229,
        "mission_priority": 0.3696,
        "estimated_landing_time": 570.0,
        "wait_time": 0,
        "Landing_success_rate": 0.8529
    },
    {
        "model": 1,
        "sequence": 11,
        "status": 1,
        "fuel": 6293,
        "fault": 0.6945,
        "weapon": 0,
        "pilot_injury": 0.5191,
        "pilot_skill": 0.3465,
        "mission_priority": 0.6462,
        "estimated_landing_time": 1040.0,
        "wait_time": 0,
        "Landing_success_rate": 0.8682
    },
    {
        "model": 1,
        "sequence": 2,
        "status": 1,
        "fuel": 7205,
        "fault": 0.9685,
        "weapon": 1,
        "pilot_injury": 0.9918,
        "pilot_skill": 0.2712,
        "mission_priority": 0.4614,
        "estimated_landing_time": 194.0,
        "wait_time": 0,
        "Landing_success_rate": 0.854
    },
    {
        "model": 0,
        "sequence": 5,
        "status": 1,
        "fuel": 7095,
        "fault": 0.0841,
        "weapon": 0,
        "pilot_injury": 0.406,
        "pilot_skill": 0.5647,
        "mission_priority": 0.2568,
        "estimated_landing_time": 476.0,
        "wait_time": 0,
        "Landing_success_rate": 0.9596
    },
    {
        "model": 2,
        "sequence": 18,
        "status": 1,
        "fuel": 6722,
        "fault": 0.7097,
        "weapon": 1,
        "pilot_injury": 0.9085,
        "pilot_skill": 0.2352,
        "mission_priority": 0.6775,
        "estimated_landing_time": 1698.0,
        "wait_time": 0,
        "Landing_success_rate": 0.8766
    },
    {
        "model": 2,
        "sequence": 8,
        "status": 1,
        "fuel": 5807,
        "fault": 0.8471,
        "weapon": 1,
        "pilot_injury": 0.5654,
        "pilot_skill": 0.7088,
        "mission_priority": 0.5983,
        "estimated_landing_time": 758.0,
        "wait_time": 0,
        "Landing_success_rate": 0.8535
    },
    {
        "model": 0,
        "sequence": 3,
        "status": 1,
        "fuel": 6478,
        "fault": 0.5914,
        "weapon": 0,
        "pilot_injury": 0.041,
        "pilot_skill": 0.236,
        "mission_priority": 0.6157,
        "estimated_landing_time": 288.0,
        "wait_time": 0,
        "Landing_success_rate": 0.88
    },
    {
        "model": 1,
        "sequence": 13,
        "status": 1,
        "fuel": 6858,
        "fault": 0.2808,
        "weapon": 1,
        "pilot_injury": 0.5119,
        "pilot_skill": 0.7225,
        "mission_priority": 0.4108,
        "estimated_landing_time": 1228.0,
        "wait_time": 0,
        "Landing_success_rate": 0.9233
    },
    {
        "model": 2,
        "sequence": 9,
        "status": 1,
        "fuel": 7478,
        "fault": 0.6201,
        "weapon": 1,
        "pilot_injury": 0.9588,
        "pilot_skill": 0.2333,
        "mission_priority": 0.6054,
        "estimated_landing_time": 852.0,
        "wait_time": 0,
        "Landing_success_rate": 0.9064
    },
    {
        "model": 2,
        "sequence": 4,
        "status": 1,
        "fuel": 6112,
        "fault": 0.5594,
        "weapon": 1,
        "pilot_injury": 0.8903,
        "pilot_skill": 0.3222,
        "mission_priority": 0.6453,
        "estimated_landing_time": 382.0,
        "wait_time": 0,
        "Landing_success_rate": 0.8702
    },
    {
        "model": 1,
        "sequence": 16,
        "status": 1,
        "fuel": 5871,
        "fault": 0.1181,
        "weapon": 0,
        "pilot_injury": 0.7205,
        "pilot_skill": 0.8009,
        "mission_priority": 0.8719,
        "estimated_landing_time": 1510.0,
        "wait_time": 0,
        "Landing_success_rate": 0.8745
    },
    {
        "model": 0,
        "sequence": 15,
        "status": 1,
        "fuel": 6769,
        "fault": 0.7119,
        "weapon": 1,
        "pilot_injury": 0.629,
        "pilot_skill": 0.1517,
        "mission_priority": 0.6125,
        "estimated_landing_time": 1416.0,
        "wait_time": 0,
        "Landing_success_rate": 0.8774
    },
    {
        "model": 1,
        "sequence": 1,
        "status": 1,
        "fuel": 5539,
        "fault": 0.2606,
        "weapon": 0,
        "pilot_injury": 0.8089,
        "pilot_skill": 0.9733,
        "mission_priority": 0.8699,
        "estimated_landing_time": 100.0,
        "wait_time": 0,
        "Landing_success_rate": 0.8522
    },
    {
        "model": 2,
        "sequence": 10,
        "status": 1,
        "fuel": 6955,
        "fault": 0.298,
        "weapon": 1,
        "pilot_injury": 0.9835,
        "pilot_skill": 0.9235,
        "mission_priority": 0.9769,
        "estimated_landing_time": 946.0,
        "wait_time": 0,
        "Landing_success_rate": 0.9266
    },
    {
        "model": 0,
        "sequence": 14,
        "status": 1,
        "fuel": 7072,
        "fault": 0.2535,
        "weapon": 0,
        "pilot_injury": 0.8712,
        "pilot_skill": 0.0443,
        "mission_priority": 0.2661,
        "estimated_landing_time": 1322.0,
        "wait_time": 0,
        "Landing_success_rate": 0.938
    }
]