[
    {
        "model": 2,
        "sequence": 14,
        "status": 1,
        "fuel": 7354,
        "fault": 0.7359,
        "weapon": 1,
        "pilot_injury": 0.0035,
        "pilot_skill": 0.9444,
        "mission_priority": 0.2557,
        "estimated_landing_time": 1322.0,
        "wait_time": 0,
        "Landing_success_rate": 0.8867
    },
    {
        "model": 0,
        "sequence": 2,
        "status": 1,
        "fuel": 5750,
        "fault": 0.5038,
        "weapon": 0,
        "pilot_injury": 0.1624,
        "pilot_skill": 0.474,
        "mission_priority": 0.0402,
        "estimated_landing_time": 194.0,
        "wait_time": 0,
        "Landing_success_rate": 0.8593
    },
    {
        "model": 1,
        "sequence": 1,
        "status": 1,
        "fuel": 7023,
        "fault": 0.9937,
        "weapon": 1,
        "pilot_injury": 0.2371,
        "pilot_skill": 0.1171,
        "mission_priority": 0.5071,
        "estimated_landing_time": 100.0,
        "wait_time": 0,
        "Landing_success_rate": 0.8507
    },
    {
        "model": 2,
        "sequence": 6,
        "status": 1,
        "fuel": 5633,
        "fault": 0.4776,
        "weapon": 1,
        "pilot_injury": 0.7591,
        "pilot_skill": 0.6958,
        "mission_priority": 0.8454,
        "estimated_landing_time": 570.0,
        "wait_time": 0,
        "Landing_success_rate": 0.8552
    },
    {
        "model": 1,
        "sequence": 16,
        "status": 1,
        "fuel": 7031,
        "fault": 0.1924,
        "weapon": 1,
        "pilot_injury": 0.3601,
        "pilot_skill": 0.9621,
        "mission_priority": 0.4403,
        "estimated_landing_time": 1510.0,
        "wait_time": 0,
        "Landing_success_rate": 0.9427
    },
    {
        "model": 1,
        "sequence": 15,
        "status": 1,
        "fuel": 7431,
        "fault": 0.7691,
        "weapon": 1,
        "pilot_injury": 0.217,
        "pilot_skill": 0.5814,
        "mission_priority": 0.8247,
        "estimated_landing_time": 1416.0,
        "wait_time": 0,
        "Landing_success_rate": 0.8834
    },
    {
        "model": 1,
        "sequence": 12,
        "status": 1,
        "fuel": 6981,
        "fault": 0.2936,
        "weapon": 0,
        "pilot_injury": 0.0785,
        "pilot_skill": 0.8305,
        "mission_priority": 0.7961,
        "estimated_landing_time": 1134.0,
        "wait_time": 0,
        "Landing_success_rate": 0.9285
    },
    {
        "model": 0,
        "sequence": 5,
        "status": 1,
        "fuel": 7435,
        "fault": 0.0711,
        "weapon": 1,
        "pilot_injury": 0.6604,
        "pilot_skill": 0.573,
        "mission_priority": 0.9195,
        "estimated_landing_time": 476.0,
        "wait_time": 0,
        "Landing_success_rate": 0.9848
    },
    {
        "model": 0,
        "sequence": 3,
        "status": 1,
        "fuel": 5562,
        "fault": 0.1453,
        "weapon": 1,
        "pilot_injury": 0.2547,
        "pilot_skill": 0.4279,
        "mission_priority": 0.1554,
        "estimated_landing_time": 288.0,
        "wait_time": 0,
        "Landing_success_rate": 0.854
    },
    {
        "model": 2,
        "sequence": 11,
        "status": 1,
        "fuel": 5709,
        "fault": 0.2279,
        "weapon": 0,
        "pilot_injury": 0.6779,
        "pilot_skill": 0.4541,
        "mission_priority": 0.5551,
        "estimated_landing_time": 1040.0,
        "wait_time": 0,
        "Landing_success_rate": 0.8621
    },
    {
        "model": 1,
        "sequence": 9,
        "status": 1,
        "fuel": 6952,
        "fault": 0.5268,
        "weapon": 1,
        "pilot_injury": 0.3052,
        "pilot_skill": 0.2208,
        "mission_priority": 0.892,
        "estimated_landing_time": 852.0,
        "wait_time": 0,
        "Landing_success_rate": 0.9015
    },
    {
        "model": 0,
        "sequence": 17,
        "status": 1,
        "fuel": 6418,
        "fault": 0.4751,
        "weapon": 1,
        "pilot_injury": 0.7219,
        "pilot_skill": 0.5058,
        "mission_priority": 0.6986,
        "estimated_landing_time": 1604.0,
        "wait_time": 0,
        "Landing_success_rate": 0.8861
    },
    {
        "model": 0,
        "sequence": 7,
        "status": 1,
        "fuel": 6581,
        "fault": 0.2618,
        "weapon": 1,
        "pilot_injury": 0.7399,
        "pilot_skill": 0.4379,
        "mission_priority": 0.6525,
        "estimated_landing_time": 664.0,
        "wait_time": 0,
        "Landing_success_rate": 0.9098
    },
    {
        "model": 1,
        "sequence": 4,
        "status": 1,
        "fuel": 7320,
        "fault": 0.2369,
        "weapon": 0,
        "pilot_injury": 0.3375,
        "pilot_skill": 0.4884,
        "mission_priority": 0.7088,
        "estimated_landing_time": 382.0,
        "wait_time": 0,
        "Landing_success_rate": 0.9542
    },
    {
        "model": 0,
        "sequence": 10,
        "status": 1,
        "fuel": 6823,
        "fault": 0.3833,
        "weapon": 1,
        "pilot_injury": 0.5462,
        "pilot_skill": 0.0741,
        "mission_priority": 0.7032,
        "estimated_landing_time": 946.0,
        "wait_time": 0,
        "Landing_success_rate": 0.9112
    },
    {
        "model": 1,
        "sequence": 8,
        "status": 1,
        "fuel": 6252,
        "fault": 0.5124,
        "weapon": 1,
        "pilot_injury": 0.7335,
        "pilot_skill": 0.6462,
        "mission_priority": 0.4109,
        "estimated_landing_time": 758.0,
        "wait_time": 0,
        "Landing_success_rate": 0.8775
    },
    {
        "model": 0,
        "sequence": 18,
        "status": 1,
        "fuel": 5899,
        "fault": 0.23,
        "weapon": 1,
        "pilot_injury": 0.464,
        "pilot_skill": 0.1836,
        "mission_priority": 0.7182,
        "estimated_landing_time": 1698.0,
        "wait_time": 0,
        "Landing_success_rate": 0.873
    },
    {
        "model": 1,
        "sequence": 13,
        "status": 1,
        "fuel": 6349,
        "fault": 0.4497,
        "weapon": 0,
        "pilot_injury": 0.9961,
        "pilot_skill": 0.0449,
        "mission_priority": 0.7393,
        "estimated_landing_time": 1228.0,
        "wait_time": 0,
        "Landing_success_rate": 0.885
    }
]