[
    {
        "model": 2,
        "sequence": 12,
        "status": 1,
        "fuel": 5541,
        "fault": 0.6127,
        "weapon": 1,
        "pilot_injury": 0.6565,
        "pilot_skill": 0.1424,
        "mission_priority": 0.7639,
        "estimated_landing_time": 1134.0,
        "wait_time": 0,
        "Landing_success_rate": 0.8512
    },
    {
        "model": 0,
        "sequence": 4,
        "status": 1,
        "fuel": 6492,
        "fault": 0.5337,
        "weapon": 1,
        "pilot_injury": 0.1317,
        "pilot_skill": 0.6904,
        "mission_priority": 0.7101,
        "estimated_landing_time": 382.0,
        "wait_time": 0,
        "Landing_success_rate": 0.8847
    },
    {
        "model": 2,
        "sequence": 13,
        "status": 1,
        "fuel": 7472,
        "fault": 0.1926,
        "weapon": 0,
        "pilot_injury": 0.299,
        "pilot_skill": 0.6562,
        "mission_priority": 0.7065,
        "estimated_landing_time": 1228.0,
        "wait_time": 0,
        "Landing_success_rate": 0.9694
    },
    {
        "model": 0,
        "sequence": 10,
        "status": 1,
        "fuel": 7288,
        "fault": 0.9949,
        "weapon": 0,
        "pilot_injury": 0.8264,
        "pilot_skill": 0.7392,
        "mission_priority": 0.8371,
        "estimated_landing_time": 946.0,
        "wait_time": 0,
        "Landing_success_rate": 0.8507
    },
    {
        "model": 0,
        "sequence": 1,
        "status": 1,
        "fuel": 7133,
        "fault": 0.4305,
        "weapon": 0,
        "pilot_injury": 0.3442,
        "pilot_skill": 0.4991,
        "mission_priority": 0.6466,
        "estimated_landing_time": 100.0,
        "wait_time": 0,
        "Landing_success_rate": 0.9197
    },
    {
        "model": 2,
        "sequence": 14,
        "status": 1,
        "fuel": 6601,
        "fault": 0.4568,
        "weapon": 0,
        "pilot_injury": 0.4054,
        "pilot_skill": 0.4612,
        "mission_priority": 0.488,
        "estimated_landing_time": 1322.0,
        "wait_time": 0,
        "Landing_success_rate": 0.8949
    },
    {
        "model": 2,
        "sequence": 3,
        "status": 1,
        "fuel": 6677,
        "fault": 0.5529,
        "weapon": 0,
        "pilot_injury": 0.8863,
        "pilot_skill": 0.1592,
        "mission_priority": 0.7127,
        "estimated_landing_time": 288.0,
        "wait_time": 0,
        "Landing_success_rate": 0.8895
    },
    {
        "model": 1,
        "sequence": 9,
        "status": 1,
        "fuel": 7194,
        "fault": 0.231,
        "weapon": 0,
        "pilot_injury": 0.1133,
        "pilot_skill": 0.0641,
        "mission_priority": 0.9778,
        "estimated_landing_time": 852.0,
        "wait_time": 0,
        "Landing_success_rate": 0.9477
    },
    {
        "model": 2,
        "sequence": 15,
        "status": 1,
        "fuel": 6386,
        "fault": 0.6451,
        "weapon": 1,
        "pilot_injury": 0.7618,
        "pilot_skill": 0.0911,
        "mission_priority": 0.6074,
        "estimated_landing_time": 1416.0,
        "wait_time": 0,
        "Landing_success_rate": 0.8736
    },
    {
        "model": 2,
        "sequence": 5,
        "status": 1,
        "fuel": 7371,
        "fault": 0.8031,
        "weapon": 0,
        "pilot_injury": 0.2526,
        "pilot_skill": 0.9546,
        "mission_priority": 0.3011,
        "estimated_landing_time": 476.0,
        "wait_time": 0,
        "Landing_success_rate": 0.8776
    },
    {
        "model": 2,
        "sequence": 18,
        "status": 1,
        "fuel": 5776,
        "fault": 0.7231,
        "weapon": 0,
        "pilot_injury": 0.5743,
        "pilot_skill": 0.7548,
        "mission_priority": 0.7538,
        "estimated_landing_time": 1698.0,
        "wait_time": 0,
        "Landing_success_rate": 0.8557
    },
    {
        "model": 1,
        "sequence": 17,
        "status": 1,
        "fuel": 5602,
        "fault": 0.0772,
        "weapon": 1,
        "pilot_injury": 0.8871,
        "pilot_skill": 0.2483,
        "mission_priority": 0.094,
        "estimated_landing_time": 1604.0,
        "wait_time": 0,
        "Landing_success_rate": 0.8571
    },
    {
        "model": 0,
        "sequence": 8,
        "status": 1,
        "fuel": 6494,
        "fault": 0.4166,
        "weapon": 1,
        "pilot_injury": 0.2072,
        "pilot_skill": 0.3337,
        "mission_priority": 0.5137,
        "estimated_landing_time": 758.0,
        "wait_time": 0,
        "Landing_success_rate": 0.8935
    },
    {
        "model": 1,
        "sequence": 2,
        "status": 1,
        "fuel": 5656,
        "fault": 0.3816,
        "weapon": 0,
        "pilot_injury": 0.1972,
        "pilot_skill": 0.7942,
        "mission_priority": 0.9543,
        "estimated_landing_time": 194.0,
        "wait_time": 0,
        "Landing_success_rate": 0.8572
    },
    {
        "model": 0,
        "sequence": 11,
        "status": 1,
        "fuel": 6998,
        "fault": 0.0158,
        "weapon": 1,
        "pilot_injury": 0.9056,
        "pilot_skill": 0.2991,
        "mission_priority": 0.8295,
        "estimated_landing_time": 1040.0,
        "wait_time": 0,
        "Landing_success_rate": 0.9606
    },
    {
        "model": 2,
        "sequence": 6,
        "status": 1,
        "fuel": 7279,
        "fault": 0.2204,
        "weapon": 0,
        "pilot_injury": 0.0567,
        "pilot_skill": 0.9168,
        "mission_priority": 0.3305,
        "estimated_landing_time": 570.0,
        "wait_time": 0,
        "Landing_success_rate": 0.954
    },
    {
        "model": 2,
        "sequence": 7,
        "status": 1,
        "fuel": 7111,
        "fault": 0.7956,
        "weapon": 0,
        "pilot_injury": 0.1159,
        "pilot_skill": 0.9017,
        "mission_priority": 0.155,
        "estimated_landing_time": 664.0,
        "wait_time": 0,
        "Landing_success_rate": 0.8747
    },
    {
        "model": 2,
        "sequence": 16,
        "status": 1,
        "fuel": 6531,
        "fault": 0.3464,
        "weapon": 1,
        "pilot_injury": 0.8063,
        "pilot_skill": 0.9013,
        "mission_priority": 0.4974,
        "estimated_landing_time": 1510.0,
        "wait_time": 0,
        "Landing_success_rate": 0.9005
    }
]