[
    {
        "model": 1,
        "sequence": 5,
        "status": 1,
        "fuel": 6742,
        "fault": 0.6899,
        "weapon": 1,
        "pilot_injury": 0.3796,
        "pilot_skill": 0.4414,
        "mission_priority": 0.1408,
        "estimated_landing_time": 476.0,
        "wait_time": 0,
        "Landing_success_rate": 0.8789
    },
    {
        "model": 1,
        "sequence": 14,
        "status": 1,
        "fuel": 7447,
        "fault": 0.2738,
        "weapon": 1,
        "pilot_injury": 0.806,
        "pilot_skill": 0.6483,
        "mission_priority": 0.3105,
        "estimated_landing_time": 1322.0,
        "wait_time": 0,
        "Landing_success_rate": 0.956
    },
    {
        "model": 1,
        "sequence": 7,
        "status": 1,
        "fuel": 7238,
        "fault": 0.6386,
        "weapon": 0,
        "pilot_injury": 0.9481,
        "pilot_skill": 0.4184,
        "mission_priority": 0.6792,
        "estimated_landing_time": 664.0,
        "wait_time": 0,
        "Landing_success_rate": 0.8971
    },
    {
        "model": 2,
        "sequence": 15,
        "status": 1,
        "fuel": 6776,
        "fault": 0.4019,
        "weapon": 1,
        "pilot_injury": 0.0721,
        "pilot_skill": 0.5535,
        "mission_priority": 0.7266,
        "estimated_landing_time": 1416.0,
        "wait_time": 0,
        "Landing_success_rate": 0.9072
    },
    {
        "model": 1,
        "sequence": 18,
        "status": 1,
        "fuel": 6814,
        "fault": 0.0894,
        "weapon": 0,
        "pilot_injury": 0.4685,
        "pilot_skill": 0.4978,
        "mission_priority": 0.2743,
        "estimated_landing_time": 1698.0,
        "wait_time": 0,
        "Landing_success_rate": 0.9397
    },
    {
        "model": 0,
        "sequence": 16,
        "status": 1,
        "fuel": 5860,
        "fault": 0.666,
        "weapon": 0,
        "pilot_injury": 0.9315,
        "pilot_skill": 0.3819,
        "mission_priority": 0.1622,
        "estimated_landing_time": 1510.0,
        "wait_time": 0,
        "Landing_success_rate": 0.859
    },
    {
        "model": 1,
        "sequence": 10,
        "status": 1,
        "fuel": 6451,
        "fault": 0.2799,
        "weapon": 1,
        "pilot_injury": 0.6322,
        "pilot_skill": 0.7778,
        "mission_priority": 0.9246,
        "estimated_landing_time": 946.0,
        "wait_time": 0,
        "Landing_success_rate": 0.9014
    },
    {
        "model": 1,
        "sequence": 17,
        "status": 1,
        "fuel": 7175,
        "fault": 0.5814,
        "weapon": 1,
        "pilot_injury": 0.4219,
        "pilot_skill": 0.5744,
        "mission_priority": 0.538,
        "estimated_landing_time": 1604.0,
        "wait_time": 0,
        "Landing_success_rate": 0.9026
    },
    {
        "model": 1,
        "sequence": 12,
        "status": 1,
        "fuel": 6797,
        "fault": 0.6533,
        "weapon": 0,
        "pilot_injury": 0.059,
        "pilot_skill": 0.5007,
        "mission_priority": 0.0225,
        "estimated_landing_time": 1134.0,
        "wait_time": 0,
        "Landing_success_rate": 0.8837
    },
    {
        "model": 1,
        "sequence": 3,
        "status": 1,
        "fuel": 6227,
        "fault": 0.5422,
        "weapon": 1,
        "pilot_injury": 0.5513,
        "pilot_skill": 0.1848,
        "mission_priority": 0.2763,
        "estimated_landing_time": 288.0,
        "wait_time": 0,
        "Landing_success_rate": 0.875
    },
    {
        "model": 0,
        "sequence": 2,
        "status": 1,
        "fuel": 6178,
        "fault": 0.4785,
        "weapon": 0,
        "pilot_injury": 0.9988,
        "pilot_skill": 0.8047,
        "mission_priority": 0.8109,
        "estimated_landing_time": 194.0,
        "wait_time": 0,
        "Landing_success_rate": 0.8765
    },
    {
        "model": 1,
        "sequence": 8,
        "status": 1,
        "fuel": 6138,
        "fault": 0.9613,
        "weapon": 0,
        "pilot_injury": 0.7625,
        "pilot_skill": 0.4311,
        "mission_priority": 0.1771,
        "estimated_landing_time": 758.0,
        "wait_time": 0,
        "Landing_success_rate": 0.8519
    },
    {
        "model": 2,
        "sequence": 13,
        "status": 1,
        "fuel": 6175,
        "fault": 0.5803,
        "weapon": 0,
        "pilot_injury": 0.1092,
        "pilot_skill": 0.6703,
        "mission_priority": 0.7392,
        "estimated_landing_time": 1228.0,
        "wait_time": 0,
        "Landing_success_rate": 0.8712
    },
    {
        "model": 1,
        "sequence": 9,
        "status": 1,
        "fuel": 6140,
        "fault": 0.9321,
        "weapon": 1,
        "pilot_injury": 0.1727,
        "pilot_skill": 0.3679,
        "mission_priority": 0.1618,
        "estimated_landing_time": 852.0,
        "wait_time": 0,
        "Landing_success_rate": 0.8533
    },
    {
        "model": 2,
        "sequence": 6,
        "status": 1,
        "fuel": 5910,
        "fault": 0.3108,
        "weapon": 1,
        "pilot_injury": 0.4425,
        "pilot_skill": 0.5932,
        "mission_priority": 0.5018,
        "estimated_landing_time": 570.0,
        "wait_time": 0,
        "Landing_success_rate": 0.8712
    },
    {
        "model": 2,
        "sequence": 1,
        "status": 1,
        "fuel": 5599,
        "fault": 0.1237,
        "weapon": 1,
        "pilot_injury": 0.2527,
        "pilot_skill": 0.2007,
        "mission_priority": 0.7074,
        "estimated_landing_time": 100.0,
        "wait_time": 0,
        "Landing_success_rate": 0.8565
    },
    {
        "model": 1,
        "sequence": 4,
        "status": 1,
        "fuel": 5720,
        "fault": 0.8924,
        "weapon": 1,
        "pilot_injury": 0.6437,
        "pilot_skill": 0.3079,
        "mission_priority": 0.711,
        "estimated_landing_time": 382.0,
        "wait_time": 0,
        "Landing_success_rate": 0.8518
    },
    {
        "model": 1,
        "sequence": 11,
        "status": 1,
        "fuel": 5769,
        "fault": 0.0469,
        "weapon": 0,
        "pilot_injury": 0.436,
        "pilot_skill": 0.8975,
        "mission_priority": 0.7438,
        "estimated_landing_time": 1040.0,
        "wait_time": 0,
        "Landing_success_rate": 0.8692
    }
]