[
    {
        "model": 1,
        "sequence": 4,
        "status": 1,
        "fuel": 6437,
        "fault": 0.0984,
        "weapon": 0,
        "pilot_injury": 0.2685,
        "pilot_skill": 0.4866,
        "mission_priority": 0.474,
        "estimated_landing_time": 382.0,
        "wait_time": 0,
        "Landing_success_rate": 0.9134
    },
    {
        "model": 2,
        "sequence": 3,
        "status": 1,
        "fuel": 6395,
        "fault": 0.5555,
        "weapon": 0,
        "pilot_injury": 0.9543,
        "pilot_skill": 0.8624,
        "mission_priority": 0.8168,
        "estimated_landing_time": 288.0,
        "wait_time": 0,
        "Landing_success_rate": 0.8798
    },
    {
        "model": 0,
        "sequence": 7,
        "status": 1,
        "fuel": 6808,
        "fault": 0.5791,
        "weapon": 0,
        "pilot_injury": 0.8093,
        "pilot_skill": 0.1847,
        "mission_priority": 0.5035,
        "estimated_landing_time": 664.0,
        "wait_time": 0,
        "Landing_success_rate": 0.8913
    },
    {
        "model": 0,
        "sequence": 9,
        "status": 1,
        "fuel": 5818,
        "fault": 0.15,
        "weapon": 1,
        "pilot_injury": 0.8535,
        "pilot_skill": 0.8914,
        "mission_priority": 0.9967,
        "estimated_landing_time": 852.0,
        "wait_time": 0,
        "Landing_success_rate": 0.8703
    },
    {
        "model": 1,
        "sequence": 2,
        "status": 1,
        "fuel": 7012,
        "fault": 0.9131,
        "weapon": 0,
        "pilot_injury": 0.4317,
        "pilot_skill": 0.0577,
        "mission_priority": 0.6082,
        "estimated_landing_time": 194.0,
        "wait_time": 0,
        "Landing_success_rate": 0.8599
    },
    {
        "model": 0,
        "sequence": 13,
        "status": 1,
        "fuel": 6255,
        "fault": 0.7877,
        "weapon": 0,
        "pilot_injury": 0.5489,
        "pilot_skill": 0.7335,
        "mission_priority": 0.6735,
        "estimated_landing_time": 1228.0,
        "wait_time": 0,
        "Landing_success_rate": 0.862
    },
    {
        "model": 2,
        "sequence": 11,
        "status": 1,
        "fuel": 6136,
        "fault": 0.4311,
        "weapon": 0,
        "pilot_injury": 0.8434,
        "pilot_skill": 0.7441,
        "mission_priority": 0.7768,
        "estimated_landing_time": 1040.0,
        "wait_time": 0,
        "Landing_success_rate": 0.8771
    },
    {
        "model": 2,
        "sequence": 1,
        "status": 1,
        "fuel": 6125,
        "fault": 0.7788,
        "weapon": 1,
        "pilot_injury": 0.4246,
        "pilot_skill": 0.8971,
        "mission_priority": 0.8578,
        "estimated_landing_time": 100.0,
        "wait_time": 0,
        "Landing_success_rate": 0.8604
    },
    {
        "model": 1,
        "sequence": 17,
        "status": 1,
        "fuel": 7454,
        "fault": 0.0353,
        "weapon": 1,
        "pilot_injury": 0.9963,
        "pilot_skill": 0.6061,
        "mission_priority": 0.7831,
        "estimated_landing_time": 1604.0,
        "wait_time": 0,
        "Landing_success_rate": 0.9914
    },
    {
        "model": 1,
        "sequence": 5,
        "status": 1,
        "fuel": 6788,
        "fault": 0.8433,
        "weapon": 1,
        "pilot_injury": 0.93,
        "pilot_skill": 0.6274,
        "mission_priority": 0.8285,
        "estimated_landing_time": 476.0,
        "wait_time": 0,
        "Landing_success_rate": 0.8651
    },
    {
        "model": 2,
        "sequence": 8,
        "status": 1,
        "fuel": 7107,
        "fault": 0.9637,
        "weapon": 1,
        "pilot_injury": 0.8975,
        "pilot_skill": 0.5075,
        "mission_priority": 0.4718,
        "estimated_landing_time": 758.0,
        "wait_time": 0,
        "Landing_success_rate": 0.8544
    },
    {
        "model": 2,
        "sequence": 15,
        "status": 1,
        "fuel": 6268,
        "fault": 0.0623,
        "weapon": 0,
        "pilot_injury": 0.4463,
        "pilot_skill": 0.1805,
        "mission_priority": 0.3974,
        "estimated_landing_time": 1416.0,
        "wait_time": 0,
        "Landing_success_rate": 0.904
    },
    {
        "model": 2,
        "sequence": 16,
        "status": 1,
        "fuel": 6945,
        "fault": 0.1582,
        "weapon": 1,
        "pilot_injury": 0.5932,
        "pilot_skill": 0.6089,
        "mission_priority": 0.2387,
        "estimated_landing_time": 1510.0,
        "wait_time": 0,
        "Landing_success_rate": 0.9412
    },
    {
        "model": 1,
        "sequence": 18,
        "status": 1,
        "fuel": 6660,
        "fault": 0.0133,
        "weapon": 1,
        "pilot_injury": 0.5286,
        "pilot_skill": 0.4421,
        "mission_priority": 0.1296,
        "estimated_landing_time": 1698.0,
        "wait_time": 0,
        "Landing_success_rate": 0.9358
    },
    {
        "model": 2,
        "sequence": 14,
        "status": 1,
        "fuel": 7377,
        "fault": 0.536,
        "weapon": 0,
        "pilot_injury": 0.5814,
        "pilot_skill": 0.091,
        "mission_priority": 0.3323,
        "estimated_landing_time": 1322.0,
        "wait_time": 0,
        "Landing_success_rate": 0.9153
    },
    {
        "model": 2,
        "sequence": 6,
        "status": 1,
        "fuel": 7086,
        "fault": 0.8079,
        "weapon": 1,
        "pilot_injury": 0.2864,
        "pilot_skill": 0.9134,
        "mission_priority": 0.336,
        "estimated_landing_time": 570.0,
        "wait_time": 0,
        "Landing_success_rate": 0.8729
    },
    {
        "model": 2,
        "sequence": 10,
        "status": 1,
        "fuel": 6794,
        "fault": 0.087,
        "weapon": 1,
        "pilot_injury": 0.1565,
        "pilot_skill": 0.5613,
        "mission_priority": 0.2398,
        "estimated_landing_time": 946.0,
        "wait_time": 0,
        "Landing_success_rate": 0.9386
    },
    {
        "model": 0,
        "sequence": 12,
        "status": 1,
        "fuel": 7323,
        "fault": 0.5713,
        "weapon": 0,
        "pilot_injury": 0.056,
        "pilot_skill": 0.7174,
        "mission_priority": 0.333,
        "estimated_landing_time": 1134.0,
        "wait_time": 0,
        "Landing_success_rate": 0.9086
    }
]