[
    {
        "model": 1,
        "sequence": 1,
        "status": 1,
        "fuel": 7315,
        "fault": 0.522,
        "weapon": 1,
        "pilot_injury": 0.315,
        "pilot_skill": 0.8007,
        "mission_priority": 0.9454,
        "estimated_landing_time": 100.0,
        "wait_time": 0,
        "Landing_success_rate": 0.9151
    },
    {
        "model": 2,
        "sequence": 13,
        "status": 1,
        "fuel": 6013,
        "fault": 0.2002,
        "weapon": 0,
        "pilot_injury": 0.3914,
        "pilot_skill": 0.7594,
        "mission_priority": 0.9069,
        "estimated_landing_time": 1228.0,
        "wait_time": 0,
        "Landing_success_rate": 0.8808
    },
    {
        "model": 0,
        "sequence": 12,
        "status": 1,
        "fuel": 5736,
        "fault": 0.764,
        "weapon": 0,
        "pilot_injury": 0.8225,
        "pilot_skill": 0.0466,
        "mission_priority": 0.2858,
        "estimated_landing_time": 1134.0,
        "wait_time": 0,
        "Landing_success_rate": 0.8542
    },
    {
        "model": 0,
        "sequence": 14,
        "status": 1,
        "fuel": 5631,
        "fault": 0.9188,
        "weapon": 0,
        "pilot_injury": 0.0034,
        "pilot_skill": 0.308,
        "mission_priority": 0.9304,
        "estimated_landing_time": 1322.0,
        "wait_time": 0,
        "Landing_success_rate": 0.8508
    },
    {
        "model": 0,
        "sequence": 2,
        "status": 1,
        "fuel": 7262,
        "fault": 0.9347,
        "weapon": 0,
        "pilot_injury": 0.7301,
        "pilot_skill": 0.7453,
        "mission_priority": 0.4722,
        "estimated_landing_time": 194.0,
        "wait_time": 0,
        "Landing_success_rate": 0.8586
    },
    {
        "model": 0,
        "sequence": 18,
        "status": 1,
        "fuel": 7265,
        "fault": 0.4088,
        "weapon": 1,
        "pilot_injury": 0.9134,
        "pilot_skill": 0.7555,
        "mission_priority": 0.3682,
        "estimated_landing_time": 1698.0,
        "wait_time": 0,
        "Landing_success_rate": 0.9283
    },
    {
        "model": 0,
        "sequence": 9,
        "status": 1,
        "fuel": 5554,
        "fault": 0.6429,
        "weapon": 1,
        "pilot_injury": 0.131,
        "pilot_skill": 0.9299,
        "mission_priority": 0.0948,
        "estimated_landing_time": 852.0,
        "wait_time": 0,
        "Landing_success_rate": 0.8514
    },
    {
        "model": 0,
        "sequence": 7,
        "status": 1,
        "fuel": 6627,
        "fault": 0.5625,
        "weapon": 0,
        "pilot_injury": 0.1039,
        "pilot_skill": 0.863,
        "mission_priority": 0.9227,
        "estimated_landing_time": 664.0,
        "wait_time": 0,
        "Landing_success_rate": 0.887
    },
    {
        "model": 0,
        "sequence": 16,
        "status": 1,
        "fuel": 6335,
        "fault": 0.5512,
        "weapon": 0,
        "pilot_injury": 0.539,
        "pilot_skill": 0.2262,
        "mission_priority": 0.298,
        "estimated_landing_time": 1510.0,
        "wait_time": 0,
        "Landing_success_rate": 0.8781
    },
    {
        "model": 2,
        "sequence": 4,
        "status": 1,
        "fuel": 6482,
        "fault": 0.4022,
        "weapon": 0,
        "pilot_injury": 0.6117,
        "pilot_skill": 0.9302,
        "mission_priority": 0.7391,
        "estimated_landing_time": 382.0,
        "wait_time": 0,
        "Landing_success_rate": 0.894
    },
    {
        "model": 1,
        "sequence": 3,
        "status": 1,
        "fuel": 6624,
        "fault": 0.5167,
        "weapon": 0,
        "pilot_injury": 0.8883,
        "pilot_skill": 0.947,
        "mission_priority": 0.9323,
        "estimated_landing_time": 288.0,
        "wait_time": 0,
        "Landing_success_rate": 0.8907
    },
    {
        "model": 2,
        "sequence": 5,
        "status": 1,
        "fuel": 7232,
        "fault": 0.0596,
        "weapon": 1,
        "pilot_injury": 0.6432,
        "pilot_skill": 0.2951,
        "mission_priority": 0.9924,
        "estimated_landing_time": 476.0,
        "wait_time": 0,
        "Landing_success_rate": 0.9722
    },
    {
        "model": 1,
        "sequence": 17,
        "status": 1,
        "fuel": 6256,
        "fault": 0.1447,
        "weapon": 0,
        "pilot_injury": 0.4841,
        "pilot_skill": 0.3231,
        "mission_priority": 0.924,
        "estimated_landing_time": 1604.0,
        "wait_time": 0,
        "Landing_success_rate": 0.8985
    },
    {
        "model": 0,
        "sequence": 11,
        "status": 1,
        "fuel": 7161,
        "fault": 0.0227,
        "weapon": 0,
        "pilot_injury": 0.6259,
        "pilot_skill": 0.0811,
        "mission_priority": 0.7567,
        "estimated_landing_time": 1040.0,
        "wait_time": 0,
        "Landing_success_rate": 0.9717
    },
    {
        "model": 2,
        "sequence": 15,
        "status": 1,
        "fuel": 5764,
        "fault": 0.0605,
        "weapon": 1,
        "pilot_injury": 0.9557,
        "pilot_skill": 0.5793,
        "mission_priority": 0.6952,
        "estimated_landing_time": 1416.0,
        "wait_time": 0,
        "Landing_success_rate": 0.8686
    },
    {
        "model": 0,
        "sequence": 6,
        "status": 1,
        "fuel": 7276,
        "fault": 0.8159,
        "weapon": 1,
        "pilot_injury": 0.4318,
        "pilot_skill": 0.0248,
        "mission_priority": 0.7283,
        "estimated_landing_time": 570.0,
        "wait_time": 0,
        "Landing_success_rate": 0.8745
    },
    {
        "model": 1,
        "sequence": 10,
        "status": 1,
        "fuel": 6907,
        "fault": 0.9015,
        "weapon": 0,
        "pilot_injury": 0.3398,
        "pilot_skill": 0.5193,
        "mission_priority": 0.7284,
        "estimated_landing_time": 946.0,
        "wait_time": 0,
        "Landing_success_rate": 0.8604
    },
    {
        "model": 2,
        "sequence": 8,
        "status": 1,
        "fuel": 5544,
        "fault": 0.9162,
        "weapon": 0,
        "pilot_injury": 0.8864,
        "pilot_skill": 0.5413,
        "mission_priority": 0.1224,
        "estimated_landing_time": 758.0,
        "wait_time": 0,
        "Landing_success_rate": 0.8503
    }
]