[
    {
        "model": 2,
        "sequence": 11,
        "status": 1,
        "fuel": 5908,
        "fault": 0.5369,
        "weapon": 1,
        "pilot_injury": 0.4622,
        "pilot_skill": 0.1959,
        "mission_priority": 0.7679,
        "estimated_landing_time": 1040.0,
        "wait_time": 0,
        "Landing_success_rate": 0.8642
    },
    {
        "model": 1,
        "sequence": 9,
        "status": 1,
        "fuel": 5646,
        "fault": 0.8149,
        "weapon": 0,
        "pilot_injury": 0.2522,
        "pilot_skill": 0.4344,
        "mission_priority": 0.4636,
        "estimated_landing_time": 852.0,
        "wait_time": 0,
        "Landing_success_rate": 0.852
    },
    {
        "model": 1,
        "sequence": 16,
        "status": 1,
        "fuel": 5575,
        "fault": 0.1065,
        "weapon": 1,
        "pilot_injury": 0.9047,
        "pilot_skill": 0.6094,
        "mission_priority": 0.0389,
        "estimated_landing_time": 1510.0,
        "wait_time": 0,
        "Landing_success_rate": 0.855
    },
    {
        "model": 1,
        "sequence": 10,
        "status": 1,
        "fuel": 5846,
        "fault": 0.0897,
        "weapon": 1,
        "pilot_injury": 0.7919,
        "pilot_skill": 0.4677,
        "mission_priority": 0.8519,
        "estimated_landing_time": 946.0,
        "wait_time": 0,
        "Landing_success_rate": 0.8736
    },
    {
        "model": 0,
        "sequence": 6,
        "status": 1,
        "fuel": 7168,
        "fault": 0.4171,
        "weapon": 1,
        "pilot_injury": 0.3769,
        "pilot_skill": 0.5082,
        "mission_priority": 0.0422,
        "estimated_landing_time": 570.0,
        "wait_time": 0,
        "Landing_success_rate": 0.9229
    },
    {
        "model": 1,
        "sequence": 14,
        "status": 1,
        "fuel": 6462,
        "fault": 0.433,
        "weapon": 1,
        "pilot_injury": 0.4708,
        "pilot_skill": 0.7548,
        "mission_priority": 0.2975,
        "estimated_landing_time": 1322.0,
        "wait_time": 0,
        "Landing_success_rate": 0.8909
    },
    {
        "model": 2,
        "sequence": 5,
        "status": 1,
        "fuel": 7014,
        "fault": 0.5629,
        "weapon": 1,
        "pilot_injury": 0.528,
        "pilot_skill": 0.0055,
        "mission_priority": 0.7095,
        "estimated_landing_time": 476.0,
        "wait_time": 0,
        "Landing_success_rate": 0.8996
    },
    {
        "model": 1,
        "sequence": 12,
        "status": 1,
        "fuel": 7368,
        "fault": 0.476,
        "weapon": 0,
        "pilot_injury": 0.2632,
        "pilot_skill": 0.1783,
        "mission_priority": 0.7,
        "estimated_landing_time": 1134.0,
        "wait_time": 0,
        "Landing_success_rate": 0.9234
    },
    {
        "model": 0,
        "sequence": 15,
        "status": 1,
        "fuel": 6640,
        "fault": 0.9419,
        "weapon": 0,
        "pilot_injury": 0.2037,
        "pilot_skill": 0.6127,
        "mission_priority": 0.6439,
        "estimated_landing_time": 1416.0,
        "wait_time": 0,
        "Landing_success_rate": 0.855
    },
    {
        "model": 2,
        "sequence": 1,
        "status": 1,
        "fuel": 6862,
        "fault": 0.4001,
        "weapon": 0,
        "pilot_injury": 0.3758,
        "pilot_skill": 0.8833,
        "mission_priority": 0.1692,
        "estimated_landing_time": 100.0,
        "wait_time": 0,
        "Landing_success_rate": 0.9113
    },
    {
        "model": 0,
        "sequence": 7,
        "status": 1,
        "fuel": 6449,
        "fault": 0.1576,
        "weapon": 1,
        "pilot_injury": 0.6036,
        "pilot_skill": 0.6383,
        "mission_priority": 0.4535,
        "estimated_landing_time": 664.0,
        "wait_time": 0,
        "Landing_success_rate": 0.91
    },
    {
        "model": 2,
        "sequence": 2,
        "status": 1,
        "fuel": 5864,
        "fault": 0.8784,
        "weapon": 0,
        "pilot_injury": 0.7766,
        "pilot_skill": 0.2417,
        "mission_priority": 0.3204,
        "estimated_landing_time": 194.0,
        "wait_time": 0,
        "Landing_success_rate": 0.8533
    },
    {
        "model": 1,
        "sequence": 18,
        "status": 1,
        "fuel": 7005,
        "fault": 0.0957,
        "weapon": 1,
        "pilot_injury": 0.3612,
        "pilot_skill": 0.238,
        "mission_priority": 0.9957,
        "estimated_landing_time": 1698.0,
        "wait_time": 0,
        "Landing_success_rate": 0.9521
    },
    {
        "model": 0,
        "sequence": 17,
        "status": 1,
        "fuel": 5559,
        "fault": 0.1422,
        "weapon": 0,
        "pilot_injury": 0.9221,
        "pilot_skill": 0.665,
        "mission_priority": 0.176,
        "estimated_landing_time": 1604.0,
        "wait_time": 0,
        "Landing_success_rate": 0.8538
    },
    {
        "model": 1,
        "sequence": 13,
        "status": 1,
        "fuel": 6454,
        "fault": 0.6738,
        "weapon": 1,
        "pilot_injury": 0.1132,
        "pilot_skill": 0.0296,
        "mission_priority": 0.1354,
        "estimated_landing_time": 1228.0,
        "wait_time": 0,
        "Landing_success_rate": 0.8733
    },
    {
        "model": 2,
        "sequence": 4,
        "status": 1,
        "fuel": 5910,
        "fault": 0.491,
        "weapon": 1,
        "pilot_injury": 0.2788,
        "pilot_skill": 0.1191,
        "mission_priority": 0.273,
        "estimated_landing_time": 382.0,
        "wait_time": 0,
        "Landing_success_rate": 0.8657
    },
    {
        "model": 1,
        "sequence": 8,
        "status": 1,
        "fuel": 7354,
        "fault": 0.6105,
        "weapon": 0,
        "pilot_injury": 0.9611,
        "pilot_skill": 0.131,
        "mission_priority": 0.9903,
        "estimated_landing_time": 758.0,
        "wait_time": 0,
        "Landing_success_rate": 0.9042
    },
    {
        "model": 1,
        "sequence": 3,
        "status": 1,
        "fuel": 5665,
        "fault": 0.7359,
        "weapon": 1,
        "pilot_injury": 0.2518,
        "pilot_skill": 0.5663,
        "mission_priority": 0.0966,
        "estimated_landing_time": 288.0,
        "wait_time": 0,
        "Landing_success_rate": 0.8533
    }
]