[
    {
        "model": 0,
        "sequence": 11,
        "status": 1,
        "fuel": 5827,
        "fault": 0.8256,
        "weapon": 1,
        "pilot_injury": 0.6321,
        "pilot_skill": 0.6941,
        "mission_priority": 0.8546,
        "estimated_landing_time": 1040.0,
        "wait_time": 0,
        "Landing_success_rate": 0.8543
    },
    {
        "model": 1,
        "sequence": 8,
        "status": 1,
        "fuel": 6043,
        "fault": 0.48,
        "weapon": 1,
        "pilot_injury": 0.6511,
        "pilot_skill": 0.1619,
        "mission_priority": 0.6949,
        "estimated_landing_time": 758.0,
        "wait_time": 0,
        "Landing_success_rate": 0.8712
    },
    {
        "model": 0,
        "sequence": 15,
        "status": 1,
        "fuel": 7306,
        "fault": 0.0299,
        "weapon": 0,
        "pilot_injury": 0.8176,
        "pilot_skill": 0.4399,
        "mission_priority": 0.9035,
        "estimated_landing_time": 1416.0,
        "wait_time": 0,
        "Landing_success_rate": 0.9814
    },
    {
        "model": 0,
        "sequence": 2,
        "status": 1,
        "fuel": 7367,
        "fault": 0.3912,
        "weapon": 0,
        "pilot_injury": 0.5858,
        "pilot_skill": 0.5595,
        "mission_priority": 0.4573,
        "estimated_landing_time": 194.0,
        "wait_time": 0,
        "Landing_success_rate": 0.9352
    },
    {
        "model": 0,
        "sequence": 14,
        "status": 1,
        "fuel": 7108,
        "fault": 0.2048,
        "weapon": 1,
        "pilot_injury": 0.2158,
        "pilot_skill": 0.9557,
        "mission_priority": 0.6198,
        "estimated_landing_time": 1322.0,
        "wait_time": 0,
        "Landing_success_rate": 0.9459
    },
    {
        "model": 2,
        "sequence": 18,
        "status": 1,
        "fuel": 6151,
        "fault": 0.2894,
        "weapon": 1,
        "pilot_injury": 0.2982,
        "pilot_skill": 0.1327,
        "mission_priority": 0.3002,
        "estimated_landing_time": 1698.0,
        "wait_time": 0,
        "Landing_success_rate": 0.8847
    },
    {
        "model": 0,
        "sequence": 9,
        "status": 1,
        "fuel": 5702,
        "fault": 0.3035,
        "weapon": 0,
        "pilot_injury": 0.4525,
        "pilot_skill": 0.5682,
        "mission_priority": 0.8927,
        "estimated_landing_time": 852.0,
        "wait_time": 0,
        "Landing_success_rate": 0.8606
    },
    {
        "model": 2,
        "sequence": 16,
        "status": 1,
        "fuel": 6404,
        "fault": 0.7325,
        "weapon": 1,
        "pilot_injury": 0.6662,
        "pilot_skill": 0.8554,
        "mission_priority": 0.5254,
        "estimated_landing_time": 1510.0,
        "wait_time": 0,
        "Landing_success_rate": 0.8681
    },
    {
        "model": 0,
        "sequence": 12,
        "status": 1,
        "fuel": 6684,
        "fault": 0.565,
        "weapon": 0,
        "pilot_injury": 0.0679,
        "pilot_skill": 0.8522,
        "mission_priority": 0.6496,
        "estimated_landing_time": 1134.0,
        "wait_time": 0,
        "Landing_success_rate": 0.8886
    },
    {
        "model": 0,
        "sequence": 4,
        "status": 1,
        "fuel": 6234,
        "fault": 0.1317,
        "weapon": 0,
        "pilot_injury": 0.9028,
        "pilot_skill": 0.8409,
        "mission_priority": 0.7631,
        "estimated_landing_time": 382.0,
        "wait_time": 0,
        "Landing_success_rate": 0.8978
    },
    {
        "model": 0,
        "sequence": 13,
        "status": 1,
        "fuel": 6852,
        "fault": 0.7781,
        "weapon": 1,
        "pilot_injury": 0.2469,
        "pilot_skill": 0.0243,
        "mission_priority": 0.4328,
        "estimated_landing_time": 1228.0,
        "wait_time": 0,
        "Landing_success_rate": 0.8725
    },
    {
        "model": 0,
        "sequence": 17,
        "status": 1,
        "fuel": 6123,
        "fault": 0.554,
        "weapon": 1,
        "pilot_injury": 0.2294,
        "pilot_skill": 0.6508,
        "mission_priority": 0.745,
        "estimated_landing_time": 1604.0,
        "wait_time": 0,
        "Landing_success_rate": 0.8708
    },
    {
        "model": 1,
        "sequence": 6,
        "status": 1,
        "fuel": 5634,
        "fault": 0.8691,
        "weapon": 0,
        "pilot_injury": 0.5924,
        "pilot_skill": 0.096,
        "mission_priority": 0.8095,
        "estimated_landing_time": 570.0,
        "wait_time": 0,
        "Landing_success_rate": 0.8513
    },
    {
        "model": 2,
        "sequence": 7,
        "status": 1,
        "fuel": 5900,
        "fault": 0.6425,
        "weapon": 0,
        "pilot_injury": 0.5218,
        "pilot_skill": 0.7319,
        "mission_priority": 0.9721,
        "estimated_landing_time": 664.0,
        "wait_time": 0,
        "Landing_success_rate": 0.8607
    },
    {
        "model": 1,
        "sequence": 5,
        "status": 1,
        "fuel": 6392,
        "fault": 0.3576,
        "weapon": 0,
        "pilot_injury": 0.8258,
        "pilot_skill": 0.1102,
        "mission_priority": 0.0277,
        "estimated_landing_time": 476.0,
        "wait_time": 0,
        "Landing_success_rate": 0.893
    },
    {
        "model": 1,
        "sequence": 10,
        "status": 1,
        "fuel": 6841,
        "fault": 0.1741,
        "weapon": 0,
        "pilot_injury": 0.2557,
        "pilot_skill": 0.9763,
        "mission_priority": 0.6531,
        "estimated_landing_time": 946.0,
        "wait_time": 0,
        "Landing_success_rate": 0.9331
    },
    {
        "model": 1,
        "sequence": 3,
        "status": 1,
        "fuel": 6353,
        "fault": 0.3396,
        "weapon": 0,
        "pilot_injury": 0.1214,
        "pilot_skill": 0.9278,
        "mission_priority": 0.8665,
        "estimated_landing_time": 288.0,
        "wait_time": 0,
        "Landing_success_rate": 0.8922
    },
    {
        "model": 1,
        "sequence": 1,
        "status": 1,
        "fuel": 6315,
        "fault": 0.5756,
        "weapon": 0,
        "pilot_injury": 0.4583,
        "pilot_skill": 0.9745,
        "mission_priority": 0.8239,
        "estimated_landing_time": 100.0,
        "wait_time": 0,
        "Landing_success_rate": 0.8759
    }
]