[
    {
        "model": 0,
        "sequence": 15,
        "status": 1,
        "fuel": 5621,
        "fault": 0.9497,
        "weapon": 0,
        "pilot_injury": 0.449,
        "pilot_skill": 0.8283,
        "mission_priority": 0.342,
        "estimated_landing_time": 1416.0,
        "wait_time": 0,
        "Landing_success_rate": 0.8505
    },
    {
        "model": 1,
        "sequence": 11,
        "status": 1,
        "fuel": 6407,
        "fault": 0.7307,
        "weapon": 1,
        "pilot_injury": 0.9301,
        "pilot_skill": 0.4184,
        "mission_priority": 0.2309,
        "estimated_landing_time": 1040.0,
        "wait_time": 0,
        "Landing_success_rate": 0.8683
    },
    {
        "model": 0,
        "sequence": 10,
        "status": 1,
        "fuel": 7135,
        "fault": 0.6906,
        "weapon": 0,
        "pilot_injury": 0.9181,
        "pilot_skill": 0.2379,
        "mission_priority": 0.672,
        "estimated_landing_time": 946.0,
        "wait_time": 0,
        "Landing_success_rate": 0.8879
    },
    {
        "model": 0,
        "sequence": 5,
        "status": 1,
        "fuel": 6196,
        "fault": 0.306,
        "weapon": 1,
        "pilot_injury": 0.4869,
        "pilot_skill": 0.4698,
        "mission_priority": 0.8827,
        "estimated_landing_time": 476.0,
        "wait_time": 0,
        "Landing_success_rate": 0.8862
    },
    {
        "model": 2,
        "sequence": 4,
        "status": 1,
        "fuel": 5770,
        "fault": 0.2959,
        "weapon": 1,
        "pilot_injury": 0.7049,
        "pilot_skill": 0.6784,
        "mission_priority": 0.0562,
        "estimated_landing_time": 382.0,
        "wait_time": 0,
        "Landing_success_rate": 0.8643
    },
    {
        "model": 2,
        "sequence": 6,
        "status": 1,
        "fuel": 6127,
        "fault": 0.8517,
        "weapon": 1,
        "pilot_injury": 0.3024,
        "pilot_skill": 0.8201,
        "mission_priority": 0.8324,
        "estimated_landing_time": 570.0,
        "wait_time": 0,
        "Landing_success_rate": 0.857
    },
    {
        "model": 2,
        "sequence": 2,
        "status": 1,
        "fuel": 6585,
        "fault": 0.4216,
        "weapon": 0,
        "pilot_injury": 0.5512,
        "pilot_skill": 0.906,
        "mission_priority": 0.3168,
        "estimated_landing_time": 194.0,
        "wait_time": 0,
        "Landing_success_rate": 0.8971
    },
    {
        "model": 1,
        "sequence": 1,
        "status": 1,
        "fuel": 6918,
        "fault": 0.8116,
        "weapon": 1,
        "pilot_injury": 0.6519,
        "pilot_skill": 0.9837,
        "mission_priority": 0.5158,
        "estimated_landing_time": 100.0,
        "wait_time": 0,
        "Landing_success_rate": 0.87
    },
    {
        "model": 1,
        "sequence": 9,
        "status": 1,
        "fuel": 5978,
        "fault": 0.1143,
        "weapon": 1,
        "pilot_injury": 0.7314,
        "pilot_skill": 0.0009,
        "mission_priority": 0.6619,
        "estimated_landing_time": 852.0,
        "wait_time": 0,
        "Landing_success_rate": 0.8818
    },
    {
        "model": 1,
        "sequence": 16,
        "status": 1,
        "fuel": 7377,
        "fault": 0.2745,
        "weapon": 0,
        "pilot_injury": 0.1631,
        "pilot_skill": 0.5525,
        "mission_priority": 0.6694,
        "estimated_landing_time": 1510.0,
        "wait_time": 0,
        "Landing_success_rate": 0.9521
    },
    {
        "model": 1,
        "sequence": 18,
        "status": 1,
        "fuel": 5629,
        "fault": 0.1347,
        "weapon": 0,
        "pilot_injury": 0.9338,
        "pilot_skill": 0.4802,
        "mission_priority": 0.2521,
        "estimated_landing_time": 1698.0,
        "wait_time": 0,
        "Landing_success_rate": 0.8584
    },
    {
        "model": 0,
        "sequence": 12,
        "status": 1,
        "fuel": 6709,
        "fault": 0.658,
        "weapon": 0,
        "pilot_injury": 0.4211,
        "pilot_skill": 0.4468,
        "mission_priority": 0.1125,
        "estimated_landing_time": 1134.0,
        "wait_time": 0,
        "Landing_success_rate": 0.881
    },
    {
        "model": 0,
        "sequence": 8,
        "status": 1,
        "fuel": 5535,
        "fault": 0.2645,
        "weapon": 1,
        "pilot_injury": 0.0775,
        "pilot_skill": 0.9969,
        "mission_priority": 0.2696,
        "estimated_landing_time": 758.0,
        "wait_time": 0,
        "Landing_success_rate": 0.8519
    },
    {
        "model": 2,
        "sequence": 17,
        "status": 1,
        "fuel": 7391,
        "fault": 0.3508,
        "weapon": 0,
        "pilot_injury": 0.8217,
        "pilot_skill": 0.0641,
        "mission_priority": 0.1054,
        "estimated_landing_time": 1604.0,
        "wait_time": 0,
        "Landing_success_rate": 0.9421
    },
    {
        "model": 0,
        "sequence": 3,
        "status": 1,
        "fuel": 5942,
        "fault": 0.7263,
        "weapon": 1,
        "pilot_injury": 0.6595,
        "pilot_skill": 0.5883,
        "mission_priority": 0.6628,
        "estimated_landing_time": 288.0,
        "wait_time": 0,
        "Landing_success_rate": 0.8591
    },
    {
        "model": 1,
        "sequence": 13,
        "status": 1,
        "fuel": 7330,
        "fault": 0.7789,
        "weapon": 1,
        "pilot_injury": 0.5467,
        "pilot_skill": 0.9187,
        "mission_priority": 0.4856,
        "estimated_landing_time": 1228.0,
        "wait_time": 0,
        "Landing_success_rate": 0.8803
    },
    {
        "model": 0,
        "sequence": 7,
        "status": 1,
        "fuel": 6323,
        "fault": 0.1313,
        "weapon": 0,
        "pilot_injury": 0.4352,
        "pilot_skill": 0.849,
        "mission_priority": 0.1077,
        "estimated_landing_time": 664.0,
        "wait_time": 0,
        "Landing_success_rate": 0.9036
    },
    {
        "model": 2,
        "sequence": 14,
        "status": 1,
        "fuel": 6324,
        "fault": 0.5807,
        "weapon": 1,
        "pilot_injury": 0.7504,
        "pilot_skill": 0.5915,
        "mission_priority": 0.4481,
        "estimated_landing_time": 1322.0,
        "wait_time": 0,
        "Landing_success_rate": 0.8759
    }
]