[
    {
        "model": 2,
        "sequence": 9,
        "status": 1,
        "fuel": 6407,
        "fault": 0.301,
        "weapon": 0,
        "pilot_injury": 0.3184,
        "pilot_skill": 0.4628,
        "mission_priority": 0.2007,
        "estimated_landing_time": 852.0,
        "wait_time": 0,
        "Landing_success_rate": 0.8975
    },
    {
        "model": 0,
        "sequence": 13,
        "status": 1,
        "fuel": 5526,
        "fault": 0.2893,
        "weapon": 1,
        "pilot_injury": 0.1169,
        "pilot_skill": 0.1878,
        "mission_priority": 0.528,
        "estimated_landing_time": 1228.0,
        "wait_time": 0,
        "Landing_success_rate": 0.8514
    },
    {
        "model": 0,
        "sequence": 6,
        "status": 1,
        "fuel": 6918,
        "fault": 0.3609,
        "weapon": 0,
        "pilot_injury": 0.8634,
        "pilot_skill": 0.8461,
        "mission_priority": 0.3478,
        "estimated_landing_time": 570.0,
        "wait_time": 0,
        "Landing_success_rate": 0.918
    },
    {
        "model": 2,
        "sequence": 17,
        "status": 1,
        "fuel": 6891,
        "fault": 0.7048,
        "weapon": 1,
        "pilot_injury": 0.0258,
        "pilot_skill": 0.5803,
        "mission_priority": 0.5974,
        "estimated_landing_time": 1604.0,
        "wait_time": 0,
        "Landing_success_rate": 0.8808
    },
    {
        "model": 1,
        "sequence": 10,
        "status": 1,
        "fuel": 7425,
        "fault": 0.0777,
        "weapon": 1,
        "pilot_injury": 0.3558,
        "pilot_skill": 0.4378,
        "mission_priority": 0.6713,
        "estimated_landing_time": 946.0,
        "wait_time": 0,
        "Landing_success_rate": 0.9832
    },
    {
        "model": 2,
        "sequence": 3,
        "status": 1,
        "fuel": 6770,
        "fault": 0.5099,
        "weapon": 0,
        "pilot_injury": 0.6671,
        "pilot_skill": 0.8567,
        "mission_priority": 0.0852,
        "estimated_landing_time": 288.0,
        "wait_time": 0,
        "Landing_success_rate": 0.8967
    },
    {
        "model": 1,
        "sequence": 15,
        "status": 1,
        "fuel": 6578,
        "fault": 0.4372,
        "weapon": 0,
        "pilot_injury": 0.1775,
        "pilot_skill": 0.6305,
        "mission_priority": 0.8856,
        "estimated_landing_time": 1416.0,
        "wait_time": 0,
        "Landing_success_rate": 0.8955
    },
    {
        "model": 2,
        "sequence": 4,
        "status": 1,
        "fuel": 6514,
        "fault": 0.5302,
        "weapon": 1,
        "pilot_injury": 0.1038,
        "pilot_skill": 0.6649,
        "mission_priority": 0.4543,
        "estimated_landing_time": 382.0,
        "wait_time": 0,
        "Landing_success_rate": 0.8857
    },
    {
        "model": 0,
        "sequence": 8,
        "status": 1,
        "fuel": 5872,
        "fault": 0.8107,
        "weapon": 0,
        "pilot_injury": 0.5815,
        "pilot_skill": 0.4241,
        "mission_priority": 0.5586,
        "estimated_landing_time": 758.0,
        "wait_time": 0,
        "Landing_success_rate": 0.8553
    },
    {
        "model": 2,
        "sequence": 5,
        "status": 1,
        "fuel": 5651,
        "fault": 0.9628,
        "weapon": 0,
        "pilot_injury": 0.3743,
        "pilot_skill": 0.7364,
        "mission_priority": 0.7064,
        "estimated_landing_time": 476.0,
        "wait_time": 0,
        "Landing_success_rate": 0.8504
    },
    {
        "model": 2,
        "sequence": 16,
        "status": 1,
        "fuel": 7150,
        "fault": 0.7377,
        "weapon": 1,
        "pilot_injury": 0.3145,
        "pilot_skill": 0.7832,
        "mission_priority": 0.497,
        "estimated_landing_time": 1510.0,
        "wait_time": 0,
        "Landing_success_rate": 0.8825
    },
    {
        "model": 1,
        "sequence": 1,
        "status": 1,
        "fuel": 6887,
        "fault": 0.1141,
        "weapon": 1,
        "pilot_injury": 0.1325,
        "pilot_skill": 0.1782,
        "mission_priority": 0.7588,
        "estimated_landing_time": 100.0,
        "wait_time": 0,
        "Landing_success_rate": 0.9422
    },
    {
        "model": 1,
        "sequence": 12,
        "status": 1,
        "fuel": 6507,
        "fault": 0.0695,
        "weapon": 1,
        "pilot_injury": 0.2933,
        "pilot_skill": 0.8666,
        "mission_priority": 0.7227,
        "estimated_landing_time": 1134.0,
        "wait_time": 0,
        "Landing_success_rate": 0.9203
    },
    {
        "model": 1,
        "sequence": 7,
        "status": 1,
        "fuel": 6354,
        "fault": 0.936,
        "weapon": 0,
        "pilot_injury": 0.5796,
        "pilot_skill": 0.1094,
        "mission_priority": 0.7109,
        "estimated_landing_time": 664.0,
        "wait_time": 0,
        "Landing_success_rate": 0.8541
    },
    {
        "model": 2,
        "sequence": 14,
        "status": 1,
        "fuel": 5907,
        "fault": 0.5551,
        "weapon": 1,
        "pilot_injury": 0.7358,
        "pilot_skill": 0.5505,
        "mission_priority": 0.5594,
        "estimated_landing_time": 1322.0,
        "wait_time": 0,
        "Landing_success_rate": 0.8636
    },
    {
        "model": 2,
        "sequence": 2,
        "status": 1,
        "fuel": 7300,
        "fault": 0.7888,
        "weapon": 1,
        "pilot_injury": 0.2169,
        "pilot_skill": 0.7688,
        "mission_priority": 0.2714,
        "estimated_landing_time": 194.0,
        "wait_time": 0,
        "Landing_success_rate": 0.8785
    },
    {
        "model": 1,
        "sequence": 18,
        "status": 1,
        "fuel": 5746,
        "fault": 0.997,
        "weapon": 1,
        "pilot_injury": 0.7574,
        "pilot_skill": 0.2109,
        "mission_priority": 0.4873,
        "estimated_landing_time": 1698.0,
        "wait_time": 0,
        "Landing_success_rate": 0.8501
    },
    {
        "model": 0,
        "sequence": 11,
        "status": 1,
        "fuel": 6027,
        "fault": 0.799,
        "weapon": 0,
        "pilot_injury": 0.8881,
        "pilot_skill": 0.2826,
        "mission_priority": 0.2243,
        "estimated_landing_time": 1040.0,
        "wait_time": 0,
        "Landing_success_rate": 0.8579
    }
]