[
    {
        "model": 2,
        "sequence": 15,
        "status": 1,
        "fuel": 6571,
        "fault": 0.3182,
        "weapon": 0,
        "pilot_injury": 0.0398,
        "pilot_skill": 0.2613,
        "mission_priority": 0.0982,
        "estimated_landing_time": 1416.0,
        "wait_time": 0,
        "Landing_success_rate": 0.9048
    },
    {
        "model": 0,
        "sequence": 9,
        "status": 1,
        "fuel": 6660,
        "fault": 0.0434,
        "weapon": 1,
        "pilot_injury": 0.6983,
        "pilot_skill": 0.7069,
        "mission_priority": 0.4532,
        "estimated_landing_time": 852.0,
        "wait_time": 0,
        "Landing_success_rate": 0.9332
    },
    {
        "model": 1,
        "sequence": 17,
        "status": 1,
        "fuel": 7205,
        "fault": 0.032,
        "weapon": 0,
        "pilot_injury": 0.9616,
        "pilot_skill": 0.099,
        "mission_priority": 0.8796,
        "estimated_landing_time": 1604.0,
        "wait_time": 0,
        "Landing_success_rate": 0.9738
    },
    {
        "model": 1,
        "sequence": 4,
        "status": 1,
        "fuel": 5548,
        "fault": 0.2452,
        "weapon": 0,
        "pilot_injury": 0.3455,
        "pilot_skill": 0.6751,
        "mission_priority": 0.5979,
        "estimated_landing_time": 382.0,
        "wait_time": 0,
        "Landing_success_rate": 0.8527
    },
    {
        "model": 1,
        "sequence": 18,
        "status": 1,
        "fuel": 6540,
        "fault": 0.4051,
        "weapon": 1,
        "pilot_injury": 0.4396,
        "pilot_skill": 0.0022,
        "mission_priority": 0.4145,
        "estimated_landing_time": 1698.0,
        "wait_time": 0,
        "Landing_success_rate": 0.8964
    },
    {
        "model": 0,
        "sequence": 11,
        "status": 1,
        "fuel": 7115,
        "fault": 0.9914,
        "weapon": 0,
        "pilot_injury": 0.1511,
        "pilot_skill": 0.9936,
        "mission_priority": 0.8712,
        "estimated_landing_time": 1040.0,
        "wait_time": 0,
        "Landing_success_rate": 0.851
    },
    {
        "model": 0,
        "sequence": 3,
        "status": 1,
        "fuel": 7260,
        "fault": 0.3048,
        "weapon": 0,
        "pilot_injury": 0.3792,
        "pilot_skill": 0.5437,
        "mission_priority": 0.4705,
        "estimated_landing_time": 288.0,
        "wait_time": 0,
        "Landing_success_rate": 0.9418
    },
    {
        "model": 0,
        "sequence": 5,
        "status": 1,
        "fuel": 6755,
        "fault": 0.3226,
        "weapon": 1,
        "pilot_injury": 0.1255,
        "pilot_skill": 0.489,
        "mission_priority": 0.9073,
        "estimated_landing_time": 476.0,
        "wait_time": 0,
        "Landing_success_rate": 0.9138
    },
    {
        "model": 0,
        "sequence": 10,
        "status": 1,
        "fuel": 6593,
        "fault": 0.8838,
        "weapon": 1,
        "pilot_injury": 0.9857,
        "pilot_skill": 0.0152,
        "mission_priority": 0.7294,
        "estimated_landing_time": 946.0,
        "wait_time": 0,
        "Landing_success_rate": 0.8595
    },
    {
        "model": 1,
        "sequence": 16,
        "status": 1,
        "fuel": 5815,
        "fault": 0.1622,
        "weapon": 1,
        "pilot_injury": 0.8137,
        "pilot_skill": 0.4237,
        "mission_priority": 0.4733,
        "estimated_landing_time": 1510.0,
        "wait_time": 0,
        "Landing_success_rate": 0.8698
    },
    {
        "model": 2,
        "sequence": 7,
        "status": 1,
        "fuel": 6586,
        "fault": 0.5239,
        "weapon": 0,
        "pilot_injury": 0.9812,
        "pilot_skill": 0.8889,
        "mission_priority": 0.1919,
        "estimated_landing_time": 664.0,
        "wait_time": 0,
        "Landing_success_rate": 0.8888
    },
    {
        "model": 2,
        "sequence": 1,
        "status": 1,
        "fuel": 5769,
        "fault": 0.271,
        "weapon": 1,
        "pilot_injury": 0.9889,
        "pilot_skill": 0.9072,
        "mission_priority": 0.5521,
        "estimated_landing_time": 100.0,
        "wait_time": 0,
        "Landing_success_rate": 0.8647
    },
    {
        "model": 0,
        "sequence": 14,
        "status": 1,
        "fuel": 5835,
        "fault": 0.1587,
        "weapon": 0,
        "pilot_injury": 0.2038,
        "pilot_skill": 0.9347,
        "mission_priority": 0.5267,
        "estimated_landing_time": 1322.0,
        "wait_time": 0,
        "Landing_success_rate": 0.8711
    },
    {
        "model": 1,
        "sequence": 2,
        "status": 1,
        "fuel": 7419,
        "fault": 0.3134,
        "weapon": 1,
        "pilot_injury": 0.6016,
        "pilot_skill": 0.3528,
        "mission_priority": 0.6992,
        "estimated_landing_time": 194.0,
        "wait_time": 0,
        "Landing_success_rate": 0.9488
    },
    {
        "model": 1,
        "sequence": 12,
        "status": 1,
        "fuel": 7316,
        "fault": 0.3528,
        "weapon": 0,
        "pilot_injury": 0.6427,
        "pilot_skill": 0.5122,
        "mission_priority": 0.2545,
        "estimated_landing_time": 1134.0,
        "wait_time": 0,
        "Landing_success_rate": 0.9381
    },
    {
        "model": 0,
        "sequence": 6,
        "status": 1,
        "fuel": 6023,
        "fault": 0.6283,
        "weapon": 0,
        "pilot_injury": 0.934,
        "pilot_skill": 0.9073,
        "mission_priority": 0.1558,
        "estimated_landing_time": 570.0,
        "wait_time": 0,
        "Landing_success_rate": 0.8646
    },
    {
        "model": 1,
        "sequence": 13,
        "status": 1,
        "fuel": 6825,
        "fault": 0.0955,
        "weapon": 1,
        "pilot_injury": 0.9752,
        "pilot_skill": 0.4633,
        "mission_priority": 0.7222,
        "estimated_landing_time": 1228.0,
        "wait_time": 0,
        "Landing_success_rate": 0.9399
    },
    {
        "model": 2,
        "sequence": 8,
        "status": 1,
        "fuel": 6122,
        "fault": 0.1274,
        "weapon": 1,
        "pilot_injury": 0.0468,
        "pilot_skill": 0.1221,
        "mission_priority": 0.2962,
        "estimated_landing_time": 758.0,
        "wait_time": 0,
        "Landing_success_rate": 0.8907
    }
]