[
    {
        "model": 1,
        "sequence": 3,
        "status": 1,
        "fuel": 7235,
        "fault": 0.7253,
        "weapon": 1,
        "pilot_injury": 0.7404,
        "pilot_skill": 0.7048,
        "mission_priority": 0.681,
        "estimated_landing_time": 288.0,
        "wait_time": 0,
        "Landing_success_rate": 0.8857
    },
    {
        "model": 1,
        "sequence": 8,
        "status": 1,
        "fuel": 6116,
        "fault": 0.7717,
        "weapon": 1,
        "pilot_injury": 0.155,
        "pilot_skill": 0.9984,
        "mission_priority": 0.8921,
        "estimated_landing_time": 758.0,
        "wait_time": 0,
        "Landing_success_rate": 0.8605
    },
    {
        "model": 2,
        "sequence": 13,
        "status": 1,
        "fuel": 7155,
        "fault": 0.0227,
        "weapon": 1,
        "pilot_injury": 0.3936,
        "pilot_skill": 0.638,
        "mission_priority": 0.7311,
        "estimated_landing_time": 1228.0,
        "wait_time": 0,
        "Landing_success_rate": 0.9713
    },
    {
        "model": 2,
        "sequence": 6,
        "status": 1,
        "fuel": 5972,
        "fault": 0.4281,
        "weapon": 1,
        "pilot_injury": 0.6402,
        "pilot_skill": 0.988,
        "mission_priority": 0.3249,
        "estimated_landing_time": 570.0,
        "wait_time": 0,
        "Landing_success_rate": 0.8702
    },
    {
        "model": 1,
        "sequence": 14,
        "status": 1,
        "fuel": 5883,
        "fault": 0.3364,
        "weapon": 0,
        "pilot_injury": 0.0923,
        "pilot_skill": 0.7701,
        "mission_priority": 0.6493,
        "estimated_landing_time": 1322.0,
        "wait_time": 0,
        "Landing_success_rate": 0.8691
    },
    {
        "model": 1,
        "sequence": 18,
        "status": 1,
        "fuel": 6657,
        "fault": 0.0376,
        "weapon": 0,
        "pilot_injury": 0.8793,
        "pilot_skill": 0.7565,
        "mission_priority": 0.8578,
        "estimated_landing_time": 1698.0,
        "wait_time": 0,
        "Landing_success_rate": 0.9335
    },
    {
        "model": 0,
        "sequence": 1,
        "status": 1,
        "fuel": 6708,
        "fault": 0.3103,
        "weapon": 1,
        "pilot_injury": 0.36,
        "pilot_skill": 0.0207,
        "mission_priority": 0.0432,
        "estimated_landing_time": 100.0,
        "wait_time": 0,
        "Landing_success_rate": 0.9125
    },
    {
        "model": 1,
        "sequence": 2,
        "status": 1,
        "fuel": 6602,
        "fault": 0.0407,
        "weapon": 1,
        "pilot_injury": 0.3076,
        "pilot_skill": 0.6226,
        "mission_priority": 0.7415,
        "estimated_landing_time": 194.0,
        "wait_time": 0,
        "Landing_success_rate": 0.9293
    },
    {
        "model": 1,
        "sequence": 16,
        "status": 1,
        "fuel": 5959,
        "fault": 0.4021,
        "weapon": 0,
        "pilot_injury": 0.9411,
        "pilot_skill": 0.8542,
        "mission_priority": 0.2408,
        "estimated_landing_time": 1510.0,
        "wait_time": 0,
        "Landing_success_rate": 0.8706
    },
    {
        "model": 0,
        "sequence": 10,
        "status": 1,
        "fuel": 7358,
        "fault": 0.7286,
        "weapon": 1,
        "pilot_injury": 0.6606,
        "pilot_skill": 0.8747,
        "mission_priority": 0.6234,
        "estimated_landing_time": 946.0,
        "wait_time": 0,
        "Landing_success_rate": 0.8878
    },
    {
        "model": 1,
        "sequence": 7,
        "status": 1,
        "fuel": 7223,
        "fault": 0.711,
        "weapon": 0,
        "pilot_injury": 0.9669,
        "pilot_skill": 0.4106,
        "mission_priority": 0.9928,
        "estimated_landing_time": 664.0,
        "wait_time": 0,
        "Landing_success_rate": 0.8873
    },
    {
        "model": 1,
        "sequence": 17,
        "status": 1,
        "fuel": 6934,
        "fault": 0.5436,
        "weapon": 1,
        "pilot_injury": 0.7607,
        "pilot_skill": 0.9702,
        "mission_priority": 0.0529,
        "estimated_landing_time": 1604.0,
        "wait_time": 0,
        "Landing_success_rate": 0.8991
    },
    {
        "model": 2,
        "sequence": 15,
        "status": 1,
        "fuel": 6291,
        "fault": 0.0339,
        "weapon": 1,
        "pilot_injury": 0.9096,
        "pilot_skill": 0.1084,
        "mission_priority": 0.8407,
        "estimated_landing_time": 1416.0,
        "wait_time": 0,
        "Landing_success_rate": 0.9073
    },
    {
        "model": 1,
        "sequence": 9,
        "status": 1,
        "fuel": 7017,
        "fault": 0.7451,
        "weapon": 0,
        "pilot_injury": 0.9844,
        "pilot_skill": 0.1505,
        "mission_priority": 0.3968,
        "estimated_landing_time": 852.0,
        "wait_time": 0,
        "Landing_success_rate": 0.879
    },
    {
        "model": 1,
        "sequence": 4,
        "status": 1,
        "fuel": 5582,
        "fault": 0.7129,
        "weapon": 0,
        "pilot_injury": 0.5683,
        "pilot_skill": 0.9309,
        "mission_priority": 0.9904,
        "estimated_landing_time": 382.0,
        "wait_time": 0,
        "Landing_success_rate": 0.8518
    },
    {
        "model": 0,
        "sequence": 5,
        "status": 1,
        "fuel": 6823,
        "fault": 0.8095,
        "weapon": 1,
        "pilot_injury": 0.1603,
        "pilot_skill": 0.4984,
        "mission_priority": 0.9401,
        "estimated_landing_time": 476.0,
        "wait_time": 0,
        "Landing_success_rate": 0.8689
    },
    {
        "model": 2,
        "sequence": 11,
        "status": 1,
        "fuel": 7302,
        "fault": 0.4717,
        "weapon": 1,
        "pilot_injury": 0.8913,
        "pilot_skill": 0.6264,
        "mission_priority": 0.3305,
        "estimated_landing_time": 1040.0,
        "wait_time": 0,
        "Landing_success_rate": 0.9214
    },
    {
        "model": 2,
        "sequence": 12,
        "status": 1,
        "fuel": 6994,
        "fault": 0.6678,
        "weapon": 1,
        "pilot_injury": 0.8584,
        "pilot_skill": 0.518,
        "mission_priority": 0.7569,
        "estimated_landing_time": 1134.0,
        "wait_time": 0,
        "Landing_success_rate": 0.8872
    }
]