[
    {
        "model": 1,
        "sequence": 15,
        "status": 1,
        "fuel": 5710,
        "fault": 0.6914,
        "weapon": 0,
        "pilot_injury": 0.6679,
        "pilot_skill": 0.7456,
        "mission_priority": 0.0513,
        "estimated_landing_time": 1416.0,
        "wait_time": 0,
        "Landing_success_rate": 0.8549
    },
    {
        "model": 1,
        "sequence": 12,
        "status": 1,
        "fuel": 5910,
        "fault": 0.4194,
        "weapon": 0,
        "pilot_injury": 0.3742,
        "pilot_skill": 0.6994,
        "mission_priority": 0.5577,
        "estimated_landing_time": 1134.0,
        "wait_time": 0,
        "Landing_success_rate": 0.8679
    },
    {
        "model": 0,
        "sequence": 14,
        "status": 1,
        "fuel": 5534,
        "fault": 0.7052,
        "weapon": 1,
        "pilot_injury": 0.2039,
        "pilot_skill": 0.3126,
        "mission_priority": 0.7364,
        "estimated_landing_time": 1322.0,
        "wait_time": 0,
        "Landing_success_rate": 0.8508
    },
    {
        "model": 2,
        "sequence": 3,
        "status": 1,
        "fuel": 6761,
        "fault": 0.1497,
        "weapon": 0,
        "pilot_injury": 0.0892,
        "pilot_skill": 0.7697,
        "mission_priority": 0.8702,
        "estimated_landing_time": 288.0,
        "wait_time": 0,
        "Landing_success_rate": 0.9304
    },
    {
        "model": 0,
        "sequence": 5,
        "status": 1,
        "fuel": 5817,
        "fault": 0.1161,
        "weapon": 1,
        "pilot_injury": 0.1239,
        "pilot_skill": 0.9377,
        "mission_priority": 0.3998,
        "estimated_landing_time": 476.0,
        "wait_time": 0,
        "Landing_success_rate": 0.871
    },
    {
        "model": 0,
        "sequence": 1,
        "status": 1,
        "fuel": 7388,
        "fault": 0.9933,
        "weapon": 0,
        "pilot_injury": 0.1905,
        "pilot_skill": 0.3553,
        "mission_priority": 0.3204,
        "estimated_landing_time": 100.0,
        "wait_time": 0,
        "Landing_success_rate": 0.8509
    },
    {
        "model": 2,
        "sequence": 17,
        "status": 1,
        "fuel": 6804,
        "fault": 0.2331,
        "weapon": 1,
        "pilot_injury": 0.4918,
        "pilot_skill": 0.5138,
        "mission_priority": 0.6041,
        "estimated_landing_time": 1604.0,
        "wait_time": 0,
        "Landing_success_rate": 0.925
    },
    {
        "model": 1,
        "sequence": 10,
        "status": 1,
        "fuel": 7295,
        "fault": 0.5006,
        "weapon": 1,
        "pilot_injury": 0.5996,
        "pilot_skill": 0.3222,
        "mission_priority": 0.5714,
        "estimated_landing_time": 946.0,
        "wait_time": 0,
        "Landing_success_rate": 0.9172
    },
    {
        "model": 0,
        "sequence": 2,
        "status": 1,
        "fuel": 6492,
        "fault": 0.1959,
        "weapon": 0,
        "pilot_injury": 0.5825,
        "pilot_skill": 0.7092,
        "mission_priority": 0.246,
        "estimated_landing_time": 194.0,
        "wait_time": 0,
        "Landing_success_rate": 0.9098
    },
    {
        "model": 1,
        "sequence": 16,
        "status": 1,
        "fuel": 7193,
        "fault": 0.7067,
        "weapon": 1,
        "pilot_injury": 0.6364,
        "pilot_skill": 0.4688,
        "mission_priority": 0.8653,
        "estimated_landing_time": 1510.0,
        "wait_time": 0,
        "Landing_success_rate": 0.8872
    },
    {
        "model": 1,
        "sequence": 9,
        "status": 1,
        "fuel": 5565,
        "fault": 0.0533,
        "weapon": 1,
        "pilot_injury": 0.5281,
        "pilot_skill": 0.46,
        "mission_priority": 0.5478,
        "estimated_landing_time": 852.0,
        "wait_time": 0,
        "Landing_success_rate": 0.8546
    },
    {
        "model": 0,
        "sequence": 4,
        "status": 1,
        "fuel": 6915,
        "fault": 0.0295,
        "weapon": 0,
        "pilot_injury": 0.8033,
        "pilot_skill": 0.0393,
        "mission_priority": 0.3697,
        "estimated_landing_time": 382.0,
        "wait_time": 0,
        "Landing_success_rate": 0.953
    },
    {
        "model": 0,
        "sequence": 13,
        "status": 1,
        "fuel": 5539,
        "fault": 0.8841,
        "weapon": 0,
        "pilot_injury": 0.3655,
        "pilot_skill": 0.03,
        "mission_priority": 0.0759,
        "estimated_landing_time": 1228.0,
        "wait_time": 0,
        "Landing_success_rate": 0.8503
    },
    {
        "model": 0,
        "sequence": 18,
        "status": 1,
        "fuel": 6465,
        "fault": 0.9945,
        "weapon": 0,
        "pilot_injury": 0.7992,
        "pilot_skill": 0.9966,
        "mission_priority": 0.2409,
        "estimated_landing_time": 1698.0,
        "wait_time": 0,
        "Landing_success_rate": 0.8504
    },
    {
        "model": 1,
        "sequence": 11,
        "status": 1,
        "fuel": 6882,
        "fault": 0.9438,
        "weapon": 0,
        "pilot_injury": 0.1788,
        "pilot_skill": 0.7104,
        "mission_priority": 0.9692,
        "estimated_landing_time": 1040.0,
        "wait_time": 0,
        "Landing_success_rate": 0.8558
    },
    {
        "model": 2,
        "sequence": 7,
        "status": 1,
        "fuel": 5945,
        "fault": 0.3286,
        "weapon": 0,
        "pilot_injury": 0.8498,
        "pilot_skill": 0.4133,
        "mission_priority": 0.5448,
        "estimated_landing_time": 664.0,
        "wait_time": 0,
        "Landing_success_rate": 0.8724
    },
    {
        "model": 2,
        "sequence": 6,
        "status": 1,
        "fuel": 5858,
        "fault": 0.6272,
        "weapon": 0,
        "pilot_injury": 0.6442,
        "pilot_skill": 0.5623,
        "mission_priority": 0.1973,
        "estimated_landing_time": 570.0,
        "wait_time": 0,
        "Landing_success_rate": 0.86
    },
    {
        "model": 0,
        "sequence": 8,
        "status": 1,
        "fuel": 6876,
        "fault": 0.5202,
        "weapon": 1,
        "pilot_injury": 0.7164,
        "pilot_skill": 0.6097,
        "mission_priority": 0.0696,
        "estimated_landing_time": 758.0,
        "wait_time": 0,
        "Landing_success_rate": 0.8995
    }
]