[
    {
        "model": 2,
        "sequence": 11,
        "status": 1,
        "fuel": 5948,
        "fault": 0.4205,
        "weapon": 1,
        "pilot_injury": 0.0787,
        "pilot_skill": 0.5316,
        "mission_priority": 0.3037,
        "estimated_landing_time": 1040.0,
        "wait_time": 0,
        "Landing_success_rate": 0.8695
    },
    {
        "model": 0,
        "sequence": 13,
        "status": 1,
        "fuel": 6074,
        "fault": 0.7914,
        "weapon": 1,
        "pilot_injury": 0.5961,
        "pilot_skill": 0.266,
        "mission_priority": 0.4252,
        "estimated_landing_time": 1228.0,
        "wait_time": 0,
        "Landing_success_rate": 0.859
    },
    {
        "model": 1,
        "sequence": 8,
        "status": 1,
        "fuel": 5826,
        "fault": 0.7458,
        "weapon": 0,
        "pilot_injury": 0.9393,
        "pilot_skill": 0.2883,
        "mission_priority": 0.68,
        "estimated_landing_time": 758.0,
        "wait_time": 0,
        "Landing_success_rate": 0.8562
    },
    {
        "model": 2,
        "sequence": 3,
        "status": 1,
        "fuel": 7022,
        "fault": 0.0122,
        "weapon": 0,
        "pilot_injury": 0.5632,
        "pilot_skill": 0.2498,
        "mission_priority": 0.6546,
        "estimated_landing_time": 288.0,
        "wait_time": 0,
        "Landing_success_rate": 0.9628
    },
    {
        "model": 1,
        "sequence": 2,
        "status": 1,
        "fuel": 6360,
        "fault": 0.6083,
        "weapon": 1,
        "pilot_injury": 0.4009,
        "pilot_skill": 0.7771,
        "mission_priority": 0.3088,
        "estimated_landing_time": 194.0,
        "wait_time": 0,
        "Landing_success_rate": 0.8753
    },
    {
        "model": 2,
        "sequence": 14,
        "status": 1,
        "fuel": 5728,
        "fault": 0.5971,
        "weapon": 1,
        "pilot_injury": 0.6081,
        "pilot_skill": 0.0153,
        "mission_priority": 0.7922,
        "estimated_landing_time": 1322.0,
        "wait_time": 0,
        "Landing_success_rate": 0.8569
    },
    {
        "model": 0,
        "sequence": 12,
        "status": 1,
        "fuel": 7086,
        "fault": 0.5725,
        "weapon": 0,
        "pilot_injury": 0.7076,
        "pilot_skill": 0.4627,
        "mission_priority": 0.3088,
        "estimated_landing_time": 1134.0,
        "wait_time": 0,
        "Landing_success_rate": 0.9009
    },
    {
        "model": 0,
        "sequence": 9,
        "status": 1,
        "fuel": 7230,
        "fault": 0.7696,
        "weapon": 1,
        "pilot_injury": 0.9299,
        "pilot_skill": 0.89,
        "mission_priority": 0.9196,
        "estimated_landing_time": 852.0,
        "wait_time": 0,
        "Landing_success_rate": 0.8799
    },
    {
        "model": 1,
        "sequence": 16,
        "status": 1,
        "fuel": 5667,
        "fault": 0.2359,
        "weapon": 0,
        "pilot_injury": 0.1465,
        "pilot_skill": 0.4278,
        "mission_priority": 0.6893,
        "estimated_landing_time": 1510.0,
        "wait_time": 0,
        "Landing_success_rate": 0.8596
    },
    {
        "model": 1,
        "sequence": 4,
        "status": 1,
        "fuel": 7488,
        "fault": 0.9532,
        "weapon": 0,
        "pilot_injury": 0.7174,
        "pilot_skill": 0.634,
        "mission_priority": 0.071,
        "estimated_landing_time": 382.0,
        "wait_time": 0,
        "Landing_success_rate": 0.857
    },
    {
        "model": 1,
        "sequence": 1,
        "status": 1,
        "fuel": 5590,
        "fault": 0.7148,
        "weapon": 1,
        "pilot_injury": 0.9764,
        "pilot_skill": 0.3344,
        "mission_priority": 0.63,
        "estimated_landing_time": 100.0,
        "wait_time": 0,
        "Landing_success_rate": 0.8519
    },
    {
        "model": 1,
        "sequence": 7,
        "status": 1,
        "fuel": 6017,
        "fault": 0.9815,
        "weapon": 0,
        "pilot_injury": 0.1667,
        "pilot_skill": 0.5463,
        "mission_priority": 0.5519,
        "estimated_landing_time": 664.0,
        "wait_time": 0,
        "Landing_success_rate": 0.8507
    },
    {
        "model": 1,
        "sequence": 6,
        "status": 1,
        "fuel": 6315,
        "fault": 0.2888,
        "weapon": 1,
        "pilot_injury": 0.4074,
        "pilot_skill": 0.3123,
        "mission_priority": 0.5711,
        "estimated_landing_time": 570.0,
        "wait_time": 0,
        "Landing_success_rate": 0.8935
    },
    {
        "model": 2,
        "sequence": 15,
        "status": 1,
        "fuel": 5856,
        "fault": 0.0308,
        "weapon": 0,
        "pilot_injury": 0.485,
        "pilot_skill": 0.7007,
        "mission_priority": 0.4478,
        "estimated_landing_time": 1416.0,
        "wait_time": 0,
        "Landing_success_rate": 0.8759
    },
    {
        "model": 1,
        "sequence": 18,
        "status": 1,
        "fuel": 6399,
        "fault": 0.705,
        "weapon": 0,
        "pilot_injury": 0.2109,
        "pilot_skill": 0.2175,
        "mission_priority": 0.5595,
        "estimated_landing_time": 1698.0,
        "wait_time": 0,
        "Landing_success_rate": 0.8699
    },
    {
        "model": 2,
        "sequence": 5,
        "status": 1,
        "fuel": 6856,
        "fault": 0.1011,
        "weapon": 0,
        "pilot_injury": 0.5195,
        "pilot_skill": 0.2279,
        "mission_priority": 0.1359,
        "estimated_landing_time": 476.0,
        "wait_time": 0,
        "Landing_success_rate": 0.9414
    },
    {
        "model": 2,
        "sequence": 17,
        "status": 1,
        "fuel": 6830,
        "fault": 0.9164,
        "weapon": 0,
        "pilot_injury": 0.8706,
        "pilot_skill": 0.2848,
        "mission_priority": 0.5018,
        "estimated_landing_time": 1604.0,
        "wait_time": 0,
        "Landing_success_rate": 0.8583
    },
    {
        "model": 2,
        "sequence": 10,
        "status": 1,
        "fuel": 6212,
        "fault": 0.2934,
        "weapon": 0,
        "pilot_injury": 0.6866,
        "pilot_skill": 0.4296,
        "mission_priority": 0.6271,
        "estimated_landing_time": 946.0,
        "wait_time": 0,
        "Landing_success_rate": 0.8877
    }
]