[
    {
        "model": 0,
        "sequence": 13,
        "status": 1,
        "fuel": 7047,
        "fault": 0.5018,
        "weapon": 1,
        "pilot_injury": 0.9645,
        "pilot_skill": 0.8245,
        "mission_priority": 0.1096,
        "estimated_landing_time": 1228.0,
        "wait_time": 0,
        "Landing_success_rate": 0.9078
    },
    {
        "model": 0,
        "sequence": 6,
        "status": 1,
        "fuel": 6957,
        "fault": 0.1119,
        "weapon": 1,
        "pilot_injury": 0.7503,
        "pilot_skill": 0.8008,
        "mission_priority": 0.1514,
        "estimated_landing_time": 570.0,
        "wait_time": 0,
        "Landing_success_rate": 0.947
    },
    {
        "model": 2,
        "sequence": 10,
        "status": 1,
        "fuel": 6006,
        "fault": 0.5,
        "weapon": 1,
        "pilot_injury": 0.3234,
        "pilot_skill": 0.0803,
        "mission_priority": 0.0273,
        "estimated_landing_time": 946.0,
        "wait_time": 0,
        "Landing_success_rate": 0.869
    },
    {
        "model": 0,
        "sequence": 5,
        "status": 1,
        "fuel": 6998,
        "fault": 0.9823,
        "weapon": 1,
        "pilot_injury": 0.3269,
        "pilot_skill": 0.2993,
        "mission_priority": 0.1103,
        "estimated_landing_time": 476.0,
        "wait_time": 0,
        "Landing_success_rate": 0.852
    },
    {
        "model": 0,
        "sequence": 4,
        "status": 1,
        "fuel": 5846,
        "fault": 0.2591,
        "weapon": 1,
        "pilot_injury": 0.9009,
        "pilot_skill": 0.2529,
        "mission_priority": 0.77,
        "estimated_landing_time": 382.0,
        "wait_time": 0,
        "Landing_success_rate": 0.8692
    },
    {
        "model": 1,
        "sequence": 11,
        "status": 1,
        "fuel": 6868,
        "fault": 0.6448,
        "weapon": 1,
        "pilot_injury": 0.8845,
        "pilot_skill": 0.7865,
        "mission_priority": 0.293,
        "estimated_landing_time": 1040.0,
        "wait_time": 0,
        "Landing_success_rate": 0.8864
    },
    {
        "model": 2,
        "sequence": 14,
        "status": 1,
        "fuel": 6427,
        "fault": 0.8915,
        "weapon": 0,
        "pilot_injury": 0.0548,
        "pilot_skill": 0.9985,
        "mission_priority": 0.3583,
        "estimated_landing_time": 1322.0,
        "wait_time": 0,
        "Landing_success_rate": 0.8575
    },
    {
        "model": 0,
        "sequence": 18,
        "status": 1,
        "fuel": 6470,
        "fault": 0.4979,
        "weapon": 0,
        "pilot_injury": 0.4113,
        "pilot_skill": 0.1183,
        "mission_priority": 0.2372,
        "estimated_landing_time": 1698.0,
        "wait_time": 0,
        "Landing_success_rate": 0.8865
    },
    {
        "model": 0,
        "sequence": 3,
        "status": 1,
        "fuel": 7092,
        "fault": 0.8535,
        "weapon": 1,
        "pilot_injury": 0.9794,
        "pilot_skill": 0.1322,
        "mission_priority": 0.1559,
        "estimated_landing_time": 288.0,
        "wait_time": 0,
        "Landing_success_rate": 0.8675
    },
    {
        "model": 2,
        "sequence": 12,
        "status": 1,
        "fuel": 5580,
        "fault": 0.1389,
        "weapon": 0,
        "pilot_injury": 0.8211,
        "pilot_skill": 0.1983,
        "mission_priority": 0.5479,
        "estimated_landing_time": 1134.0,
        "wait_time": 0,
        "Landing_success_rate": 0.8552
    },
    {
        "model": 2,
        "sequence": 9,
        "status": 1,
        "fuel": 7010,
        "fault": 0.8792,
        "weapon": 0,
        "pilot_injury": 0.6183,
        "pilot_skill": 0.5023,
        "mission_priority": 0.3348,
        "estimated_landing_time": 852.0,
        "wait_time": 0,
        "Landing_success_rate": 0.8637
    },
    {
        "model": 1,
        "sequence": 7,
        "status": 1,
        "fuel": 5523,
        "fault": 0.7316,
        "weapon": 1,
        "pilot_injury": 0.6432,
        "pilot_skill": 0.9572,
        "mission_priority": 0.729,
        "estimated_landing_time": 664.0,
        "wait_time": 0,
        "Landing_success_rate": 0.8505
    },
    {
        "model": 2,
        "sequence": 17,
        "status": 1,
        "fuel": 6462,
        "fault": 0.2906,
        "weapon": 1,
        "pilot_injury": 0.8092,
        "pilot_skill": 0.3258,
        "mission_priority": 0.7051,
        "estimated_landing_time": 1604.0,
        "wait_time": 0,
        "Landing_success_rate": 0.9012
    },
    {
        "model": 0,
        "sequence": 15,
        "status": 1,
        "fuel": 7229,
        "fault": 0.4888,
        "weapon": 1,
        "pilot_injury": 0.2954,
        "pilot_skill": 0.9378,
        "mission_priority": 0.5748,
        "estimated_landing_time": 1416.0,
        "wait_time": 0,
        "Landing_success_rate": 0.9163
    },
    {
        "model": 1,
        "sequence": 1,
        "status": 1,
        "fuel": 7044,
        "fault": 0.0913,
        "weapon": 1,
        "pilot_injury": 0.3478,
        "pilot_skill": 0.1462,
        "mission_priority": 0.0685,
        "estimated_landing_time": 100.0,
        "wait_time": 0,
        "Landing_success_rate": 0.9552
    },
    {
        "model": 0,
        "sequence": 16,
        "status": 1,
        "fuel": 7205,
        "fault": 0.3803,
        "weapon": 1,
        "pilot_injury": 0.3618,
        "pilot_skill": 0.0139,
        "mission_priority": 0.579,
        "estimated_landing_time": 1510.0,
        "wait_time": 0,
        "Landing_success_rate": 0.9292
    },
    {
        "model": 2,
        "sequence": 2,
        "status": 1,
        "fuel": 5831,
        "fault": 0.9079,
        "weapon": 1,
        "pilot_injury": 0.1207,
        "pilot_skill": 0.5204,
        "mission_priority": 0.0952,
        "estimated_landing_time": 194.0,
        "wait_time": 0,
        "Landing_success_rate": 0.8523
    },
    {
        "model": 2,
        "sequence": 8,
        "status": 1,
        "fuel": 5744,
        "fault": 0.5418,
        "weapon": 1,
        "pilot_injury": 0.1677,
        "pilot_skill": 0.4462,
        "mission_priority": 0.3427,
        "estimated_landing_time": 758.0,
        "wait_time": 0,
        "Landing_success_rate": 0.8584
    }
]