[
    {
        "model": 2,
        "sequence": 18,
        "status": 1,
        "fuel": 7427,
        "fault": 0.7171,
        "weapon": 1,
        "pilot_injury": 0.0209,
        "pilot_skill": 0.8866,
        "mission_priority": 0.1111,
        "estimated_landing_time": 1698.0,
        "wait_time": 0,
        "Landing_success_rate": 0.8909
    },
    {
        "model": 0,
        "sequence": 12,
        "status": 1,
        "fuel": 5804,
        "fault": 0.271,
        "weapon": 0,
        "pilot_injury": 0.5023,
        "pilot_skill": 0.3287,
        "mission_priority": 0.4401,
        "estimated_landing_time": 1134.0,
        "wait_time": 0,
        "Landing_success_rate": 0.8666
    },
    {
        "model": 0,
        "sequence": 1,
        "status": 1,
        "fuel": 6126,
        "fault": 0.4543,
        "weapon": 0,
        "pilot_injury": 0.0977,
        "pilot_skill": 0.2297,
        "mission_priority": 0.7033,
        "estimated_landing_time": 100.0,
        "wait_time": 0,
        "Landing_success_rate": 0.8756
    },
    {
        "model": 1,
        "sequence": 5,
        "status": 1,
        "fuel": 6004,
        "fault": 0.4095,
        "weapon": 0,
        "pilot_injury": 0.2612,
        "pilot_skill": 0.9975,
        "mission_priority": 0.7679,
        "estimated_landing_time": 476.0,
        "wait_time": 0,
        "Landing_success_rate": 0.8723
    },
    {
        "model": 2,
        "sequence": 8,
        "status": 1,
        "fuel": 6771,
        "fault": 0.4217,
        "weapon": 0,
        "pilot_injury": 0.0596,
        "pilot_skill": 0.7126,
        "mission_priority": 0.1918,
        "estimated_landing_time": 758.0,
        "wait_time": 0,
        "Landing_success_rate": 0.9051
    },
    {
        "model": 0,
        "sequence": 3,
        "status": 1,
        "fuel": 5813,
        "fault": 0.4244,
        "weapon": 0,
        "pilot_injury": 0.1771,
        "pilot_skill": 0.1091,
        "mission_priority": 0.5943,
        "estimated_landing_time": 288.0,
        "wait_time": 0,
        "Landing_success_rate": 0.8635
    },
    {
        "model": 0,
        "sequence": 7,
        "status": 1,
        "fuel": 6221,
        "fault": 0.5942,
        "weapon": 1,
        "pilot_injury": 0.2756,
        "pilot_skill": 0.6584,
        "mission_priority": 0.3923,
        "estimated_landing_time": 664.0,
        "wait_time": 0,
        "Landing_success_rate": 0.8719
    },
    {
        "model": 2,
        "sequence": 11,
        "status": 1,
        "fuel": 6468,
        "fault": 0.4174,
        "weapon": 1,
        "pilot_injury": 0.0323,
        "pilot_skill": 0.3809,
        "mission_priority": 0.7291,
        "estimated_landing_time": 1040.0,
        "wait_time": 0,
        "Landing_success_rate": 0.8923
    },
    {
        "model": 0,
        "sequence": 17,
        "status": 1,
        "fuel": 7221,
        "fault": 0.5519,
        "weapon": 0,
        "pilot_injury": 0.3363,
        "pilot_skill": 0.8727,
        "mission_priority": 0.9519,
        "estimated_landing_time": 1604.0,
        "wait_time": 0,
        "Landing_success_rate": 0.9078
    },
    {
        "model": 0,
        "sequence": 2,
        "status": 1,
        "fuel": 6734,
        "fault": 0.2776,
        "weapon": 0,
        "pilot_injury": 0.4661,
        "pilot_skill": 0.2362,
        "mission_priority": 0.1681,
        "estimated_landing_time": 194.0,
        "wait_time": 0,
        "Landing_success_rate": 0.9169
    },
    {
        "model": 0,
        "sequence": 10,
        "status": 1,
        "fuel": 6501,
        "fault": 0.4906,
        "weapon": 0,
        "pilot_injury": 0.2225,
        "pilot_skill": 0.9095,
        "mission_priority": 0.1682,
        "estimated_landing_time": 946.0,
        "wait_time": 0,
        "Landing_success_rate": 0.8882
    },
    {
        "model": 2,
        "sequence": 6,
        "status": 1,
        "fuel": 7481,
        "fault": 0.0819,
        "weapon": 1,
        "pilot_injury": 0.2134,
        "pilot_skill": 0.2964,
        "mission_priority": 0.0515,
        "estimated_landing_time": 570.0,
        "wait_time": 0,
        "Landing_success_rate": 0.9864
    },
    {
        "model": 0,
        "sequence": 4,
        "status": 1,
        "fuel": 6064,
        "fault": 0.1758,
        "weapon": 0,
        "pilot_injury": 0.0643,
        "pilot_skill": 0.8301,
        "mission_priority": 0.5693,
        "estimated_landing_time": 382.0,
        "wait_time": 0,
        "Landing_success_rate": 0.8849
    },
    {
        "model": 1,
        "sequence": 15,
        "status": 1,
        "fuel": 6435,
        "fault": 0.1811,
        "weapon": 0,
        "pilot_injury": 0.4344,
        "pilot_skill": 0.1461,
        "mission_priority": 0.4204,
        "estimated_landing_time": 1416.0,
        "wait_time": 0,
        "Landing_success_rate": 0.9074
    },
    {
        "model": 2,
        "sequence": 14,
        "status": 1,
        "fuel": 6117,
        "fault": 0.1319,
        "weapon": 0,
        "pilot_injury": 0.0055,
        "pilot_skill": 0.1064,
        "mission_priority": 0.9186,
        "estimated_landing_time": 1322.0,
        "wait_time": 0,
        "Landing_success_rate": 0.8902
    },
    {
        "model": 1,
        "sequence": 13,
        "status": 1,
        "fuel": 7242,
        "fault": 0.6597,
        "weapon": 0,
        "pilot_injury": 0.7932,
        "pilot_skill": 0.8516,
        "mission_priority": 0.2112,
        "estimated_landing_time": 1228.0,
        "wait_time": 0,
        "Landing_success_rate": 0.8945
    },
    {
        "model": 1,
        "sequence": 16,
        "status": 1,
        "fuel": 6832,
        "fault": 0.6814,
        "weapon": 0,
        "pilot_injury": 0.7451,
        "pilot_skill": 0.7879,
        "mission_priority": 0.6609,
        "estimated_landing_time": 1510.0,
        "wait_time": 0,
        "Landing_success_rate": 0.8818
    },
    {
        "model": 1,
        "sequence": 9,
        "status": 1,
        "fuel": 6124,
        "fault": 0.6396,
        "weapon": 0,
        "pilot_injury": 0.229,
        "pilot_skill": 0.9136,
        "mission_priority": 0.3596,
        "estimated_landing_time": 852.0,
        "wait_time": 0,
        "Landing_success_rate": 0.8669
    }
]