[
    {
        "model": 2,
        "sequence": 3,
        "status": 1,
        "fuel": 7439,
        "fault": 0.4263,
        "weapon": 0,
        "pilot_injury": 0.6976,
        "pilot_skill": 0.5361,
        "mission_priority": 0.3702,
        "estimated_landing_time": 288.0,
        "wait_time": 0,
        "Landing_success_rate": 0.9334
    },
    {
        "model": 0,
        "sequence": 7,
        "status": 1,
        "fuel": 6476,
        "fault": 0.4453,
        "weapon": 1,
        "pilot_injury": 0.0073,
        "pilot_skill": 0.8385,
        "mission_priority": 0.3502,
        "estimated_landing_time": 664.0,
        "wait_time": 0,
        "Landing_success_rate": 0.8906
    },
    {
        "model": 2,
        "sequence": 4,
        "status": 1,
        "fuel": 6919,
        "fault": 0.9474,
        "weapon": 0,
        "pilot_injury": 0.1871,
        "pilot_skill": 0.0101,
        "mission_priority": 0.9088,
        "estimated_landing_time": 382.0,
        "wait_time": 0,
        "Landing_success_rate": 0.8556
    },
    {
        "model": 1,
        "sequence": 5,
        "status": 1,
        "fuel": 7024,
        "fault": 0.0122,
        "weapon": 1,
        "pilot_injury": 0.819,
        "pilot_skill": 0.0263,
        "mission_priority": 0.2023,
        "estimated_landing_time": 476.0,
        "wait_time": 0,
        "Landing_success_rate": 0.9629
    },
    {
        "model": 1,
        "sequence": 17,
        "status": 1,
        "fuel": 6853,
        "fault": 0.9309,
        "weapon": 0,
        "pilot_injury": 0.3121,
        "pilot_skill": 0.7729,
        "mission_priority": 0.0415,
        "estimated_landing_time": 1604.0,
        "wait_time": 0,
        "Landing_success_rate": 0.857
    },
    {
        "model": 0,
        "sequence": 18,
        "status": 1,
        "fuel": 7140,
        "fault": 0.2137,
        "weapon": 1,
        "pilot_injury": 0.1869,
        "pilot_skill": 0.8168,
        "mission_priority": 0.4123,
        "estimated_landing_time": 1698.0,
        "wait_time": 0,
        "Landing_success_rate": 0.9467
    },
    {
        "model": 1,
        "sequence": 13,
        "status": 1,
        "fuel": 5801,
        "fault": 0.7951,
        "weapon": 0,
        "pilot_injury": 0.7916,
        "pilot_skill": 0.2869,
        "mission_priority": 0.6934,
        "estimated_landing_time": 1228.0,
        "wait_time": 0,
        "Landing_success_rate": 0.8546
    },
    {
        "model": 1,
        "sequence": 9,
        "status": 1,
        "fuel": 7118,
        "fault": 0.9717,
        "weapon": 0,
        "pilot_injury": 0.2959,
        "pilot_skill": 0.7234,
        "mission_priority": 0.2322,
        "estimated_landing_time": 852.0,
        "wait_time": 0,
        "Landing_success_rate": 0.8534
    },
    {
        "model": 2,
        "sequence": 1,
        "status": 1,
        "fuel": 6928,
        "fault": 0.7935,
        "weapon": 1,
        "pilot_injury": 0.4023,
        "pilot_skill": 0.0997,
        "mission_priority": 0.1477,
        "estimated_landing_time": 100.0,
        "wait_time": 0,
        "Landing_success_rate": 0.8721
    },
    {
        "model": 0,
        "sequence": 16,
        "status": 1,
        "fuel": 5542,
        "fault": 0.1846,
        "weapon": 0,
        "pilot_injury": 0.193,
        "pilot_skill": 0.4089,
        "mission_priority": 0.38,
        "estimated_landing_time": 1510.0,
        "wait_time": 0,
        "Landing_success_rate": 0.8526
    },
    {
        "model": 1,
        "sequence": 2,
        "status": 1,
        "fuel": 6146,
        "fault": 0.2267,
        "weapon": 0,
        "pilot_injury": 0.3181,
        "pilot_skill": 0.7453,
        "mission_priority": 0.5101,
        "estimated_landing_time": 194.0,
        "wait_time": 0,
        "Landing_success_rate": 0.8875
    },
    {
        "model": 1,
        "sequence": 6,
        "status": 1,
        "fuel": 7239,
        "fault": 0.2812,
        "weapon": 0,
        "pilot_injury": 0.2073,
        "pilot_skill": 0.2803,
        "mission_priority": 0.013,
        "estimated_landing_time": 570.0,
        "wait_time": 0,
        "Landing_success_rate": 0.9437
    },
    {
        "model": 2,
        "sequence": 10,
        "status": 1,
        "fuel": 6018,
        "fault": 0.458,
        "weapon": 1,
        "pilot_injury": 0.4816,
        "pilot_skill": 0.1579,
        "mission_priority": 0.8727,
        "estimated_landing_time": 946.0,
        "wait_time": 0,
        "Landing_success_rate": 0.8711
    },
    {
        "model": 2,
        "sequence": 12,
        "status": 1,
        "fuel": 5664,
        "fault": 0.1418,
        "weapon": 1,
        "pilot_injury": 0.878,
        "pilot_skill": 0.9055,
        "mission_priority": 0.0495,
        "estimated_landing_time": 1134.0,
        "wait_time": 0,
        "Landing_success_rate": 0.8606
    },
    {
        "model": 2,
        "sequence": 15,
        "status": 1,
        "fuel": 7156,
        "fault": 0.3258,
        "weapon": 0,
        "pilot_injury": 0.5817,
        "pilot_skill": 0.2179,
        "mission_priority": 0.8449,
        "estimated_landing_time": 1416.0,
        "wait_time": 0,
        "Landing_success_rate": 0.9337
    },
    {
        "model": 2,
        "sequence": 8,
        "status": 1,
        "fuel": 5853,
        "fault": 0.8024,
        "weapon": 1,
        "pilot_injury": 0.5556,
        "pilot_skill": 0.7962,
        "mission_priority": 0.3719,
        "estimated_landing_time": 758.0,
        "wait_time": 0,
        "Landing_success_rate": 0.8552
    },
    {
        "model": 0,
        "sequence": 11,
        "status": 1,
        "fuel": 6690,
        "fault": 0.3433,
        "weapon": 0,
        "pilot_injury": 0.5955,
        "pilot_skill": 0.3524,
        "mission_priority": 0.9372,
        "estimated_landing_time": 1040.0,
        "wait_time": 0,
        "Landing_success_rate": 0.9086
    },
    {
        "model": 2,
        "sequence": 14,
        "status": 1,
        "fuel": 6248,
        "fault": 0.866,
        "weapon": 1,
        "pilot_injury": 0.4043,
        "pilot_skill": 0.7672,
        "mission_priority": 0.9119,
        "estimated_landing_time": 1322.0,
        "wait_time": 0,
        "Landing_success_rate": 0.8575
    }
]