[
    {
        "model": 2,
        "sequence": 13,
        "status": 1,
        "fuel": 6173,
        "fault": 0.4723,
        "weapon": 1,
        "pilot_injury": 0.0256,
        "pilot_skill": 0.8315,
        "mission_priority": 0.792,
        "estimated_landing_time": 1228.0,
        "wait_time": 0,
        "Landing_success_rate": 0.8766
    },
    {
        "model": 2,
        "sequence": 7,
        "status": 1,
        "fuel": 7375,
        "fault": 0.3251,
        "weapon": 0,
        "pilot_injury": 0.8848,
        "pilot_skill": 0.5185,
        "mission_priority": 0.4013,
        "estimated_landing_time": 664.0,
        "wait_time": 0,
        "Landing_success_rate": 0.9449
    },
    {
        "model": 1,
        "sequence": 9,
        "status": 1,
        "fuel": 6817,
        "fault": 0.8488,
        "weapon": 0,
        "pilot_injury": 0.4731,
        "pilot_skill": 0.6524,
        "mission_priority": 0.6085,
        "estimated_landing_time": 852.0,
        "wait_time": 0,
        "Landing_success_rate": 0.8649
    },
    {
        "model": 1,
        "sequence": 6,
        "status": 1,
        "fuel": 7324,
        "fault": 0.2747,
        "weapon": 1,
        "pilot_injury": 0.7086,
        "pilot_skill": 0.5849,
        "mission_priority": 0.6845,
        "estimated_landing_time": 570.0,
        "wait_time": 0,
        "Landing_success_rate": 0.9492
    },
    {
        "model": 1,
        "sequence": 15,
        "status": 1,
        "fuel": 5582,
        "fault": 0.5899,
        "weapon": 1,
        "pilot_injury": 0.4497,
        "pilot_skill": 0.9872,
        "mission_priority": 0.0233,
        "estimated_landing_time": 1416.0,
        "wait_time": 0,
        "Landing_success_rate": 0.8525
    },
    {
        "model": 2,
        "sequence": 16,
        "status": 1,
        "fuel": 5818,
        "fault": 0.0523,
        "weapon": 0,
        "pilot_injury": 0.5556,
        "pilot_skill": 0.2432,
        "mission_priority": 0.7375,
        "estimated_landing_time": 1510.0,
        "wait_time": 0,
        "Landing_success_rate": 0.8726
    },
    {
        "model": 1,
        "sequence": 18,
        "status": 1,
        "fuel": 7050,
        "fault": 0.4437,
        "weapon": 0,
        "pilot_injury": 0.1607,
        "pilot_skill": 0.8754,
        "mission_priority": 0.3613,
        "estimated_landing_time": 1698.0,
        "wait_time": 0,
        "Landing_success_rate": 0.9147
    },
    {
        "model": 0,
        "sequence": 8,
        "status": 1,
        "fuel": 7442,
        "fault": 0.1102,
        "weapon": 1,
        "pilot_injury": 0.4253,
        "pilot_skill": 0.2313,
        "mission_priority": 0.6659,
        "estimated_landing_time": 758.0,
        "wait_time": 0,
        "Landing_success_rate": 0.9796
    },
    {
        "model": 0,
        "sequence": 14,
        "status": 1,
        "fuel": 6848,
        "fault": 0.6359,
        "weapon": 1,
        "pilot_injury": 0.3127,
        "pilot_skill": 0.5056,
        "mission_priority": 0.2595,
        "estimated_landing_time": 1322.0,
        "wait_time": 0,
        "Landing_success_rate": 0.8868
    },
    {
        "model": 1,
        "sequence": 10,
        "status": 1,
        "fuel": 7273,
        "fault": 0.7929,
        "weapon": 0,
        "pilot_injury": 0.1735,
        "pilot_skill": 0.2728,
        "mission_priority": 0.0829,
        "estimated_landing_time": 946.0,
        "wait_time": 0,
        "Landing_success_rate": 0.8775
    },
    {
        "model": 2,
        "sequence": 11,
        "status": 1,
        "fuel": 6250,
        "fault": 0.7312,
        "weapon": 1,
        "pilot_injury": 0.3371,
        "pilot_skill": 0.9638,
        "mission_priority": 0.1713,
        "estimated_landing_time": 1040.0,
        "wait_time": 0,
        "Landing_success_rate": 0.8651
    },
    {
        "model": 1,
        "sequence": 4,
        "status": 1,
        "fuel": 6535,
        "fault": 0.4808,
        "weapon": 1,
        "pilot_injury": 0.2235,
        "pilot_skill": 0.9696,
        "mission_priority": 0.8026,
        "estimated_landing_time": 382.0,
        "wait_time": 0,
        "Landing_success_rate": 0.8903
    },
    {
        "model": 0,
        "sequence": 1,
        "status": 1,
        "fuel": 7288,
        "fault": 0.2791,
        "weapon": 0,
        "pilot_injury": 0.9914,
        "pilot_skill": 0.5932,
        "mission_priority": 0.1019,
        "estimated_landing_time": 100.0,
        "wait_time": 0,
        "Landing_success_rate": 0.9467
    },
    {
        "model": 2,
        "sequence": 2,
        "status": 1,
        "fuel": 5783,
        "fault": 0.15,
        "weapon": 1,
        "pilot_injury": 0.6576,
        "pilot_skill": 0.7482,
        "mission_priority": 0.1088,
        "estimated_landing_time": 194.0,
        "wait_time": 0,
        "Landing_success_rate": 0.868
    },
    {
        "model": 1,
        "sequence": 3,
        "status": 1,
        "fuel": 6927,
        "fault": 0.4997,
        "weapon": 1,
        "pilot_injury": 0.6496,
        "pilot_skill": 0.0349,
        "mission_priority": 0.961,
        "estimated_landing_time": 288.0,
        "wait_time": 0,
        "Landing_success_rate": 0.9035
    },
    {
        "model": 1,
        "sequence": 12,
        "status": 1,
        "fuel": 6774,
        "fault": 0.7297,
        "weapon": 0,
        "pilot_injury": 0.9436,
        "pilot_skill": 0.9294,
        "mission_priority": 0.2203,
        "estimated_landing_time": 1134.0,
        "wait_time": 0,
        "Landing_success_rate": 0.8758
    },
    {
        "model": 2,
        "sequence": 5,
        "status": 1,
        "fuel": 7059,
        "fault": 0.4197,
        "weapon": 0,
        "pilot_injury": 0.0189,
        "pilot_skill": 0.2398,
        "mission_priority": 0.413,
        "estimated_landing_time": 476.0,
        "wait_time": 0,
        "Landing_success_rate": 0.9179
    },
    {
        "model": 2,
        "sequence": 17,
        "status": 1,
        "fuel": 6061,
        "fault": 0.8054,
        "weapon": 1,
        "pilot_injury": 0.2102,
        "pilot_skill": 0.8367,
        "mission_priority": 0.8457,
        "estimated_landing_time": 1604.0,
        "wait_time": 0,
        "Landing_success_rate": 0.8582
    }
]