[
    {
        "model": 2,
        "sequence": 13,
        "status": 1,
        "fuel": 6633,
        "fault": 0.1232,
        "weapon": 1,
        "pilot_injury": 0.3789,
        "pilot_skill": 0.0127,
        "mission_priority": 0.3286,
        "estimated_landing_time": 1228.0,
        "wait_time": 0,
        "Landing_success_rate": 0.9245
    },
    {
        "model": 0,
        "sequence": 17,
        "status": 1,
        "fuel": 7268,
        "fault": 0.0974,
        "weapon": 0,
        "pilot_injury": 0.5123,
        "pilot_skill": 0.7933,
        "mission_priority": 0.64,
        "estimated_landing_time": 1604.0,
        "wait_time": 0,
        "Landing_success_rate": 0.9697
    },
    {
        "model": 0,
        "sequence": 18,
        "status": 1,
        "fuel": 5704,
        "fault": 0.4427,
        "weapon": 1,
        "pilot_injury": 0.0278,
        "pilot_skill": 0.9695,
        "mission_priority": 0.427,
        "estimated_landing_time": 1698.0,
        "wait_time": 0,
        "Landing_success_rate": 0.8585
    },
    {
        "model": 0,
        "sequence": 6,
        "status": 1,
        "fuel": 6079,
        "fault": 0.3824,
        "weapon": 1,
        "pilot_injury": 0.1189,
        "pilot_skill": 0.9405,
        "mission_priority": 0.6948,
        "estimated_landing_time": 570.0,
        "wait_time": 0,
        "Landing_success_rate": 0.8768
    },
    {
        "model": 1,
        "sequence": 8,
        "status": 1,
        "fuel": 7291,
        "fault": 0.5638,
        "weapon": 0,
        "pilot_injury": 0.5899,
        "pilot_skill": 0.7465,
        "mission_priority": 0.4316,
        "estimated_landing_time": 758.0,
        "wait_time": 0,
        "Landing_success_rate": 0.9086
    },
    {
        "model": 2,
        "sequence": 11,
        "status": 1,
        "fuel": 7439,
        "fault": 0.6181,
        "weapon": 1,
        "pilot_injury": 0.734,
        "pilot_skill": 0.0991,
        "mission_priority": 0.7643,
        "estimated_landing_time": 1040.0,
        "wait_time": 0,
        "Landing_success_rate": 0.9055
    },
    {
        "model": 0,
        "sequence": 7,
        "status": 1,
        "fuel": 6338,
        "fault": 0.926,
        "weapon": 0,
        "pilot_injury": 0.9179,
        "pilot_skill": 0.4716,
        "mission_priority": 0.1252,
        "estimated_landing_time": 664.0,
        "wait_time": 0,
        "Landing_success_rate": 0.8547
    },
    {
        "model": 0,
        "sequence": 3,
        "status": 1,
        "fuel": 6688,
        "fault": 0.2312,
        "weapon": 1,
        "pilot_injury": 0.1306,
        "pilot_skill": 0.3908,
        "mission_priority": 0.5893,
        "estimated_landing_time": 288.0,
        "wait_time": 0,
        "Landing_success_rate": 0.9185
    },
    {
        "model": 0,
        "sequence": 1,
        "status": 1,
        "fuel": 6123,
        "fault": 0.9199,
        "weapon": 0,
        "pilot_injury": 0.2697,
        "pilot_skill": 0.1758,
        "mission_priority": 0.221,
        "estimated_landing_time": 100.0,
        "wait_time": 0,
        "Landing_success_rate": 0.8537
    },
    {
        "model": 2,
        "sequence": 10,
        "status": 1,
        "fuel": 6265,
        "fault": 0.5527,
        "weapon": 1,
        "pilot_injury": 0.8783,
        "pilot_skill": 0.3053,
        "mission_priority": 0.2583,
        "estimated_landing_time": 946.0,
        "wait_time": 0,
        "Landing_success_rate": 0.8757
    },
    {
        "model": 2,
        "sequence": 15,
        "status": 1,
        "fuel": 7419,
        "fault": 0.0973,
        "weapon": 1,
        "pilot_injury": 0.4769,
        "pilot_skill": 0.0312,
        "mission_priority": 0.2871,
        "estimated_landing_time": 1416.0,
        "wait_time": 0,
        "Landing_success_rate": 0.9799
    },
    {
        "model": 1,
        "sequence": 14,
        "status": 1,
        "fuel": 5704,
        "fault": 0.5492,
        "weapon": 0,
        "pilot_injury": 0.4314,
        "pilot_skill": 0.2773,
        "mission_priority": 0.1664,
        "estimated_landing_time": 1322.0,
        "wait_time": 0,
        "Landing_success_rate": 0.8569
    },
    {
        "model": 1,
        "sequence": 2,
        "status": 1,
        "fuel": 6207,
        "fault": 0.8811,
        "weapon": 0,
        "pilot_injury": 0.7349,
        "pilot_skill": 0.2508,
        "mission_priority": 0.2631,
        "estimated_landing_time": 194.0,
        "wait_time": 0,
        "Landing_success_rate": 0.8563
    },
    {
        "model": 2,
        "sequence": 9,
        "status": 1,
        "fuel": 6209,
        "fault": 0.6289,
        "weapon": 0,
        "pilot_injury": 0.7424,
        "pilot_skill": 0.0014,
        "mission_priority": 0.0871,
        "estimated_landing_time": 852.0,
        "wait_time": 0,
        "Landing_success_rate": 0.8697
    },
    {
        "model": 1,
        "sequence": 5,
        "status": 1,
        "fuel": 5747,
        "fault": 0.998,
        "weapon": 1,
        "pilot_injury": 0.3434,
        "pilot_skill": 0.9583,
        "mission_priority": 0.3016,
        "estimated_landing_time": 476.0,
        "wait_time": 0,
        "Landing_success_rate": 0.85
    },
    {
        "model": 2,
        "sequence": 12,
        "status": 1,
        "fuel": 6062,
        "fault": 0.7742,
        "weapon": 1,
        "pilot_injury": 0.5618,
        "pilot_skill": 0.6433,
        "mission_priority": 0.1331,
        "estimated_landing_time": 1134.0,
        "wait_time": 0,
        "Landing_success_rate": 0.8595
    },
    {
        "model": 1,
        "sequence": 4,
        "status": 1,
        "fuel": 6043,
        "fault": 0.054,
        "weapon": 1,
        "pilot_injury": 0.1604,
        "pilot_skill": 0.5489,
        "mission_priority": 0.4536,
        "estimated_landing_time": 382.0,
        "wait_time": 0,
        "Landing_success_rate": 0.8885
    },
    {
        "model": 1,
        "sequence": 16,
        "status": 1,
        "fuel": 6066,
        "fault": 0.54,
        "weapon": 0,
        "pilot_injury": 0.0205,
        "pilot_skill": 0.1264,
        "mission_priority": 0.7002,
        "estimated_landing_time": 1510.0,
        "wait_time": 0,
        "Landing_success_rate": 0.8695
    }
]