[
    {
        "model": 1,
        "sequence": 12,
        "status": 1,
        "fuel": 6973,
        "fault": 0.0206,
        "weapon": 1,
        "pilot_injury": 0.4156,
        "pilot_skill": 0.1635,
        "mission_priority": 0.9935,
        "estimated_landing_time": 1134.0,
        "wait_time": 0,
        "Landing_success_rate": 0.9582
    },
    {
        "model": 1,
        "sequence": 1,
        "status": 1,
        "fuel": 6169,
        "fault": 0.4675,
        "weapon": 1,
        "pilot_injury": 0.8033,
        "pilot_skill": 0.2627,
        "mission_priority": 0.8793,
        "estimated_landing_time": 100.0,
        "wait_time": 0,
        "Landing_success_rate": 0.8767
    },
    {
        "model": 0,
        "sequence": 7,
        "status": 1,
        "fuel": 7252,
        "fault": 0.8515,
        "weapon": 0,
        "pilot_injury": 0.9846,
        "pilot_skill": 0.3204,
        "mission_priority": 0.0117,
        "estimated_landing_time": 664.0,
        "wait_time": 0,
        "Landing_success_rate": 0.8695
    },
    {
        "model": 2,
        "sequence": 8,
        "status": 1,
        "fuel": 6909,
        "fault": 0.5178,
        "weapon": 0,
        "pilot_injury": 0.6352,
        "pilot_skill": 0.6955,
        "mission_priority": 0.2383,
        "estimated_landing_time": 758.0,
        "wait_time": 0,
        "Landing_success_rate": 0.901
    },
    {
        "model": 2,
        "sequence": 18,
        "status": 1,
        "fuel": 6759,
        "fault": 0.6602,
        "weapon": 0,
        "pilot_injury": 0.4134,
        "pilot_skill": 0.0041,
        "mission_priority": 0.2942,
        "estimated_landing_time": 1698.0,
        "wait_time": 0,
        "Landing_success_rate": 0.8821
    },
    {
        "model": 1,
        "sequence": 2,
        "status": 1,
        "fuel": 7485,
        "fault": 0.8746,
        "weapon": 0,
        "pilot_injury": 0.7561,
        "pilot_skill": 0.4975,
        "mission_priority": 0.1859,
        "estimated_landing_time": 194.0,
        "wait_time": 0,
        "Landing_success_rate": 0.8687
    },
    {
        "model": 0,
        "sequence": 13,
        "status": 1,
        "fuel": 6084,
        "fault": 0.6068,
        "weapon": 1,
        "pilot_injury": 0.806,
        "pilot_skill": 0.4195,
        "mission_priority": 0.2523,
        "estimated_landing_time": 1228.0,
        "wait_time": 0,
        "Landing_success_rate": 0.8672
    },
    {
        "model": 1,
        "sequence": 4,
        "status": 1,
        "fuel": 5526,
        "fault": 0.5417,
        "weapon": 1,
        "pilot_injury": 0.6848,
        "pilot_skill": 0.1903,
        "mission_priority": 0.5372,
        "estimated_landing_time": 382.0,
        "wait_time": 0,
        "Landing_success_rate": 0.8509
    },
    {
        "model": 2,
        "sequence": 15,
        "status": 1,
        "fuel": 5625,
        "fault": 0.9774,
        "weapon": 1,
        "pilot_injury": 0.8606,
        "pilot_skill": 0.307,
        "mission_priority": 0.9048,
        "estimated_landing_time": 1416.0,
        "wait_time": 0,
        "Landing_success_rate": 0.8502
    },
    {
        "model": 2,
        "sequence": 5,
        "status": 1,
        "fuel": 6274,
        "fault": 0.1696,
        "weapon": 0,
        "pilot_injury": 0.7912,
        "pilot_skill": 0.4946,
        "mission_priority": 0.9455,
        "estimated_landing_time": 476.0,
        "wait_time": 0,
        "Landing_success_rate": 0.8982
    },
    {
        "model": 0,
        "sequence": 10,
        "status": 1,
        "fuel": 6405,
        "fault": 0.2689,
        "weapon": 1,
        "pilot_injury": 0.9561,
        "pilot_skill": 0.2712,
        "mission_priority": 0.472,
        "estimated_landing_time": 946.0,
        "wait_time": 0,
        "Landing_success_rate": 0.8996
    },
    {
        "model": 1,
        "sequence": 16,
        "status": 1,
        "fuel": 6338,
        "fault": 0.2641,
        "weapon": 0,
        "pilot_injury": 0.8387,
        "pilot_skill": 0.5198,
        "mission_priority": 0.3189,
        "estimated_landing_time": 1510.0,
        "wait_time": 0,
        "Landing_success_rate": 0.8963
    },
    {
        "model": 1,
        "sequence": 3,
        "status": 1,
        "fuel": 7061,
        "fault": 0.6258,
        "weapon": 1,
        "pilot_injury": 0.1764,
        "pilot_skill": 0.555,
        "mission_priority": 0.0484,
        "estimated_landing_time": 288.0,
        "wait_time": 0,
        "Landing_success_rate": 0.8938
    },
    {
        "model": 2,
        "sequence": 14,
        "status": 1,
        "fuel": 7487,
        "fault": 0.0687,
        "weapon": 0,
        "pilot_injury": 0.6726,
        "pilot_skill": 0.407,
        "mission_priority": 0.4941,
        "estimated_landing_time": 1322.0,
        "wait_time": 0,
        "Landing_success_rate": 0.9888
    },
    {
        "model": 1,
        "sequence": 17,
        "status": 1,
        "fuel": 6751,
        "fault": 0.1573,
        "weapon": 1,
        "pilot_injury": 0.3583,
        "pilot_skill": 0.1934,
        "mission_priority": 0.6788,
        "estimated_landing_time": 1604.0,
        "wait_time": 0,
        "Landing_success_rate": 0.9291
    },
    {
        "model": 1,
        "sequence": 9,
        "status": 1,
        "fuel": 7126,
        "fault": 0.9327,
        "weapon": 0,
        "pilot_injury": 0.4768,
        "pilot_skill": 0.3019,
        "mission_priority": 0.1023,
        "estimated_landing_time": 852.0,
        "wait_time": 0,
        "Landing_success_rate": 0.8582
    },
    {
        "model": 1,
        "sequence": 6,
        "status": 1,
        "fuel": 5557,
        "fault": 0.8709,
        "weapon": 1,
        "pilot_injury": 0.8095,
        "pilot_skill": 0.2355,
        "mission_priority": 0.7916,
        "estimated_landing_time": 570.0,
        "wait_time": 0,
        "Landing_success_rate": 0.8506
    },
    {
        "model": 0,
        "sequence": 11,
        "status": 1,
        "fuel": 6644,
        "fault": 0.7749,
        "weapon": 1,
        "pilot_injury": 0.1349,
        "pilot_skill": 0.2211,
        "mission_priority": 0.6824,
        "estimated_landing_time": 1040.0,
        "wait_time": 0,
        "Landing_success_rate": 0.8693
    }
]