[
    {
        "model": 1,
        "sequence": 13,
        "status": 1,
        "fuel": 7235,
        "fault": 0.2839,
        "weapon": 1,
        "pilot_injury": 0.8505,
        "pilot_skill": 0.4603,
        "mission_priority": 0.1783,
        "estimated_landing_time": 1228.0,
        "wait_time": 0,
        "Landing_success_rate": 0.9432
    },
    {
        "model": 0,
        "sequence": 14,
        "status": 1,
        "fuel": 6882,
        "fault": 0.6601,
        "weapon": 1,
        "pilot_injury": 0.5734,
        "pilot_skill": 0.4169,
        "mission_priority": 0.5968,
        "estimated_landing_time": 1322.0,
        "wait_time": 0,
        "Landing_success_rate": 0.8852
    },
    {
        "model": 1,
        "sequence": 7,
        "status": 1,
        "fuel": 5629,
        "fault": 0.0751,
        "weapon": 1,
        "pilot_injury": 0.401,
        "pilot_skill": 0.717,
        "mission_priority": 0.1415,
        "estimated_landing_time": 664.0,
        "wait_time": 0,
        "Landing_success_rate": 0.8589
    },
    {
        "model": 1,
        "sequence": 15,
        "status": 1,
        "fuel": 6982,
        "fault": 0.2475,
        "weapon": 0,
        "pilot_injury": 0.2441,
        "pilot_skill": 0.5832,
        "mission_priority": 0.7404,
        "estimated_landing_time": 1416.0,
        "wait_time": 0,
        "Landing_success_rate": 0.9336
    },
    {
        "model": 2,
        "sequence": 8,
        "status": 1,
        "fuel": 5967,
        "fault": 0.2112,
        "weapon": 1,
        "pilot_injury": 0.9919,
        "pilot_skill": 0.3377,
        "mission_priority": 0.284,
        "estimated_landing_time": 758.0,
        "wait_time": 0,
        "Landing_success_rate": 0.8776
    },
    {
        "model": 1,
        "sequence": 6,
        "status": 1,
        "fuel": 5683,
        "fault": 0.1187,
        "weapon": 0,
        "pilot_injury": 0.5083,
        "pilot_skill": 0.1576,
        "mission_priority": 0.6329,
        "estimated_landing_time": 570.0,
        "wait_time": 0,
        "Landing_success_rate": 0.8621
    },
    {
        "model": 2,
        "sequence": 17,
        "status": 1,
        "fuel": 6281,
        "fault": 0.6375,
        "weapon": 1,
        "pilot_injury": 0.9949,
        "pilot_skill": 0.0286,
        "mission_priority": 0.915,
        "estimated_landing_time": 1604.0,
        "wait_time": 0,
        "Landing_success_rate": 0.8712
    },
    {
        "model": 2,
        "sequence": 18,
        "status": 1,
        "fuel": 7335,
        "fault": 0.2438,
        "weapon": 1,
        "pilot_injury": 0.8809,
        "pilot_skill": 0.6486,
        "mission_priority": 0.8894,
        "estimated_landing_time": 1698.0,
        "wait_time": 0,
        "Landing_success_rate": 0.9541
    },
    {
        "model": 2,
        "sequence": 11,
        "status": 1,
        "fuel": 5625,
        "fault": 0.7888,
        "weapon": 1,
        "pilot_injury": 0.5762,
        "pilot_skill": 0.1791,
        "mission_priority": 0.1408,
        "estimated_landing_time": 1040.0,
        "wait_time": 0,
        "Landing_success_rate": 0.852
    },
    {
        "model": 1,
        "sequence": 16,
        "status": 1,
        "fuel": 7176,
        "fault": 0.5214,
        "weapon": 1,
        "pilot_injury": 0.5885,
        "pilot_skill": 0.7958,
        "mission_priority": 0.1684,
        "estimated_landing_time": 1510.0,
        "wait_time": 0,
        "Landing_success_rate": 0.9102
    },
    {
        "model": 0,
        "sequence": 5,
        "status": 1,
        "fuel": 6666,
        "fault": 0.9839,
        "weapon": 0,
        "pilot_injury": 0.0416,
        "pilot_skill": 0.0972,
        "mission_priority": 0.7816,
        "estimated_landing_time": 476.0,
        "wait_time": 0,
        "Landing_success_rate": 0.8514
    },
    {
        "model": 0,
        "sequence": 1,
        "status": 1,
        "fuel": 5646,
        "fault": 0.3142,
        "weapon": 1,
        "pilot_injury": 0.9204,
        "pilot_skill": 0.992,
        "mission_priority": 0.7644,
        "estimated_landing_time": 100.0,
        "wait_time": 0,
        "Landing_success_rate": 0.8575
    },
    {
        "model": 1,
        "sequence": 2,
        "status": 1,
        "fuel": 6756,
        "fault": 0.616,
        "weapon": 0,
        "pilot_injury": 0.1922,
        "pilot_skill": 0.9807,
        "mission_priority": 0.6951,
        "estimated_landing_time": 194.0,
        "wait_time": 0,
        "Landing_success_rate": 0.8862
    },
    {
        "model": 2,
        "sequence": 12,
        "status": 1,
        "fuel": 7195,
        "fault": 0.8801,
        "weapon": 1,
        "pilot_injury": 0.8865,
        "pilot_skill": 0.0444,
        "mission_priority": 0.2746,
        "estimated_landing_time": 1134.0,
        "wait_time": 0,
        "Landing_success_rate": 0.8652
    },
    {
        "model": 0,
        "sequence": 10,
        "status": 1,
        "fuel": 7027,
        "fault": 0.2377,
        "weapon": 1,
        "pilot_injury": 0.7153,
        "pilot_skill": 0.5347,
        "mission_priority": 0.0053,
        "estimated_landing_time": 946.0,
        "wait_time": 0,
        "Landing_success_rate": 0.9373
    },
    {
        "model": 1,
        "sequence": 4,
        "status": 1,
        "fuel": 6975,
        "fault": 0.1336,
        "weapon": 1,
        "pilot_injury": 0.2023,
        "pilot_skill": 0.8422,
        "mission_priority": 0.9733,
        "estimated_landing_time": 382.0,
        "wait_time": 0,
        "Landing_success_rate": 0.9458
    },
    {
        "model": 0,
        "sequence": 9,
        "status": 1,
        "fuel": 6375,
        "fault": 0.9528,
        "weapon": 1,
        "pilot_injury": 0.9775,
        "pilot_skill": 0.0597,
        "mission_priority": 0.276,
        "estimated_landing_time": 852.0,
        "wait_time": 0,
        "Landing_success_rate": 0.8531
    },
    {
        "model": 1,
        "sequence": 3,
        "status": 1,
        "fuel": 5848,
        "fault": 0.2939,
        "weapon": 1,
        "pilot_injury": 0.6845,
        "pilot_skill": 0.7081,
        "mission_priority": 0.6861,
        "estimated_landing_time": 288.0,
        "wait_time": 0,
        "Landing_success_rate": 0.8684
    }
]