[
    {
        "model": 1,
        "sequence": 15,
        "status": 1,
        "fuel": 5558,
        "fault": 0.4582,
        "weapon": 0,
        "pilot_injury": 0.7333,
        "pilot_skill": 0.2634,
        "mission_priority": 0.7232,
        "estimated_landing_time": 1416.0,
        "wait_time": 0,
        "Landing_success_rate": 0.8524
    },
    {
        "model": 0,
        "sequence": 14,
        "status": 1,
        "fuel": 6156,
        "fault": 0.75,
        "weapon": 1,
        "pilot_injury": 0.1919,
        "pilot_skill": 0.1453,
        "mission_priority": 0.2001,
        "estimated_landing_time": 1322.0,
        "wait_time": 0,
        "Landing_success_rate": 0.8623
    },
    {
        "model": 2,
        "sequence": 3,
        "status": 1,
        "fuel": 6261,
        "fault": 0.8821,
        "weapon": 0,
        "pilot_injury": 0.77,
        "pilot_skill": 0.0018,
        "mission_priority": 0.8741,
        "estimated_landing_time": 288.0,
        "wait_time": 0,
        "Landing_success_rate": 0.8567
    },
    {
        "model": 1,
        "sequence": 7,
        "status": 1,
        "fuel": 6258,
        "fault": 0.8045,
        "weapon": 0,
        "pilot_injury": 0.1515,
        "pilot_skill": 0.0623,
        "mission_priority": 0.7598,
        "estimated_landing_time": 664.0,
        "wait_time": 0,
        "Landing_success_rate": 0.8611
    },
    {
        "model": 0,
        "sequence": 4,
        "status": 1,
        "fuel": 7428,
        "fault": 0.4563,
        "weapon": 1,
        "pilot_injury": 0.4254,
        "pilot_skill": 0.0672,
        "mission_priority": 0.7396,
        "estimated_landing_time": 382.0,
        "wait_time": 0,
        "Landing_success_rate": 0.9286
    },
    {
        "model": 1,
        "sequence": 9,
        "status": 1,
        "fuel": 5526,
        "fault": 0.0414,
        "weapon": 0,
        "pilot_injury": 0.5497,
        "pilot_skill": 0.3824,
        "mission_priority": 0.027,
        "estimated_landing_time": 852.0,
        "wait_time": 0,
        "Landing_success_rate": 0.8519
    },
    {
        "model": 1,
        "sequence": 12,
        "status": 1,
        "fuel": 6236,
        "fault": 0.6929,
        "weapon": 1,
        "pilot_injury": 0.0823,
        "pilot_skill": 0.4533,
        "mission_priority": 0.508,
        "estimated_landing_time": 1134.0,
        "wait_time": 0,
        "Landing_success_rate": 0.867
    },
    {
        "model": 2,
        "sequence": 5,
        "status": 1,
        "fuel": 6435,
        "fault": 0.5924,
        "weapon": 1,
        "pilot_injury": 0.5495,
        "pilot_skill": 0.1205,
        "mission_priority": 0.5623,
        "estimated_landing_time": 476.0,
        "wait_time": 0,
        "Landing_success_rate": 0.8786
    },
    {
        "model": 1,
        "sequence": 6,
        "status": 1,
        "fuel": 6750,
        "fault": 0.2051,
        "weapon": 0,
        "pilot_injury": 0.3016,
        "pilot_skill": 0.7474,
        "mission_priority": 0.606,
        "estimated_landing_time": 570.0,
        "wait_time": 0,
        "Landing_success_rate": 0.9245
    },
    {
        "model": 0,
        "sequence": 18,
        "status": 1,
        "fuel": 7465,
        "fault": 0.9196,
        "weapon": 1,
        "pilot_injury": 0.4595,
        "pilot_skill": 0.111,
        "mission_priority": 0.8173,
        "estimated_landing_time": 1698.0,
        "wait_time": 0,
        "Landing_success_rate": 0.8618
    },
    {
        "model": 0,
        "sequence": 2,
        "status": 1,
        "fuel": 7227,
        "fault": 0.9182,
        "weapon": 1,
        "pilot_injury": 0.8146,
        "pilot_skill": 0.8925,
        "mission_priority": 0.7538,
        "estimated_landing_time": 194.0,
        "wait_time": 0,
        "Landing_success_rate": 0.8606
    },
    {
        "model": 0,
        "sequence": 10,
        "status": 1,
        "fuel": 6624,
        "fault": 0.3838,
        "weapon": 1,
        "pilot_injury": 0.3206,
        "pilot_skill": 0.177,
        "mission_priority": 0.1306,
        "estimated_landing_time": 946.0,
        "wait_time": 0,
        "Landing_success_rate": 0.9019
    },
    {
        "model": 1,
        "sequence": 8,
        "status": 1,
        "fuel": 7267,
        "fault": 0.934,
        "weapon": 1,
        "pilot_injury": 0.7865,
        "pilot_skill": 0.5268,
        "mission_priority": 0.6077,
        "estimated_landing_time": 758.0,
        "wait_time": 0,
        "Landing_success_rate": 0.8587
    },
    {
        "model": 1,
        "sequence": 16,
        "status": 1,
        "fuel": 7431,
        "fault": 0.3666,
        "weapon": 1,
        "pilot_injury": 0.1303,
        "pilot_skill": 0.0538,
        "mission_priority": 0.6893,
        "estimated_landing_time": 1510.0,
        "wait_time": 0,
        "Landing_success_rate": 0.9417
    },
    {
        "model": 2,
        "sequence": 11,
        "status": 1,
        "fuel": 5839,
        "fault": 0.831,
        "weapon": 0,
        "pilot_injury": 0.6055,
        "pilot_skill": 0.6452,
        "mission_priority": 0.1968,
        "estimated_landing_time": 1040.0,
        "wait_time": 0,
        "Landing_success_rate": 0.8543
    },
    {
        "model": 1,
        "sequence": 1,
        "status": 1,
        "fuel": 5520,
        "fault": 0.219,
        "weapon": 0,
        "pilot_injury": 0.9256,
        "pilot_skill": 0.0557,
        "mission_priority": 0.5082,
        "estimated_landing_time": 100.0,
        "wait_time": 0,
        "Landing_success_rate": 0.8512
    },
    {
        "model": 0,
        "sequence": 13,
        "status": 1,
        "fuel": 6601,
        "fault": 0.6577,
        "weapon": 0,
        "pilot_injury": 0.6819,
        "pilot_skill": 0.0972,
        "mission_priority": 0.6163,
        "estimated_landing_time": 1228.0,
        "wait_time": 0,
        "Landing_success_rate": 0.8783
    },
    {
        "model": 0,
        "sequence": 17,
        "status": 1,
        "fuel": 5531,
        "fault": 0.6033,
        "weapon": 0,
        "pilot_injury": 0.2854,
        "pilot_skill": 0.1521,
        "mission_priority": 0.9896,
        "estimated_landing_time": 1604.0,
        "wait_time": 0,
        "Landing_success_rate": 0.8509
    }
]