[
    {
        "model": 1,
        "sequence": 17,
        "status": 1,
        "fuel": 7340,
        "fault": 0.2907,
        "weapon": 0,
        "pilot_injury": 0.8367,
        "pilot_skill": 0.9994,
        "mission_priority": 0.3772,
        "estimated_landing_time": 1604.0,
        "wait_time": 0,
        "Landing_success_rate": 0.9479
    },
    {
        "model": 1,
        "sequence": 1,
        "status": 1,
        "fuel": 6884,
        "fault": 0.4416,
        "weapon": 1,
        "pilot_injury": 0.3956,
        "pilot_skill": 0.7163,
        "mission_priority": 0.5811,
        "estimated_landing_time": 100.0,
        "wait_time": 0,
        "Landing_success_rate": 0.908
    },
    {
        "model": 1,
        "sequence": 9,
        "status": 1,
        "fuel": 7420,
        "fault": 0.0728,
        "weapon": 0,
        "pilot_injury": 0.3667,
        "pilot_skill": 0.0628,
        "mission_priority": 0.6132,
        "estimated_landing_time": 852.0,
        "wait_time": 0,
        "Landing_success_rate": 0.9835
    },
    {
        "model": 2,
        "sequence": 2,
        "status": 1,
        "fuel": 6069,
        "fault": 0.233,
        "weapon": 1,
        "pilot_injury": 0.0703,
        "pilot_skill": 0.9304,
        "mission_priority": 0.133,
        "estimated_landing_time": 194.0,
        "wait_time": 0,
        "Landing_success_rate": 0.8827
    },
    {
        "model": 0,
        "sequence": 13,
        "status": 1,
        "fuel": 6284,
        "fault": 0.5628,
        "weapon": 0,
        "pilot_injury": 0.6364,
        "pilot_skill": 0.5868,
        "mission_priority": 0.1311,
        "estimated_landing_time": 1228.0,
        "wait_time": 0,
        "Landing_success_rate": 0.8757
    },
    {
        "model": 1,
        "sequence": 16,
        "status": 1,
        "fuel": 6474,
        "fault": 0.5267,
        "weapon": 0,
        "pilot_injury": 0.5718,
        "pilot_skill": 0.4473,
        "mission_priority": 0.6797,
        "estimated_landing_time": 1510.0,
        "wait_time": 0,
        "Landing_success_rate": 0.8846
    },
    {
        "model": 2,
        "sequence": 3,
        "status": 1,
        "fuel": 6773,
        "fault": 0.1149,
        "weapon": 0,
        "pilot_injury": 0.6167,
        "pilot_skill": 0.8644,
        "mission_priority": 0.0929,
        "estimated_landing_time": 288.0,
        "wait_time": 0,
        "Landing_success_rate": 0.9345
    },
    {
        "model": 2,
        "sequence": 18,
        "status": 1,
        "fuel": 6805,
        "fault": 0.1843,
        "weapon": 0,
        "pilot_injury": 0.5403,
        "pilot_skill": 0.9915,
        "mission_priority": 0.9841,
        "estimated_landing_time": 1698.0,
        "wait_time": 0,
        "Landing_success_rate": 0.9298
    },
    {
        "model": 1,
        "sequence": 8,
        "status": 1,
        "fuel": 6840,
        "fault": 0.679,
        "weapon": 0,
        "pilot_injury": 0.9382,
        "pilot_skill": 0.8935,
        "mission_priority": 0.616,
        "estimated_landing_time": 758.0,
        "wait_time": 0,
        "Landing_success_rate": 0.8823
    },
    {
        "model": 0,
        "sequence": 10,
        "status": 1,
        "fuel": 6526,
        "fault": 0.7534,
        "weapon": 0,
        "pilot_injury": 0.1609,
        "pilot_skill": 0.943,
        "mission_priority": 0.4351,
        "estimated_landing_time": 946.0,
        "wait_time": 0,
        "Landing_success_rate": 0.869
    },
    {
        "model": 2,
        "sequence": 4,
        "status": 1,
        "fuel": 7401,
        "fault": 0.3864,
        "weapon": 0,
        "pilot_injury": 0.4751,
        "pilot_skill": 0.7546,
        "mission_priority": 0.492,
        "estimated_landing_time": 382.0,
        "wait_time": 0,
        "Landing_success_rate": 0.9375
    },
    {
        "model": 1,
        "sequence": 15,
        "status": 1,
        "fuel": 6680,
        "fault": 0.729,
        "weapon": 1,
        "pilot_injury": 0.0774,
        "pilot_skill": 0.6068,
        "mission_priority": 0.6126,
        "estimated_landing_time": 1416.0,
        "wait_time": 0,
        "Landing_success_rate": 0.874
    },
    {
        "model": 0,
        "sequence": 14,
        "status": 1,
        "fuel": 7008,
        "fault": 0.4569,
        "weapon": 1,
        "pilot_injury": 0.0629,
        "pilot_skill": 0.4462,
        "mission_priority": 0.3366,
        "estimated_landing_time": 1322.0,
        "wait_time": 0,
        "Landing_success_rate": 0.9114
    },
    {
        "model": 0,
        "sequence": 12,
        "status": 1,
        "fuel": 6049,
        "fault": 0.5011,
        "weapon": 0,
        "pilot_injury": 0.4601,
        "pilot_skill": 0.7546,
        "mission_priority": 0.7788,
        "estimated_landing_time": 1134.0,
        "wait_time": 0,
        "Landing_success_rate": 0.8705
    },
    {
        "model": 1,
        "sequence": 6,
        "status": 1,
        "fuel": 5576,
        "fault": 0.1713,
        "weapon": 0,
        "pilot_injury": 0.7806,
        "pilot_skill": 0.0903,
        "mission_priority": 0.8475,
        "estimated_landing_time": 570.0,
        "wait_time": 0,
        "Landing_success_rate": 0.8547
    },
    {
        "model": 2,
        "sequence": 7,
        "status": 1,
        "fuel": 7111,
        "fault": 0.9215,
        "weapon": 0,
        "pilot_injury": 0.7404,
        "pilot_skill": 0.0352,
        "mission_priority": 0.3846,
        "estimated_landing_time": 664.0,
        "wait_time": 0,
        "Landing_success_rate": 0.8595
    },
    {
        "model": 0,
        "sequence": 11,
        "status": 1,
        "fuel": 6949,
        "fault": 0.9208,
        "weapon": 1,
        "pilot_injury": 0.7178,
        "pilot_skill": 0.8961,
        "mission_priority": 0.0827,
        "estimated_landing_time": 1040.0,
        "wait_time": 0,
        "Landing_success_rate": 0.8586
    },
    {
        "model": 0,
        "sequence": 5,
        "status": 1,
        "fuel": 6817,
        "fault": 0.9565,
        "weapon": 0,
        "pilot_injury": 0.3985,
        "pilot_skill": 0.4816,
        "mission_priority": 0.6043,
        "estimated_landing_time": 476.0,
        "wait_time": 0,
        "Landing_success_rate": 0.8543
    }
]