[
    {
        "model": 0,
        "sequence": 11,
        "status": 1,
        "fuel": 7064,
        "fault": 0.8134,
        "weapon": 1,
        "pilot_injury": 0.0761,
        "pilot_skill": 0.5561,
        "mission_priority": 0.1733,
        "estimated_landing_time": 1040.0,
        "wait_time": 0,
        "Landing_success_rate": 0.8719
    },
    {
        "model": 0,
        "sequence": 14,
        "status": 1,
        "fuel": 7046,
        "fault": 0.0707,
        "weapon": 0,
        "pilot_injury": 0.0594,
        "pilot_skill": 0.3009,
        "mission_priority": 0.6163,
        "estimated_landing_time": 1322.0,
        "wait_time": 0,
        "Landing_success_rate": 0.9578
    },
    {
        "model": 1,
        "sequence": 7,
        "status": 1,
        "fuel": 5629,
        "fault": 0.5132,
        "weapon": 1,
        "pilot_injury": 0.1212,
        "pilot_skill": 0.6796,
        "mission_priority": 0.4976,
        "estimated_landing_time": 664.0,
        "wait_time": 0,
        "Landing_success_rate": 0.8547
    },
    {
        "model": 2,
        "sequence": 5,
        "status": 1,
        "fuel": 7225,
        "fault": 0.3188,
        "weapon": 1,
        "pilot_injury": 0.8292,
        "pilot_skill": 0.6508,
        "mission_priority": 0.9877,
        "estimated_landing_time": 476.0,
        "wait_time": 0,
        "Landing_success_rate": 0.9381
    },
    {
        "model": 2,
        "sequence": 6,
        "status": 1,
        "fuel": 5989,
        "fault": 0.2248,
        "weapon": 0,
        "pilot_injury": 0.851,
        "pilot_skill": 0.3385,
        "mission_priority": 0.4312,
        "estimated_landing_time": 570.0,
        "wait_time": 0,
        "Landing_success_rate": 0.8784
    },
    {
        "model": 2,
        "sequence": 4,
        "status": 1,
        "fuel": 5610,
        "fault": 0.0498,
        "weapon": 0,
        "pilot_injury": 0.298,
        "pilot_skill": 0.0595,
        "mission_priority": 0.4429,
        "estimated_landing_time": 382.0,
        "wait_time": 0,
        "Landing_success_rate": 0.8578
    },
    {
        "model": 2,
        "sequence": 15,
        "status": 1,
        "fuel": 7335,
        "fault": 0.7624,
        "weapon": 0,
        "pilot_injury": 0.7178,
        "pilot_skill": 0.4783,
        "mission_priority": 0.8581,
        "estimated_landing_time": 1416.0,
        "wait_time": 0,
        "Landing_success_rate": 0.8827
    },
    {
        "model": 2,
        "sequence": 13,
        "status": 1,
        "fuel": 5628,
        "fault": 0.0613,
        "weapon": 0,
        "pilot_injury": 0.9326,
        "pilot_skill": 0.7414,
        "mission_priority": 0.4059,
        "estimated_landing_time": 1228.0,
        "wait_time": 0,
        "Landing_success_rate": 0.859
    },
    {
        "model": 0,
        "sequence": 18,
        "status": 1,
        "fuel": 7090,
        "fault": 0.4438,
        "weapon": 0,
        "pilot_injury": 0.6424,
        "pilot_skill": 0.1429,
        "mission_priority": 0.8383,
        "estimated_landing_time": 1698.0,
        "wait_time": 0,
        "Landing_success_rate": 0.9163
    },
    {
        "model": 0,
        "sequence": 2,
        "status": 1,
        "fuel": 5999,
        "fault": 0.3413,
        "weapon": 0,
        "pilot_injury": 0.3761,
        "pilot_skill": 0.9373,
        "mission_priority": 0.4707,
        "estimated_landing_time": 194.0,
        "wait_time": 0,
        "Landing_success_rate": 0.8747
    },
    {
        "model": 0,
        "sequence": 10,
        "status": 1,
        "fuel": 7235,
        "fault": 0.6202,
        "weapon": 0,
        "pilot_injury": 0.2105,
        "pilot_skill": 0.9791,
        "mission_priority": 0.7809,
        "estimated_landing_time": 946.0,
        "wait_time": 0,
        "Landing_success_rate": 0.8994
    },
    {
        "model": 0,
        "sequence": 9,
        "status": 1,
        "fuel": 6506,
        "fault": 0.0554,
        "weapon": 1,
        "pilot_injury": 0.935,
        "pilot_skill": 0.685,
        "mission_priority": 0.0386,
        "estimated_landing_time": 852.0,
        "wait_time": 0,
        "Landing_success_rate": 0.9213
    },
    {
        "model": 1,
        "sequence": 3,
        "status": 1,
        "fuel": 7106,
        "fault": 0.1437,
        "weapon": 0,
        "pilot_injury": 0.9741,
        "pilot_skill": 0.4979,
        "mission_priority": 0.4621,
        "estimated_landing_time": 288.0,
        "wait_time": 0,
        "Landing_success_rate": 0.9531
    },
    {
        "model": 1,
        "sequence": 8,
        "status": 1,
        "fuel": 6218,
        "fault": 0.4672,
        "weapon": 1,
        "pilot_injury": 0.5178,
        "pilot_skill": 0.9841,
        "mission_priority": 0.1114,
        "estimated_landing_time": 758.0,
        "wait_time": 0,
        "Landing_success_rate": 0.8787
    },
    {
        "model": 2,
        "sequence": 16,
        "status": 1,
        "fuel": 6815,
        "fault": 0.19,
        "weapon": 0,
        "pilot_injury": 0.4729,
        "pilot_skill": 0.3376,
        "mission_priority": 0.9554,
        "estimated_landing_time": 1510.0,
        "wait_time": 0,
        "Landing_success_rate": 0.9299
    },
    {
        "model": 1,
        "sequence": 1,
        "status": 1,
        "fuel": 6005,
        "fault": 0.0465,
        "weapon": 1,
        "pilot_injury": 0.2217,
        "pilot_skill": 0.4308,
        "mission_priority": 0.6764,
        "estimated_landing_time": 100.0,
        "wait_time": 0,
        "Landing_success_rate": 0.8861
    },
    {
        "model": 0,
        "sequence": 12,
        "status": 1,
        "fuel": 5679,
        "fault": 0.8499,
        "weapon": 0,
        "pilot_injury": 0.9847,
        "pilot_skill": 0.679,
        "mission_priority": 0.7437,
        "estimated_landing_time": 1134.0,
        "wait_time": 0,
        "Landing_success_rate": 0.852
    },
    {
        "model": 0,
        "sequence": 17,
        "status": 1,
        "fuel": 5920,
        "fault": 0.9579,
        "weapon": 1,
        "pilot_injury": 0.945,
        "pilot_skill": 0.2363,
        "mission_priority": 0.6865,
        "estimated_landing_time": 1604.0,
        "wait_time": 0,
        "Landing_success_rate": 0.8513
    }
]