[
    {
        "model": 2,
        "sequence": 8,
        "status": 1,
        "fuel": 6263,
        "fault": 0.993,
        "weapon": 1,
        "pilot_injury": 0.6406,
        "pilot_skill": 0.7135,
        "mission_priority": 0.7288,
        "estimated_landing_time": 758.0,
        "wait_time": 0,
        "Landing_success_rate": 0.8504
    },
    {
        "model": 1,
        "sequence": 18,
        "status": 1,
        "fuel": 6286,
        "fault": 0.9146,
        "weapon": 0,
        "pilot_injury": 0.3566,
        "pilot_skill": 0.0442,
        "mission_priority": 0.3489,
        "estimated_landing_time": 1698.0,
        "wait_time": 0,
        "Landing_success_rate": 0.855
    },
    {
        "model": 1,
        "sequence": 2,
        "status": 1,
        "fuel": 6088,
        "fault": 0.0852,
        "weapon": 0,
        "pilot_injury": 0.6469,
        "pilot_skill": 0.4232,
        "mission_priority": 0.9216,
        "estimated_landing_time": 194.0,
        "wait_time": 0,
        "Landing_success_rate": 0.8903
    },
    {
        "model": 0,
        "sequence": 11,
        "status": 1,
        "fuel": 6033,
        "fault": 0.9356,
        "weapon": 0,
        "pilot_injury": 0.0985,
        "pilot_skill": 0.0247,
        "mission_priority": 0.1366,
        "estimated_landing_time": 1040.0,
        "wait_time": 0,
        "Landing_success_rate": 0.8526
    },
    {
        "model": 0,
        "sequence": 12,
        "status": 1,
        "fuel": 7218,
        "fault": 0.6799,
        "weapon": 1,
        "pilot_injury": 0.3698,
        "pilot_skill": 0.1431,
        "mission_priority": 0.7525,
        "estimated_landing_time": 1134.0,
        "wait_time": 0,
        "Landing_success_rate": 0.8912
    },
    {
        "model": 2,
        "sequence": 6,
        "status": 1,
        "fuel": 6108,
        "fault": 0.067,
        "weapon": 0,
        "pilot_injury": 0.9565,
        "pilot_skill": 0.1203,
        "mission_priority": 0.1058,
        "estimated_landing_time": 570.0,
        "wait_time": 0,
        "Landing_success_rate": 0.8925
    },
    {
        "model": 1,
        "sequence": 13,
        "status": 1,
        "fuel": 6474,
        "fault": 0.762,
        "weapon": 0,
        "pilot_injury": 0.4165,
        "pilot_skill": 0.9241,
        "mission_priority": 0.202,
        "estimated_landing_time": 1228.0,
        "wait_time": 0,
        "Landing_success_rate": 0.8674
    },
    {
        "model": 2,
        "sequence": 14,
        "status": 1,
        "fuel": 7350,
        "fault": 0.1153,
        "weapon": 1,
        "pilot_injury": 0.7344,
        "pilot_skill": 0.9745,
        "mission_priority": 0.933,
        "estimated_landing_time": 1322.0,
        "wait_time": 0,
        "Landing_success_rate": 0.9728
    },
    {
        "model": 2,
        "sequence": 16,
        "status": 1,
        "fuel": 6411,
        "fault": 0.5599,
        "weapon": 1,
        "pilot_injury": 0.6078,
        "pilot_skill": 0.8354,
        "mission_priority": 0.3993,
        "estimated_landing_time": 1510.0,
        "wait_time": 0,
        "Landing_success_rate": 0.8801
    },
    {
        "model": 2,
        "sequence": 5,
        "status": 1,
        "fuel": 6045,
        "fault": 0.2025,
        "weapon": 1,
        "pilot_injury": 0.1768,
        "pilot_skill": 0.6437,
        "mission_priority": 0.4371,
        "estimated_landing_time": 476.0,
        "wait_time": 0,
        "Landing_success_rate": 0.8826
    },
    {
        "model": 0,
        "sequence": 4,
        "status": 1,
        "fuel": 5609,
        "fault": 0.6429,
        "weapon": 0,
        "pilot_injury": 0.6189,
        "pilot_skill": 0.7254,
        "mission_priority": 0.2076,
        "estimated_landing_time": 382.0,
        "wait_time": 0,
        "Landing_success_rate": 0.8529
    },
    {
        "model": 2,
        "sequence": 15,
        "status": 1,
        "fuel": 7475,
        "fault": 0.8339,
        "weapon": 0,
        "pilot_injury": 0.7001,
        "pilot_skill": 0.291,
        "mission_priority": 0.4785,
        "estimated_landing_time": 1416.0,
        "wait_time": 0,
        "Landing_success_rate": 0.8746
    },
    {
        "model": 1,
        "sequence": 1,
        "status": 1,
        "fuel": 7276,
        "fault": 0.9488,
        "weapon": 0,
        "pilot_injury": 0.7763,
        "pilot_skill": 0.8238,
        "mission_priority": 0.0733,
        "estimated_landing_time": 100.0,
        "wait_time": 0,
        "Landing_success_rate": 0.8568
    },
    {
        "model": 0,
        "sequence": 9,
        "status": 1,
        "fuel": 6634,
        "fault": 0.207,
        "weapon": 1,
        "pilot_injury": 0.8186,
        "pilot_skill": 0.6089,
        "mission_priority": 0.0102,
        "estimated_landing_time": 852.0,
        "wait_time": 0,
        "Landing_success_rate": 0.9174
    },
    {
        "model": 0,
        "sequence": 10,
        "status": 1,
        "fuel": 6707,
        "fault": 0.6837,
        "weapon": 1,
        "pilot_injury": 0.0831,
        "pilot_skill": 0.4942,
        "mission_priority": 0.6259,
        "estimated_landing_time": 946.0,
        "wait_time": 0,
        "Landing_success_rate": 0.8786
    },
    {
        "model": 0,
        "sequence": 3,
        "status": 1,
        "fuel": 6795,
        "fault": 0.9885,
        "weapon": 1,
        "pilot_injury": 0.0498,
        "pilot_skill": 0.9057,
        "mission_priority": 0.7627,
        "estimated_landing_time": 288.0,
        "wait_time": 0,
        "Landing_success_rate": 0.8511
    },
    {
        "model": 1,
        "sequence": 17,
        "status": 1,
        "fuel": 5998,
        "fault": 0.5422,
        "weapon": 0,
        "pilot_injury": 0.0342,
        "pilot_skill": 0.3415,
        "mission_priority": 0.5158,
        "estimated_landing_time": 1604.0,
        "wait_time": 0,
        "Landing_success_rate": 0.8671
    },
    {
        "model": 2,
        "sequence": 7,
        "status": 1,
        "fuel": 6666,
        "fault": 0.7676,
        "weapon": 0,
        "pilot_injury": 0.5941,
        "pilot_skill": 0.7298,
        "mission_priority": 0.9539,
        "estimated_landing_time": 664.0,
        "wait_time": 0,
        "Landing_success_rate": 0.8703
    }
]