[
    {
        "model": 0,
        "sequence": 11,
        "status": 1,
        "fuel": 7325,
        "fault": 0.9532,
        "weapon": 0,
        "pilot_injury": 0.3129,
        "pilot_skill": 0.3998,
        "mission_priority": 0.0558,
        "estimated_landing_time": 1040.0,
        "wait_time": 0,
        "Landing_success_rate": 0.8564
    },
    {
        "model": 0,
        "sequence": 1,
        "status": 1,
        "fuel": 6552,
        "fault": 0.4246,
        "weapon": 1,
        "pilot_injury": 0.914,
        "pilot_skill": 0.4642,
        "mission_priority": 0.8284,
        "estimated_landing_time": 100.0,
        "wait_time": 0,
        "Landing_success_rate": 0.8954
    },
    {
        "model": 1,
        "sequence": 17,
        "status": 1,
        "fuel": 6712,
        "fault": 0.3335,
        "weapon": 1,
        "pilot_injury": 0.9484,
        "pilot_skill": 0.257,
        "mission_priority": 0.8336,
        "estimated_landing_time": 1604.0,
        "wait_time": 0,
        "Landing_success_rate": 0.9106
    },
    {
        "model": 1,
        "sequence": 3,
        "status": 1,
        "fuel": 7395,
        "fault": 0.2549,
        "weapon": 1,
        "pilot_injury": 0.7325,
        "pilot_skill": 0.7784,
        "mission_priority": 0.8436,
        "estimated_landing_time": 288.0,
        "wait_time": 0,
        "Landing_success_rate": 0.9559
    },
    {
        "model": 1,
        "sequence": 6,
        "status": 1,
        "fuel": 5662,
        "fault": 0.6029,
        "weapon": 0,
        "pilot_injury": 0.4002,
        "pilot_skill": 0.751,
        "mission_priority": 0.5694,
        "estimated_landing_time": 570.0,
        "wait_time": 0,
        "Landing_success_rate": 0.8548
    },
    {
        "model": 0,
        "sequence": 18,
        "status": 1,
        "fuel": 6711,
        "fault": 0.213,
        "weapon": 1,
        "pilot_injury": 0.0429,
        "pilot_skill": 0.5893,
        "mission_priority": 0.3535,
        "estimated_landing_time": 1698.0,
        "wait_time": 0,
        "Landing_success_rate": 0.9215
    },
    {
        "model": 1,
        "sequence": 15,
        "status": 1,
        "fuel": 7087,
        "fault": 0.9153,
        "weapon": 1,
        "pilot_injury": 0.9218,
        "pilot_skill": 0.267,
        "mission_priority": 0.3796,
        "estimated_landing_time": 1416.0,
        "wait_time": 0,
        "Landing_success_rate": 0.8601
    },
    {
        "model": 0,
        "sequence": 10,
        "status": 1,
        "fuel": 6548,
        "fault": 0.8952,
        "weapon": 0,
        "pilot_injury": 0.9613,
        "pilot_skill": 0.6335,
        "mission_priority": 0.644,
        "estimated_landing_time": 946.0,
        "wait_time": 0,
        "Landing_success_rate": 0.8582
    },
    {
        "model": 2,
        "sequence": 14,
        "status": 1,
        "fuel": 5908,
        "fault": 0.7322,
        "weapon": 0,
        "pilot_injury": 0.4456,
        "pilot_skill": 0.0776,
        "mission_priority": 0.3159,
        "estimated_landing_time": 1322.0,
        "wait_time": 0,
        "Landing_success_rate": 0.8582
    },
    {
        "model": 1,
        "sequence": 2,
        "status": 1,
        "fuel": 5581,
        "fault": 0.3735,
        "weapon": 1,
        "pilot_injury": 0.9956,
        "pilot_skill": 0.1722,
        "mission_priority": 0.3971,
        "estimated_landing_time": 194.0,
        "wait_time": 0,
        "Landing_success_rate": 0.8538
    },
    {
        "model": 2,
        "sequence": 4,
        "status": 1,
        "fuel": 6738,
        "fault": 0.3323,
        "weapon": 1,
        "pilot_injury": 0.1537,
        "pilot_skill": 0.4276,
        "mission_priority": 0.3837,
        "estimated_landing_time": 382.0,
        "wait_time": 0,
        "Landing_success_rate": 0.912
    },
    {
        "model": 0,
        "sequence": 9,
        "status": 1,
        "fuel": 7249,
        "fault": 0.3602,
        "weapon": 0,
        "pilot_injury": 0.8609,
        "pilot_skill": 0.888,
        "mission_priority": 0.1579,
        "estimated_landing_time": 852.0,
        "wait_time": 0,
        "Landing_success_rate": 0.9339
    },
    {
        "model": 0,
        "sequence": 16,
        "status": 1,
        "fuel": 7352,
        "fault": 0.2511,
        "weapon": 0,
        "pilot_injury": 0.0947,
        "pilot_skill": 0.8747,
        "mission_priority": 0.2924,
        "estimated_landing_time": 1510.0,
        "wait_time": 0,
        "Landing_success_rate": 0.954
    },
    {
        "model": 2,
        "sequence": 5,
        "status": 1,
        "fuel": 6129,
        "fault": 0.5822,
        "weapon": 0,
        "pilot_injury": 0.2003,
        "pilot_skill": 0.4345,
        "mission_priority": 0.4283,
        "estimated_landing_time": 476.0,
        "wait_time": 0,
        "Landing_success_rate": 0.8697
    },
    {
        "model": 2,
        "sequence": 13,
        "status": 1,
        "fuel": 6083,
        "fault": 0.5193,
        "weapon": 0,
        "pilot_injury": 0.3398,
        "pilot_skill": 0.0304,
        "mission_priority": 0.1784,
        "estimated_landing_time": 1228.0,
        "wait_time": 0,
        "Landing_success_rate": 0.871
    },
    {
        "model": 2,
        "sequence": 8,
        "status": 1,
        "fuel": 5586,
        "fault": 0.3763,
        "weapon": 0,
        "pilot_injury": 0.9517,
        "pilot_skill": 0.6944,
        "mission_priority": 0.1942,
        "estimated_landing_time": 758.0,
        "wait_time": 0,
        "Landing_success_rate": 0.854
    },
    {
        "model": 2,
        "sequence": 12,
        "status": 1,
        "fuel": 6013,
        "fault": 0.9205,
        "weapon": 1,
        "pilot_injury": 0.6653,
        "pilot_skill": 0.1656,
        "mission_priority": 0.6017,
        "estimated_landing_time": 1134.0,
        "wait_time": 0,
        "Landing_success_rate": 0.8531
    },
    {
        "model": 1,
        "sequence": 7,
        "status": 1,
        "fuel": 6789,
        "fault": 0.6119,
        "weapon": 1,
        "pilot_injury": 0.6642,
        "pilot_skill": 0.7893,
        "mission_priority": 0.1041,
        "estimated_landing_time": 664.0,
        "wait_time": 0,
        "Landing_success_rate": 0.8875
    }
]