[
    {
        "model": 0,
        "sequence": 10,
        "status": 1,
        "fuel": 6205,
        "fault": 0.6645,
        "weapon": 1,
        "pilot_injury": 0.9487,
        "pilot_skill": 0.5295,
        "mission_priority": 0.7082,
        "estimated_landing_time": 946.0,
        "wait_time": 0,
        "Landing_success_rate": 0.8677
    },
    {
        "model": 1,
        "sequence": 6,
        "status": 1,
        "fuel": 7453,
        "fault": 0.3587,
        "weapon": 0,
        "pilot_injury": 0.9012,
        "pilot_skill": 0.6272,
        "mission_priority": 0.5103,
        "estimated_landing_time": 570.0,
        "wait_time": 0,
        "Landing_success_rate": 0.9439
    },
    {
        "model": 1,
        "sequence": 5,
        "status": 1,
        "fuel": 6877,
        "fault": 0.8393,
        "weapon": 1,
        "pilot_injury": 0.0591,
        "pilot_skill": 0.3891,
        "mission_priority": 0.8416,
        "estimated_landing_time": 476.0,
        "wait_time": 0,
        "Landing_success_rate": 0.8666
    },
    {
        "model": 2,
        "sequence": 16,
        "status": 1,
        "fuel": 5853,
        "fault": 0.2077,
        "weapon": 0,
        "pilot_injury": 0.4033,
        "pilot_skill": 0.2046,
        "mission_priority": 0.6114,
        "estimated_landing_time": 1510.0,
        "wait_time": 0,
        "Landing_success_rate": 0.871
    },
    {
        "model": 2,
        "sequence": 14,
        "status": 1,
        "fuel": 6008,
        "fault": 0.6515,
        "weapon": 0,
        "pilot_injury": 0.1467,
        "pilot_skill": 0.3062,
        "mission_priority": 0.9814,
        "estimated_landing_time": 1322.0,
        "wait_time": 0,
        "Landing_success_rate": 0.8633
    },
    {
        "model": 0,
        "sequence": 9,
        "status": 1,
        "fuel": 6677,
        "fault": 0.6353,
        "weapon": 0,
        "pilot_injury": 0.9902,
        "pilot_skill": 0.8821,
        "mission_priority": 0.7071,
        "estimated_landing_time": 852.0,
        "wait_time": 0,
        "Landing_success_rate": 0.8822
    },
    {
        "model": 1,
        "sequence": 17,
        "status": 1,
        "fuel": 7199,
        "fault": 0.2456,
        "weapon": 0,
        "pilot_injury": 0.1802,
        "pilot_skill": 0.631,
        "mission_priority": 0.3989,
        "estimated_landing_time": 1604.0,
        "wait_time": 0,
        "Landing_success_rate": 0.9461
    },
    {
        "model": 2,
        "sequence": 18,
        "status": 1,
        "fuel": 5750,
        "fault": 0.1059,
        "weapon": 0,
        "pilot_injury": 0.8607,
        "pilot_skill": 0.796,
        "mission_priority": 0.643,
        "estimated_landing_time": 1698.0,
        "wait_time": 0,
        "Landing_success_rate": 0.8668
    },
    {
        "model": 0,
        "sequence": 2,
        "status": 1,
        "fuel": 7058,
        "fault": 0.1203,
        "weapon": 1,
        "pilot_injury": 0.5345,
        "pilot_skill": 0.4946,
        "mission_priority": 0.9341,
        "estimated_landing_time": 194.0,
        "wait_time": 0,
        "Landing_success_rate": 0.9528
    },
    {
        "model": 1,
        "sequence": 12,
        "status": 1,
        "fuel": 6048,
        "fault": 0.2003,
        "weapon": 0,
        "pilot_injury": 0.7912,
        "pilot_skill": 0.0637,
        "mission_priority": 0.3572,
        "estimated_landing_time": 1134.0,
        "wait_time": 0,
        "Landing_success_rate": 0.8829
    },
    {
        "model": 1,
        "sequence": 3,
        "status": 1,
        "fuel": 5531,
        "fault": 0.6199,
        "weapon": 0,
        "pilot_injury": 0.5312,
        "pilot_skill": 0.7461,
        "mission_priority": 0.3904,
        "estimated_landing_time": 288.0,
        "wait_time": 0,
        "Landing_success_rate": 0.8509
    },
    {
        "model": 1,
        "sequence": 15,
        "status": 1,
        "fuel": 5889,
        "fault": 0.4784,
        "weapon": 1,
        "pilot_injury": 0.1901,
        "pilot_skill": 0.8806,
        "mission_priority": 0.8183,
        "estimated_landing_time": 1416.0,
        "wait_time": 0,
        "Landing_success_rate": 0.8652
    },
    {
        "model": 0,
        "sequence": 4,
        "status": 1,
        "fuel": 6083,
        "fault": 0.3194,
        "weapon": 1,
        "pilot_injury": 0.4404,
        "pilot_skill": 0.3459,
        "mission_priority": 0.6539,
        "estimated_landing_time": 382.0,
        "wait_time": 0,
        "Landing_success_rate": 0.8798
    },
    {
        "model": 1,
        "sequence": 1,
        "status": 1,
        "fuel": 5830,
        "fault": 0.8454,
        "weapon": 0,
        "pilot_injury": 0.3006,
        "pilot_skill": 0.8724,
        "mission_priority": 0.4544,
        "estimated_landing_time": 100.0,
        "wait_time": 0,
        "Landing_success_rate": 0.8538
    },
    {
        "model": 0,
        "sequence": 13,
        "status": 1,
        "fuel": 5688,
        "fault": 0.8829,
        "weapon": 0,
        "pilot_injury": 0.3013,
        "pilot_skill": 0.6403,
        "mission_priority": 0.6074,
        "estimated_landing_time": 1228.0,
        "wait_time": 0,
        "Landing_success_rate": 0.8517
    },
    {
        "model": 0,
        "sequence": 7,
        "status": 1,
        "fuel": 7391,
        "fault": 0.2552,
        "weapon": 1,
        "pilot_injury": 0.3052,
        "pilot_skill": 0.3102,
        "mission_priority": 0.5482,
        "estimated_landing_time": 664.0,
        "wait_time": 0,
        "Landing_success_rate": 0.9556
    },
    {
        "model": 0,
        "sequence": 8,
        "status": 1,
        "fuel": 6307,
        "fault": 0.0277,
        "weapon": 1,
        "pilot_injury": 0.65,
        "pilot_skill": 0.4434,
        "mission_priority": 0.0618,
        "estimated_landing_time": 758.0,
        "wait_time": 0,
        "Landing_success_rate": 0.9088
    },
    {
        "model": 1,
        "sequence": 11,
        "status": 1,
        "fuel": 5593,
        "fault": 0.0177,
        "weapon": 0,
        "pilot_injury": 0.267,
        "pilot_skill": 0.5711,
        "mission_priority": 0.2454,
        "estimated_landing_time": 1040.0,
        "wait_time": 0,
        "Landing_success_rate": 0.8569
    }
]