[
    {
        "model": 1,
        "sequence": 17,
        "status": 1,
        "fuel": 7187,
        "fault": 0.6483,
        "weapon": 0,
        "pilot_injury": 0.7856,
        "pilot_skill": 0.7657,
        "mission_priority": 0.579,
        "estimated_landing_time": 1604.0,
        "wait_time": 0,
        "Landing_success_rate": 0.8945
    },
    {
        "model": 0,
        "sequence": 4,
        "status": 1,
        "fuel": 7474,
        "fault": 0.7802,
        "weapon": 1,
        "pilot_injury": 0.1641,
        "pilot_skill": 0.0072,
        "mission_priority": 0.0805,
        "estimated_landing_time": 382.0,
        "wait_time": 0,
        "Landing_success_rate": 0.8825
    },
    {
        "model": 2,
        "sequence": 15,
        "status": 1,
        "fuel": 6348,
        "fault": 0.7788,
        "weapon": 0,
        "pilot_injury": 0.3999,
        "pilot_skill": 0.9858,
        "mission_priority": 0.7952,
        "estimated_landing_time": 1416.0,
        "wait_time": 0,
        "Landing_success_rate": 0.8641
    },
    {
        "model": 0,
        "sequence": 11,
        "status": 1,
        "fuel": 5943,
        "fault": 0.5452,
        "weapon": 0,
        "pilot_injury": 0.6417,
        "pilot_skill": 0.4987,
        "mission_priority": 0.6238,
        "estimated_landing_time": 1040.0,
        "wait_time": 0,
        "Landing_success_rate": 0.8651
    },
    {
        "model": 1,
        "sequence": 1,
        "status": 1,
        "fuel": 6839,
        "fault": 0.3171,
        "weapon": 0,
        "pilot_injury": 0.9884,
        "pilot_skill": 0.3293,
        "mission_priority": 0.2165,
        "estimated_landing_time": 100.0,
        "wait_time": 0,
        "Landing_success_rate": 0.9186
    },
    {
        "model": 2,
        "sequence": 16,
        "status": 1,
        "fuel": 5534,
        "fault": 0.1374,
        "weapon": 1,
        "pilot_injury": 0.0856,
        "pilot_skill": 0.806,
        "mission_priority": 0.4221,
        "estimated_landing_time": 1510.0,
        "wait_time": 0,
        "Landing_success_rate": 0.8522
    },
    {
        "model": 1,
        "sequence": 3,
        "status": 1,
        "fuel": 6724,
        "fault": 0.0763,
        "weapon": 1,
        "pilot_injury": 0.7732,
        "pilot_skill": 0.9859,
        "mission_priority": 0.1735,
        "estimated_landing_time": 288.0,
        "wait_time": 0,
        "Landing_success_rate": 0.9348
    },
    {
        "model": 1,
        "sequence": 5,
        "status": 1,
        "fuel": 7119,
        "fault": 0.7306,
        "weapon": 0,
        "pilot_injury": 0.8809,
        "pilot_skill": 0.5485,
        "mission_priority": 0.8524,
        "estimated_landing_time": 476.0,
        "wait_time": 0,
        "Landing_success_rate": 0.8827
    },
    {
        "model": 1,
        "sequence": 10,
        "status": 1,
        "fuel": 5897,
        "fault": 0.1325,
        "weapon": 0,
        "pilot_injury": 0.1182,
        "pilot_skill": 0.3613,
        "mission_priority": 0.0362,
        "estimated_landing_time": 946.0,
        "wait_time": 0,
        "Landing_success_rate": 0.8758
    },
    {
        "model": 1,
        "sequence": 12,
        "status": 1,
        "fuel": 5873,
        "fault": 0.486,
        "weapon": 0,
        "pilot_injury": 0.5922,
        "pilot_skill": 0.1061,
        "mission_priority": 0.0076,
        "estimated_landing_time": 1134.0,
        "wait_time": 0,
        "Landing_success_rate": 0.8644
    },
    {
        "model": 0,
        "sequence": 8,
        "status": 1,
        "fuel": 6346,
        "fault": 0.3865,
        "weapon": 1,
        "pilot_injury": 0.0751,
        "pilot_skill": 0.6149,
        "mission_priority": 0.672,
        "estimated_landing_time": 758.0,
        "wait_time": 0,
        "Landing_success_rate": 0.8889
    },
    {
        "model": 0,
        "sequence": 9,
        "status": 1,
        "fuel": 6138,
        "fault": 0.8431,
        "weapon": 0,
        "pilot_injury": 0.5668,
        "pilot_skill": 0.7934,
        "mission_priority": 0.3636,
        "estimated_landing_time": 852.0,
        "wait_time": 0,
        "Landing_success_rate": 0.8575
    },
    {
        "model": 0,
        "sequence": 2,
        "status": 1,
        "fuel": 6616,
        "fault": 0.9019,
        "weapon": 1,
        "pilot_injury": 0.337,
        "pilot_skill": 0.7276,
        "mission_priority": 0.2967,
        "estimated_landing_time": 194.0,
        "wait_time": 0,
        "Landing_success_rate": 0.8582
    },
    {
        "model": 0,
        "sequence": 14,
        "status": 1,
        "fuel": 7458,
        "fault": 0.0653,
        "weapon": 1,
        "pilot_injury": 0.8704,
        "pilot_skill": 0.1704,
        "mission_priority": 0.3815,
        "estimated_landing_time": 1322.0,
        "wait_time": 0,
        "Landing_success_rate": 0.9873
    },
    {
        "model": 2,
        "sequence": 6,
        "status": 1,
        "fuel": 7380,
        "fault": 0.2057,
        "weapon": 1,
        "pilot_injury": 0.9479,
        "pilot_skill": 0.8989,
        "mission_priority": 0.4178,
        "estimated_landing_time": 570.0,
        "wait_time": 0,
        "Landing_success_rate": 0.962
    },
    {
        "model": 0,
        "sequence": 18,
        "status": 1,
        "fuel": 6074,
        "fault": 0.4707,
        "weapon": 1,
        "pilot_injury": 0.5549,
        "pilot_skill": 0.0969,
        "mission_priority": 0.8536,
        "estimated_landing_time": 1698.0,
        "wait_time": 0,
        "Landing_success_rate": 0.8728
    },
    {
        "model": 1,
        "sequence": 7,
        "status": 1,
        "fuel": 6165,
        "fault": 0.9134,
        "weapon": 1,
        "pilot_injury": 0.8735,
        "pilot_skill": 0.256,
        "mission_priority": 0.7451,
        "estimated_landing_time": 664.0,
        "wait_time": 0,
        "Landing_success_rate": 0.8543
    },
    {
        "model": 2,
        "sequence": 13,
        "status": 1,
        "fuel": 7060,
        "fault": 0.0484,
        "weapon": 1,
        "pilot_injury": 0.2324,
        "pilot_skill": 0.4196,
        "mission_priority": 0.3182,
        "estimated_landing_time": 1228.0,
        "wait_time": 0,
        "Landing_success_rate": 0.9613
    }
]