[
    {
        "model": 1,
        "sequence": 16,
        "status": 1,
        "fuel": 7473,
        "fault": 0.5902,
        "weapon": 0,
        "pilot_injury": 0.5003,
        "pilot_skill": 0.5432,
        "mission_priority": 0.5119,
        "estimated_landing_time": 1510.0,
        "wait_time": 0,
        "Landing_success_rate": 0.9106
    },
    {
        "model": 1,
        "sequence": 6,
        "status": 1,
        "fuel": 6944,
        "fault": 0.4959,
        "weapon": 1,
        "pilot_injury": 0.2043,
        "pilot_skill": 0.5337,
        "mission_priority": 0.7581,
        "estimated_landing_time": 570.0,
        "wait_time": 0,
        "Landing_success_rate": 0.9046
    },
    {
        "model": 2,
        "sequence": 13,
        "status": 1,
        "fuel": 7235,
        "fault": 0.4999,
        "weapon": 1,
        "pilot_injury": 0.2078,
        "pilot_skill": 0.037,
        "mission_priority": 0.4264,
        "estimated_landing_time": 1228.0,
        "wait_time": 0,
        "Landing_success_rate": 0.9151
    },
    {
        "model": 0,
        "sequence": 4,
        "status": 1,
        "fuel": 6395,
        "fault": 0.9223,
        "weapon": 1,
        "pilot_injury": 0.7643,
        "pilot_skill": 0.3865,
        "mission_priority": 0.6694,
        "estimated_landing_time": 382.0,
        "wait_time": 0,
        "Landing_success_rate": 0.8552
    },
    {
        "model": 2,
        "sequence": 14,
        "status": 1,
        "fuel": 7075,
        "fault": 0.7513,
        "weapon": 1,
        "pilot_injury": 0.9081,
        "pilot_skill": 0.0159,
        "mission_priority": 0.068,
        "estimated_landing_time": 1322.0,
        "wait_time": 0,
        "Landing_success_rate": 0.8794
    },
    {
        "model": 2,
        "sequence": 10,
        "status": 1,
        "fuel": 6946,
        "fault": 0.3864,
        "weapon": 0,
        "pilot_injury": 0.9865,
        "pilot_skill": 0.2164,
        "mission_priority": 0.1834,
        "estimated_landing_time": 946.0,
        "wait_time": 0,
        "Landing_success_rate": 0.9165
    },
    {
        "model": 0,
        "sequence": 12,
        "status": 1,
        "fuel": 6675,
        "fault": 0.857,
        "weapon": 1,
        "pilot_injury": 0.3405,
        "pilot_skill": 0.921,
        "mission_priority": 0.0262,
        "estimated_landing_time": 1134.0,
        "wait_time": 0,
        "Landing_success_rate": 0.8626
    },
    {
        "model": 1,
        "sequence": 17,
        "status": 1,
        "fuel": 7042,
        "fault": 0.3199,
        "weapon": 0,
        "pilot_injury": 0.346,
        "pilot_skill": 0.2478,
        "mission_priority": 0.1349,
        "estimated_landing_time": 1604.0,
        "wait_time": 0,
        "Landing_success_rate": 0.9287
    },
    {
        "model": 0,
        "sequence": 5,
        "status": 1,
        "fuel": 6096,
        "fault": 0.2944,
        "weapon": 1,
        "pilot_injury": 0.6604,
        "pilot_skill": 0.7772,
        "mission_priority": 0.065,
        "estimated_landing_time": 476.0,
        "wait_time": 0,
        "Landing_success_rate": 0.8815
    },
    {
        "model": 0,
        "sequence": 18,
        "status": 1,
        "fuel": 6137,
        "fault": 0.93,
        "weapon": 1,
        "pilot_injury": 0.7238,
        "pilot_skill": 0.3949,
        "mission_priority": 0.3878,
        "estimated_landing_time": 1698.0,
        "wait_time": 0,
        "Landing_success_rate": 0.8533
    },
    {
        "model": 2,
        "sequence": 15,
        "status": 1,
        "fuel": 6446,
        "fault": 0.1528,
        "weapon": 1,
        "pilot_injury": 0.5819,
        "pilot_skill": 0.6168,
        "mission_priority": 0.7093,
        "estimated_landing_time": 1416.0,
        "wait_time": 0,
        "Landing_success_rate": 0.9101
    },
    {
        "model": 1,
        "sequence": 3,
        "status": 1,
        "fuel": 6922,
        "fault": 0.0001,
        "weapon": 0,
        "pilot_injury": 0.5632,
        "pilot_skill": 0.3691,
        "mission_priority": 0.8332,
        "estimated_landing_time": 288.0,
        "wait_time": 0,
        "Landing_success_rate": 0.9566
    },
    {
        "model": 1,
        "sequence": 2,
        "status": 1,
        "fuel": 6109,
        "fault": 0.4085,
        "weapon": 1,
        "pilot_injury": 0.124,
        "pilot_skill": 0.0893,
        "mission_priority": 0.3465,
        "estimated_landing_time": 194.0,
        "wait_time": 0,
        "Landing_success_rate": 0.877
    },
    {
        "model": 1,
        "sequence": 8,
        "status": 1,
        "fuel": 7270,
        "fault": 0.8135,
        "weapon": 1,
        "pilot_injury": 0.0264,
        "pilot_skill": 0.2493,
        "mission_priority": 0.1492,
        "estimated_landing_time": 758.0,
        "wait_time": 0,
        "Landing_success_rate": 0.8748
    },
    {
        "model": 2,
        "sequence": 1,
        "status": 1,
        "fuel": 5570,
        "fault": 0.9571,
        "weapon": 1,
        "pilot_injury": 0.3811,
        "pilot_skill": 0.6133,
        "mission_priority": 0.2164,
        "estimated_landing_time": 100.0,
        "wait_time": 0,
        "Landing_success_rate": 0.8502
    },
    {
        "model": 2,
        "sequence": 11,
        "status": 1,
        "fuel": 6828,
        "fault": 0.1287,
        "weapon": 0,
        "pilot_injury": 0.4829,
        "pilot_skill": 0.7325,
        "mission_priority": 0.1662,
        "estimated_landing_time": 1040.0,
        "wait_time": 0,
        "Landing_success_rate": 0.9368
    },
    {
        "model": 0,
        "sequence": 9,
        "status": 1,
        "fuel": 7446,
        "fault": 0.5468,
        "weapon": 0,
        "pilot_injury": 0.7681,
        "pilot_skill": 0.0975,
        "mission_priority": 0.489,
        "estimated_landing_time": 852.0,
        "wait_time": 0,
        "Landing_success_rate": 0.9161
    },
    {
        "model": 0,
        "sequence": 7,
        "status": 1,
        "fuel": 6521,
        "fault": 0.7737,
        "weapon": 0,
        "pilot_injury": 0.5087,
        "pilot_skill": 0.0637,
        "mission_priority": 0.7829,
        "estimated_landing_time": 664.0,
        "wait_time": 0,
        "Landing_success_rate": 0.8673
    }
]