[
    {
        "model": 2,
        "sequence": 18,
        "status": 1,
        "fuel": 5946,
        "fault": 0.5213,
        "weapon": 0,
        "pilot_injury": 0.6749,
        "pilot_skill": 0.6117,
        "mission_priority": 0.7199,
        "estimated_landing_time": 1698.0,
        "wait_time": 0,
        "Landing_success_rate": 0.866
    },
    {
        "model": 2,
        "sequence": 9,
        "status": 1,
        "fuel": 5515,
        "fault": 0.8146,
        "weapon": 1,
        "pilot_injury": 0.2327,
        "pilot_skill": 0.5091,
        "mission_priority": 0.1478,
        "estimated_landing_time": 852.0,
        "wait_time": 0,
        "Landing_success_rate": 0.8502
    },
    {
        "model": 1,
        "sequence": 16,
        "status": 1,
        "fuel": 6105,
        "fault": 0.168,
        "weapon": 0,
        "pilot_injury": 0.0074,
        "pilot_skill": 0.1111,
        "mission_priority": 0.9622,
        "estimated_landing_time": 1510.0,
        "wait_time": 0,
        "Landing_success_rate": 0.8878
    },
    {
        "model": 1,
        "sequence": 12,
        "status": 1,
        "fuel": 6211,
        "fault": 0.767,
        "weapon": 0,
        "pilot_injury": 0.59,
        "pilot_skill": 0.1553,
        "mission_priority": 0.331,
        "estimated_landing_time": 1134.0,
        "wait_time": 0,
        "Landing_success_rate": 0.8624
    },
    {
        "model": 1,
        "sequence": 10,
        "status": 1,
        "fuel": 6114,
        "fault": 0.4615,
        "weapon": 1,
        "pilot_injury": 0.4053,
        "pilot_skill": 0.3111,
        "mission_priority": 0.6817,
        "estimated_landing_time": 946.0,
        "wait_time": 0,
        "Landing_success_rate": 0.8748
    },
    {
        "model": 1,
        "sequence": 4,
        "status": 1,
        "fuel": 5578,
        "fault": 0.6297,
        "weapon": 1,
        "pilot_injury": 0.6973,
        "pilot_skill": 0.2402,
        "mission_priority": 0.06,
        "estimated_landing_time": 382.0,
        "wait_time": 0,
        "Landing_success_rate": 0.8522
    },
    {
        "model": 1,
        "sequence": 13,
        "status": 1,
        "fuel": 6055,
        "fault": 0.2739,
        "weapon": 0,
        "pilot_injury": 0.0928,
        "pilot_skill": 0.4444,
        "mission_priority": 0.2881,
        "estimated_landing_time": 1228.0,
        "wait_time": 0,
        "Landing_success_rate": 0.8802
    },
    {
        "model": 1,
        "sequence": 6,
        "status": 1,
        "fuel": 6588,
        "fault": 0.1735,
        "weapon": 1,
        "pilot_injury": 0.8766,
        "pilot_skill": 0.3067,
        "mission_priority": 0.8315,
        "estimated_landing_time": 570.0,
        "wait_time": 0,
        "Landing_success_rate": 0.9174
    },
    {
        "model": 1,
        "sequence": 17,
        "status": 1,
        "fuel": 5707,
        "fault": 0.7223,
        "weapon": 1,
        "pilot_injury": 0.487,
        "pilot_skill": 0.2268,
        "mission_priority": 0.3074,
        "estimated_landing_time": 1604.0,
        "wait_time": 0,
        "Landing_success_rate": 0.8543
    },
    {
        "model": 0,
        "sequence": 11,
        "status": 1,
        "fuel": 6517,
        "fault": 0.6848,
        "weapon": 1,
        "pilot_injury": 0.8886,
        "pilot_skill": 0.936,
        "mission_priority": 0.691,
        "estimated_landing_time": 1040.0,
        "wait_time": 0,
        "Landing_success_rate": 0.874
    },
    {
        "model": 1,
        "sequence": 1,
        "status": 1,
        "fuel": 5534,
        "fault": 0.2307,
        "weapon": 1,
        "pilot_injury": 0.0793,
        "pilot_skill": 0.333,
        "mission_priority": 0.3257,
        "estimated_landing_time": 100.0,
        "wait_time": 0,
        "Landing_success_rate": 0.852
    },
    {
        "model": 1,
        "sequence": 5,
        "status": 1,
        "fuel": 5697,
        "fault": 0.6678,
        "weapon": 0,
        "pilot_injury": 0.2969,
        "pilot_skill": 0.4248,
        "mission_priority": 0.105,
        "estimated_landing_time": 476.0,
        "wait_time": 0,
        "Landing_success_rate": 0.8549
    },
    {
        "model": 0,
        "sequence": 14,
        "status": 1,
        "fuel": 6493,
        "fault": 0.2172,
        "weapon": 1,
        "pilot_injury": 0.3825,
        "pilot_skill": 0.2663,
        "mission_priority": 0.8087,
        "estimated_landing_time": 1322.0,
        "wait_time": 0,
        "Landing_success_rate": 0.9083
    },
    {
        "model": 0,
        "sequence": 2,
        "status": 1,
        "fuel": 5655,
        "fault": 0.7115,
        "weapon": 1,
        "pilot_injury": 0.9692,
        "pilot_skill": 0.679,
        "mission_priority": 0.7722,
        "estimated_landing_time": 194.0,
        "wait_time": 0,
        "Landing_success_rate": 0.8534
    },
    {
        "model": 1,
        "sequence": 15,
        "status": 1,
        "fuel": 6832,
        "fault": 0.3618,
        "weapon": 1,
        "pilot_injury": 0.1039,
        "pilot_skill": 0.8476,
        "mission_priority": 0.6807,
        "estimated_landing_time": 1416.0,
        "wait_time": 0,
        "Landing_success_rate": 0.9138
    },
    {
        "model": 1,
        "sequence": 8,
        "status": 1,
        "fuel": 7377,
        "fault": 0.4483,
        "weapon": 1,
        "pilot_injury": 0.1728,
        "pilot_skill": 0.5505,
        "mission_priority": 0.6179,
        "estimated_landing_time": 758.0,
        "wait_time": 0,
        "Landing_success_rate": 0.9277
    },
    {
        "model": 1,
        "sequence": 3,
        "status": 1,
        "fuel": 7360,
        "fault": 0.2992,
        "weapon": 1,
        "pilot_injury": 0.3748,
        "pilot_skill": 0.9368,
        "mission_priority": 0.2172,
        "estimated_landing_time": 288.0,
        "wait_time": 0,
        "Landing_success_rate": 0.9478
    },
    {
        "model": 0,
        "sequence": 7,
        "status": 1,
        "fuel": 6910,
        "fault": 0.4763,
        "weapon": 0,
        "pilot_injury": 0.0259,
        "pilot_skill": 0.3276,
        "mission_priority": 0.7685,
        "estimated_landing_time": 664.0,
        "wait_time": 0,
        "Landing_success_rate": 0.9054
    }
]