[
    {
        "model": 0,
        "sequence": 3,
        "status": 1,
        "fuel": 7068,
        "fault": 0.4016,
        "weapon": 1,
        "pilot_injury": 0.348,
        "pilot_skill": 0.4064,
        "mission_priority": 0.9446,
        "estimated_landing_time": 288.0,
        "wait_time": 0,
        "Landing_success_rate": 0.9204
    },
    {
        "model": 2,
        "sequence": 9,
        "status": 1,
        "fuel": 7393,
        "fault": 0.7445,
        "weapon": 0,
        "pilot_injury": 0.9224,
        "pilot_skill": 0.5184,
        "mission_priority": 0.2514,
        "estimated_landing_time": 852.0,
        "wait_time": 0,
        "Landing_success_rate": 0.8863
    },
    {
        "model": 0,
        "sequence": 2,
        "status": 1,
        "fuel": 6949,
        "fault": 0.9817,
        "weapon": 1,
        "pilot_injury": 0.7147,
        "pilot_skill": 0.2961,
        "mission_priority": 0.7303,
        "estimated_landing_time": 194.0,
        "wait_time": 0,
        "Landing_success_rate": 0.852
    },
    {
        "model": 0,
        "sequence": 16,
        "status": 1,
        "fuel": 5764,
        "fault": 0.43,
        "weapon": 0,
        "pilot_injury": 0.1353,
        "pilot_skill": 0.6386,
        "mission_priority": 0.3609,
        "estimated_landing_time": 1510.0,
        "wait_time": 0,
        "Landing_success_rate": 0.8613
    },
    {
        "model": 0,
        "sequence": 14,
        "status": 1,
        "fuel": 5845,
        "fault": 0.1376,
        "weapon": 0,
        "pilot_injury": 0.4077,
        "pilot_skill": 0.9247,
        "mission_priority": 0.3996,
        "estimated_landing_time": 1322.0,
        "wait_time": 0,
        "Landing_success_rate": 0.8723
    },
    {
        "model": 2,
        "sequence": 12,
        "status": 1,
        "fuel": 6905,
        "fault": 0.8477,
        "weapon": 0,
        "pilot_injury": 0.1363,
        "pilot_skill": 0.1242,
        "mission_priority": 0.9357,
        "estimated_landing_time": 1134.0,
        "wait_time": 0,
        "Landing_success_rate": 0.866
    },
    {
        "model": 1,
        "sequence": 6,
        "status": 1,
        "fuel": 6569,
        "fault": 0.7655,
        "weapon": 0,
        "pilot_injury": 0.5352,
        "pilot_skill": 0.0468,
        "mission_priority": 0.62,
        "estimated_landing_time": 570.0,
        "wait_time": 0,
        "Landing_success_rate": 0.8688
    },
    {
        "model": 1,
        "sequence": 10,
        "status": 1,
        "fuel": 6977,
        "fault": 0.6943,
        "weapon": 0,
        "pilot_injury": 0.2839,
        "pilot_skill": 0.9055,
        "mission_priority": 0.2706,
        "estimated_landing_time": 946.0,
        "wait_time": 0,
        "Landing_success_rate": 0.8839
    },
    {
        "model": 0,
        "sequence": 17,
        "status": 1,
        "fuel": 5615,
        "fault": 0.5466,
        "weapon": 0,
        "pilot_injury": 0.4008,
        "pilot_skill": 0.1614,
        "mission_priority": 0.0684,
        "estimated_landing_time": 1604.0,
        "wait_time": 0,
        "Landing_success_rate": 0.8539
    },
    {
        "model": 0,
        "sequence": 4,
        "status": 1,
        "fuel": 5727,
        "fault": 0.5546,
        "weapon": 0,
        "pilot_injury": 0.919,
        "pilot_skill": 0.6988,
        "mission_priority": 0.3424,
        "estimated_landing_time": 382.0,
        "wait_time": 0,
        "Landing_success_rate": 0.8576
    },
    {
        "model": 0,
        "sequence": 11,
        "status": 1,
        "fuel": 6476,
        "fault": 0.677,
        "weapon": 0,
        "pilot_injury": 0.4896,
        "pilot_skill": 0.3965,
        "mission_priority": 0.5778,
        "estimated_landing_time": 1040.0,
        "wait_time": 0,
        "Landing_success_rate": 0.8736
    },
    {
        "model": 2,
        "sequence": 1,
        "status": 1,
        "fuel": 5708,
        "fault": 0.0197,
        "weapon": 0,
        "pilot_injury": 0.6379,
        "pilot_skill": 0.1001,
        "mission_priority": 0.1352,
        "estimated_landing_time": 100.0,
        "wait_time": 0,
        "Landing_success_rate": 0.8653
    },
    {
        "model": 0,
        "sequence": 18,
        "status": 1,
        "fuel": 6262,
        "fault": 0.0627,
        "weapon": 1,
        "pilot_injury": 0.187,
        "pilot_skill": 0.0331,
        "mission_priority": 0.9584,
        "estimated_landing_time": 1698.0,
        "wait_time": 0,
        "Landing_success_rate": 0.9036
    },
    {
        "model": 2,
        "sequence": 8,
        "status": 1,
        "fuel": 6091,
        "fault": 0.0777,
        "weapon": 1,
        "pilot_injury": 0.3233,
        "pilot_skill": 0.2225,
        "mission_priority": 0.5736,
        "estimated_landing_time": 758.0,
        "wait_time": 0,
        "Landing_success_rate": 0.8909
    },
    {
        "model": 0,
        "sequence": 5,
        "status": 1,
        "fuel": 7404,
        "fault": 0.807,
        "weapon": 0,
        "pilot_injury": 0.7733,
        "pilot_skill": 0.9092,
        "mission_priority": 0.1894,
        "estimated_landing_time": 476.0,
        "wait_time": 0,
        "Landing_success_rate": 0.8776
    },
    {
        "model": 0,
        "sequence": 7,
        "status": 1,
        "fuel": 5789,
        "fault": 0.693,
        "weapon": 1,
        "pilot_injury": 0.3319,
        "pilot_skill": 0.7398,
        "mission_priority": 0.7053,
        "estimated_landing_time": 664.0,
        "wait_time": 0,
        "Landing_success_rate": 0.8567
    },
    {
        "model": 0,
        "sequence": 15,
        "status": 1,
        "fuel": 6990,
        "fault": 0.0926,
        "weapon": 0,
        "pilot_injury": 0.0116,
        "pilot_skill": 0.3693,
        "mission_priority": 0.0821,
        "estimated_landing_time": 1416.0,
        "wait_time": 0,
        "Landing_success_rate": 0.9514
    },
    {
        "model": 1,
        "sequence": 13,
        "status": 1,
        "fuel": 6032,
        "fault": 0.9167,
        "weapon": 0,
        "pilot_injury": 0.6661,
        "pilot_skill": 0.3464,
        "mission_priority": 0.7959,
        "estimated_landing_time": 1228.0,
        "wait_time": 0,
        "Landing_success_rate": 0.8533
    }
]