[
    {
        "model": 1,
        "sequence": 18,
        "status": 1,
        "fuel": 6756,
        "fault": 0.9275,
        "weapon": 1,
        "pilot_injury": 0.1801,
        "pilot_skill": 0.9038,
        "mission_priority": 0.1216,
        "estimated_landing_time": 1698.0,
        "wait_time": 0,
        "Landing_success_rate": 0.8568
    },
    {
        "model": 0,
        "sequence": 5,
        "status": 1,
        "fuel": 5821,
        "fault": 0.8614,
        "weapon": 1,
        "pilot_injury": 0.9201,
        "pilot_skill": 0.8143,
        "mission_priority": 0.8653,
        "estimated_landing_time": 476.0,
        "wait_time": 0,
        "Landing_success_rate": 0.8533
    },
    {
        "model": 2,
        "sequence": 1,
        "status": 1,
        "fuel": 6815,
        "fault": 0.9547,
        "weapon": 0,
        "pilot_injury": 0.4605,
        "pilot_skill": 0.0442,
        "mission_priority": 0.6514,
        "estimated_landing_time": 100.0,
        "wait_time": 0,
        "Landing_success_rate": 0.8545
    },
    {
        "model": 1,
        "sequence": 4,
        "status": 1,
        "fuel": 5738,
        "fault": 0.5669,
        "weapon": 0,
        "pilot_injury": 0.8159,
        "pilot_skill": 0.0752,
        "mission_priority": 0.4416,
        "estimated_landing_time": 382.0,
        "wait_time": 0,
        "Landing_success_rate": 0.8577
    },
    {
        "model": 1,
        "sequence": 15,
        "status": 1,
        "fuel": 5929,
        "fault": 0.0232,
        "weapon": 1,
        "pilot_injury": 0.0658,
        "pilot_skill": 0.4506,
        "mission_priority": 0.3113,
        "estimated_landing_time": 1416.0,
        "wait_time": 0,
        "Landing_success_rate": 0.8814
    },
    {
        "model": 1,
        "sequence": 14,
        "status": 1,
        "fuel": 6723,
        "fault": 0.5311,
        "weapon": 0,
        "pilot_injury": 0.1055,
        "pilot_skill": 0.1579,
        "mission_priority": 0.6735,
        "estimated_landing_time": 1322.0,
        "wait_time": 0,
        "Landing_success_rate": 0.893
    },
    {
        "model": 1,
        "sequence": 16,
        "status": 1,
        "fuel": 6218,
        "fault": 0.0179,
        "weapon": 1,
        "pilot_injury": 0.1295,
        "pilot_skill": 0.0164,
        "mission_priority": 0.0264,
        "estimated_landing_time": 1510.0,
        "wait_time": 0,
        "Landing_success_rate": 0.9029
    },
    {
        "model": 0,
        "sequence": 6,
        "status": 1,
        "fuel": 6429,
        "fault": 0.5396,
        "weapon": 0,
        "pilot_injury": 0.0134,
        "pilot_skill": 0.0571,
        "mission_priority": 0.9998,
        "estimated_landing_time": 570.0,
        "wait_time": 0,
        "Landing_success_rate": 0.8821
    },
    {
        "model": 0,
        "sequence": 12,
        "status": 1,
        "fuel": 6424,
        "fault": 0.2204,
        "weapon": 0,
        "pilot_injury": 0.1641,
        "pilot_skill": 0.9002,
        "mission_priority": 0.5074,
        "estimated_landing_time": 1134.0,
        "wait_time": 0,
        "Landing_success_rate": 0.904
    },
    {
        "model": 2,
        "sequence": 13,
        "status": 1,
        "fuel": 5565,
        "fault": 0.0439,
        "weapon": 0,
        "pilot_injury": 0.5772,
        "pilot_skill": 0.2201,
        "mission_priority": 0.8761,
        "estimated_landing_time": 1228.0,
        "wait_time": 0,
        "Landing_success_rate": 0.8547
    },
    {
        "model": 0,
        "sequence": 10,
        "status": 1,
        "fuel": 7296,
        "fault": 0.1109,
        "weapon": 0,
        "pilot_injury": 0.6124,
        "pilot_skill": 0.3414,
        "mission_priority": 0.464,
        "estimated_landing_time": 946.0,
        "wait_time": 0,
        "Landing_success_rate": 0.9698
    },
    {
        "model": 1,
        "sequence": 2,
        "status": 1,
        "fuel": 6907,
        "fault": 0.3237,
        "weapon": 0,
        "pilot_injury": 0.8406,
        "pilot_skill": 0.9601,
        "mission_priority": 0.4163,
        "estimated_landing_time": 194.0,
        "wait_time": 0,
        "Landing_success_rate": 0.9214
    },
    {
        "model": 2,
        "sequence": 17,
        "status": 1,
        "fuel": 7310,
        "fault": 0.5192,
        "weapon": 0,
        "pilot_injury": 0.0029,
        "pilot_skill": 0.0845,
        "mission_priority": 0.7371,
        "estimated_landing_time": 1604.0,
        "wait_time": 0,
        "Landing_success_rate": 0.9153
    },
    {
        "model": 1,
        "sequence": 8,
        "status": 1,
        "fuel": 6502,
        "fault": 0.6962,
        "weapon": 0,
        "pilot_injury": 0.8666,
        "pilot_skill": 0.5149,
        "mission_priority": 0.5815,
        "estimated_landing_time": 758.0,
        "wait_time": 0,
        "Landing_success_rate": 0.8728
    },
    {
        "model": 1,
        "sequence": 9,
        "status": 1,
        "fuel": 6475,
        "fault": 0.4079,
        "weapon": 0,
        "pilot_injury": 0.4912,
        "pilot_skill": 0.3134,
        "mission_priority": 0.9102,
        "estimated_landing_time": 852.0,
        "wait_time": 0,
        "Landing_success_rate": 0.8933
    },
    {
        "model": 2,
        "sequence": 7,
        "status": 1,
        "fuel": 6262,
        "fault": 0.7699,
        "weapon": 1,
        "pilot_injury": 0.6665,
        "pilot_skill": 0.8911,
        "mission_priority": 0.0742,
        "estimated_landing_time": 664.0,
        "wait_time": 0,
        "Landing_success_rate": 0.8632
    },
    {
        "model": 1,
        "sequence": 11,
        "status": 1,
        "fuel": 6440,
        "fault": 0.4475,
        "weapon": 0,
        "pilot_injury": 0.6865,
        "pilot_skill": 0.3172,
        "mission_priority": 0.7107,
        "estimated_landing_time": 1040.0,
        "wait_time": 0,
        "Landing_success_rate": 0.889
    },
    {
        "model": 1,
        "sequence": 3,
        "status": 1,
        "fuel": 5911,
        "fault": 0.0678,
        "weapon": 1,
        "pilot_injury": 0.7493,
        "pilot_skill": 0.9468,
        "mission_priority": 0.1732,
        "estimated_landing_time": 288.0,
        "wait_time": 0,
        "Landing_success_rate": 0.8787
    }
]