[
    {
        "model": 0,
        "sequence": 10,
        "status": 1,
        "fuel": 6854,
        "fault": 0.1006,
        "weapon": 0,
        "pilot_injury": 0.6278,
        "pilot_skill": 0.0069,
        "mission_priority": 0.7873,
        "estimated_landing_time": 946.0,
        "wait_time": 0,
        "Landing_success_rate": 0.9413
    },
    {
        "model": 2,
        "sequence": 12,
        "status": 1,
        "fuel": 6719,
        "fault": 0.6088,
        "weapon": 1,
        "pilot_injury": 0.1551,
        "pilot_skill": 0.7643,
        "mission_priority": 0.2893,
        "estimated_landing_time": 1134.0,
        "wait_time": 0,
        "Landing_success_rate": 0.8858
    },
    {
        "model": 1,
        "sequence": 14,
        "status": 1,
        "fuel": 5664,
        "fault": 0.9384,
        "weapon": 0,
        "pilot_injury": 0.2068,
        "pilot_skill": 0.2987,
        "mission_priority": 0.1075,
        "estimated_landing_time": 1322.0,
        "wait_time": 0,
        "Landing_success_rate": 0.8508
    },
    {
        "model": 0,
        "sequence": 17,
        "status": 1,
        "fuel": 7247,
        "fault": 0.2851,
        "weapon": 1,
        "pilot_injury": 0.516,
        "pilot_skill": 0.7136,
        "mission_priority": 0.7936,
        "estimated_landing_time": 1604.0,
        "wait_time": 0,
        "Landing_success_rate": 0.9437
    },
    {
        "model": 2,
        "sequence": 4,
        "status": 1,
        "fuel": 7172,
        "fault": 0.7418,
        "weapon": 1,
        "pilot_injury": 0.7702,
        "pilot_skill": 0.4809,
        "mission_priority": 0.1822,
        "estimated_landing_time": 382.0,
        "wait_time": 0,
        "Landing_success_rate": 0.8824
    },
    {
        "model": 2,
        "sequence": 1,
        "status": 1,
        "fuel": 6319,
        "fault": 0.0296,
        "weapon": 0,
        "pilot_injury": 0.0507,
        "pilot_skill": 0.7636,
        "mission_priority": 0.2917,
        "estimated_landing_time": 100.0,
        "wait_time": 0,
        "Landing_success_rate": 0.9096
    },
    {
        "model": 2,
        "sequence": 13,
        "status": 1,
        "fuel": 5606,
        "fault": 0.4968,
        "weapon": 1,
        "pilot_injury": 0.7163,
        "pilot_skill": 0.3266,
        "mission_priority": 0.2799,
        "estimated_landing_time": 1228.0,
        "wait_time": 0,
        "Landing_success_rate": 0.854
    },
    {
        "model": 1,
        "sequence": 9,
        "status": 1,
        "fuel": 6617,
        "fault": 0.2501,
        "weapon": 0,
        "pilot_injury": 0.9012,
        "pilot_skill": 0.1235,
        "mission_priority": 0.7245,
        "estimated_landing_time": 852.0,
        "wait_time": 0,
        "Landing_success_rate": 0.9128
    },
    {
        "model": 1,
        "sequence": 11,
        "status": 1,
        "fuel": 6367,
        "fault": 0.7769,
        "weapon": 0,
        "pilot_injury": 0.5425,
        "pilot_skill": 0.6295,
        "mission_priority": 0.9627,
        "estimated_landing_time": 1040.0,
        "wait_time": 0,
        "Landing_success_rate": 0.8645
    },
    {
        "model": 0,
        "sequence": 7,
        "status": 1,
        "fuel": 6213,
        "fault": 0.6666,
        "weapon": 0,
        "pilot_injury": 0.3936,
        "pilot_skill": 0.4727,
        "mission_priority": 0.1999,
        "estimated_landing_time": 664.0,
        "wait_time": 0,
        "Landing_success_rate": 0.8678
    },
    {
        "model": 2,
        "sequence": 18,
        "status": 1,
        "fuel": 7416,
        "fault": 0.8898,
        "weapon": 1,
        "pilot_injury": 0.7646,
        "pilot_skill": 0.4851,
        "mission_priority": 0.8434,
        "estimated_landing_time": 1698.0,
        "wait_time": 0,
        "Landing_success_rate": 0.8658
    },
    {
        "model": 0,
        "sequence": 8,
        "status": 1,
        "fuel": 6584,
        "fault": 0.8647,
        "weapon": 1,
        "pilot_injury": 0.4885,
        "pilot_skill": 0.6121,
        "mission_priority": 0.3702,
        "estimated_landing_time": 758.0,
        "wait_time": 0,
        "Landing_success_rate": 0.861
    },
    {
        "model": 1,
        "sequence": 6,
        "status": 1,
        "fuel": 6212,
        "fault": 0.1717,
        "weapon": 1,
        "pilot_injury": 0.8361,
        "pilot_skill": 0.3119,
        "mission_priority": 0.9587,
        "estimated_landing_time": 570.0,
        "wait_time": 0,
        "Landing_success_rate": 0.8942
    },
    {
        "model": 2,
        "sequence": 2,
        "status": 1,
        "fuel": 6594,
        "fault": 0.8201,
        "weapon": 0,
        "pilot_injury": 0.7551,
        "pilot_skill": 0.309,
        "mission_priority": 0.3245,
        "estimated_landing_time": 194.0,
        "wait_time": 0,
        "Landing_success_rate": 0.8648
    },
    {
        "model": 0,
        "sequence": 5,
        "status": 1,
        "fuel": 6769,
        "fault": 0.6438,
        "weapon": 1,
        "pilot_injury": 0.1236,
        "pilot_skill": 0.0175,
        "mission_priority": 0.9192,
        "estimated_landing_time": 476.0,
        "wait_time": 0,
        "Landing_success_rate": 0.8839
    },
    {
        "model": 2,
        "sequence": 3,
        "status": 1,
        "fuel": 6008,
        "fault": 0.7456,
        "weapon": 1,
        "pilot_injury": 0.7592,
        "pilot_skill": 0.2951,
        "mission_priority": 0.1817,
        "estimated_landing_time": 288.0,
        "wait_time": 0,
        "Landing_success_rate": 0.8597
    },
    {
        "model": 1,
        "sequence": 16,
        "status": 1,
        "fuel": 6826,
        "fault": 0.7783,
        "weapon": 1,
        "pilot_injury": 0.1057,
        "pilot_skill": 0.8993,
        "mission_priority": 0.8909,
        "estimated_landing_time": 1510.0,
        "wait_time": 0,
        "Landing_success_rate": 0.872
    },
    {
        "model": 0,
        "sequence": 15,
        "status": 1,
        "fuel": 7283,
        "fault": 0.1937,
        "weapon": 0,
        "pilot_injury": 0.2174,
        "pilot_skill": 0.1214,
        "mission_priority": 0.6064,
        "estimated_landing_time": 1416.0,
        "wait_time": 0,
        "Landing_success_rate": 0.9578
    }
]