[
    {
        "model": 1,
        "sequence": 15,
        "status": 1,
        "fuel": 6274,
        "fault": 0.6127,
        "weapon": 1,
        "pilot_injury": 0.0012,
        "pilot_skill": 0.7408,
        "mission_priority": 0.1923,
        "estimated_landing_time": 1416.0,
        "wait_time": 0,
        "Landing_success_rate": 0.8725
    },
    {
        "model": 2,
        "sequence": 6,
        "status": 1,
        "fuel": 7486,
        "fault": 0.8225,
        "weapon": 1,
        "pilot_injury": 0.7771,
        "pilot_skill": 0.4848,
        "mission_priority": 0.1658,
        "estimated_landing_time": 570.0,
        "wait_time": 0,
        "Landing_success_rate": 0.8764
    },
    {
        "model": 1,
        "sequence": 1,
        "status": 1,
        "fuel": 7438,
        "fault": 0.7344,
        "weapon": 1,
        "pilot_injury": 0.7144,
        "pilot_skill": 0.68,
        "mission_priority": 0.5028,
        "estimated_landing_time": 100.0,
        "wait_time": 0,
        "Landing_success_rate": 0.8886
    },
    {
        "model": 1,
        "sequence": 12,
        "status": 1,
        "fuel": 5602,
        "fault": 0.7728,
        "weapon": 0,
        "pilot_injury": 0.8266,
        "pilot_skill": 0.0611,
        "mission_priority": 0.8594,
        "estimated_landing_time": 1134.0,
        "wait_time": 0,
        "Landing_success_rate": 0.8517
    },
    {
        "model": 2,
        "sequence": 17,
        "status": 1,
        "fuel": 7105,
        "fault": 0.9265,
        "weapon": 1,
        "pilot_injury": 0.4763,
        "pilot_skill": 0.8348,
        "mission_priority": 0.7936,
        "estimated_landing_time": 1604.0,
        "wait_time": 0,
        "Landing_success_rate": 0.8588
    },
    {
        "model": 0,
        "sequence": 10,
        "status": 1,
        "fuel": 5660,
        "fault": 0.6183,
        "weapon": 0,
        "pilot_injury": 0.9694,
        "pilot_skill": 0.7355,
        "mission_priority": 0.973,
        "estimated_landing_time": 946.0,
        "wait_time": 0,
        "Landing_success_rate": 0.8546
    },
    {
        "model": 1,
        "sequence": 16,
        "status": 1,
        "fuel": 6816,
        "fault": 0.8202,
        "weapon": 0,
        "pilot_injury": 0.6049,
        "pilot_skill": 0.7094,
        "mission_priority": 0.7288,
        "estimated_landing_time": 1510.0,
        "wait_time": 0,
        "Landing_success_rate": 0.8677
    },
    {
        "model": 0,
        "sequence": 9,
        "status": 1,
        "fuel": 6388,
        "fault": 0.8755,
        "weapon": 0,
        "pilot_injury": 0.3092,
        "pilot_skill": 0.8295,
        "mission_priority": 0.5697,
        "estimated_landing_time": 852.0,
        "wait_time": 0,
        "Landing_success_rate": 0.8583
    },
    {
        "model": 0,
        "sequence": 8,
        "status": 1,
        "fuel": 7346,
        "fault": 0.9301,
        "weapon": 1,
        "pilot_injury": 0.9351,
        "pilot_skill": 0.424,
        "mission_priority": 0.0993,
        "estimated_landing_time": 758.0,
        "wait_time": 0,
        "Landing_success_rate": 0.8597
    },
    {
        "model": 0,
        "sequence": 11,
        "status": 1,
        "fuel": 6369,
        "fault": 0.1134,
        "weapon": 0,
        "pilot_injury": 0.6914,
        "pilot_skill": 0.725,
        "mission_priority": 0.0289,
        "estimated_landing_time": 1040.0,
        "wait_time": 0,
        "Landing_success_rate": 0.9078
    },
    {
        "model": 2,
        "sequence": 5,
        "status": 1,
        "fuel": 6998,
        "fault": 0.4039,
        "weapon": 0,
        "pilot_injury": 0.4139,
        "pilot_skill": 0.4184,
        "mission_priority": 0.9068,
        "estimated_landing_time": 476.0,
        "wait_time": 0,
        "Landing_success_rate": 0.917
    },
    {
        "model": 2,
        "sequence": 2,
        "status": 1,
        "fuel": 7333,
        "fault": 0.5154,
        "weapon": 1,
        "pilot_injury": 0.12,
        "pilot_skill": 0.3234,
        "mission_priority": 0.4918,
        "estimated_landing_time": 194.0,
        "wait_time": 0,
        "Landing_success_rate": 0.9166
    },
    {
        "model": 2,
        "sequence": 14,
        "status": 1,
        "fuel": 5882,
        "fault": 0.2441,
        "weapon": 1,
        "pilot_injury": 0.2143,
        "pilot_skill": 0.8245,
        "mission_priority": 0.8289,
        "estimated_landing_time": 1322.0,
        "wait_time": 0,
        "Landing_success_rate": 0.8717
    },
    {
        "model": 0,
        "sequence": 7,
        "status": 1,
        "fuel": 6405,
        "fault": 0.3815,
        "weapon": 0,
        "pilot_injury": 0.0446,
        "pilot_skill": 0.629,
        "mission_priority": 0.7846,
        "estimated_landing_time": 664.0,
        "wait_time": 0,
        "Landing_success_rate": 0.892
    },
    {
        "model": 0,
        "sequence": 13,
        "status": 1,
        "fuel": 5561,
        "fault": 0.0374,
        "weapon": 0,
        "pilot_injury": 0.1404,
        "pilot_skill": 0.0648,
        "mission_priority": 0.0557,
        "estimated_landing_time": 1228.0,
        "wait_time": 0,
        "Landing_success_rate": 0.8544
    },
    {
        "model": 0,
        "sequence": 3,
        "status": 1,
        "fuel": 6471,
        "fault": 0.5645,
        "weapon": 1,
        "pilot_injury": 0.1689,
        "pilot_skill": 0.699,
        "mission_priority": 0.1795,
        "estimated_landing_time": 288.0,
        "wait_time": 0,
        "Landing_success_rate": 0.8817
    },
    {
        "model": 1,
        "sequence": 4,
        "status": 1,
        "fuel": 7337,
        "fault": 0.2691,
        "weapon": 0,
        "pilot_injury": 0.7748,
        "pilot_skill": 0.1591,
        "mission_priority": 0.0234,
        "estimated_landing_time": 382.0,
        "wait_time": 0,
        "Landing_success_rate": 0.9507
    },
    {
        "model": 0,
        "sequence": 18,
        "status": 1,
        "fuel": 5647,
        "fault": 0.9451,
        "weapon": 0,
        "pilot_injury": 0.538,
        "pilot_skill": 0.607,
        "mission_priority": 0.967,
        "estimated_landing_time": 1698.0,
        "wait_time": 0,
        "Landing_success_rate": 0.8506
    }
]