[
    {
        "model": 1,
        "sequence": 5,
        "status": 1,
        "fuel": 5636,
        "fault": 0.3784,
        "weapon": 1,
        "pilot_injury": 0.6839,
        "pilot_skill": 0.1825,
        "mission_priority": 0.9972,
        "estimated_landing_time": 476.0,
        "wait_time": 0,
        "Landing_success_rate": 0.8563
    },
    {
        "model": 0,
        "sequence": 17,
        "status": 1,
        "fuel": 6464,
        "fault": 0.6099,
        "weapon": 1,
        "pilot_injury": 0.6551,
        "pilot_skill": 0.9033,
        "mission_priority": 0.0807,
        "estimated_landing_time": 1604.0,
        "wait_time": 0,
        "Landing_success_rate": 0.8782
    },
    {
        "model": 0,
        "sequence": 1,
        "status": 1,
        "fuel": 5697,
        "fault": 0.0529,
        "weapon": 1,
        "pilot_injury": 0.0957,
        "pilot_skill": 0.8856,
        "mission_priority": 0.8755,
        "estimated_landing_time": 100.0,
        "wait_time": 0,
        "Landing_success_rate": 0.864
    },
    {
        "model": 1,
        "sequence": 6,
        "status": 1,
        "fuel": 6908,
        "fault": 0.8043,
        "weapon": 1,
        "pilot_injury": 0.0454,
        "pilot_skill": 0.4446,
        "mission_priority": 0.8806,
        "estimated_landing_time": 570.0,
        "wait_time": 0,
        "Landing_success_rate": 0.8707
    },
    {
        "model": 0,
        "sequence": 18,
        "status": 1,
        "fuel": 7494,
        "fault": 0.8471,
        "weapon": 0,
        "pilot_injury": 0.9057,
        "pilot_skill": 0.3928,
        "mission_priority": 0.0395,
        "estimated_landing_time": 1698.0,
        "wait_time": 0,
        "Landing_success_rate": 0.8729
    },
    {
        "model": 0,
        "sequence": 8,
        "status": 1,
        "fuel": 5530,
        "fault": 0.6965,
        "weapon": 0,
        "pilot_injury": 0.9158,
        "pilot_skill": 0.4442,
        "mission_priority": 0.8743,
        "estimated_landing_time": 758.0,
        "wait_time": 0,
        "Landing_success_rate": 0.8507
    },
    {
        "model": 0,
        "sequence": 7,
        "status": 1,
        "fuel": 7050,
        "fault": 0.5716,
        "weapon": 0,
        "pilot_injury": 0.7983,
        "pilot_skill": 0.4926,
        "mission_priority": 0.0511,
        "estimated_landing_time": 664.0,
        "wait_time": 0,
        "Landing_success_rate": 0.8998
    },
    {
        "model": 0,
        "sequence": 14,
        "status": 1,
        "fuel": 6552,
        "fault": 0.1254,
        "weapon": 1,
        "pilot_injury": 0.4573,
        "pilot_skill": 0.0195,
        "mission_priority": 0.3469,
        "estimated_landing_time": 1322.0,
        "wait_time": 0,
        "Landing_success_rate": 0.919
    },
    {
        "model": 0,
        "sequence": 10,
        "status": 1,
        "fuel": 7465,
        "fault": 0.0399,
        "weapon": 1,
        "pilot_injury": 0.1609,
        "pilot_skill": 0.167,
        "mission_priority": 0.3706,
        "estimated_landing_time": 946.0,
        "wait_time": 0,
        "Landing_success_rate": 0.9915
    },
    {
        "model": 1,
        "sequence": 9,
        "status": 1,
        "fuel": 5732,
        "fault": 0.1627,
        "weapon": 1,
        "pilot_injury": 0.0101,
        "pilot_skill": 0.0096,
        "mission_priority": 0.0777,
        "estimated_landing_time": 852.0,
        "wait_time": 0,
        "Landing_success_rate": 0.8646
    },
    {
        "model": 1,
        "sequence": 12,
        "status": 1,
        "fuel": 7394,
        "fault": 0.2649,
        "weapon": 1,
        "pilot_injury": 0.1823,
        "pilot_skill": 0.4768,
        "mission_priority": 0.0407,
        "estimated_landing_time": 1134.0,
        "wait_time": 0,
        "Landing_success_rate": 0.9544
    },
    {
        "model": 0,
        "sequence": 16,
        "status": 1,
        "fuel": 6821,
        "fault": 0.9227,
        "weapon": 0,
        "pilot_injury": 0.7367,
        "pilot_skill": 0.0238,
        "mission_priority": 0.2738,
        "estimated_landing_time": 1510.0,
        "wait_time": 0,
        "Landing_success_rate": 0.8577
    },
    {
        "model": 0,
        "sequence": 2,
        "status": 1,
        "fuel": 6684,
        "fault": 0.9581,
        "weapon": 0,
        "pilot_injury": 0.0551,
        "pilot_skill": 0.2567,
        "mission_priority": 0.6393,
        "estimated_landing_time": 194.0,
        "wait_time": 0,
        "Landing_success_rate": 0.8537
    },
    {
        "model": 2,
        "sequence": 15,
        "status": 1,
        "fuel": 7301,
        "fault": 0.4658,
        "weapon": 0,
        "pilot_injury": 0.7067,
        "pilot_skill": 0.699,
        "mission_priority": 0.0872,
        "estimated_landing_time": 1416.0,
        "wait_time": 0,
        "Landing_success_rate": 0.9222
    },
    {
        "model": 1,
        "sequence": 13,
        "status": 1,
        "fuel": 7488,
        "fault": 0.7665,
        "weapon": 0,
        "pilot_injury": 0.59,
        "pilot_skill": 0.3285,
        "mission_priority": 0.8505,
        "estimated_landing_time": 1228.0,
        "wait_time": 0,
        "Landing_success_rate": 0.8848
    },
    {
        "model": 0,
        "sequence": 11,
        "status": 1,
        "fuel": 6580,
        "fault": 0.7553,
        "weapon": 1,
        "pilot_injury": 0.2763,
        "pilot_skill": 0.8713,
        "mission_priority": 0.7283,
        "estimated_landing_time": 1040.0,
        "wait_time": 0,
        "Landing_success_rate": 0.8698
    },
    {
        "model": 2,
        "sequence": 4,
        "status": 1,
        "fuel": 5779,
        "fault": 0.3922,
        "weapon": 0,
        "pilot_injury": 0.9274,
        "pilot_skill": 0.7115,
        "mission_priority": 0.892,
        "estimated_landing_time": 382.0,
        "wait_time": 0,
        "Landing_success_rate": 0.8627
    },
    {
        "model": 1,
        "sequence": 3,
        "status": 1,
        "fuel": 6976,
        "fault": 0.2957,
        "weapon": 0,
        "pilot_injury": 0.4208,
        "pilot_skill": 0.2735,
        "mission_priority": 0.0603,
        "estimated_landing_time": 288.0,
        "wait_time": 0,
        "Landing_success_rate": 0.928
    }
]