[
    {
        "model": 1,
        "sequence": 11,
        "status": 1,
        "fuel": 6378,
        "fault": 0.5264,
        "weapon": 0,
        "pilot_injury": 0.5748,
        "pilot_skill": 0.7682,
        "mission_priority": 0.5279,
        "estimated_landing_time": 1040.0,
        "wait_time": 0,
        "Landing_success_rate": 0.8812
    },
    {
        "model": 0,
        "sequence": 15,
        "status": 1,
        "fuel": 5706,
        "fault": 0.6938,
        "weapon": 1,
        "pilot_injury": 0.078,
        "pilot_skill": 0.8088,
        "mission_priority": 0.4096,
        "estimated_landing_time": 1416.0,
        "wait_time": 0,
        "Landing_success_rate": 0.8547
    },
    {
        "model": 2,
        "sequence": 13,
        "status": 1,
        "fuel": 5596,
        "fault": 0.6212,
        "weapon": 0,
        "pilot_injury": 0.2208,
        "pilot_skill": 0.122,
        "mission_priority": 0.4589,
        "estimated_landing_time": 1228.0,
        "wait_time": 0,
        "Landing_success_rate": 0.8527
    },
    {
        "model": 1,
        "sequence": 12,
        "status": 1,
        "fuel": 6257,
        "fault": 0.7391,
        "weapon": 0,
        "pilot_injury": 0.1569,
        "pilot_skill": 0.6597,
        "mission_priority": 0.6078,
        "estimated_landing_time": 1134.0,
        "wait_time": 0,
        "Landing_success_rate": 0.8648
    },
    {
        "model": 1,
        "sequence": 17,
        "status": 1,
        "fuel": 7444,
        "fault": 0.9377,
        "weapon": 0,
        "pilot_injury": 0.834,
        "pilot_skill": 0.0339,
        "mission_priority": 0.0733,
        "estimated_landing_time": 1604.0,
        "wait_time": 0,
        "Landing_success_rate": 0.8591
    },
    {
        "model": 1,
        "sequence": 2,
        "status": 1,
        "fuel": 7134,
        "fault": 0.9218,
        "weapon": 1,
        "pilot_injury": 0.2305,
        "pilot_skill": 0.0028,
        "mission_priority": 0.6631,
        "estimated_landing_time": 194.0,
        "wait_time": 0,
        "Landing_success_rate": 0.8596
    },
    {
        "model": 1,
        "sequence": 16,
        "status": 1,
        "fuel": 6459,
        "fault": 0.5523,
        "weapon": 0,
        "pilot_injury": 0.9722,
        "pilot_skill": 0.3508,
        "mission_priority": 0.3031,
        "estimated_landing_time": 1510.0,
        "wait_time": 0,
        "Landing_success_rate": 0.8822
    },
    {
        "model": 2,
        "sequence": 4,
        "status": 1,
        "fuel": 6498,
        "fault": 0.0345,
        "weapon": 1,
        "pilot_injury": 0.2728,
        "pilot_skill": 0.9663,
        "mission_priority": 0.2611,
        "estimated_landing_time": 382.0,
        "wait_time": 0,
        "Landing_success_rate": 0.9223
    },
    {
        "model": 2,
        "sequence": 9,
        "status": 1,
        "fuel": 7493,
        "fault": 0.7414,
        "weapon": 0,
        "pilot_injury": 0.1543,
        "pilot_skill": 0.0221,
        "mission_priority": 0.5345,
        "estimated_landing_time": 852.0,
        "wait_time": 0,
        "Landing_success_rate": 0.8887
    },
    {
        "model": 0,
        "sequence": 18,
        "status": 1,
        "fuel": 6878,
        "fault": 0.6439,
        "weapon": 1,
        "pilot_injury": 0.7003,
        "pilot_skill": 0.6258,
        "mission_priority": 0.6003,
        "estimated_landing_time": 1698.0,
        "wait_time": 0,
        "Landing_success_rate": 0.8868
    },
    {
        "model": 0,
        "sequence": 8,
        "status": 1,
        "fuel": 6291,
        "fault": 0.1018,
        "weapon": 0,
        "pilot_injury": 0.8734,
        "pilot_skill": 0.544,
        "mission_priority": 0.2722,
        "estimated_landing_time": 758.0,
        "wait_time": 0,
        "Landing_success_rate": 0.9033
    },
    {
        "model": 1,
        "sequence": 10,
        "status": 1,
        "fuel": 6451,
        "fault": 0.6257,
        "weapon": 0,
        "pilot_injury": 0.1853,
        "pilot_skill": 0.2822,
        "mission_priority": 0.6289,
        "estimated_landing_time": 946.0,
        "wait_time": 0,
        "Landing_success_rate": 0.8767
    },
    {
        "model": 0,
        "sequence": 3,
        "status": 1,
        "fuel": 7062,
        "fault": 0.506,
        "weapon": 0,
        "pilot_injury": 0.9079,
        "pilot_skill": 0.4983,
        "mission_priority": 0.7937,
        "estimated_landing_time": 288.0,
        "wait_time": 0,
        "Landing_success_rate": 0.9079
    },
    {
        "model": 2,
        "sequence": 5,
        "status": 1,
        "fuel": 7350,
        "fault": 0.3927,
        "weapon": 1,
        "pilot_injury": 0.7521,
        "pilot_skill": 0.4545,
        "mission_priority": 0.9023,
        "estimated_landing_time": 476.0,
        "wait_time": 0,
        "Landing_success_rate": 0.9343
    },
    {
        "model": 1,
        "sequence": 14,
        "status": 1,
        "fuel": 6021,
        "fault": 0.9423,
        "weapon": 0,
        "pilot_injury": 0.9741,
        "pilot_skill": 0.2985,
        "mission_priority": 0.2566,
        "estimated_landing_time": 1322.0,
        "wait_time": 0,
        "Landing_success_rate": 0.8523
    },
    {
        "model": 1,
        "sequence": 1,
        "status": 1,
        "fuel": 5600,
        "fault": 0.5327,
        "weapon": 0,
        "pilot_injury": 0.3455,
        "pilot_skill": 0.2318,
        "mission_priority": 0.178,
        "estimated_landing_time": 100.0,
        "wait_time": 0,
        "Landing_success_rate": 0.8535
    },
    {
        "model": 1,
        "sequence": 6,
        "status": 1,
        "fuel": 6588,
        "fault": 0.5324,
        "weapon": 1,
        "pilot_injury": 0.1453,
        "pilot_skill": 0.7766,
        "mission_priority": 0.0638,
        "estimated_landing_time": 570.0,
        "wait_time": 0,
        "Landing_success_rate": 0.8882
    },
    {
        "model": 0,
        "sequence": 7,
        "status": 1,
        "fuel": 6081,
        "fault": 0.8557,
        "weapon": 0,
        "pilot_injury": 0.9602,
        "pilot_skill": 0.4655,
        "mission_priority": 0.1609,
        "estimated_landing_time": 664.0,
        "wait_time": 0,
        "Landing_success_rate": 0.8563
    }
]