[
    {
        "model": 1,
        "sequence": 18,
        "status": 1,
        "fuel": 6371,
        "fault": 0.7738,
        "weapon": 0,
        "pilot_injury": 0.6956,
        "pilot_skill": 0.652,
        "mission_priority": 0.6728,
        "estimated_landing_time": 1698.0,
        "wait_time": 0,
        "Landing_success_rate": 0.8648
    },
    {
        "model": 2,
        "sequence": 12,
        "status": 1,
        "fuel": 6783,
        "fault": 0.8521,
        "weapon": 1,
        "pilot_injury": 0.6038,
        "pilot_skill": 0.7834,
        "mission_priority": 0.0004,
        "estimated_landing_time": 1134.0,
        "wait_time": 0,
        "Landing_success_rate": 0.8642
    },
    {
        "model": 2,
        "sequence": 17,
        "status": 1,
        "fuel": 6838,
        "fault": 0.042,
        "weapon": 1,
        "pilot_injury": 0.1282,
        "pilot_skill": 0.5351,
        "mission_priority": 0.1106,
        "estimated_landing_time": 1604.0,
        "wait_time": 0,
        "Landing_success_rate": 0.9461
    },
    {
        "model": 0,
        "sequence": 15,
        "status": 1,
        "fuel": 6503,
        "fault": 0.6027,
        "weapon": 1,
        "pilot_injury": 0.3029,
        "pilot_skill": 0.3656,
        "mission_priority": 0.7461,
        "estimated_landing_time": 1416.0,
        "wait_time": 0,
        "Landing_success_rate": 0.8799
    },
    {
        "model": 0,
        "sequence": 6,
        "status": 1,
        "fuel": 5681,
        "fault": 0.1246,
        "weapon": 0,
        "pilot_injury": 0.3242,
        "pilot_skill": 0.7042,
        "mission_priority": 0.424,
        "estimated_landing_time": 570.0,
        "wait_time": 0,
        "Landing_success_rate": 0.8619
    },
    {
        "model": 0,
        "sequence": 16,
        "status": 1,
        "fuel": 5719,
        "fault": 0.8025,
        "weapon": 0,
        "pilot_injury": 0.5383,
        "pilot_skill": 0.8031,
        "mission_priority": 0.4854,
        "estimated_landing_time": 1510.0,
        "wait_time": 0,
        "Landing_success_rate": 0.8532
    },
    {
        "model": 0,
        "sequence": 3,
        "status": 1,
        "fuel": 5660,
        "fault": 0.1092,
        "weapon": 0,
        "pilot_injury": 0.5618,
        "pilot_skill": 0.4249,
        "mission_priority": 0.3974,
        "estimated_landing_time": 288.0,
        "wait_time": 0,
        "Landing_success_rate": 0.8607
    },
    {
        "model": 0,
        "sequence": 8,
        "status": 1,
        "fuel": 5689,
        "fault": 0.6716,
        "weapon": 1,
        "pilot_injury": 0.5991,
        "pilot_skill": 0.9877,
        "mission_priority": 0.7656,
        "estimated_landing_time": 758.0,
        "wait_time": 0,
        "Landing_success_rate": 0.8547
    },
    {
        "model": 2,
        "sequence": 4,
        "status": 1,
        "fuel": 6454,
        "fault": 0.4035,
        "weapon": 0,
        "pilot_injury": 0.2574,
        "pilot_skill": 0.9619,
        "mission_priority": 0.0193,
        "estimated_landing_time": 382.0,
        "wait_time": 0,
        "Landing_success_rate": 0.8927
    },
    {
        "model": 1,
        "sequence": 11,
        "status": 1,
        "fuel": 6334,
        "fault": 0.6999,
        "weapon": 1,
        "pilot_injury": 0.0791,
        "pilot_skill": 0.3441,
        "mission_priority": 0.4972,
        "estimated_landing_time": 1040.0,
        "wait_time": 0,
        "Landing_success_rate": 0.8688
    },
    {
        "model": 0,
        "sequence": 10,
        "status": 1,
        "fuel": 7468,
        "fault": 0.7459,
        "weapon": 1,
        "pilot_injury": 0.879,
        "pilot_skill": 0.5053,
        "mission_priority": 0.941,
        "estimated_landing_time": 946.0,
        "wait_time": 0,
        "Landing_success_rate": 0.8875
    },
    {
        "model": 2,
        "sequence": 2,
        "status": 1,
        "fuel": 7131,
        "fault": 0.5458,
        "weapon": 0,
        "pilot_injury": 0.6565,
        "pilot_skill": 0.2831,
        "mission_priority": 0.3473,
        "estimated_landing_time": 194.0,
        "wait_time": 0,
        "Landing_success_rate": 0.9056
    },
    {
        "model": 0,
        "sequence": 5,
        "status": 1,
        "fuel": 5691,
        "fault": 0.6005,
        "weapon": 1,
        "pilot_injury": 0.3347,
        "pilot_skill": 0.7767,
        "mission_priority": 0.0707,
        "estimated_landing_time": 476.0,
        "wait_time": 0,
        "Landing_success_rate": 0.8557
    },
    {
        "model": 1,
        "sequence": 13,
        "status": 1,
        "fuel": 5829,
        "fault": 0.9004,
        "weapon": 0,
        "pilot_injury": 0.1769,
        "pilot_skill": 0.0624,
        "mission_priority": 0.9017,
        "estimated_landing_time": 1228.0,
        "wait_time": 0,
        "Landing_success_rate": 0.8525
    },
    {
        "model": 2,
        "sequence": 7,
        "status": 1,
        "fuel": 5648,
        "fault": 0.9353,
        "weapon": 0,
        "pilot_injury": 0.225,
        "pilot_skill": 0.3836,
        "mission_priority": 0.4937,
        "estimated_landing_time": 664.0,
        "wait_time": 0,
        "Landing_success_rate": 0.8507
    },
    {
        "model": 1,
        "sequence": 9,
        "status": 1,
        "fuel": 6569,
        "fault": 0.6265,
        "weapon": 1,
        "pilot_injury": 0.9119,
        "pilot_skill": 0.3003,
        "mission_priority": 0.0245,
        "estimated_landing_time": 852.0,
        "wait_time": 0,
        "Landing_success_rate": 0.8799
    },
    {
        "model": 0,
        "sequence": 1,
        "status": 1,
        "fuel": 6448,
        "fault": 0.341,
        "weapon": 0,
        "pilot_injury": 0.4334,
        "pilot_skill": 0.4558,
        "mission_priority": 0.1442,
        "estimated_landing_time": 100.0,
        "wait_time": 0,
        "Landing_success_rate": 0.8969
    },
    {
        "model": 2,
        "sequence": 14,
        "status": 1,
        "fuel": 7471,
        "fault": 0.0826,
        "weapon": 1,
        "pilot_injury": 0.9944,
        "pilot_skill": 0.1848,
        "mission_priority": 0.3786,
        "estimated_landing_time": 1322.0,
        "wait_time": 0,
        "Landing_success_rate": 0.9856
    }
]