[
    {
        "model": 0,
        "sequence": 9,
        "status": 1,
        "fuel": 6790,
        "fault": 0.8184,
        "weapon": 0,
        "pilot_injury": 0.7017,
        "pilot_skill": 0.9002,
        "mission_priority": 0.5279,
        "estimated_landing_time": 852.0,
        "wait_time": 0,
        "Landing_success_rate": 0.8676
    },
    {
        "model": 0,
        "sequence": 18,
        "status": 1,
        "fuel": 7012,
        "fault": 0.5211,
        "weapon": 1,
        "pilot_injury": 0.8174,
        "pilot_skill": 0.2417,
        "mission_priority": 0.4015,
        "estimated_landing_time": 1698.0,
        "wait_time": 0,
        "Landing_success_rate": 0.9043
    },
    {
        "model": 2,
        "sequence": 8,
        "status": 1,
        "fuel": 7474,
        "fault": 0.4221,
        "weapon": 1,
        "pilot_injury": 0.3201,
        "pilot_skill": 0.8326,
        "mission_priority": 0.2388,
        "estimated_landing_time": 758.0,
        "wait_time": 0,
        "Landing_success_rate": 0.9356
    },
    {
        "model": 2,
        "sequence": 6,
        "status": 1,
        "fuel": 6519,
        "fault": 0.8629,
        "weapon": 0,
        "pilot_injury": 0.5747,
        "pilot_skill": 0.7995,
        "mission_priority": 0.7354,
        "estimated_landing_time": 570.0,
        "wait_time": 0,
        "Landing_success_rate": 0.8605
    },
    {
        "model": 2,
        "sequence": 12,
        "status": 1,
        "fuel": 6707,
        "fault": 0.8493,
        "weapon": 1,
        "pilot_injury": 0.0223,
        "pilot_skill": 0.0279,
        "mission_priority": 0.5944,
        "estimated_landing_time": 1134.0,
        "wait_time": 0,
        "Landing_success_rate": 0.8636
    },
    {
        "model": 0,
        "sequence": 15,
        "status": 1,
        "fuel": 6592,
        "fault": 0.9125,
        "weapon": 0,
        "pilot_injury": 0.8398,
        "pilot_skill": 0.7679,
        "mission_priority": 0.4983,
        "estimated_landing_time": 1416.0,
        "wait_time": 0,
        "Landing_success_rate": 0.8572
    },
    {
        "model": 1,
        "sequence": 4,
        "status": 1,
        "fuel": 6240,
        "fault": 0.8926,
        "weapon": 0,
        "pilot_injury": 0.2522,
        "pilot_skill": 0.8587,
        "mission_priority": 0.2096,
        "estimated_landing_time": 382.0,
        "wait_time": 0,
        "Landing_success_rate": 0.856
    },
    {
        "model": 1,
        "sequence": 7,
        "status": 1,
        "fuel": 6001,
        "fault": 0.6999,
        "weapon": 0,
        "pilot_injury": 0.0265,
        "pilot_skill": 0.1684,
        "mission_priority": 0.8878,
        "estimated_landing_time": 664.0,
        "wait_time": 0,
        "Landing_success_rate": 0.8613
    },
    {
        "model": 1,
        "sequence": 5,
        "status": 1,
        "fuel": 6975,
        "fault": 0.626,
        "weapon": 1,
        "pilot_injury": 0.1828,
        "pilot_skill": 0.4989,
        "mission_priority": 0.2052,
        "estimated_landing_time": 476.0,
        "wait_time": 0,
        "Landing_success_rate": 0.8914
    },
    {
        "model": 1,
        "sequence": 10,
        "status": 1,
        "fuel": 6674,
        "fault": 0.1054,
        "weapon": 0,
        "pilot_injury": 0.556,
        "pilot_skill": 0.3658,
        "mission_priority": 0.3655,
        "estimated_landing_time": 946.0,
        "wait_time": 0,
        "Landing_success_rate": 0.9288
    },
    {
        "model": 2,
        "sequence": 3,
        "status": 1,
        "fuel": 7308,
        "fault": 0.7625,
        "weapon": 1,
        "pilot_injury": 0.7075,
        "pilot_skill": 0.2923,
        "mission_priority": 0.4421,
        "estimated_landing_time": 288.0,
        "wait_time": 0,
        "Landing_success_rate": 0.8822
    },
    {
        "model": 2,
        "sequence": 14,
        "status": 1,
        "fuel": 6096,
        "fault": 0.6602,
        "weapon": 0,
        "pilot_injury": 0.2256,
        "pilot_skill": 0.5498,
        "mission_priority": 0.8012,
        "estimated_landing_time": 1322.0,
        "wait_time": 0,
        "Landing_success_rate": 0.8652
    },
    {
        "model": 0,
        "sequence": 11,
        "status": 1,
        "fuel": 5875,
        "fault": 0.2222,
        "weapon": 0,
        "pilot_injury": 0.1256,
        "pilot_skill": 0.2487,
        "mission_priority": 0.9461,
        "estimated_landing_time": 1040.0,
        "wait_time": 0,
        "Landing_success_rate": 0.8719
    },
    {
        "model": 1,
        "sequence": 13,
        "status": 1,
        "fuel": 7123,
        "fault": 0.5854,
        "weapon": 0,
        "pilot_injury": 0.0055,
        "pilot_skill": 0.1754,
        "mission_priority": 0.9439,
        "estimated_landing_time": 1228.0,
        "wait_time": 0,
        "Landing_success_rate": 0.9005
    },
    {
        "model": 0,
        "sequence": 2,
        "status": 1,
        "fuel": 7083,
        "fault": 0.6873,
        "weapon": 0,
        "pilot_injury": 0.4652,
        "pilot_skill": 0.8266,
        "mission_priority": 0.0339,
        "estimated_landing_time": 194.0,
        "wait_time": 0,
        "Landing_success_rate": 0.8871
    },
    {
        "model": 1,
        "sequence": 1,
        "status": 1,
        "fuel": 6037,
        "fault": 0.4444,
        "weapon": 0,
        "pilot_injury": 0.9815,
        "pilot_skill": 0.3005,
        "mission_priority": 0.4169,
        "estimated_landing_time": 100.0,
        "wait_time": 0,
        "Landing_success_rate": 0.8724
    },
    {
        "model": 1,
        "sequence": 16,
        "status": 1,
        "fuel": 6960,
        "fault": 0.9019,
        "weapon": 1,
        "pilot_injury": 0.8784,
        "pilot_skill": 0.3945,
        "mission_priority": 0.9486,
        "estimated_landing_time": 1510.0,
        "wait_time": 0,
        "Landing_success_rate": 0.8607
    },
    {
        "model": 0,
        "sequence": 17,
        "status": 1,
        "fuel": 6400,
        "fault": 0.6001,
        "weapon": 0,
        "pilot_injury": 0.9263,
        "pilot_skill": 0.2336,
        "mission_priority": 0.4992,
        "estimated_landing_time": 1604.0,
        "wait_time": 0,
        "Landing_success_rate": 0.877
    }
]