[
    {
        "model": 0,
        "sequence": 7,
        "status": 1,
        "fuel": 7044,
        "fault": 0.6792,
        "weapon": 1,
        "pilot_injury": 0.5586,
        "pilot_skill": 0.0771,
        "mission_priority": 0.0473,
        "estimated_landing_time": 664.0,
        "wait_time": 0,
        "Landing_success_rate": 0.8871
    },
    {
        "model": 1,
        "sequence": 18,
        "status": 1,
        "fuel": 7257,
        "fault": 0.8795,
        "weapon": 0,
        "pilot_injury": 0.3067,
        "pilot_skill": 0.3388,
        "mission_priority": 0.7694,
        "estimated_landing_time": 1698.0,
        "wait_time": 0,
        "Landing_success_rate": 0.8659
    },
    {
        "model": 1,
        "sequence": 12,
        "status": 1,
        "fuel": 7006,
        "fault": 0.868,
        "weapon": 1,
        "pilot_injury": 0.7726,
        "pilot_skill": 0.2049,
        "mission_priority": 0.8049,
        "estimated_landing_time": 1134.0,
        "wait_time": 0,
        "Landing_success_rate": 0.8649
    },
    {
        "model": 2,
        "sequence": 15,
        "status": 1,
        "fuel": 5735,
        "fault": 0.8105,
        "weapon": 0,
        "pilot_injury": 0.444,
        "pilot_skill": 0.3706,
        "mission_priority": 0.702,
        "estimated_landing_time": 1416.0,
        "wait_time": 0,
        "Landing_success_rate": 0.8533
    },
    {
        "model": 1,
        "sequence": 11,
        "status": 1,
        "fuel": 6976,
        "fault": 0.8407,
        "weapon": 1,
        "pilot_injury": 0.335,
        "pilot_skill": 0.7295,
        "mission_priority": 0.1165,
        "estimated_landing_time": 1040.0,
        "wait_time": 0,
        "Landing_success_rate": 0.8676
    },
    {
        "model": 1,
        "sequence": 17,
        "status": 1,
        "fuel": 6215,
        "fault": 0.0046,
        "weapon": 0,
        "pilot_injury": 0.6517,
        "pilot_skill": 0.457,
        "mission_priority": 0.1152,
        "estimated_landing_time": 1604.0,
        "wait_time": 0,
        "Landing_success_rate": 0.9034
    },
    {
        "model": 1,
        "sequence": 16,
        "status": 1,
        "fuel": 6812,
        "fault": 0.5709,
        "weapon": 0,
        "pilot_injury": 0.1646,
        "pilot_skill": 0.4683,
        "mission_priority": 0.9547,
        "estimated_landing_time": 1510.0,
        "wait_time": 0,
        "Landing_success_rate": 0.8922
    },
    {
        "model": 1,
        "sequence": 13,
        "status": 1,
        "fuel": 5981,
        "fault": 0.5973,
        "weapon": 0,
        "pilot_injury": 0.9811,
        "pilot_skill": 0.5406,
        "mission_priority": 0.2381,
        "estimated_landing_time": 1228.0,
        "wait_time": 0,
        "Landing_success_rate": 0.8645
    },
    {
        "model": 2,
        "sequence": 8,
        "status": 1,
        "fuel": 6960,
        "fault": 0.3788,
        "weapon": 1,
        "pilot_injury": 0.9589,
        "pilot_skill": 0.651,
        "mission_priority": 0.7751,
        "estimated_landing_time": 758.0,
        "wait_time": 0,
        "Landing_success_rate": 0.918
    },
    {
        "model": 0,
        "sequence": 5,
        "status": 1,
        "fuel": 6467,
        "fault": 0.5378,
        "weapon": 1,
        "pilot_injury": 0.5626,
        "pilot_skill": 0.4719,
        "mission_priority": 0.8234,
        "estimated_landing_time": 476.0,
        "wait_time": 0,
        "Landing_success_rate": 0.8835
    },
    {
        "model": 2,
        "sequence": 4,
        "status": 1,
        "fuel": 6692,
        "fault": 0.845,
        "weapon": 0,
        "pilot_injury": 0.4983,
        "pilot_skill": 0.635,
        "mission_priority": 0.0284,
        "estimated_landing_time": 382.0,
        "wait_time": 0,
        "Landing_success_rate": 0.8639
    },
    {
        "model": 0,
        "sequence": 3,
        "status": 1,
        "fuel": 5902,
        "fault": 0.4287,
        "weapon": 0,
        "pilot_injury": 0.8832,
        "pilot_skill": 0.3315,
        "mission_priority": 0.5451,
        "estimated_landing_time": 288.0,
        "wait_time": 0,
        "Landing_success_rate": 0.8672
    },
    {
        "model": 1,
        "sequence": 10,
        "status": 1,
        "fuel": 5968,
        "fault": 0.2369,
        "weapon": 0,
        "pilot_injury": 0.1238,
        "pilot_skill": 0.9484,
        "mission_priority": 0.7047,
        "estimated_landing_time": 946.0,
        "wait_time": 0,
        "Landing_success_rate": 0.8768
    },
    {
        "model": 1,
        "sequence": 9,
        "status": 1,
        "fuel": 6864,
        "fault": 0.1634,
        "weapon": 0,
        "pilot_injury": 0.7871,
        "pilot_skill": 0.8375,
        "mission_priority": 0.2762,
        "estimated_landing_time": 852.0,
        "wait_time": 0,
        "Landing_success_rate": 0.9356
    },
    {
        "model": 1,
        "sequence": 6,
        "status": 1,
        "fuel": 7037,
        "fault": 0.5892,
        "weapon": 1,
        "pilot_injury": 0.3907,
        "pilot_skill": 0.07,
        "mission_priority": 0.1364,
        "estimated_landing_time": 570.0,
        "wait_time": 0,
        "Landing_success_rate": 0.8974
    },
    {
        "model": 1,
        "sequence": 2,
        "status": 1,
        "fuel": 7102,
        "fault": 0.0123,
        "weapon": 0,
        "pilot_injury": 0.0054,
        "pilot_skill": 0.7669,
        "mission_priority": 0.4167,
        "estimated_landing_time": 194.0,
        "wait_time": 0,
        "Landing_success_rate": 0.9687
    },
    {
        "model": 1,
        "sequence": 14,
        "status": 1,
        "fuel": 7310,
        "fault": 0.6087,
        "weapon": 0,
        "pilot_injury": 0.4551,
        "pilot_skill": 0.6948,
        "mission_priority": 0.0132,
        "estimated_landing_time": 1322.0,
        "wait_time": 0,
        "Landing_success_rate": 0.9031
    },
    {
        "model": 1,
        "sequence": 1,
        "status": 1,
        "fuel": 6334,
        "fault": 0.31,
        "weapon": 1,
        "pilot_injury": 0.9822,
        "pilot_skill": 0.2724,
        "mission_priority": 0.6829,
        "estimated_landing_time": 100.0,
        "wait_time": 0,
        "Landing_success_rate": 0.8932
    }
]