[
    {
        "model": 2,
        "sequence": 13,
        "status": 1,
        "fuel": 7038,
        "fault": 0.2968,
        "weapon": 1,
        "pilot_injury": 0.9643,
        "pilot_skill": 0.4027,
        "mission_priority": 0.1168,
        "estimated_landing_time": 1228.0,
        "wait_time": 0,
        "Landing_success_rate": 0.9311
    },
    {
        "model": 1,
        "sequence": 8,
        "status": 1,
        "fuel": 6168,
        "fault": 0.7545,
        "weapon": 0,
        "pilot_injury": 0.603,
        "pilot_skill": 0.6181,
        "mission_priority": 0.7588,
        "estimated_landing_time": 758.0,
        "wait_time": 0,
        "Landing_success_rate": 0.8623
    },
    {
        "model": 1,
        "sequence": 17,
        "status": 1,
        "fuel": 5841,
        "fault": 0.6481,
        "weapon": 0,
        "pilot_injury": 0.0302,
        "pilot_skill": 0.695,
        "mission_priority": 0.0855,
        "estimated_landing_time": 1604.0,
        "wait_time": 0,
        "Landing_success_rate": 0.859
    },
    {
        "model": 2,
        "sequence": 4,
        "status": 1,
        "fuel": 6964,
        "fault": 0.2642,
        "weapon": 0,
        "pilot_injury": 0.5969,
        "pilot_skill": 0.199,
        "mission_priority": 0.808,
        "estimated_landing_time": 382.0,
        "wait_time": 0,
        "Landing_success_rate": 0.9308
    },
    {
        "model": 2,
        "sequence": 1,
        "status": 1,
        "fuel": 6723,
        "fault": 0.0235,
        "weapon": 0,
        "pilot_injury": 0.6358,
        "pilot_skill": 0.7311,
        "mission_priority": 0.065,
        "estimated_landing_time": 100.0,
        "wait_time": 0,
        "Landing_success_rate": 0.9396
    },
    {
        "model": 2,
        "sequence": 9,
        "status": 1,
        "fuel": 5538,
        "fault": 0.6235,
        "weapon": 0,
        "pilot_injury": 0.0945,
        "pilot_skill": 0.4569,
        "mission_priority": 0.3722,
        "estimated_landing_time": 852.0,
        "wait_time": 0,
        "Landing_success_rate": 0.8511
    },
    {
        "model": 1,
        "sequence": 15,
        "status": 1,
        "fuel": 5861,
        "fault": 0.2184,
        "weapon": 0,
        "pilot_injury": 0.4392,
        "pilot_skill": 0.8291,
        "mission_priority": 0.1213,
        "estimated_landing_time": 1416.0,
        "wait_time": 0,
        "Landing_success_rate": 0.8712
    },
    {
        "model": 2,
        "sequence": 18,
        "status": 1,
        "fuel": 5681,
        "fault": 0.3291,
        "weapon": 1,
        "pilot_injury": 0.4923,
        "pilot_skill": 0.3602,
        "mission_priority": 0.4614,
        "estimated_landing_time": 1698.0,
        "wait_time": 0,
        "Landing_success_rate": 0.8591
    },
    {
        "model": 0,
        "sequence": 14,
        "status": 1,
        "fuel": 7453,
        "fault": 0.1715,
        "weapon": 1,
        "pilot_injury": 0.0093,
        "pilot_skill": 0.4332,
        "mission_priority": 0.1589,
        "estimated_landing_time": 1322.0,
        "wait_time": 0,
        "Landing_success_rate": 0.9714
    },
    {
        "model": 1,
        "sequence": 3,
        "status": 1,
        "fuel": 6071,
        "fault": 0.9696,
        "weapon": 0,
        "pilot_injury": 0.427,
        "pilot_skill": 0.6433,
        "mission_priority": 0.6616,
        "estimated_landing_time": 288.0,
        "wait_time": 0,
        "Landing_success_rate": 0.8513
    },
    {
        "model": 1,
        "sequence": 2,
        "status": 1,
        "fuel": 6932,
        "fault": 0.851,
        "weapon": 0,
        "pilot_injury": 0.5977,
        "pilot_skill": 0.3531,
        "mission_priority": 0.0513,
        "estimated_landing_time": 194.0,
        "wait_time": 0,
        "Landing_success_rate": 0.866
    },
    {
        "model": 1,
        "sequence": 5,
        "status": 1,
        "fuel": 7165,
        "fault": 0.2291,
        "weapon": 0,
        "pilot_injury": 0.9838,
        "pilot_skill": 0.786,
        "mission_priority": 0.4049,
        "estimated_landing_time": 476.0,
        "wait_time": 0,
        "Landing_success_rate": 0.9463
    },
    {
        "model": 2,
        "sequence": 6,
        "status": 1,
        "fuel": 6951,
        "fault": 0.7312,
        "weapon": 0,
        "pilot_injury": 0.5144,
        "pilot_skill": 0.3604,
        "mission_priority": 0.3496,
        "estimated_landing_time": 570.0,
        "wait_time": 0,
        "Landing_success_rate": 0.8793
    },
    {
        "model": 0,
        "sequence": 10,
        "status": 1,
        "fuel": 6395,
        "fault": 0.8171,
        "weapon": 0,
        "pilot_injury": 0.4142,
        "pilot_skill": 0.7524,
        "mission_priority": 0.5738,
        "estimated_landing_time": 946.0,
        "wait_time": 0,
        "Landing_success_rate": 0.8623
    },
    {
        "model": 1,
        "sequence": 11,
        "status": 1,
        "fuel": 5519,
        "fault": 0.6914,
        "weapon": 0,
        "pilot_injury": 0.752,
        "pilot_skill": 0.79,
        "mission_priority": 0.1043,
        "estimated_landing_time": 1040.0,
        "wait_time": 0,
        "Landing_success_rate": 0.8504
    },
    {
        "model": 0,
        "sequence": 7,
        "status": 1,
        "fuel": 6412,
        "fault": 0.7606,
        "weapon": 0,
        "pilot_injury": 0.118,
        "pilot_skill": 0.6848,
        "mission_priority": 0.7478,
        "estimated_landing_time": 664.0,
        "wait_time": 0,
        "Landing_success_rate": 0.8664
    },
    {
        "model": 0,
        "sequence": 16,
        "status": 1,
        "fuel": 7223,
        "fault": 0.4388,
        "weapon": 1,
        "pilot_injury": 0.4195,
        "pilot_skill": 0.2747,
        "mission_priority": 0.6653,
        "estimated_landing_time": 1510.0,
        "wait_time": 0,
        "Landing_success_rate": 0.9225
    },
    {
        "model": 0,
        "sequence": 12,
        "status": 1,
        "fuel": 6932,
        "fault": 0.0573,
        "weapon": 1,
        "pilot_injury": 0.8706,
        "pilot_skill": 0.0224,
        "mission_priority": 0.7386,
        "estimated_landing_time": 1134.0,
        "wait_time": 0,
        "Landing_success_rate": 0.9512
    }
]