[
    {
        "model": 2,
        "sequence": 1,
        "status": 1,
        "fuel": 6621,
        "fault": 0.8124,
        "weapon": 1,
        "pilot_injury": 0.0394,
        "pilot_skill": 0.734,
        "mission_priority": 0.2747,
        "estimated_landing_time": 100.0,
        "wait_time": 0,
        "Landing_success_rate": 0.8658
    },
    {
        "model": 2,
        "sequence": 17,
        "status": 1,
        "fuel": 6381,
        "fault": 0.6645,
        "weapon": 1,
        "pilot_injury": 0.9966,
        "pilot_skill": 0.463,
        "mission_priority": 0.0264,
        "estimated_landing_time": 1604.0,
        "wait_time": 0,
        "Landing_success_rate": 0.8722
    },
    {
        "model": 2,
        "sequence": 11,
        "status": 1,
        "fuel": 6819,
        "fault": 0.459,
        "weapon": 1,
        "pilot_injury": 0.0562,
        "pilot_skill": 0.2678,
        "mission_priority": 0.3246,
        "estimated_landing_time": 1040.0,
        "wait_time": 0,
        "Landing_success_rate": 0.9035
    },
    {
        "model": 1,
        "sequence": 5,
        "status": 1,
        "fuel": 6261,
        "fault": 0.8381,
        "weapon": 0,
        "pilot_injury": 0.3654,
        "pilot_skill": 0.6363,
        "mission_priority": 0.1959,
        "estimated_landing_time": 476.0,
        "wait_time": 0,
        "Landing_success_rate": 0.8592
    },
    {
        "model": 1,
        "sequence": 7,
        "status": 1,
        "fuel": 6519,
        "fault": 0.9219,
        "weapon": 0,
        "pilot_injury": 0.6237,
        "pilot_skill": 0.0395,
        "mission_priority": 0.5591,
        "estimated_landing_time": 664.0,
        "wait_time": 0,
        "Landing_success_rate": 0.856
    },
    {
        "model": 2,
        "sequence": 14,
        "status": 1,
        "fuel": 5671,
        "fault": 0.1259,
        "weapon": 0,
        "pilot_injury": 0.8856,
        "pilot_skill": 0.6376,
        "mission_priority": 0.7679,
        "estimated_landing_time": 1322.0,
        "wait_time": 0,
        "Landing_success_rate": 0.8612
    },
    {
        "model": 1,
        "sequence": 16,
        "status": 1,
        "fuel": 7205,
        "fault": 0.0324,
        "weapon": 0,
        "pilot_injury": 0.7031,
        "pilot_skill": 0.1771,
        "mission_priority": 0.6826,
        "estimated_landing_time": 1510.0,
        "wait_time": 0,
        "Landing_success_rate": 0.9737
    },
    {
        "model": 0,
        "sequence": 4,
        "status": 1,
        "fuel": 6168,
        "fault": 0.708,
        "weapon": 1,
        "pilot_injury": 0.5169,
        "pilot_skill": 0.3332,
        "mission_priority": 0.694,
        "estimated_landing_time": 382.0,
        "wait_time": 0,
        "Landing_success_rate": 0.8646
    },
    {
        "model": 1,
        "sequence": 12,
        "status": 1,
        "fuel": 6235,
        "fault": 0.695,
        "weapon": 0,
        "pilot_injury": 0.3578,
        "pilot_skill": 0.7219,
        "mission_priority": 0.8358,
        "estimated_landing_time": 1134.0,
        "wait_time": 0,
        "Landing_success_rate": 0.8668
    },
    {
        "model": 0,
        "sequence": 9,
        "status": 1,
        "fuel": 5606,
        "fault": 0.1662,
        "weapon": 0,
        "pilot_injury": 0.3933,
        "pilot_skill": 0.1287,
        "mission_priority": 0.0036,
        "estimated_landing_time": 852.0,
        "wait_time": 0,
        "Landing_success_rate": 0.8566
    },
    {
        "model": 1,
        "sequence": 2,
        "status": 1,
        "fuel": 6803,
        "fault": 0.8978,
        "weapon": 0,
        "pilot_injury": 0.0512,
        "pilot_skill": 0.4972,
        "mission_priority": 0.3467,
        "estimated_landing_time": 194.0,
        "wait_time": 0,
        "Landing_success_rate": 0.86
    },
    {
        "model": 2,
        "sequence": 18,
        "status": 1,
        "fuel": 7195,
        "fault": 0.09,
        "weapon": 1,
        "pilot_injury": 0.1327,
        "pilot_skill": 0.4041,
        "mission_priority": 0.5204,
        "estimated_landing_time": 1698.0,
        "wait_time": 0,
        "Landing_success_rate": 0.9657
    },
    {
        "model": 2,
        "sequence": 6,
        "status": 1,
        "fuel": 7411,
        "fault": 0.2022,
        "weapon": 1,
        "pilot_injury": 0.9026,
        "pilot_skill": 0.2178,
        "mission_priority": 0.5962,
        "estimated_landing_time": 570.0,
        "wait_time": 0,
        "Landing_success_rate": 0.9643
    },
    {
        "model": 0,
        "sequence": 3,
        "status": 1,
        "fuel": 6610,
        "fault": 0.6607,
        "weapon": 1,
        "pilot_injury": 0.9887,
        "pilot_skill": 0.468,
        "mission_priority": 0.3693,
        "estimated_landing_time": 288.0,
        "wait_time": 0,
        "Landing_success_rate": 0.8782
    },
    {
        "model": 0,
        "sequence": 15,
        "status": 1,
        "fuel": 7399,
        "fault": 0.7256,
        "weapon": 1,
        "pilot_injury": 0.037,
        "pilot_skill": 0.4436,
        "mission_priority": 0.2472,
        "estimated_landing_time": 1416.0,
        "wait_time": 0,
        "Landing_success_rate": 0.8891
    },
    {
        "model": 1,
        "sequence": 8,
        "status": 1,
        "fuel": 5569,
        "fault": 0.4507,
        "weapon": 0,
        "pilot_injury": 0.3485,
        "pilot_skill": 0.708,
        "mission_priority": 0.2504,
        "estimated_landing_time": 758.0,
        "wait_time": 0,
        "Landing_success_rate": 0.8528
    },
    {
        "model": 0,
        "sequence": 13,
        "status": 1,
        "fuel": 5566,
        "fault": 0.1354,
        "weapon": 0,
        "pilot_injury": 0.5722,
        "pilot_skill": 0.2261,
        "mission_priority": 0.7184,
        "estimated_landing_time": 1228.0,
        "wait_time": 0,
        "Landing_success_rate": 0.8543
    },
    {
        "model": 2,
        "sequence": 10,
        "status": 1,
        "fuel": 6318,
        "fault": 0.3445,
        "weapon": 1,
        "pilot_injury": 0.0256,
        "pilot_skill": 0.0227,
        "mission_priority": 0.5328,
        "estimated_landing_time": 946.0,
        "wait_time": 0,
        "Landing_success_rate": 0.8902
    }
]