[
    {
        "model": 0,
        "sequence": 18,
        "status": 1,
        "fuel": 6545,
        "fault": 0.9564,
        "weapon": 1,
        "pilot_injury": 0.8644,
        "pilot_skill": 0.6089,
        "mission_priority": 0.5455,
        "estimated_landing_time": 1698.0,
        "wait_time": 0,
        "Landing_success_rate": 0.8534
    },
    {
        "model": 1,
        "sequence": 5,
        "status": 1,
        "fuel": 6177,
        "fault": 0.8947,
        "weapon": 0,
        "pilot_injury": 0.012,
        "pilot_skill": 0.8928,
        "mission_priority": 0.0385,
        "estimated_landing_time": 476.0,
        "wait_time": 0,
        "Landing_success_rate": 0.8553
    },
    {
        "model": 0,
        "sequence": 9,
        "status": 1,
        "fuel": 6963,
        "fault": 0.7142,
        "weapon": 1,
        "pilot_injury": 0.6912,
        "pilot_skill": 0.6482,
        "mission_priority": 0.657,
        "estimated_landing_time": 852.0,
        "wait_time": 0,
        "Landing_success_rate": 0.8814
    },
    {
        "model": 0,
        "sequence": 3,
        "status": 1,
        "fuel": 6737,
        "fault": 0.9363,
        "weapon": 1,
        "pilot_injury": 0.63,
        "pilot_skill": 0.3057,
        "mission_priority": 0.7954,
        "estimated_landing_time": 288.0,
        "wait_time": 0,
        "Landing_success_rate": 0.8559
    },
    {
        "model": 0,
        "sequence": 7,
        "status": 1,
        "fuel": 5927,
        "fault": 0.7012,
        "weapon": 1,
        "pilot_injury": 0.2015,
        "pilot_skill": 0.4084,
        "mission_priority": 0.9081,
        "estimated_landing_time": 664.0,
        "wait_time": 0,
        "Landing_success_rate": 0.8596
    },
    {
        "model": 0,
        "sequence": 8,
        "status": 1,
        "fuel": 6444,
        "fault": 0.6726,
        "weapon": 1,
        "pilot_injury": 0.1965,
        "pilot_skill": 0.5445,
        "mission_priority": 0.1777,
        "estimated_landing_time": 758.0,
        "wait_time": 0,
        "Landing_success_rate": 0.8732
    },
    {
        "model": 0,
        "sequence": 14,
        "status": 1,
        "fuel": 6601,
        "fault": 0.7394,
        "weapon": 1,
        "pilot_injury": 0.7843,
        "pilot_skill": 0.8506,
        "mission_priority": 0.8439,
        "estimated_landing_time": 1322.0,
        "wait_time": 0,
        "Landing_success_rate": 0.8715
    },
    {
        "model": 1,
        "sequence": 6,
        "status": 1,
        "fuel": 6164,
        "fault": 0.7345,
        "weapon": 1,
        "pilot_injury": 0.9196,
        "pilot_skill": 0.5084,
        "mission_priority": 0.8541,
        "estimated_landing_time": 570.0,
        "wait_time": 0,
        "Landing_success_rate": 0.8632
    },
    {
        "model": 1,
        "sequence": 13,
        "status": 1,
        "fuel": 6607,
        "fault": 0.0834,
        "weapon": 1,
        "pilot_injury": 0.218,
        "pilot_skill": 0.0999,
        "mission_priority": 0.9606,
        "estimated_landing_time": 1228.0,
        "wait_time": 0,
        "Landing_success_rate": 0.9261
    },
    {
        "model": 1,
        "sequence": 11,
        "status": 1,
        "fuel": 7491,
        "fault": 0.248,
        "weapon": 1,
        "pilot_injury": 0.7303,
        "pilot_skill": 0.1977,
        "mission_priority": 0.6938,
        "estimated_landing_time": 1040.0,
        "wait_time": 0,
        "Landing_success_rate": 0.9623
    },
    {
        "model": 1,
        "sequence": 1,
        "status": 1,
        "fuel": 7114,
        "fault": 0.0516,
        "weapon": 0,
        "pilot_injury": 0.3504,
        "pilot_skill": 0.9328,
        "mission_priority": 0.986,
        "estimated_landing_time": 100.0,
        "wait_time": 0,
        "Landing_success_rate": 0.9648
    },
    {
        "model": 0,
        "sequence": 15,
        "status": 1,
        "fuel": 7318,
        "fault": 0.2751,
        "weapon": 1,
        "pilot_injury": 0.7452,
        "pilot_skill": 0.1911,
        "mission_priority": 0.6866,
        "estimated_landing_time": 1416.0,
        "wait_time": 0,
        "Landing_success_rate": 0.9488
    },
    {
        "model": 2,
        "sequence": 17,
        "status": 1,
        "fuel": 5868,
        "fault": 0.3691,
        "weapon": 1,
        "pilot_injury": 0.8507,
        "pilot_skill": 0.5025,
        "mission_priority": 0.297,
        "estimated_landing_time": 1604.0,
        "wait_time": 0,
        "Landing_success_rate": 0.8674
    },
    {
        "model": 2,
        "sequence": 10,
        "status": 1,
        "fuel": 6844,
        "fault": 0.8172,
        "weapon": 1,
        "pilot_injury": 0.77,
        "pilot_skill": 0.8868,
        "mission_priority": 0.4757,
        "estimated_landing_time": 946.0,
        "wait_time": 0,
        "Landing_success_rate": 0.8684
    },
    {
        "model": 2,
        "sequence": 2,
        "status": 1,
        "fuel": 6305,
        "fault": 0.4919,
        "weapon": 0,
        "pilot_injury": 0.9053,
        "pilot_skill": 0.1141,
        "mission_priority": 0.7968,
        "estimated_landing_time": 194.0,
        "wait_time": 0,
        "Landing_success_rate": 0.8807
    },
    {
        "model": 2,
        "sequence": 16,
        "status": 1,
        "fuel": 5522,
        "fault": 0.188,
        "weapon": 0,
        "pilot_injury": 0.5141,
        "pilot_skill": 0.8626,
        "mission_priority": 0.5545,
        "estimated_landing_time": 1510.0,
        "wait_time": 0,
        "Landing_success_rate": 0.8513
    },
    {
        "model": 1,
        "sequence": 4,
        "status": 1,
        "fuel": 5776,
        "fault": 0.0451,
        "weapon": 1,
        "pilot_injury": 0.62,
        "pilot_skill": 0.5921,
        "mission_priority": 0.2102,
        "estimated_landing_time": 382.0,
        "wait_time": 0,
        "Landing_success_rate": 0.8698
    },
    {
        "model": 0,
        "sequence": 12,
        "status": 1,
        "fuel": 7049,
        "fault": 0.3223,
        "weapon": 0,
        "pilot_injury": 0.8042,
        "pilot_skill": 0.9366,
        "mission_priority": 0.5067,
        "estimated_landing_time": 1134.0,
        "wait_time": 0,
        "Landing_success_rate": 0.9287
    }
]