[
    {
        "model": 2,
        "sequence": 2,
        "status": 1,
        "fuel": 6126,
        "fault": 0.9036,
        "weapon": 1,
        "pilot_injury": 0.2392,
        "pilot_skill": 0.7208,
        "mission_priority": 0.9293,
        "estimated_landing_time": 194.0,
        "wait_time": 0,
        "Landing_success_rate": 0.8545
    },
    {
        "model": 0,
        "sequence": 13,
        "status": 1,
        "fuel": 7115,
        "fault": 0.5238,
        "weapon": 0,
        "pilot_injury": 0.8276,
        "pilot_skill": 0.7084,
        "mission_priority": 0.1491,
        "estimated_landing_time": 1228.0,
        "wait_time": 0,
        "Landing_success_rate": 0.9077
    },
    {
        "model": 2,
        "sequence": 17,
        "status": 1,
        "fuel": 6892,
        "fault": 0.7678,
        "weapon": 1,
        "pilot_injury": 0.181,
        "pilot_skill": 0.2229,
        "mission_priority": 0.2018,
        "estimated_landing_time": 1604.0,
        "wait_time": 0,
        "Landing_success_rate": 0.8742
    },
    {
        "model": 0,
        "sequence": 8,
        "status": 1,
        "fuel": 6292,
        "fault": 0.1654,
        "weapon": 0,
        "pilot_injury": 0.2669,
        "pilot_skill": 0.0479,
        "mission_priority": 0.9833,
        "estimated_landing_time": 758.0,
        "wait_time": 0,
        "Landing_success_rate": 0.8996
    },
    {
        "model": 2,
        "sequence": 14,
        "status": 1,
        "fuel": 6945,
        "fault": 0.7252,
        "weapon": 0,
        "pilot_injury": 0.636,
        "pilot_skill": 0.6712,
        "mission_priority": 0.8142,
        "estimated_landing_time": 1322.0,
        "wait_time": 0,
        "Landing_success_rate": 0.8798
    },
    {
        "model": 2,
        "sequence": 4,
        "status": 1,
        "fuel": 7144,
        "fault": 0.1226,
        "weapon": 1,
        "pilot_injury": 0.5531,
        "pilot_skill": 0.121,
        "mission_priority": 0.0171,
        "estimated_landing_time": 382.0,
        "wait_time": 0,
        "Landing_success_rate": 0.9582
    },
    {
        "model": 1,
        "sequence": 7,
        "status": 1,
        "fuel": 7302,
        "fault": 0.6502,
        "weapon": 0,
        "pilot_injury": 0.525,
        "pilot_skill": 0.6628,
        "mission_priority": 0.401,
        "estimated_landing_time": 664.0,
        "wait_time": 0,
        "Landing_success_rate": 0.8973
    },
    {
        "model": 2,
        "sequence": 18,
        "status": 1,
        "fuel": 6998,
        "fault": 0.1713,
        "weapon": 0,
        "pilot_injury": 0.1943,
        "pilot_skill": 0.9774,
        "mission_priority": 0.7395,
        "estimated_landing_time": 1698.0,
        "wait_time": 0,
        "Landing_success_rate": 0.9431
    },
    {
        "model": 0,
        "sequence": 11,
        "status": 1,
        "fuel": 7310,
        "fault": 0.0634,
        "weapon": 1,
        "pilot_injury": 0.9146,
        "pilot_skill": 0.2798,
        "mission_priority": 0.3145,
        "estimated_landing_time": 1040.0,
        "wait_time": 0,
        "Landing_success_rate": 0.9771
    },
    {
        "model": 0,
        "sequence": 6,
        "status": 1,
        "fuel": 7240,
        "fault": 0.9104,
        "weapon": 0,
        "pilot_injury": 0.9699,
        "pilot_skill": 0.3395,
        "mission_priority": 0.7401,
        "estimated_landing_time": 570.0,
        "wait_time": 0,
        "Landing_success_rate": 0.8617
    },
    {
        "model": 2,
        "sequence": 15,
        "status": 1,
        "fuel": 7422,
        "fault": 0.4689,
        "weapon": 1,
        "pilot_injury": 0.7445,
        "pilot_skill": 0.3036,
        "mission_priority": 0.1971,
        "estimated_landing_time": 1416.0,
        "wait_time": 0,
        "Landing_success_rate": 0.9266
    },
    {
        "model": 2,
        "sequence": 3,
        "status": 1,
        "fuel": 6275,
        "fault": 0.0898,
        "weapon": 0,
        "pilot_injury": 0.8311,
        "pilot_skill": 0.7374,
        "mission_priority": 0.3217,
        "estimated_landing_time": 288.0,
        "wait_time": 0,
        "Landing_success_rate": 0.9029
    },
    {
        "model": 2,
        "sequence": 10,
        "status": 1,
        "fuel": 6106,
        "fault": 0.3848,
        "weapon": 0,
        "pilot_injury": 0.1349,
        "pilot_skill": 0.4949,
        "mission_priority": 0.3555,
        "estimated_landing_time": 946.0,
        "wait_time": 0,
        "Landing_success_rate": 0.878
    },
    {
        "model": 2,
        "sequence": 9,
        "status": 1,
        "fuel": 6763,
        "fault": 0.5529,
        "weapon": 1,
        "pilot_injury": 0.5601,
        "pilot_skill": 0.2796,
        "mission_priority": 0.1596,
        "estimated_landing_time": 852.0,
        "wait_time": 0,
        "Landing_success_rate": 0.8924
    },
    {
        "model": 1,
        "sequence": 1,
        "status": 1,
        "fuel": 7058,
        "fault": 0.1359,
        "weapon": 1,
        "pilot_injury": 0.1691,
        "pilot_skill": 0.0758,
        "mission_priority": 0.7457,
        "estimated_landing_time": 100.0,
        "wait_time": 0,
        "Landing_success_rate": 0.951
    },
    {
        "model": 1,
        "sequence": 16,
        "status": 1,
        "fuel": 7107,
        "fault": 0.3431,
        "weapon": 1,
        "pilot_injury": 0.5251,
        "pilot_skill": 0.6752,
        "mission_priority": 0.2148,
        "estimated_landing_time": 1510.0,
        "wait_time": 0,
        "Landing_success_rate": 0.9292
    },
    {
        "model": 1,
        "sequence": 5,
        "status": 1,
        "fuel": 5798,
        "fault": 0.5588,
        "weapon": 1,
        "pilot_injury": 0.315,
        "pilot_skill": 0.423,
        "mission_priority": 0.745,
        "estimated_landing_time": 476.0,
        "wait_time": 0,
        "Landing_success_rate": 0.8599
    },
    {
        "model": 1,
        "sequence": 12,
        "status": 1,
        "fuel": 6113,
        "fault": 0.9834,
        "weapon": 1,
        "pilot_injury": 0.1187,
        "pilot_skill": 0.2561,
        "mission_priority": 0.0843,
        "estimated_landing_time": 1134.0,
        "wait_time": 0,
        "Landing_success_rate": 0.8508
    }
]