[
    {
        "model": 1,
        "sequence": 16,
        "status": 1,
        "fuel": 5703,
        "fault": 0.5551,
        "weapon": 1,
        "pilot_injury": 0.5225,
        "pilot_skill": 0.2555,
        "mission_priority": 0.7779,
        "estimated_landing_time": 1510.0,
        "wait_time": 0,
        "Landing_success_rate": 0.8568
    },
    {
        "model": 0,
        "sequence": 6,
        "status": 1,
        "fuel": 7466,
        "fault": 0.2036,
        "weapon": 1,
        "pilot_injury": 0.496,
        "pilot_skill": 0.1389,
        "mission_priority": 0.995,
        "estimated_landing_time": 570.0,
        "wait_time": 0,
        "Landing_success_rate": 0.9674
    },
    {
        "model": 2,
        "sequence": 18,
        "status": 1,
        "fuel": 5547,
        "fault": 0.5419,
        "weapon": 0,
        "pilot_injury": 0.6849,
        "pilot_skill": 0.7166,
        "mission_priority": 0.6511,
        "estimated_landing_time": 1698.0,
        "wait_time": 0,
        "Landing_success_rate": 0.8516
    },
    {
        "model": 2,
        "sequence": 10,
        "status": 1,
        "fuel": 6664,
        "fault": 0.6518,
        "weapon": 0,
        "pilot_injury": 0.7716,
        "pilot_skill": 0.542,
        "mission_priority": 0.0026,
        "estimated_landing_time": 946.0,
        "wait_time": 0,
        "Landing_success_rate": 0.8804
    },
    {
        "model": 2,
        "sequence": 5,
        "status": 1,
        "fuel": 6991,
        "fault": 0.762,
        "weapon": 0,
        "pilot_injury": 0.8989,
        "pilot_skill": 0.6286,
        "mission_priority": 0.4179,
        "estimated_landing_time": 476.0,
        "wait_time": 0,
        "Landing_success_rate": 0.8766
    },
    {
        "model": 1,
        "sequence": 4,
        "status": 1,
        "fuel": 6922,
        "fault": 0.3685,
        "weapon": 1,
        "pilot_injury": 0.3508,
        "pilot_skill": 0.5374,
        "mission_priority": 0.7664,
        "estimated_landing_time": 382.0,
        "wait_time": 0,
        "Landing_success_rate": 0.9173
    },
    {
        "model": 1,
        "sequence": 12,
        "status": 1,
        "fuel": 6937,
        "fault": 0.3568,
        "weapon": 0,
        "pilot_injury": 0.636,
        "pilot_skill": 0.9056,
        "mission_priority": 0.6906,
        "estimated_landing_time": 1134.0,
        "wait_time": 0,
        "Landing_success_rate": 0.9193
    },
    {
        "model": 2,
        "sequence": 1,
        "status": 1,
        "fuel": 5512,
        "fault": 0.5186,
        "weapon": 1,
        "pilot_injury": 0.8719,
        "pilot_skill": 0.2229,
        "mission_priority": 0.7599,
        "estimated_landing_time": 100.0,
        "wait_time": 0,
        "Landing_success_rate": 0.8504
    },
    {
        "model": 1,
        "sequence": 7,
        "status": 1,
        "fuel": 5676,
        "fault": 0.0271,
        "weapon": 0,
        "pilot_injury": 0.4916,
        "pilot_skill": 0.3002,
        "mission_priority": 0.5634,
        "estimated_landing_time": 664.0,
        "wait_time": 0,
        "Landing_success_rate": 0.8628
    },
    {
        "model": 1,
        "sequence": 11,
        "status": 1,
        "fuel": 5568,
        "fault": 0.6248,
        "weapon": 0,
        "pilot_injury": 0.6999,
        "pilot_skill": 0.9955,
        "mission_priority": 0.76,
        "estimated_landing_time": 1040.0,
        "wait_time": 0,
        "Landing_success_rate": 0.8519
    },
    {
        "model": 0,
        "sequence": 3,
        "status": 1,
        "fuel": 6951,
        "fault": 0.4385,
        "weapon": 1,
        "pilot_injury": 0.0095,
        "pilot_skill": 0.4697,
        "mission_priority": 0.5333,
        "estimated_landing_time": 288.0,
        "wait_time": 0,
        "Landing_success_rate": 0.9111
    },
    {
        "model": 0,
        "sequence": 9,
        "status": 1,
        "fuel": 6577,
        "fault": 0.9207,
        "weapon": 1,
        "pilot_injury": 0.706,
        "pilot_skill": 0.5324,
        "mission_priority": 0.5132,
        "estimated_landing_time": 852.0,
        "wait_time": 0,
        "Landing_success_rate": 0.8564
    },
    {
        "model": 0,
        "sequence": 8,
        "status": 1,
        "fuel": 6275,
        "fault": 0.8865,
        "weapon": 1,
        "pilot_injury": 0.3032,
        "pilot_skill": 0.1338,
        "mission_priority": 0.315,
        "estimated_landing_time": 758.0,
        "wait_time": 0,
        "Landing_success_rate": 0.8566
    },
    {
        "model": 2,
        "sequence": 17,
        "status": 1,
        "fuel": 5543,
        "fault": 0.1614,
        "weapon": 0,
        "pilot_injury": 0.9627,
        "pilot_skill": 0.6806,
        "mission_priority": 0.728,
        "estimated_landing_time": 1604.0,
        "wait_time": 0,
        "Landing_success_rate": 0.8527
    },
    {
        "model": 0,
        "sequence": 2,
        "status": 1,
        "fuel": 6759,
        "fault": 0.7613,
        "weapon": 1,
        "pilot_injury": 0.768,
        "pilot_skill": 0.0162,
        "mission_priority": 0.2614,
        "estimated_landing_time": 194.0,
        "wait_time": 0,
        "Landing_success_rate": 0.8725
    },
    {
        "model": 2,
        "sequence": 13,
        "status": 1,
        "fuel": 6006,
        "fault": 0.397,
        "weapon": 0,
        "pilot_injury": 0.0681,
        "pilot_skill": 0.4666,
        "mission_priority": 0.9808,
        "estimated_landing_time": 1228.0,
        "wait_time": 0,
        "Landing_success_rate": 0.8729
    },
    {
        "model": 0,
        "sequence": 14,
        "status": 1,
        "fuel": 6519,
        "fault": 0.6654,
        "weapon": 0,
        "pilot_injury": 0.8931,
        "pilot_skill": 0.592,
        "mission_priority": 0.5094,
        "estimated_landing_time": 1322.0,
        "wait_time": 0,
        "Landing_success_rate": 0.8756
    },
    {
        "model": 2,
        "sequence": 15,
        "status": 1,
        "fuel": 5515,
        "fault": 0.8825,
        "weapon": 0,
        "pilot_injury": 0.6211,
        "pilot_skill": 0.3338,
        "mission_priority": 0.4919,
        "estimated_landing_time": 1416.0,
        "wait_time": 0,
        "Landing_success_rate": 0.8501
    }
]