[
    {
        "model": 2,
        "sequence": 18,
        "status": 1,
        "fuel": 6627,
        "fault": 0.4889,
        "weapon": 1,
        "pilot_injury": 0.1957,
        "pilot_skill": 0.6241,
        "mission_priority": 0.2233,
        "estimated_landing_time": 1698.0,
        "wait_time": 0,
        "Landing_success_rate": 0.8932
    },
    {
        "model": 1,
        "sequence": 11,
        "status": 1,
        "fuel": 5900,
        "fault": 0.566,
        "weapon": 1,
        "pilot_injury": 0.2037,
        "pilot_skill": 0.6361,
        "mission_priority": 0.7072,
        "estimated_landing_time": 1040.0,
        "wait_time": 0,
        "Landing_success_rate": 0.863
    },
    {
        "model": 0,
        "sequence": 14,
        "status": 1,
        "fuel": 6136,
        "fault": 0.8957,
        "weapon": 0,
        "pilot_injury": 0.7352,
        "pilot_skill": 0.9296,
        "mission_priority": 0.9521,
        "estimated_landing_time": 1322.0,
        "wait_time": 0,
        "Landing_success_rate": 0.855
    },
    {
        "model": 2,
        "sequence": 6,
        "status": 1,
        "fuel": 5873,
        "fault": 0.1111,
        "weapon": 1,
        "pilot_injury": 0.9786,
        "pilot_skill": 0.0434,
        "mission_priority": 0.477,
        "estimated_landing_time": 570.0,
        "wait_time": 0,
        "Landing_success_rate": 0.8749
    },
    {
        "model": 1,
        "sequence": 15,
        "status": 1,
        "fuel": 5513,
        "fault": 0.1415,
        "weapon": 0,
        "pilot_injury": 0.9169,
        "pilot_skill": 0.9834,
        "mission_priority": 0.9049,
        "estimated_landing_time": 1416.0,
        "wait_time": 0,
        "Landing_success_rate": 0.8508
    },
    {
        "model": 2,
        "sequence": 2,
        "status": 1,
        "fuel": 5986,
        "fault": 0.2171,
        "weapon": 1,
        "pilot_injury": 0.8177,
        "pilot_skill": 0.5794,
        "mission_priority": 0.7149,
        "estimated_landing_time": 194.0,
        "wait_time": 0,
        "Landing_success_rate": 0.8785
    },
    {
        "model": 2,
        "sequence": 9,
        "status": 1,
        "fuel": 5522,
        "fault": 0.9762,
        "weapon": 1,
        "pilot_injury": 0.0401,
        "pilot_skill": 0.2572,
        "mission_priority": 0.9346,
        "estimated_landing_time": 852.0,
        "wait_time": 0,
        "Landing_success_rate": 0.85
    },
    {
        "model": 1,
        "sequence": 1,
        "status": 1,
        "fuel": 5796,
        "fault": 0.2311,
        "weapon": 0,
        "pilot_injury": 0.3133,
        "pilot_skill": 0.5185,
        "mission_priority": 0.3861,
        "estimated_landing_time": 100.0,
        "wait_time": 0,
        "Landing_success_rate": 0.8671
    },
    {
        "model": 1,
        "sequence": 3,
        "status": 1,
        "fuel": 6399,
        "fault": 0.0813,
        "weapon": 0,
        "pilot_injury": 0.4349,
        "pilot_skill": 0.9973,
        "mission_priority": 0.8859,
        "estimated_landing_time": 288.0,
        "wait_time": 0,
        "Landing_success_rate": 0.9119
    },
    {
        "model": 1,
        "sequence": 4,
        "status": 1,
        "fuel": 5676,
        "fault": 0.9831,
        "weapon": 0,
        "pilot_injury": 0.7799,
        "pilot_skill": 0.3359,
        "mission_priority": 0.3299,
        "estimated_landing_time": 382.0,
        "wait_time": 0,
        "Landing_success_rate": 0.8502
    },
    {
        "model": 0,
        "sequence": 10,
        "status": 1,
        "fuel": 7446,
        "fault": 0.3151,
        "weapon": 0,
        "pilot_injury": 0.3436,
        "pilot_skill": 0.8453,
        "mission_priority": 0.4426,
        "estimated_landing_time": 946.0,
        "wait_time": 0,
        "Landing_success_rate": 0.95
    },
    {
        "model": 1,
        "sequence": 7,
        "status": 1,
        "fuel": 5959,
        "fault": 0.2704,
        "weapon": 1,
        "pilot_injury": 0.679,
        "pilot_skill": 0.5326,
        "mission_priority": 0.3118,
        "estimated_landing_time": 664.0,
        "wait_time": 0,
        "Landing_success_rate": 0.8751
    },
    {
        "model": 1,
        "sequence": 8,
        "status": 1,
        "fuel": 6070,
        "fault": 0.6052,
        "weapon": 1,
        "pilot_injury": 0.2249,
        "pilot_skill": 0.8652,
        "mission_priority": 0.4806,
        "estimated_landing_time": 758.0,
        "wait_time": 0,
        "Landing_success_rate": 0.8669
    },
    {
        "model": 0,
        "sequence": 16,
        "status": 1,
        "fuel": 5830,
        "fault": 0.0785,
        "weapon": 0,
        "pilot_injury": 0.4737,
        "pilot_skill": 0.8221,
        "mission_priority": 0.7712,
        "estimated_landing_time": 1510.0,
        "wait_time": 0,
        "Landing_success_rate": 0.8728
    },
    {
        "model": 1,
        "sequence": 5,
        "status": 1,
        "fuel": 5589,
        "fault": 0.5853,
        "weapon": 1,
        "pilot_injury": 0.6802,
        "pilot_skill": 0.4048,
        "mission_priority": 0.0683,
        "estimated_landing_time": 476.0,
        "wait_time": 0,
        "Landing_success_rate": 0.8528
    },
    {
        "model": 2,
        "sequence": 13,
        "status": 1,
        "fuel": 6317,
        "fault": 0.6238,
        "weapon": 0,
        "pilot_injury": 0.6906,
        "pilot_skill": 0.8095,
        "mission_priority": 0.396,
        "estimated_landing_time": 1228.0,
        "wait_time": 0,
        "Landing_success_rate": 0.8731
    },
    {
        "model": 2,
        "sequence": 12,
        "status": 1,
        "fuel": 5778,
        "fault": 0.4675,
        "weapon": 1,
        "pilot_injury": 0.6482,
        "pilot_skill": 0.5543,
        "mission_priority": 0.6292,
        "estimated_landing_time": 1134.0,
        "wait_time": 0,
        "Landing_success_rate": 0.8611
    },
    {
        "model": 2,
        "sequence": 17,
        "status": 1,
        "fuel": 6484,
        "fault": 0.0066,
        "weapon": 0,
        "pilot_injury": 0.0918,
        "pilot_skill": 0.0118,
        "mission_priority": 0.5189,
        "estimated_landing_time": 1604.0,
        "wait_time": 0,
        "Landing_success_rate": 0.9233
    }
]