[
    {
        "model": 1,
        "sequence": 11,
        "status": 1,
        "fuel": 7326,
        "fault": 0.8044,
        "weapon": 0,
        "pilot_injury": 0.9644,
        "pilot_skill": 0.2986,
        "mission_priority": 0.0963,
        "estimated_landing_time": 1040.0,
        "wait_time": 0,
        "Landing_success_rate": 0.8768
    },
    {
        "model": 2,
        "sequence": 3,
        "status": 1,
        "fuel": 5993,
        "fault": 0.7328,
        "weapon": 0,
        "pilot_injury": 0.2731,
        "pilot_skill": 0.9936,
        "mission_priority": 0.7541,
        "estimated_landing_time": 288.0,
        "wait_time": 0,
        "Landing_success_rate": 0.8599
    },
    {
        "model": 2,
        "sequence": 5,
        "status": 1,
        "fuel": 6170,
        "fault": 0.8263,
        "weapon": 1,
        "pilot_injury": 0.1916,
        "pilot_skill": 0.2988,
        "mission_priority": 0.4872,
        "estimated_landing_time": 476.0,
        "wait_time": 0,
        "Landing_success_rate": 0.8587
    },
    {
        "model": 1,
        "sequence": 18,
        "status": 1,
        "fuel": 6493,
        "fault": 0.9832,
        "weapon": 0,
        "pilot_injury": 0.9434,
        "pilot_skill": 0.5428,
        "mission_priority": 0.0197,
        "estimated_landing_time": 1698.0,
        "wait_time": 0,
        "Landing_success_rate": 0.8513
    },
    {
        "model": 0,
        "sequence": 14,
        "status": 1,
        "fuel": 6531,
        "fault": 0.3287,
        "weapon": 0,
        "pilot_injury": 0.7212,
        "pilot_skill": 0.7015,
        "mission_priority": 0.9849,
        "estimated_landing_time": 1322.0,
        "wait_time": 0,
        "Landing_success_rate": 0.9019
    },
    {
        "model": 2,
        "sequence": 13,
        "status": 1,
        "fuel": 6449,
        "fault": 0.2702,
        "weapon": 0,
        "pilot_injury": 0.0919,
        "pilot_skill": 0.0717,
        "mission_priority": 0.8103,
        "estimated_landing_time": 1228.0,
        "wait_time": 0,
        "Landing_success_rate": 0.9019
    },
    {
        "model": 2,
        "sequence": 7,
        "status": 1,
        "fuel": 6582,
        "fault": 0.3911,
        "weapon": 0,
        "pilot_injury": 0.3092,
        "pilot_skill": 0.8031,
        "mission_priority": 0.093,
        "estimated_landing_time": 664.0,
        "wait_time": 0,
        "Landing_success_rate": 0.8994
    },
    {
        "model": 0,
        "sequence": 8,
        "status": 1,
        "fuel": 6580,
        "fault": 0.5453,
        "weapon": 1,
        "pilot_injury": 0.7879,
        "pilot_skill": 0.3074,
        "mission_priority": 0.1812,
        "estimated_landing_time": 758.0,
        "wait_time": 0,
        "Landing_success_rate": 0.8868
    },
    {
        "model": 0,
        "sequence": 12,
        "status": 1,
        "fuel": 5602,
        "fault": 0.2531,
        "weapon": 0,
        "pilot_injury": 0.7641,
        "pilot_skill": 0.3131,
        "mission_priority": 0.3536,
        "estimated_landing_time": 1134.0,
        "wait_time": 0,
        "Landing_success_rate": 0.8557
    },
    {
        "model": 0,
        "sequence": 9,
        "status": 1,
        "fuel": 6549,
        "fault": 0.626,
        "weapon": 1,
        "pilot_injury": 0.1071,
        "pilot_skill": 0.9032,
        "mission_priority": 0.6011,
        "estimated_landing_time": 852.0,
        "wait_time": 0,
        "Landing_success_rate": 0.8794
    },
    {
        "model": 1,
        "sequence": 15,
        "status": 1,
        "fuel": 6206,
        "fault": 0.2752,
        "weapon": 1,
        "pilot_injury": 0.6675,
        "pilot_skill": 0.3042,
        "mission_priority": 0.3495,
        "estimated_landing_time": 1416.0,
        "wait_time": 0,
        "Landing_success_rate": 0.8884
    },
    {
        "model": 1,
        "sequence": 6,
        "status": 1,
        "fuel": 7427,
        "fault": 0.3536,
        "weapon": 0,
        "pilot_injury": 0.1102,
        "pilot_skill": 0.653,
        "mission_priority": 0.1692,
        "estimated_landing_time": 570.0,
        "wait_time": 0,
        "Landing_success_rate": 0.9434
    },
    {
        "model": 1,
        "sequence": 2,
        "status": 1,
        "fuel": 5997,
        "fault": 0.7299,
        "weapon": 1,
        "pilot_injury": 0.8915,
        "pilot_skill": 0.087,
        "mission_priority": 0.7985,
        "estimated_landing_time": 194.0,
        "wait_time": 0,
        "Landing_success_rate": 0.8601
    },
    {
        "model": 0,
        "sequence": 10,
        "status": 1,
        "fuel": 6319,
        "fault": 0.005,
        "weapon": 1,
        "pilot_injury": 0.9991,
        "pilot_skill": 0.3006,
        "mission_priority": 0.2117,
        "estimated_landing_time": 946.0,
        "wait_time": 0,
        "Landing_success_rate": 0.9111
    },
    {
        "model": 1,
        "sequence": 1,
        "status": 1,
        "fuel": 6142,
        "fault": 0.4009,
        "weapon": 0,
        "pilot_injury": 0.8859,
        "pilot_skill": 0.2685,
        "mission_priority": 0.5216,
        "estimated_landing_time": 100.0,
        "wait_time": 0,
        "Landing_success_rate": 0.8788
    },
    {
        "model": 0,
        "sequence": 4,
        "status": 1,
        "fuel": 5664,
        "fault": 0.9959,
        "weapon": 1,
        "pilot_injury": 0.2502,
        "pilot_skill": 0.7171,
        "mission_priority": 0.1177,
        "estimated_landing_time": 382.0,
        "wait_time": 0,
        "Landing_success_rate": 0.8501
    },
    {
        "model": 1,
        "sequence": 16,
        "status": 1,
        "fuel": 5904,
        "fault": 0.2117,
        "weapon": 1,
        "pilot_injury": 0.085,
        "pilot_skill": 0.1167,
        "mission_priority": 0.5572,
        "estimated_landing_time": 1510.0,
        "wait_time": 0,
        "Landing_success_rate": 0.8739
    },
    {
        "model": 1,
        "sequence": 17,
        "status": 1,
        "fuel": 7034,
        "fault": 0.2651,
        "weapon": 0,
        "pilot_injury": 0.1902,
        "pilot_skill": 0.4812,
        "mission_priority": 0.2485,
        "estimated_landing_time": 1604.0,
        "wait_time": 0,
        "Landing_success_rate": 0.9346
    }
]