[
    {
        "model": 0,
        "sequence": 3,
        "status": 1,
        "fuel": 6986,
        "fault": 0.3773,
        "weapon": 1,
        "pilot_injury": 0.6588,
        "pilot_skill": 0.889,
        "mission_priority": 0.3203,
        "estimated_landing_time": 288.0,
        "wait_time": 0,
        "Landing_success_rate": 0.9194
    },
    {
        "model": 0,
        "sequence": 13,
        "status": 1,
        "fuel": 6334,
        "fault": 0.3083,
        "weapon": 1,
        "pilot_injury": 0.0165,
        "pilot_skill": 0.8672,
        "mission_priority": 0.8425,
        "estimated_landing_time": 1228.0,
        "wait_time": 0,
        "Landing_success_rate": 0.8933
    },
    {
        "model": 2,
        "sequence": 12,
        "status": 1,
        "fuel": 7180,
        "fault": 0.5657,
        "weapon": 0,
        "pilot_injury": 0.3302,
        "pilot_skill": 0.629,
        "mission_priority": 0.4469,
        "estimated_landing_time": 1134.0,
        "wait_time": 0,
        "Landing_success_rate": 0.9047
    },
    {
        "model": 0,
        "sequence": 9,
        "status": 1,
        "fuel": 7435,
        "fault": 0.5008,
        "weapon": 1,
        "pilot_injury": 0.5453,
        "pilot_skill": 0.4818,
        "mission_priority": 0.8795,
        "estimated_landing_time": 852.0,
        "wait_time": 0,
        "Landing_success_rate": 0.9224
    },
    {
        "model": 2,
        "sequence": 18,
        "status": 1,
        "fuel": 5674,
        "fault": 0.8926,
        "weapon": 0,
        "pilot_injury": 0.8823,
        "pilot_skill": 0.3429,
        "mission_priority": 0.7935,
        "estimated_landing_time": 1698.0,
        "wait_time": 0,
        "Landing_success_rate": 0.8514
    },
    {
        "model": 0,
        "sequence": 17,
        "status": 1,
        "fuel": 6347,
        "fault": 0.0875,
        "weapon": 1,
        "pilot_injury": 0.0406,
        "pilot_skill": 0.7267,
        "mission_priority": 0.2619,
        "estimated_landing_time": 1604.0,
        "wait_time": 0,
        "Landing_success_rate": 0.908
    },
    {
        "model": 2,
        "sequence": 16,
        "status": 1,
        "fuel": 6150,
        "fault": 0.8216,
        "weapon": 0,
        "pilot_injury": 0.5679,
        "pilot_skill": 0.0935,
        "mission_priority": 0.7358,
        "estimated_landing_time": 1510.0,
        "wait_time": 0,
        "Landing_success_rate": 0.8587
    },
    {
        "model": 1,
        "sequence": 11,
        "status": 1,
        "fuel": 6375,
        "fault": 0.9608,
        "weapon": 1,
        "pilot_injury": 0.5614,
        "pilot_skill": 0.1064,
        "mission_priority": 0.8278,
        "estimated_landing_time": 1040.0,
        "wait_time": 0,
        "Landing_success_rate": 0.8526
    },
    {
        "model": 0,
        "sequence": 5,
        "status": 1,
        "fuel": 6888,
        "fault": 0.785,
        "weapon": 0,
        "pilot_injury": 0.9778,
        "pilot_skill": 0.1325,
        "mission_priority": 0.083,
        "estimated_landing_time": 476.0,
        "wait_time": 0,
        "Landing_success_rate": 0.8724
    },
    {
        "model": 0,
        "sequence": 1,
        "status": 1,
        "fuel": 6944,
        "fault": 0.2949,
        "weapon": 0,
        "pilot_injury": 0.5852,
        "pilot_skill": 0.8881,
        "mission_priority": 0.9305,
        "estimated_landing_time": 100.0,
        "wait_time": 0,
        "Landing_success_rate": 0.9264
    },
    {
        "model": 0,
        "sequence": 10,
        "status": 1,
        "fuel": 6197,
        "fault": 0.6466,
        "weapon": 0,
        "pilot_injury": 0.6136,
        "pilot_skill": 0.1746,
        "mission_priority": 0.4362,
        "estimated_landing_time": 946.0,
        "wait_time": 0,
        "Landing_success_rate": 0.8685
    },
    {
        "model": 0,
        "sequence": 8,
        "status": 1,
        "fuel": 6545,
        "fault": 0.677,
        "weapon": 1,
        "pilot_injury": 0.2151,
        "pilot_skill": 0.9098,
        "mission_priority": 0.7841,
        "estimated_landing_time": 758.0,
        "wait_time": 0,
        "Landing_success_rate": 0.8753
    },
    {
        "model": 0,
        "sequence": 7,
        "status": 1,
        "fuel": 7417,
        "fault": 0.4953,
        "weapon": 1,
        "pilot_injury": 0.9955,
        "pilot_skill": 0.3898,
        "mission_priority": 0.6634,
        "estimated_landing_time": 664.0,
        "wait_time": 0,
        "Landing_success_rate": 0.9226
    },
    {
        "model": 2,
        "sequence": 4,
        "status": 1,
        "fuel": 5802,
        "fault": 0.4645,
        "weapon": 0,
        "pilot_injury": 0.8821,
        "pilot_skill": 0.5105,
        "mission_priority": 0.8251,
        "estimated_landing_time": 382.0,
        "wait_time": 0,
        "Landing_success_rate": 0.8621
    },
    {
        "model": 0,
        "sequence": 6,
        "status": 1,
        "fuel": 5656,
        "fault": 0.8726,
        "weapon": 0,
        "pilot_injury": 0.2999,
        "pilot_skill": 0.8608,
        "mission_priority": 0.944,
        "estimated_landing_time": 570.0,
        "wait_time": 0,
        "Landing_success_rate": 0.8515
    },
    {
        "model": 2,
        "sequence": 15,
        "status": 1,
        "fuel": 6452,
        "fault": 0.5223,
        "weapon": 0,
        "pilot_injury": 0.4681,
        "pilot_skill": 0.4645,
        "mission_priority": 0.8303,
        "estimated_landing_time": 1416.0,
        "wait_time": 0,
        "Landing_success_rate": 0.8841
    },
    {
        "model": 1,
        "sequence": 2,
        "status": 1,
        "fuel": 5502,
        "fault": 0.8638,
        "weapon": 1,
        "pilot_injury": 0.6114,
        "pilot_skill": 0.6471,
        "mission_priority": 0.8099,
        "estimated_landing_time": 194.0,
        "wait_time": 0,
        "Landing_success_rate": 0.85
    },
    {
        "model": 1,
        "sequence": 14,
        "status": 1,
        "fuel": 6410,
        "fault": 0.6373,
        "weapon": 0,
        "pilot_injury": 0.6267,
        "pilot_skill": 0.5243,
        "mission_priority": 0.8012,
        "estimated_landing_time": 1322.0,
        "wait_time": 0,
        "Landing_success_rate": 0.8748
    }
]