[
    {
        "model": 0,
        "sequence": 12,
        "status": 1,
        "fuel": 6684,
        "fault": 0.4838,
        "weapon": 1,
        "pilot_injury": 0.0342,
        "pilot_skill": 0.7403,
        "mission_priority": 0.5829,
        "estimated_landing_time": 1134.0,
        "wait_time": 0,
        "Landing_success_rate": 0.8958
    },
    {
        "model": 0,
        "sequence": 10,
        "status": 1,
        "fuel": 6829,
        "fault": 0.5483,
        "weapon": 1,
        "pilot_injury": 0.2413,
        "pilot_skill": 0.7895,
        "mission_priority": 0.957,
        "estimated_landing_time": 946.0,
        "wait_time": 0,
        "Landing_success_rate": 0.895
    },
    {
        "model": 1,
        "sequence": 11,
        "status": 1,
        "fuel": 6674,
        "fault": 0.3084,
        "weapon": 0,
        "pilot_injury": 0.5865,
        "pilot_skill": 0.395,
        "mission_priority": 0.8236,
        "estimated_landing_time": 1040.0,
        "wait_time": 0,
        "Landing_success_rate": 0.9109
    },
    {
        "model": 0,
        "sequence": 13,
        "status": 1,
        "fuel": 6360,
        "fault": 0.7114,
        "weapon": 0,
        "pilot_injury": 0.7945,
        "pilot_skill": 0.0497,
        "mission_priority": 0.4177,
        "estimated_landing_time": 1228.0,
        "wait_time": 0,
        "Landing_success_rate": 0.8686
    },
    {
        "model": 2,
        "sequence": 8,
        "status": 1,
        "fuel": 6120,
        "fault": 0.4454,
        "weapon": 1,
        "pilot_injury": 0.9504,
        "pilot_skill": 0.7347,
        "mission_priority": 0.7556,
        "estimated_landing_time": 758.0,
        "wait_time": 0,
        "Landing_success_rate": 0.8758
    },
    {
        "model": 0,
        "sequence": 17,
        "status": 1,
        "fuel": 6287,
        "fault": 0.7277,
        "weapon": 0,
        "pilot_injury": 0.3888,
        "pilot_skill": 0.7342,
        "mission_priority": 0.1571,
        "estimated_landing_time": 1604.0,
        "wait_time": 0,
        "Landing_success_rate": 0.8661
    },
    {
        "model": 0,
        "sequence": 14,
        "status": 1,
        "fuel": 6962,
        "fault": 0.7106,
        "weapon": 1,
        "pilot_injury": 0.1698,
        "pilot_skill": 0.6324,
        "mission_priority": 0.3152,
        "estimated_landing_time": 1322.0,
        "wait_time": 0,
        "Landing_success_rate": 0.8817
    },
    {
        "model": 0,
        "sequence": 7,
        "status": 1,
        "fuel": 7333,
        "fault": 0.0671,
        "weapon": 1,
        "pilot_injury": 0.8694,
        "pilot_skill": 0.9105,
        "mission_priority": 0.4198,
        "estimated_landing_time": 664.0,
        "wait_time": 0,
        "Landing_success_rate": 0.9783
    },
    {
        "model": 1,
        "sequence": 18,
        "status": 1,
        "fuel": 6800,
        "fault": 0.94,
        "weapon": 0,
        "pilot_injury": 0.2797,
        "pilot_skill": 0.3448,
        "mission_priority": 0.5268,
        "estimated_landing_time": 1698.0,
        "wait_time": 0,
        "Landing_success_rate": 0.8558
    },
    {
        "model": 1,
        "sequence": 5,
        "status": 1,
        "fuel": 7336,
        "fault": 0.9049,
        "weapon": 0,
        "pilot_injury": 0.6989,
        "pilot_skill": 0.961,
        "mission_priority": 0.0246,
        "estimated_landing_time": 476.0,
        "wait_time": 0,
        "Landing_success_rate": 0.8631
    },
    {
        "model": 2,
        "sequence": 16,
        "status": 1,
        "fuel": 5801,
        "fault": 0.8283,
        "weapon": 1,
        "pilot_injury": 0.0716,
        "pilot_skill": 0.765,
        "mission_priority": 0.624,
        "estimated_landing_time": 1510.0,
        "wait_time": 0,
        "Landing_success_rate": 0.8539
    },
    {
        "model": 1,
        "sequence": 15,
        "status": 1,
        "fuel": 5576,
        "fault": 0.9734,
        "weapon": 1,
        "pilot_injury": 0.502,
        "pilot_skill": 0.1173,
        "mission_priority": 0.8722,
        "estimated_landing_time": 1416.0,
        "wait_time": 0,
        "Landing_success_rate": 0.8502
    },
    {
        "model": 0,
        "sequence": 6,
        "status": 1,
        "fuel": 6606,
        "fault": 0.3611,
        "weapon": 1,
        "pilot_injury": 0.1682,
        "pilot_skill": 0.8358,
        "mission_priority": 0.7187,
        "estimated_landing_time": 570.0,
        "wait_time": 0,
        "Landing_success_rate": 0.903
    },
    {
        "model": 2,
        "sequence": 3,
        "status": 1,
        "fuel": 5632,
        "fault": 0.1527,
        "weapon": 1,
        "pilot_injury": 0.6245,
        "pilot_skill": 0.8695,
        "mission_priority": 0.7659,
        "estimated_landing_time": 288.0,
        "wait_time": 0,
        "Landing_success_rate": 0.8584
    },
    {
        "model": 2,
        "sequence": 9,
        "status": 1,
        "fuel": 6575,
        "fault": 0.9339,
        "weapon": 1,
        "pilot_injury": 0.0697,
        "pilot_skill": 0.5569,
        "mission_priority": 0.945,
        "estimated_landing_time": 852.0,
        "wait_time": 0,
        "Landing_success_rate": 0.8553
    },
    {
        "model": 2,
        "sequence": 1,
        "status": 1,
        "fuel": 6186,
        "fault": 0.9441,
        "weapon": 0,
        "pilot_injury": 0.8563,
        "pilot_skill": 0.6733,
        "mission_priority": 0.0549,
        "estimated_landing_time": 100.0,
        "wait_time": 0,
        "Landing_success_rate": 0.8529
    },
    {
        "model": 0,
        "sequence": 2,
        "status": 1,
        "fuel": 7152,
        "fault": 0.3298,
        "weapon": 1,
        "pilot_injury": 0.5464,
        "pilot_skill": 0.2296,
        "mission_priority": 0.8812,
        "estimated_landing_time": 194.0,
        "wait_time": 0,
        "Landing_success_rate": 0.933
    },
    {
        "model": 1,
        "sequence": 4,
        "status": 1,
        "fuel": 5620,
        "fault": 0.3292,
        "weapon": 1,
        "pilot_injury": 0.8766,
        "pilot_skill": 0.7328,
        "mission_priority": 0.136,
        "estimated_landing_time": 382.0,
        "wait_time": 0,
        "Landing_success_rate": 0.856
    }
]