[
    {
        "model": 0,
        "sequence": 1,
        "status": 1,
        "fuel": 6024,
        "fault": 0.3364,
        "weapon": 1,
        "pilot_injury": 0.1596,
        "pilot_skill": 0.6258,
        "mission_priority": 0.5141,
        "estimated_landing_time": 100.0,
        "wait_time": 0,
        "Landing_success_rate": 0.8761
    },
    {
        "model": 2,
        "sequence": 5,
        "status": 1,
        "fuel": 6723,
        "fault": 0.092,
        "weapon": 1,
        "pilot_injury": 0.0794,
        "pilot_skill": 0.7248,
        "mission_priority": 0.6548,
        "estimated_landing_time": 476.0,
        "wait_time": 0,
        "Landing_success_rate": 0.9333
    },
    {
        "model": 2,
        "sequence": 13,
        "status": 1,
        "fuel": 6947,
        "fault": 0.0549,
        "weapon": 0,
        "pilot_injury": 0.2807,
        "pilot_skill": 0.4464,
        "mission_priority": 0.0153,
        "estimated_landing_time": 1228.0,
        "wait_time": 0,
        "Landing_success_rate": 0.9526
    },
    {
        "model": 2,
        "sequence": 15,
        "status": 1,
        "fuel": 6111,
        "fault": 0.3913,
        "weapon": 1,
        "pilot_injury": 0.1045,
        "pilot_skill": 0.4949,
        "mission_priority": 0.3759,
        "estimated_landing_time": 1416.0,
        "wait_time": 0,
        "Landing_success_rate": 0.8779
    },
    {
        "model": 2,
        "sequence": 3,
        "status": 1,
        "fuel": 5678,
        "fault": 0.7248,
        "weapon": 0,
        "pilot_injury": 0.1586,
        "pilot_skill": 0.6395,
        "mission_priority": 0.018,
        "estimated_landing_time": 288.0,
        "wait_time": 0,
        "Landing_success_rate": 0.8537
    },
    {
        "model": 2,
        "sequence": 12,
        "status": 1,
        "fuel": 6716,
        "fault": 0.4661,
        "weapon": 1,
        "pilot_injury": 0.3794,
        "pilot_skill": 0.1733,
        "mission_priority": 0.8111,
        "estimated_landing_time": 1134.0,
        "wait_time": 0,
        "Landing_success_rate": 0.8987
    },
    {
        "model": 0,
        "sequence": 8,
        "status": 1,
        "fuel": 6628,
        "fault": 0.0346,
        "weapon": 0,
        "pilot_injury": 0.5798,
        "pilot_skill": 0.9382,
        "mission_priority": 0.6437,
        "estimated_landing_time": 758.0,
        "wait_time": 0,
        "Landing_success_rate": 0.9317
    },
    {
        "model": 0,
        "sequence": 9,
        "status": 1,
        "fuel": 5809,
        "fault": 0.7345,
        "weapon": 1,
        "pilot_injury": 0.1023,
        "pilot_skill": 0.3762,
        "mission_priority": 0.3951,
        "estimated_landing_time": 852.0,
        "wait_time": 0,
        "Landing_success_rate": 0.8562
    },
    {
        "model": 2,
        "sequence": 16,
        "status": 1,
        "fuel": 6826,
        "fault": 0.1013,
        "weapon": 1,
        "pilot_injury": 0.2366,
        "pilot_skill": 0.8863,
        "mission_priority": 0.7827,
        "estimated_landing_time": 1510.0,
        "wait_time": 0,
        "Landing_success_rate": 0.9394
    },
    {
        "model": 0,
        "sequence": 6,
        "status": 1,
        "fuel": 7473,
        "fault": 0.5234,
        "weapon": 0,
        "pilot_injury": 0.2048,
        "pilot_skill": 0.4914,
        "mission_priority": 0.5309,
        "estimated_landing_time": 570.0,
        "wait_time": 0,
        "Landing_success_rate": 0.9205
    },
    {
        "model": 2,
        "sequence": 11,
        "status": 1,
        "fuel": 7163,
        "fault": 0.2948,
        "weapon": 0,
        "pilot_injury": 0.3632,
        "pilot_skill": 0.4291,
        "mission_priority": 0.0525,
        "estimated_landing_time": 1040.0,
        "wait_time": 0,
        "Landing_success_rate": 0.938
    },
    {
        "model": 2,
        "sequence": 4,
        "status": 1,
        "fuel": 6663,
        "fault": 0.4936,
        "weapon": 1,
        "pilot_injury": 0.1512,
        "pilot_skill": 0.147,
        "mission_priority": 0.6876,
        "estimated_landing_time": 382.0,
        "wait_time": 0,
        "Landing_success_rate": 0.8942
    },
    {
        "model": 2,
        "sequence": 14,
        "status": 1,
        "fuel": 7194,
        "fault": 0.7804,
        "weapon": 0,
        "pilot_injury": 0.2648,
        "pilot_skill": 0.2106,
        "mission_priority": 0.8029,
        "estimated_landing_time": 1322.0,
        "wait_time": 0,
        "Landing_success_rate": 0.8779
    },
    {
        "model": 0,
        "sequence": 10,
        "status": 1,
        "fuel": 6503,
        "fault": 0.1249,
        "weapon": 1,
        "pilot_injury": 0.4183,
        "pilot_skill": 0.4253,
        "mission_priority": 0.5721,
        "estimated_landing_time": 946.0,
        "wait_time": 0,
        "Landing_success_rate": 0.9158
    },
    {
        "model": 1,
        "sequence": 2,
        "status": 1,
        "fuel": 5547,
        "fault": 0.2567,
        "weapon": 0,
        "pilot_injury": 0.4669,
        "pilot_skill": 0.5423,
        "mission_priority": 0.1588,
        "estimated_landing_time": 194.0,
        "wait_time": 0,
        "Landing_success_rate": 0.8526
    },
    {
        "model": 1,
        "sequence": 7,
        "status": 1,
        "fuel": 6844,
        "fault": 0.3983,
        "weapon": 0,
        "pilot_injury": 0.7856,
        "pilot_skill": 0.0751,
        "mission_priority": 0.9901,
        "estimated_landing_time": 664.0,
        "wait_time": 0,
        "Landing_success_rate": 0.9107
    },
    {
        "model": 1,
        "sequence": 17,
        "status": 1,
        "fuel": 6624,
        "fault": 0.2653,
        "weapon": 0,
        "pilot_injury": 0.5937,
        "pilot_skill": 0.346,
        "mission_priority": 0.5448,
        "estimated_landing_time": 1604.0,
        "wait_time": 0,
        "Landing_success_rate": 0.9119
    },
    {
        "model": 1,
        "sequence": 18,
        "status": 1,
        "fuel": 7214,
        "fault": 0.6077,
        "weapon": 1,
        "pilot_injury": 0.6618,
        "pilot_skill": 0.4467,
        "mission_priority": 0.1913,
        "estimated_landing_time": 1698.0,
        "wait_time": 0,
        "Landing_success_rate": 0.9004
    }
]