[
    {
        "model": 0,
        "sequence": 17,
        "status": 1,
        "fuel": 6854,
        "fault": 0.2689,
        "weapon": 0,
        "pilot_injury": 0.6448,
        "pilot_skill": 0.8871,
        "mission_priority": 0.8292,
        "estimated_landing_time": 1604.0,
        "wait_time": 0,
        "Landing_success_rate": 0.9242
    },
    {
        "model": 2,
        "sequence": 4,
        "status": 1,
        "fuel": 6803,
        "fault": 0.9157,
        "weapon": 0,
        "pilot_injury": 0.0651,
        "pilot_skill": 0.2202,
        "mission_priority": 0.3435,
        "estimated_landing_time": 382.0,
        "wait_time": 0,
        "Landing_success_rate": 0.8582
    },
    {
        "model": 0,
        "sequence": 11,
        "status": 1,
        "fuel": 6231,
        "fault": 0.1155,
        "weapon": 0,
        "pilot_injury": 0.7715,
        "pilot_skill": 0.8403,
        "mission_priority": 0.0089,
        "estimated_landing_time": 1040.0,
        "wait_time": 0,
        "Landing_success_rate": 0.8985
    },
    {
        "model": 1,
        "sequence": 18,
        "status": 1,
        "fuel": 6395,
        "fault": 0.2384,
        "weapon": 1,
        "pilot_injury": 0.8726,
        "pilot_skill": 0.4693,
        "mission_priority": 0.9829,
        "estimated_landing_time": 1698.0,
        "wait_time": 0,
        "Landing_success_rate": 0.9011
    },
    {
        "model": 0,
        "sequence": 7,
        "status": 1,
        "fuel": 7474,
        "fault": 0.3181,
        "weapon": 1,
        "pilot_injury": 0.1285,
        "pilot_skill": 0.4752,
        "mission_priority": 0.9936,
        "estimated_landing_time": 664.0,
        "wait_time": 0,
        "Landing_success_rate": 0.951
    },
    {
        "model": 2,
        "sequence": 2,
        "status": 1,
        "fuel": 6326,
        "fault": 0.9571,
        "weapon": 0,
        "pilot_injury": 0.3443,
        "pilot_skill": 0.3879,
        "mission_priority": 0.8908,
        "estimated_landing_time": 194.0,
        "wait_time": 0,
        "Landing_success_rate": 0.8527
    },
    {
        "model": 1,
        "sequence": 13,
        "status": 1,
        "fuel": 5604,
        "fault": 0.1224,
        "weapon": 0,
        "pilot_injury": 0.6732,
        "pilot_skill": 0.529,
        "mission_priority": 0.7917,
        "estimated_landing_time": 1228.0,
        "wait_time": 0,
        "Landing_success_rate": 0.8568
    },
    {
        "model": 1,
        "sequence": 15,
        "status": 1,
        "fuel": 6455,
        "fault": 0.1261,
        "weapon": 0,
        "pilot_injury": 0.7895,
        "pilot_skill": 0.4873,
        "mission_priority": 0.1632,
        "estimated_landing_time": 1416.0,
        "wait_time": 0,
        "Landing_success_rate": 0.9126
    },
    {
        "model": 0,
        "sequence": 9,
        "status": 1,
        "fuel": 6363,
        "fault": 0.6772,
        "weapon": 1,
        "pilot_injury": 0.3403,
        "pilot_skill": 0.1298,
        "mission_priority": 0.2248,
        "estimated_landing_time": 852.0,
        "wait_time": 0,
        "Landing_success_rate": 0.8709
    },
    {
        "model": 0,
        "sequence": 3,
        "status": 1,
        "fuel": 6611,
        "fault": 0.4381,
        "weapon": 1,
        "pilot_injury": 0.1263,
        "pilot_skill": 0.7428,
        "mission_priority": 0.3326,
        "estimated_landing_time": 288.0,
        "wait_time": 0,
        "Landing_success_rate": 0.8968
    },
    {
        "model": 1,
        "sequence": 12,
        "status": 1,
        "fuel": 6850,
        "fault": 0.5749,
        "weapon": 1,
        "pilot_injury": 0.086,
        "pilot_skill": 0.989,
        "mission_priority": 0.6452,
        "estimated_landing_time": 1134.0,
        "wait_time": 0,
        "Landing_success_rate": 0.893
    },
    {
        "model": 2,
        "sequence": 8,
        "status": 1,
        "fuel": 6466,
        "fault": 0.6069,
        "weapon": 0,
        "pilot_injury": 0.8862,
        "pilot_skill": 0.5962,
        "mission_priority": 0.2872,
        "estimated_landing_time": 758.0,
        "wait_time": 0,
        "Landing_success_rate": 0.8785
    },
    {
        "model": 2,
        "sequence": 16,
        "status": 1,
        "fuel": 5705,
        "fault": 0.3143,
        "weapon": 1,
        "pilot_injury": 0.7355,
        "pilot_skill": 0.8884,
        "mission_priority": 0.7698,
        "estimated_landing_time": 1510.0,
        "wait_time": 0,
        "Landing_success_rate": 0.8605
    },
    {
        "model": 0,
        "sequence": 10,
        "status": 1,
        "fuel": 7380,
        "fault": 0.2968,
        "weapon": 1,
        "pilot_injury": 0.8423,
        "pilot_skill": 0.1808,
        "mission_priority": 0.163,
        "estimated_landing_time": 946.0,
        "wait_time": 0,
        "Landing_success_rate": 0.9492
    },
    {
        "model": 2,
        "sequence": 14,
        "status": 1,
        "fuel": 6232,
        "fault": 0.7549,
        "weapon": 1,
        "pilot_injury": 0.1032,
        "pilot_skill": 0.8376,
        "mission_priority": 0.8183,
        "estimated_landing_time": 1322.0,
        "wait_time": 0,
        "Landing_success_rate": 0.8635
    },
    {
        "model": 1,
        "sequence": 5,
        "status": 1,
        "fuel": 7103,
        "fault": 0.177,
        "weapon": 1,
        "pilot_injury": 0.627,
        "pilot_skill": 0.2762,
        "mission_priority": 0.2274,
        "estimated_landing_time": 476.0,
        "wait_time": 0,
        "Landing_success_rate": 0.9489
    },
    {
        "model": 2,
        "sequence": 6,
        "status": 1,
        "fuel": 6788,
        "fault": 0.164,
        "weapon": 0,
        "pilot_injury": 0.3193,
        "pilot_skill": 0.278,
        "mission_priority": 0.0225,
        "estimated_landing_time": 570.0,
        "wait_time": 0,
        "Landing_success_rate": 0.9308
    },
    {
        "model": 1,
        "sequence": 1,
        "status": 1,
        "fuel": 6100,
        "fault": 0.7527,
        "weapon": 0,
        "pilot_injury": 0.8023,
        "pilot_skill": 0.9195,
        "mission_priority": 0.5593,
        "estimated_landing_time": 100.0,
        "wait_time": 0,
        "Landing_success_rate": 0.8611
    }
]