[
    {
        "model": 2,
        "sequence": 13,
        "status": 1,
        "fuel": 5583,
        "fault": 0.8238,
        "weapon": 1,
        "pilot_injury": 0.5717,
        "pilot_skill": 0.9879,
        "mission_priority": 0.9646,
        "estimated_landing_time": 1228.0,
        "wait_time": 0,
        "Landing_success_rate": 0.8511
    },
    {
        "model": 2,
        "sequence": 7,
        "status": 1,
        "fuel": 6755,
        "fault": 0.4754,
        "weapon": 0,
        "pilot_injury": 0.7007,
        "pilot_skill": 0.2686,
        "mission_priority": 0.6695,
        "estimated_landing_time": 664.0,
        "wait_time": 0,
        "Landing_success_rate": 0.8994
    },
    {
        "model": 1,
        "sequence": 16,
        "status": 1,
        "fuel": 7475,
        "fault": 0.2041,
        "weapon": 0,
        "pilot_injury": 0.3673,
        "pilot_skill": 0.9412,
        "mission_priority": 0.1367,
        "estimated_landing_time": 1510.0,
        "wait_time": 0,
        "Landing_success_rate": 0.9679
    },
    {
        "model": 1,
        "sequence": 9,
        "status": 1,
        "fuel": 6191,
        "fault": 0.8228,
        "weapon": 1,
        "pilot_injury": 0.4013,
        "pilot_skill": 0.4656,
        "mission_priority": 0.9338,
        "estimated_landing_time": 852.0,
        "wait_time": 0,
        "Landing_success_rate": 0.8592
    },
    {
        "model": 0,
        "sequence": 2,
        "status": 1,
        "fuel": 6355,
        "fault": 0.4627,
        "weapon": 1,
        "pilot_injury": 0.0195,
        "pilot_skill": 0.6705,
        "mission_priority": 0.3884,
        "estimated_landing_time": 194.0,
        "wait_time": 0,
        "Landing_success_rate": 0.8845
    },
    {
        "model": 2,
        "sequence": 8,
        "status": 1,
        "fuel": 6900,
        "fault": 0.5527,
        "weapon": 1,
        "pilot_injury": 0.5238,
        "pilot_skill": 0.9869,
        "mission_priority": 0.7968,
        "estimated_landing_time": 758.0,
        "wait_time": 0,
        "Landing_success_rate": 0.897
    },
    {
        "model": 1,
        "sequence": 18,
        "status": 1,
        "fuel": 5966,
        "fault": 0.2462,
        "weapon": 1,
        "pilot_injury": 0.4124,
        "pilot_skill": 0.0529,
        "mission_priority": 0.0185,
        "estimated_landing_time": 1698.0,
        "wait_time": 0,
        "Landing_success_rate": 0.8763
    },
    {
        "model": 1,
        "sequence": 11,
        "status": 1,
        "fuel": 6000,
        "fault": 0.4067,
        "weapon": 0,
        "pilot_injury": 0.3232,
        "pilot_skill": 0.7006,
        "mission_priority": 0.5943,
        "estimated_landing_time": 1040.0,
        "wait_time": 0,
        "Landing_success_rate": 0.8722
    },
    {
        "model": 0,
        "sequence": 4,
        "status": 1,
        "fuel": 5691,
        "fault": 0.1317,
        "weapon": 0,
        "pilot_injury": 0.3023,
        "pilot_skill": 0.8865,
        "mission_priority": 0.9192,
        "estimated_landing_time": 382.0,
        "wait_time": 0,
        "Landing_success_rate": 0.8624
    },
    {
        "model": 0,
        "sequence": 15,
        "status": 1,
        "fuel": 6616,
        "fault": 0.5346,
        "weapon": 1,
        "pilot_injury": 0.06,
        "pilot_skill": 0.1004,
        "mission_priority": 0.5591,
        "estimated_landing_time": 1416.0,
        "wait_time": 0,
        "Landing_success_rate": 0.889
    },
    {
        "model": 2,
        "sequence": 1,
        "status": 1,
        "fuel": 7395,
        "fault": 0.752,
        "weapon": 1,
        "pilot_injury": 0.5481,
        "pilot_skill": 0.01,
        "mission_priority": 0.9866,
        "estimated_landing_time": 100.0,
        "wait_time": 0,
        "Landing_success_rate": 0.8852
    },
    {
        "model": 1,
        "sequence": 6,
        "status": 1,
        "fuel": 6436,
        "fault": 0.5643,
        "weapon": 1,
        "pilot_injury": 0.983,
        "pilot_skill": 0.0924,
        "mission_priority": 0.4642,
        "estimated_landing_time": 570.0,
        "wait_time": 0,
        "Landing_success_rate": 0.8806
    },
    {
        "model": 1,
        "sequence": 3,
        "status": 1,
        "fuel": 5668,
        "fault": 0.7628,
        "weapon": 0,
        "pilot_injury": 0.2194,
        "pilot_skill": 0.3166,
        "mission_priority": 0.9474,
        "estimated_landing_time": 288.0,
        "wait_time": 0,
        "Landing_success_rate": 0.853
    },
    {
        "model": 2,
        "sequence": 10,
        "status": 1,
        "fuel": 5635,
        "fault": 0.1318,
        "weapon": 1,
        "pilot_injury": 0.6408,
        "pilot_skill": 0.6834,
        "mission_priority": 0.9838,
        "estimated_landing_time": 946.0,
        "wait_time": 0,
        "Landing_success_rate": 0.8588
    },
    {
        "model": 0,
        "sequence": 14,
        "status": 1,
        "fuel": 5814,
        "fault": 0.5539,
        "weapon": 0,
        "pilot_injury": 0.3822,
        "pilot_skill": 0.171,
        "mission_priority": 0.4298,
        "estimated_landing_time": 1322.0,
        "wait_time": 0,
        "Landing_success_rate": 0.8605
    },
    {
        "model": 2,
        "sequence": 5,
        "status": 1,
        "fuel": 6684,
        "fault": 0.6105,
        "weapon": 0,
        "pilot_injury": 0.6954,
        "pilot_skill": 0.4059,
        "mission_priority": 0.9542,
        "estimated_landing_time": 476.0,
        "wait_time": 0,
        "Landing_success_rate": 0.8846
    },
    {
        "model": 2,
        "sequence": 12,
        "status": 1,
        "fuel": 6447,
        "fault": 0.5623,
        "weapon": 0,
        "pilot_injury": 0.5584,
        "pilot_skill": 0.4076,
        "mission_priority": 0.3556,
        "estimated_landing_time": 1134.0,
        "wait_time": 0,
        "Landing_success_rate": 0.8811
    },
    {
        "model": 2,
        "sequence": 17,
        "status": 1,
        "fuel": 6549,
        "fault": 0.994,
        "weapon": 1,
        "pilot_injury": 0.4101,
        "pilot_skill": 0.1513,
        "mission_priority": 0.7263,
        "estimated_landing_time": 1604.0,
        "wait_time": 0,
        "Landing_success_rate": 0.8505
    }
]