[
    {
        "model": 2,
        "sequence": 2,
        "status": 1,
        "fuel": 6673,
        "fault": 0.1404,
        "weapon": 1,
        "pilot_injury": 0.5563,
        "pilot_skill": 0.7323,
        "mission_priority": 0.9072,
        "estimated_landing_time": 194.0,
        "wait_time": 0,
        "Landing_success_rate": 0.9256
    },
    {
        "model": 0,
        "sequence": 1,
        "status": 1,
        "fuel": 6835,
        "fault": 0.9551,
        "weapon": 0,
        "pilot_injury": 0.8256,
        "pilot_skill": 0.5252,
        "mission_priority": 0.2569,
        "estimated_landing_time": 100.0,
        "wait_time": 0,
        "Landing_success_rate": 0.8545
    },
    {
        "model": 1,
        "sequence": 15,
        "status": 1,
        "fuel": 6092,
        "fault": 0.178,
        "weapon": 0,
        "pilot_injury": 0.3488,
        "pilot_skill": 0.467,
        "mission_priority": 0.498,
        "estimated_landing_time": 1416.0,
        "wait_time": 0,
        "Landing_success_rate": 0.8865
    },
    {
        "model": 2,
        "sequence": 6,
        "status": 1,
        "fuel": 5811,
        "fault": 0.3833,
        "weapon": 1,
        "pilot_injury": 0.9919,
        "pilot_skill": 0.2439,
        "mission_priority": 0.5545,
        "estimated_landing_time": 570.0,
        "wait_time": 0,
        "Landing_success_rate": 0.8644
    },
    {
        "model": 1,
        "sequence": 18,
        "status": 1,
        "fuel": 6834,
        "fault": 0.6918,
        "weapon": 0,
        "pilot_injury": 0.4198,
        "pilot_skill": 0.7327,
        "mission_priority": 0.4147,
        "estimated_landing_time": 1698.0,
        "wait_time": 0,
        "Landing_success_rate": 0.8808
    },
    {
        "model": 1,
        "sequence": 13,
        "status": 1,
        "fuel": 7055,
        "fault": 0.7321,
        "weapon": 1,
        "pilot_injury": 0.5552,
        "pilot_skill": 0.2912,
        "mission_priority": 0.5097,
        "estimated_landing_time": 1228.0,
        "wait_time": 0,
        "Landing_success_rate": 0.8812
    },
    {
        "model": 0,
        "sequence": 8,
        "status": 1,
        "fuel": 6716,
        "fault": 0.6443,
        "weapon": 1,
        "pilot_injury": 0.1109,
        "pilot_skill": 0.785,
        "mission_priority": 0.8255,
        "estimated_landing_time": 758.0,
        "wait_time": 0,
        "Landing_success_rate": 0.8824
    },
    {
        "model": 1,
        "sequence": 14,
        "status": 1,
        "fuel": 6914,
        "fault": 0.6006,
        "weapon": 1,
        "pilot_injury": 0.6482,
        "pilot_skill": 0.0969,
        "mission_priority": 0.9979,
        "estimated_landing_time": 1322.0,
        "wait_time": 0,
        "Landing_success_rate": 0.8924
    },
    {
        "model": 2,
        "sequence": 12,
        "status": 1,
        "fuel": 6382,
        "fault": 0.985,
        "weapon": 0,
        "pilot_injury": 0.8852,
        "pilot_skill": 0.0416,
        "mission_priority": 0.7173,
        "estimated_landing_time": 1134.0,
        "wait_time": 0,
        "Landing_success_rate": 0.851
    },
    {
        "model": 2,
        "sequence": 10,
        "status": 1,
        "fuel": 6415,
        "fault": 0.6871,
        "weapon": 1,
        "pilot_injury": 0.0959,
        "pilot_skill": 0.6791,
        "mission_priority": 0.4649,
        "estimated_landing_time": 946.0,
        "wait_time": 0,
        "Landing_success_rate": 0.8715
    },
    {
        "model": 1,
        "sequence": 9,
        "status": 1,
        "fuel": 5804,
        "fault": 0.5649,
        "weapon": 0,
        "pilot_injury": 0.703,
        "pilot_skill": 0.3995,
        "mission_priority": 0.6722,
        "estimated_landing_time": 852.0,
        "wait_time": 0,
        "Landing_success_rate": 0.8599
    },
    {
        "model": 1,
        "sequence": 17,
        "status": 1,
        "fuel": 6449,
        "fault": 0.3213,
        "weapon": 0,
        "pilot_injury": 0.8549,
        "pilot_skill": 0.8548,
        "mission_priority": 0.9198,
        "estimated_landing_time": 1604.0,
        "wait_time": 0,
        "Landing_success_rate": 0.8983
    },
    {
        "model": 1,
        "sequence": 7,
        "status": 1,
        "fuel": 6722,
        "fault": 0.3431,
        "weapon": 0,
        "pilot_injury": 0.0665,
        "pilot_skill": 0.0584,
        "mission_priority": 0.9802,
        "estimated_landing_time": 664.0,
        "wait_time": 0,
        "Landing_success_rate": 0.9102
    },
    {
        "model": 1,
        "sequence": 5,
        "status": 1,
        "fuel": 6210,
        "fault": 0.9136,
        "weapon": 1,
        "pilot_injury": 0.5443,
        "pilot_skill": 0.7103,
        "mission_priority": 0.0945,
        "estimated_landing_time": 476.0,
        "wait_time": 0,
        "Landing_success_rate": 0.8546
    },
    {
        "model": 2,
        "sequence": 4,
        "status": 1,
        "fuel": 7136,
        "fault": 0.5273,
        "weapon": 0,
        "pilot_injury": 0.9754,
        "pilot_skill": 0.3182,
        "mission_priority": 0.6905,
        "estimated_landing_time": 382.0,
        "wait_time": 0,
        "Landing_success_rate": 0.908
    },
    {
        "model": 2,
        "sequence": 3,
        "status": 1,
        "fuel": 6181,
        "fault": 0.0408,
        "weapon": 0,
        "pilot_injury": 0.394,
        "pilot_skill": 0.3109,
        "mission_priority": 0.8092,
        "estimated_landing_time": 288.0,
        "wait_time": 0,
        "Landing_success_rate": 0.899
    },
    {
        "model": 0,
        "sequence": 16,
        "status": 1,
        "fuel": 7016,
        "fault": 0.1302,
        "weapon": 0,
        "pilot_injury": 0.8353,
        "pilot_skill": 0.8492,
        "mission_priority": 0.0089,
        "estimated_landing_time": 1510.0,
        "wait_time": 0,
        "Landing_success_rate": 0.9489
    },
    {
        "model": 1,
        "sequence": 11,
        "status": 1,
        "fuel": 7351,
        "fault": 0.2455,
        "weapon": 0,
        "pilot_injury": 0.9789,
        "pilot_skill": 0.5441,
        "mission_priority": 0.4274,
        "estimated_landing_time": 1040.0,
        "wait_time": 0,
        "Landing_success_rate": 0.9547
    }
]