[
    {
        "model": 2,
        "sequence": 4,
        "status": 1,
        "fuel": 7156,
        "fault": 0.4167,
        "weapon": 0,
        "pilot_injury": 0.146,
        "pilot_skill": 0.0245,
        "mission_priority": 0.564,
        "estimated_landing_time": 382.0,
        "wait_time": 0,
        "Landing_success_rate": 0.9224
    },
    {
        "model": 1,
        "sequence": 7,
        "status": 1,
        "fuel": 6029,
        "fault": 0.3364,
        "weapon": 1,
        "pilot_injury": 0.1008,
        "pilot_skill": 0.1475,
        "mission_priority": 0.4911,
        "estimated_landing_time": 664.0,
        "wait_time": 0,
        "Landing_success_rate": 0.8763
    },
    {
        "model": 1,
        "sequence": 18,
        "status": 1,
        "fuel": 6389,
        "fault": 0.881,
        "weapon": 1,
        "pilot_injury": 0.4949,
        "pilot_skill": 0.0201,
        "mission_priority": 0.2846,
        "estimated_landing_time": 1698.0,
        "wait_time": 0,
        "Landing_success_rate": 0.8579
    },
    {
        "model": 0,
        "sequence": 12,
        "status": 1,
        "fuel": 6479,
        "fault": 0.6947,
        "weapon": 0,
        "pilot_injury": 0.7979,
        "pilot_skill": 0.4023,
        "mission_priority": 0.677,
        "estimated_landing_time": 1134.0,
        "wait_time": 0,
        "Landing_success_rate": 0.8724
    },
    {
        "model": 2,
        "sequence": 5,
        "status": 1,
        "fuel": 6381,
        "fault": 0.8422,
        "weapon": 0,
        "pilot_injury": 0.7866,
        "pilot_skill": 0.0901,
        "mission_priority": 0.1833,
        "estimated_landing_time": 476.0,
        "wait_time": 0,
        "Landing_success_rate": 0.8604
    },
    {
        "model": 2,
        "sequence": 14,
        "status": 1,
        "fuel": 5829,
        "fault": 0.6168,
        "weapon": 1,
        "pilot_injury": 0.6375,
        "pilot_skill": 0.6682,
        "mission_priority": 0.7144,
        "estimated_landing_time": 1322.0,
        "wait_time": 0,
        "Landing_success_rate": 0.8595
    },
    {
        "model": 1,
        "sequence": 6,
        "status": 1,
        "fuel": 6585,
        "fault": 0.0131,
        "weapon": 0,
        "pilot_injury": 0.0084,
        "pilot_skill": 0.1666,
        "mission_priority": 0.4986,
        "estimated_landing_time": 570.0,
        "wait_time": 0,
        "Landing_success_rate": 0.9303
    },
    {
        "model": 2,
        "sequence": 2,
        "status": 1,
        "fuel": 7499,
        "fault": 0.2668,
        "weapon": 1,
        "pilot_injury": 0.7289,
        "pilot_skill": 0.4864,
        "mission_priority": 0.2813,
        "estimated_landing_time": 194.0,
        "wait_time": 0,
        "Landing_success_rate": 0.9599
    },
    {
        "model": 0,
        "sequence": 9,
        "status": 1,
        "fuel": 6275,
        "fault": 0.6325,
        "weapon": 1,
        "pilot_injury": 0.598,
        "pilot_skill": 0.0746,
        "mission_priority": 0.1454,
        "estimated_landing_time": 852.0,
        "wait_time": 0,
        "Landing_success_rate": 0.8714
    },
    {
        "model": 1,
        "sequence": 16,
        "status": 1,
        "fuel": 5724,
        "fault": 0.7782,
        "weapon": 0,
        "pilot_injury": 0.5736,
        "pilot_skill": 0.6384,
        "mission_priority": 0.7883,
        "estimated_landing_time": 1510.0,
        "wait_time": 0,
        "Landing_success_rate": 0.8537
    },
    {
        "model": 0,
        "sequence": 17,
        "status": 1,
        "fuel": 6210,
        "fault": 0.8979,
        "weapon": 1,
        "pilot_injury": 0.7669,
        "pilot_skill": 0.2901,
        "mission_priority": 0.8872,
        "estimated_landing_time": 1604.0,
        "wait_time": 0,
        "Landing_success_rate": 0.8554
    },
    {
        "model": 1,
        "sequence": 13,
        "status": 1,
        "fuel": 6036,
        "fault": 0.4548,
        "weapon": 1,
        "pilot_injury": 0.1094,
        "pilot_skill": 0.4027,
        "mission_priority": 0.8821,
        "estimated_landing_time": 1228.0,
        "wait_time": 0,
        "Landing_success_rate": 0.8719
    },
    {
        "model": 1,
        "sequence": 8,
        "status": 1,
        "fuel": 5894,
        "fault": 0.4133,
        "weapon": 1,
        "pilot_injury": 0.226,
        "pilot_skill": 0.9228,
        "mission_priority": 0.6235,
        "estimated_landing_time": 758.0,
        "wait_time": 0,
        "Landing_success_rate": 0.8673
    },
    {
        "model": 2,
        "sequence": 10,
        "status": 1,
        "fuel": 7482,
        "fault": 0.1202,
        "weapon": 1,
        "pilot_injury": 0.0159,
        "pilot_skill": 0.0512,
        "mission_priority": 0.9116,
        "estimated_landing_time": 946.0,
        "wait_time": 0,
        "Landing_success_rate": 0.9808
    },
    {
        "model": 2,
        "sequence": 11,
        "status": 1,
        "fuel": 6873,
        "fault": 0.8598,
        "weapon": 1,
        "pilot_injury": 0.4165,
        "pilot_skill": 0.4096,
        "mission_priority": 0.2385,
        "estimated_landing_time": 1040.0,
        "wait_time": 0,
        "Landing_success_rate": 0.8644
    },
    {
        "model": 1,
        "sequence": 1,
        "status": 1,
        "fuel": 6081,
        "fault": 0.8133,
        "weapon": 0,
        "pilot_injury": 0.5992,
        "pilot_skill": 0.3968,
        "mission_priority": 0.9025,
        "estimated_landing_time": 100.0,
        "wait_time": 0,
        "Landing_success_rate": 0.8581
    },
    {
        "model": 0,
        "sequence": 15,
        "status": 1,
        "fuel": 6244,
        "fault": 0.6718,
        "weapon": 0,
        "pilot_injury": 0.9282,
        "pilot_skill": 0.5016,
        "mission_priority": 0.502,
        "estimated_landing_time": 1416.0,
        "wait_time": 0,
        "Landing_success_rate": 0.8683
    },
    {
        "model": 1,
        "sequence": 3,
        "status": 1,
        "fuel": 7497,
        "fault": 0.1087,
        "weapon": 1,
        "pilot_injury": 0.3922,
        "pilot_skill": 0.5883,
        "mission_priority": 0.4474,
        "estimated_landing_time": 288.0,
        "wait_time": 0,
        "Landing_success_rate": 0.9835
    }
]