[
    {
        "model": 0,
        "sequence": 12,
        "status": 1,
        "fuel": 5646,
        "fault": 0.7404,
        "weapon": 1,
        "pilot_injury": 0.5898,
        "pilot_skill": 0.0858,
        "mission_priority": 0.2077,
        "estimated_landing_time": 1134.0,
        "wait_time": 0,
        "Landing_success_rate": 0.8528
    },
    {
        "model": 2,
        "sequence": 4,
        "status": 1,
        "fuel": 6349,
        "fault": 0.1727,
        "weapon": 0,
        "pilot_injury": 0.2483,
        "pilot_skill": 0.9068,
        "mission_priority": 0.6971,
        "estimated_landing_time": 382.0,
        "wait_time": 0,
        "Landing_success_rate": 0.9027
    },
    {
        "model": 2,
        "sequence": 14,
        "status": 1,
        "fuel": 5503,
        "fault": 0.028,
        "weapon": 1,
        "pilot_injury": 0.2503,
        "pilot_skill": 0.5891,
        "mission_priority": 0.3685,
        "estimated_landing_time": 1322.0,
        "wait_time": 0,
        "Landing_success_rate": 0.8502
    },
    {
        "model": 1,
        "sequence": 6,
        "status": 1,
        "fuel": 6802,
        "fault": 0.8407,
        "weapon": 1,
        "pilot_injury": 0.2489,
        "pilot_skill": 0.6077,
        "mission_priority": 0.7453,
        "estimated_landing_time": 570.0,
        "wait_time": 0,
        "Landing_success_rate": 0.8656
    },
    {
        "model": 1,
        "sequence": 18,
        "status": 1,
        "fuel": 5852,
        "fault": 0.61,
        "weapon": 1,
        "pilot_injury": 0.422,
        "pilot_skill": 0.7954,
        "mission_priority": 0.585,
        "estimated_landing_time": 1698.0,
        "wait_time": 0,
        "Landing_success_rate": 0.8603
    },
    {
        "model": 1,
        "sequence": 8,
        "status": 1,
        "fuel": 5609,
        "fault": 0.0778,
        "weapon": 0,
        "pilot_injury": 0.8368,
        "pilot_skill": 0.9639,
        "mission_priority": 0.569,
        "estimated_landing_time": 758.0,
        "wait_time": 0,
        "Landing_success_rate": 0.8575
    },
    {
        "model": 0,
        "sequence": 15,
        "status": 1,
        "fuel": 6630,
        "fault": 0.602,
        "weapon": 0,
        "pilot_injury": 0.0526,
        "pilot_skill": 0.9122,
        "mission_priority": 0.2712,
        "estimated_landing_time": 1416.0,
        "wait_time": 0,
        "Landing_success_rate": 0.8837
    },
    {
        "model": 0,
        "sequence": 1,
        "status": 1,
        "fuel": 6050,
        "fault": 0.3534,
        "weapon": 1,
        "pilot_injury": 0.5864,
        "pilot_skill": 0.0478,
        "mission_priority": 0.0008,
        "estimated_landing_time": 100.0,
        "wait_time": 0,
        "Landing_success_rate": 0.8767
    },
    {
        "model": 0,
        "sequence": 17,
        "status": 1,
        "fuel": 6944,
        "fault": 0.3558,
        "weapon": 0,
        "pilot_injury": 0.8443,
        "pilot_skill": 0.2575,
        "mission_priority": 0.2807,
        "estimated_landing_time": 1604.0,
        "wait_time": 0,
        "Landing_success_rate": 0.9198
    },
    {
        "model": 2,
        "sequence": 10,
        "status": 1,
        "fuel": 6740,
        "fault": 0.1473,
        "weapon": 0,
        "pilot_injury": 0.3659,
        "pilot_skill": 0.3397,
        "mission_priority": 0.4576,
        "estimated_landing_time": 946.0,
        "wait_time": 0,
        "Landing_success_rate": 0.9293
    },
    {
        "model": 1,
        "sequence": 3,
        "status": 1,
        "fuel": 6713,
        "fault": 0.2229,
        "weapon": 1,
        "pilot_injury": 0.5236,
        "pilot_skill": 0.1964,
        "mission_priority": 0.2124,
        "estimated_landing_time": 288.0,
        "wait_time": 0,
        "Landing_success_rate": 0.9207
    },
    {
        "model": 2,
        "sequence": 7,
        "status": 1,
        "fuel": 7053,
        "fault": 0.8575,
        "weapon": 1,
        "pilot_injury": 0.4944,
        "pilot_skill": 0.8715,
        "mission_priority": 0.8921,
        "estimated_landing_time": 664.0,
        "wait_time": 0,
        "Landing_success_rate": 0.8666
    },
    {
        "model": 2,
        "sequence": 2,
        "status": 1,
        "fuel": 5518,
        "fault": 0.4315,
        "weapon": 1,
        "pilot_injury": 0.8184,
        "pilot_skill": 0.7929,
        "mission_priority": 0.798,
        "estimated_landing_time": 194.0,
        "wait_time": 0,
        "Landing_success_rate": 0.8508
    },
    {
        "model": 2,
        "sequence": 9,
        "status": 1,
        "fuel": 6121,
        "fault": 0.8705,
        "weapon": 1,
        "pilot_injury": 0.8527,
        "pilot_skill": 0.605,
        "mission_priority": 0.7512,
        "estimated_landing_time": 852.0,
        "wait_time": 0,
        "Landing_success_rate": 0.856
    },
    {
        "model": 0,
        "sequence": 11,
        "status": 1,
        "fuel": 7353,
        "fault": 0.7019,
        "weapon": 0,
        "pilot_injury": 0.8136,
        "pilot_skill": 0.7923,
        "mission_priority": 0.9161,
        "estimated_landing_time": 1040.0,
        "wait_time": 0,
        "Landing_success_rate": 0.8914
    },
    {
        "model": 0,
        "sequence": 16,
        "status": 1,
        "fuel": 6632,
        "fault": 0.5421,
        "weapon": 1,
        "pilot_injury": 0.0315,
        "pilot_skill": 0.0191,
        "mission_priority": 0.9389,
        "estimated_landing_time": 1510.0,
        "wait_time": 0,
        "Landing_success_rate": 0.8889
    },
    {
        "model": 2,
        "sequence": 13,
        "status": 1,
        "fuel": 6466,
        "fault": 0.4645,
        "weapon": 0,
        "pilot_injury": 0.4699,
        "pilot_skill": 0.2658,
        "mission_priority": 0.5904,
        "estimated_landing_time": 1228.0,
        "wait_time": 0,
        "Landing_success_rate": 0.8888
    },
    {
        "model": 1,
        "sequence": 5,
        "status": 1,
        "fuel": 5957,
        "fault": 0.3025,
        "weapon": 0,
        "pilot_injury": 0.7431,
        "pilot_skill": 0.672,
        "mission_priority": 0.5256,
        "estimated_landing_time": 476.0,
        "wait_time": 0,
        "Landing_success_rate": 0.8739
    }
]