[
    {
        "model": 0,
        "sequence": 13,
        "status": 1,
        "fuel": 5682,
        "fault": 0.806,
        "weapon": 0,
        "pilot_injury": 0.4758,
        "pilot_skill": 0.783,
        "mission_priority": 0.2394,
        "estimated_landing_time": 1228.0,
        "wait_time": 0,
        "Landing_success_rate": 0.8526
    },
    {
        "model": 2,
        "sequence": 16,
        "status": 1,
        "fuel": 7262,
        "fault": 0.5657,
        "weapon": 0,
        "pilot_injury": 0.9108,
        "pilot_skill": 0.2852,
        "mission_priority": 0.0836,
        "estimated_landing_time": 1510.0,
        "wait_time": 0,
        "Landing_success_rate": 0.9074
    },
    {
        "model": 2,
        "sequence": 8,
        "status": 1,
        "fuel": 6597,
        "fault": 0.5613,
        "weapon": 0,
        "pilot_injury": 0.1201,
        "pilot_skill": 0.3481,
        "mission_priority": 0.282,
        "estimated_landing_time": 758.0,
        "wait_time": 0,
        "Landing_success_rate": 0.8861
    },
    {
        "model": 0,
        "sequence": 2,
        "status": 1,
        "fuel": 5716,
        "fault": 0.4156,
        "weapon": 0,
        "pilot_injury": 0.2938,
        "pilot_skill": 0.2724,
        "mission_priority": 0.4199,
        "estimated_landing_time": 194.0,
        "wait_time": 0,
        "Landing_success_rate": 0.8595
    },
    {
        "model": 2,
        "sequence": 10,
        "status": 1,
        "fuel": 6004,
        "fault": 0.7128,
        "weapon": 1,
        "pilot_injury": 0.9066,
        "pilot_skill": 0.0602,
        "mission_priority": 0.9416,
        "estimated_landing_time": 946.0,
        "wait_time": 0,
        "Landing_success_rate": 0.8609
    },
    {
        "model": 1,
        "sequence": 3,
        "status": 1,
        "fuel": 6440,
        "fault": 0.8967,
        "weapon": 1,
        "pilot_injury": 0.1579,
        "pilot_skill": 0.3291,
        "mission_priority": 0.0522,
        "estimated_landing_time": 288.0,
        "wait_time": 0,
        "Landing_success_rate": 0.8573
    },
    {
        "model": 2,
        "sequence": 18,
        "status": 1,
        "fuel": 5519,
        "fault": 0.7693,
        "weapon": 1,
        "pilot_injury": 0.5513,
        "pilot_skill": 0.7527,
        "mission_priority": 0.5535,
        "estimated_landing_time": 1698.0,
        "wait_time": 0,
        "Landing_success_rate": 0.8503
    },
    {
        "model": 2,
        "sequence": 15,
        "status": 1,
        "fuel": 7101,
        "fault": 0.7188,
        "weapon": 0,
        "pilot_injury": 0.8672,
        "pilot_skill": 0.2621,
        "mission_priority": 0.3622,
        "estimated_landing_time": 1416.0,
        "wait_time": 0,
        "Landing_success_rate": 0.8838
    },
    {
        "model": 2,
        "sequence": 12,
        "status": 1,
        "fuel": 6367,
        "fault": 0.568,
        "weapon": 1,
        "pilot_injury": 0.3861,
        "pilot_skill": 0.4563,
        "mission_priority": 0.6745,
        "estimated_landing_time": 1134.0,
        "wait_time": 0,
        "Landing_success_rate": 0.8781
    },
    {
        "model": 1,
        "sequence": 7,
        "status": 1,
        "fuel": 7300,
        "fault": 0.9448,
        "weapon": 0,
        "pilot_injury": 0.7488,
        "pilot_skill": 0.4399,
        "mission_priority": 0.1919,
        "estimated_landing_time": 664.0,
        "wait_time": 0,
        "Landing_success_rate": 0.8575
    },
    {
        "model": 0,
        "sequence": 4,
        "status": 1,
        "fuel": 6798,
        "fault": 0.4762,
        "weapon": 0,
        "pilot_injury": 0.2613,
        "pilot_skill": 0.4405,
        "mission_priority": 0.1079,
        "estimated_landing_time": 382.0,
        "wait_time": 0,
        "Landing_success_rate": 0.901
    },
    {
        "model": 1,
        "sequence": 1,
        "status": 1,
        "fuel": 6668,
        "fault": 0.2402,
        "weapon": 0,
        "pilot_injury": 0.0848,
        "pilot_skill": 0.2746,
        "mission_priority": 0.5682,
        "estimated_landing_time": 100.0,
        "wait_time": 0,
        "Landing_success_rate": 0.9166
    },
    {
        "model": 1,
        "sequence": 9,
        "status": 1,
        "fuel": 6195,
        "fault": 0.5345,
        "weapon": 0,
        "pilot_injury": 0.6006,
        "pilot_skill": 0.3632,
        "mission_priority": 0.2266,
        "estimated_landing_time": 852.0,
        "wait_time": 0,
        "Landing_success_rate": 0.8743
    },
    {
        "model": 2,
        "sequence": 14,
        "status": 1,
        "fuel": 6681,
        "fault": 0.3957,
        "weapon": 0,
        "pilot_injury": 0.7897,
        "pilot_skill": 0.53,
        "mission_priority": 0.7756,
        "estimated_landing_time": 1322.0,
        "wait_time": 0,
        "Landing_success_rate": 0.9035
    },
    {
        "model": 2,
        "sequence": 5,
        "status": 1,
        "fuel": 7110,
        "fault": 0.1506,
        "weapon": 1,
        "pilot_injury": 0.1504,
        "pilot_skill": 0.82,
        "mission_priority": 0.476,
        "estimated_landing_time": 476.0,
        "wait_time": 0,
        "Landing_success_rate": 0.9526
    },
    {
        "model": 0,
        "sequence": 17,
        "status": 1,
        "fuel": 5722,
        "fault": 0.0347,
        "weapon": 1,
        "pilot_injury": 0.4862,
        "pilot_skill": 0.7328,
        "mission_priority": 0.4838,
        "estimated_landing_time": 1604.0,
        "wait_time": 0,
        "Landing_success_rate": 0.8661
    },
    {
        "model": 2,
        "sequence": 6,
        "status": 1,
        "fuel": 7133,
        "fault": 0.3639,
        "weapon": 0,
        "pilot_injury": 0.1623,
        "pilot_skill": 0.4751,
        "mission_priority": 0.8224,
        "estimated_landing_time": 570.0,
        "wait_time": 0,
        "Landing_success_rate": 0.9279
    },
    {
        "model": 1,
        "sequence": 11,
        "status": 1,
        "fuel": 5592,
        "fault": 0.6566,
        "weapon": 0,
        "pilot_injury": 0.8502,
        "pilot_skill": 0.0122,
        "mission_priority": 0.8556,
        "estimated_landing_time": 1040.0,
        "wait_time": 0,
        "Landing_success_rate": 0.8524
    }
]