[
    {
        "model": 1,
        "sequence": 12,
        "status": 1,
        "fuel": 5814,
        "fault": 0.2586,
        "weapon": 1,
        "pilot_injury": 0.1395,
        "pilot_skill": 0.6812,
        "mission_priority": 0.3041,
        "estimated_landing_time": 1134.0,
        "wait_time": 0,
        "Landing_success_rate": 0.8675
    },
    {
        "model": 1,
        "sequence": 2,
        "status": 1,
        "fuel": 5813,
        "fault": 0.9834,
        "weapon": 1,
        "pilot_injury": 0.6224,
        "pilot_skill": 0.6501,
        "mission_priority": 0.091,
        "estimated_landing_time": 194.0,
        "wait_time": 0,
        "Landing_success_rate": 0.8504
    },
    {
        "model": 2,
        "sequence": 13,
        "status": 1,
        "fuel": 6700,
        "fault": 0.0976,
        "weapon": 0,
        "pilot_injury": 0.3974,
        "pilot_skill": 0.6726,
        "mission_priority": 0.0552,
        "estimated_landing_time": 1228.0,
        "wait_time": 0,
        "Landing_success_rate": 0.9312
    },
    {
        "model": 0,
        "sequence": 3,
        "status": 1,
        "fuel": 5588,
        "fault": 0.3146,
        "weapon": 0,
        "pilot_injury": 0.0639,
        "pilot_skill": 0.7264,
        "mission_priority": 0.5013,
        "estimated_landing_time": 288.0,
        "wait_time": 0,
        "Landing_success_rate": 0.8545
    },
    {
        "model": 2,
        "sequence": 4,
        "status": 1,
        "fuel": 5836,
        "fault": 0.7508,
        "weapon": 1,
        "pilot_injury": 0.5475,
        "pilot_skill": 0.306,
        "mission_priority": 0.9467,
        "estimated_landing_time": 382.0,
        "wait_time": 0,
        "Landing_success_rate": 0.8563
    },
    {
        "model": 1,
        "sequence": 6,
        "status": 1,
        "fuel": 6199,
        "fault": 0.8448,
        "weapon": 0,
        "pilot_injury": 0.5286,
        "pilot_skill": 0.5395,
        "mission_priority": 0.7268,
        "estimated_landing_time": 570.0,
        "wait_time": 0,
        "Landing_success_rate": 0.8581
    },
    {
        "model": 2,
        "sequence": 8,
        "status": 1,
        "fuel": 6338,
        "fault": 0.0118,
        "weapon": 1,
        "pilot_injury": 0.7179,
        "pilot_skill": 0.5459,
        "mission_priority": 0.2249,
        "estimated_landing_time": 758.0,
        "wait_time": 0,
        "Landing_success_rate": 0.9121
    },
    {
        "model": 2,
        "sequence": 11,
        "status": 1,
        "fuel": 7434,
        "fault": 0.6211,
        "weapon": 0,
        "pilot_injury": 0.1284,
        "pilot_skill": 0.2564,
        "mission_priority": 0.9845,
        "estimated_landing_time": 1040.0,
        "wait_time": 0,
        "Landing_success_rate": 0.905
    },
    {
        "model": 2,
        "sequence": 17,
        "status": 1,
        "fuel": 5598,
        "fault": 0.5704,
        "weapon": 0,
        "pilot_injury": 0.226,
        "pilot_skill": 0.5734,
        "mission_priority": 0.2319,
        "estimated_landing_time": 1604.0,
        "wait_time": 0,
        "Landing_success_rate": 0.8532
    },
    {
        "model": 1,
        "sequence": 1,
        "status": 1,
        "fuel": 6375,
        "fault": 0.8055,
        "weapon": 1,
        "pilot_injury": 0.3459,
        "pilot_skill": 0.5417,
        "mission_priority": 0.1593,
        "estimated_landing_time": 100.0,
        "wait_time": 0,
        "Landing_success_rate": 0.8628
    },
    {
        "model": 1,
        "sequence": 14,
        "status": 1,
        "fuel": 6849,
        "fault": 0.5205,
        "weapon": 1,
        "pilot_injury": 0.4895,
        "pilot_skill": 0.7623,
        "mission_priority": 0.5666,
        "estimated_landing_time": 1322.0,
        "wait_time": 0,
        "Landing_success_rate": 0.8985
    },
    {
        "model": 1,
        "sequence": 15,
        "status": 1,
        "fuel": 5575,
        "fault": 0.2233,
        "weapon": 1,
        "pilot_injury": 0.451,
        "pilot_skill": 0.3431,
        "mission_priority": 0.8004,
        "estimated_landing_time": 1416.0,
        "wait_time": 0,
        "Landing_success_rate": 0.8544
    },
    {
        "model": 0,
        "sequence": 10,
        "status": 1,
        "fuel": 7187,
        "fault": 0.4324,
        "weapon": 1,
        "pilot_injury": 0.9534,
        "pilot_skill": 0.9299,
        "mission_priority": 0.8709,
        "estimated_landing_time": 946.0,
        "wait_time": 0,
        "Landing_success_rate": 0.9218
    },
    {
        "model": 0,
        "sequence": 16,
        "status": 1,
        "fuel": 7433,
        "fault": 0.6765,
        "weapon": 1,
        "pilot_injury": 0.6281,
        "pilot_skill": 0.2054,
        "mission_priority": 0.7749,
        "estimated_landing_time": 1510.0,
        "wait_time": 0,
        "Landing_success_rate": 0.8969
    },
    {
        "model": 0,
        "sequence": 18,
        "status": 1,
        "fuel": 7397,
        "fault": 0.5949,
        "weapon": 1,
        "pilot_injury": 0.8783,
        "pilot_skill": 0.8623,
        "mission_priority": 0.8644,
        "estimated_landing_time": 1698.0,
        "wait_time": 0,
        "Landing_success_rate": 0.9076
    },
    {
        "model": 0,
        "sequence": 5,
        "status": 1,
        "fuel": 6633,
        "fault": 0.439,
        "weapon": 1,
        "pilot_injury": 0.6169,
        "pilot_skill": 0.9489,
        "mission_priority": 0.1293,
        "estimated_landing_time": 476.0,
        "wait_time": 0,
        "Landing_success_rate": 0.8977
    },
    {
        "model": 2,
        "sequence": 7,
        "status": 1,
        "fuel": 6901,
        "fault": 0.4957,
        "weapon": 0,
        "pilot_injury": 0.9784,
        "pilot_skill": 0.6392,
        "mission_priority": 0.1625,
        "estimated_landing_time": 664.0,
        "wait_time": 0,
        "Landing_success_rate": 0.903
    },
    {
        "model": 0,
        "sequence": 9,
        "status": 1,
        "fuel": 6598,
        "fault": 0.336,
        "weapon": 0,
        "pilot_injury": 0.1489,
        "pilot_skill": 0.009,
        "mission_priority": 0.5436,
        "estimated_landing_time": 852.0,
        "wait_time": 0,
        "Landing_success_rate": 0.9047
    }
]