[
    {
        "model": 1,
        "sequence": 4,
        "status": 1,
        "fuel": 6970,
        "fault": 0.9591,
        "weapon": 0,
        "pilot_injury": 0.8659,
        "pilot_skill": 0.7025,
        "mission_priority": 0.122,
        "estimated_landing_time": 382.0,
        "wait_time": 0,
        "Landing_success_rate": 0.8545
    },
    {
        "model": 0,
        "sequence": 11,
        "status": 1,
        "fuel": 5749,
        "fault": 0.9913,
        "weapon": 1,
        "pilot_injury": 0.8928,
        "pilot_skill": 0.747,
        "mission_priority": 0.4359,
        "estimated_landing_time": 1040.0,
        "wait_time": 0,
        "Landing_success_rate": 0.8502
    },
    {
        "model": 2,
        "sequence": 6,
        "status": 1,
        "fuel": 6371,
        "fault": 0.5185,
        "weapon": 0,
        "pilot_injury": 0.2799,
        "pilot_skill": 0.2858,
        "mission_priority": 0.4827,
        "estimated_landing_time": 570.0,
        "wait_time": 0,
        "Landing_success_rate": 0.8815
    },
    {
        "model": 1,
        "sequence": 9,
        "status": 1,
        "fuel": 7457,
        "fault": 0.9215,
        "weapon": 0,
        "pilot_injury": 0.1629,
        "pilot_skill": 0.3421,
        "mission_priority": 0.3634,
        "estimated_landing_time": 852.0,
        "wait_time": 0,
        "Landing_success_rate": 0.8615
    },
    {
        "model": 1,
        "sequence": 3,
        "status": 1,
        "fuel": 5897,
        "fault": 0.5543,
        "weapon": 1,
        "pilot_injury": 0.1838,
        "pilot_skill": 0.7137,
        "mission_priority": 0.9096,
        "estimated_landing_time": 288.0,
        "wait_time": 0,
        "Landing_success_rate": 0.8633
    },
    {
        "model": 2,
        "sequence": 10,
        "status": 1,
        "fuel": 6430,
        "fault": 0.1095,
        "weapon": 0,
        "pilot_injury": 0.2024,
        "pilot_skill": 0.4411,
        "mission_priority": 0.1268,
        "estimated_landing_time": 946.0,
        "wait_time": 0,
        "Landing_success_rate": 0.9121
    },
    {
        "model": 0,
        "sequence": 8,
        "status": 1,
        "fuel": 6219,
        "fault": 0.8589,
        "weapon": 0,
        "pilot_injury": 0.5673,
        "pilot_skill": 0.5235,
        "mission_priority": 0.694,
        "estimated_landing_time": 758.0,
        "wait_time": 0,
        "Landing_success_rate": 0.8576
    },
    {
        "model": 1,
        "sequence": 2,
        "status": 1,
        "fuel": 7379,
        "fault": 0.0194,
        "weapon": 0,
        "pilot_injury": 0.5952,
        "pilot_skill": 0.5738,
        "mission_priority": 0.3151,
        "estimated_landing_time": 194.0,
        "wait_time": 0,
        "Landing_success_rate": 0.9882
    },
    {
        "model": 1,
        "sequence": 12,
        "status": 1,
        "fuel": 5710,
        "fault": 0.6276,
        "weapon": 1,
        "pilot_injury": 0.4269,
        "pilot_skill": 0.2705,
        "mission_priority": 0.864,
        "estimated_landing_time": 1134.0,
        "wait_time": 0,
        "Landing_success_rate": 0.8559
    },
    {
        "model": 1,
        "sequence": 15,
        "status": 1,
        "fuel": 6639,
        "fault": 0.4793,
        "weapon": 0,
        "pilot_injury": 0.5297,
        "pilot_skill": 0.811,
        "mission_priority": 0.354,
        "estimated_landing_time": 1416.0,
        "wait_time": 0,
        "Landing_success_rate": 0.8945
    },
    {
        "model": 2,
        "sequence": 7,
        "status": 1,
        "fuel": 5672,
        "fault": 0.7437,
        "weapon": 0,
        "pilot_injury": 0.7356,
        "pilot_skill": 0.1153,
        "mission_priority": 0.0622,
        "estimated_landing_time": 664.0,
        "wait_time": 0,
        "Landing_success_rate": 0.8533
    },
    {
        "model": 2,
        "sequence": 14,
        "status": 1,
        "fuel": 7110,
        "fault": 0.2937,
        "weapon": 0,
        "pilot_injury": 0.393,
        "pilot_skill": 0.5742,
        "mission_priority": 0.9869,
        "estimated_landing_time": 1322.0,
        "wait_time": 0,
        "Landing_success_rate": 0.9353
    },
    {
        "model": 2,
        "sequence": 5,
        "status": 1,
        "fuel": 5734,
        "fault": 0.9239,
        "weapon": 0,
        "pilot_injury": 0.6487,
        "pilot_skill": 0.701,
        "mission_priority": 0.7061,
        "estimated_landing_time": 476.0,
        "wait_time": 0,
        "Landing_success_rate": 0.8513
    },
    {
        "model": 2,
        "sequence": 16,
        "status": 1,
        "fuel": 6224,
        "fault": 0.328,
        "weapon": 1,
        "pilot_injury": 0.1481,
        "pilot_skill": 0.8346,
        "mission_priority": 0.0089,
        "estimated_landing_time": 1510.0,
        "wait_time": 0,
        "Landing_success_rate": 0.8865
    },
    {
        "model": 0,
        "sequence": 17,
        "status": 1,
        "fuel": 7361,
        "fault": 0.2154,
        "weapon": 1,
        "pilot_injury": 0.0579,
        "pilot_skill": 0.9525,
        "mission_priority": 0.3173,
        "estimated_landing_time": 1604.0,
        "wait_time": 0,
        "Landing_success_rate": 0.9595
    },
    {
        "model": 2,
        "sequence": 13,
        "status": 1,
        "fuel": 6651,
        "fault": 0.8735,
        "weapon": 0,
        "pilot_injury": 0.2282,
        "pilot_skill": 0.1934,
        "mission_priority": 0.695,
        "estimated_landing_time": 1228.0,
        "wait_time": 0,
        "Landing_success_rate": 0.8609
    },
    {
        "model": 1,
        "sequence": 1,
        "status": 1,
        "fuel": 6628,
        "fault": 0.1787,
        "weapon": 1,
        "pilot_injury": 0.1154,
        "pilot_skill": 0.3871,
        "mission_priority": 0.3938,
        "estimated_landing_time": 100.0,
        "wait_time": 0,
        "Landing_success_rate": 0.9195
    },
    {
        "model": 1,
        "sequence": 18,
        "status": 1,
        "fuel": 5579,
        "fault": 0.3222,
        "weapon": 0,
        "pilot_injury": 0.0625,
        "pilot_skill": 0.9207,
        "mission_priority": 0.3732,
        "estimated_landing_time": 1698.0,
        "wait_time": 0,
        "Landing_success_rate": 0.854
    }
]