[
    {
        "model": 2,
        "sequence": 1,
        "status": 1,
        "fuel": 5927,
        "fault": 0.3738,
        "weapon": 0,
        "pilot_injury": 0.4301,
        "pilot_skill": 0.5528,
        "mission_priority": 0.5966,
        "estimated_landing_time": 100.0,
        "wait_time": 0,
        "Landing_success_rate": 0.8701
    },
    {
        "model": 1,
        "sequence": 10,
        "status": 1,
        "fuel": 7087,
        "fault": 0.1615,
        "weapon": 0,
        "pilot_injury": 0.6197,
        "pilot_skill": 0.2063,
        "mission_priority": 0.9988,
        "estimated_landing_time": 946.0,
        "wait_time": 0,
        "Landing_success_rate": 0.9498
    },
    {
        "model": 2,
        "sequence": 11,
        "status": 1,
        "fuel": 5574,
        "fault": 0.4482,
        "weapon": 1,
        "pilot_injury": 0.5542,
        "pilot_skill": 0.4515,
        "mission_priority": 0.2415,
        "estimated_landing_time": 1040.0,
        "wait_time": 0,
        "Landing_success_rate": 0.8531
    },
    {
        "model": 0,
        "sequence": 8,
        "status": 1,
        "fuel": 6155,
        "fault": 0.8867,
        "weapon": 1,
        "pilot_injury": 0.3869,
        "pilot_skill": 0.2243,
        "mission_priority": 0.1242,
        "estimated_landing_time": 758.0,
        "wait_time": 0,
        "Landing_success_rate": 0.8556
    },
    {
        "model": 2,
        "sequence": 6,
        "status": 1,
        "fuel": 6284,
        "fault": 0.2857,
        "weapon": 1,
        "pilot_injury": 0.1688,
        "pilot_skill": 0.9494,
        "mission_priority": 0.216,
        "estimated_landing_time": 570.0,
        "wait_time": 0,
        "Landing_success_rate": 0.892
    },
    {
        "model": 0,
        "sequence": 7,
        "status": 1,
        "fuel": 7170,
        "fault": 0.9535,
        "weapon": 1,
        "pilot_injury": 0.7279,
        "pilot_skill": 0.5709,
        "mission_priority": 0.0583,
        "estimated_landing_time": 664.0,
        "wait_time": 0,
        "Landing_success_rate": 0.8558
    },
    {
        "model": 1,
        "sequence": 9,
        "status": 1,
        "fuel": 7197,
        "fault": 0.729,
        "weapon": 1,
        "pilot_injury": 0.6515,
        "pilot_skill": 0.8229,
        "mission_priority": 0.4783,
        "estimated_landing_time": 852.0,
        "wait_time": 0,
        "Landing_success_rate": 0.8845
    },
    {
        "model": 0,
        "sequence": 12,
        "status": 1,
        "fuel": 5982,
        "fault": 0.7818,
        "weapon": 1,
        "pilot_injury": 0.6131,
        "pilot_skill": 0.3522,
        "mission_priority": 0.1319,
        "estimated_landing_time": 1134.0,
        "wait_time": 0,
        "Landing_success_rate": 0.8579
    },
    {
        "model": 1,
        "sequence": 2,
        "status": 1,
        "fuel": 7050,
        "fault": 0.2392,
        "weapon": 0,
        "pilot_injury": 0.1898,
        "pilot_skill": 0.4949,
        "mission_priority": 0.3972,
        "estimated_landing_time": 194.0,
        "wait_time": 0,
        "Landing_success_rate": 0.9384
    },
    {
        "model": 1,
        "sequence": 16,
        "status": 1,
        "fuel": 6765,
        "fault": 0.4396,
        "weapon": 1,
        "pilot_injury": 0.2377,
        "pilot_skill": 0.4189,
        "mission_priority": 0.3905,
        "estimated_landing_time": 1510.0,
        "wait_time": 0,
        "Landing_success_rate": 0.9032
    },
    {
        "model": 1,
        "sequence": 14,
        "status": 1,
        "fuel": 5577,
        "fault": 0.3454,
        "weapon": 1,
        "pilot_injury": 0.5813,
        "pilot_skill": 0.0218,
        "mission_priority": 0.2574,
        "estimated_landing_time": 1322.0,
        "wait_time": 0,
        "Landing_success_rate": 0.8538
    },
    {
        "model": 0,
        "sequence": 17,
        "status": 1,
        "fuel": 7006,
        "fault": 0.3788,
        "weapon": 1,
        "pilot_injury": 0.7713,
        "pilot_skill": 0.0356,
        "mission_priority": 0.5375,
        "estimated_landing_time": 1604.0,
        "wait_time": 0,
        "Landing_success_rate": 0.9202
    },
    {
        "model": 1,
        "sequence": 13,
        "status": 1,
        "fuel": 6359,
        "fault": 0.1684,
        "weapon": 1,
        "pilot_injury": 0.2838,
        "pilot_skill": 0.7437,
        "mission_priority": 0.6022,
        "estimated_landing_time": 1228.0,
        "wait_time": 0,
        "Landing_success_rate": 0.9036
    },
    {
        "model": 2,
        "sequence": 4,
        "status": 1,
        "fuel": 5555,
        "fault": 0.2069,
        "weapon": 1,
        "pilot_injury": 0.9086,
        "pilot_skill": 0.5933,
        "mission_priority": 0.8938,
        "estimated_landing_time": 382.0,
        "wait_time": 0,
        "Landing_success_rate": 0.8533
    },
    {
        "model": 2,
        "sequence": 18,
        "status": 1,
        "fuel": 6727,
        "fault": 0.8613,
        "weapon": 1,
        "pilot_injury": 0.5331,
        "pilot_skill": 0.9744,
        "mission_priority": 0.7097,
        "estimated_landing_time": 1698.0,
        "wait_time": 0,
        "Landing_success_rate": 0.8628
    },
    {
        "model": 2,
        "sequence": 3,
        "status": 1,
        "fuel": 5520,
        "fault": 0.1255,
        "weapon": 0,
        "pilot_injury": 0.0399,
        "pilot_skill": 0.4706,
        "mission_priority": 0.2373,
        "estimated_landing_time": 288.0,
        "wait_time": 0,
        "Landing_success_rate": 0.8513
    },
    {
        "model": 2,
        "sequence": 5,
        "status": 1,
        "fuel": 5506,
        "fault": 0.1245,
        "weapon": 0,
        "pilot_injury": 0.7225,
        "pilot_skill": 0.5512,
        "mission_priority": 0.0234,
        "estimated_landing_time": 476.0,
        "wait_time": 0,
        "Landing_success_rate": 0.8504
    },
    {
        "model": 1,
        "sequence": 15,
        "status": 1,
        "fuel": 6218,
        "fault": 0.3042,
        "weapon": 1,
        "pilot_injury": 0.9546,
        "pilot_skill": 0.8744,
        "mission_priority": 0.0015,
        "estimated_landing_time": 1416.0,
        "wait_time": 0,
        "Landing_success_rate": 0.8875
    }
]