[
    {
        "model": 0,
        "sequence": 16,
        "status": 1,
        "fuel": 6147,
        "fault": 0.3351,
        "weapon": 0,
        "pilot_injury": 0.6013,
        "pilot_skill": 0.7308,
        "mission_priority": 0.1512,
        "estimated_landing_time": 1510.0,
        "wait_time": 0,
        "Landing_success_rate": 0.8823
    },
    {
        "model": 0,
        "sequence": 8,
        "status": 1,
        "fuel": 6676,
        "fault": 0.208,
        "weapon": 1,
        "pilot_injury": 0.5884,
        "pilot_skill": 0.7368,
        "mission_priority": 0.6405,
        "estimated_landing_time": 758.0,
        "wait_time": 0,
        "Landing_success_rate": 0.9199
    },
    {
        "model": 1,
        "sequence": 14,
        "status": 1,
        "fuel": 7241,
        "fault": 0.0419,
        "weapon": 1,
        "pilot_injury": 0.8847,
        "pilot_skill": 0.1861,
        "mission_priority": 0.3767,
        "estimated_landing_time": 1322.0,
        "wait_time": 0,
        "Landing_success_rate": 0.9751
    },
    {
        "model": 0,
        "sequence": 11,
        "status": 1,
        "fuel": 6001,
        "fault": 0.2394,
        "weapon": 1,
        "pilot_injury": 0.4122,
        "pilot_skill": 0.3192,
        "mission_priority": 0.8995,
        "estimated_landing_time": 1040.0,
        "wait_time": 0,
        "Landing_success_rate": 0.8786
    },
    {
        "model": 1,
        "sequence": 2,
        "status": 1,
        "fuel": 6323,
        "fault": 0.7404,
        "weapon": 1,
        "pilot_injury": 0.7496,
        "pilot_skill": 0.0385,
        "mission_priority": 0.3964,
        "estimated_landing_time": 194.0,
        "wait_time": 0,
        "Landing_success_rate": 0.866
    },
    {
        "model": 0,
        "sequence": 7,
        "status": 1,
        "fuel": 6444,
        "fault": 0.8069,
        "weapon": 1,
        "pilot_injury": 0.7931,
        "pilot_skill": 0.9313,
        "mission_priority": 0.7746,
        "estimated_landing_time": 664.0,
        "wait_time": 0,
        "Landing_success_rate": 0.8637
    },
    {
        "model": 1,
        "sequence": 18,
        "status": 1,
        "fuel": 5631,
        "fault": 0.1139,
        "weapon": 1,
        "pilot_injury": 0.5,
        "pilot_skill": 0.0139,
        "mission_priority": 0.6246,
        "estimated_landing_time": 1698.0,
        "wait_time": 0,
        "Landing_success_rate": 0.8587
    },
    {
        "model": 1,
        "sequence": 3,
        "status": 1,
        "fuel": 7402,
        "fault": 0.1916,
        "weapon": 1,
        "pilot_injury": 0.5557,
        "pilot_skill": 0.4524,
        "mission_priority": 0.8555,
        "estimated_landing_time": 288.0,
        "wait_time": 0,
        "Landing_success_rate": 0.9653
    },
    {
        "model": 2,
        "sequence": 13,
        "status": 1,
        "fuel": 6177,
        "fault": 0.9342,
        "weapon": 1,
        "pilot_injury": 0.046,
        "pilot_skill": 0.6939,
        "mission_priority": 0.5582,
        "estimated_landing_time": 1228.0,
        "wait_time": 0,
        "Landing_success_rate": 0.8533
    },
    {
        "model": 1,
        "sequence": 6,
        "status": 1,
        "fuel": 6240,
        "fault": 0.1103,
        "weapon": 1,
        "pilot_injury": 0.777,
        "pilot_skill": 0.4179,
        "mission_priority": 0.8945,
        "estimated_landing_time": 570.0,
        "wait_time": 0,
        "Landing_success_rate": 0.8994
    },
    {
        "model": 0,
        "sequence": 15,
        "status": 1,
        "fuel": 6837,
        "fault": 0.4001,
        "weapon": 1,
        "pilot_injury": 0.2057,
        "pilot_skill": 0.4535,
        "mission_priority": 0.3538,
        "estimated_landing_time": 1416.0,
        "wait_time": 0,
        "Landing_success_rate": 0.9102
    },
    {
        "model": 2,
        "sequence": 12,
        "status": 1,
        "fuel": 6472,
        "fault": 0.5356,
        "weapon": 0,
        "pilot_injury": 0.5987,
        "pilot_skill": 0.4065,
        "mission_priority": 0.5181,
        "estimated_landing_time": 1134.0,
        "wait_time": 0,
        "Landing_success_rate": 0.8839
    },
    {
        "model": 2,
        "sequence": 9,
        "status": 1,
        "fuel": 6969,
        "fault": 0.1613,
        "weapon": 1,
        "pilot_injury": 0.3671,
        "pilot_skill": 0.0768,
        "mission_priority": 0.5519,
        "estimated_landing_time": 852.0,
        "wait_time": 0,
        "Landing_success_rate": 0.9424
    },
    {
        "model": 2,
        "sequence": 10,
        "status": 1,
        "fuel": 6672,
        "fault": 0.8759,
        "weapon": 0,
        "pilot_injury": 0.4393,
        "pilot_skill": 0.9708,
        "mission_priority": 0.1718,
        "estimated_landing_time": 946.0,
        "wait_time": 0,
        "Landing_success_rate": 0.8609
    },
    {
        "model": 1,
        "sequence": 5,
        "status": 1,
        "fuel": 6132,
        "fault": 0.081,
        "weapon": 0,
        "pilot_injury": 0.1704,
        "pilot_skill": 0.9723,
        "mission_priority": 0.641,
        "estimated_landing_time": 476.0,
        "wait_time": 0,
        "Landing_success_rate": 0.8936
    },
    {
        "model": 1,
        "sequence": 1,
        "status": 1,
        "fuel": 5647,
        "fault": 0.2132,
        "weapon": 0,
        "pilot_injury": 0.7812,
        "pilot_skill": 0.0513,
        "mission_priority": 0.5779,
        "estimated_landing_time": 100.0,
        "wait_time": 0,
        "Landing_success_rate": 0.8587
    },
    {
        "model": 2,
        "sequence": 17,
        "status": 1,
        "fuel": 7497,
        "fault": 0.9535,
        "weapon": 1,
        "pilot_injury": 0.2526,
        "pilot_skill": 0.666,
        "mission_priority": 0.6713,
        "estimated_landing_time": 1604.0,
        "wait_time": 0,
        "Landing_success_rate": 0.857
    },
    {
        "model": 1,
        "sequence": 4,
        "status": 1,
        "fuel": 5502,
        "fault": 0.0703,
        "weapon": 1,
        "pilot_injury": 0.9095,
        "pilot_skill": 0.0475,
        "mission_priority": 0.2899,
        "estimated_landing_time": 382.0,
        "wait_time": 0,
        "Landing_success_rate": 0.8501
    }
]