[
    {
        "model": 0,
        "sequence": 17,
        "status": 1,
        "fuel": 6632,
        "fault": 0.7294,
        "weapon": 1,
        "pilot_injury": 0.8115,
        "pilot_skill": 0.0773,
        "mission_priority": 0.8087,
        "estimated_landing_time": 1604.0,
        "wait_time": 0,
        "Landing_success_rate": 0.873
    },
    {
        "model": 1,
        "sequence": 18,
        "status": 1,
        "fuel": 6120,
        "fault": 0.3929,
        "weapon": 1,
        "pilot_injury": 0.0604,
        "pilot_skill": 0.2696,
        "mission_priority": 0.1114,
        "estimated_landing_time": 1698.0,
        "wait_time": 0,
        "Landing_success_rate": 0.8782
    },
    {
        "model": 0,
        "sequence": 16,
        "status": 1,
        "fuel": 5602,
        "fault": 0.7737,
        "weapon": 0,
        "pilot_injury": 0.0557,
        "pilot_skill": 0.2838,
        "mission_priority": 0.517,
        "estimated_landing_time": 1510.0,
        "wait_time": 0,
        "Landing_success_rate": 0.8517
    },
    {
        "model": 2,
        "sequence": 5,
        "status": 1,
        "fuel": 7114,
        "fault": 0.0428,
        "weapon": 1,
        "pilot_injury": 0.7783,
        "pilot_skill": 0.5836,
        "mission_priority": 0.6764,
        "estimated_landing_time": 476.0,
        "wait_time": 0,
        "Landing_success_rate": 0.9659
    },
    {
        "model": 2,
        "sequence": 7,
        "status": 1,
        "fuel": 7200,
        "fault": 0.9391,
        "weapon": 1,
        "pilot_injury": 0.5297,
        "pilot_skill": 0.7472,
        "mission_priority": 0.8846,
        "estimated_landing_time": 664.0,
        "wait_time": 0,
        "Landing_success_rate": 0.8578
    },
    {
        "model": 0,
        "sequence": 9,
        "status": 1,
        "fuel": 7296,
        "fault": 0.4708,
        "weapon": 1,
        "pilot_injury": 0.0786,
        "pilot_skill": 0.8349,
        "mission_priority": 0.8574,
        "estimated_landing_time": 852.0,
        "wait_time": 0,
        "Landing_success_rate": 0.9213
    },
    {
        "model": 2,
        "sequence": 1,
        "status": 1,
        "fuel": 7384,
        "fault": 0.2568,
        "weapon": 0,
        "pilot_injury": 0.1022,
        "pilot_skill": 0.6244,
        "mission_priority": 0.9826,
        "estimated_landing_time": 100.0,
        "wait_time": 0,
        "Landing_success_rate": 0.955
    },
    {
        "model": 2,
        "sequence": 14,
        "status": 1,
        "fuel": 6482,
        "fault": 0.5479,
        "weapon": 1,
        "pilot_injury": 0.418,
        "pilot_skill": 0.9852,
        "mission_priority": 0.825,
        "estimated_landing_time": 1322.0,
        "wait_time": 0,
        "Landing_success_rate": 0.8833
    },
    {
        "model": 2,
        "sequence": 10,
        "status": 1,
        "fuel": 6879,
        "fault": 0.7485,
        "weapon": 1,
        "pilot_injury": 0.555,
        "pilot_skill": 0.4957,
        "mission_priority": 0.6933,
        "estimated_landing_time": 946.0,
        "wait_time": 0,
        "Landing_success_rate": 0.876
    },
    {
        "model": 2,
        "sequence": 15,
        "status": 1,
        "fuel": 6680,
        "fault": 0.795,
        "weapon": 0,
        "pilot_injury": 0.0583,
        "pilot_skill": 0.6417,
        "mission_priority": 0.9614,
        "estimated_landing_time": 1416.0,
        "wait_time": 0,
        "Landing_success_rate": 0.8681
    },
    {
        "model": 1,
        "sequence": 3,
        "status": 1,
        "fuel": 6958,
        "fault": 0.0372,
        "weapon": 1,
        "pilot_injury": 0.9985,
        "pilot_skill": 0.044,
        "mission_priority": 0.0882,
        "estimated_landing_time": 288.0,
        "wait_time": 0,
        "Landing_success_rate": 0.9553
    },
    {
        "model": 0,
        "sequence": 11,
        "status": 1,
        "fuel": 6960,
        "fault": 0.0676,
        "weapon": 1,
        "pilot_injury": 0.1244,
        "pilot_skill": 0.3753,
        "mission_priority": 0.0643,
        "estimated_landing_time": 1040.0,
        "wait_time": 0,
        "Landing_success_rate": 0.9521
    },
    {
        "model": 2,
        "sequence": 12,
        "status": 1,
        "fuel": 6194,
        "fault": 0.9654,
        "weapon": 0,
        "pilot_injury": 0.0069,
        "pilot_skill": 0.3224,
        "mission_priority": 0.2339,
        "estimated_landing_time": 1134.0,
        "wait_time": 0,
        "Landing_success_rate": 0.8518
    },
    {
        "model": 1,
        "sequence": 8,
        "status": 1,
        "fuel": 5632,
        "fault": 0.9044,
        "weapon": 0,
        "pilot_injury": 0.63,
        "pilot_skill": 0.68,
        "mission_priority": 0.1274,
        "estimated_landing_time": 758.0,
        "wait_time": 0,
        "Landing_success_rate": 0.8509
    },
    {
        "model": 2,
        "sequence": 6,
        "status": 1,
        "fuel": 6694,
        "fault": 0.2681,
        "weapon": 1,
        "pilot_injury": 0.1484,
        "pilot_skill": 0.9669,
        "mission_priority": 0.0193,
        "estimated_landing_time": 570.0,
        "wait_time": 0,
        "Landing_success_rate": 0.9155
    },
    {
        "model": 1,
        "sequence": 4,
        "status": 1,
        "fuel": 6215,
        "fault": 0.0322,
        "weapon": 1,
        "pilot_injury": 0.4698,
        "pilot_skill": 0.2992,
        "mission_priority": 0.4182,
        "estimated_landing_time": 382.0,
        "wait_time": 0,
        "Landing_success_rate": 0.9019
    },
    {
        "model": 0,
        "sequence": 2,
        "status": 1,
        "fuel": 5995,
        "fault": 0.9233,
        "weapon": 1,
        "pilot_injury": 0.8481,
        "pilot_skill": 0.0728,
        "mission_priority": 0.8119,
        "estimated_landing_time": 194.0,
        "wait_time": 0,
        "Landing_success_rate": 0.8528
    },
    {
        "model": 1,
        "sequence": 13,
        "status": 1,
        "fuel": 6589,
        "fault": 0.1798,
        "weapon": 0,
        "pilot_injury": 0.5471,
        "pilot_skill": 0.1872,
        "mission_priority": 0.0909,
        "estimated_landing_time": 1228.0,
        "wait_time": 0,
        "Landing_success_rate": 0.917
    }
]