[
    {
        "model": 2,
        "sequence": 14,
        "status": 1,
        "fuel": 7166,
        "fault": 0.6776,
        "weapon": 1,
        "pilot_injury": 0.6189,
        "pilot_skill": 0.4745,
        "mission_priority": 0.0967,
        "estimated_landing_time": 1322.0,
        "wait_time": 0,
        "Landing_success_rate": 0.8903
    },
    {
        "model": 1,
        "sequence": 18,
        "status": 1,
        "fuel": 6589,
        "fault": 0.1328,
        "weapon": 0,
        "pilot_injury": 0.1711,
        "pilot_skill": 0.0847,
        "mission_priority": 0.0396,
        "estimated_landing_time": 1698.0,
        "wait_time": 0,
        "Landing_success_rate": 0.9208
    },
    {
        "model": 1,
        "sequence": 9,
        "status": 1,
        "fuel": 6985,
        "fault": 0.6965,
        "weapon": 0,
        "pilot_injury": 0.7276,
        "pilot_skill": 0.2023,
        "mission_priority": 0.9171,
        "estimated_landing_time": 852.0,
        "wait_time": 0,
        "Landing_success_rate": 0.8838
    },
    {
        "model": 0,
        "sequence": 3,
        "status": 1,
        "fuel": 5838,
        "fault": 0.3441,
        "weapon": 1,
        "pilot_injury": 0.4521,
        "pilot_skill": 0.0759,
        "mission_priority": 0.3475,
        "estimated_landing_time": 288.0,
        "wait_time": 0,
        "Landing_success_rate": 0.8666
    },
    {
        "model": 0,
        "sequence": 5,
        "status": 1,
        "fuel": 6109,
        "fault": 0.6586,
        "weapon": 0,
        "pilot_injury": 0.0468,
        "pilot_skill": 0.0171,
        "mission_priority": 0.7325,
        "estimated_landing_time": 476.0,
        "wait_time": 0,
        "Landing_success_rate": 0.8656
    },
    {
        "model": 1,
        "sequence": 13,
        "status": 1,
        "fuel": 6718,
        "fault": 0.9266,
        "weapon": 0,
        "pilot_injury": 0.3179,
        "pilot_skill": 0.2365,
        "mission_priority": 0.117,
        "estimated_landing_time": 1228.0,
        "wait_time": 0,
        "Landing_success_rate": 0.8567
    },
    {
        "model": 2,
        "sequence": 1,
        "status": 1,
        "fuel": 6055,
        "fault": 0.1656,
        "weapon": 1,
        "pilot_injury": 0.456,
        "pilot_skill": 0.7783,
        "mission_priority": 0.0998,
        "estimated_landing_time": 100.0,
        "wait_time": 0,
        "Landing_success_rate": 0.8847
    },
    {
        "model": 2,
        "sequence": 15,
        "status": 1,
        "fuel": 7285,
        "fault": 0.1585,
        "weapon": 1,
        "pilot_injury": 0.2409,
        "pilot_skill": 0.6816,
        "mission_priority": 0.1977,
        "estimated_landing_time": 1416.0,
        "wait_time": 0,
        "Landing_success_rate": 0.9627
    },
    {
        "model": 2,
        "sequence": 4,
        "status": 1,
        "fuel": 5570,
        "fault": 0.2352,
        "weapon": 1,
        "pilot_injury": 0.8887,
        "pilot_skill": 0.6971,
        "mission_priority": 0.3158,
        "estimated_landing_time": 382.0,
        "wait_time": 0,
        "Landing_success_rate": 0.854
    },
    {
        "model": 2,
        "sequence": 11,
        "status": 1,
        "fuel": 7456,
        "fault": 0.3937,
        "weapon": 1,
        "pilot_injury": 0.334,
        "pilot_skill": 0.068,
        "mission_priority": 0.6103,
        "estimated_landing_time": 1040.0,
        "wait_time": 0,
        "Landing_success_rate": 0.9389
    },
    {
        "model": 0,
        "sequence": 8,
        "status": 1,
        "fuel": 7371,
        "fault": 0.221,
        "weapon": 1,
        "pilot_injury": 0.8561,
        "pilot_skill": 0.1746,
        "mission_priority": 0.6501,
        "estimated_landing_time": 758.0,
        "wait_time": 0,
        "Landing_success_rate": 0.9593
    },
    {
        "model": 1,
        "sequence": 6,
        "status": 1,
        "fuel": 6473,
        "fault": 0.6481,
        "weapon": 1,
        "pilot_injury": 0.0034,
        "pilot_skill": 0.8823,
        "mission_priority": 0.7058,
        "estimated_landing_time": 570.0,
        "wait_time": 0,
        "Landing_success_rate": 0.8757
    },
    {
        "model": 0,
        "sequence": 2,
        "status": 1,
        "fuel": 6903,
        "fault": 0.8206,
        "weapon": 1,
        "pilot_injury": 0.1175,
        "pilot_skill": 0.7298,
        "mission_priority": 0.0035,
        "estimated_landing_time": 194.0,
        "wait_time": 0,
        "Landing_success_rate": 0.8689
    },
    {
        "model": 1,
        "sequence": 17,
        "status": 1,
        "fuel": 6753,
        "fault": 0.7942,
        "weapon": 1,
        "pilot_injury": 0.8511,
        "pilot_skill": 0.5872,
        "mission_priority": 0.6939,
        "estimated_landing_time": 1604.0,
        "wait_time": 0,
        "Landing_success_rate": 0.8693
    },
    {
        "model": 2,
        "sequence": 16,
        "status": 1,
        "fuel": 6129,
        "fault": 0.0489,
        "weapon": 0,
        "pilot_injury": 0.886,
        "pilot_skill": 0.7666,
        "mission_priority": 0.182,
        "estimated_landing_time": 1510.0,
        "wait_time": 0,
        "Landing_success_rate": 0.8949
    },
    {
        "model": 0,
        "sequence": 7,
        "status": 1,
        "fuel": 5602,
        "fault": 0.7844,
        "weapon": 0,
        "pilot_injury": 0.5363,
        "pilot_skill": 0.3491,
        "mission_priority": 0.03,
        "estimated_landing_time": 664.0,
        "wait_time": 0,
        "Landing_success_rate": 0.8516
    },
    {
        "model": 1,
        "sequence": 10,
        "status": 1,
        "fuel": 7401,
        "fault": 0.3727,
        "weapon": 0,
        "pilot_injury": 0.0108,
        "pilot_skill": 0.2704,
        "mission_priority": 0.7036,
        "estimated_landing_time": 946.0,
        "wait_time": 0,
        "Landing_success_rate": 0.9394
    },
    {
        "model": 1,
        "sequence": 12,
        "status": 1,
        "fuel": 6502,
        "fault": 0.3524,
        "weapon": 0,
        "pilot_injury": 0.0707,
        "pilot_skill": 0.0086,
        "mission_priority": 0.2152,
        "estimated_landing_time": 1134.0,
        "wait_time": 0,
        "Landing_success_rate": 0.8987
    }
]