[
    {
        "model": 0,
        "sequence": 15,
        "status": 1,
        "fuel": 5973,
        "fault": 0.8672,
        "weapon": 0,
        "pilot_injury": 0.1327,
        "pilot_skill": 0.4336,
        "mission_priority": 0.2231,
        "estimated_landing_time": 1416.0,
        "wait_time": 0,
        "Landing_success_rate": 0.8547
    },
    {
        "model": 1,
        "sequence": 8,
        "status": 1,
        "fuel": 7384,
        "fault": 0.0444,
        "weapon": 1,
        "pilot_injury": 0.9798,
        "pilot_skill": 0.9175,
        "mission_priority": 0.5822,
        "estimated_landing_time": 758.0,
        "wait_time": 0,
        "Landing_success_rate": 0.985
    },
    {
        "model": 2,
        "sequence": 1,
        "status": 1,
        "fuel": 7223,
        "fault": 0.3616,
        "weapon": 1,
        "pilot_injury": 0.7921,
        "pilot_skill": 0.038,
        "mission_priority": 0.434,
        "estimated_landing_time": 100.0,
        "wait_time": 0,
        "Landing_success_rate": 0.9325
    },
    {
        "model": 2,
        "sequence": 12,
        "status": 1,
        "fuel": 5652,
        "fault": 0.0146,
        "weapon": 0,
        "pilot_injury": 0.0921,
        "pilot_skill": 0.9606,
        "mission_priority": 0.1688,
        "estimated_landing_time": 1134.0,
        "wait_time": 0,
        "Landing_success_rate": 0.8612
    },
    {
        "model": 2,
        "sequence": 9,
        "status": 1,
        "fuel": 6863,
        "fault": 0.0512,
        "weapon": 0,
        "pilot_injury": 0.516,
        "pilot_skill": 0.758,
        "mission_priority": 0.3273,
        "estimated_landing_time": 852.0,
        "wait_time": 0,
        "Landing_success_rate": 0.947
    },
    {
        "model": 2,
        "sequence": 16,
        "status": 1,
        "fuel": 7348,
        "fault": 0.2911,
        "weapon": 1,
        "pilot_injury": 0.4088,
        "pilot_skill": 0.5551,
        "mission_priority": 0.5144,
        "estimated_landing_time": 1510.0,
        "wait_time": 0,
        "Landing_success_rate": 0.9483
    },
    {
        "model": 2,
        "sequence": 18,
        "status": 1,
        "fuel": 6681,
        "fault": 0.3959,
        "weapon": 1,
        "pilot_injury": 0.5016,
        "pilot_skill": 0.6361,
        "mission_priority": 0.1846,
        "estimated_landing_time": 1698.0,
        "wait_time": 0,
        "Landing_success_rate": 0.9035
    },
    {
        "model": 2,
        "sequence": 4,
        "status": 1,
        "fuel": 6828,
        "fault": 0.6121,
        "weapon": 0,
        "pilot_injury": 0.4821,
        "pilot_skill": 0.3522,
        "mission_priority": 0.8919,
        "estimated_landing_time": 382.0,
        "wait_time": 0,
        "Landing_success_rate": 0.8886
    },
    {
        "model": 0,
        "sequence": 11,
        "status": 1,
        "fuel": 5501,
        "fault": 0.0437,
        "weapon": 0,
        "pilot_injury": 0.7527,
        "pilot_skill": 0.1029,
        "mission_priority": 0.0299,
        "estimated_landing_time": 1040.0,
        "wait_time": 0,
        "Landing_success_rate": 0.8501
    },
    {
        "model": 2,
        "sequence": 10,
        "status": 1,
        "fuel": 5588,
        "fault": 0.9949,
        "weapon": 0,
        "pilot_injury": 0.1548,
        "pilot_skill": 0.6066,
        "mission_priority": 0.8168,
        "estimated_landing_time": 946.0,
        "wait_time": 0,
        "Landing_success_rate": 0.85
    },
    {
        "model": 2,
        "sequence": 17,
        "status": 1,
        "fuel": 7447,
        "fault": 0.7146,
        "weapon": 1,
        "pilot_injury": 0.0773,
        "pilot_skill": 0.0248,
        "mission_priority": 0.1165,
        "estimated_landing_time": 1604.0,
        "wait_time": 0,
        "Landing_success_rate": 0.8917
    },
    {
        "model": 0,
        "sequence": 14,
        "status": 1,
        "fuel": 5968,
        "fault": 0.3063,
        "weapon": 0,
        "pilot_injury": 0.5976,
        "pilot_skill": 0.921,
        "mission_priority": 0.6278,
        "estimated_landing_time": 1322.0,
        "wait_time": 0,
        "Landing_success_rate": 0.8743
    },
    {
        "model": 2,
        "sequence": 7,
        "status": 1,
        "fuel": 7185,
        "fault": 0.7738,
        "weapon": 1,
        "pilot_injury": 0.9031,
        "pilot_skill": 0.3226,
        "mission_priority": 0.3136,
        "estimated_landing_time": 664.0,
        "wait_time": 0,
        "Landing_success_rate": 0.8786
    },
    {
        "model": 2,
        "sequence": 5,
        "status": 1,
        "fuel": 7071,
        "fault": 0.4573,
        "weapon": 0,
        "pilot_injury": 0.2379,
        "pilot_skill": 0.7238,
        "mission_priority": 0.6449,
        "estimated_landing_time": 476.0,
        "wait_time": 0,
        "Landing_success_rate": 0.9139
    },
    {
        "model": 0,
        "sequence": 3,
        "status": 1,
        "fuel": 5905,
        "fault": 0.0973,
        "weapon": 0,
        "pilot_injury": 0.0985,
        "pilot_skill": 0.7495,
        "mission_priority": 0.6029,
        "estimated_landing_time": 288.0,
        "wait_time": 0,
        "Landing_success_rate": 0.8774
    },
    {
        "model": 1,
        "sequence": 6,
        "status": 1,
        "fuel": 6683,
        "fault": 0.0264,
        "weapon": 0,
        "pilot_injury": 0.6181,
        "pilot_skill": 0.4941,
        "mission_priority": 0.4859,
        "estimated_landing_time": 570.0,
        "wait_time": 0,
        "Landing_success_rate": 0.9364
    },
    {
        "model": 1,
        "sequence": 13,
        "status": 1,
        "fuel": 6537,
        "fault": 0.069,
        "weapon": 0,
        "pilot_injury": 0.4226,
        "pilot_skill": 0.4009,
        "mission_priority": 0.4228,
        "estimated_landing_time": 1228.0,
        "wait_time": 0,
        "Landing_success_rate": 0.9224
    },
    {
        "model": 2,
        "sequence": 2,
        "status": 1,
        "fuel": 6431,
        "fault": 0.1128,
        "weapon": 1,
        "pilot_injury": 0.2694,
        "pilot_skill": 0.4978,
        "mission_priority": 0.5923,
        "estimated_landing_time": 194.0,
        "wait_time": 0,
        "Landing_success_rate": 0.9119
    }
]