[
    {
        "model": 2,
        "sequence": 2,
        "status": 1,
        "fuel": 7007,
        "fault": 0.6173,
        "weapon": 1,
        "pilot_injury": 0.4569,
        "pilot_skill": 0.5493,
        "mission_priority": 0.4587,
        "estimated_landing_time": 194.0,
        "wait_time": 0,
        "Landing_success_rate": 0.8933
    },
    {
        "model": 0,
        "sequence": 14,
        "status": 1,
        "fuel": 7156,
        "fault": 0.6786,
        "weapon": 0,
        "pilot_injury": 0.6561,
        "pilot_skill": 0.6395,
        "mission_priority": 0.8918,
        "estimated_landing_time": 1322.0,
        "wait_time": 0,
        "Landing_success_rate": 0.8899
    },
    {
        "model": 1,
        "sequence": 15,
        "status": 1,
        "fuel": 7303,
        "fault": 0.9967,
        "weapon": 1,
        "pilot_injury": 0.3483,
        "pilot_skill": 0.7789,
        "mission_priority": 0.1421,
        "estimated_landing_time": 1416.0,
        "wait_time": 0,
        "Landing_success_rate": 0.8504
    },
    {
        "model": 1,
        "sequence": 17,
        "status": 1,
        "fuel": 6523,
        "fault": 0.6079,
        "weapon": 0,
        "pilot_injury": 0.9835,
        "pilot_skill": 0.991,
        "mission_priority": 0.7992,
        "estimated_landing_time": 1604.0,
        "wait_time": 0,
        "Landing_success_rate": 0.8801
    },
    {
        "model": 0,
        "sequence": 18,
        "status": 1,
        "fuel": 7115,
        "fault": 0.9229,
        "weapon": 0,
        "pilot_injury": 0.3197,
        "pilot_skill": 0.8298,
        "mission_priority": 0.7465,
        "estimated_landing_time": 1698.0,
        "wait_time": 0,
        "Landing_success_rate": 0.8593
    },
    {
        "model": 0,
        "sequence": 8,
        "status": 1,
        "fuel": 5662,
        "fault": 0.4535,
        "weapon": 1,
        "pilot_injury": 0.3986,
        "pilot_skill": 0.5374,
        "mission_priority": 0.1247,
        "estimated_landing_time": 758.0,
        "wait_time": 0,
        "Landing_success_rate": 0.8566
    },
    {
        "model": 2,
        "sequence": 7,
        "status": 1,
        "fuel": 6565,
        "fault": 0.0897,
        "weapon": 1,
        "pilot_injury": 0.9588,
        "pilot_skill": 0.7513,
        "mission_priority": 0.6207,
        "estimated_landing_time": 664.0,
        "wait_time": 0,
        "Landing_success_rate": 0.9227
    },
    {
        "model": 0,
        "sequence": 1,
        "status": 1,
        "fuel": 5661,
        "fault": 0.0742,
        "weapon": 0,
        "pilot_injury": 0.1445,
        "pilot_skill": 0.5361,
        "mission_priority": 0.8205,
        "estimated_landing_time": 100.0,
        "wait_time": 0,
        "Landing_success_rate": 0.8612
    },
    {
        "model": 1,
        "sequence": 10,
        "status": 1,
        "fuel": 6464,
        "fault": 0.6902,
        "weapon": 0,
        "pilot_injury": 0.2293,
        "pilot_skill": 0.7141,
        "mission_priority": 0.894,
        "estimated_landing_time": 946.0,
        "wait_time": 0,
        "Landing_success_rate": 0.8724
    },
    {
        "model": 1,
        "sequence": 12,
        "status": 1,
        "fuel": 6156,
        "fault": 0.9978,
        "weapon": 1,
        "pilot_injury": 0.1051,
        "pilot_skill": 0.7549,
        "mission_priority": 0.1056,
        "estimated_landing_time": 1134.0,
        "wait_time": 0,
        "Landing_success_rate": 0.8501
    },
    {
        "model": 0,
        "sequence": 5,
        "status": 1,
        "fuel": 6463,
        "fault": 0.3987,
        "weapon": 1,
        "pilot_injury": 0.3592,
        "pilot_skill": 0.3295,
        "mission_priority": 0.7692,
        "estimated_landing_time": 476.0,
        "wait_time": 0,
        "Landing_success_rate": 0.8934
    },
    {
        "model": 0,
        "sequence": 16,
        "status": 1,
        "fuel": 7094,
        "fault": 0.416,
        "weapon": 1,
        "pilot_injury": 0.8583,
        "pilot_skill": 0.4909,
        "mission_priority": 0.1061,
        "estimated_landing_time": 1510.0,
        "wait_time": 0,
        "Landing_success_rate": 0.9198
    },
    {
        "model": 0,
        "sequence": 13,
        "status": 1,
        "fuel": 6419,
        "fault": 0.2954,
        "weapon": 1,
        "pilot_injury": 0.2895,
        "pilot_skill": 0.8377,
        "mission_priority": 0.6769,
        "estimated_landing_time": 1228.0,
        "wait_time": 0,
        "Landing_success_rate": 0.8986
    },
    {
        "model": 0,
        "sequence": 6,
        "status": 1,
        "fuel": 7234,
        "fault": 0.2526,
        "weapon": 1,
        "pilot_injury": 0.2015,
        "pilot_skill": 0.449,
        "mission_priority": 0.1035,
        "estimated_landing_time": 570.0,
        "wait_time": 0,
        "Landing_success_rate": 0.9472
    },
    {
        "model": 1,
        "sequence": 11,
        "status": 1,
        "fuel": 7098,
        "fault": 0.1861,
        "weapon": 1,
        "pilot_injury": 0.9129,
        "pilot_skill": 0.9736,
        "mission_priority": 0.2705,
        "estimated_landing_time": 1040.0,
        "wait_time": 0,
        "Landing_success_rate": 0.9475
    },
    {
        "model": 2,
        "sequence": 9,
        "status": 1,
        "fuel": 5874,
        "fault": 0.0799,
        "weapon": 0,
        "pilot_injury": 0.2009,
        "pilot_skill": 0.2959,
        "mission_priority": 0.8372,
        "estimated_landing_time": 852.0,
        "wait_time": 0,
        "Landing_success_rate": 0.8758
    },
    {
        "model": 1,
        "sequence": 4,
        "status": 1,
        "fuel": 7143,
        "fault": 0.2247,
        "weapon": 1,
        "pilot_injury": 0.4822,
        "pilot_skill": 0.5641,
        "mission_priority": 0.7706,
        "estimated_landing_time": 382.0,
        "wait_time": 0,
        "Landing_success_rate": 0.9455
    },
    {
        "model": 1,
        "sequence": 3,
        "status": 1,
        "fuel": 5896,
        "fault": 0.244,
        "weapon": 1,
        "pilot_injury": 0.0176,
        "pilot_skill": 0.7977,
        "mission_priority": 0.7759,
        "estimated_landing_time": 288.0,
        "wait_time": 0,
        "Landing_success_rate": 0.8725
    }
]