[
    {
        "model": 0,
        "sequence": 12,
        "status": 1,
        "fuel": 7059,
        "fault": 0.9064,
        "weapon": 1,
        "pilot_injury": 0.1496,
        "pilot_skill": 0.7514,
        "mission_priority": 0.5737,
        "estimated_landing_time": 1134.0,
        "wait_time": 0,
        "Landing_success_rate": 0.8609
    },
    {
        "model": 0,
        "sequence": 3,
        "status": 1,
        "fuel": 5655,
        "fault": 0.924,
        "weapon": 0,
        "pilot_injury": 0.8527,
        "pilot_skill": 0.6391,
        "mission_priority": 0.8113,
        "estimated_landing_time": 288.0,
        "wait_time": 0,
        "Landing_success_rate": 0.8509
    },
    {
        "model": 2,
        "sequence": 6,
        "status": 1,
        "fuel": 6883,
        "fault": 0.5816,
        "weapon": 0,
        "pilot_injury": 0.9125,
        "pilot_skill": 0.7343,
        "mission_priority": 0.0907,
        "estimated_landing_time": 570.0,
        "wait_time": 0,
        "Landing_success_rate": 0.8934
    },
    {
        "model": 2,
        "sequence": 7,
        "status": 1,
        "fuel": 5622,
        "fault": 0.1964,
        "weapon": 1,
        "pilot_injury": 0.2983,
        "pilot_skill": 0.6233,
        "mission_priority": 0.5686,
        "estimated_landing_time": 664.0,
        "wait_time": 0,
        "Landing_success_rate": 0.8574
    },
    {
        "model": 1,
        "sequence": 14,
        "status": 1,
        "fuel": 5835,
        "fault": 0.1956,
        "weapon": 1,
        "pilot_injury": 0.9598,
        "pilot_skill": 0.9501,
        "mission_priority": 0.0042,
        "estimated_landing_time": 1322.0,
        "wait_time": 0,
        "Landing_success_rate": 0.8702
    },
    {
        "model": 2,
        "sequence": 5,
        "status": 1,
        "fuel": 7298,
        "fault": 0.8425,
        "weapon": 1,
        "pilot_injury": 0.8502,
        "pilot_skill": 0.8865,
        "mission_priority": 0.5183,
        "estimated_landing_time": 476.0,
        "wait_time": 0,
        "Landing_success_rate": 0.8712
    },
    {
        "model": 0,
        "sequence": 17,
        "status": 1,
        "fuel": 6480,
        "fault": 0.0368,
        "weapon": 1,
        "pilot_injury": 0.4996,
        "pilot_skill": 0.3638,
        "mission_priority": 0.2662,
        "estimated_landing_time": 1604.0,
        "wait_time": 0,
        "Landing_success_rate": 0.9208
    },
    {
        "model": 0,
        "sequence": 1,
        "status": 1,
        "fuel": 6188,
        "fault": 0.4019,
        "weapon": 0,
        "pilot_injury": 0.1668,
        "pilot_skill": 0.1748,
        "mission_priority": 0.0104,
        "estimated_landing_time": 100.0,
        "wait_time": 0,
        "Landing_success_rate": 0.8809
    },
    {
        "model": 0,
        "sequence": 2,
        "status": 1,
        "fuel": 5830,
        "fault": 0.6727,
        "weapon": 1,
        "pilot_injury": 0.8892,
        "pilot_skill": 0.7057,
        "mission_priority": 0.7855,
        "estimated_landing_time": 194.0,
        "wait_time": 0,
        "Landing_success_rate": 0.8581
    },
    {
        "model": 0,
        "sequence": 13,
        "status": 1,
        "fuel": 6553,
        "fault": 0.4875,
        "weapon": 1,
        "pilot_injury": 0.3686,
        "pilot_skill": 0.0814,
        "mission_priority": 0.6338,
        "estimated_landing_time": 1228.0,
        "wait_time": 0,
        "Landing_success_rate": 0.8905
    },
    {
        "model": 2,
        "sequence": 18,
        "status": 1,
        "fuel": 6559,
        "fault": 0.9881,
        "weapon": 0,
        "pilot_injury": 0.19,
        "pilot_skill": 0.2281,
        "mission_priority": 0.9573,
        "estimated_landing_time": 1698.0,
        "wait_time": 0,
        "Landing_success_rate": 0.8509
    },
    {
        "model": 1,
        "sequence": 8,
        "status": 1,
        "fuel": 5996,
        "fault": 0.8523,
        "weapon": 0,
        "pilot_injury": 0.0627,
        "pilot_skill": 0.0904,
        "mission_priority": 0.6335,
        "estimated_landing_time": 758.0,
        "wait_time": 0,
        "Landing_success_rate": 0.8555
    },
    {
        "model": 2,
        "sequence": 16,
        "status": 1,
        "fuel": 7441,
        "fault": 0.2354,
        "weapon": 0,
        "pilot_injury": 0.8725,
        "pilot_skill": 0.7022,
        "mission_priority": 0.3006,
        "estimated_landing_time": 1510.0,
        "wait_time": 0,
        "Landing_success_rate": 0.9613
    },
    {
        "model": 0,
        "sequence": 9,
        "status": 1,
        "fuel": 6248,
        "fault": 0.4817,
        "weapon": 0,
        "pilot_injury": 0.7336,
        "pilot_skill": 0.1488,
        "mission_priority": 0.3492,
        "estimated_landing_time": 852.0,
        "wait_time": 0,
        "Landing_success_rate": 0.8791
    },
    {
        "model": 1,
        "sequence": 15,
        "status": 1,
        "fuel": 5733,
        "fault": 0.7558,
        "weapon": 0,
        "pilot_injury": 0.2876,
        "pilot_skill": 0.976,
        "mission_priority": 0.7502,
        "estimated_landing_time": 1416.0,
        "wait_time": 0,
        "Landing_success_rate": 0.8543
    },
    {
        "model": 1,
        "sequence": 10,
        "status": 1,
        "fuel": 6969,
        "fault": 0.7299,
        "weapon": 1,
        "pilot_injury": 0.0005,
        "pilot_skill": 0.0582,
        "mission_priority": 0.553,
        "estimated_landing_time": 946.0,
        "wait_time": 0,
        "Landing_success_rate": 0.8798
    },
    {
        "model": 0,
        "sequence": 4,
        "status": 1,
        "fuel": 6195,
        "fault": 0.8498,
        "weapon": 1,
        "pilot_injury": 0.0496,
        "pilot_skill": 0.8759,
        "mission_priority": 0.6001,
        "estimated_landing_time": 382.0,
        "wait_time": 0,
        "Landing_success_rate": 0.8578
    },
    {
        "model": 0,
        "sequence": 11,
        "status": 1,
        "fuel": 7426,
        "fault": 0.8913,
        "weapon": 0,
        "pilot_injury": 0.7558,
        "pilot_skill": 0.2894,
        "mission_priority": 0.1884,
        "estimated_landing_time": 1040.0,
        "wait_time": 0,
        "Landing_success_rate": 0.8657
    }
]