[
    {
        "model": 2,
        "sequence": 18,
        "status": 1,
        "fuel": 6666,
        "fault": 0.5596,
        "weapon": 1,
        "pilot_injury": 0.2254,
        "pilot_skill": 0.4178,
        "mission_priority": 0.729,
        "estimated_landing_time": 1698.0,
        "wait_time": 0,
        "Landing_success_rate": 0.8885
    },
    {
        "model": 0,
        "sequence": 15,
        "status": 1,
        "fuel": 5790,
        "fault": 0.6978,
        "weapon": 0,
        "pilot_injury": 0.4775,
        "pilot_skill": 0.7415,
        "mission_priority": 0.0344,
        "estimated_landing_time": 1416.0,
        "wait_time": 0,
        "Landing_success_rate": 0.8566
    },
    {
        "model": 0,
        "sequence": 6,
        "status": 1,
        "fuel": 6232,
        "fault": 0.7098,
        "weapon": 1,
        "pilot_injury": 0.5887,
        "pilot_skill": 0.6187,
        "mission_priority": 0.0534,
        "estimated_landing_time": 570.0,
        "wait_time": 0,
        "Landing_success_rate": 0.8659
    },
    {
        "model": 1,
        "sequence": 2,
        "status": 1,
        "fuel": 6676,
        "fault": 0.7193,
        "weapon": 0,
        "pilot_injury": 0.8549,
        "pilot_skill": 0.7601,
        "mission_priority": 0.0312,
        "estimated_landing_time": 194.0,
        "wait_time": 0,
        "Landing_success_rate": 0.8748
    },
    {
        "model": 1,
        "sequence": 8,
        "status": 1,
        "fuel": 5561,
        "fault": 0.1185,
        "weapon": 1,
        "pilot_injury": 0.5801,
        "pilot_skill": 0.6764,
        "mission_priority": 0.1167,
        "estimated_landing_time": 758.0,
        "wait_time": 0,
        "Landing_success_rate": 0.854
    },
    {
        "model": 0,
        "sequence": 7,
        "status": 1,
        "fuel": 7389,
        "fault": 0.4544,
        "weapon": 1,
        "pilot_injury": 0.8007,
        "pilot_skill": 0.026,
        "mission_priority": 0.4362,
        "estimated_landing_time": 664.0,
        "wait_time": 0,
        "Landing_success_rate": 0.9273
    },
    {
        "model": 0,
        "sequence": 13,
        "status": 1,
        "fuel": 6508,
        "fault": 0.7645,
        "weapon": 0,
        "pilot_injury": 0.4502,
        "pilot_skill": 0.098,
        "mission_priority": 0.3592,
        "estimated_landing_time": 1228.0,
        "wait_time": 0,
        "Landing_success_rate": 0.8678
    },
    {
        "model": 1,
        "sequence": 9,
        "status": 1,
        "fuel": 6729,
        "fault": 0.1601,
        "weapon": 0,
        "pilot_injury": 0.6856,
        "pilot_skill": 0.8557,
        "mission_priority": 0.8975,
        "estimated_landing_time": 852.0,
        "wait_time": 0,
        "Landing_success_rate": 0.9274
    },
    {
        "model": 0,
        "sequence": 5,
        "status": 1,
        "fuel": 5955,
        "fault": 0.796,
        "weapon": 0,
        "pilot_injury": 0.5561,
        "pilot_skill": 0.8025,
        "mission_priority": 0.3145,
        "estimated_landing_time": 476.0,
        "wait_time": 0,
        "Landing_success_rate": 0.857
    },
    {
        "model": 2,
        "sequence": 14,
        "status": 1,
        "fuel": 7462,
        "fault": 0.6961,
        "weapon": 1,
        "pilot_injury": 0.5493,
        "pilot_skill": 0.5312,
        "mission_priority": 0.6552,
        "estimated_landing_time": 1322.0,
        "wait_time": 0,
        "Landing_success_rate": 0.8947
    },
    {
        "model": 2,
        "sequence": 16,
        "status": 1,
        "fuel": 6616,
        "fault": 0.7219,
        "weapon": 0,
        "pilot_injury": 0.2711,
        "pilot_skill": 0.2018,
        "mission_priority": 0.0721,
        "estimated_landing_time": 1510.0,
        "wait_time": 0,
        "Landing_success_rate": 0.8733
    },
    {
        "model": 0,
        "sequence": 17,
        "status": 1,
        "fuel": 6258,
        "fault": 0.9994,
        "weapon": 0,
        "pilot_injury": 0.555,
        "pilot_skill": 0.1259,
        "mission_priority": 0.7131,
        "estimated_landing_time": 1604.0,
        "wait_time": 0,
        "Landing_success_rate": 0.85
    },
    {
        "model": 0,
        "sequence": 1,
        "status": 1,
        "fuel": 6972,
        "fault": 0.2507,
        "weapon": 1,
        "pilot_injury": 0.9436,
        "pilot_skill": 0.2245,
        "mission_priority": 0.0976,
        "estimated_landing_time": 100.0,
        "wait_time": 0,
        "Landing_success_rate": 0.9327
    },
    {
        "model": 1,
        "sequence": 10,
        "status": 1,
        "fuel": 7118,
        "fault": 0.8367,
        "weapon": 0,
        "pilot_injury": 0.8578,
        "pilot_skill": 0.8943,
        "mission_priority": 0.9162,
        "estimated_landing_time": 946.0,
        "wait_time": 0,
        "Landing_success_rate": 0.8698
    },
    {
        "model": 2,
        "sequence": 4,
        "status": 1,
        "fuel": 6516,
        "fault": 0.7403,
        "weapon": 1,
        "pilot_injury": 0.6645,
        "pilot_skill": 0.9929,
        "mission_priority": 0.7147,
        "estimated_landing_time": 382.0,
        "wait_time": 0,
        "Landing_success_rate": 0.8698
    },
    {
        "model": 2,
        "sequence": 3,
        "status": 1,
        "fuel": 6015,
        "fault": 0.589,
        "weapon": 1,
        "pilot_injury": 0.6206,
        "pilot_skill": 0.553,
        "mission_priority": 0.9693,
        "estimated_landing_time": 288.0,
        "wait_time": 0,
        "Landing_success_rate": 0.8659
    },
    {
        "model": 2,
        "sequence": 12,
        "status": 1,
        "fuel": 6762,
        "fault": 0.3118,
        "weapon": 0,
        "pilot_injury": 0.2842,
        "pilot_skill": 0.5091,
        "mission_priority": 0.7461,
        "estimated_landing_time": 1134.0,
        "wait_time": 0,
        "Landing_success_rate": 0.9151
    },
    {
        "model": 2,
        "sequence": 11,
        "status": 1,
        "fuel": 6115,
        "fault": 0.9721,
        "weapon": 0,
        "pilot_injury": 0.2987,
        "pilot_skill": 0.4277,
        "mission_priority": 0.9573,
        "estimated_landing_time": 1040.0,
        "wait_time": 0,
        "Landing_success_rate": 0.8513
    }
]