[
    {
        "model": 2,
        "sequence": 18,
        "status": 1,
        "fuel": 5850,
        "fault": 0.6858,
        "weapon": 0,
        "pilot_injury": 0.6409,
        "pilot_skill": 0.9447,
        "mission_priority": 0.1124,
        "estimated_landing_time": 1698.0,
        "wait_time": 0,
        "Landing_success_rate": 1.0
    },
    {
        "model": 2,
        "sequence": 26,
        "status": 1,
        "fuel": 6120,
        "fault": 0.4114,
        "weapon": 0,
        "pilot_injury": 0.8941,
        "pilot_skill": 0.9646,
        "mission_priority": 0.4787,
        "estimated_landing_time": 2450.0,
        "wait_time": 0,
        "Landing_success_rate": 1.0
    },
    {
        "model": 0,
        "sequence": 19,
        "status": 1,
        "fuel": 6305,
        "fault": 0.8497,
        "weapon": 1,
        "pilot_injury": 0.6971,
        "pilot_skill": 0.3547,
        "mission_priority": 0.8874,
        "estimated_landing_time": 1792.0,
        "wait_time": 0,
        "Landing_success_rate": 1.0
    },
    {
        "model": 0,
        "sequence": 12,
        "status": 1,
        "fuel": 7140,
        "fault": 0.1566,
        "weapon": 1,
        "pilot_injury": 0.5657,
        "pilot_skill": 0.2975,
        "mission_priority": 0.5845,
        "estimated_landing_time": 1134.0,
        "wait_time": 0,
        "Landing_success_rate": 1.0
    },
    {
        "model": 2,
        "sequence": 24,
        "status": 1,
        "fuel": 7078,
        "fault": 0.3935,
        "weapon": 0,
        "pilot_injury": 0.0672,
        "pilot_skill": 0.2527,
        "mission_priority": 0.1979,
        "estimated_landing_time": 2262.0,
        "wait_time": 0,
        "Landing_success_rate": 1.0
    },
    {
        "model": 2,
        "sequence": 5,
        "status": 1,
        "fuel": 6377,
        "fault": 0.6474,
        "weapon": 0,
        "pilot_injury": 0.6086,
        "pilot_skill": 0.3882,
        "mission_priority": 0.4212,
        "estimated_landing_time": 476.0,
        "wait_time": 0,
        "Landing_success_rate": 1.0
    },
    {
        "model": 1,
        "sequence": 15,
        "status": 1,
        "fuel": 7108,
        "fault": 0.6367,
        "weapon": 0,
        "pilot_injury": 0.9878,
        "pilot_skill": 0.4396,
        "mission_priority": 0.6496,
        "estimated_landing_time": 1416.0,
        "wait_time": 0,
        "Landing_success_rate": 1.0
    },
    {
        "model": 2,
        "sequence": 28,
        "status": 1,
        "fuel": 7288,
        "fault": 0.3002,
        "weapon": 1,
        "pilot_injury": 0.8514,
        "pilot_skill": 0.9425,
        "mission_priority": 0.9973,
        "estimated_landing_time": 2638.0,
        "wait_time": 0,
        "Landing_success_rate": 1.0
    },
    {
        "model": 2,
        "sequence": 11,
        "status": 1,
        "fuel": 6529,
        "fault": 0.7092,
        "weapon": 1,
        "pilot_injury": 0.4507,
        "pilot_skill": 0.5638,
        "mission_priority": 0.1575,
        "estimated_landing_time": 1040.0,
        "wait_time": 0,
        "Landing_success_rate": 1.0
    },
    {
        "model": 0,
        "sequence": 14,
        "status": 1,
        "fuel": 7121,
        "fault": 0.462,
        "weapon": 1,
        "pilot_injury": 0.4497,
        "pilot_skill": 0.2804,
        "mission_priority": 0.1408,
        "estimated_landing_time": 1322.0,
        "wait_time": 0,
        "Landing_success_rate": 1.0
    },
    {
        "model": 2,
        "sequence": 7,
        "status": 1,
        "fuel": 7072,
        "fault": 0.268,
        "weapon": 1,
        "pilot_injury": 0.9095,
        "pilot_skill": 0.671,
        "mission_priority": 0.6457,
        "estimated_landing_time": 664.0,
        "wait_time": 0,
        "Landing_success_rate": 1.0
    },
    {
        "model": 1,
        "sequence": 2,
        "status": 1,
        "fuel": 6054,
        "fault": 0.0343,
        "weapon": 1,
        "pilot_injury": 0.9319,
        "pilot_skill": 0.6279,
        "mission_priority": 0.9941,
        "estimated_landing_time": 194.0,
        "wait_time": 0,
        "Landing_success_rate": 1.0
    },
    {
        "model": 2,
        "sequence": 10,
        "status": 1,
        "fuel": 5614,
        "fault": 0.7749,
        "weapon": 0,
        "pilot_injury": 0.0562,
        "pilot_skill": 0.6317,
        "mission_priority": 0.7646,
        "estimated_landing_time": 946.0,
        "wait_time": 0,
        "Landing_success_rate": 1.0
    },
    {
        "model": 0,
        "sequence": 29,
        "status": 1,
        "fuel": 7160,
        "fault": 0.8706,
        "weapon": 1,
        "pilot_injury": 0.2263,
        "pilot_skill": 0.9754,
        "mission_priority": 0.9952,
        "estimated_landing_time": 2732.0,
        "wait_time": 0,
        "Landing_success_rate": 1.0
    },
    {
        "model": 0,
        "sequence": 1,
        "status": 1,
        "fuel": 5589,
        "fault": 0.6104,
        "weapon": 1,
        "pilot_injury": 0.2894,
        "pilot_skill": 0.6893,
        "mission_priority": 0.3381,
        "estimated_landing_time": 100.0,
        "wait_time": 0,
        "Landing_success_rate": 1.0
    },
    {
        "model": 0,
        "sequence": 22,
        "status": 1,
        "fuel": 7376,
        "fault": 0.5453,
        "weapon": 1,
        "pilot_injury": 0.4977,
        "pilot_skill": 0.428,
        "mission_priority": 0.326,
        "estimated_landing_time": 2074.0,
        "wait_time": 0,
        "Landing_success_rate": 1.0
    },
    {
        "model": 0,
        "sequence": 9,
        "status": 1,
        "fuel": 7354,
        "fault": 0.6027,
        "weapon": 1,
        "pilot_injury": 0.7167,
        "pilot_skill": 0.9806,
        "mission_priority": 0.8046,
        "estimated_landing_time": 852.0,
        "wait_time": 0,
        "Landing_success_rate": 1.0
    },
    {
        "model": 2,
        "sequence": 8,
        "status": 1,
        "fuel": 7248,
        "fault": 0.6175,
        "weapon": 0,
        "pilot_injury": 0.3249,
        "pilot_skill": 0.517,
        "mission_priority": 0.0457,
        "estimated_landing_time": 758.0,
        "wait_time": 0,
        "Landing_success_rate": 1.0
    },
    {
        "model": 1,
        "sequence": 4,
        "status": 1,
        "fuel": 6924,
        "fault": 0.9531,
        "weapon": 1,
        "pilot_injury": 0.903,
        "pilot_skill": 0.0836,
        "mission_priority": 0.8226,
        "estimated_landing_time": 382.0,
        "wait_time": 0,
        "Landing_success_rate": 1.0
    },
    {
        "model": 1,
        "sequence": 30,
        "status": 1,
        "fuel": 6525,
        "fault": 0.9645,
        "weapon": 1,
        "pilot_injury": 0.7195,
        "pilot_skill": 0.2803,
        "mission_priority": 0.7145,
        "estimated_landing_time": 2826.0,
        "wait_time": 0,
        "Landing_success_rate": 1.0
    },
    {
        "model": 1,
        "sequence": 3,
        "status": 1,
        "fuel": 5807,
        "fault": 0.1648,
        "weapon": 1,
        "pilot_injury": 0.9321,
        "pilot_skill": 0.4523,
        "mission_priority": 0.7344,
        "estimated_landing_time": 288.0,
        "wait_time": 0,
        "Landing_success_rate": 1.0
    },
    {
        "model": 2,
        "sequence": 6,
        "status": 1,
        "fuel": 6085,
        "fault": 0.8572,
        "weapon": 0,
        "pilot_injury": 0.3028,
        "pilot_skill": 0.2004,
        "mission_priority": 0.5426,
        "estimated_landing_time": 570.0,
        "wait_time": 0,
        "Landing_success_rate": 1.0
    },
    {
        "model": 2,
        "sequence": 27,
        "status": 1,
        "fuel": 5713,
        "fault": 0.3747,
        "weapon": 0,
        "pilot_injury": 0.6726,
        "pilot_skill": 0.6905,
        "mission_priority": 0.0459,
        "estimated_landing_time": 2544.0,
        "wait_time": 0,
        "Landing_success_rate": 1.0
    },
    {
        "model": 2,
        "sequence": 16,
        "status": 1,
        "fuel": 6935,
        "fault": 0.3899,
        "weapon": 0,
        "pilot_injury": 0.0969,
        "pilot_skill": 0.2359,
        "mission_priority": 0.0516,
        "estimated_landing_time": 1510.0,
        "wait_time": 0,
        "Landing_success_rate": 1.0
    },
    {
        "model": 1,
        "sequence": 25,
        "status": 1,
        "fuel": 5745,
        "fault": 0.0143,
        "weapon": 0,
        "pilot_injury": 0.0875,
        "pilot_skill": 0.0202,
        "mission_priority": 0.7193,
        "estimated_landing_time": 2356.0,
        "wait_time": 0,
        "Landing_success_rate": 1.0
    },
    {
        "model": 2,
        "sequence": 23,
        "status": 1,
        "fuel": 6980,
        "fault": 0.6333,
        "weapon": 1,
        "pilot_injury": 0.9235,
        "pilot_skill": 0.5993,
        "mission_priority": 0.1871,
        "estimated_landing_time": 2168.0,
        "wait_time": 0,
        "Landing_success_rate": 1.0
    },
    {
        "model": 2,
        "sequence": 17,
        "status": 1,
        "fuel": 7121,
        "fault": 0.3733,
        "weapon": 1,
        "pilot_injury": 0.5802,
        "pilot_skill": 0.682,
        "mission_priority": 0.3375,
        "estimated_landing_time": 1604.0,
        "wait_time": 0,
        "Landing_success_rate": 1.0
    },
    {
        "model": 0,
        "sequence": 21,
        "status": 1,
        "fuel": 6657,
        "fault": 0.3464,
        "weapon": 1,
        "pilot_injury": 0.9278,
        "pilot_skill": 0.629,
        "mission_priority": 0.7898,
        "estimated_landing_time": 1980.0,
        "wait_time": 0,
        "Landing_success_rate": 1.0
    },
    {
        "model": 0,
        "sequence": 13,
        "status": 1,
        "fuel": 6973,
        "fault": 0.0827,
        "weapon": 0,
        "pilot_injury": 0.532,
        "pilot_skill": 0.1766,
        "mission_priority": 0.635,
        "estimated_landing_time": 1228.0,
        "wait_time": 0,
        "Landing_success_rate": 1.0
    },
    {
        "model": 1,
        "sequence": 20,
        "status": 1,
        "fuel": 5603,
        "fault": 0.9076,
        "weapon": 0,
        "pilot_injury": 0.8081,
        "pilot_skill": 0.4638,
        "mission_priority": 0.1808,
        "estimated_landing_time": 1886.0,
        "wait_time": 0,
        "Landing_success_rate": 1.0
    }
]