[
    {
        "model": 0,
        "sequence": 13,
        "status": 1,
        "fuel": 7328,
        "fault": 0.1966,
        "weapon": 1,
        "pilot_injury": 0.039,
        "pilot_skill": 0.8478,
        "mission_priority": 0.8639,
        "estimated_landing_time": 1228.0,
        "wait_time": 0,
        "Landing_success_rate": 1.0
    },
    {
        "model": 0,
        "sequence": 29,
        "status": 1,
        "fuel": 5888,
        "fault": 0.8994,
        "weapon": 1,
        "pilot_injury": 0.8131,
        "pilot_skill": 0.7863,
        "mission_priority": 0.8901,
        "estimated_landing_time": 2732.0,
        "wait_time": 0,
        "Landing_success_rate": 1.0
    },
    {
        "model": 1,
        "sequence": 8,
        "status": 1,
        "fuel": 6356,
        "fault": 0.5742,
        "weapon": 0,
        "pilot_injury": 0.9961,
        "pilot_skill": 0.1165,
        "mission_priority": 0.8495,
        "estimated_landing_time": 758.0,
        "wait_time": 0,
        "Landing_success_rate": 1.0
    },
    {
        "model": 2,
        "sequence": 5,
        "status": 1,
        "fuel": 5982,
        "fault": 0.8388,
        "weapon": 0,
        "pilot_injury": 0.6131,
        "pilot_skill": 0.056,
        "mission_priority": 0.5065,
        "estimated_landing_time": 476.0,
        "wait_time": 0,
        "Landing_success_rate": 1.0
    },
    {
        "model": 2,
        "sequence": 3,
        "status": 1,
        "fuel": 7338,
        "fault": 0.6456,
        "weapon": 0,
        "pilot_injury": 0.4264,
        "pilot_skill": 0.9395,
        "mission_priority": 0.4286,
        "estimated_landing_time": 288.0,
        "wait_time": 0,
        "Landing_success_rate": 1.0
    },
    {
        "model": 0,
        "sequence": 23,
        "status": 1,
        "fuel": 6319,
        "fault": 0.4004,
        "weapon": 1,
        "pilot_injury": 0.5195,
        "pilot_skill": 0.632,
        "mission_priority": 0.8007,
        "estimated_landing_time": 2168.0,
        "wait_time": 0,
        "Landing_success_rate": 1.0
    },
    {
        "model": 0,
        "sequence": 1,
        "status": 1,
        "fuel": 5588,
        "fault": 0.8815,
        "weapon": 0,
        "pilot_injury": 0.5337,
        "pilot_skill": 0.3385,
        "mission_priority": 0.658,
        "estimated_landing_time": 100.0,
        "wait_time": 0,
        "Landing_success_rate": 1.0
    },
    {
        "model": 2,
        "sequence": 18,
        "status": 1,
        "fuel": 6865,
        "fault": 0.3667,
        "weapon": 0,
        "pilot_injury": 0.0566,
        "pilot_skill": 0.1699,
        "mission_priority": 0.2853,
        "estimated_landing_time": 1698.0,
        "wait_time": 0,
        "Landing_success_rate": 1.0
    },
    {
        "model": 0,
        "sequence": 4,
        "status": 1,
        "fuel": 7255,
        "fault": 0.7054,
        "weapon": 1,
        "pilot_injury": 0.0183,
        "pilot_skill": 0.7557,
        "mission_priority": 0.2653,
        "estimated_landing_time": 382.0,
        "wait_time": 0,
        "Landing_success_rate": 1.0
    },
    {
        "model": 2,
        "sequence": 16,
        "status": 1,
        "fuel": 7396,
        "fault": 0.8295,
        "weapon": 1,
        "pilot_injury": 0.2159,
        "pilot_skill": 0.8845,
        "mission_priority": 0.0854,
        "estimated_landing_time": 1510.0,
        "wait_time": 0,
        "Landing_success_rate": 1.0
    },
    {
        "model": 2,
        "sequence": 21,
        "status": 1,
        "fuel": 6239,
        "fault": 0.0313,
        "weapon": 1,
        "pilot_injury": 0.6158,
        "pilot_skill": 0.2923,
        "mission_priority": 0.4208,
        "estimated_landing_time": 1980.0,
        "wait_time": 0,
        "Landing_success_rate": 1.0
    },
    {
        "model": 2,
        "sequence": 14,
        "status": 1,
        "fuel": 6613,
        "fault": 0.1199,
        "weapon": 0,
        "pilot_injury": 0.8931,
        "pilot_skill": 0.3424,
        "mission_priority": 0.9982,
        "estimated_landing_time": 1322.0,
        "wait_time": 0,
        "Landing_success_rate": 1.0
    },
    {
        "model": 2,
        "sequence": 6,
        "status": 1,
        "fuel": 7147,
        "fault": 0.9765,
        "weapon": 1,
        "pilot_injury": 0.8238,
        "pilot_skill": 0.1995,
        "mission_priority": 0.0608,
        "estimated_landing_time": 570.0,
        "wait_time": 0,
        "Landing_success_rate": 1.0
    },
    {
        "model": 1,
        "sequence": 12,
        "status": 1,
        "fuel": 6642,
        "fault": 0.5894,
        "weapon": 0,
        "pilot_injury": 0.7306,
        "pilot_skill": 0.6243,
        "mission_priority": 0.2376,
        "estimated_landing_time": 1134.0,
        "wait_time": 0,
        "Landing_success_rate": 1.0
    },
    {
        "model": 2,
        "sequence": 7,
        "status": 1,
        "fuel": 6780,
        "fault": 0.1136,
        "weapon": 0,
        "pilot_injury": 0.815,
        "pilot_skill": 0.3232,
        "mission_priority": 0.9823,
        "estimated_landing_time": 664.0,
        "wait_time": 0,
        "Landing_success_rate": 1.0
    },
    {
        "model": 0,
        "sequence": 22,
        "status": 1,
        "fuel": 6913,
        "fault": 0.1609,
        "weapon": 0,
        "pilot_injury": 0.0352,
        "pilot_skill": 0.1684,
        "mission_priority": 0.7279,
        "estimated_landing_time": 2074.0,
        "wait_time": 0,
        "Landing_success_rate": 1.0
    },
    {
        "model": 0,
        "sequence": 24,
        "status": 1,
        "fuel": 6429,
        "fault": 0.1717,
        "weapon": 0,
        "pilot_injury": 0.0933,
        "pilot_skill": 0.9209,
        "mission_priority": 0.344,
        "estimated_landing_time": 2262.0,
        "wait_time": 0,
        "Landing_success_rate": 1.0
    },
    {
        "model": 0,
        "sequence": 20,
        "status": 1,
        "fuel": 7457,
        "fault": 0.3555,
        "weapon": 1,
        "pilot_injury": 0.0061,
        "pilot_skill": 0.4641,
        "mission_priority": 0.0247,
        "estimated_landing_time": 1886.0,
        "wait_time": 0,
        "Landing_success_rate": 1.0
    },
    {
        "model": 0,
        "sequence": 11,
        "status": 1,
        "fuel": 7237,
        "fault": 0.5432,
        "weapon": 1,
        "pilot_injury": 0.0749,
        "pilot_skill": 0.1103,
        "mission_priority": 0.3835,
        "estimated_landing_time": 1040.0,
        "wait_time": 0,
        "Landing_success_rate": 1.0
    },
    {
        "model": 1,
        "sequence": 30,
        "status": 1,
        "fuel": 5533,
        "fault": 0.1553,
        "weapon": 1,
        "pilot_injury": 0.8676,
        "pilot_skill": 0.3665,
        "mission_priority": 0.0432,
        "estimated_landing_time": 2826.0,
        "wait_time": 0,
        "Landing_success_rate": 1.0
    },
    {
        "model": 2,
        "sequence": 19,
        "status": 1,
        "fuel": 5858,
        "fault": 0.6159,
        "weapon": 0,
        "pilot_injury": 0.9477,
        "pilot_skill": 0.3687,
        "mission_priority": 0.0101,
        "estimated_landing_time": 1792.0,
        "wait_time": 0,
        "Landing_success_rate": 1.0
    },
    {
        "model": 2,
        "sequence": 26,
        "status": 1,
        "fuel": 6453,
        "fault": 0.8768,
        "weapon": 0,
        "pilot_injury": 0.9656,
        "pilot_skill": 0.1609,
        "mission_priority": 0.1812,
        "estimated_landing_time": 2450.0,
        "wait_time": 0,
        "Landing_success_rate": 1.0
    },
    {
        "model": 0,
        "sequence": 27,
        "status": 1,
        "fuel": 5642,
        "fault": 0.2158,
        "weapon": 0,
        "pilot_injury": 0.7394,
        "pilot_skill": 0.1811,
        "mission_priority": 0.959,
        "estimated_landing_time": 2544.0,
        "wait_time": 0,
        "Landing_success_rate": 1.0
    },
    {
        "model": 0,
        "sequence": 10,
        "status": 1,
        "fuel": 6132,
        "fault": 0.7636,
        "weapon": 0,
        "pilot_injury": 0.5401,
        "pilot_skill": 0.4143,
        "mission_priority": 0.9772,
        "estimated_landing_time": 946.0,
        "wait_time": 0,
        "Landing_success_rate": 1.0
    },
    {
        "model": 0,
        "sequence": 17,
        "status": 1,
        "fuel": 6554,
        "fault": 0.8669,
        "weapon": 0,
        "pilot_injury": 0.56,
        "pilot_skill": 0.6314,
        "mission_priority": 0.2421,
        "estimated_landing_time": 1604.0,
        "wait_time": 0,
        "Landing_success_rate": 1.0
    },
    {
        "model": 2,
        "sequence": 2,
        "status": 1,
        "fuel": 6055,
        "fault": 0.2554,
        "weapon": 1,
        "pilot_injury": 0.186,
        "pilot_skill": 0.2548,
        "mission_priority": 0.3049,
        "estimated_landing_time": 194.0,
        "wait_time": 0,
        "Landing_success_rate": 1.0
    },
    {
        "model": 1,
        "sequence": 9,
        "status": 1,
        "fuel": 5628,
        "fault": 0.4756,
        "weapon": 0,
        "pilot_injury": 0.0989,
        "pilot_skill": 0.0424,
        "mission_priority": 0.6739,
        "estimated_landing_time": 852.0,
        "wait_time": 0,
        "Landing_success_rate": 1.0
    },
    {
        "model": 1,
        "sequence": 28,
        "status": 1,
        "fuel": 7147,
        "fault": 0.3657,
        "weapon": 1,
        "pilot_injury": 0.6344,
        "pilot_skill": 0.8277,
        "mission_priority": 0.4277,
        "estimated_landing_time": 2638.0,
        "wait_time": 0,
        "Landing_success_rate": 1.0
    },
    {
        "model": 1,
        "sequence": 15,
        "status": 1,
        "fuel": 7471,
        "fault": 0.9759,
        "weapon": 1,
        "pilot_injury": 0.8396,
        "pilot_skill": 0.426,
        "mission_priority": 0.6447,
        "estimated_landing_time": 1416.0,
        "wait_time": 0,
        "Landing_success_rate": 1.0
    },
    {
        "model": 1,
        "sequence": 25,
        "status": 1,
        "fuel": 6794,
        "fault": 0.8344,
        "weapon": 1,
        "pilot_injury": 0.9813,
        "pilot_skill": 0.5183,
        "mission_priority": 0.9276,
        "estimated_landing_time": 2356.0,
        "wait_time": 0,
        "Landing_success_rate": 1.0
    }
]