[
    {
        "model": 1,
        "sequence": 15,
        "status": 1,
        "fuel": 6280,
        "fault": 0.4681,
        "weapon": 0,
        "pilot_injury": 0.7725,
        "pilot_skill": 0.7025,
        "mission_priority": 0.6153,
        "estimated_landing_time": 1416.0,
        "wait_time": 0,
        "Landing_success_rate": 1.0
    },
    {
        "model": 2,
        "sequence": 12,
        "status": 1,
        "fuel": 6257,
        "fault": 0.43,
        "weapon": 0,
        "pilot_injury": 0.7041,
        "pilot_skill": 0.9352,
        "mission_priority": 0.3758,
        "estimated_landing_time": 1134.0,
        "wait_time": 0,
        "Landing_success_rate": 1.0
    },
    {
        "model": 1,
        "sequence": 16,
        "status": 1,
        "fuel": 5737,
        "fault": 0.8276,
        "weapon": 0,
        "pilot_injury": 0.6744,
        "pilot_skill": 0.7629,
        "mission_priority": 0.0455,
        "estimated_landing_time": 1510.0,
        "wait_time": 0,
        "Landing_success_rate": 1.0
    },
    {
        "model": 0,
        "sequence": 30,
        "status": 1,
        "fuel": 6348,
        "fault": 0.5106,
        "weapon": 1,
        "pilot_injury": 0.67,
        "pilot_skill": 0.4683,
        "mission_priority": 0.7736,
        "estimated_landing_time": 2826.0,
        "wait_time": 0,
        "Landing_success_rate": 1.0
    },
    {
        "model": 1,
        "sequence": 28,
        "status": 1,
        "fuel": 6064,
        "fault": 0.0502,
        "weapon": 1,
        "pilot_injury": 0.2785,
        "pilot_skill": 0.853,
        "mission_priority": 0.9284,
        "estimated_landing_time": 2638.0,
        "wait_time": 0,
        "Landing_success_rate": 1.0
    },
    {
        "model": 2,
        "sequence": 5,
        "status": 1,
        "fuel": 6890,
        "fault": 0.1607,
        "weapon": 0,
        "pilot_injury": 0.7537,
        "pilot_skill": 0.2155,
        "mission_priority": 0.336,
        "estimated_landing_time": 476.0,
        "wait_time": 0,
        "Landing_success_rate": 1.0
    },
    {
        "model": 2,
        "sequence": 3,
        "status": 1,
        "fuel": 5639,
        "fault": 0.7246,
        "weapon": 1,
        "pilot_injury": 0.915,
        "pilot_skill": 0.1891,
        "mission_priority": 0.9224,
        "estimated_landing_time": 288.0,
        "wait_time": 0,
        "Landing_success_rate": 1.0
    },
    {
        "model": 0,
        "sequence": 2,
        "status": 1,
        "fuel": 6791,
        "fault": 0.3798,
        "weapon": 1,
        "pilot_injury": 0.1998,
        "pilot_skill": 0.0555,
        "mission_priority": 0.5685,
        "estimated_landing_time": 194.0,
        "wait_time": 0,
        "Landing_success_rate": 1.0
    },
    {
        "model": 1,
        "sequence": 11,
        "status": 1,
        "fuel": 6362,
        "fault": 0.7728,
        "weapon": 1,
        "pilot_injury": 0.5565,
        "pilot_skill": 0.8565,
        "mission_priority": 0.8351,
        "estimated_landing_time": 1040.0,
        "wait_time": 0,
        "Landing_success_rate": 1.0
    },
    {
        "model": 1,
        "sequence": 29,
        "status": 1,
        "fuel": 7091,
        "fault": 0.3873,
        "weapon": 1,
        "pilot_injury": 0.318,
        "pilot_skill": 0.7494,
        "mission_priority": 0.4311,
        "estimated_landing_time": 2732.0,
        "wait_time": 0,
        "Landing_success_rate": 1.0
    },
    {
        "model": 1,
        "sequence": 8,
        "status": 1,
        "fuel": 7235,
        "fault": 0.7752,
        "weapon": 0,
        "pilot_injury": 0.4186,
        "pilot_skill": 0.2925,
        "mission_priority": 0.3322,
        "estimated_landing_time": 758.0,
        "wait_time": 0,
        "Landing_success_rate": 1.0
    },
    {
        "model": 0,
        "sequence": 27,
        "status": 1,
        "fuel": 6973,
        "fault": 0.6679,
        "weapon": 0,
        "pilot_injury": 0.6371,
        "pilot_skill": 0.5973,
        "mission_priority": 0.6534,
        "estimated_landing_time": 2544.0,
        "wait_time": 0,
        "Landing_success_rate": 1.0
    },
    {
        "model": 1,
        "sequence": 14,
        "status": 1,
        "fuel": 5683,
        "fault": 0.3175,
        "weapon": 1,
        "pilot_injury": 0.6196,
        "pilot_skill": 0.5996,
        "mission_priority": 0.5063,
        "estimated_landing_time": 1322.0,
        "wait_time": 0,
        "Landing_success_rate": 1.0
    },
    {
        "model": 2,
        "sequence": 1,
        "status": 1,
        "fuel": 7249,
        "fault": 0.2775,
        "weapon": 0,
        "pilot_injury": 0.3398,
        "pilot_skill": 0.4556,
        "mission_priority": 0.6781,
        "estimated_landing_time": 100.0,
        "wait_time": 0,
        "Landing_success_rate": 1.0
    },
    {
        "model": 1,
        "sequence": 24,
        "status": 1,
        "fuel": 6476,
        "fault": 0.7062,
        "weapon": 0,
        "pilot_injury": 0.4356,
        "pilot_skill": 0.7945,
        "mission_priority": 0.2781,
        "estimated_landing_time": 2262.0,
        "wait_time": 0,
        "Landing_success_rate": 1.0
    },
    {
        "model": 0,
        "sequence": 6,
        "status": 1,
        "fuel": 7273,
        "fault": 0.0789,
        "weapon": 0,
        "pilot_injury": 0.8495,
        "pilot_skill": 0.089,
        "mission_priority": 0.9917,
        "estimated_landing_time": 570.0,
        "wait_time": 0,
        "Landing_success_rate": 1.0
    },
    {
        "model": 1,
        "sequence": 19,
        "status": 1,
        "fuel": 6108,
        "fault": 0.9355,
        "weapon": 1,
        "pilot_injury": 0.939,
        "pilot_skill": 0.4528,
        "mission_priority": 0.1985,
        "estimated_landing_time": 1792.0,
        "wait_time": 0,
        "Landing_success_rate": 1.0
    },
    {
        "model": 1,
        "sequence": 25,
        "status": 1,
        "fuel": 6422,
        "fault": 0.0924,
        "weapon": 1,
        "pilot_injury": 0.7101,
        "pilot_skill": 0.2729,
        "mission_priority": 0.3414,
        "estimated_landing_time": 2356.0,
        "wait_time": 0,
        "Landing_success_rate": 1.0
    },
    {
        "model": 2,
        "sequence": 17,
        "status": 1,
        "fuel": 6248,
        "fault": 0.4467,
        "weapon": 1,
        "pilot_injury": 0.1894,
        "pilot_skill": 0.005,
        "mission_priority": 0.0601,
        "estimated_landing_time": 1604.0,
        "wait_time": 0,
        "Landing_success_rate": 1.0
    },
    {
        "model": 1,
        "sequence": 18,
        "status": 1,
        "fuel": 6596,
        "fault": 0.7512,
        "weapon": 1,
        "pilot_injury": 0.273,
        "pilot_skill": 0.1772,
        "mission_priority": 0.2943,
        "estimated_landing_time": 1698.0,
        "wait_time": 0,
        "Landing_success_rate": 1.0
    },
    {
        "model": 2,
        "sequence": 10,
        "status": 1,
        "fuel": 6718,
        "fault": 0.757,
        "weapon": 1,
        "pilot_injury": 0.7842,
        "pilot_skill": 0.4624,
        "mission_priority": 0.865,
        "estimated_landing_time": 946.0,
        "wait_time": 0,
        "Landing_success_rate": 1.0
    },
    {
        "model": 2,
        "sequence": 23,
        "status": 1,
        "fuel": 7079,
        "fault": 0.4112,
        "weapon": 1,
        "pilot_injury": 0.8561,
        "pilot_skill": 0.3568,
        "mission_priority": 0.7575,
        "estimated_landing_time": 2168.0,
        "wait_time": 0,
        "Landing_success_rate": 1.0
    },
    {
        "model": 0,
        "sequence": 13,
        "status": 1,
        "fuel": 6655,
        "fault": 0.3139,
        "weapon": 0,
        "pilot_injury": 0.1071,
        "pilot_skill": 0.4401,
        "mission_priority": 0.7297,
        "estimated_landing_time": 1228.0,
        "wait_time": 0,
        "Landing_success_rate": 1.0
    },
    {
        "model": 2,
        "sequence": 4,
        "status": 1,
        "fuel": 7422,
        "fault": 0.3421,
        "weapon": 0,
        "pilot_injury": 0.8631,
        "pilot_skill": 0.8225,
        "mission_priority": 0.1733,
        "estimated_landing_time": 382.0,
        "wait_time": 0,
        "Landing_success_rate": 1.0
    },
    {
        "model": 2,
        "sequence": 22,
        "status": 1,
        "fuel": 7004,
        "fault": 0.1169,
        "weapon": 0,
        "pilot_injury": 0.4928,
        "pilot_skill": 0.2999,
        "mission_priority": 0.5961,
        "estimated_landing_time": 2074.0,
        "wait_time": 0,
        "Landing_success_rate": 1.0
    },
    {
        "model": 0,
        "sequence": 7,
        "status": 1,
        "fuel": 6825,
        "fault": 0.6322,
        "weapon": 1,
        "pilot_injury": 0.1166,
        "pilot_skill": 0.5467,
        "mission_priority": 0.9024,
        "estimated_landing_time": 664.0,
        "wait_time": 0,
        "Landing_success_rate": 1.0
    },
    {
        "model": 2,
        "sequence": 20,
        "status": 1,
        "fuel": 6635,
        "fault": 0.2179,
        "weapon": 0,
        "pilot_injury": 0.6587,
        "pilot_skill": 0.9316,
        "mission_priority": 0.821,
        "estimated_landing_time": 1886.0,
        "wait_time": 0,
        "Landing_success_rate": 1.0
    },
    {
        "model": 0,
        "sequence": 26,
        "status": 1,
        "fuel": 6225,
        "fault": 0.5231,
        "weapon": 1,
        "pilot_injury": 0.8984,
        "pilot_skill": 0.3995,
        "mission_priority": 0.3268,
        "estimated_landing_time": 2450.0,
        "wait_time": 0,
        "Landing_success_rate": 1.0
    },
    {
        "model": 1,
        "sequence": 21,
        "status": 1,
        "fuel": 6508,
        "fault": 0.0827,
        "weapon": 0,
        "pilot_injury": 0.801,
        "pilot_skill": 0.1045,
        "mission_priority": 0.5769,
        "estimated_landing_time": 1980.0,
        "wait_time": 0,
        "Landing_success_rate": 1.0
    },
    {
        "model": 0,
        "sequence": 9,
        "status": 1,
        "fuel": 5810,
        "fault": 0.3615,
        "weapon": 0,
        "pilot_injury": 0.9806,
        "pilot_skill": 0.2147,
        "mission_priority": 0.0672,
        "estimated_landing_time": 852.0,
        "wait_time": 0,
        "Landing_success_rate": 1.0
    }
]