[
    {
        "model": 0,
        "sequence": 25,
        "status": 1,
        "fuel": 7328,
        "fault": 0.7072,
        "weapon": 1,
        "pilot_injury": 0.7712,
        "pilot_skill": 0.3744,
        "mission_priority": 0.0689,
        "estimated_landing_time": 2356.0,
        "wait_time": 0,
        "Landing_success_rate": 1.0
    },
    {
        "model": 0,
        "sequence": 13,
        "status": 1,
        "fuel": 5550,
        "fault": 0.7364,
        "weapon": 1,
        "pilot_injury": 0.8404,
        "pilot_skill": 0.9107,
        "mission_priority": 0.1228,
        "estimated_landing_time": 1228.0,
        "wait_time": 0,
        "Landing_success_rate": 1.0
    },
    {
        "model": 0,
        "sequence": 17,
        "status": 1,
        "fuel": 7136,
        "fault": 0.9848,
        "weapon": 1,
        "pilot_injury": 0.1863,
        "pilot_skill": 0.8375,
        "mission_priority": 0.3321,
        "estimated_landing_time": 1604.0,
        "wait_time": 0,
        "Landing_success_rate": 1.0
    },
    {
        "model": 2,
        "sequence": 30,
        "status": 1,
        "fuel": 7473,
        "fault": 0.5188,
        "weapon": 1,
        "pilot_injury": 0.6079,
        "pilot_skill": 0.3793,
        "mission_priority": 0.7442,
        "estimated_landing_time": 2826.0,
        "wait_time": 0,
        "Landing_success_rate": 1.0
    },
    {
        "model": 2,
        "sequence": 3,
        "status": 1,
        "fuel": 5701,
        "fault": 0.8029,
        "weapon": 0,
        "pilot_injury": 0.6037,
        "pilot_skill": 0.1143,
        "mission_priority": 0.4145,
        "estimated_landing_time": 288.0,
        "wait_time": 0,
        "Landing_success_rate": 1.0
    },
    {
        "model": 0,
        "sequence": 28,
        "status": 1,
        "fuel": 7125,
        "fault": 0.9199,
        "weapon": 1,
        "pilot_injury": 0.4657,
        "pilot_skill": 0.4808,
        "mission_priority": 0.9185,
        "estimated_landing_time": 2638.0,
        "wait_time": 0,
        "Landing_success_rate": 1.0
    },
    {
        "model": 1,
        "sequence": 7,
        "status": 1,
        "fuel": 6139,
        "fault": 0.2246,
        "weapon": 1,
        "pilot_injury": 0.9127,
        "pilot_skill": 0.2482,
        "mission_priority": 0.5776,
        "estimated_landing_time": 664.0,
        "wait_time": 0,
        "Landing_success_rate": 1.0
    },
    {
        "model": 1,
        "sequence": 1,
        "status": 1,
        "fuel": 6703,
        "fault": 0.4189,
        "weapon": 1,
        "pilot_injury": 0.3115,
        "pilot_skill": 0.7805,
        "mission_priority": 0.2776,
        "estimated_landing_time": 100.0,
        "wait_time": 0,
        "Landing_success_rate": 1.0
    },
    {
        "model": 1,
        "sequence": 9,
        "status": 1,
        "fuel": 6165,
        "fault": 0.0131,
        "weapon": 0,
        "pilot_injury": 0.5152,
        "pilot_skill": 0.9755,
        "mission_priority": 0.459,
        "estimated_landing_time": 852.0,
        "wait_time": 0,
        "Landing_success_rate": 1.0
    },
    {
        "model": 1,
        "sequence": 2,
        "status": 1,
        "fuel": 5647,
        "fault": 0.4146,
        "weapon": 1,
        "pilot_injury": 0.5351,
        "pilot_skill": 0.1845,
        "mission_priority": 0.2996,
        "estimated_landing_time": 194.0,
        "wait_time": 0,
        "Landing_success_rate": 1.0
    },
    {
        "model": 0,
        "sequence": 18,
        "status": 1,
        "fuel": 7259,
        "fault": 0.0671,
        "weapon": 0,
        "pilot_injury": 0.4268,
        "pilot_skill": 0.7998,
        "mission_priority": 0.3494,
        "estimated_landing_time": 1698.0,
        "wait_time": 0,
        "Landing_success_rate": 1.0
    },
    {
        "model": 2,
        "sequence": 16,
        "status": 1,
        "fuel": 6169,
        "fault": 0.1907,
        "weapon": 0,
        "pilot_injury": 0.3777,
        "pilot_skill": 0.8366,
        "mission_priority": 0.5875,
        "estimated_landing_time": 1510.0,
        "wait_time": 0,
        "Landing_success_rate": 1.0
    },
    {
        "model": 1,
        "sequence": 12,
        "status": 1,
        "fuel": 6268,
        "fault": 0.7755,
        "weapon": 0,
        "pilot_injury": 0.5276,
        "pilot_skill": 0.5345,
        "mission_priority": 0.4811,
        "estimated_landing_time": 1134.0,
        "wait_time": 0,
        "Landing_success_rate": 1.0
    },
    {
        "model": 0,
        "sequence": 23,
        "status": 1,
        "fuel": 6745,
        "fault": 0.5596,
        "weapon": 0,
        "pilot_injury": 0.103,
        "pilot_skill": 0.3344,
        "mission_priority": 0.0755,
        "estimated_landing_time": 2168.0,
        "wait_time": 0,
        "Landing_success_rate": 1.0
    },
    {
        "model": 1,
        "sequence": 14,
        "status": 1,
        "fuel": 7166,
        "fault": 0.3733,
        "weapon": 1,
        "pilot_injury": 0.8974,
        "pilot_skill": 0.5266,
        "mission_priority": 0.8007,
        "estimated_landing_time": 1322.0,
        "wait_time": 0,
        "Landing_success_rate": 1.0
    },
    {
        "model": 1,
        "sequence": 22,
        "status": 1,
        "fuel": 5554,
        "fault": 0.1562,
        "weapon": 1,
        "pilot_injury": 0.867,
        "pilot_skill": 0.408,
        "mission_priority": 0.5517,
        "estimated_landing_time": 2074.0,
        "wait_time": 0,
        "Landing_success_rate": 1.0
    },
    {
        "model": 0,
        "sequence": 15,
        "status": 1,
        "fuel": 7358,
        "fault": 0.2311,
        "weapon": 0,
        "pilot_injury": 0.5055,
        "pilot_skill": 0.595,
        "mission_priority": 0.3393,
        "estimated_landing_time": 1416.0,
        "wait_time": 0,
        "Landing_success_rate": 1.0
    },
    {
        "model": 2,
        "sequence": 21,
        "status": 1,
        "fuel": 6752,
        "fault": 0.1785,
        "weapon": 0,
        "pilot_injury": 0.5567,
        "pilot_skill": 0.7208,
        "mission_priority": 0.8053,
        "estimated_landing_time": 1980.0,
        "wait_time": 0,
        "Landing_success_rate": 1.0
    },
    {
        "model": 2,
        "sequence": 24,
        "status": 1,
        "fuel": 6611,
        "fault": 0.7223,
        "weapon": 1,
        "pilot_injury": 0.8069,
        "pilot_skill": 0.9626,
        "mission_priority": 0.9444,
        "estimated_landing_time": 2262.0,
        "wait_time": 0,
        "Landing_success_rate": 1.0
    },
    {
        "model": 0,
        "sequence": 6,
        "status": 1,
        "fuel": 5681,
        "fault": 0.205,
        "weapon": 0,
        "pilot_injury": 0.324,
        "pilot_skill": 0.0869,
        "mission_priority": 0.6332,
        "estimated_landing_time": 570.0,
        "wait_time": 0,
        "Landing_success_rate": 1.0
    },
    {
        "model": 2,
        "sequence": 8,
        "status": 1,
        "fuel": 7196,
        "fault": 0.2079,
        "weapon": 0,
        "pilot_injury": 0.1228,
        "pilot_skill": 0.8764,
        "mission_priority": 0.6429,
        "estimated_landing_time": 758.0,
        "wait_time": 0,
        "Landing_success_rate": 1.0
    },
    {
        "model": 0,
        "sequence": 10,
        "status": 1,
        "fuel": 5581,
        "fault": 0.8927,
        "weapon": 0,
        "pilot_injury": 0.6248,
        "pilot_skill": 0.3359,
        "mission_priority": 0.8251,
        "estimated_landing_time": 946.0,
        "wait_time": 0,
        "Landing_success_rate": 1.0
    },
    {
        "model": 0,
        "sequence": 27,
        "status": 1,
        "fuel": 6206,
        "fault": 0.5903,
        "weapon": 1,
        "pilot_injury": 0.8307,
        "pilot_skill": 0.3452,
        "mission_priority": 0.7738,
        "estimated_landing_time": 2544.0,
        "wait_time": 0,
        "Landing_success_rate": 1.0
    },
    {
        "model": 0,
        "sequence": 20,
        "status": 1,
        "fuel": 6404,
        "fault": 0.4361,
        "weapon": 1,
        "pilot_injury": 0.2195,
        "pilot_skill": 0.9745,
        "mission_priority": 0.7798,
        "estimated_landing_time": 1886.0,
        "wait_time": 0,
        "Landing_success_rate": 1.0
    },
    {
        "model": 2,
        "sequence": 5,
        "status": 1,
        "fuel": 6092,
        "fault": 0.8685,
        "weapon": 1,
        "pilot_injury": 0.9854,
        "pilot_skill": 0.4711,
        "mission_priority": 0.1821,
        "estimated_landing_time": 476.0,
        "wait_time": 0,
        "Landing_success_rate": 1.0
    },
    {
        "model": 0,
        "sequence": 11,
        "status": 1,
        "fuel": 7405,
        "fault": 0.0225,
        "weapon": 1,
        "pilot_injury": 0.7417,
        "pilot_skill": 0.6988,
        "mission_priority": 0.4026,
        "estimated_landing_time": 1040.0,
        "wait_time": 0,
        "Landing_success_rate": 1.0
    },
    {
        "model": 1,
        "sequence": 26,
        "status": 1,
        "fuel": 6724,
        "fault": 0.1394,
        "weapon": 0,
        "pilot_injury": 0.4217,
        "pilot_skill": 0.1323,
        "mission_priority": 0.9006,
        "estimated_landing_time": 2450.0,
        "wait_time": 0,
        "Landing_success_rate": 1.0
    },
    {
        "model": 2,
        "sequence": 29,
        "status": 1,
        "fuel": 6109,
        "fault": 0.2723,
        "weapon": 0,
        "pilot_injury": 0.8226,
        "pilot_skill": 0.5297,
        "mission_priority": 0.8151,
        "estimated_landing_time": 2732.0,
        "wait_time": 0,
        "Landing_success_rate": 1.0
    },
    {
        "model": 2,
        "sequence": 4,
        "status": 1,
        "fuel": 5540,
        "fault": 0.2741,
        "weapon": 0,
        "pilot_injury": 0.4052,
        "pilot_skill": 0.4975,
        "mission_priority": 0.7202,
        "estimated_landing_time": 382.0,
        "wait_time": 0,
        "Landing_success_rate": 1.0
    },
    {
        "model": 2,
        "sequence": 19,
        "status": 1,
        "fuel": 7152,
        "fault": 0.011,
        "weapon": 0,
        "pilot_injury": 0.2637,
        "pilot_skill": 0.2665,
        "mission_priority": 0.7322,
        "estimated_landing_time": 1792.0,
        "wait_time": 0,
        "Landing_success_rate": 1.0
    }
]