[
    {
        "model": 0,
        "sequence": 15,
        "status": 1,
        "fuel": 6696,
        "fault": 0.6538,
        "weapon": 1,
        "pilot_injury": 0.8774,
        "pilot_skill": 0.7429,
        "mission_priority": 0.8999,
        "estimated_landing_time": 1416.0,
        "wait_time": 0,
        "Landing_success_rate": 1.0
    },
    {
        "model": 2,
        "sequence": 30,
        "status": 1,
        "fuel": 7026,
        "fault": 0.9363,
        "weapon": 0,
        "pilot_injury": 0.1922,
        "pilot_skill": 0.0867,
        "mission_priority": 0.337,
        "estimated_landing_time": 2826.0,
        "wait_time": 0,
        "Landing_success_rate": 1.0
    },
    {
        "model": 2,
        "sequence": 11,
        "status": 1,
        "fuel": 6254,
        "fault": 0.2741,
        "weapon": 1,
        "pilot_injury": 0.633,
        "pilot_skill": 0.5783,
        "mission_priority": 0.2592,
        "estimated_landing_time": 1040.0,
        "wait_time": 0,
        "Landing_success_rate": 1.0
    },
    {
        "model": 2,
        "sequence": 27,
        "status": 1,
        "fuel": 5757,
        "fault": 0.5884,
        "weapon": 0,
        "pilot_injury": 0.348,
        "pilot_skill": 0.719,
        "mission_priority": 0.7669,
        "estimated_landing_time": 2544.0,
        "wait_time": 0,
        "Landing_success_rate": 1.0
    },
    {
        "model": 1,
        "sequence": 9,
        "status": 1,
        "fuel": 7217,
        "fault": 0.6123,
        "weapon": 1,
        "pilot_injury": 0.618,
        "pilot_skill": 0.0631,
        "mission_priority": 0.1079,
        "estimated_landing_time": 852.0,
        "wait_time": 0,
        "Landing_success_rate": 1.0
    },
    {
        "model": 0,
        "sequence": 18,
        "status": 1,
        "fuel": 6731,
        "fault": 0.2213,
        "weapon": 1,
        "pilot_injury": 0.348,
        "pilot_skill": 0.4868,
        "mission_priority": 0.9786,
        "estimated_landing_time": 1698.0,
        "wait_time": 0,
        "Landing_success_rate": 1.0
    },
    {
        "model": 0,
        "sequence": 12,
        "status": 1,
        "fuel": 5679,
        "fault": 0.3828,
        "weapon": 1,
        "pilot_injury": 0.2655,
        "pilot_skill": 0.3026,
        "mission_priority": 0.2688,
        "estimated_landing_time": 1134.0,
        "wait_time": 0,
        "Landing_success_rate": 1.0
    },
    {
        "model": 0,
        "sequence": 24,
        "status": 1,
        "fuel": 6221,
        "fault": 0.9721,
        "weapon": 1,
        "pilot_injury": 0.4888,
        "pilot_skill": 0.408,
        "mission_priority": 0.2113,
        "estimated_landing_time": 2262.0,
        "wait_time": 0,
        "Landing_success_rate": 1.0
    },
    {
        "model": 2,
        "sequence": 21,
        "status": 1,
        "fuel": 6671,
        "fault": 0.2226,
        "weapon": 1,
        "pilot_injury": 0.5416,
        "pilot_skill": 0.6752,
        "mission_priority": 0.6333,
        "estimated_landing_time": 1980.0,
        "wait_time": 0,
        "Landing_success_rate": 1.0
    },
    {
        "model": 1,
        "sequence": 1,
        "status": 1,
        "fuel": 6057,
        "fault": 0.2629,
        "weapon": 0,
        "pilot_injury": 0.2849,
        "pilot_skill": 0.0242,
        "mission_priority": 0.625,
        "estimated_landing_time": 100.0,
        "wait_time": 0,
        "Landing_success_rate": 1.0
    },
    {
        "model": 0,
        "sequence": 28,
        "status": 1,
        "fuel": 6845,
        "fault": 0.1717,
        "weapon": 1,
        "pilot_injury": 0.747,
        "pilot_skill": 0.9159,
        "mission_priority": 0.9581,
        "estimated_landing_time": 2638.0,
        "wait_time": 0,
        "Landing_success_rate": 1.0
    },
    {
        "model": 0,
        "sequence": 17,
        "status": 1,
        "fuel": 6999,
        "fault": 0.0205,
        "weapon": 0,
        "pilot_injury": 0.683,
        "pilot_skill": 0.6435,
        "mission_priority": 0.0152,
        "estimated_landing_time": 1604.0,
        "wait_time": 0,
        "Landing_success_rate": 1.0
    },
    {
        "model": 1,
        "sequence": 6,
        "status": 1,
        "fuel": 6250,
        "fault": 0.8211,
        "weapon": 1,
        "pilot_injury": 0.8373,
        "pilot_skill": 0.0156,
        "mission_priority": 0.646,
        "estimated_landing_time": 570.0,
        "wait_time": 0,
        "Landing_success_rate": 1.0
    },
    {
        "model": 2,
        "sequence": 14,
        "status": 1,
        "fuel": 7355,
        "fault": 0.9935,
        "weapon": 1,
        "pilot_injury": 0.1076,
        "pilot_skill": 0.4401,
        "mission_priority": 0.1233,
        "estimated_landing_time": 1322.0,
        "wait_time": 0,
        "Landing_success_rate": 1.0
    },
    {
        "model": 2,
        "sequence": 23,
        "status": 1,
        "fuel": 6503,
        "fault": 0.0145,
        "weapon": 1,
        "pilot_injury": 0.8274,
        "pilot_skill": 0.6786,
        "mission_priority": 0.0652,
        "estimated_landing_time": 2168.0,
        "wait_time": 0,
        "Landing_success_rate": 1.0
    },
    {
        "model": 0,
        "sequence": 10,
        "status": 1,
        "fuel": 7042,
        "fault": 0.0319,
        "weapon": 1,
        "pilot_injury": 0.915,
        "pilot_skill": 0.8678,
        "mission_priority": 0.3701,
        "estimated_landing_time": 946.0,
        "wait_time": 0,
        "Landing_success_rate": 1.0
    },
    {
        "model": 0,
        "sequence": 2,
        "status": 1,
        "fuel": 6287,
        "fault": 0.7798,
        "weapon": 1,
        "pilot_injury": 0.8882,
        "pilot_skill": 0.8547,
        "mission_priority": 0.8451,
        "estimated_landing_time": 194.0,
        "wait_time": 0,
        "Landing_success_rate": 1.0
    },
    {
        "model": 1,
        "sequence": 25,
        "status": 1,
        "fuel": 6800,
        "fault": 0.8887,
        "weapon": 0,
        "pilot_injury": 0.4775,
        "pilot_skill": 0.4946,
        "mission_priority": 0.4899,
        "estimated_landing_time": 2356.0,
        "wait_time": 0,
        "Landing_success_rate": 1.0
    },
    {
        "model": 0,
        "sequence": 22,
        "status": 1,
        "fuel": 5527,
        "fault": 0.4171,
        "weapon": 1,
        "pilot_injury": 0.3662,
        "pilot_skill": 0.4342,
        "mission_priority": 0.1311,
        "estimated_landing_time": 2074.0,
        "wait_time": 0,
        "Landing_success_rate": 1.0
    },
    {
        "model": 1,
        "sequence": 5,
        "status": 1,
        "fuel": 7134,
        "fault": 0.5535,
        "weapon": 0,
        "pilot_injury": 0.8281,
        "pilot_skill": 0.4116,
        "mission_priority": 0.5188,
        "estimated_landing_time": 476.0,
        "wait_time": 0,
        "Landing_success_rate": 1.0
    },
    {
        "model": 0,
        "sequence": 26,
        "status": 1,
        "fuel": 7283,
        "fault": 0.1256,
        "weapon": 1,
        "pilot_injury": 0.4046,
        "pilot_skill": 0.4455,
        "mission_priority": 0.8737,
        "estimated_landing_time": 2450.0,
        "wait_time": 0,
        "Landing_success_rate": 1.0
    },
    {
        "model": 0,
        "sequence": 20,
        "status": 1,
        "fuel": 5524,
        "fault": 0.5189,
        "weapon": 0,
        "pilot_injury": 0.2275,
        "pilot_skill": 0.4756,
        "mission_priority": 0.4244,
        "estimated_landing_time": 1886.0,
        "wait_time": 0,
        "Landing_success_rate": 1.0
    },
    {
        "model": 0,
        "sequence": 13,
        "status": 1,
        "fuel": 7470,
        "fault": 0.0648,
        "weapon": 1,
        "pilot_injury": 0.6896,
        "pilot_skill": 0.4693,
        "mission_priority": 0.4397,
        "estimated_landing_time": 1228.0,
        "wait_time": 0,
        "Landing_success_rate": 1.0
    },
    {
        "model": 2,
        "sequence": 16,
        "status": 1,
        "fuel": 7485,
        "fault": 0.6793,
        "weapon": 0,
        "pilot_injury": 0.5386,
        "pilot_skill": 0.2504,
        "mission_priority": 0.8911,
        "estimated_landing_time": 1510.0,
        "wait_time": 0,
        "Landing_success_rate": 1.0
    },
    {
        "model": 1,
        "sequence": 4,
        "status": 1,
        "fuel": 5538,
        "fault": 0.4948,
        "weapon": 0,
        "pilot_injury": 0.0966,
        "pilot_skill": 0.0134,
        "mission_priority": 0.4229,
        "estimated_landing_time": 382.0,
        "wait_time": 0,
        "Landing_success_rate": 1.0
    },
    {
        "model": 1,
        "sequence": 19,
        "status": 1,
        "fuel": 7048,
        "fault": 0.6304,
        "weapon": 1,
        "pilot_injury": 0.52,
        "pilot_skill": 0.68,
        "mission_priority": 0.0858,
        "estimated_landing_time": 1792.0,
        "wait_time": 0,
        "Landing_success_rate": 1.0
    },
    {
        "model": 2,
        "sequence": 7,
        "status": 1,
        "fuel": 7376,
        "fault": 0.9293,
        "weapon": 0,
        "pilot_injury": 0.9858,
        "pilot_skill": 0.6672,
        "mission_priority": 0.2448,
        "estimated_landing_time": 664.0,
        "wait_time": 0,
        "Landing_success_rate": 1.0
    },
    {
        "model": 2,
        "sequence": 3,
        "status": 1,
        "fuel": 7341,
        "fault": 0.5213,
        "weapon": 0,
        "pilot_injury": 0.2118,
        "pilot_skill": 0.8511,
        "mission_priority": 0.4274,
        "estimated_landing_time": 288.0,
        "wait_time": 0,
        "Landing_success_rate": 1.0
    },
    {
        "model": 2,
        "sequence": 29,
        "status": 1,
        "fuel": 6255,
        "fault": 0.2052,
        "weapon": 0,
        "pilot_injury": 0.6446,
        "pilot_skill": 0.7284,
        "mission_priority": 0.4781,
        "estimated_landing_time": 2732.0,
        "wait_time": 0,
        "Landing_success_rate": 1.0
    },
    {
        "model": 1,
        "sequence": 8,
        "status": 1,
        "fuel": 6959,
        "fault": 0.976,
        "weapon": 1,
        "pilot_injury": 0.6809,
        "pilot_skill": 0.8972,
        "mission_priority": 0.8908,
        "estimated_landing_time": 758.0,
        "wait_time": 0,
        "Landing_success_rate": 1.0
    }
]