[
    {
        "model": 1,
        "sequence": 25,
        "status": 1,
        "fuel": 5957,
        "fault": 0.8764,
        "weapon": 1,
        "pilot_injury": 0.2544,
        "pilot_skill": 0.0723,
        "mission_priority": 0.7446,
        "estimated_landing_time": 2356.0,
        "wait_time": 0,
        "Landing_success_rate": 1.0
    },
    {
        "model": 2,
        "sequence": 3,
        "status": 1,
        "fuel": 6576,
        "fault": 0.164,
        "weapon": 0,
        "pilot_injury": 0.9,
        "pilot_skill": 0.9261,
        "mission_priority": 0.7982,
        "estimated_landing_time": 288.0,
        "wait_time": 0,
        "Landing_success_rate": 1.0
    },
    {
        "model": 2,
        "sequence": 20,
        "status": 1,
        "fuel": 5585,
        "fault": 0.5585,
        "weapon": 1,
        "pilot_injury": 0.6223,
        "pilot_skill": 0.056,
        "mission_priority": 0.8853,
        "estimated_landing_time": 1886.0,
        "wait_time": 0,
        "Landing_success_rate": 1.0
    },
    {
        "model": 1,
        "sequence": 27,
        "status": 1,
        "fuel": 6653,
        "fault": 0.9412,
        "weapon": 1,
        "pilot_injury": 0.0522,
        "pilot_skill": 0.5342,
        "mission_priority": 0.3013,
        "estimated_landing_time": 2544.0,
        "wait_time": 0,
        "Landing_success_rate": 1.0
    },
    {
        "model": 1,
        "sequence": 15,
        "status": 1,
        "fuel": 7085,
        "fault": 0.1794,
        "weapon": 1,
        "pilot_injury": 0.0006,
        "pilot_skill": 0.4667,
        "mission_priority": 0.4866,
        "estimated_landing_time": 1416.0,
        "wait_time": 0,
        "Landing_success_rate": 1.0
    },
    {
        "model": 2,
        "sequence": 22,
        "status": 1,
        "fuel": 6986,
        "fault": 0.4905,
        "weapon": 1,
        "pilot_injury": 0.3636,
        "pilot_skill": 0.9947,
        "mission_priority": 0.5712,
        "estimated_landing_time": 2074.0,
        "wait_time": 0,
        "Landing_success_rate": 1.0
    },
    {
        "model": 1,
        "sequence": 6,
        "status": 1,
        "fuel": 7005,
        "fault": 0.0857,
        "weapon": 1,
        "pilot_injury": 0.8092,
        "pilot_skill": 0.3407,
        "mission_priority": 0.3892,
        "estimated_landing_time": 570.0,
        "wait_time": 0,
        "Landing_success_rate": 1.0
    },
    {
        "model": 0,
        "sequence": 1,
        "status": 1,
        "fuel": 6154,
        "fault": 0.946,
        "weapon": 0,
        "pilot_injury": 0.8652,
        "pilot_skill": 0.4302,
        "mission_priority": 0.5813,
        "estimated_landing_time": 100.0,
        "wait_time": 0,
        "Landing_success_rate": 1.0
    },
    {
        "model": 2,
        "sequence": 11,
        "status": 1,
        "fuel": 6819,
        "fault": 0.11,
        "weapon": 0,
        "pilot_injury": 0.8903,
        "pilot_skill": 0.9792,
        "mission_priority": 0.4943,
        "estimated_landing_time": 1040.0,
        "wait_time": 0,
        "Landing_success_rate": 1.0
    },
    {
        "model": 1,
        "sequence": 7,
        "status": 1,
        "fuel": 5657,
        "fault": 0.413,
        "weapon": 1,
        "pilot_injury": 0.8942,
        "pilot_skill": 0.311,
        "mission_priority": 0.3115,
        "estimated_landing_time": 664.0,
        "wait_time": 0,
        "Landing_success_rate": 1.0
    },
    {
        "model": 0,
        "sequence": 21,
        "status": 1,
        "fuel": 5558,
        "fault": 0.2115,
        "weapon": 1,
        "pilot_injury": 0.2135,
        "pilot_skill": 0.9059,
        "mission_priority": 0.899,
        "estimated_landing_time": 1980.0,
        "wait_time": 0,
        "Landing_success_rate": 1.0
    },
    {
        "model": 2,
        "sequence": 30,
        "status": 1,
        "fuel": 6875,
        "fault": 0.4645,
        "weapon": 1,
        "pilot_injury": 0.862,
        "pilot_skill": 0.3989,
        "mission_priority": 0.1693,
        "estimated_landing_time": 2826.0,
        "wait_time": 0,
        "Landing_success_rate": 1.0
    },
    {
        "model": 2,
        "sequence": 28,
        "status": 1,
        "fuel": 6224,
        "fault": 0.9542,
        "weapon": 0,
        "pilot_injury": 0.2192,
        "pilot_skill": 0.7208,
        "mission_priority": 0.6313,
        "estimated_landing_time": 2638.0,
        "wait_time": 0,
        "Landing_success_rate": 1.0
    },
    {
        "model": 0,
        "sequence": 18,
        "status": 1,
        "fuel": 6644,
        "fault": 0.3402,
        "weapon": 0,
        "pilot_injury": 0.5585,
        "pilot_skill": 0.2502,
        "mission_priority": 0.2063,
        "estimated_landing_time": 1698.0,
        "wait_time": 0,
        "Landing_success_rate": 1.0
    },
    {
        "model": 2,
        "sequence": 4,
        "status": 1,
        "fuel": 6693,
        "fault": 0.186,
        "weapon": 1,
        "pilot_injury": 0.1355,
        "pilot_skill": 0.4158,
        "mission_priority": 0.1488,
        "estimated_landing_time": 382.0,
        "wait_time": 0,
        "Landing_success_rate": 1.0
    },
    {
        "model": 1,
        "sequence": 8,
        "status": 1,
        "fuel": 5926,
        "fault": 0.2722,
        "weapon": 0,
        "pilot_injury": 0.5495,
        "pilot_skill": 0.6801,
        "mission_priority": 0.9384,
        "estimated_landing_time": 758.0,
        "wait_time": 0,
        "Landing_success_rate": 1.0
    },
    {
        "model": 2,
        "sequence": 9,
        "status": 1,
        "fuel": 5762,
        "fault": 0.3189,
        "weapon": 1,
        "pilot_injury": 0.4495,
        "pilot_skill": 0.8605,
        "mission_priority": 0.1307,
        "estimated_landing_time": 852.0,
        "wait_time": 0,
        "Landing_success_rate": 1.0
    },
    {
        "model": 1,
        "sequence": 23,
        "status": 1,
        "fuel": 5606,
        "fault": 0.0788,
        "weapon": 1,
        "pilot_injury": 0.6764,
        "pilot_skill": 0.7635,
        "mission_priority": 0.3182,
        "estimated_landing_time": 2168.0,
        "wait_time": 0,
        "Landing_success_rate": 1.0
    },
    {
        "model": 0,
        "sequence": 13,
        "status": 1,
        "fuel": 7077,
        "fault": 0.5748,
        "weapon": 1,
        "pilot_injury": 0.0764,
        "pilot_skill": 0.0958,
        "mission_priority": 0.4949,
        "estimated_landing_time": 1228.0,
        "wait_time": 0,
        "Landing_success_rate": 1.0
    },
    {
        "model": 0,
        "sequence": 26,
        "status": 1,
        "fuel": 7306,
        "fault": 0.0137,
        "weapon": 0,
        "pilot_injury": 0.9377,
        "pilot_skill": 0.1416,
        "mission_priority": 0.3757,
        "estimated_landing_time": 2450.0,
        "wait_time": 0,
        "Landing_success_rate": 1.0
    },
    {
        "model": 2,
        "sequence": 10,
        "status": 1,
        "fuel": 7397,
        "fault": 0.4901,
        "weapon": 0,
        "pilot_injury": 0.4884,
        "pilot_skill": 0.0268,
        "mission_priority": 0.708,
        "estimated_landing_time": 946.0,
        "wait_time": 0,
        "Landing_success_rate": 1.0
    },
    {
        "model": 0,
        "sequence": 5,
        "status": 1,
        "fuel": 6024,
        "fault": 0.5311,
        "weapon": 1,
        "pilot_injury": 0.7682,
        "pilot_skill": 0.803,
        "mission_priority": 0.8793,
        "estimated_landing_time": 476.0,
        "wait_time": 0,
        "Landing_success_rate": 1.0
    },
    {
        "model": 0,
        "sequence": 29,
        "status": 1,
        "fuel": 7341,
        "fault": 0.3381,
        "weapon": 1,
        "pilot_injury": 0.5688,
        "pilot_skill": 0.7907,
        "mission_priority": 0.6971,
        "estimated_landing_time": 2732.0,
        "wait_time": 0,
        "Landing_success_rate": 1.0
    },
    {
        "model": 2,
        "sequence": 24,
        "status": 1,
        "fuel": 5982,
        "fault": 0.2157,
        "weapon": 1,
        "pilot_injury": 0.3551,
        "pilot_skill": 0.281,
        "mission_priority": 0.2623,
        "estimated_landing_time": 2262.0,
        "wait_time": 0,
        "Landing_success_rate": 1.0
    },
    {
        "model": 1,
        "sequence": 14,
        "status": 1,
        "fuel": 7068,
        "fault": 0.8193,
        "weapon": 0,
        "pilot_injury": 0.0848,
        "pilot_skill": 0.7416,
        "mission_priority": 0.6934,
        "estimated_landing_time": 1322.0,
        "wait_time": 0,
        "Landing_success_rate": 1.0
    },
    {
        "model": 2,
        "sequence": 17,
        "status": 1,
        "fuel": 6277,
        "fault": 0.8373,
        "weapon": 0,
        "pilot_injury": 0.6289,
        "pilot_skill": 0.7622,
        "mission_priority": 0.8765,
        "estimated_landing_time": 1604.0,
        "wait_time": 0,
        "Landing_success_rate": 1.0
    },
    {
        "model": 2,
        "sequence": 2,
        "status": 1,
        "fuel": 5911,
        "fault": 0.1995,
        "weapon": 1,
        "pilot_injury": 0.5814,
        "pilot_skill": 0.9087,
        "mission_priority": 0.8085,
        "estimated_landing_time": 194.0,
        "wait_time": 0,
        "Landing_success_rate": 1.0
    },
    {
        "model": 1,
        "sequence": 19,
        "status": 1,
        "fuel": 7392,
        "fault": 0.0116,
        "weapon": 1,
        "pilot_injury": 0.0366,
        "pilot_skill": 0.5967,
        "mission_priority": 0.389,
        "estimated_landing_time": 1792.0,
        "wait_time": 0,
        "Landing_success_rate": 1.0
    },
    {
        "model": 1,
        "sequence": 16,
        "status": 1,
        "fuel": 6298,
        "fault": 0.3959,
        "weapon": 0,
        "pilot_injury": 0.4321,
        "pilot_skill": 0.5279,
        "mission_priority": 0.273,
        "estimated_landing_time": 1510.0,
        "wait_time": 0,
        "Landing_success_rate": 1.0
    },
    {
        "model": 1,
        "sequence": 12,
        "status": 1,
        "fuel": 7211,
        "fault": 0.0092,
        "weapon": 1,
        "pilot_injury": 0.4242,
        "pilot_skill": 0.8498,
        "mission_priority": 0.312,
        "estimated_landing_time": 1134.0,
        "wait_time": 0,
        "Landing_success_rate": 1.0
    }
]