[
    {
        "model": 1,
        "sequence": 21,
        "status": 1,
        "fuel": 6406,
        "fault": 0.5408,
        "weapon": 1,
        "pilot_injury": 0.8951,
        "pilot_skill": 0.9721,
        "mission_priority": 0.8593,
        "estimated_landing_time": 1980.0,
        "wait_time": 0,
        "Landing_success_rate": 1.0
    },
    {
        "model": 0,
        "sequence": 29,
        "status": 1,
        "fuel": 7295,
        "fault": 0.5695,
        "weapon": 1,
        "pilot_injury": 0.4234,
        "pilot_skill": 0.0093,
        "mission_priority": 0.4424,
        "estimated_landing_time": 2732.0,
        "wait_time": 0,
        "Landing_success_rate": 1.0
    },
    {
        "model": 2,
        "sequence": 18,
        "status": 1,
        "fuel": 5623,
        "fault": 0.2847,
        "weapon": 0,
        "pilot_injury": 0.3386,
        "pilot_skill": 0.4734,
        "mission_priority": 0.6132,
        "estimated_landing_time": 1698.0,
        "wait_time": 0,
        "Landing_success_rate": 1.0
    },
    {
        "model": 2,
        "sequence": 26,
        "status": 1,
        "fuel": 7474,
        "fault": 0.1646,
        "weapon": 0,
        "pilot_injury": 0.434,
        "pilot_skill": 0.8194,
        "mission_priority": 0.9056,
        "estimated_landing_time": 2450.0,
        "wait_time": 0,
        "Landing_success_rate": 1.0
    },
    {
        "model": 2,
        "sequence": 15,
        "status": 1,
        "fuel": 7234,
        "fault": 0.5999,
        "weapon": 1,
        "pilot_injury": 0.2845,
        "pilot_skill": 0.0471,
        "mission_priority": 0.6685,
        "estimated_landing_time": 1416.0,
        "wait_time": 0,
        "Landing_success_rate": 1.0
    },
    {
        "model": 1,
        "sequence": 3,
        "status": 1,
        "fuel": 6458,
        "fault": 0.5354,
        "weapon": 0,
        "pilot_injury": 0.8124,
        "pilot_skill": 0.8534,
        "mission_priority": 0.9143,
        "estimated_landing_time": 288.0,
        "wait_time": 0,
        "Landing_success_rate": 1.0
    },
    {
        "model": 0,
        "sequence": 11,
        "status": 1,
        "fuel": 5805,
        "fault": 0.9294,
        "weapon": 0,
        "pilot_injury": 0.3207,
        "pilot_skill": 0.5523,
        "mission_priority": 0.0505,
        "estimated_landing_time": 1040.0,
        "wait_time": 0,
        "Landing_success_rate": 1.0
    },
    {
        "model": 0,
        "sequence": 1,
        "status": 1,
        "fuel": 6122,
        "fault": 0.983,
        "weapon": 0,
        "pilot_injury": 0.4445,
        "pilot_skill": 0.2563,
        "mission_priority": 0.1904,
        "estimated_landing_time": 100.0,
        "wait_time": 0,
        "Landing_success_rate": 1.0
    },
    {
        "model": 0,
        "sequence": 12,
        "status": 1,
        "fuel": 6129,
        "fault": 0.4088,
        "weapon": 1,
        "pilot_injury": 0.8059,
        "pilot_skill": 0.0792,
        "mission_priority": 0.1915,
        "estimated_landing_time": 1134.0,
        "wait_time": 0,
        "Landing_success_rate": 1.0
    },
    {
        "model": 1,
        "sequence": 23,
        "status": 1,
        "fuel": 6381,
        "fault": 0.448,
        "weapon": 1,
        "pilot_injury": 0.355,
        "pilot_skill": 0.3207,
        "mission_priority": 0.9639,
        "estimated_landing_time": 2168.0,
        "wait_time": 0,
        "Landing_success_rate": 1.0
    },
    {
        "model": 1,
        "sequence": 4,
        "status": 1,
        "fuel": 5725,
        "fault": 0.1475,
        "weapon": 1,
        "pilot_injury": 0.4302,
        "pilot_skill": 0.875,
        "mission_priority": 0.3015,
        "estimated_landing_time": 382.0,
        "wait_time": 0,
        "Landing_success_rate": 1.0
    },
    {
        "model": 2,
        "sequence": 25,
        "status": 1,
        "fuel": 5559,
        "fault": 0.7636,
        "weapon": 0,
        "pilot_injury": 0.606,
        "pilot_skill": 0.5703,
        "mission_priority": 0.0536,
        "estimated_landing_time": 2356.0,
        "wait_time": 0,
        "Landing_success_rate": 1.0
    },
    {
        "model": 2,
        "sequence": 27,
        "status": 1,
        "fuel": 7094,
        "fault": 0.881,
        "weapon": 0,
        "pilot_injury": 0.2078,
        "pilot_skill": 0.5041,
        "mission_priority": 0.5449,
        "estimated_landing_time": 2544.0,
        "wait_time": 0,
        "Landing_success_rate": 1.0
    },
    {
        "model": 0,
        "sequence": 28,
        "status": 1,
        "fuel": 6851,
        "fault": 0.9498,
        "weapon": 1,
        "pilot_injury": 0.8425,
        "pilot_skill": 0.7224,
        "mission_priority": 0.078,
        "estimated_landing_time": 2638.0,
        "wait_time": 0,
        "Landing_success_rate": 1.0
    },
    {
        "model": 1,
        "sequence": 8,
        "status": 1,
        "fuel": 7124,
        "fault": 0.0643,
        "weapon": 0,
        "pilot_injury": 0.1607,
        "pilot_skill": 0.9783,
        "mission_priority": 0.1585,
        "estimated_landing_time": 758.0,
        "wait_time": 0,
        "Landing_success_rate": 1.0
    },
    {
        "model": 1,
        "sequence": 13,
        "status": 1,
        "fuel": 5815,
        "fault": 0.3491,
        "weapon": 1,
        "pilot_injury": 0.6394,
        "pilot_skill": 0.129,
        "mission_priority": 0.4303,
        "estimated_landing_time": 1228.0,
        "wait_time": 0,
        "Landing_success_rate": 1.0
    },
    {
        "model": 0,
        "sequence": 16,
        "status": 1,
        "fuel": 5919,
        "fault": 0.3735,
        "weapon": 0,
        "pilot_injury": 0.0406,
        "pilot_skill": 0.9137,
        "mission_priority": 0.833,
        "estimated_landing_time": 1510.0,
        "wait_time": 0,
        "Landing_success_rate": 1.0
    },
    {
        "model": 0,
        "sequence": 2,
        "status": 1,
        "fuel": 5556,
        "fault": 0.48,
        "weapon": 0,
        "pilot_injury": 0.0312,
        "pilot_skill": 0.9669,
        "mission_priority": 0.5266,
        "estimated_landing_time": 194.0,
        "wait_time": 0,
        "Landing_success_rate": 1.0
    },
    {
        "model": 2,
        "sequence": 22,
        "status": 1,
        "fuel": 6347,
        "fault": 0.264,
        "weapon": 1,
        "pilot_injury": 0.0664,
        "pilot_skill": 0.9893,
        "mission_priority": 0.0393,
        "estimated_landing_time": 2074.0,
        "wait_time": 0,
        "Landing_success_rate": 1.0
    },
    {
        "model": 2,
        "sequence": 20,
        "status": 1,
        "fuel": 7129,
        "fault": 0.1199,
        "weapon": 1,
        "pilot_injury": 0.9489,
        "pilot_skill": 0.246,
        "mission_priority": 0.5321,
        "estimated_landing_time": 1886.0,
        "wait_time": 0,
        "Landing_success_rate": 1.0
    },
    {
        "model": 2,
        "sequence": 24,
        "status": 1,
        "fuel": 6100,
        "fault": 0.4027,
        "weapon": 0,
        "pilot_injury": 0.068,
        "pilot_skill": 0.1938,
        "mission_priority": 0.2146,
        "estimated_landing_time": 2262.0,
        "wait_time": 0,
        "Landing_success_rate": 1.0
    },
    {
        "model": 0,
        "sequence": 30,
        "status": 1,
        "fuel": 6197,
        "fault": 0.2363,
        "weapon": 1,
        "pilot_injury": 0.5735,
        "pilot_skill": 0.2152,
        "mission_priority": 0.8616,
        "estimated_landing_time": 2826.0,
        "wait_time": 0,
        "Landing_success_rate": 1.0
    },
    {
        "model": 0,
        "sequence": 5,
        "status": 1,
        "fuel": 5736,
        "fault": 0.0562,
        "weapon": 0,
        "pilot_injury": 0.3523,
        "pilot_skill": 0.2341,
        "mission_priority": 0.0498,
        "estimated_landing_time": 476.0,
        "wait_time": 0,
        "Landing_success_rate": 1.0
    },
    {
        "model": 2,
        "sequence": 19,
        "status": 1,
        "fuel": 6486,
        "fault": 0.1951,
        "weapon": 0,
        "pilot_injury": 0.5336,
        "pilot_skill": 0.944,
        "mission_priority": 0.3963,
        "estimated_landing_time": 1792.0,
        "wait_time": 0,
        "Landing_success_rate": 1.0
    },
    {
        "model": 2,
        "sequence": 9,
        "status": 1,
        "fuel": 7345,
        "fault": 0.3498,
        "weapon": 0,
        "pilot_injury": 0.5126,
        "pilot_skill": 0.2678,
        "mission_priority": 0.455,
        "estimated_landing_time": 852.0,
        "wait_time": 0,
        "Landing_success_rate": 1.0
    },
    {
        "model": 1,
        "sequence": 17,
        "status": 1,
        "fuel": 6929,
        "fault": 0.6755,
        "weapon": 1,
        "pilot_injury": 0.9406,
        "pilot_skill": 0.3293,
        "mission_priority": 0.0422,
        "estimated_landing_time": 1604.0,
        "wait_time": 0,
        "Landing_success_rate": 1.0
    },
    {
        "model": 1,
        "sequence": 14,
        "status": 1,
        "fuel": 6143,
        "fault": 0.1622,
        "weapon": 0,
        "pilot_injury": 0.1684,
        "pilot_skill": 0.7605,
        "mission_priority": 0.9849,
        "estimated_landing_time": 1322.0,
        "wait_time": 0,
        "Landing_success_rate": 1.0
    },
    {
        "model": 2,
        "sequence": 6,
        "status": 1,
        "fuel": 6184,
        "fault": 0.7167,
        "weapon": 0,
        "pilot_injury": 0.8754,
        "pilot_skill": 0.7045,
        "mission_priority": 0.4538,
        "estimated_landing_time": 570.0,
        "wait_time": 0,
        "Landing_success_rate": 1.0
    },
    {
        "model": 2,
        "sequence": 10,
        "status": 1,
        "fuel": 6367,
        "fault": 0.3901,
        "weapon": 1,
        "pilot_injury": 0.4801,
        "pilot_skill": 0.3732,
        "mission_priority": 0.4932,
        "estimated_landing_time": 946.0,
        "wait_time": 0,
        "Landing_success_rate": 1.0
    },
    {
        "model": 1,
        "sequence": 7,
        "status": 1,
        "fuel": 5960,
        "fault": 0.5147,
        "weapon": 1,
        "pilot_injury": 0.9009,
        "pilot_skill": 0.6742,
        "mission_priority": 0.6333,
        "estimated_landing_time": 664.0,
        "wait_time": 0,
        "Landing_success_rate": 1.0
    }
]