[
    {
        "model": 1,
        "sequence": 24,
        "status": 1,
        "fuel": 6759,
        "fault": 0.5412,
        "weapon": 0,
        "pilot_injury": 0.5627,
        "pilot_skill": 0.7622,
        "mission_priority": 0.7136,
        "estimated_landing_time": 2262.0,
        "wait_time": 0,
        "Landing_success_rate": 1.0
    },
    {
        "model": 2,
        "sequence": 20,
        "status": 1,
        "fuel": 5788,
        "fault": 0.4444,
        "weapon": 1,
        "pilot_injury": 0.8677,
        "pilot_skill": 0.4321,
        "mission_priority": 0.9666,
        "estimated_landing_time": 1886.0,
        "wait_time": 0,
        "Landing_success_rate": 1.0
    },
    {
        "model": 1,
        "sequence": 29,
        "status": 1,
        "fuel": 7133,
        "fault": 0.3029,
        "weapon": 0,
        "pilot_injury": 0.3894,
        "pilot_skill": 0.9517,
        "mission_priority": 0.3197,
        "estimated_landing_time": 2732.0,
        "wait_time": 0,
        "Landing_success_rate": 1.0
    },
    {
        "model": 0,
        "sequence": 26,
        "status": 1,
        "fuel": 7119,
        "fault": 0.6983,
        "weapon": 0,
        "pilot_injury": 0.3502,
        "pilot_skill": 0.0833,
        "mission_priority": 0.7246,
        "estimated_landing_time": 2450.0,
        "wait_time": 0,
        "Landing_success_rate": 1.0
    },
    {
        "model": 2,
        "sequence": 4,
        "status": 1,
        "fuel": 6825,
        "fault": 0.0177,
        "weapon": 1,
        "pilot_injury": 0.4427,
        "pilot_skill": 0.4853,
        "mission_priority": 0.7779,
        "estimated_landing_time": 382.0,
        "wait_time": 0,
        "Landing_success_rate": 1.0
    },
    {
        "model": 1,
        "sequence": 21,
        "status": 1,
        "fuel": 5537,
        "fault": 0.5656,
        "weapon": 0,
        "pilot_injury": 0.3762,
        "pilot_skill": 0.3673,
        "mission_priority": 0.5259,
        "estimated_landing_time": 1980.0,
        "wait_time": 0,
        "Landing_success_rate": 1.0
    },
    {
        "model": 0,
        "sequence": 28,
        "status": 1,
        "fuel": 6247,
        "fault": 0.8486,
        "weapon": 0,
        "pilot_injury": 0.5243,
        "pilot_skill": 0.6707,
        "mission_priority": 0.2694,
        "estimated_landing_time": 2638.0,
        "wait_time": 0,
        "Landing_success_rate": 1.0
    },
    {
        "model": 0,
        "sequence": 19,
        "status": 1,
        "fuel": 6532,
        "fault": 0.3422,
        "weapon": 0,
        "pilot_injury": 0.7235,
        "pilot_skill": 0.5772,
        "mission_priority": 0.6477,
        "estimated_landing_time": 1792.0,
        "wait_time": 0,
        "Landing_success_rate": 1.0
    },
    {
        "model": 1,
        "sequence": 7,
        "status": 1,
        "fuel": 6277,
        "fault": 0.685,
        "weapon": 0,
        "pilot_injury": 0.5095,
        "pilot_skill": 0.5457,
        "mission_priority": 0.3594,
        "estimated_landing_time": 664.0,
        "wait_time": 0,
        "Landing_success_rate": 1.0
    },
    {
        "model": 0,
        "sequence": 14,
        "status": 1,
        "fuel": 5801,
        "fault": 0.4423,
        "weapon": 0,
        "pilot_injury": 0.9507,
        "pilot_skill": 0.4087,
        "mission_priority": 0.4667,
        "estimated_landing_time": 1322.0,
        "wait_time": 0,
        "Landing_success_rate": 1.0
    },
    {
        "model": 1,
        "sequence": 10,
        "status": 1,
        "fuel": 6420,
        "fault": 0.2375,
        "weapon": 0,
        "pilot_injury": 0.7172,
        "pilot_skill": 0.5381,
        "mission_priority": 0.5087,
        "estimated_landing_time": 946.0,
        "wait_time": 0,
        "Landing_success_rate": 1.0
    },
    {
        "model": 0,
        "sequence": 1,
        "status": 1,
        "fuel": 5717,
        "fault": 0.0944,
        "weapon": 1,
        "pilot_injury": 0.1682,
        "pilot_skill": 0.1899,
        "mission_priority": 0.4607,
        "estimated_landing_time": 100.0,
        "wait_time": 0,
        "Landing_success_rate": 1.0
    },
    {
        "model": 2,
        "sequence": 13,
        "status": 1,
        "fuel": 6297,
        "fault": 0.6648,
        "weapon": 0,
        "pilot_injury": 0.6452,
        "pilot_skill": 0.651,
        "mission_priority": 0.8245,
        "estimated_landing_time": 1228.0,
        "wait_time": 0,
        "Landing_success_rate": 1.0
    },
    {
        "model": 2,
        "sequence": 17,
        "status": 1,
        "fuel": 6207,
        "fault": 0.8252,
        "weapon": 0,
        "pilot_injury": 0.2737,
        "pilot_skill": 0.98,
        "mission_priority": 0.5963,
        "estimated_landing_time": 1604.0,
        "wait_time": 0,
        "Landing_success_rate": 1.0
    },
    {
        "model": 2,
        "sequence": 15,
        "status": 1,
        "fuel": 6616,
        "fault": 0.9993,
        "weapon": 0,
        "pilot_injury": 0.5182,
        "pilot_skill": 0.0375,
        "mission_priority": 0.5692,
        "estimated_landing_time": 1416.0,
        "wait_time": 0,
        "Landing_success_rate": 1.0
    },
    {
        "model": 2,
        "sequence": 27,
        "status": 1,
        "fuel": 6373,
        "fault": 0.4468,
        "weapon": 1,
        "pilot_injury": 0.5406,
        "pilot_skill": 0.4582,
        "mission_priority": 0.945,
        "estimated_landing_time": 2544.0,
        "wait_time": 0,
        "Landing_success_rate": 1.0
    },
    {
        "model": 2,
        "sequence": 23,
        "status": 1,
        "fuel": 5938,
        "fault": 0.2091,
        "weapon": 0,
        "pilot_injury": 0.4657,
        "pilot_skill": 0.2402,
        "mission_priority": 0.4698,
        "estimated_landing_time": 2168.0,
        "wait_time": 0,
        "Landing_success_rate": 1.0
    },
    {
        "model": 1,
        "sequence": 30,
        "status": 1,
        "fuel": 6616,
        "fault": 0.2569,
        "weapon": 1,
        "pilot_injury": 0.3568,
        "pilot_skill": 0.1643,
        "mission_priority": 0.5037,
        "estimated_landing_time": 2826.0,
        "wait_time": 0,
        "Landing_success_rate": 1.0
    },
    {
        "model": 2,
        "sequence": 8,
        "status": 1,
        "fuel": 6799,
        "fault": 0.9159,
        "weapon": 0,
        "pilot_injury": 0.3384,
        "pilot_skill": 0.9355,
        "mission_priority": 0.9122,
        "estimated_landing_time": 758.0,
        "wait_time": 0,
        "Landing_success_rate": 1.0
    },
    {
        "model": 2,
        "sequence": 25,
        "status": 1,
        "fuel": 6358,
        "fault": 0.5258,
        "weapon": 0,
        "pilot_injury": 0.7413,
        "pilot_skill": 0.8276,
        "mission_priority": 0.9679,
        "estimated_landing_time": 2356.0,
        "wait_time": 0,
        "Landing_success_rate": 1.0
    },
    {
        "model": 2,
        "sequence": 6,
        "status": 1,
        "fuel": 5862,
        "fault": 0.1062,
        "weapon": 0,
        "pilot_injury": 0.5301,
        "pilot_skill": 0.0278,
        "mission_priority": 0.2467,
        "estimated_landing_time": 570.0,
        "wait_time": 0,
        "Landing_success_rate": 1.0
    },
    {
        "model": 2,
        "sequence": 12,
        "status": 1,
        "fuel": 6338,
        "fault": 0.6285,
        "weapon": 0,
        "pilot_injury": 0.9918,
        "pilot_skill": 0.2661,
        "mission_priority": 0.8332,
        "estimated_landing_time": 1134.0,
        "wait_time": 0,
        "Landing_success_rate": 1.0
    },
    {
        "model": 0,
        "sequence": 2,
        "status": 1,
        "fuel": 6097,
        "fault": 0.0881,
        "weapon": 0,
        "pilot_injury": 0.7273,
        "pilot_skill": 0.6338,
        "mission_priority": 0.1405,
        "estimated_landing_time": 194.0,
        "wait_time": 0,
        "Landing_success_rate": 1.0
    },
    {
        "model": 2,
        "sequence": 16,
        "status": 1,
        "fuel": 6727,
        "fault": 0.2779,
        "weapon": 1,
        "pilot_injury": 0.849,
        "pilot_skill": 0.4436,
        "mission_priority": 0.9187,
        "estimated_landing_time": 1510.0,
        "wait_time": 0,
        "Landing_success_rate": 1.0
    },
    {
        "model": 2,
        "sequence": 11,
        "status": 1,
        "fuel": 6904,
        "fault": 0.6842,
        "weapon": 0,
        "pilot_injury": 0.7963,
        "pilot_skill": 0.5831,
        "mission_priority": 0.9602,
        "estimated_landing_time": 1040.0,
        "wait_time": 0,
        "Landing_success_rate": 1.0
    },
    {
        "model": 1,
        "sequence": 18,
        "status": 1,
        "fuel": 6731,
        "fault": 0.8886,
        "weapon": 1,
        "pilot_injury": 0.0236,
        "pilot_skill": 0.4137,
        "mission_priority": 0.2992,
        "estimated_landing_time": 1698.0,
        "wait_time": 0,
        "Landing_success_rate": 1.0
    },
    {
        "model": 0,
        "sequence": 9,
        "status": 1,
        "fuel": 6111,
        "fault": 0.0478,
        "weapon": 1,
        "pilot_injury": 0.2052,
        "pilot_skill": 0.1895,
        "mission_priority": 0.1256,
        "estimated_landing_time": 852.0,
        "wait_time": 0,
        "Landing_success_rate": 1.0
    },
    {
        "model": 1,
        "sequence": 5,
        "status": 1,
        "fuel": 7458,
        "fault": 0.4248,
        "weapon": 1,
        "pilot_injury": 0.7749,
        "pilot_skill": 0.7353,
        "mission_priority": 0.7973,
        "estimated_landing_time": 476.0,
        "wait_time": 0,
        "Landing_success_rate": 1.0
    },
    {
        "model": 2,
        "sequence": 3,
        "status": 1,
        "fuel": 6017,
        "fault": 0.9884,
        "weapon": 0,
        "pilot_injury": 0.1373,
        "pilot_skill": 0.3363,
        "mission_priority": 0.5867,
        "estimated_landing_time": 288.0,
        "wait_time": 0,
        "Landing_success_rate": 1.0
    },
    {
        "model": 1,
        "sequence": 22,
        "status": 1,
        "fuel": 6772,
        "fault": 0.1569,
        "weapon": 1,
        "pilot_injury": 0.3872,
        "pilot_skill": 0.7844,
        "mission_priority": 0.4929,
        "estimated_landing_time": 2074.0,
        "wait_time": 0,
        "Landing_success_rate": 1.0
    }
]