[
    {
        "model": 0,
        "sequence": 27,
        "status": 1,
        "fuel": 6380,
        "fault": 0.2984,
        "weapon": 1,
        "pilot_injury": 0.0625,
        "pilot_skill": 0.8835,
        "mission_priority": 0.4483,
        "estimated_landing_time": 2544.0,
        "wait_time": 0,
        "Landing_success_rate": 1.0
    },
    {
        "model": 2,
        "sequence": 9,
        "status": 1,
        "fuel": 6536,
        "fault": 0.9715,
        "weapon": 0,
        "pilot_injury": 0.9264,
        "pilot_skill": 0.0191,
        "mission_priority": 0.4768,
        "estimated_landing_time": 852.0,
        "wait_time": 0,
        "Landing_success_rate": 1.0
    },
    {
        "model": 0,
        "sequence": 8,
        "status": 1,
        "fuel": 6872,
        "fault": 0.0305,
        "weapon": 0,
        "pilot_injury": 0.6925,
        "pilot_skill": 0.1344,
        "mission_priority": 0.2994,
        "estimated_landing_time": 758.0,
        "wait_time": 0,
        "Landing_success_rate": 1.0
    },
    {
        "model": 0,
        "sequence": 22,
        "status": 1,
        "fuel": 7499,
        "fault": 0.8198,
        "weapon": 0,
        "pilot_injury": 0.2788,
        "pilot_skill": 0.2107,
        "mission_priority": 0.9574,
        "estimated_landing_time": 2074.0,
        "wait_time": 0,
        "Landing_success_rate": 1.0
    },
    {
        "model": 0,
        "sequence": 10,
        "status": 1,
        "fuel": 6826,
        "fault": 0.9905,
        "weapon": 1,
        "pilot_injury": 0.6768,
        "pilot_skill": 0.8285,
        "mission_priority": 0.2946,
        "estimated_landing_time": 946.0,
        "wait_time": 0,
        "Landing_success_rate": 1.0
    },
    {
        "model": 0,
        "sequence": 30,
        "status": 1,
        "fuel": 6146,
        "fault": 0.0442,
        "weapon": 1,
        "pilot_injury": 0.8341,
        "pilot_skill": 0.7405,
        "mission_priority": 0.1429,
        "estimated_landing_time": 2826.0,
        "wait_time": 0,
        "Landing_success_rate": 1.0
    },
    {
        "model": 1,
        "sequence": 13,
        "status": 1,
        "fuel": 7267,
        "fault": 0.9371,
        "weapon": 1,
        "pilot_injury": 0.6585,
        "pilot_skill": 0.7661,
        "mission_priority": 0.8459,
        "estimated_landing_time": 1228.0,
        "wait_time": 0,
        "Landing_success_rate": 1.0
    },
    {
        "model": 2,
        "sequence": 19,
        "status": 1,
        "fuel": 5693,
        "fault": 0.1044,
        "weapon": 0,
        "pilot_injury": 0.4876,
        "pilot_skill": 0.0776,
        "mission_priority": 0.4075,
        "estimated_landing_time": 1792.0,
        "wait_time": 0,
        "Landing_success_rate": 1.0
    },
    {
        "model": 2,
        "sequence": 7,
        "status": 1,
        "fuel": 5913,
        "fault": 0.0245,
        "weapon": 0,
        "pilot_injury": 0.3488,
        "pilot_skill": 0.111,
        "mission_priority": 0.8082,
        "estimated_landing_time": 664.0,
        "wait_time": 0,
        "Landing_success_rate": 1.0
    },
    {
        "model": 2,
        "sequence": 24,
        "status": 1,
        "fuel": 7208,
        "fault": 0.6978,
        "weapon": 0,
        "pilot_injury": 0.9551,
        "pilot_skill": 0.5226,
        "mission_priority": 0.2996,
        "estimated_landing_time": 2262.0,
        "wait_time": 0,
        "Landing_success_rate": 1.0
    },
    {
        "model": 0,
        "sequence": 29,
        "status": 1,
        "fuel": 6435,
        "fault": 0.1129,
        "weapon": 1,
        "pilot_injury": 0.7945,
        "pilot_skill": 0.7071,
        "mission_priority": 0.0502,
        "estimated_landing_time": 2732.0,
        "wait_time": 0,
        "Landing_success_rate": 1.0
    },
    {
        "model": 1,
        "sequence": 2,
        "status": 1,
        "fuel": 5949,
        "fault": 0.7101,
        "weapon": 1,
        "pilot_injury": 0.2953,
        "pilot_skill": 0.2324,
        "mission_priority": 0.281,
        "estimated_landing_time": 194.0,
        "wait_time": 0,
        "Landing_success_rate": 1.0
    },
    {
        "model": 2,
        "sequence": 18,
        "status": 1,
        "fuel": 6403,
        "fault": 0.2925,
        "weapon": 1,
        "pilot_injury": 0.4051,
        "pilot_skill": 0.9061,
        "mission_priority": 0.3215,
        "estimated_landing_time": 1698.0,
        "wait_time": 0,
        "Landing_success_rate": 1.0
    },
    {
        "model": 1,
        "sequence": 14,
        "status": 1,
        "fuel": 7088,
        "fault": 0.8422,
        "weapon": 0,
        "pilot_injury": 0.6405,
        "pilot_skill": 0.979,
        "mission_priority": 0.6035,
        "estimated_landing_time": 1322.0,
        "wait_time": 0,
        "Landing_success_rate": 1.0
    },
    {
        "model": 0,
        "sequence": 5,
        "status": 1,
        "fuel": 6576,
        "fault": 0.4161,
        "weapon": 0,
        "pilot_injury": 0.1229,
        "pilot_skill": 0.8887,
        "mission_priority": 0.5031,
        "estimated_landing_time": 476.0,
        "wait_time": 0,
        "Landing_success_rate": 1.0
    },
    {
        "model": 2,
        "sequence": 3,
        "status": 1,
        "fuel": 6969,
        "fault": 0.4539,
        "weapon": 1,
        "pilot_injury": 0.6248,
        "pilot_skill": 0.0718,
        "mission_priority": 0.6826,
        "estimated_landing_time": 288.0,
        "wait_time": 0,
        "Landing_success_rate": 1.0
    },
    {
        "model": 1,
        "sequence": 17,
        "status": 1,
        "fuel": 6537,
        "fault": 0.4632,
        "weapon": 1,
        "pilot_injury": 0.8225,
        "pilot_skill": 0.804,
        "mission_priority": 0.5525,
        "estimated_landing_time": 1604.0,
        "wait_time": 0,
        "Landing_success_rate": 1.0
    },
    {
        "model": 0,
        "sequence": 21,
        "status": 1,
        "fuel": 6202,
        "fault": 0.12,
        "weapon": 0,
        "pilot_injury": 0.7753,
        "pilot_skill": 0.2714,
        "mission_priority": 0.4967,
        "estimated_landing_time": 1980.0,
        "wait_time": 0,
        "Landing_success_rate": 1.0
    },
    {
        "model": 1,
        "sequence": 15,
        "status": 1,
        "fuel": 7497,
        "fault": 0.882,
        "weapon": 1,
        "pilot_injury": 0.6296,
        "pilot_skill": 0.0543,
        "mission_priority": 0.7486,
        "estimated_landing_time": 1416.0,
        "wait_time": 0,
        "Landing_success_rate": 1.0
    },
    {
        "model": 2,
        "sequence": 1,
        "status": 1,
        "fuel": 7114,
        "fault": 0.1027,
        "weapon": 0,
        "pilot_injury": 0.5111,
        "pilot_skill": 0.0469,
        "mission_priority": 0.2762,
        "estimated_landing_time": 100.0,
        "wait_time": 0,
        "Landing_success_rate": 1.0
    },
    {
        "model": 2,
        "sequence": 11,
        "status": 1,
        "fuel": 5793,
        "fault": 0.8957,
        "weapon": 1,
        "pilot_injury": 0.8393,
        "pilot_skill": 0.0038,
        "mission_priority": 0.2468,
        "estimated_landing_time": 1040.0,
        "wait_time": 0,
        "Landing_success_rate": 1.0
    },
    {
        "model": 0,
        "sequence": 25,
        "status": 1,
        "fuel": 6388,
        "fault": 0.0827,
        "weapon": 1,
        "pilot_injury": 0.1019,
        "pilot_skill": 0.3602,
        "mission_priority": 0.2704,
        "estimated_landing_time": 2356.0,
        "wait_time": 0,
        "Landing_success_rate": 1.0
    },
    {
        "model": 0,
        "sequence": 4,
        "status": 1,
        "fuel": 7446,
        "fault": 0.8665,
        "weapon": 1,
        "pilot_injury": 0.7889,
        "pilot_skill": 0.8919,
        "mission_priority": 0.4338,
        "estimated_landing_time": 382.0,
        "wait_time": 0,
        "Landing_success_rate": 1.0
    },
    {
        "model": 0,
        "sequence": 23,
        "status": 1,
        "fuel": 5676,
        "fault": 0.3773,
        "weapon": 1,
        "pilot_injury": 0.9641,
        "pilot_skill": 0.0893,
        "mission_priority": 0.687,
        "estimated_landing_time": 2168.0,
        "wait_time": 0,
        "Landing_success_rate": 1.0
    },
    {
        "model": 1,
        "sequence": 6,
        "status": 1,
        "fuel": 5717,
        "fault": 0.5646,
        "weapon": 1,
        "pilot_injury": 0.6327,
        "pilot_skill": 0.7039,
        "mission_priority": 0.0044,
        "estimated_landing_time": 570.0,
        "wait_time": 0,
        "Landing_success_rate": 1.0
    },
    {
        "model": 1,
        "sequence": 20,
        "status": 1,
        "fuel": 5522,
        "fault": 0.2542,
        "weapon": 0,
        "pilot_injury": 0.6664,
        "pilot_skill": 0.966,
        "mission_priority": 0.761,
        "estimated_landing_time": 1886.0,
        "wait_time": 0,
        "Landing_success_rate": 1.0
    },
    {
        "model": 1,
        "sequence": 28,
        "status": 1,
        "fuel": 7308,
        "fault": 0.6761,
        "weapon": 0,
        "pilot_injury": 0.2981,
        "pilot_skill": 0.1054,
        "mission_priority": 0.7818,
        "estimated_landing_time": 2638.0,
        "wait_time": 0,
        "Landing_success_rate": 1.0
    },
    {
        "model": 0,
        "sequence": 12,
        "status": 1,
        "fuel": 7175,
        "fault": 0.9995,
        "weapon": 0,
        "pilot_injury": 0.3601,
        "pilot_skill": 0.9568,
        "mission_priority": 0.5004,
        "estimated_landing_time": 1134.0,
        "wait_time": 0,
        "Landing_success_rate": 1.0
    },
    {
        "model": 2,
        "sequence": 16,
        "status": 1,
        "fuel": 7076,
        "fault": 0.476,
        "weapon": 1,
        "pilot_injury": 0.2089,
        "pilot_skill": 0.3687,
        "mission_priority": 0.3698,
        "estimated_landing_time": 1510.0,
        "wait_time": 0,
        "Landing_success_rate": 1.0
    },
    {
        "model": 2,
        "sequence": 26,
        "status": 1,
        "fuel": 6391,
        "fault": 0.859,
        "weapon": 0,
        "pilot_injury": 0.4165,
        "pilot_skill": 0.8222,
        "mission_priority": 0.8503,
        "estimated_landing_time": 2450.0,
        "wait_time": 0,
        "Landing_success_rate": 1.0
    }
]