[
    {
        "model": 1,
        "sequence": 7,
        "status": 1,
        "fuel": 6677,
        "fault": 0.5145,
        "weapon": 1,
        "pilot_injury": 0.1936,
        "pilot_skill": 0.4163,
        "mission_priority": 0.4489,
        "estimated_landing_time": 664.0,
        "wait_time": 0,
        "Landing_success_rate": 1.0
    },
    {
        "model": 0,
        "sequence": 24,
        "status": 1,
        "fuel": 5944,
        "fault": 0.4013,
        "weapon": 1,
        "pilot_injury": 0.2268,
        "pilot_skill": 0.9315,
        "mission_priority": 0.9084,
        "estimated_landing_time": 2262.0,
        "wait_time": 0,
        "Landing_success_rate": 1.0
    },
    {
        "model": 0,
        "sequence": 17,
        "status": 1,
        "fuel": 6008,
        "fault": 0.6024,
        "weapon": 1,
        "pilot_injury": 0.327,
        "pilot_skill": 0.628,
        "mission_priority": 0.2752,
        "estimated_landing_time": 1604.0,
        "wait_time": 0,
        "Landing_success_rate": 1.0
    },
    {
        "model": 2,
        "sequence": 11,
        "status": 1,
        "fuel": 6627,
        "fault": 0.6291,
        "weapon": 0,
        "pilot_injury": 0.0719,
        "pilot_skill": 0.909,
        "mission_priority": 0.9578,
        "estimated_landing_time": 1040.0,
        "wait_time": 0,
        "Landing_success_rate": 1.0
    },
    {
        "model": 1,
        "sequence": 25,
        "status": 1,
        "fuel": 7061,
        "fault": 0.2339,
        "weapon": 1,
        "pilot_injury": 0.3034,
        "pilot_skill": 0.3928,
        "mission_priority": 0.1797,
        "estimated_landing_time": 2356.0,
        "wait_time": 0,
        "Landing_success_rate": 1.0
    },
    {
        "model": 0,
        "sequence": 20,
        "status": 1,
        "fuel": 5643,
        "fault": 0.1523,
        "weapon": 0,
        "pilot_injury": 0.5031,
        "pilot_skill": 0.0829,
        "mission_priority": 0.62,
        "estimated_landing_time": 1886.0,
        "wait_time": 0,
        "Landing_success_rate": 1.0
    },
    {
        "model": 1,
        "sequence": 22,
        "status": 1,
        "fuel": 6193,
        "fault": 0.3286,
        "weapon": 0,
        "pilot_injury": 0.4347,
        "pilot_skill": 0.1928,
        "mission_priority": 0.1911,
        "estimated_landing_time": 2074.0,
        "wait_time": 0,
        "Landing_success_rate": 1.0
    },
    {
        "model": 1,
        "sequence": 9,
        "status": 1,
        "fuel": 6179,
        "fault": 0.7042,
        "weapon": 0,
        "pilot_injury": 0.7672,
        "pilot_skill": 0.2059,
        "mission_priority": 0.3217,
        "estimated_landing_time": 852.0,
        "wait_time": 0,
        "Landing_success_rate": 1.0
    },
    {
        "model": 2,
        "sequence": 4,
        "status": 1,
        "fuel": 7390,
        "fault": 0.8545,
        "weapon": 0,
        "pilot_injury": 0.9317,
        "pilot_skill": 0.2069,
        "mission_priority": 0.3582,
        "estimated_landing_time": 382.0,
        "wait_time": 0,
        "Landing_success_rate": 1.0
    },
    {
        "model": 0,
        "sequence": 19,
        "status": 1,
        "fuel": 5963,
        "fault": 0.4829,
        "weapon": 0,
        "pilot_injury": 0.4606,
        "pilot_skill": 0.9008,
        "mission_priority": 0.93,
        "estimated_landing_time": 1792.0,
        "wait_time": 0,
        "Landing_success_rate": 1.0
    },
    {
        "model": 2,
        "sequence": 6,
        "status": 1,
        "fuel": 5738,
        "fault": 0.7559,
        "weapon": 0,
        "pilot_injury": 0.8962,
        "pilot_skill": 0.8067,
        "mission_priority": 0.0037,
        "estimated_landing_time": 570.0,
        "wait_time": 0,
        "Landing_success_rate": 1.0
    },
    {
        "model": 0,
        "sequence": 3,
        "status": 1,
        "fuel": 6651,
        "fault": 0.5294,
        "weapon": 0,
        "pilot_injury": 0.2297,
        "pilot_skill": 0.1996,
        "mission_priority": 0.0378,
        "estimated_landing_time": 288.0,
        "wait_time": 0,
        "Landing_success_rate": 1.0
    },
    {
        "model": 1,
        "sequence": 29,
        "status": 1,
        "fuel": 5722,
        "fault": 0.7628,
        "weapon": 1,
        "pilot_injury": 0.0523,
        "pilot_skill": 0.231,
        "mission_priority": 0.8019,
        "estimated_landing_time": 2732.0,
        "wait_time": 0,
        "Landing_success_rate": 1.0
    },
    {
        "model": 0,
        "sequence": 5,
        "status": 1,
        "fuel": 5998,
        "fault": 0.3772,
        "weapon": 1,
        "pilot_injury": 0.4161,
        "pilot_skill": 0.9779,
        "mission_priority": 0.2006,
        "estimated_landing_time": 476.0,
        "wait_time": 0,
        "Landing_success_rate": 1.0
    },
    {
        "model": 0,
        "sequence": 14,
        "status": 1,
        "fuel": 5790,
        "fault": 0.6485,
        "weapon": 1,
        "pilot_injury": 0.1728,
        "pilot_skill": 0.3794,
        "mission_priority": 0.9108,
        "estimated_landing_time": 1322.0,
        "wait_time": 0,
        "Landing_success_rate": 1.0
    },
    {
        "model": 1,
        "sequence": 28,
        "status": 1,
        "fuel": 7459,
        "fault": 0.0989,
        "weapon": 1,
        "pilot_injury": 0.9344,
        "pilot_skill": 0.0485,
        "mission_priority": 0.2103,
        "estimated_landing_time": 2638.0,
        "wait_time": 0,
        "Landing_success_rate": 1.0
    },
    {
        "model": 1,
        "sequence": 23,
        "status": 1,
        "fuel": 6351,
        "fault": 0.8778,
        "weapon": 0,
        "pilot_injury": 0.0396,
        "pilot_skill": 0.403,
        "mission_priority": 0.6492,
        "estimated_landing_time": 2168.0,
        "wait_time": 0,
        "Landing_success_rate": 1.0
    },
    {
        "model": 0,
        "sequence": 26,
        "status": 1,
        "fuel": 5576,
        "fault": 0.722,
        "weapon": 1,
        "pilot_injury": 0.3206,
        "pilot_skill": 0.0935,
        "mission_priority": 0.4271,
        "estimated_landing_time": 2450.0,
        "wait_time": 0,
        "Landing_success_rate": 1.0
    },
    {
        "model": 2,
        "sequence": 15,
        "status": 1,
        "fuel": 6798,
        "fault": 0.0535,
        "weapon": 0,
        "pilot_injury": 0.4752,
        "pilot_skill": 0.3173,
        "mission_priority": 0.7663,
        "estimated_landing_time": 1416.0,
        "wait_time": 0,
        "Landing_success_rate": 1.0
    },
    {
        "model": 0,
        "sequence": 13,
        "status": 1,
        "fuel": 7301,
        "fault": 0.7572,
        "weapon": 0,
        "pilot_injury": 0.812,
        "pilot_skill": 0.8672,
        "mission_priority": 0.673,
        "estimated_landing_time": 1228.0,
        "wait_time": 0,
        "Landing_success_rate": 1.0
    },
    {
        "model": 1,
        "sequence": 18,
        "status": 1,
        "fuel": 6607,
        "fault": 0.0724,
        "weapon": 0,
        "pilot_injury": 0.7633,
        "pilot_skill": 0.1365,
        "mission_priority": 0.2287,
        "estimated_landing_time": 1698.0,
        "wait_time": 0,
        "Landing_success_rate": 1.0
    },
    {
        "model": 2,
        "sequence": 27,
        "status": 1,
        "fuel": 6262,
        "fault": 0.9734,
        "weapon": 1,
        "pilot_injury": 0.7527,
        "pilot_skill": 0.4738,
        "mission_priority": 0.4468,
        "estimated_landing_time": 2544.0,
        "wait_time": 0,
        "Landing_success_rate": 1.0
    },
    {
        "model": 1,
        "sequence": 8,
        "status": 1,
        "fuel": 6526,
        "fault": 0.4681,
        "weapon": 1,
        "pilot_injury": 0.3598,
        "pilot_skill": 0.5408,
        "mission_priority": 0.6773,
        "estimated_landing_time": 758.0,
        "wait_time": 0,
        "Landing_success_rate": 1.0
    },
    {
        "model": 1,
        "sequence": 21,
        "status": 1,
        "fuel": 5562,
        "fault": 0.3751,
        "weapon": 0,
        "pilot_injury": 0.5313,
        "pilot_skill": 0.3997,
        "mission_priority": 0.9537,
        "estimated_landing_time": 1980.0,
        "wait_time": 0,
        "Landing_success_rate": 1.0
    },
    {
        "model": 2,
        "sequence": 1,
        "status": 1,
        "fuel": 7050,
        "fault": 0.8707,
        "weapon": 1,
        "pilot_injury": 0.1265,
        "pilot_skill": 0.8426,
        "mission_priority": 0.3622,
        "estimated_landing_time": 100.0,
        "wait_time": 0,
        "Landing_success_rate": 1.0
    },
    {
        "model": 1,
        "sequence": 12,
        "status": 1,
        "fuel": 6329,
        "fault": 0.4143,
        "weapon": 0,
        "pilot_injury": 0.1989,
        "pilot_skill": 0.6017,
        "mission_priority": 0.0607,
        "estimated_landing_time": 1134.0,
        "wait_time": 0,
        "Landing_success_rate": 1.0
    },
    {
        "model": 1,
        "sequence": 16,
        "status": 1,
        "fuel": 7475,
        "fault": 0.8498,
        "weapon": 1,
        "pilot_injury": 0.436,
        "pilot_skill": 0.7487,
        "mission_priority": 0.8279,
        "estimated_landing_time": 1510.0,
        "wait_time": 0,
        "Landing_success_rate": 1.0
    },
    {
        "model": 1,
        "sequence": 10,
        "status": 1,
        "fuel": 7473,
        "fault": 0.1325,
        "weapon": 0,
        "pilot_injury": 0.1941,
        "pilot_skill": 0.5366,
        "mission_priority": 0.9348,
        "estimated_landing_time": 946.0,
        "wait_time": 0,
        "Landing_success_rate": 1.0
    },
    {
        "model": 1,
        "sequence": 30,
        "status": 1,
        "fuel": 6057,
        "fault": 0.3257,
        "weapon": 0,
        "pilot_injury": 0.3032,
        "pilot_skill": 0.4294,
        "mission_priority": 0.4707,
        "estimated_landing_time": 2826.0,
        "wait_time": 0,
        "Landing_success_rate": 1.0
    },
    {
        "model": 1,
        "sequence": 2,
        "status": 1,
        "fuel": 5771,
        "fault": 0.369,
        "weapon": 0,
        "pilot_injury": 0.9469,
        "pilot_skill": 0.2407,
        "mission_priority": 0.2399,
        "estimated_landing_time": 194.0,
        "wait_time": 0,
        "Landing_success_rate": 1.0
    }
]