[
    {
        "model": 0,
        "sequence": 29,
        "status": 1,
        "fuel": 6590,
        "fault": 0.1009,
        "weapon": 1,
        "pilot_injury": 0.9609,
        "pilot_skill": 0.6702,
        "mission_priority": 0.1752,
        "estimated_landing_time": 2732.0,
        "wait_time": 0,
        "Landing_success_rate": 1.0
    },
    {
        "model": 1,
        "sequence": 23,
        "status": 1,
        "fuel": 6972,
        "fault": 0.4532,
        "weapon": 0,
        "pilot_injury": 0.0283,
        "pilot_skill": 0.0149,
        "mission_priority": 0.1294,
        "estimated_landing_time": 2168.0,
        "wait_time": 0,
        "Landing_success_rate": 1.0
    },
    {
        "model": 1,
        "sequence": 13,
        "status": 1,
        "fuel": 6683,
        "fault": 0.6902,
        "weapon": 1,
        "pilot_injury": 0.4874,
        "pilot_skill": 0.138,
        "mission_priority": 0.6734,
        "estimated_landing_time": 1228.0,
        "wait_time": 0,
        "Landing_success_rate": 1.0
    },
    {
        "model": 0,
        "sequence": 12,
        "status": 1,
        "fuel": 5782,
        "fault": 0.2152,
        "weapon": 1,
        "pilot_injury": 0.0137,
        "pilot_skill": 0.0776,
        "mission_priority": 0.3917,
        "estimated_landing_time": 1134.0,
        "wait_time": 0,
        "Landing_success_rate": 1.0
    },
    {
        "model": 1,
        "sequence": 15,
        "status": 1,
        "fuel": 6765,
        "fault": 0.5837,
        "weapon": 1,
        "pilot_injury": 0.6282,
        "pilot_skill": 0.5472,
        "mission_priority": 0.2312,
        "estimated_landing_time": 1416.0,
        "wait_time": 0,
        "Landing_success_rate": 1.0
    },
    {
        "model": 1,
        "sequence": 14,
        "status": 1,
        "fuel": 5560,
        "fault": 0.612,
        "weapon": 1,
        "pilot_injury": 0.8609,
        "pilot_skill": 0.7532,
        "mission_priority": 0.5534,
        "estimated_landing_time": 1322.0,
        "wait_time": 0,
        "Landing_success_rate": 1.0
    },
    {
        "model": 2,
        "sequence": 24,
        "status": 1,
        "fuel": 6497,
        "fault": 0.1043,
        "weapon": 0,
        "pilot_injury": 0.8794,
        "pilot_skill": 0.0392,
        "mission_priority": 0.988,
        "estimated_landing_time": 2262.0,
        "wait_time": 0,
        "Landing_success_rate": 1.0
    },
    {
        "model": 2,
        "sequence": 26,
        "status": 1,
        "fuel": 5973,
        "fault": 0.1836,
        "weapon": 1,
        "pilot_injury": 0.038,
        "pilot_skill": 0.6055,
        "mission_priority": 0.4848,
        "estimated_landing_time": 2450.0,
        "wait_time": 0,
        "Landing_success_rate": 1.0
    },
    {
        "model": 1,
        "sequence": 16,
        "status": 1,
        "fuel": 6403,
        "fault": 0.5536,
        "weapon": 0,
        "pilot_injury": 0.8903,
        "pilot_skill": 0.55,
        "mission_priority": 0.4134,
        "estimated_landing_time": 1510.0,
        "wait_time": 0,
        "Landing_success_rate": 1.0
    },
    {
        "model": 1,
        "sequence": 25,
        "status": 1,
        "fuel": 6572,
        "fault": 0.8231,
        "weapon": 0,
        "pilot_injury": 0.7029,
        "pilot_skill": 0.614,
        "mission_priority": 0.5103,
        "estimated_landing_time": 2356.0,
        "wait_time": 0,
        "Landing_success_rate": 1.0
    },
    {
        "model": 0,
        "sequence": 8,
        "status": 1,
        "fuel": 7186,
        "fault": 0.9061,
        "weapon": 0,
        "pilot_injury": 0.2334,
        "pilot_skill": 0.9413,
        "mission_priority": 0.5888,
        "estimated_landing_time": 758.0,
        "wait_time": 0,
        "Landing_success_rate": 1.0
    },
    {
        "model": 2,
        "sequence": 17,
        "status": 1,
        "fuel": 7239,
        "fault": 0.852,
        "weapon": 1,
        "pilot_injury": 0.8057,
        "pilot_skill": 0.1616,
        "mission_priority": 0.2928,
        "estimated_landing_time": 1604.0,
        "wait_time": 0,
        "Landing_success_rate": 1.0
    },
    {
        "model": 0,
        "sequence": 10,
        "status": 1,
        "fuel": 6741,
        "fault": 0.9695,
        "weapon": 1,
        "pilot_injury": 0.7925,
        "pilot_skill": 0.1305,
        "mission_priority": 0.7627,
        "estimated_landing_time": 946.0,
        "wait_time": 0,
        "Landing_success_rate": 1.0
    },
    {
        "model": 1,
        "sequence": 9,
        "status": 1,
        "fuel": 7395,
        "fault": 0.8721,
        "weapon": 0,
        "pilot_injury": 0.8982,
        "pilot_skill": 0.5813,
        "mission_priority": 0.3518,
        "estimated_landing_time": 852.0,
        "wait_time": 0,
        "Landing_success_rate": 1.0
    },
    {
        "model": 0,
        "sequence": 4,
        "status": 1,
        "fuel": 6127,
        "fault": 0.7183,
        "weapon": 0,
        "pilot_injury": 0.509,
        "pilot_skill": 0.9916,
        "mission_priority": 0.9832,
        "estimated_landing_time": 382.0,
        "wait_time": 0,
        "Landing_success_rate": 1.0
    },
    {
        "model": 1,
        "sequence": 27,
        "status": 1,
        "fuel": 5572,
        "fault": 0.4917,
        "weapon": 1,
        "pilot_injury": 0.4911,
        "pilot_skill": 0.6825,
        "mission_priority": 0.1016,
        "estimated_landing_time": 2544.0,
        "wait_time": 0,
        "Landing_success_rate": 1.0
    },
    {
        "model": 2,
        "sequence": 2,
        "status": 1,
        "fuel": 5940,
        "fault": 0.331,
        "weapon": 0,
        "pilot_injury": 0.0734,
        "pilot_skill": 0.1958,
        "mission_priority": 0.4853,
        "estimated_landing_time": 194.0,
        "wait_time": 0,
        "Landing_success_rate": 1.0
    },
    {
        "model": 2,
        "sequence": 5,
        "status": 1,
        "fuel": 5566,
        "fault": 0.3792,
        "weapon": 1,
        "pilot_injury": 0.3355,
        "pilot_skill": 0.0824,
        "mission_priority": 0.5503,
        "estimated_landing_time": 476.0,
        "wait_time": 0,
        "Landing_success_rate": 1.0
    },
    {
        "model": 1,
        "sequence": 28,
        "status": 1,
        "fuel": 6457,
        "fault": 0.3555,
        "weapon": 0,
        "pilot_injury": 0.9772,
        "pilot_skill": 0.1113,
        "mission_priority": 0.2121,
        "estimated_landing_time": 2638.0,
        "wait_time": 0,
        "Landing_success_rate": 1.0
    },
    {
        "model": 2,
        "sequence": 30,
        "status": 1,
        "fuel": 5848,
        "fault": 0.0329,
        "weapon": 1,
        "pilot_injury": 0.7718,
        "pilot_skill": 0.8982,
        "mission_priority": 0.3337,
        "estimated_landing_time": 2826.0,
        "wait_time": 0,
        "Landing_success_rate": 1.0
    },
    {
        "model": 1,
        "sequence": 3,
        "status": 1,
        "fuel": 6467,
        "fault": 0.0392,
        "weapon": 0,
        "pilot_injury": 0.053,
        "pilot_skill": 0.8556,
        "mission_priority": 0.9273,
        "estimated_landing_time": 288.0,
        "wait_time": 0,
        "Landing_success_rate": 1.0
    },
    {
        "model": 0,
        "sequence": 18,
        "status": 1,
        "fuel": 6015,
        "fault": 0.8799,
        "weapon": 1,
        "pilot_injury": 0.0332,
        "pilot_skill": 0.1045,
        "mission_priority": 0.2094,
        "estimated_landing_time": 1698.0,
        "wait_time": 0,
        "Landing_success_rate": 1.0
    },
    {
        "model": 1,
        "sequence": 7,
        "status": 1,
        "fuel": 5731,
        "fault": 0.776,
        "weapon": 0,
        "pilot_injury": 0.7786,
        "pilot_skill": 0.7761,
        "mission_priority": 0.5351,
        "estimated_landing_time": 664.0,
        "wait_time": 0,
        "Landing_success_rate": 1.0
    },
    {
        "model": 0,
        "sequence": 19,
        "status": 1,
        "fuel": 6747,
        "fault": 0.6937,
        "weapon": 1,
        "pilot_injury": 0.3145,
        "pilot_skill": 0.5611,
        "mission_priority": 0.5335,
        "estimated_landing_time": 1792.0,
        "wait_time": 0,
        "Landing_success_rate": 1.0
    },
    {
        "model": 1,
        "sequence": 1,
        "status": 1,
        "fuel": 5927,
        "fault": 0.9902,
        "weapon": 0,
        "pilot_injury": 0.411,
        "pilot_skill": 0.7634,
        "mission_priority": 0.0998,
        "estimated_landing_time": 100.0,
        "wait_time": 0,
        "Landing_success_rate": 1.0
    },
    {
        "model": 2,
        "sequence": 21,
        "status": 1,
        "fuel": 6447,
        "fault": 0.4465,
        "weapon": 0,
        "pilot_injury": 0.0394,
        "pilot_skill": 0.3632,
        "mission_priority": 0.6106,
        "estimated_landing_time": 1980.0,
        "wait_time": 0,
        "Landing_success_rate": 1.0
    },
    {
        "model": 1,
        "sequence": 6,
        "status": 1,
        "fuel": 6979,
        "fault": 0.5698,
        "weapon": 1,
        "pilot_injury": 0.0777,
        "pilot_skill": 0.93,
        "mission_priority": 0.7071,
        "estimated_landing_time": 570.0,
        "wait_time": 0,
        "Landing_success_rate": 1.0
    },
    {
        "model": 1,
        "sequence": 11,
        "status": 1,
        "fuel": 6630,
        "fault": 0.078,
        "weapon": 1,
        "pilot_injury": 0.7408,
        "pilot_skill": 0.6015,
        "mission_priority": 0.6716,
        "estimated_landing_time": 1040.0,
        "wait_time": 0,
        "Landing_success_rate": 1.0
    },
    {
        "model": 1,
        "sequence": 22,
        "status": 1,
        "fuel": 6226,
        "fault": 0.6464,
        "weapon": 1,
        "pilot_injury": 0.9899,
        "pilot_skill": 0.2139,
        "mission_priority": 0.4179,
        "estimated_landing_time": 2074.0,
        "wait_time": 0,
        "Landing_success_rate": 1.0
    },
    {
        "model": 2,
        "sequence": 20,
        "status": 1,
        "fuel": 6690,
        "fault": 0.2139,
        "weapon": 1,
        "pilot_injury": 0.764,
        "pilot_skill": 0.2924,
        "mission_priority": 0.0814,
        "estimated_landing_time": 1886.0,
        "wait_time": 0,
        "Landing_success_rate": 1.0
    }
]