[
    {
        "model": 2,
        "sequence": 10,
        "status": 1,
        "fuel": 7379,
        "fault": 0.7871,
        "weapon": 0,
        "pilot_injury": 0.2746,
        "pilot_skill": 0.4069,
        "mission_priority": 0.962,
        "estimated_landing_time": 946.0,
        "wait_time": 0,
        "Landing_success_rate": 1.0
    },
    {
        "model": 1,
        "sequence": 19,
        "status": 1,
        "fuel": 5937,
        "fault": 0.4391,
        "weapon": 1,
        "pilot_injury": 0.9416,
        "pilot_skill": 0.9211,
        "mission_priority": 0.8841,
        "estimated_landing_time": 1792.0,
        "wait_time": 0,
        "Landing_success_rate": 1.0
    },
    {
        "model": 1,
        "sequence": 5,
        "status": 1,
        "fuel": 7263,
        "fault": 0.6312,
        "weapon": 1,
        "pilot_injury": 0.8081,
        "pilot_skill": 0.8356,
        "mission_priority": 0.5779,
        "estimated_landing_time": 476.0,
        "wait_time": 0,
        "Landing_success_rate": 1.0
    },
    {
        "model": 1,
        "sequence": 9,
        "status": 1,
        "fuel": 7193,
        "fault": 0.6337,
        "weapon": 0,
        "pilot_injury": 0.4722,
        "pilot_skill": 0.3936,
        "mission_priority": 0.3949,
        "estimated_landing_time": 852.0,
        "wait_time": 0,
        "Landing_success_rate": 1.0
    },
    {
        "model": 2,
        "sequence": 22,
        "status": 1,
        "fuel": 7288,
        "fault": 0.4506,
        "weapon": 0,
        "pilot_injury": 0.3273,
        "pilot_skill": 0.9854,
        "mission_priority": 0.3682,
        "estimated_landing_time": 2074.0,
        "wait_time": 0,
        "Landing_success_rate": 1.0
    },
    {
        "model": 1,
        "sequence": 3,
        "status": 1,
        "fuel": 6363,
        "fault": 0.9919,
        "weapon": 0,
        "pilot_injury": 0.5274,
        "pilot_skill": 0.3245,
        "mission_priority": 0.5238,
        "estimated_landing_time": 288.0,
        "wait_time": 0,
        "Landing_success_rate": 1.0
    },
    {
        "model": 2,
        "sequence": 8,
        "status": 1,
        "fuel": 6178,
        "fault": 0.383,
        "weapon": 0,
        "pilot_injury": 0.6941,
        "pilot_skill": 0.9175,
        "mission_priority": 0.7257,
        "estimated_landing_time": 758.0,
        "wait_time": 0,
        "Landing_success_rate": 1.0
    },
    {
        "model": 0,
        "sequence": 23,
        "status": 1,
        "fuel": 6117,
        "fault": 0.6397,
        "weapon": 0,
        "pilot_injury": 0.0026,
        "pilot_skill": 0.5112,
        "mission_priority": 0.1932,
        "estimated_landing_time": 2168.0,
        "wait_time": 0,
        "Landing_success_rate": 1.0
    },
    {
        "model": 1,
        "sequence": 15,
        "status": 1,
        "fuel": 6472,
        "fault": 0.7632,
        "weapon": 1,
        "pilot_injury": 0.0014,
        "pilot_skill": 0.4511,
        "mission_priority": 0.1554,
        "estimated_landing_time": 1416.0,
        "wait_time": 0,
        "Landing_success_rate": 1.0
    },
    {
        "model": 1,
        "sequence": 25,
        "status": 1,
        "fuel": 6765,
        "fault": 0.5239,
        "weapon": 1,
        "pilot_injury": 0.0419,
        "pilot_skill": 0.3956,
        "mission_priority": 0.9968,
        "estimated_landing_time": 2356.0,
        "wait_time": 0,
        "Landing_success_rate": 1.0
    },
    {
        "model": 2,
        "sequence": 26,
        "status": 1,
        "fuel": 6507,
        "fault": 0.1828,
        "weapon": 1,
        "pilot_injury": 0.1641,
        "pilot_skill": 0.2214,
        "mission_priority": 0.1548,
        "estimated_landing_time": 2450.0,
        "wait_time": 0,
        "Landing_success_rate": 1.0
    },
    {
        "model": 1,
        "sequence": 17,
        "status": 1,
        "fuel": 7174,
        "fault": 0.731,
        "weapon": 0,
        "pilot_injury": 0.1649,
        "pilot_skill": 0.5242,
        "mission_priority": 0.2692,
        "estimated_landing_time": 1604.0,
        "wait_time": 0,
        "Landing_success_rate": 1.0
    },
    {
        "model": 1,
        "sequence": 29,
        "status": 1,
        "fuel": 6699,
        "fault": 0.5429,
        "weapon": 1,
        "pilot_injury": 0.2231,
        "pilot_skill": 0.6052,
        "mission_priority": 0.0967,
        "estimated_landing_time": 2732.0,
        "wait_time": 0,
        "Landing_success_rate": 1.0
    },
    {
        "model": 2,
        "sequence": 30,
        "status": 1,
        "fuel": 6729,
        "fault": 0.1629,
        "weapon": 0,
        "pilot_injury": 0.8525,
        "pilot_skill": 0.6254,
        "mission_priority": 0.6397,
        "estimated_landing_time": 2826.0,
        "wait_time": 0,
        "Landing_success_rate": 1.0
    },
    {
        "model": 2,
        "sequence": 2,
        "status": 1,
        "fuel": 5943,
        "fault": 0.8053,
        "weapon": 0,
        "pilot_injury": 0.6534,
        "pilot_skill": 0.522,
        "mission_priority": 0.6079,
        "estimated_landing_time": 194.0,
        "wait_time": 0,
        "Landing_success_rate": 1.0
    },
    {
        "model": 2,
        "sequence": 12,
        "status": 1,
        "fuel": 6707,
        "fault": 0.1803,
        "weapon": 0,
        "pilot_injury": 0.705,
        "pilot_skill": 0.291,
        "mission_priority": 0.0578,
        "estimated_landing_time": 1134.0,
        "wait_time": 0,
        "Landing_success_rate": 1.0
    },
    {
        "model": 0,
        "sequence": 1,
        "status": 1,
        "fuel": 6898,
        "fault": 0.7226,
        "weapon": 1,
        "pilot_injury": 0.2329,
        "pilot_skill": 0.415,
        "mission_priority": 0.2148,
        "estimated_landing_time": 100.0,
        "wait_time": 0,
        "Landing_success_rate": 1.0
    },
    {
        "model": 2,
        "sequence": 28,
        "status": 1,
        "fuel": 5652,
        "fault": 0.6018,
        "weapon": 0,
        "pilot_injury": 0.1879,
        "pilot_skill": 0.4712,
        "mission_priority": 0.8887,
        "estimated_landing_time": 2638.0,
        "wait_time": 0,
        "Landing_success_rate": 1.0
    },
    {
        "model": 1,
        "sequence": 27,
        "status": 1,
        "fuel": 7123,
        "fault": 0.5259,
        "weapon": 0,
        "pilot_injury": 0.5781,
        "pilot_skill": 0.2572,
        "mission_priority": 0.3534,
        "estimated_landing_time": 2544.0,
        "wait_time": 0,
        "Landing_success_rate": 1.0
    },
    {
        "model": 0,
        "sequence": 4,
        "status": 1,
        "fuel": 5579,
        "fault": 0.1819,
        "weapon": 0,
        "pilot_injury": 0.6974,
        "pilot_skill": 0.6737,
        "mission_priority": 0.2548,
        "estimated_landing_time": 382.0,
        "wait_time": 0,
        "Landing_success_rate": 1.0
    },
    {
        "model": 2,
        "sequence": 13,
        "status": 1,
        "fuel": 7120,
        "fault": 0.8148,
        "weapon": 0,
        "pilot_injury": 0.1503,
        "pilot_skill": 0.3498,
        "mission_priority": 0.5977,
        "estimated_landing_time": 1228.0,
        "wait_time": 0,
        "Landing_success_rate": 1.0
    },
    {
        "model": 0,
        "sequence": 24,
        "status": 1,
        "fuel": 6308,
        "fault": 0.4918,
        "weapon": 0,
        "pilot_injury": 0.8631,
        "pilot_skill": 0.2931,
        "mission_priority": 0.4502,
        "estimated_landing_time": 2262.0,
        "wait_time": 0,
        "Landing_success_rate": 1.0
    },
    {
        "model": 0,
        "sequence": 14,
        "status": 1,
        "fuel": 6845,
        "fault": 0.6061,
        "weapon": 0,
        "pilot_injury": 0.022,
        "pilot_skill": 0.9538,
        "mission_priority": 0.4159,
        "estimated_landing_time": 1322.0,
        "wait_time": 0,
        "Landing_success_rate": 1.0
    },
    {
        "model": 1,
        "sequence": 21,
        "status": 1,
        "fuel": 6577,
        "fault": 0.8269,
        "weapon": 1,
        "pilot_injury": 0.8124,
        "pilot_skill": 0.8601,
        "mission_priority": 0.7155,
        "estimated_landing_time": 1980.0,
        "wait_time": 0,
        "Landing_success_rate": 1.0
    },
    {
        "model": 0,
        "sequence": 20,
        "status": 1,
        "fuel": 5819,
        "fault": 0.29,
        "weapon": 0,
        "pilot_injury": 0.4765,
        "pilot_skill": 0.6201,
        "mission_priority": 0.5962,
        "estimated_landing_time": 1886.0,
        "wait_time": 0,
        "Landing_success_rate": 1.0
    },
    {
        "model": 2,
        "sequence": 6,
        "status": 1,
        "fuel": 6961,
        "fault": 0.9471,
        "weapon": 1,
        "pilot_injury": 0.1756,
        "pilot_skill": 0.2534,
        "mission_priority": 0.8916,
        "estimated_landing_time": 570.0,
        "wait_time": 0,
        "Landing_success_rate": 1.0
    },
    {
        "model": 0,
        "sequence": 11,
        "status": 1,
        "fuel": 7224,
        "fault": 0.0208,
        "weapon": 0,
        "pilot_injury": 0.5014,
        "pilot_skill": 0.6054,
        "mission_priority": 0.6163,
        "estimated_landing_time": 1040.0,
        "wait_time": 0,
        "Landing_success_rate": 1.0
    },
    {
        "model": 0,
        "sequence": 18,
        "status": 1,
        "fuel": 7234,
        "fault": 0.5652,
        "weapon": 1,
        "pilot_injury": 0.4524,
        "pilot_skill": 0.5174,
        "mission_priority": 0.0303,
        "estimated_landing_time": 1698.0,
        "wait_time": 0,
        "Landing_success_rate": 1.0
    },
    {
        "model": 1,
        "sequence": 16,
        "status": 1,
        "fuel": 6462,
        "fault": 0.1456,
        "weapon": 1,
        "pilot_injury": 0.6194,
        "pilot_skill": 0.7487,
        "mission_priority": 0.5227,
        "estimated_landing_time": 1510.0,
        "wait_time": 0,
        "Landing_success_rate": 1.0
    },
    {
        "model": 1,
        "sequence": 7,
        "status": 1,
        "fuel": 5533,
        "fault": 0.6276,
        "weapon": 1,
        "pilot_injury": 0.7919,
        "pilot_skill": 0.4683,
        "mission_priority": 0.6802,
        "estimated_landing_time": 664.0,
        "wait_time": 0,
        "Landing_success_rate": 1.0
    }
]