[
    {
        "model": 0,
        "sequence": 21,
        "status": 1,
        "fuel": 7429,
        "fault": 0.6183,
        "weapon": 1,
        "pilot_injury": 0.672,
        "pilot_skill": 0.9707,
        "mission_priority": 0.2548,
        "estimated_landing_time": 1980.0,
        "wait_time": 0,
        "Landing_success_rate": 1.0
    },
    {
        "model": 1,
        "sequence": 25,
        "status": 1,
        "fuel": 5769,
        "fault": 0.1273,
        "weapon": 0,
        "pilot_injury": 0.2392,
        "pilot_skill": 0.5901,
        "mission_priority": 0.4433,
        "estimated_landing_time": 2356.0,
        "wait_time": 0,
        "Landing_success_rate": 1.0
    },
    {
        "model": 2,
        "sequence": 29,
        "status": 1,
        "fuel": 5527,
        "fault": 0.2936,
        "weapon": 1,
        "pilot_injury": 0.0169,
        "pilot_skill": 0.5221,
        "mission_priority": 0.3352,
        "estimated_landing_time": 2732.0,
        "wait_time": 0,
        "Landing_success_rate": 1.0
    },
    {
        "model": 0,
        "sequence": 2,
        "status": 1,
        "fuel": 7479,
        "fault": 0.8163,
        "weapon": 0,
        "pilot_injury": 0.2786,
        "pilot_skill": 0.3934,
        "mission_priority": 0.1319,
        "estimated_landing_time": 194.0,
        "wait_time": 0,
        "Landing_success_rate": 1.0
    },
    {
        "model": 1,
        "sequence": 18,
        "status": 1,
        "fuel": 5811,
        "fault": 0.4849,
        "weapon": 1,
        "pilot_injury": 0.6302,
        "pilot_skill": 0.8038,
        "mission_priority": 0.452,
        "estimated_landing_time": 1698.0,
        "wait_time": 0,
        "Landing_success_rate": 1.0
    },
    {
        "model": 1,
        "sequence": 8,
        "status": 1,
        "fuel": 6013,
        "fault": 0.6698,
        "weapon": 0,
        "pilot_injury": 0.4277,
        "pilot_skill": 0.7016,
        "mission_priority": 0.4346,
        "estimated_landing_time": 758.0,
        "wait_time": 0,
        "Landing_success_rate": 1.0
    },
    {
        "model": 2,
        "sequence": 30,
        "status": 1,
        "fuel": 6086,
        "fault": 0.9307,
        "weapon": 0,
        "pilot_injury": 0.1748,
        "pilot_skill": 0.3386,
        "mission_priority": 0.2242,
        "estimated_landing_time": 2826.0,
        "wait_time": 0,
        "Landing_success_rate": 1.0
    },
    {
        "model": 0,
        "sequence": 3,
        "status": 1,
        "fuel": 5772,
        "fault": 0.6473,
        "weapon": 0,
        "pilot_injury": 0.5794,
        "pilot_skill": 0.7982,
        "mission_priority": 0.7866,
        "estimated_landing_time": 288.0,
        "wait_time": 0,
        "Landing_success_rate": 1.0
    },
    {
        "model": 1,
        "sequence": 6,
        "status": 1,
        "fuel": 7400,
        "fault": 0.3155,
        "weapon": 0,
        "pilot_injury": 0.5939,
        "pilot_skill": 0.3994,
        "mission_priority": 0.8355,
        "estimated_landing_time": 570.0,
        "wait_time": 0,
        "Landing_success_rate": 1.0
    },
    {
        "model": 0,
        "sequence": 23,
        "status": 1,
        "fuel": 7022,
        "fault": 0.7031,
        "weapon": 0,
        "pilot_injury": 0.1961,
        "pilot_skill": 0.4683,
        "mission_priority": 0.8618,
        "estimated_landing_time": 2168.0,
        "wait_time": 0,
        "Landing_success_rate": 1.0
    },
    {
        "model": 1,
        "sequence": 16,
        "status": 1,
        "fuel": 6156,
        "fault": 0.2096,
        "weapon": 0,
        "pilot_injury": 0.5879,
        "pilot_skill": 0.8424,
        "mission_priority": 0.2846,
        "estimated_landing_time": 1510.0,
        "wait_time": 0,
        "Landing_success_rate": 1.0
    },
    {
        "model": 2,
        "sequence": 14,
        "status": 1,
        "fuel": 5777,
        "fault": 0.3181,
        "weapon": 0,
        "pilot_injury": 0.6902,
        "pilot_skill": 0.732,
        "mission_priority": 0.0428,
        "estimated_landing_time": 1322.0,
        "wait_time": 0,
        "Landing_success_rate": 1.0
    },
    {
        "model": 2,
        "sequence": 26,
        "status": 1,
        "fuel": 6253,
        "fault": 0.7411,
        "weapon": 1,
        "pilot_injury": 0.1241,
        "pilot_skill": 0.4199,
        "mission_priority": 0.1942,
        "estimated_landing_time": 2450.0,
        "wait_time": 0,
        "Landing_success_rate": 1.0
    },
    {
        "model": 1,
        "sequence": 15,
        "status": 1,
        "fuel": 6544,
        "fault": 0.2503,
        "weapon": 1,
        "pilot_injury": 0.7384,
        "pilot_skill": 0.7742,
        "mission_priority": 0.607,
        "estimated_landing_time": 1416.0,
        "wait_time": 0,
        "Landing_success_rate": 1.0
    },
    {
        "model": 0,
        "sequence": 7,
        "status": 1,
        "fuel": 7055,
        "fault": 0.4132,
        "weapon": 1,
        "pilot_injury": 0.6862,
        "pilot_skill": 0.0342,
        "mission_priority": 0.8188,
        "estimated_landing_time": 664.0,
        "wait_time": 0,
        "Landing_success_rate": 1.0
    },
    {
        "model": 1,
        "sequence": 28,
        "status": 1,
        "fuel": 6676,
        "fault": 0.2815,
        "weapon": 1,
        "pilot_injury": 0.4666,
        "pilot_skill": 0.4198,
        "mission_priority": 0.8897,
        "estimated_landing_time": 2638.0,
        "wait_time": 0,
        "Landing_success_rate": 1.0
    },
    {
        "model": 0,
        "sequence": 19,
        "status": 1,
        "fuel": 5719,
        "fault": 0.8687,
        "weapon": 1,
        "pilot_injury": 0.9466,
        "pilot_skill": 0.9205,
        "mission_priority": 0.6844,
        "estimated_landing_time": 1792.0,
        "wait_time": 0,
        "Landing_success_rate": 1.0
    },
    {
        "model": 1,
        "sequence": 4,
        "status": 1,
        "fuel": 7048,
        "fault": 0.0741,
        "weapon": 1,
        "pilot_injury": 0.7907,
        "pilot_skill": 0.0755,
        "mission_priority": 0.0686,
        "estimated_landing_time": 382.0,
        "wait_time": 0,
        "Landing_success_rate": 1.0
    },
    {
        "model": 2,
        "sequence": 24,
        "status": 1,
        "fuel": 6725,
        "fault": 0.3961,
        "weapon": 0,
        "pilot_injury": 0.0077,
        "pilot_skill": 0.4231,
        "mission_priority": 0.1372,
        "estimated_landing_time": 2262.0,
        "wait_time": 0,
        "Landing_success_rate": 1.0
    },
    {
        "model": 0,
        "sequence": 20,
        "status": 1,
        "fuel": 5976,
        "fault": 0.348,
        "weapon": 0,
        "pilot_injury": 0.2051,
        "pilot_skill": 0.7155,
        "mission_priority": 0.8089,
        "estimated_landing_time": 1886.0,
        "wait_time": 0,
        "Landing_success_rate": 1.0
    },
    {
        "model": 2,
        "sequence": 27,
        "status": 1,
        "fuel": 7211,
        "fault": 0.5452,
        "weapon": 1,
        "pilot_injury": 0.0327,
        "pilot_skill": 0.0693,
        "mission_priority": 0.2576,
        "estimated_landing_time": 2544.0,
        "wait_time": 0,
        "Landing_success_rate": 1.0
    },
    {
        "model": 0,
        "sequence": 9,
        "status": 1,
        "fuel": 6858,
        "fault": 0.2909,
        "weapon": 1,
        "pilot_injury": 0.605,
        "pilot_skill": 0.3921,
        "mission_priority": 0.1183,
        "estimated_landing_time": 852.0,
        "wait_time": 0,
        "Landing_success_rate": 1.0
    },
    {
        "model": 1,
        "sequence": 5,
        "status": 1,
        "fuel": 5808,
        "fault": 0.6698,
        "weapon": 1,
        "pilot_injury": 0.7361,
        "pilot_skill": 0.513,
        "mission_priority": 0.7387,
        "estimated_landing_time": 476.0,
        "wait_time": 0,
        "Landing_success_rate": 1.0
    },
    {
        "model": 2,
        "sequence": 11,
        "status": 1,
        "fuel": 5738,
        "fault": 0.5763,
        "weapon": 0,
        "pilot_injury": 0.5351,
        "pilot_skill": 0.5115,
        "mission_priority": 0.2657,
        "estimated_landing_time": 1040.0,
        "wait_time": 0,
        "Landing_success_rate": 1.0
    },
    {
        "model": 2,
        "sequence": 17,
        "status": 1,
        "fuel": 6505,
        "fault": 0.2506,
        "weapon": 1,
        "pilot_injury": 0.1276,
        "pilot_skill": 0.4327,
        "mission_priority": 0.1271,
        "estimated_landing_time": 1604.0,
        "wait_time": 0,
        "Landing_success_rate": 1.0
    },
    {
        "model": 0,
        "sequence": 10,
        "status": 1,
        "fuel": 6164,
        "fault": 0.909,
        "weapon": 1,
        "pilot_injury": 0.3378,
        "pilot_skill": 0.0717,
        "mission_priority": 0.9435,
        "estimated_landing_time": 946.0,
        "wait_time": 0,
        "Landing_success_rate": 1.0
    },
    {
        "model": 0,
        "sequence": 13,
        "status": 1,
        "fuel": 5553,
        "fault": 0.8335,
        "weapon": 0,
        "pilot_injury": 0.3669,
        "pilot_skill": 0.7608,
        "mission_priority": 0.4854,
        "estimated_landing_time": 1228.0,
        "wait_time": 0,
        "Landing_success_rate": 1.0
    },
    {
        "model": 0,
        "sequence": 22,
        "status": 1,
        "fuel": 6794,
        "fault": 0.9522,
        "weapon": 1,
        "pilot_injury": 0.3451,
        "pilot_skill": 0.1376,
        "mission_priority": 0.9983,
        "estimated_landing_time": 2074.0,
        "wait_time": 0,
        "Landing_success_rate": 1.0
    },
    {
        "model": 2,
        "sequence": 12,
        "status": 1,
        "fuel": 7116,
        "fault": 0.5116,
        "weapon": 0,
        "pilot_injury": 0.4521,
        "pilot_skill": 0.3006,
        "mission_priority": 0.5714,
        "estimated_landing_time": 1134.0,
        "wait_time": 0,
        "Landing_success_rate": 1.0
    },
    {
        "model": 1,
        "sequence": 1,
        "status": 1,
        "fuel": 6772,
        "fault": 0.4338,
        "weapon": 0,
        "pilot_injury": 0.3324,
        "pilot_skill": 0.5913,
        "mission_priority": 0.7156,
        "estimated_landing_time": 100.0,
        "wait_time": 0,
        "Landing_success_rate": 1.0
    }
]