[
    {
        "model": 1,
        "sequence": 19,
        "status": 1,
        "fuel": 6811,
        "fault": 0.2103,
        "weapon": 1,
        "pilot_injury": 0.2375,
        "pilot_skill": 0.6791,
        "mission_priority": 0.4915,
        "estimated_landing_time": 1792.0,
        "wait_time": 0,
        "Landing_success_rate": 1.0
    },
    {
        "model": 1,
        "sequence": 8,
        "status": 1,
        "fuel": 6377,
        "fault": 0.0504,
        "weapon": 0,
        "pilot_injury": 0.1158,
        "pilot_skill": 0.3347,
        "mission_priority": 0.3195,
        "estimated_landing_time": 758.0,
        "wait_time": 0,
        "Landing_success_rate": 1.0
    },
    {
        "model": 0,
        "sequence": 21,
        "status": 1,
        "fuel": 6644,
        "fault": 0.9459,
        "weapon": 1,
        "pilot_injury": 0.7599,
        "pilot_skill": 0.4844,
        "mission_priority": 0.5378,
        "estimated_landing_time": 1980.0,
        "wait_time": 0,
        "Landing_success_rate": 1.0
    },
    {
        "model": 0,
        "sequence": 7,
        "status": 1,
        "fuel": 5719,
        "fault": 0.9184,
        "weapon": 0,
        "pilot_injury": 0.7913,
        "pilot_skill": 0.5738,
        "mission_priority": 0.2653,
        "estimated_landing_time": 664.0,
        "wait_time": 0,
        "Landing_success_rate": 1.0
    },
    {
        "model": 0,
        "sequence": 6,
        "status": 1,
        "fuel": 5904,
        "fault": 0.443,
        "weapon": 1,
        "pilot_injury": 0.5449,
        "pilot_skill": 0.4876,
        "mission_priority": 0.3812,
        "estimated_landing_time": 570.0,
        "wait_time": 0,
        "Landing_success_rate": 1.0
    },
    {
        "model": 1,
        "sequence": 14,
        "status": 1,
        "fuel": 6326,
        "fault": 0.2377,
        "weapon": 1,
        "pilot_injury": 0.0052,
        "pilot_skill": 0.9336,
        "mission_priority": 0.5115,
        "estimated_landing_time": 1322.0,
        "wait_time": 0,
        "Landing_success_rate": 1.0
    },
    {
        "model": 2,
        "sequence": 11,
        "status": 1,
        "fuel": 6034,
        "fault": 0.9195,
        "weapon": 1,
        "pilot_injury": 0.4671,
        "pilot_skill": 0.835,
        "mission_priority": 0.1776,
        "estimated_landing_time": 1040.0,
        "wait_time": 0,
        "Landing_success_rate": 1.0
    },
    {
        "model": 0,
        "sequence": 24,
        "status": 1,
        "fuel": 6555,
        "fault": 0.8492,
        "weapon": 0,
        "pilot_injury": 0.8701,
        "pilot_skill": 0.8924,
        "mission_priority": 0.6437,
        "estimated_landing_time": 2262.0,
        "wait_time": 0,
        "Landing_success_rate": 1.0
    },
    {
        "model": 0,
        "sequence": 20,
        "status": 1,
        "fuel": 7112,
        "fault": 0.5672,
        "weapon": 1,
        "pilot_injury": 0.98,
        "pilot_skill": 0.3197,
        "mission_priority": 0.7442,
        "estimated_landing_time": 1886.0,
        "wait_time": 0,
        "Landing_success_rate": 1.0
    },
    {
        "model": 1,
        "sequence": 16,
        "status": 1,
        "fuel": 6921,
        "fault": 0.5206,
        "weapon": 0,
        "pilot_injury": 0.3935,
        "pilot_skill": 0.9648,
        "mission_priority": 0.5717,
        "estimated_landing_time": 1510.0,
        "wait_time": 0,
        "Landing_success_rate": 1.0
    },
    {
        "model": 2,
        "sequence": 28,
        "status": 1,
        "fuel": 5925,
        "fault": 0.1067,
        "weapon": 0,
        "pilot_injury": 0.5727,
        "pilot_skill": 0.7172,
        "mission_priority": 0.7451,
        "estimated_landing_time": 2638.0,
        "wait_time": 0,
        "Landing_success_rate": 1.0
    },
    {
        "model": 0,
        "sequence": 15,
        "status": 1,
        "fuel": 5630,
        "fault": 0.9653,
        "weapon": 0,
        "pilot_injury": 0.0003,
        "pilot_skill": 0.4723,
        "mission_priority": 0.0293,
        "estimated_landing_time": 1416.0,
        "wait_time": 0,
        "Landing_success_rate": 1.0
    },
    {
        "model": 0,
        "sequence": 22,
        "status": 1,
        "fuel": 7355,
        "fault": 0.2146,
        "weapon": 0,
        "pilot_injury": 0.4727,
        "pilot_skill": 0.0611,
        "mission_priority": 0.522,
        "estimated_landing_time": 2074.0,
        "wait_time": 0,
        "Landing_success_rate": 1.0
    },
    {
        "model": 2,
        "sequence": 30,
        "status": 1,
        "fuel": 7023,
        "fault": 0.857,
        "weapon": 0,
        "pilot_injury": 0.3351,
        "pilot_skill": 0.3914,
        "mission_priority": 0.9899,
        "estimated_landing_time": 2826.0,
        "wait_time": 0,
        "Landing_success_rate": 1.0
    },
    {
        "model": 1,
        "sequence": 18,
        "status": 1,
        "fuel": 6057,
        "fault": 0.4123,
        "weapon": 0,
        "pilot_injury": 0.9873,
        "pilot_skill": 0.792,
        "mission_priority": 0.9934,
        "estimated_landing_time": 1698.0,
        "wait_time": 0,
        "Landing_success_rate": 1.0
    },
    {
        "model": 2,
        "sequence": 2,
        "status": 1,
        "fuel": 7034,
        "fault": 0.8199,
        "weapon": 1,
        "pilot_injury": 0.6964,
        "pilot_skill": 0.1104,
        "mission_priority": 0.4411,
        "estimated_landing_time": 194.0,
        "wait_time": 0,
        "Landing_success_rate": 1.0
    },
    {
        "model": 1,
        "sequence": 1,
        "status": 1,
        "fuel": 7252,
        "fault": 0.6529,
        "weapon": 1,
        "pilot_injury": 0.7027,
        "pilot_skill": 0.7458,
        "mission_priority": 0.2535,
        "estimated_landing_time": 100.0,
        "wait_time": 0,
        "Landing_success_rate": 1.0
    },
    {
        "model": 0,
        "sequence": 9,
        "status": 1,
        "fuel": 6912,
        "fault": 0.2474,
        "weapon": 1,
        "pilot_injury": 0.2102,
        "pilot_skill": 0.8654,
        "mission_priority": 0.4178,
        "estimated_landing_time": 852.0,
        "wait_time": 0,
        "Landing_success_rate": 1.0
    },
    {
        "model": 2,
        "sequence": 17,
        "status": 1,
        "fuel": 5975,
        "fault": 0.7695,
        "weapon": 1,
        "pilot_injury": 0.3819,
        "pilot_skill": 0.8099,
        "mission_priority": 0.5845,
        "estimated_landing_time": 1604.0,
        "wait_time": 0,
        "Landing_success_rate": 1.0
    },
    {
        "model": 2,
        "sequence": 26,
        "status": 1,
        "fuel": 5719,
        "fault": 0.0307,
        "weapon": 0,
        "pilot_injury": 0.8954,
        "pilot_skill": 0.0355,
        "mission_priority": 0.8632,
        "estimated_landing_time": 2450.0,
        "wait_time": 0,
        "Landing_success_rate": 1.0
    },
    {
        "model": 0,
        "sequence": 27,
        "status": 1,
        "fuel": 5588,
        "fault": 0.0372,
        "weapon": 0,
        "pilot_injury": 0.9222,
        "pilot_skill": 0.1517,
        "mission_priority": 0.567,
        "estimated_landing_time": 2544.0,
        "wait_time": 0,
        "Landing_success_rate": 1.0
    },
    {
        "model": 0,
        "sequence": 4,
        "status": 1,
        "fuel": 7327,
        "fault": 0.9959,
        "weapon": 1,
        "pilot_injury": 0.5256,
        "pilot_skill": 0.6247,
        "mission_priority": 0.7575,
        "estimated_landing_time": 382.0,
        "wait_time": 0,
        "Landing_success_rate": 1.0
    },
    {
        "model": 1,
        "sequence": 12,
        "status": 1,
        "fuel": 7100,
        "fault": 0.725,
        "weapon": 0,
        "pilot_injury": 0.354,
        "pilot_skill": 0.9967,
        "mission_priority": 0.4345,
        "estimated_landing_time": 1134.0,
        "wait_time": 0,
        "Landing_success_rate": 1.0
    },
    {
        "model": 0,
        "sequence": 29,
        "status": 1,
        "fuel": 5895,
        "fault": 0.8205,
        "weapon": 1,
        "pilot_injury": 0.1278,
        "pilot_skill": 0.1214,
        "mission_priority": 0.2815,
        "estimated_landing_time": 2732.0,
        "wait_time": 0,
        "Landing_success_rate": 1.0
    },
    {
        "model": 0,
        "sequence": 23,
        "status": 1,
        "fuel": 6584,
        "fault": 0.5593,
        "weapon": 1,
        "pilot_injury": 0.074,
        "pilot_skill": 0.2033,
        "mission_priority": 0.0929,
        "estimated_landing_time": 2168.0,
        "wait_time": 0,
        "Landing_success_rate": 1.0
    },
    {
        "model": 2,
        "sequence": 3,
        "status": 1,
        "fuel": 6193,
        "fault": 0.3247,
        "weapon": 0,
        "pilot_injury": 0.5719,
        "pilot_skill": 0.9647,
        "mission_priority": 0.8756,
        "estimated_landing_time": 288.0,
        "wait_time": 0,
        "Landing_success_rate": 1.0
    },
    {
        "model": 1,
        "sequence": 10,
        "status": 1,
        "fuel": 6695,
        "fault": 0.3514,
        "weapon": 1,
        "pilot_injury": 0.2649,
        "pilot_skill": 0.0764,
        "mission_priority": 0.7785,
        "estimated_landing_time": 946.0,
        "wait_time": 0,
        "Landing_success_rate": 1.0
    },
    {
        "model": 0,
        "sequence": 25,
        "status": 1,
        "fuel": 6309,
        "fault": 0.3628,
        "weapon": 1,
        "pilot_injury": 0.2479,
        "pilot_skill": 0.2434,
        "mission_priority": 0.9907,
        "estimated_landing_time": 2356.0,
        "wait_time": 0,
        "Landing_success_rate": 1.0
    },
    {
        "model": 2,
        "sequence": 13,
        "status": 1,
        "fuel": 6091,
        "fault": 0.2889,
        "weapon": 0,
        "pilot_injury": 0.572,
        "pilot_skill": 0.871,
        "mission_priority": 0.6455,
        "estimated_landing_time": 1228.0,
        "wait_time": 0,
        "Landing_success_rate": 1.0
    },
    {
        "model": 0,
        "sequence": 5,
        "status": 1,
        "fuel": 5659,
        "fault": 0.9511,
        "weapon": 0,
        "pilot_injury": 0.5953,
        "pilot_skill": 0.6901,
        "mission_priority": 0.3929,
        "estimated_landing_time": 476.0,
        "wait_time": 0,
        "Landing_success_rate": 1.0
    }
]