[
    {
        "model": 0,
        "sequence": 23,
        "status": 1,
        "fuel": 7088,
        "fault": 0.7916,
        "weapon": 0,
        "pilot_injury": 0.1135,
        "pilot_skill": 0.9309,
        "mission_priority": 0.9742,
        "estimated_landing_time": 2168.0,
        "wait_time": 0,
        "Landing_success_rate": 1.0
    },
    {
        "model": 1,
        "sequence": 2,
        "status": 1,
        "fuel": 5897,
        "fault": 0.5495,
        "weapon": 0,
        "pilot_injury": 0.737,
        "pilot_skill": 0.5459,
        "mission_priority": 0.7058,
        "estimated_landing_time": 194.0,
        "wait_time": 0,
        "Landing_success_rate": 1.0
    },
    {
        "model": 0,
        "sequence": 6,
        "status": 1,
        "fuel": 6250,
        "fault": 0.143,
        "weapon": 1,
        "pilot_injury": 0.837,
        "pilot_skill": 0.8669,
        "mission_priority": 0.8385,
        "estimated_landing_time": 570.0,
        "wait_time": 0,
        "Landing_success_rate": 1.0
    },
    {
        "model": 2,
        "sequence": 8,
        "status": 1,
        "fuel": 6697,
        "fault": 0.701,
        "weapon": 1,
        "pilot_injury": 0.3967,
        "pilot_skill": 0.8919,
        "mission_priority": 0.1466,
        "estimated_landing_time": 758.0,
        "wait_time": 0,
        "Landing_success_rate": 1.0
    },
    {
        "model": 0,
        "sequence": 28,
        "status": 1,
        "fuel": 5528,
        "fault": 0.0848,
        "weapon": 0,
        "pilot_injury": 0.5813,
        "pilot_skill": 0.8631,
        "mission_priority": 0.8804,
        "estimated_landing_time": 2638.0,
        "wait_time": 0,
        "Landing_success_rate": 1.0
    },
    {
        "model": 0,
        "sequence": 1,
        "status": 1,
        "fuel": 7180,
        "fault": 0.9472,
        "weapon": 0,
        "pilot_injury": 0.5919,
        "pilot_skill": 0.3502,
        "mission_priority": 0.7082,
        "estimated_landing_time": 100.0,
        "wait_time": 0,
        "Landing_success_rate": 1.0
    },
    {
        "model": 0,
        "sequence": 27,
        "status": 1,
        "fuel": 7310,
        "fault": 0.7771,
        "weapon": 1,
        "pilot_injury": 0.7051,
        "pilot_skill": 0.2487,
        "mission_priority": 0.3303,
        "estimated_landing_time": 2544.0,
        "wait_time": 0,
        "Landing_success_rate": 1.0
    },
    {
        "model": 0,
        "sequence": 15,
        "status": 1,
        "fuel": 6649,
        "fault": 0.4926,
        "weapon": 0,
        "pilot_injury": 0.4052,
        "pilot_skill": 0.5715,
        "mission_priority": 0.741,
        "estimated_landing_time": 1416.0,
        "wait_time": 0,
        "Landing_success_rate": 1.0
    },
    {
        "model": 0,
        "sequence": 11,
        "status": 1,
        "fuel": 5955,
        "fault": 0.1175,
        "weapon": 0,
        "pilot_injury": 0.7442,
        "pilot_skill": 0.681,
        "mission_priority": 0.2375,
        "estimated_landing_time": 1040.0,
        "wait_time": 0,
        "Landing_success_rate": 1.0
    },
    {
        "model": 1,
        "sequence": 5,
        "status": 1,
        "fuel": 6004,
        "fault": 0.3749,
        "weapon": 0,
        "pilot_injury": 0.0829,
        "pilot_skill": 0.5284,
        "mission_priority": 0.4363,
        "estimated_landing_time": 476.0,
        "wait_time": 0,
        "Landing_success_rate": 1.0
    },
    {
        "model": 0,
        "sequence": 10,
        "status": 1,
        "fuel": 5557,
        "fault": 0.0122,
        "weapon": 1,
        "pilot_injury": 0.556,
        "pilot_skill": 0.3227,
        "mission_priority": 0.0434,
        "estimated_landing_time": 946.0,
        "wait_time": 0,
        "Landing_success_rate": 1.0
    },
    {
        "model": 0,
        "sequence": 3,
        "status": 1,
        "fuel": 6736,
        "fault": 0.993,
        "weapon": 0,
        "pilot_injury": 0.253,
        "pilot_skill": 0.6954,
        "mission_priority": 0.0754,
        "estimated_landing_time": 288.0,
        "wait_time": 0,
        "Landing_success_rate": 1.0
    },
    {
        "model": 2,
        "sequence": 26,
        "status": 1,
        "fuel": 5546,
        "fault": 0.6294,
        "weapon": 1,
        "pilot_injury": 0.2945,
        "pilot_skill": 0.9958,
        "mission_priority": 0.6969,
        "estimated_landing_time": 2450.0,
        "wait_time": 0,
        "Landing_success_rate": 1.0
    },
    {
        "model": 0,
        "sequence": 14,
        "status": 1,
        "fuel": 6782,
        "fault": 0.9012,
        "weapon": 0,
        "pilot_injury": 0.9153,
        "pilot_skill": 0.9587,
        "mission_priority": 0.0579,
        "estimated_landing_time": 1322.0,
        "wait_time": 0,
        "Landing_success_rate": 1.0
    },
    {
        "model": 2,
        "sequence": 18,
        "status": 1,
        "fuel": 5857,
        "fault": 0.4557,
        "weapon": 1,
        "pilot_injury": 0.3357,
        "pilot_skill": 0.1697,
        "mission_priority": 0.6468,
        "estimated_landing_time": 1698.0,
        "wait_time": 0,
        "Landing_success_rate": 1.0
    },
    {
        "model": 1,
        "sequence": 7,
        "status": 1,
        "fuel": 7171,
        "fault": 0.3534,
        "weapon": 1,
        "pilot_injury": 0.2659,
        "pilot_skill": 0.3603,
        "mission_priority": 0.2599,
        "estimated_landing_time": 664.0,
        "wait_time": 0,
        "Landing_success_rate": 1.0
    },
    {
        "model": 0,
        "sequence": 29,
        "status": 1,
        "fuel": 7446,
        "fault": 0.6982,
        "weapon": 0,
        "pilot_injury": 0.2798,
        "pilot_skill": 0.4112,
        "mission_priority": 0.6028,
        "estimated_landing_time": 2732.0,
        "wait_time": 0,
        "Landing_success_rate": 1.0
    },
    {
        "model": 2,
        "sequence": 21,
        "status": 1,
        "fuel": 6251,
        "fault": 0.1626,
        "weapon": 1,
        "pilot_injury": 0.0762,
        "pilot_skill": 0.9405,
        "mission_priority": 0.4166,
        "estimated_landing_time": 1980.0,
        "wait_time": 0,
        "Landing_success_rate": 1.0
    },
    {
        "model": 2,
        "sequence": 24,
        "status": 1,
        "fuel": 6208,
        "fault": 0.6134,
        "weapon": 1,
        "pilot_injury": 0.0827,
        "pilot_skill": 0.8767,
        "mission_priority": 0.5516,
        "estimated_landing_time": 2262.0,
        "wait_time": 0,
        "Landing_success_rate": 1.0
    },
    {
        "model": 1,
        "sequence": 9,
        "status": 1,
        "fuel": 6528,
        "fault": 0.0264,
        "weapon": 0,
        "pilot_injury": 0.7776,
        "pilot_skill": 0.4804,
        "mission_priority": 0.9853,
        "estimated_landing_time": 852.0,
        "wait_time": 0,
        "Landing_success_rate": 1.0
    },
    {
        "model": 0,
        "sequence": 12,
        "status": 1,
        "fuel": 7302,
        "fault": 0.5941,
        "weapon": 0,
        "pilot_injury": 0.393,
        "pilot_skill": 0.8292,
        "mission_priority": 0.5691,
        "estimated_landing_time": 1134.0,
        "wait_time": 0,
        "Landing_success_rate": 1.0
    },
    {
        "model": 0,
        "sequence": 4,
        "status": 1,
        "fuel": 7452,
        "fault": 0.4687,
        "weapon": 0,
        "pilot_injury": 0.1339,
        "pilot_skill": 0.0137,
        "mission_priority": 0.0754,
        "estimated_landing_time": 382.0,
        "wait_time": 0,
        "Landing_success_rate": 1.0
    },
    {
        "model": 2,
        "sequence": 30,
        "status": 1,
        "fuel": 5975,
        "fault": 0.8129,
        "weapon": 0,
        "pilot_injury": 0.7499,
        "pilot_skill": 0.9132,
        "mission_priority": 0.5851,
        "estimated_landing_time": 2826.0,
        "wait_time": 0,
        "Landing_success_rate": 1.0
    },
    {
        "model": 0,
        "sequence": 19,
        "status": 1,
        "fuel": 7088,
        "fault": 0.9448,
        "weapon": 1,
        "pilot_injury": 0.3779,
        "pilot_skill": 0.2411,
        "mission_priority": 0.205,
        "estimated_landing_time": 1792.0,
        "wait_time": 0,
        "Landing_success_rate": 1.0
    },
    {
        "model": 2,
        "sequence": 13,
        "status": 1,
        "fuel": 5500,
        "fault": 0.9541,
        "weapon": 0,
        "pilot_injury": 0.2072,
        "pilot_skill": 0.8782,
        "mission_priority": 0.757,
        "estimated_landing_time": 1228.0,
        "wait_time": 0,
        "Landing_success_rate": 1.0
    },
    {
        "model": 0,
        "sequence": 22,
        "status": 1,
        "fuel": 5533,
        "fault": 0.3582,
        "weapon": 1,
        "pilot_injury": 0.0222,
        "pilot_skill": 0.4982,
        "mission_priority": 0.4762,
        "estimated_landing_time": 2074.0,
        "wait_time": 0,
        "Landing_success_rate": 1.0
    },
    {
        "model": 2,
        "sequence": 25,
        "status": 1,
        "fuel": 6270,
        "fault": 0.5202,
        "weapon": 1,
        "pilot_injury": 0.8164,
        "pilot_skill": 0.968,
        "mission_priority": 0.0884,
        "estimated_landing_time": 2356.0,
        "wait_time": 0,
        "Landing_success_rate": 1.0
    },
    {
        "model": 0,
        "sequence": 16,
        "status": 1,
        "fuel": 6262,
        "fault": 0.4035,
        "weapon": 1,
        "pilot_injury": 0.48,
        "pilot_skill": 0.4205,
        "mission_priority": 0.7847,
        "estimated_landing_time": 1510.0,
        "wait_time": 0,
        "Landing_success_rate": 1.0
    },
    {
        "model": 1,
        "sequence": 20,
        "status": 1,
        "fuel": 7433,
        "fault": 0.7041,
        "weapon": 0,
        "pilot_injury": 0.9032,
        "pilot_skill": 0.6173,
        "mission_priority": 0.9805,
        "estimated_landing_time": 1886.0,
        "wait_time": 0,
        "Landing_success_rate": 1.0
    },
    {
        "model": 0,
        "sequence": 17,
        "status": 1,
        "fuel": 6829,
        "fault": 0.5899,
        "weapon": 1,
        "pilot_injury": 0.5548,
        "pilot_skill": 0.091,
        "mission_priority": 0.7264,
        "estimated_landing_time": 1604.0,
        "wait_time": 0,
        "Landing_success_rate": 1.0
    }
]