[
    {
        "model": 0,
        "sequence": 9,
        "status": 1,
        "fuel": 6989,
        "fault": 0.6839,
        "weapon": 0,
        "pilot_injury": 0.0493,
        "pilot_skill": 0.6944,
        "mission_priority": 0.8322,
        "estimated_landing_time": 852.0,
        "wait_time": 0,
        "Landing_success_rate": 1.0
    },
    {
        "model": 2,
        "sequence": 2,
        "status": 1,
        "fuel": 5567,
        "fault": 0.3292,
        "weapon": 1,
        "pilot_injury": 0.954,
        "pilot_skill": 0.511,
        "mission_priority": 0.9138,
        "estimated_landing_time": 194.0,
        "wait_time": 0,
        "Landing_success_rate": 1.0
    },
    {
        "model": 0,
        "sequence": 8,
        "status": 1,
        "fuel": 5846,
        "fault": 0.1578,
        "weapon": 0,
        "pilot_injury": 0.3098,
        "pilot_skill": 0.1962,
        "mission_priority": 0.5481,
        "estimated_landing_time": 758.0,
        "wait_time": 0,
        "Landing_success_rate": 1.0
    },
    {
        "model": 1,
        "sequence": 6,
        "status": 1,
        "fuel": 7123,
        "fault": 0.5465,
        "weapon": 1,
        "pilot_injury": 0.1,
        "pilot_skill": 0.2577,
        "mission_priority": 0.7518,
        "estimated_landing_time": 570.0,
        "wait_time": 0,
        "Landing_success_rate": 1.0
    },
    {
        "model": 1,
        "sequence": 19,
        "status": 1,
        "fuel": 6380,
        "fault": 0.6792,
        "weapon": 0,
        "pilot_injury": 0.3872,
        "pilot_skill": 0.6226,
        "mission_priority": 0.1581,
        "estimated_landing_time": 1792.0,
        "wait_time": 0,
        "Landing_success_rate": 1.0
    },
    {
        "model": 1,
        "sequence": 29,
        "status": 1,
        "fuel": 6375,
        "fault": 0.4013,
        "weapon": 0,
        "pilot_injury": 0.917,
        "pilot_skill": 0.4679,
        "mission_priority": 0.275,
        "estimated_landing_time": 2732.0,
        "wait_time": 0,
        "Landing_success_rate": 1.0
    },
    {
        "model": 2,
        "sequence": 3,
        "status": 1,
        "fuel": 6776,
        "fault": 0.1514,
        "weapon": 0,
        "pilot_injury": 0.5322,
        "pilot_skill": 0.1072,
        "mission_priority": 0.3917,
        "estimated_landing_time": 288.0,
        "wait_time": 0,
        "Landing_success_rate": 1.0
    },
    {
        "model": 2,
        "sequence": 18,
        "status": 1,
        "fuel": 6423,
        "fault": 0.9678,
        "weapon": 0,
        "pilot_injury": 0.1752,
        "pilot_skill": 0.7747,
        "mission_priority": 0.9468,
        "estimated_landing_time": 1698.0,
        "wait_time": 0,
        "Landing_success_rate": 1.0
    },
    {
        "model": 0,
        "sequence": 26,
        "status": 1,
        "fuel": 7168,
        "fault": 0.6848,
        "weapon": 0,
        "pilot_injury": 0.96,
        "pilot_skill": 0.0378,
        "mission_priority": 0.9776,
        "estimated_landing_time": 2450.0,
        "wait_time": 0,
        "Landing_success_rate": 1.0
    },
    {
        "model": 2,
        "sequence": 15,
        "status": 1,
        "fuel": 5859,
        "fault": 0.9674,
        "weapon": 1,
        "pilot_injury": 0.3073,
        "pilot_skill": 0.9386,
        "mission_priority": 0.3169,
        "estimated_landing_time": 1416.0,
        "wait_time": 0,
        "Landing_success_rate": 1.0
    },
    {
        "model": 2,
        "sequence": 22,
        "status": 1,
        "fuel": 7153,
        "fault": 0.8923,
        "weapon": 0,
        "pilot_injury": 0.2423,
        "pilot_skill": 0.7737,
        "mission_priority": 0.5287,
        "estimated_landing_time": 2074.0,
        "wait_time": 0,
        "Landing_success_rate": 1.0
    },
    {
        "model": 1,
        "sequence": 23,
        "status": 1,
        "fuel": 5876,
        "fault": 0.1273,
        "weapon": 1,
        "pilot_injury": 0.8698,
        "pilot_skill": 0.449,
        "mission_priority": 0.9792,
        "estimated_landing_time": 2168.0,
        "wait_time": 0,
        "Landing_success_rate": 1.0
    },
    {
        "model": 1,
        "sequence": 20,
        "status": 1,
        "fuel": 6694,
        "fault": 0.9276,
        "weapon": 1,
        "pilot_injury": 0.8859,
        "pilot_skill": 0.8476,
        "mission_priority": 0.2107,
        "estimated_landing_time": 1886.0,
        "wait_time": 0,
        "Landing_success_rate": 1.0
    },
    {
        "model": 0,
        "sequence": 1,
        "status": 1,
        "fuel": 7270,
        "fault": 0.2053,
        "weapon": 0,
        "pilot_injury": 0.8367,
        "pilot_skill": 0.1745,
        "mission_priority": 0.0708,
        "estimated_landing_time": 100.0,
        "wait_time": 0,
        "Landing_success_rate": 1.0
    },
    {
        "model": 1,
        "sequence": 11,
        "status": 1,
        "fuel": 6051,
        "fault": 0.7054,
        "weapon": 1,
        "pilot_injury": 0.8549,
        "pilot_skill": 0.9742,
        "mission_priority": 0.4395,
        "estimated_landing_time": 1040.0,
        "wait_time": 0,
        "Landing_success_rate": 1.0
    },
    {
        "model": 2,
        "sequence": 27,
        "status": 1,
        "fuel": 6270,
        "fault": 0.6677,
        "weapon": 1,
        "pilot_injury": 0.5652,
        "pilot_skill": 0.4479,
        "mission_priority": 0.3093,
        "estimated_landing_time": 2544.0,
        "wait_time": 0,
        "Landing_success_rate": 1.0
    },
    {
        "model": 0,
        "sequence": 12,
        "status": 1,
        "fuel": 5658,
        "fault": 0.9577,
        "weapon": 1,
        "pilot_injury": 0.757,
        "pilot_skill": 0.5439,
        "mission_priority": 0.8768,
        "estimated_landing_time": 1134.0,
        "wait_time": 0,
        "Landing_success_rate": 1.0
    },
    {
        "model": 0,
        "sequence": 14,
        "status": 1,
        "fuel": 5931,
        "fault": 0.2925,
        "weapon": 1,
        "pilot_injury": 0.8511,
        "pilot_skill": 0.5572,
        "mission_priority": 0.2068,
        "estimated_landing_time": 1322.0,
        "wait_time": 0,
        "Landing_success_rate": 1.0
    },
    {
        "model": 1,
        "sequence": 21,
        "status": 1,
        "fuel": 6813,
        "fault": 0.6426,
        "weapon": 0,
        "pilot_injury": 0.8444,
        "pilot_skill": 0.4533,
        "mission_priority": 0.7264,
        "estimated_landing_time": 1980.0,
        "wait_time": 0,
        "Landing_success_rate": 1.0
    },
    {
        "model": 1,
        "sequence": 30,
        "status": 1,
        "fuel": 7451,
        "fault": 0.7307,
        "weapon": 0,
        "pilot_injury": 0.9832,
        "pilot_skill": 0.8085,
        "mission_priority": 0.1599,
        "estimated_landing_time": 2826.0,
        "wait_time": 0,
        "Landing_success_rate": 1.0
    },
    {
        "model": 1,
        "sequence": 10,
        "status": 1,
        "fuel": 6378,
        "fault": 0.6409,
        "weapon": 0,
        "pilot_injury": 0.6504,
        "pilot_skill": 0.757,
        "mission_priority": 0.7495,
        "estimated_landing_time": 946.0,
        "wait_time": 0,
        "Landing_success_rate": 1.0
    },
    {
        "model": 0,
        "sequence": 4,
        "status": 1,
        "fuel": 6322,
        "fault": 0.4036,
        "weapon": 1,
        "pilot_injury": 0.4371,
        "pilot_skill": 0.1239,
        "mission_priority": 0.5644,
        "estimated_landing_time": 382.0,
        "wait_time": 0,
        "Landing_success_rate": 1.0
    },
    {
        "model": 1,
        "sequence": 5,
        "status": 1,
        "fuel": 7061,
        "fault": 0.2124,
        "weapon": 0,
        "pilot_injury": 0.5787,
        "pilot_skill": 0.6468,
        "mission_priority": 0.9306,
        "estimated_landing_time": 476.0,
        "wait_time": 0,
        "Landing_success_rate": 1.0
    },
    {
        "model": 2,
        "sequence": 16,
        "status": 1,
        "fuel": 7437,
        "fault": 0.6742,
        "weapon": 0,
        "pilot_injury": 0.9772,
        "pilot_skill": 0.8634,
        "mission_priority": 0.323,
        "estimated_landing_time": 1510.0,
        "wait_time": 0,
        "Landing_success_rate": 1.0
    },
    {
        "model": 0,
        "sequence": 13,
        "status": 1,
        "fuel": 6349,
        "fault": 0.0683,
        "weapon": 1,
        "pilot_injury": 0.1491,
        "pilot_skill": 0.9578,
        "mission_priority": 0.4043,
        "estimated_landing_time": 1228.0,
        "wait_time": 0,
        "Landing_success_rate": 1.0
    },
    {
        "model": 1,
        "sequence": 7,
        "status": 1,
        "fuel": 5767,
        "fault": 0.724,
        "weapon": 1,
        "pilot_injury": 0.5479,
        "pilot_skill": 0.024,
        "mission_priority": 0.7642,
        "estimated_landing_time": 664.0,
        "wait_time": 0,
        "Landing_success_rate": 1.0
    },
    {
        "model": 2,
        "sequence": 28,
        "status": 1,
        "fuel": 7013,
        "fault": 0.5862,
        "weapon": 0,
        "pilot_injury": 0.0517,
        "pilot_skill": 0.211,
        "mission_priority": 0.0743,
        "estimated_landing_time": 2638.0,
        "wait_time": 0,
        "Landing_success_rate": 1.0
    },
    {
        "model": 2,
        "sequence": 24,
        "status": 1,
        "fuel": 6008,
        "fault": 0.0539,
        "weapon": 0,
        "pilot_injury": 0.5662,
        "pilot_skill": 0.6121,
        "mission_priority": 0.5493,
        "estimated_landing_time": 2262.0,
        "wait_time": 0,
        "Landing_success_rate": 1.0
    },
    {
        "model": 1,
        "sequence": 17,
        "status": 1,
        "fuel": 7300,
        "fault": 0.6342,
        "weapon": 0,
        "pilot_injury": 0.1371,
        "pilot_skill": 0.8491,
        "mission_priority": 0.6165,
        "estimated_landing_time": 1604.0,
        "wait_time": 0,
        "Landing_success_rate": 1.0
    },
    {
        "model": 2,
        "sequence": 25,
        "status": 1,
        "fuel": 7438,
        "fault": 0.3453,
        "weapon": 0,
        "pilot_injury": 0.873,
        "pilot_skill": 0.7427,
        "mission_priority": 0.6594,
        "estimated_landing_time": 2356.0,
        "wait_time": 0,
        "Landing_success_rate": 1.0
    }
]