[
    {
        "model": 0,
        "sequence": 22,
        "status": 1,
        "fuel": 6049,
        "fault": 0.8159,
        "weapon": 0,
        "pilot_injury": 0.3737,
        "pilot_skill": 0.3881,
        "mission_priority": 0.0957,
        "estimated_landing_time": 2074.0,
        "wait_time": 0,
        "Landing_success_rate": 1.0
    },
    {
        "model": 0,
        "sequence": 13,
        "status": 1,
        "fuel": 6666,
        "fault": 0.9596,
        "weapon": 0,
        "pilot_injury": 0.6482,
        "pilot_skill": 0.4132,
        "mission_priority": 0.4056,
        "estimated_landing_time": 1228.0,
        "wait_time": 0,
        "Landing_success_rate": 1.0
    },
    {
        "model": 0,
        "sequence": 19,
        "status": 1,
        "fuel": 6503,
        "fault": 0.563,
        "weapon": 1,
        "pilot_injury": 0.5937,
        "pilot_skill": 0.772,
        "mission_priority": 0.8282,
        "estimated_landing_time": 1792.0,
        "wait_time": 0,
        "Landing_success_rate": 1.0
    },
    {
        "model": 2,
        "sequence": 28,
        "status": 1,
        "fuel": 5808,
        "fault": 0.4194,
        "weapon": 0,
        "pilot_injury": 0.6561,
        "pilot_skill": 0.8819,
        "mission_priority": 0.4853,
        "estimated_landing_time": 2638.0,
        "wait_time": 0,
        "Landing_success_rate": 1.0
    },
    {
        "model": 1,
        "sequence": 24,
        "status": 1,
        "fuel": 6146,
        "fault": 0.0792,
        "weapon": 1,
        "pilot_injury": 0.8999,
        "pilot_skill": 0.4482,
        "mission_priority": 0.2744,
        "estimated_landing_time": 2262.0,
        "wait_time": 0,
        "Landing_success_rate": 1.0
    },
    {
        "model": 2,
        "sequence": 27,
        "status": 1,
        "fuel": 5835,
        "fault": 0.444,
        "weapon": 1,
        "pilot_injury": 0.2869,
        "pilot_skill": 0.2686,
        "mission_priority": 0.8611,
        "estimated_landing_time": 2544.0,
        "wait_time": 0,
        "Landing_success_rate": 1.0
    },
    {
        "model": 2,
        "sequence": 6,
        "status": 1,
        "fuel": 5648,
        "fault": 0.268,
        "weapon": 0,
        "pilot_injury": 0.1728,
        "pilot_skill": 0.3445,
        "mission_priority": 0.0615,
        "estimated_landing_time": 570.0,
        "wait_time": 0,
        "Landing_success_rate": 1.0
    },
    {
        "model": 1,
        "sequence": 18,
        "status": 1,
        "fuel": 7061,
        "fault": 0.1586,
        "weapon": 0,
        "pilot_injury": 0.885,
        "pilot_skill": 0.2215,
        "mission_priority": 0.4635,
        "estimated_landing_time": 1698.0,
        "wait_time": 0,
        "Landing_success_rate": 1.0
    },
    {
        "model": 2,
        "sequence": 23,
        "status": 1,
        "fuel": 5562,
        "fault": 0.1379,
        "weapon": 1,
        "pilot_injury": 0.7628,
        "pilot_skill": 0.5131,
        "mission_priority": 0.6707,
        "estimated_landing_time": 2168.0,
        "wait_time": 0,
        "Landing_success_rate": 1.0
    },
    {
        "model": 0,
        "sequence": 29,
        "status": 1,
        "fuel": 6222,
        "fault": 0.145,
        "weapon": 1,
        "pilot_injury": 0.4029,
        "pilot_skill": 0.9072,
        "mission_priority": 0.7403,
        "estimated_landing_time": 2732.0,
        "wait_time": 0,
        "Landing_success_rate": 1.0
    },
    {
        "model": 0,
        "sequence": 1,
        "status": 1,
        "fuel": 7286,
        "fault": 0.9275,
        "weapon": 0,
        "pilot_injury": 0.3478,
        "pilot_skill": 0.5205,
        "mission_priority": 0.6554,
        "estimated_landing_time": 100.0,
        "wait_time": 0,
        "Landing_success_rate": 1.0
    },
    {
        "model": 0,
        "sequence": 12,
        "status": 1,
        "fuel": 7317,
        "fault": 0.4971,
        "weapon": 1,
        "pilot_injury": 0.8612,
        "pilot_skill": 0.1547,
        "mission_priority": 0.4515,
        "estimated_landing_time": 1134.0,
        "wait_time": 0,
        "Landing_success_rate": 1.0
    },
    {
        "model": 0,
        "sequence": 2,
        "status": 1,
        "fuel": 5819,
        "fault": 0.6306,
        "weapon": 0,
        "pilot_injury": 0.2499,
        "pilot_skill": 0.6403,
        "mission_priority": 0.8775,
        "estimated_landing_time": 194.0,
        "wait_time": 0,
        "Landing_success_rate": 1.0
    },
    {
        "model": 1,
        "sequence": 16,
        "status": 1,
        "fuel": 6570,
        "fault": 0.3293,
        "weapon": 0,
        "pilot_injury": 0.9932,
        "pilot_skill": 0.1061,
        "mission_priority": 0.2331,
        "estimated_landing_time": 1510.0,
        "wait_time": 0,
        "Landing_success_rate": 1.0
    },
    {
        "model": 2,
        "sequence": 20,
        "status": 1,
        "fuel": 7107,
        "fault": 0.9811,
        "weapon": 1,
        "pilot_injury": 0.0977,
        "pilot_skill": 0.015,
        "mission_priority": 0.1611,
        "estimated_landing_time": 1886.0,
        "wait_time": 0,
        "Landing_success_rate": 1.0
    },
    {
        "model": 2,
        "sequence": 4,
        "status": 1,
        "fuel": 5884,
        "fault": 0.8445,
        "weapon": 1,
        "pilot_injury": 0.5025,
        "pilot_skill": 0.8484,
        "mission_priority": 0.0204,
        "estimated_landing_time": 382.0,
        "wait_time": 0,
        "Landing_success_rate": 1.0
    },
    {
        "model": 0,
        "sequence": 14,
        "status": 1,
        "fuel": 6045,
        "fault": 0.7998,
        "weapon": 0,
        "pilot_injury": 0.8623,
        "pilot_skill": 0.2835,
        "mission_priority": 0.6868,
        "estimated_landing_time": 1322.0,
        "wait_time": 0,
        "Landing_success_rate": 1.0
    },
    {
        "model": 0,
        "sequence": 26,
        "status": 1,
        "fuel": 5610,
        "fault": 0.2401,
        "weapon": 0,
        "pilot_injury": 0.0348,
        "pilot_skill": 0.4092,
        "mission_priority": 0.2892,
        "estimated_landing_time": 2450.0,
        "wait_time": 0,
        "Landing_success_rate": 1.0
    },
    {
        "model": 2,
        "sequence": 10,
        "status": 1,
        "fuel": 6118,
        "fault": 0.5557,
        "weapon": 0,
        "pilot_injury": 0.457,
        "pilot_skill": 0.6065,
        "mission_priority": 0.6043,
        "estimated_landing_time": 946.0,
        "wait_time": 0,
        "Landing_success_rate": 1.0
    },
    {
        "model": 1,
        "sequence": 5,
        "status": 1,
        "fuel": 6262,
        "fault": 0.3786,
        "weapon": 1,
        "pilot_injury": 0.2754,
        "pilot_skill": 0.265,
        "mission_priority": 0.5362,
        "estimated_landing_time": 476.0,
        "wait_time": 0,
        "Landing_success_rate": 1.0
    },
    {
        "model": 2,
        "sequence": 9,
        "status": 1,
        "fuel": 5597,
        "fault": 0.306,
        "weapon": 1,
        "pilot_injury": 0.0911,
        "pilot_skill": 0.7186,
        "mission_priority": 0.2137,
        "estimated_landing_time": 852.0,
        "wait_time": 0,
        "Landing_success_rate": 1.0
    },
    {
        "model": 0,
        "sequence": 11,
        "status": 1,
        "fuel": 6918,
        "fault": 0.768,
        "weapon": 1,
        "pilot_injury": 0.2278,
        "pilot_skill": 0.5839,
        "mission_priority": 0.3715,
        "estimated_landing_time": 1040.0,
        "wait_time": 0,
        "Landing_success_rate": 1.0
    },
    {
        "model": 0,
        "sequence": 17,
        "status": 1,
        "fuel": 5752,
        "fault": 0.479,
        "weapon": 1,
        "pilot_injury": 0.2035,
        "pilot_skill": 0.1558,
        "mission_priority": 0.8804,
        "estimated_landing_time": 1604.0,
        "wait_time": 0,
        "Landing_success_rate": 1.0
    },
    {
        "model": 1,
        "sequence": 3,
        "status": 1,
        "fuel": 6558,
        "fault": 0.9738,
        "weapon": 0,
        "pilot_injury": 0.0356,
        "pilot_skill": 0.498,
        "mission_priority": 0.5542,
        "estimated_landing_time": 288.0,
        "wait_time": 0,
        "Landing_success_rate": 1.0
    },
    {
        "model": 2,
        "sequence": 30,
        "status": 1,
        "fuel": 6021,
        "fault": 0.0131,
        "weapon": 0,
        "pilot_injury": 0.1775,
        "pilot_skill": 0.2522,
        "mission_priority": 0.8107,
        "estimated_landing_time": 2826.0,
        "wait_time": 0,
        "Landing_success_rate": 1.0
    },
    {
        "model": 1,
        "sequence": 15,
        "status": 1,
        "fuel": 7063,
        "fault": 0.2211,
        "weapon": 0,
        "pilot_injury": 0.4976,
        "pilot_skill": 0.2142,
        "mission_priority": 0.0601,
        "estimated_landing_time": 1416.0,
        "wait_time": 0,
        "Landing_success_rate": 1.0
    },
    {
        "model": 1,
        "sequence": 7,
        "status": 1,
        "fuel": 7499,
        "fault": 0.4997,
        "weapon": 0,
        "pilot_injury": 0.7099,
        "pilot_skill": 0.5337,
        "mission_priority": 0.1438,
        "estimated_landing_time": 664.0,
        "wait_time": 0,
        "Landing_success_rate": 1.0
    },
    {
        "model": 0,
        "sequence": 25,
        "status": 1,
        "fuel": 5519,
        "fault": 0.9989,
        "weapon": 0,
        "pilot_injury": 0.1762,
        "pilot_skill": 0.6062,
        "mission_priority": 0.3369,
        "estimated_landing_time": 2356.0,
        "wait_time": 0,
        "Landing_success_rate": 1.0
    },
    {
        "model": 2,
        "sequence": 8,
        "status": 1,
        "fuel": 5527,
        "fault": 0.4166,
        "weapon": 1,
        "pilot_injury": 0.0869,
        "pilot_skill": 0.223,
        "mission_priority": 0.1881,
        "estimated_landing_time": 758.0,
        "wait_time": 0,
        "Landing_success_rate": 1.0
    },
    {
        "model": 0,
        "sequence": 21,
        "status": 1,
        "fuel": 6823,
        "fault": 0.0245,
        "weapon": 0,
        "pilot_injury": 0.2638,
        "pilot_skill": 0.0121,
        "mission_priority": 0.5189,
        "estimated_landing_time": 1980.0,
        "wait_time": 0,
        "Landing_success_rate": 1.0
    }
]