[
    {
        "model": 1,
        "sequence": 25,
        "status": 1,
        "fuel": 6452,
        "fault": 0.2216,
        "weapon": 0,
        "pilot_injury": 0.436,
        "pilot_skill": 0.11,
        "mission_priority": 0.2667,
        "estimated_landing_time": 2356.0,
        "wait_time": 0,
        "Landing_success_rate": 1.0
    },
    {
        "model": 1,
        "sequence": 12,
        "status": 1,
        "fuel": 6863,
        "fault": 0.3242,
        "weapon": 1,
        "pilot_injury": 0.461,
        "pilot_skill": 0.4334,
        "mission_priority": 0.496,
        "estimated_landing_time": 1134.0,
        "wait_time": 0,
        "Landing_success_rate": 1.0
    },
    {
        "model": 2,
        "sequence": 5,
        "status": 1,
        "fuel": 6371,
        "fault": 0.5471,
        "weapon": 1,
        "pilot_injury": 0.6153,
        "pilot_skill": 0.2395,
        "mission_priority": 0.4666,
        "estimated_landing_time": 476.0,
        "wait_time": 0,
        "Landing_success_rate": 1.0
    },
    {
        "model": 1,
        "sequence": 22,
        "status": 1,
        "fuel": 6831,
        "fault": 0.561,
        "weapon": 0,
        "pilot_injury": 0.265,
        "pilot_skill": 0.0368,
        "mission_priority": 0.8153,
        "estimated_landing_time": 2074.0,
        "wait_time": 0,
        "Landing_success_rate": 1.0
    },
    {
        "model": 2,
        "sequence": 13,
        "status": 1,
        "fuel": 6457,
        "fault": 0.7532,
        "weapon": 1,
        "pilot_injury": 0.4772,
        "pilot_skill": 0.4325,
        "mission_priority": 0.7257,
        "estimated_landing_time": 1228.0,
        "wait_time": 0,
        "Landing_success_rate": 1.0
    },
    {
        "model": 1,
        "sequence": 14,
        "status": 1,
        "fuel": 5975,
        "fault": 0.8294,
        "weapon": 1,
        "pilot_injury": 0.0517,
        "pilot_skill": 0.7676,
        "mission_priority": 0.3525,
        "estimated_landing_time": 1322.0,
        "wait_time": 0,
        "Landing_success_rate": 1.0
    },
    {
        "model": 1,
        "sequence": 6,
        "status": 1,
        "fuel": 5537,
        "fault": 0.2824,
        "weapon": 1,
        "pilot_injury": 0.7177,
        "pilot_skill": 0.9396,
        "mission_priority": 0.6512,
        "estimated_landing_time": 570.0,
        "wait_time": 0,
        "Landing_success_rate": 1.0
    },
    {
        "model": 2,
        "sequence": 9,
        "status": 1,
        "fuel": 5693,
        "fault": 0.5094,
        "weapon": 1,
        "pilot_injury": 0.5434,
        "pilot_skill": 0.5848,
        "mission_priority": 0.1468,
        "estimated_landing_time": 852.0,
        "wait_time": 0,
        "Landing_success_rate": 1.0
    },
    {
        "model": 2,
        "sequence": 19,
        "status": 1,
        "fuel": 6321,
        "fault": 0.4015,
        "weapon": 1,
        "pilot_injury": 0.0146,
        "pilot_skill": 0.6248,
        "mission_priority": 0.1169,
        "estimated_landing_time": 1792.0,
        "wait_time": 0,
        "Landing_success_rate": 1.0
    },
    {
        "model": 0,
        "sequence": 2,
        "status": 1,
        "fuel": 6109,
        "fault": 0.5041,
        "weapon": 1,
        "pilot_injury": 0.9447,
        "pilot_skill": 0.6645,
        "mission_priority": 0.482,
        "estimated_landing_time": 194.0,
        "wait_time": 0,
        "Landing_success_rate": 1.0
    },
    {
        "model": 2,
        "sequence": 26,
        "status": 1,
        "fuel": 7494,
        "fault": 0.2697,
        "weapon": 1,
        "pilot_injury": 0.1904,
        "pilot_skill": 0.3484,
        "mission_priority": 0.7179,
        "estimated_landing_time": 2450.0,
        "wait_time": 0,
        "Landing_success_rate": 1.0
    },
    {
        "model": 0,
        "sequence": 30,
        "status": 1,
        "fuel": 5555,
        "fault": 0.2006,
        "weapon": 1,
        "pilot_injury": 0.7493,
        "pilot_skill": 0.1778,
        "mission_priority": 0.2459,
        "estimated_landing_time": 2826.0,
        "wait_time": 0,
        "Landing_success_rate": 1.0
    },
    {
        "model": 1,
        "sequence": 27,
        "status": 1,
        "fuel": 7380,
        "fault": 0.014,
        "weapon": 0,
        "pilot_injury": 0.6179,
        "pilot_skill": 0.6944,
        "mission_priority": 0.2143,
        "estimated_landing_time": 2544.0,
        "wait_time": 0,
        "Landing_success_rate": 1.0
    },
    {
        "model": 2,
        "sequence": 21,
        "status": 1,
        "fuel": 7085,
        "fault": 0.4443,
        "weapon": 1,
        "pilot_injury": 0.3661,
        "pilot_skill": 0.4378,
        "mission_priority": 0.5679,
        "estimated_landing_time": 1980.0,
        "wait_time": 0,
        "Landing_success_rate": 1.0
    },
    {
        "model": 2,
        "sequence": 8,
        "status": 1,
        "fuel": 6897,
        "fault": 0.1146,
        "weapon": 1,
        "pilot_injury": 0.181,
        "pilot_skill": 0.5407,
        "mission_priority": 0.4503,
        "estimated_landing_time": 758.0,
        "wait_time": 0,
        "Landing_success_rate": 1.0
    },
    {
        "model": 1,
        "sequence": 24,
        "status": 1,
        "fuel": 5598,
        "fault": 0.268,
        "weapon": 1,
        "pilot_injury": 0.8815,
        "pilot_skill": 0.8186,
        "mission_priority": 0.6296,
        "estimated_landing_time": 2262.0,
        "wait_time": 0,
        "Landing_success_rate": 1.0
    },
    {
        "model": 1,
        "sequence": 16,
        "status": 1,
        "fuel": 5510,
        "fault": 0.6382,
        "weapon": 1,
        "pilot_injury": 0.744,
        "pilot_skill": 0.4862,
        "mission_priority": 0.3177,
        "estimated_landing_time": 1510.0,
        "wait_time": 0,
        "Landing_success_rate": 1.0
    },
    {
        "model": 1,
        "sequence": 17,
        "status": 1,
        "fuel": 6604,
        "fault": 0.795,
        "weapon": 1,
        "pilot_injury": 0.0449,
        "pilot_skill": 0.1618,
        "mission_priority": 0.0301,
        "estimated_landing_time": 1604.0,
        "wait_time": 0,
        "Landing_success_rate": 1.0
    },
    {
        "model": 1,
        "sequence": 20,
        "status": 1,
        "fuel": 5792,
        "fault": 0.2175,
        "weapon": 1,
        "pilot_injury": 0.3687,
        "pilot_skill": 0.8227,
        "mission_priority": 0.1147,
        "estimated_landing_time": 1886.0,
        "wait_time": 0,
        "Landing_success_rate": 1.0
    },
    {
        "model": 2,
        "sequence": 7,
        "status": 1,
        "fuel": 6921,
        "fault": 0.2687,
        "weapon": 1,
        "pilot_injury": 0.342,
        "pilot_skill": 0.1178,
        "mission_priority": 0.0915,
        "estimated_landing_time": 664.0,
        "wait_time": 0,
        "Landing_success_rate": 1.0
    },
    {
        "model": 1,
        "sequence": 3,
        "status": 1,
        "fuel": 6701,
        "fault": 0.2422,
        "weapon": 1,
        "pilot_injury": 0.2677,
        "pilot_skill": 0.053,
        "mission_priority": 0.595,
        "estimated_landing_time": 288.0,
        "wait_time": 0,
        "Landing_success_rate": 1.0
    },
    {
        "model": 1,
        "sequence": 29,
        "status": 1,
        "fuel": 5693,
        "fault": 0.3502,
        "weapon": 0,
        "pilot_injury": 0.2182,
        "pilot_skill": 0.798,
        "mission_priority": 0.1899,
        "estimated_landing_time": 2732.0,
        "wait_time": 0,
        "Landing_success_rate": 1.0
    },
    {
        "model": 2,
        "sequence": 23,
        "status": 1,
        "fuel": 6188,
        "fault": 0.2352,
        "weapon": 0,
        "pilot_injury": 0.5831,
        "pilot_skill": 0.0387,
        "mission_priority": 0.4952,
        "estimated_landing_time": 2168.0,
        "wait_time": 0,
        "Landing_success_rate": 1.0
    },
    {
        "model": 0,
        "sequence": 18,
        "status": 1,
        "fuel": 5742,
        "fault": 0.408,
        "weapon": 1,
        "pilot_injury": 0.1414,
        "pilot_skill": 0.4371,
        "mission_priority": 0.1106,
        "estimated_landing_time": 1698.0,
        "wait_time": 0,
        "Landing_success_rate": 1.0
    },
    {
        "model": 2,
        "sequence": 11,
        "status": 1,
        "fuel": 7055,
        "fault": 0.9804,
        "weapon": 0,
        "pilot_injury": 0.9767,
        "pilot_skill": 0.4492,
        "mission_priority": 0.6872,
        "estimated_landing_time": 1040.0,
        "wait_time": 0,
        "Landing_success_rate": 1.0
    },
    {
        "model": 0,
        "sequence": 10,
        "status": 1,
        "fuel": 6574,
        "fault": 0.7747,
        "weapon": 0,
        "pilot_injury": 0.0647,
        "pilot_skill": 0.1443,
        "mission_priority": 0.8831,
        "estimated_landing_time": 946.0,
        "wait_time": 0,
        "Landing_success_rate": 1.0
    },
    {
        "model": 1,
        "sequence": 28,
        "status": 1,
        "fuel": 7367,
        "fault": 0.4716,
        "weapon": 1,
        "pilot_injury": 0.5282,
        "pilot_skill": 0.3789,
        "mission_priority": 0.3878,
        "estimated_landing_time": 2638.0,
        "wait_time": 0,
        "Landing_success_rate": 1.0
    },
    {
        "model": 2,
        "sequence": 4,
        "status": 1,
        "fuel": 6642,
        "fault": 0.0766,
        "weapon": 1,
        "pilot_injury": 0.3873,
        "pilot_skill": 0.447,
        "mission_priority": 0.9851,
        "estimated_landing_time": 382.0,
        "wait_time": 0,
        "Landing_success_rate": 1.0
    },
    {
        "model": 1,
        "sequence": 15,
        "status": 1,
        "fuel": 5659,
        "fault": 0.6283,
        "weapon": 1,
        "pilot_injury": 0.1374,
        "pilot_skill": 0.0655,
        "mission_priority": 0.8715,
        "estimated_landing_time": 1416.0,
        "wait_time": 0,
        "Landing_success_rate": 1.0
    },
    {
        "model": 2,
        "sequence": 1,
        "status": 1,
        "fuel": 5827,
        "fault": 0.3712,
        "weapon": 0,
        "pilot_injury": 0.5046,
        "pilot_skill": 0.1357,
        "mission_priority": 0.7072,
        "estimated_landing_time": 100.0,
        "wait_time": 0,
        "Landing_success_rate": 1.0
    }
]