[
    {
        "model": 2,
        "sequence": 12,
        "status": 1,
        "fuel": 6743,
        "fault": 0.7747,
        "weapon": 1,
        "pilot_injury": 0.2772,
        "pilot_skill": 0.2103,
        "mission_priority": 0.0878,
        "estimated_landing_time": 1134.0,
        "wait_time": 0,
        "Landing_success_rate": 1.0
    },
    {
        "model": 0,
        "sequence": 15,
        "status": 1,
        "fuel": 5754,
        "fault": 0.5109,
        "weapon": 0,
        "pilot_injury": 0.7188,
        "pilot_skill": 0.0458,
        "mission_priority": 0.2033,
        "estimated_landing_time": 1416.0,
        "wait_time": 0,
        "Landing_success_rate": 1.0
    },
    {
        "model": 0,
        "sequence": 1,
        "status": 1,
        "fuel": 5623,
        "fault": 0.2839,
        "weapon": 1,
        "pilot_injury": 0.8232,
        "pilot_skill": 0.785,
        "mission_priority": 0.8916,
        "estimated_landing_time": 100.0,
        "wait_time": 0,
        "Landing_success_rate": 1.0
    },
    {
        "model": 1,
        "sequence": 17,
        "status": 1,
        "fuel": 6227,
        "fault": 0.9129,
        "weapon": 1,
        "pilot_injury": 0.6061,
        "pilot_skill": 0.0891,
        "mission_priority": 0.0096,
        "estimated_landing_time": 1604.0,
        "wait_time": 0,
        "Landing_success_rate": 1.0
    },
    {
        "model": 2,
        "sequence": 21,
        "status": 1,
        "fuel": 6957,
        "fault": 0.4341,
        "weapon": 0,
        "pilot_injury": 0.2281,
        "pilot_skill": 0.1573,
        "mission_priority": 0.6153,
        "estimated_landing_time": 1980.0,
        "wait_time": 0,
        "Landing_success_rate": 1.0
    },
    {
        "model": 1,
        "sequence": 5,
        "status": 1,
        "fuel": 6642,
        "fault": 0.7636,
        "weapon": 0,
        "pilot_injury": 0.5464,
        "pilot_skill": 0.1197,
        "mission_priority": 0.9342,
        "estimated_landing_time": 476.0,
        "wait_time": 0,
        "Landing_success_rate": 1.0
    },
    {
        "model": 1,
        "sequence": 28,
        "status": 1,
        "fuel": 7407,
        "fault": 0.8578,
        "weapon": 0,
        "pilot_injury": 0.2831,
        "pilot_skill": 0.8061,
        "mission_priority": 0.2094,
        "estimated_landing_time": 2638.0,
        "wait_time": 0,
        "Landing_success_rate": 1.0
    },
    {
        "model": 2,
        "sequence": 27,
        "status": 1,
        "fuel": 7429,
        "fault": 0.0976,
        "weapon": 1,
        "pilot_injury": 0.2643,
        "pilot_skill": 0.8349,
        "mission_priority": 0.639,
        "estimated_landing_time": 2544.0,
        "wait_time": 0,
        "Landing_success_rate": 1.0
    },
    {
        "model": 0,
        "sequence": 10,
        "status": 1,
        "fuel": 6212,
        "fault": 0.9927,
        "weapon": 0,
        "pilot_injury": 0.4649,
        "pilot_skill": 0.9698,
        "mission_priority": 0.1966,
        "estimated_landing_time": 946.0,
        "wait_time": 0,
        "Landing_success_rate": 1.0
    },
    {
        "model": 1,
        "sequence": 11,
        "status": 1,
        "fuel": 6089,
        "fault": 0.3489,
        "weapon": 0,
        "pilot_injury": 0.5453,
        "pilot_skill": 0.4231,
        "mission_priority": 0.5251,
        "estimated_landing_time": 1040.0,
        "wait_time": 0,
        "Landing_success_rate": 1.0
    },
    {
        "model": 0,
        "sequence": 7,
        "status": 1,
        "fuel": 7410,
        "fault": 0.9174,
        "weapon": 0,
        "pilot_injury": 0.9982,
        "pilot_skill": 0.9765,
        "mission_priority": 0.9617,
        "estimated_landing_time": 664.0,
        "wait_time": 0,
        "Landing_success_rate": 1.0
    },
    {
        "model": 2,
        "sequence": 30,
        "status": 1,
        "fuel": 5832,
        "fault": 0.5777,
        "weapon": 0,
        "pilot_injury": 0.9886,
        "pilot_skill": 0.8924,
        "mission_priority": 0.4159,
        "estimated_landing_time": 2826.0,
        "wait_time": 0,
        "Landing_success_rate": 1.0
    },
    {
        "model": 1,
        "sequence": 14,
        "status": 1,
        "fuel": 7297,
        "fault": 0.4736,
        "weapon": 0,
        "pilot_injury": 0.7126,
        "pilot_skill": 0.4228,
        "mission_priority": 0.0658,
        "estimated_landing_time": 1322.0,
        "wait_time": 0,
        "Landing_success_rate": 1.0
    },
    {
        "model": 0,
        "sequence": 20,
        "status": 1,
        "fuel": 6644,
        "fault": 0.2608,
        "weapon": 0,
        "pilot_injury": 0.3625,
        "pilot_skill": 0.1519,
        "mission_priority": 0.3265,
        "estimated_landing_time": 1886.0,
        "wait_time": 0,
        "Landing_success_rate": 1.0
    },
    {
        "model": 0,
        "sequence": 9,
        "status": 1,
        "fuel": 6832,
        "fault": 0.1967,
        "weapon": 0,
        "pilot_injury": 0.6106,
        "pilot_skill": 0.9669,
        "mission_priority": 0.6707,
        "estimated_landing_time": 852.0,
        "wait_time": 0,
        "Landing_success_rate": 1.0
    },
    {
        "model": 1,
        "sequence": 24,
        "status": 1,
        "fuel": 7178,
        "fault": 0.1808,
        "weapon": 0,
        "pilot_injury": 0.5656,
        "pilot_skill": 0.1284,
        "mission_priority": 0.499,
        "estimated_landing_time": 2262.0,
        "wait_time": 0,
        "Landing_success_rate": 1.0
    },
    {
        "model": 2,
        "sequence": 6,
        "status": 1,
        "fuel": 6095,
        "fault": 0.8383,
        "weapon": 1,
        "pilot_injury": 0.6366,
        "pilot_skill": 0.298,
        "mission_priority": 0.1826,
        "estimated_landing_time": 570.0,
        "wait_time": 0,
        "Landing_success_rate": 1.0
    },
    {
        "model": 0,
        "sequence": 25,
        "status": 1,
        "fuel": 6353,
        "fault": 0.7384,
        "weapon": 1,
        "pilot_injury": 0.0799,
        "pilot_skill": 0.0006,
        "mission_priority": 0.6083,
        "estimated_landing_time": 2356.0,
        "wait_time": 0,
        "Landing_success_rate": 1.0
    },
    {
        "model": 2,
        "sequence": 4,
        "status": 1,
        "fuel": 5578,
        "fault": 0.9167,
        "weapon": 1,
        "pilot_injury": 0.3752,
        "pilot_skill": 0.486,
        "mission_priority": 0.4071,
        "estimated_landing_time": 382.0,
        "wait_time": 0,
        "Landing_success_rate": 1.0
    },
    {
        "model": 1,
        "sequence": 22,
        "status": 1,
        "fuel": 5978,
        "fault": 0.3568,
        "weapon": 0,
        "pilot_injury": 0.9638,
        "pilot_skill": 0.9361,
        "mission_priority": 0.848,
        "estimated_landing_time": 2074.0,
        "wait_time": 0,
        "Landing_success_rate": 1.0
    },
    {
        "model": 0,
        "sequence": 23,
        "status": 1,
        "fuel": 6630,
        "fault": 0.3941,
        "weapon": 0,
        "pilot_injury": 0.5364,
        "pilot_skill": 0.7421,
        "mission_priority": 0.6961,
        "estimated_landing_time": 2168.0,
        "wait_time": 0,
        "Landing_success_rate": 1.0
    },
    {
        "model": 0,
        "sequence": 19,
        "status": 1,
        "fuel": 6329,
        "fault": 0.4804,
        "weapon": 0,
        "pilot_injury": 0.9979,
        "pilot_skill": 0.3485,
        "mission_priority": 0.833,
        "estimated_landing_time": 1792.0,
        "wait_time": 0,
        "Landing_success_rate": 1.0
    },
    {
        "model": 0,
        "sequence": 26,
        "status": 1,
        "fuel": 6015,
        "fault": 0.8943,
        "weapon": 1,
        "pilot_injury": 0.3258,
        "pilot_skill": 0.7856,
        "mission_priority": 0.9004,
        "estimated_landing_time": 2450.0,
        "wait_time": 0,
        "Landing_success_rate": 1.0
    },
    {
        "model": 2,
        "sequence": 3,
        "status": 1,
        "fuel": 6185,
        "fault": 0.9632,
        "weapon": 0,
        "pilot_injury": 0.3921,
        "pilot_skill": 0.9895,
        "mission_priority": 0.4788,
        "estimated_landing_time": 288.0,
        "wait_time": 0,
        "Landing_success_rate": 1.0
    },
    {
        "model": 0,
        "sequence": 18,
        "status": 1,
        "fuel": 5716,
        "fault": 0.9836,
        "weapon": 0,
        "pilot_injury": 0.6538,
        "pilot_skill": 0.0761,
        "mission_priority": 0.6036,
        "estimated_landing_time": 1698.0,
        "wait_time": 0,
        "Landing_success_rate": 1.0
    },
    {
        "model": 0,
        "sequence": 29,
        "status": 1,
        "fuel": 7261,
        "fault": 0.4343,
        "weapon": 1,
        "pilot_injury": 0.0677,
        "pilot_skill": 0.9934,
        "mission_priority": 0.6987,
        "estimated_landing_time": 2732.0,
        "wait_time": 0,
        "Landing_success_rate": 1.0
    },
    {
        "model": 1,
        "sequence": 2,
        "status": 1,
        "fuel": 6634,
        "fault": 0.5374,
        "weapon": 1,
        "pilot_injury": 0.1713,
        "pilot_skill": 0.8382,
        "mission_priority": 0.0216,
        "estimated_landing_time": 194.0,
        "wait_time": 0,
        "Landing_success_rate": 1.0
    },
    {
        "model": 0,
        "sequence": 16,
        "status": 1,
        "fuel": 6172,
        "fault": 0.3809,
        "weapon": 0,
        "pilot_injury": 0.5861,
        "pilot_skill": 0.7827,
        "mission_priority": 0.7462,
        "estimated_landing_time": 1510.0,
        "wait_time": 0,
        "Landing_success_rate": 1.0
    },
    {
        "model": 2,
        "sequence": 13,
        "status": 1,
        "fuel": 7148,
        "fault": 0.2131,
        "weapon": 0,
        "pilot_injury": 0.227,
        "pilot_skill": 0.5534,
        "mission_priority": 0.6443,
        "estimated_landing_time": 1228.0,
        "wait_time": 0,
        "Landing_success_rate": 1.0
    },
    {
        "model": 1,
        "sequence": 8,
        "status": 1,
        "fuel": 7175,
        "fault": 0.9762,
        "weapon": 0,
        "pilot_injury": 0.3357,
        "pilot_skill": 0.6389,
        "mission_priority": 0.1907,
        "estimated_landing_time": 758.0,
        "wait_time": 0,
        "Landing_success_rate": 1.0
    }
]