[
    {
        "model": 1,
        "sequence": 21,
        "status": 1,
        "fuel": 6331,
        "fault": 0.5454,
        "weapon": 1,
        "pilot_injury": 0.432,
        "pilot_skill": 0.999,
        "mission_priority": 0.2203,
        "estimated_landing_time": 1980.0,
        "wait_time": 0,
        "Landing_success_rate": 1.0
    },
    {
        "model": 0,
        "sequence": 26,
        "status": 1,
        "fuel": 5515,
        "fault": 0.1043,
        "weapon": 0,
        "pilot_injury": 0.4885,
        "pilot_skill": 0.5242,
        "mission_priority": 0.6669,
        "estimated_landing_time": 2450.0,
        "wait_time": 0,
        "Landing_success_rate": 1.0
    },
    {
        "model": 2,
        "sequence": 3,
        "status": 1,
        "fuel": 6987,
        "fault": 0.1067,
        "weapon": 0,
        "pilot_injury": 0.4357,
        "pilot_skill": 0.1291,
        "mission_priority": 0.7423,
        "estimated_landing_time": 288.0,
        "wait_time": 0,
        "Landing_success_rate": 1.0
    },
    {
        "model": 2,
        "sequence": 9,
        "status": 1,
        "fuel": 6712,
        "fault": 0.0753,
        "weapon": 1,
        "pilot_injury": 0.6215,
        "pilot_skill": 0.2199,
        "mission_priority": 0.4448,
        "estimated_landing_time": 852.0,
        "wait_time": 0,
        "Landing_success_rate": 1.0
    },
    {
        "model": 0,
        "sequence": 10,
        "status": 1,
        "fuel": 7082,
        "fault": 0.26,
        "weapon": 1,
        "pilot_injury": 0.3867,
        "pilot_skill": 0.8211,
        "mission_priority": 0.9695,
        "estimated_landing_time": 946.0,
        "wait_time": 0,
        "Landing_success_rate": 1.0
    },
    {
        "model": 1,
        "sequence": 29,
        "status": 1,
        "fuel": 5723,
        "fault": 0.7104,
        "weapon": 0,
        "pilot_injury": 0.5722,
        "pilot_skill": 0.9323,
        "mission_priority": 0.8582,
        "estimated_landing_time": 2732.0,
        "wait_time": 0,
        "Landing_success_rate": 1.0
    },
    {
        "model": 2,
        "sequence": 18,
        "status": 1,
        "fuel": 6517,
        "fault": 0.341,
        "weapon": 1,
        "pilot_injury": 0.464,
        "pilot_skill": 0.7891,
        "mission_priority": 0.6029,
        "estimated_landing_time": 1698.0,
        "wait_time": 0,
        "Landing_success_rate": 1.0
    },
    {
        "model": 1,
        "sequence": 30,
        "status": 1,
        "fuel": 7046,
        "fault": 0.0246,
        "weapon": 1,
        "pilot_injury": 0.075,
        "pilot_skill": 0.223,
        "mission_priority": 0.4079,
        "estimated_landing_time": 2826.0,
        "wait_time": 0,
        "Landing_success_rate": 1.0
    },
    {
        "model": 2,
        "sequence": 12,
        "status": 1,
        "fuel": 6625,
        "fault": 0.9756,
        "weapon": 0,
        "pilot_injury": 0.0918,
        "pilot_skill": 0.681,
        "mission_priority": 0.8793,
        "estimated_landing_time": 1134.0,
        "wait_time": 0,
        "Landing_success_rate": 1.0
    },
    {
        "model": 0,
        "sequence": 7,
        "status": 1,
        "fuel": 5946,
        "fault": 0.1283,
        "weapon": 0,
        "pilot_injury": 0.2551,
        "pilot_skill": 0.7679,
        "mission_priority": 0.7518,
        "estimated_landing_time": 664.0,
        "wait_time": 0,
        "Landing_success_rate": 1.0
    },
    {
        "model": 1,
        "sequence": 19,
        "status": 1,
        "fuel": 6095,
        "fault": 0.0399,
        "weapon": 0,
        "pilot_injury": 0.097,
        "pilot_skill": 0.0642,
        "mission_priority": 0.5927,
        "estimated_landing_time": 1792.0,
        "wait_time": 0,
        "Landing_success_rate": 1.0
    },
    {
        "model": 1,
        "sequence": 27,
        "status": 1,
        "fuel": 6469,
        "fault": 0.0551,
        "weapon": 1,
        "pilot_injury": 0.4636,
        "pilot_skill": 0.7843,
        "mission_priority": 0.9469,
        "estimated_landing_time": 2544.0,
        "wait_time": 0,
        "Landing_success_rate": 1.0
    },
    {
        "model": 1,
        "sequence": 24,
        "status": 1,
        "fuel": 6637,
        "fault": 0.3117,
        "weapon": 1,
        "pilot_injury": 0.9315,
        "pilot_skill": 0.3382,
        "mission_priority": 0.9139,
        "estimated_landing_time": 2262.0,
        "wait_time": 0,
        "Landing_success_rate": 1.0
    },
    {
        "model": 2,
        "sequence": 16,
        "status": 1,
        "fuel": 5886,
        "fault": 0.4779,
        "weapon": 1,
        "pilot_injury": 0.8169,
        "pilot_skill": 0.7495,
        "mission_priority": 0.6995,
        "estimated_landing_time": 1510.0,
        "wait_time": 0,
        "Landing_success_rate": 1.0
    },
    {
        "model": 2,
        "sequence": 4,
        "status": 1,
        "fuel": 5754,
        "fault": 0.2681,
        "weapon": 1,
        "pilot_injury": 0.3431,
        "pilot_skill": 0.6669,
        "mission_priority": 0.1025,
        "estimated_landing_time": 382.0,
        "wait_time": 0,
        "Landing_success_rate": 1.0
    },
    {
        "model": 2,
        "sequence": 1,
        "status": 1,
        "fuel": 7179,
        "fault": 0.5977,
        "weapon": 1,
        "pilot_injury": 0.7157,
        "pilot_skill": 0.9728,
        "mission_priority": 0.9831,
        "estimated_landing_time": 100.0,
        "wait_time": 0,
        "Landing_success_rate": 1.0
    },
    {
        "model": 0,
        "sequence": 5,
        "status": 1,
        "fuel": 6246,
        "fault": 0.077,
        "weapon": 1,
        "pilot_injury": 0.7368,
        "pilot_skill": 0.501,
        "mission_priority": 0.5728,
        "estimated_landing_time": 476.0,
        "wait_time": 0,
        "Landing_success_rate": 1.0
    },
    {
        "model": 2,
        "sequence": 8,
        "status": 1,
        "fuel": 5857,
        "fault": 0.8388,
        "weapon": 0,
        "pilot_injury": 0.3519,
        "pilot_skill": 0.4461,
        "mission_priority": 0.6717,
        "estimated_landing_time": 758.0,
        "wait_time": 0,
        "Landing_success_rate": 1.0
    },
    {
        "model": 0,
        "sequence": 17,
        "status": 1,
        "fuel": 5985,
        "fault": 0.1019,
        "weapon": 0,
        "pilot_injury": 0.631,
        "pilot_skill": 0.025,
        "mission_priority": 0.7207,
        "estimated_landing_time": 1604.0,
        "wait_time": 0,
        "Landing_success_rate": 1.0
    },
    {
        "model": 1,
        "sequence": 15,
        "status": 1,
        "fuel": 5763,
        "fault": 0.8437,
        "weapon": 0,
        "pilot_injury": 0.6319,
        "pilot_skill": 0.5271,
        "mission_priority": 0.5825,
        "estimated_landing_time": 1416.0,
        "wait_time": 0,
        "Landing_success_rate": 1.0
    },
    {
        "model": 1,
        "sequence": 20,
        "status": 1,
        "fuel": 7129,
        "fault": 0.7566,
        "weapon": 0,
        "pilot_injury": 0.7275,
        "pilot_skill": 0.8696,
        "mission_priority": 0.1894,
        "estimated_landing_time": 1886.0,
        "wait_time": 0,
        "Landing_success_rate": 1.0
    },
    {
        "model": 0,
        "sequence": 22,
        "status": 1,
        "fuel": 6048,
        "fault": 0.057,
        "weapon": 0,
        "pilot_injury": 0.3966,
        "pilot_skill": 0.1249,
        "mission_priority": 0.5254,
        "estimated_landing_time": 2074.0,
        "wait_time": 0,
        "Landing_success_rate": 1.0
    },
    {
        "model": 2,
        "sequence": 2,
        "status": 1,
        "fuel": 5931,
        "fault": 0.5728,
        "weapon": 1,
        "pilot_injury": 0.9983,
        "pilot_skill": 0.5414,
        "mission_priority": 0.2841,
        "estimated_landing_time": 194.0,
        "wait_time": 0,
        "Landing_success_rate": 1.0
    },
    {
        "model": 0,
        "sequence": 25,
        "status": 1,
        "fuel": 6102,
        "fault": 0.2742,
        "weapon": 1,
        "pilot_injury": 0.4407,
        "pilot_skill": 0.2604,
        "mission_priority": 0.8384,
        "estimated_landing_time": 2356.0,
        "wait_time": 0,
        "Landing_success_rate": 1.0
    },
    {
        "model": 1,
        "sequence": 28,
        "status": 1,
        "fuel": 6339,
        "fault": 0.7417,
        "weapon": 0,
        "pilot_injury": 0.8931,
        "pilot_skill": 0.6894,
        "mission_priority": 0.2838,
        "estimated_landing_time": 2638.0,
        "wait_time": 0,
        "Landing_success_rate": 1.0
    },
    {
        "model": 1,
        "sequence": 14,
        "status": 1,
        "fuel": 6581,
        "fault": 0.1299,
        "weapon": 0,
        "pilot_injury": 0.7592,
        "pilot_skill": 0.6197,
        "mission_priority": 0.0774,
        "estimated_landing_time": 1322.0,
        "wait_time": 0,
        "Landing_success_rate": 1.0
    },
    {
        "model": 0,
        "sequence": 23,
        "status": 1,
        "fuel": 6949,
        "fault": 0.1841,
        "weapon": 1,
        "pilot_injury": 0.3286,
        "pilot_skill": 0.6023,
        "mission_priority": 0.3223,
        "estimated_landing_time": 2168.0,
        "wait_time": 0,
        "Landing_success_rate": 1.0
    },
    {
        "model": 2,
        "sequence": 6,
        "status": 1,
        "fuel": 6064,
        "fault": 0.7815,
        "weapon": 1,
        "pilot_injury": 0.6604,
        "pilot_skill": 0.8092,
        "mission_priority": 0.6728,
        "estimated_landing_time": 570.0,
        "wait_time": 0,
        "Landing_success_rate": 1.0
    },
    {
        "model": 2,
        "sequence": 11,
        "status": 1,
        "fuel": 5903,
        "fault": 0.8509,
        "weapon": 1,
        "pilot_injury": 0.2999,
        "pilot_skill": 0.0192,
        "mission_priority": 0.432,
        "estimated_landing_time": 1040.0,
        "wait_time": 0,
        "Landing_success_rate": 1.0
    },
    {
        "model": 0,
        "sequence": 13,
        "status": 1,
        "fuel": 5616,
        "fault": 0.0334,
        "weapon": 1,
        "pilot_injury": 0.2099,
        "pilot_skill": 0.7889,
        "mission_priority": 0.7746,
        "estimated_landing_time": 1228.0,
        "wait_time": 0,
        "Landing_success_rate": 1.0
    }
]