[
    {
        "model": 2,
        "sequence": 13,
        "status": 1,
        "fuel": 6917,
        "fault": 0.778,
        "weapon": 0,
        "pilot_injury": 0.0508,
        "pilot_skill": 0.4683,
        "mission_priority": 0.8531,
        "estimated_landing_time": 1228.0,
        "wait_time": 0,
        "Landing_success_rate": 1.0
    },
    {
        "model": 2,
        "sequence": 22,
        "status": 1,
        "fuel": 5725,
        "fault": 0.7104,
        "weapon": 1,
        "pilot_injury": 0.1252,
        "pilot_skill": 0.3821,
        "mission_priority": 0.0282,
        "estimated_landing_time": 2074.0,
        "wait_time": 0,
        "Landing_success_rate": 1.0
    },
    {
        "model": 1,
        "sequence": 4,
        "status": 1,
        "fuel": 6966,
        "fault": 0.6664,
        "weapon": 1,
        "pilot_injury": 0.6311,
        "pilot_skill": 0.7149,
        "mission_priority": 0.4298,
        "estimated_landing_time": 382.0,
        "wait_time": 0,
        "Landing_success_rate": 1.0
    },
    {
        "model": 0,
        "sequence": 5,
        "status": 1,
        "fuel": 5828,
        "fault": 0.1748,
        "weapon": 0,
        "pilot_injury": 0.9645,
        "pilot_skill": 0.2894,
        "mission_priority": 0.4796,
        "estimated_landing_time": 476.0,
        "wait_time": 0,
        "Landing_success_rate": 1.0
    },
    {
        "model": 1,
        "sequence": 1,
        "status": 1,
        "fuel": 5628,
        "fault": 0.6734,
        "weapon": 0,
        "pilot_injury": 0.4127,
        "pilot_skill": 0.1005,
        "mission_priority": 0.5092,
        "estimated_landing_time": 100.0,
        "wait_time": 0,
        "Landing_success_rate": 1.0
    },
    {
        "model": 0,
        "sequence": 30,
        "status": 1,
        "fuel": 6816,
        "fault": 0.2483,
        "weapon": 1,
        "pilot_injury": 0.2207,
        "pilot_skill": 0.5333,
        "mission_priority": 0.996,
        "estimated_landing_time": 2826.0,
        "wait_time": 0,
        "Landing_success_rate": 1.0
    },
    {
        "model": 0,
        "sequence": 21,
        "status": 1,
        "fuel": 7349,
        "fault": 0.2121,
        "weapon": 0,
        "pilot_injury": 0.6353,
        "pilot_skill": 0.0416,
        "mission_priority": 0.2068,
        "estimated_landing_time": 1980.0,
        "wait_time": 0,
        "Landing_success_rate": 1.0
    },
    {
        "model": 0,
        "sequence": 12,
        "status": 1,
        "fuel": 5798,
        "fault": 0.3661,
        "weapon": 0,
        "pilot_injury": 0.9656,
        "pilot_skill": 0.3416,
        "mission_priority": 0.3385,
        "estimated_landing_time": 1134.0,
        "wait_time": 0,
        "Landing_success_rate": 1.0
    },
    {
        "model": 1,
        "sequence": 11,
        "status": 1,
        "fuel": 6738,
        "fault": 0.998,
        "weapon": 0,
        "pilot_injury": 0.8254,
        "pilot_skill": 0.1466,
        "mission_priority": 0.1597,
        "estimated_landing_time": 1040.0,
        "wait_time": 0,
        "Landing_success_rate": 1.0
    },
    {
        "model": 0,
        "sequence": 19,
        "status": 1,
        "fuel": 6857,
        "fault": 0.742,
        "weapon": 1,
        "pilot_injury": 0.0449,
        "pilot_skill": 0.6225,
        "mission_priority": 0.3089,
        "estimated_landing_time": 1792.0,
        "wait_time": 0,
        "Landing_success_rate": 1.0
    },
    {
        "model": 1,
        "sequence": 3,
        "status": 1,
        "fuel": 6916,
        "fault": 0.6237,
        "weapon": 0,
        "pilot_injury": 0.8109,
        "pilot_skill": 0.4004,
        "mission_priority": 0.9472,
        "estimated_landing_time": 288.0,
        "wait_time": 0,
        "Landing_success_rate": 1.0
    },
    {
        "model": 2,
        "sequence": 7,
        "status": 1,
        "fuel": 5697,
        "fault": 0.5202,
        "weapon": 1,
        "pilot_injury": 0.4839,
        "pilot_skill": 0.8975,
        "mission_priority": 0.9078,
        "estimated_landing_time": 664.0,
        "wait_time": 0,
        "Landing_success_rate": 1.0
    },
    {
        "model": 0,
        "sequence": 20,
        "status": 1,
        "fuel": 6179,
        "fault": 0.3415,
        "weapon": 0,
        "pilot_injury": 0.8255,
        "pilot_skill": 0.7913,
        "mission_priority": 0.2009,
        "estimated_landing_time": 1886.0,
        "wait_time": 0,
        "Landing_success_rate": 1.0
    },
    {
        "model": 0,
        "sequence": 15,
        "status": 1,
        "fuel": 6225,
        "fault": 0.9682,
        "weapon": 0,
        "pilot_injury": 0.2892,
        "pilot_skill": 0.9523,
        "mission_priority": 0.0499,
        "estimated_landing_time": 1416.0,
        "wait_time": 0,
        "Landing_success_rate": 1.0
    },
    {
        "model": 2,
        "sequence": 16,
        "status": 1,
        "fuel": 6508,
        "fault": 0.377,
        "weapon": 0,
        "pilot_injury": 0.5758,
        "pilot_skill": 0.6452,
        "mission_priority": 0.017,
        "estimated_landing_time": 1510.0,
        "wait_time": 0,
        "Landing_success_rate": 1.0
    },
    {
        "model": 2,
        "sequence": 23,
        "status": 1,
        "fuel": 5719,
        "fault": 0.5365,
        "weapon": 0,
        "pilot_injury": 0.1431,
        "pilot_skill": 0.014,
        "mission_priority": 0.5669,
        "estimated_landing_time": 2168.0,
        "wait_time": 0,
        "Landing_success_rate": 1.0
    },
    {
        "model": 0,
        "sequence": 27,
        "status": 1,
        "fuel": 6238,
        "fault": 0.0495,
        "weapon": 0,
        "pilot_injury": 0.8227,
        "pilot_skill": 0.0133,
        "mission_priority": 0.542,
        "estimated_landing_time": 2544.0,
        "wait_time": 0,
        "Landing_success_rate": 1.0
    },
    {
        "model": 2,
        "sequence": 25,
        "status": 1,
        "fuel": 6360,
        "fault": 0.7137,
        "weapon": 0,
        "pilot_injury": 0.0722,
        "pilot_skill": 0.6844,
        "mission_priority": 0.5032,
        "estimated_landing_time": 2356.0,
        "wait_time": 0,
        "Landing_success_rate": 1.0
    },
    {
        "model": 1,
        "sequence": 29,
        "status": 1,
        "fuel": 6427,
        "fault": 0.2102,
        "weapon": 0,
        "pilot_injury": 0.1494,
        "pilot_skill": 0.6483,
        "mission_priority": 0.1724,
        "estimated_landing_time": 2732.0,
        "wait_time": 0,
        "Landing_success_rate": 1.0
    },
    {
        "model": 1,
        "sequence": 24,
        "status": 1,
        "fuel": 5512,
        "fault": 0.213,
        "weapon": 1,
        "pilot_injury": 0.1572,
        "pilot_skill": 0.9623,
        "mission_priority": 0.5184,
        "estimated_landing_time": 2262.0,
        "wait_time": 0,
        "Landing_success_rate": 1.0
    },
    {
        "model": 0,
        "sequence": 8,
        "status": 1,
        "fuel": 5760,
        "fault": 0.5849,
        "weapon": 0,
        "pilot_injury": 0.2532,
        "pilot_skill": 0.8037,
        "mission_priority": 0.8178,
        "estimated_landing_time": 758.0,
        "wait_time": 0,
        "Landing_success_rate": 1.0
    },
    {
        "model": 1,
        "sequence": 9,
        "status": 1,
        "fuel": 6320,
        "fault": 0.9344,
        "weapon": 0,
        "pilot_injury": 0.455,
        "pilot_skill": 0.7535,
        "mission_priority": 0.1325,
        "estimated_landing_time": 852.0,
        "wait_time": 0,
        "Landing_success_rate": 1.0
    },
    {
        "model": 1,
        "sequence": 26,
        "status": 1,
        "fuel": 7469,
        "fault": 0.6693,
        "weapon": 1,
        "pilot_injury": 0.0895,
        "pilot_skill": 0.418,
        "mission_priority": 0.8533,
        "estimated_landing_time": 2450.0,
        "wait_time": 0,
        "Landing_success_rate": 1.0
    },
    {
        "model": 0,
        "sequence": 10,
        "status": 1,
        "fuel": 6050,
        "fault": 0.9631,
        "weapon": 1,
        "pilot_injury": 0.0907,
        "pilot_skill": 0.2627,
        "mission_priority": 0.8748,
        "estimated_landing_time": 946.0,
        "wait_time": 0,
        "Landing_success_rate": 1.0
    },
    {
        "model": 2,
        "sequence": 28,
        "status": 1,
        "fuel": 6148,
        "fault": 0.1019,
        "weapon": 0,
        "pilot_injury": 0.1012,
        "pilot_skill": 0.6231,
        "mission_priority": 0.3561,
        "estimated_landing_time": 2638.0,
        "wait_time": 0,
        "Landing_success_rate": 1.0
    },
    {
        "model": 0,
        "sequence": 18,
        "status": 1,
        "fuel": 6509,
        "fault": 0.6968,
        "weapon": 0,
        "pilot_injury": 0.6392,
        "pilot_skill": 0.2357,
        "mission_priority": 0.7137,
        "estimated_landing_time": 1698.0,
        "wait_time": 0,
        "Landing_success_rate": 1.0
    },
    {
        "model": 1,
        "sequence": 14,
        "status": 1,
        "fuel": 6803,
        "fault": 0.8022,
        "weapon": 1,
        "pilot_injury": 0.8666,
        "pilot_skill": 0.5936,
        "mission_priority": 0.1271,
        "estimated_landing_time": 1322.0,
        "wait_time": 0,
        "Landing_success_rate": 1.0
    },
    {
        "model": 0,
        "sequence": 6,
        "status": 1,
        "fuel": 6027,
        "fault": 0.4513,
        "weapon": 1,
        "pilot_injury": 0.7003,
        "pilot_skill": 0.7589,
        "mission_priority": 0.1058,
        "estimated_landing_time": 570.0,
        "wait_time": 0,
        "Landing_success_rate": 1.0
    },
    {
        "model": 0,
        "sequence": 17,
        "status": 1,
        "fuel": 5932,
        "fault": 0.0789,
        "weapon": 0,
        "pilot_injury": 0.9362,
        "pilot_skill": 0.5135,
        "mission_priority": 0.9503,
        "estimated_landing_time": 1604.0,
        "wait_time": 0,
        "Landing_success_rate": 1.0
    },
    {
        "model": 1,
        "sequence": 2,
        "status": 1,
        "fuel": 5897,
        "fault": 0.5293,
        "weapon": 1,
        "pilot_injury": 0.8482,
        "pilot_skill": 0.493,
        "mission_priority": 0.4719,
        "estimated_landing_time": 194.0,
        "wait_time": 0,
        "Landing_success_rate": 1.0
    }
]