[
    {
        "model": 1,
        "sequence": 4,
        "status": 1,
        "fuel": 6861,
        "fault": 0.7865,
        "weapon": 0,
        "pilot_injury": 0.904,
        "pilot_skill": 0.3202,
        "mission_priority": 0.6703,
        "estimated_landing_time": 382.0,
        "wait_time": 0,
        "Landing_success_rate": 1.0
    },
    {
        "model": 1,
        "sequence": 29,
        "status": 1,
        "fuel": 6283,
        "fault": 0.7716,
        "weapon": 0,
        "pilot_injury": 0.3365,
        "pilot_skill": 0.2112,
        "mission_priority": 0.3132,
        "estimated_landing_time": 2732.0,
        "wait_time": 0,
        "Landing_success_rate": 1.0
    },
    {
        "model": 2,
        "sequence": 23,
        "status": 1,
        "fuel": 7354,
        "fault": 0.8882,
        "weapon": 1,
        "pilot_injury": 0.3972,
        "pilot_skill": 0.2453,
        "mission_priority": 0.4484,
        "estimated_landing_time": 2168.0,
        "wait_time": 0,
        "Landing_success_rate": 1.0
    },
    {
        "model": 0,
        "sequence": 10,
        "status": 1,
        "fuel": 5643,
        "fault": 0.0506,
        "weapon": 0,
        "pilot_injury": 0.9712,
        "pilot_skill": 0.438,
        "mission_priority": 0.861,
        "estimated_landing_time": 946.0,
        "wait_time": 0,
        "Landing_success_rate": 1.0
    },
    {
        "model": 2,
        "sequence": 7,
        "status": 1,
        "fuel": 7296,
        "fault": 0.0923,
        "weapon": 0,
        "pilot_injury": 0.6906,
        "pilot_skill": 0.5134,
        "mission_priority": 0.6506,
        "estimated_landing_time": 664.0,
        "wait_time": 0,
        "Landing_success_rate": 1.0
    },
    {
        "model": 0,
        "sequence": 20,
        "status": 1,
        "fuel": 7015,
        "fault": 0.1456,
        "weapon": 1,
        "pilot_injury": 0.9012,
        "pilot_skill": 0.7507,
        "mission_priority": 0.4886,
        "estimated_landing_time": 1886.0,
        "wait_time": 0,
        "Landing_success_rate": 1.0
    },
    {
        "model": 2,
        "sequence": 26,
        "status": 1,
        "fuel": 6540,
        "fault": 0.5273,
        "weapon": 1,
        "pilot_injury": 0.9836,
        "pilot_skill": 0.6674,
        "mission_priority": 0.0438,
        "estimated_landing_time": 2450.0,
        "wait_time": 0,
        "Landing_success_rate": 1.0
    },
    {
        "model": 2,
        "sequence": 24,
        "status": 1,
        "fuel": 7129,
        "fault": 0.1045,
        "weapon": 0,
        "pilot_injury": 0.0563,
        "pilot_skill": 0.0239,
        "mission_priority": 0.45,
        "estimated_landing_time": 2262.0,
        "wait_time": 0,
        "Landing_success_rate": 1.0
    },
    {
        "model": 0,
        "sequence": 30,
        "status": 1,
        "fuel": 7307,
        "fault": 0.0463,
        "weapon": 0,
        "pilot_injury": 0.2627,
        "pilot_skill": 0.1647,
        "mission_priority": 0.6891,
        "estimated_landing_time": 2826.0,
        "wait_time": 0,
        "Landing_success_rate": 1.0
    },
    {
        "model": 2,
        "sequence": 19,
        "status": 1,
        "fuel": 7250,
        "fault": 0.1199,
        "weapon": 0,
        "pilot_injury": 0.3196,
        "pilot_skill": 0.5918,
        "mission_priority": 0.0722,
        "estimated_landing_time": 1792.0,
        "wait_time": 0,
        "Landing_success_rate": 1.0
    },
    {
        "model": 0,
        "sequence": 3,
        "status": 1,
        "fuel": 6256,
        "fault": 0.8905,
        "weapon": 0,
        "pilot_injury": 0.8123,
        "pilot_skill": 0.7524,
        "mission_priority": 0.7533,
        "estimated_landing_time": 288.0,
        "wait_time": 0,
        "Landing_success_rate": 1.0
    },
    {
        "model": 1,
        "sequence": 14,
        "status": 1,
        "fuel": 5759,
        "fault": 0.1102,
        "weapon": 0,
        "pilot_injury": 0.477,
        "pilot_skill": 0.6423,
        "mission_priority": 0.0384,
        "estimated_landing_time": 1322.0,
        "wait_time": 0,
        "Landing_success_rate": 1.0
    },
    {
        "model": 1,
        "sequence": 15,
        "status": 1,
        "fuel": 6227,
        "fault": 0.8418,
        "weapon": 0,
        "pilot_injury": 0.5004,
        "pilot_skill": 0.3575,
        "mission_priority": 0.2774,
        "estimated_landing_time": 1416.0,
        "wait_time": 0,
        "Landing_success_rate": 1.0
    },
    {
        "model": 1,
        "sequence": 21,
        "status": 1,
        "fuel": 6731,
        "fault": 0.7265,
        "weapon": 1,
        "pilot_injury": 0.871,
        "pilot_skill": 0.3423,
        "mission_priority": 0.7698,
        "estimated_landing_time": 1980.0,
        "wait_time": 0,
        "Landing_success_rate": 1.0
    },
    {
        "model": 2,
        "sequence": 2,
        "status": 1,
        "fuel": 6504,
        "fault": 0.3223,
        "weapon": 1,
        "pilot_injury": 0.5278,
        "pilot_skill": 0.5176,
        "mission_priority": 0.5779,
        "estimated_landing_time": 194.0,
        "wait_time": 0,
        "Landing_success_rate": 1.0
    },
    {
        "model": 1,
        "sequence": 11,
        "status": 1,
        "fuel": 5914,
        "fault": 0.5227,
        "weapon": 0,
        "pilot_injury": 0.0736,
        "pilot_skill": 0.0534,
        "mission_priority": 0.9376,
        "estimated_landing_time": 1040.0,
        "wait_time": 0,
        "Landing_success_rate": 1.0
    },
    {
        "model": 0,
        "sequence": 5,
        "status": 1,
        "fuel": 6978,
        "fault": 0.5796,
        "weapon": 0,
        "pilot_injury": 0.4824,
        "pilot_skill": 0.0937,
        "mission_priority": 0.7681,
        "estimated_landing_time": 476.0,
        "wait_time": 0,
        "Landing_success_rate": 1.0
    },
    {
        "model": 1,
        "sequence": 9,
        "status": 1,
        "fuel": 6854,
        "fault": 0.1694,
        "weapon": 1,
        "pilot_injury": 0.3062,
        "pilot_skill": 0.8378,
        "mission_priority": 0.0724,
        "estimated_landing_time": 852.0,
        "wait_time": 0,
        "Landing_success_rate": 1.0
    },
    {
        "model": 1,
        "sequence": 6,
        "status": 1,
        "fuel": 6388,
        "fault": 0.1415,
        "weapon": 0,
        "pilot_injury": 0.593,
        "pilot_skill": 0.936,
        "mission_priority": 0.6781,
        "estimated_landing_time": 570.0,
        "wait_time": 0,
        "Landing_success_rate": 1.0
    },
    {
        "model": 2,
        "sequence": 28,
        "status": 1,
        "fuel": 6126,
        "fault": 0.8448,
        "weapon": 1,
        "pilot_injury": 0.344,
        "pilot_skill": 0.2773,
        "mission_priority": 0.9967,
        "estimated_landing_time": 2638.0,
        "wait_time": 0,
        "Landing_success_rate": 1.0
    },
    {
        "model": 0,
        "sequence": 22,
        "status": 1,
        "fuel": 5984,
        "fault": 0.0335,
        "weapon": 0,
        "pilot_injury": 0.3553,
        "pilot_skill": 0.0492,
        "mission_priority": 0.0311,
        "estimated_landing_time": 2074.0,
        "wait_time": 0,
        "Landing_success_rate": 1.0
    },
    {
        "model": 2,
        "sequence": 1,
        "status": 1,
        "fuel": 6186,
        "fault": 0.0065,
        "weapon": 1,
        "pilot_injury": 0.5374,
        "pilot_skill": 0.8408,
        "mission_priority": 0.0334,
        "estimated_landing_time": 100.0,
        "wait_time": 0,
        "Landing_success_rate": 1.0
    },
    {
        "model": 2,
        "sequence": 18,
        "status": 1,
        "fuel": 7241,
        "fault": 0.4372,
        "weapon": 1,
        "pilot_injury": 0.4473,
        "pilot_skill": 0.0724,
        "mission_priority": 0.9541,
        "estimated_landing_time": 1698.0,
        "wait_time": 0,
        "Landing_success_rate": 1.0
    },
    {
        "model": 0,
        "sequence": 16,
        "status": 1,
        "fuel": 6550,
        "fault": 0.6953,
        "weapon": 1,
        "pilot_injury": 0.4259,
        "pilot_skill": 0.9855,
        "mission_priority": 0.5541,
        "estimated_landing_time": 1510.0,
        "wait_time": 0,
        "Landing_success_rate": 1.0
    },
    {
        "model": 2,
        "sequence": 8,
        "status": 1,
        "fuel": 5518,
        "fault": 0.1774,
        "weapon": 1,
        "pilot_injury": 0.7482,
        "pilot_skill": 0.9031,
        "mission_priority": 0.1397,
        "estimated_landing_time": 758.0,
        "wait_time": 0,
        "Landing_success_rate": 1.0
    },
    {
        "model": 0,
        "sequence": 13,
        "status": 1,
        "fuel": 6571,
        "fault": 0.4216,
        "weapon": 0,
        "pilot_injury": 0.9337,
        "pilot_skill": 0.5424,
        "mission_priority": 0.5275,
        "estimated_landing_time": 1228.0,
        "wait_time": 0,
        "Landing_success_rate": 1.0
    },
    {
        "model": 1,
        "sequence": 25,
        "status": 1,
        "fuel": 7359,
        "fault": 0.9596,
        "weapon": 0,
        "pilot_injury": 0.8101,
        "pilot_skill": 0.0876,
        "mission_priority": 0.6338,
        "estimated_landing_time": 2356.0,
        "wait_time": 0,
        "Landing_success_rate": 1.0
    },
    {
        "model": 0,
        "sequence": 12,
        "status": 1,
        "fuel": 6992,
        "fault": 0.5164,
        "weapon": 0,
        "pilot_injury": 0.6653,
        "pilot_skill": 0.0787,
        "mission_priority": 0.6038,
        "estimated_landing_time": 1134.0,
        "wait_time": 0,
        "Landing_success_rate": 1.0
    },
    {
        "model": 0,
        "sequence": 17,
        "status": 1,
        "fuel": 7008,
        "fault": 0.1335,
        "weapon": 0,
        "pilot_injury": 0.3012,
        "pilot_skill": 0.4634,
        "mission_priority": 0.5994,
        "estimated_landing_time": 1604.0,
        "wait_time": 0,
        "Landing_success_rate": 1.0
    },
    {
        "model": 0,
        "sequence": 27,
        "status": 1,
        "fuel": 6292,
        "fault": 0.0464,
        "weapon": 0,
        "pilot_injury": 0.3026,
        "pilot_skill": 0.6624,
        "mission_priority": 0.1583,
        "estimated_landing_time": 2544.0,
        "wait_time": 0,
        "Landing_success_rate": 1.0
    }
]