[
    {
        "model": 1,
        "sequence": 11,
        "status": 1,
        "fuel": 6342,
        "fault": 0.9487,
        "weapon": 0,
        "pilot_injury": 0.8697,
        "pilot_skill": 0.6759,
        "mission_priority": 0.9936,
        "estimated_landing_time": 1040.0,
        "wait_time": 0,
        "Landing_success_rate": 1.0
    },
    {
        "model": 1,
        "sequence": 12,
        "status": 1,
        "fuel": 6118,
        "fault": 0.5127,
        "weapon": 0,
        "pilot_injury": 0.8772,
        "pilot_skill": 0.3953,
        "mission_priority": 0.4663,
        "estimated_landing_time": 1134.0,
        "wait_time": 0,
        "Landing_success_rate": 1.0
    },
    {
        "model": 1,
        "sequence": 18,
        "status": 1,
        "fuel": 7184,
        "fault": 0.9241,
        "weapon": 1,
        "pilot_injury": 0.1935,
        "pilot_skill": 0.892,
        "mission_priority": 0.0311,
        "estimated_landing_time": 1698.0,
        "wait_time": 0,
        "Landing_success_rate": 1.0
    },
    {
        "model": 1,
        "sequence": 14,
        "status": 1,
        "fuel": 5650,
        "fault": 0.7028,
        "weapon": 0,
        "pilot_injury": 0.6658,
        "pilot_skill": 0.0717,
        "mission_priority": 0.7062,
        "estimated_landing_time": 1322.0,
        "wait_time": 0,
        "Landing_success_rate": 1.0
    },
    {
        "model": 2,
        "sequence": 10,
        "status": 1,
        "fuel": 5552,
        "fault": 0.5665,
        "weapon": 0,
        "pilot_injury": 0.4659,
        "pilot_skill": 0.0935,
        "mission_priority": 0.7068,
        "estimated_landing_time": 946.0,
        "wait_time": 0,
        "Landing_success_rate": 1.0
    },
    {
        "model": 1,
        "sequence": 2,
        "status": 1,
        "fuel": 7207,
        "fault": 0.2729,
        "weapon": 0,
        "pilot_injury": 0.0157,
        "pilot_skill": 0.418,
        "mission_priority": 0.0856,
        "estimated_landing_time": 194.0,
        "wait_time": 0,
        "Landing_success_rate": 1.0
    },
    {
        "model": 1,
        "sequence": 1,
        "status": 1,
        "fuel": 5832,
        "fault": 0.9452,
        "weapon": 1,
        "pilot_injury": 0.6305,
        "pilot_skill": 0.5299,
        "mission_priority": 0.069,
        "estimated_landing_time": 100.0,
        "wait_time": 0,
        "Landing_success_rate": 1.0
    },
    {
        "model": 2,
        "sequence": 21,
        "status": 1,
        "fuel": 6689,
        "fault": 0.5744,
        "weapon": 1,
        "pilot_injury": 0.2592,
        "pilot_skill": 0.1223,
        "mission_priority": 0.9424,
        "estimated_landing_time": 1980.0,
        "wait_time": 0,
        "Landing_success_rate": 1.0
    },
    {
        "model": 0,
        "sequence": 20,
        "status": 1,
        "fuel": 6306,
        "fault": 0.713,
        "weapon": 1,
        "pilot_injury": 0.4904,
        "pilot_skill": 0.7727,
        "mission_priority": 0.1684,
        "estimated_landing_time": 1886.0,
        "wait_time": 0,
        "Landing_success_rate": 1.0
    },
    {
        "model": 1,
        "sequence": 13,
        "status": 1,
        "fuel": 6364,
        "fault": 0.0231,
        "weapon": 0,
        "pilot_injury": 0.5393,
        "pilot_skill": 0.8658,
        "mission_priority": 0.1321,
        "estimated_landing_time": 1228.0,
        "wait_time": 0,
        "Landing_success_rate": 1.0
    },
    {
        "model": 2,
        "sequence": 27,
        "status": 1,
        "fuel": 7365,
        "fault": 0.4493,
        "weapon": 0,
        "pilot_injury": 0.9371,
        "pilot_skill": 0.167,
        "mission_priority": 0.7176,
        "estimated_landing_time": 2544.0,
        "wait_time": 0,
        "Landing_success_rate": 1.0
    },
    {
        "model": 2,
        "sequence": 29,
        "status": 1,
        "fuel": 5850,
        "fault": 0.2516,
        "weapon": 1,
        "pilot_injury": 0.8612,
        "pilot_skill": 0.8131,
        "mission_priority": 0.0334,
        "estimated_landing_time": 2732.0,
        "wait_time": 0,
        "Landing_success_rate": 1.0
    },
    {
        "model": 0,
        "sequence": 16,
        "status": 1,
        "fuel": 7277,
        "fault": 0.2214,
        "weapon": 0,
        "pilot_injury": 0.3347,
        "pilot_skill": 0.5093,
        "mission_priority": 0.5323,
        "estimated_landing_time": 1510.0,
        "wait_time": 0,
        "Landing_success_rate": 1.0
    },
    {
        "model": 1,
        "sequence": 26,
        "status": 1,
        "fuel": 7323,
        "fault": 0.3574,
        "weapon": 1,
        "pilot_injury": 0.3683,
        "pilot_skill": 0.0456,
        "mission_priority": 0.3002,
        "estimated_landing_time": 2450.0,
        "wait_time": 0,
        "Landing_success_rate": 1.0
    },
    {
        "model": 1,
        "sequence": 17,
        "status": 1,
        "fuel": 5903,
        "fault": 0.0133,
        "weapon": 0,
        "pilot_injury": 0.2738,
        "pilot_skill": 0.1313,
        "mission_priority": 0.8192,
        "estimated_landing_time": 1604.0,
        "wait_time": 0,
        "Landing_success_rate": 1.0
    },
    {
        "model": 1,
        "sequence": 3,
        "status": 1,
        "fuel": 6942,
        "fault": 0.3295,
        "weapon": 1,
        "pilot_injury": 0.5064,
        "pilot_skill": 0.3809,
        "mission_priority": 0.44,
        "estimated_landing_time": 288.0,
        "wait_time": 0,
        "Landing_success_rate": 1.0
    },
    {
        "model": 2,
        "sequence": 22,
        "status": 1,
        "fuel": 5872,
        "fault": 0.9049,
        "weapon": 1,
        "pilot_injury": 0.1052,
        "pilot_skill": 0.769,
        "mission_priority": 0.6886,
        "estimated_landing_time": 2074.0,
        "wait_time": 0,
        "Landing_success_rate": 1.0
    },
    {
        "model": 1,
        "sequence": 24,
        "status": 1,
        "fuel": 6402,
        "fault": 0.7946,
        "weapon": 0,
        "pilot_injury": 0.4706,
        "pilot_skill": 0.2114,
        "mission_priority": 0.5366,
        "estimated_landing_time": 2262.0,
        "wait_time": 0,
        "Landing_success_rate": 1.0
    },
    {
        "model": 1,
        "sequence": 7,
        "status": 1,
        "fuel": 7023,
        "fault": 0.5885,
        "weapon": 0,
        "pilot_injury": 0.7313,
        "pilot_skill": 0.9893,
        "mission_priority": 0.2725,
        "estimated_landing_time": 664.0,
        "wait_time": 0,
        "Landing_success_rate": 1.0
    },
    {
        "model": 1,
        "sequence": 23,
        "status": 1,
        "fuel": 6931,
        "fault": 0.7666,
        "weapon": 0,
        "pilot_injury": 0.9693,
        "pilot_skill": 0.3187,
        "mission_priority": 0.4099,
        "estimated_landing_time": 2168.0,
        "wait_time": 0,
        "Landing_success_rate": 1.0
    },
    {
        "model": 1,
        "sequence": 4,
        "status": 1,
        "fuel": 7494,
        "fault": 0.5323,
        "weapon": 1,
        "pilot_injury": 0.8978,
        "pilot_skill": 0.5194,
        "mission_priority": 0.4668,
        "estimated_landing_time": 382.0,
        "wait_time": 0,
        "Landing_success_rate": 1.0
    },
    {
        "model": 0,
        "sequence": 15,
        "status": 1,
        "fuel": 6812,
        "fault": 0.0304,
        "weapon": 0,
        "pilot_injury": 0.4234,
        "pilot_skill": 0.1724,
        "mission_priority": 0.8157,
        "estimated_landing_time": 1416.0,
        "wait_time": 0,
        "Landing_success_rate": 1.0
    },
    {
        "model": 0,
        "sequence": 9,
        "status": 1,
        "fuel": 6324,
        "fault": 0.5288,
        "weapon": 1,
        "pilot_injury": 0.9499,
        "pilot_skill": 0.1148,
        "mission_priority": 0.9566,
        "estimated_landing_time": 852.0,
        "wait_time": 0,
        "Landing_success_rate": 1.0
    },
    {
        "model": 0,
        "sequence": 8,
        "status": 1,
        "fuel": 7239,
        "fault": 0.3711,
        "weapon": 1,
        "pilot_injury": 0.0348,
        "pilot_skill": 0.8889,
        "mission_priority": 0.6416,
        "estimated_landing_time": 758.0,
        "wait_time": 0,
        "Landing_success_rate": 1.0
    },
    {
        "model": 1,
        "sequence": 19,
        "status": 1,
        "fuel": 6596,
        "fault": 0.3991,
        "weapon": 1,
        "pilot_injury": 0.5083,
        "pilot_skill": 0.4105,
        "mission_priority": 0.8661,
        "estimated_landing_time": 1792.0,
        "wait_time": 0,
        "Landing_success_rate": 1.0
    },
    {
        "model": 1,
        "sequence": 28,
        "status": 1,
        "fuel": 6854,
        "fault": 0.324,
        "weapon": 1,
        "pilot_injury": 0.9401,
        "pilot_skill": 0.3823,
        "mission_priority": 0.447,
        "estimated_landing_time": 2638.0,
        "wait_time": 0,
        "Landing_success_rate": 1.0
    },
    {
        "model": 2,
        "sequence": 6,
        "status": 1,
        "fuel": 6229,
        "fault": 0.9,
        "weapon": 1,
        "pilot_injury": 0.3645,
        "pilot_skill": 0.7861,
        "mission_priority": 0.1216,
        "estimated_landing_time": 570.0,
        "wait_time": 0,
        "Landing_success_rate": 1.0
    },
    {
        "model": 2,
        "sequence": 5,
        "status": 1,
        "fuel": 6487,
        "fault": 0.2162,
        "weapon": 1,
        "pilot_injury": 0.0843,
        "pilot_skill": 0.62,
        "mission_priority": 0.1474,
        "estimated_landing_time": 476.0,
        "wait_time": 0,
        "Landing_success_rate": 1.0
    },
    {
        "model": 2,
        "sequence": 30,
        "status": 1,
        "fuel": 6628,
        "fault": 0.3468,
        "weapon": 1,
        "pilot_injury": 0.7821,
        "pilot_skill": 0.8123,
        "mission_priority": 0.162,
        "estimated_landing_time": 2826.0,
        "wait_time": 0,
        "Landing_success_rate": 1.0
    },
    {
        "model": 1,
        "sequence": 25,
        "status": 1,
        "fuel": 5798,
        "fault": 0.3678,
        "weapon": 1,
        "pilot_injury": 0.2396,
        "pilot_skill": 0.6214,
        "mission_priority": 0.1785,
        "estimated_landing_time": 2356.0,
        "wait_time": 0,
        "Landing_success_rate": 1.0
    }
]