[
    {
        "model": 2,
        "sequence": 5,
        "status": 1,
        "fuel": 5854,
        "fault": 0.9067,
        "weapon": 1,
        "pilot_injury": 0.7552,
        "pilot_skill": 0.2145,
        "mission_priority": 0.9774,
        "estimated_landing_time": 476.0,
        "wait_time": 0,
        "Landing_success_rate": 1.0
    },
    {
        "model": 2,
        "sequence": 27,
        "status": 1,
        "fuel": 7448,
        "fault": 0.4617,
        "weapon": 1,
        "pilot_injury": 0.4286,
        "pilot_skill": 0.8242,
        "mission_priority": 0.7662,
        "estimated_landing_time": 2544.0,
        "wait_time": 0,
        "Landing_success_rate": 1.0
    },
    {
        "model": 2,
        "sequence": 17,
        "status": 1,
        "fuel": 6572,
        "fault": 0.7126,
        "weapon": 1,
        "pilot_injury": 0.8356,
        "pilot_skill": 0.0182,
        "mission_priority": 0.8022,
        "estimated_landing_time": 1604.0,
        "wait_time": 0,
        "Landing_success_rate": 1.0
    },
    {
        "model": 1,
        "sequence": 9,
        "status": 1,
        "fuel": 7336,
        "fault": 0.1736,
        "weapon": 0,
        "pilot_injury": 0.0456,
        "pilot_skill": 0.3445,
        "mission_priority": 0.0878,
        "estimated_landing_time": 852.0,
        "wait_time": 0,
        "Landing_success_rate": 1.0
    },
    {
        "model": 1,
        "sequence": 20,
        "status": 1,
        "fuel": 7100,
        "fault": 0.5818,
        "weapon": 0,
        "pilot_injury": 0.5669,
        "pilot_skill": 0.1964,
        "mission_priority": 0.6548,
        "estimated_landing_time": 1886.0,
        "wait_time": 0,
        "Landing_success_rate": 1.0
    },
    {
        "model": 1,
        "sequence": 22,
        "status": 1,
        "fuel": 7442,
        "fault": 0.206,
        "weapon": 0,
        "pilot_injury": 0.1468,
        "pilot_skill": 0.6923,
        "mission_priority": 0.9114,
        "estimated_landing_time": 2074.0,
        "wait_time": 0,
        "Landing_success_rate": 1.0
    },
    {
        "model": 2,
        "sequence": 29,
        "status": 1,
        "fuel": 6058,
        "fault": 0.1049,
        "weapon": 0,
        "pilot_injury": 0.1707,
        "pilot_skill": 0.8668,
        "mission_priority": 0.3942,
        "estimated_landing_time": 2732.0,
        "wait_time": 0,
        "Landing_success_rate": 1.0
    },
    {
        "model": 2,
        "sequence": 19,
        "status": 1,
        "fuel": 5639,
        "fault": 0.2025,
        "weapon": 1,
        "pilot_injury": 0.3766,
        "pilot_skill": 0.5739,
        "mission_priority": 0.0272,
        "estimated_landing_time": 1792.0,
        "wait_time": 0,
        "Landing_success_rate": 1.0
    },
    {
        "model": 2,
        "sequence": 1,
        "status": 1,
        "fuel": 6080,
        "fault": 0.6538,
        "weapon": 1,
        "pilot_injury": 0.6779,
        "pilot_skill": 0.3534,
        "mission_priority": 0.8086,
        "estimated_landing_time": 100.0,
        "wait_time": 0,
        "Landing_success_rate": 1.0
    },
    {
        "model": 2,
        "sequence": 16,
        "status": 1,
        "fuel": 5606,
        "fault": 0.0665,
        "weapon": 0,
        "pilot_injury": 0.4725,
        "pilot_skill": 0.3408,
        "mission_priority": 0.9547,
        "estimated_landing_time": 1510.0,
        "wait_time": 0,
        "Landing_success_rate": 1.0
    },
    {
        "model": 0,
        "sequence": 6,
        "status": 1,
        "fuel": 6166,
        "fault": 0.1123,
        "weapon": 1,
        "pilot_injury": 0.5105,
        "pilot_skill": 0.1593,
        "mission_priority": 0.3722,
        "estimated_landing_time": 570.0,
        "wait_time": 0,
        "Landing_success_rate": 1.0
    },
    {
        "model": 0,
        "sequence": 23,
        "status": 1,
        "fuel": 7339,
        "fault": 0.762,
        "weapon": 0,
        "pilot_injury": 0.8165,
        "pilot_skill": 0.3004,
        "mission_priority": 0.434,
        "estimated_landing_time": 2168.0,
        "wait_time": 0,
        "Landing_success_rate": 1.0
    },
    {
        "model": 1,
        "sequence": 21,
        "status": 1,
        "fuel": 6817,
        "fault": 0.2415,
        "weapon": 1,
        "pilot_injury": 0.4702,
        "pilot_skill": 0.5302,
        "mission_priority": 0.264,
        "estimated_landing_time": 1980.0,
        "wait_time": 0,
        "Landing_success_rate": 1.0
    },
    {
        "model": 1,
        "sequence": 11,
        "status": 1,
        "fuel": 5514,
        "fault": 0.1403,
        "weapon": 1,
        "pilot_injury": 0.2991,
        "pilot_skill": 0.7584,
        "mission_priority": 0.2056,
        "estimated_landing_time": 1040.0,
        "wait_time": 0,
        "Landing_success_rate": 1.0
    },
    {
        "model": 2,
        "sequence": 13,
        "status": 1,
        "fuel": 7276,
        "fault": 0.3188,
        "weapon": 0,
        "pilot_injury": 0.537,
        "pilot_skill": 0.908,
        "mission_priority": 0.0585,
        "estimated_landing_time": 1228.0,
        "wait_time": 0,
        "Landing_success_rate": 1.0
    },
    {
        "model": 0,
        "sequence": 14,
        "status": 1,
        "fuel": 6629,
        "fault": 0.6928,
        "weapon": 1,
        "pilot_injury": 0.6604,
        "pilot_skill": 0.8334,
        "mission_priority": 0.7259,
        "estimated_landing_time": 1322.0,
        "wait_time": 0,
        "Landing_success_rate": 1.0
    },
    {
        "model": 0,
        "sequence": 25,
        "status": 1,
        "fuel": 5556,
        "fault": 0.2194,
        "weapon": 1,
        "pilot_injury": 0.3875,
        "pilot_skill": 0.6268,
        "mission_priority": 0.5535,
        "estimated_landing_time": 2356.0,
        "wait_time": 0,
        "Landing_success_rate": 1.0
    },
    {
        "model": 1,
        "sequence": 12,
        "status": 1,
        "fuel": 7360,
        "fault": 0.4705,
        "weapon": 1,
        "pilot_injury": 0.3513,
        "pilot_skill": 0.5728,
        "mission_priority": 0.868,
        "estimated_landing_time": 1134.0,
        "wait_time": 0,
        "Landing_success_rate": 1.0
    },
    {
        "model": 0,
        "sequence": 7,
        "status": 1,
        "fuel": 5736,
        "fault": 0.5042,
        "weapon": 0,
        "pilot_injury": 0.0671,
        "pilot_skill": 0.4216,
        "mission_priority": 0.3943,
        "estimated_landing_time": 664.0,
        "wait_time": 0,
        "Landing_success_rate": 1.0
    },
    {
        "model": 1,
        "sequence": 8,
        "status": 1,
        "fuel": 6153,
        "fault": 0.9589,
        "weapon": 0,
        "pilot_injury": 0.3057,
        "pilot_skill": 0.3654,
        "mission_priority": 0.3969,
        "estimated_landing_time": 758.0,
        "wait_time": 0,
        "Landing_success_rate": 1.0
    },
    {
        "model": 2,
        "sequence": 3,
        "status": 1,
        "fuel": 5624,
        "fault": 0.5587,
        "weapon": 0,
        "pilot_injury": 0.3165,
        "pilot_skill": 0.9663,
        "mission_priority": 0.1531,
        "estimated_landing_time": 288.0,
        "wait_time": 0,
        "Landing_success_rate": 1.0
    },
    {
        "model": 2,
        "sequence": 10,
        "status": 1,
        "fuel": 7230,
        "fault": 0.1859,
        "weapon": 0,
        "pilot_injury": 0.5818,
        "pilot_skill": 0.0995,
        "mission_priority": 0.3064,
        "estimated_landing_time": 946.0,
        "wait_time": 0,
        "Landing_success_rate": 1.0
    },
    {
        "model": 1,
        "sequence": 30,
        "status": 1,
        "fuel": 7362,
        "fault": 0.5046,
        "weapon": 0,
        "pilot_injury": 0.5419,
        "pilot_skill": 0.2198,
        "mission_priority": 0.6501,
        "estimated_landing_time": 2826.0,
        "wait_time": 0,
        "Landing_success_rate": 1.0
    },
    {
        "model": 2,
        "sequence": 2,
        "status": 1,
        "fuel": 6537,
        "fault": 0.8553,
        "weapon": 1,
        "pilot_injury": 0.2166,
        "pilot_skill": 0.8444,
        "mission_priority": 0.6316,
        "estimated_landing_time": 194.0,
        "wait_time": 0,
        "Landing_success_rate": 1.0
    },
    {
        "model": 2,
        "sequence": 15,
        "status": 1,
        "fuel": 6661,
        "fault": 0.0322,
        "weapon": 1,
        "pilot_injury": 0.2098,
        "pilot_skill": 0.1991,
        "mission_priority": 0.9406,
        "estimated_landing_time": 1416.0,
        "wait_time": 0,
        "Landing_success_rate": 1.0
    },
    {
        "model": 0,
        "sequence": 4,
        "status": 1,
        "fuel": 6282,
        "fault": 0.3604,
        "weapon": 1,
        "pilot_injury": 0.2389,
        "pilot_skill": 0.1186,
        "mission_priority": 0.8708,
        "estimated_landing_time": 382.0,
        "wait_time": 0,
        "Landing_success_rate": 1.0
    },
    {
        "model": 0,
        "sequence": 18,
        "status": 1,
        "fuel": 6212,
        "fault": 0.4388,
        "weapon": 0,
        "pilot_injury": 0.2776,
        "pilot_skill": 0.5704,
        "mission_priority": 0.2505,
        "estimated_landing_time": 1698.0,
        "wait_time": 0,
        "Landing_success_rate": 1.0
    },
    {
        "model": 0,
        "sequence": 28,
        "status": 1,
        "fuel": 7437,
        "fault": 0.2705,
        "weapon": 1,
        "pilot_injury": 0.6032,
        "pilot_skill": 0.1457,
        "mission_priority": 0.7265,
        "estimated_landing_time": 2638.0,
        "wait_time": 0,
        "Landing_success_rate": 1.0
    },
    {
        "model": 0,
        "sequence": 26,
        "status": 1,
        "fuel": 6486,
        "fault": 0.6753,
        "weapon": 1,
        "pilot_injury": 0.6466,
        "pilot_skill": 0.2719,
        "mission_priority": 0.3841,
        "estimated_landing_time": 2450.0,
        "wait_time": 0,
        "Landing_success_rate": 1.0
    },
    {
        "model": 0,
        "sequence": 24,
        "status": 1,
        "fuel": 6087,
        "fault": 0.9623,
        "weapon": 0,
        "pilot_injury": 0.5292,
        "pilot_skill": 0.01,
        "mission_priority": 0.3385,
        "estimated_landing_time": 2262.0,
        "wait_time": 0,
        "Landing_success_rate": 1.0
    }
]