[
    {
        "model": 2,
        "sequence": 15,
        "status": 1,
        "fuel": 6138,
        "fault": 0.6698,
        "weapon": 1,
        "pilot_injury": 0.6764,
        "pilot_skill": 0.301,
        "mission_priority": 0.184,
        "estimated_landing_time": 1416.0,
        "wait_time": 0,
        "Landing_success_rate": 1.0
    },
    {
        "model": 0,
        "sequence": 24,
        "status": 1,
        "fuel": 7376,
        "fault": 0.373,
        "weapon": 1,
        "pilot_injury": 0.2258,
        "pilot_skill": 0.6166,
        "mission_priority": 0.0403,
        "estimated_landing_time": 2262.0,
        "wait_time": 0,
        "Landing_success_rate": 1.0
    },
    {
        "model": 0,
        "sequence": 6,
        "status": 1,
        "fuel": 6744,
        "fault": 0.4503,
        "weapon": 0,
        "pilot_injury": 0.148,
        "pilot_skill": 0.9847,
        "mission_priority": 0.2091,
        "estimated_landing_time": 570.0,
        "wait_time": 0,
        "Landing_success_rate": 1.0
    },
    {
        "model": 1,
        "sequence": 3,
        "status": 1,
        "fuel": 6162,
        "fault": 0.9521,
        "weapon": 1,
        "pilot_injury": 0.7691,
        "pilot_skill": 0.4255,
        "mission_priority": 0.5654,
        "estimated_landing_time": 288.0,
        "wait_time": 0,
        "Landing_success_rate": 1.0
    },
    {
        "model": 2,
        "sequence": 20,
        "status": 1,
        "fuel": 6320,
        "fault": 0.3179,
        "weapon": 1,
        "pilot_injury": 0.4458,
        "pilot_skill": 0.8167,
        "mission_priority": 0.8852,
        "estimated_landing_time": 1886.0,
        "wait_time": 0,
        "Landing_success_rate": 1.0
    },
    {
        "model": 1,
        "sequence": 14,
        "status": 1,
        "fuel": 7255,
        "fault": 0.5054,
        "weapon": 0,
        "pilot_injury": 0.9132,
        "pilot_skill": 0.388,
        "mission_priority": 0.8296,
        "estimated_landing_time": 1322.0,
        "wait_time": 0,
        "Landing_success_rate": 1.0
    },
    {
        "model": 0,
        "sequence": 1,
        "status": 1,
        "fuel": 5696,
        "fault": 0.977,
        "weapon": 1,
        "pilot_injury": 0.7514,
        "pilot_skill": 0.9413,
        "mission_priority": 0.6766,
        "estimated_landing_time": 100.0,
        "wait_time": 0,
        "Landing_success_rate": 1.0
    },
    {
        "model": 1,
        "sequence": 10,
        "status": 1,
        "fuel": 6089,
        "fault": 0.0992,
        "weapon": 1,
        "pilot_injury": 0.2756,
        "pilot_skill": 0.3322,
        "mission_priority": 0.7008,
        "estimated_landing_time": 946.0,
        "wait_time": 0,
        "Landing_success_rate": 1.0
    },
    {
        "model": 2,
        "sequence": 4,
        "status": 1,
        "fuel": 6723,
        "fault": 0.9237,
        "weapon": 0,
        "pilot_injury": 0.2048,
        "pilot_skill": 0.798,
        "mission_priority": 0.7385,
        "estimated_landing_time": 382.0,
        "wait_time": 0,
        "Landing_success_rate": 1.0
    },
    {
        "model": 1,
        "sequence": 27,
        "status": 1,
        "fuel": 7296,
        "fault": 0.3991,
        "weapon": 1,
        "pilot_injury": 0.2828,
        "pilot_skill": 0.3045,
        "mission_priority": 0.9829,
        "estimated_landing_time": 2544.0,
        "wait_time": 0,
        "Landing_success_rate": 1.0
    },
    {
        "model": 2,
        "sequence": 19,
        "status": 1,
        "fuel": 7437,
        "fault": 0.047,
        "weapon": 1,
        "pilot_injury": 0.9766,
        "pilot_skill": 0.3772,
        "mission_priority": 0.8018,
        "estimated_landing_time": 1792.0,
        "wait_time": 0,
        "Landing_success_rate": 1.0
    },
    {
        "model": 2,
        "sequence": 9,
        "status": 1,
        "fuel": 6462,
        "fault": 0.6404,
        "weapon": 0,
        "pilot_injury": 0.1807,
        "pilot_skill": 0.9477,
        "mission_priority": 0.2188,
        "estimated_landing_time": 852.0,
        "wait_time": 0,
        "Landing_success_rate": 1.0
    },
    {
        "model": 1,
        "sequence": 17,
        "status": 1,
        "fuel": 5725,
        "fault": 0.7562,
        "weapon": 1,
        "pilot_injury": 0.4892,
        "pilot_skill": 0.1333,
        "mission_priority": 0.2425,
        "estimated_landing_time": 1604.0,
        "wait_time": 0,
        "Landing_success_rate": 1.0
    },
    {
        "model": 0,
        "sequence": 8,
        "status": 1,
        "fuel": 6551,
        "fault": 0.2283,
        "weapon": 1,
        "pilot_injury": 0.2304,
        "pilot_skill": 0.2892,
        "mission_priority": 0.3694,
        "estimated_landing_time": 758.0,
        "wait_time": 0,
        "Landing_success_rate": 1.0
    },
    {
        "model": 1,
        "sequence": 25,
        "status": 1,
        "fuel": 6363,
        "fault": 0.3548,
        "weapon": 1,
        "pilot_injury": 0.9539,
        "pilot_skill": 0.8656,
        "mission_priority": 0.5772,
        "estimated_landing_time": 2356.0,
        "wait_time": 0,
        "Landing_success_rate": 1.0
    },
    {
        "model": 0,
        "sequence": 16,
        "status": 1,
        "fuel": 7281,
        "fault": 0.1517,
        "weapon": 0,
        "pilot_injury": 0.3389,
        "pilot_skill": 0.7957,
        "mission_priority": 0.0775,
        "estimated_landing_time": 1510.0,
        "wait_time": 0,
        "Landing_success_rate": 1.0
    },
    {
        "model": 0,
        "sequence": 21,
        "status": 1,
        "fuel": 5558,
        "fault": 0.4107,
        "weapon": 0,
        "pilot_injury": 0.2564,
        "pilot_skill": 0.934,
        "mission_priority": 0.1311,
        "estimated_landing_time": 1980.0,
        "wait_time": 0,
        "Landing_success_rate": 1.0
    },
    {
        "model": 1,
        "sequence": 7,
        "status": 1,
        "fuel": 5881,
        "fault": 0.0384,
        "weapon": 0,
        "pilot_injury": 0.7503,
        "pilot_skill": 0.3107,
        "mission_priority": 0.5145,
        "estimated_landing_time": 664.0,
        "wait_time": 0,
        "Landing_success_rate": 1.0
    },
    {
        "model": 0,
        "sequence": 23,
        "status": 1,
        "fuel": 7474,
        "fault": 0.9099,
        "weapon": 1,
        "pilot_injury": 0.3597,
        "pilot_skill": 0.5362,
        "mission_priority": 0.7174,
        "estimated_landing_time": 2168.0,
        "wait_time": 0,
        "Landing_success_rate": 1.0
    },
    {
        "model": 0,
        "sequence": 28,
        "status": 1,
        "fuel": 7062,
        "fault": 0.4569,
        "weapon": 1,
        "pilot_injury": 0.2949,
        "pilot_skill": 0.4755,
        "mission_priority": 0.7569,
        "estimated_landing_time": 2638.0,
        "wait_time": 0,
        "Landing_success_rate": 1.0
    },
    {
        "model": 1,
        "sequence": 30,
        "status": 1,
        "fuel": 6892,
        "fault": 0.0832,
        "weapon": 0,
        "pilot_injury": 0.9968,
        "pilot_skill": 0.4269,
        "mission_priority": 0.1112,
        "estimated_landing_time": 2826.0,
        "wait_time": 0,
        "Landing_success_rate": 1.0
    },
    {
        "model": 1,
        "sequence": 22,
        "status": 1,
        "fuel": 6992,
        "fault": 0.4172,
        "weapon": 0,
        "pilot_injury": 0.874,
        "pilot_skill": 0.2207,
        "mission_priority": 0.1584,
        "estimated_landing_time": 2074.0,
        "wait_time": 0,
        "Landing_success_rate": 1.0
    },
    {
        "model": 1,
        "sequence": 5,
        "status": 1,
        "fuel": 6607,
        "fault": 0.0546,
        "weapon": 1,
        "pilot_injury": 0.3114,
        "pilot_skill": 0.4017,
        "mission_priority": 0.5028,
        "estimated_landing_time": 476.0,
        "wait_time": 0,
        "Landing_success_rate": 1.0
    },
    {
        "model": 0,
        "sequence": 13,
        "status": 1,
        "fuel": 5536,
        "fault": 0.8579,
        "weapon": 1,
        "pilot_injury": 0.6151,
        "pilot_skill": 0.1757,
        "mission_priority": 0.5132,
        "estimated_landing_time": 1228.0,
        "wait_time": 0,
        "Landing_success_rate": 1.0
    },
    {
        "model": 2,
        "sequence": 18,
        "status": 1,
        "fuel": 6991,
        "fault": 0.78,
        "weapon": 0,
        "pilot_injury": 0.2014,
        "pilot_skill": 0.0095,
        "mission_priority": 0.0753,
        "estimated_landing_time": 1698.0,
        "wait_time": 0,
        "Landing_success_rate": 1.0
    },
    {
        "model": 0,
        "sequence": 29,
        "status": 1,
        "fuel": 7030,
        "fault": 0.9399,
        "weapon": 0,
        "pilot_injury": 0.0071,
        "pilot_skill": 0.4567,
        "mission_priority": 0.3292,
        "estimated_landing_time": 2732.0,
        "wait_time": 0,
        "Landing_success_rate": 1.0
    },
    {
        "model": 2,
        "sequence": 11,
        "status": 1,
        "fuel": 5730,
        "fault": 0.8911,
        "weapon": 1,
        "pilot_injury": 0.2547,
        "pilot_skill": 0.3519,
        "mission_priority": 0.7056,
        "estimated_landing_time": 1040.0,
        "wait_time": 0,
        "Landing_success_rate": 1.0
    },
    {
        "model": 1,
        "sequence": 2,
        "status": 1,
        "fuel": 6928,
        "fault": 0.0967,
        "weapon": 1,
        "pilot_injury": 0.9614,
        "pilot_skill": 0.6359,
        "mission_priority": 0.7659,
        "estimated_landing_time": 194.0,
        "wait_time": 0,
        "Landing_success_rate": 1.0
    },
    {
        "model": 2,
        "sequence": 12,
        "status": 1,
        "fuel": 5548,
        "fault": 0.0218,
        "weapon": 0,
        "pilot_injury": 0.0194,
        "pilot_skill": 0.1888,
        "mission_priority": 0.4144,
        "estimated_landing_time": 1134.0,
        "wait_time": 0,
        "Landing_success_rate": 1.0
    },
    {
        "model": 1,
        "sequence": 26,
        "status": 1,
        "fuel": 6819,
        "fault": 0.4284,
        "weapon": 0,
        "pilot_injury": 0.2903,
        "pilot_skill": 0.5619,
        "mission_priority": 0.1119,
        "estimated_landing_time": 2450.0,
        "wait_time": 0,
        "Landing_success_rate": 1.0
    }
]