[
    {
        "model": 1,
        "sequence": 21,
        "status": 1,
        "fuel": 5635,
        "fault": 0.8791,
        "weapon": 1,
        "pilot_injury": 0.5648,
        "pilot_skill": 0.7475,
        "mission_priority": 0.4446,
        "estimated_landing_time": 1980.0,
        "wait_time": 0,
        "Landing_success_rate": 1.0
    },
    {
        "model": 0,
        "sequence": 16,
        "status": 1,
        "fuel": 6574,
        "fault": 0.1142,
        "weapon": 1,
        "pilot_injury": 0.6382,
        "pilot_skill": 0.0624,
        "mission_priority": 0.6523,
        "estimated_landing_time": 1510.0,
        "wait_time": 0,
        "Landing_success_rate": 1.0
    },
    {
        "model": 2,
        "sequence": 1,
        "status": 1,
        "fuel": 7491,
        "fault": 0.9712,
        "weapon": 0,
        "pilot_injury": 0.8381,
        "pilot_skill": 0.3132,
        "mission_priority": 0.5701,
        "estimated_landing_time": 100.0,
        "wait_time": 0,
        "Landing_success_rate": 1.0
    },
    {
        "model": 2,
        "sequence": 8,
        "status": 1,
        "fuel": 6676,
        "fault": 0.2134,
        "weapon": 1,
        "pilot_injury": 0.8825,
        "pilot_skill": 0.2346,
        "mission_priority": 0.2624,
        "estimated_landing_time": 758.0,
        "wait_time": 0,
        "Landing_success_rate": 1.0
    },
    {
        "model": 1,
        "sequence": 7,
        "status": 1,
        "fuel": 7487,
        "fault": 0.541,
        "weapon": 1,
        "pilot_injury": 0.4643,
        "pilot_skill": 0.02,
        "mission_priority": 0.141,
        "estimated_landing_time": 664.0,
        "wait_time": 0,
        "Landing_success_rate": 1.0
    },
    {
        "model": 0,
        "sequence": 29,
        "status": 1,
        "fuel": 5623,
        "fault": 0.4596,
        "weapon": 1,
        "pilot_injury": 0.1153,
        "pilot_skill": 0.2277,
        "mission_priority": 0.0989,
        "estimated_landing_time": 2732.0,
        "wait_time": 0,
        "Landing_success_rate": 1.0
    },
    {
        "model": 0,
        "sequence": 17,
        "status": 1,
        "fuel": 6766,
        "fault": 0.1976,
        "weapon": 0,
        "pilot_injury": 0.4373,
        "pilot_skill": 0.7321,
        "mission_priority": 0.6834,
        "estimated_landing_time": 1604.0,
        "wait_time": 0,
        "Landing_success_rate": 1.0
    },
    {
        "model": 1,
        "sequence": 2,
        "status": 1,
        "fuel": 6053,
        "fault": 0.339,
        "weapon": 0,
        "pilot_injury": 0.9277,
        "pilot_skill": 0.3475,
        "mission_priority": 0.3291,
        "estimated_landing_time": 194.0,
        "wait_time": 0,
        "Landing_success_rate": 1.0
    },
    {
        "model": 2,
        "sequence": 23,
        "status": 1,
        "fuel": 6945,
        "fault": 0.4933,
        "weapon": 0,
        "pilot_injury": 0.6516,
        "pilot_skill": 0.8323,
        "mission_priority": 0.4593,
        "estimated_landing_time": 2168.0,
        "wait_time": 0,
        "Landing_success_rate": 1.0
    },
    {
        "model": 2,
        "sequence": 5,
        "status": 1,
        "fuel": 5800,
        "fault": 0.3112,
        "weapon": 1,
        "pilot_injury": 0.0387,
        "pilot_skill": 0.1834,
        "mission_priority": 0.8935,
        "estimated_landing_time": 476.0,
        "wait_time": 0,
        "Landing_success_rate": 1.0
    },
    {
        "model": 2,
        "sequence": 20,
        "status": 1,
        "fuel": 6600,
        "fault": 0.8564,
        "weapon": 0,
        "pilot_injury": 0.9212,
        "pilot_skill": 0.3061,
        "mission_priority": 0.2477,
        "estimated_landing_time": 1886.0,
        "wait_time": 0,
        "Landing_success_rate": 1.0
    },
    {
        "model": 2,
        "sequence": 6,
        "status": 1,
        "fuel": 7364,
        "fault": 0.0443,
        "weapon": 0,
        "pilot_injury": 0.8099,
        "pilot_skill": 0.9842,
        "mission_priority": 0.824,
        "estimated_landing_time": 570.0,
        "wait_time": 0,
        "Landing_success_rate": 1.0
    },
    {
        "model": 2,
        "sequence": 22,
        "status": 1,
        "fuel": 6792,
        "fault": 0.5399,
        "weapon": 1,
        "pilot_injury": 0.1977,
        "pilot_skill": 0.3641,
        "mission_priority": 0.667,
        "estimated_landing_time": 2074.0,
        "wait_time": 0,
        "Landing_success_rate": 1.0
    },
    {
        "model": 1,
        "sequence": 25,
        "status": 1,
        "fuel": 5565,
        "fault": 0.2608,
        "weapon": 0,
        "pilot_injury": 0.8542,
        "pilot_skill": 0.1024,
        "mission_priority": 0.1315,
        "estimated_landing_time": 2356.0,
        "wait_time": 0,
        "Landing_success_rate": 1.0
    },
    {
        "model": 1,
        "sequence": 13,
        "status": 1,
        "fuel": 6265,
        "fault": 0.0356,
        "weapon": 0,
        "pilot_injury": 0.791,
        "pilot_skill": 0.5914,
        "mission_priority": 0.2298,
        "estimated_landing_time": 1228.0,
        "wait_time": 0,
        "Landing_success_rate": 1.0
    },
    {
        "model": 1,
        "sequence": 26,
        "status": 1,
        "fuel": 7392,
        "fault": 0.4061,
        "weapon": 1,
        "pilot_injury": 0.3723,
        "pilot_skill": 0.3183,
        "mission_priority": 0.6211,
        "estimated_landing_time": 2450.0,
        "wait_time": 0,
        "Landing_success_rate": 1.0
    },
    {
        "model": 2,
        "sequence": 4,
        "status": 1,
        "fuel": 7288,
        "fault": 0.7375,
        "weapon": 1,
        "pilot_injury": 0.8124,
        "pilot_skill": 0.4765,
        "mission_priority": 0.8527,
        "estimated_landing_time": 382.0,
        "wait_time": 0,
        "Landing_success_rate": 1.0
    },
    {
        "model": 2,
        "sequence": 24,
        "status": 1,
        "fuel": 7071,
        "fault": 0.7859,
        "weapon": 0,
        "pilot_injury": 0.6192,
        "pilot_skill": 0.4579,
        "mission_priority": 0.5672,
        "estimated_landing_time": 2262.0,
        "wait_time": 0,
        "Landing_success_rate": 1.0
    },
    {
        "model": 1,
        "sequence": 27,
        "status": 1,
        "fuel": 6412,
        "fault": 0.1793,
        "weapon": 1,
        "pilot_injury": 0.6345,
        "pilot_skill": 0.7641,
        "mission_priority": 0.0838,
        "estimated_landing_time": 2544.0,
        "wait_time": 0,
        "Landing_success_rate": 1.0
    },
    {
        "model": 1,
        "sequence": 28,
        "status": 1,
        "fuel": 5517,
        "fault": 0.6583,
        "weapon": 1,
        "pilot_injury": 0.4314,
        "pilot_skill": 0.446,
        "mission_priority": 0.3086,
        "estimated_landing_time": 2638.0,
        "wait_time": 0,
        "Landing_success_rate": 1.0
    },
    {
        "model": 2,
        "sequence": 30,
        "status": 1,
        "fuel": 6831,
        "fault": 0.8767,
        "weapon": 1,
        "pilot_injury": 0.6269,
        "pilot_skill": 0.1738,
        "mission_priority": 0.0638,
        "estimated_landing_time": 2826.0,
        "wait_time": 0,
        "Landing_success_rate": 1.0
    },
    {
        "model": 0,
        "sequence": 15,
        "status": 1,
        "fuel": 6098,
        "fault": 0.4045,
        "weapon": 1,
        "pilot_injury": 0.889,
        "pilot_skill": 0.055,
        "mission_priority": 0.1766,
        "estimated_landing_time": 1416.0,
        "wait_time": 0,
        "Landing_success_rate": 1.0
    },
    {
        "model": 1,
        "sequence": 9,
        "status": 1,
        "fuel": 6341,
        "fault": 0.7704,
        "weapon": 1,
        "pilot_injury": 0.0459,
        "pilot_skill": 0.0073,
        "mission_priority": 0.9881,
        "estimated_landing_time": 852.0,
        "wait_time": 0,
        "Landing_success_rate": 1.0
    },
    {
        "model": 2,
        "sequence": 18,
        "status": 1,
        "fuel": 6538,
        "fault": 0.6097,
        "weapon": 1,
        "pilot_injury": 0.4704,
        "pilot_skill": 0.2666,
        "mission_priority": 0.3449,
        "estimated_landing_time": 1698.0,
        "wait_time": 0,
        "Landing_success_rate": 1.0
    },
    {
        "model": 2,
        "sequence": 14,
        "status": 1,
        "fuel": 7338,
        "fault": 0.7677,
        "weapon": 1,
        "pilot_injury": 0.1841,
        "pilot_skill": 0.8404,
        "mission_priority": 0.1216,
        "estimated_landing_time": 1322.0,
        "wait_time": 0,
        "Landing_success_rate": 1.0
    },
    {
        "model": 1,
        "sequence": 12,
        "status": 1,
        "fuel": 6249,
        "fault": 0.7877,
        "weapon": 0,
        "pilot_injury": 0.1408,
        "pilot_skill": 0.9173,
        "mission_priority": 0.4594,
        "estimated_landing_time": 1134.0,
        "wait_time": 0,
        "Landing_success_rate": 1.0
    },
    {
        "model": 0,
        "sequence": 10,
        "status": 1,
        "fuel": 5744,
        "fault": 0.5111,
        "weapon": 0,
        "pilot_injury": 0.879,
        "pilot_skill": 0.7547,
        "mission_priority": 0.9335,
        "estimated_landing_time": 946.0,
        "wait_time": 0,
        "Landing_success_rate": 1.0
    },
    {
        "model": 2,
        "sequence": 11,
        "status": 1,
        "fuel": 7239,
        "fault": 0.7305,
        "weapon": 0,
        "pilot_injury": 0.69,
        "pilot_skill": 0.8698,
        "mission_priority": 0.7969,
        "estimated_landing_time": 1040.0,
        "wait_time": 0,
        "Landing_success_rate": 1.0
    },
    {
        "model": 1,
        "sequence": 19,
        "status": 1,
        "fuel": 7176,
        "fault": 0.1428,
        "weapon": 1,
        "pilot_injury": 0.2625,
        "pilot_skill": 0.3286,
        "mission_priority": 0.1079,
        "estimated_landing_time": 1792.0,
        "wait_time": 0,
        "Landing_success_rate": 1.0
    },
    {
        "model": 2,
        "sequence": 3,
        "status": 1,
        "fuel": 7124,
        "fault": 0.9028,
        "weapon": 1,
        "pilot_injury": 0.5206,
        "pilot_skill": 0.3913,
        "mission_priority": 0.9599,
        "estimated_landing_time": 288.0,
        "wait_time": 0,
        "Landing_success_rate": 1.0
    }
]