[
    {
        "model": 0,
        "sequence": 22,
        "status": 1,
        "fuel": 6267,
        "fault": 0.4052,
        "weapon": 1,
        "pilot_injury": 0.3683,
        "pilot_skill": 0.364,
        "mission_priority": 0.9594,
        "estimated_landing_time": 2074.0,
        "wait_time": 0,
        "Landing_success_rate": 1.0
    },
    {
        "model": 1,
        "sequence": 26,
        "status": 1,
        "fuel": 5604,
        "fault": 0.9321,
        "weapon": 0,
        "pilot_injury": 0.7508,
        "pilot_skill": 0.2655,
        "mission_priority": 0.5719,
        "estimated_landing_time": 2450.0,
        "wait_time": 0,
        "Landing_success_rate": 1.0
    },
    {
        "model": 0,
        "sequence": 30,
        "status": 1,
        "fuel": 5720,
        "fault": 0.4851,
        "weapon": 0,
        "pilot_injury": 0.9451,
        "pilot_skill": 0.2145,
        "mission_priority": 0.0742,
        "estimated_landing_time": 2826.0,
        "wait_time": 0,
        "Landing_success_rate": 1.0
    },
    {
        "model": 2,
        "sequence": 12,
        "status": 1,
        "fuel": 6052,
        "fault": 0.4703,
        "weapon": 0,
        "pilot_injury": 0.9926,
        "pilot_skill": 0.6794,
        "mission_priority": 0.9367,
        "estimated_landing_time": 1134.0,
        "wait_time": 0,
        "Landing_success_rate": 1.0
    },
    {
        "model": 1,
        "sequence": 2,
        "status": 1,
        "fuel": 7158,
        "fault": 0.3186,
        "weapon": 0,
        "pilot_injury": 0.5691,
        "pilot_skill": 0.3824,
        "mission_priority": 0.9346,
        "estimated_landing_time": 194.0,
        "wait_time": 0,
        "Landing_success_rate": 1.0
    },
    {
        "model": 1,
        "sequence": 13,
        "status": 1,
        "fuel": 6319,
        "fault": 0.5409,
        "weapon": 1,
        "pilot_injury": 0.4461,
        "pilot_skill": 0.5648,
        "mission_priority": 0.4705,
        "estimated_landing_time": 1228.0,
        "wait_time": 0,
        "Landing_success_rate": 1.0
    },
    {
        "model": 1,
        "sequence": 21,
        "status": 1,
        "fuel": 6021,
        "fault": 0.7302,
        "weapon": 1,
        "pilot_injury": 0.4444,
        "pilot_skill": 0.5889,
        "mission_priority": 0.1392,
        "estimated_landing_time": 1980.0,
        "wait_time": 0,
        "Landing_success_rate": 1.0
    },
    {
        "model": 1,
        "sequence": 29,
        "status": 1,
        "fuel": 7211,
        "fault": 0.259,
        "weapon": 1,
        "pilot_injury": 0.7046,
        "pilot_skill": 0.0992,
        "mission_priority": 0.9089,
        "estimated_landing_time": 2732.0,
        "wait_time": 0,
        "Landing_success_rate": 1.0
    },
    {
        "model": 0,
        "sequence": 6,
        "status": 1,
        "fuel": 5526,
        "fault": 0.7277,
        "weapon": 0,
        "pilot_injury": 0.1815,
        "pilot_skill": 0.014,
        "mission_priority": 0.7718,
        "estimated_landing_time": 570.0,
        "wait_time": 0,
        "Landing_success_rate": 1.0
    },
    {
        "model": 1,
        "sequence": 1,
        "status": 1,
        "fuel": 6350,
        "fault": 0.7053,
        "weapon": 1,
        "pilot_injury": 0.1882,
        "pilot_skill": 0.2853,
        "mission_priority": 0.4759,
        "estimated_landing_time": 100.0,
        "wait_time": 0,
        "Landing_success_rate": 1.0
    },
    {
        "model": 1,
        "sequence": 16,
        "status": 1,
        "fuel": 6582,
        "fault": 0.3529,
        "weapon": 1,
        "pilot_injury": 0.7316,
        "pilot_skill": 0.4394,
        "mission_priority": 0.2978,
        "estimated_landing_time": 1510.0,
        "wait_time": 0,
        "Landing_success_rate": 1.0
    },
    {
        "model": 0,
        "sequence": 17,
        "status": 1,
        "fuel": 5561,
        "fault": 0.2261,
        "weapon": 0,
        "pilot_injury": 0.7987,
        "pilot_skill": 0.2433,
        "mission_priority": 0.7254,
        "estimated_landing_time": 1604.0,
        "wait_time": 0,
        "Landing_success_rate": 1.0
    },
    {
        "model": 1,
        "sequence": 19,
        "status": 1,
        "fuel": 7397,
        "fault": 0.1283,
        "weapon": 0,
        "pilot_injury": 0.193,
        "pilot_skill": 0.8827,
        "mission_priority": 0.8095,
        "estimated_landing_time": 1792.0,
        "wait_time": 0,
        "Landing_success_rate": 1.0
    },
    {
        "model": 0,
        "sequence": 15,
        "status": 1,
        "fuel": 6279,
        "fault": 0.0325,
        "weapon": 0,
        "pilot_injury": 0.7274,
        "pilot_skill": 0.3707,
        "mission_priority": 0.1844,
        "estimated_landing_time": 1416.0,
        "wait_time": 0,
        "Landing_success_rate": 1.0
    },
    {
        "model": 0,
        "sequence": 8,
        "status": 1,
        "fuel": 6701,
        "fault": 0.0498,
        "weapon": 0,
        "pilot_injury": 0.982,
        "pilot_skill": 0.0962,
        "mission_priority": 0.5892,
        "estimated_landing_time": 758.0,
        "wait_time": 0,
        "Landing_success_rate": 1.0
    },
    {
        "model": 1,
        "sequence": 10,
        "status": 1,
        "fuel": 7394,
        "fault": 0.3263,
        "weapon": 0,
        "pilot_injury": 0.6622,
        "pilot_skill": 0.1162,
        "mission_priority": 0.555,
        "estimated_landing_time": 946.0,
        "wait_time": 0,
        "Landing_success_rate": 1.0
    },
    {
        "model": 2,
        "sequence": 7,
        "status": 1,
        "fuel": 6358,
        "fault": 0.7498,
        "weapon": 1,
        "pilot_injury": 0.7621,
        "pilot_skill": 0.9725,
        "mission_priority": 0.0376,
        "estimated_landing_time": 664.0,
        "wait_time": 0,
        "Landing_success_rate": 1.0
    },
    {
        "model": 1,
        "sequence": 14,
        "status": 1,
        "fuel": 6729,
        "fault": 0.9502,
        "weapon": 1,
        "pilot_injury": 0.0112,
        "pilot_skill": 0.2423,
        "mission_priority": 0.6788,
        "estimated_landing_time": 1322.0,
        "wait_time": 0,
        "Landing_success_rate": 1.0
    },
    {
        "model": 2,
        "sequence": 23,
        "status": 1,
        "fuel": 6716,
        "fault": 0.0949,
        "weapon": 1,
        "pilot_injury": 0.8878,
        "pilot_skill": 0.6938,
        "mission_priority": 0.3946,
        "estimated_landing_time": 2168.0,
        "wait_time": 0,
        "Landing_success_rate": 1.0
    },
    {
        "model": 0,
        "sequence": 3,
        "status": 1,
        "fuel": 6422,
        "fault": 0.4557,
        "weapon": 0,
        "pilot_injury": 0.9809,
        "pilot_skill": 0.5528,
        "mission_priority": 0.025,
        "estimated_landing_time": 288.0,
        "wait_time": 0,
        "Landing_success_rate": 1.0
    },
    {
        "model": 2,
        "sequence": 18,
        "status": 1,
        "fuel": 7389,
        "fault": 0.7566,
        "weapon": 0,
        "pilot_injury": 0.7985,
        "pilot_skill": 0.8566,
        "mission_priority": 0.4821,
        "estimated_landing_time": 1698.0,
        "wait_time": 0,
        "Landing_success_rate": 1.0
    },
    {
        "model": 1,
        "sequence": 25,
        "status": 1,
        "fuel": 6419,
        "fault": 0.4864,
        "weapon": 0,
        "pilot_injury": 0.4921,
        "pilot_skill": 0.3939,
        "mission_priority": 0.6113,
        "estimated_landing_time": 2356.0,
        "wait_time": 0,
        "Landing_success_rate": 1.0
    },
    {
        "model": 1,
        "sequence": 4,
        "status": 1,
        "fuel": 6364,
        "fault": 0.229,
        "weapon": 1,
        "pilot_injury": 0.0791,
        "pilot_skill": 0.6565,
        "mission_priority": 0.0185,
        "estimated_landing_time": 382.0,
        "wait_time": 0,
        "Landing_success_rate": 1.0
    },
    {
        "model": 2,
        "sequence": 24,
        "status": 1,
        "fuel": 6967,
        "fault": 0.8677,
        "weapon": 0,
        "pilot_injury": 0.5155,
        "pilot_skill": 0.2615,
        "mission_priority": 0.7226,
        "estimated_landing_time": 2262.0,
        "wait_time": 0,
        "Landing_success_rate": 1.0
    },
    {
        "model": 1,
        "sequence": 20,
        "status": 1,
        "fuel": 5701,
        "fault": 0.5578,
        "weapon": 0,
        "pilot_injury": 0.2849,
        "pilot_skill": 0.7525,
        "mission_priority": 0.0306,
        "estimated_landing_time": 1886.0,
        "wait_time": 0,
        "Landing_success_rate": 1.0
    },
    {
        "model": 2,
        "sequence": 11,
        "status": 1,
        "fuel": 7416,
        "fault": 0.7505,
        "weapon": 0,
        "pilot_injury": 0.0451,
        "pilot_skill": 0.186,
        "mission_priority": 0.9345,
        "estimated_landing_time": 1040.0,
        "wait_time": 0,
        "Landing_success_rate": 1.0
    },
    {
        "model": 0,
        "sequence": 28,
        "status": 1,
        "fuel": 7396,
        "fault": 0.705,
        "weapon": 0,
        "pilot_injury": 0.2522,
        "pilot_skill": 0.2605,
        "mission_priority": 0.6458,
        "estimated_landing_time": 2638.0,
        "wait_time": 0,
        "Landing_success_rate": 1.0
    },
    {
        "model": 2,
        "sequence": 5,
        "status": 1,
        "fuel": 6048,
        "fault": 0.3535,
        "weapon": 1,
        "pilot_injury": 0.2248,
        "pilot_skill": 0.9996,
        "mission_priority": 0.4957,
        "estimated_landing_time": 476.0,
        "wait_time": 0,
        "Landing_success_rate": 1.0
    },
    {
        "model": 2,
        "sequence": 9,
        "status": 1,
        "fuel": 7424,
        "fault": 0.4337,
        "weapon": 1,
        "pilot_injury": 0.8887,
        "pilot_skill": 0.27,
        "mission_priority": 0.6679,
        "estimated_landing_time": 852.0,
        "wait_time": 0,
        "Landing_success_rate": 1.0
    },
    {
        "model": 2,
        "sequence": 27,
        "status": 1,
        "fuel": 6712,
        "fault": 0.7489,
        "weapon": 0,
        "pilot_injury": 0.4425,
        "pilot_skill": 0.4938,
        "mission_priority": 0.3121,
        "estimated_landing_time": 2544.0,
        "wait_time": 0,
        "Landing_success_rate": 1.0
    }
]