[
    {
        "model": 0,
        "sequence": 11,
        "status": 1,
        "fuel": 5920,
        "fault": 0.46,
        "weapon": 0,
        "pilot_injury": 0.8109,
        "pilot_skill": 0.8358,
        "mission_priority": 0.3322,
        "estimated_landing_time": 1040.0,
        "wait_time": 0,
        "Landing_success_rate": 1.0
    },
    {
        "model": 0,
        "sequence": 20,
        "status": 1,
        "fuel": 6493,
        "fault": 0.7739,
        "weapon": 1,
        "pilot_injury": 0.6547,
        "pilot_skill": 0.1516,
        "mission_priority": 0.8759,
        "estimated_landing_time": 1886.0,
        "wait_time": 0,
        "Landing_success_rate": 1.0
    },
    {
        "model": 0,
        "sequence": 28,
        "status": 1,
        "fuel": 5970,
        "fault": 0.0454,
        "weapon": 1,
        "pilot_injury": 0.4252,
        "pilot_skill": 0.0376,
        "mission_priority": 0.1279,
        "estimated_landing_time": 2638.0,
        "wait_time": 0,
        "Landing_success_rate": 1.0
    },
    {
        "model": 2,
        "sequence": 17,
        "status": 1,
        "fuel": 7353,
        "fault": 0.532,
        "weapon": 0,
        "pilot_injury": 0.4166,
        "pilot_skill": 0.5225,
        "mission_priority": 0.0546,
        "estimated_landing_time": 1604.0,
        "wait_time": 0,
        "Landing_success_rate": 1.0
    },
    {
        "model": 1,
        "sequence": 1,
        "status": 1,
        "fuel": 7173,
        "fault": 0.2006,
        "weapon": 0,
        "pilot_injury": 0.3042,
        "pilot_skill": 0.3039,
        "mission_priority": 0.2304,
        "estimated_landing_time": 100.0,
        "wait_time": 0,
        "Landing_success_rate": 1.0
    },
    {
        "model": 0,
        "sequence": 29,
        "status": 1,
        "fuel": 7214,
        "fault": 0.0519,
        "weapon": 1,
        "pilot_injury": 0.9668,
        "pilot_skill": 0.2243,
        "mission_priority": 0.663,
        "estimated_landing_time": 2732.0,
        "wait_time": 0,
        "Landing_success_rate": 1.0
    },
    {
        "model": 1,
        "sequence": 25,
        "status": 1,
        "fuel": 6250,
        "fault": 0.4159,
        "weapon": 0,
        "pilot_injury": 0.4226,
        "pilot_skill": 0.3029,
        "mission_priority": 0.3253,
        "estimated_landing_time": 2356.0,
        "wait_time": 0,
        "Landing_success_rate": 1.0
    },
    {
        "model": 0,
        "sequence": 6,
        "status": 1,
        "fuel": 6036,
        "fault": 0.2528,
        "weapon": 0,
        "pilot_injury": 0.1816,
        "pilot_skill": 0.3709,
        "mission_priority": 0.9019,
        "estimated_landing_time": 570.0,
        "wait_time": 0,
        "Landing_success_rate": 1.0
    },
    {
        "model": 1,
        "sequence": 22,
        "status": 1,
        "fuel": 7409,
        "fault": 0.4058,
        "weapon": 1,
        "pilot_injury": 0.7542,
        "pilot_skill": 0.3932,
        "mission_priority": 0.5906,
        "estimated_landing_time": 2074.0,
        "wait_time": 0,
        "Landing_success_rate": 1.0
    },
    {
        "model": 1,
        "sequence": 30,
        "status": 1,
        "fuel": 6252,
        "fault": 0.3807,
        "weapon": 0,
        "pilot_injury": 0.5445,
        "pilot_skill": 0.7093,
        "mission_priority": 0.1673,
        "estimated_landing_time": 2826.0,
        "wait_time": 0,
        "Landing_success_rate": 1.0
    },
    {
        "model": 0,
        "sequence": 9,
        "status": 1,
        "fuel": 6266,
        "fault": 0.5176,
        "weapon": 0,
        "pilot_injury": 0.9522,
        "pilot_skill": 0.0424,
        "mission_priority": 0.2653,
        "estimated_landing_time": 852.0,
        "wait_time": 0,
        "Landing_success_rate": 1.0
    },
    {
        "model": 2,
        "sequence": 21,
        "status": 1,
        "fuel": 7359,
        "fault": 0.9492,
        "weapon": 0,
        "pilot_injury": 0.7144,
        "pilot_skill": 0.759,
        "mission_priority": 0.1025,
        "estimated_landing_time": 1980.0,
        "wait_time": 0,
        "Landing_success_rate": 1.0
    },
    {
        "model": 1,
        "sequence": 16,
        "status": 1,
        "fuel": 7356,
        "fault": 0.7085,
        "weapon": 0,
        "pilot_injury": 0.3693,
        "pilot_skill": 0.9329,
        "mission_priority": 0.8275,
        "estimated_landing_time": 1510.0,
        "wait_time": 0,
        "Landing_success_rate": 1.0
    },
    {
        "model": 2,
        "sequence": 2,
        "status": 1,
        "fuel": 5603,
        "fault": 0.1802,
        "weapon": 0,
        "pilot_injury": 0.4617,
        "pilot_skill": 0.921,
        "mission_priority": 0.6946,
        "estimated_landing_time": 194.0,
        "wait_time": 0,
        "Landing_success_rate": 1.0
    },
    {
        "model": 2,
        "sequence": 23,
        "status": 1,
        "fuel": 5666,
        "fault": 0.8505,
        "weapon": 0,
        "pilot_injury": 0.2741,
        "pilot_skill": 0.8071,
        "mission_priority": 0.1952,
        "estimated_landing_time": 2168.0,
        "wait_time": 0,
        "Landing_success_rate": 1.0
    },
    {
        "model": 0,
        "sequence": 18,
        "status": 1,
        "fuel": 6664,
        "fault": 0.2134,
        "weapon": 1,
        "pilot_injury": 0.9785,
        "pilot_skill": 0.8565,
        "mission_priority": 0.7012,
        "estimated_landing_time": 1698.0,
        "wait_time": 0,
        "Landing_success_rate": 1.0
    },
    {
        "model": 0,
        "sequence": 10,
        "status": 1,
        "fuel": 6599,
        "fault": 0.6711,
        "weapon": 0,
        "pilot_injury": 0.9471,
        "pilot_skill": 0.4963,
        "mission_priority": 0.3805,
        "estimated_landing_time": 946.0,
        "wait_time": 0,
        "Landing_success_rate": 1.0
    },
    {
        "model": 0,
        "sequence": 4,
        "status": 1,
        "fuel": 7306,
        "fault": 0.5067,
        "weapon": 1,
        "pilot_injury": 0.7344,
        "pilot_skill": 0.3844,
        "mission_priority": 0.0252,
        "estimated_landing_time": 382.0,
        "wait_time": 0,
        "Landing_success_rate": 1.0
    },
    {
        "model": 1,
        "sequence": 14,
        "status": 1,
        "fuel": 7407,
        "fault": 0.1244,
        "weapon": 1,
        "pilot_injury": 0.7037,
        "pilot_skill": 0.9703,
        "mission_priority": 0.4377,
        "estimated_landing_time": 1322.0,
        "wait_time": 0,
        "Landing_success_rate": 1.0
    },
    {
        "model": 0,
        "sequence": 5,
        "status": 1,
        "fuel": 7423,
        "fault": 0.559,
        "weapon": 0,
        "pilot_injury": 0.8171,
        "pilot_skill": 0.5464,
        "mission_priority": 0.967,
        "estimated_landing_time": 476.0,
        "wait_time": 0,
        "Landing_success_rate": 1.0
    },
    {
        "model": 0,
        "sequence": 8,
        "status": 1,
        "fuel": 5838,
        "fault": 0.4296,
        "weapon": 0,
        "pilot_injury": 0.7185,
        "pilot_skill": 0.8626,
        "mission_priority": 0.1793,
        "estimated_landing_time": 758.0,
        "wait_time": 0,
        "Landing_success_rate": 1.0
    },
    {
        "model": 1,
        "sequence": 24,
        "status": 1,
        "fuel": 7355,
        "fault": 0.7144,
        "weapon": 0,
        "pilot_injury": 0.3966,
        "pilot_skill": 0.1317,
        "mission_priority": 0.8653,
        "estimated_landing_time": 2262.0,
        "wait_time": 0,
        "Landing_success_rate": 1.0
    },
    {
        "model": 1,
        "sequence": 15,
        "status": 1,
        "fuel": 7183,
        "fault": 0.6772,
        "weapon": 1,
        "pilot_injury": 0.29,
        "pilot_skill": 0.8714,
        "mission_priority": 0.6727,
        "estimated_landing_time": 1416.0,
        "wait_time": 0,
        "Landing_success_rate": 1.0
    },
    {
        "model": 0,
        "sequence": 7,
        "status": 1,
        "fuel": 6339,
        "fault": 0.2505,
        "weapon": 1,
        "pilot_injury": 0.9353,
        "pilot_skill": 0.8507,
        "mission_priority": 0.9819,
        "estimated_landing_time": 664.0,
        "wait_time": 0,
        "Landing_success_rate": 1.0
    },
    {
        "model": 0,
        "sequence": 13,
        "status": 1,
        "fuel": 6702,
        "fault": 0.0122,
        "weapon": 1,
        "pilot_injury": 0.1628,
        "pilot_skill": 0.1869,
        "mission_priority": 0.0198,
        "estimated_landing_time": 1228.0,
        "wait_time": 0,
        "Landing_success_rate": 1.0
    },
    {
        "model": 0,
        "sequence": 27,
        "status": 1,
        "fuel": 7088,
        "fault": 0.3068,
        "weapon": 0,
        "pilot_injury": 0.4117,
        "pilot_skill": 0.935,
        "mission_priority": 0.4305,
        "estimated_landing_time": 2544.0,
        "wait_time": 0,
        "Landing_success_rate": 1.0
    },
    {
        "model": 0,
        "sequence": 19,
        "status": 1,
        "fuel": 7447,
        "fault": 0.4045,
        "weapon": 1,
        "pilot_injury": 0.2471,
        "pilot_skill": 0.3559,
        "mission_priority": 0.0839,
        "estimated_landing_time": 1792.0,
        "wait_time": 0,
        "Landing_success_rate": 1.0
    },
    {
        "model": 2,
        "sequence": 26,
        "status": 1,
        "fuel": 7012,
        "fault": 0.6854,
        "weapon": 0,
        "pilot_injury": 0.0721,
        "pilot_skill": 0.2054,
        "mission_priority": 0.3814,
        "estimated_landing_time": 2450.0,
        "wait_time": 0,
        "Landing_success_rate": 1.0
    },
    {
        "model": 2,
        "sequence": 12,
        "status": 1,
        "fuel": 5788,
        "fault": 0.6417,
        "weapon": 1,
        "pilot_injury": 0.7335,
        "pilot_skill": 0.1162,
        "mission_priority": 0.781,
        "estimated_landing_time": 1134.0,
        "wait_time": 0,
        "Landing_success_rate": 1.0
    },
    {
        "model": 0,
        "sequence": 3,
        "status": 1,
        "fuel": 5627,
        "fault": 0.7509,
        "weapon": 1,
        "pilot_injury": 0.9904,
        "pilot_skill": 0.3253,
        "mission_priority": 0.9413,
        "estimated_landing_time": 288.0,
        "wait_time": 0,
        "Landing_success_rate": 1.0
    }
]