[
    {
        "model": 0,
        "sequence": 17,
        "status": 1,
        "fuel": 6685,
        "fault": 0.166,
        "weapon": 1,
        "pilot_injury": 0.9798,
        "pilot_skill": 0.6561,
        "mission_priority": 0.1298,
        "estimated_landing_time": 1604.0,
        "wait_time": 0,
        "Landing_success_rate": 1.0
    },
    {
        "model": 1,
        "sequence": 14,
        "status": 1,
        "fuel": 7360,
        "fault": 0.5598,
        "weapon": 0,
        "pilot_injury": 0.0294,
        "pilot_skill": 0.823,
        "mission_priority": 0.2098,
        "estimated_landing_time": 1322.0,
        "wait_time": 0,
        "Landing_success_rate": 1.0
    },
    {
        "model": 2,
        "sequence": 2,
        "status": 1,
        "fuel": 6521,
        "fault": 0.7315,
        "weapon": 0,
        "pilot_injury": 0.3368,
        "pilot_skill": 0.2965,
        "mission_priority": 0.9182,
        "estimated_landing_time": 194.0,
        "wait_time": 0,
        "Landing_success_rate": 1.0
    },
    {
        "model": 0,
        "sequence": 10,
        "status": 1,
        "fuel": 6145,
        "fault": 0.7102,
        "weapon": 1,
        "pilot_injury": 0.9881,
        "pilot_skill": 0.9013,
        "mission_priority": 0.6517,
        "estimated_landing_time": 946.0,
        "wait_time": 0,
        "Landing_success_rate": 1.0
    },
    {
        "model": 1,
        "sequence": 12,
        "status": 1,
        "fuel": 5956,
        "fault": 0.3578,
        "weapon": 1,
        "pilot_injury": 0.8193,
        "pilot_skill": 0.8798,
        "mission_priority": 0.5254,
        "estimated_landing_time": 1134.0,
        "wait_time": 0,
        "Landing_success_rate": 1.0
    },
    {
        "model": 2,
        "sequence": 15,
        "status": 1,
        "fuel": 6800,
        "fault": 0.1129,
        "weapon": 1,
        "pilot_injury": 0.1006,
        "pilot_skill": 0.2399,
        "mission_priority": 0.142,
        "estimated_landing_time": 1416.0,
        "wait_time": 0,
        "Landing_success_rate": 1.0
    },
    {
        "model": 1,
        "sequence": 20,
        "status": 1,
        "fuel": 5540,
        "fault": 0.7397,
        "weapon": 1,
        "pilot_injury": 0.7488,
        "pilot_skill": 0.6511,
        "mission_priority": 0.6209,
        "estimated_landing_time": 1886.0,
        "wait_time": 0,
        "Landing_success_rate": 1.0
    },
    {
        "model": 2,
        "sequence": 19,
        "status": 1,
        "fuel": 7185,
        "fault": 0.7381,
        "weapon": 1,
        "pilot_injury": 0.4713,
        "pilot_skill": 0.9791,
        "mission_priority": 0.6341,
        "estimated_landing_time": 1792.0,
        "wait_time": 0,
        "Landing_success_rate": 1.0
    },
    {
        "model": 2,
        "sequence": 30,
        "status": 1,
        "fuel": 6223,
        "fault": 0.7393,
        "weapon": 1,
        "pilot_injury": 0.3251,
        "pilot_skill": 0.6863,
        "mission_priority": 0.0696,
        "estimated_landing_time": 2826.0,
        "wait_time": 0,
        "Landing_success_rate": 1.0
    },
    {
        "model": 0,
        "sequence": 9,
        "status": 1,
        "fuel": 7458,
        "fault": 0.1671,
        "weapon": 1,
        "pilot_injury": 0.2272,
        "pilot_skill": 0.837,
        "mission_priority": 0.2793,
        "estimated_landing_time": 852.0,
        "wait_time": 0,
        "Landing_success_rate": 1.0
    },
    {
        "model": 2,
        "sequence": 26,
        "status": 1,
        "fuel": 5690,
        "fault": 0.3404,
        "weapon": 1,
        "pilot_injury": 0.5127,
        "pilot_skill": 0.3053,
        "mission_priority": 0.2126,
        "estimated_landing_time": 2450.0,
        "wait_time": 0,
        "Landing_success_rate": 1.0
    },
    {
        "model": 1,
        "sequence": 27,
        "status": 1,
        "fuel": 5726,
        "fault": 0.7632,
        "weapon": 0,
        "pilot_injury": 0.6532,
        "pilot_skill": 0.9383,
        "mission_priority": 0.8712,
        "estimated_landing_time": 2544.0,
        "wait_time": 0,
        "Landing_success_rate": 1.0
    },
    {
        "model": 2,
        "sequence": 22,
        "status": 1,
        "fuel": 6050,
        "fault": 0.8074,
        "weapon": 1,
        "pilot_injury": 0.665,
        "pilot_skill": 0.2603,
        "mission_priority": 0.9072,
        "estimated_landing_time": 2074.0,
        "wait_time": 0,
        "Landing_success_rate": 1.0
    },
    {
        "model": 2,
        "sequence": 4,
        "status": 1,
        "fuel": 6774,
        "fault": 0.0002,
        "weapon": 0,
        "pilot_injury": 0.111,
        "pilot_skill": 0.4471,
        "mission_priority": 0.4604,
        "estimated_landing_time": 382.0,
        "wait_time": 0,
        "Landing_success_rate": 1.0
    },
    {
        "model": 0,
        "sequence": 25,
        "status": 1,
        "fuel": 6111,
        "fault": 0.3816,
        "weapon": 1,
        "pilot_injury": 0.3804,
        "pilot_skill": 0.9768,
        "mission_priority": 0.1107,
        "estimated_landing_time": 2356.0,
        "wait_time": 0,
        "Landing_success_rate": 1.0
    },
    {
        "model": 2,
        "sequence": 24,
        "status": 1,
        "fuel": 6095,
        "fault": 0.018,
        "weapon": 1,
        "pilot_injury": 0.7399,
        "pilot_skill": 0.9181,
        "mission_priority": 0.28,
        "estimated_landing_time": 2262.0,
        "wait_time": 0,
        "Landing_success_rate": 1.0
    },
    {
        "model": 2,
        "sequence": 29,
        "status": 1,
        "fuel": 7467,
        "fault": 0.7077,
        "weapon": 1,
        "pilot_injury": 0.9108,
        "pilot_skill": 0.754,
        "mission_priority": 0.8049,
        "estimated_landing_time": 2732.0,
        "wait_time": 0,
        "Landing_success_rate": 1.0
    },
    {
        "model": 1,
        "sequence": 5,
        "status": 1,
        "fuel": 6479,
        "fault": 0.9818,
        "weapon": 1,
        "pilot_injury": 0.7267,
        "pilot_skill": 0.3048,
        "mission_priority": 0.8294,
        "estimated_landing_time": 476.0,
        "wait_time": 0,
        "Landing_success_rate": 1.0
    },
    {
        "model": 0,
        "sequence": 23,
        "status": 1,
        "fuel": 7031,
        "fault": 0.6351,
        "weapon": 1,
        "pilot_injury": 0.1126,
        "pilot_skill": 0.7037,
        "mission_priority": 0.5407,
        "estimated_landing_time": 2168.0,
        "wait_time": 0,
        "Landing_success_rate": 1.0
    },
    {
        "model": 0,
        "sequence": 21,
        "status": 1,
        "fuel": 6435,
        "fault": 0.2633,
        "weapon": 0,
        "pilot_injury": 0.0124,
        "pilot_skill": 0.4688,
        "mission_priority": 0.3013,
        "estimated_landing_time": 1980.0,
        "wait_time": 0,
        "Landing_success_rate": 1.0
    },
    {
        "model": 0,
        "sequence": 1,
        "status": 1,
        "fuel": 6726,
        "fault": 0.0742,
        "weapon": 0,
        "pilot_injury": 0.2999,
        "pilot_skill": 0.7432,
        "mission_priority": 0.0481,
        "estimated_landing_time": 100.0,
        "wait_time": 0,
        "Landing_success_rate": 1.0
    },
    {
        "model": 2,
        "sequence": 6,
        "status": 1,
        "fuel": 5567,
        "fault": 0.8772,
        "weapon": 1,
        "pilot_injury": 0.6678,
        "pilot_skill": 0.5932,
        "mission_priority": 0.8923,
        "estimated_landing_time": 570.0,
        "wait_time": 0,
        "Landing_success_rate": 1.0
    },
    {
        "model": 0,
        "sequence": 8,
        "status": 1,
        "fuel": 6650,
        "fault": 0.6262,
        "weapon": 1,
        "pilot_injury": 0.2395,
        "pilot_skill": 0.7946,
        "mission_priority": 0.0347,
        "estimated_landing_time": 758.0,
        "wait_time": 0,
        "Landing_success_rate": 1.0
    },
    {
        "model": 2,
        "sequence": 11,
        "status": 1,
        "fuel": 6558,
        "fault": 0.2678,
        "weapon": 1,
        "pilot_injury": 0.8557,
        "pilot_skill": 0.5214,
        "mission_priority": 0.0636,
        "estimated_landing_time": 1040.0,
        "wait_time": 0,
        "Landing_success_rate": 1.0
    },
    {
        "model": 2,
        "sequence": 18,
        "status": 1,
        "fuel": 6799,
        "fault": 0.2202,
        "weapon": 1,
        "pilot_injury": 0.1149,
        "pilot_skill": 0.0939,
        "mission_priority": 0.9096,
        "estimated_landing_time": 1698.0,
        "wait_time": 0,
        "Landing_success_rate": 1.0
    },
    {
        "model": 1,
        "sequence": 28,
        "status": 1,
        "fuel": 6847,
        "fault": 0.8686,
        "weapon": 1,
        "pilot_injury": 0.879,
        "pilot_skill": 0.5718,
        "mission_priority": 0.5174,
        "estimated_landing_time": 2638.0,
        "wait_time": 0,
        "Landing_success_rate": 1.0
    },
    {
        "model": 1,
        "sequence": 13,
        "status": 1,
        "fuel": 6954,
        "fault": 0.0822,
        "weapon": 1,
        "pilot_injury": 0.4346,
        "pilot_skill": 0.7739,
        "mission_priority": 0.6019,
        "estimated_landing_time": 1228.0,
        "wait_time": 0,
        "Landing_success_rate": 1.0
    },
    {
        "model": 1,
        "sequence": 3,
        "status": 1,
        "fuel": 5525,
        "fault": 0.1648,
        "weapon": 1,
        "pilot_injury": 0.6071,
        "pilot_skill": 0.6313,
        "mission_priority": 0.5917,
        "estimated_landing_time": 288.0,
        "wait_time": 0,
        "Landing_success_rate": 1.0
    },
    {
        "model": 1,
        "sequence": 16,
        "status": 1,
        "fuel": 7192,
        "fault": 0.6396,
        "weapon": 0,
        "pilot_injury": 0.5124,
        "pilot_skill": 0.1042,
        "mission_priority": 0.3845,
        "estimated_landing_time": 1510.0,
        "wait_time": 0,
        "Landing_success_rate": 1.0
    },
    {
        "model": 1,
        "sequence": 7,
        "status": 1,
        "fuel": 7464,
        "fault": 0.9708,
        "weapon": 1,
        "pilot_injury": 0.9505,
        "pilot_skill": 0.6007,
        "mission_priority": 0.7436,
        "estimated_landing_time": 664.0,
        "wait_time": 0,
        "Landing_success_rate": 1.0
    }
]