[
    {
        "model": 1,
        "sequence": 6,
        "status": 1,
        "fuel": 6494,
        "fault": 0.5095,
        "weapon": 1,
        "pilot_injury": 0.4083,
        "pilot_skill": 0.3097,
        "mission_priority": 0.2971,
        "estimated_landing_time": 570.0,
        "wait_time": 0,
        "Landing_success_rate": 1.0
    },
    {
        "model": 1,
        "sequence": 2,
        "status": 1,
        "fuel": 6515,
        "fault": 0.8329,
        "weapon": 0,
        "pilot_injury": 0.7238,
        "pilot_skill": 0.6697,
        "mission_priority": 0.7987,
        "estimated_landing_time": 194.0,
        "wait_time": 0,
        "Landing_success_rate": 1.0
    },
    {
        "model": 2,
        "sequence": 4,
        "status": 1,
        "fuel": 6581,
        "fault": 0.9039,
        "weapon": 1,
        "pilot_injury": 0.4601,
        "pilot_skill": 0.7824,
        "mission_priority": 0.3093,
        "estimated_landing_time": 382.0,
        "wait_time": 0,
        "Landing_success_rate": 1.0
    },
    {
        "model": 0,
        "sequence": 23,
        "status": 1,
        "fuel": 6140,
        "fault": 0.6545,
        "weapon": 0,
        "pilot_injury": 0.4022,
        "pilot_skill": 0.0666,
        "mission_priority": 0.5161,
        "estimated_landing_time": 2168.0,
        "wait_time": 0,
        "Landing_success_rate": 1.0
    },
    {
        "model": 1,
        "sequence": 1,
        "status": 1,
        "fuel": 7349,
        "fault": 0.264,
        "weapon": 1,
        "pilot_injury": 0.951,
        "pilot_skill": 0.4856,
        "mission_priority": 0.4662,
        "estimated_landing_time": 100.0,
        "wait_time": 0,
        "Landing_success_rate": 1.0
    },
    {
        "model": 2,
        "sequence": 29,
        "status": 1,
        "fuel": 7191,
        "fault": 0.665,
        "weapon": 1,
        "pilot_injury": 0.2535,
        "pilot_skill": 0.919,
        "mission_priority": 0.6699,
        "estimated_landing_time": 2732.0,
        "wait_time": 0,
        "Landing_success_rate": 1.0
    },
    {
        "model": 1,
        "sequence": 11,
        "status": 1,
        "fuel": 5921,
        "fault": 0.0386,
        "weapon": 1,
        "pilot_injury": 0.6828,
        "pilot_skill": 0.7644,
        "mission_priority": 0.8399,
        "estimated_landing_time": 1040.0,
        "wait_time": 0,
        "Landing_success_rate": 1.0
    },
    {
        "model": 0,
        "sequence": 26,
        "status": 1,
        "fuel": 5846,
        "fault": 0.7242,
        "weapon": 1,
        "pilot_injury": 0.5529,
        "pilot_skill": 0.6965,
        "mission_priority": 0.5967,
        "estimated_landing_time": 2450.0,
        "wait_time": 0,
        "Landing_success_rate": 1.0
    },
    {
        "model": 0,
        "sequence": 14,
        "status": 1,
        "fuel": 6635,
        "fault": 0.273,
        "weapon": 1,
        "pilot_injury": 0.1229,
        "pilot_skill": 0.2549,
        "mission_priority": 0.8136,
        "estimated_landing_time": 1322.0,
        "wait_time": 0,
        "Landing_success_rate": 1.0
    },
    {
        "model": 0,
        "sequence": 10,
        "status": 1,
        "fuel": 7232,
        "fault": 0.7204,
        "weapon": 0,
        "pilot_injury": 0.5157,
        "pilot_skill": 0.377,
        "mission_priority": 0.9218,
        "estimated_landing_time": 946.0,
        "wait_time": 0,
        "Landing_success_rate": 1.0
    },
    {
        "model": 2,
        "sequence": 13,
        "status": 1,
        "fuel": 6779,
        "fault": 0.6916,
        "weapon": 1,
        "pilot_injury": 0.2308,
        "pilot_skill": 0.8487,
        "mission_priority": 0.1392,
        "estimated_landing_time": 1228.0,
        "wait_time": 0,
        "Landing_success_rate": 1.0
    },
    {
        "model": 1,
        "sequence": 16,
        "status": 1,
        "fuel": 6258,
        "fault": 0.0491,
        "weapon": 0,
        "pilot_injury": 0.4735,
        "pilot_skill": 0.7466,
        "mission_priority": 0.8047,
        "estimated_landing_time": 1510.0,
        "wait_time": 0,
        "Landing_success_rate": 1.0
    },
    {
        "model": 2,
        "sequence": 20,
        "status": 1,
        "fuel": 6137,
        "fault": 0.3791,
        "weapon": 0,
        "pilot_injury": 0.4468,
        "pilot_skill": 0.1731,
        "mission_priority": 0.0478,
        "estimated_landing_time": 1886.0,
        "wait_time": 0,
        "Landing_success_rate": 1.0
    },
    {
        "model": 1,
        "sequence": 9,
        "status": 1,
        "fuel": 7148,
        "fault": 0.7459,
        "weapon": 0,
        "pilot_injury": 0.5579,
        "pilot_skill": 0.1849,
        "mission_priority": 0.0389,
        "estimated_landing_time": 852.0,
        "wait_time": 0,
        "Landing_success_rate": 1.0
    },
    {
        "model": 2,
        "sequence": 28,
        "status": 1,
        "fuel": 5792,
        "fault": 0.0619,
        "weapon": 0,
        "pilot_injury": 0.5914,
        "pilot_skill": 0.3581,
        "mission_priority": 0.8942,
        "estimated_landing_time": 2638.0,
        "wait_time": 0,
        "Landing_success_rate": 1.0
    },
    {
        "model": 1,
        "sequence": 22,
        "status": 1,
        "fuel": 7458,
        "fault": 0.6964,
        "weapon": 0,
        "pilot_injury": 0.6163,
        "pilot_skill": 0.1835,
        "mission_priority": 0.6791,
        "estimated_landing_time": 2074.0,
        "wait_time": 0,
        "Landing_success_rate": 1.0
    },
    {
        "model": 2,
        "sequence": 8,
        "status": 1,
        "fuel": 6612,
        "fault": 0.2859,
        "weapon": 0,
        "pilot_injury": 0.8616,
        "pilot_skill": 0.1507,
        "mission_priority": 0.2788,
        "estimated_landing_time": 758.0,
        "wait_time": 0,
        "Landing_success_rate": 1.0
    },
    {
        "model": 1,
        "sequence": 5,
        "status": 1,
        "fuel": 6918,
        "fault": 0.3572,
        "weapon": 1,
        "pilot_injury": 0.2387,
        "pilot_skill": 0.9176,
        "mission_priority": 0.0781,
        "estimated_landing_time": 476.0,
        "wait_time": 0,
        "Landing_success_rate": 1.0
    },
    {
        "model": 2,
        "sequence": 21,
        "status": 1,
        "fuel": 6467,
        "fault": 0.3444,
        "weapon": 1,
        "pilot_injury": 0.8987,
        "pilot_skill": 0.9977,
        "mission_priority": 0.7534,
        "estimated_landing_time": 1980.0,
        "wait_time": 0,
        "Landing_success_rate": 1.0
    },
    {
        "model": 0,
        "sequence": 30,
        "status": 1,
        "fuel": 6071,
        "fault": 0.117,
        "weapon": 0,
        "pilot_injury": 0.9632,
        "pilot_skill": 0.7073,
        "mission_priority": 0.0798,
        "estimated_landing_time": 2826.0,
        "wait_time": 0,
        "Landing_success_rate": 1.0
    },
    {
        "model": 2,
        "sequence": 7,
        "status": 1,
        "fuel": 6992,
        "fault": 0.3355,
        "weapon": 0,
        "pilot_injury": 0.3507,
        "pilot_skill": 0.2734,
        "mission_priority": 0.5774,
        "estimated_landing_time": 664.0,
        "wait_time": 0,
        "Landing_success_rate": 1.0
    },
    {
        "model": 0,
        "sequence": 18,
        "status": 1,
        "fuel": 6164,
        "fault": 0.9747,
        "weapon": 1,
        "pilot_injury": 0.7692,
        "pilot_skill": 0.7227,
        "mission_priority": 0.964,
        "estimated_landing_time": 1698.0,
        "wait_time": 0,
        "Landing_success_rate": 1.0
    },
    {
        "model": 0,
        "sequence": 17,
        "status": 1,
        "fuel": 7342,
        "fault": 0.6856,
        "weapon": 0,
        "pilot_injury": 0.5204,
        "pilot_skill": 0.2043,
        "mission_priority": 0.5452,
        "estimated_landing_time": 1604.0,
        "wait_time": 0,
        "Landing_success_rate": 1.0
    },
    {
        "model": 1,
        "sequence": 15,
        "status": 1,
        "fuel": 6429,
        "fault": 0.7442,
        "weapon": 1,
        "pilot_injury": 0.7897,
        "pilot_skill": 0.1953,
        "mission_priority": 0.5997,
        "estimated_landing_time": 1416.0,
        "wait_time": 0,
        "Landing_success_rate": 1.0
    },
    {
        "model": 0,
        "sequence": 27,
        "status": 1,
        "fuel": 5980,
        "fault": 0.0402,
        "weapon": 1,
        "pilot_injury": 0.2002,
        "pilot_skill": 0.1132,
        "mission_priority": 0.8427,
        "estimated_landing_time": 2544.0,
        "wait_time": 0,
        "Landing_success_rate": 1.0
    },
    {
        "model": 0,
        "sequence": 12,
        "status": 1,
        "fuel": 7339,
        "fault": 0.8371,
        "weapon": 0,
        "pilot_injury": 0.9599,
        "pilot_skill": 0.3791,
        "mission_priority": 0.0096,
        "estimated_landing_time": 1134.0,
        "wait_time": 0,
        "Landing_success_rate": 1.0
    },
    {
        "model": 1,
        "sequence": 3,
        "status": 1,
        "fuel": 6570,
        "fault": 0.1326,
        "weapon": 0,
        "pilot_injury": 0.1028,
        "pilot_skill": 0.0775,
        "mission_priority": 0.5933,
        "estimated_landing_time": 288.0,
        "wait_time": 0,
        "Landing_success_rate": 1.0
    },
    {
        "model": 2,
        "sequence": 25,
        "status": 1,
        "fuel": 7470,
        "fault": 0.2676,
        "weapon": 0,
        "pilot_injury": 0.862,
        "pilot_skill": 0.4243,
        "mission_priority": 0.9157,
        "estimated_landing_time": 2356.0,
        "wait_time": 0,
        "Landing_success_rate": 1.0
    },
    {
        "model": 2,
        "sequence": 24,
        "status": 1,
        "fuel": 7125,
        "fault": 0.2115,
        "weapon": 1,
        "pilot_injury": 0.7504,
        "pilot_skill": 0.0732,
        "mission_priority": 0.0895,
        "estimated_landing_time": 2262.0,
        "wait_time": 0,
        "Landing_success_rate": 1.0
    },
    {
        "model": 0,
        "sequence": 19,
        "status": 1,
        "fuel": 6061,
        "fault": 0.4869,
        "weapon": 1,
        "pilot_injury": 0.0744,
        "pilot_skill": 0.0209,
        "mission_priority": 0.9515,
        "estimated_landing_time": 1792.0,
        "wait_time": 0,
        "Landing_success_rate": 1.0
    }
]