[
    {
        "model": 2,
        "sequence": 15,
        "status": 1,
        "fuel": 6639,
        "fault": 0.6724,
        "weapon": 0,
        "pilot_injury": 0.1411,
        "pilot_skill": 0.5456,
        "mission_priority": 0.1056,
        "estimated_landing_time": 1416.0,
        "wait_time": 0,
        "Landing_success_rate": 1.0
    },
    {
        "model": 0,
        "sequence": 8,
        "status": 1,
        "fuel": 7040,
        "fault": 0.1563,
        "weapon": 1,
        "pilot_injury": 0.5352,
        "pilot_skill": 0.082,
        "mission_priority": 0.0349,
        "estimated_landing_time": 758.0,
        "wait_time": 0,
        "Landing_success_rate": 1.0
    },
    {
        "model": 0,
        "sequence": 17,
        "status": 1,
        "fuel": 6823,
        "fault": 0.0812,
        "weapon": 1,
        "pilot_injury": 0.4445,
        "pilot_skill": 0.5046,
        "mission_priority": 0.1173,
        "estimated_landing_time": 1604.0,
        "wait_time": 0,
        "Landing_success_rate": 1.0
    },
    {
        "model": 0,
        "sequence": 28,
        "status": 1,
        "fuel": 5989,
        "fault": 0.7938,
        "weapon": 1,
        "pilot_injury": 0.7617,
        "pilot_skill": 0.5071,
        "mission_priority": 0.6379,
        "estimated_landing_time": 2638.0,
        "wait_time": 0,
        "Landing_success_rate": 1.0
    },
    {
        "model": 0,
        "sequence": 3,
        "status": 1,
        "fuel": 7130,
        "fault": 0.4677,
        "weapon": 1,
        "pilot_injury": 0.4344,
        "pilot_skill": 0.4464,
        "mission_priority": 0.6188,
        "estimated_landing_time": 288.0,
        "wait_time": 0,
        "Landing_success_rate": 1.0
    },
    {
        "model": 1,
        "sequence": 1,
        "status": 1,
        "fuel": 7308,
        "fault": 0.5007,
        "weapon": 1,
        "pilot_injury": 0.2015,
        "pilot_skill": 0.9344,
        "mission_priority": 0.6891,
        "estimated_landing_time": 100.0,
        "wait_time": 0,
        "Landing_success_rate": 1.0
    },
    {
        "model": 1,
        "sequence": 9,
        "status": 1,
        "fuel": 5628,
        "fault": 0.1292,
        "weapon": 0,
        "pilot_injury": 0.7795,
        "pilot_skill": 0.0162,
        "mission_priority": 0.8184,
        "estimated_landing_time": 852.0,
        "wait_time": 0,
        "Landing_success_rate": 1.0
    },
    {
        "model": 0,
        "sequence": 7,
        "status": 1,
        "fuel": 6106,
        "fault": 0.471,
        "weapon": 0,
        "pilot_injury": 0.992,
        "pilot_skill": 0.2941,
        "mission_priority": 0.2103,
        "estimated_landing_time": 664.0,
        "wait_time": 0,
        "Landing_success_rate": 1.0
    },
    {
        "model": 2,
        "sequence": 10,
        "status": 1,
        "fuel": 6117,
        "fault": 0.7915,
        "weapon": 1,
        "pilot_injury": 0.8656,
        "pilot_skill": 0.1028,
        "mission_priority": 0.126,
        "estimated_landing_time": 946.0,
        "wait_time": 0,
        "Landing_success_rate": 1.0
    },
    {
        "model": 0,
        "sequence": 12,
        "status": 1,
        "fuel": 6819,
        "fault": 0.0933,
        "weapon": 0,
        "pilot_injury": 0.8469,
        "pilot_skill": 0.3243,
        "mission_priority": 0.6765,
        "estimated_landing_time": 1134.0,
        "wait_time": 0,
        "Landing_success_rate": 1.0
    },
    {
        "model": 1,
        "sequence": 23,
        "status": 1,
        "fuel": 6380,
        "fault": 0.9439,
        "weapon": 0,
        "pilot_injury": 0.6825,
        "pilot_skill": 0.5754,
        "mission_priority": 0.4291,
        "estimated_landing_time": 2168.0,
        "wait_time": 0,
        "Landing_success_rate": 1.0
    },
    {
        "model": 2,
        "sequence": 19,
        "status": 1,
        "fuel": 7201,
        "fault": 0.1434,
        "weapon": 1,
        "pilot_injury": 0.2263,
        "pilot_skill": 0.6924,
        "mission_priority": 0.2333,
        "estimated_landing_time": 1792.0,
        "wait_time": 0,
        "Landing_success_rate": 1.0
    },
    {
        "model": 1,
        "sequence": 26,
        "status": 1,
        "fuel": 6344,
        "fault": 0.6611,
        "weapon": 1,
        "pilot_injury": 0.2187,
        "pilot_skill": 0.0599,
        "mission_priority": 0.131,
        "estimated_landing_time": 2450.0,
        "wait_time": 0,
        "Landing_success_rate": 1.0
    },
    {
        "model": 1,
        "sequence": 14,
        "status": 1,
        "fuel": 7057,
        "fault": 0.122,
        "weapon": 1,
        "pilot_injury": 0.045,
        "pilot_skill": 0.7342,
        "mission_priority": 0.3413,
        "estimated_landing_time": 1322.0,
        "wait_time": 0,
        "Landing_success_rate": 1.0
    },
    {
        "model": 2,
        "sequence": 11,
        "status": 1,
        "fuel": 6997,
        "fault": 0.5941,
        "weapon": 1,
        "pilot_injury": 0.332,
        "pilot_skill": 0.4653,
        "mission_priority": 0.0137,
        "estimated_landing_time": 1040.0,
        "wait_time": 0,
        "Landing_success_rate": 1.0
    },
    {
        "model": 0,
        "sequence": 21,
        "status": 1,
        "fuel": 7387,
        "fault": 0.8068,
        "weapon": 1,
        "pilot_injury": 0.0279,
        "pilot_skill": 0.6314,
        "mission_priority": 0.4264,
        "estimated_landing_time": 1980.0,
        "wait_time": 0,
        "Landing_success_rate": 1.0
    },
    {
        "model": 0,
        "sequence": 24,
        "status": 1,
        "fuel": 7159,
        "fault": 0.7243,
        "weapon": 1,
        "pilot_injury": 0.2959,
        "pilot_skill": 0.6638,
        "mission_priority": 0.9653,
        "estimated_landing_time": 2262.0,
        "wait_time": 0,
        "Landing_success_rate": 1.0
    },
    {
        "model": 0,
        "sequence": 13,
        "status": 1,
        "fuel": 6808,
        "fault": 0.806,
        "weapon": 0,
        "pilot_injury": 0.5769,
        "pilot_skill": 0.5639,
        "mission_priority": 0.5003,
        "estimated_landing_time": 1228.0,
        "wait_time": 0,
        "Landing_success_rate": 1.0
    },
    {
        "model": 0,
        "sequence": 27,
        "status": 1,
        "fuel": 7429,
        "fault": 0.5467,
        "weapon": 0,
        "pilot_injury": 0.6009,
        "pilot_skill": 0.341,
        "mission_priority": 0.9173,
        "estimated_landing_time": 2544.0,
        "wait_time": 0,
        "Landing_success_rate": 1.0
    },
    {
        "model": 2,
        "sequence": 5,
        "status": 1,
        "fuel": 5831,
        "fault": 0.1507,
        "weapon": 1,
        "pilot_injury": 0.7147,
        "pilot_skill": 0.2934,
        "mission_priority": 0.5255,
        "estimated_landing_time": 476.0,
        "wait_time": 0,
        "Landing_success_rate": 1.0
    },
    {
        "model": 2,
        "sequence": 18,
        "status": 1,
        "fuel": 6347,
        "fault": 0.9944,
        "weapon": 1,
        "pilot_injury": 0.7922,
        "pilot_skill": 0.6764,
        "mission_priority": 0.6796,
        "estimated_landing_time": 1698.0,
        "wait_time": 0,
        "Landing_success_rate": 1.0
    },
    {
        "model": 2,
        "sequence": 16,
        "status": 1,
        "fuel": 7053,
        "fault": 0.5812,
        "weapon": 0,
        "pilot_injury": 0.0011,
        "pilot_skill": 0.272,
        "mission_priority": 0.2179,
        "estimated_landing_time": 1510.0,
        "wait_time": 0,
        "Landing_success_rate": 1.0
    },
    {
        "model": 1,
        "sequence": 22,
        "status": 1,
        "fuel": 6975,
        "fault": 0.3258,
        "weapon": 0,
        "pilot_injury": 0.5935,
        "pilot_skill": 0.0162,
        "mission_priority": 0.7288,
        "estimated_landing_time": 2074.0,
        "wait_time": 0,
        "Landing_success_rate": 1.0
    },
    {
        "model": 2,
        "sequence": 2,
        "status": 1,
        "fuel": 6411,
        "fault": 0.9027,
        "weapon": 0,
        "pilot_injury": 0.5566,
        "pilot_skill": 0.3427,
        "mission_priority": 0.1346,
        "estimated_landing_time": 194.0,
        "wait_time": 0,
        "Landing_success_rate": 1.0
    },
    {
        "model": 0,
        "sequence": 4,
        "status": 1,
        "fuel": 7079,
        "fault": 0.9243,
        "weapon": 1,
        "pilot_injury": 0.9184,
        "pilot_skill": 0.6498,
        "mission_priority": 0.1034,
        "estimated_landing_time": 382.0,
        "wait_time": 0,
        "Landing_success_rate": 1.0
    },
    {
        "model": 1,
        "sequence": 6,
        "status": 1,
        "fuel": 5871,
        "fault": 0.6449,
        "weapon": 1,
        "pilot_injury": 0.7798,
        "pilot_skill": 0.1182,
        "mission_priority": 0.0,
        "estimated_landing_time": 570.0,
        "wait_time": 0,
        "Landing_success_rate": 1.0
    },
    {
        "model": 0,
        "sequence": 25,
        "status": 1,
        "fuel": 6810,
        "fault": 0.3227,
        "weapon": 1,
        "pilot_injury": 0.2545,
        "pilot_skill": 0.0129,
        "mission_priority": 0.5403,
        "estimated_landing_time": 2356.0,
        "wait_time": 0,
        "Landing_success_rate": 1.0
    },
    {
        "model": 0,
        "sequence": 30,
        "status": 1,
        "fuel": 6435,
        "fault": 0.8944,
        "weapon": 1,
        "pilot_injury": 0.5657,
        "pilot_skill": 0.5145,
        "mission_priority": 0.0851,
        "estimated_landing_time": 2826.0,
        "wait_time": 0,
        "Landing_success_rate": 1.0
    },
    {
        "model": 2,
        "sequence": 29,
        "status": 1,
        "fuel": 6932,
        "fault": 0.384,
        "weapon": 1,
        "pilot_injury": 0.6071,
        "pilot_skill": 0.3887,
        "mission_priority": 0.2403,
        "estimated_landing_time": 2732.0,
        "wait_time": 0,
        "Landing_success_rate": 1.0
    },
    {
        "model": 2,
        "sequence": 20,
        "status": 1,
        "fuel": 6770,
        "fault": 0.48,
        "weapon": 1,
        "pilot_injury": 0.0966,
        "pilot_skill": 0.1769,
        "mission_priority": 0.9873,
        "estimated_landing_time": 1886.0,
        "wait_time": 0,
        "Landing_success_rate": 1.0
    }
]