[
    {
        "model": 1,
        "sequence": 20,
        "status": 1,
        "fuel": 5832,
        "fault": 0.4929,
        "weapon": 1,
        "pilot_injury": 0.3806,
        "pilot_skill": 0.7694,
        "mission_priority": 0.7069,
        "estimated_landing_time": 1886.0,
        "wait_time": 0,
        "Landing_success_rate": 1.0
    },
    {
        "model": 0,
        "sequence": 19,
        "status": 1,
        "fuel": 6318,
        "fault": 0.4829,
        "weapon": 1,
        "pilot_injury": 0.0883,
        "pilot_skill": 0.9959,
        "mission_priority": 0.8973,
        "estimated_landing_time": 1792.0,
        "wait_time": 0,
        "Landing_success_rate": 1.0
    },
    {
        "model": 2,
        "sequence": 22,
        "status": 1,
        "fuel": 6215,
        "fault": 0.3475,
        "weapon": 1,
        "pilot_injury": 0.9194,
        "pilot_skill": 0.3535,
        "mission_priority": 0.7195,
        "estimated_landing_time": 2074.0,
        "wait_time": 0,
        "Landing_success_rate": 1.0
    },
    {
        "model": 2,
        "sequence": 10,
        "status": 1,
        "fuel": 7066,
        "fault": 0.3563,
        "weapon": 0,
        "pilot_injury": 0.3403,
        "pilot_skill": 0.3226,
        "mission_priority": 0.4244,
        "estimated_landing_time": 946.0,
        "wait_time": 0,
        "Landing_success_rate": 1.0
    },
    {
        "model": 2,
        "sequence": 1,
        "status": 1,
        "fuel": 6970,
        "fault": 0.8364,
        "weapon": 1,
        "pilot_injury": 0.3487,
        "pilot_skill": 0.4001,
        "mission_priority": 0.8941,
        "estimated_landing_time": 100.0,
        "wait_time": 0,
        "Landing_success_rate": 1.0
    },
    {
        "model": 0,
        "sequence": 30,
        "status": 1,
        "fuel": 6755,
        "fault": 0.9943,
        "weapon": 0,
        "pilot_injury": 0.9565,
        "pilot_skill": 0.8867,
        "mission_priority": 0.1695,
        "estimated_landing_time": 2826.0,
        "wait_time": 0,
        "Landing_success_rate": 1.0
    },
    {
        "model": 2,
        "sequence": 24,
        "status": 1,
        "fuel": 7233,
        "fault": 0.1711,
        "weapon": 0,
        "pilot_injury": 0.3724,
        "pilot_skill": 0.3716,
        "mission_priority": 0.195,
        "estimated_landing_time": 2262.0,
        "wait_time": 0,
        "Landing_success_rate": 1.0
    },
    {
        "model": 1,
        "sequence": 29,
        "status": 1,
        "fuel": 7428,
        "fault": 0.635,
        "weapon": 1,
        "pilot_injury": 0.77,
        "pilot_skill": 0.969,
        "mission_priority": 0.7734,
        "estimated_landing_time": 2732.0,
        "wait_time": 0,
        "Landing_success_rate": 1.0
    },
    {
        "model": 0,
        "sequence": 23,
        "status": 1,
        "fuel": 5826,
        "fault": 0.8523,
        "weapon": 1,
        "pilot_injury": 0.9854,
        "pilot_skill": 0.3405,
        "mission_priority": 0.312,
        "estimated_landing_time": 2168.0,
        "wait_time": 0,
        "Landing_success_rate": 1.0
    },
    {
        "model": 2,
        "sequence": 17,
        "status": 1,
        "fuel": 7082,
        "fault": 0.9223,
        "weapon": 1,
        "pilot_injury": 0.2149,
        "pilot_skill": 0.8891,
        "mission_priority": 0.9934,
        "estimated_landing_time": 1604.0,
        "wait_time": 0,
        "Landing_success_rate": 1.0
    },
    {
        "model": 2,
        "sequence": 3,
        "status": 1,
        "fuel": 5733,
        "fault": 0.544,
        "weapon": 1,
        "pilot_injury": 0.3905,
        "pilot_skill": 0.5241,
        "mission_priority": 0.9148,
        "estimated_landing_time": 288.0,
        "wait_time": 0,
        "Landing_success_rate": 1.0
    },
    {
        "model": 0,
        "sequence": 15,
        "status": 1,
        "fuel": 5770,
        "fault": 0.1394,
        "weapon": 1,
        "pilot_injury": 0.2129,
        "pilot_skill": 0.0805,
        "mission_priority": 0.5618,
        "estimated_landing_time": 1416.0,
        "wait_time": 0,
        "Landing_success_rate": 1.0
    },
    {
        "model": 0,
        "sequence": 5,
        "status": 1,
        "fuel": 6509,
        "fault": 0.0482,
        "weapon": 0,
        "pilot_injury": 0.0734,
        "pilot_skill": 0.4052,
        "mission_priority": 0.0399,
        "estimated_landing_time": 476.0,
        "wait_time": 0,
        "Landing_success_rate": 1.0
    },
    {
        "model": 1,
        "sequence": 25,
        "status": 1,
        "fuel": 6620,
        "fault": 0.1053,
        "weapon": 0,
        "pilot_injury": 0.3283,
        "pilot_skill": 0.87,
        "mission_priority": 0.7463,
        "estimated_landing_time": 2356.0,
        "wait_time": 0,
        "Landing_success_rate": 1.0
    },
    {
        "model": 0,
        "sequence": 13,
        "status": 1,
        "fuel": 7011,
        "fault": 0.2444,
        "weapon": 0,
        "pilot_injury": 0.7157,
        "pilot_skill": 0.3907,
        "mission_priority": 0.7661,
        "estimated_landing_time": 1228.0,
        "wait_time": 0,
        "Landing_success_rate": 1.0
    },
    {
        "model": 2,
        "sequence": 4,
        "status": 1,
        "fuel": 7193,
        "fault": 0.6385,
        "weapon": 1,
        "pilot_injury": 0.4512,
        "pilot_skill": 0.7486,
        "mission_priority": 0.9022,
        "estimated_landing_time": 382.0,
        "wait_time": 0,
        "Landing_success_rate": 1.0
    },
    {
        "model": 1,
        "sequence": 9,
        "status": 1,
        "fuel": 6298,
        "fault": 0.055,
        "weapon": 0,
        "pilot_injury": 0.0328,
        "pilot_skill": 0.4684,
        "mission_priority": 0.8853,
        "estimated_landing_time": 852.0,
        "wait_time": 0,
        "Landing_success_rate": 1.0
    },
    {
        "model": 2,
        "sequence": 28,
        "status": 1,
        "fuel": 7042,
        "fault": 0.0258,
        "weapon": 0,
        "pilot_injury": 0.6306,
        "pilot_skill": 0.9342,
        "mission_priority": 0.7572,
        "estimated_landing_time": 2638.0,
        "wait_time": 0,
        "Landing_success_rate": 1.0
    },
    {
        "model": 2,
        "sequence": 16,
        "status": 1,
        "fuel": 6052,
        "fault": 0.0629,
        "weapon": 1,
        "pilot_injury": 0.3942,
        "pilot_skill": 0.1701,
        "mission_priority": 0.4949,
        "estimated_landing_time": 1510.0,
        "wait_time": 0,
        "Landing_success_rate": 1.0
    },
    {
        "model": 2,
        "sequence": 14,
        "status": 1,
        "fuel": 6846,
        "fault": 0.9098,
        "weapon": 1,
        "pilot_injury": 0.4337,
        "pilot_skill": 0.7856,
        "mission_priority": 0.9419,
        "estimated_landing_time": 1322.0,
        "wait_time": 0,
        "Landing_success_rate": 1.0
    },
    {
        "model": 0,
        "sequence": 7,
        "status": 1,
        "fuel": 7302,
        "fault": 0.3747,
        "weapon": 0,
        "pilot_injury": 0.496,
        "pilot_skill": 0.3477,
        "mission_priority": 0.3999,
        "estimated_landing_time": 664.0,
        "wait_time": 0,
        "Landing_success_rate": 1.0
    },
    {
        "model": 0,
        "sequence": 8,
        "status": 1,
        "fuel": 7048,
        "fault": 0.4656,
        "weapon": 0,
        "pilot_injury": 0.4521,
        "pilot_skill": 0.5237,
        "mission_priority": 0.9824,
        "estimated_landing_time": 758.0,
        "wait_time": 0,
        "Landing_success_rate": 1.0
    },
    {
        "model": 2,
        "sequence": 18,
        "status": 1,
        "fuel": 6827,
        "fault": 0.6406,
        "weapon": 1,
        "pilot_injury": 0.7741,
        "pilot_skill": 0.1512,
        "mission_priority": 0.6115,
        "estimated_landing_time": 1698.0,
        "wait_time": 0,
        "Landing_success_rate": 1.0
    },
    {
        "model": 0,
        "sequence": 27,
        "status": 1,
        "fuel": 5576,
        "fault": 0.6451,
        "weapon": 1,
        "pilot_injury": 0.3271,
        "pilot_skill": 0.3291,
        "mission_priority": 0.5982,
        "estimated_landing_time": 2544.0,
        "wait_time": 0,
        "Landing_success_rate": 1.0
    },
    {
        "model": 2,
        "sequence": 21,
        "status": 1,
        "fuel": 6153,
        "fault": 0.4729,
        "weapon": 0,
        "pilot_injury": 0.4166,
        "pilot_skill": 0.3536,
        "mission_priority": 0.5249,
        "estimated_landing_time": 1980.0,
        "wait_time": 0,
        "Landing_success_rate": 1.0
    },
    {
        "model": 0,
        "sequence": 11,
        "status": 1,
        "fuel": 6569,
        "fault": 0.7545,
        "weapon": 1,
        "pilot_injury": 0.6542,
        "pilot_skill": 0.3077,
        "mission_priority": 0.1264,
        "estimated_landing_time": 1040.0,
        "wait_time": 0,
        "Landing_success_rate": 1.0
    },
    {
        "model": 0,
        "sequence": 26,
        "status": 1,
        "fuel": 5608,
        "fault": 0.6561,
        "weapon": 1,
        "pilot_injury": 0.257,
        "pilot_skill": 0.4071,
        "mission_priority": 0.4986,
        "estimated_landing_time": 2450.0,
        "wait_time": 0,
        "Landing_success_rate": 1.0
    },
    {
        "model": 0,
        "sequence": 12,
        "status": 1,
        "fuel": 6443,
        "fault": 0.1157,
        "weapon": 1,
        "pilot_injury": 0.0416,
        "pilot_skill": 0.7215,
        "mission_priority": 0.062,
        "estimated_landing_time": 1134.0,
        "wait_time": 0,
        "Landing_success_rate": 1.0
    },
    {
        "model": 1,
        "sequence": 6,
        "status": 1,
        "fuel": 6122,
        "fault": 0.6014,
        "weapon": 1,
        "pilot_injury": 0.4512,
        "pilot_skill": 0.1491,
        "mission_priority": 0.985,
        "estimated_landing_time": 570.0,
        "wait_time": 0,
        "Landing_success_rate": 1.0
    },
    {
        "model": 0,
        "sequence": 2,
        "status": 1,
        "fuel": 7106,
        "fault": 0.263,
        "weapon": 0,
        "pilot_injury": 0.4115,
        "pilot_skill": 0.1838,
        "mission_priority": 0.9414,
        "estimated_landing_time": 194.0,
        "wait_time": 0,
        "Landing_success_rate": 1.0
    }
]