[
    {
        "model": 1,
        "sequence": 10,
        "status": 1,
        "fuel": 5879,
        "fault": 0.9945,
        "weapon": 0,
        "pilot_injury": 0.3584,
        "pilot_skill": 0.0207,
        "mission_priority": 0.0969,
        "estimated_landing_time": 946.0,
        "wait_time": 0,
        "Landing_success_rate": 1.0
    },
    {
        "model": 0,
        "sequence": 2,
        "status": 1,
        "fuel": 6428,
        "fault": 0.8156,
        "weapon": 1,
        "pilot_injury": 0.0985,
        "pilot_skill": 0.5607,
        "mission_priority": 0.1199,
        "estimated_landing_time": 194.0,
        "wait_time": 0,
        "Landing_success_rate": 1.0
    },
    {
        "model": 0,
        "sequence": 14,
        "status": 1,
        "fuel": 6553,
        "fault": 0.4468,
        "weapon": 1,
        "pilot_injury": 0.0672,
        "pilot_skill": 0.6713,
        "mission_priority": 0.4634,
        "estimated_landing_time": 1322.0,
        "wait_time": 0,
        "Landing_success_rate": 1.0
    },
    {
        "model": 2,
        "sequence": 16,
        "status": 1,
        "fuel": 6290,
        "fault": 0.6838,
        "weapon": 1,
        "pilot_injury": 0.1447,
        "pilot_skill": 0.3065,
        "mission_priority": 0.7659,
        "estimated_landing_time": 1510.0,
        "wait_time": 0,
        "Landing_success_rate": 1.0
    },
    {
        "model": 0,
        "sequence": 8,
        "status": 1,
        "fuel": 6976,
        "fault": 0.5599,
        "weapon": 0,
        "pilot_injury": 0.3016,
        "pilot_skill": 0.0802,
        "mission_priority": 0.9394,
        "estimated_landing_time": 758.0,
        "wait_time": 0,
        "Landing_success_rate": 1.0
    },
    {
        "model": 2,
        "sequence": 18,
        "status": 1,
        "fuel": 6817,
        "fault": 0.2352,
        "weapon": 1,
        "pilot_injury": 0.6584,
        "pilot_skill": 0.5143,
        "mission_priority": 0.0897,
        "estimated_landing_time": 1698.0,
        "wait_time": 0,
        "Landing_success_rate": 1.0
    },
    {
        "model": 1,
        "sequence": 3,
        "status": 1,
        "fuel": 7427,
        "fault": 0.1556,
        "weapon": 0,
        "pilot_injury": 0.4144,
        "pilot_skill": 0.6291,
        "mission_priority": 0.7822,
        "estimated_landing_time": 288.0,
        "wait_time": 0,
        "Landing_success_rate": 1.0
    },
    {
        "model": 2,
        "sequence": 26,
        "status": 1,
        "fuel": 7270,
        "fault": 0.061,
        "weapon": 0,
        "pilot_injury": 0.149,
        "pilot_skill": 0.3461,
        "mission_priority": 0.0429,
        "estimated_landing_time": 2450.0,
        "wait_time": 0,
        "Landing_success_rate": 1.0
    },
    {
        "model": 1,
        "sequence": 1,
        "status": 1,
        "fuel": 6306,
        "fault": 0.9506,
        "weapon": 1,
        "pilot_injury": 0.2641,
        "pilot_skill": 0.0877,
        "mission_priority": 0.4756,
        "estimated_landing_time": 100.0,
        "wait_time": 0,
        "Landing_success_rate": 1.0
    },
    {
        "model": 2,
        "sequence": 15,
        "status": 1,
        "fuel": 6305,
        "fault": 0.0898,
        "weapon": 1,
        "pilot_injury": 0.0468,
        "pilot_skill": 0.9743,
        "mission_priority": 0.8286,
        "estimated_landing_time": 1416.0,
        "wait_time": 0,
        "Landing_success_rate": 1.0
    },
    {
        "model": 1,
        "sequence": 4,
        "status": 1,
        "fuel": 7103,
        "fault": 0.0401,
        "weapon": 0,
        "pilot_injury": 0.4507,
        "pilot_skill": 0.3719,
        "mission_priority": 0.4611,
        "estimated_landing_time": 382.0,
        "wait_time": 0,
        "Landing_success_rate": 1.0
    },
    {
        "model": 1,
        "sequence": 23,
        "status": 1,
        "fuel": 6000,
        "fault": 0.9037,
        "weapon": 1,
        "pilot_injury": 0.0592,
        "pilot_skill": 0.9576,
        "mission_priority": 0.1478,
        "estimated_landing_time": 2168.0,
        "wait_time": 0,
        "Landing_success_rate": 1.0
    },
    {
        "model": 0,
        "sequence": 5,
        "status": 1,
        "fuel": 6158,
        "fault": 0.5515,
        "weapon": 1,
        "pilot_injury": 0.1875,
        "pilot_skill": 0.1707,
        "mission_priority": 0.8703,
        "estimated_landing_time": 476.0,
        "wait_time": 0,
        "Landing_success_rate": 1.0
    },
    {
        "model": 2,
        "sequence": 20,
        "status": 1,
        "fuel": 5608,
        "fault": 0.0852,
        "weapon": 1,
        "pilot_injury": 0.5041,
        "pilot_skill": 0.7274,
        "mission_priority": 0.4792,
        "estimated_landing_time": 1886.0,
        "wait_time": 0,
        "Landing_success_rate": 1.0
    },
    {
        "model": 0,
        "sequence": 24,
        "status": 1,
        "fuel": 6258,
        "fault": 0.2984,
        "weapon": 1,
        "pilot_injury": 0.8591,
        "pilot_skill": 0.468,
        "mission_priority": 0.2134,
        "estimated_landing_time": 2262.0,
        "wait_time": 0,
        "Landing_success_rate": 1.0
    },
    {
        "model": 0,
        "sequence": 9,
        "status": 1,
        "fuel": 6647,
        "fault": 0.7643,
        "weapon": 0,
        "pilot_injury": 0.0557,
        "pilot_skill": 0.9989,
        "mission_priority": 0.6949,
        "estimated_landing_time": 852.0,
        "wait_time": 0,
        "Landing_success_rate": 1.0
    },
    {
        "model": 2,
        "sequence": 28,
        "status": 1,
        "fuel": 6357,
        "fault": 0.7975,
        "weapon": 0,
        "pilot_injury": 0.6924,
        "pilot_skill": 0.7798,
        "mission_priority": 0.239,
        "estimated_landing_time": 2638.0,
        "wait_time": 0,
        "Landing_success_rate": 1.0
    },
    {
        "model": 0,
        "sequence": 29,
        "status": 1,
        "fuel": 7020,
        "fault": 0.7371,
        "weapon": 0,
        "pilot_injury": 0.598,
        "pilot_skill": 0.1718,
        "mission_priority": 0.1042,
        "estimated_landing_time": 2732.0,
        "wait_time": 0,
        "Landing_success_rate": 1.0
    },
    {
        "model": 0,
        "sequence": 12,
        "status": 1,
        "fuel": 5876,
        "fault": 0.6578,
        "weapon": 1,
        "pilot_injury": 0.5009,
        "pilot_skill": 0.3638,
        "mission_priority": 0.432,
        "estimated_landing_time": 1134.0,
        "wait_time": 0,
        "Landing_success_rate": 1.0
    },
    {
        "model": 0,
        "sequence": 30,
        "status": 1,
        "fuel": 6038,
        "fault": 0.9997,
        "weapon": 0,
        "pilot_injury": 0.7681,
        "pilot_skill": 0.2081,
        "mission_priority": 0.3842,
        "estimated_landing_time": 2826.0,
        "wait_time": 0,
        "Landing_success_rate": 1.0
    },
    {
        "model": 2,
        "sequence": 17,
        "status": 1,
        "fuel": 6449,
        "fault": 0.7508,
        "weapon": 1,
        "pilot_injury": 0.4682,
        "pilot_skill": 0.8101,
        "mission_priority": 0.7676,
        "estimated_landing_time": 1604.0,
        "wait_time": 0,
        "Landing_success_rate": 1.0
    },
    {
        "model": 0,
        "sequence": 11,
        "status": 1,
        "fuel": 7446,
        "fault": 0.1195,
        "weapon": 0,
        "pilot_injury": 0.7511,
        "pilot_skill": 0.7786,
        "mission_priority": 0.9564,
        "estimated_landing_time": 1040.0,
        "wait_time": 0,
        "Landing_success_rate": 1.0
    },
    {
        "model": 0,
        "sequence": 27,
        "status": 1,
        "fuel": 6878,
        "fault": 0.4362,
        "weapon": 1,
        "pilot_injury": 0.889,
        "pilot_skill": 0.7722,
        "mission_priority": 0.9265,
        "estimated_landing_time": 2544.0,
        "wait_time": 0,
        "Landing_success_rate": 1.0
    },
    {
        "model": 0,
        "sequence": 21,
        "status": 1,
        "fuel": 6593,
        "fault": 0.687,
        "weapon": 1,
        "pilot_injury": 0.1446,
        "pilot_skill": 0.5039,
        "mission_priority": 0.1557,
        "estimated_landing_time": 1980.0,
        "wait_time": 0,
        "Landing_success_rate": 1.0
    },
    {
        "model": 2,
        "sequence": 7,
        "status": 1,
        "fuel": 5704,
        "fault": 0.4816,
        "weapon": 1,
        "pilot_injury": 0.6302,
        "pilot_skill": 0.359,
        "mission_priority": 0.1052,
        "estimated_landing_time": 664.0,
        "wait_time": 0,
        "Landing_success_rate": 1.0
    },
    {
        "model": 1,
        "sequence": 22,
        "status": 1,
        "fuel": 7355,
        "fault": 0.0397,
        "weapon": 0,
        "pilot_injury": 0.9417,
        "pilot_skill": 0.32,
        "mission_priority": 0.334,
        "estimated_landing_time": 2074.0,
        "wait_time": 0,
        "Landing_success_rate": 1.0
    },
    {
        "model": 1,
        "sequence": 6,
        "status": 1,
        "fuel": 7348,
        "fault": 0.0589,
        "weapon": 0,
        "pilot_injury": 0.7102,
        "pilot_skill": 0.636,
        "mission_priority": 0.9462,
        "estimated_landing_time": 570.0,
        "wait_time": 0,
        "Landing_success_rate": 1.0
    },
    {
        "model": 1,
        "sequence": 25,
        "status": 1,
        "fuel": 5924,
        "fault": 0.3058,
        "weapon": 1,
        "pilot_injury": 0.831,
        "pilot_skill": 0.589,
        "mission_priority": 0.6624,
        "estimated_landing_time": 2356.0,
        "wait_time": 0,
        "Landing_success_rate": 1.0
    },
    {
        "model": 1,
        "sequence": 13,
        "status": 1,
        "fuel": 6496,
        "fault": 0.0115,
        "weapon": 1,
        "pilot_injury": 0.218,
        "pilot_skill": 0.9615,
        "mission_priority": 0.5344,
        "estimated_landing_time": 1228.0,
        "wait_time": 0,
        "Landing_success_rate": 1.0
    },
    {
        "model": 0,
        "sequence": 19,
        "status": 1,
        "fuel": 5552,
        "fault": 0.0104,
        "weapon": 1,
        "pilot_injury": 0.5245,
        "pilot_skill": 0.0132,
        "mission_priority": 0.7362,
        "estimated_landing_time": 1792.0,
        "wait_time": 0,
        "Landing_success_rate": 1.0
    }
]