[
    {
        "model": 2,
        "sequence": 2,
        "status": 1,
        "fuel": 7497,
        "fault": 0.0481,
        "weapon": 1,
        "pilot_injury": 0.8201,
        "pilot_skill": 0.0416,
        "mission_priority": 0.4981,
        "estimated_landing_time": 194.0,
        "wait_time": 0,
        "Landing_success_rate": 1.0
    },
    {
        "model": 0,
        "sequence": 1,
        "status": 1,
        "fuel": 6971,
        "fault": 0.3992,
        "weapon": 1,
        "pilot_injury": 0.3078,
        "pilot_skill": 0.6136,
        "mission_priority": 0.8979,
        "estimated_landing_time": 100.0,
        "wait_time": 0,
        "Landing_success_rate": 1.0
    },
    {
        "model": 1,
        "sequence": 5,
        "status": 1,
        "fuel": 6755,
        "fault": 0.5448,
        "weapon": 1,
        "pilot_injury": 0.7302,
        "pilot_skill": 0.3648,
        "mission_priority": 0.641,
        "estimated_landing_time": 476.0,
        "wait_time": 0,
        "Landing_success_rate": 1.0
    },
    {
        "model": 1,
        "sequence": 30,
        "status": 1,
        "fuel": 6840,
        "fault": 0.9966,
        "weapon": 1,
        "pilot_injury": 0.7017,
        "pilot_skill": 0.5565,
        "mission_priority": 0.3586,
        "estimated_landing_time": 2826.0,
        "wait_time": 0,
        "Landing_success_rate": 1.0
    },
    {
        "model": 2,
        "sequence": 23,
        "status": 1,
        "fuel": 7152,
        "fault": 0.5297,
        "weapon": 0,
        "pilot_injury": 0.3158,
        "pilot_skill": 0.0569,
        "mission_priority": 0.7665,
        "estimated_landing_time": 2168.0,
        "wait_time": 0,
        "Landing_success_rate": 1.0
    },
    {
        "model": 1,
        "sequence": 12,
        "status": 1,
        "fuel": 5617,
        "fault": 0.303,
        "weapon": 1,
        "pilot_injury": 0.6757,
        "pilot_skill": 0.3959,
        "mission_priority": 0.7563,
        "estimated_landing_time": 1134.0,
        "wait_time": 0,
        "Landing_success_rate": 1.0
    },
    {
        "model": 2,
        "sequence": 14,
        "status": 1,
        "fuel": 5865,
        "fault": 0.3072,
        "weapon": 1,
        "pilot_injury": 0.9347,
        "pilot_skill": 0.2509,
        "mission_priority": 0.1204,
        "estimated_landing_time": 1322.0,
        "wait_time": 0,
        "Landing_success_rate": 1.0
    },
    {
        "model": 0,
        "sequence": 17,
        "status": 1,
        "fuel": 7063,
        "fault": 0.5797,
        "weapon": 0,
        "pilot_injury": 0.3778,
        "pilot_skill": 0.062,
        "mission_priority": 0.3393,
        "estimated_landing_time": 1604.0,
        "wait_time": 0,
        "Landing_success_rate": 1.0
    },
    {
        "model": 2,
        "sequence": 4,
        "status": 1,
        "fuel": 6687,
        "fault": 0.1661,
        "weapon": 0,
        "pilot_injury": 0.6581,
        "pilot_skill": 0.9977,
        "mission_priority": 0.4517,
        "estimated_landing_time": 382.0,
        "wait_time": 0,
        "Landing_success_rate": 1.0
    },
    {
        "model": 1,
        "sequence": 9,
        "status": 1,
        "fuel": 6937,
        "fault": 0.941,
        "weapon": 0,
        "pilot_injury": 0.1151,
        "pilot_skill": 0.8833,
        "mission_priority": 0.4148,
        "estimated_landing_time": 852.0,
        "wait_time": 0,
        "Landing_success_rate": 1.0
    },
    {
        "model": 0,
        "sequence": 19,
        "status": 1,
        "fuel": 6117,
        "fault": 0.614,
        "weapon": 0,
        "pilot_injury": 0.442,
        "pilot_skill": 0.6482,
        "mission_priority": 0.0614,
        "estimated_landing_time": 1792.0,
        "wait_time": 0,
        "Landing_success_rate": 1.0
    },
    {
        "model": 2,
        "sequence": 7,
        "status": 1,
        "fuel": 6610,
        "fault": 0.415,
        "weapon": 0,
        "pilot_injury": 0.6488,
        "pilot_skill": 0.9546,
        "mission_priority": 0.1514,
        "estimated_landing_time": 664.0,
        "wait_time": 0,
        "Landing_success_rate": 1.0
    },
    {
        "model": 0,
        "sequence": 24,
        "status": 1,
        "fuel": 6149,
        "fault": 0.2625,
        "weapon": 1,
        "pilot_injury": 0.5817,
        "pilot_skill": 0.4015,
        "mission_priority": 0.3381,
        "estimated_landing_time": 2262.0,
        "wait_time": 0,
        "Landing_success_rate": 1.0
    },
    {
        "model": 0,
        "sequence": 3,
        "status": 1,
        "fuel": 6012,
        "fault": 0.1625,
        "weapon": 1,
        "pilot_injury": 0.1627,
        "pilot_skill": 0.7344,
        "mission_priority": 0.2088,
        "estimated_landing_time": 288.0,
        "wait_time": 0,
        "Landing_success_rate": 1.0
    },
    {
        "model": 1,
        "sequence": 16,
        "status": 1,
        "fuel": 6229,
        "fault": 0.2149,
        "weapon": 0,
        "pilot_injury": 0.5952,
        "pilot_skill": 0.8719,
        "mission_priority": 0.577,
        "estimated_landing_time": 1510.0,
        "wait_time": 0,
        "Landing_success_rate": 1.0
    },
    {
        "model": 0,
        "sequence": 10,
        "status": 1,
        "fuel": 7288,
        "fault": 0.2543,
        "weapon": 1,
        "pilot_injury": 0.5403,
        "pilot_skill": 0.0793,
        "mission_priority": 0.5659,
        "estimated_landing_time": 946.0,
        "wait_time": 0,
        "Landing_success_rate": 1.0
    },
    {
        "model": 1,
        "sequence": 18,
        "status": 1,
        "fuel": 7369,
        "fault": 0.1484,
        "weapon": 1,
        "pilot_injury": 0.2963,
        "pilot_skill": 0.1435,
        "mission_priority": 0.1514,
        "estimated_landing_time": 1698.0,
        "wait_time": 0,
        "Landing_success_rate": 1.0
    },
    {
        "model": 0,
        "sequence": 8,
        "status": 1,
        "fuel": 6710,
        "fault": 0.3715,
        "weapon": 0,
        "pilot_injury": 0.0806,
        "pilot_skill": 0.9396,
        "mission_priority": 0.7551,
        "estimated_landing_time": 758.0,
        "wait_time": 0,
        "Landing_success_rate": 1.0
    },
    {
        "model": 2,
        "sequence": 29,
        "status": 1,
        "fuel": 6562,
        "fault": 0.5025,
        "weapon": 1,
        "pilot_injury": 0.0802,
        "pilot_skill": 0.4768,
        "mission_priority": 0.6301,
        "estimated_landing_time": 2732.0,
        "wait_time": 0,
        "Landing_success_rate": 1.0
    },
    {
        "model": 0,
        "sequence": 25,
        "status": 1,
        "fuel": 5721,
        "fault": 0.3598,
        "weapon": 1,
        "pilot_injury": 0.2771,
        "pilot_skill": 0.9409,
        "mission_priority": 0.1243,
        "estimated_landing_time": 2356.0,
        "wait_time": 0,
        "Landing_success_rate": 1.0
    },
    {
        "model": 2,
        "sequence": 21,
        "status": 1,
        "fuel": 5941,
        "fault": 0.9877,
        "weapon": 1,
        "pilot_injury": 0.1772,
        "pilot_skill": 0.7221,
        "mission_priority": 0.0403,
        "estimated_landing_time": 1980.0,
        "wait_time": 0,
        "Landing_success_rate": 1.0
    },
    {
        "model": 2,
        "sequence": 15,
        "status": 1,
        "fuel": 6097,
        "fault": 0.4695,
        "weapon": 1,
        "pilot_injury": 0.5806,
        "pilot_skill": 0.9359,
        "mission_priority": 0.6723,
        "estimated_landing_time": 1416.0,
        "wait_time": 0,
        "Landing_success_rate": 1.0
    },
    {
        "model": 0,
        "sequence": 20,
        "status": 1,
        "fuel": 5532,
        "fault": 0.1491,
        "weapon": 1,
        "pilot_injury": 0.9505,
        "pilot_skill": 0.0221,
        "mission_priority": 0.9825,
        "estimated_landing_time": 1886.0,
        "wait_time": 0,
        "Landing_success_rate": 1.0
    },
    {
        "model": 2,
        "sequence": 22,
        "status": 1,
        "fuel": 5904,
        "fault": 0.0129,
        "weapon": 0,
        "pilot_injury": 0.2803,
        "pilot_skill": 0.1322,
        "mission_priority": 0.4399,
        "estimated_landing_time": 2074.0,
        "wait_time": 0,
        "Landing_success_rate": 1.0
    },
    {
        "model": 0,
        "sequence": 26,
        "status": 1,
        "fuel": 7215,
        "fault": 0.0241,
        "weapon": 1,
        "pilot_injury": 0.0546,
        "pilot_skill": 0.5995,
        "mission_priority": 0.9024,
        "estimated_landing_time": 2450.0,
        "wait_time": 0,
        "Landing_success_rate": 1.0
    },
    {
        "model": 0,
        "sequence": 28,
        "status": 1,
        "fuel": 7271,
        "fault": 0.7521,
        "weapon": 1,
        "pilot_injury": 0.4426,
        "pilot_skill": 0.0484,
        "mission_priority": 0.8205,
        "estimated_landing_time": 2638.0,
        "wait_time": 0,
        "Landing_success_rate": 1.0
    },
    {
        "model": 2,
        "sequence": 11,
        "status": 1,
        "fuel": 6079,
        "fault": 0.1994,
        "weapon": 1,
        "pilot_injury": 0.3531,
        "pilot_skill": 0.7998,
        "mission_priority": 0.5547,
        "estimated_landing_time": 1040.0,
        "wait_time": 0,
        "Landing_success_rate": 1.0
    },
    {
        "model": 2,
        "sequence": 13,
        "status": 1,
        "fuel": 6695,
        "fault": 0.9354,
        "weapon": 1,
        "pilot_injury": 0.7844,
        "pilot_skill": 0.5986,
        "mission_priority": 0.4141,
        "estimated_landing_time": 1228.0,
        "wait_time": 0,
        "Landing_success_rate": 1.0
    },
    {
        "model": 1,
        "sequence": 27,
        "status": 1,
        "fuel": 5643,
        "fault": 0.8663,
        "weapon": 0,
        "pilot_injury": 0.6051,
        "pilot_skill": 0.2205,
        "mission_priority": 0.6257,
        "estimated_landing_time": 2544.0,
        "wait_time": 0,
        "Landing_success_rate": 1.0
    },
    {
        "model": 2,
        "sequence": 6,
        "status": 1,
        "fuel": 5764,
        "fault": 0.021,
        "weapon": 1,
        "pilot_injury": 0.0596,
        "pilot_skill": 0.6044,
        "mission_priority": 0.7637,
        "estimated_landing_time": 570.0,
        "wait_time": 0,
        "Landing_success_rate": 1.0
    }
]