[
    {
        "model": 1,
        "sequence": 19,
        "status": 1,
        "fuel": 5513,
        "fault": 0.6598,
        "weapon": 0,
        "pilot_injury": 0.8466,
        "pilot_skill": 0.4269,
        "mission_priority": 0.552,
        "estimated_landing_time": 1792.0,
        "wait_time": 0,
        "Landing_success_rate": 1.0
    },
    {
        "model": 2,
        "sequence": 30,
        "status": 1,
        "fuel": 7075,
        "fault": 0.523,
        "weapon": 0,
        "pilot_injury": 0.532,
        "pilot_skill": 0.809,
        "mission_priority": 0.7807,
        "estimated_landing_time": 2826.0,
        "wait_time": 0,
        "Landing_success_rate": 1.0
    },
    {
        "model": 1,
        "sequence": 5,
        "status": 1,
        "fuel": 6896,
        "fault": 0.5064,
        "weapon": 1,
        "pilot_injury": 0.8001,
        "pilot_skill": 0.3461,
        "mission_priority": 0.1726,
        "estimated_landing_time": 476.0,
        "wait_time": 0,
        "Landing_success_rate": 1.0
    },
    {
        "model": 0,
        "sequence": 23,
        "status": 1,
        "fuel": 5545,
        "fault": 0.9416,
        "weapon": 1,
        "pilot_injury": 0.3524,
        "pilot_skill": 0.5549,
        "mission_priority": 0.188,
        "estimated_landing_time": 2168.0,
        "wait_time": 0,
        "Landing_success_rate": 1.0
    },
    {
        "model": 2,
        "sequence": 1,
        "status": 1,
        "fuel": 6148,
        "fault": 0.6477,
        "weapon": 1,
        "pilot_injury": 0.2264,
        "pilot_skill": 0.4807,
        "mission_priority": 0.4989,
        "estimated_landing_time": 100.0,
        "wait_time": 0,
        "Landing_success_rate": 1.0
    },
    {
        "model": 1,
        "sequence": 11,
        "status": 1,
        "fuel": 6352,
        "fault": 0.7339,
        "weapon": 0,
        "pilot_injury": 0.1697,
        "pilot_skill": 0.7185,
        "mission_priority": 0.7701,
        "estimated_landing_time": 1040.0,
        "wait_time": 0,
        "Landing_success_rate": 1.0
    },
    {
        "model": 2,
        "sequence": 6,
        "status": 1,
        "fuel": 5784,
        "fault": 0.5186,
        "weapon": 1,
        "pilot_injury": 0.7359,
        "pilot_skill": 0.1383,
        "mission_priority": 0.9662,
        "estimated_landing_time": 570.0,
        "wait_time": 0,
        "Landing_success_rate": 1.0
    },
    {
        "model": 1,
        "sequence": 8,
        "status": 1,
        "fuel": 7123,
        "fault": 0.5547,
        "weapon": 1,
        "pilot_injury": 0.1862,
        "pilot_skill": 0.1257,
        "mission_priority": 0.1384,
        "estimated_landing_time": 758.0,
        "wait_time": 0,
        "Landing_success_rate": 1.0
    },
    {
        "model": 1,
        "sequence": 25,
        "status": 1,
        "fuel": 5502,
        "fault": 0.842,
        "weapon": 1,
        "pilot_injury": 0.7829,
        "pilot_skill": 0.7463,
        "mission_priority": 0.6046,
        "estimated_landing_time": 2356.0,
        "wait_time": 0,
        "Landing_success_rate": 1.0
    },
    {
        "model": 0,
        "sequence": 10,
        "status": 1,
        "fuel": 5714,
        "fault": 0.5101,
        "weapon": 0,
        "pilot_injury": 0.3118,
        "pilot_skill": 0.6378,
        "mission_priority": 0.0093,
        "estimated_landing_time": 946.0,
        "wait_time": 0,
        "Landing_success_rate": 1.0
    },
    {
        "model": 0,
        "sequence": 3,
        "status": 1,
        "fuel": 6847,
        "fault": 0.4575,
        "weapon": 0,
        "pilot_injury": 0.684,
        "pilot_skill": 0.2654,
        "mission_priority": 0.688,
        "estimated_landing_time": 288.0,
        "wait_time": 0,
        "Landing_success_rate": 1.0
    },
    {
        "model": 1,
        "sequence": 28,
        "status": 1,
        "fuel": 5681,
        "fault": 0.6703,
        "weapon": 0,
        "pilot_injury": 0.036,
        "pilot_skill": 0.9328,
        "mission_priority": 0.3452,
        "estimated_landing_time": 2638.0,
        "wait_time": 0,
        "Landing_success_rate": 1.0
    },
    {
        "model": 2,
        "sequence": 16,
        "status": 1,
        "fuel": 6399,
        "fault": 0.3415,
        "weapon": 1,
        "pilot_injury": 0.7685,
        "pilot_skill": 0.2216,
        "mission_priority": 0.2695,
        "estimated_landing_time": 1510.0,
        "wait_time": 0,
        "Landing_success_rate": 1.0
    },
    {
        "model": 2,
        "sequence": 14,
        "status": 1,
        "fuel": 5957,
        "fault": 0.0797,
        "weapon": 0,
        "pilot_injury": 0.1974,
        "pilot_skill": 0.5755,
        "mission_priority": 0.9253,
        "estimated_landing_time": 1322.0,
        "wait_time": 0,
        "Landing_success_rate": 1.0
    },
    {
        "model": 0,
        "sequence": 9,
        "status": 1,
        "fuel": 6386,
        "fault": 0.7258,
        "weapon": 0,
        "pilot_injury": 0.9475,
        "pilot_skill": 0.8846,
        "mission_priority": 0.2146,
        "estimated_landing_time": 852.0,
        "wait_time": 0,
        "Landing_success_rate": 1.0
    },
    {
        "model": 1,
        "sequence": 29,
        "status": 1,
        "fuel": 7218,
        "fault": 0.0447,
        "weapon": 0,
        "pilot_injury": 0.986,
        "pilot_skill": 0.1804,
        "mission_priority": 0.766,
        "estimated_landing_time": 2732.0,
        "wait_time": 0,
        "Landing_success_rate": 1.0
    },
    {
        "model": 0,
        "sequence": 17,
        "status": 1,
        "fuel": 6630,
        "fault": 0.2714,
        "weapon": 0,
        "pilot_injury": 0.4214,
        "pilot_skill": 0.7938,
        "mission_priority": 0.4648,
        "estimated_landing_time": 1604.0,
        "wait_time": 0,
        "Landing_success_rate": 1.0
    },
    {
        "model": 1,
        "sequence": 13,
        "status": 1,
        "fuel": 6819,
        "fault": 0.2568,
        "weapon": 1,
        "pilot_injury": 0.3991,
        "pilot_skill": 0.6154,
        "mission_priority": 0.3652,
        "estimated_landing_time": 1228.0,
        "wait_time": 0,
        "Landing_success_rate": 1.0
    },
    {
        "model": 1,
        "sequence": 18,
        "status": 1,
        "fuel": 5927,
        "fault": 0.0413,
        "weapon": 1,
        "pilot_injury": 0.9379,
        "pilot_skill": 0.5424,
        "mission_priority": 0.7684,
        "estimated_landing_time": 1698.0,
        "wait_time": 0,
        "Landing_success_rate": 1.0
    },
    {
        "model": 0,
        "sequence": 20,
        "status": 1,
        "fuel": 6943,
        "fault": 0.6471,
        "weapon": 1,
        "pilot_injury": 0.5021,
        "pilot_skill": 0.02,
        "mission_priority": 0.2529,
        "estimated_landing_time": 1886.0,
        "wait_time": 0,
        "Landing_success_rate": 1.0
    },
    {
        "model": 2,
        "sequence": 7,
        "status": 1,
        "fuel": 5800,
        "fault": 0.5846,
        "weapon": 1,
        "pilot_injury": 0.2645,
        "pilot_skill": 0.514,
        "mission_priority": 0.5731,
        "estimated_landing_time": 664.0,
        "wait_time": 0,
        "Landing_success_rate": 1.0
    },
    {
        "model": 0,
        "sequence": 12,
        "status": 1,
        "fuel": 5500,
        "fault": 0.934,
        "weapon": 0,
        "pilot_injury": 0.4147,
        "pilot_skill": 0.9304,
        "mission_priority": 0.7849,
        "estimated_landing_time": 1134.0,
        "wait_time": 0,
        "Landing_success_rate": 1.0
    },
    {
        "model": 1,
        "sequence": 15,
        "status": 1,
        "fuel": 5721,
        "fault": 0.9715,
        "weapon": 1,
        "pilot_injury": 0.6758,
        "pilot_skill": 0.5599,
        "mission_priority": 0.7897,
        "estimated_landing_time": 1416.0,
        "wait_time": 0,
        "Landing_success_rate": 1.0
    },
    {
        "model": 0,
        "sequence": 2,
        "status": 1,
        "fuel": 6514,
        "fault": 0.2565,
        "weapon": 0,
        "pilot_injury": 0.9864,
        "pilot_skill": 0.5336,
        "mission_priority": 0.1131,
        "estimated_landing_time": 194.0,
        "wait_time": 0,
        "Landing_success_rate": 1.0
    },
    {
        "model": 2,
        "sequence": 24,
        "status": 1,
        "fuel": 6665,
        "fault": 0.0321,
        "weapon": 1,
        "pilot_injury": 0.7773,
        "pilot_skill": 0.9571,
        "mission_priority": 0.6968,
        "estimated_landing_time": 2262.0,
        "wait_time": 0,
        "Landing_success_rate": 1.0
    },
    {
        "model": 2,
        "sequence": 4,
        "status": 1,
        "fuel": 7239,
        "fault": 0.0222,
        "weapon": 1,
        "pilot_injury": 0.3644,
        "pilot_skill": 0.353,
        "mission_priority": 0.6364,
        "estimated_landing_time": 382.0,
        "wait_time": 0,
        "Landing_success_rate": 1.0
    },
    {
        "model": 1,
        "sequence": 21,
        "status": 1,
        "fuel": 7365,
        "fault": 0.8629,
        "weapon": 1,
        "pilot_injury": 0.1984,
        "pilot_skill": 0.494,
        "mission_priority": 0.7916,
        "estimated_landing_time": 1980.0,
        "wait_time": 0,
        "Landing_success_rate": 1.0
    },
    {
        "model": 0,
        "sequence": 22,
        "status": 1,
        "fuel": 7053,
        "fault": 0.5749,
        "weapon": 0,
        "pilot_injury": 0.7711,
        "pilot_skill": 0.6613,
        "mission_priority": 0.4093,
        "estimated_landing_time": 2074.0,
        "wait_time": 0,
        "Landing_success_rate": 1.0
    },
    {
        "model": 2,
        "sequence": 26,
        "status": 1,
        "fuel": 6626,
        "fault": 0.7188,
        "weapon": 0,
        "pilot_injury": 0.9955,
        "pilot_skill": 0.1189,
        "mission_priority": 0.0149,
        "estimated_landing_time": 2450.0,
        "wait_time": 0,
        "Landing_success_rate": 1.0
    },
    {
        "model": 0,
        "sequence": 27,
        "status": 1,
        "fuel": 7356,
        "fault": 0.7892,
        "weapon": 0,
        "pilot_injury": 0.7297,
        "pilot_skill": 0.811,
        "mission_priority": 0.859,
        "estimated_landing_time": 2544.0,
        "wait_time": 0,
        "Landing_success_rate": 1.0
    }
]