[
    {
        "model": 2,
        "sequence": 3,
        "status": 1,
        "fuel": 7306,
        "fault": 0.611,
        "weapon": 1,
        "pilot_injury": 0.3608,
        "pilot_skill": 0.9059,
        "mission_priority": 0.7699,
        "estimated_landing_time": 288.0,
        "wait_time": 0,
        "Landing_success_rate": 1.0
    },
    {
        "model": 2,
        "sequence": 14,
        "status": 1,
        "fuel": 6572,
        "fault": 0.2369,
        "weapon": 0,
        "pilot_injury": 0.3021,
        "pilot_skill": 0.732,
        "mission_priority": 0.8512,
        "estimated_landing_time": 1322.0,
        "wait_time": 0,
        "Landing_success_rate": 1.0
    },
    {
        "model": 2,
        "sequence": 2,
        "status": 1,
        "fuel": 6690,
        "fault": 0.6675,
        "weapon": 1,
        "pilot_injury": 0.7667,
        "pilot_skill": 0.1497,
        "mission_priority": 0.4239,
        "estimated_landing_time": 194.0,
        "wait_time": 0,
        "Landing_success_rate": 1.0
    },
    {
        "model": 0,
        "sequence": 15,
        "status": 1,
        "fuel": 6080,
        "fault": 0.168,
        "weapon": 0,
        "pilot_injury": 0.8693,
        "pilot_skill": 0.4729,
        "mission_priority": 0.5354,
        "estimated_landing_time": 1416.0,
        "wait_time": 0,
        "Landing_success_rate": 1.0
    },
    {
        "model": 2,
        "sequence": 18,
        "status": 1,
        "fuel": 6161,
        "fault": 0.0236,
        "weapon": 0,
        "pilot_injury": 0.2302,
        "pilot_skill": 0.2062,
        "mission_priority": 0.638,
        "estimated_landing_time": 1698.0,
        "wait_time": 0,
        "Landing_success_rate": 1.0
    },
    {
        "model": 0,
        "sequence": 24,
        "status": 1,
        "fuel": 6468,
        "fault": 0.3909,
        "weapon": 0,
        "pilot_injury": 0.0585,
        "pilot_skill": 0.1418,
        "mission_priority": 0.2745,
        "estimated_landing_time": 2262.0,
        "wait_time": 0,
        "Landing_success_rate": 1.0
    },
    {
        "model": 2,
        "sequence": 5,
        "status": 1,
        "fuel": 5762,
        "fault": 0.6951,
        "weapon": 0,
        "pilot_injury": 0.4427,
        "pilot_skill": 0.4458,
        "mission_priority": 0.7245,
        "estimated_landing_time": 476.0,
        "wait_time": 0,
        "Landing_success_rate": 1.0
    },
    {
        "model": 2,
        "sequence": 9,
        "status": 1,
        "fuel": 5958,
        "fault": 0.9913,
        "weapon": 1,
        "pilot_injury": 0.8187,
        "pilot_skill": 0.6032,
        "mission_priority": 0.3372,
        "estimated_landing_time": 852.0,
        "wait_time": 0,
        "Landing_success_rate": 1.0
    },
    {
        "model": 2,
        "sequence": 16,
        "status": 1,
        "fuel": 5787,
        "fault": 0.2742,
        "weapon": 1,
        "pilot_injury": 0.2649,
        "pilot_skill": 0.6453,
        "mission_priority": 0.5958,
        "estimated_landing_time": 1510.0,
        "wait_time": 0,
        "Landing_success_rate": 1.0
    },
    {
        "model": 0,
        "sequence": 22,
        "status": 1,
        "fuel": 5572,
        "fault": 0.3234,
        "weapon": 0,
        "pilot_injury": 0.3436,
        "pilot_skill": 0.6172,
        "mission_priority": 0.4424,
        "estimated_landing_time": 2074.0,
        "wait_time": 0,
        "Landing_success_rate": 1.0
    },
    {
        "model": 0,
        "sequence": 29,
        "status": 1,
        "fuel": 6327,
        "fault": 0.0676,
        "weapon": 0,
        "pilot_injury": 0.0699,
        "pilot_skill": 0.6402,
        "mission_priority": 0.2711,
        "estimated_landing_time": 2732.0,
        "wait_time": 0,
        "Landing_success_rate": 1.0
    },
    {
        "model": 1,
        "sequence": 20,
        "status": 1,
        "fuel": 7235,
        "fault": 0.6509,
        "weapon": 1,
        "pilot_injury": 0.2308,
        "pilot_skill": 0.4569,
        "mission_priority": 0.1903,
        "estimated_landing_time": 1886.0,
        "wait_time": 0,
        "Landing_success_rate": 1.0
    },
    {
        "model": 2,
        "sequence": 8,
        "status": 1,
        "fuel": 6653,
        "fault": 0.9941,
        "weapon": 1,
        "pilot_injury": 0.3629,
        "pilot_skill": 0.9955,
        "mission_priority": 0.4464,
        "estimated_landing_time": 758.0,
        "wait_time": 0,
        "Landing_success_rate": 1.0
    },
    {
        "model": 1,
        "sequence": 27,
        "status": 1,
        "fuel": 5615,
        "fault": 0.0601,
        "weapon": 1,
        "pilot_injury": 0.0888,
        "pilot_skill": 0.9617,
        "mission_priority": 0.635,
        "estimated_landing_time": 2544.0,
        "wait_time": 0,
        "Landing_success_rate": 1.0
    },
    {
        "model": 1,
        "sequence": 1,
        "status": 1,
        "fuel": 6826,
        "fault": 0.2009,
        "weapon": 1,
        "pilot_injury": 0.4095,
        "pilot_skill": 0.4227,
        "mission_priority": 0.8218,
        "estimated_landing_time": 100.0,
        "wait_time": 0,
        "Landing_success_rate": 1.0
    },
    {
        "model": 0,
        "sequence": 6,
        "status": 1,
        "fuel": 6535,
        "fault": 0.3476,
        "weapon": 1,
        "pilot_injury": 0.9812,
        "pilot_skill": 0.4749,
        "mission_priority": 0.3825,
        "estimated_landing_time": 570.0,
        "wait_time": 0,
        "Landing_success_rate": 1.0
    },
    {
        "model": 0,
        "sequence": 23,
        "status": 1,
        "fuel": 6802,
        "fault": 0.3993,
        "weapon": 1,
        "pilot_injury": 0.02,
        "pilot_skill": 0.7372,
        "mission_priority": 0.7686,
        "estimated_landing_time": 2168.0,
        "wait_time": 0,
        "Landing_success_rate": 1.0
    },
    {
        "model": 1,
        "sequence": 19,
        "status": 1,
        "fuel": 5820,
        "fault": 0.842,
        "weapon": 0,
        "pilot_injury": 0.0929,
        "pilot_skill": 0.257,
        "mission_priority": 0.7879,
        "estimated_landing_time": 1792.0,
        "wait_time": 0,
        "Landing_success_rate": 1.0
    },
    {
        "model": 2,
        "sequence": 4,
        "status": 1,
        "fuel": 6299,
        "fault": 0.1277,
        "weapon": 1,
        "pilot_injury": 0.5068,
        "pilot_skill": 0.1593,
        "mission_priority": 0.0631,
        "estimated_landing_time": 382.0,
        "wait_time": 0,
        "Landing_success_rate": 1.0
    },
    {
        "model": 0,
        "sequence": 21,
        "status": 1,
        "fuel": 7327,
        "fault": 0.3031,
        "weapon": 1,
        "pilot_injury": 0.3417,
        "pilot_skill": 0.3809,
        "mission_priority": 0.3463,
        "estimated_landing_time": 1980.0,
        "wait_time": 0,
        "Landing_success_rate": 1.0
    },
    {
        "model": 2,
        "sequence": 26,
        "status": 1,
        "fuel": 6260,
        "fault": 0.5538,
        "weapon": 0,
        "pilot_injury": 0.8253,
        "pilot_skill": 0.2797,
        "mission_priority": 0.9424,
        "estimated_landing_time": 2450.0,
        "wait_time": 0,
        "Landing_success_rate": 1.0
    },
    {
        "model": 2,
        "sequence": 17,
        "status": 1,
        "fuel": 6989,
        "fault": 0.5157,
        "weapon": 0,
        "pilot_injury": 0.7863,
        "pilot_skill": 0.5746,
        "mission_priority": 0.5666,
        "estimated_landing_time": 1604.0,
        "wait_time": 0,
        "Landing_success_rate": 1.0
    },
    {
        "model": 1,
        "sequence": 25,
        "status": 1,
        "fuel": 5743,
        "fault": 0.2085,
        "weapon": 0,
        "pilot_injury": 0.3972,
        "pilot_skill": 0.5397,
        "mission_priority": 0.628,
        "estimated_landing_time": 2356.0,
        "wait_time": 0,
        "Landing_success_rate": 1.0
    },
    {
        "model": 1,
        "sequence": 13,
        "status": 1,
        "fuel": 6681,
        "fault": 0.878,
        "weapon": 1,
        "pilot_injury": 0.7214,
        "pilot_skill": 0.1413,
        "mission_priority": 0.212,
        "estimated_landing_time": 1228.0,
        "wait_time": 0,
        "Landing_success_rate": 1.0
    },
    {
        "model": 1,
        "sequence": 28,
        "status": 1,
        "fuel": 7049,
        "fault": 0.0809,
        "weapon": 0,
        "pilot_injury": 0.0229,
        "pilot_skill": 0.1538,
        "mission_priority": 0.2236,
        "estimated_landing_time": 2638.0,
        "wait_time": 0,
        "Landing_success_rate": 1.0
    },
    {
        "model": 1,
        "sequence": 10,
        "status": 1,
        "fuel": 6729,
        "fault": 0.9756,
        "weapon": 1,
        "pilot_injury": 0.9327,
        "pilot_skill": 0.5752,
        "mission_priority": 0.4794,
        "estimated_landing_time": 946.0,
        "wait_time": 0,
        "Landing_success_rate": 1.0
    },
    {
        "model": 0,
        "sequence": 12,
        "status": 1,
        "fuel": 6812,
        "fault": 0.9228,
        "weapon": 1,
        "pilot_injury": 0.1392,
        "pilot_skill": 0.8983,
        "mission_priority": 0.8293,
        "estimated_landing_time": 1134.0,
        "wait_time": 0,
        "Landing_success_rate": 1.0
    },
    {
        "model": 0,
        "sequence": 7,
        "status": 1,
        "fuel": 6959,
        "fault": 0.5026,
        "weapon": 0,
        "pilot_injury": 0.8252,
        "pilot_skill": 0.6663,
        "mission_priority": 0.1218,
        "estimated_landing_time": 664.0,
        "wait_time": 0,
        "Landing_success_rate": 1.0
    },
    {
        "model": 1,
        "sequence": 11,
        "status": 1,
        "fuel": 6416,
        "fault": 0.0258,
        "weapon": 0,
        "pilot_injury": 0.2326,
        "pilot_skill": 0.08,
        "mission_priority": 0.7767,
        "estimated_landing_time": 1040.0,
        "wait_time": 0,
        "Landing_success_rate": 1.0
    },
    {
        "model": 0,
        "sequence": 30,
        "status": 1,
        "fuel": 5627,
        "fault": 0.4325,
        "weapon": 0,
        "pilot_injury": 0.9364,
        "pilot_skill": 0.8761,
        "mission_priority": 0.2778,
        "estimated_landing_time": 2826.0,
        "wait_time": 0,
        "Landing_success_rate": 1.0
    }
]