[
    {
        "model": 1,
        "sequence": 23,
        "status": 1,
        "fuel": 7288,
        "fault": 0.5142,
        "weapon": 0,
        "pilot_injury": 0.567,
        "pilot_skill": 0.6823,
        "mission_priority": 0.8598,
        "estimated_landing_time": 2168.0,
        "wait_time": 0,
        "Landing_success_rate": 1.0
    },
    {
        "model": 1,
        "sequence": 1,
        "status": 1,
        "fuel": 7277,
        "fault": 0.379,
        "weapon": 1,
        "pilot_injury": 0.6805,
        "pilot_skill": 0.424,
        "mission_priority": 0.6773,
        "estimated_landing_time": 100.0,
        "wait_time": 0,
        "Landing_success_rate": 1.0
    },
    {
        "model": 0,
        "sequence": 18,
        "status": 1,
        "fuel": 6149,
        "fault": 0.7069,
        "weapon": 1,
        "pilot_injury": 0.7959,
        "pilot_skill": 0.5644,
        "mission_priority": 0.7958,
        "estimated_landing_time": 1698.0,
        "wait_time": 0,
        "Landing_success_rate": 1.0
    },
    {
        "model": 2,
        "sequence": 16,
        "status": 1,
        "fuel": 7310,
        "fault": 0.6762,
        "weapon": 1,
        "pilot_injury": 0.7666,
        "pilot_skill": 0.9883,
        "mission_priority": 0.8844,
        "estimated_landing_time": 1510.0,
        "wait_time": 0,
        "Landing_success_rate": 1.0
    },
    {
        "model": 2,
        "sequence": 2,
        "status": 1,
        "fuel": 6636,
        "fault": 0.1417,
        "weapon": 0,
        "pilot_injury": 0.838,
        "pilot_skill": 0.1693,
        "mission_priority": 0.1981,
        "estimated_landing_time": 194.0,
        "wait_time": 0,
        "Landing_success_rate": 1.0
    },
    {
        "model": 2,
        "sequence": 14,
        "status": 1,
        "fuel": 6631,
        "fault": 0.16,
        "weapon": 1,
        "pilot_injury": 0.1083,
        "pilot_skill": 0.1381,
        "mission_priority": 0.2459,
        "estimated_landing_time": 1322.0,
        "wait_time": 0,
        "Landing_success_rate": 1.0
    },
    {
        "model": 2,
        "sequence": 15,
        "status": 1,
        "fuel": 5733,
        "fault": 0.4632,
        "weapon": 0,
        "pilot_injury": 0.4182,
        "pilot_skill": 0.5463,
        "mission_priority": 0.1665,
        "estimated_landing_time": 1416.0,
        "wait_time": 0,
        "Landing_success_rate": 1.0
    },
    {
        "model": 0,
        "sequence": 27,
        "status": 1,
        "fuel": 7294,
        "fault": 0.5496,
        "weapon": 1,
        "pilot_injury": 0.4099,
        "pilot_skill": 0.5903,
        "mission_priority": 0.284,
        "estimated_landing_time": 2544.0,
        "wait_time": 0,
        "Landing_success_rate": 1.0
    },
    {
        "model": 2,
        "sequence": 5,
        "status": 1,
        "fuel": 7355,
        "fault": 0.6327,
        "weapon": 0,
        "pilot_injury": 0.1202,
        "pilot_skill": 0.0179,
        "mission_priority": 0.7898,
        "estimated_landing_time": 476.0,
        "wait_time": 0,
        "Landing_success_rate": 1.0
    },
    {
        "model": 2,
        "sequence": 4,
        "status": 1,
        "fuel": 6886,
        "fault": 0.0746,
        "weapon": 0,
        "pilot_injury": 0.3942,
        "pilot_skill": 0.9166,
        "mission_priority": 0.6588,
        "estimated_landing_time": 382.0,
        "wait_time": 0,
        "Landing_success_rate": 1.0
    },
    {
        "model": 1,
        "sequence": 12,
        "status": 1,
        "fuel": 6054,
        "fault": 0.5237,
        "weapon": 0,
        "pilot_injury": 0.1996,
        "pilot_skill": 0.3182,
        "mission_priority": 0.4845,
        "estimated_landing_time": 1134.0,
        "wait_time": 0,
        "Landing_success_rate": 1.0
    },
    {
        "model": 0,
        "sequence": 29,
        "status": 1,
        "fuel": 6724,
        "fault": 0.3489,
        "weapon": 1,
        "pilot_injury": 0.3765,
        "pilot_skill": 0.3293,
        "mission_priority": 0.009,
        "estimated_landing_time": 2732.0,
        "wait_time": 0,
        "Landing_success_rate": 1.0
    },
    {
        "model": 1,
        "sequence": 9,
        "status": 1,
        "fuel": 7169,
        "fault": 0.3625,
        "weapon": 1,
        "pilot_injury": 0.2877,
        "pilot_skill": 0.1293,
        "mission_priority": 0.4905,
        "estimated_landing_time": 852.0,
        "wait_time": 0,
        "Landing_success_rate": 1.0
    },
    {
        "model": 2,
        "sequence": 24,
        "status": 1,
        "fuel": 5564,
        "fault": 0.0662,
        "weapon": 0,
        "pilot_injury": 0.4409,
        "pilot_skill": 0.0224,
        "mission_priority": 0.7709,
        "estimated_landing_time": 2262.0,
        "wait_time": 0,
        "Landing_success_rate": 1.0
    },
    {
        "model": 1,
        "sequence": 26,
        "status": 1,
        "fuel": 6937,
        "fault": 0.1221,
        "weapon": 0,
        "pilot_injury": 0.4723,
        "pilot_skill": 0.9076,
        "mission_priority": 0.4096,
        "estimated_landing_time": 2450.0,
        "wait_time": 0,
        "Landing_success_rate": 1.0
    },
    {
        "model": 2,
        "sequence": 19,
        "status": 1,
        "fuel": 6602,
        "fault": 0.7366,
        "weapon": 0,
        "pilot_injury": 0.5206,
        "pilot_skill": 0.1893,
        "mission_priority": 0.3171,
        "estimated_landing_time": 1792.0,
        "wait_time": 0,
        "Landing_success_rate": 1.0
    },
    {
        "model": 1,
        "sequence": 13,
        "status": 1,
        "fuel": 6568,
        "fault": 0.8206,
        "weapon": 1,
        "pilot_injury": 0.6094,
        "pilot_skill": 0.1185,
        "mission_priority": 0.6306,
        "estimated_landing_time": 1228.0,
        "wait_time": 0,
        "Landing_success_rate": 1.0
    },
    {
        "model": 0,
        "sequence": 7,
        "status": 1,
        "fuel": 6708,
        "fault": 0.992,
        "weapon": 0,
        "pilot_injury": 0.222,
        "pilot_skill": 0.893,
        "mission_priority": 0.6919,
        "estimated_landing_time": 664.0,
        "wait_time": 0,
        "Landing_success_rate": 1.0
    },
    {
        "model": 1,
        "sequence": 25,
        "status": 1,
        "fuel": 5599,
        "fault": 0.7334,
        "weapon": 1,
        "pilot_injury": 0.6741,
        "pilot_skill": 0.5744,
        "mission_priority": 0.6185,
        "estimated_landing_time": 2356.0,
        "wait_time": 0,
        "Landing_success_rate": 1.0
    },
    {
        "model": 1,
        "sequence": 30,
        "status": 1,
        "fuel": 6871,
        "fault": 0.5197,
        "weapon": 0,
        "pilot_injury": 0.3204,
        "pilot_skill": 0.7085,
        "mission_priority": 0.9911,
        "estimated_landing_time": 2826.0,
        "wait_time": 0,
        "Landing_success_rate": 1.0
    },
    {
        "model": 1,
        "sequence": 6,
        "status": 1,
        "fuel": 7038,
        "fault": 0.791,
        "weapon": 1,
        "pilot_injury": 0.6482,
        "pilot_skill": 0.2534,
        "mission_priority": 0.1822,
        "estimated_landing_time": 570.0,
        "wait_time": 0,
        "Landing_success_rate": 1.0
    },
    {
        "model": 1,
        "sequence": 10,
        "status": 1,
        "fuel": 6310,
        "fault": 0.2174,
        "weapon": 0,
        "pilot_injury": 0.8645,
        "pilot_skill": 0.7873,
        "mission_priority": 0.8527,
        "estimated_landing_time": 946.0,
        "wait_time": 0,
        "Landing_success_rate": 1.0
    },
    {
        "model": 2,
        "sequence": 8,
        "status": 1,
        "fuel": 6269,
        "fault": 0.0705,
        "weapon": 0,
        "pilot_injury": 0.5279,
        "pilot_skill": 0.2655,
        "mission_priority": 0.7054,
        "estimated_landing_time": 758.0,
        "wait_time": 0,
        "Landing_success_rate": 1.0
    },
    {
        "model": 1,
        "sequence": 28,
        "status": 1,
        "fuel": 6029,
        "fault": 0.5487,
        "weapon": 0,
        "pilot_injury": 0.1953,
        "pilot_skill": 0.5048,
        "mission_priority": 0.2939,
        "estimated_landing_time": 2638.0,
        "wait_time": 0,
        "Landing_success_rate": 1.0
    },
    {
        "model": 0,
        "sequence": 21,
        "status": 1,
        "fuel": 5651,
        "fault": 0.5037,
        "weapon": 1,
        "pilot_injury": 0.4935,
        "pilot_skill": 0.3272,
        "mission_priority": 0.507,
        "estimated_landing_time": 1980.0,
        "wait_time": 0,
        "Landing_success_rate": 1.0
    },
    {
        "model": 1,
        "sequence": 3,
        "status": 1,
        "fuel": 7352,
        "fault": 0.867,
        "weapon": 1,
        "pilot_injury": 0.3575,
        "pilot_skill": 0.627,
        "mission_priority": 0.8883,
        "estimated_landing_time": 288.0,
        "wait_time": 0,
        "Landing_success_rate": 1.0
    },
    {
        "model": 0,
        "sequence": 20,
        "status": 1,
        "fuel": 6826,
        "fault": 0.5553,
        "weapon": 0,
        "pilot_injury": 0.5692,
        "pilot_skill": 0.4965,
        "mission_priority": 0.8076,
        "estimated_landing_time": 1886.0,
        "wait_time": 0,
        "Landing_success_rate": 1.0
    },
    {
        "model": 1,
        "sequence": 11,
        "status": 1,
        "fuel": 7460,
        "fault": 0.2342,
        "weapon": 0,
        "pilot_injury": 0.5863,
        "pilot_skill": 0.8489,
        "mission_priority": 0.0104,
        "estimated_landing_time": 1040.0,
        "wait_time": 0,
        "Landing_success_rate": 1.0
    },
    {
        "model": 2,
        "sequence": 22,
        "status": 1,
        "fuel": 7032,
        "fault": 0.9437,
        "weapon": 0,
        "pilot_injury": 0.7212,
        "pilot_skill": 0.4165,
        "mission_priority": 0.6811,
        "estimated_landing_time": 2074.0,
        "wait_time": 0,
        "Landing_success_rate": 1.0
    },
    {
        "model": 0,
        "sequence": 17,
        "status": 1,
        "fuel": 6264,
        "fault": 0.344,
        "weapon": 0,
        "pilot_injury": 0.5146,
        "pilot_skill": 0.2772,
        "mission_priority": 0.5604,
        "estimated_landing_time": 1604.0,
        "wait_time": 0,
        "Landing_success_rate": 1.0
    }
]