[
    {
        "model": 2,
        "sequence": 22,
        "status": 1,
        "fuel": 7198,
        "fault": 0.0104,
        "weapon": 0,
        "pilot_injury": 0.7235,
        "pilot_skill": 0.7456,
        "mission_priority": 0.4049,
        "estimated_landing_time": 2074.0,
        "wait_time": 0,
        "Landing_success_rate": 1.0
    },
    {
        "model": 2,
        "sequence": 26,
        "status": 1,
        "fuel": 7184,
        "fault": 0.5179,
        "weapon": 0,
        "pilot_injury": 0.2834,
        "pilot_skill": 0.7547,
        "mission_priority": 0.7028,
        "estimated_landing_time": 2450.0,
        "wait_time": 0,
        "Landing_success_rate": 1.0
    },
    {
        "model": 2,
        "sequence": 4,
        "status": 1,
        "fuel": 7236,
        "fault": 0.556,
        "weapon": 0,
        "pilot_injury": 0.3887,
        "pilot_skill": 0.714,
        "mission_priority": 0.619,
        "estimated_landing_time": 382.0,
        "wait_time": 0,
        "Landing_success_rate": 1.0
    },
    {
        "model": 1,
        "sequence": 12,
        "status": 1,
        "fuel": 6912,
        "fault": 0.0103,
        "weapon": 0,
        "pilot_injury": 0.9105,
        "pilot_skill": 0.1802,
        "mission_priority": 0.3141,
        "estimated_landing_time": 1134.0,
        "wait_time": 0,
        "Landing_success_rate": 1.0
    },
    {
        "model": 0,
        "sequence": 14,
        "status": 1,
        "fuel": 7336,
        "fault": 0.6893,
        "weapon": 0,
        "pilot_injury": 0.6523,
        "pilot_skill": 0.433,
        "mission_priority": 0.4124,
        "estimated_landing_time": 1322.0,
        "wait_time": 0,
        "Landing_success_rate": 1.0
    },
    {
        "model": 0,
        "sequence": 5,
        "status": 1,
        "fuel": 5737,
        "fault": 0.8543,
        "weapon": 1,
        "pilot_injury": 0.1758,
        "pilot_skill": 0.671,
        "mission_priority": 0.9671,
        "estimated_landing_time": 476.0,
        "wait_time": 0,
        "Landing_success_rate": 1.0
    },
    {
        "model": 0,
        "sequence": 7,
        "status": 1,
        "fuel": 6905,
        "fault": 0.1339,
        "weapon": 1,
        "pilot_injury": 0.0242,
        "pilot_skill": 0.3788,
        "mission_priority": 0.2146,
        "estimated_landing_time": 664.0,
        "wait_time": 0,
        "Landing_success_rate": 1.0
    },
    {
        "model": 1,
        "sequence": 16,
        "status": 1,
        "fuel": 7497,
        "fault": 0.2698,
        "weapon": 1,
        "pilot_injury": 0.3493,
        "pilot_skill": 0.7499,
        "mission_priority": 0.9048,
        "estimated_landing_time": 1510.0,
        "wait_time": 0,
        "Landing_success_rate": 1.0
    },
    {
        "model": 2,
        "sequence": 8,
        "status": 1,
        "fuel": 5666,
        "fault": 0.6053,
        "weapon": 1,
        "pilot_injury": 0.1312,
        "pilot_skill": 0.2287,
        "mission_priority": 0.5614,
        "estimated_landing_time": 758.0,
        "wait_time": 0,
        "Landing_success_rate": 1.0
    },
    {
        "model": 1,
        "sequence": 24,
        "status": 1,
        "fuel": 7499,
        "fault": 0.8676,
        "weapon": 1,
        "pilot_injury": 0.2949,
        "pilot_skill": 0.9049,
        "mission_priority": 0.1742,
        "estimated_landing_time": 2262.0,
        "wait_time": 0,
        "Landing_success_rate": 1.0
    },
    {
        "model": 1,
        "sequence": 6,
        "status": 1,
        "fuel": 6890,
        "fault": 0.8505,
        "weapon": 0,
        "pilot_injury": 0.1062,
        "pilot_skill": 0.3294,
        "mission_priority": 0.1894,
        "estimated_landing_time": 570.0,
        "wait_time": 0,
        "Landing_success_rate": 1.0
    },
    {
        "model": 2,
        "sequence": 18,
        "status": 1,
        "fuel": 6397,
        "fault": 0.7225,
        "weapon": 0,
        "pilot_injury": 0.2016,
        "pilot_skill": 0.166,
        "mission_priority": 0.0911,
        "estimated_landing_time": 1698.0,
        "wait_time": 0,
        "Landing_success_rate": 1.0
    },
    {
        "model": 0,
        "sequence": 3,
        "status": 1,
        "fuel": 7271,
        "fault": 0.0815,
        "weapon": 1,
        "pilot_injury": 0.9082,
        "pilot_skill": 0.1872,
        "mission_priority": 0.6029,
        "estimated_landing_time": 288.0,
        "wait_time": 0,
        "Landing_success_rate": 1.0
    },
    {
        "model": 1,
        "sequence": 9,
        "status": 1,
        "fuel": 7225,
        "fault": 0.7666,
        "weapon": 0,
        "pilot_injury": 0.5163,
        "pilot_skill": 0.4507,
        "mission_priority": 0.9288,
        "estimated_landing_time": 852.0,
        "wait_time": 0,
        "Landing_success_rate": 1.0
    },
    {
        "model": 2,
        "sequence": 27,
        "status": 1,
        "fuel": 6749,
        "fault": 0.7416,
        "weapon": 0,
        "pilot_injury": 0.7115,
        "pilot_skill": 0.5827,
        "mission_priority": 0.3472,
        "estimated_landing_time": 2544.0,
        "wait_time": 0,
        "Landing_success_rate": 1.0
    },
    {
        "model": 2,
        "sequence": 20,
        "status": 1,
        "fuel": 7227,
        "fault": 0.4541,
        "weapon": 0,
        "pilot_injury": 0.0054,
        "pilot_skill": 0.8651,
        "mission_priority": 0.3971,
        "estimated_landing_time": 1886.0,
        "wait_time": 0,
        "Landing_success_rate": 1.0
    },
    {
        "model": 0,
        "sequence": 10,
        "status": 1,
        "fuel": 6986,
        "fault": 0.4939,
        "weapon": 1,
        "pilot_injury": 0.8814,
        "pilot_skill": 0.6508,
        "mission_priority": 0.5794,
        "estimated_landing_time": 946.0,
        "wait_time": 0,
        "Landing_success_rate": 1.0
    },
    {
        "model": 2,
        "sequence": 15,
        "status": 1,
        "fuel": 5869,
        "fault": 0.5973,
        "weapon": 1,
        "pilot_injury": 0.0653,
        "pilot_skill": 0.516,
        "mission_priority": 0.424,
        "estimated_landing_time": 1416.0,
        "wait_time": 0,
        "Landing_success_rate": 1.0
    },
    {
        "model": 2,
        "sequence": 28,
        "status": 1,
        "fuel": 6102,
        "fault": 0.2401,
        "weapon": 1,
        "pilot_injury": 0.6151,
        "pilot_skill": 0.3923,
        "mission_priority": 0.8629,
        "estimated_landing_time": 2638.0,
        "wait_time": 0,
        "Landing_success_rate": 1.0
    },
    {
        "model": 2,
        "sequence": 17,
        "status": 1,
        "fuel": 6570,
        "fault": 0.0296,
        "weapon": 0,
        "pilot_injury": 0.9132,
        "pilot_skill": 0.1673,
        "mission_priority": 0.6806,
        "estimated_landing_time": 1604.0,
        "wait_time": 0,
        "Landing_success_rate": 1.0
    },
    {
        "model": 0,
        "sequence": 2,
        "status": 1,
        "fuel": 6808,
        "fault": 0.9773,
        "weapon": 1,
        "pilot_injury": 0.7329,
        "pilot_skill": 0.1987,
        "mission_priority": 0.9387,
        "estimated_landing_time": 194.0,
        "wait_time": 0,
        "Landing_success_rate": 1.0
    },
    {
        "model": 0,
        "sequence": 23,
        "status": 1,
        "fuel": 6257,
        "fault": 0.4542,
        "weapon": 0,
        "pilot_injury": 0.2019,
        "pilot_skill": 0.8697,
        "mission_priority": 0.6681,
        "estimated_landing_time": 2168.0,
        "wait_time": 0,
        "Landing_success_rate": 1.0
    },
    {
        "model": 2,
        "sequence": 13,
        "status": 1,
        "fuel": 7405,
        "fault": 0.8224,
        "weapon": 1,
        "pilot_injury": 0.6329,
        "pilot_skill": 0.6696,
        "mission_priority": 0.2537,
        "estimated_landing_time": 1228.0,
        "wait_time": 0,
        "Landing_success_rate": 1.0
    },
    {
        "model": 2,
        "sequence": 21,
        "status": 1,
        "fuel": 7071,
        "fault": 0.7421,
        "weapon": 1,
        "pilot_injury": 0.8444,
        "pilot_skill": 0.3515,
        "mission_priority": 0.3317,
        "estimated_landing_time": 1980.0,
        "wait_time": 0,
        "Landing_success_rate": 1.0
    },
    {
        "model": 0,
        "sequence": 1,
        "status": 1,
        "fuel": 5806,
        "fault": 0.6009,
        "weapon": 1,
        "pilot_injury": 0.3303,
        "pilot_skill": 0.3272,
        "mission_priority": 0.6887,
        "estimated_landing_time": 100.0,
        "wait_time": 0,
        "Landing_success_rate": 1.0
    },
    {
        "model": 0,
        "sequence": 30,
        "status": 1,
        "fuel": 6896,
        "fault": 0.5441,
        "weapon": 0,
        "pilot_injury": 0.5381,
        "pilot_skill": 0.9695,
        "mission_priority": 0.0767,
        "estimated_landing_time": 2826.0,
        "wait_time": 0,
        "Landing_success_rate": 1.0
    },
    {
        "model": 0,
        "sequence": 29,
        "status": 1,
        "fuel": 6327,
        "fault": 0.3815,
        "weapon": 1,
        "pilot_injury": 0.5333,
        "pilot_skill": 0.4092,
        "mission_priority": 0.6552,
        "estimated_landing_time": 2732.0,
        "wait_time": 0,
        "Landing_success_rate": 1.0
    },
    {
        "model": 1,
        "sequence": 19,
        "status": 1,
        "fuel": 6881,
        "fault": 0.1146,
        "weapon": 0,
        "pilot_injury": 0.9923,
        "pilot_skill": 0.6365,
        "mission_priority": 0.8729,
        "estimated_landing_time": 1792.0,
        "wait_time": 0,
        "Landing_success_rate": 1.0
    },
    {
        "model": 0,
        "sequence": 11,
        "status": 1,
        "fuel": 6222,
        "fault": 0.5698,
        "weapon": 0,
        "pilot_injury": 0.8407,
        "pilot_skill": 0.2872,
        "mission_priority": 0.6371,
        "estimated_landing_time": 1040.0,
        "wait_time": 0,
        "Landing_success_rate": 1.0
    },
    {
        "model": 2,
        "sequence": 25,
        "status": 1,
        "fuel": 6087,
        "fault": 0.5128,
        "weapon": 1,
        "pilot_injury": 0.1686,
        "pilot_skill": 0.2772,
        "mission_priority": 0.2867,
        "estimated_landing_time": 2356.0,
        "wait_time": 0,
        "Landing_success_rate": 1.0
    }
]