[
    {
        "model": 2,
        "sequence": 11,
        "status": 1,
        "fuel": 6558,
        "fault": 0.7544,
        "weapon": 0,
        "pilot_injury": 0.0085,
        "pilot_skill": 0.2206,
        "mission_priority": 0.4919,
        "estimated_landing_time": 1040.0,
        "wait_time": 0,
        "Landing_success_rate": 1.0
    },
    {
        "model": 1,
        "sequence": 1,
        "status": 1,
        "fuel": 6795,
        "fault": 0.0095,
        "weapon": 0,
        "pilot_injury": 0.3597,
        "pilot_skill": 0.937,
        "mission_priority": 0.4594,
        "estimated_landing_time": 100.0,
        "wait_time": 0,
        "Landing_success_rate": 1.0
    },
    {
        "model": 0,
        "sequence": 23,
        "status": 1,
        "fuel": 6737,
        "fault": 0.7773,
        "weapon": 0,
        "pilot_injury": 0.8293,
        "pilot_skill": 0.1049,
        "mission_priority": 0.5861,
        "estimated_landing_time": 2168.0,
        "wait_time": 0,
        "Landing_success_rate": 1.0
    },
    {
        "model": 2,
        "sequence": 16,
        "status": 1,
        "fuel": 6223,
        "fault": 0.0811,
        "weapon": 1,
        "pilot_injury": 0.6236,
        "pilot_skill": 0.7262,
        "mission_priority": 0.0392,
        "estimated_landing_time": 1510.0,
        "wait_time": 0,
        "Landing_success_rate": 1.0
    },
    {
        "model": 0,
        "sequence": 19,
        "status": 1,
        "fuel": 6944,
        "fault": 0.2804,
        "weapon": 1,
        "pilot_injury": 0.0788,
        "pilot_skill": 0.5007,
        "mission_priority": 0.7138,
        "estimated_landing_time": 1792.0,
        "wait_time": 0,
        "Landing_success_rate": 1.0
    },
    {
        "model": 0,
        "sequence": 9,
        "status": 1,
        "fuel": 6950,
        "fault": 0.2436,
        "weapon": 1,
        "pilot_injury": 0.5764,
        "pilot_skill": 0.8332,
        "mission_priority": 0.2181,
        "estimated_landing_time": 852.0,
        "wait_time": 0,
        "Landing_success_rate": 1.0
    },
    {
        "model": 0,
        "sequence": 21,
        "status": 1,
        "fuel": 6675,
        "fault": 0.6973,
        "weapon": 0,
        "pilot_injury": 0.4038,
        "pilot_skill": 0.1995,
        "mission_priority": 0.876,
        "estimated_landing_time": 1980.0,
        "wait_time": 0,
        "Landing_success_rate": 1.0
    },
    {
        "model": 2,
        "sequence": 29,
        "status": 1,
        "fuel": 5517,
        "fault": 0.1662,
        "weapon": 1,
        "pilot_injury": 0.0095,
        "pilot_skill": 0.2912,
        "mission_priority": 0.1433,
        "estimated_landing_time": 2732.0,
        "wait_time": 0,
        "Landing_success_rate": 1.0
    },
    {
        "model": 2,
        "sequence": 18,
        "status": 1,
        "fuel": 6093,
        "fault": 0.9264,
        "weapon": 0,
        "pilot_injury": 0.942,
        "pilot_skill": 0.952,
        "mission_priority": 0.6589,
        "estimated_landing_time": 1698.0,
        "wait_time": 0,
        "Landing_success_rate": 1.0
    },
    {
        "model": 0,
        "sequence": 12,
        "status": 1,
        "fuel": 6683,
        "fault": 0.7532,
        "weapon": 1,
        "pilot_injury": 0.5131,
        "pilot_skill": 0.4992,
        "mission_priority": 0.6033,
        "estimated_landing_time": 1134.0,
        "wait_time": 0,
        "Landing_success_rate": 1.0
    },
    {
        "model": 2,
        "sequence": 14,
        "status": 1,
        "fuel": 6444,
        "fault": 0.6491,
        "weapon": 1,
        "pilot_injury": 0.1089,
        "pilot_skill": 0.266,
        "mission_priority": 0.8331,
        "estimated_landing_time": 1322.0,
        "wait_time": 0,
        "Landing_success_rate": 1.0
    },
    {
        "model": 0,
        "sequence": 4,
        "status": 1,
        "fuel": 7320,
        "fault": 0.4764,
        "weapon": 1,
        "pilot_injury": 0.7306,
        "pilot_skill": 0.672,
        "mission_priority": 0.4735,
        "estimated_landing_time": 382.0,
        "wait_time": 0,
        "Landing_success_rate": 1.0
    },
    {
        "model": 0,
        "sequence": 25,
        "status": 1,
        "fuel": 6869,
        "fault": 0.0429,
        "weapon": 0,
        "pilot_injury": 0.6779,
        "pilot_skill": 0.169,
        "mission_priority": 0.7048,
        "estimated_landing_time": 2356.0,
        "wait_time": 0,
        "Landing_success_rate": 1.0
    },
    {
        "model": 0,
        "sequence": 27,
        "status": 1,
        "fuel": 5937,
        "fault": 0.3042,
        "weapon": 0,
        "pilot_injury": 0.2228,
        "pilot_skill": 0.9888,
        "mission_priority": 0.1534,
        "estimated_landing_time": 2544.0,
        "wait_time": 0,
        "Landing_success_rate": 1.0
    },
    {
        "model": 2,
        "sequence": 15,
        "status": 1,
        "fuel": 7387,
        "fault": 0.3002,
        "weapon": 1,
        "pilot_injury": 0.419,
        "pilot_skill": 0.475,
        "mission_priority": 0.8909,
        "estimated_landing_time": 1416.0,
        "wait_time": 0,
        "Landing_success_rate": 1.0
    },
    {
        "model": 1,
        "sequence": 13,
        "status": 1,
        "fuel": 5804,
        "fault": 0.0426,
        "weapon": 1,
        "pilot_injury": 0.1283,
        "pilot_skill": 0.0073,
        "mission_priority": 0.125,
        "estimated_landing_time": 1228.0,
        "wait_time": 0,
        "Landing_success_rate": 1.0
    },
    {
        "model": 1,
        "sequence": 3,
        "status": 1,
        "fuel": 6289,
        "fault": 0.1954,
        "weapon": 0,
        "pilot_injury": 0.9671,
        "pilot_skill": 0.0357,
        "mission_priority": 0.6802,
        "estimated_landing_time": 288.0,
        "wait_time": 0,
        "Landing_success_rate": 1.0
    },
    {
        "model": 2,
        "sequence": 22,
        "status": 1,
        "fuel": 6039,
        "fault": 0.479,
        "weapon": 0,
        "pilot_injury": 0.381,
        "pilot_skill": 0.0958,
        "mission_priority": 0.568,
        "estimated_landing_time": 2074.0,
        "wait_time": 0,
        "Landing_success_rate": 1.0
    },
    {
        "model": 2,
        "sequence": 24,
        "status": 1,
        "fuel": 6799,
        "fault": 0.3548,
        "weapon": 1,
        "pilot_injury": 0.6582,
        "pilot_skill": 0.705,
        "mission_priority": 0.9925,
        "estimated_landing_time": 2262.0,
        "wait_time": 0,
        "Landing_success_rate": 1.0
    },
    {
        "model": 0,
        "sequence": 2,
        "status": 1,
        "fuel": 7296,
        "fault": 0.0519,
        "weapon": 0,
        "pilot_injury": 0.8046,
        "pilot_skill": 0.5784,
        "mission_priority": 0.0373,
        "estimated_landing_time": 194.0,
        "wait_time": 0,
        "Landing_success_rate": 1.0
    },
    {
        "model": 0,
        "sequence": 6,
        "status": 1,
        "fuel": 7156,
        "fault": 0.5149,
        "weapon": 1,
        "pilot_injury": 0.1708,
        "pilot_skill": 0.1021,
        "mission_priority": 0.0779,
        "estimated_landing_time": 570.0,
        "wait_time": 0,
        "Landing_success_rate": 1.0
    },
    {
        "model": 1,
        "sequence": 10,
        "status": 1,
        "fuel": 5681,
        "fault": 0.6074,
        "weapon": 1,
        "pilot_injury": 0.4424,
        "pilot_skill": 0.2529,
        "mission_priority": 0.1265,
        "estimated_landing_time": 946.0,
        "wait_time": 0,
        "Landing_success_rate": 1.0
    },
    {
        "model": 0,
        "sequence": 8,
        "status": 1,
        "fuel": 6823,
        "fault": 0.3658,
        "weapon": 0,
        "pilot_injury": 0.0189,
        "pilot_skill": 0.4184,
        "mission_priority": 0.3104,
        "estimated_landing_time": 758.0,
        "wait_time": 0,
        "Landing_success_rate": 1.0
    },
    {
        "model": 1,
        "sequence": 5,
        "status": 1,
        "fuel": 7369,
        "fault": 0.9061,
        "weapon": 0,
        "pilot_injury": 0.6689,
        "pilot_skill": 0.6165,
        "mission_priority": 0.9373,
        "estimated_landing_time": 476.0,
        "wait_time": 0,
        "Landing_success_rate": 1.0
    },
    {
        "model": 1,
        "sequence": 17,
        "status": 1,
        "fuel": 6602,
        "fault": 0.6989,
        "weapon": 1,
        "pilot_injury": 0.2134,
        "pilot_skill": 0.7554,
        "mission_priority": 0.1408,
        "estimated_landing_time": 1604.0,
        "wait_time": 0,
        "Landing_success_rate": 1.0
    },
    {
        "model": 2,
        "sequence": 26,
        "status": 1,
        "fuel": 6141,
        "fault": 0.6178,
        "weapon": 0,
        "pilot_injury": 0.6583,
        "pilot_skill": 0.9176,
        "mission_priority": 0.9466,
        "estimated_landing_time": 2450.0,
        "wait_time": 0,
        "Landing_success_rate": 1.0
    },
    {
        "model": 2,
        "sequence": 20,
        "status": 1,
        "fuel": 6680,
        "fault": 0.3987,
        "weapon": 1,
        "pilot_injury": 0.8116,
        "pilot_skill": 0.5183,
        "mission_priority": 0.453,
        "estimated_landing_time": 1886.0,
        "wait_time": 0,
        "Landing_success_rate": 1.0
    },
    {
        "model": 2,
        "sequence": 7,
        "status": 1,
        "fuel": 6687,
        "fault": 0.6775,
        "weapon": 0,
        "pilot_injury": 0.9707,
        "pilot_skill": 0.584,
        "mission_priority": 0.466,
        "estimated_landing_time": 664.0,
        "wait_time": 0,
        "Landing_success_rate": 1.0
    },
    {
        "model": 1,
        "sequence": 28,
        "status": 1,
        "fuel": 6584,
        "fault": 0.0571,
        "weapon": 1,
        "pilot_injury": 0.6127,
        "pilot_skill": 0.647,
        "mission_priority": 0.9714,
        "estimated_landing_time": 2638.0,
        "wait_time": 0,
        "Landing_success_rate": 1.0
    },
    {
        "model": 2,
        "sequence": 30,
        "status": 1,
        "fuel": 6159,
        "fault": 0.925,
        "weapon": 0,
        "pilot_injury": 0.6913,
        "pilot_skill": 0.6595,
        "mission_priority": 0.0138,
        "estimated_landing_time": 2826.0,
        "wait_time": 0,
        "Landing_success_rate": 1.0
    }
]