[
    {
        "model": 1,
        "sequence": 16,
        "status": 1,
        "fuel": 6484,
        "fault": 0.4706,
        "weapon": 0,
        "pilot_injury": 0.2662,
        "pilot_skill": 0.6301,
        "mission_priority": 0.9262,
        "estimated_landing_time": 1510.0,
        "wait_time": 0,
        "Landing_success_rate": 1.0
    },
    {
        "model": 2,
        "sequence": 24,
        "status": 1,
        "fuel": 6908,
        "fault": 0.0835,
        "weapon": 1,
        "pilot_injury": 0.663,
        "pilot_skill": 0.993,
        "mission_priority": 0.7365,
        "estimated_landing_time": 2262.0,
        "wait_time": 0,
        "Landing_success_rate": 1.0
    },
    {
        "model": 2,
        "sequence": 8,
        "status": 1,
        "fuel": 6006,
        "fault": 0.3322,
        "weapon": 1,
        "pilot_injury": 0.1751,
        "pilot_skill": 0.946,
        "mission_priority": 0.1656,
        "estimated_landing_time": 758.0,
        "wait_time": 0,
        "Landing_success_rate": 1.0
    },
    {
        "model": 2,
        "sequence": 5,
        "status": 1,
        "fuel": 6872,
        "fault": 0.7244,
        "weapon": 1,
        "pilot_injury": 0.1846,
        "pilot_skill": 0.7588,
        "mission_priority": 0.795,
        "estimated_landing_time": 476.0,
        "wait_time": 0,
        "Landing_success_rate": 1.0
    },
    {
        "model": 0,
        "sequence": 9,
        "status": 1,
        "fuel": 6094,
        "fault": 0.3001,
        "weapon": 1,
        "pilot_injury": 0.5008,
        "pilot_skill": 0.8902,
        "mission_priority": 0.8473,
        "estimated_landing_time": 852.0,
        "wait_time": 0,
        "Landing_success_rate": 1.0
    },
    {
        "model": 1,
        "sequence": 6,
        "status": 1,
        "fuel": 6970,
        "fault": 0.3001,
        "weapon": 1,
        "pilot_injury": 0.2639,
        "pilot_skill": 0.3494,
        "mission_priority": 0.1491,
        "estimated_landing_time": 570.0,
        "wait_time": 0,
        "Landing_success_rate": 1.0
    },
    {
        "model": 2,
        "sequence": 22,
        "status": 1,
        "fuel": 6007,
        "fault": 0.6668,
        "weapon": 1,
        "pilot_injury": 0.5061,
        "pilot_skill": 0.8275,
        "mission_priority": 0.6413,
        "estimated_landing_time": 2074.0,
        "wait_time": 0,
        "Landing_success_rate": 1.0
    },
    {
        "model": 0,
        "sequence": 1,
        "status": 1,
        "fuel": 7180,
        "fault": 0.1849,
        "weapon": 0,
        "pilot_injury": 0.0642,
        "pilot_skill": 0.5808,
        "mission_priority": 0.3897,
        "estimated_landing_time": 100.0,
        "wait_time": 0,
        "Landing_success_rate": 1.0
    },
    {
        "model": 2,
        "sequence": 30,
        "status": 1,
        "fuel": 6718,
        "fault": 0.0424,
        "weapon": 0,
        "pilot_injury": 0.8981,
        "pilot_skill": 0.586,
        "mission_priority": 0.9033,
        "estimated_landing_time": 2826.0,
        "wait_time": 0,
        "Landing_success_rate": 1.0
    },
    {
        "model": 1,
        "sequence": 7,
        "status": 1,
        "fuel": 6328,
        "fault": 0.7851,
        "weapon": 0,
        "pilot_injury": 0.36,
        "pilot_skill": 0.7568,
        "mission_priority": 0.3054,
        "estimated_landing_time": 664.0,
        "wait_time": 0,
        "Landing_success_rate": 1.0
    },
    {
        "model": 0,
        "sequence": 20,
        "status": 1,
        "fuel": 6077,
        "fault": 0.6024,
        "weapon": 0,
        "pilot_injury": 0.7626,
        "pilot_skill": 0.8206,
        "mission_priority": 0.2997,
        "estimated_landing_time": 1886.0,
        "wait_time": 0,
        "Landing_success_rate": 1.0
    },
    {
        "model": 2,
        "sequence": 19,
        "status": 1,
        "fuel": 6282,
        "fault": 0.6689,
        "weapon": 0,
        "pilot_injury": 0.0113,
        "pilot_skill": 0.8665,
        "mission_priority": 0.5235,
        "estimated_landing_time": 1792.0,
        "wait_time": 0,
        "Landing_success_rate": 1.0
    },
    {
        "model": 0,
        "sequence": 13,
        "status": 1,
        "fuel": 6665,
        "fault": 0.0965,
        "weapon": 0,
        "pilot_injury": 0.9569,
        "pilot_skill": 0.6151,
        "mission_priority": 0.5122,
        "estimated_landing_time": 1228.0,
        "wait_time": 0,
        "Landing_success_rate": 1.0
    },
    {
        "model": 1,
        "sequence": 28,
        "status": 1,
        "fuel": 7051,
        "fault": 0.9554,
        "weapon": 1,
        "pilot_injury": 0.8288,
        "pilot_skill": 0.4169,
        "mission_priority": 0.7273,
        "estimated_landing_time": 2638.0,
        "wait_time": 0,
        "Landing_success_rate": 1.0
    },
    {
        "model": 1,
        "sequence": 17,
        "status": 1,
        "fuel": 7418,
        "fault": 0.6156,
        "weapon": 0,
        "pilot_injury": 0.9942,
        "pilot_skill": 0.2625,
        "mission_priority": 0.6341,
        "estimated_landing_time": 1604.0,
        "wait_time": 0,
        "Landing_success_rate": 1.0
    },
    {
        "model": 0,
        "sequence": 15,
        "status": 1,
        "fuel": 7227,
        "fault": 0.3939,
        "weapon": 0,
        "pilot_injury": 0.8741,
        "pilot_skill": 0.3476,
        "mission_priority": 0.0724,
        "estimated_landing_time": 1416.0,
        "wait_time": 0,
        "Landing_success_rate": 1.0
    },
    {
        "model": 2,
        "sequence": 14,
        "status": 1,
        "fuel": 6952,
        "fault": 0.818,
        "weapon": 0,
        "pilot_injury": 0.4494,
        "pilot_skill": 0.1833,
        "mission_priority": 0.0929,
        "estimated_landing_time": 1322.0,
        "wait_time": 0,
        "Landing_success_rate": 1.0
    },
    {
        "model": 1,
        "sequence": 27,
        "status": 1,
        "fuel": 7211,
        "fault": 0.5256,
        "weapon": 0,
        "pilot_injury": 0.4118,
        "pilot_skill": 0.5702,
        "mission_priority": 0.082,
        "estimated_landing_time": 2544.0,
        "wait_time": 0,
        "Landing_success_rate": 1.0
    },
    {
        "model": 1,
        "sequence": 25,
        "status": 1,
        "fuel": 6329,
        "fault": 0.2943,
        "weapon": 1,
        "pilot_injury": 0.6733,
        "pilot_skill": 0.2645,
        "mission_priority": 0.9669,
        "estimated_landing_time": 2356.0,
        "wait_time": 0,
        "Landing_success_rate": 1.0
    },
    {
        "model": 2,
        "sequence": 2,
        "status": 1,
        "fuel": 7001,
        "fault": 0.0505,
        "weapon": 0,
        "pilot_injury": 0.4695,
        "pilot_skill": 0.3191,
        "mission_priority": 0.8174,
        "estimated_landing_time": 194.0,
        "wait_time": 0,
        "Landing_success_rate": 1.0
    },
    {
        "model": 0,
        "sequence": 26,
        "status": 1,
        "fuel": 7287,
        "fault": 0.2961,
        "weapon": 1,
        "pilot_injury": 0.6547,
        "pilot_skill": 0.6861,
        "mission_priority": 0.9614,
        "estimated_landing_time": 2450.0,
        "wait_time": 0,
        "Landing_success_rate": 1.0
    },
    {
        "model": 0,
        "sequence": 4,
        "status": 1,
        "fuel": 6359,
        "fault": 0.7103,
        "weapon": 0,
        "pilot_injury": 0.5206,
        "pilot_skill": 0.4476,
        "mission_priority": 0.7917,
        "estimated_landing_time": 382.0,
        "wait_time": 0,
        "Landing_success_rate": 1.0
    },
    {
        "model": 2,
        "sequence": 29,
        "status": 1,
        "fuel": 7341,
        "fault": 0.8904,
        "weapon": 0,
        "pilot_injury": 0.8466,
        "pilot_skill": 0.909,
        "mission_priority": 0.9241,
        "estimated_landing_time": 2732.0,
        "wait_time": 0,
        "Landing_success_rate": 1.0
    },
    {
        "model": 1,
        "sequence": 3,
        "status": 1,
        "fuel": 7429,
        "fault": 0.743,
        "weapon": 0,
        "pilot_injury": 0.0149,
        "pilot_skill": 0.9202,
        "mission_priority": 0.3515,
        "estimated_landing_time": 288.0,
        "wait_time": 0,
        "Landing_success_rate": 1.0
    },
    {
        "model": 1,
        "sequence": 23,
        "status": 1,
        "fuel": 7279,
        "fault": 0.535,
        "weapon": 1,
        "pilot_injury": 0.7329,
        "pilot_skill": 0.442,
        "mission_priority": 0.758,
        "estimated_landing_time": 2168.0,
        "wait_time": 0,
        "Landing_success_rate": 1.0
    },
    {
        "model": 2,
        "sequence": 10,
        "status": 1,
        "fuel": 7029,
        "fault": 0.2994,
        "weapon": 0,
        "pilot_injury": 0.8154,
        "pilot_skill": 0.5557,
        "mission_priority": 0.9436,
        "estimated_landing_time": 946.0,
        "wait_time": 0,
        "Landing_success_rate": 1.0
    },
    {
        "model": 2,
        "sequence": 11,
        "status": 1,
        "fuel": 6234,
        "fault": 0.0686,
        "weapon": 0,
        "pilot_injury": 0.3183,
        "pilot_skill": 0.6017,
        "mission_priority": 0.6749,
        "estimated_landing_time": 1040.0,
        "wait_time": 0,
        "Landing_success_rate": 1.0
    },
    {
        "model": 0,
        "sequence": 21,
        "status": 1,
        "fuel": 6272,
        "fault": 0.2258,
        "weapon": 1,
        "pilot_injury": 0.1833,
        "pilot_skill": 0.3344,
        "mission_priority": 0.6864,
        "estimated_landing_time": 1980.0,
        "wait_time": 0,
        "Landing_success_rate": 1.0
    },
    {
        "model": 0,
        "sequence": 12,
        "status": 1,
        "fuel": 6627,
        "fault": 0.9466,
        "weapon": 0,
        "pilot_injury": 0.9637,
        "pilot_skill": 0.6259,
        "mission_priority": 0.9491,
        "estimated_landing_time": 1134.0,
        "wait_time": 0,
        "Landing_success_rate": 1.0
    },
    {
        "model": 2,
        "sequence": 18,
        "status": 1,
        "fuel": 6395,
        "fault": 0.7572,
        "weapon": 0,
        "pilot_injury": 0.5919,
        "pilot_skill": 0.1422,
        "mission_priority": 0.5197,
        "estimated_landing_time": 1698.0,
        "wait_time": 0,
        "Landing_success_rate": 1.0
    }
]