[
    {
        "model": 1,
        "sequence": 3,
        "status": 1,
        "fuel": 6346,
        "fault": 0.1658,
        "weapon": 1,
        "pilot_injury": 0.4816,
        "pilot_skill": 0.5678,
        "mission_priority": 0.6862,
        "estimated_landing_time": 288.0,
        "wait_time": 0,
        "Landing_success_rate": 1.0
    },
    {
        "model": 2,
        "sequence": 6,
        "status": 1,
        "fuel": 6446,
        "fault": 0.5409,
        "weapon": 1,
        "pilot_injury": 0.4312,
        "pilot_skill": 0.1338,
        "mission_priority": 0.208,
        "estimated_landing_time": 570.0,
        "wait_time": 0,
        "Landing_success_rate": 1.0
    },
    {
        "model": 1,
        "sequence": 20,
        "status": 1,
        "fuel": 7290,
        "fault": 0.8292,
        "weapon": 1,
        "pilot_injury": 0.0333,
        "pilot_skill": 0.6894,
        "mission_priority": 0.5542,
        "estimated_landing_time": 1886.0,
        "wait_time": 0,
        "Landing_success_rate": 1.0
    },
    {
        "model": 2,
        "sequence": 13,
        "status": 1,
        "fuel": 6898,
        "fault": 0.2056,
        "weapon": 1,
        "pilot_injury": 0.5796,
        "pilot_skill": 0.139,
        "mission_priority": 0.4598,
        "estimated_landing_time": 1228.0,
        "wait_time": 0,
        "Landing_success_rate": 1.0
    },
    {
        "model": 2,
        "sequence": 10,
        "status": 1,
        "fuel": 7345,
        "fault": 0.7558,
        "weapon": 1,
        "pilot_injury": 0.3638,
        "pilot_skill": 0.7847,
        "mission_priority": 0.6833,
        "estimated_landing_time": 946.0,
        "wait_time": 0,
        "Landing_success_rate": 1.0
    },
    {
        "model": 0,
        "sequence": 1,
        "status": 1,
        "fuel": 7255,
        "fault": 0.6668,
        "weapon": 1,
        "pilot_injury": 0.1835,
        "pilot_skill": 0.6835,
        "mission_priority": 0.6101,
        "estimated_landing_time": 100.0,
        "wait_time": 0,
        "Landing_success_rate": 1.0
    },
    {
        "model": 0,
        "sequence": 5,
        "status": 1,
        "fuel": 7056,
        "fault": 0.0938,
        "weapon": 1,
        "pilot_injury": 0.0094,
        "pilot_skill": 0.08,
        "mission_priority": 0.7691,
        "estimated_landing_time": 476.0,
        "wait_time": 0,
        "Landing_success_rate": 1.0
    },
    {
        "model": 2,
        "sequence": 29,
        "status": 1,
        "fuel": 7035,
        "fault": 0.4738,
        "weapon": 0,
        "pilot_injury": 0.2668,
        "pilot_skill": 0.8493,
        "mission_priority": 0.4424,
        "estimated_landing_time": 2732.0,
        "wait_time": 0,
        "Landing_success_rate": 1.0
    },
    {
        "model": 0,
        "sequence": 9,
        "status": 1,
        "fuel": 7350,
        "fault": 0.7569,
        "weapon": 1,
        "pilot_injury": 0.8714,
        "pilot_skill": 0.5353,
        "mission_priority": 0.9754,
        "estimated_landing_time": 852.0,
        "wait_time": 0,
        "Landing_success_rate": 1.0
    },
    {
        "model": 0,
        "sequence": 7,
        "status": 1,
        "fuel": 6553,
        "fault": 0.3516,
        "weapon": 0,
        "pilot_injury": 0.5882,
        "pilot_skill": 0.0171,
        "mission_priority": 0.5578,
        "estimated_landing_time": 664.0,
        "wait_time": 0,
        "Landing_success_rate": 1.0
    },
    {
        "model": 2,
        "sequence": 19,
        "status": 1,
        "fuel": 5750,
        "fault": 0.563,
        "weapon": 0,
        "pilot_injury": 0.5416,
        "pilot_skill": 0.2614,
        "mission_priority": 0.1624,
        "estimated_landing_time": 1792.0,
        "wait_time": 0,
        "Landing_success_rate": 1.0
    },
    {
        "model": 2,
        "sequence": 24,
        "status": 1,
        "fuel": 6546,
        "fault": 0.1923,
        "weapon": 0,
        "pilot_injury": 0.4357,
        "pilot_skill": 0.7488,
        "mission_priority": 0.057,
        "estimated_landing_time": 2262.0,
        "wait_time": 0,
        "Landing_success_rate": 1.0
    },
    {
        "model": 1,
        "sequence": 18,
        "status": 1,
        "fuel": 5698,
        "fault": 0.1171,
        "weapon": 1,
        "pilot_injury": 0.7512,
        "pilot_skill": 0.5284,
        "mission_priority": 0.5153,
        "estimated_landing_time": 1698.0,
        "wait_time": 0,
        "Landing_success_rate": 1.0
    },
    {
        "model": 2,
        "sequence": 21,
        "status": 1,
        "fuel": 7368,
        "fault": 0.2123,
        "weapon": 0,
        "pilot_injury": 0.0906,
        "pilot_skill": 0.3472,
        "mission_priority": 0.159,
        "estimated_landing_time": 1980.0,
        "wait_time": 0,
        "Landing_success_rate": 1.0
    },
    {
        "model": 1,
        "sequence": 26,
        "status": 1,
        "fuel": 7193,
        "fault": 0.4536,
        "weapon": 1,
        "pilot_injury": 0.4466,
        "pilot_skill": 0.9121,
        "mission_priority": 0.9004,
        "estimated_landing_time": 2450.0,
        "wait_time": 0,
        "Landing_success_rate": 1.0
    },
    {
        "model": 1,
        "sequence": 14,
        "status": 1,
        "fuel": 6291,
        "fault": 0.3331,
        "weapon": 0,
        "pilot_injury": 0.064,
        "pilot_skill": 0.8857,
        "mission_priority": 0.3106,
        "estimated_landing_time": 1322.0,
        "wait_time": 0,
        "Landing_success_rate": 1.0
    },
    {
        "model": 0,
        "sequence": 12,
        "status": 1,
        "fuel": 6189,
        "fault": 0.0464,
        "weapon": 0,
        "pilot_injury": 0.9848,
        "pilot_skill": 0.0718,
        "mission_priority": 0.447,
        "estimated_landing_time": 1134.0,
        "wait_time": 0,
        "Landing_success_rate": 1.0
    },
    {
        "model": 0,
        "sequence": 8,
        "status": 1,
        "fuel": 6647,
        "fault": 0.2567,
        "weapon": 1,
        "pilot_injury": 0.7388,
        "pilot_skill": 0.7244,
        "mission_priority": 0.7931,
        "estimated_landing_time": 758.0,
        "wait_time": 0,
        "Landing_success_rate": 1.0
    },
    {
        "model": 2,
        "sequence": 23,
        "status": 1,
        "fuel": 6108,
        "fault": 0.8007,
        "weapon": 0,
        "pilot_injury": 0.382,
        "pilot_skill": 0.9558,
        "mission_priority": 0.4093,
        "estimated_landing_time": 2168.0,
        "wait_time": 0,
        "Landing_success_rate": 1.0
    },
    {
        "model": 2,
        "sequence": 11,
        "status": 1,
        "fuel": 6453,
        "fault": 0.3739,
        "weapon": 0,
        "pilot_injury": 0.4273,
        "pilot_skill": 0.2501,
        "mission_priority": 0.7151,
        "estimated_landing_time": 1040.0,
        "wait_time": 0,
        "Landing_success_rate": 1.0
    },
    {
        "model": 1,
        "sequence": 16,
        "status": 1,
        "fuel": 6511,
        "fault": 0.9196,
        "weapon": 0,
        "pilot_injury": 0.4305,
        "pilot_skill": 0.3192,
        "mission_priority": 0.946,
        "estimated_landing_time": 1510.0,
        "wait_time": 0,
        "Landing_success_rate": 1.0
    },
    {
        "model": 1,
        "sequence": 15,
        "status": 1,
        "fuel": 7253,
        "fault": 0.645,
        "weapon": 1,
        "pilot_injury": 0.8706,
        "pilot_skill": 0.129,
        "mission_priority": 0.1081,
        "estimated_landing_time": 1416.0,
        "wait_time": 0,
        "Landing_success_rate": 1.0
    },
    {
        "model": 0,
        "sequence": 25,
        "status": 1,
        "fuel": 5914,
        "fault": 0.4677,
        "weapon": 0,
        "pilot_injury": 0.3843,
        "pilot_skill": 0.6086,
        "mission_priority": 0.1598,
        "estimated_landing_time": 2356.0,
        "wait_time": 0,
        "Landing_success_rate": 1.0
    },
    {
        "model": 2,
        "sequence": 22,
        "status": 1,
        "fuel": 5846,
        "fault": 0.9052,
        "weapon": 0,
        "pilot_injury": 0.2171,
        "pilot_skill": 0.4228,
        "mission_priority": 0.5726,
        "estimated_landing_time": 2074.0,
        "wait_time": 0,
        "Landing_success_rate": 1.0
    },
    {
        "model": 2,
        "sequence": 28,
        "status": 1,
        "fuel": 7394,
        "fault": 0.9693,
        "weapon": 0,
        "pilot_injury": 0.4604,
        "pilot_skill": 0.3963,
        "mission_priority": 0.8242,
        "estimated_landing_time": 2638.0,
        "wait_time": 0,
        "Landing_success_rate": 1.0
    },
    {
        "model": 2,
        "sequence": 27,
        "status": 1,
        "fuel": 7352,
        "fault": 0.8409,
        "weapon": 1,
        "pilot_injury": 0.3751,
        "pilot_skill": 0.3047,
        "mission_priority": 0.4491,
        "estimated_landing_time": 2544.0,
        "wait_time": 0,
        "Landing_success_rate": 1.0
    },
    {
        "model": 2,
        "sequence": 30,
        "status": 1,
        "fuel": 6680,
        "fault": 0.4506,
        "weapon": 1,
        "pilot_injury": 0.2136,
        "pilot_skill": 0.6587,
        "mission_priority": 0.927,
        "estimated_landing_time": 2826.0,
        "wait_time": 0,
        "Landing_success_rate": 1.0
    },
    {
        "model": 0,
        "sequence": 2,
        "status": 1,
        "fuel": 6114,
        "fault": 0.361,
        "weapon": 0,
        "pilot_injury": 0.1436,
        "pilot_skill": 0.1214,
        "mission_priority": 0.1156,
        "estimated_landing_time": 194.0,
        "wait_time": 0,
        "Landing_success_rate": 1.0
    },
    {
        "model": 0,
        "sequence": 4,
        "status": 1,
        "fuel": 6808,
        "fault": 0.2206,
        "weapon": 1,
        "pilot_injury": 0.5628,
        "pilot_skill": 0.767,
        "mission_priority": 0.1269,
        "estimated_landing_time": 382.0,
        "wait_time": 0,
        "Landing_success_rate": 1.0
    },
    {
        "model": 1,
        "sequence": 17,
        "status": 1,
        "fuel": 6654,
        "fault": 0.6521,
        "weapon": 1,
        "pilot_injury": 0.7274,
        "pilot_skill": 0.426,
        "mission_priority": 0.0016,
        "estimated_landing_time": 1604.0,
        "wait_time": 0,
        "Landing_success_rate": 1.0
    }
]