[
    {
        "model": 1,
        "sequence": 15,
        "status": 1,
        "fuel": 6572,
        "fault": 0.0149,
        "weapon": 1,
        "pilot_injury": 0.0822,
        "pilot_skill": 0.6416,
        "mission_priority": 0.8034,
        "estimated_landing_time": 1416.0,
        "wait_time": 0,
        "Landing_success_rate": 1.0
    },
    {
        "model": 2,
        "sequence": 1,
        "status": 1,
        "fuel": 6018,
        "fault": 0.6783,
        "weapon": 0,
        "pilot_injury": 0.0143,
        "pilot_skill": 0.8039,
        "mission_priority": 0.7033,
        "estimated_landing_time": 100.0,
        "wait_time": 0,
        "Landing_success_rate": 1.0
    },
    {
        "model": 1,
        "sequence": 16,
        "status": 1,
        "fuel": 6589,
        "fault": 0.3626,
        "weapon": 0,
        "pilot_injury": 0.6953,
        "pilot_skill": 0.3582,
        "mission_priority": 0.1624,
        "estimated_landing_time": 1510.0,
        "wait_time": 0,
        "Landing_success_rate": 1.0
    },
    {
        "model": 1,
        "sequence": 9,
        "status": 1,
        "fuel": 7379,
        "fault": 0.0414,
        "weapon": 1,
        "pilot_injury": 0.3208,
        "pilot_skill": 0.1218,
        "mission_priority": 0.8295,
        "estimated_landing_time": 852.0,
        "wait_time": 0,
        "Landing_success_rate": 1.0
    },
    {
        "model": 0,
        "sequence": 29,
        "status": 1,
        "fuel": 7423,
        "fault": 0.1487,
        "weapon": 1,
        "pilot_injury": 0.6913,
        "pilot_skill": 0.3171,
        "mission_priority": 0.6486,
        "estimated_landing_time": 2732.0,
        "wait_time": 0,
        "Landing_success_rate": 1.0
    },
    {
        "model": 2,
        "sequence": 19,
        "status": 1,
        "fuel": 6942,
        "fault": 0.4946,
        "weapon": 0,
        "pilot_injury": 0.5906,
        "pilot_skill": 0.8242,
        "mission_priority": 0.6563,
        "estimated_landing_time": 1792.0,
        "wait_time": 0,
        "Landing_success_rate": 1.0
    },
    {
        "model": 0,
        "sequence": 5,
        "status": 1,
        "fuel": 6129,
        "fault": 0.7202,
        "weapon": 1,
        "pilot_injury": 0.002,
        "pilot_skill": 0.9044,
        "mission_priority": 0.9421,
        "estimated_landing_time": 476.0,
        "wait_time": 0,
        "Landing_success_rate": 1.0
    },
    {
        "model": 1,
        "sequence": 11,
        "status": 1,
        "fuel": 5704,
        "fault": 0.0531,
        "weapon": 0,
        "pilot_injury": 0.1516,
        "pilot_skill": 0.9487,
        "mission_priority": 0.2468,
        "estimated_landing_time": 1040.0,
        "wait_time": 0,
        "Landing_success_rate": 1.0
    },
    {
        "model": 1,
        "sequence": 22,
        "status": 1,
        "fuel": 5916,
        "fault": 0.4288,
        "weapon": 1,
        "pilot_injury": 0.3328,
        "pilot_skill": 0.2668,
        "mission_priority": 0.4754,
        "estimated_landing_time": 2074.0,
        "wait_time": 0,
        "Landing_success_rate": 1.0
    },
    {
        "model": 1,
        "sequence": 27,
        "status": 1,
        "fuel": 6715,
        "fault": 0.198,
        "weapon": 1,
        "pilot_injury": 0.1059,
        "pilot_skill": 0.4845,
        "mission_priority": 0.8502,
        "estimated_landing_time": 2544.0,
        "wait_time": 0,
        "Landing_success_rate": 1.0
    },
    {
        "model": 2,
        "sequence": 21,
        "status": 1,
        "fuel": 6178,
        "fault": 0.1691,
        "weapon": 1,
        "pilot_injury": 0.3661,
        "pilot_skill": 0.7084,
        "mission_priority": 0.4655,
        "estimated_landing_time": 1980.0,
        "wait_time": 0,
        "Landing_success_rate": 1.0
    },
    {
        "model": 0,
        "sequence": 14,
        "status": 1,
        "fuel": 7163,
        "fault": 0.485,
        "weapon": 0,
        "pilot_injury": 0.1327,
        "pilot_skill": 0.1145,
        "mission_priority": 0.0231,
        "estimated_landing_time": 1322.0,
        "wait_time": 0,
        "Landing_success_rate": 1.0
    },
    {
        "model": 2,
        "sequence": 2,
        "status": 1,
        "fuel": 6431,
        "fault": 0.6311,
        "weapon": 0,
        "pilot_injury": 0.6994,
        "pilot_skill": 0.538,
        "mission_priority": 0.8584,
        "estimated_landing_time": 194.0,
        "wait_time": 0,
        "Landing_success_rate": 1.0
    },
    {
        "model": 1,
        "sequence": 30,
        "status": 1,
        "fuel": 7001,
        "fault": 0.5752,
        "weapon": 0,
        "pilot_injury": 0.9411,
        "pilot_skill": 0.444,
        "mission_priority": 0.7891,
        "estimated_landing_time": 2826.0,
        "wait_time": 0,
        "Landing_success_rate": 1.0
    },
    {
        "model": 0,
        "sequence": 10,
        "status": 1,
        "fuel": 6246,
        "fault": 0.5968,
        "weapon": 0,
        "pilot_injury": 0.1481,
        "pilot_skill": 0.8512,
        "mission_priority": 0.0784,
        "estimated_landing_time": 946.0,
        "wait_time": 0,
        "Landing_success_rate": 1.0
    },
    {
        "model": 1,
        "sequence": 6,
        "status": 1,
        "fuel": 6892,
        "fault": 0.2111,
        "weapon": 1,
        "pilot_injury": 0.5073,
        "pilot_skill": 0.8814,
        "mission_priority": 0.0393,
        "estimated_landing_time": 570.0,
        "wait_time": 0,
        "Landing_success_rate": 1.0
    },
    {
        "model": 0,
        "sequence": 28,
        "status": 1,
        "fuel": 6064,
        "fault": 0.8134,
        "weapon": 0,
        "pilot_injury": 0.1543,
        "pilot_skill": 0.7433,
        "mission_priority": 0.4113,
        "estimated_landing_time": 2638.0,
        "wait_time": 0,
        "Landing_success_rate": 1.0
    },
    {
        "model": 2,
        "sequence": 7,
        "status": 1,
        "fuel": 5621,
        "fault": 0.4326,
        "weapon": 1,
        "pilot_injury": 0.4862,
        "pilot_skill": 0.8234,
        "mission_priority": 0.7696,
        "estimated_landing_time": 664.0,
        "wait_time": 0,
        "Landing_success_rate": 1.0
    },
    {
        "model": 2,
        "sequence": 24,
        "status": 1,
        "fuel": 5751,
        "fault": 0.4946,
        "weapon": 1,
        "pilot_injury": 0.2516,
        "pilot_skill": 0.8208,
        "mission_priority": 0.3778,
        "estimated_landing_time": 2262.0,
        "wait_time": 0,
        "Landing_success_rate": 1.0
    },
    {
        "model": 2,
        "sequence": 3,
        "status": 1,
        "fuel": 7333,
        "fault": 0.2874,
        "weapon": 0,
        "pilot_injury": 0.8577,
        "pilot_skill": 0.8948,
        "mission_priority": 0.5976,
        "estimated_landing_time": 288.0,
        "wait_time": 0,
        "Landing_success_rate": 1.0
    },
    {
        "model": 2,
        "sequence": 13,
        "status": 1,
        "fuel": 7310,
        "fault": 0.8174,
        "weapon": 0,
        "pilot_injury": 0.267,
        "pilot_skill": 0.0153,
        "mission_priority": 0.4071,
        "estimated_landing_time": 1228.0,
        "wait_time": 0,
        "Landing_success_rate": 1.0
    },
    {
        "model": 2,
        "sequence": 25,
        "status": 1,
        "fuel": 6591,
        "fault": 0.4546,
        "weapon": 1,
        "pilot_injury": 0.3834,
        "pilot_skill": 0.1331,
        "mission_priority": 0.2773,
        "estimated_landing_time": 2356.0,
        "wait_time": 0,
        "Landing_success_rate": 1.0
    },
    {
        "model": 0,
        "sequence": 17,
        "status": 1,
        "fuel": 6415,
        "fault": 0.1005,
        "weapon": 1,
        "pilot_injury": 0.2991,
        "pilot_skill": 0.559,
        "mission_priority": 0.2506,
        "estimated_landing_time": 1604.0,
        "wait_time": 0,
        "Landing_success_rate": 1.0
    },
    {
        "model": 0,
        "sequence": 20,
        "status": 1,
        "fuel": 7110,
        "fault": 0.9015,
        "weapon": 0,
        "pilot_injury": 0.129,
        "pilot_skill": 0.2796,
        "mission_priority": 0.7298,
        "estimated_landing_time": 1886.0,
        "wait_time": 0,
        "Landing_success_rate": 1.0
    },
    {
        "model": 1,
        "sequence": 8,
        "status": 1,
        "fuel": 5687,
        "fault": 0.0981,
        "weapon": 0,
        "pilot_injury": 0.4452,
        "pilot_skill": 0.5211,
        "mission_priority": 0.9884,
        "estimated_landing_time": 758.0,
        "wait_time": 0,
        "Landing_success_rate": 1.0
    },
    {
        "model": 0,
        "sequence": 18,
        "status": 1,
        "fuel": 7113,
        "fault": 0.471,
        "weapon": 0,
        "pilot_injury": 0.9152,
        "pilot_skill": 0.9413,
        "mission_priority": 0.8124,
        "estimated_landing_time": 1698.0,
        "wait_time": 0,
        "Landing_success_rate": 1.0
    },
    {
        "model": 1,
        "sequence": 12,
        "status": 1,
        "fuel": 7225,
        "fault": 0.4929,
        "weapon": 1,
        "pilot_injury": 0.365,
        "pilot_skill": 0.9792,
        "mission_priority": 0.3608,
        "estimated_landing_time": 1134.0,
        "wait_time": 0,
        "Landing_success_rate": 1.0
    },
    {
        "model": 2,
        "sequence": 26,
        "status": 1,
        "fuel": 5517,
        "fault": 0.1412,
        "weapon": 0,
        "pilot_injury": 0.3661,
        "pilot_skill": 0.6209,
        "mission_priority": 0.9244,
        "estimated_landing_time": 2450.0,
        "wait_time": 0,
        "Landing_success_rate": 1.0
    },
    {
        "model": 0,
        "sequence": 4,
        "status": 1,
        "fuel": 6849,
        "fault": 0.9665,
        "weapon": 0,
        "pilot_injury": 0.6429,
        "pilot_skill": 0.6124,
        "mission_priority": 0.1598,
        "estimated_landing_time": 382.0,
        "wait_time": 0,
        "Landing_success_rate": 1.0
    },
    {
        "model": 0,
        "sequence": 23,
        "status": 1,
        "fuel": 6510,
        "fault": 0.9918,
        "weapon": 1,
        "pilot_injury": 0.6263,
        "pilot_skill": 0.5754,
        "mission_priority": 0.3181,
        "estimated_landing_time": 2168.0,
        "wait_time": 0,
        "Landing_success_rate": 1.0
    }
]