[
    {
        "model": 1,
        "sequence": 29,
        "status": 1,
        "fuel": 6029,
        "fault": 0.8971,
        "weapon": 1,
        "pilot_injury": 0.9464,
        "pilot_skill": 0.8775,
        "mission_priority": 0.8615,
        "estimated_landing_time": 2732.0,
        "wait_time": 0,
        "Landing_success_rate": 1.0
    },
    {
        "model": 0,
        "sequence": 7,
        "status": 1,
        "fuel": 7189,
        "fault": 0.8359,
        "weapon": 1,
        "pilot_injury": 0.4295,
        "pilot_skill": 0.6357,
        "mission_priority": 0.5471,
        "estimated_landing_time": 664.0,
        "wait_time": 0,
        "Landing_success_rate": 1.0
    },
    {
        "model": 1,
        "sequence": 8,
        "status": 1,
        "fuel": 6226,
        "fault": 0.6642,
        "weapon": 1,
        "pilot_injury": 0.5987,
        "pilot_skill": 0.022,
        "mission_priority": 0.3693,
        "estimated_landing_time": 758.0,
        "wait_time": 0,
        "Landing_success_rate": 1.0
    },
    {
        "model": 1,
        "sequence": 11,
        "status": 1,
        "fuel": 5824,
        "fault": 0.2135,
        "weapon": 0,
        "pilot_injury": 0.6173,
        "pilot_skill": 0.0665,
        "mission_priority": 0.0222,
        "estimated_landing_time": 1040.0,
        "wait_time": 0,
        "Landing_success_rate": 1.0
    },
    {
        "model": 0,
        "sequence": 25,
        "status": 1,
        "fuel": 7381,
        "fault": 0.2076,
        "weapon": 1,
        "pilot_injury": 0.0307,
        "pilot_skill": 0.849,
        "mission_priority": 0.3839,
        "estimated_landing_time": 2356.0,
        "wait_time": 0,
        "Landing_success_rate": 1.0
    },
    {
        "model": 0,
        "sequence": 5,
        "status": 1,
        "fuel": 6871,
        "fault": 0.6422,
        "weapon": 1,
        "pilot_injury": 0.9524,
        "pilot_skill": 0.5425,
        "mission_priority": 0.6866,
        "estimated_landing_time": 476.0,
        "wait_time": 0,
        "Landing_success_rate": 1.0
    },
    {
        "model": 1,
        "sequence": 15,
        "status": 1,
        "fuel": 6602,
        "fault": 0.2173,
        "weapon": 1,
        "pilot_injury": 0.0731,
        "pilot_skill": 0.741,
        "mission_priority": 0.9494,
        "estimated_landing_time": 1416.0,
        "wait_time": 0,
        "Landing_success_rate": 1.0
    },
    {
        "model": 2,
        "sequence": 6,
        "status": 1,
        "fuel": 5968,
        "fault": 0.963,
        "weapon": 1,
        "pilot_injury": 0.4855,
        "pilot_skill": 0.3191,
        "mission_priority": 0.6762,
        "estimated_landing_time": 570.0,
        "wait_time": 0,
        "Landing_success_rate": 1.0
    },
    {
        "model": 0,
        "sequence": 18,
        "status": 1,
        "fuel": 5835,
        "fault": 0.7848,
        "weapon": 0,
        "pilot_injury": 0.9744,
        "pilot_skill": 0.8198,
        "mission_priority": 0.9927,
        "estimated_landing_time": 1698.0,
        "wait_time": 0,
        "Landing_success_rate": 1.0
    },
    {
        "model": 2,
        "sequence": 4,
        "status": 1,
        "fuel": 5723,
        "fault": 0.2185,
        "weapon": 0,
        "pilot_injury": 0.3299,
        "pilot_skill": 0.118,
        "mission_priority": 0.6214,
        "estimated_landing_time": 382.0,
        "wait_time": 0,
        "Landing_success_rate": 1.0
    },
    {
        "model": 1,
        "sequence": 3,
        "status": 1,
        "fuel": 6151,
        "fault": 0.7632,
        "weapon": 1,
        "pilot_injury": 0.4922,
        "pilot_skill": 0.9276,
        "mission_priority": 0.0786,
        "estimated_landing_time": 288.0,
        "wait_time": 0,
        "Landing_success_rate": 1.0
    },
    {
        "model": 1,
        "sequence": 14,
        "status": 1,
        "fuel": 6647,
        "fault": 0.671,
        "weapon": 1,
        "pilot_injury": 0.72,
        "pilot_skill": 0.3551,
        "mission_priority": 0.7838,
        "estimated_landing_time": 1322.0,
        "wait_time": 0,
        "Landing_success_rate": 1.0
    },
    {
        "model": 1,
        "sequence": 12,
        "status": 1,
        "fuel": 6270,
        "fault": 0.8164,
        "weapon": 1,
        "pilot_injury": 0.5522,
        "pilot_skill": 0.1574,
        "mission_priority": 0.0646,
        "estimated_landing_time": 1134.0,
        "wait_time": 0,
        "Landing_success_rate": 1.0
    },
    {
        "model": 1,
        "sequence": 26,
        "status": 1,
        "fuel": 5659,
        "fault": 0.3484,
        "weapon": 0,
        "pilot_injury": 0.5297,
        "pilot_skill": 0.8022,
        "mission_priority": 0.576,
        "estimated_landing_time": 2450.0,
        "wait_time": 0,
        "Landing_success_rate": 1.0
    },
    {
        "model": 1,
        "sequence": 27,
        "status": 1,
        "fuel": 5757,
        "fault": 0.3695,
        "weapon": 1,
        "pilot_injury": 0.5022,
        "pilot_skill": 0.7287,
        "mission_priority": 0.751,
        "estimated_landing_time": 2544.0,
        "wait_time": 0,
        "Landing_success_rate": 1.0
    },
    {
        "model": 1,
        "sequence": 16,
        "status": 1,
        "fuel": 7153,
        "fault": 0.3264,
        "weapon": 1,
        "pilot_injury": 0.3845,
        "pilot_skill": 0.9182,
        "mission_priority": 0.5454,
        "estimated_landing_time": 1510.0,
        "wait_time": 0,
        "Landing_success_rate": 1.0
    },
    {
        "model": 2,
        "sequence": 23,
        "status": 1,
        "fuel": 7266,
        "fault": 0.4375,
        "weapon": 1,
        "pilot_injury": 0.1321,
        "pilot_skill": 0.4732,
        "mission_priority": 0.7914,
        "estimated_landing_time": 2168.0,
        "wait_time": 0,
        "Landing_success_rate": 1.0
    },
    {
        "model": 0,
        "sequence": 28,
        "status": 1,
        "fuel": 7154,
        "fault": 0.0115,
        "weapon": 0,
        "pilot_injury": 0.1672,
        "pilot_skill": 0.683,
        "mission_priority": 0.7568,
        "estimated_landing_time": 2638.0,
        "wait_time": 0,
        "Landing_success_rate": 1.0
    },
    {
        "model": 1,
        "sequence": 1,
        "status": 1,
        "fuel": 6057,
        "fault": 0.4657,
        "weapon": 1,
        "pilot_injury": 0.8293,
        "pilot_skill": 0.4725,
        "mission_priority": 0.5604,
        "estimated_landing_time": 100.0,
        "wait_time": 0,
        "Landing_success_rate": 1.0
    },
    {
        "model": 0,
        "sequence": 13,
        "status": 1,
        "fuel": 5817,
        "fault": 0.4482,
        "weapon": 1,
        "pilot_injury": 0.0165,
        "pilot_skill": 0.1224,
        "mission_priority": 0.1626,
        "estimated_landing_time": 1228.0,
        "wait_time": 0,
        "Landing_success_rate": 1.0
    },
    {
        "model": 2,
        "sequence": 20,
        "status": 1,
        "fuel": 5897,
        "fault": 0.9356,
        "weapon": 0,
        "pilot_injury": 0.5455,
        "pilot_skill": 0.7727,
        "mission_priority": 0.341,
        "estimated_landing_time": 1886.0,
        "wait_time": 0,
        "Landing_success_rate": 1.0
    },
    {
        "model": 1,
        "sequence": 24,
        "status": 1,
        "fuel": 6796,
        "fault": 0.8321,
        "weapon": 1,
        "pilot_injury": 0.3772,
        "pilot_skill": 0.333,
        "mission_priority": 0.9649,
        "estimated_landing_time": 2262.0,
        "wait_time": 0,
        "Landing_success_rate": 1.0
    },
    {
        "model": 1,
        "sequence": 17,
        "status": 1,
        "fuel": 6696,
        "fault": 0.2618,
        "weapon": 0,
        "pilot_injury": 0.9574,
        "pilot_skill": 0.7754,
        "mission_priority": 0.1492,
        "estimated_landing_time": 1604.0,
        "wait_time": 0,
        "Landing_success_rate": 1.0
    },
    {
        "model": 0,
        "sequence": 10,
        "status": 1,
        "fuel": 6843,
        "fault": 0.7525,
        "weapon": 0,
        "pilot_injury": 0.6242,
        "pilot_skill": 0.6165,
        "mission_priority": 0.2759,
        "estimated_landing_time": 946.0,
        "wait_time": 0,
        "Landing_success_rate": 1.0
    },
    {
        "model": 0,
        "sequence": 9,
        "status": 1,
        "fuel": 5878,
        "fault": 0.0618,
        "weapon": 1,
        "pilot_injury": 0.0506,
        "pilot_skill": 0.517,
        "mission_priority": 0.347,
        "estimated_landing_time": 852.0,
        "wait_time": 0,
        "Landing_success_rate": 1.0
    },
    {
        "model": 0,
        "sequence": 19,
        "status": 1,
        "fuel": 7486,
        "fault": 0.6341,
        "weapon": 0,
        "pilot_injury": 0.1434,
        "pilot_skill": 0.002,
        "mission_priority": 0.0769,
        "estimated_landing_time": 1792.0,
        "wait_time": 0,
        "Landing_success_rate": 1.0
    },
    {
        "model": 1,
        "sequence": 21,
        "status": 1,
        "fuel": 6791,
        "fault": 0.2295,
        "weapon": 0,
        "pilot_injury": 0.5808,
        "pilot_skill": 0.4949,
        "mission_priority": 0.354,
        "estimated_landing_time": 1980.0,
        "wait_time": 0,
        "Landing_success_rate": 1.0
    },
    {
        "model": 0,
        "sequence": 2,
        "status": 1,
        "fuel": 7469,
        "fault": 0.0416,
        "weapon": 1,
        "pilot_injury": 0.6116,
        "pilot_skill": 0.1678,
        "mission_priority": 0.7714,
        "estimated_landing_time": 194.0,
        "wait_time": 0,
        "Landing_success_rate": 1.0
    },
    {
        "model": 0,
        "sequence": 22,
        "status": 1,
        "fuel": 6478,
        "fault": 0.9099,
        "weapon": 0,
        "pilot_injury": 0.5012,
        "pilot_skill": 0.9628,
        "mission_priority": 0.0205,
        "estimated_landing_time": 2074.0,
        "wait_time": 0,
        "Landing_success_rate": 1.0
    },
    {
        "model": 2,
        "sequence": 30,
        "status": 1,
        "fuel": 6135,
        "fault": 0.5463,
        "weapon": 1,
        "pilot_injury": 0.6384,
        "pilot_skill": 0.2122,
        "mission_priority": 0.9314,
        "estimated_landing_time": 2826.0,
        "wait_time": 0,
        "Landing_success_rate": 1.0
    }
]