[
    {
        "model": 2,
        "sequence": 6,
        "status": 1,
        "fuel": 7126,
        "fault": 0.157,
        "weapon": 1,
        "pilot_injury": 0.6935,
        "pilot_skill": 0.5006,
        "mission_priority": 0.195,
        "estimated_landing_time": 570.0,
        "wait_time": 0,
        "Landing_success_rate": 1.0
    },
    {
        "model": 1,
        "sequence": 11,
        "status": 1,
        "fuel": 6926,
        "fault": 0.2802,
        "weapon": 1,
        "pilot_injury": 0.3704,
        "pilot_skill": 0.3192,
        "mission_priority": 0.9584,
        "estimated_landing_time": 1040.0,
        "wait_time": 0,
        "Landing_success_rate": 1.0
    },
    {
        "model": 2,
        "sequence": 25,
        "status": 1,
        "fuel": 5621,
        "fault": 0.2944,
        "weapon": 0,
        "pilot_injury": 0.4564,
        "pilot_skill": 0.0475,
        "mission_priority": 0.7289,
        "estimated_landing_time": 2356.0,
        "wait_time": 0,
        "Landing_success_rate": 1.0
    },
    {
        "model": 0,
        "sequence": 13,
        "status": 1,
        "fuel": 5795,
        "fault": 0.3854,
        "weapon": 0,
        "pilot_injury": 0.7997,
        "pilot_skill": 0.1547,
        "mission_priority": 0.3255,
        "estimated_landing_time": 1228.0,
        "wait_time": 0,
        "Landing_success_rate": 1.0
    },
    {
        "model": 1,
        "sequence": 15,
        "status": 1,
        "fuel": 6092,
        "fault": 0.274,
        "weapon": 1,
        "pilot_injury": 0.7899,
        "pilot_skill": 0.2308,
        "mission_priority": 0.2058,
        "estimated_landing_time": 1416.0,
        "wait_time": 0,
        "Landing_success_rate": 1.0
    },
    {
        "model": 2,
        "sequence": 2,
        "status": 1,
        "fuel": 6440,
        "fault": 0.9535,
        "weapon": 1,
        "pilot_injury": 0.5351,
        "pilot_skill": 0.0134,
        "mission_priority": 0.7803,
        "estimated_landing_time": 194.0,
        "wait_time": 0,
        "Landing_success_rate": 1.0
    },
    {
        "model": 2,
        "sequence": 30,
        "status": 1,
        "fuel": 6908,
        "fault": 0.8021,
        "weapon": 0,
        "pilot_injury": 0.0372,
        "pilot_skill": 0.5245,
        "mission_priority": 0.814,
        "estimated_landing_time": 2826.0,
        "wait_time": 0,
        "Landing_success_rate": 1.0
    },
    {
        "model": 0,
        "sequence": 14,
        "status": 1,
        "fuel": 6232,
        "fault": 0.1445,
        "weapon": 1,
        "pilot_injury": 0.8869,
        "pilot_skill": 0.1417,
        "mission_priority": 0.4936,
        "estimated_landing_time": 1322.0,
        "wait_time": 0,
        "Landing_success_rate": 1.0
    },
    {
        "model": 1,
        "sequence": 12,
        "status": 1,
        "fuel": 6761,
        "fault": 0.217,
        "weapon": 0,
        "pilot_injury": 0.8119,
        "pilot_skill": 0.9751,
        "mission_priority": 0.9133,
        "estimated_landing_time": 1134.0,
        "wait_time": 0,
        "Landing_success_rate": 1.0
    },
    {
        "model": 2,
        "sequence": 24,
        "status": 1,
        "fuel": 6548,
        "fault": 0.4921,
        "weapon": 1,
        "pilot_injury": 0.8226,
        "pilot_skill": 0.8677,
        "mission_priority": 0.9148,
        "estimated_landing_time": 2262.0,
        "wait_time": 0,
        "Landing_success_rate": 1.0
    },
    {
        "model": 2,
        "sequence": 21,
        "status": 1,
        "fuel": 6519,
        "fault": 0.3884,
        "weapon": 0,
        "pilot_injury": 0.021,
        "pilot_skill": 0.0235,
        "mission_priority": 0.6425,
        "estimated_landing_time": 1980.0,
        "wait_time": 0,
        "Landing_success_rate": 1.0
    },
    {
        "model": 0,
        "sequence": 9,
        "status": 1,
        "fuel": 6755,
        "fault": 0.286,
        "weapon": 1,
        "pilot_injury": 0.1313,
        "pilot_skill": 0.9755,
        "mission_priority": 0.1299,
        "estimated_landing_time": 852.0,
        "wait_time": 0,
        "Landing_success_rate": 1.0
    },
    {
        "model": 1,
        "sequence": 23,
        "status": 1,
        "fuel": 6536,
        "fault": 0.8395,
        "weapon": 1,
        "pilot_injury": 0.0086,
        "pilot_skill": 0.6678,
        "mission_priority": 0.5382,
        "estimated_landing_time": 2168.0,
        "wait_time": 0,
        "Landing_success_rate": 1.0
    },
    {
        "model": 0,
        "sequence": 3,
        "status": 1,
        "fuel": 5787,
        "fault": 0.1401,
        "weapon": 0,
        "pilot_injury": 0.2411,
        "pilot_skill": 0.8611,
        "mission_priority": 0.8648,
        "estimated_landing_time": 288.0,
        "wait_time": 0,
        "Landing_success_rate": 1.0
    },
    {
        "model": 2,
        "sequence": 16,
        "status": 1,
        "fuel": 7462,
        "fault": 0.4111,
        "weapon": 1,
        "pilot_injury": 0.1626,
        "pilot_skill": 0.4752,
        "mission_priority": 0.2598,
        "estimated_landing_time": 1510.0,
        "wait_time": 0,
        "Landing_success_rate": 1.0
    },
    {
        "model": 1,
        "sequence": 28,
        "status": 1,
        "fuel": 6807,
        "fault": 0.4483,
        "weapon": 0,
        "pilot_injury": 0.4691,
        "pilot_skill": 0.1127,
        "mission_priority": 0.9443,
        "estimated_landing_time": 2638.0,
        "wait_time": 0,
        "Landing_success_rate": 1.0
    },
    {
        "model": 0,
        "sequence": 1,
        "status": 1,
        "fuel": 7333,
        "fault": 0.8776,
        "weapon": 1,
        "pilot_injury": 0.8121,
        "pilot_skill": 0.9281,
        "mission_priority": 0.2628,
        "estimated_landing_time": 100.0,
        "wait_time": 0,
        "Landing_success_rate": 1.0
    },
    {
        "model": 1,
        "sequence": 8,
        "status": 1,
        "fuel": 7132,
        "fault": 0.6339,
        "weapon": 0,
        "pilot_injury": 0.8322,
        "pilot_skill": 0.1751,
        "mission_priority": 0.7793,
        "estimated_landing_time": 758.0,
        "wait_time": 0,
        "Landing_success_rate": 1.0
    },
    {
        "model": 1,
        "sequence": 7,
        "status": 1,
        "fuel": 7414,
        "fault": 0.6478,
        "weapon": 1,
        "pilot_injury": 0.4333,
        "pilot_skill": 0.3668,
        "mission_priority": 0.0853,
        "estimated_landing_time": 664.0,
        "wait_time": 0,
        "Landing_success_rate": 1.0
    },
    {
        "model": 1,
        "sequence": 5,
        "status": 1,
        "fuel": 6300,
        "fault": 0.5855,
        "weapon": 1,
        "pilot_injury": 0.8982,
        "pilot_skill": 0.8331,
        "mission_priority": 0.0322,
        "estimated_landing_time": 476.0,
        "wait_time": 0,
        "Landing_success_rate": 1.0
    },
    {
        "model": 2,
        "sequence": 29,
        "status": 1,
        "fuel": 6716,
        "fault": 0.2918,
        "weapon": 0,
        "pilot_injury": 0.9393,
        "pilot_skill": 0.0558,
        "mission_priority": 0.7013,
        "estimated_landing_time": 2732.0,
        "wait_time": 0,
        "Landing_success_rate": 1.0
    },
    {
        "model": 1,
        "sequence": 27,
        "status": 1,
        "fuel": 7398,
        "fault": 0.6778,
        "weapon": 1,
        "pilot_injury": 0.6427,
        "pilot_skill": 0.8102,
        "mission_priority": 0.2748,
        "estimated_landing_time": 2544.0,
        "wait_time": 0,
        "Landing_success_rate": 1.0
    },
    {
        "model": 0,
        "sequence": 17,
        "status": 1,
        "fuel": 6059,
        "fault": 0.4956,
        "weapon": 0,
        "pilot_injury": 0.5173,
        "pilot_skill": 0.6024,
        "mission_priority": 0.0181,
        "estimated_landing_time": 1604.0,
        "wait_time": 0,
        "Landing_success_rate": 1.0
    },
    {
        "model": 1,
        "sequence": 19,
        "status": 1,
        "fuel": 7267,
        "fault": 0.8798,
        "weapon": 0,
        "pilot_injury": 0.5241,
        "pilot_skill": 0.0713,
        "mission_priority": 0.492,
        "estimated_landing_time": 1792.0,
        "wait_time": 0,
        "Landing_success_rate": 1.0
    },
    {
        "model": 1,
        "sequence": 26,
        "status": 1,
        "fuel": 6704,
        "fault": 0.5412,
        "weapon": 1,
        "pilot_injury": 0.0859,
        "pilot_skill": 0.5979,
        "mission_priority": 0.0272,
        "estimated_landing_time": 2450.0,
        "wait_time": 0,
        "Landing_success_rate": 1.0
    },
    {
        "model": 2,
        "sequence": 22,
        "status": 1,
        "fuel": 6582,
        "fault": 0.148,
        "weapon": 1,
        "pilot_injury": 0.4871,
        "pilot_skill": 0.175,
        "mission_priority": 0.1014,
        "estimated_landing_time": 2074.0,
        "wait_time": 0,
        "Landing_success_rate": 1.0
    },
    {
        "model": 0,
        "sequence": 10,
        "status": 1,
        "fuel": 6893,
        "fault": 0.1667,
        "weapon": 0,
        "pilot_injury": 0.6422,
        "pilot_skill": 0.0013,
        "mission_priority": 0.7111,
        "estimated_landing_time": 946.0,
        "wait_time": 0,
        "Landing_success_rate": 1.0
    },
    {
        "model": 1,
        "sequence": 18,
        "status": 1,
        "fuel": 6018,
        "fault": 0.2483,
        "weapon": 1,
        "pilot_injury": 0.3434,
        "pilot_skill": 0.8423,
        "mission_priority": 0.7846,
        "estimated_landing_time": 1698.0,
        "wait_time": 0,
        "Landing_success_rate": 1.0
    },
    {
        "model": 2,
        "sequence": 4,
        "status": 1,
        "fuel": 6357,
        "fault": 0.5976,
        "weapon": 0,
        "pilot_injury": 0.9068,
        "pilot_skill": 0.0874,
        "mission_priority": 0.4115,
        "estimated_landing_time": 382.0,
        "wait_time": 0,
        "Landing_success_rate": 1.0
    },
    {
        "model": 2,
        "sequence": 20,
        "status": 1,
        "fuel": 6014,
        "fault": 0.8884,
        "weapon": 1,
        "pilot_injury": 0.6251,
        "pilot_skill": 0.1702,
        "mission_priority": 0.8665,
        "estimated_landing_time": 1886.0,
        "wait_time": 0,
        "Landing_success_rate": 1.0
    }
]