[
    {
        "model": 0,
        "sequence": 11,
        "status": 1,
        "fuel": 6922,
        "fault": 0.1404,
        "weapon": 0,
        "pilot_injury": 0.9646,
        "pilot_skill": 0.836,
        "mission_priority": 0.2115,
        "estimated_landing_time": 1040.0,
        "wait_time": 0,
        "Landing_success_rate": 1.0
    },
    {
        "model": 0,
        "sequence": 2,
        "status": 1,
        "fuel": 7147,
        "fault": 0.8708,
        "weapon": 1,
        "pilot_injury": 0.9635,
        "pilot_skill": 0.3524,
        "mission_priority": 0.7403,
        "estimated_landing_time": 194.0,
        "wait_time": 0,
        "Landing_success_rate": 1.0
    },
    {
        "model": 2,
        "sequence": 10,
        "status": 1,
        "fuel": 6766,
        "fault": 0.8523,
        "weapon": 1,
        "pilot_injury": 0.5526,
        "pilot_skill": 0.3291,
        "mission_priority": 0.4718,
        "estimated_landing_time": 946.0,
        "wait_time": 0,
        "Landing_success_rate": 1.0
    },
    {
        "model": 0,
        "sequence": 21,
        "status": 1,
        "fuel": 7036,
        "fault": 0.2577,
        "weapon": 1,
        "pilot_injury": 0.2156,
        "pilot_skill": 0.7001,
        "mission_priority": 0.771,
        "estimated_landing_time": 1980.0,
        "wait_time": 0,
        "Landing_success_rate": 1.0
    },
    {
        "model": 2,
        "sequence": 16,
        "status": 1,
        "fuel": 5511,
        "fault": 0.2065,
        "weapon": 0,
        "pilot_injury": 0.0374,
        "pilot_skill": 0.2371,
        "mission_priority": 0.7792,
        "estimated_landing_time": 1510.0,
        "wait_time": 0,
        "Landing_success_rate": 1.0
    },
    {
        "model": 0,
        "sequence": 1,
        "status": 1,
        "fuel": 6160,
        "fault": 0.3942,
        "weapon": 0,
        "pilot_injury": 0.2574,
        "pilot_skill": 0.8168,
        "mission_priority": 0.2091,
        "estimated_landing_time": 100.0,
        "wait_time": 0,
        "Landing_success_rate": 1.0
    },
    {
        "model": 2,
        "sequence": 25,
        "status": 1,
        "fuel": 6619,
        "fault": 0.7568,
        "weapon": 1,
        "pilot_injury": 0.5611,
        "pilot_skill": 0.4609,
        "mission_priority": 0.8997,
        "estimated_landing_time": 2356.0,
        "wait_time": 0,
        "Landing_success_rate": 1.0
    },
    {
        "model": 1,
        "sequence": 6,
        "status": 1,
        "fuel": 5996,
        "fault": 0.1234,
        "weapon": 0,
        "pilot_injury": 0.1591,
        "pilot_skill": 0.6157,
        "mission_priority": 0.8706,
        "estimated_landing_time": 570.0,
        "wait_time": 0,
        "Landing_success_rate": 1.0
    },
    {
        "model": 1,
        "sequence": 13,
        "status": 1,
        "fuel": 6832,
        "fault": 0.294,
        "weapon": 1,
        "pilot_injury": 0.8204,
        "pilot_skill": 0.136,
        "mission_priority": 0.7058,
        "estimated_landing_time": 1228.0,
        "wait_time": 0,
        "Landing_success_rate": 1.0
    },
    {
        "model": 2,
        "sequence": 17,
        "status": 1,
        "fuel": 6413,
        "fault": 0.361,
        "weapon": 0,
        "pilot_injury": 0.1861,
        "pilot_skill": 0.1269,
        "mission_priority": 0.2597,
        "estimated_landing_time": 1604.0,
        "wait_time": 0,
        "Landing_success_rate": 1.0
    },
    {
        "model": 1,
        "sequence": 15,
        "status": 1,
        "fuel": 5626,
        "fault": 0.7853,
        "weapon": 1,
        "pilot_injury": 0.0697,
        "pilot_skill": 0.2234,
        "mission_priority": 0.4399,
        "estimated_landing_time": 1416.0,
        "wait_time": 0,
        "Landing_success_rate": 1.0
    },
    {
        "model": 2,
        "sequence": 27,
        "status": 1,
        "fuel": 6055,
        "fault": 0.0646,
        "weapon": 1,
        "pilot_injury": 0.7056,
        "pilot_skill": 0.0472,
        "mission_priority": 0.0806,
        "estimated_landing_time": 2544.0,
        "wait_time": 0,
        "Landing_success_rate": 1.0
    },
    {
        "model": 0,
        "sequence": 4,
        "status": 1,
        "fuel": 7349,
        "fault": 0.0832,
        "weapon": 1,
        "pilot_injury": 0.0418,
        "pilot_skill": 0.7461,
        "mission_priority": 0.223,
        "estimated_landing_time": 382.0,
        "wait_time": 0,
        "Landing_success_rate": 1.0
    },
    {
        "model": 1,
        "sequence": 30,
        "status": 1,
        "fuel": 6204,
        "fault": 0.9586,
        "weapon": 0,
        "pilot_injury": 0.4463,
        "pilot_skill": 0.7805,
        "mission_priority": 0.7132,
        "estimated_landing_time": 2826.0,
        "wait_time": 0,
        "Landing_success_rate": 1.0
    },
    {
        "model": 1,
        "sequence": 24,
        "status": 1,
        "fuel": 6240,
        "fault": 0.6699,
        "weapon": 0,
        "pilot_injury": 0.4223,
        "pilot_skill": 0.8085,
        "mission_priority": 0.3801,
        "estimated_landing_time": 2262.0,
        "wait_time": 0,
        "Landing_success_rate": 1.0
    },
    {
        "model": 1,
        "sequence": 19,
        "status": 1,
        "fuel": 6126,
        "fault": 0.6827,
        "weapon": 0,
        "pilot_injury": 0.2893,
        "pilot_skill": 0.6779,
        "mission_priority": 0.2127,
        "estimated_landing_time": 1792.0,
        "wait_time": 0,
        "Landing_success_rate": 1.0
    },
    {
        "model": 2,
        "sequence": 26,
        "status": 1,
        "fuel": 5822,
        "fault": 0.3442,
        "weapon": 0,
        "pilot_injury": 0.6789,
        "pilot_skill": 0.8894,
        "mission_priority": 0.6746,
        "estimated_landing_time": 2450.0,
        "wait_time": 0,
        "Landing_success_rate": 1.0
    },
    {
        "model": 1,
        "sequence": 22,
        "status": 1,
        "fuel": 6132,
        "fault": 0.0819,
        "weapon": 0,
        "pilot_injury": 0.0689,
        "pilot_skill": 0.1005,
        "mission_priority": 0.5544,
        "estimated_landing_time": 2074.0,
        "wait_time": 0,
        "Landing_success_rate": 1.0
    },
    {
        "model": 0,
        "sequence": 8,
        "status": 1,
        "fuel": 6442,
        "fault": 0.2473,
        "weapon": 0,
        "pilot_injury": 0.4663,
        "pilot_skill": 0.6665,
        "mission_priority": 0.385,
        "estimated_landing_time": 758.0,
        "wait_time": 0,
        "Landing_success_rate": 1.0
    },
    {
        "model": 1,
        "sequence": 14,
        "status": 1,
        "fuel": 5715,
        "fault": 0.3797,
        "weapon": 1,
        "pilot_injury": 0.7349,
        "pilot_skill": 0.9852,
        "mission_priority": 0.2952,
        "estimated_landing_time": 1322.0,
        "wait_time": 0,
        "Landing_success_rate": 1.0
    },
    {
        "model": 0,
        "sequence": 20,
        "status": 1,
        "fuel": 6621,
        "fault": 0.3821,
        "weapon": 1,
        "pilot_injury": 0.5795,
        "pilot_skill": 0.7895,
        "mission_priority": 0.4145,
        "estimated_landing_time": 1886.0,
        "wait_time": 0,
        "Landing_success_rate": 1.0
    },
    {
        "model": 1,
        "sequence": 12,
        "status": 1,
        "fuel": 5707,
        "fault": 0.8175,
        "weapon": 0,
        "pilot_injury": 0.9858,
        "pilot_skill": 0.8,
        "mission_priority": 0.8688,
        "estimated_landing_time": 1134.0,
        "wait_time": 0,
        "Landing_success_rate": 1.0
    },
    {
        "model": 1,
        "sequence": 3,
        "status": 1,
        "fuel": 6802,
        "fault": 0.5757,
        "weapon": 1,
        "pilot_injury": 0.031,
        "pilot_skill": 0.8647,
        "mission_priority": 0.3963,
        "estimated_landing_time": 288.0,
        "wait_time": 0,
        "Landing_success_rate": 1.0
    },
    {
        "model": 0,
        "sequence": 9,
        "status": 1,
        "fuel": 7063,
        "fault": 0.1611,
        "weapon": 1,
        "pilot_injury": 0.4209,
        "pilot_skill": 0.6517,
        "mission_priority": 0.4838,
        "estimated_landing_time": 852.0,
        "wait_time": 0,
        "Landing_success_rate": 1.0
    },
    {
        "model": 1,
        "sequence": 23,
        "status": 1,
        "fuel": 7262,
        "fault": 0.9962,
        "weapon": 1,
        "pilot_injury": 0.1956,
        "pilot_skill": 0.3294,
        "mission_priority": 0.4368,
        "estimated_landing_time": 2168.0,
        "wait_time": 0,
        "Landing_success_rate": 1.0
    },
    {
        "model": 0,
        "sequence": 7,
        "status": 1,
        "fuel": 7157,
        "fault": 0.0975,
        "weapon": 0,
        "pilot_injury": 0.3811,
        "pilot_skill": 0.6535,
        "mission_priority": 0.4192,
        "estimated_landing_time": 664.0,
        "wait_time": 0,
        "Landing_success_rate": 1.0
    },
    {
        "model": 0,
        "sequence": 29,
        "status": 1,
        "fuel": 7095,
        "fault": 0.9594,
        "weapon": 1,
        "pilot_injury": 0.5134,
        "pilot_skill": 0.6448,
        "mission_priority": 0.058,
        "estimated_landing_time": 2732.0,
        "wait_time": 0,
        "Landing_success_rate": 1.0
    },
    {
        "model": 0,
        "sequence": 18,
        "status": 1,
        "fuel": 6865,
        "fault": 0.7727,
        "weapon": 1,
        "pilot_injury": 0.3592,
        "pilot_skill": 0.2197,
        "mission_priority": 0.9151,
        "estimated_landing_time": 1698.0,
        "wait_time": 0,
        "Landing_success_rate": 1.0
    },
    {
        "model": 1,
        "sequence": 5,
        "status": 1,
        "fuel": 5578,
        "fault": 0.3125,
        "weapon": 0,
        "pilot_injury": 0.0333,
        "pilot_skill": 0.4141,
        "mission_priority": 0.8173,
        "estimated_landing_time": 476.0,
        "wait_time": 0,
        "Landing_success_rate": 1.0
    },
    {
        "model": 1,
        "sequence": 28,
        "status": 1,
        "fuel": 7110,
        "fault": 0.2011,
        "weapon": 0,
        "pilot_injury": 0.2099,
        "pilot_skill": 0.4165,
        "mission_priority": 0.9276,
        "estimated_landing_time": 2638.0,
        "wait_time": 0,
        "Landing_success_rate": 1.0
    }
]