[
    {
        "model": 0,
        "sequence": 4,
        "status": 1,
        "fuel": 7252,
        "fault": 0.4954,
        "weapon": 0,
        "pilot_injury": 0.017,
        "pilot_skill": 0.621,
        "mission_priority": 0.8796,
        "estimated_landing_time": 382.0,
        "wait_time": 0,
        "Landing_success_rate": 1.0
    },
    {
        "model": 0,
        "sequence": 30,
        "status": 1,
        "fuel": 6756,
        "fault": 0.5182,
        "weapon": 0,
        "pilot_injury": 0.1391,
        "pilot_skill": 0.2225,
        "mission_priority": 0.5393,
        "estimated_landing_time": 2826.0,
        "wait_time": 0,
        "Landing_success_rate": 1.0
    },
    {
        "model": 0,
        "sequence": 6,
        "status": 1,
        "fuel": 7130,
        "fault": 0.1654,
        "weapon": 1,
        "pilot_injury": 0.4023,
        "pilot_skill": 0.2876,
        "mission_priority": 0.2638,
        "estimated_landing_time": 570.0,
        "wait_time": 0,
        "Landing_success_rate": 1.0
    },
    {
        "model": 2,
        "sequence": 21,
        "status": 1,
        "fuel": 6067,
        "fault": 0.8924,
        "weapon": 0,
        "pilot_injury": 0.1294,
        "pilot_skill": 0.1253,
        "mission_priority": 0.8063,
        "estimated_landing_time": 1980.0,
        "wait_time": 0,
        "Landing_success_rate": 1.0
    },
    {
        "model": 1,
        "sequence": 18,
        "status": 1,
        "fuel": 5648,
        "fault": 0.4282,
        "weapon": 0,
        "pilot_injury": 0.2198,
        "pilot_skill": 0.7473,
        "mission_priority": 0.2746,
        "estimated_landing_time": 1698.0,
        "wait_time": 0,
        "Landing_success_rate": 1.0
    },
    {
        "model": 2,
        "sequence": 3,
        "status": 1,
        "fuel": 7418,
        "fault": 0.264,
        "weapon": 1,
        "pilot_injury": 0.192,
        "pilot_skill": 0.8588,
        "mission_priority": 0.3195,
        "estimated_landing_time": 288.0,
        "wait_time": 0,
        "Landing_success_rate": 1.0
    },
    {
        "model": 1,
        "sequence": 12,
        "status": 1,
        "fuel": 7405,
        "fault": 0.0264,
        "weapon": 0,
        "pilot_injury": 0.7682,
        "pilot_skill": 0.1732,
        "mission_priority": 0.3818,
        "estimated_landing_time": 1134.0,
        "wait_time": 0,
        "Landing_success_rate": 1.0
    },
    {
        "model": 1,
        "sequence": 5,
        "status": 1,
        "fuel": 5507,
        "fault": 0.7111,
        "weapon": 0,
        "pilot_injury": 0.3407,
        "pilot_skill": 0.2482,
        "mission_priority": 0.5799,
        "estimated_landing_time": 476.0,
        "wait_time": 0,
        "Landing_success_rate": 1.0
    },
    {
        "model": 0,
        "sequence": 27,
        "status": 1,
        "fuel": 5787,
        "fault": 0.8955,
        "weapon": 0,
        "pilot_injury": 0.3478,
        "pilot_skill": 0.8123,
        "mission_priority": 0.4649,
        "estimated_landing_time": 2544.0,
        "wait_time": 0,
        "Landing_success_rate": 1.0
    },
    {
        "model": 0,
        "sequence": 29,
        "status": 1,
        "fuel": 6940,
        "fault": 0.3547,
        "weapon": 0,
        "pilot_injury": 0.5476,
        "pilot_skill": 0.6025,
        "mission_priority": 0.9375,
        "estimated_landing_time": 2732.0,
        "wait_time": 0,
        "Landing_success_rate": 1.0
    },
    {
        "model": 1,
        "sequence": 17,
        "status": 1,
        "fuel": 6830,
        "fault": 0.9164,
        "weapon": 0,
        "pilot_injury": 0.8706,
        "pilot_skill": 0.2848,
        "mission_priority": 0.5018,
        "estimated_landing_time": 1604.0,
        "wait_time": 0,
        "Landing_success_rate": 1.0
    },
    {
        "model": 1,
        "sequence": 9,
        "status": 1,
        "fuel": 6212,
        "fault": 0.2934,
        "weapon": 0,
        "pilot_injury": 0.6866,
        "pilot_skill": 0.4296,
        "mission_priority": 0.6271,
        "estimated_landing_time": 852.0,
        "wait_time": 0,
        "Landing_success_rate": 1.0
    },
    {
        "model": 0,
        "sequence": 14,
        "status": 1,
        "fuel": 6352,
        "fault": 0.1241,
        "weapon": 0,
        "pilot_injury": 0.5683,
        "pilot_skill": 0.7776,
        "mission_priority": 0.7151,
        "estimated_landing_time": 1322.0,
        "wait_time": 0,
        "Landing_success_rate": 1.0
    },
    {
        "model": 0,
        "sequence": 25,
        "status": 1,
        "fuel": 7028,
        "fault": 0.4532,
        "weapon": 1,
        "pilot_injury": 0.4075,
        "pilot_skill": 0.4331,
        "mission_priority": 0.3488,
        "estimated_landing_time": 2356.0,
        "wait_time": 0,
        "Landing_success_rate": 1.0
    },
    {
        "model": 0,
        "sequence": 22,
        "status": 1,
        "fuel": 7286,
        "fault": 0.4151,
        "weapon": 1,
        "pilot_injury": 0.9675,
        "pilot_skill": 0.779,
        "mission_priority": 0.2982,
        "estimated_landing_time": 2074.0,
        "wait_time": 0,
        "Landing_success_rate": 1.0
    },
    {
        "model": 0,
        "sequence": 13,
        "status": 1,
        "fuel": 6989,
        "fault": 0.0794,
        "weapon": 0,
        "pilot_injury": 0.7344,
        "pilot_skill": 0.9636,
        "mission_priority": 0.2537,
        "estimated_landing_time": 1228.0,
        "wait_time": 0,
        "Landing_success_rate": 1.0
    },
    {
        "model": 0,
        "sequence": 2,
        "status": 1,
        "fuel": 5674,
        "fault": 0.6558,
        "weapon": 1,
        "pilot_injury": 0.2586,
        "pilot_skill": 0.7215,
        "mission_priority": 0.0607,
        "estimated_landing_time": 194.0,
        "wait_time": 0,
        "Landing_success_rate": 1.0
    },
    {
        "model": 2,
        "sequence": 1,
        "status": 1,
        "fuel": 7441,
        "fault": 0.4752,
        "weapon": 1,
        "pilot_injury": 0.6956,
        "pilot_skill": 0.5323,
        "mission_priority": 0.9555,
        "estimated_landing_time": 100.0,
        "wait_time": 0,
        "Landing_success_rate": 1.0
    },
    {
        "model": 2,
        "sequence": 8,
        "status": 1,
        "fuel": 7368,
        "fault": 0.177,
        "weapon": 0,
        "pilot_injury": 0.0695,
        "pilot_skill": 0.8792,
        "mission_priority": 0.5939,
        "estimated_landing_time": 758.0,
        "wait_time": 0,
        "Landing_success_rate": 1.0
    },
    {
        "model": 2,
        "sequence": 20,
        "status": 1,
        "fuel": 6713,
        "fault": 0.9197,
        "weapon": 1,
        "pilot_injury": 0.489,
        "pilot_skill": 0.3987,
        "mission_priority": 0.3158,
        "estimated_landing_time": 1886.0,
        "wait_time": 0,
        "Landing_success_rate": 1.0
    },
    {
        "model": 0,
        "sequence": 16,
        "status": 1,
        "fuel": 6749,
        "fault": 0.1937,
        "weapon": 1,
        "pilot_injury": 0.6467,
        "pilot_skill": 0.823,
        "mission_priority": 0.9073,
        "estimated_landing_time": 1510.0,
        "wait_time": 0,
        "Landing_success_rate": 1.0
    },
    {
        "model": 1,
        "sequence": 10,
        "status": 1,
        "fuel": 6486,
        "fault": 0.6256,
        "weapon": 1,
        "pilot_injury": 0.6005,
        "pilot_skill": 0.1414,
        "mission_priority": 0.1171,
        "estimated_landing_time": 946.0,
        "wait_time": 0,
        "Landing_success_rate": 1.0
    },
    {
        "model": 1,
        "sequence": 26,
        "status": 1,
        "fuel": 7355,
        "fault": 0.4038,
        "weapon": 0,
        "pilot_injury": 0.0672,
        "pilot_skill": 0.106,
        "mission_priority": 0.5656,
        "estimated_landing_time": 2450.0,
        "wait_time": 0,
        "Landing_success_rate": 1.0
    },
    {
        "model": 0,
        "sequence": 19,
        "status": 1,
        "fuel": 6426,
        "fault": 0.2087,
        "weapon": 0,
        "pilot_injury": 0.2145,
        "pilot_skill": 0.1165,
        "mission_priority": 0.5456,
        "estimated_landing_time": 1792.0,
        "wait_time": 0,
        "Landing_success_rate": 1.0
    },
    {
        "model": 2,
        "sequence": 15,
        "status": 1,
        "fuel": 6036,
        "fault": 0.5194,
        "weapon": 1,
        "pilot_injury": 0.8187,
        "pilot_skill": 0.2663,
        "mission_priority": 0.886,
        "estimated_landing_time": 1416.0,
        "wait_time": 0,
        "Landing_success_rate": 1.0
    },
    {
        "model": 1,
        "sequence": 28,
        "status": 1,
        "fuel": 6447,
        "fault": 0.3786,
        "weapon": 0,
        "pilot_injury": 0.4712,
        "pilot_skill": 0.2679,
        "mission_priority": 0.2603,
        "estimated_landing_time": 2638.0,
        "wait_time": 0,
        "Landing_success_rate": 1.0
    },
    {
        "model": 0,
        "sequence": 23,
        "status": 1,
        "fuel": 7206,
        "fault": 0.698,
        "weapon": 1,
        "pilot_injury": 0.9301,
        "pilot_skill": 0.2715,
        "mission_priority": 0.3356,
        "estimated_landing_time": 2168.0,
        "wait_time": 0,
        "Landing_success_rate": 1.0
    },
    {
        "model": 2,
        "sequence": 24,
        "status": 1,
        "fuel": 7166,
        "fault": 0.482,
        "weapon": 1,
        "pilot_injury": 0.6926,
        "pilot_skill": 0.5906,
        "mission_priority": 0.8096,
        "estimated_landing_time": 2262.0,
        "wait_time": 0,
        "Landing_success_rate": 1.0
    },
    {
        "model": 2,
        "sequence": 11,
        "status": 1,
        "fuel": 7184,
        "fault": 0.8361,
        "weapon": 0,
        "pilot_injury": 0.3309,
        "pilot_skill": 0.9131,
        "mission_priority": 0.1071,
        "estimated_landing_time": 1040.0,
        "wait_time": 0,
        "Landing_success_rate": 1.0
    },
    {
        "model": 2,
        "sequence": 7,
        "status": 1,
        "fuel": 6599,
        "fault": 0.2573,
        "weapon": 1,
        "pilot_injury": 0.3582,
        "pilot_skill": 0.0791,
        "mission_priority": 0.6047,
        "estimated_landing_time": 664.0,
        "wait_time": 0,
        "Landing_success_rate": 1.0
    }
]