[
    {
        "model": 1,
        "sequence": 8,
        "status": 1,
        "fuel": 5970,
        "fault": 0.1071,
        "weapon": 1,
        "pilot_injury": 0.8493,
        "pilot_skill": 0.7049,
        "mission_priority": 0.4669,
        "estimated_landing_time": 758.0,
        "wait_time": 0,
        "Landing_success_rate": 1.0
    },
    {
        "model": 2,
        "sequence": 7,
        "status": 1,
        "fuel": 7398,
        "fault": 0.4733,
        "weapon": 0,
        "pilot_injury": 0.0662,
        "pilot_skill": 0.9489,
        "mission_priority": 0.4503,
        "estimated_landing_time": 664.0,
        "wait_time": 0,
        "Landing_success_rate": 1.0
    },
    {
        "model": 2,
        "sequence": 29,
        "status": 1,
        "fuel": 6167,
        "fault": 0.5601,
        "weapon": 0,
        "pilot_injury": 0.8286,
        "pilot_skill": 0.5883,
        "mission_priority": 0.1016,
        "estimated_landing_time": 2732.0,
        "wait_time": 0,
        "Landing_success_rate": 1.0
    },
    {
        "model": 1,
        "sequence": 28,
        "status": 1,
        "fuel": 6602,
        "fault": 0.832,
        "weapon": 1,
        "pilot_injury": 0.0135,
        "pilot_skill": 0.0426,
        "mission_priority": 0.6777,
        "estimated_landing_time": 2638.0,
        "wait_time": 0,
        "Landing_success_rate": 1.0
    },
    {
        "model": 2,
        "sequence": 26,
        "status": 1,
        "fuel": 6277,
        "fault": 0.7317,
        "weapon": 0,
        "pilot_injury": 0.1681,
        "pilot_skill": 0.9112,
        "mission_priority": 0.6963,
        "estimated_landing_time": 2450.0,
        "wait_time": 0,
        "Landing_success_rate": 1.0
    },
    {
        "model": 0,
        "sequence": 18,
        "status": 1,
        "fuel": 6336,
        "fault": 0.097,
        "weapon": 0,
        "pilot_injury": 0.716,
        "pilot_skill": 0.7098,
        "mission_priority": 0.5947,
        "estimated_landing_time": 1698.0,
        "wait_time": 0,
        "Landing_success_rate": 1.0
    },
    {
        "model": 0,
        "sequence": 19,
        "status": 1,
        "fuel": 5668,
        "fault": 0.7262,
        "weapon": 1,
        "pilot_injury": 0.9375,
        "pilot_skill": 0.8699,
        "mission_priority": 0.243,
        "estimated_landing_time": 1792.0,
        "wait_time": 0,
        "Landing_success_rate": 1.0
    },
    {
        "model": 1,
        "sequence": 5,
        "status": 1,
        "fuel": 7036,
        "fault": 0.7641,
        "weapon": 1,
        "pilot_injury": 0.7075,
        "pilot_skill": 0.8315,
        "mission_priority": 0.2158,
        "estimated_landing_time": 476.0,
        "wait_time": 0,
        "Landing_success_rate": 1.0
    },
    {
        "model": 1,
        "sequence": 25,
        "status": 1,
        "fuel": 7122,
        "fault": 0.145,
        "weapon": 1,
        "pilot_injury": 0.2184,
        "pilot_skill": 0.3711,
        "mission_priority": 0.1046,
        "estimated_landing_time": 2356.0,
        "wait_time": 0,
        "Landing_success_rate": 1.0
    },
    {
        "model": 2,
        "sequence": 1,
        "status": 1,
        "fuel": 6343,
        "fault": 0.6299,
        "weapon": 0,
        "pilot_injury": 0.6931,
        "pilot_skill": 0.7372,
        "mission_priority": 0.4793,
        "estimated_landing_time": 100.0,
        "wait_time": 0,
        "Landing_success_rate": 1.0
    },
    {
        "model": 0,
        "sequence": 13,
        "status": 1,
        "fuel": 5556,
        "fault": 0.8713,
        "weapon": 1,
        "pilot_injury": 0.3722,
        "pilot_skill": 0.9496,
        "mission_priority": 0.5132,
        "estimated_landing_time": 1228.0,
        "wait_time": 0,
        "Landing_success_rate": 1.0
    },
    {
        "model": 1,
        "sequence": 24,
        "status": 1,
        "fuel": 7412,
        "fault": 0.5744,
        "weapon": 0,
        "pilot_injury": 0.7794,
        "pilot_skill": 0.1605,
        "mission_priority": 0.4491,
        "estimated_landing_time": 2262.0,
        "wait_time": 0,
        "Landing_success_rate": 1.0
    },
    {
        "model": 0,
        "sequence": 15,
        "status": 1,
        "fuel": 6109,
        "fault": 0.0205,
        "weapon": 0,
        "pilot_injury": 0.2128,
        "pilot_skill": 0.6728,
        "mission_priority": 0.1178,
        "estimated_landing_time": 1416.0,
        "wait_time": 0,
        "Landing_success_rate": 1.0
    },
    {
        "model": 2,
        "sequence": 10,
        "status": 1,
        "fuel": 6210,
        "fault": 0.3996,
        "weapon": 1,
        "pilot_injury": 0.4098,
        "pilot_skill": 0.3197,
        "mission_priority": 0.2579,
        "estimated_landing_time": 946.0,
        "wait_time": 0,
        "Landing_success_rate": 1.0
    },
    {
        "model": 1,
        "sequence": 11,
        "status": 1,
        "fuel": 6503,
        "fault": 0.3273,
        "weapon": 0,
        "pilot_injury": 0.4035,
        "pilot_skill": 0.9046,
        "mission_priority": 0.2244,
        "estimated_landing_time": 1040.0,
        "wait_time": 0,
        "Landing_success_rate": 1.0
    },
    {
        "model": 1,
        "sequence": 20,
        "status": 1,
        "fuel": 5529,
        "fault": 0.153,
        "weapon": 0,
        "pilot_injury": 0.3539,
        "pilot_skill": 0.3212,
        "mission_priority": 0.937,
        "estimated_landing_time": 1886.0,
        "wait_time": 0,
        "Landing_success_rate": 1.0
    },
    {
        "model": 1,
        "sequence": 23,
        "status": 1,
        "fuel": 6365,
        "fault": 0.1545,
        "weapon": 0,
        "pilot_injury": 0.6025,
        "pilot_skill": 0.141,
        "mission_priority": 0.9395,
        "estimated_landing_time": 2168.0,
        "wait_time": 0,
        "Landing_success_rate": 1.0
    },
    {
        "model": 0,
        "sequence": 17,
        "status": 1,
        "fuel": 6488,
        "fault": 0.5378,
        "weapon": 1,
        "pilot_injury": 0.3004,
        "pilot_skill": 0.3356,
        "mission_priority": 0.0927,
        "estimated_landing_time": 1604.0,
        "wait_time": 0,
        "Landing_success_rate": 1.0
    },
    {
        "model": 2,
        "sequence": 14,
        "status": 1,
        "fuel": 7259,
        "fault": 0.8956,
        "weapon": 1,
        "pilot_injury": 0.6291,
        "pilot_skill": 0.0067,
        "mission_priority": 0.982,
        "estimated_landing_time": 1322.0,
        "wait_time": 0,
        "Landing_success_rate": 1.0
    },
    {
        "model": 0,
        "sequence": 30,
        "status": 1,
        "fuel": 6984,
        "fault": 0.2307,
        "weapon": 0,
        "pilot_injury": 0.7158,
        "pilot_skill": 0.1716,
        "mission_priority": 0.1117,
        "estimated_landing_time": 2826.0,
        "wait_time": 0,
        "Landing_success_rate": 1.0
    },
    {
        "model": 0,
        "sequence": 12,
        "status": 1,
        "fuel": 6656,
        "fault": 0.034,
        "weapon": 0,
        "pilot_injury": 0.1682,
        "pilot_skill": 0.674,
        "mission_priority": 0.4208,
        "estimated_landing_time": 1134.0,
        "wait_time": 0,
        "Landing_success_rate": 1.0
    },
    {
        "model": 1,
        "sequence": 9,
        "status": 1,
        "fuel": 6959,
        "fault": 0.9533,
        "weapon": 0,
        "pilot_injury": 0.8612,
        "pilot_skill": 0.1706,
        "mission_priority": 0.3602,
        "estimated_landing_time": 852.0,
        "wait_time": 0,
        "Landing_success_rate": 1.0
    },
    {
        "model": 2,
        "sequence": 22,
        "status": 1,
        "fuel": 6845,
        "fault": 0.7372,
        "weapon": 1,
        "pilot_injury": 0.6658,
        "pilot_skill": 0.6926,
        "mission_priority": 0.677,
        "estimated_landing_time": 2074.0,
        "wait_time": 0,
        "Landing_success_rate": 1.0
    },
    {
        "model": 2,
        "sequence": 2,
        "status": 1,
        "fuel": 7085,
        "fault": 0.2099,
        "weapon": 1,
        "pilot_injury": 0.5072,
        "pilot_skill": 0.4494,
        "mission_priority": 0.2475,
        "estimated_landing_time": 194.0,
        "wait_time": 0,
        "Landing_success_rate": 1.0
    },
    {
        "model": 1,
        "sequence": 6,
        "status": 1,
        "fuel": 6519,
        "fault": 0.232,
        "weapon": 1,
        "pilot_injury": 0.3149,
        "pilot_skill": 0.524,
        "mission_priority": 0.2061,
        "estimated_landing_time": 570.0,
        "wait_time": 0,
        "Landing_success_rate": 1.0
    },
    {
        "model": 2,
        "sequence": 16,
        "status": 1,
        "fuel": 6503,
        "fault": 0.7354,
        "weapon": 1,
        "pilot_injury": 0.3224,
        "pilot_skill": 0.8423,
        "mission_priority": 0.873,
        "estimated_landing_time": 1510.0,
        "wait_time": 0,
        "Landing_success_rate": 1.0
    },
    {
        "model": 1,
        "sequence": 21,
        "status": 1,
        "fuel": 5760,
        "fault": 0.8473,
        "weapon": 0,
        "pilot_injury": 0.756,
        "pilot_skill": 0.2288,
        "mission_priority": 0.6248,
        "estimated_landing_time": 1980.0,
        "wait_time": 0,
        "Landing_success_rate": 1.0
    },
    {
        "model": 1,
        "sequence": 4,
        "status": 1,
        "fuel": 5528,
        "fault": 0.2723,
        "weapon": 0,
        "pilot_injury": 0.2072,
        "pilot_skill": 0.8487,
        "mission_priority": 0.421,
        "estimated_landing_time": 382.0,
        "wait_time": 0,
        "Landing_success_rate": 1.0
    },
    {
        "model": 2,
        "sequence": 3,
        "status": 1,
        "fuel": 7081,
        "fault": 0.0788,
        "weapon": 1,
        "pilot_injury": 0.8634,
        "pilot_skill": 0.9671,
        "mission_priority": 0.7482,
        "estimated_landing_time": 288.0,
        "wait_time": 0,
        "Landing_success_rate": 1.0
    },
    {
        "model": 2,
        "sequence": 27,
        "status": 1,
        "fuel": 5625,
        "fault": 0.0201,
        "weapon": 0,
        "pilot_injury": 0.0763,
        "pilot_skill": 0.1012,
        "mission_priority": 0.383,
        "estimated_landing_time": 2544.0,
        "wait_time": 0,
        "Landing_success_rate": 1.0
    }
]