[
    {
        "model": 0,
        "sequence": 5,
        "status": 1,
        "fuel": 6768,
        "fault": 0.1828,
        "weapon": 1,
        "pilot_injury": 0.0972,
        "pilot_skill": 0.2953,
        "mission_priority": 0.4281,
        "estimated_landing_time": 476.0,
        "wait_time": 0,
        "Landing_success_rate": 1.0
    },
    {
        "model": 0,
        "sequence": 7,
        "status": 1,
        "fuel": 5704,
        "fault": 0.3746,
        "weapon": 0,
        "pilot_injury": 0.7829,
        "pilot_skill": 0.3255,
        "mission_priority": 0.1445,
        "estimated_landing_time": 664.0,
        "wait_time": 0,
        "Landing_success_rate": 1.0
    },
    {
        "model": 0,
        "sequence": 15,
        "status": 1,
        "fuel": 7008,
        "fault": 0.3359,
        "weapon": 1,
        "pilot_injury": 0.5831,
        "pilot_skill": 0.3415,
        "mission_priority": 0.8574,
        "estimated_landing_time": 1416.0,
        "wait_time": 0,
        "Landing_success_rate": 1.0
    },
    {
        "model": 2,
        "sequence": 29,
        "status": 1,
        "fuel": 5748,
        "fault": 0.3988,
        "weapon": 0,
        "pilot_injury": 0.7051,
        "pilot_skill": 0.6575,
        "mission_priority": 0.1945,
        "estimated_landing_time": 2732.0,
        "wait_time": 0,
        "Landing_success_rate": 1.0
    },
    {
        "model": 1,
        "sequence": 30,
        "status": 1,
        "fuel": 6650,
        "fault": 0.8813,
        "weapon": 1,
        "pilot_injury": 0.737,
        "pilot_skill": 0.3476,
        "mission_priority": 0.3671,
        "estimated_landing_time": 2826.0,
        "wait_time": 0,
        "Landing_success_rate": 1.0
    },
    {
        "model": 0,
        "sequence": 20,
        "status": 1,
        "fuel": 7355,
        "fault": 0.0985,
        "weapon": 1,
        "pilot_injury": 0.1403,
        "pilot_skill": 0.0546,
        "mission_priority": 0.402,
        "estimated_landing_time": 1886.0,
        "wait_time": 0,
        "Landing_success_rate": 1.0
    },
    {
        "model": 0,
        "sequence": 25,
        "status": 1,
        "fuel": 6308,
        "fault": 0.7175,
        "weapon": 0,
        "pilot_injury": 0.7603,
        "pilot_skill": 0.8547,
        "mission_priority": 0.7438,
        "estimated_landing_time": 2356.0,
        "wait_time": 0,
        "Landing_success_rate": 1.0
    },
    {
        "model": 1,
        "sequence": 17,
        "status": 1,
        "fuel": 5846,
        "fault": 0.1111,
        "weapon": 0,
        "pilot_injury": 0.9361,
        "pilot_skill": 0.1931,
        "mission_priority": 0.4999,
        "estimated_landing_time": 1604.0,
        "wait_time": 0,
        "Landing_success_rate": 1.0
    },
    {
        "model": 0,
        "sequence": 18,
        "status": 1,
        "fuel": 6616,
        "fault": 0.8821,
        "weapon": 1,
        "pilot_injury": 0.8786,
        "pilot_skill": 0.0304,
        "mission_priority": 0.8718,
        "estimated_landing_time": 1698.0,
        "wait_time": 0,
        "Landing_success_rate": 1.0
    },
    {
        "model": 0,
        "sequence": 8,
        "status": 1,
        "fuel": 6944,
        "fault": 0.1398,
        "weapon": 0,
        "pilot_injury": 0.0257,
        "pilot_skill": 0.2599,
        "mission_priority": 0.9158,
        "estimated_landing_time": 758.0,
        "wait_time": 0,
        "Landing_success_rate": 1.0
    },
    {
        "model": 2,
        "sequence": 9,
        "status": 1,
        "fuel": 6186,
        "fault": 0.0343,
        "weapon": 1,
        "pilot_injury": 0.4462,
        "pilot_skill": 0.9366,
        "mission_priority": 0.463,
        "estimated_landing_time": 852.0,
        "wait_time": 0,
        "Landing_success_rate": 1.0
    },
    {
        "model": 1,
        "sequence": 21,
        "status": 1,
        "fuel": 5916,
        "fault": 0.0447,
        "weapon": 1,
        "pilot_injury": 0.9938,
        "pilot_skill": 0.3339,
        "mission_priority": 0.1601,
        "estimated_landing_time": 1980.0,
        "wait_time": 0,
        "Landing_success_rate": 1.0
    },
    {
        "model": 2,
        "sequence": 12,
        "status": 1,
        "fuel": 7062,
        "fault": 0.4902,
        "weapon": 0,
        "pilot_injury": 0.8891,
        "pilot_skill": 0.534,
        "mission_priority": 0.6324,
        "estimated_landing_time": 1134.0,
        "wait_time": 0,
        "Landing_success_rate": 1.0
    },
    {
        "model": 0,
        "sequence": 16,
        "status": 1,
        "fuel": 6227,
        "fault": 0.2916,
        "weapon": 1,
        "pilot_injury": 0.8383,
        "pilot_skill": 0.3238,
        "mission_priority": 0.9771,
        "estimated_landing_time": 1510.0,
        "wait_time": 0,
        "Landing_success_rate": 1.0
    },
    {
        "model": 0,
        "sequence": 13,
        "status": 1,
        "fuel": 6876,
        "fault": 0.0377,
        "weapon": 1,
        "pilot_injury": 0.6606,
        "pilot_skill": 0.1917,
        "mission_priority": 0.3888,
        "estimated_landing_time": 1228.0,
        "wait_time": 0,
        "Landing_success_rate": 1.0
    },
    {
        "model": 1,
        "sequence": 28,
        "status": 1,
        "fuel": 5929,
        "fault": 0.3061,
        "weapon": 0,
        "pilot_injury": 0.5848,
        "pilot_skill": 0.9937,
        "mission_priority": 0.5596,
        "estimated_landing_time": 2638.0,
        "wait_time": 0,
        "Landing_success_rate": 1.0
    },
    {
        "model": 0,
        "sequence": 6,
        "status": 1,
        "fuel": 7352,
        "fault": 0.8708,
        "weapon": 1,
        "pilot_injury": 0.1392,
        "pilot_skill": 0.5132,
        "mission_priority": 0.9852,
        "estimated_landing_time": 570.0,
        "wait_time": 0,
        "Landing_success_rate": 1.0
    },
    {
        "model": 2,
        "sequence": 2,
        "status": 1,
        "fuel": 6857,
        "fault": 0.6009,
        "weapon": 0,
        "pilot_injury": 0.543,
        "pilot_skill": 0.5527,
        "mission_priority": 0.6854,
        "estimated_landing_time": 194.0,
        "wait_time": 0,
        "Landing_success_rate": 1.0
    },
    {
        "model": 2,
        "sequence": 1,
        "status": 1,
        "fuel": 6462,
        "fault": 0.9343,
        "weapon": 0,
        "pilot_injury": 0.025,
        "pilot_skill": 0.9437,
        "mission_priority": 0.0701,
        "estimated_landing_time": 100.0,
        "wait_time": 0,
        "Landing_success_rate": 1.0
    },
    {
        "model": 1,
        "sequence": 4,
        "status": 1,
        "fuel": 5765,
        "fault": 0.3267,
        "weapon": 0,
        "pilot_injury": 0.4877,
        "pilot_skill": 0.0636,
        "mission_priority": 0.2292,
        "estimated_landing_time": 382.0,
        "wait_time": 0,
        "Landing_success_rate": 1.0
    },
    {
        "model": 1,
        "sequence": 19,
        "status": 1,
        "fuel": 5790,
        "fault": 0.1747,
        "weapon": 0,
        "pilot_injury": 0.4237,
        "pilot_skill": 0.3291,
        "mission_priority": 0.8152,
        "estimated_landing_time": 1792.0,
        "wait_time": 0,
        "Landing_success_rate": 1.0
    },
    {
        "model": 0,
        "sequence": 23,
        "status": 1,
        "fuel": 6345,
        "fault": 0.5436,
        "weapon": 0,
        "pilot_injury": 0.4066,
        "pilot_skill": 0.5878,
        "mission_priority": 0.2055,
        "estimated_landing_time": 2168.0,
        "wait_time": 0,
        "Landing_success_rate": 1.0
    },
    {
        "model": 1,
        "sequence": 14,
        "status": 1,
        "fuel": 6128,
        "fault": 0.3219,
        "weapon": 1,
        "pilot_injury": 0.0702,
        "pilot_skill": 0.8243,
        "mission_priority": 0.8613,
        "estimated_landing_time": 1322.0,
        "wait_time": 0,
        "Landing_success_rate": 1.0
    },
    {
        "model": 1,
        "sequence": 3,
        "status": 1,
        "fuel": 6525,
        "fault": 0.9589,
        "weapon": 1,
        "pilot_injury": 0.594,
        "pilot_skill": 0.0125,
        "mission_priority": 0.3423,
        "estimated_landing_time": 288.0,
        "wait_time": 0,
        "Landing_success_rate": 1.0
    },
    {
        "model": 0,
        "sequence": 27,
        "status": 1,
        "fuel": 6838,
        "fault": 0.1565,
        "weapon": 0,
        "pilot_injury": 0.9332,
        "pilot_skill": 0.6756,
        "mission_priority": 0.0284,
        "estimated_landing_time": 2544.0,
        "wait_time": 0,
        "Landing_success_rate": 1.0
    },
    {
        "model": 0,
        "sequence": 10,
        "status": 1,
        "fuel": 6291,
        "fault": 0.8777,
        "weapon": 0,
        "pilot_injury": 0.5546,
        "pilot_skill": 0.1272,
        "mission_priority": 0.6141,
        "estimated_landing_time": 946.0,
        "wait_time": 0,
        "Landing_success_rate": 1.0
    },
    {
        "model": 2,
        "sequence": 11,
        "status": 1,
        "fuel": 7058,
        "fault": 0.5626,
        "weapon": 0,
        "pilot_injury": 0.2462,
        "pilot_skill": 0.2582,
        "mission_priority": 0.9678,
        "estimated_landing_time": 1040.0,
        "wait_time": 0,
        "Landing_success_rate": 1.0
    },
    {
        "model": 2,
        "sequence": 22,
        "status": 1,
        "fuel": 7061,
        "fault": 0.3612,
        "weapon": 1,
        "pilot_injury": 0.8241,
        "pilot_skill": 0.1617,
        "mission_priority": 0.1968,
        "estimated_landing_time": 2074.0,
        "wait_time": 0,
        "Landing_success_rate": 1.0
    },
    {
        "model": 1,
        "sequence": 26,
        "status": 1,
        "fuel": 6873,
        "fault": 0.6697,
        "weapon": 1,
        "pilot_injury": 0.8547,
        "pilot_skill": 0.5788,
        "mission_priority": 0.259,
        "estimated_landing_time": 2450.0,
        "wait_time": 0,
        "Landing_success_rate": 1.0
    },
    {
        "model": 0,
        "sequence": 24,
        "status": 1,
        "fuel": 6731,
        "fault": 0.3485,
        "weapon": 0,
        "pilot_injury": 0.101,
        "pilot_skill": 0.6441,
        "mission_priority": 0.7218,
        "estimated_landing_time": 2262.0,
        "wait_time": 0,
        "Landing_success_rate": 1.0
    }
]