[
    {
        "model": 2,
        "sequence": 6,
        "status": 1,
        "fuel": 6642,
        "fault": 0.4157,
        "weapon": 1,
        "pilot_injury": 0.1236,
        "pilot_skill": 0.4166,
        "mission_priority": 0.5118,
        "estimated_landing_time": 570.0,
        "wait_time": 0,
        "Landing_success_rate": 1.0
    },
    {
        "model": 2,
        "sequence": 9,
        "status": 1,
        "fuel": 6668,
        "fault": 0.8289,
        "weapon": 1,
        "pilot_injury": 0.2069,
        "pilot_skill": 0.9354,
        "mission_priority": 0.4485,
        "estimated_landing_time": 852.0,
        "wait_time": 0,
        "Landing_success_rate": 1.0
    },
    {
        "model": 0,
        "sequence": 24,
        "status": 1,
        "fuel": 5800,
        "fault": 0.5401,
        "weapon": 0,
        "pilot_injury": 0.1276,
        "pilot_skill": 0.4432,
        "mission_priority": 0.8744,
        "estimated_landing_time": 2262.0,
        "wait_time": 0,
        "Landing_success_rate": 1.0
    },
    {
        "model": 2,
        "sequence": 11,
        "status": 1,
        "fuel": 7308,
        "fault": 0.1093,
        "weapon": 1,
        "pilot_injury": 0.4236,
        "pilot_skill": 0.0405,
        "mission_priority": 0.6478,
        "estimated_landing_time": 1040.0,
        "wait_time": 0,
        "Landing_success_rate": 1.0
    },
    {
        "model": 0,
        "sequence": 19,
        "status": 1,
        "fuel": 6369,
        "fault": 0.1249,
        "weapon": 0,
        "pilot_injury": 0.1709,
        "pilot_skill": 0.4762,
        "mission_priority": 0.4466,
        "estimated_landing_time": 1792.0,
        "wait_time": 0,
        "Landing_success_rate": 1.0
    },
    {
        "model": 0,
        "sequence": 27,
        "status": 1,
        "fuel": 7281,
        "fault": 0.4083,
        "weapon": 0,
        "pilot_injury": 0.6633,
        "pilot_skill": 0.7044,
        "mission_priority": 0.645,
        "estimated_landing_time": 2544.0,
        "wait_time": 0,
        "Landing_success_rate": 1.0
    },
    {
        "model": 1,
        "sequence": 30,
        "status": 1,
        "fuel": 7412,
        "fault": 0.8637,
        "weapon": 0,
        "pilot_injury": 0.6571,
        "pilot_skill": 0.8342,
        "mission_priority": 0.6367,
        "estimated_landing_time": 2826.0,
        "wait_time": 0,
        "Landing_success_rate": 1.0
    },
    {
        "model": 0,
        "sequence": 14,
        "status": 1,
        "fuel": 6701,
        "fault": 0.1382,
        "weapon": 0,
        "pilot_injury": 0.3304,
        "pilot_skill": 0.0939,
        "mission_priority": 0.6923,
        "estimated_landing_time": 1322.0,
        "wait_time": 0,
        "Landing_success_rate": 1.0
    },
    {
        "model": 1,
        "sequence": 28,
        "status": 1,
        "fuel": 6581,
        "fault": 0.9675,
        "weapon": 0,
        "pilot_injury": 0.4785,
        "pilot_skill": 0.5431,
        "mission_priority": 0.0081,
        "estimated_landing_time": 2638.0,
        "wait_time": 0,
        "Landing_success_rate": 1.0
    },
    {
        "model": 1,
        "sequence": 5,
        "status": 1,
        "fuel": 7206,
        "fault": 0.2051,
        "weapon": 0,
        "pilot_injury": 0.2615,
        "pilot_skill": 0.1079,
        "mission_priority": 0.3287,
        "estimated_landing_time": 476.0,
        "wait_time": 0,
        "Landing_success_rate": 1.0
    },
    {
        "model": 0,
        "sequence": 23,
        "status": 1,
        "fuel": 6689,
        "fault": 0.6713,
        "weapon": 0,
        "pilot_injury": 0.4106,
        "pilot_skill": 0.027,
        "mission_priority": 0.0004,
        "estimated_landing_time": 2168.0,
        "wait_time": 0,
        "Landing_success_rate": 1.0
    },
    {
        "model": 0,
        "sequence": 3,
        "status": 1,
        "fuel": 7362,
        "fault": 0.3124,
        "weapon": 0,
        "pilot_injury": 0.5676,
        "pilot_skill": 0.2978,
        "mission_priority": 0.93,
        "estimated_landing_time": 288.0,
        "wait_time": 0,
        "Landing_success_rate": 1.0
    },
    {
        "model": 2,
        "sequence": 13,
        "status": 1,
        "fuel": 7312,
        "fault": 0.1922,
        "weapon": 1,
        "pilot_injury": 0.2106,
        "pilot_skill": 0.1378,
        "mission_priority": 0.7624,
        "estimated_landing_time": 1228.0,
        "wait_time": 0,
        "Landing_success_rate": 1.0
    },
    {
        "model": 0,
        "sequence": 15,
        "status": 1,
        "fuel": 7425,
        "fault": 0.2739,
        "weapon": 1,
        "pilot_injury": 0.9196,
        "pilot_skill": 0.3901,
        "mission_priority": 0.5435,
        "estimated_landing_time": 1416.0,
        "wait_time": 0,
        "Landing_success_rate": 1.0
    },
    {
        "model": 2,
        "sequence": 10,
        "status": 1,
        "fuel": 6061,
        "fault": 0.5935,
        "weapon": 1,
        "pilot_injury": 0.638,
        "pilot_skill": 0.8886,
        "mission_priority": 0.9521,
        "estimated_landing_time": 946.0,
        "wait_time": 0,
        "Landing_success_rate": 1.0
    },
    {
        "model": 2,
        "sequence": 20,
        "status": 1,
        "fuel": 6489,
        "fault": 0.569,
        "weapon": 0,
        "pilot_injury": 0.3972,
        "pilot_skill": 0.2405,
        "mission_priority": 0.8368,
        "estimated_landing_time": 1886.0,
        "wait_time": 0,
        "Landing_success_rate": 1.0
    },
    {
        "model": 0,
        "sequence": 18,
        "status": 1,
        "fuel": 6967,
        "fault": 0.8198,
        "weapon": 0,
        "pilot_injury": 0.0097,
        "pilot_skill": 0.5946,
        "mission_priority": 0.6584,
        "estimated_landing_time": 1698.0,
        "wait_time": 0,
        "Landing_success_rate": 1.0
    },
    {
        "model": 2,
        "sequence": 26,
        "status": 1,
        "fuel": 6791,
        "fault": 0.6666,
        "weapon": 0,
        "pilot_injury": 0.3815,
        "pilot_skill": 0.3117,
        "mission_priority": 0.9562,
        "estimated_landing_time": 2450.0,
        "wait_time": 0,
        "Landing_success_rate": 1.0
    },
    {
        "model": 1,
        "sequence": 17,
        "status": 1,
        "fuel": 6702,
        "fault": 0.0673,
        "weapon": 1,
        "pilot_injury": 0.9832,
        "pilot_skill": 0.3875,
        "mission_priority": 0.6478,
        "estimated_landing_time": 1604.0,
        "wait_time": 0,
        "Landing_success_rate": 1.0
    },
    {
        "model": 1,
        "sequence": 8,
        "status": 1,
        "fuel": 6896,
        "fault": 0.8315,
        "weapon": 0,
        "pilot_injury": 0.5359,
        "pilot_skill": 0.2398,
        "mission_priority": 0.4658,
        "estimated_landing_time": 758.0,
        "wait_time": 0,
        "Landing_success_rate": 1.0
    },
    {
        "model": 0,
        "sequence": 4,
        "status": 1,
        "fuel": 5534,
        "fault": 0.6754,
        "weapon": 1,
        "pilot_injury": 0.6699,
        "pilot_skill": 0.614,
        "mission_priority": 0.7767,
        "estimated_landing_time": 382.0,
        "wait_time": 0,
        "Landing_success_rate": 1.0
    },
    {
        "model": 0,
        "sequence": 16,
        "status": 1,
        "fuel": 7120,
        "fault": 0.1605,
        "weapon": 1,
        "pilot_injury": 0.2053,
        "pilot_skill": 0.9858,
        "mission_priority": 0.8003,
        "estimated_landing_time": 1510.0,
        "wait_time": 0,
        "Landing_success_rate": 1.0
    },
    {
        "model": 0,
        "sequence": 25,
        "status": 1,
        "fuel": 5993,
        "fault": 0.3321,
        "weapon": 0,
        "pilot_injury": 0.5739,
        "pilot_skill": 0.5549,
        "mission_priority": 0.5695,
        "estimated_landing_time": 2356.0,
        "wait_time": 0,
        "Landing_success_rate": 1.0
    },
    {
        "model": 1,
        "sequence": 7,
        "status": 1,
        "fuel": 7423,
        "fault": 0.4914,
        "weapon": 1,
        "pilot_injury": 0.6772,
        "pilot_skill": 0.7884,
        "mission_priority": 0.2891,
        "estimated_landing_time": 664.0,
        "wait_time": 0,
        "Landing_success_rate": 1.0
    },
    {
        "model": 2,
        "sequence": 1,
        "status": 1,
        "fuel": 5986,
        "fault": 0.4486,
        "weapon": 0,
        "pilot_injury": 0.7328,
        "pilot_skill": 0.7289,
        "mission_priority": 0.5652,
        "estimated_landing_time": 100.0,
        "wait_time": 0,
        "Landing_success_rate": 1.0
    },
    {
        "model": 1,
        "sequence": 21,
        "status": 1,
        "fuel": 7057,
        "fault": 0.3586,
        "weapon": 1,
        "pilot_injury": 0.0873,
        "pilot_skill": 0.9814,
        "mission_priority": 0.184,
        "estimated_landing_time": 1980.0,
        "wait_time": 0,
        "Landing_success_rate": 1.0
    },
    {
        "model": 2,
        "sequence": 22,
        "status": 1,
        "fuel": 6659,
        "fault": 0.917,
        "weapon": 0,
        "pilot_injury": 0.1865,
        "pilot_skill": 0.1701,
        "mission_priority": 0.8045,
        "estimated_landing_time": 2074.0,
        "wait_time": 0,
        "Landing_success_rate": 1.0
    },
    {
        "model": 2,
        "sequence": 2,
        "status": 1,
        "fuel": 6508,
        "fault": 0.4493,
        "weapon": 0,
        "pilot_injury": 0.2266,
        "pilot_skill": 0.8884,
        "mission_priority": 0.2803,
        "estimated_landing_time": 194.0,
        "wait_time": 0,
        "Landing_success_rate": 1.0
    },
    {
        "model": 0,
        "sequence": 29,
        "status": 1,
        "fuel": 6638,
        "fault": 0.336,
        "weapon": 0,
        "pilot_injury": 0.2621,
        "pilot_skill": 0.144,
        "mission_priority": 0.9722,
        "estimated_landing_time": 2732.0,
        "wait_time": 0,
        "Landing_success_rate": 1.0
    },
    {
        "model": 0,
        "sequence": 12,
        "status": 1,
        "fuel": 6545,
        "fault": 0.3771,
        "weapon": 0,
        "pilot_injury": 0.1988,
        "pilot_skill": 0.4073,
        "mission_priority": 0.5442,
        "estimated_landing_time": 1134.0,
        "wait_time": 0,
        "Landing_success_rate": 1.0
    }
]