[
    {
        "model": 0,
        "sequence": 19,
        "status": 1,
        "fuel": 7409,
        "fault": 0.6567,
        "weapon": 1,
        "pilot_injury": 0.7836,
        "pilot_skill": 0.6975,
        "mission_priority": 0.9075,
        "estimated_landing_time": 1792.0,
        "wait_time": 0,
        "Landing_success_rate": 1.0
    },
    {
        "model": 2,
        "sequence": 22,
        "status": 1,
        "fuel": 5868,
        "fault": 0.7515,
        "weapon": 0,
        "pilot_injury": 0.4752,
        "pilot_skill": 0.3081,
        "mission_priority": 0.507,
        "estimated_landing_time": 2074.0,
        "wait_time": 0,
        "Landing_success_rate": 1.0
    },
    {
        "model": 2,
        "sequence": 9,
        "status": 1,
        "fuel": 6463,
        "fault": 0.4278,
        "weapon": 1,
        "pilot_injury": 0.1861,
        "pilot_skill": 0.6556,
        "mission_priority": 0.4566,
        "estimated_landing_time": 852.0,
        "wait_time": 0,
        "Landing_success_rate": 1.0
    },
    {
        "model": 2,
        "sequence": 28,
        "status": 1,
        "fuel": 7153,
        "fault": 0.4377,
        "weapon": 1,
        "pilot_injury": 0.4344,
        "pilot_skill": 0.2102,
        "mission_priority": 0.8753,
        "estimated_landing_time": 2638.0,
        "wait_time": 0,
        "Landing_success_rate": 1.0
    },
    {
        "model": 2,
        "sequence": 4,
        "status": 1,
        "fuel": 6484,
        "fault": 0.818,
        "weapon": 1,
        "pilot_injury": 0.0412,
        "pilot_skill": 0.6757,
        "mission_priority": 0.2146,
        "estimated_landing_time": 382.0,
        "wait_time": 0,
        "Landing_success_rate": 1.0
    },
    {
        "model": 1,
        "sequence": 30,
        "status": 1,
        "fuel": 6061,
        "fault": 0.5223,
        "weapon": 1,
        "pilot_injury": 0.289,
        "pilot_skill": 0.6577,
        "mission_priority": 0.2752,
        "estimated_landing_time": 2826.0,
        "wait_time": 0,
        "Landing_success_rate": 1.0
    },
    {
        "model": 1,
        "sequence": 3,
        "status": 1,
        "fuel": 7318,
        "fault": 0.0654,
        "weapon": 1,
        "pilot_injury": 0.9882,
        "pilot_skill": 0.6051,
        "mission_priority": 0.8444,
        "estimated_landing_time": 288.0,
        "wait_time": 0,
        "Landing_success_rate": 1.0
    },
    {
        "model": 0,
        "sequence": 15,
        "status": 1,
        "fuel": 5704,
        "fault": 0.8901,
        "weapon": 1,
        "pilot_injury": 0.7375,
        "pilot_skill": 0.6551,
        "mission_priority": 0.1942,
        "estimated_landing_time": 1416.0,
        "wait_time": 0,
        "Landing_success_rate": 1.0
    },
    {
        "model": 0,
        "sequence": 10,
        "status": 1,
        "fuel": 6909,
        "fault": 0.04,
        "weapon": 1,
        "pilot_injury": 0.6134,
        "pilot_skill": 0.3446,
        "mission_priority": 0.3091,
        "estimated_landing_time": 946.0,
        "wait_time": 0,
        "Landing_success_rate": 1.0
    },
    {
        "model": 1,
        "sequence": 29,
        "status": 1,
        "fuel": 5819,
        "fault": 0.3714,
        "weapon": 0,
        "pilot_injury": 0.1955,
        "pilot_skill": 0.9626,
        "mission_priority": 0.1545,
        "estimated_landing_time": 2732.0,
        "wait_time": 0,
        "Landing_success_rate": 1.0
    },
    {
        "model": 2,
        "sequence": 23,
        "status": 1,
        "fuel": 7134,
        "fault": 0.8135,
        "weapon": 1,
        "pilot_injury": 0.3779,
        "pilot_skill": 0.2313,
        "mission_priority": 0.6358,
        "estimated_landing_time": 2168.0,
        "wait_time": 0,
        "Landing_success_rate": 1.0
    },
    {
        "model": 0,
        "sequence": 6,
        "status": 1,
        "fuel": 6397,
        "fault": 0.6551,
        "weapon": 1,
        "pilot_injury": 0.0557,
        "pilot_skill": 0.9185,
        "mission_priority": 0.9803,
        "estimated_landing_time": 570.0,
        "wait_time": 0,
        "Landing_success_rate": 1.0
    },
    {
        "model": 1,
        "sequence": 20,
        "status": 1,
        "fuel": 6642,
        "fault": 0.8591,
        "weapon": 0,
        "pilot_injury": 0.4503,
        "pilot_skill": 0.3219,
        "mission_priority": 0.0773,
        "estimated_landing_time": 1886.0,
        "wait_time": 0,
        "Landing_success_rate": 1.0
    },
    {
        "model": 0,
        "sequence": 12,
        "status": 1,
        "fuel": 6214,
        "fault": 0.588,
        "weapon": 1,
        "pilot_injury": 0.017,
        "pilot_skill": 0.5821,
        "mission_priority": 0.8808,
        "estimated_landing_time": 1134.0,
        "wait_time": 0,
        "Landing_success_rate": 1.0
    },
    {
        "model": 1,
        "sequence": 13,
        "status": 1,
        "fuel": 5975,
        "fault": 0.2242,
        "weapon": 1,
        "pilot_injury": 0.7723,
        "pilot_skill": 0.2551,
        "mission_priority": 0.192,
        "estimated_landing_time": 1228.0,
        "wait_time": 0,
        "Landing_success_rate": 1.0
    },
    {
        "model": 2,
        "sequence": 8,
        "status": 1,
        "fuel": 7361,
        "fault": 0.4198,
        "weapon": 1,
        "pilot_injury": 0.8741,
        "pilot_skill": 0.6184,
        "mission_priority": 0.406,
        "estimated_landing_time": 758.0,
        "wait_time": 0,
        "Landing_success_rate": 1.0
    },
    {
        "model": 1,
        "sequence": 14,
        "status": 1,
        "fuel": 7127,
        "fault": 0.437,
        "weapon": 1,
        "pilot_injury": 0.1132,
        "pilot_skill": 0.2077,
        "mission_priority": 0.9625,
        "estimated_landing_time": 1322.0,
        "wait_time": 0,
        "Landing_success_rate": 1.0
    },
    {
        "model": 0,
        "sequence": 5,
        "status": 1,
        "fuel": 6992,
        "fault": 0.1273,
        "weapon": 0,
        "pilot_injury": 0.1451,
        "pilot_skill": 0.4211,
        "mission_priority": 0.0497,
        "estimated_landing_time": 476.0,
        "wait_time": 0,
        "Landing_success_rate": 1.0
    },
    {
        "model": 1,
        "sequence": 2,
        "status": 1,
        "fuel": 6014,
        "fault": 0.1625,
        "weapon": 0,
        "pilot_injury": 0.058,
        "pilot_skill": 0.4852,
        "mission_priority": 0.9578,
        "estimated_landing_time": 194.0,
        "wait_time": 0,
        "Landing_success_rate": 1.0
    },
    {
        "model": 0,
        "sequence": 24,
        "status": 1,
        "fuel": 7421,
        "fault": 0.858,
        "weapon": 0,
        "pilot_injury": 0.998,
        "pilot_skill": 0.532,
        "mission_priority": 0.3752,
        "estimated_landing_time": 2262.0,
        "wait_time": 0,
        "Landing_success_rate": 1.0
    },
    {
        "model": 0,
        "sequence": 25,
        "status": 1,
        "fuel": 7068,
        "fault": 0.6909,
        "weapon": 0,
        "pilot_injury": 0.5122,
        "pilot_skill": 0.4389,
        "mission_priority": 0.2708,
        "estimated_landing_time": 2356.0,
        "wait_time": 0,
        "Landing_success_rate": 1.0
    },
    {
        "model": 0,
        "sequence": 16,
        "status": 1,
        "fuel": 7463,
        "fault": 0.6766,
        "weapon": 0,
        "pilot_injury": 0.5087,
        "pilot_skill": 0.0583,
        "mission_priority": 0.1537,
        "estimated_landing_time": 1510.0,
        "wait_time": 0,
        "Landing_success_rate": 1.0
    },
    {
        "model": 2,
        "sequence": 17,
        "status": 1,
        "fuel": 6198,
        "fault": 0.2953,
        "weapon": 0,
        "pilot_injury": 0.0634,
        "pilot_skill": 0.6931,
        "mission_priority": 0.0618,
        "estimated_landing_time": 1604.0,
        "wait_time": 0,
        "Landing_success_rate": 1.0
    },
    {
        "model": 2,
        "sequence": 27,
        "status": 1,
        "fuel": 6676,
        "fault": 0.0319,
        "weapon": 1,
        "pilot_injury": 0.6511,
        "pilot_skill": 0.7322,
        "mission_priority": 0.088,
        "estimated_landing_time": 2544.0,
        "wait_time": 0,
        "Landing_success_rate": 1.0
    },
    {
        "model": 1,
        "sequence": 7,
        "status": 1,
        "fuel": 6085,
        "fault": 0.4917,
        "weapon": 1,
        "pilot_injury": 0.3395,
        "pilot_skill": 0.9427,
        "mission_priority": 0.5029,
        "estimated_landing_time": 664.0,
        "wait_time": 0,
        "Landing_success_rate": 1.0
    },
    {
        "model": 1,
        "sequence": 26,
        "status": 1,
        "fuel": 6053,
        "fault": 0.7213,
        "weapon": 1,
        "pilot_injury": 0.4776,
        "pilot_skill": 0.0624,
        "mission_priority": 0.6302,
        "estimated_landing_time": 2450.0,
        "wait_time": 0,
        "Landing_success_rate": 1.0
    },
    {
        "model": 0,
        "sequence": 21,
        "status": 1,
        "fuel": 6618,
        "fault": 0.9014,
        "weapon": 1,
        "pilot_injury": 0.2588,
        "pilot_skill": 0.7487,
        "mission_priority": 0.164,
        "estimated_landing_time": 1980.0,
        "wait_time": 0,
        "Landing_success_rate": 1.0
    },
    {
        "model": 2,
        "sequence": 18,
        "status": 1,
        "fuel": 5720,
        "fault": 0.645,
        "weapon": 0,
        "pilot_injury": 0.0352,
        "pilot_skill": 0.395,
        "mission_priority": 0.9794,
        "estimated_landing_time": 1698.0,
        "wait_time": 0,
        "Landing_success_rate": 1.0
    },
    {
        "model": 1,
        "sequence": 1,
        "status": 1,
        "fuel": 6391,
        "fault": 0.1163,
        "weapon": 1,
        "pilot_injury": 0.7512,
        "pilot_skill": 0.3122,
        "mission_priority": 0.7173,
        "estimated_landing_time": 100.0,
        "wait_time": 0,
        "Landing_success_rate": 1.0
    },
    {
        "model": 1,
        "sequence": 11,
        "status": 1,
        "fuel": 6718,
        "fault": 0.891,
        "weapon": 1,
        "pilot_injury": 0.2653,
        "pilot_skill": 0.4515,
        "mission_priority": 0.7691,
        "estimated_landing_time": 1040.0,
        "wait_time": 0,
        "Landing_success_rate": 1.0
    }
]