[
    {
        "model": 0,
        "sequence": 7,
        "status": 1,
        "fuel": 6348,
        "fault": 0.4477,
        "weapon": 1,
        "pilot_injury": 0.382,
        "pilot_skill": 0.5604,
        "mission_priority": 0.8528,
        "estimated_landing_time": 664.0,
        "wait_time": 0,
        "Landing_success_rate": 1.0
    },
    {
        "model": 0,
        "sequence": 29,
        "status": 1,
        "fuel": 5904,
        "fault": 0.9436,
        "weapon": 1,
        "pilot_injury": 0.7991,
        "pilot_skill": 0.9531,
        "mission_priority": 0.7315,
        "estimated_landing_time": 2732.0,
        "wait_time": 0,
        "Landing_success_rate": 1.0
    },
    {
        "model": 1,
        "sequence": 5,
        "status": 1,
        "fuel": 5971,
        "fault": 0.0232,
        "weapon": 0,
        "pilot_injury": 0.2538,
        "pilot_skill": 0.2295,
        "mission_priority": 0.8644,
        "estimated_landing_time": 476.0,
        "wait_time": 0,
        "Landing_success_rate": 1.0
    },
    {
        "model": 0,
        "sequence": 9,
        "status": 1,
        "fuel": 5673,
        "fault": 0.5422,
        "weapon": 1,
        "pilot_injury": 0.8207,
        "pilot_skill": 0.8132,
        "mission_priority": 0.1388,
        "estimated_landing_time": 852.0,
        "wait_time": 0,
        "Landing_success_rate": 1.0
    },
    {
        "model": 1,
        "sequence": 12,
        "status": 1,
        "fuel": 6711,
        "fault": 0.3944,
        "weapon": 1,
        "pilot_injury": 0.3237,
        "pilot_skill": 0.9172,
        "mission_priority": 0.6531,
        "estimated_landing_time": 1134.0,
        "wait_time": 0,
        "Landing_success_rate": 1.0
    },
    {
        "model": 0,
        "sequence": 19,
        "status": 1,
        "fuel": 5808,
        "fault": 0.9009,
        "weapon": 0,
        "pilot_injury": 0.3944,
        "pilot_skill": 0.8351,
        "mission_priority": 0.4227,
        "estimated_landing_time": 1792.0,
        "wait_time": 0,
        "Landing_success_rate": 1.0
    },
    {
        "model": 1,
        "sequence": 27,
        "status": 1,
        "fuel": 5552,
        "fault": 0.8029,
        "weapon": 1,
        "pilot_injury": 0.8731,
        "pilot_skill": 0.5465,
        "mission_priority": 0.5617,
        "estimated_landing_time": 2544.0,
        "wait_time": 0,
        "Landing_success_rate": 1.0
    },
    {
        "model": 2,
        "sequence": 24,
        "status": 1,
        "fuel": 6854,
        "fault": 0.9774,
        "weapon": 0,
        "pilot_injury": 0.8063,
        "pilot_skill": 0.0367,
        "mission_priority": 0.1763,
        "estimated_landing_time": 2262.0,
        "wait_time": 0,
        "Landing_success_rate": 1.0
    },
    {
        "model": 1,
        "sequence": 21,
        "status": 1,
        "fuel": 6097,
        "fault": 0.3476,
        "weapon": 1,
        "pilot_injury": 0.9418,
        "pilot_skill": 0.9999,
        "mission_priority": 0.8864,
        "estimated_landing_time": 1980.0,
        "wait_time": 0,
        "Landing_success_rate": 1.0
    },
    {
        "model": 0,
        "sequence": 16,
        "status": 1,
        "fuel": 7498,
        "fault": 0.6617,
        "weapon": 1,
        "pilot_injury": 0.0824,
        "pilot_skill": 0.7304,
        "mission_priority": 0.3969,
        "estimated_landing_time": 1510.0,
        "wait_time": 0,
        "Landing_success_rate": 1.0
    },
    {
        "model": 1,
        "sequence": 13,
        "status": 1,
        "fuel": 5745,
        "fault": 0.3131,
        "weapon": 1,
        "pilot_injury": 0.2422,
        "pilot_skill": 0.3243,
        "mission_priority": 0.8138,
        "estimated_landing_time": 1228.0,
        "wait_time": 0,
        "Landing_success_rate": 1.0
    },
    {
        "model": 0,
        "sequence": 4,
        "status": 1,
        "fuel": 6703,
        "fault": 0.5314,
        "weapon": 1,
        "pilot_injury": 0.433,
        "pilot_skill": 0.0323,
        "mission_priority": 0.8906,
        "estimated_landing_time": 382.0,
        "wait_time": 0,
        "Landing_success_rate": 1.0
    },
    {
        "model": 2,
        "sequence": 11,
        "status": 1,
        "fuel": 7241,
        "fault": 0.8691,
        "weapon": 0,
        "pilot_injury": 0.2884,
        "pilot_skill": 0.9836,
        "mission_priority": 0.5931,
        "estimated_landing_time": 1040.0,
        "wait_time": 0,
        "Landing_success_rate": 1.0
    },
    {
        "model": 0,
        "sequence": 8,
        "status": 1,
        "fuel": 6185,
        "fault": 0.8478,
        "weapon": 1,
        "pilot_injury": 0.2585,
        "pilot_skill": 0.0318,
        "mission_priority": 0.842,
        "estimated_landing_time": 758.0,
        "wait_time": 0,
        "Landing_success_rate": 1.0
    },
    {
        "model": 2,
        "sequence": 26,
        "status": 1,
        "fuel": 5824,
        "fault": 0.7786,
        "weapon": 1,
        "pilot_injury": 0.4786,
        "pilot_skill": 0.1829,
        "mission_priority": 0.8019,
        "estimated_landing_time": 2450.0,
        "wait_time": 0,
        "Landing_success_rate": 1.0
    },
    {
        "model": 2,
        "sequence": 1,
        "status": 1,
        "fuel": 5711,
        "fault": 0.19,
        "weapon": 0,
        "pilot_injury": 0.8372,
        "pilot_skill": 0.963,
        "mission_priority": 0.0858,
        "estimated_landing_time": 100.0,
        "wait_time": 0,
        "Landing_success_rate": 1.0
    },
    {
        "model": 0,
        "sequence": 17,
        "status": 1,
        "fuel": 7000,
        "fault": 0.5385,
        "weapon": 0,
        "pilot_injury": 0.2642,
        "pilot_skill": 0.4691,
        "mission_priority": 0.0727,
        "estimated_landing_time": 1604.0,
        "wait_time": 0,
        "Landing_success_rate": 1.0
    },
    {
        "model": 2,
        "sequence": 10,
        "status": 1,
        "fuel": 6460,
        "fault": 0.2342,
        "weapon": 1,
        "pilot_injury": 0.8386,
        "pilot_skill": 0.7595,
        "mission_priority": 0.0741,
        "estimated_landing_time": 946.0,
        "wait_time": 0,
        "Landing_success_rate": 1.0
    },
    {
        "model": 0,
        "sequence": 18,
        "status": 1,
        "fuel": 7181,
        "fault": 0.4236,
        "weapon": 0,
        "pilot_injury": 0.3529,
        "pilot_skill": 0.1798,
        "mission_priority": 0.8353,
        "estimated_landing_time": 1698.0,
        "wait_time": 0,
        "Landing_success_rate": 1.0
    },
    {
        "model": 1,
        "sequence": 15,
        "status": 1,
        "fuel": 6535,
        "fault": 0.1322,
        "weapon": 0,
        "pilot_injury": 0.9662,
        "pilot_skill": 0.2559,
        "mission_priority": 0.9362,
        "estimated_landing_time": 1416.0,
        "wait_time": 0,
        "Landing_success_rate": 1.0
    },
    {
        "model": 2,
        "sequence": 14,
        "status": 1,
        "fuel": 6792,
        "fault": 0.6209,
        "weapon": 0,
        "pilot_injury": 0.6642,
        "pilot_skill": 0.8613,
        "mission_priority": 0.9761,
        "estimated_landing_time": 1322.0,
        "wait_time": 0,
        "Landing_success_rate": 1.0
    },
    {
        "model": 1,
        "sequence": 22,
        "status": 1,
        "fuel": 7026,
        "fault": 0.9826,
        "weapon": 1,
        "pilot_injury": 0.8145,
        "pilot_skill": 0.7117,
        "mission_priority": 0.0616,
        "estimated_landing_time": 2074.0,
        "wait_time": 0,
        "Landing_success_rate": 1.0
    },
    {
        "model": 1,
        "sequence": 23,
        "status": 1,
        "fuel": 6010,
        "fault": 0.9034,
        "weapon": 0,
        "pilot_injury": 0.1345,
        "pilot_skill": 0.4254,
        "mission_priority": 0.6031,
        "estimated_landing_time": 2168.0,
        "wait_time": 0,
        "Landing_success_rate": 1.0
    },
    {
        "model": 0,
        "sequence": 2,
        "status": 1,
        "fuel": 5728,
        "fault": 0.1752,
        "weapon": 0,
        "pilot_injury": 0.2558,
        "pilot_skill": 0.6327,
        "mission_priority": 0.9074,
        "estimated_landing_time": 194.0,
        "wait_time": 0,
        "Landing_success_rate": 1.0
    },
    {
        "model": 0,
        "sequence": 25,
        "status": 1,
        "fuel": 6858,
        "fault": 0.5149,
        "weapon": 0,
        "pilot_injury": 0.244,
        "pilot_skill": 0.0483,
        "mission_priority": 0.5857,
        "estimated_landing_time": 2356.0,
        "wait_time": 0,
        "Landing_success_rate": 1.0
    },
    {
        "model": 2,
        "sequence": 30,
        "status": 1,
        "fuel": 5845,
        "fault": 0.4162,
        "weapon": 1,
        "pilot_injury": 0.6704,
        "pilot_skill": 0.3693,
        "mission_priority": 0.4113,
        "estimated_landing_time": 2826.0,
        "wait_time": 0,
        "Landing_success_rate": 1.0
    },
    {
        "model": 0,
        "sequence": 6,
        "status": 1,
        "fuel": 5879,
        "fault": 0.7411,
        "weapon": 1,
        "pilot_injury": 0.5633,
        "pilot_skill": 0.9234,
        "mission_priority": 0.914,
        "estimated_landing_time": 570.0,
        "wait_time": 0,
        "Landing_success_rate": 1.0
    },
    {
        "model": 1,
        "sequence": 20,
        "status": 1,
        "fuel": 5515,
        "fault": 0.2827,
        "weapon": 1,
        "pilot_injury": 0.0989,
        "pilot_skill": 0.1738,
        "mission_priority": 0.6797,
        "estimated_landing_time": 1886.0,
        "wait_time": 0,
        "Landing_success_rate": 1.0
    },
    {
        "model": 1,
        "sequence": 28,
        "status": 1,
        "fuel": 5910,
        "fault": 0.9363,
        "weapon": 1,
        "pilot_injury": 0.5879,
        "pilot_skill": 0.0451,
        "mission_priority": 0.2398,
        "estimated_landing_time": 2638.0,
        "wait_time": 0,
        "Landing_success_rate": 1.0
    },
    {
        "model": 1,
        "sequence": 3,
        "status": 1,
        "fuel": 6795,
        "fault": 0.1919,
        "weapon": 1,
        "pilot_injury": 0.78,
        "pilot_skill": 0.9199,
        "mission_priority": 0.9612,
        "estimated_landing_time": 288.0,
        "wait_time": 0,
        "Landing_success_rate": 1.0
    }
]