[
    {
        "model": 2,
        "sequence": 22,
        "status": 1,
        "fuel": 6991,
        "fault": 0.7431,
        "weapon": 1,
        "pilot_injury": 0.772,
        "pilot_skill": 0.8741,
        "mission_priority": 0.3922,
        "estimated_landing_time": 2074.0,
        "wait_time": 0,
        "Landing_success_rate": 1.0
    },
    {
        "model": 2,
        "sequence": 17,
        "status": 1,
        "fuel": 7182,
        "fault": 0.6271,
        "weapon": 1,
        "pilot_injury": 0.6603,
        "pilot_skill": 0.1027,
        "mission_priority": 0.02,
        "estimated_landing_time": 1604.0,
        "wait_time": 0,
        "Landing_success_rate": 1.0
    },
    {
        "model": 0,
        "sequence": 1,
        "status": 1,
        "fuel": 7197,
        "fault": 0.213,
        "weapon": 1,
        "pilot_injury": 0.0311,
        "pilot_skill": 0.6305,
        "mission_priority": 0.3165,
        "estimated_landing_time": 100.0,
        "wait_time": 0,
        "Landing_success_rate": 1.0
    },
    {
        "model": 0,
        "sequence": 26,
        "status": 1,
        "fuel": 6607,
        "fault": 0.7622,
        "weapon": 1,
        "pilot_injury": 0.2167,
        "pilot_skill": 0.408,
        "mission_priority": 0.3827,
        "estimated_landing_time": 2450.0,
        "wait_time": 0,
        "Landing_success_rate": 1.0
    },
    {
        "model": 1,
        "sequence": 21,
        "status": 1,
        "fuel": 5765,
        "fault": 0.2391,
        "weapon": 0,
        "pilot_injury": 0.2844,
        "pilot_skill": 0.721,
        "mission_priority": 0.22,
        "estimated_landing_time": 1980.0,
        "wait_time": 0,
        "Landing_success_rate": 1.0
    },
    {
        "model": 0,
        "sequence": 27,
        "status": 1,
        "fuel": 6364,
        "fault": 0.0257,
        "weapon": 0,
        "pilot_injury": 0.9009,
        "pilot_skill": 0.3418,
        "mission_priority": 0.0086,
        "estimated_landing_time": 2544.0,
        "wait_time": 0,
        "Landing_success_rate": 1.0
    },
    {
        "model": 1,
        "sequence": 28,
        "status": 1,
        "fuel": 6393,
        "fault": 0.5889,
        "weapon": 0,
        "pilot_injury": 0.1198,
        "pilot_skill": 0.235,
        "mission_priority": 0.7835,
        "estimated_landing_time": 2638.0,
        "wait_time": 0,
        "Landing_success_rate": 1.0
    },
    {
        "model": 0,
        "sequence": 9,
        "status": 1,
        "fuel": 6641,
        "fault": 0.2724,
        "weapon": 0,
        "pilot_injury": 0.5304,
        "pilot_skill": 0.6887,
        "mission_priority": 0.0375,
        "estimated_landing_time": 852.0,
        "wait_time": 0,
        "Landing_success_rate": 1.0
    },
    {
        "model": 0,
        "sequence": 2,
        "status": 1,
        "fuel": 6255,
        "fault": 0.4336,
        "weapon": 0,
        "pilot_injury": 0.2652,
        "pilot_skill": 0.4997,
        "mission_priority": 0.9113,
        "estimated_landing_time": 194.0,
        "wait_time": 0,
        "Landing_success_rate": 1.0
    },
    {
        "model": 0,
        "sequence": 5,
        "status": 1,
        "fuel": 5680,
        "fault": 0.4922,
        "weapon": 1,
        "pilot_injury": 0.6693,
        "pilot_skill": 0.3749,
        "mission_priority": 0.6234,
        "estimated_landing_time": 476.0,
        "wait_time": 0,
        "Landing_success_rate": 1.0
    },
    {
        "model": 2,
        "sequence": 14,
        "status": 1,
        "fuel": 5518,
        "fault": 0.0969,
        "weapon": 0,
        "pilot_injury": 0.3537,
        "pilot_skill": 0.5039,
        "mission_priority": 0.9047,
        "estimated_landing_time": 1322.0,
        "wait_time": 0,
        "Landing_success_rate": 1.0
    },
    {
        "model": 0,
        "sequence": 10,
        "status": 1,
        "fuel": 6747,
        "fault": 0.2435,
        "weapon": 0,
        "pilot_injury": 0.3776,
        "pilot_skill": 0.2949,
        "mission_priority": 0.9942,
        "estimated_landing_time": 946.0,
        "wait_time": 0,
        "Landing_success_rate": 1.0
    },
    {
        "model": 0,
        "sequence": 16,
        "status": 1,
        "fuel": 6237,
        "fault": 0.613,
        "weapon": 0,
        "pilot_injury": 0.829,
        "pilot_skill": 0.4897,
        "mission_priority": 0.8728,
        "estimated_landing_time": 1510.0,
        "wait_time": 0,
        "Landing_success_rate": 1.0
    },
    {
        "model": 2,
        "sequence": 8,
        "status": 1,
        "fuel": 5540,
        "fault": 0.6655,
        "weapon": 1,
        "pilot_injury": 0.2473,
        "pilot_skill": 0.5385,
        "mission_priority": 0.2913,
        "estimated_landing_time": 758.0,
        "wait_time": 0,
        "Landing_success_rate": 1.0
    },
    {
        "model": 2,
        "sequence": 11,
        "status": 1,
        "fuel": 6201,
        "fault": 0.7502,
        "weapon": 0,
        "pilot_injury": 0.9004,
        "pilot_skill": 0.635,
        "mission_priority": 0.8915,
        "estimated_landing_time": 1040.0,
        "wait_time": 0,
        "Landing_success_rate": 1.0
    },
    {
        "model": 0,
        "sequence": 12,
        "status": 1,
        "fuel": 6636,
        "fault": 0.257,
        "weapon": 1,
        "pilot_injury": 0.5187,
        "pilot_skill": 0.882,
        "mission_priority": 0.5678,
        "estimated_landing_time": 1134.0,
        "wait_time": 0,
        "Landing_success_rate": 1.0
    },
    {
        "model": 2,
        "sequence": 19,
        "status": 1,
        "fuel": 5511,
        "fault": 0.771,
        "weapon": 1,
        "pilot_injury": 0.4459,
        "pilot_skill": 0.9354,
        "mission_priority": 0.6592,
        "estimated_landing_time": 1792.0,
        "wait_time": 0,
        "Landing_success_rate": 1.0
    },
    {
        "model": 2,
        "sequence": 18,
        "status": 1,
        "fuel": 5685,
        "fault": 0.8478,
        "weapon": 1,
        "pilot_injury": 0.3099,
        "pilot_skill": 0.7187,
        "mission_priority": 0.1953,
        "estimated_landing_time": 1698.0,
        "wait_time": 0,
        "Landing_success_rate": 1.0
    },
    {
        "model": 2,
        "sequence": 7,
        "status": 1,
        "fuel": 7150,
        "fault": 0.5414,
        "weapon": 1,
        "pilot_injury": 0.6119,
        "pilot_skill": 0.8254,
        "mission_priority": 0.2547,
        "estimated_landing_time": 664.0,
        "wait_time": 0,
        "Landing_success_rate": 1.0
    },
    {
        "model": 2,
        "sequence": 30,
        "status": 1,
        "fuel": 6018,
        "fault": 0.859,
        "weapon": 0,
        "pilot_injury": 0.5453,
        "pilot_skill": 0.4335,
        "mission_priority": 0.5565,
        "estimated_landing_time": 2826.0,
        "wait_time": 0,
        "Landing_success_rate": 1.0
    },
    {
        "model": 1,
        "sequence": 4,
        "status": 1,
        "fuel": 5913,
        "fault": 0.2411,
        "weapon": 0,
        "pilot_injury": 0.6669,
        "pilot_skill": 0.5585,
        "mission_priority": 0.549,
        "estimated_landing_time": 382.0,
        "wait_time": 0,
        "Landing_success_rate": 1.0
    },
    {
        "model": 0,
        "sequence": 15,
        "status": 1,
        "fuel": 6329,
        "fault": 0.0442,
        "weapon": 0,
        "pilot_injury": 0.9346,
        "pilot_skill": 0.3601,
        "mission_priority": 0.3519,
        "estimated_landing_time": 1416.0,
        "wait_time": 0,
        "Landing_success_rate": 1.0
    },
    {
        "model": 1,
        "sequence": 20,
        "status": 1,
        "fuel": 6334,
        "fault": 0.1119,
        "weapon": 0,
        "pilot_injury": 0.303,
        "pilot_skill": 0.2309,
        "mission_priority": 0.2234,
        "estimated_landing_time": 1886.0,
        "wait_time": 0,
        "Landing_success_rate": 1.0
    },
    {
        "model": 0,
        "sequence": 13,
        "status": 1,
        "fuel": 5817,
        "fault": 0.0011,
        "weapon": 0,
        "pilot_injury": 0.1712,
        "pilot_skill": 0.8876,
        "mission_priority": 0.8741,
        "estimated_landing_time": 1228.0,
        "wait_time": 0,
        "Landing_success_rate": 1.0
    },
    {
        "model": 2,
        "sequence": 6,
        "status": 1,
        "fuel": 7245,
        "fault": 0.0807,
        "weapon": 0,
        "pilot_injury": 0.057,
        "pilot_skill": 0.1067,
        "mission_priority": 0.276,
        "estimated_landing_time": 570.0,
        "wait_time": 0,
        "Landing_success_rate": 1.0
    },
    {
        "model": 1,
        "sequence": 24,
        "status": 1,
        "fuel": 6619,
        "fault": 0.1796,
        "weapon": 0,
        "pilot_injury": 0.9864,
        "pilot_skill": 0.8167,
        "mission_priority": 0.7298,
        "estimated_landing_time": 2262.0,
        "wait_time": 0,
        "Landing_success_rate": 1.0
    },
    {
        "model": 2,
        "sequence": 3,
        "status": 1,
        "fuel": 6081,
        "fault": 0.707,
        "weapon": 0,
        "pilot_injury": 0.947,
        "pilot_skill": 0.6013,
        "mission_priority": 0.1546,
        "estimated_landing_time": 288.0,
        "wait_time": 0,
        "Landing_success_rate": 1.0
    },
    {
        "model": 2,
        "sequence": 29,
        "status": 1,
        "fuel": 7143,
        "fault": 0.0577,
        "weapon": 1,
        "pilot_injury": 0.3335,
        "pilot_skill": 0.9102,
        "mission_priority": 0.6116,
        "estimated_landing_time": 2732.0,
        "wait_time": 0,
        "Landing_success_rate": 1.0
    },
    {
        "model": 2,
        "sequence": 25,
        "status": 1,
        "fuel": 7224,
        "fault": 0.5825,
        "weapon": 1,
        "pilot_injury": 0.4988,
        "pilot_skill": 0.4312,
        "mission_priority": 0.7059,
        "estimated_landing_time": 2356.0,
        "wait_time": 0,
        "Landing_success_rate": 1.0
    },
    {
        "model": 0,
        "sequence": 23,
        "status": 1,
        "fuel": 6394,
        "fault": 0.6349,
        "weapon": 1,
        "pilot_injury": 0.6702,
        "pilot_skill": 0.6599,
        "mission_priority": 0.9193,
        "estimated_landing_time": 2168.0,
        "wait_time": 0,
        "Landing_success_rate": 1.0
    }
]