[
    {
        "model": 2,
        "sequence": 15,
        "status": 1,
        "fuel": 6972,
        "fault": 0.2263,
        "weapon": 0,
        "pilot_injury": 0.0154,
        "pilot_skill": 0.6839,
        "mission_priority": 0.8247,
        "estimated_landing_time": 1416.0,
        "wait_time": 0,
        "Landing_success_rate": 1.0
    },
    {
        "model": 2,
        "sequence": 20,
        "status": 1,
        "fuel": 6697,
        "fault": 0.3231,
        "weapon": 0,
        "pilot_injury": 0.0043,
        "pilot_skill": 0.8187,
        "mission_priority": 0.3348,
        "estimated_landing_time": 1886.0,
        "wait_time": 0,
        "Landing_success_rate": 1.0
    },
    {
        "model": 2,
        "sequence": 30,
        "status": 1,
        "fuel": 5620,
        "fault": 0.8829,
        "weapon": 0,
        "pilot_injury": 0.3062,
        "pilot_skill": 0.9954,
        "mission_priority": 0.1033,
        "estimated_landing_time": 2826.0,
        "wait_time": 0,
        "Landing_success_rate": 1.0
    },
    {
        "model": 2,
        "sequence": 6,
        "status": 1,
        "fuel": 7260,
        "fault": 0.0413,
        "weapon": 0,
        "pilot_injury": 0.1192,
        "pilot_skill": 0.3813,
        "mission_priority": 0.7331,
        "estimated_landing_time": 570.0,
        "wait_time": 0,
        "Landing_success_rate": 1.0
    },
    {
        "model": 2,
        "sequence": 29,
        "status": 1,
        "fuel": 7020,
        "fault": 0.2919,
        "weapon": 0,
        "pilot_injury": 0.7896,
        "pilot_skill": 0.8445,
        "mission_priority": 0.9494,
        "estimated_landing_time": 2732.0,
        "wait_time": 0,
        "Landing_success_rate": 1.0
    },
    {
        "model": 2,
        "sequence": 23,
        "status": 1,
        "fuel": 6042,
        "fault": 0.0786,
        "weapon": 1,
        "pilot_injury": 0.7616,
        "pilot_skill": 0.1635,
        "mission_priority": 0.0682,
        "estimated_landing_time": 2168.0,
        "wait_time": 0,
        "Landing_success_rate": 1.0
    },
    {
        "model": 2,
        "sequence": 21,
        "status": 1,
        "fuel": 5901,
        "fault": 0.4451,
        "weapon": 0,
        "pilot_injury": 0.4424,
        "pilot_skill": 0.1611,
        "mission_priority": 0.497,
        "estimated_landing_time": 1980.0,
        "wait_time": 0,
        "Landing_success_rate": 1.0
    },
    {
        "model": 2,
        "sequence": 28,
        "status": 1,
        "fuel": 6145,
        "fault": 0.471,
        "weapon": 1,
        "pilot_injury": 0.6281,
        "pilot_skill": 0.1747,
        "mission_priority": 0.3805,
        "estimated_landing_time": 2638.0,
        "wait_time": 0,
        "Landing_success_rate": 1.0
    },
    {
        "model": 2,
        "sequence": 13,
        "status": 1,
        "fuel": 6262,
        "fault": 0.7111,
        "weapon": 1,
        "pilot_injury": 0.0556,
        "pilot_skill": 0.5139,
        "mission_priority": 0.0913,
        "estimated_landing_time": 1228.0,
        "wait_time": 0,
        "Landing_success_rate": 1.0
    },
    {
        "model": 2,
        "sequence": 1,
        "status": 1,
        "fuel": 6644,
        "fault": 0.2616,
        "weapon": 1,
        "pilot_injury": 0.9326,
        "pilot_skill": 0.834,
        "mission_priority": 0.5514,
        "estimated_landing_time": 100.0,
        "wait_time": 0,
        "Landing_success_rate": 1.0
    },
    {
        "model": 0,
        "sequence": 7,
        "status": 1,
        "fuel": 7143,
        "fault": 0.683,
        "weapon": 0,
        "pilot_injury": 0.1528,
        "pilot_skill": 0.18,
        "mission_priority": 0.2247,
        "estimated_landing_time": 664.0,
        "wait_time": 0,
        "Landing_success_rate": 1.0
    },
    {
        "model": 1,
        "sequence": 19,
        "status": 1,
        "fuel": 5988,
        "fault": 0.6616,
        "weapon": 0,
        "pilot_injury": 0.9892,
        "pilot_skill": 0.1951,
        "mission_priority": 0.8056,
        "estimated_landing_time": 1792.0,
        "wait_time": 0,
        "Landing_success_rate": 1.0
    },
    {
        "model": 1,
        "sequence": 2,
        "status": 1,
        "fuel": 5739,
        "fault": 0.5081,
        "weapon": 0,
        "pilot_injury": 0.2438,
        "pilot_skill": 0.9768,
        "mission_priority": 0.0257,
        "estimated_landing_time": 194.0,
        "wait_time": 0,
        "Landing_success_rate": 1.0
    },
    {
        "model": 2,
        "sequence": 18,
        "status": 1,
        "fuel": 6922,
        "fault": 0.1064,
        "weapon": 1,
        "pilot_injury": 0.8112,
        "pilot_skill": 0.3112,
        "mission_priority": 0.1873,
        "estimated_landing_time": 1698.0,
        "wait_time": 0,
        "Landing_success_rate": 1.0
    },
    {
        "model": 2,
        "sequence": 10,
        "status": 1,
        "fuel": 7357,
        "fault": 0.2715,
        "weapon": 1,
        "pilot_injury": 0.4855,
        "pilot_skill": 0.1315,
        "mission_priority": 0.7246,
        "estimated_landing_time": 946.0,
        "wait_time": 0,
        "Landing_success_rate": 1.0
    },
    {
        "model": 0,
        "sequence": 24,
        "status": 1,
        "fuel": 6263,
        "fault": 0.1105,
        "weapon": 1,
        "pilot_injury": 0.7416,
        "pilot_skill": 0.1034,
        "mission_priority": 0.5748,
        "estimated_landing_time": 2262.0,
        "wait_time": 0,
        "Landing_success_rate": 1.0
    },
    {
        "model": 2,
        "sequence": 11,
        "status": 1,
        "fuel": 7010,
        "fault": 0.2695,
        "weapon": 1,
        "pilot_injury": 0.151,
        "pilot_skill": 0.6533,
        "mission_priority": 0.3808,
        "estimated_landing_time": 1040.0,
        "wait_time": 0,
        "Landing_success_rate": 1.0
    },
    {
        "model": 0,
        "sequence": 16,
        "status": 1,
        "fuel": 6769,
        "fault": 0.0077,
        "weapon": 1,
        "pilot_injury": 0.2338,
        "pilot_skill": 0.4612,
        "mission_priority": 0.6868,
        "estimated_landing_time": 1510.0,
        "wait_time": 0,
        "Landing_success_rate": 1.0
    },
    {
        "model": 1,
        "sequence": 25,
        "status": 1,
        "fuel": 6581,
        "fault": 0.6074,
        "weapon": 0,
        "pilot_injury": 0.2578,
        "pilot_skill": 0.3515,
        "mission_priority": 0.3547,
        "estimated_landing_time": 2356.0,
        "wait_time": 0,
        "Landing_success_rate": 1.0
    },
    {
        "model": 1,
        "sequence": 26,
        "status": 1,
        "fuel": 7083,
        "fault": 0.0663,
        "weapon": 0,
        "pilot_injury": 0.6919,
        "pilot_skill": 0.0487,
        "mission_priority": 0.7509,
        "estimated_landing_time": 2450.0,
        "wait_time": 0,
        "Landing_success_rate": 1.0
    },
    {
        "model": 2,
        "sequence": 3,
        "status": 1,
        "fuel": 7105,
        "fault": 0.3427,
        "weapon": 0,
        "pilot_injury": 0.1937,
        "pilot_skill": 0.5435,
        "mission_priority": 0.218,
        "estimated_landing_time": 288.0,
        "wait_time": 0,
        "Landing_success_rate": 1.0
    },
    {
        "model": 0,
        "sequence": 5,
        "status": 1,
        "fuel": 5530,
        "fault": 0.7415,
        "weapon": 0,
        "pilot_injury": 0.2936,
        "pilot_skill": 0.0009,
        "mission_priority": 0.2701,
        "estimated_landing_time": 476.0,
        "wait_time": 0,
        "Landing_success_rate": 1.0
    },
    {
        "model": 0,
        "sequence": 22,
        "status": 1,
        "fuel": 5836,
        "fault": 0.9029,
        "weapon": 0,
        "pilot_injury": 0.1477,
        "pilot_skill": 0.5946,
        "mission_priority": 0.2387,
        "estimated_landing_time": 2074.0,
        "wait_time": 0,
        "Landing_success_rate": 1.0
    },
    {
        "model": 1,
        "sequence": 17,
        "status": 1,
        "fuel": 7214,
        "fault": 0.2846,
        "weapon": 1,
        "pilot_injury": 0.5437,
        "pilot_skill": 0.8604,
        "mission_priority": 0.8667,
        "estimated_landing_time": 1604.0,
        "wait_time": 0,
        "Landing_success_rate": 1.0
    },
    {
        "model": 1,
        "sequence": 8,
        "status": 1,
        "fuel": 5569,
        "fault": 0.1138,
        "weapon": 1,
        "pilot_injury": 0.6503,
        "pilot_skill": 0.7621,
        "mission_priority": 0.4116,
        "estimated_landing_time": 758.0,
        "wait_time": 0,
        "Landing_success_rate": 1.0
    },
    {
        "model": 0,
        "sequence": 4,
        "status": 1,
        "fuel": 6288,
        "fault": 0.5426,
        "weapon": 0,
        "pilot_injury": 0.8767,
        "pilot_skill": 0.791,
        "mission_priority": 0.0224,
        "estimated_landing_time": 382.0,
        "wait_time": 0,
        "Landing_success_rate": 1.0
    },
    {
        "model": 0,
        "sequence": 12,
        "status": 1,
        "fuel": 6962,
        "fault": 0.4088,
        "weapon": 1,
        "pilot_injury": 0.8338,
        "pilot_skill": 0.3888,
        "mission_priority": 0.5843,
        "estimated_landing_time": 1134.0,
        "wait_time": 0,
        "Landing_success_rate": 1.0
    },
    {
        "model": 1,
        "sequence": 14,
        "status": 1,
        "fuel": 6758,
        "fault": 0.4618,
        "weapon": 1,
        "pilot_injury": 0.7831,
        "pilot_skill": 0.2096,
        "mission_priority": 0.7303,
        "estimated_landing_time": 1322.0,
        "wait_time": 0,
        "Landing_success_rate": 1.0
    },
    {
        "model": 0,
        "sequence": 27,
        "status": 1,
        "fuel": 7092,
        "fault": 0.894,
        "weapon": 0,
        "pilot_injury": 0.1491,
        "pilot_skill": 0.6623,
        "mission_priority": 0.6102,
        "estimated_landing_time": 2544.0,
        "wait_time": 0,
        "Landing_success_rate": 1.0
    },
    {
        "model": 1,
        "sequence": 9,
        "status": 1,
        "fuel": 6870,
        "fault": 0.6961,
        "weapon": 0,
        "pilot_injury": 0.0596,
        "pilot_skill": 0.7058,
        "mission_priority": 0.3832,
        "estimated_landing_time": 852.0,
        "wait_time": 0,
        "Landing_success_rate": 1.0
    }
]