[
    {
        "model": 1,
        "sequence": 15,
        "status": 1,
        "fuel": 6988,
        "fault": 0.5532,
        "weapon": 1,
        "pilot_injury": 0.9293,
        "pilot_skill": 0.4813,
        "mission_priority": 0.7547,
        "estimated_landing_time": 1416.0,
        "wait_time": 0,
        "Landing_success_rate": 1.0
    },
    {
        "model": 2,
        "sequence": 27,
        "status": 1,
        "fuel": 5607,
        "fault": 0.8029,
        "weapon": 0,
        "pilot_injury": 0.7877,
        "pilot_skill": 0.1532,
        "mission_priority": 0.2337,
        "estimated_landing_time": 2544.0,
        "wait_time": 0,
        "Landing_success_rate": 1.0
    },
    {
        "model": 1,
        "sequence": 5,
        "status": 1,
        "fuel": 6532,
        "fault": 0.5466,
        "weapon": 0,
        "pilot_injury": 0.8107,
        "pilot_skill": 0.4953,
        "mission_priority": 0.5808,
        "estimated_landing_time": 476.0,
        "wait_time": 0,
        "Landing_success_rate": 1.0
    },
    {
        "model": 0,
        "sequence": 12,
        "status": 1,
        "fuel": 6411,
        "fault": 0.6043,
        "weapon": 0,
        "pilot_injury": 0.0502,
        "pilot_skill": 0.4826,
        "mission_priority": 0.9137,
        "estimated_landing_time": 1134.0,
        "wait_time": 0,
        "Landing_success_rate": 1.0
    },
    {
        "model": 1,
        "sequence": 29,
        "status": 1,
        "fuel": 5697,
        "fault": 0.0422,
        "weapon": 1,
        "pilot_injury": 0.0648,
        "pilot_skill": 0.6369,
        "mission_priority": 0.8345,
        "estimated_landing_time": 2732.0,
        "wait_time": 0,
        "Landing_success_rate": 1.0
    },
    {
        "model": 1,
        "sequence": 20,
        "status": 1,
        "fuel": 5931,
        "fault": 0.8264,
        "weapon": 1,
        "pilot_injury": 0.1234,
        "pilot_skill": 0.9108,
        "mission_priority": 0.276,
        "estimated_landing_time": 1886.0,
        "wait_time": 0,
        "Landing_success_rate": 1.0
    },
    {
        "model": 1,
        "sequence": 13,
        "status": 1,
        "fuel": 5520,
        "fault": 0.4579,
        "weapon": 0,
        "pilot_injury": 0.9812,
        "pilot_skill": 0.6602,
        "mission_priority": 0.6248,
        "estimated_landing_time": 1228.0,
        "wait_time": 0,
        "Landing_success_rate": 1.0
    },
    {
        "model": 0,
        "sequence": 1,
        "status": 1,
        "fuel": 5690,
        "fault": 0.5199,
        "weapon": 0,
        "pilot_injury": 0.1918,
        "pilot_skill": 0.5844,
        "mission_priority": 0.1513,
        "estimated_landing_time": 100.0,
        "wait_time": 0,
        "Landing_success_rate": 1.0
    },
    {
        "model": 0,
        "sequence": 19,
        "status": 1,
        "fuel": 5540,
        "fault": 0.9314,
        "weapon": 0,
        "pilot_injury": 0.5221,
        "pilot_skill": 0.512,
        "mission_priority": 0.6039,
        "estimated_landing_time": 1792.0,
        "wait_time": 0,
        "Landing_success_rate": 1.0
    },
    {
        "model": 2,
        "sequence": 7,
        "status": 1,
        "fuel": 5517,
        "fault": 0.9073,
        "weapon": 0,
        "pilot_injury": 0.4443,
        "pilot_skill": 0.7002,
        "mission_priority": 0.6359,
        "estimated_landing_time": 664.0,
        "wait_time": 0,
        "Landing_success_rate": 1.0
    },
    {
        "model": 1,
        "sequence": 23,
        "status": 1,
        "fuel": 5751,
        "fault": 0.2977,
        "weapon": 1,
        "pilot_injury": 0.5507,
        "pilot_skill": 0.8986,
        "mission_priority": 0.8809,
        "estimated_landing_time": 2168.0,
        "wait_time": 0,
        "Landing_success_rate": 1.0
    },
    {
        "model": 1,
        "sequence": 24,
        "status": 1,
        "fuel": 5781,
        "fault": 0.5971,
        "weapon": 1,
        "pilot_injury": 0.2946,
        "pilot_skill": 0.9866,
        "mission_priority": 0.0216,
        "estimated_landing_time": 2262.0,
        "wait_time": 0,
        "Landing_success_rate": 1.0
    },
    {
        "model": 1,
        "sequence": 3,
        "status": 1,
        "fuel": 6139,
        "fault": 0.5843,
        "weapon": 1,
        "pilot_injury": 0.6466,
        "pilot_skill": 0.2183,
        "mission_priority": 0.2267,
        "estimated_landing_time": 288.0,
        "wait_time": 0,
        "Landing_success_rate": 1.0
    },
    {
        "model": 1,
        "sequence": 2,
        "status": 1,
        "fuel": 7330,
        "fault": 0.8506,
        "weapon": 1,
        "pilot_injury": 0.0746,
        "pilot_skill": 0.0884,
        "mission_priority": 0.573,
        "estimated_landing_time": 194.0,
        "wait_time": 0,
        "Landing_success_rate": 1.0
    },
    {
        "model": 0,
        "sequence": 8,
        "status": 1,
        "fuel": 5757,
        "fault": 0.3633,
        "weapon": 1,
        "pilot_injury": 0.3158,
        "pilot_skill": 0.2073,
        "mission_priority": 0.4115,
        "estimated_landing_time": 758.0,
        "wait_time": 0,
        "Landing_success_rate": 1.0
    },
    {
        "model": 0,
        "sequence": 9,
        "status": 1,
        "fuel": 6809,
        "fault": 0.7001,
        "weapon": 0,
        "pilot_injury": 0.1239,
        "pilot_skill": 0.9482,
        "mission_priority": 0.0898,
        "estimated_landing_time": 852.0,
        "wait_time": 0,
        "Landing_success_rate": 1.0
    },
    {
        "model": 1,
        "sequence": 28,
        "status": 1,
        "fuel": 6562,
        "fault": 0.5279,
        "weapon": 0,
        "pilot_injury": 0.6807,
        "pilot_skill": 0.9123,
        "mission_priority": 0.1392,
        "estimated_landing_time": 2638.0,
        "wait_time": 0,
        "Landing_success_rate": 1.0
    },
    {
        "model": 1,
        "sequence": 22,
        "status": 1,
        "fuel": 7308,
        "fault": 0.4042,
        "weapon": 0,
        "pilot_injury": 0.2448,
        "pilot_skill": 0.3108,
        "mission_priority": 0.5756,
        "estimated_landing_time": 2074.0,
        "wait_time": 0,
        "Landing_success_rate": 1.0
    },
    {
        "model": 1,
        "sequence": 16,
        "status": 1,
        "fuel": 5998,
        "fault": 0.8812,
        "weapon": 1,
        "pilot_injury": 0.2464,
        "pilot_skill": 0.6066,
        "mission_priority": 0.9852,
        "estimated_landing_time": 1510.0,
        "wait_time": 0,
        "Landing_success_rate": 1.0
    },
    {
        "model": 1,
        "sequence": 11,
        "status": 1,
        "fuel": 6330,
        "fault": 0.936,
        "weapon": 0,
        "pilot_injury": 0.3682,
        "pilot_skill": 0.7849,
        "mission_priority": 0.072,
        "estimated_landing_time": 1040.0,
        "wait_time": 0,
        "Landing_success_rate": 1.0
    },
    {
        "model": 2,
        "sequence": 25,
        "status": 1,
        "fuel": 6842,
        "fault": 0.8522,
        "weapon": 1,
        "pilot_injury": 0.3137,
        "pilot_skill": 0.9741,
        "mission_priority": 0.9359,
        "estimated_landing_time": 2356.0,
        "wait_time": 0,
        "Landing_success_rate": 1.0
    },
    {
        "model": 2,
        "sequence": 4,
        "status": 1,
        "fuel": 6443,
        "fault": 0.765,
        "weapon": 0,
        "pilot_injury": 0.7485,
        "pilot_skill": 0.3356,
        "mission_priority": 0.3883,
        "estimated_landing_time": 382.0,
        "wait_time": 0,
        "Landing_success_rate": 1.0
    },
    {
        "model": 1,
        "sequence": 10,
        "status": 1,
        "fuel": 6243,
        "fault": 0.8892,
        "weapon": 0,
        "pilot_injury": 0.7446,
        "pilot_skill": 0.273,
        "mission_priority": 0.9387,
        "estimated_landing_time": 946.0,
        "wait_time": 0,
        "Landing_success_rate": 1.0
    },
    {
        "model": 1,
        "sequence": 14,
        "status": 1,
        "fuel": 7129,
        "fault": 0.3706,
        "weapon": 1,
        "pilot_injury": 0.6444,
        "pilot_skill": 0.8493,
        "mission_priority": 0.9531,
        "estimated_landing_time": 1322.0,
        "wait_time": 0,
        "Landing_success_rate": 1.0
    },
    {
        "model": 1,
        "sequence": 30,
        "status": 1,
        "fuel": 5951,
        "fault": 0.019,
        "weapon": 0,
        "pilot_injury": 0.9777,
        "pilot_skill": 0.9194,
        "mission_priority": 0.1632,
        "estimated_landing_time": 2826.0,
        "wait_time": 0,
        "Landing_success_rate": 1.0
    },
    {
        "model": 2,
        "sequence": 17,
        "status": 1,
        "fuel": 7186,
        "fault": 0.1272,
        "weapon": 1,
        "pilot_injury": 0.4425,
        "pilot_skill": 0.9843,
        "mission_priority": 0.0596,
        "estimated_landing_time": 1604.0,
        "wait_time": 0,
        "Landing_success_rate": 1.0
    },
    {
        "model": 0,
        "sequence": 26,
        "status": 1,
        "fuel": 6360,
        "fault": 0.6727,
        "weapon": 1,
        "pilot_injury": 0.5273,
        "pilot_skill": 0.7797,
        "mission_priority": 0.2467,
        "estimated_landing_time": 2450.0,
        "wait_time": 0,
        "Landing_success_rate": 1.0
    },
    {
        "model": 2,
        "sequence": 6,
        "status": 1,
        "fuel": 7067,
        "fault": 0.6161,
        "weapon": 1,
        "pilot_injury": 0.7615,
        "pilot_skill": 0.5727,
        "mission_priority": 0.222,
        "estimated_landing_time": 570.0,
        "wait_time": 0,
        "Landing_success_rate": 1.0
    },
    {
        "model": 2,
        "sequence": 21,
        "status": 1,
        "fuel": 5789,
        "fault": 0.5243,
        "weapon": 0,
        "pilot_injury": 0.8205,
        "pilot_skill": 0.2446,
        "mission_priority": 0.6621,
        "estimated_landing_time": 1980.0,
        "wait_time": 0,
        "Landing_success_rate": 1.0
    },
    {
        "model": 1,
        "sequence": 18,
        "status": 1,
        "fuel": 6961,
        "fault": 0.756,
        "weapon": 1,
        "pilot_injury": 0.5487,
        "pilot_skill": 0.2244,
        "mission_priority": 0.0789,
        "estimated_landing_time": 1698.0,
        "wait_time": 0,
        "Landing_success_rate": 1.0
    }
]