[
    {
        "model": 0,
        "sequence": 28,
        "status": 1,
        "fuel": 6905,
        "fault": 0.2825,
        "weapon": 1,
        "pilot_injury": 0.6946,
        "pilot_skill": 0.5877,
        "mission_priority": 0.202,
        "estimated_landing_time": 2638.0,
        "wait_time": 0,
        "Landing_success_rate": 1.0
    },
    {
        "model": 0,
        "sequence": 1,
        "status": 1,
        "fuel": 5805,
        "fault": 0.3022,
        "weapon": 1,
        "pilot_injury": 0.5661,
        "pilot_skill": 0.7026,
        "mission_priority": 0.6137,
        "estimated_landing_time": 100.0,
        "wait_time": 0,
        "Landing_success_rate": 1.0
    },
    {
        "model": 1,
        "sequence": 5,
        "status": 1,
        "fuel": 7220,
        "fault": 0.7384,
        "weapon": 1,
        "pilot_injury": 0.1102,
        "pilot_skill": 0.569,
        "mission_priority": 0.2733,
        "estimated_landing_time": 476.0,
        "wait_time": 0,
        "Landing_success_rate": 1.0
    },
    {
        "model": 1,
        "sequence": 24,
        "status": 1,
        "fuel": 6072,
        "fault": 0.977,
        "weapon": 0,
        "pilot_injury": 0.7722,
        "pilot_skill": 0.2275,
        "mission_priority": 0.8904,
        "estimated_landing_time": 2262.0,
        "wait_time": 0,
        "Landing_success_rate": 1.0
    },
    {
        "model": 2,
        "sequence": 16,
        "status": 1,
        "fuel": 6705,
        "fault": 0.8521,
        "weapon": 1,
        "pilot_injury": 0.3858,
        "pilot_skill": 0.7015,
        "mission_priority": 0.0904,
        "estimated_landing_time": 1510.0,
        "wait_time": 0,
        "Landing_success_rate": 1.0
    },
    {
        "model": 0,
        "sequence": 29,
        "status": 1,
        "fuel": 6138,
        "fault": 0.6533,
        "weapon": 0,
        "pilot_injury": 0.5625,
        "pilot_skill": 0.149,
        "mission_priority": 0.2776,
        "estimated_landing_time": 2732.0,
        "wait_time": 0,
        "Landing_success_rate": 1.0
    },
    {
        "model": 1,
        "sequence": 3,
        "status": 1,
        "fuel": 6638,
        "fault": 0.3373,
        "weapon": 1,
        "pilot_injury": 0.1802,
        "pilot_skill": 0.9299,
        "mission_priority": 0.6636,
        "estimated_landing_time": 288.0,
        "wait_time": 0,
        "Landing_success_rate": 1.0
    },
    {
        "model": 2,
        "sequence": 10,
        "status": 1,
        "fuel": 5758,
        "fault": 0.3389,
        "weapon": 0,
        "pilot_injury": 0.586,
        "pilot_skill": 0.2229,
        "mission_priority": 0.9602,
        "estimated_landing_time": 946.0,
        "wait_time": 0,
        "Landing_success_rate": 1.0
    },
    {
        "model": 1,
        "sequence": 27,
        "status": 1,
        "fuel": 6613,
        "fault": 0.603,
        "weapon": 0,
        "pilot_injury": 0.8489,
        "pilot_skill": 0.483,
        "mission_priority": 0.6696,
        "estimated_landing_time": 2544.0,
        "wait_time": 0,
        "Landing_success_rate": 1.0
    },
    {
        "model": 2,
        "sequence": 30,
        "status": 1,
        "fuel": 5950,
        "fault": 0.6777,
        "weapon": 0,
        "pilot_injury": 0.0615,
        "pilot_skill": 0.4704,
        "mission_priority": 0.1306,
        "estimated_landing_time": 2826.0,
        "wait_time": 0,
        "Landing_success_rate": 1.0
    },
    {
        "model": 0,
        "sequence": 6,
        "status": 1,
        "fuel": 6227,
        "fault": 0.0368,
        "weapon": 1,
        "pilot_injury": 0.9929,
        "pilot_skill": 0.6288,
        "mission_priority": 0.8001,
        "estimated_landing_time": 570.0,
        "wait_time": 0,
        "Landing_success_rate": 1.0
    },
    {
        "model": 2,
        "sequence": 20,
        "status": 1,
        "fuel": 6313,
        "fault": 0.7963,
        "weapon": 0,
        "pilot_injury": 0.917,
        "pilot_skill": 0.7552,
        "mission_priority": 0.6553,
        "estimated_landing_time": 1886.0,
        "wait_time": 0,
        "Landing_success_rate": 1.0
    },
    {
        "model": 2,
        "sequence": 15,
        "status": 1,
        "fuel": 6887,
        "fault": 0.7476,
        "weapon": 0,
        "pilot_injury": 0.8868,
        "pilot_skill": 0.2308,
        "mission_priority": 0.7061,
        "estimated_landing_time": 1416.0,
        "wait_time": 0,
        "Landing_success_rate": 1.0
    },
    {
        "model": 0,
        "sequence": 21,
        "status": 1,
        "fuel": 5606,
        "fault": 0.9524,
        "weapon": 1,
        "pilot_injury": 0.7635,
        "pilot_skill": 0.1671,
        "mission_priority": 0.2529,
        "estimated_landing_time": 1980.0,
        "wait_time": 0,
        "Landing_success_rate": 1.0
    },
    {
        "model": 0,
        "sequence": 26,
        "status": 1,
        "fuel": 6457,
        "fault": 0.8824,
        "weapon": 1,
        "pilot_injury": 0.2542,
        "pilot_skill": 0.941,
        "mission_priority": 0.2153,
        "estimated_landing_time": 2450.0,
        "wait_time": 0,
        "Landing_success_rate": 1.0
    },
    {
        "model": 2,
        "sequence": 17,
        "status": 1,
        "fuel": 7172,
        "fault": 0.1828,
        "weapon": 0,
        "pilot_injury": 0.3925,
        "pilot_skill": 0.1303,
        "mission_priority": 0.3205,
        "estimated_landing_time": 1604.0,
        "wait_time": 0,
        "Landing_success_rate": 1.0
    },
    {
        "model": 1,
        "sequence": 14,
        "status": 1,
        "fuel": 5708,
        "fault": 0.8349,
        "weapon": 1,
        "pilot_injury": 0.3569,
        "pilot_skill": 0.295,
        "mission_priority": 0.7571,
        "estimated_landing_time": 1322.0,
        "wait_time": 0,
        "Landing_success_rate": 1.0
    },
    {
        "model": 0,
        "sequence": 8,
        "status": 1,
        "fuel": 5654,
        "fault": 0.2237,
        "weapon": 0,
        "pilot_injury": 0.1946,
        "pilot_skill": 0.7148,
        "mission_priority": 0.6251,
        "estimated_landing_time": 758.0,
        "wait_time": 0,
        "Landing_success_rate": 1.0
    },
    {
        "model": 2,
        "sequence": 9,
        "status": 1,
        "fuel": 6011,
        "fault": 0.4023,
        "weapon": 0,
        "pilot_injury": 0.2101,
        "pilot_skill": 0.1545,
        "mission_priority": 0.1906,
        "estimated_landing_time": 852.0,
        "wait_time": 0,
        "Landing_success_rate": 1.0
    },
    {
        "model": 0,
        "sequence": 2,
        "status": 1,
        "fuel": 5852,
        "fault": 0.6539,
        "weapon": 1,
        "pilot_injury": 0.5934,
        "pilot_skill": 0.8435,
        "mission_priority": 0.4177,
        "estimated_landing_time": 194.0,
        "wait_time": 0,
        "Landing_success_rate": 1.0
    },
    {
        "model": 0,
        "sequence": 23,
        "status": 1,
        "fuel": 6870,
        "fault": 0.6108,
        "weapon": 0,
        "pilot_injury": 0.5318,
        "pilot_skill": 0.5736,
        "mission_priority": 0.9959,
        "estimated_landing_time": 2168.0,
        "wait_time": 0,
        "Landing_success_rate": 1.0
    },
    {
        "model": 1,
        "sequence": 13,
        "status": 1,
        "fuel": 6334,
        "fault": 0.9162,
        "weapon": 0,
        "pilot_injury": 0.6349,
        "pilot_skill": 0.4808,
        "mission_priority": 0.7207,
        "estimated_landing_time": 1228.0,
        "wait_time": 0,
        "Landing_success_rate": 1.0
    },
    {
        "model": 0,
        "sequence": 25,
        "status": 1,
        "fuel": 5841,
        "fault": 0.8523,
        "weapon": 0,
        "pilot_injury": 0.8189,
        "pilot_skill": 0.6548,
        "mission_priority": 0.2802,
        "estimated_landing_time": 2356.0,
        "wait_time": 0,
        "Landing_success_rate": 1.0
    },
    {
        "model": 2,
        "sequence": 4,
        "status": 1,
        "fuel": 6679,
        "fault": 0.6564,
        "weapon": 1,
        "pilot_injury": 0.1204,
        "pilot_skill": 0.9934,
        "mission_priority": 0.4256,
        "estimated_landing_time": 382.0,
        "wait_time": 0,
        "Landing_success_rate": 1.0
    },
    {
        "model": 2,
        "sequence": 19,
        "status": 1,
        "fuel": 5524,
        "fault": 0.5014,
        "weapon": 1,
        "pilot_injury": 0.9609,
        "pilot_skill": 0.8729,
        "mission_priority": 0.5251,
        "estimated_landing_time": 1792.0,
        "wait_time": 0,
        "Landing_success_rate": 1.0
    },
    {
        "model": 0,
        "sequence": 22,
        "status": 1,
        "fuel": 6777,
        "fault": 0.4366,
        "weapon": 1,
        "pilot_injury": 0.4628,
        "pilot_skill": 0.9468,
        "mission_priority": 0.7269,
        "estimated_landing_time": 2074.0,
        "wait_time": 0,
        "Landing_success_rate": 1.0
    },
    {
        "model": 0,
        "sequence": 11,
        "status": 1,
        "fuel": 7256,
        "fault": 0.7128,
        "weapon": 0,
        "pilot_injury": 0.9238,
        "pilot_skill": 0.8487,
        "mission_priority": 0.4862,
        "estimated_landing_time": 1040.0,
        "wait_time": 0,
        "Landing_success_rate": 1.0
    },
    {
        "model": 1,
        "sequence": 18,
        "status": 1,
        "fuel": 6009,
        "fault": 0.0833,
        "weapon": 0,
        "pilot_injury": 0.7928,
        "pilot_skill": 0.6033,
        "mission_priority": 0.6948,
        "estimated_landing_time": 1698.0,
        "wait_time": 0,
        "Landing_success_rate": 1.0
    },
    {
        "model": 1,
        "sequence": 12,
        "status": 1,
        "fuel": 7378,
        "fault": 0.6624,
        "weapon": 0,
        "pilot_injury": 0.2077,
        "pilot_skill": 0.9481,
        "mission_priority": 0.9466,
        "estimated_landing_time": 1134.0,
        "wait_time": 0,
        "Landing_success_rate": 1.0
    },
    {
        "model": 1,
        "sequence": 7,
        "status": 1,
        "fuel": 6858,
        "fault": 0.4737,
        "weapon": 1,
        "pilot_injury": 0.6653,
        "pilot_skill": 0.2347,
        "mission_priority": 0.7602,
        "estimated_landing_time": 664.0,
        "wait_time": 0,
        "Landing_success_rate": 1.0
    }
]