[
    {
        "model": 0,
        "sequence": 5,
        "status": 1,
        "fuel": 6361,
        "fault": 0.2271,
        "weapon": 1,
        "pilot_injury": 0.1942,
        "pilot_skill": 0.1027,
        "mission_priority": 0.2426,
        "estimated_landing_time": 476.0,
        "wait_time": 0,
        "Landing_success_rate": 1.0
    },
    {
        "model": 2,
        "sequence": 13,
        "status": 1,
        "fuel": 7285,
        "fault": 0.1344,
        "weapon": 1,
        "pilot_injury": 0.9376,
        "pilot_skill": 0.1203,
        "mission_priority": 0.8183,
        "estimated_landing_time": 1228.0,
        "wait_time": 0,
        "Landing_success_rate": 1.0
    },
    {
        "model": 2,
        "sequence": 17,
        "status": 1,
        "fuel": 5884,
        "fault": 0.0593,
        "weapon": 0,
        "pilot_injury": 0.1701,
        "pilot_skill": 0.1514,
        "mission_priority": 0.1627,
        "estimated_landing_time": 1604.0,
        "wait_time": 0,
        "Landing_success_rate": 1.0
    },
    {
        "model": 0,
        "sequence": 10,
        "status": 1,
        "fuel": 5992,
        "fault": 0.7024,
        "weapon": 0,
        "pilot_injury": 0.9202,
        "pilot_skill": 0.3982,
        "mission_priority": 0.462,
        "estimated_landing_time": 946.0,
        "wait_time": 0,
        "Landing_success_rate": 1.0
    },
    {
        "model": 2,
        "sequence": 24,
        "status": 1,
        "fuel": 5761,
        "fault": 0.1271,
        "weapon": 1,
        "pilot_injury": 0.3282,
        "pilot_skill": 0.8468,
        "mission_priority": 0.3437,
        "estimated_landing_time": 2262.0,
        "wait_time": 0,
        "Landing_success_rate": 1.0
    },
    {
        "model": 1,
        "sequence": 12,
        "status": 1,
        "fuel": 6808,
        "fault": 0.2138,
        "weapon": 1,
        "pilot_injury": 0.3399,
        "pilot_skill": 0.5603,
        "mission_priority": 0.1031,
        "estimated_landing_time": 1134.0,
        "wait_time": 0,
        "Landing_success_rate": 1.0
    },
    {
        "model": 1,
        "sequence": 3,
        "status": 1,
        "fuel": 6987,
        "fault": 0.5736,
        "weapon": 1,
        "pilot_injury": 0.6705,
        "pilot_skill": 0.9881,
        "mission_priority": 0.016,
        "estimated_landing_time": 288.0,
        "wait_time": 0,
        "Landing_success_rate": 1.0
    },
    {
        "model": 2,
        "sequence": 7,
        "status": 1,
        "fuel": 7468,
        "fault": 0.7425,
        "weapon": 1,
        "pilot_injury": 0.433,
        "pilot_skill": 0.0052,
        "mission_priority": 0.1578,
        "estimated_landing_time": 664.0,
        "wait_time": 0,
        "Landing_success_rate": 1.0
    },
    {
        "model": 2,
        "sequence": 28,
        "status": 1,
        "fuel": 7173,
        "fault": 0.978,
        "weapon": 0,
        "pilot_injury": 0.1627,
        "pilot_skill": 0.448,
        "mission_priority": 0.0128,
        "estimated_landing_time": 2638.0,
        "wait_time": 0,
        "Landing_success_rate": 1.0
    },
    {
        "model": 2,
        "sequence": 9,
        "status": 1,
        "fuel": 5868,
        "fault": 0.2131,
        "weapon": 0,
        "pilot_injury": 0.5968,
        "pilot_skill": 0.4407,
        "mission_priority": 0.1623,
        "estimated_landing_time": 852.0,
        "wait_time": 0,
        "Landing_success_rate": 1.0
    },
    {
        "model": 1,
        "sequence": 2,
        "status": 1,
        "fuel": 6514,
        "fault": 0.7002,
        "weapon": 0,
        "pilot_injury": 0.7424,
        "pilot_skill": 0.0771,
        "mission_priority": 0.3839,
        "estimated_landing_time": 194.0,
        "wait_time": 0,
        "Landing_success_rate": 1.0
    },
    {
        "model": 1,
        "sequence": 1,
        "status": 1,
        "fuel": 6137,
        "fault": 0.1161,
        "weapon": 1,
        "pilot_injury": 0.5775,
        "pilot_skill": 0.5713,
        "mission_priority": 0.0903,
        "estimated_landing_time": 100.0,
        "wait_time": 0,
        "Landing_success_rate": 1.0
    },
    {
        "model": 0,
        "sequence": 22,
        "status": 1,
        "fuel": 7376,
        "fault": 0.3674,
        "weapon": 0,
        "pilot_injury": 0.3481,
        "pilot_skill": 0.0189,
        "mission_priority": 0.7982,
        "estimated_landing_time": 2074.0,
        "wait_time": 0,
        "Landing_success_rate": 1.0
    },
    {
        "model": 0,
        "sequence": 19,
        "status": 1,
        "fuel": 7139,
        "fault": 0.2474,
        "weapon": 0,
        "pilot_injury": 0.0982,
        "pilot_skill": 0.5912,
        "mission_priority": 0.3485,
        "estimated_landing_time": 1792.0,
        "wait_time": 0,
        "Landing_success_rate": 1.0
    },
    {
        "model": 1,
        "sequence": 20,
        "status": 1,
        "fuel": 6021,
        "fault": 0.5687,
        "weapon": 0,
        "pilot_injury": 0.3282,
        "pilot_skill": 0.136,
        "mission_priority": 0.4817,
        "estimated_landing_time": 1886.0,
        "wait_time": 0,
        "Landing_success_rate": 1.0
    },
    {
        "model": 1,
        "sequence": 29,
        "status": 1,
        "fuel": 6877,
        "fault": 0.8246,
        "weapon": 0,
        "pilot_injury": 0.8493,
        "pilot_skill": 0.4209,
        "mission_priority": 0.7909,
        "estimated_landing_time": 2732.0,
        "wait_time": 0,
        "Landing_success_rate": 1.0
    },
    {
        "model": 0,
        "sequence": 18,
        "status": 1,
        "fuel": 5813,
        "fault": 0.952,
        "weapon": 0,
        "pilot_injury": 0.3187,
        "pilot_skill": 0.702,
        "mission_priority": 0.9045,
        "estimated_landing_time": 1698.0,
        "wait_time": 0,
        "Landing_success_rate": 1.0
    },
    {
        "model": 0,
        "sequence": 27,
        "status": 1,
        "fuel": 6581,
        "fault": 0.823,
        "weapon": 0,
        "pilot_injury": 0.9562,
        "pilot_skill": 0.4993,
        "mission_priority": 0.306,
        "estimated_landing_time": 2544.0,
        "wait_time": 0,
        "Landing_success_rate": 1.0
    },
    {
        "model": 1,
        "sequence": 6,
        "status": 1,
        "fuel": 5647,
        "fault": 0.7137,
        "weapon": 1,
        "pilot_injury": 0.6924,
        "pilot_skill": 0.8949,
        "mission_priority": 0.6815,
        "estimated_landing_time": 570.0,
        "wait_time": 0,
        "Landing_success_rate": 1.0
    },
    {
        "model": 2,
        "sequence": 8,
        "status": 1,
        "fuel": 6944,
        "fault": 0.2295,
        "weapon": 1,
        "pilot_injury": 0.9632,
        "pilot_skill": 0.3142,
        "mission_priority": 0.3544,
        "estimated_landing_time": 758.0,
        "wait_time": 0,
        "Landing_success_rate": 1.0
    },
    {
        "model": 1,
        "sequence": 14,
        "status": 1,
        "fuel": 7443,
        "fault": 0.0187,
        "weapon": 1,
        "pilot_injury": 0.7911,
        "pilot_skill": 0.9831,
        "mission_priority": 0.4652,
        "estimated_landing_time": 1322.0,
        "wait_time": 0,
        "Landing_success_rate": 1.0
    },
    {
        "model": 2,
        "sequence": 30,
        "status": 1,
        "fuel": 6686,
        "fault": 0.4309,
        "weapon": 0,
        "pilot_injury": 0.2212,
        "pilot_skill": 0.6206,
        "mission_priority": 0.5477,
        "estimated_landing_time": 2826.0,
        "wait_time": 0,
        "Landing_success_rate": 1.0
    },
    {
        "model": 1,
        "sequence": 4,
        "status": 1,
        "fuel": 5783,
        "fault": 0.9082,
        "weapon": 1,
        "pilot_injury": 0.8128,
        "pilot_skill": 0.3111,
        "mission_priority": 0.2164,
        "estimated_landing_time": 382.0,
        "wait_time": 0,
        "Landing_success_rate": 1.0
    },
    {
        "model": 0,
        "sequence": 16,
        "status": 1,
        "fuel": 5778,
        "fault": 0.2509,
        "weapon": 0,
        "pilot_injury": 0.2876,
        "pilot_skill": 0.3368,
        "mission_priority": 0.0664,
        "estimated_landing_time": 1510.0,
        "wait_time": 0,
        "Landing_success_rate": 1.0
    },
    {
        "model": 0,
        "sequence": 21,
        "status": 1,
        "fuel": 5932,
        "fault": 0.5573,
        "weapon": 0,
        "pilot_injury": 0.5527,
        "pilot_skill": 0.7161,
        "mission_priority": 0.3731,
        "estimated_landing_time": 1980.0,
        "wait_time": 0,
        "Landing_success_rate": 1.0
    },
    {
        "model": 0,
        "sequence": 11,
        "status": 1,
        "fuel": 7229,
        "fault": 0.317,
        "weapon": 0,
        "pilot_injury": 0.4225,
        "pilot_skill": 0.1959,
        "mission_priority": 0.749,
        "estimated_landing_time": 1040.0,
        "wait_time": 0,
        "Landing_success_rate": 1.0
    },
    {
        "model": 1,
        "sequence": 23,
        "status": 1,
        "fuel": 6178,
        "fault": 0.1814,
        "weapon": 1,
        "pilot_injury": 0.0272,
        "pilot_skill": 0.9706,
        "mission_priority": 0.4673,
        "estimated_landing_time": 2168.0,
        "wait_time": 0,
        "Landing_success_rate": 1.0
    },
    {
        "model": 1,
        "sequence": 25,
        "status": 1,
        "fuel": 7238,
        "fault": 0.2039,
        "weapon": 0,
        "pilot_injury": 0.8877,
        "pilot_skill": 0.528,
        "mission_priority": 0.0284,
        "estimated_landing_time": 2356.0,
        "wait_time": 0,
        "Landing_success_rate": 1.0
    },
    {
        "model": 1,
        "sequence": 15,
        "status": 1,
        "fuel": 6083,
        "fault": 0.6745,
        "weapon": 1,
        "pilot_injury": 0.6364,
        "pilot_skill": 0.5189,
        "mission_priority": 0.3557,
        "estimated_landing_time": 1416.0,
        "wait_time": 0,
        "Landing_success_rate": 1.0
    },
    {
        "model": 2,
        "sequence": 26,
        "status": 1,
        "fuel": 7240,
        "fault": 0.2283,
        "weapon": 1,
        "pilot_injury": 0.9065,
        "pilot_skill": 0.5968,
        "mission_priority": 0.5077,
        "estimated_landing_time": 2450.0,
        "wait_time": 0,
        "Landing_success_rate": 1.0
    }
]