[
    {
        "model": 2,
        "sequence": 8,
        "status": 1,
        "fuel": 6692,
        "fault": 0.8896,
        "weapon": 1,
        "pilot_injury": 0.9666,
        "pilot_skill": 0.1263,
        "mission_priority": 0.0444,
        "estimated_landing_time": 758.0,
        "wait_time": 0,
        "Landing_success_rate": 1.0
    },
    {
        "model": 1,
        "sequence": 14,
        "status": 1,
        "fuel": 7485,
        "fault": 0.3153,
        "weapon": 0,
        "pilot_injury": 0.9485,
        "pilot_skill": 0.6999,
        "mission_priority": 0.2764,
        "estimated_landing_time": 1322.0,
        "wait_time": 0,
        "Landing_success_rate": 1.0
    },
    {
        "model": 1,
        "sequence": 15,
        "status": 1,
        "fuel": 6316,
        "fault": 0.668,
        "weapon": 0,
        "pilot_injury": 0.9791,
        "pilot_skill": 0.0586,
        "mission_priority": 0.7538,
        "estimated_landing_time": 1416.0,
        "wait_time": 0,
        "Landing_success_rate": 1.0
    },
    {
        "model": 0,
        "sequence": 9,
        "status": 1,
        "fuel": 7190,
        "fault": 0.7919,
        "weapon": 0,
        "pilot_injury": 0.1087,
        "pilot_skill": 0.0505,
        "mission_priority": 0.8893,
        "estimated_landing_time": 852.0,
        "wait_time": 0,
        "Landing_success_rate": 1.0
    },
    {
        "model": 2,
        "sequence": 22,
        "status": 1,
        "fuel": 6176,
        "fault": 0.4557,
        "weapon": 1,
        "pilot_injury": 0.747,
        "pilot_skill": 0.5989,
        "mission_priority": 0.378,
        "estimated_landing_time": 2074.0,
        "wait_time": 0,
        "Landing_success_rate": 1.0
    },
    {
        "model": 1,
        "sequence": 21,
        "status": 1,
        "fuel": 6710,
        "fault": 0.1727,
        "weapon": 1,
        "pilot_injury": 0.4262,
        "pilot_skill": 0.2317,
        "mission_priority": 0.2726,
        "estimated_landing_time": 1980.0,
        "wait_time": 0,
        "Landing_success_rate": 1.0
    },
    {
        "model": 0,
        "sequence": 28,
        "status": 1,
        "fuel": 5541,
        "fault": 0.9784,
        "weapon": 1,
        "pilot_injury": 0.8685,
        "pilot_skill": 0.7736,
        "mission_priority": 0.7955,
        "estimated_landing_time": 2638.0,
        "wait_time": 0,
        "Landing_success_rate": 1.0
    },
    {
        "model": 0,
        "sequence": 19,
        "status": 1,
        "fuel": 5720,
        "fault": 0.8445,
        "weapon": 1,
        "pilot_injury": 0.7574,
        "pilot_skill": 0.7933,
        "mission_priority": 0.6954,
        "estimated_landing_time": 1792.0,
        "wait_time": 0,
        "Landing_success_rate": 1.0
    },
    {
        "model": 0,
        "sequence": 24,
        "status": 1,
        "fuel": 6579,
        "fault": 0.0402,
        "weapon": 0,
        "pilot_injury": 0.347,
        "pilot_skill": 0.1962,
        "mission_priority": 0.6944,
        "estimated_landing_time": 2262.0,
        "wait_time": 0,
        "Landing_success_rate": 1.0
    },
    {
        "model": 2,
        "sequence": 11,
        "status": 1,
        "fuel": 5730,
        "fault": 0.8404,
        "weapon": 0,
        "pilot_injury": 0.2981,
        "pilot_skill": 0.5552,
        "mission_priority": 0.8278,
        "estimated_landing_time": 1040.0,
        "wait_time": 0,
        "Landing_success_rate": 1.0
    },
    {
        "model": 0,
        "sequence": 5,
        "status": 1,
        "fuel": 6064,
        "fault": 0.7172,
        "weapon": 1,
        "pilot_injury": 0.7237,
        "pilot_skill": 0.9209,
        "mission_priority": 0.3258,
        "estimated_landing_time": 476.0,
        "wait_time": 0,
        "Landing_success_rate": 1.0
    },
    {
        "model": 1,
        "sequence": 20,
        "status": 1,
        "fuel": 7181,
        "fault": 0.231,
        "weapon": 0,
        "pilot_injury": 0.7858,
        "pilot_skill": 0.4504,
        "mission_priority": 0.262,
        "estimated_landing_time": 1886.0,
        "wait_time": 0,
        "Landing_success_rate": 1.0
    },
    {
        "model": 2,
        "sequence": 3,
        "status": 1,
        "fuel": 5622,
        "fault": 0.7794,
        "weapon": 0,
        "pilot_injury": 0.7134,
        "pilot_skill": 0.1476,
        "mission_priority": 0.3409,
        "estimated_landing_time": 288.0,
        "wait_time": 0,
        "Landing_success_rate": 1.0
    },
    {
        "model": 1,
        "sequence": 27,
        "status": 1,
        "fuel": 6401,
        "fault": 0.8242,
        "weapon": 1,
        "pilot_injury": 0.8807,
        "pilot_skill": 0.5685,
        "mission_priority": 0.0259,
        "estimated_landing_time": 2544.0,
        "wait_time": 0,
        "Landing_success_rate": 1.0
    },
    {
        "model": 1,
        "sequence": 7,
        "status": 1,
        "fuel": 6254,
        "fault": 0.0057,
        "weapon": 0,
        "pilot_injury": 0.5876,
        "pilot_skill": 0.4963,
        "mission_priority": 0.9159,
        "estimated_landing_time": 664.0,
        "wait_time": 0,
        "Landing_success_rate": 1.0
    },
    {
        "model": 1,
        "sequence": 23,
        "status": 1,
        "fuel": 5546,
        "fault": 0.8057,
        "weapon": 1,
        "pilot_injury": 0.1384,
        "pilot_skill": 0.3581,
        "mission_priority": 0.4212,
        "estimated_landing_time": 2168.0,
        "wait_time": 0,
        "Landing_success_rate": 1.0
    },
    {
        "model": 2,
        "sequence": 26,
        "status": 1,
        "fuel": 7396,
        "fault": 0.9455,
        "weapon": 0,
        "pilot_injury": 0.1358,
        "pilot_skill": 0.8026,
        "mission_priority": 0.61,
        "estimated_landing_time": 2450.0,
        "wait_time": 0,
        "Landing_success_rate": 1.0
    },
    {
        "model": 1,
        "sequence": 25,
        "status": 1,
        "fuel": 7132,
        "fault": 0.7584,
        "weapon": 1,
        "pilot_injury": 0.7161,
        "pilot_skill": 0.1952,
        "mission_priority": 0.7689,
        "estimated_landing_time": 2356.0,
        "wait_time": 0,
        "Landing_success_rate": 1.0
    },
    {
        "model": 0,
        "sequence": 12,
        "status": 1,
        "fuel": 5963,
        "fault": 0.2759,
        "weapon": 0,
        "pilot_injury": 0.0556,
        "pilot_skill": 0.1152,
        "mission_priority": 0.1079,
        "estimated_landing_time": 1134.0,
        "wait_time": 0,
        "Landing_success_rate": 1.0
    },
    {
        "model": 0,
        "sequence": 6,
        "status": 1,
        "fuel": 5610,
        "fault": 0.9367,
        "weapon": 1,
        "pilot_injury": 0.9944,
        "pilot_skill": 0.3482,
        "mission_priority": 0.7608,
        "estimated_landing_time": 570.0,
        "wait_time": 0,
        "Landing_success_rate": 1.0
    },
    {
        "model": 1,
        "sequence": 18,
        "status": 1,
        "fuel": 7331,
        "fault": 0.2441,
        "weapon": 0,
        "pilot_injury": 0.1851,
        "pilot_skill": 0.1921,
        "mission_priority": 0.0997,
        "estimated_landing_time": 1698.0,
        "wait_time": 0,
        "Landing_success_rate": 1.0
    },
    {
        "model": 0,
        "sequence": 4,
        "status": 1,
        "fuel": 6012,
        "fault": 0.6151,
        "weapon": 1,
        "pilot_injury": 0.9098,
        "pilot_skill": 0.4479,
        "mission_priority": 0.8386,
        "estimated_landing_time": 382.0,
        "wait_time": 0,
        "Landing_success_rate": 1.0
    },
    {
        "model": 2,
        "sequence": 1,
        "status": 1,
        "fuel": 7214,
        "fault": 0.0962,
        "weapon": 0,
        "pilot_injury": 0.9015,
        "pilot_skill": 0.1354,
        "mission_priority": 0.83,
        "estimated_landing_time": 100.0,
        "wait_time": 0,
        "Landing_success_rate": 1.0
    },
    {
        "model": 2,
        "sequence": 17,
        "status": 1,
        "fuel": 7499,
        "fault": 0.2577,
        "weapon": 0,
        "pilot_injury": 0.6466,
        "pilot_skill": 0.9035,
        "mission_priority": 0.911,
        "estimated_landing_time": 1604.0,
        "wait_time": 0,
        "Landing_success_rate": 1.0
    },
    {
        "model": 0,
        "sequence": 30,
        "status": 1,
        "fuel": 6901,
        "fault": 0.8034,
        "weapon": 1,
        "pilot_injury": 0.7932,
        "pilot_skill": 0.7032,
        "mission_priority": 0.0264,
        "estimated_landing_time": 2826.0,
        "wait_time": 0,
        "Landing_success_rate": 1.0
    },
    {
        "model": 0,
        "sequence": 2,
        "status": 1,
        "fuel": 6430,
        "fault": 0.798,
        "weapon": 1,
        "pilot_injury": 0.7377,
        "pilot_skill": 0.4118,
        "mission_priority": 0.7352,
        "estimated_landing_time": 194.0,
        "wait_time": 0,
        "Landing_success_rate": 1.0
    },
    {
        "model": 2,
        "sequence": 10,
        "status": 1,
        "fuel": 6812,
        "fault": 0.0296,
        "weapon": 1,
        "pilot_injury": 0.5871,
        "pilot_skill": 0.4007,
        "mission_priority": 0.8629,
        "estimated_landing_time": 946.0,
        "wait_time": 0,
        "Landing_success_rate": 1.0
    },
    {
        "model": 1,
        "sequence": 16,
        "status": 1,
        "fuel": 6593,
        "fault": 0.7124,
        "weapon": 1,
        "pilot_injury": 0.6963,
        "pilot_skill": 0.9406,
        "mission_priority": 0.2505,
        "estimated_landing_time": 1510.0,
        "wait_time": 0,
        "Landing_success_rate": 1.0
    },
    {
        "model": 2,
        "sequence": 13,
        "status": 1,
        "fuel": 6986,
        "fault": 0.7006,
        "weapon": 1,
        "pilot_injury": 0.7021,
        "pilot_skill": 0.2103,
        "mission_priority": 0.2756,
        "estimated_landing_time": 1228.0,
        "wait_time": 0,
        "Landing_success_rate": 1.0
    },
    {
        "model": 1,
        "sequence": 29,
        "status": 1,
        "fuel": 7245,
        "fault": 0.3707,
        "weapon": 1,
        "pilot_injury": 0.7351,
        "pilot_skill": 0.3787,
        "mission_priority": 0.8595,
        "estimated_landing_time": 2732.0,
        "wait_time": 0,
        "Landing_success_rate": 1.0
    }
]