[
    {
        "model": 0,
        "sequence": 7,
        "status": 1,
        "fuel": 6035,
        "fault": 0.7528,
        "weapon": 1,
        "pilot_injury": 0.1011,
        "pilot_skill": 0.7997,
        "mission_priority": 0.1203,
        "estimated_landing_time": 664.0,
        "wait_time": 0,
        "Landing_success_rate": 1.0
    },
    {
        "model": 0,
        "sequence": 18,
        "status": 1,
        "fuel": 6968,
        "fault": 0.044,
        "weapon": 0,
        "pilot_injury": 0.8194,
        "pilot_skill": 0.5524,
        "mission_priority": 0.875,
        "estimated_landing_time": 1698.0,
        "wait_time": 0,
        "Landing_success_rate": 1.0
    },
    {
        "model": 2,
        "sequence": 4,
        "status": 1,
        "fuel": 5573,
        "fault": 0.4868,
        "weapon": 1,
        "pilot_injury": 0.6129,
        "pilot_skill": 0.7544,
        "mission_priority": 0.2321,
        "estimated_landing_time": 382.0,
        "wait_time": 0,
        "Landing_success_rate": 1.0
    },
    {
        "model": 2,
        "sequence": 2,
        "status": 1,
        "fuel": 6011,
        "fault": 0.2054,
        "weapon": 1,
        "pilot_injury": 0.3449,
        "pilot_skill": 0.1351,
        "mission_priority": 0.3149,
        "estimated_landing_time": 194.0,
        "wait_time": 0,
        "Landing_success_rate": 1.0
    },
    {
        "model": 0,
        "sequence": 27,
        "status": 1,
        "fuel": 5552,
        "fault": 0.5832,
        "weapon": 1,
        "pilot_injury": 0.698,
        "pilot_skill": 0.5309,
        "mission_priority": 0.9689,
        "estimated_landing_time": 2544.0,
        "wait_time": 0,
        "Landing_success_rate": 1.0
    },
    {
        "model": 2,
        "sequence": 10,
        "status": 1,
        "fuel": 6170,
        "fault": 0.033,
        "weapon": 0,
        "pilot_injury": 0.9057,
        "pilot_skill": 0.4043,
        "mission_priority": 0.2304,
        "estimated_landing_time": 946.0,
        "wait_time": 0,
        "Landing_success_rate": 1.0
    },
    {
        "model": 2,
        "sequence": 22,
        "status": 1,
        "fuel": 6539,
        "fault": 0.2482,
        "weapon": 0,
        "pilot_injury": 0.5011,
        "pilot_skill": 0.659,
        "mission_priority": 0.6861,
        "estimated_landing_time": 2074.0,
        "wait_time": 0,
        "Landing_success_rate": 1.0
    },
    {
        "model": 0,
        "sequence": 29,
        "status": 1,
        "fuel": 6436,
        "fault": 0.2828,
        "weapon": 0,
        "pilot_injury": 0.5327,
        "pilot_skill": 0.191,
        "mission_priority": 0.6325,
        "estimated_landing_time": 2732.0,
        "wait_time": 0,
        "Landing_success_rate": 1.0
    },
    {
        "model": 1,
        "sequence": 6,
        "status": 1,
        "fuel": 6370,
        "fault": 0.3455,
        "weapon": 1,
        "pilot_injury": 0.3025,
        "pilot_skill": 0.6398,
        "mission_priority": 0.8295,
        "estimated_landing_time": 570.0,
        "wait_time": 0,
        "Landing_success_rate": 1.0
    },
    {
        "model": 2,
        "sequence": 8,
        "status": 1,
        "fuel": 5778,
        "fault": 0.0393,
        "weapon": 1,
        "pilot_injury": 0.5575,
        "pilot_skill": 0.1934,
        "mission_priority": 0.6814,
        "estimated_landing_time": 758.0,
        "wait_time": 0,
        "Landing_success_rate": 1.0
    },
    {
        "model": 1,
        "sequence": 26,
        "status": 1,
        "fuel": 6536,
        "fault": 0.7482,
        "weapon": 1,
        "pilot_injury": 0.256,
        "pilot_skill": 0.149,
        "mission_priority": 0.7367,
        "estimated_landing_time": 2450.0,
        "wait_time": 0,
        "Landing_success_rate": 1.0
    },
    {
        "model": 1,
        "sequence": 23,
        "status": 1,
        "fuel": 6072,
        "fault": 0.2818,
        "weapon": 0,
        "pilot_injury": 0.8749,
        "pilot_skill": 0.5577,
        "mission_priority": 0.3311,
        "estimated_landing_time": 2168.0,
        "wait_time": 0,
        "Landing_success_rate": 1.0
    },
    {
        "model": 1,
        "sequence": 25,
        "status": 1,
        "fuel": 6685,
        "fault": 0.5176,
        "weapon": 1,
        "pilot_injury": 0.4555,
        "pilot_skill": 0.337,
        "mission_priority": 0.5479,
        "estimated_landing_time": 2356.0,
        "wait_time": 0,
        "Landing_success_rate": 1.0
    },
    {
        "model": 2,
        "sequence": 11,
        "status": 1,
        "fuel": 6017,
        "fault": 0.1687,
        "weapon": 1,
        "pilot_injury": 0.2945,
        "pilot_skill": 0.5287,
        "mission_priority": 0.8401,
        "estimated_landing_time": 1040.0,
        "wait_time": 0,
        "Landing_success_rate": 1.0
    },
    {
        "model": 0,
        "sequence": 13,
        "status": 1,
        "fuel": 7206,
        "fault": 0.8626,
        "weapon": 0,
        "pilot_injury": 0.5562,
        "pilot_skill": 0.6391,
        "mission_priority": 0.2114,
        "estimated_landing_time": 1228.0,
        "wait_time": 0,
        "Landing_success_rate": 1.0
    },
    {
        "model": 0,
        "sequence": 1,
        "status": 1,
        "fuel": 7306,
        "fault": 0.2644,
        "weapon": 1,
        "pilot_injury": 0.9233,
        "pilot_skill": 0.169,
        "mission_priority": 0.7514,
        "estimated_landing_time": 100.0,
        "wait_time": 0,
        "Landing_success_rate": 1.0
    },
    {
        "model": 0,
        "sequence": 3,
        "status": 1,
        "fuel": 6050,
        "fault": 0.581,
        "weapon": 0,
        "pilot_injury": 0.5519,
        "pilot_skill": 0.3884,
        "mission_priority": 0.8446,
        "estimated_landing_time": 288.0,
        "wait_time": 0,
        "Landing_success_rate": 1.0
    },
    {
        "model": 0,
        "sequence": 20,
        "status": 1,
        "fuel": 7357,
        "fault": 0.0131,
        "weapon": 0,
        "pilot_injury": 0.2172,
        "pilot_skill": 0.7435,
        "mission_priority": 0.0431,
        "estimated_landing_time": 1886.0,
        "wait_time": 0,
        "Landing_success_rate": 1.0
    },
    {
        "model": 0,
        "sequence": 17,
        "status": 1,
        "fuel": 6672,
        "fault": 0.9555,
        "weapon": 0,
        "pilot_injury": 0.8329,
        "pilot_skill": 0.1526,
        "mission_priority": 0.6304,
        "estimated_landing_time": 1604.0,
        "wait_time": 0,
        "Landing_success_rate": 1.0
    },
    {
        "model": 0,
        "sequence": 15,
        "status": 1,
        "fuel": 6600,
        "fault": 0.307,
        "weapon": 0,
        "pilot_injury": 0.723,
        "pilot_skill": 0.5312,
        "mission_priority": 0.7306,
        "estimated_landing_time": 1416.0,
        "wait_time": 0,
        "Landing_success_rate": 1.0
    },
    {
        "model": 1,
        "sequence": 28,
        "status": 1,
        "fuel": 7452,
        "fault": 0.9483,
        "weapon": 0,
        "pilot_injury": 0.2913,
        "pilot_skill": 0.9726,
        "mission_priority": 0.8571,
        "estimated_landing_time": 2638.0,
        "wait_time": 0,
        "Landing_success_rate": 1.0
    },
    {
        "model": 1,
        "sequence": 16,
        "status": 1,
        "fuel": 6695,
        "fault": 0.8925,
        "weapon": 0,
        "pilot_injury": 0.3468,
        "pilot_skill": 0.9009,
        "mission_priority": 0.3252,
        "estimated_landing_time": 1510.0,
        "wait_time": 0,
        "Landing_success_rate": 1.0
    },
    {
        "model": 1,
        "sequence": 12,
        "status": 1,
        "fuel": 5692,
        "fault": 0.8028,
        "weapon": 0,
        "pilot_injury": 0.0183,
        "pilot_skill": 0.3611,
        "mission_priority": 0.0194,
        "estimated_landing_time": 1134.0,
        "wait_time": 0,
        "Landing_success_rate": 1.0
    },
    {
        "model": 2,
        "sequence": 9,
        "status": 1,
        "fuel": 6559,
        "fault": 0.2106,
        "weapon": 0,
        "pilot_injury": 0.5428,
        "pilot_skill": 0.7906,
        "mission_priority": 0.2013,
        "estimated_landing_time": 852.0,
        "wait_time": 0,
        "Landing_success_rate": 1.0
    },
    {
        "model": 2,
        "sequence": 24,
        "status": 1,
        "fuel": 5868,
        "fault": 0.0721,
        "weapon": 1,
        "pilot_injury": 0.1602,
        "pilot_skill": 0.7786,
        "mission_priority": 0.2993,
        "estimated_landing_time": 2262.0,
        "wait_time": 0,
        "Landing_success_rate": 1.0
    },
    {
        "model": 2,
        "sequence": 21,
        "status": 1,
        "fuel": 6441,
        "fault": 0.8618,
        "weapon": 0,
        "pilot_injury": 0.4103,
        "pilot_skill": 0.9203,
        "mission_priority": 0.8801,
        "estimated_landing_time": 1980.0,
        "wait_time": 0,
        "Landing_success_rate": 1.0
    },
    {
        "model": 0,
        "sequence": 30,
        "status": 1,
        "fuel": 7153,
        "fault": 0.8673,
        "weapon": 1,
        "pilot_injury": 0.3255,
        "pilot_skill": 0.2676,
        "mission_priority": 0.5445,
        "estimated_landing_time": 2826.0,
        "wait_time": 0,
        "Landing_success_rate": 1.0
    },
    {
        "model": 1,
        "sequence": 19,
        "status": 1,
        "fuel": 6503,
        "fault": 0.4161,
        "weapon": 1,
        "pilot_injury": 0.1901,
        "pilot_skill": 0.4755,
        "mission_priority": 0.069,
        "estimated_landing_time": 1792.0,
        "wait_time": 0,
        "Landing_success_rate": 1.0
    },
    {
        "model": 2,
        "sequence": 14,
        "status": 1,
        "fuel": 6856,
        "fault": 0.8968,
        "weapon": 0,
        "pilot_injury": 0.4964,
        "pilot_skill": 0.3004,
        "mission_priority": 0.9047,
        "estimated_landing_time": 1322.0,
        "wait_time": 0,
        "Landing_success_rate": 1.0
    },
    {
        "model": 1,
        "sequence": 5,
        "status": 1,
        "fuel": 6552,
        "fault": 0.5072,
        "weapon": 1,
        "pilot_injury": 0.3767,
        "pilot_skill": 0.8806,
        "mission_priority": 0.7288,
        "estimated_landing_time": 476.0,
        "wait_time": 0,
        "Landing_success_rate": 1.0
    }
]