[
    {
        "model": 0,
        "sequence": 23,
        "status": 1,
        "fuel": 6464,
        "fault": 0.2208,
        "weapon": 1,
        "pilot_injury": 0.4116,
        "pilot_skill": 0.6194,
        "mission_priority": 0.5048,
        "estimated_landing_time": 2168.0,
        "wait_time": 0,
        "Landing_success_rate": 1.0
    },
    {
        "model": 1,
        "sequence": 14,
        "status": 1,
        "fuel": 6081,
        "fault": 0.0859,
        "weapon": 1,
        "pilot_injury": 0.0126,
        "pilot_skill": 0.2849,
        "mission_priority": 0.1357,
        "estimated_landing_time": 1322.0,
        "wait_time": 0,
        "Landing_success_rate": 1.0
    },
    {
        "model": 0,
        "sequence": 20,
        "status": 1,
        "fuel": 5549,
        "fault": 0.4905,
        "weapon": 0,
        "pilot_injury": 0.6767,
        "pilot_skill": 0.3242,
        "mission_priority": 0.8841,
        "estimated_landing_time": 1886.0,
        "wait_time": 0,
        "Landing_success_rate": 1.0
    },
    {
        "model": 0,
        "sequence": 17,
        "status": 1,
        "fuel": 6406,
        "fault": 0.18,
        "weapon": 1,
        "pilot_injury": 0.1689,
        "pilot_skill": 0.9346,
        "mission_priority": 0.4548,
        "estimated_landing_time": 1604.0,
        "wait_time": 0,
        "Landing_success_rate": 1.0
    },
    {
        "model": 2,
        "sequence": 25,
        "status": 1,
        "fuel": 6782,
        "fault": 0.9529,
        "weapon": 1,
        "pilot_injury": 0.7333,
        "pilot_skill": 0.6947,
        "mission_priority": 0.3757,
        "estimated_landing_time": 2356.0,
        "wait_time": 0,
        "Landing_success_rate": 1.0
    },
    {
        "model": 1,
        "sequence": 4,
        "status": 1,
        "fuel": 6134,
        "fault": 0.9518,
        "weapon": 0,
        "pilot_injury": 0.0732,
        "pilot_skill": 0.7381,
        "mission_priority": 0.9652,
        "estimated_landing_time": 382.0,
        "wait_time": 0,
        "Landing_success_rate": 1.0
    },
    {
        "model": 1,
        "sequence": 2,
        "status": 1,
        "fuel": 7079,
        "fault": 0.7754,
        "weapon": 1,
        "pilot_injury": 0.2699,
        "pilot_skill": 0.929,
        "mission_priority": 0.3033,
        "estimated_landing_time": 194.0,
        "wait_time": 0,
        "Landing_success_rate": 1.0
    },
    {
        "model": 2,
        "sequence": 19,
        "status": 1,
        "fuel": 7315,
        "fault": 0.2319,
        "weapon": 0,
        "pilot_injury": 0.5926,
        "pilot_skill": 0.1811,
        "mission_priority": 0.0344,
        "estimated_landing_time": 1792.0,
        "wait_time": 0,
        "Landing_success_rate": 1.0
    },
    {
        "model": 1,
        "sequence": 22,
        "status": 1,
        "fuel": 5963,
        "fault": 0.2924,
        "weapon": 0,
        "pilot_injury": 0.1958,
        "pilot_skill": 0.5369,
        "mission_priority": 0.671,
        "estimated_landing_time": 2074.0,
        "wait_time": 0,
        "Landing_success_rate": 1.0
    },
    {
        "model": 1,
        "sequence": 26,
        "status": 1,
        "fuel": 6928,
        "fault": 0.1959,
        "weapon": 0,
        "pilot_injury": 0.6612,
        "pilot_skill": 0.8149,
        "mission_priority": 0.3333,
        "estimated_landing_time": 2450.0,
        "wait_time": 0,
        "Landing_success_rate": 1.0
    },
    {
        "model": 0,
        "sequence": 5,
        "status": 1,
        "fuel": 7253,
        "fault": 0.4344,
        "weapon": 0,
        "pilot_injury": 0.6619,
        "pilot_skill": 0.1065,
        "mission_priority": 0.4925,
        "estimated_landing_time": 476.0,
        "wait_time": 0,
        "Landing_success_rate": 1.0
    },
    {
        "model": 2,
        "sequence": 9,
        "status": 1,
        "fuel": 6844,
        "fault": 0.6094,
        "weapon": 1,
        "pilot_injury": 0.0545,
        "pilot_skill": 0.897,
        "mission_priority": 0.6728,
        "estimated_landing_time": 852.0,
        "wait_time": 0,
        "Landing_success_rate": 1.0
    },
    {
        "model": 1,
        "sequence": 11,
        "status": 1,
        "fuel": 5681,
        "fault": 0.3901,
        "weapon": 1,
        "pilot_injury": 0.8519,
        "pilot_skill": 0.873,
        "mission_priority": 0.3568,
        "estimated_landing_time": 1040.0,
        "wait_time": 0,
        "Landing_success_rate": 1.0
    },
    {
        "model": 1,
        "sequence": 3,
        "status": 1,
        "fuel": 5562,
        "fault": 0.5901,
        "weapon": 1,
        "pilot_injury": 0.0422,
        "pilot_skill": 0.9958,
        "mission_priority": 0.3592,
        "estimated_landing_time": 288.0,
        "wait_time": 0,
        "Landing_success_rate": 1.0
    },
    {
        "model": 1,
        "sequence": 29,
        "status": 1,
        "fuel": 6714,
        "fault": 0.7548,
        "weapon": 1,
        "pilot_injury": 0.1435,
        "pilot_skill": 0.5629,
        "mission_priority": 0.6715,
        "estimated_landing_time": 2732.0,
        "wait_time": 0,
        "Landing_success_rate": 1.0
    },
    {
        "model": 0,
        "sequence": 24,
        "status": 1,
        "fuel": 6817,
        "fault": 0.0055,
        "weapon": 1,
        "pilot_injury": 0.1155,
        "pilot_skill": 0.476,
        "mission_priority": 0.357,
        "estimated_landing_time": 2262.0,
        "wait_time": 0,
        "Landing_success_rate": 1.0
    },
    {
        "model": 0,
        "sequence": 21,
        "status": 1,
        "fuel": 7431,
        "fault": 0.1783,
        "weapon": 1,
        "pilot_injury": 0.2983,
        "pilot_skill": 0.9419,
        "mission_priority": 0.9835,
        "estimated_landing_time": 1980.0,
        "wait_time": 0,
        "Landing_success_rate": 1.0
    },
    {
        "model": 2,
        "sequence": 10,
        "status": 1,
        "fuel": 5619,
        "fault": 0.6127,
        "weapon": 0,
        "pilot_injury": 0.5614,
        "pilot_skill": 0.4001,
        "mission_priority": 0.8065,
        "estimated_landing_time": 946.0,
        "wait_time": 0,
        "Landing_success_rate": 1.0
    },
    {
        "model": 2,
        "sequence": 1,
        "status": 1,
        "fuel": 5863,
        "fault": 0.8833,
        "weapon": 1,
        "pilot_injury": 0.4892,
        "pilot_skill": 0.1576,
        "mission_priority": 0.6927,
        "estimated_landing_time": 100.0,
        "wait_time": 0,
        "Landing_success_rate": 1.0
    },
    {
        "model": 0,
        "sequence": 16,
        "status": 1,
        "fuel": 6748,
        "fault": 0.6383,
        "weapon": 1,
        "pilot_injury": 0.4403,
        "pilot_skill": 0.8784,
        "mission_priority": 0.1377,
        "estimated_landing_time": 1510.0,
        "wait_time": 0,
        "Landing_success_rate": 1.0
    },
    {
        "model": 2,
        "sequence": 15,
        "status": 1,
        "fuel": 6708,
        "fault": 0.2417,
        "weapon": 0,
        "pilot_injury": 0.0613,
        "pilot_skill": 0.0957,
        "mission_priority": 0.3974,
        "estimated_landing_time": 1416.0,
        "wait_time": 0,
        "Landing_success_rate": 1.0
    },
    {
        "model": 2,
        "sequence": 18,
        "status": 1,
        "fuel": 5581,
        "fault": 0.238,
        "weapon": 1,
        "pilot_injury": 0.466,
        "pilot_skill": 0.1422,
        "mission_priority": 0.1781,
        "estimated_landing_time": 1698.0,
        "wait_time": 0,
        "Landing_success_rate": 1.0
    },
    {
        "model": 2,
        "sequence": 12,
        "status": 1,
        "fuel": 6450,
        "fault": 0.665,
        "weapon": 0,
        "pilot_injury": 0.083,
        "pilot_skill": 0.6738,
        "mission_priority": 0.5814,
        "estimated_landing_time": 1134.0,
        "wait_time": 0,
        "Landing_success_rate": 1.0
    },
    {
        "model": 0,
        "sequence": 8,
        "status": 1,
        "fuel": 6693,
        "fault": 0.0296,
        "weapon": 0,
        "pilot_injury": 0.7759,
        "pilot_skill": 0.491,
        "mission_priority": 0.0965,
        "estimated_landing_time": 758.0,
        "wait_time": 0,
        "Landing_success_rate": 1.0
    },
    {
        "model": 0,
        "sequence": 6,
        "status": 1,
        "fuel": 7442,
        "fault": 0.1191,
        "weapon": 0,
        "pilot_injury": 0.2471,
        "pilot_skill": 0.6105,
        "mission_priority": 0.405,
        "estimated_landing_time": 570.0,
        "wait_time": 0,
        "Landing_success_rate": 1.0
    },
    {
        "model": 1,
        "sequence": 28,
        "status": 1,
        "fuel": 7075,
        "fault": 0.131,
        "weapon": 0,
        "pilot_injury": 0.4855,
        "pilot_skill": 0.7359,
        "mission_priority": 0.6137,
        "estimated_landing_time": 2638.0,
        "wait_time": 0,
        "Landing_success_rate": 1.0
    },
    {
        "model": 1,
        "sequence": 30,
        "status": 1,
        "fuel": 7447,
        "fault": 0.5663,
        "weapon": 0,
        "pilot_injury": 0.305,
        "pilot_skill": 0.4302,
        "mission_priority": 0.2752,
        "estimated_landing_time": 2826.0,
        "wait_time": 0,
        "Landing_success_rate": 1.0
    },
    {
        "model": 1,
        "sequence": 7,
        "status": 1,
        "fuel": 6231,
        "fault": 0.0333,
        "weapon": 0,
        "pilot_injury": 0.7041,
        "pilot_skill": 0.7732,
        "mission_priority": 0.1243,
        "estimated_landing_time": 664.0,
        "wait_time": 0,
        "Landing_success_rate": 1.0
    },
    {
        "model": 1,
        "sequence": 13,
        "status": 1,
        "fuel": 6758,
        "fault": 0.3524,
        "weapon": 1,
        "pilot_injury": 0.1928,
        "pilot_skill": 0.9093,
        "mission_priority": 0.606,
        "estimated_landing_time": 1228.0,
        "wait_time": 0,
        "Landing_success_rate": 1.0
    },
    {
        "model": 2,
        "sequence": 27,
        "status": 1,
        "fuel": 5947,
        "fault": 0.4665,
        "weapon": 1,
        "pilot_injury": 0.7483,
        "pilot_skill": 0.4783,
        "mission_priority": 0.7212,
        "estimated_landing_time": 2544.0,
        "wait_time": 0,
        "Landing_success_rate": 1.0
    }
]