[
    {
        "model": 2,
        "sequence": 9,
        "status": 1,
        "fuel": 6312,
        "fault": 0.4751,
        "weapon": 1,
        "pilot_injury": 0.6677,
        "pilot_skill": 0.2265,
        "mission_priority": 0.1631,
        "estimated_landing_time": 852.0,
        "wait_time": 0,
        "Landing_success_rate": 1.0
    },
    {
        "model": 0,
        "sequence": 1,
        "status": 1,
        "fuel": 5873,
        "fault": 0.0732,
        "weapon": 0,
        "pilot_injury": 0.7676,
        "pilot_skill": 0.9632,
        "mission_priority": 0.605,
        "estimated_landing_time": 100.0,
        "wait_time": 0,
        "Landing_success_rate": 1.0
    },
    {
        "model": 1,
        "sequence": 6,
        "status": 1,
        "fuel": 6604,
        "fault": 0.1695,
        "weapon": 0,
        "pilot_injury": 0.9089,
        "pilot_skill": 0.1616,
        "mission_priority": 0.8156,
        "estimated_landing_time": 570.0,
        "wait_time": 0,
        "Landing_success_rate": 1.0
    },
    {
        "model": 1,
        "sequence": 2,
        "status": 1,
        "fuel": 7247,
        "fault": 0.3975,
        "weapon": 1,
        "pilot_injury": 0.5176,
        "pilot_skill": 0.3183,
        "mission_priority": 0.0435,
        "estimated_landing_time": 194.0,
        "wait_time": 0,
        "Landing_success_rate": 1.0
    },
    {
        "model": 2,
        "sequence": 7,
        "status": 1,
        "fuel": 6097,
        "fault": 0.4613,
        "weapon": 1,
        "pilot_injury": 0.9018,
        "pilot_skill": 0.9991,
        "mission_priority": 0.392,
        "estimated_landing_time": 664.0,
        "wait_time": 0,
        "Landing_success_rate": 1.0
    },
    {
        "model": 1,
        "sequence": 3,
        "status": 1,
        "fuel": 6060,
        "fault": 0.2342,
        "weapon": 1,
        "pilot_injury": 0.5152,
        "pilot_skill": 0.6061,
        "mission_priority": 0.4724,
        "estimated_landing_time": 288.0,
        "wait_time": 0,
        "Landing_success_rate": 1.0
    },
    {
        "model": 0,
        "sequence": 17,
        "status": 1,
        "fuel": 6174,
        "fault": 0.596,
        "weapon": 1,
        "pilot_injury": 0.4419,
        "pilot_skill": 0.0852,
        "mission_priority": 0.865,
        "estimated_landing_time": 1604.0,
        "wait_time": 0,
        "Landing_success_rate": 1.0
    },
    {
        "model": 2,
        "sequence": 21,
        "status": 1,
        "fuel": 5766,
        "fault": 0.3806,
        "weapon": 0,
        "pilot_injury": 0.2697,
        "pilot_skill": 0.8828,
        "mission_priority": 0.7599,
        "estimated_landing_time": 1980.0,
        "wait_time": 0,
        "Landing_success_rate": 1.0
    },
    {
        "model": 2,
        "sequence": 20,
        "status": 1,
        "fuel": 6226,
        "fault": 0.5315,
        "weapon": 1,
        "pilot_injury": 0.129,
        "pilot_skill": 0.1605,
        "mission_priority": 0.5337,
        "estimated_landing_time": 1886.0,
        "wait_time": 0,
        "Landing_success_rate": 1.0
    },
    {
        "model": 1,
        "sequence": 14,
        "status": 1,
        "fuel": 6629,
        "fault": 0.5574,
        "weapon": 1,
        "pilot_injury": 0.4995,
        "pilot_skill": 0.2288,
        "mission_priority": 0.7983,
        "estimated_landing_time": 1322.0,
        "wait_time": 0,
        "Landing_success_rate": 1.0
    },
    {
        "model": 1,
        "sequence": 24,
        "status": 1,
        "fuel": 7276,
        "fault": 0.5369,
        "weapon": 1,
        "pilot_injury": 0.2329,
        "pilot_skill": 0.4396,
        "mission_priority": 0.5631,
        "estimated_landing_time": 2262.0,
        "wait_time": 0,
        "Landing_success_rate": 1.0
    },
    {
        "model": 1,
        "sequence": 19,
        "status": 1,
        "fuel": 6203,
        "fault": 0.8773,
        "weapon": 0,
        "pilot_injury": 0.6372,
        "pilot_skill": 0.2574,
        "mission_priority": 0.7833,
        "estimated_landing_time": 1792.0,
        "wait_time": 0,
        "Landing_success_rate": 1.0
    },
    {
        "model": 1,
        "sequence": 5,
        "status": 1,
        "fuel": 6672,
        "fault": 0.3173,
        "weapon": 1,
        "pilot_injury": 0.0058,
        "pilot_skill": 0.5698,
        "mission_priority": 0.0884,
        "estimated_landing_time": 476.0,
        "wait_time": 0,
        "Landing_success_rate": 1.0
    },
    {
        "model": 2,
        "sequence": 26,
        "status": 1,
        "fuel": 5840,
        "fault": 0.8749,
        "weapon": 1,
        "pilot_injury": 0.6896,
        "pilot_skill": 0.7856,
        "mission_priority": 0.5933,
        "estimated_landing_time": 2450.0,
        "wait_time": 0,
        "Landing_success_rate": 1.0
    },
    {
        "model": 2,
        "sequence": 12,
        "status": 1,
        "fuel": 7294,
        "fault": 0.332,
        "weapon": 1,
        "pilot_injury": 0.8111,
        "pilot_skill": 0.1601,
        "mission_priority": 0.8265,
        "estimated_landing_time": 1134.0,
        "wait_time": 0,
        "Landing_success_rate": 1.0
    },
    {
        "model": 1,
        "sequence": 10,
        "status": 1,
        "fuel": 6320,
        "fault": 0.0772,
        "weapon": 1,
        "pilot_injury": 0.2818,
        "pilot_skill": 0.6066,
        "mission_priority": 0.3425,
        "estimated_landing_time": 946.0,
        "wait_time": 0,
        "Landing_success_rate": 1.0
    },
    {
        "model": 2,
        "sequence": 27,
        "status": 1,
        "fuel": 6514,
        "fault": 0.5392,
        "weapon": 0,
        "pilot_injury": 0.9295,
        "pilot_skill": 0.6179,
        "mission_priority": 0.214,
        "estimated_landing_time": 2544.0,
        "wait_time": 0,
        "Landing_success_rate": 1.0
    },
    {
        "model": 0,
        "sequence": 11,
        "status": 1,
        "fuel": 6752,
        "fault": 0.7503,
        "weapon": 1,
        "pilot_injury": 0.2724,
        "pilot_skill": 0.3918,
        "mission_priority": 0.012,
        "estimated_landing_time": 1040.0,
        "wait_time": 0,
        "Landing_success_rate": 1.0
    },
    {
        "model": 2,
        "sequence": 4,
        "status": 1,
        "fuel": 6062,
        "fault": 0.5193,
        "weapon": 1,
        "pilot_injury": 0.7735,
        "pilot_skill": 0.2579,
        "mission_priority": 0.7466,
        "estimated_landing_time": 382.0,
        "wait_time": 0,
        "Landing_success_rate": 1.0
    },
    {
        "model": 0,
        "sequence": 25,
        "status": 1,
        "fuel": 7046,
        "fault": 0.2044,
        "weapon": 0,
        "pilot_injury": 0.9707,
        "pilot_skill": 0.4938,
        "mission_priority": 0.6575,
        "estimated_landing_time": 2356.0,
        "wait_time": 0,
        "Landing_success_rate": 1.0
    },
    {
        "model": 0,
        "sequence": 16,
        "status": 1,
        "fuel": 7360,
        "fault": 0.0843,
        "weapon": 0,
        "pilot_injury": 0.8887,
        "pilot_skill": 0.759,
        "mission_priority": 0.5368,
        "estimated_landing_time": 1510.0,
        "wait_time": 0,
        "Landing_success_rate": 1.0
    },
    {
        "model": 0,
        "sequence": 13,
        "status": 1,
        "fuel": 6981,
        "fault": 0.7259,
        "weapon": 1,
        "pilot_injury": 0.5665,
        "pilot_skill": 0.3822,
        "mission_priority": 0.62,
        "estimated_landing_time": 1228.0,
        "wait_time": 0,
        "Landing_success_rate": 1.0
    },
    {
        "model": 1,
        "sequence": 23,
        "status": 1,
        "fuel": 6922,
        "fault": 0.7087,
        "weapon": 1,
        "pilot_injury": 0.9663,
        "pilot_skill": 0.1113,
        "mission_priority": 0.1053,
        "estimated_landing_time": 2168.0,
        "wait_time": 0,
        "Landing_success_rate": 1.0
    },
    {
        "model": 2,
        "sequence": 18,
        "status": 1,
        "fuel": 6065,
        "fault": 0.7173,
        "weapon": 1,
        "pilot_injury": 0.3982,
        "pilot_skill": 0.0945,
        "mission_priority": 0.5491,
        "estimated_landing_time": 1698.0,
        "wait_time": 0,
        "Landing_success_rate": 1.0
    },
    {
        "model": 0,
        "sequence": 29,
        "status": 1,
        "fuel": 7460,
        "fault": 0.9687,
        "weapon": 1,
        "pilot_injury": 0.976,
        "pilot_skill": 0.6194,
        "mission_priority": 0.1117,
        "estimated_landing_time": 2732.0,
        "wait_time": 0,
        "Landing_success_rate": 1.0
    },
    {
        "model": 1,
        "sequence": 15,
        "status": 1,
        "fuel": 7130,
        "fault": 0.8014,
        "weapon": 0,
        "pilot_injury": 0.6503,
        "pilot_skill": 0.1619,
        "mission_priority": 0.2534,
        "estimated_landing_time": 1416.0,
        "wait_time": 0,
        "Landing_success_rate": 1.0
    },
    {
        "model": 2,
        "sequence": 8,
        "status": 1,
        "fuel": 5763,
        "fault": 0.2362,
        "weapon": 1,
        "pilot_injury": 0.585,
        "pilot_skill": 0.21,
        "mission_priority": 0.6291,
        "estimated_landing_time": 758.0,
        "wait_time": 0,
        "Landing_success_rate": 1.0
    },
    {
        "model": 2,
        "sequence": 30,
        "status": 1,
        "fuel": 6134,
        "fault": 0.2074,
        "weapon": 0,
        "pilot_injury": 0.7367,
        "pilot_skill": 0.5764,
        "mission_priority": 0.6733,
        "estimated_landing_time": 2826.0,
        "wait_time": 0,
        "Landing_success_rate": 1.0
    },
    {
        "model": 1,
        "sequence": 28,
        "status": 1,
        "fuel": 6465,
        "fault": 0.3254,
        "weapon": 1,
        "pilot_injury": 0.8822,
        "pilot_skill": 0.5326,
        "mission_priority": 0.5943,
        "estimated_landing_time": 2638.0,
        "wait_time": 0,
        "Landing_success_rate": 1.0
    },
    {
        "model": 2,
        "sequence": 22,
        "status": 1,
        "fuel": 7322,
        "fault": 0.8765,
        "weapon": 0,
        "pilot_injury": 0.5863,
        "pilot_skill": 0.034,
        "mission_priority": 0.3961,
        "estimated_landing_time": 2074.0,
        "wait_time": 0,
        "Landing_success_rate": 1.0
    }
]