[
    {
        "model": 0,
        "sequence": 2,
        "status": 1,
        "fuel": 5987,
        "fault": 0.4711,
        "weapon": 1,
        "pilot_injury": 0.0321,
        "pilot_skill": 0.4695,
        "mission_priority": 0.5641,
        "estimated_landing_time": 194.0,
        "wait_time": 0,
        "Landing_success_rate": 1.0
    },
    {
        "model": 2,
        "sequence": 10,
        "status": 1,
        "fuel": 6341,
        "fault": 0.6898,
        "weapon": 1,
        "pilot_injury": 0.2954,
        "pilot_skill": 0.4525,
        "mission_priority": 0.5356,
        "estimated_landing_time": 946.0,
        "wait_time": 0,
        "Landing_success_rate": 1.0
    },
    {
        "model": 1,
        "sequence": 6,
        "status": 1,
        "fuel": 5996,
        "fault": 0.621,
        "weapon": 0,
        "pilot_injury": 0.5553,
        "pilot_skill": 0.5306,
        "mission_priority": 0.0689,
        "estimated_landing_time": 570.0,
        "wait_time": 0,
        "Landing_success_rate": 1.0
    },
    {
        "model": 1,
        "sequence": 1,
        "status": 1,
        "fuel": 5700,
        "fault": 0.3974,
        "weapon": 1,
        "pilot_injury": 0.1038,
        "pilot_skill": 0.1786,
        "mission_priority": 0.8236,
        "estimated_landing_time": 100.0,
        "wait_time": 0,
        "Landing_success_rate": 1.0
    },
    {
        "model": 1,
        "sequence": 24,
        "status": 1,
        "fuel": 6458,
        "fault": 0.0429,
        "weapon": 0,
        "pilot_injury": 0.1953,
        "pilot_skill": 0.1623,
        "mission_priority": 0.2057,
        "estimated_landing_time": 2262.0,
        "wait_time": 0,
        "Landing_success_rate": 1.0
    },
    {
        "model": 0,
        "sequence": 15,
        "status": 1,
        "fuel": 6955,
        "fault": 0.8684,
        "weapon": 1,
        "pilot_injury": 0.0967,
        "pilot_skill": 0.8014,
        "mission_priority": 0.5398,
        "estimated_landing_time": 1416.0,
        "wait_time": 0,
        "Landing_success_rate": 1.0
    },
    {
        "model": 2,
        "sequence": 19,
        "status": 1,
        "fuel": 7430,
        "fault": 0.8494,
        "weapon": 1,
        "pilot_injury": 0.0684,
        "pilot_skill": 0.5804,
        "mission_priority": 0.3403,
        "estimated_landing_time": 1792.0,
        "wait_time": 0,
        "Landing_success_rate": 1.0
    },
    {
        "model": 0,
        "sequence": 14,
        "status": 1,
        "fuel": 5647,
        "fault": 0.0301,
        "weapon": 1,
        "pilot_injury": 0.3457,
        "pilot_skill": 0.8064,
        "mission_priority": 0.1738,
        "estimated_landing_time": 1322.0,
        "wait_time": 0,
        "Landing_success_rate": 1.0
    },
    {
        "model": 1,
        "sequence": 22,
        "status": 1,
        "fuel": 6597,
        "fault": 0.6517,
        "weapon": 0,
        "pilot_injury": 0.5587,
        "pilot_skill": 0.0902,
        "mission_priority": 0.2845,
        "estimated_landing_time": 2074.0,
        "wait_time": 0,
        "Landing_success_rate": 1.0
    },
    {
        "model": 2,
        "sequence": 4,
        "status": 1,
        "fuel": 5757,
        "fault": 0.169,
        "weapon": 0,
        "pilot_injury": 0.3156,
        "pilot_skill": 0.0371,
        "mission_priority": 0.6515,
        "estimated_landing_time": 382.0,
        "wait_time": 0,
        "Landing_success_rate": 1.0
    },
    {
        "model": 2,
        "sequence": 5,
        "status": 1,
        "fuel": 7127,
        "fault": 0.7636,
        "weapon": 1,
        "pilot_injury": 0.3611,
        "pilot_skill": 0.6679,
        "mission_priority": 0.5715,
        "estimated_landing_time": 476.0,
        "wait_time": 0,
        "Landing_success_rate": 1.0
    },
    {
        "model": 0,
        "sequence": 12,
        "status": 1,
        "fuel": 5689,
        "fault": 0.6094,
        "weapon": 1,
        "pilot_injury": 0.6341,
        "pilot_skill": 0.2217,
        "mission_priority": 0.4156,
        "estimated_landing_time": 1134.0,
        "wait_time": 0,
        "Landing_success_rate": 1.0
    },
    {
        "model": 0,
        "sequence": 28,
        "status": 1,
        "fuel": 7205,
        "fault": 0.0942,
        "weapon": 0,
        "pilot_injury": 0.3133,
        "pilot_skill": 0.4861,
        "mission_priority": 0.5998,
        "estimated_landing_time": 2638.0,
        "wait_time": 0,
        "Landing_success_rate": 1.0
    },
    {
        "model": 1,
        "sequence": 23,
        "status": 1,
        "fuel": 5773,
        "fault": 0.6868,
        "weapon": 0,
        "pilot_injury": 0.1524,
        "pilot_skill": 0.8694,
        "mission_priority": 0.9418,
        "estimated_landing_time": 2168.0,
        "wait_time": 0,
        "Landing_success_rate": 1.0
    },
    {
        "model": 1,
        "sequence": 26,
        "status": 1,
        "fuel": 5969,
        "fault": 0.6125,
        "weapon": 0,
        "pilot_injury": 0.4854,
        "pilot_skill": 0.1094,
        "mission_priority": 0.8832,
        "estimated_landing_time": 2450.0,
        "wait_time": 0,
        "Landing_success_rate": 1.0
    },
    {
        "model": 1,
        "sequence": 25,
        "status": 1,
        "fuel": 6345,
        "fault": 0.1246,
        "weapon": 1,
        "pilot_injury": 0.8867,
        "pilot_skill": 0.6379,
        "mission_priority": 0.9533,
        "estimated_landing_time": 2356.0,
        "wait_time": 0,
        "Landing_success_rate": 1.0
    },
    {
        "model": 1,
        "sequence": 27,
        "status": 1,
        "fuel": 6070,
        "fault": 0.684,
        "weapon": 1,
        "pilot_injury": 0.1202,
        "pilot_skill": 0.5469,
        "mission_priority": 0.9559,
        "estimated_landing_time": 2544.0,
        "wait_time": 0,
        "Landing_success_rate": 1.0
    },
    {
        "model": 2,
        "sequence": 30,
        "status": 1,
        "fuel": 5596,
        "fault": 0.6593,
        "weapon": 0,
        "pilot_injury": 0.1738,
        "pilot_skill": 0.1631,
        "mission_priority": 0.7639,
        "estimated_landing_time": 2826.0,
        "wait_time": 0,
        "Landing_success_rate": 1.0
    },
    {
        "model": 1,
        "sequence": 9,
        "status": 1,
        "fuel": 6081,
        "fault": 0.3536,
        "weapon": 1,
        "pilot_injury": 0.4658,
        "pilot_skill": 0.7251,
        "mission_priority": 0.8581,
        "estimated_landing_time": 852.0,
        "wait_time": 0,
        "Landing_success_rate": 1.0
    },
    {
        "model": 1,
        "sequence": 13,
        "status": 1,
        "fuel": 5808,
        "fault": 0.3373,
        "weapon": 1,
        "pilot_injury": 0.6702,
        "pilot_skill": 0.9147,
        "mission_priority": 0.3482,
        "estimated_landing_time": 1228.0,
        "wait_time": 0,
        "Landing_success_rate": 1.0
    },
    {
        "model": 1,
        "sequence": 16,
        "status": 1,
        "fuel": 6148,
        "fault": 0.9756,
        "weapon": 1,
        "pilot_injury": 0.2545,
        "pilot_skill": 0.1349,
        "mission_priority": 0.5968,
        "estimated_landing_time": 1510.0,
        "wait_time": 0,
        "Landing_success_rate": 1.0
    },
    {
        "model": 0,
        "sequence": 18,
        "status": 1,
        "fuel": 7432,
        "fault": 0.8989,
        "weapon": 1,
        "pilot_injury": 0.083,
        "pilot_skill": 0.1155,
        "mission_priority": 0.5361,
        "estimated_landing_time": 1698.0,
        "wait_time": 0,
        "Landing_success_rate": 1.0
    },
    {
        "model": 0,
        "sequence": 20,
        "status": 1,
        "fuel": 5819,
        "fault": 0.1693,
        "weapon": 0,
        "pilot_injury": 0.8271,
        "pilot_skill": 0.187,
        "mission_priority": 0.3607,
        "estimated_landing_time": 1886.0,
        "wait_time": 0,
        "Landing_success_rate": 1.0
    },
    {
        "model": 0,
        "sequence": 11,
        "status": 1,
        "fuel": 6517,
        "fault": 0.0664,
        "weapon": 0,
        "pilot_injury": 0.4186,
        "pilot_skill": 0.3986,
        "mission_priority": 0.5795,
        "estimated_landing_time": 1040.0,
        "wait_time": 0,
        "Landing_success_rate": 1.0
    },
    {
        "model": 1,
        "sequence": 29,
        "status": 1,
        "fuel": 6366,
        "fault": 0.1314,
        "weapon": 1,
        "pilot_injury": 0.2487,
        "pilot_skill": 0.8232,
        "mission_priority": 0.2724,
        "estimated_landing_time": 2732.0,
        "wait_time": 0,
        "Landing_success_rate": 1.0
    },
    {
        "model": 2,
        "sequence": 21,
        "status": 1,
        "fuel": 5971,
        "fault": 0.5856,
        "weapon": 1,
        "pilot_injury": 0.8788,
        "pilot_skill": 0.3974,
        "mission_priority": 0.2461,
        "estimated_landing_time": 1980.0,
        "wait_time": 0,
        "Landing_success_rate": 1.0
    },
    {
        "model": 1,
        "sequence": 17,
        "status": 1,
        "fuel": 6947,
        "fault": 0.6339,
        "weapon": 0,
        "pilot_injury": 0.3088,
        "pilot_skill": 0.3386,
        "mission_priority": 0.197,
        "estimated_landing_time": 1604.0,
        "wait_time": 0,
        "Landing_success_rate": 1.0
    },
    {
        "model": 0,
        "sequence": 3,
        "status": 1,
        "fuel": 5624,
        "fault": 0.5358,
        "weapon": 0,
        "pilot_injury": 0.2474,
        "pilot_skill": 0.9439,
        "mission_priority": 0.9009,
        "estimated_landing_time": 288.0,
        "wait_time": 0,
        "Landing_success_rate": 1.0
    },
    {
        "model": 0,
        "sequence": 8,
        "status": 1,
        "fuel": 7475,
        "fault": 0.2149,
        "weapon": 0,
        "pilot_injury": 0.2498,
        "pilot_skill": 0.0845,
        "mission_priority": 0.8204,
        "estimated_landing_time": 758.0,
        "wait_time": 0,
        "Landing_success_rate": 1.0
    },
    {
        "model": 1,
        "sequence": 7,
        "status": 1,
        "fuel": 6990,
        "fault": 0.9618,
        "weapon": 0,
        "pilot_injury": 0.0901,
        "pilot_skill": 0.2064,
        "mission_priority": 0.7711,
        "estimated_landing_time": 664.0,
        "wait_time": 0,
        "Landing_success_rate": 1.0
    }
]