[
    {
        "model": 1,
        "sequence": 3,
        "status": 1,
        "fuel": 6984,
        "fault": 0.5828,
        "weapon": 0,
        "pilot_injury": 0.6374,
        "pilot_skill": 0.6158,
        "mission_priority": 0.3581,
        "estimated_landing_time": 288.0,
        "wait_time": 0,
        "Landing_success_rate": 1.0
    },
    {
        "model": 2,
        "sequence": 20,
        "status": 1,
        "fuel": 7096,
        "fault": 0.0433,
        "weapon": 0,
        "pilot_injury": 0.9995,
        "pilot_skill": 0.5801,
        "mission_priority": 0.0921,
        "estimated_landing_time": 1886.0,
        "wait_time": 0,
        "Landing_success_rate": 1.0
    },
    {
        "model": 0,
        "sequence": 27,
        "status": 1,
        "fuel": 6866,
        "fault": 0.7849,
        "weapon": 0,
        "pilot_injury": 0.2887,
        "pilot_skill": 0.446,
        "mission_priority": 0.5343,
        "estimated_landing_time": 2544.0,
        "wait_time": 0,
        "Landing_success_rate": 1.0
    },
    {
        "model": 0,
        "sequence": 11,
        "status": 1,
        "fuel": 7079,
        "fault": 0.5874,
        "weapon": 1,
        "pilot_injury": 0.0981,
        "pilot_skill": 0.5381,
        "mission_priority": 0.8171,
        "estimated_landing_time": 1040.0,
        "wait_time": 0,
        "Landing_success_rate": 1.0
    },
    {
        "model": 0,
        "sequence": 29,
        "status": 1,
        "fuel": 7364,
        "fault": 0.6508,
        "weapon": 1,
        "pilot_injury": 0.8786,
        "pilot_skill": 0.6625,
        "mission_priority": 0.3277,
        "estimated_landing_time": 2732.0,
        "wait_time": 0,
        "Landing_success_rate": 1.0
    },
    {
        "model": 2,
        "sequence": 6,
        "status": 1,
        "fuel": 7128,
        "fault": 0.5453,
        "weapon": 1,
        "pilot_injury": 0.7158,
        "pilot_skill": 0.3637,
        "mission_priority": 0.7919,
        "estimated_landing_time": 570.0,
        "wait_time": 0,
        "Landing_success_rate": 1.0
    },
    {
        "model": 2,
        "sequence": 16,
        "status": 1,
        "fuel": 6692,
        "fault": 0.2976,
        "weapon": 0,
        "pilot_injury": 0.515,
        "pilot_skill": 0.9971,
        "mission_priority": 0.8043,
        "estimated_landing_time": 1510.0,
        "wait_time": 0,
        "Landing_success_rate": 1.0
    },
    {
        "model": 1,
        "sequence": 24,
        "status": 1,
        "fuel": 6084,
        "fault": 0.4158,
        "weapon": 0,
        "pilot_injury": 0.312,
        "pilot_skill": 0.8559,
        "mission_priority": 0.5677,
        "estimated_landing_time": 2262.0,
        "wait_time": 0,
        "Landing_success_rate": 1.0
    },
    {
        "model": 0,
        "sequence": 12,
        "status": 1,
        "fuel": 6009,
        "fault": 0.8243,
        "weapon": 1,
        "pilot_injury": 0.754,
        "pilot_skill": 0.8677,
        "mission_priority": 0.3914,
        "estimated_landing_time": 1134.0,
        "wait_time": 0,
        "Landing_success_rate": 1.0
    },
    {
        "model": 0,
        "sequence": 25,
        "status": 1,
        "fuel": 6427,
        "fault": 0.8425,
        "weapon": 1,
        "pilot_injury": 0.9149,
        "pilot_skill": 0.6875,
        "mission_priority": 0.7372,
        "estimated_landing_time": 2356.0,
        "wait_time": 0,
        "Landing_success_rate": 1.0
    },
    {
        "model": 0,
        "sequence": 10,
        "status": 1,
        "fuel": 6862,
        "fault": 0.751,
        "weapon": 0,
        "pilot_injury": 0.6463,
        "pilot_skill": 0.1784,
        "mission_priority": 0.9687,
        "estimated_landing_time": 946.0,
        "wait_time": 0,
        "Landing_success_rate": 1.0
    },
    {
        "model": 0,
        "sequence": 2,
        "status": 1,
        "fuel": 6473,
        "fault": 0.793,
        "weapon": 0,
        "pilot_injury": 0.3692,
        "pilot_skill": 0.0917,
        "mission_priority": 0.625,
        "estimated_landing_time": 194.0,
        "wait_time": 0,
        "Landing_success_rate": 1.0
    },
    {
        "model": 2,
        "sequence": 13,
        "status": 1,
        "fuel": 6138,
        "fault": 0.8414,
        "weapon": 1,
        "pilot_injury": 0.3942,
        "pilot_skill": 0.4586,
        "mission_priority": 0.6464,
        "estimated_landing_time": 1228.0,
        "wait_time": 0,
        "Landing_success_rate": 1.0
    },
    {
        "model": 1,
        "sequence": 18,
        "status": 1,
        "fuel": 6660,
        "fault": 0.6281,
        "weapon": 1,
        "pilot_injury": 0.9663,
        "pilot_skill": 0.6223,
        "mission_priority": 0.0056,
        "estimated_landing_time": 1698.0,
        "wait_time": 0,
        "Landing_success_rate": 1.0
    },
    {
        "model": 2,
        "sequence": 28,
        "status": 1,
        "fuel": 7439,
        "fault": 0.7223,
        "weapon": 0,
        "pilot_injury": 0.8092,
        "pilot_skill": 0.3051,
        "mission_priority": 0.3312,
        "estimated_landing_time": 2638.0,
        "wait_time": 0,
        "Landing_success_rate": 1.0
    },
    {
        "model": 1,
        "sequence": 9,
        "status": 1,
        "fuel": 7193,
        "fault": 0.9801,
        "weapon": 1,
        "pilot_injury": 0.717,
        "pilot_skill": 0.6348,
        "mission_priority": 0.0814,
        "estimated_landing_time": 852.0,
        "wait_time": 0,
        "Landing_success_rate": 1.0
    },
    {
        "model": 0,
        "sequence": 17,
        "status": 1,
        "fuel": 6560,
        "fault": 0.6151,
        "weapon": 1,
        "pilot_injury": 0.7438,
        "pilot_skill": 0.8329,
        "mission_priority": 0.0146,
        "estimated_landing_time": 1604.0,
        "wait_time": 0,
        "Landing_success_rate": 1.0
    },
    {
        "model": 0,
        "sequence": 1,
        "status": 1,
        "fuel": 5908,
        "fault": 0.1742,
        "weapon": 0,
        "pilot_injury": 0.9111,
        "pilot_skill": 0.5014,
        "mission_priority": 0.2697,
        "estimated_landing_time": 100.0,
        "wait_time": 0,
        "Landing_success_rate": 1.0
    },
    {
        "model": 0,
        "sequence": 4,
        "status": 1,
        "fuel": 7439,
        "fault": 0.4364,
        "weapon": 0,
        "pilot_injury": 0.9145,
        "pilot_skill": 0.8784,
        "mission_priority": 0.3769,
        "estimated_landing_time": 382.0,
        "wait_time": 0,
        "Landing_success_rate": 1.0
    },
    {
        "model": 0,
        "sequence": 22,
        "status": 1,
        "fuel": 7241,
        "fault": 0.2833,
        "weapon": 1,
        "pilot_injury": 0.6562,
        "pilot_skill": 0.2608,
        "mission_priority": 0.0229,
        "estimated_landing_time": 2074.0,
        "wait_time": 0,
        "Landing_success_rate": 1.0
    },
    {
        "model": 0,
        "sequence": 21,
        "status": 1,
        "fuel": 7092,
        "fault": 0.918,
        "weapon": 0,
        "pilot_injury": 0.282,
        "pilot_skill": 0.7645,
        "mission_priority": 0.1067,
        "estimated_landing_time": 1980.0,
        "wait_time": 0,
        "Landing_success_rate": 1.0
    },
    {
        "model": 2,
        "sequence": 30,
        "status": 1,
        "fuel": 5576,
        "fault": 0.093,
        "weapon": 0,
        "pilot_injury": 0.9088,
        "pilot_skill": 0.7396,
        "mission_priority": 0.107,
        "estimated_landing_time": 2826.0,
        "wait_time": 0,
        "Landing_success_rate": 1.0
    },
    {
        "model": 1,
        "sequence": 5,
        "status": 1,
        "fuel": 5673,
        "fault": 0.3807,
        "weapon": 0,
        "pilot_injury": 0.9877,
        "pilot_skill": 0.333,
        "mission_priority": 0.5853,
        "estimated_landing_time": 476.0,
        "wait_time": 0,
        "Landing_success_rate": 1.0
    },
    {
        "model": 2,
        "sequence": 26,
        "status": 1,
        "fuel": 6925,
        "fault": 0.9596,
        "weapon": 0,
        "pilot_injury": 0.7555,
        "pilot_skill": 0.6745,
        "mission_priority": 0.466,
        "estimated_landing_time": 2450.0,
        "wait_time": 0,
        "Landing_success_rate": 1.0
    },
    {
        "model": 0,
        "sequence": 7,
        "status": 1,
        "fuel": 5722,
        "fault": 0.4829,
        "weapon": 0,
        "pilot_injury": 0.8839,
        "pilot_skill": 0.5438,
        "mission_priority": 0.0401,
        "estimated_landing_time": 664.0,
        "wait_time": 0,
        "Landing_success_rate": 1.0
    },
    {
        "model": 1,
        "sequence": 14,
        "status": 1,
        "fuel": 6699,
        "fault": 0.2884,
        "weapon": 1,
        "pilot_injury": 0.8686,
        "pilot_skill": 0.8569,
        "mission_priority": 0.8158,
        "estimated_landing_time": 1322.0,
        "wait_time": 0,
        "Landing_success_rate": 1.0
    },
    {
        "model": 1,
        "sequence": 23,
        "status": 1,
        "fuel": 6459,
        "fault": 0.7422,
        "weapon": 0,
        "pilot_injury": 0.8755,
        "pilot_skill": 0.899,
        "mission_priority": 0.4581,
        "estimated_landing_time": 2168.0,
        "wait_time": 0,
        "Landing_success_rate": 1.0
    },
    {
        "model": 0,
        "sequence": 19,
        "status": 1,
        "fuel": 7259,
        "fault": 0.0143,
        "weapon": 0,
        "pilot_injury": 0.9684,
        "pilot_skill": 0.2131,
        "mission_priority": 0.1909,
        "estimated_landing_time": 1792.0,
        "wait_time": 0,
        "Landing_success_rate": 1.0
    },
    {
        "model": 1,
        "sequence": 8,
        "status": 1,
        "fuel": 5669,
        "fault": 0.1972,
        "weapon": 0,
        "pilot_injury": 0.9388,
        "pilot_skill": 0.0109,
        "mission_priority": 0.0058,
        "estimated_landing_time": 758.0,
        "wait_time": 0,
        "Landing_success_rate": 1.0
    },
    {
        "model": 2,
        "sequence": 15,
        "status": 1,
        "fuel": 6314,
        "fault": 0.2086,
        "weapon": 1,
        "pilot_injury": 0.1634,
        "pilot_skill": 0.4945,
        "mission_priority": 0.4117,
        "estimated_landing_time": 1416.0,
        "wait_time": 0,
        "Landing_success_rate": 1.0
    }
]