[
    {
        "model": 1,
        "sequence": 1,
        "status": 1,
        "fuel": 7218,
        "fault": 0.0684,
        "weapon": 1,
        "pilot_injury": 0.0435,
        "pilot_skill": 0.4289,
        "mission_priority": 0.7622,
        "estimated_landing_time": 100.0,
        "wait_time": 0,
        "Landing_success_rate": 1.0
    },
    {
        "model": 2,
        "sequence": 11,
        "status": 1,
        "fuel": 7104,
        "fault": 0.5265,
        "weapon": 0,
        "pilot_injury": 0.422,
        "pilot_skill": 0.9504,
        "mission_priority": 0.0354,
        "estimated_landing_time": 1040.0,
        "wait_time": 0,
        "Landing_success_rate": 1.0
    },
    {
        "model": 2,
        "sequence": 30,
        "status": 1,
        "fuel": 5915,
        "fault": 0.6949,
        "weapon": 0,
        "pilot_injury": 0.2495,
        "pilot_skill": 0.5073,
        "mission_priority": 0.1296,
        "estimated_landing_time": 2826.0,
        "wait_time": 0,
        "Landing_success_rate": 1.0
    },
    {
        "model": 2,
        "sequence": 9,
        "status": 1,
        "fuel": 6948,
        "fault": 0.332,
        "weapon": 1,
        "pilot_injury": 0.626,
        "pilot_skill": 0.1588,
        "mission_priority": 0.2062,
        "estimated_landing_time": 852.0,
        "wait_time": 0,
        "Landing_success_rate": 1.0
    },
    {
        "model": 0,
        "sequence": 4,
        "status": 1,
        "fuel": 6085,
        "fault": 0.3643,
        "weapon": 1,
        "pilot_injury": 0.962,
        "pilot_skill": 0.2959,
        "mission_priority": 0.1646,
        "estimated_landing_time": 382.0,
        "wait_time": 0,
        "Landing_success_rate": 1.0
    },
    {
        "model": 2,
        "sequence": 26,
        "status": 1,
        "fuel": 5582,
        "fault": 0.1966,
        "weapon": 1,
        "pilot_injury": 0.1749,
        "pilot_skill": 0.7332,
        "mission_priority": 0.3618,
        "estimated_landing_time": 2450.0,
        "wait_time": 0,
        "Landing_success_rate": 1.0
    },
    {
        "model": 0,
        "sequence": 25,
        "status": 1,
        "fuel": 5941,
        "fault": 0.8737,
        "weapon": 1,
        "pilot_injury": 0.5637,
        "pilot_skill": 0.7265,
        "mission_priority": 0.4819,
        "estimated_landing_time": 2356.0,
        "wait_time": 0,
        "Landing_success_rate": 1.0
    },
    {
        "model": 0,
        "sequence": 12,
        "status": 1,
        "fuel": 6698,
        "fault": 0.3829,
        "weapon": 0,
        "pilot_injury": 0.9147,
        "pilot_skill": 0.9287,
        "mission_priority": 0.6834,
        "estimated_landing_time": 1134.0,
        "wait_time": 0,
        "Landing_success_rate": 1.0
    },
    {
        "model": 1,
        "sequence": 3,
        "status": 1,
        "fuel": 7033,
        "fault": 0.6486,
        "weapon": 0,
        "pilot_injury": 0.6292,
        "pilot_skill": 0.9947,
        "mission_priority": 0.9961,
        "estimated_landing_time": 288.0,
        "wait_time": 0,
        "Landing_success_rate": 1.0
    },
    {
        "model": 0,
        "sequence": 16,
        "status": 1,
        "fuel": 5735,
        "fault": 0.5127,
        "weapon": 0,
        "pilot_injury": 0.9533,
        "pilot_skill": 0.6127,
        "mission_priority": 0.8009,
        "estimated_landing_time": 1510.0,
        "wait_time": 0,
        "Landing_success_rate": 1.0
    },
    {
        "model": 1,
        "sequence": 7,
        "status": 1,
        "fuel": 6114,
        "fault": 0.1427,
        "weapon": 1,
        "pilot_injury": 0.4632,
        "pilot_skill": 0.1469,
        "mission_priority": 0.3571,
        "estimated_landing_time": 664.0,
        "wait_time": 0,
        "Landing_success_rate": 1.0
    },
    {
        "model": 1,
        "sequence": 18,
        "status": 1,
        "fuel": 6020,
        "fault": 0.3119,
        "weapon": 0,
        "pilot_injury": 0.1509,
        "pilot_skill": 0.1251,
        "mission_priority": 0.4031,
        "estimated_landing_time": 1698.0,
        "wait_time": 0,
        "Landing_success_rate": 1.0
    },
    {
        "model": 2,
        "sequence": 27,
        "status": 1,
        "fuel": 5652,
        "fault": 0.6833,
        "weapon": 1,
        "pilot_injury": 0.1455,
        "pilot_skill": 0.9151,
        "mission_priority": 0.8821,
        "estimated_landing_time": 2544.0,
        "wait_time": 0,
        "Landing_success_rate": 1.0
    },
    {
        "model": 1,
        "sequence": 13,
        "status": 1,
        "fuel": 7473,
        "fault": 0.2108,
        "weapon": 0,
        "pilot_injury": 0.6555,
        "pilot_skill": 0.7677,
        "mission_priority": 0.4945,
        "estimated_landing_time": 1228.0,
        "wait_time": 0,
        "Landing_success_rate": 1.0
    },
    {
        "model": 2,
        "sequence": 24,
        "status": 1,
        "fuel": 7383,
        "fault": 0.2865,
        "weapon": 0,
        "pilot_injury": 0.2344,
        "pilot_skill": 0.3965,
        "mission_priority": 0.4498,
        "estimated_landing_time": 2262.0,
        "wait_time": 0,
        "Landing_success_rate": 1.0
    },
    {
        "model": 1,
        "sequence": 10,
        "status": 1,
        "fuel": 6496,
        "fault": 0.4436,
        "weapon": 0,
        "pilot_injury": 0.0451,
        "pilot_skill": 0.4079,
        "mission_priority": 0.4165,
        "estimated_landing_time": 946.0,
        "wait_time": 0,
        "Landing_success_rate": 1.0
    },
    {
        "model": 0,
        "sequence": 14,
        "status": 1,
        "fuel": 6017,
        "fault": 0.1617,
        "weapon": 0,
        "pilot_injury": 0.6357,
        "pilot_skill": 0.7133,
        "mission_priority": 0.77,
        "estimated_landing_time": 1322.0,
        "wait_time": 0,
        "Landing_success_rate": 1.0
    },
    {
        "model": 2,
        "sequence": 23,
        "status": 1,
        "fuel": 6767,
        "fault": 0.8065,
        "weapon": 0,
        "pilot_injury": 0.874,
        "pilot_skill": 0.7321,
        "mission_priority": 0.7419,
        "estimated_landing_time": 2168.0,
        "wait_time": 0,
        "Landing_success_rate": 1.0
    },
    {
        "model": 0,
        "sequence": 19,
        "status": 1,
        "fuel": 7467,
        "fault": 0.3632,
        "weapon": 0,
        "pilot_injury": 0.8292,
        "pilot_skill": 0.9514,
        "mission_priority": 0.1511,
        "estimated_landing_time": 1792.0,
        "wait_time": 0,
        "Landing_success_rate": 1.0
    },
    {
        "model": 2,
        "sequence": 28,
        "status": 1,
        "fuel": 7474,
        "fault": 0.6343,
        "weapon": 0,
        "pilot_injury": 0.3293,
        "pilot_skill": 0.8394,
        "mission_priority": 0.7624,
        "estimated_landing_time": 2638.0,
        "wait_time": 0,
        "Landing_success_rate": 1.0
    },
    {
        "model": 0,
        "sequence": 17,
        "status": 1,
        "fuel": 6275,
        "fault": 0.4141,
        "weapon": 1,
        "pilot_injury": 0.2594,
        "pilot_skill": 0.7355,
        "mission_priority": 0.5514,
        "estimated_landing_time": 1604.0,
        "wait_time": 0,
        "Landing_success_rate": 1.0
    },
    {
        "model": 1,
        "sequence": 6,
        "status": 1,
        "fuel": 7298,
        "fault": 0.9629,
        "weapon": 0,
        "pilot_injury": 0.8959,
        "pilot_skill": 0.5955,
        "mission_priority": 0.8249,
        "estimated_landing_time": 570.0,
        "wait_time": 0,
        "Landing_success_rate": 1.0
    },
    {
        "model": 2,
        "sequence": 5,
        "status": 1,
        "fuel": 6160,
        "fault": 0.7289,
        "weapon": 0,
        "pilot_injury": 0.3375,
        "pilot_skill": 0.3815,
        "mission_priority": 0.9729,
        "estimated_landing_time": 476.0,
        "wait_time": 0,
        "Landing_success_rate": 1.0
    },
    {
        "model": 2,
        "sequence": 15,
        "status": 1,
        "fuel": 7205,
        "fault": 0.8255,
        "weapon": 1,
        "pilot_injury": 0.9805,
        "pilot_skill": 0.9962,
        "mission_priority": 0.4766,
        "estimated_landing_time": 1416.0,
        "wait_time": 0,
        "Landing_success_rate": 1.0
    },
    {
        "model": 2,
        "sequence": 29,
        "status": 1,
        "fuel": 7365,
        "fault": 0.1286,
        "weapon": 0,
        "pilot_injury": 0.0263,
        "pilot_skill": 0.2243,
        "mission_priority": 0.9453,
        "estimated_landing_time": 2732.0,
        "wait_time": 0,
        "Landing_success_rate": 1.0
    },
    {
        "model": 1,
        "sequence": 2,
        "status": 1,
        "fuel": 6837,
        "fault": 0.8661,
        "weapon": 0,
        "pilot_injury": 0.0756,
        "pilot_skill": 0.2864,
        "mission_priority": 0.0881,
        "estimated_landing_time": 194.0,
        "wait_time": 0,
        "Landing_success_rate": 1.0
    },
    {
        "model": 0,
        "sequence": 22,
        "status": 1,
        "fuel": 5828,
        "fault": 0.6768,
        "weapon": 1,
        "pilot_injury": 0.9021,
        "pilot_skill": 0.6884,
        "mission_priority": 0.971,
        "estimated_landing_time": 2074.0,
        "wait_time": 0,
        "Landing_success_rate": 1.0
    },
    {
        "model": 1,
        "sequence": 8,
        "status": 1,
        "fuel": 7424,
        "fault": 0.3799,
        "weapon": 1,
        "pilot_injury": 0.5763,
        "pilot_skill": 0.4843,
        "mission_priority": 0.846,
        "estimated_landing_time": 758.0,
        "wait_time": 0,
        "Landing_success_rate": 1.0
    },
    {
        "model": 1,
        "sequence": 21,
        "status": 1,
        "fuel": 5864,
        "fault": 0.3486,
        "weapon": 1,
        "pilot_injury": 0.7864,
        "pilot_skill": 0.191,
        "mission_priority": 0.6502,
        "estimated_landing_time": 1980.0,
        "wait_time": 0,
        "Landing_success_rate": 1.0
    },
    {
        "model": 1,
        "sequence": 20,
        "status": 1,
        "fuel": 5981,
        "fault": 0.5342,
        "weapon": 0,
        "pilot_injury": 0.6774,
        "pilot_skill": 0.9972,
        "mission_priority": 0.0305,
        "estimated_landing_time": 1886.0,
        "wait_time": 0,
        "Landing_success_rate": 1.0
    }
]