[
    {
        "model": 0,
        "sequence": 25,
        "status": 1,
        "fuel": 6280,
        "fault": 0.6452,
        "weapon": 0,
        "pilot_injury": 0.2769,
        "pilot_skill": 0.3813,
        "mission_priority": 0.337,
        "estimated_landing_time": 2356.0,
        "wait_time": 0,
        "Landing_success_rate": 1.0
    },
    {
        "model": 1,
        "sequence": 14,
        "status": 1,
        "fuel": 6215,
        "fault": 0.5479,
        "weapon": 0,
        "pilot_injury": 0.0287,
        "pilot_skill": 0.9718,
        "mission_priority": 0.9806,
        "estimated_landing_time": 1322.0,
        "wait_time": 0,
        "Landing_success_rate": 1.0
    },
    {
        "model": 0,
        "sequence": 6,
        "status": 1,
        "fuel": 5578,
        "fault": 0.1484,
        "weapon": 1,
        "pilot_injury": 0.6459,
        "pilot_skill": 0.6485,
        "mission_priority": 0.9404,
        "estimated_landing_time": 570.0,
        "wait_time": 0,
        "Landing_success_rate": 1.0
    },
    {
        "model": 1,
        "sequence": 13,
        "status": 1,
        "fuel": 5538,
        "fault": 0.8269,
        "weapon": 1,
        "pilot_injury": 0.6164,
        "pilot_skill": 0.5637,
        "mission_priority": 0.7177,
        "estimated_landing_time": 1228.0,
        "wait_time": 0,
        "Landing_success_rate": 1.0
    },
    {
        "model": 2,
        "sequence": 24,
        "status": 1,
        "fuel": 6955,
        "fault": 0.0602,
        "weapon": 0,
        "pilot_injury": 0.1501,
        "pilot_skill": 0.5981,
        "mission_priority": 0.3741,
        "estimated_landing_time": 2262.0,
        "wait_time": 0,
        "Landing_success_rate": 1.0
    },
    {
        "model": 0,
        "sequence": 16,
        "status": 1,
        "fuel": 5839,
        "fault": 0.9259,
        "weapon": 1,
        "pilot_injury": 0.5549,
        "pilot_skill": 0.1496,
        "mission_priority": 0.4432,
        "estimated_landing_time": 1510.0,
        "wait_time": 0,
        "Landing_success_rate": 1.0
    },
    {
        "model": 0,
        "sequence": 11,
        "status": 1,
        "fuel": 6495,
        "fault": 0.067,
        "weapon": 1,
        "pilot_injury": 0.7122,
        "pilot_skill": 0.6286,
        "mission_priority": 0.4978,
        "estimated_landing_time": 1040.0,
        "wait_time": 0,
        "Landing_success_rate": 1.0
    },
    {
        "model": 1,
        "sequence": 9,
        "status": 1,
        "fuel": 5591,
        "fault": 0.4636,
        "weapon": 0,
        "pilot_injury": 0.088,
        "pilot_skill": 0.2993,
        "mission_priority": 0.8384,
        "estimated_landing_time": 852.0,
        "wait_time": 0,
        "Landing_success_rate": 1.0
    },
    {
        "model": 0,
        "sequence": 8,
        "status": 1,
        "fuel": 6332,
        "fault": 0.951,
        "weapon": 1,
        "pilot_injury": 0.6561,
        "pilot_skill": 0.5536,
        "mission_priority": 0.296,
        "estimated_landing_time": 758.0,
        "wait_time": 0,
        "Landing_success_rate": 1.0
    },
    {
        "model": 1,
        "sequence": 4,
        "status": 1,
        "fuel": 6777,
        "fault": 0.1237,
        "weapon": 0,
        "pilot_injury": 0.4882,
        "pilot_skill": 0.7591,
        "mission_priority": 0.4119,
        "estimated_landing_time": 382.0,
        "wait_time": 0,
        "Landing_success_rate": 1.0
    },
    {
        "model": 1,
        "sequence": 7,
        "status": 1,
        "fuel": 5526,
        "fault": 0.0799,
        "weapon": 1,
        "pilot_injury": 0.3331,
        "pilot_skill": 0.871,
        "mission_priority": 0.3955,
        "estimated_landing_time": 664.0,
        "wait_time": 0,
        "Landing_success_rate": 1.0
    },
    {
        "model": 0,
        "sequence": 17,
        "status": 1,
        "fuel": 5601,
        "fault": 0.4937,
        "weapon": 0,
        "pilot_injury": 0.6926,
        "pilot_skill": 0.0719,
        "mission_priority": 0.1482,
        "estimated_landing_time": 1604.0,
        "wait_time": 0,
        "Landing_success_rate": 1.0
    },
    {
        "model": 2,
        "sequence": 23,
        "status": 1,
        "fuel": 7003,
        "fault": 0.5965,
        "weapon": 0,
        "pilot_injury": 0.2104,
        "pilot_skill": 0.8015,
        "mission_priority": 0.9462,
        "estimated_landing_time": 2168.0,
        "wait_time": 0,
        "Landing_success_rate": 1.0
    },
    {
        "model": 2,
        "sequence": 3,
        "status": 1,
        "fuel": 6607,
        "fault": 0.678,
        "weapon": 1,
        "pilot_injury": 0.7141,
        "pilot_skill": 0.8153,
        "mission_priority": 0.9992,
        "estimated_landing_time": 288.0,
        "wait_time": 0,
        "Landing_success_rate": 1.0
    },
    {
        "model": 2,
        "sequence": 2,
        "status": 1,
        "fuel": 7458,
        "fault": 0.3768,
        "weapon": 0,
        "pilot_injury": 0.134,
        "pilot_skill": 0.3308,
        "mission_priority": 0.045,
        "estimated_landing_time": 194.0,
        "wait_time": 0,
        "Landing_success_rate": 1.0
    },
    {
        "model": 1,
        "sequence": 1,
        "status": 1,
        "fuel": 6490,
        "fault": 0.1943,
        "weapon": 1,
        "pilot_injury": 0.1638,
        "pilot_skill": 0.8894,
        "mission_priority": 0.7103,
        "estimated_landing_time": 100.0,
        "wait_time": 0,
        "Landing_success_rate": 1.0
    },
    {
        "model": 1,
        "sequence": 30,
        "status": 1,
        "fuel": 6778,
        "fault": 0.2446,
        "weapon": 0,
        "pilot_injury": 0.9773,
        "pilot_skill": 0.5019,
        "mission_priority": 0.3146,
        "estimated_landing_time": 2826.0,
        "wait_time": 0,
        "Landing_success_rate": 1.0
    },
    {
        "model": 0,
        "sequence": 5,
        "status": 1,
        "fuel": 6933,
        "fault": 0.0874,
        "weapon": 0,
        "pilot_injury": 0.7879,
        "pilot_skill": 0.8485,
        "mission_priority": 0.1019,
        "estimated_landing_time": 476.0,
        "wait_time": 0,
        "Landing_success_rate": 1.0
    },
    {
        "model": 1,
        "sequence": 19,
        "status": 1,
        "fuel": 5660,
        "fault": 0.4764,
        "weapon": 0,
        "pilot_injury": 0.8692,
        "pilot_skill": 0.6844,
        "mission_priority": 0.2018,
        "estimated_landing_time": 1792.0,
        "wait_time": 0,
        "Landing_success_rate": 1.0
    },
    {
        "model": 2,
        "sequence": 20,
        "status": 1,
        "fuel": 6915,
        "fault": 0.8337,
        "weapon": 0,
        "pilot_injury": 0.6957,
        "pilot_skill": 0.409,
        "mission_priority": 0.1517,
        "estimated_landing_time": 1886.0,
        "wait_time": 0,
        "Landing_success_rate": 1.0
    },
    {
        "model": 0,
        "sequence": 28,
        "status": 1,
        "fuel": 7076,
        "fault": 0.0757,
        "weapon": 0,
        "pilot_injury": 0.8935,
        "pilot_skill": 0.7888,
        "mission_priority": 0.692,
        "estimated_landing_time": 2638.0,
        "wait_time": 0,
        "Landing_success_rate": 1.0
    },
    {
        "model": 2,
        "sequence": 27,
        "status": 1,
        "fuel": 5991,
        "fault": 0.5042,
        "weapon": 1,
        "pilot_injury": 0.9006,
        "pilot_skill": 0.8811,
        "mission_priority": 0.7479,
        "estimated_landing_time": 2544.0,
        "wait_time": 0,
        "Landing_success_rate": 1.0
    },
    {
        "model": 0,
        "sequence": 10,
        "status": 1,
        "fuel": 6341,
        "fault": 0.9475,
        "weapon": 1,
        "pilot_injury": 0.4476,
        "pilot_skill": 0.9679,
        "mission_priority": 0.4641,
        "estimated_landing_time": 946.0,
        "wait_time": 0,
        "Landing_success_rate": 1.0
    },
    {
        "model": 2,
        "sequence": 18,
        "status": 1,
        "fuel": 7217,
        "fault": 0.3909,
        "weapon": 1,
        "pilot_injury": 0.6363,
        "pilot_skill": 0.7201,
        "mission_priority": 0.6247,
        "estimated_landing_time": 1698.0,
        "wait_time": 0,
        "Landing_success_rate": 1.0
    },
    {
        "model": 0,
        "sequence": 15,
        "status": 1,
        "fuel": 6923,
        "fault": 0.883,
        "weapon": 0,
        "pilot_injury": 0.6438,
        "pilot_skill": 0.9084,
        "mission_priority": 0.0069,
        "estimated_landing_time": 1416.0,
        "wait_time": 0,
        "Landing_success_rate": 1.0
    },
    {
        "model": 2,
        "sequence": 29,
        "status": 1,
        "fuel": 6584,
        "fault": 0.7749,
        "weapon": 0,
        "pilot_injury": 0.9232,
        "pilot_skill": 0.6627,
        "mission_priority": 0.9518,
        "estimated_landing_time": 2732.0,
        "wait_time": 0,
        "Landing_success_rate": 1.0
    },
    {
        "model": 1,
        "sequence": 22,
        "status": 1,
        "fuel": 5552,
        "fault": 0.3788,
        "weapon": 1,
        "pilot_injury": 0.7923,
        "pilot_skill": 0.1609,
        "mission_priority": 0.3813,
        "estimated_landing_time": 2074.0,
        "wait_time": 0,
        "Landing_success_rate": 1.0
    },
    {
        "model": 2,
        "sequence": 12,
        "status": 1,
        "fuel": 7479,
        "fault": 0.1894,
        "weapon": 1,
        "pilot_injury": 0.3713,
        "pilot_skill": 0.0781,
        "mission_priority": 0.198,
        "estimated_landing_time": 1134.0,
        "wait_time": 0,
        "Landing_success_rate": 1.0
    },
    {
        "model": 0,
        "sequence": 21,
        "status": 1,
        "fuel": 6758,
        "fault": 0.5543,
        "weapon": 0,
        "pilot_injury": 0.1825,
        "pilot_skill": 0.3466,
        "mission_priority": 0.0649,
        "estimated_landing_time": 1980.0,
        "wait_time": 0,
        "Landing_success_rate": 1.0
    },
    {
        "model": 2,
        "sequence": 26,
        "status": 1,
        "fuel": 6515,
        "fault": 0.4216,
        "weapon": 1,
        "pilot_injury": 0.8655,
        "pilot_skill": 0.8191,
        "mission_priority": 0.2854,
        "estimated_landing_time": 2450.0,
        "wait_time": 0,
        "Landing_success_rate": 1.0
    }
]