[
    {
        "model": 2,
        "sequence": 12,
        "status": 1,
        "fuel": 5843,
        "fault": 0.9958,
        "weapon": 0,
        "pilot_injury": 0.5334,
        "pilot_skill": 0.5368,
        "mission_priority": 0.7597,
        "estimated_landing_time": 1134.0,
        "wait_time": 0,
        "Landing_success_rate": 1.0
    },
    {
        "model": 0,
        "sequence": 22,
        "status": 1,
        "fuel": 7373,
        "fault": 0.0336,
        "weapon": 1,
        "pilot_injury": 0.8016,
        "pilot_skill": 0.8142,
        "mission_priority": 0.2341,
        "estimated_landing_time": 2074.0,
        "wait_time": 0,
        "Landing_success_rate": 1.0
    },
    {
        "model": 2,
        "sequence": 30,
        "status": 1,
        "fuel": 6920,
        "fault": 0.1243,
        "weapon": 0,
        "pilot_injury": 0.093,
        "pilot_skill": 0.5745,
        "mission_priority": 0.9087,
        "estimated_landing_time": 2826.0,
        "wait_time": 0,
        "Landing_success_rate": 1.0
    },
    {
        "model": 2,
        "sequence": 2,
        "status": 1,
        "fuel": 7475,
        "fault": 0.5747,
        "weapon": 0,
        "pilot_injury": 0.5065,
        "pilot_skill": 0.8609,
        "mission_priority": 0.8435,
        "estimated_landing_time": 194.0,
        "wait_time": 0,
        "Landing_success_rate": 1.0
    },
    {
        "model": 1,
        "sequence": 8,
        "status": 1,
        "fuel": 6475,
        "fault": 0.2908,
        "weapon": 0,
        "pilot_injury": 0.843,
        "pilot_skill": 0.176,
        "mission_priority": 0.3039,
        "estimated_landing_time": 758.0,
        "wait_time": 0,
        "Landing_success_rate": 1.0
    },
    {
        "model": 2,
        "sequence": 23,
        "status": 1,
        "fuel": 6206,
        "fault": 0.9172,
        "weapon": 0,
        "pilot_injury": 0.1536,
        "pilot_skill": 0.1822,
        "mission_priority": 0.879,
        "estimated_landing_time": 2168.0,
        "wait_time": 0,
        "Landing_success_rate": 1.0
    },
    {
        "model": 1,
        "sequence": 3,
        "status": 1,
        "fuel": 6042,
        "fault": 0.1684,
        "weapon": 1,
        "pilot_injury": 0.1394,
        "pilot_skill": 0.399,
        "mission_priority": 0.2832,
        "estimated_landing_time": 288.0,
        "wait_time": 0,
        "Landing_success_rate": 1.0
    },
    {
        "model": 1,
        "sequence": 1,
        "status": 1,
        "fuel": 6960,
        "fault": 0.2708,
        "weapon": 0,
        "pilot_injury": 0.3796,
        "pilot_skill": 0.0922,
        "mission_priority": 0.5665,
        "estimated_landing_time": 100.0,
        "wait_time": 0,
        "Landing_success_rate": 1.0
    },
    {
        "model": 0,
        "sequence": 27,
        "status": 1,
        "fuel": 6168,
        "fault": 0.1888,
        "weapon": 1,
        "pilot_injury": 0.704,
        "pilot_skill": 0.7293,
        "mission_priority": 0.8345,
        "estimated_landing_time": 2544.0,
        "wait_time": 0,
        "Landing_success_rate": 1.0
    },
    {
        "model": 1,
        "sequence": 7,
        "status": 1,
        "fuel": 6398,
        "fault": 0.1659,
        "weapon": 1,
        "pilot_injury": 0.9141,
        "pilot_skill": 0.5514,
        "mission_priority": 0.445,
        "estimated_landing_time": 664.0,
        "wait_time": 0,
        "Landing_success_rate": 1.0
    },
    {
        "model": 0,
        "sequence": 14,
        "status": 1,
        "fuel": 6875,
        "fault": 0.0189,
        "weapon": 0,
        "pilot_injury": 0.565,
        "pilot_skill": 0.9375,
        "mission_priority": 0.5942,
        "estimated_landing_time": 1322.0,
        "wait_time": 0,
        "Landing_success_rate": 1.0
    },
    {
        "model": 1,
        "sequence": 15,
        "status": 1,
        "fuel": 5794,
        "fault": 0.1532,
        "weapon": 1,
        "pilot_injury": 0.9536,
        "pilot_skill": 0.3277,
        "mission_priority": 0.1493,
        "estimated_landing_time": 1416.0,
        "wait_time": 0,
        "Landing_success_rate": 1.0
    },
    {
        "model": 1,
        "sequence": 10,
        "status": 1,
        "fuel": 7446,
        "fault": 0.6201,
        "weapon": 0,
        "pilot_injury": 0.2114,
        "pilot_skill": 0.7647,
        "mission_priority": 0.582,
        "estimated_landing_time": 946.0,
        "wait_time": 0,
        "Landing_success_rate": 1.0
    },
    {
        "model": 2,
        "sequence": 21,
        "status": 1,
        "fuel": 7294,
        "fault": 0.1076,
        "weapon": 0,
        "pilot_injury": 0.9311,
        "pilot_skill": 0.5065,
        "mission_priority": 0.7887,
        "estimated_landing_time": 1980.0,
        "wait_time": 0,
        "Landing_success_rate": 1.0
    },
    {
        "model": 0,
        "sequence": 29,
        "status": 1,
        "fuel": 6791,
        "fault": 0.7236,
        "weapon": 1,
        "pilot_injury": 0.9468,
        "pilot_skill": 0.4995,
        "mission_priority": 0.3377,
        "estimated_landing_time": 2732.0,
        "wait_time": 0,
        "Landing_success_rate": 1.0
    },
    {
        "model": 2,
        "sequence": 18,
        "status": 1,
        "fuel": 6300,
        "fault": 0.576,
        "weapon": 0,
        "pilot_injury": 0.1768,
        "pilot_skill": 0.4037,
        "mission_priority": 0.1563,
        "estimated_landing_time": 1698.0,
        "wait_time": 0,
        "Landing_success_rate": 1.0
    },
    {
        "model": 1,
        "sequence": 25,
        "status": 1,
        "fuel": 6347,
        "fault": 0.6501,
        "weapon": 1,
        "pilot_injury": 0.9442,
        "pilot_skill": 0.4125,
        "mission_priority": 0.567,
        "estimated_landing_time": 2356.0,
        "wait_time": 0,
        "Landing_success_rate": 1.0
    },
    {
        "model": 0,
        "sequence": 26,
        "status": 1,
        "fuel": 5863,
        "fault": 0.373,
        "weapon": 1,
        "pilot_injury": 0.6742,
        "pilot_skill": 0.7572,
        "mission_priority": 0.3305,
        "estimated_landing_time": 2450.0,
        "wait_time": 0,
        "Landing_success_rate": 1.0
    },
    {
        "model": 1,
        "sequence": 13,
        "status": 1,
        "fuel": 6401,
        "fault": 0.5387,
        "weapon": 0,
        "pilot_injury": 0.3568,
        "pilot_skill": 0.2665,
        "mission_priority": 0.9734,
        "estimated_landing_time": 1228.0,
        "wait_time": 0,
        "Landing_success_rate": 1.0
    },
    {
        "model": 1,
        "sequence": 20,
        "status": 1,
        "fuel": 5938,
        "fault": 0.2785,
        "weapon": 1,
        "pilot_injury": 0.1953,
        "pilot_skill": 0.9394,
        "mission_priority": 0.7944,
        "estimated_landing_time": 1886.0,
        "wait_time": 0,
        "Landing_success_rate": 1.0
    },
    {
        "model": 2,
        "sequence": 4,
        "status": 1,
        "fuel": 6267,
        "fault": 0.8551,
        "weapon": 0,
        "pilot_injury": 0.4856,
        "pilot_skill": 0.5934,
        "mission_priority": 0.7898,
        "estimated_landing_time": 382.0,
        "wait_time": 0,
        "Landing_success_rate": 1.0
    },
    {
        "model": 0,
        "sequence": 16,
        "status": 1,
        "fuel": 5629,
        "fault": 0.2046,
        "weapon": 0,
        "pilot_injury": 0.9041,
        "pilot_skill": 0.9375,
        "mission_priority": 0.5929,
        "estimated_landing_time": 1510.0,
        "wait_time": 0,
        "Landing_success_rate": 1.0
    },
    {
        "model": 0,
        "sequence": 24,
        "status": 1,
        "fuel": 6374,
        "fault": 0.0137,
        "weapon": 1,
        "pilot_injury": 0.5486,
        "pilot_skill": 0.8172,
        "mission_priority": 0.8148,
        "estimated_landing_time": 2262.0,
        "wait_time": 0,
        "Landing_success_rate": 1.0
    },
    {
        "model": 0,
        "sequence": 5,
        "status": 1,
        "fuel": 6639,
        "fault": 0.7023,
        "weapon": 1,
        "pilot_injury": 0.4831,
        "pilot_skill": 0.9461,
        "mission_priority": 0.2966,
        "estimated_landing_time": 476.0,
        "wait_time": 0,
        "Landing_success_rate": 1.0
    },
    {
        "model": 1,
        "sequence": 9,
        "status": 1,
        "fuel": 6616,
        "fault": 0.2207,
        "weapon": 0,
        "pilot_injury": 0.1487,
        "pilot_skill": 0.6865,
        "mission_priority": 0.3,
        "estimated_landing_time": 852.0,
        "wait_time": 0,
        "Landing_success_rate": 1.0
    },
    {
        "model": 0,
        "sequence": 17,
        "status": 1,
        "fuel": 7266,
        "fault": 0.1573,
        "weapon": 1,
        "pilot_injury": 0.4174,
        "pilot_skill": 0.975,
        "mission_priority": 0.1318,
        "estimated_landing_time": 1604.0,
        "wait_time": 0,
        "Landing_success_rate": 1.0
    },
    {
        "model": 1,
        "sequence": 11,
        "status": 1,
        "fuel": 6268,
        "fault": 0.4718,
        "weapon": 1,
        "pilot_injury": 0.631,
        "pilot_skill": 0.4073,
        "mission_priority": 0.097,
        "estimated_landing_time": 1040.0,
        "wait_time": 0,
        "Landing_success_rate": 1.0
    },
    {
        "model": 1,
        "sequence": 6,
        "status": 1,
        "fuel": 6965,
        "fault": 0.7949,
        "weapon": 1,
        "pilot_injury": 0.3427,
        "pilot_skill": 0.4467,
        "mission_priority": 0.2166,
        "estimated_landing_time": 570.0,
        "wait_time": 0,
        "Landing_success_rate": 1.0
    },
    {
        "model": 1,
        "sequence": 19,
        "status": 1,
        "fuel": 5716,
        "fault": 0.8126,
        "weapon": 0,
        "pilot_injury": 0.1667,
        "pilot_skill": 0.1977,
        "mission_priority": 0.42,
        "estimated_landing_time": 1792.0,
        "wait_time": 0,
        "Landing_success_rate": 1.0
    },
    {
        "model": 0,
        "sequence": 28,
        "status": 1,
        "fuel": 6717,
        "fault": 0.392,
        "weapon": 1,
        "pilot_injury": 0.0001,
        "pilot_skill": 0.921,
        "mission_priority": 0.8228,
        "estimated_landing_time": 2638.0,
        "wait_time": 0,
        "Landing_success_rate": 1.0
    }
]