[
    {
        "model": 1,
        "sequence": 16,
        "status": 1,
        "fuel": 6423,
        "fault": 0.8222,
        "weapon": 1,
        "pilot_injury": 0.7005,
        "pilot_skill": 0.4117,
        "mission_priority": 0.3163,
        "estimated_landing_time": 1510.0,
        "wait_time": 0,
        "Landing_success_rate": 1.0
    },
    {
        "model": 0,
        "sequence": 4,
        "status": 1,
        "fuel": 6817,
        "fault": 0.4238,
        "weapon": 1,
        "pilot_injury": 0.3983,
        "pilot_skill": 0.3823,
        "mission_priority": 0.2412,
        "estimated_landing_time": 382.0,
        "wait_time": 0,
        "Landing_success_rate": 1.0
    },
    {
        "model": 0,
        "sequence": 15,
        "status": 1,
        "fuel": 7080,
        "fault": 0.9102,
        "weapon": 0,
        "pilot_injury": 0.8642,
        "pilot_skill": 0.7671,
        "mission_priority": 0.681,
        "estimated_landing_time": 1416.0,
        "wait_time": 0,
        "Landing_success_rate": 1.0
    },
    {
        "model": 0,
        "sequence": 9,
        "status": 1,
        "fuel": 6450,
        "fault": 0.1345,
        "weapon": 1,
        "pilot_injury": 0.2671,
        "pilot_skill": 0.0743,
        "mission_priority": 0.331,
        "estimated_landing_time": 852.0,
        "wait_time": 0,
        "Landing_success_rate": 1.0
    },
    {
        "model": 0,
        "sequence": 6,
        "status": 1,
        "fuel": 6453,
        "fault": 0.763,
        "weapon": 0,
        "pilot_injury": 0.0882,
        "pilot_skill": 0.263,
        "mission_priority": 0.3671,
        "estimated_landing_time": 570.0,
        "wait_time": 0,
        "Landing_success_rate": 1.0
    },
    {
        "model": 2,
        "sequence": 26,
        "status": 1,
        "fuel": 5763,
        "fault": 0.7726,
        "weapon": 1,
        "pilot_injury": 0.2258,
        "pilot_skill": 0.2616,
        "mission_priority": 0.0676,
        "estimated_landing_time": 2450.0,
        "wait_time": 0,
        "Landing_success_rate": 1.0
    },
    {
        "model": 1,
        "sequence": 10,
        "status": 1,
        "fuel": 6797,
        "fault": 0.9146,
        "weapon": 0,
        "pilot_injury": 0.7035,
        "pilot_skill": 0.386,
        "mission_priority": 0.3268,
        "estimated_landing_time": 946.0,
        "wait_time": 0,
        "Landing_success_rate": 1.0
    },
    {
        "model": 1,
        "sequence": 29,
        "status": 1,
        "fuel": 5948,
        "fault": 0.4008,
        "weapon": 1,
        "pilot_injury": 0.2327,
        "pilot_skill": 0.9852,
        "mission_priority": 0.8353,
        "estimated_landing_time": 2732.0,
        "wait_time": 0,
        "Landing_success_rate": 1.0
    },
    {
        "model": 2,
        "sequence": 20,
        "status": 1,
        "fuel": 6232,
        "fault": 0.1071,
        "weapon": 0,
        "pilot_injury": 0.2559,
        "pilot_skill": 0.1044,
        "mission_priority": 0.7056,
        "estimated_landing_time": 1886.0,
        "wait_time": 0,
        "Landing_success_rate": 1.0
    },
    {
        "model": 2,
        "sequence": 17,
        "status": 1,
        "fuel": 7199,
        "fault": 0.8418,
        "weapon": 0,
        "pilot_injury": 0.6322,
        "pilot_skill": 0.5545,
        "mission_priority": 0.9776,
        "estimated_landing_time": 1604.0,
        "wait_time": 0,
        "Landing_success_rate": 1.0
    },
    {
        "model": 0,
        "sequence": 23,
        "status": 1,
        "fuel": 6926,
        "fault": 0.3261,
        "weapon": 1,
        "pilot_injury": 0.3556,
        "pilot_skill": 0.0084,
        "mission_priority": 0.7344,
        "estimated_landing_time": 2168.0,
        "wait_time": 0,
        "Landing_success_rate": 1.0
    },
    {
        "model": 1,
        "sequence": 24,
        "status": 1,
        "fuel": 5787,
        "fault": 0.9629,
        "weapon": 0,
        "pilot_injury": 0.9855,
        "pilot_skill": 0.1417,
        "mission_priority": 0.2965,
        "estimated_landing_time": 2262.0,
        "wait_time": 0,
        "Landing_success_rate": 1.0
    },
    {
        "model": 1,
        "sequence": 27,
        "status": 1,
        "fuel": 6161,
        "fault": 0.8869,
        "weapon": 0,
        "pilot_injury": 0.797,
        "pilot_skill": 0.3407,
        "mission_priority": 0.9062,
        "estimated_landing_time": 2544.0,
        "wait_time": 0,
        "Landing_success_rate": 1.0
    },
    {
        "model": 1,
        "sequence": 7,
        "status": 1,
        "fuel": 5905,
        "fault": 0.2224,
        "weapon": 1,
        "pilot_injury": 0.787,
        "pilot_skill": 0.1014,
        "mission_priority": 0.7738,
        "estimated_landing_time": 664.0,
        "wait_time": 0,
        "Landing_success_rate": 1.0
    },
    {
        "model": 2,
        "sequence": 3,
        "status": 1,
        "fuel": 6046,
        "fault": 0.4763,
        "weapon": 1,
        "pilot_injury": 0.5995,
        "pilot_skill": 0.9019,
        "mission_priority": 0.5784,
        "estimated_landing_time": 288.0,
        "wait_time": 0,
        "Landing_success_rate": 1.0
    },
    {
        "model": 0,
        "sequence": 25,
        "status": 1,
        "fuel": 6373,
        "fault": 0.1823,
        "weapon": 0,
        "pilot_injury": 0.2593,
        "pilot_skill": 0.8272,
        "mission_priority": 0.418,
        "estimated_landing_time": 2356.0,
        "wait_time": 0,
        "Landing_success_rate": 1.0
    },
    {
        "model": 0,
        "sequence": 2,
        "status": 1,
        "fuel": 6918,
        "fault": 0.0906,
        "weapon": 0,
        "pilot_injury": 0.2461,
        "pilot_skill": 0.2287,
        "mission_priority": 0.2826,
        "estimated_landing_time": 194.0,
        "wait_time": 0,
        "Landing_success_rate": 1.0
    },
    {
        "model": 1,
        "sequence": 1,
        "status": 1,
        "fuel": 6345,
        "fault": 0.8799,
        "weapon": 0,
        "pilot_injury": 0.58,
        "pilot_skill": 0.6484,
        "mission_priority": 0.3437,
        "estimated_landing_time": 100.0,
        "wait_time": 0,
        "Landing_success_rate": 1.0
    },
    {
        "model": 0,
        "sequence": 30,
        "status": 1,
        "fuel": 7446,
        "fault": 0.4592,
        "weapon": 0,
        "pilot_injury": 0.5711,
        "pilot_skill": 0.2755,
        "mission_priority": 0.5276,
        "estimated_landing_time": 2826.0,
        "wait_time": 0,
        "Landing_success_rate": 1.0
    },
    {
        "model": 2,
        "sequence": 8,
        "status": 1,
        "fuel": 6214,
        "fault": 0.3571,
        "weapon": 0,
        "pilot_injury": 0.8913,
        "pilot_skill": 0.7426,
        "mission_priority": 0.1756,
        "estimated_landing_time": 758.0,
        "wait_time": 0,
        "Landing_success_rate": 1.0
    },
    {
        "model": 2,
        "sequence": 12,
        "status": 1,
        "fuel": 6845,
        "fault": 0.6041,
        "weapon": 1,
        "pilot_injury": 0.4372,
        "pilot_skill": 0.9412,
        "mission_priority": 0.3925,
        "estimated_landing_time": 1134.0,
        "wait_time": 0,
        "Landing_success_rate": 1.0
    },
    {
        "model": 1,
        "sequence": 11,
        "status": 1,
        "fuel": 5784,
        "fault": 0.5125,
        "weapon": 1,
        "pilot_injury": 0.6605,
        "pilot_skill": 0.0088,
        "mission_priority": 0.4003,
        "estimated_landing_time": 1040.0,
        "wait_time": 0,
        "Landing_success_rate": 1.0
    },
    {
        "model": 0,
        "sequence": 18,
        "status": 1,
        "fuel": 6664,
        "fault": 0.7815,
        "weapon": 1,
        "pilot_injury": 0.1874,
        "pilot_skill": 0.3992,
        "mission_priority": 0.8355,
        "estimated_landing_time": 1698.0,
        "wait_time": 0,
        "Landing_success_rate": 1.0
    },
    {
        "model": 2,
        "sequence": 13,
        "status": 1,
        "fuel": 6917,
        "fault": 0.5247,
        "weapon": 1,
        "pilot_injury": 0.8266,
        "pilot_skill": 0.9075,
        "mission_priority": 0.1172,
        "estimated_landing_time": 1228.0,
        "wait_time": 0,
        "Landing_success_rate": 1.0
    },
    {
        "model": 2,
        "sequence": 28,
        "status": 1,
        "fuel": 5957,
        "fault": 0.3571,
        "weapon": 0,
        "pilot_injury": 0.9353,
        "pilot_skill": 0.4752,
        "mission_priority": 0.0643,
        "estimated_landing_time": 2638.0,
        "wait_time": 0,
        "Landing_success_rate": 1.0
    },
    {
        "model": 2,
        "sequence": 5,
        "status": 1,
        "fuel": 5646,
        "fault": 0.9995,
        "weapon": 0,
        "pilot_injury": 0.8096,
        "pilot_skill": 0.7355,
        "mission_priority": 0.6894,
        "estimated_landing_time": 476.0,
        "wait_time": 0,
        "Landing_success_rate": 1.0
    },
    {
        "model": 2,
        "sequence": 14,
        "status": 1,
        "fuel": 5905,
        "fault": 0.3548,
        "weapon": 1,
        "pilot_injury": 0.2156,
        "pilot_skill": 0.6291,
        "mission_priority": 0.0618,
        "estimated_landing_time": 1322.0,
        "wait_time": 0,
        "Landing_success_rate": 1.0
    },
    {
        "model": 0,
        "sequence": 19,
        "status": 1,
        "fuel": 6738,
        "fault": 0.8238,
        "weapon": 0,
        "pilot_injury": 0.5659,
        "pilot_skill": 0.6294,
        "mission_priority": 0.0505,
        "estimated_landing_time": 1792.0,
        "wait_time": 0,
        "Landing_success_rate": 1.0
    },
    {
        "model": 2,
        "sequence": 22,
        "status": 1,
        "fuel": 7481,
        "fault": 0.2514,
        "weapon": 1,
        "pilot_injury": 0.1013,
        "pilot_skill": 0.2165,
        "mission_priority": 0.4244,
        "estimated_landing_time": 2074.0,
        "wait_time": 0,
        "Landing_success_rate": 1.0
    },
    {
        "model": 2,
        "sequence": 21,
        "status": 1,
        "fuel": 7185,
        "fault": 0.4087,
        "weapon": 0,
        "pilot_injury": 0.9971,
        "pilot_skill": 0.3553,
        "mission_priority": 0.3864,
        "estimated_landing_time": 1980.0,
        "wait_time": 0,
        "Landing_success_rate": 1.0
    }
]