[
    {
        "model": 1,
        "sequence": 7,
        "status": 1,
        "fuel": 6768,
        "fault": 0.6358,
        "weapon": 0,
        "pilot_injury": 0.8693,
        "pilot_skill": 0.9331,
        "mission_priority": 0.6235,
        "estimated_landing_time": 664.0,
        "wait_time": 0,
        "Landing_success_rate": 1.0
    },
    {
        "model": 1,
        "sequence": 19,
        "status": 1,
        "fuel": 5794,
        "fault": 0.0945,
        "weapon": 1,
        "pilot_injury": 0.0274,
        "pilot_skill": 0.9183,
        "mission_priority": 0.2184,
        "estimated_landing_time": 1792.0,
        "wait_time": 0,
        "Landing_success_rate": 1.0
    },
    {
        "model": 2,
        "sequence": 2,
        "status": 1,
        "fuel": 6754,
        "fault": 0.4392,
        "weapon": 1,
        "pilot_injury": 0.1582,
        "pilot_skill": 0.1958,
        "mission_priority": 0.3291,
        "estimated_landing_time": 194.0,
        "wait_time": 0,
        "Landing_success_rate": 1.0
    },
    {
        "model": 2,
        "sequence": 16,
        "status": 1,
        "fuel": 6793,
        "fault": 0.4923,
        "weapon": 1,
        "pilot_injury": 0.4071,
        "pilot_skill": 0.6651,
        "mission_priority": 0.1715,
        "estimated_landing_time": 1510.0,
        "wait_time": 0,
        "Landing_success_rate": 1.0
    },
    {
        "model": 2,
        "sequence": 6,
        "status": 1,
        "fuel": 5879,
        "fault": 0.0093,
        "weapon": 0,
        "pilot_injury": 0.2866,
        "pilot_skill": 0.6491,
        "mission_priority": 0.9696,
        "estimated_landing_time": 570.0,
        "wait_time": 0,
        "Landing_success_rate": 1.0
    },
    {
        "model": 1,
        "sequence": 28,
        "status": 1,
        "fuel": 5564,
        "fault": 0.427,
        "weapon": 0,
        "pilot_injury": 0.4332,
        "pilot_skill": 0.664,
        "mission_priority": 0.851,
        "estimated_landing_time": 2638.0,
        "wait_time": 0,
        "Landing_success_rate": 1.0
    },
    {
        "model": 2,
        "sequence": 23,
        "status": 1,
        "fuel": 7379,
        "fault": 0.0973,
        "weapon": 0,
        "pilot_injury": 0.0513,
        "pilot_skill": 0.0359,
        "mission_priority": 0.1133,
        "estimated_landing_time": 2168.0,
        "wait_time": 0,
        "Landing_success_rate": 1.0
    },
    {
        "model": 0,
        "sequence": 24,
        "status": 1,
        "fuel": 5609,
        "fault": 0.4281,
        "weapon": 0,
        "pilot_injury": 0.4049,
        "pilot_skill": 0.4662,
        "mission_priority": 0.7374,
        "estimated_landing_time": 2262.0,
        "wait_time": 0,
        "Landing_success_rate": 1.0
    },
    {
        "model": 1,
        "sequence": 14,
        "status": 1,
        "fuel": 6180,
        "fault": 0.3727,
        "weapon": 0,
        "pilot_injury": 0.3496,
        "pilot_skill": 0.2096,
        "mission_priority": 0.8856,
        "estimated_landing_time": 1322.0,
        "wait_time": 0,
        "Landing_success_rate": 1.0
    },
    {
        "model": 1,
        "sequence": 12,
        "status": 1,
        "fuel": 6586,
        "fault": 0.9701,
        "weapon": 0,
        "pilot_injury": 0.5738,
        "pilot_skill": 0.7541,
        "mission_priority": 0.3209,
        "estimated_landing_time": 1134.0,
        "wait_time": 0,
        "Landing_success_rate": 1.0
    },
    {
        "model": 1,
        "sequence": 8,
        "status": 1,
        "fuel": 6871,
        "fault": 0.335,
        "weapon": 0,
        "pilot_injury": 0.1043,
        "pilot_skill": 0.0915,
        "mission_priority": 0.9855,
        "estimated_landing_time": 758.0,
        "wait_time": 0,
        "Landing_success_rate": 1.0
    },
    {
        "model": 2,
        "sequence": 15,
        "status": 1,
        "fuel": 6476,
        "fault": 0.3244,
        "weapon": 1,
        "pilot_injury": 0.7478,
        "pilot_skill": 0.0635,
        "mission_priority": 0.7465,
        "estimated_landing_time": 1416.0,
        "wait_time": 0,
        "Landing_success_rate": 1.0
    },
    {
        "model": 0,
        "sequence": 5,
        "status": 1,
        "fuel": 6732,
        "fault": 0.8947,
        "weapon": 1,
        "pilot_injury": 0.6653,
        "pilot_skill": 0.8331,
        "mission_priority": 0.5728,
        "estimated_landing_time": 476.0,
        "wait_time": 0,
        "Landing_success_rate": 1.0
    },
    {
        "model": 1,
        "sequence": 20,
        "status": 1,
        "fuel": 6357,
        "fault": 0.3529,
        "weapon": 0,
        "pilot_injury": 0.7386,
        "pilot_skill": 0.1694,
        "mission_priority": 0.2861,
        "estimated_landing_time": 1886.0,
        "wait_time": 0,
        "Landing_success_rate": 1.0
    },
    {
        "model": 0,
        "sequence": 21,
        "status": 1,
        "fuel": 5982,
        "fault": 0.4792,
        "weapon": 1,
        "pilot_injury": 0.1682,
        "pilot_skill": 0.8855,
        "mission_priority": 0.9067,
        "estimated_landing_time": 1980.0,
        "wait_time": 0,
        "Landing_success_rate": 1.0
    },
    {
        "model": 0,
        "sequence": 29,
        "status": 1,
        "fuel": 6303,
        "fault": 0.0549,
        "weapon": 1,
        "pilot_injury": 0.2037,
        "pilot_skill": 0.8634,
        "mission_priority": 0.4625,
        "estimated_landing_time": 2732.0,
        "wait_time": 0,
        "Landing_success_rate": 1.0
    },
    {
        "model": 0,
        "sequence": 17,
        "status": 1,
        "fuel": 6764,
        "fault": 0.1817,
        "weapon": 1,
        "pilot_injury": 0.0556,
        "pilot_skill": 0.1273,
        "mission_priority": 0.4984,
        "estimated_landing_time": 1604.0,
        "wait_time": 0,
        "Landing_success_rate": 1.0
    },
    {
        "model": 2,
        "sequence": 18,
        "status": 1,
        "fuel": 6197,
        "fault": 0.8957,
        "weapon": 0,
        "pilot_injury": 0.8894,
        "pilot_skill": 0.1372,
        "mission_priority": 0.9586,
        "estimated_landing_time": 1698.0,
        "wait_time": 0,
        "Landing_success_rate": 1.0
    },
    {
        "model": 2,
        "sequence": 26,
        "status": 1,
        "fuel": 6123,
        "fault": 0.0618,
        "weapon": 0,
        "pilot_injury": 0.8645,
        "pilot_skill": 0.7473,
        "mission_priority": 0.7365,
        "estimated_landing_time": 2450.0,
        "wait_time": 0,
        "Landing_success_rate": 1.0
    },
    {
        "model": 2,
        "sequence": 22,
        "status": 1,
        "fuel": 7192,
        "fault": 0.1652,
        "weapon": 1,
        "pilot_injury": 0.9485,
        "pilot_skill": 0.1369,
        "mission_priority": 0.9995,
        "estimated_landing_time": 2074.0,
        "wait_time": 0,
        "Landing_success_rate": 1.0
    },
    {
        "model": 1,
        "sequence": 9,
        "status": 1,
        "fuel": 7094,
        "fault": 0.487,
        "weapon": 1,
        "pilot_injury": 0.1574,
        "pilot_skill": 0.4538,
        "mission_priority": 0.7786,
        "estimated_landing_time": 852.0,
        "wait_time": 0,
        "Landing_success_rate": 1.0
    },
    {
        "model": 1,
        "sequence": 30,
        "status": 1,
        "fuel": 6492,
        "fault": 0.6141,
        "weapon": 1,
        "pilot_injury": 0.4068,
        "pilot_skill": 0.9543,
        "mission_priority": 0.8038,
        "estimated_landing_time": 2826.0,
        "wait_time": 0,
        "Landing_success_rate": 1.0
    },
    {
        "model": 0,
        "sequence": 25,
        "status": 1,
        "fuel": 6176,
        "fault": 0.7271,
        "weapon": 0,
        "pilot_injury": 0.931,
        "pilot_skill": 0.0343,
        "mission_priority": 0.0425,
        "estimated_landing_time": 2356.0,
        "wait_time": 0,
        "Landing_success_rate": 1.0
    },
    {
        "model": 1,
        "sequence": 11,
        "status": 1,
        "fuel": 6460,
        "fault": 0.7569,
        "weapon": 1,
        "pilot_injury": 0.046,
        "pilot_skill": 0.996,
        "mission_priority": 0.5801,
        "estimated_landing_time": 1040.0,
        "wait_time": 0,
        "Landing_success_rate": 1.0
    },
    {
        "model": 2,
        "sequence": 3,
        "status": 1,
        "fuel": 6408,
        "fault": 0.5194,
        "weapon": 1,
        "pilot_injury": 0.7007,
        "pilot_skill": 0.4584,
        "mission_priority": 0.6591,
        "estimated_landing_time": 288.0,
        "wait_time": 0,
        "Landing_success_rate": 1.0
    },
    {
        "model": 2,
        "sequence": 13,
        "status": 1,
        "fuel": 5650,
        "fault": 0.594,
        "weapon": 0,
        "pilot_injury": 0.8052,
        "pilot_skill": 0.8172,
        "mission_priority": 0.849,
        "estimated_landing_time": 1228.0,
        "wait_time": 0,
        "Landing_success_rate": 1.0
    },
    {
        "model": 2,
        "sequence": 10,
        "status": 1,
        "fuel": 6225,
        "fault": 0.3599,
        "weapon": 0,
        "pilot_injury": 0.8361,
        "pilot_skill": 0.0423,
        "mission_priority": 0.2135,
        "estimated_landing_time": 946.0,
        "wait_time": 0,
        "Landing_success_rate": 1.0
    },
    {
        "model": 2,
        "sequence": 4,
        "status": 1,
        "fuel": 7268,
        "fault": 0.2068,
        "weapon": 0,
        "pilot_injury": 0.8968,
        "pilot_skill": 0.6281,
        "mission_priority": 0.9668,
        "estimated_landing_time": 382.0,
        "wait_time": 0,
        "Landing_success_rate": 1.0
    },
    {
        "model": 0,
        "sequence": 1,
        "status": 1,
        "fuel": 6105,
        "fault": 0.3197,
        "weapon": 0,
        "pilot_injury": 0.1344,
        "pilot_skill": 0.4288,
        "mission_priority": 0.8223,
        "estimated_landing_time": 100.0,
        "wait_time": 0,
        "Landing_success_rate": 1.0
    },
    {
        "model": 1,
        "sequence": 27,
        "status": 1,
        "fuel": 6105,
        "fault": 0.7448,
        "weapon": 1,
        "pilot_injury": 0.9834,
        "pilot_skill": 0.1744,
        "mission_priority": 0.1015,
        "estimated_landing_time": 2544.0,
        "wait_time": 0,
        "Landing_success_rate": 1.0
    }
]