[
    {
        "model": 1,
        "sequence": 29,
        "status": 1,
        "fuel": 7279,
        "fault": 0.4324,
        "weapon": 1,
        "pilot_injury": 0.8903,
        "pilot_skill": 0.4217,
        "mission_priority": 0.5618,
        "estimated_landing_time": 2732.0,
        "wait_time": 0,
        "Landing_success_rate": 1.0
    },
    {
        "model": 0,
        "sequence": 27,
        "status": 1,
        "fuel": 7001,
        "fault": 0.4751,
        "weapon": 0,
        "pilot_injury": 0.0371,
        "pilot_skill": 0.4268,
        "mission_priority": 0.1604,
        "estimated_landing_time": 2544.0,
        "wait_time": 0,
        "Landing_success_rate": 1.0
    },
    {
        "model": 1,
        "sequence": 18,
        "status": 1,
        "fuel": 6827,
        "fault": 0.6701,
        "weapon": 0,
        "pilot_injury": 0.1221,
        "pilot_skill": 0.6658,
        "mission_priority": 0.0205,
        "estimated_landing_time": 1698.0,
        "wait_time": 0,
        "Landing_success_rate": 1.0
    },
    {
        "model": 0,
        "sequence": 23,
        "status": 1,
        "fuel": 5510,
        "fault": 0.2784,
        "weapon": 0,
        "pilot_injury": 0.5279,
        "pilot_skill": 0.2819,
        "mission_priority": 0.1802,
        "estimated_landing_time": 2168.0,
        "wait_time": 0,
        "Landing_success_rate": 1.0
    },
    {
        "model": 1,
        "sequence": 16,
        "status": 1,
        "fuel": 6773,
        "fault": 0.0022,
        "weapon": 0,
        "pilot_injury": 0.9846,
        "pilot_skill": 0.8693,
        "mission_priority": 0.1322,
        "estimated_landing_time": 1510.0,
        "wait_time": 0,
        "Landing_success_rate": 1.0
    },
    {
        "model": 2,
        "sequence": 1,
        "status": 1,
        "fuel": 6580,
        "fault": 0.0037,
        "weapon": 1,
        "pilot_injury": 0.49,
        "pilot_skill": 0.1428,
        "mission_priority": 0.1186,
        "estimated_landing_time": 100.0,
        "wait_time": 0,
        "Landing_success_rate": 1.0
    },
    {
        "model": 0,
        "sequence": 30,
        "status": 1,
        "fuel": 6118,
        "fault": 0.5049,
        "weapon": 0,
        "pilot_injury": 0.4605,
        "pilot_skill": 0.0362,
        "mission_priority": 0.922,
        "estimated_landing_time": 2826.0,
        "wait_time": 0,
        "Landing_success_rate": 1.0
    },
    {
        "model": 1,
        "sequence": 21,
        "status": 1,
        "fuel": 5863,
        "fault": 0.3733,
        "weapon": 0,
        "pilot_injury": 0.2898,
        "pilot_skill": 0.8913,
        "mission_priority": 0.3446,
        "estimated_landing_time": 1980.0,
        "wait_time": 0,
        "Landing_success_rate": 1.0
    },
    {
        "model": 2,
        "sequence": 14,
        "status": 1,
        "fuel": 6076,
        "fault": 0.2064,
        "weapon": 0,
        "pilot_injury": 0.7815,
        "pilot_skill": 0.3713,
        "mission_priority": 0.652,
        "estimated_landing_time": 1322.0,
        "wait_time": 0,
        "Landing_success_rate": 1.0
    },
    {
        "model": 0,
        "sequence": 3,
        "status": 1,
        "fuel": 6744,
        "fault": 0.7654,
        "weapon": 0,
        "pilot_injury": 0.6687,
        "pilot_skill": 0.6808,
        "mission_priority": 0.6459,
        "estimated_landing_time": 288.0,
        "wait_time": 0,
        "Landing_success_rate": 1.0
    },
    {
        "model": 0,
        "sequence": 5,
        "status": 1,
        "fuel": 7003,
        "fault": 0.2193,
        "weapon": 1,
        "pilot_injury": 0.5858,
        "pilot_skill": 0.3824,
        "mission_priority": 0.1723,
        "estimated_landing_time": 476.0,
        "wait_time": 0,
        "Landing_success_rate": 1.0
    },
    {
        "model": 0,
        "sequence": 9,
        "status": 1,
        "fuel": 6847,
        "fault": 0.9443,
        "weapon": 0,
        "pilot_injury": 0.1473,
        "pilot_skill": 0.9214,
        "mission_priority": 0.1061,
        "estimated_landing_time": 852.0,
        "wait_time": 0,
        "Landing_success_rate": 1.0
    },
    {
        "model": 2,
        "sequence": 17,
        "status": 1,
        "fuel": 6564,
        "fault": 0.8213,
        "weapon": 1,
        "pilot_injury": 0.999,
        "pilot_skill": 0.1409,
        "mission_priority": 0.6136,
        "estimated_landing_time": 1604.0,
        "wait_time": 0,
        "Landing_success_rate": 1.0
    },
    {
        "model": 2,
        "sequence": 15,
        "status": 1,
        "fuel": 6489,
        "fault": 0.8367,
        "weapon": 1,
        "pilot_injury": 0.9422,
        "pilot_skill": 0.7908,
        "mission_priority": 0.7771,
        "estimated_landing_time": 1416.0,
        "wait_time": 0,
        "Landing_success_rate": 1.0
    },
    {
        "model": 1,
        "sequence": 24,
        "status": 1,
        "fuel": 7195,
        "fault": 0.0524,
        "weapon": 0,
        "pilot_injury": 0.5067,
        "pilot_skill": 0.3915,
        "mission_priority": 0.7041,
        "estimated_landing_time": 2262.0,
        "wait_time": 0,
        "Landing_success_rate": 1.0
    },
    {
        "model": 0,
        "sequence": 8,
        "status": 1,
        "fuel": 7497,
        "fault": 0.5769,
        "weapon": 1,
        "pilot_injury": 0.5891,
        "pilot_skill": 0.6553,
        "mission_priority": 0.9687,
        "estimated_landing_time": 758.0,
        "wait_time": 0,
        "Landing_success_rate": 1.0
    },
    {
        "model": 1,
        "sequence": 6,
        "status": 1,
        "fuel": 7412,
        "fault": 0.8522,
        "weapon": 0,
        "pilot_injury": 0.4668,
        "pilot_skill": 0.6782,
        "mission_priority": 0.1757,
        "estimated_landing_time": 570.0,
        "wait_time": 0,
        "Landing_success_rate": 1.0
    },
    {
        "model": 1,
        "sequence": 7,
        "status": 1,
        "fuel": 6410,
        "fault": 0.0644,
        "weapon": 1,
        "pilot_injury": 0.611,
        "pilot_skill": 0.9759,
        "mission_priority": 0.7279,
        "estimated_landing_time": 664.0,
        "wait_time": 0,
        "Landing_success_rate": 1.0
    },
    {
        "model": 1,
        "sequence": 22,
        "status": 1,
        "fuel": 6179,
        "fault": 0.4261,
        "weapon": 0,
        "pilot_injury": 0.7918,
        "pilot_skill": 0.9703,
        "mission_priority": 0.6989,
        "estimated_landing_time": 2074.0,
        "wait_time": 0,
        "Landing_success_rate": 1.0
    },
    {
        "model": 1,
        "sequence": 10,
        "status": 1,
        "fuel": 5896,
        "fault": 0.7598,
        "weapon": 0,
        "pilot_injury": 0.1888,
        "pilot_skill": 0.8058,
        "mission_priority": 0.9701,
        "estimated_landing_time": 946.0,
        "wait_time": 0,
        "Landing_success_rate": 1.0
    },
    {
        "model": 1,
        "sequence": 4,
        "status": 1,
        "fuel": 7376,
        "fault": 0.6843,
        "weapon": 0,
        "pilot_injury": 0.0721,
        "pilot_skill": 0.2347,
        "mission_priority": 0.4911,
        "estimated_landing_time": 382.0,
        "wait_time": 0,
        "Landing_success_rate": 1.0
    },
    {
        "model": 0,
        "sequence": 26,
        "status": 1,
        "fuel": 7254,
        "fault": 0.5364,
        "weapon": 1,
        "pilot_injury": 0.9456,
        "pilot_skill": 0.3927,
        "mission_priority": 0.7943,
        "estimated_landing_time": 2450.0,
        "wait_time": 0,
        "Landing_success_rate": 1.0
    },
    {
        "model": 2,
        "sequence": 19,
        "status": 1,
        "fuel": 6866,
        "fault": 0.8495,
        "weapon": 1,
        "pilot_injury": 0.9312,
        "pilot_skill": 0.2595,
        "mission_priority": 0.8703,
        "estimated_landing_time": 1792.0,
        "wait_time": 0,
        "Landing_success_rate": 1.0
    },
    {
        "model": 1,
        "sequence": 11,
        "status": 1,
        "fuel": 6592,
        "fault": 0.0571,
        "weapon": 0,
        "pilot_injury": 0.8384,
        "pilot_skill": 0.4943,
        "mission_priority": 0.8534,
        "estimated_landing_time": 1040.0,
        "wait_time": 0,
        "Landing_success_rate": 1.0
    },
    {
        "model": 2,
        "sequence": 12,
        "status": 1,
        "fuel": 6964,
        "fault": 0.9689,
        "weapon": 1,
        "pilot_injury": 0.6599,
        "pilot_skill": 0.3741,
        "mission_priority": 0.7634,
        "estimated_landing_time": 1134.0,
        "wait_time": 0,
        "Landing_success_rate": 1.0
    },
    {
        "model": 1,
        "sequence": 25,
        "status": 1,
        "fuel": 5813,
        "fault": 0.1141,
        "weapon": 1,
        "pilot_injury": 0.8335,
        "pilot_skill": 0.6169,
        "mission_priority": 0.8722,
        "estimated_landing_time": 2356.0,
        "wait_time": 0,
        "Landing_success_rate": 1.0
    },
    {
        "model": 0,
        "sequence": 2,
        "status": 1,
        "fuel": 7121,
        "fault": 0.5816,
        "weapon": 0,
        "pilot_injury": 0.6626,
        "pilot_skill": 0.7645,
        "mission_priority": 0.0728,
        "estimated_landing_time": 194.0,
        "wait_time": 0,
        "Landing_success_rate": 1.0
    },
    {
        "model": 1,
        "sequence": 20,
        "status": 1,
        "fuel": 7380,
        "fault": 0.0482,
        "weapon": 1,
        "pilot_injury": 0.1164,
        "pilot_skill": 0.5399,
        "mission_priority": 0.1087,
        "estimated_landing_time": 1886.0,
        "wait_time": 0,
        "Landing_success_rate": 1.0
    },
    {
        "model": 1,
        "sequence": 13,
        "status": 1,
        "fuel": 6301,
        "fault": 0.8706,
        "weapon": 1,
        "pilot_injury": 0.1008,
        "pilot_skill": 0.4594,
        "mission_priority": 0.6057,
        "estimated_landing_time": 1228.0,
        "wait_time": 0,
        "Landing_success_rate": 1.0
    },
    {
        "model": 1,
        "sequence": 28,
        "status": 1,
        "fuel": 6452,
        "fault": 0.6955,
        "weapon": 1,
        "pilot_injury": 0.1392,
        "pilot_skill": 0.9689,
        "mission_priority": 0.478,
        "estimated_landing_time": 2638.0,
        "wait_time": 0,
        "Landing_success_rate": 1.0
    }
]