[
    {
        "model": 2,
        "sequence": 24,
        "status": 1,
        "fuel": 7326,
        "fault": 0.8533,
        "weapon": 1,
        "pilot_injury": 0.5094,
        "pilot_skill": 0.4119,
        "mission_priority": 0.8921,
        "estimated_landing_time": 2262.0,
        "wait_time": 0,
        "Landing_success_rate": 1.0
    },
    {
        "model": 2,
        "sequence": 26,
        "status": 1,
        "fuel": 5564,
        "fault": 0.559,
        "weapon": 0,
        "pilot_injury": 0.4919,
        "pilot_skill": 0.4441,
        "mission_priority": 0.4512,
        "estimated_landing_time": 2450.0,
        "wait_time": 0,
        "Landing_success_rate": 1.0
    },
    {
        "model": 0,
        "sequence": 30,
        "status": 1,
        "fuel": 5750,
        "fault": 0.919,
        "weapon": 0,
        "pilot_injury": 0.0522,
        "pilot_skill": 0.8862,
        "mission_priority": 0.4154,
        "estimated_landing_time": 2826.0,
        "wait_time": 0,
        "Landing_success_rate": 1.0
    },
    {
        "model": 0,
        "sequence": 13,
        "status": 1,
        "fuel": 6152,
        "fault": 0.9703,
        "weapon": 0,
        "pilot_injury": 0.4719,
        "pilot_skill": 0.1987,
        "mission_priority": 0.5622,
        "estimated_landing_time": 1228.0,
        "wait_time": 0,
        "Landing_success_rate": 1.0
    },
    {
        "model": 0,
        "sequence": 29,
        "status": 1,
        "fuel": 6831,
        "fault": 0.4686,
        "weapon": 1,
        "pilot_injury": 0.256,
        "pilot_skill": 0.993,
        "mission_priority": 0.8926,
        "estimated_landing_time": 2732.0,
        "wait_time": 0,
        "Landing_success_rate": 1.0
    },
    {
        "model": 2,
        "sequence": 14,
        "status": 1,
        "fuel": 6664,
        "fault": 0.2897,
        "weapon": 0,
        "pilot_injury": 0.4431,
        "pilot_skill": 0.4041,
        "mission_priority": 0.4432,
        "estimated_landing_time": 1322.0,
        "wait_time": 0,
        "Landing_success_rate": 1.0
    },
    {
        "model": 2,
        "sequence": 2,
        "status": 1,
        "fuel": 6535,
        "fault": 0.2112,
        "weapon": 1,
        "pilot_injury": 0.3305,
        "pilot_skill": 0.1708,
        "mission_priority": 0.7066,
        "estimated_landing_time": 194.0,
        "wait_time": 0,
        "Landing_success_rate": 1.0
    },
    {
        "model": 0,
        "sequence": 10,
        "status": 1,
        "fuel": 6866,
        "fault": 0.9721,
        "weapon": 0,
        "pilot_injury": 0.2632,
        "pilot_skill": 0.1903,
        "mission_priority": 0.379,
        "estimated_landing_time": 946.0,
        "wait_time": 0,
        "Landing_success_rate": 1.0
    },
    {
        "model": 0,
        "sequence": 18,
        "status": 1,
        "fuel": 6049,
        "fault": 0.7964,
        "weapon": 1,
        "pilot_injury": 0.1023,
        "pilot_skill": 0.4835,
        "mission_priority": 0.1762,
        "estimated_landing_time": 1698.0,
        "wait_time": 0,
        "Landing_success_rate": 1.0
    },
    {
        "model": 1,
        "sequence": 6,
        "status": 1,
        "fuel": 6734,
        "fault": 0.3165,
        "weapon": 0,
        "pilot_injury": 0.6252,
        "pilot_skill": 0.0055,
        "mission_priority": 0.3877,
        "estimated_landing_time": 570.0,
        "wait_time": 0,
        "Landing_success_rate": 1.0
    },
    {
        "model": 1,
        "sequence": 4,
        "status": 1,
        "fuel": 7090,
        "fault": 0.2894,
        "weapon": 0,
        "pilot_injury": 0.6815,
        "pilot_skill": 0.0497,
        "mission_priority": 0.9413,
        "estimated_landing_time": 382.0,
        "wait_time": 0,
        "Landing_success_rate": 1.0
    },
    {
        "model": 0,
        "sequence": 21,
        "status": 1,
        "fuel": 7092,
        "fault": 0.3759,
        "weapon": 0,
        "pilot_injury": 0.1306,
        "pilot_skill": 0.1143,
        "mission_priority": 0.8407,
        "estimated_landing_time": 1980.0,
        "wait_time": 0,
        "Landing_success_rate": 1.0
    },
    {
        "model": 0,
        "sequence": 1,
        "status": 1,
        "fuel": 6238,
        "fault": 0.7565,
        "weapon": 0,
        "pilot_injury": 0.9254,
        "pilot_skill": 0.5927,
        "mission_priority": 0.6904,
        "estimated_landing_time": 100.0,
        "wait_time": 0,
        "Landing_success_rate": 1.0
    },
    {
        "model": 1,
        "sequence": 22,
        "status": 1,
        "fuel": 7126,
        "fault": 0.3602,
        "weapon": 0,
        "pilot_injury": 0.0758,
        "pilot_skill": 0.574,
        "mission_priority": 0.6962,
        "estimated_landing_time": 2074.0,
        "wait_time": 0,
        "Landing_success_rate": 1.0
    },
    {
        "model": 2,
        "sequence": 20,
        "status": 1,
        "fuel": 5630,
        "fault": 0.634,
        "weapon": 0,
        "pilot_injury": 0.3958,
        "pilot_skill": 0.8865,
        "mission_priority": 0.8506,
        "estimated_landing_time": 1886.0,
        "wait_time": 0,
        "Landing_success_rate": 1.0
    },
    {
        "model": 0,
        "sequence": 8,
        "status": 1,
        "fuel": 7275,
        "fault": 0.9132,
        "weapon": 0,
        "pilot_injury": 0.2427,
        "pilot_skill": 0.4678,
        "mission_priority": 0.4467,
        "estimated_landing_time": 758.0,
        "wait_time": 0,
        "Landing_success_rate": 1.0
    },
    {
        "model": 0,
        "sequence": 3,
        "status": 1,
        "fuel": 7466,
        "fault": 0.0743,
        "weapon": 1,
        "pilot_injury": 0.4917,
        "pilot_skill": 0.4915,
        "mission_priority": 0.6083,
        "estimated_landing_time": 288.0,
        "wait_time": 0,
        "Landing_success_rate": 1.0
    },
    {
        "model": 0,
        "sequence": 27,
        "status": 1,
        "fuel": 5561,
        "fault": 0.2013,
        "weapon": 1,
        "pilot_injury": 0.53,
        "pilot_skill": 0.0241,
        "mission_priority": 0.3484,
        "estimated_landing_time": 2544.0,
        "wait_time": 0,
        "Landing_success_rate": 1.0
    },
    {
        "model": 2,
        "sequence": 19,
        "status": 1,
        "fuel": 6848,
        "fault": 0.7014,
        "weapon": 0,
        "pilot_injury": 0.5062,
        "pilot_skill": 0.1519,
        "mission_priority": 0.9322,
        "estimated_landing_time": 1792.0,
        "wait_time": 0,
        "Landing_success_rate": 1.0
    },
    {
        "model": 1,
        "sequence": 16,
        "status": 1,
        "fuel": 6026,
        "fault": 0.5958,
        "weapon": 1,
        "pilot_injury": 0.9659,
        "pilot_skill": 0.8826,
        "mission_priority": 0.1435,
        "estimated_landing_time": 1510.0,
        "wait_time": 0,
        "Landing_success_rate": 1.0
    },
    {
        "model": 2,
        "sequence": 23,
        "status": 1,
        "fuel": 6398,
        "fault": 0.0103,
        "weapon": 0,
        "pilot_injury": 0.1928,
        "pilot_skill": 0.2335,
        "mission_priority": 0.5638,
        "estimated_landing_time": 2168.0,
        "wait_time": 0,
        "Landing_success_rate": 1.0
    },
    {
        "model": 2,
        "sequence": 25,
        "status": 1,
        "fuel": 6265,
        "fault": 0.5563,
        "weapon": 1,
        "pilot_injury": 0.0977,
        "pilot_skill": 0.914,
        "mission_priority": 0.8406,
        "estimated_landing_time": 2356.0,
        "wait_time": 0,
        "Landing_success_rate": 1.0
    },
    {
        "model": 0,
        "sequence": 15,
        "status": 1,
        "fuel": 6956,
        "fault": 0.751,
        "weapon": 1,
        "pilot_injury": 0.715,
        "pilot_skill": 0.4388,
        "mission_priority": 0.6338,
        "estimated_landing_time": 1416.0,
        "wait_time": 0,
        "Landing_success_rate": 1.0
    },
    {
        "model": 0,
        "sequence": 17,
        "status": 1,
        "fuel": 5736,
        "fault": 0.7534,
        "weapon": 1,
        "pilot_injury": 0.0406,
        "pilot_skill": 0.6915,
        "mission_priority": 0.8286,
        "estimated_landing_time": 1604.0,
        "wait_time": 0,
        "Landing_success_rate": 1.0
    },
    {
        "model": 1,
        "sequence": 11,
        "status": 1,
        "fuel": 5501,
        "fault": 0.9326,
        "weapon": 0,
        "pilot_injury": 0.285,
        "pilot_skill": 0.5149,
        "mission_priority": 0.3294,
        "estimated_landing_time": 1040.0,
        "wait_time": 0,
        "Landing_success_rate": 1.0
    },
    {
        "model": 2,
        "sequence": 5,
        "status": 1,
        "fuel": 6462,
        "fault": 0.9514,
        "weapon": 0,
        "pilot_injury": 0.7678,
        "pilot_skill": 0.0837,
        "mission_priority": 0.928,
        "estimated_landing_time": 476.0,
        "wait_time": 0,
        "Landing_success_rate": 1.0
    },
    {
        "model": 1,
        "sequence": 28,
        "status": 1,
        "fuel": 6765,
        "fault": 0.871,
        "weapon": 0,
        "pilot_injury": 0.1255,
        "pilot_skill": 0.9265,
        "mission_priority": 0.0338,
        "estimated_landing_time": 2638.0,
        "wait_time": 0,
        "Landing_success_rate": 1.0
    },
    {
        "model": 2,
        "sequence": 12,
        "status": 1,
        "fuel": 5553,
        "fault": 0.9775,
        "weapon": 0,
        "pilot_injury": 0.1034,
        "pilot_skill": 0.4868,
        "mission_priority": 0.7883,
        "estimated_landing_time": 1134.0,
        "wait_time": 0,
        "Landing_success_rate": 1.0
    },
    {
        "model": 0,
        "sequence": 9,
        "status": 1,
        "fuel": 7368,
        "fault": 0.5366,
        "weapon": 0,
        "pilot_injury": 0.7741,
        "pilot_skill": 0.9083,
        "mission_priority": 0.1494,
        "estimated_landing_time": 852.0,
        "wait_time": 0,
        "Landing_success_rate": 1.0
    },
    {
        "model": 1,
        "sequence": 7,
        "status": 1,
        "fuel": 6443,
        "fault": 0.8682,
        "weapon": 1,
        "pilot_injury": 0.3593,
        "pilot_skill": 0.4894,
        "mission_priority": 0.4616,
        "estimated_landing_time": 664.0,
        "wait_time": 0,
        "Landing_success_rate": 1.0
    }
]