[
    {
        "model": 0,
        "sequence": 9,
        "status": 1,
        "fuel": 6089,
        "fault": 0.2479,
        "weapon": 0,
        "pilot_injury": 0.2587,
        "pilot_skill": 0.6573,
        "mission_priority": 0.2886,
        "estimated_landing_time": 852.0,
        "wait_time": 0,
        "Landing_success_rate": 1.0
    },
    {
        "model": 0,
        "sequence": 1,
        "status": 1,
        "fuel": 6222,
        "fault": 0.2621,
        "weapon": 1,
        "pilot_injury": 0.0782,
        "pilot_skill": 0.2271,
        "mission_priority": 0.8065,
        "estimated_landing_time": 100.0,
        "wait_time": 0,
        "Landing_success_rate": 1.0
    },
    {
        "model": 2,
        "sequence": 6,
        "status": 1,
        "fuel": 5576,
        "fault": 0.0522,
        "weapon": 1,
        "pilot_injury": 0.9047,
        "pilot_skill": 0.3747,
        "mission_priority": 0.3675,
        "estimated_landing_time": 570.0,
        "wait_time": 0,
        "Landing_success_rate": 1.0
    },
    {
        "model": 2,
        "sequence": 29,
        "status": 1,
        "fuel": 5935,
        "fault": 0.3089,
        "weapon": 1,
        "pilot_injury": 0.8572,
        "pilot_skill": 0.5059,
        "mission_priority": 0.4247,
        "estimated_landing_time": 2732.0,
        "wait_time": 0,
        "Landing_success_rate": 1.0
    },
    {
        "model": 2,
        "sequence": 16,
        "status": 1,
        "fuel": 6844,
        "fault": 0.1265,
        "weapon": 1,
        "pilot_injury": 0.8596,
        "pilot_skill": 0.0629,
        "mission_priority": 0.8667,
        "estimated_landing_time": 1510.0,
        "wait_time": 0,
        "Landing_success_rate": 1.0
    },
    {
        "model": 0,
        "sequence": 10,
        "status": 1,
        "fuel": 5545,
        "fault": 0.3886,
        "weapon": 1,
        "pilot_injury": 0.1116,
        "pilot_skill": 0.1817,
        "mission_priority": 0.8033,
        "estimated_landing_time": 946.0,
        "wait_time": 0,
        "Landing_success_rate": 1.0
    },
    {
        "model": 1,
        "sequence": 30,
        "status": 1,
        "fuel": 6644,
        "fault": 0.5762,
        "weapon": 1,
        "pilot_injury": 0.9221,
        "pilot_skill": 0.3919,
        "mission_priority": 0.0033,
        "estimated_landing_time": 2826.0,
        "wait_time": 0,
        "Landing_success_rate": 1.0
    },
    {
        "model": 1,
        "sequence": 23,
        "status": 1,
        "fuel": 6911,
        "fault": 0.0828,
        "weapon": 1,
        "pilot_injury": 0.9763,
        "pilot_skill": 0.3639,
        "mission_priority": 0.8222,
        "estimated_landing_time": 2168.0,
        "wait_time": 0,
        "Landing_success_rate": 1.0
    },
    {
        "model": 2,
        "sequence": 28,
        "status": 1,
        "fuel": 6725,
        "fault": 0.3732,
        "weapon": 0,
        "pilot_injury": 0.6315,
        "pilot_skill": 0.1731,
        "mission_priority": 0.4466,
        "estimated_landing_time": 2638.0,
        "wait_time": 0,
        "Landing_success_rate": 1.0
    },
    {
        "model": 2,
        "sequence": 8,
        "status": 1,
        "fuel": 6294,
        "fault": 0.2013,
        "weapon": 1,
        "pilot_injury": 0.5703,
        "pilot_skill": 0.8087,
        "mission_priority": 0.1528,
        "estimated_landing_time": 758.0,
        "wait_time": 0,
        "Landing_success_rate": 1.0
    },
    {
        "model": 1,
        "sequence": 18,
        "status": 1,
        "fuel": 6597,
        "fault": 0.6607,
        "weapon": 1,
        "pilot_injury": 0.776,
        "pilot_skill": 0.891,
        "mission_priority": 0.5628,
        "estimated_landing_time": 1698.0,
        "wait_time": 0,
        "Landing_success_rate": 1.0
    },
    {
        "model": 1,
        "sequence": 3,
        "status": 1,
        "fuel": 5695,
        "fault": 0.9605,
        "weapon": 0,
        "pilot_injury": 0.5637,
        "pilot_skill": 0.6116,
        "mission_priority": 0.8495,
        "estimated_landing_time": 288.0,
        "wait_time": 0,
        "Landing_success_rate": 1.0
    },
    {
        "model": 2,
        "sequence": 27,
        "status": 1,
        "fuel": 6820,
        "fault": 0.6595,
        "weapon": 1,
        "pilot_injury": 0.2663,
        "pilot_skill": 0.8948,
        "mission_priority": 0.9449,
        "estimated_landing_time": 2544.0,
        "wait_time": 0,
        "Landing_success_rate": 1.0
    },
    {
        "model": 2,
        "sequence": 7,
        "status": 1,
        "fuel": 7099,
        "fault": 0.796,
        "weapon": 1,
        "pilot_injury": 0.5468,
        "pilot_skill": 0.4733,
        "mission_priority": 0.8328,
        "estimated_landing_time": 664.0,
        "wait_time": 0,
        "Landing_success_rate": 1.0
    },
    {
        "model": 2,
        "sequence": 17,
        "status": 1,
        "fuel": 6616,
        "fault": 0.4545,
        "weapon": 0,
        "pilot_injury": 0.2741,
        "pilot_skill": 0.9444,
        "mission_priority": 0.837,
        "estimated_landing_time": 1604.0,
        "wait_time": 0,
        "Landing_success_rate": 1.0
    },
    {
        "model": 1,
        "sequence": 5,
        "status": 1,
        "fuel": 6713,
        "fault": 0.7369,
        "weapon": 0,
        "pilot_injury": 0.2432,
        "pilot_skill": 0.9191,
        "mission_priority": 0.3046,
        "estimated_landing_time": 476.0,
        "wait_time": 0,
        "Landing_success_rate": 1.0
    },
    {
        "model": 1,
        "sequence": 24,
        "status": 1,
        "fuel": 7318,
        "fault": 0.2464,
        "weapon": 1,
        "pilot_injury": 0.4432,
        "pilot_skill": 0.7625,
        "mission_priority": 0.3475,
        "estimated_landing_time": 2262.0,
        "wait_time": 0,
        "Landing_success_rate": 1.0
    },
    {
        "model": 1,
        "sequence": 12,
        "status": 1,
        "fuel": 5830,
        "fault": 0.521,
        "weapon": 0,
        "pilot_injury": 0.7635,
        "pilot_skill": 0.5519,
        "mission_priority": 0.2551,
        "estimated_landing_time": 1134.0,
        "wait_time": 0,
        "Landing_success_rate": 1.0
    },
    {
        "model": 2,
        "sequence": 21,
        "status": 1,
        "fuel": 6081,
        "fault": 0.423,
        "weapon": 1,
        "pilot_injury": 0.6993,
        "pilot_skill": 0.5951,
        "mission_priority": 0.8222,
        "estimated_landing_time": 1980.0,
        "wait_time": 0,
        "Landing_success_rate": 1.0
    },
    {
        "model": 0,
        "sequence": 22,
        "status": 1,
        "fuel": 5704,
        "fault": 0.7054,
        "weapon": 1,
        "pilot_injury": 0.9629,
        "pilot_skill": 0.8861,
        "mission_priority": 0.2788,
        "estimated_landing_time": 2074.0,
        "wait_time": 0,
        "Landing_success_rate": 1.0
    },
    {
        "model": 1,
        "sequence": 13,
        "status": 1,
        "fuel": 7312,
        "fault": 0.1288,
        "weapon": 0,
        "pilot_injury": 0.4147,
        "pilot_skill": 0.4669,
        "mission_priority": 0.4464,
        "estimated_landing_time": 1228.0,
        "wait_time": 0,
        "Landing_success_rate": 1.0
    },
    {
        "model": 0,
        "sequence": 19,
        "status": 1,
        "fuel": 7234,
        "fault": 0.001,
        "weapon": 1,
        "pilot_injury": 0.0587,
        "pilot_skill": 0.4985,
        "mission_priority": 0.2904,
        "estimated_landing_time": 1792.0,
        "wait_time": 0,
        "Landing_success_rate": 1.0
    },
    {
        "model": 0,
        "sequence": 4,
        "status": 1,
        "fuel": 5502,
        "fault": 0.2025,
        "weapon": 1,
        "pilot_injury": 0.6715,
        "pilot_skill": 0.9592,
        "mission_priority": 0.7321,
        "estimated_landing_time": 382.0,
        "wait_time": 0,
        "Landing_success_rate": 1.0
    },
    {
        "model": 1,
        "sequence": 2,
        "status": 1,
        "fuel": 6238,
        "fault": 0.4952,
        "weapon": 0,
        "pilot_injury": 0.1989,
        "pilot_skill": 0.8648,
        "mission_priority": 0.7491,
        "estimated_landing_time": 194.0,
        "wait_time": 0,
        "Landing_success_rate": 1.0
    },
    {
        "model": 1,
        "sequence": 15,
        "status": 1,
        "fuel": 6571,
        "fault": 0.8729,
        "weapon": 0,
        "pilot_injury": 0.8074,
        "pilot_skill": 0.6104,
        "mission_priority": 0.0819,
        "estimated_landing_time": 1416.0,
        "wait_time": 0,
        "Landing_success_rate": 1.0
    },
    {
        "model": 1,
        "sequence": 14,
        "status": 1,
        "fuel": 7151,
        "fault": 0.0854,
        "weapon": 1,
        "pilot_injury": 0.572,
        "pilot_skill": 0.4526,
        "mission_priority": 0.4005,
        "estimated_landing_time": 1322.0,
        "wait_time": 0,
        "Landing_success_rate": 1.0
    },
    {
        "model": 2,
        "sequence": 26,
        "status": 1,
        "fuel": 6931,
        "fault": 0.6905,
        "weapon": 0,
        "pilot_injury": 0.5659,
        "pilot_skill": 0.1297,
        "mission_priority": 0.3062,
        "estimated_landing_time": 2450.0,
        "wait_time": 0,
        "Landing_success_rate": 1.0
    },
    {
        "model": 0,
        "sequence": 20,
        "status": 1,
        "fuel": 5671,
        "fault": 0.8963,
        "weapon": 1,
        "pilot_injury": 0.5189,
        "pilot_skill": 0.2405,
        "mission_priority": 0.2706,
        "estimated_landing_time": 1886.0,
        "wait_time": 0,
        "Landing_success_rate": 1.0
    },
    {
        "model": 0,
        "sequence": 11,
        "status": 1,
        "fuel": 5623,
        "fault": 0.534,
        "weapon": 1,
        "pilot_injury": 0.3159,
        "pilot_skill": 0.8295,
        "mission_priority": 0.504,
        "estimated_landing_time": 1040.0,
        "wait_time": 0,
        "Landing_success_rate": 1.0
    },
    {
        "model": 0,
        "sequence": 25,
        "status": 1,
        "fuel": 6815,
        "fault": 0.517,
        "weapon": 0,
        "pilot_injury": 0.6809,
        "pilot_skill": 0.1756,
        "mission_priority": 0.9436,
        "estimated_landing_time": 2356.0,
        "wait_time": 0,
        "Landing_success_rate": 1.0
    }
]