[
    {
        "model": 1,
        "sequence": 15,
        "status": 1,
        "fuel": 6566,
        "fault": 0.5573,
        "weapon": 0,
        "pilot_injury": 0.1655,
        "pilot_skill": 0.1285,
        "mission_priority": 0.4359,
        "estimated_landing_time": 1416.0,
        "wait_time": 0,
        "Landing_success_rate": 1.0
    },
    {
        "model": 0,
        "sequence": 30,
        "status": 1,
        "fuel": 7350,
        "fault": 0.0194,
        "weapon": 1,
        "pilot_injury": 0.908,
        "pilot_skill": 0.2484,
        "mission_priority": 0.4855,
        "estimated_landing_time": 2826.0,
        "wait_time": 0,
        "Landing_success_rate": 1.0
    },
    {
        "model": 2,
        "sequence": 16,
        "status": 1,
        "fuel": 5811,
        "fault": 0.192,
        "weapon": 1,
        "pilot_injury": 0.0656,
        "pilot_skill": 0.6679,
        "mission_priority": 0.3458,
        "estimated_landing_time": 1510.0,
        "wait_time": 0,
        "Landing_success_rate": 1.0
    },
    {
        "model": 2,
        "sequence": 19,
        "status": 1,
        "fuel": 7343,
        "fault": 0.686,
        "weapon": 0,
        "pilot_injury": 0.1602,
        "pilot_skill": 0.2436,
        "mission_priority": 0.0713,
        "estimated_landing_time": 1792.0,
        "wait_time": 0,
        "Landing_success_rate": 1.0
    },
    {
        "model": 2,
        "sequence": 29,
        "status": 1,
        "fuel": 6768,
        "fault": 0.8666,
        "weapon": 0,
        "pilot_injury": 0.6515,
        "pilot_skill": 0.5545,
        "mission_priority": 0.0004,
        "estimated_landing_time": 2732.0,
        "wait_time": 0,
        "Landing_success_rate": 1.0
    },
    {
        "model": 2,
        "sequence": 26,
        "status": 1,
        "fuel": 7128,
        "fault": 0.8429,
        "weapon": 1,
        "pilot_injury": 0.6002,
        "pilot_skill": 0.3092,
        "mission_priority": 0.5568,
        "estimated_landing_time": 2450.0,
        "wait_time": 0,
        "Landing_success_rate": 1.0
    },
    {
        "model": 0,
        "sequence": 7,
        "status": 1,
        "fuel": 5568,
        "fault": 0.8982,
        "weapon": 0,
        "pilot_injury": 0.5174,
        "pilot_skill": 0.0004,
        "mission_priority": 0.2686,
        "estimated_landing_time": 664.0,
        "wait_time": 0,
        "Landing_success_rate": 1.0
    },
    {
        "model": 0,
        "sequence": 12,
        "status": 1,
        "fuel": 6859,
        "fault": 0.7353,
        "weapon": 0,
        "pilot_injury": 0.7492,
        "pilot_skill": 0.8469,
        "mission_priority": 0.8178,
        "estimated_landing_time": 1134.0,
        "wait_time": 0,
        "Landing_success_rate": 1.0
    },
    {
        "model": 2,
        "sequence": 8,
        "status": 1,
        "fuel": 5729,
        "fault": 0.2927,
        "weapon": 1,
        "pilot_injury": 0.0769,
        "pilot_skill": 0.1994,
        "mission_priority": 0.0469,
        "estimated_landing_time": 758.0,
        "wait_time": 0,
        "Landing_success_rate": 1.0
    },
    {
        "model": 1,
        "sequence": 21,
        "status": 1,
        "fuel": 7339,
        "fault": 0.0863,
        "weapon": 1,
        "pilot_injury": 0.1752,
        "pilot_skill": 0.7075,
        "mission_priority": 0.4891,
        "estimated_landing_time": 1980.0,
        "wait_time": 0,
        "Landing_success_rate": 1.0
    },
    {
        "model": 2,
        "sequence": 25,
        "status": 1,
        "fuel": 6013,
        "fault": 0.5156,
        "weapon": 1,
        "pilot_injury": 0.7082,
        "pilot_skill": 0.6907,
        "mission_priority": 0.0973,
        "estimated_landing_time": 2356.0,
        "wait_time": 0,
        "Landing_success_rate": 1.0
    },
    {
        "model": 1,
        "sequence": 4,
        "status": 1,
        "fuel": 5803,
        "fault": 0.0906,
        "weapon": 1,
        "pilot_injury": 0.1565,
        "pilot_skill": 0.4533,
        "mission_priority": 0.5698,
        "estimated_landing_time": 382.0,
        "wait_time": 0,
        "Landing_success_rate": 1.0
    },
    {
        "model": 2,
        "sequence": 20,
        "status": 1,
        "fuel": 5505,
        "fault": 0.2277,
        "weapon": 0,
        "pilot_injury": 0.7434,
        "pilot_skill": 0.885,
        "mission_priority": 0.1617,
        "estimated_landing_time": 1886.0,
        "wait_time": 0,
        "Landing_success_rate": 1.0
    },
    {
        "model": 2,
        "sequence": 11,
        "status": 1,
        "fuel": 5608,
        "fault": 0.1103,
        "weapon": 1,
        "pilot_injury": 0.5639,
        "pilot_skill": 0.5961,
        "mission_priority": 0.6516,
        "estimated_landing_time": 1040.0,
        "wait_time": 0,
        "Landing_success_rate": 1.0
    },
    {
        "model": 1,
        "sequence": 24,
        "status": 1,
        "fuel": 6634,
        "fault": 0.5353,
        "weapon": 1,
        "pilot_injury": 0.4741,
        "pilot_skill": 0.5471,
        "mission_priority": 0.0368,
        "estimated_landing_time": 2262.0,
        "wait_time": 0,
        "Landing_success_rate": 1.0
    },
    {
        "model": 2,
        "sequence": 9,
        "status": 1,
        "fuel": 6465,
        "fault": 0.2895,
        "weapon": 0,
        "pilot_injury": 0.1216,
        "pilot_skill": 0.904,
        "mission_priority": 0.6359,
        "estimated_landing_time": 852.0,
        "wait_time": 0,
        "Landing_success_rate": 1.0
    },
    {
        "model": 0,
        "sequence": 1,
        "status": 1,
        "fuel": 6157,
        "fault": 0.6037,
        "weapon": 0,
        "pilot_injury": 0.8653,
        "pilot_skill": 0.5244,
        "mission_priority": 0.8253,
        "estimated_landing_time": 100.0,
        "wait_time": 0,
        "Landing_success_rate": 1.0
    },
    {
        "model": 1,
        "sequence": 23,
        "status": 1,
        "fuel": 6964,
        "fault": 0.6482,
        "weapon": 0,
        "pilot_injury": 0.6514,
        "pilot_skill": 0.7285,
        "mission_priority": 0.1015,
        "estimated_landing_time": 2168.0,
        "wait_time": 0,
        "Landing_success_rate": 1.0
    },
    {
        "model": 0,
        "sequence": 14,
        "status": 1,
        "fuel": 7341,
        "fault": 0.7353,
        "weapon": 0,
        "pilot_injury": 0.4416,
        "pilot_skill": 0.4879,
        "mission_priority": 0.0368,
        "estimated_landing_time": 1322.0,
        "wait_time": 0,
        "Landing_success_rate": 1.0
    },
    {
        "model": 1,
        "sequence": 6,
        "status": 1,
        "fuel": 5792,
        "fault": 0.998,
        "weapon": 0,
        "pilot_injury": 0.3113,
        "pilot_skill": 0.8159,
        "mission_priority": 0.4139,
        "estimated_landing_time": 570.0,
        "wait_time": 0,
        "Landing_success_rate": 1.0
    },
    {
        "model": 0,
        "sequence": 22,
        "status": 1,
        "fuel": 6170,
        "fault": 0.303,
        "weapon": 0,
        "pilot_injury": 0.6735,
        "pilot_skill": 0.9501,
        "mission_priority": 0.8696,
        "estimated_landing_time": 2074.0,
        "wait_time": 0,
        "Landing_success_rate": 1.0
    },
    {
        "model": 2,
        "sequence": 13,
        "status": 1,
        "fuel": 6107,
        "fault": 0.5565,
        "weapon": 0,
        "pilot_injury": 0.0264,
        "pilot_skill": 0.5548,
        "mission_priority": 0.4859,
        "estimated_landing_time": 1228.0,
        "wait_time": 0,
        "Landing_success_rate": 1.0
    },
    {
        "model": 2,
        "sequence": 5,
        "status": 1,
        "fuel": 6909,
        "fault": 0.641,
        "weapon": 0,
        "pilot_injury": 0.9998,
        "pilot_skill": 0.9649,
        "mission_priority": 0.1267,
        "estimated_landing_time": 476.0,
        "wait_time": 0,
        "Landing_success_rate": 1.0
    },
    {
        "model": 1,
        "sequence": 27,
        "status": 1,
        "fuel": 6374,
        "fault": 0.1847,
        "weapon": 0,
        "pilot_injury": 0.5074,
        "pilot_skill": 0.958,
        "mission_priority": 0.5203,
        "estimated_landing_time": 2544.0,
        "wait_time": 0,
        "Landing_success_rate": 1.0
    },
    {
        "model": 0,
        "sequence": 2,
        "status": 1,
        "fuel": 6825,
        "fault": 0.4202,
        "weapon": 0,
        "pilot_injury": 0.8761,
        "pilot_skill": 0.825,
        "mission_priority": 0.3374,
        "estimated_landing_time": 194.0,
        "wait_time": 0,
        "Landing_success_rate": 1.0
    },
    {
        "model": 2,
        "sequence": 17,
        "status": 1,
        "fuel": 6125,
        "fault": 0.9113,
        "weapon": 1,
        "pilot_injury": 0.464,
        "pilot_skill": 0.8536,
        "mission_priority": 0.4154,
        "estimated_landing_time": 1604.0,
        "wait_time": 0,
        "Landing_success_rate": 1.0
    },
    {
        "model": 0,
        "sequence": 3,
        "status": 1,
        "fuel": 7255,
        "fault": 0.2917,
        "weapon": 0,
        "pilot_injury": 0.4163,
        "pilot_skill": 0.8775,
        "mission_priority": 0.304,
        "estimated_landing_time": 288.0,
        "wait_time": 0,
        "Landing_success_rate": 1.0
    },
    {
        "model": 0,
        "sequence": 10,
        "status": 1,
        "fuel": 5568,
        "fault": 0.3479,
        "weapon": 0,
        "pilot_injury": 0.7371,
        "pilot_skill": 0.1002,
        "mission_priority": 0.9392,
        "estimated_landing_time": 946.0,
        "wait_time": 0,
        "Landing_success_rate": 1.0
    },
    {
        "model": 1,
        "sequence": 18,
        "status": 1,
        "fuel": 5692,
        "fault": 0.7757,
        "weapon": 1,
        "pilot_injury": 0.5815,
        "pilot_skill": 0.6943,
        "mission_priority": 0.7315,
        "estimated_landing_time": 1698.0,
        "wait_time": 0,
        "Landing_success_rate": 1.0
    },
    {
        "model": 2,
        "sequence": 28,
        "status": 1,
        "fuel": 5661,
        "fault": 0.6093,
        "weapon": 0,
        "pilot_injury": 0.9102,
        "pilot_skill": 0.0466,
        "mission_priority": 0.3561,
        "estimated_landing_time": 2638.0,
        "wait_time": 0,
        "Landing_success_rate": 1.0
    }
]