[
    {
        "model": 2,
        "sequence": 9,
        "status": 1,
        "fuel": 7225,
        "fault": 0.2999,
        "weapon": 1,
        "pilot_injury": 0.2693,
        "pilot_skill": 0.294,
        "mission_priority": 0.3053,
        "estimated_landing_time": 852.0,
        "wait_time": 0,
        "Landing_success_rate": 1.0
    },
    {
        "model": 0,
        "sequence": 11,
        "status": 1,
        "fuel": 7418,
        "fault": 0.5883,
        "weapon": 0,
        "pilot_injury": 0.2708,
        "pilot_skill": 0.2859,
        "mission_priority": 0.5704,
        "estimated_landing_time": 1040.0,
        "wait_time": 0,
        "Landing_success_rate": 1.0
    },
    {
        "model": 1,
        "sequence": 6,
        "status": 1,
        "fuel": 7361,
        "fault": 0.2154,
        "weapon": 1,
        "pilot_injury": 0.0579,
        "pilot_skill": 0.9525,
        "mission_priority": 0.3173,
        "estimated_landing_time": 570.0,
        "wait_time": 0,
        "Landing_success_rate": 1.0
    },
    {
        "model": 0,
        "sequence": 14,
        "status": 1,
        "fuel": 6651,
        "fault": 0.8735,
        "weapon": 0,
        "pilot_injury": 0.2282,
        "pilot_skill": 0.1934,
        "mission_priority": 0.695,
        "estimated_landing_time": 1322.0,
        "wait_time": 0,
        "Landing_success_rate": 1.0
    },
    {
        "model": 1,
        "sequence": 3,
        "status": 1,
        "fuel": 6628,
        "fault": 0.1787,
        "weapon": 1,
        "pilot_injury": 0.1154,
        "pilot_skill": 0.3871,
        "mission_priority": 0.3938,
        "estimated_landing_time": 288.0,
        "wait_time": 0,
        "Landing_success_rate": 1.0
    },
    {
        "model": 2,
        "sequence": 24,
        "status": 1,
        "fuel": 5579,
        "fault": 0.3222,
        "weapon": 0,
        "pilot_injury": 0.0625,
        "pilot_skill": 0.9207,
        "mission_priority": 0.3732,
        "estimated_landing_time": 2262.0,
        "wait_time": 0,
        "Landing_success_rate": 1.0
    },
    {
        "model": 1,
        "sequence": 27,
        "status": 1,
        "fuel": 6828,
        "fault": 0.9628,
        "weapon": 1,
        "pilot_injury": 0.0563,
        "pilot_skill": 0.0036,
        "mission_priority": 0.088,
        "estimated_landing_time": 2544.0,
        "wait_time": 0,
        "Landing_success_rate": 1.0
    },
    {
        "model": 1,
        "sequence": 10,
        "status": 1,
        "fuel": 5860,
        "fault": 0.4278,
        "weapon": 1,
        "pilot_injury": 0.132,
        "pilot_skill": 0.6149,
        "mission_priority": 0.612,
        "estimated_landing_time": 946.0,
        "wait_time": 0,
        "Landing_success_rate": 1.0
    },
    {
        "model": 0,
        "sequence": 21,
        "status": 1,
        "fuel": 6553,
        "fault": 0.3134,
        "weapon": 1,
        "pilot_injury": 0.7118,
        "pilot_skill": 0.1868,
        "mission_priority": 0.8509,
        "estimated_landing_time": 1980.0,
        "wait_time": 0,
        "Landing_success_rate": 1.0
    },
    {
        "model": 2,
        "sequence": 17,
        "status": 1,
        "fuel": 6976,
        "fault": 0.6733,
        "weapon": 0,
        "pilot_injury": 0.8549,
        "pilot_skill": 0.0194,
        "mission_priority": 0.8879,
        "estimated_landing_time": 1604.0,
        "wait_time": 0,
        "Landing_success_rate": 1.0
    },
    {
        "model": 1,
        "sequence": 4,
        "status": 1,
        "fuel": 5833,
        "fault": 0.8538,
        "weapon": 1,
        "pilot_injury": 0.7874,
        "pilot_skill": 0.2813,
        "mission_priority": 0.3564,
        "estimated_landing_time": 382.0,
        "wait_time": 0,
        "Landing_success_rate": 1.0
    },
    {
        "model": 0,
        "sequence": 25,
        "status": 1,
        "fuel": 6504,
        "fault": 0.1099,
        "weapon": 0,
        "pilot_injury": 0.292,
        "pilot_skill": 0.9924,
        "mission_priority": 0.737,
        "estimated_landing_time": 2356.0,
        "wait_time": 0,
        "Landing_success_rate": 1.0
    },
    {
        "model": 1,
        "sequence": 15,
        "status": 1,
        "fuel": 6377,
        "fault": 0.8847,
        "weapon": 1,
        "pilot_injury": 0.4354,
        "pilot_skill": 0.8603,
        "mission_priority": 0.329,
        "estimated_landing_time": 1416.0,
        "wait_time": 0,
        "Landing_success_rate": 1.0
    },
    {
        "model": 0,
        "sequence": 7,
        "status": 1,
        "fuel": 6244,
        "fault": 0.4857,
        "weapon": 0,
        "pilot_injury": 0.9843,
        "pilot_skill": 0.3592,
        "mission_priority": 0.2205,
        "estimated_landing_time": 664.0,
        "wait_time": 0,
        "Landing_success_rate": 1.0
    },
    {
        "model": 2,
        "sequence": 23,
        "status": 1,
        "fuel": 6003,
        "fault": 0.2055,
        "weapon": 0,
        "pilot_injury": 0.2329,
        "pilot_skill": 0.6164,
        "mission_priority": 0.0748,
        "estimated_landing_time": 2168.0,
        "wait_time": 0,
        "Landing_success_rate": 1.0
    },
    {
        "model": 2,
        "sequence": 1,
        "status": 1,
        "fuel": 6687,
        "fault": 0.2678,
        "weapon": 0,
        "pilot_injury": 0.5325,
        "pilot_skill": 0.3204,
        "mission_priority": 0.5703,
        "estimated_landing_time": 100.0,
        "wait_time": 0,
        "Landing_success_rate": 1.0
    },
    {
        "model": 0,
        "sequence": 29,
        "status": 1,
        "fuel": 7405,
        "fault": 0.1342,
        "weapon": 0,
        "pilot_injury": 0.2375,
        "pilot_skill": 0.4381,
        "mission_priority": 0.3983,
        "estimated_landing_time": 2732.0,
        "wait_time": 0,
        "Landing_success_rate": 1.0
    },
    {
        "model": 2,
        "sequence": 28,
        "status": 1,
        "fuel": 5661,
        "fault": 0.0263,
        "weapon": 0,
        "pilot_injury": 0.4134,
        "pilot_skill": 0.1816,
        "mission_priority": 0.5819,
        "estimated_landing_time": 2638.0,
        "wait_time": 0,
        "Landing_success_rate": 1.0
    },
    {
        "model": 0,
        "sequence": 16,
        "status": 1,
        "fuel": 6819,
        "fault": 0.037,
        "weapon": 0,
        "pilot_injury": 0.0691,
        "pilot_skill": 0.2646,
        "mission_priority": 0.4129,
        "estimated_landing_time": 1510.0,
        "wait_time": 0,
        "Landing_success_rate": 1.0
    },
    {
        "model": 0,
        "sequence": 8,
        "status": 1,
        "fuel": 6853,
        "fault": 0.3166,
        "weapon": 1,
        "pilot_injury": 0.493,
        "pilot_skill": 0.2461,
        "mission_priority": 0.9502,
        "estimated_landing_time": 758.0,
        "wait_time": 0,
        "Landing_success_rate": 1.0
    },
    {
        "model": 2,
        "sequence": 30,
        "status": 1,
        "fuel": 7015,
        "fault": 0.5203,
        "weapon": 0,
        "pilot_injury": 0.2453,
        "pilot_skill": 0.0768,
        "mission_priority": 0.7517,
        "estimated_landing_time": 2826.0,
        "wait_time": 0,
        "Landing_success_rate": 1.0
    },
    {
        "model": 2,
        "sequence": 20,
        "status": 1,
        "fuel": 7265,
        "fault": 0.457,
        "weapon": 0,
        "pilot_injury": 0.7627,
        "pilot_skill": 0.2375,
        "mission_priority": 0.5184,
        "estimated_landing_time": 1886.0,
        "wait_time": 0,
        "Landing_success_rate": 1.0
    },
    {
        "model": 0,
        "sequence": 5,
        "status": 1,
        "fuel": 7074,
        "fault": 0.379,
        "weapon": 0,
        "pilot_injury": 0.0256,
        "pilot_skill": 0.3168,
        "mission_priority": 0.8825,
        "estimated_landing_time": 476.0,
        "wait_time": 0,
        "Landing_success_rate": 1.0
    },
    {
        "model": 0,
        "sequence": 26,
        "status": 1,
        "fuel": 6209,
        "fault": 0.5361,
        "weapon": 1,
        "pilot_injury": 0.5761,
        "pilot_skill": 0.3059,
        "mission_priority": 0.4673,
        "estimated_landing_time": 2450.0,
        "wait_time": 0,
        "Landing_success_rate": 1.0
    },
    {
        "model": 2,
        "sequence": 12,
        "status": 1,
        "fuel": 6352,
        "fault": 0.3358,
        "weapon": 0,
        "pilot_injury": 0.5159,
        "pilot_skill": 0.2782,
        "mission_priority": 0.7929,
        "estimated_landing_time": 1134.0,
        "wait_time": 0,
        "Landing_success_rate": 1.0
    },
    {
        "model": 2,
        "sequence": 18,
        "status": 1,
        "fuel": 6959,
        "fault": 0.9809,
        "weapon": 1,
        "pilot_injury": 0.32,
        "pilot_skill": 0.7886,
        "mission_priority": 0.3577,
        "estimated_landing_time": 1698.0,
        "wait_time": 0,
        "Landing_success_rate": 1.0
    },
    {
        "model": 0,
        "sequence": 19,
        "status": 1,
        "fuel": 7229,
        "fault": 0.7577,
        "weapon": 0,
        "pilot_injury": 0.1616,
        "pilot_skill": 0.3409,
        "mission_priority": 0.8029,
        "estimated_landing_time": 1792.0,
        "wait_time": 0,
        "Landing_success_rate": 1.0
    },
    {
        "model": 0,
        "sequence": 2,
        "status": 1,
        "fuel": 6856,
        "fault": 0.3413,
        "weapon": 1,
        "pilot_injury": 0.1564,
        "pilot_skill": 0.1776,
        "mission_priority": 0.043,
        "estimated_landing_time": 194.0,
        "wait_time": 0,
        "Landing_success_rate": 1.0
    },
    {
        "model": 0,
        "sequence": 13,
        "status": 1,
        "fuel": 7290,
        "fault": 0.7341,
        "weapon": 1,
        "pilot_injury": 0.4092,
        "pilot_skill": 0.2754,
        "mission_priority": 0.99,
        "estimated_landing_time": 1228.0,
        "wait_time": 0,
        "Landing_success_rate": 1.0
    },
    {
        "model": 2,
        "sequence": 22,
        "status": 1,
        "fuel": 6569,
        "fault": 0.1334,
        "weapon": 0,
        "pilot_injury": 0.2105,
        "pilot_skill": 0.247,
        "mission_priority": 0.5684,
        "estimated_landing_time": 2074.0,
        "wait_time": 0,
        "Landing_success_rate": 1.0
    }
]