[
    {
        "model": 1,
        "sequence": 3,
        "status": 1,
        "fuel": 7094,
        "fault": 0.4177,
        "weapon": 0,
        "pilot_injury": 0.4454,
        "pilot_skill": 0.8395,
        "mission_priority": 0.6282,
        "estimated_landing_time": 288.0,
        "wait_time": 0,
        "Landing_success_rate": 1.0
    },
    {
        "model": 0,
        "sequence": 6,
        "status": 1,
        "fuel": 6765,
        "fault": 0.7556,
        "weapon": 1,
        "pilot_injury": 0.7277,
        "pilot_skill": 0.2649,
        "mission_priority": 0.5049,
        "estimated_landing_time": 570.0,
        "wait_time": 0,
        "Landing_success_rate": 1.0
    },
    {
        "model": 2,
        "sequence": 16,
        "status": 1,
        "fuel": 6527,
        "fault": 0.1571,
        "weapon": 0,
        "pilot_injury": 0.7106,
        "pilot_skill": 0.2358,
        "mission_priority": 0.3973,
        "estimated_landing_time": 1510.0,
        "wait_time": 0,
        "Landing_success_rate": 1.0
    },
    {
        "model": 2,
        "sequence": 13,
        "status": 1,
        "fuel": 7138,
        "fault": 0.3152,
        "weapon": 1,
        "pilot_injury": 0.0671,
        "pilot_skill": 0.3379,
        "mission_priority": 0.0817,
        "estimated_landing_time": 1228.0,
        "wait_time": 0,
        "Landing_success_rate": 1.0
    },
    {
        "model": 2,
        "sequence": 28,
        "status": 1,
        "fuel": 6266,
        "fault": 0.4198,
        "weapon": 0,
        "pilot_injury": 0.94,
        "pilot_skill": 0.9665,
        "mission_priority": 0.3047,
        "estimated_landing_time": 2638.0,
        "wait_time": 0,
        "Landing_success_rate": 1.0
    },
    {
        "model": 0,
        "sequence": 30,
        "status": 1,
        "fuel": 6962,
        "fault": 0.5268,
        "weapon": 0,
        "pilot_injury": 0.9049,
        "pilot_skill": 0.5869,
        "mission_priority": 0.6101,
        "estimated_landing_time": 2826.0,
        "wait_time": 0,
        "Landing_success_rate": 1.0
    },
    {
        "model": 1,
        "sequence": 11,
        "status": 1,
        "fuel": 5882,
        "fault": 0.0246,
        "weapon": 1,
        "pilot_injury": 0.8283,
        "pilot_skill": 0.7734,
        "mission_priority": 0.8772,
        "estimated_landing_time": 1040.0,
        "wait_time": 0,
        "Landing_success_rate": 1.0
    },
    {
        "model": 1,
        "sequence": 5,
        "status": 1,
        "fuel": 6555,
        "fault": 0.624,
        "weapon": 0,
        "pilot_injury": 0.9734,
        "pilot_skill": 0.7091,
        "mission_priority": 0.3702,
        "estimated_landing_time": 476.0,
        "wait_time": 0,
        "Landing_success_rate": 1.0
    },
    {
        "model": 0,
        "sequence": 1,
        "status": 1,
        "fuel": 5556,
        "fault": 0.8722,
        "weapon": 0,
        "pilot_injury": 0.3611,
        "pilot_skill": 0.8266,
        "mission_priority": 0.1481,
        "estimated_landing_time": 100.0,
        "wait_time": 0,
        "Landing_success_rate": 1.0
    },
    {
        "model": 1,
        "sequence": 20,
        "status": 1,
        "fuel": 5913,
        "fault": 0.7187,
        "weapon": 0,
        "pilot_injury": 0.1527,
        "pilot_skill": 0.858,
        "mission_priority": 0.2395,
        "estimated_landing_time": 1886.0,
        "wait_time": 0,
        "Landing_success_rate": 1.0
    },
    {
        "model": 0,
        "sequence": 23,
        "status": 1,
        "fuel": 5606,
        "fault": 0.7659,
        "weapon": 1,
        "pilot_injury": 0.9339,
        "pilot_skill": 0.2191,
        "mission_priority": 0.0696,
        "estimated_landing_time": 2168.0,
        "wait_time": 0,
        "Landing_success_rate": 1.0
    },
    {
        "model": 0,
        "sequence": 12,
        "status": 1,
        "fuel": 5889,
        "fault": 0.945,
        "weapon": 0,
        "pilot_injury": 0.9441,
        "pilot_skill": 0.824,
        "mission_priority": 0.0819,
        "estimated_landing_time": 1134.0,
        "wait_time": 0,
        "Landing_success_rate": 1.0
    },
    {
        "model": 2,
        "sequence": 26,
        "status": 1,
        "fuel": 5861,
        "fault": 0.0549,
        "weapon": 0,
        "pilot_injury": 0.3298,
        "pilot_skill": 0.3515,
        "mission_priority": 0.5996,
        "estimated_landing_time": 2450.0,
        "wait_time": 0,
        "Landing_success_rate": 1.0
    },
    {
        "model": 1,
        "sequence": 17,
        "status": 1,
        "fuel": 6188,
        "fault": 0.8812,
        "weapon": 0,
        "pilot_injury": 0.3292,
        "pilot_skill": 0.5871,
        "mission_priority": 0.1714,
        "estimated_landing_time": 1604.0,
        "wait_time": 0,
        "Landing_success_rate": 1.0
    },
    {
        "model": 2,
        "sequence": 9,
        "status": 1,
        "fuel": 5885,
        "fault": 0.136,
        "weapon": 1,
        "pilot_injury": 0.9496,
        "pilot_skill": 0.6299,
        "mission_priority": 0.3631,
        "estimated_landing_time": 852.0,
        "wait_time": 0,
        "Landing_success_rate": 1.0
    },
    {
        "model": 1,
        "sequence": 27,
        "status": 1,
        "fuel": 6522,
        "fault": 0.6669,
        "weapon": 1,
        "pilot_injury": 0.8005,
        "pilot_skill": 0.2628,
        "mission_priority": 0.417,
        "estimated_landing_time": 2544.0,
        "wait_time": 0,
        "Landing_success_rate": 1.0
    },
    {
        "model": 0,
        "sequence": 7,
        "status": 1,
        "fuel": 6107,
        "fault": 0.3159,
        "weapon": 0,
        "pilot_injury": 0.3109,
        "pilot_skill": 0.7527,
        "mission_priority": 0.0122,
        "estimated_landing_time": 664.0,
        "wait_time": 0,
        "Landing_success_rate": 1.0
    },
    {
        "model": 2,
        "sequence": 4,
        "status": 1,
        "fuel": 7273,
        "fault": 0.4649,
        "weapon": 1,
        "pilot_injury": 0.1288,
        "pilot_skill": 0.277,
        "mission_priority": 0.7622,
        "estimated_landing_time": 382.0,
        "wait_time": 0,
        "Landing_success_rate": 1.0
    },
    {
        "model": 0,
        "sequence": 22,
        "status": 1,
        "fuel": 5516,
        "fault": 0.7412,
        "weapon": 0,
        "pilot_injury": 0.339,
        "pilot_skill": 0.8292,
        "mission_priority": 0.0671,
        "estimated_landing_time": 2074.0,
        "wait_time": 0,
        "Landing_success_rate": 1.0
    },
    {
        "model": 0,
        "sequence": 10,
        "status": 1,
        "fuel": 6174,
        "fault": 0.4814,
        "weapon": 0,
        "pilot_injury": 0.4484,
        "pilot_skill": 0.7978,
        "mission_priority": 0.9253,
        "estimated_landing_time": 946.0,
        "wait_time": 0,
        "Landing_success_rate": 1.0
    },
    {
        "model": 2,
        "sequence": 25,
        "status": 1,
        "fuel": 6813,
        "fault": 0.4663,
        "weapon": 1,
        "pilot_injury": 0.213,
        "pilot_skill": 0.4512,
        "mission_priority": 0.9236,
        "estimated_landing_time": 2356.0,
        "wait_time": 0,
        "Landing_success_rate": 1.0
    },
    {
        "model": 2,
        "sequence": 18,
        "status": 1,
        "fuel": 5612,
        "fault": 0.0909,
        "weapon": 1,
        "pilot_injury": 0.3373,
        "pilot_skill": 0.5146,
        "mission_priority": 0.5986,
        "estimated_landing_time": 1698.0,
        "wait_time": 0,
        "Landing_success_rate": 1.0
    },
    {
        "model": 1,
        "sequence": 24,
        "status": 1,
        "fuel": 5864,
        "fault": 0.9646,
        "weapon": 0,
        "pilot_injury": 0.5845,
        "pilot_skill": 0.665,
        "mission_priority": 0.8629,
        "estimated_landing_time": 2262.0,
        "wait_time": 0,
        "Landing_success_rate": 1.0
    },
    {
        "model": 1,
        "sequence": 14,
        "status": 1,
        "fuel": 6585,
        "fault": 0.0576,
        "weapon": 0,
        "pilot_injury": 0.6233,
        "pilot_skill": 0.7166,
        "mission_priority": 0.1459,
        "estimated_landing_time": 1322.0,
        "wait_time": 0,
        "Landing_success_rate": 1.0
    },
    {
        "model": 2,
        "sequence": 15,
        "status": 1,
        "fuel": 6423,
        "fault": 0.757,
        "weapon": 0,
        "pilot_injury": 0.7993,
        "pilot_skill": 0.1615,
        "mission_priority": 0.7418,
        "estimated_landing_time": 1416.0,
        "wait_time": 0,
        "Landing_success_rate": 1.0
    },
    {
        "model": 1,
        "sequence": 19,
        "status": 1,
        "fuel": 7225,
        "fault": 0.134,
        "weapon": 0,
        "pilot_injury": 0.1435,
        "pilot_skill": 0.2707,
        "mission_priority": 0.9845,
        "estimated_landing_time": 1792.0,
        "wait_time": 0,
        "Landing_success_rate": 1.0
    },
    {
        "model": 0,
        "sequence": 2,
        "status": 1,
        "fuel": 5924,
        "fault": 0.9185,
        "weapon": 0,
        "pilot_injury": 0.6769,
        "pilot_skill": 0.0946,
        "mission_priority": 0.109,
        "estimated_landing_time": 194.0,
        "wait_time": 0,
        "Landing_success_rate": 1.0
    },
    {
        "model": 0,
        "sequence": 21,
        "status": 1,
        "fuel": 5561,
        "fault": 0.2569,
        "weapon": 1,
        "pilot_injury": 0.9093,
        "pilot_skill": 0.826,
        "mission_priority": 0.9831,
        "estimated_landing_time": 1980.0,
        "wait_time": 0,
        "Landing_success_rate": 1.0
    },
    {
        "model": 0,
        "sequence": 8,
        "status": 1,
        "fuel": 5550,
        "fault": 0.3417,
        "weapon": 0,
        "pilot_injury": 0.3049,
        "pilot_skill": 0.4215,
        "mission_priority": 0.396,
        "estimated_landing_time": 758.0,
        "wait_time": 0,
        "Landing_success_rate": 1.0
    },
    {
        "model": 0,
        "sequence": 29,
        "status": 1,
        "fuel": 7206,
        "fault": 0.4068,
        "weapon": 1,
        "pilot_injury": 0.0247,
        "pilot_skill": 0.7299,
        "mission_priority": 0.4071,
        "estimated_landing_time": 2732.0,
        "wait_time": 0,
        "Landing_success_rate": 1.0
    }
]