[
    {
        "model": 1,
        "sequence": 20,
        "status": 1,
        "fuel": 6241,
        "fault": 0.3939,
        "weapon": 1,
        "pilot_injury": 0.0105,
        "pilot_skill": 0.4297,
        "mission_priority": 0.0897,
        "estimated_landing_time": 1886.0,
        "wait_time": 0,
        "Landing_success_rate": 1.0
    },
    {
        "model": 1,
        "sequence": 29,
        "status": 1,
        "fuel": 6914,
        "fault": 0.5051,
        "weapon": 1,
        "pilot_injury": 0.2236,
        "pilot_skill": 0.262,
        "mission_priority": 0.2834,
        "estimated_landing_time": 2732.0,
        "wait_time": 0,
        "Landing_success_rate": 1.0
    },
    {
        "model": 2,
        "sequence": 24,
        "status": 1,
        "fuel": 7395,
        "fault": 0.4913,
        "weapon": 1,
        "pilot_injury": 0.018,
        "pilot_skill": 0.7468,
        "mission_priority": 0.7677,
        "estimated_landing_time": 2262.0,
        "wait_time": 0,
        "Landing_success_rate": 1.0
    },
    {
        "model": 0,
        "sequence": 15,
        "status": 1,
        "fuel": 5958,
        "fault": 0.7703,
        "weapon": 1,
        "pilot_injury": 0.7818,
        "pilot_skill": 0.1231,
        "mission_priority": 0.9798,
        "estimated_landing_time": 1416.0,
        "wait_time": 0,
        "Landing_success_rate": 1.0
    },
    {
        "model": 1,
        "sequence": 30,
        "status": 1,
        "fuel": 6712,
        "fault": 0.5451,
        "weapon": 1,
        "pilot_injury": 0.6534,
        "pilot_skill": 0.6048,
        "mission_priority": 0.9902,
        "estimated_landing_time": 2826.0,
        "wait_time": 0,
        "Landing_success_rate": 1.0
    },
    {
        "model": 1,
        "sequence": 22,
        "status": 1,
        "fuel": 6044,
        "fault": 0.733,
        "weapon": 1,
        "pilot_injury": 0.2945,
        "pilot_skill": 0.3752,
        "mission_priority": 0.3164,
        "estimated_landing_time": 2074.0,
        "wait_time": 0,
        "Landing_success_rate": 1.0
    },
    {
        "model": 1,
        "sequence": 27,
        "status": 1,
        "fuel": 5893,
        "fault": 0.4119,
        "weapon": 1,
        "pilot_injury": 0.0049,
        "pilot_skill": 0.6791,
        "mission_priority": 0.6645,
        "estimated_landing_time": 2544.0,
        "wait_time": 0,
        "Landing_success_rate": 1.0
    },
    {
        "model": 1,
        "sequence": 1,
        "status": 1,
        "fuel": 5565,
        "fault": 0.9487,
        "weapon": 0,
        "pilot_injury": 0.283,
        "pilot_skill": 0.4536,
        "mission_priority": 0.3587,
        "estimated_landing_time": 100.0,
        "wait_time": 0,
        "Landing_success_rate": 1.0
    },
    {
        "model": 2,
        "sequence": 17,
        "status": 1,
        "fuel": 6572,
        "fault": 0.9012,
        "weapon": 0,
        "pilot_injury": 0.206,
        "pilot_skill": 0.121,
        "mission_priority": 0.8393,
        "estimated_landing_time": 1604.0,
        "wait_time": 0,
        "Landing_success_rate": 1.0
    },
    {
        "model": 2,
        "sequence": 7,
        "status": 1,
        "fuel": 7467,
        "fault": 0.0591,
        "weapon": 0,
        "pilot_injury": 0.0514,
        "pilot_skill": 0.6061,
        "mission_priority": 0.2077,
        "estimated_landing_time": 664.0,
        "wait_time": 0,
        "Landing_success_rate": 1.0
    },
    {
        "model": 2,
        "sequence": 14,
        "status": 1,
        "fuel": 7186,
        "fault": 0.4033,
        "weapon": 0,
        "pilot_injury": 0.5971,
        "pilot_skill": 0.1714,
        "mission_priority": 0.6515,
        "estimated_landing_time": 1322.0,
        "wait_time": 0,
        "Landing_success_rate": 1.0
    },
    {
        "model": 0,
        "sequence": 13,
        "status": 1,
        "fuel": 6734,
        "fault": 0.1467,
        "weapon": 1,
        "pilot_injury": 0.1489,
        "pilot_skill": 0.587,
        "mission_priority": 0.6353,
        "estimated_landing_time": 1228.0,
        "wait_time": 0,
        "Landing_success_rate": 1.0
    },
    {
        "model": 2,
        "sequence": 12,
        "status": 1,
        "fuel": 7054,
        "fault": 0.9902,
        "weapon": 0,
        "pilot_injury": 0.953,
        "pilot_skill": 0.5219,
        "mission_priority": 0.2456,
        "estimated_landing_time": 1134.0,
        "wait_time": 0,
        "Landing_success_rate": 1.0
    },
    {
        "model": 1,
        "sequence": 23,
        "status": 1,
        "fuel": 5674,
        "fault": 0.1802,
        "weapon": 1,
        "pilot_injury": 0.1101,
        "pilot_skill": 0.8824,
        "mission_priority": 0.1059,
        "estimated_landing_time": 2168.0,
        "wait_time": 0,
        "Landing_success_rate": 1.0
    },
    {
        "model": 1,
        "sequence": 4,
        "status": 1,
        "fuel": 5696,
        "fault": 0.8607,
        "weapon": 0,
        "pilot_injury": 0.3827,
        "pilot_skill": 0.4059,
        "mission_priority": 0.1203,
        "estimated_landing_time": 382.0,
        "wait_time": 0,
        "Landing_success_rate": 1.0
    },
    {
        "model": 0,
        "sequence": 10,
        "status": 1,
        "fuel": 6367,
        "fault": 0.5345,
        "weapon": 0,
        "pilot_injury": 0.3895,
        "pilot_skill": 0.1101,
        "mission_priority": 0.2003,
        "estimated_landing_time": 946.0,
        "wait_time": 0,
        "Landing_success_rate": 1.0
    },
    {
        "model": 0,
        "sequence": 5,
        "status": 1,
        "fuel": 6562,
        "fault": 0.7912,
        "weapon": 1,
        "pilot_injury": 0.8035,
        "pilot_skill": 0.3935,
        "mission_priority": 0.6199,
        "estimated_landing_time": 476.0,
        "wait_time": 0,
        "Landing_success_rate": 1.0
    },
    {
        "model": 1,
        "sequence": 16,
        "status": 1,
        "fuel": 6956,
        "fault": 0.5312,
        "weapon": 0,
        "pilot_injury": 0.6055,
        "pilot_skill": 0.5541,
        "mission_priority": 0.4784,
        "estimated_landing_time": 1510.0,
        "wait_time": 0,
        "Landing_success_rate": 1.0
    },
    {
        "model": 2,
        "sequence": 19,
        "status": 1,
        "fuel": 6233,
        "fault": 0.1901,
        "weapon": 1,
        "pilot_injury": 0.5045,
        "pilot_skill": 0.4791,
        "mission_priority": 0.3194,
        "estimated_landing_time": 1792.0,
        "wait_time": 0,
        "Landing_success_rate": 1.0
    },
    {
        "model": 2,
        "sequence": 2,
        "status": 1,
        "fuel": 6149,
        "fault": 0.4404,
        "weapon": 1,
        "pilot_injury": 0.803,
        "pilot_skill": 0.2477,
        "mission_priority": 0.8454,
        "estimated_landing_time": 194.0,
        "wait_time": 0,
        "Landing_success_rate": 1.0
    },
    {
        "model": 1,
        "sequence": 8,
        "status": 1,
        "fuel": 6268,
        "fault": 0.3006,
        "weapon": 0,
        "pilot_injury": 0.0138,
        "pilot_skill": 0.0768,
        "mission_priority": 0.8829,
        "estimated_landing_time": 758.0,
        "wait_time": 0,
        "Landing_success_rate": 1.0
    },
    {
        "model": 0,
        "sequence": 25,
        "status": 1,
        "fuel": 7314,
        "fault": 0.3013,
        "weapon": 1,
        "pilot_injury": 0.0617,
        "pilot_skill": 0.8111,
        "mission_priority": 0.2552,
        "estimated_landing_time": 2356.0,
        "wait_time": 0,
        "Landing_success_rate": 1.0
    },
    {
        "model": 1,
        "sequence": 28,
        "status": 1,
        "fuel": 7479,
        "fault": 0.3052,
        "weapon": 1,
        "pilot_injury": 0.7152,
        "pilot_skill": 0.4618,
        "mission_priority": 0.0277,
        "estimated_landing_time": 2638.0,
        "wait_time": 0,
        "Landing_success_rate": 1.0
    },
    {
        "model": 0,
        "sequence": 26,
        "status": 1,
        "fuel": 7469,
        "fault": 0.65,
        "weapon": 1,
        "pilot_injury": 0.4122,
        "pilot_skill": 0.1832,
        "mission_priority": 0.7203,
        "estimated_landing_time": 2450.0,
        "wait_time": 0,
        "Landing_success_rate": 1.0
    },
    {
        "model": 2,
        "sequence": 9,
        "status": 1,
        "fuel": 7310,
        "fault": 0.6799,
        "weapon": 1,
        "pilot_injury": 0.5711,
        "pilot_skill": 0.2454,
        "mission_priority": 0.8226,
        "estimated_landing_time": 852.0,
        "wait_time": 0,
        "Landing_success_rate": 1.0
    },
    {
        "model": 2,
        "sequence": 3,
        "status": 1,
        "fuel": 6756,
        "fault": 0.1385,
        "weapon": 0,
        "pilot_injury": 0.3799,
        "pilot_skill": 0.6369,
        "mission_priority": 0.1782,
        "estimated_landing_time": 288.0,
        "wait_time": 0,
        "Landing_success_rate": 1.0
    },
    {
        "model": 1,
        "sequence": 11,
        "status": 1,
        "fuel": 6631,
        "fault": 0.082,
        "weapon": 0,
        "pilot_injury": 0.8909,
        "pilot_skill": 0.5267,
        "mission_priority": 0.1319,
        "estimated_landing_time": 1040.0,
        "wait_time": 0,
        "Landing_success_rate": 1.0
    },
    {
        "model": 2,
        "sequence": 6,
        "status": 1,
        "fuel": 5729,
        "fault": 0.4359,
        "weapon": 1,
        "pilot_injury": 0.9797,
        "pilot_skill": 0.167,
        "mission_priority": 0.7514,
        "estimated_landing_time": 570.0,
        "wait_time": 0,
        "Landing_success_rate": 1.0
    },
    {
        "model": 1,
        "sequence": 18,
        "status": 1,
        "fuel": 6767,
        "fault": 0.9463,
        "weapon": 1,
        "pilot_injury": 0.0966,
        "pilot_skill": 0.4371,
        "mission_priority": 0.5961,
        "estimated_landing_time": 1698.0,
        "wait_time": 0,
        "Landing_success_rate": 1.0
    },
    {
        "model": 1,
        "sequence": 21,
        "status": 1,
        "fuel": 7101,
        "fault": 0.5162,
        "weapon": 1,
        "pilot_injury": 0.1843,
        "pilot_skill": 0.9671,
        "mission_priority": 0.6386,
        "estimated_landing_time": 1980.0,
        "wait_time": 0,
        "Landing_success_rate": 1.0
    }
]