[
    {
        "model": 2,
        "sequence": 17,
        "status": 1,
        "fuel": 7468,
        "fault": 0.5502,
        "weapon": 1,
        "pilot_injury": 0.7308,
        "pilot_skill": 0.6985,
        "mission_priority": 0.2573,
        "estimated_landing_time": 1604.0,
        "wait_time": 0,
        "Landing_success_rate": 1.0
    },
    {
        "model": 0,
        "sequence": 11,
        "status": 1,
        "fuel": 6384,
        "fault": 0.0179,
        "weapon": 0,
        "pilot_injury": 0.9309,
        "pilot_skill": 0.4997,
        "mission_priority": 0.3005,
        "estimated_landing_time": 1040.0,
        "wait_time": 0,
        "Landing_success_rate": 1.0
    },
    {
        "model": 2,
        "sequence": 1,
        "status": 1,
        "fuel": 5807,
        "fault": 0.5519,
        "weapon": 0,
        "pilot_injury": 0.9764,
        "pilot_skill": 0.6283,
        "mission_priority": 0.1547,
        "estimated_landing_time": 100.0,
        "wait_time": 0,
        "Landing_success_rate": 1.0
    },
    {
        "model": 1,
        "sequence": 23,
        "status": 1,
        "fuel": 6137,
        "fault": 0.8995,
        "weapon": 1,
        "pilot_injury": 0.0387,
        "pilot_skill": 0.1002,
        "mission_priority": 0.7861,
        "estimated_landing_time": 2168.0,
        "wait_time": 0,
        "Landing_success_rate": 1.0
    },
    {
        "model": 1,
        "sequence": 25,
        "status": 1,
        "fuel": 6156,
        "fault": 0.4034,
        "weapon": 0,
        "pilot_injury": 0.4981,
        "pilot_skill": 0.5972,
        "mission_priority": 0.4187,
        "estimated_landing_time": 2356.0,
        "wait_time": 0,
        "Landing_success_rate": 1.0
    },
    {
        "model": 1,
        "sequence": 21,
        "status": 1,
        "fuel": 6317,
        "fault": 0.3672,
        "weapon": 1,
        "pilot_injury": 0.4403,
        "pilot_skill": 0.7979,
        "mission_priority": 0.0846,
        "estimated_landing_time": 1980.0,
        "wait_time": 0,
        "Landing_success_rate": 1.0
    },
    {
        "model": 0,
        "sequence": 27,
        "status": 1,
        "fuel": 5997,
        "fault": 0.0153,
        "weapon": 1,
        "pilot_injury": 0.5591,
        "pilot_skill": 0.0432,
        "mission_priority": 0.86,
        "estimated_landing_time": 2544.0,
        "wait_time": 0,
        "Landing_success_rate": 1.0
    },
    {
        "model": 2,
        "sequence": 29,
        "status": 1,
        "fuel": 6385,
        "fault": 0.9911,
        "weapon": 0,
        "pilot_injury": 0.3265,
        "pilot_skill": 0.212,
        "mission_priority": 0.3637,
        "estimated_landing_time": 2732.0,
        "wait_time": 0,
        "Landing_success_rate": 1.0
    },
    {
        "model": 0,
        "sequence": 7,
        "status": 1,
        "fuel": 5687,
        "fault": 0.2573,
        "weapon": 0,
        "pilot_injury": 0.0607,
        "pilot_skill": 0.1145,
        "mission_priority": 0.777,
        "estimated_landing_time": 664.0,
        "wait_time": 0,
        "Landing_success_rate": 1.0
    },
    {
        "model": 0,
        "sequence": 30,
        "status": 1,
        "fuel": 6837,
        "fault": 0.7597,
        "weapon": 0,
        "pilot_injury": 0.4249,
        "pilot_skill": 0.5071,
        "mission_priority": 0.0032,
        "estimated_landing_time": 2826.0,
        "wait_time": 0,
        "Landing_success_rate": 1.0
    },
    {
        "model": 0,
        "sequence": 2,
        "status": 1,
        "fuel": 7315,
        "fault": 0.3144,
        "weapon": 1,
        "pilot_injury": 0.0979,
        "pilot_skill": 0.5333,
        "mission_priority": 0.7441,
        "estimated_landing_time": 194.0,
        "wait_time": 0,
        "Landing_success_rate": 1.0
    },
    {
        "model": 0,
        "sequence": 4,
        "status": 1,
        "fuel": 7289,
        "fault": 0.5033,
        "weapon": 0,
        "pilot_injury": 0.399,
        "pilot_skill": 0.7041,
        "mission_priority": 0.6956,
        "estimated_landing_time": 382.0,
        "wait_time": 0,
        "Landing_success_rate": 1.0
    },
    {
        "model": 2,
        "sequence": 5,
        "status": 1,
        "fuel": 5918,
        "fault": 0.4715,
        "weapon": 0,
        "pilot_injury": 0.382,
        "pilot_skill": 0.9924,
        "mission_priority": 0.555,
        "estimated_landing_time": 476.0,
        "wait_time": 0,
        "Landing_success_rate": 1.0
    },
    {
        "model": 1,
        "sequence": 24,
        "status": 1,
        "fuel": 7198,
        "fault": 0.2132,
        "weapon": 1,
        "pilot_injury": 0.6863,
        "pilot_skill": 0.5788,
        "mission_priority": 0.6374,
        "estimated_landing_time": 2262.0,
        "wait_time": 0,
        "Landing_success_rate": 1.0
    },
    {
        "model": 1,
        "sequence": 12,
        "status": 1,
        "fuel": 6959,
        "fault": 0.3171,
        "weapon": 1,
        "pilot_injury": 0.5091,
        "pilot_skill": 0.5902,
        "mission_priority": 0.4717,
        "estimated_landing_time": 1134.0,
        "wait_time": 0,
        "Landing_success_rate": 1.0
    },
    {
        "model": 1,
        "sequence": 28,
        "status": 1,
        "fuel": 6072,
        "fault": 0.5432,
        "weapon": 1,
        "pilot_injury": 0.3398,
        "pilot_skill": 0.4959,
        "mission_priority": 0.4486,
        "estimated_landing_time": 2638.0,
        "wait_time": 0,
        "Landing_success_rate": 1.0
    },
    {
        "model": 2,
        "sequence": 18,
        "status": 1,
        "fuel": 7238,
        "fault": 0.5337,
        "weapon": 1,
        "pilot_injury": 0.2319,
        "pilot_skill": 0.4999,
        "mission_priority": 0.9246,
        "estimated_landing_time": 1698.0,
        "wait_time": 0,
        "Landing_success_rate": 1.0
    },
    {
        "model": 2,
        "sequence": 13,
        "status": 1,
        "fuel": 7301,
        "fault": 0.037,
        "weapon": 0,
        "pilot_injury": 0.2652,
        "pilot_skill": 0.9223,
        "mission_priority": 0.0876,
        "estimated_landing_time": 1228.0,
        "wait_time": 0,
        "Landing_success_rate": 1.0
    },
    {
        "model": 2,
        "sequence": 16,
        "status": 1,
        "fuel": 7348,
        "fault": 0.3865,
        "weapon": 1,
        "pilot_injury": 0.7697,
        "pilot_skill": 0.7513,
        "mission_priority": 0.0871,
        "estimated_landing_time": 1510.0,
        "wait_time": 0,
        "Landing_success_rate": 1.0
    },
    {
        "model": 1,
        "sequence": 20,
        "status": 1,
        "fuel": 5987,
        "fault": 0.0159,
        "weapon": 1,
        "pilot_injury": 0.2806,
        "pilot_skill": 0.3864,
        "mission_priority": 0.6345,
        "estimated_landing_time": 1886.0,
        "wait_time": 0,
        "Landing_success_rate": 1.0
    },
    {
        "model": 2,
        "sequence": 22,
        "status": 1,
        "fuel": 5847,
        "fault": 0.2164,
        "weapon": 1,
        "pilot_injury": 0.5646,
        "pilot_skill": 0.857,
        "mission_priority": 0.0782,
        "estimated_landing_time": 2074.0,
        "wait_time": 0,
        "Landing_success_rate": 1.0
    },
    {
        "model": 1,
        "sequence": 9,
        "status": 1,
        "fuel": 6537,
        "fault": 0.921,
        "weapon": 0,
        "pilot_injury": 0.3626,
        "pilot_skill": 0.3199,
        "mission_priority": 0.3373,
        "estimated_landing_time": 852.0,
        "wait_time": 0,
        "Landing_success_rate": 1.0
    },
    {
        "model": 1,
        "sequence": 19,
        "status": 1,
        "fuel": 7383,
        "fault": 0.2478,
        "weapon": 1,
        "pilot_injury": 0.268,
        "pilot_skill": 0.2944,
        "mission_priority": 0.8033,
        "estimated_landing_time": 1792.0,
        "wait_time": 0,
        "Landing_success_rate": 1.0
    },
    {
        "model": 0,
        "sequence": 26,
        "status": 1,
        "fuel": 6801,
        "fault": 0.7772,
        "weapon": 0,
        "pilot_injury": 0.9268,
        "pilot_skill": 0.93,
        "mission_priority": 0.7561,
        "estimated_landing_time": 2450.0,
        "wait_time": 0,
        "Landing_success_rate": 1.0
    },
    {
        "model": 2,
        "sequence": 14,
        "status": 1,
        "fuel": 6319,
        "fault": 0.3949,
        "weapon": 1,
        "pilot_injury": 0.7079,
        "pilot_skill": 0.8151,
        "mission_priority": 0.852,
        "estimated_landing_time": 1322.0,
        "wait_time": 0,
        "Landing_success_rate": 1.0
    },
    {
        "model": 0,
        "sequence": 6,
        "status": 1,
        "fuel": 7388,
        "fault": 0.2152,
        "weapon": 0,
        "pilot_injury": 0.7093,
        "pilot_skill": 0.8739,
        "mission_priority": 0.0454,
        "estimated_landing_time": 570.0,
        "wait_time": 0,
        "Landing_success_rate": 1.0
    },
    {
        "model": 2,
        "sequence": 8,
        "status": 1,
        "fuel": 5548,
        "fault": 0.8991,
        "weapon": 1,
        "pilot_injury": 0.8332,
        "pilot_skill": 0.1338,
        "mission_priority": 0.9097,
        "estimated_landing_time": 758.0,
        "wait_time": 0,
        "Landing_success_rate": 1.0
    },
    {
        "model": 2,
        "sequence": 10,
        "status": 1,
        "fuel": 6949,
        "fault": 0.6822,
        "weapon": 0,
        "pilot_injury": 0.3465,
        "pilot_skill": 0.9947,
        "mission_priority": 0.6338,
        "estimated_landing_time": 946.0,
        "wait_time": 0,
        "Landing_success_rate": 1.0
    },
    {
        "model": 0,
        "sequence": 3,
        "status": 1,
        "fuel": 6915,
        "fault": 0.6771,
        "weapon": 1,
        "pilot_injury": 0.1492,
        "pilot_skill": 0.001,
        "mission_priority": 0.5149,
        "estimated_landing_time": 288.0,
        "wait_time": 0,
        "Landing_success_rate": 1.0
    },
    {
        "model": 2,
        "sequence": 15,
        "status": 1,
        "fuel": 6960,
        "fault": 0.7137,
        "weapon": 1,
        "pilot_injury": 0.2164,
        "pilot_skill": 0.8311,
        "mission_priority": 0.3832,
        "estimated_landing_time": 1416.0,
        "wait_time": 0,
        "Landing_success_rate": 1.0
    }
]