[
    {
        "model": 2,
        "sequence": 7,
        "status": 1,
        "fuel": 7240,
        "fault": 0.9104,
        "weapon": 0,
        "pilot_injury": 0.9699,
        "pilot_skill": 0.3395,
        "mission_priority": 0.7401,
        "estimated_landing_time": 664.0,
        "wait_time": 0,
        "Landing_success_rate": 1.0
    },
    {
        "model": 1,
        "sequence": 19,
        "status": 1,
        "fuel": 7422,
        "fault": 0.4689,
        "weapon": 1,
        "pilot_injury": 0.7445,
        "pilot_skill": 0.3036,
        "mission_priority": 0.1971,
        "estimated_landing_time": 1792.0,
        "wait_time": 0,
        "Landing_success_rate": 1.0
    },
    {
        "model": 2,
        "sequence": 13,
        "status": 1,
        "fuel": 6275,
        "fault": 0.0898,
        "weapon": 0,
        "pilot_injury": 0.8311,
        "pilot_skill": 0.7374,
        "mission_priority": 0.3217,
        "estimated_landing_time": 1228.0,
        "wait_time": 0,
        "Landing_success_rate": 1.0
    },
    {
        "model": 2,
        "sequence": 12,
        "status": 1,
        "fuel": 6106,
        "fault": 0.3848,
        "weapon": 0,
        "pilot_injury": 0.1349,
        "pilot_skill": 0.4949,
        "mission_priority": 0.3555,
        "estimated_landing_time": 1134.0,
        "wait_time": 0,
        "Landing_success_rate": 1.0
    },
    {
        "model": 1,
        "sequence": 10,
        "status": 1,
        "fuel": 6763,
        "fault": 0.5529,
        "weapon": 1,
        "pilot_injury": 0.5601,
        "pilot_skill": 0.2796,
        "mission_priority": 0.1596,
        "estimated_landing_time": 946.0,
        "wait_time": 0,
        "Landing_success_rate": 1.0
    },
    {
        "model": 2,
        "sequence": 21,
        "status": 1,
        "fuel": 7058,
        "fault": 0.1359,
        "weapon": 1,
        "pilot_injury": 0.1691,
        "pilot_skill": 0.0758,
        "mission_priority": 0.7457,
        "estimated_landing_time": 1980.0,
        "wait_time": 0,
        "Landing_success_rate": 1.0
    },
    {
        "model": 0,
        "sequence": 1,
        "status": 1,
        "fuel": 7107,
        "fault": 0.3431,
        "weapon": 1,
        "pilot_injury": 0.5251,
        "pilot_skill": 0.6752,
        "mission_priority": 0.2148,
        "estimated_landing_time": 100.0,
        "wait_time": 0,
        "Landing_success_rate": 1.0
    },
    {
        "model": 0,
        "sequence": 8,
        "status": 1,
        "fuel": 5798,
        "fault": 0.5588,
        "weapon": 1,
        "pilot_injury": 0.315,
        "pilot_skill": 0.423,
        "mission_priority": 0.745,
        "estimated_landing_time": 758.0,
        "wait_time": 0,
        "Landing_success_rate": 1.0
    },
    {
        "model": 0,
        "sequence": 18,
        "status": 1,
        "fuel": 6113,
        "fault": 0.9834,
        "weapon": 1,
        "pilot_injury": 0.1187,
        "pilot_skill": 0.2561,
        "mission_priority": 0.0843,
        "estimated_landing_time": 1698.0,
        "wait_time": 0,
        "Landing_success_rate": 1.0
    },
    {
        "model": 2,
        "sequence": 15,
        "status": 1,
        "fuel": 5942,
        "fault": 0.5487,
        "weapon": 0,
        "pilot_injury": 0.4293,
        "pilot_skill": 0.9528,
        "mission_priority": 0.7275,
        "estimated_landing_time": 1416.0,
        "wait_time": 0,
        "Landing_success_rate": 1.0
    },
    {
        "model": 1,
        "sequence": 25,
        "status": 1,
        "fuel": 6244,
        "fault": 0.0867,
        "weapon": 1,
        "pilot_injury": 0.4937,
        "pilot_skill": 0.5038,
        "mission_priority": 0.5506,
        "estimated_landing_time": 2356.0,
        "wait_time": 0,
        "Landing_success_rate": 1.0
    },
    {
        "model": 1,
        "sequence": 20,
        "status": 1,
        "fuel": 6097,
        "fault": 0.6912,
        "weapon": 1,
        "pilot_injury": 0.0025,
        "pilot_skill": 0.8128,
        "mission_priority": 0.8235,
        "estimated_landing_time": 1886.0,
        "wait_time": 0,
        "Landing_success_rate": 1.0
    },
    {
        "model": 1,
        "sequence": 29,
        "status": 1,
        "fuel": 6351,
        "fault": 0.3494,
        "weapon": 0,
        "pilot_injury": 0.1592,
        "pilot_skill": 0.3539,
        "mission_priority": 0.8514,
        "estimated_landing_time": 2732.0,
        "wait_time": 0,
        "Landing_success_rate": 1.0
    },
    {
        "model": 1,
        "sequence": 26,
        "status": 1,
        "fuel": 6908,
        "fault": 0.0918,
        "weapon": 0,
        "pilot_injury": 0.3875,
        "pilot_skill": 0.1134,
        "mission_priority": 0.7885,
        "estimated_landing_time": 2450.0,
        "wait_time": 0,
        "Landing_success_rate": 1.0
    },
    {
        "model": 1,
        "sequence": 24,
        "status": 1,
        "fuel": 5548,
        "fault": 0.6849,
        "weapon": 1,
        "pilot_injury": 0.3902,
        "pilot_skill": 0.4062,
        "mission_priority": 0.2619,
        "estimated_landing_time": 2262.0,
        "wait_time": 0,
        "Landing_success_rate": 1.0
    },
    {
        "model": 2,
        "sequence": 3,
        "status": 1,
        "fuel": 6727,
        "fault": 0.6944,
        "weapon": 1,
        "pilot_injury": 0.0466,
        "pilot_skill": 0.324,
        "mission_priority": 0.7899,
        "estimated_landing_time": 288.0,
        "wait_time": 0,
        "Landing_success_rate": 1.0
    },
    {
        "model": 1,
        "sequence": 30,
        "status": 1,
        "fuel": 6836,
        "fault": 0.0025,
        "weapon": 1,
        "pilot_injury": 0.3321,
        "pilot_skill": 0.8498,
        "mission_priority": 0.8151,
        "estimated_landing_time": 2826.0,
        "wait_time": 0,
        "Landing_success_rate": 1.0
    },
    {
        "model": 0,
        "sequence": 14,
        "status": 1,
        "fuel": 7120,
        "fault": 0.6652,
        "weapon": 0,
        "pilot_injury": 0.2806,
        "pilot_skill": 0.4796,
        "mission_priority": 0.4628,
        "estimated_landing_time": 1322.0,
        "wait_time": 0,
        "Landing_success_rate": 1.0
    },
    {
        "model": 2,
        "sequence": 2,
        "status": 1,
        "fuel": 6589,
        "fault": 0.1836,
        "weapon": 1,
        "pilot_injury": 0.4879,
        "pilot_skill": 0.2816,
        "mission_priority": 0.5084,
        "estimated_landing_time": 194.0,
        "wait_time": 0,
        "Landing_success_rate": 1.0
    },
    {
        "model": 0,
        "sequence": 6,
        "status": 1,
        "fuel": 6780,
        "fault": 0.3685,
        "weapon": 1,
        "pilot_injury": 0.0249,
        "pilot_skill": 0.2356,
        "mission_priority": 0.2081,
        "estimated_landing_time": 570.0,
        "wait_time": 0,
        "Landing_success_rate": 1.0
    },
    {
        "model": 1,
        "sequence": 22,
        "status": 1,
        "fuel": 7433,
        "fault": 0.2823,
        "weapon": 1,
        "pilot_injury": 0.8908,
        "pilot_skill": 0.1244,
        "mission_priority": 0.6507,
        "estimated_landing_time": 2074.0,
        "wait_time": 0,
        "Landing_success_rate": 1.0
    },
    {
        "model": 1,
        "sequence": 5,
        "status": 1,
        "fuel": 6505,
        "fault": 0.8673,
        "weapon": 0,
        "pilot_injury": 0.9983,
        "pilot_skill": 0.226,
        "mission_priority": 0.2026,
        "estimated_landing_time": 476.0,
        "wait_time": 0,
        "Landing_success_rate": 1.0
    },
    {
        "model": 0,
        "sequence": 23,
        "status": 1,
        "fuel": 6628,
        "fault": 0.0554,
        "weapon": 0,
        "pilot_injury": 0.9825,
        "pilot_skill": 0.7014,
        "mission_priority": 0.5619,
        "estimated_landing_time": 2168.0,
        "wait_time": 0,
        "Landing_success_rate": 1.0
    },
    {
        "model": 0,
        "sequence": 17,
        "status": 1,
        "fuel": 6313,
        "fault": 0.6102,
        "weapon": 1,
        "pilot_injury": 0.6008,
        "pilot_skill": 0.2177,
        "mission_priority": 0.6712,
        "estimated_landing_time": 1604.0,
        "wait_time": 0,
        "Landing_success_rate": 1.0
    },
    {
        "model": 2,
        "sequence": 16,
        "status": 1,
        "fuel": 7059,
        "fault": 0.7321,
        "weapon": 0,
        "pilot_injury": 0.2599,
        "pilot_skill": 0.3128,
        "mission_priority": 0.6139,
        "estimated_landing_time": 1510.0,
        "wait_time": 0,
        "Landing_success_rate": 1.0
    },
    {
        "model": 1,
        "sequence": 9,
        "status": 1,
        "fuel": 5688,
        "fault": 0.5899,
        "weapon": 1,
        "pilot_injury": 0.1306,
        "pilot_skill": 0.1687,
        "mission_priority": 0.1979,
        "estimated_landing_time": 852.0,
        "wait_time": 0,
        "Landing_success_rate": 1.0
    },
    {
        "model": 1,
        "sequence": 11,
        "status": 1,
        "fuel": 5673,
        "fault": 0.8728,
        "weapon": 1,
        "pilot_injury": 0.4699,
        "pilot_skill": 0.6443,
        "mission_priority": 0.7291,
        "estimated_landing_time": 1040.0,
        "wait_time": 0,
        "Landing_success_rate": 1.0
    },
    {
        "model": 1,
        "sequence": 27,
        "status": 1,
        "fuel": 6601,
        "fault": 0.7061,
        "weapon": 1,
        "pilot_injury": 0.9884,
        "pilot_skill": 0.1218,
        "mission_priority": 0.6511,
        "estimated_landing_time": 2544.0,
        "wait_time": 0,
        "Landing_success_rate": 1.0
    },
    {
        "model": 0,
        "sequence": 4,
        "status": 1,
        "fuel": 5514,
        "fault": 0.6316,
        "weapon": 1,
        "pilot_injury": 0.285,
        "pilot_skill": 0.8464,
        "mission_priority": 0.6525,
        "estimated_landing_time": 382.0,
        "wait_time": 0,
        "Landing_success_rate": 1.0
    },
    {
        "model": 1,
        "sequence": 28,
        "status": 1,
        "fuel": 6031,
        "fault": 0.5842,
        "weapon": 0,
        "pilot_injury": 0.4661,
        "pilot_skill": 0.311,
        "mission_priority": 0.8777,
        "estimated_landing_time": 2638.0,
        "wait_time": 0,
        "Landing_success_rate": 1.0
    }
]