[
    {
        "model": 2,
        "sequence": 23,
        "status": 1,
        "fuel": 6777,
        "fault": 0.2611,
        "weapon": 1,
        "pilot_injury": 0.0449,
        "pilot_skill": 0.4521,
        "mission_priority": 0.9998,
        "estimated_landing_time": 2168.0,
        "wait_time": 0,
        "Landing_success_rate": 1.0
    },
    {
        "model": 1,
        "sequence": 17,
        "status": 1,
        "fuel": 5721,
        "fault": 0.4201,
        "weapon": 1,
        "pilot_injury": 0.1894,
        "pilot_skill": 0.1175,
        "mission_priority": 0.8386,
        "estimated_landing_time": 1604.0,
        "wait_time": 0,
        "Landing_success_rate": 1.0
    },
    {
        "model": 2,
        "sequence": 29,
        "status": 1,
        "fuel": 5842,
        "fault": 0.285,
        "weapon": 0,
        "pilot_injury": 0.4214,
        "pilot_skill": 0.7487,
        "mission_priority": 0.536,
        "estimated_landing_time": 2732.0,
        "wait_time": 0,
        "Landing_success_rate": 1.0
    },
    {
        "model": 2,
        "sequence": 8,
        "status": 1,
        "fuel": 6216,
        "fault": 0.689,
        "weapon": 1,
        "pilot_injury": 0.1226,
        "pilot_skill": 0.5948,
        "mission_priority": 0.826,
        "estimated_landing_time": 758.0,
        "wait_time": 0,
        "Landing_success_rate": 1.0
    },
    {
        "model": 0,
        "sequence": 30,
        "status": 1,
        "fuel": 6347,
        "fault": 0.041,
        "weapon": 1,
        "pilot_injury": 0.9289,
        "pilot_skill": 0.3945,
        "mission_priority": 0.1372,
        "estimated_landing_time": 2826.0,
        "wait_time": 0,
        "Landing_success_rate": 1.0
    },
    {
        "model": 1,
        "sequence": 4,
        "status": 1,
        "fuel": 7097,
        "fault": 0.0001,
        "weapon": 0,
        "pilot_injury": 0.589,
        "pilot_skill": 0.8108,
        "mission_priority": 0.5356,
        "estimated_landing_time": 382.0,
        "wait_time": 0,
        "Landing_success_rate": 1.0
    },
    {
        "model": 2,
        "sequence": 7,
        "status": 1,
        "fuel": 6157,
        "fault": 0.517,
        "weapon": 1,
        "pilot_injury": 0.8564,
        "pilot_skill": 0.0635,
        "mission_priority": 0.9002,
        "estimated_landing_time": 664.0,
        "wait_time": 0,
        "Landing_success_rate": 1.0
    },
    {
        "model": 1,
        "sequence": 27,
        "status": 1,
        "fuel": 7461,
        "fault": 0.3922,
        "weapon": 1,
        "pilot_injury": 0.1039,
        "pilot_skill": 0.8835,
        "mission_priority": 0.0737,
        "estimated_landing_time": 2544.0,
        "wait_time": 0,
        "Landing_success_rate": 1.0
    },
    {
        "model": 2,
        "sequence": 12,
        "status": 1,
        "fuel": 6535,
        "fault": 0.4462,
        "weapon": 0,
        "pilot_injury": 0.0369,
        "pilot_skill": 0.5315,
        "mission_priority": 0.9983,
        "estimated_landing_time": 1134.0,
        "wait_time": 0,
        "Landing_success_rate": 1.0
    },
    {
        "model": 0,
        "sequence": 24,
        "status": 1,
        "fuel": 6192,
        "fault": 0.9433,
        "weapon": 0,
        "pilot_injury": 0.8843,
        "pilot_skill": 0.4518,
        "mission_priority": 0.2733,
        "estimated_landing_time": 2262.0,
        "wait_time": 0,
        "Landing_success_rate": 1.0
    },
    {
        "model": 1,
        "sequence": 28,
        "status": 1,
        "fuel": 7032,
        "fault": 0.4858,
        "weapon": 1,
        "pilot_injury": 0.8797,
        "pilot_skill": 0.6242,
        "mission_priority": 0.136,
        "estimated_landing_time": 2638.0,
        "wait_time": 0,
        "Landing_success_rate": 1.0
    },
    {
        "model": 1,
        "sequence": 15,
        "status": 1,
        "fuel": 6366,
        "fault": 0.213,
        "weapon": 1,
        "pilot_injury": 0.4715,
        "pilot_skill": 0.365,
        "mission_priority": 0.4742,
        "estimated_landing_time": 1416.0,
        "wait_time": 0,
        "Landing_success_rate": 1.0
    },
    {
        "model": 0,
        "sequence": 21,
        "status": 1,
        "fuel": 5815,
        "fault": 0.9187,
        "weapon": 0,
        "pilot_injury": 0.9179,
        "pilot_skill": 0.0444,
        "mission_priority": 0.5693,
        "estimated_landing_time": 1980.0,
        "wait_time": 0,
        "Landing_success_rate": 1.0
    },
    {
        "model": 0,
        "sequence": 13,
        "status": 1,
        "fuel": 6977,
        "fault": 0.8025,
        "weapon": 1,
        "pilot_injury": 0.9115,
        "pilot_skill": 0.245,
        "mission_priority": 0.8333,
        "estimated_landing_time": 1228.0,
        "wait_time": 0,
        "Landing_success_rate": 1.0
    },
    {
        "model": 0,
        "sequence": 22,
        "status": 1,
        "fuel": 6745,
        "fault": 0.5127,
        "weapon": 1,
        "pilot_injury": 0.8692,
        "pilot_skill": 0.9692,
        "mission_priority": 0.9971,
        "estimated_landing_time": 2074.0,
        "wait_time": 0,
        "Landing_success_rate": 1.0
    },
    {
        "model": 0,
        "sequence": 16,
        "status": 1,
        "fuel": 5796,
        "fault": 0.4267,
        "weapon": 1,
        "pilot_injury": 0.8747,
        "pilot_skill": 0.6543,
        "mission_priority": 0.3233,
        "estimated_landing_time": 1510.0,
        "wait_time": 0,
        "Landing_success_rate": 1.0
    },
    {
        "model": 1,
        "sequence": 18,
        "status": 1,
        "fuel": 6215,
        "fault": 0.9061,
        "weapon": 1,
        "pilot_injury": 0.4528,
        "pilot_skill": 0.4545,
        "mission_priority": 0.9959,
        "estimated_landing_time": 1698.0,
        "wait_time": 0,
        "Landing_success_rate": 1.0
    },
    {
        "model": 0,
        "sequence": 1,
        "status": 1,
        "fuel": 7103,
        "fault": 0.9398,
        "weapon": 1,
        "pilot_injury": 0.5386,
        "pilot_skill": 0.8849,
        "mission_priority": 0.5845,
        "estimated_landing_time": 100.0,
        "wait_time": 0,
        "Landing_success_rate": 1.0
    },
    {
        "model": 1,
        "sequence": 20,
        "status": 1,
        "fuel": 5800,
        "fault": 0.0549,
        "weapon": 1,
        "pilot_injury": 0.2553,
        "pilot_skill": 0.3969,
        "mission_priority": 0.6411,
        "estimated_landing_time": 1886.0,
        "wait_time": 0,
        "Landing_success_rate": 1.0
    },
    {
        "model": 2,
        "sequence": 6,
        "status": 1,
        "fuel": 5725,
        "fault": 0.9456,
        "weapon": 1,
        "pilot_injury": 0.8992,
        "pilot_skill": 0.2951,
        "mission_priority": 0.966,
        "estimated_landing_time": 570.0,
        "wait_time": 0,
        "Landing_success_rate": 1.0
    },
    {
        "model": 2,
        "sequence": 10,
        "status": 1,
        "fuel": 6856,
        "fault": 0.2509,
        "weapon": 1,
        "pilot_injury": 0.055,
        "pilot_skill": 0.3387,
        "mission_priority": 0.2588,
        "estimated_landing_time": 946.0,
        "wait_time": 0,
        "Landing_success_rate": 1.0
    },
    {
        "model": 0,
        "sequence": 19,
        "status": 1,
        "fuel": 5661,
        "fault": 0.8605,
        "weapon": 0,
        "pilot_injury": 0.8845,
        "pilot_skill": 0.5893,
        "mission_priority": 0.4355,
        "estimated_landing_time": 1792.0,
        "wait_time": 0,
        "Landing_success_rate": 1.0
    },
    {
        "model": 0,
        "sequence": 9,
        "status": 1,
        "fuel": 5651,
        "fault": 0.5773,
        "weapon": 0,
        "pilot_injury": 0.618,
        "pilot_skill": 0.3929,
        "mission_priority": 0.9366,
        "estimated_landing_time": 852.0,
        "wait_time": 0,
        "Landing_success_rate": 1.0
    },
    {
        "model": 1,
        "sequence": 11,
        "status": 1,
        "fuel": 5591,
        "fault": 0.8714,
        "weapon": 0,
        "pilot_injury": 0.6204,
        "pilot_skill": 0.3165,
        "mission_priority": 0.7366,
        "estimated_landing_time": 1040.0,
        "wait_time": 0,
        "Landing_success_rate": 1.0
    },
    {
        "model": 1,
        "sequence": 26,
        "status": 1,
        "fuel": 7021,
        "fault": 0.9969,
        "weapon": 0,
        "pilot_injury": 0.4024,
        "pilot_skill": 0.1499,
        "mission_priority": 0.4132,
        "estimated_landing_time": 2450.0,
        "wait_time": 0,
        "Landing_success_rate": 1.0
    },
    {
        "model": 2,
        "sequence": 3,
        "status": 1,
        "fuel": 5619,
        "fault": 0.9713,
        "weapon": 0,
        "pilot_injury": 0.8238,
        "pilot_skill": 0.4986,
        "mission_priority": 0.3464,
        "estimated_landing_time": 288.0,
        "wait_time": 0,
        "Landing_success_rate": 1.0
    },
    {
        "model": 1,
        "sequence": 2,
        "status": 1,
        "fuel": 7103,
        "fault": 0.3164,
        "weapon": 0,
        "pilot_injury": 0.0183,
        "pilot_skill": 0.5468,
        "mission_priority": 0.4792,
        "estimated_landing_time": 194.0,
        "wait_time": 0,
        "Landing_success_rate": 1.0
    },
    {
        "model": 0,
        "sequence": 25,
        "status": 1,
        "fuel": 7448,
        "fault": 0.0497,
        "weapon": 1,
        "pilot_injury": 0.1373,
        "pilot_skill": 0.3887,
        "mission_priority": 0.6211,
        "estimated_landing_time": 2356.0,
        "wait_time": 0,
        "Landing_success_rate": 1.0
    },
    {
        "model": 2,
        "sequence": 14,
        "status": 1,
        "fuel": 5859,
        "fault": 0.2214,
        "weapon": 1,
        "pilot_injury": 0.0678,
        "pilot_skill": 0.0306,
        "mission_priority": 0.002,
        "estimated_landing_time": 1322.0,
        "wait_time": 0,
        "Landing_success_rate": 1.0
    },
    {
        "model": 2,
        "sequence": 5,
        "status": 1,
        "fuel": 5760,
        "fault": 0.1995,
        "weapon": 1,
        "pilot_injury": 0.1028,
        "pilot_skill": 0.8562,
        "mission_priority": 0.2027,
        "estimated_landing_time": 476.0,
        "wait_time": 0,
        "Landing_success_rate": 1.0
    }
]