[
    {
        "model": 1,
        "sequence": 28,
        "status": 1,
        "fuel": 5977,
        "fault": 0.2269,
        "weapon": 0,
        "pilot_injury": 0.3242,
        "pilot_skill": 0.7434,
        "mission_priority": 0.5221,
        "estimated_landing_time": 2638.0,
        "wait_time": 0,
        "Landing_success_rate": 1.0
    },
    {
        "model": 1,
        "sequence": 3,
        "status": 1,
        "fuel": 5876,
        "fault": 0.5309,
        "weapon": 1,
        "pilot_injury": 0.2119,
        "pilot_skill": 0.1648,
        "mission_priority": 0.3724,
        "estimated_landing_time": 288.0,
        "wait_time": 0,
        "Landing_success_rate": 1.0
    },
    {
        "model": 2,
        "sequence": 13,
        "status": 1,
        "fuel": 6919,
        "fault": 0.0162,
        "weapon": 1,
        "pilot_injury": 0.1836,
        "pilot_skill": 0.9782,
        "mission_priority": 0.1457,
        "estimated_landing_time": 1228.0,
        "wait_time": 0,
        "Landing_success_rate": 1.0
    },
    {
        "model": 0,
        "sequence": 20,
        "status": 1,
        "fuel": 6905,
        "fault": 0.6584,
        "weapon": 0,
        "pilot_injury": 0.407,
        "pilot_skill": 0.3092,
        "mission_priority": 0.382,
        "estimated_landing_time": 1886.0,
        "wait_time": 0,
        "Landing_success_rate": 1.0
    },
    {
        "model": 2,
        "sequence": 21,
        "status": 1,
        "fuel": 7344,
        "fault": 0.5837,
        "weapon": 0,
        "pilot_injury": 0.5835,
        "pilot_skill": 0.6307,
        "mission_priority": 0.8445,
        "estimated_landing_time": 1980.0,
        "wait_time": 0,
        "Landing_success_rate": 1.0
    },
    {
        "model": 2,
        "sequence": 24,
        "status": 1,
        "fuel": 6865,
        "fault": 0.0052,
        "weapon": 0,
        "pilot_injury": 0.0789,
        "pilot_skill": 0.9613,
        "mission_priority": 0.9474,
        "estimated_landing_time": 2262.0,
        "wait_time": 0,
        "Landing_success_rate": 1.0
    },
    {
        "model": 1,
        "sequence": 15,
        "status": 1,
        "fuel": 5574,
        "fault": 0.3129,
        "weapon": 1,
        "pilot_injury": 0.2506,
        "pilot_skill": 0.7564,
        "mission_priority": 0.8779,
        "estimated_landing_time": 1416.0,
        "wait_time": 0,
        "Landing_success_rate": 1.0
    },
    {
        "model": 2,
        "sequence": 25,
        "status": 1,
        "fuel": 6530,
        "fault": 0.4852,
        "weapon": 0,
        "pilot_injury": 0.193,
        "pilot_skill": 0.3578,
        "mission_priority": 0.7231,
        "estimated_landing_time": 2356.0,
        "wait_time": 0,
        "Landing_success_rate": 1.0
    },
    {
        "model": 2,
        "sequence": 18,
        "status": 1,
        "fuel": 5953,
        "fault": 0.3347,
        "weapon": 0,
        "pilot_injury": 0.7667,
        "pilot_skill": 0.3347,
        "mission_priority": 0.0762,
        "estimated_landing_time": 1698.0,
        "wait_time": 0,
        "Landing_success_rate": 1.0
    },
    {
        "model": 1,
        "sequence": 1,
        "status": 1,
        "fuel": 7223,
        "fault": 0.9946,
        "weapon": 0,
        "pilot_injury": 0.3708,
        "pilot_skill": 0.7073,
        "mission_priority": 0.817,
        "estimated_landing_time": 100.0,
        "wait_time": 0,
        "Landing_success_rate": 1.0
    },
    {
        "model": 1,
        "sequence": 17,
        "status": 1,
        "fuel": 7458,
        "fault": 0.7678,
        "weapon": 0,
        "pilot_injury": 0.4759,
        "pilot_skill": 0.8483,
        "mission_priority": 0.5631,
        "estimated_landing_time": 1604.0,
        "wait_time": 0,
        "Landing_success_rate": 1.0
    },
    {
        "model": 1,
        "sequence": 8,
        "status": 1,
        "fuel": 6591,
        "fault": 0.0734,
        "weapon": 0,
        "pilot_injury": 0.3728,
        "pilot_skill": 0.4805,
        "mission_priority": 0.3648,
        "estimated_landing_time": 758.0,
        "wait_time": 0,
        "Landing_success_rate": 1.0
    },
    {
        "model": 0,
        "sequence": 12,
        "status": 1,
        "fuel": 5748,
        "fault": 0.9773,
        "weapon": 1,
        "pilot_injury": 0.3362,
        "pilot_skill": 0.2564,
        "mission_priority": 0.3539,
        "estimated_landing_time": 1134.0,
        "wait_time": 0,
        "Landing_success_rate": 1.0
    },
    {
        "model": 0,
        "sequence": 26,
        "status": 1,
        "fuel": 6068,
        "fault": 0.285,
        "weapon": 0,
        "pilot_injury": 0.7879,
        "pilot_skill": 0.8422,
        "mission_priority": 0.859,
        "estimated_landing_time": 2450.0,
        "wait_time": 0,
        "Landing_success_rate": 1.0
    },
    {
        "model": 2,
        "sequence": 9,
        "status": 1,
        "fuel": 7470,
        "fault": 0.9306,
        "weapon": 0,
        "pilot_injury": 0.4584,
        "pilot_skill": 0.3852,
        "mission_priority": 0.3819,
        "estimated_landing_time": 852.0,
        "wait_time": 0,
        "Landing_success_rate": 1.0
    },
    {
        "model": 2,
        "sequence": 2,
        "status": 1,
        "fuel": 7477,
        "fault": 0.743,
        "weapon": 0,
        "pilot_injury": 0.6163,
        "pilot_skill": 0.3823,
        "mission_priority": 0.3111,
        "estimated_landing_time": 194.0,
        "wait_time": 0,
        "Landing_success_rate": 1.0
    },
    {
        "model": 0,
        "sequence": 11,
        "status": 1,
        "fuel": 6532,
        "fault": 0.6993,
        "weapon": 1,
        "pilot_injury": 0.6011,
        "pilot_skill": 0.974,
        "mission_priority": 0.8327,
        "estimated_landing_time": 1040.0,
        "wait_time": 0,
        "Landing_success_rate": 1.0
    },
    {
        "model": 2,
        "sequence": 14,
        "status": 1,
        "fuel": 7095,
        "fault": 0.5571,
        "weapon": 0,
        "pilot_injury": 0.6739,
        "pilot_skill": 0.7266,
        "mission_priority": 0.4642,
        "estimated_landing_time": 1322.0,
        "wait_time": 0,
        "Landing_success_rate": 1.0
    },
    {
        "model": 1,
        "sequence": 5,
        "status": 1,
        "fuel": 6862,
        "fault": 0.2291,
        "weapon": 1,
        "pilot_injury": 0.2538,
        "pilot_skill": 0.94,
        "mission_priority": 0.6289,
        "estimated_landing_time": 476.0,
        "wait_time": 0,
        "Landing_success_rate": 1.0
    },
    {
        "model": 0,
        "sequence": 22,
        "status": 1,
        "fuel": 6732,
        "fault": 0.4081,
        "weapon": 0,
        "pilot_injury": 0.7167,
        "pilot_skill": 0.7078,
        "mission_priority": 0.5971,
        "estimated_landing_time": 2074.0,
        "wait_time": 0,
        "Landing_success_rate": 1.0
    },
    {
        "model": 2,
        "sequence": 10,
        "status": 1,
        "fuel": 6774,
        "fault": 0.9076,
        "weapon": 1,
        "pilot_injury": 0.3601,
        "pilot_skill": 0.9374,
        "mission_priority": 0.4793,
        "estimated_landing_time": 946.0,
        "wait_time": 0,
        "Landing_success_rate": 1.0
    },
    {
        "model": 2,
        "sequence": 27,
        "status": 1,
        "fuel": 6910,
        "fault": 0.5726,
        "weapon": 1,
        "pilot_injury": 0.1303,
        "pilot_skill": 0.3634,
        "mission_priority": 0.6083,
        "estimated_landing_time": 2544.0,
        "wait_time": 0,
        "Landing_success_rate": 1.0
    },
    {
        "model": 2,
        "sequence": 19,
        "status": 1,
        "fuel": 7231,
        "fault": 0.2766,
        "weapon": 1,
        "pilot_injury": 0.6103,
        "pilot_skill": 0.2954,
        "mission_priority": 0.3112,
        "estimated_landing_time": 1792.0,
        "wait_time": 0,
        "Landing_success_rate": 1.0
    },
    {
        "model": 0,
        "sequence": 23,
        "status": 1,
        "fuel": 7424,
        "fault": 0.6539,
        "weapon": 1,
        "pilot_injury": 0.0043,
        "pilot_skill": 0.0266,
        "mission_priority": 0.3577,
        "estimated_landing_time": 2168.0,
        "wait_time": 0,
        "Landing_success_rate": 1.0
    },
    {
        "model": 0,
        "sequence": 7,
        "status": 1,
        "fuel": 7030,
        "fault": 0.2028,
        "weapon": 0,
        "pilot_injury": 0.8593,
        "pilot_skill": 0.2741,
        "mission_priority": 0.5031,
        "estimated_landing_time": 664.0,
        "wait_time": 0,
        "Landing_success_rate": 1.0
    },
    {
        "model": 0,
        "sequence": 6,
        "status": 1,
        "fuel": 5738,
        "fault": 0.6628,
        "weapon": 1,
        "pilot_injury": 0.7449,
        "pilot_skill": 0.125,
        "mission_priority": 0.0257,
        "estimated_landing_time": 570.0,
        "wait_time": 0,
        "Landing_success_rate": 1.0
    },
    {
        "model": 1,
        "sequence": 4,
        "status": 1,
        "fuel": 6036,
        "fault": 0.4722,
        "weapon": 0,
        "pilot_injury": 0.4363,
        "pilot_skill": 0.2888,
        "mission_priority": 0.3194,
        "estimated_landing_time": 382.0,
        "wait_time": 0,
        "Landing_success_rate": 1.0
    },
    {
        "model": 2,
        "sequence": 16,
        "status": 1,
        "fuel": 7293,
        "fault": 0.7081,
        "weapon": 0,
        "pilot_injury": 0.517,
        "pilot_skill": 0.5725,
        "mission_priority": 0.6661,
        "estimated_landing_time": 1510.0,
        "wait_time": 0,
        "Landing_success_rate": 1.0
    },
    {
        "model": 2,
        "sequence": 30,
        "status": 1,
        "fuel": 6333,
        "fault": 0.8252,
        "weapon": 0,
        "pilot_injury": 0.7622,
        "pilot_skill": 0.4487,
        "mission_priority": 0.3713,
        "estimated_landing_time": 2826.0,
        "wait_time": 0,
        "Landing_success_rate": 1.0
    },
    {
        "model": 1,
        "sequence": 29,
        "status": 1,
        "fuel": 7357,
        "fault": 0.902,
        "weapon": 1,
        "pilot_injury": 0.1378,
        "pilot_skill": 0.5427,
        "mission_priority": 0.6836,
        "estimated_landing_time": 2732.0,
        "wait_time": 0,
        "Landing_success_rate": 1.0
    }
]