[
    {
        "model": 2,
        "sequence": 9,
        "status": 1,
        "fuel": 6639,
        "fault": 0.4322,
        "weapon": 0,
        "pilot_injury": 0.7576,
        "pilot_skill": 0.0725,
        "mission_priority": 0.0779,
        "estimated_landing_time": 852.0,
        "wait_time": 0,
        "Landing_success_rate": 1.0
    },
    {
        "model": 0,
        "sequence": 14,
        "status": 1,
        "fuel": 7246,
        "fault": 0.0141,
        "weapon": 0,
        "pilot_injury": 0.2877,
        "pilot_skill": 0.2693,
        "mission_priority": 0.6177,
        "estimated_landing_time": 1322.0,
        "wait_time": 0,
        "Landing_success_rate": 1.0
    },
    {
        "model": 1,
        "sequence": 7,
        "status": 1,
        "fuel": 7355,
        "fault": 0.4085,
        "weapon": 0,
        "pilot_injury": 0.2497,
        "pilot_skill": 0.7402,
        "mission_priority": 0.3072,
        "estimated_landing_time": 664.0,
        "wait_time": 0,
        "Landing_success_rate": 1.0
    },
    {
        "model": 2,
        "sequence": 11,
        "status": 1,
        "fuel": 6344,
        "fault": 0.1287,
        "weapon": 0,
        "pilot_injury": 0.146,
        "pilot_skill": 0.9353,
        "mission_priority": 0.5472,
        "estimated_landing_time": 1040.0,
        "wait_time": 0,
        "Landing_success_rate": 1.0
    },
    {
        "model": 2,
        "sequence": 30,
        "status": 1,
        "fuel": 6921,
        "fault": 0.7934,
        "weapon": 1,
        "pilot_injury": 0.4643,
        "pilot_skill": 0.6247,
        "mission_priority": 0.8693,
        "estimated_landing_time": 2826.0,
        "wait_time": 0,
        "Landing_success_rate": 1.0
    },
    {
        "model": 1,
        "sequence": 12,
        "status": 1,
        "fuel": 5828,
        "fault": 0.2748,
        "weapon": 1,
        "pilot_injury": 0.0963,
        "pilot_skill": 0.0971,
        "mission_priority": 0.9458,
        "estimated_landing_time": 1134.0,
        "wait_time": 0,
        "Landing_success_rate": 1.0
    },
    {
        "model": 0,
        "sequence": 1,
        "status": 1,
        "fuel": 5890,
        "fault": 0.6902,
        "weapon": 0,
        "pilot_injury": 0.6431,
        "pilot_skill": 0.848,
        "mission_priority": 0.0584,
        "estimated_landing_time": 100.0,
        "wait_time": 0,
        "Landing_success_rate": 1.0
    },
    {
        "model": 2,
        "sequence": 5,
        "status": 1,
        "fuel": 7262,
        "fault": 0.6783,
        "weapon": 1,
        "pilot_injury": 0.8325,
        "pilot_skill": 0.4722,
        "mission_priority": 0.5036,
        "estimated_landing_time": 476.0,
        "wait_time": 0,
        "Landing_success_rate": 1.0
    },
    {
        "model": 1,
        "sequence": 8,
        "status": 1,
        "fuel": 6431,
        "fault": 0.0771,
        "weapon": 1,
        "pilot_injury": 0.8878,
        "pilot_skill": 0.3295,
        "mission_priority": 0.6192,
        "estimated_landing_time": 758.0,
        "wait_time": 0,
        "Landing_success_rate": 1.0
    },
    {
        "model": 0,
        "sequence": 16,
        "status": 1,
        "fuel": 6382,
        "fault": 0.775,
        "weapon": 1,
        "pilot_injury": 0.475,
        "pilot_skill": 0.3395,
        "mission_priority": 0.42,
        "estimated_landing_time": 1510.0,
        "wait_time": 0,
        "Landing_success_rate": 1.0
    },
    {
        "model": 0,
        "sequence": 27,
        "status": 1,
        "fuel": 6001,
        "fault": 0.8661,
        "weapon": 0,
        "pilot_injury": 0.8746,
        "pilot_skill": 0.5191,
        "mission_priority": 0.1901,
        "estimated_landing_time": 2544.0,
        "wait_time": 0,
        "Landing_success_rate": 1.0
    },
    {
        "model": 0,
        "sequence": 10,
        "status": 1,
        "fuel": 5859,
        "fault": 0.4524,
        "weapon": 1,
        "pilot_injury": 0.6243,
        "pilot_skill": 0.1991,
        "mission_priority": 0.1105,
        "estimated_landing_time": 946.0,
        "wait_time": 0,
        "Landing_success_rate": 1.0
    },
    {
        "model": 0,
        "sequence": 6,
        "status": 1,
        "fuel": 6296,
        "fault": 0.829,
        "weapon": 0,
        "pilot_injury": 0.3697,
        "pilot_skill": 0.3117,
        "mission_priority": 0.3742,
        "estimated_landing_time": 570.0,
        "wait_time": 0,
        "Landing_success_rate": 1.0
    },
    {
        "model": 0,
        "sequence": 21,
        "status": 1,
        "fuel": 5856,
        "fault": 0.8427,
        "weapon": 0,
        "pilot_injury": 0.9214,
        "pilot_skill": 0.113,
        "mission_priority": 0.9316,
        "estimated_landing_time": 1980.0,
        "wait_time": 0,
        "Landing_success_rate": 1.0
    },
    {
        "model": 1,
        "sequence": 15,
        "status": 1,
        "fuel": 6861,
        "fault": 0.3444,
        "weapon": 0,
        "pilot_injury": 0.4931,
        "pilot_skill": 0.1817,
        "mission_priority": 0.768,
        "estimated_landing_time": 1416.0,
        "wait_time": 0,
        "Landing_success_rate": 1.0
    },
    {
        "model": 0,
        "sequence": 2,
        "status": 1,
        "fuel": 6807,
        "fault": 0.4234,
        "weapon": 0,
        "pilot_injury": 0.783,
        "pilot_skill": 0.2737,
        "mission_priority": 0.9426,
        "estimated_landing_time": 194.0,
        "wait_time": 0,
        "Landing_success_rate": 1.0
    },
    {
        "model": 2,
        "sequence": 20,
        "status": 1,
        "fuel": 6715,
        "fault": 0.5247,
        "weapon": 0,
        "pilot_injury": 0.7799,
        "pilot_skill": 0.8132,
        "mission_priority": 0.8924,
        "estimated_landing_time": 1886.0,
        "wait_time": 0,
        "Landing_success_rate": 1.0
    },
    {
        "model": 1,
        "sequence": 22,
        "status": 1,
        "fuel": 6787,
        "fault": 0.3552,
        "weapon": 0,
        "pilot_injury": 0.1229,
        "pilot_skill": 0.8261,
        "mission_priority": 0.9461,
        "estimated_landing_time": 2074.0,
        "wait_time": 0,
        "Landing_success_rate": 1.0
    },
    {
        "model": 2,
        "sequence": 29,
        "status": 1,
        "fuel": 6786,
        "fault": 0.4248,
        "weapon": 1,
        "pilot_injury": 0.3227,
        "pilot_skill": 0.3829,
        "mission_priority": 0.761,
        "estimated_landing_time": 2732.0,
        "wait_time": 0,
        "Landing_success_rate": 1.0
    },
    {
        "model": 2,
        "sequence": 3,
        "status": 1,
        "fuel": 6062,
        "fault": 0.7096,
        "weapon": 0,
        "pilot_injury": 0.894,
        "pilot_skill": 0.1548,
        "mission_priority": 0.7592,
        "estimated_landing_time": 288.0,
        "wait_time": 0,
        "Landing_success_rate": 1.0
    },
    {
        "model": 0,
        "sequence": 24,
        "status": 1,
        "fuel": 7265,
        "fault": 0.0818,
        "weapon": 1,
        "pilot_injury": 0.0738,
        "pilot_skill": 0.2866,
        "mission_priority": 0.4248,
        "estimated_landing_time": 2262.0,
        "wait_time": 0,
        "Landing_success_rate": 1.0
    },
    {
        "model": 0,
        "sequence": 28,
        "status": 1,
        "fuel": 5878,
        "fault": 0.0851,
        "weapon": 1,
        "pilot_injury": 0.0452,
        "pilot_skill": 0.8019,
        "mission_priority": 0.0545,
        "estimated_landing_time": 2638.0,
        "wait_time": 0,
        "Landing_success_rate": 1.0
    },
    {
        "model": 1,
        "sequence": 18,
        "status": 1,
        "fuel": 6948,
        "fault": 0.3382,
        "weapon": 1,
        "pilot_injury": 0.4879,
        "pilot_skill": 0.0723,
        "mission_priority": 0.5617,
        "estimated_landing_time": 1698.0,
        "wait_time": 0,
        "Landing_success_rate": 1.0
    },
    {
        "model": 1,
        "sequence": 17,
        "status": 1,
        "fuel": 5829,
        "fault": 0.5082,
        "weapon": 0,
        "pilot_injury": 0.0356,
        "pilot_skill": 0.8789,
        "mission_priority": 0.8026,
        "estimated_landing_time": 1604.0,
        "wait_time": 0,
        "Landing_success_rate": 1.0
    },
    {
        "model": 2,
        "sequence": 26,
        "status": 1,
        "fuel": 5859,
        "fault": 0.0844,
        "weapon": 0,
        "pilot_injury": 0.6949,
        "pilot_skill": 0.144,
        "mission_priority": 0.9326,
        "estimated_landing_time": 2450.0,
        "wait_time": 0,
        "Landing_success_rate": 1.0
    },
    {
        "model": 0,
        "sequence": 13,
        "status": 1,
        "fuel": 5843,
        "fault": 0.408,
        "weapon": 1,
        "pilot_injury": 0.6068,
        "pilot_skill": 0.6366,
        "mission_priority": 0.879,
        "estimated_landing_time": 1228.0,
        "wait_time": 0,
        "Landing_success_rate": 1.0
    },
    {
        "model": 0,
        "sequence": 4,
        "status": 1,
        "fuel": 7079,
        "fault": 0.8464,
        "weapon": 1,
        "pilot_injury": 0.5984,
        "pilot_skill": 0.0761,
        "mission_priority": 0.4142,
        "estimated_landing_time": 382.0,
        "wait_time": 0,
        "Landing_success_rate": 1.0
    },
    {
        "model": 2,
        "sequence": 19,
        "status": 1,
        "fuel": 7191,
        "fault": 0.3378,
        "weapon": 0,
        "pilot_injury": 0.4823,
        "pilot_skill": 0.4886,
        "mission_priority": 0.618,
        "estimated_landing_time": 1792.0,
        "wait_time": 0,
        "Landing_success_rate": 1.0
    },
    {
        "model": 0,
        "sequence": 25,
        "status": 1,
        "fuel": 7181,
        "fault": 0.6525,
        "weapon": 1,
        "pilot_injury": 0.5046,
        "pilot_skill": 0.4243,
        "mission_priority": 0.2959,
        "estimated_landing_time": 2356.0,
        "wait_time": 0,
        "Landing_success_rate": 1.0
    },
    {
        "model": 1,
        "sequence": 23,
        "status": 1,
        "fuel": 5766,
        "fault": 0.161,
        "weapon": 1,
        "pilot_injury": 0.1221,
        "pilot_skill": 0.7333,
        "mission_priority": 0.2634,
        "estimated_landing_time": 2168.0,
        "wait_time": 0,
        "Landing_success_rate": 1.0
    }
]