[
    {
        "model": 1,
        "sequence": 18,
        "status": 1,
        "fuel": 7262,
        "fault": 0.136,
        "weapon": 1,
        "pilot_injury": 0.2834,
        "pilot_skill": 0.2548,
        "mission_priority": 0.5464,
        "estimated_landing_time": 1698.0,
        "wait_time": 0,
        "Landing_success_rate": 1.0
    },
    {
        "model": 1,
        "sequence": 8,
        "status": 1,
        "fuel": 5618,
        "fault": 0.005,
        "weapon": 0,
        "pilot_injury": 0.5653,
        "pilot_skill": 0.6097,
        "mission_priority": 0.5798,
        "estimated_landing_time": 758.0,
        "wait_time": 0,
        "Landing_success_rate": 1.0
    },
    {
        "model": 1,
        "sequence": 12,
        "status": 1,
        "fuel": 6230,
        "fault": 0.0641,
        "weapon": 0,
        "pilot_injury": 0.3526,
        "pilot_skill": 0.7319,
        "mission_priority": 0.346,
        "estimated_landing_time": 1134.0,
        "wait_time": 0,
        "Landing_success_rate": 1.0
    },
    {
        "model": 2,
        "sequence": 9,
        "status": 1,
        "fuel": 6403,
        "fault": 0.0425,
        "weapon": 1,
        "pilot_injury": 0.0664,
        "pilot_skill": 0.1153,
        "mission_priority": 0.8755,
        "estimated_landing_time": 852.0,
        "wait_time": 0,
        "Landing_success_rate": 1.0
    },
    {
        "model": 2,
        "sequence": 23,
        "status": 1,
        "fuel": 5525,
        "fault": 0.6336,
        "weapon": 1,
        "pilot_injury": 0.7686,
        "pilot_skill": 0.5679,
        "mission_priority": 0.7308,
        "estimated_landing_time": 2168.0,
        "wait_time": 0,
        "Landing_success_rate": 1.0
    },
    {
        "model": 0,
        "sequence": 27,
        "status": 1,
        "fuel": 6812,
        "fault": 0.0199,
        "weapon": 0,
        "pilot_injury": 0.3827,
        "pilot_skill": 0.9413,
        "mission_priority": 0.9719,
        "estimated_landing_time": 2544.0,
        "wait_time": 0,
        "Landing_success_rate": 1.0
    },
    {
        "model": 0,
        "sequence": 16,
        "status": 1,
        "fuel": 5777,
        "fault": 0.1059,
        "weapon": 0,
        "pilot_injury": 0.4479,
        "pilot_skill": 0.4965,
        "mission_priority": 0.758,
        "estimated_landing_time": 1510.0,
        "wait_time": 0,
        "Landing_success_rate": 1.0
    },
    {
        "model": 1,
        "sequence": 17,
        "status": 1,
        "fuel": 5792,
        "fault": 0.3764,
        "weapon": 0,
        "pilot_injury": 0.6804,
        "pilot_skill": 0.0241,
        "mission_priority": 0.7766,
        "estimated_landing_time": 1604.0,
        "wait_time": 0,
        "Landing_success_rate": 1.0
    },
    {
        "model": 2,
        "sequence": 26,
        "status": 1,
        "fuel": 7480,
        "fault": 0.62,
        "weapon": 0,
        "pilot_injury": 0.114,
        "pilot_skill": 0.1145,
        "mission_priority": 0.0357,
        "estimated_landing_time": 2450.0,
        "wait_time": 0,
        "Landing_success_rate": 1.0
    },
    {
        "model": 1,
        "sequence": 21,
        "status": 1,
        "fuel": 6647,
        "fault": 0.7299,
        "weapon": 0,
        "pilot_injury": 0.362,
        "pilot_skill": 0.7878,
        "mission_priority": 0.6261,
        "estimated_landing_time": 1980.0,
        "wait_time": 0,
        "Landing_success_rate": 1.0
    },
    {
        "model": 1,
        "sequence": 25,
        "status": 1,
        "fuel": 5713,
        "fault": 0.2913,
        "weapon": 1,
        "pilot_injury": 0.0079,
        "pilot_skill": 0.2585,
        "mission_priority": 0.1091,
        "estimated_landing_time": 2356.0,
        "wait_time": 0,
        "Landing_success_rate": 1.0
    },
    {
        "model": 1,
        "sequence": 2,
        "status": 1,
        "fuel": 5800,
        "fault": 0.3876,
        "weapon": 0,
        "pilot_injury": 0.4502,
        "pilot_skill": 0.3534,
        "mission_priority": 0.1432,
        "estimated_landing_time": 194.0,
        "wait_time": 0,
        "Landing_success_rate": 1.0
    },
    {
        "model": 1,
        "sequence": 6,
        "status": 1,
        "fuel": 5625,
        "fault": 0.2403,
        "weapon": 0,
        "pilot_injury": 0.0846,
        "pilot_skill": 0.8274,
        "mission_priority": 0.4884,
        "estimated_landing_time": 570.0,
        "wait_time": 0,
        "Landing_success_rate": 1.0
    },
    {
        "model": 1,
        "sequence": 10,
        "status": 1,
        "fuel": 7055,
        "fault": 0.5005,
        "weapon": 0,
        "pilot_injury": 0.1323,
        "pilot_skill": 0.8908,
        "mission_priority": 0.8978,
        "estimated_landing_time": 946.0,
        "wait_time": 0,
        "Landing_success_rate": 1.0
    },
    {
        "model": 2,
        "sequence": 24,
        "status": 1,
        "fuel": 6750,
        "fault": 0.9324,
        "weapon": 1,
        "pilot_injury": 0.6675,
        "pilot_skill": 0.185,
        "mission_priority": 0.329,
        "estimated_landing_time": 2262.0,
        "wait_time": 0,
        "Landing_success_rate": 1.0
    },
    {
        "model": 0,
        "sequence": 13,
        "status": 1,
        "fuel": 7267,
        "fault": 0.3815,
        "weapon": 0,
        "pilot_injury": 0.9853,
        "pilot_skill": 0.5464,
        "mission_priority": 0.6559,
        "estimated_landing_time": 1228.0,
        "wait_time": 0,
        "Landing_success_rate": 1.0
    },
    {
        "model": 1,
        "sequence": 20,
        "status": 1,
        "fuel": 6574,
        "fault": 0.3726,
        "weapon": 0,
        "pilot_injury": 0.336,
        "pilot_skill": 0.4123,
        "mission_priority": 0.5946,
        "estimated_landing_time": 1886.0,
        "wait_time": 0,
        "Landing_success_rate": 1.0
    },
    {
        "model": 2,
        "sequence": 5,
        "status": 1,
        "fuel": 5923,
        "fault": 0.52,
        "weapon": 1,
        "pilot_injury": 0.4709,
        "pilot_skill": 0.7515,
        "mission_priority": 0.0874,
        "estimated_landing_time": 476.0,
        "wait_time": 0,
        "Landing_success_rate": 1.0
    },
    {
        "model": 1,
        "sequence": 15,
        "status": 1,
        "fuel": 6609,
        "fault": 0.6826,
        "weapon": 0,
        "pilot_injury": 0.5391,
        "pilot_skill": 0.7678,
        "mission_priority": 0.2369,
        "estimated_landing_time": 1416.0,
        "wait_time": 0,
        "Landing_success_rate": 1.0
    },
    {
        "model": 2,
        "sequence": 14,
        "status": 1,
        "fuel": 6343,
        "fault": 0.9379,
        "weapon": 0,
        "pilot_injury": 0.1908,
        "pilot_skill": 0.4653,
        "mission_priority": 0.8761,
        "estimated_landing_time": 1322.0,
        "wait_time": 0,
        "Landing_success_rate": 1.0
    },
    {
        "model": 0,
        "sequence": 22,
        "status": 1,
        "fuel": 5716,
        "fault": 0.8549,
        "weapon": 1,
        "pilot_injury": 0.6532,
        "pilot_skill": 0.3576,
        "mission_priority": 0.0708,
        "estimated_landing_time": 2074.0,
        "wait_time": 0,
        "Landing_success_rate": 1.0
    },
    {
        "model": 0,
        "sequence": 29,
        "status": 1,
        "fuel": 6119,
        "fault": 0.2881,
        "weapon": 1,
        "pilot_injury": 0.968,
        "pilot_skill": 0.0398,
        "mission_priority": 0.5693,
        "estimated_landing_time": 2732.0,
        "wait_time": 0,
        "Landing_success_rate": 1.0
    },
    {
        "model": 2,
        "sequence": 30,
        "status": 1,
        "fuel": 6135,
        "fault": 0.5315,
        "weapon": 0,
        "pilot_injury": 0.0079,
        "pilot_skill": 0.0147,
        "mission_priority": 0.7769,
        "estimated_landing_time": 2826.0,
        "wait_time": 0,
        "Landing_success_rate": 1.0
    },
    {
        "model": 1,
        "sequence": 4,
        "status": 1,
        "fuel": 5857,
        "fault": 0.8954,
        "weapon": 1,
        "pilot_injury": 0.958,
        "pilot_skill": 0.9852,
        "mission_priority": 0.1614,
        "estimated_landing_time": 382.0,
        "wait_time": 0,
        "Landing_success_rate": 1.0
    },
    {
        "model": 0,
        "sequence": 28,
        "status": 1,
        "fuel": 6684,
        "fault": 0.526,
        "weapon": 0,
        "pilot_injury": 0.4524,
        "pilot_skill": 0.9247,
        "mission_priority": 0.754,
        "estimated_landing_time": 2638.0,
        "wait_time": 0,
        "Landing_success_rate": 1.0
    },
    {
        "model": 1,
        "sequence": 19,
        "status": 1,
        "fuel": 5887,
        "fault": 0.302,
        "weapon": 1,
        "pilot_injury": 0.4343,
        "pilot_skill": 0.4874,
        "mission_priority": 0.2989,
        "estimated_landing_time": 1792.0,
        "wait_time": 0,
        "Landing_success_rate": 1.0
    },
    {
        "model": 1,
        "sequence": 3,
        "status": 1,
        "fuel": 6076,
        "fault": 0.3563,
        "weapon": 0,
        "pilot_injury": 0.1807,
        "pilot_skill": 0.2037,
        "mission_priority": 0.2423,
        "estimated_landing_time": 288.0,
        "wait_time": 0,
        "Landing_success_rate": 1.0
    },
    {
        "model": 2,
        "sequence": 1,
        "status": 1,
        "fuel": 6539,
        "fault": 0.6823,
        "weapon": 0,
        "pilot_injury": 0.5096,
        "pilot_skill": 0.3089,
        "mission_priority": 0.9073,
        "estimated_landing_time": 100.0,
        "wait_time": 0,
        "Landing_success_rate": 1.0
    },
    {
        "model": 1,
        "sequence": 7,
        "status": 1,
        "fuel": 5642,
        "fault": 0.9331,
        "weapon": 0,
        "pilot_injury": 0.9242,
        "pilot_skill": 0.1631,
        "mission_priority": 0.4279,
        "estimated_landing_time": 664.0,
        "wait_time": 0,
        "Landing_success_rate": 1.0
    },
    {
        "model": 2,
        "sequence": 11,
        "status": 1,
        "fuel": 5620,
        "fault": 0.8641,
        "weapon": 1,
        "pilot_injury": 0.0089,
        "pilot_skill": 0.816,
        "mission_priority": 0.1116,
        "estimated_landing_time": 1040.0,
        "wait_time": 0,
        "Landing_success_rate": 1.0
    }
]