[
    {
        "model": 1,
        "sequence": 12,
        "status": 1,
        "fuel": 5837,
        "fault": 0.8956,
        "weapon": 0,
        "pilot_injury": 0.177,
        "pilot_skill": 0.5009,
        "mission_priority": 0.2794,
        "estimated_landing_time": 1134.0,
        "wait_time": 0,
        "Landing_success_rate": 1.0
    },
    {
        "model": 1,
        "sequence": 10,
        "status": 1,
        "fuel": 7053,
        "fault": 0.7696,
        "weapon": 1,
        "pilot_injury": 0.8028,
        "pilot_skill": 0.7837,
        "mission_priority": 0.6699,
        "estimated_landing_time": 946.0,
        "wait_time": 0,
        "Landing_success_rate": 1.0
    },
    {
        "model": 2,
        "sequence": 3,
        "status": 1,
        "fuel": 5828,
        "fault": 0.6426,
        "weapon": 0,
        "pilot_injury": 0.6827,
        "pilot_skill": 0.7818,
        "mission_priority": 0.8086,
        "estimated_landing_time": 288.0,
        "wait_time": 0,
        "Landing_success_rate": 1.0
    },
    {
        "model": 1,
        "sequence": 1,
        "status": 1,
        "fuel": 6759,
        "fault": 0.9847,
        "weapon": 1,
        "pilot_injury": 0.3418,
        "pilot_skill": 0.0077,
        "mission_priority": 0.4232,
        "estimated_landing_time": 100.0,
        "wait_time": 0,
        "Landing_success_rate": 1.0
    },
    {
        "model": 0,
        "sequence": 20,
        "status": 1,
        "fuel": 6514,
        "fault": 0.7322,
        "weapon": 1,
        "pilot_injury": 0.6748,
        "pilot_skill": 0.026,
        "mission_priority": 0.1443,
        "estimated_landing_time": 1886.0,
        "wait_time": 0,
        "Landing_success_rate": 1.0
    },
    {
        "model": 2,
        "sequence": 14,
        "status": 1,
        "fuel": 6817,
        "fault": 0.669,
        "weapon": 1,
        "pilot_injury": 0.7689,
        "pilot_skill": 0.9683,
        "mission_priority": 0.7019,
        "estimated_landing_time": 1322.0,
        "wait_time": 0,
        "Landing_success_rate": 1.0
    },
    {
        "model": 2,
        "sequence": 15,
        "status": 1,
        "fuel": 6470,
        "fault": 0.7764,
        "weapon": 1,
        "pilot_injury": 0.7382,
        "pilot_skill": 0.9348,
        "mission_priority": 0.4229,
        "estimated_landing_time": 1416.0,
        "wait_time": 0,
        "Landing_success_rate": 1.0
    },
    {
        "model": 0,
        "sequence": 29,
        "status": 1,
        "fuel": 7056,
        "fault": 0.9919,
        "weapon": 1,
        "pilot_injury": 0.8575,
        "pilot_skill": 0.7135,
        "mission_priority": 0.3547,
        "estimated_landing_time": 2732.0,
        "wait_time": 0,
        "Landing_success_rate": 1.0
    },
    {
        "model": 1,
        "sequence": 6,
        "status": 1,
        "fuel": 7246,
        "fault": 0.7862,
        "weapon": 0,
        "pilot_injury": 0.2885,
        "pilot_skill": 0.1866,
        "mission_priority": 0.8319,
        "estimated_landing_time": 570.0,
        "wait_time": 0,
        "Landing_success_rate": 1.0
    },
    {
        "model": 0,
        "sequence": 2,
        "status": 1,
        "fuel": 5673,
        "fault": 0.8844,
        "weapon": 0,
        "pilot_injury": 0.8889,
        "pilot_skill": 0.4946,
        "mission_priority": 0.5992,
        "estimated_landing_time": 194.0,
        "wait_time": 0,
        "Landing_success_rate": 1.0
    },
    {
        "model": 2,
        "sequence": 13,
        "status": 1,
        "fuel": 7456,
        "fault": 0.9919,
        "weapon": 0,
        "pilot_injury": 0.5755,
        "pilot_skill": 0.4059,
        "mission_priority": 0.5395,
        "estimated_landing_time": 1228.0,
        "wait_time": 0,
        "Landing_success_rate": 1.0
    },
    {
        "model": 0,
        "sequence": 30,
        "status": 1,
        "fuel": 7049,
        "fault": 0.833,
        "weapon": 1,
        "pilot_injury": 0.7725,
        "pilot_skill": 0.4141,
        "mission_priority": 0.786,
        "estimated_landing_time": 2826.0,
        "wait_time": 0,
        "Landing_success_rate": 1.0
    },
    {
        "model": 1,
        "sequence": 18,
        "status": 1,
        "fuel": 6955,
        "fault": 0.7102,
        "weapon": 1,
        "pilot_injury": 0.5674,
        "pilot_skill": 0.3,
        "mission_priority": 0.4529,
        "estimated_landing_time": 1698.0,
        "wait_time": 0,
        "Landing_success_rate": 1.0
    },
    {
        "model": 1,
        "sequence": 7,
        "status": 1,
        "fuel": 7191,
        "fault": 0.7484,
        "weapon": 0,
        "pilot_injury": 0.2053,
        "pilot_skill": 0.4562,
        "mission_priority": 0.4335,
        "estimated_landing_time": 664.0,
        "wait_time": 0,
        "Landing_success_rate": 1.0
    },
    {
        "model": 2,
        "sequence": 5,
        "status": 1,
        "fuel": 6347,
        "fault": 0.1485,
        "weapon": 0,
        "pilot_injury": 0.5187,
        "pilot_skill": 0.8301,
        "mission_priority": 0.6639,
        "estimated_landing_time": 476.0,
        "wait_time": 0,
        "Landing_success_rate": 1.0
    },
    {
        "model": 2,
        "sequence": 9,
        "status": 1,
        "fuel": 6754,
        "fault": 0.2907,
        "weapon": 0,
        "pilot_injury": 0.6471,
        "pilot_skill": 0.7585,
        "mission_priority": 0.0744,
        "estimated_landing_time": 852.0,
        "wait_time": 0,
        "Landing_success_rate": 1.0
    },
    {
        "model": 0,
        "sequence": 16,
        "status": 1,
        "fuel": 6790,
        "fault": 0.4475,
        "weapon": 1,
        "pilot_injury": 0.3706,
        "pilot_skill": 0.9108,
        "mission_priority": 0.5177,
        "estimated_landing_time": 1510.0,
        "wait_time": 0,
        "Landing_success_rate": 1.0
    },
    {
        "model": 1,
        "sequence": 8,
        "status": 1,
        "fuel": 5620,
        "fault": 0.5341,
        "weapon": 1,
        "pilot_injury": 0.5135,
        "pilot_skill": 0.3171,
        "mission_priority": 0.0204,
        "estimated_landing_time": 758.0,
        "wait_time": 0,
        "Landing_success_rate": 1.0
    },
    {
        "model": 0,
        "sequence": 27,
        "status": 1,
        "fuel": 5601,
        "fault": 0.7647,
        "weapon": 1,
        "pilot_injury": 0.5829,
        "pilot_skill": 0.7696,
        "mission_priority": 0.2346,
        "estimated_landing_time": 2544.0,
        "wait_time": 0,
        "Landing_success_rate": 1.0
    },
    {
        "model": 2,
        "sequence": 26,
        "status": 1,
        "fuel": 6448,
        "fault": 0.8491,
        "weapon": 0,
        "pilot_injury": 0.6216,
        "pilot_skill": 0.7756,
        "mission_priority": 0.2042,
        "estimated_landing_time": 2450.0,
        "wait_time": 0,
        "Landing_success_rate": 1.0
    },
    {
        "model": 0,
        "sequence": 24,
        "status": 1,
        "fuel": 6481,
        "fault": 0.1559,
        "weapon": 0,
        "pilot_injury": 0.709,
        "pilot_skill": 0.6861,
        "mission_priority": 0.9551,
        "estimated_landing_time": 2262.0,
        "wait_time": 0,
        "Landing_success_rate": 1.0
    },
    {
        "model": 1,
        "sequence": 22,
        "status": 1,
        "fuel": 6548,
        "fault": 0.1901,
        "weapon": 1,
        "pilot_injury": 0.7971,
        "pilot_skill": 0.1531,
        "mission_priority": 0.813,
        "estimated_landing_time": 2074.0,
        "wait_time": 0,
        "Landing_success_rate": 1.0
    },
    {
        "model": 2,
        "sequence": 25,
        "status": 1,
        "fuel": 7148,
        "fault": 0.721,
        "weapon": 1,
        "pilot_injury": 0.1621,
        "pilot_skill": 0.9836,
        "mission_priority": 0.6232,
        "estimated_landing_time": 2356.0,
        "wait_time": 0,
        "Landing_success_rate": 1.0
    },
    {
        "model": 0,
        "sequence": 11,
        "status": 1,
        "fuel": 6184,
        "fault": 0.9208,
        "weapon": 0,
        "pilot_injury": 0.3721,
        "pilot_skill": 0.0559,
        "mission_priority": 0.1084,
        "estimated_landing_time": 1040.0,
        "wait_time": 0,
        "Landing_success_rate": 1.0
    },
    {
        "model": 0,
        "sequence": 28,
        "status": 1,
        "fuel": 6595,
        "fault": 0.6884,
        "weapon": 1,
        "pilot_injury": 0.9882,
        "pilot_skill": 0.0676,
        "mission_priority": 0.8892,
        "estimated_landing_time": 2638.0,
        "wait_time": 0,
        "Landing_success_rate": 1.0
    },
    {
        "model": 1,
        "sequence": 23,
        "status": 1,
        "fuel": 6013,
        "fault": 0.9315,
        "weapon": 0,
        "pilot_injury": 0.1273,
        "pilot_skill": 0.9863,
        "mission_priority": 0.981,
        "estimated_landing_time": 2168.0,
        "wait_time": 0,
        "Landing_success_rate": 1.0
    },
    {
        "model": 1,
        "sequence": 19,
        "status": 1,
        "fuel": 5799,
        "fault": 0.1919,
        "weapon": 0,
        "pilot_injury": 0.8416,
        "pilot_skill": 0.6346,
        "mission_priority": 0.1288,
        "estimated_landing_time": 1792.0,
        "wait_time": 0,
        "Landing_success_rate": 1.0
    },
    {
        "model": 0,
        "sequence": 21,
        "status": 1,
        "fuel": 7160,
        "fault": 0.464,
        "weapon": 1,
        "pilot_injury": 0.8034,
        "pilot_skill": 0.8481,
        "mission_priority": 0.5438,
        "estimated_landing_time": 1980.0,
        "wait_time": 0,
        "Landing_success_rate": 1.0
    },
    {
        "model": 1,
        "sequence": 4,
        "status": 1,
        "fuel": 5952,
        "fault": 0.5517,
        "weapon": 1,
        "pilot_injury": 0.7777,
        "pilot_skill": 0.1706,
        "mission_priority": 0.7398,
        "estimated_landing_time": 382.0,
        "wait_time": 0,
        "Landing_success_rate": 1.0
    },
    {
        "model": 2,
        "sequence": 17,
        "status": 1,
        "fuel": 6971,
        "fault": 0.6845,
        "weapon": 1,
        "pilot_injury": 0.0777,
        "pilot_skill": 0.5884,
        "mission_priority": 0.0934,
        "estimated_landing_time": 1604.0,
        "wait_time": 0,
        "Landing_success_rate": 1.0
    }
]