[
    {
        "model": 1,
        "sequence": 1,
        "status": 1,
        "fuel": 6807,
        "fault": 0.2945,
        "weapon": 1,
        "pilot_injury": 0.4922,
        "pilot_skill": 0.776,
        "mission_priority": 0.4166,
        "estimated_landing_time": 100.0,
        "wait_time": 0,
        "Landing_success_rate": 1.0
    },
    {
        "model": 2,
        "sequence": 24,
        "status": 1,
        "fuel": 6422,
        "fault": 0.8953,
        "weapon": 0,
        "pilot_injury": 0.7233,
        "pilot_skill": 0.8518,
        "mission_priority": 0.7716,
        "estimated_landing_time": 2262.0,
        "wait_time": 0,
        "Landing_success_rate": 1.0
    },
    {
        "model": 2,
        "sequence": 6,
        "status": 1,
        "fuel": 6635,
        "fault": 0.0119,
        "weapon": 0,
        "pilot_injury": 0.3605,
        "pilot_skill": 0.7045,
        "mission_priority": 0.4365,
        "estimated_landing_time": 570.0,
        "wait_time": 0,
        "Landing_success_rate": 1.0
    },
    {
        "model": 2,
        "sequence": 14,
        "status": 1,
        "fuel": 5560,
        "fault": 0.5353,
        "weapon": 1,
        "pilot_injury": 0.3402,
        "pilot_skill": 0.8782,
        "mission_priority": 0.3235,
        "estimated_landing_time": 1322.0,
        "wait_time": 0,
        "Landing_success_rate": 1.0
    },
    {
        "model": 1,
        "sequence": 15,
        "status": 1,
        "fuel": 7324,
        "fault": 0.272,
        "weapon": 0,
        "pilot_injury": 0.0946,
        "pilot_skill": 0.3119,
        "mission_priority": 0.7745,
        "estimated_landing_time": 1416.0,
        "wait_time": 0,
        "Landing_success_rate": 1.0
    },
    {
        "model": 2,
        "sequence": 30,
        "status": 1,
        "fuel": 5775,
        "fault": 0.3489,
        "weapon": 1,
        "pilot_injury": 0.1724,
        "pilot_skill": 0.835,
        "mission_priority": 0.4758,
        "estimated_landing_time": 2826.0,
        "wait_time": 0,
        "Landing_success_rate": 1.0
    },
    {
        "model": 2,
        "sequence": 16,
        "status": 1,
        "fuel": 6478,
        "fault": 0.9139,
        "weapon": 1,
        "pilot_injury": 0.3411,
        "pilot_skill": 0.9016,
        "mission_priority": 0.9108,
        "estimated_landing_time": 1510.0,
        "wait_time": 0,
        "Landing_success_rate": 1.0
    },
    {
        "model": 1,
        "sequence": 26,
        "status": 1,
        "fuel": 6597,
        "fault": 0.0843,
        "weapon": 1,
        "pilot_injury": 0.929,
        "pilot_skill": 0.3004,
        "mission_priority": 0.1201,
        "estimated_landing_time": 2450.0,
        "wait_time": 0,
        "Landing_success_rate": 1.0
    },
    {
        "model": 0,
        "sequence": 7,
        "status": 1,
        "fuel": 5583,
        "fault": 0.1921,
        "weapon": 1,
        "pilot_injury": 0.0806,
        "pilot_skill": 0.9837,
        "mission_priority": 0.2938,
        "estimated_landing_time": 664.0,
        "wait_time": 0,
        "Landing_success_rate": 1.0
    },
    {
        "model": 0,
        "sequence": 23,
        "status": 1,
        "fuel": 5757,
        "fault": 0.6815,
        "weapon": 1,
        "pilot_injury": 0.4148,
        "pilot_skill": 0.4338,
        "mission_priority": 0.9066,
        "estimated_landing_time": 2168.0,
        "wait_time": 0,
        "Landing_success_rate": 1.0
    },
    {
        "model": 0,
        "sequence": 13,
        "status": 1,
        "fuel": 7284,
        "fault": 0.9898,
        "weapon": 0,
        "pilot_injury": 0.6659,
        "pilot_skill": 0.6975,
        "mission_priority": 0.1579,
        "estimated_landing_time": 1228.0,
        "wait_time": 0,
        "Landing_success_rate": 1.0
    },
    {
        "model": 1,
        "sequence": 19,
        "status": 1,
        "fuel": 6357,
        "fault": 0.0084,
        "weapon": 1,
        "pilot_injury": 0.6531,
        "pilot_skill": 0.3398,
        "mission_priority": 0.5513,
        "estimated_landing_time": 1792.0,
        "wait_time": 0,
        "Landing_success_rate": 1.0
    },
    {
        "model": 0,
        "sequence": 3,
        "status": 1,
        "fuel": 6896,
        "fault": 0.4473,
        "weapon": 0,
        "pilot_injury": 0.0715,
        "pilot_skill": 0.0616,
        "mission_priority": 0.8672,
        "estimated_landing_time": 288.0,
        "wait_time": 0,
        "Landing_success_rate": 1.0
    },
    {
        "model": 2,
        "sequence": 12,
        "status": 1,
        "fuel": 6048,
        "fault": 0.6214,
        "weapon": 0,
        "pilot_injury": 0.2184,
        "pilot_skill": 0.6989,
        "mission_priority": 0.3861,
        "estimated_landing_time": 1134.0,
        "wait_time": 0,
        "Landing_success_rate": 1.0
    },
    {
        "model": 0,
        "sequence": 22,
        "status": 1,
        "fuel": 7118,
        "fault": 0.7085,
        "weapon": 1,
        "pilot_injury": 0.6231,
        "pilot_skill": 0.7743,
        "mission_priority": 0.7488,
        "estimated_landing_time": 2074.0,
        "wait_time": 0,
        "Landing_success_rate": 1.0
    },
    {
        "model": 2,
        "sequence": 4,
        "status": 1,
        "fuel": 6838,
        "fault": 0.0295,
        "weapon": 0,
        "pilot_injury": 0.2232,
        "pilot_skill": 0.7067,
        "mission_priority": 0.2613,
        "estimated_landing_time": 382.0,
        "wait_time": 0,
        "Landing_success_rate": 1.0
    },
    {
        "model": 0,
        "sequence": 17,
        "status": 1,
        "fuel": 5630,
        "fault": 0.8686,
        "weapon": 0,
        "pilot_injury": 0.1223,
        "pilot_skill": 0.2499,
        "mission_priority": 0.0848,
        "estimated_landing_time": 1604.0,
        "wait_time": 0,
        "Landing_success_rate": 1.0
    },
    {
        "model": 0,
        "sequence": 2,
        "status": 1,
        "fuel": 7384,
        "fault": 0.4244,
        "weapon": 1,
        "pilot_injury": 0.7448,
        "pilot_skill": 0.0327,
        "mission_priority": 0.6006,
        "estimated_landing_time": 194.0,
        "wait_time": 0,
        "Landing_success_rate": 1.0
    },
    {
        "model": 0,
        "sequence": 9,
        "status": 1,
        "fuel": 5888,
        "fault": 0.2515,
        "weapon": 0,
        "pilot_injury": 0.0319,
        "pilot_skill": 0.3259,
        "mission_priority": 0.7897,
        "estimated_landing_time": 852.0,
        "wait_time": 0,
        "Landing_success_rate": 1.0
    },
    {
        "model": 1,
        "sequence": 10,
        "status": 1,
        "fuel": 6700,
        "fault": 0.5011,
        "weapon": 0,
        "pilot_injury": 0.4124,
        "pilot_skill": 0.8433,
        "mission_priority": 0.1504,
        "estimated_landing_time": 946.0,
        "wait_time": 0,
        "Landing_success_rate": 1.0
    },
    {
        "model": 0,
        "sequence": 20,
        "status": 1,
        "fuel": 6043,
        "fault": 0.4824,
        "weapon": 0,
        "pilot_injury": 0.746,
        "pilot_skill": 0.2404,
        "mission_priority": 0.4862,
        "estimated_landing_time": 1886.0,
        "wait_time": 0,
        "Landing_success_rate": 1.0
    },
    {
        "model": 2,
        "sequence": 25,
        "status": 1,
        "fuel": 7103,
        "fault": 0.7003,
        "weapon": 0,
        "pilot_injury": 0.4581,
        "pilot_skill": 0.8107,
        "mission_priority": 0.1623,
        "estimated_landing_time": 2356.0,
        "wait_time": 0,
        "Landing_success_rate": 1.0
    },
    {
        "model": 2,
        "sequence": 27,
        "status": 1,
        "fuel": 6407,
        "fault": 0.842,
        "weapon": 0,
        "pilot_injury": 0.8453,
        "pilot_skill": 0.1183,
        "mission_priority": 0.8502,
        "estimated_landing_time": 2544.0,
        "wait_time": 0,
        "Landing_success_rate": 1.0
    },
    {
        "model": 0,
        "sequence": 28,
        "status": 1,
        "fuel": 6612,
        "fault": 0.5085,
        "weapon": 1,
        "pilot_injury": 0.2648,
        "pilot_skill": 0.5782,
        "mission_priority": 0.0096,
        "estimated_landing_time": 2638.0,
        "wait_time": 0,
        "Landing_success_rate": 1.0
    },
    {
        "model": 1,
        "sequence": 21,
        "status": 1,
        "fuel": 6267,
        "fault": 0.0446,
        "weapon": 1,
        "pilot_injury": 0.8458,
        "pilot_skill": 0.5555,
        "mission_priority": 0.8347,
        "estimated_landing_time": 1980.0,
        "wait_time": 0,
        "Landing_success_rate": 1.0
    },
    {
        "model": 0,
        "sequence": 29,
        "status": 1,
        "fuel": 6877,
        "fault": 0.4376,
        "weapon": 1,
        "pilot_injury": 0.748,
        "pilot_skill": 0.2467,
        "mission_priority": 0.5773,
        "estimated_landing_time": 2732.0,
        "wait_time": 0,
        "Landing_success_rate": 1.0
    },
    {
        "model": 0,
        "sequence": 11,
        "status": 1,
        "fuel": 5939,
        "fault": 0.1589,
        "weapon": 1,
        "pilot_injury": 0.3847,
        "pilot_skill": 0.3249,
        "mission_priority": 0.654,
        "estimated_landing_time": 1040.0,
        "wait_time": 0,
        "Landing_success_rate": 1.0
    },
    {
        "model": 2,
        "sequence": 8,
        "status": 1,
        "fuel": 5645,
        "fault": 0.0355,
        "weapon": 1,
        "pilot_injury": 0.1696,
        "pilot_skill": 0.2839,
        "mission_priority": 0.2931,
        "estimated_landing_time": 758.0,
        "wait_time": 0,
        "Landing_success_rate": 1.0
    },
    {
        "model": 1,
        "sequence": 5,
        "status": 1,
        "fuel": 6922,
        "fault": 0.8204,
        "weapon": 1,
        "pilot_injury": 0.7426,
        "pilot_skill": 0.5107,
        "mission_priority": 0.6105,
        "estimated_landing_time": 476.0,
        "wait_time": 0,
        "Landing_success_rate": 1.0
    },
    {
        "model": 2,
        "sequence": 18,
        "status": 1,
        "fuel": 5855,
        "fault": 0.4735,
        "weapon": 1,
        "pilot_injury": 0.4565,
        "pilot_skill": 0.9364,
        "mission_priority": 0.4904,
        "estimated_landing_time": 1698.0,
        "wait_time": 0,
        "Landing_success_rate": 1.0
    }
]