[
    {
        "model": 0,
        "sequence": 16,
        "status": 1,
        "fuel": 6332,
        "fault": 0.5225,
        "weapon": 0,
        "pilot_injury": 0.5673,
        "pilot_skill": 0.7799,
        "mission_priority": 0.3359,
        "estimated_landing_time": 1510.0,
        "wait_time": 0,
        "Landing_success_rate": 1.0
    },
    {
        "model": 0,
        "sequence": 14,
        "status": 1,
        "fuel": 7028,
        "fault": 0.3454,
        "weapon": 1,
        "pilot_injury": 0.5968,
        "pilot_skill": 0.3436,
        "mission_priority": 0.8453,
        "estimated_landing_time": 1322.0,
        "wait_time": 0,
        "Landing_success_rate": 1.0
    },
    {
        "model": 1,
        "sequence": 7,
        "status": 1,
        "fuel": 5597,
        "fault": 0.5335,
        "weapon": 1,
        "pilot_injury": 0.0262,
        "pilot_skill": 0.679,
        "mission_priority": 0.5326,
        "estimated_landing_time": 664.0,
        "wait_time": 0,
        "Landing_success_rate": 1.0
    },
    {
        "model": 1,
        "sequence": 2,
        "status": 1,
        "fuel": 5650,
        "fault": 0.0371,
        "weapon": 1,
        "pilot_injury": 0.1824,
        "pilot_skill": 0.2249,
        "mission_priority": 0.8652,
        "estimated_landing_time": 194.0,
        "wait_time": 0,
        "Landing_success_rate": 1.0
    },
    {
        "model": 2,
        "sequence": 17,
        "status": 1,
        "fuel": 7309,
        "fault": 0.8774,
        "weapon": 1,
        "pilot_injury": 0.4613,
        "pilot_skill": 0.4737,
        "mission_priority": 0.8221,
        "estimated_landing_time": 1604.0,
        "wait_time": 0,
        "Landing_success_rate": 1.0
    },
    {
        "model": 1,
        "sequence": 3,
        "status": 1,
        "fuel": 7298,
        "fault": 0.2648,
        "weapon": 0,
        "pilot_injury": 0.6257,
        "pilot_skill": 0.6802,
        "mission_priority": 0.4048,
        "estimated_landing_time": 288.0,
        "wait_time": 0,
        "Landing_success_rate": 1.0
    },
    {
        "model": 0,
        "sequence": 30,
        "status": 1,
        "fuel": 5663,
        "fault": 0.2221,
        "weapon": 1,
        "pilot_injury": 0.3583,
        "pilot_skill": 0.6906,
        "mission_priority": 0.8095,
        "estimated_landing_time": 2826.0,
        "wait_time": 0,
        "Landing_success_rate": 1.0
    },
    {
        "model": 2,
        "sequence": 24,
        "status": 1,
        "fuel": 5999,
        "fault": 0.1478,
        "weapon": 1,
        "pilot_injury": 0.6428,
        "pilot_skill": 0.6482,
        "mission_priority": 0.5543,
        "estimated_landing_time": 2262.0,
        "wait_time": 0,
        "Landing_success_rate": 1.0
    },
    {
        "model": 1,
        "sequence": 20,
        "status": 1,
        "fuel": 7474,
        "fault": 0.6092,
        "weapon": 1,
        "pilot_injury": 0.9218,
        "pilot_skill": 0.0918,
        "mission_priority": 0.0118,
        "estimated_landing_time": 1886.0,
        "wait_time": 0,
        "Landing_success_rate": 1.0
    },
    {
        "model": 0,
        "sequence": 27,
        "status": 1,
        "fuel": 6174,
        "fault": 0.6019,
        "weapon": 1,
        "pilot_injury": 0.4512,
        "pilot_skill": 0.4585,
        "mission_priority": 0.8952,
        "estimated_landing_time": 2544.0,
        "wait_time": 0,
        "Landing_success_rate": 1.0
    },
    {
        "model": 0,
        "sequence": 13,
        "status": 1,
        "fuel": 7003,
        "fault": 0.4808,
        "weapon": 1,
        "pilot_injury": 0.4548,
        "pilot_skill": 0.8445,
        "mission_priority": 0.2171,
        "estimated_landing_time": 1228.0,
        "wait_time": 0,
        "Landing_success_rate": 1.0
    },
    {
        "model": 0,
        "sequence": 11,
        "status": 1,
        "fuel": 6798,
        "fault": 0.7239,
        "weapon": 0,
        "pilot_injury": 0.9605,
        "pilot_skill": 0.8144,
        "mission_priority": 0.4084,
        "estimated_landing_time": 1040.0,
        "wait_time": 0,
        "Landing_success_rate": 1.0
    },
    {
        "model": 1,
        "sequence": 5,
        "status": 1,
        "fuel": 6358,
        "fault": 0.1583,
        "weapon": 0,
        "pilot_injury": 0.8797,
        "pilot_skill": 0.7173,
        "mission_priority": 0.5402,
        "estimated_landing_time": 476.0,
        "wait_time": 0,
        "Landing_success_rate": 1.0
    },
    {
        "model": 2,
        "sequence": 19,
        "status": 1,
        "fuel": 7064,
        "fault": 0.8552,
        "weapon": 1,
        "pilot_injury": 0.5527,
        "pilot_skill": 0.5553,
        "mission_priority": 0.4786,
        "estimated_landing_time": 1792.0,
        "wait_time": 0,
        "Landing_success_rate": 1.0
    },
    {
        "model": 1,
        "sequence": 29,
        "status": 1,
        "fuel": 6597,
        "fault": 0.4788,
        "weapon": 0,
        "pilot_injury": 0.2043,
        "pilot_skill": 0.568,
        "mission_priority": 0.0135,
        "estimated_landing_time": 2732.0,
        "wait_time": 0,
        "Landing_success_rate": 1.0
    },
    {
        "model": 2,
        "sequence": 10,
        "status": 1,
        "fuel": 6319,
        "fault": 0.9641,
        "weapon": 0,
        "pilot_injury": 0.9582,
        "pilot_skill": 0.969,
        "mission_priority": 0.5268,
        "estimated_landing_time": 946.0,
        "wait_time": 0,
        "Landing_success_rate": 1.0
    },
    {
        "model": 1,
        "sequence": 28,
        "status": 1,
        "fuel": 6410,
        "fault": 0.8462,
        "weapon": 1,
        "pilot_injury": 0.1622,
        "pilot_skill": 0.2379,
        "mission_priority": 0.4762,
        "estimated_landing_time": 2638.0,
        "wait_time": 0,
        "Landing_success_rate": 1.0
    },
    {
        "model": 0,
        "sequence": 1,
        "status": 1,
        "fuel": 6167,
        "fault": 0.2877,
        "weapon": 0,
        "pilot_injury": 0.781,
        "pilot_skill": 0.5646,
        "mission_priority": 0.0193,
        "estimated_landing_time": 100.0,
        "wait_time": 0,
        "Landing_success_rate": 1.0
    },
    {
        "model": 1,
        "sequence": 25,
        "status": 1,
        "fuel": 7098,
        "fault": 0.614,
        "weapon": 0,
        "pilot_injury": 0.1612,
        "pilot_skill": 0.6083,
        "mission_priority": 0.4453,
        "estimated_landing_time": 2356.0,
        "wait_time": 0,
        "Landing_success_rate": 1.0
    },
    {
        "model": 2,
        "sequence": 21,
        "status": 1,
        "fuel": 6216,
        "fault": 0.4628,
        "weapon": 0,
        "pilot_injury": 0.8216,
        "pilot_skill": 0.3889,
        "mission_priority": 0.7966,
        "estimated_landing_time": 1980.0,
        "wait_time": 0,
        "Landing_success_rate": 1.0
    },
    {
        "model": 1,
        "sequence": 26,
        "status": 1,
        "fuel": 6537,
        "fault": 0.2867,
        "weapon": 1,
        "pilot_injury": 0.2202,
        "pilot_skill": 0.4437,
        "mission_priority": 0.9468,
        "estimated_landing_time": 2450.0,
        "wait_time": 0,
        "Landing_success_rate": 1.0
    },
    {
        "model": 2,
        "sequence": 6,
        "status": 1,
        "fuel": 6606,
        "fault": 0.4987,
        "weapon": 0,
        "pilot_injury": 0.0585,
        "pilot_skill": 0.1234,
        "mission_priority": 0.062,
        "estimated_landing_time": 570.0,
        "wait_time": 0,
        "Landing_success_rate": 1.0
    },
    {
        "model": 1,
        "sequence": 23,
        "status": 1,
        "fuel": 7056,
        "fault": 0.1805,
        "weapon": 0,
        "pilot_injury": 0.1974,
        "pilot_skill": 0.6455,
        "mission_priority": 0.4462,
        "estimated_landing_time": 2168.0,
        "wait_time": 0,
        "Landing_success_rate": 1.0
    },
    {
        "model": 2,
        "sequence": 12,
        "status": 1,
        "fuel": 6200,
        "fault": 0.1748,
        "weapon": 0,
        "pilot_injury": 0.5999,
        "pilot_skill": 0.6138,
        "mission_priority": 0.8526,
        "estimated_landing_time": 1134.0,
        "wait_time": 0,
        "Landing_success_rate": 1.0
    },
    {
        "model": 0,
        "sequence": 18,
        "status": 1,
        "fuel": 5693,
        "fault": 0.1497,
        "weapon": 1,
        "pilot_injury": 0.0683,
        "pilot_skill": 0.7766,
        "mission_priority": 0.6958,
        "estimated_landing_time": 1698.0,
        "wait_time": 0,
        "Landing_success_rate": 1.0
    },
    {
        "model": 0,
        "sequence": 4,
        "status": 1,
        "fuel": 6704,
        "fault": 0.0335,
        "weapon": 1,
        "pilot_injury": 0.611,
        "pilot_skill": 0.789,
        "mission_priority": 0.6032,
        "estimated_landing_time": 382.0,
        "wait_time": 0,
        "Landing_success_rate": 1.0
    },
    {
        "model": 2,
        "sequence": 15,
        "status": 1,
        "fuel": 6618,
        "fault": 0.9353,
        "weapon": 0,
        "pilot_injury": 0.3311,
        "pilot_skill": 0.1016,
        "mission_priority": 0.9848,
        "estimated_landing_time": 1416.0,
        "wait_time": 0,
        "Landing_success_rate": 1.0
    },
    {
        "model": 0,
        "sequence": 22,
        "status": 1,
        "fuel": 6606,
        "fault": 0.1594,
        "weapon": 0,
        "pilot_injury": 0.1948,
        "pilot_skill": 0.6987,
        "mission_priority": 0.8624,
        "estimated_landing_time": 2074.0,
        "wait_time": 0,
        "Landing_success_rate": 1.0
    },
    {
        "model": 2,
        "sequence": 9,
        "status": 1,
        "fuel": 7189,
        "fault": 0.694,
        "weapon": 0,
        "pilot_injury": 0.3872,
        "pilot_skill": 0.767,
        "mission_priority": 0.4846,
        "estimated_landing_time": 852.0,
        "wait_time": 0,
        "Landing_success_rate": 1.0
    },
    {
        "model": 2,
        "sequence": 8,
        "status": 1,
        "fuel": 6708,
        "fault": 0.1984,
        "weapon": 1,
        "pilot_injury": 0.1467,
        "pilot_skill": 0.8647,
        "mission_priority": 0.3221,
        "estimated_landing_time": 758.0,
        "wait_time": 0,
        "Landing_success_rate": 1.0
    }
]