[
    {
        "model": 0,
        "sequence": 14,
        "status": 1,
        "fuel": 6135,
        "fault": 0.4508,
        "weapon": 0,
        "pilot_injury": 0.8131,
        "pilot_skill": 0.4131,
        "mission_priority": 0.0567,
        "estimated_landing_time": 1322.0,
        "wait_time": 0,
        "Landing_success_rate": 1.0
    },
    {
        "model": 1,
        "sequence": 20,
        "status": 1,
        "fuel": 5784,
        "fault": 0.8684,
        "weapon": 0,
        "pilot_injury": 0.2497,
        "pilot_skill": 0.5335,
        "mission_priority": 0.6354,
        "estimated_landing_time": 1886.0,
        "wait_time": 0,
        "Landing_success_rate": 1.0
    },
    {
        "model": 0,
        "sequence": 2,
        "status": 1,
        "fuel": 5618,
        "fault": 0.9194,
        "weapon": 1,
        "pilot_injury": 0.2675,
        "pilot_skill": 0.0476,
        "mission_priority": 0.07,
        "estimated_landing_time": 194.0,
        "wait_time": 0,
        "Landing_success_rate": 1.0
    },
    {
        "model": 2,
        "sequence": 23,
        "status": 1,
        "fuel": 6781,
        "fault": 0.7764,
        "weapon": 0,
        "pilot_injury": 0.248,
        "pilot_skill": 0.9374,
        "mission_priority": 0.5758,
        "estimated_landing_time": 2168.0,
        "wait_time": 0,
        "Landing_success_rate": 1.0
    },
    {
        "model": 1,
        "sequence": 15,
        "status": 1,
        "fuel": 6687,
        "fault": 0.3198,
        "weapon": 1,
        "pilot_injury": 0.0057,
        "pilot_skill": 0.8947,
        "mission_priority": 0.5323,
        "estimated_landing_time": 1416.0,
        "wait_time": 0,
        "Landing_success_rate": 1.0
    },
    {
        "model": 0,
        "sequence": 8,
        "status": 1,
        "fuel": 5702,
        "fault": 0.1099,
        "weapon": 0,
        "pilot_injury": 0.7304,
        "pilot_skill": 0.3374,
        "mission_priority": 0.9362,
        "estimated_landing_time": 758.0,
        "wait_time": 0,
        "Landing_success_rate": 1.0
    },
    {
        "model": 0,
        "sequence": 12,
        "status": 1,
        "fuel": 6574,
        "fault": 0.488,
        "weapon": 0,
        "pilot_injury": 0.0962,
        "pilot_skill": 0.9553,
        "mission_priority": 0.5429,
        "estimated_landing_time": 1134.0,
        "wait_time": 0,
        "Landing_success_rate": 1.0
    },
    {
        "model": 0,
        "sequence": 26,
        "status": 1,
        "fuel": 5895,
        "fault": 0.7102,
        "weapon": 1,
        "pilot_injury": 0.1404,
        "pilot_skill": 0.0794,
        "mission_priority": 0.4223,
        "estimated_landing_time": 2450.0,
        "wait_time": 0,
        "Landing_success_rate": 1.0
    },
    {
        "model": 0,
        "sequence": 29,
        "status": 1,
        "fuel": 6481,
        "fault": 0.9072,
        "weapon": 1,
        "pilot_injury": 0.9551,
        "pilot_skill": 0.7334,
        "mission_priority": 0.5179,
        "estimated_landing_time": 2732.0,
        "wait_time": 0,
        "Landing_success_rate": 1.0
    },
    {
        "model": 0,
        "sequence": 4,
        "status": 1,
        "fuel": 6855,
        "fault": 0.2569,
        "weapon": 0,
        "pilot_injury": 0.178,
        "pilot_skill": 0.6334,
        "mission_priority": 0.681,
        "estimated_landing_time": 382.0,
        "wait_time": 0,
        "Landing_success_rate": 1.0
    },
    {
        "model": 0,
        "sequence": 17,
        "status": 1,
        "fuel": 6397,
        "fault": 0.498,
        "weapon": 1,
        "pilot_injury": 0.3833,
        "pilot_skill": 0.6025,
        "mission_priority": 0.1268,
        "estimated_landing_time": 1604.0,
        "wait_time": 0,
        "Landing_success_rate": 1.0
    },
    {
        "model": 1,
        "sequence": 18,
        "status": 1,
        "fuel": 6803,
        "fault": 0.5545,
        "weapon": 0,
        "pilot_injury": 0.6918,
        "pilot_skill": 0.9329,
        "mission_priority": 0.8699,
        "estimated_landing_time": 1698.0,
        "wait_time": 0,
        "Landing_success_rate": 1.0
    },
    {
        "model": 1,
        "sequence": 13,
        "status": 1,
        "fuel": 7014,
        "fault": 0.4147,
        "weapon": 1,
        "pilot_injury": 0.7321,
        "pilot_skill": 0.6358,
        "mission_priority": 0.7725,
        "estimated_landing_time": 1228.0,
        "wait_time": 0,
        "Landing_success_rate": 1.0
    },
    {
        "model": 2,
        "sequence": 16,
        "status": 1,
        "fuel": 7239,
        "fault": 0.5097,
        "weapon": 0,
        "pilot_injury": 0.6443,
        "pilot_skill": 0.2751,
        "mission_priority": 0.3463,
        "estimated_landing_time": 1510.0,
        "wait_time": 0,
        "Landing_success_rate": 1.0
    },
    {
        "model": 0,
        "sequence": 25,
        "status": 1,
        "fuel": 7022,
        "fault": 0.8255,
        "weapon": 0,
        "pilot_injury": 0.6006,
        "pilot_skill": 0.7588,
        "mission_priority": 0.605,
        "estimated_landing_time": 2356.0,
        "wait_time": 0,
        "Landing_success_rate": 1.0
    },
    {
        "model": 2,
        "sequence": 10,
        "status": 1,
        "fuel": 5566,
        "fault": 0.9979,
        "weapon": 0,
        "pilot_injury": 0.985,
        "pilot_skill": 0.7434,
        "mission_priority": 0.5079,
        "estimated_landing_time": 946.0,
        "wait_time": 0,
        "Landing_success_rate": 1.0
    },
    {
        "model": 1,
        "sequence": 24,
        "status": 1,
        "fuel": 6625,
        "fault": 0.7173,
        "weapon": 1,
        "pilot_injury": 0.6871,
        "pilot_skill": 0.6688,
        "mission_priority": 0.7218,
        "estimated_landing_time": 2262.0,
        "wait_time": 0,
        "Landing_success_rate": 1.0
    },
    {
        "model": 2,
        "sequence": 30,
        "status": 1,
        "fuel": 6505,
        "fault": 0.4649,
        "weapon": 0,
        "pilot_injury": 0.5649,
        "pilot_skill": 0.6033,
        "mission_priority": 0.2929,
        "estimated_landing_time": 2826.0,
        "wait_time": 0,
        "Landing_success_rate": 1.0
    },
    {
        "model": 1,
        "sequence": 1,
        "status": 1,
        "fuel": 6529,
        "fault": 0.6722,
        "weapon": 1,
        "pilot_injury": 0.3213,
        "pilot_skill": 0.3584,
        "mission_priority": 0.7183,
        "estimated_landing_time": 100.0,
        "wait_time": 0,
        "Landing_success_rate": 1.0
    },
    {
        "model": 1,
        "sequence": 7,
        "status": 1,
        "fuel": 6427,
        "fault": 0.9198,
        "weapon": 0,
        "pilot_injury": 0.3431,
        "pilot_skill": 0.854,
        "mission_priority": 0.7913,
        "estimated_landing_time": 664.0,
        "wait_time": 0,
        "Landing_success_rate": 1.0
    },
    {
        "model": 2,
        "sequence": 5,
        "status": 1,
        "fuel": 6985,
        "fault": 0.9802,
        "weapon": 0,
        "pilot_injury": 0.9136,
        "pilot_skill": 0.5525,
        "mission_priority": 0.1592,
        "estimated_landing_time": 476.0,
        "wait_time": 0,
        "Landing_success_rate": 1.0
    },
    {
        "model": 1,
        "sequence": 9,
        "status": 1,
        "fuel": 5691,
        "fault": 0.0945,
        "weapon": 0,
        "pilot_injury": 0.5273,
        "pilot_skill": 0.0456,
        "mission_priority": 0.5001,
        "estimated_landing_time": 852.0,
        "wait_time": 0,
        "Landing_success_rate": 1.0
    },
    {
        "model": 1,
        "sequence": 6,
        "status": 1,
        "fuel": 6571,
        "fault": 0.6905,
        "weapon": 1,
        "pilot_injury": 0.0408,
        "pilot_skill": 0.6249,
        "mission_priority": 0.772,
        "estimated_landing_time": 570.0,
        "wait_time": 0,
        "Landing_success_rate": 1.0
    },
    {
        "model": 2,
        "sequence": 11,
        "status": 1,
        "fuel": 6950,
        "fault": 0.8092,
        "weapon": 0,
        "pilot_injury": 0.1302,
        "pilot_skill": 0.6981,
        "mission_priority": 0.4553,
        "estimated_landing_time": 1040.0,
        "wait_time": 0,
        "Landing_success_rate": 1.0
    },
    {
        "model": 2,
        "sequence": 21,
        "status": 1,
        "fuel": 6903,
        "fault": 0.0089,
        "weapon": 1,
        "pilot_injury": 0.2455,
        "pilot_skill": 0.071,
        "mission_priority": 0.8647,
        "estimated_landing_time": 1980.0,
        "wait_time": 0,
        "Landing_success_rate": 1.0
    },
    {
        "model": 0,
        "sequence": 19,
        "status": 1,
        "fuel": 7253,
        "fault": 0.4274,
        "weapon": 1,
        "pilot_injury": 0.8505,
        "pilot_skill": 0.8696,
        "mission_priority": 0.5978,
        "estimated_landing_time": 1792.0,
        "wait_time": 0,
        "Landing_success_rate": 1.0
    },
    {
        "model": 2,
        "sequence": 28,
        "status": 1,
        "fuel": 5802,
        "fault": 0.8916,
        "weapon": 1,
        "pilot_injury": 0.1179,
        "pilot_skill": 0.5171,
        "mission_priority": 0.8569,
        "estimated_landing_time": 2638.0,
        "wait_time": 0,
        "Landing_success_rate": 1.0
    },
    {
        "model": 1,
        "sequence": 3,
        "status": 1,
        "fuel": 6362,
        "fault": 0.3715,
        "weapon": 0,
        "pilot_injury": 0.3732,
        "pilot_skill": 0.9884,
        "mission_priority": 0.9998,
        "estimated_landing_time": 288.0,
        "wait_time": 0,
        "Landing_success_rate": 1.0
    },
    {
        "model": 0,
        "sequence": 22,
        "status": 1,
        "fuel": 5556,
        "fault": 0.3471,
        "weapon": 1,
        "pilot_injury": 0.0442,
        "pilot_skill": 0.276,
        "mission_priority": 0.369,
        "estimated_landing_time": 2074.0,
        "wait_time": 0,
        "Landing_success_rate": 1.0
    },
    {
        "model": 1,
        "sequence": 27,
        "status": 1,
        "fuel": 7320,
        "fault": 0.9845,
        "weapon": 0,
        "pilot_injury": 0.093,
        "pilot_skill": 0.5174,
        "mission_priority": 0.0044,
        "estimated_landing_time": 2544.0,
        "wait_time": 0,
        "Landing_success_rate": 1.0
    }
]