[
    {
        "model": 0,
        "sequence": 26,
        "status": 1,
        "fuel": 6085,
        "fault": 0.6912,
        "weapon": 1,
        "pilot_injury": 0.728,
        "pilot_skill": 0.16,
        "mission_priority": 0.9363,
        "estimated_landing_time": 2450.0,
        "wait_time": 0,
        "Landing_success_rate": 1.0
    },
    {
        "model": 2,
        "sequence": 19,
        "status": 1,
        "fuel": 6070,
        "fault": 0.3576,
        "weapon": 0,
        "pilot_injury": 0.7954,
        "pilot_skill": 0.3217,
        "mission_priority": 0.0714,
        "estimated_landing_time": 1792.0,
        "wait_time": 0,
        "Landing_success_rate": 1.0
    },
    {
        "model": 0,
        "sequence": 25,
        "status": 1,
        "fuel": 7264,
        "fault": 0.1885,
        "weapon": 0,
        "pilot_injury": 0.9081,
        "pilot_skill": 0.4158,
        "mission_priority": 0.0898,
        "estimated_landing_time": 2356.0,
        "wait_time": 0,
        "Landing_success_rate": 1.0
    },
    {
        "model": 0,
        "sequence": 11,
        "status": 1,
        "fuel": 6919,
        "fault": 0.8679,
        "weapon": 1,
        "pilot_injury": 0.1777,
        "pilot_skill": 0.064,
        "mission_priority": 0.7148,
        "estimated_landing_time": 1040.0,
        "wait_time": 0,
        "Landing_success_rate": 1.0
    },
    {
        "model": 1,
        "sequence": 13,
        "status": 1,
        "fuel": 6954,
        "fault": 0.3593,
        "weapon": 0,
        "pilot_injury": 0.8439,
        "pilot_skill": 0.3793,
        "mission_priority": 0.7345,
        "estimated_landing_time": 1228.0,
        "wait_time": 0,
        "Landing_success_rate": 1.0
    },
    {
        "model": 2,
        "sequence": 8,
        "status": 1,
        "fuel": 6895,
        "fault": 0.9196,
        "weapon": 0,
        "pilot_injury": 0.4016,
        "pilot_skill": 0.0529,
        "mission_priority": 0.0834,
        "estimated_landing_time": 758.0,
        "wait_time": 0,
        "Landing_success_rate": 1.0
    },
    {
        "model": 1,
        "sequence": 30,
        "status": 1,
        "fuel": 6819,
        "fault": 0.218,
        "weapon": 1,
        "pilot_injury": 0.8442,
        "pilot_skill": 0.4391,
        "mission_priority": 0.248,
        "estimated_landing_time": 2826.0,
        "wait_time": 0,
        "Landing_success_rate": 1.0
    },
    {
        "model": 2,
        "sequence": 15,
        "status": 1,
        "fuel": 6311,
        "fault": 0.7303,
        "weapon": 1,
        "pilot_injury": 0.6004,
        "pilot_skill": 0.7971,
        "mission_priority": 0.0516,
        "estimated_landing_time": 1416.0,
        "wait_time": 0,
        "Landing_success_rate": 1.0
    },
    {
        "model": 0,
        "sequence": 23,
        "status": 1,
        "fuel": 7432,
        "fault": 0.3504,
        "weapon": 0,
        "pilot_injury": 0.1207,
        "pilot_skill": 0.4003,
        "mission_priority": 0.2751,
        "estimated_landing_time": 2168.0,
        "wait_time": 0,
        "Landing_success_rate": 1.0
    },
    {
        "model": 2,
        "sequence": 6,
        "status": 1,
        "fuel": 7355,
        "fault": 0.7452,
        "weapon": 1,
        "pilot_injury": 0.6971,
        "pilot_skill": 0.4116,
        "mission_priority": 0.3691,
        "estimated_landing_time": 570.0,
        "wait_time": 0,
        "Landing_success_rate": 1.0
    },
    {
        "model": 1,
        "sequence": 28,
        "status": 1,
        "fuel": 7455,
        "fault": 0.8507,
        "weapon": 0,
        "pilot_injury": 0.1468,
        "pilot_skill": 0.9066,
        "mission_priority": 0.8172,
        "estimated_landing_time": 2638.0,
        "wait_time": 0,
        "Landing_success_rate": 1.0
    },
    {
        "model": 1,
        "sequence": 21,
        "status": 1,
        "fuel": 6421,
        "fault": 0.77,
        "weapon": 0,
        "pilot_injury": 0.2925,
        "pilot_skill": 0.9348,
        "mission_priority": 0.4919,
        "estimated_landing_time": 1980.0,
        "wait_time": 0,
        "Landing_success_rate": 1.0
    },
    {
        "model": 0,
        "sequence": 5,
        "status": 1,
        "fuel": 7140,
        "fault": 0.9053,
        "weapon": 1,
        "pilot_injury": 0.0168,
        "pilot_skill": 0.2552,
        "mission_priority": 0.188,
        "estimated_landing_time": 476.0,
        "wait_time": 0,
        "Landing_success_rate": 1.0
    },
    {
        "model": 1,
        "sequence": 27,
        "status": 1,
        "fuel": 7294,
        "fault": 0.5141,
        "weapon": 0,
        "pilot_injury": 0.2269,
        "pilot_skill": 0.1035,
        "mission_priority": 0.0451,
        "estimated_landing_time": 2544.0,
        "wait_time": 0,
        "Landing_success_rate": 1.0
    },
    {
        "model": 0,
        "sequence": 24,
        "status": 1,
        "fuel": 6835,
        "fault": 0.62,
        "weapon": 1,
        "pilot_injury": 0.416,
        "pilot_skill": 0.5837,
        "mission_priority": 0.3223,
        "estimated_landing_time": 2262.0,
        "wait_time": 0,
        "Landing_success_rate": 1.0
    },
    {
        "model": 0,
        "sequence": 16,
        "status": 1,
        "fuel": 6452,
        "fault": 0.8042,
        "weapon": 1,
        "pilot_injury": 0.5149,
        "pilot_skill": 0.7419,
        "mission_priority": 0.6944,
        "estimated_landing_time": 1510.0,
        "wait_time": 0,
        "Landing_success_rate": 1.0
    },
    {
        "model": 0,
        "sequence": 3,
        "status": 1,
        "fuel": 7135,
        "fault": 0.4562,
        "weapon": 1,
        "pilot_injury": 0.6022,
        "pilot_skill": 0.3518,
        "mission_priority": 0.6708,
        "estimated_landing_time": 288.0,
        "wait_time": 0,
        "Landing_success_rate": 1.0
    },
    {
        "model": 0,
        "sequence": 22,
        "status": 1,
        "fuel": 7379,
        "fault": 0.317,
        "weapon": 0,
        "pilot_injury": 0.0149,
        "pilot_skill": 0.3493,
        "mission_priority": 0.1168,
        "estimated_landing_time": 2074.0,
        "wait_time": 0,
        "Landing_success_rate": 1.0
    },
    {
        "model": 0,
        "sequence": 7,
        "status": 1,
        "fuel": 6330,
        "fault": 0.3451,
        "weapon": 0,
        "pilot_injury": 0.2076,
        "pilot_skill": 0.9349,
        "mission_priority": 0.6528,
        "estimated_landing_time": 664.0,
        "wait_time": 0,
        "Landing_success_rate": 1.0
    },
    {
        "model": 1,
        "sequence": 9,
        "status": 1,
        "fuel": 6385,
        "fault": 0.7572,
        "weapon": 0,
        "pilot_injury": 0.1036,
        "pilot_skill": 0.7885,
        "mission_priority": 0.3897,
        "estimated_landing_time": 852.0,
        "wait_time": 0,
        "Landing_success_rate": 1.0
    },
    {
        "model": 1,
        "sequence": 29,
        "status": 1,
        "fuel": 5815,
        "fault": 0.4225,
        "weapon": 1,
        "pilot_injury": 0.3026,
        "pilot_skill": 0.3863,
        "mission_priority": 0.9744,
        "estimated_landing_time": 2732.0,
        "wait_time": 0,
        "Landing_success_rate": 1.0
    },
    {
        "model": 1,
        "sequence": 17,
        "status": 1,
        "fuel": 6671,
        "fault": 0.8567,
        "weapon": 1,
        "pilot_injury": 0.9489,
        "pilot_skill": 0.0639,
        "mission_priority": 0.8661,
        "estimated_landing_time": 1604.0,
        "wait_time": 0,
        "Landing_success_rate": 1.0
    },
    {
        "model": 1,
        "sequence": 14,
        "status": 1,
        "fuel": 5713,
        "fault": 0.4053,
        "weapon": 0,
        "pilot_injury": 0.3083,
        "pilot_skill": 0.9827,
        "mission_priority": 0.647,
        "estimated_landing_time": 1322.0,
        "wait_time": 0,
        "Landing_success_rate": 1.0
    },
    {
        "model": 0,
        "sequence": 1,
        "status": 1,
        "fuel": 7143,
        "fault": 0.4286,
        "weapon": 1,
        "pilot_injury": 0.4366,
        "pilot_skill": 0.2587,
        "mission_priority": 0.2629,
        "estimated_landing_time": 100.0,
        "wait_time": 0,
        "Landing_success_rate": 1.0
    },
    {
        "model": 2,
        "sequence": 2,
        "status": 1,
        "fuel": 6142,
        "fault": 0.3042,
        "weapon": 0,
        "pilot_injury": 0.8384,
        "pilot_skill": 0.4996,
        "mission_priority": 0.4034,
        "estimated_landing_time": 194.0,
        "wait_time": 0,
        "Landing_success_rate": 1.0
    },
    {
        "model": 2,
        "sequence": 20,
        "status": 1,
        "fuel": 6240,
        "fault": 0.8651,
        "weapon": 0,
        "pilot_injury": 0.689,
        "pilot_skill": 0.1058,
        "mission_priority": 0.1132,
        "estimated_landing_time": 1886.0,
        "wait_time": 0,
        "Landing_success_rate": 1.0
    },
    {
        "model": 2,
        "sequence": 10,
        "status": 1,
        "fuel": 5978,
        "fault": 0.7973,
        "weapon": 1,
        "pilot_injury": 0.1551,
        "pilot_skill": 0.6244,
        "mission_priority": 0.4382,
        "estimated_landing_time": 946.0,
        "wait_time": 0,
        "Landing_success_rate": 1.0
    },
    {
        "model": 2,
        "sequence": 18,
        "status": 1,
        "fuel": 7340,
        "fault": 0.9769,
        "weapon": 1,
        "pilot_injury": 0.6957,
        "pilot_skill": 0.5336,
        "mission_priority": 0.6109,
        "estimated_landing_time": 1698.0,
        "wait_time": 0,
        "Landing_success_rate": 1.0
    },
    {
        "model": 1,
        "sequence": 4,
        "status": 1,
        "fuel": 6535,
        "fault": 0.013,
        "weapon": 1,
        "pilot_injury": 0.6352,
        "pilot_skill": 0.1929,
        "mission_priority": 0.7527,
        "estimated_landing_time": 382.0,
        "wait_time": 0,
        "Landing_success_rate": 1.0
    },
    {
        "model": 0,
        "sequence": 12,
        "status": 1,
        "fuel": 6940,
        "fault": 0.668,
        "weapon": 0,
        "pilot_injury": 0.3948,
        "pilot_skill": 0.4017,
        "mission_priority": 0.8014,
        "estimated_landing_time": 1134.0,
        "wait_time": 0,
        "Landing_success_rate": 1.0
    }
]