[
    {
        "model": 0,
        "sequence": 24,
        "status": 1,
        "fuel": 5706,
        "fault": 0.298,
        "weapon": 1,
        "pilot_injury": 0.0711,
        "pilot_skill": 0.4931,
        "mission_priority": 0.149,
        "estimated_landing_time": 2262.0,
        "wait_time": 0,
        "Landing_success_rate": 1.0
    },
    {
        "model": 1,
        "sequence": 7,
        "status": 1,
        "fuel": 7360,
        "fault": 0.3109,
        "weapon": 1,
        "pilot_injury": 0.6017,
        "pilot_skill": 0.1286,
        "mission_priority": 0.7571,
        "estimated_landing_time": 664.0,
        "wait_time": 0,
        "Landing_success_rate": 1.0
    },
    {
        "model": 0,
        "sequence": 28,
        "status": 1,
        "fuel": 7057,
        "fault": 0.7478,
        "weapon": 1,
        "pilot_injury": 0.6157,
        "pilot_skill": 0.9452,
        "mission_priority": 0.0939,
        "estimated_landing_time": 2638.0,
        "wait_time": 0,
        "Landing_success_rate": 1.0
    },
    {
        "model": 2,
        "sequence": 15,
        "status": 1,
        "fuel": 6346,
        "fault": 0.8436,
        "weapon": 0,
        "pilot_injury": 0.3369,
        "pilot_skill": 0.9556,
        "mission_priority": 0.6244,
        "estimated_landing_time": 1416.0,
        "wait_time": 0,
        "Landing_success_rate": 1.0
    },
    {
        "model": 1,
        "sequence": 2,
        "status": 1,
        "fuel": 6575,
        "fault": 0.246,
        "weapon": 1,
        "pilot_injury": 0.2391,
        "pilot_skill": 0.65,
        "mission_priority": 0.592,
        "estimated_landing_time": 194.0,
        "wait_time": 0,
        "Landing_success_rate": 1.0
    },
    {
        "model": 1,
        "sequence": 20,
        "status": 1,
        "fuel": 6692,
        "fault": 0.6431,
        "weapon": 0,
        "pilot_injury": 0.7618,
        "pilot_skill": 0.2601,
        "mission_priority": 0.9434,
        "estimated_landing_time": 1886.0,
        "wait_time": 0,
        "Landing_success_rate": 1.0
    },
    {
        "model": 1,
        "sequence": 10,
        "status": 1,
        "fuel": 6157,
        "fault": 0.2718,
        "weapon": 1,
        "pilot_injury": 0.1362,
        "pilot_skill": 0.033,
        "mission_priority": 0.4929,
        "estimated_landing_time": 946.0,
        "wait_time": 0,
        "Landing_success_rate": 1.0
    },
    {
        "model": 0,
        "sequence": 17,
        "status": 1,
        "fuel": 6885,
        "fault": 0.8738,
        "weapon": 0,
        "pilot_injury": 0.1721,
        "pilot_skill": 0.0236,
        "mission_priority": 0.5292,
        "estimated_landing_time": 1604.0,
        "wait_time": 0,
        "Landing_success_rate": 1.0
    },
    {
        "model": 1,
        "sequence": 5,
        "status": 1,
        "fuel": 5750,
        "fault": 0.5043,
        "weapon": 1,
        "pilot_injury": 0.0222,
        "pilot_skill": 0.1424,
        "mission_priority": 0.3759,
        "estimated_landing_time": 476.0,
        "wait_time": 0,
        "Landing_success_rate": 1.0
    },
    {
        "model": 1,
        "sequence": 22,
        "status": 1,
        "fuel": 7451,
        "fault": 0.6465,
        "weapon": 1,
        "pilot_injury": 0.5302,
        "pilot_skill": 0.4303,
        "mission_priority": 0.4558,
        "estimated_landing_time": 2074.0,
        "wait_time": 0,
        "Landing_success_rate": 1.0
    },
    {
        "model": 0,
        "sequence": 6,
        "status": 1,
        "fuel": 7145,
        "fault": 0.4043,
        "weapon": 1,
        "pilot_injury": 0.172,
        "pilot_skill": 0.9397,
        "mission_priority": 0.7729,
        "estimated_landing_time": 570.0,
        "wait_time": 0,
        "Landing_success_rate": 1.0
    },
    {
        "model": 0,
        "sequence": 29,
        "status": 1,
        "fuel": 6479,
        "fault": 0.7007,
        "weapon": 1,
        "pilot_injury": 0.6528,
        "pilot_skill": 0.061,
        "mission_priority": 0.3531,
        "estimated_landing_time": 2732.0,
        "wait_time": 0,
        "Landing_success_rate": 1.0
    },
    {
        "model": 0,
        "sequence": 27,
        "status": 1,
        "fuel": 7152,
        "fault": 0.4696,
        "weapon": 1,
        "pilot_injury": 0.9771,
        "pilot_skill": 0.1216,
        "mission_priority": 0.6324,
        "estimated_landing_time": 2544.0,
        "wait_time": 0,
        "Landing_success_rate": 1.0
    },
    {
        "model": 2,
        "sequence": 19,
        "status": 1,
        "fuel": 6887,
        "fault": 0.0122,
        "weapon": 0,
        "pilot_injury": 0.6324,
        "pilot_skill": 0.2144,
        "mission_priority": 0.8153,
        "estimated_landing_time": 1792.0,
        "wait_time": 0,
        "Landing_success_rate": 1.0
    },
    {
        "model": 0,
        "sequence": 26,
        "status": 1,
        "fuel": 7415,
        "fault": 0.4616,
        "weapon": 1,
        "pilot_injury": 0.9356,
        "pilot_skill": 0.9884,
        "mission_priority": 0.5377,
        "estimated_landing_time": 2450.0,
        "wait_time": 0,
        "Landing_success_rate": 1.0
    },
    {
        "model": 0,
        "sequence": 25,
        "status": 1,
        "fuel": 6888,
        "fault": 0.8459,
        "weapon": 0,
        "pilot_injury": 0.4222,
        "pilot_skill": 0.4091,
        "mission_priority": 0.9643,
        "estimated_landing_time": 2356.0,
        "wait_time": 0,
        "Landing_success_rate": 1.0
    },
    {
        "model": 1,
        "sequence": 23,
        "status": 1,
        "fuel": 6175,
        "fault": 0.6682,
        "weapon": 0,
        "pilot_injury": 0.2485,
        "pilot_skill": 0.2533,
        "mission_priority": 0.3562,
        "estimated_landing_time": 2168.0,
        "wait_time": 0,
        "Landing_success_rate": 1.0
    },
    {
        "model": 2,
        "sequence": 21,
        "status": 1,
        "fuel": 6044,
        "fault": 0.2437,
        "weapon": 1,
        "pilot_injury": 0.5523,
        "pilot_skill": 0.5458,
        "mission_priority": 0.5832,
        "estimated_landing_time": 1980.0,
        "wait_time": 0,
        "Landing_success_rate": 1.0
    },
    {
        "model": 1,
        "sequence": 3,
        "status": 1,
        "fuel": 6989,
        "fault": 0.5321,
        "weapon": 0,
        "pilot_injury": 0.2087,
        "pilot_skill": 0.8604,
        "mission_priority": 0.5477,
        "estimated_landing_time": 288.0,
        "wait_time": 0,
        "Landing_success_rate": 1.0
    },
    {
        "model": 0,
        "sequence": 16,
        "status": 1,
        "fuel": 5736,
        "fault": 0.8292,
        "weapon": 1,
        "pilot_injury": 0.3894,
        "pilot_skill": 0.6519,
        "mission_priority": 0.8714,
        "estimated_landing_time": 1510.0,
        "wait_time": 0,
        "Landing_success_rate": 1.0
    },
    {
        "model": 0,
        "sequence": 4,
        "status": 1,
        "fuel": 6417,
        "fault": 0.0438,
        "weapon": 1,
        "pilot_injury": 0.6288,
        "pilot_skill": 0.5069,
        "mission_priority": 0.6205,
        "estimated_landing_time": 382.0,
        "wait_time": 0,
        "Landing_success_rate": 1.0
    },
    {
        "model": 1,
        "sequence": 13,
        "status": 1,
        "fuel": 6750,
        "fault": 0.894,
        "weapon": 1,
        "pilot_injury": 0.7096,
        "pilot_skill": 0.722,
        "mission_priority": 0.5631,
        "estimated_landing_time": 1228.0,
        "wait_time": 0,
        "Landing_success_rate": 1.0
    },
    {
        "model": 2,
        "sequence": 18,
        "status": 1,
        "fuel": 6443,
        "fault": 0.0179,
        "weapon": 1,
        "pilot_injury": 0.1155,
        "pilot_skill": 0.8984,
        "mission_priority": 0.6227,
        "estimated_landing_time": 1698.0,
        "wait_time": 0,
        "Landing_success_rate": 1.0
    },
    {
        "model": 2,
        "sequence": 9,
        "status": 1,
        "fuel": 6356,
        "fault": 0.8574,
        "weapon": 0,
        "pilot_injury": 0.9192,
        "pilot_skill": 0.5026,
        "mission_priority": 0.679,
        "estimated_landing_time": 852.0,
        "wait_time": 0,
        "Landing_success_rate": 1.0
    },
    {
        "model": 1,
        "sequence": 8,
        "status": 1,
        "fuel": 6525,
        "fault": 0.8158,
        "weapon": 0,
        "pilot_injury": 0.6448,
        "pilot_skill": 0.1657,
        "mission_priority": 0.9506,
        "estimated_landing_time": 758.0,
        "wait_time": 0,
        "Landing_success_rate": 1.0
    },
    {
        "model": 0,
        "sequence": 11,
        "status": 1,
        "fuel": 5804,
        "fault": 0.3368,
        "weapon": 0,
        "pilot_injury": 0.4503,
        "pilot_skill": 0.5483,
        "mission_priority": 0.0921,
        "estimated_landing_time": 1040.0,
        "wait_time": 0,
        "Landing_success_rate": 1.0
    },
    {
        "model": 2,
        "sequence": 14,
        "status": 1,
        "fuel": 6891,
        "fault": 0.8636,
        "weapon": 0,
        "pilot_injury": 0.9631,
        "pilot_skill": 0.0278,
        "mission_priority": 0.9124,
        "estimated_landing_time": 1322.0,
        "wait_time": 0,
        "Landing_success_rate": 1.0
    },
    {
        "model": 2,
        "sequence": 1,
        "status": 1,
        "fuel": 7387,
        "fault": 0.9463,
        "weapon": 1,
        "pilot_injury": 0.3776,
        "pilot_skill": 0.4908,
        "mission_priority": 0.4036,
        "estimated_landing_time": 100.0,
        "wait_time": 0,
        "Landing_success_rate": 1.0
    },
    {
        "model": 1,
        "sequence": 30,
        "status": 1,
        "fuel": 6056,
        "fault": 0.0267,
        "weapon": 1,
        "pilot_injury": 0.0806,
        "pilot_skill": 0.2741,
        "mission_priority": 0.462,
        "estimated_landing_time": 2826.0,
        "wait_time": 0,
        "Landing_success_rate": 1.0
    },
    {
        "model": 2,
        "sequence": 12,
        "status": 1,
        "fuel": 6983,
        "fault": 0.7566,
        "weapon": 1,
        "pilot_injury": 0.6961,
        "pilot_skill": 0.0885,
        "mission_priority": 0.8773,
        "estimated_landing_time": 1134.0,
        "wait_time": 0,
        "Landing_success_rate": 1.0
    }
]