[
    {
        "model": 2,
        "sequence": 1,
        "status": 1,
        "fuel": 6065,
        "fault": 0.1512,
        "weapon": 0,
        "pilot_injury": 0.7989,
        "pilot_skill": 0.0977,
        "mission_priority": 0.3257,
        "estimated_landing_time": 100.0,
        "wait_time": 0,
        "Landing_success_rate": 1.0
    },
    {
        "model": 1,
        "sequence": 19,
        "status": 1,
        "fuel": 5717,
        "fault": 0.252,
        "weapon": 0,
        "pilot_injury": 0.8827,
        "pilot_skill": 0.4017,
        "mission_priority": 0.995,
        "estimated_landing_time": 1792.0,
        "wait_time": 0,
        "Landing_success_rate": 1.0
    },
    {
        "model": 2,
        "sequence": 12,
        "status": 1,
        "fuel": 7312,
        "fault": 0.2954,
        "weapon": 1,
        "pilot_injury": 0.9159,
        "pilot_skill": 0.536,
        "mission_priority": 0.9885,
        "estimated_landing_time": 1134.0,
        "wait_time": 0,
        "Landing_success_rate": 1.0
    },
    {
        "model": 2,
        "sequence": 29,
        "status": 1,
        "fuel": 7117,
        "fault": 0.4295,
        "weapon": 0,
        "pilot_injury": 0.7068,
        "pilot_skill": 0.9546,
        "mission_priority": 0.5086,
        "estimated_landing_time": 2732.0,
        "wait_time": 0,
        "Landing_success_rate": 1.0
    },
    {
        "model": 2,
        "sequence": 20,
        "status": 1,
        "fuel": 6696,
        "fault": 0.3072,
        "weapon": 1,
        "pilot_injury": 0.3903,
        "pilot_skill": 0.8525,
        "mission_priority": 0.1351,
        "estimated_landing_time": 1886.0,
        "wait_time": 0,
        "Landing_success_rate": 1.0
    },
    {
        "model": 1,
        "sequence": 18,
        "status": 1,
        "fuel": 6775,
        "fault": 0.8345,
        "weapon": 1,
        "pilot_injury": 0.421,
        "pilot_skill": 0.5465,
        "mission_priority": 0.1505,
        "estimated_landing_time": 1698.0,
        "wait_time": 0,
        "Landing_success_rate": 1.0
    },
    {
        "model": 2,
        "sequence": 15,
        "status": 1,
        "fuel": 6568,
        "fault": 0.4829,
        "weapon": 0,
        "pilot_injury": 0.3848,
        "pilot_skill": 0.9155,
        "mission_priority": 0.3676,
        "estimated_landing_time": 1416.0,
        "wait_time": 0,
        "Landing_success_rate": 1.0
    },
    {
        "model": 1,
        "sequence": 2,
        "status": 1,
        "fuel": 5736,
        "fault": 0.811,
        "weapon": 1,
        "pilot_injury": 0.736,
        "pilot_skill": 0.5603,
        "mission_priority": 0.4399,
        "estimated_landing_time": 194.0,
        "wait_time": 0,
        "Landing_success_rate": 1.0
    },
    {
        "model": 1,
        "sequence": 7,
        "status": 1,
        "fuel": 5728,
        "fault": 0.8907,
        "weapon": 1,
        "pilot_injury": 0.5645,
        "pilot_skill": 0.7965,
        "mission_priority": 0.3317,
        "estimated_landing_time": 664.0,
        "wait_time": 0,
        "Landing_success_rate": 1.0
    },
    {
        "model": 2,
        "sequence": 8,
        "status": 1,
        "fuel": 7428,
        "fault": 0.4095,
        "weapon": 0,
        "pilot_injury": 0.2799,
        "pilot_skill": 0.981,
        "mission_priority": 0.4105,
        "estimated_landing_time": 758.0,
        "wait_time": 0,
        "Landing_success_rate": 1.0
    },
    {
        "model": 1,
        "sequence": 30,
        "status": 1,
        "fuel": 5889,
        "fault": 0.1631,
        "weapon": 0,
        "pilot_injury": 0.1496,
        "pilot_skill": 0.3043,
        "mission_priority": 0.096,
        "estimated_landing_time": 2826.0,
        "wait_time": 0,
        "Landing_success_rate": 1.0
    },
    {
        "model": 1,
        "sequence": 17,
        "status": 1,
        "fuel": 5613,
        "fault": 0.0525,
        "weapon": 0,
        "pilot_injury": 0.0435,
        "pilot_skill": 0.2962,
        "mission_priority": 0.941,
        "estimated_landing_time": 1604.0,
        "wait_time": 0,
        "Landing_success_rate": 1.0
    },
    {
        "model": 2,
        "sequence": 11,
        "status": 1,
        "fuel": 7088,
        "fault": 0.8466,
        "weapon": 0,
        "pilot_injury": 0.3416,
        "pilot_skill": 0.1688,
        "mission_priority": 0.9065,
        "estimated_landing_time": 1040.0,
        "wait_time": 0,
        "Landing_success_rate": 1.0
    },
    {
        "model": 2,
        "sequence": 5,
        "status": 1,
        "fuel": 7357,
        "fault": 0.9803,
        "weapon": 1,
        "pilot_injury": 0.8947,
        "pilot_skill": 0.5529,
        "mission_priority": 0.9328,
        "estimated_landing_time": 476.0,
        "wait_time": 0,
        "Landing_success_rate": 1.0
    },
    {
        "model": 1,
        "sequence": 3,
        "status": 1,
        "fuel": 6175,
        "fault": 0.7586,
        "weapon": 0,
        "pilot_injury": 0.5824,
        "pilot_skill": 0.2303,
        "mission_priority": 0.9905,
        "estimated_landing_time": 288.0,
        "wait_time": 0,
        "Landing_success_rate": 1.0
    },
    {
        "model": 0,
        "sequence": 24,
        "status": 1,
        "fuel": 6183,
        "fault": 0.825,
        "weapon": 1,
        "pilot_injury": 0.313,
        "pilot_skill": 0.313,
        "mission_priority": 0.1039,
        "estimated_landing_time": 2262.0,
        "wait_time": 0,
        "Landing_success_rate": 1.0
    },
    {
        "model": 0,
        "sequence": 16,
        "status": 1,
        "fuel": 6750,
        "fault": 0.6418,
        "weapon": 1,
        "pilot_injury": 0.1484,
        "pilot_skill": 0.2267,
        "mission_priority": 0.2511,
        "estimated_landing_time": 1510.0,
        "wait_time": 0,
        "Landing_success_rate": 1.0
    },
    {
        "model": 0,
        "sequence": 13,
        "status": 1,
        "fuel": 6780,
        "fault": 0.2027,
        "weapon": 1,
        "pilot_injury": 0.0755,
        "pilot_skill": 0.536,
        "mission_priority": 0.7877,
        "estimated_landing_time": 1228.0,
        "wait_time": 0,
        "Landing_success_rate": 1.0
    },
    {
        "model": 0,
        "sequence": 27,
        "status": 1,
        "fuel": 6350,
        "fault": 0.6329,
        "weapon": 0,
        "pilot_injury": 0.0992,
        "pilot_skill": 0.8212,
        "mission_priority": 0.5057,
        "estimated_landing_time": 2544.0,
        "wait_time": 0,
        "Landing_success_rate": 1.0
    },
    {
        "model": 1,
        "sequence": 22,
        "status": 1,
        "fuel": 6255,
        "fault": 0.6659,
        "weapon": 0,
        "pilot_injury": 0.3253,
        "pilot_skill": 0.3246,
        "mission_priority": 0.6318,
        "estimated_landing_time": 2074.0,
        "wait_time": 0,
        "Landing_success_rate": 1.0
    },
    {
        "model": 2,
        "sequence": 10,
        "status": 1,
        "fuel": 5911,
        "fault": 0.0538,
        "weapon": 0,
        "pilot_injury": 0.7246,
        "pilot_skill": 0.3563,
        "mission_priority": 0.2174,
        "estimated_landing_time": 946.0,
        "wait_time": 0,
        "Landing_success_rate": 1.0
    },
    {
        "model": 0,
        "sequence": 26,
        "status": 1,
        "fuel": 7101,
        "fault": 0.6106,
        "weapon": 1,
        "pilot_injury": 0.0897,
        "pilot_skill": 0.1667,
        "mission_priority": 0.0192,
        "estimated_landing_time": 2450.0,
        "wait_time": 0,
        "Landing_success_rate": 1.0
    },
    {
        "model": 2,
        "sequence": 9,
        "status": 1,
        "fuel": 5731,
        "fault": 0.5111,
        "weapon": 0,
        "pilot_injury": 0.9952,
        "pilot_skill": 0.9917,
        "mission_priority": 0.187,
        "estimated_landing_time": 852.0,
        "wait_time": 0,
        "Landing_success_rate": 1.0
    },
    {
        "model": 0,
        "sequence": 14,
        "status": 1,
        "fuel": 7190,
        "fault": 0.2507,
        "weapon": 1,
        "pilot_injury": 0.1488,
        "pilot_skill": 0.504,
        "mission_priority": 0.3994,
        "estimated_landing_time": 1322.0,
        "wait_time": 0,
        "Landing_success_rate": 1.0
    },
    {
        "model": 0,
        "sequence": 6,
        "status": 1,
        "fuel": 6600,
        "fault": 0.8935,
        "weapon": 0,
        "pilot_injury": 0.8281,
        "pilot_skill": 0.9879,
        "mission_priority": 0.2231,
        "estimated_landing_time": 570.0,
        "wait_time": 0,
        "Landing_success_rate": 1.0
    },
    {
        "model": 0,
        "sequence": 25,
        "status": 1,
        "fuel": 7398,
        "fault": 0.5002,
        "weapon": 1,
        "pilot_injury": 0.5915,
        "pilot_skill": 0.8963,
        "mission_priority": 0.9426,
        "estimated_landing_time": 2356.0,
        "wait_time": 0,
        "Landing_success_rate": 1.0
    },
    {
        "model": 2,
        "sequence": 23,
        "status": 1,
        "fuel": 6894,
        "fault": 0.6934,
        "weapon": 0,
        "pilot_injury": 0.4897,
        "pilot_skill": 0.6151,
        "mission_priority": 0.8286,
        "estimated_landing_time": 2168.0,
        "wait_time": 0,
        "Landing_success_rate": 1.0
    },
    {
        "model": 2,
        "sequence": 4,
        "status": 1,
        "fuel": 6220,
        "fault": 0.1586,
        "weapon": 1,
        "pilot_injury": 0.4179,
        "pilot_skill": 0.0504,
        "mission_priority": 0.9243,
        "estimated_landing_time": 382.0,
        "wait_time": 0,
        "Landing_success_rate": 1.0
    },
    {
        "model": 0,
        "sequence": 28,
        "status": 1,
        "fuel": 7461,
        "fault": 0.7627,
        "weapon": 0,
        "pilot_injury": 0.8717,
        "pilot_skill": 0.4209,
        "mission_priority": 0.8001,
        "estimated_landing_time": 2638.0,
        "wait_time": 0,
        "Landing_success_rate": 1.0
    },
    {
        "model": 2,
        "sequence": 21,
        "status": 1,
        "fuel": 6493,
        "fault": 0.9387,
        "weapon": 0,
        "pilot_injury": 0.4121,
        "pilot_skill": 0.691,
        "mission_priority": 0.4224,
        "estimated_landing_time": 1980.0,
        "wait_time": 0,
        "Landing_success_rate": 1.0
    }
]