[
    {
        "model": 1,
        "sequence": 26,
        "status": 1,
        "fuel": 7262,
        "fault": 0.7332,
        "weapon": 1,
        "pilot_injury": 0.928,
        "pilot_skill": 0.4886,
        "mission_priority": 0.9943,
        "estimated_landing_time": 2450.0,
        "wait_time": 0,
        "Landing_success_rate": 1.0
    },
    {
        "model": 0,
        "sequence": 30,
        "status": 1,
        "fuel": 6153,
        "fault": 0.0455,
        "weapon": 1,
        "pilot_injury": 0.6739,
        "pilot_skill": 0.1858,
        "mission_priority": 0.9019,
        "estimated_landing_time": 2826.0,
        "wait_time": 0,
        "Landing_success_rate": 1.0
    },
    {
        "model": 0,
        "sequence": 16,
        "status": 1,
        "fuel": 7248,
        "fault": 0.3403,
        "weapon": 0,
        "pilot_injury": 0.6096,
        "pilot_skill": 0.8837,
        "mission_priority": 0.68,
        "estimated_landing_time": 1510.0,
        "wait_time": 0,
        "Landing_success_rate": 1.0
    },
    {
        "model": 0,
        "sequence": 11,
        "status": 1,
        "fuel": 7467,
        "fault": 0.7029,
        "weapon": 0,
        "pilot_injury": 0.4397,
        "pilot_skill": 0.5006,
        "mission_priority": 0.1695,
        "estimated_landing_time": 1040.0,
        "wait_time": 0,
        "Landing_success_rate": 1.0
    },
    {
        "model": 2,
        "sequence": 13,
        "status": 1,
        "fuel": 5957,
        "fault": 0.2211,
        "weapon": 1,
        "pilot_injury": 0.728,
        "pilot_skill": 0.8658,
        "mission_priority": 0.5009,
        "estimated_landing_time": 1228.0,
        "wait_time": 0,
        "Landing_success_rate": 1.0
    },
    {
        "model": 0,
        "sequence": 14,
        "status": 1,
        "fuel": 5539,
        "fault": 0.7408,
        "weapon": 1,
        "pilot_injury": 0.1747,
        "pilot_skill": 0.9386,
        "mission_priority": 0.3067,
        "estimated_landing_time": 1322.0,
        "wait_time": 0,
        "Landing_success_rate": 1.0
    },
    {
        "model": 1,
        "sequence": 22,
        "status": 1,
        "fuel": 7115,
        "fault": 0.8062,
        "weapon": 0,
        "pilot_injury": 0.4148,
        "pilot_skill": 0.0552,
        "mission_priority": 0.4095,
        "estimated_landing_time": 2074.0,
        "wait_time": 0,
        "Landing_success_rate": 1.0
    },
    {
        "model": 0,
        "sequence": 15,
        "status": 1,
        "fuel": 6662,
        "fault": 0.1502,
        "weapon": 1,
        "pilot_injury": 0.299,
        "pilot_skill": 0.2263,
        "mission_priority": 0.4198,
        "estimated_landing_time": 1416.0,
        "wait_time": 0,
        "Landing_success_rate": 1.0
    },
    {
        "model": 1,
        "sequence": 5,
        "status": 1,
        "fuel": 6536,
        "fault": 0.1715,
        "weapon": 0,
        "pilot_injury": 0.7681,
        "pilot_skill": 0.3367,
        "mission_priority": 0.0132,
        "estimated_landing_time": 476.0,
        "wait_time": 0,
        "Landing_success_rate": 1.0
    },
    {
        "model": 0,
        "sequence": 1,
        "status": 1,
        "fuel": 5989,
        "fault": 0.5815,
        "weapon": 1,
        "pilot_injury": 0.5269,
        "pilot_skill": 0.4692,
        "mission_priority": 0.5831,
        "estimated_landing_time": 100.0,
        "wait_time": 0,
        "Landing_success_rate": 1.0
    },
    {
        "model": 1,
        "sequence": 20,
        "status": 1,
        "fuel": 5983,
        "fault": 0.3265,
        "weapon": 0,
        "pilot_injury": 0.981,
        "pilot_skill": 0.5284,
        "mission_priority": 0.9225,
        "estimated_landing_time": 1886.0,
        "wait_time": 0,
        "Landing_success_rate": 1.0
    },
    {
        "model": 0,
        "sequence": 24,
        "status": 1,
        "fuel": 6471,
        "fault": 0.4925,
        "weapon": 1,
        "pilot_injury": 0.1462,
        "pilot_skill": 0.334,
        "mission_priority": 0.7255,
        "estimated_landing_time": 2262.0,
        "wait_time": 0,
        "Landing_success_rate": 1.0
    },
    {
        "model": 0,
        "sequence": 19,
        "status": 1,
        "fuel": 6346,
        "fault": 0.1765,
        "weapon": 0,
        "pilot_injury": 0.9824,
        "pilot_skill": 0.7857,
        "mission_priority": 0.572,
        "estimated_landing_time": 1792.0,
        "wait_time": 0,
        "Landing_success_rate": 1.0
    },
    {
        "model": 0,
        "sequence": 21,
        "status": 1,
        "fuel": 6766,
        "fault": 0.0426,
        "weapon": 1,
        "pilot_injury": 0.1052,
        "pilot_skill": 0.3271,
        "mission_priority": 0.6064,
        "estimated_landing_time": 1980.0,
        "wait_time": 0,
        "Landing_success_rate": 1.0
    },
    {
        "model": 0,
        "sequence": 3,
        "status": 1,
        "fuel": 7388,
        "fault": 0.1501,
        "weapon": 0,
        "pilot_injury": 0.0908,
        "pilot_skill": 0.4268,
        "mission_priority": 0.7731,
        "estimated_landing_time": 288.0,
        "wait_time": 0,
        "Landing_success_rate": 1.0
    },
    {
        "model": 1,
        "sequence": 23,
        "status": 1,
        "fuel": 6309,
        "fault": 0.5329,
        "weapon": 1,
        "pilot_injury": 0.6634,
        "pilot_skill": 0.3927,
        "mission_priority": 0.9725,
        "estimated_landing_time": 2168.0,
        "wait_time": 0,
        "Landing_success_rate": 1.0
    },
    {
        "model": 0,
        "sequence": 9,
        "status": 1,
        "fuel": 6737,
        "fault": 0.4058,
        "weapon": 1,
        "pilot_injury": 0.5016,
        "pilot_skill": 0.0255,
        "mission_priority": 0.4179,
        "estimated_landing_time": 852.0,
        "wait_time": 0,
        "Landing_success_rate": 1.0
    },
    {
        "model": 2,
        "sequence": 8,
        "status": 1,
        "fuel": 6859,
        "fault": 0.8615,
        "weapon": 1,
        "pilot_injury": 0.9694,
        "pilot_skill": 0.3256,
        "mission_priority": 0.1615,
        "estimated_landing_time": 758.0,
        "wait_time": 0,
        "Landing_success_rate": 1.0
    },
    {
        "model": 0,
        "sequence": 12,
        "status": 1,
        "fuel": 7032,
        "fault": 0.9007,
        "weapon": 1,
        "pilot_injury": 0.1596,
        "pilot_skill": 0.5069,
        "mission_priority": 0.7535,
        "estimated_landing_time": 1134.0,
        "wait_time": 0,
        "Landing_success_rate": 1.0
    },
    {
        "model": 0,
        "sequence": 4,
        "status": 1,
        "fuel": 6327,
        "fault": 0.8366,
        "weapon": 0,
        "pilot_injury": 0.6549,
        "pilot_skill": 0.725,
        "mission_priority": 0.9939,
        "estimated_landing_time": 382.0,
        "wait_time": 0,
        "Landing_success_rate": 1.0
    },
    {
        "model": 2,
        "sequence": 17,
        "status": 1,
        "fuel": 7490,
        "fault": 0.1896,
        "weapon": 1,
        "pilot_injury": 0.2983,
        "pilot_skill": 0.5368,
        "mission_priority": 0.912,
        "estimated_landing_time": 1604.0,
        "wait_time": 0,
        "Landing_success_rate": 1.0
    },
    {
        "model": 1,
        "sequence": 7,
        "status": 1,
        "fuel": 7225,
        "fault": 0.9427,
        "weapon": 1,
        "pilot_injury": 0.3572,
        "pilot_skill": 0.8464,
        "mission_priority": 0.2847,
        "estimated_landing_time": 664.0,
        "wait_time": 0,
        "Landing_success_rate": 1.0
    },
    {
        "model": 2,
        "sequence": 10,
        "status": 1,
        "fuel": 7144,
        "fault": 0.0327,
        "weapon": 0,
        "pilot_injury": 0.1524,
        "pilot_skill": 0.7198,
        "mission_priority": 0.8343,
        "estimated_landing_time": 946.0,
        "wait_time": 0,
        "Landing_success_rate": 1.0
    },
    {
        "model": 1,
        "sequence": 18,
        "status": 1,
        "fuel": 6937,
        "fault": 0.2489,
        "weapon": 1,
        "pilot_injury": 0.8626,
        "pilot_skill": 0.1987,
        "mission_priority": 0.4491,
        "estimated_landing_time": 1698.0,
        "wait_time": 0,
        "Landing_success_rate": 1.0
    },
    {
        "model": 2,
        "sequence": 29,
        "status": 1,
        "fuel": 6056,
        "fault": 0.4008,
        "weapon": 0,
        "pilot_injury": 0.2121,
        "pilot_skill": 0.4667,
        "mission_priority": 0.3737,
        "estimated_landing_time": 2732.0,
        "wait_time": 0,
        "Landing_success_rate": 1.0
    },
    {
        "model": 2,
        "sequence": 28,
        "status": 1,
        "fuel": 6776,
        "fault": 0.6301,
        "weapon": 0,
        "pilot_injury": 0.9279,
        "pilot_skill": 0.8714,
        "mission_priority": 0.3926,
        "estimated_landing_time": 2638.0,
        "wait_time": 0,
        "Landing_success_rate": 1.0
    },
    {
        "model": 2,
        "sequence": 25,
        "status": 1,
        "fuel": 7214,
        "fault": 0.3219,
        "weapon": 1,
        "pilot_injury": 0.1232,
        "pilot_skill": 0.602,
        "mission_priority": 0.7339,
        "estimated_landing_time": 2356.0,
        "wait_time": 0,
        "Landing_success_rate": 1.0
    },
    {
        "model": 1,
        "sequence": 2,
        "status": 1,
        "fuel": 6852,
        "fault": 0.612,
        "weapon": 0,
        "pilot_injury": 0.6911,
        "pilot_skill": 0.517,
        "mission_priority": 0.3718,
        "estimated_landing_time": 194.0,
        "wait_time": 0,
        "Landing_success_rate": 1.0
    },
    {
        "model": 0,
        "sequence": 6,
        "status": 1,
        "fuel": 6100,
        "fault": 0.5673,
        "weapon": 0,
        "pilot_injury": 0.4651,
        "pilot_skill": 0.0157,
        "mission_priority": 0.316,
        "estimated_landing_time": 570.0,
        "wait_time": 0,
        "Landing_success_rate": 1.0
    },
    {
        "model": 0,
        "sequence": 27,
        "status": 1,
        "fuel": 6328,
        "fault": 0.4178,
        "weapon": 0,
        "pilot_injury": 0.2939,
        "pilot_skill": 0.1805,
        "mission_priority": 0.0909,
        "estimated_landing_time": 2544.0,
        "wait_time": 0,
        "Landing_success_rate": 1.0
    }
]