[
    {
        "model": 1,
        "sequence": 6,
        "status": 1,
        "fuel": 5988,
        "fault": 0.4836,
        "weapon": 1,
        "pilot_injury": 0.3871,
        "pilot_skill": 0.6186,
        "mission_priority": 0.6929,
        "estimated_landing_time": 570.0,
        "wait_time": 0,
        "Landing_success_rate": 1.0
    },
    {
        "model": 0,
        "sequence": 7,
        "status": 1,
        "fuel": 6078,
        "fault": 0.3394,
        "weapon": 1,
        "pilot_injury": 0.2168,
        "pilot_skill": 0.9896,
        "mission_priority": 0.6838,
        "estimated_landing_time": 664.0,
        "wait_time": 0,
        "Landing_success_rate": 1.0
    },
    {
        "model": 2,
        "sequence": 30,
        "status": 1,
        "fuel": 6202,
        "fault": 0.8421,
        "weapon": 0,
        "pilot_injury": 0.9585,
        "pilot_skill": 0.0795,
        "mission_priority": 0.0198,
        "estimated_landing_time": 2826.0,
        "wait_time": 0,
        "Landing_success_rate": 1.0
    },
    {
        "model": 1,
        "sequence": 10,
        "status": 1,
        "fuel": 5985,
        "fault": 0.6359,
        "weapon": 1,
        "pilot_injury": 0.7109,
        "pilot_skill": 0.724,
        "mission_priority": 0.6302,
        "estimated_landing_time": 946.0,
        "wait_time": 0,
        "Landing_success_rate": 1.0
    },
    {
        "model": 1,
        "sequence": 16,
        "status": 1,
        "fuel": 6880,
        "fault": 0.7199,
        "weapon": 1,
        "pilot_injury": 0.9279,
        "pilot_skill": 0.9131,
        "mission_priority": 0.2425,
        "estimated_landing_time": 1510.0,
        "wait_time": 0,
        "Landing_success_rate": 1.0
    },
    {
        "model": 0,
        "sequence": 11,
        "status": 1,
        "fuel": 6926,
        "fault": 0.8216,
        "weapon": 0,
        "pilot_injury": 0.0484,
        "pilot_skill": 0.1621,
        "mission_priority": 0.3803,
        "estimated_landing_time": 1040.0,
        "wait_time": 0,
        "Landing_success_rate": 1.0
    },
    {
        "model": 0,
        "sequence": 1,
        "status": 1,
        "fuel": 6266,
        "fault": 0.5233,
        "weapon": 1,
        "pilot_injury": 0.905,
        "pilot_skill": 0.9091,
        "mission_priority": 0.6043,
        "estimated_landing_time": 100.0,
        "wait_time": 0,
        "Landing_success_rate": 1.0
    },
    {
        "model": 0,
        "sequence": 25,
        "status": 1,
        "fuel": 7369,
        "fault": 0.1302,
        "weapon": 1,
        "pilot_injury": 0.1467,
        "pilot_skill": 0.635,
        "mission_priority": 0.35,
        "estimated_landing_time": 2356.0,
        "wait_time": 0,
        "Landing_success_rate": 1.0
    },
    {
        "model": 0,
        "sequence": 13,
        "status": 1,
        "fuel": 7269,
        "fault": 0.1327,
        "weapon": 1,
        "pilot_injury": 0.1984,
        "pilot_skill": 0.8865,
        "mission_priority": 0.9339,
        "estimated_landing_time": 1228.0,
        "wait_time": 0,
        "Landing_success_rate": 1.0
    },
    {
        "model": 0,
        "sequence": 23,
        "status": 1,
        "fuel": 6643,
        "fault": 0.8376,
        "weapon": 1,
        "pilot_injury": 0.004,
        "pilot_skill": 0.913,
        "mission_priority": 0.152,
        "estimated_landing_time": 2168.0,
        "wait_time": 0,
        "Landing_success_rate": 1.0
    },
    {
        "model": 2,
        "sequence": 26,
        "status": 1,
        "fuel": 6111,
        "fault": 0.0948,
        "weapon": 0,
        "pilot_injury": 0.3733,
        "pilot_skill": 0.7854,
        "mission_priority": 0.4067,
        "estimated_landing_time": 2450.0,
        "wait_time": 0,
        "Landing_success_rate": 1.0
    },
    {
        "model": 2,
        "sequence": 24,
        "status": 1,
        "fuel": 6653,
        "fault": 0.5308,
        "weapon": 0,
        "pilot_injury": 0.5173,
        "pilot_skill": 0.7377,
        "mission_priority": 0.8791,
        "estimated_landing_time": 2262.0,
        "wait_time": 0,
        "Landing_success_rate": 1.0
    },
    {
        "model": 0,
        "sequence": 18,
        "status": 1,
        "fuel": 6596,
        "fault": 0.7609,
        "weapon": 0,
        "pilot_injury": 0.7018,
        "pilot_skill": 0.1611,
        "mission_priority": 0.9507,
        "estimated_landing_time": 1698.0,
        "wait_time": 0,
        "Landing_success_rate": 1.0
    },
    {
        "model": 2,
        "sequence": 3,
        "status": 1,
        "fuel": 5984,
        "fault": 0.5721,
        "weapon": 1,
        "pilot_injury": 0.518,
        "pilot_skill": 0.1262,
        "mission_priority": 0.5936,
        "estimated_landing_time": 288.0,
        "wait_time": 0,
        "Landing_success_rate": 1.0
    },
    {
        "model": 0,
        "sequence": 21,
        "status": 1,
        "fuel": 6808,
        "fault": 0.0262,
        "weapon": 1,
        "pilot_injury": 0.8887,
        "pilot_skill": 0.5444,
        "mission_priority": 0.4495,
        "estimated_landing_time": 1980.0,
        "wait_time": 0,
        "Landing_success_rate": 1.0
    },
    {
        "model": 0,
        "sequence": 4,
        "status": 1,
        "fuel": 7138,
        "fault": 0.5346,
        "weapon": 0,
        "pilot_injury": 0.3794,
        "pilot_skill": 0.2463,
        "mission_priority": 0.9953,
        "estimated_landing_time": 382.0,
        "wait_time": 0,
        "Landing_success_rate": 1.0
    },
    {
        "model": 1,
        "sequence": 29,
        "status": 1,
        "fuel": 6017,
        "fault": 0.3108,
        "weapon": 1,
        "pilot_injury": 0.8013,
        "pilot_skill": 0.7504,
        "mission_priority": 0.4012,
        "estimated_landing_time": 2732.0,
        "wait_time": 0,
        "Landing_success_rate": 1.0
    },
    {
        "model": 0,
        "sequence": 5,
        "status": 1,
        "fuel": 5867,
        "fault": 0.1604,
        "weapon": 1,
        "pilot_injury": 0.7633,
        "pilot_skill": 0.076,
        "mission_priority": 0.1634,
        "estimated_landing_time": 476.0,
        "wait_time": 0,
        "Landing_success_rate": 1.0
    },
    {
        "model": 1,
        "sequence": 27,
        "status": 1,
        "fuel": 6071,
        "fault": 0.3496,
        "weapon": 0,
        "pilot_injury": 0.9051,
        "pilot_skill": 0.8148,
        "mission_priority": 0.9188,
        "estimated_landing_time": 2544.0,
        "wait_time": 0,
        "Landing_success_rate": 1.0
    },
    {
        "model": 2,
        "sequence": 22,
        "status": 1,
        "fuel": 6387,
        "fault": 0.9418,
        "weapon": 0,
        "pilot_injury": 0.0487,
        "pilot_skill": 0.2945,
        "mission_priority": 0.6443,
        "estimated_landing_time": 2074.0,
        "wait_time": 0,
        "Landing_success_rate": 1.0
    },
    {
        "model": 0,
        "sequence": 17,
        "status": 1,
        "fuel": 5827,
        "fault": 0.0514,
        "weapon": 0,
        "pilot_injury": 0.4807,
        "pilot_skill": 0.2333,
        "mission_priority": 0.1742,
        "estimated_landing_time": 1604.0,
        "wait_time": 0,
        "Landing_success_rate": 1.0
    },
    {
        "model": 1,
        "sequence": 12,
        "status": 1,
        "fuel": 6752,
        "fault": 0.7416,
        "weapon": 0,
        "pilot_injury": 0.4353,
        "pilot_skill": 0.8885,
        "mission_priority": 0.1477,
        "estimated_landing_time": 1134.0,
        "wait_time": 0,
        "Landing_success_rate": 1.0
    },
    {
        "model": 1,
        "sequence": 8,
        "status": 1,
        "fuel": 7162,
        "fault": 0.6619,
        "weapon": 0,
        "pilot_injury": 0.3316,
        "pilot_skill": 0.4357,
        "mission_priority": 0.6256,
        "estimated_landing_time": 758.0,
        "wait_time": 0,
        "Landing_success_rate": 1.0
    },
    {
        "model": 2,
        "sequence": 28,
        "status": 1,
        "fuel": 7383,
        "fault": 0.5034,
        "weapon": 1,
        "pilot_injury": 0.969,
        "pilot_skill": 0.9331,
        "mission_priority": 0.5455,
        "estimated_landing_time": 2638.0,
        "wait_time": 0,
        "Landing_success_rate": 1.0
    },
    {
        "model": 1,
        "sequence": 14,
        "status": 1,
        "fuel": 5907,
        "fault": 0.0296,
        "weapon": 1,
        "pilot_injury": 0.3302,
        "pilot_skill": 0.4417,
        "mission_priority": 0.013,
        "estimated_landing_time": 1322.0,
        "wait_time": 0,
        "Landing_success_rate": 1.0
    },
    {
        "model": 0,
        "sequence": 9,
        "status": 1,
        "fuel": 7479,
        "fault": 0.2943,
        "weapon": 0,
        "pilot_injury": 0.3348,
        "pilot_skill": 0.7944,
        "mission_priority": 0.4799,
        "estimated_landing_time": 852.0,
        "wait_time": 0,
        "Landing_success_rate": 1.0
    },
    {
        "model": 0,
        "sequence": 15,
        "status": 1,
        "fuel": 6152,
        "fault": 0.0589,
        "weapon": 0,
        "pilot_injury": 0.201,
        "pilot_skill": 0.4477,
        "mission_priority": 0.7043,
        "estimated_landing_time": 1416.0,
        "wait_time": 0,
        "Landing_success_rate": 1.0
    },
    {
        "model": 1,
        "sequence": 19,
        "status": 1,
        "fuel": 5985,
        "fault": 0.3133,
        "weapon": 0,
        "pilot_injury": 0.5399,
        "pilot_skill": 0.2736,
        "mission_priority": 0.5943,
        "estimated_landing_time": 1792.0,
        "wait_time": 0,
        "Landing_success_rate": 1.0
    },
    {
        "model": 0,
        "sequence": 2,
        "status": 1,
        "fuel": 6192,
        "fault": 0.9654,
        "weapon": 1,
        "pilot_injury": 0.3439,
        "pilot_skill": 0.9075,
        "mission_priority": 0.2795,
        "estimated_landing_time": 194.0,
        "wait_time": 0,
        "Landing_success_rate": 1.0
    },
    {
        "model": 0,
        "sequence": 20,
        "status": 1,
        "fuel": 5550,
        "fault": 0.5732,
        "weapon": 0,
        "pilot_injury": 0.7784,
        "pilot_skill": 0.2002,
        "mission_priority": 0.864,
        "estimated_landing_time": 1886.0,
        "wait_time": 0,
        "Landing_success_rate": 1.0
    }
]