[
    {
        "model": 2,
        "sequence": 6,
        "status": 1,
        "fuel": 5996,
        "fault": 0.8523,
        "weapon": 0,
        "pilot_injury": 0.0627,
        "pilot_skill": 0.0904,
        "mission_priority": 0.6335,
        "estimated_landing_time": 570.0,
        "wait_time": 0,
        "Landing_success_rate": 1.0
    },
    {
        "model": 0,
        "sequence": 9,
        "status": 1,
        "fuel": 7441,
        "fault": 0.2354,
        "weapon": 0,
        "pilot_injury": 0.8725,
        "pilot_skill": 0.7022,
        "mission_priority": 0.3006,
        "estimated_landing_time": 852.0,
        "wait_time": 0,
        "Landing_success_rate": 1.0
    },
    {
        "model": 1,
        "sequence": 16,
        "status": 1,
        "fuel": 6248,
        "fault": 0.4817,
        "weapon": 0,
        "pilot_injury": 0.7336,
        "pilot_skill": 0.1488,
        "mission_priority": 0.3492,
        "estimated_landing_time": 1510.0,
        "wait_time": 0,
        "Landing_success_rate": 1.0
    },
    {
        "model": 1,
        "sequence": 3,
        "status": 1,
        "fuel": 5733,
        "fault": 0.7558,
        "weapon": 0,
        "pilot_injury": 0.2876,
        "pilot_skill": 0.976,
        "mission_priority": 0.7502,
        "estimated_landing_time": 288.0,
        "wait_time": 0,
        "Landing_success_rate": 1.0
    },
    {
        "model": 1,
        "sequence": 24,
        "status": 1,
        "fuel": 6969,
        "fault": 0.7299,
        "weapon": 1,
        "pilot_injury": 0.0005,
        "pilot_skill": 0.0582,
        "mission_priority": 0.553,
        "estimated_landing_time": 2262.0,
        "wait_time": 0,
        "Landing_success_rate": 1.0
    },
    {
        "model": 0,
        "sequence": 18,
        "status": 1,
        "fuel": 6195,
        "fault": 0.8498,
        "weapon": 1,
        "pilot_injury": 0.0496,
        "pilot_skill": 0.8759,
        "mission_priority": 0.6001,
        "estimated_landing_time": 1698.0,
        "wait_time": 0,
        "Landing_success_rate": 1.0
    },
    {
        "model": 2,
        "sequence": 25,
        "status": 1,
        "fuel": 7426,
        "fault": 0.8913,
        "weapon": 0,
        "pilot_injury": 0.7558,
        "pilot_skill": 0.2894,
        "mission_priority": 0.1884,
        "estimated_landing_time": 2356.0,
        "wait_time": 0,
        "Landing_success_rate": 1.0
    },
    {
        "model": 2,
        "sequence": 17,
        "status": 1,
        "fuel": 6985,
        "fault": 0.0486,
        "weapon": 0,
        "pilot_injury": 0.8474,
        "pilot_skill": 0.0437,
        "mission_priority": 0.4993,
        "estimated_landing_time": 1604.0,
        "wait_time": 0,
        "Landing_success_rate": 1.0
    },
    {
        "model": 1,
        "sequence": 22,
        "status": 1,
        "fuel": 6718,
        "fault": 0.629,
        "weapon": 1,
        "pilot_injury": 0.9972,
        "pilot_skill": 0.4125,
        "mission_priority": 0.1003,
        "estimated_landing_time": 2074.0,
        "wait_time": 0,
        "Landing_success_rate": 1.0
    },
    {
        "model": 2,
        "sequence": 12,
        "status": 1,
        "fuel": 7180,
        "fault": 0.3423,
        "weapon": 0,
        "pilot_injury": 0.7658,
        "pilot_skill": 0.2322,
        "mission_priority": 0.9536,
        "estimated_landing_time": 1134.0,
        "wait_time": 0,
        "Landing_success_rate": 1.0
    },
    {
        "model": 1,
        "sequence": 4,
        "status": 1,
        "fuel": 6853,
        "fault": 0.9835,
        "weapon": 0,
        "pilot_injury": 0.5723,
        "pilot_skill": 0.4513,
        "mission_priority": 0.8197,
        "estimated_landing_time": 382.0,
        "wait_time": 0,
        "Landing_success_rate": 1.0
    },
    {
        "model": 1,
        "sequence": 10,
        "status": 1,
        "fuel": 7329,
        "fault": 0.2429,
        "weapon": 0,
        "pilot_injury": 0.812,
        "pilot_skill": 0.6746,
        "mission_priority": 0.2586,
        "estimated_landing_time": 946.0,
        "wait_time": 0,
        "Landing_success_rate": 1.0
    },
    {
        "model": 0,
        "sequence": 29,
        "status": 1,
        "fuel": 6763,
        "fault": 0.1395,
        "weapon": 1,
        "pilot_injury": 0.9075,
        "pilot_skill": 0.2157,
        "mission_priority": 0.9834,
        "estimated_landing_time": 2732.0,
        "wait_time": 0,
        "Landing_success_rate": 1.0
    },
    {
        "model": 0,
        "sequence": 19,
        "status": 1,
        "fuel": 5997,
        "fault": 0.6224,
        "weapon": 1,
        "pilot_injury": 0.2124,
        "pilot_skill": 0.4307,
        "mission_priority": 0.0976,
        "estimated_landing_time": 1792.0,
        "wait_time": 0,
        "Landing_success_rate": 1.0
    },
    {
        "model": 1,
        "sequence": 27,
        "status": 1,
        "fuel": 5660,
        "fault": 0.3974,
        "weapon": 1,
        "pilot_injury": 0.9516,
        "pilot_skill": 0.6672,
        "mission_priority": 0.3146,
        "estimated_landing_time": 2544.0,
        "wait_time": 0,
        "Landing_success_rate": 1.0
    },
    {
        "model": 0,
        "sequence": 28,
        "status": 1,
        "fuel": 6220,
        "fault": 0.0639,
        "weapon": 0,
        "pilot_injury": 0.907,
        "pilot_skill": 0.9272,
        "mission_priority": 0.7508,
        "estimated_landing_time": 2638.0,
        "wait_time": 0,
        "Landing_success_rate": 1.0
    },
    {
        "model": 0,
        "sequence": 7,
        "status": 1,
        "fuel": 7045,
        "fault": 0.5475,
        "weapon": 0,
        "pilot_injury": 0.3251,
        "pilot_skill": 0.6717,
        "mission_priority": 0.8448,
        "estimated_landing_time": 664.0,
        "wait_time": 0,
        "Landing_success_rate": 1.0
    },
    {
        "model": 0,
        "sequence": 5,
        "status": 1,
        "fuel": 6042,
        "fault": 0.5286,
        "weapon": 1,
        "pilot_injury": 0.3752,
        "pilot_skill": 0.2443,
        "mission_priority": 0.0118,
        "estimated_landing_time": 476.0,
        "wait_time": 0,
        "Landing_success_rate": 1.0
    },
    {
        "model": 2,
        "sequence": 14,
        "status": 1,
        "fuel": 5789,
        "fault": 0.7179,
        "weapon": 1,
        "pilot_injury": 0.8781,
        "pilot_skill": 0.6007,
        "mission_priority": 0.6211,
        "estimated_landing_time": 1322.0,
        "wait_time": 0,
        "Landing_success_rate": 1.0
    },
    {
        "model": 2,
        "sequence": 30,
        "status": 1,
        "fuel": 7092,
        "fault": 0.1284,
        "weapon": 0,
        "pilot_injury": 0.3573,
        "pilot_skill": 0.1388,
        "mission_priority": 0.5704,
        "estimated_landing_time": 2826.0,
        "wait_time": 0,
        "Landing_success_rate": 1.0
    },
    {
        "model": 0,
        "sequence": 2,
        "status": 1,
        "fuel": 6308,
        "fault": 0.226,
        "weapon": 1,
        "pilot_injury": 0.6001,
        "pilot_skill": 0.4394,
        "mission_priority": 0.8055,
        "estimated_landing_time": 194.0,
        "wait_time": 0,
        "Landing_success_rate": 1.0
    },
    {
        "model": 2,
        "sequence": 1,
        "status": 1,
        "fuel": 7003,
        "fault": 0.3459,
        "weapon": 0,
        "pilot_injury": 0.518,
        "pilot_skill": 0.8875,
        "mission_priority": 0.5205,
        "estimated_landing_time": 100.0,
        "wait_time": 0,
        "Landing_success_rate": 1.0
    },
    {
        "model": 1,
        "sequence": 20,
        "status": 1,
        "fuel": 7145,
        "fault": 0.4895,
        "weapon": 1,
        "pilot_injury": 0.4002,
        "pilot_skill": 0.9331,
        "mission_priority": 0.2233,
        "estimated_landing_time": 1886.0,
        "wait_time": 0,
        "Landing_success_rate": 1.0
    },
    {
        "model": 1,
        "sequence": 21,
        "status": 1,
        "fuel": 6127,
        "fault": 0.451,
        "weapon": 0,
        "pilot_injury": 0.5769,
        "pilot_skill": 0.2846,
        "mission_priority": 0.4324,
        "estimated_landing_time": 1980.0,
        "wait_time": 0,
        "Landing_success_rate": 1.0
    },
    {
        "model": 0,
        "sequence": 13,
        "status": 1,
        "fuel": 5581,
        "fault": 0.9534,
        "weapon": 1,
        "pilot_injury": 0.8211,
        "pilot_skill": 0.3944,
        "mission_priority": 0.6765,
        "estimated_landing_time": 1228.0,
        "wait_time": 0,
        "Landing_success_rate": 1.0
    },
    {
        "model": 0,
        "sequence": 11,
        "status": 1,
        "fuel": 5967,
        "fault": 0.6281,
        "weapon": 1,
        "pilot_injury": 0.2542,
        "pilot_skill": 0.3502,
        "mission_priority": 0.5949,
        "estimated_landing_time": 1040.0,
        "wait_time": 0,
        "Landing_success_rate": 1.0
    },
    {
        "model": 2,
        "sequence": 15,
        "status": 1,
        "fuel": 6193,
        "fault": 0.8783,
        "weapon": 1,
        "pilot_injury": 0.584,
        "pilot_skill": 0.9837,
        "mission_priority": 0.439,
        "estimated_landing_time": 1416.0,
        "wait_time": 0,
        "Landing_success_rate": 1.0
    },
    {
        "model": 0,
        "sequence": 8,
        "status": 1,
        "fuel": 7337,
        "fault": 0.6169,
        "weapon": 1,
        "pilot_injury": 0.908,
        "pilot_skill": 0.9877,
        "mission_priority": 0.4957,
        "estimated_landing_time": 758.0,
        "wait_time": 0,
        "Landing_success_rate": 1.0
    },
    {
        "model": 0,
        "sequence": 23,
        "status": 1,
        "fuel": 5706,
        "fault": 0.9784,
        "weapon": 0,
        "pilot_injury": 0.8539,
        "pilot_skill": 0.8361,
        "mission_priority": 0.336,
        "estimated_landing_time": 2168.0,
        "wait_time": 0,
        "Landing_success_rate": 1.0
    },
    {
        "model": 1,
        "sequence": 26,
        "status": 1,
        "fuel": 6656,
        "fault": 0.1489,
        "weapon": 0,
        "pilot_injury": 0.4741,
        "pilot_skill": 0.0858,
        "mission_priority": 0.7949,
        "estimated_landing_time": 2450.0,
        "wait_time": 0,
        "Landing_success_rate": 1.0
    }
]