[
    {
        "model": 0,
        "sequence": 12,
        "status": 1,
        "fuel": 6127,
        "fault": 0.5437,
        "weapon": 1,
        "pilot_injury": 0.9541,
        "pilot_skill": 0.2145,
        "mission_priority": 0.289,
        "estimated_landing_time": 1134.0,
        "wait_time": 0,
        "Landing_success_rate": 1.0
    },
    {
        "model": 1,
        "sequence": 18,
        "status": 1,
        "fuel": 6081,
        "fault": 0.5476,
        "weapon": 0,
        "pilot_injury": 0.1301,
        "pilot_skill": 0.9299,
        "mission_priority": 0.0102,
        "estimated_landing_time": 1698.0,
        "wait_time": 0,
        "Landing_success_rate": 1.0
    },
    {
        "model": 0,
        "sequence": 20,
        "status": 1,
        "fuel": 6690,
        "fault": 0.765,
        "weapon": 1,
        "pilot_injury": 0.1887,
        "pilot_skill": 0.4487,
        "mission_priority": 0.8971,
        "estimated_landing_time": 1886.0,
        "wait_time": 0,
        "Landing_success_rate": 1.0
    },
    {
        "model": 2,
        "sequence": 11,
        "status": 1,
        "fuel": 6087,
        "fault": 0.944,
        "weapon": 1,
        "pilot_injury": 0.541,
        "pilot_skill": 0.5106,
        "mission_priority": 0.013,
        "estimated_landing_time": 1040.0,
        "wait_time": 0,
        "Landing_success_rate": 1.0
    },
    {
        "model": 0,
        "sequence": 9,
        "status": 1,
        "fuel": 6621,
        "fault": 0.4366,
        "weapon": 0,
        "pilot_injury": 0.7526,
        "pilot_skill": 0.8226,
        "mission_priority": 0.2833,
        "estimated_landing_time": 852.0,
        "wait_time": 0,
        "Landing_success_rate": 1.0
    },
    {
        "model": 0,
        "sequence": 14,
        "status": 1,
        "fuel": 5783,
        "fault": 0.3619,
        "weapon": 1,
        "pilot_injury": 0.3748,
        "pilot_skill": 0.6956,
        "mission_priority": 0.4373,
        "estimated_landing_time": 1322.0,
        "wait_time": 0,
        "Landing_success_rate": 1.0
    },
    {
        "model": 1,
        "sequence": 19,
        "status": 1,
        "fuel": 6690,
        "fault": 0.2404,
        "weapon": 0,
        "pilot_injury": 0.4143,
        "pilot_skill": 0.2637,
        "mission_priority": 0.8497,
        "estimated_landing_time": 1792.0,
        "wait_time": 0,
        "Landing_success_rate": 1.0
    },
    {
        "model": 1,
        "sequence": 16,
        "status": 1,
        "fuel": 6528,
        "fault": 0.9719,
        "weapon": 0,
        "pilot_injury": 0.7403,
        "pilot_skill": 0.4972,
        "mission_priority": 0.4104,
        "estimated_landing_time": 1510.0,
        "wait_time": 0,
        "Landing_success_rate": 1.0
    },
    {
        "model": 0,
        "sequence": 10,
        "status": 1,
        "fuel": 6991,
        "fault": 0.0243,
        "weapon": 0,
        "pilot_injury": 0.9573,
        "pilot_skill": 0.6432,
        "mission_priority": 0.8253,
        "estimated_landing_time": 946.0,
        "wait_time": 0,
        "Landing_success_rate": 1.0
    },
    {
        "model": 2,
        "sequence": 29,
        "status": 1,
        "fuel": 6157,
        "fault": 0.1062,
        "weapon": 0,
        "pilot_injury": 0.2945,
        "pilot_skill": 0.0435,
        "mission_priority": 0.7909,
        "estimated_landing_time": 2732.0,
        "wait_time": 0,
        "Landing_success_rate": 1.0
    },
    {
        "model": 0,
        "sequence": 4,
        "status": 1,
        "fuel": 6140,
        "fault": 0.8565,
        "weapon": 1,
        "pilot_injury": 0.8523,
        "pilot_skill": 0.4448,
        "mission_priority": 0.9479,
        "estimated_landing_time": 382.0,
        "wait_time": 0,
        "Landing_success_rate": 1.0
    },
    {
        "model": 2,
        "sequence": 24,
        "status": 1,
        "fuel": 5511,
        "fault": 0.9003,
        "weapon": 1,
        "pilot_injury": 0.8159,
        "pilot_skill": 0.3549,
        "mission_priority": 0.5954,
        "estimated_landing_time": 2262.0,
        "wait_time": 0,
        "Landing_success_rate": 1.0
    },
    {
        "model": 0,
        "sequence": 22,
        "status": 1,
        "fuel": 5760,
        "fault": 0.3489,
        "weapon": 0,
        "pilot_injury": 0.051,
        "pilot_skill": 0.9037,
        "mission_priority": 0.517,
        "estimated_landing_time": 2074.0,
        "wait_time": 0,
        "Landing_success_rate": 1.0
    },
    {
        "model": 0,
        "sequence": 27,
        "status": 1,
        "fuel": 6746,
        "fault": 0.3168,
        "weapon": 0,
        "pilot_injury": 0.1001,
        "pilot_skill": 0.7774,
        "mission_priority": 0.4349,
        "estimated_landing_time": 2544.0,
        "wait_time": 0,
        "Landing_success_rate": 1.0
    },
    {
        "model": 1,
        "sequence": 7,
        "status": 1,
        "fuel": 6729,
        "fault": 0.6957,
        "weapon": 1,
        "pilot_injury": 0.1063,
        "pilot_skill": 0.9013,
        "mission_priority": 0.2804,
        "estimated_landing_time": 664.0,
        "wait_time": 0,
        "Landing_success_rate": 1.0
    },
    {
        "model": 0,
        "sequence": 23,
        "status": 1,
        "fuel": 6469,
        "fault": 0.2648,
        "weapon": 1,
        "pilot_injury": 0.0753,
        "pilot_skill": 0.0701,
        "mission_priority": 0.6216,
        "estimated_landing_time": 2168.0,
        "wait_time": 0,
        "Landing_success_rate": 1.0
    },
    {
        "model": 2,
        "sequence": 1,
        "status": 1,
        "fuel": 6978,
        "fault": 0.0263,
        "weapon": 1,
        "pilot_injury": 0.4605,
        "pilot_skill": 0.4358,
        "mission_priority": 0.5467,
        "estimated_landing_time": 100.0,
        "wait_time": 0,
        "Landing_success_rate": 1.0
    },
    {
        "model": 0,
        "sequence": 21,
        "status": 1,
        "fuel": 6532,
        "fault": 0.6516,
        "weapon": 1,
        "pilot_injury": 0.4328,
        "pilot_skill": 0.7927,
        "mission_priority": 0.9226,
        "estimated_landing_time": 1980.0,
        "wait_time": 0,
        "Landing_success_rate": 1.0
    },
    {
        "model": 0,
        "sequence": 30,
        "status": 1,
        "fuel": 7048,
        "fault": 0.357,
        "weapon": 0,
        "pilot_injury": 0.5209,
        "pilot_skill": 0.5291,
        "mission_priority": 0.8687,
        "estimated_landing_time": 2826.0,
        "wait_time": 0,
        "Landing_success_rate": 1.0
    },
    {
        "model": 2,
        "sequence": 6,
        "status": 1,
        "fuel": 7166,
        "fault": 0.2787,
        "weapon": 0,
        "pilot_injury": 0.1628,
        "pilot_skill": 0.379,
        "mission_priority": 0.2884,
        "estimated_landing_time": 570.0,
        "wait_time": 0,
        "Landing_success_rate": 1.0
    },
    {
        "model": 0,
        "sequence": 13,
        "status": 1,
        "fuel": 6915,
        "fault": 0.7109,
        "weapon": 1,
        "pilot_injury": 0.1812,
        "pilot_skill": 0.8995,
        "mission_priority": 0.0865,
        "estimated_landing_time": 1228.0,
        "wait_time": 0,
        "Landing_success_rate": 1.0
    },
    {
        "model": 0,
        "sequence": 8,
        "status": 1,
        "fuel": 6475,
        "fault": 0.098,
        "weapon": 1,
        "pilot_injury": 0.5951,
        "pilot_skill": 0.3277,
        "mission_priority": 0.4962,
        "estimated_landing_time": 758.0,
        "wait_time": 0,
        "Landing_success_rate": 1.0
    },
    {
        "model": 0,
        "sequence": 2,
        "status": 1,
        "fuel": 5965,
        "fault": 0.0983,
        "weapon": 0,
        "pilot_injury": 0.4078,
        "pilot_skill": 0.8493,
        "mission_priority": 0.4157,
        "estimated_landing_time": 194.0,
        "wait_time": 0,
        "Landing_success_rate": 1.0
    },
    {
        "model": 0,
        "sequence": 25,
        "status": 1,
        "fuel": 6302,
        "fault": 0.0395,
        "weapon": 1,
        "pilot_injury": 0.1232,
        "pilot_skill": 0.1568,
        "mission_priority": 0.7902,
        "estimated_landing_time": 2356.0,
        "wait_time": 0,
        "Landing_success_rate": 1.0
    },
    {
        "model": 2,
        "sequence": 3,
        "status": 1,
        "fuel": 7030,
        "fault": 0.3286,
        "weapon": 0,
        "pilot_injury": 0.0974,
        "pilot_skill": 0.8218,
        "mission_priority": 0.9882,
        "estimated_landing_time": 288.0,
        "wait_time": 0,
        "Landing_success_rate": 1.0
    },
    {
        "model": 2,
        "sequence": 15,
        "status": 1,
        "fuel": 6963,
        "fault": 0.64,
        "weapon": 0,
        "pilot_injury": 0.4427,
        "pilot_skill": 0.8942,
        "mission_priority": 0.0099,
        "estimated_landing_time": 1416.0,
        "wait_time": 0,
        "Landing_success_rate": 1.0
    },
    {
        "model": 2,
        "sequence": 28,
        "status": 1,
        "fuel": 6575,
        "fault": 0.427,
        "weapon": 1,
        "pilot_injury": 0.3824,
        "pilot_skill": 0.2193,
        "mission_priority": 0.2397,
        "estimated_landing_time": 2638.0,
        "wait_time": 0,
        "Landing_success_rate": 1.0
    },
    {
        "model": 2,
        "sequence": 17,
        "status": 1,
        "fuel": 7411,
        "fault": 0.6948,
        "weapon": 1,
        "pilot_injury": 0.5638,
        "pilot_skill": 0.3068,
        "mission_priority": 0.2652,
        "estimated_landing_time": 1604.0,
        "wait_time": 0,
        "Landing_success_rate": 1.0
    },
    {
        "model": 0,
        "sequence": 26,
        "status": 1,
        "fuel": 7051,
        "fault": 0.4316,
        "weapon": 1,
        "pilot_injury": 0.6181,
        "pilot_skill": 0.7886,
        "mission_priority": 0.6007,
        "estimated_landing_time": 2450.0,
        "wait_time": 0,
        "Landing_success_rate": 1.0
    },
    {
        "model": 2,
        "sequence": 5,
        "status": 1,
        "fuel": 5591,
        "fault": 0.7643,
        "weapon": 0,
        "pilot_injury": 0.926,
        "pilot_skill": 0.5019,
        "mission_priority": 0.5518,
        "estimated_landing_time": 476.0,
        "wait_time": 0,
        "Landing_success_rate": 1.0
    }
]