[
    {
        "model": 0,
        "sequence": 10,
        "status": 1,
        "fuel": 6951,
        "fault": 0.1546,
        "weapon": 1,
        "pilot_injury": 0.9209,
        "pilot_skill": 0.0005,
        "mission_priority": 0.6278,
        "estimated_landing_time": 946.0,
        "wait_time": 0,
        "Landing_success_rate": 1.0
    },
    {
        "model": 0,
        "sequence": 13,
        "status": 1,
        "fuel": 7109,
        "fault": 0.3389,
        "weapon": 0,
        "pilot_injury": 0.1497,
        "pilot_skill": 0.8946,
        "mission_priority": 0.1551,
        "estimated_landing_time": 1228.0,
        "wait_time": 0,
        "Landing_success_rate": 1.0
    },
    {
        "model": 1,
        "sequence": 15,
        "status": 1,
        "fuel": 5607,
        "fault": 0.3969,
        "weapon": 0,
        "pilot_injury": 0.5573,
        "pilot_skill": 0.6084,
        "mission_priority": 0.2068,
        "estimated_landing_time": 1416.0,
        "wait_time": 0,
        "Landing_success_rate": 1.0
    },
    {
        "model": 2,
        "sequence": 17,
        "status": 1,
        "fuel": 7078,
        "fault": 0.0675,
        "weapon": 1,
        "pilot_injury": 0.0053,
        "pilot_skill": 0.2395,
        "mission_priority": 0.516,
        "estimated_landing_time": 1604.0,
        "wait_time": 0,
        "Landing_success_rate": 1.0
    },
    {
        "model": 2,
        "sequence": 7,
        "status": 1,
        "fuel": 7382,
        "fault": 0.867,
        "weapon": 1,
        "pilot_injury": 0.0698,
        "pilot_skill": 0.2724,
        "mission_priority": 0.7702,
        "estimated_landing_time": 664.0,
        "wait_time": 0,
        "Landing_success_rate": 1.0
    },
    {
        "model": 0,
        "sequence": 9,
        "status": 1,
        "fuel": 5755,
        "fault": 0.8574,
        "weapon": 0,
        "pilot_injury": 0.3922,
        "pilot_skill": 0.27,
        "mission_priority": 0.0507,
        "estimated_landing_time": 852.0,
        "wait_time": 0,
        "Landing_success_rate": 1.0
    },
    {
        "model": 1,
        "sequence": 6,
        "status": 1,
        "fuel": 5906,
        "fault": 0.5213,
        "weapon": 1,
        "pilot_injury": 0.9451,
        "pilot_skill": 0.8881,
        "mission_priority": 0.7163,
        "estimated_landing_time": 570.0,
        "wait_time": 0,
        "Landing_success_rate": 1.0
    },
    {
        "model": 2,
        "sequence": 19,
        "status": 1,
        "fuel": 7481,
        "fault": 0.3402,
        "weapon": 0,
        "pilot_injury": 0.4753,
        "pilot_skill": 0.3546,
        "mission_priority": 0.9012,
        "estimated_landing_time": 1792.0,
        "wait_time": 0,
        "Landing_success_rate": 1.0
    },
    {
        "model": 0,
        "sequence": 21,
        "status": 1,
        "fuel": 5664,
        "fault": 0.0134,
        "weapon": 1,
        "pilot_injury": 0.6109,
        "pilot_skill": 0.8063,
        "mission_priority": 0.5425,
        "estimated_landing_time": 1980.0,
        "wait_time": 0,
        "Landing_success_rate": 1.0
    },
    {
        "model": 1,
        "sequence": 25,
        "status": 1,
        "fuel": 6497,
        "fault": 0.4331,
        "weapon": 1,
        "pilot_injury": 0.092,
        "pilot_skill": 0.1049,
        "mission_priority": 0.3936,
        "estimated_landing_time": 2356.0,
        "wait_time": 0,
        "Landing_success_rate": 1.0
    },
    {
        "model": 2,
        "sequence": 30,
        "status": 1,
        "fuel": 6571,
        "fault": 0.4814,
        "weapon": 0,
        "pilot_injury": 0.0827,
        "pilot_skill": 0.0222,
        "mission_priority": 0.7646,
        "estimated_landing_time": 2826.0,
        "wait_time": 0,
        "Landing_success_rate": 1.0
    },
    {
        "model": 2,
        "sequence": 16,
        "status": 1,
        "fuel": 5670,
        "fault": 0.3272,
        "weapon": 1,
        "pilot_injury": 0.3608,
        "pilot_skill": 0.7034,
        "mission_priority": 0.4885,
        "estimated_landing_time": 1510.0,
        "wait_time": 0,
        "Landing_success_rate": 1.0
    },
    {
        "model": 1,
        "sequence": 27,
        "status": 1,
        "fuel": 7181,
        "fault": 0.5908,
        "weapon": 0,
        "pilot_injury": 0.0812,
        "pilot_skill": 0.9474,
        "mission_priority": 0.8361,
        "estimated_landing_time": 2544.0,
        "wait_time": 0,
        "Landing_success_rate": 1.0
    },
    {
        "model": 2,
        "sequence": 2,
        "status": 1,
        "fuel": 6438,
        "fault": 0.1748,
        "weapon": 0,
        "pilot_injury": 0.3005,
        "pilot_skill": 0.443,
        "mission_priority": 0.7551,
        "estimated_landing_time": 194.0,
        "wait_time": 0,
        "Landing_success_rate": 1.0
    },
    {
        "model": 0,
        "sequence": 8,
        "status": 1,
        "fuel": 7298,
        "fault": 0.1535,
        "weapon": 0,
        "pilot_injury": 0.4101,
        "pilot_skill": 0.4684,
        "mission_priority": 0.1236,
        "estimated_landing_time": 758.0,
        "wait_time": 0,
        "Landing_success_rate": 1.0
    },
    {
        "model": 0,
        "sequence": 11,
        "status": 1,
        "fuel": 6845,
        "fault": 0.5983,
        "weapon": 1,
        "pilot_injury": 0.3532,
        "pilot_skill": 0.1017,
        "mission_priority": 0.7592,
        "estimated_landing_time": 1040.0,
        "wait_time": 0,
        "Landing_success_rate": 1.0
    },
    {
        "model": 1,
        "sequence": 20,
        "status": 1,
        "fuel": 5639,
        "fault": 0.8835,
        "weapon": 0,
        "pilot_injury": 0.9626,
        "pilot_skill": 0.9205,
        "mission_priority": 0.1057,
        "estimated_landing_time": 1886.0,
        "wait_time": 0,
        "Landing_success_rate": 1.0
    },
    {
        "model": 1,
        "sequence": 26,
        "status": 1,
        "fuel": 7076,
        "fault": 0.6863,
        "weapon": 1,
        "pilot_injury": 0.6344,
        "pilot_skill": 0.5297,
        "mission_priority": 0.2174,
        "estimated_landing_time": 2450.0,
        "wait_time": 0,
        "Landing_success_rate": 1.0
    },
    {
        "model": 0,
        "sequence": 22,
        "status": 1,
        "fuel": 6054,
        "fault": 0.6599,
        "weapon": 1,
        "pilot_injury": 0.822,
        "pilot_skill": 0.6886,
        "mission_priority": 0.1808,
        "estimated_landing_time": 2074.0,
        "wait_time": 0,
        "Landing_success_rate": 1.0
    },
    {
        "model": 1,
        "sequence": 29,
        "status": 1,
        "fuel": 5831,
        "fault": 0.9722,
        "weapon": 1,
        "pilot_injury": 0.625,
        "pilot_skill": 0.0723,
        "mission_priority": 0.6141,
        "estimated_landing_time": 2732.0,
        "wait_time": 0,
        "Landing_success_rate": 1.0
    },
    {
        "model": 2,
        "sequence": 5,
        "status": 1,
        "fuel": 6923,
        "fault": 0.2609,
        "weapon": 0,
        "pilot_injury": 0.2462,
        "pilot_skill": 0.2589,
        "mission_priority": 0.9398,
        "estimated_landing_time": 476.0,
        "wait_time": 0,
        "Landing_success_rate": 1.0
    },
    {
        "model": 2,
        "sequence": 14,
        "status": 1,
        "fuel": 6863,
        "fault": 0.9915,
        "weapon": 0,
        "pilot_injury": 0.7243,
        "pilot_skill": 0.3715,
        "mission_priority": 0.1056,
        "estimated_landing_time": 1322.0,
        "wait_time": 0,
        "Landing_success_rate": 1.0
    },
    {
        "model": 2,
        "sequence": 18,
        "status": 1,
        "fuel": 6363,
        "fault": 0.8686,
        "weapon": 0,
        "pilot_injury": 0.2605,
        "pilot_skill": 0.0352,
        "mission_priority": 0.6654,
        "estimated_landing_time": 1698.0,
        "wait_time": 0,
        "Landing_success_rate": 1.0
    },
    {
        "model": 2,
        "sequence": 23,
        "status": 1,
        "fuel": 6119,
        "fault": 0.4667,
        "weapon": 0,
        "pilot_injury": 0.6932,
        "pilot_skill": 0.9389,
        "mission_priority": 0.1788,
        "estimated_landing_time": 2168.0,
        "wait_time": 0,
        "Landing_success_rate": 1.0
    },
    {
        "model": 1,
        "sequence": 28,
        "status": 1,
        "fuel": 5819,
        "fault": 0.8951,
        "weapon": 0,
        "pilot_injury": 0.2301,
        "pilot_skill": 0.7515,
        "mission_priority": 0.8681,
        "estimated_landing_time": 2638.0,
        "wait_time": 0,
        "Landing_success_rate": 1.0
    },
    {
        "model": 2,
        "sequence": 12,
        "status": 1,
        "fuel": 5867,
        "fault": 0.2947,
        "weapon": 1,
        "pilot_injury": 0.8042,
        "pilot_skill": 0.4133,
        "mission_priority": 0.2665,
        "estimated_landing_time": 1134.0,
        "wait_time": 0,
        "Landing_success_rate": 1.0
    },
    {
        "model": 1,
        "sequence": 24,
        "status": 1,
        "fuel": 6916,
        "fault": 0.693,
        "weapon": 1,
        "pilot_injury": 0.4269,
        "pilot_skill": 0.8657,
        "mission_priority": 0.1595,
        "estimated_landing_time": 2262.0,
        "wait_time": 0,
        "Landing_success_rate": 1.0
    },
    {
        "model": 0,
        "sequence": 3,
        "status": 1,
        "fuel": 7316,
        "fault": 0.4179,
        "weapon": 1,
        "pilot_injury": 0.0176,
        "pilot_skill": 0.995,
        "mission_priority": 0.0735,
        "estimated_landing_time": 288.0,
        "wait_time": 0,
        "Landing_success_rate": 1.0
    },
    {
        "model": 2,
        "sequence": 1,
        "status": 1,
        "fuel": 6487,
        "fault": 0.856,
        "weapon": 0,
        "pilot_injury": 0.8194,
        "pilot_skill": 0.4712,
        "mission_priority": 0.6108,
        "estimated_landing_time": 100.0,
        "wait_time": 0,
        "Landing_success_rate": 1.0
    },
    {
        "model": 1,
        "sequence": 4,
        "status": 1,
        "fuel": 6540,
        "fault": 0.9838,
        "weapon": 0,
        "pilot_injury": 0.2849,
        "pilot_skill": 0.301,
        "mission_priority": 0.3781,
        "estimated_landing_time": 382.0,
        "wait_time": 0,
        "Landing_success_rate": 1.0
    }
]