[
    {
        "model": 2,
        "sequence": 26,
        "status": 1,
        "fuel": 7025,
        "fault": 0.35,
        "weapon": 0,
        "pilot_injury": 0.4976,
        "pilot_skill": 0.7534,
        "mission_priority": 0.2911,
        "estimated_landing_time": 2450.0,
        "wait_time": 0,
        "Landing_success_rate": 1.0
    },
    {
        "model": 1,
        "sequence": 13,
        "status": 1,
        "fuel": 5948,
        "fault": 0.1809,
        "weapon": 1,
        "pilot_injury": 0.9877,
        "pilot_skill": 0.1786,
        "mission_priority": 0.0512,
        "estimated_landing_time": 1228.0,
        "wait_time": 0,
        "Landing_success_rate": 1.0
    },
    {
        "model": 2,
        "sequence": 5,
        "status": 1,
        "fuel": 5669,
        "fault": 0.1374,
        "weapon": 1,
        "pilot_injury": 0.4312,
        "pilot_skill": 0.9257,
        "mission_priority": 0.4407,
        "estimated_landing_time": 476.0,
        "wait_time": 0,
        "Landing_success_rate": 1.0
    },
    {
        "model": 2,
        "sequence": 6,
        "status": 1,
        "fuel": 6139,
        "fault": 0.3254,
        "weapon": 0,
        "pilot_injury": 0.4429,
        "pilot_skill": 0.655,
        "mission_priority": 0.2692,
        "estimated_landing_time": 570.0,
        "wait_time": 0,
        "Landing_success_rate": 1.0
    },
    {
        "model": 0,
        "sequence": 18,
        "status": 1,
        "fuel": 6522,
        "fault": 0.9112,
        "weapon": 1,
        "pilot_injury": 0.8581,
        "pilot_skill": 0.1617,
        "mission_priority": 0.7571,
        "estimated_landing_time": 1698.0,
        "wait_time": 0,
        "Landing_success_rate": 1.0
    },
    {
        "model": 0,
        "sequence": 23,
        "status": 1,
        "fuel": 6550,
        "fault": 0.0868,
        "weapon": 0,
        "pilot_injury": 0.4059,
        "pilot_skill": 0.2305,
        "mission_priority": 0.0984,
        "estimated_landing_time": 2168.0,
        "wait_time": 0,
        "Landing_success_rate": 1.0
    },
    {
        "model": 2,
        "sequence": 30,
        "status": 1,
        "fuel": 7336,
        "fault": 0.3683,
        "weapon": 0,
        "pilot_injury": 0.8383,
        "pilot_skill": 0.9607,
        "mission_priority": 0.1358,
        "estimated_landing_time": 2826.0,
        "wait_time": 0,
        "Landing_success_rate": 1.0
    },
    {
        "model": 1,
        "sequence": 24,
        "status": 1,
        "fuel": 5885,
        "fault": 0.7188,
        "weapon": 1,
        "pilot_injury": 0.4707,
        "pilot_skill": 0.5354,
        "mission_priority": 0.7475,
        "estimated_landing_time": 2262.0,
        "wait_time": 0,
        "Landing_success_rate": 1.0
    },
    {
        "model": 0,
        "sequence": 28,
        "status": 1,
        "fuel": 6678,
        "fault": 0.0803,
        "weapon": 1,
        "pilot_injury": 0.7809,
        "pilot_skill": 0.1614,
        "mission_priority": 0.1111,
        "estimated_landing_time": 2638.0,
        "wait_time": 0,
        "Landing_success_rate": 1.0
    },
    {
        "model": 2,
        "sequence": 7,
        "status": 1,
        "fuel": 5757,
        "fault": 0.1303,
        "weapon": 1,
        "pilot_injury": 0.0386,
        "pilot_skill": 0.142,
        "mission_priority": 0.0478,
        "estimated_landing_time": 664.0,
        "wait_time": 0,
        "Landing_success_rate": 1.0
    },
    {
        "model": 0,
        "sequence": 9,
        "status": 1,
        "fuel": 6303,
        "fault": 0.5219,
        "weapon": 0,
        "pilot_injury": 0.4621,
        "pilot_skill": 0.9558,
        "mission_priority": 0.5046,
        "estimated_landing_time": 852.0,
        "wait_time": 0,
        "Landing_success_rate": 1.0
    },
    {
        "model": 0,
        "sequence": 11,
        "status": 1,
        "fuel": 6758,
        "fault": 0.2199,
        "weapon": 0,
        "pilot_injury": 0.1114,
        "pilot_skill": 0.9858,
        "mission_priority": 0.1657,
        "estimated_landing_time": 1040.0,
        "wait_time": 0,
        "Landing_success_rate": 1.0
    },
    {
        "model": 1,
        "sequence": 3,
        "status": 1,
        "fuel": 5959,
        "fault": 0.1916,
        "weapon": 0,
        "pilot_injury": 0.9554,
        "pilot_skill": 0.4855,
        "mission_priority": 0.023,
        "estimated_landing_time": 288.0,
        "wait_time": 0,
        "Landing_success_rate": 1.0
    },
    {
        "model": 2,
        "sequence": 14,
        "status": 1,
        "fuel": 5513,
        "fault": 0.3627,
        "weapon": 0,
        "pilot_injury": 0.6764,
        "pilot_skill": 0.5619,
        "mission_priority": 0.8499,
        "estimated_landing_time": 1322.0,
        "wait_time": 0,
        "Landing_success_rate": 1.0
    },
    {
        "model": 2,
        "sequence": 27,
        "status": 1,
        "fuel": 5804,
        "fault": 0.9847,
        "weapon": 0,
        "pilot_injury": 0.5713,
        "pilot_skill": 0.2782,
        "mission_priority": 0.9579,
        "estimated_landing_time": 2544.0,
        "wait_time": 0,
        "Landing_success_rate": 1.0
    },
    {
        "model": 2,
        "sequence": 29,
        "status": 1,
        "fuel": 7407,
        "fault": 0.945,
        "weapon": 0,
        "pilot_injury": 0.6608,
        "pilot_skill": 0.9457,
        "mission_priority": 0.5015,
        "estimated_landing_time": 2732.0,
        "wait_time": 0,
        "Landing_success_rate": 1.0
    },
    {
        "model": 2,
        "sequence": 21,
        "status": 1,
        "fuel": 5513,
        "fault": 0.475,
        "weapon": 1,
        "pilot_injury": 0.5316,
        "pilot_skill": 0.3161,
        "mission_priority": 0.7957,
        "estimated_landing_time": 1980.0,
        "wait_time": 0,
        "Landing_success_rate": 1.0
    },
    {
        "model": 2,
        "sequence": 17,
        "status": 1,
        "fuel": 7044,
        "fault": 0.6253,
        "weapon": 0,
        "pilot_injury": 0.0648,
        "pilot_skill": 0.438,
        "mission_priority": 0.0808,
        "estimated_landing_time": 1604.0,
        "wait_time": 0,
        "Landing_success_rate": 1.0
    },
    {
        "model": 0,
        "sequence": 12,
        "status": 1,
        "fuel": 6103,
        "fault": 0.885,
        "weapon": 1,
        "pilot_injury": 0.3345,
        "pilot_skill": 0.2274,
        "mission_priority": 0.2852,
        "estimated_landing_time": 1134.0,
        "wait_time": 0,
        "Landing_success_rate": 1.0
    },
    {
        "model": 0,
        "sequence": 20,
        "status": 1,
        "fuel": 6858,
        "fault": 0.3257,
        "weapon": 0,
        "pilot_injury": 0.4976,
        "pilot_skill": 0.8366,
        "mission_priority": 0.5388,
        "estimated_landing_time": 1886.0,
        "wait_time": 0,
        "Landing_success_rate": 1.0
    },
    {
        "model": 0,
        "sequence": 22,
        "status": 1,
        "fuel": 6131,
        "fault": 0.8058,
        "weapon": 1,
        "pilot_injury": 0.2972,
        "pilot_skill": 0.7564,
        "mission_priority": 0.3872,
        "estimated_landing_time": 2074.0,
        "wait_time": 0,
        "Landing_success_rate": 1.0
    },
    {
        "model": 0,
        "sequence": 4,
        "status": 1,
        "fuel": 6895,
        "fault": 0.8306,
        "weapon": 1,
        "pilot_injury": 0.9556,
        "pilot_skill": 0.1537,
        "mission_priority": 0.9386,
        "estimated_landing_time": 382.0,
        "wait_time": 0,
        "Landing_success_rate": 1.0
    },
    {
        "model": 1,
        "sequence": 2,
        "status": 1,
        "fuel": 6506,
        "fault": 0.3546,
        "weapon": 1,
        "pilot_injury": 0.5731,
        "pilot_skill": 0.6564,
        "mission_priority": 0.7496,
        "estimated_landing_time": 194.0,
        "wait_time": 0,
        "Landing_success_rate": 1.0
    },
    {
        "model": 1,
        "sequence": 10,
        "status": 1,
        "fuel": 7170,
        "fault": 0.537,
        "weapon": 0,
        "pilot_injury": 0.6786,
        "pilot_skill": 0.6149,
        "mission_priority": 0.4071,
        "estimated_landing_time": 946.0,
        "wait_time": 0,
        "Landing_success_rate": 1.0
    },
    {
        "model": 2,
        "sequence": 25,
        "status": 1,
        "fuel": 6255,
        "fault": 0.2229,
        "weapon": 0,
        "pilot_injury": 0.1671,
        "pilot_skill": 0.7364,
        "mission_priority": 0.6375,
        "estimated_landing_time": 2356.0,
        "wait_time": 0,
        "Landing_success_rate": 1.0
    },
    {
        "model": 1,
        "sequence": 19,
        "status": 1,
        "fuel": 6060,
        "fault": 0.9597,
        "weapon": 0,
        "pilot_injury": 0.7706,
        "pilot_skill": 0.217,
        "mission_priority": 0.5814,
        "estimated_landing_time": 1792.0,
        "wait_time": 0,
        "Landing_success_rate": 1.0
    },
    {
        "model": 0,
        "sequence": 15,
        "status": 1,
        "fuel": 7009,
        "fault": 0.5265,
        "weapon": 0,
        "pilot_injury": 0.5717,
        "pilot_skill": 0.0785,
        "mission_priority": 0.8305,
        "estimated_landing_time": 1416.0,
        "wait_time": 0,
        "Landing_success_rate": 1.0
    },
    {
        "model": 0,
        "sequence": 16,
        "status": 1,
        "fuel": 5502,
        "fault": 0.4332,
        "weapon": 0,
        "pilot_injury": 0.1192,
        "pilot_skill": 0.6604,
        "mission_priority": 0.573,
        "estimated_landing_time": 1510.0,
        "wait_time": 0,
        "Landing_success_rate": 1.0
    },
    {
        "model": 0,
        "sequence": 8,
        "status": 1,
        "fuel": 5718,
        "fault": 0.7803,
        "weapon": 1,
        "pilot_injury": 0.0323,
        "pilot_skill": 0.2547,
        "mission_priority": 0.4279,
        "estimated_landing_time": 758.0,
        "wait_time": 0,
        "Landing_success_rate": 1.0
    },
    {
        "model": 0,
        "sequence": 1,
        "status": 1,
        "fuel": 6771,
        "fault": 0.514,
        "weapon": 1,
        "pilot_injury": 0.2224,
        "pilot_skill": 0.6779,
        "mission_priority": 0.4541,
        "estimated_landing_time": 100.0,
        "wait_time": 0,
        "Landing_success_rate": 1.0
    }
]