[
    {
        "model": 1,
        "sequence": 12,
        "status": 1,
        "fuel": 7246,
        "fault": 0.3789,
        "weapon": 1,
        "pilot_injury": 0.0308,
        "pilot_skill": 0.3554,
        "mission_priority": 0.4298,
        "estimated_landing_time": 1134.0,
        "wait_time": 0,
        "Landing_success_rate": 1.0
    },
    {
        "model": 0,
        "sequence": 27,
        "status": 1,
        "fuel": 6497,
        "fault": 0.6559,
        "weapon": 1,
        "pilot_injury": 0.2863,
        "pilot_skill": 0.7239,
        "mission_priority": 0.0768,
        "estimated_landing_time": 2544.0,
        "wait_time": 0,
        "Landing_success_rate": 1.0
    },
    {
        "model": 1,
        "sequence": 5,
        "status": 1,
        "fuel": 5940,
        "fault": 0.8892,
        "weapon": 0,
        "pilot_injury": 0.8755,
        "pilot_skill": 0.7288,
        "mission_priority": 0.5271,
        "estimated_landing_time": 476.0,
        "wait_time": 0,
        "Landing_success_rate": 1.0
    },
    {
        "model": 1,
        "sequence": 24,
        "status": 1,
        "fuel": 6745,
        "fault": 0.7785,
        "weapon": 0,
        "pilot_injury": 0.124,
        "pilot_skill": 0.3851,
        "mission_priority": 0.0505,
        "estimated_landing_time": 2262.0,
        "wait_time": 0,
        "Landing_success_rate": 1.0
    },
    {
        "model": 2,
        "sequence": 7,
        "status": 1,
        "fuel": 6616,
        "fault": 0.8529,
        "weapon": 0,
        "pilot_injury": 0.9076,
        "pilot_skill": 0.1387,
        "mission_priority": 0.8192,
        "estimated_landing_time": 664.0,
        "wait_time": 0,
        "Landing_success_rate": 1.0
    },
    {
        "model": 1,
        "sequence": 2,
        "status": 1,
        "fuel": 5509,
        "fault": 0.4536,
        "weapon": 0,
        "pilot_injury": 0.6436,
        "pilot_skill": 0.7904,
        "mission_priority": 0.4403,
        "estimated_landing_time": 194.0,
        "wait_time": 0,
        "Landing_success_rate": 1.0
    },
    {
        "model": 1,
        "sequence": 18,
        "status": 1,
        "fuel": 7330,
        "fault": 0.4804,
        "weapon": 1,
        "pilot_injury": 0.313,
        "pilot_skill": 0.9982,
        "mission_priority": 0.7673,
        "estimated_landing_time": 1698.0,
        "wait_time": 0,
        "Landing_success_rate": 1.0
    },
    {
        "model": 2,
        "sequence": 6,
        "status": 1,
        "fuel": 6208,
        "fault": 0.9317,
        "weapon": 1,
        "pilot_injury": 0.4485,
        "pilot_skill": 0.5025,
        "mission_priority": 0.3764,
        "estimated_landing_time": 570.0,
        "wait_time": 0,
        "Landing_success_rate": 1.0
    },
    {
        "model": 2,
        "sequence": 9,
        "status": 1,
        "fuel": 6286,
        "fault": 0.8104,
        "weapon": 0,
        "pilot_injury": 0.075,
        "pilot_skill": 0.2909,
        "mission_priority": 0.0837,
        "estimated_landing_time": 852.0,
        "wait_time": 0,
        "Landing_success_rate": 1.0
    },
    {
        "model": 1,
        "sequence": 8,
        "status": 1,
        "fuel": 6206,
        "fault": 0.466,
        "weapon": 0,
        "pilot_injury": 0.9399,
        "pilot_skill": 0.3799,
        "mission_priority": 0.7862,
        "estimated_landing_time": 758.0,
        "wait_time": 0,
        "Landing_success_rate": 1.0
    },
    {
        "model": 2,
        "sequence": 23,
        "status": 1,
        "fuel": 6763,
        "fault": 0.7075,
        "weapon": 0,
        "pilot_injury": 0.5475,
        "pilot_skill": 0.7792,
        "mission_priority": 0.042,
        "estimated_landing_time": 2168.0,
        "wait_time": 0,
        "Landing_success_rate": 1.0
    },
    {
        "model": 1,
        "sequence": 28,
        "status": 1,
        "fuel": 7361,
        "fault": 0.4915,
        "weapon": 1,
        "pilot_injury": 0.2887,
        "pilot_skill": 0.5911,
        "mission_priority": 0.6456,
        "estimated_landing_time": 2638.0,
        "wait_time": 0,
        "Landing_success_rate": 1.0
    },
    {
        "model": 1,
        "sequence": 15,
        "status": 1,
        "fuel": 5938,
        "fault": 0.5773,
        "weapon": 0,
        "pilot_injury": 0.6502,
        "pilot_skill": 0.1177,
        "mission_priority": 0.01,
        "estimated_landing_time": 1416.0,
        "wait_time": 0,
        "Landing_success_rate": 1.0
    },
    {
        "model": 0,
        "sequence": 17,
        "status": 1,
        "fuel": 5912,
        "fault": 0.9903,
        "weapon": 0,
        "pilot_injury": 0.6221,
        "pilot_skill": 0.2589,
        "mission_priority": 0.9275,
        "estimated_landing_time": 1604.0,
        "wait_time": 0,
        "Landing_success_rate": 1.0
    },
    {
        "model": 1,
        "sequence": 14,
        "status": 1,
        "fuel": 7142,
        "fault": 0.2328,
        "weapon": 0,
        "pilot_injury": 0.9891,
        "pilot_skill": 0.2986,
        "mission_priority": 0.4911,
        "estimated_landing_time": 1322.0,
        "wait_time": 0,
        "Landing_success_rate": 1.0
    },
    {
        "model": 2,
        "sequence": 3,
        "status": 1,
        "fuel": 6525,
        "fault": 0.4621,
        "weapon": 0,
        "pilot_injury": 0.1973,
        "pilot_skill": 0.5711,
        "mission_priority": 0.5605,
        "estimated_landing_time": 288.0,
        "wait_time": 0,
        "Landing_success_rate": 1.0
    },
    {
        "model": 0,
        "sequence": 13,
        "status": 1,
        "fuel": 7376,
        "fault": 0.5653,
        "weapon": 0,
        "pilot_injury": 0.049,
        "pilot_skill": 0.2201,
        "mission_priority": 0.8419,
        "estimated_landing_time": 1228.0,
        "wait_time": 0,
        "Landing_success_rate": 1.0
    },
    {
        "model": 0,
        "sequence": 30,
        "status": 1,
        "fuel": 6818,
        "fault": 0.7365,
        "weapon": 0,
        "pilot_injury": 0.6907,
        "pilot_skill": 0.3078,
        "mission_priority": 0.0411,
        "estimated_landing_time": 2826.0,
        "wait_time": 0,
        "Landing_success_rate": 1.0
    },
    {
        "model": 2,
        "sequence": 16,
        "status": 1,
        "fuel": 6561,
        "fault": 0.0134,
        "weapon": 1,
        "pilot_injury": 0.0533,
        "pilot_skill": 0.1455,
        "mission_priority": 0.9995,
        "estimated_landing_time": 1510.0,
        "wait_time": 0,
        "Landing_success_rate": 1.0
    },
    {
        "model": 2,
        "sequence": 26,
        "status": 1,
        "fuel": 6221,
        "fault": 0.1273,
        "weapon": 1,
        "pilot_injury": 0.3886,
        "pilot_skill": 0.5182,
        "mission_priority": 0.6199,
        "estimated_landing_time": 2450.0,
        "wait_time": 0,
        "Landing_success_rate": 1.0
    },
    {
        "model": 0,
        "sequence": 29,
        "status": 1,
        "fuel": 6888,
        "fault": 0.6439,
        "weapon": 1,
        "pilot_injury": 0.6723,
        "pilot_skill": 0.7757,
        "mission_priority": 0.8051,
        "estimated_landing_time": 2732.0,
        "wait_time": 0,
        "Landing_success_rate": 1.0
    },
    {
        "model": 2,
        "sequence": 10,
        "status": 1,
        "fuel": 6702,
        "fault": 0.2203,
        "weapon": 1,
        "pilot_injury": 0.1045,
        "pilot_skill": 0.4977,
        "mission_priority": 0.7019,
        "estimated_landing_time": 946.0,
        "wait_time": 0,
        "Landing_success_rate": 1.0
    },
    {
        "model": 2,
        "sequence": 22,
        "status": 1,
        "fuel": 7431,
        "fault": 0.0584,
        "weapon": 0,
        "pilot_injury": 0.9689,
        "pilot_skill": 0.2341,
        "mission_priority": 0.1759,
        "estimated_landing_time": 2074.0,
        "wait_time": 0,
        "Landing_success_rate": 1.0
    },
    {
        "model": 1,
        "sequence": 19,
        "status": 1,
        "fuel": 6804,
        "fault": 0.9901,
        "weapon": 1,
        "pilot_injury": 0.1363,
        "pilot_skill": 0.2888,
        "mission_priority": 0.3471,
        "estimated_landing_time": 1792.0,
        "wait_time": 0,
        "Landing_success_rate": 1.0
    },
    {
        "model": 2,
        "sequence": 4,
        "status": 1,
        "fuel": 7084,
        "fault": 0.9,
        "weapon": 1,
        "pilot_injury": 0.2084,
        "pilot_skill": 0.1897,
        "mission_priority": 0.717,
        "estimated_landing_time": 382.0,
        "wait_time": 0,
        "Landing_success_rate": 1.0
    },
    {
        "model": 1,
        "sequence": 25,
        "status": 1,
        "fuel": 7113,
        "fault": 0.8375,
        "weapon": 0,
        "pilot_injury": 0.435,
        "pilot_skill": 0.1491,
        "mission_priority": 0.9598,
        "estimated_landing_time": 2356.0,
        "wait_time": 0,
        "Landing_success_rate": 1.0
    },
    {
        "model": 2,
        "sequence": 11,
        "status": 1,
        "fuel": 7216,
        "fault": 0.8899,
        "weapon": 1,
        "pilot_injury": 0.1123,
        "pilot_skill": 0.3852,
        "mission_priority": 0.6506,
        "estimated_landing_time": 1040.0,
        "wait_time": 0,
        "Landing_success_rate": 1.0
    },
    {
        "model": 2,
        "sequence": 20,
        "status": 1,
        "fuel": 6840,
        "fault": 0.2288,
        "weapon": 1,
        "pilot_injury": 0.6924,
        "pilot_skill": 0.1954,
        "mission_priority": 0.6236,
        "estimated_landing_time": 1886.0,
        "wait_time": 0,
        "Landing_success_rate": 1.0
    },
    {
        "model": 2,
        "sequence": 21,
        "status": 1,
        "fuel": 6439,
        "fault": 0.5328,
        "weapon": 1,
        "pilot_injury": 0.5092,
        "pilot_skill": 0.2117,
        "mission_priority": 0.7213,
        "estimated_landing_time": 1980.0,
        "wait_time": 0,
        "Landing_success_rate": 1.0
    },
    {
        "model": 2,
        "sequence": 1,
        "status": 1,
        "fuel": 6136,
        "fault": 0.6108,
        "weapon": 0,
        "pilot_injury": 0.3225,
        "pilot_skill": 0.1759,
        "mission_priority": 0.3904,
        "estimated_landing_time": 100.0,
        "wait_time": 0,
        "Landing_success_rate": 1.0
    }
]