[
    {
        "model": 2,
        "sequence": 11,
        "status": 1,
        "fuel": 6088,
        "fault": 0.4854,
        "weapon": 0,
        "pilot_injury": 0.9555,
        "pilot_skill": 0.6228,
        "mission_priority": 0.3543,
        "estimated_landing_time": 1040.0,
        "wait_time": 0,
        "Landing_success_rate": 1.0
    },
    {
        "model": 0,
        "sequence": 15,
        "status": 1,
        "fuel": 7112,
        "fault": 0.9369,
        "weapon": 0,
        "pilot_injury": 0.3736,
        "pilot_skill": 0.5992,
        "mission_priority": 0.8763,
        "estimated_landing_time": 1416.0,
        "wait_time": 0,
        "Landing_success_rate": 1.0
    },
    {
        "model": 0,
        "sequence": 20,
        "status": 1,
        "fuel": 6480,
        "fault": 0.3021,
        "weapon": 1,
        "pilot_injury": 0.4353,
        "pilot_skill": 0.1241,
        "mission_priority": 0.5825,
        "estimated_landing_time": 1886.0,
        "wait_time": 0,
        "Landing_success_rate": 1.0
    },
    {
        "model": 0,
        "sequence": 19,
        "status": 1,
        "fuel": 6410,
        "fault": 0.9419,
        "weapon": 1,
        "pilot_injury": 0.5216,
        "pilot_skill": 0.8274,
        "mission_priority": 0.5445,
        "estimated_landing_time": 1792.0,
        "wait_time": 0,
        "Landing_success_rate": 1.0
    },
    {
        "model": 2,
        "sequence": 24,
        "status": 1,
        "fuel": 7177,
        "fault": 0.7363,
        "weapon": 1,
        "pilot_injury": 0.1737,
        "pilot_skill": 0.584,
        "mission_priority": 0.5443,
        "estimated_landing_time": 2262.0,
        "wait_time": 0,
        "Landing_success_rate": 1.0
    },
    {
        "model": 1,
        "sequence": 3,
        "status": 1,
        "fuel": 6257,
        "fault": 0.157,
        "weapon": 0,
        "pilot_injury": 0.4215,
        "pilot_skill": 0.1639,
        "mission_priority": 0.5976,
        "estimated_landing_time": 288.0,
        "wait_time": 0,
        "Landing_success_rate": 1.0
    },
    {
        "model": 2,
        "sequence": 6,
        "status": 1,
        "fuel": 5675,
        "fault": 0.2298,
        "weapon": 1,
        "pilot_injury": 0.0091,
        "pilot_skill": 0.6915,
        "mission_priority": 0.0314,
        "estimated_landing_time": 570.0,
        "wait_time": 0,
        "Landing_success_rate": 1.0
    },
    {
        "model": 2,
        "sequence": 13,
        "status": 1,
        "fuel": 6774,
        "fault": 0.019,
        "weapon": 0,
        "pilot_injury": 0.386,
        "pilot_skill": 0.2606,
        "mission_priority": 0.7993,
        "estimated_landing_time": 1228.0,
        "wait_time": 0,
        "Landing_success_rate": 1.0
    },
    {
        "model": 2,
        "sequence": 10,
        "status": 1,
        "fuel": 6853,
        "fault": 0.1287,
        "weapon": 1,
        "pilot_injury": 0.3884,
        "pilot_skill": 0.1317,
        "mission_priority": 0.6904,
        "estimated_landing_time": 946.0,
        "wait_time": 0,
        "Landing_success_rate": 1.0
    },
    {
        "model": 1,
        "sequence": 25,
        "status": 1,
        "fuel": 6668,
        "fault": 0.0661,
        "weapon": 0,
        "pilot_injury": 0.6949,
        "pilot_skill": 0.299,
        "mission_priority": 0.6562,
        "estimated_landing_time": 2356.0,
        "wait_time": 0,
        "Landing_success_rate": 1.0
    },
    {
        "model": 0,
        "sequence": 5,
        "status": 1,
        "fuel": 6339,
        "fault": 0.168,
        "weapon": 1,
        "pilot_injury": 0.1854,
        "pilot_skill": 0.8264,
        "mission_priority": 0.7392,
        "estimated_landing_time": 476.0,
        "wait_time": 0,
        "Landing_success_rate": 1.0
    },
    {
        "model": 0,
        "sequence": 27,
        "status": 1,
        "fuel": 6998,
        "fault": 0.8723,
        "weapon": 0,
        "pilot_injury": 0.4564,
        "pilot_skill": 0.3442,
        "mission_priority": 0.4991,
        "estimated_landing_time": 2544.0,
        "wait_time": 0,
        "Landing_success_rate": 1.0
    },
    {
        "model": 0,
        "sequence": 29,
        "status": 1,
        "fuel": 6898,
        "fault": 0.7903,
        "weapon": 1,
        "pilot_injury": 0.1832,
        "pilot_skill": 0.4054,
        "mission_priority": 0.4612,
        "estimated_landing_time": 2732.0,
        "wait_time": 0,
        "Landing_success_rate": 1.0
    },
    {
        "model": 1,
        "sequence": 7,
        "status": 1,
        "fuel": 7028,
        "fault": 0.7937,
        "weapon": 1,
        "pilot_injury": 0.8017,
        "pilot_skill": 0.8863,
        "mission_priority": 0.1592,
        "estimated_landing_time": 664.0,
        "wait_time": 0,
        "Landing_success_rate": 1.0
    },
    {
        "model": 2,
        "sequence": 14,
        "status": 1,
        "fuel": 5801,
        "fault": 0.5586,
        "weapon": 0,
        "pilot_injury": 0.4177,
        "pilot_skill": 0.1133,
        "mission_priority": 0.0641,
        "estimated_landing_time": 1322.0,
        "wait_time": 0,
        "Landing_success_rate": 1.0
    },
    {
        "model": 2,
        "sequence": 16,
        "status": 1,
        "fuel": 6010,
        "fault": 0.7876,
        "weapon": 0,
        "pilot_injury": 0.4524,
        "pilot_skill": 0.7618,
        "mission_priority": 0.0911,
        "estimated_landing_time": 1510.0,
        "wait_time": 0,
        "Landing_success_rate": 1.0
    },
    {
        "model": 2,
        "sequence": 12,
        "status": 1,
        "fuel": 6358,
        "fault": 0.607,
        "weapon": 1,
        "pilot_injury": 0.4521,
        "pilot_skill": 0.2526,
        "mission_priority": 0.9546,
        "estimated_landing_time": 1134.0,
        "wait_time": 0,
        "Landing_success_rate": 1.0
    },
    {
        "model": 1,
        "sequence": 30,
        "status": 1,
        "fuel": 6850,
        "fault": 0.1018,
        "weapon": 1,
        "pilot_injury": 0.6305,
        "pilot_skill": 0.5743,
        "mission_priority": 0.7548,
        "estimated_landing_time": 2826.0,
        "wait_time": 0,
        "Landing_success_rate": 1.0
    },
    {
        "model": 2,
        "sequence": 4,
        "status": 1,
        "fuel": 7146,
        "fault": 0.4212,
        "weapon": 1,
        "pilot_injury": 0.2075,
        "pilot_skill": 0.8871,
        "mission_priority": 0.2483,
        "estimated_landing_time": 382.0,
        "wait_time": 0,
        "Landing_success_rate": 1.0
    },
    {
        "model": 1,
        "sequence": 18,
        "status": 1,
        "fuel": 6182,
        "fault": 0.6626,
        "weapon": 1,
        "pilot_injury": 0.4832,
        "pilot_skill": 0.2072,
        "mission_priority": 0.3337,
        "estimated_landing_time": 1698.0,
        "wait_time": 0,
        "Landing_success_rate": 1.0
    },
    {
        "model": 0,
        "sequence": 2,
        "status": 1,
        "fuel": 6957,
        "fault": 0.1371,
        "weapon": 1,
        "pilot_injury": 0.0893,
        "pilot_skill": 0.1972,
        "mission_priority": 0.7942,
        "estimated_landing_time": 194.0,
        "wait_time": 0,
        "Landing_success_rate": 1.0
    },
    {
        "model": 0,
        "sequence": 8,
        "status": 1,
        "fuel": 6453,
        "fault": 0.6519,
        "weapon": 0,
        "pilot_injury": 0.681,
        "pilot_skill": 0.9056,
        "mission_priority": 0.2991,
        "estimated_landing_time": 758.0,
        "wait_time": 0,
        "Landing_success_rate": 1.0
    },
    {
        "model": 1,
        "sequence": 28,
        "status": 1,
        "fuel": 6181,
        "fault": 0.5017,
        "weapon": 0,
        "pilot_injury": 0.2995,
        "pilot_skill": 0.0567,
        "mission_priority": 0.9168,
        "estimated_landing_time": 2638.0,
        "wait_time": 0,
        "Landing_success_rate": 1.0
    },
    {
        "model": 0,
        "sequence": 22,
        "status": 1,
        "fuel": 6311,
        "fault": 0.7082,
        "weapon": 1,
        "pilot_injury": 0.4749,
        "pilot_skill": 0.1159,
        "mission_priority": 0.9017,
        "estimated_landing_time": 2074.0,
        "wait_time": 0,
        "Landing_success_rate": 1.0
    },
    {
        "model": 1,
        "sequence": 9,
        "status": 1,
        "fuel": 7222,
        "fault": 0.3044,
        "weapon": 1,
        "pilot_injury": 0.0357,
        "pilot_skill": 0.3324,
        "mission_priority": 0.3709,
        "estimated_landing_time": 852.0,
        "wait_time": 0,
        "Landing_success_rate": 1.0
    },
    {
        "model": 2,
        "sequence": 1,
        "status": 1,
        "fuel": 6195,
        "fault": 0.9867,
        "weapon": 1,
        "pilot_injury": 0.5754,
        "pilot_skill": 0.3015,
        "mission_priority": 0.0178,
        "estimated_landing_time": 100.0,
        "wait_time": 0,
        "Landing_success_rate": 1.0
    },
    {
        "model": 0,
        "sequence": 21,
        "status": 1,
        "fuel": 7358,
        "fault": 0.685,
        "weapon": 0,
        "pilot_injury": 0.1712,
        "pilot_skill": 0.8652,
        "mission_priority": 0.2536,
        "estimated_landing_time": 1980.0,
        "wait_time": 0,
        "Landing_success_rate": 1.0
    },
    {
        "model": 0,
        "sequence": 23,
        "status": 1,
        "fuel": 6060,
        "fault": 0.3301,
        "weapon": 0,
        "pilot_injury": 0.1795,
        "pilot_skill": 0.879,
        "mission_priority": 0.803,
        "estimated_landing_time": 2168.0,
        "wait_time": 0,
        "Landing_success_rate": 1.0
    },
    {
        "model": 2,
        "sequence": 17,
        "status": 1,
        "fuel": 6703,
        "fault": 0.7155,
        "weapon": 0,
        "pilot_injury": 0.0826,
        "pilot_skill": 0.1095,
        "mission_priority": 0.8908,
        "estimated_landing_time": 1604.0,
        "wait_time": 0,
        "Landing_success_rate": 1.0
    },
    {
        "model": 2,
        "sequence": 26,
        "status": 1,
        "fuel": 7275,
        "fault": 0.0024,
        "weapon": 1,
        "pilot_injury": 0.5565,
        "pilot_skill": 0.208,
        "mission_priority": 0.2351,
        "estimated_landing_time": 2450.0,
        "wait_time": 0,
        "Landing_success_rate": 1.0
    }
]