[
    {
        "model": 0,
        "sequence": 1,
        "status": 1,
        "fuel": 6572,
        "fault": 0.0414,
        "weapon": 1,
        "pilot_injury": 0.2356,
        "pilot_skill": 0.512,
        "mission_priority": 0.7107,
        "estimated_landing_time": 100.0,
        "wait_time": 0,
        "Landing_success_rate": 1.0
    },
    {
        "model": 0,
        "sequence": 12,
        "status": 1,
        "fuel": 5557,
        "fault": 0.7609,
        "weapon": 0,
        "pilot_injury": 0.8233,
        "pilot_skill": 0.1051,
        "mission_priority": 0.1426,
        "estimated_landing_time": 1134.0,
        "wait_time": 0,
        "Landing_success_rate": 1.0
    },
    {
        "model": 0,
        "sequence": 5,
        "status": 1,
        "fuel": 5565,
        "fault": 0.8018,
        "weapon": 1,
        "pilot_injury": 0.6942,
        "pilot_skill": 0.3665,
        "mission_priority": 0.6966,
        "estimated_landing_time": 476.0,
        "wait_time": 0,
        "Landing_success_rate": 1.0
    },
    {
        "model": 0,
        "sequence": 15,
        "status": 1,
        "fuel": 6710,
        "fault": 0.1035,
        "weapon": 1,
        "pilot_injury": 0.6938,
        "pilot_skill": 0.184,
        "mission_priority": 0.2127,
        "estimated_landing_time": 1416.0,
        "wait_time": 0,
        "Landing_success_rate": 1.0
    },
    {
        "model": 0,
        "sequence": 28,
        "status": 1,
        "fuel": 5598,
        "fault": 0.7161,
        "weapon": 1,
        "pilot_injury": 0.8249,
        "pilot_skill": 0.8364,
        "mission_priority": 0.8624,
        "estimated_landing_time": 2638.0,
        "wait_time": 0,
        "Landing_success_rate": 1.0
    },
    {
        "model": 2,
        "sequence": 6,
        "status": 1,
        "fuel": 7414,
        "fault": 0.4464,
        "weapon": 0,
        "pilot_injury": 0.5026,
        "pilot_skill": 0.8727,
        "mission_priority": 0.9051,
        "estimated_landing_time": 570.0,
        "wait_time": 0,
        "Landing_success_rate": 1.0
    },
    {
        "model": 0,
        "sequence": 19,
        "status": 1,
        "fuel": 5502,
        "fault": 0.8193,
        "weapon": 0,
        "pilot_injury": 0.5975,
        "pilot_skill": 0.3341,
        "mission_priority": 0.2068,
        "estimated_landing_time": 1792.0,
        "wait_time": 0,
        "Landing_success_rate": 1.0
    },
    {
        "model": 0,
        "sequence": 11,
        "status": 1,
        "fuel": 6288,
        "fault": 0.0261,
        "weapon": 0,
        "pilot_injury": 0.1045,
        "pilot_skill": 0.8216,
        "mission_priority": 0.2273,
        "estimated_landing_time": 1040.0,
        "wait_time": 0,
        "Landing_success_rate": 1.0
    },
    {
        "model": 0,
        "sequence": 3,
        "status": 1,
        "fuel": 6322,
        "fault": 0.9411,
        "weapon": 0,
        "pilot_injury": 0.8596,
        "pilot_skill": 0.6921,
        "mission_priority": 0.2065,
        "estimated_landing_time": 288.0,
        "wait_time": 0,
        "Landing_success_rate": 1.0
    },
    {
        "model": 2,
        "sequence": 14,
        "status": 1,
        "fuel": 5841,
        "fault": 0.2147,
        "weapon": 0,
        "pilot_injury": 0.7722,
        "pilot_skill": 0.4903,
        "mission_priority": 0.1202,
        "estimated_landing_time": 1322.0,
        "wait_time": 0,
        "Landing_success_rate": 1.0
    },
    {
        "model": 2,
        "sequence": 21,
        "status": 1,
        "fuel": 6674,
        "fault": 0.9499,
        "weapon": 0,
        "pilot_injury": 0.6728,
        "pilot_skill": 0.7086,
        "mission_priority": 0.7608,
        "estimated_landing_time": 1980.0,
        "wait_time": 0,
        "Landing_success_rate": 1.0
    },
    {
        "model": 0,
        "sequence": 9,
        "status": 1,
        "fuel": 6449,
        "fault": 0.0893,
        "weapon": 0,
        "pilot_injury": 0.4918,
        "pilot_skill": 0.8542,
        "mission_priority": 0.8998,
        "estimated_landing_time": 852.0,
        "wait_time": 0,
        "Landing_success_rate": 1.0
    },
    {
        "model": 1,
        "sequence": 20,
        "status": 1,
        "fuel": 6861,
        "fault": 0.3731,
        "weapon": 1,
        "pilot_injury": 0.9794,
        "pilot_skill": 0.2513,
        "mission_priority": 0.1837,
        "estimated_landing_time": 1886.0,
        "wait_time": 0,
        "Landing_success_rate": 1.0
    },
    {
        "model": 2,
        "sequence": 22,
        "status": 1,
        "fuel": 6245,
        "fault": 0.5839,
        "weapon": 0,
        "pilot_injury": 0.0885,
        "pilot_skill": 0.712,
        "mission_priority": 0.8508,
        "estimated_landing_time": 2074.0,
        "wait_time": 0,
        "Landing_success_rate": 1.0
    },
    {
        "model": 0,
        "sequence": 10,
        "status": 1,
        "fuel": 5843,
        "fault": 0.9708,
        "weapon": 1,
        "pilot_injury": 0.3801,
        "pilot_skill": 0.1665,
        "mission_priority": 0.9818,
        "estimated_landing_time": 946.0,
        "wait_time": 0,
        "Landing_success_rate": 1.0
    },
    {
        "model": 2,
        "sequence": 23,
        "status": 1,
        "fuel": 6920,
        "fault": 0.8527,
        "weapon": 1,
        "pilot_injury": 0.9438,
        "pilot_skill": 0.0609,
        "mission_priority": 0.6315,
        "estimated_landing_time": 2168.0,
        "wait_time": 0,
        "Landing_success_rate": 1.0
    },
    {
        "model": 1,
        "sequence": 2,
        "status": 1,
        "fuel": 6746,
        "fault": 0.5794,
        "weapon": 0,
        "pilot_injury": 0.0957,
        "pilot_skill": 0.2587,
        "mission_priority": 0.8503,
        "estimated_landing_time": 194.0,
        "wait_time": 0,
        "Landing_success_rate": 1.0
    },
    {
        "model": 0,
        "sequence": 4,
        "status": 1,
        "fuel": 5757,
        "fault": 0.4659,
        "weapon": 1,
        "pilot_injury": 0.644,
        "pilot_skill": 0.3031,
        "mission_priority": 0.5479,
        "estimated_landing_time": 382.0,
        "wait_time": 0,
        "Landing_success_rate": 1.0
    },
    {
        "model": 2,
        "sequence": 25,
        "status": 1,
        "fuel": 5576,
        "fault": 0.4927,
        "weapon": 0,
        "pilot_injury": 0.8815,
        "pilot_skill": 0.0229,
        "mission_priority": 0.3696,
        "estimated_landing_time": 2356.0,
        "wait_time": 0,
        "Landing_success_rate": 1.0
    },
    {
        "model": 1,
        "sequence": 27,
        "status": 1,
        "fuel": 6293,
        "fault": 0.6945,
        "weapon": 0,
        "pilot_injury": 0.5191,
        "pilot_skill": 0.3465,
        "mission_priority": 0.6462,
        "estimated_landing_time": 2544.0,
        "wait_time": 0,
        "Landing_success_rate": 1.0
    },
    {
        "model": 2,
        "sequence": 26,
        "status": 1,
        "fuel": 7205,
        "fault": 0.9685,
        "weapon": 1,
        "pilot_injury": 0.9918,
        "pilot_skill": 0.2712,
        "mission_priority": 0.4614,
        "estimated_landing_time": 2450.0,
        "wait_time": 0,
        "Landing_success_rate": 1.0
    },
    {
        "model": 2,
        "sequence": 24,
        "status": 1,
        "fuel": 7095,
        "fault": 0.0841,
        "weapon": 0,
        "pilot_injury": 0.406,
        "pilot_skill": 0.5647,
        "mission_priority": 0.2568,
        "estimated_landing_time": 2262.0,
        "wait_time": 0,
        "Landing_success_rate": 1.0
    },
    {
        "model": 0,
        "sequence": 16,
        "status": 1,
        "fuel": 6722,
        "fault": 0.7097,
        "weapon": 1,
        "pilot_injury": 0.9085,
        "pilot_skill": 0.2352,
        "mission_priority": 0.6775,
        "estimated_landing_time": 1510.0,
        "wait_time": 0,
        "Landing_success_rate": 1.0
    },
    {
        "model": 0,
        "sequence": 17,
        "status": 1,
        "fuel": 5807,
        "fault": 0.8471,
        "weapon": 1,
        "pilot_injury": 0.5654,
        "pilot_skill": 0.7088,
        "mission_priority": 0.5983,
        "estimated_landing_time": 1604.0,
        "wait_time": 0,
        "Landing_success_rate": 1.0
    },
    {
        "model": 2,
        "sequence": 18,
        "status": 1,
        "fuel": 6478,
        "fault": 0.5914,
        "weapon": 0,
        "pilot_injury": 0.041,
        "pilot_skill": 0.236,
        "mission_priority": 0.6157,
        "estimated_landing_time": 1698.0,
        "wait_time": 0,
        "Landing_success_rate": 1.0
    },
    {
        "model": 1,
        "sequence": 8,
        "status": 1,
        "fuel": 6858,
        "fault": 0.2808,
        "weapon": 1,
        "pilot_injury": 0.5119,
        "pilot_skill": 0.7225,
        "mission_priority": 0.4108,
        "estimated_landing_time": 758.0,
        "wait_time": 0,
        "Landing_success_rate": 1.0
    },
    {
        "model": 0,
        "sequence": 29,
        "status": 1,
        "fuel": 7478,
        "fault": 0.6201,
        "weapon": 1,
        "pilot_injury": 0.9588,
        "pilot_skill": 0.2333,
        "mission_priority": 0.6054,
        "estimated_landing_time": 2732.0,
        "wait_time": 0,
        "Landing_success_rate": 1.0
    },
    {
        "model": 2,
        "sequence": 30,
        "status": 1,
        "fuel": 6112,
        "fault": 0.5594,
        "weapon": 1,
        "pilot_injury": 0.8903,
        "pilot_skill": 0.3222,
        "mission_priority": 0.6453,
        "estimated_landing_time": 2826.0,
        "wait_time": 0,
        "Landing_success_rate": 1.0
    },
    {
        "model": 2,
        "sequence": 7,
        "status": 1,
        "fuel": 5871,
        "fault": 0.1181,
        "weapon": 0,
        "pilot_injury": 0.7205,
        "pilot_skill": 0.8009,
        "mission_priority": 0.8719,
        "estimated_landing_time": 664.0,
        "wait_time": 0,
        "Landing_success_rate": 1.0
    },
    {
        "model": 0,
        "sequence": 13,
        "status": 1,
        "fuel": 6769,
        "fault": 0.7119,
        "weapon": 1,
        "pilot_injury": 0.629,
        "pilot_skill": 0.1517,
        "mission_priority": 0.6125,
        "estimated_landing_time": 1228.0,
        "wait_time": 0,
        "Landing_success_rate": 1.0
    }
]