[
    {
        "model": 2,
        "sequence": 8,
        "status": 1,
        "fuel": 5540,
        "fault": 0.487,
        "weapon": 1,
        "pilot_injury": 0.9544,
        "pilot_skill": 0.3662,
        "mission_priority": 0.0969,
        "estimated_landing_time": 758.0,
        "wait_time": 0,
        "Landing_success_rate": 1.0
    },
    {
        "model": 1,
        "sequence": 17,
        "status": 1,
        "fuel": 6303,
        "fault": 0.1202,
        "weapon": 1,
        "pilot_injury": 0.383,
        "pilot_skill": 0.1993,
        "mission_priority": 0.8138,
        "estimated_landing_time": 1604.0,
        "wait_time": 0,
        "Landing_success_rate": 1.0
    },
    {
        "model": 0,
        "sequence": 15,
        "status": 1,
        "fuel": 6711,
        "fault": 0.652,
        "weapon": 1,
        "pilot_injury": 0.1539,
        "pilot_skill": 0.1928,
        "mission_priority": 0.1259,
        "estimated_landing_time": 1416.0,
        "wait_time": 0,
        "Landing_success_rate": 1.0
    },
    {
        "model": 0,
        "sequence": 24,
        "status": 1,
        "fuel": 6445,
        "fault": 0.472,
        "weapon": 1,
        "pilot_injury": 0.7323,
        "pilot_skill": 0.2612,
        "mission_priority": 0.8516,
        "estimated_landing_time": 2262.0,
        "wait_time": 0,
        "Landing_success_rate": 1.0
    },
    {
        "model": 1,
        "sequence": 19,
        "status": 1,
        "fuel": 7243,
        "fault": 0.976,
        "weapon": 0,
        "pilot_injury": 0.8493,
        "pilot_skill": 0.2444,
        "mission_priority": 0.7081,
        "estimated_landing_time": 1792.0,
        "wait_time": 0,
        "Landing_success_rate": 1.0
    },
    {
        "model": 1,
        "sequence": 3,
        "status": 1,
        "fuel": 6094,
        "fault": 0.1989,
        "weapon": 0,
        "pilot_injury": 0.6093,
        "pilot_skill": 0.1824,
        "mission_priority": 0.0282,
        "estimated_landing_time": 288.0,
        "wait_time": 0,
        "Landing_success_rate": 1.0
    },
    {
        "model": 0,
        "sequence": 14,
        "status": 1,
        "fuel": 6157,
        "fault": 0.779,
        "weapon": 0,
        "pilot_injury": 0.8023,
        "pilot_skill": 0.8188,
        "mission_priority": 0.6144,
        "estimated_landing_time": 1322.0,
        "wait_time": 0,
        "Landing_success_rate": 1.0
    },
    {
        "model": 0,
        "sequence": 25,
        "status": 1,
        "fuel": 6121,
        "fault": 0.6619,
        "weapon": 1,
        "pilot_injury": 0.7023,
        "pilot_skill": 0.0693,
        "mission_priority": 0.3325,
        "estimated_landing_time": 2356.0,
        "wait_time": 0,
        "Landing_success_rate": 1.0
    },
    {
        "model": 2,
        "sequence": 28,
        "status": 1,
        "fuel": 6041,
        "fault": 0.8321,
        "weapon": 0,
        "pilot_injury": 0.6247,
        "pilot_skill": 0.0963,
        "mission_priority": 0.777,
        "estimated_landing_time": 2638.0,
        "wait_time": 0,
        "Landing_success_rate": 1.0
    },
    {
        "model": 1,
        "sequence": 10,
        "status": 1,
        "fuel": 6308,
        "fault": 0.8018,
        "weapon": 1,
        "pilot_injury": 0.1066,
        "pilot_skill": 0.8909,
        "mission_priority": 0.3638,
        "estimated_landing_time": 946.0,
        "wait_time": 0,
        "Landing_success_rate": 1.0
    },
    {
        "model": 2,
        "sequence": 1,
        "status": 1,
        "fuel": 7283,
        "fault": 0.8849,
        "weapon": 0,
        "pilot_injury": 0.0102,
        "pilot_skill": 0.2657,
        "mission_priority": 0.9083,
        "estimated_landing_time": 100.0,
        "wait_time": 0,
        "Landing_success_rate": 1.0
    },
    {
        "model": 0,
        "sequence": 5,
        "status": 1,
        "fuel": 5908,
        "fault": 0.9157,
        "weapon": 1,
        "pilot_injury": 0.14,
        "pilot_skill": 0.6784,
        "mission_priority": 0.0732,
        "estimated_landing_time": 476.0,
        "wait_time": 0,
        "Landing_success_rate": 1.0
    },
    {
        "model": 0,
        "sequence": 2,
        "status": 1,
        "fuel": 7247,
        "fault": 0.4965,
        "weapon": 1,
        "pilot_injury": 0.4658,
        "pilot_skill": 0.1663,
        "mission_priority": 0.6278,
        "estimated_landing_time": 194.0,
        "wait_time": 0,
        "Landing_success_rate": 1.0
    },
    {
        "model": 0,
        "sequence": 29,
        "status": 1,
        "fuel": 6790,
        "fault": 0.1813,
        "weapon": 0,
        "pilot_injury": 0.6522,
        "pilot_skill": 0.1789,
        "mission_priority": 0.852,
        "estimated_landing_time": 2732.0,
        "wait_time": 0,
        "Landing_success_rate": 1.0
    },
    {
        "model": 0,
        "sequence": 21,
        "status": 1,
        "fuel": 7471,
        "fault": 0.6977,
        "weapon": 0,
        "pilot_injury": 0.1283,
        "pilot_skill": 0.6871,
        "mission_priority": 0.0181,
        "estimated_landing_time": 1980.0,
        "wait_time": 0,
        "Landing_success_rate": 1.0
    },
    {
        "model": 1,
        "sequence": 18,
        "status": 1,
        "fuel": 6014,
        "fault": 0.8946,
        "weapon": 1,
        "pilot_injury": 0.1172,
        "pilot_skill": 0.1645,
        "mission_priority": 0.9631,
        "estimated_landing_time": 1698.0,
        "wait_time": 0,
        "Landing_success_rate": 1.0
    },
    {
        "model": 2,
        "sequence": 12,
        "status": 1,
        "fuel": 5528,
        "fault": 0.5412,
        "weapon": 0,
        "pilot_injury": 0.9635,
        "pilot_skill": 0.1401,
        "mission_priority": 0.7335,
        "estimated_landing_time": 1134.0,
        "wait_time": 0,
        "Landing_success_rate": 1.0
    },
    {
        "model": 1,
        "sequence": 13,
        "status": 1,
        "fuel": 7187,
        "fault": 0.6037,
        "weapon": 0,
        "pilot_injury": 0.3817,
        "pilot_skill": 0.4018,
        "mission_priority": 0.6246,
        "estimated_landing_time": 1228.0,
        "wait_time": 0,
        "Landing_success_rate": 1.0
    },
    {
        "model": 0,
        "sequence": 20,
        "status": 1,
        "fuel": 7363,
        "fault": 0.0414,
        "weapon": 1,
        "pilot_injury": 0.1331,
        "pilot_skill": 0.3538,
        "mission_priority": 0.0526,
        "estimated_landing_time": 1886.0,
        "wait_time": 0,
        "Landing_success_rate": 1.0
    },
    {
        "model": 2,
        "sequence": 16,
        "status": 1,
        "fuel": 7169,
        "fault": 0.3207,
        "weapon": 1,
        "pilot_injury": 0.2576,
        "pilot_skill": 0.5231,
        "mission_priority": 0.7956,
        "estimated_landing_time": 1510.0,
        "wait_time": 0,
        "Landing_success_rate": 1.0
    },
    {
        "model": 0,
        "sequence": 6,
        "status": 1,
        "fuel": 6776,
        "fault": 0.7579,
        "weapon": 0,
        "pilot_injury": 0.4461,
        "pilot_skill": 0.2145,
        "mission_priority": 0.4462,
        "estimated_landing_time": 570.0,
        "wait_time": 0,
        "Landing_success_rate": 1.0
    },
    {
        "model": 1,
        "sequence": 11,
        "status": 1,
        "fuel": 5679,
        "fault": 0.9821,
        "weapon": 1,
        "pilot_injury": 0.2743,
        "pilot_skill": 0.1851,
        "mission_priority": 0.947,
        "estimated_landing_time": 1040.0,
        "wait_time": 0,
        "Landing_success_rate": 1.0
    },
    {
        "model": 0,
        "sequence": 30,
        "status": 1,
        "fuel": 7323,
        "fault": 0.7343,
        "weapon": 1,
        "pilot_injury": 0.3407,
        "pilot_skill": 0.9696,
        "mission_priority": 0.9883,
        "estimated_landing_time": 2826.0,
        "wait_time": 0,
        "Landing_success_rate": 1.0
    },
    {
        "model": 1,
        "sequence": 23,
        "status": 1,
        "fuel": 6453,
        "fault": 0.0406,
        "weapon": 1,
        "pilot_injury": 0.5421,
        "pilot_skill": 0.329,
        "mission_priority": 0.122,
        "estimated_landing_time": 2168.0,
        "wait_time": 0,
        "Landing_success_rate": 1.0
    },
    {
        "model": 1,
        "sequence": 4,
        "status": 1,
        "fuel": 5955,
        "fault": 0.0143,
        "weapon": 0,
        "pilot_injury": 0.9788,
        "pilot_skill": 0.2469,
        "mission_priority": 0.411,
        "estimated_landing_time": 382.0,
        "wait_time": 0,
        "Landing_success_rate": 1.0
    },
    {
        "model": 0,
        "sequence": 7,
        "status": 1,
        "fuel": 5938,
        "fault": 0.741,
        "weapon": 0,
        "pilot_injury": 0.0036,
        "pilot_skill": 0.3962,
        "mission_priority": 0.8046,
        "estimated_landing_time": 664.0,
        "wait_time": 0,
        "Landing_success_rate": 1.0
    },
    {
        "model": 0,
        "sequence": 26,
        "status": 1,
        "fuel": 6564,
        "fault": 0.4071,
        "weapon": 0,
        "pilot_injury": 0.9216,
        "pilot_skill": 0.8671,
        "mission_priority": 0.4067,
        "estimated_landing_time": 2450.0,
        "wait_time": 0,
        "Landing_success_rate": 1.0
    },
    {
        "model": 1,
        "sequence": 9,
        "status": 1,
        "fuel": 5682,
        "fault": 0.8617,
        "weapon": 0,
        "pilot_injury": 0.2868,
        "pilot_skill": 0.7559,
        "mission_priority": 0.5715,
        "estimated_landing_time": 852.0,
        "wait_time": 0,
        "Landing_success_rate": 1.0
    },
    {
        "model": 2,
        "sequence": 22,
        "status": 1,
        "fuel": 5891,
        "fault": 0.4785,
        "weapon": 1,
        "pilot_injury": 0.7648,
        "pilot_skill": 0.4744,
        "mission_priority": 0.7479,
        "estimated_landing_time": 2074.0,
        "wait_time": 0,
        "Landing_success_rate": 1.0
    },
    {
        "model": 1,
        "sequence": 27,
        "status": 1,
        "fuel": 6531,
        "fault": 0.0005,
        "weapon": 1,
        "pilot_injury": 0.2398,
        "pilot_skill": 0.7779,
        "mission_priority": 0.7496,
        "estimated_landing_time": 2544.0,
        "wait_time": 0,
        "Landing_success_rate": 1.0
    }
]