[
    {
        "model": 1,
        "sequence": 8,
        "status": 1,
        "fuel": 6627,
        "fault": 0.4875,
        "weapon": 1,
        "pilot_injury": 0.8359,
        "pilot_skill": 0.7791,
        "mission_priority": 0.3119,
        "estimated_landing_time": 758.0,
        "wait_time": 0,
        "Landing_success_rate": 1.0
    },
    {
        "model": 0,
        "sequence": 3,
        "status": 1,
        "fuel": 6553,
        "fault": 0.7284,
        "weapon": 0,
        "pilot_injury": 0.1474,
        "pilot_skill": 0.7542,
        "mission_priority": 0.3168,
        "estimated_landing_time": 288.0,
        "wait_time": 0,
        "Landing_success_rate": 1.0
    },
    {
        "model": 2,
        "sequence": 16,
        "status": 1,
        "fuel": 6418,
        "fault": 0.9243,
        "weapon": 0,
        "pilot_injury": 0.2763,
        "pilot_skill": 0.5481,
        "mission_priority": 0.9079,
        "estimated_landing_time": 1510.0,
        "wait_time": 0,
        "Landing_success_rate": 1.0
    },
    {
        "model": 2,
        "sequence": 9,
        "status": 1,
        "fuel": 6048,
        "fault": 0.22,
        "weapon": 0,
        "pilot_injury": 0.4787,
        "pilot_skill": 0.1566,
        "mission_priority": 0.2717,
        "estimated_landing_time": 852.0,
        "wait_time": 0,
        "Landing_success_rate": 1.0
    },
    {
        "model": 2,
        "sequence": 10,
        "status": 1,
        "fuel": 6965,
        "fault": 0.853,
        "weapon": 1,
        "pilot_injury": 0.7839,
        "pilot_skill": 0.2118,
        "mission_priority": 0.5201,
        "estimated_landing_time": 946.0,
        "wait_time": 0,
        "Landing_success_rate": 1.0
    },
    {
        "model": 2,
        "sequence": 13,
        "status": 1,
        "fuel": 7476,
        "fault": 0.0956,
        "weapon": 0,
        "pilot_injury": 0.0216,
        "pilot_skill": 0.8605,
        "mission_priority": 0.0796,
        "estimated_landing_time": 1228.0,
        "wait_time": 0,
        "Landing_success_rate": 1.0
    },
    {
        "model": 0,
        "sequence": 5,
        "status": 1,
        "fuel": 7245,
        "fault": 0.9694,
        "weapon": 0,
        "pilot_injury": 0.5322,
        "pilot_skill": 0.0994,
        "mission_priority": 0.4472,
        "estimated_landing_time": 476.0,
        "wait_time": 0,
        "Landing_success_rate": 1.0
    },
    {
        "model": 2,
        "sequence": 1,
        "status": 1,
        "fuel": 5931,
        "fault": 0.4097,
        "weapon": 0,
        "pilot_injury": 0.545,
        "pilot_skill": 0.4594,
        "mission_priority": 0.0232,
        "estimated_landing_time": 100.0,
        "wait_time": 0,
        "Landing_success_rate": 1.0
    },
    {
        "model": 2,
        "sequence": 12,
        "status": 1,
        "fuel": 6523,
        "fault": 0.5509,
        "weapon": 0,
        "pilot_injury": 0.9806,
        "pilot_skill": 0.8513,
        "mission_priority": 0.5614,
        "estimated_landing_time": 1134.0,
        "wait_time": 0,
        "Landing_success_rate": 1.0
    },
    {
        "model": 2,
        "sequence": 27,
        "status": 1,
        "fuel": 6678,
        "fault": 0.4134,
        "weapon": 0,
        "pilot_injury": 0.6718,
        "pilot_skill": 0.2015,
        "mission_priority": 0.7332,
        "estimated_landing_time": 2544.0,
        "wait_time": 0,
        "Landing_success_rate": 1.0
    },
    {
        "model": 2,
        "sequence": 15,
        "status": 1,
        "fuel": 6301,
        "fault": 0.6949,
        "weapon": 0,
        "pilot_injury": 0.5042,
        "pilot_skill": 0.9747,
        "mission_priority": 0.1493,
        "estimated_landing_time": 1416.0,
        "wait_time": 0,
        "Landing_success_rate": 1.0
    },
    {
        "model": 1,
        "sequence": 28,
        "status": 1,
        "fuel": 5646,
        "fault": 0.8569,
        "weapon": 1,
        "pilot_injury": 0.3648,
        "pilot_skill": 0.2686,
        "mission_priority": 0.1734,
        "estimated_landing_time": 2638.0,
        "wait_time": 0,
        "Landing_success_rate": 1.0
    },
    {
        "model": 2,
        "sequence": 17,
        "status": 1,
        "fuel": 6510,
        "fault": 0.5075,
        "weapon": 0,
        "pilot_injury": 0.3299,
        "pilot_skill": 0.4611,
        "mission_priority": 0.2285,
        "estimated_landing_time": 1604.0,
        "wait_time": 0,
        "Landing_success_rate": 1.0
    },
    {
        "model": 0,
        "sequence": 21,
        "status": 1,
        "fuel": 6009,
        "fault": 0.4105,
        "weapon": 1,
        "pilot_injury": 0.956,
        "pilot_skill": 0.5098,
        "mission_priority": 0.733,
        "estimated_landing_time": 1980.0,
        "wait_time": 0,
        "Landing_success_rate": 1.0
    },
    {
        "model": 2,
        "sequence": 20,
        "status": 1,
        "fuel": 5845,
        "fault": 0.0183,
        "weapon": 0,
        "pilot_injury": 0.5341,
        "pilot_skill": 0.7015,
        "mission_priority": 0.6848,
        "estimated_landing_time": 1886.0,
        "wait_time": 0,
        "Landing_success_rate": 1.0
    },
    {
        "model": 1,
        "sequence": 22,
        "status": 1,
        "fuel": 6817,
        "fault": 0.1521,
        "weapon": 1,
        "pilot_injury": 0.2118,
        "pilot_skill": 0.8743,
        "mission_priority": 0.1207,
        "estimated_landing_time": 2074.0,
        "wait_time": 0,
        "Landing_success_rate": 1.0
    },
    {
        "model": 2,
        "sequence": 19,
        "status": 1,
        "fuel": 7305,
        "fault": 0.9565,
        "weapon": 1,
        "pilot_injury": 0.7984,
        "pilot_skill": 0.1354,
        "mission_priority": 0.6873,
        "estimated_landing_time": 1792.0,
        "wait_time": 0,
        "Landing_success_rate": 1.0
    },
    {
        "model": 0,
        "sequence": 2,
        "status": 1,
        "fuel": 7414,
        "fault": 0.1586,
        "weapon": 1,
        "pilot_injury": 0.6212,
        "pilot_skill": 0.5625,
        "mission_priority": 0.9263,
        "estimated_landing_time": 194.0,
        "wait_time": 0,
        "Landing_success_rate": 1.0
    },
    {
        "model": 0,
        "sequence": 26,
        "status": 1,
        "fuel": 7381,
        "fault": 0.6957,
        "weapon": 0,
        "pilot_injury": 0.7954,
        "pilot_skill": 0.1297,
        "mission_priority": 0.6797,
        "estimated_landing_time": 2450.0,
        "wait_time": 0,
        "Landing_success_rate": 1.0
    },
    {
        "model": 1,
        "sequence": 25,
        "status": 1,
        "fuel": 6074,
        "fault": 0.7313,
        "weapon": 1,
        "pilot_injury": 0.2399,
        "pilot_skill": 0.4959,
        "mission_priority": 0.3297,
        "estimated_landing_time": 2356.0,
        "wait_time": 0,
        "Landing_success_rate": 1.0
    },
    {
        "model": 0,
        "sequence": 11,
        "status": 1,
        "fuel": 7444,
        "fault": 0.2685,
        "weapon": 0,
        "pilot_injury": 0.7308,
        "pilot_skill": 0.1512,
        "mission_priority": 0.2829,
        "estimated_landing_time": 1040.0,
        "wait_time": 0,
        "Landing_success_rate": 1.0
    },
    {
        "model": 0,
        "sequence": 14,
        "status": 1,
        "fuel": 6098,
        "fault": 0.6402,
        "weapon": 1,
        "pilot_injury": 0.7368,
        "pilot_skill": 0.6405,
        "mission_priority": 0.3302,
        "estimated_landing_time": 1322.0,
        "wait_time": 0,
        "Landing_success_rate": 1.0
    },
    {
        "model": 0,
        "sequence": 4,
        "status": 1,
        "fuel": 6362,
        "fault": 0.8616,
        "weapon": 1,
        "pilot_injury": 0.1861,
        "pilot_skill": 0.3767,
        "mission_priority": 0.8417,
        "estimated_landing_time": 382.0,
        "wait_time": 0,
        "Landing_success_rate": 1.0
    },
    {
        "model": 1,
        "sequence": 18,
        "status": 1,
        "fuel": 6798,
        "fault": 0.8123,
        "weapon": 0,
        "pilot_injury": 0.3192,
        "pilot_skill": 0.8995,
        "mission_priority": 0.6633,
        "estimated_landing_time": 1698.0,
        "wait_time": 0,
        "Landing_success_rate": 1.0
    },
    {
        "model": 1,
        "sequence": 7,
        "status": 1,
        "fuel": 5789,
        "fault": 0.6445,
        "weapon": 1,
        "pilot_injury": 0.0385,
        "pilot_skill": 0.3964,
        "mission_priority": 0.9098,
        "estimated_landing_time": 664.0,
        "wait_time": 0,
        "Landing_success_rate": 1.0
    },
    {
        "model": 1,
        "sequence": 24,
        "status": 1,
        "fuel": 7421,
        "fault": 0.0447,
        "weapon": 1,
        "pilot_injury": 0.9313,
        "pilot_skill": 0.7746,
        "mission_priority": 0.0886,
        "estimated_landing_time": 2262.0,
        "wait_time": 0,
        "Landing_success_rate": 1.0
    },
    {
        "model": 1,
        "sequence": 29,
        "status": 1,
        "fuel": 5720,
        "fault": 0.9334,
        "weapon": 0,
        "pilot_injury": 0.0139,
        "pilot_skill": 0.6246,
        "mission_priority": 0.6572,
        "estimated_landing_time": 2732.0,
        "wait_time": 0,
        "Landing_success_rate": 1.0
    },
    {
        "model": 1,
        "sequence": 23,
        "status": 1,
        "fuel": 6091,
        "fault": 0.1323,
        "weapon": 0,
        "pilot_injury": 0.4524,
        "pilot_skill": 0.8555,
        "mission_priority": 0.7673,
        "estimated_landing_time": 2168.0,
        "wait_time": 0,
        "Landing_success_rate": 1.0
    },
    {
        "model": 1,
        "sequence": 30,
        "status": 1,
        "fuel": 6904,
        "fault": 0.473,
        "weapon": 0,
        "pilot_injury": 0.6939,
        "pilot_skill": 0.5582,
        "mission_priority": 0.6935,
        "estimated_landing_time": 2826.0,
        "wait_time": 0,
        "Landing_success_rate": 1.0
    },
    {
        "model": 1,
        "sequence": 6,
        "status": 1,
        "fuel": 6868,
        "fault": 0.3589,
        "weapon": 0,
        "pilot_injury": 0.4179,
        "pilot_skill": 0.8945,
        "mission_priority": 0.104,
        "estimated_landing_time": 570.0,
        "wait_time": 0,
        "Landing_success_rate": 1.0
    }
]