[
    {
        "model": 2,
        "sequence": 5,
        "status": 1,
        "fuel": 7417,
        "fault": 0.7335,
        "weapon": 0,
        "pilot_injury": 0.5728,
        "pilot_skill": 0.6221,
        "mission_priority": 0.0597,
        "estimated_landing_time": 476.0,
        "wait_time": 0,
        "Landing_success_rate": 1.0
    },
    {
        "model": 1,
        "sequence": 23,
        "status": 1,
        "fuel": 6889,
        "fault": 0.3247,
        "weapon": 1,
        "pilot_injury": 0.5199,
        "pilot_skill": 0.3909,
        "mission_priority": 0.7848,
        "estimated_landing_time": 2168.0,
        "wait_time": 0,
        "Landing_success_rate": 1.0
    },
    {
        "model": 2,
        "sequence": 25,
        "status": 1,
        "fuel": 6823,
        "fault": 0.4327,
        "weapon": 1,
        "pilot_injury": 0.9654,
        "pilot_skill": 0.5818,
        "mission_priority": 0.2484,
        "estimated_landing_time": 2356.0,
        "wait_time": 0,
        "Landing_success_rate": 1.0
    },
    {
        "model": 2,
        "sequence": 27,
        "status": 1,
        "fuel": 5848,
        "fault": 0.685,
        "weapon": 0,
        "pilot_injury": 0.6523,
        "pilot_skill": 0.1721,
        "mission_priority": 0.0258,
        "estimated_landing_time": 2544.0,
        "wait_time": 0,
        "Landing_success_rate": 1.0
    },
    {
        "model": 2,
        "sequence": 2,
        "status": 1,
        "fuel": 7078,
        "fault": 0.2353,
        "weapon": 1,
        "pilot_injury": 0.466,
        "pilot_skill": 0.0911,
        "mission_priority": 0.3816,
        "estimated_landing_time": 194.0,
        "wait_time": 0,
        "Landing_success_rate": 1.0
    },
    {
        "model": 1,
        "sequence": 15,
        "status": 1,
        "fuel": 5554,
        "fault": 0.9154,
        "weapon": 0,
        "pilot_injury": 0.8655,
        "pilot_skill": 0.189,
        "mission_priority": 0.5561,
        "estimated_landing_time": 1416.0,
        "wait_time": 0,
        "Landing_success_rate": 1.0
    },
    {
        "model": 2,
        "sequence": 19,
        "status": 1,
        "fuel": 7107,
        "fault": 0.8749,
        "weapon": 1,
        "pilot_injury": 0.3944,
        "pilot_skill": 0.9849,
        "mission_priority": 0.7597,
        "estimated_landing_time": 1792.0,
        "wait_time": 0,
        "Landing_success_rate": 1.0
    },
    {
        "model": 0,
        "sequence": 30,
        "status": 1,
        "fuel": 5567,
        "fault": 0.7476,
        "weapon": 1,
        "pilot_injury": 0.6258,
        "pilot_skill": 0.4988,
        "mission_priority": 0.4116,
        "estimated_landing_time": 2826.0,
        "wait_time": 0,
        "Landing_success_rate": 1.0
    },
    {
        "model": 2,
        "sequence": 3,
        "status": 1,
        "fuel": 7476,
        "fault": 0.6551,
        "weapon": 1,
        "pilot_injury": 0.9736,
        "pilot_skill": 0.0914,
        "mission_priority": 0.601,
        "estimated_landing_time": 288.0,
        "wait_time": 0,
        "Landing_success_rate": 1.0
    },
    {
        "model": 2,
        "sequence": 12,
        "status": 1,
        "fuel": 5868,
        "fault": 0.9017,
        "weapon": 0,
        "pilot_injury": 0.2524,
        "pilot_skill": 0.9555,
        "mission_priority": 0.8017,
        "estimated_landing_time": 1134.0,
        "wait_time": 0,
        "Landing_success_rate": 1.0
    },
    {
        "model": 1,
        "sequence": 16,
        "status": 1,
        "fuel": 5632,
        "fault": 0.0297,
        "weapon": 0,
        "pilot_injury": 0.3601,
        "pilot_skill": 0.6413,
        "mission_priority": 0.725,
        "estimated_landing_time": 1510.0,
        "wait_time": 0,
        "Landing_success_rate": 1.0
    },
    {
        "model": 2,
        "sequence": 17,
        "status": 1,
        "fuel": 6892,
        "fault": 0.5806,
        "weapon": 0,
        "pilot_injury": 0.3151,
        "pilot_skill": 0.3231,
        "mission_priority": 0.9005,
        "estimated_landing_time": 1604.0,
        "wait_time": 0,
        "Landing_success_rate": 1.0
    },
    {
        "model": 0,
        "sequence": 14,
        "status": 1,
        "fuel": 7276,
        "fault": 0.4374,
        "weapon": 0,
        "pilot_injury": 0.8092,
        "pilot_skill": 0.3232,
        "mission_priority": 0.9908,
        "estimated_landing_time": 1322.0,
        "wait_time": 0,
        "Landing_success_rate": 1.0
    },
    {
        "model": 0,
        "sequence": 29,
        "status": 1,
        "fuel": 6594,
        "fault": 0.814,
        "weapon": 0,
        "pilot_injury": 0.261,
        "pilot_skill": 0.145,
        "mission_priority": 0.3895,
        "estimated_landing_time": 2732.0,
        "wait_time": 0,
        "Landing_success_rate": 1.0
    },
    {
        "model": 2,
        "sequence": 21,
        "status": 1,
        "fuel": 5868,
        "fault": 0.047,
        "weapon": 1,
        "pilot_injury": 0.1743,
        "pilot_skill": 0.5275,
        "mission_priority": 0.6282,
        "estimated_landing_time": 1980.0,
        "wait_time": 0,
        "Landing_success_rate": 1.0
    },
    {
        "model": 1,
        "sequence": 11,
        "status": 1,
        "fuel": 6677,
        "fault": 0.4187,
        "weapon": 0,
        "pilot_injury": 0.8957,
        "pilot_skill": 0.1388,
        "mission_priority": 0.3038,
        "estimated_landing_time": 1040.0,
        "wait_time": 0,
        "Landing_success_rate": 1.0
    },
    {
        "model": 0,
        "sequence": 1,
        "status": 1,
        "fuel": 7102,
        "fault": 0.7319,
        "weapon": 1,
        "pilot_injury": 0.7306,
        "pilot_skill": 0.8088,
        "mission_priority": 0.8954,
        "estimated_landing_time": 100.0,
        "wait_time": 0,
        "Landing_success_rate": 1.0
    },
    {
        "model": 1,
        "sequence": 7,
        "status": 1,
        "fuel": 5770,
        "fault": 0.396,
        "weapon": 0,
        "pilot_injury": 0.6883,
        "pilot_skill": 0.7947,
        "mission_priority": 0.5778,
        "estimated_landing_time": 664.0,
        "wait_time": 0,
        "Landing_success_rate": 1.0
    },
    {
        "model": 2,
        "sequence": 28,
        "status": 1,
        "fuel": 5549,
        "fault": 0.2095,
        "weapon": 1,
        "pilot_injury": 0.382,
        "pilot_skill": 0.8937,
        "mission_priority": 0.2122,
        "estimated_landing_time": 2638.0,
        "wait_time": 0,
        "Landing_success_rate": 1.0
    },
    {
        "model": 1,
        "sequence": 24,
        "status": 1,
        "fuel": 5895,
        "fault": 0.607,
        "weapon": 0,
        "pilot_injury": 0.6007,
        "pilot_skill": 0.47,
        "mission_priority": 0.1547,
        "estimated_landing_time": 2262.0,
        "wait_time": 0,
        "Landing_success_rate": 1.0
    },
    {
        "model": 2,
        "sequence": 9,
        "status": 1,
        "fuel": 6261,
        "fault": 0.1901,
        "weapon": 0,
        "pilot_injury": 0.27,
        "pilot_skill": 0.1097,
        "mission_priority": 0.1068,
        "estimated_landing_time": 852.0,
        "wait_time": 0,
        "Landing_success_rate": 1.0
    },
    {
        "model": 2,
        "sequence": 26,
        "status": 1,
        "fuel": 7297,
        "fault": 0.5049,
        "weapon": 1,
        "pilot_injury": 0.5814,
        "pilot_skill": 0.6272,
        "mission_priority": 0.8821,
        "estimated_landing_time": 2450.0,
        "wait_time": 0,
        "Landing_success_rate": 1.0
    },
    {
        "model": 1,
        "sequence": 20,
        "status": 1,
        "fuel": 5896,
        "fault": 0.2547,
        "weapon": 0,
        "pilot_injury": 0.2464,
        "pilot_skill": 0.7818,
        "mission_priority": 0.4281,
        "estimated_landing_time": 1886.0,
        "wait_time": 0,
        "Landing_success_rate": 1.0
    },
    {
        "model": 0,
        "sequence": 8,
        "status": 1,
        "fuel": 7417,
        "fault": 0.5294,
        "weapon": 1,
        "pilot_injury": 0.1568,
        "pilot_skill": 0.1025,
        "mission_priority": 0.8683,
        "estimated_landing_time": 758.0,
        "wait_time": 0,
        "Landing_success_rate": 1.0
    },
    {
        "model": 2,
        "sequence": 6,
        "status": 1,
        "fuel": 6422,
        "fault": 0.1377,
        "weapon": 0,
        "pilot_injury": 0.9473,
        "pilot_skill": 0.4789,
        "mission_priority": 0.9586,
        "estimated_landing_time": 570.0,
        "wait_time": 0,
        "Landing_success_rate": 1.0
    },
    {
        "model": 2,
        "sequence": 22,
        "status": 1,
        "fuel": 5538,
        "fault": 0.4565,
        "weapon": 0,
        "pilot_injury": 0.2433,
        "pilot_skill": 0.2092,
        "mission_priority": 0.2526,
        "estimated_landing_time": 2074.0,
        "wait_time": 0,
        "Landing_success_rate": 1.0
    },
    {
        "model": 2,
        "sequence": 4,
        "status": 1,
        "fuel": 7453,
        "fault": 0.4188,
        "weapon": 0,
        "pilot_injury": 0.5554,
        "pilot_skill": 0.3095,
        "mission_priority": 0.0715,
        "estimated_landing_time": 382.0,
        "wait_time": 0,
        "Landing_success_rate": 1.0
    },
    {
        "model": 0,
        "sequence": 18,
        "status": 1,
        "fuel": 6154,
        "fault": 0.7811,
        "weapon": 0,
        "pilot_injury": 0.7934,
        "pilot_skill": 0.9392,
        "mission_priority": 0.5858,
        "estimated_landing_time": 1698.0,
        "wait_time": 0,
        "Landing_success_rate": 1.0
    },
    {
        "model": 0,
        "sequence": 10,
        "status": 1,
        "fuel": 5586,
        "fault": 0.4171,
        "weapon": 0,
        "pilot_injury": 0.4104,
        "pilot_skill": 0.5301,
        "mission_priority": 0.5412,
        "estimated_landing_time": 946.0,
        "wait_time": 0,
        "Landing_success_rate": 1.0
    },
    {
        "model": 2,
        "sequence": 13,
        "status": 1,
        "fuel": 6613,
        "fault": 0.1485,
        "weapon": 1,
        "pilot_injury": 0.6669,
        "pilot_skill": 0.0472,
        "mission_priority": 0.3512,
        "estimated_landing_time": 1228.0,
        "wait_time": 0,
        "Landing_success_rate": 1.0
    }
]