[
    {
        "model": 1,
        "sequence": 18,
        "status": 1,
        "fuel": 7211,
        "fault": 0.4422,
        "weapon": 1,
        "pilot_injury": 0.3332,
        "pilot_skill": 0.694,
        "mission_priority": 0.5227,
        "estimated_landing_time": 1698.0,
        "wait_time": 0,
        "Landing_success_rate": 1.0
    },
    {
        "model": 1,
        "sequence": 22,
        "status": 1,
        "fuel": 6260,
        "fault": 0.5084,
        "weapon": 0,
        "pilot_injury": 0.7219,
        "pilot_skill": 0.8358,
        "mission_priority": 0.2536,
        "estimated_landing_time": 2074.0,
        "wait_time": 0,
        "Landing_success_rate": 1.0
    },
    {
        "model": 1,
        "sequence": 1,
        "status": 1,
        "fuel": 6197,
        "fault": 0.2945,
        "weapon": 0,
        "pilot_injury": 0.1287,
        "pilot_skill": 0.0036,
        "mission_priority": 0.7438,
        "estimated_landing_time": 100.0,
        "wait_time": 0,
        "Landing_success_rate": 1.0
    },
    {
        "model": 1,
        "sequence": 30,
        "status": 1,
        "fuel": 5811,
        "fault": 0.1205,
        "weapon": 0,
        "pilot_injury": 0.4972,
        "pilot_skill": 0.3467,
        "mission_priority": 0.6918,
        "estimated_landing_time": 2826.0,
        "wait_time": 0,
        "Landing_success_rate": 1.0
    },
    {
        "model": 1,
        "sequence": 8,
        "status": 1,
        "fuel": 5981,
        "fault": 0.7957,
        "weapon": 1,
        "pilot_injury": 0.4041,
        "pilot_skill": 0.5204,
        "mission_priority": 0.8242,
        "estimated_landing_time": 758.0,
        "wait_time": 0,
        "Landing_success_rate": 1.0
    },
    {
        "model": 1,
        "sequence": 4,
        "status": 1,
        "fuel": 5577,
        "fault": 0.5869,
        "weapon": 0,
        "pilot_injury": 0.2178,
        "pilot_skill": 0.5962,
        "mission_priority": 0.6552,
        "estimated_landing_time": 382.0,
        "wait_time": 0,
        "Landing_success_rate": 1.0
    },
    {
        "model": 1,
        "sequence": 28,
        "status": 1,
        "fuel": 6571,
        "fault": 0.0122,
        "weapon": 1,
        "pilot_injury": 0.468,
        "pilot_skill": 0.3693,
        "mission_priority": 0.8522,
        "estimated_landing_time": 2638.0,
        "wait_time": 0,
        "Landing_success_rate": 1.0
    },
    {
        "model": 0,
        "sequence": 27,
        "status": 1,
        "fuel": 6328,
        "fault": 0.6116,
        "weapon": 1,
        "pilot_injury": 0.4436,
        "pilot_skill": 0.2472,
        "mission_priority": 0.3965,
        "estimated_landing_time": 2544.0,
        "wait_time": 0,
        "Landing_success_rate": 1.0
    },
    {
        "model": 1,
        "sequence": 13,
        "status": 1,
        "fuel": 6712,
        "fault": 0.681,
        "weapon": 1,
        "pilot_injury": 0.708,
        "pilot_skill": 0.2504,
        "mission_priority": 0.3034,
        "estimated_landing_time": 1228.0,
        "wait_time": 0,
        "Landing_success_rate": 1.0
    },
    {
        "model": 1,
        "sequence": 23,
        "status": 1,
        "fuel": 6306,
        "fault": 0.6176,
        "weapon": 0,
        "pilot_injury": 0.2261,
        "pilot_skill": 0.7184,
        "mission_priority": 0.6803,
        "estimated_landing_time": 2168.0,
        "wait_time": 0,
        "Landing_success_rate": 1.0
    },
    {
        "model": 1,
        "sequence": 21,
        "status": 1,
        "fuel": 6604,
        "fault": 0.7866,
        "weapon": 1,
        "pilot_injury": 0.0227,
        "pilot_skill": 0.5328,
        "mission_priority": 0.8392,
        "estimated_landing_time": 1980.0,
        "wait_time": 0,
        "Landing_success_rate": 1.0
    },
    {
        "model": 0,
        "sequence": 19,
        "status": 1,
        "fuel": 5753,
        "fault": 0.5311,
        "weapon": 0,
        "pilot_injury": 0.8821,
        "pilot_skill": 0.197,
        "mission_priority": 0.3594,
        "estimated_landing_time": 1792.0,
        "wait_time": 0,
        "Landing_success_rate": 1.0
    },
    {
        "model": 1,
        "sequence": 16,
        "status": 1,
        "fuel": 7249,
        "fault": 0.247,
        "weapon": 1,
        "pilot_injury": 0.9977,
        "pilot_skill": 0.4523,
        "mission_priority": 0.0517,
        "estimated_landing_time": 1510.0,
        "wait_time": 0,
        "Landing_success_rate": 1.0
    },
    {
        "model": 1,
        "sequence": 9,
        "status": 1,
        "fuel": 6934,
        "fault": 0.4034,
        "weapon": 0,
        "pilot_injury": 0.5501,
        "pilot_skill": 0.9841,
        "mission_priority": 0.6,
        "estimated_landing_time": 852.0,
        "wait_time": 0,
        "Landing_success_rate": 1.0
    },
    {
        "model": 2,
        "sequence": 3,
        "status": 1,
        "fuel": 7173,
        "fault": 0.3613,
        "weapon": 1,
        "pilot_injury": 0.1069,
        "pilot_skill": 0.602,
        "mission_priority": 0.8649,
        "estimated_landing_time": 288.0,
        "wait_time": 0,
        "Landing_success_rate": 1.0
    },
    {
        "model": 1,
        "sequence": 26,
        "status": 1,
        "fuel": 6240,
        "fault": 0.0779,
        "weapon": 0,
        "pilot_injury": 0.5782,
        "pilot_skill": 0.4688,
        "mission_priority": 0.1419,
        "estimated_landing_time": 2450.0,
        "wait_time": 0,
        "Landing_success_rate": 1.0
    },
    {
        "model": 2,
        "sequence": 7,
        "status": 1,
        "fuel": 6303,
        "fault": 0.5864,
        "weapon": 0,
        "pilot_injury": 0.3993,
        "pilot_skill": 0.5596,
        "mission_priority": 0.2412,
        "estimated_landing_time": 664.0,
        "wait_time": 0,
        "Landing_success_rate": 1.0
    },
    {
        "model": 2,
        "sequence": 11,
        "status": 1,
        "fuel": 6281,
        "fault": 0.2505,
        "weapon": 1,
        "pilot_injury": 0.2262,
        "pilot_skill": 0.749,
        "mission_priority": 0.521,
        "estimated_landing_time": 1040.0,
        "wait_time": 0,
        "Landing_success_rate": 1.0
    },
    {
        "model": 1,
        "sequence": 12,
        "status": 1,
        "fuel": 7423,
        "fault": 0.8747,
        "weapon": 1,
        "pilot_injury": 0.4945,
        "pilot_skill": 0.1955,
        "mission_priority": 0.7366,
        "estimated_landing_time": 1134.0,
        "wait_time": 0,
        "Landing_success_rate": 1.0
    },
    {
        "model": 1,
        "sequence": 2,
        "status": 1,
        "fuel": 6924,
        "fault": 0.1347,
        "weapon": 1,
        "pilot_injury": 0.1073,
        "pilot_skill": 0.6316,
        "mission_priority": 0.3736,
        "estimated_landing_time": 194.0,
        "wait_time": 0,
        "Landing_success_rate": 1.0
    },
    {
        "model": 1,
        "sequence": 10,
        "status": 1,
        "fuel": 6918,
        "fault": 0.9281,
        "weapon": 0,
        "pilot_injury": 0.4324,
        "pilot_skill": 0.678,
        "mission_priority": 0.6277,
        "estimated_landing_time": 946.0,
        "wait_time": 0,
        "Landing_success_rate": 1.0
    },
    {
        "model": 2,
        "sequence": 15,
        "status": 1,
        "fuel": 6311,
        "fault": 0.6221,
        "weapon": 1,
        "pilot_injury": 0.3232,
        "pilot_skill": 0.7989,
        "mission_priority": 0.6076,
        "estimated_landing_time": 1416.0,
        "wait_time": 0,
        "Landing_success_rate": 1.0
    },
    {
        "model": 0,
        "sequence": 5,
        "status": 1,
        "fuel": 5621,
        "fault": 0.3497,
        "weapon": 1,
        "pilot_injury": 0.7315,
        "pilot_skill": 0.5501,
        "mission_priority": 0.6684,
        "estimated_landing_time": 476.0,
        "wait_time": 0,
        "Landing_success_rate": 1.0
    },
    {
        "model": 0,
        "sequence": 14,
        "status": 1,
        "fuel": 6691,
        "fault": 0.3555,
        "weapon": 1,
        "pilot_injury": 0.3204,
        "pilot_skill": 0.6199,
        "mission_priority": 0.1147,
        "estimated_landing_time": 1322.0,
        "wait_time": 0,
        "Landing_success_rate": 1.0
    },
    {
        "model": 1,
        "sequence": 17,
        "status": 1,
        "fuel": 5705,
        "fault": 0.5013,
        "weapon": 0,
        "pilot_injury": 0.2742,
        "pilot_skill": 0.8803,
        "mission_priority": 0.6612,
        "estimated_landing_time": 1604.0,
        "wait_time": 0,
        "Landing_success_rate": 1.0
    },
    {
        "model": 1,
        "sequence": 29,
        "status": 1,
        "fuel": 5656,
        "fault": 0.6758,
        "weapon": 0,
        "pilot_injury": 0.034,
        "pilot_skill": 0.5761,
        "mission_priority": 0.3392,
        "estimated_landing_time": 2732.0,
        "wait_time": 0,
        "Landing_success_rate": 1.0
    },
    {
        "model": 2,
        "sequence": 24,
        "status": 1,
        "fuel": 5803,
        "fault": 0.5323,
        "weapon": 1,
        "pilot_injury": 0.7007,
        "pilot_skill": 0.0276,
        "mission_priority": 0.7693,
        "estimated_landing_time": 2262.0,
        "wait_time": 0,
        "Landing_success_rate": 1.0
    },
    {
        "model": 2,
        "sequence": 6,
        "status": 1,
        "fuel": 5875,
        "fault": 0.4904,
        "weapon": 1,
        "pilot_injury": 0.298,
        "pilot_skill": 0.4208,
        "mission_priority": 0.7104,
        "estimated_landing_time": 570.0,
        "wait_time": 0,
        "Landing_success_rate": 1.0
    },
    {
        "model": 0,
        "sequence": 25,
        "status": 1,
        "fuel": 7336,
        "fault": 0.9374,
        "weapon": 1,
        "pilot_injury": 0.6911,
        "pilot_skill": 0.258,
        "mission_priority": 0.832,
        "estimated_landing_time": 2356.0,
        "wait_time": 0,
        "Landing_success_rate": 1.0
    },
    {
        "model": 2,
        "sequence": 20,
        "status": 1,
        "fuel": 5817,
        "fault": 0.6482,
        "weapon": 0,
        "pilot_injury": 0.4772,
        "pilot_skill": 0.2291,
        "mission_priority": 0.4292,
        "estimated_landing_time": 1886.0,
        "wait_time": 0,
        "Landing_success_rate": 1.0
    }
]