[
    {
        "model": 1,
        "sequence": 3,
        "status": 1,
        "fuel": 6793,
        "fault": 0.9167,
        "weapon": 0,
        "pilot_injury": 0.7856,
        "pilot_skill": 0.7231,
        "mission_priority": 0.8304,
        "estimated_landing_time": 288.0,
        "wait_time": 0,
        "Landing_success_rate": 1.0
    },
    {
        "model": 0,
        "sequence": 9,
        "status": 1,
        "fuel": 7358,
        "fault": 0.0841,
        "weapon": 1,
        "pilot_injury": 0.3925,
        "pilot_skill": 0.219,
        "mission_priority": 0.4343,
        "estimated_landing_time": 852.0,
        "wait_time": 0,
        "Landing_success_rate": 1.0
    },
    {
        "model": 2,
        "sequence": 22,
        "status": 1,
        "fuel": 7317,
        "fault": 0.045,
        "weapon": 0,
        "pilot_injury": 0.0234,
        "pilot_skill": 0.1382,
        "mission_priority": 0.8574,
        "estimated_landing_time": 2074.0,
        "wait_time": 0,
        "Landing_success_rate": 1.0
    },
    {
        "model": 1,
        "sequence": 10,
        "status": 1,
        "fuel": 5759,
        "fault": 0.7323,
        "weapon": 0,
        "pilot_injury": 0.2763,
        "pilot_skill": 0.2361,
        "mission_priority": 0.0374,
        "estimated_landing_time": 946.0,
        "wait_time": 0,
        "Landing_success_rate": 1.0
    },
    {
        "model": 1,
        "sequence": 11,
        "status": 1,
        "fuel": 7021,
        "fault": 0.8607,
        "weapon": 0,
        "pilot_injury": 0.8359,
        "pilot_skill": 0.6819,
        "mission_priority": 0.1443,
        "estimated_landing_time": 1040.0,
        "wait_time": 0,
        "Landing_success_rate": 1.0
    },
    {
        "model": 0,
        "sequence": 13,
        "status": 1,
        "fuel": 6293,
        "fault": 0.1317,
        "weapon": 0,
        "pilot_injury": 0.7202,
        "pilot_skill": 0.2166,
        "mission_priority": 0.9052,
        "estimated_landing_time": 1228.0,
        "wait_time": 0,
        "Landing_success_rate": 1.0
    },
    {
        "model": 2,
        "sequence": 19,
        "status": 1,
        "fuel": 7387,
        "fault": 0.0064,
        "weapon": 1,
        "pilot_injury": 0.6548,
        "pilot_skill": 0.2118,
        "mission_priority": 0.9076,
        "estimated_landing_time": 1792.0,
        "wait_time": 0,
        "Landing_success_rate": 1.0
    },
    {
        "model": 2,
        "sequence": 16,
        "status": 1,
        "fuel": 6512,
        "fault": 0.7774,
        "weapon": 0,
        "pilot_injury": 0.1907,
        "pilot_skill": 0.4965,
        "mission_priority": 0.1491,
        "estimated_landing_time": 1510.0,
        "wait_time": 0,
        "Landing_success_rate": 1.0
    },
    {
        "model": 1,
        "sequence": 6,
        "status": 1,
        "fuel": 5781,
        "fault": 0.2062,
        "weapon": 0,
        "pilot_injury": 0.0211,
        "pilot_skill": 0.7657,
        "mission_priority": 0.1969,
        "estimated_landing_time": 570.0,
        "wait_time": 0,
        "Landing_success_rate": 1.0
    },
    {
        "model": 1,
        "sequence": 5,
        "status": 1,
        "fuel": 6597,
        "fault": 0.0121,
        "weapon": 1,
        "pilot_injury": 0.5321,
        "pilot_skill": 0.7767,
        "mission_priority": 0.2379,
        "estimated_landing_time": 476.0,
        "wait_time": 0,
        "Landing_success_rate": 1.0
    },
    {
        "model": 0,
        "sequence": 20,
        "status": 1,
        "fuel": 6158,
        "fault": 0.181,
        "weapon": 1,
        "pilot_injury": 0.6378,
        "pilot_skill": 0.3643,
        "mission_priority": 0.7851,
        "estimated_landing_time": 1886.0,
        "wait_time": 0,
        "Landing_success_rate": 1.0
    },
    {
        "model": 1,
        "sequence": 18,
        "status": 1,
        "fuel": 5563,
        "fault": 0.785,
        "weapon": 1,
        "pilot_injury": 0.8192,
        "pilot_skill": 0.2446,
        "mission_priority": 0.2325,
        "estimated_landing_time": 1698.0,
        "wait_time": 0,
        "Landing_success_rate": 1.0
    },
    {
        "model": 2,
        "sequence": 17,
        "status": 1,
        "fuel": 7291,
        "fault": 0.1858,
        "weapon": 0,
        "pilot_injury": 0.3374,
        "pilot_skill": 0.4063,
        "mission_priority": 0.4951,
        "estimated_landing_time": 1604.0,
        "wait_time": 0,
        "Landing_success_rate": 1.0
    },
    {
        "model": 0,
        "sequence": 14,
        "status": 1,
        "fuel": 7259,
        "fault": 0.033,
        "weapon": 0,
        "pilot_injury": 0.2851,
        "pilot_skill": 0.8516,
        "mission_priority": 0.445,
        "estimated_landing_time": 1322.0,
        "wait_time": 0,
        "Landing_success_rate": 1.0
    },
    {
        "model": 0,
        "sequence": 8,
        "status": 1,
        "fuel": 7064,
        "fault": 0.0749,
        "weapon": 1,
        "pilot_injury": 0.5446,
        "pilot_skill": 0.9608,
        "mission_priority": 0.6663,
        "estimated_landing_time": 758.0,
        "wait_time": 0,
        "Landing_success_rate": 1.0
    },
    {
        "model": 2,
        "sequence": 4,
        "status": 1,
        "fuel": 6034,
        "fault": 0.8387,
        "weapon": 0,
        "pilot_injury": 0.8002,
        "pilot_skill": 0.3513,
        "mission_priority": 0.4851,
        "estimated_landing_time": 382.0,
        "wait_time": 0,
        "Landing_success_rate": 1.0
    },
    {
        "model": 2,
        "sequence": 25,
        "status": 1,
        "fuel": 7341,
        "fault": 0.8306,
        "weapon": 1,
        "pilot_injury": 0.5157,
        "pilot_skill": 0.6223,
        "mission_priority": 0.8686,
        "estimated_landing_time": 2356.0,
        "wait_time": 0,
        "Landing_success_rate": 1.0
    },
    {
        "model": 1,
        "sequence": 2,
        "status": 1,
        "fuel": 5935,
        "fault": 0.3663,
        "weapon": 0,
        "pilot_injury": 0.8477,
        "pilot_skill": 0.4029,
        "mission_priority": 0.2267,
        "estimated_landing_time": 194.0,
        "wait_time": 0,
        "Landing_success_rate": 1.0
    },
    {
        "model": 2,
        "sequence": 15,
        "status": 1,
        "fuel": 7462,
        "fault": 0.2344,
        "weapon": 0,
        "pilot_injury": 0.9071,
        "pilot_skill": 0.5457,
        "mission_priority": 0.4526,
        "estimated_landing_time": 1416.0,
        "wait_time": 0,
        "Landing_success_rate": 1.0
    },
    {
        "model": 0,
        "sequence": 7,
        "status": 1,
        "fuel": 7104,
        "fault": 0.2977,
        "weapon": 0,
        "pilot_injury": 0.6554,
        "pilot_skill": 0.6154,
        "mission_priority": 0.3722,
        "estimated_landing_time": 664.0,
        "wait_time": 0,
        "Landing_success_rate": 1.0
    },
    {
        "model": 0,
        "sequence": 27,
        "status": 1,
        "fuel": 6361,
        "fault": 0.0062,
        "weapon": 1,
        "pilot_injury": 0.4282,
        "pilot_skill": 0.4812,
        "mission_priority": 0.8227,
        "estimated_landing_time": 2544.0,
        "wait_time": 0,
        "Landing_success_rate": 1.0
    },
    {
        "model": 2,
        "sequence": 24,
        "status": 1,
        "fuel": 5951,
        "fault": 0.1078,
        "weapon": 0,
        "pilot_injury": 0.4621,
        "pilot_skill": 0.238,
        "mission_priority": 0.0914,
        "estimated_landing_time": 2262.0,
        "wait_time": 0,
        "Landing_success_rate": 1.0
    },
    {
        "model": 1,
        "sequence": 1,
        "status": 1,
        "fuel": 6384,
        "fault": 0.1476,
        "weapon": 1,
        "pilot_injury": 0.0127,
        "pilot_skill": 0.2202,
        "mission_priority": 0.7875,
        "estimated_landing_time": 100.0,
        "wait_time": 0,
        "Landing_success_rate": 1.0
    },
    {
        "model": 0,
        "sequence": 21,
        "status": 1,
        "fuel": 7358,
        "fault": 0.5177,
        "weapon": 0,
        "pilot_injury": 0.9491,
        "pilot_skill": 0.6225,
        "mission_priority": 0.06,
        "estimated_landing_time": 1980.0,
        "wait_time": 0,
        "Landing_success_rate": 1.0
    },
    {
        "model": 1,
        "sequence": 28,
        "status": 1,
        "fuel": 5603,
        "fault": 0.7647,
        "weapon": 0,
        "pilot_injury": 0.5401,
        "pilot_skill": 0.0684,
        "mission_priority": 0.2243,
        "estimated_landing_time": 2638.0,
        "wait_time": 0,
        "Landing_success_rate": 1.0
    },
    {
        "model": 2,
        "sequence": 26,
        "status": 1,
        "fuel": 5942,
        "fault": 0.1968,
        "weapon": 1,
        "pilot_injury": 0.4403,
        "pilot_skill": 0.2502,
        "mission_priority": 0.1337,
        "estimated_landing_time": 2450.0,
        "wait_time": 0,
        "Landing_success_rate": 1.0
    },
    {
        "model": 1,
        "sequence": 30,
        "status": 1,
        "fuel": 7197,
        "fault": 0.8621,
        "weapon": 0,
        "pilot_injury": 0.0487,
        "pilot_skill": 0.991,
        "mission_priority": 0.2078,
        "estimated_landing_time": 2826.0,
        "wait_time": 0,
        "Landing_success_rate": 1.0
    },
    {
        "model": 0,
        "sequence": 23,
        "status": 1,
        "fuel": 6087,
        "fault": 0.3933,
        "weapon": 0,
        "pilot_injury": 0.5848,
        "pilot_skill": 0.4836,
        "mission_priority": 0.6667,
        "estimated_landing_time": 2168.0,
        "wait_time": 0,
        "Landing_success_rate": 1.0
    },
    {
        "model": 2,
        "sequence": 12,
        "status": 1,
        "fuel": 6568,
        "fault": 0.2804,
        "weapon": 1,
        "pilot_injury": 0.7378,
        "pilot_skill": 0.025,
        "mission_priority": 0.541,
        "estimated_landing_time": 1134.0,
        "wait_time": 0,
        "Landing_success_rate": 1.0
    },
    {
        "model": 0,
        "sequence": 29,
        "status": 1,
        "fuel": 6962,
        "fault": 0.3512,
        "weapon": 0,
        "pilot_injury": 0.7911,
        "pilot_skill": 0.1425,
        "mission_priority": 0.9358,
        "estimated_landing_time": 2732.0,
        "wait_time": 0,
        "Landing_success_rate": 1.0
    }
]