[
    {
        "model": 1,
        "sequence": 24,
        "status": 1,
        "fuel": 7040,
        "fault": 0.347,
        "weapon": 0,
        "pilot_injury": 0.9733,
        "pilot_skill": 0.7692,
        "mission_priority": 0.2117,
        "estimated_landing_time": 2262.0,
        "wait_time": 0,
        "Landing_success_rate": 1.0
    },
    {
        "model": 0,
        "sequence": 6,
        "status": 1,
        "fuel": 6596,
        "fault": 0.6119,
        "weapon": 0,
        "pilot_injury": 0.6299,
        "pilot_skill": 0.4572,
        "mission_priority": 0.0392,
        "estimated_landing_time": 570.0,
        "wait_time": 0,
        "Landing_success_rate": 1.0
    },
    {
        "model": 0,
        "sequence": 11,
        "status": 1,
        "fuel": 6304,
        "fault": 0.237,
        "weapon": 1,
        "pilot_injury": 0.9074,
        "pilot_skill": 0.1925,
        "mission_priority": 0.333,
        "estimated_landing_time": 1040.0,
        "wait_time": 0,
        "Landing_success_rate": 1.0
    },
    {
        "model": 1,
        "sequence": 29,
        "status": 1,
        "fuel": 6019,
        "fault": 0.307,
        "weapon": 1,
        "pilot_injury": 0.5833,
        "pilot_skill": 0.4855,
        "mission_priority": 0.1519,
        "estimated_landing_time": 2732.0,
        "wait_time": 0,
        "Landing_success_rate": 1.0
    },
    {
        "model": 2,
        "sequence": 9,
        "status": 1,
        "fuel": 7054,
        "fault": 0.7768,
        "weapon": 0,
        "pilot_injury": 0.5927,
        "pilot_skill": 0.3182,
        "mission_priority": 0.418,
        "estimated_landing_time": 852.0,
        "wait_time": 0,
        "Landing_success_rate": 1.0
    },
    {
        "model": 2,
        "sequence": 12,
        "status": 1,
        "fuel": 6005,
        "fault": 0.2128,
        "weapon": 1,
        "pilot_injury": 0.9887,
        "pilot_skill": 0.8335,
        "mission_priority": 0.6832,
        "estimated_landing_time": 1134.0,
        "wait_time": 0,
        "Landing_success_rate": 1.0
    },
    {
        "model": 1,
        "sequence": 28,
        "status": 1,
        "fuel": 6540,
        "fault": 0.9891,
        "weapon": 1,
        "pilot_injury": 0.4725,
        "pilot_skill": 0.567,
        "mission_priority": 0.8955,
        "estimated_landing_time": 2638.0,
        "wait_time": 0,
        "Landing_success_rate": 1.0
    },
    {
        "model": 0,
        "sequence": 20,
        "status": 1,
        "fuel": 6202,
        "fault": 0.9906,
        "weapon": 1,
        "pilot_injury": 0.7795,
        "pilot_skill": 0.0227,
        "mission_priority": 0.8475,
        "estimated_landing_time": 1886.0,
        "wait_time": 0,
        "Landing_success_rate": 1.0
    },
    {
        "model": 0,
        "sequence": 15,
        "status": 1,
        "fuel": 6543,
        "fault": 0.0209,
        "weapon": 1,
        "pilot_injury": 0.0236,
        "pilot_skill": 0.9724,
        "mission_priority": 0.6141,
        "estimated_landing_time": 1416.0,
        "wait_time": 0,
        "Landing_success_rate": 1.0
    },
    {
        "model": 1,
        "sequence": 17,
        "status": 1,
        "fuel": 5664,
        "fault": 0.6232,
        "weapon": 1,
        "pilot_injury": 0.3397,
        "pilot_skill": 0.2961,
        "mission_priority": 0.0699,
        "estimated_landing_time": 1604.0,
        "wait_time": 0,
        "Landing_success_rate": 1.0
    },
    {
        "model": 1,
        "sequence": 30,
        "status": 1,
        "fuel": 6120,
        "fault": 0.0918,
        "weapon": 0,
        "pilot_injury": 0.5675,
        "pilot_skill": 0.6249,
        "mission_priority": 0.4421,
        "estimated_landing_time": 2826.0,
        "wait_time": 0,
        "Landing_success_rate": 1.0
    },
    {
        "model": 2,
        "sequence": 10,
        "status": 1,
        "fuel": 7447,
        "fault": 0.8969,
        "weapon": 1,
        "pilot_injury": 0.8787,
        "pilot_skill": 0.458,
        "mission_priority": 0.3427,
        "estimated_landing_time": 946.0,
        "wait_time": 0,
        "Landing_success_rate": 1.0
    },
    {
        "model": 0,
        "sequence": 18,
        "status": 1,
        "fuel": 7011,
        "fault": 0.6564,
        "weapon": 0,
        "pilot_injury": 0.0906,
        "pilot_skill": 0.2365,
        "mission_priority": 0.4944,
        "estimated_landing_time": 1698.0,
        "wait_time": 0,
        "Landing_success_rate": 1.0
    },
    {
        "model": 0,
        "sequence": 22,
        "status": 1,
        "fuel": 7431,
        "fault": 0.2859,
        "weapon": 0,
        "pilot_injury": 0.4457,
        "pilot_skill": 0.2903,
        "mission_priority": 0.3475,
        "estimated_landing_time": 2074.0,
        "wait_time": 0,
        "Landing_success_rate": 1.0
    },
    {
        "model": 1,
        "sequence": 13,
        "status": 1,
        "fuel": 6071,
        "fault": 0.1296,
        "weapon": 0,
        "pilot_injury": 0.8729,
        "pilot_skill": 0.9486,
        "mission_priority": 0.9221,
        "estimated_landing_time": 1228.0,
        "wait_time": 0,
        "Landing_success_rate": 1.0
    },
    {
        "model": 0,
        "sequence": 7,
        "status": 1,
        "fuel": 6997,
        "fault": 0.4234,
        "weapon": 1,
        "pilot_injury": 0.5351,
        "pilot_skill": 0.8522,
        "mission_priority": 0.559,
        "estimated_landing_time": 664.0,
        "wait_time": 0,
        "Landing_success_rate": 1.0
    },
    {
        "model": 1,
        "sequence": 14,
        "status": 1,
        "fuel": 7107,
        "fault": 0.975,
        "weapon": 0,
        "pilot_injury": 0.0443,
        "pilot_skill": 0.8341,
        "mission_priority": 0.566,
        "estimated_landing_time": 1322.0,
        "wait_time": 0,
        "Landing_success_rate": 1.0
    },
    {
        "model": 0,
        "sequence": 26,
        "status": 1,
        "fuel": 5618,
        "fault": 0.1597,
        "weapon": 0,
        "pilot_injury": 0.5581,
        "pilot_skill": 0.5306,
        "mission_priority": 0.6196,
        "estimated_landing_time": 2450.0,
        "wait_time": 0,
        "Landing_success_rate": 1.0
    },
    {
        "model": 2,
        "sequence": 27,
        "status": 1,
        "fuel": 6825,
        "fault": 0.9428,
        "weapon": 0,
        "pilot_injury": 0.5469,
        "pilot_skill": 0.8934,
        "mission_priority": 0.3584,
        "estimated_landing_time": 2544.0,
        "wait_time": 0,
        "Landing_success_rate": 1.0
    },
    {
        "model": 0,
        "sequence": 8,
        "status": 1,
        "fuel": 7415,
        "fault": 0.9948,
        "weapon": 1,
        "pilot_injury": 0.4408,
        "pilot_skill": 0.3614,
        "mission_priority": 0.1124,
        "estimated_landing_time": 758.0,
        "wait_time": 0,
        "Landing_success_rate": 1.0
    },
    {
        "model": 1,
        "sequence": 19,
        "status": 1,
        "fuel": 7290,
        "fault": 0.1411,
        "weapon": 0,
        "pilot_injury": 0.1383,
        "pilot_skill": 0.1822,
        "mission_priority": 0.6885,
        "estimated_landing_time": 1792.0,
        "wait_time": 0,
        "Landing_success_rate": 1.0
    },
    {
        "model": 1,
        "sequence": 16,
        "status": 1,
        "fuel": 6186,
        "fault": 0.957,
        "weapon": 1,
        "pilot_injury": 0.7585,
        "pilot_skill": 0.3927,
        "mission_priority": 0.5933,
        "estimated_landing_time": 1510.0,
        "wait_time": 0,
        "Landing_success_rate": 1.0
    },
    {
        "model": 0,
        "sequence": 1,
        "status": 1,
        "fuel": 5977,
        "fault": 0.7099,
        "weapon": 1,
        "pilot_injury": 0.2712,
        "pilot_skill": 0.0719,
        "mission_priority": 0.7581,
        "estimated_landing_time": 100.0,
        "wait_time": 0,
        "Landing_success_rate": 1.0
    },
    {
        "model": 2,
        "sequence": 23,
        "status": 1,
        "fuel": 7208,
        "fault": 0.9506,
        "weapon": 0,
        "pilot_injury": 0.844,
        "pilot_skill": 0.7759,
        "mission_priority": 0.3368,
        "estimated_landing_time": 2168.0,
        "wait_time": 0,
        "Landing_success_rate": 1.0
    },
    {
        "model": 2,
        "sequence": 4,
        "status": 1,
        "fuel": 7126,
        "fault": 0.1654,
        "weapon": 1,
        "pilot_injury": 0.5,
        "pilot_skill": 0.6125,
        "mission_priority": 0.071,
        "estimated_landing_time": 382.0,
        "wait_time": 0,
        "Landing_success_rate": 1.0
    },
    {
        "model": 2,
        "sequence": 3,
        "status": 1,
        "fuel": 6173,
        "fault": 0.3502,
        "weapon": 0,
        "pilot_injury": 0.8735,
        "pilot_skill": 0.3537,
        "mission_priority": 0.2422,
        "estimated_landing_time": 288.0,
        "wait_time": 0,
        "Landing_success_rate": 1.0
    },
    {
        "model": 1,
        "sequence": 2,
        "status": 1,
        "fuel": 6304,
        "fault": 0.0753,
        "weapon": 1,
        "pilot_injury": 0.5619,
        "pilot_skill": 0.1382,
        "mission_priority": 0.3479,
        "estimated_landing_time": 194.0,
        "wait_time": 0,
        "Landing_success_rate": 1.0
    },
    {
        "model": 1,
        "sequence": 25,
        "status": 1,
        "fuel": 6406,
        "fault": 0.2466,
        "weapon": 1,
        "pilot_injury": 0.8829,
        "pilot_skill": 0.0457,
        "mission_priority": 0.5254,
        "estimated_landing_time": 2356.0,
        "wait_time": 0,
        "Landing_success_rate": 1.0
    },
    {
        "model": 2,
        "sequence": 21,
        "status": 1,
        "fuel": 5832,
        "fault": 0.173,
        "weapon": 0,
        "pilot_injury": 0.5027,
        "pilot_skill": 0.7104,
        "mission_priority": 0.4837,
        "estimated_landing_time": 1980.0,
        "wait_time": 0,
        "Landing_success_rate": 1.0
    },
    {
        "model": 0,
        "sequence": 5,
        "status": 1,
        "fuel": 6108,
        "fault": 0.9693,
        "weapon": 1,
        "pilot_injury": 0.0718,
        "pilot_skill": 0.9533,
        "mission_priority": 0.1468,
        "estimated_landing_time": 476.0,
        "wait_time": 0,
        "Landing_success_rate": 1.0
    }
]