[
    {
        "model": 0,
        "sequence": 9,
        "status": 1,
        "fuel": 6741,
        "fault": 0.6275,
        "weapon": 1,
        "pilot_injury": 0.085,
        "pilot_skill": 0.4166,
        "mission_priority": 0.1734,
        "estimated_landing_time": 852.0,
        "wait_time": 0,
        "Landing_success_rate": 1.0
    },
    {
        "model": 0,
        "sequence": 28,
        "status": 1,
        "fuel": 5529,
        "fault": 0.241,
        "weapon": 0,
        "pilot_injury": 0.9581,
        "pilot_skill": 0.2712,
        "mission_priority": 0.0981,
        "estimated_landing_time": 2638.0,
        "wait_time": 0,
        "Landing_success_rate": 1.0
    },
    {
        "model": 0,
        "sequence": 1,
        "status": 1,
        "fuel": 5942,
        "fault": 0.674,
        "weapon": 0,
        "pilot_injury": 0.3558,
        "pilot_skill": 0.8854,
        "mission_priority": 0.6535,
        "estimated_landing_time": 100.0,
        "wait_time": 0,
        "Landing_success_rate": 1.0
    },
    {
        "model": 2,
        "sequence": 4,
        "status": 1,
        "fuel": 7076,
        "fault": 0.6333,
        "weapon": 1,
        "pilot_injury": 0.2925,
        "pilot_skill": 0.5795,
        "mission_priority": 0.5014,
        "estimated_landing_time": 382.0,
        "wait_time": 0,
        "Landing_success_rate": 1.0
    },
    {
        "model": 1,
        "sequence": 10,
        "status": 1,
        "fuel": 7092,
        "fault": 0.0351,
        "weapon": 1,
        "pilot_injury": 0.818,
        "pilot_skill": 0.6877,
        "mission_priority": 0.9933,
        "estimated_landing_time": 946.0,
        "wait_time": 0,
        "Landing_success_rate": 1.0
    },
    {
        "model": 1,
        "sequence": 12,
        "status": 1,
        "fuel": 5950,
        "fault": 0.3284,
        "weapon": 1,
        "pilot_injury": 0.4608,
        "pilot_skill": 0.535,
        "mission_priority": 0.2091,
        "estimated_landing_time": 1134.0,
        "wait_time": 0,
        "Landing_success_rate": 1.0
    },
    {
        "model": 0,
        "sequence": 18,
        "status": 1,
        "fuel": 6188,
        "fault": 0.2313,
        "weapon": 0,
        "pilot_injury": 0.9812,
        "pilot_skill": 0.5476,
        "mission_priority": 0.2723,
        "estimated_landing_time": 1698.0,
        "wait_time": 0,
        "Landing_success_rate": 1.0
    },
    {
        "model": 2,
        "sequence": 8,
        "status": 1,
        "fuel": 6170,
        "fault": 0.7721,
        "weapon": 0,
        "pilot_injury": 0.1798,
        "pilot_skill": 0.2983,
        "mission_priority": 0.0042,
        "estimated_landing_time": 758.0,
        "wait_time": 0,
        "Landing_success_rate": 1.0
    },
    {
        "model": 1,
        "sequence": 25,
        "status": 1,
        "fuel": 6793,
        "fault": 0.1778,
        "weapon": 0,
        "pilot_injury": 0.1639,
        "pilot_skill": 0.3393,
        "mission_priority": 0.9392,
        "estimated_landing_time": 2356.0,
        "wait_time": 0,
        "Landing_success_rate": 1.0
    },
    {
        "model": 0,
        "sequence": 20,
        "status": 1,
        "fuel": 5913,
        "fault": 0.9625,
        "weapon": 0,
        "pilot_injury": 0.8383,
        "pilot_skill": 0.9207,
        "mission_priority": 0.0415,
        "estimated_landing_time": 1886.0,
        "wait_time": 0,
        "Landing_success_rate": 1.0
    },
    {
        "model": 0,
        "sequence": 19,
        "status": 1,
        "fuel": 6130,
        "fault": 0.3295,
        "weapon": 0,
        "pilot_injury": 0.6401,
        "pilot_skill": 0.6081,
        "mission_priority": 0.2461,
        "estimated_landing_time": 1792.0,
        "wait_time": 0,
        "Landing_success_rate": 1.0
    },
    {
        "model": 1,
        "sequence": 23,
        "status": 1,
        "fuel": 5871,
        "fault": 0.5082,
        "weapon": 1,
        "pilot_injury": 0.2506,
        "pilot_skill": 0.9651,
        "mission_priority": 0.9655,
        "estimated_landing_time": 2168.0,
        "wait_time": 0,
        "Landing_success_rate": 1.0
    },
    {
        "model": 1,
        "sequence": 5,
        "status": 1,
        "fuel": 7308,
        "fault": 0.4425,
        "weapon": 1,
        "pilot_injury": 0.2282,
        "pilot_skill": 0.7174,
        "mission_priority": 0.7671,
        "estimated_landing_time": 476.0,
        "wait_time": 0,
        "Landing_success_rate": 1.0
    },
    {
        "model": 1,
        "sequence": 30,
        "status": 1,
        "fuel": 6194,
        "fault": 0.3745,
        "weapon": 1,
        "pilot_injury": 0.8968,
        "pilot_skill": 0.2163,
        "mission_priority": 0.1156,
        "estimated_landing_time": 2826.0,
        "wait_time": 0,
        "Landing_success_rate": 1.0
    },
    {
        "model": 2,
        "sequence": 26,
        "status": 1,
        "fuel": 5925,
        "fault": 0.6871,
        "weapon": 1,
        "pilot_injury": 0.8858,
        "pilot_skill": 0.4511,
        "mission_priority": 0.4135,
        "estimated_landing_time": 2450.0,
        "wait_time": 0,
        "Landing_success_rate": 1.0
    },
    {
        "model": 0,
        "sequence": 6,
        "status": 1,
        "fuel": 7031,
        "fault": 0.4689,
        "weapon": 0,
        "pilot_injury": 0.057,
        "pilot_skill": 0.5049,
        "mission_priority": 0.089,
        "estimated_landing_time": 570.0,
        "wait_time": 0,
        "Landing_success_rate": 1.0
    },
    {
        "model": 1,
        "sequence": 2,
        "status": 1,
        "fuel": 6232,
        "fault": 0.8283,
        "weapon": 0,
        "pilot_injury": 0.7536,
        "pilot_skill": 0.2289,
        "mission_priority": 0.494,
        "estimated_landing_time": 194.0,
        "wait_time": 0,
        "Landing_success_rate": 1.0
    },
    {
        "model": 2,
        "sequence": 22,
        "status": 1,
        "fuel": 7176,
        "fault": 0.3615,
        "weapon": 0,
        "pilot_injury": 0.5682,
        "pilot_skill": 0.2799,
        "mission_priority": 0.9171,
        "estimated_landing_time": 2074.0,
        "wait_time": 0,
        "Landing_success_rate": 1.0
    },
    {
        "model": 2,
        "sequence": 21,
        "status": 1,
        "fuel": 7085,
        "fault": 0.6465,
        "weapon": 0,
        "pilot_injury": 0.7591,
        "pilot_skill": 0.1153,
        "mission_priority": 0.5746,
        "estimated_landing_time": 1980.0,
        "wait_time": 0,
        "Landing_success_rate": 1.0
    },
    {
        "model": 1,
        "sequence": 14,
        "status": 1,
        "fuel": 6982,
        "fault": 0.6966,
        "weapon": 1,
        "pilot_injury": 0.8758,
        "pilot_skill": 0.5954,
        "mission_priority": 0.176,
        "estimated_landing_time": 1322.0,
        "wait_time": 0,
        "Landing_success_rate": 1.0
    },
    {
        "model": 1,
        "sequence": 11,
        "status": 1,
        "fuel": 6736,
        "fault": 0.373,
        "weapon": 0,
        "pilot_injury": 0.6116,
        "pilot_skill": 0.7179,
        "mission_priority": 0.4163,
        "estimated_landing_time": 1040.0,
        "wait_time": 0,
        "Landing_success_rate": 1.0
    },
    {
        "model": 1,
        "sequence": 24,
        "status": 1,
        "fuel": 7175,
        "fault": 0.8618,
        "weapon": 1,
        "pilot_injury": 0.4136,
        "pilot_skill": 0.3669,
        "mission_priority": 0.8311,
        "estimated_landing_time": 2262.0,
        "wait_time": 0,
        "Landing_success_rate": 1.0
    },
    {
        "model": 1,
        "sequence": 29,
        "status": 1,
        "fuel": 5740,
        "fault": 0.4286,
        "weapon": 0,
        "pilot_injury": 0.0616,
        "pilot_skill": 0.7169,
        "mission_priority": 0.2154,
        "estimated_landing_time": 2732.0,
        "wait_time": 0,
        "Landing_success_rate": 1.0
    },
    {
        "model": 2,
        "sequence": 7,
        "status": 1,
        "fuel": 7401,
        "fault": 0.8643,
        "weapon": 0,
        "pilot_injury": 0.9836,
        "pilot_skill": 0.4101,
        "mission_priority": 0.3272,
        "estimated_landing_time": 664.0,
        "wait_time": 0,
        "Landing_success_rate": 1.0
    },
    {
        "model": 1,
        "sequence": 15,
        "status": 1,
        "fuel": 5600,
        "fault": 0.2736,
        "weapon": 1,
        "pilot_injury": 0.2613,
        "pilot_skill": 0.7688,
        "mission_priority": 0.2823,
        "estimated_landing_time": 1416.0,
        "wait_time": 0,
        "Landing_success_rate": 1.0
    },
    {
        "model": 0,
        "sequence": 3,
        "status": 1,
        "fuel": 6928,
        "fault": 0.3662,
        "weapon": 1,
        "pilot_injury": 0.9061,
        "pilot_skill": 0.2106,
        "mission_priority": 0.1539,
        "estimated_landing_time": 288.0,
        "wait_time": 0,
        "Landing_success_rate": 1.0
    },
    {
        "model": 0,
        "sequence": 16,
        "status": 1,
        "fuel": 6489,
        "fault": 0.5798,
        "weapon": 0,
        "pilot_injury": 0.3674,
        "pilot_skill": 0.2561,
        "mission_priority": 0.3377,
        "estimated_landing_time": 1510.0,
        "wait_time": 0,
        "Landing_success_rate": 1.0
    },
    {
        "model": 1,
        "sequence": 27,
        "status": 1,
        "fuel": 5605,
        "fault": 0.9469,
        "weapon": 1,
        "pilot_injury": 0.1333,
        "pilot_skill": 0.5087,
        "mission_priority": 0.3117,
        "estimated_landing_time": 2544.0,
        "wait_time": 0,
        "Landing_success_rate": 1.0
    },
    {
        "model": 1,
        "sequence": 13,
        "status": 1,
        "fuel": 7288,
        "fault": 0.4218,
        "weapon": 1,
        "pilot_injury": 0.8041,
        "pilot_skill": 0.7387,
        "mission_priority": 0.2714,
        "estimated_landing_time": 1228.0,
        "wait_time": 0,
        "Landing_success_rate": 1.0
    },
    {
        "model": 2,
        "sequence": 17,
        "status": 1,
        "fuel": 7263,
        "fault": 0.8164,
        "weapon": 0,
        "pilot_injury": 0.5271,
        "pilot_skill": 0.5956,
        "mission_priority": 0.9937,
        "estimated_landing_time": 1604.0,
        "wait_time": 0,
        "Landing_success_rate": 1.0
    }
]