[
    {
        "model": 0,
        "sequence": 13,
        "status": 1,
        "fuel": 6036,
        "fault": 0.4612,
        "weapon": 0,
        "pilot_injury": 0.1899,
        "pilot_skill": 0.8547,
        "mission_priority": 0.8964,
        "estimated_landing_time": 1228.0,
        "wait_time": 0,
        "Landing_success_rate": 1.0
    },
    {
        "model": 2,
        "sequence": 29,
        "status": 1,
        "fuel": 6437,
        "fault": 0.6667,
        "weapon": 0,
        "pilot_injury": 0.4006,
        "pilot_skill": 0.1866,
        "mission_priority": 0.0592,
        "estimated_landing_time": 2732.0,
        "wait_time": 0,
        "Landing_success_rate": 1.0
    },
    {
        "model": 0,
        "sequence": 30,
        "status": 1,
        "fuel": 5784,
        "fault": 0.5515,
        "weapon": 0,
        "pilot_injury": 0.4941,
        "pilot_skill": 0.214,
        "mission_priority": 0.5524,
        "estimated_landing_time": 2826.0,
        "wait_time": 0,
        "Landing_success_rate": 1.0
    },
    {
        "model": 0,
        "sequence": 25,
        "status": 1,
        "fuel": 7293,
        "fault": 0.7413,
        "weapon": 1,
        "pilot_injury": 0.0908,
        "pilot_skill": 0.9228,
        "mission_priority": 0.7642,
        "estimated_landing_time": 2356.0,
        "wait_time": 0,
        "Landing_success_rate": 1.0
    },
    {
        "model": 0,
        "sequence": 23,
        "status": 1,
        "fuel": 5626,
        "fault": 0.5039,
        "weapon": 1,
        "pilot_injury": 0.2277,
        "pilot_skill": 0.1036,
        "mission_priority": 0.3614,
        "estimated_landing_time": 2168.0,
        "wait_time": 0,
        "Landing_success_rate": 1.0
    },
    {
        "model": 2,
        "sequence": 18,
        "status": 1,
        "fuel": 5559,
        "fault": 0.1954,
        "weapon": 0,
        "pilot_injury": 0.1481,
        "pilot_skill": 0.8168,
        "mission_priority": 0.4429,
        "estimated_landing_time": 1698.0,
        "wait_time": 0,
        "Landing_success_rate": 1.0
    },
    {
        "model": 2,
        "sequence": 10,
        "status": 1,
        "fuel": 6215,
        "fault": 0.9237,
        "weapon": 0,
        "pilot_injury": 0.0515,
        "pilot_skill": 0.6081,
        "mission_priority": 0.4272,
        "estimated_landing_time": 946.0,
        "wait_time": 0,
        "Landing_success_rate": 1.0
    },
    {
        "model": 2,
        "sequence": 3,
        "status": 1,
        "fuel": 6712,
        "fault": 0.0776,
        "weapon": 1,
        "pilot_injury": 0.2226,
        "pilot_skill": 0.0256,
        "mission_priority": 0.2862,
        "estimated_landing_time": 288.0,
        "wait_time": 0,
        "Landing_success_rate": 1.0
    },
    {
        "model": 1,
        "sequence": 22,
        "status": 1,
        "fuel": 5651,
        "fault": 0.4096,
        "weapon": 1,
        "pilot_injury": 0.208,
        "pilot_skill": 0.097,
        "mission_priority": 0.8276,
        "estimated_landing_time": 2074.0,
        "wait_time": 0,
        "Landing_success_rate": 1.0
    },
    {
        "model": 2,
        "sequence": 27,
        "status": 1,
        "fuel": 6741,
        "fault": 0.5934,
        "weapon": 0,
        "pilot_injury": 0.0019,
        "pilot_skill": 0.7717,
        "mission_priority": 0.4633,
        "estimated_landing_time": 2544.0,
        "wait_time": 0,
        "Landing_success_rate": 1.0
    },
    {
        "model": 0,
        "sequence": 9,
        "status": 1,
        "fuel": 7025,
        "fault": 0.3652,
        "weapon": 1,
        "pilot_injury": 0.1638,
        "pilot_skill": 0.2577,
        "mission_priority": 0.8882,
        "estimated_landing_time": 852.0,
        "wait_time": 0,
        "Landing_success_rate": 1.0
    },
    {
        "model": 0,
        "sequence": 1,
        "status": 1,
        "fuel": 6912,
        "fault": 0.78,
        "weapon": 1,
        "pilot_injury": 0.8015,
        "pilot_skill": 0.3023,
        "mission_priority": 0.3496,
        "estimated_landing_time": 100.0,
        "wait_time": 0,
        "Landing_success_rate": 1.0
    },
    {
        "model": 1,
        "sequence": 14,
        "status": 1,
        "fuel": 6826,
        "fault": 0.6947,
        "weapon": 1,
        "pilot_injury": 0.0165,
        "pilot_skill": 0.9892,
        "mission_priority": 0.2387,
        "estimated_landing_time": 1322.0,
        "wait_time": 0,
        "Landing_success_rate": 1.0
    },
    {
        "model": 1,
        "sequence": 7,
        "status": 1,
        "fuel": 6171,
        "fault": 0.9901,
        "weapon": 0,
        "pilot_injury": 0.158,
        "pilot_skill": 0.502,
        "mission_priority": 0.9397,
        "estimated_landing_time": 664.0,
        "wait_time": 0,
        "Landing_success_rate": 1.0
    },
    {
        "model": 0,
        "sequence": 6,
        "status": 1,
        "fuel": 6155,
        "fault": 0.4618,
        "weapon": 1,
        "pilot_injury": 0.3615,
        "pilot_skill": 0.8131,
        "mission_priority": 0.4734,
        "estimated_landing_time": 570.0,
        "wait_time": 0,
        "Landing_success_rate": 1.0
    },
    {
        "model": 0,
        "sequence": 26,
        "status": 1,
        "fuel": 6812,
        "fault": 0.1707,
        "weapon": 1,
        "pilot_injury": 0.6089,
        "pilot_skill": 0.8682,
        "mission_priority": 0.5246,
        "estimated_landing_time": 2450.0,
        "wait_time": 0,
        "Landing_success_rate": 1.0
    },
    {
        "model": 2,
        "sequence": 28,
        "status": 1,
        "fuel": 6091,
        "fault": 0.7146,
        "weapon": 1,
        "pilot_injury": 0.6557,
        "pilot_skill": 0.1487,
        "mission_priority": 0.74,
        "estimated_landing_time": 2638.0,
        "wait_time": 0,
        "Landing_success_rate": 1.0
    },
    {
        "model": 1,
        "sequence": 11,
        "status": 1,
        "fuel": 6732,
        "fault": 0.9975,
        "weapon": 0,
        "pilot_injury": 0.2771,
        "pilot_skill": 0.9423,
        "mission_priority": 0.2972,
        "estimated_landing_time": 1040.0,
        "wait_time": 0,
        "Landing_success_rate": 1.0
    },
    {
        "model": 2,
        "sequence": 15,
        "status": 1,
        "fuel": 6664,
        "fault": 0.7002,
        "weapon": 0,
        "pilot_injury": 0.4888,
        "pilot_skill": 0.5731,
        "mission_priority": 0.9067,
        "estimated_landing_time": 1416.0,
        "wait_time": 0,
        "Landing_success_rate": 1.0
    },
    {
        "model": 2,
        "sequence": 24,
        "status": 1,
        "fuel": 6006,
        "fault": 0.015,
        "weapon": 1,
        "pilot_injury": 0.6319,
        "pilot_skill": 0.7964,
        "mission_priority": 0.5364,
        "estimated_landing_time": 2262.0,
        "wait_time": 0,
        "Landing_success_rate": 1.0
    },
    {
        "model": 2,
        "sequence": 2,
        "status": 1,
        "fuel": 7270,
        "fault": 0.0435,
        "weapon": 0,
        "pilot_injury": 0.3136,
        "pilot_skill": 0.6628,
        "mission_priority": 0.0656,
        "estimated_landing_time": 194.0,
        "wait_time": 0,
        "Landing_success_rate": 1.0
    },
    {
        "model": 2,
        "sequence": 8,
        "status": 1,
        "fuel": 7412,
        "fault": 0.3636,
        "weapon": 1,
        "pilot_injury": 0.3951,
        "pilot_skill": 0.4256,
        "mission_priority": 0.4518,
        "estimated_landing_time": 758.0,
        "wait_time": 0,
        "Landing_success_rate": 1.0
    },
    {
        "model": 2,
        "sequence": 17,
        "status": 1,
        "fuel": 5777,
        "fault": 0.0016,
        "weapon": 1,
        "pilot_injury": 0.2682,
        "pilot_skill": 0.6411,
        "mission_priority": 0.9436,
        "estimated_landing_time": 1604.0,
        "wait_time": 0,
        "Landing_success_rate": 1.0
    },
    {
        "model": 0,
        "sequence": 16,
        "status": 1,
        "fuel": 6964,
        "fault": 0.3946,
        "weapon": 0,
        "pilot_injury": 0.9684,
        "pilot_skill": 0.8839,
        "mission_priority": 0.9722,
        "estimated_landing_time": 1510.0,
        "wait_time": 0,
        "Landing_success_rate": 1.0
    },
    {
        "model": 2,
        "sequence": 19,
        "status": 1,
        "fuel": 5524,
        "fault": 0.6785,
        "weapon": 0,
        "pilot_injury": 0.4915,
        "pilot_skill": 0.3454,
        "mission_priority": 0.9997,
        "estimated_landing_time": 1792.0,
        "wait_time": 0,
        "Landing_success_rate": 1.0
    },
    {
        "model": 1,
        "sequence": 21,
        "status": 1,
        "fuel": 6288,
        "fault": 0.2052,
        "weapon": 1,
        "pilot_injury": 0.4309,
        "pilot_skill": 0.0224,
        "mission_priority": 0.803,
        "estimated_landing_time": 1980.0,
        "wait_time": 0,
        "Landing_success_rate": 1.0
    },
    {
        "model": 1,
        "sequence": 12,
        "status": 1,
        "fuel": 7358,
        "fault": 0.5407,
        "weapon": 0,
        "pilot_injury": 0.0448,
        "pilot_skill": 0.9741,
        "mission_priority": 0.671,
        "estimated_landing_time": 1134.0,
        "wait_time": 0,
        "Landing_success_rate": 1.0
    },
    {
        "model": 2,
        "sequence": 5,
        "status": 1,
        "fuel": 6098,
        "fault": 0.3999,
        "weapon": 1,
        "pilot_injury": 0.594,
        "pilot_skill": 0.9765,
        "mission_priority": 0.524,
        "estimated_landing_time": 476.0,
        "wait_time": 0,
        "Landing_success_rate": 1.0
    },
    {
        "model": 1,
        "sequence": 4,
        "status": 1,
        "fuel": 6109,
        "fault": 0.7587,
        "weapon": 0,
        "pilot_injury": 0.984,
        "pilot_skill": 0.7845,
        "mission_priority": 0.7179,
        "estimated_landing_time": 382.0,
        "wait_time": 0,
        "Landing_success_rate": 1.0
    },
    {
        "model": 1,
        "sequence": 20,
        "status": 1,
        "fuel": 7332,
        "fault": 0.4467,
        "weapon": 0,
        "pilot_injury": 0.9252,
        "pilot_skill": 0.3681,
        "mission_priority": 0.3346,
        "estimated_landing_time": 1886.0,
        "wait_time": 0,
        "Landing_success_rate": 1.0
    }
]