[
    {
        "model": 2,
        "sequence": 25,
        "status": 1,
        "fuel": 5778,
        "fault": 0.3973,
        "weapon": 0,
        "pilot_injury": 0.4241,
        "pilot_skill": 0.9969,
        "mission_priority": 0.9034,
        "estimated_landing_time": 2356.0,
        "wait_time": 0,
        "Landing_success_rate": 1.0
    },
    {
        "model": 1,
        "sequence": 7,
        "status": 1,
        "fuel": 7494,
        "fault": 0.8359,
        "weapon": 1,
        "pilot_injury": 0.6008,
        "pilot_skill": 0.0251,
        "mission_priority": 0.4447,
        "estimated_landing_time": 664.0,
        "wait_time": 0,
        "Landing_success_rate": 1.0
    },
    {
        "model": 0,
        "sequence": 21,
        "status": 1,
        "fuel": 7430,
        "fault": 0.6696,
        "weapon": 0,
        "pilot_injury": 0.0127,
        "pilot_skill": 0.8731,
        "mission_priority": 0.9408,
        "estimated_landing_time": 1980.0,
        "wait_time": 0,
        "Landing_success_rate": 1.0
    },
    {
        "model": 0,
        "sequence": 22,
        "status": 1,
        "fuel": 6572,
        "fault": 0.2723,
        "weapon": 0,
        "pilot_injury": 0.5489,
        "pilot_skill": 0.9543,
        "mission_priority": 0.7981,
        "estimated_landing_time": 2074.0,
        "wait_time": 0,
        "Landing_success_rate": 1.0
    },
    {
        "model": 2,
        "sequence": 19,
        "status": 1,
        "fuel": 7156,
        "fault": 0.379,
        "weapon": 0,
        "pilot_injury": 0.1603,
        "pilot_skill": 0.376,
        "mission_priority": 0.8429,
        "estimated_landing_time": 1792.0,
        "wait_time": 0,
        "Landing_success_rate": 1.0
    },
    {
        "model": 2,
        "sequence": 15,
        "status": 1,
        "fuel": 5815,
        "fault": 0.2556,
        "weapon": 0,
        "pilot_injury": 0.7452,
        "pilot_skill": 0.4393,
        "mission_priority": 0.3387,
        "estimated_landing_time": 1416.0,
        "wait_time": 0,
        "Landing_success_rate": 1.0
    },
    {
        "model": 1,
        "sequence": 5,
        "status": 1,
        "fuel": 5638,
        "fault": 0.0707,
        "weapon": 0,
        "pilot_injury": 0.4236,
        "pilot_skill": 0.8431,
        "mission_priority": 0.5319,
        "estimated_landing_time": 476.0,
        "wait_time": 0,
        "Landing_success_rate": 1.0
    },
    {
        "model": 1,
        "sequence": 8,
        "status": 1,
        "fuel": 6672,
        "fault": 0.1765,
        "weapon": 0,
        "pilot_injury": 0.1569,
        "pilot_skill": 0.9901,
        "mission_priority": 0.0257,
        "estimated_landing_time": 758.0,
        "wait_time": 0,
        "Landing_success_rate": 1.0
    },
    {
        "model": 2,
        "sequence": 6,
        "status": 1,
        "fuel": 6187,
        "fault": 0.8853,
        "weapon": 1,
        "pilot_injury": 0.5206,
        "pilot_skill": 0.3139,
        "mission_priority": 0.9927,
        "estimated_landing_time": 570.0,
        "wait_time": 0,
        "Landing_success_rate": 1.0
    },
    {
        "model": 1,
        "sequence": 12,
        "status": 1,
        "fuel": 7259,
        "fault": 0.8658,
        "weapon": 1,
        "pilot_injury": 0.848,
        "pilot_skill": 0.1502,
        "mission_priority": 0.4636,
        "estimated_landing_time": 1134.0,
        "wait_time": 0,
        "Landing_success_rate": 1.0
    },
    {
        "model": 1,
        "sequence": 17,
        "status": 1,
        "fuel": 6150,
        "fault": 0.6867,
        "weapon": 0,
        "pilot_injury": 0.3831,
        "pilot_skill": 0.1381,
        "mission_priority": 0.5669,
        "estimated_landing_time": 1604.0,
        "wait_time": 0,
        "Landing_success_rate": 1.0
    },
    {
        "model": 2,
        "sequence": 16,
        "status": 1,
        "fuel": 7309,
        "fault": 0.8276,
        "weapon": 1,
        "pilot_injury": 0.6022,
        "pilot_skill": 0.3093,
        "mission_priority": 0.6063,
        "estimated_landing_time": 1510.0,
        "wait_time": 0,
        "Landing_success_rate": 1.0
    },
    {
        "model": 1,
        "sequence": 18,
        "status": 1,
        "fuel": 5973,
        "fault": 0.8319,
        "weapon": 1,
        "pilot_injury": 0.2421,
        "pilot_skill": 0.481,
        "mission_priority": 0.3762,
        "estimated_landing_time": 1698.0,
        "wait_time": 0,
        "Landing_success_rate": 1.0
    },
    {
        "model": 0,
        "sequence": 27,
        "status": 1,
        "fuel": 6009,
        "fault": 0.1757,
        "weapon": 1,
        "pilot_injury": 0.3362,
        "pilot_skill": 0.8265,
        "mission_priority": 0.4003,
        "estimated_landing_time": 2544.0,
        "wait_time": 0,
        "Landing_success_rate": 1.0
    },
    {
        "model": 0,
        "sequence": 13,
        "status": 1,
        "fuel": 5810,
        "fault": 0.4073,
        "weapon": 0,
        "pilot_injury": 0.366,
        "pilot_skill": 0.2517,
        "mission_priority": 0.6854,
        "estimated_landing_time": 1228.0,
        "wait_time": 0,
        "Landing_success_rate": 1.0
    },
    {
        "model": 1,
        "sequence": 26,
        "status": 1,
        "fuel": 6016,
        "fault": 0.7265,
        "weapon": 0,
        "pilot_injury": 0.1163,
        "pilot_skill": 0.0287,
        "mission_priority": 0.221,
        "estimated_landing_time": 2450.0,
        "wait_time": 0,
        "Landing_success_rate": 1.0
    },
    {
        "model": 0,
        "sequence": 1,
        "status": 1,
        "fuel": 6582,
        "fault": 0.833,
        "weapon": 0,
        "pilot_injury": 0.1701,
        "pilot_skill": 0.5847,
        "mission_priority": 0.1442,
        "estimated_landing_time": 100.0,
        "wait_time": 0,
        "Landing_success_rate": 1.0
    },
    {
        "model": 1,
        "sequence": 10,
        "status": 1,
        "fuel": 5961,
        "fault": 0.637,
        "weapon": 1,
        "pilot_injury": 0.5578,
        "pilot_skill": 0.5218,
        "mission_priority": 0.0428,
        "estimated_landing_time": 946.0,
        "wait_time": 0,
        "Landing_success_rate": 1.0
    },
    {
        "model": 0,
        "sequence": 3,
        "status": 1,
        "fuel": 5531,
        "fault": 0.7764,
        "weapon": 0,
        "pilot_injury": 0.6231,
        "pilot_skill": 0.5298,
        "mission_priority": 0.722,
        "estimated_landing_time": 288.0,
        "wait_time": 0,
        "Landing_success_rate": 1.0
    },
    {
        "model": 1,
        "sequence": 28,
        "status": 1,
        "fuel": 7336,
        "fault": 0.8594,
        "weapon": 1,
        "pilot_injury": 0.9435,
        "pilot_skill": 0.7267,
        "mission_priority": 0.9118,
        "estimated_landing_time": 2638.0,
        "wait_time": 0,
        "Landing_success_rate": 1.0
    },
    {
        "model": 2,
        "sequence": 29,
        "status": 1,
        "fuel": 5707,
        "fault": 0.262,
        "weapon": 1,
        "pilot_injury": 0.1823,
        "pilot_skill": 0.5591,
        "mission_priority": 0.3916,
        "estimated_landing_time": 2732.0,
        "wait_time": 0,
        "Landing_success_rate": 1.0
    },
    {
        "model": 1,
        "sequence": 20,
        "status": 1,
        "fuel": 6747,
        "fault": 0.2237,
        "weapon": 0,
        "pilot_injury": 0.1445,
        "pilot_skill": 0.7382,
        "mission_priority": 0.7085,
        "estimated_landing_time": 1886.0,
        "wait_time": 0,
        "Landing_success_rate": 1.0
    },
    {
        "model": 2,
        "sequence": 11,
        "status": 1,
        "fuel": 6630,
        "fault": 0.6088,
        "weapon": 0,
        "pilot_injury": 0.8227,
        "pilot_skill": 0.1599,
        "mission_priority": 0.4346,
        "estimated_landing_time": 1040.0,
        "wait_time": 0,
        "Landing_success_rate": 1.0
    },
    {
        "model": 1,
        "sequence": 24,
        "status": 1,
        "fuel": 6118,
        "fault": 0.37,
        "weapon": 1,
        "pilot_injury": 0.6496,
        "pilot_skill": 0.1177,
        "mission_priority": 0.1013,
        "estimated_landing_time": 2262.0,
        "wait_time": 0,
        "Landing_success_rate": 1.0
    },
    {
        "model": 1,
        "sequence": 2,
        "status": 1,
        "fuel": 6088,
        "fault": 0.3206,
        "weapon": 1,
        "pilot_injury": 0.2429,
        "pilot_skill": 0.1595,
        "mission_priority": 0.085,
        "estimated_landing_time": 194.0,
        "wait_time": 0,
        "Landing_success_rate": 1.0
    },
    {
        "model": 2,
        "sequence": 30,
        "status": 1,
        "fuel": 6697,
        "fault": 0.392,
        "weapon": 1,
        "pilot_injury": 0.8578,
        "pilot_skill": 0.5954,
        "mission_priority": 0.3542,
        "estimated_landing_time": 2826.0,
        "wait_time": 0,
        "Landing_success_rate": 1.0
    },
    {
        "model": 0,
        "sequence": 23,
        "status": 1,
        "fuel": 7425,
        "fault": 0.1912,
        "weapon": 1,
        "pilot_injury": 0.713,
        "pilot_skill": 0.6448,
        "mission_priority": 0.9619,
        "estimated_landing_time": 2168.0,
        "wait_time": 0,
        "Landing_success_rate": 1.0
    },
    {
        "model": 2,
        "sequence": 4,
        "status": 1,
        "fuel": 6105,
        "fault": 0.7506,
        "weapon": 1,
        "pilot_injury": 0.767,
        "pilot_skill": 0.6925,
        "mission_priority": 0.7757,
        "estimated_landing_time": 382.0,
        "wait_time": 0,
        "Landing_success_rate": 1.0
    },
    {
        "model": 0,
        "sequence": 14,
        "status": 1,
        "fuel": 6602,
        "fault": 0.4642,
        "weapon": 0,
        "pilot_injury": 0.364,
        "pilot_skill": 0.8157,
        "mission_priority": 0.0386,
        "estimated_landing_time": 1322.0,
        "wait_time": 0,
        "Landing_success_rate": 1.0
    },
    {
        "model": 1,
        "sequence": 9,
        "status": 1,
        "fuel": 6908,
        "fault": 0.6653,
        "weapon": 0,
        "pilot_injury": 0.885,
        "pilot_skill": 0.8043,
        "mission_priority": 0.0215,
        "estimated_landing_time": 852.0,
        "wait_time": 0,
        "Landing_success_rate": 1.0
    }
]