[
    {
        "model": 2,
        "sequence": 3,
        "status": 1,
        "fuel": 7448,
        "fault": 0.9833,
        "weapon": 1,
        "pilot_injury": 0.6581,
        "pilot_skill": 0.8411,
        "mission_priority": 0.7154,
        "estimated_landing_time": 288.0,
        "wait_time": 0,
        "Landing_success_rate": 1.0
    },
    {
        "model": 0,
        "sequence": 26,
        "status": 1,
        "fuel": 7392,
        "fault": 0.6709,
        "weapon": 0,
        "pilot_injury": 0.2229,
        "pilot_skill": 0.7822,
        "mission_priority": 0.386,
        "estimated_landing_time": 2450.0,
        "wait_time": 0,
        "Landing_success_rate": 1.0
    },
    {
        "model": 0,
        "sequence": 12,
        "status": 1,
        "fuel": 7479,
        "fault": 0.6588,
        "weapon": 0,
        "pilot_injury": 0.6575,
        "pilot_skill": 0.023,
        "mission_priority": 0.7051,
        "estimated_landing_time": 1134.0,
        "wait_time": 0,
        "Landing_success_rate": 1.0
    },
    {
        "model": 1,
        "sequence": 7,
        "status": 1,
        "fuel": 6405,
        "fault": 0.156,
        "weapon": 0,
        "pilot_injury": 0.5629,
        "pilot_skill": 0.3373,
        "mission_priority": 0.4506,
        "estimated_landing_time": 664.0,
        "wait_time": 0,
        "Landing_success_rate": 1.0
    },
    {
        "model": 0,
        "sequence": 19,
        "status": 1,
        "fuel": 5919,
        "fault": 0.3139,
        "weapon": 0,
        "pilot_injury": 0.2049,
        "pilot_skill": 0.4643,
        "mission_priority": 0.786,
        "estimated_landing_time": 1792.0,
        "wait_time": 0,
        "Landing_success_rate": 1.0
    },
    {
        "model": 2,
        "sequence": 8,
        "status": 1,
        "fuel": 7168,
        "fault": 0.8621,
        "weapon": 1,
        "pilot_injury": 0.0178,
        "pilot_skill": 0.1037,
        "mission_priority": 0.2746,
        "estimated_landing_time": 758.0,
        "wait_time": 0,
        "Landing_success_rate": 1.0
    },
    {
        "model": 0,
        "sequence": 25,
        "status": 1,
        "fuel": 7494,
        "fault": 0.244,
        "weapon": 0,
        "pilot_injury": 0.2001,
        "pilot_skill": 0.2697,
        "mission_priority": 0.6991,
        "estimated_landing_time": 2356.0,
        "wait_time": 0,
        "Landing_success_rate": 1.0
    },
    {
        "model": 0,
        "sequence": 14,
        "status": 1,
        "fuel": 7172,
        "fault": 0.8921,
        "weapon": 0,
        "pilot_injury": 0.4725,
        "pilot_skill": 0.2954,
        "mission_priority": 0.528,
        "estimated_landing_time": 1322.0,
        "wait_time": 0,
        "Landing_success_rate": 1.0
    },
    {
        "model": 2,
        "sequence": 27,
        "status": 1,
        "fuel": 5698,
        "fault": 0.2113,
        "weapon": 1,
        "pilot_injury": 0.7089,
        "pilot_skill": 0.8193,
        "mission_priority": 0.6216,
        "estimated_landing_time": 2544.0,
        "wait_time": 0,
        "Landing_success_rate": 1.0
    },
    {
        "model": 0,
        "sequence": 1,
        "status": 1,
        "fuel": 5557,
        "fault": 0.6368,
        "weapon": 1,
        "pilot_injury": 0.7466,
        "pilot_skill": 0.3574,
        "mission_priority": 0.1699,
        "estimated_landing_time": 100.0,
        "wait_time": 0,
        "Landing_success_rate": 1.0
    },
    {
        "model": 2,
        "sequence": 16,
        "status": 1,
        "fuel": 6955,
        "fault": 0.7706,
        "weapon": 0,
        "pilot_injury": 0.9819,
        "pilot_skill": 0.45,
        "mission_priority": 0.5397,
        "estimated_landing_time": 1510.0,
        "wait_time": 0,
        "Landing_success_rate": 1.0
    },
    {
        "model": 2,
        "sequence": 10,
        "status": 1,
        "fuel": 6045,
        "fault": 0.6162,
        "weapon": 0,
        "pilot_injury": 0.7652,
        "pilot_skill": 0.0412,
        "mission_priority": 0.8466,
        "estimated_landing_time": 946.0,
        "wait_time": 0,
        "Landing_success_rate": 1.0
    },
    {
        "model": 1,
        "sequence": 15,
        "status": 1,
        "fuel": 5853,
        "fault": 0.7085,
        "weapon": 1,
        "pilot_injury": 0.2062,
        "pilot_skill": 0.0103,
        "mission_priority": 0.9522,
        "estimated_landing_time": 1416.0,
        "wait_time": 0,
        "Landing_success_rate": 1.0
    },
    {
        "model": 0,
        "sequence": 5,
        "status": 1,
        "fuel": 7063,
        "fault": 0.2844,
        "weapon": 1,
        "pilot_injury": 0.4736,
        "pilot_skill": 0.3176,
        "mission_priority": 0.1561,
        "estimated_landing_time": 476.0,
        "wait_time": 0,
        "Landing_success_rate": 1.0
    },
    {
        "model": 2,
        "sequence": 4,
        "status": 1,
        "fuel": 6305,
        "fault": 0.3561,
        "weapon": 0,
        "pilot_injury": 0.7922,
        "pilot_skill": 0.7259,
        "mission_priority": 0.7559,
        "estimated_landing_time": 382.0,
        "wait_time": 0,
        "Landing_success_rate": 1.0
    },
    {
        "model": 0,
        "sequence": 9,
        "status": 1,
        "fuel": 6379,
        "fault": 0.1279,
        "weapon": 0,
        "pilot_injury": 0.804,
        "pilot_skill": 0.0941,
        "mission_priority": 0.3565,
        "estimated_landing_time": 852.0,
        "wait_time": 0,
        "Landing_success_rate": 1.0
    },
    {
        "model": 1,
        "sequence": 24,
        "status": 1,
        "fuel": 5890,
        "fault": 0.0438,
        "weapon": 1,
        "pilot_injury": 0.8605,
        "pilot_skill": 0.3757,
        "mission_priority": 0.1308,
        "estimated_landing_time": 2262.0,
        "wait_time": 0,
        "Landing_success_rate": 1.0
    },
    {
        "model": 1,
        "sequence": 11,
        "status": 1,
        "fuel": 6307,
        "fault": 0.5929,
        "weapon": 0,
        "pilot_injury": 0.498,
        "pilot_skill": 0.902,
        "mission_priority": 0.9535,
        "estimated_landing_time": 1040.0,
        "wait_time": 0,
        "Landing_success_rate": 1.0
    },
    {
        "model": 1,
        "sequence": 30,
        "status": 1,
        "fuel": 5992,
        "fault": 0.9202,
        "weapon": 1,
        "pilot_injury": 0.2843,
        "pilot_skill": 0.2388,
        "mission_priority": 0.0687,
        "estimated_landing_time": 2826.0,
        "wait_time": 0,
        "Landing_success_rate": 1.0
    },
    {
        "model": 2,
        "sequence": 6,
        "status": 1,
        "fuel": 5670,
        "fault": 0.8681,
        "weapon": 0,
        "pilot_injury": 0.3908,
        "pilot_skill": 0.9587,
        "mission_priority": 0.5633,
        "estimated_landing_time": 570.0,
        "wait_time": 0,
        "Landing_success_rate": 1.0
    },
    {
        "model": 1,
        "sequence": 18,
        "status": 1,
        "fuel": 6048,
        "fault": 0.9603,
        "weapon": 0,
        "pilot_injury": 0.4221,
        "pilot_skill": 0.2919,
        "mission_priority": 0.1811,
        "estimated_landing_time": 1698.0,
        "wait_time": 0,
        "Landing_success_rate": 1.0
    },
    {
        "model": 0,
        "sequence": 23,
        "status": 1,
        "fuel": 5557,
        "fault": 0.5448,
        "weapon": 0,
        "pilot_injury": 0.8216,
        "pilot_skill": 0.4734,
        "mission_priority": 0.8294,
        "estimated_landing_time": 2168.0,
        "wait_time": 0,
        "Landing_success_rate": 1.0
    },
    {
        "model": 0,
        "sequence": 2,
        "status": 1,
        "fuel": 7092,
        "fault": 0.4446,
        "weapon": 0,
        "pilot_injury": 0.1197,
        "pilot_skill": 0.4613,
        "mission_priority": 0.8567,
        "estimated_landing_time": 194.0,
        "wait_time": 0,
        "Landing_success_rate": 1.0
    },
    {
        "model": 2,
        "sequence": 28,
        "status": 1,
        "fuel": 5531,
        "fault": 0.9317,
        "weapon": 0,
        "pilot_injury": 0.7759,
        "pilot_skill": 0.1598,
        "mission_priority": 0.3295,
        "estimated_landing_time": 2638.0,
        "wait_time": 0,
        "Landing_success_rate": 1.0
    },
    {
        "model": 0,
        "sequence": 13,
        "status": 1,
        "fuel": 6497,
        "fault": 0.735,
        "weapon": 0,
        "pilot_injury": 0.4228,
        "pilot_skill": 0.1374,
        "mission_priority": 0.2357,
        "estimated_landing_time": 1228.0,
        "wait_time": 0,
        "Landing_success_rate": 1.0
    },
    {
        "model": 2,
        "sequence": 21,
        "status": 1,
        "fuel": 6976,
        "fault": 0.7686,
        "weapon": 1,
        "pilot_injury": 0.9119,
        "pilot_skill": 0.3856,
        "mission_priority": 0.85,
        "estimated_landing_time": 1980.0,
        "wait_time": 0,
        "Landing_success_rate": 1.0
    },
    {
        "model": 1,
        "sequence": 20,
        "status": 1,
        "fuel": 6023,
        "fault": 0.9136,
        "weapon": 1,
        "pilot_injury": 0.7622,
        "pilot_skill": 0.3021,
        "mission_priority": 0.2363,
        "estimated_landing_time": 1886.0,
        "wait_time": 0,
        "Landing_success_rate": 1.0
    },
    {
        "model": 2,
        "sequence": 17,
        "status": 1,
        "fuel": 6783,
        "fault": 0.9827,
        "weapon": 1,
        "pilot_injury": 0.3658,
        "pilot_skill": 0.5544,
        "mission_priority": 0.7759,
        "estimated_landing_time": 1604.0,
        "wait_time": 0,
        "Landing_success_rate": 1.0
    },
    {
        "model": 2,
        "sequence": 22,
        "status": 1,
        "fuel": 6363,
        "fault": 0.1137,
        "weapon": 0,
        "pilot_injury": 0.0251,
        "pilot_skill": 0.1641,
        "mission_priority": 0.1194,
        "estimated_landing_time": 2074.0,
        "wait_time": 0,
        "Landing_success_rate": 1.0
    },
    {
        "model": 0,
        "sequence": 29,
        "status": 1,
        "fuel": 6489,
        "fault": 0.6242,
        "weapon": 0,
        "pilot_injury": 0.0456,
        "pilot_skill": 0.4494,
        "mission_priority": 0.5786,
        "estimated_landing_time": 2732.0,
        "wait_time": 0,
        "Landing_success_rate": 1.0
    }
]