[
    {
        "model": 0,
        "sequence": 7,
        "status": 1,
        "fuel": 6991,
        "fault": 0.1694,
        "weapon": 0,
        "pilot_injury": 0.239,
        "pilot_skill": 0.0025,
        "mission_priority": 0.4376,
        "estimated_landing_time": 664.0,
        "wait_time": 0,
        "Landing_success_rate": 1.0
    },
    {
        "model": 2,
        "sequence": 25,
        "status": 1,
        "fuel": 7027,
        "fault": 0.0327,
        "weapon": 1,
        "pilot_injury": 0.5305,
        "pilot_skill": 0.1402,
        "mission_priority": 0.8369,
        "estimated_landing_time": 2356.0,
        "wait_time": 0,
        "Landing_success_rate": 1.0
    },
    {
        "model": 1,
        "sequence": 24,
        "status": 1,
        "fuel": 6753,
        "fault": 0.7156,
        "weapon": 1,
        "pilot_injury": 0.7398,
        "pilot_skill": 0.8486,
        "mission_priority": 0.0931,
        "estimated_landing_time": 2262.0,
        "wait_time": 0,
        "Landing_success_rate": 1.0
    },
    {
        "model": 2,
        "sequence": 17,
        "status": 1,
        "fuel": 6083,
        "fault": 0.6652,
        "weapon": 0,
        "pilot_injury": 0.5902,
        "pilot_skill": 0.0833,
        "mission_priority": 0.375,
        "estimated_landing_time": 1604.0,
        "wait_time": 0,
        "Landing_success_rate": 1.0
    },
    {
        "model": 0,
        "sequence": 14,
        "status": 1,
        "fuel": 6616,
        "fault": 0.7285,
        "weapon": 1,
        "pilot_injury": 0.3112,
        "pilot_skill": 0.2274,
        "mission_priority": 0.5828,
        "estimated_landing_time": 1322.0,
        "wait_time": 0,
        "Landing_success_rate": 1.0
    },
    {
        "model": 1,
        "sequence": 13,
        "status": 1,
        "fuel": 5952,
        "fault": 0.1283,
        "weapon": 1,
        "pilot_injury": 0.1668,
        "pilot_skill": 0.2077,
        "mission_priority": 0.2148,
        "estimated_landing_time": 1228.0,
        "wait_time": 0,
        "Landing_success_rate": 1.0
    },
    {
        "model": 2,
        "sequence": 27,
        "status": 1,
        "fuel": 6780,
        "fault": 0.9281,
        "weapon": 1,
        "pilot_injury": 0.8623,
        "pilot_skill": 0.7356,
        "mission_priority": 0.4989,
        "estimated_landing_time": 2544.0,
        "wait_time": 0,
        "Landing_success_rate": 1.0
    },
    {
        "model": 2,
        "sequence": 26,
        "status": 1,
        "fuel": 6223,
        "fault": 0.5128,
        "weapon": 0,
        "pilot_injury": 0.0795,
        "pilot_skill": 0.681,
        "mission_priority": 0.113,
        "estimated_landing_time": 2450.0,
        "wait_time": 0,
        "Landing_success_rate": 1.0
    },
    {
        "model": 2,
        "sequence": 21,
        "status": 1,
        "fuel": 5645,
        "fault": 0.1691,
        "weapon": 0,
        "pilot_injury": 0.2381,
        "pilot_skill": 0.0785,
        "mission_priority": 0.3395,
        "estimated_landing_time": 1980.0,
        "wait_time": 0,
        "Landing_success_rate": 1.0
    },
    {
        "model": 2,
        "sequence": 19,
        "status": 1,
        "fuel": 6291,
        "fault": 0.0085,
        "weapon": 0,
        "pilot_injury": 0.0297,
        "pilot_skill": 0.1309,
        "mission_priority": 0.4107,
        "estimated_landing_time": 1792.0,
        "wait_time": 0,
        "Landing_success_rate": 1.0
    },
    {
        "model": 2,
        "sequence": 10,
        "status": 1,
        "fuel": 6580,
        "fault": 0.9559,
        "weapon": 0,
        "pilot_injury": 0.1927,
        "pilot_skill": 0.1557,
        "mission_priority": 0.2438,
        "estimated_landing_time": 946.0,
        "wait_time": 0,
        "Landing_success_rate": 1.0
    },
    {
        "model": 0,
        "sequence": 3,
        "status": 1,
        "fuel": 6732,
        "fault": 0.5158,
        "weapon": 1,
        "pilot_injury": 0.1241,
        "pilot_skill": 0.532,
        "mission_priority": 0.5808,
        "estimated_landing_time": 288.0,
        "wait_time": 0,
        "Landing_success_rate": 1.0
    },
    {
        "model": 2,
        "sequence": 15,
        "status": 1,
        "fuel": 6081,
        "fault": 0.816,
        "weapon": 1,
        "pilot_injury": 0.8252,
        "pilot_skill": 0.6416,
        "mission_priority": 0.9246,
        "estimated_landing_time": 1416.0,
        "wait_time": 0,
        "Landing_success_rate": 1.0
    },
    {
        "model": 1,
        "sequence": 4,
        "status": 1,
        "fuel": 6278,
        "fault": 0.1948,
        "weapon": 0,
        "pilot_injury": 0.2097,
        "pilot_skill": 0.0105,
        "mission_priority": 0.0904,
        "estimated_landing_time": 382.0,
        "wait_time": 0,
        "Landing_success_rate": 1.0
    },
    {
        "model": 2,
        "sequence": 1,
        "status": 1,
        "fuel": 7265,
        "fault": 0.018,
        "weapon": 0,
        "pilot_injury": 0.742,
        "pilot_skill": 0.3861,
        "mission_priority": 0.3245,
        "estimated_landing_time": 100.0,
        "wait_time": 0,
        "Landing_success_rate": 1.0
    },
    {
        "model": 2,
        "sequence": 20,
        "status": 1,
        "fuel": 6994,
        "fault": 0.0915,
        "weapon": 1,
        "pilot_injury": 0.6129,
        "pilot_skill": 0.8779,
        "mission_priority": 0.5028,
        "estimated_landing_time": 1886.0,
        "wait_time": 0,
        "Landing_success_rate": 1.0
    },
    {
        "model": 0,
        "sequence": 9,
        "status": 1,
        "fuel": 6231,
        "fault": 0.5085,
        "weapon": 1,
        "pilot_injury": 0.271,
        "pilot_skill": 0.1392,
        "mission_priority": 0.7706,
        "estimated_landing_time": 852.0,
        "wait_time": 0,
        "Landing_success_rate": 1.0
    },
    {
        "model": 0,
        "sequence": 18,
        "status": 1,
        "fuel": 6460,
        "fault": 0.9553,
        "weapon": 0,
        "pilot_injury": 0.6668,
        "pilot_skill": 0.2396,
        "mission_priority": 0.9691,
        "estimated_landing_time": 1698.0,
        "wait_time": 0,
        "Landing_success_rate": 1.0
    },
    {
        "model": 1,
        "sequence": 16,
        "status": 1,
        "fuel": 7156,
        "fault": 0.6459,
        "weapon": 1,
        "pilot_injury": 0.3431,
        "pilot_skill": 0.0568,
        "mission_priority": 0.3364,
        "estimated_landing_time": 1510.0,
        "wait_time": 0,
        "Landing_success_rate": 1.0
    },
    {
        "model": 0,
        "sequence": 23,
        "status": 1,
        "fuel": 7091,
        "fault": 0.8985,
        "weapon": 0,
        "pilot_injury": 0.1206,
        "pilot_skill": 0.6681,
        "mission_priority": 0.2324,
        "estimated_landing_time": 2168.0,
        "wait_time": 0,
        "Landing_success_rate": 1.0
    },
    {
        "model": 1,
        "sequence": 12,
        "status": 1,
        "fuel": 6549,
        "fault": 0.3429,
        "weapon": 0,
        "pilot_injury": 0.9015,
        "pilot_skill": 0.7972,
        "mission_priority": 0.1514,
        "estimated_landing_time": 1134.0,
        "wait_time": 0,
        "Landing_success_rate": 1.0
    },
    {
        "model": 2,
        "sequence": 29,
        "status": 1,
        "fuel": 6539,
        "fault": 0.6538,
        "weapon": 1,
        "pilot_injury": 0.8621,
        "pilot_skill": 0.641,
        "mission_priority": 0.1407,
        "estimated_landing_time": 2732.0,
        "wait_time": 0,
        "Landing_success_rate": 1.0
    },
    {
        "model": 0,
        "sequence": 6,
        "status": 1,
        "fuel": 6146,
        "fault": 0.299,
        "weapon": 0,
        "pilot_injury": 0.9119,
        "pilot_skill": 0.8915,
        "mission_priority": 0.3592,
        "estimated_landing_time": 570.0,
        "wait_time": 0,
        "Landing_success_rate": 1.0
    },
    {
        "model": 2,
        "sequence": 28,
        "status": 1,
        "fuel": 5909,
        "fault": 0.3409,
        "weapon": 0,
        "pilot_injury": 0.4643,
        "pilot_skill": 0.3509,
        "mission_priority": 0.6782,
        "estimated_landing_time": 2638.0,
        "wait_time": 0,
        "Landing_success_rate": 1.0
    },
    {
        "model": 2,
        "sequence": 11,
        "status": 1,
        "fuel": 6177,
        "fault": 0.3525,
        "weapon": 0,
        "pilot_injury": 0.7628,
        "pilot_skill": 0.3793,
        "mission_priority": 0.5844,
        "estimated_landing_time": 1040.0,
        "wait_time": 0,
        "Landing_success_rate": 1.0
    },
    {
        "model": 0,
        "sequence": 5,
        "status": 1,
        "fuel": 6720,
        "fault": 0.6983,
        "weapon": 0,
        "pilot_injury": 0.1612,
        "pilot_skill": 0.6567,
        "mission_priority": 0.8112,
        "estimated_landing_time": 476.0,
        "wait_time": 0,
        "Landing_success_rate": 1.0
    },
    {
        "model": 0,
        "sequence": 8,
        "status": 1,
        "fuel": 5578,
        "fault": 0.7472,
        "weapon": 0,
        "pilot_injury": 0.3365,
        "pilot_skill": 0.5976,
        "mission_priority": 0.4677,
        "estimated_landing_time": 758.0,
        "wait_time": 0,
        "Landing_success_rate": 1.0
    },
    {
        "model": 0,
        "sequence": 30,
        "status": 1,
        "fuel": 5868,
        "fault": 0.3771,
        "weapon": 0,
        "pilot_injury": 0.1423,
        "pilot_skill": 0.6748,
        "mission_priority": 0.3442,
        "estimated_landing_time": 2826.0,
        "wait_time": 0,
        "Landing_success_rate": 1.0
    },
    {
        "model": 2,
        "sequence": 22,
        "status": 1,
        "fuel": 6067,
        "fault": 0.9067,
        "weapon": 1,
        "pilot_injury": 0.1543,
        "pilot_skill": 0.7776,
        "mission_priority": 0.0383,
        "estimated_landing_time": 2074.0,
        "wait_time": 0,
        "Landing_success_rate": 1.0
    },
    {
        "model": 0,
        "sequence": 2,
        "status": 1,
        "fuel": 7475,
        "fault": 0.5467,
        "weapon": 0,
        "pilot_injury": 0.7944,
        "pilot_skill": 0.0672,
        "mission_priority": 0.327,
        "estimated_landing_time": 194.0,
        "wait_time": 0,
        "Landing_success_rate": 1.0
    }
]