[
    {
        "model": 2,
        "sequence": 23,
        "status": 1,
        "fuel": 6571,
        "fault": 0.035,
        "weapon": 1,
        "pilot_injury": 0.9746,
        "pilot_skill": 0.5611,
        "mission_priority": 0.8743,
        "estimated_landing_time": 2168.0,
        "wait_time": 0,
        "Landing_success_rate": 1.0
    },
    {
        "model": 0,
        "sequence": 12,
        "status": 1,
        "fuel": 6939,
        "fault": 0.9022,
        "weapon": 0,
        "pilot_injury": 0.0529,
        "pilot_skill": 0.1435,
        "mission_priority": 0.504,
        "estimated_landing_time": 1134.0,
        "wait_time": 0,
        "Landing_success_rate": 1.0
    },
    {
        "model": 0,
        "sequence": 5,
        "status": 1,
        "fuel": 6862,
        "fault": 0.4477,
        "weapon": 0,
        "pilot_injury": 0.2015,
        "pilot_skill": 0.701,
        "mission_priority": 0.8942,
        "estimated_landing_time": 476.0,
        "wait_time": 0,
        "Landing_success_rate": 1.0
    },
    {
        "model": 0,
        "sequence": 28,
        "status": 1,
        "fuel": 6685,
        "fault": 0.9252,
        "weapon": 0,
        "pilot_injury": 0.1532,
        "pilot_skill": 0.7841,
        "mission_priority": 0.8915,
        "estimated_landing_time": 2638.0,
        "wait_time": 0,
        "Landing_success_rate": 1.0
    },
    {
        "model": 2,
        "sequence": 7,
        "status": 1,
        "fuel": 6158,
        "fault": 0.5481,
        "weapon": 0,
        "pilot_injury": 0.6569,
        "pilot_skill": 0.6567,
        "mission_priority": 0.5797,
        "estimated_landing_time": 664.0,
        "wait_time": 0,
        "Landing_success_rate": 1.0
    },
    {
        "model": 1,
        "sequence": 8,
        "status": 1,
        "fuel": 7190,
        "fault": 0.3838,
        "weapon": 1,
        "pilot_injury": 0.3558,
        "pilot_skill": 0.8026,
        "mission_priority": 0.81,
        "estimated_landing_time": 758.0,
        "wait_time": 0,
        "Landing_success_rate": 1.0
    },
    {
        "model": 0,
        "sequence": 19,
        "status": 1,
        "fuel": 5699,
        "fault": 0.6806,
        "weapon": 1,
        "pilot_injury": 0.9974,
        "pilot_skill": 0.3006,
        "mission_priority": 0.4514,
        "estimated_landing_time": 1792.0,
        "wait_time": 0,
        "Landing_success_rate": 1.0
    },
    {
        "model": 2,
        "sequence": 13,
        "status": 1,
        "fuel": 6872,
        "fault": 0.8114,
        "weapon": 0,
        "pilot_injury": 0.2664,
        "pilot_skill": 0.7281,
        "mission_priority": 0.9744,
        "estimated_landing_time": 1228.0,
        "wait_time": 0,
        "Landing_success_rate": 1.0
    },
    {
        "model": 1,
        "sequence": 26,
        "status": 1,
        "fuel": 6373,
        "fault": 0.1919,
        "weapon": 0,
        "pilot_injury": 0.0375,
        "pilot_skill": 0.577,
        "mission_priority": 0.9141,
        "estimated_landing_time": 2450.0,
        "wait_time": 0,
        "Landing_success_rate": 1.0
    },
    {
        "model": 0,
        "sequence": 25,
        "status": 1,
        "fuel": 6167,
        "fault": 0.4993,
        "weapon": 0,
        "pilot_injury": 0.203,
        "pilot_skill": 0.8611,
        "mission_priority": 0.865,
        "estimated_landing_time": 2356.0,
        "wait_time": 0,
        "Landing_success_rate": 1.0
    },
    {
        "model": 1,
        "sequence": 16,
        "status": 1,
        "fuel": 5672,
        "fault": 0.6159,
        "weapon": 1,
        "pilot_injury": 0.8243,
        "pilot_skill": 0.465,
        "mission_priority": 0.8226,
        "estimated_landing_time": 1510.0,
        "wait_time": 0,
        "Landing_success_rate": 1.0
    },
    {
        "model": 2,
        "sequence": 3,
        "status": 1,
        "fuel": 5533,
        "fault": 0.8552,
        "weapon": 1,
        "pilot_injury": 0.748,
        "pilot_skill": 0.265,
        "mission_priority": 0.2468,
        "estimated_landing_time": 288.0,
        "wait_time": 0,
        "Landing_success_rate": 1.0
    },
    {
        "model": 2,
        "sequence": 11,
        "status": 1,
        "fuel": 6929,
        "fault": 0.0695,
        "weapon": 1,
        "pilot_injury": 0.446,
        "pilot_skill": 0.8982,
        "mission_priority": 0.5182,
        "estimated_landing_time": 1040.0,
        "wait_time": 0,
        "Landing_success_rate": 1.0
    },
    {
        "model": 0,
        "sequence": 20,
        "status": 1,
        "fuel": 7171,
        "fault": 0.481,
        "weapon": 1,
        "pilot_injury": 0.8596,
        "pilot_skill": 0.6796,
        "mission_priority": 0.8685,
        "estimated_landing_time": 1886.0,
        "wait_time": 0,
        "Landing_success_rate": 1.0
    },
    {
        "model": 1,
        "sequence": 17,
        "status": 1,
        "fuel": 5711,
        "fault": 0.0802,
        "weapon": 1,
        "pilot_injury": 0.8737,
        "pilot_skill": 0.0151,
        "mission_priority": 0.4788,
        "estimated_landing_time": 1604.0,
        "wait_time": 0,
        "Landing_success_rate": 1.0
    },
    {
        "model": 1,
        "sequence": 1,
        "status": 1,
        "fuel": 6011,
        "fault": 0.9556,
        "weapon": 1,
        "pilot_injury": 0.958,
        "pilot_skill": 0.7406,
        "mission_priority": 0.7624,
        "estimated_landing_time": 100.0,
        "wait_time": 0,
        "Landing_success_rate": 1.0
    },
    {
        "model": 1,
        "sequence": 29,
        "status": 1,
        "fuel": 6962,
        "fault": 0.027,
        "weapon": 0,
        "pilot_injury": 0.461,
        "pilot_skill": 0.8391,
        "mission_priority": 0.1391,
        "estimated_landing_time": 2732.0,
        "wait_time": 0,
        "Landing_success_rate": 1.0
    },
    {
        "model": 1,
        "sequence": 27,
        "status": 1,
        "fuel": 7143,
        "fault": 0.158,
        "weapon": 0,
        "pilot_injury": 0.9843,
        "pilot_skill": 0.0037,
        "mission_priority": 0.0637,
        "estimated_landing_time": 2544.0,
        "wait_time": 0,
        "Landing_success_rate": 1.0
    },
    {
        "model": 2,
        "sequence": 9,
        "status": 1,
        "fuel": 6310,
        "fault": 0.5713,
        "weapon": 0,
        "pilot_injury": 0.1385,
        "pilot_skill": 0.4486,
        "mission_priority": 0.3227,
        "estimated_landing_time": 852.0,
        "wait_time": 0,
        "Landing_success_rate": 1.0
    },
    {
        "model": 1,
        "sequence": 22,
        "status": 1,
        "fuel": 7073,
        "fault": 0.6876,
        "weapon": 0,
        "pilot_injury": 0.5101,
        "pilot_skill": 0.0473,
        "mission_priority": 0.84,
        "estimated_landing_time": 2074.0,
        "wait_time": 0,
        "Landing_success_rate": 1.0
    },
    {
        "model": 0,
        "sequence": 6,
        "status": 1,
        "fuel": 6897,
        "fault": 0.7272,
        "weapon": 0,
        "pilot_injury": 0.5997,
        "pilot_skill": 0.1822,
        "mission_priority": 0.4841,
        "estimated_landing_time": 570.0,
        "wait_time": 0,
        "Landing_success_rate": 1.0
    },
    {
        "model": 2,
        "sequence": 30,
        "status": 1,
        "fuel": 6226,
        "fault": 0.0003,
        "weapon": 0,
        "pilot_injury": 0.5526,
        "pilot_skill": 0.1627,
        "mission_priority": 0.7771,
        "estimated_landing_time": 2826.0,
        "wait_time": 0,
        "Landing_success_rate": 1.0
    },
    {
        "model": 0,
        "sequence": 15,
        "status": 1,
        "fuel": 6688,
        "fault": 0.9785,
        "weapon": 0,
        "pilot_injury": 0.7933,
        "pilot_skill": 0.0919,
        "mission_priority": 0.2467,
        "estimated_landing_time": 1416.0,
        "wait_time": 0,
        "Landing_success_rate": 1.0
    },
    {
        "model": 1,
        "sequence": 4,
        "status": 1,
        "fuel": 6974,
        "fault": 0.9509,
        "weapon": 1,
        "pilot_injury": 0.6196,
        "pilot_skill": 0.563,
        "mission_priority": 0.0873,
        "estimated_landing_time": 382.0,
        "wait_time": 0,
        "Landing_success_rate": 1.0
    },
    {
        "model": 1,
        "sequence": 2,
        "status": 1,
        "fuel": 5855,
        "fault": 0.9485,
        "weapon": 0,
        "pilot_injury": 0.9526,
        "pilot_skill": 0.6453,
        "mission_priority": 0.8556,
        "estimated_landing_time": 194.0,
        "wait_time": 0,
        "Landing_success_rate": 1.0
    },
    {
        "model": 2,
        "sequence": 14,
        "status": 1,
        "fuel": 6785,
        "fault": 0.5478,
        "weapon": 1,
        "pilot_injury": 0.6266,
        "pilot_skill": 0.5053,
        "mission_priority": 0.4082,
        "estimated_landing_time": 1322.0,
        "wait_time": 0,
        "Landing_success_rate": 1.0
    },
    {
        "model": 1,
        "sequence": 18,
        "status": 1,
        "fuel": 5907,
        "fault": 0.1071,
        "weapon": 1,
        "pilot_injury": 0.6178,
        "pilot_skill": 0.1516,
        "mission_priority": 0.8162,
        "estimated_landing_time": 1698.0,
        "wait_time": 0,
        "Landing_success_rate": 1.0
    },
    {
        "model": 0,
        "sequence": 10,
        "status": 1,
        "fuel": 5548,
        "fault": 0.7016,
        "weapon": 1,
        "pilot_injury": 0.7489,
        "pilot_skill": 0.1537,
        "mission_priority": 0.9197,
        "estimated_landing_time": 946.0,
        "wait_time": 0,
        "Landing_success_rate": 1.0
    },
    {
        "model": 2,
        "sequence": 24,
        "status": 1,
        "fuel": 6521,
        "fault": 0.8318,
        "weapon": 1,
        "pilot_injury": 0.8149,
        "pilot_skill": 0.334,
        "mission_priority": 0.8307,
        "estimated_landing_time": 2262.0,
        "wait_time": 0,
        "Landing_success_rate": 1.0
    },
    {
        "model": 1,
        "sequence": 21,
        "status": 1,
        "fuel": 6670,
        "fault": 0.171,
        "weapon": 1,
        "pilot_injury": 0.2308,
        "pilot_skill": 0.7315,
        "mission_priority": 0.1669,
        "estimated_landing_time": 1980.0,
        "wait_time": 0,
        "Landing_success_rate": 1.0
    }
]