[
    {
        "model": 2,
        "sequence": 16,
        "status": 1,
        "fuel": 6529,
        "fault": 0.7076,
        "weapon": 0,
        "pilot_injury": 0.3806,
        "pilot_skill": 0.0791,
        "mission_priority": 0.8985,
        "estimated_landing_time": 1510.0,
        "wait_time": 0,
        "Landing_success_rate": 1.0
    },
    {
        "model": 1,
        "sequence": 2,
        "status": 1,
        "fuel": 6268,
        "fault": 0.3385,
        "weapon": 1,
        "pilot_injury": 0.7761,
        "pilot_skill": 0.0683,
        "mission_priority": 0.2163,
        "estimated_landing_time": 194.0,
        "wait_time": 0,
        "Landing_success_rate": 1.0
    },
    {
        "model": 1,
        "sequence": 30,
        "status": 1,
        "fuel": 5611,
        "fault": 0.1024,
        "weapon": 0,
        "pilot_injury": 0.8119,
        "pilot_skill": 0.5755,
        "mission_priority": 0.8236,
        "estimated_landing_time": 2826.0,
        "wait_time": 0,
        "Landing_success_rate": 1.0
    },
    {
        "model": 0,
        "sequence": 25,
        "status": 1,
        "fuel": 5688,
        "fault": 0.261,
        "weapon": 1,
        "pilot_injury": 0.9912,
        "pilot_skill": 0.4905,
        "mission_priority": 0.585,
        "estimated_landing_time": 2356.0,
        "wait_time": 0,
        "Landing_success_rate": 1.0
    },
    {
        "model": 1,
        "sequence": 19,
        "status": 1,
        "fuel": 6357,
        "fault": 0.2675,
        "weapon": 1,
        "pilot_injury": 0.2799,
        "pilot_skill": 0.0617,
        "mission_priority": 0.4281,
        "estimated_landing_time": 1792.0,
        "wait_time": 0,
        "Landing_success_rate": 1.0
    },
    {
        "model": 0,
        "sequence": 4,
        "status": 1,
        "fuel": 5813,
        "fault": 0.6472,
        "weapon": 1,
        "pilot_injury": 0.2776,
        "pilot_skill": 0.6185,
        "mission_priority": 0.7375,
        "estimated_landing_time": 382.0,
        "wait_time": 0,
        "Landing_success_rate": 1.0
    },
    {
        "model": 1,
        "sequence": 11,
        "status": 1,
        "fuel": 5818,
        "fault": 0.528,
        "weapon": 1,
        "pilot_injury": 0.3645,
        "pilot_skill": 0.4213,
        "mission_priority": 0.8427,
        "estimated_landing_time": 1040.0,
        "wait_time": 0,
        "Landing_success_rate": 1.0
    },
    {
        "model": 1,
        "sequence": 9,
        "status": 1,
        "fuel": 6784,
        "fault": 0.6806,
        "weapon": 0,
        "pilot_injury": 0.1823,
        "pilot_skill": 0.2826,
        "mission_priority": 0.4627,
        "estimated_landing_time": 852.0,
        "wait_time": 0,
        "Landing_success_rate": 1.0
    },
    {
        "model": 0,
        "sequence": 21,
        "status": 1,
        "fuel": 5780,
        "fault": 0.4074,
        "weapon": 1,
        "pilot_injury": 0.0714,
        "pilot_skill": 0.6132,
        "mission_priority": 0.352,
        "estimated_landing_time": 1980.0,
        "wait_time": 0,
        "Landing_success_rate": 1.0
    },
    {
        "model": 0,
        "sequence": 3,
        "status": 1,
        "fuel": 6927,
        "fault": 0.8429,
        "weapon": 0,
        "pilot_injury": 0.7845,
        "pilot_skill": 0.8033,
        "mission_priority": 0.1038,
        "estimated_landing_time": 288.0,
        "wait_time": 0,
        "Landing_success_rate": 1.0
    },
    {
        "model": 0,
        "sequence": 26,
        "status": 1,
        "fuel": 5835,
        "fault": 0.5945,
        "weapon": 0,
        "pilot_injury": 0.0302,
        "pilot_skill": 0.7171,
        "mission_priority": 0.3668,
        "estimated_landing_time": 2450.0,
        "wait_time": 0,
        "Landing_success_rate": 1.0
    },
    {
        "model": 2,
        "sequence": 1,
        "status": 1,
        "fuel": 7051,
        "fault": 0.6839,
        "weapon": 1,
        "pilot_injury": 0.4689,
        "pilot_skill": 0.7479,
        "mission_priority": 0.5959,
        "estimated_landing_time": 100.0,
        "wait_time": 0,
        "Landing_success_rate": 1.0
    },
    {
        "model": 2,
        "sequence": 18,
        "status": 1,
        "fuel": 6621,
        "fault": 0.8897,
        "weapon": 0,
        "pilot_injury": 0.2158,
        "pilot_skill": 0.7135,
        "mission_priority": 0.7922,
        "estimated_landing_time": 1698.0,
        "wait_time": 0,
        "Landing_success_rate": 1.0
    },
    {
        "model": 2,
        "sequence": 10,
        "status": 1,
        "fuel": 6282,
        "fault": 0.6142,
        "weapon": 1,
        "pilot_injury": 0.878,
        "pilot_skill": 0.3277,
        "mission_priority": 0.6871,
        "estimated_landing_time": 946.0,
        "wait_time": 0,
        "Landing_success_rate": 1.0
    },
    {
        "model": 0,
        "sequence": 15,
        "status": 1,
        "fuel": 7198,
        "fault": 0.9345,
        "weapon": 1,
        "pilot_injury": 0.6526,
        "pilot_skill": 0.901,
        "mission_priority": 0.1031,
        "estimated_landing_time": 1416.0,
        "wait_time": 0,
        "Landing_success_rate": 1.0
    },
    {
        "model": 2,
        "sequence": 7,
        "status": 1,
        "fuel": 6980,
        "fault": 0.8581,
        "weapon": 1,
        "pilot_injury": 0.9943,
        "pilot_skill": 0.2239,
        "mission_priority": 0.3247,
        "estimated_landing_time": 664.0,
        "wait_time": 0,
        "Landing_success_rate": 1.0
    },
    {
        "model": 1,
        "sequence": 6,
        "status": 1,
        "fuel": 7092,
        "fault": 0.3738,
        "weapon": 1,
        "pilot_injury": 0.9962,
        "pilot_skill": 0.7389,
        "mission_priority": 0.9592,
        "estimated_landing_time": 570.0,
        "wait_time": 0,
        "Landing_success_rate": 1.0
    },
    {
        "model": 1,
        "sequence": 28,
        "status": 1,
        "fuel": 6603,
        "fault": 0.7553,
        "weapon": 1,
        "pilot_injury": 0.3708,
        "pilot_skill": 0.051,
        "mission_priority": 0.0607,
        "estimated_landing_time": 2638.0,
        "wait_time": 0,
        "Landing_success_rate": 1.0
    },
    {
        "model": 1,
        "sequence": 8,
        "status": 1,
        "fuel": 7328,
        "fault": 0.6739,
        "weapon": 1,
        "pilot_injury": 0.75,
        "pilot_skill": 0.7176,
        "mission_priority": 0.0728,
        "estimated_landing_time": 758.0,
        "wait_time": 0,
        "Landing_success_rate": 1.0
    },
    {
        "model": 1,
        "sequence": 14,
        "status": 1,
        "fuel": 6995,
        "fault": 0.083,
        "weapon": 1,
        "pilot_injury": 0.6417,
        "pilot_skill": 0.8958,
        "mission_priority": 0.5268,
        "estimated_landing_time": 1322.0,
        "wait_time": 0,
        "Landing_success_rate": 1.0
    },
    {
        "model": 2,
        "sequence": 13,
        "status": 1,
        "fuel": 6411,
        "fault": 0.9987,
        "weapon": 0,
        "pilot_injury": 0.6228,
        "pilot_skill": 0.8446,
        "mission_priority": 0.2333,
        "estimated_landing_time": 1228.0,
        "wait_time": 0,
        "Landing_success_rate": 1.0
    },
    {
        "model": 2,
        "sequence": 24,
        "status": 1,
        "fuel": 6371,
        "fault": 0.8196,
        "weapon": 1,
        "pilot_injury": 0.9996,
        "pilot_skill": 0.0916,
        "mission_priority": 0.5533,
        "estimated_landing_time": 2262.0,
        "wait_time": 0,
        "Landing_success_rate": 1.0
    },
    {
        "model": 1,
        "sequence": 29,
        "status": 1,
        "fuel": 6300,
        "fault": 0.4154,
        "weapon": 1,
        "pilot_injury": 0.5056,
        "pilot_skill": 0.5131,
        "mission_priority": 0.4054,
        "estimated_landing_time": 2732.0,
        "wait_time": 0,
        "Landing_success_rate": 1.0
    },
    {
        "model": 0,
        "sequence": 5,
        "status": 1,
        "fuel": 5549,
        "fault": 0.3582,
        "weapon": 0,
        "pilot_injury": 0.7484,
        "pilot_skill": 0.2793,
        "mission_priority": 0.9466,
        "estimated_landing_time": 476.0,
        "wait_time": 0,
        "Landing_success_rate": 1.0
    },
    {
        "model": 1,
        "sequence": 22,
        "status": 1,
        "fuel": 6806,
        "fault": 0.631,
        "weapon": 0,
        "pilot_injury": 0.4111,
        "pilot_skill": 0.1113,
        "mission_priority": 0.1159,
        "estimated_landing_time": 2074.0,
        "wait_time": 0,
        "Landing_success_rate": 1.0
    },
    {
        "model": 1,
        "sequence": 23,
        "status": 1,
        "fuel": 5602,
        "fault": 0.1854,
        "weapon": 0,
        "pilot_injury": 0.216,
        "pilot_skill": 0.7077,
        "mission_priority": 0.9597,
        "estimated_landing_time": 2168.0,
        "wait_time": 0,
        "Landing_success_rate": 1.0
    },
    {
        "model": 0,
        "sequence": 27,
        "status": 1,
        "fuel": 5591,
        "fault": 0.1067,
        "weapon": 0,
        "pilot_injury": 0.1916,
        "pilot_skill": 0.1541,
        "mission_priority": 0.871,
        "estimated_landing_time": 2544.0,
        "wait_time": 0,
        "Landing_success_rate": 1.0
    },
    {
        "model": 0,
        "sequence": 20,
        "status": 1,
        "fuel": 7251,
        "fault": 0.7852,
        "weapon": 1,
        "pilot_injury": 0.9013,
        "pilot_skill": 0.8149,
        "mission_priority": 0.154,
        "estimated_landing_time": 1886.0,
        "wait_time": 0,
        "Landing_success_rate": 1.0
    },
    {
        "model": 2,
        "sequence": 17,
        "status": 1,
        "fuel": 6030,
        "fault": 0.7949,
        "weapon": 1,
        "pilot_injury": 0.4741,
        "pilot_skill": 0.3239,
        "mission_priority": 0.426,
        "estimated_landing_time": 1604.0,
        "wait_time": 0,
        "Landing_success_rate": 1.0
    },
    {
        "model": 0,
        "sequence": 12,
        "status": 1,
        "fuel": 6753,
        "fault": 0.9988,
        "weapon": 1,
        "pilot_injury": 0.2006,
        "pilot_skill": 0.3683,
        "mission_priority": 0.4024,
        "estimated_landing_time": 1134.0,
        "wait_time": 0,
        "Landing_success_rate": 1.0
    }
]