[
    {
        "model": 0,
        "sequence": 11,
        "status": 1,
        "fuel": 5942,
        "fault": 0.1029,
        "weapon": 0,
        "pilot_injury": 0.3825,
        "pilot_skill": 0.9322,
        "mission_priority": 0.2891,
        "estimated_landing_time": 1040.0,
        "wait_time": 0,
        "Landing_success_rate": 1.0
    },
    {
        "model": 2,
        "sequence": 6,
        "status": 1,
        "fuel": 7265,
        "fault": 0.6425,
        "weapon": 0,
        "pilot_injury": 0.481,
        "pilot_skill": 0.6951,
        "mission_priority": 0.748,
        "estimated_landing_time": 570.0,
        "wait_time": 0,
        "Landing_success_rate": 1.0
    },
    {
        "model": 1,
        "sequence": 12,
        "status": 1,
        "fuel": 5651,
        "fault": 0.8856,
        "weapon": 1,
        "pilot_injury": 0.8084,
        "pilot_skill": 0.5541,
        "mission_priority": 0.1161,
        "estimated_landing_time": 1134.0,
        "wait_time": 0,
        "Landing_success_rate": 1.0
    },
    {
        "model": 2,
        "sequence": 5,
        "status": 1,
        "fuel": 5591,
        "fault": 0.3459,
        "weapon": 1,
        "pilot_injury": 0.4934,
        "pilot_skill": 0.2138,
        "mission_priority": 0.4927,
        "estimated_landing_time": 476.0,
        "wait_time": 0,
        "Landing_success_rate": 1.0
    },
    {
        "model": 1,
        "sequence": 24,
        "status": 1,
        "fuel": 6360,
        "fault": 0.3303,
        "weapon": 1,
        "pilot_injury": 0.5228,
        "pilot_skill": 0.8184,
        "mission_priority": 0.5599,
        "estimated_landing_time": 2262.0,
        "wait_time": 0,
        "Landing_success_rate": 1.0
    },
    {
        "model": 2,
        "sequence": 1,
        "status": 1,
        "fuel": 5573,
        "fault": 0.5662,
        "weapon": 0,
        "pilot_injury": 0.6047,
        "pilot_skill": 0.8396,
        "mission_priority": 0.0417,
        "estimated_landing_time": 100.0,
        "wait_time": 0,
        "Landing_success_rate": 1.0
    },
    {
        "model": 0,
        "sequence": 17,
        "status": 1,
        "fuel": 6662,
        "fault": 0.6109,
        "weapon": 0,
        "pilot_injury": 0.3447,
        "pilot_skill": 0.3362,
        "mission_priority": 0.5317,
        "estimated_landing_time": 1604.0,
        "wait_time": 0,
        "Landing_success_rate": 1.0
    },
    {
        "model": 1,
        "sequence": 15,
        "status": 1,
        "fuel": 7194,
        "fault": 0.0719,
        "weapon": 1,
        "pilot_injury": 0.2434,
        "pilot_skill": 0.9853,
        "mission_priority": 0.8366,
        "estimated_landing_time": 1416.0,
        "wait_time": 0,
        "Landing_success_rate": 1.0
    },
    {
        "model": 0,
        "sequence": 26,
        "status": 1,
        "fuel": 6740,
        "fault": 0.2994,
        "weapon": 1,
        "pilot_injury": 0.9362,
        "pilot_skill": 0.0627,
        "mission_priority": 0.1253,
        "estimated_landing_time": 2450.0,
        "wait_time": 0,
        "Landing_success_rate": 1.0
    },
    {
        "model": 0,
        "sequence": 13,
        "status": 1,
        "fuel": 7349,
        "fault": 0.1693,
        "weapon": 1,
        "pilot_injury": 0.1669,
        "pilot_skill": 0.336,
        "mission_priority": 0.1772,
        "estimated_landing_time": 1228.0,
        "wait_time": 0,
        "Landing_success_rate": 1.0
    },
    {
        "model": 2,
        "sequence": 19,
        "status": 1,
        "fuel": 7137,
        "fault": 0.1859,
        "weapon": 1,
        "pilot_injury": 0.8504,
        "pilot_skill": 0.0273,
        "mission_priority": 0.3172,
        "estimated_landing_time": 1792.0,
        "wait_time": 0,
        "Landing_success_rate": 1.0
    },
    {
        "model": 0,
        "sequence": 30,
        "status": 1,
        "fuel": 6014,
        "fault": 0.211,
        "weapon": 0,
        "pilot_injury": 0.7464,
        "pilot_skill": 0.8688,
        "mission_priority": 0.0776,
        "estimated_landing_time": 2826.0,
        "wait_time": 0,
        "Landing_success_rate": 1.0
    },
    {
        "model": 2,
        "sequence": 9,
        "status": 1,
        "fuel": 6808,
        "fault": 0.0839,
        "weapon": 0,
        "pilot_injury": 0.9469,
        "pilot_skill": 0.3247,
        "mission_priority": 0.5809,
        "estimated_landing_time": 852.0,
        "wait_time": 0,
        "Landing_success_rate": 1.0
    },
    {
        "model": 2,
        "sequence": 18,
        "status": 1,
        "fuel": 5778,
        "fault": 0.3224,
        "weapon": 0,
        "pilot_injury": 0.0293,
        "pilot_skill": 0.5692,
        "mission_priority": 0.7407,
        "estimated_landing_time": 1698.0,
        "wait_time": 0,
        "Landing_success_rate": 1.0
    },
    {
        "model": 1,
        "sequence": 10,
        "status": 1,
        "fuel": 7432,
        "fault": 0.4829,
        "weapon": 1,
        "pilot_injury": 0.9007,
        "pilot_skill": 0.3661,
        "mission_priority": 0.4662,
        "estimated_landing_time": 946.0,
        "wait_time": 0,
        "Landing_success_rate": 1.0
    },
    {
        "model": 0,
        "sequence": 7,
        "status": 1,
        "fuel": 5883,
        "fault": 0.3631,
        "weapon": 0,
        "pilot_injury": 0.3254,
        "pilot_skill": 0.5406,
        "mission_priority": 0.094,
        "estimated_landing_time": 664.0,
        "wait_time": 0,
        "Landing_success_rate": 1.0
    },
    {
        "model": 0,
        "sequence": 23,
        "status": 1,
        "fuel": 5874,
        "fault": 0.7614,
        "weapon": 1,
        "pilot_injury": 0.7599,
        "pilot_skill": 0.8,
        "mission_priority": 0.8723,
        "estimated_landing_time": 2168.0,
        "wait_time": 0,
        "Landing_success_rate": 1.0
    },
    {
        "model": 0,
        "sequence": 27,
        "status": 1,
        "fuel": 7209,
        "fault": 0.8098,
        "weapon": 0,
        "pilot_injury": 0.7075,
        "pilot_skill": 0.6207,
        "mission_priority": 0.1472,
        "estimated_landing_time": 2544.0,
        "wait_time": 0,
        "Landing_success_rate": 1.0
    },
    {
        "model": 0,
        "sequence": 3,
        "status": 1,
        "fuel": 5533,
        "fault": 0.5955,
        "weapon": 1,
        "pilot_injury": 0.7346,
        "pilot_skill": 0.2747,
        "mission_priority": 0.8708,
        "estimated_landing_time": 288.0,
        "wait_time": 0,
        "Landing_success_rate": 1.0
    },
    {
        "model": 2,
        "sequence": 14,
        "status": 1,
        "fuel": 6087,
        "fault": 0.6559,
        "weapon": 0,
        "pilot_injury": 0.9443,
        "pilot_skill": 0.344,
        "mission_priority": 0.728,
        "estimated_landing_time": 1322.0,
        "wait_time": 0,
        "Landing_success_rate": 1.0
    },
    {
        "model": 2,
        "sequence": 16,
        "status": 1,
        "fuel": 7073,
        "fault": 0.7546,
        "weapon": 1,
        "pilot_injury": 0.7756,
        "pilot_skill": 0.8146,
        "mission_priority": 0.8425,
        "estimated_landing_time": 1510.0,
        "wait_time": 0,
        "Landing_success_rate": 1.0
    },
    {
        "model": 0,
        "sequence": 4,
        "status": 1,
        "fuel": 5531,
        "fault": 0.764,
        "weapon": 1,
        "pilot_injury": 0.1464,
        "pilot_skill": 0.2728,
        "mission_priority": 0.9711,
        "estimated_landing_time": 382.0,
        "wait_time": 0,
        "Landing_success_rate": 1.0
    },
    {
        "model": 2,
        "sequence": 28,
        "status": 1,
        "fuel": 6467,
        "fault": 0.8703,
        "weapon": 1,
        "pilot_injury": 0.3358,
        "pilot_skill": 0.8062,
        "mission_priority": 0.3209,
        "estimated_landing_time": 2638.0,
        "wait_time": 0,
        "Landing_success_rate": 1.0
    },
    {
        "model": 2,
        "sequence": 29,
        "status": 1,
        "fuel": 5933,
        "fault": 0.0551,
        "weapon": 0,
        "pilot_injury": 0.601,
        "pilot_skill": 0.9597,
        "mission_priority": 0.041,
        "estimated_landing_time": 2732.0,
        "wait_time": 0,
        "Landing_success_rate": 1.0
    },
    {
        "model": 0,
        "sequence": 25,
        "status": 1,
        "fuel": 6881,
        "fault": 0.1741,
        "weapon": 0,
        "pilot_injury": 0.581,
        "pilot_skill": 0.0488,
        "mission_priority": 0.5713,
        "estimated_landing_time": 2356.0,
        "wait_time": 0,
        "Landing_success_rate": 1.0
    },
    {
        "model": 2,
        "sequence": 21,
        "status": 1,
        "fuel": 7377,
        "fault": 0.5629,
        "weapon": 0,
        "pilot_injury": 0.4161,
        "pilot_skill": 0.9157,
        "mission_priority": 0.3704,
        "estimated_landing_time": 1980.0,
        "wait_time": 0,
        "Landing_success_rate": 1.0
    },
    {
        "model": 0,
        "sequence": 8,
        "status": 1,
        "fuel": 7331,
        "fault": 0.0904,
        "weapon": 1,
        "pilot_injury": 0.3063,
        "pilot_skill": 0.4464,
        "mission_priority": 0.1996,
        "estimated_landing_time": 758.0,
        "wait_time": 0,
        "Landing_success_rate": 1.0
    },
    {
        "model": 1,
        "sequence": 22,
        "status": 1,
        "fuel": 6863,
        "fault": 0.2023,
        "weapon": 1,
        "pilot_injury": 0.6525,
        "pilot_skill": 0.1981,
        "mission_priority": 0.0529,
        "estimated_landing_time": 2074.0,
        "wait_time": 0,
        "Landing_success_rate": 1.0
    },
    {
        "model": 2,
        "sequence": 20,
        "status": 1,
        "fuel": 6804,
        "fault": 0.1215,
        "weapon": 1,
        "pilot_injury": 0.3671,
        "pilot_skill": 0.8485,
        "mission_priority": 0.586,
        "estimated_landing_time": 1886.0,
        "wait_time": 0,
        "Landing_success_rate": 1.0
    },
    {
        "model": 1,
        "sequence": 2,
        "status": 1,
        "fuel": 5685,
        "fault": 0.8907,
        "weapon": 0,
        "pilot_injury": 0.2903,
        "pilot_skill": 0.4775,
        "mission_priority": 0.7056,
        "estimated_landing_time": 194.0,
        "wait_time": 0,
        "Landing_success_rate": 1.0
    }
]