[
    {
        "model": 2,
        "sequence": 25,
        "status": 1,
        "fuel": 6058,
        "fault": 0.9401,
        "weapon": 1,
        "pilot_injury": 0.0544,
        "pilot_skill": 0.906,
        "mission_priority": 0.8804,
        "estimated_landing_time": 2356.0,
        "wait_time": 0,
        "Landing_success_rate": 1.0
    },
    {
        "model": 1,
        "sequence": 16,
        "status": 1,
        "fuel": 7126,
        "fault": 0.5401,
        "weapon": 0,
        "pilot_injury": 0.4394,
        "pilot_skill": 0.8454,
        "mission_priority": 0.0615,
        "estimated_landing_time": 1510.0,
        "wait_time": 0,
        "Landing_success_rate": 1.0
    },
    {
        "model": 0,
        "sequence": 17,
        "status": 1,
        "fuel": 7168,
        "fault": 0.3841,
        "weapon": 0,
        "pilot_injury": 0.2604,
        "pilot_skill": 0.2093,
        "mission_priority": 0.6765,
        "estimated_landing_time": 1604.0,
        "wait_time": 0,
        "Landing_success_rate": 1.0
    },
    {
        "model": 2,
        "sequence": 24,
        "status": 1,
        "fuel": 6309,
        "fault": 0.7864,
        "weapon": 1,
        "pilot_injury": 0.3897,
        "pilot_skill": 0.2426,
        "mission_priority": 0.7837,
        "estimated_landing_time": 2262.0,
        "wait_time": 0,
        "Landing_success_rate": 1.0
    },
    {
        "model": 2,
        "sequence": 4,
        "status": 1,
        "fuel": 5743,
        "fault": 0.0176,
        "weapon": 1,
        "pilot_injury": 0.8511,
        "pilot_skill": 0.3145,
        "mission_priority": 0.8223,
        "estimated_landing_time": 382.0,
        "wait_time": 0,
        "Landing_success_rate": 1.0
    },
    {
        "model": 2,
        "sequence": 11,
        "status": 1,
        "fuel": 7368,
        "fault": 0.7529,
        "weapon": 1,
        "pilot_injury": 0.4181,
        "pilot_skill": 0.1695,
        "mission_priority": 0.018,
        "estimated_landing_time": 1040.0,
        "wait_time": 0,
        "Landing_success_rate": 1.0
    },
    {
        "model": 2,
        "sequence": 14,
        "status": 1,
        "fuel": 5694,
        "fault": 0.0471,
        "weapon": 0,
        "pilot_injury": 0.1956,
        "pilot_skill": 0.9555,
        "mission_priority": 0.9491,
        "estimated_landing_time": 1322.0,
        "wait_time": 0,
        "Landing_success_rate": 1.0
    },
    {
        "model": 0,
        "sequence": 3,
        "status": 1,
        "fuel": 5744,
        "fault": 0.829,
        "weapon": 1,
        "pilot_injury": 0.2839,
        "pilot_skill": 0.9293,
        "mission_priority": 0.6094,
        "estimated_landing_time": 288.0,
        "wait_time": 0,
        "Landing_success_rate": 1.0
    },
    {
        "model": 2,
        "sequence": 10,
        "status": 1,
        "fuel": 6855,
        "fault": 0.5523,
        "weapon": 0,
        "pilot_injury": 0.9909,
        "pilot_skill": 0.628,
        "mission_priority": 0.1857,
        "estimated_landing_time": 946.0,
        "wait_time": 0,
        "Landing_success_rate": 1.0
    },
    {
        "model": 2,
        "sequence": 12,
        "status": 1,
        "fuel": 6490,
        "fault": 0.3038,
        "weapon": 1,
        "pilot_injury": 0.1411,
        "pilot_skill": 0.6086,
        "mission_priority": 0.6936,
        "estimated_landing_time": 1134.0,
        "wait_time": 0,
        "Landing_success_rate": 1.0
    },
    {
        "model": 2,
        "sequence": 20,
        "status": 1,
        "fuel": 6131,
        "fault": 0.6462,
        "weapon": 1,
        "pilot_injury": 0.8373,
        "pilot_skill": 0.9518,
        "mission_priority": 0.5542,
        "estimated_landing_time": 1886.0,
        "wait_time": 0,
        "Landing_success_rate": 1.0
    },
    {
        "model": 0,
        "sequence": 5,
        "status": 1,
        "fuel": 5920,
        "fault": 0.3663,
        "weapon": 1,
        "pilot_injury": 0.3341,
        "pilot_skill": 0.8884,
        "mission_priority": 0.0987,
        "estimated_landing_time": 476.0,
        "wait_time": 0,
        "Landing_success_rate": 1.0
    },
    {
        "model": 1,
        "sequence": 27,
        "status": 1,
        "fuel": 5632,
        "fault": 0.9077,
        "weapon": 1,
        "pilot_injury": 0.0944,
        "pilot_skill": 0.6676,
        "mission_priority": 0.9063,
        "estimated_landing_time": 2544.0,
        "wait_time": 0,
        "Landing_success_rate": 1.0
    },
    {
        "model": 1,
        "sequence": 22,
        "status": 1,
        "fuel": 6593,
        "fault": 0.8378,
        "weapon": 1,
        "pilot_injury": 0.9206,
        "pilot_skill": 0.4656,
        "mission_priority": 0.8856,
        "estimated_landing_time": 2074.0,
        "wait_time": 0,
        "Landing_success_rate": 1.0
    },
    {
        "model": 0,
        "sequence": 7,
        "status": 1,
        "fuel": 6571,
        "fault": 0.0354,
        "weapon": 1,
        "pilot_injury": 0.3957,
        "pilot_skill": 0.343,
        "mission_priority": 0.7486,
        "estimated_landing_time": 664.0,
        "wait_time": 0,
        "Landing_success_rate": 1.0
    },
    {
        "model": 0,
        "sequence": 1,
        "status": 1,
        "fuel": 5759,
        "fault": 0.9609,
        "weapon": 0,
        "pilot_injury": 0.5324,
        "pilot_skill": 0.5141,
        "mission_priority": 0.315,
        "estimated_landing_time": 100.0,
        "wait_time": 0,
        "Landing_success_rate": 1.0
    },
    {
        "model": 2,
        "sequence": 15,
        "status": 1,
        "fuel": 6526,
        "fault": 0.9468,
        "weapon": 1,
        "pilot_injury": 0.3557,
        "pilot_skill": 0.6306,
        "mission_priority": 0.6366,
        "estimated_landing_time": 1416.0,
        "wait_time": 0,
        "Landing_success_rate": 1.0
    },
    {
        "model": 0,
        "sequence": 9,
        "status": 1,
        "fuel": 5616,
        "fault": 0.2324,
        "weapon": 1,
        "pilot_injury": 0.4119,
        "pilot_skill": 0.5944,
        "mission_priority": 0.0953,
        "estimated_landing_time": 852.0,
        "wait_time": 0,
        "Landing_success_rate": 1.0
    },
    {
        "model": 1,
        "sequence": 21,
        "status": 1,
        "fuel": 6642,
        "fault": 0.623,
        "weapon": 1,
        "pilot_injury": 0.4222,
        "pilot_skill": 0.017,
        "mission_priority": 0.701,
        "estimated_landing_time": 1980.0,
        "wait_time": 0,
        "Landing_success_rate": 1.0
    },
    {
        "model": 1,
        "sequence": 23,
        "status": 1,
        "fuel": 5753,
        "fault": 0.0156,
        "weapon": 0,
        "pilot_injury": 0.9725,
        "pilot_skill": 0.9424,
        "mission_priority": 0.1587,
        "estimated_landing_time": 2168.0,
        "wait_time": 0,
        "Landing_success_rate": 1.0
    },
    {
        "model": 1,
        "sequence": 28,
        "status": 1,
        "fuel": 5916,
        "fault": 0.8146,
        "weapon": 0,
        "pilot_injury": 0.2893,
        "pilot_skill": 0.6844,
        "mission_priority": 0.4478,
        "estimated_landing_time": 2638.0,
        "wait_time": 0,
        "Landing_success_rate": 1.0
    },
    {
        "model": 0,
        "sequence": 30,
        "status": 1,
        "fuel": 6433,
        "fault": 0.1246,
        "weapon": 1,
        "pilot_injury": 0.5076,
        "pilot_skill": 0.4519,
        "mission_priority": 0.0316,
        "estimated_landing_time": 2826.0,
        "wait_time": 0,
        "Landing_success_rate": 1.0
    },
    {
        "model": 0,
        "sequence": 6,
        "status": 1,
        "fuel": 7144,
        "fault": 0.8563,
        "weapon": 1,
        "pilot_injury": 0.0634,
        "pilot_skill": 0.0671,
        "mission_priority": 0.0141,
        "estimated_landing_time": 570.0,
        "wait_time": 0,
        "Landing_success_rate": 1.0
    },
    {
        "model": 2,
        "sequence": 13,
        "status": 1,
        "fuel": 6717,
        "fault": 0.0247,
        "weapon": 1,
        "pilot_injury": 0.7491,
        "pilot_skill": 0.1677,
        "mission_priority": 0.8412,
        "estimated_landing_time": 1228.0,
        "wait_time": 0,
        "Landing_success_rate": 1.0
    },
    {
        "model": 2,
        "sequence": 26,
        "status": 1,
        "fuel": 5679,
        "fault": 0.1511,
        "weapon": 0,
        "pilot_injury": 0.3707,
        "pilot_skill": 0.2357,
        "mission_priority": 0.1373,
        "estimated_landing_time": 2450.0,
        "wait_time": 0,
        "Landing_success_rate": 1.0
    },
    {
        "model": 2,
        "sequence": 2,
        "status": 1,
        "fuel": 6290,
        "fault": 0.6104,
        "weapon": 0,
        "pilot_injury": 0.7916,
        "pilot_skill": 0.0423,
        "mission_priority": 0.964,
        "estimated_landing_time": 194.0,
        "wait_time": 0,
        "Landing_success_rate": 1.0
    },
    {
        "model": 2,
        "sequence": 18,
        "status": 1,
        "fuel": 5720,
        "fault": 0.8553,
        "weapon": 1,
        "pilot_injury": 0.1427,
        "pilot_skill": 0.8706,
        "mission_priority": 0.6441,
        "estimated_landing_time": 1698.0,
        "wait_time": 0,
        "Landing_success_rate": 1.0
    },
    {
        "model": 2,
        "sequence": 29,
        "status": 1,
        "fuel": 7410,
        "fault": 0.3329,
        "weapon": 0,
        "pilot_injury": 0.5613,
        "pilot_skill": 0.4151,
        "mission_priority": 0.4654,
        "estimated_landing_time": 2732.0,
        "wait_time": 0,
        "Landing_success_rate": 1.0
    },
    {
        "model": 0,
        "sequence": 19,
        "status": 1,
        "fuel": 6611,
        "fault": 0.9427,
        "weapon": 0,
        "pilot_injury": 0.9627,
        "pilot_skill": 0.9079,
        "mission_priority": 0.8023,
        "estimated_landing_time": 1792.0,
        "wait_time": 0,
        "Landing_success_rate": 1.0
    },
    {
        "model": 1,
        "sequence": 8,
        "status": 1,
        "fuel": 7282,
        "fault": 0.7269,
        "weapon": 0,
        "pilot_injury": 0.6306,
        "pilot_skill": 0.402,
        "mission_priority": 0.6871,
        "estimated_landing_time": 758.0,
        "wait_time": 0,
        "Landing_success_rate": 1.0
    }
]