[
    {
        "model": 1,
        "sequence": 11,
        "status": 1,
        "fuel": 6608,
        "fault": 0.8127,
        "weapon": 1,
        "pilot_injury": 0.7361,
        "pilot_skill": 0.9232,
        "mission_priority": 0.8736,
        "estimated_landing_time": 1040.0,
        "wait_time": 0,
        "Landing_success_rate": 1.0
    },
    {
        "model": 0,
        "sequence": 1,
        "status": 1,
        "fuel": 7416,
        "fault": 0.0049,
        "weapon": 1,
        "pilot_injury": 0.9272,
        "pilot_skill": 0.6837,
        "mission_priority": 0.8865,
        "estimated_landing_time": 100.0,
        "wait_time": 0,
        "Landing_success_rate": 1.0
    },
    {
        "model": 0,
        "sequence": 14,
        "status": 1,
        "fuel": 6192,
        "fault": 0.3788,
        "weapon": 0,
        "pilot_injury": 0.4296,
        "pilot_skill": 0.828,
        "mission_priority": 0.4085,
        "estimated_landing_time": 1322.0,
        "wait_time": 0,
        "Landing_success_rate": 1.0
    },
    {
        "model": 1,
        "sequence": 29,
        "status": 1,
        "fuel": 6552,
        "fault": 0.4563,
        "weapon": 1,
        "pilot_injury": 0.0393,
        "pilot_skill": 0.7613,
        "mission_priority": 0.6262,
        "estimated_landing_time": 2732.0,
        "wait_time": 0,
        "Landing_success_rate": 1.0
    },
    {
        "model": 0,
        "sequence": 5,
        "status": 1,
        "fuel": 7120,
        "fault": 0.7576,
        "weapon": 1,
        "pilot_injury": 0.8242,
        "pilot_skill": 0.3245,
        "mission_priority": 0.838,
        "estimated_landing_time": 476.0,
        "wait_time": 0,
        "Landing_success_rate": 1.0
    },
    {
        "model": 2,
        "sequence": 21,
        "status": 1,
        "fuel": 6816,
        "fault": 0.9286,
        "weapon": 1,
        "pilot_injury": 0.1925,
        "pilot_skill": 0.2642,
        "mission_priority": 0.4479,
        "estimated_landing_time": 1980.0,
        "wait_time": 0,
        "Landing_success_rate": 1.0
    },
    {
        "model": 2,
        "sequence": 27,
        "status": 1,
        "fuel": 6989,
        "fault": 0.2651,
        "weapon": 1,
        "pilot_injury": 0.4823,
        "pilot_skill": 0.5114,
        "mission_priority": 0.1587,
        "estimated_landing_time": 2544.0,
        "wait_time": 0,
        "Landing_success_rate": 1.0
    },
    {
        "model": 0,
        "sequence": 8,
        "status": 1,
        "fuel": 6497,
        "fault": 0.8077,
        "weapon": 0,
        "pilot_injury": 0.0304,
        "pilot_skill": 0.3586,
        "mission_priority": 0.1467,
        "estimated_landing_time": 758.0,
        "wait_time": 0,
        "Landing_success_rate": 1.0
    },
    {
        "model": 0,
        "sequence": 17,
        "status": 1,
        "fuel": 7297,
        "fault": 0.4648,
        "weapon": 1,
        "pilot_injury": 0.066,
        "pilot_skill": 0.4042,
        "mission_priority": 0.1925,
        "estimated_landing_time": 1604.0,
        "wait_time": 0,
        "Landing_success_rate": 1.0
    },
    {
        "model": 1,
        "sequence": 6,
        "status": 1,
        "fuel": 6937,
        "fault": 0.2835,
        "weapon": 1,
        "pilot_injury": 0.5571,
        "pilot_skill": 0.057,
        "mission_priority": 0.468,
        "estimated_landing_time": 570.0,
        "wait_time": 0,
        "Landing_success_rate": 1.0
    },
    {
        "model": 1,
        "sequence": 23,
        "status": 1,
        "fuel": 6540,
        "fault": 0.6117,
        "weapon": 0,
        "pilot_injury": 0.3633,
        "pilot_skill": 0.823,
        "mission_priority": 0.7353,
        "estimated_landing_time": 2168.0,
        "wait_time": 0,
        "Landing_success_rate": 1.0
    },
    {
        "model": 2,
        "sequence": 18,
        "status": 1,
        "fuel": 6293,
        "fault": 0.2654,
        "weapon": 1,
        "pilot_injury": 0.5338,
        "pilot_skill": 0.0202,
        "mission_priority": 0.8255,
        "estimated_landing_time": 1698.0,
        "wait_time": 0,
        "Landing_success_rate": 1.0
    },
    {
        "model": 0,
        "sequence": 24,
        "status": 1,
        "fuel": 6715,
        "fault": 0.556,
        "weapon": 1,
        "pilot_injury": 0.3247,
        "pilot_skill": 0.2869,
        "mission_priority": 0.766,
        "estimated_landing_time": 2262.0,
        "wait_time": 0,
        "Landing_success_rate": 1.0
    },
    {
        "model": 0,
        "sequence": 28,
        "status": 1,
        "fuel": 6321,
        "fault": 0.3844,
        "weapon": 1,
        "pilot_injury": 0.7939,
        "pilot_skill": 0.7395,
        "mission_priority": 0.9359,
        "estimated_landing_time": 2638.0,
        "wait_time": 0,
        "Landing_success_rate": 1.0
    },
    {
        "model": 2,
        "sequence": 13,
        "status": 1,
        "fuel": 6893,
        "fault": 0.6667,
        "weapon": 0,
        "pilot_injury": 0.3696,
        "pilot_skill": 0.0333,
        "mission_priority": 0.8173,
        "estimated_landing_time": 1228.0,
        "wait_time": 0,
        "Landing_success_rate": 1.0
    },
    {
        "model": 2,
        "sequence": 10,
        "status": 1,
        "fuel": 6455,
        "fault": 0.0224,
        "weapon": 0,
        "pilot_injury": 0.405,
        "pilot_skill": 0.8954,
        "mission_priority": 0.2645,
        "estimated_landing_time": 946.0,
        "wait_time": 0,
        "Landing_success_rate": 1.0
    },
    {
        "model": 0,
        "sequence": 9,
        "status": 1,
        "fuel": 6218,
        "fault": 0.7875,
        "weapon": 1,
        "pilot_injury": 0.0646,
        "pilot_skill": 0.7806,
        "mission_priority": 0.7181,
        "estimated_landing_time": 852.0,
        "wait_time": 0,
        "Landing_success_rate": 1.0
    },
    {
        "model": 2,
        "sequence": 7,
        "status": 1,
        "fuel": 5748,
        "fault": 0.736,
        "weapon": 1,
        "pilot_injury": 0.9704,
        "pilot_skill": 0.0288,
        "mission_priority": 0.3377,
        "estimated_landing_time": 664.0,
        "wait_time": 0,
        "Landing_success_rate": 1.0
    },
    {
        "model": 0,
        "sequence": 26,
        "status": 1,
        "fuel": 5698,
        "fault": 0.0133,
        "weapon": 0,
        "pilot_injury": 0.9647,
        "pilot_skill": 0.7197,
        "mission_priority": 0.5057,
        "estimated_landing_time": 2450.0,
        "wait_time": 0,
        "Landing_success_rate": 1.0
    },
    {
        "model": 2,
        "sequence": 20,
        "status": 1,
        "fuel": 7421,
        "fault": 0.0767,
        "weapon": 1,
        "pilot_injury": 0.3201,
        "pilot_skill": 0.2716,
        "mission_priority": 0.6181,
        "estimated_landing_time": 1886.0,
        "wait_time": 0,
        "Landing_success_rate": 1.0
    },
    {
        "model": 2,
        "sequence": 3,
        "status": 1,
        "fuel": 6327,
        "fault": 0.9217,
        "weapon": 0,
        "pilot_injury": 0.4933,
        "pilot_skill": 0.6514,
        "mission_priority": 0.1246,
        "estimated_landing_time": 288.0,
        "wait_time": 0,
        "Landing_success_rate": 1.0
    },
    {
        "model": 2,
        "sequence": 12,
        "status": 1,
        "fuel": 5897,
        "fault": 0.9804,
        "weapon": 0,
        "pilot_injury": 0.541,
        "pilot_skill": 0.1876,
        "mission_priority": 0.5008,
        "estimated_landing_time": 1134.0,
        "wait_time": 0,
        "Landing_success_rate": 1.0
    },
    {
        "model": 1,
        "sequence": 30,
        "status": 1,
        "fuel": 7085,
        "fault": 0.7127,
        "weapon": 1,
        "pilot_injury": 0.3112,
        "pilot_skill": 0.3111,
        "mission_priority": 0.945,
        "estimated_landing_time": 2826.0,
        "wait_time": 0,
        "Landing_success_rate": 1.0
    },
    {
        "model": 1,
        "sequence": 25,
        "status": 1,
        "fuel": 6802,
        "fault": 0.1497,
        "weapon": 1,
        "pilot_injury": 0.6372,
        "pilot_skill": 0.3162,
        "mission_priority": 0.1238,
        "estimated_landing_time": 2356.0,
        "wait_time": 0,
        "Landing_success_rate": 1.0
    },
    {
        "model": 1,
        "sequence": 19,
        "status": 1,
        "fuel": 7282,
        "fault": 0.9658,
        "weapon": 1,
        "pilot_injury": 0.1692,
        "pilot_skill": 0.2491,
        "mission_priority": 0.7662,
        "estimated_landing_time": 1792.0,
        "wait_time": 0,
        "Landing_success_rate": 1.0
    },
    {
        "model": 2,
        "sequence": 15,
        "status": 1,
        "fuel": 6562,
        "fault": 0.3258,
        "weapon": 0,
        "pilot_injury": 0.6842,
        "pilot_skill": 0.9154,
        "mission_priority": 0.2852,
        "estimated_landing_time": 1416.0,
        "wait_time": 0,
        "Landing_success_rate": 1.0
    },
    {
        "model": 1,
        "sequence": 2,
        "status": 1,
        "fuel": 5784,
        "fault": 0.2594,
        "weapon": 1,
        "pilot_injury": 0.9719,
        "pilot_skill": 0.882,
        "mission_priority": 0.0504,
        "estimated_landing_time": 194.0,
        "wait_time": 0,
        "Landing_success_rate": 1.0
    },
    {
        "model": 2,
        "sequence": 4,
        "status": 1,
        "fuel": 5766,
        "fault": 0.1967,
        "weapon": 1,
        "pilot_injury": 0.789,
        "pilot_skill": 0.3726,
        "mission_priority": 0.9119,
        "estimated_landing_time": 382.0,
        "wait_time": 0,
        "Landing_success_rate": 1.0
    },
    {
        "model": 1,
        "sequence": 22,
        "status": 1,
        "fuel": 5790,
        "fault": 0.2247,
        "weapon": 1,
        "pilot_injury": 0.3994,
        "pilot_skill": 0.2682,
        "mission_priority": 0.5174,
        "estimated_landing_time": 2074.0,
        "wait_time": 0,
        "Landing_success_rate": 1.0
    },
    {
        "model": 0,
        "sequence": 16,
        "status": 1,
        "fuel": 6323,
        "fault": 0.5703,
        "weapon": 0,
        "pilot_injury": 0.6489,
        "pilot_skill": 0.6613,
        "mission_priority": 0.0771,
        "estimated_landing_time": 1510.0,
        "wait_time": 0,
        "Landing_success_rate": 1.0
    }
]