[
    {
        "model": 2,
        "sequence": 8,
        "status": 1,
        "fuel": 5921,
        "fault": 0.6828,
        "weapon": 0,
        "pilot_injury": 0.6094,
        "pilot_skill": 0.2392,
        "mission_priority": 0.0258,
        "estimated_landing_time": 758.0,
        "wait_time": 0,
        "Landing_success_rate": 1.0
    },
    {
        "model": 0,
        "sequence": 13,
        "status": 1,
        "fuel": 7094,
        "fault": 0.8849,
        "weapon": 0,
        "pilot_injury": 0.0239,
        "pilot_skill": 0.8955,
        "mission_priority": 0.5357,
        "estimated_landing_time": 1228.0,
        "wait_time": 0,
        "Landing_success_rate": 1.0
    },
    {
        "model": 0,
        "sequence": 18,
        "status": 1,
        "fuel": 6210,
        "fault": 0.2548,
        "weapon": 0,
        "pilot_injury": 0.1849,
        "pilot_skill": 0.4656,
        "mission_priority": 0.2877,
        "estimated_landing_time": 1698.0,
        "wait_time": 0,
        "Landing_success_rate": 1.0
    },
    {
        "model": 0,
        "sequence": 30,
        "status": 1,
        "fuel": 6161,
        "fault": 0.4111,
        "weapon": 0,
        "pilot_injury": 0.0941,
        "pilot_skill": 0.397,
        "mission_priority": 0.5466,
        "estimated_landing_time": 2826.0,
        "wait_time": 0,
        "Landing_success_rate": 1.0
    },
    {
        "model": 1,
        "sequence": 17,
        "status": 1,
        "fuel": 5550,
        "fault": 0.1529,
        "weapon": 1,
        "pilot_injury": 0.8862,
        "pilot_skill": 0.9924,
        "mission_priority": 0.9374,
        "estimated_landing_time": 1604.0,
        "wait_time": 0,
        "Landing_success_rate": 1.0
    },
    {
        "model": 0,
        "sequence": 12,
        "status": 1,
        "fuel": 6890,
        "fault": 0.3228,
        "weapon": 1,
        "pilot_injury": 0.0354,
        "pilot_skill": 0.5335,
        "mission_priority": 0.6637,
        "estimated_landing_time": 1134.0,
        "wait_time": 0,
        "Landing_success_rate": 1.0
    },
    {
        "model": 0,
        "sequence": 2,
        "status": 1,
        "fuel": 5620,
        "fault": 0.034,
        "weapon": 0,
        "pilot_injury": 0.5425,
        "pilot_skill": 0.9066,
        "mission_priority": 0.2609,
        "estimated_landing_time": 194.0,
        "wait_time": 0,
        "Landing_success_rate": 1.0
    },
    {
        "model": 2,
        "sequence": 1,
        "status": 1,
        "fuel": 6769,
        "fault": 0.4319,
        "weapon": 0,
        "pilot_injury": 0.186,
        "pilot_skill": 0.8349,
        "mission_priority": 0.6661,
        "estimated_landing_time": 100.0,
        "wait_time": 0,
        "Landing_success_rate": 1.0
    },
    {
        "model": 2,
        "sequence": 24,
        "status": 1,
        "fuel": 5664,
        "fault": 0.3157,
        "weapon": 1,
        "pilot_injury": 0.2793,
        "pilot_skill": 0.7745,
        "mission_priority": 0.0707,
        "estimated_landing_time": 2262.0,
        "wait_time": 0,
        "Landing_success_rate": 1.0
    },
    {
        "model": 1,
        "sequence": 3,
        "status": 1,
        "fuel": 7119,
        "fault": 0.1652,
        "weapon": 0,
        "pilot_injury": 0.8167,
        "pilot_skill": 0.7527,
        "mission_priority": 0.8419,
        "estimated_landing_time": 288.0,
        "wait_time": 0,
        "Landing_success_rate": 1.0
    },
    {
        "model": 1,
        "sequence": 23,
        "status": 1,
        "fuel": 7011,
        "fault": 0.1597,
        "weapon": 0,
        "pilot_injury": 0.4388,
        "pilot_skill": 0.6781,
        "mission_priority": 0.0311,
        "estimated_landing_time": 2168.0,
        "wait_time": 0,
        "Landing_success_rate": 1.0
    },
    {
        "model": 2,
        "sequence": 22,
        "status": 1,
        "fuel": 6248,
        "fault": 0.9519,
        "weapon": 1,
        "pilot_injury": 0.8661,
        "pilot_skill": 0.7709,
        "mission_priority": 0.2864,
        "estimated_landing_time": 2074.0,
        "wait_time": 0,
        "Landing_success_rate": 1.0
    },
    {
        "model": 0,
        "sequence": 6,
        "status": 1,
        "fuel": 6163,
        "fault": 0.4323,
        "weapon": 0,
        "pilot_injury": 0.1847,
        "pilot_skill": 0.1107,
        "mission_priority": 0.015,
        "estimated_landing_time": 570.0,
        "wait_time": 0,
        "Landing_success_rate": 1.0
    },
    {
        "model": 2,
        "sequence": 9,
        "status": 1,
        "fuel": 7229,
        "fault": 0.0993,
        "weapon": 0,
        "pilot_injury": 0.6378,
        "pilot_skill": 0.1108,
        "mission_priority": 0.6699,
        "estimated_landing_time": 852.0,
        "wait_time": 0,
        "Landing_success_rate": 1.0
    },
    {
        "model": 2,
        "sequence": 19,
        "status": 1,
        "fuel": 5833,
        "fault": 0.0704,
        "weapon": 1,
        "pilot_injury": 0.5998,
        "pilot_skill": 0.327,
        "mission_priority": 0.5635,
        "estimated_landing_time": 1792.0,
        "wait_time": 0,
        "Landing_success_rate": 1.0
    },
    {
        "model": 0,
        "sequence": 15,
        "status": 1,
        "fuel": 7187,
        "fault": 0.7502,
        "weapon": 1,
        "pilot_injury": 0.7846,
        "pilot_skill": 0.1664,
        "mission_priority": 0.6094,
        "estimated_landing_time": 1416.0,
        "wait_time": 0,
        "Landing_success_rate": 1.0
    },
    {
        "model": 2,
        "sequence": 16,
        "status": 1,
        "fuel": 7018,
        "fault": 0.0785,
        "weapon": 1,
        "pilot_injury": 0.17,
        "pilot_skill": 0.1561,
        "mission_priority": 0.5521,
        "estimated_landing_time": 1510.0,
        "wait_time": 0,
        "Landing_success_rate": 1.0
    },
    {
        "model": 2,
        "sequence": 10,
        "status": 1,
        "fuel": 5514,
        "fault": 0.1472,
        "weapon": 0,
        "pilot_injury": 0.8728,
        "pilot_skill": 0.0823,
        "mission_priority": 0.0828,
        "estimated_landing_time": 946.0,
        "wait_time": 0,
        "Landing_success_rate": 1.0
    },
    {
        "model": 0,
        "sequence": 28,
        "status": 1,
        "fuel": 7405,
        "fault": 0.9757,
        "weapon": 1,
        "pilot_injury": 0.3442,
        "pilot_skill": 0.5334,
        "mission_priority": 0.7549,
        "estimated_landing_time": 2638.0,
        "wait_time": 0,
        "Landing_success_rate": 1.0
    },
    {
        "model": 0,
        "sequence": 14,
        "status": 1,
        "fuel": 6648,
        "fault": 0.339,
        "weapon": 0,
        "pilot_injury": 0.0781,
        "pilot_skill": 0.0034,
        "mission_priority": 0.0156,
        "estimated_landing_time": 1322.0,
        "wait_time": 0,
        "Landing_success_rate": 1.0
    },
    {
        "model": 1,
        "sequence": 25,
        "status": 1,
        "fuel": 7288,
        "fault": 0.1397,
        "weapon": 1,
        "pilot_injury": 0.711,
        "pilot_skill": 0.98,
        "mission_priority": 0.8209,
        "estimated_landing_time": 2356.0,
        "wait_time": 0,
        "Landing_success_rate": 1.0
    },
    {
        "model": 1,
        "sequence": 29,
        "status": 1,
        "fuel": 5630,
        "fault": 0.9152,
        "weapon": 1,
        "pilot_injury": 0.9582,
        "pilot_skill": 0.7064,
        "mission_priority": 0.6163,
        "estimated_landing_time": 2732.0,
        "wait_time": 0,
        "Landing_success_rate": 1.0
    },
    {
        "model": 2,
        "sequence": 20,
        "status": 1,
        "fuel": 5613,
        "fault": 0.127,
        "weapon": 1,
        "pilot_injury": 0.5535,
        "pilot_skill": 0.3338,
        "mission_priority": 0.9704,
        "estimated_landing_time": 1886.0,
        "wait_time": 0,
        "Landing_success_rate": 1.0
    },
    {
        "model": 1,
        "sequence": 4,
        "status": 1,
        "fuel": 5729,
        "fault": 0.0364,
        "weapon": 0,
        "pilot_injury": 0.5856,
        "pilot_skill": 0.6391,
        "mission_priority": 0.6422,
        "estimated_landing_time": 382.0,
        "wait_time": 0,
        "Landing_success_rate": 1.0
    },
    {
        "model": 0,
        "sequence": 7,
        "status": 1,
        "fuel": 6142,
        "fault": 0.8095,
        "weapon": 1,
        "pilot_injury": 0.0674,
        "pilot_skill": 0.9384,
        "mission_priority": 0.6099,
        "estimated_landing_time": 664.0,
        "wait_time": 0,
        "Landing_success_rate": 1.0
    },
    {
        "model": 0,
        "sequence": 26,
        "status": 1,
        "fuel": 7458,
        "fault": 0.6909,
        "weapon": 1,
        "pilot_injury": 0.3593,
        "pilot_skill": 0.1482,
        "mission_priority": 0.822,
        "estimated_landing_time": 2450.0,
        "wait_time": 0,
        "Landing_success_rate": 1.0
    },
    {
        "model": 1,
        "sequence": 27,
        "status": 1,
        "fuel": 7499,
        "fault": 0.5418,
        "weapon": 1,
        "pilot_injury": 0.5225,
        "pilot_skill": 0.4364,
        "mission_priority": 0.551,
        "estimated_landing_time": 2544.0,
        "wait_time": 0,
        "Landing_success_rate": 1.0
    },
    {
        "model": 0,
        "sequence": 21,
        "status": 1,
        "fuel": 7195,
        "fault": 0.3779,
        "weapon": 0,
        "pilot_injury": 0.5923,
        "pilot_skill": 0.1258,
        "mission_priority": 0.7721,
        "estimated_landing_time": 1980.0,
        "wait_time": 0,
        "Landing_success_rate": 1.0
    },
    {
        "model": 0,
        "sequence": 11,
        "status": 1,
        "fuel": 6316,
        "fault": 0.6226,
        "weapon": 0,
        "pilot_injury": 0.1986,
        "pilot_skill": 0.1634,
        "mission_priority": 0.0527,
        "estimated_landing_time": 1040.0,
        "wait_time": 0,
        "Landing_success_rate": 1.0
    },
    {
        "model": 2,
        "sequence": 5,
        "status": 1,
        "fuel": 6031,
        "fault": 0.922,
        "weapon": 1,
        "pilot_injury": 0.3188,
        "pilot_skill": 0.2409,
        "mission_priority": 0.9949,
        "estimated_landing_time": 476.0,
        "wait_time": 0,
        "Landing_success_rate": 1.0
    }
]