[
    {
        "model": 2,
        "sequence": 6,
        "status": 1,
        "fuel": 7034,
        "fault": 0.8971,
        "weapon": 1,
        "pilot_injury": 0.4635,
        "pilot_skill": 0.002,
        "mission_priority": 0.0468,
        "estimated_landing_time": 570.0,
        "wait_time": 0,
        "Landing_success_rate": 1.0
    },
    {
        "model": 0,
        "sequence": 8,
        "status": 1,
        "fuel": 7120,
        "fault": 0.0441,
        "weapon": 1,
        "pilot_injury": 0.7663,
        "pilot_skill": 0.4504,
        "mission_priority": 0.4792,
        "estimated_landing_time": 758.0,
        "wait_time": 0,
        "Landing_success_rate": 1.0
    },
    {
        "model": 2,
        "sequence": 5,
        "status": 1,
        "fuel": 7050,
        "fault": 0.3332,
        "weapon": 0,
        "pilot_injury": 0.0639,
        "pilot_skill": 0.7387,
        "mission_priority": 0.0577,
        "estimated_landing_time": 476.0,
        "wait_time": 0,
        "Landing_success_rate": 1.0
    },
    {
        "model": 1,
        "sequence": 26,
        "status": 1,
        "fuel": 5876,
        "fault": 0.8336,
        "weapon": 0,
        "pilot_injury": 0.1174,
        "pilot_skill": 0.7066,
        "mission_priority": 0.0463,
        "estimated_landing_time": 2450.0,
        "wait_time": 0,
        "Landing_success_rate": 1.0
    },
    {
        "model": 2,
        "sequence": 2,
        "status": 1,
        "fuel": 7460,
        "fault": 0.7608,
        "weapon": 0,
        "pilot_injury": 0.969,
        "pilot_skill": 0.6682,
        "mission_priority": 0.2423,
        "estimated_landing_time": 194.0,
        "wait_time": 0,
        "Landing_success_rate": 1.0
    },
    {
        "model": 2,
        "sequence": 25,
        "status": 1,
        "fuel": 5884,
        "fault": 0.3165,
        "weapon": 0,
        "pilot_injury": 0.5759,
        "pilot_skill": 0.4291,
        "mission_priority": 0.2846,
        "estimated_landing_time": 2356.0,
        "wait_time": 0,
        "Landing_success_rate": 1.0
    },
    {
        "model": 1,
        "sequence": 28,
        "status": 1,
        "fuel": 6454,
        "fault": 0.32,
        "weapon": 1,
        "pilot_injury": 0.854,
        "pilot_skill": 0.0288,
        "mission_priority": 0.5301,
        "estimated_landing_time": 2638.0,
        "wait_time": 0,
        "Landing_success_rate": 1.0
    },
    {
        "model": 0,
        "sequence": 23,
        "status": 1,
        "fuel": 7003,
        "fault": 0.6688,
        "weapon": 0,
        "pilot_injury": 0.2823,
        "pilot_skill": 0.0515,
        "mission_priority": 0.595,
        "estimated_landing_time": 2168.0,
        "wait_time": 0,
        "Landing_success_rate": 1.0
    },
    {
        "model": 2,
        "sequence": 21,
        "status": 1,
        "fuel": 6930,
        "fault": 0.2805,
        "weapon": 1,
        "pilot_injury": 0.6163,
        "pilot_skill": 0.5618,
        "mission_priority": 0.9172,
        "estimated_landing_time": 1980.0,
        "wait_time": 0,
        "Landing_success_rate": 1.0
    },
    {
        "model": 2,
        "sequence": 17,
        "status": 1,
        "fuel": 6771,
        "fault": 0.0395,
        "weapon": 0,
        "pilot_injury": 0.5428,
        "pilot_skill": 0.0821,
        "mission_priority": 0.9321,
        "estimated_landing_time": 1604.0,
        "wait_time": 0,
        "Landing_success_rate": 1.0
    },
    {
        "model": 2,
        "sequence": 30,
        "status": 1,
        "fuel": 6867,
        "fault": 0.8309,
        "weapon": 0,
        "pilot_injury": 0.9825,
        "pilot_skill": 0.4797,
        "mission_priority": 0.8037,
        "estimated_landing_time": 2826.0,
        "wait_time": 0,
        "Landing_success_rate": 1.0
    },
    {
        "model": 0,
        "sequence": 14,
        "status": 1,
        "fuel": 6625,
        "fault": 0.4945,
        "weapon": 1,
        "pilot_injury": 0.2472,
        "pilot_skill": 0.0138,
        "mission_priority": 0.1859,
        "estimated_landing_time": 1322.0,
        "wait_time": 0,
        "Landing_success_rate": 1.0
    },
    {
        "model": 0,
        "sequence": 11,
        "status": 1,
        "fuel": 7253,
        "fault": 0.0625,
        "weapon": 0,
        "pilot_injury": 0.0774,
        "pilot_skill": 0.2202,
        "mission_priority": 0.0963,
        "estimated_landing_time": 1040.0,
        "wait_time": 0,
        "Landing_success_rate": 1.0
    },
    {
        "model": 1,
        "sequence": 16,
        "status": 1,
        "fuel": 6642,
        "fault": 0.9955,
        "weapon": 1,
        "pilot_injury": 0.471,
        "pilot_skill": 0.0889,
        "mission_priority": 0.5169,
        "estimated_landing_time": 1510.0,
        "wait_time": 0,
        "Landing_success_rate": 1.0
    },
    {
        "model": 2,
        "sequence": 24,
        "status": 1,
        "fuel": 7320,
        "fault": 0.7561,
        "weapon": 1,
        "pilot_injury": 0.31,
        "pilot_skill": 0.8744,
        "mission_priority": 0.7885,
        "estimated_landing_time": 2262.0,
        "wait_time": 0,
        "Landing_success_rate": 1.0
    },
    {
        "model": 1,
        "sequence": 1,
        "status": 1,
        "fuel": 7401,
        "fault": 0.2763,
        "weapon": 1,
        "pilot_injury": 0.3124,
        "pilot_skill": 0.9709,
        "mission_priority": 0.3818,
        "estimated_landing_time": 100.0,
        "wait_time": 0,
        "Landing_success_rate": 1.0
    },
    {
        "model": 0,
        "sequence": 12,
        "status": 1,
        "fuel": 5959,
        "fault": 0.4995,
        "weapon": 0,
        "pilot_injury": 0.1692,
        "pilot_skill": 0.7179,
        "mission_priority": 0.0151,
        "estimated_landing_time": 1134.0,
        "wait_time": 0,
        "Landing_success_rate": 1.0
    },
    {
        "model": 0,
        "sequence": 13,
        "status": 1,
        "fuel": 5985,
        "fault": 0.6571,
        "weapon": 0,
        "pilot_injury": 0.0679,
        "pilot_skill": 0.8886,
        "mission_priority": 0.7499,
        "estimated_landing_time": 1228.0,
        "wait_time": 0,
        "Landing_success_rate": 1.0
    },
    {
        "model": 1,
        "sequence": 18,
        "status": 1,
        "fuel": 6478,
        "fault": 0.9423,
        "weapon": 1,
        "pilot_injury": 0.7155,
        "pilot_skill": 0.7554,
        "mission_priority": 0.3957,
        "estimated_landing_time": 1698.0,
        "wait_time": 0,
        "Landing_success_rate": 1.0
    },
    {
        "model": 0,
        "sequence": 20,
        "status": 1,
        "fuel": 6904,
        "fault": 0.5531,
        "weapon": 0,
        "pilot_injury": 0.1957,
        "pilot_skill": 0.9112,
        "mission_priority": 0.7127,
        "estimated_landing_time": 1886.0,
        "wait_time": 0,
        "Landing_success_rate": 1.0
    },
    {
        "model": 2,
        "sequence": 22,
        "status": 1,
        "fuel": 6577,
        "fault": 0.1188,
        "weapon": 1,
        "pilot_injury": 0.6612,
        "pilot_skill": 0.2354,
        "mission_priority": 0.7511,
        "estimated_landing_time": 2074.0,
        "wait_time": 0,
        "Landing_success_rate": 1.0
    },
    {
        "model": 0,
        "sequence": 3,
        "status": 1,
        "fuel": 6706,
        "fault": 0.0939,
        "weapon": 0,
        "pilot_injury": 0.6927,
        "pilot_skill": 0.5523,
        "mission_priority": 0.7654,
        "estimated_landing_time": 288.0,
        "wait_time": 0,
        "Landing_success_rate": 1.0
    },
    {
        "model": 0,
        "sequence": 27,
        "status": 1,
        "fuel": 7359,
        "fault": 0.5212,
        "weapon": 1,
        "pilot_injury": 0.3075,
        "pilot_skill": 0.9761,
        "mission_priority": 0.6497,
        "estimated_landing_time": 2544.0,
        "wait_time": 0,
        "Landing_success_rate": 1.0
    },
    {
        "model": 1,
        "sequence": 29,
        "status": 1,
        "fuel": 6255,
        "fault": 0.5041,
        "weapon": 0,
        "pilot_injury": 0.9881,
        "pilot_skill": 0.599,
        "mission_priority": 0.2275,
        "estimated_landing_time": 2732.0,
        "wait_time": 0,
        "Landing_success_rate": 1.0
    },
    {
        "model": 0,
        "sequence": 19,
        "status": 1,
        "fuel": 6040,
        "fault": 0.7527,
        "weapon": 1,
        "pilot_injury": 0.9514,
        "pilot_skill": 0.4927,
        "mission_priority": 0.4847,
        "estimated_landing_time": 1792.0,
        "wait_time": 0,
        "Landing_success_rate": 1.0
    },
    {
        "model": 0,
        "sequence": 15,
        "status": 1,
        "fuel": 6259,
        "fault": 0.4399,
        "weapon": 0,
        "pilot_injury": 0.1965,
        "pilot_skill": 0.7684,
        "mission_priority": 0.9101,
        "estimated_landing_time": 1416.0,
        "wait_time": 0,
        "Landing_success_rate": 1.0
    },
    {
        "model": 1,
        "sequence": 7,
        "status": 1,
        "fuel": 7355,
        "fault": 0.2279,
        "weapon": 1,
        "pilot_injury": 0.4379,
        "pilot_skill": 0.2891,
        "mission_priority": 0.0392,
        "estimated_landing_time": 664.0,
        "wait_time": 0,
        "Landing_success_rate": 1.0
    },
    {
        "model": 2,
        "sequence": 9,
        "status": 1,
        "fuel": 6520,
        "fault": 0.2226,
        "weapon": 1,
        "pilot_injury": 0.0707,
        "pilot_skill": 0.1888,
        "mission_priority": 0.7368,
        "estimated_landing_time": 852.0,
        "wait_time": 0,
        "Landing_success_rate": 1.0
    },
    {
        "model": 1,
        "sequence": 10,
        "status": 1,
        "fuel": 6612,
        "fault": 0.207,
        "weapon": 0,
        "pilot_injury": 0.1653,
        "pilot_skill": 0.043,
        "mission_priority": 0.4686,
        "estimated_landing_time": 946.0,
        "wait_time": 0,
        "Landing_success_rate": 1.0
    },
    {
        "model": 2,
        "sequence": 4,
        "status": 1,
        "fuel": 6908,
        "fault": 0.3392,
        "weapon": 0,
        "pilot_injury": 0.5388,
        "pilot_skill": 0.9312,
        "mission_priority": 0.0612,
        "estimated_landing_time": 382.0,
        "wait_time": 0,
        "Landing_success_rate": 1.0
    }
]