[
    {
        "model": 2,
        "sequence": 16,
        "status": 1,
        "fuel": 7367,
        "fault": 0.0337,
        "weapon": 1,
        "pilot_injury": 0.2784,
        "pilot_skill": 0.1816,
        "mission_priority": 0.0765,
        "estimated_landing_time": 1510.0,
        "wait_time": 0,
        "Landing_success_rate": 1.0
    },
    {
        "model": 1,
        "sequence": 6,
        "status": 1,
        "fuel": 6681,
        "fault": 0.631,
        "weapon": 1,
        "pilot_injury": 0.8207,
        "pilot_skill": 0.7828,
        "mission_priority": 0.8478,
        "estimated_landing_time": 570.0,
        "wait_time": 0,
        "Landing_success_rate": 1.0
    },
    {
        "model": 2,
        "sequence": 22,
        "status": 1,
        "fuel": 7367,
        "fault": 0.76,
        "weapon": 1,
        "pilot_injury": 0.174,
        "pilot_skill": 0.8335,
        "mission_priority": 0.4633,
        "estimated_landing_time": 2074.0,
        "wait_time": 0,
        "Landing_success_rate": 1.0
    },
    {
        "model": 0,
        "sequence": 26,
        "status": 1,
        "fuel": 6058,
        "fault": 0.5659,
        "weapon": 0,
        "pilot_injury": 0.7275,
        "pilot_skill": 0.4579,
        "mission_priority": 0.5067,
        "estimated_landing_time": 2450.0,
        "wait_time": 0,
        "Landing_success_rate": 1.0
    },
    {
        "model": 0,
        "sequence": 28,
        "status": 1,
        "fuel": 6689,
        "fault": 0.9952,
        "weapon": 1,
        "pilot_injury": 0.374,
        "pilot_skill": 0.8069,
        "mission_priority": 0.0299,
        "estimated_landing_time": 2638.0,
        "wait_time": 0,
        "Landing_success_rate": 1.0
    },
    {
        "model": 0,
        "sequence": 17,
        "status": 1,
        "fuel": 6156,
        "fault": 0.2183,
        "weapon": 1,
        "pilot_injury": 0.2016,
        "pilot_skill": 0.3729,
        "mission_priority": 0.1864,
        "estimated_landing_time": 1604.0,
        "wait_time": 0,
        "Landing_success_rate": 1.0
    },
    {
        "model": 0,
        "sequence": 27,
        "status": 1,
        "fuel": 6102,
        "fault": 0.1626,
        "weapon": 1,
        "pilot_injury": 0.153,
        "pilot_skill": 0.8923,
        "mission_priority": 0.23,
        "estimated_landing_time": 2544.0,
        "wait_time": 0,
        "Landing_success_rate": 1.0
    },
    {
        "model": 1,
        "sequence": 2,
        "status": 1,
        "fuel": 7262,
        "fault": 0.9374,
        "weapon": 0,
        "pilot_injury": 0.5182,
        "pilot_skill": 0.4984,
        "mission_priority": 0.0027,
        "estimated_landing_time": 194.0,
        "wait_time": 0,
        "Landing_success_rate": 1.0
    },
    {
        "model": 0,
        "sequence": 7,
        "status": 1,
        "fuel": 5530,
        "fault": 0.0288,
        "weapon": 1,
        "pilot_injury": 0.9674,
        "pilot_skill": 0.2437,
        "mission_priority": 0.6037,
        "estimated_landing_time": 664.0,
        "wait_time": 0,
        "Landing_success_rate": 1.0
    },
    {
        "model": 1,
        "sequence": 8,
        "status": 1,
        "fuel": 6066,
        "fault": 0.242,
        "weapon": 1,
        "pilot_injury": 0.7817,
        "pilot_skill": 0.5723,
        "mission_priority": 0.0316,
        "estimated_landing_time": 758.0,
        "wait_time": 0,
        "Landing_success_rate": 1.0
    },
    {
        "model": 1,
        "sequence": 3,
        "status": 1,
        "fuel": 5803,
        "fault": 0.6477,
        "weapon": 1,
        "pilot_injury": 0.1808,
        "pilot_skill": 0.8244,
        "mission_priority": 0.1006,
        "estimated_landing_time": 288.0,
        "wait_time": 0,
        "Landing_success_rate": 1.0
    },
    {
        "model": 1,
        "sequence": 23,
        "status": 1,
        "fuel": 6806,
        "fault": 0.6822,
        "weapon": 1,
        "pilot_injury": 0.1567,
        "pilot_skill": 0.659,
        "mission_priority": 0.3605,
        "estimated_landing_time": 2168.0,
        "wait_time": 0,
        "Landing_success_rate": 1.0
    },
    {
        "model": 2,
        "sequence": 20,
        "status": 1,
        "fuel": 5654,
        "fault": 0.7588,
        "weapon": 0,
        "pilot_injury": 0.7537,
        "pilot_skill": 0.5568,
        "mission_priority": 0.476,
        "estimated_landing_time": 1886.0,
        "wait_time": 0,
        "Landing_success_rate": 1.0
    },
    {
        "model": 0,
        "sequence": 15,
        "status": 1,
        "fuel": 5680,
        "fault": 0.3514,
        "weapon": 0,
        "pilot_injury": 0.4815,
        "pilot_skill": 0.4429,
        "mission_priority": 0.4875,
        "estimated_landing_time": 1416.0,
        "wait_time": 0,
        "Landing_success_rate": 1.0
    },
    {
        "model": 2,
        "sequence": 10,
        "status": 1,
        "fuel": 5987,
        "fault": 0.9903,
        "weapon": 0,
        "pilot_injury": 0.3061,
        "pilot_skill": 0.6525,
        "mission_priority": 0.359,
        "estimated_landing_time": 946.0,
        "wait_time": 0,
        "Landing_success_rate": 1.0
    },
    {
        "model": 2,
        "sequence": 25,
        "status": 1,
        "fuel": 7008,
        "fault": 0.6175,
        "weapon": 0,
        "pilot_injury": 0.4188,
        "pilot_skill": 0.6159,
        "mission_priority": 0.2742,
        "estimated_landing_time": 2356.0,
        "wait_time": 0,
        "Landing_success_rate": 1.0
    },
    {
        "model": 1,
        "sequence": 19,
        "status": 1,
        "fuel": 6112,
        "fault": 0.253,
        "weapon": 1,
        "pilot_injury": 0.3009,
        "pilot_skill": 0.0649,
        "mission_priority": 0.0778,
        "estimated_landing_time": 1792.0,
        "wait_time": 0,
        "Landing_success_rate": 1.0
    },
    {
        "model": 0,
        "sequence": 11,
        "status": 1,
        "fuel": 5905,
        "fault": 0.9117,
        "weapon": 0,
        "pilot_injury": 0.5383,
        "pilot_skill": 0.4964,
        "mission_priority": 0.6342,
        "estimated_landing_time": 1040.0,
        "wait_time": 0,
        "Landing_success_rate": 1.0
    },
    {
        "model": 1,
        "sequence": 14,
        "status": 1,
        "fuel": 7321,
        "fault": 0.7697,
        "weapon": 1,
        "pilot_injury": 0.1334,
        "pilot_skill": 0.1774,
        "mission_priority": 0.3593,
        "estimated_landing_time": 1322.0,
        "wait_time": 0,
        "Landing_success_rate": 1.0
    },
    {
        "model": 0,
        "sequence": 21,
        "status": 1,
        "fuel": 5788,
        "fault": 0.7353,
        "weapon": 1,
        "pilot_injury": 0.9324,
        "pilot_skill": 0.3052,
        "mission_priority": 0.1093,
        "estimated_landing_time": 1980.0,
        "wait_time": 0,
        "Landing_success_rate": 1.0
    },
    {
        "model": 2,
        "sequence": 4,
        "status": 1,
        "fuel": 7220,
        "fault": 0.2059,
        "weapon": 1,
        "pilot_injury": 0.1656,
        "pilot_skill": 0.5541,
        "mission_priority": 0.9245,
        "estimated_landing_time": 382.0,
        "wait_time": 0,
        "Landing_success_rate": 1.0
    },
    {
        "model": 2,
        "sequence": 5,
        "status": 1,
        "fuel": 7254,
        "fault": 0.9192,
        "weapon": 1,
        "pilot_injury": 0.4429,
        "pilot_skill": 0.9535,
        "mission_priority": 0.7356,
        "estimated_landing_time": 476.0,
        "wait_time": 0,
        "Landing_success_rate": 1.0
    },
    {
        "model": 1,
        "sequence": 1,
        "status": 1,
        "fuel": 6928,
        "fault": 0.0669,
        "weapon": 0,
        "pilot_injury": 0.5185,
        "pilot_skill": 0.3814,
        "mission_priority": 0.6168,
        "estimated_landing_time": 100.0,
        "wait_time": 0,
        "Landing_success_rate": 1.0
    },
    {
        "model": 0,
        "sequence": 9,
        "status": 1,
        "fuel": 6045,
        "fault": 0.4857,
        "weapon": 1,
        "pilot_injury": 0.0745,
        "pilot_skill": 0.134,
        "mission_priority": 0.6507,
        "estimated_landing_time": 852.0,
        "wait_time": 0,
        "Landing_success_rate": 1.0
    },
    {
        "model": 1,
        "sequence": 12,
        "status": 1,
        "fuel": 7251,
        "fault": 0.3011,
        "weapon": 1,
        "pilot_injury": 0.1494,
        "pilot_skill": 0.61,
        "mission_priority": 0.6254,
        "estimated_landing_time": 1134.0,
        "wait_time": 0,
        "Landing_success_rate": 1.0
    },
    {
        "model": 1,
        "sequence": 29,
        "status": 1,
        "fuel": 5863,
        "fault": 0.7829,
        "weapon": 0,
        "pilot_injury": 0.6878,
        "pilot_skill": 0.7248,
        "mission_priority": 0.8192,
        "estimated_landing_time": 2732.0,
        "wait_time": 0,
        "Landing_success_rate": 1.0
    },
    {
        "model": 2,
        "sequence": 24,
        "status": 1,
        "fuel": 6561,
        "fault": 0.5103,
        "weapon": 0,
        "pilot_injury": 0.6662,
        "pilot_skill": 0.9412,
        "mission_priority": 0.7579,
        "estimated_landing_time": 2262.0,
        "wait_time": 0,
        "Landing_success_rate": 1.0
    },
    {
        "model": 1,
        "sequence": 18,
        "status": 1,
        "fuel": 5955,
        "fault": 0.8347,
        "weapon": 1,
        "pilot_injury": 0.2526,
        "pilot_skill": 0.1841,
        "mission_priority": 0.2032,
        "estimated_landing_time": 1698.0,
        "wait_time": 0,
        "Landing_success_rate": 1.0
    },
    {
        "model": 1,
        "sequence": 30,
        "status": 1,
        "fuel": 7303,
        "fault": 0.5572,
        "weapon": 1,
        "pilot_injury": 0.9779,
        "pilot_skill": 0.8472,
        "mission_priority": 0.9249,
        "estimated_landing_time": 2826.0,
        "wait_time": 0,
        "Landing_success_rate": 1.0
    },
    {
        "model": 0,
        "sequence": 13,
        "status": 1,
        "fuel": 5899,
        "fault": 0.5193,
        "weapon": 0,
        "pilot_injury": 0.7385,
        "pilot_skill": 0.0181,
        "mission_priority": 0.6437,
        "estimated_landing_time": 1228.0,
        "wait_time": 0,
        "Landing_success_rate": 1.0
    }
]