[
    {
        "model": 0,
        "sequence": 11,
        "status": 1,
        "fuel": 6966,
        "fault": 0.698,
        "weapon": 0,
        "pilot_injury": 0.3819,
        "pilot_skill": 0.5863,
        "mission_priority": 0.3944,
        "estimated_landing_time": 1040.0,
        "wait_time": 0,
        "Landing_success_rate": 1.0
    },
    {
        "model": 0,
        "sequence": 4,
        "status": 1,
        "fuel": 5844,
        "fault": 0.6646,
        "weapon": 1,
        "pilot_injury": 0.7284,
        "pilot_skill": 0.9453,
        "mission_priority": 0.4091,
        "estimated_landing_time": 382.0,
        "wait_time": 0,
        "Landing_success_rate": 1.0
    },
    {
        "model": 0,
        "sequence": 8,
        "status": 1,
        "fuel": 5733,
        "fault": 0.8908,
        "weapon": 1,
        "pilot_injury": 0.8314,
        "pilot_skill": 0.0343,
        "mission_priority": 0.3557,
        "estimated_landing_time": 758.0,
        "wait_time": 0,
        "Landing_success_rate": 1.0
    },
    {
        "model": 2,
        "sequence": 9,
        "status": 1,
        "fuel": 6193,
        "fault": 0.6808,
        "weapon": 0,
        "pilot_injury": 0.8651,
        "pilot_skill": 0.8149,
        "mission_priority": 0.8112,
        "estimated_landing_time": 852.0,
        "wait_time": 0,
        "Landing_success_rate": 1.0
    },
    {
        "model": 0,
        "sequence": 27,
        "status": 1,
        "fuel": 6669,
        "fault": 0.2584,
        "weapon": 0,
        "pilot_injury": 0.1724,
        "pilot_skill": 0.6707,
        "mission_priority": 0.1338,
        "estimated_landing_time": 2544.0,
        "wait_time": 0,
        "Landing_success_rate": 1.0
    },
    {
        "model": 0,
        "sequence": 20,
        "status": 1,
        "fuel": 6796,
        "fault": 0.7739,
        "weapon": 1,
        "pilot_injury": 0.0945,
        "pilot_skill": 0.3298,
        "mission_priority": 0.9697,
        "estimated_landing_time": 1886.0,
        "wait_time": 0,
        "Landing_success_rate": 1.0
    },
    {
        "model": 2,
        "sequence": 14,
        "status": 1,
        "fuel": 6532,
        "fault": 0.4922,
        "weapon": 0,
        "pilot_injury": 0.9936,
        "pilot_skill": 0.4364,
        "mission_priority": 0.9431,
        "estimated_landing_time": 1322.0,
        "wait_time": 0,
        "Landing_success_rate": 1.0
    },
    {
        "model": 0,
        "sequence": 30,
        "status": 1,
        "fuel": 6481,
        "fault": 0.9259,
        "weapon": 1,
        "pilot_injury": 0.8616,
        "pilot_skill": 0.8847,
        "mission_priority": 0.1304,
        "estimated_landing_time": 2826.0,
        "wait_time": 0,
        "Landing_success_rate": 1.0
    },
    {
        "model": 0,
        "sequence": 3,
        "status": 1,
        "fuel": 5776,
        "fault": 0.9414,
        "weapon": 1,
        "pilot_injury": 0.819,
        "pilot_skill": 0.0914,
        "mission_priority": 0.0848,
        "estimated_landing_time": 288.0,
        "wait_time": 0,
        "Landing_success_rate": 1.0
    },
    {
        "model": 2,
        "sequence": 19,
        "status": 1,
        "fuel": 5746,
        "fault": 0.9837,
        "weapon": 0,
        "pilot_injury": 0.0125,
        "pilot_skill": 0.9506,
        "mission_priority": 0.5254,
        "estimated_landing_time": 1792.0,
        "wait_time": 0,
        "Landing_success_rate": 1.0
    },
    {
        "model": 1,
        "sequence": 15,
        "status": 1,
        "fuel": 6502,
        "fault": 0.0348,
        "weapon": 1,
        "pilot_injury": 0.7158,
        "pilot_skill": 0.2733,
        "mission_priority": 0.2911,
        "estimated_landing_time": 1416.0,
        "wait_time": 0,
        "Landing_success_rate": 1.0
    },
    {
        "model": 0,
        "sequence": 13,
        "status": 1,
        "fuel": 5553,
        "fault": 0.0974,
        "weapon": 1,
        "pilot_injury": 0.7064,
        "pilot_skill": 0.3241,
        "mission_priority": 0.3225,
        "estimated_landing_time": 1228.0,
        "wait_time": 0,
        "Landing_success_rate": 1.0
    },
    {
        "model": 1,
        "sequence": 28,
        "status": 1,
        "fuel": 5670,
        "fault": 0.2003,
        "weapon": 0,
        "pilot_injury": 0.6494,
        "pilot_skill": 0.6177,
        "mission_priority": 0.3725,
        "estimated_landing_time": 2638.0,
        "wait_time": 0,
        "Landing_success_rate": 1.0
    },
    {
        "model": 1,
        "sequence": 23,
        "status": 1,
        "fuel": 7002,
        "fault": 0.4628,
        "weapon": 1,
        "pilot_injury": 0.6454,
        "pilot_skill": 0.4331,
        "mission_priority": 0.1343,
        "estimated_landing_time": 2168.0,
        "wait_time": 0,
        "Landing_success_rate": 1.0
    },
    {
        "model": 1,
        "sequence": 2,
        "status": 1,
        "fuel": 6646,
        "fault": 0.5387,
        "weapon": 0,
        "pilot_injury": 0.8675,
        "pilot_skill": 0.4578,
        "mission_priority": 0.6574,
        "estimated_landing_time": 194.0,
        "wait_time": 0,
        "Landing_success_rate": 1.0
    },
    {
        "model": 2,
        "sequence": 24,
        "status": 1,
        "fuel": 7207,
        "fault": 0.9572,
        "weapon": 1,
        "pilot_injury": 0.4476,
        "pilot_skill": 0.5391,
        "mission_priority": 0.8415,
        "estimated_landing_time": 2262.0,
        "wait_time": 0,
        "Landing_success_rate": 1.0
    },
    {
        "model": 1,
        "sequence": 21,
        "status": 1,
        "fuel": 6711,
        "fault": 0.2245,
        "weapon": 0,
        "pilot_injury": 0.6418,
        "pilot_skill": 0.9203,
        "mission_priority": 0.8374,
        "estimated_landing_time": 1980.0,
        "wait_time": 0,
        "Landing_success_rate": 1.0
    },
    {
        "model": 2,
        "sequence": 12,
        "status": 1,
        "fuel": 5719,
        "fault": 0.3848,
        "weapon": 1,
        "pilot_injury": 0.5144,
        "pilot_skill": 0.7827,
        "mission_priority": 0.1815,
        "estimated_landing_time": 1134.0,
        "wait_time": 0,
        "Landing_success_rate": 1.0
    },
    {
        "model": 0,
        "sequence": 17,
        "status": 1,
        "fuel": 6897,
        "fault": 0.2794,
        "weapon": 0,
        "pilot_injury": 0.5752,
        "pilot_skill": 0.8513,
        "mission_priority": 0.4313,
        "estimated_landing_time": 1604.0,
        "wait_time": 0,
        "Landing_success_rate": 1.0
    },
    {
        "model": 1,
        "sequence": 6,
        "status": 1,
        "fuel": 6217,
        "fault": 0.2339,
        "weapon": 0,
        "pilot_injury": 0.6473,
        "pilot_skill": 0.5167,
        "mission_priority": 0.4758,
        "estimated_landing_time": 570.0,
        "wait_time": 0,
        "Landing_success_rate": 1.0
    },
    {
        "model": 1,
        "sequence": 26,
        "status": 1,
        "fuel": 7261,
        "fault": 0.3401,
        "weapon": 1,
        "pilot_injury": 0.5847,
        "pilot_skill": 0.1148,
        "mission_priority": 0.5628,
        "estimated_landing_time": 2450.0,
        "wait_time": 0,
        "Landing_success_rate": 1.0
    },
    {
        "model": 1,
        "sequence": 7,
        "status": 1,
        "fuel": 6258,
        "fault": 0.5585,
        "weapon": 1,
        "pilot_injury": 0.422,
        "pilot_skill": 0.802,
        "mission_priority": 0.3697,
        "estimated_landing_time": 664.0,
        "wait_time": 0,
        "Landing_success_rate": 1.0
    },
    {
        "model": 0,
        "sequence": 5,
        "status": 1,
        "fuel": 5816,
        "fault": 0.9339,
        "weapon": 1,
        "pilot_injury": 0.2231,
        "pilot_skill": 0.6864,
        "mission_priority": 0.8286,
        "estimated_landing_time": 476.0,
        "wait_time": 0,
        "Landing_success_rate": 1.0
    },
    {
        "model": 0,
        "sequence": 1,
        "status": 1,
        "fuel": 5967,
        "fault": 0.5033,
        "weapon": 1,
        "pilot_injury": 0.6057,
        "pilot_skill": 0.8102,
        "mission_priority": 0.9829,
        "estimated_landing_time": 100.0,
        "wait_time": 0,
        "Landing_success_rate": 1.0
    },
    {
        "model": 2,
        "sequence": 29,
        "status": 1,
        "fuel": 5622,
        "fault": 0.6382,
        "weapon": 0,
        "pilot_injury": 0.1899,
        "pilot_skill": 0.4652,
        "mission_priority": 0.4996,
        "estimated_landing_time": 2732.0,
        "wait_time": 0,
        "Landing_success_rate": 1.0
    },
    {
        "model": 2,
        "sequence": 18,
        "status": 1,
        "fuel": 6416,
        "fault": 0.6872,
        "weapon": 1,
        "pilot_injury": 0.3247,
        "pilot_skill": 0.0432,
        "mission_priority": 0.0348,
        "estimated_landing_time": 1698.0,
        "wait_time": 0,
        "Landing_success_rate": 1.0
    },
    {
        "model": 2,
        "sequence": 22,
        "status": 1,
        "fuel": 5754,
        "fault": 0.3591,
        "weapon": 1,
        "pilot_injury": 0.4175,
        "pilot_skill": 0.1907,
        "mission_priority": 0.8223,
        "estimated_landing_time": 2074.0,
        "wait_time": 0,
        "Landing_success_rate": 1.0
    },
    {
        "model": 2,
        "sequence": 10,
        "status": 1,
        "fuel": 5802,
        "fault": 0.9727,
        "weapon": 0,
        "pilot_injury": 0.797,
        "pilot_skill": 0.9892,
        "mission_priority": 0.245,
        "estimated_landing_time": 946.0,
        "wait_time": 0,
        "Landing_success_rate": 1.0
    },
    {
        "model": 2,
        "sequence": 16,
        "status": 1,
        "fuel": 5798,
        "fault": 0.3572,
        "weapon": 1,
        "pilot_injury": 0.1379,
        "pilot_skill": 0.0772,
        "mission_priority": 0.521,
        "estimated_landing_time": 1510.0,
        "wait_time": 0,
        "Landing_success_rate": 1.0
    },
    {
        "model": 2,
        "sequence": 25,
        "status": 1,
        "fuel": 5542,
        "fault": 0.9093,
        "weapon": 1,
        "pilot_injury": 0.29,
        "pilot_skill": 0.4189,
        "mission_priority": 0.8222,
        "estimated_landing_time": 2356.0,
        "wait_time": 0,
        "Landing_success_rate": 1.0
    }
]