[
    {
        "model": 2,
        "sequence": 4,
        "status": 1,
        "fuel": 5577,
        "fault": 0.75,
        "weapon": 0,
        "pilot_injury": 0.2544,
        "pilot_skill": 0.179,
        "mission_priority": 0.1448,
        "estimated_landing_time": 382.0,
        "wait_time": 0,
        "Landing_success_rate": 1.0
    },
    {
        "model": 1,
        "sequence": 14,
        "status": 1,
        "fuel": 7349,
        "fault": 0.8632,
        "weapon": 0,
        "pilot_injury": 0.4444,
        "pilot_skill": 0.6632,
        "mission_priority": 0.9288,
        "estimated_landing_time": 1322.0,
        "wait_time": 0,
        "Landing_success_rate": 1.0
    },
    {
        "model": 2,
        "sequence": 16,
        "status": 1,
        "fuel": 6883,
        "fault": 0.4832,
        "weapon": 0,
        "pilot_injury": 0.2791,
        "pilot_skill": 0.2875,
        "mission_priority": 0.6294,
        "estimated_landing_time": 1510.0,
        "wait_time": 0,
        "Landing_success_rate": 1.0
    },
    {
        "model": 1,
        "sequence": 21,
        "status": 1,
        "fuel": 5809,
        "fault": 0.4202,
        "weapon": 0,
        "pilot_injury": 0.7114,
        "pilot_skill": 0.1832,
        "mission_priority": 0.9294,
        "estimated_landing_time": 1980.0,
        "wait_time": 0,
        "Landing_success_rate": 1.0
    },
    {
        "model": 2,
        "sequence": 28,
        "status": 1,
        "fuel": 6172,
        "fault": 0.1412,
        "weapon": 0,
        "pilot_injury": 0.7537,
        "pilot_skill": 0.9918,
        "mission_priority": 0.9553,
        "estimated_landing_time": 2638.0,
        "wait_time": 0,
        "Landing_success_rate": 1.0
    },
    {
        "model": 0,
        "sequence": 22,
        "status": 1,
        "fuel": 6039,
        "fault": 0.1961,
        "weapon": 1,
        "pilot_injury": 0.0117,
        "pilot_skill": 0.8982,
        "mission_priority": 0.0356,
        "estimated_landing_time": 2074.0,
        "wait_time": 0,
        "Landing_success_rate": 1.0
    },
    {
        "model": 2,
        "sequence": 11,
        "status": 1,
        "fuel": 7199,
        "fault": 0.7823,
        "weapon": 1,
        "pilot_injury": 0.242,
        "pilot_skill": 0.0234,
        "mission_priority": 0.0369,
        "estimated_landing_time": 1040.0,
        "wait_time": 0,
        "Landing_success_rate": 1.0
    },
    {
        "model": 1,
        "sequence": 12,
        "status": 1,
        "fuel": 6710,
        "fault": 0.4876,
        "weapon": 0,
        "pilot_injury": 0.5658,
        "pilot_skill": 0.5383,
        "mission_priority": 0.6203,
        "estimated_landing_time": 1134.0,
        "wait_time": 0,
        "Landing_success_rate": 1.0
    },
    {
        "model": 2,
        "sequence": 27,
        "status": 1,
        "fuel": 5678,
        "fault": 0.9897,
        "weapon": 0,
        "pilot_injury": 0.88,
        "pilot_skill": 0.4756,
        "mission_priority": 0.7527,
        "estimated_landing_time": 2544.0,
        "wait_time": 0,
        "Landing_success_rate": 1.0
    },
    {
        "model": 0,
        "sequence": 30,
        "status": 1,
        "fuel": 6682,
        "fault": 0.2885,
        "weapon": 1,
        "pilot_injury": 0.4781,
        "pilot_skill": 0.6046,
        "mission_priority": 0.5024,
        "estimated_landing_time": 2826.0,
        "wait_time": 0,
        "Landing_success_rate": 1.0
    },
    {
        "model": 1,
        "sequence": 18,
        "status": 1,
        "fuel": 7452,
        "fault": 0.5632,
        "weapon": 0,
        "pilot_injury": 0.1343,
        "pilot_skill": 0.3025,
        "mission_priority": 0.2639,
        "estimated_landing_time": 1698.0,
        "wait_time": 0,
        "Landing_success_rate": 1.0
    },
    {
        "model": 0,
        "sequence": 9,
        "status": 1,
        "fuel": 6096,
        "fault": 0.9826,
        "weapon": 0,
        "pilot_injury": 0.3592,
        "pilot_skill": 0.5339,
        "mission_priority": 0.4901,
        "estimated_landing_time": 852.0,
        "wait_time": 0,
        "Landing_success_rate": 1.0
    },
    {
        "model": 2,
        "sequence": 26,
        "status": 1,
        "fuel": 7159,
        "fault": 0.9299,
        "weapon": 0,
        "pilot_injury": 0.5393,
        "pilot_skill": 0.059,
        "mission_priority": 0.6163,
        "estimated_landing_time": 2450.0,
        "wait_time": 0,
        "Landing_success_rate": 1.0
    },
    {
        "model": 2,
        "sequence": 6,
        "status": 1,
        "fuel": 6854,
        "fault": 0.7899,
        "weapon": 0,
        "pilot_injury": 0.1353,
        "pilot_skill": 0.7983,
        "mission_priority": 0.7704,
        "estimated_landing_time": 570.0,
        "wait_time": 0,
        "Landing_success_rate": 1.0
    },
    {
        "model": 1,
        "sequence": 29,
        "status": 1,
        "fuel": 6149,
        "fault": 0.543,
        "weapon": 0,
        "pilot_injury": 0.3156,
        "pilot_skill": 0.3026,
        "mission_priority": 0.1802,
        "estimated_landing_time": 2732.0,
        "wait_time": 0,
        "Landing_success_rate": 1.0
    },
    {
        "model": 0,
        "sequence": 15,
        "status": 1,
        "fuel": 7132,
        "fault": 0.2823,
        "weapon": 1,
        "pilot_injury": 0.872,
        "pilot_skill": 0.3469,
        "mission_priority": 0.5473,
        "estimated_landing_time": 1416.0,
        "wait_time": 0,
        "Landing_success_rate": 1.0
    },
    {
        "model": 0,
        "sequence": 13,
        "status": 1,
        "fuel": 7217,
        "fault": 0.1163,
        "weapon": 1,
        "pilot_injury": 0.2235,
        "pilot_skill": 0.887,
        "mission_priority": 0.18,
        "estimated_landing_time": 1228.0,
        "wait_time": 0,
        "Landing_success_rate": 1.0
    },
    {
        "model": 1,
        "sequence": 19,
        "status": 1,
        "fuel": 6156,
        "fault": 0.4772,
        "weapon": 1,
        "pilot_injury": 0.2112,
        "pilot_skill": 0.0097,
        "mission_priority": 0.2916,
        "estimated_landing_time": 1792.0,
        "wait_time": 0,
        "Landing_success_rate": 1.0
    },
    {
        "model": 2,
        "sequence": 7,
        "status": 1,
        "fuel": 5861,
        "fault": 0.0759,
        "weapon": 0,
        "pilot_injury": 0.0529,
        "pilot_skill": 0.0642,
        "mission_priority": 0.3545,
        "estimated_landing_time": 664.0,
        "wait_time": 0,
        "Landing_success_rate": 1.0
    },
    {
        "model": 2,
        "sequence": 20,
        "status": 1,
        "fuel": 6065,
        "fault": 0.5728,
        "weapon": 0,
        "pilot_injury": 0.0237,
        "pilot_skill": 0.1781,
        "mission_priority": 0.939,
        "estimated_landing_time": 1886.0,
        "wait_time": 0,
        "Landing_success_rate": 1.0
    },
    {
        "model": 0,
        "sequence": 1,
        "status": 1,
        "fuel": 7230,
        "fault": 0.7677,
        "weapon": 1,
        "pilot_injury": 0.0513,
        "pilot_skill": 0.0076,
        "mission_priority": 0.7818,
        "estimated_landing_time": 100.0,
        "wait_time": 0,
        "Landing_success_rate": 1.0
    },
    {
        "model": 1,
        "sequence": 3,
        "status": 1,
        "fuel": 6360,
        "fault": 0.4591,
        "weapon": 0,
        "pilot_injury": 0.2382,
        "pilot_skill": 0.1605,
        "mission_priority": 0.8285,
        "estimated_landing_time": 288.0,
        "wait_time": 0,
        "Landing_success_rate": 1.0
    },
    {
        "model": 0,
        "sequence": 5,
        "status": 1,
        "fuel": 6056,
        "fault": 0.8658,
        "weapon": 0,
        "pilot_injury": 0.3604,
        "pilot_skill": 0.2754,
        "mission_priority": 0.7607,
        "estimated_landing_time": 476.0,
        "wait_time": 0,
        "Landing_success_rate": 1.0
    },
    {
        "model": 2,
        "sequence": 25,
        "status": 1,
        "fuel": 6637,
        "fault": 0.8471,
        "weapon": 0,
        "pilot_injury": 0.077,
        "pilot_skill": 0.3751,
        "mission_priority": 0.4401,
        "estimated_landing_time": 2356.0,
        "wait_time": 0,
        "Landing_success_rate": 1.0
    },
    {
        "model": 2,
        "sequence": 8,
        "status": 1,
        "fuel": 5907,
        "fault": 0.4175,
        "weapon": 1,
        "pilot_injury": 0.9511,
        "pilot_skill": 0.3856,
        "mission_priority": 0.9,
        "estimated_landing_time": 758.0,
        "wait_time": 0,
        "Landing_success_rate": 1.0
    },
    {
        "model": 0,
        "sequence": 17,
        "status": 1,
        "fuel": 7086,
        "fault": 0.4827,
        "weapon": 0,
        "pilot_injury": 0.7065,
        "pilot_skill": 0.2091,
        "mission_priority": 0.1351,
        "estimated_landing_time": 1604.0,
        "wait_time": 0,
        "Landing_success_rate": 1.0
    },
    {
        "model": 2,
        "sequence": 10,
        "status": 1,
        "fuel": 6272,
        "fault": 0.2629,
        "weapon": 1,
        "pilot_injury": 0.6283,
        "pilot_skill": 0.8854,
        "mission_priority": 0.9778,
        "estimated_landing_time": 946.0,
        "wait_time": 0,
        "Landing_success_rate": 1.0
    },
    {
        "model": 2,
        "sequence": 24,
        "status": 1,
        "fuel": 6213,
        "fault": 0.6138,
        "weapon": 0,
        "pilot_injury": 0.0001,
        "pilot_skill": 0.9849,
        "mission_priority": 0.8178,
        "estimated_landing_time": 2262.0,
        "wait_time": 0,
        "Landing_success_rate": 1.0
    },
    {
        "model": 1,
        "sequence": 23,
        "status": 1,
        "fuel": 7266,
        "fault": 0.0811,
        "weapon": 0,
        "pilot_injury": 0.5177,
        "pilot_skill": 0.8385,
        "mission_priority": 0.556,
        "estimated_landing_time": 2168.0,
        "wait_time": 0,
        "Landing_success_rate": 1.0
    },
    {
        "model": 1,
        "sequence": 2,
        "status": 1,
        "fuel": 6889,
        "fault": 0.527,
        "weapon": 0,
        "pilot_injury": 0.9825,
        "pilot_skill": 0.5846,
        "mission_priority": 0.5679,
        "estimated_landing_time": 194.0,
        "wait_time": 0,
        "Landing_success_rate": 1.0
    }
]