[
    {
        "model": 1,
        "sequence": 3,
        "status": 1,
        "fuel": 5885,
        "fault": 0.9,
        "weapon": 1,
        "pilot_injury": 0.5612,
        "pilot_skill": 0.5006,
        "mission_priority": 0.7139,
        "estimated_landing_time": 288.0,
        "wait_time": 0,
        "Landing_success_rate": 1.0
    },
    {
        "model": 0,
        "sequence": 30,
        "status": 1,
        "fuel": 5655,
        "fault": 0.0465,
        "weapon": 0,
        "pilot_injury": 0.9192,
        "pilot_skill": 0.6828,
        "mission_priority": 0.0465,
        "estimated_landing_time": 2826.0,
        "wait_time": 0,
        "Landing_success_rate": 1.0
    },
    {
        "model": 0,
        "sequence": 27,
        "status": 1,
        "fuel": 7399,
        "fault": 0.7661,
        "weapon": 0,
        "pilot_injury": 0.0432,
        "pilot_skill": 0.7622,
        "mission_priority": 0.2816,
        "estimated_landing_time": 2544.0,
        "wait_time": 0,
        "Landing_success_rate": 1.0
    },
    {
        "model": 2,
        "sequence": 5,
        "status": 1,
        "fuel": 7286,
        "fault": 0.9679,
        "weapon": 0,
        "pilot_injury": 0.9949,
        "pilot_skill": 0.6344,
        "mission_priority": 0.4915,
        "estimated_landing_time": 476.0,
        "wait_time": 0,
        "Landing_success_rate": 1.0
    },
    {
        "model": 0,
        "sequence": 23,
        "status": 1,
        "fuel": 7094,
        "fault": 0.4853,
        "weapon": 1,
        "pilot_injury": 0.4292,
        "pilot_skill": 0.7023,
        "mission_priority": 0.7693,
        "estimated_landing_time": 2168.0,
        "wait_time": 0,
        "Landing_success_rate": 1.0
    },
    {
        "model": 1,
        "sequence": 8,
        "status": 1,
        "fuel": 6720,
        "fault": 0.395,
        "weapon": 0,
        "pilot_injury": 0.5916,
        "pilot_skill": 0.8931,
        "mission_priority": 0.8764,
        "estimated_landing_time": 758.0,
        "wait_time": 0,
        "Landing_success_rate": 1.0
    },
    {
        "model": 2,
        "sequence": 12,
        "status": 1,
        "fuel": 5507,
        "fault": 0.6246,
        "weapon": 0,
        "pilot_injury": 0.0651,
        "pilot_skill": 0.3345,
        "mission_priority": 0.6217,
        "estimated_landing_time": 1134.0,
        "wait_time": 0,
        "Landing_success_rate": 1.0
    },
    {
        "model": 0,
        "sequence": 26,
        "status": 1,
        "fuel": 5931,
        "fault": 0.6012,
        "weapon": 0,
        "pilot_injury": 0.3794,
        "pilot_skill": 0.9366,
        "mission_priority": 0.1632,
        "estimated_landing_time": 2450.0,
        "wait_time": 0,
        "Landing_success_rate": 1.0
    },
    {
        "model": 0,
        "sequence": 15,
        "status": 1,
        "fuel": 5975,
        "fault": 0.6465,
        "weapon": 0,
        "pilot_injury": 0.4623,
        "pilot_skill": 0.8229,
        "mission_priority": 0.1538,
        "estimated_landing_time": 1416.0,
        "wait_time": 0,
        "Landing_success_rate": 1.0
    },
    {
        "model": 0,
        "sequence": 28,
        "status": 1,
        "fuel": 6193,
        "fault": 0.1895,
        "weapon": 1,
        "pilot_injury": 0.0349,
        "pilot_skill": 0.0415,
        "mission_priority": 0.4906,
        "estimated_landing_time": 2638.0,
        "wait_time": 0,
        "Landing_success_rate": 1.0
    },
    {
        "model": 1,
        "sequence": 21,
        "status": 1,
        "fuel": 5501,
        "fault": 0.6581,
        "weapon": 1,
        "pilot_injury": 0.0439,
        "pilot_skill": 0.9769,
        "mission_priority": 0.6542,
        "estimated_landing_time": 1980.0,
        "wait_time": 0,
        "Landing_success_rate": 1.0
    },
    {
        "model": 1,
        "sequence": 29,
        "status": 1,
        "fuel": 7292,
        "fault": 0.7699,
        "weapon": 0,
        "pilot_injury": 0.8249,
        "pilot_skill": 0.8334,
        "mission_priority": 0.1591,
        "estimated_landing_time": 2732.0,
        "wait_time": 0,
        "Landing_success_rate": 1.0
    },
    {
        "model": 0,
        "sequence": 14,
        "status": 1,
        "fuel": 7308,
        "fault": 0.1453,
        "weapon": 0,
        "pilot_injury": 0.7624,
        "pilot_skill": 0.9187,
        "mission_priority": 0.3351,
        "estimated_landing_time": 1322.0,
        "wait_time": 0,
        "Landing_success_rate": 1.0
    },
    {
        "model": 2,
        "sequence": 9,
        "status": 1,
        "fuel": 6071,
        "fault": 0.9485,
        "weapon": 0,
        "pilot_injury": 0.9868,
        "pilot_skill": 0.6126,
        "mission_priority": 0.7212,
        "estimated_landing_time": 852.0,
        "wait_time": 0,
        "Landing_success_rate": 1.0
    },
    {
        "model": 1,
        "sequence": 24,
        "status": 1,
        "fuel": 5965,
        "fault": 0.6932,
        "weapon": 0,
        "pilot_injury": 0.9423,
        "pilot_skill": 0.2297,
        "mission_priority": 0.9078,
        "estimated_landing_time": 2262.0,
        "wait_time": 0,
        "Landing_success_rate": 1.0
    },
    {
        "model": 2,
        "sequence": 2,
        "status": 1,
        "fuel": 5952,
        "fault": 0.7213,
        "weapon": 1,
        "pilot_injury": 0.5229,
        "pilot_skill": 0.8313,
        "mission_priority": 0.3985,
        "estimated_landing_time": 194.0,
        "wait_time": 0,
        "Landing_success_rate": 1.0
    },
    {
        "model": 1,
        "sequence": 17,
        "status": 1,
        "fuel": 5965,
        "fault": 0.2958,
        "weapon": 0,
        "pilot_injury": 0.6066,
        "pilot_skill": 0.8271,
        "mission_priority": 0.7586,
        "estimated_landing_time": 1604.0,
        "wait_time": 0,
        "Landing_success_rate": 1.0
    },
    {
        "model": 2,
        "sequence": 11,
        "status": 1,
        "fuel": 6504,
        "fault": 0.1767,
        "weapon": 1,
        "pilot_injury": 0.686,
        "pilot_skill": 0.4657,
        "mission_priority": 0.0204,
        "estimated_landing_time": 1040.0,
        "wait_time": 0,
        "Landing_success_rate": 1.0
    },
    {
        "model": 2,
        "sequence": 19,
        "status": 1,
        "fuel": 6658,
        "fault": 0.2329,
        "weapon": 0,
        "pilot_injury": 0.0595,
        "pilot_skill": 0.7566,
        "mission_priority": 0.5164,
        "estimated_landing_time": 1792.0,
        "wait_time": 0,
        "Landing_success_rate": 1.0
    },
    {
        "model": 0,
        "sequence": 16,
        "status": 1,
        "fuel": 7055,
        "fault": 0.7507,
        "weapon": 0,
        "pilot_injury": 0.7984,
        "pilot_skill": 0.1715,
        "mission_priority": 0.1729,
        "estimated_landing_time": 1510.0,
        "wait_time": 0,
        "Landing_success_rate": 1.0
    },
    {
        "model": 0,
        "sequence": 18,
        "status": 1,
        "fuel": 5833,
        "fault": 0.7779,
        "weapon": 0,
        "pilot_injury": 0.9044,
        "pilot_skill": 0.7743,
        "mission_priority": 0.3646,
        "estimated_landing_time": 1698.0,
        "wait_time": 0,
        "Landing_success_rate": 1.0
    },
    {
        "model": 0,
        "sequence": 4,
        "status": 1,
        "fuel": 5989,
        "fault": 0.0896,
        "weapon": 0,
        "pilot_injury": 0.6561,
        "pilot_skill": 0.4366,
        "mission_priority": 0.6517,
        "estimated_landing_time": 382.0,
        "wait_time": 0,
        "Landing_success_rate": 1.0
    },
    {
        "model": 0,
        "sequence": 10,
        "status": 1,
        "fuel": 6542,
        "fault": 0.7835,
        "weapon": 1,
        "pilot_injury": 0.2256,
        "pilot_skill": 0.8856,
        "mission_priority": 0.5919,
        "estimated_landing_time": 946.0,
        "wait_time": 0,
        "Landing_success_rate": 1.0
    },
    {
        "model": 2,
        "sequence": 7,
        "status": 1,
        "fuel": 6142,
        "fault": 0.8405,
        "weapon": 1,
        "pilot_injury": 0.3919,
        "pilot_skill": 0.9373,
        "mission_priority": 0.622,
        "estimated_landing_time": 664.0,
        "wait_time": 0,
        "Landing_success_rate": 1.0
    },
    {
        "model": 0,
        "sequence": 6,
        "status": 1,
        "fuel": 6008,
        "fault": 0.9145,
        "weapon": 1,
        "pilot_injury": 0.4344,
        "pilot_skill": 0.8491,
        "mission_priority": 0.2514,
        "estimated_landing_time": 570.0,
        "wait_time": 0,
        "Landing_success_rate": 1.0
    },
    {
        "model": 1,
        "sequence": 25,
        "status": 1,
        "fuel": 6901,
        "fault": 0.4266,
        "weapon": 0,
        "pilot_injury": 0.1299,
        "pilot_skill": 0.6057,
        "mission_priority": 0.8046,
        "estimated_landing_time": 2356.0,
        "wait_time": 0,
        "Landing_success_rate": 1.0
    },
    {
        "model": 0,
        "sequence": 22,
        "status": 1,
        "fuel": 6620,
        "fault": 0.1395,
        "weapon": 0,
        "pilot_injury": 0.6387,
        "pilot_skill": 0.2582,
        "mission_priority": 0.5512,
        "estimated_landing_time": 2074.0,
        "wait_time": 0,
        "Landing_success_rate": 1.0
    },
    {
        "model": 0,
        "sequence": 1,
        "status": 1,
        "fuel": 6806,
        "fault": 0.0758,
        "weapon": 0,
        "pilot_injury": 0.6781,
        "pilot_skill": 0.5646,
        "mission_priority": 0.2471,
        "estimated_landing_time": 100.0,
        "wait_time": 0,
        "Landing_success_rate": 1.0
    },
    {
        "model": 1,
        "sequence": 13,
        "status": 1,
        "fuel": 6377,
        "fault": 0.031,
        "weapon": 0,
        "pilot_injury": 0.2394,
        "pilot_skill": 0.1289,
        "mission_priority": 0.3074,
        "estimated_landing_time": 1228.0,
        "wait_time": 0,
        "Landing_success_rate": 1.0
    },
    {
        "model": 0,
        "sequence": 20,
        "status": 1,
        "fuel": 5531,
        "fault": 0.919,
        "weapon": 0,
        "pilot_injury": 0.4144,
        "pilot_skill": 0.7813,
        "mission_priority": 0.3322,
        "estimated_landing_time": 1886.0,
        "wait_time": 0,
        "Landing_success_rate": 1.0
    }
]