[
    {
        "model": 1,
        "sequence": 28,
        "status": 1,
        "fuel": 6249,
        "fault": 0.6567,
        "weapon": 0,
        "pilot_injury": 0.1035,
        "pilot_skill": 0.293,
        "mission_priority": 0.1258,
        "estimated_landing_time": 2638.0,
        "wait_time": 0,
        "Landing_success_rate": 1.0
    },
    {
        "model": 2,
        "sequence": 29,
        "status": 1,
        "fuel": 5792,
        "fault": 0.0113,
        "weapon": 1,
        "pilot_injury": 0.6553,
        "pilot_skill": 0.249,
        "mission_priority": 0.5643,
        "estimated_landing_time": 2732.0,
        "wait_time": 0,
        "Landing_success_rate": 1.0
    },
    {
        "model": 2,
        "sequence": 22,
        "status": 1,
        "fuel": 6904,
        "fault": 0.6071,
        "weapon": 1,
        "pilot_injury": 0.0051,
        "pilot_skill": 0.5237,
        "mission_priority": 0.4532,
        "estimated_landing_time": 2074.0,
        "wait_time": 0,
        "Landing_success_rate": 1.0
    },
    {
        "model": 2,
        "sequence": 2,
        "status": 1,
        "fuel": 6000,
        "fault": 0.9999,
        "weapon": 0,
        "pilot_injury": 0.4035,
        "pilot_skill": 0.344,
        "mission_priority": 0.1148,
        "estimated_landing_time": 194.0,
        "wait_time": 0,
        "Landing_success_rate": 1.0
    },
    {
        "model": 1,
        "sequence": 11,
        "status": 1,
        "fuel": 5941,
        "fault": 0.1558,
        "weapon": 1,
        "pilot_injury": 0.1047,
        "pilot_skill": 0.7385,
        "mission_priority": 0.2678,
        "estimated_landing_time": 1040.0,
        "wait_time": 0,
        "Landing_success_rate": 1.0
    },
    {
        "model": 2,
        "sequence": 10,
        "status": 1,
        "fuel": 5852,
        "fault": 0.6854,
        "weapon": 0,
        "pilot_injury": 0.6752,
        "pilot_skill": 0.7191,
        "mission_priority": 0.6024,
        "estimated_landing_time": 946.0,
        "wait_time": 0,
        "Landing_success_rate": 1.0
    },
    {
        "model": 1,
        "sequence": 18,
        "status": 1,
        "fuel": 6040,
        "fault": 0.1632,
        "weapon": 0,
        "pilot_injury": 0.4573,
        "pilot_skill": 0.8321,
        "mission_priority": 0.5711,
        "estimated_landing_time": 1698.0,
        "wait_time": 0,
        "Landing_success_rate": 1.0
    },
    {
        "model": 0,
        "sequence": 25,
        "status": 1,
        "fuel": 5746,
        "fault": 0.8191,
        "weapon": 1,
        "pilot_injury": 0.8211,
        "pilot_skill": 0.4021,
        "mission_priority": 0.3688,
        "estimated_landing_time": 2356.0,
        "wait_time": 0,
        "Landing_success_rate": 1.0
    },
    {
        "model": 2,
        "sequence": 26,
        "status": 1,
        "fuel": 7061,
        "fault": 0.6468,
        "weapon": 0,
        "pilot_injury": 0.2794,
        "pilot_skill": 0.121,
        "mission_priority": 0.0421,
        "estimated_landing_time": 2450.0,
        "wait_time": 0,
        "Landing_success_rate": 1.0
    },
    {
        "model": 1,
        "sequence": 19,
        "status": 1,
        "fuel": 5986,
        "fault": 0.8658,
        "weapon": 1,
        "pilot_injury": 0.1294,
        "pilot_skill": 0.7957,
        "mission_priority": 0.3793,
        "estimated_landing_time": 1792.0,
        "wait_time": 0,
        "Landing_success_rate": 1.0
    },
    {
        "model": 1,
        "sequence": 5,
        "status": 1,
        "fuel": 6017,
        "fault": 0.7789,
        "weapon": 0,
        "pilot_injury": 0.7101,
        "pilot_skill": 0.1367,
        "mission_priority": 0.1154,
        "estimated_landing_time": 476.0,
        "wait_time": 0,
        "Landing_success_rate": 1.0
    },
    {
        "model": 1,
        "sequence": 23,
        "status": 1,
        "fuel": 6661,
        "fault": 0.0795,
        "weapon": 0,
        "pilot_injury": 0.4981,
        "pilot_skill": 0.9268,
        "mission_priority": 0.6106,
        "estimated_landing_time": 2168.0,
        "wait_time": 0,
        "Landing_success_rate": 1.0
    },
    {
        "model": 2,
        "sequence": 6,
        "status": 1,
        "fuel": 6329,
        "fault": 0.5712,
        "weapon": 0,
        "pilot_injury": 0.6344,
        "pilot_skill": 0.5985,
        "mission_priority": 0.472,
        "estimated_landing_time": 570.0,
        "wait_time": 0,
        "Landing_success_rate": 1.0
    },
    {
        "model": 2,
        "sequence": 3,
        "status": 1,
        "fuel": 6477,
        "fault": 0.1272,
        "weapon": 0,
        "pilot_injury": 0.9292,
        "pilot_skill": 0.2568,
        "mission_priority": 0.5048,
        "estimated_landing_time": 288.0,
        "wait_time": 0,
        "Landing_success_rate": 1.0
    },
    {
        "model": 0,
        "sequence": 7,
        "status": 1,
        "fuel": 6203,
        "fault": 0.7106,
        "weapon": 0,
        "pilot_injury": 0.4988,
        "pilot_skill": 0.7853,
        "mission_priority": 0.916,
        "estimated_landing_time": 664.0,
        "wait_time": 0,
        "Landing_success_rate": 1.0
    },
    {
        "model": 2,
        "sequence": 24,
        "status": 1,
        "fuel": 7419,
        "fault": 0.9423,
        "weapon": 1,
        "pilot_injury": 0.5669,
        "pilot_skill": 0.8063,
        "mission_priority": 0.1389,
        "estimated_landing_time": 2262.0,
        "wait_time": 0,
        "Landing_success_rate": 1.0
    },
    {
        "model": 0,
        "sequence": 14,
        "status": 1,
        "fuel": 7478,
        "fault": 0.1225,
        "weapon": 0,
        "pilot_injury": 0.892,
        "pilot_skill": 0.0747,
        "mission_priority": 0.6129,
        "estimated_landing_time": 1322.0,
        "wait_time": 0,
        "Landing_success_rate": 1.0
    },
    {
        "model": 0,
        "sequence": 4,
        "status": 1,
        "fuel": 6262,
        "fault": 0.3443,
        "weapon": 1,
        "pilot_injury": 0.3135,
        "pilot_skill": 0.3533,
        "mission_priority": 0.3534,
        "estimated_landing_time": 382.0,
        "wait_time": 0,
        "Landing_success_rate": 1.0
    },
    {
        "model": 0,
        "sequence": 8,
        "status": 1,
        "fuel": 7425,
        "fault": 0.6256,
        "weapon": 1,
        "pilot_injury": 0.1976,
        "pilot_skill": 0.1458,
        "mission_priority": 0.771,
        "estimated_landing_time": 758.0,
        "wait_time": 0,
        "Landing_success_rate": 1.0
    },
    {
        "model": 0,
        "sequence": 15,
        "status": 1,
        "fuel": 6873,
        "fault": 0.1125,
        "weapon": 0,
        "pilot_injury": 0.6766,
        "pilot_skill": 0.3449,
        "mission_priority": 0.7301,
        "estimated_landing_time": 1416.0,
        "wait_time": 0,
        "Landing_success_rate": 1.0
    },
    {
        "model": 2,
        "sequence": 30,
        "status": 1,
        "fuel": 5762,
        "fault": 0.2653,
        "weapon": 0,
        "pilot_injury": 0.6155,
        "pilot_skill": 0.8216,
        "mission_priority": 0.0547,
        "estimated_landing_time": 2826.0,
        "wait_time": 0,
        "Landing_success_rate": 1.0
    },
    {
        "model": 0,
        "sequence": 27,
        "status": 1,
        "fuel": 6408,
        "fault": 0.148,
        "weapon": 0,
        "pilot_injury": 0.6686,
        "pilot_skill": 0.2279,
        "mission_priority": 0.0467,
        "estimated_landing_time": 2544.0,
        "wait_time": 0,
        "Landing_success_rate": 1.0
    },
    {
        "model": 2,
        "sequence": 13,
        "status": 1,
        "fuel": 6888,
        "fault": 0.5787,
        "weapon": 0,
        "pilot_injury": 0.1439,
        "pilot_skill": 0.0996,
        "mission_priority": 0.9938,
        "estimated_landing_time": 1228.0,
        "wait_time": 0,
        "Landing_success_rate": 1.0
    },
    {
        "model": 2,
        "sequence": 17,
        "status": 1,
        "fuel": 6810,
        "fault": 0.0615,
        "weapon": 1,
        "pilot_injury": 0.2528,
        "pilot_skill": 0.3171,
        "mission_priority": 0.1313,
        "estimated_landing_time": 1604.0,
        "wait_time": 0,
        "Landing_success_rate": 1.0
    },
    {
        "model": 2,
        "sequence": 16,
        "status": 1,
        "fuel": 6933,
        "fault": 0.5451,
        "weapon": 0,
        "pilot_injury": 0.549,
        "pilot_skill": 0.567,
        "mission_priority": 0.9938,
        "estimated_landing_time": 1510.0,
        "wait_time": 0,
        "Landing_success_rate": 1.0
    },
    {
        "model": 2,
        "sequence": 1,
        "status": 1,
        "fuel": 6725,
        "fault": 0.051,
        "weapon": 0,
        "pilot_injury": 0.7589,
        "pilot_skill": 0.2653,
        "mission_priority": 0.0519,
        "estimated_landing_time": 100.0,
        "wait_time": 0,
        "Landing_success_rate": 1.0
    },
    {
        "model": 2,
        "sequence": 12,
        "status": 1,
        "fuel": 7131,
        "fault": 0.4628,
        "weapon": 1,
        "pilot_injury": 0.4997,
        "pilot_skill": 0.1507,
        "mission_priority": 0.8532,
        "estimated_landing_time": 1134.0,
        "wait_time": 0,
        "Landing_success_rate": 1.0
    },
    {
        "model": 1,
        "sequence": 9,
        "status": 1,
        "fuel": 6790,
        "fault": 0.0777,
        "weapon": 0,
        "pilot_injury": 0.5059,
        "pilot_skill": 0.0974,
        "mission_priority": 0.8999,
        "estimated_landing_time": 852.0,
        "wait_time": 0,
        "Landing_success_rate": 1.0
    },
    {
        "model": 2,
        "sequence": 20,
        "status": 1,
        "fuel": 5954,
        "fault": 0.1846,
        "weapon": 0,
        "pilot_injury": 0.426,
        "pilot_skill": 0.2812,
        "mission_priority": 0.3076,
        "estimated_landing_time": 1886.0,
        "wait_time": 0,
        "Landing_success_rate": 1.0
    },
    {
        "model": 2,
        "sequence": 21,
        "status": 1,
        "fuel": 6143,
        "fault": 0.0453,
        "weapon": 1,
        "pilot_injury": 0.9318,
        "pilot_skill": 0.9504,
        "mission_priority": 0.9915,
        "estimated_landing_time": 1980.0,
        "wait_time": 0,
        "Landing_success_rate": 1.0
    }
]