[
    {
        "model": 2,
        "sequence": 20,
        "status": 1,
        "fuel": 5554,
        "fault": 0.4147,
        "weapon": 0,
        "pilot_injury": 0.2124,
        "pilot_skill": 0.1893,
        "mission_priority": 0.2058,
        "estimated_landing_time": 1886.0,
        "wait_time": 0,
        "Landing_success_rate": 1.0
    },
    {
        "model": 1,
        "sequence": 3,
        "status": 1,
        "fuel": 6895,
        "fault": 0.7195,
        "weapon": 1,
        "pilot_injury": 0.4332,
        "pilot_skill": 0.3769,
        "mission_priority": 0.831,
        "estimated_landing_time": 288.0,
        "wait_time": 0,
        "Landing_success_rate": 1.0
    },
    {
        "model": 0,
        "sequence": 19,
        "status": 1,
        "fuel": 7219,
        "fault": 0.8703,
        "weapon": 0,
        "pilot_injury": 0.9524,
        "pilot_skill": 0.2446,
        "mission_priority": 0.7969,
        "estimated_landing_time": 1792.0,
        "wait_time": 0,
        "Landing_success_rate": 1.0
    },
    {
        "model": 0,
        "sequence": 18,
        "status": 1,
        "fuel": 6381,
        "fault": 0.1867,
        "weapon": 1,
        "pilot_injury": 0.092,
        "pilot_skill": 0.41,
        "mission_priority": 0.9556,
        "estimated_landing_time": 1698.0,
        "wait_time": 0,
        "Landing_success_rate": 1.0
    },
    {
        "model": 2,
        "sequence": 6,
        "status": 1,
        "fuel": 6729,
        "fault": 0.281,
        "weapon": 0,
        "pilot_injury": 0.8088,
        "pilot_skill": 0.6545,
        "mission_priority": 0.9277,
        "estimated_landing_time": 570.0,
        "wait_time": 0,
        "Landing_success_rate": 1.0
    },
    {
        "model": 2,
        "sequence": 29,
        "status": 1,
        "fuel": 6887,
        "fault": 0.3643,
        "weapon": 1,
        "pilot_injury": 0.6349,
        "pilot_skill": 0.9136,
        "mission_priority": 0.7778,
        "estimated_landing_time": 2732.0,
        "wait_time": 0,
        "Landing_success_rate": 1.0
    },
    {
        "model": 1,
        "sequence": 1,
        "status": 1,
        "fuel": 5962,
        "fault": 0.6167,
        "weapon": 1,
        "pilot_injury": 0.3326,
        "pilot_skill": 0.9173,
        "mission_priority": 0.8116,
        "estimated_landing_time": 100.0,
        "wait_time": 0,
        "Landing_success_rate": 1.0
    },
    {
        "model": 0,
        "sequence": 30,
        "status": 1,
        "fuel": 5753,
        "fault": 0.0332,
        "weapon": 1,
        "pilot_injury": 0.7398,
        "pilot_skill": 0.4242,
        "mission_priority": 0.6097,
        "estimated_landing_time": 2826.0,
        "wait_time": 0,
        "Landing_success_rate": 1.0
    },
    {
        "model": 0,
        "sequence": 2,
        "status": 1,
        "fuel": 7491,
        "fault": 0.1905,
        "weapon": 0,
        "pilot_injury": 0.5564,
        "pilot_skill": 0.8257,
        "mission_priority": 0.7149,
        "estimated_landing_time": 194.0,
        "wait_time": 0,
        "Landing_success_rate": 1.0
    },
    {
        "model": 1,
        "sequence": 7,
        "status": 1,
        "fuel": 6143,
        "fault": 0.4451,
        "weapon": 0,
        "pilot_injury": 0.0599,
        "pilot_skill": 0.4362,
        "mission_priority": 0.4358,
        "estimated_landing_time": 664.0,
        "wait_time": 0,
        "Landing_success_rate": 1.0
    },
    {
        "model": 0,
        "sequence": 9,
        "status": 1,
        "fuel": 6646,
        "fault": 0.5786,
        "weapon": 1,
        "pilot_injury": 0.487,
        "pilot_skill": 0.7617,
        "mission_priority": 0.323,
        "estimated_landing_time": 852.0,
        "wait_time": 0,
        "Landing_success_rate": 1.0
    },
    {
        "model": 2,
        "sequence": 11,
        "status": 1,
        "fuel": 5953,
        "fault": 0.0633,
        "weapon": 0,
        "pilot_injury": 0.7241,
        "pilot_skill": 0.8977,
        "mission_priority": 0.4822,
        "estimated_landing_time": 1040.0,
        "wait_time": 0,
        "Landing_success_rate": 1.0
    },
    {
        "model": 2,
        "sequence": 17,
        "status": 1,
        "fuel": 6059,
        "fault": 0.2013,
        "weapon": 1,
        "pilot_injury": 0.7784,
        "pilot_skill": 0.8337,
        "mission_priority": 0.9034,
        "estimated_landing_time": 1604.0,
        "wait_time": 0,
        "Landing_success_rate": 1.0
    },
    {
        "model": 0,
        "sequence": 21,
        "status": 1,
        "fuel": 5826,
        "fault": 0.0285,
        "weapon": 0,
        "pilot_injury": 0.0226,
        "pilot_skill": 0.5058,
        "mission_priority": 0.1929,
        "estimated_landing_time": 1980.0,
        "wait_time": 0,
        "Landing_success_rate": 1.0
    },
    {
        "model": 2,
        "sequence": 24,
        "status": 1,
        "fuel": 6893,
        "fault": 0.5996,
        "weapon": 0,
        "pilot_injury": 0.327,
        "pilot_skill": 0.0053,
        "mission_priority": 0.8899,
        "estimated_landing_time": 2262.0,
        "wait_time": 0,
        "Landing_success_rate": 1.0
    },
    {
        "model": 0,
        "sequence": 27,
        "status": 1,
        "fuel": 6494,
        "fault": 0.0384,
        "weapon": 0,
        "pilot_injury": 0.6924,
        "pilot_skill": 0.6328,
        "mission_priority": 0.3801,
        "estimated_landing_time": 2544.0,
        "wait_time": 0,
        "Landing_success_rate": 1.0
    },
    {
        "model": 0,
        "sequence": 5,
        "status": 1,
        "fuel": 6462,
        "fault": 0.7032,
        "weapon": 1,
        "pilot_injury": 0.643,
        "pilot_skill": 0.0017,
        "mission_priority": 0.1256,
        "estimated_landing_time": 476.0,
        "wait_time": 0,
        "Landing_success_rate": 1.0
    },
    {
        "model": 1,
        "sequence": 4,
        "status": 1,
        "fuel": 5966,
        "fault": 0.4789,
        "weapon": 0,
        "pilot_injury": 0.4747,
        "pilot_skill": 0.0601,
        "mission_priority": 0.2651,
        "estimated_landing_time": 382.0,
        "wait_time": 0,
        "Landing_success_rate": 1.0
    },
    {
        "model": 1,
        "sequence": 15,
        "status": 1,
        "fuel": 6667,
        "fault": 0.3828,
        "weapon": 1,
        "pilot_injury": 0.0047,
        "pilot_skill": 0.8387,
        "mission_priority": 0.1923,
        "estimated_landing_time": 1416.0,
        "wait_time": 0,
        "Landing_success_rate": 1.0
    },
    {
        "model": 0,
        "sequence": 22,
        "status": 1,
        "fuel": 5546,
        "fault": 0.2723,
        "weapon": 1,
        "pilot_injury": 0.0106,
        "pilot_skill": 0.504,
        "mission_priority": 0.286,
        "estimated_landing_time": 2074.0,
        "wait_time": 0,
        "Landing_success_rate": 1.0
    },
    {
        "model": 2,
        "sequence": 16,
        "status": 1,
        "fuel": 6213,
        "fault": 0.7095,
        "weapon": 1,
        "pilot_injury": 0.8065,
        "pilot_skill": 0.1735,
        "mission_priority": 0.5173,
        "estimated_landing_time": 1510.0,
        "wait_time": 0,
        "Landing_success_rate": 1.0
    },
    {
        "model": 1,
        "sequence": 26,
        "status": 1,
        "fuel": 7341,
        "fault": 0.811,
        "weapon": 0,
        "pilot_injury": 0.9877,
        "pilot_skill": 0.9058,
        "mission_priority": 0.7335,
        "estimated_landing_time": 2450.0,
        "wait_time": 0,
        "Landing_success_rate": 1.0
    },
    {
        "model": 2,
        "sequence": 12,
        "status": 1,
        "fuel": 7236,
        "fault": 0.4802,
        "weapon": 0,
        "pilot_injury": 0.8699,
        "pilot_skill": 0.7162,
        "mission_priority": 0.1318,
        "estimated_landing_time": 1134.0,
        "wait_time": 0,
        "Landing_success_rate": 1.0
    },
    {
        "model": 0,
        "sequence": 10,
        "status": 1,
        "fuel": 5592,
        "fault": 0.7486,
        "weapon": 1,
        "pilot_injury": 0.9059,
        "pilot_skill": 0.2138,
        "mission_priority": 0.412,
        "estimated_landing_time": 946.0,
        "wait_time": 0,
        "Landing_success_rate": 1.0
    },
    {
        "model": 2,
        "sequence": 13,
        "status": 1,
        "fuel": 6325,
        "fault": 0.3882,
        "weapon": 0,
        "pilot_injury": 0.6987,
        "pilot_skill": 0.4741,
        "mission_priority": 0.3729,
        "estimated_landing_time": 1228.0,
        "wait_time": 0,
        "Landing_success_rate": 1.0
    },
    {
        "model": 0,
        "sequence": 25,
        "status": 1,
        "fuel": 5556,
        "fault": 0.7223,
        "weapon": 1,
        "pilot_injury": 0.6877,
        "pilot_skill": 0.5109,
        "mission_priority": 0.2297,
        "estimated_landing_time": 2356.0,
        "wait_time": 0,
        "Landing_success_rate": 1.0
    },
    {
        "model": 2,
        "sequence": 14,
        "status": 1,
        "fuel": 7323,
        "fault": 0.4395,
        "weapon": 1,
        "pilot_injury": 0.5731,
        "pilot_skill": 0.776,
        "mission_priority": 0.384,
        "estimated_landing_time": 1322.0,
        "wait_time": 0,
        "Landing_success_rate": 1.0
    },
    {
        "model": 0,
        "sequence": 8,
        "status": 1,
        "fuel": 5975,
        "fault": 0.9523,
        "weapon": 1,
        "pilot_injury": 0.7037,
        "pilot_skill": 0.7551,
        "mission_priority": 0.3642,
        "estimated_landing_time": 758.0,
        "wait_time": 0,
        "Landing_success_rate": 1.0
    },
    {
        "model": 1,
        "sequence": 28,
        "status": 1,
        "fuel": 6225,
        "fault": 0.0217,
        "weapon": 1,
        "pilot_injury": 0.3135,
        "pilot_skill": 0.1095,
        "mission_priority": 0.4958,
        "estimated_landing_time": 2638.0,
        "wait_time": 0,
        "Landing_success_rate": 1.0
    },
    {
        "model": 1,
        "sequence": 23,
        "status": 1,
        "fuel": 5541,
        "fault": 0.8256,
        "weapon": 1,
        "pilot_injury": 0.4938,
        "pilot_skill": 0.3615,
        "mission_priority": 0.0247,
        "estimated_landing_time": 2168.0,
        "wait_time": 0,
        "Landing_success_rate": 1.0
    }
]