[
    {
        "model": 2,
        "sequence": 16,
        "status": 1,
        "fuel": 5958,
        "fault": 0.5185,
        "weapon": 0,
        "pilot_injury": 0.9917,
        "pilot_skill": 0.3125,
        "mission_priority": 0.3357,
        "estimated_landing_time": 1510.0,
        "wait_time": 0,
        "Landing_success_rate": 1.0
    },
    {
        "model": 0,
        "sequence": 2,
        "status": 1,
        "fuel": 5587,
        "fault": 0.2852,
        "weapon": 1,
        "pilot_injury": 0.5573,
        "pilot_skill": 0.8572,
        "mission_priority": 0.4272,
        "estimated_landing_time": 194.0,
        "wait_time": 0,
        "Landing_success_rate": 1.0
    },
    {
        "model": 1,
        "sequence": 7,
        "status": 1,
        "fuel": 6011,
        "fault": 0.1217,
        "weapon": 0,
        "pilot_injury": 0.5755,
        "pilot_skill": 0.0805,
        "mission_priority": 0.193,
        "estimated_landing_time": 664.0,
        "wait_time": 0,
        "Landing_success_rate": 1.0
    },
    {
        "model": 1,
        "sequence": 4,
        "status": 1,
        "fuel": 6709,
        "fault": 0.0543,
        "weapon": 0,
        "pilot_injury": 0.8693,
        "pilot_skill": 0.0573,
        "mission_priority": 0.3846,
        "estimated_landing_time": 382.0,
        "wait_time": 0,
        "Landing_success_rate": 1.0
    },
    {
        "model": 1,
        "sequence": 14,
        "status": 1,
        "fuel": 6952,
        "fault": 0.9151,
        "weapon": 1,
        "pilot_injury": 0.2536,
        "pilot_skill": 0.481,
        "mission_priority": 0.4709,
        "estimated_landing_time": 1322.0,
        "wait_time": 0,
        "Landing_success_rate": 1.0
    },
    {
        "model": 1,
        "sequence": 20,
        "status": 1,
        "fuel": 5541,
        "fault": 0.7491,
        "weapon": 1,
        "pilot_injury": 0.9573,
        "pilot_skill": 0.912,
        "mission_priority": 0.4495,
        "estimated_landing_time": 1886.0,
        "wait_time": 0,
        "Landing_success_rate": 1.0
    },
    {
        "model": 0,
        "sequence": 26,
        "status": 1,
        "fuel": 5536,
        "fault": 0.7984,
        "weapon": 0,
        "pilot_injury": 0.885,
        "pilot_skill": 0.8918,
        "mission_priority": 0.0855,
        "estimated_landing_time": 2450.0,
        "wait_time": 0,
        "Landing_success_rate": 1.0
    },
    {
        "model": 0,
        "sequence": 12,
        "status": 1,
        "fuel": 6413,
        "fault": 0.4896,
        "weapon": 0,
        "pilot_injury": 0.4417,
        "pilot_skill": 0.923,
        "mission_priority": 0.4613,
        "estimated_landing_time": 1134.0,
        "wait_time": 0,
        "Landing_success_rate": 1.0
    },
    {
        "model": 0,
        "sequence": 18,
        "status": 1,
        "fuel": 6947,
        "fault": 0.3712,
        "weapon": 1,
        "pilot_injury": 0.7347,
        "pilot_skill": 0.552,
        "mission_priority": 0.3573,
        "estimated_landing_time": 1698.0,
        "wait_time": 0,
        "Landing_success_rate": 1.0
    },
    {
        "model": 2,
        "sequence": 15,
        "status": 1,
        "fuel": 7490,
        "fault": 0.0373,
        "weapon": 1,
        "pilot_injury": 0.321,
        "pilot_skill": 0.9461,
        "mission_priority": 0.4982,
        "estimated_landing_time": 1416.0,
        "wait_time": 0,
        "Landing_success_rate": 1.0
    },
    {
        "model": 1,
        "sequence": 5,
        "status": 1,
        "fuel": 6123,
        "fault": 0.5326,
        "weapon": 0,
        "pilot_injury": 0.9856,
        "pilot_skill": 0.5018,
        "mission_priority": 0.4079,
        "estimated_landing_time": 476.0,
        "wait_time": 0,
        "Landing_success_rate": 1.0
    },
    {
        "model": 2,
        "sequence": 27,
        "status": 1,
        "fuel": 6279,
        "fault": 0.5905,
        "weapon": 0,
        "pilot_injury": 0.1861,
        "pilot_skill": 0.9765,
        "mission_priority": 0.6577,
        "estimated_landing_time": 2544.0,
        "wait_time": 0,
        "Landing_success_rate": 1.0
    },
    {
        "model": 1,
        "sequence": 9,
        "status": 1,
        "fuel": 6812,
        "fault": 0.8784,
        "weapon": 1,
        "pilot_injury": 0.3559,
        "pilot_skill": 0.4333,
        "mission_priority": 0.5114,
        "estimated_landing_time": 852.0,
        "wait_time": 0,
        "Landing_success_rate": 1.0
    },
    {
        "model": 0,
        "sequence": 30,
        "status": 1,
        "fuel": 7220,
        "fault": 0.4429,
        "weapon": 1,
        "pilot_injury": 0.9948,
        "pilot_skill": 0.974,
        "mission_priority": 0.0862,
        "estimated_landing_time": 2826.0,
        "wait_time": 0,
        "Landing_success_rate": 1.0
    },
    {
        "model": 1,
        "sequence": 24,
        "status": 1,
        "fuel": 7068,
        "fault": 0.4006,
        "weapon": 1,
        "pilot_injury": 0.319,
        "pilot_skill": 0.6115,
        "mission_priority": 0.7979,
        "estimated_landing_time": 2262.0,
        "wait_time": 0,
        "Landing_success_rate": 1.0
    },
    {
        "model": 1,
        "sequence": 22,
        "status": 1,
        "fuel": 6360,
        "fault": 0.3497,
        "weapon": 1,
        "pilot_injury": 0.8281,
        "pilot_skill": 0.7562,
        "mission_priority": 0.0414,
        "estimated_landing_time": 2074.0,
        "wait_time": 0,
        "Landing_success_rate": 1.0
    },
    {
        "model": 2,
        "sequence": 13,
        "status": 1,
        "fuel": 6105,
        "fault": 0.2711,
        "weapon": 0,
        "pilot_injury": 0.275,
        "pilot_skill": 0.0801,
        "mission_priority": 0.4032,
        "estimated_landing_time": 1228.0,
        "wait_time": 0,
        "Landing_success_rate": 1.0
    },
    {
        "model": 0,
        "sequence": 23,
        "status": 1,
        "fuel": 6892,
        "fault": 0.875,
        "weapon": 1,
        "pilot_injury": 0.2816,
        "pilot_skill": 0.2318,
        "mission_priority": 0.355,
        "estimated_landing_time": 2168.0,
        "wait_time": 0,
        "Landing_success_rate": 1.0
    },
    {
        "model": 1,
        "sequence": 10,
        "status": 1,
        "fuel": 6919,
        "fault": 0.5228,
        "weapon": 1,
        "pilot_injury": 0.547,
        "pilot_skill": 0.8084,
        "mission_priority": 0.3163,
        "estimated_landing_time": 946.0,
        "wait_time": 0,
        "Landing_success_rate": 1.0
    },
    {
        "model": 0,
        "sequence": 29,
        "status": 1,
        "fuel": 6942,
        "fault": 0.2998,
        "weapon": 1,
        "pilot_injury": 0.3677,
        "pilot_skill": 0.8004,
        "mission_priority": 0.6143,
        "estimated_landing_time": 2732.0,
        "wait_time": 0,
        "Landing_success_rate": 1.0
    },
    {
        "model": 2,
        "sequence": 25,
        "status": 1,
        "fuel": 6513,
        "fault": 0.7782,
        "weapon": 1,
        "pilot_injury": 0.8993,
        "pilot_skill": 0.7761,
        "mission_priority": 0.0365,
        "estimated_landing_time": 2356.0,
        "wait_time": 0,
        "Landing_success_rate": 1.0
    },
    {
        "model": 1,
        "sequence": 11,
        "status": 1,
        "fuel": 7126,
        "fault": 0.1526,
        "weapon": 0,
        "pilot_injury": 0.7951,
        "pilot_skill": 0.0885,
        "mission_priority": 0.6399,
        "estimated_landing_time": 1040.0,
        "wait_time": 0,
        "Landing_success_rate": 1.0
    },
    {
        "model": 1,
        "sequence": 19,
        "status": 1,
        "fuel": 7383,
        "fault": 0.4963,
        "weapon": 0,
        "pilot_injury": 0.5265,
        "pilot_skill": 0.0273,
        "mission_priority": 0.2995,
        "estimated_landing_time": 1792.0,
        "wait_time": 0,
        "Landing_success_rate": 1.0
    },
    {
        "model": 1,
        "sequence": 6,
        "status": 1,
        "fuel": 5630,
        "fault": 0.2668,
        "weapon": 0,
        "pilot_injury": 0.33,
        "pilot_skill": 0.4418,
        "mission_priority": 0.8312,
        "estimated_landing_time": 570.0,
        "wait_time": 0,
        "Landing_success_rate": 1.0
    },
    {
        "model": 1,
        "sequence": 28,
        "status": 1,
        "fuel": 6967,
        "fault": 0.0547,
        "weapon": 0,
        "pilot_injury": 0.4073,
        "pilot_skill": 0.9871,
        "mission_priority": 0.6018,
        "estimated_landing_time": 2638.0,
        "wait_time": 0,
        "Landing_success_rate": 1.0
    },
    {
        "model": 0,
        "sequence": 17,
        "status": 1,
        "fuel": 5718,
        "fault": 0.0155,
        "weapon": 1,
        "pilot_injury": 0.0273,
        "pilot_skill": 0.7148,
        "mission_priority": 0.4433,
        "estimated_landing_time": 1604.0,
        "wait_time": 0,
        "Landing_success_rate": 1.0
    },
    {
        "model": 2,
        "sequence": 1,
        "status": 1,
        "fuel": 6129,
        "fault": 0.991,
        "weapon": 1,
        "pilot_injury": 0.2894,
        "pilot_skill": 0.4241,
        "mission_priority": 0.9384,
        "estimated_landing_time": 100.0,
        "wait_time": 0,
        "Landing_success_rate": 1.0
    },
    {
        "model": 2,
        "sequence": 8,
        "status": 1,
        "fuel": 6162,
        "fault": 0.2712,
        "weapon": 0,
        "pilot_injury": 0.2505,
        "pilot_skill": 0.3322,
        "mission_priority": 0.8808,
        "estimated_landing_time": 758.0,
        "wait_time": 0,
        "Landing_success_rate": 1.0
    },
    {
        "model": 1,
        "sequence": 21,
        "status": 1,
        "fuel": 5985,
        "fault": 0.9978,
        "weapon": 0,
        "pilot_injury": 0.5742,
        "pilot_skill": 0.6454,
        "mission_priority": 0.589,
        "estimated_landing_time": 1980.0,
        "wait_time": 0,
        "Landing_success_rate": 1.0
    },
    {
        "model": 2,
        "sequence": 3,
        "status": 1,
        "fuel": 6258,
        "fault": 0.0134,
        "weapon": 0,
        "pilot_injury": 0.7106,
        "pilot_skill": 0.1506,
        "mission_priority": 0.3404,
        "estimated_landing_time": 288.0,
        "wait_time": 0,
        "Landing_success_rate": 1.0
    }
]