[
    {
        "model": 0,
        "sequence": 26,
        "status": 1,
        "fuel": 6650,
        "fault": 0.3039,
        "weapon": 0,
        "pilot_injury": 0.9177,
        "pilot_skill": 0.7744,
        "mission_priority": 0.5968,
        "estimated_landing_time": 2450.0,
        "wait_time": 0,
        "Landing_success_rate": 1.0
    },
    {
        "model": 0,
        "sequence": 30,
        "status": 1,
        "fuel": 6702,
        "fault": 0.3271,
        "weapon": 0,
        "pilot_injury": 0.926,
        "pilot_skill": 0.7497,
        "mission_priority": 0.2789,
        "estimated_landing_time": 2826.0,
        "wait_time": 0,
        "Landing_success_rate": 1.0
    },
    {
        "model": 1,
        "sequence": 24,
        "status": 1,
        "fuel": 6067,
        "fault": 0.1924,
        "weapon": 1,
        "pilot_injury": 0.6595,
        "pilot_skill": 0.985,
        "mission_priority": 0.1872,
        "estimated_landing_time": 2262.0,
        "wait_time": 0,
        "Landing_success_rate": 1.0
    },
    {
        "model": 2,
        "sequence": 18,
        "status": 1,
        "fuel": 7057,
        "fault": 0.345,
        "weapon": 1,
        "pilot_injury": 0.6917,
        "pilot_skill": 0.9199,
        "mission_priority": 0.5361,
        "estimated_landing_time": 1698.0,
        "wait_time": 0,
        "Landing_success_rate": 1.0
    },
    {
        "model": 1,
        "sequence": 20,
        "status": 1,
        "fuel": 6982,
        "fault": 0.4014,
        "weapon": 1,
        "pilot_injury": 0.6332,
        "pilot_skill": 0.0632,
        "mission_priority": 0.0369,
        "estimated_landing_time": 1886.0,
        "wait_time": 0,
        "Landing_success_rate": 1.0
    },
    {
        "model": 0,
        "sequence": 27,
        "status": 1,
        "fuel": 6752,
        "fault": 0.2512,
        "weapon": 1,
        "pilot_injury": 0.3293,
        "pilot_skill": 0.5129,
        "mission_priority": 0.6843,
        "estimated_landing_time": 2544.0,
        "wait_time": 0,
        "Landing_success_rate": 1.0
    },
    {
        "model": 0,
        "sequence": 5,
        "status": 1,
        "fuel": 5963,
        "fault": 0.8711,
        "weapon": 1,
        "pilot_injury": 0.6781,
        "pilot_skill": 0.6595,
        "mission_priority": 0.6696,
        "estimated_landing_time": 476.0,
        "wait_time": 0,
        "Landing_success_rate": 1.0
    },
    {
        "model": 0,
        "sequence": 12,
        "status": 1,
        "fuel": 6712,
        "fault": 0.5517,
        "weapon": 1,
        "pilot_injury": 0.9379,
        "pilot_skill": 0.98,
        "mission_priority": 0.7518,
        "estimated_landing_time": 1134.0,
        "wait_time": 0,
        "Landing_success_rate": 1.0
    },
    {
        "model": 1,
        "sequence": 17,
        "status": 1,
        "fuel": 5844,
        "fault": 0.0711,
        "weapon": 1,
        "pilot_injury": 0.8201,
        "pilot_skill": 0.1466,
        "mission_priority": 0.1462,
        "estimated_landing_time": 1604.0,
        "wait_time": 0,
        "Landing_success_rate": 1.0
    },
    {
        "model": 2,
        "sequence": 1,
        "status": 1,
        "fuel": 7418,
        "fault": 0.8183,
        "weapon": 1,
        "pilot_injury": 0.2933,
        "pilot_skill": 0.963,
        "mission_priority": 0.7073,
        "estimated_landing_time": 100.0,
        "wait_time": 0,
        "Landing_success_rate": 1.0
    },
    {
        "model": 1,
        "sequence": 14,
        "status": 1,
        "fuel": 5976,
        "fault": 0.8585,
        "weapon": 0,
        "pilot_injury": 0.6766,
        "pilot_skill": 0.7309,
        "mission_priority": 0.7121,
        "estimated_landing_time": 1322.0,
        "wait_time": 0,
        "Landing_success_rate": 1.0
    },
    {
        "model": 2,
        "sequence": 16,
        "status": 1,
        "fuel": 7024,
        "fault": 0.4169,
        "weapon": 1,
        "pilot_injury": 0.5814,
        "pilot_skill": 0.8501,
        "mission_priority": 0.6248,
        "estimated_landing_time": 1510.0,
        "wait_time": 0,
        "Landing_success_rate": 1.0
    },
    {
        "model": 1,
        "sequence": 21,
        "status": 1,
        "fuel": 6387,
        "fault": 0.8694,
        "weapon": 1,
        "pilot_injury": 0.7438,
        "pilot_skill": 0.74,
        "mission_priority": 0.2227,
        "estimated_landing_time": 1980.0,
        "wait_time": 0,
        "Landing_success_rate": 1.0
    },
    {
        "model": 2,
        "sequence": 19,
        "status": 1,
        "fuel": 5661,
        "fault": 0.3627,
        "weapon": 1,
        "pilot_injury": 0.3317,
        "pilot_skill": 0.0263,
        "mission_priority": 0.8729,
        "estimated_landing_time": 1792.0,
        "wait_time": 0,
        "Landing_success_rate": 1.0
    },
    {
        "model": 2,
        "sequence": 9,
        "status": 1,
        "fuel": 6727,
        "fault": 0.5107,
        "weapon": 1,
        "pilot_injury": 0.8919,
        "pilot_skill": 0.6035,
        "mission_priority": 0.5029,
        "estimated_landing_time": 852.0,
        "wait_time": 0,
        "Landing_success_rate": 1.0
    },
    {
        "model": 0,
        "sequence": 6,
        "status": 1,
        "fuel": 6694,
        "fault": 0.3244,
        "weapon": 0,
        "pilot_injury": 0.2235,
        "pilot_skill": 0.41,
        "mission_priority": 0.0532,
        "estimated_landing_time": 570.0,
        "wait_time": 0,
        "Landing_success_rate": 1.0
    },
    {
        "model": 0,
        "sequence": 11,
        "status": 1,
        "fuel": 7190,
        "fault": 0.2594,
        "weapon": 0,
        "pilot_injury": 0.0527,
        "pilot_skill": 0.5513,
        "mission_priority": 0.7082,
        "estimated_landing_time": 1040.0,
        "wait_time": 0,
        "Landing_success_rate": 1.0
    },
    {
        "model": 1,
        "sequence": 10,
        "status": 1,
        "fuel": 5595,
        "fault": 0.8074,
        "weapon": 1,
        "pilot_injury": 0.395,
        "pilot_skill": 0.111,
        "mission_priority": 0.6501,
        "estimated_landing_time": 946.0,
        "wait_time": 0,
        "Landing_success_rate": 1.0
    },
    {
        "model": 2,
        "sequence": 7,
        "status": 1,
        "fuel": 7499,
        "fault": 0.6608,
        "weapon": 0,
        "pilot_injury": 0.0669,
        "pilot_skill": 0.406,
        "mission_priority": 0.3035,
        "estimated_landing_time": 664.0,
        "wait_time": 0,
        "Landing_success_rate": 1.0
    },
    {
        "model": 0,
        "sequence": 15,
        "status": 1,
        "fuel": 5985,
        "fault": 0.4868,
        "weapon": 0,
        "pilot_injury": 0.3169,
        "pilot_skill": 0.9654,
        "mission_priority": 0.8577,
        "estimated_landing_time": 1416.0,
        "wait_time": 0,
        "Landing_success_rate": 1.0
    },
    {
        "model": 1,
        "sequence": 3,
        "status": 1,
        "fuel": 5948,
        "fault": 0.2496,
        "weapon": 0,
        "pilot_injury": 0.0147,
        "pilot_skill": 0.1115,
        "mission_priority": 0.2925,
        "estimated_landing_time": 288.0,
        "wait_time": 0,
        "Landing_success_rate": 1.0
    },
    {
        "model": 0,
        "sequence": 29,
        "status": 1,
        "fuel": 5652,
        "fault": 0.8163,
        "weapon": 1,
        "pilot_injury": 0.2311,
        "pilot_skill": 0.1392,
        "mission_priority": 0.8479,
        "estimated_landing_time": 2732.0,
        "wait_time": 0,
        "Landing_success_rate": 1.0
    },
    {
        "model": 2,
        "sequence": 8,
        "status": 1,
        "fuel": 6796,
        "fault": 0.6112,
        "weapon": 1,
        "pilot_injury": 0.548,
        "pilot_skill": 0.1759,
        "mission_priority": 0.7006,
        "estimated_landing_time": 758.0,
        "wait_time": 0,
        "Landing_success_rate": 1.0
    },
    {
        "model": 0,
        "sequence": 13,
        "status": 1,
        "fuel": 7183,
        "fault": 0.1362,
        "weapon": 0,
        "pilot_injury": 0.9027,
        "pilot_skill": 0.006,
        "mission_priority": 0.4049,
        "estimated_landing_time": 1228.0,
        "wait_time": 0,
        "Landing_success_rate": 1.0
    },
    {
        "model": 1,
        "sequence": 28,
        "status": 1,
        "fuel": 6176,
        "fault": 0.1147,
        "weapon": 0,
        "pilot_injury": 0.0804,
        "pilot_skill": 0.1723,
        "mission_priority": 0.505,
        "estimated_landing_time": 2638.0,
        "wait_time": 0,
        "Landing_success_rate": 1.0
    },
    {
        "model": 1,
        "sequence": 22,
        "status": 1,
        "fuel": 6498,
        "fault": 0.5714,
        "weapon": 0,
        "pilot_injury": 0.24,
        "pilot_skill": 0.7202,
        "mission_priority": 0.2104,
        "estimated_landing_time": 2074.0,
        "wait_time": 0,
        "Landing_success_rate": 1.0
    },
    {
        "model": 1,
        "sequence": 23,
        "status": 1,
        "fuel": 5907,
        "fault": 0.2961,
        "weapon": 1,
        "pilot_injury": 0.8376,
        "pilot_skill": 0.0823,
        "mission_priority": 0.3445,
        "estimated_landing_time": 2168.0,
        "wait_time": 0,
        "Landing_success_rate": 1.0
    },
    {
        "model": 1,
        "sequence": 25,
        "status": 1,
        "fuel": 6473,
        "fault": 0.6799,
        "weapon": 1,
        "pilot_injury": 0.9428,
        "pilot_skill": 0.3844,
        "mission_priority": 0.5769,
        "estimated_landing_time": 2356.0,
        "wait_time": 0,
        "Landing_success_rate": 1.0
    },
    {
        "model": 0,
        "sequence": 2,
        "status": 1,
        "fuel": 6206,
        "fault": 0.8866,
        "weapon": 0,
        "pilot_injury": 0.736,
        "pilot_skill": 0.0442,
        "mission_priority": 0.1087,
        "estimated_landing_time": 194.0,
        "wait_time": 0,
        "Landing_success_rate": 1.0
    },
    {
        "model": 1,
        "sequence": 4,
        "status": 1,
        "fuel": 7179,
        "fault": 0.3468,
        "weapon": 0,
        "pilot_injury": 0.2904,
        "pilot_skill": 0.6746,
        "mission_priority": 0.5765,
        "estimated_landing_time": 382.0,
        "wait_time": 0,
        "Landing_success_rate": 1.0
    }
]