[
    {
        "model": 1,
        "sequence": 25,
        "status": 1,
        "fuel": 6509,
        "fault": 0.2239,
        "weapon": 1,
        "pilot_injury": 0.412,
        "pilot_skill": 0.2781,
        "mission_priority": 0.8074,
        "estimated_landing_time": 2356.0,
        "wait_time": 0,
        "Landing_success_rate": 1.0
    },
    {
        "model": 1,
        "sequence": 5,
        "status": 1,
        "fuel": 5770,
        "fault": 0.2935,
        "weapon": 1,
        "pilot_injury": 0.5671,
        "pilot_skill": 0.2489,
        "mission_priority": 0.983,
        "estimated_landing_time": 476.0,
        "wait_time": 0,
        "Landing_success_rate": 1.0
    },
    {
        "model": 2,
        "sequence": 16,
        "status": 1,
        "fuel": 6487,
        "fault": 0.922,
        "weapon": 0,
        "pilot_injury": 0.4223,
        "pilot_skill": 0.359,
        "mission_priority": 0.8828,
        "estimated_landing_time": 1510.0,
        "wait_time": 0,
        "Landing_success_rate": 1.0
    },
    {
        "model": 2,
        "sequence": 26,
        "status": 1,
        "fuel": 6028,
        "fault": 0.8634,
        "weapon": 1,
        "pilot_injury": 0.2001,
        "pilot_skill": 0.2439,
        "mission_priority": 0.6661,
        "estimated_landing_time": 2450.0,
        "wait_time": 0,
        "Landing_success_rate": 1.0
    },
    {
        "model": 2,
        "sequence": 21,
        "status": 1,
        "fuel": 7029,
        "fault": 0.6135,
        "weapon": 0,
        "pilot_injury": 0.1099,
        "pilot_skill": 0.9833,
        "mission_priority": 0.8746,
        "estimated_landing_time": 1980.0,
        "wait_time": 0,
        "Landing_success_rate": 1.0
    },
    {
        "model": 2,
        "sequence": 8,
        "status": 1,
        "fuel": 6171,
        "fault": 0.6123,
        "weapon": 1,
        "pilot_injury": 0.5136,
        "pilot_skill": 0.4564,
        "mission_priority": 0.9874,
        "estimated_landing_time": 758.0,
        "wait_time": 0,
        "Landing_success_rate": 1.0
    },
    {
        "model": 1,
        "sequence": 30,
        "status": 1,
        "fuel": 6077,
        "fault": 0.7472,
        "weapon": 1,
        "pilot_injury": 0.9684,
        "pilot_skill": 0.3694,
        "mission_priority": 0.3984,
        "estimated_landing_time": 2826.0,
        "wait_time": 0,
        "Landing_success_rate": 1.0
    },
    {
        "model": 2,
        "sequence": 22,
        "status": 1,
        "fuel": 6768,
        "fault": 0.8688,
        "weapon": 0,
        "pilot_injury": 0.2945,
        "pilot_skill": 0.9476,
        "mission_priority": 0.2826,
        "estimated_landing_time": 2074.0,
        "wait_time": 0,
        "Landing_success_rate": 1.0
    },
    {
        "model": 2,
        "sequence": 3,
        "status": 1,
        "fuel": 5778,
        "fault": 0.5814,
        "weapon": 1,
        "pilot_injury": 0.073,
        "pilot_skill": 0.8123,
        "mission_priority": 0.4501,
        "estimated_landing_time": 288.0,
        "wait_time": 0,
        "Landing_success_rate": 1.0
    },
    {
        "model": 1,
        "sequence": 24,
        "status": 1,
        "fuel": 7403,
        "fault": 0.1211,
        "weapon": 0,
        "pilot_injury": 0.6116,
        "pilot_skill": 0.2627,
        "mission_priority": 0.2373,
        "estimated_landing_time": 2262.0,
        "wait_time": 0,
        "Landing_success_rate": 1.0
    },
    {
        "model": 0,
        "sequence": 13,
        "status": 1,
        "fuel": 6585,
        "fault": 0.651,
        "weapon": 0,
        "pilot_injury": 0.6428,
        "pilot_skill": 0.8228,
        "mission_priority": 0.7274,
        "estimated_landing_time": 1228.0,
        "wait_time": 0,
        "Landing_success_rate": 1.0
    },
    {
        "model": 0,
        "sequence": 29,
        "status": 1,
        "fuel": 6823,
        "fault": 0.6767,
        "weapon": 0,
        "pilot_injury": 0.0262,
        "pilot_skill": 0.9124,
        "mission_priority": 0.5581,
        "estimated_landing_time": 2732.0,
        "wait_time": 0,
        "Landing_success_rate": 1.0
    },
    {
        "model": 1,
        "sequence": 17,
        "status": 1,
        "fuel": 6714,
        "fault": 0.2936,
        "weapon": 0,
        "pilot_injury": 0.5007,
        "pilot_skill": 0.7857,
        "mission_priority": 0.9365,
        "estimated_landing_time": 1604.0,
        "wait_time": 0,
        "Landing_success_rate": 1.0
    },
    {
        "model": 1,
        "sequence": 2,
        "status": 1,
        "fuel": 6918,
        "fault": 0.6762,
        "weapon": 0,
        "pilot_injury": 0.0959,
        "pilot_skill": 0.4943,
        "mission_priority": 0.6865,
        "estimated_landing_time": 194.0,
        "wait_time": 0,
        "Landing_success_rate": 1.0
    },
    {
        "model": 1,
        "sequence": 11,
        "status": 1,
        "fuel": 6799,
        "fault": 0.3882,
        "weapon": 1,
        "pilot_injury": 0.8633,
        "pilot_skill": 0.1149,
        "mission_priority": 0.9131,
        "estimated_landing_time": 1040.0,
        "wait_time": 0,
        "Landing_success_rate": 1.0
    },
    {
        "model": 1,
        "sequence": 9,
        "status": 1,
        "fuel": 7121,
        "fault": 0.5074,
        "weapon": 1,
        "pilot_injury": 0.5256,
        "pilot_skill": 0.1881,
        "mission_priority": 0.6886,
        "estimated_landing_time": 852.0,
        "wait_time": 0,
        "Landing_success_rate": 1.0
    },
    {
        "model": 2,
        "sequence": 6,
        "status": 1,
        "fuel": 7126,
        "fault": 0.2778,
        "weapon": 1,
        "pilot_injury": 0.9112,
        "pilot_skill": 0.7697,
        "mission_priority": 0.1848,
        "estimated_landing_time": 570.0,
        "wait_time": 0,
        "Landing_success_rate": 1.0
    },
    {
        "model": 2,
        "sequence": 7,
        "status": 1,
        "fuel": 7181,
        "fault": 0.7036,
        "weapon": 1,
        "pilot_injury": 0.8341,
        "pilot_skill": 0.6479,
        "mission_priority": 0.1756,
        "estimated_landing_time": 664.0,
        "wait_time": 0,
        "Landing_success_rate": 1.0
    },
    {
        "model": 1,
        "sequence": 12,
        "status": 1,
        "fuel": 7028,
        "fault": 0.1089,
        "weapon": 1,
        "pilot_injury": 0.7323,
        "pilot_skill": 0.9343,
        "mission_priority": 0.8088,
        "estimated_landing_time": 1134.0,
        "wait_time": 0,
        "Landing_success_rate": 1.0
    },
    {
        "model": 0,
        "sequence": 18,
        "status": 1,
        "fuel": 7422,
        "fault": 0.6783,
        "weapon": 0,
        "pilot_injury": 0.6926,
        "pilot_skill": 0.5674,
        "mission_priority": 0.7359,
        "estimated_landing_time": 1698.0,
        "wait_time": 0,
        "Landing_success_rate": 1.0
    },
    {
        "model": 0,
        "sequence": 28,
        "status": 1,
        "fuel": 6008,
        "fault": 0.7803,
        "weapon": 1,
        "pilot_injury": 0.9514,
        "pilot_skill": 0.8086,
        "mission_priority": 0.9263,
        "estimated_landing_time": 2638.0,
        "wait_time": 0,
        "Landing_success_rate": 1.0
    },
    {
        "model": 1,
        "sequence": 10,
        "status": 1,
        "fuel": 6343,
        "fault": 0.4888,
        "weapon": 0,
        "pilot_injury": 0.1962,
        "pilot_skill": 0.7411,
        "mission_priority": 0.0073,
        "estimated_landing_time": 946.0,
        "wait_time": 0,
        "Landing_success_rate": 1.0
    },
    {
        "model": 1,
        "sequence": 27,
        "status": 1,
        "fuel": 6026,
        "fault": 0.7549,
        "weapon": 0,
        "pilot_injury": 0.0152,
        "pilot_skill": 0.6834,
        "mission_priority": 0.8166,
        "estimated_landing_time": 2544.0,
        "wait_time": 0,
        "Landing_success_rate": 1.0
    },
    {
        "model": 0,
        "sequence": 19,
        "status": 1,
        "fuel": 6177,
        "fault": 0.0079,
        "weapon": 1,
        "pilot_injury": 0.8039,
        "pilot_skill": 0.8285,
        "mission_priority": 0.0965,
        "estimated_landing_time": 1792.0,
        "wait_time": 0,
        "Landing_success_rate": 1.0
    },
    {
        "model": 0,
        "sequence": 14,
        "status": 1,
        "fuel": 6467,
        "fault": 0.2495,
        "weapon": 1,
        "pilot_injury": 0.4067,
        "pilot_skill": 0.8893,
        "mission_priority": 0.5291,
        "estimated_landing_time": 1322.0,
        "wait_time": 0,
        "Landing_success_rate": 1.0
    },
    {
        "model": 2,
        "sequence": 20,
        "status": 1,
        "fuel": 6648,
        "fault": 0.9009,
        "weapon": 1,
        "pilot_injury": 0.5774,
        "pilot_skill": 0.9536,
        "mission_priority": 0.422,
        "estimated_landing_time": 1886.0,
        "wait_time": 0,
        "Landing_success_rate": 1.0
    },
    {
        "model": 0,
        "sequence": 1,
        "status": 1,
        "fuel": 5912,
        "fault": 0.1181,
        "weapon": 0,
        "pilot_injury": 0.4523,
        "pilot_skill": 0.6753,
        "mission_priority": 0.8855,
        "estimated_landing_time": 100.0,
        "wait_time": 0,
        "Landing_success_rate": 1.0
    },
    {
        "model": 0,
        "sequence": 4,
        "status": 1,
        "fuel": 5839,
        "fault": 0.2342,
        "weapon": 0,
        "pilot_injury": 0.1937,
        "pilot_skill": 0.0682,
        "mission_priority": 0.6215,
        "estimated_landing_time": 382.0,
        "wait_time": 0,
        "Landing_success_rate": 1.0
    },
    {
        "model": 0,
        "sequence": 15,
        "status": 1,
        "fuel": 6581,
        "fault": 0.2145,
        "weapon": 0,
        "pilot_injury": 0.9894,
        "pilot_skill": 0.8786,
        "mission_priority": 0.0466,
        "estimated_landing_time": 1416.0,
        "wait_time": 0,
        "Landing_success_rate": 1.0
    },
    {
        "model": 0,
        "sequence": 23,
        "status": 1,
        "fuel": 7228,
        "fault": 0.9454,
        "weapon": 0,
        "pilot_injury": 0.4472,
        "pilot_skill": 0.2973,
        "mission_priority": 0.1564,
        "estimated_landing_time": 2168.0,
        "wait_time": 0,
        "Landing_success_rate": 1.0
    }
]