[
    {
        "model": 0,
        "sequence": 27,
        "status": 1,
        "fuel": 6189,
        "fault": 0.9462,
        "weapon": 1,
        "pilot_injury": 0.6321,
        "pilot_skill": 0.2984,
        "mission_priority": 0.9366,
        "estimated_landing_time": 2544.0,
        "wait_time": 0,
        "Landing_success_rate": 1.0
    },
    {
        "model": 0,
        "sequence": 26,
        "status": 1,
        "fuel": 6907,
        "fault": 0.3676,
        "weapon": 1,
        "pilot_injury": 0.8412,
        "pilot_skill": 0.5617,
        "mission_priority": 0.442,
        "estimated_landing_time": 2450.0,
        "wait_time": 0,
        "Landing_success_rate": 1.0
    },
    {
        "model": 1,
        "sequence": 13,
        "status": 1,
        "fuel": 7002,
        "fault": 0.3634,
        "weapon": 1,
        "pilot_injury": 0.0834,
        "pilot_skill": 0.3337,
        "mission_priority": 0.8605,
        "estimated_landing_time": 1228.0,
        "wait_time": 0,
        "Landing_success_rate": 1.0
    },
    {
        "model": 1,
        "sequence": 3,
        "status": 1,
        "fuel": 6358,
        "fault": 0.7632,
        "weapon": 1,
        "pilot_injury": 0.4603,
        "pilot_skill": 0.308,
        "mission_priority": 0.7929,
        "estimated_landing_time": 288.0,
        "wait_time": 0,
        "Landing_success_rate": 1.0
    },
    {
        "model": 2,
        "sequence": 23,
        "status": 1,
        "fuel": 5756,
        "fault": 0.0444,
        "weapon": 0,
        "pilot_injury": 0.7416,
        "pilot_skill": 0.9871,
        "mission_priority": 0.39,
        "estimated_landing_time": 2168.0,
        "wait_time": 0,
        "Landing_success_rate": 1.0
    },
    {
        "model": 1,
        "sequence": 20,
        "status": 1,
        "fuel": 6049,
        "fault": 0.0587,
        "weapon": 0,
        "pilot_injury": 0.6568,
        "pilot_skill": 0.4867,
        "mission_priority": 0.7432,
        "estimated_landing_time": 1886.0,
        "wait_time": 0,
        "Landing_success_rate": 1.0
    },
    {
        "model": 1,
        "sequence": 18,
        "status": 1,
        "fuel": 5729,
        "fault": 0.6345,
        "weapon": 0,
        "pilot_injury": 0.9984,
        "pilot_skill": 0.7516,
        "mission_priority": 0.2302,
        "estimated_landing_time": 1698.0,
        "wait_time": 0,
        "Landing_success_rate": 1.0
    },
    {
        "model": 0,
        "sequence": 7,
        "status": 1,
        "fuel": 6345,
        "fault": 0.1644,
        "weapon": 0,
        "pilot_injury": 0.1489,
        "pilot_skill": 0.0071,
        "mission_priority": 0.7729,
        "estimated_landing_time": 664.0,
        "wait_time": 0,
        "Landing_success_rate": 1.0
    },
    {
        "model": 0,
        "sequence": 21,
        "status": 1,
        "fuel": 7200,
        "fault": 0.2185,
        "weapon": 1,
        "pilot_injury": 0.0221,
        "pilot_skill": 0.3787,
        "mission_priority": 0.5318,
        "estimated_landing_time": 1980.0,
        "wait_time": 0,
        "Landing_success_rate": 1.0
    },
    {
        "model": 1,
        "sequence": 19,
        "status": 1,
        "fuel": 6426,
        "fault": 0.8701,
        "weapon": 1,
        "pilot_injury": 0.2865,
        "pilot_skill": 0.907,
        "mission_priority": 0.6721,
        "estimated_landing_time": 1792.0,
        "wait_time": 0,
        "Landing_success_rate": 1.0
    },
    {
        "model": 2,
        "sequence": 14,
        "status": 1,
        "fuel": 5867,
        "fault": 0.1022,
        "weapon": 1,
        "pilot_injury": 0.6611,
        "pilot_skill": 0.2136,
        "mission_priority": 0.0062,
        "estimated_landing_time": 1322.0,
        "wait_time": 0,
        "Landing_success_rate": 1.0
    },
    {
        "model": 2,
        "sequence": 1,
        "status": 1,
        "fuel": 6516,
        "fault": 0.7309,
        "weapon": 1,
        "pilot_injury": 0.8583,
        "pilot_skill": 0.1724,
        "mission_priority": 0.6595,
        "estimated_landing_time": 100.0,
        "wait_time": 0,
        "Landing_success_rate": 1.0
    },
    {
        "model": 0,
        "sequence": 10,
        "status": 1,
        "fuel": 6212,
        "fault": 0.5977,
        "weapon": 0,
        "pilot_injury": 0.5644,
        "pilot_skill": 0.7235,
        "mission_priority": 0.3941,
        "estimated_landing_time": 946.0,
        "wait_time": 0,
        "Landing_success_rate": 1.0
    },
    {
        "model": 2,
        "sequence": 30,
        "status": 1,
        "fuel": 7432,
        "fault": 0.3705,
        "weapon": 1,
        "pilot_injury": 0.3182,
        "pilot_skill": 0.407,
        "mission_priority": 0.1739,
        "estimated_landing_time": 2826.0,
        "wait_time": 0,
        "Landing_success_rate": 1.0
    },
    {
        "model": 2,
        "sequence": 12,
        "status": 1,
        "fuel": 5999,
        "fault": 0.9183,
        "weapon": 0,
        "pilot_injury": 0.7007,
        "pilot_skill": 0.4923,
        "mission_priority": 0.4193,
        "estimated_landing_time": 1134.0,
        "wait_time": 0,
        "Landing_success_rate": 1.0
    },
    {
        "model": 0,
        "sequence": 17,
        "status": 1,
        "fuel": 6428,
        "fault": 0.4263,
        "weapon": 1,
        "pilot_injury": 0.1267,
        "pilot_skill": 0.7907,
        "mission_priority": 0.0054,
        "estimated_landing_time": 1604.0,
        "wait_time": 0,
        "Landing_success_rate": 1.0
    },
    {
        "model": 1,
        "sequence": 28,
        "status": 1,
        "fuel": 6771,
        "fault": 0.5673,
        "weapon": 0,
        "pilot_injury": 0.4346,
        "pilot_skill": 0.1209,
        "mission_priority": 0.5842,
        "estimated_landing_time": 2638.0,
        "wait_time": 0,
        "Landing_success_rate": 1.0
    },
    {
        "model": 1,
        "sequence": 22,
        "status": 1,
        "fuel": 6214,
        "fault": 0.8942,
        "weapon": 0,
        "pilot_injury": 0.3023,
        "pilot_skill": 0.1725,
        "mission_priority": 0.2512,
        "estimated_landing_time": 2074.0,
        "wait_time": 0,
        "Landing_success_rate": 1.0
    },
    {
        "model": 0,
        "sequence": 25,
        "status": 1,
        "fuel": 5930,
        "fault": 0.7609,
        "weapon": 0,
        "pilot_injury": 0.3384,
        "pilot_skill": 0.7884,
        "mission_priority": 0.3779,
        "estimated_landing_time": 2356.0,
        "wait_time": 0,
        "Landing_success_rate": 1.0
    },
    {
        "model": 0,
        "sequence": 6,
        "status": 1,
        "fuel": 6037,
        "fault": 0.0718,
        "weapon": 1,
        "pilot_injury": 0.1356,
        "pilot_skill": 0.1012,
        "mission_priority": 0.1465,
        "estimated_landing_time": 570.0,
        "wait_time": 0,
        "Landing_success_rate": 1.0
    },
    {
        "model": 0,
        "sequence": 15,
        "status": 1,
        "fuel": 6766,
        "fault": 0.8761,
        "weapon": 0,
        "pilot_injury": 0.672,
        "pilot_skill": 0.1459,
        "mission_priority": 0.5195,
        "estimated_landing_time": 1416.0,
        "wait_time": 0,
        "Landing_success_rate": 1.0
    },
    {
        "model": 1,
        "sequence": 29,
        "status": 1,
        "fuel": 6345,
        "fault": 0.0113,
        "weapon": 0,
        "pilot_injury": 0.2701,
        "pilot_skill": 0.7625,
        "mission_priority": 0.2982,
        "estimated_landing_time": 2732.0,
        "wait_time": 0,
        "Landing_success_rate": 1.0
    },
    {
        "model": 2,
        "sequence": 5,
        "status": 1,
        "fuel": 7426,
        "fault": 0.7665,
        "weapon": 1,
        "pilot_injury": 0.5139,
        "pilot_skill": 0.604,
        "mission_priority": 0.8752,
        "estimated_landing_time": 476.0,
        "wait_time": 0,
        "Landing_success_rate": 1.0
    },
    {
        "model": 1,
        "sequence": 16,
        "status": 1,
        "fuel": 6033,
        "fault": 0.3067,
        "weapon": 1,
        "pilot_injury": 0.1449,
        "pilot_skill": 0.269,
        "mission_priority": 0.4304,
        "estimated_landing_time": 1510.0,
        "wait_time": 0,
        "Landing_success_rate": 1.0
    },
    {
        "model": 1,
        "sequence": 8,
        "status": 1,
        "fuel": 5938,
        "fault": 0.3539,
        "weapon": 0,
        "pilot_injury": 0.7838,
        "pilot_skill": 0.973,
        "mission_priority": 0.6293,
        "estimated_landing_time": 758.0,
        "wait_time": 0,
        "Landing_success_rate": 1.0
    },
    {
        "model": 0,
        "sequence": 11,
        "status": 1,
        "fuel": 6153,
        "fault": 0.5657,
        "weapon": 0,
        "pilot_injury": 0.1369,
        "pilot_skill": 0.833,
        "mission_priority": 0.7717,
        "estimated_landing_time": 1040.0,
        "wait_time": 0,
        "Landing_success_rate": 1.0
    },
    {
        "model": 2,
        "sequence": 24,
        "status": 1,
        "fuel": 6721,
        "fault": 0.9663,
        "weapon": 1,
        "pilot_injury": 0.9938,
        "pilot_skill": 0.9719,
        "mission_priority": 0.4522,
        "estimated_landing_time": 2262.0,
        "wait_time": 0,
        "Landing_success_rate": 1.0
    },
    {
        "model": 1,
        "sequence": 4,
        "status": 1,
        "fuel": 6335,
        "fault": 0.8476,
        "weapon": 0,
        "pilot_injury": 0.8781,
        "pilot_skill": 0.669,
        "mission_priority": 0.5993,
        "estimated_landing_time": 382.0,
        "wait_time": 0,
        "Landing_success_rate": 1.0
    },
    {
        "model": 2,
        "sequence": 2,
        "status": 1,
        "fuel": 6863,
        "fault": 0.8357,
        "weapon": 1,
        "pilot_injury": 0.5577,
        "pilot_skill": 0.5211,
        "mission_priority": 0.0527,
        "estimated_landing_time": 194.0,
        "wait_time": 0,
        "Landing_success_rate": 1.0
    },
    {
        "model": 2,
        "sequence": 9,
        "status": 1,
        "fuel": 6330,
        "fault": 0.8217,
        "weapon": 1,
        "pilot_injury": 0.7876,
        "pilot_skill": 0.1286,
        "mission_priority": 0.8246,
        "estimated_landing_time": 852.0,
        "wait_time": 0,
        "Landing_success_rate": 1.0
    }
]