[
    {
        "model": 1,
        "sequence": 9,
        "status": 1,
        "fuel": 6121,
        "fault": 0.5711,
        "weapon": 1,
        "pilot_injury": 0.9721,
        "pilot_skill": 0.2338,
        "mission_priority": 0.0502,
        "estimated_landing_time": 852.0,
        "wait_time": 0,
        "Landing_success_rate": 1.0
    },
    {
        "model": 2,
        "sequence": 4,
        "status": 1,
        "fuel": 7286,
        "fault": 0.8864,
        "weapon": 0,
        "pilot_injury": 0.0559,
        "pilot_skill": 0.4267,
        "mission_priority": 0.2534,
        "estimated_landing_time": 382.0,
        "wait_time": 0,
        "Landing_success_rate": 1.0
    },
    {
        "model": 1,
        "sequence": 1,
        "status": 1,
        "fuel": 6725,
        "fault": 0.1158,
        "weapon": 0,
        "pilot_injury": 0.1054,
        "pilot_skill": 0.0766,
        "mission_priority": 0.5958,
        "estimated_landing_time": 100.0,
        "wait_time": 0,
        "Landing_success_rate": 1.0
    },
    {
        "model": 1,
        "sequence": 12,
        "status": 1,
        "fuel": 5670,
        "fault": 0.8397,
        "weapon": 1,
        "pilot_injury": 0.8339,
        "pilot_skill": 0.7351,
        "mission_priority": 0.956,
        "estimated_landing_time": 1134.0,
        "wait_time": 0,
        "Landing_success_rate": 1.0
    },
    {
        "model": 2,
        "sequence": 30,
        "status": 1,
        "fuel": 7225,
        "fault": 0.7374,
        "weapon": 0,
        "pilot_injury": 0.7159,
        "pilot_skill": 0.3053,
        "mission_priority": 0.0912,
        "estimated_landing_time": 2826.0,
        "wait_time": 0,
        "Landing_success_rate": 1.0
    },
    {
        "model": 0,
        "sequence": 5,
        "status": 1,
        "fuel": 6038,
        "fault": 0.4754,
        "weapon": 1,
        "pilot_injury": 0.0284,
        "pilot_skill": 0.8164,
        "mission_priority": 0.3665,
        "estimated_landing_time": 476.0,
        "wait_time": 0,
        "Landing_success_rate": 1.0
    },
    {
        "model": 1,
        "sequence": 29,
        "status": 1,
        "fuel": 5661,
        "fault": 0.5399,
        "weapon": 1,
        "pilot_injury": 0.7033,
        "pilot_skill": 0.2751,
        "mission_priority": 0.1736,
        "estimated_landing_time": 2732.0,
        "wait_time": 0,
        "Landing_success_rate": 1.0
    },
    {
        "model": 0,
        "sequence": 7,
        "status": 1,
        "fuel": 6513,
        "fault": 0.1995,
        "weapon": 0,
        "pilot_injury": 0.5855,
        "pilot_skill": 0.5239,
        "mission_priority": 0.7549,
        "estimated_landing_time": 664.0,
        "wait_time": 0,
        "Landing_success_rate": 1.0
    },
    {
        "model": 1,
        "sequence": 2,
        "status": 1,
        "fuel": 5768,
        "fault": 0.7661,
        "weapon": 1,
        "pilot_injury": 0.2818,
        "pilot_skill": 0.932,
        "mission_priority": 0.9602,
        "estimated_landing_time": 194.0,
        "wait_time": 0,
        "Landing_success_rate": 1.0
    },
    {
        "model": 2,
        "sequence": 17,
        "status": 1,
        "fuel": 6978,
        "fault": 0.8399,
        "weapon": 1,
        "pilot_injury": 0.0007,
        "pilot_skill": 0.6723,
        "mission_priority": 0.2124,
        "estimated_landing_time": 1604.0,
        "wait_time": 0,
        "Landing_success_rate": 1.0
    },
    {
        "model": 2,
        "sequence": 11,
        "status": 1,
        "fuel": 6857,
        "fault": 0.8472,
        "weapon": 0,
        "pilot_injury": 0.6649,
        "pilot_skill": 0.4363,
        "mission_priority": 0.3491,
        "estimated_landing_time": 1040.0,
        "wait_time": 0,
        "Landing_success_rate": 1.0
    },
    {
        "model": 1,
        "sequence": 15,
        "status": 1,
        "fuel": 5953,
        "fault": 0.9844,
        "weapon": 0,
        "pilot_injury": 0.8692,
        "pilot_skill": 0.4448,
        "mission_priority": 0.7178,
        "estimated_landing_time": 1416.0,
        "wait_time": 0,
        "Landing_success_rate": 1.0
    },
    {
        "model": 2,
        "sequence": 13,
        "status": 1,
        "fuel": 5626,
        "fault": 0.7532,
        "weapon": 1,
        "pilot_injury": 0.4921,
        "pilot_skill": 0.3553,
        "mission_priority": 0.9002,
        "estimated_landing_time": 1228.0,
        "wait_time": 0,
        "Landing_success_rate": 1.0
    },
    {
        "model": 1,
        "sequence": 21,
        "status": 1,
        "fuel": 6394,
        "fault": 0.4805,
        "weapon": 1,
        "pilot_injury": 0.9087,
        "pilot_skill": 0.7397,
        "mission_priority": 0.6799,
        "estimated_landing_time": 1980.0,
        "wait_time": 0,
        "Landing_success_rate": 1.0
    },
    {
        "model": 0,
        "sequence": 19,
        "status": 1,
        "fuel": 6956,
        "fault": 0.2485,
        "weapon": 0,
        "pilot_injury": 0.6666,
        "pilot_skill": 0.7852,
        "mission_priority": 0.0634,
        "estimated_landing_time": 1792.0,
        "wait_time": 0,
        "Landing_success_rate": 1.0
    },
    {
        "model": 1,
        "sequence": 27,
        "status": 1,
        "fuel": 6677,
        "fault": 0.5749,
        "weapon": 0,
        "pilot_injury": 0.645,
        "pilot_skill": 0.512,
        "mission_priority": 0.0084,
        "estimated_landing_time": 2544.0,
        "wait_time": 0,
        "Landing_success_rate": 1.0
    },
    {
        "model": 1,
        "sequence": 10,
        "status": 1,
        "fuel": 7063,
        "fault": 0.7887,
        "weapon": 0,
        "pilot_injury": 0.2977,
        "pilot_skill": 0.1172,
        "mission_priority": 0.0509,
        "estimated_landing_time": 946.0,
        "wait_time": 0,
        "Landing_success_rate": 1.0
    },
    {
        "model": 1,
        "sequence": 8,
        "status": 1,
        "fuel": 6728,
        "fault": 0.6952,
        "weapon": 1,
        "pilot_injury": 0.5037,
        "pilot_skill": 0.0613,
        "mission_priority": 0.4886,
        "estimated_landing_time": 758.0,
        "wait_time": 0,
        "Landing_success_rate": 1.0
    },
    {
        "model": 2,
        "sequence": 18,
        "status": 1,
        "fuel": 6438,
        "fault": 0.6102,
        "weapon": 0,
        "pilot_injury": 0.9025,
        "pilot_skill": 0.7833,
        "mission_priority": 0.8019,
        "estimated_landing_time": 1698.0,
        "wait_time": 0,
        "Landing_success_rate": 1.0
    },
    {
        "model": 2,
        "sequence": 22,
        "status": 1,
        "fuel": 6362,
        "fault": 0.607,
        "weapon": 0,
        "pilot_injury": 0.6405,
        "pilot_skill": 0.2254,
        "mission_priority": 0.1369,
        "estimated_landing_time": 2074.0,
        "wait_time": 0,
        "Landing_success_rate": 1.0
    },
    {
        "model": 2,
        "sequence": 26,
        "status": 1,
        "fuel": 5770,
        "fault": 0.4988,
        "weapon": 1,
        "pilot_injury": 0.1503,
        "pilot_skill": 0.5304,
        "mission_priority": 0.5465,
        "estimated_landing_time": 2450.0,
        "wait_time": 0,
        "Landing_success_rate": 1.0
    },
    {
        "model": 1,
        "sequence": 25,
        "status": 1,
        "fuel": 7472,
        "fault": 0.0798,
        "weapon": 0,
        "pilot_injury": 0.2176,
        "pilot_skill": 0.8179,
        "mission_priority": 0.969,
        "estimated_landing_time": 2356.0,
        "wait_time": 0,
        "Landing_success_rate": 1.0
    },
    {
        "model": 2,
        "sequence": 20,
        "status": 1,
        "fuel": 5584,
        "fault": 0.8262,
        "weapon": 0,
        "pilot_injury": 0.2664,
        "pilot_skill": 0.9919,
        "mission_priority": 0.1764,
        "estimated_landing_time": 1886.0,
        "wait_time": 0,
        "Landing_success_rate": 1.0
    },
    {
        "model": 2,
        "sequence": 16,
        "status": 1,
        "fuel": 6958,
        "fault": 0.1692,
        "weapon": 0,
        "pilot_injury": 0.3569,
        "pilot_skill": 0.2852,
        "mission_priority": 0.4411,
        "estimated_landing_time": 1510.0,
        "wait_time": 0,
        "Landing_success_rate": 1.0
    },
    {
        "model": 2,
        "sequence": 24,
        "status": 1,
        "fuel": 6026,
        "fault": 0.3589,
        "weapon": 0,
        "pilot_injury": 0.4162,
        "pilot_skill": 0.6517,
        "mission_priority": 0.7882,
        "estimated_landing_time": 2262.0,
        "wait_time": 0,
        "Landing_success_rate": 1.0
    },
    {
        "model": 2,
        "sequence": 3,
        "status": 1,
        "fuel": 7345,
        "fault": 0.9579,
        "weapon": 1,
        "pilot_injury": 0.2116,
        "pilot_skill": 0.9151,
        "mission_priority": 0.9866,
        "estimated_landing_time": 288.0,
        "wait_time": 0,
        "Landing_success_rate": 1.0
    },
    {
        "model": 2,
        "sequence": 6,
        "status": 1,
        "fuel": 6982,
        "fault": 0.151,
        "weapon": 1,
        "pilot_injury": 0.6409,
        "pilot_skill": 0.8179,
        "mission_priority": 0.1091,
        "estimated_landing_time": 570.0,
        "wait_time": 0,
        "Landing_success_rate": 1.0
    },
    {
        "model": 1,
        "sequence": 28,
        "status": 1,
        "fuel": 5872,
        "fault": 0.6762,
        "weapon": 1,
        "pilot_injury": 0.5106,
        "pilot_skill": 0.56,
        "mission_priority": 0.7445,
        "estimated_landing_time": 2638.0,
        "wait_time": 0,
        "Landing_success_rate": 1.0
    },
    {
        "model": 1,
        "sequence": 14,
        "status": 1,
        "fuel": 6438,
        "fault": 0.5408,
        "weapon": 0,
        "pilot_injury": 0.3076,
        "pilot_skill": 0.8771,
        "mission_priority": 0.0121,
        "estimated_landing_time": 1322.0,
        "wait_time": 0,
        "Landing_success_rate": 1.0
    },
    {
        "model": 2,
        "sequence": 23,
        "status": 1,
        "fuel": 5500,
        "fault": 0.1796,
        "weapon": 1,
        "pilot_injury": 0.1242,
        "pilot_skill": 0.7369,
        "mission_priority": 0.3741,
        "estimated_landing_time": 2168.0,
        "wait_time": 0,
        "Landing_success_rate": 1.0
    }
]