[
    {
        "model": 1,
        "sequence": 12,
        "status": 1,
        "fuel": 6092,
        "fault": 0.857,
        "weapon": 0,
        "pilot_injury": 0.9556,
        "pilot_skill": 0.017,
        "mission_priority": 0.2783,
        "estimated_landing_time": 1134.0,
        "wait_time": 0,
        "Landing_success_rate": 1.0
    },
    {
        "model": 1,
        "sequence": 15,
        "status": 1,
        "fuel": 7067,
        "fault": 0.4524,
        "weapon": 0,
        "pilot_injury": 0.8512,
        "pilot_skill": 0.4601,
        "mission_priority": 0.3176,
        "estimated_landing_time": 1416.0,
        "wait_time": 0,
        "Landing_success_rate": 1.0
    },
    {
        "model": 2,
        "sequence": 25,
        "status": 1,
        "fuel": 6712,
        "fault": 0.7113,
        "weapon": 1,
        "pilot_injury": 0.4768,
        "pilot_skill": 0.4184,
        "mission_priority": 0.9352,
        "estimated_landing_time": 2356.0,
        "wait_time": 0,
        "Landing_success_rate": 1.0
    },
    {
        "model": 0,
        "sequence": 2,
        "status": 1,
        "fuel": 6521,
        "fault": 0.6876,
        "weapon": 0,
        "pilot_injury": 0.6071,
        "pilot_skill": 0.9075,
        "mission_priority": 0.8312,
        "estimated_landing_time": 194.0,
        "wait_time": 0,
        "Landing_success_rate": 1.0
    },
    {
        "model": 2,
        "sequence": 13,
        "status": 1,
        "fuel": 6531,
        "fault": 0.5352,
        "weapon": 1,
        "pilot_injury": 0.3803,
        "pilot_skill": 0.7332,
        "mission_priority": 0.0161,
        "estimated_landing_time": 1228.0,
        "wait_time": 0,
        "Landing_success_rate": 1.0
    },
    {
        "model": 1,
        "sequence": 7,
        "status": 1,
        "fuel": 6770,
        "fault": 0.6458,
        "weapon": 0,
        "pilot_injury": 0.5243,
        "pilot_skill": 0.2465,
        "mission_priority": 0.3807,
        "estimated_landing_time": 664.0,
        "wait_time": 0,
        "Landing_success_rate": 1.0
    },
    {
        "model": 1,
        "sequence": 14,
        "status": 1,
        "fuel": 6655,
        "fault": 0.1871,
        "weapon": 0,
        "pilot_injury": 0.5374,
        "pilot_skill": 0.1449,
        "mission_priority": 0.5732,
        "estimated_landing_time": 1322.0,
        "wait_time": 0,
        "Landing_success_rate": 1.0
    },
    {
        "model": 2,
        "sequence": 1,
        "status": 1,
        "fuel": 5886,
        "fault": 0.5153,
        "weapon": 0,
        "pilot_injury": 0.006,
        "pilot_skill": 0.0855,
        "mission_priority": 0.6896,
        "estimated_landing_time": 100.0,
        "wait_time": 0,
        "Landing_success_rate": 1.0
    },
    {
        "model": 1,
        "sequence": 3,
        "status": 1,
        "fuel": 5501,
        "fault": 0.9337,
        "weapon": 0,
        "pilot_injury": 0.6919,
        "pilot_skill": 0.4971,
        "mission_priority": 0.6371,
        "estimated_landing_time": 288.0,
        "wait_time": 0,
        "Landing_success_rate": 1.0
    },
    {
        "model": 1,
        "sequence": 10,
        "status": 1,
        "fuel": 6241,
        "fault": 0.6197,
        "weapon": 1,
        "pilot_injury": 0.638,
        "pilot_skill": 0.6397,
        "mission_priority": 0.5347,
        "estimated_landing_time": 946.0,
        "wait_time": 0,
        "Landing_success_rate": 1.0
    },
    {
        "model": 1,
        "sequence": 22,
        "status": 1,
        "fuel": 7355,
        "fault": 0.5003,
        "weapon": 0,
        "pilot_injury": 0.8078,
        "pilot_skill": 0.0573,
        "mission_priority": 0.9518,
        "estimated_landing_time": 2074.0,
        "wait_time": 0,
        "Landing_success_rate": 1.0
    },
    {
        "model": 1,
        "sequence": 5,
        "status": 1,
        "fuel": 7132,
        "fault": 0.3468,
        "weapon": 0,
        "pilot_injury": 0.1941,
        "pilot_skill": 0.5364,
        "mission_priority": 0.4399,
        "estimated_landing_time": 476.0,
        "wait_time": 0,
        "Landing_success_rate": 1.0
    },
    {
        "model": 1,
        "sequence": 27,
        "status": 1,
        "fuel": 5715,
        "fault": 0.0828,
        "weapon": 1,
        "pilot_injury": 0.9036,
        "pilot_skill": 0.6984,
        "mission_priority": 0.3247,
        "estimated_landing_time": 2544.0,
        "wait_time": 0,
        "Landing_success_rate": 1.0
    },
    {
        "model": 0,
        "sequence": 8,
        "status": 1,
        "fuel": 6381,
        "fault": 0.1912,
        "weapon": 1,
        "pilot_injury": 0.3669,
        "pilot_skill": 0.2101,
        "mission_priority": 0.4353,
        "estimated_landing_time": 758.0,
        "wait_time": 0,
        "Landing_success_rate": 1.0
    },
    {
        "model": 2,
        "sequence": 20,
        "status": 1,
        "fuel": 7185,
        "fault": 0.3127,
        "weapon": 1,
        "pilot_injury": 0.8249,
        "pilot_skill": 0.8919,
        "mission_priority": 0.4459,
        "estimated_landing_time": 1886.0,
        "wait_time": 0,
        "Landing_success_rate": 1.0
    },
    {
        "model": 1,
        "sequence": 26,
        "status": 1,
        "fuel": 7019,
        "fault": 0.0571,
        "weapon": 1,
        "pilot_injury": 0.3149,
        "pilot_skill": 0.6334,
        "mission_priority": 0.4382,
        "estimated_landing_time": 2450.0,
        "wait_time": 0,
        "Landing_success_rate": 1.0
    },
    {
        "model": 1,
        "sequence": 4,
        "status": 1,
        "fuel": 5596,
        "fault": 0.1186,
        "weapon": 1,
        "pilot_injury": 0.6241,
        "pilot_skill": 0.6234,
        "mission_priority": 0.1569,
        "estimated_landing_time": 382.0,
        "wait_time": 0,
        "Landing_success_rate": 1.0
    },
    {
        "model": 1,
        "sequence": 6,
        "status": 1,
        "fuel": 5930,
        "fault": 0.2039,
        "weapon": 1,
        "pilot_injury": 0.2135,
        "pilot_skill": 0.9705,
        "mission_priority": 0.8319,
        "estimated_landing_time": 570.0,
        "wait_time": 0,
        "Landing_success_rate": 1.0
    },
    {
        "model": 2,
        "sequence": 29,
        "status": 1,
        "fuel": 6340,
        "fault": 0.3023,
        "weapon": 0,
        "pilot_injury": 0.1696,
        "pilot_skill": 0.2422,
        "mission_priority": 0.2377,
        "estimated_landing_time": 2732.0,
        "wait_time": 0,
        "Landing_success_rate": 1.0
    },
    {
        "model": 2,
        "sequence": 17,
        "status": 1,
        "fuel": 5891,
        "fault": 0.255,
        "weapon": 0,
        "pilot_injury": 0.9771,
        "pilot_skill": 0.2864,
        "mission_priority": 0.0163,
        "estimated_landing_time": 1604.0,
        "wait_time": 0,
        "Landing_success_rate": 1.0
    },
    {
        "model": 2,
        "sequence": 9,
        "status": 1,
        "fuel": 7316,
        "fault": 0.2148,
        "weapon": 0,
        "pilot_injury": 0.0072,
        "pilot_skill": 0.2241,
        "mission_priority": 0.104,
        "estimated_landing_time": 852.0,
        "wait_time": 0,
        "Landing_success_rate": 1.0
    },
    {
        "model": 1,
        "sequence": 28,
        "status": 1,
        "fuel": 6698,
        "fault": 0.3185,
        "weapon": 1,
        "pilot_injury": 0.4414,
        "pilot_skill": 0.492,
        "mission_priority": 0.7842,
        "estimated_landing_time": 2638.0,
        "wait_time": 0,
        "Landing_success_rate": 1.0
    },
    {
        "model": 1,
        "sequence": 16,
        "status": 1,
        "fuel": 6556,
        "fault": 0.411,
        "weapon": 0,
        "pilot_injury": 0.4265,
        "pilot_skill": 0.9346,
        "mission_priority": 0.2368,
        "estimated_landing_time": 1510.0,
        "wait_time": 0,
        "Landing_success_rate": 1.0
    },
    {
        "model": 2,
        "sequence": 24,
        "status": 1,
        "fuel": 6736,
        "fault": 0.6517,
        "weapon": 0,
        "pilot_injury": 0.786,
        "pilot_skill": 0.2955,
        "mission_priority": 0.7084,
        "estimated_landing_time": 2262.0,
        "wait_time": 0,
        "Landing_success_rate": 1.0
    },
    {
        "model": 0,
        "sequence": 18,
        "status": 1,
        "fuel": 6125,
        "fault": 0.123,
        "weapon": 0,
        "pilot_injury": 0.871,
        "pilot_skill": 0.8425,
        "mission_priority": 0.2028,
        "estimated_landing_time": 1698.0,
        "wait_time": 0,
        "Landing_success_rate": 1.0
    },
    {
        "model": 0,
        "sequence": 11,
        "status": 1,
        "fuel": 7490,
        "fault": 0.7771,
        "weapon": 0,
        "pilot_injury": 0.5609,
        "pilot_skill": 0.0751,
        "mission_priority": 0.9814,
        "estimated_landing_time": 1040.0,
        "wait_time": 0,
        "Landing_success_rate": 1.0
    },
    {
        "model": 2,
        "sequence": 21,
        "status": 1,
        "fuel": 6394,
        "fault": 0.6803,
        "weapon": 0,
        "pilot_injury": 0.6423,
        "pilot_skill": 0.0077,
        "mission_priority": 0.0065,
        "estimated_landing_time": 1980.0,
        "wait_time": 0,
        "Landing_success_rate": 1.0
    },
    {
        "model": 1,
        "sequence": 19,
        "status": 1,
        "fuel": 6695,
        "fault": 0.4183,
        "weapon": 1,
        "pilot_injury": 0.2632,
        "pilot_skill": 0.4432,
        "mission_priority": 0.5132,
        "estimated_landing_time": 1792.0,
        "wait_time": 0,
        "Landing_success_rate": 1.0
    },
    {
        "model": 1,
        "sequence": 23,
        "status": 1,
        "fuel": 6386,
        "fault": 0.1753,
        "weapon": 1,
        "pilot_injury": 0.6701,
        "pilot_skill": 0.2483,
        "mission_priority": 0.6278,
        "estimated_landing_time": 2168.0,
        "wait_time": 0,
        "Landing_success_rate": 1.0
    },
    {
        "model": 0,
        "sequence": 30,
        "status": 1,
        "fuel": 5984,
        "fault": 0.6592,
        "weapon": 1,
        "pilot_injury": 0.5112,
        "pilot_skill": 0.7283,
        "mission_priority": 0.5074,
        "estimated_landing_time": 2826.0,
        "wait_time": 0,
        "Landing_success_rate": 1.0
    }
]