[
    {
        "model": 0,
        "sequence": 17,
        "status": 1,
        "fuel": 5705,
        "fault": 0.4232,
        "weapon": 0,
        "pilot_injury": 0.21,
        "pilot_skill": 0.399,
        "mission_priority": 0.01,
        "estimated_landing_time": 1604.0,
        "wait_time": 0,
        "Landing_success_rate": 1.0
    },
    {
        "model": 0,
        "sequence": 26,
        "status": 1,
        "fuel": 7009,
        "fault": 0.5581,
        "weapon": 0,
        "pilot_injury": 0.7325,
        "pilot_skill": 0.6773,
        "mission_priority": 0.445,
        "estimated_landing_time": 2450.0,
        "wait_time": 0,
        "Landing_success_rate": 1.0
    },
    {
        "model": 1,
        "sequence": 18,
        "status": 1,
        "fuel": 7248,
        "fault": 0.5167,
        "weapon": 0,
        "pilot_injury": 0.4346,
        "pilot_skill": 0.6456,
        "mission_priority": 0.7229,
        "estimated_landing_time": 1698.0,
        "wait_time": 0,
        "Landing_success_rate": 1.0
    },
    {
        "model": 2,
        "sequence": 7,
        "status": 1,
        "fuel": 5674,
        "fault": 0.4886,
        "weapon": 0,
        "pilot_injury": 0.6703,
        "pilot_skill": 0.5615,
        "mission_priority": 0.3081,
        "estimated_landing_time": 664.0,
        "wait_time": 0,
        "Landing_success_rate": 1.0
    },
    {
        "model": 0,
        "sequence": 13,
        "status": 1,
        "fuel": 6521,
        "fault": 0.7386,
        "weapon": 1,
        "pilot_injury": 0.7173,
        "pilot_skill": 0.6654,
        "mission_priority": 0.2588,
        "estimated_landing_time": 1228.0,
        "wait_time": 0,
        "Landing_success_rate": 1.0
    },
    {
        "model": 0,
        "sequence": 16,
        "status": 1,
        "fuel": 7460,
        "fault": 0.8509,
        "weapon": 1,
        "pilot_injury": 0.8383,
        "pilot_skill": 0.2108,
        "mission_priority": 0.3923,
        "estimated_landing_time": 1510.0,
        "wait_time": 0,
        "Landing_success_rate": 1.0
    },
    {
        "model": 2,
        "sequence": 28,
        "status": 1,
        "fuel": 5968,
        "fault": 0.6745,
        "weapon": 0,
        "pilot_injury": 0.5467,
        "pilot_skill": 0.1861,
        "mission_priority": 0.03,
        "estimated_landing_time": 2638.0,
        "wait_time": 0,
        "Landing_success_rate": 1.0
    },
    {
        "model": 2,
        "sequence": 3,
        "status": 1,
        "fuel": 6447,
        "fault": 0.9605,
        "weapon": 1,
        "pilot_injury": 0.3618,
        "pilot_skill": 0.2845,
        "mission_priority": 0.823,
        "estimated_landing_time": 288.0,
        "wait_time": 0,
        "Landing_success_rate": 1.0
    },
    {
        "model": 0,
        "sequence": 27,
        "status": 1,
        "fuel": 5556,
        "fault": 0.8261,
        "weapon": 0,
        "pilot_injury": 0.3167,
        "pilot_skill": 0.2893,
        "mission_priority": 0.968,
        "estimated_landing_time": 2544.0,
        "wait_time": 0,
        "Landing_success_rate": 1.0
    },
    {
        "model": 1,
        "sequence": 22,
        "status": 1,
        "fuel": 5506,
        "fault": 0.0472,
        "weapon": 1,
        "pilot_injury": 0.2759,
        "pilot_skill": 0.811,
        "mission_priority": 0.8865,
        "estimated_landing_time": 2074.0,
        "wait_time": 0,
        "Landing_success_rate": 1.0
    },
    {
        "model": 1,
        "sequence": 11,
        "status": 1,
        "fuel": 6832,
        "fault": 0.6058,
        "weapon": 0,
        "pilot_injury": 0.7646,
        "pilot_skill": 0.9374,
        "mission_priority": 0.1662,
        "estimated_landing_time": 1040.0,
        "wait_time": 0,
        "Landing_success_rate": 1.0
    },
    {
        "model": 2,
        "sequence": 20,
        "status": 1,
        "fuel": 6977,
        "fault": 0.3218,
        "weapon": 0,
        "pilot_injury": 0.3665,
        "pilot_skill": 0.2918,
        "mission_priority": 0.5653,
        "estimated_landing_time": 1886.0,
        "wait_time": 0,
        "Landing_success_rate": 1.0
    },
    {
        "model": 2,
        "sequence": 21,
        "status": 1,
        "fuel": 6412,
        "fault": 0.3535,
        "weapon": 1,
        "pilot_injury": 0.9531,
        "pilot_skill": 0.4914,
        "mission_priority": 0.4723,
        "estimated_landing_time": 1980.0,
        "wait_time": 0,
        "Landing_success_rate": 1.0
    },
    {
        "model": 1,
        "sequence": 19,
        "status": 1,
        "fuel": 6442,
        "fault": 0.5919,
        "weapon": 1,
        "pilot_injury": 0.7428,
        "pilot_skill": 0.248,
        "mission_priority": 0.3689,
        "estimated_landing_time": 1792.0,
        "wait_time": 0,
        "Landing_success_rate": 1.0
    },
    {
        "model": 1,
        "sequence": 15,
        "status": 1,
        "fuel": 6629,
        "fault": 0.5382,
        "weapon": 1,
        "pilot_injury": 0.8613,
        "pilot_skill": 0.2371,
        "mission_priority": 0.0295,
        "estimated_landing_time": 1416.0,
        "wait_time": 0,
        "Landing_success_rate": 1.0
    },
    {
        "model": 1,
        "sequence": 4,
        "status": 1,
        "fuel": 6611,
        "fault": 0.157,
        "weapon": 0,
        "pilot_injury": 0.3289,
        "pilot_skill": 0.6416,
        "mission_priority": 0.0379,
        "estimated_landing_time": 382.0,
        "wait_time": 0,
        "Landing_success_rate": 1.0
    },
    {
        "model": 1,
        "sequence": 14,
        "status": 1,
        "fuel": 7395,
        "fault": 0.9918,
        "weapon": 0,
        "pilot_injury": 0.2298,
        "pilot_skill": 0.3825,
        "mission_priority": 0.4934,
        "estimated_landing_time": 1322.0,
        "wait_time": 0,
        "Landing_success_rate": 1.0
    },
    {
        "model": 1,
        "sequence": 30,
        "status": 1,
        "fuel": 6429,
        "fault": 0.7318,
        "weapon": 0,
        "pilot_injury": 0.674,
        "pilot_skill": 0.4041,
        "mission_priority": 0.1765,
        "estimated_landing_time": 2826.0,
        "wait_time": 0,
        "Landing_success_rate": 1.0
    },
    {
        "model": 2,
        "sequence": 8,
        "status": 1,
        "fuel": 7171,
        "fault": 0.7398,
        "weapon": 0,
        "pilot_injury": 0.0518,
        "pilot_skill": 0.5087,
        "mission_priority": 0.3603,
        "estimated_landing_time": 758.0,
        "wait_time": 0,
        "Landing_success_rate": 1.0
    },
    {
        "model": 2,
        "sequence": 29,
        "status": 1,
        "fuel": 7234,
        "fault": 0.8854,
        "weapon": 0,
        "pilot_injury": 0.6892,
        "pilot_skill": 0.3848,
        "mission_priority": 0.6312,
        "estimated_landing_time": 2732.0,
        "wait_time": 0,
        "Landing_success_rate": 1.0
    },
    {
        "model": 2,
        "sequence": 9,
        "status": 1,
        "fuel": 5674,
        "fault": 0.005,
        "weapon": 0,
        "pilot_injury": 0.88,
        "pilot_skill": 0.9849,
        "mission_priority": 0.3144,
        "estimated_landing_time": 852.0,
        "wait_time": 0,
        "Landing_success_rate": 1.0
    },
    {
        "model": 2,
        "sequence": 5,
        "status": 1,
        "fuel": 6368,
        "fault": 0.9612,
        "weapon": 1,
        "pilot_injury": 0.4637,
        "pilot_skill": 0.3866,
        "mission_priority": 0.292,
        "estimated_landing_time": 476.0,
        "wait_time": 0,
        "Landing_success_rate": 1.0
    },
    {
        "model": 0,
        "sequence": 12,
        "status": 1,
        "fuel": 7064,
        "fault": 0.1417,
        "weapon": 0,
        "pilot_injury": 0.4407,
        "pilot_skill": 0.7516,
        "mission_priority": 0.7186,
        "estimated_landing_time": 1134.0,
        "wait_time": 0,
        "Landing_success_rate": 1.0
    },
    {
        "model": 1,
        "sequence": 10,
        "status": 1,
        "fuel": 6272,
        "fault": 0.1025,
        "weapon": 1,
        "pilot_injury": 0.8363,
        "pilot_skill": 0.8114,
        "mission_priority": 0.9969,
        "estimated_landing_time": 946.0,
        "wait_time": 0,
        "Landing_success_rate": 1.0
    },
    {
        "model": 1,
        "sequence": 2,
        "status": 1,
        "fuel": 7094,
        "fault": 0.6755,
        "weapon": 1,
        "pilot_injury": 0.7013,
        "pilot_skill": 0.5825,
        "mission_priority": 0.7104,
        "estimated_landing_time": 194.0,
        "wait_time": 0,
        "Landing_success_rate": 1.0
    },
    {
        "model": 2,
        "sequence": 25,
        "status": 1,
        "fuel": 6797,
        "fault": 0.3806,
        "weapon": 1,
        "pilot_injury": 0.093,
        "pilot_skill": 0.3801,
        "mission_priority": 0.3289,
        "estimated_landing_time": 2356.0,
        "wait_time": 0,
        "Landing_success_rate": 1.0
    },
    {
        "model": 1,
        "sequence": 1,
        "status": 1,
        "fuel": 6318,
        "fault": 0.7508,
        "weapon": 0,
        "pilot_injury": 0.4427,
        "pilot_skill": 0.9578,
        "mission_priority": 0.5029,
        "estimated_landing_time": 100.0,
        "wait_time": 0,
        "Landing_success_rate": 1.0
    },
    {
        "model": 0,
        "sequence": 6,
        "status": 1,
        "fuel": 5717,
        "fault": 0.9415,
        "weapon": 0,
        "pilot_injury": 0.6268,
        "pilot_skill": 0.012,
        "mission_priority": 0.9681,
        "estimated_landing_time": 570.0,
        "wait_time": 0,
        "Landing_success_rate": 1.0
    },
    {
        "model": 0,
        "sequence": 23,
        "status": 1,
        "fuel": 6693,
        "fault": 0.8693,
        "weapon": 0,
        "pilot_injury": 0.499,
        "pilot_skill": 0.9579,
        "mission_priority": 0.5892,
        "estimated_landing_time": 2168.0,
        "wait_time": 0,
        "Landing_success_rate": 1.0
    },
    {
        "model": 0,
        "sequence": 24,
        "status": 1,
        "fuel": 6378,
        "fault": 0.1675,
        "weapon": 0,
        "pilot_injury": 0.8616,
        "pilot_skill": 0.0282,
        "mission_priority": 0.2833,
        "estimated_landing_time": 2262.0,
        "wait_time": 0,
        "Landing_success_rate": 1.0
    }
]