[
    {
        "model": 0,
        "sequence": 26,
        "status": 1,
        "fuel": 7211,
        "fault": 0.3938,
        "weapon": 0,
        "pilot_injury": 0.2935,
        "pilot_skill": 0.0607,
        "mission_priority": 0.141,
        "estimated_landing_time": 2450.0,
        "wait_time": 0,
        "Landing_success_rate": 1.0
    },
    {
        "model": 2,
        "sequence": 27,
        "status": 1,
        "fuel": 6496,
        "fault": 0.757,
        "weapon": 1,
        "pilot_injury": 0.0161,
        "pilot_skill": 0.7928,
        "mission_priority": 0.7809,
        "estimated_landing_time": 2544.0,
        "wait_time": 0,
        "Landing_success_rate": 1.0
    },
    {
        "model": 1,
        "sequence": 25,
        "status": 1,
        "fuel": 6812,
        "fault": 0.9237,
        "weapon": 0,
        "pilot_injury": 0.0134,
        "pilot_skill": 0.4952,
        "mission_priority": 0.2535,
        "estimated_landing_time": 2356.0,
        "wait_time": 0,
        "Landing_success_rate": 1.0
    },
    {
        "model": 0,
        "sequence": 7,
        "status": 1,
        "fuel": 7487,
        "fault": 0.308,
        "weapon": 1,
        "pilot_injury": 0.8751,
        "pilot_skill": 0.4055,
        "mission_priority": 0.1359,
        "estimated_landing_time": 664.0,
        "wait_time": 0,
        "Landing_success_rate": 1.0
    },
    {
        "model": 2,
        "sequence": 15,
        "status": 1,
        "fuel": 6067,
        "fault": 0.165,
        "weapon": 0,
        "pilot_injury": 0.9285,
        "pilot_skill": 0.9699,
        "mission_priority": 0.8743,
        "estimated_landing_time": 1416.0,
        "wait_time": 0,
        "Landing_success_rate": 1.0
    },
    {
        "model": 0,
        "sequence": 21,
        "status": 1,
        "fuel": 7264,
        "fault": 0.804,
        "weapon": 1,
        "pilot_injury": 0.6437,
        "pilot_skill": 0.0633,
        "mission_priority": 0.1709,
        "estimated_landing_time": 1980.0,
        "wait_time": 0,
        "Landing_success_rate": 1.0
    },
    {
        "model": 0,
        "sequence": 12,
        "status": 1,
        "fuel": 7389,
        "fault": 0.3425,
        "weapon": 0,
        "pilot_injury": 0.336,
        "pilot_skill": 0.735,
        "mission_priority": 0.0589,
        "estimated_landing_time": 1134.0,
        "wait_time": 0,
        "Landing_success_rate": 1.0
    },
    {
        "model": 1,
        "sequence": 4,
        "status": 1,
        "fuel": 5838,
        "fault": 0.2287,
        "weapon": 1,
        "pilot_injury": 0.8824,
        "pilot_skill": 0.0572,
        "mission_priority": 0.9717,
        "estimated_landing_time": 382.0,
        "wait_time": 0,
        "Landing_success_rate": 1.0
    },
    {
        "model": 2,
        "sequence": 24,
        "status": 1,
        "fuel": 7327,
        "fault": 0.6977,
        "weapon": 1,
        "pilot_injury": 0.8571,
        "pilot_skill": 0.3219,
        "mission_priority": 0.8501,
        "estimated_landing_time": 2262.0,
        "wait_time": 0,
        "Landing_success_rate": 1.0
    },
    {
        "model": 1,
        "sequence": 23,
        "status": 1,
        "fuel": 6924,
        "fault": 0.9563,
        "weapon": 1,
        "pilot_injury": 0.4772,
        "pilot_skill": 0.2308,
        "mission_priority": 0.767,
        "estimated_landing_time": 2168.0,
        "wait_time": 0,
        "Landing_success_rate": 1.0
    },
    {
        "model": 0,
        "sequence": 16,
        "status": 1,
        "fuel": 6623,
        "fault": 0.2215,
        "weapon": 1,
        "pilot_injury": 0.6754,
        "pilot_skill": 0.6313,
        "mission_priority": 0.4343,
        "estimated_landing_time": 1510.0,
        "wait_time": 0,
        "Landing_success_rate": 1.0
    },
    {
        "model": 2,
        "sequence": 9,
        "status": 1,
        "fuel": 5590,
        "fault": 0.4482,
        "weapon": 1,
        "pilot_injury": 0.2699,
        "pilot_skill": 0.9134,
        "mission_priority": 0.442,
        "estimated_landing_time": 852.0,
        "wait_time": 0,
        "Landing_success_rate": 1.0
    },
    {
        "model": 1,
        "sequence": 19,
        "status": 1,
        "fuel": 5545,
        "fault": 0.6628,
        "weapon": 0,
        "pilot_injury": 0.8843,
        "pilot_skill": 0.7534,
        "mission_priority": 0.0916,
        "estimated_landing_time": 1792.0,
        "wait_time": 0,
        "Landing_success_rate": 1.0
    },
    {
        "model": 2,
        "sequence": 28,
        "status": 1,
        "fuel": 6780,
        "fault": 0.9642,
        "weapon": 0,
        "pilot_injury": 0.6532,
        "pilot_skill": 0.1589,
        "mission_priority": 0.9951,
        "estimated_landing_time": 2638.0,
        "wait_time": 0,
        "Landing_success_rate": 1.0
    },
    {
        "model": 0,
        "sequence": 8,
        "status": 1,
        "fuel": 6546,
        "fault": 0.0044,
        "weapon": 0,
        "pilot_injury": 0.7301,
        "pilot_skill": 0.0245,
        "mission_priority": 0.4211,
        "estimated_landing_time": 758.0,
        "wait_time": 0,
        "Landing_success_rate": 1.0
    },
    {
        "model": 0,
        "sequence": 17,
        "status": 1,
        "fuel": 5909,
        "fault": 0.713,
        "weapon": 1,
        "pilot_injury": 0.3384,
        "pilot_skill": 0.6874,
        "mission_priority": 0.5895,
        "estimated_landing_time": 1604.0,
        "wait_time": 0,
        "Landing_success_rate": 1.0
    },
    {
        "model": 1,
        "sequence": 20,
        "status": 1,
        "fuel": 6581,
        "fault": 0.974,
        "weapon": 0,
        "pilot_injury": 0.9308,
        "pilot_skill": 0.993,
        "mission_priority": 0.5544,
        "estimated_landing_time": 1886.0,
        "wait_time": 0,
        "Landing_success_rate": 1.0
    },
    {
        "model": 0,
        "sequence": 1,
        "status": 1,
        "fuel": 6443,
        "fault": 0.9309,
        "weapon": 1,
        "pilot_injury": 0.6473,
        "pilot_skill": 0.6239,
        "mission_priority": 0.8849,
        "estimated_landing_time": 100.0,
        "wait_time": 0,
        "Landing_success_rate": 1.0
    },
    {
        "model": 2,
        "sequence": 22,
        "status": 1,
        "fuel": 6691,
        "fault": 0.875,
        "weapon": 0,
        "pilot_injury": 0.9576,
        "pilot_skill": 0.3449,
        "mission_priority": 0.1979,
        "estimated_landing_time": 2074.0,
        "wait_time": 0,
        "Landing_success_rate": 1.0
    },
    {
        "model": 0,
        "sequence": 6,
        "status": 1,
        "fuel": 6180,
        "fault": 0.5708,
        "weapon": 1,
        "pilot_injury": 0.1914,
        "pilot_skill": 0.5911,
        "mission_priority": 0.0842,
        "estimated_landing_time": 570.0,
        "wait_time": 0,
        "Landing_success_rate": 1.0
    },
    {
        "model": 1,
        "sequence": 30,
        "status": 1,
        "fuel": 6151,
        "fault": 0.909,
        "weapon": 0,
        "pilot_injury": 0.5221,
        "pilot_skill": 0.63,
        "mission_priority": 0.117,
        "estimated_landing_time": 2826.0,
        "wait_time": 0,
        "Landing_success_rate": 1.0
    },
    {
        "model": 0,
        "sequence": 3,
        "status": 1,
        "fuel": 7132,
        "fault": 0.8684,
        "weapon": 1,
        "pilot_injury": 0.1691,
        "pilot_skill": 0.0148,
        "mission_priority": 0.0607,
        "estimated_landing_time": 288.0,
        "wait_time": 0,
        "Landing_success_rate": 1.0
    },
    {
        "model": 1,
        "sequence": 18,
        "status": 1,
        "fuel": 5789,
        "fault": 0.2419,
        "weapon": 1,
        "pilot_injury": 0.1489,
        "pilot_skill": 0.6057,
        "mission_priority": 0.483,
        "estimated_landing_time": 1698.0,
        "wait_time": 0,
        "Landing_success_rate": 1.0
    },
    {
        "model": 1,
        "sequence": 13,
        "status": 1,
        "fuel": 5934,
        "fault": 0.9536,
        "weapon": 1,
        "pilot_injury": 0.5203,
        "pilot_skill": 0.2838,
        "mission_priority": 0.4618,
        "estimated_landing_time": 1228.0,
        "wait_time": 0,
        "Landing_success_rate": 1.0
    },
    {
        "model": 1,
        "sequence": 2,
        "status": 1,
        "fuel": 7130,
        "fault": 0.2322,
        "weapon": 1,
        "pilot_injury": 0.5941,
        "pilot_skill": 0.2963,
        "mission_priority": 0.0121,
        "estimated_landing_time": 194.0,
        "wait_time": 0,
        "Landing_success_rate": 1.0
    },
    {
        "model": 1,
        "sequence": 5,
        "status": 1,
        "fuel": 7498,
        "fault": 0.9355,
        "weapon": 0,
        "pilot_injury": 0.547,
        "pilot_skill": 0.852,
        "mission_priority": 0.6211,
        "estimated_landing_time": 476.0,
        "wait_time": 0,
        "Landing_success_rate": 1.0
    },
    {
        "model": 2,
        "sequence": 14,
        "status": 1,
        "fuel": 7200,
        "fault": 0.29,
        "weapon": 1,
        "pilot_injury": 0.3081,
        "pilot_skill": 0.3896,
        "mission_priority": 0.0845,
        "estimated_landing_time": 1322.0,
        "wait_time": 0,
        "Landing_success_rate": 1.0
    },
    {
        "model": 1,
        "sequence": 10,
        "status": 1,
        "fuel": 5827,
        "fault": 0.2646,
        "weapon": 0,
        "pilot_injury": 0.4657,
        "pilot_skill": 0.1101,
        "mission_priority": 0.8836,
        "estimated_landing_time": 946.0,
        "wait_time": 0,
        "Landing_success_rate": 1.0
    },
    {
        "model": 2,
        "sequence": 29,
        "status": 1,
        "fuel": 6097,
        "fault": 0.0195,
        "weapon": 1,
        "pilot_injury": 0.9638,
        "pilot_skill": 0.5633,
        "mission_priority": 0.8259,
        "estimated_landing_time": 2732.0,
        "wait_time": 0,
        "Landing_success_rate": 1.0
    },
    {
        "model": 2,
        "sequence": 11,
        "status": 1,
        "fuel": 7420,
        "fault": 0.9704,
        "weapon": 0,
        "pilot_injury": 0.9116,
        "pilot_skill": 0.9899,
        "mission_priority": 0.6185,
        "estimated_landing_time": 1040.0,
        "wait_time": 0,
        "Landing_success_rate": 1.0
    }
]