[
    {
        "model": 0,
        "sequence": 28,
        "status": 1,
        "fuel": 5506,
        "fault": 0.7115,
        "weapon": 0,
        "pilot_injury": 0.4791,
        "pilot_skill": 0.7165,
        "mission_priority": 0.3085,
        "estimated_landing_time": 2638.0,
        "wait_time": 0,
        "Landing_success_rate": 1.0
    },
    {
        "model": 0,
        "sequence": 24,
        "status": 1,
        "fuel": 5694,
        "fault": 0.2003,
        "weapon": 0,
        "pilot_injury": 0.7909,
        "pilot_skill": 0.6991,
        "mission_priority": 0.0653,
        "estimated_landing_time": 2262.0,
        "wait_time": 0,
        "Landing_success_rate": 1.0
    },
    {
        "model": 2,
        "sequence": 10,
        "status": 1,
        "fuel": 5989,
        "fault": 0.0299,
        "weapon": 1,
        "pilot_injury": 0.1448,
        "pilot_skill": 0.2533,
        "mission_priority": 0.8963,
        "estimated_landing_time": 946.0,
        "wait_time": 0,
        "Landing_success_rate": 1.0
    },
    {
        "model": 1,
        "sequence": 15,
        "status": 1,
        "fuel": 7170,
        "fault": 0.5069,
        "weapon": 0,
        "pilot_injury": 0.031,
        "pilot_skill": 0.569,
        "mission_priority": 0.7135,
        "estimated_landing_time": 1416.0,
        "wait_time": 0,
        "Landing_success_rate": 1.0
    },
    {
        "model": 1,
        "sequence": 12,
        "status": 1,
        "fuel": 6120,
        "fault": 0.8466,
        "weapon": 0,
        "pilot_injury": 0.7766,
        "pilot_skill": 0.4791,
        "mission_priority": 0.6451,
        "estimated_landing_time": 1134.0,
        "wait_time": 0,
        "Landing_success_rate": 1.0
    },
    {
        "model": 2,
        "sequence": 27,
        "status": 1,
        "fuel": 5683,
        "fault": 0.3376,
        "weapon": 0,
        "pilot_injury": 0.6219,
        "pilot_skill": 0.6604,
        "mission_priority": 0.0854,
        "estimated_landing_time": 2544.0,
        "wait_time": 0,
        "Landing_success_rate": 1.0
    },
    {
        "model": 1,
        "sequence": 4,
        "status": 1,
        "fuel": 5677,
        "fault": 0.0226,
        "weapon": 1,
        "pilot_injury": 0.3274,
        "pilot_skill": 0.2264,
        "mission_priority": 0.6031,
        "estimated_landing_time": 382.0,
        "wait_time": 0,
        "Landing_success_rate": 1.0
    },
    {
        "model": 1,
        "sequence": 11,
        "status": 1,
        "fuel": 6773,
        "fault": 0.8379,
        "weapon": 1,
        "pilot_injury": 0.185,
        "pilot_skill": 0.5029,
        "mission_priority": 0.9552,
        "estimated_landing_time": 1040.0,
        "wait_time": 0,
        "Landing_success_rate": 1.0
    },
    {
        "model": 1,
        "sequence": 6,
        "status": 1,
        "fuel": 7140,
        "fault": 0.0111,
        "weapon": 1,
        "pilot_injury": 0.552,
        "pilot_skill": 0.9165,
        "mission_priority": 0.0321,
        "estimated_landing_time": 570.0,
        "wait_time": 0,
        "Landing_success_rate": 1.0
    },
    {
        "model": 1,
        "sequence": 26,
        "status": 1,
        "fuel": 6010,
        "fault": 0.7604,
        "weapon": 1,
        "pilot_injury": 0.9444,
        "pilot_skill": 0.9655,
        "mission_priority": 0.3041,
        "estimated_landing_time": 2450.0,
        "wait_time": 0,
        "Landing_success_rate": 1.0
    },
    {
        "model": 2,
        "sequence": 22,
        "status": 1,
        "fuel": 6215,
        "fault": 0.2695,
        "weapon": 0,
        "pilot_injury": 0.3457,
        "pilot_skill": 0.3525,
        "mission_priority": 0.6805,
        "estimated_landing_time": 2074.0,
        "wait_time": 0,
        "Landing_success_rate": 1.0
    },
    {
        "model": 1,
        "sequence": 25,
        "status": 1,
        "fuel": 6243,
        "fault": 0.3059,
        "weapon": 0,
        "pilot_injury": 0.4473,
        "pilot_skill": 0.3785,
        "mission_priority": 0.7646,
        "estimated_landing_time": 2356.0,
        "wait_time": 0,
        "Landing_success_rate": 1.0
    },
    {
        "model": 1,
        "sequence": 17,
        "status": 1,
        "fuel": 6944,
        "fault": 0.624,
        "weapon": 0,
        "pilot_injury": 0.3338,
        "pilot_skill": 0.354,
        "mission_priority": 0.8224,
        "estimated_landing_time": 1604.0,
        "wait_time": 0,
        "Landing_success_rate": 1.0
    },
    {
        "model": 2,
        "sequence": 30,
        "status": 1,
        "fuel": 6797,
        "fault": 0.7278,
        "weapon": 0,
        "pilot_injury": 0.5988,
        "pilot_skill": 0.5615,
        "mission_priority": 0.6817,
        "estimated_landing_time": 2826.0,
        "wait_time": 0,
        "Landing_success_rate": 1.0
    },
    {
        "model": 0,
        "sequence": 29,
        "status": 1,
        "fuel": 6318,
        "fault": 0.6339,
        "weapon": 0,
        "pilot_injury": 0.4953,
        "pilot_skill": 0.8468,
        "mission_priority": 0.863,
        "estimated_landing_time": 2732.0,
        "wait_time": 0,
        "Landing_success_rate": 1.0
    },
    {
        "model": 2,
        "sequence": 13,
        "status": 1,
        "fuel": 6742,
        "fault": 0.7105,
        "weapon": 0,
        "pilot_injury": 0.6621,
        "pilot_skill": 0.3132,
        "mission_priority": 0.8733,
        "estimated_landing_time": 1228.0,
        "wait_time": 0,
        "Landing_success_rate": 1.0
    },
    {
        "model": 1,
        "sequence": 21,
        "status": 1,
        "fuel": 7170,
        "fault": 0.1838,
        "weapon": 1,
        "pilot_injury": 0.6151,
        "pilot_skill": 0.6451,
        "mission_priority": 0.8877,
        "estimated_landing_time": 1980.0,
        "wait_time": 0,
        "Landing_success_rate": 1.0
    },
    {
        "model": 2,
        "sequence": 3,
        "status": 1,
        "fuel": 7344,
        "fault": 0.0104,
        "weapon": 0,
        "pilot_injury": 0.0889,
        "pilot_skill": 0.7233,
        "mission_priority": 0.0702,
        "estimated_landing_time": 288.0,
        "wait_time": 0,
        "Landing_success_rate": 1.0
    },
    {
        "model": 2,
        "sequence": 7,
        "status": 1,
        "fuel": 6324,
        "fault": 0.7699,
        "weapon": 0,
        "pilot_injury": 0.39,
        "pilot_skill": 0.2355,
        "mission_priority": 0.6993,
        "estimated_landing_time": 664.0,
        "wait_time": 0,
        "Landing_success_rate": 1.0
    },
    {
        "model": 2,
        "sequence": 23,
        "status": 1,
        "fuel": 6203,
        "fault": 0.1499,
        "weapon": 1,
        "pilot_injury": 0.3555,
        "pilot_skill": 0.3943,
        "mission_priority": 0.165,
        "estimated_landing_time": 2168.0,
        "wait_time": 0,
        "Landing_success_rate": 1.0
    },
    {
        "model": 2,
        "sequence": 1,
        "status": 1,
        "fuel": 5672,
        "fault": 0.3715,
        "weapon": 0,
        "pilot_injury": 0.9682,
        "pilot_skill": 0.9101,
        "mission_priority": 0.6997,
        "estimated_landing_time": 100.0,
        "wait_time": 0,
        "Landing_success_rate": 1.0
    },
    {
        "model": 0,
        "sequence": 19,
        "status": 1,
        "fuel": 6590,
        "fault": 0.5375,
        "weapon": 0,
        "pilot_injury": 0.0871,
        "pilot_skill": 0.247,
        "mission_priority": 0.353,
        "estimated_landing_time": 1792.0,
        "wait_time": 0,
        "Landing_success_rate": 1.0
    },
    {
        "model": 2,
        "sequence": 9,
        "status": 1,
        "fuel": 5850,
        "fault": 0.1487,
        "weapon": 0,
        "pilot_injury": 0.8851,
        "pilot_skill": 0.4498,
        "mission_priority": 0.9574,
        "estimated_landing_time": 852.0,
        "wait_time": 0,
        "Landing_success_rate": 1.0
    },
    {
        "model": 1,
        "sequence": 20,
        "status": 1,
        "fuel": 5991,
        "fault": 0.1276,
        "weapon": 1,
        "pilot_injury": 0.388,
        "pilot_skill": 0.8882,
        "mission_priority": 0.1222,
        "estimated_landing_time": 1886.0,
        "wait_time": 0,
        "Landing_success_rate": 1.0
    },
    {
        "model": 0,
        "sequence": 2,
        "status": 1,
        "fuel": 5691,
        "fault": 0.4188,
        "weapon": 1,
        "pilot_injury": 0.774,
        "pilot_skill": 0.2825,
        "mission_priority": 0.4344,
        "estimated_landing_time": 194.0,
        "wait_time": 0,
        "Landing_success_rate": 1.0
    },
    {
        "model": 2,
        "sequence": 16,
        "status": 1,
        "fuel": 7097,
        "fault": 0.2037,
        "weapon": 0,
        "pilot_injury": 0.9472,
        "pilot_skill": 0.3939,
        "mission_priority": 0.3304,
        "estimated_landing_time": 1510.0,
        "wait_time": 0,
        "Landing_success_rate": 1.0
    },
    {
        "model": 1,
        "sequence": 8,
        "status": 1,
        "fuel": 6679,
        "fault": 0.6155,
        "weapon": 0,
        "pilot_injury": 0.9807,
        "pilot_skill": 0.491,
        "mission_priority": 0.4521,
        "estimated_landing_time": 758.0,
        "wait_time": 0,
        "Landing_success_rate": 1.0
    },
    {
        "model": 1,
        "sequence": 18,
        "status": 1,
        "fuel": 6714,
        "fault": 0.2625,
        "weapon": 1,
        "pilot_injury": 0.2279,
        "pilot_skill": 0.039,
        "mission_priority": 0.446,
        "estimated_landing_time": 1698.0,
        "wait_time": 0,
        "Landing_success_rate": 1.0
    },
    {
        "model": 1,
        "sequence": 14,
        "status": 1,
        "fuel": 7317,
        "fault": 0.8758,
        "weapon": 0,
        "pilot_injury": 0.4546,
        "pilot_skill": 0.2227,
        "mission_priority": 0.7983,
        "estimated_landing_time": 1322.0,
        "wait_time": 0,
        "Landing_success_rate": 1.0
    },
    {
        "model": 1,
        "sequence": 5,
        "status": 1,
        "fuel": 6100,
        "fault": 0.7369,
        "weapon": 0,
        "pilot_injury": 0.0974,
        "pilot_skill": 0.3448,
        "mission_priority": 0.6104,
        "estimated_landing_time": 476.0,
        "wait_time": 0,
        "Landing_success_rate": 1.0
    }
]