[
    {
        "model": 1,
        "sequence": 9,
        "status": 1,
        "fuel": 5739,
        "fault": 0.985,
        "weapon": 0,
        "pilot_injury": 0.776,
        "pilot_skill": 0.0723,
        "mission_priority": 0.8078,
        "estimated_landing_time": 852.0,
        "wait_time": 0,
        "Landing_success_rate": 1.0
    },
    {
        "model": 0,
        "sequence": 27,
        "status": 1,
        "fuel": 6384,
        "fault": 0.3149,
        "weapon": 1,
        "pilot_injury": 0.6139,
        "pilot_skill": 0.5066,
        "mission_priority": 0.6358,
        "estimated_landing_time": 2544.0,
        "wait_time": 0,
        "Landing_success_rate": 1.0
    },
    {
        "model": 1,
        "sequence": 25,
        "status": 1,
        "fuel": 7278,
        "fault": 0.9983,
        "weapon": 1,
        "pilot_injury": 0.0453,
        "pilot_skill": 0.3443,
        "mission_priority": 0.5593,
        "estimated_landing_time": 2356.0,
        "wait_time": 0,
        "Landing_success_rate": 1.0
    },
    {
        "model": 1,
        "sequence": 23,
        "status": 1,
        "fuel": 5613,
        "fault": 0.1418,
        "weapon": 1,
        "pilot_injury": 0.0745,
        "pilot_skill": 0.021,
        "mission_priority": 0.413,
        "estimated_landing_time": 2168.0,
        "wait_time": 0,
        "Landing_success_rate": 1.0
    },
    {
        "model": 1,
        "sequence": 19,
        "status": 1,
        "fuel": 5760,
        "fault": 0.2158,
        "weapon": 1,
        "pilot_injury": 0.4495,
        "pilot_skill": 0.3941,
        "mission_priority": 0.8433,
        "estimated_landing_time": 1792.0,
        "wait_time": 0,
        "Landing_success_rate": 1.0
    },
    {
        "model": 0,
        "sequence": 6,
        "status": 1,
        "fuel": 7225,
        "fault": 0.4219,
        "weapon": 0,
        "pilot_injury": 0.3818,
        "pilot_skill": 0.7768,
        "mission_priority": 0.1521,
        "estimated_landing_time": 570.0,
        "wait_time": 0,
        "Landing_success_rate": 1.0
    },
    {
        "model": 1,
        "sequence": 11,
        "status": 1,
        "fuel": 6790,
        "fault": 0.5575,
        "weapon": 1,
        "pilot_injury": 0.1154,
        "pilot_skill": 0.0815,
        "mission_priority": 0.4414,
        "estimated_landing_time": 1040.0,
        "wait_time": 0,
        "Landing_success_rate": 1.0
    },
    {
        "model": 0,
        "sequence": 16,
        "status": 1,
        "fuel": 5822,
        "fault": 0.9097,
        "weapon": 1,
        "pilot_injury": 0.0266,
        "pilot_skill": 0.7072,
        "mission_priority": 0.2074,
        "estimated_landing_time": 1510.0,
        "wait_time": 0,
        "Landing_success_rate": 1.0
    },
    {
        "model": 0,
        "sequence": 1,
        "status": 1,
        "fuel": 6855,
        "fault": 0.6813,
        "weapon": 0,
        "pilot_injury": 0.3123,
        "pilot_skill": 0.6212,
        "mission_priority": 0.8712,
        "estimated_landing_time": 100.0,
        "wait_time": 0,
        "Landing_success_rate": 1.0
    },
    {
        "model": 1,
        "sequence": 28,
        "status": 1,
        "fuel": 6166,
        "fault": 0.4496,
        "weapon": 0,
        "pilot_injury": 0.3728,
        "pilot_skill": 0.3918,
        "mission_priority": 0.4994,
        "estimated_landing_time": 2638.0,
        "wait_time": 0,
        "Landing_success_rate": 1.0
    },
    {
        "model": 2,
        "sequence": 26,
        "status": 1,
        "fuel": 6722,
        "fault": 0.9759,
        "weapon": 0,
        "pilot_injury": 0.0197,
        "pilot_skill": 0.4938,
        "mission_priority": 0.7521,
        "estimated_landing_time": 2450.0,
        "wait_time": 0,
        "Landing_success_rate": 1.0
    },
    {
        "model": 2,
        "sequence": 2,
        "status": 1,
        "fuel": 6389,
        "fault": 0.664,
        "weapon": 1,
        "pilot_injury": 0.9377,
        "pilot_skill": 0.2084,
        "mission_priority": 0.7857,
        "estimated_landing_time": 194.0,
        "wait_time": 0,
        "Landing_success_rate": 1.0
    },
    {
        "model": 0,
        "sequence": 8,
        "status": 1,
        "fuel": 6152,
        "fault": 0.1026,
        "weapon": 0,
        "pilot_injury": 0.2973,
        "pilot_skill": 0.2634,
        "mission_priority": 0.8797,
        "estimated_landing_time": 758.0,
        "wait_time": 0,
        "Landing_success_rate": 1.0
    },
    {
        "model": 1,
        "sequence": 29,
        "status": 1,
        "fuel": 6706,
        "fault": 0.3163,
        "weapon": 0,
        "pilot_injury": 0.7414,
        "pilot_skill": 0.1199,
        "mission_priority": 0.7909,
        "estimated_landing_time": 2732.0,
        "wait_time": 0,
        "Landing_success_rate": 1.0
    },
    {
        "model": 0,
        "sequence": 12,
        "status": 1,
        "fuel": 6998,
        "fault": 0.9616,
        "weapon": 0,
        "pilot_injury": 0.3263,
        "pilot_skill": 0.3797,
        "mission_priority": 0.9551,
        "estimated_landing_time": 1134.0,
        "wait_time": 0,
        "Landing_success_rate": 1.0
    },
    {
        "model": 2,
        "sequence": 30,
        "status": 1,
        "fuel": 6157,
        "fault": 0.5501,
        "weapon": 0,
        "pilot_injury": 0.6197,
        "pilot_skill": 0.1589,
        "mission_priority": 0.6251,
        "estimated_landing_time": 2826.0,
        "wait_time": 0,
        "Landing_success_rate": 1.0
    },
    {
        "model": 0,
        "sequence": 18,
        "status": 1,
        "fuel": 6595,
        "fault": 0.4043,
        "weapon": 1,
        "pilot_injury": 0.5788,
        "pilot_skill": 0.1766,
        "mission_priority": 0.9374,
        "estimated_landing_time": 1698.0,
        "wait_time": 0,
        "Landing_success_rate": 1.0
    },
    {
        "model": 0,
        "sequence": 3,
        "status": 1,
        "fuel": 7282,
        "fault": 0.659,
        "weapon": 1,
        "pilot_injury": 0.5319,
        "pilot_skill": 0.8653,
        "mission_priority": 0.337,
        "estimated_landing_time": 288.0,
        "wait_time": 0,
        "Landing_success_rate": 1.0
    },
    {
        "model": 2,
        "sequence": 24,
        "status": 1,
        "fuel": 6135,
        "fault": 0.7196,
        "weapon": 1,
        "pilot_injury": 0.0777,
        "pilot_skill": 0.8435,
        "mission_priority": 0.8184,
        "estimated_landing_time": 2262.0,
        "wait_time": 0,
        "Landing_success_rate": 1.0
    },
    {
        "model": 1,
        "sequence": 13,
        "status": 1,
        "fuel": 7252,
        "fault": 0.5897,
        "weapon": 0,
        "pilot_injury": 0.829,
        "pilot_skill": 0.1439,
        "mission_priority": 0.9847,
        "estimated_landing_time": 1228.0,
        "wait_time": 0,
        "Landing_success_rate": 1.0
    },
    {
        "model": 2,
        "sequence": 5,
        "status": 1,
        "fuel": 6480,
        "fault": 0.1796,
        "weapon": 1,
        "pilot_injury": 0.5432,
        "pilot_skill": 0.8949,
        "mission_priority": 0.7393,
        "estimated_landing_time": 476.0,
        "wait_time": 0,
        "Landing_success_rate": 1.0
    },
    {
        "model": 1,
        "sequence": 10,
        "status": 1,
        "fuel": 7118,
        "fault": 0.3289,
        "weapon": 1,
        "pilot_injury": 0.2106,
        "pilot_skill": 0.2444,
        "mission_priority": 0.9301,
        "estimated_landing_time": 946.0,
        "wait_time": 0,
        "Landing_success_rate": 1.0
    },
    {
        "model": 1,
        "sequence": 22,
        "status": 1,
        "fuel": 6541,
        "fault": 0.8706,
        "weapon": 1,
        "pilot_injury": 0.7919,
        "pilot_skill": 0.414,
        "mission_priority": 0.9163,
        "estimated_landing_time": 2074.0,
        "wait_time": 0,
        "Landing_success_rate": 1.0
    },
    {
        "model": 2,
        "sequence": 15,
        "status": 1,
        "fuel": 5540,
        "fault": 0.3267,
        "weapon": 0,
        "pilot_injury": 0.9572,
        "pilot_skill": 0.5538,
        "mission_priority": 0.6137,
        "estimated_landing_time": 1416.0,
        "wait_time": 0,
        "Landing_success_rate": 1.0
    },
    {
        "model": 0,
        "sequence": 7,
        "status": 1,
        "fuel": 7014,
        "fault": 0.5723,
        "weapon": 1,
        "pilot_injury": 0.2479,
        "pilot_skill": 0.5711,
        "mission_priority": 0.41,
        "estimated_landing_time": 664.0,
        "wait_time": 0,
        "Landing_success_rate": 1.0
    },
    {
        "model": 0,
        "sequence": 4,
        "status": 1,
        "fuel": 6864,
        "fault": 0.1863,
        "weapon": 0,
        "pilot_injury": 0.7255,
        "pilot_skill": 0.0342,
        "mission_priority": 0.5275,
        "estimated_landing_time": 382.0,
        "wait_time": 0,
        "Landing_success_rate": 1.0
    },
    {
        "model": 2,
        "sequence": 21,
        "status": 1,
        "fuel": 5591,
        "fault": 0.7855,
        "weapon": 1,
        "pilot_injury": 0.8907,
        "pilot_skill": 0.7405,
        "mission_priority": 0.7731,
        "estimated_landing_time": 1980.0,
        "wait_time": 0,
        "Landing_success_rate": 1.0
    },
    {
        "model": 1,
        "sequence": 20,
        "status": 1,
        "fuel": 5603,
        "fault": 0.3426,
        "weapon": 1,
        "pilot_injury": 0.0905,
        "pilot_skill": 0.1393,
        "mission_priority": 0.3226,
        "estimated_landing_time": 1886.0,
        "wait_time": 0,
        "Landing_success_rate": 1.0
    },
    {
        "model": 2,
        "sequence": 14,
        "status": 1,
        "fuel": 7466,
        "fault": 0.0118,
        "weapon": 1,
        "pilot_injury": 0.565,
        "pilot_skill": 0.2398,
        "mission_priority": 0.7746,
        "estimated_landing_time": 1322.0,
        "wait_time": 0,
        "Landing_success_rate": 1.0
    },
    {
        "model": 0,
        "sequence": 17,
        "status": 1,
        "fuel": 7454,
        "fault": 0.5886,
        "weapon": 0,
        "pilot_injury": 0.7326,
        "pilot_skill": 0.5462,
        "mission_priority": 0.7375,
        "estimated_landing_time": 1604.0,
        "wait_time": 0,
        "Landing_success_rate": 1.0
    }
]