[
    {
        "model": 0,
        "sequence": 7,
        "status": 1,
        "fuel": 6604,
        "fault": 0.5941,
        "weapon": 1,
        "pilot_injury": 0.2852,
        "pilot_skill": 0.3943,
        "mission_priority": 0.2051,
        "estimated_landing_time": 664.0,
        "wait_time": 0,
        "Landing_success_rate": 1.0
    },
    {
        "model": 0,
        "sequence": 18,
        "status": 1,
        "fuel": 6234,
        "fault": 0.6303,
        "weapon": 1,
        "pilot_injury": 0.1736,
        "pilot_skill": 0.1121,
        "mission_priority": 0.2804,
        "estimated_landing_time": 1698.0,
        "wait_time": 0,
        "Landing_success_rate": 1.0
    },
    {
        "model": 1,
        "sequence": 9,
        "status": 1,
        "fuel": 5585,
        "fault": 0.0255,
        "weapon": 0,
        "pilot_injury": 0.783,
        "pilot_skill": 0.4411,
        "mission_priority": 0.4341,
        "estimated_landing_time": 852.0,
        "wait_time": 0,
        "Landing_success_rate": 1.0
    },
    {
        "model": 0,
        "sequence": 23,
        "status": 1,
        "fuel": 7065,
        "fault": 0.1171,
        "weapon": 0,
        "pilot_injury": 0.9872,
        "pilot_skill": 0.8471,
        "mission_priority": 0.2928,
        "estimated_landing_time": 2168.0,
        "wait_time": 0,
        "Landing_success_rate": 1.0
    },
    {
        "model": 2,
        "sequence": 6,
        "status": 1,
        "fuel": 6090,
        "fault": 0.4734,
        "weapon": 1,
        "pilot_injury": 0.5921,
        "pilot_skill": 0.3099,
        "mission_priority": 0.3406,
        "estimated_landing_time": 570.0,
        "wait_time": 0,
        "Landing_success_rate": 1.0
    },
    {
        "model": 0,
        "sequence": 16,
        "status": 1,
        "fuel": 7120,
        "fault": 0.2554,
        "weapon": 1,
        "pilot_injury": 0.1092,
        "pilot_skill": 0.5098,
        "mission_priority": 0.437,
        "estimated_landing_time": 1510.0,
        "wait_time": 0,
        "Landing_success_rate": 1.0
    },
    {
        "model": 0,
        "sequence": 2,
        "status": 1,
        "fuel": 5711,
        "fault": 0.9889,
        "weapon": 1,
        "pilot_injury": 0.5443,
        "pilot_skill": 0.6949,
        "mission_priority": 0.9127,
        "estimated_landing_time": 194.0,
        "wait_time": 0,
        "Landing_success_rate": 1.0
    },
    {
        "model": 0,
        "sequence": 11,
        "status": 1,
        "fuel": 5806,
        "fault": 0.4855,
        "weapon": 1,
        "pilot_injury": 0.2266,
        "pilot_skill": 0.6519,
        "mission_priority": 0.2538,
        "estimated_landing_time": 1040.0,
        "wait_time": 0,
        "Landing_success_rate": 1.0
    },
    {
        "model": 2,
        "sequence": 12,
        "status": 1,
        "fuel": 5549,
        "fault": 0.17,
        "weapon": 1,
        "pilot_injury": 0.6973,
        "pilot_skill": 0.8144,
        "mission_priority": 0.9688,
        "estimated_landing_time": 1134.0,
        "wait_time": 0,
        "Landing_success_rate": 1.0
    },
    {
        "model": 1,
        "sequence": 26,
        "status": 1,
        "fuel": 5834,
        "fault": 0.269,
        "weapon": 0,
        "pilot_injury": 0.5188,
        "pilot_skill": 0.9234,
        "mission_priority": 0.0256,
        "estimated_landing_time": 2450.0,
        "wait_time": 0,
        "Landing_success_rate": 1.0
    },
    {
        "model": 1,
        "sequence": 27,
        "status": 1,
        "fuel": 6300,
        "fault": 0.3081,
        "weapon": 1,
        "pilot_injury": 0.468,
        "pilot_skill": 0.5169,
        "mission_priority": 0.0477,
        "estimated_landing_time": 2544.0,
        "wait_time": 0,
        "Landing_success_rate": 1.0
    },
    {
        "model": 0,
        "sequence": 4,
        "status": 1,
        "fuel": 6439,
        "fault": 0.8031,
        "weapon": 0,
        "pilot_injury": 0.2639,
        "pilot_skill": 0.804,
        "mission_priority": 0.5047,
        "estimated_landing_time": 382.0,
        "wait_time": 0,
        "Landing_success_rate": 1.0
    },
    {
        "model": 0,
        "sequence": 10,
        "status": 1,
        "fuel": 5698,
        "fault": 0.2461,
        "weapon": 0,
        "pilot_injury": 0.1712,
        "pilot_skill": 0.2595,
        "mission_priority": 0.587,
        "estimated_landing_time": 946.0,
        "wait_time": 0,
        "Landing_success_rate": 1.0
    },
    {
        "model": 2,
        "sequence": 25,
        "status": 1,
        "fuel": 6361,
        "fault": 0.6075,
        "weapon": 1,
        "pilot_injury": 0.6393,
        "pilot_skill": 0.6792,
        "mission_priority": 0.4326,
        "estimated_landing_time": 2356.0,
        "wait_time": 0,
        "Landing_success_rate": 1.0
    },
    {
        "model": 2,
        "sequence": 15,
        "status": 1,
        "fuel": 6676,
        "fault": 0.547,
        "weapon": 0,
        "pilot_injury": 0.8564,
        "pilot_skill": 0.7609,
        "mission_priority": 0.7197,
        "estimated_landing_time": 1416.0,
        "wait_time": 0,
        "Landing_success_rate": 1.0
    },
    {
        "model": 2,
        "sequence": 28,
        "status": 1,
        "fuel": 5604,
        "fault": 0.1255,
        "weapon": 0,
        "pilot_injury": 0.4329,
        "pilot_skill": 0.0589,
        "mission_priority": 0.0893,
        "estimated_landing_time": 2638.0,
        "wait_time": 0,
        "Landing_success_rate": 1.0
    },
    {
        "model": 0,
        "sequence": 3,
        "status": 1,
        "fuel": 6227,
        "fault": 0.7098,
        "weapon": 1,
        "pilot_injury": 0.3981,
        "pilot_skill": 0.2134,
        "mission_priority": 0.35,
        "estimated_landing_time": 288.0,
        "wait_time": 0,
        "Landing_success_rate": 1.0
    },
    {
        "model": 1,
        "sequence": 1,
        "status": 1,
        "fuel": 7288,
        "fault": 0.6523,
        "weapon": 1,
        "pilot_injury": 0.6856,
        "pilot_skill": 0.8149,
        "mission_priority": 0.3649,
        "estimated_landing_time": 100.0,
        "wait_time": 0,
        "Landing_success_rate": 1.0
    },
    {
        "model": 1,
        "sequence": 29,
        "status": 1,
        "fuel": 6092,
        "fault": 0.9443,
        "weapon": 1,
        "pilot_injury": 0.2774,
        "pilot_skill": 0.7187,
        "mission_priority": 0.0576,
        "estimated_landing_time": 2732.0,
        "wait_time": 0,
        "Landing_success_rate": 1.0
    },
    {
        "model": 0,
        "sequence": 13,
        "status": 1,
        "fuel": 6183,
        "fault": 0.064,
        "weapon": 1,
        "pilot_injury": 0.833,
        "pilot_skill": 0.4143,
        "mission_priority": 0.6043,
        "estimated_landing_time": 1228.0,
        "wait_time": 0,
        "Landing_success_rate": 1.0
    },
    {
        "model": 0,
        "sequence": 20,
        "status": 1,
        "fuel": 5967,
        "fault": 0.2049,
        "weapon": 0,
        "pilot_injury": 0.1001,
        "pilot_skill": 0.5715,
        "mission_priority": 0.315,
        "estimated_landing_time": 1886.0,
        "wait_time": 0,
        "Landing_success_rate": 1.0
    },
    {
        "model": 2,
        "sequence": 8,
        "status": 1,
        "fuel": 5756,
        "fault": 0.7085,
        "weapon": 1,
        "pilot_injury": 0.1906,
        "pilot_skill": 0.0397,
        "mission_priority": 0.3798,
        "estimated_landing_time": 758.0,
        "wait_time": 0,
        "Landing_success_rate": 1.0
    },
    {
        "model": 1,
        "sequence": 22,
        "status": 1,
        "fuel": 6247,
        "fault": 0.3963,
        "weapon": 0,
        "pilot_injury": 0.5851,
        "pilot_skill": 0.1516,
        "mission_priority": 0.0684,
        "estimated_landing_time": 2074.0,
        "wait_time": 0,
        "Landing_success_rate": 1.0
    },
    {
        "model": 1,
        "sequence": 30,
        "status": 1,
        "fuel": 5750,
        "fault": 0.3088,
        "weapon": 1,
        "pilot_injury": 0.4656,
        "pilot_skill": 0.4445,
        "mission_priority": 0.4765,
        "estimated_landing_time": 2826.0,
        "wait_time": 0,
        "Landing_success_rate": 1.0
    },
    {
        "model": 0,
        "sequence": 5,
        "status": 1,
        "fuel": 7271,
        "fault": 0.6312,
        "weapon": 1,
        "pilot_injury": 0.8846,
        "pilot_skill": 0.6579,
        "mission_priority": 0.324,
        "estimated_landing_time": 476.0,
        "wait_time": 0,
        "Landing_success_rate": 1.0
    },
    {
        "model": 0,
        "sequence": 24,
        "status": 1,
        "fuel": 6529,
        "fault": 0.1107,
        "weapon": 1,
        "pilot_injury": 0.9965,
        "pilot_skill": 0.8193,
        "mission_priority": 0.3278,
        "estimated_landing_time": 2262.0,
        "wait_time": 0,
        "Landing_success_rate": 1.0
    },
    {
        "model": 0,
        "sequence": 17,
        "status": 1,
        "fuel": 5869,
        "fault": 0.6654,
        "weapon": 1,
        "pilot_injury": 0.4022,
        "pilot_skill": 0.585,
        "mission_priority": 0.0425,
        "estimated_landing_time": 1604.0,
        "wait_time": 0,
        "Landing_success_rate": 1.0
    },
    {
        "model": 2,
        "sequence": 14,
        "status": 1,
        "fuel": 6577,
        "fault": 0.6698,
        "weapon": 1,
        "pilot_injury": 0.7635,
        "pilot_skill": 0.6603,
        "mission_priority": 0.4125,
        "estimated_landing_time": 1322.0,
        "wait_time": 0,
        "Landing_success_rate": 1.0
    },
    {
        "model": 1,
        "sequence": 19,
        "status": 1,
        "fuel": 5870,
        "fault": 0.3943,
        "weapon": 0,
        "pilot_injury": 0.2252,
        "pilot_skill": 0.1292,
        "mission_priority": 0.8101,
        "estimated_landing_time": 1792.0,
        "wait_time": 0,
        "Landing_success_rate": 1.0
    },
    {
        "model": 1,
        "sequence": 21,
        "status": 1,
        "fuel": 6011,
        "fault": 0.7363,
        "weapon": 0,
        "pilot_injury": 0.2784,
        "pilot_skill": 0.4021,
        "mission_priority": 0.1473,
        "estimated_landing_time": 1980.0,
        "wait_time": 0,
        "Landing_success_rate": 1.0
    }
]