[
    {
        "model": 2,
        "sequence": 12,
        "status": 1,
        "fuel": 7302,
        "fault": 0.8398,
        "weapon": 1,
        "pilot_injury": 0.7285,
        "pilot_skill": 0.7104,
        "mission_priority": 0.8209,
        "estimated_landing_time": 1134.0,
        "wait_time": 0,
        "Landing_success_rate": 1.0
    },
    {
        "model": 1,
        "sequence": 17,
        "status": 1,
        "fuel": 6767,
        "fault": 0.7738,
        "weapon": 1,
        "pilot_injury": 0.7392,
        "pilot_skill": 0.0233,
        "mission_priority": 0.5332,
        "estimated_landing_time": 1604.0,
        "wait_time": 0,
        "Landing_success_rate": 1.0
    },
    {
        "model": 0,
        "sequence": 8,
        "status": 1,
        "fuel": 5925,
        "fault": 0.8904,
        "weapon": 0,
        "pilot_injury": 0.8413,
        "pilot_skill": 0.6024,
        "mission_priority": 0.1838,
        "estimated_landing_time": 758.0,
        "wait_time": 0,
        "Landing_success_rate": 1.0
    },
    {
        "model": 2,
        "sequence": 21,
        "status": 1,
        "fuel": 6147,
        "fault": 0.8683,
        "weapon": 0,
        "pilot_injury": 0.3248,
        "pilot_skill": 0.4241,
        "mission_priority": 0.8722,
        "estimated_landing_time": 1980.0,
        "wait_time": 0,
        "Landing_success_rate": 1.0
    },
    {
        "model": 0,
        "sequence": 19,
        "status": 1,
        "fuel": 6322,
        "fault": 0.3771,
        "weapon": 0,
        "pilot_injury": 0.4958,
        "pilot_skill": 0.6175,
        "mission_priority": 0.0926,
        "estimated_landing_time": 1792.0,
        "wait_time": 0,
        "Landing_success_rate": 1.0
    },
    {
        "model": 2,
        "sequence": 11,
        "status": 1,
        "fuel": 6839,
        "fault": 0.0087,
        "weapon": 0,
        "pilot_injury": 0.7483,
        "pilot_skill": 0.6671,
        "mission_priority": 0.7993,
        "estimated_landing_time": 1040.0,
        "wait_time": 0,
        "Landing_success_rate": 1.0
    },
    {
        "model": 2,
        "sequence": 1,
        "status": 1,
        "fuel": 7103,
        "fault": 0.2994,
        "weapon": 0,
        "pilot_injury": 0.8297,
        "pilot_skill": 0.8338,
        "mission_priority": 0.4671,
        "estimated_landing_time": 100.0,
        "wait_time": 0,
        "Landing_success_rate": 1.0
    },
    {
        "model": 2,
        "sequence": 4,
        "status": 1,
        "fuel": 6072,
        "fault": 0.6692,
        "weapon": 0,
        "pilot_injury": 0.5035,
        "pilot_skill": 0.7849,
        "mission_priority": 0.6278,
        "estimated_landing_time": 382.0,
        "wait_time": 0,
        "Landing_success_rate": 1.0
    },
    {
        "model": 1,
        "sequence": 27,
        "status": 1,
        "fuel": 5753,
        "fault": 0.8592,
        "weapon": 1,
        "pilot_injury": 0.6221,
        "pilot_skill": 0.9038,
        "mission_priority": 0.933,
        "estimated_landing_time": 2544.0,
        "wait_time": 0,
        "Landing_success_rate": 1.0
    },
    {
        "model": 0,
        "sequence": 23,
        "status": 1,
        "fuel": 5869,
        "fault": 0.9445,
        "weapon": 0,
        "pilot_injury": 0.4734,
        "pilot_skill": 0.4334,
        "mission_priority": 0.4387,
        "estimated_landing_time": 2168.0,
        "wait_time": 0,
        "Landing_success_rate": 1.0
    },
    {
        "model": 1,
        "sequence": 30,
        "status": 1,
        "fuel": 7222,
        "fault": 0.5984,
        "weapon": 1,
        "pilot_injury": 0.1533,
        "pilot_skill": 0.6173,
        "mission_priority": 0.4118,
        "estimated_landing_time": 2826.0,
        "wait_time": 0,
        "Landing_success_rate": 1.0
    },
    {
        "model": 1,
        "sequence": 22,
        "status": 1,
        "fuel": 7426,
        "fault": 0.7111,
        "weapon": 1,
        "pilot_injury": 0.3242,
        "pilot_skill": 0.7575,
        "mission_priority": 0.167,
        "estimated_landing_time": 2074.0,
        "wait_time": 0,
        "Landing_success_rate": 1.0
    },
    {
        "model": 0,
        "sequence": 16,
        "status": 1,
        "fuel": 5637,
        "fault": 0.4826,
        "weapon": 0,
        "pilot_injury": 0.2306,
        "pilot_skill": 0.6434,
        "mission_priority": 0.0585,
        "estimated_landing_time": 1510.0,
        "wait_time": 0,
        "Landing_success_rate": 1.0
    },
    {
        "model": 2,
        "sequence": 29,
        "status": 1,
        "fuel": 5955,
        "fault": 0.4415,
        "weapon": 0,
        "pilot_injury": 0.2907,
        "pilot_skill": 0.3289,
        "mission_priority": 0.4952,
        "estimated_landing_time": 2732.0,
        "wait_time": 0,
        "Landing_success_rate": 1.0
    },
    {
        "model": 0,
        "sequence": 3,
        "status": 1,
        "fuel": 7132,
        "fault": 0.2172,
        "weapon": 0,
        "pilot_injury": 0.3317,
        "pilot_skill": 0.532,
        "mission_priority": 0.9901,
        "estimated_landing_time": 288.0,
        "wait_time": 0,
        "Landing_success_rate": 1.0
    },
    {
        "model": 1,
        "sequence": 25,
        "status": 1,
        "fuel": 6696,
        "fault": 0.0389,
        "weapon": 1,
        "pilot_injury": 0.8426,
        "pilot_skill": 0.4104,
        "mission_priority": 0.8469,
        "estimated_landing_time": 2356.0,
        "wait_time": 0,
        "Landing_success_rate": 1.0
    },
    {
        "model": 1,
        "sequence": 6,
        "status": 1,
        "fuel": 6351,
        "fault": 0.1174,
        "weapon": 0,
        "pilot_injury": 0.3749,
        "pilot_skill": 0.6101,
        "mission_priority": 0.4476,
        "estimated_landing_time": 570.0,
        "wait_time": 0,
        "Landing_success_rate": 1.0
    },
    {
        "model": 2,
        "sequence": 26,
        "status": 1,
        "fuel": 5560,
        "fault": 0.6127,
        "weapon": 1,
        "pilot_injury": 0.5441,
        "pilot_skill": 0.6969,
        "mission_priority": 0.721,
        "estimated_landing_time": 2450.0,
        "wait_time": 0,
        "Landing_success_rate": 1.0
    },
    {
        "model": 1,
        "sequence": 10,
        "status": 1,
        "fuel": 5818,
        "fault": 0.5064,
        "weapon": 0,
        "pilot_injury": 0.9631,
        "pilot_skill": 0.7508,
        "mission_priority": 0.3404,
        "estimated_landing_time": 946.0,
        "wait_time": 0,
        "Landing_success_rate": 1.0
    },
    {
        "model": 1,
        "sequence": 5,
        "status": 1,
        "fuel": 6006,
        "fault": 0.5694,
        "weapon": 0,
        "pilot_injury": 0.6302,
        "pilot_skill": 0.0973,
        "mission_priority": 0.29,
        "estimated_landing_time": 476.0,
        "wait_time": 0,
        "Landing_success_rate": 1.0
    },
    {
        "model": 1,
        "sequence": 20,
        "status": 1,
        "fuel": 6468,
        "fault": 0.9886,
        "weapon": 1,
        "pilot_injury": 0.6074,
        "pilot_skill": 0.7972,
        "mission_priority": 0.1632,
        "estimated_landing_time": 1886.0,
        "wait_time": 0,
        "Landing_success_rate": 1.0
    },
    {
        "model": 1,
        "sequence": 14,
        "status": 1,
        "fuel": 5780,
        "fault": 0.0329,
        "weapon": 0,
        "pilot_injury": 0.8312,
        "pilot_skill": 0.8216,
        "mission_priority": 0.2086,
        "estimated_landing_time": 1322.0,
        "wait_time": 0,
        "Landing_success_rate": 1.0
    },
    {
        "model": 1,
        "sequence": 2,
        "status": 1,
        "fuel": 5717,
        "fault": 0.2014,
        "weapon": 0,
        "pilot_injury": 0.87,
        "pilot_skill": 0.2375,
        "mission_priority": 0.9042,
        "estimated_landing_time": 194.0,
        "wait_time": 0,
        "Landing_success_rate": 1.0
    },
    {
        "model": 1,
        "sequence": 7,
        "status": 1,
        "fuel": 5844,
        "fault": 0.8239,
        "weapon": 1,
        "pilot_injury": 0.2983,
        "pilot_skill": 0.1511,
        "mission_priority": 0.8728,
        "estimated_landing_time": 664.0,
        "wait_time": 0,
        "Landing_success_rate": 1.0
    },
    {
        "model": 0,
        "sequence": 18,
        "status": 1,
        "fuel": 7193,
        "fault": 0.7156,
        "weapon": 1,
        "pilot_injury": 0.1472,
        "pilot_skill": 0.4209,
        "mission_priority": 0.0173,
        "estimated_landing_time": 1698.0,
        "wait_time": 0,
        "Landing_success_rate": 1.0
    },
    {
        "model": 1,
        "sequence": 24,
        "status": 1,
        "fuel": 5561,
        "fault": 0.9101,
        "weapon": 1,
        "pilot_injury": 0.0244,
        "pilot_skill": 0.9974,
        "mission_priority": 0.4489,
        "estimated_landing_time": 2262.0,
        "wait_time": 0,
        "Landing_success_rate": 1.0
    },
    {
        "model": 2,
        "sequence": 15,
        "status": 1,
        "fuel": 5596,
        "fault": 0.6556,
        "weapon": 0,
        "pilot_injury": 0.8804,
        "pilot_skill": 0.1037,
        "mission_priority": 0.5257,
        "estimated_landing_time": 1416.0,
        "wait_time": 0,
        "Landing_success_rate": 1.0
    },
    {
        "model": 2,
        "sequence": 9,
        "status": 1,
        "fuel": 6302,
        "fault": 0.6559,
        "weapon": 0,
        "pilot_injury": 0.3321,
        "pilot_skill": 0.1837,
        "mission_priority": 0.6728,
        "estimated_landing_time": 852.0,
        "wait_time": 0,
        "Landing_success_rate": 1.0
    },
    {
        "model": 0,
        "sequence": 13,
        "status": 1,
        "fuel": 6200,
        "fault": 0.1325,
        "weapon": 0,
        "pilot_injury": 0.1463,
        "pilot_skill": 0.6151,
        "mission_priority": 0.7542,
        "estimated_landing_time": 1228.0,
        "wait_time": 0,
        "Landing_success_rate": 1.0
    },
    {
        "model": 1,
        "sequence": 28,
        "status": 1,
        "fuel": 5513,
        "fault": 0.0667,
        "weapon": 0,
        "pilot_injury": 0.3562,
        "pilot_skill": 0.9967,
        "mission_priority": 0.0688,
        "estimated_landing_time": 2638.0,
        "wait_time": 0,
        "Landing_success_rate": 1.0
    }
]