[
    {
        "model": 1,
        "sequence": 21,
        "status": 1,
        "fuel": 7170,
        "fault": 0.9963,
        "weapon": 1,
        "pilot_injury": 0.7496,
        "pilot_skill": 0.7437,
        "mission_priority": 0.5872,
        "estimated_landing_time": 1980.0,
        "wait_time": 0,
        "Landing_success_rate": 1.0
    },
    {
        "model": 1,
        "sequence": 16,
        "status": 1,
        "fuel": 6842,
        "fault": 0.9726,
        "weapon": 0,
        "pilot_injury": 0.3651,
        "pilot_skill": 0.4387,
        "mission_priority": 0.5218,
        "estimated_landing_time": 1510.0,
        "wait_time": 0,
        "Landing_success_rate": 1.0
    },
    {
        "model": 1,
        "sequence": 27,
        "status": 1,
        "fuel": 5588,
        "fault": 0.6629,
        "weapon": 0,
        "pilot_injury": 0.6493,
        "pilot_skill": 0.9648,
        "mission_priority": 0.1334,
        "estimated_landing_time": 2544.0,
        "wait_time": 0,
        "Landing_success_rate": 1.0
    },
    {
        "model": 0,
        "sequence": 4,
        "status": 1,
        "fuel": 5622,
        "fault": 0.4236,
        "weapon": 1,
        "pilot_injury": 0.4225,
        "pilot_skill": 0.2139,
        "mission_priority": 0.2163,
        "estimated_landing_time": 382.0,
        "wait_time": 0,
        "Landing_success_rate": 1.0
    },
    {
        "model": 0,
        "sequence": 13,
        "status": 1,
        "fuel": 7065,
        "fault": 0.5771,
        "weapon": 1,
        "pilot_injury": 0.4168,
        "pilot_skill": 0.6842,
        "mission_priority": 0.3399,
        "estimated_landing_time": 1228.0,
        "wait_time": 0,
        "Landing_success_rate": 1.0
    },
    {
        "model": 0,
        "sequence": 3,
        "status": 1,
        "fuel": 6848,
        "fault": 0.2052,
        "weapon": 0,
        "pilot_injury": 0.2615,
        "pilot_skill": 0.7171,
        "mission_priority": 0.8341,
        "estimated_landing_time": 288.0,
        "wait_time": 0,
        "Landing_success_rate": 1.0
    },
    {
        "model": 0,
        "sequence": 17,
        "status": 1,
        "fuel": 6227,
        "fault": 0.8731,
        "weapon": 1,
        "pilot_injury": 0.933,
        "pilot_skill": 0.899,
        "mission_priority": 0.2668,
        "estimated_landing_time": 1604.0,
        "wait_time": 0,
        "Landing_success_rate": 1.0
    },
    {
        "model": 1,
        "sequence": 29,
        "status": 1,
        "fuel": 7154,
        "fault": 0.0606,
        "weapon": 1,
        "pilot_injury": 0.7449,
        "pilot_skill": 0.311,
        "mission_priority": 0.3049,
        "estimated_landing_time": 2732.0,
        "wait_time": 0,
        "Landing_success_rate": 1.0
    },
    {
        "model": 2,
        "sequence": 12,
        "status": 1,
        "fuel": 6864,
        "fault": 0.3339,
        "weapon": 1,
        "pilot_injury": 0.2402,
        "pilot_skill": 0.6511,
        "mission_priority": 0.8344,
        "estimated_landing_time": 1134.0,
        "wait_time": 0,
        "Landing_success_rate": 1.0
    },
    {
        "model": 0,
        "sequence": 24,
        "status": 1,
        "fuel": 5835,
        "fault": 0.5779,
        "weapon": 0,
        "pilot_injury": 0.7589,
        "pilot_skill": 0.0199,
        "mission_priority": 0.8309,
        "estimated_landing_time": 2262.0,
        "wait_time": 0,
        "Landing_success_rate": 1.0
    },
    {
        "model": 1,
        "sequence": 26,
        "status": 1,
        "fuel": 6762,
        "fault": 0.4431,
        "weapon": 0,
        "pilot_injury": 0.5454,
        "pilot_skill": 0.3592,
        "mission_priority": 0.8993,
        "estimated_landing_time": 2450.0,
        "wait_time": 0,
        "Landing_success_rate": 1.0
    },
    {
        "model": 0,
        "sequence": 2,
        "status": 1,
        "fuel": 7334,
        "fault": 0.0631,
        "weapon": 0,
        "pilot_injury": 0.9306,
        "pilot_skill": 0.467,
        "mission_priority": 0.149,
        "estimated_landing_time": 194.0,
        "wait_time": 0,
        "Landing_success_rate": 1.0
    },
    {
        "model": 1,
        "sequence": 23,
        "status": 1,
        "fuel": 5518,
        "fault": 0.1454,
        "weapon": 1,
        "pilot_injury": 0.6727,
        "pilot_skill": 0.694,
        "mission_priority": 0.1972,
        "estimated_landing_time": 2168.0,
        "wait_time": 0,
        "Landing_success_rate": 1.0
    },
    {
        "model": 2,
        "sequence": 18,
        "status": 1,
        "fuel": 5814,
        "fault": 0.5669,
        "weapon": 0,
        "pilot_injury": 0.6058,
        "pilot_skill": 0.1463,
        "mission_priority": 0.8773,
        "estimated_landing_time": 1698.0,
        "wait_time": 0,
        "Landing_success_rate": 1.0
    },
    {
        "model": 2,
        "sequence": 6,
        "status": 1,
        "fuel": 6765,
        "fault": 0.6202,
        "weapon": 1,
        "pilot_injury": 0.0869,
        "pilot_skill": 0.448,
        "mission_priority": 0.0041,
        "estimated_landing_time": 570.0,
        "wait_time": 0,
        "Landing_success_rate": 1.0
    },
    {
        "model": 0,
        "sequence": 11,
        "status": 1,
        "fuel": 6260,
        "fault": 0.5983,
        "weapon": 1,
        "pilot_injury": 0.1828,
        "pilot_skill": 0.553,
        "mission_priority": 0.4744,
        "estimated_landing_time": 1040.0,
        "wait_time": 0,
        "Landing_success_rate": 1.0
    },
    {
        "model": 2,
        "sequence": 20,
        "status": 1,
        "fuel": 7178,
        "fault": 0.7036,
        "weapon": 0,
        "pilot_injury": 0.9951,
        "pilot_skill": 0.9378,
        "mission_priority": 0.9701,
        "estimated_landing_time": 1886.0,
        "wait_time": 0,
        "Landing_success_rate": 1.0
    },
    {
        "model": 1,
        "sequence": 8,
        "status": 1,
        "fuel": 6941,
        "fault": 0.4114,
        "weapon": 0,
        "pilot_injury": 0.9228,
        "pilot_skill": 0.0483,
        "mission_priority": 0.3648,
        "estimated_landing_time": 758.0,
        "wait_time": 0,
        "Landing_success_rate": 1.0
    },
    {
        "model": 1,
        "sequence": 25,
        "status": 1,
        "fuel": 5759,
        "fault": 0.3807,
        "weapon": 0,
        "pilot_injury": 0.2758,
        "pilot_skill": 0.7642,
        "mission_priority": 0.6604,
        "estimated_landing_time": 2356.0,
        "wait_time": 0,
        "Landing_success_rate": 1.0
    },
    {
        "model": 0,
        "sequence": 9,
        "status": 1,
        "fuel": 5933,
        "fault": 0.555,
        "weapon": 0,
        "pilot_injury": 0.2539,
        "pilot_skill": 0.3387,
        "mission_priority": 0.5605,
        "estimated_landing_time": 852.0,
        "wait_time": 0,
        "Landing_success_rate": 1.0
    },
    {
        "model": 2,
        "sequence": 15,
        "status": 1,
        "fuel": 5821,
        "fault": 0.1904,
        "weapon": 0,
        "pilot_injury": 0.8006,
        "pilot_skill": 0.528,
        "mission_priority": 0.394,
        "estimated_landing_time": 1416.0,
        "wait_time": 0,
        "Landing_success_rate": 1.0
    },
    {
        "model": 2,
        "sequence": 7,
        "status": 1,
        "fuel": 6772,
        "fault": 0.9935,
        "weapon": 1,
        "pilot_injury": 0.6732,
        "pilot_skill": 0.0573,
        "mission_priority": 0.5278,
        "estimated_landing_time": 664.0,
        "wait_time": 0,
        "Landing_success_rate": 1.0
    },
    {
        "model": 1,
        "sequence": 19,
        "status": 1,
        "fuel": 5894,
        "fault": 0.5421,
        "weapon": 0,
        "pilot_injury": 0.2996,
        "pilot_skill": 0.7385,
        "mission_priority": 0.7782,
        "estimated_landing_time": 1792.0,
        "wait_time": 0,
        "Landing_success_rate": 1.0
    },
    {
        "model": 1,
        "sequence": 28,
        "status": 1,
        "fuel": 6103,
        "fault": 0.3365,
        "weapon": 1,
        "pilot_injury": 0.5167,
        "pilot_skill": 0.2179,
        "mission_priority": 0.7752,
        "estimated_landing_time": 2638.0,
        "wait_time": 0,
        "Landing_success_rate": 1.0
    },
    {
        "model": 1,
        "sequence": 10,
        "status": 1,
        "fuel": 6195,
        "fault": 0.184,
        "weapon": 1,
        "pilot_injury": 0.6586,
        "pilot_skill": 0.0217,
        "mission_priority": 0.2912,
        "estimated_landing_time": 946.0,
        "wait_time": 0,
        "Landing_success_rate": 1.0
    },
    {
        "model": 1,
        "sequence": 5,
        "status": 1,
        "fuel": 6210,
        "fault": 0.31,
        "weapon": 1,
        "pilot_injury": 0.9056,
        "pilot_skill": 0.5799,
        "mission_priority": 0.9029,
        "estimated_landing_time": 476.0,
        "wait_time": 0,
        "Landing_success_rate": 1.0
    },
    {
        "model": 2,
        "sequence": 1,
        "status": 1,
        "fuel": 6845,
        "fault": 0.9874,
        "weapon": 0,
        "pilot_injury": 0.2965,
        "pilot_skill": 0.8869,
        "mission_priority": 0.3416,
        "estimated_landing_time": 100.0,
        "wait_time": 0,
        "Landing_success_rate": 1.0
    },
    {
        "model": 0,
        "sequence": 30,
        "status": 1,
        "fuel": 5907,
        "fault": 0.7096,
        "weapon": 1,
        "pilot_injury": 0.229,
        "pilot_skill": 0.0457,
        "mission_priority": 0.4941,
        "estimated_landing_time": 2826.0,
        "wait_time": 0,
        "Landing_success_rate": 1.0
    },
    {
        "model": 2,
        "sequence": 22,
        "status": 1,
        "fuel": 7477,
        "fault": 0.1825,
        "weapon": 1,
        "pilot_injury": 0.4172,
        "pilot_skill": 0.0786,
        "mission_priority": 0.4031,
        "estimated_landing_time": 2074.0,
        "wait_time": 0,
        "Landing_success_rate": 1.0
    },
    {
        "model": 2,
        "sequence": 14,
        "status": 1,
        "fuel": 7459,
        "fault": 0.0927,
        "weapon": 0,
        "pilot_injury": 0.3034,
        "pilot_skill": 0.7772,
        "mission_priority": 0.7683,
        "estimated_landing_time": 1322.0,
        "wait_time": 0,
        "Landing_success_rate": 1.0
    }
]