[
    {
        "model": 2,
        "sequence": 5,
        "status": 1,
        "fuel": 6067,
        "fault": 0.8429,
        "weapon": 0,
        "pilot_injury": 0.2453,
        "pilot_skill": 0.2815,
        "mission_priority": 0.1795,
        "estimated_landing_time": 476.0,
        "wait_time": 0,
        "Landing_success_rate": 1.0
    },
    {
        "model": 0,
        "sequence": 8,
        "status": 1,
        "fuel": 6982,
        "fault": 0.7975,
        "weapon": 0,
        "pilot_injury": 0.2682,
        "pilot_skill": 0.5305,
        "mission_priority": 0.2748,
        "estimated_landing_time": 758.0,
        "wait_time": 0,
        "Landing_success_rate": 1.0
    },
    {
        "model": 1,
        "sequence": 15,
        "status": 1,
        "fuel": 5982,
        "fault": 0.2583,
        "weapon": 0,
        "pilot_injury": 0.9732,
        "pilot_skill": 0.73,
        "mission_priority": 0.5038,
        "estimated_landing_time": 1416.0,
        "wait_time": 0,
        "Landing_success_rate": 1.0
    },
    {
        "model": 0,
        "sequence": 14,
        "status": 1,
        "fuel": 5688,
        "fault": 0.4631,
        "weapon": 1,
        "pilot_injury": 0.3666,
        "pilot_skill": 0.1161,
        "mission_priority": 0.2522,
        "estimated_landing_time": 1322.0,
        "wait_time": 0,
        "Landing_success_rate": 1.0
    },
    {
        "model": 0,
        "sequence": 23,
        "status": 1,
        "fuel": 5753,
        "fault": 0.6055,
        "weapon": 0,
        "pilot_injury": 0.5481,
        "pilot_skill": 0.8501,
        "mission_priority": 0.4897,
        "estimated_landing_time": 2168.0,
        "wait_time": 0,
        "Landing_success_rate": 1.0
    },
    {
        "model": 2,
        "sequence": 12,
        "status": 1,
        "fuel": 6149,
        "fault": 0.764,
        "weapon": 0,
        "pilot_injury": 0.6022,
        "pilot_skill": 0.6394,
        "mission_priority": 0.7593,
        "estimated_landing_time": 1134.0,
        "wait_time": 0,
        "Landing_success_rate": 1.0
    },
    {
        "model": 2,
        "sequence": 9,
        "status": 1,
        "fuel": 6916,
        "fault": 0.6666,
        "weapon": 1,
        "pilot_injury": 0.3851,
        "pilot_skill": 0.2071,
        "mission_priority": 0.7478,
        "estimated_landing_time": 852.0,
        "wait_time": 0,
        "Landing_success_rate": 1.0
    },
    {
        "model": 0,
        "sequence": 17,
        "status": 1,
        "fuel": 6152,
        "fault": 0.4529,
        "weapon": 0,
        "pilot_injury": 0.803,
        "pilot_skill": 0.3398,
        "mission_priority": 0.2915,
        "estimated_landing_time": 1604.0,
        "wait_time": 0,
        "Landing_success_rate": 1.0
    },
    {
        "model": 2,
        "sequence": 16,
        "status": 1,
        "fuel": 6410,
        "fault": 0.4588,
        "weapon": 1,
        "pilot_injury": 0.0626,
        "pilot_skill": 0.8348,
        "mission_priority": 0.1216,
        "estimated_landing_time": 1510.0,
        "wait_time": 0,
        "Landing_success_rate": 1.0
    },
    {
        "model": 0,
        "sequence": 1,
        "status": 1,
        "fuel": 7091,
        "fault": 0.6899,
        "weapon": 0,
        "pilot_injury": 0.7187,
        "pilot_skill": 0.9266,
        "mission_priority": 0.102,
        "estimated_landing_time": 100.0,
        "wait_time": 0,
        "Landing_success_rate": 1.0
    },
    {
        "model": 2,
        "sequence": 4,
        "status": 1,
        "fuel": 6610,
        "fault": 0.2385,
        "weapon": 0,
        "pilot_injury": 0.9019,
        "pilot_skill": 0.2782,
        "mission_priority": 0.6939,
        "estimated_landing_time": 382.0,
        "wait_time": 0,
        "Landing_success_rate": 1.0
    },
    {
        "model": 1,
        "sequence": 28,
        "status": 1,
        "fuel": 7461,
        "fault": 0.1994,
        "weapon": 0,
        "pilot_injury": 0.0043,
        "pilot_skill": 0.2329,
        "mission_priority": 0.6759,
        "estimated_landing_time": 2638.0,
        "wait_time": 0,
        "Landing_success_rate": 1.0
    },
    {
        "model": 0,
        "sequence": 25,
        "status": 1,
        "fuel": 5583,
        "fault": 0.9287,
        "weapon": 0,
        "pilot_injury": 0.1733,
        "pilot_skill": 0.3071,
        "mission_priority": 0.8919,
        "estimated_landing_time": 2356.0,
        "wait_time": 0,
        "Landing_success_rate": 1.0
    },
    {
        "model": 0,
        "sequence": 6,
        "status": 1,
        "fuel": 6022,
        "fault": 0.8652,
        "weapon": 0,
        "pilot_injury": 0.4231,
        "pilot_skill": 0.6888,
        "mission_priority": 0.5249,
        "estimated_landing_time": 570.0,
        "wait_time": 0,
        "Landing_success_rate": 1.0
    },
    {
        "model": 2,
        "sequence": 3,
        "status": 1,
        "fuel": 7422,
        "fault": 0.6535,
        "weapon": 1,
        "pilot_injury": 0.6312,
        "pilot_skill": 0.6646,
        "mission_priority": 0.5683,
        "estimated_landing_time": 288.0,
        "wait_time": 0,
        "Landing_success_rate": 1.0
    },
    {
        "model": 0,
        "sequence": 11,
        "status": 1,
        "fuel": 5664,
        "fault": 0.029,
        "weapon": 1,
        "pilot_injury": 0.7879,
        "pilot_skill": 0.8535,
        "mission_priority": 0.3164,
        "estimated_landing_time": 1040.0,
        "wait_time": 0,
        "Landing_success_rate": 1.0
    },
    {
        "model": 0,
        "sequence": 27,
        "status": 1,
        "fuel": 5987,
        "fault": 0.4907,
        "weapon": 1,
        "pilot_injury": 0.3675,
        "pilot_skill": 0.7776,
        "mission_priority": 0.2915,
        "estimated_landing_time": 2544.0,
        "wait_time": 0,
        "Landing_success_rate": 1.0
    },
    {
        "model": 0,
        "sequence": 13,
        "status": 1,
        "fuel": 6379,
        "fault": 0.9142,
        "weapon": 0,
        "pilot_injury": 0.8065,
        "pilot_skill": 0.3071,
        "mission_priority": 0.2949,
        "estimated_landing_time": 1228.0,
        "wait_time": 0,
        "Landing_success_rate": 1.0
    },
    {
        "model": 2,
        "sequence": 30,
        "status": 1,
        "fuel": 7064,
        "fault": 0.3432,
        "weapon": 0,
        "pilot_injury": 0.6111,
        "pilot_skill": 0.2433,
        "mission_priority": 0.9349,
        "estimated_landing_time": 2826.0,
        "wait_time": 0,
        "Landing_success_rate": 1.0
    },
    {
        "model": 2,
        "sequence": 26,
        "status": 1,
        "fuel": 5953,
        "fault": 0.5424,
        "weapon": 1,
        "pilot_injury": 0.7933,
        "pilot_skill": 0.5395,
        "mission_priority": 0.6337,
        "estimated_landing_time": 2450.0,
        "wait_time": 0,
        "Landing_success_rate": 1.0
    },
    {
        "model": 0,
        "sequence": 20,
        "status": 1,
        "fuel": 7288,
        "fault": 0.7634,
        "weapon": 0,
        "pilot_injury": 0.0396,
        "pilot_skill": 0.5772,
        "mission_priority": 0.4517,
        "estimated_landing_time": 1886.0,
        "wait_time": 0,
        "Landing_success_rate": 1.0
    },
    {
        "model": 1,
        "sequence": 19,
        "status": 1,
        "fuel": 7344,
        "fault": 0.2871,
        "weapon": 0,
        "pilot_injury": 0.4379,
        "pilot_skill": 0.7376,
        "mission_priority": 0.0535,
        "estimated_landing_time": 1792.0,
        "wait_time": 0,
        "Landing_success_rate": 1.0
    },
    {
        "model": 1,
        "sequence": 21,
        "status": 1,
        "fuel": 6856,
        "fault": 0.4489,
        "weapon": 1,
        "pilot_injury": 0.2749,
        "pilot_skill": 0.7444,
        "mission_priority": 0.563,
        "estimated_landing_time": 1980.0,
        "wait_time": 0,
        "Landing_success_rate": 1.0
    },
    {
        "model": 0,
        "sequence": 22,
        "status": 1,
        "fuel": 6587,
        "fault": 0.7822,
        "weapon": 0,
        "pilot_injury": 0.8146,
        "pilot_skill": 0.2064,
        "mission_priority": 0.388,
        "estimated_landing_time": 2074.0,
        "wait_time": 0,
        "Landing_success_rate": 1.0
    },
    {
        "model": 1,
        "sequence": 24,
        "status": 1,
        "fuel": 6612,
        "fault": 0.1502,
        "weapon": 1,
        "pilot_injury": 0.4307,
        "pilot_skill": 0.9813,
        "mission_priority": 0.1659,
        "estimated_landing_time": 2262.0,
        "wait_time": 0,
        "Landing_success_rate": 1.0
    },
    {
        "model": 0,
        "sequence": 10,
        "status": 1,
        "fuel": 5715,
        "fault": 0.1527,
        "weapon": 0,
        "pilot_injury": 0.0684,
        "pilot_skill": 0.4679,
        "mission_priority": 0.5246,
        "estimated_landing_time": 946.0,
        "wait_time": 0,
        "Landing_success_rate": 1.0
    },
    {
        "model": 2,
        "sequence": 18,
        "status": 1,
        "fuel": 5635,
        "fault": 0.4743,
        "weapon": 1,
        "pilot_injury": 0.5353,
        "pilot_skill": 0.5818,
        "mission_priority": 0.8938,
        "estimated_landing_time": 1698.0,
        "wait_time": 0,
        "Landing_success_rate": 1.0
    },
    {
        "model": 1,
        "sequence": 2,
        "status": 1,
        "fuel": 5662,
        "fault": 0.1693,
        "weapon": 0,
        "pilot_injury": 0.4492,
        "pilot_skill": 0.3715,
        "mission_priority": 0.3773,
        "estimated_landing_time": 194.0,
        "wait_time": 0,
        "Landing_success_rate": 1.0
    },
    {
        "model": 1,
        "sequence": 7,
        "status": 1,
        "fuel": 7013,
        "fault": 0.0354,
        "weapon": 0,
        "pilot_injury": 0.5856,
        "pilot_skill": 0.9327,
        "mission_priority": 0.8455,
        "estimated_landing_time": 664.0,
        "wait_time": 0,
        "Landing_success_rate": 1.0
    },
    {
        "model": 0,
        "sequence": 29,
        "status": 1,
        "fuel": 6193,
        "fault": 0.4408,
        "weapon": 1,
        "pilot_injury": 0.6484,
        "pilot_skill": 0.9546,
        "mission_priority": 0.7685,
        "estimated_landing_time": 2732.0,
        "wait_time": 0,
        "Landing_success_rate": 1.0
    }
]