[
    {
        "model": 1,
        "sequence": 20,
        "status": 1,
        "fuel": 5947,
        "fault": 0.2135,
        "weapon": 0,
        "pilot_injury": 0.5666,
        "pilot_skill": 0.2678,
        "mission_priority": 0.9436,
        "estimated_landing_time": 1886.0,
        "wait_time": 0,
        "Landing_success_rate": 1.0
    },
    {
        "model": 0,
        "sequence": 21,
        "status": 1,
        "fuel": 5665,
        "fault": 0.0417,
        "weapon": 1,
        "pilot_injury": 0.7654,
        "pilot_skill": 0.5961,
        "mission_priority": 0.6838,
        "estimated_landing_time": 1980.0,
        "wait_time": 0,
        "Landing_success_rate": 1.0
    },
    {
        "model": 2,
        "sequence": 16,
        "status": 1,
        "fuel": 5639,
        "fault": 0.5629,
        "weapon": 1,
        "pilot_injury": 0.2536,
        "pilot_skill": 0.0837,
        "mission_priority": 0.471,
        "estimated_landing_time": 1510.0,
        "wait_time": 0,
        "Landing_success_rate": 1.0
    },
    {
        "model": 0,
        "sequence": 27,
        "status": 1,
        "fuel": 7446,
        "fault": 0.1986,
        "weapon": 1,
        "pilot_injury": 0.8564,
        "pilot_skill": 0.6819,
        "mission_priority": 0.4467,
        "estimated_landing_time": 2544.0,
        "wait_time": 0,
        "Landing_success_rate": 1.0
    },
    {
        "model": 0,
        "sequence": 25,
        "status": 1,
        "fuel": 6493,
        "fault": 0.799,
        "weapon": 1,
        "pilot_injury": 0.0951,
        "pilot_skill": 0.6151,
        "mission_priority": 0.817,
        "estimated_landing_time": 2356.0,
        "wait_time": 0,
        "Landing_success_rate": 1.0
    },
    {
        "model": 2,
        "sequence": 8,
        "status": 1,
        "fuel": 6152,
        "fault": 0.4851,
        "weapon": 1,
        "pilot_injury": 0.2598,
        "pilot_skill": 0.2797,
        "mission_priority": 0.965,
        "estimated_landing_time": 758.0,
        "wait_time": 0,
        "Landing_success_rate": 1.0
    },
    {
        "model": 2,
        "sequence": 6,
        "status": 1,
        "fuel": 6737,
        "fault": 0.0648,
        "weapon": 1,
        "pilot_injury": 0.7865,
        "pilot_skill": 0.1696,
        "mission_priority": 0.3572,
        "estimated_landing_time": 570.0,
        "wait_time": 0,
        "Landing_success_rate": 1.0
    },
    {
        "model": 1,
        "sequence": 30,
        "status": 1,
        "fuel": 5584,
        "fault": 0.0458,
        "weapon": 1,
        "pilot_injury": 0.3088,
        "pilot_skill": 0.7542,
        "mission_priority": 0.2666,
        "estimated_landing_time": 2826.0,
        "wait_time": 0,
        "Landing_success_rate": 1.0
    },
    {
        "model": 2,
        "sequence": 2,
        "status": 1,
        "fuel": 5815,
        "fault": 0.0456,
        "weapon": 0,
        "pilot_injury": 0.5952,
        "pilot_skill": 0.863,
        "mission_priority": 0.0793,
        "estimated_landing_time": 194.0,
        "wait_time": 0,
        "Landing_success_rate": 1.0
    },
    {
        "model": 1,
        "sequence": 10,
        "status": 1,
        "fuel": 5648,
        "fault": 0.6841,
        "weapon": 1,
        "pilot_injury": 0.3319,
        "pilot_skill": 0.1007,
        "mission_priority": 0.6765,
        "estimated_landing_time": 946.0,
        "wait_time": 0,
        "Landing_success_rate": 1.0
    },
    {
        "model": 1,
        "sequence": 5,
        "status": 1,
        "fuel": 6774,
        "fault": 0.463,
        "weapon": 1,
        "pilot_injury": 0.7176,
        "pilot_skill": 0.9454,
        "mission_priority": 0.3336,
        "estimated_landing_time": 476.0,
        "wait_time": 0,
        "Landing_success_rate": 1.0
    },
    {
        "model": 0,
        "sequence": 22,
        "status": 1,
        "fuel": 7052,
        "fault": 0.5931,
        "weapon": 0,
        "pilot_injury": 0.0978,
        "pilot_skill": 0.5292,
        "mission_priority": 0.0112,
        "estimated_landing_time": 2074.0,
        "wait_time": 0,
        "Landing_success_rate": 1.0
    },
    {
        "model": 1,
        "sequence": 9,
        "status": 1,
        "fuel": 7036,
        "fault": 0.4897,
        "weapon": 1,
        "pilot_injury": 0.3328,
        "pilot_skill": 0.6873,
        "mission_priority": 0.7892,
        "estimated_landing_time": 852.0,
        "wait_time": 0,
        "Landing_success_rate": 1.0
    },
    {
        "model": 0,
        "sequence": 3,
        "status": 1,
        "fuel": 6215,
        "fault": 0.7377,
        "weapon": 0,
        "pilot_injury": 0.9564,
        "pilot_skill": 0.8869,
        "mission_priority": 0.7013,
        "estimated_landing_time": 288.0,
        "wait_time": 0,
        "Landing_success_rate": 1.0
    },
    {
        "model": 1,
        "sequence": 26,
        "status": 1,
        "fuel": 6166,
        "fault": 0.5821,
        "weapon": 1,
        "pilot_injury": 0.729,
        "pilot_skill": 0.9172,
        "mission_priority": 0.8174,
        "estimated_landing_time": 2450.0,
        "wait_time": 0,
        "Landing_success_rate": 1.0
    },
    {
        "model": 2,
        "sequence": 23,
        "status": 1,
        "fuel": 5859,
        "fault": 0.9674,
        "weapon": 1,
        "pilot_injury": 0.0088,
        "pilot_skill": 0.0302,
        "mission_priority": 0.7462,
        "estimated_landing_time": 2168.0,
        "wait_time": 0,
        "Landing_success_rate": 1.0
    },
    {
        "model": 0,
        "sequence": 1,
        "status": 1,
        "fuel": 6950,
        "fault": 0.3432,
        "weapon": 1,
        "pilot_injury": 0.9497,
        "pilot_skill": 0.4525,
        "mission_priority": 0.0884,
        "estimated_landing_time": 100.0,
        "wait_time": 0,
        "Landing_success_rate": 1.0
    },
    {
        "model": 2,
        "sequence": 17,
        "status": 1,
        "fuel": 6286,
        "fault": 0.8053,
        "weapon": 1,
        "pilot_injury": 0.6213,
        "pilot_skill": 0.5277,
        "mission_priority": 0.7122,
        "estimated_landing_time": 1604.0,
        "wait_time": 0,
        "Landing_success_rate": 1.0
    },
    {
        "model": 0,
        "sequence": 15,
        "status": 1,
        "fuel": 6592,
        "fault": 0.3758,
        "weapon": 1,
        "pilot_injury": 0.2362,
        "pilot_skill": 0.6836,
        "mission_priority": 0.4782,
        "estimated_landing_time": 1416.0,
        "wait_time": 0,
        "Landing_success_rate": 1.0
    },
    {
        "model": 1,
        "sequence": 24,
        "status": 1,
        "fuel": 6437,
        "fault": 0.5351,
        "weapon": 0,
        "pilot_injury": 0.8367,
        "pilot_skill": 0.9995,
        "mission_priority": 0.3122,
        "estimated_landing_time": 2262.0,
        "wait_time": 0,
        "Landing_success_rate": 1.0
    },
    {
        "model": 0,
        "sequence": 29,
        "status": 1,
        "fuel": 6859,
        "fault": 0.5491,
        "weapon": 0,
        "pilot_injury": 0.7424,
        "pilot_skill": 0.4309,
        "mission_priority": 0.6053,
        "estimated_landing_time": 2732.0,
        "wait_time": 0,
        "Landing_success_rate": 1.0
    },
    {
        "model": 2,
        "sequence": 19,
        "status": 1,
        "fuel": 7052,
        "fault": 0.1588,
        "weapon": 0,
        "pilot_injury": 0.1733,
        "pilot_skill": 0.9286,
        "mission_priority": 0.0612,
        "estimated_landing_time": 1792.0,
        "wait_time": 0,
        "Landing_success_rate": 1.0
    },
    {
        "model": 0,
        "sequence": 13,
        "status": 1,
        "fuel": 5690,
        "fault": 0.2656,
        "weapon": 1,
        "pilot_injury": 0.8585,
        "pilot_skill": 0.577,
        "mission_priority": 0.2161,
        "estimated_landing_time": 1228.0,
        "wait_time": 0,
        "Landing_success_rate": 1.0
    },
    {
        "model": 2,
        "sequence": 7,
        "status": 1,
        "fuel": 6705,
        "fault": 0.4094,
        "weapon": 0,
        "pilot_injury": 0.2323,
        "pilot_skill": 0.5618,
        "mission_priority": 0.6753,
        "estimated_landing_time": 664.0,
        "wait_time": 0,
        "Landing_success_rate": 1.0
    },
    {
        "model": 0,
        "sequence": 4,
        "status": 1,
        "fuel": 6548,
        "fault": 0.8664,
        "weapon": 1,
        "pilot_injury": 0.8957,
        "pilot_skill": 0.8248,
        "mission_priority": 0.6077,
        "estimated_landing_time": 382.0,
        "wait_time": 0,
        "Landing_success_rate": 1.0
    },
    {
        "model": 1,
        "sequence": 12,
        "status": 1,
        "fuel": 7031,
        "fault": 0.639,
        "weapon": 1,
        "pilot_injury": 0.975,
        "pilot_skill": 0.3056,
        "mission_priority": 0.6069,
        "estimated_landing_time": 1134.0,
        "wait_time": 0,
        "Landing_success_rate": 1.0
    },
    {
        "model": 0,
        "sequence": 14,
        "status": 1,
        "fuel": 6965,
        "fault": 0.8654,
        "weapon": 0,
        "pilot_injury": 0.9225,
        "pilot_skill": 0.4733,
        "mission_priority": 0.5318,
        "estimated_landing_time": 1322.0,
        "wait_time": 0,
        "Landing_success_rate": 1.0
    },
    {
        "model": 2,
        "sequence": 11,
        "status": 1,
        "fuel": 5911,
        "fault": 0.9661,
        "weapon": 1,
        "pilot_injury": 0.2623,
        "pilot_skill": 0.9784,
        "mission_priority": 0.2021,
        "estimated_landing_time": 1040.0,
        "wait_time": 0,
        "Landing_success_rate": 1.0
    },
    {
        "model": 1,
        "sequence": 28,
        "status": 1,
        "fuel": 5660,
        "fault": 0.307,
        "weapon": 0,
        "pilot_injury": 0.6605,
        "pilot_skill": 0.4407,
        "mission_priority": 0.3518,
        "estimated_landing_time": 2638.0,
        "wait_time": 0,
        "Landing_success_rate": 1.0
    },
    {
        "model": 0,
        "sequence": 18,
        "status": 1,
        "fuel": 6516,
        "fault": 0.0752,
        "weapon": 1,
        "pilot_injury": 0.962,
        "pilot_skill": 0.328,
        "mission_priority": 0.6802,
        "estimated_landing_time": 1698.0,
        "wait_time": 0,
        "Landing_success_rate": 1.0
    }
]