[
    {
        "model": 2,
        "sequence": 19,
        "status": 1,
        "fuel": 6562,
        "fault": 0.7043,
        "weapon": 0,
        "pilot_injury": 0.3676,
        "pilot_skill": 0.1791,
        "mission_priority": 0.7961,
        "estimated_landing_time": 1792.0,
        "wait_time": 0,
        "Landing_success_rate": 1.0
    },
    {
        "model": 2,
        "sequence": 22,
        "status": 1,
        "fuel": 7430,
        "fault": 0.6358,
        "weapon": 1,
        "pilot_injury": 0.8019,
        "pilot_skill": 0.42,
        "mission_priority": 0.7409,
        "estimated_landing_time": 2074.0,
        "wait_time": 0,
        "Landing_success_rate": 1.0
    },
    {
        "model": 0,
        "sequence": 12,
        "status": 1,
        "fuel": 7314,
        "fault": 0.0651,
        "weapon": 0,
        "pilot_injury": 0.5167,
        "pilot_skill": 0.8657,
        "mission_priority": 0.8554,
        "estimated_landing_time": 1134.0,
        "wait_time": 0,
        "Landing_success_rate": 1.0
    },
    {
        "model": 2,
        "sequence": 13,
        "status": 1,
        "fuel": 5507,
        "fault": 0.8239,
        "weapon": 1,
        "pilot_injury": 0.0101,
        "pilot_skill": 0.3114,
        "mission_priority": 0.9898,
        "estimated_landing_time": 1228.0,
        "wait_time": 0,
        "Landing_success_rate": 1.0
    },
    {
        "model": 1,
        "sequence": 14,
        "status": 1,
        "fuel": 5725,
        "fault": 0.901,
        "weapon": 1,
        "pilot_injury": 0.7611,
        "pilot_skill": 0.6201,
        "mission_priority": 0.5859,
        "estimated_landing_time": 1322.0,
        "wait_time": 0,
        "Landing_success_rate": 1.0
    },
    {
        "model": 0,
        "sequence": 29,
        "status": 1,
        "fuel": 6574,
        "fault": 0.8318,
        "weapon": 1,
        "pilot_injury": 0.8708,
        "pilot_skill": 0.3935,
        "mission_priority": 0.8403,
        "estimated_landing_time": 2732.0,
        "wait_time": 0,
        "Landing_success_rate": 1.0
    },
    {
        "model": 1,
        "sequence": 5,
        "status": 1,
        "fuel": 6395,
        "fault": 0.2748,
        "weapon": 0,
        "pilot_injury": 0.0376,
        "pilot_skill": 0.148,
        "mission_priority": 0.3147,
        "estimated_landing_time": 476.0,
        "wait_time": 0,
        "Landing_success_rate": 1.0
    },
    {
        "model": 1,
        "sequence": 4,
        "status": 1,
        "fuel": 5992,
        "fault": 0.6023,
        "weapon": 1,
        "pilot_injury": 0.0416,
        "pilot_skill": 0.3247,
        "mission_priority": 0.8504,
        "estimated_landing_time": 382.0,
        "wait_time": 0,
        "Landing_success_rate": 1.0
    },
    {
        "model": 2,
        "sequence": 23,
        "status": 1,
        "fuel": 6917,
        "fault": 0.5824,
        "weapon": 1,
        "pilot_injury": 0.4893,
        "pilot_skill": 0.9373,
        "mission_priority": 0.4288,
        "estimated_landing_time": 2168.0,
        "wait_time": 0,
        "Landing_success_rate": 1.0
    },
    {
        "model": 0,
        "sequence": 2,
        "status": 1,
        "fuel": 6664,
        "fault": 0.3225,
        "weapon": 0,
        "pilot_injury": 0.8843,
        "pilot_skill": 0.3307,
        "mission_priority": 0.6693,
        "estimated_landing_time": 194.0,
        "wait_time": 0,
        "Landing_success_rate": 1.0
    },
    {
        "model": 1,
        "sequence": 7,
        "status": 1,
        "fuel": 6575,
        "fault": 0.3122,
        "weapon": 1,
        "pilot_injury": 0.1594,
        "pilot_skill": 0.4287,
        "mission_priority": 0.1246,
        "estimated_landing_time": 664.0,
        "wait_time": 0,
        "Landing_success_rate": 1.0
    },
    {
        "model": 1,
        "sequence": 27,
        "status": 1,
        "fuel": 5640,
        "fault": 0.9453,
        "weapon": 0,
        "pilot_injury": 0.0609,
        "pilot_skill": 0.8498,
        "mission_priority": 0.3755,
        "estimated_landing_time": 2544.0,
        "wait_time": 0,
        "Landing_success_rate": 1.0
    },
    {
        "model": 2,
        "sequence": 28,
        "status": 1,
        "fuel": 6924,
        "fault": 0.5213,
        "weapon": 1,
        "pilot_injury": 0.4887,
        "pilot_skill": 0.0163,
        "mission_priority": 0.8155,
        "estimated_landing_time": 2638.0,
        "wait_time": 0,
        "Landing_success_rate": 1.0
    },
    {
        "model": 1,
        "sequence": 17,
        "status": 1,
        "fuel": 6355,
        "fault": 0.3596,
        "weapon": 1,
        "pilot_injury": 0.0649,
        "pilot_skill": 0.5238,
        "mission_priority": 0.9088,
        "estimated_landing_time": 1604.0,
        "wait_time": 0,
        "Landing_success_rate": 1.0
    },
    {
        "model": 1,
        "sequence": 10,
        "status": 1,
        "fuel": 6850,
        "fault": 0.5058,
        "weapon": 0,
        "pilot_injury": 0.0991,
        "pilot_skill": 0.8591,
        "mission_priority": 0.2388,
        "estimated_landing_time": 946.0,
        "wait_time": 0,
        "Landing_success_rate": 1.0
    },
    {
        "model": 2,
        "sequence": 21,
        "status": 1,
        "fuel": 6199,
        "fault": 0.2238,
        "weapon": 0,
        "pilot_injury": 0.481,
        "pilot_skill": 0.458,
        "mission_priority": 0.062,
        "estimated_landing_time": 1980.0,
        "wait_time": 0,
        "Landing_success_rate": 1.0
    },
    {
        "model": 2,
        "sequence": 18,
        "status": 1,
        "fuel": 5721,
        "fault": 0.5887,
        "weapon": 0,
        "pilot_injury": 0.7421,
        "pilot_skill": 0.5226,
        "mission_priority": 0.8126,
        "estimated_landing_time": 1698.0,
        "wait_time": 0,
        "Landing_success_rate": 1.0
    },
    {
        "model": 2,
        "sequence": 15,
        "status": 1,
        "fuel": 7073,
        "fault": 0.932,
        "weapon": 0,
        "pilot_injury": 0.4016,
        "pilot_skill": 0.1426,
        "mission_priority": 0.1334,
        "estimated_landing_time": 1416.0,
        "wait_time": 0,
        "Landing_success_rate": 1.0
    },
    {
        "model": 1,
        "sequence": 1,
        "status": 1,
        "fuel": 6111,
        "fault": 0.5842,
        "weapon": 1,
        "pilot_injury": 0.6009,
        "pilot_skill": 0.7322,
        "mission_priority": 0.2772,
        "estimated_landing_time": 100.0,
        "wait_time": 0,
        "Landing_success_rate": 1.0
    },
    {
        "model": 0,
        "sequence": 8,
        "status": 1,
        "fuel": 5574,
        "fault": 0.196,
        "weapon": 0,
        "pilot_injury": 0.0966,
        "pilot_skill": 0.8331,
        "mission_priority": 0.3434,
        "estimated_landing_time": 758.0,
        "wait_time": 0,
        "Landing_success_rate": 1.0
    },
    {
        "model": 1,
        "sequence": 3,
        "status": 1,
        "fuel": 5760,
        "fault": 0.8304,
        "weapon": 0,
        "pilot_injury": 0.4754,
        "pilot_skill": 0.215,
        "mission_priority": 0.2164,
        "estimated_landing_time": 288.0,
        "wait_time": 0,
        "Landing_success_rate": 1.0
    },
    {
        "model": 0,
        "sequence": 11,
        "status": 1,
        "fuel": 5715,
        "fault": 0.5617,
        "weapon": 0,
        "pilot_injury": 0.2934,
        "pilot_skill": 0.1727,
        "mission_priority": 0.7137,
        "estimated_landing_time": 1040.0,
        "wait_time": 0,
        "Landing_success_rate": 1.0
    },
    {
        "model": 1,
        "sequence": 26,
        "status": 1,
        "fuel": 6560,
        "fault": 0.6522,
        "weapon": 1,
        "pilot_injury": 0.4178,
        "pilot_skill": 0.3342,
        "mission_priority": 0.4894,
        "estimated_landing_time": 2450.0,
        "wait_time": 0,
        "Landing_success_rate": 1.0
    },
    {
        "model": 1,
        "sequence": 16,
        "status": 1,
        "fuel": 5735,
        "fault": 0.6503,
        "weapon": 1,
        "pilot_injury": 0.073,
        "pilot_skill": 0.0302,
        "mission_priority": 0.4064,
        "estimated_landing_time": 1510.0,
        "wait_time": 0,
        "Landing_success_rate": 1.0
    },
    {
        "model": 0,
        "sequence": 9,
        "status": 1,
        "fuel": 6257,
        "fault": 0.9875,
        "weapon": 0,
        "pilot_injury": 0.3534,
        "pilot_skill": 0.2614,
        "mission_priority": 0.3594,
        "estimated_landing_time": 852.0,
        "wait_time": 0,
        "Landing_success_rate": 1.0
    },
    {
        "model": 1,
        "sequence": 6,
        "status": 1,
        "fuel": 5837,
        "fault": 0.5929,
        "weapon": 0,
        "pilot_injury": 0.568,
        "pilot_skill": 0.864,
        "mission_priority": 0.3709,
        "estimated_landing_time": 570.0,
        "wait_time": 0,
        "Landing_success_rate": 1.0
    },
    {
        "model": 1,
        "sequence": 25,
        "status": 1,
        "fuel": 6440,
        "fault": 0.3754,
        "weapon": 1,
        "pilot_injury": 0.0224,
        "pilot_skill": 0.3021,
        "mission_priority": 0.4522,
        "estimated_landing_time": 2356.0,
        "wait_time": 0,
        "Landing_success_rate": 1.0
    },
    {
        "model": 1,
        "sequence": 30,
        "status": 1,
        "fuel": 7210,
        "fault": 0.5634,
        "weapon": 1,
        "pilot_injury": 0.4329,
        "pilot_skill": 0.5663,
        "mission_priority": 0.5103,
        "estimated_landing_time": 2826.0,
        "wait_time": 0,
        "Landing_success_rate": 1.0
    },
    {
        "model": 1,
        "sequence": 20,
        "status": 1,
        "fuel": 7432,
        "fault": 0.3154,
        "weapon": 1,
        "pilot_injury": 0.3794,
        "pilot_skill": 0.0636,
        "mission_priority": 0.0556,
        "estimated_landing_time": 1886.0,
        "wait_time": 0,
        "Landing_success_rate": 1.0
    },
    {
        "model": 1,
        "sequence": 24,
        "status": 1,
        "fuel": 5778,
        "fault": 0.9233,
        "weapon": 1,
        "pilot_injury": 0.7642,
        "pilot_skill": 0.9288,
        "mission_priority": 0.7505,
        "estimated_landing_time": 2262.0,
        "wait_time": 0,
        "Landing_success_rate": 1.0
    }
]