[
    {
        "model": 1,
        "sequence": 9,
        "status": 1,
        "fuel": 6755,
        "fault": 0.7167,
        "weapon": 0,
        "pilot_injury": 0.9503,
        "pilot_skill": 0.5231,
        "mission_priority": 0.2958,
        "estimated_landing_time": 852.0,
        "wait_time": 0,
        "Landing_success_rate": 1.0
    },
    {
        "model": 1,
        "sequence": 5,
        "status": 1,
        "fuel": 6061,
        "fault": 0.8553,
        "weapon": 0,
        "pilot_injury": 0.6047,
        "pilot_skill": 0.6513,
        "mission_priority": 0.8609,
        "estimated_landing_time": 476.0,
        "wait_time": 0,
        "Landing_success_rate": 1.0
    },
    {
        "model": 1,
        "sequence": 3,
        "status": 1,
        "fuel": 6435,
        "fault": 0.359,
        "weapon": 1,
        "pilot_injury": 0.7623,
        "pilot_skill": 0.2972,
        "mission_priority": 0.3279,
        "estimated_landing_time": 288.0,
        "wait_time": 0,
        "Landing_success_rate": 1.0
    },
    {
        "model": 2,
        "sequence": 16,
        "status": 1,
        "fuel": 6003,
        "fault": 0.8461,
        "weapon": 1,
        "pilot_injury": 0.7791,
        "pilot_skill": 0.2914,
        "mission_priority": 0.1436,
        "estimated_landing_time": 1510.0,
        "wait_time": 0,
        "Landing_success_rate": 1.0
    },
    {
        "model": 1,
        "sequence": 22,
        "status": 1,
        "fuel": 5502,
        "fault": 0.3198,
        "weapon": 0,
        "pilot_injury": 0.6762,
        "pilot_skill": 0.2004,
        "mission_priority": 0.2494,
        "estimated_landing_time": 2074.0,
        "wait_time": 0,
        "Landing_success_rate": 1.0
    },
    {
        "model": 2,
        "sequence": 27,
        "status": 1,
        "fuel": 6788,
        "fault": 0.4343,
        "weapon": 0,
        "pilot_injury": 0.3141,
        "pilot_skill": 0.6957,
        "mission_priority": 0.4679,
        "estimated_landing_time": 2544.0,
        "wait_time": 0,
        "Landing_success_rate": 1.0
    },
    {
        "model": 2,
        "sequence": 25,
        "status": 1,
        "fuel": 5914,
        "fault": 0.1605,
        "weapon": 0,
        "pilot_injury": 0.1442,
        "pilot_skill": 0.2796,
        "mission_priority": 0.4185,
        "estimated_landing_time": 2356.0,
        "wait_time": 0,
        "Landing_success_rate": 1.0
    },
    {
        "model": 0,
        "sequence": 4,
        "status": 1,
        "fuel": 7353,
        "fault": 0.9018,
        "weapon": 0,
        "pilot_injury": 0.3849,
        "pilot_skill": 0.5457,
        "mission_priority": 0.951,
        "estimated_landing_time": 382.0,
        "wait_time": 0,
        "Landing_success_rate": 1.0
    },
    {
        "model": 0,
        "sequence": 2,
        "status": 1,
        "fuel": 6839,
        "fault": 0.4648,
        "weapon": 0,
        "pilot_injury": 0.2135,
        "pilot_skill": 0.6627,
        "mission_priority": 0.5953,
        "estimated_landing_time": 194.0,
        "wait_time": 0,
        "Landing_success_rate": 1.0
    },
    {
        "model": 2,
        "sequence": 26,
        "status": 1,
        "fuel": 6983,
        "fault": 0.1827,
        "weapon": 0,
        "pilot_injury": 0.3626,
        "pilot_skill": 0.7594,
        "mission_priority": 0.7236,
        "estimated_landing_time": 2450.0,
        "wait_time": 0,
        "Landing_success_rate": 1.0
    },
    {
        "model": 2,
        "sequence": 1,
        "status": 1,
        "fuel": 6712,
        "fault": 0.6461,
        "weapon": 1,
        "pilot_injury": 0.4427,
        "pilot_skill": 0.5086,
        "mission_priority": 0.4612,
        "estimated_landing_time": 100.0,
        "wait_time": 0,
        "Landing_success_rate": 1.0
    },
    {
        "model": 2,
        "sequence": 10,
        "status": 1,
        "fuel": 7485,
        "fault": 0.9505,
        "weapon": 1,
        "pilot_injury": 0.3895,
        "pilot_skill": 0.552,
        "mission_priority": 0.6068,
        "estimated_landing_time": 946.0,
        "wait_time": 0,
        "Landing_success_rate": 1.0
    },
    {
        "model": 1,
        "sequence": 21,
        "status": 1,
        "fuel": 7359,
        "fault": 0.5025,
        "weapon": 1,
        "pilot_injury": 0.1307,
        "pilot_skill": 0.5825,
        "mission_priority": 0.6619,
        "estimated_landing_time": 1980.0,
        "wait_time": 0,
        "Landing_success_rate": 1.0
    },
    {
        "model": 1,
        "sequence": 8,
        "status": 1,
        "fuel": 6321,
        "fault": 0.6639,
        "weapon": 1,
        "pilot_injury": 0.019,
        "pilot_skill": 0.0483,
        "mission_priority": 0.0897,
        "estimated_landing_time": 758.0,
        "wait_time": 0,
        "Landing_success_rate": 1.0
    },
    {
        "model": 2,
        "sequence": 14,
        "status": 1,
        "fuel": 6887,
        "fault": 0.1709,
        "weapon": 0,
        "pilot_injury": 0.2046,
        "pilot_skill": 0.8574,
        "mission_priority": 0.7528,
        "estimated_landing_time": 1322.0,
        "wait_time": 0,
        "Landing_success_rate": 1.0
    },
    {
        "model": 2,
        "sequence": 30,
        "status": 1,
        "fuel": 6649,
        "fault": 0.2463,
        "weapon": 1,
        "pilot_injury": 0.0312,
        "pilot_skill": 0.8265,
        "mission_priority": 0.8608,
        "estimated_landing_time": 2826.0,
        "wait_time": 0,
        "Landing_success_rate": 1.0
    },
    {
        "model": 2,
        "sequence": 15,
        "status": 1,
        "fuel": 6118,
        "fault": 0.5168,
        "weapon": 1,
        "pilot_injury": 0.4777,
        "pilot_skill": 0.2962,
        "mission_priority": 0.5403,
        "estimated_landing_time": 1416.0,
        "wait_time": 0,
        "Landing_success_rate": 1.0
    },
    {
        "model": 0,
        "sequence": 18,
        "status": 1,
        "fuel": 6372,
        "fault": 0.7628,
        "weapon": 1,
        "pilot_injury": 0.5307,
        "pilot_skill": 0.776,
        "mission_priority": 0.4756,
        "estimated_landing_time": 1698.0,
        "wait_time": 0,
        "Landing_success_rate": 1.0
    },
    {
        "model": 0,
        "sequence": 20,
        "status": 1,
        "fuel": 6559,
        "fault": 0.8194,
        "weapon": 1,
        "pilot_injury": 0.6739,
        "pilot_skill": 0.6325,
        "mission_priority": 0.6517,
        "estimated_landing_time": 1886.0,
        "wait_time": 0,
        "Landing_success_rate": 1.0
    },
    {
        "model": 1,
        "sequence": 28,
        "status": 1,
        "fuel": 6885,
        "fault": 0.9503,
        "weapon": 1,
        "pilot_injury": 0.326,
        "pilot_skill": 0.8335,
        "mission_priority": 0.5888,
        "estimated_landing_time": 2638.0,
        "wait_time": 0,
        "Landing_success_rate": 1.0
    },
    {
        "model": 1,
        "sequence": 11,
        "status": 1,
        "fuel": 5802,
        "fault": 0.1847,
        "weapon": 1,
        "pilot_injury": 0.4837,
        "pilot_skill": 0.8049,
        "mission_priority": 0.6154,
        "estimated_landing_time": 1040.0,
        "wait_time": 0,
        "Landing_success_rate": 1.0
    },
    {
        "model": 0,
        "sequence": 12,
        "status": 1,
        "fuel": 6686,
        "fault": 0.5154,
        "weapon": 1,
        "pilot_injury": 0.827,
        "pilot_skill": 0.9412,
        "mission_priority": 0.548,
        "estimated_landing_time": 1134.0,
        "wait_time": 0,
        "Landing_success_rate": 1.0
    },
    {
        "model": 1,
        "sequence": 29,
        "status": 1,
        "fuel": 6261,
        "fault": 0.4978,
        "weapon": 0,
        "pilot_injury": 0.4835,
        "pilot_skill": 0.8417,
        "mission_priority": 0.833,
        "estimated_landing_time": 2732.0,
        "wait_time": 0,
        "Landing_success_rate": 1.0
    },
    {
        "model": 1,
        "sequence": 19,
        "status": 1,
        "fuel": 6444,
        "fault": 0.4695,
        "weapon": 0,
        "pilot_injury": 0.193,
        "pilot_skill": 0.3739,
        "mission_priority": 0.0796,
        "estimated_landing_time": 1792.0,
        "wait_time": 0,
        "Landing_success_rate": 1.0
    },
    {
        "model": 2,
        "sequence": 7,
        "status": 1,
        "fuel": 6157,
        "fault": 0.6726,
        "weapon": 1,
        "pilot_injury": 0.5768,
        "pilot_skill": 0.7665,
        "mission_priority": 0.4016,
        "estimated_landing_time": 664.0,
        "wait_time": 0,
        "Landing_success_rate": 1.0
    },
    {
        "model": 2,
        "sequence": 13,
        "status": 1,
        "fuel": 6830,
        "fault": 0.3474,
        "weapon": 1,
        "pilot_injury": 0.4807,
        "pilot_skill": 0.4624,
        "mission_priority": 0.7616,
        "estimated_landing_time": 1228.0,
        "wait_time": 0,
        "Landing_success_rate": 1.0
    },
    {
        "model": 0,
        "sequence": 23,
        "status": 1,
        "fuel": 7123,
        "fault": 0.8643,
        "weapon": 1,
        "pilot_injury": 0.2462,
        "pilot_skill": 0.6179,
        "mission_priority": 0.7789,
        "estimated_landing_time": 2168.0,
        "wait_time": 0,
        "Landing_success_rate": 1.0
    },
    {
        "model": 2,
        "sequence": 17,
        "status": 1,
        "fuel": 6916,
        "fault": 0.2102,
        "weapon": 0,
        "pilot_injury": 0.8544,
        "pilot_skill": 0.1739,
        "mission_priority": 0.3063,
        "estimated_landing_time": 1604.0,
        "wait_time": 0,
        "Landing_success_rate": 1.0
    },
    {
        "model": 1,
        "sequence": 24,
        "status": 1,
        "fuel": 6991,
        "fault": 0.2361,
        "weapon": 0,
        "pilot_injury": 0.9414,
        "pilot_skill": 0.1941,
        "mission_priority": 0.3569,
        "estimated_landing_time": 2262.0,
        "wait_time": 0,
        "Landing_success_rate": 1.0
    },
    {
        "model": 2,
        "sequence": 6,
        "status": 1,
        "fuel": 6420,
        "fault": 0.8668,
        "weapon": 1,
        "pilot_injury": 0.4488,
        "pilot_skill": 0.3138,
        "mission_priority": 0.8098,
        "estimated_landing_time": 570.0,
        "wait_time": 0,
        "Landing_success_rate": 1.0
    }
]