[
    {
        "model": 2,
        "sequence": 3,
        "status": 1,
        "fuel": 5792,
        "fault": 0.6468,
        "weapon": 0,
        "pilot_injury": 0.3165,
        "pilot_skill": 0.5393,
        "mission_priority": 0.2553,
        "estimated_landing_time": 288.0,
        "wait_time": 0,
        "Landing_success_rate": 1.0
    },
    {
        "model": 1,
        "sequence": 2,
        "status": 1,
        "fuel": 5506,
        "fault": 0.4191,
        "weapon": 0,
        "pilot_injury": 0.1303,
        "pilot_skill": 0.4135,
        "mission_priority": 0.7077,
        "estimated_landing_time": 194.0,
        "wait_time": 0,
        "Landing_success_rate": 1.0
    },
    {
        "model": 1,
        "sequence": 17,
        "status": 1,
        "fuel": 6012,
        "fault": 0.8857,
        "weapon": 1,
        "pilot_injury": 0.1063,
        "pilot_skill": 0.4596,
        "mission_priority": 0.0974,
        "estimated_landing_time": 1604.0,
        "wait_time": 0,
        "Landing_success_rate": 1.0
    },
    {
        "model": 2,
        "sequence": 10,
        "status": 1,
        "fuel": 6504,
        "fault": 0.6469,
        "weapon": 0,
        "pilot_injury": 0.6762,
        "pilot_skill": 0.7726,
        "mission_priority": 0.2435,
        "estimated_landing_time": 946.0,
        "wait_time": 0,
        "Landing_success_rate": 1.0
    },
    {
        "model": 1,
        "sequence": 14,
        "status": 1,
        "fuel": 6764,
        "fault": 0.7162,
        "weapon": 1,
        "pilot_injury": 0.5605,
        "pilot_skill": 0.7679,
        "mission_priority": 0.4029,
        "estimated_landing_time": 1322.0,
        "wait_time": 0,
        "Landing_success_rate": 1.0
    },
    {
        "model": 0,
        "sequence": 18,
        "status": 1,
        "fuel": 5785,
        "fault": 0.4369,
        "weapon": 0,
        "pilot_injury": 0.4497,
        "pilot_skill": 0.4472,
        "mission_priority": 0.41,
        "estimated_landing_time": 1698.0,
        "wait_time": 0,
        "Landing_success_rate": 1.0
    },
    {
        "model": 0,
        "sequence": 1,
        "status": 1,
        "fuel": 6929,
        "fault": 0.8627,
        "weapon": 0,
        "pilot_injury": 0.2818,
        "pilot_skill": 0.3788,
        "mission_priority": 0.2823,
        "estimated_landing_time": 100.0,
        "wait_time": 0,
        "Landing_success_rate": 1.0
    },
    {
        "model": 0,
        "sequence": 23,
        "status": 1,
        "fuel": 6251,
        "fault": 0.9322,
        "weapon": 0,
        "pilot_injury": 0.3903,
        "pilot_skill": 0.9682,
        "mission_priority": 0.6567,
        "estimated_landing_time": 2168.0,
        "wait_time": 0,
        "Landing_success_rate": 1.0
    },
    {
        "model": 1,
        "sequence": 30,
        "status": 1,
        "fuel": 6279,
        "fault": 0.346,
        "weapon": 1,
        "pilot_injury": 0.2244,
        "pilot_skill": 0.5768,
        "mission_priority": 0.9908,
        "estimated_landing_time": 2826.0,
        "wait_time": 0,
        "Landing_success_rate": 1.0
    },
    {
        "model": 2,
        "sequence": 21,
        "status": 1,
        "fuel": 7225,
        "fault": 0.8243,
        "weapon": 1,
        "pilot_injury": 0.4501,
        "pilot_skill": 0.8795,
        "mission_priority": 0.697,
        "estimated_landing_time": 1980.0,
        "wait_time": 0,
        "Landing_success_rate": 1.0
    },
    {
        "model": 2,
        "sequence": 6,
        "status": 1,
        "fuel": 6635,
        "fault": 0.9382,
        "weapon": 1,
        "pilot_injury": 0.9577,
        "pilot_skill": 0.2504,
        "mission_priority": 0.5237,
        "estimated_landing_time": 570.0,
        "wait_time": 0,
        "Landing_success_rate": 1.0
    },
    {
        "model": 0,
        "sequence": 11,
        "status": 1,
        "fuel": 7282,
        "fault": 0.8816,
        "weapon": 1,
        "pilot_injury": 0.1441,
        "pilot_skill": 0.2929,
        "mission_priority": 0.689,
        "estimated_landing_time": 1040.0,
        "wait_time": 0,
        "Landing_success_rate": 1.0
    },
    {
        "model": 0,
        "sequence": 20,
        "status": 1,
        "fuel": 5831,
        "fault": 0.7538,
        "weapon": 0,
        "pilot_injury": 0.218,
        "pilot_skill": 0.0784,
        "mission_priority": 0.6867,
        "estimated_landing_time": 1886.0,
        "wait_time": 0,
        "Landing_success_rate": 1.0
    },
    {
        "model": 0,
        "sequence": 19,
        "status": 1,
        "fuel": 7351,
        "fault": 0.6963,
        "weapon": 0,
        "pilot_injury": 0.8255,
        "pilot_skill": 0.7937,
        "mission_priority": 0.5524,
        "estimated_landing_time": 1792.0,
        "wait_time": 0,
        "Landing_success_rate": 1.0
    },
    {
        "model": 0,
        "sequence": 4,
        "status": 1,
        "fuel": 7243,
        "fault": 0.1896,
        "weapon": 1,
        "pilot_injury": 0.9865,
        "pilot_skill": 0.8819,
        "mission_priority": 0.1265,
        "estimated_landing_time": 382.0,
        "wait_time": 0,
        "Landing_success_rate": 1.0
    },
    {
        "model": 1,
        "sequence": 26,
        "status": 1,
        "fuel": 5852,
        "fault": 0.2223,
        "weapon": 0,
        "pilot_injury": 0.7683,
        "pilot_skill": 0.0002,
        "mission_priority": 0.2758,
        "estimated_landing_time": 2450.0,
        "wait_time": 0,
        "Landing_success_rate": 1.0
    },
    {
        "model": 0,
        "sequence": 24,
        "status": 1,
        "fuel": 6571,
        "fault": 0.702,
        "weapon": 1,
        "pilot_injury": 0.171,
        "pilot_skill": 0.4594,
        "mission_priority": 0.5872,
        "estimated_landing_time": 2262.0,
        "wait_time": 0,
        "Landing_success_rate": 1.0
    },
    {
        "model": 1,
        "sequence": 27,
        "status": 1,
        "fuel": 6435,
        "fault": 0.7799,
        "weapon": 1,
        "pilot_injury": 0.9335,
        "pilot_skill": 0.9782,
        "mission_priority": 0.9416,
        "estimated_landing_time": 2544.0,
        "wait_time": 0,
        "Landing_success_rate": 1.0
    },
    {
        "model": 0,
        "sequence": 13,
        "status": 1,
        "fuel": 6690,
        "fault": 0.8061,
        "weapon": 0,
        "pilot_injury": 0.6024,
        "pilot_skill": 0.7535,
        "mission_priority": 0.9549,
        "estimated_landing_time": 1228.0,
        "wait_time": 0,
        "Landing_success_rate": 1.0
    },
    {
        "model": 2,
        "sequence": 9,
        "status": 1,
        "fuel": 6029,
        "fault": 0.6277,
        "weapon": 0,
        "pilot_injury": 0.2052,
        "pilot_skill": 0.4571,
        "mission_priority": 0.6383,
        "estimated_landing_time": 852.0,
        "wait_time": 0,
        "Landing_success_rate": 1.0
    },
    {
        "model": 1,
        "sequence": 28,
        "status": 1,
        "fuel": 7104,
        "fault": 0.4267,
        "weapon": 1,
        "pilot_injury": 0.0174,
        "pilot_skill": 0.879,
        "mission_priority": 0.0348,
        "estimated_landing_time": 2638.0,
        "wait_time": 0,
        "Landing_success_rate": 1.0
    },
    {
        "model": 2,
        "sequence": 5,
        "status": 1,
        "fuel": 7181,
        "fault": 0.1562,
        "weapon": 1,
        "pilot_injury": 0.9724,
        "pilot_skill": 0.9352,
        "mission_priority": 0.6464,
        "estimated_landing_time": 476.0,
        "wait_time": 0,
        "Landing_success_rate": 1.0
    },
    {
        "model": 2,
        "sequence": 16,
        "status": 1,
        "fuel": 6136,
        "fault": 0.3659,
        "weapon": 0,
        "pilot_injury": 0.0411,
        "pilot_skill": 0.2677,
        "mission_priority": 0.8477,
        "estimated_landing_time": 1510.0,
        "wait_time": 0,
        "Landing_success_rate": 1.0
    },
    {
        "model": 2,
        "sequence": 8,
        "status": 1,
        "fuel": 5524,
        "fault": 0.5129,
        "weapon": 1,
        "pilot_injury": 0.837,
        "pilot_skill": 0.0622,
        "mission_priority": 0.3371,
        "estimated_landing_time": 758.0,
        "wait_time": 0,
        "Landing_success_rate": 1.0
    },
    {
        "model": 0,
        "sequence": 15,
        "status": 1,
        "fuel": 6163,
        "fault": 0.1737,
        "weapon": 1,
        "pilot_injury": 0.8014,
        "pilot_skill": 0.4221,
        "mission_priority": 0.9321,
        "estimated_landing_time": 1416.0,
        "wait_time": 0,
        "Landing_success_rate": 1.0
    },
    {
        "model": 2,
        "sequence": 12,
        "status": 1,
        "fuel": 6397,
        "fault": 0.8818,
        "weapon": 1,
        "pilot_injury": 0.1814,
        "pilot_skill": 0.2269,
        "mission_priority": 0.0087,
        "estimated_landing_time": 1134.0,
        "wait_time": 0,
        "Landing_success_rate": 1.0
    },
    {
        "model": 2,
        "sequence": 25,
        "status": 1,
        "fuel": 7395,
        "fault": 0.8289,
        "weapon": 0,
        "pilot_injury": 0.0673,
        "pilot_skill": 0.3405,
        "mission_priority": 0.3014,
        "estimated_landing_time": 2356.0,
        "wait_time": 0,
        "Landing_success_rate": 1.0
    },
    {
        "model": 2,
        "sequence": 22,
        "status": 1,
        "fuel": 7451,
        "fault": 0.1236,
        "weapon": 0,
        "pilot_injury": 0.7251,
        "pilot_skill": 0.13,
        "mission_priority": 0.4962,
        "estimated_landing_time": 2074.0,
        "wait_time": 0,
        "Landing_success_rate": 1.0
    },
    {
        "model": 1,
        "sequence": 29,
        "status": 1,
        "fuel": 5615,
        "fault": 0.1988,
        "weapon": 1,
        "pilot_injury": 0.6459,
        "pilot_skill": 0.2064,
        "mission_priority": 0.8274,
        "estimated_landing_time": 2732.0,
        "wait_time": 0,
        "Landing_success_rate": 1.0
    },
    {
        "model": 0,
        "sequence": 7,
        "status": 1,
        "fuel": 7121,
        "fault": 0.1422,
        "weapon": 1,
        "pilot_injury": 0.8883,
        "pilot_skill": 0.3977,
        "mission_priority": 0.6988,
        "estimated_landing_time": 664.0,
        "wait_time": 0,
        "Landing_success_rate": 1.0
    }
]