[
    {
        "model": 2,
        "sequence": 1,
        "status": 1,
        "fuel": 6050,
        "fault": 0.947,
        "weapon": 1,
        "pilot_injury": 0.4179,
        "pilot_skill": 0.6644,
        "mission_priority": 0.743,
        "estimated_landing_time": 100.0,
        "wait_time": 0,
        "Landing_success_rate": 1.0
    },
    {
        "model": 2,
        "sequence": 25,
        "status": 1,
        "fuel": 6689,
        "fault": 0.0277,
        "weapon": 1,
        "pilot_injury": 0.1051,
        "pilot_skill": 0.9867,
        "mission_priority": 0.337,
        "estimated_landing_time": 2356.0,
        "wait_time": 0,
        "Landing_success_rate": 1.0
    },
    {
        "model": 0,
        "sequence": 8,
        "status": 1,
        "fuel": 6344,
        "fault": 0.6757,
        "weapon": 0,
        "pilot_injury": 0.8122,
        "pilot_skill": 0.5859,
        "mission_priority": 0.9517,
        "estimated_landing_time": 758.0,
        "wait_time": 0,
        "Landing_success_rate": 1.0
    },
    {
        "model": 2,
        "sequence": 3,
        "status": 1,
        "fuel": 5580,
        "fault": 0.043,
        "weapon": 0,
        "pilot_injury": 0.8364,
        "pilot_skill": 0.2812,
        "mission_priority": 0.2908,
        "estimated_landing_time": 288.0,
        "wait_time": 0,
        "Landing_success_rate": 1.0
    },
    {
        "model": 2,
        "sequence": 22,
        "status": 1,
        "fuel": 6813,
        "fault": 0.3409,
        "weapon": 1,
        "pilot_injury": 0.2614,
        "pilot_skill": 0.2975,
        "mission_priority": 0.3686,
        "estimated_landing_time": 2074.0,
        "wait_time": 0,
        "Landing_success_rate": 1.0
    },
    {
        "model": 2,
        "sequence": 15,
        "status": 1,
        "fuel": 7299,
        "fault": 0.2164,
        "weapon": 0,
        "pilot_injury": 0.9872,
        "pilot_skill": 0.3705,
        "mission_priority": 0.6935,
        "estimated_landing_time": 1416.0,
        "wait_time": 0,
        "Landing_success_rate": 1.0
    },
    {
        "model": 1,
        "sequence": 10,
        "status": 1,
        "fuel": 7020,
        "fault": 0.9082,
        "weapon": 0,
        "pilot_injury": 0.6109,
        "pilot_skill": 0.0159,
        "mission_priority": 0.5052,
        "estimated_landing_time": 946.0,
        "wait_time": 0,
        "Landing_success_rate": 1.0
    },
    {
        "model": 0,
        "sequence": 18,
        "status": 1,
        "fuel": 7078,
        "fault": 0.9473,
        "weapon": 1,
        "pilot_injury": 0.4573,
        "pilot_skill": 0.8947,
        "mission_priority": 0.966,
        "estimated_landing_time": 1698.0,
        "wait_time": 0,
        "Landing_success_rate": 1.0
    },
    {
        "model": 1,
        "sequence": 11,
        "status": 1,
        "fuel": 7136,
        "fault": 0.1002,
        "weapon": 0,
        "pilot_injury": 0.5236,
        "pilot_skill": 0.0016,
        "mission_priority": 0.7681,
        "estimated_landing_time": 1040.0,
        "wait_time": 0,
        "Landing_success_rate": 1.0
    },
    {
        "model": 2,
        "sequence": 26,
        "status": 1,
        "fuel": 6113,
        "fault": 0.3077,
        "weapon": 0,
        "pilot_injury": 0.2647,
        "pilot_skill": 0.25,
        "mission_priority": 0.0897,
        "estimated_landing_time": 2450.0,
        "wait_time": 0,
        "Landing_success_rate": 1.0
    },
    {
        "model": 2,
        "sequence": 27,
        "status": 1,
        "fuel": 5755,
        "fault": 0.5009,
        "weapon": 0,
        "pilot_injury": 0.0899,
        "pilot_skill": 0.321,
        "mission_priority": 0.9221,
        "estimated_landing_time": 2544.0,
        "wait_time": 0,
        "Landing_success_rate": 1.0
    },
    {
        "model": 0,
        "sequence": 16,
        "status": 1,
        "fuel": 7453,
        "fault": 0.6691,
        "weapon": 0,
        "pilot_injury": 0.9723,
        "pilot_skill": 0.4984,
        "mission_priority": 0.6767,
        "estimated_landing_time": 1510.0,
        "wait_time": 0,
        "Landing_success_rate": 1.0
    },
    {
        "model": 1,
        "sequence": 20,
        "status": 1,
        "fuel": 6036,
        "fault": 0.7593,
        "weapon": 0,
        "pilot_injury": 0.1043,
        "pilot_skill": 0.7802,
        "mission_priority": 0.8768,
        "estimated_landing_time": 1886.0,
        "wait_time": 0,
        "Landing_success_rate": 1.0
    },
    {
        "model": 1,
        "sequence": 7,
        "status": 1,
        "fuel": 5629,
        "fault": 0.5757,
        "weapon": 0,
        "pilot_injury": 0.4826,
        "pilot_skill": 0.5716,
        "mission_priority": 0.411,
        "estimated_landing_time": 664.0,
        "wait_time": 0,
        "Landing_success_rate": 1.0
    },
    {
        "model": 2,
        "sequence": 4,
        "status": 1,
        "fuel": 6071,
        "fault": 0.6443,
        "weapon": 0,
        "pilot_injury": 0.9473,
        "pilot_skill": 0.4459,
        "mission_priority": 0.5144,
        "estimated_landing_time": 382.0,
        "wait_time": 0,
        "Landing_success_rate": 1.0
    },
    {
        "model": 1,
        "sequence": 19,
        "status": 1,
        "fuel": 6747,
        "fault": 0.3421,
        "weapon": 0,
        "pilot_injury": 0.5132,
        "pilot_skill": 0.2026,
        "mission_priority": 0.5765,
        "estimated_landing_time": 1792.0,
        "wait_time": 0,
        "Landing_success_rate": 1.0
    },
    {
        "model": 1,
        "sequence": 12,
        "status": 1,
        "fuel": 5723,
        "fault": 0.6829,
        "weapon": 0,
        "pilot_injury": 0.4425,
        "pilot_skill": 0.7693,
        "mission_priority": 0.3195,
        "estimated_landing_time": 1134.0,
        "wait_time": 0,
        "Landing_success_rate": 1.0
    },
    {
        "model": 2,
        "sequence": 9,
        "status": 1,
        "fuel": 5608,
        "fault": 0.9401,
        "weapon": 0,
        "pilot_injury": 0.6036,
        "pilot_skill": 0.4407,
        "mission_priority": 0.2171,
        "estimated_landing_time": 852.0,
        "wait_time": 0,
        "Landing_success_rate": 1.0
    },
    {
        "model": 2,
        "sequence": 6,
        "status": 1,
        "fuel": 6934,
        "fault": 0.4452,
        "weapon": 0,
        "pilot_injury": 0.9109,
        "pilot_skill": 0.522,
        "mission_priority": 0.6527,
        "estimated_landing_time": 570.0,
        "wait_time": 0,
        "Landing_success_rate": 1.0
    },
    {
        "model": 1,
        "sequence": 23,
        "status": 1,
        "fuel": 7149,
        "fault": 0.3911,
        "weapon": 1,
        "pilot_injury": 0.9369,
        "pilot_skill": 0.5396,
        "mission_priority": 0.8562,
        "estimated_landing_time": 2168.0,
        "wait_time": 0,
        "Landing_success_rate": 1.0
    },
    {
        "model": 2,
        "sequence": 14,
        "status": 1,
        "fuel": 5927,
        "fault": 0.6928,
        "weapon": 1,
        "pilot_injury": 0.1942,
        "pilot_skill": 0.6534,
        "mission_priority": 0.1408,
        "estimated_landing_time": 1322.0,
        "wait_time": 0,
        "Landing_success_rate": 1.0
    },
    {
        "model": 0,
        "sequence": 5,
        "status": 1,
        "fuel": 6029,
        "fault": 0.2368,
        "weapon": 0,
        "pilot_injury": 0.2555,
        "pilot_skill": 0.2811,
        "mission_priority": 0.7464,
        "estimated_landing_time": 476.0,
        "wait_time": 0,
        "Landing_success_rate": 1.0
    },
    {
        "model": 2,
        "sequence": 29,
        "status": 1,
        "fuel": 6182,
        "fault": 0.2064,
        "weapon": 0,
        "pilot_injury": 0.1013,
        "pilot_skill": 0.2624,
        "mission_priority": 0.6722,
        "estimated_landing_time": 2732.0,
        "wait_time": 0,
        "Landing_success_rate": 1.0
    },
    {
        "model": 1,
        "sequence": 2,
        "status": 1,
        "fuel": 6953,
        "fault": 0.6555,
        "weapon": 0,
        "pilot_injury": 0.8628,
        "pilot_skill": 0.1305,
        "mission_priority": 0.639,
        "estimated_landing_time": 194.0,
        "wait_time": 0,
        "Landing_success_rate": 1.0
    },
    {
        "model": 1,
        "sequence": 30,
        "status": 1,
        "fuel": 6827,
        "fault": 0.8794,
        "weapon": 1,
        "pilot_injury": 0.3875,
        "pilot_skill": 0.9797,
        "mission_priority": 0.4867,
        "estimated_landing_time": 2826.0,
        "wait_time": 0,
        "Landing_success_rate": 1.0
    },
    {
        "model": 2,
        "sequence": 24,
        "status": 1,
        "fuel": 5944,
        "fault": 0.496,
        "weapon": 0,
        "pilot_injury": 0.7679,
        "pilot_skill": 0.7171,
        "mission_priority": 0.8476,
        "estimated_landing_time": 2262.0,
        "wait_time": 0,
        "Landing_success_rate": 1.0
    },
    {
        "model": 0,
        "sequence": 21,
        "status": 1,
        "fuel": 6048,
        "fault": 0.9096,
        "weapon": 0,
        "pilot_injury": 0.6607,
        "pilot_skill": 0.9851,
        "mission_priority": 0.2281,
        "estimated_landing_time": 1980.0,
        "wait_time": 0,
        "Landing_success_rate": 1.0
    },
    {
        "model": 2,
        "sequence": 13,
        "status": 1,
        "fuel": 5514,
        "fault": 0.678,
        "weapon": 1,
        "pilot_injury": 0.936,
        "pilot_skill": 0.5459,
        "mission_priority": 0.5163,
        "estimated_landing_time": 1228.0,
        "wait_time": 0,
        "Landing_success_rate": 1.0
    },
    {
        "model": 0,
        "sequence": 17,
        "status": 1,
        "fuel": 5789,
        "fault": 0.7698,
        "weapon": 1,
        "pilot_injury": 0.6822,
        "pilot_skill": 0.4823,
        "mission_priority": 0.5076,
        "estimated_landing_time": 1604.0,
        "wait_time": 0,
        "Landing_success_rate": 1.0
    },
    {
        "model": 0,
        "sequence": 28,
        "status": 1,
        "fuel": 6472,
        "fault": 0.9136,
        "weapon": 1,
        "pilot_injury": 0.9983,
        "pilot_skill": 0.0808,
        "mission_priority": 0.2679,
        "estimated_landing_time": 2638.0,
        "wait_time": 0,
        "Landing_success_rate": 1.0
    }
]