[
    {
        "model": 2,
        "sequence": 21,
        "status": 1,
        "fuel": 7006,
        "fault": 0.3933,
        "weapon": 1,
        "pilot_injury": 0.4439,
        "pilot_skill": 0.1087,
        "mission_priority": 0.8667,
        "estimated_landing_time": 1980.0,
        "wait_time": 0,
        "Landing_success_rate": 1.0
    },
    {
        "model": 0,
        "sequence": 18,
        "status": 1,
        "fuel": 7245,
        "fault": 0.7725,
        "weapon": 0,
        "pilot_injury": 0.4045,
        "pilot_skill": 0.9356,
        "mission_priority": 0.2957,
        "estimated_landing_time": 1698.0,
        "wait_time": 0,
        "Landing_success_rate": 1.0
    },
    {
        "model": 0,
        "sequence": 9,
        "status": 1,
        "fuel": 6918,
        "fault": 0.9478,
        "weapon": 1,
        "pilot_injury": 0.6263,
        "pilot_skill": 0.9509,
        "mission_priority": 0.645,
        "estimated_landing_time": 852.0,
        "wait_time": 0,
        "Landing_success_rate": 1.0
    },
    {
        "model": 1,
        "sequence": 27,
        "status": 1,
        "fuel": 7381,
        "fault": 0.0709,
        "weapon": 0,
        "pilot_injury": 0.2818,
        "pilot_skill": 0.8673,
        "mission_priority": 0.8309,
        "estimated_landing_time": 2544.0,
        "wait_time": 0,
        "Landing_success_rate": 1.0
    },
    {
        "model": 2,
        "sequence": 17,
        "status": 1,
        "fuel": 7488,
        "fault": 0.6169,
        "weapon": 1,
        "pilot_injury": 0.139,
        "pilot_skill": 0.1312,
        "mission_priority": 0.1261,
        "estimated_landing_time": 1604.0,
        "wait_time": 0,
        "Landing_success_rate": 1.0
    },
    {
        "model": 1,
        "sequence": 12,
        "status": 1,
        "fuel": 5995,
        "fault": 0.5898,
        "weapon": 0,
        "pilot_injury": 0.8085,
        "pilot_skill": 0.8447,
        "mission_priority": 0.105,
        "estimated_landing_time": 1134.0,
        "wait_time": 0,
        "Landing_success_rate": 1.0
    },
    {
        "model": 1,
        "sequence": 23,
        "status": 1,
        "fuel": 6974,
        "fault": 0.9629,
        "weapon": 0,
        "pilot_injury": 0.6382,
        "pilot_skill": 0.513,
        "mission_priority": 0.6473,
        "estimated_landing_time": 2168.0,
        "wait_time": 0,
        "Landing_success_rate": 1.0
    },
    {
        "model": 2,
        "sequence": 4,
        "status": 1,
        "fuel": 5587,
        "fault": 0.0041,
        "weapon": 1,
        "pilot_injury": 0.9695,
        "pilot_skill": 0.1133,
        "mission_priority": 0.2338,
        "estimated_landing_time": 382.0,
        "wait_time": 0,
        "Landing_success_rate": 1.0
    },
    {
        "model": 2,
        "sequence": 25,
        "status": 1,
        "fuel": 7365,
        "fault": 0.2751,
        "weapon": 0,
        "pilot_injury": 0.9928,
        "pilot_skill": 0.7203,
        "mission_priority": 0.434,
        "estimated_landing_time": 2356.0,
        "wait_time": 0,
        "Landing_success_rate": 1.0
    },
    {
        "model": 2,
        "sequence": 13,
        "status": 1,
        "fuel": 6997,
        "fault": 0.2541,
        "weapon": 1,
        "pilot_injury": 0.2879,
        "pilot_skill": 0.9559,
        "mission_priority": 0.557,
        "estimated_landing_time": 1228.0,
        "wait_time": 0,
        "Landing_success_rate": 1.0
    },
    {
        "model": 0,
        "sequence": 24,
        "status": 1,
        "fuel": 6321,
        "fault": 0.0634,
        "weapon": 0,
        "pilot_injury": 0.3602,
        "pilot_skill": 0.5765,
        "mission_priority": 0.8467,
        "estimated_landing_time": 2262.0,
        "wait_time": 0,
        "Landing_success_rate": 1.0
    },
    {
        "model": 1,
        "sequence": 14,
        "status": 1,
        "fuel": 6574,
        "fault": 0.3086,
        "weapon": 0,
        "pilot_injury": 0.1533,
        "pilot_skill": 0.6525,
        "mission_priority": 0.0042,
        "estimated_landing_time": 1322.0,
        "wait_time": 0,
        "Landing_success_rate": 1.0
    },
    {
        "model": 1,
        "sequence": 1,
        "status": 1,
        "fuel": 7076,
        "fault": 0.3163,
        "weapon": 1,
        "pilot_injury": 0.8973,
        "pilot_skill": 0.8038,
        "mission_priority": 0.1412,
        "estimated_landing_time": 100.0,
        "wait_time": 0,
        "Landing_success_rate": 1.0
    },
    {
        "model": 0,
        "sequence": 19,
        "status": 1,
        "fuel": 6338,
        "fault": 0.6088,
        "weapon": 0,
        "pilot_injury": 0.1012,
        "pilot_skill": 0.147,
        "mission_priority": 0.0401,
        "estimated_landing_time": 1792.0,
        "wait_time": 0,
        "Landing_success_rate": 1.0
    },
    {
        "model": 2,
        "sequence": 30,
        "status": 1,
        "fuel": 6509,
        "fault": 0.3149,
        "weapon": 1,
        "pilot_injury": 0.5075,
        "pilot_skill": 0.8533,
        "mission_priority": 0.0837,
        "estimated_landing_time": 2826.0,
        "wait_time": 0,
        "Landing_success_rate": 1.0
    },
    {
        "model": 0,
        "sequence": 3,
        "status": 1,
        "fuel": 7466,
        "fault": 0.0889,
        "weapon": 1,
        "pilot_injury": 0.4978,
        "pilot_skill": 0.4709,
        "mission_priority": 0.4756,
        "estimated_landing_time": 288.0,
        "wait_time": 0,
        "Landing_success_rate": 1.0
    },
    {
        "model": 1,
        "sequence": 29,
        "status": 1,
        "fuel": 6224,
        "fault": 0.2154,
        "weapon": 0,
        "pilot_injury": 0.521,
        "pilot_skill": 0.9739,
        "mission_priority": 0.8465,
        "estimated_landing_time": 2732.0,
        "wait_time": 0,
        "Landing_success_rate": 1.0
    },
    {
        "model": 0,
        "sequence": 22,
        "status": 1,
        "fuel": 6597,
        "fault": 0.0948,
        "weapon": 1,
        "pilot_injury": 0.8352,
        "pilot_skill": 0.8817,
        "mission_priority": 0.1332,
        "estimated_landing_time": 2074.0,
        "wait_time": 0,
        "Landing_success_rate": 1.0
    },
    {
        "model": 1,
        "sequence": 2,
        "status": 1,
        "fuel": 6584,
        "fault": 0.1942,
        "weapon": 1,
        "pilot_injury": 0.2213,
        "pilot_skill": 0.5862,
        "mission_priority": 0.7805,
        "estimated_landing_time": 194.0,
        "wait_time": 0,
        "Landing_success_rate": 1.0
    },
    {
        "model": 0,
        "sequence": 7,
        "status": 1,
        "fuel": 7081,
        "fault": 0.8846,
        "weapon": 1,
        "pilot_injury": 0.9151,
        "pilot_skill": 0.356,
        "mission_priority": 0.6047,
        "estimated_landing_time": 664.0,
        "wait_time": 0,
        "Landing_success_rate": 1.0
    },
    {
        "model": 0,
        "sequence": 11,
        "status": 1,
        "fuel": 6748,
        "fault": 0.665,
        "weapon": 0,
        "pilot_injury": 0.4241,
        "pilot_skill": 0.3592,
        "mission_priority": 0.1733,
        "estimated_landing_time": 1040.0,
        "wait_time": 0,
        "Landing_success_rate": 1.0
    },
    {
        "model": 1,
        "sequence": 20,
        "status": 1,
        "fuel": 5503,
        "fault": 0.773,
        "weapon": 0,
        "pilot_injury": 0.1758,
        "pilot_skill": 0.7054,
        "mission_priority": 0.0106,
        "estimated_landing_time": 1886.0,
        "wait_time": 0,
        "Landing_success_rate": 1.0
    },
    {
        "model": 1,
        "sequence": 16,
        "status": 1,
        "fuel": 5975,
        "fault": 0.6679,
        "weapon": 0,
        "pilot_injury": 0.0961,
        "pilot_skill": 0.6841,
        "mission_priority": 0.1028,
        "estimated_landing_time": 1510.0,
        "wait_time": 0,
        "Landing_success_rate": 1.0
    },
    {
        "model": 0,
        "sequence": 5,
        "status": 1,
        "fuel": 6636,
        "fault": 0.1667,
        "weapon": 1,
        "pilot_injury": 0.7383,
        "pilot_skill": 0.9637,
        "mission_priority": 0.776,
        "estimated_landing_time": 476.0,
        "wait_time": 0,
        "Landing_success_rate": 1.0
    },
    {
        "model": 0,
        "sequence": 26,
        "status": 1,
        "fuel": 6845,
        "fault": 0.8055,
        "weapon": 0,
        "pilot_injury": 0.3014,
        "pilot_skill": 0.2837,
        "mission_priority": 0.2783,
        "estimated_landing_time": 2450.0,
        "wait_time": 0,
        "Landing_success_rate": 1.0
    },
    {
        "model": 0,
        "sequence": 8,
        "status": 1,
        "fuel": 7113,
        "fault": 0.487,
        "weapon": 0,
        "pilot_injury": 0.1079,
        "pilot_skill": 0.0074,
        "mission_priority": 0.2856,
        "estimated_landing_time": 758.0,
        "wait_time": 0,
        "Landing_success_rate": 1.0
    },
    {
        "model": 0,
        "sequence": 10,
        "status": 1,
        "fuel": 7197,
        "fault": 0.1523,
        "weapon": 1,
        "pilot_injury": 0.9948,
        "pilot_skill": 0.5794,
        "mission_priority": 0.901,
        "estimated_landing_time": 946.0,
        "wait_time": 0,
        "Landing_success_rate": 1.0
    },
    {
        "model": 1,
        "sequence": 28,
        "status": 1,
        "fuel": 7457,
        "fault": 0.6801,
        "weapon": 1,
        "pilot_injury": 0.0427,
        "pilot_skill": 0.0446,
        "mission_priority": 0.0308,
        "estimated_landing_time": 2638.0,
        "wait_time": 0,
        "Landing_success_rate": 1.0
    },
    {
        "model": 2,
        "sequence": 6,
        "status": 1,
        "fuel": 5996,
        "fault": 0.4188,
        "weapon": 1,
        "pilot_injury": 0.1947,
        "pilot_skill": 0.5192,
        "mission_priority": 0.5032,
        "estimated_landing_time": 570.0,
        "wait_time": 0,
        "Landing_success_rate": 1.0
    },
    {
        "model": 1,
        "sequence": 15,
        "status": 1,
        "fuel": 6797,
        "fault": 0.096,
        "weapon": 1,
        "pilot_injury": 0.3919,
        "pilot_skill": 0.2202,
        "mission_priority": 0.6922,
        "estimated_landing_time": 1416.0,
        "wait_time": 0,
        "Landing_success_rate": 1.0
    }
]