[
    {
        "model": 2,
        "sequence": 19,
        "status": 1,
        "fuel": 6958,
        "fault": 0.3117,
        "weapon": 1,
        "pilot_injury": 0.8744,
        "pilot_skill": 0.253,
        "mission_priority": 0.6174,
        "estimated_landing_time": 1792.0,
        "wait_time": 0,
        "Landing_success_rate": 1.0
    },
    {
        "model": 2,
        "sequence": 20,
        "status": 1,
        "fuel": 6643,
        "fault": 0.726,
        "weapon": 0,
        "pilot_injury": 0.354,
        "pilot_skill": 0.4992,
        "mission_priority": 0.845,
        "estimated_landing_time": 1886.0,
        "wait_time": 0,
        "Landing_success_rate": 1.0
    },
    {
        "model": 0,
        "sequence": 11,
        "status": 1,
        "fuel": 7036,
        "fault": 0.469,
        "weapon": 1,
        "pilot_injury": 0.2822,
        "pilot_skill": 0.8543,
        "mission_priority": 0.8702,
        "estimated_landing_time": 1040.0,
        "wait_time": 0,
        "Landing_success_rate": 1.0
    },
    {
        "model": 1,
        "sequence": 22,
        "status": 1,
        "fuel": 5842,
        "fault": 0.3177,
        "weapon": 0,
        "pilot_injury": 0.3693,
        "pilot_skill": 0.1491,
        "mission_priority": 0.3215,
        "estimated_landing_time": 2074.0,
        "wait_time": 0,
        "Landing_success_rate": 1.0
    },
    {
        "model": 0,
        "sequence": 4,
        "status": 1,
        "fuel": 6512,
        "fault": 0.5436,
        "weapon": 0,
        "pilot_injury": 0.8517,
        "pilot_skill": 0.0177,
        "mission_priority": 0.4864,
        "estimated_landing_time": 382.0,
        "wait_time": 0,
        "Landing_success_rate": 1.0
    },
    {
        "model": 2,
        "sequence": 2,
        "status": 1,
        "fuel": 6109,
        "fault": 0.296,
        "weapon": 0,
        "pilot_injury": 0.2453,
        "pilot_skill": 0.5663,
        "mission_priority": 0.712,
        "estimated_landing_time": 194.0,
        "wait_time": 0,
        "Landing_success_rate": 1.0
    },
    {
        "model": 0,
        "sequence": 1,
        "status": 1,
        "fuel": 5853,
        "fault": 0.9268,
        "weapon": 0,
        "pilot_injury": 0.0878,
        "pilot_skill": 0.2187,
        "mission_priority": 0.5991,
        "estimated_landing_time": 100.0,
        "wait_time": 0,
        "Landing_success_rate": 1.0
    },
    {
        "model": 0,
        "sequence": 3,
        "status": 1,
        "fuel": 5667,
        "fault": 0.7947,
        "weapon": 0,
        "pilot_injury": 0.9955,
        "pilot_skill": 0.3823,
        "mission_priority": 0.4965,
        "estimated_landing_time": 288.0,
        "wait_time": 0,
        "Landing_success_rate": 1.0
    },
    {
        "model": 2,
        "sequence": 25,
        "status": 1,
        "fuel": 6926,
        "fault": 0.3552,
        "weapon": 1,
        "pilot_injury": 0.3253,
        "pilot_skill": 0.5302,
        "mission_priority": 0.5261,
        "estimated_landing_time": 2356.0,
        "wait_time": 0,
        "Landing_success_rate": 1.0
    },
    {
        "model": 0,
        "sequence": 8,
        "status": 1,
        "fuel": 6168,
        "fault": 0.773,
        "weapon": 0,
        "pilot_injury": 0.5704,
        "pilot_skill": 0.3816,
        "mission_priority": 0.422,
        "estimated_landing_time": 758.0,
        "wait_time": 0,
        "Landing_success_rate": 1.0
    },
    {
        "model": 0,
        "sequence": 30,
        "status": 1,
        "fuel": 7163,
        "fault": 0.1489,
        "weapon": 0,
        "pilot_injury": 0.1953,
        "pilot_skill": 0.4685,
        "mission_priority": 0.4343,
        "estimated_landing_time": 2826.0,
        "wait_time": 0,
        "Landing_success_rate": 1.0
    },
    {
        "model": 0,
        "sequence": 13,
        "status": 1,
        "fuel": 5687,
        "fault": 0.0324,
        "weapon": 1,
        "pilot_injury": 0.2424,
        "pilot_skill": 0.4487,
        "mission_priority": 0.0462,
        "estimated_landing_time": 1228.0,
        "wait_time": 0,
        "Landing_success_rate": 1.0
    },
    {
        "model": 1,
        "sequence": 23,
        "status": 1,
        "fuel": 5973,
        "fault": 0.4415,
        "weapon": 1,
        "pilot_injury": 0.8428,
        "pilot_skill": 0.7153,
        "mission_priority": 0.6326,
        "estimated_landing_time": 2168.0,
        "wait_time": 0,
        "Landing_success_rate": 1.0
    },
    {
        "model": 2,
        "sequence": 26,
        "status": 1,
        "fuel": 6765,
        "fault": 0.0196,
        "weapon": 0,
        "pilot_injury": 0.5253,
        "pilot_skill": 0.1163,
        "mission_priority": 0.7779,
        "estimated_landing_time": 2450.0,
        "wait_time": 0,
        "Landing_success_rate": 1.0
    },
    {
        "model": 1,
        "sequence": 9,
        "status": 1,
        "fuel": 7282,
        "fault": 0.3449,
        "weapon": 1,
        "pilot_injury": 0.7991,
        "pilot_skill": 0.4662,
        "mission_priority": 0.4969,
        "estimated_landing_time": 852.0,
        "wait_time": 0,
        "Landing_success_rate": 1.0
    },
    {
        "model": 2,
        "sequence": 27,
        "status": 1,
        "fuel": 5962,
        "fault": 0.9815,
        "weapon": 1,
        "pilot_injury": 0.6775,
        "pilot_skill": 0.2337,
        "mission_priority": 0.9865,
        "estimated_landing_time": 2544.0,
        "wait_time": 0,
        "Landing_success_rate": 1.0
    },
    {
        "model": 2,
        "sequence": 17,
        "status": 1,
        "fuel": 6156,
        "fault": 0.6412,
        "weapon": 1,
        "pilot_injury": 0.713,
        "pilot_skill": 0.03,
        "mission_priority": 0.6658,
        "estimated_landing_time": 1604.0,
        "wait_time": 0,
        "Landing_success_rate": 1.0
    },
    {
        "model": 2,
        "sequence": 18,
        "status": 1,
        "fuel": 6376,
        "fault": 0.1951,
        "weapon": 1,
        "pilot_injury": 0.3044,
        "pilot_skill": 0.878,
        "mission_priority": 0.858,
        "estimated_landing_time": 1698.0,
        "wait_time": 0,
        "Landing_success_rate": 1.0
    },
    {
        "model": 0,
        "sequence": 24,
        "status": 1,
        "fuel": 5860,
        "fault": 0.9891,
        "weapon": 1,
        "pilot_injury": 0.6184,
        "pilot_skill": 0.73,
        "mission_priority": 0.9753,
        "estimated_landing_time": 2262.0,
        "wait_time": 0,
        "Landing_success_rate": 1.0
    },
    {
        "model": 1,
        "sequence": 6,
        "status": 1,
        "fuel": 6569,
        "fault": 0.2614,
        "weapon": 0,
        "pilot_injury": 0.7807,
        "pilot_skill": 0.4092,
        "mission_priority": 0.6725,
        "estimated_landing_time": 570.0,
        "wait_time": 0,
        "Landing_success_rate": 1.0
    },
    {
        "model": 2,
        "sequence": 15,
        "status": 1,
        "fuel": 6799,
        "fault": 0.0729,
        "weapon": 0,
        "pilot_injury": 0.6741,
        "pilot_skill": 0.5858,
        "mission_priority": 0.7652,
        "estimated_landing_time": 1416.0,
        "wait_time": 0,
        "Landing_success_rate": 1.0
    },
    {
        "model": 1,
        "sequence": 28,
        "status": 1,
        "fuel": 5766,
        "fault": 0.2309,
        "weapon": 0,
        "pilot_injury": 0.1276,
        "pilot_skill": 0.7444,
        "mission_priority": 0.4498,
        "estimated_landing_time": 2638.0,
        "wait_time": 0,
        "Landing_success_rate": 1.0
    },
    {
        "model": 1,
        "sequence": 21,
        "status": 1,
        "fuel": 7408,
        "fault": 0.0997,
        "weapon": 0,
        "pilot_injury": 0.5596,
        "pilot_skill": 0.5012,
        "mission_priority": 0.7846,
        "estimated_landing_time": 1980.0,
        "wait_time": 0,
        "Landing_success_rate": 1.0
    },
    {
        "model": 1,
        "sequence": 7,
        "status": 1,
        "fuel": 5730,
        "fault": 0.9205,
        "weapon": 1,
        "pilot_injury": 0.1029,
        "pilot_skill": 0.7761,
        "mission_priority": 0.1638,
        "estimated_landing_time": 664.0,
        "wait_time": 0,
        "Landing_success_rate": 1.0
    },
    {
        "model": 1,
        "sequence": 29,
        "status": 1,
        "fuel": 6250,
        "fault": 0.4511,
        "weapon": 1,
        "pilot_injury": 0.2384,
        "pilot_skill": 0.7318,
        "mission_priority": 0.6553,
        "estimated_landing_time": 2732.0,
        "wait_time": 0,
        "Landing_success_rate": 1.0
    },
    {
        "model": 0,
        "sequence": 10,
        "status": 1,
        "fuel": 6135,
        "fault": 0.2857,
        "weapon": 0,
        "pilot_injury": 0.0993,
        "pilot_skill": 0.4144,
        "mission_priority": 0.3786,
        "estimated_landing_time": 946.0,
        "wait_time": 0,
        "Landing_success_rate": 1.0
    },
    {
        "model": 0,
        "sequence": 14,
        "status": 1,
        "fuel": 7305,
        "fault": 0.2091,
        "weapon": 0,
        "pilot_injury": 0.8526,
        "pilot_skill": 0.109,
        "mission_priority": 0.2664,
        "estimated_landing_time": 1322.0,
        "wait_time": 0,
        "Landing_success_rate": 1.0
    },
    {
        "model": 2,
        "sequence": 16,
        "status": 1,
        "fuel": 6577,
        "fault": 0.31,
        "weapon": 1,
        "pilot_injury": 0.0717,
        "pilot_skill": 0.9024,
        "mission_priority": 0.0616,
        "estimated_landing_time": 1510.0,
        "wait_time": 0,
        "Landing_success_rate": 1.0
    },
    {
        "model": 2,
        "sequence": 5,
        "status": 1,
        "fuel": 6128,
        "fault": 0.0714,
        "weapon": 0,
        "pilot_injury": 0.9283,
        "pilot_skill": 0.3537,
        "mission_priority": 0.6488,
        "estimated_landing_time": 476.0,
        "wait_time": 0,
        "Landing_success_rate": 1.0
    },
    {
        "model": 0,
        "sequence": 12,
        "status": 1,
        "fuel": 7173,
        "fault": 0.099,
        "weapon": 0,
        "pilot_injury": 0.7473,
        "pilot_skill": 0.973,
        "mission_priority": 0.9921,
        "estimated_landing_time": 1134.0,
        "wait_time": 0,
        "Landing_success_rate": 1.0
    }
]