[
    {
        "model": 1,
        "sequence": 27,
        "status": 1,
        "fuel": 6086,
        "fault": 0.586,
        "weapon": 0,
        "pilot_injury": 0.0332,
        "pilot_skill": 0.1471,
        "mission_priority": 0.901,
        "estimated_landing_time": 2544.0,
        "wait_time": 0,
        "Landing_success_rate": 1.0
    },
    {
        "model": 0,
        "sequence": 10,
        "status": 1,
        "fuel": 5985,
        "fault": 0.9581,
        "weapon": 1,
        "pilot_injury": 0.6647,
        "pilot_skill": 0.9652,
        "mission_priority": 0.4389,
        "estimated_landing_time": 946.0,
        "wait_time": 0,
        "Landing_success_rate": 1.0
    },
    {
        "model": 0,
        "sequence": 21,
        "status": 1,
        "fuel": 6618,
        "fault": 0.3362,
        "weapon": 0,
        "pilot_injury": 0.0031,
        "pilot_skill": 0.0275,
        "mission_priority": 0.1453,
        "estimated_landing_time": 1980.0,
        "wait_time": 0,
        "Landing_success_rate": 1.0
    },
    {
        "model": 1,
        "sequence": 15,
        "status": 1,
        "fuel": 6241,
        "fault": 0.6065,
        "weapon": 0,
        "pilot_injury": 0.5397,
        "pilot_skill": 0.8005,
        "mission_priority": 0.8222,
        "estimated_landing_time": 1416.0,
        "wait_time": 0,
        "Landing_success_rate": 1.0
    },
    {
        "model": 2,
        "sequence": 19,
        "status": 1,
        "fuel": 6842,
        "fault": 0.8664,
        "weapon": 1,
        "pilot_injury": 0.3472,
        "pilot_skill": 0.308,
        "mission_priority": 0.3407,
        "estimated_landing_time": 1792.0,
        "wait_time": 0,
        "Landing_success_rate": 1.0
    },
    {
        "model": 1,
        "sequence": 3,
        "status": 1,
        "fuel": 7333,
        "fault": 0.43,
        "weapon": 1,
        "pilot_injury": 0.0749,
        "pilot_skill": 0.6334,
        "mission_priority": 0.568,
        "estimated_landing_time": 288.0,
        "wait_time": 0,
        "Landing_success_rate": 1.0
    },
    {
        "model": 2,
        "sequence": 25,
        "status": 1,
        "fuel": 5916,
        "fault": 0.4258,
        "weapon": 0,
        "pilot_injury": 0.0932,
        "pilot_skill": 0.5451,
        "mission_priority": 0.0366,
        "estimated_landing_time": 2356.0,
        "wait_time": 0,
        "Landing_success_rate": 1.0
    },
    {
        "model": 0,
        "sequence": 14,
        "status": 1,
        "fuel": 6649,
        "fault": 0.5491,
        "weapon": 0,
        "pilot_injury": 0.5974,
        "pilot_skill": 0.7234,
        "mission_priority": 0.4389,
        "estimated_landing_time": 1322.0,
        "wait_time": 0,
        "Landing_success_rate": 1.0
    },
    {
        "model": 1,
        "sequence": 24,
        "status": 1,
        "fuel": 5721,
        "fault": 0.7036,
        "weapon": 0,
        "pilot_injury": 0.8241,
        "pilot_skill": 0.7113,
        "mission_priority": 0.749,
        "estimated_landing_time": 2262.0,
        "wait_time": 0,
        "Landing_success_rate": 1.0
    },
    {
        "model": 0,
        "sequence": 2,
        "status": 1,
        "fuel": 6088,
        "fault": 0.4092,
        "weapon": 1,
        "pilot_injury": 0.4587,
        "pilot_skill": 0.392,
        "mission_priority": 0.266,
        "estimated_landing_time": 194.0,
        "wait_time": 0,
        "Landing_success_rate": 1.0
    },
    {
        "model": 1,
        "sequence": 6,
        "status": 1,
        "fuel": 6152,
        "fault": 0.6132,
        "weapon": 1,
        "pilot_injury": 0.901,
        "pilot_skill": 0.9305,
        "mission_priority": 0.5806,
        "estimated_landing_time": 570.0,
        "wait_time": 0,
        "Landing_success_rate": 1.0
    },
    {
        "model": 1,
        "sequence": 23,
        "status": 1,
        "fuel": 7081,
        "fault": 0.6824,
        "weapon": 0,
        "pilot_injury": 0.7477,
        "pilot_skill": 0.2514,
        "mission_priority": 0.8035,
        "estimated_landing_time": 2168.0,
        "wait_time": 0,
        "Landing_success_rate": 1.0
    },
    {
        "model": 0,
        "sequence": 30,
        "status": 1,
        "fuel": 6358,
        "fault": 0.3879,
        "weapon": 1,
        "pilot_injury": 0.2476,
        "pilot_skill": 0.8009,
        "mission_priority": 0.7119,
        "estimated_landing_time": 2826.0,
        "wait_time": 0,
        "Landing_success_rate": 1.0
    },
    {
        "model": 0,
        "sequence": 20,
        "status": 1,
        "fuel": 6185,
        "fault": 0.349,
        "weapon": 0,
        "pilot_injury": 0.7155,
        "pilot_skill": 0.1564,
        "mission_priority": 0.5319,
        "estimated_landing_time": 1886.0,
        "wait_time": 0,
        "Landing_success_rate": 1.0
    },
    {
        "model": 0,
        "sequence": 11,
        "status": 1,
        "fuel": 6726,
        "fault": 0.2481,
        "weapon": 1,
        "pilot_injury": 0.5401,
        "pilot_skill": 0.6215,
        "mission_priority": 0.0725,
        "estimated_landing_time": 1040.0,
        "wait_time": 0,
        "Landing_success_rate": 1.0
    },
    {
        "model": 2,
        "sequence": 13,
        "status": 1,
        "fuel": 6214,
        "fault": 0.6468,
        "weapon": 0,
        "pilot_injury": 0.1812,
        "pilot_skill": 0.4987,
        "mission_priority": 0.69,
        "estimated_landing_time": 1228.0,
        "wait_time": 0,
        "Landing_success_rate": 1.0
    },
    {
        "model": 0,
        "sequence": 4,
        "status": 1,
        "fuel": 6212,
        "fault": 0.9682,
        "weapon": 0,
        "pilot_injury": 0.7419,
        "pilot_skill": 0.3632,
        "mission_priority": 0.6789,
        "estimated_landing_time": 382.0,
        "wait_time": 0,
        "Landing_success_rate": 1.0
    },
    {
        "model": 0,
        "sequence": 12,
        "status": 1,
        "fuel": 7478,
        "fault": 0.3051,
        "weapon": 1,
        "pilot_injury": 0.8376,
        "pilot_skill": 0.1064,
        "mission_priority": 0.8277,
        "estimated_landing_time": 1134.0,
        "wait_time": 0,
        "Landing_success_rate": 1.0
    },
    {
        "model": 0,
        "sequence": 29,
        "status": 1,
        "fuel": 5801,
        "fault": 0.3874,
        "weapon": 0,
        "pilot_injury": 0.9584,
        "pilot_skill": 0.1597,
        "mission_priority": 0.6746,
        "estimated_landing_time": 2732.0,
        "wait_time": 0,
        "Landing_success_rate": 1.0
    },
    {
        "model": 1,
        "sequence": 28,
        "status": 1,
        "fuel": 6798,
        "fault": 0.1356,
        "weapon": 1,
        "pilot_injury": 0.0378,
        "pilot_skill": 0.8084,
        "mission_priority": 0.49,
        "estimated_landing_time": 2638.0,
        "wait_time": 0,
        "Landing_success_rate": 1.0
    },
    {
        "model": 2,
        "sequence": 7,
        "status": 1,
        "fuel": 6308,
        "fault": 0.4996,
        "weapon": 1,
        "pilot_injury": 0.6675,
        "pilot_skill": 0.2301,
        "mission_priority": 0.1173,
        "estimated_landing_time": 664.0,
        "wait_time": 0,
        "Landing_success_rate": 1.0
    },
    {
        "model": 1,
        "sequence": 18,
        "status": 1,
        "fuel": 6605,
        "fault": 0.2766,
        "weapon": 1,
        "pilot_injury": 0.9917,
        "pilot_skill": 0.0543,
        "mission_priority": 0.3309,
        "estimated_landing_time": 1698.0,
        "wait_time": 0,
        "Landing_success_rate": 1.0
    },
    {
        "model": 2,
        "sequence": 5,
        "status": 1,
        "fuel": 5615,
        "fault": 0.0227,
        "weapon": 0,
        "pilot_injury": 0.9616,
        "pilot_skill": 0.4606,
        "mission_priority": 0.6927,
        "estimated_landing_time": 476.0,
        "wait_time": 0,
        "Landing_success_rate": 1.0
    },
    {
        "model": 0,
        "sequence": 26,
        "status": 1,
        "fuel": 6513,
        "fault": 0.0898,
        "weapon": 1,
        "pilot_injury": 0.3036,
        "pilot_skill": 0.2797,
        "mission_priority": 0.8476,
        "estimated_landing_time": 2450.0,
        "wait_time": 0,
        "Landing_success_rate": 1.0
    },
    {
        "model": 1,
        "sequence": 1,
        "status": 1,
        "fuel": 6480,
        "fault": 0.937,
        "weapon": 0,
        "pilot_injury": 0.3929,
        "pilot_skill": 0.6168,
        "mission_priority": 0.8056,
        "estimated_landing_time": 100.0,
        "wait_time": 0,
        "Landing_success_rate": 1.0
    },
    {
        "model": 1,
        "sequence": 8,
        "status": 1,
        "fuel": 6801,
        "fault": 0.4653,
        "weapon": 0,
        "pilot_injury": 0.5417,
        "pilot_skill": 0.1216,
        "mission_priority": 0.8247,
        "estimated_landing_time": 758.0,
        "wait_time": 0,
        "Landing_success_rate": 1.0
    },
    {
        "model": 2,
        "sequence": 9,
        "status": 1,
        "fuel": 5539,
        "fault": 0.7394,
        "weapon": 1,
        "pilot_injury": 0.0004,
        "pilot_skill": 0.9601,
        "mission_priority": 0.1303,
        "estimated_landing_time": 852.0,
        "wait_time": 0,
        "Landing_success_rate": 1.0
    },
    {
        "model": 2,
        "sequence": 22,
        "status": 1,
        "fuel": 6757,
        "fault": 0.5108,
        "weapon": 0,
        "pilot_injury": 0.0895,
        "pilot_skill": 0.7416,
        "mission_priority": 0.095,
        "estimated_landing_time": 2074.0,
        "wait_time": 0,
        "Landing_success_rate": 1.0
    },
    {
        "model": 0,
        "sequence": 16,
        "status": 1,
        "fuel": 6858,
        "fault": 0.1408,
        "weapon": 1,
        "pilot_injury": 0.3497,
        "pilot_skill": 0.3124,
        "mission_priority": 0.933,
        "estimated_landing_time": 1510.0,
        "wait_time": 0,
        "Landing_success_rate": 1.0
    },
    {
        "model": 0,
        "sequence": 17,
        "status": 1,
        "fuel": 5529,
        "fault": 0.3455,
        "weapon": 0,
        "pilot_injury": 0.6529,
        "pilot_skill": 0.6875,
        "mission_priority": 0.453,
        "estimated_landing_time": 1604.0,
        "wait_time": 0,
        "Landing_success_rate": 1.0
    }
]