[
    {
        "model": 2,
        "sequence": 12,
        "status": 1,
        "fuel": 7137,
        "fault": 0.4553,
        "weapon": 0,
        "pilot_injury": 0.8212,
        "pilot_skill": 0.3357,
        "mission_priority": 0.0487,
        "estimated_landing_time": 1134.0,
        "wait_time": 0,
        "Landing_success_rate": 1.0
    },
    {
        "model": 2,
        "sequence": 4,
        "status": 1,
        "fuel": 6276,
        "fault": 0.8835,
        "weapon": 0,
        "pilot_injury": 0.3389,
        "pilot_skill": 0.7159,
        "mission_priority": 0.322,
        "estimated_landing_time": 382.0,
        "wait_time": 0,
        "Landing_success_rate": 1.0
    },
    {
        "model": 0,
        "sequence": 9,
        "status": 1,
        "fuel": 6698,
        "fault": 0.0346,
        "weapon": 1,
        "pilot_injury": 0.8238,
        "pilot_skill": 0.1302,
        "mission_priority": 0.5545,
        "estimated_landing_time": 852.0,
        "wait_time": 0,
        "Landing_success_rate": 1.0
    },
    {
        "model": 1,
        "sequence": 2,
        "status": 1,
        "fuel": 7224,
        "fault": 0.94,
        "weapon": 1,
        "pilot_injury": 0.3787,
        "pilot_skill": 0.6579,
        "mission_priority": 0.275,
        "estimated_landing_time": 194.0,
        "wait_time": 0,
        "Landing_success_rate": 1.0
    },
    {
        "model": 2,
        "sequence": 14,
        "status": 1,
        "fuel": 7474,
        "fault": 0.9481,
        "weapon": 0,
        "pilot_injury": 0.8413,
        "pilot_skill": 0.819,
        "mission_priority": 0.0023,
        "estimated_landing_time": 1322.0,
        "wait_time": 0,
        "Landing_success_rate": 1.0
    },
    {
        "model": 2,
        "sequence": 28,
        "status": 1,
        "fuel": 5574,
        "fault": 0.9801,
        "weapon": 0,
        "pilot_injury": 0.8524,
        "pilot_skill": 0.0489,
        "mission_priority": 0.6282,
        "estimated_landing_time": 2638.0,
        "wait_time": 0,
        "Landing_success_rate": 1.0
    },
    {
        "model": 2,
        "sequence": 25,
        "status": 1,
        "fuel": 7279,
        "fault": 0.895,
        "weapon": 0,
        "pilot_injury": 0.2053,
        "pilot_skill": 0.4678,
        "mission_priority": 0.9626,
        "estimated_landing_time": 2356.0,
        "wait_time": 0,
        "Landing_success_rate": 1.0
    },
    {
        "model": 1,
        "sequence": 18,
        "status": 1,
        "fuel": 5660,
        "fault": 0.633,
        "weapon": 0,
        "pilot_injury": 0.0209,
        "pilot_skill": 0.5567,
        "mission_priority": 0.3488,
        "estimated_landing_time": 1698.0,
        "wait_time": 0,
        "Landing_success_rate": 1.0
    },
    {
        "model": 2,
        "sequence": 30,
        "status": 1,
        "fuel": 7016,
        "fault": 0.1084,
        "weapon": 1,
        "pilot_injury": 0.3414,
        "pilot_skill": 0.0387,
        "mission_priority": 0.7255,
        "estimated_landing_time": 2826.0,
        "wait_time": 0,
        "Landing_success_rate": 1.0
    },
    {
        "model": 0,
        "sequence": 23,
        "status": 1,
        "fuel": 7035,
        "fault": 0.089,
        "weapon": 1,
        "pilot_injury": 0.8408,
        "pilot_skill": 0.2032,
        "mission_priority": 0.2862,
        "estimated_landing_time": 2168.0,
        "wait_time": 0,
        "Landing_success_rate": 1.0
    },
    {
        "model": 2,
        "sequence": 11,
        "status": 1,
        "fuel": 7353,
        "fault": 0.1118,
        "weapon": 1,
        "pilot_injury": 0.8835,
        "pilot_skill": 0.4906,
        "mission_priority": 0.3247,
        "estimated_landing_time": 1040.0,
        "wait_time": 0,
        "Landing_success_rate": 1.0
    },
    {
        "model": 0,
        "sequence": 29,
        "status": 1,
        "fuel": 6500,
        "fault": 0.3251,
        "weapon": 1,
        "pilot_injury": 0.9,
        "pilot_skill": 0.0192,
        "mission_priority": 0.2401,
        "estimated_landing_time": 2732.0,
        "wait_time": 0,
        "Landing_success_rate": 1.0
    },
    {
        "model": 0,
        "sequence": 15,
        "status": 1,
        "fuel": 7387,
        "fault": 0.5479,
        "weapon": 1,
        "pilot_injury": 0.8496,
        "pilot_skill": 0.5719,
        "mission_priority": 0.3467,
        "estimated_landing_time": 1416.0,
        "wait_time": 0,
        "Landing_success_rate": 1.0
    },
    {
        "model": 1,
        "sequence": 1,
        "status": 1,
        "fuel": 5675,
        "fault": 0.2521,
        "weapon": 1,
        "pilot_injury": 0.1747,
        "pilot_skill": 0.5334,
        "mission_priority": 0.0181,
        "estimated_landing_time": 100.0,
        "wait_time": 0,
        "Landing_success_rate": 1.0
    },
    {
        "model": 1,
        "sequence": 10,
        "status": 1,
        "fuel": 5948,
        "fault": 0.6969,
        "weapon": 0,
        "pilot_injury": 0.7233,
        "pilot_skill": 0.1383,
        "mission_priority": 0.5334,
        "estimated_landing_time": 946.0,
        "wait_time": 0,
        "Landing_success_rate": 1.0
    },
    {
        "model": 2,
        "sequence": 26,
        "status": 1,
        "fuel": 7134,
        "fault": 0.8823,
        "weapon": 1,
        "pilot_injury": 0.7002,
        "pilot_skill": 0.8899,
        "mission_priority": 0.0034,
        "estimated_landing_time": 2450.0,
        "wait_time": 0,
        "Landing_success_rate": 1.0
    },
    {
        "model": 0,
        "sequence": 17,
        "status": 1,
        "fuel": 5786,
        "fault": 0.0123,
        "weapon": 1,
        "pilot_injury": 0.4369,
        "pilot_skill": 0.4364,
        "mission_priority": 0.5186,
        "estimated_landing_time": 1604.0,
        "wait_time": 0,
        "Landing_success_rate": 1.0
    },
    {
        "model": 0,
        "sequence": 21,
        "status": 1,
        "fuel": 6931,
        "fault": 0.7253,
        "weapon": 1,
        "pilot_injury": 0.3,
        "pilot_skill": 0.5978,
        "mission_priority": 0.0053,
        "estimated_landing_time": 1980.0,
        "wait_time": 0,
        "Landing_success_rate": 1.0
    },
    {
        "model": 1,
        "sequence": 8,
        "status": 1,
        "fuel": 6121,
        "fault": 0.3209,
        "weapon": 1,
        "pilot_injury": 0.3136,
        "pilot_skill": 0.1262,
        "mission_priority": 0.07,
        "estimated_landing_time": 758.0,
        "wait_time": 0,
        "Landing_success_rate": 1.0
    },
    {
        "model": 2,
        "sequence": 6,
        "status": 1,
        "fuel": 6888,
        "fault": 0.9888,
        "weapon": 1,
        "pilot_injury": 0.8253,
        "pilot_skill": 0.8927,
        "mission_priority": 0.5061,
        "estimated_landing_time": 570.0,
        "wait_time": 0,
        "Landing_success_rate": 1.0
    },
    {
        "model": 2,
        "sequence": 16,
        "status": 1,
        "fuel": 5981,
        "fault": 0.994,
        "weapon": 0,
        "pilot_injury": 0.6447,
        "pilot_skill": 0.5302,
        "mission_priority": 0.5943,
        "estimated_landing_time": 1510.0,
        "wait_time": 0,
        "Landing_success_rate": 1.0
    },
    {
        "model": 0,
        "sequence": 22,
        "status": 1,
        "fuel": 6339,
        "fault": 0.0207,
        "weapon": 1,
        "pilot_injury": 0.7213,
        "pilot_skill": 0.3149,
        "mission_priority": 0.335,
        "estimated_landing_time": 2074.0,
        "wait_time": 0,
        "Landing_success_rate": 1.0
    },
    {
        "model": 2,
        "sequence": 3,
        "status": 1,
        "fuel": 6830,
        "fault": 0.5389,
        "weapon": 0,
        "pilot_injury": 0.9914,
        "pilot_skill": 0.4678,
        "mission_priority": 0.7751,
        "estimated_landing_time": 288.0,
        "wait_time": 0,
        "Landing_success_rate": 1.0
    },
    {
        "model": 2,
        "sequence": 13,
        "status": 1,
        "fuel": 6498,
        "fault": 0.499,
        "weapon": 0,
        "pilot_injury": 0.3817,
        "pilot_skill": 0.8899,
        "mission_priority": 0.9325,
        "estimated_landing_time": 1228.0,
        "wait_time": 0,
        "Landing_success_rate": 1.0
    },
    {
        "model": 0,
        "sequence": 5,
        "status": 1,
        "fuel": 6339,
        "fault": 0.1009,
        "weapon": 1,
        "pilot_injury": 0.4666,
        "pilot_skill": 0.0169,
        "mission_priority": 0.518,
        "estimated_landing_time": 476.0,
        "wait_time": 0,
        "Landing_success_rate": 1.0
    },
    {
        "model": 1,
        "sequence": 24,
        "status": 1,
        "fuel": 6951,
        "fault": 0.3477,
        "weapon": 0,
        "pilot_injury": 0.337,
        "pilot_skill": 0.579,
        "mission_priority": 0.1768,
        "estimated_landing_time": 2262.0,
        "wait_time": 0,
        "Landing_success_rate": 1.0
    },
    {
        "model": 2,
        "sequence": 20,
        "status": 1,
        "fuel": 6429,
        "fault": 0.3602,
        "weapon": 1,
        "pilot_injury": 0.7856,
        "pilot_skill": 0.5794,
        "mission_priority": 0.8301,
        "estimated_landing_time": 1886.0,
        "wait_time": 0,
        "Landing_success_rate": 1.0
    },
    {
        "model": 1,
        "sequence": 27,
        "status": 1,
        "fuel": 6564,
        "fault": 0.9764,
        "weapon": 0,
        "pilot_injury": 0.1483,
        "pilot_skill": 0.4596,
        "mission_priority": 0.8623,
        "estimated_landing_time": 2544.0,
        "wait_time": 0,
        "Landing_success_rate": 1.0
    },
    {
        "model": 2,
        "sequence": 7,
        "status": 1,
        "fuel": 5524,
        "fault": 0.4863,
        "weapon": 0,
        "pilot_injury": 0.4125,
        "pilot_skill": 0.0667,
        "mission_priority": 0.5504,
        "estimated_landing_time": 664.0,
        "wait_time": 0,
        "Landing_success_rate": 1.0
    },
    {
        "model": 1,
        "sequence": 19,
        "status": 1,
        "fuel": 5861,
        "fault": 0.6426,
        "weapon": 0,
        "pilot_injury": 0.9432,
        "pilot_skill": 0.6653,
        "mission_priority": 0.1195,
        "estimated_landing_time": 1792.0,
        "wait_time": 0,
        "Landing_success_rate": 1.0
    }
]