[
    {
        "model": 1,
        "sequence": 15,
        "status": 1,
        "fuel": 6147,
        "fault": 0.721,
        "weapon": 1,
        "pilot_injury": 0.4209,
        "pilot_skill": 0.3221,
        "mission_priority": 0.1647,
        "estimated_landing_time": 1416.0,
        "wait_time": 0,
        "Landing_success_rate": 1.0
    },
    {
        "model": 2,
        "sequence": 12,
        "status": 1,
        "fuel": 6712,
        "fault": 0.7739,
        "weapon": 1,
        "pilot_injury": 0.1054,
        "pilot_skill": 0.4765,
        "mission_priority": 0.8147,
        "estimated_landing_time": 1134.0,
        "wait_time": 0,
        "Landing_success_rate": 1.0
    },
    {
        "model": 2,
        "sequence": 11,
        "status": 1,
        "fuel": 6311,
        "fault": 0.5248,
        "weapon": 0,
        "pilot_injury": 0.9611,
        "pilot_skill": 0.2862,
        "mission_priority": 0.7057,
        "estimated_landing_time": 1040.0,
        "wait_time": 0,
        "Landing_success_rate": 1.0
    },
    {
        "model": 1,
        "sequence": 14,
        "status": 1,
        "fuel": 5654,
        "fault": 0.1014,
        "weapon": 1,
        "pilot_injury": 0.5725,
        "pilot_skill": 0.1783,
        "mission_priority": 0.6526,
        "estimated_landing_time": 1322.0,
        "wait_time": 0,
        "Landing_success_rate": 1.0
    },
    {
        "model": 1,
        "sequence": 27,
        "status": 1,
        "fuel": 6114,
        "fault": 0.1334,
        "weapon": 0,
        "pilot_injury": 0.5414,
        "pilot_skill": 0.8427,
        "mission_priority": 0.2136,
        "estimated_landing_time": 2544.0,
        "wait_time": 0,
        "Landing_success_rate": 1.0
    },
    {
        "model": 0,
        "sequence": 21,
        "status": 1,
        "fuel": 6876,
        "fault": 0.7808,
        "weapon": 1,
        "pilot_injury": 0.4445,
        "pilot_skill": 0.7818,
        "mission_priority": 0.9596,
        "estimated_landing_time": 1980.0,
        "wait_time": 0,
        "Landing_success_rate": 1.0
    },
    {
        "model": 1,
        "sequence": 18,
        "status": 1,
        "fuel": 7120,
        "fault": 0.384,
        "weapon": 0,
        "pilot_injury": 0.7942,
        "pilot_skill": 0.9309,
        "mission_priority": 0.2451,
        "estimated_landing_time": 1698.0,
        "wait_time": 0,
        "Landing_success_rate": 1.0
    },
    {
        "model": 0,
        "sequence": 7,
        "status": 1,
        "fuel": 6503,
        "fault": 0.4371,
        "weapon": 0,
        "pilot_injury": 0.0266,
        "pilot_skill": 0.5923,
        "mission_priority": 0.6332,
        "estimated_landing_time": 664.0,
        "wait_time": 0,
        "Landing_success_rate": 1.0
    },
    {
        "model": 2,
        "sequence": 1,
        "status": 1,
        "fuel": 7437,
        "fault": 0.0971,
        "weapon": 1,
        "pilot_injury": 0.0217,
        "pilot_skill": 0.2937,
        "mission_priority": 0.3578,
        "estimated_landing_time": 100.0,
        "wait_time": 0,
        "Landing_success_rate": 1.0
    },
    {
        "model": 0,
        "sequence": 17,
        "status": 1,
        "fuel": 5694,
        "fault": 0.6279,
        "weapon": 0,
        "pilot_injury": 0.2275,
        "pilot_skill": 0.3375,
        "mission_priority": 0.2928,
        "estimated_landing_time": 1604.0,
        "wait_time": 0,
        "Landing_success_rate": 1.0
    },
    {
        "model": 2,
        "sequence": 25,
        "status": 1,
        "fuel": 6109,
        "fault": 0.6543,
        "weapon": 1,
        "pilot_injury": 0.2985,
        "pilot_skill": 0.3766,
        "mission_priority": 0.8153,
        "estimated_landing_time": 2356.0,
        "wait_time": 0,
        "Landing_success_rate": 1.0
    },
    {
        "model": 1,
        "sequence": 24,
        "status": 1,
        "fuel": 6166,
        "fault": 0.6892,
        "weapon": 0,
        "pilot_injury": 0.7079,
        "pilot_skill": 0.2972,
        "mission_priority": 0.9365,
        "estimated_landing_time": 2262.0,
        "wait_time": 0,
        "Landing_success_rate": 1.0
    },
    {
        "model": 0,
        "sequence": 8,
        "status": 1,
        "fuel": 5554,
        "fault": 0.9761,
        "weapon": 1,
        "pilot_injury": 0.6622,
        "pilot_skill": 0.1549,
        "mission_priority": 0.5776,
        "estimated_landing_time": 758.0,
        "wait_time": 0,
        "Landing_success_rate": 1.0
    },
    {
        "model": 0,
        "sequence": 5,
        "status": 1,
        "fuel": 6554,
        "fault": 0.5687,
        "weapon": 0,
        "pilot_injury": 0.6032,
        "pilot_skill": 0.8843,
        "mission_priority": 0.1407,
        "estimated_landing_time": 476.0,
        "wait_time": 0,
        "Landing_success_rate": 1.0
    },
    {
        "model": 0,
        "sequence": 4,
        "status": 1,
        "fuel": 7397,
        "fault": 0.4943,
        "weapon": 1,
        "pilot_injury": 0.7419,
        "pilot_skill": 0.9896,
        "mission_priority": 0.0937,
        "estimated_landing_time": 382.0,
        "wait_time": 0,
        "Landing_success_rate": 1.0
    },
    {
        "model": 1,
        "sequence": 2,
        "status": 1,
        "fuel": 5716,
        "fault": 0.9191,
        "weapon": 0,
        "pilot_injury": 0.7376,
        "pilot_skill": 0.8979,
        "mission_priority": 0.7291,
        "estimated_landing_time": 194.0,
        "wait_time": 0,
        "Landing_success_rate": 1.0
    },
    {
        "model": 2,
        "sequence": 23,
        "status": 1,
        "fuel": 6297,
        "fault": 0.7008,
        "weapon": 1,
        "pilot_injury": 0.3558,
        "pilot_skill": 0.5078,
        "mission_priority": 0.6495,
        "estimated_landing_time": 2168.0,
        "wait_time": 0,
        "Landing_success_rate": 1.0
    },
    {
        "model": 0,
        "sequence": 30,
        "status": 1,
        "fuel": 7348,
        "fault": 0.5447,
        "weapon": 0,
        "pilot_injury": 0.1571,
        "pilot_skill": 0.3962,
        "mission_priority": 0.0665,
        "estimated_landing_time": 2826.0,
        "wait_time": 0,
        "Landing_success_rate": 1.0
    },
    {
        "model": 2,
        "sequence": 9,
        "status": 1,
        "fuel": 7206,
        "fault": 0.7135,
        "weapon": 0,
        "pilot_injury": 0.6674,
        "pilot_skill": 0.9552,
        "mission_priority": 0.9321,
        "estimated_landing_time": 852.0,
        "wait_time": 0,
        "Landing_success_rate": 1.0
    },
    {
        "model": 2,
        "sequence": 3,
        "status": 1,
        "fuel": 5812,
        "fault": 0.7944,
        "weapon": 0,
        "pilot_injury": 0.0253,
        "pilot_skill": 0.5026,
        "mission_priority": 0.8611,
        "estimated_landing_time": 288.0,
        "wait_time": 0,
        "Landing_success_rate": 1.0
    },
    {
        "model": 2,
        "sequence": 29,
        "status": 1,
        "fuel": 6766,
        "fault": 0.7494,
        "weapon": 1,
        "pilot_injury": 0.7204,
        "pilot_skill": 0.3677,
        "mission_priority": 0.7029,
        "estimated_landing_time": 2732.0,
        "wait_time": 0,
        "Landing_success_rate": 1.0
    },
    {
        "model": 0,
        "sequence": 13,
        "status": 1,
        "fuel": 6060,
        "fault": 0.1894,
        "weapon": 0,
        "pilot_injury": 0.7352,
        "pilot_skill": 0.5998,
        "mission_priority": 0.8448,
        "estimated_landing_time": 1228.0,
        "wait_time": 0,
        "Landing_success_rate": 1.0
    },
    {
        "model": 2,
        "sequence": 16,
        "status": 1,
        "fuel": 6120,
        "fault": 0.318,
        "weapon": 0,
        "pilot_injury": 0.1412,
        "pilot_skill": 0.5849,
        "mission_priority": 0.2709,
        "estimated_landing_time": 1510.0,
        "wait_time": 0,
        "Landing_success_rate": 1.0
    },
    {
        "model": 0,
        "sequence": 22,
        "status": 1,
        "fuel": 6980,
        "fault": 0.9836,
        "weapon": 1,
        "pilot_injury": 0.7573,
        "pilot_skill": 0.6452,
        "mission_priority": 0.9886,
        "estimated_landing_time": 2074.0,
        "wait_time": 0,
        "Landing_success_rate": 1.0
    },
    {
        "model": 2,
        "sequence": 6,
        "status": 1,
        "fuel": 7269,
        "fault": 0.5712,
        "weapon": 1,
        "pilot_injury": 0.0555,
        "pilot_skill": 0.3575,
        "mission_priority": 0.3435,
        "estimated_landing_time": 570.0,
        "wait_time": 0,
        "Landing_success_rate": 1.0
    },
    {
        "model": 2,
        "sequence": 28,
        "status": 1,
        "fuel": 6332,
        "fault": 0.6705,
        "weapon": 0,
        "pilot_injury": 0.2436,
        "pilot_skill": 0.3676,
        "mission_priority": 0.8595,
        "estimated_landing_time": 2638.0,
        "wait_time": 0,
        "Landing_success_rate": 1.0
    },
    {
        "model": 0,
        "sequence": 20,
        "status": 1,
        "fuel": 5714,
        "fault": 0.8012,
        "weapon": 1,
        "pilot_injury": 0.276,
        "pilot_skill": 0.903,
        "mission_priority": 0.4313,
        "estimated_landing_time": 1886.0,
        "wait_time": 0,
        "Landing_success_rate": 1.0
    },
    {
        "model": 0,
        "sequence": 26,
        "status": 1,
        "fuel": 5614,
        "fault": 0.2903,
        "weapon": 0,
        "pilot_injury": 0.7704,
        "pilot_skill": 0.4,
        "mission_priority": 0.6209,
        "estimated_landing_time": 2450.0,
        "wait_time": 0,
        "Landing_success_rate": 1.0
    },
    {
        "model": 1,
        "sequence": 19,
        "status": 1,
        "fuel": 6512,
        "fault": 0.9397,
        "weapon": 1,
        "pilot_injury": 0.3159,
        "pilot_skill": 0.9963,
        "mission_priority": 0.8106,
        "estimated_landing_time": 1792.0,
        "wait_time": 0,
        "Landing_success_rate": 1.0
    },
    {
        "model": 1,
        "sequence": 10,
        "status": 1,
        "fuel": 6323,
        "fault": 0.2227,
        "weapon": 1,
        "pilot_injury": 0.6161,
        "pilot_skill": 0.3004,
        "mission_priority": 0.2129,
        "estimated_landing_time": 946.0,
        "wait_time": 0,
        "Landing_success_rate": 1.0
    }
]