[
    {
        "model": 0,
        "sequence": 2,
        "status": 1,
        "fuel": 5807,
        "fault": 0.6294,
        "weapon": 0,
        "pilot_injury": 0.2073,
        "pilot_skill": 0.3822,
        "mission_priority": 0.87,
        "estimated_landing_time": 194.0,
        "wait_time": 0,
        "Landing_success_rate": 1.0
    },
    {
        "model": 0,
        "sequence": 23,
        "status": 1,
        "fuel": 6840,
        "fault": 0.6299,
        "weapon": 0,
        "pilot_injury": 0.386,
        "pilot_skill": 0.9733,
        "mission_priority": 0.5254,
        "estimated_landing_time": 2168.0,
        "wait_time": 0,
        "Landing_success_rate": 1.0
    },
    {
        "model": 1,
        "sequence": 11,
        "status": 1,
        "fuel": 6004,
        "fault": 0.0644,
        "weapon": 1,
        "pilot_injury": 0.8325,
        "pilot_skill": 0.6048,
        "mission_priority": 0.1756,
        "estimated_landing_time": 1040.0,
        "wait_time": 0,
        "Landing_success_rate": 1.0
    },
    {
        "model": 0,
        "sequence": 29,
        "status": 1,
        "fuel": 7317,
        "fault": 0.0683,
        "weapon": 1,
        "pilot_injury": 0.777,
        "pilot_skill": 0.7449,
        "mission_priority": 0.4902,
        "estimated_landing_time": 2732.0,
        "wait_time": 0,
        "Landing_success_rate": 1.0
    },
    {
        "model": 0,
        "sequence": 20,
        "status": 1,
        "fuel": 5685,
        "fault": 0.5971,
        "weapon": 0,
        "pilot_injury": 0.0375,
        "pilot_skill": 0.3682,
        "mission_priority": 0.1285,
        "estimated_landing_time": 1886.0,
        "wait_time": 0,
        "Landing_success_rate": 1.0
    },
    {
        "model": 2,
        "sequence": 13,
        "status": 1,
        "fuel": 6882,
        "fault": 0.0067,
        "weapon": 1,
        "pilot_injury": 0.2618,
        "pilot_skill": 0.4836,
        "mission_priority": 0.8878,
        "estimated_landing_time": 1228.0,
        "wait_time": 0,
        "Landing_success_rate": 1.0
    },
    {
        "model": 0,
        "sequence": 25,
        "status": 1,
        "fuel": 6098,
        "fault": 0.0993,
        "weapon": 1,
        "pilot_injury": 0.1688,
        "pilot_skill": 0.2851,
        "mission_priority": 0.5061,
        "estimated_landing_time": 2356.0,
        "wait_time": 0,
        "Landing_success_rate": 1.0
    },
    {
        "model": 1,
        "sequence": 21,
        "status": 1,
        "fuel": 7304,
        "fault": 0.3982,
        "weapon": 1,
        "pilot_injury": 0.4008,
        "pilot_skill": 0.8151,
        "mission_priority": 0.1161,
        "estimated_landing_time": 1980.0,
        "wait_time": 0,
        "Landing_success_rate": 1.0
    },
    {
        "model": 0,
        "sequence": 30,
        "status": 1,
        "fuel": 6706,
        "fault": 0.1957,
        "weapon": 0,
        "pilot_injury": 0.6869,
        "pilot_skill": 0.7946,
        "mission_priority": 0.0487,
        "estimated_landing_time": 2826.0,
        "wait_time": 0,
        "Landing_success_rate": 1.0
    },
    {
        "model": 1,
        "sequence": 4,
        "status": 1,
        "fuel": 5805,
        "fault": 0.7569,
        "weapon": 0,
        "pilot_injury": 0.5181,
        "pilot_skill": 0.2536,
        "mission_priority": 0.3717,
        "estimated_landing_time": 382.0,
        "wait_time": 0,
        "Landing_success_rate": 1.0
    },
    {
        "model": 1,
        "sequence": 5,
        "status": 1,
        "fuel": 7342,
        "fault": 0.1358,
        "weapon": 1,
        "pilot_injury": 0.6255,
        "pilot_skill": 0.5789,
        "mission_priority": 0.2105,
        "estimated_landing_time": 476.0,
        "wait_time": 0,
        "Landing_success_rate": 1.0
    },
    {
        "model": 0,
        "sequence": 10,
        "status": 1,
        "fuel": 7278,
        "fault": 0.7554,
        "weapon": 0,
        "pilot_injury": 0.1629,
        "pilot_skill": 0.6488,
        "mission_priority": 0.7902,
        "estimated_landing_time": 946.0,
        "wait_time": 0,
        "Landing_success_rate": 1.0
    },
    {
        "model": 1,
        "sequence": 6,
        "status": 1,
        "fuel": 6648,
        "fault": 0.791,
        "weapon": 0,
        "pilot_injury": 0.4443,
        "pilot_skill": 0.5683,
        "mission_priority": 0.0695,
        "estimated_landing_time": 570.0,
        "wait_time": 0,
        "Landing_success_rate": 1.0
    },
    {
        "model": 2,
        "sequence": 18,
        "status": 1,
        "fuel": 7045,
        "fault": 0.3496,
        "weapon": 1,
        "pilot_injury": 0.2492,
        "pilot_skill": 0.0938,
        "mission_priority": 0.5682,
        "estimated_landing_time": 1698.0,
        "wait_time": 0,
        "Landing_success_rate": 1.0
    },
    {
        "model": 2,
        "sequence": 14,
        "status": 1,
        "fuel": 6106,
        "fault": 0.9428,
        "weapon": 0,
        "pilot_injury": 0.6892,
        "pilot_skill": 0.4531,
        "mission_priority": 0.6858,
        "estimated_landing_time": 1322.0,
        "wait_time": 0,
        "Landing_success_rate": 1.0
    },
    {
        "model": 1,
        "sequence": 17,
        "status": 1,
        "fuel": 6096,
        "fault": 0.78,
        "weapon": 1,
        "pilot_injury": 0.6495,
        "pilot_skill": 0.6923,
        "mission_priority": 0.1945,
        "estimated_landing_time": 1604.0,
        "wait_time": 0,
        "Landing_success_rate": 1.0
    },
    {
        "model": 2,
        "sequence": 12,
        "status": 1,
        "fuel": 7055,
        "fault": 0.1701,
        "weapon": 1,
        "pilot_injury": 0.1573,
        "pilot_skill": 0.3174,
        "mission_priority": 0.9412,
        "estimated_landing_time": 1134.0,
        "wait_time": 0,
        "Landing_success_rate": 1.0
    },
    {
        "model": 0,
        "sequence": 8,
        "status": 1,
        "fuel": 7005,
        "fault": 0.2886,
        "weapon": 0,
        "pilot_injury": 0.5788,
        "pilot_skill": 0.9687,
        "mission_priority": 0.2571,
        "estimated_landing_time": 758.0,
        "wait_time": 0,
        "Landing_success_rate": 1.0
    },
    {
        "model": 0,
        "sequence": 16,
        "status": 1,
        "fuel": 7230,
        "fault": 0.7301,
        "weapon": 0,
        "pilot_injury": 0.3525,
        "pilot_skill": 0.9961,
        "mission_priority": 0.8172,
        "estimated_landing_time": 1510.0,
        "wait_time": 0,
        "Landing_success_rate": 1.0
    },
    {
        "model": 0,
        "sequence": 26,
        "status": 1,
        "fuel": 6642,
        "fault": 0.4591,
        "weapon": 0,
        "pilot_injury": 0.0841,
        "pilot_skill": 0.4827,
        "mission_priority": 0.3345,
        "estimated_landing_time": 2450.0,
        "wait_time": 0,
        "Landing_success_rate": 1.0
    },
    {
        "model": 1,
        "sequence": 7,
        "status": 1,
        "fuel": 6975,
        "fault": 0.7621,
        "weapon": 1,
        "pilot_injury": 0.991,
        "pilot_skill": 0.0029,
        "mission_priority": 0.4261,
        "estimated_landing_time": 664.0,
        "wait_time": 0,
        "Landing_success_rate": 1.0
    },
    {
        "model": 0,
        "sequence": 24,
        "status": 1,
        "fuel": 5944,
        "fault": 0.3963,
        "weapon": 1,
        "pilot_injury": 0.0504,
        "pilot_skill": 0.7668,
        "mission_priority": 0.8678,
        "estimated_landing_time": 2262.0,
        "wait_time": 0,
        "Landing_success_rate": 1.0
    },
    {
        "model": 0,
        "sequence": 15,
        "status": 1,
        "fuel": 6468,
        "fault": 0.0361,
        "weapon": 1,
        "pilot_injury": 0.9789,
        "pilot_skill": 0.4123,
        "mission_priority": 0.6326,
        "estimated_landing_time": 1416.0,
        "wait_time": 0,
        "Landing_success_rate": 1.0
    },
    {
        "model": 1,
        "sequence": 27,
        "status": 1,
        "fuel": 6938,
        "fault": 0.5698,
        "weapon": 1,
        "pilot_injury": 0.3529,
        "pilot_skill": 0.5038,
        "mission_priority": 0.1326,
        "estimated_landing_time": 2544.0,
        "wait_time": 0,
        "Landing_success_rate": 1.0
    },
    {
        "model": 2,
        "sequence": 22,
        "status": 1,
        "fuel": 6850,
        "fault": 0.5708,
        "weapon": 0,
        "pilot_injury": 0.2125,
        "pilot_skill": 0.9836,
        "mission_priority": 0.0056,
        "estimated_landing_time": 2074.0,
        "wait_time": 0,
        "Landing_success_rate": 1.0
    },
    {
        "model": 0,
        "sequence": 1,
        "status": 1,
        "fuel": 6024,
        "fault": 0.1412,
        "weapon": 0,
        "pilot_injury": 0.56,
        "pilot_skill": 0.8884,
        "mission_priority": 0.6578,
        "estimated_landing_time": 100.0,
        "wait_time": 0,
        "Landing_success_rate": 1.0
    },
    {
        "model": 1,
        "sequence": 28,
        "status": 1,
        "fuel": 6591,
        "fault": 0.2121,
        "weapon": 1,
        "pilot_injury": 0.2651,
        "pilot_skill": 0.1103,
        "mission_priority": 0.4326,
        "estimated_landing_time": 2638.0,
        "wait_time": 0,
        "Landing_success_rate": 1.0
    },
    {
        "model": 2,
        "sequence": 19,
        "status": 1,
        "fuel": 6270,
        "fault": 0.8804,
        "weapon": 0,
        "pilot_injury": 0.6257,
        "pilot_skill": 0.3325,
        "mission_priority": 0.6226,
        "estimated_landing_time": 1792.0,
        "wait_time": 0,
        "Landing_success_rate": 1.0
    },
    {
        "model": 2,
        "sequence": 3,
        "status": 1,
        "fuel": 5535,
        "fault": 0.4166,
        "weapon": 1,
        "pilot_injury": 0.1138,
        "pilot_skill": 0.158,
        "mission_priority": 0.0457,
        "estimated_landing_time": 288.0,
        "wait_time": 0,
        "Landing_success_rate": 1.0
    },
    {
        "model": 2,
        "sequence": 9,
        "status": 1,
        "fuel": 6113,
        "fault": 0.7789,
        "weapon": 1,
        "pilot_injury": 0.2766,
        "pilot_skill": 0.2056,
        "mission_priority": 0.3535,
        "estimated_landing_time": 852.0,
        "wait_time": 0,
        "Landing_success_rate": 1.0
    }
]