[
    {
        "model": 0,
        "sequence": 1,
        "status": 1,
        "fuel": 6256,
        "fault": 0.3666,
        "weapon": 1,
        "pilot_injury": 0.2483,
        "pilot_skill": 0.8113,
        "mission_priority": 0.6222,
        "estimated_landing_time": 100.0,
        "wait_time": 0,
        "Landing_success_rate": 1.0
    },
    {
        "model": 1,
        "sequence": 20,
        "status": 1,
        "fuel": 6498,
        "fault": 0.5582,
        "weapon": 0,
        "pilot_injury": 0.7352,
        "pilot_skill": 0.5017,
        "mission_priority": 0.0442,
        "estimated_landing_time": 1886.0,
        "wait_time": 0,
        "Landing_success_rate": 1.0
    },
    {
        "model": 0,
        "sequence": 17,
        "status": 1,
        "fuel": 7161,
        "fault": 0.777,
        "weapon": 1,
        "pilot_injury": 0.8135,
        "pilot_skill": 0.9359,
        "mission_priority": 0.1383,
        "estimated_landing_time": 1604.0,
        "wait_time": 0,
        "Landing_success_rate": 1.0
    },
    {
        "model": 1,
        "sequence": 26,
        "status": 1,
        "fuel": 5739,
        "fault": 0.9746,
        "weapon": 0,
        "pilot_injury": 0.5156,
        "pilot_skill": 0.727,
        "mission_priority": 0.5204,
        "estimated_landing_time": 2450.0,
        "wait_time": 0,
        "Landing_success_rate": 1.0
    },
    {
        "model": 2,
        "sequence": 21,
        "status": 1,
        "fuel": 6514,
        "fault": 0.6493,
        "weapon": 1,
        "pilot_injury": 0.768,
        "pilot_skill": 0.0894,
        "mission_priority": 0.2317,
        "estimated_landing_time": 1980.0,
        "wait_time": 0,
        "Landing_success_rate": 1.0
    },
    {
        "model": 0,
        "sequence": 22,
        "status": 1,
        "fuel": 6396,
        "fault": 0.2419,
        "weapon": 1,
        "pilot_injury": 0.4076,
        "pilot_skill": 0.0298,
        "mission_priority": 0.2269,
        "estimated_landing_time": 2074.0,
        "wait_time": 0,
        "Landing_success_rate": 1.0
    },
    {
        "model": 2,
        "sequence": 29,
        "status": 1,
        "fuel": 6327,
        "fault": 0.142,
        "weapon": 0,
        "pilot_injury": 0.89,
        "pilot_skill": 0.6985,
        "mission_priority": 0.5945,
        "estimated_landing_time": 2732.0,
        "wait_time": 0,
        "Landing_success_rate": 1.0
    },
    {
        "model": 2,
        "sequence": 3,
        "status": 1,
        "fuel": 6355,
        "fault": 0.0211,
        "weapon": 1,
        "pilot_injury": 0.742,
        "pilot_skill": 0.3302,
        "mission_priority": 0.4429,
        "estimated_landing_time": 288.0,
        "wait_time": 0,
        "Landing_success_rate": 1.0
    },
    {
        "model": 0,
        "sequence": 5,
        "status": 1,
        "fuel": 5875,
        "fault": 0.0033,
        "weapon": 1,
        "pilot_injury": 0.4187,
        "pilot_skill": 0.905,
        "mission_priority": 0.0973,
        "estimated_landing_time": 476.0,
        "wait_time": 0,
        "Landing_success_rate": 1.0
    },
    {
        "model": 0,
        "sequence": 7,
        "status": 1,
        "fuel": 6458,
        "fault": 0.7866,
        "weapon": 1,
        "pilot_injury": 0.6468,
        "pilot_skill": 0.3247,
        "mission_priority": 0.8222,
        "estimated_landing_time": 664.0,
        "wait_time": 0,
        "Landing_success_rate": 1.0
    },
    {
        "model": 1,
        "sequence": 11,
        "status": 1,
        "fuel": 5863,
        "fault": 0.2769,
        "weapon": 1,
        "pilot_injury": 0.5512,
        "pilot_skill": 0.1288,
        "mission_priority": 0.3574,
        "estimated_landing_time": 1040.0,
        "wait_time": 0,
        "Landing_success_rate": 1.0
    },
    {
        "model": 0,
        "sequence": 8,
        "status": 1,
        "fuel": 5716,
        "fault": 0.2683,
        "weapon": 0,
        "pilot_injury": 0.4138,
        "pilot_skill": 0.3081,
        "mission_priority": 0.1544,
        "estimated_landing_time": 758.0,
        "wait_time": 0,
        "Landing_success_rate": 1.0
    },
    {
        "model": 1,
        "sequence": 4,
        "status": 1,
        "fuel": 5588,
        "fault": 0.4365,
        "weapon": 0,
        "pilot_injury": 0.559,
        "pilot_skill": 0.9312,
        "mission_priority": 0.9265,
        "estimated_landing_time": 382.0,
        "wait_time": 0,
        "Landing_success_rate": 1.0
    },
    {
        "model": 0,
        "sequence": 9,
        "status": 1,
        "fuel": 7406,
        "fault": 0.0266,
        "weapon": 1,
        "pilot_injury": 0.8049,
        "pilot_skill": 0.1099,
        "mission_priority": 0.845,
        "estimated_landing_time": 852.0,
        "wait_time": 0,
        "Landing_success_rate": 1.0
    },
    {
        "model": 2,
        "sequence": 10,
        "status": 1,
        "fuel": 6276,
        "fault": 0.9998,
        "weapon": 0,
        "pilot_injury": 0.3103,
        "pilot_skill": 0.793,
        "mission_priority": 0.9214,
        "estimated_landing_time": 946.0,
        "wait_time": 0,
        "Landing_success_rate": 1.0
    },
    {
        "model": 0,
        "sequence": 28,
        "status": 1,
        "fuel": 6554,
        "fault": 0.7288,
        "weapon": 0,
        "pilot_injury": 0.4726,
        "pilot_skill": 0.2797,
        "mission_priority": 0.8678,
        "estimated_landing_time": 2638.0,
        "wait_time": 0,
        "Landing_success_rate": 1.0
    },
    {
        "model": 0,
        "sequence": 12,
        "status": 1,
        "fuel": 6574,
        "fault": 0.2973,
        "weapon": 0,
        "pilot_injury": 0.6172,
        "pilot_skill": 0.084,
        "mission_priority": 0.8296,
        "estimated_landing_time": 1134.0,
        "wait_time": 0,
        "Landing_success_rate": 1.0
    },
    {
        "model": 1,
        "sequence": 18,
        "status": 1,
        "fuel": 5589,
        "fault": 0.9045,
        "weapon": 1,
        "pilot_injury": 0.1413,
        "pilot_skill": 0.5474,
        "mission_priority": 0.1274,
        "estimated_landing_time": 1698.0,
        "wait_time": 0,
        "Landing_success_rate": 1.0
    },
    {
        "model": 1,
        "sequence": 27,
        "status": 1,
        "fuel": 5766,
        "fault": 0.3957,
        "weapon": 1,
        "pilot_injury": 0.7933,
        "pilot_skill": 0.7966,
        "mission_priority": 0.1214,
        "estimated_landing_time": 2544.0,
        "wait_time": 0,
        "Landing_success_rate": 1.0
    },
    {
        "model": 2,
        "sequence": 19,
        "status": 1,
        "fuel": 7427,
        "fault": 0.1086,
        "weapon": 0,
        "pilot_injury": 0.3821,
        "pilot_skill": 0.0956,
        "mission_priority": 0.7644,
        "estimated_landing_time": 1792.0,
        "wait_time": 0,
        "Landing_success_rate": 1.0
    },
    {
        "model": 0,
        "sequence": 14,
        "status": 1,
        "fuel": 7236,
        "fault": 0.9043,
        "weapon": 0,
        "pilot_injury": 0.5321,
        "pilot_skill": 0.2691,
        "mission_priority": 0.4681,
        "estimated_landing_time": 1322.0,
        "wait_time": 0,
        "Landing_success_rate": 1.0
    },
    {
        "model": 1,
        "sequence": 30,
        "status": 1,
        "fuel": 5817,
        "fault": 0.0074,
        "weapon": 0,
        "pilot_injury": 0.8541,
        "pilot_skill": 0.4115,
        "mission_priority": 0.7152,
        "estimated_landing_time": 2826.0,
        "wait_time": 0,
        "Landing_success_rate": 1.0
    },
    {
        "model": 0,
        "sequence": 16,
        "status": 1,
        "fuel": 5850,
        "fault": 0.0772,
        "weapon": 1,
        "pilot_injury": 0.4613,
        "pilot_skill": 0.1836,
        "mission_priority": 0.3761,
        "estimated_landing_time": 1510.0,
        "wait_time": 0,
        "Landing_success_rate": 1.0
    },
    {
        "model": 2,
        "sequence": 2,
        "status": 1,
        "fuel": 5548,
        "fault": 0.1675,
        "weapon": 1,
        "pilot_injury": 0.0261,
        "pilot_skill": 0.2578,
        "mission_priority": 0.6826,
        "estimated_landing_time": 194.0,
        "wait_time": 0,
        "Landing_success_rate": 1.0
    },
    {
        "model": 1,
        "sequence": 24,
        "status": 1,
        "fuel": 7349,
        "fault": 0.7579,
        "weapon": 1,
        "pilot_injury": 0.6717,
        "pilot_skill": 0.34,
        "mission_priority": 0.3011,
        "estimated_landing_time": 2262.0,
        "wait_time": 0,
        "Landing_success_rate": 1.0
    },
    {
        "model": 2,
        "sequence": 23,
        "status": 1,
        "fuel": 6430,
        "fault": 0.1634,
        "weapon": 1,
        "pilot_injury": 0.5806,
        "pilot_skill": 0.6407,
        "mission_priority": 0.1145,
        "estimated_landing_time": 2168.0,
        "wait_time": 0,
        "Landing_success_rate": 1.0
    },
    {
        "model": 1,
        "sequence": 15,
        "status": 1,
        "fuel": 6202,
        "fault": 0.6238,
        "weapon": 1,
        "pilot_injury": 0.7183,
        "pilot_skill": 0.1955,
        "mission_priority": 0.5478,
        "estimated_landing_time": 1416.0,
        "wait_time": 0,
        "Landing_success_rate": 1.0
    },
    {
        "model": 0,
        "sequence": 25,
        "status": 1,
        "fuel": 7258,
        "fault": 0.2441,
        "weapon": 0,
        "pilot_injury": 0.4807,
        "pilot_skill": 0.5853,
        "mission_priority": 0.6925,
        "estimated_landing_time": 2356.0,
        "wait_time": 0,
        "Landing_success_rate": 1.0
    },
    {
        "model": 1,
        "sequence": 13,
        "status": 1,
        "fuel": 5505,
        "fault": 0.0819,
        "weapon": 0,
        "pilot_injury": 0.1565,
        "pilot_skill": 0.9488,
        "mission_priority": 0.0475,
        "estimated_landing_time": 1228.0,
        "wait_time": 0,
        "Landing_success_rate": 1.0
    },
    {
        "model": 2,
        "sequence": 6,
        "status": 1,
        "fuel": 6096,
        "fault": 0.2408,
        "weapon": 0,
        "pilot_injury": 0.7108,
        "pilot_skill": 0.6263,
        "mission_priority": 0.3406,
        "estimated_landing_time": 570.0,
        "wait_time": 0,
        "Landing_success_rate": 1.0
    }
]