[
    {
        "model": 2,
        "sequence": 2,
        "status": 1,
        "fuel": 6237,
        "fault": 0.868,
        "weapon": 1,
        "pilot_injury": 0.0872,
        "pilot_skill": 0.1662,
        "mission_priority": 0.9084,
        "estimated_landing_time": 194.0,
        "wait_time": 0,
        "Landing_success_rate": 1.0
    },
    {
        "model": 0,
        "sequence": 22,
        "status": 1,
        "fuel": 6419,
        "fault": 0.777,
        "weapon": 1,
        "pilot_injury": 0.3305,
        "pilot_skill": 0.3748,
        "mission_priority": 0.8584,
        "estimated_landing_time": 2074.0,
        "wait_time": 0,
        "Landing_success_rate": 1.0
    },
    {
        "model": 2,
        "sequence": 26,
        "status": 1,
        "fuel": 5840,
        "fault": 0.7658,
        "weapon": 0,
        "pilot_injury": 0.6389,
        "pilot_skill": 0.5411,
        "mission_priority": 0.9911,
        "estimated_landing_time": 2450.0,
        "wait_time": 0,
        "Landing_success_rate": 1.0
    },
    {
        "model": 0,
        "sequence": 30,
        "status": 1,
        "fuel": 5791,
        "fault": 0.2559,
        "weapon": 1,
        "pilot_injury": 0.6782,
        "pilot_skill": 0.0843,
        "mission_priority": 0.4852,
        "estimated_landing_time": 2826.0,
        "wait_time": 0,
        "Landing_success_rate": 1.0
    },
    {
        "model": 0,
        "sequence": 18,
        "status": 1,
        "fuel": 7294,
        "fault": 0.7419,
        "weapon": 0,
        "pilot_injury": 0.7556,
        "pilot_skill": 0.002,
        "mission_priority": 0.4252,
        "estimated_landing_time": 1698.0,
        "wait_time": 0,
        "Landing_success_rate": 1.0
    },
    {
        "model": 0,
        "sequence": 4,
        "status": 1,
        "fuel": 6319,
        "fault": 0.3404,
        "weapon": 0,
        "pilot_injury": 0.6986,
        "pilot_skill": 0.9256,
        "mission_priority": 0.3488,
        "estimated_landing_time": 382.0,
        "wait_time": 0,
        "Landing_success_rate": 1.0
    },
    {
        "model": 1,
        "sequence": 15,
        "status": 1,
        "fuel": 6221,
        "fault": 0.2046,
        "weapon": 0,
        "pilot_injury": 0.9962,
        "pilot_skill": 0.4272,
        "mission_priority": 0.4002,
        "estimated_landing_time": 1416.0,
        "wait_time": 0,
        "Landing_success_rate": 1.0
    },
    {
        "model": 1,
        "sequence": 23,
        "status": 1,
        "fuel": 5532,
        "fault": 0.2444,
        "weapon": 0,
        "pilot_injury": 0.5118,
        "pilot_skill": 0.1712,
        "mission_priority": 0.0729,
        "estimated_landing_time": 2168.0,
        "wait_time": 0,
        "Landing_success_rate": 1.0
    },
    {
        "model": 0,
        "sequence": 17,
        "status": 1,
        "fuel": 6095,
        "fault": 0.8989,
        "weapon": 0,
        "pilot_injury": 0.3253,
        "pilot_skill": 0.7899,
        "mission_priority": 0.8725,
        "estimated_landing_time": 1604.0,
        "wait_time": 0,
        "Landing_success_rate": 1.0
    },
    {
        "model": 2,
        "sequence": 6,
        "status": 1,
        "fuel": 6003,
        "fault": 0.5326,
        "weapon": 0,
        "pilot_injury": 0.1298,
        "pilot_skill": 0.1408,
        "mission_priority": 0.7969,
        "estimated_landing_time": 570.0,
        "wait_time": 0,
        "Landing_success_rate": 1.0
    },
    {
        "model": 2,
        "sequence": 13,
        "status": 1,
        "fuel": 6322,
        "fault": 0.3001,
        "weapon": 0,
        "pilot_injury": 0.5387,
        "pilot_skill": 0.3947,
        "mission_priority": 0.1238,
        "estimated_landing_time": 1228.0,
        "wait_time": 0,
        "Landing_success_rate": 1.0
    },
    {
        "model": 1,
        "sequence": 16,
        "status": 1,
        "fuel": 5931,
        "fault": 0.5235,
        "weapon": 1,
        "pilot_injury": 0.8114,
        "pilot_skill": 0.0284,
        "mission_priority": 0.1403,
        "estimated_landing_time": 1510.0,
        "wait_time": 0,
        "Landing_success_rate": 1.0
    },
    {
        "model": 0,
        "sequence": 21,
        "status": 1,
        "fuel": 7024,
        "fault": 0.9024,
        "weapon": 0,
        "pilot_injury": 0.6436,
        "pilot_skill": 0.5627,
        "mission_priority": 0.6521,
        "estimated_landing_time": 1980.0,
        "wait_time": 0,
        "Landing_success_rate": 1.0
    },
    {
        "model": 1,
        "sequence": 24,
        "status": 1,
        "fuel": 7223,
        "fault": 0.0665,
        "weapon": 1,
        "pilot_injury": 0.021,
        "pilot_skill": 0.008,
        "mission_priority": 0.2262,
        "estimated_landing_time": 2262.0,
        "wait_time": 0,
        "Landing_success_rate": 1.0
    },
    {
        "model": 2,
        "sequence": 12,
        "status": 1,
        "fuel": 7474,
        "fault": 0.0833,
        "weapon": 0,
        "pilot_injury": 0.8745,
        "pilot_skill": 0.1591,
        "mission_priority": 0.1091,
        "estimated_landing_time": 1134.0,
        "wait_time": 0,
        "Landing_success_rate": 1.0
    },
    {
        "model": 2,
        "sequence": 27,
        "status": 1,
        "fuel": 6170,
        "fault": 0.9477,
        "weapon": 1,
        "pilot_injury": 0.7922,
        "pilot_skill": 0.241,
        "mission_priority": 0.8798,
        "estimated_landing_time": 2544.0,
        "wait_time": 0,
        "Landing_success_rate": 1.0
    },
    {
        "model": 1,
        "sequence": 28,
        "status": 1,
        "fuel": 6887,
        "fault": 0.3849,
        "weapon": 1,
        "pilot_injury": 0.4632,
        "pilot_skill": 0.0677,
        "mission_priority": 0.5798,
        "estimated_landing_time": 2638.0,
        "wait_time": 0,
        "Landing_success_rate": 1.0
    },
    {
        "model": 0,
        "sequence": 1,
        "status": 1,
        "fuel": 5931,
        "fault": 0.6323,
        "weapon": 0,
        "pilot_injury": 0.6217,
        "pilot_skill": 0.3975,
        "mission_priority": 0.7902,
        "estimated_landing_time": 100.0,
        "wait_time": 0,
        "Landing_success_rate": 1.0
    },
    {
        "model": 1,
        "sequence": 29,
        "status": 1,
        "fuel": 6995,
        "fault": 0.2551,
        "weapon": 0,
        "pilot_injury": 0.0555,
        "pilot_skill": 0.3227,
        "mission_priority": 0.5281,
        "estimated_landing_time": 2732.0,
        "wait_time": 0,
        "Landing_success_rate": 1.0
    },
    {
        "model": 1,
        "sequence": 19,
        "status": 1,
        "fuel": 7103,
        "fault": 0.7232,
        "weapon": 0,
        "pilot_injury": 0.7972,
        "pilot_skill": 0.9002,
        "mission_priority": 0.281,
        "estimated_landing_time": 1792.0,
        "wait_time": 0,
        "Landing_success_rate": 1.0
    },
    {
        "model": 1,
        "sequence": 9,
        "status": 1,
        "fuel": 5730,
        "fault": 0.2054,
        "weapon": 0,
        "pilot_injury": 0.5234,
        "pilot_skill": 0.7976,
        "mission_priority": 0.3865,
        "estimated_landing_time": 852.0,
        "wait_time": 0,
        "Landing_success_rate": 1.0
    },
    {
        "model": 0,
        "sequence": 20,
        "status": 1,
        "fuel": 6811,
        "fault": 0.0745,
        "weapon": 1,
        "pilot_injury": 0.8447,
        "pilot_skill": 0.1083,
        "mission_priority": 0.0296,
        "estimated_landing_time": 1886.0,
        "wait_time": 0,
        "Landing_success_rate": 1.0
    },
    {
        "model": 0,
        "sequence": 3,
        "status": 1,
        "fuel": 6472,
        "fault": 0.812,
        "weapon": 1,
        "pilot_injury": 0.3643,
        "pilot_skill": 0.087,
        "mission_priority": 0.0966,
        "estimated_landing_time": 288.0,
        "wait_time": 0,
        "Landing_success_rate": 1.0
    },
    {
        "model": 2,
        "sequence": 5,
        "status": 1,
        "fuel": 7200,
        "fault": 0.1228,
        "weapon": 1,
        "pilot_injury": 0.2924,
        "pilot_skill": 0.4527,
        "mission_priority": 0.3882,
        "estimated_landing_time": 476.0,
        "wait_time": 0,
        "Landing_success_rate": 1.0
    },
    {
        "model": 0,
        "sequence": 11,
        "status": 1,
        "fuel": 6767,
        "fault": 0.2818,
        "weapon": 0,
        "pilot_injury": 0.7651,
        "pilot_skill": 0.0044,
        "mission_priority": 0.0996,
        "estimated_landing_time": 1040.0,
        "wait_time": 0,
        "Landing_success_rate": 1.0
    },
    {
        "model": 0,
        "sequence": 8,
        "status": 1,
        "fuel": 6245,
        "fault": 0.8747,
        "weapon": 0,
        "pilot_injury": 0.237,
        "pilot_skill": 0.879,
        "mission_priority": 0.11,
        "estimated_landing_time": 758.0,
        "wait_time": 0,
        "Landing_success_rate": 1.0
    },
    {
        "model": 0,
        "sequence": 25,
        "status": 1,
        "fuel": 5870,
        "fault": 0.1996,
        "weapon": 0,
        "pilot_injury": 0.162,
        "pilot_skill": 0.4638,
        "mission_priority": 0.326,
        "estimated_landing_time": 2356.0,
        "wait_time": 0,
        "Landing_success_rate": 1.0
    },
    {
        "model": 1,
        "sequence": 10,
        "status": 1,
        "fuel": 5567,
        "fault": 0.8307,
        "weapon": 0,
        "pilot_injury": 0.9637,
        "pilot_skill": 0.6581,
        "mission_priority": 0.3537,
        "estimated_landing_time": 946.0,
        "wait_time": 0,
        "Landing_success_rate": 1.0
    },
    {
        "model": 2,
        "sequence": 7,
        "status": 1,
        "fuel": 6338,
        "fault": 0.2061,
        "weapon": 0,
        "pilot_injury": 0.58,
        "pilot_skill": 0.4695,
        "mission_priority": 0.36,
        "estimated_landing_time": 664.0,
        "wait_time": 0,
        "Landing_success_rate": 1.0
    },
    {
        "model": 2,
        "sequence": 14,
        "status": 1,
        "fuel": 5625,
        "fault": 0.0352,
        "weapon": 1,
        "pilot_injury": 0.5328,
        "pilot_skill": 0.8544,
        "mission_priority": 0.2017,
        "estimated_landing_time": 1322.0,
        "wait_time": 0,
        "Landing_success_rate": 1.0
    }
]