[
    {
        "model": 0,
        "sequence": 8,
        "status": 1,
        "fuel": 5732,
        "fault": 0.1717,
        "weapon": 0,
        "pilot_injury": 0.7954,
        "pilot_skill": 0.613,
        "mission_priority": 0.8112,
        "estimated_landing_time": 758.0,
        "wait_time": 0,
        "Landing_success_rate": 1.0
    },
    {
        "model": 1,
        "sequence": 11,
        "status": 1,
        "fuel": 6635,
        "fault": 0.6531,
        "weapon": 1,
        "pilot_injury": 0.2068,
        "pilot_skill": 0.0048,
        "mission_priority": 0.1791,
        "estimated_landing_time": 1040.0,
        "wait_time": 0,
        "Landing_success_rate": 1.0
    },
    {
        "model": 2,
        "sequence": 18,
        "status": 1,
        "fuel": 6167,
        "fault": 0.8839,
        "weapon": 1,
        "pilot_injury": 0.1272,
        "pilot_skill": 0.4159,
        "mission_priority": 0.9995,
        "estimated_landing_time": 1698.0,
        "wait_time": 0,
        "Landing_success_rate": 1.0
    },
    {
        "model": 1,
        "sequence": 12,
        "status": 1,
        "fuel": 5979,
        "fault": 0.3902,
        "weapon": 0,
        "pilot_injury": 0.7019,
        "pilot_skill": 0.8943,
        "mission_priority": 0.6256,
        "estimated_landing_time": 1134.0,
        "wait_time": 0,
        "Landing_success_rate": 1.0
    },
    {
        "model": 2,
        "sequence": 17,
        "status": 1,
        "fuel": 6306,
        "fault": 0.1286,
        "weapon": 1,
        "pilot_injury": 0.3719,
        "pilot_skill": 0.9603,
        "mission_priority": 0.2675,
        "estimated_landing_time": 1604.0,
        "wait_time": 0,
        "Landing_success_rate": 1.0
    },
    {
        "model": 2,
        "sequence": 3,
        "status": 1,
        "fuel": 5838,
        "fault": 0.8691,
        "weapon": 1,
        "pilot_injury": 0.3924,
        "pilot_skill": 0.0209,
        "mission_priority": 0.7922,
        "estimated_landing_time": 288.0,
        "wait_time": 0,
        "Landing_success_rate": 1.0
    },
    {
        "model": 1,
        "sequence": 20,
        "status": 1,
        "fuel": 5783,
        "fault": 0.1241,
        "weapon": 0,
        "pilot_injury": 0.5056,
        "pilot_skill": 0.0084,
        "mission_priority": 0.8639,
        "estimated_landing_time": 1886.0,
        "wait_time": 0,
        "Landing_success_rate": 1.0
    },
    {
        "model": 0,
        "sequence": 7,
        "status": 1,
        "fuel": 6729,
        "fault": 0.023,
        "weapon": 1,
        "pilot_injury": 0.6778,
        "pilot_skill": 0.5486,
        "mission_priority": 0.8063,
        "estimated_landing_time": 664.0,
        "wait_time": 0,
        "Landing_success_rate": 1.0
    },
    {
        "model": 1,
        "sequence": 13,
        "status": 1,
        "fuel": 7139,
        "fault": 0.1476,
        "weapon": 1,
        "pilot_injury": 0.3551,
        "pilot_skill": 0.4844,
        "mission_priority": 0.5395,
        "estimated_landing_time": 1228.0,
        "wait_time": 0,
        "Landing_success_rate": 1.0
    },
    {
        "model": 2,
        "sequence": 14,
        "status": 1,
        "fuel": 6400,
        "fault": 0.7262,
        "weapon": 1,
        "pilot_injury": 0.8282,
        "pilot_skill": 0.4046,
        "mission_priority": 0.011,
        "estimated_landing_time": 1322.0,
        "wait_time": 0,
        "Landing_success_rate": 1.0
    },
    {
        "model": 1,
        "sequence": 22,
        "status": 1,
        "fuel": 6916,
        "fault": 0.5549,
        "weapon": 1,
        "pilot_injury": 0.1895,
        "pilot_skill": 0.0296,
        "mission_priority": 0.3158,
        "estimated_landing_time": 2074.0,
        "wait_time": 0,
        "Landing_success_rate": 1.0
    },
    {
        "model": 1,
        "sequence": 26,
        "status": 1,
        "fuel": 7195,
        "fault": 0.099,
        "weapon": 0,
        "pilot_injury": 0.2779,
        "pilot_skill": 0.7057,
        "mission_priority": 0.658,
        "estimated_landing_time": 2450.0,
        "wait_time": 0,
        "Landing_success_rate": 1.0
    },
    {
        "model": 2,
        "sequence": 5,
        "status": 1,
        "fuel": 7460,
        "fault": 0.3259,
        "weapon": 1,
        "pilot_injury": 0.7297,
        "pilot_skill": 0.5124,
        "mission_priority": 0.3776,
        "estimated_landing_time": 476.0,
        "wait_time": 0,
        "Landing_success_rate": 1.0
    },
    {
        "model": 2,
        "sequence": 4,
        "status": 1,
        "fuel": 6711,
        "fault": 0.9692,
        "weapon": 1,
        "pilot_injury": 0.568,
        "pilot_skill": 0.465,
        "mission_priority": 0.7755,
        "estimated_landing_time": 382.0,
        "wait_time": 0,
        "Landing_success_rate": 1.0
    },
    {
        "model": 0,
        "sequence": 29,
        "status": 1,
        "fuel": 6040,
        "fault": 0.7402,
        "weapon": 1,
        "pilot_injury": 0.2578,
        "pilot_skill": 0.9115,
        "mission_priority": 0.8632,
        "estimated_landing_time": 2732.0,
        "wait_time": 0,
        "Landing_success_rate": 1.0
    },
    {
        "model": 2,
        "sequence": 25,
        "status": 1,
        "fuel": 7116,
        "fault": 0.7657,
        "weapon": 0,
        "pilot_injury": 0.5081,
        "pilot_skill": 0.1762,
        "mission_priority": 0.376,
        "estimated_landing_time": 2356.0,
        "wait_time": 0,
        "Landing_success_rate": 1.0
    },
    {
        "model": 2,
        "sequence": 27,
        "status": 1,
        "fuel": 5961,
        "fault": 0.429,
        "weapon": 0,
        "pilot_injury": 0.1025,
        "pilot_skill": 0.0753,
        "mission_priority": 0.8535,
        "estimated_landing_time": 2544.0,
        "wait_time": 0,
        "Landing_success_rate": 1.0
    },
    {
        "model": 2,
        "sequence": 30,
        "status": 1,
        "fuel": 5527,
        "fault": 0.0629,
        "weapon": 1,
        "pilot_injury": 0.3493,
        "pilot_skill": 0.3358,
        "mission_priority": 0.127,
        "estimated_landing_time": 2826.0,
        "wait_time": 0,
        "Landing_success_rate": 1.0
    },
    {
        "model": 2,
        "sequence": 6,
        "status": 1,
        "fuel": 6518,
        "fault": 0.0466,
        "weapon": 0,
        "pilot_injury": 0.8362,
        "pilot_skill": 0.8785,
        "mission_priority": 0.9128,
        "estimated_landing_time": 570.0,
        "wait_time": 0,
        "Landing_success_rate": 1.0
    },
    {
        "model": 2,
        "sequence": 2,
        "status": 1,
        "fuel": 7434,
        "fault": 0.0509,
        "weapon": 0,
        "pilot_injury": 0.4495,
        "pilot_skill": 0.0269,
        "mission_priority": 0.1121,
        "estimated_landing_time": 194.0,
        "wait_time": 0,
        "Landing_success_rate": 1.0
    },
    {
        "model": 0,
        "sequence": 1,
        "status": 1,
        "fuel": 6159,
        "fault": 0.1877,
        "weapon": 1,
        "pilot_injury": 0.8291,
        "pilot_skill": 0.5631,
        "mission_priority": 0.0988,
        "estimated_landing_time": 100.0,
        "wait_time": 0,
        "Landing_success_rate": 1.0
    },
    {
        "model": 2,
        "sequence": 19,
        "status": 1,
        "fuel": 6410,
        "fault": 0.5327,
        "weapon": 0,
        "pilot_injury": 0.8631,
        "pilot_skill": 0.1661,
        "mission_priority": 0.1003,
        "estimated_landing_time": 1792.0,
        "wait_time": 0,
        "Landing_success_rate": 1.0
    },
    {
        "model": 1,
        "sequence": 21,
        "status": 1,
        "fuel": 5666,
        "fault": 0.2072,
        "weapon": 1,
        "pilot_injury": 0.7264,
        "pilot_skill": 0.4475,
        "mission_priority": 0.1982,
        "estimated_landing_time": 1980.0,
        "wait_time": 0,
        "Landing_success_rate": 1.0
    },
    {
        "model": 1,
        "sequence": 9,
        "status": 1,
        "fuel": 7398,
        "fault": 0.1595,
        "weapon": 0,
        "pilot_injury": 0.0431,
        "pilot_skill": 0.0979,
        "mission_priority": 0.2342,
        "estimated_landing_time": 852.0,
        "wait_time": 0,
        "Landing_success_rate": 1.0
    },
    {
        "model": 2,
        "sequence": 28,
        "status": 1,
        "fuel": 5899,
        "fault": 0.7131,
        "weapon": 1,
        "pilot_injury": 0.2182,
        "pilot_skill": 0.4799,
        "mission_priority": 0.8602,
        "estimated_landing_time": 2638.0,
        "wait_time": 0,
        "Landing_success_rate": 1.0
    },
    {
        "model": 1,
        "sequence": 16,
        "status": 1,
        "fuel": 6178,
        "fault": 0.5048,
        "weapon": 0,
        "pilot_injury": 0.0887,
        "pilot_skill": 0.6643,
        "mission_priority": 0.2103,
        "estimated_landing_time": 1510.0,
        "wait_time": 0,
        "Landing_success_rate": 1.0
    },
    {
        "model": 0,
        "sequence": 23,
        "status": 1,
        "fuel": 6271,
        "fault": 0.4721,
        "weapon": 0,
        "pilot_injury": 0.1545,
        "pilot_skill": 0.9742,
        "mission_priority": 0.0556,
        "estimated_landing_time": 2168.0,
        "wait_time": 0,
        "Landing_success_rate": 1.0
    },
    {
        "model": 1,
        "sequence": 15,
        "status": 1,
        "fuel": 5518,
        "fault": 0.4875,
        "weapon": 0,
        "pilot_injury": 0.4527,
        "pilot_skill": 0.9381,
        "mission_priority": 0.113,
        "estimated_landing_time": 1416.0,
        "wait_time": 0,
        "Landing_success_rate": 1.0
    },
    {
        "model": 0,
        "sequence": 10,
        "status": 1,
        "fuel": 6984,
        "fault": 0.6186,
        "weapon": 0,
        "pilot_injury": 0.2171,
        "pilot_skill": 0.6573,
        "mission_priority": 0.7233,
        "estimated_landing_time": 946.0,
        "wait_time": 0,
        "Landing_success_rate": 1.0
    },
    {
        "model": 0,
        "sequence": 24,
        "status": 1,
        "fuel": 6483,
        "fault": 0.5057,
        "weapon": 1,
        "pilot_injury": 0.7163,
        "pilot_skill": 0.1726,
        "mission_priority": 0.7671,
        "estimated_landing_time": 2262.0,
        "wait_time": 0,
        "Landing_success_rate": 1.0
    }
]