[
    {
        "model": 1,
        "sequence": 24,
        "status": 1,
        "fuel": 6774,
        "fault": 0.7154,
        "weapon": 1,
        "pilot_injury": 0.7544,
        "pilot_skill": 0.6466,
        "mission_priority": 0.6763,
        "estimated_landing_time": 2262.0,
        "wait_time": 0,
        "Landing_success_rate": 1.0
    },
    {
        "model": 1,
        "sequence": 1,
        "status": 1,
        "fuel": 7200,
        "fault": 0.9622,
        "weapon": 1,
        "pilot_injury": 0.2584,
        "pilot_skill": 0.0681,
        "mission_priority": 0.2039,
        "estimated_landing_time": 100.0,
        "wait_time": 0,
        "Landing_success_rate": 1.0
    },
    {
        "model": 1,
        "sequence": 3,
        "status": 1,
        "fuel": 7122,
        "fault": 0.6463,
        "weapon": 1,
        "pilot_injury": 0.1593,
        "pilot_skill": 0.6969,
        "mission_priority": 0.6021,
        "estimated_landing_time": 288.0,
        "wait_time": 0,
        "Landing_success_rate": 1.0
    },
    {
        "model": 0,
        "sequence": 13,
        "status": 1,
        "fuel": 7113,
        "fault": 0.7747,
        "weapon": 1,
        "pilot_injury": 0.223,
        "pilot_skill": 0.5009,
        "mission_priority": 0.1766,
        "estimated_landing_time": 1228.0,
        "wait_time": 0,
        "Landing_success_rate": 1.0
    },
    {
        "model": 0,
        "sequence": 23,
        "status": 1,
        "fuel": 6683,
        "fault": 0.7439,
        "weapon": 0,
        "pilot_injury": 0.7287,
        "pilot_skill": 0.7829,
        "mission_priority": 0.0301,
        "estimated_landing_time": 2168.0,
        "wait_time": 0,
        "Landing_success_rate": 1.0
    },
    {
        "model": 2,
        "sequence": 28,
        "status": 1,
        "fuel": 7474,
        "fault": 0.1931,
        "weapon": 1,
        "pilot_injury": 0.1497,
        "pilot_skill": 0.8485,
        "mission_priority": 0.1396,
        "estimated_landing_time": 2638.0,
        "wait_time": 0,
        "Landing_success_rate": 1.0
    },
    {
        "model": 1,
        "sequence": 22,
        "status": 1,
        "fuel": 7000,
        "fault": 0.0437,
        "weapon": 1,
        "pilot_injury": 0.8493,
        "pilot_skill": 0.3118,
        "mission_priority": 0.2841,
        "estimated_landing_time": 2074.0,
        "wait_time": 0,
        "Landing_success_rate": 1.0
    },
    {
        "model": 1,
        "sequence": 20,
        "status": 1,
        "fuel": 7433,
        "fault": 0.4722,
        "weapon": 0,
        "pilot_injury": 0.746,
        "pilot_skill": 0.1911,
        "mission_priority": 0.8757,
        "estimated_landing_time": 1886.0,
        "wait_time": 0,
        "Landing_success_rate": 1.0
    },
    {
        "model": 1,
        "sequence": 18,
        "status": 1,
        "fuel": 7115,
        "fault": 0.2873,
        "weapon": 1,
        "pilot_injury": 0.4915,
        "pilot_skill": 0.0338,
        "mission_priority": 0.1325,
        "estimated_landing_time": 1698.0,
        "wait_time": 0,
        "Landing_success_rate": 1.0
    },
    {
        "model": 0,
        "sequence": 9,
        "status": 1,
        "fuel": 6111,
        "fault": 0.456,
        "weapon": 1,
        "pilot_injury": 0.0635,
        "pilot_skill": 0.1255,
        "mission_priority": 0.2608,
        "estimated_landing_time": 852.0,
        "wait_time": 0,
        "Landing_success_rate": 1.0
    },
    {
        "model": 2,
        "sequence": 8,
        "status": 1,
        "fuel": 7128,
        "fault": 0.3381,
        "weapon": 0,
        "pilot_injury": 0.9836,
        "pilot_skill": 0.2738,
        "mission_priority": 0.3202,
        "estimated_landing_time": 758.0,
        "wait_time": 0,
        "Landing_success_rate": 1.0
    },
    {
        "model": 2,
        "sequence": 17,
        "status": 1,
        "fuel": 6107,
        "fault": 0.4518,
        "weapon": 1,
        "pilot_injury": 0.0194,
        "pilot_skill": 0.0936,
        "mission_priority": 0.0988,
        "estimated_landing_time": 1604.0,
        "wait_time": 0,
        "Landing_success_rate": 1.0
    },
    {
        "model": 1,
        "sequence": 29,
        "status": 1,
        "fuel": 6540,
        "fault": 0.3327,
        "weapon": 1,
        "pilot_injury": 0.4375,
        "pilot_skill": 0.95,
        "mission_priority": 0.2,
        "estimated_landing_time": 2732.0,
        "wait_time": 0,
        "Landing_success_rate": 1.0
    },
    {
        "model": 0,
        "sequence": 30,
        "status": 1,
        "fuel": 6181,
        "fault": 0.4447,
        "weapon": 0,
        "pilot_injury": 0.1641,
        "pilot_skill": 0.1447,
        "mission_priority": 0.4101,
        "estimated_landing_time": 2826.0,
        "wait_time": 0,
        "Landing_success_rate": 1.0
    },
    {
        "model": 0,
        "sequence": 21,
        "status": 1,
        "fuel": 6023,
        "fault": 0.6955,
        "weapon": 1,
        "pilot_injury": 0.876,
        "pilot_skill": 0.3624,
        "mission_priority": 0.934,
        "estimated_landing_time": 1980.0,
        "wait_time": 0,
        "Landing_success_rate": 1.0
    },
    {
        "model": 2,
        "sequence": 14,
        "status": 1,
        "fuel": 7022,
        "fault": 0.5287,
        "weapon": 1,
        "pilot_injury": 0.849,
        "pilot_skill": 0.5297,
        "mission_priority": 0.8503,
        "estimated_landing_time": 1322.0,
        "wait_time": 0,
        "Landing_success_rate": 1.0
    },
    {
        "model": 2,
        "sequence": 4,
        "status": 1,
        "fuel": 6017,
        "fault": 0.6285,
        "weapon": 1,
        "pilot_injury": 0.7941,
        "pilot_skill": 0.2413,
        "mission_priority": 0.717,
        "estimated_landing_time": 382.0,
        "wait_time": 0,
        "Landing_success_rate": 1.0
    },
    {
        "model": 0,
        "sequence": 25,
        "status": 1,
        "fuel": 5641,
        "fault": 0.2426,
        "weapon": 1,
        "pilot_injury": 0.9419,
        "pilot_skill": 0.4565,
        "mission_priority": 0.416,
        "estimated_landing_time": 2356.0,
        "wait_time": 0,
        "Landing_success_rate": 1.0
    },
    {
        "model": 0,
        "sequence": 26,
        "status": 1,
        "fuel": 6224,
        "fault": 0.4545,
        "weapon": 1,
        "pilot_injury": 0.3588,
        "pilot_skill": 0.0001,
        "mission_priority": 0.5021,
        "estimated_landing_time": 2450.0,
        "wait_time": 0,
        "Landing_success_rate": 1.0
    },
    {
        "model": 0,
        "sequence": 7,
        "status": 1,
        "fuel": 5574,
        "fault": 0.1134,
        "weapon": 0,
        "pilot_injury": 0.7153,
        "pilot_skill": 0.2834,
        "mission_priority": 0.5053,
        "estimated_landing_time": 664.0,
        "wait_time": 0,
        "Landing_success_rate": 1.0
    },
    {
        "model": 2,
        "sequence": 12,
        "status": 1,
        "fuel": 6977,
        "fault": 0.3642,
        "weapon": 0,
        "pilot_injury": 0.3445,
        "pilot_skill": 0.369,
        "mission_priority": 0.5794,
        "estimated_landing_time": 1134.0,
        "wait_time": 0,
        "Landing_success_rate": 1.0
    },
    {
        "model": 2,
        "sequence": 15,
        "status": 1,
        "fuel": 5628,
        "fault": 0.5398,
        "weapon": 1,
        "pilot_injury": 0.8766,
        "pilot_skill": 0.3643,
        "mission_priority": 0.6436,
        "estimated_landing_time": 1416.0,
        "wait_time": 0,
        "Landing_success_rate": 1.0
    },
    {
        "model": 2,
        "sequence": 19,
        "status": 1,
        "fuel": 6567,
        "fault": 0.9031,
        "weapon": 0,
        "pilot_injury": 0.6785,
        "pilot_skill": 0.1574,
        "mission_priority": 0.9122,
        "estimated_landing_time": 1792.0,
        "wait_time": 0,
        "Landing_success_rate": 1.0
    },
    {
        "model": 1,
        "sequence": 2,
        "status": 1,
        "fuel": 5908,
        "fault": 0.1899,
        "weapon": 1,
        "pilot_injury": 0.1661,
        "pilot_skill": 0.8656,
        "mission_priority": 0.0686,
        "estimated_landing_time": 194.0,
        "wait_time": 0,
        "Landing_success_rate": 1.0
    },
    {
        "model": 0,
        "sequence": 27,
        "status": 1,
        "fuel": 6033,
        "fault": 0.8465,
        "weapon": 0,
        "pilot_injury": 0.2539,
        "pilot_skill": 0.4593,
        "mission_priority": 0.5389,
        "estimated_landing_time": 2544.0,
        "wait_time": 0,
        "Landing_success_rate": 1.0
    },
    {
        "model": 1,
        "sequence": 6,
        "status": 1,
        "fuel": 6900,
        "fault": 0.6777,
        "weapon": 1,
        "pilot_injury": 0.7375,
        "pilot_skill": 0.24,
        "mission_priority": 0.7385,
        "estimated_landing_time": 570.0,
        "wait_time": 0,
        "Landing_success_rate": 1.0
    },
    {
        "model": 0,
        "sequence": 11,
        "status": 1,
        "fuel": 6120,
        "fault": 0.3148,
        "weapon": 0,
        "pilot_injury": 0.7064,
        "pilot_skill": 0.0369,
        "mission_priority": 0.0367,
        "estimated_landing_time": 1040.0,
        "wait_time": 0,
        "Landing_success_rate": 1.0
    },
    {
        "model": 0,
        "sequence": 5,
        "status": 1,
        "fuel": 6083,
        "fault": 0.4674,
        "weapon": 1,
        "pilot_injury": 0.1828,
        "pilot_skill": 0.635,
        "mission_priority": 0.2769,
        "estimated_landing_time": 476.0,
        "wait_time": 0,
        "Landing_success_rate": 1.0
    },
    {
        "model": 1,
        "sequence": 10,
        "status": 1,
        "fuel": 6433,
        "fault": 0.0812,
        "weapon": 1,
        "pilot_injury": 0.3781,
        "pilot_skill": 0.8931,
        "mission_priority": 0.8284,
        "estimated_landing_time": 946.0,
        "wait_time": 0,
        "Landing_success_rate": 1.0
    },
    {
        "model": 2,
        "sequence": 16,
        "status": 1,
        "fuel": 6215,
        "fault": 0.2037,
        "weapon": 0,
        "pilot_injury": 0.6142,
        "pilot_skill": 0.3668,
        "mission_priority": 0.4226,
        "estimated_landing_time": 1510.0,
        "wait_time": 0,
        "Landing_success_rate": 1.0
    }
]