[
    {
        "model": 0,
        "sequence": 10,
        "status": 1,
        "fuel": 5675,
        "fault": 0.7367,
        "weapon": 0,
        "pilot_injury": 0.1716,
        "pilot_skill": 0.2001,
        "mission_priority": 0.0617,
        "estimated_landing_time": 946.0,
        "wait_time": 0,
        "Landing_success_rate": 1.0
    },
    {
        "model": 2,
        "sequence": 28,
        "status": 1,
        "fuel": 5929,
        "fault": 0.9541,
        "weapon": 0,
        "pilot_injury": 0.8879,
        "pilot_skill": 0.3623,
        "mission_priority": 0.4353,
        "estimated_landing_time": 2638.0,
        "wait_time": 0,
        "Landing_success_rate": 1.0
    },
    {
        "model": 2,
        "sequence": 14,
        "status": 1,
        "fuel": 6431,
        "fault": 0.8815,
        "weapon": 0,
        "pilot_injury": 0.2922,
        "pilot_skill": 0.0516,
        "mission_priority": 0.6272,
        "estimated_landing_time": 1322.0,
        "wait_time": 0,
        "Landing_success_rate": 1.0
    },
    {
        "model": 0,
        "sequence": 1,
        "status": 1,
        "fuel": 6055,
        "fault": 0.9922,
        "weapon": 1,
        "pilot_injury": 0.3205,
        "pilot_skill": 0.6305,
        "mission_priority": 0.991,
        "estimated_landing_time": 100.0,
        "wait_time": 0,
        "Landing_success_rate": 1.0
    },
    {
        "model": 0,
        "sequence": 5,
        "status": 1,
        "fuel": 7198,
        "fault": 0.8768,
        "weapon": 0,
        "pilot_injury": 0.2436,
        "pilot_skill": 0.9982,
        "mission_priority": 0.8504,
        "estimated_landing_time": 476.0,
        "wait_time": 0,
        "Landing_success_rate": 1.0
    },
    {
        "model": 0,
        "sequence": 24,
        "status": 1,
        "fuel": 6785,
        "fault": 0.9409,
        "weapon": 0,
        "pilot_injury": 0.8037,
        "pilot_skill": 0.9923,
        "mission_priority": 0.4656,
        "estimated_landing_time": 2262.0,
        "wait_time": 0,
        "Landing_success_rate": 1.0
    },
    {
        "model": 0,
        "sequence": 23,
        "status": 1,
        "fuel": 6405,
        "fault": 0.776,
        "weapon": 1,
        "pilot_injury": 0.7974,
        "pilot_skill": 0.605,
        "mission_priority": 0.6338,
        "estimated_landing_time": 2168.0,
        "wait_time": 0,
        "Landing_success_rate": 1.0
    },
    {
        "model": 0,
        "sequence": 8,
        "status": 1,
        "fuel": 5730,
        "fault": 0.7346,
        "weapon": 0,
        "pilot_injury": 0.0106,
        "pilot_skill": 0.9152,
        "mission_priority": 0.355,
        "estimated_landing_time": 758.0,
        "wait_time": 0,
        "Landing_success_rate": 1.0
    },
    {
        "model": 2,
        "sequence": 20,
        "status": 1,
        "fuel": 7424,
        "fault": 0.8598,
        "weapon": 1,
        "pilot_injury": 0.5986,
        "pilot_skill": 0.4243,
        "mission_priority": 0.0387,
        "estimated_landing_time": 1886.0,
        "wait_time": 0,
        "Landing_success_rate": 1.0
    },
    {
        "model": 2,
        "sequence": 4,
        "status": 1,
        "fuel": 5592,
        "fault": 0.613,
        "weapon": 0,
        "pilot_injury": 0.5663,
        "pilot_skill": 0.7641,
        "mission_priority": 0.7111,
        "estimated_landing_time": 382.0,
        "wait_time": 0,
        "Landing_success_rate": 1.0
    },
    {
        "model": 1,
        "sequence": 29,
        "status": 1,
        "fuel": 5656,
        "fault": 0.9673,
        "weapon": 1,
        "pilot_injury": 0.605,
        "pilot_skill": 0.189,
        "mission_priority": 0.9725,
        "estimated_landing_time": 2732.0,
        "wait_time": 0,
        "Landing_success_rate": 1.0
    },
    {
        "model": 1,
        "sequence": 27,
        "status": 1,
        "fuel": 6265,
        "fault": 0.6819,
        "weapon": 1,
        "pilot_injury": 0.3516,
        "pilot_skill": 0.2202,
        "mission_priority": 0.6879,
        "estimated_landing_time": 2544.0,
        "wait_time": 0,
        "Landing_success_rate": 1.0
    },
    {
        "model": 2,
        "sequence": 2,
        "status": 1,
        "fuel": 6141,
        "fault": 0.7543,
        "weapon": 1,
        "pilot_injury": 0.8252,
        "pilot_skill": 0.3416,
        "mission_priority": 0.1209,
        "estimated_landing_time": 194.0,
        "wait_time": 0,
        "Landing_success_rate": 1.0
    },
    {
        "model": 2,
        "sequence": 30,
        "status": 1,
        "fuel": 5983,
        "fault": 0.0545,
        "weapon": 0,
        "pilot_injury": 0.7277,
        "pilot_skill": 0.4358,
        "mission_priority": 0.1647,
        "estimated_landing_time": 2826.0,
        "wait_time": 0,
        "Landing_success_rate": 1.0
    },
    {
        "model": 1,
        "sequence": 19,
        "status": 1,
        "fuel": 7499,
        "fault": 0.7482,
        "weapon": 0,
        "pilot_injury": 0.3164,
        "pilot_skill": 0.0551,
        "mission_priority": 0.9496,
        "estimated_landing_time": 1792.0,
        "wait_time": 0,
        "Landing_success_rate": 1.0
    },
    {
        "model": 1,
        "sequence": 22,
        "status": 1,
        "fuel": 6511,
        "fault": 0.4286,
        "weapon": 1,
        "pilot_injury": 0.8334,
        "pilot_skill": 0.1525,
        "mission_priority": 0.8024,
        "estimated_landing_time": 2074.0,
        "wait_time": 0,
        "Landing_success_rate": 1.0
    },
    {
        "model": 1,
        "sequence": 9,
        "status": 1,
        "fuel": 5560,
        "fault": 0.9239,
        "weapon": 1,
        "pilot_injury": 0.7526,
        "pilot_skill": 0.4545,
        "mission_priority": 0.6381,
        "estimated_landing_time": 852.0,
        "wait_time": 0,
        "Landing_success_rate": 1.0
    },
    {
        "model": 0,
        "sequence": 11,
        "status": 1,
        "fuel": 6260,
        "fault": 0.7324,
        "weapon": 1,
        "pilot_injury": 0.366,
        "pilot_skill": 0.9973,
        "mission_priority": 0.5081,
        "estimated_landing_time": 1040.0,
        "wait_time": 0,
        "Landing_success_rate": 1.0
    },
    {
        "model": 1,
        "sequence": 21,
        "status": 1,
        "fuel": 5507,
        "fault": 0.0394,
        "weapon": 0,
        "pilot_injury": 0.416,
        "pilot_skill": 0.5016,
        "mission_priority": 0.2584,
        "estimated_landing_time": 1980.0,
        "wait_time": 0,
        "Landing_success_rate": 1.0
    },
    {
        "model": 0,
        "sequence": 6,
        "status": 1,
        "fuel": 6202,
        "fault": 0.4391,
        "weapon": 1,
        "pilot_injury": 0.1837,
        "pilot_skill": 0.5535,
        "mission_priority": 0.7062,
        "estimated_landing_time": 570.0,
        "wait_time": 0,
        "Landing_success_rate": 1.0
    },
    {
        "model": 0,
        "sequence": 12,
        "status": 1,
        "fuel": 6259,
        "fault": 0.5473,
        "weapon": 1,
        "pilot_injury": 0.3597,
        "pilot_skill": 0.9925,
        "mission_priority": 0.9791,
        "estimated_landing_time": 1134.0,
        "wait_time": 0,
        "Landing_success_rate": 1.0
    },
    {
        "model": 1,
        "sequence": 3,
        "status": 1,
        "fuel": 6175,
        "fault": 0.3039,
        "weapon": 1,
        "pilot_injury": 0.9372,
        "pilot_skill": 0.9988,
        "mission_priority": 0.4623,
        "estimated_landing_time": 288.0,
        "wait_time": 0,
        "Landing_success_rate": 1.0
    },
    {
        "model": 2,
        "sequence": 26,
        "status": 1,
        "fuel": 6232,
        "fault": 0.3569,
        "weapon": 1,
        "pilot_injury": 0.0435,
        "pilot_skill": 0.5006,
        "mission_priority": 0.6093,
        "estimated_landing_time": 2450.0,
        "wait_time": 0,
        "Landing_success_rate": 1.0
    },
    {
        "model": 1,
        "sequence": 25,
        "status": 1,
        "fuel": 6767,
        "fault": 0.0464,
        "weapon": 0,
        "pilot_injury": 0.7823,
        "pilot_skill": 0.4188,
        "mission_priority": 0.6488,
        "estimated_landing_time": 2356.0,
        "wait_time": 0,
        "Landing_success_rate": 1.0
    },
    {
        "model": 1,
        "sequence": 18,
        "status": 1,
        "fuel": 7019,
        "fault": 0.1856,
        "weapon": 1,
        "pilot_injury": 0.1785,
        "pilot_skill": 0.6161,
        "mission_priority": 0.3221,
        "estimated_landing_time": 1698.0,
        "wait_time": 0,
        "Landing_success_rate": 1.0
    },
    {
        "model": 1,
        "sequence": 17,
        "status": 1,
        "fuel": 5628,
        "fault": 0.1768,
        "weapon": 0,
        "pilot_injury": 0.2911,
        "pilot_skill": 0.4403,
        "mission_priority": 0.74,
        "estimated_landing_time": 1604.0,
        "wait_time": 0,
        "Landing_success_rate": 1.0
    },
    {
        "model": 1,
        "sequence": 13,
        "status": 1,
        "fuel": 6535,
        "fault": 0.9205,
        "weapon": 0,
        "pilot_injury": 0.5108,
        "pilot_skill": 0.2342,
        "mission_priority": 0.7704,
        "estimated_landing_time": 1228.0,
        "wait_time": 0,
        "Landing_success_rate": 1.0
    },
    {
        "model": 1,
        "sequence": 15,
        "status": 1,
        "fuel": 6576,
        "fault": 0.8177,
        "weapon": 1,
        "pilot_injury": 0.9369,
        "pilot_skill": 0.9916,
        "mission_priority": 0.857,
        "estimated_landing_time": 1416.0,
        "wait_time": 0,
        "Landing_success_rate": 1.0
    },
    {
        "model": 0,
        "sequence": 7,
        "status": 1,
        "fuel": 6472,
        "fault": 0.6626,
        "weapon": 1,
        "pilot_injury": 0.0888,
        "pilot_skill": 0.1646,
        "mission_priority": 0.0497,
        "estimated_landing_time": 664.0,
        "wait_time": 0,
        "Landing_success_rate": 1.0
    },
    {
        "model": 1,
        "sequence": 16,
        "status": 1,
        "fuel": 7124,
        "fault": 0.9355,
        "weapon": 1,
        "pilot_injury": 0.917,
        "pilot_skill": 0.463,
        "mission_priority": 0.6423,
        "estimated_landing_time": 1510.0,
        "wait_time": 0,
        "Landing_success_rate": 1.0
    }
]