[
    {
        "model": 2,
        "sequence": 23,
        "status": 1,
        "fuel": 6504,
        "fault": 0.5559,
        "weapon": 1,
        "pilot_injury": 0.0166,
        "pilot_skill": 0.0894,
        "mission_priority": 0.4993,
        "estimated_landing_time": 2168.0,
        "wait_time": 0,
        "Landing_success_rate": 1.0
    },
    {
        "model": 1,
        "sequence": 28,
        "status": 1,
        "fuel": 6588,
        "fault": 0.8241,
        "weapon": 1,
        "pilot_injury": 0.6543,
        "pilot_skill": 0.0685,
        "mission_priority": 0.5449,
        "estimated_landing_time": 2638.0,
        "wait_time": 0,
        "Landing_success_rate": 1.0
    },
    {
        "model": 0,
        "sequence": 20,
        "status": 1,
        "fuel": 7326,
        "fault": 0.6096,
        "weapon": 1,
        "pilot_injury": 0.4753,
        "pilot_skill": 0.9277,
        "mission_priority": 0.0302,
        "estimated_landing_time": 1886.0,
        "wait_time": 0,
        "Landing_success_rate": 1.0
    },
    {
        "model": 2,
        "sequence": 25,
        "status": 1,
        "fuel": 6904,
        "fault": 0.0882,
        "weapon": 1,
        "pilot_injury": 0.887,
        "pilot_skill": 0.5446,
        "mission_priority": 0.8241,
        "estimated_landing_time": 2356.0,
        "wait_time": 0,
        "Landing_success_rate": 1.0
    },
    {
        "model": 2,
        "sequence": 15,
        "status": 1,
        "fuel": 7015,
        "fault": 0.2418,
        "weapon": 0,
        "pilot_injury": 0.246,
        "pilot_skill": 0.6453,
        "mission_priority": 0.8714,
        "estimated_landing_time": 1416.0,
        "wait_time": 0,
        "Landing_success_rate": 1.0
    },
    {
        "model": 2,
        "sequence": 2,
        "status": 1,
        "fuel": 7046,
        "fault": 0.0704,
        "weapon": 1,
        "pilot_injury": 0.6376,
        "pilot_skill": 0.1969,
        "mission_priority": 0.5703,
        "estimated_landing_time": 194.0,
        "wait_time": 0,
        "Landing_success_rate": 1.0
    },
    {
        "model": 2,
        "sequence": 12,
        "status": 1,
        "fuel": 6084,
        "fault": 0.6121,
        "weapon": 0,
        "pilot_injury": 0.8052,
        "pilot_skill": 0.5413,
        "mission_priority": 0.0382,
        "estimated_landing_time": 1134.0,
        "wait_time": 0,
        "Landing_success_rate": 1.0
    },
    {
        "model": 1,
        "sequence": 18,
        "status": 1,
        "fuel": 6306,
        "fault": 0.972,
        "weapon": 0,
        "pilot_injury": 0.5235,
        "pilot_skill": 0.1017,
        "mission_priority": 0.8697,
        "estimated_landing_time": 1698.0,
        "wait_time": 0,
        "Landing_success_rate": 1.0
    },
    {
        "model": 1,
        "sequence": 13,
        "status": 1,
        "fuel": 7032,
        "fault": 0.2127,
        "weapon": 1,
        "pilot_injury": 0.6949,
        "pilot_skill": 0.6965,
        "mission_priority": 0.3968,
        "estimated_landing_time": 1228.0,
        "wait_time": 0,
        "Landing_success_rate": 1.0
    },
    {
        "model": 1,
        "sequence": 9,
        "status": 1,
        "fuel": 6222,
        "fault": 0.5026,
        "weapon": 1,
        "pilot_injury": 0.7395,
        "pilot_skill": 0.2202,
        "mission_priority": 0.6035,
        "estimated_landing_time": 852.0,
        "wait_time": 0,
        "Landing_success_rate": 1.0
    },
    {
        "model": 0,
        "sequence": 24,
        "status": 1,
        "fuel": 6242,
        "fault": 0.2887,
        "weapon": 1,
        "pilot_injury": 0.974,
        "pilot_skill": 0.6455,
        "mission_priority": 0.3146,
        "estimated_landing_time": 2262.0,
        "wait_time": 0,
        "Landing_success_rate": 1.0
    },
    {
        "model": 2,
        "sequence": 10,
        "status": 1,
        "fuel": 6654,
        "fault": 0.4639,
        "weapon": 0,
        "pilot_injury": 0.9716,
        "pilot_skill": 0.4777,
        "mission_priority": 0.9532,
        "estimated_landing_time": 946.0,
        "wait_time": 0,
        "Landing_success_rate": 1.0
    },
    {
        "model": 0,
        "sequence": 6,
        "status": 1,
        "fuel": 6363,
        "fault": 0.2512,
        "weapon": 1,
        "pilot_injury": 0.1961,
        "pilot_skill": 0.0984,
        "mission_priority": 0.734,
        "estimated_landing_time": 570.0,
        "wait_time": 0,
        "Landing_success_rate": 1.0
    },
    {
        "model": 2,
        "sequence": 1,
        "status": 1,
        "fuel": 6399,
        "fault": 0.7902,
        "weapon": 1,
        "pilot_injury": 0.6687,
        "pilot_skill": 0.6882,
        "mission_priority": 0.8326,
        "estimated_landing_time": 100.0,
        "wait_time": 0,
        "Landing_success_rate": 1.0
    },
    {
        "model": 2,
        "sequence": 29,
        "status": 1,
        "fuel": 5587,
        "fault": 0.5261,
        "weapon": 1,
        "pilot_injury": 0.0297,
        "pilot_skill": 0.1038,
        "mission_priority": 0.3792,
        "estimated_landing_time": 2732.0,
        "wait_time": 0,
        "Landing_success_rate": 1.0
    },
    {
        "model": 1,
        "sequence": 3,
        "status": 1,
        "fuel": 6284,
        "fault": 0.6116,
        "weapon": 1,
        "pilot_injury": 0.4529,
        "pilot_skill": 0.8144,
        "mission_priority": 0.9186,
        "estimated_landing_time": 288.0,
        "wait_time": 0,
        "Landing_success_rate": 1.0
    },
    {
        "model": 1,
        "sequence": 5,
        "status": 1,
        "fuel": 6495,
        "fault": 0.4393,
        "weapon": 0,
        "pilot_injury": 0.5025,
        "pilot_skill": 0.2295,
        "mission_priority": 0.5984,
        "estimated_landing_time": 476.0,
        "wait_time": 0,
        "Landing_success_rate": 1.0
    },
    {
        "model": 0,
        "sequence": 8,
        "status": 1,
        "fuel": 5760,
        "fault": 0.0574,
        "weapon": 0,
        "pilot_injury": 0.9194,
        "pilot_skill": 0.4848,
        "mission_priority": 0.5082,
        "estimated_landing_time": 758.0,
        "wait_time": 0,
        "Landing_success_rate": 1.0
    },
    {
        "model": 2,
        "sequence": 19,
        "status": 1,
        "fuel": 7354,
        "fault": 0.5327,
        "weapon": 0,
        "pilot_injury": 0.4444,
        "pilot_skill": 0.9151,
        "mission_priority": 0.8165,
        "estimated_landing_time": 1792.0,
        "wait_time": 0,
        "Landing_success_rate": 1.0
    },
    {
        "model": 2,
        "sequence": 4,
        "status": 1,
        "fuel": 5800,
        "fault": 0.8666,
        "weapon": 0,
        "pilot_injury": 0.6606,
        "pilot_skill": 0.5711,
        "mission_priority": 0.7662,
        "estimated_landing_time": 382.0,
        "wait_time": 0,
        "Landing_success_rate": 1.0
    },
    {
        "model": 0,
        "sequence": 16,
        "status": 1,
        "fuel": 5923,
        "fault": 0.261,
        "weapon": 0,
        "pilot_injury": 0.8802,
        "pilot_skill": 0.7666,
        "mission_priority": 0.2428,
        "estimated_landing_time": 1510.0,
        "wait_time": 0,
        "Landing_success_rate": 1.0
    },
    {
        "model": 1,
        "sequence": 11,
        "status": 1,
        "fuel": 6051,
        "fault": 0.7664,
        "weapon": 0,
        "pilot_injury": 0.9109,
        "pilot_skill": 0.8243,
        "mission_priority": 0.0741,
        "estimated_landing_time": 1040.0,
        "wait_time": 0,
        "Landing_success_rate": 1.0
    },
    {
        "model": 2,
        "sequence": 14,
        "status": 1,
        "fuel": 6899,
        "fault": 0.742,
        "weapon": 1,
        "pilot_injury": 0.9771,
        "pilot_skill": 0.4584,
        "mission_priority": 0.067,
        "estimated_landing_time": 1322.0,
        "wait_time": 0,
        "Landing_success_rate": 1.0
    },
    {
        "model": 2,
        "sequence": 7,
        "status": 1,
        "fuel": 7413,
        "fault": 0.4894,
        "weapon": 1,
        "pilot_injury": 0.5919,
        "pilot_skill": 0.1521,
        "mission_priority": 0.5151,
        "estimated_landing_time": 664.0,
        "wait_time": 0,
        "Landing_success_rate": 1.0
    },
    {
        "model": 2,
        "sequence": 26,
        "status": 1,
        "fuel": 7452,
        "fault": 0.0463,
        "weapon": 0,
        "pilot_injury": 0.3024,
        "pilot_skill": 0.4495,
        "mission_priority": 0.3886,
        "estimated_landing_time": 2450.0,
        "wait_time": 0,
        "Landing_success_rate": 1.0
    },
    {
        "model": 1,
        "sequence": 30,
        "status": 1,
        "fuel": 6099,
        "fault": 0.1536,
        "weapon": 1,
        "pilot_injury": 0.6756,
        "pilot_skill": 0.465,
        "mission_priority": 0.6378,
        "estimated_landing_time": 2826.0,
        "wait_time": 0,
        "Landing_success_rate": 1.0
    },
    {
        "model": 1,
        "sequence": 22,
        "status": 1,
        "fuel": 6657,
        "fault": 0.4833,
        "weapon": 1,
        "pilot_injury": 0.3197,
        "pilot_skill": 0.4437,
        "mission_priority": 0.4393,
        "estimated_landing_time": 2074.0,
        "wait_time": 0,
        "Landing_success_rate": 1.0
    },
    {
        "model": 0,
        "sequence": 27,
        "status": 1,
        "fuel": 7380,
        "fault": 0.9353,
        "weapon": 1,
        "pilot_injury": 0.389,
        "pilot_skill": 0.0864,
        "mission_priority": 0.0334,
        "estimated_landing_time": 2544.0,
        "wait_time": 0,
        "Landing_success_rate": 1.0
    },
    {
        "model": 1,
        "sequence": 21,
        "status": 1,
        "fuel": 6620,
        "fault": 0.8756,
        "weapon": 0,
        "pilot_injury": 0.9956,
        "pilot_skill": 0.0514,
        "mission_priority": 0.3582,
        "estimated_landing_time": 1980.0,
        "wait_time": 0,
        "Landing_success_rate": 1.0
    },
    {
        "model": 1,
        "sequence": 17,
        "status": 1,
        "fuel": 6499,
        "fault": 0.5756,
        "weapon": 1,
        "pilot_injury": 0.5944,
        "pilot_skill": 0.8136,
        "mission_priority": 0.8581,
        "estimated_landing_time": 1604.0,
        "wait_time": 0,
        "Landing_success_rate": 1.0
    }
]