[
    {
        "model": 1,
        "sequence": 27,
        "status": 1,
        "fuel": 5932,
        "fault": 0.4652,
        "weapon": 0,
        "pilot_injury": 0.2841,
        "pilot_skill": 0.3487,
        "mission_priority": 0.798,
        "estimated_landing_time": 2544.0,
        "wait_time": 0,
        "Landing_success_rate": 1.0
    },
    {
        "model": 2,
        "sequence": 9,
        "status": 1,
        "fuel": 5857,
        "fault": 0.6329,
        "weapon": 1,
        "pilot_injury": 0.4553,
        "pilot_skill": 0.5691,
        "mission_priority": 0.5609,
        "estimated_landing_time": 852.0,
        "wait_time": 0,
        "Landing_success_rate": 1.0
    },
    {
        "model": 0,
        "sequence": 24,
        "status": 1,
        "fuel": 5883,
        "fault": 0.2616,
        "weapon": 1,
        "pilot_injury": 0.2416,
        "pilot_skill": 0.683,
        "mission_priority": 0.9336,
        "estimated_landing_time": 2262.0,
        "wait_time": 0,
        "Landing_success_rate": 1.0
    },
    {
        "model": 0,
        "sequence": 25,
        "status": 1,
        "fuel": 6113,
        "fault": 0.3824,
        "weapon": 1,
        "pilot_injury": 0.5066,
        "pilot_skill": 0.3908,
        "mission_priority": 0.0357,
        "estimated_landing_time": 2356.0,
        "wait_time": 0,
        "Landing_success_rate": 1.0
    },
    {
        "model": 0,
        "sequence": 13,
        "status": 1,
        "fuel": 6851,
        "fault": 0.7361,
        "weapon": 1,
        "pilot_injury": 0.8504,
        "pilot_skill": 0.2805,
        "mission_priority": 0.1224,
        "estimated_landing_time": 1228.0,
        "wait_time": 0,
        "Landing_success_rate": 1.0
    },
    {
        "model": 2,
        "sequence": 18,
        "status": 1,
        "fuel": 7290,
        "fault": 0.2007,
        "weapon": 1,
        "pilot_injury": 0.2017,
        "pilot_skill": 0.6413,
        "mission_priority": 0.7504,
        "estimated_landing_time": 1698.0,
        "wait_time": 0,
        "Landing_success_rate": 1.0
    },
    {
        "model": 0,
        "sequence": 19,
        "status": 1,
        "fuel": 7124,
        "fault": 0.241,
        "weapon": 1,
        "pilot_injury": 0.5125,
        "pilot_skill": 0.5997,
        "mission_priority": 0.0519,
        "estimated_landing_time": 1792.0,
        "wait_time": 0,
        "Landing_success_rate": 1.0
    },
    {
        "model": 2,
        "sequence": 23,
        "status": 1,
        "fuel": 7236,
        "fault": 0.2269,
        "weapon": 0,
        "pilot_injury": 0.1295,
        "pilot_skill": 0.4488,
        "mission_priority": 0.3467,
        "estimated_landing_time": 2168.0,
        "wait_time": 0,
        "Landing_success_rate": 1.0
    },
    {
        "model": 1,
        "sequence": 14,
        "status": 1,
        "fuel": 6508,
        "fault": 0.202,
        "weapon": 0,
        "pilot_injury": 0.4263,
        "pilot_skill": 0.2439,
        "mission_priority": 0.9575,
        "estimated_landing_time": 1322.0,
        "wait_time": 0,
        "Landing_success_rate": 1.0
    },
    {
        "model": 2,
        "sequence": 3,
        "status": 1,
        "fuel": 6772,
        "fault": 0.3727,
        "weapon": 0,
        "pilot_injury": 0.929,
        "pilot_skill": 0.6186,
        "mission_priority": 0.781,
        "estimated_landing_time": 288.0,
        "wait_time": 0,
        "Landing_success_rate": 1.0
    },
    {
        "model": 0,
        "sequence": 7,
        "status": 1,
        "fuel": 7012,
        "fault": 0.8262,
        "weapon": 1,
        "pilot_injury": 0.5141,
        "pilot_skill": 0.0759,
        "mission_priority": 0.8917,
        "estimated_landing_time": 664.0,
        "wait_time": 0,
        "Landing_success_rate": 1.0
    },
    {
        "model": 2,
        "sequence": 26,
        "status": 1,
        "fuel": 6212,
        "fault": 0.7806,
        "weapon": 0,
        "pilot_injury": 0.0314,
        "pilot_skill": 0.4583,
        "mission_priority": 0.0781,
        "estimated_landing_time": 2450.0,
        "wait_time": 0,
        "Landing_success_rate": 1.0
    },
    {
        "model": 2,
        "sequence": 6,
        "status": 1,
        "fuel": 6245,
        "fault": 0.2736,
        "weapon": 0,
        "pilot_injury": 0.1565,
        "pilot_skill": 0.5606,
        "mission_priority": 0.1185,
        "estimated_landing_time": 570.0,
        "wait_time": 0,
        "Landing_success_rate": 1.0
    },
    {
        "model": 1,
        "sequence": 20,
        "status": 1,
        "fuel": 6081,
        "fault": 0.6066,
        "weapon": 0,
        "pilot_injury": 0.8717,
        "pilot_skill": 0.5457,
        "mission_priority": 0.3279,
        "estimated_landing_time": 1886.0,
        "wait_time": 0,
        "Landing_success_rate": 1.0
    },
    {
        "model": 2,
        "sequence": 21,
        "status": 1,
        "fuel": 6530,
        "fault": 0.791,
        "weapon": 1,
        "pilot_injury": 0.5128,
        "pilot_skill": 0.3366,
        "mission_priority": 0.4843,
        "estimated_landing_time": 1980.0,
        "wait_time": 0,
        "Landing_success_rate": 1.0
    },
    {
        "model": 2,
        "sequence": 1,
        "status": 1,
        "fuel": 5618,
        "fault": 0.1304,
        "weapon": 0,
        "pilot_injury": 0.2583,
        "pilot_skill": 0.9485,
        "mission_priority": 0.4929,
        "estimated_landing_time": 100.0,
        "wait_time": 0,
        "Landing_success_rate": 1.0
    },
    {
        "model": 2,
        "sequence": 29,
        "status": 1,
        "fuel": 6447,
        "fault": 0.4985,
        "weapon": 0,
        "pilot_injury": 0.8444,
        "pilot_skill": 0.0101,
        "mission_priority": 0.1865,
        "estimated_landing_time": 2732.0,
        "wait_time": 0,
        "Landing_success_rate": 1.0
    },
    {
        "model": 2,
        "sequence": 5,
        "status": 1,
        "fuel": 6088,
        "fault": 0.0025,
        "weapon": 1,
        "pilot_injury": 0.9467,
        "pilot_skill": 0.3947,
        "mission_priority": 0.9721,
        "estimated_landing_time": 476.0,
        "wait_time": 0,
        "Landing_success_rate": 1.0
    },
    {
        "model": 0,
        "sequence": 17,
        "status": 1,
        "fuel": 5996,
        "fault": 0.2786,
        "weapon": 1,
        "pilot_injury": 0.3939,
        "pilot_skill": 0.1901,
        "mission_priority": 0.0505,
        "estimated_landing_time": 1604.0,
        "wait_time": 0,
        "Landing_success_rate": 1.0
    },
    {
        "model": 1,
        "sequence": 8,
        "status": 1,
        "fuel": 6064,
        "fault": 0.9367,
        "weapon": 1,
        "pilot_injury": 0.1183,
        "pilot_skill": 0.7718,
        "mission_priority": 0.3646,
        "estimated_landing_time": 758.0,
        "wait_time": 0,
        "Landing_success_rate": 1.0
    },
    {
        "model": 2,
        "sequence": 12,
        "status": 1,
        "fuel": 7179,
        "fault": 0.9431,
        "weapon": 0,
        "pilot_injury": 0.2308,
        "pilot_skill": 0.7658,
        "mission_priority": 0.7342,
        "estimated_landing_time": 1134.0,
        "wait_time": 0,
        "Landing_success_rate": 1.0
    },
    {
        "model": 1,
        "sequence": 2,
        "status": 1,
        "fuel": 6469,
        "fault": 0.0287,
        "weapon": 1,
        "pilot_injury": 0.8094,
        "pilot_skill": 0.2614,
        "mission_priority": 0.5904,
        "estimated_landing_time": 194.0,
        "wait_time": 0,
        "Landing_success_rate": 1.0
    },
    {
        "model": 1,
        "sequence": 10,
        "status": 1,
        "fuel": 6648,
        "fault": 0.3561,
        "weapon": 0,
        "pilot_injury": 0.9064,
        "pilot_skill": 0.1772,
        "mission_priority": 0.855,
        "estimated_landing_time": 946.0,
        "wait_time": 0,
        "Landing_success_rate": 1.0
    },
    {
        "model": 0,
        "sequence": 16,
        "status": 1,
        "fuel": 5963,
        "fault": 0.8289,
        "weapon": 1,
        "pilot_injury": 0.0571,
        "pilot_skill": 0.5285,
        "mission_priority": 0.1999,
        "estimated_landing_time": 1510.0,
        "wait_time": 0,
        "Landing_success_rate": 1.0
    },
    {
        "model": 2,
        "sequence": 4,
        "status": 1,
        "fuel": 6164,
        "fault": 0.9862,
        "weapon": 0,
        "pilot_injury": 0.5868,
        "pilot_skill": 0.5585,
        "mission_priority": 0.3368,
        "estimated_landing_time": 382.0,
        "wait_time": 0,
        "Landing_success_rate": 1.0
    },
    {
        "model": 2,
        "sequence": 28,
        "status": 1,
        "fuel": 6499,
        "fault": 0.3089,
        "weapon": 1,
        "pilot_injury": 0.8171,
        "pilot_skill": 0.2075,
        "mission_priority": 0.0391,
        "estimated_landing_time": 2638.0,
        "wait_time": 0,
        "Landing_success_rate": 1.0
    },
    {
        "model": 0,
        "sequence": 22,
        "status": 1,
        "fuel": 5503,
        "fault": 0.4954,
        "weapon": 1,
        "pilot_injury": 0.6305,
        "pilot_skill": 0.265,
        "mission_priority": 0.1392,
        "estimated_landing_time": 2074.0,
        "wait_time": 0,
        "Landing_success_rate": 1.0
    },
    {
        "model": 0,
        "sequence": 30,
        "status": 1,
        "fuel": 6759,
        "fault": 0.5456,
        "weapon": 0,
        "pilot_injury": 0.3179,
        "pilot_skill": 0.3168,
        "mission_priority": 0.8893,
        "estimated_landing_time": 2826.0,
        "wait_time": 0,
        "Landing_success_rate": 1.0
    },
    {
        "model": 0,
        "sequence": 11,
        "status": 1,
        "fuel": 7289,
        "fault": 0.9707,
        "weapon": 1,
        "pilot_injury": 0.7942,
        "pilot_skill": 0.2267,
        "mission_priority": 0.808,
        "estimated_landing_time": 1040.0,
        "wait_time": 0,
        "Landing_success_rate": 1.0
    },
    {
        "model": 1,
        "sequence": 15,
        "status": 1,
        "fuel": 7093,
        "fault": 0.2961,
        "weapon": 1,
        "pilot_injury": 0.5557,
        "pilot_skill": 0.1176,
        "mission_priority": 0.6158,
        "estimated_landing_time": 1416.0,
        "wait_time": 0,
        "Landing_success_rate": 1.0
    }
]