[
    {
        "model": 0,
        "sequence": 11,
        "status": 1,
        "fuel": 7308,
        "fault": 0.5168,
        "weapon": 0,
        "pilot_injury": 0.3088,
        "pilot_skill": 0.1272,
        "mission_priority": 0.7236,
        "estimated_landing_time": 1040.0,
        "wait_time": 0,
        "Landing_success_rate": 1.0
    },
    {
        "model": 0,
        "sequence": 6,
        "status": 1,
        "fuel": 6749,
        "fault": 0.9397,
        "weapon": 0,
        "pilot_injury": 0.6042,
        "pilot_skill": 0.9603,
        "mission_priority": 0.1121,
        "estimated_landing_time": 570.0,
        "wait_time": 0,
        "Landing_success_rate": 1.0
    },
    {
        "model": 2,
        "sequence": 15,
        "status": 1,
        "fuel": 5654,
        "fault": 0.0493,
        "weapon": 1,
        "pilot_injury": 0.3988,
        "pilot_skill": 0.7509,
        "mission_priority": 0.0202,
        "estimated_landing_time": 1416.0,
        "wait_time": 0,
        "Landing_success_rate": 1.0
    },
    {
        "model": 1,
        "sequence": 9,
        "status": 1,
        "fuel": 7440,
        "fault": 0.9417,
        "weapon": 0,
        "pilot_injury": 0.1858,
        "pilot_skill": 0.9892,
        "mission_priority": 0.2579,
        "estimated_landing_time": 852.0,
        "wait_time": 0,
        "Landing_success_rate": 1.0
    },
    {
        "model": 0,
        "sequence": 3,
        "status": 1,
        "fuel": 6905,
        "fault": 0.5441,
        "weapon": 0,
        "pilot_injury": 0.9305,
        "pilot_skill": 0.0471,
        "mission_priority": 0.9023,
        "estimated_landing_time": 288.0,
        "wait_time": 0,
        "Landing_success_rate": 1.0
    },
    {
        "model": 0,
        "sequence": 26,
        "status": 1,
        "fuel": 7068,
        "fault": 0.9402,
        "weapon": 1,
        "pilot_injury": 0.3307,
        "pilot_skill": 0.4768,
        "mission_priority": 0.711,
        "estimated_landing_time": 2450.0,
        "wait_time": 0,
        "Landing_success_rate": 1.0
    },
    {
        "model": 2,
        "sequence": 7,
        "status": 1,
        "fuel": 5731,
        "fault": 0.0071,
        "weapon": 0,
        "pilot_injury": 0.0195,
        "pilot_skill": 0.3217,
        "mission_priority": 0.5116,
        "estimated_landing_time": 664.0,
        "wait_time": 0,
        "Landing_success_rate": 1.0
    },
    {
        "model": 2,
        "sequence": 23,
        "status": 1,
        "fuel": 6541,
        "fault": 0.2657,
        "weapon": 0,
        "pilot_injury": 0.3727,
        "pilot_skill": 0.4354,
        "mission_priority": 0.4877,
        "estimated_landing_time": 2168.0,
        "wait_time": 0,
        "Landing_success_rate": 1.0
    },
    {
        "model": 0,
        "sequence": 8,
        "status": 1,
        "fuel": 6964,
        "fault": 0.0591,
        "weapon": 1,
        "pilot_injury": 0.1291,
        "pilot_skill": 0.4702,
        "mission_priority": 0.9848,
        "estimated_landing_time": 758.0,
        "wait_time": 0,
        "Landing_success_rate": 1.0
    },
    {
        "model": 1,
        "sequence": 16,
        "status": 1,
        "fuel": 5790,
        "fault": 0.0081,
        "weapon": 0,
        "pilot_injury": 0.8897,
        "pilot_skill": 0.071,
        "mission_priority": 0.4809,
        "estimated_landing_time": 1510.0,
        "wait_time": 0,
        "Landing_success_rate": 1.0
    },
    {
        "model": 1,
        "sequence": 25,
        "status": 1,
        "fuel": 6694,
        "fault": 0.4016,
        "weapon": 0,
        "pilot_injury": 0.1884,
        "pilot_skill": 0.5061,
        "mission_priority": 0.1332,
        "estimated_landing_time": 2356.0,
        "wait_time": 0,
        "Landing_success_rate": 1.0
    },
    {
        "model": 2,
        "sequence": 17,
        "status": 1,
        "fuel": 6385,
        "fault": 0.0188,
        "weapon": 1,
        "pilot_injury": 0.8496,
        "pilot_skill": 0.4052,
        "mission_priority": 0.6469,
        "estimated_landing_time": 1604.0,
        "wait_time": 0,
        "Landing_success_rate": 1.0
    },
    {
        "model": 0,
        "sequence": 18,
        "status": 1,
        "fuel": 6799,
        "fault": 0.2294,
        "weapon": 1,
        "pilot_injury": 0.7748,
        "pilot_skill": 0.9717,
        "mission_priority": 0.286,
        "estimated_landing_time": 1698.0,
        "wait_time": 0,
        "Landing_success_rate": 1.0
    },
    {
        "model": 0,
        "sequence": 13,
        "status": 1,
        "fuel": 5601,
        "fault": 0.7013,
        "weapon": 1,
        "pilot_injury": 0.4266,
        "pilot_skill": 0.3757,
        "mission_priority": 0.8849,
        "estimated_landing_time": 1228.0,
        "wait_time": 0,
        "Landing_success_rate": 1.0
    },
    {
        "model": 2,
        "sequence": 14,
        "status": 1,
        "fuel": 6349,
        "fault": 0.7806,
        "weapon": 1,
        "pilot_injury": 0.9195,
        "pilot_skill": 0.6792,
        "mission_priority": 0.6433,
        "estimated_landing_time": 1322.0,
        "wait_time": 0,
        "Landing_success_rate": 1.0
    },
    {
        "model": 2,
        "sequence": 10,
        "status": 1,
        "fuel": 5999,
        "fault": 0.84,
        "weapon": 0,
        "pilot_injury": 0.4463,
        "pilot_skill": 0.3626,
        "mission_priority": 0.3784,
        "estimated_landing_time": 946.0,
        "wait_time": 0,
        "Landing_success_rate": 1.0
    },
    {
        "model": 0,
        "sequence": 29,
        "status": 1,
        "fuel": 6672,
        "fault": 0.8203,
        "weapon": 0,
        "pilot_injury": 0.216,
        "pilot_skill": 0.2748,
        "mission_priority": 0.2032,
        "estimated_landing_time": 2732.0,
        "wait_time": 0,
        "Landing_success_rate": 1.0
    },
    {
        "model": 1,
        "sequence": 30,
        "status": 1,
        "fuel": 6544,
        "fault": 0.9687,
        "weapon": 1,
        "pilot_injury": 0.2447,
        "pilot_skill": 0.8637,
        "mission_priority": 0.7302,
        "estimated_landing_time": 2826.0,
        "wait_time": 0,
        "Landing_success_rate": 1.0
    },
    {
        "model": 2,
        "sequence": 2,
        "status": 1,
        "fuel": 6719,
        "fault": 0.0262,
        "weapon": 0,
        "pilot_injury": 0.61,
        "pilot_skill": 0.7714,
        "mission_priority": 0.5444,
        "estimated_landing_time": 194.0,
        "wait_time": 0,
        "Landing_success_rate": 1.0
    },
    {
        "model": 1,
        "sequence": 5,
        "status": 1,
        "fuel": 6228,
        "fault": 0.8455,
        "weapon": 1,
        "pilot_injury": 0.1233,
        "pilot_skill": 0.0601,
        "mission_priority": 0.2918,
        "estimated_landing_time": 476.0,
        "wait_time": 0,
        "Landing_success_rate": 1.0
    },
    {
        "model": 1,
        "sequence": 22,
        "status": 1,
        "fuel": 7294,
        "fault": 0.2519,
        "weapon": 0,
        "pilot_injury": 0.7389,
        "pilot_skill": 0.4072,
        "mission_priority": 0.4681,
        "estimated_landing_time": 2074.0,
        "wait_time": 0,
        "Landing_success_rate": 1.0
    },
    {
        "model": 0,
        "sequence": 19,
        "status": 1,
        "fuel": 7013,
        "fault": 0.7184,
        "weapon": 1,
        "pilot_injury": 0.9705,
        "pilot_skill": 0.4011,
        "mission_priority": 0.1156,
        "estimated_landing_time": 1792.0,
        "wait_time": 0,
        "Landing_success_rate": 1.0
    },
    {
        "model": 1,
        "sequence": 28,
        "status": 1,
        "fuel": 5792,
        "fault": 0.7043,
        "weapon": 1,
        "pilot_injury": 0.7053,
        "pilot_skill": 0.8464,
        "mission_priority": 0.3927,
        "estimated_landing_time": 2638.0,
        "wait_time": 0,
        "Landing_success_rate": 1.0
    },
    {
        "model": 1,
        "sequence": 27,
        "status": 1,
        "fuel": 5856,
        "fault": 0.4685,
        "weapon": 0,
        "pilot_injury": 0.3286,
        "pilot_skill": 0.5903,
        "mission_priority": 0.2185,
        "estimated_landing_time": 2544.0,
        "wait_time": 0,
        "Landing_success_rate": 1.0
    },
    {
        "model": 0,
        "sequence": 4,
        "status": 1,
        "fuel": 6725,
        "fault": 0.7614,
        "weapon": 1,
        "pilot_injury": 0.4065,
        "pilot_skill": 0.2853,
        "mission_priority": 0.3598,
        "estimated_landing_time": 382.0,
        "wait_time": 0,
        "Landing_success_rate": 1.0
    },
    {
        "model": 2,
        "sequence": 24,
        "status": 1,
        "fuel": 6630,
        "fault": 0.0038,
        "weapon": 0,
        "pilot_injury": 0.0159,
        "pilot_skill": 0.3403,
        "mission_priority": 0.5408,
        "estimated_landing_time": 2262.0,
        "wait_time": 0,
        "Landing_success_rate": 1.0
    },
    {
        "model": 1,
        "sequence": 12,
        "status": 1,
        "fuel": 6465,
        "fault": 0.7082,
        "weapon": 0,
        "pilot_injury": 0.947,
        "pilot_skill": 0.1844,
        "mission_priority": 0.5779,
        "estimated_landing_time": 1134.0,
        "wait_time": 0,
        "Landing_success_rate": 1.0
    },
    {
        "model": 2,
        "sequence": 21,
        "status": 1,
        "fuel": 5984,
        "fault": 0.6734,
        "weapon": 1,
        "pilot_injury": 0.4357,
        "pilot_skill": 0.041,
        "mission_priority": 0.6338,
        "estimated_landing_time": 1980.0,
        "wait_time": 0,
        "Landing_success_rate": 1.0
    },
    {
        "model": 0,
        "sequence": 20,
        "status": 1,
        "fuel": 7280,
        "fault": 0.7544,
        "weapon": 1,
        "pilot_injury": 0.3283,
        "pilot_skill": 0.3251,
        "mission_priority": 0.5876,
        "estimated_landing_time": 1886.0,
        "wait_time": 0,
        "Landing_success_rate": 1.0
    },
    {
        "model": 0,
        "sequence": 1,
        "status": 1,
        "fuel": 6809,
        "fault": 0.6298,
        "weapon": 1,
        "pilot_injury": 0.8012,
        "pilot_skill": 0.2035,
        "mission_priority": 0.9579,
        "estimated_landing_time": 100.0,
        "wait_time": 0,
        "Landing_success_rate": 1.0
    }
]