[
    {
        "model": 2,
        "sequence": 17,
        "status": 1,
        "fuel": 7434,
        "fault": 0.8311,
        "weapon": 1,
        "pilot_injury": 0.4541,
        "pilot_skill": 0.4386,
        "mission_priority": 0.1736,
        "estimated_landing_time": 1604.0,
        "wait_time": 0,
        "Landing_success_rate": 1.0
    },
    {
        "model": 2,
        "sequence": 12,
        "status": 1,
        "fuel": 6121,
        "fault": 0.4162,
        "weapon": 1,
        "pilot_injury": 0.9136,
        "pilot_skill": 0.5255,
        "mission_priority": 0.672,
        "estimated_landing_time": 1134.0,
        "wait_time": 0,
        "Landing_success_rate": 1.0
    },
    {
        "model": 2,
        "sequence": 8,
        "status": 1,
        "fuel": 6602,
        "fault": 0.4452,
        "weapon": 1,
        "pilot_injury": 0.7041,
        "pilot_skill": 0.534,
        "mission_priority": 0.3994,
        "estimated_landing_time": 758.0,
        "wait_time": 0,
        "Landing_success_rate": 1.0
    },
    {
        "model": 1,
        "sequence": 11,
        "status": 1,
        "fuel": 6880,
        "fault": 0.4113,
        "weapon": 0,
        "pilot_injury": 0.8379,
        "pilot_skill": 0.598,
        "mission_priority": 0.2724,
        "estimated_landing_time": 1040.0,
        "wait_time": 0,
        "Landing_success_rate": 1.0
    },
    {
        "model": 1,
        "sequence": 15,
        "status": 1,
        "fuel": 5808,
        "fault": 0.0358,
        "weapon": 0,
        "pilot_injury": 0.3373,
        "pilot_skill": 0.2953,
        "mission_priority": 0.7472,
        "estimated_landing_time": 1416.0,
        "wait_time": 0,
        "Landing_success_rate": 1.0
    },
    {
        "model": 1,
        "sequence": 16,
        "status": 1,
        "fuel": 5966,
        "fault": 0.0781,
        "weapon": 0,
        "pilot_injury": 0.1317,
        "pilot_skill": 0.2481,
        "mission_priority": 0.4958,
        "estimated_landing_time": 1510.0,
        "wait_time": 0,
        "Landing_success_rate": 1.0
    },
    {
        "model": 0,
        "sequence": 19,
        "status": 1,
        "fuel": 6090,
        "fault": 0.5892,
        "weapon": 0,
        "pilot_injury": 0.1418,
        "pilot_skill": 0.4003,
        "mission_priority": 0.2916,
        "estimated_landing_time": 1792.0,
        "wait_time": 0,
        "Landing_success_rate": 1.0
    },
    {
        "model": 1,
        "sequence": 28,
        "status": 1,
        "fuel": 6467,
        "fault": 0.1682,
        "weapon": 1,
        "pilot_injury": 0.6156,
        "pilot_skill": 0.5747,
        "mission_priority": 0.1701,
        "estimated_landing_time": 2638.0,
        "wait_time": 0,
        "Landing_success_rate": 1.0
    },
    {
        "model": 0,
        "sequence": 9,
        "status": 1,
        "fuel": 7108,
        "fault": 0.1242,
        "weapon": 1,
        "pilot_injury": 0.1374,
        "pilot_skill": 0.7267,
        "mission_priority": 0.6327,
        "estimated_landing_time": 852.0,
        "wait_time": 0,
        "Landing_success_rate": 1.0
    },
    {
        "model": 1,
        "sequence": 2,
        "status": 1,
        "fuel": 6990,
        "fault": 0.4358,
        "weapon": 1,
        "pilot_injury": 0.0314,
        "pilot_skill": 0.2831,
        "mission_priority": 0.3363,
        "estimated_landing_time": 194.0,
        "wait_time": 0,
        "Landing_success_rate": 1.0
    },
    {
        "model": 0,
        "sequence": 21,
        "status": 1,
        "fuel": 5906,
        "fault": 0.7796,
        "weapon": 1,
        "pilot_injury": 0.2639,
        "pilot_skill": 0.9529,
        "mission_priority": 0.8519,
        "estimated_landing_time": 1980.0,
        "wait_time": 0,
        "Landing_success_rate": 1.0
    },
    {
        "model": 2,
        "sequence": 20,
        "status": 1,
        "fuel": 5726,
        "fault": 0.7175,
        "weapon": 0,
        "pilot_injury": 0.3623,
        "pilot_skill": 0.481,
        "mission_priority": 0.1077,
        "estimated_landing_time": 1886.0,
        "wait_time": 0,
        "Landing_success_rate": 1.0
    },
    {
        "model": 2,
        "sequence": 1,
        "status": 1,
        "fuel": 6688,
        "fault": 0.1892,
        "weapon": 1,
        "pilot_injury": 0.9208,
        "pilot_skill": 0.4004,
        "mission_priority": 0.7567,
        "estimated_landing_time": 100.0,
        "wait_time": 0,
        "Landing_success_rate": 1.0
    },
    {
        "model": 2,
        "sequence": 30,
        "status": 1,
        "fuel": 6184,
        "fault": 0.5962,
        "weapon": 0,
        "pilot_injury": 0.3335,
        "pilot_skill": 0.1331,
        "mission_priority": 0.1369,
        "estimated_landing_time": 2826.0,
        "wait_time": 0,
        "Landing_success_rate": 1.0
    },
    {
        "model": 0,
        "sequence": 23,
        "status": 1,
        "fuel": 7094,
        "fault": 0.4448,
        "weapon": 1,
        "pilot_injury": 0.5712,
        "pilot_skill": 0.5457,
        "mission_priority": 0.123,
        "estimated_landing_time": 2168.0,
        "wait_time": 0,
        "Landing_success_rate": 1.0
    },
    {
        "model": 0,
        "sequence": 25,
        "status": 1,
        "fuel": 7214,
        "fault": 0.8456,
        "weapon": 1,
        "pilot_injury": 0.7527,
        "pilot_skill": 0.6956,
        "mission_priority": 0.5835,
        "estimated_landing_time": 2356.0,
        "wait_time": 0,
        "Landing_success_rate": 1.0
    },
    {
        "model": 1,
        "sequence": 29,
        "status": 1,
        "fuel": 7117,
        "fault": 0.8999,
        "weapon": 0,
        "pilot_injury": 0.2573,
        "pilot_skill": 0.8309,
        "mission_priority": 0.7223,
        "estimated_landing_time": 2732.0,
        "wait_time": 0,
        "Landing_success_rate": 1.0
    },
    {
        "model": 0,
        "sequence": 13,
        "status": 1,
        "fuel": 6177,
        "fault": 0.8323,
        "weapon": 1,
        "pilot_injury": 0.8212,
        "pilot_skill": 0.024,
        "mission_priority": 0.6655,
        "estimated_landing_time": 1228.0,
        "wait_time": 0,
        "Landing_success_rate": 1.0
    },
    {
        "model": 0,
        "sequence": 14,
        "status": 1,
        "fuel": 7023,
        "fault": 0.7878,
        "weapon": 0,
        "pilot_injury": 0.7489,
        "pilot_skill": 0.4223,
        "mission_priority": 0.6334,
        "estimated_landing_time": 1322.0,
        "wait_time": 0,
        "Landing_success_rate": 1.0
    },
    {
        "model": 1,
        "sequence": 26,
        "status": 1,
        "fuel": 6714,
        "fault": 0.5622,
        "weapon": 0,
        "pilot_injury": 0.6742,
        "pilot_skill": 0.6706,
        "mission_priority": 0.5964,
        "estimated_landing_time": 2450.0,
        "wait_time": 0,
        "Landing_success_rate": 1.0
    },
    {
        "model": 0,
        "sequence": 27,
        "status": 1,
        "fuel": 6926,
        "fault": 0.8328,
        "weapon": 1,
        "pilot_injury": 0.4594,
        "pilot_skill": 0.2503,
        "mission_priority": 0.1656,
        "estimated_landing_time": 2544.0,
        "wait_time": 0,
        "Landing_success_rate": 1.0
    },
    {
        "model": 0,
        "sequence": 3,
        "status": 1,
        "fuel": 6048,
        "fault": 0.8352,
        "weapon": 0,
        "pilot_injury": 0.6133,
        "pilot_skill": 0.2132,
        "mission_priority": 0.2541,
        "estimated_landing_time": 288.0,
        "wait_time": 0,
        "Landing_success_rate": 1.0
    },
    {
        "model": 2,
        "sequence": 4,
        "status": 1,
        "fuel": 7456,
        "fault": 0.111,
        "weapon": 0,
        "pilot_injury": 0.7168,
        "pilot_skill": 0.3926,
        "mission_priority": 0.87,
        "estimated_landing_time": 382.0,
        "wait_time": 0,
        "Landing_success_rate": 1.0
    },
    {
        "model": 1,
        "sequence": 5,
        "status": 1,
        "fuel": 5838,
        "fault": 0.1621,
        "weapon": 1,
        "pilot_injury": 0.1263,
        "pilot_skill": 0.5036,
        "mission_priority": 0.2398,
        "estimated_landing_time": 476.0,
        "wait_time": 0,
        "Landing_success_rate": 1.0
    },
    {
        "model": 2,
        "sequence": 18,
        "status": 1,
        "fuel": 7053,
        "fault": 0.5455,
        "weapon": 0,
        "pilot_injury": 0.0158,
        "pilot_skill": 0.4938,
        "mission_priority": 0.0454,
        "estimated_landing_time": 1698.0,
        "wait_time": 0,
        "Landing_success_rate": 1.0
    },
    {
        "model": 0,
        "sequence": 22,
        "status": 1,
        "fuel": 5786,
        "fault": 0.3416,
        "weapon": 1,
        "pilot_injury": 0.8672,
        "pilot_skill": 0.2438,
        "mission_priority": 0.1401,
        "estimated_landing_time": 2074.0,
        "wait_time": 0,
        "Landing_success_rate": 1.0
    },
    {
        "model": 1,
        "sequence": 24,
        "status": 1,
        "fuel": 6423,
        "fault": 0.6141,
        "weapon": 1,
        "pilot_injury": 0.4238,
        "pilot_skill": 0.8105,
        "mission_priority": 0.2525,
        "estimated_landing_time": 2262.0,
        "wait_time": 0,
        "Landing_success_rate": 1.0
    },
    {
        "model": 1,
        "sequence": 10,
        "status": 1,
        "fuel": 7207,
        "fault": 0.3758,
        "weapon": 0,
        "pilot_injury": 0.2726,
        "pilot_skill": 0.4268,
        "mission_priority": 0.4548,
        "estimated_landing_time": 946.0,
        "wait_time": 0,
        "Landing_success_rate": 1.0
    },
    {
        "model": 2,
        "sequence": 6,
        "status": 1,
        "fuel": 5563,
        "fault": 0.7887,
        "weapon": 0,
        "pilot_injury": 0.7667,
        "pilot_skill": 0.7836,
        "mission_priority": 0.5984,
        "estimated_landing_time": 570.0,
        "wait_time": 0,
        "Landing_success_rate": 1.0
    },
    {
        "model": 2,
        "sequence": 7,
        "status": 1,
        "fuel": 7227,
        "fault": 0.2443,
        "weapon": 0,
        "pilot_injury": 0.1779,
        "pilot_skill": 0.8813,
        "mission_priority": 0.6973,
        "estimated_landing_time": 664.0,
        "wait_time": 0,
        "Landing_success_rate": 1.0
    }
]