[
    {
        "model": 0,
        "sequence": 1,
        "status": 1,
        "fuel": 6780,
        "fault": 0.4883,
        "weapon": 1,
        "pilot_injury": 0.7281,
        "pilot_skill": 0.9879,
        "mission_priority": 0.4294,
        "estimated_landing_time": 100.0,
        "wait_time": 0,
        "Landing_success_rate": 1.0
    },
    {
        "model": 1,
        "sequence": 22,
        "status": 1,
        "fuel": 7381,
        "fault": 0.1135,
        "weapon": 0,
        "pilot_injury": 0.7365,
        "pilot_skill": 0.7898,
        "mission_priority": 0.0776,
        "estimated_landing_time": 2074.0,
        "wait_time": 0,
        "Landing_success_rate": 1.0
    },
    {
        "model": 1,
        "sequence": 8,
        "status": 1,
        "fuel": 6125,
        "fault": 0.4042,
        "weapon": 0,
        "pilot_injury": 0.0452,
        "pilot_skill": 0.0391,
        "mission_priority": 0.5509,
        "estimated_landing_time": 758.0,
        "wait_time": 0,
        "Landing_success_rate": 1.0
    },
    {
        "model": 0,
        "sequence": 19,
        "status": 1,
        "fuel": 5979,
        "fault": 0.9801,
        "weapon": 0,
        "pilot_injury": 0.6771,
        "pilot_skill": 0.3285,
        "mission_priority": 0.9449,
        "estimated_landing_time": 1792.0,
        "wait_time": 0,
        "Landing_success_rate": 1.0
    },
    {
        "model": 0,
        "sequence": 30,
        "status": 1,
        "fuel": 6100,
        "fault": 0.6597,
        "weapon": 1,
        "pilot_injury": 0.2306,
        "pilot_skill": 0.0919,
        "mission_priority": 0.1882,
        "estimated_landing_time": 2826.0,
        "wait_time": 0,
        "Landing_success_rate": 1.0
    },
    {
        "model": 1,
        "sequence": 21,
        "status": 1,
        "fuel": 6277,
        "fault": 0.2312,
        "weapon": 1,
        "pilot_injury": 0.0095,
        "pilot_skill": 0.7441,
        "mission_priority": 0.0401,
        "estimated_landing_time": 1980.0,
        "wait_time": 0,
        "Landing_success_rate": 1.0
    },
    {
        "model": 1,
        "sequence": 5,
        "status": 1,
        "fuel": 5713,
        "fault": 0.4179,
        "weapon": 1,
        "pilot_injury": 0.6461,
        "pilot_skill": 0.2154,
        "mission_priority": 0.6628,
        "estimated_landing_time": 476.0,
        "wait_time": 0,
        "Landing_success_rate": 1.0
    },
    {
        "model": 2,
        "sequence": 4,
        "status": 1,
        "fuel": 7262,
        "fault": 0.2868,
        "weapon": 0,
        "pilot_injury": 0.7595,
        "pilot_skill": 0.4747,
        "mission_priority": 0.8556,
        "estimated_landing_time": 382.0,
        "wait_time": 0,
        "Landing_success_rate": 1.0
    },
    {
        "model": 2,
        "sequence": 2,
        "status": 1,
        "fuel": 7334,
        "fault": 0.4385,
        "weapon": 0,
        "pilot_injury": 0.4862,
        "pilot_skill": 0.1015,
        "mission_priority": 0.0466,
        "estimated_landing_time": 194.0,
        "wait_time": 0,
        "Landing_success_rate": 1.0
    },
    {
        "model": 0,
        "sequence": 20,
        "status": 1,
        "fuel": 6988,
        "fault": 0.9967,
        "weapon": 0,
        "pilot_injury": 0.2221,
        "pilot_skill": 0.146,
        "mission_priority": 0.6014,
        "estimated_landing_time": 1886.0,
        "wait_time": 0,
        "Landing_success_rate": 1.0
    },
    {
        "model": 0,
        "sequence": 26,
        "status": 1,
        "fuel": 6814,
        "fault": 0.4545,
        "weapon": 1,
        "pilot_injury": 0.134,
        "pilot_skill": 0.2532,
        "mission_priority": 0.099,
        "estimated_landing_time": 2450.0,
        "wait_time": 0,
        "Landing_success_rate": 1.0
    },
    {
        "model": 2,
        "sequence": 15,
        "status": 1,
        "fuel": 5969,
        "fault": 0.5264,
        "weapon": 0,
        "pilot_injury": 0.7776,
        "pilot_skill": 0.9867,
        "mission_priority": 0.9992,
        "estimated_landing_time": 1416.0,
        "wait_time": 0,
        "Landing_success_rate": 1.0
    },
    {
        "model": 0,
        "sequence": 17,
        "status": 1,
        "fuel": 5707,
        "fault": 0.5629,
        "weapon": 1,
        "pilot_injury": 0.2791,
        "pilot_skill": 0.143,
        "mission_priority": 0.64,
        "estimated_landing_time": 1604.0,
        "wait_time": 0,
        "Landing_success_rate": 1.0
    },
    {
        "model": 2,
        "sequence": 10,
        "status": 1,
        "fuel": 5944,
        "fault": 0.0023,
        "weapon": 0,
        "pilot_injury": 0.3663,
        "pilot_skill": 0.3021,
        "mission_priority": 0.9278,
        "estimated_landing_time": 946.0,
        "wait_time": 0,
        "Landing_success_rate": 1.0
    },
    {
        "model": 2,
        "sequence": 23,
        "status": 1,
        "fuel": 6461,
        "fault": 0.2003,
        "weapon": 0,
        "pilot_injury": 0.6523,
        "pilot_skill": 0.3579,
        "mission_priority": 0.5675,
        "estimated_landing_time": 2168.0,
        "wait_time": 0,
        "Landing_success_rate": 1.0
    },
    {
        "model": 2,
        "sequence": 28,
        "status": 1,
        "fuel": 6431,
        "fault": 0.7478,
        "weapon": 0,
        "pilot_injury": 0.3098,
        "pilot_skill": 0.6885,
        "mission_priority": 0.1432,
        "estimated_landing_time": 2638.0,
        "wait_time": 0,
        "Landing_success_rate": 1.0
    },
    {
        "model": 1,
        "sequence": 3,
        "status": 1,
        "fuel": 6396,
        "fault": 0.2742,
        "weapon": 1,
        "pilot_injury": 0.9972,
        "pilot_skill": 0.861,
        "mission_priority": 0.6208,
        "estimated_landing_time": 288.0,
        "wait_time": 0,
        "Landing_success_rate": 1.0
    },
    {
        "model": 0,
        "sequence": 16,
        "status": 1,
        "fuel": 6426,
        "fault": 0.6691,
        "weapon": 1,
        "pilot_injury": 0.7439,
        "pilot_skill": 0.2041,
        "mission_priority": 0.4114,
        "estimated_landing_time": 1510.0,
        "wait_time": 0,
        "Landing_success_rate": 1.0
    },
    {
        "model": 2,
        "sequence": 12,
        "status": 1,
        "fuel": 6950,
        "fault": 0.4572,
        "weapon": 1,
        "pilot_injury": 0.7794,
        "pilot_skill": 0.9413,
        "mission_priority": 0.1467,
        "estimated_landing_time": 1134.0,
        "wait_time": 0,
        "Landing_success_rate": 1.0
    },
    {
        "model": 1,
        "sequence": 9,
        "status": 1,
        "fuel": 5822,
        "fault": 0.7777,
        "weapon": 0,
        "pilot_injury": 0.1358,
        "pilot_skill": 0.6078,
        "mission_priority": 0.9303,
        "estimated_landing_time": 852.0,
        "wait_time": 0,
        "Landing_success_rate": 1.0
    },
    {
        "model": 1,
        "sequence": 11,
        "status": 1,
        "fuel": 6239,
        "fault": 0.3204,
        "weapon": 0,
        "pilot_injury": 0.4936,
        "pilot_skill": 0.1867,
        "mission_priority": 0.5999,
        "estimated_landing_time": 1040.0,
        "wait_time": 0,
        "Landing_success_rate": 1.0
    },
    {
        "model": 0,
        "sequence": 13,
        "status": 1,
        "fuel": 7300,
        "fault": 0.5159,
        "weapon": 0,
        "pilot_injury": 0.2538,
        "pilot_skill": 0.3073,
        "mission_priority": 0.8596,
        "estimated_landing_time": 1228.0,
        "wait_time": 0,
        "Landing_success_rate": 1.0
    },
    {
        "model": 2,
        "sequence": 27,
        "status": 1,
        "fuel": 6257,
        "fault": 0.2912,
        "weapon": 1,
        "pilot_injury": 0.3101,
        "pilot_skill": 0.1459,
        "mission_priority": 0.0443,
        "estimated_landing_time": 2544.0,
        "wait_time": 0,
        "Landing_success_rate": 1.0
    },
    {
        "model": 0,
        "sequence": 29,
        "status": 1,
        "fuel": 6235,
        "fault": 0.2723,
        "weapon": 1,
        "pilot_injury": 0.992,
        "pilot_skill": 0.7723,
        "mission_priority": 0.7779,
        "estimated_landing_time": 2732.0,
        "wait_time": 0,
        "Landing_success_rate": 1.0
    },
    {
        "model": 2,
        "sequence": 18,
        "status": 1,
        "fuel": 6072,
        "fault": 0.1749,
        "weapon": 1,
        "pilot_injury": 0.07,
        "pilot_skill": 0.456,
        "mission_priority": 0.279,
        "estimated_landing_time": 1698.0,
        "wait_time": 0,
        "Landing_success_rate": 1.0
    },
    {
        "model": 2,
        "sequence": 14,
        "status": 1,
        "fuel": 5772,
        "fault": 0.8426,
        "weapon": 0,
        "pilot_injury": 0.3207,
        "pilot_skill": 0.6622,
        "mission_priority": 0.0075,
        "estimated_landing_time": 1322.0,
        "wait_time": 0,
        "Landing_success_rate": 1.0
    },
    {
        "model": 1,
        "sequence": 6,
        "status": 1,
        "fuel": 7203,
        "fault": 0.4219,
        "weapon": 0,
        "pilot_injury": 0.2579,
        "pilot_skill": 0.6213,
        "mission_priority": 0.5604,
        "estimated_landing_time": 570.0,
        "wait_time": 0,
        "Landing_success_rate": 1.0
    },
    {
        "model": 2,
        "sequence": 7,
        "status": 1,
        "fuel": 6688,
        "fault": 0.009,
        "weapon": 0,
        "pilot_injury": 0.8358,
        "pilot_skill": 0.5673,
        "mission_priority": 0.5386,
        "estimated_landing_time": 664.0,
        "wait_time": 0,
        "Landing_success_rate": 1.0
    },
    {
        "model": 1,
        "sequence": 25,
        "status": 1,
        "fuel": 5598,
        "fault": 0.7224,
        "weapon": 1,
        "pilot_injury": 0.4915,
        "pilot_skill": 0.706,
        "mission_priority": 0.7972,
        "estimated_landing_time": 2356.0,
        "wait_time": 0,
        "Landing_success_rate": 1.0
    },
    {
        "model": 2,
        "sequence": 24,
        "status": 1,
        "fuel": 6190,
        "fault": 0.8552,
        "weapon": 0,
        "pilot_injury": 0.9557,
        "pilot_skill": 0.7302,
        "mission_priority": 0.419,
        "estimated_landing_time": 2262.0,
        "wait_time": 0,
        "Landing_success_rate": 1.0
    }
]