[
    {
        "model": 2,
        "sequence": 13,
        "status": 1,
        "fuel": 6583,
        "fault": 0.6293,
        "weapon": 0,
        "pilot_injury": 0.2165,
        "pilot_skill": 0.1444,
        "mission_priority": 0.5548,
        "estimated_landing_time": 1228.0,
        "wait_time": 0,
        "Landing_success_rate": 1.0
    },
    {
        "model": 1,
        "sequence": 12,
        "status": 1,
        "fuel": 7247,
        "fault": 0.0544,
        "weapon": 0,
        "pilot_injury": 0.9752,
        "pilot_skill": 0.3035,
        "mission_priority": 0.8603,
        "estimated_landing_time": 1134.0,
        "wait_time": 0,
        "Landing_success_rate": 1.0
    },
    {
        "model": 1,
        "sequence": 27,
        "status": 1,
        "fuel": 5616,
        "fault": 0.5749,
        "weapon": 1,
        "pilot_injury": 0.4266,
        "pilot_skill": 0.8498,
        "mission_priority": 0.2384,
        "estimated_landing_time": 2544.0,
        "wait_time": 0,
        "Landing_success_rate": 1.0
    },
    {
        "model": 0,
        "sequence": 3,
        "status": 1,
        "fuel": 7378,
        "fault": 0.2628,
        "weapon": 0,
        "pilot_injury": 0.1184,
        "pilot_skill": 0.7286,
        "mission_priority": 0.4369,
        "estimated_landing_time": 288.0,
        "wait_time": 0,
        "Landing_success_rate": 1.0
    },
    {
        "model": 1,
        "sequence": 16,
        "status": 1,
        "fuel": 7096,
        "fault": 0.7157,
        "weapon": 0,
        "pilot_injury": 0.2757,
        "pilot_skill": 0.0964,
        "mission_priority": 0.0187,
        "estimated_landing_time": 1510.0,
        "wait_time": 0,
        "Landing_success_rate": 1.0
    },
    {
        "model": 2,
        "sequence": 19,
        "status": 1,
        "fuel": 5796,
        "fault": 0.7086,
        "weapon": 1,
        "pilot_injury": 0.6329,
        "pilot_skill": 0.7159,
        "mission_priority": 0.5037,
        "estimated_landing_time": 1792.0,
        "wait_time": 0,
        "Landing_success_rate": 1.0
    },
    {
        "model": 1,
        "sequence": 24,
        "status": 1,
        "fuel": 7479,
        "fault": 0.7151,
        "weapon": 0,
        "pilot_injury": 0.0046,
        "pilot_skill": 0.8417,
        "mission_priority": 0.0596,
        "estimated_landing_time": 2262.0,
        "wait_time": 0,
        "Landing_success_rate": 1.0
    },
    {
        "model": 2,
        "sequence": 22,
        "status": 1,
        "fuel": 5984,
        "fault": 0.2907,
        "weapon": 0,
        "pilot_injury": 0.6623,
        "pilot_skill": 0.3256,
        "mission_priority": 0.0712,
        "estimated_landing_time": 2074.0,
        "wait_time": 0,
        "Landing_success_rate": 1.0
    },
    {
        "model": 2,
        "sequence": 15,
        "status": 1,
        "fuel": 7047,
        "fault": 0.1948,
        "weapon": 1,
        "pilot_injury": 0.6673,
        "pilot_skill": 0.7182,
        "mission_priority": 0.1284,
        "estimated_landing_time": 1416.0,
        "wait_time": 0,
        "Landing_success_rate": 1.0
    },
    {
        "model": 2,
        "sequence": 25,
        "status": 1,
        "fuel": 6428,
        "fault": 0.26,
        "weapon": 1,
        "pilot_injury": 0.9573,
        "pilot_skill": 0.5529,
        "mission_priority": 0.7117,
        "estimated_landing_time": 2356.0,
        "wait_time": 0,
        "Landing_success_rate": 1.0
    },
    {
        "model": 2,
        "sequence": 11,
        "status": 1,
        "fuel": 7005,
        "fault": 0.0887,
        "weapon": 1,
        "pilot_injury": 0.9465,
        "pilot_skill": 0.072,
        "mission_priority": 0.7599,
        "estimated_landing_time": 1040.0,
        "wait_time": 0,
        "Landing_success_rate": 1.0
    },
    {
        "model": 1,
        "sequence": 6,
        "status": 1,
        "fuel": 6461,
        "fault": 0.9886,
        "weapon": 0,
        "pilot_injury": 0.1716,
        "pilot_skill": 0.5662,
        "mission_priority": 0.7951,
        "estimated_landing_time": 570.0,
        "wait_time": 0,
        "Landing_success_rate": 1.0
    },
    {
        "model": 1,
        "sequence": 28,
        "status": 1,
        "fuel": 6507,
        "fault": 0.948,
        "weapon": 1,
        "pilot_injury": 0.3359,
        "pilot_skill": 0.4943,
        "mission_priority": 0.7612,
        "estimated_landing_time": 2638.0,
        "wait_time": 0,
        "Landing_success_rate": 1.0
    },
    {
        "model": 0,
        "sequence": 23,
        "status": 1,
        "fuel": 5596,
        "fault": 0.7222,
        "weapon": 1,
        "pilot_injury": 0.6137,
        "pilot_skill": 0.9674,
        "mission_priority": 0.7853,
        "estimated_landing_time": 2168.0,
        "wait_time": 0,
        "Landing_success_rate": 1.0
    },
    {
        "model": 2,
        "sequence": 20,
        "status": 1,
        "fuel": 7189,
        "fault": 0.2249,
        "weapon": 0,
        "pilot_injury": 0.8902,
        "pilot_skill": 0.3718,
        "mission_priority": 0.2547,
        "estimated_landing_time": 1886.0,
        "wait_time": 0,
        "Landing_success_rate": 1.0
    },
    {
        "model": 0,
        "sequence": 18,
        "status": 1,
        "fuel": 5832,
        "fault": 0.7383,
        "weapon": 1,
        "pilot_injury": 0.8244,
        "pilot_skill": 0.8935,
        "mission_priority": 0.8496,
        "estimated_landing_time": 1698.0,
        "wait_time": 0,
        "Landing_success_rate": 1.0
    },
    {
        "model": 2,
        "sequence": 2,
        "status": 1,
        "fuel": 5979,
        "fault": 0.6404,
        "weapon": 0,
        "pilot_injury": 0.7947,
        "pilot_skill": 0.8391,
        "mission_priority": 0.4018,
        "estimated_landing_time": 194.0,
        "wait_time": 0,
        "Landing_success_rate": 1.0
    },
    {
        "model": 2,
        "sequence": 21,
        "status": 1,
        "fuel": 7428,
        "fault": 0.78,
        "weapon": 1,
        "pilot_injury": 0.6978,
        "pilot_skill": 0.6719,
        "mission_priority": 0.5904,
        "estimated_landing_time": 1980.0,
        "wait_time": 0,
        "Landing_success_rate": 1.0
    },
    {
        "model": 2,
        "sequence": 29,
        "status": 1,
        "fuel": 6457,
        "fault": 0.8925,
        "weapon": 1,
        "pilot_injury": 0.8201,
        "pilot_skill": 0.1248,
        "mission_priority": 0.6427,
        "estimated_landing_time": 2732.0,
        "wait_time": 0,
        "Landing_success_rate": 1.0
    },
    {
        "model": 1,
        "sequence": 9,
        "status": 1,
        "fuel": 6524,
        "fault": 0.5626,
        "weapon": 1,
        "pilot_injury": 0.4492,
        "pilot_skill": 0.4855,
        "mission_priority": 0.1041,
        "estimated_landing_time": 852.0,
        "wait_time": 0,
        "Landing_success_rate": 1.0
    },
    {
        "model": 2,
        "sequence": 14,
        "status": 1,
        "fuel": 5596,
        "fault": 0.5547,
        "weapon": 1,
        "pilot_injury": 0.5506,
        "pilot_skill": 0.8321,
        "mission_priority": 0.0859,
        "estimated_landing_time": 1322.0,
        "wait_time": 0,
        "Landing_success_rate": 1.0
    },
    {
        "model": 2,
        "sequence": 30,
        "status": 1,
        "fuel": 6830,
        "fault": 0.9033,
        "weapon": 0,
        "pilot_injury": 0.5747,
        "pilot_skill": 0.8935,
        "mission_priority": 0.1973,
        "estimated_landing_time": 2826.0,
        "wait_time": 0,
        "Landing_success_rate": 1.0
    },
    {
        "model": 0,
        "sequence": 10,
        "status": 1,
        "fuel": 7034,
        "fault": 0.6227,
        "weapon": 0,
        "pilot_injury": 0.5458,
        "pilot_skill": 0.6761,
        "mission_priority": 0.6709,
        "estimated_landing_time": 946.0,
        "wait_time": 0,
        "Landing_success_rate": 1.0
    },
    {
        "model": 2,
        "sequence": 1,
        "status": 1,
        "fuel": 7392,
        "fault": 0.6854,
        "weapon": 1,
        "pilot_injury": 0.76,
        "pilot_skill": 0.4729,
        "mission_priority": 0.3229,
        "estimated_landing_time": 100.0,
        "wait_time": 0,
        "Landing_success_rate": 1.0
    },
    {
        "model": 0,
        "sequence": 8,
        "status": 1,
        "fuel": 7316,
        "fault": 0.3253,
        "weapon": 1,
        "pilot_injury": 0.7206,
        "pilot_skill": 0.1576,
        "mission_priority": 0.6362,
        "estimated_landing_time": 758.0,
        "wait_time": 0,
        "Landing_success_rate": 1.0
    },
    {
        "model": 1,
        "sequence": 5,
        "status": 1,
        "fuel": 7281,
        "fault": 0.1795,
        "weapon": 0,
        "pilot_injury": 0.4886,
        "pilot_skill": 0.6709,
        "mission_priority": 0.0002,
        "estimated_landing_time": 476.0,
        "wait_time": 0,
        "Landing_success_rate": 1.0
    },
    {
        "model": 1,
        "sequence": 7,
        "status": 1,
        "fuel": 6244,
        "fault": 0.0536,
        "weapon": 0,
        "pilot_injury": 0.9309,
        "pilot_skill": 0.4642,
        "mission_priority": 0.507,
        "estimated_landing_time": 664.0,
        "wait_time": 0,
        "Landing_success_rate": 1.0
    },
    {
        "model": 2,
        "sequence": 26,
        "status": 1,
        "fuel": 5732,
        "fault": 0.8252,
        "weapon": 0,
        "pilot_injury": 0.4324,
        "pilot_skill": 0.9744,
        "mission_priority": 0.8123,
        "estimated_landing_time": 2450.0,
        "wait_time": 0,
        "Landing_success_rate": 1.0
    },
    {
        "model": 2,
        "sequence": 17,
        "status": 1,
        "fuel": 6211,
        "fault": 0.3481,
        "weapon": 0,
        "pilot_injury": 0.3463,
        "pilot_skill": 0.5919,
        "mission_priority": 0.4462,
        "estimated_landing_time": 1604.0,
        "wait_time": 0,
        "Landing_success_rate": 1.0
    },
    {
        "model": 0,
        "sequence": 4,
        "status": 1,
        "fuel": 6811,
        "fault": 0.7199,
        "weapon": 0,
        "pilot_injury": 0.7913,
        "pilot_skill": 0.7911,
        "mission_priority": 0.3009,
        "estimated_landing_time": 382.0,
        "wait_time": 0,
        "Landing_success_rate": 1.0
    }
]