[
    {
        "model": 2,
        "sequence": 7,
        "status": 1,
        "fuel": 6203,
        "fault": 0.7709,
        "weapon": 0,
        "pilot_injury": 0.2009,
        "pilot_skill": 0.7302,
        "mission_priority": 0.9208,
        "estimated_landing_time": 664.0,
        "wait_time": 0,
        "Landing_success_rate": 1.0
    },
    {
        "model": 1,
        "sequence": 29,
        "status": 1,
        "fuel": 6813,
        "fault": 0.7881,
        "weapon": 1,
        "pilot_injury": 0.8771,
        "pilot_skill": 0.9525,
        "mission_priority": 0.0721,
        "estimated_landing_time": 2732.0,
        "wait_time": 0,
        "Landing_success_rate": 1.0
    },
    {
        "model": 2,
        "sequence": 15,
        "status": 1,
        "fuel": 5933,
        "fault": 0.9915,
        "weapon": 1,
        "pilot_injury": 0.5415,
        "pilot_skill": 0.7837,
        "mission_priority": 0.5451,
        "estimated_landing_time": 1416.0,
        "wait_time": 0,
        "Landing_success_rate": 1.0
    },
    {
        "model": 2,
        "sequence": 20,
        "status": 1,
        "fuel": 6245,
        "fault": 0.3832,
        "weapon": 0,
        "pilot_injury": 0.1178,
        "pilot_skill": 0.3474,
        "mission_priority": 0.5582,
        "estimated_landing_time": 1886.0,
        "wait_time": 0,
        "Landing_success_rate": 1.0
    },
    {
        "model": 0,
        "sequence": 21,
        "status": 1,
        "fuel": 7335,
        "fault": 0.7072,
        "weapon": 0,
        "pilot_injury": 0.3033,
        "pilot_skill": 0.8766,
        "mission_priority": 0.2261,
        "estimated_landing_time": 1980.0,
        "wait_time": 0,
        "Landing_success_rate": 1.0
    },
    {
        "model": 1,
        "sequence": 30,
        "status": 1,
        "fuel": 5898,
        "fault": 0.712,
        "weapon": 1,
        "pilot_injury": 0.4106,
        "pilot_skill": 0.7296,
        "mission_priority": 0.6506,
        "estimated_landing_time": 2826.0,
        "wait_time": 0,
        "Landing_success_rate": 1.0
    },
    {
        "model": 0,
        "sequence": 17,
        "status": 1,
        "fuel": 6110,
        "fault": 0.4203,
        "weapon": 0,
        "pilot_injury": 0.5846,
        "pilot_skill": 0.9351,
        "mission_priority": 0.3575,
        "estimated_landing_time": 1604.0,
        "wait_time": 0,
        "Landing_success_rate": 1.0
    },
    {
        "model": 2,
        "sequence": 11,
        "status": 1,
        "fuel": 5775,
        "fault": 0.3019,
        "weapon": 0,
        "pilot_injury": 0.8873,
        "pilot_skill": 0.311,
        "mission_priority": 0.873,
        "estimated_landing_time": 1040.0,
        "wait_time": 0,
        "Landing_success_rate": 1.0
    },
    {
        "model": 0,
        "sequence": 22,
        "status": 1,
        "fuel": 7193,
        "fault": 0.9721,
        "weapon": 1,
        "pilot_injury": 0.0663,
        "pilot_skill": 0.3565,
        "mission_priority": 0.118,
        "estimated_landing_time": 2074.0,
        "wait_time": 0,
        "Landing_success_rate": 1.0
    },
    {
        "model": 2,
        "sequence": 9,
        "status": 1,
        "fuel": 6119,
        "fault": 0.1706,
        "weapon": 0,
        "pilot_injury": 0.41,
        "pilot_skill": 0.2256,
        "mission_priority": 0.3046,
        "estimated_landing_time": 852.0,
        "wait_time": 0,
        "Landing_success_rate": 1.0
    },
    {
        "model": 2,
        "sequence": 16,
        "status": 1,
        "fuel": 5775,
        "fault": 0.1479,
        "weapon": 1,
        "pilot_injury": 0.6899,
        "pilot_skill": 0.9422,
        "mission_priority": 0.8839,
        "estimated_landing_time": 1510.0,
        "wait_time": 0,
        "Landing_success_rate": 1.0
    },
    {
        "model": 0,
        "sequence": 3,
        "status": 1,
        "fuel": 6264,
        "fault": 0.4284,
        "weapon": 1,
        "pilot_injury": 0.3937,
        "pilot_skill": 0.3361,
        "mission_priority": 0.4759,
        "estimated_landing_time": 288.0,
        "wait_time": 0,
        "Landing_success_rate": 1.0
    },
    {
        "model": 0,
        "sequence": 14,
        "status": 1,
        "fuel": 7470,
        "fault": 0.1916,
        "weapon": 1,
        "pilot_injury": 0.8211,
        "pilot_skill": 0.4719,
        "mission_priority": 0.0604,
        "estimated_landing_time": 1322.0,
        "wait_time": 0,
        "Landing_success_rate": 1.0
    },
    {
        "model": 2,
        "sequence": 19,
        "status": 1,
        "fuel": 6487,
        "fault": 0.2937,
        "weapon": 0,
        "pilot_injury": 0.316,
        "pilot_skill": 0.2221,
        "mission_priority": 0.6402,
        "estimated_landing_time": 1792.0,
        "wait_time": 0,
        "Landing_success_rate": 1.0
    },
    {
        "model": 1,
        "sequence": 26,
        "status": 1,
        "fuel": 6956,
        "fault": 0.6948,
        "weapon": 1,
        "pilot_injury": 0.7668,
        "pilot_skill": 0.4612,
        "mission_priority": 0.9756,
        "estimated_landing_time": 2450.0,
        "wait_time": 0,
        "Landing_success_rate": 1.0
    },
    {
        "model": 1,
        "sequence": 6,
        "status": 1,
        "fuel": 7421,
        "fault": 0.043,
        "weapon": 1,
        "pilot_injury": 0.6489,
        "pilot_skill": 0.512,
        "mission_priority": 0.3444,
        "estimated_landing_time": 570.0,
        "wait_time": 0,
        "Landing_success_rate": 1.0
    },
    {
        "model": 0,
        "sequence": 2,
        "status": 1,
        "fuel": 7415,
        "fault": 0.8569,
        "weapon": 1,
        "pilot_injury": 0.1982,
        "pilot_skill": 0.3176,
        "mission_priority": 0.1985,
        "estimated_landing_time": 194.0,
        "wait_time": 0,
        "Landing_success_rate": 1.0
    },
    {
        "model": 1,
        "sequence": 12,
        "status": 1,
        "fuel": 5523,
        "fault": 0.2901,
        "weapon": 0,
        "pilot_injury": 0.1711,
        "pilot_skill": 0.8343,
        "mission_priority": 0.703,
        "estimated_landing_time": 1134.0,
        "wait_time": 0,
        "Landing_success_rate": 1.0
    },
    {
        "model": 1,
        "sequence": 27,
        "status": 1,
        "fuel": 6927,
        "fault": 0.6124,
        "weapon": 0,
        "pilot_injury": 0.9169,
        "pilot_skill": 0.8701,
        "mission_priority": 0.6545,
        "estimated_landing_time": 2544.0,
        "wait_time": 0,
        "Landing_success_rate": 1.0
    },
    {
        "model": 2,
        "sequence": 13,
        "status": 1,
        "fuel": 6226,
        "fault": 0.1408,
        "weapon": 0,
        "pilot_injury": 0.6533,
        "pilot_skill": 0.5605,
        "mission_priority": 0.5606,
        "estimated_landing_time": 1228.0,
        "wait_time": 0,
        "Landing_success_rate": 1.0
    },
    {
        "model": 0,
        "sequence": 1,
        "status": 1,
        "fuel": 6072,
        "fault": 0.438,
        "weapon": 1,
        "pilot_injury": 0.1215,
        "pilot_skill": 0.8353,
        "mission_priority": 0.8841,
        "estimated_landing_time": 100.0,
        "wait_time": 0,
        "Landing_success_rate": 1.0
    },
    {
        "model": 0,
        "sequence": 4,
        "status": 1,
        "fuel": 6698,
        "fault": 0.1753,
        "weapon": 0,
        "pilot_injury": 0.9355,
        "pilot_skill": 0.8377,
        "mission_priority": 0.3842,
        "estimated_landing_time": 382.0,
        "wait_time": 0,
        "Landing_success_rate": 1.0
    },
    {
        "model": 0,
        "sequence": 8,
        "status": 1,
        "fuel": 6056,
        "fault": 0.0946,
        "weapon": 1,
        "pilot_injury": 0.7253,
        "pilot_skill": 0.8902,
        "mission_priority": 0.0505,
        "estimated_landing_time": 758.0,
        "wait_time": 0,
        "Landing_success_rate": 1.0
    },
    {
        "model": 0,
        "sequence": 25,
        "status": 1,
        "fuel": 5836,
        "fault": 0.6502,
        "weapon": 1,
        "pilot_injury": 0.2104,
        "pilot_skill": 0.3996,
        "mission_priority": 0.1231,
        "estimated_landing_time": 2356.0,
        "wait_time": 0,
        "Landing_success_rate": 1.0
    },
    {
        "model": 2,
        "sequence": 23,
        "status": 1,
        "fuel": 5759,
        "fault": 0.3221,
        "weapon": 1,
        "pilot_injury": 0.4113,
        "pilot_skill": 0.8017,
        "mission_priority": 0.1167,
        "estimated_landing_time": 2168.0,
        "wait_time": 0,
        "Landing_success_rate": 1.0
    },
    {
        "model": 2,
        "sequence": 24,
        "status": 1,
        "fuel": 7269,
        "fault": 0.8182,
        "weapon": 0,
        "pilot_injury": 0.4543,
        "pilot_skill": 0.2401,
        "mission_priority": 0.9432,
        "estimated_landing_time": 2262.0,
        "wait_time": 0,
        "Landing_success_rate": 1.0
    },
    {
        "model": 1,
        "sequence": 10,
        "status": 1,
        "fuel": 6782,
        "fault": 0.2856,
        "weapon": 0,
        "pilot_injury": 0.8173,
        "pilot_skill": 0.1539,
        "mission_priority": 0.0841,
        "estimated_landing_time": 946.0,
        "wait_time": 0,
        "Landing_success_rate": 1.0
    },
    {
        "model": 0,
        "sequence": 18,
        "status": 1,
        "fuel": 7024,
        "fault": 0.0092,
        "weapon": 1,
        "pilot_injury": 0.7972,
        "pilot_skill": 0.3371,
        "mission_priority": 0.6698,
        "estimated_landing_time": 1698.0,
        "wait_time": 0,
        "Landing_success_rate": 1.0
    },
    {
        "model": 2,
        "sequence": 5,
        "status": 1,
        "fuel": 6878,
        "fault": 0.821,
        "weapon": 1,
        "pilot_injury": 0.5111,
        "pilot_skill": 0.1355,
        "mission_priority": 0.062,
        "estimated_landing_time": 476.0,
        "wait_time": 0,
        "Landing_success_rate": 1.0
    },
    {
        "model": 2,
        "sequence": 28,
        "status": 1,
        "fuel": 6882,
        "fault": 0.087,
        "weapon": 1,
        "pilot_injury": 0.7253,
        "pilot_skill": 0.7221,
        "mission_priority": 0.7403,
        "estimated_landing_time": 2638.0,
        "wait_time": 0,
        "Landing_success_rate": 1.0
    }
]