[
    {
        "model": 1,
        "sequence": 19,
        "status": 1,
        "fuel": 6154,
        "fault": 0.1166,
        "weapon": 1,
        "pilot_injury": 0.7826,
        "pilot_skill": 0.7648,
        "mission_priority": 0.7507,
        "estimated_landing_time": 1792.0,
        "wait_time": 0,
        "Landing_success_rate": 1.0
    },
    {
        "model": 0,
        "sequence": 23,
        "status": 1,
        "fuel": 5858,
        "fault": 0.8538,
        "weapon": 1,
        "pilot_injury": 0.8224,
        "pilot_skill": 0.9272,
        "mission_priority": 0.5741,
        "estimated_landing_time": 2168.0,
        "wait_time": 0,
        "Landing_success_rate": 1.0
    },
    {
        "model": 0,
        "sequence": 11,
        "status": 1,
        "fuel": 7306,
        "fault": 0.6925,
        "weapon": 1,
        "pilot_injury": 0.8568,
        "pilot_skill": 0.6629,
        "mission_priority": 0.2461,
        "estimated_landing_time": 1040.0,
        "wait_time": 0,
        "Landing_success_rate": 1.0
    },
    {
        "model": 2,
        "sequence": 3,
        "status": 1,
        "fuel": 6029,
        "fault": 0.9791,
        "weapon": 0,
        "pilot_injury": 0.308,
        "pilot_skill": 0.8174,
        "mission_priority": 0.8972,
        "estimated_landing_time": 288.0,
        "wait_time": 0,
        "Landing_success_rate": 1.0
    },
    {
        "model": 2,
        "sequence": 20,
        "status": 1,
        "fuel": 7130,
        "fault": 0.0704,
        "weapon": 0,
        "pilot_injury": 0.553,
        "pilot_skill": 0.5675,
        "mission_priority": 0.2269,
        "estimated_landing_time": 1886.0,
        "wait_time": 0,
        "Landing_success_rate": 1.0
    },
    {
        "model": 1,
        "sequence": 15,
        "status": 1,
        "fuel": 6739,
        "fault": 0.0232,
        "weapon": 1,
        "pilot_injury": 0.0814,
        "pilot_skill": 0.7594,
        "mission_priority": 0.5015,
        "estimated_landing_time": 1416.0,
        "wait_time": 0,
        "Landing_success_rate": 1.0
    },
    {
        "model": 2,
        "sequence": 30,
        "status": 1,
        "fuel": 5800,
        "fault": 0.3859,
        "weapon": 1,
        "pilot_injury": 0.5062,
        "pilot_skill": 0.5859,
        "mission_priority": 0.0338,
        "estimated_landing_time": 2826.0,
        "wait_time": 0,
        "Landing_success_rate": 1.0
    },
    {
        "model": 1,
        "sequence": 25,
        "status": 1,
        "fuel": 6665,
        "fault": 0.4046,
        "weapon": 0,
        "pilot_injury": 0.6398,
        "pilot_skill": 0.8499,
        "mission_priority": 0.5655,
        "estimated_landing_time": 2356.0,
        "wait_time": 0,
        "Landing_success_rate": 1.0
    },
    {
        "model": 1,
        "sequence": 29,
        "status": 1,
        "fuel": 7327,
        "fault": 0.8688,
        "weapon": 0,
        "pilot_injury": 0.6297,
        "pilot_skill": 0.5814,
        "mission_priority": 0.4322,
        "estimated_landing_time": 2732.0,
        "wait_time": 0,
        "Landing_success_rate": 1.0
    },
    {
        "model": 2,
        "sequence": 14,
        "status": 1,
        "fuel": 7107,
        "fault": 0.5518,
        "weapon": 1,
        "pilot_injury": 0.0208,
        "pilot_skill": 0.0338,
        "mission_priority": 0.9256,
        "estimated_landing_time": 1322.0,
        "wait_time": 0,
        "Landing_success_rate": 1.0
    },
    {
        "model": 1,
        "sequence": 24,
        "status": 1,
        "fuel": 5533,
        "fault": 0.1517,
        "weapon": 0,
        "pilot_injury": 0.8499,
        "pilot_skill": 0.5513,
        "mission_priority": 0.84,
        "estimated_landing_time": 2262.0,
        "wait_time": 0,
        "Landing_success_rate": 1.0
    },
    {
        "model": 0,
        "sequence": 16,
        "status": 1,
        "fuel": 6436,
        "fault": 0.4621,
        "weapon": 1,
        "pilot_injury": 0.5972,
        "pilot_skill": 0.853,
        "mission_priority": 0.2732,
        "estimated_landing_time": 1510.0,
        "wait_time": 0,
        "Landing_success_rate": 1.0
    },
    {
        "model": 0,
        "sequence": 21,
        "status": 1,
        "fuel": 7034,
        "fault": 0.768,
        "weapon": 0,
        "pilot_injury": 0.7166,
        "pilot_skill": 0.0236,
        "mission_priority": 0.1081,
        "estimated_landing_time": 1980.0,
        "wait_time": 0,
        "Landing_success_rate": 1.0
    },
    {
        "model": 0,
        "sequence": 2,
        "status": 1,
        "fuel": 7316,
        "fault": 0.691,
        "weapon": 0,
        "pilot_injury": 0.7851,
        "pilot_skill": 0.0418,
        "mission_priority": 0.0024,
        "estimated_landing_time": 194.0,
        "wait_time": 0,
        "Landing_success_rate": 1.0
    },
    {
        "model": 1,
        "sequence": 26,
        "status": 1,
        "fuel": 6699,
        "fault": 0.963,
        "weapon": 0,
        "pilot_injury": 0.5463,
        "pilot_skill": 0.3783,
        "mission_priority": 0.1288,
        "estimated_landing_time": 2450.0,
        "wait_time": 0,
        "Landing_success_rate": 1.0
    },
    {
        "model": 2,
        "sequence": 4,
        "status": 1,
        "fuel": 5980,
        "fault": 0.7629,
        "weapon": 0,
        "pilot_injury": 0.3357,
        "pilot_skill": 0.5923,
        "mission_priority": 0.6809,
        "estimated_landing_time": 382.0,
        "wait_time": 0,
        "Landing_success_rate": 1.0
    },
    {
        "model": 1,
        "sequence": 17,
        "status": 1,
        "fuel": 6539,
        "fault": 0.0163,
        "weapon": 1,
        "pilot_injury": 0.1257,
        "pilot_skill": 0.9005,
        "mission_priority": 0.2603,
        "estimated_landing_time": 1604.0,
        "wait_time": 0,
        "Landing_success_rate": 1.0
    },
    {
        "model": 0,
        "sequence": 12,
        "status": 1,
        "fuel": 5542,
        "fault": 0.3714,
        "weapon": 0,
        "pilot_injury": 0.7635,
        "pilot_skill": 0.8964,
        "mission_priority": 0.0337,
        "estimated_landing_time": 1134.0,
        "wait_time": 0,
        "Landing_success_rate": 1.0
    },
    {
        "model": 0,
        "sequence": 1,
        "status": 1,
        "fuel": 7039,
        "fault": 0.4595,
        "weapon": 1,
        "pilot_injury": 0.5251,
        "pilot_skill": 0.1595,
        "mission_priority": 0.545,
        "estimated_landing_time": 100.0,
        "wait_time": 0,
        "Landing_success_rate": 1.0
    },
    {
        "model": 0,
        "sequence": 7,
        "status": 1,
        "fuel": 6971,
        "fault": 0.7929,
        "weapon": 0,
        "pilot_injury": 0.7088,
        "pilot_skill": 0.5962,
        "mission_priority": 0.8134,
        "estimated_landing_time": 664.0,
        "wait_time": 0,
        "Landing_success_rate": 1.0
    },
    {
        "model": 2,
        "sequence": 9,
        "status": 1,
        "fuel": 7016,
        "fault": 0.3373,
        "weapon": 1,
        "pilot_injury": 0.259,
        "pilot_skill": 0.9817,
        "mission_priority": 0.8508,
        "estimated_landing_time": 852.0,
        "wait_time": 0,
        "Landing_success_rate": 1.0
    },
    {
        "model": 0,
        "sequence": 22,
        "status": 1,
        "fuel": 7098,
        "fault": 0.561,
        "weapon": 1,
        "pilot_injury": 0.248,
        "pilot_skill": 0.0632,
        "mission_priority": 0.8222,
        "estimated_landing_time": 2074.0,
        "wait_time": 0,
        "Landing_success_rate": 1.0
    },
    {
        "model": 1,
        "sequence": 10,
        "status": 1,
        "fuel": 6500,
        "fault": 0.9108,
        "weapon": 1,
        "pilot_injury": 0.2695,
        "pilot_skill": 0.9304,
        "mission_priority": 0.6084,
        "estimated_landing_time": 946.0,
        "wait_time": 0,
        "Landing_success_rate": 1.0
    },
    {
        "model": 0,
        "sequence": 5,
        "status": 1,
        "fuel": 5583,
        "fault": 0.4766,
        "weapon": 1,
        "pilot_injury": 0.6126,
        "pilot_skill": 0.3829,
        "mission_priority": 0.239,
        "estimated_landing_time": 476.0,
        "wait_time": 0,
        "Landing_success_rate": 1.0
    },
    {
        "model": 2,
        "sequence": 8,
        "status": 1,
        "fuel": 6393,
        "fault": 0.1387,
        "weapon": 1,
        "pilot_injury": 0.6912,
        "pilot_skill": 0.4226,
        "mission_priority": 0.5502,
        "estimated_landing_time": 758.0,
        "wait_time": 0,
        "Landing_success_rate": 1.0
    },
    {
        "model": 1,
        "sequence": 18,
        "status": 1,
        "fuel": 6496,
        "fault": 0.5616,
        "weapon": 1,
        "pilot_injury": 0.4236,
        "pilot_skill": 0.5195,
        "mission_priority": 0.0538,
        "estimated_landing_time": 1698.0,
        "wait_time": 0,
        "Landing_success_rate": 1.0
    },
    {
        "model": 0,
        "sequence": 28,
        "status": 1,
        "fuel": 6640,
        "fault": 0.0948,
        "weapon": 0,
        "pilot_injury": 0.7523,
        "pilot_skill": 0.2999,
        "mission_priority": 0.4226,
        "estimated_landing_time": 2638.0,
        "wait_time": 0,
        "Landing_success_rate": 1.0
    },
    {
        "model": 2,
        "sequence": 6,
        "status": 1,
        "fuel": 6642,
        "fault": 0.756,
        "weapon": 0,
        "pilot_injury": 0.811,
        "pilot_skill": 0.0578,
        "mission_priority": 0.3057,
        "estimated_landing_time": 570.0,
        "wait_time": 0,
        "Landing_success_rate": 1.0
    },
    {
        "model": 2,
        "sequence": 13,
        "status": 1,
        "fuel": 6214,
        "fault": 0.6098,
        "weapon": 1,
        "pilot_injury": 0.1275,
        "pilot_skill": 0.3211,
        "mission_priority": 0.2315,
        "estimated_landing_time": 1228.0,
        "wait_time": 0,
        "Landing_success_rate": 1.0
    },
    {
        "model": 0,
        "sequence": 27,
        "status": 1,
        "fuel": 7271,
        "fault": 0.7817,
        "weapon": 0,
        "pilot_injury": 0.7977,
        "pilot_skill": 0.3507,
        "mission_priority": 0.6598,
        "estimated_landing_time": 2544.0,
        "wait_time": 0,
        "Landing_success_rate": 1.0
    }
]