[
    {
        "model": 1,
        "sequence": 21,
        "status": 1,
        "fuel": 5940,
        "fault": 0.7197,
        "weapon": 1,
        "pilot_injury": 0.1592,
        "pilot_skill": 0.0854,
        "mission_priority": 0.8328,
        "estimated_landing_time": 1980.0,
        "wait_time": 0,
        "Landing_success_rate": 1.0
    },
    {
        "model": 1,
        "sequence": 5,
        "status": 1,
        "fuel": 5992,
        "fault": 0.9894,
        "weapon": 1,
        "pilot_injury": 0.1269,
        "pilot_skill": 0.8469,
        "mission_priority": 0.343,
        "estimated_landing_time": 476.0,
        "wait_time": 0,
        "Landing_success_rate": 1.0
    },
    {
        "model": 1,
        "sequence": 17,
        "status": 1,
        "fuel": 5685,
        "fault": 0.4627,
        "weapon": 0,
        "pilot_injury": 0.678,
        "pilot_skill": 0.7217,
        "mission_priority": 0.2813,
        "estimated_landing_time": 1604.0,
        "wait_time": 0,
        "Landing_success_rate": 1.0
    },
    {
        "model": 1,
        "sequence": 14,
        "status": 1,
        "fuel": 5885,
        "fault": 0.5131,
        "weapon": 1,
        "pilot_injury": 0.5981,
        "pilot_skill": 0.9375,
        "mission_priority": 0.6853,
        "estimated_landing_time": 1322.0,
        "wait_time": 0,
        "Landing_success_rate": 1.0
    },
    {
        "model": 2,
        "sequence": 25,
        "status": 1,
        "fuel": 6712,
        "fault": 0.4274,
        "weapon": 0,
        "pilot_injury": 0.1389,
        "pilot_skill": 0.4269,
        "mission_priority": 0.8887,
        "estimated_landing_time": 2356.0,
        "wait_time": 0,
        "Landing_success_rate": 1.0
    },
    {
        "model": 2,
        "sequence": 8,
        "status": 1,
        "fuel": 6321,
        "fault": 0.8111,
        "weapon": 1,
        "pilot_injury": 0.077,
        "pilot_skill": 0.0876,
        "mission_priority": 0.0689,
        "estimated_landing_time": 758.0,
        "wait_time": 0,
        "Landing_success_rate": 1.0
    },
    {
        "model": 0,
        "sequence": 19,
        "status": 1,
        "fuel": 6266,
        "fault": 0.1694,
        "weapon": 1,
        "pilot_injury": 0.9149,
        "pilot_skill": 0.3483,
        "mission_priority": 0.6316,
        "estimated_landing_time": 1792.0,
        "wait_time": 0,
        "Landing_success_rate": 1.0
    },
    {
        "model": 0,
        "sequence": 24,
        "status": 1,
        "fuel": 6179,
        "fault": 0.757,
        "weapon": 1,
        "pilot_injury": 0.475,
        "pilot_skill": 0.14,
        "mission_priority": 0.3091,
        "estimated_landing_time": 2262.0,
        "wait_time": 0,
        "Landing_success_rate": 1.0
    },
    {
        "model": 0,
        "sequence": 30,
        "status": 1,
        "fuel": 7417,
        "fault": 0.4594,
        "weapon": 0,
        "pilot_injury": 0.3719,
        "pilot_skill": 0.6245,
        "mission_priority": 0.1378,
        "estimated_landing_time": 2826.0,
        "wait_time": 0,
        "Landing_success_rate": 1.0
    },
    {
        "model": 1,
        "sequence": 6,
        "status": 1,
        "fuel": 6019,
        "fault": 0.6416,
        "weapon": 1,
        "pilot_injury": 0.0662,
        "pilot_skill": 0.9178,
        "mission_priority": 0.0506,
        "estimated_landing_time": 570.0,
        "wait_time": 0,
        "Landing_success_rate": 1.0
    },
    {
        "model": 2,
        "sequence": 13,
        "status": 1,
        "fuel": 7071,
        "fault": 0.5265,
        "weapon": 1,
        "pilot_injury": 0.2907,
        "pilot_skill": 0.7178,
        "mission_priority": 0.2628,
        "estimated_landing_time": 1228.0,
        "wait_time": 0,
        "Landing_success_rate": 1.0
    },
    {
        "model": 1,
        "sequence": 3,
        "status": 1,
        "fuel": 7155,
        "fault": 0.8486,
        "weapon": 0,
        "pilot_injury": 0.0322,
        "pilot_skill": 0.1382,
        "mission_priority": 0.7189,
        "estimated_landing_time": 288.0,
        "wait_time": 0,
        "Landing_success_rate": 1.0
    },
    {
        "model": 1,
        "sequence": 4,
        "status": 1,
        "fuel": 5749,
        "fault": 0.939,
        "weapon": 1,
        "pilot_injury": 0.8768,
        "pilot_skill": 0.0267,
        "mission_priority": 0.4105,
        "estimated_landing_time": 382.0,
        "wait_time": 0,
        "Landing_success_rate": 1.0
    },
    {
        "model": 2,
        "sequence": 27,
        "status": 1,
        "fuel": 6581,
        "fault": 0.1735,
        "weapon": 1,
        "pilot_injury": 0.7145,
        "pilot_skill": 0.2216,
        "mission_priority": 0.2626,
        "estimated_landing_time": 2544.0,
        "wait_time": 0,
        "Landing_success_rate": 1.0
    },
    {
        "model": 1,
        "sequence": 15,
        "status": 1,
        "fuel": 6476,
        "fault": 0.1477,
        "weapon": 1,
        "pilot_injury": 0.1304,
        "pilot_skill": 0.3003,
        "mission_priority": 0.2809,
        "estimated_landing_time": 1416.0,
        "wait_time": 0,
        "Landing_success_rate": 1.0
    },
    {
        "model": 0,
        "sequence": 23,
        "status": 1,
        "fuel": 7233,
        "fault": 0.2337,
        "weapon": 0,
        "pilot_injury": 0.391,
        "pilot_skill": 0.8588,
        "mission_priority": 0.4007,
        "estimated_landing_time": 2168.0,
        "wait_time": 0,
        "Landing_success_rate": 1.0
    },
    {
        "model": 1,
        "sequence": 7,
        "status": 1,
        "fuel": 6609,
        "fault": 0.2627,
        "weapon": 0,
        "pilot_injury": 0.7101,
        "pilot_skill": 0.2886,
        "mission_priority": 0.7009,
        "estimated_landing_time": 664.0,
        "wait_time": 0,
        "Landing_success_rate": 1.0
    },
    {
        "model": 2,
        "sequence": 2,
        "status": 1,
        "fuel": 6488,
        "fault": 0.4384,
        "weapon": 1,
        "pilot_injury": 0.158,
        "pilot_skill": 0.7775,
        "mission_priority": 0.2167,
        "estimated_landing_time": 194.0,
        "wait_time": 0,
        "Landing_success_rate": 1.0
    },
    {
        "model": 0,
        "sequence": 18,
        "status": 1,
        "fuel": 7096,
        "fault": 0.5926,
        "weapon": 1,
        "pilot_injury": 0.1846,
        "pilot_skill": 0.5385,
        "mission_priority": 0.5141,
        "estimated_landing_time": 1698.0,
        "wait_time": 0,
        "Landing_success_rate": 1.0
    },
    {
        "model": 1,
        "sequence": 11,
        "status": 1,
        "fuel": 6895,
        "fault": 0.8599,
        "weapon": 0,
        "pilot_injury": 0.1195,
        "pilot_skill": 0.3845,
        "mission_priority": 0.4995,
        "estimated_landing_time": 1040.0,
        "wait_time": 0,
        "Landing_success_rate": 1.0
    },
    {
        "model": 1,
        "sequence": 9,
        "status": 1,
        "fuel": 6604,
        "fault": 0.4021,
        "weapon": 0,
        "pilot_injury": 0.4219,
        "pilot_skill": 0.0515,
        "mission_priority": 0.7578,
        "estimated_landing_time": 852.0,
        "wait_time": 0,
        "Landing_success_rate": 1.0
    },
    {
        "model": 1,
        "sequence": 12,
        "status": 1,
        "fuel": 6645,
        "fault": 0.937,
        "weapon": 0,
        "pilot_injury": 0.3174,
        "pilot_skill": 0.257,
        "mission_priority": 0.6339,
        "estimated_landing_time": 1134.0,
        "wait_time": 0,
        "Landing_success_rate": 1.0
    },
    {
        "model": 0,
        "sequence": 29,
        "status": 1,
        "fuel": 7390,
        "fault": 0.9211,
        "weapon": 0,
        "pilot_injury": 0.2119,
        "pilot_skill": 0.4067,
        "mission_priority": 0.934,
        "estimated_landing_time": 2732.0,
        "wait_time": 0,
        "Landing_success_rate": 1.0
    },
    {
        "model": 0,
        "sequence": 16,
        "status": 1,
        "fuel": 6263,
        "fault": 0.4394,
        "weapon": 0,
        "pilot_injury": 0.6054,
        "pilot_skill": 0.2406,
        "mission_priority": 0.8716,
        "estimated_landing_time": 1510.0,
        "wait_time": 0,
        "Landing_success_rate": 1.0
    },
    {
        "model": 0,
        "sequence": 28,
        "status": 1,
        "fuel": 7427,
        "fault": 0.4199,
        "weapon": 1,
        "pilot_injury": 0.0462,
        "pilot_skill": 0.5957,
        "mission_priority": 0.5227,
        "estimated_landing_time": 2638.0,
        "wait_time": 0,
        "Landing_success_rate": 1.0
    },
    {
        "model": 1,
        "sequence": 10,
        "status": 1,
        "fuel": 7165,
        "fault": 0.0027,
        "weapon": 0,
        "pilot_injury": 0.9626,
        "pilot_skill": 0.4584,
        "mission_priority": 0.5139,
        "estimated_landing_time": 946.0,
        "wait_time": 0,
        "Landing_success_rate": 1.0
    },
    {
        "model": 2,
        "sequence": 26,
        "status": 1,
        "fuel": 6010,
        "fault": 0.2258,
        "weapon": 0,
        "pilot_injury": 0.9278,
        "pilot_skill": 0.3971,
        "mission_priority": 0.8909,
        "estimated_landing_time": 2450.0,
        "wait_time": 0,
        "Landing_success_rate": 1.0
    },
    {
        "model": 2,
        "sequence": 20,
        "status": 1,
        "fuel": 7090,
        "fault": 0.2895,
        "weapon": 1,
        "pilot_injury": 0.2519,
        "pilot_skill": 0.2239,
        "mission_priority": 0.857,
        "estimated_landing_time": 1886.0,
        "wait_time": 0,
        "Landing_success_rate": 1.0
    },
    {
        "model": 2,
        "sequence": 1,
        "status": 1,
        "fuel": 5735,
        "fault": 0.4153,
        "weapon": 1,
        "pilot_injury": 0.7574,
        "pilot_skill": 0.5729,
        "mission_priority": 0.787,
        "estimated_landing_time": 100.0,
        "wait_time": 0,
        "Landing_success_rate": 1.0
    },
    {
        "model": 2,
        "sequence": 22,
        "status": 1,
        "fuel": 7093,
        "fault": 0.2664,
        "weapon": 1,
        "pilot_injury": 0.495,
        "pilot_skill": 0.1416,
        "mission_priority": 0.3106,
        "estimated_landing_time": 2074.0,
        "wait_time": 0,
        "Landing_success_rate": 1.0
    }
]