[
    {
        "model": 0,
        "sequence": 14,
        "status": 1,
        "fuel": 5856,
        "fault": 0.6491,
        "weapon": 0,
        "pilot_injury": 0.511,
        "pilot_skill": 0.1731,
        "mission_priority": 0.2838,
        "estimated_landing_time": 1322.0,
        "wait_time": 0,
        "Landing_success_rate": 1.0
    },
    {
        "model": 2,
        "sequence": 23,
        "status": 1,
        "fuel": 6588,
        "fault": 0.6544,
        "weapon": 1,
        "pilot_injury": 0.798,
        "pilot_skill": 0.3921,
        "mission_priority": 0.4403,
        "estimated_landing_time": 2168.0,
        "wait_time": 0,
        "Landing_success_rate": 1.0
    },
    {
        "model": 2,
        "sequence": 10,
        "status": 1,
        "fuel": 6346,
        "fault": 0.258,
        "weapon": 1,
        "pilot_injury": 0.7833,
        "pilot_skill": 0.8289,
        "mission_priority": 0.6099,
        "estimated_landing_time": 946.0,
        "wait_time": 0,
        "Landing_success_rate": 1.0
    },
    {
        "model": 0,
        "sequence": 2,
        "status": 1,
        "fuel": 6177,
        "fault": 0.1164,
        "weapon": 1,
        "pilot_injury": 0.1026,
        "pilot_skill": 0.5511,
        "mission_priority": 0.3469,
        "estimated_landing_time": 194.0,
        "wait_time": 0,
        "Landing_success_rate": 1.0
    },
    {
        "model": 1,
        "sequence": 26,
        "status": 1,
        "fuel": 7110,
        "fault": 0.9282,
        "weapon": 0,
        "pilot_injury": 0.8888,
        "pilot_skill": 0.9999,
        "mission_priority": 0.5773,
        "estimated_landing_time": 2450.0,
        "wait_time": 0,
        "Landing_success_rate": 1.0
    },
    {
        "model": 1,
        "sequence": 29,
        "status": 1,
        "fuel": 6326,
        "fault": 0.6229,
        "weapon": 0,
        "pilot_injury": 0.695,
        "pilot_skill": 0.2462,
        "mission_priority": 0.1594,
        "estimated_landing_time": 2732.0,
        "wait_time": 0,
        "Landing_success_rate": 1.0
    },
    {
        "model": 0,
        "sequence": 4,
        "status": 1,
        "fuel": 7179,
        "fault": 0.1742,
        "weapon": 0,
        "pilot_injury": 0.7633,
        "pilot_skill": 0.6227,
        "mission_priority": 0.5523,
        "estimated_landing_time": 382.0,
        "wait_time": 0,
        "Landing_success_rate": 1.0
    },
    {
        "model": 0,
        "sequence": 1,
        "status": 1,
        "fuel": 5823,
        "fault": 0.2038,
        "weapon": 1,
        "pilot_injury": 0.3728,
        "pilot_skill": 0.1094,
        "mission_priority": 0.0658,
        "estimated_landing_time": 100.0,
        "wait_time": 0,
        "Landing_success_rate": 1.0
    },
    {
        "model": 0,
        "sequence": 9,
        "status": 1,
        "fuel": 5694,
        "fault": 0.8264,
        "weapon": 1,
        "pilot_injury": 0.5949,
        "pilot_skill": 0.9715,
        "mission_priority": 0.0287,
        "estimated_landing_time": 852.0,
        "wait_time": 0,
        "Landing_success_rate": 1.0
    },
    {
        "model": 2,
        "sequence": 21,
        "status": 1,
        "fuel": 5871,
        "fault": 0.7897,
        "weapon": 0,
        "pilot_injury": 0.8587,
        "pilot_skill": 0.9453,
        "mission_priority": 0.813,
        "estimated_landing_time": 1980.0,
        "wait_time": 0,
        "Landing_success_rate": 1.0
    },
    {
        "model": 0,
        "sequence": 30,
        "status": 1,
        "fuel": 6714,
        "fault": 0.0261,
        "weapon": 1,
        "pilot_injury": 0.3589,
        "pilot_skill": 0.6165,
        "mission_priority": 0.0171,
        "estimated_landing_time": 2826.0,
        "wait_time": 0,
        "Landing_success_rate": 1.0
    },
    {
        "model": 2,
        "sequence": 15,
        "status": 1,
        "fuel": 6782,
        "fault": 0.2382,
        "weapon": 1,
        "pilot_injury": 0.7416,
        "pilot_skill": 0.2657,
        "mission_priority": 0.755,
        "estimated_landing_time": 1416.0,
        "wait_time": 0,
        "Landing_success_rate": 1.0
    },
    {
        "model": 1,
        "sequence": 17,
        "status": 1,
        "fuel": 6497,
        "fault": 0.2162,
        "weapon": 1,
        "pilot_injury": 0.9193,
        "pilot_skill": 0.698,
        "mission_priority": 0.7244,
        "estimated_landing_time": 1604.0,
        "wait_time": 0,
        "Landing_success_rate": 1.0
    },
    {
        "model": 2,
        "sequence": 27,
        "status": 1,
        "fuel": 6782,
        "fault": 0.5654,
        "weapon": 1,
        "pilot_injury": 0.9545,
        "pilot_skill": 0.3463,
        "mission_priority": 0.2344,
        "estimated_landing_time": 2544.0,
        "wait_time": 0,
        "Landing_success_rate": 1.0
    },
    {
        "model": 2,
        "sequence": 18,
        "status": 1,
        "fuel": 5524,
        "fault": 0.3962,
        "weapon": 0,
        "pilot_injury": 0.6542,
        "pilot_skill": 0.2663,
        "mission_priority": 0.9691,
        "estimated_landing_time": 1698.0,
        "wait_time": 0,
        "Landing_success_rate": 1.0
    },
    {
        "model": 1,
        "sequence": 8,
        "status": 1,
        "fuel": 7045,
        "fault": 0.4132,
        "weapon": 0,
        "pilot_injury": 0.0646,
        "pilot_skill": 0.708,
        "mission_priority": 0.541,
        "estimated_landing_time": 758.0,
        "wait_time": 0,
        "Landing_success_rate": 1.0
    },
    {
        "model": 2,
        "sequence": 24,
        "status": 1,
        "fuel": 7339,
        "fault": 0.7866,
        "weapon": 1,
        "pilot_injury": 0.391,
        "pilot_skill": 0.254,
        "mission_priority": 0.6676,
        "estimated_landing_time": 2262.0,
        "wait_time": 0,
        "Landing_success_rate": 1.0
    },
    {
        "model": 2,
        "sequence": 13,
        "status": 1,
        "fuel": 5506,
        "fault": 0.3485,
        "weapon": 1,
        "pilot_injury": 0.7143,
        "pilot_skill": 0.3813,
        "mission_priority": 0.3683,
        "estimated_landing_time": 1228.0,
        "wait_time": 0,
        "Landing_success_rate": 1.0
    },
    {
        "model": 0,
        "sequence": 11,
        "status": 1,
        "fuel": 5839,
        "fault": 0.9098,
        "weapon": 0,
        "pilot_injury": 0.5915,
        "pilot_skill": 0.484,
        "mission_priority": 0.1954,
        "estimated_landing_time": 1040.0,
        "wait_time": 0,
        "Landing_success_rate": 1.0
    },
    {
        "model": 1,
        "sequence": 5,
        "status": 1,
        "fuel": 6303,
        "fault": 0.5395,
        "weapon": 1,
        "pilot_injury": 0.5516,
        "pilot_skill": 0.5799,
        "mission_priority": 0.4328,
        "estimated_landing_time": 476.0,
        "wait_time": 0,
        "Landing_success_rate": 1.0
    },
    {
        "model": 2,
        "sequence": 20,
        "status": 1,
        "fuel": 5584,
        "fault": 0.5851,
        "weapon": 1,
        "pilot_injury": 0.4112,
        "pilot_skill": 0.0526,
        "mission_priority": 0.2524,
        "estimated_landing_time": 1886.0,
        "wait_time": 0,
        "Landing_success_rate": 1.0
    },
    {
        "model": 0,
        "sequence": 16,
        "status": 1,
        "fuel": 7444,
        "fault": 0.8109,
        "weapon": 1,
        "pilot_injury": 0.8813,
        "pilot_skill": 0.3818,
        "mission_priority": 0.315,
        "estimated_landing_time": 1510.0,
        "wait_time": 0,
        "Landing_success_rate": 1.0
    },
    {
        "model": 1,
        "sequence": 22,
        "status": 1,
        "fuel": 6812,
        "fault": 0.7815,
        "weapon": 1,
        "pilot_injury": 0.3352,
        "pilot_skill": 0.0795,
        "mission_priority": 0.6046,
        "estimated_landing_time": 2074.0,
        "wait_time": 0,
        "Landing_success_rate": 1.0
    },
    {
        "model": 1,
        "sequence": 12,
        "status": 1,
        "fuel": 7277,
        "fault": 0.9778,
        "weapon": 0,
        "pilot_injury": 0.3919,
        "pilot_skill": 0.4001,
        "mission_priority": 0.0698,
        "estimated_landing_time": 1134.0,
        "wait_time": 0,
        "Landing_success_rate": 1.0
    },
    {
        "model": 1,
        "sequence": 6,
        "status": 1,
        "fuel": 7130,
        "fault": 0.9137,
        "weapon": 1,
        "pilot_injury": 0.9556,
        "pilot_skill": 0.5702,
        "mission_priority": 0.0998,
        "estimated_landing_time": 570.0,
        "wait_time": 0,
        "Landing_success_rate": 1.0
    },
    {
        "model": 1,
        "sequence": 28,
        "status": 1,
        "fuel": 6498,
        "fault": 0.4875,
        "weapon": 1,
        "pilot_injury": 0.8082,
        "pilot_skill": 0.8183,
        "mission_priority": 0.8118,
        "estimated_landing_time": 2638.0,
        "wait_time": 0,
        "Landing_success_rate": 1.0
    },
    {
        "model": 2,
        "sequence": 7,
        "status": 1,
        "fuel": 7330,
        "fault": 0.7107,
        "weapon": 1,
        "pilot_injury": 0.1626,
        "pilot_skill": 0.3284,
        "mission_priority": 0.4173,
        "estimated_landing_time": 664.0,
        "wait_time": 0,
        "Landing_success_rate": 1.0
    },
    {
        "model": 1,
        "sequence": 3,
        "status": 1,
        "fuel": 6925,
        "fault": 0.6665,
        "weapon": 1,
        "pilot_injury": 0.7835,
        "pilot_skill": 0.6202,
        "mission_priority": 0.6418,
        "estimated_landing_time": 288.0,
        "wait_time": 0,
        "Landing_success_rate": 1.0
    },
    {
        "model": 1,
        "sequence": 25,
        "status": 1,
        "fuel": 5885,
        "fault": 0.5225,
        "weapon": 0,
        "pilot_injury": 0.4644,
        "pilot_skill": 0.8552,
        "mission_priority": 0.7057,
        "estimated_landing_time": 2356.0,
        "wait_time": 0,
        "Landing_success_rate": 1.0
    },
    {
        "model": 1,
        "sequence": 19,
        "status": 1,
        "fuel": 7457,
        "fault": 0.2439,
        "weapon": 0,
        "pilot_injury": 0.7659,
        "pilot_skill": 0.266,
        "mission_priority": 0.8678,
        "estimated_landing_time": 1792.0,
        "wait_time": 0,
        "Landing_success_rate": 1.0
    }
]