[
    {
        "model": 1,
        "sequence": 21,
        "status": 1,
        "fuel": 7316,
        "fault": 0.331,
        "weapon": 0,
        "pilot_injury": 0.1766,
        "pilot_skill": 0.5538,
        "mission_priority": 0.8823,
        "estimated_landing_time": 1980.0,
        "wait_time": 0,
        "Landing_success_rate": 1.0
    },
    {
        "model": 1,
        "sequence": 4,
        "status": 1,
        "fuel": 6306,
        "fault": 0.7136,
        "weapon": 1,
        "pilot_injury": 0.2869,
        "pilot_skill": 0.2248,
        "mission_priority": 0.1259,
        "estimated_landing_time": 382.0,
        "wait_time": 0,
        "Landing_success_rate": 1.0
    },
    {
        "model": 2,
        "sequence": 13,
        "status": 1,
        "fuel": 6140,
        "fault": 0.6551,
        "weapon": 0,
        "pilot_injury": 0.3825,
        "pilot_skill": 0.4438,
        "mission_priority": 0.3207,
        "estimated_landing_time": 1228.0,
        "wait_time": 0,
        "Landing_success_rate": 1.0
    },
    {
        "model": 1,
        "sequence": 23,
        "status": 1,
        "fuel": 6624,
        "fault": 0.5446,
        "weapon": 0,
        "pilot_injury": 0.8339,
        "pilot_skill": 0.4413,
        "mission_priority": 0.1686,
        "estimated_landing_time": 2168.0,
        "wait_time": 0,
        "Landing_success_rate": 1.0
    },
    {
        "model": 2,
        "sequence": 1,
        "status": 1,
        "fuel": 6235,
        "fault": 0.7607,
        "weapon": 1,
        "pilot_injury": 0.3298,
        "pilot_skill": 0.6064,
        "mission_priority": 0.0935,
        "estimated_landing_time": 100.0,
        "wait_time": 0,
        "Landing_success_rate": 1.0
    },
    {
        "model": 0,
        "sequence": 8,
        "status": 1,
        "fuel": 5700,
        "fault": 0.3721,
        "weapon": 1,
        "pilot_injury": 0.9419,
        "pilot_skill": 0.3441,
        "mission_priority": 0.5976,
        "estimated_landing_time": 758.0,
        "wait_time": 0,
        "Landing_success_rate": 1.0
    },
    {
        "model": 2,
        "sequence": 3,
        "status": 1,
        "fuel": 7482,
        "fault": 0.4036,
        "weapon": 1,
        "pilot_injury": 0.4811,
        "pilot_skill": 0.6133,
        "mission_priority": 0.6571,
        "estimated_landing_time": 288.0,
        "wait_time": 0,
        "Landing_success_rate": 1.0
    },
    {
        "model": 1,
        "sequence": 9,
        "status": 1,
        "fuel": 5624,
        "fault": 0.7172,
        "weapon": 0,
        "pilot_injury": 0.5109,
        "pilot_skill": 0.3785,
        "mission_priority": 0.2617,
        "estimated_landing_time": 852.0,
        "wait_time": 0,
        "Landing_success_rate": 1.0
    },
    {
        "model": 0,
        "sequence": 16,
        "status": 1,
        "fuel": 5640,
        "fault": 0.1461,
        "weapon": 1,
        "pilot_injury": 0.8108,
        "pilot_skill": 0.1718,
        "mission_priority": 0.7716,
        "estimated_landing_time": 1510.0,
        "wait_time": 0,
        "Landing_success_rate": 1.0
    },
    {
        "model": 2,
        "sequence": 14,
        "status": 1,
        "fuel": 5592,
        "fault": 0.5497,
        "weapon": 0,
        "pilot_injury": 0.4633,
        "pilot_skill": 0.0637,
        "mission_priority": 0.6777,
        "estimated_landing_time": 1322.0,
        "wait_time": 0,
        "Landing_success_rate": 1.0
    },
    {
        "model": 2,
        "sequence": 22,
        "status": 1,
        "fuel": 6167,
        "fault": 0.3859,
        "weapon": 1,
        "pilot_injury": 0.8558,
        "pilot_skill": 0.1397,
        "mission_priority": 0.5064,
        "estimated_landing_time": 2074.0,
        "wait_time": 0,
        "Landing_success_rate": 1.0
    },
    {
        "model": 0,
        "sequence": 30,
        "status": 1,
        "fuel": 6779,
        "fault": 0.3688,
        "weapon": 0,
        "pilot_injury": 0.8966,
        "pilot_skill": 0.3316,
        "mission_priority": 0.3964,
        "estimated_landing_time": 2826.0,
        "wait_time": 0,
        "Landing_success_rate": 1.0
    },
    {
        "model": 1,
        "sequence": 17,
        "status": 1,
        "fuel": 7108,
        "fault": 0.4702,
        "weapon": 0,
        "pilot_injury": 0.4953,
        "pilot_skill": 0.9742,
        "mission_priority": 0.6983,
        "estimated_landing_time": 1604.0,
        "wait_time": 0,
        "Landing_success_rate": 1.0
    },
    {
        "model": 1,
        "sequence": 2,
        "status": 1,
        "fuel": 6187,
        "fault": 0.3652,
        "weapon": 1,
        "pilot_injury": 0.7128,
        "pilot_skill": 0.5574,
        "mission_priority": 0.4038,
        "estimated_landing_time": 194.0,
        "wait_time": 0,
        "Landing_success_rate": 1.0
    },
    {
        "model": 1,
        "sequence": 26,
        "status": 1,
        "fuel": 7123,
        "fault": 0.6497,
        "weapon": 0,
        "pilot_injury": 0.0948,
        "pilot_skill": 0.7889,
        "mission_priority": 0.9195,
        "estimated_landing_time": 2450.0,
        "wait_time": 0,
        "Landing_success_rate": 1.0
    },
    {
        "model": 0,
        "sequence": 27,
        "status": 1,
        "fuel": 7062,
        "fault": 0.4044,
        "weapon": 0,
        "pilot_injury": 0.7948,
        "pilot_skill": 0.9536,
        "mission_priority": 0.9389,
        "estimated_landing_time": 2544.0,
        "wait_time": 0,
        "Landing_success_rate": 1.0
    },
    {
        "model": 2,
        "sequence": 5,
        "status": 1,
        "fuel": 5724,
        "fault": 0.749,
        "weapon": 0,
        "pilot_injury": 0.5865,
        "pilot_skill": 0.4211,
        "mission_priority": 0.8455,
        "estimated_landing_time": 476.0,
        "wait_time": 0,
        "Landing_success_rate": 1.0
    },
    {
        "model": 0,
        "sequence": 15,
        "status": 1,
        "fuel": 5581,
        "fault": 0.928,
        "weapon": 0,
        "pilot_injury": 0.4107,
        "pilot_skill": 0.4725,
        "mission_priority": 0.3184,
        "estimated_landing_time": 1416.0,
        "wait_time": 0,
        "Landing_success_rate": 1.0
    },
    {
        "model": 2,
        "sequence": 11,
        "status": 1,
        "fuel": 5564,
        "fault": 0.7213,
        "weapon": 1,
        "pilot_injury": 0.2505,
        "pilot_skill": 0.8255,
        "mission_priority": 0.3607,
        "estimated_landing_time": 1040.0,
        "wait_time": 0,
        "Landing_success_rate": 1.0
    },
    {
        "model": 0,
        "sequence": 12,
        "status": 1,
        "fuel": 5889,
        "fault": 0.3136,
        "weapon": 0,
        "pilot_injury": 0.4794,
        "pilot_skill": 0.5683,
        "mission_priority": 0.006,
        "estimated_landing_time": 1134.0,
        "wait_time": 0,
        "Landing_success_rate": 1.0
    },
    {
        "model": 2,
        "sequence": 28,
        "status": 1,
        "fuel": 6286,
        "fault": 0.5911,
        "weapon": 1,
        "pilot_injury": 0.9974,
        "pilot_skill": 0.1045,
        "mission_priority": 0.705,
        "estimated_landing_time": 2638.0,
        "wait_time": 0,
        "Landing_success_rate": 1.0
    },
    {
        "model": 2,
        "sequence": 29,
        "status": 1,
        "fuel": 5982,
        "fault": 0.9708,
        "weapon": 1,
        "pilot_injury": 0.0187,
        "pilot_skill": 0.0065,
        "mission_priority": 0.1866,
        "estimated_landing_time": 2732.0,
        "wait_time": 0,
        "Landing_success_rate": 1.0
    },
    {
        "model": 0,
        "sequence": 25,
        "status": 1,
        "fuel": 6082,
        "fault": 0.2147,
        "weapon": 0,
        "pilot_injury": 0.7171,
        "pilot_skill": 0.5037,
        "mission_priority": 0.3961,
        "estimated_landing_time": 2356.0,
        "wait_time": 0,
        "Landing_success_rate": 1.0
    },
    {
        "model": 0,
        "sequence": 6,
        "status": 1,
        "fuel": 6334,
        "fault": 0.8349,
        "weapon": 0,
        "pilot_injury": 0.4706,
        "pilot_skill": 0.998,
        "mission_priority": 0.5106,
        "estimated_landing_time": 570.0,
        "wait_time": 0,
        "Landing_success_rate": 1.0
    },
    {
        "model": 0,
        "sequence": 19,
        "status": 1,
        "fuel": 5575,
        "fault": 0.9159,
        "weapon": 1,
        "pilot_injury": 0.3545,
        "pilot_skill": 0.4559,
        "mission_priority": 0.6743,
        "estimated_landing_time": 1792.0,
        "wait_time": 0,
        "Landing_success_rate": 1.0
    },
    {
        "model": 2,
        "sequence": 7,
        "status": 1,
        "fuel": 5862,
        "fault": 0.454,
        "weapon": 1,
        "pilot_injury": 0.8379,
        "pilot_skill": 0.1962,
        "mission_priority": 0.0779,
        "estimated_landing_time": 664.0,
        "wait_time": 0,
        "Landing_success_rate": 1.0
    },
    {
        "model": 0,
        "sequence": 10,
        "status": 1,
        "fuel": 6134,
        "fault": 0.9812,
        "weapon": 1,
        "pilot_injury": 0.5534,
        "pilot_skill": 0.8374,
        "mission_priority": 0.9458,
        "estimated_landing_time": 946.0,
        "wait_time": 0,
        "Landing_success_rate": 1.0
    },
    {
        "model": 2,
        "sequence": 18,
        "status": 1,
        "fuel": 6326,
        "fault": 0.8228,
        "weapon": 0,
        "pilot_injury": 0.5448,
        "pilot_skill": 0.0333,
        "mission_priority": 0.9559,
        "estimated_landing_time": 1698.0,
        "wait_time": 0,
        "Landing_success_rate": 1.0
    },
    {
        "model": 2,
        "sequence": 20,
        "status": 1,
        "fuel": 7398,
        "fault": 0.0194,
        "weapon": 0,
        "pilot_injury": 0.4418,
        "pilot_skill": 0.9425,
        "mission_priority": 0.4898,
        "estimated_landing_time": 1886.0,
        "wait_time": 0,
        "Landing_success_rate": 1.0
    },
    {
        "model": 0,
        "sequence": 24,
        "status": 1,
        "fuel": 5944,
        "fault": 0.4793,
        "weapon": 1,
        "pilot_injury": 0.2189,
        "pilot_skill": 0.4242,
        "mission_priority": 0.5813,
        "estimated_landing_time": 2262.0,
        "wait_time": 0,
        "Landing_success_rate": 1.0
    }
]