[
    {
        "model": 2,
        "sequence": 28,
        "status": 1,
        "fuel": 5872,
        "fault": 0.6046,
        "weapon": 1,
        "pilot_injury": 0.0032,
        "pilot_skill": 0.6235,
        "mission_priority": 0.7857,
        "estimated_landing_time": 2638.0,
        "wait_time": 0,
        "Landing_success_rate": 1.0
    },
    {
        "model": 1,
        "sequence": 29,
        "status": 1,
        "fuel": 5873,
        "fault": 0.1029,
        "weapon": 0,
        "pilot_injury": 0.7357,
        "pilot_skill": 0.606,
        "mission_priority": 0.1983,
        "estimated_landing_time": 2732.0,
        "wait_time": 0,
        "Landing_success_rate": 1.0
    },
    {
        "model": 0,
        "sequence": 20,
        "status": 1,
        "fuel": 7190,
        "fault": 0.6142,
        "weapon": 0,
        "pilot_injury": 0.7299,
        "pilot_skill": 0.5749,
        "mission_priority": 0.7146,
        "estimated_landing_time": 1886.0,
        "wait_time": 0,
        "Landing_success_rate": 1.0
    },
    {
        "model": 2,
        "sequence": 4,
        "status": 1,
        "fuel": 7188,
        "fault": 0.795,
        "weapon": 1,
        "pilot_injury": 0.6639,
        "pilot_skill": 0.793,
        "mission_priority": 0.6389,
        "estimated_landing_time": 382.0,
        "wait_time": 0,
        "Landing_success_rate": 1.0
    },
    {
        "model": 2,
        "sequence": 21,
        "status": 1,
        "fuel": 6792,
        "fault": 0.6942,
        "weapon": 0,
        "pilot_injury": 0.9133,
        "pilot_skill": 0.6835,
        "mission_priority": 0.511,
        "estimated_landing_time": 1980.0,
        "wait_time": 0,
        "Landing_success_rate": 1.0
    },
    {
        "model": 0,
        "sequence": 13,
        "status": 1,
        "fuel": 6646,
        "fault": 0.9453,
        "weapon": 1,
        "pilot_injury": 0.7232,
        "pilot_skill": 0.6071,
        "mission_priority": 0.1569,
        "estimated_landing_time": 1228.0,
        "wait_time": 0,
        "Landing_success_rate": 1.0
    },
    {
        "model": 2,
        "sequence": 27,
        "status": 1,
        "fuel": 5732,
        "fault": 0.1953,
        "weapon": 0,
        "pilot_injury": 0.6835,
        "pilot_skill": 0.3144,
        "mission_priority": 0.0202,
        "estimated_landing_time": 2544.0,
        "wait_time": 0,
        "Landing_success_rate": 1.0
    },
    {
        "model": 2,
        "sequence": 5,
        "status": 1,
        "fuel": 7102,
        "fault": 0.8321,
        "weapon": 0,
        "pilot_injury": 0.1129,
        "pilot_skill": 0.3271,
        "mission_priority": 0.2415,
        "estimated_landing_time": 476.0,
        "wait_time": 0,
        "Landing_success_rate": 1.0
    },
    {
        "model": 0,
        "sequence": 11,
        "status": 1,
        "fuel": 7301,
        "fault": 0.5958,
        "weapon": 1,
        "pilot_injury": 0.5119,
        "pilot_skill": 0.6523,
        "mission_priority": 0.0563,
        "estimated_landing_time": 1040.0,
        "wait_time": 0,
        "Landing_success_rate": 1.0
    },
    {
        "model": 2,
        "sequence": 18,
        "status": 1,
        "fuel": 6618,
        "fault": 0.7871,
        "weapon": 0,
        "pilot_injury": 0.7361,
        "pilot_skill": 0.2841,
        "mission_priority": 0.539,
        "estimated_landing_time": 1698.0,
        "wait_time": 0,
        "Landing_success_rate": 1.0
    },
    {
        "model": 1,
        "sequence": 6,
        "status": 1,
        "fuel": 6968,
        "fault": 0.5817,
        "weapon": 0,
        "pilot_injury": 0.9474,
        "pilot_skill": 0.6834,
        "mission_priority": 0.5408,
        "estimated_landing_time": 570.0,
        "wait_time": 0,
        "Landing_success_rate": 1.0
    },
    {
        "model": 1,
        "sequence": 7,
        "status": 1,
        "fuel": 7486,
        "fault": 0.6419,
        "weapon": 1,
        "pilot_injury": 0.2782,
        "pilot_skill": 0.3396,
        "mission_priority": 0.7509,
        "estimated_landing_time": 664.0,
        "wait_time": 0,
        "Landing_success_rate": 1.0
    },
    {
        "model": 0,
        "sequence": 25,
        "status": 1,
        "fuel": 7470,
        "fault": 0.1157,
        "weapon": 1,
        "pilot_injury": 0.6443,
        "pilot_skill": 0.223,
        "mission_priority": 0.0042,
        "estimated_landing_time": 2356.0,
        "wait_time": 0,
        "Landing_success_rate": 1.0
    },
    {
        "model": 2,
        "sequence": 1,
        "status": 1,
        "fuel": 6342,
        "fault": 0.6727,
        "weapon": 0,
        "pilot_injury": 0.9402,
        "pilot_skill": 0.662,
        "mission_priority": 0.3105,
        "estimated_landing_time": 100.0,
        "wait_time": 0,
        "Landing_success_rate": 1.0
    },
    {
        "model": 0,
        "sequence": 2,
        "status": 1,
        "fuel": 6097,
        "fault": 0.1794,
        "weapon": 1,
        "pilot_injury": 0.8808,
        "pilot_skill": 0.6656,
        "mission_priority": 0.0844,
        "estimated_landing_time": 194.0,
        "wait_time": 0,
        "Landing_success_rate": 1.0
    },
    {
        "model": 2,
        "sequence": 3,
        "status": 1,
        "fuel": 6963,
        "fault": 0.3443,
        "weapon": 1,
        "pilot_injury": 0.7973,
        "pilot_skill": 0.9205,
        "mission_priority": 0.1327,
        "estimated_landing_time": 288.0,
        "wait_time": 0,
        "Landing_success_rate": 1.0
    },
    {
        "model": 2,
        "sequence": 22,
        "status": 1,
        "fuel": 7280,
        "fault": 0.1786,
        "weapon": 0,
        "pilot_injury": 0.2405,
        "pilot_skill": 0.021,
        "mission_priority": 0.0638,
        "estimated_landing_time": 2074.0,
        "wait_time": 0,
        "Landing_success_rate": 1.0
    },
    {
        "model": 0,
        "sequence": 16,
        "status": 1,
        "fuel": 5608,
        "fault": 0.5535,
        "weapon": 1,
        "pilot_injury": 0.8765,
        "pilot_skill": 0.2838,
        "mission_priority": 0.4797,
        "estimated_landing_time": 1510.0,
        "wait_time": 0,
        "Landing_success_rate": 1.0
    },
    {
        "model": 1,
        "sequence": 15,
        "status": 1,
        "fuel": 5650,
        "fault": 0.2139,
        "weapon": 0,
        "pilot_injury": 0.3647,
        "pilot_skill": 0.2651,
        "mission_priority": 0.9632,
        "estimated_landing_time": 1416.0,
        "wait_time": 0,
        "Landing_success_rate": 1.0
    },
    {
        "model": 2,
        "sequence": 30,
        "status": 1,
        "fuel": 6212,
        "fault": 0.1351,
        "weapon": 0,
        "pilot_injury": 0.2875,
        "pilot_skill": 0.0864,
        "mission_priority": 0.5569,
        "estimated_landing_time": 2826.0,
        "wait_time": 0,
        "Landing_success_rate": 1.0
    },
    {
        "model": 2,
        "sequence": 9,
        "status": 1,
        "fuel": 6504,
        "fault": 0.7129,
        "weapon": 1,
        "pilot_injury": 0.8844,
        "pilot_skill": 0.484,
        "mission_priority": 0.3464,
        "estimated_landing_time": 852.0,
        "wait_time": 0,
        "Landing_success_rate": 1.0
    },
    {
        "model": 1,
        "sequence": 26,
        "status": 1,
        "fuel": 7058,
        "fault": 0.315,
        "weapon": 1,
        "pilot_injury": 0.3165,
        "pilot_skill": 0.992,
        "mission_priority": 0.3608,
        "estimated_landing_time": 2450.0,
        "wait_time": 0,
        "Landing_success_rate": 1.0
    },
    {
        "model": 1,
        "sequence": 23,
        "status": 1,
        "fuel": 6972,
        "fault": 0.0667,
        "weapon": 1,
        "pilot_injury": 0.1435,
        "pilot_skill": 0.6458,
        "mission_priority": 0.5452,
        "estimated_landing_time": 2168.0,
        "wait_time": 0,
        "Landing_success_rate": 1.0
    },
    {
        "model": 2,
        "sequence": 17,
        "status": 1,
        "fuel": 5996,
        "fault": 0.6283,
        "weapon": 1,
        "pilot_injury": 0.5077,
        "pilot_skill": 0.3353,
        "mission_priority": 0.7794,
        "estimated_landing_time": 1604.0,
        "wait_time": 0,
        "Landing_success_rate": 1.0
    },
    {
        "model": 2,
        "sequence": 24,
        "status": 1,
        "fuel": 5933,
        "fault": 0.8851,
        "weapon": 0,
        "pilot_injury": 0.5488,
        "pilot_skill": 0.7751,
        "mission_priority": 0.3702,
        "estimated_landing_time": 2262.0,
        "wait_time": 0,
        "Landing_success_rate": 1.0
    },
    {
        "model": 2,
        "sequence": 8,
        "status": 1,
        "fuel": 6382,
        "fault": 0.8852,
        "weapon": 0,
        "pilot_injury": 0.7711,
        "pilot_skill": 0.9691,
        "mission_priority": 0.8448,
        "estimated_landing_time": 758.0,
        "wait_time": 0,
        "Landing_success_rate": 1.0
    },
    {
        "model": 1,
        "sequence": 10,
        "status": 1,
        "fuel": 7379,
        "fault": 0.8862,
        "weapon": 1,
        "pilot_injury": 0.8686,
        "pilot_skill": 0.5251,
        "mission_priority": 0.6828,
        "estimated_landing_time": 946.0,
        "wait_time": 0,
        "Landing_success_rate": 1.0
    },
    {
        "model": 2,
        "sequence": 19,
        "status": 1,
        "fuel": 7285,
        "fault": 0.9271,
        "weapon": 0,
        "pilot_injury": 0.7575,
        "pilot_skill": 0.8889,
        "mission_priority": 0.7101,
        "estimated_landing_time": 1792.0,
        "wait_time": 0,
        "Landing_success_rate": 1.0
    },
    {
        "model": 2,
        "sequence": 12,
        "status": 1,
        "fuel": 7197,
        "fault": 0.4062,
        "weapon": 1,
        "pilot_injury": 0.8136,
        "pilot_skill": 0.953,
        "mission_priority": 0.8155,
        "estimated_landing_time": 1134.0,
        "wait_time": 0,
        "Landing_success_rate": 1.0
    },
    {
        "model": 2,
        "sequence": 14,
        "status": 1,
        "fuel": 6494,
        "fault": 0.2016,
        "weapon": 0,
        "pilot_injury": 0.0945,
        "pilot_skill": 0.0169,
        "mission_priority": 0.9653,
        "estimated_landing_time": 1322.0,
        "wait_time": 0,
        "Landing_success_rate": 1.0
    }
]