[
    {
        "model": 1,
        "sequence": 28,
        "status": 1,
        "fuel": 6120,
        "fault": 0.3931,
        "weapon": 0,
        "pilot_injury": 0.8872,
        "pilot_skill": 0.9229,
        "mission_priority": 0.7354,
        "estimated_landing_time": 2638.0,
        "wait_time": 0,
        "Landing_success_rate": 1.0
    },
    {
        "model": 2,
        "sequence": 9,
        "status": 1,
        "fuel": 5514,
        "fault": 0.9569,
        "weapon": 1,
        "pilot_injury": 0.0616,
        "pilot_skill": 0.7931,
        "mission_priority": 0.1914,
        "estimated_landing_time": 852.0,
        "wait_time": 0,
        "Landing_success_rate": 1.0
    },
    {
        "model": 1,
        "sequence": 7,
        "status": 1,
        "fuel": 6534,
        "fault": 0.7407,
        "weapon": 0,
        "pilot_injury": 0.1311,
        "pilot_skill": 0.9853,
        "mission_priority": 0.8171,
        "estimated_landing_time": 664.0,
        "wait_time": 0,
        "Landing_success_rate": 1.0
    },
    {
        "model": 0,
        "sequence": 13,
        "status": 1,
        "fuel": 6412,
        "fault": 0.0903,
        "weapon": 1,
        "pilot_injury": 0.4936,
        "pilot_skill": 0.8969,
        "mission_priority": 0.826,
        "estimated_landing_time": 1228.0,
        "wait_time": 0,
        "Landing_success_rate": 1.0
    },
    {
        "model": 0,
        "sequence": 10,
        "status": 1,
        "fuel": 7263,
        "fault": 0.3181,
        "weapon": 0,
        "pilot_injury": 0.7839,
        "pilot_skill": 0.3174,
        "mission_priority": 0.493,
        "estimated_landing_time": 946.0,
        "wait_time": 0,
        "Landing_success_rate": 1.0
    },
    {
        "model": 0,
        "sequence": 23,
        "status": 1,
        "fuel": 7092,
        "fault": 0.1715,
        "weapon": 1,
        "pilot_injury": 0.6744,
        "pilot_skill": 0.9815,
        "mission_priority": 0.7228,
        "estimated_landing_time": 2168.0,
        "wait_time": 0,
        "Landing_success_rate": 1.0
    },
    {
        "model": 1,
        "sequence": 19,
        "status": 1,
        "fuel": 7303,
        "fault": 0.2312,
        "weapon": 0,
        "pilot_injury": 0.7877,
        "pilot_skill": 0.3538,
        "mission_priority": 0.9437,
        "estimated_landing_time": 1792.0,
        "wait_time": 0,
        "Landing_success_rate": 1.0
    },
    {
        "model": 1,
        "sequence": 2,
        "status": 1,
        "fuel": 6494,
        "fault": 0.5483,
        "weapon": 1,
        "pilot_injury": 0.6204,
        "pilot_skill": 0.9156,
        "mission_priority": 0.1411,
        "estimated_landing_time": 194.0,
        "wait_time": 0,
        "Landing_success_rate": 1.0
    },
    {
        "model": 1,
        "sequence": 25,
        "status": 1,
        "fuel": 7203,
        "fault": 0.88,
        "weapon": 0,
        "pilot_injury": 0.1367,
        "pilot_skill": 0.6075,
        "mission_priority": 0.1991,
        "estimated_landing_time": 2356.0,
        "wait_time": 0,
        "Landing_success_rate": 1.0
    },
    {
        "model": 2,
        "sequence": 22,
        "status": 1,
        "fuel": 6165,
        "fault": 0.4254,
        "weapon": 0,
        "pilot_injury": 0.71,
        "pilot_skill": 0.7596,
        "mission_priority": 0.1198,
        "estimated_landing_time": 2074.0,
        "wait_time": 0,
        "Landing_success_rate": 1.0
    },
    {
        "model": 0,
        "sequence": 29,
        "status": 1,
        "fuel": 6229,
        "fault": 0.4319,
        "weapon": 0,
        "pilot_injury": 0.5889,
        "pilot_skill": 0.7813,
        "mission_priority": 0.0806,
        "estimated_landing_time": 2732.0,
        "wait_time": 0,
        "Landing_success_rate": 1.0
    },
    {
        "model": 1,
        "sequence": 30,
        "status": 1,
        "fuel": 6233,
        "fault": 0.3209,
        "weapon": 0,
        "pilot_injury": 0.5553,
        "pilot_skill": 0.3725,
        "mission_priority": 0.7134,
        "estimated_landing_time": 2826.0,
        "wait_time": 0,
        "Landing_success_rate": 1.0
    },
    {
        "model": 2,
        "sequence": 8,
        "status": 1,
        "fuel": 6054,
        "fault": 0.7044,
        "weapon": 1,
        "pilot_injury": 0.0794,
        "pilot_skill": 0.5955,
        "mission_priority": 0.2419,
        "estimated_landing_time": 758.0,
        "wait_time": 0,
        "Landing_success_rate": 1.0
    },
    {
        "model": 1,
        "sequence": 11,
        "status": 1,
        "fuel": 7198,
        "fault": 0.3902,
        "weapon": 0,
        "pilot_injury": 0.5211,
        "pilot_skill": 0.699,
        "mission_priority": 0.5775,
        "estimated_landing_time": 1040.0,
        "wait_time": 0,
        "Landing_success_rate": 1.0
    },
    {
        "model": 0,
        "sequence": 21,
        "status": 1,
        "fuel": 7412,
        "fault": 0.436,
        "weapon": 1,
        "pilot_injury": 0.6326,
        "pilot_skill": 0.2211,
        "mission_priority": 0.5723,
        "estimated_landing_time": 1980.0,
        "wait_time": 0,
        "Landing_success_rate": 1.0
    },
    {
        "model": 2,
        "sequence": 3,
        "status": 1,
        "fuel": 6556,
        "fault": 0.0039,
        "weapon": 0,
        "pilot_injury": 0.352,
        "pilot_skill": 0.52,
        "mission_priority": 0.5237,
        "estimated_landing_time": 288.0,
        "wait_time": 0,
        "Landing_success_rate": 1.0
    },
    {
        "model": 2,
        "sequence": 27,
        "status": 1,
        "fuel": 7162,
        "fault": 0.8584,
        "weapon": 0,
        "pilot_injury": 0.1877,
        "pilot_skill": 0.491,
        "mission_priority": 0.7965,
        "estimated_landing_time": 2544.0,
        "wait_time": 0,
        "Landing_success_rate": 1.0
    },
    {
        "model": 2,
        "sequence": 17,
        "status": 1,
        "fuel": 6135,
        "fault": 0.2378,
        "weapon": 0,
        "pilot_injury": 0.9483,
        "pilot_skill": 0.3058,
        "mission_priority": 0.5865,
        "estimated_landing_time": 1604.0,
        "wait_time": 0,
        "Landing_success_rate": 1.0
    },
    {
        "model": 2,
        "sequence": 6,
        "status": 1,
        "fuel": 6519,
        "fault": 0.9595,
        "weapon": 0,
        "pilot_injury": 0.6836,
        "pilot_skill": 0.2761,
        "mission_priority": 0.6833,
        "estimated_landing_time": 570.0,
        "wait_time": 0,
        "Landing_success_rate": 1.0
    },
    {
        "model": 2,
        "sequence": 4,
        "status": 1,
        "fuel": 7233,
        "fault": 0.2696,
        "weapon": 1,
        "pilot_injury": 0.447,
        "pilot_skill": 0.6001,
        "mission_priority": 0.2093,
        "estimated_landing_time": 382.0,
        "wait_time": 0,
        "Landing_success_rate": 1.0
    },
    {
        "model": 2,
        "sequence": 18,
        "status": 1,
        "fuel": 7270,
        "fault": 0.0213,
        "weapon": 0,
        "pilot_injury": 0.0075,
        "pilot_skill": 0.5494,
        "mission_priority": 0.4209,
        "estimated_landing_time": 1698.0,
        "wait_time": 0,
        "Landing_success_rate": 1.0
    },
    {
        "model": 0,
        "sequence": 1,
        "status": 1,
        "fuel": 7158,
        "fault": 0.8978,
        "weapon": 0,
        "pilot_injury": 0.6476,
        "pilot_skill": 0.4657,
        "mission_priority": 0.9075,
        "estimated_landing_time": 100.0,
        "wait_time": 0,
        "Landing_success_rate": 1.0
    },
    {
        "model": 0,
        "sequence": 16,
        "status": 1,
        "fuel": 6900,
        "fault": 0.9318,
        "weapon": 0,
        "pilot_injury": 0.4865,
        "pilot_skill": 0.2472,
        "mission_priority": 0.4304,
        "estimated_landing_time": 1510.0,
        "wait_time": 0,
        "Landing_success_rate": 1.0
    },
    {
        "model": 2,
        "sequence": 12,
        "status": 1,
        "fuel": 6569,
        "fault": 0.5674,
        "weapon": 0,
        "pilot_injury": 0.923,
        "pilot_skill": 0.2166,
        "mission_priority": 0.0915,
        "estimated_landing_time": 1134.0,
        "wait_time": 0,
        "Landing_success_rate": 1.0
    },
    {
        "model": 0,
        "sequence": 15,
        "status": 1,
        "fuel": 6448,
        "fault": 0.2963,
        "weapon": 1,
        "pilot_injury": 0.2233,
        "pilot_skill": 0.0977,
        "mission_priority": 0.2687,
        "estimated_landing_time": 1416.0,
        "wait_time": 0,
        "Landing_success_rate": 1.0
    },
    {
        "model": 0,
        "sequence": 26,
        "status": 1,
        "fuel": 5723,
        "fault": 0.4925,
        "weapon": 1,
        "pilot_injury": 0.2333,
        "pilot_skill": 0.6072,
        "mission_priority": 0.8561,
        "estimated_landing_time": 2450.0,
        "wait_time": 0,
        "Landing_success_rate": 1.0
    },
    {
        "model": 1,
        "sequence": 24,
        "status": 1,
        "fuel": 5797,
        "fault": 0.7004,
        "weapon": 1,
        "pilot_injury": 0.2038,
        "pilot_skill": 0.9435,
        "mission_priority": 0.8848,
        "estimated_landing_time": 2262.0,
        "wait_time": 0,
        "Landing_success_rate": 1.0
    },
    {
        "model": 1,
        "sequence": 20,
        "status": 1,
        "fuel": 7157,
        "fault": 0.7793,
        "weapon": 1,
        "pilot_injury": 0.8154,
        "pilot_skill": 0.1052,
        "mission_priority": 0.6198,
        "estimated_landing_time": 1886.0,
        "wait_time": 0,
        "Landing_success_rate": 1.0
    },
    {
        "model": 1,
        "sequence": 5,
        "status": 1,
        "fuel": 5976,
        "fault": 0.2893,
        "weapon": 0,
        "pilot_injury": 0.1252,
        "pilot_skill": 0.6433,
        "mission_priority": 0.6142,
        "estimated_landing_time": 476.0,
        "wait_time": 0,
        "Landing_success_rate": 1.0
    },
    {
        "model": 2,
        "sequence": 14,
        "status": 1,
        "fuel": 6272,
        "fault": 0.0224,
        "weapon": 1,
        "pilot_injury": 0.9269,
        "pilot_skill": 0.2298,
        "mission_priority": 0.5288,
        "estimated_landing_time": 1322.0,
        "wait_time": 0,
        "Landing_success_rate": 1.0
    }
]