[
    {
        "model": 0,
        "sequence": 24,
        "status": 1,
        "fuel": 6673,
        "fault": 0.7991,
        "weapon": 0,
        "pilot_injury": 0.0448,
        "pilot_skill": 0.0504,
        "mission_priority": 0.3522,
        "estimated_landing_time": 2262.0,
        "wait_time": 0,
        "Landing_success_rate": 1.0
    },
    {
        "model": 0,
        "sequence": 11,
        "status": 1,
        "fuel": 5763,
        "fault": 0.0293,
        "weapon": 0,
        "pilot_injury": 0.594,
        "pilot_skill": 0.48,
        "mission_priority": 0.8466,
        "estimated_landing_time": 1040.0,
        "wait_time": 0,
        "Landing_success_rate": 1.0
    },
    {
        "model": 1,
        "sequence": 23,
        "status": 1,
        "fuel": 6214,
        "fault": 0.1415,
        "weapon": 0,
        "pilot_injury": 0.0574,
        "pilot_skill": 0.9311,
        "mission_priority": 0.0892,
        "estimated_landing_time": 2168.0,
        "wait_time": 0,
        "Landing_success_rate": 1.0
    },
    {
        "model": 0,
        "sequence": 9,
        "status": 1,
        "fuel": 6987,
        "fault": 0.599,
        "weapon": 1,
        "pilot_injury": 0.4945,
        "pilot_skill": 0.3126,
        "mission_priority": 0.5371,
        "estimated_landing_time": 852.0,
        "wait_time": 0,
        "Landing_success_rate": 1.0
    },
    {
        "model": 2,
        "sequence": 20,
        "status": 1,
        "fuel": 6157,
        "fault": 0.9305,
        "weapon": 1,
        "pilot_injury": 0.9175,
        "pilot_skill": 0.1393,
        "mission_priority": 0.1284,
        "estimated_landing_time": 1886.0,
        "wait_time": 0,
        "Landing_success_rate": 1.0
    },
    {
        "model": 1,
        "sequence": 18,
        "status": 1,
        "fuel": 6653,
        "fault": 0.9624,
        "weapon": 0,
        "pilot_injury": 0.4061,
        "pilot_skill": 0.8205,
        "mission_priority": 0.9391,
        "estimated_landing_time": 1698.0,
        "wait_time": 0,
        "Landing_success_rate": 1.0
    },
    {
        "model": 0,
        "sequence": 1,
        "status": 1,
        "fuel": 6411,
        "fault": 0.5038,
        "weapon": 1,
        "pilot_injury": 0.055,
        "pilot_skill": 0.4984,
        "mission_priority": 0.0197,
        "estimated_landing_time": 100.0,
        "wait_time": 0,
        "Landing_success_rate": 1.0
    },
    {
        "model": 0,
        "sequence": 10,
        "status": 1,
        "fuel": 5757,
        "fault": 0.1711,
        "weapon": 1,
        "pilot_injury": 0.7626,
        "pilot_skill": 0.7344,
        "mission_priority": 0.7849,
        "estimated_landing_time": 946.0,
        "wait_time": 0,
        "Landing_success_rate": 1.0
    },
    {
        "model": 0,
        "sequence": 25,
        "status": 1,
        "fuel": 6714,
        "fault": 0.0894,
        "weapon": 0,
        "pilot_injury": 0.8795,
        "pilot_skill": 0.7746,
        "mission_priority": 0.6839,
        "estimated_landing_time": 2356.0,
        "wait_time": 0,
        "Landing_success_rate": 1.0
    },
    {
        "model": 1,
        "sequence": 22,
        "status": 1,
        "fuel": 5897,
        "fault": 0.7569,
        "weapon": 0,
        "pilot_injury": 0.1919,
        "pilot_skill": 0.3416,
        "mission_priority": 0.8783,
        "estimated_landing_time": 2074.0,
        "wait_time": 0,
        "Landing_success_rate": 1.0
    },
    {
        "model": 2,
        "sequence": 3,
        "status": 1,
        "fuel": 7035,
        "fault": 0.4663,
        "weapon": 0,
        "pilot_injury": 0.0852,
        "pilot_skill": 0.1168,
        "mission_priority": 0.1997,
        "estimated_landing_time": 288.0,
        "wait_time": 0,
        "Landing_success_rate": 1.0
    },
    {
        "model": 2,
        "sequence": 21,
        "status": 1,
        "fuel": 5753,
        "fault": 0.8514,
        "weapon": 0,
        "pilot_injury": 0.2501,
        "pilot_skill": 0.822,
        "mission_priority": 0.1611,
        "estimated_landing_time": 1980.0,
        "wait_time": 0,
        "Landing_success_rate": 1.0
    },
    {
        "model": 1,
        "sequence": 5,
        "status": 1,
        "fuel": 7021,
        "fault": 0.6335,
        "weapon": 0,
        "pilot_injury": 0.6462,
        "pilot_skill": 0.1501,
        "mission_priority": 0.5125,
        "estimated_landing_time": 476.0,
        "wait_time": 0,
        "Landing_success_rate": 1.0
    },
    {
        "model": 1,
        "sequence": 29,
        "status": 1,
        "fuel": 6739,
        "fault": 0.2964,
        "weapon": 0,
        "pilot_injury": 0.5077,
        "pilot_skill": 0.5851,
        "mission_priority": 0.2172,
        "estimated_landing_time": 2732.0,
        "wait_time": 0,
        "Landing_success_rate": 1.0
    },
    {
        "model": 0,
        "sequence": 17,
        "status": 1,
        "fuel": 6204,
        "fault": 0.5772,
        "weapon": 0,
        "pilot_injury": 0.551,
        "pilot_skill": 0.3034,
        "mission_priority": 0.4361,
        "estimated_landing_time": 1604.0,
        "wait_time": 0,
        "Landing_success_rate": 1.0
    },
    {
        "model": 2,
        "sequence": 30,
        "status": 1,
        "fuel": 7134,
        "fault": 0.8312,
        "weapon": 0,
        "pilot_injury": 0.1489,
        "pilot_skill": 0.8863,
        "mission_priority": 0.3728,
        "estimated_landing_time": 2826.0,
        "wait_time": 0,
        "Landing_success_rate": 1.0
    },
    {
        "model": 0,
        "sequence": 12,
        "status": 1,
        "fuel": 6580,
        "fault": 0.7275,
        "weapon": 0,
        "pilot_injury": 0.2053,
        "pilot_skill": 0.9142,
        "mission_priority": 0.4679,
        "estimated_landing_time": 1134.0,
        "wait_time": 0,
        "Landing_success_rate": 1.0
    },
    {
        "model": 1,
        "sequence": 4,
        "status": 1,
        "fuel": 5596,
        "fault": 0.9986,
        "weapon": 0,
        "pilot_injury": 0.8027,
        "pilot_skill": 0.9528,
        "mission_priority": 0.8696,
        "estimated_landing_time": 382.0,
        "wait_time": 0,
        "Landing_success_rate": 1.0
    },
    {
        "model": 2,
        "sequence": 2,
        "status": 1,
        "fuel": 6878,
        "fault": 0.4213,
        "weapon": 1,
        "pilot_injury": 0.2042,
        "pilot_skill": 0.0388,
        "mission_priority": 0.4845,
        "estimated_landing_time": 194.0,
        "wait_time": 0,
        "Landing_success_rate": 1.0
    },
    {
        "model": 1,
        "sequence": 19,
        "status": 1,
        "fuel": 5595,
        "fault": 0.8546,
        "weapon": 1,
        "pilot_injury": 0.6055,
        "pilot_skill": 0.8436,
        "mission_priority": 0.209,
        "estimated_landing_time": 1792.0,
        "wait_time": 0,
        "Landing_success_rate": 1.0
    },
    {
        "model": 2,
        "sequence": 7,
        "status": 1,
        "fuel": 6210,
        "fault": 0.6043,
        "weapon": 0,
        "pilot_injury": 0.8312,
        "pilot_skill": 0.7714,
        "mission_priority": 0.7693,
        "estimated_landing_time": 664.0,
        "wait_time": 0,
        "Landing_success_rate": 1.0
    },
    {
        "model": 1,
        "sequence": 26,
        "status": 1,
        "fuel": 6775,
        "fault": 0.2139,
        "weapon": 1,
        "pilot_injury": 0.5089,
        "pilot_skill": 0.3696,
        "mission_priority": 0.5132,
        "estimated_landing_time": 2450.0,
        "wait_time": 0,
        "Landing_success_rate": 1.0
    },
    {
        "model": 0,
        "sequence": 27,
        "status": 1,
        "fuel": 5683,
        "fault": 0.1285,
        "weapon": 0,
        "pilot_injury": 0.9856,
        "pilot_skill": 0.1425,
        "mission_priority": 0.4412,
        "estimated_landing_time": 2544.0,
        "wait_time": 0,
        "Landing_success_rate": 1.0
    },
    {
        "model": 2,
        "sequence": 14,
        "status": 1,
        "fuel": 6764,
        "fault": 0.8035,
        "weapon": 0,
        "pilot_injury": 0.7898,
        "pilot_skill": 0.8248,
        "mission_priority": 0.0317,
        "estimated_landing_time": 1322.0,
        "wait_time": 0,
        "Landing_success_rate": 1.0
    },
    {
        "model": 2,
        "sequence": 8,
        "status": 1,
        "fuel": 7362,
        "fault": 0.9245,
        "weapon": 1,
        "pilot_injury": 0.905,
        "pilot_skill": 0.3768,
        "mission_priority": 0.497,
        "estimated_landing_time": 758.0,
        "wait_time": 0,
        "Landing_success_rate": 1.0
    },
    {
        "model": 2,
        "sequence": 6,
        "status": 1,
        "fuel": 5871,
        "fault": 0.1214,
        "weapon": 0,
        "pilot_injury": 0.1261,
        "pilot_skill": 0.8633,
        "mission_priority": 0.5811,
        "estimated_landing_time": 570.0,
        "wait_time": 0,
        "Landing_success_rate": 1.0
    },
    {
        "model": 1,
        "sequence": 15,
        "status": 1,
        "fuel": 6493,
        "fault": 0.1973,
        "weapon": 1,
        "pilot_injury": 0.0804,
        "pilot_skill": 0.9269,
        "mission_priority": 0.1057,
        "estimated_landing_time": 1416.0,
        "wait_time": 0,
        "Landing_success_rate": 1.0
    },
    {
        "model": 0,
        "sequence": 16,
        "status": 1,
        "fuel": 5941,
        "fault": 0.8101,
        "weapon": 0,
        "pilot_injury": 0.7827,
        "pilot_skill": 0.5648,
        "mission_priority": 0.3499,
        "estimated_landing_time": 1510.0,
        "wait_time": 0,
        "Landing_success_rate": 1.0
    },
    {
        "model": 0,
        "sequence": 28,
        "status": 1,
        "fuel": 6299,
        "fault": 0.7728,
        "weapon": 1,
        "pilot_injury": 0.4413,
        "pilot_skill": 0.8422,
        "mission_priority": 0.7231,
        "estimated_landing_time": 2638.0,
        "wait_time": 0,
        "Landing_success_rate": 1.0
    },
    {
        "model": 2,
        "sequence": 13,
        "status": 1,
        "fuel": 6942,
        "fault": 0.8923,
        "weapon": 0,
        "pilot_injury": 0.5654,
        "pilot_skill": 0.733,
        "mission_priority": 0.8497,
        "estimated_landing_time": 1228.0,
        "wait_time": 0,
        "Landing_success_rate": 1.0
    }
]