[
    {
        "model": 0,
        "sequence": 17,
        "status": 1,
        "fuel": 6866,
        "fault": 0.3667,
        "weapon": 1,
        "pilot_injury": 0.8136,
        "pilot_skill": 0.2063,
        "mission_priority": 0.0126,
        "estimated_landing_time": 1604.0,
        "wait_time": 0,
        "Landing_success_rate": 1.0
    },
    {
        "model": 1,
        "sequence": 2,
        "status": 1,
        "fuel": 7458,
        "fault": 0.6688,
        "weapon": 1,
        "pilot_injury": 0.67,
        "pilot_skill": 0.2223,
        "mission_priority": 0.2505,
        "estimated_landing_time": 194.0,
        "wait_time": 0,
        "Landing_success_rate": 1.0
    },
    {
        "model": 1,
        "sequence": 21,
        "status": 1,
        "fuel": 7121,
        "fault": 0.6566,
        "weapon": 1,
        "pilot_injury": 0.0892,
        "pilot_skill": 0.3503,
        "mission_priority": 0.6503,
        "estimated_landing_time": 1980.0,
        "wait_time": 0,
        "Landing_success_rate": 1.0
    },
    {
        "model": 2,
        "sequence": 22,
        "status": 1,
        "fuel": 6832,
        "fault": 0.8247,
        "weapon": 1,
        "pilot_injury": 0.252,
        "pilot_skill": 0.6691,
        "mission_priority": 0.0839,
        "estimated_landing_time": 2074.0,
        "wait_time": 0,
        "Landing_success_rate": 1.0
    },
    {
        "model": 0,
        "sequence": 3,
        "status": 1,
        "fuel": 5793,
        "fault": 0.6833,
        "weapon": 0,
        "pilot_injury": 0.2877,
        "pilot_skill": 0.0607,
        "mission_priority": 0.0893,
        "estimated_landing_time": 288.0,
        "wait_time": 0,
        "Landing_success_rate": 1.0
    },
    {
        "model": 0,
        "sequence": 27,
        "status": 1,
        "fuel": 6256,
        "fault": 0.5207,
        "weapon": 1,
        "pilot_injury": 0.4365,
        "pilot_skill": 0.0571,
        "mission_priority": 0.443,
        "estimated_landing_time": 2544.0,
        "wait_time": 0,
        "Landing_success_rate": 1.0
    },
    {
        "model": 2,
        "sequence": 18,
        "status": 1,
        "fuel": 6977,
        "fault": 0.5221,
        "weapon": 1,
        "pilot_injury": 0.0648,
        "pilot_skill": 0.0843,
        "mission_priority": 0.5077,
        "estimated_landing_time": 1698.0,
        "wait_time": 0,
        "Landing_success_rate": 1.0
    },
    {
        "model": 2,
        "sequence": 7,
        "status": 1,
        "fuel": 6980,
        "fault": 0.9168,
        "weapon": 0,
        "pilot_injury": 0.7681,
        "pilot_skill": 0.3933,
        "mission_priority": 0.3005,
        "estimated_landing_time": 664.0,
        "wait_time": 0,
        "Landing_success_rate": 1.0
    },
    {
        "model": 0,
        "sequence": 8,
        "status": 1,
        "fuel": 6469,
        "fault": 0.6498,
        "weapon": 0,
        "pilot_injury": 0.6344,
        "pilot_skill": 0.0719,
        "mission_priority": 0.5009,
        "estimated_landing_time": 758.0,
        "wait_time": 0,
        "Landing_success_rate": 1.0
    },
    {
        "model": 1,
        "sequence": 30,
        "status": 1,
        "fuel": 6169,
        "fault": 0.2105,
        "weapon": 0,
        "pilot_injury": 0.0644,
        "pilot_skill": 0.751,
        "mission_priority": 0.8738,
        "estimated_landing_time": 2826.0,
        "wait_time": 0,
        "Landing_success_rate": 1.0
    },
    {
        "model": 1,
        "sequence": 14,
        "status": 1,
        "fuel": 6978,
        "fault": 0.942,
        "weapon": 0,
        "pilot_injury": 0.8856,
        "pilot_skill": 0.8806,
        "mission_priority": 0.4128,
        "estimated_landing_time": 1322.0,
        "wait_time": 0,
        "Landing_success_rate": 1.0
    },
    {
        "model": 0,
        "sequence": 13,
        "status": 1,
        "fuel": 6337,
        "fault": 0.398,
        "weapon": 0,
        "pilot_injury": 0.5343,
        "pilot_skill": 0.8611,
        "mission_priority": 0.1728,
        "estimated_landing_time": 1228.0,
        "wait_time": 0,
        "Landing_success_rate": 1.0
    },
    {
        "model": 1,
        "sequence": 20,
        "status": 1,
        "fuel": 5512,
        "fault": 0.7499,
        "weapon": 1,
        "pilot_injury": 0.0486,
        "pilot_skill": 0.0366,
        "mission_priority": 0.849,
        "estimated_landing_time": 1886.0,
        "wait_time": 0,
        "Landing_success_rate": 1.0
    },
    {
        "model": 0,
        "sequence": 5,
        "status": 1,
        "fuel": 7425,
        "fault": 0.69,
        "weapon": 0,
        "pilot_injury": 0.9632,
        "pilot_skill": 0.1534,
        "mission_priority": 0.8702,
        "estimated_landing_time": 476.0,
        "wait_time": 0,
        "Landing_success_rate": 1.0
    },
    {
        "model": 0,
        "sequence": 12,
        "status": 1,
        "fuel": 5559,
        "fault": 0.0848,
        "weapon": 1,
        "pilot_injury": 0.6482,
        "pilot_skill": 0.3058,
        "mission_priority": 0.1093,
        "estimated_landing_time": 1134.0,
        "wait_time": 0,
        "Landing_success_rate": 1.0
    },
    {
        "model": 1,
        "sequence": 1,
        "status": 1,
        "fuel": 7354,
        "fault": 0.6663,
        "weapon": 0,
        "pilot_injury": 0.1101,
        "pilot_skill": 0.6482,
        "mission_priority": 0.971,
        "estimated_landing_time": 100.0,
        "wait_time": 0,
        "Landing_success_rate": 1.0
    },
    {
        "model": 1,
        "sequence": 24,
        "status": 1,
        "fuel": 6566,
        "fault": 0.0654,
        "weapon": 1,
        "pilot_injury": 0.4123,
        "pilot_skill": 0.0637,
        "mission_priority": 0.6997,
        "estimated_landing_time": 2262.0,
        "wait_time": 0,
        "Landing_success_rate": 1.0
    },
    {
        "model": 0,
        "sequence": 19,
        "status": 1,
        "fuel": 6868,
        "fault": 0.7457,
        "weapon": 0,
        "pilot_injury": 0.0707,
        "pilot_skill": 0.1202,
        "mission_priority": 0.0058,
        "estimated_landing_time": 1792.0,
        "wait_time": 0,
        "Landing_success_rate": 1.0
    },
    {
        "model": 0,
        "sequence": 10,
        "status": 1,
        "fuel": 5710,
        "fault": 0.4058,
        "weapon": 0,
        "pilot_injury": 0.2937,
        "pilot_skill": 0.2041,
        "mission_priority": 0.2636,
        "estimated_landing_time": 946.0,
        "wait_time": 0,
        "Landing_success_rate": 1.0
    },
    {
        "model": 0,
        "sequence": 26,
        "status": 1,
        "fuel": 7077,
        "fault": 0.6239,
        "weapon": 1,
        "pilot_injury": 0.282,
        "pilot_skill": 0.4363,
        "mission_priority": 0.2628,
        "estimated_landing_time": 2450.0,
        "wait_time": 0,
        "Landing_success_rate": 1.0
    },
    {
        "model": 0,
        "sequence": 16,
        "status": 1,
        "fuel": 6327,
        "fault": 0.2692,
        "weapon": 1,
        "pilot_injury": 0.3626,
        "pilot_skill": 0.6034,
        "mission_priority": 0.3995,
        "estimated_landing_time": 1510.0,
        "wait_time": 0,
        "Landing_success_rate": 1.0
    },
    {
        "model": 2,
        "sequence": 29,
        "status": 1,
        "fuel": 6195,
        "fault": 0.0049,
        "weapon": 0,
        "pilot_injury": 0.8525,
        "pilot_skill": 0.3837,
        "mission_priority": 0.6014,
        "estimated_landing_time": 2732.0,
        "wait_time": 0,
        "Landing_success_rate": 1.0
    },
    {
        "model": 2,
        "sequence": 25,
        "status": 1,
        "fuel": 6300,
        "fault": 0.4801,
        "weapon": 0,
        "pilot_injury": 0.1958,
        "pilot_skill": 0.1188,
        "mission_priority": 0.5906,
        "estimated_landing_time": 2356.0,
        "wait_time": 0,
        "Landing_success_rate": 1.0
    },
    {
        "model": 0,
        "sequence": 28,
        "status": 1,
        "fuel": 6428,
        "fault": 0.736,
        "weapon": 0,
        "pilot_injury": 0.0015,
        "pilot_skill": 0.9129,
        "mission_priority": 0.1316,
        "estimated_landing_time": 2638.0,
        "wait_time": 0,
        "Landing_success_rate": 1.0
    },
    {
        "model": 0,
        "sequence": 11,
        "status": 1,
        "fuel": 5884,
        "fault": 0.3408,
        "weapon": 0,
        "pilot_injury": 0.1788,
        "pilot_skill": 0.1969,
        "mission_priority": 0.5272,
        "estimated_landing_time": 1040.0,
        "wait_time": 0,
        "Landing_success_rate": 1.0
    },
    {
        "model": 1,
        "sequence": 4,
        "status": 1,
        "fuel": 6337,
        "fault": 0.7515,
        "weapon": 0,
        "pilot_injury": 0.238,
        "pilot_skill": 0.711,
        "mission_priority": 0.4796,
        "estimated_landing_time": 382.0,
        "wait_time": 0,
        "Landing_success_rate": 1.0
    },
    {
        "model": 0,
        "sequence": 23,
        "status": 1,
        "fuel": 5838,
        "fault": 0.2328,
        "weapon": 0,
        "pilot_injury": 0.4343,
        "pilot_skill": 0.1233,
        "mission_priority": 0.5025,
        "estimated_landing_time": 2168.0,
        "wait_time": 0,
        "Landing_success_rate": 1.0
    },
    {
        "model": 0,
        "sequence": 15,
        "status": 1,
        "fuel": 7138,
        "fault": 0.9298,
        "weapon": 0,
        "pilot_injury": 0.3251,
        "pilot_skill": 0.5112,
        "mission_priority": 0.1146,
        "estimated_landing_time": 1416.0,
        "wait_time": 0,
        "Landing_success_rate": 1.0
    },
    {
        "model": 1,
        "sequence": 6,
        "status": 1,
        "fuel": 6466,
        "fault": 0.724,
        "weapon": 0,
        "pilot_injury": 0.5838,
        "pilot_skill": 0.142,
        "mission_priority": 0.7386,
        "estimated_landing_time": 570.0,
        "wait_time": 0,
        "Landing_success_rate": 1.0
    },
    {
        "model": 1,
        "sequence": 9,
        "status": 1,
        "fuel": 6718,
        "fault": 0.0413,
        "weapon": 1,
        "pilot_injury": 0.6872,
        "pilot_skill": 0.9816,
        "mission_priority": 0.8124,
        "estimated_landing_time": 852.0,
        "wait_time": 0,
        "Landing_success_rate": 1.0
    }
]