[
    {
        "model": 1,
        "sequence": 17,
        "status": 1,
        "fuel": 7278,
        "fault": 0.1283,
        "weapon": 0,
        "pilot_injury": 0.3059,
        "pilot_skill": 0.2942,
        "mission_priority": 0.447,
        "estimated_landing_time": 1604.0,
        "wait_time": 0,
        "Landing_success_rate": 1.0
    },
    {
        "model": 2,
        "sequence": 1,
        "status": 1,
        "fuel": 7153,
        "fault": 0.1338,
        "weapon": 0,
        "pilot_injury": 0.4778,
        "pilot_skill": 0.9336,
        "mission_priority": 0.975,
        "estimated_landing_time": 100.0,
        "wait_time": 0,
        "Landing_success_rate": 1.0
    },
    {
        "model": 2,
        "sequence": 30,
        "status": 1,
        "fuel": 6705,
        "fault": 0.8096,
        "weapon": 0,
        "pilot_injury": 0.0603,
        "pilot_skill": 0.2232,
        "mission_priority": 0.9982,
        "estimated_landing_time": 2826.0,
        "wait_time": 0,
        "Landing_success_rate": 1.0
    },
    {
        "model": 1,
        "sequence": 19,
        "status": 1,
        "fuel": 6163,
        "fault": 0.5549,
        "weapon": 0,
        "pilot_injury": 0.5667,
        "pilot_skill": 0.6828,
        "mission_priority": 0.6808,
        "estimated_landing_time": 1792.0,
        "wait_time": 0,
        "Landing_success_rate": 1.0
    },
    {
        "model": 0,
        "sequence": 29,
        "status": 1,
        "fuel": 6874,
        "fault": 0.3105,
        "weapon": 1,
        "pilot_injury": 0.4653,
        "pilot_skill": 0.7016,
        "mission_priority": 0.3475,
        "estimated_landing_time": 2732.0,
        "wait_time": 0,
        "Landing_success_rate": 1.0
    },
    {
        "model": 1,
        "sequence": 7,
        "status": 1,
        "fuel": 7172,
        "fault": 0.7311,
        "weapon": 0,
        "pilot_injury": 0.6118,
        "pilot_skill": 0.6333,
        "mission_priority": 0.1852,
        "estimated_landing_time": 664.0,
        "wait_time": 0,
        "Landing_success_rate": 1.0
    },
    {
        "model": 1,
        "sequence": 25,
        "status": 1,
        "fuel": 6643,
        "fault": 0.8861,
        "weapon": 0,
        "pilot_injury": 0.3702,
        "pilot_skill": 0.8018,
        "mission_priority": 0.0477,
        "estimated_landing_time": 2356.0,
        "wait_time": 0,
        "Landing_success_rate": 1.0
    },
    {
        "model": 0,
        "sequence": 11,
        "status": 1,
        "fuel": 6253,
        "fault": 0.9015,
        "weapon": 1,
        "pilot_injury": 0.8463,
        "pilot_skill": 0.213,
        "mission_priority": 0.1653,
        "estimated_landing_time": 1040.0,
        "wait_time": 0,
        "Landing_success_rate": 1.0
    },
    {
        "model": 2,
        "sequence": 22,
        "status": 1,
        "fuel": 5735,
        "fault": 0.5813,
        "weapon": 1,
        "pilot_injury": 0.5632,
        "pilot_skill": 0.458,
        "mission_priority": 0.8753,
        "estimated_landing_time": 2074.0,
        "wait_time": 0,
        "Landing_success_rate": 1.0
    },
    {
        "model": 0,
        "sequence": 24,
        "status": 1,
        "fuel": 6156,
        "fault": 0.6561,
        "weapon": 1,
        "pilot_injury": 0.93,
        "pilot_skill": 0.1719,
        "mission_priority": 0.1932,
        "estimated_landing_time": 2262.0,
        "wait_time": 0,
        "Landing_success_rate": 1.0
    },
    {
        "model": 2,
        "sequence": 8,
        "status": 1,
        "fuel": 6721,
        "fault": 0.2126,
        "weapon": 0,
        "pilot_injury": 0.5689,
        "pilot_skill": 0.3294,
        "mission_priority": 0.5593,
        "estimated_landing_time": 758.0,
        "wait_time": 0,
        "Landing_success_rate": 1.0
    },
    {
        "model": 2,
        "sequence": 23,
        "status": 1,
        "fuel": 6854,
        "fault": 0.8794,
        "weapon": 0,
        "pilot_injury": 0.9519,
        "pilot_skill": 0.207,
        "mission_priority": 0.6707,
        "estimated_landing_time": 2168.0,
        "wait_time": 0,
        "Landing_success_rate": 1.0
    },
    {
        "model": 1,
        "sequence": 26,
        "status": 1,
        "fuel": 5602,
        "fault": 0.4694,
        "weapon": 0,
        "pilot_injury": 0.5981,
        "pilot_skill": 0.7563,
        "mission_priority": 0.5338,
        "estimated_landing_time": 2450.0,
        "wait_time": 0,
        "Landing_success_rate": 1.0
    },
    {
        "model": 1,
        "sequence": 27,
        "status": 1,
        "fuel": 5840,
        "fault": 0.9429,
        "weapon": 0,
        "pilot_injury": 0.1781,
        "pilot_skill": 0.9249,
        "mission_priority": 0.7246,
        "estimated_landing_time": 2544.0,
        "wait_time": 0,
        "Landing_success_rate": 1.0
    },
    {
        "model": 0,
        "sequence": 20,
        "status": 1,
        "fuel": 5718,
        "fault": 0.9836,
        "weapon": 0,
        "pilot_injury": 0.1907,
        "pilot_skill": 0.5864,
        "mission_priority": 0.3131,
        "estimated_landing_time": 1886.0,
        "wait_time": 0,
        "Landing_success_rate": 1.0
    },
    {
        "model": 1,
        "sequence": 18,
        "status": 1,
        "fuel": 6320,
        "fault": 0.5262,
        "weapon": 1,
        "pilot_injury": 0.8907,
        "pilot_skill": 0.7861,
        "mission_priority": 0.8147,
        "estimated_landing_time": 1698.0,
        "wait_time": 0,
        "Landing_success_rate": 1.0
    },
    {
        "model": 1,
        "sequence": 13,
        "status": 1,
        "fuel": 6561,
        "fault": 0.1492,
        "weapon": 1,
        "pilot_injury": 0.4671,
        "pilot_skill": 0.2083,
        "mission_priority": 0.898,
        "estimated_landing_time": 1228.0,
        "wait_time": 0,
        "Landing_success_rate": 1.0
    },
    {
        "model": 2,
        "sequence": 6,
        "status": 1,
        "fuel": 5991,
        "fault": 0.9227,
        "weapon": 1,
        "pilot_injury": 0.6265,
        "pilot_skill": 0.0823,
        "mission_priority": 0.354,
        "estimated_landing_time": 570.0,
        "wait_time": 0,
        "Landing_success_rate": 1.0
    },
    {
        "model": 1,
        "sequence": 28,
        "status": 1,
        "fuel": 6515,
        "fault": 0.6297,
        "weapon": 1,
        "pilot_injury": 0.6772,
        "pilot_skill": 0.9889,
        "mission_priority": 0.7311,
        "estimated_landing_time": 2638.0,
        "wait_time": 0,
        "Landing_success_rate": 1.0
    },
    {
        "model": 2,
        "sequence": 5,
        "status": 1,
        "fuel": 6639,
        "fault": 0.8377,
        "weapon": 1,
        "pilot_injury": 0.1671,
        "pilot_skill": 0.862,
        "mission_priority": 0.8459,
        "estimated_landing_time": 476.0,
        "wait_time": 0,
        "Landing_success_rate": 1.0
    },
    {
        "model": 1,
        "sequence": 10,
        "status": 1,
        "fuel": 7317,
        "fault": 0.106,
        "weapon": 1,
        "pilot_injury": 0.2689,
        "pilot_skill": 0.8967,
        "mission_priority": 0.2727,
        "estimated_landing_time": 946.0,
        "wait_time": 0,
        "Landing_success_rate": 1.0
    },
    {
        "model": 2,
        "sequence": 9,
        "status": 1,
        "fuel": 6269,
        "fault": 0.3737,
        "weapon": 1,
        "pilot_injury": 0.578,
        "pilot_skill": 0.4356,
        "mission_priority": 0.6479,
        "estimated_landing_time": 852.0,
        "wait_time": 0,
        "Landing_success_rate": 1.0
    },
    {
        "model": 1,
        "sequence": 3,
        "status": 1,
        "fuel": 5669,
        "fault": 0.2721,
        "weapon": 0,
        "pilot_injury": 0.0915,
        "pilot_skill": 0.5641,
        "mission_priority": 0.9979,
        "estimated_landing_time": 288.0,
        "wait_time": 0,
        "Landing_success_rate": 1.0
    },
    {
        "model": 2,
        "sequence": 15,
        "status": 1,
        "fuel": 5981,
        "fault": 0.2288,
        "weapon": 0,
        "pilot_injury": 0.2037,
        "pilot_skill": 0.5297,
        "mission_priority": 0.1834,
        "estimated_landing_time": 1416.0,
        "wait_time": 0,
        "Landing_success_rate": 1.0
    },
    {
        "model": 0,
        "sequence": 4,
        "status": 1,
        "fuel": 6485,
        "fault": 0.3743,
        "weapon": 1,
        "pilot_injury": 0.9396,
        "pilot_skill": 0.6594,
        "mission_priority": 0.3717,
        "estimated_landing_time": 382.0,
        "wait_time": 0,
        "Landing_success_rate": 1.0
    },
    {
        "model": 0,
        "sequence": 12,
        "status": 1,
        "fuel": 5696,
        "fault": 0.7846,
        "weapon": 1,
        "pilot_injury": 0.6375,
        "pilot_skill": 0.9203,
        "mission_priority": 0.9369,
        "estimated_landing_time": 1134.0,
        "wait_time": 0,
        "Landing_success_rate": 1.0
    },
    {
        "model": 1,
        "sequence": 14,
        "status": 1,
        "fuel": 6200,
        "fault": 0.9867,
        "weapon": 1,
        "pilot_injury": 0.3873,
        "pilot_skill": 0.8856,
        "mission_priority": 0.3342,
        "estimated_landing_time": 1322.0,
        "wait_time": 0,
        "Landing_success_rate": 1.0
    },
    {
        "model": 0,
        "sequence": 2,
        "status": 1,
        "fuel": 6930,
        "fault": 0.1092,
        "weapon": 1,
        "pilot_injury": 0.565,
        "pilot_skill": 0.2746,
        "mission_priority": 0.6979,
        "estimated_landing_time": 194.0,
        "wait_time": 0,
        "Landing_success_rate": 1.0
    },
    {
        "model": 0,
        "sequence": 16,
        "status": 1,
        "fuel": 6109,
        "fault": 0.9693,
        "weapon": 1,
        "pilot_injury": 0.8959,
        "pilot_skill": 0.737,
        "mission_priority": 0.0546,
        "estimated_landing_time": 1510.0,
        "wait_time": 0,
        "Landing_success_rate": 1.0
    },
    {
        "model": 1,
        "sequence": 21,
        "status": 1,
        "fuel": 6242,
        "fault": 0.956,
        "weapon": 1,
        "pilot_injury": 0.0135,
        "pilot_skill": 0.2674,
        "mission_priority": 0.774,
        "estimated_landing_time": 1980.0,
        "wait_time": 0,
        "Landing_success_rate": 1.0
    }
]