[
    {
        "model": 1,
        "sequence": 4,
        "status": 1,
        "fuel": 6939,
        "fault": 0.5545,
        "weapon": 1,
        "pilot_injury": 0.5545,
        "pilot_skill": 0.642,
        "mission_priority": 0.1029,
        "estimated_landing_time": 382.0,
        "wait_time": 0,
        "Landing_success_rate": 1.0
    },
    {
        "model": 1,
        "sequence": 26,
        "status": 1,
        "fuel": 7095,
        "fault": 0.3044,
        "weapon": 0,
        "pilot_injury": 0.6824,
        "pilot_skill": 0.075,
        "mission_priority": 0.4489,
        "estimated_landing_time": 2450.0,
        "wait_time": 0,
        "Landing_success_rate": 1.0
    },
    {
        "model": 1,
        "sequence": 25,
        "status": 1,
        "fuel": 6563,
        "fault": 0.5002,
        "weapon": 1,
        "pilot_injury": 0.5456,
        "pilot_skill": 0.4408,
        "mission_priority": 0.3908,
        "estimated_landing_time": 2356.0,
        "wait_time": 0,
        "Landing_success_rate": 1.0
    },
    {
        "model": 1,
        "sequence": 30,
        "status": 1,
        "fuel": 6110,
        "fault": 0.3956,
        "weapon": 1,
        "pilot_injury": 0.3655,
        "pilot_skill": 0.5222,
        "mission_priority": 0.0828,
        "estimated_landing_time": 2826.0,
        "wait_time": 0,
        "Landing_success_rate": 1.0
    },
    {
        "model": 0,
        "sequence": 22,
        "status": 1,
        "fuel": 5614,
        "fault": 0.0095,
        "weapon": 0,
        "pilot_injury": 0.3723,
        "pilot_skill": 0.3927,
        "mission_priority": 0.8374,
        "estimated_landing_time": 2074.0,
        "wait_time": 0,
        "Landing_success_rate": 1.0
    },
    {
        "model": 1,
        "sequence": 20,
        "status": 1,
        "fuel": 7129,
        "fault": 0.8016,
        "weapon": 1,
        "pilot_injury": 0.2968,
        "pilot_skill": 0.483,
        "mission_priority": 0.054,
        "estimated_landing_time": 1886.0,
        "wait_time": 0,
        "Landing_success_rate": 1.0
    },
    {
        "model": 1,
        "sequence": 24,
        "status": 1,
        "fuel": 5642,
        "fault": 0.8063,
        "weapon": 1,
        "pilot_injury": 0.1615,
        "pilot_skill": 0.7645,
        "mission_priority": 0.3742,
        "estimated_landing_time": 2262.0,
        "wait_time": 0,
        "Landing_success_rate": 1.0
    },
    {
        "model": 2,
        "sequence": 9,
        "status": 1,
        "fuel": 6560,
        "fault": 0.4982,
        "weapon": 1,
        "pilot_injury": 0.1814,
        "pilot_skill": 0.3348,
        "mission_priority": 0.4807,
        "estimated_landing_time": 852.0,
        "wait_time": 0,
        "Landing_success_rate": 1.0
    },
    {
        "model": 2,
        "sequence": 17,
        "status": 1,
        "fuel": 7024,
        "fault": 0.8813,
        "weapon": 1,
        "pilot_injury": 0.9053,
        "pilot_skill": 0.5645,
        "mission_priority": 0.2054,
        "estimated_landing_time": 1604.0,
        "wait_time": 0,
        "Landing_success_rate": 1.0
    },
    {
        "model": 2,
        "sequence": 21,
        "status": 1,
        "fuel": 5886,
        "fault": 0.2623,
        "weapon": 1,
        "pilot_injury": 0.1171,
        "pilot_skill": 0.1157,
        "mission_priority": 0.0123,
        "estimated_landing_time": 1980.0,
        "wait_time": 0,
        "Landing_success_rate": 1.0
    },
    {
        "model": 2,
        "sequence": 12,
        "status": 1,
        "fuel": 6000,
        "fault": 0.9294,
        "weapon": 0,
        "pilot_injury": 0.0721,
        "pilot_skill": 0.0062,
        "mission_priority": 0.1123,
        "estimated_landing_time": 1134.0,
        "wait_time": 0,
        "Landing_success_rate": 1.0
    },
    {
        "model": 1,
        "sequence": 3,
        "status": 1,
        "fuel": 5721,
        "fault": 0.5256,
        "weapon": 1,
        "pilot_injury": 0.0841,
        "pilot_skill": 0.8791,
        "mission_priority": 0.1008,
        "estimated_landing_time": 288.0,
        "wait_time": 0,
        "Landing_success_rate": 1.0
    },
    {
        "model": 1,
        "sequence": 13,
        "status": 1,
        "fuel": 6863,
        "fault": 0.5848,
        "weapon": 1,
        "pilot_injury": 0.0659,
        "pilot_skill": 0.9915,
        "mission_priority": 0.0825,
        "estimated_landing_time": 1228.0,
        "wait_time": 0,
        "Landing_success_rate": 1.0
    },
    {
        "model": 1,
        "sequence": 2,
        "status": 1,
        "fuel": 6308,
        "fault": 0.8259,
        "weapon": 0,
        "pilot_injury": 0.5728,
        "pilot_skill": 0.1692,
        "mission_priority": 0.1618,
        "estimated_landing_time": 194.0,
        "wait_time": 0,
        "Landing_success_rate": 1.0
    },
    {
        "model": 2,
        "sequence": 16,
        "status": 1,
        "fuel": 5927,
        "fault": 0.6419,
        "weapon": 1,
        "pilot_injury": 0.6859,
        "pilot_skill": 0.2882,
        "mission_priority": 0.9266,
        "estimated_landing_time": 1510.0,
        "wait_time": 0,
        "Landing_success_rate": 1.0
    },
    {
        "model": 0,
        "sequence": 23,
        "status": 1,
        "fuel": 6923,
        "fault": 0.993,
        "weapon": 0,
        "pilot_injury": 0.8466,
        "pilot_skill": 0.9832,
        "mission_priority": 0.7444,
        "estimated_landing_time": 2168.0,
        "wait_time": 0,
        "Landing_success_rate": 1.0
    },
    {
        "model": 0,
        "sequence": 15,
        "status": 1,
        "fuel": 7482,
        "fault": 0.1267,
        "weapon": 1,
        "pilot_injury": 0.0202,
        "pilot_skill": 0.8889,
        "mission_priority": 0.2498,
        "estimated_landing_time": 1416.0,
        "wait_time": 0,
        "Landing_success_rate": 1.0
    },
    {
        "model": 2,
        "sequence": 1,
        "status": 1,
        "fuel": 6196,
        "fault": 0.6509,
        "weapon": 0,
        "pilot_injury": 0.4334,
        "pilot_skill": 0.4504,
        "mission_priority": 0.6838,
        "estimated_landing_time": 100.0,
        "wait_time": 0,
        "Landing_success_rate": 1.0
    },
    {
        "model": 0,
        "sequence": 8,
        "status": 1,
        "fuel": 7314,
        "fault": 0.0684,
        "weapon": 0,
        "pilot_injury": 0.9929,
        "pilot_skill": 0.9663,
        "mission_priority": 0.1572,
        "estimated_landing_time": 758.0,
        "wait_time": 0,
        "Landing_success_rate": 1.0
    },
    {
        "model": 2,
        "sequence": 18,
        "status": 1,
        "fuel": 6331,
        "fault": 0.9513,
        "weapon": 0,
        "pilot_injury": 0.2709,
        "pilot_skill": 0.8083,
        "mission_priority": 0.2245,
        "estimated_landing_time": 1698.0,
        "wait_time": 0,
        "Landing_success_rate": 1.0
    },
    {
        "model": 0,
        "sequence": 10,
        "status": 1,
        "fuel": 7410,
        "fault": 0.2868,
        "weapon": 1,
        "pilot_injury": 0.4027,
        "pilot_skill": 0.0378,
        "mission_priority": 0.32,
        "estimated_landing_time": 946.0,
        "wait_time": 0,
        "Landing_success_rate": 1.0
    },
    {
        "model": 2,
        "sequence": 7,
        "status": 1,
        "fuel": 6495,
        "fault": 0.9235,
        "weapon": 1,
        "pilot_injury": 0.4851,
        "pilot_skill": 0.7118,
        "mission_priority": 0.216,
        "estimated_landing_time": 664.0,
        "wait_time": 0,
        "Landing_success_rate": 1.0
    },
    {
        "model": 2,
        "sequence": 11,
        "status": 1,
        "fuel": 5856,
        "fault": 0.2308,
        "weapon": 0,
        "pilot_injury": 0.0323,
        "pilot_skill": 0.6697,
        "mission_priority": 0.2774,
        "estimated_landing_time": 1040.0,
        "wait_time": 0,
        "Landing_success_rate": 1.0
    },
    {
        "model": 0,
        "sequence": 28,
        "status": 1,
        "fuel": 5754,
        "fault": 0.0272,
        "weapon": 0,
        "pilot_injury": 0.7339,
        "pilot_skill": 0.0449,
        "mission_priority": 0.5536,
        "estimated_landing_time": 2638.0,
        "wait_time": 0,
        "Landing_success_rate": 1.0
    },
    {
        "model": 0,
        "sequence": 27,
        "status": 1,
        "fuel": 5597,
        "fault": 0.5148,
        "weapon": 0,
        "pilot_injury": 0.1933,
        "pilot_skill": 0.4337,
        "mission_priority": 0.4813,
        "estimated_landing_time": 2544.0,
        "wait_time": 0,
        "Landing_success_rate": 1.0
    },
    {
        "model": 0,
        "sequence": 19,
        "status": 1,
        "fuel": 7093,
        "fault": 0.4689,
        "weapon": 1,
        "pilot_injury": 0.7247,
        "pilot_skill": 0.8068,
        "mission_priority": 0.9937,
        "estimated_landing_time": 1792.0,
        "wait_time": 0,
        "Landing_success_rate": 1.0
    },
    {
        "model": 1,
        "sequence": 6,
        "status": 1,
        "fuel": 5577,
        "fault": 0.5273,
        "weapon": 1,
        "pilot_injury": 0.2542,
        "pilot_skill": 0.7247,
        "mission_priority": 0.5157,
        "estimated_landing_time": 570.0,
        "wait_time": 0,
        "Landing_success_rate": 1.0
    },
    {
        "model": 1,
        "sequence": 5,
        "status": 1,
        "fuel": 6365,
        "fault": 0.8024,
        "weapon": 1,
        "pilot_injury": 0.5008,
        "pilot_skill": 0.3507,
        "mission_priority": 0.5268,
        "estimated_landing_time": 476.0,
        "wait_time": 0,
        "Landing_success_rate": 1.0
    },
    {
        "model": 2,
        "sequence": 29,
        "status": 1,
        "fuel": 5767,
        "fault": 0.2218,
        "weapon": 0,
        "pilot_injury": 0.974,
        "pilot_skill": 0.2411,
        "mission_priority": 0.0234,
        "estimated_landing_time": 2732.0,
        "wait_time": 0,
        "Landing_success_rate": 1.0
    },
    {
        "model": 1,
        "sequence": 14,
        "status": 1,
        "fuel": 5868,
        "fault": 0.8661,
        "weapon": 1,
        "pilot_injury": 0.4545,
        "pilot_skill": 0.5325,
        "mission_priority": 0.3354,
        "estimated_landing_time": 1322.0,
        "wait_time": 0,
        "Landing_success_rate": 1.0
    }
]