[
    {
        "model": 1,
        "sequence": 21,
        "status": 1,
        "fuel": 6380,
        "fault": 0.8846,
        "weapon": 0,
        "pilot_injury": 0.5214,
        "pilot_skill": 0.0894,
        "mission_priority": 0.591,
        "estimated_landing_time": 1980.0,
        "wait_time": 0,
        "Landing_success_rate": 1.0
    },
    {
        "model": 0,
        "sequence": 2,
        "status": 1,
        "fuel": 6943,
        "fault": 0.6389,
        "weapon": 1,
        "pilot_injury": 0.2739,
        "pilot_skill": 0.0663,
        "mission_priority": 0.8946,
        "estimated_landing_time": 194.0,
        "wait_time": 0,
        "Landing_success_rate": 1.0
    },
    {
        "model": 2,
        "sequence": 20,
        "status": 1,
        "fuel": 6697,
        "fault": 0.8763,
        "weapon": 0,
        "pilot_injury": 0.4975,
        "pilot_skill": 0.0563,
        "mission_priority": 0.1258,
        "estimated_landing_time": 1886.0,
        "wait_time": 0,
        "Landing_success_rate": 1.0
    },
    {
        "model": 1,
        "sequence": 28,
        "status": 1,
        "fuel": 6772,
        "fault": 0.2274,
        "weapon": 0,
        "pilot_injury": 0.9151,
        "pilot_skill": 0.7963,
        "mission_priority": 0.5046,
        "estimated_landing_time": 2638.0,
        "wait_time": 0,
        "Landing_success_rate": 1.0
    },
    {
        "model": 2,
        "sequence": 23,
        "status": 1,
        "fuel": 6674,
        "fault": 0.0008,
        "weapon": 0,
        "pilot_injury": 0.8534,
        "pilot_skill": 0.8051,
        "mission_priority": 0.5818,
        "estimated_landing_time": 2168.0,
        "wait_time": 0,
        "Landing_success_rate": 1.0
    },
    {
        "model": 1,
        "sequence": 19,
        "status": 1,
        "fuel": 6627,
        "fault": 0.5323,
        "weapon": 1,
        "pilot_injury": 0.9572,
        "pilot_skill": 0.0846,
        "mission_priority": 0.201,
        "estimated_landing_time": 1792.0,
        "wait_time": 0,
        "Landing_success_rate": 1.0
    },
    {
        "model": 0,
        "sequence": 30,
        "status": 1,
        "fuel": 6811,
        "fault": 0.6966,
        "weapon": 1,
        "pilot_injury": 0.1645,
        "pilot_skill": 0.8063,
        "mission_priority": 0.9285,
        "estimated_landing_time": 2826.0,
        "wait_time": 0,
        "Landing_success_rate": 1.0
    },
    {
        "model": 1,
        "sequence": 3,
        "status": 1,
        "fuel": 6002,
        "fault": 0.7701,
        "weapon": 1,
        "pilot_injury": 0.2812,
        "pilot_skill": 0.3089,
        "mission_priority": 0.0449,
        "estimated_landing_time": 288.0,
        "wait_time": 0,
        "Landing_success_rate": 1.0
    },
    {
        "model": 1,
        "sequence": 15,
        "status": 1,
        "fuel": 7241,
        "fault": 0.1042,
        "weapon": 0,
        "pilot_injury": 0.161,
        "pilot_skill": 0.5769,
        "mission_priority": 0.2745,
        "estimated_landing_time": 1416.0,
        "wait_time": 0,
        "Landing_success_rate": 1.0
    },
    {
        "model": 2,
        "sequence": 22,
        "status": 1,
        "fuel": 7413,
        "fault": 0.0748,
        "weapon": 0,
        "pilot_injury": 0.7162,
        "pilot_skill": 0.7355,
        "mission_priority": 0.663,
        "estimated_landing_time": 2074.0,
        "wait_time": 0,
        "Landing_success_rate": 1.0
    },
    {
        "model": 2,
        "sequence": 29,
        "status": 1,
        "fuel": 6363,
        "fault": 0.8197,
        "weapon": 1,
        "pilot_injury": 0.3857,
        "pilot_skill": 0.9955,
        "mission_priority": 0.6726,
        "estimated_landing_time": 2732.0,
        "wait_time": 0,
        "Landing_success_rate": 1.0
    },
    {
        "model": 1,
        "sequence": 1,
        "status": 1,
        "fuel": 6700,
        "fault": 0.4544,
        "weapon": 1,
        "pilot_injury": 0.9222,
        "pilot_skill": 0.1964,
        "mission_priority": 0.3209,
        "estimated_landing_time": 100.0,
        "wait_time": 0,
        "Landing_success_rate": 1.0
    },
    {
        "model": 2,
        "sequence": 18,
        "status": 1,
        "fuel": 5748,
        "fault": 0.2218,
        "weapon": 0,
        "pilot_injury": 0.7768,
        "pilot_skill": 0.5908,
        "mission_priority": 0.3147,
        "estimated_landing_time": 1698.0,
        "wait_time": 0,
        "Landing_success_rate": 1.0
    },
    {
        "model": 0,
        "sequence": 10,
        "status": 1,
        "fuel": 7350,
        "fault": 0.9143,
        "weapon": 0,
        "pilot_injury": 0.9295,
        "pilot_skill": 0.9102,
        "mission_priority": 0.422,
        "estimated_landing_time": 946.0,
        "wait_time": 0,
        "Landing_success_rate": 1.0
    },
    {
        "model": 1,
        "sequence": 24,
        "status": 1,
        "fuel": 7272,
        "fault": 0.8406,
        "weapon": 1,
        "pilot_injury": 0.4462,
        "pilot_skill": 0.0387,
        "mission_priority": 0.3457,
        "estimated_landing_time": 2262.0,
        "wait_time": 0,
        "Landing_success_rate": 1.0
    },
    {
        "model": 2,
        "sequence": 4,
        "status": 1,
        "fuel": 5920,
        "fault": 0.5535,
        "weapon": 1,
        "pilot_injury": 0.4246,
        "pilot_skill": 0.2401,
        "mission_priority": 0.3845,
        "estimated_landing_time": 382.0,
        "wait_time": 0,
        "Landing_success_rate": 1.0
    },
    {
        "model": 2,
        "sequence": 12,
        "status": 1,
        "fuel": 6622,
        "fault": 0.8988,
        "weapon": 1,
        "pilot_injury": 0.1803,
        "pilot_skill": 0.6236,
        "mission_priority": 0.1909,
        "estimated_landing_time": 1134.0,
        "wait_time": 0,
        "Landing_success_rate": 1.0
    },
    {
        "model": 1,
        "sequence": 26,
        "status": 1,
        "fuel": 6797,
        "fault": 0.2961,
        "weapon": 0,
        "pilot_injury": 0.444,
        "pilot_skill": 0.4657,
        "mission_priority": 0.6201,
        "estimated_landing_time": 2450.0,
        "wait_time": 0,
        "Landing_success_rate": 1.0
    },
    {
        "model": 2,
        "sequence": 14,
        "status": 1,
        "fuel": 6759,
        "fault": 0.4532,
        "weapon": 1,
        "pilot_injury": 0.7665,
        "pilot_skill": 0.1229,
        "mission_priority": 0.0734,
        "estimated_landing_time": 1322.0,
        "wait_time": 0,
        "Landing_success_rate": 1.0
    },
    {
        "model": 0,
        "sequence": 5,
        "status": 1,
        "fuel": 6747,
        "fault": 0.6749,
        "weapon": 1,
        "pilot_injury": 0.4798,
        "pilot_skill": 0.6325,
        "mission_priority": 0.2981,
        "estimated_landing_time": 476.0,
        "wait_time": 0,
        "Landing_success_rate": 1.0
    },
    {
        "model": 0,
        "sequence": 9,
        "status": 1,
        "fuel": 7386,
        "fault": 0.8382,
        "weapon": 1,
        "pilot_injury": 0.5872,
        "pilot_skill": 0.3066,
        "mission_priority": 0.4381,
        "estimated_landing_time": 852.0,
        "wait_time": 0,
        "Landing_success_rate": 1.0
    },
    {
        "model": 0,
        "sequence": 8,
        "status": 1,
        "fuel": 5831,
        "fault": 0.2502,
        "weapon": 1,
        "pilot_injury": 0.0498,
        "pilot_skill": 0.1056,
        "mission_priority": 0.2172,
        "estimated_landing_time": 758.0,
        "wait_time": 0,
        "Landing_success_rate": 1.0
    },
    {
        "model": 1,
        "sequence": 25,
        "status": 1,
        "fuel": 6777,
        "fault": 0.2625,
        "weapon": 1,
        "pilot_injury": 0.4806,
        "pilot_skill": 0.5287,
        "mission_priority": 0.5002,
        "estimated_landing_time": 2356.0,
        "wait_time": 0,
        "Landing_success_rate": 1.0
    },
    {
        "model": 2,
        "sequence": 16,
        "status": 1,
        "fuel": 5926,
        "fault": 0.5072,
        "weapon": 1,
        "pilot_injury": 0.0675,
        "pilot_skill": 0.0696,
        "mission_priority": 0.0772,
        "estimated_landing_time": 1510.0,
        "wait_time": 0,
        "Landing_success_rate": 1.0
    },
    {
        "model": 0,
        "sequence": 13,
        "status": 1,
        "fuel": 6610,
        "fault": 0.8168,
        "weapon": 1,
        "pilot_injury": 0.0673,
        "pilot_skill": 0.0029,
        "mission_priority": 0.6133,
        "estimated_landing_time": 1228.0,
        "wait_time": 0,
        "Landing_success_rate": 1.0
    },
    {
        "model": 1,
        "sequence": 11,
        "status": 1,
        "fuel": 5512,
        "fault": 0.141,
        "weapon": 1,
        "pilot_injury": 0.2801,
        "pilot_skill": 0.3382,
        "mission_priority": 0.3541,
        "estimated_landing_time": 1040.0,
        "wait_time": 0,
        "Landing_success_rate": 1.0
    },
    {
        "model": 1,
        "sequence": 7,
        "status": 1,
        "fuel": 7064,
        "fault": 0.8394,
        "weapon": 1,
        "pilot_injury": 0.5882,
        "pilot_skill": 0.392,
        "mission_priority": 0.2948,
        "estimated_landing_time": 664.0,
        "wait_time": 0,
        "Landing_success_rate": 1.0
    },
    {
        "model": 2,
        "sequence": 17,
        "status": 1,
        "fuel": 7011,
        "fault": 0.5866,
        "weapon": 1,
        "pilot_injury": 0.4332,
        "pilot_skill": 0.6653,
        "mission_priority": 0.2506,
        "estimated_landing_time": 1604.0,
        "wait_time": 0,
        "Landing_success_rate": 1.0
    },
    {
        "model": 2,
        "sequence": 27,
        "status": 1,
        "fuel": 7235,
        "fault": 0.5021,
        "weapon": 0,
        "pilot_injury": 0.5995,
        "pilot_skill": 0.6193,
        "mission_priority": 0.9782,
        "estimated_landing_time": 2544.0,
        "wait_time": 0,
        "Landing_success_rate": 1.0
    },
    {
        "model": 2,
        "sequence": 6,
        "status": 1,
        "fuel": 6755,
        "fault": 0.2356,
        "weapon": 0,
        "pilot_injury": 0.0469,
        "pilot_skill": 0.0404,
        "mission_priority": 0.8587,
        "estimated_landing_time": 570.0,
        "wait_time": 0,
        "Landing_success_rate": 1.0
    }
]