[
    {
        "model": 2,
        "sequence": 6,
        "status": 1,
        "fuel": 7117,
        "fault": 0.5833,
        "weapon": 0,
        "pilot_injury": 0.9432,
        "pilot_skill": 0.0358,
        "mission_priority": 0.5759,
        "estimated_landing_time": 570.0,
        "wait_time": 0,
        "Landing_success_rate": 1.0
    },
    {
        "model": 2,
        "sequence": 13,
        "status": 1,
        "fuel": 6288,
        "fault": 0.5544,
        "weapon": 1,
        "pilot_injury": 0.3823,
        "pilot_skill": 0.3047,
        "mission_priority": 0.2085,
        "estimated_landing_time": 1228.0,
        "wait_time": 0,
        "Landing_success_rate": 1.0
    },
    {
        "model": 2,
        "sequence": 24,
        "status": 1,
        "fuel": 6871,
        "fault": 0.9277,
        "weapon": 1,
        "pilot_injury": 0.144,
        "pilot_skill": 0.1952,
        "mission_priority": 0.5471,
        "estimated_landing_time": 2262.0,
        "wait_time": 0,
        "Landing_success_rate": 1.0
    },
    {
        "model": 0,
        "sequence": 30,
        "status": 1,
        "fuel": 7366,
        "fault": 0.1844,
        "weapon": 1,
        "pilot_injury": 0.8649,
        "pilot_skill": 0.4334,
        "mission_priority": 0.83,
        "estimated_landing_time": 2826.0,
        "wait_time": 0,
        "Landing_success_rate": 1.0
    },
    {
        "model": 2,
        "sequence": 27,
        "status": 1,
        "fuel": 7329,
        "fault": 0.2971,
        "weapon": 0,
        "pilot_injury": 0.8185,
        "pilot_skill": 0.6964,
        "mission_priority": 0.8431,
        "estimated_landing_time": 2544.0,
        "wait_time": 0,
        "Landing_success_rate": 1.0
    },
    {
        "model": 0,
        "sequence": 10,
        "status": 1,
        "fuel": 7371,
        "fault": 0.1462,
        "weapon": 0,
        "pilot_injury": 0.1592,
        "pilot_skill": 0.6346,
        "mission_priority": 0.9973,
        "estimated_landing_time": 946.0,
        "wait_time": 0,
        "Landing_success_rate": 1.0
    },
    {
        "model": 2,
        "sequence": 2,
        "status": 1,
        "fuel": 6015,
        "fault": 0.6055,
        "weapon": 1,
        "pilot_injury": 0.8924,
        "pilot_skill": 0.8119,
        "mission_priority": 0.4798,
        "estimated_landing_time": 194.0,
        "wait_time": 0,
        "Landing_success_rate": 1.0
    },
    {
        "model": 1,
        "sequence": 17,
        "status": 1,
        "fuel": 5826,
        "fault": 0.8345,
        "weapon": 0,
        "pilot_injury": 0.479,
        "pilot_skill": 0.8736,
        "mission_priority": 0.481,
        "estimated_landing_time": 1604.0,
        "wait_time": 0,
        "Landing_success_rate": 1.0
    },
    {
        "model": 2,
        "sequence": 29,
        "status": 1,
        "fuel": 5629,
        "fault": 0.3729,
        "weapon": 1,
        "pilot_injury": 0.129,
        "pilot_skill": 0.1645,
        "mission_priority": 0.2338,
        "estimated_landing_time": 2732.0,
        "wait_time": 0,
        "Landing_success_rate": 1.0
    },
    {
        "model": 1,
        "sequence": 28,
        "status": 1,
        "fuel": 7350,
        "fault": 0.7205,
        "weapon": 1,
        "pilot_injury": 0.9407,
        "pilot_skill": 0.1171,
        "mission_priority": 0.39,
        "estimated_landing_time": 2638.0,
        "wait_time": 0,
        "Landing_success_rate": 1.0
    },
    {
        "model": 1,
        "sequence": 11,
        "status": 1,
        "fuel": 7174,
        "fault": 0.6314,
        "weapon": 1,
        "pilot_injury": 0.3491,
        "pilot_skill": 0.2236,
        "mission_priority": 0.5529,
        "estimated_landing_time": 1040.0,
        "wait_time": 0,
        "Landing_success_rate": 1.0
    },
    {
        "model": 2,
        "sequence": 21,
        "status": 1,
        "fuel": 6539,
        "fault": 0.7927,
        "weapon": 0,
        "pilot_injury": 0.4637,
        "pilot_skill": 0.8845,
        "mission_priority": 0.9443,
        "estimated_landing_time": 1980.0,
        "wait_time": 0,
        "Landing_success_rate": 1.0
    },
    {
        "model": 0,
        "sequence": 8,
        "status": 1,
        "fuel": 7454,
        "fault": 0.8603,
        "weapon": 0,
        "pilot_injury": 0.9421,
        "pilot_skill": 0.5778,
        "mission_priority": 0.192,
        "estimated_landing_time": 758.0,
        "wait_time": 0,
        "Landing_success_rate": 1.0
    },
    {
        "model": 2,
        "sequence": 14,
        "status": 1,
        "fuel": 5505,
        "fault": 0.8345,
        "weapon": 1,
        "pilot_injury": 0.322,
        "pilot_skill": 0.621,
        "mission_priority": 0.3117,
        "estimated_landing_time": 1322.0,
        "wait_time": 0,
        "Landing_success_rate": 1.0
    },
    {
        "model": 2,
        "sequence": 23,
        "status": 1,
        "fuel": 5524,
        "fault": 0.9321,
        "weapon": 0,
        "pilot_injury": 0.8466,
        "pilot_skill": 0.6473,
        "mission_priority": 0.9086,
        "estimated_landing_time": 2168.0,
        "wait_time": 0,
        "Landing_success_rate": 1.0
    },
    {
        "model": 2,
        "sequence": 1,
        "status": 1,
        "fuel": 7251,
        "fault": 0.944,
        "weapon": 1,
        "pilot_injury": 0.5234,
        "pilot_skill": 0.1353,
        "mission_priority": 0.2519,
        "estimated_landing_time": 100.0,
        "wait_time": 0,
        "Landing_success_rate": 1.0
    },
    {
        "model": 2,
        "sequence": 16,
        "status": 1,
        "fuel": 6598,
        "fault": 0.2262,
        "weapon": 1,
        "pilot_injury": 0.2627,
        "pilot_skill": 0.5832,
        "mission_priority": 0.2614,
        "estimated_landing_time": 1510.0,
        "wait_time": 0,
        "Landing_success_rate": 1.0
    },
    {
        "model": 2,
        "sequence": 9,
        "status": 1,
        "fuel": 6799,
        "fault": 0.0515,
        "weapon": 1,
        "pilot_injury": 0.7785,
        "pilot_skill": 0.8829,
        "mission_priority": 0.1589,
        "estimated_landing_time": 852.0,
        "wait_time": 0,
        "Landing_success_rate": 1.0
    },
    {
        "model": 1,
        "sequence": 22,
        "status": 1,
        "fuel": 6451,
        "fault": 0.1227,
        "weapon": 0,
        "pilot_injury": 0.2346,
        "pilot_skill": 0.57,
        "mission_priority": 0.9473,
        "estimated_landing_time": 2074.0,
        "wait_time": 0,
        "Landing_success_rate": 1.0
    },
    {
        "model": 2,
        "sequence": 5,
        "status": 1,
        "fuel": 5602,
        "fault": 0.1106,
        "weapon": 0,
        "pilot_injury": 0.6718,
        "pilot_skill": 0.7493,
        "mission_priority": 0.2215,
        "estimated_landing_time": 476.0,
        "wait_time": 0,
        "Landing_success_rate": 1.0
    },
    {
        "model": 2,
        "sequence": 15,
        "status": 1,
        "fuel": 6355,
        "fault": 0.6414,
        "weapon": 1,
        "pilot_injury": 0.6605,
        "pilot_skill": 0.0311,
        "mission_priority": 0.6681,
        "estimated_landing_time": 1416.0,
        "wait_time": 0,
        "Landing_success_rate": 1.0
    },
    {
        "model": 2,
        "sequence": 25,
        "status": 1,
        "fuel": 5564,
        "fault": 0.376,
        "weapon": 0,
        "pilot_injury": 0.9291,
        "pilot_skill": 0.8448,
        "mission_priority": 0.1953,
        "estimated_landing_time": 2356.0,
        "wait_time": 0,
        "Landing_success_rate": 1.0
    },
    {
        "model": 0,
        "sequence": 18,
        "status": 1,
        "fuel": 6346,
        "fault": 0.2265,
        "weapon": 1,
        "pilot_injury": 0.4826,
        "pilot_skill": 0.8772,
        "mission_priority": 0.8557,
        "estimated_landing_time": 1698.0,
        "wait_time": 0,
        "Landing_success_rate": 1.0
    },
    {
        "model": 1,
        "sequence": 19,
        "status": 1,
        "fuel": 6211,
        "fault": 0.387,
        "weapon": 0,
        "pilot_injury": 0.6589,
        "pilot_skill": 0.9389,
        "mission_priority": 0.3352,
        "estimated_landing_time": 1792.0,
        "wait_time": 0,
        "Landing_success_rate": 1.0
    },
    {
        "model": 0,
        "sequence": 4,
        "status": 1,
        "fuel": 6573,
        "fault": 0.7111,
        "weapon": 0,
        "pilot_injury": 0.2643,
        "pilot_skill": 0.8144,
        "mission_priority": 0.1891,
        "estimated_landing_time": 382.0,
        "wait_time": 0,
        "Landing_success_rate": 1.0
    },
    {
        "model": 0,
        "sequence": 12,
        "status": 1,
        "fuel": 6053,
        "fault": 0.5895,
        "weapon": 0,
        "pilot_injury": 0.4472,
        "pilot_skill": 0.7998,
        "mission_priority": 0.2332,
        "estimated_landing_time": 1134.0,
        "wait_time": 0,
        "Landing_success_rate": 1.0
    },
    {
        "model": 1,
        "sequence": 7,
        "status": 1,
        "fuel": 5751,
        "fault": 0.9614,
        "weapon": 1,
        "pilot_injury": 0.7133,
        "pilot_skill": 0.2511,
        "mission_priority": 0.843,
        "estimated_landing_time": 664.0,
        "wait_time": 0,
        "Landing_success_rate": 1.0
    },
    {
        "model": 2,
        "sequence": 3,
        "status": 1,
        "fuel": 6298,
        "fault": 0.1025,
        "weapon": 0,
        "pilot_injury": 0.7799,
        "pilot_skill": 0.0649,
        "mission_priority": 0.5931,
        "estimated_landing_time": 288.0,
        "wait_time": 0,
        "Landing_success_rate": 1.0
    },
    {
        "model": 1,
        "sequence": 26,
        "status": 1,
        "fuel": 7027,
        "fault": 0.7196,
        "weapon": 0,
        "pilot_injury": 0.1014,
        "pilot_skill": 0.5984,
        "mission_priority": 0.6113,
        "estimated_landing_time": 2450.0,
        "wait_time": 0,
        "Landing_success_rate": 1.0
    },
    {
        "model": 1,
        "sequence": 20,
        "status": 1,
        "fuel": 6748,
        "fault": 0.6643,
        "weapon": 0,
        "pilot_injury": 0.2436,
        "pilot_skill": 0.0767,
        "mission_priority": 0.0352,
        "estimated_landing_time": 1886.0,
        "wait_time": 0,
        "Landing_success_rate": 1.0
    }
]