[
    {
        "model": 0,
        "sequence": 14,
        "status": 1,
        "fuel": 6208,
        "fault": 0.6773,
        "weapon": 1,
        "pilot_injury": 0.7537,
        "pilot_skill": 0.3582,
        "mission_priority": 0.6477,
        "estimated_landing_time": 1322.0,
        "wait_time": 0,
        "Landing_success_rate": 1.0
    },
    {
        "model": 0,
        "sequence": 19,
        "status": 1,
        "fuel": 7274,
        "fault": 0.4566,
        "weapon": 1,
        "pilot_injury": 0.2329,
        "pilot_skill": 0.5786,
        "mission_priority": 0.8171,
        "estimated_landing_time": 1792.0,
        "wait_time": 0,
        "Landing_success_rate": 1.0
    },
    {
        "model": 0,
        "sequence": 10,
        "status": 1,
        "fuel": 6354,
        "fault": 0.8307,
        "weapon": 0,
        "pilot_injury": 0.1083,
        "pilot_skill": 0.6477,
        "mission_priority": 0.2789,
        "estimated_landing_time": 946.0,
        "wait_time": 0,
        "Landing_success_rate": 1.0
    },
    {
        "model": 2,
        "sequence": 30,
        "status": 1,
        "fuel": 6687,
        "fault": 0.89,
        "weapon": 0,
        "pilot_injury": 0.3848,
        "pilot_skill": 0.8536,
        "mission_priority": 0.9631,
        "estimated_landing_time": 2826.0,
        "wait_time": 0,
        "Landing_success_rate": 1.0
    },
    {
        "model": 0,
        "sequence": 29,
        "status": 1,
        "fuel": 6814,
        "fault": 0.3698,
        "weapon": 1,
        "pilot_injury": 0.566,
        "pilot_skill": 0.9263,
        "mission_priority": 0.5943,
        "estimated_landing_time": 2732.0,
        "wait_time": 0,
        "Landing_success_rate": 1.0
    },
    {
        "model": 2,
        "sequence": 18,
        "status": 1,
        "fuel": 6522,
        "fault": 0.5024,
        "weapon": 0,
        "pilot_injury": 0.791,
        "pilot_skill": 0.4686,
        "mission_priority": 0.1611,
        "estimated_landing_time": 1698.0,
        "wait_time": 0,
        "Landing_success_rate": 1.0
    },
    {
        "model": 1,
        "sequence": 2,
        "status": 1,
        "fuel": 5875,
        "fault": 0.416,
        "weapon": 0,
        "pilot_injury": 0.98,
        "pilot_skill": 0.3628,
        "mission_priority": 0.9515,
        "estimated_landing_time": 194.0,
        "wait_time": 0,
        "Landing_success_rate": 1.0
    },
    {
        "model": 0,
        "sequence": 23,
        "status": 1,
        "fuel": 5988,
        "fault": 0.3511,
        "weapon": 1,
        "pilot_injury": 0.9426,
        "pilot_skill": 0.6695,
        "mission_priority": 0.7803,
        "estimated_landing_time": 2168.0,
        "wait_time": 0,
        "Landing_success_rate": 1.0
    },
    {
        "model": 2,
        "sequence": 24,
        "status": 1,
        "fuel": 6238,
        "fault": 0.0362,
        "weapon": 1,
        "pilot_injury": 0.4006,
        "pilot_skill": 0.1708,
        "mission_priority": 0.5606,
        "estimated_landing_time": 2262.0,
        "wait_time": 0,
        "Landing_success_rate": 1.0
    },
    {
        "model": 2,
        "sequence": 16,
        "status": 1,
        "fuel": 6643,
        "fault": 0.9555,
        "weapon": 1,
        "pilot_injury": 0.7264,
        "pilot_skill": 0.8253,
        "mission_priority": 0.0152,
        "estimated_landing_time": 1510.0,
        "wait_time": 0,
        "Landing_success_rate": 1.0
    },
    {
        "model": 2,
        "sequence": 8,
        "status": 1,
        "fuel": 7268,
        "fault": 0.5153,
        "weapon": 1,
        "pilot_injury": 0.0169,
        "pilot_skill": 0.8015,
        "mission_priority": 0.7889,
        "estimated_landing_time": 758.0,
        "wait_time": 0,
        "Landing_success_rate": 1.0
    },
    {
        "model": 0,
        "sequence": 25,
        "status": 1,
        "fuel": 5859,
        "fault": 0.1547,
        "weapon": 1,
        "pilot_injury": 0.9215,
        "pilot_skill": 0.9052,
        "mission_priority": 0.5222,
        "estimated_landing_time": 2356.0,
        "wait_time": 0,
        "Landing_success_rate": 1.0
    },
    {
        "model": 0,
        "sequence": 5,
        "status": 1,
        "fuel": 7085,
        "fault": 0.5339,
        "weapon": 1,
        "pilot_injury": 0.1548,
        "pilot_skill": 0.9761,
        "mission_priority": 0.578,
        "estimated_landing_time": 476.0,
        "wait_time": 0,
        "Landing_success_rate": 1.0
    },
    {
        "model": 0,
        "sequence": 9,
        "status": 1,
        "fuel": 7243,
        "fault": 0.1177,
        "weapon": 0,
        "pilot_injury": 0.6012,
        "pilot_skill": 0.3312,
        "mission_priority": 0.767,
        "estimated_landing_time": 852.0,
        "wait_time": 0,
        "Landing_success_rate": 1.0
    },
    {
        "model": 2,
        "sequence": 3,
        "status": 1,
        "fuel": 6391,
        "fault": 0.3871,
        "weapon": 1,
        "pilot_injury": 0.3121,
        "pilot_skill": 0.7235,
        "mission_priority": 0.7965,
        "estimated_landing_time": 288.0,
        "wait_time": 0,
        "Landing_success_rate": 1.0
    },
    {
        "model": 2,
        "sequence": 1,
        "status": 1,
        "fuel": 6542,
        "fault": 0.5463,
        "weapon": 1,
        "pilot_injury": 0.2616,
        "pilot_skill": 0.397,
        "mission_priority": 0.4393,
        "estimated_landing_time": 100.0,
        "wait_time": 0,
        "Landing_success_rate": 1.0
    },
    {
        "model": 1,
        "sequence": 4,
        "status": 1,
        "fuel": 7153,
        "fault": 0.4399,
        "weapon": 0,
        "pilot_injury": 0.3781,
        "pilot_skill": 0.1201,
        "mission_priority": 0.4395,
        "estimated_landing_time": 382.0,
        "wait_time": 0,
        "Landing_success_rate": 1.0
    },
    {
        "model": 2,
        "sequence": 7,
        "status": 1,
        "fuel": 5575,
        "fault": 0.2524,
        "weapon": 0,
        "pilot_injury": 0.2054,
        "pilot_skill": 0.415,
        "mission_priority": 0.5531,
        "estimated_landing_time": 664.0,
        "wait_time": 0,
        "Landing_success_rate": 1.0
    },
    {
        "model": 2,
        "sequence": 6,
        "status": 1,
        "fuel": 6072,
        "fault": 0.4844,
        "weapon": 0,
        "pilot_injury": 0.2308,
        "pilot_skill": 0.7109,
        "mission_priority": 0.3413,
        "estimated_landing_time": 570.0,
        "wait_time": 0,
        "Landing_success_rate": 1.0
    },
    {
        "model": 1,
        "sequence": 26,
        "status": 1,
        "fuel": 6864,
        "fault": 0.2383,
        "weapon": 1,
        "pilot_injury": 0.4932,
        "pilot_skill": 0.1993,
        "mission_priority": 0.4672,
        "estimated_landing_time": 2450.0,
        "wait_time": 0,
        "Landing_success_rate": 1.0
    },
    {
        "model": 0,
        "sequence": 27,
        "status": 1,
        "fuel": 6985,
        "fault": 0.3283,
        "weapon": 1,
        "pilot_injury": 0.3586,
        "pilot_skill": 0.1013,
        "mission_priority": 0.2151,
        "estimated_landing_time": 2544.0,
        "wait_time": 0,
        "Landing_success_rate": 1.0
    },
    {
        "model": 2,
        "sequence": 13,
        "status": 1,
        "fuel": 6547,
        "fault": 0.5613,
        "weapon": 0,
        "pilot_injury": 0.699,
        "pilot_skill": 0.9315,
        "mission_priority": 0.1047,
        "estimated_landing_time": 1228.0,
        "wait_time": 0,
        "Landing_success_rate": 1.0
    },
    {
        "model": 1,
        "sequence": 12,
        "status": 1,
        "fuel": 7248,
        "fault": 0.5344,
        "weapon": 1,
        "pilot_injury": 0.2823,
        "pilot_skill": 0.8448,
        "mission_priority": 0.6014,
        "estimated_landing_time": 1134.0,
        "wait_time": 0,
        "Landing_success_rate": 1.0
    },
    {
        "model": 2,
        "sequence": 17,
        "status": 1,
        "fuel": 5792,
        "fault": 0.7189,
        "weapon": 0,
        "pilot_injury": 0.6419,
        "pilot_skill": 0.0178,
        "mission_priority": 0.5496,
        "estimated_landing_time": 1604.0,
        "wait_time": 0,
        "Landing_success_rate": 1.0
    },
    {
        "model": 1,
        "sequence": 15,
        "status": 1,
        "fuel": 6741,
        "fault": 0.697,
        "weapon": 0,
        "pilot_injury": 0.1089,
        "pilot_skill": 0.5029,
        "mission_priority": 0.9847,
        "estimated_landing_time": 1416.0,
        "wait_time": 0,
        "Landing_success_rate": 1.0
    },
    {
        "model": 0,
        "sequence": 20,
        "status": 1,
        "fuel": 6759,
        "fault": 0.3133,
        "weapon": 1,
        "pilot_injury": 0.2775,
        "pilot_skill": 0.3825,
        "mission_priority": 0.649,
        "estimated_landing_time": 1886.0,
        "wait_time": 0,
        "Landing_success_rate": 1.0
    },
    {
        "model": 2,
        "sequence": 21,
        "status": 1,
        "fuel": 7144,
        "fault": 0.2667,
        "weapon": 0,
        "pilot_injury": 0.3476,
        "pilot_skill": 0.1317,
        "mission_priority": 0.6787,
        "estimated_landing_time": 1980.0,
        "wait_time": 0,
        "Landing_success_rate": 1.0
    },
    {
        "model": 1,
        "sequence": 11,
        "status": 1,
        "fuel": 6284,
        "fault": 0.5476,
        "weapon": 0,
        "pilot_injury": 0.634,
        "pilot_skill": 0.0125,
        "mission_priority": 0.9501,
        "estimated_landing_time": 1040.0,
        "wait_time": 0,
        "Landing_success_rate": 1.0
    },
    {
        "model": 0,
        "sequence": 22,
        "status": 1,
        "fuel": 5892,
        "fault": 0.1057,
        "weapon": 0,
        "pilot_injury": 0.6471,
        "pilot_skill": 0.3165,
        "mission_priority": 0.2332,
        "estimated_landing_time": 2074.0,
        "wait_time": 0,
        "Landing_success_rate": 1.0
    },
    {
        "model": 1,
        "sequence": 28,
        "status": 1,
        "fuel": 5638,
        "fault": 0.0361,
        "weapon": 1,
        "pilot_injury": 0.2811,
        "pilot_skill": 0.7164,
        "mission_priority": 0.9733,
        "estimated_landing_time": 2638.0,
        "wait_time": 0,
        "Landing_success_rate": 1.0
    }
]