[
    {
        "model": 2,
        "sequence": 11,
        "status": 1,
        "fuel": 7065,
        "fault": 0.8792,
        "weapon": 1,
        "pilot_injury": 0.0227,
        "pilot_skill": 0.028,
        "mission_priority": 0.6666,
        "estimated_landing_time": 1040.0,
        "wait_time": 0,
        "Landing_success_rate": 1.0
    },
    {
        "model": 2,
        "sequence": 2,
        "status": 1,
        "fuel": 5541,
        "fault": 0.9027,
        "weapon": 1,
        "pilot_injury": 0.7985,
        "pilot_skill": 0.7332,
        "mission_priority": 0.6729,
        "estimated_landing_time": 194.0,
        "wait_time": 0,
        "Landing_success_rate": 1.0
    },
    {
        "model": 0,
        "sequence": 13,
        "status": 1,
        "fuel": 5560,
        "fault": 0.2334,
        "weapon": 0,
        "pilot_injury": 0.6075,
        "pilot_skill": 0.0845,
        "mission_priority": 0.5829,
        "estimated_landing_time": 1228.0,
        "wait_time": 0,
        "Landing_success_rate": 1.0
    },
    {
        "model": 0,
        "sequence": 14,
        "status": 1,
        "fuel": 7295,
        "fault": 0.4974,
        "weapon": 0,
        "pilot_injury": 0.3991,
        "pilot_skill": 0.3929,
        "mission_priority": 0.2541,
        "estimated_landing_time": 1322.0,
        "wait_time": 0,
        "Landing_success_rate": 1.0
    },
    {
        "model": 2,
        "sequence": 15,
        "status": 1,
        "fuel": 6591,
        "fault": 0.842,
        "weapon": 0,
        "pilot_injury": 0.9163,
        "pilot_skill": 0.1556,
        "mission_priority": 0.965,
        "estimated_landing_time": 1416.0,
        "wait_time": 0,
        "Landing_success_rate": 1.0
    },
    {
        "model": 1,
        "sequence": 16,
        "status": 1,
        "fuel": 5811,
        "fault": 0.6537,
        "weapon": 0,
        "pilot_injury": 0.0362,
        "pilot_skill": 0.8772,
        "mission_priority": 0.7987,
        "estimated_landing_time": 1510.0,
        "wait_time": 0,
        "Landing_success_rate": 1.0
    },
    {
        "model": 2,
        "sequence": 17,
        "status": 1,
        "fuel": 6553,
        "fault": 0.5354,
        "weapon": 1,
        "pilot_injury": 0.212,
        "pilot_skill": 0.0783,
        "mission_priority": 0.2369,
        "estimated_landing_time": 1604.0,
        "wait_time": 0,
        "Landing_success_rate": 1.0
    },
    {
        "model": 1,
        "sequence": 21,
        "status": 1,
        "fuel": 5585,
        "fault": 0.5083,
        "weapon": 0,
        "pilot_injury": 0.8531,
        "pilot_skill": 0.549,
        "mission_priority": 0.9199,
        "estimated_landing_time": 1980.0,
        "wait_time": 0,
        "Landing_success_rate": 1.0
    },
    {
        "model": 2,
        "sequence": 23,
        "status": 1,
        "fuel": 5760,
        "fault": 0.3646,
        "weapon": 0,
        "pilot_injury": 0.3043,
        "pilot_skill": 0.1237,
        "mission_priority": 0.8224,
        "estimated_landing_time": 2168.0,
        "wait_time": 0,
        "Landing_success_rate": 1.0
    },
    {
        "model": 1,
        "sequence": 28,
        "status": 1,
        "fuel": 7268,
        "fault": 0.5865,
        "weapon": 0,
        "pilot_injury": 0.5455,
        "pilot_skill": 0.2806,
        "mission_priority": 0.1311,
        "estimated_landing_time": 2638.0,
        "wait_time": 0,
        "Landing_success_rate": 1.0
    },
    {
        "model": 1,
        "sequence": 18,
        "status": 1,
        "fuel": 5855,
        "fault": 0.8002,
        "weapon": 0,
        "pilot_injury": 0.6507,
        "pilot_skill": 0.1869,
        "mission_priority": 0.7738,
        "estimated_landing_time": 1698.0,
        "wait_time": 0,
        "Landing_success_rate": 1.0
    },
    {
        "model": 2,
        "sequence": 20,
        "status": 1,
        "fuel": 5854,
        "fault": 0.2581,
        "weapon": 0,
        "pilot_injury": 0.6463,
        "pilot_skill": 0.3333,
        "mission_priority": 0.2638,
        "estimated_landing_time": 1886.0,
        "wait_time": 0,
        "Landing_success_rate": 1.0
    },
    {
        "model": 2,
        "sequence": 24,
        "status": 1,
        "fuel": 7094,
        "fault": 0.4893,
        "weapon": 0,
        "pilot_injury": 0.4752,
        "pilot_skill": 0.6039,
        "mission_priority": 0.6569,
        "estimated_landing_time": 2262.0,
        "wait_time": 0,
        "Landing_success_rate": 1.0
    },
    {
        "model": 2,
        "sequence": 27,
        "status": 1,
        "fuel": 6650,
        "fault": 0.9155,
        "weapon": 0,
        "pilot_injury": 0.3127,
        "pilot_skill": 0.8896,
        "mission_priority": 0.5619,
        "estimated_landing_time": 2544.0,
        "wait_time": 0,
        "Landing_success_rate": 1.0
    },
    {
        "model": 2,
        "sequence": 1,
        "status": 1,
        "fuel": 6567,
        "fault": 0.2983,
        "weapon": 1,
        "pilot_injury": 0.6496,
        "pilot_skill": 0.7105,
        "mission_priority": 0.9112,
        "estimated_landing_time": 100.0,
        "wait_time": 0,
        "Landing_success_rate": 1.0
    },
    {
        "model": 2,
        "sequence": 30,
        "status": 1,
        "fuel": 6640,
        "fault": 0.9796,
        "weapon": 0,
        "pilot_injury": 0.4423,
        "pilot_skill": 0.9799,
        "mission_priority": 0.7516,
        "estimated_landing_time": 2826.0,
        "wait_time": 0,
        "Landing_success_rate": 1.0
    },
    {
        "model": 1,
        "sequence": 8,
        "status": 1,
        "fuel": 6987,
        "fault": 0.3818,
        "weapon": 1,
        "pilot_injury": 0.588,
        "pilot_skill": 0.1889,
        "mission_priority": 0.3898,
        "estimated_landing_time": 758.0,
        "wait_time": 0,
        "Landing_success_rate": 1.0
    },
    {
        "model": 1,
        "sequence": 10,
        "status": 1,
        "fuel": 5934,
        "fault": 0.3025,
        "weapon": 1,
        "pilot_injury": 0.8623,
        "pilot_skill": 0.4387,
        "mission_priority": 0.6227,
        "estimated_landing_time": 946.0,
        "wait_time": 0,
        "Landing_success_rate": 1.0
    },
    {
        "model": 2,
        "sequence": 29,
        "status": 1,
        "fuel": 5604,
        "fault": 0.2677,
        "weapon": 1,
        "pilot_injury": 0.3101,
        "pilot_skill": 0.5161,
        "mission_priority": 0.3232,
        "estimated_landing_time": 2732.0,
        "wait_time": 0,
        "Landing_success_rate": 1.0
    },
    {
        "model": 1,
        "sequence": 12,
        "status": 1,
        "fuel": 7040,
        "fault": 0.251,
        "weapon": 1,
        "pilot_injury": 0.6411,
        "pilot_skill": 0.1782,
        "mission_priority": 0.2496,
        "estimated_landing_time": 1134.0,
        "wait_time": 0,
        "Landing_success_rate": 1.0
    },
    {
        "model": 1,
        "sequence": 4,
        "status": 1,
        "fuel": 7237,
        "fault": 0.4152,
        "weapon": 0,
        "pilot_injury": 0.1955,
        "pilot_skill": 0.0467,
        "mission_priority": 0.1042,
        "estimated_landing_time": 382.0,
        "wait_time": 0,
        "Landing_success_rate": 1.0
    },
    {
        "model": 1,
        "sequence": 3,
        "status": 1,
        "fuel": 6378,
        "fault": 0.2073,
        "weapon": 1,
        "pilot_injury": 0.4984,
        "pilot_skill": 0.6418,
        "mission_priority": 0.2501,
        "estimated_landing_time": 288.0,
        "wait_time": 0,
        "Landing_success_rate": 1.0
    },
    {
        "model": 1,
        "sequence": 22,
        "status": 1,
        "fuel": 6313,
        "fault": 0.1928,
        "weapon": 1,
        "pilot_injury": 0.1621,
        "pilot_skill": 0.4569,
        "mission_priority": 0.4422,
        "estimated_landing_time": 2074.0,
        "wait_time": 0,
        "Landing_success_rate": 1.0
    },
    {
        "model": 1,
        "sequence": 26,
        "status": 1,
        "fuel": 6251,
        "fault": 0.5495,
        "weapon": 0,
        "pilot_injury": 0.2724,
        "pilot_skill": 0.8791,
        "mission_priority": 0.7587,
        "estimated_landing_time": 2450.0,
        "wait_time": 0,
        "Landing_success_rate": 1.0
    },
    {
        "model": 1,
        "sequence": 5,
        "status": 1,
        "fuel": 6785,
        "fault": 0.4782,
        "weapon": 0,
        "pilot_injury": 0.2447,
        "pilot_skill": 0.9883,
        "mission_priority": 0.9836,
        "estimated_landing_time": 476.0,
        "wait_time": 0,
        "Landing_success_rate": 1.0
    },
    {
        "model": 2,
        "sequence": 25,
        "status": 1,
        "fuel": 7109,
        "fault": 0.2327,
        "weapon": 1,
        "pilot_injury": 0.9049,
        "pilot_skill": 0.3267,
        "mission_priority": 0.6419,
        "estimated_landing_time": 2356.0,
        "wait_time": 0,
        "Landing_success_rate": 1.0
    },
    {
        "model": 1,
        "sequence": 19,
        "status": 1,
        "fuel": 5780,
        "fault": 0.9645,
        "weapon": 0,
        "pilot_injury": 0.2869,
        "pilot_skill": 0.4278,
        "mission_priority": 0.297,
        "estimated_landing_time": 1792.0,
        "wait_time": 0,
        "Landing_success_rate": 1.0
    },
    {
        "model": 2,
        "sequence": 9,
        "status": 1,
        "fuel": 7378,
        "fault": 0.88,
        "weapon": 0,
        "pilot_injury": 0.9446,
        "pilot_skill": 0.3715,
        "mission_priority": 0.2599,
        "estimated_landing_time": 852.0,
        "wait_time": 0,
        "Landing_success_rate": 1.0
    },
    {
        "model": 0,
        "sequence": 6,
        "status": 1,
        "fuel": 7092,
        "fault": 0.6553,
        "weapon": 1,
        "pilot_injury": 0.1628,
        "pilot_skill": 0.928,
        "mission_priority": 0.9621,
        "estimated_landing_time": 570.0,
        "wait_time": 0,
        "Landing_success_rate": 1.0
    },
    {
        "model": 1,
        "sequence": 7,
        "status": 1,
        "fuel": 6768,
        "fault": 0.1597,
        "weapon": 0,
        "pilot_injury": 0.6741,
        "pilot_skill": 0.6232,
        "mission_priority": 0.8259,
        "estimated_landing_time": 664.0,
        "wait_time": 0,
        "Landing_success_rate": 1.0
    }
]