[
    {
        "model": 0,
        "sequence": 17,
        "status": 1,
        "fuel": 6057,
        "fault": 0.3137,
        "weapon": 1,
        "pilot_injury": 0.5356,
        "pilot_skill": 0.4682,
        "mission_priority": 0.2472,
        "estimated_landing_time": 1604.0,
        "wait_time": 0,
        "Landing_success_rate": 1.0
    },
    {
        "model": 2,
        "sequence": 20,
        "status": 1,
        "fuel": 6933,
        "fault": 0.0735,
        "weapon": 1,
        "pilot_injury": 0.7565,
        "pilot_skill": 0.8389,
        "mission_priority": 0.8662,
        "estimated_landing_time": 1886.0,
        "wait_time": 0,
        "Landing_success_rate": 1.0
    },
    {
        "model": 0,
        "sequence": 15,
        "status": 1,
        "fuel": 5690,
        "fault": 0.4768,
        "weapon": 1,
        "pilot_injury": 0.5242,
        "pilot_skill": 0.8456,
        "mission_priority": 0.4011,
        "estimated_landing_time": 1416.0,
        "wait_time": 0,
        "Landing_success_rate": 1.0
    },
    {
        "model": 2,
        "sequence": 22,
        "status": 1,
        "fuel": 7016,
        "fault": 0.1994,
        "weapon": 1,
        "pilot_injury": 0.0296,
        "pilot_skill": 0.3163,
        "mission_priority": 0.7567,
        "estimated_landing_time": 2074.0,
        "wait_time": 0,
        "Landing_success_rate": 1.0
    },
    {
        "model": 1,
        "sequence": 21,
        "status": 1,
        "fuel": 6842,
        "fault": 0.7974,
        "weapon": 0,
        "pilot_injury": 0.5929,
        "pilot_skill": 0.7664,
        "mission_priority": 0.4152,
        "estimated_landing_time": 1980.0,
        "wait_time": 0,
        "Landing_success_rate": 1.0
    },
    {
        "model": 1,
        "sequence": 28,
        "status": 1,
        "fuel": 5847,
        "fault": 0.6261,
        "weapon": 0,
        "pilot_injury": 0.159,
        "pilot_skill": 0.4378,
        "mission_priority": 0.8107,
        "estimated_landing_time": 2638.0,
        "wait_time": 0,
        "Landing_success_rate": 1.0
    },
    {
        "model": 0,
        "sequence": 19,
        "status": 1,
        "fuel": 5543,
        "fault": 0.3698,
        "weapon": 0,
        "pilot_injury": 0.1729,
        "pilot_skill": 0.7442,
        "mission_priority": 0.1402,
        "estimated_landing_time": 1792.0,
        "wait_time": 0,
        "Landing_success_rate": 1.0
    },
    {
        "model": 2,
        "sequence": 5,
        "status": 1,
        "fuel": 5507,
        "fault": 0.4914,
        "weapon": 1,
        "pilot_injury": 0.4427,
        "pilot_skill": 0.6476,
        "mission_priority": 0.2888,
        "estimated_landing_time": 476.0,
        "wait_time": 0,
        "Landing_success_rate": 1.0
    },
    {
        "model": 1,
        "sequence": 7,
        "status": 1,
        "fuel": 6623,
        "fault": 0.1403,
        "weapon": 1,
        "pilot_injury": 0.8605,
        "pilot_skill": 0.4628,
        "mission_priority": 0.8233,
        "estimated_landing_time": 664.0,
        "wait_time": 0,
        "Landing_success_rate": 1.0
    },
    {
        "model": 2,
        "sequence": 4,
        "status": 1,
        "fuel": 6200,
        "fault": 0.6188,
        "weapon": 0,
        "pilot_injury": 0.5268,
        "pilot_skill": 0.651,
        "mission_priority": 0.7221,
        "estimated_landing_time": 382.0,
        "wait_time": 0,
        "Landing_success_rate": 1.0
    },
    {
        "model": 1,
        "sequence": 3,
        "status": 1,
        "fuel": 5694,
        "fault": 0.5745,
        "weapon": 1,
        "pilot_injury": 0.954,
        "pilot_skill": 0.1303,
        "mission_priority": 0.8746,
        "estimated_landing_time": 288.0,
        "wait_time": 0,
        "Landing_success_rate": 1.0
    },
    {
        "model": 0,
        "sequence": 24,
        "status": 1,
        "fuel": 6367,
        "fault": 0.6585,
        "weapon": 1,
        "pilot_injury": 0.7165,
        "pilot_skill": 0.337,
        "mission_priority": 0.1181,
        "estimated_landing_time": 2262.0,
        "wait_time": 0,
        "Landing_success_rate": 1.0
    },
    {
        "model": 0,
        "sequence": 23,
        "status": 1,
        "fuel": 7365,
        "fault": 0.3346,
        "weapon": 0,
        "pilot_injury": 0.3211,
        "pilot_skill": 0.9491,
        "mission_priority": 0.5348,
        "estimated_landing_time": 2168.0,
        "wait_time": 0,
        "Landing_success_rate": 1.0
    },
    {
        "model": 1,
        "sequence": 11,
        "status": 1,
        "fuel": 5891,
        "fault": 0.2198,
        "weapon": 0,
        "pilot_injury": 0.7972,
        "pilot_skill": 0.687,
        "mission_priority": 0.9521,
        "estimated_landing_time": 1040.0,
        "wait_time": 0,
        "Landing_success_rate": 1.0
    },
    {
        "model": 1,
        "sequence": 14,
        "status": 1,
        "fuel": 5842,
        "fault": 0.4033,
        "weapon": 1,
        "pilot_injury": 0.4704,
        "pilot_skill": 0.762,
        "mission_priority": 0.2341,
        "estimated_landing_time": 1322.0,
        "wait_time": 0,
        "Landing_success_rate": 1.0
    },
    {
        "model": 2,
        "sequence": 30,
        "status": 1,
        "fuel": 7008,
        "fault": 0.9332,
        "weapon": 0,
        "pilot_injury": 0.726,
        "pilot_skill": 0.3224,
        "mission_priority": 0.9532,
        "estimated_landing_time": 2826.0,
        "wait_time": 0,
        "Landing_success_rate": 1.0
    },
    {
        "model": 1,
        "sequence": 8,
        "status": 1,
        "fuel": 7077,
        "fault": 0.7942,
        "weapon": 1,
        "pilot_injury": 0.3946,
        "pilot_skill": 0.5348,
        "mission_priority": 0.2307,
        "estimated_landing_time": 758.0,
        "wait_time": 0,
        "Landing_success_rate": 1.0
    },
    {
        "model": 0,
        "sequence": 25,
        "status": 1,
        "fuel": 6302,
        "fault": 0.1832,
        "weapon": 0,
        "pilot_injury": 0.2311,
        "pilot_skill": 0.6719,
        "mission_priority": 0.4688,
        "estimated_landing_time": 2356.0,
        "wait_time": 0,
        "Landing_success_rate": 1.0
    },
    {
        "model": 1,
        "sequence": 13,
        "status": 1,
        "fuel": 5891,
        "fault": 0.5836,
        "weapon": 1,
        "pilot_injury": 0.215,
        "pilot_skill": 0.5518,
        "mission_priority": 0.5315,
        "estimated_landing_time": 1228.0,
        "wait_time": 0,
        "Landing_success_rate": 1.0
    },
    {
        "model": 0,
        "sequence": 2,
        "status": 1,
        "fuel": 5905,
        "fault": 0.2493,
        "weapon": 0,
        "pilot_injury": 0.5669,
        "pilot_skill": 0.8204,
        "mission_priority": 0.86,
        "estimated_landing_time": 194.0,
        "wait_time": 0,
        "Landing_success_rate": 1.0
    },
    {
        "model": 2,
        "sequence": 29,
        "status": 1,
        "fuel": 5870,
        "fault": 0.763,
        "weapon": 0,
        "pilot_injury": 0.7631,
        "pilot_skill": 0.4843,
        "mission_priority": 0.8199,
        "estimated_landing_time": 2732.0,
        "wait_time": 0,
        "Landing_success_rate": 1.0
    },
    {
        "model": 1,
        "sequence": 1,
        "status": 1,
        "fuel": 6443,
        "fault": 0.7889,
        "weapon": 0,
        "pilot_injury": 0.5563,
        "pilot_skill": 0.4442,
        "mission_priority": 0.5709,
        "estimated_landing_time": 100.0,
        "wait_time": 0,
        "Landing_success_rate": 1.0
    },
    {
        "model": 0,
        "sequence": 12,
        "status": 1,
        "fuel": 6312,
        "fault": 0.1626,
        "weapon": 1,
        "pilot_injury": 0.0975,
        "pilot_skill": 0.9068,
        "mission_priority": 0.9505,
        "estimated_landing_time": 1134.0,
        "wait_time": 0,
        "Landing_success_rate": 1.0
    },
    {
        "model": 0,
        "sequence": 6,
        "status": 1,
        "fuel": 6046,
        "fault": 0.5638,
        "weapon": 0,
        "pilot_injury": 0.0539,
        "pilot_skill": 0.4157,
        "mission_priority": 0.3403,
        "estimated_landing_time": 570.0,
        "wait_time": 0,
        "Landing_success_rate": 1.0
    },
    {
        "model": 0,
        "sequence": 9,
        "status": 1,
        "fuel": 6134,
        "fault": 0.4295,
        "weapon": 1,
        "pilot_injury": 0.3612,
        "pilot_skill": 0.7911,
        "mission_priority": 0.9908,
        "estimated_landing_time": 852.0,
        "wait_time": 0,
        "Landing_success_rate": 1.0
    },
    {
        "model": 2,
        "sequence": 26,
        "status": 1,
        "fuel": 7020,
        "fault": 0.5726,
        "weapon": 0,
        "pilot_injury": 0.9579,
        "pilot_skill": 0.7318,
        "mission_priority": 0.2248,
        "estimated_landing_time": 2450.0,
        "wait_time": 0,
        "Landing_success_rate": 1.0
    },
    {
        "model": 0,
        "sequence": 18,
        "status": 1,
        "fuel": 6549,
        "fault": 0.8209,
        "weapon": 0,
        "pilot_injury": 0.576,
        "pilot_skill": 0.6845,
        "mission_priority": 0.1824,
        "estimated_landing_time": 1698.0,
        "wait_time": 0,
        "Landing_success_rate": 1.0
    },
    {
        "model": 2,
        "sequence": 16,
        "status": 1,
        "fuel": 5597,
        "fault": 0.8399,
        "weapon": 0,
        "pilot_injury": 0.9261,
        "pilot_skill": 0.5828,
        "mission_priority": 0.1711,
        "estimated_landing_time": 1510.0,
        "wait_time": 0,
        "Landing_success_rate": 1.0
    },
    {
        "model": 2,
        "sequence": 10,
        "status": 1,
        "fuel": 7357,
        "fault": 0.9599,
        "weapon": 0,
        "pilot_injury": 0.3737,
        "pilot_skill": 0.7679,
        "mission_priority": 0.0997,
        "estimated_landing_time": 946.0,
        "wait_time": 0,
        "Landing_success_rate": 1.0
    },
    {
        "model": 1,
        "sequence": 27,
        "status": 1,
        "fuel": 7351,
        "fault": 0.2018,
        "weapon": 1,
        "pilot_injury": 0.0986,
        "pilot_skill": 0.8246,
        "mission_priority": 0.5483,
        "estimated_landing_time": 2544.0,
        "wait_time": 0,
        "Landing_success_rate": 1.0
    }
]