[
    {
        "model": 1,
        "sequence": 22,
        "status": 1,
        "fuel": 7413,
        "fault": 0.1724,
        "weapon": 1,
        "pilot_injury": 0.8833,
        "pilot_skill": 0.2924,
        "mission_priority": 0.7586,
        "estimated_landing_time": 2074.0,
        "wait_time": 0,
        "Landing_success_rate": 1.0
    },
    {
        "model": 0,
        "sequence": 9,
        "status": 1,
        "fuel": 5900,
        "fault": 0.2205,
        "weapon": 0,
        "pilot_injury": 0.9955,
        "pilot_skill": 0.123,
        "mission_priority": 0.7659,
        "estimated_landing_time": 852.0,
        "wait_time": 0,
        "Landing_success_rate": 1.0
    },
    {
        "model": 2,
        "sequence": 16,
        "status": 1,
        "fuel": 6674,
        "fault": 0.9543,
        "weapon": 0,
        "pilot_injury": 0.0369,
        "pilot_skill": 0.3286,
        "mission_priority": 0.9001,
        "estimated_landing_time": 1510.0,
        "wait_time": 0,
        "Landing_success_rate": 1.0
    },
    {
        "model": 1,
        "sequence": 15,
        "status": 1,
        "fuel": 6534,
        "fault": 0.4089,
        "weapon": 1,
        "pilot_injury": 0.5747,
        "pilot_skill": 0.4256,
        "mission_priority": 0.7756,
        "estimated_landing_time": 1416.0,
        "wait_time": 0,
        "Landing_success_rate": 1.0
    },
    {
        "model": 2,
        "sequence": 25,
        "status": 1,
        "fuel": 6176,
        "fault": 0.0476,
        "weapon": 0,
        "pilot_injury": 0.5253,
        "pilot_skill": 0.6346,
        "mission_priority": 0.2197,
        "estimated_landing_time": 2356.0,
        "wait_time": 0,
        "Landing_success_rate": 1.0
    },
    {
        "model": 2,
        "sequence": 13,
        "status": 1,
        "fuel": 7435,
        "fault": 0.5837,
        "weapon": 0,
        "pilot_injury": 0.9566,
        "pilot_skill": 0.1668,
        "mission_priority": 0.6528,
        "estimated_landing_time": 1228.0,
        "wait_time": 0,
        "Landing_success_rate": 1.0
    },
    {
        "model": 2,
        "sequence": 6,
        "status": 1,
        "fuel": 7225,
        "fault": 0.3771,
        "weapon": 0,
        "pilot_injury": 0.8652,
        "pilot_skill": 0.7823,
        "mission_priority": 0.7196,
        "estimated_landing_time": 570.0,
        "wait_time": 0,
        "Landing_success_rate": 1.0
    },
    {
        "model": 1,
        "sequence": 10,
        "status": 1,
        "fuel": 6826,
        "fault": 0.9011,
        "weapon": 1,
        "pilot_injury": 0.7184,
        "pilot_skill": 0.9694,
        "mission_priority": 0.0868,
        "estimated_landing_time": 946.0,
        "wait_time": 0,
        "Landing_success_rate": 1.0
    },
    {
        "model": 1,
        "sequence": 19,
        "status": 1,
        "fuel": 6201,
        "fault": 0.1702,
        "weapon": 1,
        "pilot_injury": 0.0647,
        "pilot_skill": 0.0645,
        "mission_priority": 0.7623,
        "estimated_landing_time": 1792.0,
        "wait_time": 0,
        "Landing_success_rate": 1.0
    },
    {
        "model": 2,
        "sequence": 7,
        "status": 1,
        "fuel": 6134,
        "fault": 0.7562,
        "weapon": 1,
        "pilot_injury": 0.772,
        "pilot_skill": 0.2404,
        "mission_priority": 0.9687,
        "estimated_landing_time": 664.0,
        "wait_time": 0,
        "Landing_success_rate": 1.0
    },
    {
        "model": 1,
        "sequence": 12,
        "status": 1,
        "fuel": 7290,
        "fault": 0.2906,
        "weapon": 1,
        "pilot_injury": 0.5294,
        "pilot_skill": 0.1223,
        "mission_priority": 0.9271,
        "estimated_landing_time": 1134.0,
        "wait_time": 0,
        "Landing_success_rate": 1.0
    },
    {
        "model": 2,
        "sequence": 11,
        "status": 1,
        "fuel": 6901,
        "fault": 0.7608,
        "weapon": 0,
        "pilot_injury": 0.3834,
        "pilot_skill": 0.765,
        "mission_priority": 0.6184,
        "estimated_landing_time": 1040.0,
        "wait_time": 0,
        "Landing_success_rate": 1.0
    },
    {
        "model": 2,
        "sequence": 3,
        "status": 1,
        "fuel": 6686,
        "fault": 0.2239,
        "weapon": 1,
        "pilot_injury": 0.3089,
        "pilot_skill": 0.5273,
        "mission_priority": 0.318,
        "estimated_landing_time": 288.0,
        "wait_time": 0,
        "Landing_success_rate": 1.0
    },
    {
        "model": 0,
        "sequence": 29,
        "status": 1,
        "fuel": 7369,
        "fault": 0.6474,
        "weapon": 1,
        "pilot_injury": 0.212,
        "pilot_skill": 0.0018,
        "mission_priority": 0.155,
        "estimated_landing_time": 2732.0,
        "wait_time": 0,
        "Landing_success_rate": 1.0
    },
    {
        "model": 1,
        "sequence": 21,
        "status": 1,
        "fuel": 5688,
        "fault": 0.1547,
        "weapon": 0,
        "pilot_injury": 0.7398,
        "pilot_skill": 0.0308,
        "mission_priority": 0.1463,
        "estimated_landing_time": 1980.0,
        "wait_time": 0,
        "Landing_success_rate": 1.0
    },
    {
        "model": 2,
        "sequence": 5,
        "status": 1,
        "fuel": 6714,
        "fault": 0.1735,
        "weapon": 0,
        "pilot_injury": 0.7879,
        "pilot_skill": 0.643,
        "mission_priority": 0.7567,
        "estimated_landing_time": 476.0,
        "wait_time": 0,
        "Landing_success_rate": 1.0
    },
    {
        "model": 2,
        "sequence": 20,
        "status": 1,
        "fuel": 6756,
        "fault": 0.9891,
        "weapon": 1,
        "pilot_injury": 0.4253,
        "pilot_skill": 0.9149,
        "mission_priority": 0.6153,
        "estimated_landing_time": 1886.0,
        "wait_time": 0,
        "Landing_success_rate": 1.0
    },
    {
        "model": 0,
        "sequence": 28,
        "status": 1,
        "fuel": 6011,
        "fault": 0.3905,
        "weapon": 1,
        "pilot_injury": 0.8313,
        "pilot_skill": 0.0113,
        "mission_priority": 0.8603,
        "estimated_landing_time": 2638.0,
        "wait_time": 0,
        "Landing_success_rate": 1.0
    },
    {
        "model": 0,
        "sequence": 26,
        "status": 1,
        "fuel": 6822,
        "fault": 0.6591,
        "weapon": 1,
        "pilot_injury": 0.5026,
        "pilot_skill": 0.3704,
        "mission_priority": 0.1287,
        "estimated_landing_time": 2450.0,
        "wait_time": 0,
        "Landing_success_rate": 1.0
    },
    {
        "model": 2,
        "sequence": 14,
        "status": 1,
        "fuel": 7055,
        "fault": 0.5028,
        "weapon": 0,
        "pilot_injury": 0.1135,
        "pilot_skill": 0.6873,
        "mission_priority": 0.9903,
        "estimated_landing_time": 1322.0,
        "wait_time": 0,
        "Landing_success_rate": 1.0
    },
    {
        "model": 2,
        "sequence": 1,
        "status": 1,
        "fuel": 6351,
        "fault": 0.7929,
        "weapon": 0,
        "pilot_injury": 0.5421,
        "pilot_skill": 0.8344,
        "mission_priority": 0.9546,
        "estimated_landing_time": 100.0,
        "wait_time": 0,
        "Landing_success_rate": 1.0
    },
    {
        "model": 0,
        "sequence": 2,
        "status": 1,
        "fuel": 7442,
        "fault": 0.682,
        "weapon": 0,
        "pilot_injury": 0.2512,
        "pilot_skill": 0.7838,
        "mission_priority": 0.7603,
        "estimated_landing_time": 194.0,
        "wait_time": 0,
        "Landing_success_rate": 1.0
    },
    {
        "model": 0,
        "sequence": 30,
        "status": 1,
        "fuel": 6725,
        "fault": 0.5622,
        "weapon": 0,
        "pilot_injury": 0.672,
        "pilot_skill": 0.5904,
        "mission_priority": 0.0119,
        "estimated_landing_time": 2826.0,
        "wait_time": 0,
        "Landing_success_rate": 1.0
    },
    {
        "model": 1,
        "sequence": 24,
        "status": 1,
        "fuel": 7302,
        "fault": 0.7387,
        "weapon": 1,
        "pilot_injury": 0.8258,
        "pilot_skill": 0.6736,
        "mission_priority": 0.0517,
        "estimated_landing_time": 2262.0,
        "wait_time": 0,
        "Landing_success_rate": 1.0
    },
    {
        "model": 0,
        "sequence": 27,
        "status": 1,
        "fuel": 6881,
        "fault": 0.5188,
        "weapon": 1,
        "pilot_injury": 0.83,
        "pilot_skill": 0.0854,
        "mission_priority": 0.0789,
        "estimated_landing_time": 2544.0,
        "wait_time": 0,
        "Landing_success_rate": 1.0
    },
    {
        "model": 1,
        "sequence": 4,
        "status": 1,
        "fuel": 6307,
        "fault": 0.3793,
        "weapon": 1,
        "pilot_injury": 0.594,
        "pilot_skill": 0.6088,
        "mission_priority": 0.6298,
        "estimated_landing_time": 382.0,
        "wait_time": 0,
        "Landing_success_rate": 1.0
    },
    {
        "model": 0,
        "sequence": 8,
        "status": 1,
        "fuel": 6018,
        "fault": 0.5579,
        "weapon": 1,
        "pilot_injury": 0.5375,
        "pilot_skill": 0.515,
        "mission_priority": 0.4331,
        "estimated_landing_time": 758.0,
        "wait_time": 0,
        "Landing_success_rate": 1.0
    },
    {
        "model": 2,
        "sequence": 18,
        "status": 1,
        "fuel": 7340,
        "fault": 0.4845,
        "weapon": 1,
        "pilot_injury": 0.3701,
        "pilot_skill": 0.1268,
        "mission_priority": 0.7581,
        "estimated_landing_time": 1698.0,
        "wait_time": 0,
        "Landing_success_rate": 1.0
    },
    {
        "model": 1,
        "sequence": 17,
        "status": 1,
        "fuel": 7316,
        "fault": 0.3896,
        "weapon": 1,
        "pilot_injury": 0.1511,
        "pilot_skill": 0.4397,
        "mission_priority": 0.0659,
        "estimated_landing_time": 1604.0,
        "wait_time": 0,
        "Landing_success_rate": 1.0
    },
    {
        "model": 1,
        "sequence": 23,
        "status": 1,
        "fuel": 5926,
        "fault": 0.6194,
        "weapon": 1,
        "pilot_injury": 0.1505,
        "pilot_skill": 0.275,
        "mission_priority": 0.139,
        "estimated_landing_time": 2168.0,
        "wait_time": 0,
        "Landing_success_rate": 1.0
    }
]