[
    {
        "model": 2,
        "sequence": 21,
        "status": 1,
        "fuel": 5994,
        "fault": 0.1003,
        "weapon": 0,
        "pilot_injury": 0.1827,
        "pilot_skill": 0.7042,
        "mission_priority": 0.6662,
        "estimated_landing_time": 1980.0,
        "wait_time": 0,
        "Landing_success_rate": 1.0
    },
    {
        "model": 1,
        "sequence": 26,
        "status": 1,
        "fuel": 7198,
        "fault": 0.5493,
        "weapon": 1,
        "pilot_injury": 0.7807,
        "pilot_skill": 0.7663,
        "mission_priority": 0.4056,
        "estimated_landing_time": 2450.0,
        "wait_time": 0,
        "Landing_success_rate": 1.0
    },
    {
        "model": 1,
        "sequence": 20,
        "status": 1,
        "fuel": 6102,
        "fault": 0.9772,
        "weapon": 1,
        "pilot_injury": 0.6457,
        "pilot_skill": 0.7603,
        "mission_priority": 0.7555,
        "estimated_landing_time": 1886.0,
        "wait_time": 0,
        "Landing_success_rate": 1.0
    },
    {
        "model": 2,
        "sequence": 3,
        "status": 1,
        "fuel": 7228,
        "fault": 0.7896,
        "weapon": 1,
        "pilot_injury": 0.6139,
        "pilot_skill": 0.2348,
        "mission_priority": 0.0082,
        "estimated_landing_time": 288.0,
        "wait_time": 0,
        "Landing_success_rate": 1.0
    },
    {
        "model": 0,
        "sequence": 5,
        "status": 1,
        "fuel": 6201,
        "fault": 0.5842,
        "weapon": 1,
        "pilot_injury": 0.2986,
        "pilot_skill": 0.3259,
        "mission_priority": 0.866,
        "estimated_landing_time": 476.0,
        "wait_time": 0,
        "Landing_success_rate": 1.0
    },
    {
        "model": 1,
        "sequence": 27,
        "status": 1,
        "fuel": 7467,
        "fault": 0.2677,
        "weapon": 0,
        "pilot_injury": 0.62,
        "pilot_skill": 0.4692,
        "mission_priority": 0.9933,
        "estimated_landing_time": 2544.0,
        "wait_time": 0,
        "Landing_success_rate": 1.0
    },
    {
        "model": 1,
        "sequence": 8,
        "status": 1,
        "fuel": 6245,
        "fault": 0.2703,
        "weapon": 1,
        "pilot_injury": 0.6927,
        "pilot_skill": 0.5141,
        "mission_priority": 0.8407,
        "estimated_landing_time": 758.0,
        "wait_time": 0,
        "Landing_success_rate": 1.0
    },
    {
        "model": 1,
        "sequence": 15,
        "status": 1,
        "fuel": 7302,
        "fault": 0.1996,
        "weapon": 1,
        "pilot_injury": 0.0673,
        "pilot_skill": 0.4052,
        "mission_priority": 0.5015,
        "estimated_landing_time": 1416.0,
        "wait_time": 0,
        "Landing_success_rate": 1.0
    },
    {
        "model": 2,
        "sequence": 23,
        "status": 1,
        "fuel": 7185,
        "fault": 0.9785,
        "weapon": 0,
        "pilot_injury": 0.0881,
        "pilot_skill": 0.4285,
        "mission_priority": 0.1852,
        "estimated_landing_time": 2168.0,
        "wait_time": 0,
        "Landing_success_rate": 1.0
    },
    {
        "model": 1,
        "sequence": 17,
        "status": 1,
        "fuel": 7076,
        "fault": 0.3707,
        "weapon": 1,
        "pilot_injury": 0.8725,
        "pilot_skill": 0.409,
        "mission_priority": 0.7751,
        "estimated_landing_time": 1604.0,
        "wait_time": 0,
        "Landing_success_rate": 1.0
    },
    {
        "model": 1,
        "sequence": 4,
        "status": 1,
        "fuel": 5705,
        "fault": 0.8123,
        "weapon": 0,
        "pilot_injury": 0.2217,
        "pilot_skill": 0.0852,
        "mission_priority": 0.6222,
        "estimated_landing_time": 382.0,
        "wait_time": 0,
        "Landing_success_rate": 1.0
    },
    {
        "model": 2,
        "sequence": 7,
        "status": 1,
        "fuel": 6961,
        "fault": 0.1527,
        "weapon": 1,
        "pilot_injury": 0.6166,
        "pilot_skill": 0.4984,
        "mission_priority": 0.9916,
        "estimated_landing_time": 664.0,
        "wait_time": 0,
        "Landing_success_rate": 1.0
    },
    {
        "model": 0,
        "sequence": 22,
        "status": 1,
        "fuel": 5798,
        "fault": 0.453,
        "weapon": 1,
        "pilot_injury": 0.4144,
        "pilot_skill": 0.4464,
        "mission_priority": 0.9895,
        "estimated_landing_time": 2074.0,
        "wait_time": 0,
        "Landing_success_rate": 1.0
    },
    {
        "model": 2,
        "sequence": 2,
        "status": 1,
        "fuel": 5668,
        "fault": 0.1555,
        "weapon": 1,
        "pilot_injury": 0.8268,
        "pilot_skill": 0.0451,
        "mission_priority": 0.5448,
        "estimated_landing_time": 194.0,
        "wait_time": 0,
        "Landing_success_rate": 1.0
    },
    {
        "model": 0,
        "sequence": 19,
        "status": 1,
        "fuel": 6224,
        "fault": 0.1416,
        "weapon": 1,
        "pilot_injury": 0.7604,
        "pilot_skill": 0.263,
        "mission_priority": 0.4818,
        "estimated_landing_time": 1792.0,
        "wait_time": 0,
        "Landing_success_rate": 1.0
    },
    {
        "model": 2,
        "sequence": 28,
        "status": 1,
        "fuel": 5514,
        "fault": 0.4915,
        "weapon": 1,
        "pilot_injury": 0.5999,
        "pilot_skill": 0.1207,
        "mission_priority": 0.9767,
        "estimated_landing_time": 2638.0,
        "wait_time": 0,
        "Landing_success_rate": 1.0
    },
    {
        "model": 1,
        "sequence": 14,
        "status": 1,
        "fuel": 6366,
        "fault": 0.6582,
        "weapon": 1,
        "pilot_injury": 0.7775,
        "pilot_skill": 0.02,
        "mission_priority": 0.2015,
        "estimated_landing_time": 1322.0,
        "wait_time": 0,
        "Landing_success_rate": 1.0
    },
    {
        "model": 2,
        "sequence": 6,
        "status": 1,
        "fuel": 6494,
        "fault": 0.0765,
        "weapon": 0,
        "pilot_injury": 0.0427,
        "pilot_skill": 0.6157,
        "mission_priority": 0.0342,
        "estimated_landing_time": 570.0,
        "wait_time": 0,
        "Landing_success_rate": 1.0
    },
    {
        "model": 0,
        "sequence": 25,
        "status": 1,
        "fuel": 6643,
        "fault": 0.6352,
        "weapon": 1,
        "pilot_injury": 0.5343,
        "pilot_skill": 0.6769,
        "mission_priority": 0.1833,
        "estimated_landing_time": 2356.0,
        "wait_time": 0,
        "Landing_success_rate": 1.0
    },
    {
        "model": 0,
        "sequence": 13,
        "status": 1,
        "fuel": 7494,
        "fault": 0.9618,
        "weapon": 1,
        "pilot_injury": 0.2647,
        "pilot_skill": 0.1796,
        "mission_priority": 0.166,
        "estimated_landing_time": 1228.0,
        "wait_time": 0,
        "Landing_success_rate": 1.0
    },
    {
        "model": 0,
        "sequence": 24,
        "status": 1,
        "fuel": 5696,
        "fault": 0.6121,
        "weapon": 0,
        "pilot_injury": 0.9498,
        "pilot_skill": 0.7061,
        "mission_priority": 0.0723,
        "estimated_landing_time": 2262.0,
        "wait_time": 0,
        "Landing_success_rate": 1.0
    },
    {
        "model": 1,
        "sequence": 10,
        "status": 1,
        "fuel": 6467,
        "fault": 0.7341,
        "weapon": 1,
        "pilot_injury": 0.477,
        "pilot_skill": 0.9453,
        "mission_priority": 0.7328,
        "estimated_landing_time": 946.0,
        "wait_time": 0,
        "Landing_success_rate": 1.0
    },
    {
        "model": 2,
        "sequence": 9,
        "status": 1,
        "fuel": 6908,
        "fault": 0.5183,
        "weapon": 0,
        "pilot_injury": 0.7256,
        "pilot_skill": 0.4276,
        "mission_priority": 0.1065,
        "estimated_landing_time": 852.0,
        "wait_time": 0,
        "Landing_success_rate": 1.0
    },
    {
        "model": 1,
        "sequence": 11,
        "status": 1,
        "fuel": 6861,
        "fault": 0.2104,
        "weapon": 0,
        "pilot_injury": 0.5906,
        "pilot_skill": 0.2823,
        "mission_priority": 0.196,
        "estimated_landing_time": 1040.0,
        "wait_time": 0,
        "Landing_success_rate": 1.0
    },
    {
        "model": 1,
        "sequence": 12,
        "status": 1,
        "fuel": 6074,
        "fault": 0.6576,
        "weapon": 1,
        "pilot_injury": 0.1878,
        "pilot_skill": 0.7692,
        "mission_priority": 0.4817,
        "estimated_landing_time": 1134.0,
        "wait_time": 0,
        "Landing_success_rate": 1.0
    },
    {
        "model": 0,
        "sequence": 1,
        "status": 1,
        "fuel": 6085,
        "fault": 0.2838,
        "weapon": 0,
        "pilot_injury": 0.383,
        "pilot_skill": 0.1588,
        "mission_priority": 0.5053,
        "estimated_landing_time": 100.0,
        "wait_time": 0,
        "Landing_success_rate": 1.0
    },
    {
        "model": 0,
        "sequence": 16,
        "status": 1,
        "fuel": 6489,
        "fault": 0.9149,
        "weapon": 0,
        "pilot_injury": 0.3774,
        "pilot_skill": 0.4505,
        "mission_priority": 0.4986,
        "estimated_landing_time": 1510.0,
        "wait_time": 0,
        "Landing_success_rate": 1.0
    },
    {
        "model": 2,
        "sequence": 30,
        "status": 1,
        "fuel": 7051,
        "fault": 0.5252,
        "weapon": 0,
        "pilot_injury": 0.2564,
        "pilot_skill": 0.1703,
        "mission_priority": 0.7104,
        "estimated_landing_time": 2826.0,
        "wait_time": 0,
        "Landing_success_rate": 1.0
    },
    {
        "model": 0,
        "sequence": 29,
        "status": 1,
        "fuel": 6742,
        "fault": 0.7743,
        "weapon": 1,
        "pilot_injury": 0.9747,
        "pilot_skill": 0.0772,
        "mission_priority": 0.4648,
        "estimated_landing_time": 2732.0,
        "wait_time": 0,
        "Landing_success_rate": 1.0
    },
    {
        "model": 0,
        "sequence": 18,
        "status": 1,
        "fuel": 5836,
        "fault": 0.4325,
        "weapon": 1,
        "pilot_injury": 0.8023,
        "pilot_skill": 0.5617,
        "mission_priority": 0.9786,
        "estimated_landing_time": 1698.0,
        "wait_time": 0,
        "Landing_success_rate": 1.0
    }
]