[
    {
        "model": 2,
        "sequence": 26,
        "status": 1,
        "fuel": 6912,
        "fault": 0.007,
        "weapon": 1,
        "pilot_injury": 0.1005,
        "pilot_skill": 0.8353,
        "mission_priority": 0.0205,
        "estimated_landing_time": 2450.0,
        "wait_time": 0,
        "Landing_success_rate": 1.0
    },
    {
        "model": 0,
        "sequence": 11,
        "status": 1,
        "fuel": 5793,
        "fault": 0.4861,
        "weapon": 0,
        "pilot_injury": 0.7056,
        "pilot_skill": 0.6427,
        "mission_priority": 0.5178,
        "estimated_landing_time": 1040.0,
        "wait_time": 0,
        "Landing_success_rate": 1.0
    },
    {
        "model": 2,
        "sequence": 12,
        "status": 1,
        "fuel": 6092,
        "fault": 0.9583,
        "weapon": 1,
        "pilot_injury": 0.3439,
        "pilot_skill": 0.4953,
        "mission_priority": 0.4823,
        "estimated_landing_time": 1134.0,
        "wait_time": 0,
        "Landing_success_rate": 1.0
    },
    {
        "model": 0,
        "sequence": 14,
        "status": 1,
        "fuel": 6203,
        "fault": 0.0555,
        "weapon": 1,
        "pilot_injury": 0.8111,
        "pilot_skill": 0.9553,
        "mission_priority": 0.413,
        "estimated_landing_time": 1322.0,
        "wait_time": 0,
        "Landing_success_rate": 1.0
    },
    {
        "model": 1,
        "sequence": 2,
        "status": 1,
        "fuel": 7428,
        "fault": 0.5118,
        "weapon": 0,
        "pilot_injury": 0.1809,
        "pilot_skill": 0.3055,
        "mission_priority": 0.8492,
        "estimated_landing_time": 194.0,
        "wait_time": 0,
        "Landing_success_rate": 1.0
    },
    {
        "model": 1,
        "sequence": 25,
        "status": 1,
        "fuel": 6717,
        "fault": 0.8304,
        "weapon": 0,
        "pilot_injury": 0.0425,
        "pilot_skill": 0.99,
        "mission_priority": 0.5572,
        "estimated_landing_time": 2356.0,
        "wait_time": 0,
        "Landing_success_rate": 1.0
    },
    {
        "model": 1,
        "sequence": 21,
        "status": 1,
        "fuel": 7499,
        "fault": 0.084,
        "weapon": 1,
        "pilot_injury": 0.1317,
        "pilot_skill": 0.2286,
        "mission_priority": 0.942,
        "estimated_landing_time": 1980.0,
        "wait_time": 0,
        "Landing_success_rate": 1.0
    },
    {
        "model": 1,
        "sequence": 19,
        "status": 1,
        "fuel": 6706,
        "fault": 0.1587,
        "weapon": 0,
        "pilot_injury": 0.2462,
        "pilot_skill": 0.4834,
        "mission_priority": 0.804,
        "estimated_landing_time": 1792.0,
        "wait_time": 0,
        "Landing_success_rate": 1.0
    },
    {
        "model": 0,
        "sequence": 9,
        "status": 1,
        "fuel": 6192,
        "fault": 0.1473,
        "weapon": 0,
        "pilot_injury": 0.0742,
        "pilot_skill": 0.1125,
        "mission_priority": 0.8166,
        "estimated_landing_time": 852.0,
        "wait_time": 0,
        "Landing_success_rate": 1.0
    },
    {
        "model": 1,
        "sequence": 7,
        "status": 1,
        "fuel": 7017,
        "fault": 0.2069,
        "weapon": 0,
        "pilot_injury": 0.0141,
        "pilot_skill": 0.0349,
        "mission_priority": 0.3155,
        "estimated_landing_time": 664.0,
        "wait_time": 0,
        "Landing_success_rate": 1.0
    },
    {
        "model": 2,
        "sequence": 6,
        "status": 1,
        "fuel": 6972,
        "fault": 0.9491,
        "weapon": 1,
        "pilot_injury": 0.5853,
        "pilot_skill": 0.8943,
        "mission_priority": 0.7885,
        "estimated_landing_time": 570.0,
        "wait_time": 0,
        "Landing_success_rate": 1.0
    },
    {
        "model": 2,
        "sequence": 22,
        "status": 1,
        "fuel": 6866,
        "fault": 0.6472,
        "weapon": 0,
        "pilot_injury": 0.12,
        "pilot_skill": 0.1967,
        "mission_priority": 0.5053,
        "estimated_landing_time": 2074.0,
        "wait_time": 0,
        "Landing_success_rate": 1.0
    },
    {
        "model": 1,
        "sequence": 8,
        "status": 1,
        "fuel": 6387,
        "fault": 0.6566,
        "weapon": 0,
        "pilot_injury": 0.4477,
        "pilot_skill": 0.2484,
        "mission_priority": 0.9466,
        "estimated_landing_time": 758.0,
        "wait_time": 0,
        "Landing_success_rate": 1.0
    },
    {
        "model": 2,
        "sequence": 18,
        "status": 1,
        "fuel": 6387,
        "fault": 0.0621,
        "weapon": 0,
        "pilot_injury": 0.4978,
        "pilot_skill": 0.4525,
        "mission_priority": 0.2338,
        "estimated_landing_time": 1698.0,
        "wait_time": 0,
        "Landing_success_rate": 1.0
    },
    {
        "model": 0,
        "sequence": 23,
        "status": 1,
        "fuel": 6932,
        "fault": 0.227,
        "weapon": 1,
        "pilot_injury": 0.5925,
        "pilot_skill": 0.5809,
        "mission_priority": 0.7725,
        "estimated_landing_time": 2168.0,
        "wait_time": 0,
        "Landing_success_rate": 1.0
    },
    {
        "model": 0,
        "sequence": 20,
        "status": 1,
        "fuel": 6561,
        "fault": 0.0001,
        "weapon": 0,
        "pilot_injury": 0.8822,
        "pilot_skill": 0.8579,
        "mission_priority": 0.4657,
        "estimated_landing_time": 1886.0,
        "wait_time": 0,
        "Landing_success_rate": 1.0
    },
    {
        "model": 0,
        "sequence": 17,
        "status": 1,
        "fuel": 6102,
        "fault": 0.7303,
        "weapon": 1,
        "pilot_injury": 0.1552,
        "pilot_skill": 0.9573,
        "mission_priority": 0.6022,
        "estimated_landing_time": 1604.0,
        "wait_time": 0,
        "Landing_success_rate": 1.0
    },
    {
        "model": 0,
        "sequence": 28,
        "status": 1,
        "fuel": 6977,
        "fault": 0.6647,
        "weapon": 1,
        "pilot_injury": 0.7366,
        "pilot_skill": 0.8212,
        "mission_priority": 0.3082,
        "estimated_landing_time": 2638.0,
        "wait_time": 0,
        "Landing_success_rate": 1.0
    },
    {
        "model": 0,
        "sequence": 16,
        "status": 1,
        "fuel": 5887,
        "fault": 0.2636,
        "weapon": 0,
        "pilot_injury": 0.8394,
        "pilot_skill": 0.6873,
        "mission_priority": 0.6835,
        "estimated_landing_time": 1510.0,
        "wait_time": 0,
        "Landing_success_rate": 1.0
    },
    {
        "model": 1,
        "sequence": 27,
        "status": 1,
        "fuel": 5801,
        "fault": 0.3113,
        "weapon": 1,
        "pilot_injury": 0.8502,
        "pilot_skill": 0.8717,
        "mission_priority": 0.1956,
        "estimated_landing_time": 2544.0,
        "wait_time": 0,
        "Landing_success_rate": 1.0
    },
    {
        "model": 1,
        "sequence": 29,
        "status": 1,
        "fuel": 6138,
        "fault": 0.1217,
        "weapon": 1,
        "pilot_injury": 0.6819,
        "pilot_skill": 0.8987,
        "mission_priority": 0.1009,
        "estimated_landing_time": 2732.0,
        "wait_time": 0,
        "Landing_success_rate": 1.0
    },
    {
        "model": 2,
        "sequence": 10,
        "status": 1,
        "fuel": 5632,
        "fault": 0.0201,
        "weapon": 1,
        "pilot_injury": 0.774,
        "pilot_skill": 0.2956,
        "mission_priority": 0.3908,
        "estimated_landing_time": 946.0,
        "wait_time": 0,
        "Landing_success_rate": 1.0
    },
    {
        "model": 0,
        "sequence": 1,
        "status": 1,
        "fuel": 6264,
        "fault": 0.7907,
        "weapon": 0,
        "pilot_injury": 0.0034,
        "pilot_skill": 0.1404,
        "mission_priority": 0.9283,
        "estimated_landing_time": 100.0,
        "wait_time": 0,
        "Landing_success_rate": 1.0
    },
    {
        "model": 1,
        "sequence": 24,
        "status": 1,
        "fuel": 5579,
        "fault": 0.6788,
        "weapon": 0,
        "pilot_injury": 0.4742,
        "pilot_skill": 0.9369,
        "mission_priority": 0.7559,
        "estimated_landing_time": 2262.0,
        "wait_time": 0,
        "Landing_success_rate": 1.0
    },
    {
        "model": 2,
        "sequence": 30,
        "status": 1,
        "fuel": 6668,
        "fault": 0.3714,
        "weapon": 1,
        "pilot_injury": 0.4907,
        "pilot_skill": 0.7648,
        "mission_priority": 0.7782,
        "estimated_landing_time": 2826.0,
        "wait_time": 0,
        "Landing_success_rate": 1.0
    },
    {
        "model": 1,
        "sequence": 4,
        "status": 1,
        "fuel": 6581,
        "fault": 0.4621,
        "weapon": 1,
        "pilot_injury": 0.9737,
        "pilot_skill": 0.0726,
        "mission_priority": 0.8153,
        "estimated_landing_time": 382.0,
        "wait_time": 0,
        "Landing_success_rate": 1.0
    },
    {
        "model": 0,
        "sequence": 5,
        "status": 1,
        "fuel": 6934,
        "fault": 0.8878,
        "weapon": 1,
        "pilot_injury": 0.7897,
        "pilot_skill": 0.3259,
        "mission_priority": 0.3351,
        "estimated_landing_time": 476.0,
        "wait_time": 0,
        "Landing_success_rate": 1.0
    },
    {
        "model": 0,
        "sequence": 13,
        "status": 1,
        "fuel": 7080,
        "fault": 0.6432,
        "weapon": 1,
        "pilot_injury": 0.133,
        "pilot_skill": 0.0252,
        "mission_priority": 0.6326,
        "estimated_landing_time": 1228.0,
        "wait_time": 0,
        "Landing_success_rate": 1.0
    },
    {
        "model": 2,
        "sequence": 3,
        "status": 1,
        "fuel": 7360,
        "fault": 0.7956,
        "weapon": 0,
        "pilot_injury": 0.2055,
        "pilot_skill": 0.5677,
        "mission_priority": 0.3311,
        "estimated_landing_time": 288.0,
        "wait_time": 0,
        "Landing_success_rate": 1.0
    },
    {
        "model": 1,
        "sequence": 15,
        "status": 1,
        "fuel": 5514,
        "fault": 0.3294,
        "weapon": 1,
        "pilot_injury": 0.003,
        "pilot_skill": 0.4312,
        "mission_priority": 0.726,
        "estimated_landing_time": 1416.0,
        "wait_time": 0,
        "Landing_success_rate": 1.0
    }
]