[
    {
        "model": 2,
        "sequence": 18,
        "status": 1,
        "fuel": 7320,
        "fault": 0.7037,
        "weapon": 0,
        "pilot_injury": 0.6546,
        "pilot_skill": 0.6315,
        "mission_priority": 0.3256,
        "estimated_landing_time": 1698.0,
        "wait_time": 0,
        "Landing_success_rate": 1.0
    },
    {
        "model": 2,
        "sequence": 30,
        "status": 1,
        "fuel": 7227,
        "fault": 0.541,
        "weapon": 1,
        "pilot_injury": 0.5658,
        "pilot_skill": 0.9489,
        "mission_priority": 0.9258,
        "estimated_landing_time": 2826.0,
        "wait_time": 0,
        "Landing_success_rate": 1.0
    },
    {
        "model": 1,
        "sequence": 28,
        "status": 1,
        "fuel": 6917,
        "fault": 0.0727,
        "weapon": 1,
        "pilot_injury": 0.2338,
        "pilot_skill": 0.9099,
        "mission_priority": 0.7585,
        "estimated_landing_time": 2638.0,
        "wait_time": 0,
        "Landing_success_rate": 1.0
    },
    {
        "model": 2,
        "sequence": 2,
        "status": 1,
        "fuel": 6442,
        "fault": 0.7264,
        "weapon": 1,
        "pilot_injury": 0.7316,
        "pilot_skill": 0.7353,
        "mission_priority": 0.4962,
        "estimated_landing_time": 194.0,
        "wait_time": 0,
        "Landing_success_rate": 1.0
    },
    {
        "model": 0,
        "sequence": 13,
        "status": 1,
        "fuel": 7189,
        "fault": 0.4304,
        "weapon": 0,
        "pilot_injury": 0.9862,
        "pilot_skill": 0.8121,
        "mission_priority": 0.6161,
        "estimated_landing_time": 1228.0,
        "wait_time": 0,
        "Landing_success_rate": 1.0
    },
    {
        "model": 0,
        "sequence": 20,
        "status": 1,
        "fuel": 6509,
        "fault": 0.409,
        "weapon": 0,
        "pilot_injury": 0.8413,
        "pilot_skill": 0.7282,
        "mission_priority": 0.9627,
        "estimated_landing_time": 1886.0,
        "wait_time": 0,
        "Landing_success_rate": 1.0
    },
    {
        "model": 2,
        "sequence": 10,
        "status": 1,
        "fuel": 5930,
        "fault": 0.1197,
        "weapon": 1,
        "pilot_injury": 0.8618,
        "pilot_skill": 0.9661,
        "mission_priority": 0.2725,
        "estimated_landing_time": 946.0,
        "wait_time": 0,
        "Landing_success_rate": 1.0
    },
    {
        "model": 0,
        "sequence": 1,
        "status": 1,
        "fuel": 6422,
        "fault": 0.9871,
        "weapon": 0,
        "pilot_injury": 0.5909,
        "pilot_skill": 0.7323,
        "mission_priority": 0.238,
        "estimated_landing_time": 100.0,
        "wait_time": 0,
        "Landing_success_rate": 1.0
    },
    {
        "model": 1,
        "sequence": 11,
        "status": 1,
        "fuel": 6758,
        "fault": 0.8064,
        "weapon": 1,
        "pilot_injury": 0.3931,
        "pilot_skill": 0.4266,
        "mission_priority": 0.4711,
        "estimated_landing_time": 1040.0,
        "wait_time": 0,
        "Landing_success_rate": 1.0
    },
    {
        "model": 0,
        "sequence": 3,
        "status": 1,
        "fuel": 6515,
        "fault": 0.1462,
        "weapon": 0,
        "pilot_injury": 0.5777,
        "pilot_skill": 0.0691,
        "mission_priority": 0.1135,
        "estimated_landing_time": 288.0,
        "wait_time": 0,
        "Landing_success_rate": 1.0
    },
    {
        "model": 2,
        "sequence": 9,
        "status": 1,
        "fuel": 5970,
        "fault": 0.2308,
        "weapon": 1,
        "pilot_injury": 0.2663,
        "pilot_skill": 0.1847,
        "mission_priority": 0.054,
        "estimated_landing_time": 852.0,
        "wait_time": 0,
        "Landing_success_rate": 1.0
    },
    {
        "model": 0,
        "sequence": 4,
        "status": 1,
        "fuel": 7353,
        "fault": 0.4878,
        "weapon": 1,
        "pilot_injury": 0.8995,
        "pilot_skill": 0.0025,
        "mission_priority": 0.4059,
        "estimated_landing_time": 382.0,
        "wait_time": 0,
        "Landing_success_rate": 1.0
    },
    {
        "model": 0,
        "sequence": 15,
        "status": 1,
        "fuel": 6612,
        "fault": 0.878,
        "weapon": 1,
        "pilot_injury": 0.196,
        "pilot_skill": 0.0662,
        "mission_priority": 0.3816,
        "estimated_landing_time": 1416.0,
        "wait_time": 0,
        "Landing_success_rate": 1.0
    },
    {
        "model": 2,
        "sequence": 19,
        "status": 1,
        "fuel": 7194,
        "fault": 0.7095,
        "weapon": 0,
        "pilot_injury": 0.269,
        "pilot_skill": 0.2513,
        "mission_priority": 0.326,
        "estimated_landing_time": 1792.0,
        "wait_time": 0,
        "Landing_success_rate": 1.0
    },
    {
        "model": 1,
        "sequence": 25,
        "status": 1,
        "fuel": 7474,
        "fault": 0.8769,
        "weapon": 1,
        "pilot_injury": 0.5406,
        "pilot_skill": 0.2722,
        "mission_priority": 0.3617,
        "estimated_landing_time": 2356.0,
        "wait_time": 0,
        "Landing_success_rate": 1.0
    },
    {
        "model": 1,
        "sequence": 17,
        "status": 1,
        "fuel": 6769,
        "fault": 0.7675,
        "weapon": 0,
        "pilot_injury": 0.5532,
        "pilot_skill": 0.7248,
        "mission_priority": 0.7558,
        "estimated_landing_time": 1604.0,
        "wait_time": 0,
        "Landing_success_rate": 1.0
    },
    {
        "model": 2,
        "sequence": 6,
        "status": 1,
        "fuel": 6524,
        "fault": 0.8886,
        "weapon": 1,
        "pilot_injury": 0.9667,
        "pilot_skill": 0.1857,
        "mission_priority": 0.4648,
        "estimated_landing_time": 570.0,
        "wait_time": 0,
        "Landing_success_rate": 1.0
    },
    {
        "model": 0,
        "sequence": 24,
        "status": 1,
        "fuel": 6617,
        "fault": 0.2488,
        "weapon": 1,
        "pilot_injury": 0.5148,
        "pilot_skill": 0.7984,
        "mission_priority": 0.3404,
        "estimated_landing_time": 2262.0,
        "wait_time": 0,
        "Landing_success_rate": 1.0
    },
    {
        "model": 1,
        "sequence": 7,
        "status": 1,
        "fuel": 6507,
        "fault": 0.0085,
        "weapon": 0,
        "pilot_injury": 0.2874,
        "pilot_skill": 0.4718,
        "mission_priority": 0.7459,
        "estimated_landing_time": 664.0,
        "wait_time": 0,
        "Landing_success_rate": 1.0
    },
    {
        "model": 2,
        "sequence": 27,
        "status": 1,
        "fuel": 7365,
        "fault": 0.4701,
        "weapon": 1,
        "pilot_injury": 0.4764,
        "pilot_skill": 0.4085,
        "mission_priority": 0.3484,
        "estimated_landing_time": 2544.0,
        "wait_time": 0,
        "Landing_success_rate": 1.0
    },
    {
        "model": 1,
        "sequence": 26,
        "status": 1,
        "fuel": 7489,
        "fault": 0.7486,
        "weapon": 0,
        "pilot_injury": 0.9585,
        "pilot_skill": 0.1267,
        "mission_priority": 0.9004,
        "estimated_landing_time": 2450.0,
        "wait_time": 0,
        "Landing_success_rate": 1.0
    },
    {
        "model": 2,
        "sequence": 29,
        "status": 1,
        "fuel": 6768,
        "fault": 0.594,
        "weapon": 0,
        "pilot_injury": 0.2003,
        "pilot_skill": 0.1165,
        "mission_priority": 0.4237,
        "estimated_landing_time": 2732.0,
        "wait_time": 0,
        "Landing_success_rate": 1.0
    },
    {
        "model": 1,
        "sequence": 16,
        "status": 1,
        "fuel": 6212,
        "fault": 0.0713,
        "weapon": 1,
        "pilot_injury": 0.4168,
        "pilot_skill": 0.6854,
        "mission_priority": 0.7078,
        "estimated_landing_time": 1510.0,
        "wait_time": 0,
        "Landing_success_rate": 1.0
    },
    {
        "model": 2,
        "sequence": 22,
        "status": 1,
        "fuel": 5571,
        "fault": 0.0047,
        "weapon": 0,
        "pilot_injury": 0.1949,
        "pilot_skill": 0.5539,
        "mission_priority": 0.0753,
        "estimated_landing_time": 2074.0,
        "wait_time": 0,
        "Landing_success_rate": 1.0
    },
    {
        "model": 1,
        "sequence": 14,
        "status": 1,
        "fuel": 7208,
        "fault": 0.8428,
        "weapon": 0,
        "pilot_injury": 0.9818,
        "pilot_skill": 0.425,
        "mission_priority": 0.4957,
        "estimated_landing_time": 1322.0,
        "wait_time": 0,
        "Landing_success_rate": 1.0
    },
    {
        "model": 2,
        "sequence": 12,
        "status": 1,
        "fuel": 6328,
        "fault": 0.2887,
        "weapon": 0,
        "pilot_injury": 0.0943,
        "pilot_skill": 0.6406,
        "mission_priority": 0.0721,
        "estimated_landing_time": 1134.0,
        "wait_time": 0,
        "Landing_success_rate": 1.0
    },
    {
        "model": 0,
        "sequence": 23,
        "status": 1,
        "fuel": 5742,
        "fault": 0.5285,
        "weapon": 0,
        "pilot_injury": 0.9405,
        "pilot_skill": 0.6974,
        "mission_priority": 0.2231,
        "estimated_landing_time": 2168.0,
        "wait_time": 0,
        "Landing_success_rate": 1.0
    },
    {
        "model": 2,
        "sequence": 5,
        "status": 1,
        "fuel": 6352,
        "fault": 0.2904,
        "weapon": 1,
        "pilot_injury": 0.5191,
        "pilot_skill": 0.6318,
        "mission_priority": 0.0766,
        "estimated_landing_time": 476.0,
        "wait_time": 0,
        "Landing_success_rate": 1.0
    },
    {
        "model": 0,
        "sequence": 8,
        "status": 1,
        "fuel": 6008,
        "fault": 0.3043,
        "weapon": 1,
        "pilot_injury": 0.9139,
        "pilot_skill": 0.4973,
        "mission_priority": 0.9337,
        "estimated_landing_time": 758.0,
        "wait_time": 0,
        "Landing_success_rate": 1.0
    },
    {
        "model": 2,
        "sequence": 21,
        "status": 1,
        "fuel": 7298,
        "fault": 0.101,
        "weapon": 1,
        "pilot_injury": 0.7828,
        "pilot_skill": 0.0681,
        "mission_priority": 0.587,
        "estimated_landing_time": 1980.0,
        "wait_time": 0,
        "Landing_success_rate": 1.0
    }
]