[
    {
        "model": 2,
        "sequence": 4,
        "status": 1,
        "fuel": 6899,
        "fault": 0.1563,
        "weapon": 1,
        "pilot_injury": 0.385,
        "pilot_skill": 0.0443,
        "mission_priority": 0.0673,
        "estimated_landing_time": 382.0,
        "wait_time": 0,
        "Landing_success_rate": 1.0
    },
    {
        "model": 2,
        "sequence": 14,
        "status": 1,
        "fuel": 5836,
        "fault": 0.7911,
        "weapon": 0,
        "pilot_injury": 0.814,
        "pilot_skill": 0.4786,
        "mission_priority": 0.365,
        "estimated_landing_time": 1322.0,
        "wait_time": 0,
        "Landing_success_rate": 1.0
    },
    {
        "model": 2,
        "sequence": 13,
        "status": 1,
        "fuel": 6748,
        "fault": 0.8128,
        "weapon": 0,
        "pilot_injury": 0.7434,
        "pilot_skill": 0.1959,
        "mission_priority": 0.3892,
        "estimated_landing_time": 1228.0,
        "wait_time": 0,
        "Landing_success_rate": 1.0
    },
    {
        "model": 0,
        "sequence": 3,
        "status": 1,
        "fuel": 5767,
        "fault": 0.7876,
        "weapon": 0,
        "pilot_injury": 0.7983,
        "pilot_skill": 0.0394,
        "mission_priority": 0.1656,
        "estimated_landing_time": 288.0,
        "wait_time": 0,
        "Landing_success_rate": 1.0
    },
    {
        "model": 0,
        "sequence": 7,
        "status": 1,
        "fuel": 6458,
        "fault": 0.8445,
        "weapon": 0,
        "pilot_injury": 0.129,
        "pilot_skill": 0.2894,
        "mission_priority": 0.4281,
        "estimated_landing_time": 664.0,
        "wait_time": 0,
        "Landing_success_rate": 1.0
    },
    {
        "model": 1,
        "sequence": 18,
        "status": 1,
        "fuel": 6037,
        "fault": 0.4853,
        "weapon": 1,
        "pilot_injury": 0.4965,
        "pilot_skill": 0.0409,
        "mission_priority": 0.6742,
        "estimated_landing_time": 1698.0,
        "wait_time": 0,
        "Landing_success_rate": 1.0
    },
    {
        "model": 2,
        "sequence": 9,
        "status": 1,
        "fuel": 5579,
        "fault": 0.2196,
        "weapon": 0,
        "pilot_injury": 0.9941,
        "pilot_skill": 0.0606,
        "mission_priority": 0.2722,
        "estimated_landing_time": 852.0,
        "wait_time": 0,
        "Landing_success_rate": 1.0
    },
    {
        "model": 0,
        "sequence": 10,
        "status": 1,
        "fuel": 5629,
        "fault": 0.7898,
        "weapon": 1,
        "pilot_injury": 0.8353,
        "pilot_skill": 0.9294,
        "mission_priority": 0.8397,
        "estimated_landing_time": 946.0,
        "wait_time": 0,
        "Landing_success_rate": 1.0
    },
    {
        "model": 0,
        "sequence": 28,
        "status": 1,
        "fuel": 7043,
        "fault": 0.1033,
        "weapon": 1,
        "pilot_injury": 0.1205,
        "pilot_skill": 0.2487,
        "mission_priority": 0.3639,
        "estimated_landing_time": 2638.0,
        "wait_time": 0,
        "Landing_success_rate": 1.0
    },
    {
        "model": 2,
        "sequence": 30,
        "status": 1,
        "fuel": 7357,
        "fault": 0.8834,
        "weapon": 0,
        "pilot_injury": 0.2557,
        "pilot_skill": 0.0523,
        "mission_priority": 0.0731,
        "estimated_landing_time": 2826.0,
        "wait_time": 0,
        "Landing_success_rate": 1.0
    },
    {
        "model": 1,
        "sequence": 21,
        "status": 1,
        "fuel": 6816,
        "fault": 0.8687,
        "weapon": 0,
        "pilot_injury": 0.9587,
        "pilot_skill": 0.9567,
        "mission_priority": 0.7994,
        "estimated_landing_time": 1980.0,
        "wait_time": 0,
        "Landing_success_rate": 1.0
    },
    {
        "model": 1,
        "sequence": 27,
        "status": 1,
        "fuel": 5931,
        "fault": 0.0238,
        "weapon": 0,
        "pilot_injury": 0.402,
        "pilot_skill": 0.785,
        "mission_priority": 0.9268,
        "estimated_landing_time": 2544.0,
        "wait_time": 0,
        "Landing_success_rate": 1.0
    },
    {
        "model": 2,
        "sequence": 19,
        "status": 1,
        "fuel": 6392,
        "fault": 0.8983,
        "weapon": 1,
        "pilot_injury": 0.2428,
        "pilot_skill": 0.2565,
        "mission_priority": 0.0069,
        "estimated_landing_time": 1792.0,
        "wait_time": 0,
        "Landing_success_rate": 1.0
    },
    {
        "model": 1,
        "sequence": 20,
        "status": 1,
        "fuel": 6589,
        "fault": 0.0863,
        "weapon": 0,
        "pilot_injury": 0.7756,
        "pilot_skill": 0.5485,
        "mission_priority": 0.3311,
        "estimated_landing_time": 1886.0,
        "wait_time": 0,
        "Landing_success_rate": 1.0
    },
    {
        "model": 2,
        "sequence": 15,
        "status": 1,
        "fuel": 6795,
        "fault": 0.5494,
        "weapon": 1,
        "pilot_injury": 0.61,
        "pilot_skill": 0.0702,
        "mission_priority": 0.241,
        "estimated_landing_time": 1416.0,
        "wait_time": 0,
        "Landing_success_rate": 1.0
    },
    {
        "model": 0,
        "sequence": 24,
        "status": 1,
        "fuel": 7468,
        "fault": 0.5904,
        "weapon": 0,
        "pilot_injury": 0.0246,
        "pilot_skill": 0.7443,
        "mission_priority": 0.4704,
        "estimated_landing_time": 2262.0,
        "wait_time": 0,
        "Landing_success_rate": 1.0
    },
    {
        "model": 0,
        "sequence": 8,
        "status": 1,
        "fuel": 5598,
        "fault": 0.3485,
        "weapon": 1,
        "pilot_injury": 0.9882,
        "pilot_skill": 0.7007,
        "mission_priority": 0.8869,
        "estimated_landing_time": 758.0,
        "wait_time": 0,
        "Landing_success_rate": 1.0
    },
    {
        "model": 0,
        "sequence": 1,
        "status": 1,
        "fuel": 6777,
        "fault": 0.6853,
        "weapon": 1,
        "pilot_injury": 0.6331,
        "pilot_skill": 0.914,
        "mission_priority": 0.5753,
        "estimated_landing_time": 100.0,
        "wait_time": 0,
        "Landing_success_rate": 1.0
    },
    {
        "model": 1,
        "sequence": 25,
        "status": 1,
        "fuel": 7396,
        "fault": 0.8177,
        "weapon": 0,
        "pilot_injury": 0.9357,
        "pilot_skill": 0.7812,
        "mission_priority": 0.7913,
        "estimated_landing_time": 2356.0,
        "wait_time": 0,
        "Landing_success_rate": 1.0
    },
    {
        "model": 1,
        "sequence": 17,
        "status": 1,
        "fuel": 6154,
        "fault": 0.7781,
        "weapon": 0,
        "pilot_injury": 0.0323,
        "pilot_skill": 0.9307,
        "mission_priority": 0.9143,
        "estimated_landing_time": 1604.0,
        "wait_time": 0,
        "Landing_success_rate": 1.0
    },
    {
        "model": 1,
        "sequence": 22,
        "status": 1,
        "fuel": 5596,
        "fault": 0.4352,
        "weapon": 1,
        "pilot_injury": 0.5403,
        "pilot_skill": 0.5788,
        "mission_priority": 0.5567,
        "estimated_landing_time": 2074.0,
        "wait_time": 0,
        "Landing_success_rate": 1.0
    },
    {
        "model": 1,
        "sequence": 12,
        "status": 1,
        "fuel": 7062,
        "fault": 0.2984,
        "weapon": 1,
        "pilot_injury": 0.8867,
        "pilot_skill": 0.6104,
        "mission_priority": 0.6477,
        "estimated_landing_time": 1134.0,
        "wait_time": 0,
        "Landing_success_rate": 1.0
    },
    {
        "model": 2,
        "sequence": 23,
        "status": 1,
        "fuel": 6393,
        "fault": 0.1526,
        "weapon": 0,
        "pilot_injury": 0.7075,
        "pilot_skill": 0.8165,
        "mission_priority": 0.9779,
        "estimated_landing_time": 2168.0,
        "wait_time": 0,
        "Landing_success_rate": 1.0
    },
    {
        "model": 1,
        "sequence": 16,
        "status": 1,
        "fuel": 6083,
        "fault": 0.8986,
        "weapon": 0,
        "pilot_injury": 0.5464,
        "pilot_skill": 0.6319,
        "mission_priority": 0.2657,
        "estimated_landing_time": 1510.0,
        "wait_time": 0,
        "Landing_success_rate": 1.0
    },
    {
        "model": 1,
        "sequence": 29,
        "status": 1,
        "fuel": 5660,
        "fault": 0.5616,
        "weapon": 0,
        "pilot_injury": 0.259,
        "pilot_skill": 0.3173,
        "mission_priority": 0.9083,
        "estimated_landing_time": 2732.0,
        "wait_time": 0,
        "Landing_success_rate": 1.0
    },
    {
        "model": 1,
        "sequence": 11,
        "status": 1,
        "fuel": 7492,
        "fault": 0.5018,
        "weapon": 0,
        "pilot_injury": 0.3038,
        "pilot_skill": 0.4984,
        "mission_priority": 0.6428,
        "estimated_landing_time": 1040.0,
        "wait_time": 0,
        "Landing_success_rate": 1.0
    },
    {
        "model": 1,
        "sequence": 26,
        "status": 1,
        "fuel": 6175,
        "fault": 0.6635,
        "weapon": 1,
        "pilot_injury": 0.0348,
        "pilot_skill": 0.7038,
        "mission_priority": 0.8456,
        "estimated_landing_time": 2450.0,
        "wait_time": 0,
        "Landing_success_rate": 1.0
    },
    {
        "model": 1,
        "sequence": 2,
        "status": 1,
        "fuel": 6666,
        "fault": 0.9171,
        "weapon": 0,
        "pilot_injury": 0.4177,
        "pilot_skill": 0.7499,
        "mission_priority": 0.6864,
        "estimated_landing_time": 194.0,
        "wait_time": 0,
        "Landing_success_rate": 1.0
    },
    {
        "model": 2,
        "sequence": 5,
        "status": 1,
        "fuel": 7415,
        "fault": 0.4287,
        "weapon": 0,
        "pilot_injury": 0.2609,
        "pilot_skill": 0.5287,
        "mission_priority": 0.8841,
        "estimated_landing_time": 476.0,
        "wait_time": 0,
        "Landing_success_rate": 1.0
    },
    {
        "model": 0,
        "sequence": 6,
        "status": 1,
        "fuel": 7174,
        "fault": 0.8534,
        "weapon": 0,
        "pilot_injury": 0.6724,
        "pilot_skill": 0.5283,
        "mission_priority": 0.4478,
        "estimated_landing_time": 570.0,
        "wait_time": 0,
        "Landing_success_rate": 1.0
    }
]