[
    {
        "model": 2,
        "sequence": 4,
        "status": 1,
        "fuel": 7058,
        "fault": 0.574,
        "weapon": 0,
        "pilot_injury": 0.8276,
        "pilot_skill": 0.1958,
        "mission_priority": 0.4622,
        "estimated_landing_time": 382.0,
        "wait_time": 0,
        "Landing_success_rate": 1.0
    },
    {
        "model": 2,
        "sequence": 5,
        "status": 1,
        "fuel": 5699,
        "fault": 0.9994,
        "weapon": 1,
        "pilot_injury": 0.1118,
        "pilot_skill": 0.8672,
        "mission_priority": 0.8182,
        "estimated_landing_time": 476.0,
        "wait_time": 0,
        "Landing_success_rate": 1.0
    },
    {
        "model": 2,
        "sequence": 30,
        "status": 1,
        "fuel": 6358,
        "fault": 0.2352,
        "weapon": 0,
        "pilot_injury": 0.384,
        "pilot_skill": 0.9811,
        "mission_priority": 0.584,
        "estimated_landing_time": 2826.0,
        "wait_time": 0,
        "Landing_success_rate": 1.0
    },
    {
        "model": 1,
        "sequence": 23,
        "status": 1,
        "fuel": 6780,
        "fault": 0.1546,
        "weapon": 0,
        "pilot_injury": 0.8216,
        "pilot_skill": 0.7261,
        "mission_priority": 0.0835,
        "estimated_landing_time": 2168.0,
        "wait_time": 0,
        "Landing_success_rate": 1.0
    },
    {
        "model": 2,
        "sequence": 20,
        "status": 1,
        "fuel": 6287,
        "fault": 0.8686,
        "weapon": 1,
        "pilot_injury": 0.2169,
        "pilot_skill": 0.4813,
        "mission_priority": 0.3195,
        "estimated_landing_time": 1886.0,
        "wait_time": 0,
        "Landing_success_rate": 1.0
    },
    {
        "model": 1,
        "sequence": 28,
        "status": 1,
        "fuel": 6748,
        "fault": 0.7054,
        "weapon": 0,
        "pilot_injury": 0.436,
        "pilot_skill": 0.0281,
        "mission_priority": 0.9329,
        "estimated_landing_time": 2638.0,
        "wait_time": 0,
        "Landing_success_rate": 1.0
    },
    {
        "model": 1,
        "sequence": 8,
        "status": 1,
        "fuel": 6484,
        "fault": 0.3187,
        "weapon": 1,
        "pilot_injury": 0.8894,
        "pilot_skill": 0.4209,
        "mission_priority": 0.2396,
        "estimated_landing_time": 758.0,
        "wait_time": 0,
        "Landing_success_rate": 1.0
    },
    {
        "model": 1,
        "sequence": 1,
        "status": 1,
        "fuel": 6588,
        "fault": 0.3226,
        "weapon": 0,
        "pilot_injury": 0.9693,
        "pilot_skill": 0.1853,
        "mission_priority": 0.4169,
        "estimated_landing_time": 100.0,
        "wait_time": 0,
        "Landing_success_rate": 1.0
    },
    {
        "model": 1,
        "sequence": 12,
        "status": 1,
        "fuel": 6817,
        "fault": 0.066,
        "weapon": 1,
        "pilot_injury": 0.8713,
        "pilot_skill": 0.1307,
        "mission_priority": 0.2982,
        "estimated_landing_time": 1134.0,
        "wait_time": 0,
        "Landing_success_rate": 1.0
    },
    {
        "model": 2,
        "sequence": 3,
        "status": 1,
        "fuel": 6337,
        "fault": 0.6425,
        "weapon": 0,
        "pilot_injury": 0.1299,
        "pilot_skill": 0.6346,
        "mission_priority": 0.0435,
        "estimated_landing_time": 288.0,
        "wait_time": 0,
        "Landing_success_rate": 1.0
    },
    {
        "model": 0,
        "sequence": 24,
        "status": 1,
        "fuel": 6214,
        "fault": 0.7902,
        "weapon": 0,
        "pilot_injury": 0.2667,
        "pilot_skill": 0.3453,
        "mission_priority": 0.3811,
        "estimated_landing_time": 2262.0,
        "wait_time": 0,
        "Landing_success_rate": 1.0
    },
    {
        "model": 1,
        "sequence": 25,
        "status": 1,
        "fuel": 7181,
        "fault": 0.6859,
        "weapon": 1,
        "pilot_injury": 0.8948,
        "pilot_skill": 0.4587,
        "mission_priority": 0.0279,
        "estimated_landing_time": 2356.0,
        "wait_time": 0,
        "Landing_success_rate": 1.0
    },
    {
        "model": 2,
        "sequence": 6,
        "status": 1,
        "fuel": 6790,
        "fault": 0.9646,
        "weapon": 0,
        "pilot_injury": 0.2833,
        "pilot_skill": 0.296,
        "mission_priority": 0.1989,
        "estimated_landing_time": 570.0,
        "wait_time": 0,
        "Landing_success_rate": 1.0
    },
    {
        "model": 2,
        "sequence": 19,
        "status": 1,
        "fuel": 7178,
        "fault": 0.0013,
        "weapon": 0,
        "pilot_injury": 0.5368,
        "pilot_skill": 0.4256,
        "mission_priority": 0.6169,
        "estimated_landing_time": 1792.0,
        "wait_time": 0,
        "Landing_success_rate": 1.0
    },
    {
        "model": 0,
        "sequence": 21,
        "status": 1,
        "fuel": 5924,
        "fault": 0.8344,
        "weapon": 0,
        "pilot_injury": 0.0882,
        "pilot_skill": 0.0297,
        "mission_priority": 0.5624,
        "estimated_landing_time": 1980.0,
        "wait_time": 0,
        "Landing_success_rate": 1.0
    },
    {
        "model": 0,
        "sequence": 10,
        "status": 1,
        "fuel": 6721,
        "fault": 0.471,
        "weapon": 0,
        "pilot_injury": 0.3986,
        "pilot_skill": 0.0032,
        "mission_priority": 0.1208,
        "estimated_landing_time": 946.0,
        "wait_time": 0,
        "Landing_success_rate": 1.0
    },
    {
        "model": 1,
        "sequence": 14,
        "status": 1,
        "fuel": 7451,
        "fault": 0.8873,
        "weapon": 0,
        "pilot_injury": 0.312,
        "pilot_skill": 0.5316,
        "mission_priority": 0.1755,
        "estimated_landing_time": 1322.0,
        "wait_time": 0,
        "Landing_success_rate": 1.0
    },
    {
        "model": 0,
        "sequence": 9,
        "status": 1,
        "fuel": 5928,
        "fault": 0.9274,
        "weapon": 1,
        "pilot_injury": 0.4384,
        "pilot_skill": 0.949,
        "mission_priority": 0.2113,
        "estimated_landing_time": 852.0,
        "wait_time": 0,
        "Landing_success_rate": 1.0
    },
    {
        "model": 0,
        "sequence": 29,
        "status": 1,
        "fuel": 5778,
        "fault": 0.6534,
        "weapon": 1,
        "pilot_injury": 0.256,
        "pilot_skill": 0.6401,
        "mission_priority": 0.9096,
        "estimated_landing_time": 2732.0,
        "wait_time": 0,
        "Landing_success_rate": 1.0
    },
    {
        "model": 1,
        "sequence": 15,
        "status": 1,
        "fuel": 6245,
        "fault": 0.9771,
        "weapon": 1,
        "pilot_injury": 0.9525,
        "pilot_skill": 0.7363,
        "mission_priority": 0.3128,
        "estimated_landing_time": 1416.0,
        "wait_time": 0,
        "Landing_success_rate": 1.0
    },
    {
        "model": 2,
        "sequence": 27,
        "status": 1,
        "fuel": 6099,
        "fault": 0.6289,
        "weapon": 0,
        "pilot_injury": 0.6988,
        "pilot_skill": 0.6095,
        "mission_priority": 0.8647,
        "estimated_landing_time": 2544.0,
        "wait_time": 0,
        "Landing_success_rate": 1.0
    },
    {
        "model": 0,
        "sequence": 18,
        "status": 1,
        "fuel": 6654,
        "fault": 0.6212,
        "weapon": 0,
        "pilot_injury": 0.4098,
        "pilot_skill": 0.0075,
        "mission_priority": 0.5073,
        "estimated_landing_time": 1698.0,
        "wait_time": 0,
        "Landing_success_rate": 1.0
    },
    {
        "model": 0,
        "sequence": 7,
        "status": 1,
        "fuel": 6732,
        "fault": 0.1319,
        "weapon": 1,
        "pilot_injury": 0.1738,
        "pilot_skill": 0.6093,
        "mission_priority": 0.201,
        "estimated_landing_time": 664.0,
        "wait_time": 0,
        "Landing_success_rate": 1.0
    },
    {
        "model": 2,
        "sequence": 13,
        "status": 1,
        "fuel": 6784,
        "fault": 0.0426,
        "weapon": 0,
        "pilot_injury": 0.5819,
        "pilot_skill": 0.3174,
        "mission_priority": 0.9831,
        "estimated_landing_time": 1228.0,
        "wait_time": 0,
        "Landing_success_rate": 1.0
    },
    {
        "model": 0,
        "sequence": 16,
        "status": 1,
        "fuel": 6013,
        "fault": 0.0633,
        "weapon": 0,
        "pilot_injury": 0.8805,
        "pilot_skill": 0.8237,
        "mission_priority": 0.8209,
        "estimated_landing_time": 1510.0,
        "wait_time": 0,
        "Landing_success_rate": 1.0
    },
    {
        "model": 1,
        "sequence": 22,
        "status": 1,
        "fuel": 7313,
        "fault": 0.8402,
        "weapon": 1,
        "pilot_injury": 0.3925,
        "pilot_skill": 0.9168,
        "mission_priority": 0.0572,
        "estimated_landing_time": 2074.0,
        "wait_time": 0,
        "Landing_success_rate": 1.0
    },
    {
        "model": 2,
        "sequence": 17,
        "status": 1,
        "fuel": 6307,
        "fault": 0.9272,
        "weapon": 0,
        "pilot_injury": 0.7151,
        "pilot_skill": 0.1622,
        "mission_priority": 0.5075,
        "estimated_landing_time": 1604.0,
        "wait_time": 0,
        "Landing_success_rate": 1.0
    },
    {
        "model": 0,
        "sequence": 26,
        "status": 1,
        "fuel": 6944,
        "fault": 0.0904,
        "weapon": 1,
        "pilot_injury": 0.0616,
        "pilot_skill": 0.822,
        "mission_priority": 0.6846,
        "estimated_landing_time": 2450.0,
        "wait_time": 0,
        "Landing_success_rate": 1.0
    },
    {
        "model": 0,
        "sequence": 11,
        "status": 1,
        "fuel": 6016,
        "fault": 0.1431,
        "weapon": 0,
        "pilot_injury": 0.5481,
        "pilot_skill": 0.3212,
        "mission_priority": 0.1873,
        "estimated_landing_time": 1040.0,
        "wait_time": 0,
        "Landing_success_rate": 1.0
    },
    {
        "model": 1,
        "sequence": 2,
        "status": 1,
        "fuel": 7007,
        "fault": 0.0745,
        "weapon": 1,
        "pilot_injury": 0.4847,
        "pilot_skill": 0.4715,
        "mission_priority": 0.3876,
        "estimated_landing_time": 194.0,
        "wait_time": 0,
        "Landing_success_rate": 1.0
    }
]