[
    {
        "model": 1,
        "sequence": 3,
        "status": 1,
        "fuel": 5553,
        "fault": 0.5612,
        "weapon": 0,
        "pilot_injury": 0.9946,
        "pilot_skill": 0.2195,
        "mission_priority": 0.8322,
        "estimated_landing_time": 288.0,
        "wait_time": 0,
        "Landing_success_rate": 1.0
    },
    {
        "model": 0,
        "sequence": 10,
        "status": 1,
        "fuel": 6464,
        "fault": 0.9582,
        "weapon": 1,
        "pilot_injury": 0.4156,
        "pilot_skill": 0.8361,
        "mission_priority": 0.6898,
        "estimated_landing_time": 946.0,
        "wait_time": 0,
        "Landing_success_rate": 1.0
    },
    {
        "model": 0,
        "sequence": 15,
        "status": 1,
        "fuel": 6713,
        "fault": 0.331,
        "weapon": 1,
        "pilot_injury": 0.3423,
        "pilot_skill": 0.2121,
        "mission_priority": 0.1467,
        "estimated_landing_time": 1416.0,
        "wait_time": 0,
        "Landing_success_rate": 1.0
    },
    {
        "model": 2,
        "sequence": 13,
        "status": 1,
        "fuel": 6708,
        "fault": 0.5782,
        "weapon": 1,
        "pilot_injury": 0.8458,
        "pilot_skill": 0.3042,
        "mission_priority": 0.3698,
        "estimated_landing_time": 1228.0,
        "wait_time": 0,
        "Landing_success_rate": 1.0
    },
    {
        "model": 2,
        "sequence": 1,
        "status": 1,
        "fuel": 5855,
        "fault": 0.7892,
        "weapon": 1,
        "pilot_injury": 0.4,
        "pilot_skill": 0.5538,
        "mission_priority": 0.6792,
        "estimated_landing_time": 100.0,
        "wait_time": 0,
        "Landing_success_rate": 1.0
    },
    {
        "model": 2,
        "sequence": 24,
        "status": 1,
        "fuel": 6647,
        "fault": 0.7258,
        "weapon": 0,
        "pilot_injury": 0.8441,
        "pilot_skill": 0.8414,
        "mission_priority": 0.8488,
        "estimated_landing_time": 2262.0,
        "wait_time": 0,
        "Landing_success_rate": 1.0
    },
    {
        "model": 2,
        "sequence": 17,
        "status": 1,
        "fuel": 6064,
        "fault": 0.7121,
        "weapon": 1,
        "pilot_injury": 0.1398,
        "pilot_skill": 0.8264,
        "mission_priority": 0.0607,
        "estimated_landing_time": 1604.0,
        "wait_time": 0,
        "Landing_success_rate": 1.0
    },
    {
        "model": 1,
        "sequence": 28,
        "status": 1,
        "fuel": 5784,
        "fault": 0.3893,
        "weapon": 1,
        "pilot_injury": 0.1251,
        "pilot_skill": 0.1213,
        "mission_priority": 0.9091,
        "estimated_landing_time": 2638.0,
        "wait_time": 0,
        "Landing_success_rate": 1.0
    },
    {
        "model": 2,
        "sequence": 7,
        "status": 1,
        "fuel": 7077,
        "fault": 0.0547,
        "weapon": 1,
        "pilot_injury": 0.3777,
        "pilot_skill": 0.3736,
        "mission_priority": 0.1352,
        "estimated_landing_time": 664.0,
        "wait_time": 0,
        "Landing_success_rate": 1.0
    },
    {
        "model": 1,
        "sequence": 8,
        "status": 1,
        "fuel": 6427,
        "fault": 0.6936,
        "weapon": 1,
        "pilot_injury": 0.2256,
        "pilot_skill": 0.7278,
        "mission_priority": 0.1037,
        "estimated_landing_time": 758.0,
        "wait_time": 0,
        "Landing_success_rate": 1.0
    },
    {
        "model": 0,
        "sequence": 22,
        "status": 1,
        "fuel": 5529,
        "fault": 0.2327,
        "weapon": 0,
        "pilot_injury": 0.8506,
        "pilot_skill": 0.5111,
        "mission_priority": 0.9212,
        "estimated_landing_time": 2074.0,
        "wait_time": 0,
        "Landing_success_rate": 1.0
    },
    {
        "model": 0,
        "sequence": 18,
        "status": 1,
        "fuel": 5677,
        "fault": 0.1706,
        "weapon": 0,
        "pilot_injury": 0.6939,
        "pilot_skill": 0.784,
        "mission_priority": 0.0153,
        "estimated_landing_time": 1698.0,
        "wait_time": 0,
        "Landing_success_rate": 1.0
    },
    {
        "model": 2,
        "sequence": 14,
        "status": 1,
        "fuel": 5523,
        "fault": 0.8429,
        "weapon": 1,
        "pilot_injury": 0.4075,
        "pilot_skill": 0.0451,
        "mission_priority": 0.0176,
        "estimated_landing_time": 1322.0,
        "wait_time": 0,
        "Landing_success_rate": 1.0
    },
    {
        "model": 2,
        "sequence": 29,
        "status": 1,
        "fuel": 6364,
        "fault": 0.1974,
        "weapon": 0,
        "pilot_injury": 0.1749,
        "pilot_skill": 0.2896,
        "mission_priority": 0.1022,
        "estimated_landing_time": 2732.0,
        "wait_time": 0,
        "Landing_success_rate": 1.0
    },
    {
        "model": 1,
        "sequence": 27,
        "status": 1,
        "fuel": 7324,
        "fault": 0.0163,
        "weapon": 1,
        "pilot_injury": 0.3028,
        "pilot_skill": 0.5824,
        "mission_priority": 0.8578,
        "estimated_landing_time": 2544.0,
        "wait_time": 0,
        "Landing_success_rate": 1.0
    },
    {
        "model": 1,
        "sequence": 26,
        "status": 1,
        "fuel": 6821,
        "fault": 0.7403,
        "weapon": 0,
        "pilot_injury": 0.9502,
        "pilot_skill": 0.4235,
        "mission_priority": 0.7895,
        "estimated_landing_time": 2450.0,
        "wait_time": 0,
        "Landing_success_rate": 1.0
    },
    {
        "model": 2,
        "sequence": 2,
        "status": 1,
        "fuel": 6442,
        "fault": 0.4583,
        "weapon": 0,
        "pilot_injury": 0.3174,
        "pilot_skill": 0.7403,
        "mission_priority": 0.3153,
        "estimated_landing_time": 194.0,
        "wait_time": 0,
        "Landing_success_rate": 1.0
    },
    {
        "model": 0,
        "sequence": 9,
        "status": 1,
        "fuel": 6485,
        "fault": 0.2649,
        "weapon": 0,
        "pilot_injury": 0.1647,
        "pilot_skill": 0.3209,
        "mission_priority": 0.9106,
        "estimated_landing_time": 852.0,
        "wait_time": 0,
        "Landing_success_rate": 1.0
    },
    {
        "model": 2,
        "sequence": 25,
        "status": 1,
        "fuel": 6189,
        "fault": 0.9149,
        "weapon": 1,
        "pilot_injury": 0.4225,
        "pilot_skill": 0.9181,
        "mission_priority": 0.8769,
        "estimated_landing_time": 2356.0,
        "wait_time": 0,
        "Landing_success_rate": 1.0
    },
    {
        "model": 0,
        "sequence": 16,
        "status": 1,
        "fuel": 6756,
        "fault": 0.476,
        "weapon": 1,
        "pilot_injury": 0.6327,
        "pilot_skill": 0.4756,
        "mission_priority": 0.5307,
        "estimated_landing_time": 1510.0,
        "wait_time": 0,
        "Landing_success_rate": 1.0
    },
    {
        "model": 0,
        "sequence": 30,
        "status": 1,
        "fuel": 7203,
        "fault": 0.5749,
        "weapon": 0,
        "pilot_injury": 0.2925,
        "pilot_skill": 0.2702,
        "mission_priority": 0.7154,
        "estimated_landing_time": 2826.0,
        "wait_time": 0,
        "Landing_success_rate": 1.0
    },
    {
        "model": 2,
        "sequence": 6,
        "status": 1,
        "fuel": 6638,
        "fault": 0.6889,
        "weapon": 1,
        "pilot_injury": 0.4216,
        "pilot_skill": 0.5046,
        "mission_priority": 0.2222,
        "estimated_landing_time": 570.0,
        "wait_time": 0,
        "Landing_success_rate": 1.0
    },
    {
        "model": 2,
        "sequence": 20,
        "status": 1,
        "fuel": 7435,
        "fault": 0.9119,
        "weapon": 1,
        "pilot_injury": 0.2337,
        "pilot_skill": 0.0915,
        "mission_priority": 0.5355,
        "estimated_landing_time": 1886.0,
        "wait_time": 0,
        "Landing_success_rate": 1.0
    },
    {
        "model": 0,
        "sequence": 5,
        "status": 1,
        "fuel": 6893,
        "fault": 0.3842,
        "weapon": 0,
        "pilot_injury": 0.2307,
        "pilot_skill": 0.8816,
        "mission_priority": 0.7665,
        "estimated_landing_time": 476.0,
        "wait_time": 0,
        "Landing_success_rate": 1.0
    },
    {
        "model": 1,
        "sequence": 11,
        "status": 1,
        "fuel": 6542,
        "fault": 0.712,
        "weapon": 0,
        "pilot_injury": 0.8619,
        "pilot_skill": 0.7144,
        "mission_priority": 0.1016,
        "estimated_landing_time": 1040.0,
        "wait_time": 0,
        "Landing_success_rate": 1.0
    },
    {
        "model": 1,
        "sequence": 4,
        "status": 1,
        "fuel": 5703,
        "fault": 0.7898,
        "weapon": 0,
        "pilot_injury": 0.2454,
        "pilot_skill": 0.5512,
        "mission_priority": 0.5608,
        "estimated_landing_time": 382.0,
        "wait_time": 0,
        "Landing_success_rate": 1.0
    },
    {
        "model": 1,
        "sequence": 21,
        "status": 1,
        "fuel": 6484,
        "fault": 0.9954,
        "weapon": 0,
        "pilot_injury": 0.3793,
        "pilot_skill": 0.2102,
        "mission_priority": 0.5185,
        "estimated_landing_time": 1980.0,
        "wait_time": 0,
        "Landing_success_rate": 1.0
    },
    {
        "model": 0,
        "sequence": 19,
        "status": 1,
        "fuel": 6106,
        "fault": 0.8165,
        "weapon": 1,
        "pilot_injury": 0.0512,
        "pilot_skill": 0.2056,
        "mission_priority": 0.5508,
        "estimated_landing_time": 1792.0,
        "wait_time": 0,
        "Landing_success_rate": 1.0
    },
    {
        "model": 0,
        "sequence": 12,
        "status": 1,
        "fuel": 7402,
        "fault": 0.5045,
        "weapon": 0,
        "pilot_injury": 0.6061,
        "pilot_skill": 0.4226,
        "mission_priority": 0.6537,
        "estimated_landing_time": 1134.0,
        "wait_time": 0,
        "Landing_success_rate": 1.0
    },
    {
        "model": 1,
        "sequence": 23,
        "status": 1,
        "fuel": 7214,
        "fault": 0.5104,
        "weapon": 0,
        "pilot_injury": 0.3473,
        "pilot_skill": 0.6768,
        "mission_priority": 0.9492,
        "estimated_landing_time": 2168.0,
        "wait_time": 0,
        "Landing_success_rate": 1.0
    }
]