[
    {
        "model": 2,
        "sequence": 15,
        "status": 1,
        "fuel": 6221,
        "fault": 0.8145,
        "weapon": 0,
        "pilot_injury": 0.7415,
        "pilot_skill": 0.4766,
        "mission_priority": 0.6637,
        "estimated_landing_time": 1416.0,
        "wait_time": 0,
        "Landing_success_rate": 1.0
    },
    {
        "model": 1,
        "sequence": 23,
        "status": 1,
        "fuel": 6363,
        "fault": 0.5536,
        "weapon": 0,
        "pilot_injury": 0.1682,
        "pilot_skill": 0.7236,
        "mission_priority": 0.1549,
        "estimated_landing_time": 2168.0,
        "wait_time": 0,
        "Landing_success_rate": 1.0
    },
    {
        "model": 1,
        "sequence": 25,
        "status": 1,
        "fuel": 7485,
        "fault": 0.7488,
        "weapon": 0,
        "pilot_injury": 0.3154,
        "pilot_skill": 0.0159,
        "mission_priority": 0.1061,
        "estimated_landing_time": 2356.0,
        "wait_time": 0,
        "Landing_success_rate": 1.0
    },
    {
        "model": 0,
        "sequence": 18,
        "status": 1,
        "fuel": 7245,
        "fault": 0.973,
        "weapon": 1,
        "pilot_injury": 0.6724,
        "pilot_skill": 0.5161,
        "mission_priority": 0.249,
        "estimated_landing_time": 1698.0,
        "wait_time": 0,
        "Landing_success_rate": 1.0
    },
    {
        "model": 0,
        "sequence": 1,
        "status": 1,
        "fuel": 6782,
        "fault": 0.2471,
        "weapon": 1,
        "pilot_injury": 0.6232,
        "pilot_skill": 0.8016,
        "mission_priority": 0.958,
        "estimated_landing_time": 100.0,
        "wait_time": 0,
        "Landing_success_rate": 1.0
    },
    {
        "model": 1,
        "sequence": 11,
        "status": 1,
        "fuel": 6044,
        "fault": 0.6669,
        "weapon": 0,
        "pilot_injury": 0.2517,
        "pilot_skill": 0.0336,
        "mission_priority": 0.5177,
        "estimated_landing_time": 1040.0,
        "wait_time": 0,
        "Landing_success_rate": 1.0
    },
    {
        "model": 2,
        "sequence": 29,
        "status": 1,
        "fuel": 7130,
        "fault": 0.2155,
        "weapon": 0,
        "pilot_injury": 0.2323,
        "pilot_skill": 0.2809,
        "mission_priority": 0.5243,
        "estimated_landing_time": 2732.0,
        "wait_time": 0,
        "Landing_success_rate": 1.0
    },
    {
        "model": 2,
        "sequence": 19,
        "status": 1,
        "fuel": 7407,
        "fault": 0.6648,
        "weapon": 1,
        "pilot_injury": 0.2771,
        "pilot_skill": 0.8563,
        "mission_priority": 0.4853,
        "estimated_landing_time": 1792.0,
        "wait_time": 0,
        "Landing_success_rate": 1.0
    },
    {
        "model": 1,
        "sequence": 21,
        "status": 1,
        "fuel": 5800,
        "fault": 0.6652,
        "weapon": 1,
        "pilot_injury": 0.3832,
        "pilot_skill": 0.0516,
        "mission_priority": 0.5773,
        "estimated_landing_time": 1980.0,
        "wait_time": 0,
        "Landing_success_rate": 1.0
    },
    {
        "model": 0,
        "sequence": 27,
        "status": 1,
        "fuel": 6157,
        "fault": 0.7039,
        "weapon": 0,
        "pilot_injury": 0.3265,
        "pilot_skill": 0.8347,
        "mission_priority": 0.0576,
        "estimated_landing_time": 2544.0,
        "wait_time": 0,
        "Landing_success_rate": 1.0
    },
    {
        "model": 2,
        "sequence": 3,
        "status": 1,
        "fuel": 7324,
        "fault": 0.889,
        "weapon": 0,
        "pilot_injury": 0.393,
        "pilot_skill": 0.2504,
        "mission_priority": 0.6826,
        "estimated_landing_time": 288.0,
        "wait_time": 0,
        "Landing_success_rate": 1.0
    },
    {
        "model": 0,
        "sequence": 2,
        "status": 1,
        "fuel": 6391,
        "fault": 0.2087,
        "weapon": 1,
        "pilot_injury": 0.5529,
        "pilot_skill": 0.7466,
        "mission_priority": 0.4684,
        "estimated_landing_time": 194.0,
        "wait_time": 0,
        "Landing_success_rate": 1.0
    },
    {
        "model": 0,
        "sequence": 12,
        "status": 1,
        "fuel": 5834,
        "fault": 0.6902,
        "weapon": 1,
        "pilot_injury": 0.3383,
        "pilot_skill": 0.2962,
        "mission_priority": 0.4472,
        "estimated_landing_time": 1134.0,
        "wait_time": 0,
        "Landing_success_rate": 1.0
    },
    {
        "model": 0,
        "sequence": 16,
        "status": 1,
        "fuel": 5650,
        "fault": 0.529,
        "weapon": 0,
        "pilot_injury": 0.1082,
        "pilot_skill": 0.2183,
        "mission_priority": 0.007,
        "estimated_landing_time": 1510.0,
        "wait_time": 0,
        "Landing_success_rate": 1.0
    },
    {
        "model": 1,
        "sequence": 4,
        "status": 1,
        "fuel": 6996,
        "fault": 0.4959,
        "weapon": 1,
        "pilot_injury": 0.4143,
        "pilot_skill": 0.9993,
        "mission_priority": 0.7503,
        "estimated_landing_time": 382.0,
        "wait_time": 0,
        "Landing_success_rate": 1.0
    },
    {
        "model": 2,
        "sequence": 5,
        "status": 1,
        "fuel": 6848,
        "fault": 0.1383,
        "weapon": 0,
        "pilot_injury": 0.6407,
        "pilot_skill": 0.9194,
        "mission_priority": 0.0873,
        "estimated_landing_time": 476.0,
        "wait_time": 0,
        "Landing_success_rate": 1.0
    },
    {
        "model": 1,
        "sequence": 13,
        "status": 1,
        "fuel": 5570,
        "fault": 0.1207,
        "weapon": 0,
        "pilot_injury": 0.6508,
        "pilot_skill": 0.9882,
        "mission_priority": 0.9958,
        "estimated_landing_time": 1228.0,
        "wait_time": 0,
        "Landing_success_rate": 1.0
    },
    {
        "model": 0,
        "sequence": 6,
        "status": 1,
        "fuel": 6171,
        "fault": 0.2788,
        "weapon": 0,
        "pilot_injury": 0.0166,
        "pilot_skill": 0.6535,
        "mission_priority": 0.4539,
        "estimated_landing_time": 570.0,
        "wait_time": 0,
        "Landing_success_rate": 1.0
    },
    {
        "model": 2,
        "sequence": 17,
        "status": 1,
        "fuel": 5696,
        "fault": 0.8745,
        "weapon": 1,
        "pilot_injury": 0.999,
        "pilot_skill": 0.8388,
        "mission_priority": 0.9742,
        "estimated_landing_time": 1604.0,
        "wait_time": 0,
        "Landing_success_rate": 1.0
    },
    {
        "model": 2,
        "sequence": 28,
        "status": 1,
        "fuel": 6326,
        "fault": 0.5976,
        "weapon": 1,
        "pilot_injury": 0.3347,
        "pilot_skill": 0.7299,
        "mission_priority": 0.3915,
        "estimated_landing_time": 2638.0,
        "wait_time": 0,
        "Landing_success_rate": 1.0
    },
    {
        "model": 1,
        "sequence": 24,
        "status": 1,
        "fuel": 6989,
        "fault": 0.6446,
        "weapon": 0,
        "pilot_injury": 0.2052,
        "pilot_skill": 0.2966,
        "mission_priority": 0.9305,
        "estimated_landing_time": 2262.0,
        "wait_time": 0,
        "Landing_success_rate": 1.0
    },
    {
        "model": 2,
        "sequence": 26,
        "status": 1,
        "fuel": 7171,
        "fault": 0.3507,
        "weapon": 0,
        "pilot_injury": 0.1216,
        "pilot_skill": 0.5795,
        "mission_priority": 0.7988,
        "estimated_landing_time": 2450.0,
        "wait_time": 0,
        "Landing_success_rate": 1.0
    },
    {
        "model": 2,
        "sequence": 7,
        "status": 1,
        "fuel": 6355,
        "fault": 0.193,
        "weapon": 0,
        "pilot_injury": 0.2585,
        "pilot_skill": 0.7877,
        "mission_priority": 0.9441,
        "estimated_landing_time": 664.0,
        "wait_time": 0,
        "Landing_success_rate": 1.0
    },
    {
        "model": 1,
        "sequence": 22,
        "status": 1,
        "fuel": 6723,
        "fault": 0.7806,
        "weapon": 1,
        "pilot_injury": 0.6097,
        "pilot_skill": 0.0716,
        "mission_priority": 0.6115,
        "estimated_landing_time": 2074.0,
        "wait_time": 0,
        "Landing_success_rate": 1.0
    },
    {
        "model": 0,
        "sequence": 30,
        "status": 1,
        "fuel": 6931,
        "fault": 0.7523,
        "weapon": 0,
        "pilot_injury": 0.6255,
        "pilot_skill": 0.4467,
        "mission_priority": 0.8273,
        "estimated_landing_time": 2826.0,
        "wait_time": 0,
        "Landing_success_rate": 1.0
    },
    {
        "model": 0,
        "sequence": 10,
        "status": 1,
        "fuel": 6425,
        "fault": 0.2694,
        "weapon": 0,
        "pilot_injury": 0.4639,
        "pilot_skill": 0.9635,
        "mission_priority": 0.8802,
        "estimated_landing_time": 946.0,
        "wait_time": 0,
        "Landing_success_rate": 1.0
    },
    {
        "model": 2,
        "sequence": 20,
        "status": 1,
        "fuel": 7410,
        "fault": 0.7357,
        "weapon": 0,
        "pilot_injury": 0.4833,
        "pilot_skill": 0.6552,
        "mission_priority": 0.9267,
        "estimated_landing_time": 1886.0,
        "wait_time": 0,
        "Landing_success_rate": 1.0
    },
    {
        "model": 0,
        "sequence": 8,
        "status": 1,
        "fuel": 6071,
        "fault": 0.2202,
        "weapon": 0,
        "pilot_injury": 0.6961,
        "pilot_skill": 0.1015,
        "mission_priority": 0.8918,
        "estimated_landing_time": 758.0,
        "wait_time": 0,
        "Landing_success_rate": 1.0
    },
    {
        "model": 0,
        "sequence": 14,
        "status": 1,
        "fuel": 6217,
        "fault": 0.3487,
        "weapon": 0,
        "pilot_injury": 0.8403,
        "pilot_skill": 0.9792,
        "mission_priority": 0.3106,
        "estimated_landing_time": 1322.0,
        "wait_time": 0,
        "Landing_success_rate": 1.0
    },
    {
        "model": 1,
        "sequence": 9,
        "status": 1,
        "fuel": 6636,
        "fault": 0.2383,
        "weapon": 1,
        "pilot_injury": 0.498,
        "pilot_skill": 0.7504,
        "mission_priority": 0.8171,
        "estimated_landing_time": 852.0,
        "wait_time": 0,
        "Landing_success_rate": 1.0
    }
]