[
    {
        "model": 1,
        "sequence": 10,
        "status": 1,
        "fuel": 5786,
        "fault": 0.8377,
        "weapon": 0,
        "pilot_injury": 0.5497,
        "pilot_skill": 0.8362,
        "mission_priority": 0.25,
        "estimated_landing_time": 946.0,
        "wait_time": 0,
        "Landing_success_rate": 1.0
    },
    {
        "model": 2,
        "sequence": 7,
        "status": 1,
        "fuel": 5769,
        "fault": 0.3997,
        "weapon": 0,
        "pilot_injury": 0.7413,
        "pilot_skill": 0.3973,
        "mission_priority": 0.768,
        "estimated_landing_time": 664.0,
        "wait_time": 0,
        "Landing_success_rate": 1.0
    },
    {
        "model": 1,
        "sequence": 3,
        "status": 1,
        "fuel": 7179,
        "fault": 0.0736,
        "weapon": 0,
        "pilot_injury": 0.7447,
        "pilot_skill": 0.2622,
        "mission_priority": 0.1261,
        "estimated_landing_time": 288.0,
        "wait_time": 0,
        "Landing_success_rate": 1.0
    },
    {
        "model": 0,
        "sequence": 12,
        "status": 1,
        "fuel": 6442,
        "fault": 0.1377,
        "weapon": 0,
        "pilot_injury": 0.4206,
        "pilot_skill": 0.1245,
        "mission_priority": 0.8377,
        "estimated_landing_time": 1134.0,
        "wait_time": 0,
        "Landing_success_rate": 1.0
    },
    {
        "model": 2,
        "sequence": 5,
        "status": 1,
        "fuel": 5762,
        "fault": 0.2012,
        "weapon": 1,
        "pilot_injury": 0.5199,
        "pilot_skill": 0.855,
        "mission_priority": 0.929,
        "estimated_landing_time": 476.0,
        "wait_time": 0,
        "Landing_success_rate": 1.0
    },
    {
        "model": 1,
        "sequence": 25,
        "status": 1,
        "fuel": 7032,
        "fault": 0.124,
        "weapon": 0,
        "pilot_injury": 0.1355,
        "pilot_skill": 0.02,
        "mission_priority": 0.0789,
        "estimated_landing_time": 2356.0,
        "wait_time": 0,
        "Landing_success_rate": 1.0
    },
    {
        "model": 1,
        "sequence": 6,
        "status": 1,
        "fuel": 6085,
        "fault": 0.0374,
        "weapon": 1,
        "pilot_injury": 0.1187,
        "pilot_skill": 0.4743,
        "mission_priority": 0.5082,
        "estimated_landing_time": 570.0,
        "wait_time": 0,
        "Landing_success_rate": 1.0
    },
    {
        "model": 0,
        "sequence": 30,
        "status": 1,
        "fuel": 7416,
        "fault": 0.593,
        "weapon": 0,
        "pilot_injury": 0.466,
        "pilot_skill": 0.3243,
        "mission_priority": 0.002,
        "estimated_landing_time": 2826.0,
        "wait_time": 0,
        "Landing_success_rate": 1.0
    },
    {
        "model": 0,
        "sequence": 26,
        "status": 1,
        "fuel": 5547,
        "fault": 0.4415,
        "weapon": 0,
        "pilot_injury": 0.2132,
        "pilot_skill": 0.7346,
        "mission_priority": 0.0716,
        "estimated_landing_time": 2450.0,
        "wait_time": 0,
        "Landing_success_rate": 1.0
    },
    {
        "model": 0,
        "sequence": 21,
        "status": 1,
        "fuel": 5695,
        "fault": 0.5137,
        "weapon": 0,
        "pilot_injury": 0.4416,
        "pilot_skill": 0.1578,
        "mission_priority": 0.0401,
        "estimated_landing_time": 1980.0,
        "wait_time": 0,
        "Landing_success_rate": 1.0
    },
    {
        "model": 0,
        "sequence": 11,
        "status": 1,
        "fuel": 5523,
        "fault": 0.46,
        "weapon": 0,
        "pilot_injury": 0.2848,
        "pilot_skill": 0.2706,
        "mission_priority": 0.5042,
        "estimated_landing_time": 1040.0,
        "wait_time": 0,
        "Landing_success_rate": 1.0
    },
    {
        "model": 0,
        "sequence": 22,
        "status": 1,
        "fuel": 6672,
        "fault": 0.3367,
        "weapon": 0,
        "pilot_injury": 0.3252,
        "pilot_skill": 0.4798,
        "mission_priority": 0.6938,
        "estimated_landing_time": 2074.0,
        "wait_time": 0,
        "Landing_success_rate": 1.0
    },
    {
        "model": 1,
        "sequence": 23,
        "status": 1,
        "fuel": 7297,
        "fault": 0.5945,
        "weapon": 0,
        "pilot_injury": 0.3872,
        "pilot_skill": 0.7747,
        "mission_priority": 0.4806,
        "estimated_landing_time": 2168.0,
        "wait_time": 0,
        "Landing_success_rate": 1.0
    },
    {
        "model": 2,
        "sequence": 9,
        "status": 1,
        "fuel": 7406,
        "fault": 0.3996,
        "weapon": 0,
        "pilot_injury": 0.1329,
        "pilot_skill": 0.1712,
        "mission_priority": 0.4005,
        "estimated_landing_time": 852.0,
        "wait_time": 0,
        "Landing_success_rate": 1.0
    },
    {
        "model": 2,
        "sequence": 28,
        "status": 1,
        "fuel": 6650,
        "fault": 0.1206,
        "weapon": 1,
        "pilot_injury": 0.6237,
        "pilot_skill": 0.6332,
        "mission_priority": 0.1274,
        "estimated_landing_time": 2638.0,
        "wait_time": 0,
        "Landing_success_rate": 1.0
    },
    {
        "model": 1,
        "sequence": 13,
        "status": 1,
        "fuel": 5772,
        "fault": 0.8091,
        "weapon": 0,
        "pilot_injury": 0.3797,
        "pilot_skill": 0.498,
        "mission_priority": 0.8015,
        "estimated_landing_time": 1228.0,
        "wait_time": 0,
        "Landing_success_rate": 1.0
    },
    {
        "model": 0,
        "sequence": 24,
        "status": 1,
        "fuel": 6726,
        "fault": 0.15,
        "weapon": 1,
        "pilot_injury": 0.3171,
        "pilot_skill": 0.6643,
        "mission_priority": 0.3635,
        "estimated_landing_time": 2262.0,
        "wait_time": 0,
        "Landing_success_rate": 1.0
    },
    {
        "model": 0,
        "sequence": 19,
        "status": 1,
        "fuel": 6381,
        "fault": 0.7398,
        "weapon": 0,
        "pilot_injury": 0.672,
        "pilot_skill": 0.7851,
        "mission_priority": 0.9046,
        "estimated_landing_time": 1792.0,
        "wait_time": 0,
        "Landing_success_rate": 1.0
    },
    {
        "model": 1,
        "sequence": 29,
        "status": 1,
        "fuel": 6008,
        "fault": 0.5603,
        "weapon": 0,
        "pilot_injury": 0.6646,
        "pilot_skill": 0.6988,
        "mission_priority": 0.9123,
        "estimated_landing_time": 2732.0,
        "wait_time": 0,
        "Landing_success_rate": 1.0
    },
    {
        "model": 2,
        "sequence": 8,
        "status": 1,
        "fuel": 7446,
        "fault": 0.5415,
        "weapon": 1,
        "pilot_injury": 0.0217,
        "pilot_skill": 0.2628,
        "mission_priority": 0.1931,
        "estimated_landing_time": 758.0,
        "wait_time": 0,
        "Landing_success_rate": 1.0
    },
    {
        "model": 2,
        "sequence": 18,
        "status": 1,
        "fuel": 7455,
        "fault": 0.7908,
        "weapon": 0,
        "pilot_injury": 0.1741,
        "pilot_skill": 0.5705,
        "mission_priority": 0.6942,
        "estimated_landing_time": 1698.0,
        "wait_time": 0,
        "Landing_success_rate": 1.0
    },
    {
        "model": 1,
        "sequence": 1,
        "status": 1,
        "fuel": 6504,
        "fault": 0.6922,
        "weapon": 1,
        "pilot_injury": 0.5578,
        "pilot_skill": 0.3018,
        "mission_priority": 0.4502,
        "estimated_landing_time": 100.0,
        "wait_time": 0,
        "Landing_success_rate": 1.0
    },
    {
        "model": 0,
        "sequence": 15,
        "status": 1,
        "fuel": 6194,
        "fault": 0.9922,
        "weapon": 1,
        "pilot_injury": 0.2933,
        "pilot_skill": 0.257,
        "mission_priority": 0.8115,
        "estimated_landing_time": 1416.0,
        "wait_time": 0,
        "Landing_success_rate": 1.0
    },
    {
        "model": 2,
        "sequence": 27,
        "status": 1,
        "fuel": 6776,
        "fault": 0.976,
        "weapon": 0,
        "pilot_injury": 0.4018,
        "pilot_skill": 0.2257,
        "mission_priority": 0.7627,
        "estimated_landing_time": 2544.0,
        "wait_time": 0,
        "Landing_success_rate": 1.0
    },
    {
        "model": 0,
        "sequence": 2,
        "status": 1,
        "fuel": 6027,
        "fault": 0.855,
        "weapon": 0,
        "pilot_injury": 0.3108,
        "pilot_skill": 0.1718,
        "mission_priority": 0.8448,
        "estimated_landing_time": 194.0,
        "wait_time": 0,
        "Landing_success_rate": 1.0
    },
    {
        "model": 1,
        "sequence": 14,
        "status": 1,
        "fuel": 7432,
        "fault": 0.5385,
        "weapon": 1,
        "pilot_injury": 0.9566,
        "pilot_skill": 0.2808,
        "mission_priority": 0.7305,
        "estimated_landing_time": 1322.0,
        "wait_time": 0,
        "Landing_success_rate": 1.0
    },
    {
        "model": 2,
        "sequence": 4,
        "status": 1,
        "fuel": 6609,
        "fault": 0.6309,
        "weapon": 1,
        "pilot_injury": 0.4843,
        "pilot_skill": 0.1179,
        "mission_priority": 0.8946,
        "estimated_landing_time": 382.0,
        "wait_time": 0,
        "Landing_success_rate": 1.0
    },
    {
        "model": 1,
        "sequence": 20,
        "status": 1,
        "fuel": 5839,
        "fault": 0.3136,
        "weapon": 0,
        "pilot_injury": 0.5328,
        "pilot_skill": 0.3259,
        "mission_priority": 0.7106,
        "estimated_landing_time": 1886.0,
        "wait_time": 0,
        "Landing_success_rate": 1.0
    },
    {
        "model": 0,
        "sequence": 16,
        "status": 1,
        "fuel": 6701,
        "fault": 0.6281,
        "weapon": 0,
        "pilot_injury": 0.2421,
        "pilot_skill": 0.7045,
        "mission_priority": 0.6752,
        "estimated_landing_time": 1510.0,
        "wait_time": 0,
        "Landing_success_rate": 1.0
    },
    {
        "model": 0,
        "sequence": 17,
        "status": 1,
        "fuel": 5847,
        "fault": 0.4143,
        "weapon": 0,
        "pilot_injury": 0.4672,
        "pilot_skill": 0.1244,
        "mission_priority": 0.6211,
        "estimated_landing_time": 1604.0,
        "wait_time": 0,
        "Landing_success_rate": 1.0
    }
]