[
    {
        "model": 0,
        "sequence": 23,
        "status": 1,
        "fuel": 6985,
        "fault": 0.1835,
        "weapon": 1,
        "pilot_injury": 0.944,
        "pilot_skill": 0.9274,
        "mission_priority": 0.6496,
        "estimated_landing_time": 2168.0,
        "wait_time": 0,
        "Landing_success_rate": 1.0
    },
    {
        "model": 0,
        "sequence": 25,
        "status": 1,
        "fuel": 6316,
        "fault": 0.2976,
        "weapon": 0,
        "pilot_injury": 0.9495,
        "pilot_skill": 0.8732,
        "mission_priority": 0.3979,
        "estimated_landing_time": 2356.0,
        "wait_time": 0,
        "Landing_success_rate": 1.0
    },
    {
        "model": 0,
        "sequence": 1,
        "status": 1,
        "fuel": 7067,
        "fault": 0.5924,
        "weapon": 1,
        "pilot_injury": 0.1382,
        "pilot_skill": 0.6363,
        "mission_priority": 0.9195,
        "estimated_landing_time": 100.0,
        "wait_time": 0,
        "Landing_success_rate": 1.0
    },
    {
        "model": 1,
        "sequence": 26,
        "status": 1,
        "fuel": 5715,
        "fault": 0.8722,
        "weapon": 1,
        "pilot_injury": 0.952,
        "pilot_skill": 0.2032,
        "mission_priority": 0.2086,
        "estimated_landing_time": 2450.0,
        "wait_time": 0,
        "Landing_success_rate": 1.0
    },
    {
        "model": 1,
        "sequence": 21,
        "status": 1,
        "fuel": 6656,
        "fault": 0.2745,
        "weapon": 1,
        "pilot_injury": 0.7617,
        "pilot_skill": 0.2759,
        "mission_priority": 0.8691,
        "estimated_landing_time": 1980.0,
        "wait_time": 0,
        "Landing_success_rate": 1.0
    },
    {
        "model": 2,
        "sequence": 13,
        "status": 1,
        "fuel": 6521,
        "fault": 0.2083,
        "weapon": 0,
        "pilot_injury": 0.5324,
        "pilot_skill": 0.7395,
        "mission_priority": 0.6826,
        "estimated_landing_time": 1228.0,
        "wait_time": 0,
        "Landing_success_rate": 1.0
    },
    {
        "model": 0,
        "sequence": 15,
        "status": 1,
        "fuel": 5863,
        "fault": 0.7404,
        "weapon": 1,
        "pilot_injury": 0.612,
        "pilot_skill": 0.5843,
        "mission_priority": 0.814,
        "estimated_landing_time": 1416.0,
        "wait_time": 0,
        "Landing_success_rate": 1.0
    },
    {
        "model": 1,
        "sequence": 3,
        "status": 1,
        "fuel": 6018,
        "fault": 0.3178,
        "weapon": 1,
        "pilot_injury": 0.8489,
        "pilot_skill": 0.9937,
        "mission_priority": 0.1285,
        "estimated_landing_time": 288.0,
        "wait_time": 0,
        "Landing_success_rate": 1.0
    },
    {
        "model": 2,
        "sequence": 9,
        "status": 1,
        "fuel": 6317,
        "fault": 0.5101,
        "weapon": 0,
        "pilot_injury": 0.3495,
        "pilot_skill": 0.4448,
        "mission_priority": 0.3459,
        "estimated_landing_time": 852.0,
        "wait_time": 0,
        "Landing_success_rate": 1.0
    },
    {
        "model": 0,
        "sequence": 8,
        "status": 1,
        "fuel": 7360,
        "fault": 0.0718,
        "weapon": 1,
        "pilot_injury": 0.9083,
        "pilot_skill": 0.3185,
        "mission_priority": 0.1504,
        "estimated_landing_time": 758.0,
        "wait_time": 0,
        "Landing_success_rate": 1.0
    },
    {
        "model": 2,
        "sequence": 17,
        "status": 1,
        "fuel": 7296,
        "fault": 0.6193,
        "weapon": 0,
        "pilot_injury": 0.052,
        "pilot_skill": 0.7991,
        "mission_priority": 0.7374,
        "estimated_landing_time": 1604.0,
        "wait_time": 0,
        "Landing_success_rate": 1.0
    },
    {
        "model": 1,
        "sequence": 20,
        "status": 1,
        "fuel": 6995,
        "fault": 0.5893,
        "weapon": 1,
        "pilot_injury": 0.9266,
        "pilot_skill": 0.7942,
        "mission_priority": 0.2337,
        "estimated_landing_time": 1886.0,
        "wait_time": 0,
        "Landing_success_rate": 1.0
    },
    {
        "model": 0,
        "sequence": 11,
        "status": 1,
        "fuel": 7413,
        "fault": 0.3965,
        "weapon": 1,
        "pilot_injury": 0.1184,
        "pilot_skill": 0.4446,
        "mission_priority": 0.7017,
        "estimated_landing_time": 1040.0,
        "wait_time": 0,
        "Landing_success_rate": 1.0
    },
    {
        "model": 1,
        "sequence": 30,
        "status": 1,
        "fuel": 5781,
        "fault": 0.4962,
        "weapon": 1,
        "pilot_injury": 0.6919,
        "pilot_skill": 0.7832,
        "mission_priority": 0.5104,
        "estimated_landing_time": 2826.0,
        "wait_time": 0,
        "Landing_success_rate": 1.0
    },
    {
        "model": 2,
        "sequence": 29,
        "status": 1,
        "fuel": 5602,
        "fault": 0.2333,
        "weapon": 1,
        "pilot_injury": 0.9708,
        "pilot_skill": 0.393,
        "mission_priority": 0.7719,
        "estimated_landing_time": 2732.0,
        "wait_time": 0,
        "Landing_success_rate": 1.0
    },
    {
        "model": 0,
        "sequence": 7,
        "status": 1,
        "fuel": 6663,
        "fault": 0.2855,
        "weapon": 0,
        "pilot_injury": 0.1527,
        "pilot_skill": 0.8087,
        "mission_priority": 0.1681,
        "estimated_landing_time": 664.0,
        "wait_time": 0,
        "Landing_success_rate": 1.0
    },
    {
        "model": 0,
        "sequence": 18,
        "status": 1,
        "fuel": 5927,
        "fault": 0.438,
        "weapon": 1,
        "pilot_injury": 0.8187,
        "pilot_skill": 0.5029,
        "mission_priority": 0.4124,
        "estimated_landing_time": 1698.0,
        "wait_time": 0,
        "Landing_success_rate": 1.0
    },
    {
        "model": 0,
        "sequence": 14,
        "status": 1,
        "fuel": 6248,
        "fault": 0.4971,
        "weapon": 0,
        "pilot_injury": 0.0881,
        "pilot_skill": 0.8562,
        "mission_priority": 0.7612,
        "estimated_landing_time": 1322.0,
        "wait_time": 0,
        "Landing_success_rate": 1.0
    },
    {
        "model": 2,
        "sequence": 19,
        "status": 1,
        "fuel": 7267,
        "fault": 0.7323,
        "weapon": 0,
        "pilot_injury": 0.8321,
        "pilot_skill": 0.2708,
        "mission_priority": 0.8877,
        "estimated_landing_time": 1792.0,
        "wait_time": 0,
        "Landing_success_rate": 1.0
    },
    {
        "model": 2,
        "sequence": 6,
        "status": 1,
        "fuel": 6103,
        "fault": 0.7772,
        "weapon": 1,
        "pilot_injury": 0.1313,
        "pilot_skill": 0.9759,
        "mission_priority": 0.0497,
        "estimated_landing_time": 570.0,
        "wait_time": 0,
        "Landing_success_rate": 1.0
    },
    {
        "model": 1,
        "sequence": 10,
        "status": 1,
        "fuel": 7444,
        "fault": 0.3701,
        "weapon": 0,
        "pilot_injury": 0.584,
        "pilot_skill": 0.5129,
        "mission_priority": 0.7401,
        "estimated_landing_time": 946.0,
        "wait_time": 0,
        "Landing_success_rate": 1.0
    },
    {
        "model": 2,
        "sequence": 28,
        "status": 1,
        "fuel": 7339,
        "fault": 0.1196,
        "weapon": 1,
        "pilot_injury": 0.615,
        "pilot_skill": 0.2091,
        "mission_priority": 0.6591,
        "estimated_landing_time": 2638.0,
        "wait_time": 0,
        "Landing_success_rate": 1.0
    },
    {
        "model": 2,
        "sequence": 4,
        "status": 1,
        "fuel": 6269,
        "fault": 0.502,
        "weapon": 0,
        "pilot_injury": 0.2593,
        "pilot_skill": 0.4166,
        "mission_priority": 0.2724,
        "estimated_landing_time": 382.0,
        "wait_time": 0,
        "Landing_success_rate": 1.0
    },
    {
        "model": 0,
        "sequence": 24,
        "status": 1,
        "fuel": 7236,
        "fault": 0.4649,
        "weapon": 0,
        "pilot_injury": 0.1512,
        "pilot_skill": 0.5676,
        "mission_priority": 0.9033,
        "estimated_landing_time": 2262.0,
        "wait_time": 0,
        "Landing_success_rate": 1.0
    },
    {
        "model": 2,
        "sequence": 16,
        "status": 1,
        "fuel": 6999,
        "fault": 0.2108,
        "weapon": 0,
        "pilot_injury": 0.917,
        "pilot_skill": 0.1882,
        "mission_priority": 0.7196,
        "estimated_landing_time": 1510.0,
        "wait_time": 0,
        "Landing_success_rate": 1.0
    },
    {
        "model": 0,
        "sequence": 2,
        "status": 1,
        "fuel": 5604,
        "fault": 0.5665,
        "weapon": 0,
        "pilot_injury": 0.7782,
        "pilot_skill": 0.2072,
        "mission_priority": 0.917,
        "estimated_landing_time": 194.0,
        "wait_time": 0,
        "Landing_success_rate": 1.0
    },
    {
        "model": 2,
        "sequence": 5,
        "status": 1,
        "fuel": 6019,
        "fault": 0.7879,
        "weapon": 0,
        "pilot_injury": 0.6968,
        "pilot_skill": 0.4701,
        "mission_priority": 0.7978,
        "estimated_landing_time": 476.0,
        "wait_time": 0,
        "Landing_success_rate": 1.0
    },
    {
        "model": 1,
        "sequence": 22,
        "status": 1,
        "fuel": 5675,
        "fault": 0.7167,
        "weapon": 1,
        "pilot_injury": 0.3311,
        "pilot_skill": 0.3167,
        "mission_priority": 0.1246,
        "estimated_landing_time": 2074.0,
        "wait_time": 0,
        "Landing_success_rate": 1.0
    },
    {
        "model": 0,
        "sequence": 27,
        "status": 1,
        "fuel": 7375,
        "fault": 0.0259,
        "weapon": 1,
        "pilot_injury": 0.5898,
        "pilot_skill": 0.3825,
        "mission_priority": 0.7687,
        "estimated_landing_time": 2544.0,
        "wait_time": 0,
        "Landing_success_rate": 1.0
    },
    {
        "model": 2,
        "sequence": 12,
        "status": 1,
        "fuel": 5750,
        "fault": 0.9301,
        "weapon": 0,
        "pilot_injury": 0.878,
        "pilot_skill": 0.6569,
        "mission_priority": 0.6231,
        "estimated_landing_time": 1134.0,
        "wait_time": 0,
        "Landing_success_rate": 1.0
    }
]