[
    {
        "model": 0,
        "sequence": 11,
        "status": 1,
        "fuel": 5607,
        "fault": 0.5444,
        "weapon": 1,
        "pilot_injury": 0.0487,
        "pilot_skill": 0.882,
        "mission_priority": 0.2401,
        "estimated_landing_time": 1040.0,
        "wait_time": 0,
        "Landing_success_rate": 1.0
    },
    {
        "model": 1,
        "sequence": 21,
        "status": 1,
        "fuel": 7019,
        "fault": 0.1337,
        "weapon": 0,
        "pilot_injury": 0.4871,
        "pilot_skill": 0.4056,
        "mission_priority": 0.9271,
        "estimated_landing_time": 1980.0,
        "wait_time": 0,
        "Landing_success_rate": 1.0
    },
    {
        "model": 1,
        "sequence": 18,
        "status": 1,
        "fuel": 6584,
        "fault": 0.5993,
        "weapon": 0,
        "pilot_injury": 0.792,
        "pilot_skill": 0.2718,
        "mission_priority": 0.4428,
        "estimated_landing_time": 1698.0,
        "wait_time": 0,
        "Landing_success_rate": 1.0
    },
    {
        "model": 0,
        "sequence": 19,
        "status": 1,
        "fuel": 7012,
        "fault": 0.2748,
        "weapon": 0,
        "pilot_injury": 0.6059,
        "pilot_skill": 0.5048,
        "mission_priority": 0.0762,
        "estimated_landing_time": 1792.0,
        "wait_time": 0,
        "Landing_success_rate": 1.0
    },
    {
        "model": 2,
        "sequence": 10,
        "status": 1,
        "fuel": 5628,
        "fault": 0.2991,
        "weapon": 0,
        "pilot_injury": 0.5145,
        "pilot_skill": 0.7446,
        "mission_priority": 0.6402,
        "estimated_landing_time": 946.0,
        "wait_time": 0,
        "Landing_success_rate": 1.0
    },
    {
        "model": 2,
        "sequence": 24,
        "status": 1,
        "fuel": 6779,
        "fault": 0.9596,
        "weapon": 1,
        "pilot_injury": 0.1995,
        "pilot_skill": 0.1511,
        "mission_priority": 0.2204,
        "estimated_landing_time": 2262.0,
        "wait_time": 0,
        "Landing_success_rate": 1.0
    },
    {
        "model": 0,
        "sequence": 23,
        "status": 1,
        "fuel": 6720,
        "fault": 0.1912,
        "weapon": 1,
        "pilot_injury": 0.9081,
        "pilot_skill": 0.5065,
        "mission_priority": 0.0011,
        "estimated_landing_time": 2168.0,
        "wait_time": 0,
        "Landing_success_rate": 1.0
    },
    {
        "model": 1,
        "sequence": 20,
        "status": 1,
        "fuel": 7185,
        "fault": 0.0663,
        "weapon": 1,
        "pilot_injury": 0.7807,
        "pilot_skill": 0.2017,
        "mission_priority": 0.1016,
        "estimated_landing_time": 1886.0,
        "wait_time": 0,
        "Landing_success_rate": 1.0
    },
    {
        "model": 1,
        "sequence": 3,
        "status": 1,
        "fuel": 5805,
        "fault": 0.4781,
        "weapon": 1,
        "pilot_injury": 0.5024,
        "pilot_skill": 0.3395,
        "mission_priority": 0.8966,
        "estimated_landing_time": 288.0,
        "wait_time": 0,
        "Landing_success_rate": 1.0
    },
    {
        "model": 0,
        "sequence": 29,
        "status": 1,
        "fuel": 6094,
        "fault": 0.9342,
        "weapon": 1,
        "pilot_injury": 0.8631,
        "pilot_skill": 0.7267,
        "mission_priority": 0.8089,
        "estimated_landing_time": 2732.0,
        "wait_time": 0,
        "Landing_success_rate": 1.0
    },
    {
        "model": 2,
        "sequence": 17,
        "status": 1,
        "fuel": 5712,
        "fault": 0.6069,
        "weapon": 0,
        "pilot_injury": 0.2025,
        "pilot_skill": 0.5565,
        "mission_priority": 0.5326,
        "estimated_landing_time": 1604.0,
        "wait_time": 0,
        "Landing_success_rate": 1.0
    },
    {
        "model": 2,
        "sequence": 25,
        "status": 1,
        "fuel": 5653,
        "fault": 0.6845,
        "weapon": 0,
        "pilot_injury": 0.425,
        "pilot_skill": 0.5279,
        "mission_priority": 0.4641,
        "estimated_landing_time": 2356.0,
        "wait_time": 0,
        "Landing_success_rate": 1.0
    },
    {
        "model": 2,
        "sequence": 15,
        "status": 1,
        "fuel": 7232,
        "fault": 0.6809,
        "weapon": 1,
        "pilot_injury": 0.1536,
        "pilot_skill": 0.596,
        "mission_priority": 0.4289,
        "estimated_landing_time": 1416.0,
        "wait_time": 0,
        "Landing_success_rate": 1.0
    },
    {
        "model": 2,
        "sequence": 16,
        "status": 1,
        "fuel": 6294,
        "fault": 0.5891,
        "weapon": 0,
        "pilot_injury": 0.803,
        "pilot_skill": 0.2101,
        "mission_priority": 0.7228,
        "estimated_landing_time": 1510.0,
        "wait_time": 0,
        "Landing_success_rate": 1.0
    },
    {
        "model": 2,
        "sequence": 1,
        "status": 1,
        "fuel": 7300,
        "fault": 0.1583,
        "weapon": 0,
        "pilot_injury": 0.9627,
        "pilot_skill": 0.1559,
        "mission_priority": 0.7862,
        "estimated_landing_time": 100.0,
        "wait_time": 0,
        "Landing_success_rate": 1.0
    },
    {
        "model": 2,
        "sequence": 6,
        "status": 1,
        "fuel": 7026,
        "fault": 0.9318,
        "weapon": 0,
        "pilot_injury": 0.4521,
        "pilot_skill": 0.5353,
        "mission_priority": 0.7639,
        "estimated_landing_time": 570.0,
        "wait_time": 0,
        "Landing_success_rate": 1.0
    },
    {
        "model": 2,
        "sequence": 14,
        "status": 1,
        "fuel": 6512,
        "fault": 0.6015,
        "weapon": 1,
        "pilot_injury": 0.07,
        "pilot_skill": 0.6146,
        "mission_priority": 0.7993,
        "estimated_landing_time": 1322.0,
        "wait_time": 0,
        "Landing_success_rate": 1.0
    },
    {
        "model": 0,
        "sequence": 30,
        "status": 1,
        "fuel": 6624,
        "fault": 0.4036,
        "weapon": 1,
        "pilot_injury": 0.7658,
        "pilot_skill": 0.1499,
        "mission_priority": 0.7434,
        "estimated_landing_time": 2826.0,
        "wait_time": 0,
        "Landing_success_rate": 1.0
    },
    {
        "model": 1,
        "sequence": 9,
        "status": 1,
        "fuel": 5556,
        "fault": 0.3949,
        "weapon": 0,
        "pilot_injury": 0.6346,
        "pilot_skill": 0.3205,
        "mission_priority": 0.4106,
        "estimated_landing_time": 852.0,
        "wait_time": 0,
        "Landing_success_rate": 1.0
    },
    {
        "model": 2,
        "sequence": 4,
        "status": 1,
        "fuel": 7112,
        "fault": 0.501,
        "weapon": 0,
        "pilot_injury": 0.399,
        "pilot_skill": 0.4658,
        "mission_priority": 0.8484,
        "estimated_landing_time": 382.0,
        "wait_time": 0,
        "Landing_success_rate": 1.0
    },
    {
        "model": 1,
        "sequence": 13,
        "status": 1,
        "fuel": 5777,
        "fault": 0.9333,
        "weapon": 0,
        "pilot_injury": 0.2471,
        "pilot_skill": 0.5338,
        "mission_priority": 0.369,
        "estimated_landing_time": 1228.0,
        "wait_time": 0,
        "Landing_success_rate": 1.0
    },
    {
        "model": 0,
        "sequence": 12,
        "status": 1,
        "fuel": 6598,
        "fault": 0.9559,
        "weapon": 0,
        "pilot_injury": 0.5713,
        "pilot_skill": 0.5278,
        "mission_priority": 0.4544,
        "estimated_landing_time": 1134.0,
        "wait_time": 0,
        "Landing_success_rate": 1.0
    },
    {
        "model": 0,
        "sequence": 7,
        "status": 1,
        "fuel": 6443,
        "fault": 0.7293,
        "weapon": 1,
        "pilot_injury": 0.434,
        "pilot_skill": 0.2112,
        "mission_priority": 0.3323,
        "estimated_landing_time": 664.0,
        "wait_time": 0,
        "Landing_success_rate": 1.0
    },
    {
        "model": 1,
        "sequence": 22,
        "status": 1,
        "fuel": 6296,
        "fault": 0.7337,
        "weapon": 1,
        "pilot_injury": 0.7076,
        "pilot_skill": 0.2767,
        "mission_priority": 0.9836,
        "estimated_landing_time": 2074.0,
        "wait_time": 0,
        "Landing_success_rate": 1.0
    },
    {
        "model": 0,
        "sequence": 26,
        "status": 1,
        "fuel": 7047,
        "fault": 0.3911,
        "weapon": 0,
        "pilot_injury": 0.2926,
        "pilot_skill": 0.4132,
        "mission_priority": 0.6647,
        "estimated_landing_time": 2450.0,
        "wait_time": 0,
        "Landing_success_rate": 1.0
    },
    {
        "model": 0,
        "sequence": 5,
        "status": 1,
        "fuel": 6844,
        "fault": 0.9726,
        "weapon": 1,
        "pilot_injury": 0.7942,
        "pilot_skill": 0.7077,
        "mission_priority": 0.9142,
        "estimated_landing_time": 476.0,
        "wait_time": 0,
        "Landing_success_rate": 1.0
    },
    {
        "model": 0,
        "sequence": 27,
        "status": 1,
        "fuel": 6350,
        "fault": 0.9969,
        "weapon": 1,
        "pilot_injury": 0.9999,
        "pilot_skill": 0.2834,
        "mission_priority": 0.0429,
        "estimated_landing_time": 2544.0,
        "wait_time": 0,
        "Landing_success_rate": 1.0
    },
    {
        "model": 1,
        "sequence": 8,
        "status": 1,
        "fuel": 5976,
        "fault": 0.7264,
        "weapon": 0,
        "pilot_injury": 0.5881,
        "pilot_skill": 0.2067,
        "mission_priority": 0.1862,
        "estimated_landing_time": 758.0,
        "wait_time": 0,
        "Landing_success_rate": 1.0
    },
    {
        "model": 2,
        "sequence": 2,
        "status": 1,
        "fuel": 6148,
        "fault": 0.712,
        "weapon": 1,
        "pilot_injury": 0.0024,
        "pilot_skill": 0.6168,
        "mission_priority": 0.3253,
        "estimated_landing_time": 194.0,
        "wait_time": 0,
        "Landing_success_rate": 1.0
    },
    {
        "model": 1,
        "sequence": 28,
        "status": 1,
        "fuel": 6749,
        "fault": 0.2403,
        "weapon": 1,
        "pilot_injury": 0.9356,
        "pilot_skill": 0.2549,
        "mission_priority": 0.2511,
        "estimated_landing_time": 2638.0,
        "wait_time": 0,
        "Landing_success_rate": 1.0
    }
]