[
    {
        "model": 1,
        "sequence": 20,
        "status": 1,
        "fuel": 7084,
        "fault": 0.3193,
        "weapon": 1,
        "pilot_injury": 0.2785,
        "pilot_skill": 0.0826,
        "mission_priority": 0.732,
        "estimated_landing_time": 1886.0,
        "wait_time": 0,
        "Landing_success_rate": 1.0
    },
    {
        "model": 1,
        "sequence": 3,
        "status": 1,
        "fuel": 5967,
        "fault": 0.5912,
        "weapon": 0,
        "pilot_injury": 0.6905,
        "pilot_skill": 0.4419,
        "mission_priority": 0.2045,
        "estimated_landing_time": 288.0,
        "wait_time": 0,
        "Landing_success_rate": 1.0
    },
    {
        "model": 2,
        "sequence": 13,
        "status": 1,
        "fuel": 7410,
        "fault": 0.8865,
        "weapon": 1,
        "pilot_injury": 0.9853,
        "pilot_skill": 0.468,
        "mission_priority": 0.0367,
        "estimated_landing_time": 1228.0,
        "wait_time": 0,
        "Landing_success_rate": 1.0
    },
    {
        "model": 2,
        "sequence": 18,
        "status": 1,
        "fuel": 6022,
        "fault": 0.1287,
        "weapon": 0,
        "pilot_injury": 0.9476,
        "pilot_skill": 0.1748,
        "mission_priority": 0.9254,
        "estimated_landing_time": 1698.0,
        "wait_time": 0,
        "Landing_success_rate": 1.0
    },
    {
        "model": 1,
        "sequence": 14,
        "status": 1,
        "fuel": 7166,
        "fault": 0.9232,
        "weapon": 1,
        "pilot_injury": 0.0873,
        "pilot_skill": 0.5584,
        "mission_priority": 0.3543,
        "estimated_landing_time": 1322.0,
        "wait_time": 0,
        "Landing_success_rate": 1.0
    },
    {
        "model": 1,
        "sequence": 22,
        "status": 1,
        "fuel": 5720,
        "fault": 0.2995,
        "weapon": 0,
        "pilot_injury": 0.4513,
        "pilot_skill": 0.5737,
        "mission_priority": 0.0353,
        "estimated_landing_time": 2074.0,
        "wait_time": 0,
        "Landing_success_rate": 1.0
    },
    {
        "model": 1,
        "sequence": 26,
        "status": 1,
        "fuel": 7365,
        "fault": 0.3069,
        "weapon": 1,
        "pilot_injury": 0.5292,
        "pilot_skill": 0.1248,
        "mission_priority": 0.3358,
        "estimated_landing_time": 2450.0,
        "wait_time": 0,
        "Landing_success_rate": 1.0
    },
    {
        "model": 2,
        "sequence": 16,
        "status": 1,
        "fuel": 6232,
        "fault": 0.8512,
        "weapon": 0,
        "pilot_injury": 0.158,
        "pilot_skill": 0.4147,
        "mission_priority": 0.5195,
        "estimated_landing_time": 1510.0,
        "wait_time": 0,
        "Landing_success_rate": 1.0
    },
    {
        "model": 0,
        "sequence": 21,
        "status": 1,
        "fuel": 6128,
        "fault": 0.1048,
        "weapon": 0,
        "pilot_injury": 0.2317,
        "pilot_skill": 0.9202,
        "mission_priority": 0.2685,
        "estimated_landing_time": 1980.0,
        "wait_time": 0,
        "Landing_success_rate": 1.0
    },
    {
        "model": 1,
        "sequence": 7,
        "status": 1,
        "fuel": 6078,
        "fault": 0.3488,
        "weapon": 0,
        "pilot_injury": 0.6853,
        "pilot_skill": 0.9018,
        "mission_priority": 0.8478,
        "estimated_landing_time": 664.0,
        "wait_time": 0,
        "Landing_success_rate": 1.0
    },
    {
        "model": 2,
        "sequence": 5,
        "status": 1,
        "fuel": 7243,
        "fault": 0.7764,
        "weapon": 1,
        "pilot_injury": 0.1387,
        "pilot_skill": 0.3164,
        "mission_priority": 0.5231,
        "estimated_landing_time": 476.0,
        "wait_time": 0,
        "Landing_success_rate": 1.0
    },
    {
        "model": 2,
        "sequence": 25,
        "status": 1,
        "fuel": 7086,
        "fault": 0.0907,
        "weapon": 0,
        "pilot_injury": 0.875,
        "pilot_skill": 0.9417,
        "mission_priority": 0.7485,
        "estimated_landing_time": 2356.0,
        "wait_time": 0,
        "Landing_success_rate": 1.0
    },
    {
        "model": 1,
        "sequence": 27,
        "status": 1,
        "fuel": 6195,
        "fault": 0.5171,
        "weapon": 0,
        "pilot_injury": 0.2752,
        "pilot_skill": 0.5066,
        "mission_priority": 0.048,
        "estimated_landing_time": 2544.0,
        "wait_time": 0,
        "Landing_success_rate": 1.0
    },
    {
        "model": 2,
        "sequence": 11,
        "status": 1,
        "fuel": 6468,
        "fault": 0.1368,
        "weapon": 0,
        "pilot_injury": 0.8534,
        "pilot_skill": 0.3761,
        "mission_priority": 0.2395,
        "estimated_landing_time": 1040.0,
        "wait_time": 0,
        "Landing_success_rate": 1.0
    },
    {
        "model": 2,
        "sequence": 4,
        "status": 1,
        "fuel": 7473,
        "fault": 0.8646,
        "weapon": 1,
        "pilot_injury": 0.7748,
        "pilot_skill": 0.1258,
        "mission_priority": 0.3203,
        "estimated_landing_time": 382.0,
        "wait_time": 0,
        "Landing_success_rate": 1.0
    },
    {
        "model": 0,
        "sequence": 28,
        "status": 1,
        "fuel": 6536,
        "fault": 0.464,
        "weapon": 1,
        "pilot_injury": 0.6366,
        "pilot_skill": 0.236,
        "mission_priority": 0.5427,
        "estimated_landing_time": 2638.0,
        "wait_time": 0,
        "Landing_success_rate": 1.0
    },
    {
        "model": 0,
        "sequence": 19,
        "status": 1,
        "fuel": 5604,
        "fault": 0.6295,
        "weapon": 1,
        "pilot_injury": 0.8006,
        "pilot_skill": 0.7748,
        "mission_priority": 0.1371,
        "estimated_landing_time": 1792.0,
        "wait_time": 0,
        "Landing_success_rate": 1.0
    },
    {
        "model": 0,
        "sequence": 8,
        "status": 1,
        "fuel": 6121,
        "fault": 0.751,
        "weapon": 0,
        "pilot_injury": 0.1041,
        "pilot_skill": 0.6976,
        "mission_priority": 0.47,
        "estimated_landing_time": 758.0,
        "wait_time": 0,
        "Landing_success_rate": 1.0
    },
    {
        "model": 2,
        "sequence": 24,
        "status": 1,
        "fuel": 5762,
        "fault": 0.5602,
        "weapon": 0,
        "pilot_injury": 0.1679,
        "pilot_skill": 0.9994,
        "mission_priority": 0.5445,
        "estimated_landing_time": 2262.0,
        "wait_time": 0,
        "Landing_success_rate": 1.0
    },
    {
        "model": 1,
        "sequence": 2,
        "status": 1,
        "fuel": 6430,
        "fault": 0.662,
        "weapon": 0,
        "pilot_injury": 0.6059,
        "pilot_skill": 0.664,
        "mission_priority": 0.3455,
        "estimated_landing_time": 194.0,
        "wait_time": 0,
        "Landing_success_rate": 1.0
    },
    {
        "model": 1,
        "sequence": 1,
        "status": 1,
        "fuel": 5552,
        "fault": 0.0903,
        "weapon": 0,
        "pilot_injury": 0.772,
        "pilot_skill": 0.7374,
        "mission_priority": 0.8109,
        "estimated_landing_time": 100.0,
        "wait_time": 0,
        "Landing_success_rate": 1.0
    },
    {
        "model": 0,
        "sequence": 23,
        "status": 1,
        "fuel": 7295,
        "fault": 0.6531,
        "weapon": 0,
        "pilot_injury": 0.1911,
        "pilot_skill": 0.3886,
        "mission_priority": 0.2342,
        "estimated_landing_time": 2168.0,
        "wait_time": 0,
        "Landing_success_rate": 1.0
    },
    {
        "model": 1,
        "sequence": 6,
        "status": 1,
        "fuel": 7014,
        "fault": 0.4538,
        "weapon": 0,
        "pilot_injury": 0.7381,
        "pilot_skill": 0.2665,
        "mission_priority": 0.3976,
        "estimated_landing_time": 570.0,
        "wait_time": 0,
        "Landing_success_rate": 1.0
    },
    {
        "model": 2,
        "sequence": 10,
        "status": 1,
        "fuel": 6987,
        "fault": 0.7672,
        "weapon": 1,
        "pilot_injury": 0.4251,
        "pilot_skill": 0.7279,
        "mission_priority": 0.8608,
        "estimated_landing_time": 946.0,
        "wait_time": 0,
        "Landing_success_rate": 1.0
    },
    {
        "model": 0,
        "sequence": 29,
        "status": 1,
        "fuel": 5652,
        "fault": 0.1359,
        "weapon": 0,
        "pilot_injury": 0.2614,
        "pilot_skill": 0.4455,
        "mission_priority": 0.6496,
        "estimated_landing_time": 2732.0,
        "wait_time": 0,
        "Landing_success_rate": 1.0
    },
    {
        "model": 0,
        "sequence": 17,
        "status": 1,
        "fuel": 6413,
        "fault": 0.1109,
        "weapon": 1,
        "pilot_injury": 0.0185,
        "pilot_skill": 0.9921,
        "mission_priority": 0.9292,
        "estimated_landing_time": 1604.0,
        "wait_time": 0,
        "Landing_success_rate": 1.0
    },
    {
        "model": 2,
        "sequence": 15,
        "status": 1,
        "fuel": 6516,
        "fault": 0.9871,
        "weapon": 1,
        "pilot_injury": 0.6177,
        "pilot_skill": 0.7214,
        "mission_priority": 0.4753,
        "estimated_landing_time": 1416.0,
        "wait_time": 0,
        "Landing_success_rate": 1.0
    },
    {
        "model": 2,
        "sequence": 9,
        "status": 1,
        "fuel": 5557,
        "fault": 0.9964,
        "weapon": 0,
        "pilot_injury": 0.6358,
        "pilot_skill": 0.1483,
        "mission_priority": 0.7995,
        "estimated_landing_time": 852.0,
        "wait_time": 0,
        "Landing_success_rate": 1.0
    },
    {
        "model": 0,
        "sequence": 12,
        "status": 1,
        "fuel": 5880,
        "fault": 0.6701,
        "weapon": 0,
        "pilot_injury": 0.4625,
        "pilot_skill": 0.3934,
        "mission_priority": 0.4625,
        "estimated_landing_time": 1134.0,
        "wait_time": 0,
        "Landing_success_rate": 1.0
    },
    {
        "model": 0,
        "sequence": 30,
        "status": 1,
        "fuel": 7466,
        "fault": 0.8648,
        "weapon": 1,
        "pilot_injury": 0.2772,
        "pilot_skill": 0.4696,
        "mission_priority": 0.0995,
        "estimated_landing_time": 2826.0,
        "wait_time": 0,
        "Landing_success_rate": 1.0
    }
]