[
    {
        "model": 0,
        "sequence": 8,
        "status": 1,
        "fuel": 6282,
        "fault": 0.6538,
        "weapon": 1,
        "pilot_injury": 0.8107,
        "pilot_skill": 0.9472,
        "mission_priority": 0.1359,
        "estimated_landing_time": 758.0,
        "wait_time": 0,
        "Landing_success_rate": 1.0
    },
    {
        "model": 0,
        "sequence": 1,
        "status": 1,
        "fuel": 7039,
        "fault": 0.5459,
        "weapon": 0,
        "pilot_injury": 0.0601,
        "pilot_skill": 0.3255,
        "mission_priority": 0.1437,
        "estimated_landing_time": 100.0,
        "wait_time": 0,
        "Landing_success_rate": 1.0
    },
    {
        "model": 0,
        "sequence": 9,
        "status": 1,
        "fuel": 6679,
        "fault": 0.1484,
        "weapon": 0,
        "pilot_injury": 0.1438,
        "pilot_skill": 0.0092,
        "mission_priority": 0.8082,
        "estimated_landing_time": 852.0,
        "wait_time": 0,
        "Landing_success_rate": 1.0
    },
    {
        "model": 0,
        "sequence": 7,
        "status": 1,
        "fuel": 6406,
        "fault": 0.8817,
        "weapon": 0,
        "pilot_injury": 0.3369,
        "pilot_skill": 0.5855,
        "mission_priority": 0.3157,
        "estimated_landing_time": 664.0,
        "wait_time": 0,
        "Landing_success_rate": 1.0
    },
    {
        "model": 0,
        "sequence": 14,
        "status": 1,
        "fuel": 6481,
        "fault": 0.3094,
        "weapon": 0,
        "pilot_injury": 0.1881,
        "pilot_skill": 0.428,
        "mission_priority": 0.6583,
        "estimated_landing_time": 1322.0,
        "wait_time": 0,
        "Landing_success_rate": 1.0
    },
    {
        "model": 1,
        "sequence": 11,
        "status": 1,
        "fuel": 6407,
        "fault": 0.0119,
        "weapon": 1,
        "pilot_injury": 0.5189,
        "pilot_skill": 0.6058,
        "mission_priority": 0.9629,
        "estimated_landing_time": 1040.0,
        "wait_time": 0,
        "Landing_success_rate": 1.0
    },
    {
        "model": 0,
        "sequence": 17,
        "status": 1,
        "fuel": 7271,
        "fault": 0.9135,
        "weapon": 1,
        "pilot_injury": 0.5734,
        "pilot_skill": 0.9279,
        "mission_priority": 0.8284,
        "estimated_landing_time": 1604.0,
        "wait_time": 0,
        "Landing_success_rate": 1.0
    },
    {
        "model": 2,
        "sequence": 18,
        "status": 1,
        "fuel": 6523,
        "fault": 0.7844,
        "weapon": 0,
        "pilot_injury": 0.2626,
        "pilot_skill": 0.5044,
        "mission_priority": 0.744,
        "estimated_landing_time": 1698.0,
        "wait_time": 0,
        "Landing_success_rate": 1.0
    },
    {
        "model": 0,
        "sequence": 5,
        "status": 1,
        "fuel": 5834,
        "fault": 0.6741,
        "weapon": 0,
        "pilot_injury": 0.7236,
        "pilot_skill": 0.806,
        "mission_priority": 0.2895,
        "estimated_landing_time": 476.0,
        "wait_time": 0,
        "Landing_success_rate": 1.0
    },
    {
        "model": 1,
        "sequence": 12,
        "status": 1,
        "fuel": 6773,
        "fault": 0.8329,
        "weapon": 0,
        "pilot_injury": 0.8891,
        "pilot_skill": 0.8452,
        "mission_priority": 0.5254,
        "estimated_landing_time": 1134.0,
        "wait_time": 0,
        "Landing_success_rate": 1.0
    },
    {
        "model": 0,
        "sequence": 6,
        "status": 1,
        "fuel": 6008,
        "fault": 0.2585,
        "weapon": 1,
        "pilot_injury": 0.4957,
        "pilot_skill": 0.3133,
        "mission_priority": 0.7537,
        "estimated_landing_time": 570.0,
        "wait_time": 0,
        "Landing_success_rate": 1.0
    },
    {
        "model": 2,
        "sequence": 15,
        "status": 1,
        "fuel": 6298,
        "fault": 0.7267,
        "weapon": 1,
        "pilot_injury": 0.8657,
        "pilot_skill": 0.7244,
        "mission_priority": 0.4038,
        "estimated_landing_time": 1416.0,
        "wait_time": 0,
        "Landing_success_rate": 1.0
    },
    {
        "model": 2,
        "sequence": 3,
        "status": 1,
        "fuel": 7279,
        "fault": 0.2137,
        "weapon": 1,
        "pilot_injury": 0.2841,
        "pilot_skill": 0.1761,
        "mission_priority": 0.7433,
        "estimated_landing_time": 288.0,
        "wait_time": 0,
        "Landing_success_rate": 1.0
    },
    {
        "model": 1,
        "sequence": 2,
        "status": 1,
        "fuel": 7291,
        "fault": 0.5102,
        "weapon": 1,
        "pilot_injury": 0.3859,
        "pilot_skill": 0.9821,
        "mission_priority": 0.3911,
        "estimated_landing_time": 194.0,
        "wait_time": 0,
        "Landing_success_rate": 1.0
    },
    {
        "model": 1,
        "sequence": 13,
        "status": 1,
        "fuel": 6388,
        "fault": 0.1208,
        "weapon": 0,
        "pilot_injury": 0.5908,
        "pilot_skill": 0.5994,
        "mission_priority": 0.4188,
        "estimated_landing_time": 1228.0,
        "wait_time": 0,
        "Landing_success_rate": 1.0
    },
    {
        "model": 1,
        "sequence": 10,
        "status": 1,
        "fuel": 7289,
        "fault": 0.2333,
        "weapon": 0,
        "pilot_injury": 0.5165,
        "pilot_skill": 0.5047,
        "mission_priority": 0.1495,
        "estimated_landing_time": 946.0,
        "wait_time": 0,
        "Landing_success_rate": 1.0
    },
    {
        "model": 1,
        "sequence": 16,
        "status": 1,
        "fuel": 7486,
        "fault": 0.4807,
        "weapon": 0,
        "pilot_injury": 0.101,
        "pilot_skill": 0.6097,
        "mission_priority": 0.1965,
        "estimated_landing_time": 1510.0,
        "wait_time": 0,
        "Landing_success_rate": 1.0
    },
    {
        "model": 0,
        "sequence": 4,
        "status": 1,
        "fuel": 6001,
        "fault": 0.7773,
        "weapon": 1,
        "pilot_injury": 0.9578,
        "pilot_skill": 0.8546,
        "mission_priority": 0.2305,
        "estimated_landing_time": 382.0,
        "wait_time": 0,
        "Landing_success_rate": 1.0
    }
]