[
    {
        "model": 2,
        "sequence": 15,
        "status": 1,
        "fuel": 5843,
        "fault": 0.9053,
        "weapon": 1,
        "pilot_injury": 0.4092,
        "pilot_skill": 0.7482,
        "mission_priority": 0.1135,
        "estimated_landing_time": 1416.0,
        "wait_time": 0,
        "Landing_success_rate": 1.0
    },
    {
        "model": 2,
        "sequence": 14,
        "status": 1,
        "fuel": 6319,
        "fault": 0.8162,
        "weapon": 1,
        "pilot_injury": 0.763,
        "pilot_skill": 0.3862,
        "mission_priority": 0.9544,
        "estimated_landing_time": 1322.0,
        "wait_time": 0,
        "Landing_success_rate": 1.0
    },
    {
        "model": 0,
        "sequence": 8,
        "status": 1,
        "fuel": 7191,
        "fault": 0.6044,
        "weapon": 0,
        "pilot_injury": 0.4279,
        "pilot_skill": 0.1975,
        "mission_priority": 0.6267,
        "estimated_landing_time": 758.0,
        "wait_time": 0,
        "Landing_success_rate": 1.0
    },
    {
        "model": 1,
        "sequence": 2,
        "status": 1,
        "fuel": 6317,
        "fault": 0.4996,
        "weapon": 1,
        "pilot_injury": 0.7865,
        "pilot_skill": 0.0181,
        "mission_priority": 0.4827,
        "estimated_landing_time": 194.0,
        "wait_time": 0,
        "Landing_success_rate": 1.0
    },
    {
        "model": 1,
        "sequence": 13,
        "status": 1,
        "fuel": 6335,
        "fault": 0.2805,
        "weapon": 0,
        "pilot_injury": 0.3128,
        "pilot_skill": 0.8268,
        "mission_priority": 0.595,
        "estimated_landing_time": 1228.0,
        "wait_time": 0,
        "Landing_success_rate": 1.0
    },
    {
        "model": 1,
        "sequence": 11,
        "status": 1,
        "fuel": 5611,
        "fault": 0.29,
        "weapon": 0,
        "pilot_injury": 0.6792,
        "pilot_skill": 0.985,
        "mission_priority": 0.0288,
        "estimated_landing_time": 1040.0,
        "wait_time": 0,
        "Landing_success_rate": 1.0
    },
    {
        "model": 2,
        "sequence": 5,
        "status": 1,
        "fuel": 7482,
        "fault": 0.0002,
        "weapon": 0,
        "pilot_injury": 0.2623,
        "pilot_skill": 0.8389,
        "mission_priority": 0.0323,
        "estimated_landing_time": 476.0,
        "wait_time": 0,
        "Landing_success_rate": 1.0
    },
    {
        "model": 1,
        "sequence": 9,
        "status": 1,
        "fuel": 6877,
        "fault": 0.7784,
        "weapon": 1,
        "pilot_injury": 0.5612,
        "pilot_skill": 0.4753,
        "mission_priority": 0.7906,
        "estimated_landing_time": 852.0,
        "wait_time": 0,
        "Landing_success_rate": 1.0
    },
    {
        "model": 2,
        "sequence": 12,
        "status": 1,
        "fuel": 5841,
        "fault": 0.0635,
        "weapon": 1,
        "pilot_injury": 0.6157,
        "pilot_skill": 0.691,
        "mission_priority": 0.4041,
        "estimated_landing_time": 1134.0,
        "wait_time": 0,
        "Landing_success_rate": 1.0
    },
    {
        "model": 1,
        "sequence": 17,
        "status": 1,
        "fuel": 6731,
        "fault": 0.1203,
        "weapon": 1,
        "pilot_injury": 0.4028,
        "pilot_skill": 0.0362,
        "mission_priority": 0.5511,
        "estimated_landing_time": 1604.0,
        "wait_time": 0,
        "Landing_success_rate": 1.0
    },
    {
        "model": 0,
        "sequence": 10,
        "status": 1,
        "fuel": 6400,
        "fault": 0.0222,
        "weapon": 0,
        "pilot_injury": 0.3054,
        "pilot_skill": 0.7813,
        "mission_priority": 0.3659,
        "estimated_landing_time": 946.0,
        "wait_time": 0,
        "Landing_success_rate": 1.0
    },
    {
        "model": 0,
        "sequence": 6,
        "status": 1,
        "fuel": 5686,
        "fault": 0.5342,
        "weapon": 0,
        "pilot_injury": 0.1968,
        "pilot_skill": 0.8957,
        "mission_priority": 0.1056,
        "estimated_landing_time": 570.0,
        "wait_time": 0,
        "Landing_success_rate": 1.0
    },
    {
        "model": 2,
        "sequence": 7,
        "status": 1,
        "fuel": 6190,
        "fault": 0.1813,
        "weapon": 1,
        "pilot_injury": 0.8699,
        "pilot_skill": 0.1262,
        "mission_priority": 0.6779,
        "estimated_landing_time": 664.0,
        "wait_time": 0,
        "Landing_success_rate": 1.0
    },
    {
        "model": 2,
        "sequence": 1,
        "status": 1,
        "fuel": 6582,
        "fault": 0.9628,
        "weapon": 1,
        "pilot_injury": 0.4914,
        "pilot_skill": 0.722,
        "mission_priority": 0.9377,
        "estimated_landing_time": 100.0,
        "wait_time": 0,
        "Landing_success_rate": 1.0
    },
    {
        "model": 0,
        "sequence": 3,
        "status": 1,
        "fuel": 6745,
        "fault": 0.3632,
        "weapon": 0,
        "pilot_injury": 0.8057,
        "pilot_skill": 0.1082,
        "mission_priority": 0.9867,
        "estimated_landing_time": 288.0,
        "wait_time": 0,
        "Landing_success_rate": 1.0
    },
    {
        "model": 0,
        "sequence": 18,
        "status": 1,
        "fuel": 6332,
        "fault": 0.816,
        "weapon": 1,
        "pilot_injury": 0.1989,
        "pilot_skill": 0.2403,
        "mission_priority": 0.6594,
        "estimated_landing_time": 1698.0,
        "wait_time": 0,
        "Landing_success_rate": 1.0
    },
    {
        "model": 1,
        "sequence": 4,
        "status": 1,
        "fuel": 6452,
        "fault": 0.2882,
        "weapon": 1,
        "pilot_injury": 0.198,
        "pilot_skill": 0.1341,
        "mission_priority": 0.0564,
        "estimated_landing_time": 382.0,
        "wait_time": 0,
        "Landing_success_rate": 1.0
    },
    {
        "model": 0,
        "sequence": 16,
        "status": 1,
        "fuel": 7210,
        "fault": 0.0068,
        "weapon": 0,
        "pilot_injury": 0.0018,
        "pilot_skill": 0.2238,
        "mission_priority": 0.3404,
        "estimated_landing_time": 1510.0,
        "wait_time": 0,
        "Landing_success_rate": 1.0
    }
]