[
    {
        "model": 2,
        "sequence": 9,
        "status": 1,
        "fuel": 7187,
        "fault": 0.7331,
        "weapon": 1,
        "pilot_injury": 0.9574,
        "pilot_skill": 0.0089,
        "mission_priority": 0.9978,
        "estimated_landing_time": 852.0,
        "wait_time": 0,
        "Landing_success_rate": 1.0
    },
    {
        "model": 2,
        "sequence": 1,
        "status": 1,
        "fuel": 5763,
        "fault": 0.9946,
        "weapon": 1,
        "pilot_injury": 0.2946,
        "pilot_skill": 0.0143,
        "mission_priority": 0.7379,
        "estimated_landing_time": 100.0,
        "wait_time": 0,
        "Landing_success_rate": 1.0
    },
    {
        "model": 2,
        "sequence": 8,
        "status": 1,
        "fuel": 5524,
        "fault": 0.6329,
        "weapon": 0,
        "pilot_injury": 0.1429,
        "pilot_skill": 0.7534,
        "mission_priority": 0.7689,
        "estimated_landing_time": 758.0,
        "wait_time": 0,
        "Landing_success_rate": 1.0
    },
    {
        "model": 2,
        "sequence": 4,
        "status": 1,
        "fuel": 6651,
        "fault": 0.8092,
        "weapon": 0,
        "pilot_injury": 0.8459,
        "pilot_skill": 0.6136,
        "mission_priority": 0.0886,
        "estimated_landing_time": 382.0,
        "wait_time": 0,
        "Landing_success_rate": 1.0
    },
    {
        "model": 2,
        "sequence": 18,
        "status": 1,
        "fuel": 6788,
        "fault": 0.7231,
        "weapon": 1,
        "pilot_injury": 0.4075,
        "pilot_skill": 0.4071,
        "mission_priority": 0.066,
        "estimated_landing_time": 1698.0,
        "wait_time": 0,
        "Landing_success_rate": 1.0
    },
    {
        "model": 0,
        "sequence": 16,
        "status": 1,
        "fuel": 6878,
        "fault": 0.5491,
        "weapon": 1,
        "pilot_injury": 0.8082,
        "pilot_skill": 0.9477,
        "mission_priority": 0.0723,
        "estimated_landing_time": 1510.0,
        "wait_time": 0,
        "Landing_success_rate": 1.0
    },
    {
        "model": 2,
        "sequence": 12,
        "status": 1,
        "fuel": 7096,
        "fault": 0.1009,
        "weapon": 1,
        "pilot_injury": 0.2996,
        "pilot_skill": 0.0769,
        "mission_priority": 0.5006,
        "estimated_landing_time": 1134.0,
        "wait_time": 0,
        "Landing_success_rate": 1.0
    },
    {
        "model": 2,
        "sequence": 10,
        "status": 1,
        "fuel": 7269,
        "fault": 0.2422,
        "weapon": 1,
        "pilot_injury": 0.0502,
        "pilot_skill": 0.0729,
        "mission_priority": 0.4029,
        "estimated_landing_time": 946.0,
        "wait_time": 0,
        "Landing_success_rate": 1.0
    },
    {
        "model": 0,
        "sequence": 3,
        "status": 1,
        "fuel": 5610,
        "fault": 0.2111,
        "weapon": 1,
        "pilot_injury": 0.281,
        "pilot_skill": 0.8035,
        "mission_priority": 0.9292,
        "estimated_landing_time": 288.0,
        "wait_time": 0,
        "Landing_success_rate": 1.0
    },
    {
        "model": 0,
        "sequence": 11,
        "status": 1,
        "fuel": 7417,
        "fault": 0.2662,
        "weapon": 1,
        "pilot_injury": 0.3215,
        "pilot_skill": 0.4764,
        "mission_priority": 0.226,
        "estimated_landing_time": 1040.0,
        "wait_time": 0,
        "Landing_success_rate": 1.0
    },
    {
        "model": 0,
        "sequence": 6,
        "status": 1,
        "fuel": 6756,
        "fault": 0.2193,
        "weapon": 0,
        "pilot_injury": 0.6035,
        "pilot_skill": 0.3578,
        "mission_priority": 0.6478,
        "estimated_landing_time": 570.0,
        "wait_time": 0,
        "Landing_success_rate": 1.0
    },
    {
        "model": 0,
        "sequence": 2,
        "status": 1,
        "fuel": 6225,
        "fault": 0.1878,
        "weapon": 0,
        "pilot_injury": 0.5031,
        "pilot_skill": 0.4493,
        "mission_priority": 0.5859,
        "estimated_landing_time": 194.0,
        "wait_time": 0,
        "Landing_success_rate": 1.0
    },
    {
        "model": 0,
        "sequence": 7,
        "status": 1,
        "fuel": 6979,
        "fault": 0.5547,
        "weapon": 1,
        "pilot_injury": 0.6826,
        "pilot_skill": 0.2419,
        "mission_priority": 0.714,
        "estimated_landing_time": 664.0,
        "wait_time": 0,
        "Landing_success_rate": 1.0
    },
    {
        "model": 0,
        "sequence": 17,
        "status": 1,
        "fuel": 6511,
        "fault": 0.3032,
        "weapon": 0,
        "pilot_injury": 0.5525,
        "pilot_skill": 0.5202,
        "mission_priority": 0.1429,
        "estimated_landing_time": 1604.0,
        "wait_time": 0,
        "Landing_success_rate": 1.0
    },
    {
        "model": 2,
        "sequence": 14,
        "status": 1,
        "fuel": 6994,
        "fault": 0.7207,
        "weapon": 1,
        "pilot_injury": 0.4967,
        "pilot_skill": 0.2843,
        "mission_priority": 0.1338,
        "estimated_landing_time": 1322.0,
        "wait_time": 0,
        "Landing_success_rate": 1.0
    },
    {
        "model": 2,
        "sequence": 15,
        "status": 1,
        "fuel": 5853,
        "fault": 0.7217,
        "weapon": 0,
        "pilot_injury": 0.7486,
        "pilot_skill": 0.3176,
        "mission_priority": 0.0001,
        "estimated_landing_time": 1416.0,
        "wait_time": 0,
        "Landing_success_rate": 1.0
    },
    {
        "model": 1,
        "sequence": 13,
        "status": 1,
        "fuel": 6517,
        "fault": 0.783,
        "weapon": 1,
        "pilot_injury": 0.2762,
        "pilot_skill": 0.707,
        "mission_priority": 0.0627,
        "estimated_landing_time": 1228.0,
        "wait_time": 0,
        "Landing_success_rate": 1.0
    },
    {
        "model": 2,
        "sequence": 5,
        "status": 1,
        "fuel": 6317,
        "fault": 0.467,
        "weapon": 1,
        "pilot_injury": 0.2468,
        "pilot_skill": 0.7409,
        "mission_priority": 0.3163,
        "estimated_landing_time": 476.0,
        "wait_time": 0,
        "Landing_success_rate": 1.0
    }
]