[
    {
        "model": 0,
        "sequence": 4,
        "status": 1,
        "fuel": 7072,
        "fault": 0.8332,
        "weapon": 1,
        "pilot_injury": 0.0881,
        "pilot_skill": 0.4137,
        "mission_priority": 0.7502,
        "estimated_landing_time": 382.0,
        "wait_time": 0,
        "Landing_success_rate": 1.0
    },
    {
        "model": 0,
        "sequence": 17,
        "status": 1,
        "fuel": 5836,
        "fault": 0.9906,
        "weapon": 1,
        "pilot_injury": 0.5614,
        "pilot_skill": 0.849,
        "mission_priority": 0.4436,
        "estimated_landing_time": 1604.0,
        "wait_time": 0,
        "Landing_success_rate": 1.0
    },
    {
        "model": 1,
        "sequence": 1,
        "status": 1,
        "fuel": 7031,
        "fault": 0.857,
        "weapon": 0,
        "pilot_injury": 0.5488,
        "pilot_skill": 0.7963,
        "mission_priority": 0.5831,
        "estimated_landing_time": 100.0,
        "wait_time": 0,
        "Landing_success_rate": 1.0
    },
    {
        "model": 0,
        "sequence": 2,
        "status": 1,
        "fuel": 6027,
        "fault": 0.0598,
        "weapon": 0,
        "pilot_injury": 0.5227,
        "pilot_skill": 0.0236,
        "mission_priority": 0.4137,
        "estimated_landing_time": 194.0,
        "wait_time": 0,
        "Landing_success_rate": 1.0
    },
    {
        "model": 2,
        "sequence": 8,
        "status": 1,
        "fuel": 6360,
        "fault": 0.9407,
        "weapon": 1,
        "pilot_injury": 0.2083,
        "pilot_skill": 0.2052,
        "mission_priority": 0.1895,
        "estimated_landing_time": 758.0,
        "wait_time": 0,
        "Landing_success_rate": 1.0
    },
    {
        "model": 0,
        "sequence": 12,
        "status": 1,
        "fuel": 5578,
        "fault": 0.1992,
        "weapon": 1,
        "pilot_injury": 0.8859,
        "pilot_skill": 0.7749,
        "mission_priority": 0.7353,
        "estimated_landing_time": 1134.0,
        "wait_time": 0,
        "Landing_success_rate": 1.0
    },
    {
        "model": 1,
        "sequence": 7,
        "status": 1,
        "fuel": 6474,
        "fault": 0.5051,
        "weapon": 1,
        "pilot_injury": 0.8874,
        "pilot_skill": 0.1373,
        "mission_priority": 0.3363,
        "estimated_landing_time": 664.0,
        "wait_time": 0,
        "Landing_success_rate": 1.0
    },
    {
        "model": 2,
        "sequence": 14,
        "status": 1,
        "fuel": 5681,
        "fault": 0.1029,
        "weapon": 0,
        "pilot_injury": 0.9476,
        "pilot_skill": 0.7668,
        "mission_priority": 0.2683,
        "estimated_landing_time": 1322.0,
        "wait_time": 0,
        "Landing_success_rate": 1.0
    },
    {
        "model": 2,
        "sequence": 3,
        "status": 1,
        "fuel": 7381,
        "fault": 0.1809,
        "weapon": 0,
        "pilot_injury": 0.9413,
        "pilot_skill": 0.8816,
        "mission_priority": 0.5152,
        "estimated_landing_time": 288.0,
        "wait_time": 0,
        "Landing_success_rate": 1.0
    },
    {
        "model": 2,
        "sequence": 9,
        "status": 1,
        "fuel": 6103,
        "fault": 0.6179,
        "weapon": 1,
        "pilot_injury": 0.5527,
        "pilot_skill": 0.1147,
        "mission_priority": 0.1261,
        "estimated_landing_time": 852.0,
        "wait_time": 0,
        "Landing_success_rate": 1.0
    },
    {
        "model": 2,
        "sequence": 16,
        "status": 1,
        "fuel": 6475,
        "fault": 0.7079,
        "weapon": 1,
        "pilot_injury": 0.021,
        "pilot_skill": 0.7228,
        "mission_priority": 0.0325,
        "estimated_landing_time": 1510.0,
        "wait_time": 0,
        "Landing_success_rate": 1.0
    },
    {
        "model": 0,
        "sequence": 6,
        "status": 1,
        "fuel": 5538,
        "fault": 0.144,
        "weapon": 1,
        "pilot_injury": 0.9688,
        "pilot_skill": 0.4842,
        "mission_priority": 0.0636,
        "estimated_landing_time": 570.0,
        "wait_time": 0,
        "Landing_success_rate": 1.0
    },
    {
        "model": 1,
        "sequence": 11,
        "status": 1,
        "fuel": 6577,
        "fault": 0.6039,
        "weapon": 1,
        "pilot_injury": 0.9968,
        "pilot_skill": 0.4303,
        "mission_priority": 0.3203,
        "estimated_landing_time": 1040.0,
        "wait_time": 0,
        "Landing_success_rate": 1.0
    },
    {
        "model": 0,
        "sequence": 10,
        "status": 1,
        "fuel": 7081,
        "fault": 0.6006,
        "weapon": 1,
        "pilot_injury": 0.6154,
        "pilot_skill": 0.4057,
        "mission_priority": 0.0411,
        "estimated_landing_time": 946.0,
        "wait_time": 0,
        "Landing_success_rate": 1.0
    },
    {
        "model": 0,
        "sequence": 5,
        "status": 1,
        "fuel": 6941,
        "fault": 0.9819,
        "weapon": 1,
        "pilot_injury": 0.6861,
        "pilot_skill": 0.9488,
        "mission_priority": 0.268,
        "estimated_landing_time": 476.0,
        "wait_time": 0,
        "Landing_success_rate": 1.0
    },
    {
        "model": 2,
        "sequence": 15,
        "status": 1,
        "fuel": 6351,
        "fault": 0.7023,
        "weapon": 0,
        "pilot_injury": 0.5381,
        "pilot_skill": 0.0706,
        "mission_priority": 0.934,
        "estimated_landing_time": 1416.0,
        "wait_time": 0,
        "Landing_success_rate": 1.0
    },
    {
        "model": 1,
        "sequence": 18,
        "status": 1,
        "fuel": 5727,
        "fault": 0.7263,
        "weapon": 1,
        "pilot_injury": 0.8239,
        "pilot_skill": 0.6475,
        "mission_priority": 0.9689,
        "estimated_landing_time": 1698.0,
        "wait_time": 0,
        "Landing_success_rate": 1.0
    },
    {
        "model": 2,
        "sequence": 13,
        "status": 1,
        "fuel": 6201,
        "fault": 0.65,
        "weapon": 1,
        "pilot_injury": 0.5171,
        "pilot_skill": 0.1171,
        "mission_priority": 0.5282,
        "estimated_landing_time": 1228.0,
        "wait_time": 0,
        "Landing_success_rate": 1.0
    }
]