[
    {
        "model": 1,
        "sequence": 17,
        "status": 1,
        "fuel": 7045,
        "fault": 0.2542,
        "weapon": 0,
        "pilot_injury": 0.3464,
        "pilot_skill": 0.0192,
        "mission_priority": 0.8252,
        "estimated_landing_time": 1604.0,
        "wait_time": 0,
        "Landing_success_rate": 1.0
    },
    {
        "model": 1,
        "sequence": 5,
        "status": 1,
        "fuel": 6352,
        "fault": 0.9756,
        "weapon": 1,
        "pilot_injury": 0.5691,
        "pilot_skill": 0.246,
        "mission_priority": 0.4971,
        "estimated_landing_time": 476.0,
        "wait_time": 0,
        "Landing_success_rate": 1.0
    },
    {
        "model": 1,
        "sequence": 7,
        "status": 1,
        "fuel": 7408,
        "fault": 0.6464,
        "weapon": 1,
        "pilot_injury": 0.949,
        "pilot_skill": 0.8475,
        "mission_priority": 0.333,
        "estimated_landing_time": 664.0,
        "wait_time": 0,
        "Landing_success_rate": 1.0
    },
    {
        "model": 2,
        "sequence": 18,
        "status": 1,
        "fuel": 6260,
        "fault": 0.6477,
        "weapon": 1,
        "pilot_injury": 0.6262,
        "pilot_skill": 0.2868,
        "mission_priority": 0.9692,
        "estimated_landing_time": 1698.0,
        "wait_time": 0,
        "Landing_success_rate": 1.0
    },
    {
        "model": 1,
        "sequence": 8,
        "status": 1,
        "fuel": 6196,
        "fault": 0.1589,
        "weapon": 0,
        "pilot_injury": 0.645,
        "pilot_skill": 0.3954,
        "mission_priority": 0.8178,
        "estimated_landing_time": 758.0,
        "wait_time": 0,
        "Landing_success_rate": 1.0
    },
    {
        "model": 1,
        "sequence": 16,
        "status": 1,
        "fuel": 7159,
        "fault": 0.5906,
        "weapon": 1,
        "pilot_injury": 0.1768,
        "pilot_skill": 0.865,
        "mission_priority": 0.5629,
        "estimated_landing_time": 1510.0,
        "wait_time": 0,
        "Landing_success_rate": 1.0
    },
    {
        "model": 2,
        "sequence": 14,
        "status": 1,
        "fuel": 6984,
        "fault": 0.2373,
        "weapon": 1,
        "pilot_injury": 0.2953,
        "pilot_skill": 0.1935,
        "mission_priority": 0.5538,
        "estimated_landing_time": 1322.0,
        "wait_time": 0,
        "Landing_success_rate": 1.0
    },
    {
        "model": 2,
        "sequence": 10,
        "status": 1,
        "fuel": 7063,
        "fault": 0.0822,
        "weapon": 0,
        "pilot_injury": 0.6428,
        "pilot_skill": 0.5363,
        "mission_priority": 0.2747,
        "estimated_landing_time": 946.0,
        "wait_time": 0,
        "Landing_success_rate": 1.0
    },
    {
        "model": 2,
        "sequence": 4,
        "status": 1,
        "fuel": 6430,
        "fault": 0.601,
        "weapon": 1,
        "pilot_injury": 0.2053,
        "pilot_skill": 0.2929,
        "mission_priority": 0.3461,
        "estimated_landing_time": 382.0,
        "wait_time": 0,
        "Landing_success_rate": 1.0
    },
    {
        "model": 0,
        "sequence": 2,
        "status": 1,
        "fuel": 7222,
        "fault": 0.8387,
        "weapon": 1,
        "pilot_injury": 0.3764,
        "pilot_skill": 0.2966,
        "mission_priority": 0.8894,
        "estimated_landing_time": 194.0,
        "wait_time": 0,
        "Landing_success_rate": 1.0
    },
    {
        "model": 0,
        "sequence": 13,
        "status": 1,
        "fuel": 5835,
        "fault": 0.6418,
        "weapon": 0,
        "pilot_injury": 0.99,
        "pilot_skill": 0.66,
        "mission_priority": 0.7335,
        "estimated_landing_time": 1228.0,
        "wait_time": 0,
        "Landing_success_rate": 1.0
    },
    {
        "model": 1,
        "sequence": 11,
        "status": 1,
        "fuel": 6966,
        "fault": 0.5007,
        "weapon": 0,
        "pilot_injury": 0.1441,
        "pilot_skill": 0.8228,
        "mission_priority": 0.9311,
        "estimated_landing_time": 1040.0,
        "wait_time": 0,
        "Landing_success_rate": 1.0
    },
    {
        "model": 1,
        "sequence": 3,
        "status": 1,
        "fuel": 6582,
        "fault": 0.853,
        "weapon": 1,
        "pilot_injury": 0.154,
        "pilot_skill": 0.2652,
        "mission_priority": 0.2554,
        "estimated_landing_time": 288.0,
        "wait_time": 0,
        "Landing_success_rate": 1.0
    },
    {
        "model": 1,
        "sequence": 12,
        "status": 1,
        "fuel": 5972,
        "fault": 0.6771,
        "weapon": 0,
        "pilot_injury": 0.0483,
        "pilot_skill": 0.001,
        "mission_priority": 0.6002,
        "estimated_landing_time": 1134.0,
        "wait_time": 0,
        "Landing_success_rate": 1.0
    },
    {
        "model": 0,
        "sequence": 15,
        "status": 1,
        "fuel": 7470,
        "fault": 0.835,
        "weapon": 0,
        "pilot_injury": 0.3273,
        "pilot_skill": 0.2897,
        "mission_priority": 0.2695,
        "estimated_landing_time": 1416.0,
        "wait_time": 0,
        "Landing_success_rate": 1.0
    },
    {
        "model": 1,
        "sequence": 9,
        "status": 1,
        "fuel": 6321,
        "fault": 0.3703,
        "weapon": 0,
        "pilot_injury": 0.1682,
        "pilot_skill": 0.4246,
        "mission_priority": 0.461,
        "estimated_landing_time": 852.0,
        "wait_time": 0,
        "Landing_success_rate": 1.0
    },
    {
        "model": 1,
        "sequence": 6,
        "status": 1,
        "fuel": 7392,
        "fault": 0.974,
        "weapon": 0,
        "pilot_injury": 0.5202,
        "pilot_skill": 0.696,
        "mission_priority": 0.9421,
        "estimated_landing_time": 570.0,
        "wait_time": 0,
        "Landing_success_rate": 1.0
    },
    {
        "model": 0,
        "sequence": 1,
        "status": 1,
        "fuel": 6243,
        "fault": 0.3605,
        "weapon": 0,
        "pilot_injury": 0.0521,
        "pilot_skill": 0.436,
        "mission_priority": 0.6231,
        "estimated_landing_time": 100.0,
        "wait_time": 0,
        "Landing_success_rate": 1.0
    }
]