[
    {
        "model": 1,
        "sequence": 7,
        "status": 1,
        "fuel": 5841,
        "fault": 0.6695,
        "weapon": 0,
        "pilot_injury": 0.3785,
        "pilot_skill": 0.3629,
        "mission_priority": 0.9955,
        "estimated_landing_time": 664.0,
        "wait_time": 0,
        "Landing_success_rate": 1.0
    },
    {
        "model": 2,
        "sequence": 14,
        "status": 1,
        "fuel": 6994,
        "fault": 0.4652,
        "weapon": 1,
        "pilot_injury": 0.5805,
        "pilot_skill": 0.0888,
        "mission_priority": 0.9617,
        "estimated_landing_time": 1322.0,
        "wait_time": 0,
        "Landing_success_rate": 1.0
    },
    {
        "model": 1,
        "sequence": 9,
        "status": 1,
        "fuel": 7000,
        "fault": 0.69,
        "weapon": 0,
        "pilot_injury": 0.1705,
        "pilot_skill": 0.4095,
        "mission_priority": 0.4227,
        "estimated_landing_time": 852.0,
        "wait_time": 0,
        "Landing_success_rate": 1.0
    },
    {
        "model": 1,
        "sequence": 1,
        "status": 1,
        "fuel": 5554,
        "fault": 0.7562,
        "weapon": 0,
        "pilot_injury": 0.3009,
        "pilot_skill": 0.9812,
        "mission_priority": 0.4749,
        "estimated_landing_time": 100.0,
        "wait_time": 0,
        "Landing_success_rate": 1.0
    },
    {
        "model": 1,
        "sequence": 4,
        "status": 1,
        "fuel": 7065,
        "fault": 0.2346,
        "weapon": 1,
        "pilot_injury": 0.9742,
        "pilot_skill": 0.02,
        "mission_priority": 0.7372,
        "estimated_landing_time": 382.0,
        "wait_time": 0,
        "Landing_success_rate": 1.0
    },
    {
        "model": 2,
        "sequence": 10,
        "status": 1,
        "fuel": 6771,
        "fault": 0.54,
        "weapon": 0,
        "pilot_injury": 0.6716,
        "pilot_skill": 0.0929,
        "mission_priority": 0.257,
        "estimated_landing_time": 946.0,
        "wait_time": 0,
        "Landing_success_rate": 1.0
    },
    {
        "model": 0,
        "sequence": 3,
        "status": 1,
        "fuel": 5955,
        "fault": 0.7553,
        "weapon": 0,
        "pilot_injury": 0.6085,
        "pilot_skill": 0.5068,
        "mission_priority": 0.1593,
        "estimated_landing_time": 288.0,
        "wait_time": 0,
        "Landing_success_rate": 1.0
    },
    {
        "model": 1,
        "sequence": 18,
        "status": 1,
        "fuel": 6008,
        "fault": 0.0362,
        "weapon": 0,
        "pilot_injury": 0.2274,
        "pilot_skill": 0.3417,
        "mission_priority": 0.3809,
        "estimated_landing_time": 1698.0,
        "wait_time": 0,
        "Landing_success_rate": 1.0
    },
    {
        "model": 0,
        "sequence": 13,
        "status": 1,
        "fuel": 6269,
        "fault": 0.937,
        "weapon": 0,
        "pilot_injury": 0.5097,
        "pilot_skill": 0.8253,
        "mission_priority": 0.2797,
        "estimated_landing_time": 1228.0,
        "wait_time": 0,
        "Landing_success_rate": 1.0
    },
    {
        "model": 0,
        "sequence": 6,
        "status": 1,
        "fuel": 7189,
        "fault": 0.6006,
        "weapon": 0,
        "pilot_injury": 0.1618,
        "pilot_skill": 0.7863,
        "mission_priority": 0.5746,
        "estimated_landing_time": 570.0,
        "wait_time": 0,
        "Landing_success_rate": 1.0
    },
    {
        "model": 2,
        "sequence": 8,
        "status": 1,
        "fuel": 6839,
        "fault": 0.8514,
        "weapon": 1,
        "pilot_injury": 0.5012,
        "pilot_skill": 0.3972,
        "mission_priority": 0.5397,
        "estimated_landing_time": 758.0,
        "wait_time": 0,
        "Landing_success_rate": 1.0
    },
    {
        "model": 0,
        "sequence": 15,
        "status": 1,
        "fuel": 6952,
        "fault": 0.3806,
        "weapon": 1,
        "pilot_injury": 0.5325,
        "pilot_skill": 0.7214,
        "mission_priority": 0.1413,
        "estimated_landing_time": 1416.0,
        "wait_time": 0,
        "Landing_success_rate": 1.0
    },
    {
        "model": 0,
        "sequence": 11,
        "status": 1,
        "fuel": 6530,
        "fault": 0.3047,
        "weapon": 0,
        "pilot_injury": 0.3225,
        "pilot_skill": 0.0229,
        "mission_priority": 0.1538,
        "estimated_landing_time": 1040.0,
        "wait_time": 0,
        "Landing_success_rate": 1.0
    },
    {
        "model": 2,
        "sequence": 16,
        "status": 1,
        "fuel": 6430,
        "fault": 0.3461,
        "weapon": 1,
        "pilot_injury": 0.573,
        "pilot_skill": 0.9327,
        "mission_priority": 0.5752,
        "estimated_landing_time": 1510.0,
        "wait_time": 0,
        "Landing_success_rate": 1.0
    },
    {
        "model": 1,
        "sequence": 5,
        "status": 1,
        "fuel": 5752,
        "fault": 0.862,
        "weapon": 1,
        "pilot_injury": 0.6064,
        "pilot_skill": 0.1392,
        "mission_priority": 0.8983,
        "estimated_landing_time": 476.0,
        "wait_time": 0,
        "Landing_success_rate": 1.0
    },
    {
        "model": 0,
        "sequence": 12,
        "status": 1,
        "fuel": 5737,
        "fault": 0.1748,
        "weapon": 0,
        "pilot_injury": 0.9528,
        "pilot_skill": 0.8252,
        "mission_priority": 0.6663,
        "estimated_landing_time": 1134.0,
        "wait_time": 0,
        "Landing_success_rate": 1.0
    },
    {
        "model": 2,
        "sequence": 2,
        "status": 1,
        "fuel": 5981,
        "fault": 0.0682,
        "weapon": 1,
        "pilot_injury": 0.5061,
        "pilot_skill": 0.2326,
        "mission_priority": 0.08,
        "estimated_landing_time": 194.0,
        "wait_time": 0,
        "Landing_success_rate": 1.0
    },
    {
        "model": 0,
        "sequence": 17,
        "status": 1,
        "fuel": 6535,
        "fault": 0.9658,
        "weapon": 1,
        "pilot_injury": 0.5943,
        "pilot_skill": 0.9364,
        "mission_priority": 0.8761,
        "estimated_landing_time": 1604.0,
        "wait_time": 0,
        "Landing_success_rate": 1.0
    }
]