[
    {
        "model": 2,
        "sequence": 11,
        "status": 1,
        "fuel": 7443,
        "fault": 0.6061,
        "weapon": 0,
        "pilot_injury": 0.3489,
        "pilot_skill": 0.9295,
        "mission_priority": 0.8306,
        "estimated_landing_time": 1040.0,
        "wait_time": 0,
        "Landing_success_rate": 1.0
    },
    {
        "model": 0,
        "sequence": 15,
        "status": 1,
        "fuel": 5735,
        "fault": 0.4085,
        "weapon": 0,
        "pilot_injury": 0.7309,
        "pilot_skill": 0.9383,
        "mission_priority": 0.1812,
        "estimated_landing_time": 1416.0,
        "wait_time": 0,
        "Landing_success_rate": 1.0
    },
    {
        "model": 0,
        "sequence": 3,
        "status": 1,
        "fuel": 7070,
        "fault": 0.9264,
        "weapon": 1,
        "pilot_injury": 0.5745,
        "pilot_skill": 0.8418,
        "mission_priority": 0.1398,
        "estimated_landing_time": 288.0,
        "wait_time": 0,
        "Landing_success_rate": 1.0
    },
    {
        "model": 2,
        "sequence": 14,
        "status": 1,
        "fuel": 6372,
        "fault": 0.7505,
        "weapon": 1,
        "pilot_injury": 0.1637,
        "pilot_skill": 0.1643,
        "mission_priority": 0.8146,
        "estimated_landing_time": 1322.0,
        "wait_time": 0,
        "Landing_success_rate": 1.0
    },
    {
        "model": 0,
        "sequence": 6,
        "status": 1,
        "fuel": 6902,
        "fault": 0.6338,
        "weapon": 1,
        "pilot_injury": 0.3588,
        "pilot_skill": 0.8772,
        "mission_priority": 0.3924,
        "estimated_landing_time": 570.0,
        "wait_time": 0,
        "Landing_success_rate": 1.0
    },
    {
        "model": 1,
        "sequence": 9,
        "status": 1,
        "fuel": 5795,
        "fault": 0.4519,
        "weapon": 1,
        "pilot_injury": 0.3769,
        "pilot_skill": 0.4627,
        "mission_priority": 0.3014,
        "estimated_landing_time": 852.0,
        "wait_time": 0,
        "Landing_success_rate": 1.0
    },
    {
        "model": 1,
        "sequence": 17,
        "status": 1,
        "fuel": 6546,
        "fault": 0.4387,
        "weapon": 0,
        "pilot_injury": 0.2322,
        "pilot_skill": 0.8996,
        "mission_priority": 0.3839,
        "estimated_landing_time": 1604.0,
        "wait_time": 0,
        "Landing_success_rate": 1.0
    },
    {
        "model": 1,
        "sequence": 16,
        "status": 1,
        "fuel": 7497,
        "fault": 0.0666,
        "weapon": 1,
        "pilot_injury": 0.6242,
        "pilot_skill": 0.1169,
        "mission_priority": 0.9398,
        "estimated_landing_time": 1510.0,
        "wait_time": 0,
        "Landing_success_rate": 1.0
    },
    {
        "model": 0,
        "sequence": 1,
        "status": 1,
        "fuel": 5890,
        "fault": 0.7305,
        "weapon": 1,
        "pilot_injury": 0.1393,
        "pilot_skill": 0.794,
        "mission_priority": 0.6201,
        "estimated_landing_time": 100.0,
        "wait_time": 0,
        "Landing_success_rate": 1.0
    },
    {
        "model": 1,
        "sequence": 4,
        "status": 1,
        "fuel": 5977,
        "fault": 0.8939,
        "weapon": 1,
        "pilot_injury": 0.9977,
        "pilot_skill": 0.7524,
        "mission_priority": 0.707,
        "estimated_landing_time": 382.0,
        "wait_time": 0,
        "Landing_success_rate": 1.0
    },
    {
        "model": 2,
        "sequence": 13,
        "status": 1,
        "fuel": 6934,
        "fault": 0.7439,
        "weapon": 1,
        "pilot_injury": 0.2045,
        "pilot_skill": 0.7141,
        "mission_priority": 0.494,
        "estimated_landing_time": 1228.0,
        "wait_time": 0,
        "Landing_success_rate": 1.0
    },
    {
        "model": 2,
        "sequence": 8,
        "status": 1,
        "fuel": 7365,
        "fault": 0.3421,
        "weapon": 1,
        "pilot_injury": 0.5365,
        "pilot_skill": 0.3788,
        "mission_priority": 0.457,
        "estimated_landing_time": 758.0,
        "wait_time": 0,
        "Landing_success_rate": 1.0
    },
    {
        "model": 0,
        "sequence": 2,
        "status": 1,
        "fuel": 6447,
        "fault": 0.3973,
        "weapon": 0,
        "pilot_injury": 0.5399,
        "pilot_skill": 0.4864,
        "mission_priority": 0.409,
        "estimated_landing_time": 194.0,
        "wait_time": 0,
        "Landing_success_rate": 1.0
    },
    {
        "model": 2,
        "sequence": 12,
        "status": 1,
        "fuel": 7208,
        "fault": 0.72,
        "weapon": 0,
        "pilot_injury": 0.5984,
        "pilot_skill": 0.5655,
        "mission_priority": 0.7162,
        "estimated_landing_time": 1134.0,
        "wait_time": 0,
        "Landing_success_rate": 1.0
    },
    {
        "model": 2,
        "sequence": 18,
        "status": 1,
        "fuel": 6806,
        "fault": 0.3457,
        "weapon": 0,
        "pilot_injury": 0.9591,
        "pilot_skill": 0.3425,
        "mission_priority": 0.2274,
        "estimated_landing_time": 1698.0,
        "wait_time": 0,
        "Landing_success_rate": 1.0
    },
    {
        "model": 0,
        "sequence": 7,
        "status": 1,
        "fuel": 5522,
        "fault": 0.462,
        "weapon": 1,
        "pilot_injury": 0.615,
        "pilot_skill": 0.9119,
        "mission_priority": 0.1391,
        "estimated_landing_time": 664.0,
        "wait_time": 0,
        "Landing_success_rate": 1.0
    },
    {
        "model": 1,
        "sequence": 5,
        "status": 1,
        "fuel": 6733,
        "fault": 0.6115,
        "weapon": 0,
        "pilot_injury": 0.7261,
        "pilot_skill": 0.593,
        "mission_priority": 0.1022,
        "estimated_landing_time": 476.0,
        "wait_time": 0,
        "Landing_success_rate": 1.0
    },
    {
        "model": 1,
        "sequence": 10,
        "status": 1,
        "fuel": 6507,
        "fault": 0.6967,
        "weapon": 1,
        "pilot_injury": 0.023,
        "pilot_skill": 0.6514,
        "mission_priority": 0.7712,
        "estimated_landing_time": 946.0,
        "wait_time": 0,
        "Landing_success_rate": 1.0
    }
]