[
    {
        "model": 1,
        "sequence": 12,
        "status": 1,
        "fuel": 5671,
        "fault": 0.1204,
        "weapon": 1,
        "pilot_injury": 0.7865,
        "pilot_skill": 0.2437,
        "mission_priority": 0.3059,
        "estimated_landing_time": 1134.0,
        "wait_time": 0,
        "Landing_success_rate": 1.0
    },
    {
        "model": 0,
        "sequence": 13,
        "status": 1,
        "fuel": 7104,
        "fault": 0.4459,
        "weapon": 1,
        "pilot_injury": 0.6111,
        "pilot_skill": 0.9837,
        "mission_priority": 0.3608,
        "estimated_landing_time": 1228.0,
        "wait_time": 0,
        "Landing_success_rate": 1.0
    },
    {
        "model": 1,
        "sequence": 5,
        "status": 1,
        "fuel": 6685,
        "fault": 0.6373,
        "weapon": 0,
        "pilot_injury": 0.1278,
        "pilot_skill": 0.5822,
        "mission_priority": 0.2999,
        "estimated_landing_time": 476.0,
        "wait_time": 0,
        "Landing_success_rate": 1.0
    },
    {
        "model": 0,
        "sequence": 6,
        "status": 1,
        "fuel": 7038,
        "fault": 0.4745,
        "weapon": 1,
        "pilot_injury": 0.8589,
        "pilot_skill": 0.3448,
        "mission_priority": 0.3903,
        "estimated_landing_time": 570.0,
        "wait_time": 0,
        "Landing_success_rate": 1.0
    },
    {
        "model": 2,
        "sequence": 17,
        "status": 1,
        "fuel": 7340,
        "fault": 0.8866,
        "weapon": 0,
        "pilot_injury": 0.715,
        "pilot_skill": 0.2488,
        "mission_priority": 0.9102,
        "estimated_landing_time": 1604.0,
        "wait_time": 0,
        "Landing_success_rate": 1.0
    },
    {
        "model": 0,
        "sequence": 1,
        "status": 1,
        "fuel": 6157,
        "fault": 0.1443,
        "weapon": 1,
        "pilot_injury": 0.0288,
        "pilot_skill": 0.6437,
        "mission_priority": 0.2771,
        "estimated_landing_time": 100.0,
        "wait_time": 0,
        "Landing_success_rate": 1.0
    },
    {
        "model": 0,
        "sequence": 8,
        "status": 1,
        "fuel": 7149,
        "fault": 0.3453,
        "weapon": 0,
        "pilot_injury": 0.32,
        "pilot_skill": 0.506,
        "mission_priority": 0.1625,
        "estimated_landing_time": 758.0,
        "wait_time": 0,
        "Landing_success_rate": 1.0
    },
    {
        "model": 1,
        "sequence": 10,
        "status": 1,
        "fuel": 6852,
        "fault": 0.1923,
        "weapon": 1,
        "pilot_injury": 0.8638,
        "pilot_skill": 0.4068,
        "mission_priority": 0.7624,
        "estimated_landing_time": 946.0,
        "wait_time": 0,
        "Landing_success_rate": 1.0
    },
    {
        "model": 0,
        "sequence": 11,
        "status": 1,
        "fuel": 5827,
        "fault": 0.6898,
        "weapon": 0,
        "pilot_injury": 0.02,
        "pilot_skill": 0.5866,
        "mission_priority": 0.4554,
        "estimated_landing_time": 1040.0,
        "wait_time": 0,
        "Landing_success_rate": 1.0
    },
    {
        "model": 1,
        "sequence": 7,
        "status": 1,
        "fuel": 7419,
        "fault": 0.1996,
        "weapon": 0,
        "pilot_injury": 0.4227,
        "pilot_skill": 0.7181,
        "mission_priority": 0.4427,
        "estimated_landing_time": 664.0,
        "wait_time": 0,
        "Landing_success_rate": 1.0
    },
    {
        "model": 2,
        "sequence": 15,
        "status": 1,
        "fuel": 7132,
        "fault": 0.233,
        "weapon": 0,
        "pilot_injury": 0.3829,
        "pilot_skill": 0.1779,
        "mission_priority": 0.3517,
        "estimated_landing_time": 1416.0,
        "wait_time": 0,
        "Landing_success_rate": 1.0
    },
    {
        "model": 1,
        "sequence": 18,
        "status": 1,
        "fuel": 5605,
        "fault": 0.628,
        "weapon": 0,
        "pilot_injury": 0.5782,
        "pilot_skill": 0.5976,
        "mission_priority": 0.7389,
        "estimated_landing_time": 1698.0,
        "wait_time": 0,
        "Landing_success_rate": 1.0
    },
    {
        "model": 1,
        "sequence": 4,
        "status": 1,
        "fuel": 6935,
        "fault": 0.6693,
        "weapon": 0,
        "pilot_injury": 0.0529,
        "pilot_skill": 0.7011,
        "mission_priority": 0.0557,
        "estimated_landing_time": 382.0,
        "wait_time": 0,
        "Landing_success_rate": 1.0
    },
    {
        "model": 0,
        "sequence": 16,
        "status": 1,
        "fuel": 7317,
        "fault": 0.3587,
        "weapon": 0,
        "pilot_injury": 0.5074,
        "pilot_skill": 0.4415,
        "mission_priority": 0.1307,
        "estimated_landing_time": 1510.0,
        "wait_time": 0,
        "Landing_success_rate": 1.0
    },
    {
        "model": 2,
        "sequence": 3,
        "status": 1,
        "fuel": 7421,
        "fault": 0.9168,
        "weapon": 1,
        "pilot_injury": 0.9045,
        "pilot_skill": 0.0007,
        "mission_priority": 0.5941,
        "estimated_landing_time": 288.0,
        "wait_time": 0,
        "Landing_success_rate": 1.0
    },
    {
        "model": 1,
        "sequence": 14,
        "status": 1,
        "fuel": 6948,
        "fault": 0.4924,
        "weapon": 1,
        "pilot_injury": 0.0817,
        "pilot_skill": 0.2177,
        "mission_priority": 0.2503,
        "estimated_landing_time": 1322.0,
        "wait_time": 0,
        "Landing_success_rate": 1.0
    },
    {
        "model": 0,
        "sequence": 2,
        "status": 1,
        "fuel": 7497,
        "fault": 0.3354,
        "weapon": 1,
        "pilot_injury": 0.4868,
        "pilot_skill": 0.9349,
        "mission_priority": 0.6371,
        "estimated_landing_time": 194.0,
        "wait_time": 0,
        "Landing_success_rate": 1.0
    },
    {
        "model": 0,
        "sequence": 9,
        "status": 1,
        "fuel": 7086,
        "fault": 0.1294,
        "weapon": 0,
        "pilot_injury": 0.1494,
        "pilot_skill": 0.9299,
        "mission_priority": 0.4587,
        "estimated_landing_time": 852.0,
        "wait_time": 0,
        "Landing_success_rate": 1.0
    }
]