[
    {
        "model": 2,
        "sequence": 1,
        "status": 1,
        "fuel": 5753,
        "fault": 0.7663,
        "weapon": 1,
        "pilot_injury": 0.1606,
        "pilot_skill": 0.5373,
        "mission_priority": 0.192,
        "estimated_landing_time": 100.0,
        "wait_time": 0,
        "Landing_success_rate": 1.0
    },
    {
        "model": 1,
        "sequence": 16,
        "status": 1,
        "fuel": 7343,
        "fault": 0.6235,
        "weapon": 0,
        "pilot_injury": 0.3162,
        "pilot_skill": 0.845,
        "mission_priority": 0.4763,
        "estimated_landing_time": 1510.0,
        "wait_time": 0,
        "Landing_success_rate": 1.0
    },
    {
        "model": 0,
        "sequence": 3,
        "status": 1,
        "fuel": 7298,
        "fault": 0.7604,
        "weapon": 1,
        "pilot_injury": 0.298,
        "pilot_skill": 0.6255,
        "mission_priority": 0.1549,
        "estimated_landing_time": 288.0,
        "wait_time": 0,
        "Landing_success_rate": 1.0
    },
    {
        "model": 1,
        "sequence": 9,
        "status": 1,
        "fuel": 6209,
        "fault": 0.4742,
        "weapon": 0,
        "pilot_injury": 0.6958,
        "pilot_skill": 0.9442,
        "mission_priority": 0.9955,
        "estimated_landing_time": 852.0,
        "wait_time": 0,
        "Landing_success_rate": 1.0
    },
    {
        "model": 0,
        "sequence": 4,
        "status": 1,
        "fuel": 7376,
        "fault": 0.4686,
        "weapon": 0,
        "pilot_injury": 0.4428,
        "pilot_skill": 0.8473,
        "mission_priority": 0.206,
        "estimated_landing_time": 382.0,
        "wait_time": 0,
        "Landing_success_rate": 1.0
    },
    {
        "model": 0,
        "sequence": 8,
        "status": 1,
        "fuel": 6134,
        "fault": 0.2035,
        "weapon": 0,
        "pilot_injury": 0.9858,
        "pilot_skill": 0.8386,
        "mission_priority": 0.8086,
        "estimated_landing_time": 758.0,
        "wait_time": 0,
        "Landing_success_rate": 1.0
    },
    {
        "model": 1,
        "sequence": 10,
        "status": 1,
        "fuel": 6373,
        "fault": 0.0344,
        "weapon": 1,
        "pilot_injury": 0.3821,
        "pilot_skill": 0.3018,
        "mission_priority": 0.0374,
        "estimated_landing_time": 946.0,
        "wait_time": 0,
        "Landing_success_rate": 1.0
    },
    {
        "model": 0,
        "sequence": 7,
        "status": 1,
        "fuel": 7044,
        "fault": 0.5384,
        "weapon": 1,
        "pilot_injury": 0.6346,
        "pilot_skill": 0.6212,
        "mission_priority": 0.1207,
        "estimated_landing_time": 664.0,
        "wait_time": 0,
        "Landing_success_rate": 1.0
    },
    {
        "model": 0,
        "sequence": 14,
        "status": 1,
        "fuel": 5981,
        "fault": 0.9354,
        "weapon": 0,
        "pilot_injury": 0.4453,
        "pilot_skill": 0.4881,
        "mission_priority": 0.8131,
        "estimated_landing_time": 1322.0,
        "wait_time": 0,
        "Landing_success_rate": 1.0
    },
    {
        "model": 1,
        "sequence": 13,
        "status": 1,
        "fuel": 6598,
        "fault": 0.9382,
        "weapon": 1,
        "pilot_injury": 0.6285,
        "pilot_skill": 0.2152,
        "mission_priority": 0.6275,
        "estimated_landing_time": 1228.0,
        "wait_time": 0,
        "Landing_success_rate": 1.0
    },
    {
        "model": 1,
        "sequence": 6,
        "status": 1,
        "fuel": 6624,
        "fault": 0.9294,
        "weapon": 1,
        "pilot_injury": 0.0325,
        "pilot_skill": 0.2356,
        "mission_priority": 0.3103,
        "estimated_landing_time": 570.0,
        "wait_time": 0,
        "Landing_success_rate": 1.0
    },
    {
        "model": 1,
        "sequence": 5,
        "status": 1,
        "fuel": 5720,
        "fault": 0.3872,
        "weapon": 0,
        "pilot_injury": 0.2035,
        "pilot_skill": 0.9546,
        "mission_priority": 0.9185,
        "estimated_landing_time": 476.0,
        "wait_time": 0,
        "Landing_success_rate": 1.0
    },
    {
        "model": 0,
        "sequence": 17,
        "status": 1,
        "fuel": 6347,
        "fault": 0.7177,
        "weapon": 0,
        "pilot_injury": 0.4051,
        "pilot_skill": 0.239,
        "mission_priority": 0.6289,
        "estimated_landing_time": 1604.0,
        "wait_time": 0,
        "Landing_success_rate": 1.0
    },
    {
        "model": 2,
        "sequence": 15,
        "status": 1,
        "fuel": 7044,
        "fault": 0.8695,
        "weapon": 1,
        "pilot_injury": 0.7409,
        "pilot_skill": 0.5426,
        "mission_priority": 0.6536,
        "estimated_landing_time": 1416.0,
        "wait_time": 0,
        "Landing_success_rate": 1.0
    },
    {
        "model": 0,
        "sequence": 18,
        "status": 1,
        "fuel": 5725,
        "fault": 0.7562,
        "weapon": 1,
        "pilot_injury": 0.4892,
        "pilot_skill": 0.1333,
        "mission_priority": 0.2425,
        "estimated_landing_time": 1698.0,
        "wait_time": 0,
        "Landing_success_rate": 1.0
    },
    {
        "model": 2,
        "sequence": 11,
        "status": 1,
        "fuel": 6551,
        "fault": 0.2283,
        "weapon": 1,
        "pilot_injury": 0.2304,
        "pilot_skill": 0.2892,
        "mission_priority": 0.3694,
        "estimated_landing_time": 1040.0,
        "wait_time": 0,
        "Landing_success_rate": 1.0
    },
    {
        "model": 1,
        "sequence": 2,
        "status": 1,
        "fuel": 6363,
        "fault": 0.3548,
        "weapon": 1,
        "pilot_injury": 0.9539,
        "pilot_skill": 0.8656,
        "mission_priority": 0.5772,
        "estimated_landing_time": 194.0,
        "wait_time": 0,
        "Landing_success_rate": 1.0
    },
    {
        "model": 2,
        "sequence": 12,
        "status": 1,
        "fuel": 7281,
        "fault": 0.1517,
        "weapon": 0,
        "pilot_injury": 0.3389,
        "pilot_skill": 0.7957,
        "mission_priority": 0.0775,
        "estimated_landing_time": 1134.0,
        "wait_time": 0,
        "Landing_success_rate": 1.0
    }
]