[
    {
        "model": 1,
        "sequence": 14,
        "status": 1,
        "fuel": 6750,
        "fault": 0.1609,
        "weapon": 1,
        "pilot_injury": 0.4533,
        "pilot_skill": 0.8532,
        "mission_priority": 0.5813,
        "estimated_landing_time": 1322.0,
        "wait_time": 0,
        "Landing_success_rate": 1.0
    },
    {
        "model": 1,
        "sequence": 16,
        "status": 1,
        "fuel": 7324,
        "fault": 0.8146,
        "weapon": 0,
        "pilot_injury": 0.4745,
        "pilot_skill": 0.3615,
        "mission_priority": 0.3587,
        "estimated_landing_time": 1510.0,
        "wait_time": 0,
        "Landing_success_rate": 1.0
    },
    {
        "model": 0,
        "sequence": 3,
        "status": 1,
        "fuel": 6104,
        "fault": 0.3942,
        "weapon": 0,
        "pilot_injury": 0.7969,
        "pilot_skill": 0.341,
        "mission_priority": 0.8055,
        "estimated_landing_time": 288.0,
        "wait_time": 0,
        "Landing_success_rate": 1.0
    },
    {
        "model": 0,
        "sequence": 13,
        "status": 1,
        "fuel": 5945,
        "fault": 0.8468,
        "weapon": 0,
        "pilot_injury": 0.5542,
        "pilot_skill": 0.5879,
        "mission_priority": 0.9345,
        "estimated_landing_time": 1228.0,
        "wait_time": 0,
        "Landing_success_rate": 1.0
    },
    {
        "model": 1,
        "sequence": 11,
        "status": 1,
        "fuel": 7473,
        "fault": 0.5728,
        "weapon": 0,
        "pilot_injury": 0.9083,
        "pilot_skill": 0.6046,
        "mission_priority": 0.5278,
        "estimated_landing_time": 1040.0,
        "wait_time": 0,
        "Landing_success_rate": 1.0
    },
    {
        "model": 2,
        "sequence": 18,
        "status": 1,
        "fuel": 6420,
        "fault": 0.1068,
        "weapon": 1,
        "pilot_injury": 0.7732,
        "pilot_skill": 0.1063,
        "mission_priority": 0.7784,
        "estimated_landing_time": 1698.0,
        "wait_time": 0,
        "Landing_success_rate": 1.0
    },
    {
        "model": 0,
        "sequence": 7,
        "status": 1,
        "fuel": 5944,
        "fault": 0.4607,
        "weapon": 0,
        "pilot_injury": 0.2105,
        "pilot_skill": 0.6896,
        "mission_priority": 0.8773,
        "estimated_landing_time": 664.0,
        "wait_time": 0,
        "Landing_success_rate": 1.0
    },
    {
        "model": 1,
        "sequence": 12,
        "status": 1,
        "fuel": 5515,
        "fault": 0.5517,
        "weapon": 1,
        "pilot_injury": 0.2985,
        "pilot_skill": 0.6724,
        "mission_priority": 0.3288,
        "estimated_landing_time": 1134.0,
        "wait_time": 0,
        "Landing_success_rate": 1.0
    },
    {
        "model": 1,
        "sequence": 1,
        "status": 1,
        "fuel": 6507,
        "fault": 0.2582,
        "weapon": 0,
        "pilot_injury": 0.4975,
        "pilot_skill": 0.2759,
        "mission_priority": 0.731,
        "estimated_landing_time": 100.0,
        "wait_time": 0,
        "Landing_success_rate": 1.0
    },
    {
        "model": 2,
        "sequence": 2,
        "status": 1,
        "fuel": 7172,
        "fault": 0.7093,
        "weapon": 0,
        "pilot_injury": 0.2376,
        "pilot_skill": 0.4893,
        "mission_priority": 0.2861,
        "estimated_landing_time": 194.0,
        "wait_time": 0,
        "Landing_success_rate": 1.0
    },
    {
        "model": 0,
        "sequence": 8,
        "status": 1,
        "fuel": 7090,
        "fault": 0.5637,
        "weapon": 1,
        "pilot_injury": 0.9171,
        "pilot_skill": 0.5834,
        "mission_priority": 0.4626,
        "estimated_landing_time": 758.0,
        "wait_time": 0,
        "Landing_success_rate": 1.0
    },
    {
        "model": 1,
        "sequence": 10,
        "status": 1,
        "fuel": 6644,
        "fault": 0.1982,
        "weapon": 1,
        "pilot_injury": 0.1836,
        "pilot_skill": 0.8209,
        "mission_priority": 0.4289,
        "estimated_landing_time": 946.0,
        "wait_time": 0,
        "Landing_success_rate": 1.0
    },
    {
        "model": 2,
        "sequence": 9,
        "status": 1,
        "fuel": 6838,
        "fault": 0.9059,
        "weapon": 1,
        "pilot_injury": 0.2675,
        "pilot_skill": 0.5192,
        "mission_priority": 0.2344,
        "estimated_landing_time": 852.0,
        "wait_time": 0,
        "Landing_success_rate": 1.0
    },
    {
        "model": 1,
        "sequence": 6,
        "status": 1,
        "fuel": 6965,
        "fault": 0.196,
        "weapon": 0,
        "pilot_injury": 0.5833,
        "pilot_skill": 0.7348,
        "mission_priority": 0.3215,
        "estimated_landing_time": 570.0,
        "wait_time": 0,
        "Landing_success_rate": 1.0
    },
    {
        "model": 0,
        "sequence": 5,
        "status": 1,
        "fuel": 7151,
        "fault": 0.5448,
        "weapon": 1,
        "pilot_injury": 0.9147,
        "pilot_skill": 0.4935,
        "mission_priority": 0.4536,
        "estimated_landing_time": 476.0,
        "wait_time": 0,
        "Landing_success_rate": 1.0
    },
    {
        "model": 2,
        "sequence": 15,
        "status": 1,
        "fuel": 7363,
        "fault": 0.265,
        "weapon": 1,
        "pilot_injury": 0.5281,
        "pilot_skill": 0.2021,
        "mission_priority": 0.1101,
        "estimated_landing_time": 1416.0,
        "wait_time": 0,
        "Landing_success_rate": 1.0
    },
    {
        "model": 1,
        "sequence": 17,
        "status": 1,
        "fuel": 6758,
        "fault": 0.9995,
        "weapon": 0,
        "pilot_injury": 0.8653,
        "pilot_skill": 0.6028,
        "mission_priority": 0.7275,
        "estimated_landing_time": 1604.0,
        "wait_time": 0,
        "Landing_success_rate": 1.0
    },
    {
        "model": 2,
        "sequence": 4,
        "status": 1,
        "fuel": 5902,
        "fault": 0.1513,
        "weapon": 0,
        "pilot_injury": 0.667,
        "pilot_skill": 0.2007,
        "mission_priority": 0.8802,
        "estimated_landing_time": 382.0,
        "wait_time": 0,
        "Landing_success_rate": 1.0
    }
]