[
    {
        "model": 0,
        "sequence": 17,
        "status": 1,
        "fuel": 6809,
        "fault": 0.0509,
        "weapon": 1,
        "pilot_injury": 0.9529,
        "pilot_skill": 0.4054,
        "mission_priority": 0.3372,
        "estimated_landing_time": 1604.0,
        "wait_time": 0,
        "Landing_success_rate": 1.0
    },
    {
        "model": 1,
        "sequence": 9,
        "status": 1,
        "fuel": 5670,
        "fault": 0.1339,
        "weapon": 1,
        "pilot_injury": 0.4211,
        "pilot_skill": 0.0685,
        "mission_priority": 0.5107,
        "estimated_landing_time": 852.0,
        "wait_time": 0,
        "Landing_success_rate": 1.0
    },
    {
        "model": 1,
        "sequence": 3,
        "status": 1,
        "fuel": 6591,
        "fault": 0.3556,
        "weapon": 1,
        "pilot_injury": 0.6598,
        "pilot_skill": 0.4459,
        "mission_priority": 0.2247,
        "estimated_landing_time": 288.0,
        "wait_time": 0,
        "Landing_success_rate": 1.0
    },
    {
        "model": 1,
        "sequence": 5,
        "status": 1,
        "fuel": 6285,
        "fault": 0.3969,
        "weapon": 0,
        "pilot_injury": 0.1533,
        "pilot_skill": 0.9148,
        "mission_priority": 0.0644,
        "estimated_landing_time": 476.0,
        "wait_time": 0,
        "Landing_success_rate": 1.0
    },
    {
        "model": 0,
        "sequence": 10,
        "status": 1,
        "fuel": 6405,
        "fault": 0.2419,
        "weapon": 0,
        "pilot_injury": 0.9095,
        "pilot_skill": 0.52,
        "mission_priority": 0.7879,
        "estimated_landing_time": 946.0,
        "wait_time": 0,
        "Landing_success_rate": 1.0
    },
    {
        "model": 1,
        "sequence": 6,
        "status": 1,
        "fuel": 7153,
        "fault": 0.0439,
        "weapon": 0,
        "pilot_injury": 0.3583,
        "pilot_skill": 0.8278,
        "mission_priority": 0.0226,
        "estimated_landing_time": 570.0,
        "wait_time": 0,
        "Landing_success_rate": 1.0
    },
    {
        "model": 0,
        "sequence": 18,
        "status": 1,
        "fuel": 6063,
        "fault": 0.2054,
        "weapon": 1,
        "pilot_injury": 0.8592,
        "pilot_skill": 0.4675,
        "mission_priority": 0.4042,
        "estimated_landing_time": 1698.0,
        "wait_time": 0,
        "Landing_success_rate": 1.0
    },
    {
        "model": 1,
        "sequence": 12,
        "status": 1,
        "fuel": 6898,
        "fault": 0.1044,
        "weapon": 0,
        "pilot_injury": 0.8503,
        "pilot_skill": 0.7064,
        "mission_priority": 0.2905,
        "estimated_landing_time": 1134.0,
        "wait_time": 0,
        "Landing_success_rate": 1.0
    },
    {
        "model": 2,
        "sequence": 13,
        "status": 1,
        "fuel": 7317,
        "fault": 0.7223,
        "weapon": 0,
        "pilot_injury": 0.4231,
        "pilot_skill": 0.2788,
        "mission_priority": 0.4709,
        "estimated_landing_time": 1228.0,
        "wait_time": 0,
        "Landing_success_rate": 1.0
    },
    {
        "model": 0,
        "sequence": 14,
        "status": 1,
        "fuel": 6644,
        "fault": 0.7416,
        "weapon": 0,
        "pilot_injury": 0.5626,
        "pilot_skill": 0.803,
        "mission_priority": 0.4271,
        "estimated_landing_time": 1322.0,
        "wait_time": 0,
        "Landing_success_rate": 1.0
    },
    {
        "model": 2,
        "sequence": 7,
        "status": 1,
        "fuel": 6860,
        "fault": 0.0476,
        "weapon": 0,
        "pilot_injury": 0.9566,
        "pilot_skill": 0.8435,
        "mission_priority": 0.6884,
        "estimated_landing_time": 664.0,
        "wait_time": 0,
        "Landing_success_rate": 1.0
    },
    {
        "model": 0,
        "sequence": 15,
        "status": 1,
        "fuel": 5565,
        "fault": 0.6648,
        "weapon": 0,
        "pilot_injury": 0.2756,
        "pilot_skill": 0.8008,
        "mission_priority": 0.9183,
        "estimated_landing_time": 1416.0,
        "wait_time": 0,
        "Landing_success_rate": 1.0
    },
    {
        "model": 1,
        "sequence": 16,
        "status": 1,
        "fuel": 6949,
        "fault": 0.4378,
        "weapon": 1,
        "pilot_injury": 0.7917,
        "pilot_skill": 0.1932,
        "mission_priority": 0.6679,
        "estimated_landing_time": 1510.0,
        "wait_time": 0,
        "Landing_success_rate": 1.0
    },
    {
        "model": 1,
        "sequence": 2,
        "status": 1,
        "fuel": 6461,
        "fault": 0.1322,
        "weapon": 1,
        "pilot_injury": 0.1622,
        "pilot_skill": 0.4163,
        "mission_priority": 0.833,
        "estimated_landing_time": 194.0,
        "wait_time": 0,
        "Landing_success_rate": 1.0
    },
    {
        "model": 2,
        "sequence": 11,
        "status": 1,
        "fuel": 5528,
        "fault": 0.5898,
        "weapon": 0,
        "pilot_injury": 0.532,
        "pilot_skill": 0.5113,
        "mission_priority": 0.9544,
        "estimated_landing_time": 1040.0,
        "wait_time": 0,
        "Landing_success_rate": 1.0
    },
    {
        "model": 1,
        "sequence": 1,
        "status": 1,
        "fuel": 7211,
        "fault": 0.2249,
        "weapon": 0,
        "pilot_injury": 0.9218,
        "pilot_skill": 0.3734,
        "mission_priority": 0.9021,
        "estimated_landing_time": 100.0,
        "wait_time": 0,
        "Landing_success_rate": 1.0
    },
    {
        "model": 0,
        "sequence": 8,
        "status": 1,
        "fuel": 5794,
        "fault": 0.6417,
        "weapon": 1,
        "pilot_injury": 0.2704,
        "pilot_skill": 0.4004,
        "mission_priority": 0.8704,
        "estimated_landing_time": 758.0,
        "wait_time": 0,
        "Landing_success_rate": 1.0
    },
    {
        "model": 1,
        "sequence": 4,
        "status": 1,
        "fuel": 7422,
        "fault": 0.0393,
        "weapon": 1,
        "pilot_injury": 0.1181,
        "pilot_skill": 0.0563,
        "mission_priority": 0.412,
        "estimated_landing_time": 382.0,
        "wait_time": 0,
        "Landing_success_rate": 1.0
    }
]