[
    {
        "model": 2,
        "sequence": 10,
        "status": 1,
        "fuel": 7202,
        "fault": 0.8951,
        "weapon": 0,
        "pilot_injury": 0.893,
        "pilot_skill": 0.7192,
        "mission_priority": 0.585,
        "estimated_landing_time": 946.0,
        "wait_time": 0,
        "Landing_success_rate": 1.0
    },
    {
        "model": 2,
        "sequence": 18,
        "status": 1,
        "fuel": 6357,
        "fault": 0.7098,
        "weapon": 1,
        "pilot_injury": 0.25,
        "pilot_skill": 0.5351,
        "mission_priority": 0.6896,
        "estimated_landing_time": 1698.0,
        "wait_time": 0,
        "Landing_success_rate": 1.0
    },
    {
        "model": 1,
        "sequence": 9,
        "status": 1,
        "fuel": 5929,
        "fault": 0.2686,
        "weapon": 1,
        "pilot_injury": 0.5867,
        "pilot_skill": 0.7959,
        "mission_priority": 0.4751,
        "estimated_landing_time": 852.0,
        "wait_time": 0,
        "Landing_success_rate": 1.0
    },
    {
        "model": 1,
        "sequence": 6,
        "status": 1,
        "fuel": 6827,
        "fault": 0.4813,
        "weapon": 1,
        "pilot_injury": 0.9388,
        "pilot_skill": 0.5339,
        "mission_priority": 0.5959,
        "estimated_landing_time": 570.0,
        "wait_time": 0,
        "Landing_success_rate": 1.0
    },
    {
        "model": 1,
        "sequence": 5,
        "status": 1,
        "fuel": 7493,
        "fault": 0.5115,
        "weapon": 1,
        "pilot_injury": 0.6329,
        "pilot_skill": 0.4199,
        "mission_priority": 0.5082,
        "estimated_landing_time": 476.0,
        "wait_time": 0,
        "Landing_success_rate": 1.0
    },
    {
        "model": 2,
        "sequence": 2,
        "status": 1,
        "fuel": 6752,
        "fault": 0.4092,
        "weapon": 1,
        "pilot_injury": 0.7845,
        "pilot_skill": 0.1854,
        "mission_priority": 0.6343,
        "estimated_landing_time": 194.0,
        "wait_time": 0,
        "Landing_success_rate": 1.0
    },
    {
        "model": 2,
        "sequence": 4,
        "status": 1,
        "fuel": 6287,
        "fault": 0.4961,
        "weapon": 0,
        "pilot_injury": 0.3104,
        "pilot_skill": 0.6561,
        "mission_priority": 0.2105,
        "estimated_landing_time": 382.0,
        "wait_time": 0,
        "Landing_success_rate": 1.0
    },
    {
        "model": 2,
        "sequence": 16,
        "status": 1,
        "fuel": 5716,
        "fault": 0.6595,
        "weapon": 0,
        "pilot_injury": 0.5569,
        "pilot_skill": 0.1082,
        "mission_priority": 0.9333,
        "estimated_landing_time": 1510.0,
        "wait_time": 0,
        "Landing_success_rate": 1.0
    },
    {
        "model": 1,
        "sequence": 17,
        "status": 1,
        "fuel": 5705,
        "fault": 0.3686,
        "weapon": 1,
        "pilot_injury": 0.4965,
        "pilot_skill": 0.277,
        "mission_priority": 0.5349,
        "estimated_landing_time": 1604.0,
        "wait_time": 0,
        "Landing_success_rate": 1.0
    },
    {
        "model": 2,
        "sequence": 14,
        "status": 1,
        "fuel": 6851,
        "fault": 0.271,
        "weapon": 0,
        "pilot_injury": 0.2659,
        "pilot_skill": 0.4384,
        "mission_priority": 0.0303,
        "estimated_landing_time": 1322.0,
        "wait_time": 0,
        "Landing_success_rate": 1.0
    },
    {
        "model": 1,
        "sequence": 8,
        "status": 1,
        "fuel": 6585,
        "fault": 0.0761,
        "weapon": 0,
        "pilot_injury": 0.6014,
        "pilot_skill": 0.546,
        "mission_priority": 0.5903,
        "estimated_landing_time": 758.0,
        "wait_time": 0,
        "Landing_success_rate": 1.0
    },
    {
        "model": 1,
        "sequence": 11,
        "status": 1,
        "fuel": 5931,
        "fault": 0.5631,
        "weapon": 1,
        "pilot_injury": 0.0478,
        "pilot_skill": 0.1915,
        "mission_priority": 0.1673,
        "estimated_landing_time": 1040.0,
        "wait_time": 0,
        "Landing_success_rate": 1.0
    },
    {
        "model": 0,
        "sequence": 1,
        "status": 1,
        "fuel": 6165,
        "fault": 0.6761,
        "weapon": 1,
        "pilot_injury": 0.4595,
        "pilot_skill": 0.9918,
        "mission_priority": 0.2269,
        "estimated_landing_time": 100.0,
        "wait_time": 0,
        "Landing_success_rate": 1.0
    },
    {
        "model": 0,
        "sequence": 3,
        "status": 1,
        "fuel": 7460,
        "fault": 0.9539,
        "weapon": 0,
        "pilot_injury": 0.8318,
        "pilot_skill": 0.4698,
        "mission_priority": 0.5546,
        "estimated_landing_time": 288.0,
        "wait_time": 0,
        "Landing_success_rate": 1.0
    },
    {
        "model": 0,
        "sequence": 15,
        "status": 1,
        "fuel": 6021,
        "fault": 0.8098,
        "weapon": 1,
        "pilot_injury": 0.206,
        "pilot_skill": 0.8284,
        "mission_priority": 0.5378,
        "estimated_landing_time": 1416.0,
        "wait_time": 0,
        "Landing_success_rate": 1.0
    },
    {
        "model": 1,
        "sequence": 7,
        "status": 1,
        "fuel": 6699,
        "fault": 0.6785,
        "weapon": 0,
        "pilot_injury": 0.4132,
        "pilot_skill": 0.8768,
        "mission_priority": 0.1261,
        "estimated_landing_time": 664.0,
        "wait_time": 0,
        "Landing_success_rate": 1.0
    },
    {
        "model": 0,
        "sequence": 12,
        "status": 1,
        "fuel": 7147,
        "fault": 0.5122,
        "weapon": 0,
        "pilot_injury": 0.0761,
        "pilot_skill": 0.5011,
        "mission_priority": 0.687,
        "estimated_landing_time": 1134.0,
        "wait_time": 0,
        "Landing_success_rate": 1.0
    },
    {
        "model": 0,
        "sequence": 13,
        "status": 1,
        "fuel": 6286,
        "fault": 0.3754,
        "weapon": 1,
        "pilot_injury": 0.9089,
        "pilot_skill": 0.942,
        "mission_priority": 0.0643,
        "estimated_landing_time": 1228.0,
        "wait_time": 0,
        "Landing_success_rate": 1.0
    }
]