[
    {
        "model": 1,
        "sequence": 8,
        "status": 1,
        "fuel": 7010,
        "fault": 0.1847,
        "weapon": 1,
        "pilot_injury": 0.2061,
        "pilot_skill": 0.4412,
        "mission_priority": 0.065,
        "estimated_landing_time": 758.0,
        "wait_time": 0,
        "Landing_success_rate": 1.0
    },
    {
        "model": 0,
        "sequence": 6,
        "status": 1,
        "fuel": 5838,
        "fault": 0.6725,
        "weapon": 1,
        "pilot_injury": 0.9031,
        "pilot_skill": 0.8642,
        "mission_priority": 0.4646,
        "estimated_landing_time": 570.0,
        "wait_time": 0,
        "Landing_success_rate": 1.0
    },
    {
        "model": 0,
        "sequence": 5,
        "status": 1,
        "fuel": 6073,
        "fault": 0.1771,
        "weapon": 0,
        "pilot_injury": 0.8031,
        "pilot_skill": 0.4318,
        "mission_priority": 0.7858,
        "estimated_landing_time": 476.0,
        "wait_time": 0,
        "Landing_success_rate": 1.0
    },
    {
        "model": 2,
        "sequence": 9,
        "status": 1,
        "fuel": 6010,
        "fault": 0.2846,
        "weapon": 1,
        "pilot_injury": 0.4864,
        "pilot_skill": 0.4626,
        "mission_priority": 0.7851,
        "estimated_landing_time": 852.0,
        "wait_time": 0,
        "Landing_success_rate": 1.0
    },
    {
        "model": 1,
        "sequence": 4,
        "status": 1,
        "fuel": 6118,
        "fault": 0.1636,
        "weapon": 0,
        "pilot_injury": 0.1798,
        "pilot_skill": 0.4678,
        "mission_priority": 0.9681,
        "estimated_landing_time": 382.0,
        "wait_time": 0,
        "Landing_success_rate": 1.0
    },
    {
        "model": 0,
        "sequence": 15,
        "status": 1,
        "fuel": 6554,
        "fault": 0.0451,
        "weapon": 1,
        "pilot_injury": 0.0328,
        "pilot_skill": 0.4679,
        "mission_priority": 0.6466,
        "estimated_landing_time": 1416.0,
        "wait_time": 0,
        "Landing_success_rate": 1.0
    },
    {
        "model": 1,
        "sequence": 17,
        "status": 1,
        "fuel": 6921,
        "fault": 0.9623,
        "weapon": 1,
        "pilot_injury": 0.8524,
        "pilot_skill": 0.5484,
        "mission_priority": 0.1973,
        "estimated_landing_time": 1604.0,
        "wait_time": 0,
        "Landing_success_rate": 1.0
    },
    {
        "model": 1,
        "sequence": 1,
        "status": 1,
        "fuel": 6337,
        "fault": 0.348,
        "weapon": 0,
        "pilot_injury": 0.5309,
        "pilot_skill": 0.0517,
        "mission_priority": 0.1585,
        "estimated_landing_time": 100.0,
        "wait_time": 0,
        "Landing_success_rate": 1.0
    },
    {
        "model": 2,
        "sequence": 11,
        "status": 1,
        "fuel": 7227,
        "fault": 0.8433,
        "weapon": 1,
        "pilot_injury": 0.2334,
        "pilot_skill": 0.4534,
        "mission_priority": 0.5171,
        "estimated_landing_time": 1040.0,
        "wait_time": 0,
        "Landing_success_rate": 1.0
    },
    {
        "model": 0,
        "sequence": 14,
        "status": 1,
        "fuel": 5981,
        "fault": 0.6508,
        "weapon": 0,
        "pilot_injury": 0.7899,
        "pilot_skill": 0.6183,
        "mission_priority": 0.1131,
        "estimated_landing_time": 1322.0,
        "wait_time": 0,
        "Landing_success_rate": 1.0
    },
    {
        "model": 0,
        "sequence": 7,
        "status": 1,
        "fuel": 7100,
        "fault": 0.4761,
        "weapon": 0,
        "pilot_injury": 0.3969,
        "pilot_skill": 0.7435,
        "mission_priority": 0.5807,
        "estimated_landing_time": 664.0,
        "wait_time": 0,
        "Landing_success_rate": 1.0
    },
    {
        "model": 1,
        "sequence": 12,
        "status": 1,
        "fuel": 5657,
        "fault": 0.2938,
        "weapon": 0,
        "pilot_injury": 0.2268,
        "pilot_skill": 0.5755,
        "mission_priority": 0.4234,
        "estimated_landing_time": 1134.0,
        "wait_time": 0,
        "Landing_success_rate": 1.0
    },
    {
        "model": 1,
        "sequence": 16,
        "status": 1,
        "fuel": 6029,
        "fault": 0.324,
        "weapon": 1,
        "pilot_injury": 0.6629,
        "pilot_skill": 0.8525,
        "mission_priority": 0.2579,
        "estimated_landing_time": 1510.0,
        "wait_time": 0,
        "Landing_success_rate": 1.0
    },
    {
        "model": 2,
        "sequence": 3,
        "status": 1,
        "fuel": 5591,
        "fault": 0.6708,
        "weapon": 1,
        "pilot_injury": 0.3332,
        "pilot_skill": 0.595,
        "mission_priority": 0.0902,
        "estimated_landing_time": 288.0,
        "wait_time": 0,
        "Landing_success_rate": 1.0
    },
    {
        "model": 2,
        "sequence": 2,
        "status": 1,
        "fuel": 6658,
        "fault": 0.7667,
        "weapon": 1,
        "pilot_injury": 0.9592,
        "pilot_skill": 0.7157,
        "mission_priority": 0.7882,
        "estimated_landing_time": 194.0,
        "wait_time": 0,
        "Landing_success_rate": 1.0
    },
    {
        "model": 2,
        "sequence": 18,
        "status": 1,
        "fuel": 7286,
        "fault": 0.5777,
        "weapon": 1,
        "pilot_injury": 0.4499,
        "pilot_skill": 0.8584,
        "mission_priority": 0.9568,
        "estimated_landing_time": 1698.0,
        "wait_time": 0,
        "Landing_success_rate": 1.0
    },
    {
        "model": 2,
        "sequence": 13,
        "status": 1,
        "fuel": 6960,
        "fault": 0.317,
        "weapon": 0,
        "pilot_injury": 0.5833,
        "pilot_skill": 0.5384,
        "mission_priority": 0.4545,
        "estimated_landing_time": 1228.0,
        "wait_time": 0,
        "Landing_success_rate": 1.0
    },
    {
        "model": 2,
        "sequence": 10,
        "status": 1,
        "fuel": 5999,
        "fault": 0.8508,
        "weapon": 0,
        "pilot_injury": 0.2415,
        "pilot_skill": 0.5097,
        "mission_priority": 0.38,
        "estimated_landing_time": 946.0,
        "wait_time": 0,
        "Landing_success_rate": 1.0
    }
]