[
    {
        "model": 2,
        "sequence": 2,
        "status": 1,
        "fuel": 7429,
        "fault": 0.7233,
        "weapon": 0,
        "pilot_injury": 0.6657,
        "pilot_skill": 0.4935,
        "mission_priority": 0.9232,
        "estimated_landing_time": 194.0,
        "wait_time": 0,
        "Landing_success_rate": 1.0
    },
    {
        "model": 1,
        "sequence": 8,
        "status": 1,
        "fuel": 7003,
        "fault": 0.249,
        "weapon": 0,
        "pilot_injury": 0.8887,
        "pilot_skill": 0.0617,
        "mission_priority": 0.4501,
        "estimated_landing_time": 758.0,
        "wait_time": 0,
        "Landing_success_rate": 1.0
    },
    {
        "model": 1,
        "sequence": 1,
        "status": 1,
        "fuel": 7156,
        "fault": 0.9866,
        "weapon": 0,
        "pilot_injury": 0.6495,
        "pilot_skill": 0.3026,
        "mission_priority": 0.46,
        "estimated_landing_time": 100.0,
        "wait_time": 0,
        "Landing_success_rate": 1.0
    },
    {
        "model": 2,
        "sequence": 13,
        "status": 1,
        "fuel": 6252,
        "fault": 0.0545,
        "weapon": 0,
        "pilot_injury": 0.1595,
        "pilot_skill": 0.8856,
        "mission_priority": 0.01,
        "estimated_landing_time": 1228.0,
        "wait_time": 0,
        "Landing_success_rate": 1.0
    },
    {
        "model": 1,
        "sequence": 15,
        "status": 1,
        "fuel": 5895,
        "fault": 0.1708,
        "weapon": 0,
        "pilot_injury": 0.3317,
        "pilot_skill": 0.7231,
        "mission_priority": 0.5078,
        "estimated_landing_time": 1416.0,
        "wait_time": 0,
        "Landing_success_rate": 1.0
    },
    {
        "model": 1,
        "sequence": 4,
        "status": 1,
        "fuel": 7003,
        "fault": 0.1163,
        "weapon": 1,
        "pilot_injury": 0.3895,
        "pilot_skill": 0.2411,
        "mission_priority": 0.0157,
        "estimated_landing_time": 382.0,
        "wait_time": 0,
        "Landing_success_rate": 1.0
    },
    {
        "model": 1,
        "sequence": 16,
        "status": 1,
        "fuel": 6849,
        "fault": 0.2972,
        "weapon": 1,
        "pilot_injury": 0.2568,
        "pilot_skill": 0.0925,
        "mission_priority": 0.1009,
        "estimated_landing_time": 1510.0,
        "wait_time": 0,
        "Landing_success_rate": 1.0
    },
    {
        "model": 2,
        "sequence": 7,
        "status": 1,
        "fuel": 7393,
        "fault": 0.7827,
        "weapon": 0,
        "pilot_injury": 0.0022,
        "pilot_skill": 0.6387,
        "mission_priority": 0.1412,
        "estimated_landing_time": 664.0,
        "wait_time": 0,
        "Landing_success_rate": 1.0
    },
    {
        "model": 2,
        "sequence": 5,
        "status": 1,
        "fuel": 5773,
        "fault": 0.8422,
        "weapon": 0,
        "pilot_injury": 0.9551,
        "pilot_skill": 0.6109,
        "mission_priority": 0.0013,
        "estimated_landing_time": 476.0,
        "wait_time": 0,
        "Landing_success_rate": 1.0
    },
    {
        "model": 1,
        "sequence": 12,
        "status": 1,
        "fuel": 7197,
        "fault": 0.5217,
        "weapon": 1,
        "pilot_injury": 0.0904,
        "pilot_skill": 0.9479,
        "mission_priority": 0.2586,
        "estimated_landing_time": 1134.0,
        "wait_time": 0,
        "Landing_success_rate": 1.0
    },
    {
        "model": 2,
        "sequence": 11,
        "status": 1,
        "fuel": 7245,
        "fault": 0.3156,
        "weapon": 1,
        "pilot_injury": 0.0512,
        "pilot_skill": 0.4965,
        "mission_priority": 0.1233,
        "estimated_landing_time": 1040.0,
        "wait_time": 0,
        "Landing_success_rate": 1.0
    },
    {
        "model": 2,
        "sequence": 17,
        "status": 1,
        "fuel": 6979,
        "fault": 0.2435,
        "weapon": 1,
        "pilot_injury": 0.7728,
        "pilot_skill": 0.8032,
        "mission_priority": 0.1534,
        "estimated_landing_time": 1604.0,
        "wait_time": 0,
        "Landing_success_rate": 1.0
    },
    {
        "model": 1,
        "sequence": 9,
        "status": 1,
        "fuel": 6626,
        "fault": 0.5657,
        "weapon": 1,
        "pilot_injury": 0.1514,
        "pilot_skill": 0.7985,
        "mission_priority": 0.7072,
        "estimated_landing_time": 852.0,
        "wait_time": 0,
        "Landing_success_rate": 1.0
    },
    {
        "model": 2,
        "sequence": 3,
        "status": 1,
        "fuel": 6615,
        "fault": 0.8094,
        "weapon": 0,
        "pilot_injury": 0.1058,
        "pilot_skill": 0.6282,
        "mission_priority": 0.1214,
        "estimated_landing_time": 288.0,
        "wait_time": 0,
        "Landing_success_rate": 1.0
    },
    {
        "model": 0,
        "sequence": 10,
        "status": 1,
        "fuel": 7167,
        "fault": 0.0704,
        "weapon": 1,
        "pilot_injury": 0.3902,
        "pilot_skill": 0.5786,
        "mission_priority": 0.9113,
        "estimated_landing_time": 946.0,
        "wait_time": 0,
        "Landing_success_rate": 1.0
    },
    {
        "model": 2,
        "sequence": 6,
        "status": 1,
        "fuel": 6334,
        "fault": 0.5012,
        "weapon": 0,
        "pilot_injury": 0.3787,
        "pilot_skill": 0.8431,
        "mission_priority": 0.6442,
        "estimated_landing_time": 570.0,
        "wait_time": 0,
        "Landing_success_rate": 1.0
    },
    {
        "model": 0,
        "sequence": 14,
        "status": 1,
        "fuel": 7430,
        "fault": 0.4195,
        "weapon": 0,
        "pilot_injury": 0.894,
        "pilot_skill": 0.9198,
        "mission_priority": 0.0948,
        "estimated_landing_time": 1322.0,
        "wait_time": 0,
        "Landing_success_rate": 1.0
    },
    {
        "model": 1,
        "sequence": 18,
        "status": 1,
        "fuel": 7397,
        "fault": 0.7292,
        "weapon": 0,
        "pilot_injury": 0.7569,
        "pilot_skill": 0.6067,
        "mission_priority": 0.1668,
        "estimated_landing_time": 1698.0,
        "wait_time": 0,
        "Landing_success_rate": 1.0
    }
]