[
    {
        "model": 2,
        "sequence": 8,
        "status": 1,
        "fuel": 6457,
        "fault": 0.7852,
        "weapon": 0,
        "pilot_injury": 0.3825,
        "pilot_skill": 0.9832,
        "mission_priority": 0.4668,
        "estimated_landing_time": 758.0,
        "wait_time": 0,
        "Landing_success_rate": 1.0
    },
    {
        "model": 0,
        "sequence": 14,
        "status": 1,
        "fuel": 7008,
        "fault": 0.6075,
        "weapon": 0,
        "pilot_injury": 0.4505,
        "pilot_skill": 0.0133,
        "mission_priority": 0.9422,
        "estimated_landing_time": 1322.0,
        "wait_time": 0,
        "Landing_success_rate": 1.0
    },
    {
        "model": 2,
        "sequence": 11,
        "status": 1,
        "fuel": 5513,
        "fault": 0.8084,
        "weapon": 0,
        "pilot_injury": 0.016,
        "pilot_skill": 0.2309,
        "mission_priority": 0.241,
        "estimated_landing_time": 1040.0,
        "wait_time": 0,
        "Landing_success_rate": 1.0
    },
    {
        "model": 2,
        "sequence": 4,
        "status": 1,
        "fuel": 6455,
        "fault": 0.122,
        "weapon": 0,
        "pilot_injury": 0.8332,
        "pilot_skill": 0.1734,
        "mission_priority": 0.3911,
        "estimated_landing_time": 382.0,
        "wait_time": 0,
        "Landing_success_rate": 1.0
    },
    {
        "model": 0,
        "sequence": 17,
        "status": 1,
        "fuel": 7085,
        "fault": 0.6625,
        "weapon": 1,
        "pilot_injury": 0.4252,
        "pilot_skill": 0.2079,
        "mission_priority": 0.5677,
        "estimated_landing_time": 1604.0,
        "wait_time": 0,
        "Landing_success_rate": 1.0
    },
    {
        "model": 0,
        "sequence": 7,
        "status": 1,
        "fuel": 7000,
        "fault": 0.9696,
        "weapon": 1,
        "pilot_injury": 0.4498,
        "pilot_skill": 0.3952,
        "mission_priority": 0.9267,
        "estimated_landing_time": 664.0,
        "wait_time": 0,
        "Landing_success_rate": 1.0
    },
    {
        "model": 2,
        "sequence": 3,
        "status": 1,
        "fuel": 7386,
        "fault": 0.9219,
        "weapon": 1,
        "pilot_injury": 0.5704,
        "pilot_skill": 0.5208,
        "mission_priority": 0.9612,
        "estimated_landing_time": 288.0,
        "wait_time": 0,
        "Landing_success_rate": 1.0
    },
    {
        "model": 1,
        "sequence": 13,
        "status": 1,
        "fuel": 7248,
        "fault": 0.3887,
        "weapon": 1,
        "pilot_injury": 0.5397,
        "pilot_skill": 0.5868,
        "mission_priority": 0.9653,
        "estimated_landing_time": 1228.0,
        "wait_time": 0,
        "Landing_success_rate": 1.0
    },
    {
        "model": 2,
        "sequence": 9,
        "status": 1,
        "fuel": 5687,
        "fault": 0.5427,
        "weapon": 0,
        "pilot_injury": 0.2963,
        "pilot_skill": 0.1653,
        "mission_priority": 0.0156,
        "estimated_landing_time": 852.0,
        "wait_time": 0,
        "Landing_success_rate": 1.0
    },
    {
        "model": 2,
        "sequence": 18,
        "status": 1,
        "fuel": 6020,
        "fault": 0.7722,
        "weapon": 1,
        "pilot_injury": 0.2935,
        "pilot_skill": 0.0141,
        "mission_priority": 0.1988,
        "estimated_landing_time": 1698.0,
        "wait_time": 0,
        "Landing_success_rate": 1.0
    },
    {
        "model": 2,
        "sequence": 10,
        "status": 1,
        "fuel": 5891,
        "fault": 0.729,
        "weapon": 0,
        "pilot_injury": 0.606,
        "pilot_skill": 0.9263,
        "mission_priority": 0.6511,
        "estimated_landing_time": 946.0,
        "wait_time": 0,
        "Landing_success_rate": 1.0
    },
    {
        "model": 2,
        "sequence": 15,
        "status": 1,
        "fuel": 6551,
        "fault": 0.8631,
        "weapon": 1,
        "pilot_injury": 0.4495,
        "pilot_skill": 0.0954,
        "mission_priority": 0.3708,
        "estimated_landing_time": 1416.0,
        "wait_time": 0,
        "Landing_success_rate": 1.0
    },
    {
        "model": 0,
        "sequence": 1,
        "status": 1,
        "fuel": 7097,
        "fault": 0.3252,
        "weapon": 0,
        "pilot_injury": 0.5913,
        "pilot_skill": 0.2747,
        "mission_priority": 0.5612,
        "estimated_landing_time": 100.0,
        "wait_time": 0,
        "Landing_success_rate": 1.0
    },
    {
        "model": 2,
        "sequence": 5,
        "status": 1,
        "fuel": 7262,
        "fault": 0.1196,
        "weapon": 1,
        "pilot_injury": 0.8489,
        "pilot_skill": 0.7217,
        "mission_priority": 0.236,
        "estimated_landing_time": 476.0,
        "wait_time": 0,
        "Landing_success_rate": 1.0
    },
    {
        "model": 1,
        "sequence": 12,
        "status": 1,
        "fuel": 5897,
        "fault": 0.4938,
        "weapon": 0,
        "pilot_injury": 0.7107,
        "pilot_skill": 0.1109,
        "mission_priority": 0.4393,
        "estimated_landing_time": 1134.0,
        "wait_time": 0,
        "Landing_success_rate": 1.0
    },
    {
        "model": 0,
        "sequence": 16,
        "status": 1,
        "fuel": 7214,
        "fault": 0.0314,
        "weapon": 0,
        "pilot_injury": 0.4754,
        "pilot_skill": 0.5633,
        "mission_priority": 0.6955,
        "estimated_landing_time": 1510.0,
        "wait_time": 0,
        "Landing_success_rate": 1.0
    },
    {
        "model": 1,
        "sequence": 2,
        "status": 1,
        "fuel": 5984,
        "fault": 0.2493,
        "weapon": 0,
        "pilot_injury": 0.5398,
        "pilot_skill": 0.2031,
        "mission_priority": 0.9429,
        "estimated_landing_time": 194.0,
        "wait_time": 0,
        "Landing_success_rate": 1.0
    },
    {
        "model": 1,
        "sequence": 6,
        "status": 1,
        "fuel": 7362,
        "fault": 0.2898,
        "weapon": 1,
        "pilot_injury": 0.8805,
        "pilot_skill": 0.6244,
        "mission_priority": 0.2956,
        "estimated_landing_time": 570.0,
        "wait_time": 0,
        "Landing_success_rate": 1.0
    }
]