[
    {
        "model": 0,
        "sequence": 7,
        "status": 1,
        "fuel": 7447,
        "fault": 0.0256,
        "weapon": 1,
        "pilot_injury": 0.1089,
        "pilot_skill": 0.149,
        "mission_priority": 0.5266,
        "estimated_landing_time": 664.0,
        "wait_time": 0,
        "Landing_success_rate": 1.0
    },
    {
        "model": 2,
        "sequence": 13,
        "status": 1,
        "fuel": 6474,
        "fault": 0.5336,
        "weapon": 0,
        "pilot_injury": 0.3944,
        "pilot_skill": 0.5494,
        "mission_priority": 0.7469,
        "estimated_landing_time": 1228.0,
        "wait_time": 0,
        "Landing_success_rate": 1.0
    },
    {
        "model": 0,
        "sequence": 4,
        "status": 1,
        "fuel": 5863,
        "fault": 0.9555,
        "weapon": 0,
        "pilot_injury": 0.8224,
        "pilot_skill": 0.4309,
        "mission_priority": 0.8967,
        "estimated_landing_time": 382.0,
        "wait_time": 0,
        "Landing_success_rate": 1.0
    },
    {
        "model": 1,
        "sequence": 9,
        "status": 1,
        "fuel": 6640,
        "fault": 0.898,
        "weapon": 0,
        "pilot_injury": 0.6547,
        "pilot_skill": 0.3801,
        "mission_priority": 0.1972,
        "estimated_landing_time": 852.0,
        "wait_time": 0,
        "Landing_success_rate": 1.0
    },
    {
        "model": 1,
        "sequence": 5,
        "status": 1,
        "fuel": 5640,
        "fault": 0.3516,
        "weapon": 1,
        "pilot_injury": 0.1663,
        "pilot_skill": 0.6174,
        "mission_priority": 0.5231,
        "estimated_landing_time": 476.0,
        "wait_time": 0,
        "Landing_success_rate": 1.0
    },
    {
        "model": 2,
        "sequence": 15,
        "status": 1,
        "fuel": 5993,
        "fault": 0.3073,
        "weapon": 0,
        "pilot_injury": 0.5323,
        "pilot_skill": 0.5809,
        "mission_priority": 0.0896,
        "estimated_landing_time": 1416.0,
        "wait_time": 0,
        "Landing_success_rate": 1.0
    },
    {
        "model": 0,
        "sequence": 1,
        "status": 1,
        "fuel": 6169,
        "fault": 0.7162,
        "weapon": 0,
        "pilot_injury": 0.9767,
        "pilot_skill": 0.8232,
        "mission_priority": 0.5225,
        "estimated_landing_time": 100.0,
        "wait_time": 0,
        "Landing_success_rate": 1.0
    },
    {
        "model": 0,
        "sequence": 14,
        "status": 1,
        "fuel": 6786,
        "fault": 0.6811,
        "weapon": 1,
        "pilot_injury": 0.7998,
        "pilot_skill": 0.1846,
        "mission_priority": 0.2953,
        "estimated_landing_time": 1322.0,
        "wait_time": 0,
        "Landing_success_rate": 1.0
    },
    {
        "model": 2,
        "sequence": 2,
        "status": 1,
        "fuel": 6764,
        "fault": 0.5673,
        "weapon": 1,
        "pilot_injury": 0.9178,
        "pilot_skill": 0.4245,
        "mission_priority": 0.087,
        "estimated_landing_time": 194.0,
        "wait_time": 0,
        "Landing_success_rate": 1.0
    },
    {
        "model": 0,
        "sequence": 8,
        "status": 1,
        "fuel": 7345,
        "fault": 0.5502,
        "weapon": 1,
        "pilot_injury": 0.5265,
        "pilot_skill": 0.1123,
        "mission_priority": 0.0026,
        "estimated_landing_time": 758.0,
        "wait_time": 0,
        "Landing_success_rate": 1.0
    },
    {
        "model": 1,
        "sequence": 16,
        "status": 1,
        "fuel": 7441,
        "fault": 0.8192,
        "weapon": 1,
        "pilot_injury": 0.5935,
        "pilot_skill": 0.7937,
        "mission_priority": 0.6466,
        "estimated_landing_time": 1510.0,
        "wait_time": 0,
        "Landing_success_rate": 1.0
    },
    {
        "model": 2,
        "sequence": 11,
        "status": 1,
        "fuel": 6483,
        "fault": 0.411,
        "weapon": 0,
        "pilot_injury": 0.9059,
        "pilot_skill": 0.7699,
        "mission_priority": 0.5566,
        "estimated_landing_time": 1040.0,
        "wait_time": 0,
        "Landing_success_rate": 1.0
    },
    {
        "model": 2,
        "sequence": 10,
        "status": 1,
        "fuel": 6358,
        "fault": 0.7805,
        "weapon": 1,
        "pilot_injury": 0.732,
        "pilot_skill": 0.8512,
        "mission_priority": 0.6714,
        "estimated_landing_time": 946.0,
        "wait_time": 0,
        "Landing_success_rate": 1.0
    },
    {
        "model": 0,
        "sequence": 6,
        "status": 1,
        "fuel": 6356,
        "fault": 0.0955,
        "weapon": 1,
        "pilot_injury": 0.1497,
        "pilot_skill": 0.4239,
        "mission_priority": 0.153,
        "estimated_landing_time": 570.0,
        "wait_time": 0,
        "Landing_success_rate": 1.0
    },
    {
        "model": 2,
        "sequence": 12,
        "status": 1,
        "fuel": 7084,
        "fault": 0.7369,
        "weapon": 1,
        "pilot_injury": 0.4729,
        "pilot_skill": 0.5354,
        "mission_priority": 0.1784,
        "estimated_landing_time": 1134.0,
        "wait_time": 0,
        "Landing_success_rate": 1.0
    },
    {
        "model": 0,
        "sequence": 3,
        "status": 1,
        "fuel": 6304,
        "fault": 0.642,
        "weapon": 1,
        "pilot_injury": 0.2062,
        "pilot_skill": 0.638,
        "mission_priority": 0.2569,
        "estimated_landing_time": 288.0,
        "wait_time": 0,
        "Landing_success_rate": 1.0
    },
    {
        "model": 0,
        "sequence": 18,
        "status": 1,
        "fuel": 6600,
        "fault": 0.5945,
        "weapon": 1,
        "pilot_injury": 0.1418,
        "pilot_skill": 0.2745,
        "mission_priority": 0.597,
        "estimated_landing_time": 1698.0,
        "wait_time": 0,
        "Landing_success_rate": 1.0
    },
    {
        "model": 0,
        "sequence": 17,
        "status": 1,
        "fuel": 7181,
        "fault": 0.4043,
        "weapon": 1,
        "pilot_injury": 0.4458,
        "pilot_skill": 0.7245,
        "mission_priority": 0.0158,
        "estimated_landing_time": 1604.0,
        "wait_time": 0,
        "Landing_success_rate": 1.0
    }
]