[
    {
        "model": 1,
        "sequence": 8,
        "status": 1,
        "fuel": 6464,
        "fault": 0.9728,
        "weapon": 1,
        "pilot_injury": 0.6145,
        "pilot_skill": 0.8925,
        "mission_priority": 0.0786,
        "estimated_landing_time": 758.0,
        "wait_time": 0,
        "Landing_success_rate": 1.0
    },
    {
        "model": 0,
        "sequence": 11,
        "status": 1,
        "fuel": 6653,
        "fault": 0.0247,
        "weapon": 1,
        "pilot_injury": 0.988,
        "pilot_skill": 0.3894,
        "mission_priority": 0.7326,
        "estimated_landing_time": 1040.0,
        "wait_time": 0,
        "Landing_success_rate": 1.0
    },
    {
        "model": 2,
        "sequence": 12,
        "status": 1,
        "fuel": 7026,
        "fault": 0.8005,
        "weapon": 0,
        "pilot_injury": 0.239,
        "pilot_skill": 0.2813,
        "mission_priority": 0.4111,
        "estimated_landing_time": 1134.0,
        "wait_time": 0,
        "Landing_success_rate": 1.0
    },
    {
        "model": 2,
        "sequence": 15,
        "status": 1,
        "fuel": 6053,
        "fault": 0.9251,
        "weapon": 1,
        "pilot_injury": 0.8794,
        "pilot_skill": 0.9656,
        "mission_priority": 0.3416,
        "estimated_landing_time": 1416.0,
        "wait_time": 0,
        "Landing_success_rate": 1.0
    },
    {
        "model": 0,
        "sequence": 18,
        "status": 1,
        "fuel": 6269,
        "fault": 0.2689,
        "weapon": 1,
        "pilot_injury": 0.6803,
        "pilot_skill": 0.8254,
        "mission_priority": 0.1466,
        "estimated_landing_time": 1698.0,
        "wait_time": 0,
        "Landing_success_rate": 1.0
    },
    {
        "model": 2,
        "sequence": 13,
        "status": 1,
        "fuel": 6718,
        "fault": 0.6501,
        "weapon": 1,
        "pilot_injury": 0.6163,
        "pilot_skill": 0.0449,
        "mission_priority": 0.6225,
        "estimated_landing_time": 1228.0,
        "wait_time": 0,
        "Landing_success_rate": 1.0
    },
    {
        "model": 1,
        "sequence": 5,
        "status": 1,
        "fuel": 6357,
        "fault": 0.899,
        "weapon": 1,
        "pilot_injury": 0.7697,
        "pilot_skill": 0.8109,
        "mission_priority": 0.4004,
        "estimated_landing_time": 476.0,
        "wait_time": 0,
        "Landing_success_rate": 1.0
    },
    {
        "model": 0,
        "sequence": 10,
        "status": 1,
        "fuel": 6885,
        "fault": 0.1393,
        "weapon": 0,
        "pilot_injury": 0.7718,
        "pilot_skill": 0.4839,
        "mission_priority": 0.8975,
        "estimated_landing_time": 946.0,
        "wait_time": 0,
        "Landing_success_rate": 1.0
    },
    {
        "model": 0,
        "sequence": 4,
        "status": 1,
        "fuel": 6138,
        "fault": 0.6892,
        "weapon": 1,
        "pilot_injury": 0.9365,
        "pilot_skill": 0.8255,
        "mission_priority": 0.7913,
        "estimated_landing_time": 382.0,
        "wait_time": 0,
        "Landing_success_rate": 1.0
    },
    {
        "model": 1,
        "sequence": 9,
        "status": 1,
        "fuel": 6771,
        "fault": 0.542,
        "weapon": 0,
        "pilot_injury": 0.8501,
        "pilot_skill": 0.2892,
        "mission_priority": 0.9523,
        "estimated_landing_time": 852.0,
        "wait_time": 0,
        "Landing_success_rate": 1.0
    },
    {
        "model": 2,
        "sequence": 7,
        "status": 1,
        "fuel": 6110,
        "fault": 0.5674,
        "weapon": 1,
        "pilot_injury": 0.5376,
        "pilot_skill": 0.5758,
        "mission_priority": 0.6452,
        "estimated_landing_time": 664.0,
        "wait_time": 0,
        "Landing_success_rate": 1.0
    },
    {
        "model": 1,
        "sequence": 2,
        "status": 1,
        "fuel": 7200,
        "fault": 0.9829,
        "weapon": 1,
        "pilot_injury": 0.0446,
        "pilot_skill": 0.1431,
        "mission_priority": 0.014,
        "estimated_landing_time": 194.0,
        "wait_time": 0,
        "Landing_success_rate": 1.0
    },
    {
        "model": 1,
        "sequence": 14,
        "status": 1,
        "fuel": 6116,
        "fault": 0.0144,
        "weapon": 1,
        "pilot_injury": 0.6659,
        "pilot_skill": 0.8227,
        "mission_priority": 0.0133,
        "estimated_landing_time": 1322.0,
        "wait_time": 0,
        "Landing_success_rate": 1.0
    },
    {
        "model": 2,
        "sequence": 3,
        "status": 1,
        "fuel": 6440,
        "fault": 0.9032,
        "weapon": 1,
        "pilot_injury": 0.499,
        "pilot_skill": 0.0722,
        "mission_priority": 0.6844,
        "estimated_landing_time": 288.0,
        "wait_time": 0,
        "Landing_success_rate": 1.0
    },
    {
        "model": 1,
        "sequence": 1,
        "status": 1,
        "fuel": 6909,
        "fault": 0.7655,
        "weapon": 1,
        "pilot_injury": 0.4853,
        "pilot_skill": 0.1494,
        "mission_priority": 0.6483,
        "estimated_landing_time": 100.0,
        "wait_time": 0,
        "Landing_success_rate": 1.0
    },
    {
        "model": 2,
        "sequence": 17,
        "status": 1,
        "fuel": 6318,
        "fault": 0.8599,
        "weapon": 0,
        "pilot_injury": 0.6131,
        "pilot_skill": 0.1572,
        "mission_priority": 0.9623,
        "estimated_landing_time": 1604.0,
        "wait_time": 0,
        "Landing_success_rate": 1.0
    },
    {
        "model": 2,
        "sequence": 16,
        "status": 1,
        "fuel": 5831,
        "fault": 0.7625,
        "weapon": 1,
        "pilot_injury": 0.6268,
        "pilot_skill": 0.2532,
        "mission_priority": 0.8037,
        "estimated_landing_time": 1510.0,
        "wait_time": 0,
        "Landing_success_rate": 1.0
    },
    {
        "model": 1,
        "sequence": 6,
        "status": 1,
        "fuel": 5886,
        "fault": 0.6223,
        "weapon": 1,
        "pilot_injury": 0.5019,
        "pilot_skill": 0.455,
        "mission_priority": 0.7535,
        "estimated_landing_time": 570.0,
        "wait_time": 0,
        "Landing_success_rate": 1.0
    }
]