[
    {
        "model": 2,
        "sequence": 13,
        "status": 1,
        "fuel": 7089,
        "fault": 0.3314,
        "weapon": 1,
        "pilot_injury": 0.6281,
        "pilot_skill": 0.9306,
        "mission_priority": 0.6761,
        "estimated_landing_time": 1228.0,
        "wait_time": 0,
        "Landing_success_rate": 1.0
    },
    {
        "model": 1,
        "sequence": 2,
        "status": 1,
        "fuel": 7157,
        "fault": 0.4123,
        "weapon": 1,
        "pilot_injury": 0.5505,
        "pilot_skill": 0.79,
        "mission_priority": 0.318,
        "estimated_landing_time": 194.0,
        "wait_time": 0,
        "Landing_success_rate": 1.0
    },
    {
        "model": 1,
        "sequence": 18,
        "status": 1,
        "fuel": 6246,
        "fault": 0.9693,
        "weapon": 1,
        "pilot_injury": 0.8158,
        "pilot_skill": 0.4667,
        "mission_priority": 0.0767,
        "estimated_landing_time": 1698.0,
        "wait_time": 0,
        "Landing_success_rate": 1.0
    },
    {
        "model": 2,
        "sequence": 8,
        "status": 1,
        "fuel": 6281,
        "fault": 0.1619,
        "weapon": 1,
        "pilot_injury": 0.4993,
        "pilot_skill": 0.1063,
        "mission_priority": 0.1141,
        "estimated_landing_time": 758.0,
        "wait_time": 0,
        "Landing_success_rate": 1.0
    },
    {
        "model": 2,
        "sequence": 7,
        "status": 1,
        "fuel": 5999,
        "fault": 0.4007,
        "weapon": 0,
        "pilot_injury": 0.4521,
        "pilot_skill": 0.9858,
        "mission_priority": 0.0002,
        "estimated_landing_time": 664.0,
        "wait_time": 0,
        "Landing_success_rate": 1.0
    },
    {
        "model": 1,
        "sequence": 1,
        "status": 1,
        "fuel": 6006,
        "fault": 0.6597,
        "weapon": 1,
        "pilot_injury": 0.4574,
        "pilot_skill": 0.3969,
        "mission_priority": 0.4554,
        "estimated_landing_time": 100.0,
        "wait_time": 0,
        "Landing_success_rate": 1.0
    },
    {
        "model": 1,
        "sequence": 9,
        "status": 1,
        "fuel": 5716,
        "fault": 0.9405,
        "weapon": 1,
        "pilot_injury": 0.1354,
        "pilot_skill": 0.1976,
        "mission_priority": 0.1805,
        "estimated_landing_time": 852.0,
        "wait_time": 0,
        "Landing_success_rate": 1.0
    },
    {
        "model": 1,
        "sequence": 15,
        "status": 1,
        "fuel": 6964,
        "fault": 0.6018,
        "weapon": 0,
        "pilot_injury": 0.1112,
        "pilot_skill": 0.8682,
        "mission_priority": 0.2974,
        "estimated_landing_time": 1416.0,
        "wait_time": 0,
        "Landing_success_rate": 1.0
    },
    {
        "model": 0,
        "sequence": 16,
        "status": 1,
        "fuel": 7271,
        "fault": 0.3917,
        "weapon": 1,
        "pilot_injury": 0.0381,
        "pilot_skill": 0.62,
        "mission_priority": 0.6982,
        "estimated_landing_time": 1510.0,
        "wait_time": 0,
        "Landing_success_rate": 1.0
    },
    {
        "model": 1,
        "sequence": 5,
        "status": 1,
        "fuel": 6783,
        "fault": 0.5524,
        "weapon": 1,
        "pilot_injury": 0.3636,
        "pilot_skill": 0.0986,
        "mission_priority": 0.1165,
        "estimated_landing_time": 476.0,
        "wait_time": 0,
        "Landing_success_rate": 1.0
    },
    {
        "model": 0,
        "sequence": 3,
        "status": 1,
        "fuel": 6419,
        "fault": 0.803,
        "weapon": 1,
        "pilot_injury": 0.53,
        "pilot_skill": 0.6784,
        "mission_priority": 0.5928,
        "estimated_landing_time": 288.0,
        "wait_time": 0,
        "Landing_success_rate": 1.0
    },
    {
        "model": 2,
        "sequence": 11,
        "status": 1,
        "fuel": 5876,
        "fault": 0.3963,
        "weapon": 1,
        "pilot_injury": 0.8788,
        "pilot_skill": 0.5584,
        "mission_priority": 0.8699,
        "estimated_landing_time": 1040.0,
        "wait_time": 0,
        "Landing_success_rate": 1.0
    },
    {
        "model": 2,
        "sequence": 17,
        "status": 1,
        "fuel": 6554,
        "fault": 0.5957,
        "weapon": 0,
        "pilot_injury": 0.5237,
        "pilot_skill": 0.3191,
        "mission_priority": 0.4699,
        "estimated_landing_time": 1604.0,
        "wait_time": 0,
        "Landing_success_rate": 1.0
    },
    {
        "model": 1,
        "sequence": 14,
        "status": 1,
        "fuel": 7012,
        "fault": 0.8284,
        "weapon": 1,
        "pilot_injury": 0.315,
        "pilot_skill": 0.7914,
        "mission_priority": 0.9158,
        "estimated_landing_time": 1322.0,
        "wait_time": 0,
        "Landing_success_rate": 1.0
    },
    {
        "model": 2,
        "sequence": 6,
        "status": 1,
        "fuel": 7327,
        "fault": 0.7835,
        "weapon": 0,
        "pilot_injury": 0.1952,
        "pilot_skill": 0.6785,
        "mission_priority": 0.3231,
        "estimated_landing_time": 570.0,
        "wait_time": 0,
        "Landing_success_rate": 1.0
    },
    {
        "model": 2,
        "sequence": 10,
        "status": 1,
        "fuel": 7381,
        "fault": 0.9709,
        "weapon": 0,
        "pilot_injury": 0.3941,
        "pilot_skill": 0.6033,
        "mission_priority": 0.8017,
        "estimated_landing_time": 946.0,
        "wait_time": 0,
        "Landing_success_rate": 1.0
    },
    {
        "model": 2,
        "sequence": 12,
        "status": 1,
        "fuel": 5518,
        "fault": 0.5163,
        "weapon": 0,
        "pilot_injury": 0.9956,
        "pilot_skill": 0.0105,
        "mission_priority": 0.8951,
        "estimated_landing_time": 1134.0,
        "wait_time": 0,
        "Landing_success_rate": 1.0
    },
    {
        "model": 2,
        "sequence": 4,
        "status": 1,
        "fuel": 7493,
        "fault": 0.8097,
        "weapon": 1,
        "pilot_injury": 0.6179,
        "pilot_skill": 0.3418,
        "mission_priority": 0.8739,
        "estimated_landing_time": 382.0,
        "wait_time": 0,
        "Landing_success_rate": 1.0
    }
]