[
    {
        "model": 2,
        "sequence": 13,
        "status": 1,
        "fuel": 6554,
        "fault": 0.6883,
        "weapon": 0,
        "pilot_injury": 0.972,
        "pilot_skill": 0.2285,
        "mission_priority": 0.9775,
        "estimated_landing_time": 1228.0,
        "wait_time": 0,
        "Landing_success_rate": 1.0
    },
    {
        "model": 2,
        "sequence": 9,
        "status": 1,
        "fuel": 7102,
        "fault": 0.964,
        "weapon": 1,
        "pilot_injury": 0.0993,
        "pilot_skill": 0.2089,
        "mission_priority": 0.9256,
        "estimated_landing_time": 852.0,
        "wait_time": 0,
        "Landing_success_rate": 1.0
    },
    {
        "model": 0,
        "sequence": 8,
        "status": 1,
        "fuel": 6757,
        "fault": 0.3954,
        "weapon": 1,
        "pilot_injury": 0.7562,
        "pilot_skill": 0.4585,
        "mission_priority": 0.2892,
        "estimated_landing_time": 758.0,
        "wait_time": 0,
        "Landing_success_rate": 1.0
    },
    {
        "model": 2,
        "sequence": 7,
        "status": 1,
        "fuel": 5984,
        "fault": 0.8355,
        "weapon": 0,
        "pilot_injury": 0.9559,
        "pilot_skill": 0.314,
        "mission_priority": 0.8884,
        "estimated_landing_time": 664.0,
        "wait_time": 0,
        "Landing_success_rate": 1.0
    },
    {
        "model": 2,
        "sequence": 4,
        "status": 1,
        "fuel": 7231,
        "fault": 0.9949,
        "weapon": 0,
        "pilot_injury": 0.984,
        "pilot_skill": 0.2884,
        "mission_priority": 0.9611,
        "estimated_landing_time": 382.0,
        "wait_time": 0,
        "Landing_success_rate": 1.0
    },
    {
        "model": 2,
        "sequence": 18,
        "status": 1,
        "fuel": 7023,
        "fault": 0.0309,
        "weapon": 1,
        "pilot_injury": 0.3404,
        "pilot_skill": 0.5414,
        "mission_priority": 0.1541,
        "estimated_landing_time": 1698.0,
        "wait_time": 0,
        "Landing_success_rate": 1.0
    },
    {
        "model": 1,
        "sequence": 5,
        "status": 1,
        "fuel": 5804,
        "fault": 0.5323,
        "weapon": 0,
        "pilot_injury": 0.7619,
        "pilot_skill": 0.8336,
        "mission_priority": 0.4404,
        "estimated_landing_time": 476.0,
        "wait_time": 0,
        "Landing_success_rate": 1.0
    },
    {
        "model": 2,
        "sequence": 6,
        "status": 1,
        "fuel": 7077,
        "fault": 0.8268,
        "weapon": 0,
        "pilot_injury": 0.1946,
        "pilot_skill": 0.0576,
        "mission_priority": 0.3424,
        "estimated_landing_time": 570.0,
        "wait_time": 0,
        "Landing_success_rate": 1.0
    },
    {
        "model": 0,
        "sequence": 17,
        "status": 1,
        "fuel": 6503,
        "fault": 0.235,
        "weapon": 0,
        "pilot_injury": 0.5577,
        "pilot_skill": 0.3473,
        "mission_priority": 0.5805,
        "estimated_landing_time": 1604.0,
        "wait_time": 0,
        "Landing_success_rate": 1.0
    },
    {
        "model": 1,
        "sequence": 1,
        "status": 1,
        "fuel": 6803,
        "fault": 0.9997,
        "weapon": 0,
        "pilot_injury": 0.6262,
        "pilot_skill": 0.4889,
        "mission_priority": 0.4018,
        "estimated_landing_time": 100.0,
        "wait_time": 0,
        "Landing_success_rate": 1.0
    },
    {
        "model": 0,
        "sequence": 14,
        "status": 1,
        "fuel": 5772,
        "fault": 0.7346,
        "weapon": 1,
        "pilot_injury": 0.6234,
        "pilot_skill": 0.5694,
        "mission_priority": 0.6207,
        "estimated_landing_time": 1322.0,
        "wait_time": 0,
        "Landing_success_rate": 1.0
    },
    {
        "model": 2,
        "sequence": 11,
        "status": 1,
        "fuel": 5664,
        "fault": 0.7308,
        "weapon": 1,
        "pilot_injury": 0.0395,
        "pilot_skill": 0.4755,
        "mission_priority": 0.543,
        "estimated_landing_time": 1040.0,
        "wait_time": 0,
        "Landing_success_rate": 1.0
    },
    {
        "model": 1,
        "sequence": 3,
        "status": 1,
        "fuel": 7182,
        "fault": 0.1324,
        "weapon": 0,
        "pilot_injury": 0.9095,
        "pilot_skill": 0.7221,
        "mission_priority": 0.5334,
        "estimated_landing_time": 288.0,
        "wait_time": 0,
        "Landing_success_rate": 1.0
    },
    {
        "model": 0,
        "sequence": 16,
        "status": 1,
        "fuel": 6663,
        "fault": 0.038,
        "weapon": 1,
        "pilot_injury": 0.7905,
        "pilot_skill": 0.1248,
        "mission_priority": 0.7942,
        "estimated_landing_time": 1510.0,
        "wait_time": 0,
        "Landing_success_rate": 1.0
    },
    {
        "model": 2,
        "sequence": 2,
        "status": 1,
        "fuel": 6543,
        "fault": 0.4668,
        "weapon": 1,
        "pilot_injury": 0.944,
        "pilot_skill": 0.1488,
        "mission_priority": 0.4627,
        "estimated_landing_time": 194.0,
        "wait_time": 0,
        "Landing_success_rate": 1.0
    },
    {
        "model": 0,
        "sequence": 12,
        "status": 1,
        "fuel": 6827,
        "fault": 0.0937,
        "weapon": 1,
        "pilot_injury": 0.8635,
        "pilot_skill": 0.5887,
        "mission_priority": 0.3753,
        "estimated_landing_time": 1134.0,
        "wait_time": 0,
        "Landing_success_rate": 1.0
    },
    {
        "model": 0,
        "sequence": 10,
        "status": 1,
        "fuel": 6625,
        "fault": 0.5224,
        "weapon": 1,
        "pilot_injury": 0.7618,
        "pilot_skill": 0.3865,
        "mission_priority": 0.5113,
        "estimated_landing_time": 946.0,
        "wait_time": 0,
        "Landing_success_rate": 1.0
    },
    {
        "model": 0,
        "sequence": 15,
        "status": 1,
        "fuel": 6260,
        "fault": 0.3623,
        "weapon": 0,
        "pilot_injury": 0.8656,
        "pilot_skill": 0.9807,
        "mission_priority": 0.4076,
        "estimated_landing_time": 1416.0,
        "wait_time": 0,
        "Landing_success_rate": 1.0
    }
]