[
    {
        "model": 2,
        "sequence": 5,
        "status": 1,
        "fuel": 7329,
        "fault": 0.2472,
        "weapon": 0,
        "pilot_injury": 0.6697,
        "pilot_skill": 0.9614,
        "mission_priority": 0.6027,
        "estimated_landing_time": 476.0,
        "wait_time": 0,
        "Landing_success_rate": 1.0
    },
    {
        "model": 1,
        "sequence": 13,
        "status": 1,
        "fuel": 6861,
        "fault": 0.1964,
        "weapon": 0,
        "pilot_injury": 0.0809,
        "pilot_skill": 0.5772,
        "mission_priority": 0.9362,
        "estimated_landing_time": 1228.0,
        "wait_time": 0,
        "Landing_success_rate": 1.0
    },
    {
        "model": 2,
        "sequence": 3,
        "status": 1,
        "fuel": 6520,
        "fault": 0.6594,
        "weapon": 0,
        "pilot_injury": 0.5278,
        "pilot_skill": 0.7879,
        "mission_priority": 0.8404,
        "estimated_landing_time": 288.0,
        "wait_time": 0,
        "Landing_success_rate": 1.0
    },
    {
        "model": 0,
        "sequence": 6,
        "status": 1,
        "fuel": 7304,
        "fault": 0.719,
        "weapon": 1,
        "pilot_injury": 0.47,
        "pilot_skill": 0.8579,
        "mission_priority": 0.2985,
        "estimated_landing_time": 570.0,
        "wait_time": 0,
        "Landing_success_rate": 1.0
    },
    {
        "model": 1,
        "sequence": 7,
        "status": 1,
        "fuel": 7040,
        "fault": 0.3342,
        "weapon": 0,
        "pilot_injury": 0.7495,
        "pilot_skill": 0.6306,
        "mission_priority": 0.7496,
        "estimated_landing_time": 664.0,
        "wait_time": 0,
        "Landing_success_rate": 1.0
    },
    {
        "model": 1,
        "sequence": 8,
        "status": 1,
        "fuel": 6184,
        "fault": 0.5182,
        "weapon": 1,
        "pilot_injury": 0.6325,
        "pilot_skill": 0.2883,
        "mission_priority": 0.6385,
        "estimated_landing_time": 758.0,
        "wait_time": 0,
        "Landing_success_rate": 1.0
    },
    {
        "model": 2,
        "sequence": 15,
        "status": 1,
        "fuel": 5930,
        "fault": 0.9448,
        "weapon": 1,
        "pilot_injury": 0.3996,
        "pilot_skill": 0.8524,
        "mission_priority": 0.5003,
        "estimated_landing_time": 1416.0,
        "wait_time": 0,
        "Landing_success_rate": 1.0
    },
    {
        "model": 1,
        "sequence": 11,
        "status": 1,
        "fuel": 6032,
        "fault": 0.5814,
        "weapon": 0,
        "pilot_injury": 0.2636,
        "pilot_skill": 0.9546,
        "mission_priority": 0.6036,
        "estimated_landing_time": 1040.0,
        "wait_time": 0,
        "Landing_success_rate": 1.0
    },
    {
        "model": 0,
        "sequence": 14,
        "status": 1,
        "fuel": 7382,
        "fault": 0.7271,
        "weapon": 0,
        "pilot_injury": 0.1469,
        "pilot_skill": 0.8558,
        "mission_priority": 0.6809,
        "estimated_landing_time": 1322.0,
        "wait_time": 0,
        "Landing_success_rate": 1.0
    },
    {
        "model": 0,
        "sequence": 1,
        "status": 1,
        "fuel": 6482,
        "fault": 0.2635,
        "weapon": 1,
        "pilot_injury": 0.8007,
        "pilot_skill": 0.4539,
        "mission_priority": 0.6705,
        "estimated_landing_time": 100.0,
        "wait_time": 0,
        "Landing_success_rate": 1.0
    },
    {
        "model": 1,
        "sequence": 10,
        "status": 1,
        "fuel": 6698,
        "fault": 0.1153,
        "weapon": 0,
        "pilot_injury": 0.9907,
        "pilot_skill": 0.2476,
        "mission_priority": 0.5065,
        "estimated_landing_time": 946.0,
        "wait_time": 0,
        "Landing_success_rate": 1.0
    },
    {
        "model": 2,
        "sequence": 16,
        "status": 1,
        "fuel": 5654,
        "fault": 0.0209,
        "weapon": 0,
        "pilot_injury": 0.4152,
        "pilot_skill": 0.6151,
        "mission_priority": 0.4812,
        "estimated_landing_time": 1510.0,
        "wait_time": 0,
        "Landing_success_rate": 1.0
    },
    {
        "model": 2,
        "sequence": 12,
        "status": 1,
        "fuel": 5716,
        "fault": 0.2299,
        "weapon": 0,
        "pilot_injury": 0.5866,
        "pilot_skill": 0.6244,
        "mission_priority": 0.6533,
        "estimated_landing_time": 1134.0,
        "wait_time": 0,
        "Landing_success_rate": 1.0
    },
    {
        "model": 1,
        "sequence": 4,
        "status": 1,
        "fuel": 6758,
        "fault": 0.5668,
        "weapon": 1,
        "pilot_injury": 0.9532,
        "pilot_skill": 0.541,
        "mission_priority": 0.7153,
        "estimated_landing_time": 382.0,
        "wait_time": 0,
        "Landing_success_rate": 1.0
    },
    {
        "model": 0,
        "sequence": 17,
        "status": 1,
        "fuel": 6065,
        "fault": 0.4516,
        "weapon": 1,
        "pilot_injury": 0.9296,
        "pilot_skill": 0.1842,
        "mission_priority": 0.4369,
        "estimated_landing_time": 1604.0,
        "wait_time": 0,
        "Landing_success_rate": 1.0
    },
    {
        "model": 1,
        "sequence": 2,
        "status": 1,
        "fuel": 7359,
        "fault": 0.0951,
        "weapon": 1,
        "pilot_injury": 0.1255,
        "pilot_skill": 0.8136,
        "mission_priority": 0.0358,
        "estimated_landing_time": 194.0,
        "wait_time": 0,
        "Landing_success_rate": 1.0
    },
    {
        "model": 2,
        "sequence": 9,
        "status": 1,
        "fuel": 6512,
        "fault": 0.1583,
        "weapon": 0,
        "pilot_injury": 0.2075,
        "pilot_skill": 0.9059,
        "mission_priority": 0.8385,
        "estimated_landing_time": 852.0,
        "wait_time": 0,
        "Landing_success_rate": 1.0
    },
    {
        "model": 2,
        "sequence": 18,
        "status": 1,
        "fuel": 5881,
        "fault": 0.8691,
        "weapon": 1,
        "pilot_injury": 0.2366,
        "pilot_skill": 0.73,
        "mission_priority": 0.1317,
        "estimated_landing_time": 1698.0,
        "wait_time": 0,
        "Landing_success_rate": 1.0
    }
]