[
    {
        "model": 0,
        "sequence": 2,
        "status": 1,
        "fuel": 5862,
        "fault": 0.6482,
        "weapon": 0,
        "pilot_injury": 0.1671,
        "pilot_skill": 0.9928,
        "mission_priority": 0.563,
        "estimated_landing_time": 194.0,
        "wait_time": 0,
        "Landing_success_rate": 1.0
    },
    {
        "model": 0,
        "sequence": 1,
        "status": 1,
        "fuel": 5733,
        "fault": 0.5937,
        "weapon": 0,
        "pilot_injury": 0.257,
        "pilot_skill": 0.6642,
        "mission_priority": 0.4194,
        "estimated_landing_time": 100.0,
        "wait_time": 0,
        "Landing_success_rate": 1.0
    },
    {
        "model": 2,
        "sequence": 3,
        "status": 1,
        "fuel": 7492,
        "fault": 0.6561,
        "weapon": 1,
        "pilot_injury": 0.792,
        "pilot_skill": 0.2927,
        "mission_priority": 0.0792,
        "estimated_landing_time": 288.0,
        "wait_time": 0,
        "Landing_success_rate": 1.0
    },
    {
        "model": 2,
        "sequence": 13,
        "status": 1,
        "fuel": 6783,
        "fault": 0.8999,
        "weapon": 0,
        "pilot_injury": 0.2021,
        "pilot_skill": 0.9526,
        "mission_priority": 0.444,
        "estimated_landing_time": 1228.0,
        "wait_time": 0,
        "Landing_success_rate": 1.0
    },
    {
        "model": 0,
        "sequence": 18,
        "status": 1,
        "fuel": 6489,
        "fault": 0.2869,
        "weapon": 1,
        "pilot_injury": 0.2807,
        "pilot_skill": 0.9993,
        "mission_priority": 0.268,
        "estimated_landing_time": 1698.0,
        "wait_time": 0,
        "Landing_success_rate": 1.0
    },
    {
        "model": 2,
        "sequence": 9,
        "status": 1,
        "fuel": 6256,
        "fault": 0.1728,
        "weapon": 0,
        "pilot_injury": 0.294,
        "pilot_skill": 0.2158,
        "mission_priority": 0.1586,
        "estimated_landing_time": 852.0,
        "wait_time": 0,
        "Landing_success_rate": 1.0
    },
    {
        "model": 0,
        "sequence": 10,
        "status": 1,
        "fuel": 5630,
        "fault": 0.885,
        "weapon": 1,
        "pilot_injury": 0.0186,
        "pilot_skill": 0.8046,
        "mission_priority": 0.1379,
        "estimated_landing_time": 946.0,
        "wait_time": 0,
        "Landing_success_rate": 1.0
    },
    {
        "model": 2,
        "sequence": 12,
        "status": 1,
        "fuel": 6301,
        "fault": 0.7628,
        "weapon": 0,
        "pilot_injury": 0.5379,
        "pilot_skill": 0.3097,
        "mission_priority": 0.145,
        "estimated_landing_time": 1134.0,
        "wait_time": 0,
        "Landing_success_rate": 1.0
    },
    {
        "model": 0,
        "sequence": 16,
        "status": 1,
        "fuel": 6113,
        "fault": 0.4029,
        "weapon": 0,
        "pilot_injury": 0.6555,
        "pilot_skill": 0.0087,
        "mission_priority": 0.9275,
        "estimated_landing_time": 1510.0,
        "wait_time": 0,
        "Landing_success_rate": 1.0
    },
    {
        "model": 0,
        "sequence": 17,
        "status": 1,
        "fuel": 6716,
        "fault": 0.3478,
        "weapon": 1,
        "pilot_injury": 0.4027,
        "pilot_skill": 0.0014,
        "mission_priority": 0.4971,
        "estimated_landing_time": 1604.0,
        "wait_time": 0,
        "Landing_success_rate": 1.0
    },
    {
        "model": 0,
        "sequence": 4,
        "status": 1,
        "fuel": 7317,
        "fault": 0.8612,
        "weapon": 1,
        "pilot_injury": 0.8794,
        "pilot_skill": 0.4877,
        "mission_priority": 0.6306,
        "estimated_landing_time": 382.0,
        "wait_time": 0,
        "Landing_success_rate": 1.0
    },
    {
        "model": 1,
        "sequence": 7,
        "status": 1,
        "fuel": 7414,
        "fault": 0.2499,
        "weapon": 0,
        "pilot_injury": 0.1548,
        "pilot_skill": 0.3696,
        "mission_priority": 0.3293,
        "estimated_landing_time": 664.0,
        "wait_time": 0,
        "Landing_success_rate": 1.0
    },
    {
        "model": 2,
        "sequence": 15,
        "status": 1,
        "fuel": 7472,
        "fault": 0.9932,
        "weapon": 1,
        "pilot_injury": 0.9029,
        "pilot_skill": 0.3945,
        "mission_priority": 0.9811,
        "estimated_landing_time": 1416.0,
        "wait_time": 0,
        "Landing_success_rate": 1.0
    },
    {
        "model": 0,
        "sequence": 11,
        "status": 1,
        "fuel": 5909,
        "fault": 0.0977,
        "weapon": 0,
        "pilot_injury": 0.644,
        "pilot_skill": 0.1022,
        "mission_priority": 0.8445,
        "estimated_landing_time": 1040.0,
        "wait_time": 0,
        "Landing_success_rate": 1.0
    },
    {
        "model": 1,
        "sequence": 8,
        "status": 1,
        "fuel": 5719,
        "fault": 0.5025,
        "weapon": 0,
        "pilot_injury": 0.6364,
        "pilot_skill": 0.8341,
        "mission_priority": 0.7998,
        "estimated_landing_time": 758.0,
        "wait_time": 0,
        "Landing_success_rate": 1.0
    },
    {
        "model": 0,
        "sequence": 14,
        "status": 1,
        "fuel": 6612,
        "fault": 0.8623,
        "weapon": 0,
        "pilot_injury": 0.4305,
        "pilot_skill": 0.4672,
        "mission_priority": 0.2401,
        "estimated_landing_time": 1322.0,
        "wait_time": 0,
        "Landing_success_rate": 1.0
    },
    {
        "model": 1,
        "sequence": 6,
        "status": 1,
        "fuel": 7000,
        "fault": 0.0348,
        "weapon": 1,
        "pilot_injury": 0.9784,
        "pilot_skill": 0.81,
        "mission_priority": 0.5557,
        "estimated_landing_time": 570.0,
        "wait_time": 0,
        "Landing_success_rate": 1.0
    },
    {
        "model": 0,
        "sequence": 5,
        "status": 1,
        "fuel": 6350,
        "fault": 0.457,
        "weapon": 0,
        "pilot_injury": 0.8871,
        "pilot_skill": 0.3581,
        "mission_priority": 0.3786,
        "estimated_landing_time": 476.0,
        "wait_time": 0,
        "Landing_success_rate": 1.0
    }
]