[
    {
        "model": 1,
        "sequence": 2,
        "status": 1,
        "fuel": 7478,
        "fault": 0.4262,
        "weapon": 1,
        "pilot_injury": 0.6259,
        "pilot_skill": 0.2963,
        "mission_priority": 0.4151,
        "estimated_landing_time": 194.0,
        "wait_time": 0,
        "Landing_success_rate": 1.0
    },
    {
        "model": 0,
        "sequence": 3,
        "status": 1,
        "fuel": 6792,
        "fault": 0.6056,
        "weapon": 0,
        "pilot_injury": 0.47,
        "pilot_skill": 0.0196,
        "mission_priority": 0.7336,
        "estimated_landing_time": 288.0,
        "wait_time": 0,
        "Landing_success_rate": 1.0
    },
    {
        "model": 2,
        "sequence": 1,
        "status": 1,
        "fuel": 7479,
        "fault": 0.1345,
        "weapon": 0,
        "pilot_injury": 0.1147,
        "pilot_skill": 0.9917,
        "mission_priority": 0.3025,
        "estimated_landing_time": 100.0,
        "wait_time": 0,
        "Landing_success_rate": 1.0
    },
    {
        "model": 2,
        "sequence": 6,
        "status": 1,
        "fuel": 7205,
        "fault": 0.683,
        "weapon": 0,
        "pilot_injury": 0.7851,
        "pilot_skill": 0.2938,
        "mission_priority": 0.7559,
        "estimated_landing_time": 570.0,
        "wait_time": 0,
        "Landing_success_rate": 1.0
    },
    {
        "model": 0,
        "sequence": 12,
        "status": 1,
        "fuel": 6049,
        "fault": 0.2487,
        "weapon": 0,
        "pilot_injury": 0.6727,
        "pilot_skill": 0.7843,
        "mission_priority": 0.6669,
        "estimated_landing_time": 1134.0,
        "wait_time": 0,
        "Landing_success_rate": 1.0
    },
    {
        "model": 1,
        "sequence": 7,
        "status": 1,
        "fuel": 5785,
        "fault": 0.7248,
        "weapon": 0,
        "pilot_injury": 0.9006,
        "pilot_skill": 0.1309,
        "mission_priority": 0.6595,
        "estimated_landing_time": 664.0,
        "wait_time": 0,
        "Landing_success_rate": 1.0
    },
    {
        "model": 0,
        "sequence": 8,
        "status": 1,
        "fuel": 6966,
        "fault": 0.8114,
        "weapon": 1,
        "pilot_injury": 0.3109,
        "pilot_skill": 0.5037,
        "mission_priority": 0.1618,
        "estimated_landing_time": 758.0,
        "wait_time": 0,
        "Landing_success_rate": 1.0
    },
    {
        "model": 2,
        "sequence": 14,
        "status": 1,
        "fuel": 5830,
        "fault": 0.0349,
        "weapon": 0,
        "pilot_injury": 0.5718,
        "pilot_skill": 0.0958,
        "mission_priority": 0.1603,
        "estimated_landing_time": 1322.0,
        "wait_time": 0,
        "Landing_success_rate": 1.0
    },
    {
        "model": 1,
        "sequence": 18,
        "status": 1,
        "fuel": 7275,
        "fault": 0.9151,
        "weapon": 1,
        "pilot_injury": 0.842,
        "pilot_skill": 0.9069,
        "mission_priority": 0.0719,
        "estimated_landing_time": 1698.0,
        "wait_time": 0,
        "Landing_success_rate": 1.0
    },
    {
        "model": 2,
        "sequence": 16,
        "status": 1,
        "fuel": 5696,
        "fault": 0.2085,
        "weapon": 1,
        "pilot_injury": 0.5338,
        "pilot_skill": 0.667,
        "mission_priority": 0.2337,
        "estimated_landing_time": 1510.0,
        "wait_time": 0,
        "Landing_success_rate": 1.0
    },
    {
        "model": 2,
        "sequence": 11,
        "status": 1,
        "fuel": 6190,
        "fault": 0.6387,
        "weapon": 0,
        "pilot_injury": 0.0897,
        "pilot_skill": 0.6256,
        "mission_priority": 0.4952,
        "estimated_landing_time": 1040.0,
        "wait_time": 0,
        "Landing_success_rate": 1.0
    },
    {
        "model": 0,
        "sequence": 10,
        "status": 1,
        "fuel": 7042,
        "fault": 0.6955,
        "weapon": 1,
        "pilot_injury": 0.7753,
        "pilot_skill": 0.8017,
        "mission_priority": 0.6495,
        "estimated_landing_time": 946.0,
        "wait_time": 0,
        "Landing_success_rate": 1.0
    },
    {
        "model": 2,
        "sequence": 13,
        "status": 1,
        "fuel": 6126,
        "fault": 0.4759,
        "weapon": 1,
        "pilot_injury": 0.385,
        "pilot_skill": 0.1266,
        "mission_priority": 0.3856,
        "estimated_landing_time": 1228.0,
        "wait_time": 0,
        "Landing_success_rate": 1.0
    },
    {
        "model": 0,
        "sequence": 17,
        "status": 1,
        "fuel": 6318,
        "fault": 0.6036,
        "weapon": 0,
        "pilot_injury": 0.9358,
        "pilot_skill": 0.7773,
        "mission_priority": 0.152,
        "estimated_landing_time": 1604.0,
        "wait_time": 0,
        "Landing_success_rate": 1.0
    },
    {
        "model": 1,
        "sequence": 5,
        "status": 1,
        "fuel": 6654,
        "fault": 0.035,
        "weapon": 1,
        "pilot_injury": 0.7382,
        "pilot_skill": 0.7061,
        "mission_priority": 0.9864,
        "estimated_landing_time": 476.0,
        "wait_time": 0,
        "Landing_success_rate": 1.0
    },
    {
        "model": 2,
        "sequence": 4,
        "status": 1,
        "fuel": 6435,
        "fault": 0.0817,
        "weapon": 1,
        "pilot_injury": 0.5764,
        "pilot_skill": 0.8741,
        "mission_priority": 0.721,
        "estimated_landing_time": 382.0,
        "wait_time": 0,
        "Landing_success_rate": 1.0
    },
    {
        "model": 2,
        "sequence": 9,
        "status": 1,
        "fuel": 6513,
        "fault": 0.8596,
        "weapon": 1,
        "pilot_injury": 0.723,
        "pilot_skill": 0.4197,
        "mission_priority": 0.0966,
        "estimated_landing_time": 852.0,
        "wait_time": 0,
        "Landing_success_rate": 1.0
    },
    {
        "model": 1,
        "sequence": 15,
        "status": 1,
        "fuel": 6596,
        "fault": 0.479,
        "weapon": 0,
        "pilot_injury": 0.5751,
        "pilot_skill": 0.7382,
        "mission_priority": 0.4901,
        "estimated_landing_time": 1416.0,
        "wait_time": 0,
        "Landing_success_rate": 1.0
    }
]