[
    {
        "model": 2,
        "sequence": 9,
        "status": 1,
        "fuel": 7390,
        "fault": 0.7173,
        "weapon": 1,
        "pilot_injury": 0.8359,
        "pilot_skill": 0.8296,
        "mission_priority": 0.1578,
        "estimated_landing_time": 852.0,
        "wait_time": 0,
        "Landing_success_rate": 1.0
    },
    {
        "model": 1,
        "sequence": 3,
        "status": 1,
        "fuel": 6494,
        "fault": 0.0753,
        "weapon": 0,
        "pilot_injury": 0.9597,
        "pilot_skill": 0.5644,
        "mission_priority": 0.9931,
        "estimated_landing_time": 288.0,
        "wait_time": 0,
        "Landing_success_rate": 1.0
    },
    {
        "model": 2,
        "sequence": 13,
        "status": 1,
        "fuel": 6065,
        "fault": 0.6659,
        "weapon": 0,
        "pilot_injury": 0.3893,
        "pilot_skill": 0.5929,
        "mission_priority": 0.5158,
        "estimated_landing_time": 1228.0,
        "wait_time": 0,
        "Landing_success_rate": 1.0
    },
    {
        "model": 2,
        "sequence": 15,
        "status": 1,
        "fuel": 7475,
        "fault": 0.2145,
        "weapon": 0,
        "pilot_injury": 0.8359,
        "pilot_skill": 0.8136,
        "mission_priority": 0.0714,
        "estimated_landing_time": 1416.0,
        "wait_time": 0,
        "Landing_success_rate": 1.0
    },
    {
        "model": 0,
        "sequence": 10,
        "status": 1,
        "fuel": 6357,
        "fault": 0.6291,
        "weapon": 1,
        "pilot_injury": 0.2591,
        "pilot_skill": 0.6575,
        "mission_priority": 0.1446,
        "estimated_landing_time": 946.0,
        "wait_time": 0,
        "Landing_success_rate": 1.0
    },
    {
        "model": 2,
        "sequence": 5,
        "status": 1,
        "fuel": 6392,
        "fault": 0.3166,
        "weapon": 1,
        "pilot_injury": 0.2821,
        "pilot_skill": 0.0883,
        "mission_priority": 0.9706,
        "estimated_landing_time": 476.0,
        "wait_time": 0,
        "Landing_success_rate": 1.0
    },
    {
        "model": 0,
        "sequence": 6,
        "status": 1,
        "fuel": 6698,
        "fault": 0.5075,
        "weapon": 1,
        "pilot_injury": 0.9712,
        "pilot_skill": 0.9096,
        "mission_priority": 0.455,
        "estimated_landing_time": 570.0,
        "wait_time": 0,
        "Landing_success_rate": 1.0
    },
    {
        "model": 1,
        "sequence": 8,
        "status": 1,
        "fuel": 5555,
        "fault": 0.6268,
        "weapon": 1,
        "pilot_injury": 0.0948,
        "pilot_skill": 0.8769,
        "mission_priority": 0.0311,
        "estimated_landing_time": 758.0,
        "wait_time": 0,
        "Landing_success_rate": 1.0
    },
    {
        "model": 2,
        "sequence": 18,
        "status": 1,
        "fuel": 5992,
        "fault": 0.9097,
        "weapon": 1,
        "pilot_injury": 0.4196,
        "pilot_skill": 0.1414,
        "mission_priority": 0.7232,
        "estimated_landing_time": 1698.0,
        "wait_time": 0,
        "Landing_success_rate": 1.0
    },
    {
        "model": 0,
        "sequence": 1,
        "status": 1,
        "fuel": 7448,
        "fault": 0.2861,
        "weapon": 0,
        "pilot_injury": 0.4179,
        "pilot_skill": 0.0663,
        "mission_priority": 0.315,
        "estimated_landing_time": 100.0,
        "wait_time": 0,
        "Landing_success_rate": 1.0
    },
    {
        "model": 0,
        "sequence": 16,
        "status": 1,
        "fuel": 6308,
        "fault": 0.7693,
        "weapon": 0,
        "pilot_injury": 0.0096,
        "pilot_skill": 0.3308,
        "mission_priority": 0.7276,
        "estimated_landing_time": 1510.0,
        "wait_time": 0,
        "Landing_success_rate": 1.0
    },
    {
        "model": 0,
        "sequence": 14,
        "status": 1,
        "fuel": 6649,
        "fault": 0.6692,
        "weapon": 0,
        "pilot_injury": 0.6028,
        "pilot_skill": 0.6474,
        "mission_priority": 0.5226,
        "estimated_landing_time": 1322.0,
        "wait_time": 0,
        "Landing_success_rate": 1.0
    },
    {
        "model": 1,
        "sequence": 2,
        "status": 1,
        "fuel": 6615,
        "fault": 0.0333,
        "weapon": 1,
        "pilot_injury": 0.1234,
        "pilot_skill": 0.3855,
        "mission_priority": 0.3453,
        "estimated_landing_time": 194.0,
        "wait_time": 0,
        "Landing_success_rate": 1.0
    },
    {
        "model": 2,
        "sequence": 17,
        "status": 1,
        "fuel": 6555,
        "fault": 0.4541,
        "weapon": 1,
        "pilot_injury": 0.3754,
        "pilot_skill": 0.7097,
        "mission_priority": 0.8118,
        "estimated_landing_time": 1604.0,
        "wait_time": 0,
        "Landing_success_rate": 1.0
    },
    {
        "model": 1,
        "sequence": 11,
        "status": 1,
        "fuel": 5743,
        "fault": 0.0735,
        "weapon": 0,
        "pilot_injury": 0.0704,
        "pilot_skill": 0.9017,
        "mission_priority": 0.1636,
        "estimated_landing_time": 1040.0,
        "wait_time": 0,
        "Landing_success_rate": 1.0
    },
    {
        "model": 0,
        "sequence": 7,
        "status": 1,
        "fuel": 7362,
        "fault": 0.0431,
        "weapon": 0,
        "pilot_injury": 0.9057,
        "pilot_skill": 0.2557,
        "mission_priority": 0.7636,
        "estimated_landing_time": 664.0,
        "wait_time": 0,
        "Landing_success_rate": 1.0
    },
    {
        "model": 1,
        "sequence": 4,
        "status": 1,
        "fuel": 7307,
        "fault": 0.0719,
        "weapon": 0,
        "pilot_injury": 0.4795,
        "pilot_skill": 0.4815,
        "mission_priority": 0.3046,
        "estimated_landing_time": 382.0,
        "wait_time": 0,
        "Landing_success_rate": 1.0
    },
    {
        "model": 1,
        "sequence": 12,
        "status": 1,
        "fuel": 6647,
        "fault": 0.1242,
        "weapon": 0,
        "pilot_injury": 0.7166,
        "pilot_skill": 0.973,
        "mission_priority": 0.0505,
        "estimated_landing_time": 1134.0,
        "wait_time": 0,
        "Landing_success_rate": 1.0
    }
]