[
    {
        "model": 2,
        "sequence": 7,
        "status": 1,
        "fuel": 6147,
        "fault": 0.8883,
        "weapon": 0,
        "pilot_injury": 0.8178,
        "pilot_skill": 0.4556,
        "mission_priority": 0.7997,
        "estimated_landing_time": 664.0,
        "wait_time": 0,
        "Landing_success_rate": 1.0
    },
    {
        "model": 2,
        "sequence": 12,
        "status": 1,
        "fuel": 5543,
        "fault": 0.7845,
        "weapon": 1,
        "pilot_injury": 0.2537,
        "pilot_skill": 0.4939,
        "mission_priority": 0.6187,
        "estimated_landing_time": 1134.0,
        "wait_time": 0,
        "Landing_success_rate": 1.0
    },
    {
        "model": 1,
        "sequence": 4,
        "status": 1,
        "fuel": 5517,
        "fault": 0.8328,
        "weapon": 0,
        "pilot_injury": 0.5435,
        "pilot_skill": 0.5258,
        "mission_priority": 0.292,
        "estimated_landing_time": 382.0,
        "wait_time": 0,
        "Landing_success_rate": 1.0
    },
    {
        "model": 0,
        "sequence": 18,
        "status": 1,
        "fuel": 6403,
        "fault": 0.9755,
        "weapon": 0,
        "pilot_injury": 0.0647,
        "pilot_skill": 0.7339,
        "mission_priority": 0.3219,
        "estimated_landing_time": 1698.0,
        "wait_time": 0,
        "Landing_success_rate": 1.0
    },
    {
        "model": 1,
        "sequence": 17,
        "status": 1,
        "fuel": 6931,
        "fault": 0.5811,
        "weapon": 1,
        "pilot_injury": 0.4456,
        "pilot_skill": 0.052,
        "mission_priority": 0.3004,
        "estimated_landing_time": 1604.0,
        "wait_time": 0,
        "Landing_success_rate": 1.0
    },
    {
        "model": 0,
        "sequence": 10,
        "status": 1,
        "fuel": 5673,
        "fault": 0.4656,
        "weapon": 0,
        "pilot_injury": 0.2505,
        "pilot_skill": 0.3338,
        "mission_priority": 0.4713,
        "estimated_landing_time": 946.0,
        "wait_time": 0,
        "Landing_success_rate": 1.0
    },
    {
        "model": 1,
        "sequence": 5,
        "status": 1,
        "fuel": 6640,
        "fault": 0.0919,
        "weapon": 1,
        "pilot_injury": 0.5723,
        "pilot_skill": 0.1921,
        "mission_priority": 0.7934,
        "estimated_landing_time": 476.0,
        "wait_time": 0,
        "Landing_success_rate": 1.0
    },
    {
        "model": 1,
        "sequence": 15,
        "status": 1,
        "fuel": 7130,
        "fault": 0.0081,
        "weapon": 1,
        "pilot_injury": 0.8651,
        "pilot_skill": 0.5796,
        "mission_priority": 0.1113,
        "estimated_landing_time": 1416.0,
        "wait_time": 0,
        "Landing_success_rate": 1.0
    },
    {
        "model": 2,
        "sequence": 16,
        "status": 1,
        "fuel": 7001,
        "fault": 0.5312,
        "weapon": 1,
        "pilot_injury": 0.241,
        "pilot_skill": 0.4975,
        "mission_priority": 0.9446,
        "estimated_landing_time": 1510.0,
        "wait_time": 0,
        "Landing_success_rate": 1.0
    },
    {
        "model": 1,
        "sequence": 3,
        "status": 1,
        "fuel": 6377,
        "fault": 0.1674,
        "weapon": 0,
        "pilot_injury": 0.6886,
        "pilot_skill": 0.8716,
        "mission_priority": 0.0338,
        "estimated_landing_time": 288.0,
        "wait_time": 0,
        "Landing_success_rate": 1.0
    },
    {
        "model": 0,
        "sequence": 9,
        "status": 1,
        "fuel": 6700,
        "fault": 0.9277,
        "weapon": 1,
        "pilot_injury": 0.8149,
        "pilot_skill": 0.9273,
        "mission_priority": 0.7028,
        "estimated_landing_time": 852.0,
        "wait_time": 0,
        "Landing_success_rate": 1.0
    },
    {
        "model": 1,
        "sequence": 6,
        "status": 1,
        "fuel": 5683,
        "fault": 0.6564,
        "weapon": 1,
        "pilot_injury": 0.0323,
        "pilot_skill": 0.6469,
        "mission_priority": 0.5543,
        "estimated_landing_time": 570.0,
        "wait_time": 0,
        "Landing_success_rate": 1.0
    },
    {
        "model": 1,
        "sequence": 2,
        "status": 1,
        "fuel": 5565,
        "fault": 0.5518,
        "weapon": 0,
        "pilot_injury": 0.6873,
        "pilot_skill": 0.3204,
        "mission_priority": 0.1987,
        "estimated_landing_time": 194.0,
        "wait_time": 0,
        "Landing_success_rate": 1.0
    },
    {
        "model": 0,
        "sequence": 8,
        "status": 1,
        "fuel": 5535,
        "fault": 0.9457,
        "weapon": 0,
        "pilot_injury": 0.1616,
        "pilot_skill": 0.2066,
        "mission_priority": 0.5088,
        "estimated_landing_time": 758.0,
        "wait_time": 0,
        "Landing_success_rate": 1.0
    },
    {
        "model": 2,
        "sequence": 11,
        "status": 1,
        "fuel": 7446,
        "fault": 0.467,
        "weapon": 0,
        "pilot_injury": 0.9663,
        "pilot_skill": 0.9738,
        "mission_priority": 0.0391,
        "estimated_landing_time": 1040.0,
        "wait_time": 0,
        "Landing_success_rate": 1.0
    },
    {
        "model": 0,
        "sequence": 13,
        "status": 1,
        "fuel": 5579,
        "fault": 0.2434,
        "weapon": 1,
        "pilot_injury": 0.9424,
        "pilot_skill": 0.6709,
        "mission_priority": 0.7012,
        "estimated_landing_time": 1228.0,
        "wait_time": 0,
        "Landing_success_rate": 1.0
    },
    {
        "model": 0,
        "sequence": 1,
        "status": 1,
        "fuel": 7413,
        "fault": 0.8743,
        "weapon": 1,
        "pilot_injury": 0.5477,
        "pilot_skill": 0.0832,
        "mission_priority": 0.9153,
        "estimated_landing_time": 100.0,
        "wait_time": 0,
        "Landing_success_rate": 1.0
    },
    {
        "model": 0,
        "sequence": 14,
        "status": 1,
        "fuel": 6239,
        "fault": 0.1312,
        "weapon": 0,
        "pilot_injury": 0.3028,
        "pilot_skill": 0.4607,
        "mission_priority": 0.2518,
        "estimated_landing_time": 1322.0,
        "wait_time": 0,
        "Landing_success_rate": 1.0
    }
]