[
    {
        "model": 0,
        "sequence": 5,
        "status": 1,
        "fuel": 7367,
        "fault": 0.1434,
        "weapon": 0,
        "pilot_injury": 0.5398,
        "pilot_skill": 0.3043,
        "mission_priority": 0.4373,
        "estimated_landing_time": 476.0,
        "wait_time": 0,
        "Landing_success_rate": 1.0
    },
    {
        "model": 0,
        "sequence": 17,
        "status": 1,
        "fuel": 5529,
        "fault": 0.6428,
        "weapon": 0,
        "pilot_injury": 0.6191,
        "pilot_skill": 0.7312,
        "mission_priority": 0.6766,
        "estimated_landing_time": 1604.0,
        "wait_time": 0,
        "Landing_success_rate": 1.0
    },
    {
        "model": 1,
        "sequence": 10,
        "status": 1,
        "fuel": 5947,
        "fault": 0.7944,
        "weapon": 1,
        "pilot_injury": 0.5254,
        "pilot_skill": 0.8217,
        "mission_priority": 0.0445,
        "estimated_landing_time": 946.0,
        "wait_time": 0,
        "Landing_success_rate": 1.0
    },
    {
        "model": 0,
        "sequence": 16,
        "status": 1,
        "fuel": 7072,
        "fault": 0.683,
        "weapon": 1,
        "pilot_injury": 0.2899,
        "pilot_skill": 0.5318,
        "mission_priority": 0.8012,
        "estimated_landing_time": 1510.0,
        "wait_time": 0,
        "Landing_success_rate": 1.0
    },
    {
        "model": 0,
        "sequence": 3,
        "status": 1,
        "fuel": 6563,
        "fault": 0.7471,
        "weapon": 0,
        "pilot_injury": 0.4999,
        "pilot_skill": 0.6313,
        "mission_priority": 0.138,
        "estimated_landing_time": 288.0,
        "wait_time": 0,
        "Landing_success_rate": 1.0
    },
    {
        "model": 0,
        "sequence": 8,
        "status": 1,
        "fuel": 7155,
        "fault": 0.1369,
        "weapon": 1,
        "pilot_injury": 0.3525,
        "pilot_skill": 0.0768,
        "mission_priority": 0.7531,
        "estimated_landing_time": 758.0,
        "wait_time": 0,
        "Landing_success_rate": 1.0
    },
    {
        "model": 0,
        "sequence": 15,
        "status": 1,
        "fuel": 7262,
        "fault": 0.0388,
        "weapon": 1,
        "pilot_injury": 0.7305,
        "pilot_skill": 0.8287,
        "mission_priority": 0.746,
        "estimated_landing_time": 1416.0,
        "wait_time": 0,
        "Landing_success_rate": 1.0
    },
    {
        "model": 1,
        "sequence": 1,
        "status": 1,
        "fuel": 7342,
        "fault": 0.494,
        "weapon": 1,
        "pilot_injury": 0.9021,
        "pilot_skill": 0.651,
        "mission_priority": 0.3984,
        "estimated_landing_time": 100.0,
        "wait_time": 0,
        "Landing_success_rate": 1.0
    },
    {
        "model": 2,
        "sequence": 7,
        "status": 1,
        "fuel": 7141,
        "fault": 0.1571,
        "weapon": 1,
        "pilot_injury": 0.5437,
        "pilot_skill": 0.2756,
        "mission_priority": 0.2212,
        "estimated_landing_time": 664.0,
        "wait_time": 0,
        "Landing_success_rate": 1.0
    },
    {
        "model": 1,
        "sequence": 18,
        "status": 1,
        "fuel": 6264,
        "fault": 0.2228,
        "weapon": 1,
        "pilot_injury": 0.8004,
        "pilot_skill": 0.4844,
        "mission_priority": 0.5739,
        "estimated_landing_time": 1698.0,
        "wait_time": 0,
        "Landing_success_rate": 1.0
    },
    {
        "model": 0,
        "sequence": 2,
        "status": 1,
        "fuel": 5751,
        "fault": 0.3221,
        "weapon": 0,
        "pilot_injury": 0.4101,
        "pilot_skill": 0.8082,
        "mission_priority": 0.7702,
        "estimated_landing_time": 194.0,
        "wait_time": 0,
        "Landing_success_rate": 1.0
    },
    {
        "model": 0,
        "sequence": 4,
        "status": 1,
        "fuel": 6867,
        "fault": 0.0612,
        "weapon": 0,
        "pilot_injury": 0.2435,
        "pilot_skill": 0.9882,
        "mission_priority": 0.9521,
        "estimated_landing_time": 382.0,
        "wait_time": 0,
        "Landing_success_rate": 1.0
    },
    {
        "model": 1,
        "sequence": 6,
        "status": 1,
        "fuel": 7025,
        "fault": 0.0508,
        "weapon": 1,
        "pilot_injury": 0.8014,
        "pilot_skill": 0.721,
        "mission_priority": 0.6998,
        "estimated_landing_time": 570.0,
        "wait_time": 0,
        "Landing_success_rate": 1.0
    },
    {
        "model": 0,
        "sequence": 14,
        "status": 1,
        "fuel": 6430,
        "fault": 0.1123,
        "weapon": 1,
        "pilot_injury": 0.6363,
        "pilot_skill": 0.8493,
        "mission_priority": 0.6699,
        "estimated_landing_time": 1322.0,
        "wait_time": 0,
        "Landing_success_rate": 1.0
    },
    {
        "model": 1,
        "sequence": 13,
        "status": 1,
        "fuel": 5744,
        "fault": 0.3043,
        "weapon": 0,
        "pilot_injury": 0.3713,
        "pilot_skill": 0.1473,
        "mission_priority": 0.5058,
        "estimated_landing_time": 1228.0,
        "wait_time": 0,
        "Landing_success_rate": 1.0
    },
    {
        "model": 2,
        "sequence": 9,
        "status": 1,
        "fuel": 6810,
        "fault": 0.3066,
        "weapon": 0,
        "pilot_injury": 0.6112,
        "pilot_skill": 0.7864,
        "mission_priority": 0.334,
        "estimated_landing_time": 852.0,
        "wait_time": 0,
        "Landing_success_rate": 1.0
    },
    {
        "model": 0,
        "sequence": 11,
        "status": 1,
        "fuel": 7473,
        "fault": 0.1018,
        "weapon": 1,
        "pilot_injury": 0.697,
        "pilot_skill": 0.2944,
        "mission_priority": 0.5486,
        "estimated_landing_time": 1040.0,
        "wait_time": 0,
        "Landing_success_rate": 1.0
    },
    {
        "model": 2,
        "sequence": 12,
        "status": 1,
        "fuel": 7375,
        "fault": 0.0396,
        "weapon": 1,
        "pilot_injury": 0.9152,
        "pilot_skill": 0.8983,
        "mission_priority": 0.971,
        "estimated_landing_time": 1134.0,
        "wait_time": 0,
        "Landing_success_rate": 1.0
    }
]