[
    {
        "model": 0,
        "sequence": 15,
        "status": 1,
        "fuel": 6589,
        "fault": 0.5538,
        "weapon": 0,
        "pilot_injury": 0.8531,
        "pilot_skill": 0.254,
        "mission_priority": 0.3066,
        "estimated_landing_time": 1416.0,
        "wait_time": 0,
        "Landing_success_rate": 1.0
    },
    {
        "model": 1,
        "sequence": 5,
        "status": 1,
        "fuel": 6660,
        "fault": 0.1318,
        "weapon": 0,
        "pilot_injury": 0.4102,
        "pilot_skill": 0.3477,
        "mission_priority": 0.1164,
        "estimated_landing_time": 476.0,
        "wait_time": 0,
        "Landing_success_rate": 1.0
    },
    {
        "model": 2,
        "sequence": 1,
        "status": 1,
        "fuel": 6367,
        "fault": 0.5485,
        "weapon": 1,
        "pilot_injury": 0.6451,
        "pilot_skill": 0.2824,
        "mission_priority": 0.2956,
        "estimated_landing_time": 100.0,
        "wait_time": 0,
        "Landing_success_rate": 1.0
    },
    {
        "model": 2,
        "sequence": 9,
        "status": 1,
        "fuel": 7084,
        "fault": 0.1423,
        "weapon": 0,
        "pilot_injury": 0.4734,
        "pilot_skill": 0.8025,
        "mission_priority": 0.7367,
        "estimated_landing_time": 852.0,
        "wait_time": 0,
        "Landing_success_rate": 1.0
    },
    {
        "model": 2,
        "sequence": 3,
        "status": 1,
        "fuel": 6368,
        "fault": 0.4649,
        "weapon": 1,
        "pilot_injury": 0.1426,
        "pilot_skill": 0.8383,
        "mission_priority": 0.7312,
        "estimated_landing_time": 288.0,
        "wait_time": 0,
        "Landing_success_rate": 1.0
    },
    {
        "model": 2,
        "sequence": 17,
        "status": 1,
        "fuel": 5807,
        "fault": 0.455,
        "weapon": 0,
        "pilot_injury": 0.6399,
        "pilot_skill": 0.7722,
        "mission_priority": 0.8606,
        "estimated_landing_time": 1604.0,
        "wait_time": 0,
        "Landing_success_rate": 1.0
    },
    {
        "model": 0,
        "sequence": 11,
        "status": 1,
        "fuel": 5530,
        "fault": 0.2319,
        "weapon": 0,
        "pilot_injury": 0.0191,
        "pilot_skill": 0.7069,
        "mission_priority": 0.6356,
        "estimated_landing_time": 1040.0,
        "wait_time": 0,
        "Landing_success_rate": 1.0
    },
    {
        "model": 0,
        "sequence": 12,
        "status": 1,
        "fuel": 5558,
        "fault": 0.1146,
        "weapon": 1,
        "pilot_injury": 0.0683,
        "pilot_skill": 0.8264,
        "mission_priority": 0.2619,
        "estimated_landing_time": 1134.0,
        "wait_time": 0,
        "Landing_success_rate": 1.0
    },
    {
        "model": 2,
        "sequence": 16,
        "status": 1,
        "fuel": 5611,
        "fault": 0.8866,
        "weapon": 0,
        "pilot_injury": 0.3398,
        "pilot_skill": 0.5029,
        "mission_priority": 0.4631,
        "estimated_landing_time": 1510.0,
        "wait_time": 0,
        "Landing_success_rate": 1.0
    },
    {
        "model": 2,
        "sequence": 2,
        "status": 1,
        "fuel": 7453,
        "fault": 0.1782,
        "weapon": 0,
        "pilot_injury": 0.743,
        "pilot_skill": 0.9169,
        "mission_priority": 0.8508,
        "estimated_landing_time": 194.0,
        "wait_time": 0,
        "Landing_success_rate": 1.0
    },
    {
        "model": 2,
        "sequence": 4,
        "status": 1,
        "fuel": 5831,
        "fault": 0.3831,
        "weapon": 1,
        "pilot_injury": 0.8008,
        "pilot_skill": 0.4935,
        "mission_priority": 0.1154,
        "estimated_landing_time": 382.0,
        "wait_time": 0,
        "Landing_success_rate": 1.0
    },
    {
        "model": 2,
        "sequence": 7,
        "status": 1,
        "fuel": 6279,
        "fault": 0.1449,
        "weapon": 0,
        "pilot_injury": 0.5966,
        "pilot_skill": 0.7245,
        "mission_priority": 0.1853,
        "estimated_landing_time": 664.0,
        "wait_time": 0,
        "Landing_success_rate": 1.0
    },
    {
        "model": 2,
        "sequence": 18,
        "status": 1,
        "fuel": 7295,
        "fault": 0.2739,
        "weapon": 0,
        "pilot_injury": 0.6536,
        "pilot_skill": 0.0189,
        "mission_priority": 0.1273,
        "estimated_landing_time": 1698.0,
        "wait_time": 0,
        "Landing_success_rate": 1.0
    },
    {
        "model": 1,
        "sequence": 10,
        "status": 1,
        "fuel": 6998,
        "fault": 0.9221,
        "weapon": 0,
        "pilot_injury": 0.3201,
        "pilot_skill": 0.0372,
        "mission_priority": 0.3609,
        "estimated_landing_time": 946.0,
        "wait_time": 0,
        "Landing_success_rate": 1.0
    },
    {
        "model": 1,
        "sequence": 8,
        "status": 1,
        "fuel": 6143,
        "fault": 0.7585,
        "weapon": 1,
        "pilot_injury": 0.7525,
        "pilot_skill": 0.9371,
        "mission_priority": 0.0874,
        "estimated_landing_time": 758.0,
        "wait_time": 0,
        "Landing_success_rate": 1.0
    },
    {
        "model": 1,
        "sequence": 13,
        "status": 1,
        "fuel": 6985,
        "fault": 0.9814,
        "weapon": 0,
        "pilot_injury": 0.1391,
        "pilot_skill": 0.219,
        "mission_priority": 0.5778,
        "estimated_landing_time": 1228.0,
        "wait_time": 0,
        "Landing_success_rate": 1.0
    },
    {
        "model": 1,
        "sequence": 6,
        "status": 1,
        "fuel": 7429,
        "fault": 0.7982,
        "weapon": 1,
        "pilot_injury": 0.1352,
        "pilot_skill": 0.2727,
        "mission_priority": 0.1908,
        "estimated_landing_time": 570.0,
        "wait_time": 0,
        "Landing_success_rate": 1.0
    },
    {
        "model": 2,
        "sequence": 14,
        "status": 1,
        "fuel": 7198,
        "fault": 0.467,
        "weapon": 1,
        "pilot_injury": 0.8685,
        "pilot_skill": 0.3835,
        "mission_priority": 0.3134,
        "estimated_landing_time": 1322.0,
        "wait_time": 0,
        "Landing_success_rate": 1.0
    }
]