[
    {
        "model": 0,
        "sequence": 18,
        "status": 1,
        "fuel": 6862,
        "fault": 0.8695,
        "weapon": 1,
        "pilot_injury": 0.1451,
        "pilot_skill": 0.8582,
        "mission_priority": 0.8708,
        "estimated_landing_time": 1698.0,
        "wait_time": 0,
        "Landing_success_rate": 1.0
    },
    {
        "model": 2,
        "sequence": 10,
        "status": 1,
        "fuel": 6193,
        "fault": 0.0557,
        "weapon": 0,
        "pilot_injury": 0.218,
        "pilot_skill": 0.5579,
        "mission_priority": 0.4664,
        "estimated_landing_time": 946.0,
        "wait_time": 0,
        "Landing_success_rate": 1.0
    },
    {
        "model": 2,
        "sequence": 16,
        "status": 1,
        "fuel": 5949,
        "fault": 0.8697,
        "weapon": 1,
        "pilot_injury": 0.9601,
        "pilot_skill": 0.5522,
        "mission_priority": 0.8462,
        "estimated_landing_time": 1510.0,
        "wait_time": 0,
        "Landing_success_rate": 1.0
    },
    {
        "model": 0,
        "sequence": 14,
        "status": 1,
        "fuel": 7058,
        "fault": 0.2627,
        "weapon": 0,
        "pilot_injury": 0.4704,
        "pilot_skill": 0.2787,
        "mission_priority": 0.3798,
        "estimated_landing_time": 1322.0,
        "wait_time": 0,
        "Landing_success_rate": 1.0
    },
    {
        "model": 0,
        "sequence": 3,
        "status": 1,
        "fuel": 7355,
        "fault": 0.7043,
        "weapon": 1,
        "pilot_injury": 0.6364,
        "pilot_skill": 0.3518,
        "mission_priority": 0.3158,
        "estimated_landing_time": 288.0,
        "wait_time": 0,
        "Landing_success_rate": 1.0
    },
    {
        "model": 2,
        "sequence": 17,
        "status": 1,
        "fuel": 6868,
        "fault": 0.6274,
        "weapon": 1,
        "pilot_injury": 0.253,
        "pilot_skill": 0.0421,
        "mission_priority": 0.0726,
        "estimated_landing_time": 1604.0,
        "wait_time": 0,
        "Landing_success_rate": 1.0
    },
    {
        "model": 1,
        "sequence": 13,
        "status": 1,
        "fuel": 6975,
        "fault": 0.7755,
        "weapon": 0,
        "pilot_injury": 0.2454,
        "pilot_skill": 0.655,
        "mission_priority": 0.0611,
        "estimated_landing_time": 1228.0,
        "wait_time": 0,
        "Landing_success_rate": 1.0
    },
    {
        "model": 0,
        "sequence": 11,
        "status": 1,
        "fuel": 5892,
        "fault": 0.6279,
        "weapon": 1,
        "pilot_injury": 0.7913,
        "pilot_skill": 0.3054,
        "mission_priority": 0.9248,
        "estimated_landing_time": 1040.0,
        "wait_time": 0,
        "Landing_success_rate": 1.0
    },
    {
        "model": 2,
        "sequence": 1,
        "status": 1,
        "fuel": 7141,
        "fault": 0.8366,
        "weapon": 0,
        "pilot_injury": 0.9941,
        "pilot_skill": 0.87,
        "mission_priority": 0.4659,
        "estimated_landing_time": 100.0,
        "wait_time": 0,
        "Landing_success_rate": 1.0
    },
    {
        "model": 2,
        "sequence": 6,
        "status": 1,
        "fuel": 7280,
        "fault": 0.0696,
        "weapon": 1,
        "pilot_injury": 0.1945,
        "pilot_skill": 0.2,
        "mission_priority": 0.4696,
        "estimated_landing_time": 570.0,
        "wait_time": 0,
        "Landing_success_rate": 1.0
    },
    {
        "model": 0,
        "sequence": 7,
        "status": 1,
        "fuel": 6366,
        "fault": 0.7751,
        "weapon": 0,
        "pilot_injury": 0.7825,
        "pilot_skill": 0.0575,
        "mission_priority": 0.4782,
        "estimated_landing_time": 664.0,
        "wait_time": 0,
        "Landing_success_rate": 1.0
    },
    {
        "model": 0,
        "sequence": 5,
        "status": 1,
        "fuel": 6079,
        "fault": 0.408,
        "weapon": 0,
        "pilot_injury": 0.0585,
        "pilot_skill": 0.4186,
        "mission_priority": 0.5838,
        "estimated_landing_time": 476.0,
        "wait_time": 0,
        "Landing_success_rate": 1.0
    },
    {
        "model": 2,
        "sequence": 9,
        "status": 1,
        "fuel": 6565,
        "fault": 0.9618,
        "weapon": 0,
        "pilot_injury": 0.6636,
        "pilot_skill": 0.5216,
        "mission_priority": 0.1618,
        "estimated_landing_time": 852.0,
        "wait_time": 0,
        "Landing_success_rate": 1.0
    },
    {
        "model": 0,
        "sequence": 8,
        "status": 1,
        "fuel": 6006,
        "fault": 0.7369,
        "weapon": 1,
        "pilot_injury": 0.0156,
        "pilot_skill": 0.6426,
        "mission_priority": 0.0737,
        "estimated_landing_time": 758.0,
        "wait_time": 0,
        "Landing_success_rate": 1.0
    },
    {
        "model": 1,
        "sequence": 2,
        "status": 1,
        "fuel": 6436,
        "fault": 0.5816,
        "weapon": 0,
        "pilot_injury": 0.4229,
        "pilot_skill": 0.8023,
        "mission_priority": 0.2818,
        "estimated_landing_time": 194.0,
        "wait_time": 0,
        "Landing_success_rate": 1.0
    },
    {
        "model": 0,
        "sequence": 12,
        "status": 1,
        "fuel": 7227,
        "fault": 0.0373,
        "weapon": 1,
        "pilot_injury": 0.2343,
        "pilot_skill": 0.5142,
        "mission_priority": 0.7975,
        "estimated_landing_time": 1134.0,
        "wait_time": 0,
        "Landing_success_rate": 1.0
    },
    {
        "model": 2,
        "sequence": 15,
        "status": 1,
        "fuel": 5582,
        "fault": 0.4863,
        "weapon": 0,
        "pilot_injury": 0.3386,
        "pilot_skill": 0.7935,
        "mission_priority": 0.2122,
        "estimated_landing_time": 1416.0,
        "wait_time": 0,
        "Landing_success_rate": 1.0
    },
    {
        "model": 2,
        "sequence": 4,
        "status": 1,
        "fuel": 6906,
        "fault": 0.387,
        "weapon": 0,
        "pilot_injury": 0.0137,
        "pilot_skill": 0.4404,
        "mission_priority": 0.6478,
        "estimated_landing_time": 382.0,
        "wait_time": 0,
        "Landing_success_rate": 1.0
    }
]