[
    {
        "model": 0,
        "sequence": 15,
        "status": 1,
        "fuel": 7001,
        "fault": 0.4902,
        "weapon": 0,
        "pilot_injury": 0.9114,
        "pilot_skill": 0.5567,
        "mission_priority": 0.2655,
        "estimated_landing_time": 1416.0,
        "wait_time": 0,
        "Landing_success_rate": 1.0
    },
    {
        "model": 1,
        "sequence": 4,
        "status": 1,
        "fuel": 6580,
        "fault": 0.6817,
        "weapon": 1,
        "pilot_injury": 0.9051,
        "pilot_skill": 0.7258,
        "mission_priority": 0.7405,
        "estimated_landing_time": 382.0,
        "wait_time": 0,
        "Landing_success_rate": 1.0
    },
    {
        "model": 1,
        "sequence": 9,
        "status": 1,
        "fuel": 5551,
        "fault": 0.3737,
        "weapon": 0,
        "pilot_injury": 0.8146,
        "pilot_skill": 0.8362,
        "mission_priority": 0.3605,
        "estimated_landing_time": 852.0,
        "wait_time": 0,
        "Landing_success_rate": 1.0
    },
    {
        "model": 0,
        "sequence": 14,
        "status": 1,
        "fuel": 6120,
        "fault": 0.6523,
        "weapon": 0,
        "pilot_injury": 0.5247,
        "pilot_skill": 0.8669,
        "mission_priority": 0.6268,
        "estimated_landing_time": 1322.0,
        "wait_time": 0,
        "Landing_success_rate": 1.0
    },
    {
        "model": 2,
        "sequence": 3,
        "status": 1,
        "fuel": 7161,
        "fault": 0.7249,
        "weapon": 1,
        "pilot_injury": 0.2779,
        "pilot_skill": 0.5021,
        "mission_priority": 0.5873,
        "estimated_landing_time": 288.0,
        "wait_time": 0,
        "Landing_success_rate": 1.0
    },
    {
        "model": 2,
        "sequence": 16,
        "status": 1,
        "fuel": 5576,
        "fault": 0.1352,
        "weapon": 0,
        "pilot_injury": 0.6562,
        "pilot_skill": 0.8486,
        "mission_priority": 0.2955,
        "estimated_landing_time": 1510.0,
        "wait_time": 0,
        "Landing_success_rate": 1.0
    },
    {
        "model": 2,
        "sequence": 13,
        "status": 1,
        "fuel": 7087,
        "fault": 0.8291,
        "weapon": 1,
        "pilot_injury": 0.4802,
        "pilot_skill": 0.268,
        "mission_priority": 0.3809,
        "estimated_landing_time": 1228.0,
        "wait_time": 0,
        "Landing_success_rate": 1.0
    },
    {
        "model": 0,
        "sequence": 8,
        "status": 1,
        "fuel": 6919,
        "fault": 0.7481,
        "weapon": 1,
        "pilot_injury": 0.4666,
        "pilot_skill": 0.9946,
        "mission_priority": 0.2989,
        "estimated_landing_time": 758.0,
        "wait_time": 0,
        "Landing_success_rate": 1.0
    },
    {
        "model": 2,
        "sequence": 10,
        "status": 1,
        "fuel": 5698,
        "fault": 0.5478,
        "weapon": 0,
        "pilot_injury": 0.9255,
        "pilot_skill": 0.0586,
        "mission_priority": 0.0116,
        "estimated_landing_time": 946.0,
        "wait_time": 0,
        "Landing_success_rate": 1.0
    },
    {
        "model": 1,
        "sequence": 11,
        "status": 1,
        "fuel": 6302,
        "fault": 0.279,
        "weapon": 0,
        "pilot_injury": 0.3341,
        "pilot_skill": 0.5468,
        "mission_priority": 0.1024,
        "estimated_landing_time": 1040.0,
        "wait_time": 0,
        "Landing_success_rate": 1.0
    },
    {
        "model": 2,
        "sequence": 6,
        "status": 1,
        "fuel": 7295,
        "fault": 0.3874,
        "weapon": 1,
        "pilot_injury": 0.6327,
        "pilot_skill": 0.834,
        "mission_priority": 0.1711,
        "estimated_landing_time": 570.0,
        "wait_time": 0,
        "Landing_success_rate": 1.0
    },
    {
        "model": 2,
        "sequence": 7,
        "status": 1,
        "fuel": 6250,
        "fault": 0.5873,
        "weapon": 0,
        "pilot_injury": 0.9229,
        "pilot_skill": 0.2077,
        "mission_priority": 0.6046,
        "estimated_landing_time": 664.0,
        "wait_time": 0,
        "Landing_success_rate": 1.0
    },
    {
        "model": 1,
        "sequence": 5,
        "status": 1,
        "fuel": 6893,
        "fault": 0.2556,
        "weapon": 1,
        "pilot_injury": 0.6059,
        "pilot_skill": 0.4945,
        "mission_priority": 0.913,
        "estimated_landing_time": 476.0,
        "wait_time": 0,
        "Landing_success_rate": 1.0
    },
    {
        "model": 1,
        "sequence": 1,
        "status": 1,
        "fuel": 7141,
        "fault": 0.5432,
        "weapon": 1,
        "pilot_injury": 0.6081,
        "pilot_skill": 0.624,
        "mission_priority": 0.4391,
        "estimated_landing_time": 100.0,
        "wait_time": 0,
        "Landing_success_rate": 1.0
    },
    {
        "model": 2,
        "sequence": 18,
        "status": 1,
        "fuel": 5954,
        "fault": 0.486,
        "weapon": 1,
        "pilot_injury": 0.7327,
        "pilot_skill": 0.1106,
        "mission_priority": 0.2121,
        "estimated_landing_time": 1698.0,
        "wait_time": 0,
        "Landing_success_rate": 1.0
    },
    {
        "model": 1,
        "sequence": 2,
        "status": 1,
        "fuel": 6497,
        "fault": 0.3638,
        "weapon": 1,
        "pilot_injury": 0.915,
        "pilot_skill": 0.3039,
        "mission_priority": 0.7419,
        "estimated_landing_time": 194.0,
        "wait_time": 0,
        "Landing_success_rate": 1.0
    },
    {
        "model": 0,
        "sequence": 17,
        "status": 1,
        "fuel": 5929,
        "fault": 0.3239,
        "weapon": 0,
        "pilot_injury": 0.5508,
        "pilot_skill": 0.6274,
        "mission_priority": 0.4811,
        "estimated_landing_time": 1604.0,
        "wait_time": 0,
        "Landing_success_rate": 1.0
    },
    {
        "model": 1,
        "sequence": 12,
        "status": 1,
        "fuel": 6473,
        "fault": 0.6576,
        "weapon": 1,
        "pilot_injury": 0.8506,
        "pilot_skill": 0.8034,
        "mission_priority": 0.4881,
        "estimated_landing_time": 1134.0,
        "wait_time": 0,
        "Landing_success_rate": 1.0
    }
]