[
    {
        "model": 2,
        "sequence": 11,
        "status": 1,
        "fuel": 6919,
        "fault": 0.736,
        "weapon": 0,
        "pilot_injury": 0.5053,
        "pilot_skill": 0.2473,
        "mission_priority": 0.4013,
        "estimated_landing_time": 1040.0,
        "wait_time": 0,
        "Landing_success_rate": 1.0
    },
    {
        "model": 0,
        "sequence": 6,
        "status": 1,
        "fuel": 5950,
        "fault": 0.6033,
        "weapon": 1,
        "pilot_injury": 0.4351,
        "pilot_skill": 0.5354,
        "mission_priority": 0.9318,
        "estimated_landing_time": 570.0,
        "wait_time": 0,
        "Landing_success_rate": 1.0
    },
    {
        "model": 2,
        "sequence": 12,
        "status": 1,
        "fuel": 7489,
        "fault": 0.8359,
        "weapon": 0,
        "pilot_injury": 0.1593,
        "pilot_skill": 0.4839,
        "mission_priority": 0.2184,
        "estimated_landing_time": 1134.0,
        "wait_time": 0,
        "Landing_success_rate": 1.0
    },
    {
        "model": 0,
        "sequence": 3,
        "status": 1,
        "fuel": 7197,
        "fault": 0.0943,
        "weapon": 1,
        "pilot_injury": 0.38,
        "pilot_skill": 0.8633,
        "mission_priority": 0.6598,
        "estimated_landing_time": 288.0,
        "wait_time": 0,
        "Landing_success_rate": 1.0
    },
    {
        "model": 1,
        "sequence": 4,
        "status": 1,
        "fuel": 7070,
        "fault": 0.2943,
        "weapon": 1,
        "pilot_injury": 0.8832,
        "pilot_skill": 0.167,
        "mission_priority": 0.2228,
        "estimated_landing_time": 382.0,
        "wait_time": 0,
        "Landing_success_rate": 1.0
    },
    {
        "model": 1,
        "sequence": 1,
        "status": 1,
        "fuel": 5662,
        "fault": 0.7478,
        "weapon": 0,
        "pilot_injury": 0.8877,
        "pilot_skill": 0.2524,
        "mission_priority": 0.3738,
        "estimated_landing_time": 100.0,
        "wait_time": 0,
        "Landing_success_rate": 1.0
    },
    {
        "model": 2,
        "sequence": 16,
        "status": 1,
        "fuel": 7313,
        "fault": 0.6396,
        "weapon": 1,
        "pilot_injury": 0.7516,
        "pilot_skill": 0.214,
        "mission_priority": 0.7165,
        "estimated_landing_time": 1510.0,
        "wait_time": 0,
        "Landing_success_rate": 1.0
    },
    {
        "model": 0,
        "sequence": 7,
        "status": 1,
        "fuel": 7255,
        "fault": 0.9873,
        "weapon": 1,
        "pilot_injury": 0.814,
        "pilot_skill": 0.7222,
        "mission_priority": 0.6151,
        "estimated_landing_time": 664.0,
        "wait_time": 0,
        "Landing_success_rate": 1.0
    },
    {
        "model": 0,
        "sequence": 9,
        "status": 1,
        "fuel": 6457,
        "fault": 0.1397,
        "weapon": 1,
        "pilot_injury": 0.9359,
        "pilot_skill": 0.137,
        "mission_priority": 0.4882,
        "estimated_landing_time": 852.0,
        "wait_time": 0,
        "Landing_success_rate": 1.0
    },
    {
        "model": 2,
        "sequence": 10,
        "status": 1,
        "fuel": 5574,
        "fault": 0.7521,
        "weapon": 0,
        "pilot_injury": 0.7216,
        "pilot_skill": 0.1409,
        "mission_priority": 0.877,
        "estimated_landing_time": 946.0,
        "wait_time": 0,
        "Landing_success_rate": 1.0
    },
    {
        "model": 0,
        "sequence": 14,
        "status": 1,
        "fuel": 5549,
        "fault": 0.4763,
        "weapon": 0,
        "pilot_injury": 0.457,
        "pilot_skill": 0.3283,
        "mission_priority": 0.1582,
        "estimated_landing_time": 1322.0,
        "wait_time": 0,
        "Landing_success_rate": 1.0
    },
    {
        "model": 0,
        "sequence": 18,
        "status": 1,
        "fuel": 6665,
        "fault": 0.6404,
        "weapon": 0,
        "pilot_injury": 0.5504,
        "pilot_skill": 0.1221,
        "mission_priority": 0.1127,
        "estimated_landing_time": 1698.0,
        "wait_time": 0,
        "Landing_success_rate": 1.0
    },
    {
        "model": 0,
        "sequence": 2,
        "status": 1,
        "fuel": 6062,
        "fault": 0.0564,
        "weapon": 1,
        "pilot_injury": 0.7119,
        "pilot_skill": 0.0584,
        "mission_priority": 0.5603,
        "estimated_landing_time": 194.0,
        "wait_time": 0,
        "Landing_success_rate": 1.0
    },
    {
        "model": 1,
        "sequence": 8,
        "status": 1,
        "fuel": 7076,
        "fault": 0.1724,
        "weapon": 1,
        "pilot_injury": 0.9071,
        "pilot_skill": 0.6982,
        "mission_priority": 0.9262,
        "estimated_landing_time": 758.0,
        "wait_time": 0,
        "Landing_success_rate": 1.0
    },
    {
        "model": 1,
        "sequence": 5,
        "status": 1,
        "fuel": 6206,
        "fault": 0.1208,
        "weapon": 0,
        "pilot_injury": 0.5697,
        "pilot_skill": 0.3061,
        "mission_priority": 0.2178,
        "estimated_landing_time": 476.0,
        "wait_time": 0,
        "Landing_success_rate": 1.0
    },
    {
        "model": 1,
        "sequence": 15,
        "status": 1,
        "fuel": 5854,
        "fault": 0.5596,
        "weapon": 0,
        "pilot_injury": 0.1727,
        "pilot_skill": 0.2586,
        "mission_priority": 0.4681,
        "estimated_landing_time": 1416.0,
        "wait_time": 0,
        "Landing_success_rate": 1.0
    },
    {
        "model": 0,
        "sequence": 13,
        "status": 1,
        "fuel": 6461,
        "fault": 0.7342,
        "weapon": 0,
        "pilot_injury": 0.9232,
        "pilot_skill": 0.7481,
        "mission_priority": 0.6664,
        "estimated_landing_time": 1228.0,
        "wait_time": 0,
        "Landing_success_rate": 1.0
    },
    {
        "model": 1,
        "sequence": 17,
        "status": 1,
        "fuel": 6529,
        "fault": 0.5633,
        "weapon": 0,
        "pilot_injury": 0.1866,
        "pilot_skill": 0.8947,
        "mission_priority": 0.2485,
        "estimated_landing_time": 1604.0,
        "wait_time": 0,
        "Landing_success_rate": 1.0
    }
]