[
    {
        "model": 1,
        "sequence": 4,
        "status": 1,
        "fuel": 6684,
        "fault": 0.5662,
        "weapon": 1,
        "pilot_injury": 0.2526,
        "pilot_skill": 0.7455,
        "mission_priority": 0.6342,
        "estimated_landing_time": 382.0,
        "wait_time": 0,
        "Landing_success_rate": 1.0
    },
    {
        "model": 2,
        "sequence": 5,
        "status": 1,
        "fuel": 7342,
        "fault": 0.1371,
        "weapon": 0,
        "pilot_injury": 0.7405,
        "pilot_skill": 0.8623,
        "mission_priority": 0.3453,
        "estimated_landing_time": 476.0,
        "wait_time": 0,
        "Landing_success_rate": 1.0
    },
    {
        "model": 2,
        "sequence": 16,
        "status": 1,
        "fuel": 5894,
        "fault": 0.873,
        "weapon": 1,
        "pilot_injury": 0.0498,
        "pilot_skill": 0.3502,
        "mission_priority": 0.1187,
        "estimated_landing_time": 1510.0,
        "wait_time": 0,
        "Landing_success_rate": 1.0
    },
    {
        "model": 1,
        "sequence": 3,
        "status": 1,
        "fuel": 6925,
        "fault": 0.9795,
        "weapon": 1,
        "pilot_injury": 0.4312,
        "pilot_skill": 0.687,
        "mission_priority": 0.2893,
        "estimated_landing_time": 288.0,
        "wait_time": 0,
        "Landing_success_rate": 1.0
    },
    {
        "model": 1,
        "sequence": 14,
        "status": 1,
        "fuel": 6073,
        "fault": 0.2971,
        "weapon": 0,
        "pilot_injury": 0.9682,
        "pilot_skill": 0.9542,
        "mission_priority": 0.7733,
        "estimated_landing_time": 1322.0,
        "wait_time": 0,
        "Landing_success_rate": 1.0
    },
    {
        "model": 2,
        "sequence": 2,
        "status": 1,
        "fuel": 5599,
        "fault": 0.2675,
        "weapon": 0,
        "pilot_injury": 0.8956,
        "pilot_skill": 0.2365,
        "mission_priority": 0.3454,
        "estimated_landing_time": 194.0,
        "wait_time": 0,
        "Landing_success_rate": 1.0
    },
    {
        "model": 0,
        "sequence": 15,
        "status": 1,
        "fuel": 7107,
        "fault": 0.8021,
        "weapon": 1,
        "pilot_injury": 0.8373,
        "pilot_skill": 0.8776,
        "mission_priority": 0.2997,
        "estimated_landing_time": 1416.0,
        "wait_time": 0,
        "Landing_success_rate": 1.0
    },
    {
        "model": 1,
        "sequence": 18,
        "status": 1,
        "fuel": 6544,
        "fault": 0.595,
        "weapon": 0,
        "pilot_injury": 0.3342,
        "pilot_skill": 0.518,
        "mission_priority": 0.2264,
        "estimated_landing_time": 1698.0,
        "wait_time": 0,
        "Landing_success_rate": 1.0
    },
    {
        "model": 1,
        "sequence": 11,
        "status": 1,
        "fuel": 6886,
        "fault": 0.9891,
        "weapon": 0,
        "pilot_injury": 0.2069,
        "pilot_skill": 0.7956,
        "mission_priority": 0.6316,
        "estimated_landing_time": 1040.0,
        "wait_time": 0,
        "Landing_success_rate": 1.0
    },
    {
        "model": 0,
        "sequence": 7,
        "status": 1,
        "fuel": 5684,
        "fault": 0.2742,
        "weapon": 1,
        "pilot_injury": 0.8788,
        "pilot_skill": 0.8357,
        "mission_priority": 0.2298,
        "estimated_landing_time": 664.0,
        "wait_time": 0,
        "Landing_success_rate": 1.0
    },
    {
        "model": 2,
        "sequence": 1,
        "status": 1,
        "fuel": 6679,
        "fault": 0.608,
        "weapon": 0,
        "pilot_injury": 0.6155,
        "pilot_skill": 0.1009,
        "mission_priority": 0.5874,
        "estimated_landing_time": 100.0,
        "wait_time": 0,
        "Landing_success_rate": 1.0
    },
    {
        "model": 1,
        "sequence": 10,
        "status": 1,
        "fuel": 7175,
        "fault": 0.6702,
        "weapon": 0,
        "pilot_injury": 0.2091,
        "pilot_skill": 0.4532,
        "mission_priority": 0.1562,
        "estimated_landing_time": 946.0,
        "wait_time": 0,
        "Landing_success_rate": 1.0
    },
    {
        "model": 2,
        "sequence": 6,
        "status": 1,
        "fuel": 5819,
        "fault": 0.0149,
        "weapon": 0,
        "pilot_injury": 0.7367,
        "pilot_skill": 0.6902,
        "mission_priority": 0.4233,
        "estimated_landing_time": 570.0,
        "wait_time": 0,
        "Landing_success_rate": 1.0
    },
    {
        "model": 2,
        "sequence": 17,
        "status": 1,
        "fuel": 6658,
        "fault": 0.138,
        "weapon": 0,
        "pilot_injury": 0.8033,
        "pilot_skill": 0.2152,
        "mission_priority": 0.324,
        "estimated_landing_time": 1604.0,
        "wait_time": 0,
        "Landing_success_rate": 1.0
    },
    {
        "model": 2,
        "sequence": 13,
        "status": 1,
        "fuel": 5693,
        "fault": 0.0776,
        "weapon": 1,
        "pilot_injury": 0.8385,
        "pilot_skill": 0.5837,
        "mission_priority": 0.403,
        "estimated_landing_time": 1228.0,
        "wait_time": 0,
        "Landing_success_rate": 1.0
    },
    {
        "model": 0,
        "sequence": 9,
        "status": 1,
        "fuel": 6402,
        "fault": 0.5472,
        "weapon": 1,
        "pilot_injury": 0.8031,
        "pilot_skill": 0.612,
        "mission_priority": 0.3769,
        "estimated_landing_time": 852.0,
        "wait_time": 0,
        "Landing_success_rate": 1.0
    },
    {
        "model": 2,
        "sequence": 8,
        "status": 1,
        "fuel": 7281,
        "fault": 0.7532,
        "weapon": 0,
        "pilot_injury": 0.2767,
        "pilot_skill": 0.1043,
        "mission_priority": 0.0752,
        "estimated_landing_time": 758.0,
        "wait_time": 0,
        "Landing_success_rate": 1.0
    },
    {
        "model": 2,
        "sequence": 12,
        "status": 1,
        "fuel": 6842,
        "fault": 0.0392,
        "weapon": 1,
        "pilot_injury": 0.8375,
        "pilot_skill": 0.1836,
        "mission_priority": 0.4246,
        "estimated_landing_time": 1134.0,
        "wait_time": 0,
        "Landing_success_rate": 1.0
    }
]