[
    {
        "model": 1,
        "sequence": 14,
        "status": 1,
        "fuel": 6432,
        "fault": 0.2928,
        "weapon": 1,
        "pilot_injury": 0.9695,
        "pilot_skill": 0.5026,
        "mission_priority": 0.1756,
        "estimated_landing_time": 1322.0,
        "wait_time": 0,
        "Landing_success_rate": 1.0
    },
    {
        "model": 2,
        "sequence": 3,
        "status": 1,
        "fuel": 6528,
        "fault": 0.7627,
        "weapon": 1,
        "pilot_injury": 0.8721,
        "pilot_skill": 0.8618,
        "mission_priority": 0.9338,
        "estimated_landing_time": 288.0,
        "wait_time": 0,
        "Landing_success_rate": 1.0
    },
    {
        "model": 2,
        "sequence": 8,
        "status": 1,
        "fuel": 7098,
        "fault": 0.3518,
        "weapon": 1,
        "pilot_injury": 0.7183,
        "pilot_skill": 0.2648,
        "mission_priority": 0.6213,
        "estimated_landing_time": 758.0,
        "wait_time": 0,
        "Landing_success_rate": 1.0
    },
    {
        "model": 2,
        "sequence": 2,
        "status": 1,
        "fuel": 7342,
        "fault": 0.9832,
        "weapon": 0,
        "pilot_injury": 0.4917,
        "pilot_skill": 0.1277,
        "mission_priority": 0.005,
        "estimated_landing_time": 194.0,
        "wait_time": 0,
        "Landing_success_rate": 1.0
    },
    {
        "model": 0,
        "sequence": 13,
        "status": 1,
        "fuel": 6012,
        "fault": 0.5499,
        "weapon": 1,
        "pilot_injury": 0.0753,
        "pilot_skill": 0.0734,
        "mission_priority": 0.1958,
        "estimated_landing_time": 1228.0,
        "wait_time": 0,
        "Landing_success_rate": 1.0
    },
    {
        "model": 2,
        "sequence": 4,
        "status": 1,
        "fuel": 7225,
        "fault": 0.3361,
        "weapon": 0,
        "pilot_injury": 0.4855,
        "pilot_skill": 0.3355,
        "mission_priority": 0.0824,
        "estimated_landing_time": 382.0,
        "wait_time": 0,
        "Landing_success_rate": 1.0
    },
    {
        "model": 0,
        "sequence": 15,
        "status": 1,
        "fuel": 6220,
        "fault": 0.8502,
        "weapon": 0,
        "pilot_injury": 0.6149,
        "pilot_skill": 0.9772,
        "mission_priority": 0.1113,
        "estimated_landing_time": 1416.0,
        "wait_time": 0,
        "Landing_success_rate": 1.0
    },
    {
        "model": 1,
        "sequence": 12,
        "status": 1,
        "fuel": 5937,
        "fault": 0.0676,
        "weapon": 0,
        "pilot_injury": 0.9686,
        "pilot_skill": 0.7718,
        "mission_priority": 0.8982,
        "estimated_landing_time": 1134.0,
        "wait_time": 0,
        "Landing_success_rate": 1.0
    },
    {
        "model": 1,
        "sequence": 11,
        "status": 1,
        "fuel": 7052,
        "fault": 0.7623,
        "weapon": 1,
        "pilot_injury": 0.1028,
        "pilot_skill": 0.053,
        "mission_priority": 0.8556,
        "estimated_landing_time": 1040.0,
        "wait_time": 0,
        "Landing_success_rate": 1.0
    },
    {
        "model": 2,
        "sequence": 18,
        "status": 1,
        "fuel": 6292,
        "fault": 0.1334,
        "weapon": 0,
        "pilot_injury": 0.1134,
        "pilot_skill": 0.0332,
        "mission_priority": 0.1045,
        "estimated_landing_time": 1698.0,
        "wait_time": 0,
        "Landing_success_rate": 1.0
    },
    {
        "model": 0,
        "sequence": 6,
        "status": 1,
        "fuel": 5884,
        "fault": 0.0091,
        "weapon": 0,
        "pilot_injury": 0.6679,
        "pilot_skill": 0.7786,
        "mission_priority": 0.7761,
        "estimated_landing_time": 570.0,
        "wait_time": 0,
        "Landing_success_rate": 1.0
    },
    {
        "model": 1,
        "sequence": 10,
        "status": 1,
        "fuel": 7193,
        "fault": 0.7975,
        "weapon": 1,
        "pilot_injury": 0.3227,
        "pilot_skill": 0.5716,
        "mission_priority": 0.9567,
        "estimated_landing_time": 946.0,
        "wait_time": 0,
        "Landing_success_rate": 1.0
    },
    {
        "model": 0,
        "sequence": 17,
        "status": 1,
        "fuel": 5938,
        "fault": 0.8235,
        "weapon": 1,
        "pilot_injury": 0.6327,
        "pilot_skill": 0.2421,
        "mission_priority": 0.4368,
        "estimated_landing_time": 1604.0,
        "wait_time": 0,
        "Landing_success_rate": 1.0
    },
    {
        "model": 0,
        "sequence": 16,
        "status": 1,
        "fuel": 7023,
        "fault": 0.7768,
        "weapon": 1,
        "pilot_injury": 0.0685,
        "pilot_skill": 0.1686,
        "mission_priority": 0.7913,
        "estimated_landing_time": 1510.0,
        "wait_time": 0,
        "Landing_success_rate": 1.0
    },
    {
        "model": 2,
        "sequence": 5,
        "status": 1,
        "fuel": 7340,
        "fault": 0.1193,
        "weapon": 1,
        "pilot_injury": 0.1676,
        "pilot_skill": 0.8378,
        "mission_priority": 0.9607,
        "estimated_landing_time": 476.0,
        "wait_time": 0,
        "Landing_success_rate": 1.0
    },
    {
        "model": 2,
        "sequence": 7,
        "status": 1,
        "fuel": 6458,
        "fault": 0.3297,
        "weapon": 1,
        "pilot_injury": 0.8847,
        "pilot_skill": 0.8156,
        "mission_priority": 0.6179,
        "estimated_landing_time": 664.0,
        "wait_time": 0,
        "Landing_success_rate": 1.0
    },
    {
        "model": 0,
        "sequence": 9,
        "status": 1,
        "fuel": 6899,
        "fault": 0.3892,
        "weapon": 0,
        "pilot_injury": 0.216,
        "pilot_skill": 0.7286,
        "mission_priority": 0.6457,
        "estimated_landing_time": 852.0,
        "wait_time": 0,
        "Landing_success_rate": 1.0
    },
    {
        "model": 0,
        "sequence": 1,
        "status": 1,
        "fuel": 6487,
        "fault": 0.2918,
        "weapon": 1,
        "pilot_injury": 0.5979,
        "pilot_skill": 0.7802,
        "mission_priority": 0.339,
        "estimated_landing_time": 100.0,
        "wait_time": 0,
        "Landing_success_rate": 1.0
    }
]