[
    {
        "model": 1,
        "sequence": 1,
        "status": 1,
        "fuel": 6018,
        "fault": 0.3512,
        "weapon": 1,
        "pilot_injury": 0.3751,
        "pilot_skill": 0.462,
        "mission_priority": 0.0124,
        "estimated_landing_time": 100.0,
        "wait_time": 0,
        "Landing_success_rate": 1.0
    },
    {
        "model": 2,
        "sequence": 3,
        "status": 1,
        "fuel": 7058,
        "fault": 0.1882,
        "weapon": 0,
        "pilot_injury": 0.907,
        "pilot_skill": 0.894,
        "mission_priority": 0.9661,
        "estimated_landing_time": 288.0,
        "wait_time": 0,
        "Landing_success_rate": 1.0
    },
    {
        "model": 0,
        "sequence": 7,
        "status": 1,
        "fuel": 6928,
        "fault": 0.1403,
        "weapon": 1,
        "pilot_injury": 0.6415,
        "pilot_skill": 0.0682,
        "mission_priority": 0.2726,
        "estimated_landing_time": 664.0,
        "wait_time": 0,
        "Landing_success_rate": 1.0
    },
    {
        "model": 2,
        "sequence": 13,
        "status": 1,
        "fuel": 5518,
        "fault": 0.1126,
        "weapon": 1,
        "pilot_injury": 0.6546,
        "pilot_skill": 0.0491,
        "mission_priority": 0.1036,
        "estimated_landing_time": 1228.0,
        "wait_time": 0,
        "Landing_success_rate": 1.0
    },
    {
        "model": 1,
        "sequence": 18,
        "status": 1,
        "fuel": 5674,
        "fault": 0.8824,
        "weapon": 1,
        "pilot_injury": 0.1782,
        "pilot_skill": 0.6885,
        "mission_priority": 0.8308,
        "estimated_landing_time": 1698.0,
        "wait_time": 0,
        "Landing_success_rate": 1.0
    },
    {
        "model": 1,
        "sequence": 17,
        "status": 1,
        "fuel": 7283,
        "fault": 0.5005,
        "weapon": 0,
        "pilot_injury": 0.2,
        "pilot_skill": 0.9733,
        "mission_priority": 0.35,
        "estimated_landing_time": 1604.0,
        "wait_time": 0,
        "Landing_success_rate": 1.0
    },
    {
        "model": 0,
        "sequence": 10,
        "status": 1,
        "fuel": 6482,
        "fault": 0.3412,
        "weapon": 0,
        "pilot_injury": 0.8647,
        "pilot_skill": 0.0671,
        "mission_priority": 0.6503,
        "estimated_landing_time": 946.0,
        "wait_time": 0,
        "Landing_success_rate": 1.0
    },
    {
        "model": 0,
        "sequence": 16,
        "status": 1,
        "fuel": 6454,
        "fault": 0.7899,
        "weapon": 0,
        "pilot_injury": 0.0518,
        "pilot_skill": 0.9161,
        "mission_priority": 0.9085,
        "estimated_landing_time": 1510.0,
        "wait_time": 0,
        "Landing_success_rate": 1.0
    },
    {
        "model": 1,
        "sequence": 9,
        "status": 1,
        "fuel": 5646,
        "fault": 0.2527,
        "weapon": 1,
        "pilot_injury": 0.955,
        "pilot_skill": 0.4967,
        "mission_priority": 0.3936,
        "estimated_landing_time": 852.0,
        "wait_time": 0,
        "Landing_success_rate": 1.0
    },
    {
        "model": 1,
        "sequence": 4,
        "status": 1,
        "fuel": 7457,
        "fault": 0.7736,
        "weapon": 0,
        "pilot_injury": 0.4773,
        "pilot_skill": 0.7833,
        "mission_priority": 0.4317,
        "estimated_landing_time": 382.0,
        "wait_time": 0,
        "Landing_success_rate": 1.0
    },
    {
        "model": 2,
        "sequence": 2,
        "status": 1,
        "fuel": 5903,
        "fault": 0.6331,
        "weapon": 0,
        "pilot_injury": 0.0778,
        "pilot_skill": 0.4974,
        "mission_priority": 0.1481,
        "estimated_landing_time": 194.0,
        "wait_time": 0,
        "Landing_success_rate": 1.0
    },
    {
        "model": 1,
        "sequence": 6,
        "status": 1,
        "fuel": 6364,
        "fault": 0.3554,
        "weapon": 0,
        "pilot_injury": 0.765,
        "pilot_skill": 0.9545,
        "mission_priority": 0.8495,
        "estimated_landing_time": 570.0,
        "wait_time": 0,
        "Landing_success_rate": 1.0
    },
    {
        "model": 2,
        "sequence": 15,
        "status": 1,
        "fuel": 7454,
        "fault": 0.37,
        "weapon": 0,
        "pilot_injury": 0.1653,
        "pilot_skill": 0.9354,
        "mission_priority": 0.8685,
        "estimated_landing_time": 1416.0,
        "wait_time": 0,
        "Landing_success_rate": 1.0
    },
    {
        "model": 0,
        "sequence": 14,
        "status": 1,
        "fuel": 6383,
        "fault": 0.7147,
        "weapon": 0,
        "pilot_injury": 0.6249,
        "pilot_skill": 0.0147,
        "mission_priority": 0.7481,
        "estimated_landing_time": 1322.0,
        "wait_time": 0,
        "Landing_success_rate": 1.0
    },
    {
        "model": 2,
        "sequence": 11,
        "status": 1,
        "fuel": 5620,
        "fault": 0.5008,
        "weapon": 1,
        "pilot_injury": 0.5515,
        "pilot_skill": 0.4517,
        "mission_priority": 0.0158,
        "estimated_landing_time": 1040.0,
        "wait_time": 0,
        "Landing_success_rate": 1.0
    },
    {
        "model": 1,
        "sequence": 8,
        "status": 1,
        "fuel": 7356,
        "fault": 0.4513,
        "weapon": 1,
        "pilot_injury": 0.6819,
        "pilot_skill": 0.5411,
        "mission_priority": 0.9607,
        "estimated_landing_time": 758.0,
        "wait_time": 0,
        "Landing_success_rate": 1.0
    },
    {
        "model": 2,
        "sequence": 5,
        "status": 1,
        "fuel": 6316,
        "fault": 0.6635,
        "weapon": 1,
        "pilot_injury": 0.1284,
        "pilot_skill": 0.3818,
        "mission_priority": 0.5855,
        "estimated_landing_time": 476.0,
        "wait_time": 0,
        "Landing_success_rate": 1.0
    },
    {
        "model": 2,
        "sequence": 12,
        "status": 1,
        "fuel": 7395,
        "fault": 0.1563,
        "weapon": 0,
        "pilot_injury": 0.2606,
        "pilot_skill": 0.5382,
        "mission_priority": 0.5329,
        "estimated_landing_time": 1134.0,
        "wait_time": 0,
        "Landing_success_rate": 1.0
    }
]