[
    {
        "model": 1,
        "sequence": 9,
        "status": 1,
        "fuel": 6762,
        "fault": 0.8453,
        "weapon": 1,
        "pilot_injury": 0.1291,
        "pilot_skill": 0.4565,
        "mission_priority": 0.2717,
        "estimated_landing_time": 852.0,
        "wait_time": 0,
        "Landing_success_rate": 1.0
    },
    {
        "model": 2,
        "sequence": 16,
        "status": 1,
        "fuel": 6310,
        "fault": 0.0556,
        "weapon": 1,
        "pilot_injury": 0.4281,
        "pilot_skill": 0.9833,
        "mission_priority": 0.3288,
        "estimated_landing_time": 1510.0,
        "wait_time": 0,
        "Landing_success_rate": 1.0
    },
    {
        "model": 2,
        "sequence": 5,
        "status": 1,
        "fuel": 6352,
        "fault": 0.022,
        "weapon": 0,
        "pilot_injury": 0.9521,
        "pilot_skill": 0.7901,
        "mission_priority": 0.6596,
        "estimated_landing_time": 476.0,
        "wait_time": 0,
        "Landing_success_rate": 1.0
    },
    {
        "model": 1,
        "sequence": 18,
        "status": 1,
        "fuel": 7071,
        "fault": 0.9444,
        "weapon": 0,
        "pilot_injury": 0.4628,
        "pilot_skill": 0.9893,
        "mission_priority": 0.7696,
        "estimated_landing_time": 1698.0,
        "wait_time": 0,
        "Landing_success_rate": 1.0
    },
    {
        "model": 2,
        "sequence": 12,
        "status": 1,
        "fuel": 6135,
        "fault": 0.4049,
        "weapon": 1,
        "pilot_injury": 0.8749,
        "pilot_skill": 0.7065,
        "mission_priority": 0.7605,
        "estimated_landing_time": 1134.0,
        "wait_time": 0,
        "Landing_success_rate": 1.0
    },
    {
        "model": 1,
        "sequence": 2,
        "status": 1,
        "fuel": 7138,
        "fault": 0.8202,
        "weapon": 1,
        "pilot_injury": 0.825,
        "pilot_skill": 0.8439,
        "mission_priority": 0.673,
        "estimated_landing_time": 194.0,
        "wait_time": 0,
        "Landing_success_rate": 1.0
    },
    {
        "model": 0,
        "sequence": 13,
        "status": 1,
        "fuel": 6415,
        "fault": 0.4924,
        "weapon": 1,
        "pilot_injury": 0.9357,
        "pilot_skill": 0.5861,
        "mission_priority": 0.2981,
        "estimated_landing_time": 1228.0,
        "wait_time": 0,
        "Landing_success_rate": 1.0
    },
    {
        "model": 2,
        "sequence": 1,
        "status": 1,
        "fuel": 7333,
        "fault": 0.8295,
        "weapon": 0,
        "pilot_injury": 0.9249,
        "pilot_skill": 0.9204,
        "mission_priority": 0.2879,
        "estimated_landing_time": 100.0,
        "wait_time": 0,
        "Landing_success_rate": 1.0
    },
    {
        "model": 2,
        "sequence": 17,
        "status": 1,
        "fuel": 5502,
        "fault": 0.3041,
        "weapon": 0,
        "pilot_injury": 0.8088,
        "pilot_skill": 0.5708,
        "mission_priority": 0.0105,
        "estimated_landing_time": 1604.0,
        "wait_time": 0,
        "Landing_success_rate": 1.0
    },
    {
        "model": 0,
        "sequence": 3,
        "status": 1,
        "fuel": 7439,
        "fault": 0.5041,
        "weapon": 0,
        "pilot_injury": 0.1169,
        "pilot_skill": 0.6056,
        "mission_priority": 0.9835,
        "estimated_landing_time": 288.0,
        "wait_time": 0,
        "Landing_success_rate": 1.0
    },
    {
        "model": 0,
        "sequence": 11,
        "status": 1,
        "fuel": 5794,
        "fault": 0.0521,
        "weapon": 1,
        "pilot_injury": 0.3037,
        "pilot_skill": 0.8987,
        "mission_priority": 0.5935,
        "estimated_landing_time": 1040.0,
        "wait_time": 0,
        "Landing_success_rate": 1.0
    },
    {
        "model": 2,
        "sequence": 7,
        "status": 1,
        "fuel": 6503,
        "fault": 0.5296,
        "weapon": 0,
        "pilot_injury": 0.4325,
        "pilot_skill": 0.122,
        "mission_priority": 0.0787,
        "estimated_landing_time": 664.0,
        "wait_time": 0,
        "Landing_success_rate": 1.0
    },
    {
        "model": 2,
        "sequence": 4,
        "status": 1,
        "fuel": 5737,
        "fault": 0.4378,
        "weapon": 1,
        "pilot_injury": 0.7262,
        "pilot_skill": 0.1101,
        "mission_priority": 0.6099,
        "estimated_landing_time": 382.0,
        "wait_time": 0,
        "Landing_success_rate": 1.0
    },
    {
        "model": 1,
        "sequence": 14,
        "status": 1,
        "fuel": 6992,
        "fault": 0.6131,
        "weapon": 0,
        "pilot_injury": 0.5448,
        "pilot_skill": 0.0828,
        "mission_priority": 0.8277,
        "estimated_landing_time": 1322.0,
        "wait_time": 0,
        "Landing_success_rate": 1.0
    },
    {
        "model": 1,
        "sequence": 15,
        "status": 1,
        "fuel": 7278,
        "fault": 0.1973,
        "weapon": 0,
        "pilot_injury": 0.1335,
        "pilot_skill": 0.2875,
        "mission_priority": 0.4929,
        "estimated_landing_time": 1416.0,
        "wait_time": 0,
        "Landing_success_rate": 1.0
    },
    {
        "model": 2,
        "sequence": 10,
        "status": 1,
        "fuel": 7125,
        "fault": 0.3806,
        "weapon": 0,
        "pilot_injury": 0.0089,
        "pilot_skill": 0.3448,
        "mission_priority": 0.4829,
        "estimated_landing_time": 946.0,
        "wait_time": 0,
        "Landing_success_rate": 1.0
    },
    {
        "model": 1,
        "sequence": 8,
        "status": 1,
        "fuel": 5715,
        "fault": 0.0883,
        "weapon": 1,
        "pilot_injury": 0.3385,
        "pilot_skill": 0.4551,
        "mission_priority": 0.3475,
        "estimated_landing_time": 758.0,
        "wait_time": 0,
        "Landing_success_rate": 1.0
    },
    {
        "model": 0,
        "sequence": 6,
        "status": 1,
        "fuel": 6729,
        "fault": 0.9194,
        "weapon": 1,
        "pilot_injury": 0.1709,
        "pilot_skill": 0.4328,
        "mission_priority": 0.3563,
        "estimated_landing_time": 570.0,
        "wait_time": 0,
        "Landing_success_rate": 1.0
    }
]