[
    {
        "model": 2,
        "sequence": 10,
        "status": 1,
        "fuel": 7383,
        "fault": 0.0268,
        "weapon": 1,
        "pilot_injury": 0.2188,
        "pilot_skill": 0.1075,
        "mission_priority": 0.7854,
        "estimated_landing_time": 946.0,
        "wait_time": 0,
        "Landing_success_rate": 1.0
    },
    {
        "model": 2,
        "sequence": 5,
        "status": 1,
        "fuel": 6163,
        "fault": 0.3024,
        "weapon": 0,
        "pilot_injury": 0.3857,
        "pilot_skill": 0.0734,
        "mission_priority": 0.8127,
        "estimated_landing_time": 476.0,
        "wait_time": 0,
        "Landing_success_rate": 1.0
    },
    {
        "model": 0,
        "sequence": 18,
        "status": 1,
        "fuel": 6363,
        "fault": 0.2165,
        "weapon": 1,
        "pilot_injury": 0.8947,
        "pilot_skill": 0.0453,
        "mission_priority": 0.2018,
        "estimated_landing_time": 1698.0,
        "wait_time": 0,
        "Landing_success_rate": 1.0
    },
    {
        "model": 1,
        "sequence": 4,
        "status": 1,
        "fuel": 6952,
        "fault": 0.9995,
        "weapon": 1,
        "pilot_injury": 0.2893,
        "pilot_skill": 0.062,
        "mission_priority": 0.8581,
        "estimated_landing_time": 382.0,
        "wait_time": 0,
        "Landing_success_rate": 1.0
    },
    {
        "model": 2,
        "sequence": 12,
        "status": 1,
        "fuel": 6801,
        "fault": 0.2607,
        "weapon": 0,
        "pilot_injury": 0.5161,
        "pilot_skill": 0.9102,
        "mission_priority": 0.0435,
        "estimated_landing_time": 1134.0,
        "wait_time": 0,
        "Landing_success_rate": 1.0
    },
    {
        "model": 2,
        "sequence": 17,
        "status": 1,
        "fuel": 6655,
        "fault": 0.7886,
        "weapon": 0,
        "pilot_injury": 0.4254,
        "pilot_skill": 0.7441,
        "mission_priority": 0.9658,
        "estimated_landing_time": 1604.0,
        "wait_time": 0,
        "Landing_success_rate": 1.0
    },
    {
        "model": 0,
        "sequence": 13,
        "status": 1,
        "fuel": 6042,
        "fault": 0.9057,
        "weapon": 0,
        "pilot_injury": 0.9129,
        "pilot_skill": 0.669,
        "mission_priority": 0.438,
        "estimated_landing_time": 1228.0,
        "wait_time": 0,
        "Landing_success_rate": 1.0
    },
    {
        "model": 0,
        "sequence": 16,
        "status": 1,
        "fuel": 6446,
        "fault": 0.0751,
        "weapon": 0,
        "pilot_injury": 0.773,
        "pilot_skill": 0.9199,
        "mission_priority": 0.4268,
        "estimated_landing_time": 1510.0,
        "wait_time": 0,
        "Landing_success_rate": 1.0
    },
    {
        "model": 1,
        "sequence": 14,
        "status": 1,
        "fuel": 6048,
        "fault": 0.7132,
        "weapon": 0,
        "pilot_injury": 0.4157,
        "pilot_skill": 0.5946,
        "mission_priority": 0.42,
        "estimated_landing_time": 1322.0,
        "wait_time": 0,
        "Landing_success_rate": 1.0
    },
    {
        "model": 1,
        "sequence": 7,
        "status": 1,
        "fuel": 6333,
        "fault": 0.8815,
        "weapon": 1,
        "pilot_injury": 0.6909,
        "pilot_skill": 0.7993,
        "mission_priority": 0.4933,
        "estimated_landing_time": 664.0,
        "wait_time": 0,
        "Landing_success_rate": 1.0
    },
    {
        "model": 2,
        "sequence": 9,
        "status": 1,
        "fuel": 6617,
        "fault": 0.4147,
        "weapon": 0,
        "pilot_injury": 0.6693,
        "pilot_skill": 0.286,
        "mission_priority": 0.5996,
        "estimated_landing_time": 852.0,
        "wait_time": 0,
        "Landing_success_rate": 1.0
    },
    {
        "model": 1,
        "sequence": 3,
        "status": 1,
        "fuel": 6368,
        "fault": 0.2412,
        "weapon": 0,
        "pilot_injury": 0.3329,
        "pilot_skill": 0.4724,
        "mission_priority": 0.2007,
        "estimated_landing_time": 288.0,
        "wait_time": 0,
        "Landing_success_rate": 1.0
    },
    {
        "model": 2,
        "sequence": 1,
        "status": 1,
        "fuel": 6040,
        "fault": 0.0671,
        "weapon": 0,
        "pilot_injury": 0.3694,
        "pilot_skill": 0.5644,
        "mission_priority": 0.9441,
        "estimated_landing_time": 100.0,
        "wait_time": 0,
        "Landing_success_rate": 1.0
    },
    {
        "model": 2,
        "sequence": 2,
        "status": 1,
        "fuel": 7261,
        "fault": 0.7278,
        "weapon": 1,
        "pilot_injury": 0.6146,
        "pilot_skill": 0.0424,
        "mission_priority": 0.6481,
        "estimated_landing_time": 194.0,
        "wait_time": 0,
        "Landing_success_rate": 1.0
    },
    {
        "model": 0,
        "sequence": 6,
        "status": 1,
        "fuel": 5941,
        "fault": 0.5972,
        "weapon": 0,
        "pilot_injury": 0.8643,
        "pilot_skill": 0.0223,
        "mission_priority": 0.7821,
        "estimated_landing_time": 570.0,
        "wait_time": 0,
        "Landing_success_rate": 1.0
    },
    {
        "model": 2,
        "sequence": 15,
        "status": 1,
        "fuel": 7378,
        "fault": 0.3084,
        "weapon": 1,
        "pilot_injury": 0.6026,
        "pilot_skill": 0.6783,
        "mission_priority": 0.8845,
        "estimated_landing_time": 1416.0,
        "wait_time": 0,
        "Landing_success_rate": 1.0
    },
    {
        "model": 0,
        "sequence": 11,
        "status": 1,
        "fuel": 6836,
        "fault": 0.8286,
        "weapon": 0,
        "pilot_injury": 0.8246,
        "pilot_skill": 0.9869,
        "mission_priority": 0.3002,
        "estimated_landing_time": 1040.0,
        "wait_time": 0,
        "Landing_success_rate": 1.0
    },
    {
        "model": 2,
        "sequence": 8,
        "status": 1,
        "fuel": 5891,
        "fault": 0.4993,
        "weapon": 1,
        "pilot_injury": 0.9786,
        "pilot_skill": 0.1167,
        "mission_priority": 0.4317,
        "estimated_landing_time": 758.0,
        "wait_time": 0,
        "Landing_success_rate": 1.0
    }
]