[
    {
        "model": 1,
        "sequence": 18,
        "status": 1,
        "fuel": 6717,
        "fault": 0.2293,
        "weapon": 1,
        "pilot_injury": 0.4396,
        "pilot_skill": 0.6496,
        "mission_priority": 0.0504,
        "estimated_landing_time": 1698.0,
        "wait_time": 0,
        "Landing_success_rate": 1.0
    },
    {
        "model": 1,
        "sequence": 12,
        "status": 1,
        "fuel": 5776,
        "fault": 0.2672,
        "weapon": 1,
        "pilot_injury": 0.9425,
        "pilot_skill": 0.9973,
        "mission_priority": 0.2822,
        "estimated_landing_time": 1134.0,
        "wait_time": 0,
        "Landing_success_rate": 1.0
    },
    {
        "model": 1,
        "sequence": 1,
        "status": 1,
        "fuel": 6482,
        "fault": 0.8601,
        "weapon": 1,
        "pilot_injury": 0.5638,
        "pilot_skill": 0.1575,
        "mission_priority": 0.8561,
        "estimated_landing_time": 100.0,
        "wait_time": 0,
        "Landing_success_rate": 1.0
    },
    {
        "model": 0,
        "sequence": 3,
        "status": 1,
        "fuel": 6191,
        "fault": 0.0351,
        "weapon": 1,
        "pilot_injury": 0.2804,
        "pilot_skill": 0.1408,
        "mission_priority": 0.6838,
        "estimated_landing_time": 288.0,
        "wait_time": 0,
        "Landing_success_rate": 1.0
    },
    {
        "model": 0,
        "sequence": 17,
        "status": 1,
        "fuel": 6782,
        "fault": 0.1232,
        "weapon": 1,
        "pilot_injury": 0.671,
        "pilot_skill": 0.6457,
        "mission_priority": 0.5594,
        "estimated_landing_time": 1604.0,
        "wait_time": 0,
        "Landing_success_rate": 1.0
    },
    {
        "model": 2,
        "sequence": 2,
        "status": 1,
        "fuel": 7428,
        "fault": 0.2743,
        "weapon": 0,
        "pilot_injury": 0.6279,
        "pilot_skill": 0.9941,
        "mission_priority": 0.5374,
        "estimated_landing_time": 194.0,
        "wait_time": 0,
        "Landing_success_rate": 1.0
    },
    {
        "model": 1,
        "sequence": 14,
        "status": 1,
        "fuel": 6480,
        "fault": 0.5397,
        "weapon": 0,
        "pilot_injury": 0.6317,
        "pilot_skill": 0.7646,
        "mission_priority": 0.7785,
        "estimated_landing_time": 1322.0,
        "wait_time": 0,
        "Landing_success_rate": 1.0
    },
    {
        "model": 1,
        "sequence": 16,
        "status": 1,
        "fuel": 5890,
        "fault": 0.2687,
        "weapon": 1,
        "pilot_injury": 0.9754,
        "pilot_skill": 0.9952,
        "mission_priority": 0.0756,
        "estimated_landing_time": 1510.0,
        "wait_time": 0,
        "Landing_success_rate": 1.0
    },
    {
        "model": 0,
        "sequence": 15,
        "status": 1,
        "fuel": 6520,
        "fault": 0.2635,
        "weapon": 0,
        "pilot_injury": 0.6893,
        "pilot_skill": 0.3381,
        "mission_priority": 0.9678,
        "estimated_landing_time": 1416.0,
        "wait_time": 0,
        "Landing_success_rate": 1.0
    },
    {
        "model": 1,
        "sequence": 11,
        "status": 1,
        "fuel": 5556,
        "fault": 0.2447,
        "weapon": 0,
        "pilot_injury": 0.428,
        "pilot_skill": 0.326,
        "mission_priority": 0.6455,
        "estimated_landing_time": 1040.0,
        "wait_time": 0,
        "Landing_success_rate": 1.0
    },
    {
        "model": 2,
        "sequence": 4,
        "status": 1,
        "fuel": 7167,
        "fault": 0.1234,
        "weapon": 1,
        "pilot_injury": 0.9806,
        "pilot_skill": 0.8046,
        "mission_priority": 0.86,
        "estimated_landing_time": 382.0,
        "wait_time": 0,
        "Landing_success_rate": 1.0
    },
    {
        "model": 1,
        "sequence": 9,
        "status": 1,
        "fuel": 7361,
        "fault": 0.5748,
        "weapon": 0,
        "pilot_injury": 0.517,
        "pilot_skill": 0.0457,
        "mission_priority": 0.9454,
        "estimated_landing_time": 852.0,
        "wait_time": 0,
        "Landing_success_rate": 1.0
    },
    {
        "model": 1,
        "sequence": 8,
        "status": 1,
        "fuel": 6237,
        "fault": 0.2423,
        "weapon": 1,
        "pilot_injury": 0.0836,
        "pilot_skill": 0.8226,
        "mission_priority": 0.152,
        "estimated_landing_time": 758.0,
        "wait_time": 0,
        "Landing_success_rate": 1.0
    },
    {
        "model": 0,
        "sequence": 10,
        "status": 1,
        "fuel": 7106,
        "fault": 0.6083,
        "weapon": 1,
        "pilot_injury": 0.2803,
        "pilot_skill": 0.7145,
        "mission_priority": 0.5551,
        "estimated_landing_time": 946.0,
        "wait_time": 0,
        "Landing_success_rate": 1.0
    },
    {
        "model": 1,
        "sequence": 7,
        "status": 1,
        "fuel": 6810,
        "fault": 0.7063,
        "weapon": 1,
        "pilot_injury": 0.4523,
        "pilot_skill": 0.7344,
        "mission_priority": 0.501,
        "estimated_landing_time": 664.0,
        "wait_time": 0,
        "Landing_success_rate": 1.0
    },
    {
        "model": 2,
        "sequence": 13,
        "status": 1,
        "fuel": 7306,
        "fault": 0.06,
        "weapon": 0,
        "pilot_injury": 0.2004,
        "pilot_skill": 0.5426,
        "mission_priority": 0.4402,
        "estimated_landing_time": 1228.0,
        "wait_time": 0,
        "Landing_success_rate": 1.0
    },
    {
        "model": 2,
        "sequence": 6,
        "status": 1,
        "fuel": 6959,
        "fault": 0.1699,
        "weapon": 0,
        "pilot_injury": 0.6905,
        "pilot_skill": 0.0459,
        "mission_priority": 0.3387,
        "estimated_landing_time": 570.0,
        "wait_time": 0,
        "Landing_success_rate": 1.0
    },
    {
        "model": 2,
        "sequence": 5,
        "status": 1,
        "fuel": 7249,
        "fault": 0.4023,
        "weapon": 0,
        "pilot_injury": 0.2359,
        "pilot_skill": 0.0516,
        "mission_priority": 0.9962,
        "estimated_landing_time": 476.0,
        "wait_time": 0,
        "Landing_success_rate": 1.0
    }
]