[
    {
        "model": 2,
        "sequence": 4,
        "status": 1,
        "fuel": 7086,
        "fault": 0.6218,
        "weapon": 0,
        "pilot_injury": 0.8793,
        "pilot_skill": 0.3477,
        "mission_priority": 0.7858,
        "estimated_landing_time": 382.0,
        "wait_time": 0,
        "Landing_success_rate": 1.0
    },
    {
        "model": 1,
        "sequence": 8,
        "status": 1,
        "fuel": 6986,
        "fault": 0.5869,
        "weapon": 0,
        "pilot_injury": 0.4565,
        "pilot_skill": 0.1075,
        "mission_priority": 0.2733,
        "estimated_landing_time": 758.0,
        "wait_time": 0,
        "Landing_success_rate": 1.0
    },
    {
        "model": 0,
        "sequence": 1,
        "status": 1,
        "fuel": 5586,
        "fault": 0.0685,
        "weapon": 0,
        "pilot_injury": 0.073,
        "pilot_skill": 0.6595,
        "mission_priority": 0.716,
        "estimated_landing_time": 100.0,
        "wait_time": 0,
        "Landing_success_rate": 1.0
    },
    {
        "model": 1,
        "sequence": 15,
        "status": 1,
        "fuel": 6528,
        "fault": 0.5621,
        "weapon": 1,
        "pilot_injury": 0.1782,
        "pilot_skill": 0.5871,
        "mission_priority": 0.9411,
        "estimated_landing_time": 1416.0,
        "wait_time": 0,
        "Landing_success_rate": 1.0
    },
    {
        "model": 1,
        "sequence": 6,
        "status": 1,
        "fuel": 6421,
        "fault": 0.9913,
        "weapon": 0,
        "pilot_injury": 0.7364,
        "pilot_skill": 0.3332,
        "mission_priority": 0.7005,
        "estimated_landing_time": 570.0,
        "wait_time": 0,
        "Landing_success_rate": 1.0
    },
    {
        "model": 2,
        "sequence": 11,
        "status": 1,
        "fuel": 6776,
        "fault": 0.424,
        "weapon": 1,
        "pilot_injury": 0.8701,
        "pilot_skill": 0.2186,
        "mission_priority": 0.4559,
        "estimated_landing_time": 1040.0,
        "wait_time": 0,
        "Landing_success_rate": 1.0
    },
    {
        "model": 2,
        "sequence": 10,
        "status": 1,
        "fuel": 7332,
        "fault": 0.3097,
        "weapon": 0,
        "pilot_injury": 0.8919,
        "pilot_skill": 0.9404,
        "mission_priority": 0.4472,
        "estimated_landing_time": 946.0,
        "wait_time": 0,
        "Landing_success_rate": 1.0
    },
    {
        "model": 2,
        "sequence": 14,
        "status": 1,
        "fuel": 6906,
        "fault": 0.4271,
        "weapon": 0,
        "pilot_injury": 0.3507,
        "pilot_skill": 0.4316,
        "mission_priority": 0.7431,
        "estimated_landing_time": 1322.0,
        "wait_time": 0,
        "Landing_success_rate": 1.0
    },
    {
        "model": 0,
        "sequence": 2,
        "status": 1,
        "fuel": 6433,
        "fault": 0.808,
        "weapon": 0,
        "pilot_injury": 0.7452,
        "pilot_skill": 0.0205,
        "mission_priority": 0.6302,
        "estimated_landing_time": 194.0,
        "wait_time": 0,
        "Landing_success_rate": 1.0
    },
    {
        "model": 0,
        "sequence": 12,
        "status": 1,
        "fuel": 5519,
        "fault": 0.2809,
        "weapon": 1,
        "pilot_injury": 0.8184,
        "pilot_skill": 0.5476,
        "mission_priority": 0.8856,
        "estimated_landing_time": 1134.0,
        "wait_time": 0,
        "Landing_success_rate": 1.0
    },
    {
        "model": 0,
        "sequence": 7,
        "status": 1,
        "fuel": 6878,
        "fault": 0.1165,
        "weapon": 1,
        "pilot_injury": 0.7545,
        "pilot_skill": 0.0383,
        "mission_priority": 0.0271,
        "estimated_landing_time": 664.0,
        "wait_time": 0,
        "Landing_success_rate": 1.0
    },
    {
        "model": 2,
        "sequence": 18,
        "status": 1,
        "fuel": 5943,
        "fault": 0.2896,
        "weapon": 0,
        "pilot_injury": 0.2355,
        "pilot_skill": 0.9843,
        "mission_priority": 0.5423,
        "estimated_landing_time": 1698.0,
        "wait_time": 0,
        "Landing_success_rate": 1.0
    },
    {
        "model": 1,
        "sequence": 9,
        "status": 1,
        "fuel": 6554,
        "fault": 0.4304,
        "weapon": 1,
        "pilot_injury": 0.3218,
        "pilot_skill": 0.3355,
        "mission_priority": 0.6987,
        "estimated_landing_time": 852.0,
        "wait_time": 0,
        "Landing_success_rate": 1.0
    },
    {
        "model": 1,
        "sequence": 3,
        "status": 1,
        "fuel": 7362,
        "fault": 0.9356,
        "weapon": 0,
        "pilot_injury": 0.592,
        "pilot_skill": 0.7688,
        "mission_priority": 0.0904,
        "estimated_landing_time": 288.0,
        "wait_time": 0,
        "Landing_success_rate": 1.0
    },
    {
        "model": 1,
        "sequence": 5,
        "status": 1,
        "fuel": 6896,
        "fault": 0.4405,
        "weapon": 0,
        "pilot_injury": 0.6691,
        "pilot_skill": 0.3276,
        "mission_priority": 0.4094,
        "estimated_landing_time": 476.0,
        "wait_time": 0,
        "Landing_success_rate": 1.0
    },
    {
        "model": 2,
        "sequence": 17,
        "status": 1,
        "fuel": 7281,
        "fault": 0.1052,
        "weapon": 0,
        "pilot_injury": 0.497,
        "pilot_skill": 0.9961,
        "mission_priority": 0.4898,
        "estimated_landing_time": 1604.0,
        "wait_time": 0,
        "Landing_success_rate": 1.0
    },
    {
        "model": 2,
        "sequence": 16,
        "status": 1,
        "fuel": 7146,
        "fault": 0.4308,
        "weapon": 1,
        "pilot_injury": 0.0396,
        "pilot_skill": 0.9048,
        "mission_priority": 0.8186,
        "estimated_landing_time": 1510.0,
        "wait_time": 0,
        "Landing_success_rate": 1.0
    },
    {
        "model": 0,
        "sequence": 13,
        "status": 1,
        "fuel": 7477,
        "fault": 0.2234,
        "weapon": 1,
        "pilot_injury": 0.5798,
        "pilot_skill": 0.9967,
        "mission_priority": 0.278,
        "estimated_landing_time": 1228.0,
        "wait_time": 0,
        "Landing_success_rate": 1.0
    }
]