[
    {
        "model": 1,
        "sequence": 12,
        "status": 1,
        "fuel": 6031,
        "fault": 0.193,
        "weapon": 1,
        "pilot_injury": 0.2344,
        "pilot_skill": 0.1039,
        "mission_priority": 0.0505,
        "estimated_landing_time": 1134.0,
        "wait_time": 0,
        "Landing_success_rate": 1.0
    },
    {
        "model": 0,
        "sequence": 3,
        "status": 1,
        "fuel": 6213,
        "fault": 0.7189,
        "weapon": 0,
        "pilot_injury": 0.0887,
        "pilot_skill": 0.2389,
        "mission_priority": 0.8877,
        "estimated_landing_time": 288.0,
        "wait_time": 0,
        "Landing_success_rate": 1.0
    },
    {
        "model": 2,
        "sequence": 18,
        "status": 1,
        "fuel": 6601,
        "fault": 0.7354,
        "weapon": 1,
        "pilot_injury": 0.7156,
        "pilot_skill": 0.3191,
        "mission_priority": 0.3334,
        "estimated_landing_time": 1698.0,
        "wait_time": 0,
        "Landing_success_rate": 1.0
    },
    {
        "model": 1,
        "sequence": 14,
        "status": 1,
        "fuel": 6000,
        "fault": 0.752,
        "weapon": 1,
        "pilot_injury": 0.8968,
        "pilot_skill": 0.5614,
        "mission_priority": 0.5378,
        "estimated_landing_time": 1322.0,
        "wait_time": 0,
        "Landing_success_rate": 1.0
    },
    {
        "model": 1,
        "sequence": 9,
        "status": 1,
        "fuel": 6884,
        "fault": 0.4735,
        "weapon": 0,
        "pilot_injury": 0.5727,
        "pilot_skill": 0.1555,
        "mission_priority": 0.2063,
        "estimated_landing_time": 852.0,
        "wait_time": 0,
        "Landing_success_rate": 1.0
    },
    {
        "model": 2,
        "sequence": 1,
        "status": 1,
        "fuel": 7174,
        "fault": 0.2045,
        "weapon": 0,
        "pilot_injury": 0.9393,
        "pilot_skill": 0.6635,
        "mission_priority": 0.5061,
        "estimated_landing_time": 100.0,
        "wait_time": 0,
        "Landing_success_rate": 1.0
    },
    {
        "model": 2,
        "sequence": 17,
        "status": 1,
        "fuel": 5648,
        "fault": 0.3586,
        "weapon": 0,
        "pilot_injury": 0.9822,
        "pilot_skill": 0.4762,
        "mission_priority": 0.1621,
        "estimated_landing_time": 1604.0,
        "wait_time": 0,
        "Landing_success_rate": 1.0
    },
    {
        "model": 2,
        "sequence": 13,
        "status": 1,
        "fuel": 7358,
        "fault": 0.053,
        "weapon": 0,
        "pilot_injury": 0.5694,
        "pilot_skill": 0.9468,
        "mission_priority": 0.2992,
        "estimated_landing_time": 1228.0,
        "wait_time": 0,
        "Landing_success_rate": 1.0
    },
    {
        "model": 1,
        "sequence": 16,
        "status": 1,
        "fuel": 6947,
        "fault": 0.1728,
        "weapon": 1,
        "pilot_injury": 0.9185,
        "pilot_skill": 0.4191,
        "mission_priority": 0.2232,
        "estimated_landing_time": 1510.0,
        "wait_time": 0,
        "Landing_success_rate": 1.0
    },
    {
        "model": 2,
        "sequence": 5,
        "status": 1,
        "fuel": 6159,
        "fault": 0.7754,
        "weapon": 1,
        "pilot_injury": 0.8007,
        "pilot_skill": 0.2914,
        "mission_priority": 0.5125,
        "estimated_landing_time": 476.0,
        "wait_time": 0,
        "Landing_success_rate": 1.0
    },
    {
        "model": 0,
        "sequence": 8,
        "status": 1,
        "fuel": 5527,
        "fault": 0.2898,
        "weapon": 1,
        "pilot_injury": 0.1917,
        "pilot_skill": 0.9217,
        "mission_priority": 0.5654,
        "estimated_landing_time": 758.0,
        "wait_time": 0,
        "Landing_success_rate": 1.0
    },
    {
        "model": 1,
        "sequence": 6,
        "status": 1,
        "fuel": 6807,
        "fault": 0.4156,
        "weapon": 0,
        "pilot_injury": 0.998,
        "pilot_skill": 0.4563,
        "mission_priority": 0.425,
        "estimated_landing_time": 570.0,
        "wait_time": 0,
        "Landing_success_rate": 1.0
    },
    {
        "model": 2,
        "sequence": 10,
        "status": 1,
        "fuel": 5588,
        "fault": 0.5888,
        "weapon": 0,
        "pilot_injury": 0.2758,
        "pilot_skill": 0.9806,
        "mission_priority": 0.8708,
        "estimated_landing_time": 946.0,
        "wait_time": 0,
        "Landing_success_rate": 1.0
    },
    {
        "model": 1,
        "sequence": 7,
        "status": 1,
        "fuel": 6387,
        "fault": 0.2443,
        "weapon": 0,
        "pilot_injury": 0.1035,
        "pilot_skill": 0.877,
        "mission_priority": 0.3718,
        "estimated_landing_time": 664.0,
        "wait_time": 0,
        "Landing_success_rate": 1.0
    },
    {
        "model": 0,
        "sequence": 11,
        "status": 1,
        "fuel": 6553,
        "fault": 0.9515,
        "weapon": 1,
        "pilot_injury": 0.4081,
        "pilot_skill": 0.8069,
        "mission_priority": 0.4303,
        "estimated_landing_time": 1040.0,
        "wait_time": 0,
        "Landing_success_rate": 1.0
    },
    {
        "model": 0,
        "sequence": 2,
        "status": 1,
        "fuel": 6918,
        "fault": 0.2971,
        "weapon": 0,
        "pilot_injury": 0.3928,
        "pilot_skill": 0.9907,
        "mission_priority": 0.6123,
        "estimated_landing_time": 194.0,
        "wait_time": 0,
        "Landing_success_rate": 1.0
    },
    {
        "model": 2,
        "sequence": 4,
        "status": 1,
        "fuel": 5809,
        "fault": 0.6847,
        "weapon": 1,
        "pilot_injury": 0.0398,
        "pilot_skill": 0.7066,
        "mission_priority": 0.3722,
        "estimated_landing_time": 382.0,
        "wait_time": 0,
        "Landing_success_rate": 1.0
    },
    {
        "model": 1,
        "sequence": 15,
        "status": 1,
        "fuel": 7147,
        "fault": 0.9729,
        "weapon": 1,
        "pilot_injury": 0.3733,
        "pilot_skill": 0.7792,
        "mission_priority": 0.4895,
        "estimated_landing_time": 1416.0,
        "wait_time": 0,
        "Landing_success_rate": 1.0
    }
]