[
    {
        "model": 1,
        "sequence": 2,
        "status": 1,
        "fuel": 7160,
        "fault": 0.8616,
        "weapon": 1,
        "pilot_injury": 0.5736,
        "pilot_skill": 0.5078,
        "mission_priority": 0.8394,
        "estimated_landing_time": 194.0,
        "wait_time": 0,
        "Landing_success_rate": 1.0
    },
    {
        "model": 2,
        "sequence": 15,
        "status": 1,
        "fuel": 5589,
        "fault": 0.5938,
        "weapon": 0,
        "pilot_injury": 0.9273,
        "pilot_skill": 0.0647,
        "mission_priority": 0.1132,
        "estimated_landing_time": 1416.0,
        "wait_time": 0,
        "Landing_success_rate": 1.0
    },
    {
        "model": 1,
        "sequence": 13,
        "status": 1,
        "fuel": 6808,
        "fault": 0.3297,
        "weapon": 0,
        "pilot_injury": 0.4642,
        "pilot_skill": 0.3281,
        "mission_priority": 0.4047,
        "estimated_landing_time": 1228.0,
        "wait_time": 0,
        "Landing_success_rate": 1.0
    },
    {
        "model": 2,
        "sequence": 10,
        "status": 1,
        "fuel": 6395,
        "fault": 0.6615,
        "weapon": 0,
        "pilot_injury": 0.9973,
        "pilot_skill": 0.7869,
        "mission_priority": 0.2737,
        "estimated_landing_time": 946.0,
        "wait_time": 0,
        "Landing_success_rate": 1.0
    },
    {
        "model": 1,
        "sequence": 1,
        "status": 1,
        "fuel": 7344,
        "fault": 0.1092,
        "weapon": 0,
        "pilot_injury": 0.8433,
        "pilot_skill": 0.0273,
        "mission_priority": 0.2302,
        "estimated_landing_time": 100.0,
        "wait_time": 0,
        "Landing_success_rate": 1.0
    },
    {
        "model": 1,
        "sequence": 12,
        "status": 1,
        "fuel": 6464,
        "fault": 0.404,
        "weapon": 1,
        "pilot_injury": 0.2268,
        "pilot_skill": 0.2191,
        "mission_priority": 0.8626,
        "estimated_landing_time": 1134.0,
        "wait_time": 0,
        "Landing_success_rate": 1.0
    },
    {
        "model": 2,
        "sequence": 4,
        "status": 1,
        "fuel": 6230,
        "fault": 0.1439,
        "weapon": 0,
        "pilot_injury": 0.4205,
        "pilot_skill": 0.8346,
        "mission_priority": 0.771,
        "estimated_landing_time": 382.0,
        "wait_time": 0,
        "Landing_success_rate": 1.0
    },
    {
        "model": 1,
        "sequence": 18,
        "status": 1,
        "fuel": 7122,
        "fault": 0.6059,
        "weapon": 1,
        "pilot_injury": 0.9115,
        "pilot_skill": 0.326,
        "mission_priority": 0.1567,
        "estimated_landing_time": 1698.0,
        "wait_time": 0,
        "Landing_success_rate": 1.0
    },
    {
        "model": 0,
        "sequence": 14,
        "status": 1,
        "fuel": 6394,
        "fault": 0.437,
        "weapon": 0,
        "pilot_injury": 0.8546,
        "pilot_skill": 0.0812,
        "mission_priority": 0.8437,
        "estimated_landing_time": 1322.0,
        "wait_time": 0,
        "Landing_success_rate": 1.0
    },
    {
        "model": 2,
        "sequence": 11,
        "status": 1,
        "fuel": 6448,
        "fault": 0.9882,
        "weapon": 1,
        "pilot_injury": 0.0401,
        "pilot_skill": 0.6096,
        "mission_priority": 0.7173,
        "estimated_landing_time": 1040.0,
        "wait_time": 0,
        "Landing_success_rate": 1.0
    },
    {
        "model": 0,
        "sequence": 9,
        "status": 1,
        "fuel": 5987,
        "fault": 0.9905,
        "weapon": 1,
        "pilot_injury": 0.5376,
        "pilot_skill": 0.8332,
        "mission_priority": 0.3235,
        "estimated_landing_time": 852.0,
        "wait_time": 0,
        "Landing_success_rate": 1.0
    },
    {
        "model": 1,
        "sequence": 17,
        "status": 1,
        "fuel": 6520,
        "fault": 0.5031,
        "weapon": 1,
        "pilot_injury": 0.9491,
        "pilot_skill": 0.3593,
        "mission_priority": 0.0036,
        "estimated_landing_time": 1604.0,
        "wait_time": 0,
        "Landing_success_rate": 1.0
    },
    {
        "model": 1,
        "sequence": 16,
        "status": 1,
        "fuel": 6129,
        "fault": 0.7526,
        "weapon": 0,
        "pilot_injury": 0.1286,
        "pilot_skill": 0.9849,
        "mission_priority": 0.6081,
        "estimated_landing_time": 1510.0,
        "wait_time": 0,
        "Landing_success_rate": 1.0
    },
    {
        "model": 1,
        "sequence": 6,
        "status": 1,
        "fuel": 6959,
        "fault": 0.503,
        "weapon": 1,
        "pilot_injury": 0.8987,
        "pilot_skill": 0.244,
        "mission_priority": 0.2858,
        "estimated_landing_time": 570.0,
        "wait_time": 0,
        "Landing_success_rate": 1.0
    },
    {
        "model": 2,
        "sequence": 3,
        "status": 1,
        "fuel": 5659,
        "fault": 0.3561,
        "weapon": 1,
        "pilot_injury": 0.5955,
        "pilot_skill": 0.6091,
        "mission_priority": 0.2185,
        "estimated_landing_time": 288.0,
        "wait_time": 0,
        "Landing_success_rate": 1.0
    },
    {
        "model": 1,
        "sequence": 5,
        "status": 1,
        "fuel": 5682,
        "fault": 0.7341,
        "weapon": 1,
        "pilot_injury": 0.3579,
        "pilot_skill": 0.8013,
        "mission_priority": 0.3488,
        "estimated_landing_time": 476.0,
        "wait_time": 0,
        "Landing_success_rate": 1.0
    },
    {
        "model": 0,
        "sequence": 8,
        "status": 1,
        "fuel": 6712,
        "fault": 0.8132,
        "weapon": 1,
        "pilot_injury": 0.5512,
        "pilot_skill": 0.9695,
        "mission_priority": 0.9812,
        "estimated_landing_time": 758.0,
        "wait_time": 0,
        "Landing_success_rate": 1.0
    },
    {
        "model": 0,
        "sequence": 7,
        "status": 1,
        "fuel": 6991,
        "fault": 0.4414,
        "weapon": 0,
        "pilot_injury": 0.7242,
        "pilot_skill": 0.0752,
        "mission_priority": 0.5985,
        "estimated_landing_time": 664.0,
        "wait_time": 0,
        "Landing_success_rate": 1.0
    }
]