[
    {
        "model": 1,
        "sequence": 10,
        "status": 1,
        "fuel": 5914,
        "fault": 0.5311,
        "weapon": 0,
        "pilot_injury": 0.4272,
        "pilot_skill": 0.5777,
        "mission_priority": 0.2975,
        "estimated_landing_time": 946.0,
        "wait_time": 0,
        "Landing_success_rate": 1.0
    },
    {
        "model": 0,
        "sequence": 4,
        "status": 1,
        "fuel": 7234,
        "fault": 0.5163,
        "weapon": 0,
        "pilot_injury": 0.3118,
        "pilot_skill": 0.3094,
        "mission_priority": 0.4828,
        "estimated_landing_time": 382.0,
        "wait_time": 0,
        "Landing_success_rate": 1.0
    },
    {
        "model": 1,
        "sequence": 15,
        "status": 1,
        "fuel": 6882,
        "fault": 0.8046,
        "weapon": 1,
        "pilot_injury": 0.6159,
        "pilot_skill": 0.9974,
        "mission_priority": 0.292,
        "estimated_landing_time": 1416.0,
        "wait_time": 0,
        "Landing_success_rate": 1.0
    },
    {
        "model": 2,
        "sequence": 12,
        "status": 1,
        "fuel": 6629,
        "fault": 0.2095,
        "weapon": 0,
        "pilot_injury": 0.6043,
        "pilot_skill": 0.4471,
        "mission_priority": 0.5303,
        "estimated_landing_time": 1134.0,
        "wait_time": 0,
        "Landing_success_rate": 1.0
    },
    {
        "model": 2,
        "sequence": 16,
        "status": 1,
        "fuel": 6296,
        "fault": 0.9847,
        "weapon": 1,
        "pilot_injury": 0.77,
        "pilot_skill": 0.5555,
        "mission_priority": 0.2702,
        "estimated_landing_time": 1510.0,
        "wait_time": 0,
        "Landing_success_rate": 1.0
    },
    {
        "model": 0,
        "sequence": 17,
        "status": 1,
        "fuel": 6710,
        "fault": 0.4491,
        "weapon": 1,
        "pilot_injury": 0.7259,
        "pilot_skill": 0.3812,
        "mission_priority": 0.5225,
        "estimated_landing_time": 1604.0,
        "wait_time": 0,
        "Landing_success_rate": 1.0
    },
    {
        "model": 2,
        "sequence": 18,
        "status": 1,
        "fuel": 6042,
        "fault": 0.2604,
        "weapon": 1,
        "pilot_injury": 0.0152,
        "pilot_skill": 0.7298,
        "mission_priority": 0.7108,
        "estimated_landing_time": 1698.0,
        "wait_time": 0,
        "Landing_success_rate": 1.0
    },
    {
        "model": 0,
        "sequence": 8,
        "status": 1,
        "fuel": 6723,
        "fault": 0.9568,
        "weapon": 0,
        "pilot_injury": 0.9013,
        "pilot_skill": 0.5564,
        "mission_priority": 0.6848,
        "estimated_landing_time": 758.0,
        "wait_time": 0,
        "Landing_success_rate": 1.0
    },
    {
        "model": 0,
        "sequence": 5,
        "status": 1,
        "fuel": 6162,
        "fault": 0.4033,
        "weapon": 0,
        "pilot_injury": 0.8164,
        "pilot_skill": 0.0202,
        "mission_priority": 0.5428,
        "estimated_landing_time": 476.0,
        "wait_time": 0,
        "Landing_success_rate": 1.0
    },
    {
        "model": 1,
        "sequence": 2,
        "status": 1,
        "fuel": 6588,
        "fault": 0.7426,
        "weapon": 1,
        "pilot_injury": 0.3526,
        "pilot_skill": 0.3311,
        "mission_priority": 0.3559,
        "estimated_landing_time": 194.0,
        "wait_time": 0,
        "Landing_success_rate": 1.0
    },
    {
        "model": 0,
        "sequence": 11,
        "status": 1,
        "fuel": 6250,
        "fault": 0.8426,
        "weapon": 0,
        "pilot_injury": 0.2949,
        "pilot_skill": 0.8659,
        "mission_priority": 0.3521,
        "estimated_landing_time": 1040.0,
        "wait_time": 0,
        "Landing_success_rate": 1.0
    },
    {
        "model": 1,
        "sequence": 1,
        "status": 1,
        "fuel": 6469,
        "fault": 0.7521,
        "weapon": 0,
        "pilot_injury": 0.1207,
        "pilot_skill": 0.9904,
        "mission_priority": 0.8258,
        "estimated_landing_time": 100.0,
        "wait_time": 0,
        "Landing_success_rate": 1.0
    },
    {
        "model": 0,
        "sequence": 14,
        "status": 1,
        "fuel": 5723,
        "fault": 0.6383,
        "weapon": 1,
        "pilot_injury": 0.6493,
        "pilot_skill": 0.3264,
        "mission_priority": 0.0503,
        "estimated_landing_time": 1322.0,
        "wait_time": 0,
        "Landing_success_rate": 1.0
    },
    {
        "model": 1,
        "sequence": 7,
        "status": 1,
        "fuel": 7175,
        "fault": 0.1156,
        "weapon": 1,
        "pilot_injury": 0.1823,
        "pilot_skill": 0.5277,
        "mission_priority": 0.0085,
        "estimated_landing_time": 664.0,
        "wait_time": 0,
        "Landing_success_rate": 1.0
    },
    {
        "model": 2,
        "sequence": 3,
        "status": 1,
        "fuel": 6794,
        "fault": 0.7117,
        "weapon": 0,
        "pilot_injury": 0.2974,
        "pilot_skill": 0.9057,
        "mission_priority": 0.4062,
        "estimated_landing_time": 288.0,
        "wait_time": 0,
        "Landing_success_rate": 1.0
    },
    {
        "model": 0,
        "sequence": 9,
        "status": 1,
        "fuel": 5645,
        "fault": 0.7546,
        "weapon": 0,
        "pilot_injury": 0.795,
        "pilot_skill": 0.0194,
        "mission_priority": 0.5055,
        "estimated_landing_time": 852.0,
        "wait_time": 0,
        "Landing_success_rate": 1.0
    },
    {
        "model": 1,
        "sequence": 13,
        "status": 1,
        "fuel": 5598,
        "fault": 0.2188,
        "weapon": 1,
        "pilot_injury": 0.9028,
        "pilot_skill": 0.2645,
        "mission_priority": 0.1706,
        "estimated_landing_time": 1228.0,
        "wait_time": 0,
        "Landing_success_rate": 1.0
    },
    {
        "model": 0,
        "sequence": 6,
        "status": 1,
        "fuel": 6635,
        "fault": 0.3152,
        "weapon": 1,
        "pilot_injury": 0.6797,
        "pilot_skill": 0.4901,
        "mission_priority": 0.11,
        "estimated_landing_time": 570.0,
        "wait_time": 0,
        "Landing_success_rate": 1.0
    }
]