[
    {
        "model": 0,
        "sequence": 3,
        "status": 1,
        "fuel": 6739,
        "fault": 0.5889,
        "weapon": 1,
        "pilot_injury": 0.921,
        "pilot_skill": 0.5351,
        "mission_priority": 0.5115,
        "estimated_landing_time": 288.0,
        "wait_time": 0,
        "Landing_success_rate": 1.0
    },
    {
        "model": 2,
        "sequence": 11,
        "status": 1,
        "fuel": 5776,
        "fault": 0.0183,
        "weapon": 1,
        "pilot_injury": 0.4579,
        "pilot_skill": 0.1276,
        "mission_priority": 0.4327,
        "estimated_landing_time": 1040.0,
        "wait_time": 0,
        "Landing_success_rate": 1.0
    },
    {
        "model": 1,
        "sequence": 6,
        "status": 1,
        "fuel": 6168,
        "fault": 0.5025,
        "weapon": 1,
        "pilot_injury": 0.386,
        "pilot_skill": 0.9266,
        "mission_priority": 0.652,
        "estimated_landing_time": 570.0,
        "wait_time": 0,
        "Landing_success_rate": 1.0
    },
    {
        "model": 1,
        "sequence": 12,
        "status": 1,
        "fuel": 6669,
        "fault": 0.7734,
        "weapon": 0,
        "pilot_injury": 0.6876,
        "pilot_skill": 0.3561,
        "mission_priority": 0.2411,
        "estimated_landing_time": 1134.0,
        "wait_time": 0,
        "Landing_success_rate": 1.0
    },
    {
        "model": 1,
        "sequence": 8,
        "status": 1,
        "fuel": 6834,
        "fault": 0.2011,
        "weapon": 0,
        "pilot_injury": 0.9586,
        "pilot_skill": 0.7248,
        "mission_priority": 0.8838,
        "estimated_landing_time": 758.0,
        "wait_time": 0,
        "Landing_success_rate": 1.0
    },
    {
        "model": 1,
        "sequence": 10,
        "status": 1,
        "fuel": 6812,
        "fault": 0.0492,
        "weapon": 1,
        "pilot_injury": 0.6291,
        "pilot_skill": 0.4188,
        "mission_priority": 0.4185,
        "estimated_landing_time": 946.0,
        "wait_time": 0,
        "Landing_success_rate": 1.0
    },
    {
        "model": 0,
        "sequence": 9,
        "status": 1,
        "fuel": 6105,
        "fault": 0.15,
        "weapon": 0,
        "pilot_injury": 0.6735,
        "pilot_skill": 0.422,
        "mission_priority": 0.8724,
        "estimated_landing_time": 852.0,
        "wait_time": 0,
        "Landing_success_rate": 1.0
    },
    {
        "model": 0,
        "sequence": 5,
        "status": 1,
        "fuel": 5610,
        "fault": 0.889,
        "weapon": 0,
        "pilot_injury": 0.8116,
        "pilot_skill": 0.6739,
        "mission_priority": 0.2418,
        "estimated_landing_time": 476.0,
        "wait_time": 0,
        "Landing_success_rate": 1.0
    },
    {
        "model": 1,
        "sequence": 1,
        "status": 1,
        "fuel": 7175,
        "fault": 0.7687,
        "weapon": 0,
        "pilot_injury": 0.9389,
        "pilot_skill": 0.6073,
        "mission_priority": 0.1584,
        "estimated_landing_time": 100.0,
        "wait_time": 0,
        "Landing_success_rate": 1.0
    },
    {
        "model": 0,
        "sequence": 4,
        "status": 1,
        "fuel": 6785,
        "fault": 0.4317,
        "weapon": 0,
        "pilot_injury": 0.6715,
        "pilot_skill": 0.8425,
        "mission_priority": 0.2504,
        "estimated_landing_time": 382.0,
        "wait_time": 0,
        "Landing_success_rate": 1.0
    },
    {
        "model": 1,
        "sequence": 18,
        "status": 1,
        "fuel": 7266,
        "fault": 0.493,
        "weapon": 0,
        "pilot_injury": 0.7289,
        "pilot_skill": 0.3465,
        "mission_priority": 0.8877,
        "estimated_landing_time": 1698.0,
        "wait_time": 0,
        "Landing_success_rate": 1.0
    },
    {
        "model": 0,
        "sequence": 17,
        "status": 1,
        "fuel": 6997,
        "fault": 0.5446,
        "weapon": 0,
        "pilot_injury": 0.361,
        "pilot_skill": 0.1457,
        "mission_priority": 0.3323,
        "estimated_landing_time": 1604.0,
        "wait_time": 0,
        "Landing_success_rate": 1.0
    },
    {
        "model": 2,
        "sequence": 13,
        "status": 1,
        "fuel": 6609,
        "fault": 0.3441,
        "weapon": 0,
        "pilot_injury": 0.5108,
        "pilot_skill": 0.5461,
        "mission_priority": 0.8417,
        "estimated_landing_time": 1228.0,
        "wait_time": 0,
        "Landing_success_rate": 1.0
    },
    {
        "model": 2,
        "sequence": 2,
        "status": 1,
        "fuel": 5828,
        "fault": 0.7933,
        "weapon": 0,
        "pilot_injury": 0.8886,
        "pilot_skill": 0.5605,
        "mission_priority": 0.5834,
        "estimated_landing_time": 194.0,
        "wait_time": 0,
        "Landing_success_rate": 1.0
    },
    {
        "model": 1,
        "sequence": 16,
        "status": 1,
        "fuel": 7166,
        "fault": 0.58,
        "weapon": 0,
        "pilot_injury": 0.1981,
        "pilot_skill": 0.5469,
        "mission_priority": 0.9972,
        "estimated_landing_time": 1510.0,
        "wait_time": 0,
        "Landing_success_rate": 1.0
    },
    {
        "model": 1,
        "sequence": 7,
        "status": 1,
        "fuel": 7137,
        "fault": 0.1778,
        "weapon": 1,
        "pilot_injury": 0.7964,
        "pilot_skill": 0.3965,
        "mission_priority": 0.1537,
        "estimated_landing_time": 664.0,
        "wait_time": 0,
        "Landing_success_rate": 1.0
    },
    {
        "model": 0,
        "sequence": 15,
        "status": 1,
        "fuel": 5777,
        "fault": 0.7467,
        "weapon": 0,
        "pilot_injury": 0.9208,
        "pilot_skill": 0.4418,
        "mission_priority": 0.7428,
        "estimated_landing_time": 1416.0,
        "wait_time": 0,
        "Landing_success_rate": 1.0
    },
    {
        "model": 1,
        "sequence": 14,
        "status": 1,
        "fuel": 6427,
        "fault": 0.2579,
        "weapon": 0,
        "pilot_injury": 0.6711,
        "pilot_skill": 0.9579,
        "mission_priority": 0.7696,
        "estimated_landing_time": 1322.0,
        "wait_time": 0,
        "Landing_success_rate": 1.0
    }
]