[
    {
        "model": 0,
        "sequence": 7,
        "status": 1,
        "fuel": 6139,
        "fault": 0.0475,
        "weapon": 0,
        "pilot_injury": 0.3287,
        "pilot_skill": 0.7882,
        "mission_priority": 0.8914,
        "estimated_landing_time": 664.0,
        "wait_time": 0,
        "Landing_success_rate": 1.0
    },
    {
        "model": 2,
        "sequence": 11,
        "status": 1,
        "fuel": 5521,
        "fault": 0.3404,
        "weapon": 0,
        "pilot_injury": 0.7108,
        "pilot_skill": 0.9043,
        "mission_priority": 0.2513,
        "estimated_landing_time": 1040.0,
        "wait_time": 0,
        "Landing_success_rate": 1.0
    },
    {
        "model": 0,
        "sequence": 4,
        "status": 1,
        "fuel": 6939,
        "fault": 0.4332,
        "weapon": 1,
        "pilot_injury": 0.7937,
        "pilot_skill": 0.4357,
        "mission_priority": 0.1779,
        "estimated_landing_time": 382.0,
        "wait_time": 0,
        "Landing_success_rate": 1.0
    },
    {
        "model": 2,
        "sequence": 12,
        "status": 1,
        "fuel": 5651,
        "fault": 0.2304,
        "weapon": 0,
        "pilot_injury": 0.3893,
        "pilot_skill": 0.23,
        "mission_priority": 0.2155,
        "estimated_landing_time": 1134.0,
        "wait_time": 0,
        "Landing_success_rate": 1.0
    },
    {
        "model": 1,
        "sequence": 18,
        "status": 1,
        "fuel": 5938,
        "fault": 0.3874,
        "weapon": 0,
        "pilot_injury": 0.4424,
        "pilot_skill": 0.8688,
        "mission_priority": 0.6113,
        "estimated_landing_time": 1698.0,
        "wait_time": 0,
        "Landing_success_rate": 1.0
    },
    {
        "model": 2,
        "sequence": 14,
        "status": 1,
        "fuel": 6455,
        "fault": 0.126,
        "weapon": 1,
        "pilot_injury": 0.7625,
        "pilot_skill": 0.0564,
        "mission_priority": 0.4226,
        "estimated_landing_time": 1322.0,
        "wait_time": 0,
        "Landing_success_rate": 1.0
    },
    {
        "model": 2,
        "sequence": 9,
        "status": 1,
        "fuel": 6039,
        "fault": 0.2786,
        "weapon": 1,
        "pilot_injury": 0.4757,
        "pilot_skill": 0.7499,
        "mission_priority": 0.3029,
        "estimated_landing_time": 852.0,
        "wait_time": 0,
        "Landing_success_rate": 1.0
    },
    {
        "model": 1,
        "sequence": 2,
        "status": 1,
        "fuel": 6528,
        "fault": 0.1378,
        "weapon": 0,
        "pilot_injury": 0.43,
        "pilot_skill": 0.4795,
        "mission_priority": 0.9264,
        "estimated_landing_time": 194.0,
        "wait_time": 0,
        "Landing_success_rate": 1.0
    },
    {
        "model": 1,
        "sequence": 1,
        "status": 1,
        "fuel": 5924,
        "fault": 0.7399,
        "weapon": 1,
        "pilot_injury": 0.7057,
        "pilot_skill": 0.5776,
        "mission_priority": 0.2515,
        "estimated_landing_time": 100.0,
        "wait_time": 0,
        "Landing_success_rate": 1.0
    },
    {
        "model": 2,
        "sequence": 16,
        "status": 1,
        "fuel": 5979,
        "fault": 0.0546,
        "weapon": 0,
        "pilot_injury": 0.4503,
        "pilot_skill": 0.818,
        "mission_priority": 0.0138,
        "estimated_landing_time": 1510.0,
        "wait_time": 0,
        "Landing_success_rate": 1.0
    },
    {
        "model": 0,
        "sequence": 6,
        "status": 1,
        "fuel": 7335,
        "fault": 0.3648,
        "weapon": 0,
        "pilot_injury": 0.2305,
        "pilot_skill": 0.5084,
        "mission_priority": 0.6597,
        "estimated_landing_time": 570.0,
        "wait_time": 0,
        "Landing_success_rate": 1.0
    },
    {
        "model": 0,
        "sequence": 8,
        "status": 1,
        "fuel": 5938,
        "fault": 0.1831,
        "weapon": 1,
        "pilot_injury": 0.7608,
        "pilot_skill": 0.1662,
        "mission_priority": 0.1679,
        "estimated_landing_time": 758.0,
        "wait_time": 0,
        "Landing_success_rate": 1.0
    },
    {
        "model": 1,
        "sequence": 3,
        "status": 1,
        "fuel": 5852,
        "fault": 0.912,
        "weapon": 1,
        "pilot_injury": 0.272,
        "pilot_skill": 0.7959,
        "mission_priority": 0.5405,
        "estimated_landing_time": 288.0,
        "wait_time": 0,
        "Landing_success_rate": 1.0
    },
    {
        "model": 0,
        "sequence": 17,
        "status": 1,
        "fuel": 7309,
        "fault": 0.9224,
        "weapon": 1,
        "pilot_injury": 0.3358,
        "pilot_skill": 0.9107,
        "mission_priority": 0.7153,
        "estimated_landing_time": 1604.0,
        "wait_time": 0,
        "Landing_success_rate": 1.0
    },
    {
        "model": 1,
        "sequence": 15,
        "status": 1,
        "fuel": 6511,
        "fault": 0.8211,
        "weapon": 0,
        "pilot_injury": 0.6158,
        "pilot_skill": 0.3581,
        "mission_priority": 0.4238,
        "estimated_landing_time": 1416.0,
        "wait_time": 0,
        "Landing_success_rate": 1.0
    },
    {
        "model": 2,
        "sequence": 13,
        "status": 1,
        "fuel": 7216,
        "fault": 0.6145,
        "weapon": 0,
        "pilot_injury": 0.5801,
        "pilot_skill": 0.0921,
        "mission_priority": 0.5191,
        "estimated_landing_time": 1228.0,
        "wait_time": 0,
        "Landing_success_rate": 1.0
    },
    {
        "model": 2,
        "sequence": 5,
        "status": 1,
        "fuel": 7197,
        "fault": 0.3847,
        "weapon": 1,
        "pilot_injury": 0.446,
        "pilot_skill": 0.5343,
        "mission_priority": 0.9762,
        "estimated_landing_time": 476.0,
        "wait_time": 0,
        "Landing_success_rate": 1.0
    },
    {
        "model": 0,
        "sequence": 10,
        "status": 1,
        "fuel": 6039,
        "fault": 0.1612,
        "weapon": 0,
        "pilot_injury": 0.5381,
        "pilot_skill": 0.8171,
        "mission_priority": 0.2377,
        "estimated_landing_time": 946.0,
        "wait_time": 0,
        "Landing_success_rate": 1.0
    }
]