[
    {
        "model": 0,
        "sequence": 17,
        "status": 1,
        "fuel": 7259,
        "fault": 0.8525,
        "weapon": 0,
        "pilot_injury": 0.7087,
        "pilot_skill": 0.8896,
        "mission_priority": 0.2816,
        "estimated_landing_time": 1604.0,
        "wait_time": 0,
        "Landing_success_rate": 1.0
    },
    {
        "model": 0,
        "sequence": 14,
        "status": 1,
        "fuel": 6184,
        "fault": 0.4054,
        "weapon": 0,
        "pilot_injury": 0.9665,
        "pilot_skill": 0.3716,
        "mission_priority": 0.0323,
        "estimated_landing_time": 1322.0,
        "wait_time": 0,
        "Landing_success_rate": 1.0
    },
    {
        "model": 2,
        "sequence": 4,
        "status": 1,
        "fuel": 7194,
        "fault": 0.3193,
        "weapon": 0,
        "pilot_injury": 0.801,
        "pilot_skill": 0.7286,
        "mission_priority": 0.9647,
        "estimated_landing_time": 382.0,
        "wait_time": 0,
        "Landing_success_rate": 1.0
    },
    {
        "model": 0,
        "sequence": 11,
        "status": 1,
        "fuel": 6965,
        "fault": 0.8667,
        "weapon": 0,
        "pilot_injury": 0.6414,
        "pilot_skill": 0.6722,
        "mission_priority": 0.998,
        "estimated_landing_time": 1040.0,
        "wait_time": 0,
        "Landing_success_rate": 1.0
    },
    {
        "model": 1,
        "sequence": 6,
        "status": 1,
        "fuel": 6511,
        "fault": 0.2323,
        "weapon": 1,
        "pilot_injury": 0.1555,
        "pilot_skill": 0.5891,
        "mission_priority": 0.1353,
        "estimated_landing_time": 570.0,
        "wait_time": 0,
        "Landing_success_rate": 1.0
    },
    {
        "model": 1,
        "sequence": 8,
        "status": 1,
        "fuel": 7299,
        "fault": 0.2397,
        "weapon": 0,
        "pilot_injury": 0.4328,
        "pilot_skill": 0.5607,
        "mission_priority": 0.9127,
        "estimated_landing_time": 758.0,
        "wait_time": 0,
        "Landing_success_rate": 1.0
    },
    {
        "model": 1,
        "sequence": 2,
        "status": 1,
        "fuel": 6135,
        "fault": 0.4035,
        "weapon": 1,
        "pilot_injury": 0.3432,
        "pilot_skill": 0.5298,
        "mission_priority": 0.1549,
        "estimated_landing_time": 194.0,
        "wait_time": 0,
        "Landing_success_rate": 1.0
    },
    {
        "model": 2,
        "sequence": 13,
        "status": 1,
        "fuel": 5913,
        "fault": 0.6565,
        "weapon": 1,
        "pilot_injury": 0.6525,
        "pilot_skill": 0.3724,
        "mission_priority": 0.3317,
        "estimated_landing_time": 1228.0,
        "wait_time": 0,
        "Landing_success_rate": 1.0
    },
    {
        "model": 2,
        "sequence": 18,
        "status": 1,
        "fuel": 7073,
        "fault": 0.3576,
        "weapon": 0,
        "pilot_injury": 0.4724,
        "pilot_skill": 0.3534,
        "mission_priority": 0.7105,
        "estimated_landing_time": 1698.0,
        "wait_time": 0,
        "Landing_success_rate": 1.0
    },
    {
        "model": 2,
        "sequence": 16,
        "status": 1,
        "fuel": 6501,
        "fault": 0.7193,
        "weapon": 1,
        "pilot_injury": 0.3102,
        "pilot_skill": 0.4343,
        "mission_priority": 0.2554,
        "estimated_landing_time": 1510.0,
        "wait_time": 0,
        "Landing_success_rate": 1.0
    },
    {
        "model": 2,
        "sequence": 9,
        "status": 1,
        "fuel": 6173,
        "fault": 0.6812,
        "weapon": 1,
        "pilot_injury": 0.6308,
        "pilot_skill": 0.6144,
        "mission_priority": 0.188,
        "estimated_landing_time": 852.0,
        "wait_time": 0,
        "Landing_success_rate": 1.0
    },
    {
        "model": 2,
        "sequence": 1,
        "status": 1,
        "fuel": 6783,
        "fault": 0.6655,
        "weapon": 0,
        "pilot_injury": 0.0255,
        "pilot_skill": 0.2198,
        "mission_priority": 0.6921,
        "estimated_landing_time": 100.0,
        "wait_time": 0,
        "Landing_success_rate": 1.0
    },
    {
        "model": 1,
        "sequence": 7,
        "status": 1,
        "fuel": 6666,
        "fault": 0.7379,
        "weapon": 1,
        "pilot_injury": 0.6177,
        "pilot_skill": 0.5184,
        "mission_priority": 0.7613,
        "estimated_landing_time": 664.0,
        "wait_time": 0,
        "Landing_success_rate": 1.0
    },
    {
        "model": 0,
        "sequence": 12,
        "status": 1,
        "fuel": 6448,
        "fault": 0.5519,
        "weapon": 0,
        "pilot_injury": 0.057,
        "pilot_skill": 0.039,
        "mission_priority": 0.9872,
        "estimated_landing_time": 1134.0,
        "wait_time": 0,
        "Landing_success_rate": 1.0
    },
    {
        "model": 1,
        "sequence": 15,
        "status": 1,
        "fuel": 5562,
        "fault": 0.0501,
        "weapon": 0,
        "pilot_injury": 0.0965,
        "pilot_skill": 0.0698,
        "mission_priority": 0.1603,
        "estimated_landing_time": 1416.0,
        "wait_time": 0,
        "Landing_success_rate": 1.0
    },
    {
        "model": 2,
        "sequence": 5,
        "status": 1,
        "fuel": 5728,
        "fault": 0.2191,
        "weapon": 1,
        "pilot_injury": 0.4463,
        "pilot_skill": 0.5615,
        "mission_priority": 0.0003,
        "estimated_landing_time": 476.0,
        "wait_time": 0,
        "Landing_success_rate": 1.0
    },
    {
        "model": 1,
        "sequence": 10,
        "status": 1,
        "fuel": 6406,
        "fault": 0.9988,
        "weapon": 0,
        "pilot_injury": 0.0533,
        "pilot_skill": 0.1335,
        "mission_priority": 0.2318,
        "estimated_landing_time": 946.0,
        "wait_time": 0,
        "Landing_success_rate": 1.0
    },
    {
        "model": 0,
        "sequence": 3,
        "status": 1,
        "fuel": 6434,
        "fault": 0.7552,
        "weapon": 1,
        "pilot_injury": 0.1327,
        "pilot_skill": 0.738,
        "mission_priority": 0.8551,
        "estimated_landing_time": 288.0,
        "wait_time": 0,
        "Landing_success_rate": 1.0
    }
]