[
    {
        "model": 0,
        "sequence": 1,
        "status": 1,
        "fuel": 7021,
        "fault": 0.6783,
        "weapon": 1,
        "pilot_injury": 0.8288,
        "pilot_skill": 0.5959,
        "mission_priority": 0.9292,
        "estimated_landing_time": 100.0,
        "wait_time": 0,
        "Landing_success_rate": 1.0
    },
    {
        "model": 0,
        "sequence": 16,
        "status": 1,
        "fuel": 7362,
        "fault": 0.9833,
        "weapon": 1,
        "pilot_injury": 0.2977,
        "pilot_skill": 0.7254,
        "mission_priority": 0.9124,
        "estimated_landing_time": 1510.0,
        "wait_time": 0,
        "Landing_success_rate": 1.0
    },
    {
        "model": 2,
        "sequence": 12,
        "status": 1,
        "fuel": 7277,
        "fault": 0.6264,
        "weapon": 0,
        "pilot_injury": 0.5168,
        "pilot_skill": 0.5225,
        "mission_priority": 0.6002,
        "estimated_landing_time": 1134.0,
        "wait_time": 0,
        "Landing_success_rate": 1.0
    },
    {
        "model": 2,
        "sequence": 7,
        "status": 1,
        "fuel": 5557,
        "fault": 0.9121,
        "weapon": 1,
        "pilot_injury": 0.5532,
        "pilot_skill": 0.942,
        "mission_priority": 0.6427,
        "estimated_landing_time": 664.0,
        "wait_time": 0,
        "Landing_success_rate": 1.0
    },
    {
        "model": 1,
        "sequence": 15,
        "status": 1,
        "fuel": 5602,
        "fault": 0.559,
        "weapon": 1,
        "pilot_injury": 0.9817,
        "pilot_skill": 0.493,
        "mission_priority": 0.9385,
        "estimated_landing_time": 1416.0,
        "wait_time": 0,
        "Landing_success_rate": 1.0
    },
    {
        "model": 1,
        "sequence": 4,
        "status": 1,
        "fuel": 6456,
        "fault": 0.173,
        "weapon": 0,
        "pilot_injury": 0.7119,
        "pilot_skill": 0.321,
        "mission_priority": 0.699,
        "estimated_landing_time": 382.0,
        "wait_time": 0,
        "Landing_success_rate": 1.0
    },
    {
        "model": 0,
        "sequence": 9,
        "status": 1,
        "fuel": 6970,
        "fault": 0.269,
        "weapon": 0,
        "pilot_injury": 0.8358,
        "pilot_skill": 0.1842,
        "mission_priority": 0.6136,
        "estimated_landing_time": 852.0,
        "wait_time": 0,
        "Landing_success_rate": 1.0
    },
    {
        "model": 2,
        "sequence": 17,
        "status": 1,
        "fuel": 6296,
        "fault": 0.1291,
        "weapon": 1,
        "pilot_injury": 0.6746,
        "pilot_skill": 0.0709,
        "mission_priority": 0.5954,
        "estimated_landing_time": 1604.0,
        "wait_time": 0,
        "Landing_success_rate": 1.0
    },
    {
        "model": 1,
        "sequence": 6,
        "status": 1,
        "fuel": 7260,
        "fault": 0.1224,
        "weapon": 0,
        "pilot_injury": 0.1296,
        "pilot_skill": 0.2487,
        "mission_priority": 0.8213,
        "estimated_landing_time": 570.0,
        "wait_time": 0,
        "Landing_success_rate": 1.0
    },
    {
        "model": 1,
        "sequence": 13,
        "status": 1,
        "fuel": 5779,
        "fault": 0.0688,
        "weapon": 1,
        "pilot_injury": 0.0487,
        "pilot_skill": 0.7924,
        "mission_priority": 0.6991,
        "estimated_landing_time": 1228.0,
        "wait_time": 0,
        "Landing_success_rate": 1.0
    },
    {
        "model": 1,
        "sequence": 10,
        "status": 1,
        "fuel": 7170,
        "fault": 0.4563,
        "weapon": 0,
        "pilot_injury": 0.7165,
        "pilot_skill": 0.4593,
        "mission_priority": 0.6886,
        "estimated_landing_time": 946.0,
        "wait_time": 0,
        "Landing_success_rate": 1.0
    },
    {
        "model": 0,
        "sequence": 14,
        "status": 1,
        "fuel": 6984,
        "fault": 0.7149,
        "weapon": 1,
        "pilot_injury": 0.4665,
        "pilot_skill": 0.8951,
        "mission_priority": 0.3846,
        "estimated_landing_time": 1322.0,
        "wait_time": 0,
        "Landing_success_rate": 1.0
    },
    {
        "model": 1,
        "sequence": 5,
        "status": 1,
        "fuel": 6441,
        "fault": 0.9987,
        "weapon": 0,
        "pilot_injury": 0.753,
        "pilot_skill": 0.7346,
        "mission_priority": 0.0198,
        "estimated_landing_time": 476.0,
        "wait_time": 0,
        "Landing_success_rate": 1.0
    },
    {
        "model": 1,
        "sequence": 2,
        "status": 1,
        "fuel": 6400,
        "fault": 0.1902,
        "weapon": 1,
        "pilot_injury": 0.5241,
        "pilot_skill": 0.5617,
        "mission_priority": 0.7317,
        "estimated_landing_time": 194.0,
        "wait_time": 0,
        "Landing_success_rate": 1.0
    },
    {
        "model": 2,
        "sequence": 3,
        "status": 1,
        "fuel": 6810,
        "fault": 0.2714,
        "weapon": 1,
        "pilot_injury": 0.5639,
        "pilot_skill": 0.3738,
        "mission_priority": 0.1379,
        "estimated_landing_time": 288.0,
        "wait_time": 0,
        "Landing_success_rate": 1.0
    },
    {
        "model": 2,
        "sequence": 18,
        "status": 1,
        "fuel": 5704,
        "fault": 0.5419,
        "weapon": 1,
        "pilot_injury": 0.5662,
        "pilot_skill": 0.7511,
        "mission_priority": 0.0684,
        "estimated_landing_time": 1698.0,
        "wait_time": 0,
        "Landing_success_rate": 1.0
    },
    {
        "model": 2,
        "sequence": 8,
        "status": 1,
        "fuel": 5625,
        "fault": 0.0435,
        "weapon": 0,
        "pilot_injury": 0.7744,
        "pilot_skill": 0.022,
        "mission_priority": 0.5265,
        "estimated_landing_time": 758.0,
        "wait_time": 0,
        "Landing_success_rate": 1.0
    },
    {
        "model": 0,
        "sequence": 11,
        "status": 1,
        "fuel": 5534,
        "fault": 0.422,
        "weapon": 0,
        "pilot_injury": 0.7184,
        "pilot_skill": 0.1219,
        "mission_priority": 0.6949,
        "estimated_landing_time": 1040.0,
        "wait_time": 0,
        "Landing_success_rate": 1.0
    }
]