[
    {
        "model": 2,
        "sequence": 3,
        "status": 1,
        "fuel": 6459,
        "fault": 0.4255,
        "weapon": 0,
        "pilot_injury": 0.1834,
        "pilot_skill": 0.6737,
        "mission_priority": 0.9155,
        "estimated_landing_time": 288.0,
        "wait_time": 0,
        "Landing_success_rate": 1.0
    },
    {
        "model": 0,
        "sequence": 10,
        "status": 1,
        "fuel": 6383,
        "fault": 0.1432,
        "weapon": 0,
        "pilot_injury": 0.5054,
        "pilot_skill": 0.3168,
        "mission_priority": 0.8965,
        "estimated_landing_time": 946.0,
        "wait_time": 0,
        "Landing_success_rate": 1.0
    },
    {
        "model": 0,
        "sequence": 14,
        "status": 1,
        "fuel": 5533,
        "fault": 0.1572,
        "weapon": 1,
        "pilot_injury": 0.5998,
        "pilot_skill": 0.7968,
        "mission_priority": 0.7515,
        "estimated_landing_time": 1322.0,
        "wait_time": 0,
        "Landing_success_rate": 1.0
    },
    {
        "model": 0,
        "sequence": 6,
        "status": 1,
        "fuel": 6800,
        "fault": 0.1851,
        "weapon": 0,
        "pilot_injury": 0.7031,
        "pilot_skill": 0.9491,
        "mission_priority": 0.3291,
        "estimated_landing_time": 570.0,
        "wait_time": 0,
        "Landing_success_rate": 1.0
    },
    {
        "model": 0,
        "sequence": 8,
        "status": 1,
        "fuel": 7221,
        "fault": 0.1282,
        "weapon": 1,
        "pilot_injury": 0.3805,
        "pilot_skill": 0.9649,
        "mission_priority": 0.265,
        "estimated_landing_time": 758.0,
        "wait_time": 0,
        "Landing_success_rate": 1.0
    },
    {
        "model": 1,
        "sequence": 18,
        "status": 1,
        "fuel": 7019,
        "fault": 0.8104,
        "weapon": 1,
        "pilot_injury": 0.9697,
        "pilot_skill": 0.2852,
        "mission_priority": 0.1364,
        "estimated_landing_time": 1698.0,
        "wait_time": 0,
        "Landing_success_rate": 1.0
    },
    {
        "model": 0,
        "sequence": 13,
        "status": 1,
        "fuel": 6660,
        "fault": 0.5175,
        "weapon": 0,
        "pilot_injury": 0.6007,
        "pilot_skill": 0.6345,
        "mission_priority": 0.7629,
        "estimated_landing_time": 1228.0,
        "wait_time": 0,
        "Landing_success_rate": 1.0
    },
    {
        "model": 1,
        "sequence": 16,
        "status": 1,
        "fuel": 5762,
        "fault": 0.5762,
        "weapon": 1,
        "pilot_injury": 0.3643,
        "pilot_skill": 0.6282,
        "mission_priority": 0.4686,
        "estimated_landing_time": 1510.0,
        "wait_time": 0,
        "Landing_success_rate": 1.0
    },
    {
        "model": 1,
        "sequence": 1,
        "status": 1,
        "fuel": 6879,
        "fault": 0.3969,
        "weapon": 0,
        "pilot_injury": 0.9947,
        "pilot_skill": 0.6591,
        "mission_priority": 0.7941,
        "estimated_landing_time": 100.0,
        "wait_time": 0,
        "Landing_success_rate": 1.0
    },
    {
        "model": 1,
        "sequence": 4,
        "status": 1,
        "fuel": 5641,
        "fault": 0.4621,
        "weapon": 1,
        "pilot_injury": 0.3,
        "pilot_skill": 0.1267,
        "mission_priority": 0.1133,
        "estimated_landing_time": 382.0,
        "wait_time": 0,
        "Landing_success_rate": 1.0
    },
    {
        "model": 0,
        "sequence": 7,
        "status": 1,
        "fuel": 7175,
        "fault": 0.8823,
        "weapon": 1,
        "pilot_injury": 0.6662,
        "pilot_skill": 0.2623,
        "mission_priority": 0.2033,
        "estimated_landing_time": 664.0,
        "wait_time": 0,
        "Landing_success_rate": 1.0
    },
    {
        "model": 0,
        "sequence": 11,
        "status": 1,
        "fuel": 7493,
        "fault": 0.8892,
        "weapon": 1,
        "pilot_injury": 0.3993,
        "pilot_skill": 0.6662,
        "mission_priority": 0.9677,
        "estimated_landing_time": 1040.0,
        "wait_time": 0,
        "Landing_success_rate": 1.0
    },
    {
        "model": 1,
        "sequence": 15,
        "status": 1,
        "fuel": 7499,
        "fault": 0.6812,
        "weapon": 0,
        "pilot_injury": 0.8174,
        "pilot_skill": 0.7442,
        "mission_priority": 0.8597,
        "estimated_landing_time": 1416.0,
        "wait_time": 0,
        "Landing_success_rate": 1.0
    },
    {
        "model": 1,
        "sequence": 12,
        "status": 1,
        "fuel": 7154,
        "fault": 0.7699,
        "weapon": 0,
        "pilot_injury": 0.9816,
        "pilot_skill": 0.158,
        "mission_priority": 0.6715,
        "estimated_landing_time": 1134.0,
        "wait_time": 0,
        "Landing_success_rate": 1.0
    },
    {
        "model": 0,
        "sequence": 2,
        "status": 1,
        "fuel": 7263,
        "fault": 0.5458,
        "weapon": 0,
        "pilot_injury": 0.8005,
        "pilot_skill": 0.4886,
        "mission_priority": 0.8055,
        "estimated_landing_time": 194.0,
        "wait_time": 0,
        "Landing_success_rate": 1.0
    },
    {
        "model": 2,
        "sequence": 5,
        "status": 1,
        "fuel": 5711,
        "fault": 0.3753,
        "weapon": 1,
        "pilot_injury": 0.4358,
        "pilot_skill": 0.1494,
        "mission_priority": 0.4019,
        "estimated_landing_time": 476.0,
        "wait_time": 0,
        "Landing_success_rate": 1.0
    },
    {
        "model": 2,
        "sequence": 9,
        "status": 1,
        "fuel": 7129,
        "fault": 0.071,
        "weapon": 0,
        "pilot_injury": 0.4601,
        "pilot_skill": 0.5945,
        "mission_priority": 0.8449,
        "estimated_landing_time": 852.0,
        "wait_time": 0,
        "Landing_success_rate": 1.0
    },
    {
        "model": 2,
        "sequence": 17,
        "status": 1,
        "fuel": 5990,
        "fault": 0.6577,
        "weapon": 0,
        "pilot_injury": 0.191,
        "pilot_skill": 0.519,
        "mission_priority": 0.6725,
        "estimated_landing_time": 1604.0,
        "wait_time": 0,
        "Landing_success_rate": 1.0
    }
]