[
    {
        "model": 2,
        "sequence": 4,
        "status": 1,
        "fuel": 5733,
        "fault": 0.5422,
        "weapon": 0,
        "pilot_injury": 0.3713,
        "pilot_skill": 0.6698,
        "mission_priority": 0.4318,
        "estimated_landing_time": 382.0,
        "wait_time": 0,
        "Landing_success_rate": 1.0
    },
    {
        "model": 0,
        "sequence": 1,
        "status": 1,
        "fuel": 6967,
        "fault": 0.1138,
        "weapon": 0,
        "pilot_injury": 0.6718,
        "pilot_skill": 0.4913,
        "mission_priority": 0.7823,
        "estimated_landing_time": 100.0,
        "wait_time": 0,
        "Landing_success_rate": 1.0
    },
    {
        "model": 1,
        "sequence": 12,
        "status": 1,
        "fuel": 6392,
        "fault": 0.4805,
        "weapon": 0,
        "pilot_injury": 0.1163,
        "pilot_skill": 0.9486,
        "mission_priority": 0.2136,
        "estimated_landing_time": 1134.0,
        "wait_time": 0,
        "Landing_success_rate": 1.0
    },
    {
        "model": 2,
        "sequence": 3,
        "status": 1,
        "fuel": 6986,
        "fault": 0.5134,
        "weapon": 0,
        "pilot_injury": 0.4308,
        "pilot_skill": 0.6549,
        "mission_priority": 0.1589,
        "estimated_landing_time": 288.0,
        "wait_time": 0,
        "Landing_success_rate": 1.0
    },
    {
        "model": 0,
        "sequence": 17,
        "status": 1,
        "fuel": 7430,
        "fault": 0.6442,
        "weapon": 0,
        "pilot_injury": 0.5431,
        "pilot_skill": 0.5659,
        "mission_priority": 0.1058,
        "estimated_landing_time": 1604.0,
        "wait_time": 0,
        "Landing_success_rate": 1.0
    },
    {
        "model": 2,
        "sequence": 14,
        "status": 1,
        "fuel": 6786,
        "fault": 0.4949,
        "weapon": 0,
        "pilot_injury": 0.3079,
        "pilot_skill": 0.9003,
        "mission_priority": 0.5745,
        "estimated_landing_time": 1322.0,
        "wait_time": 0,
        "Landing_success_rate": 1.0
    },
    {
        "model": 0,
        "sequence": 16,
        "status": 1,
        "fuel": 5508,
        "fault": 0.0466,
        "weapon": 0,
        "pilot_injury": 0.1942,
        "pilot_skill": 0.5948,
        "mission_priority": 0.7554,
        "estimated_landing_time": 1510.0,
        "wait_time": 0,
        "Landing_success_rate": 1.0
    },
    {
        "model": 2,
        "sequence": 13,
        "status": 1,
        "fuel": 6189,
        "fault": 0.0286,
        "weapon": 0,
        "pilot_injury": 0.5554,
        "pilot_skill": 0.0043,
        "mission_priority": 0.5198,
        "estimated_landing_time": 1228.0,
        "wait_time": 0,
        "Landing_success_rate": 1.0
    },
    {
        "model": 1,
        "sequence": 11,
        "status": 1,
        "fuel": 6027,
        "fault": 0.709,
        "weapon": 0,
        "pilot_injury": 0.7713,
        "pilot_skill": 0.8995,
        "mission_priority": 0.7627,
        "estimated_landing_time": 1040.0,
        "wait_time": 0,
        "Landing_success_rate": 1.0
    },
    {
        "model": 1,
        "sequence": 9,
        "status": 1,
        "fuel": 7182,
        "fault": 0.0338,
        "weapon": 1,
        "pilot_injury": 0.9126,
        "pilot_skill": 0.1146,
        "mission_priority": 0.4564,
        "estimated_landing_time": 852.0,
        "wait_time": 0,
        "Landing_success_rate": 1.0
    },
    {
        "model": 1,
        "sequence": 6,
        "status": 1,
        "fuel": 7084,
        "fault": 0.9421,
        "weapon": 1,
        "pilot_injury": 0.9242,
        "pilot_skill": 0.1991,
        "mission_priority": 0.6398,
        "estimated_landing_time": 570.0,
        "wait_time": 0,
        "Landing_success_rate": 1.0
    },
    {
        "model": 1,
        "sequence": 5,
        "status": 1,
        "fuel": 7142,
        "fault": 0.581,
        "weapon": 0,
        "pilot_injury": 0.2385,
        "pilot_skill": 0.462,
        "mission_priority": 0.1882,
        "estimated_landing_time": 476.0,
        "wait_time": 0,
        "Landing_success_rate": 1.0
    },
    {
        "model": 1,
        "sequence": 2,
        "status": 1,
        "fuel": 6104,
        "fault": 0.6912,
        "weapon": 1,
        "pilot_injury": 0.5192,
        "pilot_skill": 0.1345,
        "mission_priority": 0.5173,
        "estimated_landing_time": 194.0,
        "wait_time": 0,
        "Landing_success_rate": 1.0
    },
    {
        "model": 2,
        "sequence": 15,
        "status": 1,
        "fuel": 6101,
        "fault": 0.3888,
        "weapon": 0,
        "pilot_injury": 0.3432,
        "pilot_skill": 0.8563,
        "mission_priority": 0.7017,
        "estimated_landing_time": 1416.0,
        "wait_time": 0,
        "Landing_success_rate": 1.0
    },
    {
        "model": 2,
        "sequence": 8,
        "status": 1,
        "fuel": 6288,
        "fault": 0.1913,
        "weapon": 1,
        "pilot_injury": 0.2277,
        "pilot_skill": 0.4067,
        "mission_priority": 0.0242,
        "estimated_landing_time": 758.0,
        "wait_time": 0,
        "Landing_success_rate": 1.0
    },
    {
        "model": 2,
        "sequence": 10,
        "status": 1,
        "fuel": 6127,
        "fault": 0.5364,
        "weapon": 1,
        "pilot_injury": 0.9886,
        "pilot_skill": 0.7614,
        "mission_priority": 0.0805,
        "estimated_landing_time": 946.0,
        "wait_time": 0,
        "Landing_success_rate": 1.0
    },
    {
        "model": 2,
        "sequence": 7,
        "status": 1,
        "fuel": 5842,
        "fault": 0.7043,
        "weapon": 0,
        "pilot_injury": 0.2437,
        "pilot_skill": 0.2566,
        "mission_priority": 0.9161,
        "estimated_landing_time": 664.0,
        "wait_time": 0,
        "Landing_success_rate": 1.0
    },
    {
        "model": 1,
        "sequence": 18,
        "status": 1,
        "fuel": 6383,
        "fault": 0.2773,
        "weapon": 1,
        "pilot_injury": 0.2809,
        "pilot_skill": 0.523,
        "mission_priority": 0.3501,
        "estimated_landing_time": 1698.0,
        "wait_time": 0,
        "Landing_success_rate": 1.0
    }
]