[
    {
        "model": 0,
        "sequence": 10,
        "status": 1,
        "fuel": 6402,
        "fault": 0.8545,
        "weapon": 0,
        "pilot_injury": 0.6435,
        "pilot_skill": 0.9215,
        "mission_priority": 0.3,
        "estimated_landing_time": 946.0,
        "wait_time": 0,
        "Landing_success_rate": 1.0
    },
    {
        "model": 0,
        "sequence": 9,
        "status": 1,
        "fuel": 6873,
        "fault": 0.1985,
        "weapon": 0,
        "pilot_injury": 0.7193,
        "pilot_skill": 0.0623,
        "mission_priority": 0.3787,
        "estimated_landing_time": 852.0,
        "wait_time": 0,
        "Landing_success_rate": 1.0
    },
    {
        "model": 1,
        "sequence": 11,
        "status": 1,
        "fuel": 6544,
        "fault": 0.4463,
        "weapon": 0,
        "pilot_injury": 0.6217,
        "pilot_skill": 0.9564,
        "mission_priority": 0.0198,
        "estimated_landing_time": 1040.0,
        "wait_time": 0,
        "Landing_success_rate": 1.0
    },
    {
        "model": 2,
        "sequence": 3,
        "status": 1,
        "fuel": 6574,
        "fault": 0.5273,
        "weapon": 1,
        "pilot_injury": 0.3505,
        "pilot_skill": 0.1619,
        "mission_priority": 0.3288,
        "estimated_landing_time": 288.0,
        "wait_time": 0,
        "Landing_success_rate": 1.0
    },
    {
        "model": 1,
        "sequence": 15,
        "status": 1,
        "fuel": 7432,
        "fault": 0.9105,
        "weapon": 0,
        "pilot_injury": 0.4737,
        "pilot_skill": 0.9216,
        "mission_priority": 0.9988,
        "estimated_landing_time": 1416.0,
        "wait_time": 0,
        "Landing_success_rate": 1.0
    },
    {
        "model": 0,
        "sequence": 2,
        "status": 1,
        "fuel": 6571,
        "fault": 0.4248,
        "weapon": 0,
        "pilot_injury": 0.2614,
        "pilot_skill": 0.4135,
        "mission_priority": 0.8779,
        "estimated_landing_time": 194.0,
        "wait_time": 0,
        "Landing_success_rate": 1.0
    },
    {
        "model": 0,
        "sequence": 16,
        "status": 1,
        "fuel": 7115,
        "fault": 0.6108,
        "weapon": 0,
        "pilot_injury": 0.8003,
        "pilot_skill": 0.2351,
        "mission_priority": 0.5588,
        "estimated_landing_time": 1510.0,
        "wait_time": 0,
        "Landing_success_rate": 1.0
    },
    {
        "model": 1,
        "sequence": 4,
        "status": 1,
        "fuel": 6155,
        "fault": 0.1289,
        "weapon": 0,
        "pilot_injury": 0.154,
        "pilot_skill": 0.3158,
        "mission_priority": 0.8576,
        "estimated_landing_time": 382.0,
        "wait_time": 0,
        "Landing_success_rate": 1.0
    },
    {
        "model": 0,
        "sequence": 8,
        "status": 1,
        "fuel": 6334,
        "fault": 0.5222,
        "weapon": 0,
        "pilot_injury": 0.4983,
        "pilot_skill": 0.7128,
        "mission_priority": 0.6089,
        "estimated_landing_time": 758.0,
        "wait_time": 0,
        "Landing_success_rate": 1.0
    },
    {
        "model": 2,
        "sequence": 7,
        "status": 1,
        "fuel": 5507,
        "fault": 0.4424,
        "weapon": 1,
        "pilot_injury": 0.449,
        "pilot_skill": 0.9182,
        "mission_priority": 0.9147,
        "estimated_landing_time": 664.0,
        "wait_time": 0,
        "Landing_success_rate": 1.0
    },
    {
        "model": 1,
        "sequence": 17,
        "status": 1,
        "fuel": 6781,
        "fault": 0.3174,
        "weapon": 1,
        "pilot_injury": 0.815,
        "pilot_skill": 0.5852,
        "mission_priority": 0.7732,
        "estimated_landing_time": 1604.0,
        "wait_time": 0,
        "Landing_success_rate": 1.0
    },
    {
        "model": 2,
        "sequence": 12,
        "status": 1,
        "fuel": 6209,
        "fault": 0.9542,
        "weapon": 0,
        "pilot_injury": 0.024,
        "pilot_skill": 0.5591,
        "mission_priority": 0.161,
        "estimated_landing_time": 1134.0,
        "wait_time": 0,
        "Landing_success_rate": 1.0
    },
    {
        "model": 2,
        "sequence": 18,
        "status": 1,
        "fuel": 5848,
        "fault": 0.9623,
        "weapon": 1,
        "pilot_injury": 0.4421,
        "pilot_skill": 0.2744,
        "mission_priority": 0.1319,
        "estimated_landing_time": 1698.0,
        "wait_time": 0,
        "Landing_success_rate": 1.0
    },
    {
        "model": 1,
        "sequence": 6,
        "status": 1,
        "fuel": 6633,
        "fault": 0.4169,
        "weapon": 0,
        "pilot_injury": 0.3508,
        "pilot_skill": 0.3049,
        "mission_priority": 0.8663,
        "estimated_landing_time": 570.0,
        "wait_time": 0,
        "Landing_success_rate": 1.0
    },
    {
        "model": 1,
        "sequence": 13,
        "status": 1,
        "fuel": 6077,
        "fault": 0.1729,
        "weapon": 0,
        "pilot_injury": 0.0103,
        "pilot_skill": 0.7219,
        "mission_priority": 0.7145,
        "estimated_landing_time": 1228.0,
        "wait_time": 0,
        "Landing_success_rate": 1.0
    },
    {
        "model": 0,
        "sequence": 5,
        "status": 1,
        "fuel": 7291,
        "fault": 0.1592,
        "weapon": 0,
        "pilot_injury": 0.3716,
        "pilot_skill": 0.5899,
        "mission_priority": 0.7039,
        "estimated_landing_time": 476.0,
        "wait_time": 0,
        "Landing_success_rate": 1.0
    },
    {
        "model": 0,
        "sequence": 1,
        "status": 1,
        "fuel": 7421,
        "fault": 0.6015,
        "weapon": 1,
        "pilot_injury": 0.2761,
        "pilot_skill": 0.6173,
        "mission_priority": 0.6481,
        "estimated_landing_time": 100.0,
        "wait_time": 0,
        "Landing_success_rate": 1.0
    },
    {
        "model": 1,
        "sequence": 14,
        "status": 1,
        "fuel": 6264,
        "fault": 0.9606,
        "weapon": 0,
        "pilot_injury": 0.5376,
        "pilot_skill": 0.2682,
        "mission_priority": 0.2866,
        "estimated_landing_time": 1322.0,
        "wait_time": 0,
        "Landing_success_rate": 1.0
    }
]