[
    {
        "model": 2,
        "sequence": 12,
        "status": 1,
        "fuel": 6748,
        "fault": 0.8073,
        "weapon": 1,
        "pilot_injury": 0.0861,
        "pilot_skill": 0.0555,
        "mission_priority": 0.8778,
        "estimated_landing_time": 1134.0,
        "wait_time": 0,
        "Landing_success_rate": 1.0
    },
    {
        "model": 2,
        "sequence": 14,
        "status": 1,
        "fuel": 7310,
        "fault": 0.5347,
        "weapon": 0,
        "pilot_injury": 0.6935,
        "pilot_skill": 0.0089,
        "mission_priority": 0.1886,
        "estimated_landing_time": 1322.0,
        "wait_time": 0,
        "Landing_success_rate": 1.0
    },
    {
        "model": 2,
        "sequence": 18,
        "status": 1,
        "fuel": 5790,
        "fault": 0.5826,
        "weapon": 0,
        "pilot_injury": 0.4685,
        "pilot_skill": 0.6626,
        "mission_priority": 0.766,
        "estimated_landing_time": 1698.0,
        "wait_time": 0,
        "Landing_success_rate": 1.0
    },
    {
        "model": 1,
        "sequence": 7,
        "status": 1,
        "fuel": 7425,
        "fault": 0.8703,
        "weapon": 0,
        "pilot_injury": 0.5396,
        "pilot_skill": 0.0523,
        "mission_priority": 0.7428,
        "estimated_landing_time": 664.0,
        "wait_time": 0,
        "Landing_success_rate": 1.0
    },
    {
        "model": 2,
        "sequence": 17,
        "status": 1,
        "fuel": 5763,
        "fault": 0.7439,
        "weapon": 0,
        "pilot_injury": 0.4512,
        "pilot_skill": 0.8656,
        "mission_priority": 0.1508,
        "estimated_landing_time": 1604.0,
        "wait_time": 0,
        "Landing_success_rate": 1.0
    },
    {
        "model": 0,
        "sequence": 3,
        "status": 1,
        "fuel": 5941,
        "fault": 0.0169,
        "weapon": 0,
        "pilot_injury": 0.3637,
        "pilot_skill": 0.5802,
        "mission_priority": 0.193,
        "estimated_landing_time": 288.0,
        "wait_time": 0,
        "Landing_success_rate": 1.0
    },
    {
        "model": 2,
        "sequence": 15,
        "status": 1,
        "fuel": 6355,
        "fault": 0.6919,
        "weapon": 0,
        "pilot_injury": 0.6959,
        "pilot_skill": 0.4875,
        "mission_priority": 0.3652,
        "estimated_landing_time": 1416.0,
        "wait_time": 0,
        "Landing_success_rate": 1.0
    },
    {
        "model": 0,
        "sequence": 11,
        "status": 1,
        "fuel": 5954,
        "fault": 0.9331,
        "weapon": 0,
        "pilot_injury": 0.0773,
        "pilot_skill": 0.6823,
        "mission_priority": 0.3515,
        "estimated_landing_time": 1040.0,
        "wait_time": 0,
        "Landing_success_rate": 1.0
    },
    {
        "model": 2,
        "sequence": 9,
        "status": 1,
        "fuel": 6149,
        "fault": 0.523,
        "weapon": 1,
        "pilot_injury": 0.1803,
        "pilot_skill": 0.9016,
        "mission_priority": 0.169,
        "estimated_landing_time": 852.0,
        "wait_time": 0,
        "Landing_success_rate": 1.0
    },
    {
        "model": 0,
        "sequence": 5,
        "status": 1,
        "fuel": 6052,
        "fault": 0.6699,
        "weapon": 1,
        "pilot_injury": 0.8675,
        "pilot_skill": 0.4741,
        "mission_priority": 0.9276,
        "estimated_landing_time": 476.0,
        "wait_time": 0,
        "Landing_success_rate": 1.0
    },
    {
        "model": 2,
        "sequence": 13,
        "status": 1,
        "fuel": 6009,
        "fault": 0.1001,
        "weapon": 1,
        "pilot_injury": 0.1258,
        "pilot_skill": 0.4472,
        "mission_priority": 0.5699,
        "estimated_landing_time": 1228.0,
        "wait_time": 0,
        "Landing_success_rate": 1.0
    },
    {
        "model": 0,
        "sequence": 16,
        "status": 1,
        "fuel": 5517,
        "fault": 0.226,
        "weapon": 0,
        "pilot_injury": 0.0763,
        "pilot_skill": 0.6553,
        "mission_priority": 0.4884,
        "estimated_landing_time": 1510.0,
        "wait_time": 0,
        "Landing_success_rate": 1.0
    },
    {
        "model": 0,
        "sequence": 10,
        "status": 1,
        "fuel": 7123,
        "fault": 0.4913,
        "weapon": 1,
        "pilot_injury": 0.9557,
        "pilot_skill": 0.8566,
        "mission_priority": 0.8439,
        "estimated_landing_time": 946.0,
        "wait_time": 0,
        "Landing_success_rate": 1.0
    },
    {
        "model": 1,
        "sequence": 1,
        "status": 1,
        "fuel": 6865,
        "fault": 0.4659,
        "weapon": 0,
        "pilot_injury": 0.4004,
        "pilot_skill": 0.1631,
        "mission_priority": 0.8121,
        "estimated_landing_time": 100.0,
        "wait_time": 0,
        "Landing_success_rate": 1.0
    },
    {
        "model": 2,
        "sequence": 8,
        "status": 1,
        "fuel": 6997,
        "fault": 0.8828,
        "weapon": 1,
        "pilot_injury": 0.128,
        "pilot_skill": 0.4746,
        "mission_priority": 0.5581,
        "estimated_landing_time": 758.0,
        "wait_time": 0,
        "Landing_success_rate": 1.0
    },
    {
        "model": 0,
        "sequence": 4,
        "status": 1,
        "fuel": 6150,
        "fault": 0.7654,
        "weapon": 1,
        "pilot_injury": 0.4849,
        "pilot_skill": 0.4689,
        "mission_priority": 0.2616,
        "estimated_landing_time": 382.0,
        "wait_time": 0,
        "Landing_success_rate": 1.0
    },
    {
        "model": 2,
        "sequence": 6,
        "status": 1,
        "fuel": 6808,
        "fault": 0.8272,
        "weapon": 0,
        "pilot_injury": 0.8641,
        "pilot_skill": 0.1097,
        "mission_priority": 0.3189,
        "estimated_landing_time": 570.0,
        "wait_time": 0,
        "Landing_success_rate": 1.0
    },
    {
        "model": 0,
        "sequence": 2,
        "status": 1,
        "fuel": 6736,
        "fault": 0.569,
        "weapon": 1,
        "pilot_injury": 0.1116,
        "pilot_skill": 0.441,
        "mission_priority": 0.3539,
        "estimated_landing_time": 194.0,
        "wait_time": 0,
        "Landing_success_rate": 1.0
    }
]