[
    {
        "model": 1,
        "sequence": 16,
        "status": 1,
        "fuel": 7221,
        "fault": 0.1919,
        "weapon": 1,
        "pilot_injury": 0.89,
        "pilot_skill": 0.8453,
        "mission_priority": 0.2969,
        "estimated_landing_time": 1510.0,
        "wait_time": 0,
        "Landing_success_rate": 1.0
    },
    {
        "model": 1,
        "sequence": 6,
        "status": 1,
        "fuel": 6421,
        "fault": 0.4167,
        "weapon": 1,
        "pilot_injury": 0.8228,
        "pilot_skill": 0.6755,
        "mission_priority": 0.0879,
        "estimated_landing_time": 570.0,
        "wait_time": 0,
        "Landing_success_rate": 1.0
    },
    {
        "model": 1,
        "sequence": 5,
        "status": 1,
        "fuel": 7446,
        "fault": 0.9255,
        "weapon": 0,
        "pilot_injury": 0.5946,
        "pilot_skill": 0.2909,
        "mission_priority": 0.2665,
        "estimated_landing_time": 476.0,
        "wait_time": 0,
        "Landing_success_rate": 1.0
    },
    {
        "model": 2,
        "sequence": 18,
        "status": 1,
        "fuel": 5584,
        "fault": 0.2601,
        "weapon": 1,
        "pilot_injury": 0.4463,
        "pilot_skill": 0.6948,
        "mission_priority": 0.0796,
        "estimated_landing_time": 1698.0,
        "wait_time": 0,
        "Landing_success_rate": 1.0
    },
    {
        "model": 1,
        "sequence": 17,
        "status": 1,
        "fuel": 6179,
        "fault": 0.1002,
        "weapon": 1,
        "pilot_injury": 0.6842,
        "pilot_skill": 0.3699,
        "mission_priority": 0.449,
        "estimated_landing_time": 1604.0,
        "wait_time": 0,
        "Landing_success_rate": 1.0
    },
    {
        "model": 0,
        "sequence": 1,
        "status": 1,
        "fuel": 7159,
        "fault": 0.6274,
        "weapon": 0,
        "pilot_injury": 0.1306,
        "pilot_skill": 0.963,
        "mission_priority": 0.6348,
        "estimated_landing_time": 100.0,
        "wait_time": 0,
        "Landing_success_rate": 1.0
    },
    {
        "model": 0,
        "sequence": 2,
        "status": 1,
        "fuel": 5947,
        "fault": 0.4958,
        "weapon": 1,
        "pilot_injury": 0.3323,
        "pilot_skill": 0.9007,
        "mission_priority": 0.0989,
        "estimated_landing_time": 194.0,
        "wait_time": 0,
        "Landing_success_rate": 1.0
    },
    {
        "model": 0,
        "sequence": 11,
        "status": 1,
        "fuel": 6865,
        "fault": 0.545,
        "weapon": 1,
        "pilot_injury": 0.9598,
        "pilot_skill": 0.6331,
        "mission_priority": 0.5542,
        "estimated_landing_time": 1040.0,
        "wait_time": 0,
        "Landing_success_rate": 1.0
    },
    {
        "model": 0,
        "sequence": 12,
        "status": 1,
        "fuel": 6398,
        "fault": 0.896,
        "weapon": 0,
        "pilot_injury": 0.7581,
        "pilot_skill": 0.3932,
        "mission_priority": 0.8264,
        "estimated_landing_time": 1134.0,
        "wait_time": 0,
        "Landing_success_rate": 1.0
    },
    {
        "model": 1,
        "sequence": 14,
        "status": 1,
        "fuel": 6341,
        "fault": 0.6219,
        "weapon": 0,
        "pilot_injury": 0.5224,
        "pilot_skill": 0.4308,
        "mission_priority": 0.6481,
        "estimated_landing_time": 1322.0,
        "wait_time": 0,
        "Landing_success_rate": 1.0
    },
    {
        "model": 2,
        "sequence": 9,
        "status": 1,
        "fuel": 5691,
        "fault": 0.4237,
        "weapon": 1,
        "pilot_injury": 0.4698,
        "pilot_skill": 0.561,
        "mission_priority": 0.1426,
        "estimated_landing_time": 852.0,
        "wait_time": 0,
        "Landing_success_rate": 1.0
    },
    {
        "model": 2,
        "sequence": 8,
        "status": 1,
        "fuel": 6690,
        "fault": 0.0812,
        "weapon": 0,
        "pilot_injury": 0.3925,
        "pilot_skill": 0.2793,
        "mission_priority": 0.9314,
        "estimated_landing_time": 758.0,
        "wait_time": 0,
        "Landing_success_rate": 1.0
    },
    {
        "model": 2,
        "sequence": 4,
        "status": 1,
        "fuel": 5616,
        "fault": 0.1334,
        "weapon": 0,
        "pilot_injury": 0.645,
        "pilot_skill": 0.8486,
        "mission_priority": 0.4016,
        "estimated_landing_time": 382.0,
        "wait_time": 0,
        "Landing_success_rate": 1.0
    },
    {
        "model": 1,
        "sequence": 7,
        "status": 1,
        "fuel": 5615,
        "fault": 0.2155,
        "weapon": 0,
        "pilot_injury": 0.8228,
        "pilot_skill": 0.5403,
        "mission_priority": 0.223,
        "estimated_landing_time": 664.0,
        "wait_time": 0,
        "Landing_success_rate": 1.0
    },
    {
        "model": 2,
        "sequence": 3,
        "status": 1,
        "fuel": 6259,
        "fault": 0.6099,
        "weapon": 0,
        "pilot_injury": 0.7836,
        "pilot_skill": 0.5751,
        "mission_priority": 0.1152,
        "estimated_landing_time": 288.0,
        "wait_time": 0,
        "Landing_success_rate": 1.0
    },
    {
        "model": 0,
        "sequence": 10,
        "status": 1,
        "fuel": 6303,
        "fault": 0.3891,
        "weapon": 1,
        "pilot_injury": 0.071,
        "pilot_skill": 0.5422,
        "mission_priority": 0.8892,
        "estimated_landing_time": 946.0,
        "wait_time": 0,
        "Landing_success_rate": 1.0
    },
    {
        "model": 1,
        "sequence": 15,
        "status": 1,
        "fuel": 6749,
        "fault": 0.3434,
        "weapon": 1,
        "pilot_injury": 0.5736,
        "pilot_skill": 0.9432,
        "mission_priority": 0.7229,
        "estimated_landing_time": 1416.0,
        "wait_time": 0,
        "Landing_success_rate": 1.0
    },
    {
        "model": 2,
        "sequence": 13,
        "status": 1,
        "fuel": 6680,
        "fault": 0.2937,
        "weapon": 1,
        "pilot_injury": 0.7989,
        "pilot_skill": 0.1366,
        "mission_priority": 0.3476,
        "estimated_landing_time": 1228.0,
        "wait_time": 0,
        "Landing_success_rate": 1.0
    }
]