[
    {
        "model": 2,
        "sequence": 7,
        "status": 1,
        "fuel": 6805,
        "fault": 0.1137,
        "weapon": 1,
        "pilot_injury": 0.5966,
        "pilot_skill": 0.6473,
        "mission_priority": 0.3735,
        "estimated_landing_time": 664.0,
        "wait_time": 0,
        "Landing_success_rate": 1.0
    },
    {
        "model": 0,
        "sequence": 6,
        "status": 1,
        "fuel": 5998,
        "fault": 0.5039,
        "weapon": 0,
        "pilot_injury": 0.4302,
        "pilot_skill": 0.407,
        "mission_priority": 0.4311,
        "estimated_landing_time": 570.0,
        "wait_time": 0,
        "Landing_success_rate": 1.0
    },
    {
        "model": 1,
        "sequence": 3,
        "status": 1,
        "fuel": 6576,
        "fault": 0.3335,
        "weapon": 0,
        "pilot_injury": 0.3152,
        "pilot_skill": 0.7339,
        "mission_priority": 0.3303,
        "estimated_landing_time": 288.0,
        "wait_time": 0,
        "Landing_success_rate": 1.0
    },
    {
        "model": 1,
        "sequence": 12,
        "status": 1,
        "fuel": 6056,
        "fault": 0.2986,
        "weapon": 0,
        "pilot_injury": 0.751,
        "pilot_skill": 0.3777,
        "mission_priority": 0.8692,
        "estimated_landing_time": 1134.0,
        "wait_time": 0,
        "Landing_success_rate": 1.0
    },
    {
        "model": 2,
        "sequence": 4,
        "status": 1,
        "fuel": 6804,
        "fault": 0.7861,
        "weapon": 0,
        "pilot_injury": 0.9982,
        "pilot_skill": 0.4825,
        "mission_priority": 0.8052,
        "estimated_landing_time": 382.0,
        "wait_time": 0,
        "Landing_success_rate": 1.0
    },
    {
        "model": 2,
        "sequence": 5,
        "status": 1,
        "fuel": 6139,
        "fault": 0.9515,
        "weapon": 0,
        "pilot_injury": 0.0849,
        "pilot_skill": 0.2712,
        "mission_priority": 0.7677,
        "estimated_landing_time": 476.0,
        "wait_time": 0,
        "Landing_success_rate": 1.0
    },
    {
        "model": 2,
        "sequence": 18,
        "status": 1,
        "fuel": 7250,
        "fault": 0.0791,
        "weapon": 1,
        "pilot_injury": 0.1662,
        "pilot_skill": 0.2812,
        "mission_priority": 0.5213,
        "estimated_landing_time": 1698.0,
        "wait_time": 0,
        "Landing_success_rate": 1.0
    },
    {
        "model": 0,
        "sequence": 16,
        "status": 1,
        "fuel": 6453,
        "fault": 0.0106,
        "weapon": 1,
        "pilot_injury": 0.0878,
        "pilot_skill": 0.1557,
        "mission_priority": 0.7689,
        "estimated_landing_time": 1510.0,
        "wait_time": 0,
        "Landing_success_rate": 1.0
    },
    {
        "model": 2,
        "sequence": 8,
        "status": 1,
        "fuel": 5884,
        "fault": 0.5518,
        "weapon": 0,
        "pilot_injury": 0.2033,
        "pilot_skill": 0.5605,
        "mission_priority": 0.3226,
        "estimated_landing_time": 758.0,
        "wait_time": 0,
        "Landing_success_rate": 1.0
    },
    {
        "model": 0,
        "sequence": 9,
        "status": 1,
        "fuel": 6634,
        "fault": 0.2485,
        "weapon": 0,
        "pilot_injury": 0.8916,
        "pilot_skill": 0.5629,
        "mission_priority": 0.3521,
        "estimated_landing_time": 852.0,
        "wait_time": 0,
        "Landing_success_rate": 1.0
    },
    {
        "model": 1,
        "sequence": 1,
        "status": 1,
        "fuel": 7122,
        "fault": 0.5429,
        "weapon": 1,
        "pilot_injury": 0.0096,
        "pilot_skill": 0.0171,
        "mission_priority": 0.4075,
        "estimated_landing_time": 100.0,
        "wait_time": 0,
        "Landing_success_rate": 1.0
    },
    {
        "model": 1,
        "sequence": 13,
        "status": 1,
        "fuel": 6296,
        "fault": 0.4882,
        "weapon": 0,
        "pilot_injury": 0.6153,
        "pilot_skill": 0.9951,
        "mission_priority": 0.1778,
        "estimated_landing_time": 1228.0,
        "wait_time": 0,
        "Landing_success_rate": 1.0
    },
    {
        "model": 1,
        "sequence": 2,
        "status": 1,
        "fuel": 7124,
        "fault": 0.0885,
        "weapon": 0,
        "pilot_injury": 0.9342,
        "pilot_skill": 0.2918,
        "mission_priority": 0.8783,
        "estimated_landing_time": 194.0,
        "wait_time": 0,
        "Landing_success_rate": 1.0
    },
    {
        "model": 2,
        "sequence": 17,
        "status": 1,
        "fuel": 6165,
        "fault": 0.5265,
        "weapon": 1,
        "pilot_injury": 0.2094,
        "pilot_skill": 0.2928,
        "mission_priority": 0.1925,
        "estimated_landing_time": 1604.0,
        "wait_time": 0,
        "Landing_success_rate": 1.0
    },
    {
        "model": 1,
        "sequence": 14,
        "status": 1,
        "fuel": 5765,
        "fault": 0.4065,
        "weapon": 0,
        "pilot_injury": 0.639,
        "pilot_skill": 0.4059,
        "mission_priority": 0.9715,
        "estimated_landing_time": 1322.0,
        "wait_time": 0,
        "Landing_success_rate": 1.0
    },
    {
        "model": 2,
        "sequence": 10,
        "status": 1,
        "fuel": 6101,
        "fault": 0.0059,
        "weapon": 1,
        "pilot_injury": 0.1966,
        "pilot_skill": 0.9046,
        "mission_priority": 0.0138,
        "estimated_landing_time": 946.0,
        "wait_time": 0,
        "Landing_success_rate": 1.0
    },
    {
        "model": 0,
        "sequence": 11,
        "status": 1,
        "fuel": 6939,
        "fault": 0.8927,
        "weapon": 0,
        "pilot_injury": 0.5251,
        "pilot_skill": 0.5534,
        "mission_priority": 0.389,
        "estimated_landing_time": 1040.0,
        "wait_time": 0,
        "Landing_success_rate": 1.0
    },
    {
        "model": 1,
        "sequence": 15,
        "status": 1,
        "fuel": 6755,
        "fault": 0.1035,
        "weapon": 1,
        "pilot_injury": 0.9617,
        "pilot_skill": 0.9791,
        "mission_priority": 0.793,
        "estimated_landing_time": 1416.0,
        "wait_time": 0,
        "Landing_success_rate": 1.0
    }
]