[
    {
        "model": 1,
        "sequence": 6,
        "status": 1,
        "fuel": 7380,
        "fault": 0.843,
        "weapon": 1,
        "pilot_injury": 0.6567,
        "pilot_skill": 0.4623,
        "mission_priority": 0.804,
        "estimated_landing_time": 570.0,
        "wait_time": 0,
        "Landing_success_rate": 1.0
    },
    {
        "model": 0,
        "sequence": 8,
        "status": 1,
        "fuel": 6798,
        "fault": 0.5942,
        "weapon": 0,
        "pilot_injury": 0.0442,
        "pilot_skill": 0.5358,
        "mission_priority": 0.7062,
        "estimated_landing_time": 758.0,
        "wait_time": 0,
        "Landing_success_rate": 1.0
    },
    {
        "model": 2,
        "sequence": 17,
        "status": 1,
        "fuel": 5933,
        "fault": 0.6859,
        "weapon": 0,
        "pilot_injury": 0.4769,
        "pilot_skill": 0.9873,
        "mission_priority": 0.7175,
        "estimated_landing_time": 1604.0,
        "wait_time": 0,
        "Landing_success_rate": 1.0
    },
    {
        "model": 0,
        "sequence": 15,
        "status": 1,
        "fuel": 6580,
        "fault": 0.27,
        "weapon": 0,
        "pilot_injury": 0.9974,
        "pilot_skill": 0.9805,
        "mission_priority": 0.5381,
        "estimated_landing_time": 1416.0,
        "wait_time": 0,
        "Landing_success_rate": 1.0
    },
    {
        "model": 1,
        "sequence": 13,
        "status": 1,
        "fuel": 6870,
        "fault": 0.7026,
        "weapon": 1,
        "pilot_injury": 0.4283,
        "pilot_skill": 0.5314,
        "mission_priority": 0.2736,
        "estimated_landing_time": 1228.0,
        "wait_time": 0,
        "Landing_success_rate": 1.0
    },
    {
        "model": 2,
        "sequence": 16,
        "status": 1,
        "fuel": 7429,
        "fault": 0.8055,
        "weapon": 0,
        "pilot_injury": 0.842,
        "pilot_skill": 0.4753,
        "mission_priority": 0.7183,
        "estimated_landing_time": 1510.0,
        "wait_time": 0,
        "Landing_success_rate": 1.0
    },
    {
        "model": 1,
        "sequence": 5,
        "status": 1,
        "fuel": 6901,
        "fault": 0.8762,
        "weapon": 1,
        "pilot_injury": 0.4984,
        "pilot_skill": 0.3671,
        "mission_priority": 0.8816,
        "estimated_landing_time": 476.0,
        "wait_time": 0,
        "Landing_success_rate": 1.0
    },
    {
        "model": 1,
        "sequence": 14,
        "status": 1,
        "fuel": 6577,
        "fault": 0.9776,
        "weapon": 0,
        "pilot_injury": 0.1944,
        "pilot_skill": 0.8611,
        "mission_priority": 0.2535,
        "estimated_landing_time": 1322.0,
        "wait_time": 0,
        "Landing_success_rate": 1.0
    },
    {
        "model": 0,
        "sequence": 9,
        "status": 1,
        "fuel": 6951,
        "fault": 0.0961,
        "weapon": 1,
        "pilot_injury": 0.4049,
        "pilot_skill": 0.8994,
        "mission_priority": 0.1661,
        "estimated_landing_time": 852.0,
        "wait_time": 0,
        "Landing_success_rate": 1.0
    },
    {
        "model": 1,
        "sequence": 3,
        "status": 1,
        "fuel": 6399,
        "fault": 0.8973,
        "weapon": 1,
        "pilot_injury": 0.4157,
        "pilot_skill": 0.5406,
        "mission_priority": 0.5773,
        "estimated_landing_time": 288.0,
        "wait_time": 0,
        "Landing_success_rate": 1.0
    },
    {
        "model": 0,
        "sequence": 18,
        "status": 1,
        "fuel": 7252,
        "fault": 0.8206,
        "weapon": 0,
        "pilot_injury": 0.2718,
        "pilot_skill": 0.4014,
        "mission_priority": 0.0373,
        "estimated_landing_time": 1698.0,
        "wait_time": 0,
        "Landing_success_rate": 1.0
    },
    {
        "model": 0,
        "sequence": 11,
        "status": 1,
        "fuel": 5948,
        "fault": 0.7742,
        "weapon": 0,
        "pilot_injury": 0.1992,
        "pilot_skill": 0.2014,
        "mission_priority": 0.042,
        "estimated_landing_time": 1040.0,
        "wait_time": 0,
        "Landing_success_rate": 1.0
    },
    {
        "model": 1,
        "sequence": 12,
        "status": 1,
        "fuel": 6258,
        "fault": 0.9832,
        "weapon": 0,
        "pilot_injury": 0.3607,
        "pilot_skill": 0.4819,
        "mission_priority": 0.292,
        "estimated_landing_time": 1134.0,
        "wait_time": 0,
        "Landing_success_rate": 1.0
    },
    {
        "model": 0,
        "sequence": 7,
        "status": 1,
        "fuel": 6289,
        "fault": 0.4899,
        "weapon": 1,
        "pilot_injury": 0.4474,
        "pilot_skill": 0.8736,
        "mission_priority": 0.517,
        "estimated_landing_time": 664.0,
        "wait_time": 0,
        "Landing_success_rate": 1.0
    },
    {
        "model": 0,
        "sequence": 10,
        "status": 1,
        "fuel": 5579,
        "fault": 0.0322,
        "weapon": 1,
        "pilot_injury": 0.4622,
        "pilot_skill": 0.9357,
        "mission_priority": 0.3919,
        "estimated_landing_time": 946.0,
        "wait_time": 0,
        "Landing_success_rate": 1.0
    },
    {
        "model": 1,
        "sequence": 1,
        "status": 1,
        "fuel": 6916,
        "fault": 0.1978,
        "weapon": 0,
        "pilot_injury": 0.527,
        "pilot_skill": 0.3744,
        "mission_priority": 0.9898,
        "estimated_landing_time": 100.0,
        "wait_time": 0,
        "Landing_success_rate": 1.0
    },
    {
        "model": 2,
        "sequence": 4,
        "status": 1,
        "fuel": 7427,
        "fault": 0.5866,
        "weapon": 1,
        "pilot_injury": 0.8644,
        "pilot_skill": 0.0034,
        "mission_priority": 0.2013,
        "estimated_landing_time": 382.0,
        "wait_time": 0,
        "Landing_success_rate": 1.0
    },
    {
        "model": 0,
        "sequence": 2,
        "status": 1,
        "fuel": 6454,
        "fault": 0.0036,
        "weapon": 1,
        "pilot_injury": 0.9858,
        "pilot_skill": 0.4642,
        "mission_priority": 0.5974,
        "estimated_landing_time": 194.0,
        "wait_time": 0,
        "Landing_success_rate": 1.0
    }
]