[
    {
        "model": 2,
        "sequence": 12,
        "status": 1,
        "fuel": 5573,
        "fault": 0.9972,
        "weapon": 0,
        "pilot_injury": 0.9159,
        "pilot_skill": 0.8352,
        "mission_priority": 0.1823,
        "estimated_landing_time": 1134.0,
        "wait_time": 0,
        "Landing_success_rate": 1.0
    },
    {
        "model": 0,
        "sequence": 9,
        "status": 1,
        "fuel": 6802,
        "fault": 0.8216,
        "weapon": 1,
        "pilot_injury": 0.2907,
        "pilot_skill": 0.9201,
        "mission_priority": 0.9111,
        "estimated_landing_time": 852.0,
        "wait_time": 0,
        "Landing_success_rate": 1.0
    },
    {
        "model": 0,
        "sequence": 11,
        "status": 1,
        "fuel": 6232,
        "fault": 0.0882,
        "weapon": 0,
        "pilot_injury": 0.2931,
        "pilot_skill": 0.5818,
        "mission_priority": 0.8769,
        "estimated_landing_time": 1040.0,
        "wait_time": 0,
        "Landing_success_rate": 1.0
    },
    {
        "model": 1,
        "sequence": 4,
        "status": 1,
        "fuel": 5631,
        "fault": 0.3397,
        "weapon": 1,
        "pilot_injury": 0.2717,
        "pilot_skill": 0.0149,
        "mission_priority": 0.7884,
        "estimated_landing_time": 382.0,
        "wait_time": 0,
        "Landing_success_rate": 1.0
    },
    {
        "model": 0,
        "sequence": 2,
        "status": 1,
        "fuel": 6761,
        "fault": 0.3096,
        "weapon": 1,
        "pilot_injury": 0.1512,
        "pilot_skill": 0.1446,
        "mission_priority": 0.4639,
        "estimated_landing_time": 194.0,
        "wait_time": 0,
        "Landing_success_rate": 1.0
    },
    {
        "model": 2,
        "sequence": 17,
        "status": 1,
        "fuel": 6958,
        "fault": 0.7077,
        "weapon": 1,
        "pilot_injury": 0.3849,
        "pilot_skill": 0.2109,
        "mission_priority": 0.7512,
        "estimated_landing_time": 1604.0,
        "wait_time": 0,
        "Landing_success_rate": 1.0
    },
    {
        "model": 0,
        "sequence": 7,
        "status": 1,
        "fuel": 7400,
        "fault": 0.7341,
        "weapon": 1,
        "pilot_injury": 0.5614,
        "pilot_skill": 0.832,
        "mission_priority": 0.0048,
        "estimated_landing_time": 664.0,
        "wait_time": 0,
        "Landing_success_rate": 1.0
    },
    {
        "model": 0,
        "sequence": 18,
        "status": 1,
        "fuel": 5901,
        "fault": 0.8686,
        "weapon": 1,
        "pilot_injury": 0.9501,
        "pilot_skill": 0.7027,
        "mission_priority": 0.3202,
        "estimated_landing_time": 1698.0,
        "wait_time": 0,
        "Landing_success_rate": 1.0
    },
    {
        "model": 2,
        "sequence": 14,
        "status": 1,
        "fuel": 5708,
        "fault": 0.4494,
        "weapon": 1,
        "pilot_injury": 0.9028,
        "pilot_skill": 0.8916,
        "mission_priority": 0.8087,
        "estimated_landing_time": 1322.0,
        "wait_time": 0,
        "Landing_success_rate": 1.0
    },
    {
        "model": 0,
        "sequence": 15,
        "status": 1,
        "fuel": 6787,
        "fault": 0.9959,
        "weapon": 1,
        "pilot_injury": 0.0282,
        "pilot_skill": 0.0868,
        "mission_priority": 0.6496,
        "estimated_landing_time": 1416.0,
        "wait_time": 0,
        "Landing_success_rate": 1.0
    },
    {
        "model": 0,
        "sequence": 3,
        "status": 1,
        "fuel": 6151,
        "fault": 0.3718,
        "weapon": 0,
        "pilot_injury": 0.2311,
        "pilot_skill": 0.6494,
        "mission_priority": 0.2428,
        "estimated_landing_time": 288.0,
        "wait_time": 0,
        "Landing_success_rate": 1.0
    },
    {
        "model": 0,
        "sequence": 13,
        "status": 1,
        "fuel": 6460,
        "fault": 0.7776,
        "weapon": 1,
        "pilot_injury": 0.1777,
        "pilot_skill": 0.8762,
        "mission_priority": 0.5258,
        "estimated_landing_time": 1228.0,
        "wait_time": 0,
        "Landing_success_rate": 1.0
    },
    {
        "model": 0,
        "sequence": 16,
        "status": 1,
        "fuel": 6173,
        "fault": 0.3421,
        "weapon": 1,
        "pilot_injury": 0.1723,
        "pilot_skill": 0.018,
        "mission_priority": 0.0939,
        "estimated_landing_time": 1510.0,
        "wait_time": 0,
        "Landing_success_rate": 1.0
    },
    {
        "model": 1,
        "sequence": 10,
        "status": 1,
        "fuel": 6070,
        "fault": 0.5347,
        "weapon": 1,
        "pilot_injury": 0.8969,
        "pilot_skill": 0.9114,
        "mission_priority": 0.9374,
        "estimated_landing_time": 946.0,
        "wait_time": 0,
        "Landing_success_rate": 1.0
    },
    {
        "model": 1,
        "sequence": 8,
        "status": 1,
        "fuel": 5648,
        "fault": 0.6814,
        "weapon": 1,
        "pilot_injury": 0.53,
        "pilot_skill": 0.1308,
        "mission_priority": 0.1371,
        "estimated_landing_time": 758.0,
        "wait_time": 0,
        "Landing_success_rate": 1.0
    },
    {
        "model": 2,
        "sequence": 1,
        "status": 1,
        "fuel": 6959,
        "fault": 0.4938,
        "weapon": 1,
        "pilot_injury": 0.7847,
        "pilot_skill": 0.8346,
        "mission_priority": 0.2766,
        "estimated_landing_time": 100.0,
        "wait_time": 0,
        "Landing_success_rate": 1.0
    },
    {
        "model": 0,
        "sequence": 5,
        "status": 1,
        "fuel": 7103,
        "fault": 0.6698,
        "weapon": 1,
        "pilot_injury": 0.9953,
        "pilot_skill": 0.9492,
        "mission_priority": 0.5985,
        "estimated_landing_time": 476.0,
        "wait_time": 0,
        "Landing_success_rate": 1.0
    },
    {
        "model": 2,
        "sequence": 6,
        "status": 1,
        "fuel": 6810,
        "fault": 0.4552,
        "weapon": 1,
        "pilot_injury": 0.3638,
        "pilot_skill": 0.8732,
        "mission_priority": 0.1706,
        "estimated_landing_time": 570.0,
        "wait_time": 0,
        "Landing_success_rate": 1.0
    }
]