[
    {
        "model": 2,
        "sequence": 4,
        "status": 1,
        "fuel": 6160,
        "fault": 0.9316,
        "weapon": 1,
        "pilot_injury": 0.2543,
        "pilot_skill": 0.7725,
        "mission_priority": 0.2655,
        "estimated_landing_time": 382.0,
        "wait_time": 0,
        "Landing_success_rate": 1.0
    },
    {
        "model": 2,
        "sequence": 9,
        "status": 1,
        "fuel": 7172,
        "fault": 0.5737,
        "weapon": 0,
        "pilot_injury": 0.0193,
        "pilot_skill": 0.9654,
        "mission_priority": 0.1493,
        "estimated_landing_time": 852.0,
        "wait_time": 0,
        "Landing_success_rate": 1.0
    },
    {
        "model": 2,
        "sequence": 16,
        "status": 1,
        "fuel": 5929,
        "fault": 0.575,
        "weapon": 0,
        "pilot_injury": 0.3507,
        "pilot_skill": 0.2168,
        "mission_priority": 0.5855,
        "estimated_landing_time": 1510.0,
        "wait_time": 0,
        "Landing_success_rate": 1.0
    },
    {
        "model": 1,
        "sequence": 15,
        "status": 1,
        "fuel": 6072,
        "fault": 0.5134,
        "weapon": 1,
        "pilot_injury": 0.0156,
        "pilot_skill": 0.0644,
        "mission_priority": 0.0997,
        "estimated_landing_time": 1416.0,
        "wait_time": 0,
        "Landing_success_rate": 1.0
    },
    {
        "model": 0,
        "sequence": 5,
        "status": 1,
        "fuel": 6398,
        "fault": 0.4887,
        "weapon": 0,
        "pilot_injury": 0.8882,
        "pilot_skill": 0.2448,
        "mission_priority": 0.5744,
        "estimated_landing_time": 476.0,
        "wait_time": 0,
        "Landing_success_rate": 1.0
    },
    {
        "model": 0,
        "sequence": 1,
        "status": 1,
        "fuel": 5857,
        "fault": 0.5939,
        "weapon": 0,
        "pilot_injury": 0.409,
        "pilot_skill": 0.524,
        "mission_priority": 0.1349,
        "estimated_landing_time": 100.0,
        "wait_time": 0,
        "Landing_success_rate": 1.0
    },
    {
        "model": 0,
        "sequence": 14,
        "status": 1,
        "fuel": 7188,
        "fault": 0.4321,
        "weapon": 1,
        "pilot_injury": 0.6269,
        "pilot_skill": 0.0736,
        "mission_priority": 0.1897,
        "estimated_landing_time": 1322.0,
        "wait_time": 0,
        "Landing_success_rate": 1.0
    },
    {
        "model": 2,
        "sequence": 17,
        "status": 1,
        "fuel": 7434,
        "fault": 0.934,
        "weapon": 1,
        "pilot_injury": 0.1917,
        "pilot_skill": 0.9113,
        "mission_priority": 0.0193,
        "estimated_landing_time": 1604.0,
        "wait_time": 0,
        "Landing_success_rate": 1.0
    },
    {
        "model": 0,
        "sequence": 7,
        "status": 1,
        "fuel": 5635,
        "fault": 0.2654,
        "weapon": 1,
        "pilot_injury": 0.6726,
        "pilot_skill": 0.5887,
        "mission_priority": 0.2235,
        "estimated_landing_time": 664.0,
        "wait_time": 0,
        "Landing_success_rate": 1.0
    },
    {
        "model": 1,
        "sequence": 2,
        "status": 1,
        "fuel": 5632,
        "fault": 0.5621,
        "weapon": 0,
        "pilot_injury": 0.8225,
        "pilot_skill": 0.406,
        "mission_priority": 0.9847,
        "estimated_landing_time": 194.0,
        "wait_time": 0,
        "Landing_success_rate": 1.0
    },
    {
        "model": 2,
        "sequence": 13,
        "status": 1,
        "fuel": 6129,
        "fault": 0.1462,
        "weapon": 1,
        "pilot_injury": 0.5143,
        "pilot_skill": 0.4737,
        "mission_priority": 0.7555,
        "estimated_landing_time": 1228.0,
        "wait_time": 0,
        "Landing_success_rate": 1.0
    },
    {
        "model": 2,
        "sequence": 3,
        "status": 1,
        "fuel": 6710,
        "fault": 0.2999,
        "weapon": 0,
        "pilot_injury": 0.3246,
        "pilot_skill": 0.7987,
        "mission_priority": 0.2106,
        "estimated_landing_time": 288.0,
        "wait_time": 0,
        "Landing_success_rate": 1.0
    },
    {
        "model": 0,
        "sequence": 11,
        "status": 1,
        "fuel": 6179,
        "fault": 0.2753,
        "weapon": 0,
        "pilot_injury": 0.3474,
        "pilot_skill": 0.9314,
        "mission_priority": 0.1461,
        "estimated_landing_time": 1040.0,
        "wait_time": 0,
        "Landing_success_rate": 1.0
    },
    {
        "model": 2,
        "sequence": 18,
        "status": 1,
        "fuel": 7146,
        "fault": 0.3302,
        "weapon": 0,
        "pilot_injury": 0.1207,
        "pilot_skill": 0.326,
        "mission_priority": 0.563,
        "estimated_landing_time": 1698.0,
        "wait_time": 0,
        "Landing_success_rate": 1.0
    },
    {
        "model": 2,
        "sequence": 6,
        "status": 1,
        "fuel": 6076,
        "fault": 0.8006,
        "weapon": 0,
        "pilot_injury": 0.9702,
        "pilot_skill": 0.7296,
        "mission_priority": 0.2502,
        "estimated_landing_time": 570.0,
        "wait_time": 0,
        "Landing_success_rate": 1.0
    },
    {
        "model": 0,
        "sequence": 12,
        "status": 1,
        "fuel": 6241,
        "fault": 0.7478,
        "weapon": 1,
        "pilot_injury": 0.1092,
        "pilot_skill": 0.1782,
        "mission_priority": 0.0413,
        "estimated_landing_time": 1134.0,
        "wait_time": 0,
        "Landing_success_rate": 1.0
    },
    {
        "model": 1,
        "sequence": 8,
        "status": 1,
        "fuel": 6011,
        "fault": 0.3913,
        "weapon": 1,
        "pilot_injury": 0.3167,
        "pilot_skill": 0.1263,
        "mission_priority": 0.484,
        "estimated_landing_time": 758.0,
        "wait_time": 0,
        "Landing_success_rate": 1.0
    },
    {
        "model": 1,
        "sequence": 10,
        "status": 1,
        "fuel": 7302,
        "fault": 0.5627,
        "weapon": 1,
        "pilot_injury": 0.9699,
        "pilot_skill": 0.4349,
        "mission_priority": 0.406,
        "estimated_landing_time": 946.0,
        "wait_time": 0,
        "Landing_success_rate": 1.0
    }
]