[
    {
        "model": 1,
        "sequence": 17,
        "status": 1,
        "fuel": 5659,
        "fault": 0.5982,
        "weapon": 0,
        "pilot_injury": 0.0909,
        "pilot_skill": 0.5148,
        "mission_priority": 0.0639,
        "estimated_landing_time": 1604.0,
        "wait_time": 0,
        "Landing_success_rate": 1.0
    },
    {
        "model": 2,
        "sequence": 10,
        "status": 1,
        "fuel": 6352,
        "fault": 0.7379,
        "weapon": 0,
        "pilot_injury": 0.5561,
        "pilot_skill": 0.4047,
        "mission_priority": 0.429,
        "estimated_landing_time": 946.0,
        "wait_time": 0,
        "Landing_success_rate": 1.0
    },
    {
        "model": 2,
        "sequence": 11,
        "status": 1,
        "fuel": 5965,
        "fault": 0.2303,
        "weapon": 1,
        "pilot_injury": 0.9533,
        "pilot_skill": 0.8505,
        "mission_priority": 0.1452,
        "estimated_landing_time": 1040.0,
        "wait_time": 0,
        "Landing_success_rate": 1.0
    },
    {
        "model": 0,
        "sequence": 13,
        "status": 1,
        "fuel": 7214,
        "fault": 0.6123,
        "weapon": 0,
        "pilot_injury": 0.5267,
        "pilot_skill": 0.5378,
        "mission_priority": 0.7807,
        "estimated_landing_time": 1228.0,
        "wait_time": 0,
        "Landing_success_rate": 1.0
    },
    {
        "model": 1,
        "sequence": 6,
        "status": 1,
        "fuel": 6774,
        "fault": 0.0997,
        "weapon": 1,
        "pilot_injury": 0.9687,
        "pilot_skill": 0.6721,
        "mission_priority": 0.1537,
        "estimated_landing_time": 570.0,
        "wait_time": 0,
        "Landing_success_rate": 1.0
    },
    {
        "model": 2,
        "sequence": 9,
        "status": 1,
        "fuel": 7018,
        "fault": 0.4233,
        "weapon": 1,
        "pilot_injury": 0.7667,
        "pilot_skill": 0.2954,
        "mission_priority": 0.0214,
        "estimated_landing_time": 852.0,
        "wait_time": 0,
        "Landing_success_rate": 1.0
    },
    {
        "model": 1,
        "sequence": 12,
        "status": 1,
        "fuel": 5789,
        "fault": 0.9056,
        "weapon": 1,
        "pilot_injury": 0.0096,
        "pilot_skill": 0.2371,
        "mission_priority": 0.235,
        "estimated_landing_time": 1134.0,
        "wait_time": 0,
        "Landing_success_rate": 1.0
    },
    {
        "model": 1,
        "sequence": 4,
        "status": 1,
        "fuel": 5817,
        "fault": 0.9726,
        "weapon": 0,
        "pilot_injury": 0.8792,
        "pilot_skill": 0.4569,
        "mission_priority": 0.4109,
        "estimated_landing_time": 382.0,
        "wait_time": 0,
        "Landing_success_rate": 1.0
    },
    {
        "model": 0,
        "sequence": 15,
        "status": 1,
        "fuel": 6342,
        "fault": 0.606,
        "weapon": 0,
        "pilot_injury": 0.0522,
        "pilot_skill": 0.9392,
        "mission_priority": 0.1867,
        "estimated_landing_time": 1416.0,
        "wait_time": 0,
        "Landing_success_rate": 1.0
    },
    {
        "model": 1,
        "sequence": 18,
        "status": 1,
        "fuel": 6499,
        "fault": 0.1129,
        "weapon": 1,
        "pilot_injury": 0.4916,
        "pilot_skill": 0.0184,
        "mission_priority": 0.148,
        "estimated_landing_time": 1698.0,
        "wait_time": 0,
        "Landing_success_rate": 1.0
    },
    {
        "model": 1,
        "sequence": 8,
        "status": 1,
        "fuel": 5786,
        "fault": 0.5795,
        "weapon": 1,
        "pilot_injury": 0.2284,
        "pilot_skill": 0.423,
        "mission_priority": 0.5573,
        "estimated_landing_time": 758.0,
        "wait_time": 0,
        "Landing_success_rate": 1.0
    },
    {
        "model": 1,
        "sequence": 2,
        "status": 1,
        "fuel": 6568,
        "fault": 0.7462,
        "weapon": 1,
        "pilot_injury": 0.1336,
        "pilot_skill": 0.4893,
        "mission_priority": 0.7467,
        "estimated_landing_time": 194.0,
        "wait_time": 0,
        "Landing_success_rate": 1.0
    },
    {
        "model": 2,
        "sequence": 14,
        "status": 1,
        "fuel": 6735,
        "fault": 0.9902,
        "weapon": 0,
        "pilot_injury": 0.0178,
        "pilot_skill": 0.0336,
        "mission_priority": 0.483,
        "estimated_landing_time": 1322.0,
        "wait_time": 0,
        "Landing_success_rate": 1.0
    },
    {
        "model": 0,
        "sequence": 3,
        "status": 1,
        "fuel": 5622,
        "fault": 0.8536,
        "weapon": 1,
        "pilot_injury": 0.6022,
        "pilot_skill": 0.4539,
        "mission_priority": 0.4079,
        "estimated_landing_time": 288.0,
        "wait_time": 0,
        "Landing_success_rate": 1.0
    },
    {
        "model": 0,
        "sequence": 1,
        "status": 1,
        "fuel": 6229,
        "fault": 0.6093,
        "weapon": 1,
        "pilot_injury": 0.8928,
        "pilot_skill": 0.9983,
        "mission_priority": 0.1815,
        "estimated_landing_time": 100.0,
        "wait_time": 0,
        "Landing_success_rate": 1.0
    },
    {
        "model": 1,
        "sequence": 7,
        "status": 1,
        "fuel": 6270,
        "fault": 0.022,
        "weapon": 0,
        "pilot_injury": 0.661,
        "pilot_skill": 0.6614,
        "mission_priority": 0.8479,
        "estimated_landing_time": 664.0,
        "wait_time": 0,
        "Landing_success_rate": 1.0
    },
    {
        "model": 1,
        "sequence": 16,
        "status": 1,
        "fuel": 5946,
        "fault": 0.705,
        "weapon": 0,
        "pilot_injury": 0.6129,
        "pilot_skill": 0.6883,
        "mission_priority": 0.5127,
        "estimated_landing_time": 1510.0,
        "wait_time": 0,
        "Landing_success_rate": 1.0
    },
    {
        "model": 2,
        "sequence": 5,
        "status": 1,
        "fuel": 6346,
        "fault": 0.4541,
        "weapon": 0,
        "pilot_injury": 0.5575,
        "pilot_skill": 0.6439,
        "mission_priority": 0.6129,
        "estimated_landing_time": 476.0,
        "wait_time": 0,
        "Landing_success_rate": 1.0
    }
]