[
    {
        "model": 0,
        "sequence": 2,
        "status": 1,
        "fuel": 7453,
        "fault": 0.7709,
        "weapon": 1,
        "pilot_injury": 0.6816,
        "pilot_skill": 0.0856,
        "mission_priority": 0.1786,
        "estimated_landing_time": 194.0,
        "wait_time": 0,
        "Landing_success_rate": 1.0
    },
    {
        "model": 0,
        "sequence": 4,
        "status": 1,
        "fuel": 6230,
        "fault": 0.9174,
        "weapon": 0,
        "pilot_injury": 0.9657,
        "pilot_skill": 0.9707,
        "mission_priority": 0.8512,
        "estimated_landing_time": 382.0,
        "wait_time": 0,
        "Landing_success_rate": 1.0
    },
    {
        "model": 0,
        "sequence": 16,
        "status": 1,
        "fuel": 6988,
        "fault": 0.6315,
        "weapon": 1,
        "pilot_injury": 0.6893,
        "pilot_skill": 0.3929,
        "mission_priority": 0.7017,
        "estimated_landing_time": 1510.0,
        "wait_time": 0,
        "Landing_success_rate": 1.0
    },
    {
        "model": 1,
        "sequence": 7,
        "status": 1,
        "fuel": 6891,
        "fault": 0.2523,
        "weapon": 1,
        "pilot_injury": 0.8297,
        "pilot_skill": 0.6456,
        "mission_priority": 0.3642,
        "estimated_landing_time": 664.0,
        "wait_time": 0,
        "Landing_success_rate": 1.0
    },
    {
        "model": 2,
        "sequence": 13,
        "status": 1,
        "fuel": 5581,
        "fault": 0.9361,
        "weapon": 0,
        "pilot_injury": 0.6316,
        "pilot_skill": 0.3981,
        "mission_priority": 0.1203,
        "estimated_landing_time": 1228.0,
        "wait_time": 0,
        "Landing_success_rate": 1.0
    },
    {
        "model": 0,
        "sequence": 18,
        "status": 1,
        "fuel": 6920,
        "fault": 0.3214,
        "weapon": 1,
        "pilot_injury": 0.4374,
        "pilot_skill": 0.4718,
        "mission_priority": 0.4986,
        "estimated_landing_time": 1698.0,
        "wait_time": 0,
        "Landing_success_rate": 1.0
    },
    {
        "model": 2,
        "sequence": 12,
        "status": 1,
        "fuel": 6582,
        "fault": 0.2758,
        "weapon": 1,
        "pilot_injury": 0.6937,
        "pilot_skill": 0.3894,
        "mission_priority": 0.0291,
        "estimated_landing_time": 1134.0,
        "wait_time": 0,
        "Landing_success_rate": 1.0
    },
    {
        "model": 0,
        "sequence": 5,
        "status": 1,
        "fuel": 6947,
        "fault": 0.3792,
        "weapon": 0,
        "pilot_injury": 0.9492,
        "pilot_skill": 0.9437,
        "mission_priority": 0.8152,
        "estimated_landing_time": 476.0,
        "wait_time": 0,
        "Landing_success_rate": 1.0
    },
    {
        "model": 2,
        "sequence": 1,
        "status": 1,
        "fuel": 7488,
        "fault": 0.4444,
        "weapon": 0,
        "pilot_injury": 0.6005,
        "pilot_skill": 0.1344,
        "mission_priority": 0.3912,
        "estimated_landing_time": 100.0,
        "wait_time": 0,
        "Landing_success_rate": 1.0
    },
    {
        "model": 0,
        "sequence": 17,
        "status": 1,
        "fuel": 5639,
        "fault": 0.303,
        "weapon": 1,
        "pilot_injury": 0.8678,
        "pilot_skill": 0.0932,
        "mission_priority": 0.3342,
        "estimated_landing_time": 1604.0,
        "wait_time": 0,
        "Landing_success_rate": 1.0
    },
    {
        "model": 1,
        "sequence": 10,
        "status": 1,
        "fuel": 6458,
        "fault": 0.879,
        "weapon": 1,
        "pilot_injury": 0.1191,
        "pilot_skill": 0.1932,
        "mission_priority": 0.8378,
        "estimated_landing_time": 946.0,
        "wait_time": 0,
        "Landing_success_rate": 1.0
    },
    {
        "model": 1,
        "sequence": 14,
        "status": 1,
        "fuel": 6776,
        "fault": 0.0404,
        "weapon": 0,
        "pilot_injury": 0.0102,
        "pilot_skill": 0.6956,
        "mission_priority": 0.6203,
        "estimated_landing_time": 1322.0,
        "wait_time": 0,
        "Landing_success_rate": 1.0
    },
    {
        "model": 1,
        "sequence": 8,
        "status": 1,
        "fuel": 7209,
        "fault": 0.8131,
        "weapon": 0,
        "pilot_injury": 0.2083,
        "pilot_skill": 0.7203,
        "mission_priority": 0.8111,
        "estimated_landing_time": 758.0,
        "wait_time": 0,
        "Landing_success_rate": 1.0
    },
    {
        "model": 0,
        "sequence": 11,
        "status": 1,
        "fuel": 6345,
        "fault": 0.1721,
        "weapon": 1,
        "pilot_injury": 0.2487,
        "pilot_skill": 0.1681,
        "mission_priority": 0.7343,
        "estimated_landing_time": 1040.0,
        "wait_time": 0,
        "Landing_success_rate": 1.0
    },
    {
        "model": 2,
        "sequence": 6,
        "status": 1,
        "fuel": 5655,
        "fault": 0.1229,
        "weapon": 1,
        "pilot_injury": 0.31,
        "pilot_skill": 0.9667,
        "mission_priority": 0.8487,
        "estimated_landing_time": 570.0,
        "wait_time": 0,
        "Landing_success_rate": 1.0
    },
    {
        "model": 0,
        "sequence": 15,
        "status": 1,
        "fuel": 5650,
        "fault": 0.5894,
        "weapon": 1,
        "pilot_injury": 0.6238,
        "pilot_skill": 0.3768,
        "mission_priority": 0.0777,
        "estimated_landing_time": 1416.0,
        "wait_time": 0,
        "Landing_success_rate": 1.0
    },
    {
        "model": 1,
        "sequence": 9,
        "status": 1,
        "fuel": 6134,
        "fault": 0.6469,
        "weapon": 1,
        "pilot_injury": 0.2871,
        "pilot_skill": 0.848,
        "mission_priority": 0.1511,
        "estimated_landing_time": 852.0,
        "wait_time": 0,
        "Landing_success_rate": 1.0
    },
    {
        "model": 0,
        "sequence": 3,
        "status": 1,
        "fuel": 6549,
        "fault": 0.2669,
        "weapon": 0,
        "pilot_injury": 0.4048,
        "pilot_skill": 0.0397,
        "mission_priority": 0.2725,
        "estimated_landing_time": 288.0,
        "wait_time": 0,
        "Landing_success_rate": 1.0
    }
]