[
    {
        "model": 2,
        "sequence": 2,
        "status": 1,
        "fuel": 6239,
        "fault": 0.6711,
        "weapon": 1,
        "pilot_injury": 0.7001,
        "pilot_skill": 0.9968,
        "mission_priority": 0.0336,
        "estimated_landing_time": 194.0,
        "wait_time": 0,
        "Landing_success_rate": 1.0
    },
    {
        "model": 0,
        "sequence": 3,
        "status": 1,
        "fuel": 7141,
        "fault": 0.5867,
        "weapon": 0,
        "pilot_injury": 0.743,
        "pilot_skill": 0.1364,
        "mission_priority": 0.6225,
        "estimated_landing_time": 288.0,
        "wait_time": 0,
        "Landing_success_rate": 1.0
    },
    {
        "model": 2,
        "sequence": 1,
        "status": 1,
        "fuel": 5565,
        "fault": 0.4573,
        "weapon": 1,
        "pilot_injury": 0.324,
        "pilot_skill": 0.8642,
        "mission_priority": 0.7756,
        "estimated_landing_time": 100.0,
        "wait_time": 0,
        "Landing_success_rate": 1.0
    },
    {
        "model": 2,
        "sequence": 6,
        "status": 1,
        "fuel": 7107,
        "fault": 0.5746,
        "weapon": 0,
        "pilot_injury": 0.3477,
        "pilot_skill": 0.4122,
        "mission_priority": 0.932,
        "estimated_landing_time": 570.0,
        "wait_time": 0,
        "Landing_success_rate": 1.0
    },
    {
        "model": 1,
        "sequence": 16,
        "status": 1,
        "fuel": 6601,
        "fault": 0.0493,
        "weapon": 1,
        "pilot_injury": 0.5053,
        "pilot_skill": 0.8856,
        "mission_priority": 0.702,
        "estimated_landing_time": 1510.0,
        "wait_time": 0,
        "Landing_success_rate": 1.0
    },
    {
        "model": 2,
        "sequence": 4,
        "status": 1,
        "fuel": 6191,
        "fault": 0.8399,
        "weapon": 0,
        "pilot_injury": 0.8403,
        "pilot_skill": 0.2544,
        "mission_priority": 0.9074,
        "estimated_landing_time": 382.0,
        "wait_time": 0,
        "Landing_success_rate": 1.0
    },
    {
        "model": 1,
        "sequence": 10,
        "status": 1,
        "fuel": 7046,
        "fault": 0.5082,
        "weapon": 0,
        "pilot_injury": 0.9822,
        "pilot_skill": 0.862,
        "mission_priority": 0.772,
        "estimated_landing_time": 946.0,
        "wait_time": 0,
        "Landing_success_rate": 1.0
    },
    {
        "model": 1,
        "sequence": 17,
        "status": 1,
        "fuel": 5755,
        "fault": 0.3605,
        "weapon": 0,
        "pilot_injury": 0.743,
        "pilot_skill": 0.6052,
        "mission_priority": 0.9218,
        "estimated_landing_time": 1604.0,
        "wait_time": 0,
        "Landing_success_rate": 1.0
    },
    {
        "model": 2,
        "sequence": 5,
        "status": 1,
        "fuel": 6793,
        "fault": 0.8717,
        "weapon": 1,
        "pilot_injury": 0.5637,
        "pilot_skill": 0.0567,
        "mission_priority": 0.664,
        "estimated_landing_time": 476.0,
        "wait_time": 0,
        "Landing_success_rate": 1.0
    },
    {
        "model": 1,
        "sequence": 13,
        "status": 1,
        "fuel": 7048,
        "fault": 0.594,
        "weapon": 1,
        "pilot_injury": 0.4095,
        "pilot_skill": 0.4659,
        "mission_priority": 0.1705,
        "estimated_landing_time": 1228.0,
        "wait_time": 0,
        "Landing_success_rate": 1.0
    },
    {
        "model": 1,
        "sequence": 7,
        "status": 1,
        "fuel": 7086,
        "fault": 0.6996,
        "weapon": 0,
        "pilot_injury": 0.7595,
        "pilot_skill": 0.8742,
        "mission_priority": 0.0975,
        "estimated_landing_time": 664.0,
        "wait_time": 0,
        "Landing_success_rate": 1.0
    },
    {
        "model": 2,
        "sequence": 18,
        "status": 1,
        "fuel": 5909,
        "fault": 0.5827,
        "weapon": 1,
        "pilot_injury": 0.3746,
        "pilot_skill": 0.9334,
        "mission_priority": 0.3521,
        "estimated_landing_time": 1698.0,
        "wait_time": 0,
        "Landing_success_rate": 1.0
    },
    {
        "model": 2,
        "sequence": 14,
        "status": 1,
        "fuel": 7446,
        "fault": 0.6826,
        "weapon": 0,
        "pilot_injury": 0.96,
        "pilot_skill": 0.4565,
        "mission_priority": 0.5704,
        "estimated_landing_time": 1322.0,
        "wait_time": 0,
        "Landing_success_rate": 1.0
    },
    {
        "model": 0,
        "sequence": 11,
        "status": 1,
        "fuel": 6250,
        "fault": 0.7508,
        "weapon": 1,
        "pilot_injury": 0.8104,
        "pilot_skill": 0.0285,
        "mission_priority": 0.6902,
        "estimated_landing_time": 1040.0,
        "wait_time": 0,
        "Landing_success_rate": 1.0
    },
    {
        "model": 0,
        "sequence": 15,
        "status": 1,
        "fuel": 6348,
        "fault": 0.4508,
        "weapon": 1,
        "pilot_injury": 0.1659,
        "pilot_skill": 0.6592,
        "mission_priority": 0.3121,
        "estimated_landing_time": 1416.0,
        "wait_time": 0,
        "Landing_success_rate": 1.0
    },
    {
        "model": 1,
        "sequence": 12,
        "status": 1,
        "fuel": 5803,
        "fault": 0.0945,
        "weapon": 0,
        "pilot_injury": 0.7665,
        "pilot_skill": 0.8827,
        "mission_priority": 0.8198,
        "estimated_landing_time": 1134.0,
        "wait_time": 0,
        "Landing_success_rate": 1.0
    },
    {
        "model": 1,
        "sequence": 8,
        "status": 1,
        "fuel": 6285,
        "fault": 0.6898,
        "weapon": 0,
        "pilot_injury": 0.2423,
        "pilot_skill": 0.1729,
        "mission_priority": 0.823,
        "estimated_landing_time": 758.0,
        "wait_time": 0,
        "Landing_success_rate": 1.0
    },
    {
        "model": 2,
        "sequence": 9,
        "status": 1,
        "fuel": 5609,
        "fault": 0.3904,
        "weapon": 1,
        "pilot_injury": 0.4634,
        "pilot_skill": 0.8645,
        "mission_priority": 0.9262,
        "estimated_landing_time": 852.0,
        "wait_time": 0,
        "Landing_success_rate": 1.0
    }
]