[
    {
        "model": 0,
        "sequence": 18,
        "status": 1,
        "fuel": 6367,
        "fault": 0.669,
        "weapon": 1,
        "pilot_injury": 0.6536,
        "pilot_skill": 0.8383,
        "mission_priority": 0.9365,
        "estimated_landing_time": 1698.0,
        "wait_time": 0,
        "Landing_success_rate": 1.0
    },
    {
        "model": 0,
        "sequence": 4,
        "status": 1,
        "fuel": 7316,
        "fault": 0.298,
        "weapon": 1,
        "pilot_injury": 0.0738,
        "pilot_skill": 0.7384,
        "mission_priority": 0.7952,
        "estimated_landing_time": 382.0,
        "wait_time": 0,
        "Landing_success_rate": 1.0
    },
    {
        "model": 0,
        "sequence": 11,
        "status": 1,
        "fuel": 6881,
        "fault": 0.0006,
        "weapon": 0,
        "pilot_injury": 0.9542,
        "pilot_skill": 0.9167,
        "mission_priority": 0.2333,
        "estimated_landing_time": 1040.0,
        "wait_time": 0,
        "Landing_success_rate": 1.0
    },
    {
        "model": 2,
        "sequence": 12,
        "status": 1,
        "fuel": 6163,
        "fault": 0.486,
        "weapon": 1,
        "pilot_injury": 0.1542,
        "pilot_skill": 0.3568,
        "mission_priority": 0.1775,
        "estimated_landing_time": 1134.0,
        "wait_time": 0,
        "Landing_success_rate": 1.0
    },
    {
        "model": 1,
        "sequence": 9,
        "status": 1,
        "fuel": 5648,
        "fault": 0.9361,
        "weapon": 0,
        "pilot_injury": 0.3753,
        "pilot_skill": 0.3941,
        "mission_priority": 0.5396,
        "estimated_landing_time": 852.0,
        "wait_time": 0,
        "Landing_success_rate": 1.0
    },
    {
        "model": 1,
        "sequence": 8,
        "status": 1,
        "fuel": 6057,
        "fault": 0.7421,
        "weapon": 0,
        "pilot_injury": 0.4017,
        "pilot_skill": 0.4804,
        "mission_priority": 0.9743,
        "estimated_landing_time": 758.0,
        "wait_time": 0,
        "Landing_success_rate": 1.0
    },
    {
        "model": 2,
        "sequence": 13,
        "status": 1,
        "fuel": 6963,
        "fault": 0.3485,
        "weapon": 1,
        "pilot_injury": 0.3925,
        "pilot_skill": 0.8943,
        "mission_priority": 0.8468,
        "estimated_landing_time": 1228.0,
        "wait_time": 0,
        "Landing_success_rate": 1.0
    },
    {
        "model": 0,
        "sequence": 17,
        "status": 1,
        "fuel": 7178,
        "fault": 0.7856,
        "weapon": 0,
        "pilot_injury": 0.0652,
        "pilot_skill": 0.9632,
        "mission_priority": 0.349,
        "estimated_landing_time": 1604.0,
        "wait_time": 0,
        "Landing_success_rate": 1.0
    },
    {
        "model": 2,
        "sequence": 10,
        "status": 1,
        "fuel": 6998,
        "fault": 0.9895,
        "weapon": 1,
        "pilot_injury": 0.6328,
        "pilot_skill": 0.9836,
        "mission_priority": 0.8767,
        "estimated_landing_time": 946.0,
        "wait_time": 0,
        "Landing_success_rate": 1.0
    },
    {
        "model": 2,
        "sequence": 2,
        "status": 1,
        "fuel": 6927,
        "fault": 0.0761,
        "weapon": 0,
        "pilot_injury": 0.3485,
        "pilot_skill": 0.4343,
        "mission_priority": 0.3352,
        "estimated_landing_time": 194.0,
        "wait_time": 0,
        "Landing_success_rate": 1.0
    },
    {
        "model": 1,
        "sequence": 14,
        "status": 1,
        "fuel": 6731,
        "fault": 0.9934,
        "weapon": 1,
        "pilot_injury": 0.192,
        "pilot_skill": 0.5374,
        "mission_priority": 0.279,
        "estimated_landing_time": 1322.0,
        "wait_time": 0,
        "Landing_success_rate": 1.0
    },
    {
        "model": 2,
        "sequence": 1,
        "status": 1,
        "fuel": 5631,
        "fault": 0.8382,
        "weapon": 0,
        "pilot_injury": 0.0296,
        "pilot_skill": 0.3809,
        "mission_priority": 0.4075,
        "estimated_landing_time": 100.0,
        "wait_time": 0,
        "Landing_success_rate": 1.0
    },
    {
        "model": 2,
        "sequence": 7,
        "status": 1,
        "fuel": 6935,
        "fault": 0.7827,
        "weapon": 1,
        "pilot_injury": 0.3697,
        "pilot_skill": 0.2131,
        "mission_priority": 0.8849,
        "estimated_landing_time": 664.0,
        "wait_time": 0,
        "Landing_success_rate": 1.0
    },
    {
        "model": 0,
        "sequence": 5,
        "status": 1,
        "fuel": 5740,
        "fault": 0.5534,
        "weapon": 0,
        "pilot_injury": 0.5465,
        "pilot_skill": 0.3417,
        "mission_priority": 0.277,
        "estimated_landing_time": 476.0,
        "wait_time": 0,
        "Landing_success_rate": 1.0
    },
    {
        "model": 0,
        "sequence": 6,
        "status": 1,
        "fuel": 6202,
        "fault": 0.0576,
        "weapon": 0,
        "pilot_injury": 0.1907,
        "pilot_skill": 0.9129,
        "mission_priority": 0.4661,
        "estimated_landing_time": 570.0,
        "wait_time": 0,
        "Landing_success_rate": 1.0
    },
    {
        "model": 1,
        "sequence": 3,
        "status": 1,
        "fuel": 5693,
        "fault": 0.8347,
        "weapon": 0,
        "pilot_injury": 0.0163,
        "pilot_skill": 0.4319,
        "mission_priority": 0.3553,
        "estimated_landing_time": 288.0,
        "wait_time": 0,
        "Landing_success_rate": 1.0
    },
    {
        "model": 0,
        "sequence": 16,
        "status": 1,
        "fuel": 6706,
        "fault": 0.7059,
        "weapon": 1,
        "pilot_injury": 0.0313,
        "pilot_skill": 0.1521,
        "mission_priority": 0.1419,
        "estimated_landing_time": 1510.0,
        "wait_time": 0,
        "Landing_success_rate": 1.0
    },
    {
        "model": 2,
        "sequence": 15,
        "status": 1,
        "fuel": 6512,
        "fault": 0.8338,
        "weapon": 0,
        "pilot_injury": 0.1671,
        "pilot_skill": 0.9742,
        "mission_priority": 0.6283,
        "estimated_landing_time": 1416.0,
        "wait_time": 0,
        "Landing_success_rate": 1.0
    }
]