[
    {
        "model": 0,
        "sequence": 17,
        "status": 1,
        "fuel": 6600,
        "fault": 0.1187,
        "weapon": 1,
        "pilot_injury": 0.4985,
        "pilot_skill": 0.1873,
        "mission_priority": 0.6338,
        "estimated_landing_time": 1604.0,
        "wait_time": 0,
        "Landing_success_rate": 1.0
    },
    {
        "model": 2,
        "sequence": 8,
        "status": 1,
        "fuel": 6984,
        "fault": 0.3526,
        "weapon": 1,
        "pilot_injury": 0.0261,
        "pilot_skill": 0.5487,
        "mission_priority": 0.5949,
        "estimated_landing_time": 758.0,
        "wait_time": 0,
        "Landing_success_rate": 1.0
    },
    {
        "model": 1,
        "sequence": 16,
        "status": 1,
        "fuel": 6006,
        "fault": 0.2666,
        "weapon": 0,
        "pilot_injury": 0.2762,
        "pilot_skill": 0.7117,
        "mission_priority": 0.6063,
        "estimated_landing_time": 1510.0,
        "wait_time": 0,
        "Landing_success_rate": 1.0
    },
    {
        "model": 1,
        "sequence": 7,
        "status": 1,
        "fuel": 7192,
        "fault": 0.7892,
        "weapon": 0,
        "pilot_injury": 0.9121,
        "pilot_skill": 0.7437,
        "mission_priority": 0.395,
        "estimated_landing_time": 664.0,
        "wait_time": 0,
        "Landing_success_rate": 1.0
    },
    {
        "model": 0,
        "sequence": 15,
        "status": 1,
        "fuel": 5582,
        "fault": 0.0128,
        "weapon": 1,
        "pilot_injury": 0.9568,
        "pilot_skill": 0.3104,
        "mission_priority": 0.3299,
        "estimated_landing_time": 1416.0,
        "wait_time": 0,
        "Landing_success_rate": 1.0
    },
    {
        "model": 1,
        "sequence": 18,
        "status": 1,
        "fuel": 7159,
        "fault": 0.5859,
        "weapon": 0,
        "pilot_injury": 0.2756,
        "pilot_skill": 0.3303,
        "mission_priority": 0.4143,
        "estimated_landing_time": 1698.0,
        "wait_time": 0,
        "Landing_success_rate": 1.0
    },
    {
        "model": 1,
        "sequence": 1,
        "status": 1,
        "fuel": 5787,
        "fault": 0.2807,
        "weapon": 0,
        "pilot_injury": 0.5037,
        "pilot_skill": 0.8145,
        "mission_priority": 0.8193,
        "estimated_landing_time": 100.0,
        "wait_time": 0,
        "Landing_success_rate": 1.0
    },
    {
        "model": 1,
        "sequence": 5,
        "status": 1,
        "fuel": 7323,
        "fault": 0.1011,
        "weapon": 0,
        "pilot_injury": 0.1053,
        "pilot_skill": 0.8253,
        "mission_priority": 0.044,
        "estimated_landing_time": 476.0,
        "wait_time": 0,
        "Landing_success_rate": 1.0
    },
    {
        "model": 2,
        "sequence": 3,
        "status": 1,
        "fuel": 6400,
        "fault": 0.8194,
        "weapon": 1,
        "pilot_injury": 0.7864,
        "pilot_skill": 0.9127,
        "mission_priority": 0.4868,
        "estimated_landing_time": 288.0,
        "wait_time": 0,
        "Landing_success_rate": 1.0
    },
    {
        "model": 0,
        "sequence": 10,
        "status": 1,
        "fuel": 6405,
        "fault": 0.6129,
        "weapon": 1,
        "pilot_injury": 0.7956,
        "pilot_skill": 0.7668,
        "mission_priority": 0.2054,
        "estimated_landing_time": 946.0,
        "wait_time": 0,
        "Landing_success_rate": 1.0
    },
    {
        "model": 0,
        "sequence": 2,
        "status": 1,
        "fuel": 5873,
        "fault": 0.3449,
        "weapon": 1,
        "pilot_injury": 0.3435,
        "pilot_skill": 0.9705,
        "mission_priority": 0.5832,
        "estimated_landing_time": 194.0,
        "wait_time": 0,
        "Landing_success_rate": 1.0
    },
    {
        "model": 0,
        "sequence": 11,
        "status": 1,
        "fuel": 6139,
        "fault": 0.698,
        "weapon": 0,
        "pilot_injury": 0.8158,
        "pilot_skill": 0.3942,
        "mission_priority": 0.033,
        "estimated_landing_time": 1040.0,
        "wait_time": 0,
        "Landing_success_rate": 1.0
    },
    {
        "model": 1,
        "sequence": 14,
        "status": 1,
        "fuel": 6594,
        "fault": 0.9057,
        "weapon": 0,
        "pilot_injury": 0.625,
        "pilot_skill": 0.1884,
        "mission_priority": 0.2482,
        "estimated_landing_time": 1322.0,
        "wait_time": 0,
        "Landing_success_rate": 1.0
    },
    {
        "model": 2,
        "sequence": 12,
        "status": 1,
        "fuel": 6616,
        "fault": 0.5011,
        "weapon": 0,
        "pilot_injury": 0.5487,
        "pilot_skill": 0.1587,
        "mission_priority": 0.2828,
        "estimated_landing_time": 1134.0,
        "wait_time": 0,
        "Landing_success_rate": 1.0
    },
    {
        "model": 0,
        "sequence": 4,
        "status": 1,
        "fuel": 5866,
        "fault": 0.5327,
        "weapon": 1,
        "pilot_injury": 0.7924,
        "pilot_skill": 0.3322,
        "mission_priority": 0.3455,
        "estimated_landing_time": 382.0,
        "wait_time": 0,
        "Landing_success_rate": 1.0
    },
    {
        "model": 2,
        "sequence": 6,
        "status": 1,
        "fuel": 5815,
        "fault": 0.3025,
        "weapon": 1,
        "pilot_injury": 0.6882,
        "pilot_skill": 0.0617,
        "mission_priority": 0.0393,
        "estimated_landing_time": 570.0,
        "wait_time": 0,
        "Landing_success_rate": 1.0
    },
    {
        "model": 0,
        "sequence": 13,
        "status": 1,
        "fuel": 6133,
        "fault": 0.5575,
        "weapon": 1,
        "pilot_injury": 0.3233,
        "pilot_skill": 0.2478,
        "mission_priority": 0.7482,
        "estimated_landing_time": 1228.0,
        "wait_time": 0,
        "Landing_success_rate": 1.0
    },
    {
        "model": 1,
        "sequence": 9,
        "status": 1,
        "fuel": 5731,
        "fault": 0.256,
        "weapon": 1,
        "pilot_injury": 0.1493,
        "pilot_skill": 0.176,
        "mission_priority": 0.2818,
        "estimated_landing_time": 852.0,
        "wait_time": 0,
        "Landing_success_rate": 1.0
    }
]