[
    {
        "model": 1,
        "sequence": 6,
        "status": 1,
        "fuel": 6917,
        "fault": 0.9977,
        "weapon": 0,
        "pilot_injury": 0.7769,
        "pilot_skill": 0.8607,
        "mission_priority": 0.8892,
        "estimated_landing_time": 570.0,
        "wait_time": 0,
        "Landing_success_rate": 1.0
    },
    {
        "model": 1,
        "sequence": 8,
        "status": 1,
        "fuel": 6811,
        "fault": 0.4555,
        "weapon": 0,
        "pilot_injury": 0.279,
        "pilot_skill": 0.7628,
        "mission_priority": 0.1205,
        "estimated_landing_time": 758.0,
        "wait_time": 0,
        "Landing_success_rate": 1.0
    },
    {
        "model": 1,
        "sequence": 5,
        "status": 1,
        "fuel": 7010,
        "fault": 0.947,
        "weapon": 1,
        "pilot_injury": 0.8555,
        "pilot_skill": 0.7389,
        "mission_priority": 0.3765,
        "estimated_landing_time": 476.0,
        "wait_time": 0,
        "Landing_success_rate": 1.0
    },
    {
        "model": 0,
        "sequence": 11,
        "status": 1,
        "fuel": 5518,
        "fault": 0.6181,
        "weapon": 0,
        "pilot_injury": 0.967,
        "pilot_skill": 0.7672,
        "mission_priority": 0.9907,
        "estimated_landing_time": 1040.0,
        "wait_time": 0,
        "Landing_success_rate": 1.0
    },
    {
        "model": 2,
        "sequence": 16,
        "status": 1,
        "fuel": 5855,
        "fault": 0.1417,
        "weapon": 0,
        "pilot_injury": 0.7413,
        "pilot_skill": 0.9222,
        "mission_priority": 0.0288,
        "estimated_landing_time": 1510.0,
        "wait_time": 0,
        "Landing_success_rate": 1.0
    },
    {
        "model": 1,
        "sequence": 12,
        "status": 1,
        "fuel": 6494,
        "fault": 0.6847,
        "weapon": 0,
        "pilot_injury": 0.8528,
        "pilot_skill": 0.7672,
        "mission_priority": 0.3403,
        "estimated_landing_time": 1134.0,
        "wait_time": 0,
        "Landing_success_rate": 1.0
    },
    {
        "model": 2,
        "sequence": 1,
        "status": 1,
        "fuel": 7391,
        "fault": 0.3309,
        "weapon": 1,
        "pilot_injury": 0.238,
        "pilot_skill": 0.7456,
        "mission_priority": 0.4463,
        "estimated_landing_time": 100.0,
        "wait_time": 0,
        "Landing_success_rate": 1.0
    },
    {
        "model": 2,
        "sequence": 9,
        "status": 1,
        "fuel": 6297,
        "fault": 0.3279,
        "weapon": 0,
        "pilot_injury": 0.5358,
        "pilot_skill": 0.336,
        "mission_priority": 0.7695,
        "estimated_landing_time": 852.0,
        "wait_time": 0,
        "Landing_success_rate": 1.0
    },
    {
        "model": 0,
        "sequence": 2,
        "status": 1,
        "fuel": 7447,
        "fault": 0.8167,
        "weapon": 0,
        "pilot_injury": 0.0714,
        "pilot_skill": 0.8355,
        "mission_priority": 0.0916,
        "estimated_landing_time": 194.0,
        "wait_time": 0,
        "Landing_success_rate": 1.0
    },
    {
        "model": 2,
        "sequence": 18,
        "status": 1,
        "fuel": 7069,
        "fault": 0.9674,
        "weapon": 1,
        "pilot_injury": 0.9565,
        "pilot_skill": 0.9835,
        "mission_priority": 0.2021,
        "estimated_landing_time": 1698.0,
        "wait_time": 0,
        "Landing_success_rate": 1.0
    },
    {
        "model": 1,
        "sequence": 10,
        "status": 1,
        "fuel": 6642,
        "fault": 0.0164,
        "weapon": 1,
        "pilot_injury": 0.3371,
        "pilot_skill": 0.7596,
        "mission_priority": 0.444,
        "estimated_landing_time": 946.0,
        "wait_time": 0,
        "Landing_success_rate": 1.0
    },
    {
        "model": 0,
        "sequence": 14,
        "status": 1,
        "fuel": 6339,
        "fault": 0.9818,
        "weapon": 1,
        "pilot_injury": 0.5783,
        "pilot_skill": 0.8335,
        "mission_priority": 0.1956,
        "estimated_landing_time": 1322.0,
        "wait_time": 0,
        "Landing_success_rate": 1.0
    },
    {
        "model": 0,
        "sequence": 7,
        "status": 1,
        "fuel": 5924,
        "fault": 0.0941,
        "weapon": 0,
        "pilot_injury": 0.2448,
        "pilot_skill": 0.0028,
        "mission_priority": 0.912,
        "estimated_landing_time": 664.0,
        "wait_time": 0,
        "Landing_success_rate": 1.0
    },
    {
        "model": 2,
        "sequence": 3,
        "status": 1,
        "fuel": 6934,
        "fault": 0.6162,
        "weapon": 1,
        "pilot_injury": 0.7257,
        "pilot_skill": 0.3333,
        "mission_priority": 0.9537,
        "estimated_landing_time": 288.0,
        "wait_time": 0,
        "Landing_success_rate": 1.0
    },
    {
        "model": 0,
        "sequence": 15,
        "status": 1,
        "fuel": 5873,
        "fault": 0.2772,
        "weapon": 0,
        "pilot_injury": 0.7773,
        "pilot_skill": 0.4691,
        "mission_priority": 0.755,
        "estimated_landing_time": 1416.0,
        "wait_time": 0,
        "Landing_success_rate": 1.0
    },
    {
        "model": 2,
        "sequence": 17,
        "status": 1,
        "fuel": 5903,
        "fault": 0.744,
        "weapon": 1,
        "pilot_injury": 0.0255,
        "pilot_skill": 0.8998,
        "mission_priority": 0.0039,
        "estimated_landing_time": 1604.0,
        "wait_time": 0,
        "Landing_success_rate": 1.0
    },
    {
        "model": 2,
        "sequence": 13,
        "status": 1,
        "fuel": 5952,
        "fault": 0.6817,
        "weapon": 0,
        "pilot_injury": 0.7573,
        "pilot_skill": 0.0506,
        "mission_priority": 0.5535,
        "estimated_landing_time": 1228.0,
        "wait_time": 0,
        "Landing_success_rate": 1.0
    },
    {
        "model": 0,
        "sequence": 4,
        "status": 1,
        "fuel": 7406,
        "fault": 0.6125,
        "weapon": 1,
        "pilot_injury": 0.7718,
        "pilot_skill": 0.2174,
        "mission_priority": 0.2237,
        "estimated_landing_time": 382.0,
        "wait_time": 0,
        "Landing_success_rate": 1.0
    }
]