[
    {
        "model": 1,
        "sequence": 16,
        "status": 1,
        "fuel": 7355,
        "fault": 0.2736,
        "weapon": 0,
        "pilot_injury": 0.3382,
        "pilot_skill": 0.2182,
        "mission_priority": 0.8715,
        "estimated_landing_time": 1510.0,
        "wait_time": 0,
        "Landing_success_rate": 1.0
    },
    {
        "model": 0,
        "sequence": 18,
        "status": 1,
        "fuel": 7231,
        "fault": 0.1748,
        "weapon": 1,
        "pilot_injury": 0.3548,
        "pilot_skill": 0.5796,
        "mission_priority": 0.7334,
        "estimated_landing_time": 1698.0,
        "wait_time": 0,
        "Landing_success_rate": 1.0
    },
    {
        "model": 1,
        "sequence": 17,
        "status": 1,
        "fuel": 6478,
        "fault": 0.405,
        "weapon": 0,
        "pilot_injury": 0.9528,
        "pilot_skill": 0.2621,
        "mission_priority": 0.9088,
        "estimated_landing_time": 1604.0,
        "wait_time": 0,
        "Landing_success_rate": 1.0
    },
    {
        "model": 0,
        "sequence": 1,
        "status": 1,
        "fuel": 6393,
        "fault": 0.9148,
        "weapon": 0,
        "pilot_injury": 0.7542,
        "pilot_skill": 0.2388,
        "mission_priority": 0.7376,
        "estimated_landing_time": 100.0,
        "wait_time": 0,
        "Landing_success_rate": 1.0
    },
    {
        "model": 0,
        "sequence": 15,
        "status": 1,
        "fuel": 7317,
        "fault": 0.8082,
        "weapon": 1,
        "pilot_injury": 0.7159,
        "pilot_skill": 0.8121,
        "mission_priority": 0.3586,
        "estimated_landing_time": 1416.0,
        "wait_time": 0,
        "Landing_success_rate": 1.0
    },
    {
        "model": 2,
        "sequence": 5,
        "status": 1,
        "fuel": 5925,
        "fault": 0.5726,
        "weapon": 0,
        "pilot_injury": 0.5754,
        "pilot_skill": 0.9781,
        "mission_priority": 0.823,
        "estimated_landing_time": 476.0,
        "wait_time": 0,
        "Landing_success_rate": 1.0
    },
    {
        "model": 0,
        "sequence": 9,
        "status": 1,
        "fuel": 7486,
        "fault": 0.1101,
        "weapon": 0,
        "pilot_injury": 0.2795,
        "pilot_skill": 0.1631,
        "mission_priority": 0.4821,
        "estimated_landing_time": 852.0,
        "wait_time": 0,
        "Landing_success_rate": 1.0
    },
    {
        "model": 1,
        "sequence": 11,
        "status": 1,
        "fuel": 5991,
        "fault": 0.1354,
        "weapon": 0,
        "pilot_injury": 0.9528,
        "pilot_skill": 0.6039,
        "mission_priority": 0.6058,
        "estimated_landing_time": 1040.0,
        "wait_time": 0,
        "Landing_success_rate": 1.0
    },
    {
        "model": 0,
        "sequence": 14,
        "status": 1,
        "fuel": 6284,
        "fault": 0.799,
        "weapon": 0,
        "pilot_injury": 0.7728,
        "pilot_skill": 0.8772,
        "mission_priority": 0.4143,
        "estimated_landing_time": 1322.0,
        "wait_time": 0,
        "Landing_success_rate": 1.0
    },
    {
        "model": 0,
        "sequence": 6,
        "status": 1,
        "fuel": 7432,
        "fault": 0.1813,
        "weapon": 1,
        "pilot_injury": 0.1941,
        "pilot_skill": 0.6895,
        "mission_priority": 0.903,
        "estimated_landing_time": 570.0,
        "wait_time": 0,
        "Landing_success_rate": 1.0
    },
    {
        "model": 2,
        "sequence": 8,
        "status": 1,
        "fuel": 6277,
        "fault": 0.0863,
        "weapon": 1,
        "pilot_injury": 0.2683,
        "pilot_skill": 0.1326,
        "mission_priority": 0.9202,
        "estimated_landing_time": 758.0,
        "wait_time": 0,
        "Landing_success_rate": 1.0
    },
    {
        "model": 1,
        "sequence": 3,
        "status": 1,
        "fuel": 7161,
        "fault": 0.3219,
        "weapon": 1,
        "pilot_injury": 0.858,
        "pilot_skill": 0.6044,
        "mission_priority": 0.1686,
        "estimated_landing_time": 288.0,
        "wait_time": 0,
        "Landing_success_rate": 1.0
    },
    {
        "model": 0,
        "sequence": 12,
        "status": 1,
        "fuel": 6828,
        "fault": 0.8686,
        "weapon": 1,
        "pilot_injury": 0.9012,
        "pilot_skill": 0.0701,
        "mission_priority": 0.2686,
        "estimated_landing_time": 1134.0,
        "wait_time": 0,
        "Landing_success_rate": 1.0
    },
    {
        "model": 2,
        "sequence": 13,
        "status": 1,
        "fuel": 6732,
        "fault": 0.89,
        "weapon": 1,
        "pilot_injury": 0.75,
        "pilot_skill": 0.2955,
        "mission_priority": 0.758,
        "estimated_landing_time": 1228.0,
        "wait_time": 0,
        "Landing_success_rate": 1.0
    },
    {
        "model": 2,
        "sequence": 7,
        "status": 1,
        "fuel": 5912,
        "fault": 0.8956,
        "weapon": 1,
        "pilot_injury": 0.9482,
        "pilot_skill": 0.4246,
        "mission_priority": 0.3426,
        "estimated_landing_time": 664.0,
        "wait_time": 0,
        "Landing_success_rate": 1.0
    },
    {
        "model": 1,
        "sequence": 2,
        "status": 1,
        "fuel": 6611,
        "fault": 0.5746,
        "weapon": 1,
        "pilot_injury": 0.1914,
        "pilot_skill": 0.8468,
        "mission_priority": 0.0579,
        "estimated_landing_time": 194.0,
        "wait_time": 0,
        "Landing_success_rate": 1.0
    },
    {
        "model": 2,
        "sequence": 10,
        "status": 1,
        "fuel": 6860,
        "fault": 0.877,
        "weapon": 0,
        "pilot_injury": 0.9787,
        "pilot_skill": 0.5236,
        "mission_priority": 0.0466,
        "estimated_landing_time": 946.0,
        "wait_time": 0,
        "Landing_success_rate": 1.0
    },
    {
        "model": 0,
        "sequence": 4,
        "status": 1,
        "fuel": 6353,
        "fault": 0.7449,
        "weapon": 0,
        "pilot_injury": 0.3466,
        "pilot_skill": 0.6633,
        "mission_priority": 0.4821,
        "estimated_landing_time": 382.0,
        "wait_time": 0,
        "Landing_success_rate": 1.0
    }
]