[
    {
        "model": 2,
        "sequence": 18,
        "status": 1,
        "fuel": 6974,
        "fault": 0.3568,
        "weapon": 1,
        "pilot_injury": 0.1948,
        "pilot_skill": 0.2684,
        "mission_priority": 0.8209,
        "estimated_landing_time": 1698.0,
        "wait_time": 0,
        "Landing_success_rate": 1.0
    },
    {
        "model": 2,
        "sequence": 15,
        "status": 1,
        "fuel": 5589,
        "fault": 0.2278,
        "weapon": 1,
        "pilot_injury": 0.6751,
        "pilot_skill": 0.3264,
        "mission_priority": 0.5466,
        "estimated_landing_time": 1416.0,
        "wait_time": 0,
        "Landing_success_rate": 1.0
    },
    {
        "model": 2,
        "sequence": 7,
        "status": 1,
        "fuel": 5557,
        "fault": 0.7862,
        "weapon": 1,
        "pilot_injury": 0.9072,
        "pilot_skill": 0.5696,
        "mission_priority": 0.8802,
        "estimated_landing_time": 664.0,
        "wait_time": 0,
        "Landing_success_rate": 1.0
    },
    {
        "model": 2,
        "sequence": 16,
        "status": 1,
        "fuel": 6350,
        "fault": 0.6817,
        "weapon": 0,
        "pilot_injury": 0.2073,
        "pilot_skill": 0.1453,
        "mission_priority": 0.8308,
        "estimated_landing_time": 1510.0,
        "wait_time": 0,
        "Landing_success_rate": 1.0
    },
    {
        "model": 1,
        "sequence": 14,
        "status": 1,
        "fuel": 6863,
        "fault": 0.7241,
        "weapon": 1,
        "pilot_injury": 0.1042,
        "pilot_skill": 0.1356,
        "mission_priority": 0.8135,
        "estimated_landing_time": 1322.0,
        "wait_time": 0,
        "Landing_success_rate": 1.0
    },
    {
        "model": 1,
        "sequence": 1,
        "status": 1,
        "fuel": 7458,
        "fault": 0.005,
        "weapon": 1,
        "pilot_injury": 0.0111,
        "pilot_skill": 0.331,
        "mission_priority": 0.0305,
        "estimated_landing_time": 100.0,
        "wait_time": 0,
        "Landing_success_rate": 1.0
    },
    {
        "model": 2,
        "sequence": 9,
        "status": 1,
        "fuel": 6041,
        "fault": 0.077,
        "weapon": 0,
        "pilot_injury": 0.6419,
        "pilot_skill": 0.4115,
        "mission_priority": 0.3455,
        "estimated_landing_time": 852.0,
        "wait_time": 0,
        "Landing_success_rate": 1.0
    },
    {
        "model": 1,
        "sequence": 6,
        "status": 1,
        "fuel": 5576,
        "fault": 0.6037,
        "weapon": 1,
        "pilot_injury": 0.6955,
        "pilot_skill": 0.3607,
        "mission_priority": 0.3211,
        "estimated_landing_time": 570.0,
        "wait_time": 0,
        "Landing_success_rate": 1.0
    },
    {
        "model": 1,
        "sequence": 2,
        "status": 1,
        "fuel": 6530,
        "fault": 0.3484,
        "weapon": 1,
        "pilot_injury": 0.6233,
        "pilot_skill": 0.5146,
        "mission_priority": 0.4348,
        "estimated_landing_time": 194.0,
        "wait_time": 0,
        "Landing_success_rate": 1.0
    },
    {
        "model": 0,
        "sequence": 4,
        "status": 1,
        "fuel": 6508,
        "fault": 0.5039,
        "weapon": 1,
        "pilot_injury": 0.9271,
        "pilot_skill": 0.5904,
        "mission_priority": 0.8594,
        "estimated_landing_time": 382.0,
        "wait_time": 0,
        "Landing_success_rate": 1.0
    },
    {
        "model": 1,
        "sequence": 13,
        "status": 1,
        "fuel": 6746,
        "fault": 0.0925,
        "weapon": 1,
        "pilot_injury": 0.682,
        "pilot_skill": 0.6987,
        "mission_priority": 0.4605,
        "estimated_landing_time": 1228.0,
        "wait_time": 0,
        "Landing_success_rate": 1.0
    },
    {
        "model": 2,
        "sequence": 17,
        "status": 1,
        "fuel": 7338,
        "fault": 0.6005,
        "weapon": 0,
        "pilot_injury": 0.3839,
        "pilot_skill": 0.9908,
        "mission_priority": 0.2699,
        "estimated_landing_time": 1604.0,
        "wait_time": 0,
        "Landing_success_rate": 1.0
    },
    {
        "model": 1,
        "sequence": 11,
        "status": 1,
        "fuel": 6487,
        "fault": 0.4968,
        "weapon": 1,
        "pilot_injury": 0.4675,
        "pilot_skill": 0.0584,
        "mission_priority": 0.4758,
        "estimated_landing_time": 1040.0,
        "wait_time": 0,
        "Landing_success_rate": 1.0
    },
    {
        "model": 2,
        "sequence": 5,
        "status": 1,
        "fuel": 6932,
        "fault": 0.6906,
        "weapon": 0,
        "pilot_injury": 0.5865,
        "pilot_skill": 0.7978,
        "mission_priority": 0.5833,
        "estimated_landing_time": 476.0,
        "wait_time": 0,
        "Landing_success_rate": 1.0
    },
    {
        "model": 1,
        "sequence": 8,
        "status": 1,
        "fuel": 6181,
        "fault": 0.7831,
        "weapon": 1,
        "pilot_injury": 0.762,
        "pilot_skill": 0.1794,
        "mission_priority": 0.2366,
        "estimated_landing_time": 758.0,
        "wait_time": 0,
        "Landing_success_rate": 1.0
    },
    {
        "model": 2,
        "sequence": 3,
        "status": 1,
        "fuel": 6219,
        "fault": 0.5095,
        "weapon": 1,
        "pilot_injury": 0.3217,
        "pilot_skill": 0.1693,
        "mission_priority": 0.2939,
        "estimated_landing_time": 288.0,
        "wait_time": 0,
        "Landing_success_rate": 1.0
    },
    {
        "model": 1,
        "sequence": 10,
        "status": 1,
        "fuel": 6416,
        "fault": 0.1532,
        "weapon": 0,
        "pilot_injury": 0.7686,
        "pilot_skill": 0.8622,
        "mission_priority": 0.8204,
        "estimated_landing_time": 946.0,
        "wait_time": 0,
        "Landing_success_rate": 1.0
    },
    {
        "model": 1,
        "sequence": 12,
        "status": 1,
        "fuel": 5768,
        "fault": 0.8516,
        "weapon": 1,
        "pilot_injury": 0.2879,
        "pilot_skill": 0.0556,
        "mission_priority": 0.676,
        "estimated_landing_time": 1134.0,
        "wait_time": 0,
        "Landing_success_rate": 1.0
    }
]