[
    {
        "model": 1,
        "sequence": 5,
        "status": 1,
        "fuel": 6387,
        "fault": 0.8086,
        "weapon": 0,
        "pilot_injury": 0.7397,
        "pilot_skill": 0.2454,
        "mission_priority": 0.8701,
        "estimated_landing_time": 476.0,
        "wait_time": 0,
        "Landing_success_rate": 1.0
    },
    {
        "model": 1,
        "sequence": 12,
        "status": 1,
        "fuel": 5660,
        "fault": 0.2726,
        "weapon": 1,
        "pilot_injury": 0.0974,
        "pilot_skill": 0.4195,
        "mission_priority": 0.5249,
        "estimated_landing_time": 1134.0,
        "wait_time": 0,
        "Landing_success_rate": 1.0
    },
    {
        "model": 0,
        "sequence": 13,
        "status": 1,
        "fuel": 7117,
        "fault": 0.5801,
        "weapon": 1,
        "pilot_injury": 0.8377,
        "pilot_skill": 0.4936,
        "mission_priority": 0.34,
        "estimated_landing_time": 1228.0,
        "wait_time": 0,
        "Landing_success_rate": 1.0
    },
    {
        "model": 1,
        "sequence": 1,
        "status": 1,
        "fuel": 5648,
        "fault": 0.1969,
        "weapon": 0,
        "pilot_injury": 0.3268,
        "pilot_skill": 0.5864,
        "mission_priority": 0.3894,
        "estimated_landing_time": 100.0,
        "wait_time": 0,
        "Landing_success_rate": 1.0
    },
    {
        "model": 0,
        "sequence": 17,
        "status": 1,
        "fuel": 6274,
        "fault": 0.2553,
        "weapon": 0,
        "pilot_injury": 0.2569,
        "pilot_skill": 0.4261,
        "mission_priority": 0.8894,
        "estimated_landing_time": 1604.0,
        "wait_time": 0,
        "Landing_success_rate": 1.0
    },
    {
        "model": 1,
        "sequence": 2,
        "status": 1,
        "fuel": 6149,
        "fault": 0.8505,
        "weapon": 1,
        "pilot_injury": 0.1033,
        "pilot_skill": 0.4602,
        "mission_priority": 0.4191,
        "estimated_landing_time": 194.0,
        "wait_time": 0,
        "Landing_success_rate": 1.0
    },
    {
        "model": 1,
        "sequence": 4,
        "status": 1,
        "fuel": 6690,
        "fault": 0.3288,
        "weapon": 0,
        "pilot_injury": 0.8414,
        "pilot_skill": 0.6702,
        "mission_priority": 0.6415,
        "estimated_landing_time": 382.0,
        "wait_time": 0,
        "Landing_success_rate": 1.0
    },
    {
        "model": 0,
        "sequence": 7,
        "status": 1,
        "fuel": 5899,
        "fault": 0.9381,
        "weapon": 1,
        "pilot_injury": 0.8328,
        "pilot_skill": 0.9215,
        "mission_priority": 0.4915,
        "estimated_landing_time": 664.0,
        "wait_time": 0,
        "Landing_success_rate": 1.0
    },
    {
        "model": 2,
        "sequence": 6,
        "status": 1,
        "fuel": 7419,
        "fault": 0.5791,
        "weapon": 1,
        "pilot_injury": 0.1589,
        "pilot_skill": 0.5865,
        "mission_priority": 0.1965,
        "estimated_landing_time": 570.0,
        "wait_time": 0,
        "Landing_success_rate": 1.0
    },
    {
        "model": 2,
        "sequence": 11,
        "status": 1,
        "fuel": 7415,
        "fault": 0.6713,
        "weapon": 1,
        "pilot_injury": 0.086,
        "pilot_skill": 0.0304,
        "mission_priority": 0.6065,
        "estimated_landing_time": 1040.0,
        "wait_time": 0,
        "Landing_success_rate": 1.0
    },
    {
        "model": 2,
        "sequence": 10,
        "status": 1,
        "fuel": 7388,
        "fault": 0.0842,
        "weapon": 1,
        "pilot_injury": 0.4057,
        "pilot_skill": 0.0866,
        "mission_priority": 0.0036,
        "estimated_landing_time": 946.0,
        "wait_time": 0,
        "Landing_success_rate": 1.0
    },
    {
        "model": 1,
        "sequence": 15,
        "status": 1,
        "fuel": 5721,
        "fault": 0.4396,
        "weapon": 0,
        "pilot_injury": 0.4261,
        "pilot_skill": 0.9719,
        "mission_priority": 0.8268,
        "estimated_landing_time": 1416.0,
        "wait_time": 0,
        "Landing_success_rate": 1.0
    },
    {
        "model": 1,
        "sequence": 16,
        "status": 1,
        "fuel": 6343,
        "fault": 0.1745,
        "weapon": 0,
        "pilot_injury": 0.7301,
        "pilot_skill": 0.6984,
        "mission_priority": 0.7608,
        "estimated_landing_time": 1510.0,
        "wait_time": 0,
        "Landing_success_rate": 1.0
    },
    {
        "model": 2,
        "sequence": 8,
        "status": 1,
        "fuel": 7443,
        "fault": 0.4421,
        "weapon": 1,
        "pilot_injury": 0.4649,
        "pilot_skill": 0.6479,
        "mission_priority": 0.6086,
        "estimated_landing_time": 758.0,
        "wait_time": 0,
        "Landing_success_rate": 1.0
    },
    {
        "model": 1,
        "sequence": 18,
        "status": 1,
        "fuel": 6428,
        "fault": 0.8334,
        "weapon": 0,
        "pilot_injury": 0.9653,
        "pilot_skill": 0.1518,
        "mission_priority": 0.2945,
        "estimated_landing_time": 1698.0,
        "wait_time": 0,
        "Landing_success_rate": 1.0
    },
    {
        "model": 1,
        "sequence": 14,
        "status": 1,
        "fuel": 5887,
        "fault": 0.1295,
        "weapon": 1,
        "pilot_injury": 0.1815,
        "pilot_skill": 0.4672,
        "mission_priority": 0.5689,
        "estimated_landing_time": 1322.0,
        "wait_time": 0,
        "Landing_success_rate": 1.0
    },
    {
        "model": 2,
        "sequence": 9,
        "status": 1,
        "fuel": 6308,
        "fault": 0.6116,
        "weapon": 1,
        "pilot_injury": 0.2847,
        "pilot_skill": 0.6613,
        "mission_priority": 0.1123,
        "estimated_landing_time": 852.0,
        "wait_time": 0,
        "Landing_success_rate": 1.0
    },
    {
        "model": 0,
        "sequence": 3,
        "status": 1,
        "fuel": 5971,
        "fault": 0.8551,
        "weapon": 0,
        "pilot_injury": 0.2248,
        "pilot_skill": 0.5898,
        "mission_priority": 0.1534,
        "estimated_landing_time": 288.0,
        "wait_time": 0,
        "Landing_success_rate": 1.0
    }
]