[
    {
        "model": 1,
        "sequence": 13,
        "status": 1,
        "fuel": 6955,
        "fault": 0.1423,
        "weapon": 0,
        "pilot_injury": 0.6766,
        "pilot_skill": 0.4818,
        "mission_priority": 0.9917,
        "estimated_landing_time": 1228.0,
        "wait_time": 0,
        "Landing_success_rate": 1.0
    },
    {
        "model": 1,
        "sequence": 15,
        "status": 1,
        "fuel": 6999,
        "fault": 0.4828,
        "weapon": 1,
        "pilot_injury": 0.8215,
        "pilot_skill": 0.2122,
        "mission_priority": 0.7133,
        "estimated_landing_time": 1416.0,
        "wait_time": 0,
        "Landing_success_rate": 1.0
    },
    {
        "model": 0,
        "sequence": 9,
        "status": 1,
        "fuel": 6469,
        "fault": 0.0319,
        "weapon": 0,
        "pilot_injury": 0.1598,
        "pilot_skill": 0.377,
        "mission_priority": 0.1066,
        "estimated_landing_time": 852.0,
        "wait_time": 0,
        "Landing_success_rate": 1.0
    },
    {
        "model": 0,
        "sequence": 8,
        "status": 1,
        "fuel": 5663,
        "fault": 0.5592,
        "weapon": 1,
        "pilot_injury": 0.7699,
        "pilot_skill": 0.8175,
        "mission_priority": 0.8412,
        "estimated_landing_time": 758.0,
        "wait_time": 0,
        "Landing_success_rate": 1.0
    },
    {
        "model": 0,
        "sequence": 2,
        "status": 1,
        "fuel": 6813,
        "fault": 0.8675,
        "weapon": 0,
        "pilot_injury": 0.4358,
        "pilot_skill": 0.8385,
        "mission_priority": 0.5633,
        "estimated_landing_time": 194.0,
        "wait_time": 0,
        "Landing_success_rate": 1.0
    },
    {
        "model": 1,
        "sequence": 5,
        "status": 1,
        "fuel": 6260,
        "fault": 0.7895,
        "weapon": 0,
        "pilot_injury": 0.4954,
        "pilot_skill": 0.2524,
        "mission_priority": 0.9556,
        "estimated_landing_time": 476.0,
        "wait_time": 0,
        "Landing_success_rate": 1.0
    },
    {
        "model": 1,
        "sequence": 16,
        "status": 1,
        "fuel": 5625,
        "fault": 0.8906,
        "weapon": 0,
        "pilot_injury": 0.0929,
        "pilot_skill": 0.2843,
        "mission_priority": 0.0922,
        "estimated_landing_time": 1510.0,
        "wait_time": 0,
        "Landing_success_rate": 1.0
    },
    {
        "model": 0,
        "sequence": 7,
        "status": 1,
        "fuel": 6860,
        "fault": 0.8238,
        "weapon": 1,
        "pilot_injury": 0.9709,
        "pilot_skill": 0.7065,
        "mission_priority": 0.6455,
        "estimated_landing_time": 664.0,
        "wait_time": 0,
        "Landing_success_rate": 1.0
    },
    {
        "model": 2,
        "sequence": 1,
        "status": 1,
        "fuel": 7193,
        "fault": 0.554,
        "weapon": 1,
        "pilot_injury": 0.8775,
        "pilot_skill": 0.8615,
        "mission_priority": 0.6717,
        "estimated_landing_time": 100.0,
        "wait_time": 0,
        "Landing_success_rate": 1.0
    },
    {
        "model": 1,
        "sequence": 18,
        "status": 1,
        "fuel": 7382,
        "fault": 0.5898,
        "weapon": 1,
        "pilot_injury": 0.6357,
        "pilot_skill": 0.5471,
        "mission_priority": 0.8211,
        "estimated_landing_time": 1698.0,
        "wait_time": 0,
        "Landing_success_rate": 1.0
    },
    {
        "model": 2,
        "sequence": 14,
        "status": 1,
        "fuel": 6629,
        "fault": 0.0078,
        "weapon": 1,
        "pilot_injury": 0.022,
        "pilot_skill": 0.3693,
        "mission_priority": 0.2288,
        "estimated_landing_time": 1322.0,
        "wait_time": 0,
        "Landing_success_rate": 1.0
    },
    {
        "model": 0,
        "sequence": 10,
        "status": 1,
        "fuel": 5837,
        "fault": 0.2305,
        "weapon": 1,
        "pilot_injury": 0.0665,
        "pilot_skill": 0.0222,
        "mission_priority": 0.4369,
        "estimated_landing_time": 946.0,
        "wait_time": 0,
        "Landing_success_rate": 1.0
    },
    {
        "model": 1,
        "sequence": 3,
        "status": 1,
        "fuel": 7420,
        "fault": 0.7645,
        "weapon": 1,
        "pilot_injury": 0.849,
        "pilot_skill": 0.3839,
        "mission_priority": 0.1182,
        "estimated_landing_time": 288.0,
        "wait_time": 0,
        "Landing_success_rate": 1.0
    },
    {
        "model": 2,
        "sequence": 6,
        "status": 1,
        "fuel": 7232,
        "fault": 0.7912,
        "weapon": 0,
        "pilot_injury": 0.6866,
        "pilot_skill": 0.8164,
        "mission_priority": 0.7993,
        "estimated_landing_time": 570.0,
        "wait_time": 0,
        "Landing_success_rate": 1.0
    },
    {
        "model": 1,
        "sequence": 4,
        "status": 1,
        "fuel": 5674,
        "fault": 0.6154,
        "weapon": 0,
        "pilot_injury": 0.9494,
        "pilot_skill": 0.7007,
        "mission_priority": 0.8364,
        "estimated_landing_time": 382.0,
        "wait_time": 0,
        "Landing_success_rate": 1.0
    },
    {
        "model": 2,
        "sequence": 11,
        "status": 1,
        "fuel": 6564,
        "fault": 0.7008,
        "weapon": 0,
        "pilot_injury": 0.6762,
        "pilot_skill": 0.4922,
        "mission_priority": 0.8953,
        "estimated_landing_time": 1040.0,
        "wait_time": 0,
        "Landing_success_rate": 1.0
    },
    {
        "model": 1,
        "sequence": 12,
        "status": 1,
        "fuel": 5702,
        "fault": 0.0288,
        "weapon": 0,
        "pilot_injury": 0.9927,
        "pilot_skill": 0.3484,
        "mission_priority": 0.8958,
        "estimated_landing_time": 1134.0,
        "wait_time": 0,
        "Landing_success_rate": 1.0
    },
    {
        "model": 2,
        "sequence": 17,
        "status": 1,
        "fuel": 6821,
        "fault": 0.118,
        "weapon": 0,
        "pilot_injury": 0.6237,
        "pilot_skill": 0.7632,
        "mission_priority": 0.0104,
        "estimated_landing_time": 1604.0,
        "wait_time": 0,
        "Landing_success_rate": 1.0
    }
]