[
    {
        "model": 2,
        "sequence": 11,
        "status": 1,
        "fuel": 6241,
        "fault": 0.9019,
        "weapon": 1,
        "pilot_injury": 0.6577,
        "pilot_skill": 0.1823,
        "mission_priority": 0.3939,
        "estimated_landing_time": 1040.0,
        "wait_time": 0,
        "Landing_success_rate": 1.0
    },
    {
        "model": 2,
        "sequence": 12,
        "status": 1,
        "fuel": 6965,
        "fault": 0.8272,
        "weapon": 0,
        "pilot_injury": 0.6023,
        "pilot_skill": 0.0906,
        "mission_priority": 0.157,
        "estimated_landing_time": 1134.0,
        "wait_time": 0,
        "Landing_success_rate": 1.0
    },
    {
        "model": 0,
        "sequence": 14,
        "status": 1,
        "fuel": 6241,
        "fault": 0.2287,
        "weapon": 0,
        "pilot_injury": 0.5485,
        "pilot_skill": 0.8799,
        "mission_priority": 0.8172,
        "estimated_landing_time": 1322.0,
        "wait_time": 0,
        "Landing_success_rate": 1.0
    },
    {
        "model": 2,
        "sequence": 10,
        "status": 1,
        "fuel": 5652,
        "fault": 0.6484,
        "weapon": 0,
        "pilot_injury": 0.4896,
        "pilot_skill": 0.4592,
        "mission_priority": 0.7398,
        "estimated_landing_time": 946.0,
        "wait_time": 0,
        "Landing_success_rate": 1.0
    },
    {
        "model": 1,
        "sequence": 3,
        "status": 1,
        "fuel": 5689,
        "fault": 0.2755,
        "weapon": 0,
        "pilot_injury": 0.1419,
        "pilot_skill": 0.3571,
        "mission_priority": 0.0678,
        "estimated_landing_time": 288.0,
        "wait_time": 0,
        "Landing_success_rate": 1.0
    },
    {
        "model": 1,
        "sequence": 17,
        "status": 1,
        "fuel": 5970,
        "fault": 0.7426,
        "weapon": 0,
        "pilot_injury": 0.0124,
        "pilot_skill": 0.6041,
        "mission_priority": 0.7724,
        "estimated_landing_time": 1604.0,
        "wait_time": 0,
        "Landing_success_rate": 1.0
    },
    {
        "model": 2,
        "sequence": 18,
        "status": 1,
        "fuel": 6058,
        "fault": 0.9412,
        "weapon": 0,
        "pilot_injury": 0.0289,
        "pilot_skill": 0.5125,
        "mission_priority": 0.6546,
        "estimated_landing_time": 1698.0,
        "wait_time": 0,
        "Landing_success_rate": 1.0
    },
    {
        "model": 2,
        "sequence": 5,
        "status": 1,
        "fuel": 7257,
        "fault": 0.0088,
        "weapon": 1,
        "pilot_injury": 0.4544,
        "pilot_skill": 0.7815,
        "mission_priority": 0.0335,
        "estimated_landing_time": 476.0,
        "wait_time": 0,
        "Landing_success_rate": 1.0
    },
    {
        "model": 1,
        "sequence": 4,
        "status": 1,
        "fuel": 6853,
        "fault": 0.3992,
        "weapon": 1,
        "pilot_injury": 0.2414,
        "pilot_skill": 0.5247,
        "mission_priority": 0.0493,
        "estimated_landing_time": 382.0,
        "wait_time": 0,
        "Landing_success_rate": 1.0
    },
    {
        "model": 0,
        "sequence": 15,
        "status": 1,
        "fuel": 5772,
        "fault": 0.9075,
        "weapon": 0,
        "pilot_injury": 0.0223,
        "pilot_skill": 0.3571,
        "mission_priority": 0.7261,
        "estimated_landing_time": 1416.0,
        "wait_time": 0,
        "Landing_success_rate": 1.0
    },
    {
        "model": 0,
        "sequence": 16,
        "status": 1,
        "fuel": 7234,
        "fault": 0.4752,
        "weapon": 0,
        "pilot_injury": 0.402,
        "pilot_skill": 0.9995,
        "mission_priority": 0.2829,
        "estimated_landing_time": 1510.0,
        "wait_time": 0,
        "Landing_success_rate": 1.0
    },
    {
        "model": 1,
        "sequence": 6,
        "status": 1,
        "fuel": 5606,
        "fault": 0.7355,
        "weapon": 0,
        "pilot_injury": 0.5049,
        "pilot_skill": 0.3548,
        "mission_priority": 0.6955,
        "estimated_landing_time": 570.0,
        "wait_time": 0,
        "Landing_success_rate": 1.0
    },
    {
        "model": 0,
        "sequence": 8,
        "status": 1,
        "fuel": 6776,
        "fault": 0.6291,
        "weapon": 0,
        "pilot_injury": 0.5001,
        "pilot_skill": 0.8238,
        "mission_priority": 0.927,
        "estimated_landing_time": 758.0,
        "wait_time": 0,
        "Landing_success_rate": 1.0
    },
    {
        "model": 2,
        "sequence": 7,
        "status": 1,
        "fuel": 6211,
        "fault": 0.6294,
        "weapon": 1,
        "pilot_injury": 0.6896,
        "pilot_skill": 0.2514,
        "mission_priority": 0.9665,
        "estimated_landing_time": 664.0,
        "wait_time": 0,
        "Landing_success_rate": 1.0
    },
    {
        "model": 2,
        "sequence": 13,
        "status": 1,
        "fuel": 6241,
        "fault": 0.2165,
        "weapon": 1,
        "pilot_injury": 0.7843,
        "pilot_skill": 0.4087,
        "mission_priority": 0.0746,
        "estimated_landing_time": 1228.0,
        "wait_time": 0,
        "Landing_success_rate": 1.0
    },
    {
        "model": 1,
        "sequence": 9,
        "status": 1,
        "fuel": 7053,
        "fault": 0.3553,
        "weapon": 0,
        "pilot_injury": 0.9303,
        "pilot_skill": 0.3066,
        "mission_priority": 0.8433,
        "estimated_landing_time": 852.0,
        "wait_time": 0,
        "Landing_success_rate": 1.0
    },
    {
        "model": 1,
        "sequence": 1,
        "status": 1,
        "fuel": 6710,
        "fault": 0.6289,
        "weapon": 0,
        "pilot_injury": 0.2919,
        "pilot_skill": 0.4613,
        "mission_priority": 0.8231,
        "estimated_landing_time": 100.0,
        "wait_time": 0,
        "Landing_success_rate": 1.0
    },
    {
        "model": 1,
        "sequence": 2,
        "status": 1,
        "fuel": 7401,
        "fault": 0.1546,
        "weapon": 0,
        "pilot_injury": 0.512,
        "pilot_skill": 0.9961,
        "mission_priority": 0.7418,
        "estimated_landing_time": 194.0,
        "wait_time": 0,
        "Landing_success_rate": 1.0
    }
]