[
    {
        "model": 1,
        "sequence": 9,
        "status": 1,
        "fuel": 6495,
        "fault": 0.2153,
        "weapon": 1,
        "pilot_injury": 0.877,
        "pilot_skill": 0.3402,
        "mission_priority": 0.6535,
        "estimated_landing_time": 852.0,
        "wait_time": 0,
        "Landing_success_rate": 1.0
    },
    {
        "model": 1,
        "sequence": 3,
        "status": 1,
        "fuel": 5603,
        "fault": 0.8608,
        "weapon": 1,
        "pilot_injury": 0.9441,
        "pilot_skill": 0.0429,
        "mission_priority": 0.403,
        "estimated_landing_time": 288.0,
        "wait_time": 0,
        "Landing_success_rate": 1.0
    },
    {
        "model": 2,
        "sequence": 17,
        "status": 1,
        "fuel": 6615,
        "fault": 0.2796,
        "weapon": 0,
        "pilot_injury": 0.1746,
        "pilot_skill": 0.6201,
        "mission_priority": 0.7807,
        "estimated_landing_time": 1604.0,
        "wait_time": 0,
        "Landing_success_rate": 1.0
    },
    {
        "model": 2,
        "sequence": 11,
        "status": 1,
        "fuel": 6770,
        "fault": 0.3533,
        "weapon": 0,
        "pilot_injury": 0.0128,
        "pilot_skill": 0.8205,
        "mission_priority": 0.1784,
        "estimated_landing_time": 1040.0,
        "wait_time": 0,
        "Landing_success_rate": 1.0
    },
    {
        "model": 2,
        "sequence": 16,
        "status": 1,
        "fuel": 6831,
        "fault": 0.4402,
        "weapon": 1,
        "pilot_injury": 0.8732,
        "pilot_skill": 0.966,
        "mission_priority": 0.2551,
        "estimated_landing_time": 1510.0,
        "wait_time": 0,
        "Landing_success_rate": 1.0
    },
    {
        "model": 1,
        "sequence": 10,
        "status": 1,
        "fuel": 6869,
        "fault": 0.8627,
        "weapon": 1,
        "pilot_injury": 0.5028,
        "pilot_skill": 0.5657,
        "mission_priority": 0.0463,
        "estimated_landing_time": 946.0,
        "wait_time": 0,
        "Landing_success_rate": 1.0
    },
    {
        "model": 2,
        "sequence": 6,
        "status": 1,
        "fuel": 6588,
        "fault": 0.7536,
        "weapon": 1,
        "pilot_injury": 0.3349,
        "pilot_skill": 0.2284,
        "mission_priority": 0.9459,
        "estimated_landing_time": 570.0,
        "wait_time": 0,
        "Landing_success_rate": 1.0
    },
    {
        "model": 1,
        "sequence": 8,
        "status": 1,
        "fuel": 6083,
        "fault": 0.8801,
        "weapon": 1,
        "pilot_injury": 0.2457,
        "pilot_skill": 0.4249,
        "mission_priority": 0.9961,
        "estimated_landing_time": 758.0,
        "wait_time": 0,
        "Landing_success_rate": 1.0
    },
    {
        "model": 2,
        "sequence": 13,
        "status": 1,
        "fuel": 6986,
        "fault": 0.1018,
        "weapon": 0,
        "pilot_injury": 0.946,
        "pilot_skill": 0.6982,
        "mission_priority": 0.01,
        "estimated_landing_time": 1228.0,
        "wait_time": 0,
        "Landing_success_rate": 1.0
    },
    {
        "model": 1,
        "sequence": 7,
        "status": 1,
        "fuel": 6316,
        "fault": 0.0944,
        "weapon": 1,
        "pilot_injury": 0.9809,
        "pilot_skill": 0.8393,
        "mission_priority": 0.4456,
        "estimated_landing_time": 664.0,
        "wait_time": 0,
        "Landing_success_rate": 1.0
    },
    {
        "model": 1,
        "sequence": 2,
        "status": 1,
        "fuel": 5567,
        "fault": 0.9938,
        "weapon": 1,
        "pilot_injury": 0.353,
        "pilot_skill": 0.6264,
        "mission_priority": 0.7698,
        "estimated_landing_time": 194.0,
        "wait_time": 0,
        "Landing_success_rate": 1.0
    },
    {
        "model": 1,
        "sequence": 18,
        "status": 1,
        "fuel": 6735,
        "fault": 0.8214,
        "weapon": 0,
        "pilot_injury": 0.1764,
        "pilot_skill": 0.3737,
        "mission_priority": 0.3126,
        "estimated_landing_time": 1698.0,
        "wait_time": 0,
        "Landing_success_rate": 1.0
    },
    {
        "model": 2,
        "sequence": 4,
        "status": 1,
        "fuel": 5743,
        "fault": 0.6294,
        "weapon": 0,
        "pilot_injury": 0.9479,
        "pilot_skill": 0.538,
        "mission_priority": 0.2864,
        "estimated_landing_time": 382.0,
        "wait_time": 0,
        "Landing_success_rate": 1.0
    },
    {
        "model": 2,
        "sequence": 15,
        "status": 1,
        "fuel": 7410,
        "fault": 0.7629,
        "weapon": 0,
        "pilot_injury": 0.3527,
        "pilot_skill": 0.5383,
        "mission_priority": 0.2742,
        "estimated_landing_time": 1416.0,
        "wait_time": 0,
        "Landing_success_rate": 1.0
    },
    {
        "model": 0,
        "sequence": 12,
        "status": 1,
        "fuel": 6459,
        "fault": 0.2244,
        "weapon": 1,
        "pilot_injury": 0.5846,
        "pilot_skill": 0.0935,
        "mission_priority": 0.9732,
        "estimated_landing_time": 1134.0,
        "wait_time": 0,
        "Landing_success_rate": 1.0
    },
    {
        "model": 1,
        "sequence": 1,
        "status": 1,
        "fuel": 5558,
        "fault": 0.7061,
        "weapon": 0,
        "pilot_injury": 0.7014,
        "pilot_skill": 0.708,
        "mission_priority": 0.0189,
        "estimated_landing_time": 100.0,
        "wait_time": 0,
        "Landing_success_rate": 1.0
    },
    {
        "model": 2,
        "sequence": 14,
        "status": 1,
        "fuel": 6807,
        "fault": 0.0491,
        "weapon": 0,
        "pilot_injury": 0.9608,
        "pilot_skill": 0.6961,
        "mission_priority": 0.1866,
        "estimated_landing_time": 1322.0,
        "wait_time": 0,
        "Landing_success_rate": 1.0
    },
    {
        "model": 0,
        "sequence": 5,
        "status": 1,
        "fuel": 7070,
        "fault": 0.4528,
        "weapon": 0,
        "pilot_injury": 0.6335,
        "pilot_skill": 0.8312,
        "mission_priority": 0.9033,
        "estimated_landing_time": 476.0,
        "wait_time": 0,
        "Landing_success_rate": 1.0
    }
]