[
    {
        "model": 1,
        "sequence": 10,
        "status": 1,
        "fuel": 6209,
        "fault": 0.4245,
        "weapon": 0,
        "pilot_injury": 0.5963,
        "pilot_skill": 0.4796,
        "mission_priority": 0.1419,
        "estimated_landing_time": 946.0,
        "wait_time": 0,
        "Landing_success_rate": 1.0
    },
    {
        "model": 2,
        "sequence": 5,
        "status": 1,
        "fuel": 6986,
        "fault": 0.3088,
        "weapon": 1,
        "pilot_injury": 0.8895,
        "pilot_skill": 0.7518,
        "mission_priority": 0.0046,
        "estimated_landing_time": 476.0,
        "wait_time": 0,
        "Landing_success_rate": 1.0
    },
    {
        "model": 2,
        "sequence": 1,
        "status": 1,
        "fuel": 6624,
        "fault": 0.9798,
        "weapon": 0,
        "pilot_injury": 0.8944,
        "pilot_skill": 0.0657,
        "mission_priority": 0.5312,
        "estimated_landing_time": 100.0,
        "wait_time": 0,
        "Landing_success_rate": 1.0
    },
    {
        "model": 2,
        "sequence": 6,
        "status": 1,
        "fuel": 6613,
        "fault": 0.3977,
        "weapon": 1,
        "pilot_injury": 0.7923,
        "pilot_skill": 0.642,
        "mission_priority": 0.7946,
        "estimated_landing_time": 570.0,
        "wait_time": 0,
        "Landing_success_rate": 1.0
    },
    {
        "model": 0,
        "sequence": 12,
        "status": 1,
        "fuel": 5639,
        "fault": 0.85,
        "weapon": 0,
        "pilot_injury": 0.3827,
        "pilot_skill": 0.9569,
        "mission_priority": 0.2882,
        "estimated_landing_time": 1134.0,
        "wait_time": 0,
        "Landing_success_rate": 1.0
    },
    {
        "model": 2,
        "sequence": 16,
        "status": 1,
        "fuel": 7498,
        "fault": 0.3925,
        "weapon": 1,
        "pilot_injury": 0.3663,
        "pilot_skill": 0.4703,
        "mission_priority": 0.5603,
        "estimated_landing_time": 1510.0,
        "wait_time": 0,
        "Landing_success_rate": 1.0
    },
    {
        "model": 1,
        "sequence": 11,
        "status": 1,
        "fuel": 6421,
        "fault": 0.0449,
        "weapon": 1,
        "pilot_injury": 0.0359,
        "pilot_skill": 0.7127,
        "mission_priority": 0.8242,
        "estimated_landing_time": 1040.0,
        "wait_time": 0,
        "Landing_success_rate": 1.0
    },
    {
        "model": 2,
        "sequence": 17,
        "status": 1,
        "fuel": 7130,
        "fault": 0.9,
        "weapon": 1,
        "pilot_injury": 0.3136,
        "pilot_skill": 0.8393,
        "mission_priority": 0.7776,
        "estimated_landing_time": 1604.0,
        "wait_time": 0,
        "Landing_success_rate": 1.0
    },
    {
        "model": 0,
        "sequence": 13,
        "status": 1,
        "fuel": 6511,
        "fault": 0.746,
        "weapon": 1,
        "pilot_injury": 0.6518,
        "pilot_skill": 0.0657,
        "mission_priority": 0.1004,
        "estimated_landing_time": 1228.0,
        "wait_time": 0,
        "Landing_success_rate": 1.0
    },
    {
        "model": 0,
        "sequence": 2,
        "status": 1,
        "fuel": 6360,
        "fault": 0.5179,
        "weapon": 0,
        "pilot_injury": 0.462,
        "pilot_skill": 0.3391,
        "mission_priority": 0.0338,
        "estimated_landing_time": 194.0,
        "wait_time": 0,
        "Landing_success_rate": 1.0
    },
    {
        "model": 0,
        "sequence": 3,
        "status": 1,
        "fuel": 6774,
        "fault": 0.5152,
        "weapon": 0,
        "pilot_injury": 0.4312,
        "pilot_skill": 0.2121,
        "mission_priority": 0.2935,
        "estimated_landing_time": 288.0,
        "wait_time": 0,
        "Landing_success_rate": 1.0
    },
    {
        "model": 0,
        "sequence": 18,
        "status": 1,
        "fuel": 6820,
        "fault": 0.5315,
        "weapon": 0,
        "pilot_injury": 0.2459,
        "pilot_skill": 0.8331,
        "mission_priority": 0.5481,
        "estimated_landing_time": 1698.0,
        "wait_time": 0,
        "Landing_success_rate": 1.0
    },
    {
        "model": 0,
        "sequence": 8,
        "status": 1,
        "fuel": 7144,
        "fault": 0.0336,
        "weapon": 0,
        "pilot_injury": 0.9093,
        "pilot_skill": 0.2547,
        "mission_priority": 0.6167,
        "estimated_landing_time": 758.0,
        "wait_time": 0,
        "Landing_success_rate": 1.0
    },
    {
        "model": 1,
        "sequence": 4,
        "status": 1,
        "fuel": 6572,
        "fault": 0.3441,
        "weapon": 1,
        "pilot_injury": 0.4185,
        "pilot_skill": 0.8548,
        "mission_priority": 0.5639,
        "estimated_landing_time": 382.0,
        "wait_time": 0,
        "Landing_success_rate": 1.0
    },
    {
        "model": 2,
        "sequence": 14,
        "status": 1,
        "fuel": 6071,
        "fault": 0.1891,
        "weapon": 0,
        "pilot_injury": 0.9969,
        "pilot_skill": 0.7311,
        "mission_priority": 0.3145,
        "estimated_landing_time": 1322.0,
        "wait_time": 0,
        "Landing_success_rate": 1.0
    },
    {
        "model": 1,
        "sequence": 9,
        "status": 1,
        "fuel": 6720,
        "fault": 0.3844,
        "weapon": 0,
        "pilot_injury": 0.0979,
        "pilot_skill": 0.0536,
        "mission_priority": 0.5808,
        "estimated_landing_time": 852.0,
        "wait_time": 0,
        "Landing_success_rate": 1.0
    },
    {
        "model": 1,
        "sequence": 7,
        "status": 1,
        "fuel": 6217,
        "fault": 0.4666,
        "weapon": 1,
        "pilot_injury": 0.5666,
        "pilot_skill": 0.3718,
        "mission_priority": 0.8925,
        "estimated_landing_time": 664.0,
        "wait_time": 0,
        "Landing_success_rate": 1.0
    },
    {
        "model": 0,
        "sequence": 15,
        "status": 1,
        "fuel": 6512,
        "fault": 0.2753,
        "weapon": 1,
        "pilot_injury": 0.9709,
        "pilot_skill": 0.345,
        "mission_priority": 0.7418,
        "estimated_landing_time": 1416.0,
        "wait_time": 0,
        "Landing_success_rate": 1.0
    }
]