[
    {
        "model": 1,
        "sequence": 11,
        "status": 1,
        "fuel": 7178,
        "fault": 0.295,
        "weapon": 1,
        "pilot_injury": 0.9171,
        "pilot_skill": 0.109,
        "mission_priority": 0.2381,
        "estimated_landing_time": 1040.0,
        "wait_time": 0,
        "Landing_success_rate": 1.0
    },
    {
        "model": 2,
        "sequence": 7,
        "status": 1,
        "fuel": 7250,
        "fault": 0.5269,
        "weapon": 0,
        "pilot_injury": 0.0046,
        "pilot_skill": 0.6396,
        "mission_priority": 0.8697,
        "estimated_landing_time": 664.0,
        "wait_time": 0,
        "Landing_success_rate": 1.0
    },
    {
        "model": 1,
        "sequence": 13,
        "status": 1,
        "fuel": 5571,
        "fault": 0.4375,
        "weapon": 0,
        "pilot_injury": 0.9583,
        "pilot_skill": 0.8935,
        "mission_priority": 0.434,
        "estimated_landing_time": 1228.0,
        "wait_time": 0,
        "Landing_success_rate": 1.0
    },
    {
        "model": 0,
        "sequence": 16,
        "status": 1,
        "fuel": 7095,
        "fault": 0.9675,
        "weapon": 1,
        "pilot_injury": 0.4006,
        "pilot_skill": 0.0684,
        "mission_priority": 0.5981,
        "estimated_landing_time": 1510.0,
        "wait_time": 0,
        "Landing_success_rate": 1.0
    },
    {
        "model": 0,
        "sequence": 1,
        "status": 1,
        "fuel": 7253,
        "fault": 0.3718,
        "weapon": 1,
        "pilot_injury": 0.6596,
        "pilot_skill": 0.7751,
        "mission_priority": 0.2131,
        "estimated_landing_time": 100.0,
        "wait_time": 0,
        "Landing_success_rate": 1.0
    },
    {
        "model": 0,
        "sequence": 2,
        "status": 1,
        "fuel": 6132,
        "fault": 0.2311,
        "weapon": 0,
        "pilot_injury": 0.2974,
        "pilot_skill": 0.1101,
        "mission_priority": 0.3703,
        "estimated_landing_time": 194.0,
        "wait_time": 0,
        "Landing_success_rate": 1.0
    },
    {
        "model": 2,
        "sequence": 8,
        "status": 1,
        "fuel": 6746,
        "fault": 0.388,
        "weapon": 1,
        "pilot_injury": 0.801,
        "pilot_skill": 0.7967,
        "mission_priority": 0.567,
        "estimated_landing_time": 758.0,
        "wait_time": 0,
        "Landing_success_rate": 1.0
    },
    {
        "model": 0,
        "sequence": 6,
        "status": 1,
        "fuel": 6192,
        "fault": 0.3903,
        "weapon": 0,
        "pilot_injury": 0.3177,
        "pilot_skill": 0.5819,
        "mission_priority": 0.938,
        "estimated_landing_time": 570.0,
        "wait_time": 0,
        "Landing_success_rate": 1.0
    },
    {
        "model": 2,
        "sequence": 12,
        "status": 1,
        "fuel": 6960,
        "fault": 0.4589,
        "weapon": 0,
        "pilot_injury": 0.9376,
        "pilot_skill": 0.9144,
        "mission_priority": 0.2538,
        "estimated_landing_time": 1134.0,
        "wait_time": 0,
        "Landing_success_rate": 1.0
    },
    {
        "model": 0,
        "sequence": 14,
        "status": 1,
        "fuel": 6241,
        "fault": 0.8852,
        "weapon": 0,
        "pilot_injury": 0.518,
        "pilot_skill": 0.096,
        "mission_priority": 0.9937,
        "estimated_landing_time": 1322.0,
        "wait_time": 0,
        "Landing_success_rate": 1.0
    },
    {
        "model": 0,
        "sequence": 10,
        "status": 1,
        "fuel": 7252,
        "fault": 0.0127,
        "weapon": 1,
        "pilot_injury": 0.6182,
        "pilot_skill": 0.0876,
        "mission_priority": 0.4953,
        "estimated_landing_time": 946.0,
        "wait_time": 0,
        "Landing_success_rate": 1.0
    },
    {
        "model": 1,
        "sequence": 17,
        "status": 1,
        "fuel": 5596,
        "fault": 0.9998,
        "weapon": 0,
        "pilot_injury": 0.3374,
        "pilot_skill": 0.5314,
        "mission_priority": 0.6974,
        "estimated_landing_time": 1604.0,
        "wait_time": 0,
        "Landing_success_rate": 1.0
    },
    {
        "model": 2,
        "sequence": 5,
        "status": 1,
        "fuel": 5753,
        "fault": 0.3033,
        "weapon": 1,
        "pilot_injury": 0.5054,
        "pilot_skill": 0.6016,
        "mission_priority": 0.0058,
        "estimated_landing_time": 476.0,
        "wait_time": 0,
        "Landing_success_rate": 1.0
    },
    {
        "model": 1,
        "sequence": 9,
        "status": 1,
        "fuel": 5664,
        "fault": 0.4891,
        "weapon": 1,
        "pilot_injury": 0.3481,
        "pilot_skill": 0.5411,
        "mission_priority": 0.2938,
        "estimated_landing_time": 852.0,
        "wait_time": 0,
        "Landing_success_rate": 1.0
    },
    {
        "model": 2,
        "sequence": 15,
        "status": 1,
        "fuel": 6425,
        "fault": 0.08,
        "weapon": 0,
        "pilot_injury": 0.1451,
        "pilot_skill": 0.4955,
        "mission_priority": 0.9528,
        "estimated_landing_time": 1416.0,
        "wait_time": 0,
        "Landing_success_rate": 1.0
    },
    {
        "model": 0,
        "sequence": 3,
        "status": 1,
        "fuel": 7102,
        "fault": 0.2663,
        "weapon": 0,
        "pilot_injury": 0.4312,
        "pilot_skill": 0.0199,
        "mission_priority": 0.6461,
        "estimated_landing_time": 288.0,
        "wait_time": 0,
        "Landing_success_rate": 1.0
    },
    {
        "model": 0,
        "sequence": 4,
        "status": 1,
        "fuel": 6062,
        "fault": 0.3213,
        "weapon": 1,
        "pilot_injury": 0.4622,
        "pilot_skill": 0.9153,
        "mission_priority": 0.2051,
        "estimated_landing_time": 382.0,
        "wait_time": 0,
        "Landing_success_rate": 1.0
    },
    {
        "model": 2,
        "sequence": 18,
        "status": 1,
        "fuel": 5856,
        "fault": 0.2306,
        "weapon": 1,
        "pilot_injury": 0.8108,
        "pilot_skill": 0.8246,
        "mission_priority": 0.7593,
        "estimated_landing_time": 1698.0,
        "wait_time": 0,
        "Landing_success_rate": 1.0
    }
]