[
    {
        "model": 0,
        "sequence": 6,
        "status": 1,
        "fuel": 6414,
        "fault": 0.9414,
        "weapon": 0,
        "pilot_injury": 0.8871,
        "pilot_skill": 0.6356,
        "mission_priority": 0.6642,
        "estimated_landing_time": 570.0,
        "wait_time": 0,
        "Landing_success_rate": 1.0
    },
    {
        "model": 0,
        "sequence": 12,
        "status": 1,
        "fuel": 6534,
        "fault": 0.3294,
        "weapon": 1,
        "pilot_injury": 0.866,
        "pilot_skill": 0.4164,
        "mission_priority": 0.8654,
        "estimated_landing_time": 1134.0,
        "wait_time": 0,
        "Landing_success_rate": 1.0
    },
    {
        "model": 0,
        "sequence": 17,
        "status": 1,
        "fuel": 6551,
        "fault": 0.1762,
        "weapon": 1,
        "pilot_injury": 0.0387,
        "pilot_skill": 0.244,
        "mission_priority": 0.3783,
        "estimated_landing_time": 1604.0,
        "wait_time": 0,
        "Landing_success_rate": 1.0
    },
    {
        "model": 1,
        "sequence": 16,
        "status": 1,
        "fuel": 5758,
        "fault": 0.0312,
        "weapon": 1,
        "pilot_injury": 0.9554,
        "pilot_skill": 0.5592,
        "mission_priority": 0.7477,
        "estimated_landing_time": 1510.0,
        "wait_time": 0,
        "Landing_success_rate": 1.0
    },
    {
        "model": 1,
        "sequence": 14,
        "status": 1,
        "fuel": 5723,
        "fault": 0.5234,
        "weapon": 0,
        "pilot_injury": 0.7062,
        "pilot_skill": 0.8484,
        "mission_priority": 0.5364,
        "estimated_landing_time": 1322.0,
        "wait_time": 0,
        "Landing_success_rate": 1.0
    },
    {
        "model": 1,
        "sequence": 15,
        "status": 1,
        "fuel": 6410,
        "fault": 0.3705,
        "weapon": 1,
        "pilot_injury": 0.7368,
        "pilot_skill": 0.8384,
        "mission_priority": 0.5937,
        "estimated_landing_time": 1416.0,
        "wait_time": 0,
        "Landing_success_rate": 1.0
    },
    {
        "model": 1,
        "sequence": 4,
        "status": 1,
        "fuel": 7412,
        "fault": 0.5275,
        "weapon": 1,
        "pilot_injury": 0.4755,
        "pilot_skill": 0.6772,
        "mission_priority": 0.3203,
        "estimated_landing_time": 382.0,
        "wait_time": 0,
        "Landing_success_rate": 1.0
    },
    {
        "model": 1,
        "sequence": 13,
        "status": 1,
        "fuel": 5624,
        "fault": 0.7695,
        "weapon": 1,
        "pilot_injury": 0.0428,
        "pilot_skill": 0.794,
        "mission_priority": 0.6442,
        "estimated_landing_time": 1228.0,
        "wait_time": 0,
        "Landing_success_rate": 1.0
    },
    {
        "model": 2,
        "sequence": 2,
        "status": 1,
        "fuel": 6847,
        "fault": 0.6776,
        "weapon": 1,
        "pilot_injury": 0.0176,
        "pilot_skill": 0.0738,
        "mission_priority": 0.1118,
        "estimated_landing_time": 194.0,
        "wait_time": 0,
        "Landing_success_rate": 1.0
    },
    {
        "model": 2,
        "sequence": 7,
        "status": 1,
        "fuel": 7252,
        "fault": 0.6448,
        "weapon": 1,
        "pilot_injury": 0.9979,
        "pilot_skill": 0.7584,
        "mission_priority": 0.6012,
        "estimated_landing_time": 664.0,
        "wait_time": 0,
        "Landing_success_rate": 1.0
    },
    {
        "model": 2,
        "sequence": 5,
        "status": 1,
        "fuel": 6339,
        "fault": 0.6949,
        "weapon": 1,
        "pilot_injury": 0.1656,
        "pilot_skill": 0.7373,
        "mission_priority": 0.2781,
        "estimated_landing_time": 476.0,
        "wait_time": 0,
        "Landing_success_rate": 1.0
    },
    {
        "model": 2,
        "sequence": 11,
        "status": 1,
        "fuel": 6576,
        "fault": 0.0092,
        "weapon": 1,
        "pilot_injury": 0.9264,
        "pilot_skill": 0.9448,
        "mission_priority": 0.6157,
        "estimated_landing_time": 1040.0,
        "wait_time": 0,
        "Landing_success_rate": 1.0
    },
    {
        "model": 0,
        "sequence": 1,
        "status": 1,
        "fuel": 5504,
        "fault": 0.6515,
        "weapon": 0,
        "pilot_injury": 0.7631,
        "pilot_skill": 0.2021,
        "mission_priority": 0.8403,
        "estimated_landing_time": 100.0,
        "wait_time": 0,
        "Landing_success_rate": 1.0
    },
    {
        "model": 0,
        "sequence": 10,
        "status": 1,
        "fuel": 6282,
        "fault": 0.3621,
        "weapon": 0,
        "pilot_injury": 0.078,
        "pilot_skill": 0.4839,
        "mission_priority": 0.7915,
        "estimated_landing_time": 946.0,
        "wait_time": 0,
        "Landing_success_rate": 1.0
    },
    {
        "model": 2,
        "sequence": 3,
        "status": 1,
        "fuel": 6677,
        "fault": 0.7154,
        "weapon": 0,
        "pilot_injury": 0.8207,
        "pilot_skill": 0.175,
        "mission_priority": 0.6519,
        "estimated_landing_time": 288.0,
        "wait_time": 0,
        "Landing_success_rate": 1.0
    },
    {
        "model": 1,
        "sequence": 18,
        "status": 1,
        "fuel": 6701,
        "fault": 0.6764,
        "weapon": 0,
        "pilot_injury": 0.4144,
        "pilot_skill": 0.8525,
        "mission_priority": 0.9718,
        "estimated_landing_time": 1698.0,
        "wait_time": 0,
        "Landing_success_rate": 1.0
    },
    {
        "model": 2,
        "sequence": 9,
        "status": 1,
        "fuel": 5972,
        "fault": 0.5771,
        "weapon": 1,
        "pilot_injury": 0.132,
        "pilot_skill": 0.9751,
        "mission_priority": 0.0335,
        "estimated_landing_time": 852.0,
        "wait_time": 0,
        "Landing_success_rate": 1.0
    },
    {
        "model": 2,
        "sequence": 8,
        "status": 1,
        "fuel": 7220,
        "fault": 0.7522,
        "weapon": 1,
        "pilot_injury": 0.8139,
        "pilot_skill": 0.2175,
        "mission_priority": 0.0115,
        "estimated_landing_time": 758.0,
        "wait_time": 0,
        "Landing_success_rate": 1.0
    }
]