[
    {
        "model": 0,
        "sequence": 3,
        "status": 1,
        "fuel": 6033,
        "fault": 0.7767,
        "weapon": 1,
        "pilot_injury": 0.3762,
        "pilot_skill": 0.353,
        "mission_priority": 0.4461,
        "estimated_landing_time": 288.0,
        "wait_time": 0,
        "Landing_success_rate": 1.0
    },
    {
        "model": 0,
        "sequence": 9,
        "status": 1,
        "fuel": 7083,
        "fault": 0.2347,
        "weapon": 1,
        "pilot_injury": 0.0069,
        "pilot_skill": 0.5034,
        "mission_priority": 0.8479,
        "estimated_landing_time": 852.0,
        "wait_time": 0,
        "Landing_success_rate": 1.0
    },
    {
        "model": 2,
        "sequence": 4,
        "status": 1,
        "fuel": 5945,
        "fault": 0.7018,
        "weapon": 0,
        "pilot_injury": 0.0306,
        "pilot_skill": 0.8595,
        "mission_priority": 0.385,
        "estimated_landing_time": 382.0,
        "wait_time": 0,
        "Landing_success_rate": 1.0
    },
    {
        "model": 0,
        "sequence": 7,
        "status": 1,
        "fuel": 6001,
        "fault": 0.9257,
        "weapon": 0,
        "pilot_injury": 0.9447,
        "pilot_skill": 0.6343,
        "mission_priority": 0.0523,
        "estimated_landing_time": 664.0,
        "wait_time": 0,
        "Landing_success_rate": 1.0
    },
    {
        "model": 0,
        "sequence": 11,
        "status": 1,
        "fuel": 6854,
        "fault": 0.5269,
        "weapon": 1,
        "pilot_injury": 0.7307,
        "pilot_skill": 0.8895,
        "mission_priority": 0.1758,
        "estimated_landing_time": 1040.0,
        "wait_time": 0,
        "Landing_success_rate": 1.0
    },
    {
        "model": 1,
        "sequence": 12,
        "status": 1,
        "fuel": 5963,
        "fault": 0.0279,
        "weapon": 0,
        "pilot_injury": 0.6798,
        "pilot_skill": 0.8719,
        "mission_priority": 0.7611,
        "estimated_landing_time": 1134.0,
        "wait_time": 0,
        "Landing_success_rate": 1.0
    },
    {
        "model": 2,
        "sequence": 14,
        "status": 1,
        "fuel": 6810,
        "fault": 0.635,
        "weapon": 0,
        "pilot_injury": 0.9661,
        "pilot_skill": 0.227,
        "mission_priority": 0.0741,
        "estimated_landing_time": 1322.0,
        "wait_time": 0,
        "Landing_success_rate": 1.0
    },
    {
        "model": 1,
        "sequence": 10,
        "status": 1,
        "fuel": 6373,
        "fault": 0.1412,
        "weapon": 0,
        "pilot_injury": 0.1503,
        "pilot_skill": 0.8858,
        "mission_priority": 0.9922,
        "estimated_landing_time": 946.0,
        "wait_time": 0,
        "Landing_success_rate": 1.0
    },
    {
        "model": 0,
        "sequence": 13,
        "status": 1,
        "fuel": 7317,
        "fault": 0.7361,
        "weapon": 1,
        "pilot_injury": 0.3289,
        "pilot_skill": 0.3937,
        "mission_priority": 0.4516,
        "estimated_landing_time": 1228.0,
        "wait_time": 0,
        "Landing_success_rate": 1.0
    },
    {
        "model": 2,
        "sequence": 5,
        "status": 1,
        "fuel": 6807,
        "fault": 0.4275,
        "weapon": 0,
        "pilot_injury": 0.9612,
        "pilot_skill": 0.3328,
        "mission_priority": 0.5415,
        "estimated_landing_time": 476.0,
        "wait_time": 0,
        "Landing_success_rate": 1.0
    },
    {
        "model": 2,
        "sequence": 8,
        "status": 1,
        "fuel": 6626,
        "fault": 0.5395,
        "weapon": 0,
        "pilot_injury": 0.4653,
        "pilot_skill": 0.685,
        "mission_priority": 0.8607,
        "estimated_landing_time": 758.0,
        "wait_time": 0,
        "Landing_success_rate": 1.0
    },
    {
        "model": 1,
        "sequence": 15,
        "status": 1,
        "fuel": 5950,
        "fault": 0.532,
        "weapon": 0,
        "pilot_injury": 0.9751,
        "pilot_skill": 0.0425,
        "mission_priority": 0.4482,
        "estimated_landing_time": 1416.0,
        "wait_time": 0,
        "Landing_success_rate": 1.0
    },
    {
        "model": 1,
        "sequence": 2,
        "status": 1,
        "fuel": 6762,
        "fault": 0.1078,
        "weapon": 0,
        "pilot_injury": 0.5968,
        "pilot_skill": 0.0562,
        "mission_priority": 0.8576,
        "estimated_landing_time": 194.0,
        "wait_time": 0,
        "Landing_success_rate": 1.0
    },
    {
        "model": 2,
        "sequence": 1,
        "status": 1,
        "fuel": 5960,
        "fault": 0.0396,
        "weapon": 1,
        "pilot_injury": 0.0488,
        "pilot_skill": 0.7536,
        "mission_priority": 0.3695,
        "estimated_landing_time": 100.0,
        "wait_time": 0,
        "Landing_success_rate": 1.0
    },
    {
        "model": 2,
        "sequence": 17,
        "status": 1,
        "fuel": 6471,
        "fault": 0.7985,
        "weapon": 1,
        "pilot_injury": 0.173,
        "pilot_skill": 0.2961,
        "mission_priority": 0.2467,
        "estimated_landing_time": 1604.0,
        "wait_time": 0,
        "Landing_success_rate": 1.0
    },
    {
        "model": 1,
        "sequence": 6,
        "status": 1,
        "fuel": 7198,
        "fault": 0.806,
        "weapon": 0,
        "pilot_injury": 0.5541,
        "pilot_skill": 0.6092,
        "mission_priority": 0.4701,
        "estimated_landing_time": 570.0,
        "wait_time": 0,
        "Landing_success_rate": 1.0
    },
    {
        "model": 0,
        "sequence": 18,
        "status": 1,
        "fuel": 7157,
        "fault": 0.3932,
        "weapon": 1,
        "pilot_injury": 0.3546,
        "pilot_skill": 0.6652,
        "mission_priority": 0.7338,
        "estimated_landing_time": 1698.0,
        "wait_time": 0,
        "Landing_success_rate": 1.0
    },
    {
        "model": 2,
        "sequence": 16,
        "status": 1,
        "fuel": 5530,
        "fault": 0.8429,
        "weapon": 1,
        "pilot_injury": 0.2105,
        "pilot_skill": 0.8601,
        "mission_priority": 0.8659,
        "estimated_landing_time": 1510.0,
        "wait_time": 0,
        "Landing_success_rate": 1.0
    }
]