[
    {
        "model": 1,
        "sequence": 18,
        "status": 1,
        "fuel": 5798,
        "fault": 0.1482,
        "weapon": 1,
        "pilot_injury": 0.5965,
        "pilot_skill": 0.6062,
        "mission_priority": 0.015,
        "estimated_landing_time": 1698.0,
        "wait_time": 0,
        "Landing_success_rate": 1.0
    },
    {
        "model": 1,
        "sequence": 9,
        "status": 1,
        "fuel": 7004,
        "fault": 0.9462,
        "weapon": 1,
        "pilot_injury": 0.678,
        "pilot_skill": 0.5767,
        "mission_priority": 0.7576,
        "estimated_landing_time": 852.0,
        "wait_time": 0,
        "Landing_success_rate": 1.0
    },
    {
        "model": 0,
        "sequence": 8,
        "status": 1,
        "fuel": 5780,
        "fault": 0.9992,
        "weapon": 0,
        "pilot_injury": 0.3768,
        "pilot_skill": 0.3451,
        "mission_priority": 0.831,
        "estimated_landing_time": 758.0,
        "wait_time": 0,
        "Landing_success_rate": 1.0
    },
    {
        "model": 0,
        "sequence": 4,
        "status": 1,
        "fuel": 6591,
        "fault": 0.045,
        "weapon": 0,
        "pilot_injury": 0.1943,
        "pilot_skill": 0.9138,
        "mission_priority": 0.4078,
        "estimated_landing_time": 382.0,
        "wait_time": 0,
        "Landing_success_rate": 1.0
    },
    {
        "model": 2,
        "sequence": 15,
        "status": 1,
        "fuel": 6161,
        "fault": 0.7103,
        "weapon": 0,
        "pilot_injury": 0.2446,
        "pilot_skill": 0.9435,
        "mission_priority": 0.3676,
        "estimated_landing_time": 1416.0,
        "wait_time": 0,
        "Landing_success_rate": 1.0
    },
    {
        "model": 1,
        "sequence": 17,
        "status": 1,
        "fuel": 6722,
        "fault": 0.3146,
        "weapon": 1,
        "pilot_injury": 0.8072,
        "pilot_skill": 0.8969,
        "mission_priority": 0.7879,
        "estimated_landing_time": 1604.0,
        "wait_time": 0,
        "Landing_success_rate": 1.0
    },
    {
        "model": 0,
        "sequence": 6,
        "status": 1,
        "fuel": 6351,
        "fault": 0.5038,
        "weapon": 1,
        "pilot_injury": 0.9241,
        "pilot_skill": 0.6243,
        "mission_priority": 0.8692,
        "estimated_landing_time": 570.0,
        "wait_time": 0,
        "Landing_success_rate": 1.0
    },
    {
        "model": 0,
        "sequence": 12,
        "status": 1,
        "fuel": 7396,
        "fault": 0.4486,
        "weapon": 0,
        "pilot_injury": 0.6096,
        "pilot_skill": 0.0909,
        "mission_priority": 0.6957,
        "estimated_landing_time": 1134.0,
        "wait_time": 0,
        "Landing_success_rate": 1.0
    },
    {
        "model": 1,
        "sequence": 16,
        "status": 1,
        "fuel": 6634,
        "fault": 0.9052,
        "weapon": 0,
        "pilot_injury": 0.9792,
        "pilot_skill": 0.9011,
        "mission_priority": 0.8935,
        "estimated_landing_time": 1510.0,
        "wait_time": 0,
        "Landing_success_rate": 1.0
    },
    {
        "model": 0,
        "sequence": 14,
        "status": 1,
        "fuel": 5684,
        "fault": 0.3189,
        "weapon": 0,
        "pilot_injury": 0.6551,
        "pilot_skill": 0.1061,
        "mission_priority": 0.9006,
        "estimated_landing_time": 1322.0,
        "wait_time": 0,
        "Landing_success_rate": 1.0
    },
    {
        "model": 1,
        "sequence": 2,
        "status": 1,
        "fuel": 5877,
        "fault": 0.4283,
        "weapon": 0,
        "pilot_injury": 0.9273,
        "pilot_skill": 0.5531,
        "mission_priority": 0.4476,
        "estimated_landing_time": 194.0,
        "wait_time": 0,
        "Landing_success_rate": 1.0
    },
    {
        "model": 0,
        "sequence": 11,
        "status": 1,
        "fuel": 7202,
        "fault": 0.1423,
        "weapon": 1,
        "pilot_injury": 0.6413,
        "pilot_skill": 0.3731,
        "mission_priority": 0.6363,
        "estimated_landing_time": 1040.0,
        "wait_time": 0,
        "Landing_success_rate": 1.0
    },
    {
        "model": 1,
        "sequence": 3,
        "status": 1,
        "fuel": 5621,
        "fault": 0.128,
        "weapon": 1,
        "pilot_injury": 0.5146,
        "pilot_skill": 0.3001,
        "mission_priority": 0.6438,
        "estimated_landing_time": 288.0,
        "wait_time": 0,
        "Landing_success_rate": 1.0
    },
    {
        "model": 1,
        "sequence": 5,
        "status": 1,
        "fuel": 6470,
        "fault": 0.3715,
        "weapon": 1,
        "pilot_injury": 0.1339,
        "pilot_skill": 0.1198,
        "mission_priority": 0.9232,
        "estimated_landing_time": 476.0,
        "wait_time": 0,
        "Landing_success_rate": 1.0
    },
    {
        "model": 0,
        "sequence": 13,
        "status": 1,
        "fuel": 6839,
        "fault": 0.0498,
        "weapon": 1,
        "pilot_injury": 0.5828,
        "pilot_skill": 0.4617,
        "mission_priority": 0.7923,
        "estimated_landing_time": 1228.0,
        "wait_time": 0,
        "Landing_success_rate": 1.0
    },
    {
        "model": 1,
        "sequence": 10,
        "status": 1,
        "fuel": 6327,
        "fault": 0.4797,
        "weapon": 1,
        "pilot_injury": 0.4663,
        "pilot_skill": 0.2985,
        "mission_priority": 0.3713,
        "estimated_landing_time": 946.0,
        "wait_time": 0,
        "Landing_success_rate": 1.0
    },
    {
        "model": 2,
        "sequence": 1,
        "status": 1,
        "fuel": 6409,
        "fault": 0.734,
        "weapon": 0,
        "pilot_injury": 0.3355,
        "pilot_skill": 0.7959,
        "mission_priority": 0.1825,
        "estimated_landing_time": 100.0,
        "wait_time": 0,
        "Landing_success_rate": 1.0
    },
    {
        "model": 2,
        "sequence": 7,
        "status": 1,
        "fuel": 6640,
        "fault": 0.4292,
        "weapon": 0,
        "pilot_injury": 0.5571,
        "pilot_skill": 0.6113,
        "mission_priority": 0.8655,
        "estimated_landing_time": 664.0,
        "wait_time": 0,
        "Landing_success_rate": 1.0
    }
]