[
    {
        "model": 0,
        "sequence": 13,
        "status": 1,
        "fuel": 5548,
        "fault": 0.225,
        "weapon": 1,
        "pilot_injury": 0.5301,
        "pilot_skill": 0.3436,
        "mission_priority": 0.1145,
        "estimated_landing_time": 1228.0,
        "wait_time": 0,
        "Landing_success_rate": 1.0
    },
    {
        "model": 2,
        "sequence": 6,
        "status": 1,
        "fuel": 5710,
        "fault": 0.6377,
        "weapon": 0,
        "pilot_injury": 0.0473,
        "pilot_skill": 0.1042,
        "mission_priority": 0.1423,
        "estimated_landing_time": 570.0,
        "wait_time": 0,
        "Landing_success_rate": 1.0
    },
    {
        "model": 0,
        "sequence": 4,
        "status": 1,
        "fuel": 6574,
        "fault": 0.7309,
        "weapon": 1,
        "pilot_injury": 0.5773,
        "pilot_skill": 0.8195,
        "mission_priority": 0.1934,
        "estimated_landing_time": 382.0,
        "wait_time": 0,
        "Landing_success_rate": 1.0
    },
    {
        "model": 2,
        "sequence": 8,
        "status": 1,
        "fuel": 5810,
        "fault": 0.1459,
        "weapon": 0,
        "pilot_injury": 0.0082,
        "pilot_skill": 0.7342,
        "mission_priority": 0.1311,
        "estimated_landing_time": 758.0,
        "wait_time": 0,
        "Landing_success_rate": 1.0
    },
    {
        "model": 2,
        "sequence": 12,
        "status": 1,
        "fuel": 6483,
        "fault": 0.374,
        "weapon": 1,
        "pilot_injury": 0.2473,
        "pilot_skill": 0.7982,
        "mission_priority": 0.1325,
        "estimated_landing_time": 1134.0,
        "wait_time": 0,
        "Landing_success_rate": 1.0
    },
    {
        "model": 2,
        "sequence": 14,
        "status": 1,
        "fuel": 6400,
        "fault": 0.4221,
        "weapon": 1,
        "pilot_injury": 0.922,
        "pilot_skill": 0.19,
        "mission_priority": 0.1879,
        "estimated_landing_time": 1322.0,
        "wait_time": 0,
        "Landing_success_rate": 1.0
    },
    {
        "model": 2,
        "sequence": 7,
        "status": 1,
        "fuel": 7243,
        "fault": 0.9354,
        "weapon": 1,
        "pilot_injury": 0.801,
        "pilot_skill": 0.4396,
        "mission_priority": 0.6992,
        "estimated_landing_time": 664.0,
        "wait_time": 0,
        "Landing_success_rate": 1.0
    },
    {
        "model": 1,
        "sequence": 16,
        "status": 1,
        "fuel": 6044,
        "fault": 0.5889,
        "weapon": 1,
        "pilot_injury": 0.5941,
        "pilot_skill": 0.7557,
        "mission_priority": 0.2974,
        "estimated_landing_time": 1510.0,
        "wait_time": 0,
        "Landing_success_rate": 1.0
    },
    {
        "model": 2,
        "sequence": 5,
        "status": 1,
        "fuel": 5607,
        "fault": 0.3205,
        "weapon": 1,
        "pilot_injury": 0.8681,
        "pilot_skill": 0.572,
        "mission_priority": 0.4203,
        "estimated_landing_time": 476.0,
        "wait_time": 0,
        "Landing_success_rate": 1.0
    },
    {
        "model": 0,
        "sequence": 10,
        "status": 1,
        "fuel": 7367,
        "fault": 0.6617,
        "weapon": 0,
        "pilot_injury": 0.9518,
        "pilot_skill": 0.0187,
        "mission_priority": 0.3569,
        "estimated_landing_time": 946.0,
        "wait_time": 0,
        "Landing_success_rate": 1.0
    },
    {
        "model": 1,
        "sequence": 2,
        "status": 1,
        "fuel": 5542,
        "fault": 0.905,
        "weapon": 1,
        "pilot_injury": 0.1966,
        "pilot_skill": 0.9787,
        "mission_priority": 0.8473,
        "estimated_landing_time": 194.0,
        "wait_time": 0,
        "Landing_success_rate": 1.0
    },
    {
        "model": 0,
        "sequence": 11,
        "status": 1,
        "fuel": 7076,
        "fault": 0.9677,
        "weapon": 0,
        "pilot_injury": 0.2113,
        "pilot_skill": 0.6054,
        "mission_priority": 0.5017,
        "estimated_landing_time": 1040.0,
        "wait_time": 0,
        "Landing_success_rate": 1.0
    },
    {
        "model": 2,
        "sequence": 9,
        "status": 1,
        "fuel": 7493,
        "fault": 0.8795,
        "weapon": 0,
        "pilot_injury": 0.9014,
        "pilot_skill": 0.2917,
        "mission_priority": 0.1558,
        "estimated_landing_time": 852.0,
        "wait_time": 0,
        "Landing_success_rate": 1.0
    },
    {
        "model": 0,
        "sequence": 3,
        "status": 1,
        "fuel": 6429,
        "fault": 0.9778,
        "weapon": 1,
        "pilot_injury": 0.1329,
        "pilot_skill": 0.4733,
        "mission_priority": 0.4619,
        "estimated_landing_time": 288.0,
        "wait_time": 0,
        "Landing_success_rate": 1.0
    },
    {
        "model": 1,
        "sequence": 18,
        "status": 1,
        "fuel": 6534,
        "fault": 0.1181,
        "weapon": 1,
        "pilot_injury": 0.5607,
        "pilot_skill": 0.7435,
        "mission_priority": 0.5959,
        "estimated_landing_time": 1698.0,
        "wait_time": 0,
        "Landing_success_rate": 1.0
    },
    {
        "model": 0,
        "sequence": 17,
        "status": 1,
        "fuel": 6078,
        "fault": 0.5111,
        "weapon": 1,
        "pilot_injury": 0.9019,
        "pilot_skill": 0.2451,
        "mission_priority": 0.5608,
        "estimated_landing_time": 1604.0,
        "wait_time": 0,
        "Landing_success_rate": 1.0
    },
    {
        "model": 1,
        "sequence": 1,
        "status": 1,
        "fuel": 5740,
        "fault": 0.0727,
        "weapon": 0,
        "pilot_injury": 0.2045,
        "pilot_skill": 0.141,
        "mission_priority": 0.6117,
        "estimated_landing_time": 100.0,
        "wait_time": 0,
        "Landing_success_rate": 1.0
    },
    {
        "model": 2,
        "sequence": 15,
        "status": 1,
        "fuel": 6364,
        "fault": 0.2495,
        "weapon": 0,
        "pilot_injury": 0.9725,
        "pilot_skill": 0.9465,
        "mission_priority": 0.2311,
        "estimated_landing_time": 1416.0,
        "wait_time": 0,
        "Landing_success_rate": 1.0
    }
]