[
    {
        "model": 2,
        "sequence": 6,
        "status": 1,
        "fuel": 5848,
        "fault": 0.8737,
        "weapon": 0,
        "pilot_injury": 0.8736,
        "pilot_skill": 0.7735,
        "mission_priority": 0.0812,
        "estimated_landing_time": 570.0,
        "wait_time": 0,
        "Landing_success_rate": 1.0
    },
    {
        "model": 2,
        "sequence": 10,
        "status": 1,
        "fuel": 6704,
        "fault": 0.2834,
        "weapon": 1,
        "pilot_injury": 0.6657,
        "pilot_skill": 0.1464,
        "mission_priority": 0.6746,
        "estimated_landing_time": 946.0,
        "wait_time": 0,
        "Landing_success_rate": 1.0
    },
    {
        "model": 1,
        "sequence": 12,
        "status": 1,
        "fuel": 6153,
        "fault": 0.6676,
        "weapon": 0,
        "pilot_injury": 0.6459,
        "pilot_skill": 0.2445,
        "mission_priority": 0.937,
        "estimated_landing_time": 1134.0,
        "wait_time": 0,
        "Landing_success_rate": 1.0
    },
    {
        "model": 2,
        "sequence": 1,
        "status": 1,
        "fuel": 5687,
        "fault": 0.3608,
        "weapon": 0,
        "pilot_injury": 0.3819,
        "pilot_skill": 0.7139,
        "mission_priority": 0.6515,
        "estimated_landing_time": 100.0,
        "wait_time": 0,
        "Landing_success_rate": 1.0
    },
    {
        "model": 0,
        "sequence": 17,
        "status": 1,
        "fuel": 7321,
        "fault": 0.8599,
        "weapon": 0,
        "pilot_injury": 0.5297,
        "pilot_skill": 0.8465,
        "mission_priority": 0.9549,
        "estimated_landing_time": 1604.0,
        "wait_time": 0,
        "Landing_success_rate": 1.0
    },
    {
        "model": 0,
        "sequence": 2,
        "status": 1,
        "fuel": 6110,
        "fault": 0.1537,
        "weapon": 0,
        "pilot_injury": 0.6681,
        "pilot_skill": 0.5277,
        "mission_priority": 0.943,
        "estimated_landing_time": 194.0,
        "wait_time": 0,
        "Landing_success_rate": 1.0
    },
    {
        "model": 2,
        "sequence": 8,
        "status": 1,
        "fuel": 6470,
        "fault": 0.9489,
        "weapon": 1,
        "pilot_injury": 0.6688,
        "pilot_skill": 0.2176,
        "mission_priority": 0.7259,
        "estimated_landing_time": 758.0,
        "wait_time": 0,
        "Landing_success_rate": 1.0
    },
    {
        "model": 1,
        "sequence": 13,
        "status": 1,
        "fuel": 7093,
        "fault": 0.9284,
        "weapon": 1,
        "pilot_injury": 0.6762,
        "pilot_skill": 0.2668,
        "mission_priority": 0.0738,
        "estimated_landing_time": 1228.0,
        "wait_time": 0,
        "Landing_success_rate": 1.0
    },
    {
        "model": 1,
        "sequence": 11,
        "status": 1,
        "fuel": 7116,
        "fault": 0.1142,
        "weapon": 1,
        "pilot_injury": 0.9264,
        "pilot_skill": 0.9785,
        "mission_priority": 0.1847,
        "estimated_landing_time": 1040.0,
        "wait_time": 0,
        "Landing_success_rate": 1.0
    },
    {
        "model": 2,
        "sequence": 3,
        "status": 1,
        "fuel": 5997,
        "fault": 0.9566,
        "weapon": 0,
        "pilot_injury": 0.8918,
        "pilot_skill": 0.7528,
        "mission_priority": 0.6333,
        "estimated_landing_time": 288.0,
        "wait_time": 0,
        "Landing_success_rate": 1.0
    },
    {
        "model": 0,
        "sequence": 4,
        "status": 1,
        "fuel": 7368,
        "fault": 0.4057,
        "weapon": 1,
        "pilot_injury": 0.1297,
        "pilot_skill": 0.1769,
        "mission_priority": 0.1322,
        "estimated_landing_time": 382.0,
        "wait_time": 0,
        "Landing_success_rate": 1.0
    },
    {
        "model": 2,
        "sequence": 14,
        "status": 1,
        "fuel": 6750,
        "fault": 0.4687,
        "weapon": 1,
        "pilot_injury": 0.7968,
        "pilot_skill": 0.1913,
        "mission_priority": 0.7254,
        "estimated_landing_time": 1322.0,
        "wait_time": 0,
        "Landing_success_rate": 1.0
    },
    {
        "model": 2,
        "sequence": 7,
        "status": 1,
        "fuel": 7215,
        "fault": 0.4827,
        "weapon": 0,
        "pilot_injury": 0.7766,
        "pilot_skill": 0.969,
        "mission_priority": 0.3424,
        "estimated_landing_time": 664.0,
        "wait_time": 0,
        "Landing_success_rate": 1.0
    },
    {
        "model": 1,
        "sequence": 18,
        "status": 1,
        "fuel": 7460,
        "fault": 0.3567,
        "weapon": 0,
        "pilot_injury": 0.1242,
        "pilot_skill": 0.4925,
        "mission_priority": 0.2699,
        "estimated_landing_time": 1698.0,
        "wait_time": 0,
        "Landing_success_rate": 1.0
    },
    {
        "model": 0,
        "sequence": 15,
        "status": 1,
        "fuel": 6834,
        "fault": 0.1928,
        "weapon": 0,
        "pilot_injury": 0.289,
        "pilot_skill": 0.9934,
        "mission_priority": 0.2293,
        "estimated_landing_time": 1416.0,
        "wait_time": 0,
        "Landing_success_rate": 1.0
    },
    {
        "model": 1,
        "sequence": 9,
        "status": 1,
        "fuel": 7332,
        "fault": 0.8067,
        "weapon": 0,
        "pilot_injury": 0.842,
        "pilot_skill": 0.7495,
        "mission_priority": 0.7235,
        "estimated_landing_time": 852.0,
        "wait_time": 0,
        "Landing_success_rate": 1.0
    },
    {
        "model": 1,
        "sequence": 5,
        "status": 1,
        "fuel": 6010,
        "fault": 0.2194,
        "weapon": 0,
        "pilot_injury": 0.1617,
        "pilot_skill": 0.3495,
        "mission_priority": 0.9717,
        "estimated_landing_time": 476.0,
        "wait_time": 0,
        "Landing_success_rate": 1.0
    },
    {
        "model": 0,
        "sequence": 16,
        "status": 1,
        "fuel": 5759,
        "fault": 0.6749,
        "weapon": 0,
        "pilot_injury": 0.7256,
        "pilot_skill": 0.579,
        "mission_priority": 0.0498,
        "estimated_landing_time": 1510.0,
        "wait_time": 0,
        "Landing_success_rate": 1.0
    }
]