[
    {
        "model": 0,
        "sequence": 4,
        "status": 1,
        "fuel": 7226,
        "fault": 0.2973,
        "weapon": 0,
        "pilot_injury": 0.7686,
        "pilot_skill": 0.7137,
        "mission_priority": 0.8274,
        "estimated_landing_time": 382.0,
        "wait_time": 0,
        "Landing_success_rate": 1.0
    },
    {
        "model": 0,
        "sequence": 13,
        "status": 1,
        "fuel": 6435,
        "fault": 0.301,
        "weapon": 0,
        "pilot_injury": 0.2658,
        "pilot_skill": 0.7859,
        "mission_priority": 0.9569,
        "estimated_landing_time": 1228.0,
        "wait_time": 0,
        "Landing_success_rate": 1.0
    },
    {
        "model": 1,
        "sequence": 17,
        "status": 1,
        "fuel": 6658,
        "fault": 0.5113,
        "weapon": 1,
        "pilot_injury": 0.3696,
        "pilot_skill": 0.3643,
        "mission_priority": 0.1223,
        "estimated_landing_time": 1604.0,
        "wait_time": 0,
        "Landing_success_rate": 1.0
    },
    {
        "model": 1,
        "sequence": 15,
        "status": 1,
        "fuel": 5992,
        "fault": 0.9378,
        "weapon": 0,
        "pilot_injury": 0.9921,
        "pilot_skill": 0.5689,
        "mission_priority": 0.6218,
        "estimated_landing_time": 1416.0,
        "wait_time": 0,
        "Landing_success_rate": 1.0
    },
    {
        "model": 2,
        "sequence": 16,
        "status": 1,
        "fuel": 5984,
        "fault": 0.9477,
        "weapon": 1,
        "pilot_injury": 0.9567,
        "pilot_skill": 0.5887,
        "mission_priority": 0.065,
        "estimated_landing_time": 1510.0,
        "wait_time": 0,
        "Landing_success_rate": 1.0
    },
    {
        "model": 0,
        "sequence": 2,
        "status": 1,
        "fuel": 6400,
        "fault": 0.3464,
        "weapon": 0,
        "pilot_injury": 0.3874,
        "pilot_skill": 0.5939,
        "mission_priority": 0.1066,
        "estimated_landing_time": 194.0,
        "wait_time": 0,
        "Landing_success_rate": 1.0
    },
    {
        "model": 0,
        "sequence": 14,
        "status": 1,
        "fuel": 7456,
        "fault": 0.7783,
        "weapon": 1,
        "pilot_injury": 0.3003,
        "pilot_skill": 0.3055,
        "mission_priority": 0.3872,
        "estimated_landing_time": 1322.0,
        "wait_time": 0,
        "Landing_success_rate": 1.0
    },
    {
        "model": 2,
        "sequence": 8,
        "status": 1,
        "fuel": 6879,
        "fault": 0.6377,
        "weapon": 1,
        "pilot_injury": 0.8188,
        "pilot_skill": 0.3416,
        "mission_priority": 0.8495,
        "estimated_landing_time": 758.0,
        "wait_time": 0,
        "Landing_success_rate": 1.0
    },
    {
        "model": 2,
        "sequence": 18,
        "status": 1,
        "fuel": 6215,
        "fault": 0.0077,
        "weapon": 1,
        "pilot_injury": 0.1294,
        "pilot_skill": 0.1444,
        "mission_priority": 0.7587,
        "estimated_landing_time": 1698.0,
        "wait_time": 0,
        "Landing_success_rate": 1.0
    },
    {
        "model": 1,
        "sequence": 3,
        "status": 1,
        "fuel": 6587,
        "fault": 0.4931,
        "weapon": 1,
        "pilot_injury": 0.2044,
        "pilot_skill": 0.3557,
        "mission_priority": 0.0744,
        "estimated_landing_time": 288.0,
        "wait_time": 0,
        "Landing_success_rate": 1.0
    },
    {
        "model": 1,
        "sequence": 11,
        "status": 1,
        "fuel": 5929,
        "fault": 0.4698,
        "weapon": 1,
        "pilot_injury": 0.4129,
        "pilot_skill": 0.6121,
        "mission_priority": 0.642,
        "estimated_landing_time": 1040.0,
        "wait_time": 0,
        "Landing_success_rate": 1.0
    },
    {
        "model": 2,
        "sequence": 6,
        "status": 1,
        "fuel": 5813,
        "fault": 0.9273,
        "weapon": 1,
        "pilot_injury": 0.5103,
        "pilot_skill": 0.6313,
        "mission_priority": 0.703,
        "estimated_landing_time": 570.0,
        "wait_time": 0,
        "Landing_success_rate": 1.0
    },
    {
        "model": 0,
        "sequence": 5,
        "status": 1,
        "fuel": 6359,
        "fault": 0.7243,
        "weapon": 1,
        "pilot_injury": 0.2697,
        "pilot_skill": 0.5488,
        "mission_priority": 0.3602,
        "estimated_landing_time": 476.0,
        "wait_time": 0,
        "Landing_success_rate": 1.0
    },
    {
        "model": 1,
        "sequence": 7,
        "status": 1,
        "fuel": 5616,
        "fault": 0.2,
        "weapon": 0,
        "pilot_injury": 0.8367,
        "pilot_skill": 0.0731,
        "mission_priority": 0.5722,
        "estimated_landing_time": 664.0,
        "wait_time": 0,
        "Landing_success_rate": 1.0
    },
    {
        "model": 2,
        "sequence": 9,
        "status": 1,
        "fuel": 6520,
        "fault": 0.9867,
        "weapon": 1,
        "pilot_injury": 0.421,
        "pilot_skill": 0.8001,
        "mission_priority": 0.2807,
        "estimated_landing_time": 852.0,
        "wait_time": 0,
        "Landing_success_rate": 1.0
    },
    {
        "model": 0,
        "sequence": 12,
        "status": 1,
        "fuel": 5939,
        "fault": 0.0558,
        "weapon": 0,
        "pilot_injury": 0.6506,
        "pilot_skill": 0.7729,
        "mission_priority": 0.6129,
        "estimated_landing_time": 1134.0,
        "wait_time": 0,
        "Landing_success_rate": 1.0
    },
    {
        "model": 2,
        "sequence": 1,
        "status": 1,
        "fuel": 5914,
        "fault": 0.8584,
        "weapon": 0,
        "pilot_injury": 0.2827,
        "pilot_skill": 0.1542,
        "mission_priority": 0.2875,
        "estimated_landing_time": 100.0,
        "wait_time": 0,
        "Landing_success_rate": 1.0
    },
    {
        "model": 0,
        "sequence": 10,
        "status": 1,
        "fuel": 6159,
        "fault": 0.7273,
        "weapon": 1,
        "pilot_injury": 0.9088,
        "pilot_skill": 0.411,
        "mission_priority": 0.85,
        "estimated_landing_time": 946.0,
        "wait_time": 0,
        "Landing_success_rate": 1.0
    }
]