[
    {
        "model": 0,
        "sequence": 15,
        "status": 1,
        "fuel": 7170,
        "fault": 0.5919,
        "weapon": 1,
        "pilot_injury": 0.4981,
        "pilot_skill": 0.3319,
        "mission_priority": 0.374,
        "estimated_landing_time": 1416.0,
        "wait_time": 0,
        "Landing_success_rate": 1.0
    },
    {
        "model": 0,
        "sequence": 2,
        "status": 1,
        "fuel": 7476,
        "fault": 0.267,
        "weapon": 1,
        "pilot_injury": 0.7912,
        "pilot_skill": 0.6182,
        "mission_priority": 0.8346,
        "estimated_landing_time": 194.0,
        "wait_time": 0,
        "Landing_success_rate": 1.0
    },
    {
        "model": 0,
        "sequence": 9,
        "status": 1,
        "fuel": 5570,
        "fault": 0.1295,
        "weapon": 0,
        "pilot_injury": 0.9625,
        "pilot_skill": 0.2718,
        "mission_priority": 0.387,
        "estimated_landing_time": 852.0,
        "wait_time": 0,
        "Landing_success_rate": 1.0
    },
    {
        "model": 1,
        "sequence": 3,
        "status": 1,
        "fuel": 5624,
        "fault": 0.2531,
        "weapon": 1,
        "pilot_injury": 0.9107,
        "pilot_skill": 0.6526,
        "mission_priority": 0.4751,
        "estimated_landing_time": 288.0,
        "wait_time": 0,
        "Landing_success_rate": 1.0
    },
    {
        "model": 0,
        "sequence": 12,
        "status": 1,
        "fuel": 6932,
        "fault": 0.9703,
        "weapon": 0,
        "pilot_injury": 0.8504,
        "pilot_skill": 0.98,
        "mission_priority": 0.0519,
        "estimated_landing_time": 1134.0,
        "wait_time": 0,
        "Landing_success_rate": 1.0
    },
    {
        "model": 0,
        "sequence": 13,
        "status": 1,
        "fuel": 6039,
        "fault": 0.3574,
        "weapon": 0,
        "pilot_injury": 0.3761,
        "pilot_skill": 0.8516,
        "mission_priority": 0.5757,
        "estimated_landing_time": 1228.0,
        "wait_time": 0,
        "Landing_success_rate": 1.0
    },
    {
        "model": 0,
        "sequence": 6,
        "status": 1,
        "fuel": 7497,
        "fault": 0.4733,
        "weapon": 0,
        "pilot_injury": 0.3568,
        "pilot_skill": 0.4301,
        "mission_priority": 0.0713,
        "estimated_landing_time": 570.0,
        "wait_time": 0,
        "Landing_success_rate": 1.0
    },
    {
        "model": 1,
        "sequence": 11,
        "status": 1,
        "fuel": 6488,
        "fault": 0.5799,
        "weapon": 1,
        "pilot_injury": 0.6841,
        "pilot_skill": 0.6366,
        "mission_priority": 0.7631,
        "estimated_landing_time": 1040.0,
        "wait_time": 0,
        "Landing_success_rate": 1.0
    },
    {
        "model": 2,
        "sequence": 14,
        "status": 1,
        "fuel": 6037,
        "fault": 0.6534,
        "weapon": 1,
        "pilot_injury": 0.4185,
        "pilot_skill": 0.2175,
        "mission_priority": 0.3119,
        "estimated_landing_time": 1322.0,
        "wait_time": 0,
        "Landing_success_rate": 1.0
    },
    {
        "model": 2,
        "sequence": 18,
        "status": 1,
        "fuel": 5990,
        "fault": 0.1634,
        "weapon": 0,
        "pilot_injury": 0.7017,
        "pilot_skill": 0.543,
        "mission_priority": 0.6019,
        "estimated_landing_time": 1698.0,
        "wait_time": 0,
        "Landing_success_rate": 1.0
    },
    {
        "model": 1,
        "sequence": 16,
        "status": 1,
        "fuel": 5618,
        "fault": 0.8971,
        "weapon": 1,
        "pilot_injury": 0.8161,
        "pilot_skill": 0.7813,
        "mission_priority": 0.5173,
        "estimated_landing_time": 1510.0,
        "wait_time": 0,
        "Landing_success_rate": 1.0
    },
    {
        "model": 2,
        "sequence": 10,
        "status": 1,
        "fuel": 7271,
        "fault": 0.5239,
        "weapon": 0,
        "pilot_injury": 0.0434,
        "pilot_skill": 0.0302,
        "mission_priority": 0.9805,
        "estimated_landing_time": 946.0,
        "wait_time": 0,
        "Landing_success_rate": 1.0
    },
    {
        "model": 1,
        "sequence": 1,
        "status": 1,
        "fuel": 7272,
        "fault": 0.3653,
        "weapon": 1,
        "pilot_injury": 0.4841,
        "pilot_skill": 0.4814,
        "mission_priority": 0.92,
        "estimated_landing_time": 100.0,
        "wait_time": 0,
        "Landing_success_rate": 1.0
    },
    {
        "model": 0,
        "sequence": 5,
        "status": 1,
        "fuel": 6144,
        "fault": 0.1788,
        "weapon": 1,
        "pilot_injury": 0.2164,
        "pilot_skill": 0.9702,
        "mission_priority": 0.5413,
        "estimated_landing_time": 476.0,
        "wait_time": 0,
        "Landing_success_rate": 1.0
    },
    {
        "model": 2,
        "sequence": 17,
        "status": 1,
        "fuel": 7223,
        "fault": 0.3859,
        "weapon": 0,
        "pilot_injury": 0.6118,
        "pilot_skill": 0.7108,
        "mission_priority": 0.0104,
        "estimated_landing_time": 1604.0,
        "wait_time": 0,
        "Landing_success_rate": 1.0
    },
    {
        "model": 1,
        "sequence": 8,
        "status": 1,
        "fuel": 5918,
        "fault": 0.4609,
        "weapon": 1,
        "pilot_injury": 0.4576,
        "pilot_skill": 0.9358,
        "mission_priority": 0.7299,
        "estimated_landing_time": 758.0,
        "wait_time": 0,
        "Landing_success_rate": 1.0
    },
    {
        "model": 1,
        "sequence": 4,
        "status": 1,
        "fuel": 5956,
        "fault": 0.9114,
        "weapon": 1,
        "pilot_injury": 0.9782,
        "pilot_skill": 0.5845,
        "mission_priority": 0.1924,
        "estimated_landing_time": 382.0,
        "wait_time": 0,
        "Landing_success_rate": 1.0
    },
    {
        "model": 0,
        "sequence": 7,
        "status": 1,
        "fuel": 7374,
        "fault": 0.2996,
        "weapon": 1,
        "pilot_injury": 0.868,
        "pilot_skill": 0.0901,
        "mission_priority": 0.2362,
        "estimated_landing_time": 664.0,
        "wait_time": 0,
        "Landing_success_rate": 1.0
    }
]