[
    {
        "model": 0,
        "sequence": 9,
        "status": 1,
        "fuel": 7494,
        "fault": 0.7971,
        "weapon": 1,
        "pilot_injury": 0.766,
        "pilot_skill": 0.3094,
        "mission_priority": 0.8229,
        "estimated_landing_time": 852.0,
        "wait_time": 0,
        "Landing_success_rate": 1.0
    },
    {
        "model": 1,
        "sequence": 15,
        "status": 1,
        "fuel": 7032,
        "fault": 0.8901,
        "weapon": 1,
        "pilot_injury": 0.045,
        "pilot_skill": 0.9393,
        "mission_priority": 0.308,
        "estimated_landing_time": 1416.0,
        "wait_time": 0,
        "Landing_success_rate": 1.0
    },
    {
        "model": 0,
        "sequence": 14,
        "status": 1,
        "fuel": 5877,
        "fault": 0.0497,
        "weapon": 1,
        "pilot_injury": 0.9076,
        "pilot_skill": 0.9039,
        "mission_priority": 0.9237,
        "estimated_landing_time": 1322.0,
        "wait_time": 0,
        "Landing_success_rate": 1.0
    },
    {
        "model": 2,
        "sequence": 4,
        "status": 1,
        "fuel": 5882,
        "fault": 0.3601,
        "weapon": 1,
        "pilot_injury": 0.9508,
        "pilot_skill": 0.3246,
        "mission_priority": 0.4189,
        "estimated_landing_time": 382.0,
        "wait_time": 0,
        "Landing_success_rate": 1.0
    },
    {
        "model": 0,
        "sequence": 7,
        "status": 1,
        "fuel": 6365,
        "fault": 0.3004,
        "weapon": 0,
        "pilot_injury": 0.7875,
        "pilot_skill": 0.8476,
        "mission_priority": 0.7509,
        "estimated_landing_time": 664.0,
        "wait_time": 0,
        "Landing_success_rate": 1.0
    },
    {
        "model": 1,
        "sequence": 5,
        "status": 1,
        "fuel": 6279,
        "fault": 0.2933,
        "weapon": 0,
        "pilot_injury": 0.5826,
        "pilot_skill": 0.8599,
        "mission_priority": 0.3494,
        "estimated_landing_time": 476.0,
        "wait_time": 0,
        "Landing_success_rate": 1.0
    },
    {
        "model": 2,
        "sequence": 6,
        "status": 1,
        "fuel": 6139,
        "fault": 0.794,
        "weapon": 1,
        "pilot_injury": 0.2546,
        "pilot_skill": 0.4742,
        "mission_priority": 0.2404,
        "estimated_landing_time": 570.0,
        "wait_time": 0,
        "Landing_success_rate": 1.0
    },
    {
        "model": 1,
        "sequence": 13,
        "status": 1,
        "fuel": 6000,
        "fault": 0.0088,
        "weapon": 1,
        "pilot_injury": 0.055,
        "pilot_skill": 0.2334,
        "mission_priority": 0.1896,
        "estimated_landing_time": 1228.0,
        "wait_time": 0,
        "Landing_success_rate": 1.0
    },
    {
        "model": 1,
        "sequence": 16,
        "status": 1,
        "fuel": 5674,
        "fault": 0.9618,
        "weapon": 1,
        "pilot_injury": 0.4563,
        "pilot_skill": 0.1571,
        "mission_priority": 0.4147,
        "estimated_landing_time": 1510.0,
        "wait_time": 0,
        "Landing_success_rate": 1.0
    },
    {
        "model": 2,
        "sequence": 8,
        "status": 1,
        "fuel": 7101,
        "fault": 0.8906,
        "weapon": 1,
        "pilot_injury": 0.2172,
        "pilot_skill": 0.6148,
        "mission_priority": 0.3777,
        "estimated_landing_time": 758.0,
        "wait_time": 0,
        "Landing_success_rate": 1.0
    },
    {
        "model": 1,
        "sequence": 1,
        "status": 1,
        "fuel": 6175,
        "fault": 0.3342,
        "weapon": 0,
        "pilot_injury": 0.6738,
        "pilot_skill": 0.5624,
        "mission_priority": 0.8517,
        "estimated_landing_time": 100.0,
        "wait_time": 0,
        "Landing_success_rate": 1.0
    },
    {
        "model": 1,
        "sequence": 12,
        "status": 1,
        "fuel": 6055,
        "fault": 0.0958,
        "weapon": 0,
        "pilot_injury": 0.182,
        "pilot_skill": 0.3434,
        "mission_priority": 0.1797,
        "estimated_landing_time": 1134.0,
        "wait_time": 0,
        "Landing_success_rate": 1.0
    },
    {
        "model": 1,
        "sequence": 2,
        "status": 1,
        "fuel": 6690,
        "fault": 0.3986,
        "weapon": 0,
        "pilot_injury": 0.6769,
        "pilot_skill": 0.7516,
        "mission_priority": 0.3987,
        "estimated_landing_time": 194.0,
        "wait_time": 0,
        "Landing_success_rate": 1.0
    },
    {
        "model": 2,
        "sequence": 3,
        "status": 1,
        "fuel": 5853,
        "fault": 0.3628,
        "weapon": 1,
        "pilot_injury": 0.3527,
        "pilot_skill": 0.7848,
        "mission_priority": 0.9674,
        "estimated_landing_time": 288.0,
        "wait_time": 0,
        "Landing_success_rate": 1.0
    },
    {
        "model": 1,
        "sequence": 10,
        "status": 1,
        "fuel": 6934,
        "fault": 0.8129,
        "weapon": 1,
        "pilot_injury": 0.5795,
        "pilot_skill": 0.7164,
        "mission_priority": 0.3493,
        "estimated_landing_time": 946.0,
        "wait_time": 0,
        "Landing_success_rate": 1.0
    },
    {
        "model": 0,
        "sequence": 11,
        "status": 1,
        "fuel": 7091,
        "fault": 0.9099,
        "weapon": 0,
        "pilot_injury": 0.8468,
        "pilot_skill": 0.2547,
        "mission_priority": 0.0114,
        "estimated_landing_time": 1040.0,
        "wait_time": 0,
        "Landing_success_rate": 1.0
    },
    {
        "model": 0,
        "sequence": 18,
        "status": 1,
        "fuel": 7014,
        "fault": 0.0394,
        "weapon": 0,
        "pilot_injury": 0.0598,
        "pilot_skill": 0.4876,
        "mission_priority": 0.1686,
        "estimated_landing_time": 1698.0,
        "wait_time": 0,
        "Landing_success_rate": 1.0
    },
    {
        "model": 1,
        "sequence": 17,
        "status": 1,
        "fuel": 6942,
        "fault": 0.825,
        "weapon": 1,
        "pilot_injury": 0.1711,
        "pilot_skill": 0.4119,
        "mission_priority": 0.2327,
        "estimated_landing_time": 1604.0,
        "wait_time": 0,
        "Landing_success_rate": 1.0
    }
]