[
    {
        "model": 1,
        "sequence": 18,
        "status": 1,
        "fuel": 6016,
        "fault": 0.6746,
        "weapon": 1,
        "pilot_injury": 0.4493,
        "pilot_skill": 0.7239,
        "mission_priority": 0.9616,
        "estimated_landing_time": 1698.0,
        "wait_time": 0,
        "Landing_success_rate": 1.0
    },
    {
        "model": 0,
        "sequence": 1,
        "status": 1,
        "fuel": 5960,
        "fault": 0.3049,
        "weapon": 1,
        "pilot_injury": 0.4644,
        "pilot_skill": 0.0399,
        "mission_priority": 0.8942,
        "estimated_landing_time": 100.0,
        "wait_time": 0,
        "Landing_success_rate": 1.0
    },
    {
        "model": 2,
        "sequence": 6,
        "status": 1,
        "fuel": 6354,
        "fault": 0.999,
        "weapon": 0,
        "pilot_injury": 0.9962,
        "pilot_skill": 0.3474,
        "mission_priority": 0.1365,
        "estimated_landing_time": 570.0,
        "wait_time": 0,
        "Landing_success_rate": 1.0
    },
    {
        "model": 0,
        "sequence": 14,
        "status": 1,
        "fuel": 6111,
        "fault": 0.3662,
        "weapon": 0,
        "pilot_injury": 0.088,
        "pilot_skill": 0.3526,
        "mission_priority": 0.6689,
        "estimated_landing_time": 1322.0,
        "wait_time": 0,
        "Landing_success_rate": 1.0
    },
    {
        "model": 1,
        "sequence": 11,
        "status": 1,
        "fuel": 6810,
        "fault": 0.7006,
        "weapon": 0,
        "pilot_injury": 0.5646,
        "pilot_skill": 0.6361,
        "mission_priority": 0.0708,
        "estimated_landing_time": 1040.0,
        "wait_time": 0,
        "Landing_success_rate": 1.0
    },
    {
        "model": 2,
        "sequence": 10,
        "status": 1,
        "fuel": 7388,
        "fault": 0.6543,
        "weapon": 1,
        "pilot_injury": 0.7357,
        "pilot_skill": 0.356,
        "mission_priority": 0.0067,
        "estimated_landing_time": 946.0,
        "wait_time": 0,
        "Landing_success_rate": 1.0
    },
    {
        "model": 0,
        "sequence": 9,
        "status": 1,
        "fuel": 5925,
        "fault": 0.2666,
        "weapon": 1,
        "pilot_injury": 0.5515,
        "pilot_skill": 0.5557,
        "mission_priority": 0.7218,
        "estimated_landing_time": 852.0,
        "wait_time": 0,
        "Landing_success_rate": 1.0
    },
    {
        "model": 0,
        "sequence": 15,
        "status": 1,
        "fuel": 7470,
        "fault": 0.166,
        "weapon": 0,
        "pilot_injury": 0.7011,
        "pilot_skill": 0.514,
        "mission_priority": 0.141,
        "estimated_landing_time": 1416.0,
        "wait_time": 0,
        "Landing_success_rate": 1.0
    },
    {
        "model": 0,
        "sequence": 13,
        "status": 1,
        "fuel": 7015,
        "fault": 0.733,
        "weapon": 1,
        "pilot_injury": 0.9998,
        "pilot_skill": 0.127,
        "mission_priority": 0.7931,
        "estimated_landing_time": 1228.0,
        "wait_time": 0,
        "Landing_success_rate": 1.0
    },
    {
        "model": 2,
        "sequence": 2,
        "status": 1,
        "fuel": 6375,
        "fault": 0.8222,
        "weapon": 1,
        "pilot_injury": 0.7671,
        "pilot_skill": 0.2587,
        "mission_priority": 0.0034,
        "estimated_landing_time": 194.0,
        "wait_time": 0,
        "Landing_success_rate": 1.0
    },
    {
        "model": 2,
        "sequence": 7,
        "status": 1,
        "fuel": 6069,
        "fault": 0.5221,
        "weapon": 1,
        "pilot_injury": 0.1073,
        "pilot_skill": 0.2961,
        "mission_priority": 0.5625,
        "estimated_landing_time": 664.0,
        "wait_time": 0,
        "Landing_success_rate": 1.0
    },
    {
        "model": 1,
        "sequence": 3,
        "status": 1,
        "fuel": 6199,
        "fault": 0.1962,
        "weapon": 1,
        "pilot_injury": 0.9809,
        "pilot_skill": 0.0123,
        "mission_priority": 0.4876,
        "estimated_landing_time": 288.0,
        "wait_time": 0,
        "Landing_success_rate": 1.0
    },
    {
        "model": 1,
        "sequence": 17,
        "status": 1,
        "fuel": 6941,
        "fault": 0.6168,
        "weapon": 1,
        "pilot_injury": 0.5251,
        "pilot_skill": 0.6733,
        "mission_priority": 0.6728,
        "estimated_landing_time": 1604.0,
        "wait_time": 0,
        "Landing_success_rate": 1.0
    },
    {
        "model": 2,
        "sequence": 16,
        "status": 1,
        "fuel": 6370,
        "fault": 0.673,
        "weapon": 1,
        "pilot_injury": 0.9307,
        "pilot_skill": 0.1236,
        "mission_priority": 0.4166,
        "estimated_landing_time": 1510.0,
        "wait_time": 0,
        "Landing_success_rate": 1.0
    },
    {
        "model": 0,
        "sequence": 8,
        "status": 1,
        "fuel": 5527,
        "fault": 0.8771,
        "weapon": 0,
        "pilot_injury": 0.5034,
        "pilot_skill": 0.2069,
        "mission_priority": 0.9354,
        "estimated_landing_time": 758.0,
        "wait_time": 0,
        "Landing_success_rate": 1.0
    },
    {
        "model": 2,
        "sequence": 12,
        "status": 1,
        "fuel": 6489,
        "fault": 0.3553,
        "weapon": 1,
        "pilot_injury": 0.0465,
        "pilot_skill": 0.1276,
        "mission_priority": 0.4432,
        "estimated_landing_time": 1134.0,
        "wait_time": 0,
        "Landing_success_rate": 1.0
    },
    {
        "model": 2,
        "sequence": 4,
        "status": 1,
        "fuel": 6141,
        "fault": 0.6793,
        "weapon": 1,
        "pilot_injury": 0.7323,
        "pilot_skill": 0.4236,
        "mission_priority": 0.0405,
        "estimated_landing_time": 382.0,
        "wait_time": 0,
        "Landing_success_rate": 1.0
    },
    {
        "model": 2,
        "sequence": 5,
        "status": 1,
        "fuel": 6300,
        "fault": 0.7629,
        "weapon": 0,
        "pilot_injury": 0.0714,
        "pilot_skill": 0.1709,
        "mission_priority": 0.4762,
        "estimated_landing_time": 476.0,
        "wait_time": 0,
        "Landing_success_rate": 1.0
    }
]