[
    {
        "model": 1,
        "sequence": 13,
        "status": 1,
        "fuel": 5594,
        "fault": 0.2957,
        "weapon": 1,
        "pilot_injury": 0.5686,
        "pilot_skill": 0.3408,
        "mission_priority": 0.7259,
        "estimated_landing_time": 1228.0,
        "wait_time": 0,
        "Landing_success_rate": 1.0
    },
    {
        "model": 1,
        "sequence": 16,
        "status": 1,
        "fuel": 6757,
        "fault": 0.6024,
        "weapon": 0,
        "pilot_injury": 0.618,
        "pilot_skill": 0.683,
        "mission_priority": 0.3845,
        "estimated_landing_time": 1510.0,
        "wait_time": 0,
        "Landing_success_rate": 1.0
    },
    {
        "model": 0,
        "sequence": 6,
        "status": 1,
        "fuel": 5688,
        "fault": 0.3581,
        "weapon": 0,
        "pilot_injury": 0.8839,
        "pilot_skill": 0.3423,
        "mission_priority": 0.125,
        "estimated_landing_time": 570.0,
        "wait_time": 0,
        "Landing_success_rate": 1.0
    },
    {
        "model": 2,
        "sequence": 9,
        "status": 1,
        "fuel": 6868,
        "fault": 0.7253,
        "weapon": 1,
        "pilot_injury": 0.8155,
        "pilot_skill": 0.4308,
        "mission_priority": 0.6686,
        "estimated_landing_time": 852.0,
        "wait_time": 0,
        "Landing_success_rate": 1.0
    },
    {
        "model": 2,
        "sequence": 5,
        "status": 1,
        "fuel": 7229,
        "fault": 0.9892,
        "weapon": 0,
        "pilot_injury": 0.388,
        "pilot_skill": 0.6068,
        "mission_priority": 0.6569,
        "estimated_landing_time": 476.0,
        "wait_time": 0,
        "Landing_success_rate": 1.0
    },
    {
        "model": 1,
        "sequence": 18,
        "status": 1,
        "fuel": 6040,
        "fault": 0.9308,
        "weapon": 0,
        "pilot_injury": 0.6911,
        "pilot_skill": 0.9315,
        "mission_priority": 0.1179,
        "estimated_landing_time": 1698.0,
        "wait_time": 0,
        "Landing_success_rate": 1.0
    },
    {
        "model": 0,
        "sequence": 12,
        "status": 1,
        "fuel": 6256,
        "fault": 0.2003,
        "weapon": 1,
        "pilot_injury": 0.1366,
        "pilot_skill": 0.5259,
        "mission_priority": 0.519,
        "estimated_landing_time": 1134.0,
        "wait_time": 0,
        "Landing_success_rate": 1.0
    },
    {
        "model": 1,
        "sequence": 10,
        "status": 1,
        "fuel": 6166,
        "fault": 0.1729,
        "weapon": 1,
        "pilot_injury": 0.9713,
        "pilot_skill": 0.8783,
        "mission_priority": 0.1184,
        "estimated_landing_time": 946.0,
        "wait_time": 0,
        "Landing_success_rate": 1.0
    },
    {
        "model": 1,
        "sequence": 4,
        "status": 1,
        "fuel": 6869,
        "fault": 0.2037,
        "weapon": 0,
        "pilot_injury": 0.1768,
        "pilot_skill": 0.5447,
        "mission_priority": 0.5533,
        "estimated_landing_time": 382.0,
        "wait_time": 0,
        "Landing_success_rate": 1.0
    },
    {
        "model": 2,
        "sequence": 15,
        "status": 1,
        "fuel": 7420,
        "fault": 0.4989,
        "weapon": 1,
        "pilot_injury": 0.7329,
        "pilot_skill": 0.021,
        "mission_priority": 0.3958,
        "estimated_landing_time": 1416.0,
        "wait_time": 0,
        "Landing_success_rate": 1.0
    },
    {
        "model": 0,
        "sequence": 7,
        "status": 1,
        "fuel": 5978,
        "fault": 0.4625,
        "weapon": 1,
        "pilot_injury": 0.3476,
        "pilot_skill": 0.2537,
        "mission_priority": 0.2434,
        "estimated_landing_time": 664.0,
        "wait_time": 0,
        "Landing_success_rate": 1.0
    },
    {
        "model": 2,
        "sequence": 14,
        "status": 1,
        "fuel": 6989,
        "fault": 0.8305,
        "weapon": 0,
        "pilot_injury": 0.0867,
        "pilot_skill": 0.2923,
        "mission_priority": 0.0457,
        "estimated_landing_time": 1322.0,
        "wait_time": 0,
        "Landing_success_rate": 1.0
    },
    {
        "model": 1,
        "sequence": 2,
        "status": 1,
        "fuel": 6338,
        "fault": 0.078,
        "weapon": 1,
        "pilot_injury": 0.3083,
        "pilot_skill": 0.5733,
        "mission_priority": 0.4096,
        "estimated_landing_time": 194.0,
        "wait_time": 0,
        "Landing_success_rate": 1.0
    },
    {
        "model": 2,
        "sequence": 11,
        "status": 1,
        "fuel": 6177,
        "fault": 0.3263,
        "weapon": 1,
        "pilot_injury": 0.7978,
        "pilot_skill": 0.974,
        "mission_priority": 0.348,
        "estimated_landing_time": 1040.0,
        "wait_time": 0,
        "Landing_success_rate": 1.0
    },
    {
        "model": 1,
        "sequence": 17,
        "status": 1,
        "fuel": 5687,
        "fault": 0.898,
        "weapon": 0,
        "pilot_injury": 0.7592,
        "pilot_skill": 0.5524,
        "mission_priority": 0.7836,
        "estimated_landing_time": 1604.0,
        "wait_time": 0,
        "Landing_success_rate": 1.0
    },
    {
        "model": 0,
        "sequence": 8,
        "status": 1,
        "fuel": 6020,
        "fault": 0.0077,
        "weapon": 0,
        "pilot_injury": 0.8858,
        "pilot_skill": 0.7883,
        "mission_priority": 0.4752,
        "estimated_landing_time": 758.0,
        "wait_time": 0,
        "Landing_success_rate": 1.0
    },
    {
        "model": 2,
        "sequence": 1,
        "status": 1,
        "fuel": 7373,
        "fault": 0.3654,
        "weapon": 1,
        "pilot_injury": 0.5021,
        "pilot_skill": 0.6103,
        "mission_priority": 0.1861,
        "estimated_landing_time": 100.0,
        "wait_time": 0,
        "Landing_success_rate": 1.0
    },
    {
        "model": 2,
        "sequence": 3,
        "status": 1,
        "fuel": 6609,
        "fault": 0.785,
        "weapon": 1,
        "pilot_injury": 0.6202,
        "pilot_skill": 0.2396,
        "mission_priority": 0.4344,
        "estimated_landing_time": 288.0,
        "wait_time": 0,
        "Landing_success_rate": 1.0
    }
]