[
    {
        "model": 1,
        "sequence": 15,
        "status": 1,
        "fuel": 7149,
        "fault": 0.9362,
        "weapon": 0,
        "pilot_injury": 0.2534,
        "pilot_skill": 0.104,
        "mission_priority": 0.3224,
        "estimated_landing_time": 1416.0,
        "wait_time": 0,
        "Landing_success_rate": 1.0
    },
    {
        "model": 2,
        "sequence": 5,
        "status": 1,
        "fuel": 5959,
        "fault": 0.3952,
        "weapon": 1,
        "pilot_injury": 0.3994,
        "pilot_skill": 0.22,
        "mission_priority": 0.1668,
        "estimated_landing_time": 476.0,
        "wait_time": 0,
        "Landing_success_rate": 1.0
    },
    {
        "model": 2,
        "sequence": 2,
        "status": 1,
        "fuel": 6922,
        "fault": 0.2648,
        "weapon": 0,
        "pilot_injury": 0.7623,
        "pilot_skill": 0.061,
        "mission_priority": 0.9974,
        "estimated_landing_time": 194.0,
        "wait_time": 0,
        "Landing_success_rate": 1.0
    },
    {
        "model": 1,
        "sequence": 12,
        "status": 1,
        "fuel": 7139,
        "fault": 0.8789,
        "weapon": 0,
        "pilot_injury": 0.3576,
        "pilot_skill": 0.6903,
        "mission_priority": 0.4715,
        "estimated_landing_time": 1134.0,
        "wait_time": 0,
        "Landing_success_rate": 1.0
    },
    {
        "model": 0,
        "sequence": 17,
        "status": 1,
        "fuel": 6606,
        "fault": 0.0407,
        "weapon": 0,
        "pilot_injury": 0.9257,
        "pilot_skill": 0.291,
        "mission_priority": 0.4364,
        "estimated_landing_time": 1604.0,
        "wait_time": 0,
        "Landing_success_rate": 1.0
    },
    {
        "model": 0,
        "sequence": 8,
        "status": 1,
        "fuel": 5876,
        "fault": 0.0164,
        "weapon": 1,
        "pilot_injury": 0.1859,
        "pilot_skill": 0.1895,
        "mission_priority": 0.6936,
        "estimated_landing_time": 758.0,
        "wait_time": 0,
        "Landing_success_rate": 1.0
    },
    {
        "model": 2,
        "sequence": 13,
        "status": 1,
        "fuel": 6305,
        "fault": 0.9636,
        "weapon": 0,
        "pilot_injury": 0.709,
        "pilot_skill": 0.192,
        "mission_priority": 0.5629,
        "estimated_landing_time": 1228.0,
        "wait_time": 0,
        "Landing_success_rate": 1.0
    },
    {
        "model": 0,
        "sequence": 10,
        "status": 1,
        "fuel": 7096,
        "fault": 0.4278,
        "weapon": 1,
        "pilot_injury": 0.6,
        "pilot_skill": 0.7396,
        "mission_priority": 0.0568,
        "estimated_landing_time": 946.0,
        "wait_time": 0,
        "Landing_success_rate": 1.0
    },
    {
        "model": 0,
        "sequence": 3,
        "status": 1,
        "fuel": 6572,
        "fault": 0.9477,
        "weapon": 1,
        "pilot_injury": 0.2423,
        "pilot_skill": 0.8388,
        "mission_priority": 0.4806,
        "estimated_landing_time": 288.0,
        "wait_time": 0,
        "Landing_success_rate": 1.0
    },
    {
        "model": 2,
        "sequence": 18,
        "status": 1,
        "fuel": 6426,
        "fault": 0.7156,
        "weapon": 1,
        "pilot_injury": 0.8953,
        "pilot_skill": 0.7321,
        "mission_priority": 0.1488,
        "estimated_landing_time": 1698.0,
        "wait_time": 0,
        "Landing_success_rate": 1.0
    },
    {
        "model": 0,
        "sequence": 4,
        "status": 1,
        "fuel": 6072,
        "fault": 0.1483,
        "weapon": 0,
        "pilot_injury": 0.6094,
        "pilot_skill": 0.9213,
        "mission_priority": 0.2488,
        "estimated_landing_time": 382.0,
        "wait_time": 0,
        "Landing_success_rate": 1.0
    },
    {
        "model": 0,
        "sequence": 6,
        "status": 1,
        "fuel": 6823,
        "fault": 0.8112,
        "weapon": 0,
        "pilot_injury": 0.7509,
        "pilot_skill": 0.4472,
        "mission_priority": 0.6339,
        "estimated_landing_time": 570.0,
        "wait_time": 0,
        "Landing_success_rate": 1.0
    },
    {
        "model": 2,
        "sequence": 16,
        "status": 1,
        "fuel": 5781,
        "fault": 0.349,
        "weapon": 0,
        "pilot_injury": 0.8223,
        "pilot_skill": 0.1805,
        "mission_priority": 0.6954,
        "estimated_landing_time": 1510.0,
        "wait_time": 0,
        "Landing_success_rate": 1.0
    },
    {
        "model": 2,
        "sequence": 14,
        "status": 1,
        "fuel": 6447,
        "fault": 0.7027,
        "weapon": 0,
        "pilot_injury": 0.3232,
        "pilot_skill": 0.0135,
        "mission_priority": 0.7971,
        "estimated_landing_time": 1322.0,
        "wait_time": 0,
        "Landing_success_rate": 1.0
    },
    {
        "model": 0,
        "sequence": 11,
        "status": 1,
        "fuel": 5933,
        "fault": 0.7392,
        "weapon": 1,
        "pilot_injury": 0.336,
        "pilot_skill": 0.4987,
        "mission_priority": 0.7025,
        "estimated_landing_time": 1040.0,
        "wait_time": 0,
        "Landing_success_rate": 1.0
    },
    {
        "model": 2,
        "sequence": 7,
        "status": 1,
        "fuel": 6135,
        "fault": 0.7699,
        "weapon": 1,
        "pilot_injury": 0.6631,
        "pilot_skill": 0.7207,
        "mission_priority": 0.2969,
        "estimated_landing_time": 664.0,
        "wait_time": 0,
        "Landing_success_rate": 1.0
    },
    {
        "model": 0,
        "sequence": 1,
        "status": 1,
        "fuel": 7361,
        "fault": 0.1173,
        "weapon": 0,
        "pilot_injury": 0.6771,
        "pilot_skill": 0.6481,
        "mission_priority": 0.0589,
        "estimated_landing_time": 100.0,
        "wait_time": 0,
        "Landing_success_rate": 1.0
    },
    {
        "model": 0,
        "sequence": 9,
        "status": 1,
        "fuel": 5737,
        "fault": 0.5706,
        "weapon": 0,
        "pilot_injury": 0.8479,
        "pilot_skill": 0.9746,
        "mission_priority": 0.9571,
        "estimated_landing_time": 852.0,
        "wait_time": 0,
        "Landing_success_rate": 1.0
    }
]