[
    {
        "model": 2,
        "sequence": 12,
        "status": 1,
        "fuel": 6800,
        "fault": 0.5159,
        "weapon": 0,
        "pilot_injury": 0.1459,
        "pilot_skill": 0.629,
        "mission_priority": 0.4505,
        "estimated_landing_time": 1134.0,
        "wait_time": 0,
        "Landing_success_rate": 1.0
    },
    {
        "model": 0,
        "sequence": 7,
        "status": 1,
        "fuel": 6721,
        "fault": 0.1862,
        "weapon": 0,
        "pilot_injury": 0.303,
        "pilot_skill": 0.1081,
        "mission_priority": 0.5469,
        "estimated_landing_time": 664.0,
        "wait_time": 0,
        "Landing_success_rate": 1.0
    },
    {
        "model": 1,
        "sequence": 3,
        "status": 1,
        "fuel": 6034,
        "fault": 0.634,
        "weapon": 1,
        "pilot_injury": 0.8263,
        "pilot_skill": 0.1276,
        "mission_priority": 0.4356,
        "estimated_landing_time": 288.0,
        "wait_time": 0,
        "Landing_success_rate": 1.0
    },
    {
        "model": 1,
        "sequence": 1,
        "status": 1,
        "fuel": 5704,
        "fault": 0.6219,
        "weapon": 1,
        "pilot_injury": 0.6958,
        "pilot_skill": 0.729,
        "mission_priority": 0.6514,
        "estimated_landing_time": 100.0,
        "wait_time": 0,
        "Landing_success_rate": 1.0
    },
    {
        "model": 0,
        "sequence": 13,
        "status": 1,
        "fuel": 6802,
        "fault": 0.0114,
        "weapon": 0,
        "pilot_injury": 0.7248,
        "pilot_skill": 0.9935,
        "mission_priority": 0.6934,
        "estimated_landing_time": 1228.0,
        "wait_time": 0,
        "Landing_success_rate": 1.0
    },
    {
        "model": 0,
        "sequence": 17,
        "status": 1,
        "fuel": 7005,
        "fault": 0.2391,
        "weapon": 1,
        "pilot_injury": 0.8679,
        "pilot_skill": 0.9968,
        "mission_priority": 0.779,
        "estimated_landing_time": 1604.0,
        "wait_time": 0,
        "Landing_success_rate": 1.0
    },
    {
        "model": 2,
        "sequence": 16,
        "status": 1,
        "fuel": 6310,
        "fault": 0.1152,
        "weapon": 0,
        "pilot_injury": 0.7267,
        "pilot_skill": 0.7086,
        "mission_priority": 0.7756,
        "estimated_landing_time": 1510.0,
        "wait_time": 0,
        "Landing_success_rate": 1.0
    },
    {
        "model": 2,
        "sequence": 2,
        "status": 1,
        "fuel": 6685,
        "fault": 0.2411,
        "weapon": 1,
        "pilot_injury": 0.2957,
        "pilot_skill": 0.7603,
        "mission_priority": 0.2404,
        "estimated_landing_time": 194.0,
        "wait_time": 0,
        "Landing_success_rate": 1.0
    },
    {
        "model": 0,
        "sequence": 4,
        "status": 1,
        "fuel": 6043,
        "fault": 0.0033,
        "weapon": 0,
        "pilot_injury": 0.009,
        "pilot_skill": 0.6334,
        "mission_priority": 0.1133,
        "estimated_landing_time": 382.0,
        "wait_time": 0,
        "Landing_success_rate": 1.0
    },
    {
        "model": 0,
        "sequence": 5,
        "status": 1,
        "fuel": 6370,
        "fault": 0.5674,
        "weapon": 0,
        "pilot_injury": 0.9692,
        "pilot_skill": 0.2359,
        "mission_priority": 0.8093,
        "estimated_landing_time": 476.0,
        "wait_time": 0,
        "Landing_success_rate": 1.0
    },
    {
        "model": 1,
        "sequence": 14,
        "status": 1,
        "fuel": 7471,
        "fault": 0.5488,
        "weapon": 0,
        "pilot_injury": 0.7875,
        "pilot_skill": 0.0739,
        "mission_priority": 0.4071,
        "estimated_landing_time": 1322.0,
        "wait_time": 0,
        "Landing_success_rate": 1.0
    },
    {
        "model": 2,
        "sequence": 9,
        "status": 1,
        "fuel": 7053,
        "fault": 0.2209,
        "weapon": 1,
        "pilot_injury": 0.4103,
        "pilot_skill": 0.6846,
        "mission_priority": 0.6024,
        "estimated_landing_time": 852.0,
        "wait_time": 0,
        "Landing_success_rate": 1.0
    },
    {
        "model": 0,
        "sequence": 10,
        "status": 1,
        "fuel": 6927,
        "fault": 0.2261,
        "weapon": 0,
        "pilot_injury": 0.4277,
        "pilot_skill": 0.7236,
        "mission_priority": 0.8295,
        "estimated_landing_time": 946.0,
        "wait_time": 0,
        "Landing_success_rate": 1.0
    },
    {
        "model": 0,
        "sequence": 6,
        "status": 1,
        "fuel": 5618,
        "fault": 0.6149,
        "weapon": 1,
        "pilot_injury": 0.3021,
        "pilot_skill": 0.3202,
        "mission_priority": 0.4344,
        "estimated_landing_time": 570.0,
        "wait_time": 0,
        "Landing_success_rate": 1.0
    },
    {
        "model": 2,
        "sequence": 8,
        "status": 1,
        "fuel": 7370,
        "fault": 0.2715,
        "weapon": 0,
        "pilot_injury": 0.6632,
        "pilot_skill": 0.4974,
        "mission_priority": 0.6658,
        "estimated_landing_time": 758.0,
        "wait_time": 0,
        "Landing_success_rate": 1.0
    },
    {
        "model": 0,
        "sequence": 11,
        "status": 1,
        "fuel": 5905,
        "fault": 0.8672,
        "weapon": 0,
        "pilot_injury": 0.9391,
        "pilot_skill": 0.6179,
        "mission_priority": 0.8814,
        "estimated_landing_time": 1040.0,
        "wait_time": 0,
        "Landing_success_rate": 1.0
    },
    {
        "model": 1,
        "sequence": 18,
        "status": 1,
        "fuel": 6058,
        "fault": 0.7092,
        "weapon": 0,
        "pilot_injury": 0.1191,
        "pilot_skill": 0.408,
        "mission_priority": 0.3238,
        "estimated_landing_time": 1698.0,
        "wait_time": 0,
        "Landing_success_rate": 1.0
    },
    {
        "model": 1,
        "sequence": 15,
        "status": 1,
        "fuel": 5651,
        "fault": 0.3165,
        "weapon": 1,
        "pilot_injury": 0.6373,
        "pilot_skill": 0.3674,
        "mission_priority": 0.8608,
        "estimated_landing_time": 1416.0,
        "wait_time": 0,
        "Landing_success_rate": 1.0
    }
]