[
    {
        "model": 0,
        "sequence": 9,
        "status": 1,
        "fuel": 7353,
        "fault": 0.5616,
        "weapon": 0,
        "pilot_injury": 0.3838,
        "pilot_skill": 0.631,
        "mission_priority": 0.7791,
        "estimated_landing_time": 852.0,
        "wait_time": 0,
        "Landing_success_rate": 1.0
    },
    {
        "model": 1,
        "sequence": 10,
        "status": 1,
        "fuel": 6360,
        "fault": 0.7944,
        "weapon": 1,
        "pilot_injury": 0.4338,
        "pilot_skill": 0.7719,
        "mission_priority": 0.7808,
        "estimated_landing_time": 946.0,
        "wait_time": 0,
        "Landing_success_rate": 1.0
    },
    {
        "model": 1,
        "sequence": 1,
        "status": 1,
        "fuel": 7313,
        "fault": 0.901,
        "weapon": 0,
        "pilot_injury": 0.9206,
        "pilot_skill": 0.044,
        "mission_priority": 0.7347,
        "estimated_landing_time": 100.0,
        "wait_time": 0,
        "Landing_success_rate": 1.0
    },
    {
        "model": 2,
        "sequence": 11,
        "status": 1,
        "fuel": 6911,
        "fault": 0.8853,
        "weapon": 1,
        "pilot_injury": 0.9054,
        "pilot_skill": 0.2974,
        "mission_priority": 0.0739,
        "estimated_landing_time": 1040.0,
        "wait_time": 0,
        "Landing_success_rate": 1.0
    },
    {
        "model": 1,
        "sequence": 13,
        "status": 1,
        "fuel": 6612,
        "fault": 0.3533,
        "weapon": 0,
        "pilot_injury": 0.4171,
        "pilot_skill": 0.665,
        "mission_priority": 0.2098,
        "estimated_landing_time": 1228.0,
        "wait_time": 0,
        "Landing_success_rate": 1.0
    },
    {
        "model": 2,
        "sequence": 12,
        "status": 1,
        "fuel": 6938,
        "fault": 0.6662,
        "weapon": 0,
        "pilot_injury": 0.6438,
        "pilot_skill": 0.3263,
        "mission_priority": 0.6643,
        "estimated_landing_time": 1134.0,
        "wait_time": 0,
        "Landing_success_rate": 1.0
    },
    {
        "model": 1,
        "sequence": 16,
        "status": 1,
        "fuel": 6558,
        "fault": 0.7196,
        "weapon": 1,
        "pilot_injury": 0.2395,
        "pilot_skill": 0.0002,
        "mission_priority": 0.8028,
        "estimated_landing_time": 1510.0,
        "wait_time": 0,
        "Landing_success_rate": 1.0
    },
    {
        "model": 0,
        "sequence": 14,
        "status": 1,
        "fuel": 6726,
        "fault": 0.7711,
        "weapon": 0,
        "pilot_injury": 0.0766,
        "pilot_skill": 0.5852,
        "mission_priority": 0.821,
        "estimated_landing_time": 1322.0,
        "wait_time": 0,
        "Landing_success_rate": 1.0
    },
    {
        "model": 2,
        "sequence": 17,
        "status": 1,
        "fuel": 6933,
        "fault": 0.5985,
        "weapon": 0,
        "pilot_injury": 0.5876,
        "pilot_skill": 0.8263,
        "mission_priority": 0.0489,
        "estimated_landing_time": 1604.0,
        "wait_time": 0,
        "Landing_success_rate": 1.0
    },
    {
        "model": 0,
        "sequence": 4,
        "status": 1,
        "fuel": 6412,
        "fault": 0.0941,
        "weapon": 1,
        "pilot_injury": 0.6024,
        "pilot_skill": 0.65,
        "mission_priority": 0.6314,
        "estimated_landing_time": 382.0,
        "wait_time": 0,
        "Landing_success_rate": 1.0
    },
    {
        "model": 1,
        "sequence": 8,
        "status": 1,
        "fuel": 7090,
        "fault": 0.1644,
        "weapon": 0,
        "pilot_injury": 0.619,
        "pilot_skill": 0.0177,
        "mission_priority": 0.6347,
        "estimated_landing_time": 758.0,
        "wait_time": 0,
        "Landing_success_rate": 1.0
    },
    {
        "model": 1,
        "sequence": 6,
        "status": 1,
        "fuel": 7314,
        "fault": 0.886,
        "weapon": 0,
        "pilot_injury": 0.5981,
        "pilot_skill": 0.5341,
        "mission_priority": 0.2607,
        "estimated_landing_time": 570.0,
        "wait_time": 0,
        "Landing_success_rate": 1.0
    },
    {
        "model": 1,
        "sequence": 5,
        "status": 1,
        "fuel": 7272,
        "fault": 0.9969,
        "weapon": 1,
        "pilot_injury": 0.4266,
        "pilot_skill": 0.6298,
        "mission_priority": 0.0354,
        "estimated_landing_time": 476.0,
        "wait_time": 0,
        "Landing_success_rate": 1.0
    },
    {
        "model": 1,
        "sequence": 3,
        "status": 1,
        "fuel": 6844,
        "fault": 0.4482,
        "weapon": 0,
        "pilot_injury": 0.7782,
        "pilot_skill": 0.3503,
        "mission_priority": 0.2276,
        "estimated_landing_time": 288.0,
        "wait_time": 0,
        "Landing_success_rate": 1.0
    },
    {
        "model": 2,
        "sequence": 15,
        "status": 1,
        "fuel": 5928,
        "fault": 0.6562,
        "weapon": 0,
        "pilot_injury": 0.2465,
        "pilot_skill": 0.4309,
        "mission_priority": 0.3314,
        "estimated_landing_time": 1416.0,
        "wait_time": 0,
        "Landing_success_rate": 1.0
    },
    {
        "model": 2,
        "sequence": 18,
        "status": 1,
        "fuel": 6401,
        "fault": 0.5542,
        "weapon": 1,
        "pilot_injury": 0.393,
        "pilot_skill": 0.8629,
        "mission_priority": 0.8845,
        "estimated_landing_time": 1698.0,
        "wait_time": 0,
        "Landing_success_rate": 1.0
    },
    {
        "model": 1,
        "sequence": 2,
        "status": 1,
        "fuel": 5870,
        "fault": 0.4712,
        "weapon": 0,
        "pilot_injury": 0.5697,
        "pilot_skill": 0.6462,
        "mission_priority": 0.5572,
        "estimated_landing_time": 194.0,
        "wait_time": 0,
        "Landing_success_rate": 1.0
    },
    {
        "model": 0,
        "sequence": 7,
        "status": 1,
        "fuel": 6773,
        "fault": 0.7855,
        "weapon": 0,
        "pilot_injury": 0.1111,
        "pilot_skill": 0.8096,
        "mission_priority": 0.7606,
        "estimated_landing_time": 664.0,
        "wait_time": 0,
        "Landing_success_rate": 1.0
    }
]