[
    {
        "model": 1,
        "sequence": 10,
        "status": 1,
        "fuel": 6394,
        "fault": 0.907,
        "weapon": 0,
        "pilot_injury": 0.275,
        "pilot_skill": 0.3018,
        "mission_priority": 0.7744,
        "estimated_landing_time": 946.0,
        "wait_time": 0,
        "Landing_success_rate": 1.0
    },
    {
        "model": 1,
        "sequence": 7,
        "status": 1,
        "fuel": 5594,
        "fault": 0.8791,
        "weapon": 0,
        "pilot_injury": 0.8317,
        "pilot_skill": 0.8334,
        "mission_priority": 0.1617,
        "estimated_landing_time": 664.0,
        "wait_time": 0,
        "Landing_success_rate": 1.0
    },
    {
        "model": 2,
        "sequence": 16,
        "status": 1,
        "fuel": 6237,
        "fault": 0.9829,
        "weapon": 0,
        "pilot_injury": 0.8685,
        "pilot_skill": 0.837,
        "mission_priority": 0.8493,
        "estimated_landing_time": 1510.0,
        "wait_time": 0,
        "Landing_success_rate": 1.0
    },
    {
        "model": 0,
        "sequence": 13,
        "status": 1,
        "fuel": 6354,
        "fault": 0.4825,
        "weapon": 0,
        "pilot_injury": 0.4047,
        "pilot_skill": 0.3952,
        "mission_priority": 0.0662,
        "estimated_landing_time": 1228.0,
        "wait_time": 0,
        "Landing_success_rate": 1.0
    },
    {
        "model": 1,
        "sequence": 1,
        "status": 1,
        "fuel": 5972,
        "fault": 0.016,
        "weapon": 0,
        "pilot_injury": 0.9301,
        "pilot_skill": 0.8793,
        "mission_priority": 0.8286,
        "estimated_landing_time": 100.0,
        "wait_time": 0,
        "Landing_success_rate": 1.0
    },
    {
        "model": 0,
        "sequence": 9,
        "status": 1,
        "fuel": 5819,
        "fault": 0.8842,
        "weapon": 1,
        "pilot_injury": 0.3239,
        "pilot_skill": 0.6036,
        "mission_priority": 0.0135,
        "estimated_landing_time": 852.0,
        "wait_time": 0,
        "Landing_success_rate": 1.0
    },
    {
        "model": 2,
        "sequence": 8,
        "status": 1,
        "fuel": 6546,
        "fault": 0.3751,
        "weapon": 1,
        "pilot_injury": 0.8882,
        "pilot_skill": 0.8552,
        "mission_priority": 0.1681,
        "estimated_landing_time": 758.0,
        "wait_time": 0,
        "Landing_success_rate": 1.0
    },
    {
        "model": 1,
        "sequence": 2,
        "status": 1,
        "fuel": 5626,
        "fault": 0.6845,
        "weapon": 1,
        "pilot_injury": 0.7163,
        "pilot_skill": 0.304,
        "mission_priority": 0.716,
        "estimated_landing_time": 194.0,
        "wait_time": 0,
        "Landing_success_rate": 1.0
    },
    {
        "model": 1,
        "sequence": 6,
        "status": 1,
        "fuel": 6234,
        "fault": 0.4947,
        "weapon": 1,
        "pilot_injury": 0.3573,
        "pilot_skill": 0.811,
        "mission_priority": 0.9375,
        "estimated_landing_time": 570.0,
        "wait_time": 0,
        "Landing_success_rate": 1.0
    },
    {
        "model": 1,
        "sequence": 5,
        "status": 1,
        "fuel": 6021,
        "fault": 0.0206,
        "weapon": 0,
        "pilot_injury": 0.4457,
        "pilot_skill": 0.3424,
        "mission_priority": 0.7075,
        "estimated_landing_time": 476.0,
        "wait_time": 0,
        "Landing_success_rate": 1.0
    },
    {
        "model": 0,
        "sequence": 17,
        "status": 1,
        "fuel": 6753,
        "fault": 0.9762,
        "weapon": 1,
        "pilot_injury": 0.9473,
        "pilot_skill": 0.6773,
        "mission_priority": 0.2184,
        "estimated_landing_time": 1604.0,
        "wait_time": 0,
        "Landing_success_rate": 1.0
    },
    {
        "model": 2,
        "sequence": 3,
        "status": 1,
        "fuel": 7158,
        "fault": 0.6027,
        "weapon": 1,
        "pilot_injury": 0.5971,
        "pilot_skill": 0.1692,
        "mission_priority": 0.6931,
        "estimated_landing_time": 288.0,
        "wait_time": 0,
        "Landing_success_rate": 1.0
    },
    {
        "model": 0,
        "sequence": 14,
        "status": 1,
        "fuel": 6463,
        "fault": 0.851,
        "weapon": 1,
        "pilot_injury": 0.0938,
        "pilot_skill": 0.6109,
        "mission_priority": 0.3722,
        "estimated_landing_time": 1322.0,
        "wait_time": 0,
        "Landing_success_rate": 1.0
    },
    {
        "model": 0,
        "sequence": 11,
        "status": 1,
        "fuel": 5681,
        "fault": 0.9873,
        "weapon": 0,
        "pilot_injury": 0.0723,
        "pilot_skill": 0.636,
        "mission_priority": 0.7794,
        "estimated_landing_time": 1040.0,
        "wait_time": 0,
        "Landing_success_rate": 1.0
    },
    {
        "model": 1,
        "sequence": 12,
        "status": 1,
        "fuel": 7122,
        "fault": 0.416,
        "weapon": 1,
        "pilot_injury": 0.7432,
        "pilot_skill": 0.0205,
        "mission_priority": 0.029,
        "estimated_landing_time": 1134.0,
        "wait_time": 0,
        "Landing_success_rate": 1.0
    },
    {
        "model": 2,
        "sequence": 15,
        "status": 1,
        "fuel": 6511,
        "fault": 0.6728,
        "weapon": 1,
        "pilot_injury": 0.8459,
        "pilot_skill": 0.3996,
        "mission_priority": 0.3898,
        "estimated_landing_time": 1416.0,
        "wait_time": 0,
        "Landing_success_rate": 1.0
    },
    {
        "model": 2,
        "sequence": 4,
        "status": 1,
        "fuel": 6731,
        "fault": 0.3197,
        "weapon": 0,
        "pilot_injury": 0.641,
        "pilot_skill": 0.3273,
        "mission_priority": 0.3465,
        "estimated_landing_time": 382.0,
        "wait_time": 0,
        "Landing_success_rate": 1.0
    },
    {
        "model": 1,
        "sequence": 18,
        "status": 1,
        "fuel": 6156,
        "fault": 0.9046,
        "weapon": 0,
        "pilot_injury": 0.098,
        "pilot_skill": 0.153,
        "mission_priority": 0.8512,
        "estimated_landing_time": 1698.0,
        "wait_time": 0,
        "Landing_success_rate": 1.0
    }
]