[
    {
        "model": 2,
        "sequence": 13,
        "status": 1,
        "fuel": 6816,
        "fault": 0.7703,
        "weapon": 0,
        "pilot_injury": 0.6658,
        "pilot_skill": 0.1996,
        "mission_priority": 0.2687,
        "estimated_landing_time": 1228.0,
        "wait_time": 0,
        "Landing_success_rate": 1.0
    },
    {
        "model": 2,
        "sequence": 9,
        "status": 1,
        "fuel": 6746,
        "fault": 0.3306,
        "weapon": 1,
        "pilot_injury": 0.7744,
        "pilot_skill": 0.3674,
        "mission_priority": 0.1625,
        "estimated_landing_time": 852.0,
        "wait_time": 0,
        "Landing_success_rate": 1.0
    },
    {
        "model": 0,
        "sequence": 5,
        "status": 1,
        "fuel": 6251,
        "fault": 0.2286,
        "weapon": 1,
        "pilot_injury": 0.7317,
        "pilot_skill": 0.4703,
        "mission_priority": 0.7086,
        "estimated_landing_time": 476.0,
        "wait_time": 0,
        "Landing_success_rate": 1.0
    },
    {
        "model": 0,
        "sequence": 15,
        "status": 1,
        "fuel": 7400,
        "fault": 0.9002,
        "weapon": 0,
        "pilot_injury": 0.9835,
        "pilot_skill": 0.6698,
        "mission_priority": 0.8638,
        "estimated_landing_time": 1416.0,
        "wait_time": 0,
        "Landing_success_rate": 1.0
    },
    {
        "model": 2,
        "sequence": 12,
        "status": 1,
        "fuel": 6053,
        "fault": 0.0955,
        "weapon": 1,
        "pilot_injury": 0.8316,
        "pilot_skill": 0.9918,
        "mission_priority": 0.6231,
        "estimated_landing_time": 1134.0,
        "wait_time": 0,
        "Landing_success_rate": 1.0
    },
    {
        "model": 0,
        "sequence": 6,
        "status": 1,
        "fuel": 7494,
        "fault": 0.3211,
        "weapon": 1,
        "pilot_injury": 0.2591,
        "pilot_skill": 0.3548,
        "mission_priority": 0.894,
        "estimated_landing_time": 570.0,
        "wait_time": 0,
        "Landing_success_rate": 1.0
    },
    {
        "model": 0,
        "sequence": 10,
        "status": 1,
        "fuel": 6235,
        "fault": 0.2787,
        "weapon": 0,
        "pilot_injury": 0.3725,
        "pilot_skill": 0.3867,
        "mission_priority": 0.8846,
        "estimated_landing_time": 946.0,
        "wait_time": 0,
        "Landing_success_rate": 1.0
    },
    {
        "model": 2,
        "sequence": 14,
        "status": 1,
        "fuel": 6124,
        "fault": 0.2272,
        "weapon": 0,
        "pilot_injury": 0.2729,
        "pilot_skill": 0.4755,
        "mission_priority": 0.4083,
        "estimated_landing_time": 1322.0,
        "wait_time": 0,
        "Landing_success_rate": 1.0
    },
    {
        "model": 1,
        "sequence": 4,
        "status": 1,
        "fuel": 7043,
        "fault": 0.4594,
        "weapon": 0,
        "pilot_injury": 0.5431,
        "pilot_skill": 0.3018,
        "mission_priority": 0.6608,
        "estimated_landing_time": 382.0,
        "wait_time": 0,
        "Landing_success_rate": 1.0
    },
    {
        "model": 1,
        "sequence": 18,
        "status": 1,
        "fuel": 5876,
        "fault": 0.0352,
        "weapon": 1,
        "pilot_injury": 0.0524,
        "pilot_skill": 0.9925,
        "mission_priority": 0.5076,
        "estimated_landing_time": 1698.0,
        "wait_time": 0,
        "Landing_success_rate": 1.0
    },
    {
        "model": 0,
        "sequence": 3,
        "status": 1,
        "fuel": 7360,
        "fault": 0.8209,
        "weapon": 1,
        "pilot_injury": 0.8704,
        "pilot_skill": 0.7726,
        "mission_priority": 0.7009,
        "estimated_landing_time": 288.0,
        "wait_time": 0,
        "Landing_success_rate": 1.0
    },
    {
        "model": 2,
        "sequence": 7,
        "status": 1,
        "fuel": 6701,
        "fault": 0.0766,
        "weapon": 1,
        "pilot_injury": 0.7663,
        "pilot_skill": 0.5724,
        "mission_priority": 0.8927,
        "estimated_landing_time": 664.0,
        "wait_time": 0,
        "Landing_success_rate": 1.0
    },
    {
        "model": 0,
        "sequence": 16,
        "status": 1,
        "fuel": 6906,
        "fault": 0.1904,
        "weapon": 0,
        "pilot_injury": 0.8696,
        "pilot_skill": 0.6254,
        "mission_priority": 0.0014,
        "estimated_landing_time": 1510.0,
        "wait_time": 0,
        "Landing_success_rate": 1.0
    },
    {
        "model": 2,
        "sequence": 17,
        "status": 1,
        "fuel": 6003,
        "fault": 0.3358,
        "weapon": 1,
        "pilot_injury": 0.0273,
        "pilot_skill": 0.0032,
        "mission_priority": 0.2813,
        "estimated_landing_time": 1604.0,
        "wait_time": 0,
        "Landing_success_rate": 1.0
    },
    {
        "model": 0,
        "sequence": 1,
        "status": 1,
        "fuel": 5530,
        "fault": 0.3593,
        "weapon": 0,
        "pilot_injury": 0.5188,
        "pilot_skill": 0.5532,
        "mission_priority": 0.332,
        "estimated_landing_time": 100.0,
        "wait_time": 0,
        "Landing_success_rate": 1.0
    },
    {
        "model": 0,
        "sequence": 11,
        "status": 1,
        "fuel": 7219,
        "fault": 0.0077,
        "weapon": 1,
        "pilot_injury": 0.1063,
        "pilot_skill": 0.4874,
        "mission_priority": 0.6344,
        "estimated_landing_time": 1040.0,
        "wait_time": 0,
        "Landing_success_rate": 1.0
    },
    {
        "model": 2,
        "sequence": 2,
        "status": 1,
        "fuel": 6180,
        "fault": 0.012,
        "weapon": 1,
        "pilot_injury": 0.5775,
        "pilot_skill": 0.7425,
        "mission_priority": 0.2348,
        "estimated_landing_time": 194.0,
        "wait_time": 0,
        "Landing_success_rate": 1.0
    },
    {
        "model": 0,
        "sequence": 8,
        "status": 1,
        "fuel": 6249,
        "fault": 0.0516,
        "weapon": 1,
        "pilot_injury": 0.9831,
        "pilot_skill": 0.2175,
        "mission_priority": 0.9859,
        "estimated_landing_time": 758.0,
        "wait_time": 0,
        "Landing_success_rate": 1.0
    }
]