[
    {
        "model": 2,
        "sequence": 18,
        "status": 1,
        "fuel": 6470,
        "fault": 0.2179,
        "weapon": 0,
        "pilot_injury": 0.527,
        "pilot_skill": 0.0899,
        "mission_priority": 0.4633,
        "estimated_landing_time": 1698.0,
        "wait_time": 0,
        "Landing_success_rate": 1.0
    },
    {
        "model": 1,
        "sequence": 13,
        "status": 1,
        "fuel": 5893,
        "fault": 0.7792,
        "weapon": 1,
        "pilot_injury": 0.0912,
        "pilot_skill": 0.3294,
        "mission_priority": 0.3889,
        "estimated_landing_time": 1228.0,
        "wait_time": 0,
        "Landing_success_rate": 1.0
    },
    {
        "model": 2,
        "sequence": 6,
        "status": 1,
        "fuel": 7331,
        "fault": 0.5098,
        "weapon": 1,
        "pilot_injury": 0.2508,
        "pilot_skill": 0.6823,
        "mission_priority": 0.3859,
        "estimated_landing_time": 570.0,
        "wait_time": 0,
        "Landing_success_rate": 1.0
    },
    {
        "model": 1,
        "sequence": 9,
        "status": 1,
        "fuel": 6175,
        "fault": 0.3044,
        "weapon": 1,
        "pilot_injury": 0.5491,
        "pilot_skill": 0.2485,
        "mission_priority": 0.5215,
        "estimated_landing_time": 852.0,
        "wait_time": 0,
        "Landing_success_rate": 1.0
    },
    {
        "model": 2,
        "sequence": 16,
        "status": 1,
        "fuel": 6927,
        "fault": 0.8875,
        "weapon": 0,
        "pilot_injury": 0.5726,
        "pilot_skill": 0.182,
        "mission_priority": 0.2566,
        "estimated_landing_time": 1510.0,
        "wait_time": 0,
        "Landing_success_rate": 1.0
    },
    {
        "model": 1,
        "sequence": 4,
        "status": 1,
        "fuel": 7365,
        "fault": 0.7052,
        "weapon": 0,
        "pilot_injury": 0.3479,
        "pilot_skill": 0.979,
        "mission_priority": 0.3539,
        "estimated_landing_time": 382.0,
        "wait_time": 0,
        "Landing_success_rate": 1.0
    },
    {
        "model": 1,
        "sequence": 15,
        "status": 1,
        "fuel": 6122,
        "fault": 0.0438,
        "weapon": 1,
        "pilot_injury": 0.6485,
        "pilot_skill": 0.9499,
        "mission_priority": 0.8576,
        "estimated_landing_time": 1416.0,
        "wait_time": 0,
        "Landing_success_rate": 1.0
    },
    {
        "model": 2,
        "sequence": 3,
        "status": 1,
        "fuel": 6075,
        "fault": 0.3673,
        "weapon": 0,
        "pilot_injury": 0.2308,
        "pilot_skill": 0.6171,
        "mission_priority": 0.8872,
        "estimated_landing_time": 288.0,
        "wait_time": 0,
        "Landing_success_rate": 1.0
    },
    {
        "model": 1,
        "sequence": 14,
        "status": 1,
        "fuel": 6689,
        "fault": 0.5622,
        "weapon": 0,
        "pilot_injury": 0.1004,
        "pilot_skill": 0.4393,
        "mission_priority": 0.9774,
        "estimated_landing_time": 1322.0,
        "wait_time": 0,
        "Landing_success_rate": 1.0
    },
    {
        "model": 0,
        "sequence": 1,
        "status": 1,
        "fuel": 7254,
        "fault": 0.4161,
        "weapon": 0,
        "pilot_injury": 0.0304,
        "pilot_skill": 0.6948,
        "mission_priority": 0.9346,
        "estimated_landing_time": 100.0,
        "wait_time": 0,
        "Landing_success_rate": 1.0
    },
    {
        "model": 1,
        "sequence": 8,
        "status": 1,
        "fuel": 6040,
        "fault": 0.0895,
        "weapon": 1,
        "pilot_injury": 0.0279,
        "pilot_skill": 0.892,
        "mission_priority": 0.7225,
        "estimated_landing_time": 758.0,
        "wait_time": 0,
        "Landing_success_rate": 1.0
    },
    {
        "model": 2,
        "sequence": 2,
        "status": 1,
        "fuel": 6678,
        "fault": 0.0994,
        "weapon": 1,
        "pilot_injury": 0.8048,
        "pilot_skill": 0.8099,
        "mission_priority": 0.1205,
        "estimated_landing_time": 194.0,
        "wait_time": 0,
        "Landing_success_rate": 1.0
    },
    {
        "model": 0,
        "sequence": 17,
        "status": 1,
        "fuel": 5750,
        "fault": 0.5556,
        "weapon": 1,
        "pilot_injury": 0.5254,
        "pilot_skill": 0.9566,
        "mission_priority": 0.4811,
        "estimated_landing_time": 1604.0,
        "wait_time": 0,
        "Landing_success_rate": 1.0
    },
    {
        "model": 0,
        "sequence": 12,
        "status": 1,
        "fuel": 6934,
        "fault": 0.3316,
        "weapon": 0,
        "pilot_injury": 0.943,
        "pilot_skill": 0.3987,
        "mission_priority": 0.2298,
        "estimated_landing_time": 1134.0,
        "wait_time": 0,
        "Landing_success_rate": 1.0
    },
    {
        "model": 1,
        "sequence": 7,
        "status": 1,
        "fuel": 7233,
        "fault": 0.6148,
        "weapon": 1,
        "pilot_injury": 0.4979,
        "pilot_skill": 0.3543,
        "mission_priority": 0.5443,
        "estimated_landing_time": 664.0,
        "wait_time": 0,
        "Landing_success_rate": 1.0
    },
    {
        "model": 1,
        "sequence": 11,
        "status": 1,
        "fuel": 7429,
        "fault": 0.6128,
        "weapon": 1,
        "pilot_injury": 0.2806,
        "pilot_skill": 0.605,
        "mission_priority": 0.7117,
        "estimated_landing_time": 1040.0,
        "wait_time": 0,
        "Landing_success_rate": 1.0
    },
    {
        "model": 1,
        "sequence": 10,
        "status": 1,
        "fuel": 7213,
        "fault": 0.8436,
        "weapon": 0,
        "pilot_injury": 0.4121,
        "pilot_skill": 0.7405,
        "mission_priority": 0.0747,
        "estimated_landing_time": 946.0,
        "wait_time": 0,
        "Landing_success_rate": 1.0
    },
    {
        "model": 0,
        "sequence": 5,
        "status": 1,
        "fuel": 5815,
        "fault": 0.727,
        "weapon": 0,
        "pilot_injury": 0.4486,
        "pilot_skill": 0.2113,
        "mission_priority": 0.2869,
        "estimated_landing_time": 476.0,
        "wait_time": 0,
        "Landing_success_rate": 1.0
    }
]