[
    {
        "model": 2,
        "sequence": 4,
        "status": 1,
        "fuel": 7119,
        "fault": 0.6834,
        "weapon": 0,
        "pilot_injury": 0.7025,
        "pilot_skill": 0.3714,
        "mission_priority": 0.3177,
        "estimated_landing_time": 382.0,
        "wait_time": 0,
        "Landing_success_rate": 1.0
    },
    {
        "model": 1,
        "sequence": 14,
        "status": 1,
        "fuel": 6354,
        "fault": 0.0294,
        "weapon": 0,
        "pilot_injury": 0.5726,
        "pilot_skill": 0.2995,
        "mission_priority": 0.7838,
        "estimated_landing_time": 1322.0,
        "wait_time": 0,
        "Landing_success_rate": 1.0
    },
    {
        "model": 2,
        "sequence": 13,
        "status": 1,
        "fuel": 7224,
        "fault": 0.315,
        "weapon": 0,
        "pilot_injury": 0.0232,
        "pilot_skill": 0.7917,
        "mission_priority": 0.6203,
        "estimated_landing_time": 1228.0,
        "wait_time": 0,
        "Landing_success_rate": 1.0
    },
    {
        "model": 2,
        "sequence": 15,
        "status": 1,
        "fuel": 6221,
        "fault": 0.3692,
        "weapon": 1,
        "pilot_injury": 0.2625,
        "pilot_skill": 0.5765,
        "mission_priority": 0.5483,
        "estimated_landing_time": 1416.0,
        "wait_time": 0,
        "Landing_success_rate": 1.0
    },
    {
        "model": 0,
        "sequence": 10,
        "status": 1,
        "fuel": 7257,
        "fault": 0.232,
        "weapon": 0,
        "pilot_injury": 0.889,
        "pilot_skill": 0.0435,
        "mission_priority": 0.4172,
        "estimated_landing_time": 946.0,
        "wait_time": 0,
        "Landing_success_rate": 1.0
    },
    {
        "model": 0,
        "sequence": 11,
        "status": 1,
        "fuel": 7350,
        "fault": 0.8334,
        "weapon": 1,
        "pilot_injury": 0.0195,
        "pilot_skill": 0.2106,
        "mission_priority": 0.0618,
        "estimated_landing_time": 1040.0,
        "wait_time": 0,
        "Landing_success_rate": 1.0
    },
    {
        "model": 0,
        "sequence": 18,
        "status": 1,
        "fuel": 5983,
        "fault": 0.349,
        "weapon": 0,
        "pilot_injury": 0.1597,
        "pilot_skill": 0.333,
        "mission_priority": 0.3298,
        "estimated_landing_time": 1698.0,
        "wait_time": 0,
        "Landing_success_rate": 1.0
    },
    {
        "model": 0,
        "sequence": 1,
        "status": 1,
        "fuel": 5700,
        "fault": 0.3551,
        "weapon": 0,
        "pilot_injury": 0.5483,
        "pilot_skill": 0.7829,
        "mission_priority": 0.8296,
        "estimated_landing_time": 100.0,
        "wait_time": 0,
        "Landing_success_rate": 1.0
    },
    {
        "model": 2,
        "sequence": 5,
        "status": 1,
        "fuel": 6338,
        "fault": 0.7367,
        "weapon": 1,
        "pilot_injury": 0.823,
        "pilot_skill": 0.7422,
        "mission_priority": 0.7045,
        "estimated_landing_time": 476.0,
        "wait_time": 0,
        "Landing_success_rate": 1.0
    },
    {
        "model": 0,
        "sequence": 2,
        "status": 1,
        "fuel": 6657,
        "fault": 0.2523,
        "weapon": 1,
        "pilot_injury": 0.6954,
        "pilot_skill": 0.9448,
        "mission_priority": 0.7737,
        "estimated_landing_time": 194.0,
        "wait_time": 0,
        "Landing_success_rate": 1.0
    },
    {
        "model": 1,
        "sequence": 12,
        "status": 1,
        "fuel": 6822,
        "fault": 0.4223,
        "weapon": 1,
        "pilot_injury": 0.3046,
        "pilot_skill": 0.6777,
        "mission_priority": 0.712,
        "estimated_landing_time": 1134.0,
        "wait_time": 0,
        "Landing_success_rate": 1.0
    },
    {
        "model": 0,
        "sequence": 9,
        "status": 1,
        "fuel": 6147,
        "fault": 0.5475,
        "weapon": 1,
        "pilot_injury": 0.3672,
        "pilot_skill": 0.0397,
        "mission_priority": 0.9084,
        "estimated_landing_time": 852.0,
        "wait_time": 0,
        "Landing_success_rate": 1.0
    },
    {
        "model": 2,
        "sequence": 6,
        "status": 1,
        "fuel": 5622,
        "fault": 0.0786,
        "weapon": 0,
        "pilot_injury": 0.8732,
        "pilot_skill": 0.3101,
        "mission_priority": 0.8304,
        "estimated_landing_time": 570.0,
        "wait_time": 0,
        "Landing_success_rate": 1.0
    },
    {
        "model": 1,
        "sequence": 17,
        "status": 1,
        "fuel": 6258,
        "fault": 0.2721,
        "weapon": 0,
        "pilot_injury": 0.0698,
        "pilot_skill": 0.6552,
        "mission_priority": 0.6771,
        "estimated_landing_time": 1604.0,
        "wait_time": 0,
        "Landing_success_rate": 1.0
    },
    {
        "model": 2,
        "sequence": 7,
        "status": 1,
        "fuel": 6850,
        "fault": 0.394,
        "weapon": 0,
        "pilot_injury": 0.9232,
        "pilot_skill": 0.7339,
        "mission_priority": 0.9613,
        "estimated_landing_time": 664.0,
        "wait_time": 0,
        "Landing_success_rate": 1.0
    },
    {
        "model": 1,
        "sequence": 8,
        "status": 1,
        "fuel": 5941,
        "fault": 0.518,
        "weapon": 1,
        "pilot_injury": 0.2637,
        "pilot_skill": 0.9856,
        "mission_priority": 0.0551,
        "estimated_landing_time": 758.0,
        "wait_time": 0,
        "Landing_success_rate": 1.0
    },
    {
        "model": 1,
        "sequence": 16,
        "status": 1,
        "fuel": 6578,
        "fault": 0.6669,
        "weapon": 0,
        "pilot_injury": 0.3865,
        "pilot_skill": 0.9177,
        "mission_priority": 0.368,
        "estimated_landing_time": 1510.0,
        "wait_time": 0,
        "Landing_success_rate": 1.0
    },
    {
        "model": 1,
        "sequence": 3,
        "status": 1,
        "fuel": 6332,
        "fault": 0.9544,
        "weapon": 1,
        "pilot_injury": 0.8548,
        "pilot_skill": 0.5218,
        "mission_priority": 0.3114,
        "estimated_landing_time": 288.0,
        "wait_time": 0,
        "Landing_success_rate": 1.0
    }
]