[
    {
        "model": 2,
        "sequence": 3,
        "status": 1,
        "fuel": 6648,
        "fault": 0.1491,
        "weapon": 1,
        "pilot_injury": 0.6196,
        "pilot_skill": 0.7974,
        "mission_priority": 0.6961,
        "estimated_landing_time": 288.0,
        "wait_time": 0,
        "Landing_success_rate": 1.0
    },
    {
        "model": 1,
        "sequence": 10,
        "status": 1,
        "fuel": 5682,
        "fault": 0.0596,
        "weapon": 1,
        "pilot_injury": 0.5351,
        "pilot_skill": 0.3597,
        "mission_priority": 0.1761,
        "estimated_landing_time": 946.0,
        "wait_time": 0,
        "Landing_success_rate": 1.0
    },
    {
        "model": 0,
        "sequence": 5,
        "status": 1,
        "fuel": 6664,
        "fault": 0.5904,
        "weapon": 1,
        "pilot_injury": 0.2605,
        "pilot_skill": 0.2865,
        "mission_priority": 0.1618,
        "estimated_landing_time": 476.0,
        "wait_time": 0,
        "Landing_success_rate": 1.0
    },
    {
        "model": 2,
        "sequence": 18,
        "status": 1,
        "fuel": 7322,
        "fault": 0.6571,
        "weapon": 1,
        "pilot_injury": 0.8347,
        "pilot_skill": 0.4937,
        "mission_priority": 0.5196,
        "estimated_landing_time": 1698.0,
        "wait_time": 0,
        "Landing_success_rate": 1.0
    },
    {
        "model": 0,
        "sequence": 14,
        "status": 1,
        "fuel": 7443,
        "fault": 0.376,
        "weapon": 0,
        "pilot_injury": 0.4966,
        "pilot_skill": 0.5469,
        "mission_priority": 0.9535,
        "estimated_landing_time": 1322.0,
        "wait_time": 0,
        "Landing_success_rate": 1.0
    },
    {
        "model": 2,
        "sequence": 7,
        "status": 1,
        "fuel": 6643,
        "fault": 0.4862,
        "weapon": 1,
        "pilot_injury": 0.0413,
        "pilot_skill": 0.6803,
        "mission_priority": 0.0492,
        "estimated_landing_time": 664.0,
        "wait_time": 0,
        "Landing_success_rate": 1.0
    },
    {
        "model": 2,
        "sequence": 16,
        "status": 1,
        "fuel": 6224,
        "fault": 0.8203,
        "weapon": 0,
        "pilot_injury": 0.3517,
        "pilot_skill": 0.435,
        "mission_priority": 0.5194,
        "estimated_landing_time": 1510.0,
        "wait_time": 0,
        "Landing_success_rate": 1.0
    },
    {
        "model": 0,
        "sequence": 2,
        "status": 1,
        "fuel": 5829,
        "fault": 0.782,
        "weapon": 1,
        "pilot_injury": 0.2428,
        "pilot_skill": 0.5753,
        "mission_priority": 0.2152,
        "estimated_landing_time": 194.0,
        "wait_time": 0,
        "Landing_success_rate": 1.0
    },
    {
        "model": 0,
        "sequence": 1,
        "status": 1,
        "fuel": 6594,
        "fault": 0.5004,
        "weapon": 1,
        "pilot_injury": 0.9899,
        "pilot_skill": 0.4187,
        "mission_priority": 0.8127,
        "estimated_landing_time": 100.0,
        "wait_time": 0,
        "Landing_success_rate": 1.0
    },
    {
        "model": 1,
        "sequence": 6,
        "status": 1,
        "fuel": 6280,
        "fault": 0.3347,
        "weapon": 0,
        "pilot_injury": 0.6254,
        "pilot_skill": 0.5812,
        "mission_priority": 0.6529,
        "estimated_landing_time": 570.0,
        "wait_time": 0,
        "Landing_success_rate": 1.0
    },
    {
        "model": 1,
        "sequence": 13,
        "status": 1,
        "fuel": 7063,
        "fault": 0.8748,
        "weapon": 1,
        "pilot_injury": 0.2668,
        "pilot_skill": 0.2009,
        "mission_priority": 0.0343,
        "estimated_landing_time": 1228.0,
        "wait_time": 0,
        "Landing_success_rate": 1.0
    },
    {
        "model": 2,
        "sequence": 15,
        "status": 1,
        "fuel": 6179,
        "fault": 0.8126,
        "weapon": 1,
        "pilot_injury": 0.0699,
        "pilot_skill": 0.5385,
        "mission_priority": 0.6948,
        "estimated_landing_time": 1416.0,
        "wait_time": 0,
        "Landing_success_rate": 1.0
    },
    {
        "model": 0,
        "sequence": 17,
        "status": 1,
        "fuel": 5509,
        "fault": 0.7754,
        "weapon": 1,
        "pilot_injury": 0.1863,
        "pilot_skill": 0.9645,
        "mission_priority": 0.0947,
        "estimated_landing_time": 1604.0,
        "wait_time": 0,
        "Landing_success_rate": 1.0
    },
    {
        "model": 1,
        "sequence": 12,
        "status": 1,
        "fuel": 5638,
        "fault": 0.7283,
        "weapon": 0,
        "pilot_injury": 0.1434,
        "pilot_skill": 0.8982,
        "mission_priority": 0.7531,
        "estimated_landing_time": 1134.0,
        "wait_time": 0,
        "Landing_success_rate": 1.0
    },
    {
        "model": 2,
        "sequence": 11,
        "status": 1,
        "fuel": 6315,
        "fault": 0.73,
        "weapon": 1,
        "pilot_injury": 0.4572,
        "pilot_skill": 0.0665,
        "mission_priority": 0.7211,
        "estimated_landing_time": 1040.0,
        "wait_time": 0,
        "Landing_success_rate": 1.0
    },
    {
        "model": 1,
        "sequence": 4,
        "status": 1,
        "fuel": 6056,
        "fault": 0.1229,
        "weapon": 0,
        "pilot_injury": 0.5406,
        "pilot_skill": 0.6731,
        "mission_priority": 0.4381,
        "estimated_landing_time": 382.0,
        "wait_time": 0,
        "Landing_success_rate": 1.0
    },
    {
        "model": 2,
        "sequence": 8,
        "status": 1,
        "fuel": 5909,
        "fault": 0.1956,
        "weapon": 1,
        "pilot_injury": 0.9118,
        "pilot_skill": 0.1642,
        "mission_priority": 0.2485,
        "estimated_landing_time": 758.0,
        "wait_time": 0,
        "Landing_success_rate": 1.0
    },
    {
        "model": 1,
        "sequence": 9,
        "status": 1,
        "fuel": 5950,
        "fault": 0.7532,
        "weapon": 1,
        "pilot_injury": 0.8919,
        "pilot_skill": 0.0472,
        "mission_priority": 0.7553,
        "estimated_landing_time": 852.0,
        "wait_time": 0,
        "Landing_success_rate": 1.0
    }
]