[
    {
        "model": 1,
        "sequence": 13,
        "status": 1,
        "fuel": 7490,
        "fault": 0.0127,
        "weapon": 0,
        "pilot_injury": 0.6258,
        "pilot_skill": 0.6241,
        "mission_priority": 0.3744,
        "estimated_landing_time": 1228.0,
        "wait_time": 0,
        "Landing_success_rate": 1.0
    },
    {
        "model": 1,
        "sequence": 5,
        "status": 1,
        "fuel": 6172,
        "fault": 0.8195,
        "weapon": 0,
        "pilot_injury": 0.5987,
        "pilot_skill": 0.724,
        "mission_priority": 0.8261,
        "estimated_landing_time": 476.0,
        "wait_time": 0,
        "Landing_success_rate": 1.0
    },
    {
        "model": 1,
        "sequence": 8,
        "status": 1,
        "fuel": 5739,
        "fault": 0.0488,
        "weapon": 1,
        "pilot_injury": 0.5653,
        "pilot_skill": 0.566,
        "mission_priority": 0.2179,
        "estimated_landing_time": 758.0,
        "wait_time": 0,
        "Landing_success_rate": 1.0
    },
    {
        "model": 0,
        "sequence": 9,
        "status": 1,
        "fuel": 5558,
        "fault": 0.4114,
        "weapon": 0,
        "pilot_injury": 0.6393,
        "pilot_skill": 0.291,
        "mission_priority": 0.5923,
        "estimated_landing_time": 852.0,
        "wait_time": 0,
        "Landing_success_rate": 1.0
    },
    {
        "model": 0,
        "sequence": 11,
        "status": 1,
        "fuel": 7428,
        "fault": 0.1344,
        "weapon": 1,
        "pilot_injury": 0.9111,
        "pilot_skill": 0.5035,
        "mission_priority": 0.4883,
        "estimated_landing_time": 1040.0,
        "wait_time": 0,
        "Landing_success_rate": 1.0
    },
    {
        "model": 2,
        "sequence": 3,
        "status": 1,
        "fuel": 6410,
        "fault": 0.3423,
        "weapon": 1,
        "pilot_injury": 0.166,
        "pilot_skill": 0.0592,
        "mission_priority": 0.6964,
        "estimated_landing_time": 288.0,
        "wait_time": 0,
        "Landing_success_rate": 1.0
    },
    {
        "model": 2,
        "sequence": 17,
        "status": 1,
        "fuel": 7286,
        "fault": 0.8832,
        "weapon": 0,
        "pilot_injury": 0.6906,
        "pilot_skill": 0.6444,
        "mission_priority": 0.72,
        "estimated_landing_time": 1604.0,
        "wait_time": 0,
        "Landing_success_rate": 1.0
    },
    {
        "model": 2,
        "sequence": 6,
        "status": 1,
        "fuel": 6149,
        "fault": 0.4628,
        "weapon": 0,
        "pilot_injury": 0.0614,
        "pilot_skill": 0.8171,
        "mission_priority": 0.2158,
        "estimated_landing_time": 570.0,
        "wait_time": 0,
        "Landing_success_rate": 1.0
    },
    {
        "model": 0,
        "sequence": 16,
        "status": 1,
        "fuel": 6098,
        "fault": 0.03,
        "weapon": 0,
        "pilot_injury": 0.9211,
        "pilot_skill": 0.5524,
        "mission_priority": 0.58,
        "estimated_landing_time": 1510.0,
        "wait_time": 0,
        "Landing_success_rate": 1.0
    },
    {
        "model": 2,
        "sequence": 2,
        "status": 1,
        "fuel": 6753,
        "fault": 0.7099,
        "weapon": 0,
        "pilot_injury": 0.6124,
        "pilot_skill": 0.005,
        "mission_priority": 0.5561,
        "estimated_landing_time": 194.0,
        "wait_time": 0,
        "Landing_success_rate": 1.0
    },
    {
        "model": 0,
        "sequence": 10,
        "status": 1,
        "fuel": 5539,
        "fault": 0.7162,
        "weapon": 1,
        "pilot_injury": 0.4315,
        "pilot_skill": 0.7736,
        "mission_priority": 0.5038,
        "estimated_landing_time": 946.0,
        "wait_time": 0,
        "Landing_success_rate": 1.0
    },
    {
        "model": 1,
        "sequence": 7,
        "status": 1,
        "fuel": 7353,
        "fault": 0.6907,
        "weapon": 0,
        "pilot_injury": 0.671,
        "pilot_skill": 0.3876,
        "mission_priority": 0.37,
        "estimated_landing_time": 664.0,
        "wait_time": 0,
        "Landing_success_rate": 1.0
    },
    {
        "model": 0,
        "sequence": 1,
        "status": 1,
        "fuel": 6451,
        "fault": 0.3811,
        "weapon": 0,
        "pilot_injury": 0.9508,
        "pilot_skill": 0.8424,
        "mission_priority": 0.2751,
        "estimated_landing_time": 100.0,
        "wait_time": 0,
        "Landing_success_rate": 1.0
    },
    {
        "model": 1,
        "sequence": 4,
        "status": 1,
        "fuel": 6509,
        "fault": 0.8767,
        "weapon": 1,
        "pilot_injury": 0.2504,
        "pilot_skill": 0.5325,
        "mission_priority": 0.0221,
        "estimated_landing_time": 382.0,
        "wait_time": 0,
        "Landing_success_rate": 1.0
    },
    {
        "model": 2,
        "sequence": 18,
        "status": 1,
        "fuel": 5803,
        "fault": 0.6977,
        "weapon": 1,
        "pilot_injury": 0.8847,
        "pilot_skill": 0.502,
        "mission_priority": 0.6496,
        "estimated_landing_time": 1698.0,
        "wait_time": 0,
        "Landing_success_rate": 1.0
    },
    {
        "model": 0,
        "sequence": 15,
        "status": 1,
        "fuel": 6387,
        "fault": 0.019,
        "weapon": 0,
        "pilot_injury": 0.1587,
        "pilot_skill": 0.9638,
        "mission_priority": 0.256,
        "estimated_landing_time": 1416.0,
        "wait_time": 0,
        "Landing_success_rate": 1.0
    },
    {
        "model": 2,
        "sequence": 14,
        "status": 1,
        "fuel": 6405,
        "fault": 0.3158,
        "weapon": 0,
        "pilot_injury": 0.9791,
        "pilot_skill": 0.69,
        "mission_priority": 0.6296,
        "estimated_landing_time": 1322.0,
        "wait_time": 0,
        "Landing_success_rate": 1.0
    },
    {
        "model": 2,
        "sequence": 12,
        "status": 1,
        "fuel": 6413,
        "fault": 0.8643,
        "weapon": 0,
        "pilot_injury": 0.664,
        "pilot_skill": 0.9028,
        "mission_priority": 0.5418,
        "estimated_landing_time": 1134.0,
        "wait_time": 0,
        "Landing_success_rate": 1.0
    }
]