[
    {
        "model": 1,
        "sequence": 13,
        "status": 1,
        "fuel": 7352,
        "fault": 0.6746,
        "weapon": 0,
        "pilot_injury": 0.1933,
        "pilot_skill": 0.6945,
        "mission_priority": 0.5364,
        "estimated_landing_time": 1228.0,
        "wait_time": 0,
        "Landing_success_rate": 1.0
    },
    {
        "model": 0,
        "sequence": 6,
        "status": 1,
        "fuel": 6646,
        "fault": 0.9642,
        "weapon": 0,
        "pilot_injury": 0.7259,
        "pilot_skill": 0.0434,
        "mission_priority": 0.8026,
        "estimated_landing_time": 570.0,
        "wait_time": 0,
        "Landing_success_rate": 1.0
    },
    {
        "model": 2,
        "sequence": 18,
        "status": 1,
        "fuel": 7144,
        "fault": 0.5706,
        "weapon": 0,
        "pilot_injury": 0.5375,
        "pilot_skill": 0.6125,
        "mission_priority": 0.1495,
        "estimated_landing_time": 1698.0,
        "wait_time": 0,
        "Landing_success_rate": 1.0
    },
    {
        "model": 0,
        "sequence": 12,
        "status": 1,
        "fuel": 6566,
        "fault": 0.9929,
        "weapon": 0,
        "pilot_injury": 0.3504,
        "pilot_skill": 0.0913,
        "mission_priority": 0.1598,
        "estimated_landing_time": 1134.0,
        "wait_time": 0,
        "Landing_success_rate": 1.0
    },
    {
        "model": 1,
        "sequence": 1,
        "status": 1,
        "fuel": 6398,
        "fault": 0.429,
        "weapon": 0,
        "pilot_injury": 0.8945,
        "pilot_skill": 0.206,
        "mission_priority": 0.4162,
        "estimated_landing_time": 100.0,
        "wait_time": 0,
        "Landing_success_rate": 1.0
    },
    {
        "model": 2,
        "sequence": 5,
        "status": 1,
        "fuel": 6137,
        "fault": 0.7449,
        "weapon": 1,
        "pilot_injury": 0.0501,
        "pilot_skill": 0.1965,
        "mission_priority": 0.2106,
        "estimated_landing_time": 476.0,
        "wait_time": 0,
        "Landing_success_rate": 1.0
    },
    {
        "model": 2,
        "sequence": 9,
        "status": 1,
        "fuel": 7403,
        "fault": 0.0466,
        "weapon": 1,
        "pilot_injury": 0.139,
        "pilot_skill": 0.2722,
        "mission_priority": 0.1678,
        "estimated_landing_time": 852.0,
        "wait_time": 0,
        "Landing_success_rate": 1.0
    },
    {
        "model": 1,
        "sequence": 17,
        "status": 1,
        "fuel": 6990,
        "fault": 0.2327,
        "weapon": 0,
        "pilot_injury": 0.4958,
        "pilot_skill": 0.6312,
        "mission_priority": 0.3313,
        "estimated_landing_time": 1604.0,
        "wait_time": 0,
        "Landing_success_rate": 1.0
    },
    {
        "model": 2,
        "sequence": 2,
        "status": 1,
        "fuel": 7056,
        "fault": 0.4567,
        "weapon": 0,
        "pilot_injury": 0.308,
        "pilot_skill": 0.6522,
        "mission_priority": 0.1504,
        "estimated_landing_time": 194.0,
        "wait_time": 0,
        "Landing_success_rate": 1.0
    },
    {
        "model": 2,
        "sequence": 4,
        "status": 1,
        "fuel": 5602,
        "fault": 0.6094,
        "weapon": 1,
        "pilot_injury": 0.1204,
        "pilot_skill": 0.8975,
        "mission_priority": 0.0794,
        "estimated_landing_time": 382.0,
        "wait_time": 0,
        "Landing_success_rate": 1.0
    },
    {
        "model": 0,
        "sequence": 11,
        "status": 1,
        "fuel": 6893,
        "fault": 0.7203,
        "weapon": 0,
        "pilot_injury": 0.5594,
        "pilot_skill": 0.0964,
        "mission_priority": 0.7989,
        "estimated_landing_time": 1040.0,
        "wait_time": 0,
        "Landing_success_rate": 1.0
    },
    {
        "model": 2,
        "sequence": 3,
        "status": 1,
        "fuel": 6295,
        "fault": 0.0017,
        "weapon": 1,
        "pilot_injury": 0.8951,
        "pilot_skill": 0.5568,
        "mission_priority": 0.9359,
        "estimated_landing_time": 288.0,
        "wait_time": 0,
        "Landing_success_rate": 1.0
    },
    {
        "model": 0,
        "sequence": 8,
        "status": 1,
        "fuel": 5537,
        "fault": 0.2714,
        "weapon": 0,
        "pilot_injury": 0.0598,
        "pilot_skill": 0.8832,
        "mission_priority": 0.6742,
        "estimated_landing_time": 758.0,
        "wait_time": 0,
        "Landing_success_rate": 1.0
    },
    {
        "model": 2,
        "sequence": 10,
        "status": 1,
        "fuel": 6650,
        "fault": 0.8792,
        "weapon": 1,
        "pilot_injury": 0.8165,
        "pilot_skill": 0.6032,
        "mission_priority": 0.3604,
        "estimated_landing_time": 946.0,
        "wait_time": 0,
        "Landing_success_rate": 1.0
    },
    {
        "model": 0,
        "sequence": 16,
        "status": 1,
        "fuel": 5898,
        "fault": 0.01,
        "weapon": 0,
        "pilot_injury": 0.3389,
        "pilot_skill": 0.0896,
        "mission_priority": 0.9113,
        "estimated_landing_time": 1510.0,
        "wait_time": 0,
        "Landing_success_rate": 1.0
    },
    {
        "model": 0,
        "sequence": 15,
        "status": 1,
        "fuel": 6931,
        "fault": 0.6919,
        "weapon": 1,
        "pilot_injury": 0.2044,
        "pilot_skill": 0.8974,
        "mission_priority": 0.2175,
        "estimated_landing_time": 1416.0,
        "wait_time": 0,
        "Landing_success_rate": 1.0
    },
    {
        "model": 2,
        "sequence": 7,
        "status": 1,
        "fuel": 7071,
        "fault": 0.8224,
        "weapon": 0,
        "pilot_injury": 0.0349,
        "pilot_skill": 0.8288,
        "mission_priority": 0.4106,
        "estimated_landing_time": 664.0,
        "wait_time": 0,
        "Landing_success_rate": 1.0
    },
    {
        "model": 0,
        "sequence": 14,
        "status": 1,
        "fuel": 6928,
        "fault": 0.5739,
        "weapon": 0,
        "pilot_injury": 0.6955,
        "pilot_skill": 0.2543,
        "mission_priority": 0.0219,
        "estimated_landing_time": 1322.0,
        "wait_time": 0,
        "Landing_success_rate": 1.0
    }
]