[
    {
        "model": 1,
        "sequence": 16,
        "status": 1,
        "fuel": 5947,
        "fault": 0.6659,
        "weapon": 0,
        "pilot_injury": 0.1327,
        "pilot_skill": 0.555,
        "mission_priority": 0.5094,
        "estimated_landing_time": 1510.0,
        "wait_time": 0,
        "Landing_success_rate": 1.0
    },
    {
        "model": 1,
        "sequence": 8,
        "status": 1,
        "fuel": 7316,
        "fault": 0.0637,
        "weapon": 1,
        "pilot_injury": 0.0951,
        "pilot_skill": 0.622,
        "mission_priority": 0.2118,
        "estimated_landing_time": 758.0,
        "wait_time": 0,
        "Landing_success_rate": 1.0
    },
    {
        "model": 0,
        "sequence": 9,
        "status": 1,
        "fuel": 6111,
        "fault": 0.5244,
        "weapon": 0,
        "pilot_injury": 0.4598,
        "pilot_skill": 0.7634,
        "mission_priority": 0.0891,
        "estimated_landing_time": 852.0,
        "wait_time": 0,
        "Landing_success_rate": 1.0
    },
    {
        "model": 1,
        "sequence": 2,
        "status": 1,
        "fuel": 6710,
        "fault": 0.3658,
        "weapon": 1,
        "pilot_injury": 0.3156,
        "pilot_skill": 0.0049,
        "mission_priority": 0.1833,
        "estimated_landing_time": 194.0,
        "wait_time": 0,
        "Landing_success_rate": 1.0
    },
    {
        "model": 1,
        "sequence": 11,
        "status": 1,
        "fuel": 6529,
        "fault": 0.6312,
        "weapon": 1,
        "pilot_injury": 0.8775,
        "pilot_skill": 0.4206,
        "mission_priority": 0.6794,
        "estimated_landing_time": 1040.0,
        "wait_time": 0,
        "Landing_success_rate": 1.0
    },
    {
        "model": 1,
        "sequence": 18,
        "status": 1,
        "fuel": 6329,
        "fault": 0.7611,
        "weapon": 0,
        "pilot_injury": 0.2403,
        "pilot_skill": 0.309,
        "mission_priority": 0.0453,
        "estimated_landing_time": 1698.0,
        "wait_time": 0,
        "Landing_success_rate": 1.0
    },
    {
        "model": 2,
        "sequence": 14,
        "status": 1,
        "fuel": 6131,
        "fault": 0.0175,
        "weapon": 1,
        "pilot_injury": 0.3787,
        "pilot_skill": 0.9086,
        "mission_priority": 0.8674,
        "estimated_landing_time": 1322.0,
        "wait_time": 0,
        "Landing_success_rate": 1.0
    },
    {
        "model": 1,
        "sequence": 7,
        "status": 1,
        "fuel": 6539,
        "fault": 0.9934,
        "weapon": 0,
        "pilot_injury": 0.9104,
        "pilot_skill": 0.0298,
        "mission_priority": 0.7658,
        "estimated_landing_time": 664.0,
        "wait_time": 0,
        "Landing_success_rate": 1.0
    },
    {
        "model": 0,
        "sequence": 5,
        "status": 1,
        "fuel": 6003,
        "fault": 0.9573,
        "weapon": 0,
        "pilot_injury": 0.7438,
        "pilot_skill": 0.8434,
        "mission_priority": 0.6658,
        "estimated_landing_time": 476.0,
        "wait_time": 0,
        "Landing_success_rate": 1.0
    },
    {
        "model": 0,
        "sequence": 12,
        "status": 1,
        "fuel": 5546,
        "fault": 0.1839,
        "weapon": 0,
        "pilot_injury": 0.788,
        "pilot_skill": 0.9053,
        "mission_priority": 0.5116,
        "estimated_landing_time": 1134.0,
        "wait_time": 0,
        "Landing_success_rate": 1.0
    },
    {
        "model": 1,
        "sequence": 10,
        "status": 1,
        "fuel": 6359,
        "fault": 0.0177,
        "weapon": 1,
        "pilot_injury": 0.8569,
        "pilot_skill": 0.0148,
        "mission_priority": 0.6245,
        "estimated_landing_time": 946.0,
        "wait_time": 0,
        "Landing_success_rate": 1.0
    },
    {
        "model": 1,
        "sequence": 4,
        "status": 1,
        "fuel": 5912,
        "fault": 0.3386,
        "weapon": 1,
        "pilot_injury": 0.9592,
        "pilot_skill": 0.9677,
        "mission_priority": 0.9298,
        "estimated_landing_time": 382.0,
        "wait_time": 0,
        "Landing_success_rate": 1.0
    },
    {
        "model": 0,
        "sequence": 13,
        "status": 1,
        "fuel": 6465,
        "fault": 0.0966,
        "weapon": 1,
        "pilot_injury": 0.7059,
        "pilot_skill": 0.3187,
        "mission_priority": 0.0683,
        "estimated_landing_time": 1228.0,
        "wait_time": 0,
        "Landing_success_rate": 1.0
    },
    {
        "model": 2,
        "sequence": 6,
        "status": 1,
        "fuel": 6086,
        "fault": 0.7353,
        "weapon": 0,
        "pilot_injury": 0.2072,
        "pilot_skill": 0.0184,
        "mission_priority": 0.7235,
        "estimated_landing_time": 570.0,
        "wait_time": 0,
        "Landing_success_rate": 1.0
    },
    {
        "model": 1,
        "sequence": 15,
        "status": 1,
        "fuel": 5633,
        "fault": 0.072,
        "weapon": 0,
        "pilot_injury": 0.0809,
        "pilot_skill": 0.6486,
        "mission_priority": 0.2969,
        "estimated_landing_time": 1416.0,
        "wait_time": 0,
        "Landing_success_rate": 1.0
    },
    {
        "model": 0,
        "sequence": 17,
        "status": 1,
        "fuel": 5838,
        "fault": 0.3759,
        "weapon": 0,
        "pilot_injury": 0.4818,
        "pilot_skill": 0.5168,
        "mission_priority": 0.8239,
        "estimated_landing_time": 1604.0,
        "wait_time": 0,
        "Landing_success_rate": 1.0
    },
    {
        "model": 2,
        "sequence": 1,
        "status": 1,
        "fuel": 6252,
        "fault": 0.4579,
        "weapon": 1,
        "pilot_injury": 0.8418,
        "pilot_skill": 0.6511,
        "mission_priority": 0.0569,
        "estimated_landing_time": 100.0,
        "wait_time": 0,
        "Landing_success_rate": 1.0
    },
    {
        "model": 0,
        "sequence": 3,
        "status": 1,
        "fuel": 7245,
        "fault": 0.8,
        "weapon": 1,
        "pilot_injury": 0.375,
        "pilot_skill": 0.5262,
        "mission_priority": 0.281,
        "estimated_landing_time": 288.0,
        "wait_time": 0,
        "Landing_success_rate": 1.0
    }
]