[
    {
        "model": 0,
        "sequence": 16,
        "status": 1,
        "fuel": 7047,
        "fault": 0.2976,
        "weapon": 1,
        "pilot_injury": 0.0752,
        "pilot_skill": 0.0992,
        "mission_priority": 0.196,
        "estimated_landing_time": 1510.0,
        "wait_time": 0,
        "Landing_success_rate": 1.0
    },
    {
        "model": 1,
        "sequence": 9,
        "status": 1,
        "fuel": 6871,
        "fault": 0.5653,
        "weapon": 0,
        "pilot_injury": 0.6749,
        "pilot_skill": 0.3872,
        "mission_priority": 0.9786,
        "estimated_landing_time": 852.0,
        "wait_time": 0,
        "Landing_success_rate": 1.0
    },
    {
        "model": 2,
        "sequence": 8,
        "status": 1,
        "fuel": 6628,
        "fault": 0.7603,
        "weapon": 0,
        "pilot_injury": 0.8472,
        "pilot_skill": 0.802,
        "mission_priority": 0.0903,
        "estimated_landing_time": 758.0,
        "wait_time": 0,
        "Landing_success_rate": 1.0
    },
    {
        "model": 0,
        "sequence": 18,
        "status": 1,
        "fuel": 5595,
        "fault": 0.0946,
        "weapon": 1,
        "pilot_injury": 0.3557,
        "pilot_skill": 0.489,
        "mission_priority": 0.7908,
        "estimated_landing_time": 1698.0,
        "wait_time": 0,
        "Landing_success_rate": 1.0
    },
    {
        "model": 2,
        "sequence": 17,
        "status": 1,
        "fuel": 6932,
        "fault": 0.0254,
        "weapon": 1,
        "pilot_injury": 0.1534,
        "pilot_skill": 0.2182,
        "mission_priority": 0.0595,
        "estimated_landing_time": 1604.0,
        "wait_time": 0,
        "Landing_success_rate": 1.0
    },
    {
        "model": 1,
        "sequence": 5,
        "status": 1,
        "fuel": 6142,
        "fault": 0.6638,
        "weapon": 0,
        "pilot_injury": 0.177,
        "pilot_skill": 0.6378,
        "mission_priority": 0.787,
        "estimated_landing_time": 476.0,
        "wait_time": 0,
        "Landing_success_rate": 1.0
    },
    {
        "model": 1,
        "sequence": 11,
        "status": 1,
        "fuel": 6610,
        "fault": 0.359,
        "weapon": 0,
        "pilot_injury": 0.0505,
        "pilot_skill": 0.7822,
        "mission_priority": 0.5019,
        "estimated_landing_time": 1040.0,
        "wait_time": 0,
        "Landing_success_rate": 1.0
    },
    {
        "model": 2,
        "sequence": 1,
        "status": 1,
        "fuel": 5583,
        "fault": 0.8852,
        "weapon": 1,
        "pilot_injury": 0.8107,
        "pilot_skill": 0.8254,
        "mission_priority": 0.1815,
        "estimated_landing_time": 100.0,
        "wait_time": 0,
        "Landing_success_rate": 1.0
    },
    {
        "model": 1,
        "sequence": 14,
        "status": 1,
        "fuel": 5772,
        "fault": 0.2754,
        "weapon": 0,
        "pilot_injury": 0.5827,
        "pilot_skill": 0.1026,
        "mission_priority": 0.7318,
        "estimated_landing_time": 1322.0,
        "wait_time": 0,
        "Landing_success_rate": 1.0
    },
    {
        "model": 1,
        "sequence": 4,
        "status": 1,
        "fuel": 5748,
        "fault": 0.8886,
        "weapon": 1,
        "pilot_injury": 0.8798,
        "pilot_skill": 0.4253,
        "mission_priority": 0.4136,
        "estimated_landing_time": 382.0,
        "wait_time": 0,
        "Landing_success_rate": 1.0
    },
    {
        "model": 2,
        "sequence": 6,
        "status": 1,
        "fuel": 6515,
        "fault": 0.8869,
        "weapon": 0,
        "pilot_injury": 0.5478,
        "pilot_skill": 0.5793,
        "mission_priority": 0.6617,
        "estimated_landing_time": 570.0,
        "wait_time": 0,
        "Landing_success_rate": 1.0
    },
    {
        "model": 1,
        "sequence": 13,
        "status": 1,
        "fuel": 7391,
        "fault": 0.6572,
        "weapon": 0,
        "pilot_injury": 0.7416,
        "pilot_skill": 0.9855,
        "mission_priority": 0.0343,
        "estimated_landing_time": 1228.0,
        "wait_time": 0,
        "Landing_success_rate": 1.0
    },
    {
        "model": 0,
        "sequence": 3,
        "status": 1,
        "fuel": 6292,
        "fault": 0.497,
        "weapon": 1,
        "pilot_injury": 0.6596,
        "pilot_skill": 0.3864,
        "mission_priority": 0.9996,
        "estimated_landing_time": 288.0,
        "wait_time": 0,
        "Landing_success_rate": 1.0
    },
    {
        "model": 2,
        "sequence": 10,
        "status": 1,
        "fuel": 5598,
        "fault": 0.7641,
        "weapon": 0,
        "pilot_injury": 0.1901,
        "pilot_skill": 0.8868,
        "mission_priority": 0.1451,
        "estimated_landing_time": 946.0,
        "wait_time": 0,
        "Landing_success_rate": 1.0
    },
    {
        "model": 2,
        "sequence": 12,
        "status": 1,
        "fuel": 7365,
        "fault": 0.7821,
        "weapon": 0,
        "pilot_injury": 0.6657,
        "pilot_skill": 0.0546,
        "mission_priority": 0.6588,
        "estimated_landing_time": 1134.0,
        "wait_time": 0,
        "Landing_success_rate": 1.0
    },
    {
        "model": 2,
        "sequence": 15,
        "status": 1,
        "fuel": 5732,
        "fault": 0.6596,
        "weapon": 1,
        "pilot_injury": 0.8489,
        "pilot_skill": 0.3995,
        "mission_priority": 0.9929,
        "estimated_landing_time": 1416.0,
        "wait_time": 0,
        "Landing_success_rate": 1.0
    },
    {
        "model": 2,
        "sequence": 2,
        "status": 1,
        "fuel": 7451,
        "fault": 0.4653,
        "weapon": 0,
        "pilot_injury": 0.4338,
        "pilot_skill": 0.4333,
        "mission_priority": 0.1701,
        "estimated_landing_time": 194.0,
        "wait_time": 0,
        "Landing_success_rate": 1.0
    },
    {
        "model": 0,
        "sequence": 7,
        "status": 1,
        "fuel": 6429,
        "fault": 0.0515,
        "weapon": 0,
        "pilot_injury": 0.6166,
        "pilot_skill": 0.2416,
        "mission_priority": 0.7249,
        "estimated_landing_time": 664.0,
        "wait_time": 0,
        "Landing_success_rate": 1.0
    }
]