[
    {
        "model": 0,
        "sequence": 4,
        "status": 1,
        "fuel": 5510,
        "fault": 0.4907,
        "weapon": 1,
        "pilot_injury": 0.0864,
        "pilot_skill": 0.239,
        "mission_priority": 0.5568,
        "estimated_landing_time": 382.0,
        "wait_time": 0,
        "Landing_success_rate": 1.0
    },
    {
        "model": 2,
        "sequence": 18,
        "status": 1,
        "fuel": 6322,
        "fault": 0.1692,
        "weapon": 0,
        "pilot_injury": 0.0933,
        "pilot_skill": 0.3111,
        "mission_priority": 0.771,
        "estimated_landing_time": 1698.0,
        "wait_time": 0,
        "Landing_success_rate": 1.0
    },
    {
        "model": 0,
        "sequence": 9,
        "status": 1,
        "fuel": 6160,
        "fault": 0.7031,
        "weapon": 1,
        "pilot_injury": 0.3789,
        "pilot_skill": 0.3725,
        "mission_priority": 0.4067,
        "estimated_landing_time": 852.0,
        "wait_time": 0,
        "Landing_success_rate": 1.0
    },
    {
        "model": 1,
        "sequence": 12,
        "status": 1,
        "fuel": 6713,
        "fault": 0.1466,
        "weapon": 1,
        "pilot_injury": 0.3583,
        "pilot_skill": 0.0203,
        "mission_priority": 0.439,
        "estimated_landing_time": 1134.0,
        "wait_time": 0,
        "Landing_success_rate": 1.0
    },
    {
        "model": 2,
        "sequence": 3,
        "status": 1,
        "fuel": 7482,
        "fault": 0.049,
        "weapon": 1,
        "pilot_injury": 0.4708,
        "pilot_skill": 0.206,
        "mission_priority": 0.4527,
        "estimated_landing_time": 288.0,
        "wait_time": 0,
        "Landing_success_rate": 1.0
    },
    {
        "model": 2,
        "sequence": 14,
        "status": 1,
        "fuel": 7427,
        "fault": 0.1549,
        "weapon": 0,
        "pilot_injury": 0.9909,
        "pilot_skill": 0.5472,
        "mission_priority": 0.6469,
        "estimated_landing_time": 1322.0,
        "wait_time": 0,
        "Landing_success_rate": 1.0
    },
    {
        "model": 0,
        "sequence": 5,
        "status": 1,
        "fuel": 5612,
        "fault": 0.374,
        "weapon": 1,
        "pilot_injury": 0.5321,
        "pilot_skill": 0.7995,
        "mission_priority": 0.7926,
        "estimated_landing_time": 476.0,
        "wait_time": 0,
        "Landing_success_rate": 1.0
    },
    {
        "model": 0,
        "sequence": 16,
        "status": 1,
        "fuel": 6373,
        "fault": 0.0046,
        "weapon": 0,
        "pilot_injury": 0.1994,
        "pilot_skill": 0.1772,
        "mission_priority": 0.7993,
        "estimated_landing_time": 1510.0,
        "wait_time": 0,
        "Landing_success_rate": 1.0
    },
    {
        "model": 0,
        "sequence": 17,
        "status": 1,
        "fuel": 7001,
        "fault": 0.9901,
        "weapon": 1,
        "pilot_injury": 0.744,
        "pilot_skill": 0.3959,
        "mission_priority": 0.1302,
        "estimated_landing_time": 1604.0,
        "wait_time": 0,
        "Landing_success_rate": 1.0
    },
    {
        "model": 0,
        "sequence": 13,
        "status": 1,
        "fuel": 5542,
        "fault": 0.8971,
        "weapon": 1,
        "pilot_injury": 0.0128,
        "pilot_skill": 0.5626,
        "mission_priority": 0.4694,
        "estimated_landing_time": 1228.0,
        "wait_time": 0,
        "Landing_success_rate": 1.0
    },
    {
        "model": 2,
        "sequence": 15,
        "status": 1,
        "fuel": 6093,
        "fault": 0.194,
        "weapon": 1,
        "pilot_injury": 0.188,
        "pilot_skill": 0.725,
        "mission_priority": 0.5362,
        "estimated_landing_time": 1416.0,
        "wait_time": 0,
        "Landing_success_rate": 1.0
    },
    {
        "model": 1,
        "sequence": 8,
        "status": 1,
        "fuel": 7263,
        "fault": 0.88,
        "weapon": 1,
        "pilot_injury": 0.9569,
        "pilot_skill": 0.5151,
        "mission_priority": 0.146,
        "estimated_landing_time": 758.0,
        "wait_time": 0,
        "Landing_success_rate": 1.0
    },
    {
        "model": 1,
        "sequence": 11,
        "status": 1,
        "fuel": 7258,
        "fault": 0.6086,
        "weapon": 1,
        "pilot_injury": 0.0605,
        "pilot_skill": 0.1189,
        "mission_priority": 0.3432,
        "estimated_landing_time": 1040.0,
        "wait_time": 0,
        "Landing_success_rate": 1.0
    },
    {
        "model": 1,
        "sequence": 1,
        "status": 1,
        "fuel": 5880,
        "fault": 0.1083,
        "weapon": 0,
        "pilot_injury": 0.1786,
        "pilot_skill": 0.7792,
        "mission_priority": 0.8715,
        "estimated_landing_time": 100.0,
        "wait_time": 0,
        "Landing_success_rate": 1.0
    },
    {
        "model": 0,
        "sequence": 7,
        "status": 1,
        "fuel": 5608,
        "fault": 0.2404,
        "weapon": 0,
        "pilot_injury": 0.9535,
        "pilot_skill": 0.5355,
        "mission_priority": 0.9951,
        "estimated_landing_time": 664.0,
        "wait_time": 0,
        "Landing_success_rate": 1.0
    },
    {
        "model": 1,
        "sequence": 2,
        "status": 1,
        "fuel": 6126,
        "fault": 0.0517,
        "weapon": 1,
        "pilot_injury": 0.4972,
        "pilot_skill": 0.0227,
        "mission_priority": 0.9722,
        "estimated_landing_time": 194.0,
        "wait_time": 0,
        "Landing_success_rate": 1.0
    },
    {
        "model": 0,
        "sequence": 6,
        "status": 1,
        "fuel": 5761,
        "fault": 0.5147,
        "weapon": 1,
        "pilot_injury": 0.9541,
        "pilot_skill": 0.141,
        "mission_priority": 0.6801,
        "estimated_landing_time": 570.0,
        "wait_time": 0,
        "Landing_success_rate": 1.0
    },
    {
        "model": 0,
        "sequence": 10,
        "status": 1,
        "fuel": 6033,
        "fault": 0.5574,
        "weapon": 1,
        "pilot_injury": 0.7793,
        "pilot_skill": 0.3774,
        "mission_priority": 0.0071,
        "estimated_landing_time": 946.0,
        "wait_time": 0,
        "Landing_success_rate": 1.0
    }
]