[
    {
        "model": 1,
        "sequence": 1,
        "status": 1,
        "fuel": 5657,
        "fault": 0.3266,
        "weapon": 0,
        "pilot_injury": 0.7299,
        "pilot_skill": 0.2593,
        "mission_priority": 0.8418,
        "estimated_landing_time": 100.0,
        "wait_time": 0,
        "Landing_success_rate": 1.0
    },
    {
        "model": 2,
        "sequence": 18,
        "status": 1,
        "fuel": 6265,
        "fault": 0.305,
        "weapon": 0,
        "pilot_injury": 0.7605,
        "pilot_skill": 0.5248,
        "mission_priority": 0.0695,
        "estimated_landing_time": 1698.0,
        "wait_time": 0,
        "Landing_success_rate": 1.0
    },
    {
        "model": 1,
        "sequence": 11,
        "status": 1,
        "fuel": 6362,
        "fault": 0.3284,
        "weapon": 1,
        "pilot_injury": 0.9889,
        "pilot_skill": 0.229,
        "mission_priority": 0.6359,
        "estimated_landing_time": 1040.0,
        "wait_time": 0,
        "Landing_success_rate": 1.0
    },
    {
        "model": 0,
        "sequence": 10,
        "status": 1,
        "fuel": 7334,
        "fault": 0.551,
        "weapon": 0,
        "pilot_injury": 0.2104,
        "pilot_skill": 0.7853,
        "mission_priority": 0.1108,
        "estimated_landing_time": 946.0,
        "wait_time": 0,
        "Landing_success_rate": 1.0
    },
    {
        "model": 2,
        "sequence": 13,
        "status": 1,
        "fuel": 6408,
        "fault": 0.9184,
        "weapon": 0,
        "pilot_injury": 0.6788,
        "pilot_skill": 0.0674,
        "mission_priority": 0.2086,
        "estimated_landing_time": 1228.0,
        "wait_time": 0,
        "Landing_success_rate": 1.0
    },
    {
        "model": 0,
        "sequence": 9,
        "status": 1,
        "fuel": 7301,
        "fault": 0.9041,
        "weapon": 0,
        "pilot_injury": 0.1559,
        "pilot_skill": 0.544,
        "mission_priority": 0.2742,
        "estimated_landing_time": 852.0,
        "wait_time": 0,
        "Landing_success_rate": 1.0
    },
    {
        "model": 2,
        "sequence": 7,
        "status": 1,
        "fuel": 6508,
        "fault": 0.8905,
        "weapon": 0,
        "pilot_injury": 0.3726,
        "pilot_skill": 0.1406,
        "mission_priority": 0.5349,
        "estimated_landing_time": 664.0,
        "wait_time": 0,
        "Landing_success_rate": 1.0
    },
    {
        "model": 1,
        "sequence": 8,
        "status": 1,
        "fuel": 7201,
        "fault": 0.4759,
        "weapon": 1,
        "pilot_injury": 0.1028,
        "pilot_skill": 0.6206,
        "mission_priority": 0.4365,
        "estimated_landing_time": 758.0,
        "wait_time": 0,
        "Landing_success_rate": 1.0
    },
    {
        "model": 0,
        "sequence": 2,
        "status": 1,
        "fuel": 6485,
        "fault": 0.297,
        "weapon": 1,
        "pilot_injury": 0.0304,
        "pilot_skill": 0.8477,
        "mission_priority": 0.3264,
        "estimated_landing_time": 194.0,
        "wait_time": 0,
        "Landing_success_rate": 1.0
    },
    {
        "model": 1,
        "sequence": 5,
        "status": 1,
        "fuel": 6382,
        "fault": 0.9137,
        "weapon": 1,
        "pilot_injury": 0.565,
        "pilot_skill": 0.3971,
        "mission_priority": 0.2683,
        "estimated_landing_time": 476.0,
        "wait_time": 0,
        "Landing_success_rate": 1.0
    },
    {
        "model": 2,
        "sequence": 15,
        "status": 1,
        "fuel": 7154,
        "fault": 0.7016,
        "weapon": 0,
        "pilot_injury": 0.6653,
        "pilot_skill": 0.4262,
        "mission_priority": 0.845,
        "estimated_landing_time": 1416.0,
        "wait_time": 0,
        "Landing_success_rate": 1.0
    },
    {
        "model": 1,
        "sequence": 14,
        "status": 1,
        "fuel": 5617,
        "fault": 0.4772,
        "weapon": 0,
        "pilot_injury": 0.5996,
        "pilot_skill": 0.4302,
        "mission_priority": 0.0066,
        "estimated_landing_time": 1322.0,
        "wait_time": 0,
        "Landing_success_rate": 1.0
    },
    {
        "model": 2,
        "sequence": 3,
        "status": 1,
        "fuel": 5707,
        "fault": 0.0557,
        "weapon": 0,
        "pilot_injury": 0.51,
        "pilot_skill": 0.3362,
        "mission_priority": 0.3421,
        "estimated_landing_time": 288.0,
        "wait_time": 0,
        "Landing_success_rate": 1.0
    },
    {
        "model": 0,
        "sequence": 4,
        "status": 1,
        "fuel": 6991,
        "fault": 0.0788,
        "weapon": 0,
        "pilot_injury": 0.4084,
        "pilot_skill": 0.1823,
        "mission_priority": 0.6136,
        "estimated_landing_time": 382.0,
        "wait_time": 0,
        "Landing_success_rate": 1.0
    },
    {
        "model": 1,
        "sequence": 6,
        "status": 1,
        "fuel": 5999,
        "fault": 0.3274,
        "weapon": 1,
        "pilot_injury": 0.0502,
        "pilot_skill": 0.0229,
        "mission_priority": 0.4312,
        "estimated_landing_time": 570.0,
        "wait_time": 0,
        "Landing_success_rate": 1.0
    },
    {
        "model": 1,
        "sequence": 12,
        "status": 1,
        "fuel": 7179,
        "fault": 0.6536,
        "weapon": 1,
        "pilot_injury": 0.784,
        "pilot_skill": 0.1293,
        "mission_priority": 0.9153,
        "estimated_landing_time": 1134.0,
        "wait_time": 0,
        "Landing_success_rate": 1.0
    },
    {
        "model": 2,
        "sequence": 17,
        "status": 1,
        "fuel": 5763,
        "fault": 0.7467,
        "weapon": 0,
        "pilot_injury": 0.963,
        "pilot_skill": 0.3079,
        "mission_priority": 0.45,
        "estimated_landing_time": 1604.0,
        "wait_time": 0,
        "Landing_success_rate": 1.0
    },
    {
        "model": 2,
        "sequence": 16,
        "status": 1,
        "fuel": 6852,
        "fault": 0.1153,
        "weapon": 0,
        "pilot_injury": 0.4857,
        "pilot_skill": 0.1324,
        "mission_priority": 0.1042,
        "estimated_landing_time": 1510.0,
        "wait_time": 0,
        "Landing_success_rate": 1.0
    }
]