[
    {
        "model": 2,
        "sequence": 10,
        "status": 1,
        "fuel": 6489,
        "fault": 0.1829,
        "weapon": 0,
        "pilot_injury": 0.3646,
        "pilot_skill": 0.7932,
        "mission_priority": 0.7032,
        "estimated_landing_time": 946.0,
        "wait_time": 0,
        "Landing_success_rate": 1.0
    },
    {
        "model": 2,
        "sequence": 15,
        "status": 1,
        "fuel": 5667,
        "fault": 0.2979,
        "weapon": 1,
        "pilot_injury": 0.8293,
        "pilot_skill": 0.7377,
        "mission_priority": 0.4118,
        "estimated_landing_time": 1416.0,
        "wait_time": 0,
        "Landing_success_rate": 1.0
    },
    {
        "model": 1,
        "sequence": 8,
        "status": 1,
        "fuel": 6775,
        "fault": 0.5553,
        "weapon": 0,
        "pilot_injury": 0.9126,
        "pilot_skill": 0.5871,
        "mission_priority": 0.4007,
        "estimated_landing_time": 758.0,
        "wait_time": 0,
        "Landing_success_rate": 1.0
    },
    {
        "model": 0,
        "sequence": 13,
        "status": 1,
        "fuel": 6954,
        "fault": 0.6739,
        "weapon": 0,
        "pilot_injury": 0.9005,
        "pilot_skill": 0.6963,
        "mission_priority": 0.9406,
        "estimated_landing_time": 1228.0,
        "wait_time": 0,
        "Landing_success_rate": 1.0
    },
    {
        "model": 1,
        "sequence": 12,
        "status": 1,
        "fuel": 7109,
        "fault": 0.3872,
        "weapon": 1,
        "pilot_injury": 0.8095,
        "pilot_skill": 0.7021,
        "mission_priority": 0.2103,
        "estimated_landing_time": 1134.0,
        "wait_time": 0,
        "Landing_success_rate": 1.0
    },
    {
        "model": 1,
        "sequence": 14,
        "status": 1,
        "fuel": 5936,
        "fault": 0.6872,
        "weapon": 0,
        "pilot_injury": 0.4468,
        "pilot_skill": 0.7351,
        "mission_priority": 0.3787,
        "estimated_landing_time": 1322.0,
        "wait_time": 0,
        "Landing_success_rate": 1.0
    },
    {
        "model": 2,
        "sequence": 16,
        "status": 1,
        "fuel": 6099,
        "fault": 0.9043,
        "weapon": 1,
        "pilot_injury": 0.04,
        "pilot_skill": 0.0174,
        "mission_priority": 0.6467,
        "estimated_landing_time": 1510.0,
        "wait_time": 0,
        "Landing_success_rate": 1.0
    },
    {
        "model": 1,
        "sequence": 17,
        "status": 1,
        "fuel": 5617,
        "fault": 0.3991,
        "weapon": 1,
        "pilot_injury": 0.79,
        "pilot_skill": 0.3757,
        "mission_priority": 0.9954,
        "estimated_landing_time": 1604.0,
        "wait_time": 0,
        "Landing_success_rate": 1.0
    },
    {
        "model": 0,
        "sequence": 4,
        "status": 1,
        "fuel": 6189,
        "fault": 0.8595,
        "weapon": 0,
        "pilot_injury": 0.8957,
        "pilot_skill": 0.6805,
        "mission_priority": 0.5021,
        "estimated_landing_time": 382.0,
        "wait_time": 0,
        "Landing_success_rate": 1.0
    },
    {
        "model": 2,
        "sequence": 5,
        "status": 1,
        "fuel": 5563,
        "fault": 0.9706,
        "weapon": 1,
        "pilot_injury": 0.951,
        "pilot_skill": 0.5603,
        "mission_priority": 0.1813,
        "estimated_landing_time": 476.0,
        "wait_time": 0,
        "Landing_success_rate": 1.0
    },
    {
        "model": 0,
        "sequence": 9,
        "status": 1,
        "fuel": 6235,
        "fault": 0.1876,
        "weapon": 1,
        "pilot_injury": 0.6351,
        "pilot_skill": 0.8086,
        "mission_priority": 0.3533,
        "estimated_landing_time": 852.0,
        "wait_time": 0,
        "Landing_success_rate": 1.0
    },
    {
        "model": 1,
        "sequence": 7,
        "status": 1,
        "fuel": 6649,
        "fault": 0.6925,
        "weapon": 0,
        "pilot_injury": 0.3393,
        "pilot_skill": 0.2491,
        "mission_priority": 0.6892,
        "estimated_landing_time": 664.0,
        "wait_time": 0,
        "Landing_success_rate": 1.0
    },
    {
        "model": 2,
        "sequence": 11,
        "status": 1,
        "fuel": 5894,
        "fault": 0.9565,
        "weapon": 1,
        "pilot_injury": 0.4914,
        "pilot_skill": 0.6005,
        "mission_priority": 0.1423,
        "estimated_landing_time": 1040.0,
        "wait_time": 0,
        "Landing_success_rate": 1.0
    },
    {
        "model": 0,
        "sequence": 6,
        "status": 1,
        "fuel": 7290,
        "fault": 0.5838,
        "weapon": 1,
        "pilot_injury": 0.9658,
        "pilot_skill": 0.9795,
        "mission_priority": 0.3546,
        "estimated_landing_time": 570.0,
        "wait_time": 0,
        "Landing_success_rate": 1.0
    },
    {
        "model": 0,
        "sequence": 2,
        "status": 1,
        "fuel": 5667,
        "fault": 0.4881,
        "weapon": 0,
        "pilot_injury": 0.6398,
        "pilot_skill": 0.3335,
        "mission_priority": 0.7533,
        "estimated_landing_time": 194.0,
        "wait_time": 0,
        "Landing_success_rate": 1.0
    },
    {
        "model": 2,
        "sequence": 18,
        "status": 1,
        "fuel": 6939,
        "fault": 0.9416,
        "weapon": 1,
        "pilot_injury": 0.0246,
        "pilot_skill": 0.6286,
        "mission_priority": 0.9516,
        "estimated_landing_time": 1698.0,
        "wait_time": 0,
        "Landing_success_rate": 1.0
    },
    {
        "model": 0,
        "sequence": 1,
        "status": 1,
        "fuel": 6936,
        "fault": 0.947,
        "weapon": 1,
        "pilot_injury": 0.2934,
        "pilot_skill": 0.7078,
        "mission_priority": 0.7,
        "estimated_landing_time": 100.0,
        "wait_time": 0,
        "Landing_success_rate": 1.0
    },
    {
        "model": 2,
        "sequence": 3,
        "status": 1,
        "fuel": 5724,
        "fault": 0.9655,
        "weapon": 0,
        "pilot_injury": 0.8592,
        "pilot_skill": 0.3825,
        "mission_priority": 0.7103,
        "estimated_landing_time": 288.0,
        "wait_time": 0,
        "Landing_success_rate": 1.0
    }
]