[
    {
        "model": 2,
        "sequence": 11,
        "status": 1,
        "fuel": 6582,
        "fault": 0.4156,
        "weapon": 0,
        "pilot_injury": 0.0488,
        "pilot_skill": 0.4626,
        "mission_priority": 0.1867,
        "estimated_landing_time": 1040.0,
        "wait_time": 0,
        "Landing_success_rate": 1.0
    },
    {
        "model": 0,
        "sequence": 18,
        "status": 1,
        "fuel": 6114,
        "fault": 0.8924,
        "weapon": 0,
        "pilot_injury": 0.2364,
        "pilot_skill": 0.3183,
        "mission_priority": 0.7025,
        "estimated_landing_time": 1698.0,
        "wait_time": 0,
        "Landing_success_rate": 1.0
    },
    {
        "model": 1,
        "sequence": 6,
        "status": 1,
        "fuel": 7257,
        "fault": 0.9002,
        "weapon": 1,
        "pilot_injury": 0.9967,
        "pilot_skill": 0.8687,
        "mission_priority": 0.4171,
        "estimated_landing_time": 570.0,
        "wait_time": 0,
        "Landing_success_rate": 1.0
    },
    {
        "model": 1,
        "sequence": 9,
        "status": 1,
        "fuel": 7302,
        "fault": 0.6742,
        "weapon": 0,
        "pilot_injury": 0.8176,
        "pilot_skill": 0.4753,
        "mission_priority": 0.7377,
        "estimated_landing_time": 852.0,
        "wait_time": 0,
        "Landing_success_rate": 1.0
    },
    {
        "model": 1,
        "sequence": 15,
        "status": 1,
        "fuel": 6539,
        "fault": 0.9709,
        "weapon": 1,
        "pilot_injury": 0.7738,
        "pilot_skill": 0.3942,
        "mission_priority": 0.384,
        "estimated_landing_time": 1416.0,
        "wait_time": 0,
        "Landing_success_rate": 1.0
    },
    {
        "model": 1,
        "sequence": 16,
        "status": 1,
        "fuel": 6050,
        "fault": 0.5772,
        "weapon": 0,
        "pilot_injury": 0.7686,
        "pilot_skill": 0.6302,
        "mission_priority": 0.1015,
        "estimated_landing_time": 1510.0,
        "wait_time": 0,
        "Landing_success_rate": 1.0
    },
    {
        "model": 1,
        "sequence": 7,
        "status": 1,
        "fuel": 6992,
        "fault": 0.0562,
        "weapon": 1,
        "pilot_injury": 0.266,
        "pilot_skill": 0.434,
        "mission_priority": 0.226,
        "estimated_landing_time": 664.0,
        "wait_time": 0,
        "Landing_success_rate": 1.0
    },
    {
        "model": 0,
        "sequence": 4,
        "status": 1,
        "fuel": 6308,
        "fault": 0.3285,
        "weapon": 1,
        "pilot_injury": 0.8924,
        "pilot_skill": 0.385,
        "mission_priority": 0.6919,
        "estimated_landing_time": 382.0,
        "wait_time": 0,
        "Landing_success_rate": 1.0
    },
    {
        "model": 1,
        "sequence": 12,
        "status": 1,
        "fuel": 6713,
        "fault": 0.8044,
        "weapon": 1,
        "pilot_injury": 0.9217,
        "pilot_skill": 0.0279,
        "mission_priority": 0.2676,
        "estimated_landing_time": 1134.0,
        "wait_time": 0,
        "Landing_success_rate": 1.0
    },
    {
        "model": 0,
        "sequence": 3,
        "status": 1,
        "fuel": 5688,
        "fault": 0.0652,
        "weapon": 1,
        "pilot_injury": 0.6796,
        "pilot_skill": 0.0578,
        "mission_priority": 0.0703,
        "estimated_landing_time": 288.0,
        "wait_time": 0,
        "Landing_success_rate": 1.0
    },
    {
        "model": 0,
        "sequence": 2,
        "status": 1,
        "fuel": 6729,
        "fault": 0.4532,
        "weapon": 1,
        "pilot_injury": 0.463,
        "pilot_skill": 0.9446,
        "mission_priority": 0.3202,
        "estimated_landing_time": 194.0,
        "wait_time": 0,
        "Landing_success_rate": 1.0
    },
    {
        "model": 0,
        "sequence": 17,
        "status": 1,
        "fuel": 7400,
        "fault": 0.867,
        "weapon": 1,
        "pilot_injury": 0.2417,
        "pilot_skill": 0.514,
        "mission_priority": 0.5344,
        "estimated_landing_time": 1604.0,
        "wait_time": 0,
        "Landing_success_rate": 1.0
    },
    {
        "model": 1,
        "sequence": 8,
        "status": 1,
        "fuel": 5905,
        "fault": 0.0308,
        "weapon": 1,
        "pilot_injury": 0.798,
        "pilot_skill": 0.971,
        "mission_priority": 0.8403,
        "estimated_landing_time": 758.0,
        "wait_time": 0,
        "Landing_success_rate": 1.0
    },
    {
        "model": 1,
        "sequence": 14,
        "status": 1,
        "fuel": 6242,
        "fault": 0.2788,
        "weapon": 0,
        "pilot_injury": 0.904,
        "pilot_skill": 0.1649,
        "mission_priority": 0.7124,
        "estimated_landing_time": 1322.0,
        "wait_time": 0,
        "Landing_success_rate": 1.0
    },
    {
        "model": 2,
        "sequence": 1,
        "status": 1,
        "fuel": 5618,
        "fault": 0.7589,
        "weapon": 1,
        "pilot_injury": 0.0797,
        "pilot_skill": 0.6224,
        "mission_priority": 0.0519,
        "estimated_landing_time": 100.0,
        "wait_time": 0,
        "Landing_success_rate": 1.0
    },
    {
        "model": 2,
        "sequence": 5,
        "status": 1,
        "fuel": 5832,
        "fault": 0.2157,
        "weapon": 1,
        "pilot_injury": 0.9989,
        "pilot_skill": 0.2998,
        "mission_priority": 0.8205,
        "estimated_landing_time": 476.0,
        "wait_time": 0,
        "Landing_success_rate": 1.0
    },
    {
        "model": 0,
        "sequence": 10,
        "status": 1,
        "fuel": 5716,
        "fault": 0.7839,
        "weapon": 0,
        "pilot_injury": 0.5367,
        "pilot_skill": 0.6287,
        "mission_priority": 0.81,
        "estimated_landing_time": 946.0,
        "wait_time": 0,
        "Landing_success_rate": 1.0
    },
    {
        "model": 2,
        "sequence": 13,
        "status": 1,
        "fuel": 5804,
        "fault": 0.205,
        "weapon": 1,
        "pilot_injury": 0.4323,
        "pilot_skill": 0.7275,
        "mission_priority": 0.4913,
        "estimated_landing_time": 1228.0,
        "wait_time": 0,
        "Landing_success_rate": 1.0
    }
]