[
    {
        "model": 1,
        "sequence": 15,
        "status": 1,
        "fuel": 7277,
        "fault": 0.624,
        "weapon": 0,
        "pilot_injury": 0.9158,
        "pilot_skill": 0.6681,
        "mission_priority": 0.9195,
        "estimated_landing_time": 1416.0,
        "wait_time": 0,
        "Landing_success_rate": 1.0
    },
    {
        "model": 1,
        "sequence": 16,
        "status": 1,
        "fuel": 5517,
        "fault": 0.3718,
        "weapon": 1,
        "pilot_injury": 0.463,
        "pilot_skill": 0.2043,
        "mission_priority": 0.1514,
        "estimated_landing_time": 1510.0,
        "wait_time": 0,
        "Landing_success_rate": 1.0
    },
    {
        "model": 0,
        "sequence": 9,
        "status": 1,
        "fuel": 6394,
        "fault": 0.6051,
        "weapon": 1,
        "pilot_injury": 0.1601,
        "pilot_skill": 0.0084,
        "mission_priority": 0.2856,
        "estimated_landing_time": 852.0,
        "wait_time": 0,
        "Landing_success_rate": 1.0
    },
    {
        "model": 2,
        "sequence": 17,
        "status": 1,
        "fuel": 6929,
        "fault": 0.7225,
        "weapon": 0,
        "pilot_injury": 0.6324,
        "pilot_skill": 0.9224,
        "mission_priority": 0.5128,
        "estimated_landing_time": 1604.0,
        "wait_time": 0,
        "Landing_success_rate": 1.0
    },
    {
        "model": 2,
        "sequence": 1,
        "status": 1,
        "fuel": 6025,
        "fault": 0.3385,
        "weapon": 1,
        "pilot_injury": 0.9771,
        "pilot_skill": 0.0788,
        "mission_priority": 0.7248,
        "estimated_landing_time": 100.0,
        "wait_time": 0,
        "Landing_success_rate": 1.0
    },
    {
        "model": 2,
        "sequence": 8,
        "status": 1,
        "fuel": 7382,
        "fault": 0.2024,
        "weapon": 1,
        "pilot_injury": 0.3888,
        "pilot_skill": 0.3128,
        "mission_priority": 0.0945,
        "estimated_landing_time": 758.0,
        "wait_time": 0,
        "Landing_success_rate": 1.0
    },
    {
        "model": 0,
        "sequence": 4,
        "status": 1,
        "fuel": 6252,
        "fault": 0.8021,
        "weapon": 1,
        "pilot_injury": 0.5596,
        "pilot_skill": 0.5453,
        "mission_priority": 0.0403,
        "estimated_landing_time": 382.0,
        "wait_time": 0,
        "Landing_success_rate": 1.0
    },
    {
        "model": 0,
        "sequence": 7,
        "status": 1,
        "fuel": 7497,
        "fault": 0.0715,
        "weapon": 0,
        "pilot_injury": 0.9852,
        "pilot_skill": 0.8766,
        "mission_priority": 0.3402,
        "estimated_landing_time": 664.0,
        "wait_time": 0,
        "Landing_success_rate": 1.0
    },
    {
        "model": 0,
        "sequence": 3,
        "status": 1,
        "fuel": 6453,
        "fault": 0.2968,
        "weapon": 1,
        "pilot_injury": 0.6854,
        "pilot_skill": 0.6878,
        "mission_priority": 0.7898,
        "estimated_landing_time": 288.0,
        "wait_time": 0,
        "Landing_success_rate": 1.0
    },
    {
        "model": 2,
        "sequence": 5,
        "status": 1,
        "fuel": 5568,
        "fault": 0.2198,
        "weapon": 1,
        "pilot_injury": 0.0701,
        "pilot_skill": 0.4762,
        "mission_priority": 0.9196,
        "estimated_landing_time": 476.0,
        "wait_time": 0,
        "Landing_success_rate": 1.0
    },
    {
        "model": 1,
        "sequence": 10,
        "status": 1,
        "fuel": 6861,
        "fault": 0.2758,
        "weapon": 0,
        "pilot_injury": 0.2292,
        "pilot_skill": 0.5787,
        "mission_priority": 0.0879,
        "estimated_landing_time": 946.0,
        "wait_time": 0,
        "Landing_success_rate": 1.0
    },
    {
        "model": 0,
        "sequence": 2,
        "status": 1,
        "fuel": 5541,
        "fault": 0.3049,
        "weapon": 0,
        "pilot_injury": 0.8152,
        "pilot_skill": 0.1101,
        "mission_priority": 0.6828,
        "estimated_landing_time": 194.0,
        "wait_time": 0,
        "Landing_success_rate": 1.0
    },
    {
        "model": 0,
        "sequence": 6,
        "status": 1,
        "fuel": 5681,
        "fault": 0.3226,
        "weapon": 0,
        "pilot_injury": 0.2055,
        "pilot_skill": 0.6097,
        "mission_priority": 0.674,
        "estimated_landing_time": 570.0,
        "wait_time": 0,
        "Landing_success_rate": 1.0
    },
    {
        "model": 1,
        "sequence": 18,
        "status": 1,
        "fuel": 6075,
        "fault": 0.0427,
        "weapon": 1,
        "pilot_injury": 0.8613,
        "pilot_skill": 0.0636,
        "mission_priority": 0.6032,
        "estimated_landing_time": 1698.0,
        "wait_time": 0,
        "Landing_success_rate": 1.0
    },
    {
        "model": 1,
        "sequence": 12,
        "status": 1,
        "fuel": 6308,
        "fault": 0.5295,
        "weapon": 0,
        "pilot_injury": 0.3423,
        "pilot_skill": 0.9689,
        "mission_priority": 0.5555,
        "estimated_landing_time": 1134.0,
        "wait_time": 0,
        "Landing_success_rate": 1.0
    },
    {
        "model": 2,
        "sequence": 14,
        "status": 1,
        "fuel": 6416,
        "fault": 0.6756,
        "weapon": 1,
        "pilot_injury": 0.8527,
        "pilot_skill": 0.8777,
        "mission_priority": 0.5988,
        "estimated_landing_time": 1322.0,
        "wait_time": 0,
        "Landing_success_rate": 1.0
    },
    {
        "model": 0,
        "sequence": 11,
        "status": 1,
        "fuel": 6911,
        "fault": 0.1272,
        "weapon": 0,
        "pilot_injury": 0.5382,
        "pilot_skill": 0.5626,
        "mission_priority": 0.9963,
        "estimated_landing_time": 1040.0,
        "wait_time": 0,
        "Landing_success_rate": 1.0
    },
    {
        "model": 2,
        "sequence": 13,
        "status": 1,
        "fuel": 7250,
        "fault": 0.2582,
        "weapon": 0,
        "pilot_injury": 0.2733,
        "pilot_skill": 0.3612,
        "mission_priority": 0.0805,
        "estimated_landing_time": 1228.0,
        "wait_time": 0,
        "Landing_success_rate": 1.0
    }
]