[
    {
        "model": 2,
        "sequence": 13,
        "status": 1,
        "fuel": 5711,
        "fault": 0.7975,
        "weapon": 0,
        "pilot_injury": 0.84,
        "pilot_skill": 0.6815,
        "mission_priority": 0.7806,
        "estimated_landing_time": 1228.0,
        "wait_time": 0,
        "Landing_success_rate": 1.0
    },
    {
        "model": 2,
        "sequence": 14,
        "status": 1,
        "fuel": 5543,
        "fault": 0.0449,
        "weapon": 0,
        "pilot_injury": 0.3262,
        "pilot_skill": 0.9015,
        "mission_priority": 0.938,
        "estimated_landing_time": 1322.0,
        "wait_time": 0,
        "Landing_success_rate": 1.0
    },
    {
        "model": 0,
        "sequence": 2,
        "status": 1,
        "fuel": 5682,
        "fault": 0.2099,
        "weapon": 1,
        "pilot_injury": 0.7303,
        "pilot_skill": 0.766,
        "mission_priority": 0.8155,
        "estimated_landing_time": 194.0,
        "wait_time": 0,
        "Landing_success_rate": 1.0
    },
    {
        "model": 2,
        "sequence": 15,
        "status": 1,
        "fuel": 6479,
        "fault": 0.4528,
        "weapon": 0,
        "pilot_injury": 0.3572,
        "pilot_skill": 0.1525,
        "mission_priority": 0.805,
        "estimated_landing_time": 1416.0,
        "wait_time": 0,
        "Landing_success_rate": 1.0
    },
    {
        "model": 2,
        "sequence": 11,
        "status": 1,
        "fuel": 6623,
        "fault": 0.4061,
        "weapon": 1,
        "pilot_injury": 0.1769,
        "pilot_skill": 0.6272,
        "mission_priority": 0.5802,
        "estimated_landing_time": 1040.0,
        "wait_time": 0,
        "Landing_success_rate": 1.0
    },
    {
        "model": 2,
        "sequence": 16,
        "status": 1,
        "fuel": 5579,
        "fault": 0.1991,
        "weapon": 0,
        "pilot_injury": 0.589,
        "pilot_skill": 0.8895,
        "mission_priority": 0.0556,
        "estimated_landing_time": 1510.0,
        "wait_time": 0,
        "Landing_success_rate": 1.0
    },
    {
        "model": 0,
        "sequence": 10,
        "status": 1,
        "fuel": 5790,
        "fault": 0.6998,
        "weapon": 1,
        "pilot_injury": 0.7318,
        "pilot_skill": 0.7373,
        "mission_priority": 0.218,
        "estimated_landing_time": 946.0,
        "wait_time": 0,
        "Landing_success_rate": 1.0
    },
    {
        "model": 0,
        "sequence": 7,
        "status": 1,
        "fuel": 5880,
        "fault": 0.3465,
        "weapon": 0,
        "pilot_injury": 0.6023,
        "pilot_skill": 0.3851,
        "mission_priority": 0.9401,
        "estimated_landing_time": 664.0,
        "wait_time": 0,
        "Landing_success_rate": 1.0
    },
    {
        "model": 2,
        "sequence": 12,
        "status": 1,
        "fuel": 6160,
        "fault": 0.6512,
        "weapon": 1,
        "pilot_injury": 0.5639,
        "pilot_skill": 0.7934,
        "mission_priority": 0.742,
        "estimated_landing_time": 1134.0,
        "wait_time": 0,
        "Landing_success_rate": 1.0
    },
    {
        "model": 2,
        "sequence": 1,
        "status": 1,
        "fuel": 7339,
        "fault": 0.7148,
        "weapon": 1,
        "pilot_injury": 0.0774,
        "pilot_skill": 0.5815,
        "mission_priority": 0.9118,
        "estimated_landing_time": 100.0,
        "wait_time": 0,
        "Landing_success_rate": 1.0
    },
    {
        "model": 0,
        "sequence": 17,
        "status": 1,
        "fuel": 6400,
        "fault": 0.7325,
        "weapon": 1,
        "pilot_injury": 0.3202,
        "pilot_skill": 0.6232,
        "mission_priority": 0.5971,
        "estimated_landing_time": 1604.0,
        "wait_time": 0,
        "Landing_success_rate": 1.0
    },
    {
        "model": 2,
        "sequence": 4,
        "status": 1,
        "fuel": 6075,
        "fault": 0.2521,
        "weapon": 0,
        "pilot_injury": 0.355,
        "pilot_skill": 0.525,
        "mission_priority": 0.7862,
        "estimated_landing_time": 382.0,
        "wait_time": 0,
        "Landing_success_rate": 1.0
    },
    {
        "model": 1,
        "sequence": 6,
        "status": 1,
        "fuel": 5590,
        "fault": 0.3057,
        "weapon": 1,
        "pilot_injury": 0.3386,
        "pilot_skill": 0.7568,
        "mission_priority": 0.0664,
        "estimated_landing_time": 570.0,
        "wait_time": 0,
        "Landing_success_rate": 1.0
    },
    {
        "model": 0,
        "sequence": 18,
        "status": 1,
        "fuel": 6681,
        "fault": 0.9242,
        "weapon": 1,
        "pilot_injury": 0.9447,
        "pilot_skill": 0.0901,
        "mission_priority": 0.7582,
        "estimated_landing_time": 1698.0,
        "wait_time": 0,
        "Landing_success_rate": 1.0
    },
    {
        "model": 0,
        "sequence": 9,
        "status": 1,
        "fuel": 6008,
        "fault": 0.6073,
        "weapon": 0,
        "pilot_injury": 0.7634,
        "pilot_skill": 0.4005,
        "mission_priority": 0.4007,
        "estimated_landing_time": 852.0,
        "wait_time": 0,
        "Landing_success_rate": 1.0
    },
    {
        "model": 1,
        "sequence": 5,
        "status": 1,
        "fuel": 7357,
        "fault": 0.1524,
        "weapon": 0,
        "pilot_injury": 0.9298,
        "pilot_skill": 0.924,
        "mission_priority": 0.703,
        "estimated_landing_time": 476.0,
        "wait_time": 0,
        "Landing_success_rate": 1.0
    },
    {
        "model": 2,
        "sequence": 8,
        "status": 1,
        "fuel": 6138,
        "fault": 0.334,
        "weapon": 1,
        "pilot_injury": 0.7951,
        "pilot_skill": 0.4078,
        "mission_priority": 0.4832,
        "estimated_landing_time": 758.0,
        "wait_time": 0,
        "Landing_success_rate": 1.0
    },
    {
        "model": 1,
        "sequence": 3,
        "status": 1,
        "fuel": 6123,
        "fault": 0.9995,
        "weapon": 1,
        "pilot_injury": 0.8207,
        "pilot_skill": 0.1161,
        "mission_priority": 0.1939,
        "estimated_landing_time": 288.0,
        "wait_time": 0,
        "Landing_success_rate": 1.0
    }
]