[
    {
        "model": 2,
        "sequence": 1,
        "status": 1,
        "fuel": 6428,
        "fault": 0.8781,
        "weapon": 0,
        "pilot_injury": 0.6471,
        "pilot_skill": 0.0556,
        "mission_priority": 0.717,
        "estimated_landing_time": 100.0,
        "wait_time": 0,
        "Landing_success_rate": 1.0
    },
    {
        "model": 2,
        "sequence": 18,
        "status": 1,
        "fuel": 5538,
        "fault": 0.2106,
        "weapon": 1,
        "pilot_injury": 0.1597,
        "pilot_skill": 0.9289,
        "mission_priority": 0.6832,
        "estimated_landing_time": 1698.0,
        "wait_time": 0,
        "Landing_success_rate": 1.0
    },
    {
        "model": 1,
        "sequence": 7,
        "status": 1,
        "fuel": 5699,
        "fault": 0.0668,
        "weapon": 1,
        "pilot_injury": 0.2928,
        "pilot_skill": 0.6209,
        "mission_priority": 0.4101,
        "estimated_landing_time": 664.0,
        "wait_time": 0,
        "Landing_success_rate": 1.0
    },
    {
        "model": 1,
        "sequence": 6,
        "status": 1,
        "fuel": 7072,
        "fault": 0.2799,
        "weapon": 1,
        "pilot_injury": 0.1296,
        "pilot_skill": 0.1907,
        "mission_priority": 0.8177,
        "estimated_landing_time": 570.0,
        "wait_time": 0,
        "Landing_success_rate": 1.0
    },
    {
        "model": 1,
        "sequence": 12,
        "status": 1,
        "fuel": 7319,
        "fault": 0.8559,
        "weapon": 1,
        "pilot_injury": 0.4182,
        "pilot_skill": 0.3963,
        "mission_priority": 0.6903,
        "estimated_landing_time": 1134.0,
        "wait_time": 0,
        "Landing_success_rate": 1.0
    },
    {
        "model": 2,
        "sequence": 5,
        "status": 1,
        "fuel": 5708,
        "fault": 0.0995,
        "weapon": 1,
        "pilot_injury": 0.9693,
        "pilot_skill": 0.9557,
        "mission_priority": 0.4124,
        "estimated_landing_time": 476.0,
        "wait_time": 0,
        "Landing_success_rate": 1.0
    },
    {
        "model": 0,
        "sequence": 9,
        "status": 1,
        "fuel": 6741,
        "fault": 0.5161,
        "weapon": 1,
        "pilot_injury": 0.5118,
        "pilot_skill": 0.055,
        "mission_priority": 0.574,
        "estimated_landing_time": 852.0,
        "wait_time": 0,
        "Landing_success_rate": 1.0
    },
    {
        "model": 2,
        "sequence": 13,
        "status": 1,
        "fuel": 7146,
        "fault": 0.7271,
        "weapon": 0,
        "pilot_injury": 0.7863,
        "pilot_skill": 0.1599,
        "mission_priority": 0.3584,
        "estimated_landing_time": 1228.0,
        "wait_time": 0,
        "Landing_success_rate": 1.0
    },
    {
        "model": 1,
        "sequence": 15,
        "status": 1,
        "fuel": 5847,
        "fault": 0.0712,
        "weapon": 1,
        "pilot_injury": 0.5795,
        "pilot_skill": 0.3648,
        "mission_priority": 0.5607,
        "estimated_landing_time": 1416.0,
        "wait_time": 0,
        "Landing_success_rate": 1.0
    },
    {
        "model": 2,
        "sequence": 3,
        "status": 1,
        "fuel": 7069,
        "fault": 0.2686,
        "weapon": 0,
        "pilot_injury": 0.0954,
        "pilot_skill": 0.8918,
        "mission_priority": 0.0114,
        "estimated_landing_time": 288.0,
        "wait_time": 0,
        "Landing_success_rate": 1.0
    },
    {
        "model": 2,
        "sequence": 2,
        "status": 1,
        "fuel": 6559,
        "fault": 0.204,
        "weapon": 0,
        "pilot_injury": 0.9968,
        "pilot_skill": 0.7271,
        "mission_priority": 0.0153,
        "estimated_landing_time": 194.0,
        "wait_time": 0,
        "Landing_success_rate": 1.0
    },
    {
        "model": 0,
        "sequence": 11,
        "status": 1,
        "fuel": 7260,
        "fault": 0.1833,
        "weapon": 0,
        "pilot_injury": 0.8086,
        "pilot_skill": 0.5668,
        "mission_priority": 0.2369,
        "estimated_landing_time": 1040.0,
        "wait_time": 0,
        "Landing_success_rate": 1.0
    },
    {
        "model": 0,
        "sequence": 4,
        "status": 1,
        "fuel": 6542,
        "fault": 0.3904,
        "weapon": 1,
        "pilot_injury": 0.612,
        "pilot_skill": 0.0218,
        "mission_priority": 0.9936,
        "estimated_landing_time": 382.0,
        "wait_time": 0,
        "Landing_success_rate": 1.0
    },
    {
        "model": 2,
        "sequence": 17,
        "status": 1,
        "fuel": 7069,
        "fault": 0.4835,
        "weapon": 0,
        "pilot_injury": 0.1551,
        "pilot_skill": 0.5401,
        "mission_priority": 0.0806,
        "estimated_landing_time": 1604.0,
        "wait_time": 0,
        "Landing_success_rate": 1.0
    },
    {
        "model": 1,
        "sequence": 10,
        "status": 1,
        "fuel": 7382,
        "fault": 0.0203,
        "weapon": 0,
        "pilot_injury": 0.0862,
        "pilot_skill": 0.8486,
        "mission_priority": 0.547,
        "estimated_landing_time": 946.0,
        "wait_time": 0,
        "Landing_success_rate": 1.0
    },
    {
        "model": 2,
        "sequence": 8,
        "status": 1,
        "fuel": 5815,
        "fault": 0.9923,
        "weapon": 1,
        "pilot_injury": 0.9205,
        "pilot_skill": 0.0778,
        "mission_priority": 0.121,
        "estimated_landing_time": 758.0,
        "wait_time": 0,
        "Landing_success_rate": 1.0
    },
    {
        "model": 2,
        "sequence": 16,
        "status": 1,
        "fuel": 5945,
        "fault": 0.7125,
        "weapon": 0,
        "pilot_injury": 0.2382,
        "pilot_skill": 0.7697,
        "mission_priority": 0.2643,
        "estimated_landing_time": 1510.0,
        "wait_time": 0,
        "Landing_success_rate": 1.0
    },
    {
        "model": 2,
        "sequence": 14,
        "status": 1,
        "fuel": 7203,
        "fault": 0.4118,
        "weapon": 1,
        "pilot_injury": 0.7843,
        "pilot_skill": 0.274,
        "mission_priority": 0.4016,
        "estimated_landing_time": 1322.0,
        "wait_time": 0,
        "Landing_success_rate": 1.0
    }
]