[
    {
        "model": 0,
        "sequence": 4,
        "status": 1,
        "fuel": 5651,
        "fault": 0.0612,
        "weapon": 1,
        "pilot_injury": 0.0197,
        "pilot_skill": 0.0664,
        "mission_priority": 0.9573,
        "estimated_landing_time": 382.0,
        "wait_time": 0,
        "Landing_success_rate": 1.0
    },
    {
        "model": 1,
        "sequence": 6,
        "status": 1,
        "fuel": 6887,
        "fault": 0.5198,
        "weapon": 1,
        "pilot_injury": 0.9597,
        "pilot_skill": 0.9433,
        "mission_priority": 0.8817,
        "estimated_landing_time": 570.0,
        "wait_time": 0,
        "Landing_success_rate": 1.0
    },
    {
        "model": 0,
        "sequence": 18,
        "status": 1,
        "fuel": 6910,
        "fault": 0.8452,
        "weapon": 0,
        "pilot_injury": 0.1515,
        "pilot_skill": 0.6393,
        "mission_priority": 0.4881,
        "estimated_landing_time": 1698.0,
        "wait_time": 0,
        "Landing_success_rate": 1.0
    },
    {
        "model": 0,
        "sequence": 13,
        "status": 1,
        "fuel": 7300,
        "fault": 0.2307,
        "weapon": 1,
        "pilot_injury": 0.5629,
        "pilot_skill": 0.8631,
        "mission_priority": 0.6092,
        "estimated_landing_time": 1228.0,
        "wait_time": 0,
        "Landing_success_rate": 1.0
    },
    {
        "model": 1,
        "sequence": 12,
        "status": 1,
        "fuel": 6290,
        "fault": 0.2365,
        "weapon": 0,
        "pilot_injury": 0.4628,
        "pilot_skill": 0.9544,
        "mission_priority": 0.1384,
        "estimated_landing_time": 1134.0,
        "wait_time": 0,
        "Landing_success_rate": 1.0
    },
    {
        "model": 1,
        "sequence": 16,
        "status": 1,
        "fuel": 6935,
        "fault": 0.0209,
        "weapon": 1,
        "pilot_injury": 0.433,
        "pilot_skill": 0.2832,
        "mission_priority": 0.2874,
        "estimated_landing_time": 1510.0,
        "wait_time": 0,
        "Landing_success_rate": 1.0
    },
    {
        "model": 0,
        "sequence": 7,
        "status": 1,
        "fuel": 6003,
        "fault": 0.6622,
        "weapon": 1,
        "pilot_injury": 0.8717,
        "pilot_skill": 0.5052,
        "mission_priority": 0.2402,
        "estimated_landing_time": 664.0,
        "wait_time": 0,
        "Landing_success_rate": 1.0
    },
    {
        "model": 2,
        "sequence": 9,
        "status": 1,
        "fuel": 5979,
        "fault": 0.1058,
        "weapon": 0,
        "pilot_injury": 0.0185,
        "pilot_skill": 0.5978,
        "mission_priority": 0.0317,
        "estimated_landing_time": 852.0,
        "wait_time": 0,
        "Landing_success_rate": 1.0
    },
    {
        "model": 1,
        "sequence": 8,
        "status": 1,
        "fuel": 6666,
        "fault": 0.8364,
        "weapon": 1,
        "pilot_injury": 0.2425,
        "pilot_skill": 0.3298,
        "mission_priority": 0.7057,
        "estimated_landing_time": 758.0,
        "wait_time": 0,
        "Landing_success_rate": 1.0
    },
    {
        "model": 2,
        "sequence": 14,
        "status": 1,
        "fuel": 6429,
        "fault": 0.3116,
        "weapon": 0,
        "pilot_injury": 0.6803,
        "pilot_skill": 0.1523,
        "mission_priority": 0.5604,
        "estimated_landing_time": 1322.0,
        "wait_time": 0,
        "Landing_success_rate": 1.0
    },
    {
        "model": 0,
        "sequence": 15,
        "status": 1,
        "fuel": 5536,
        "fault": 0.8453,
        "weapon": 1,
        "pilot_injury": 0.7723,
        "pilot_skill": 0.2665,
        "mission_priority": 0.3758,
        "estimated_landing_time": 1416.0,
        "wait_time": 0,
        "Landing_success_rate": 1.0
    },
    {
        "model": 2,
        "sequence": 11,
        "status": 1,
        "fuel": 7236,
        "fault": 0.1671,
        "weapon": 0,
        "pilot_injury": 0.5317,
        "pilot_skill": 0.9178,
        "mission_priority": 0.5538,
        "estimated_landing_time": 1040.0,
        "wait_time": 0,
        "Landing_success_rate": 1.0
    },
    {
        "model": 0,
        "sequence": 3,
        "status": 1,
        "fuel": 7457,
        "fault": 0.5897,
        "weapon": 0,
        "pilot_injury": 0.4543,
        "pilot_skill": 0.83,
        "mission_priority": 0.1774,
        "estimated_landing_time": 288.0,
        "wait_time": 0,
        "Landing_success_rate": 1.0
    },
    {
        "model": 2,
        "sequence": 10,
        "status": 1,
        "fuel": 6580,
        "fault": 0.077,
        "weapon": 1,
        "pilot_injury": 0.7882,
        "pilot_skill": 0.3727,
        "mission_priority": 0.3582,
        "estimated_landing_time": 946.0,
        "wait_time": 0,
        "Landing_success_rate": 1.0
    },
    {
        "model": 2,
        "sequence": 1,
        "status": 1,
        "fuel": 6931,
        "fault": 0.5494,
        "weapon": 1,
        "pilot_injury": 0.2478,
        "pilot_skill": 0.6232,
        "mission_priority": 0.8019,
        "estimated_landing_time": 100.0,
        "wait_time": 0,
        "Landing_success_rate": 1.0
    },
    {
        "model": 2,
        "sequence": 2,
        "status": 1,
        "fuel": 5925,
        "fault": 0.2933,
        "weapon": 0,
        "pilot_injury": 0.0357,
        "pilot_skill": 0.5263,
        "mission_priority": 0.257,
        "estimated_landing_time": 194.0,
        "wait_time": 0,
        "Landing_success_rate": 1.0
    },
    {
        "model": 0,
        "sequence": 5,
        "status": 1,
        "fuel": 5993,
        "fault": 0.9718,
        "weapon": 1,
        "pilot_injury": 0.9271,
        "pilot_skill": 0.7107,
        "mission_priority": 0.9368,
        "estimated_landing_time": 476.0,
        "wait_time": 0,
        "Landing_success_rate": 1.0
    },
    {
        "model": 0,
        "sequence": 17,
        "status": 1,
        "fuel": 6529,
        "fault": 0.7777,
        "weapon": 1,
        "pilot_injury": 0.2656,
        "pilot_skill": 0.9058,
        "mission_priority": 0.6434,
        "estimated_landing_time": 1604.0,
        "wait_time": 0,
        "Landing_success_rate": 1.0
    }
]