[
    {
        "model": 1,
        "sequence": 18,
        "status": 1,
        "fuel": 7233,
        "fault": 0.5097,
        "weapon": 1,
        "pilot_injury": 0.2786,
        "pilot_skill": 0.8245,
        "mission_priority": 0.8192,
        "estimated_landing_time": 1698.0,
        "wait_time": 0,
        "Landing_success_rate": 1.0
    },
    {
        "model": 0,
        "sequence": 2,
        "status": 1,
        "fuel": 7248,
        "fault": 0.6893,
        "weapon": 1,
        "pilot_injury": 0.8669,
        "pilot_skill": 0.51,
        "mission_priority": 0.6071,
        "estimated_landing_time": 194.0,
        "wait_time": 0,
        "Landing_success_rate": 1.0
    },
    {
        "model": 2,
        "sequence": 10,
        "status": 1,
        "fuel": 7049,
        "fault": 0.0495,
        "weapon": 1,
        "pilot_injury": 0.0736,
        "pilot_skill": 0.3502,
        "mission_priority": 0.6239,
        "estimated_landing_time": 946.0,
        "wait_time": 0,
        "Landing_success_rate": 1.0
    },
    {
        "model": 1,
        "sequence": 3,
        "status": 1,
        "fuel": 5944,
        "fault": 0.6739,
        "weapon": 0,
        "pilot_injury": 0.2931,
        "pilot_skill": 0.0321,
        "mission_priority": 0.7434,
        "estimated_landing_time": 288.0,
        "wait_time": 0,
        "Landing_success_rate": 1.0
    },
    {
        "model": 2,
        "sequence": 8,
        "status": 1,
        "fuel": 7421,
        "fault": 0.3239,
        "weapon": 0,
        "pilot_injury": 0.6991,
        "pilot_skill": 0.8429,
        "mission_priority": 0.0199,
        "estimated_landing_time": 758.0,
        "wait_time": 0,
        "Landing_success_rate": 1.0
    },
    {
        "model": 1,
        "sequence": 1,
        "status": 1,
        "fuel": 5977,
        "fault": 0.4902,
        "weapon": 1,
        "pilot_injury": 0.3853,
        "pilot_skill": 0.9386,
        "mission_priority": 0.2742,
        "estimated_landing_time": 100.0,
        "wait_time": 0,
        "Landing_success_rate": 1.0
    },
    {
        "model": 1,
        "sequence": 11,
        "status": 1,
        "fuel": 7488,
        "fault": 0.5968,
        "weapon": 1,
        "pilot_injury": 0.0852,
        "pilot_skill": 0.8964,
        "mission_priority": 0.9798,
        "estimated_landing_time": 1040.0,
        "wait_time": 0,
        "Landing_success_rate": 1.0
    },
    {
        "model": 2,
        "sequence": 13,
        "status": 1,
        "fuel": 5598,
        "fault": 0.468,
        "weapon": 0,
        "pilot_injury": 0.8469,
        "pilot_skill": 0.6611,
        "mission_priority": 0.8262,
        "estimated_landing_time": 1228.0,
        "wait_time": 0,
        "Landing_success_rate": 1.0
    },
    {
        "model": 1,
        "sequence": 16,
        "status": 1,
        "fuel": 6734,
        "fault": 0.7883,
        "weapon": 0,
        "pilot_injury": 0.6408,
        "pilot_skill": 0.8748,
        "mission_priority": 0.6605,
        "estimated_landing_time": 1510.0,
        "wait_time": 0,
        "Landing_success_rate": 1.0
    },
    {
        "model": 0,
        "sequence": 4,
        "status": 1,
        "fuel": 6671,
        "fault": 0.9897,
        "weapon": 0,
        "pilot_injury": 0.7173,
        "pilot_skill": 0.98,
        "mission_priority": 0.1535,
        "estimated_landing_time": 382.0,
        "wait_time": 0,
        "Landing_success_rate": 1.0
    },
    {
        "model": 2,
        "sequence": 15,
        "status": 1,
        "fuel": 6705,
        "fault": 0.3588,
        "weapon": 0,
        "pilot_injury": 0.6432,
        "pilot_skill": 0.8779,
        "mission_priority": 0.4097,
        "estimated_landing_time": 1416.0,
        "wait_time": 0,
        "Landing_success_rate": 1.0
    },
    {
        "model": 0,
        "sequence": 9,
        "status": 1,
        "fuel": 6754,
        "fault": 0.5272,
        "weapon": 0,
        "pilot_injury": 0.3812,
        "pilot_skill": 0.3807,
        "mission_priority": 0.3573,
        "estimated_landing_time": 852.0,
        "wait_time": 0,
        "Landing_success_rate": 1.0
    },
    {
        "model": 1,
        "sequence": 6,
        "status": 1,
        "fuel": 6548,
        "fault": 0.0877,
        "weapon": 0,
        "pilot_injury": 0.8362,
        "pilot_skill": 0.1804,
        "mission_priority": 0.1457,
        "estimated_landing_time": 570.0,
        "wait_time": 0,
        "Landing_success_rate": 1.0
    },
    {
        "model": 1,
        "sequence": 14,
        "status": 1,
        "fuel": 6287,
        "fault": 0.5894,
        "weapon": 0,
        "pilot_injury": 0.5613,
        "pilot_skill": 0.9471,
        "mission_priority": 0.7609,
        "estimated_landing_time": 1322.0,
        "wait_time": 0,
        "Landing_success_rate": 1.0
    },
    {
        "model": 2,
        "sequence": 7,
        "status": 1,
        "fuel": 6297,
        "fault": 0.3239,
        "weapon": 1,
        "pilot_injury": 0.2874,
        "pilot_skill": 0.5403,
        "mission_priority": 0.8854,
        "estimated_landing_time": 664.0,
        "wait_time": 0,
        "Landing_success_rate": 1.0
    },
    {
        "model": 0,
        "sequence": 17,
        "status": 1,
        "fuel": 6135,
        "fault": 0.8019,
        "weapon": 1,
        "pilot_injury": 0.2462,
        "pilot_skill": 0.2253,
        "mission_priority": 0.034,
        "estimated_landing_time": 1604.0,
        "wait_time": 0,
        "Landing_success_rate": 1.0
    },
    {
        "model": 0,
        "sequence": 12,
        "status": 1,
        "fuel": 5500,
        "fault": 0.6047,
        "weapon": 0,
        "pilot_injury": 0.359,
        "pilot_skill": 0.8092,
        "mission_priority": 0.12,
        "estimated_landing_time": 1134.0,
        "wait_time": 0,
        "Landing_success_rate": 1.0
    },
    {
        "model": 2,
        "sequence": 5,
        "status": 1,
        "fuel": 7183,
        "fault": 0.1223,
        "weapon": 1,
        "pilot_injury": 0.1199,
        "pilot_skill": 0.4713,
        "mission_priority": 0.6685,
        "estimated_landing_time": 476.0,
        "wait_time": 0,
        "Landing_success_rate": 1.0
    }
]