[
    {
        "model": 0,
        "sequence": 8,
        "status": 1,
        "fuel": 6612,
        "fault": 0.3773,
        "weapon": 1,
        "pilot_injury": 0.1067,
        "pilot_skill": 0.276,
        "mission_priority": 0.22,
        "estimated_landing_time": 758.0,
        "wait_time": 0,
        "Landing_success_rate": 1.0
    },
    {
        "model": 1,
        "sequence": 11,
        "status": 1,
        "fuel": 6927,
        "fault": 0.241,
        "weapon": 1,
        "pilot_injury": 0.8167,
        "pilot_skill": 0.7298,
        "mission_priority": 0.5886,
        "estimated_landing_time": 1040.0,
        "wait_time": 0,
        "Landing_success_rate": 1.0
    },
    {
        "model": 2,
        "sequence": 4,
        "status": 1,
        "fuel": 6992,
        "fault": 0.6843,
        "weapon": 0,
        "pilot_injury": 0.6013,
        "pilot_skill": 0.1546,
        "mission_priority": 0.1639,
        "estimated_landing_time": 382.0,
        "wait_time": 0,
        "Landing_success_rate": 1.0
    },
    {
        "model": 2,
        "sequence": 10,
        "status": 1,
        "fuel": 5568,
        "fault": 0.8996,
        "weapon": 1,
        "pilot_injury": 0.9102,
        "pilot_skill": 0.6116,
        "mission_priority": 0.6765,
        "estimated_landing_time": 946.0,
        "wait_time": 0,
        "Landing_success_rate": 1.0
    },
    {
        "model": 0,
        "sequence": 6,
        "status": 1,
        "fuel": 7383,
        "fault": 0.4851,
        "weapon": 0,
        "pilot_injury": 0.4312,
        "pilot_skill": 0.7059,
        "mission_priority": 0.3826,
        "estimated_landing_time": 570.0,
        "wait_time": 0,
        "Landing_success_rate": 1.0
    },
    {
        "model": 0,
        "sequence": 18,
        "status": 1,
        "fuel": 6078,
        "fault": 0.0014,
        "weapon": 0,
        "pilot_injury": 0.6599,
        "pilot_skill": 0.9193,
        "mission_priority": 0.9952,
        "estimated_landing_time": 1698.0,
        "wait_time": 0,
        "Landing_success_rate": 1.0
    },
    {
        "model": 1,
        "sequence": 12,
        "status": 1,
        "fuel": 5612,
        "fault": 0.4642,
        "weapon": 1,
        "pilot_injury": 0.1623,
        "pilot_skill": 0.457,
        "mission_priority": 0.1002,
        "estimated_landing_time": 1134.0,
        "wait_time": 0,
        "Landing_success_rate": 1.0
    },
    {
        "model": 0,
        "sequence": 9,
        "status": 1,
        "fuel": 6929,
        "fault": 0.431,
        "weapon": 1,
        "pilot_injury": 0.6287,
        "pilot_skill": 0.678,
        "mission_priority": 0.6194,
        "estimated_landing_time": 852.0,
        "wait_time": 0,
        "Landing_success_rate": 1.0
    },
    {
        "model": 0,
        "sequence": 14,
        "status": 1,
        "fuel": 7065,
        "fault": 0.8022,
        "weapon": 0,
        "pilot_injury": 0.5517,
        "pilot_skill": 0.4899,
        "mission_priority": 0.9871,
        "estimated_landing_time": 1322.0,
        "wait_time": 0,
        "Landing_success_rate": 1.0
    },
    {
        "model": 0,
        "sequence": 2,
        "status": 1,
        "fuel": 5883,
        "fault": 0.1082,
        "weapon": 0,
        "pilot_injury": 0.6823,
        "pilot_skill": 0.1252,
        "mission_priority": 0.3542,
        "estimated_landing_time": 194.0,
        "wait_time": 0,
        "Landing_success_rate": 1.0
    },
    {
        "model": 0,
        "sequence": 13,
        "status": 1,
        "fuel": 5718,
        "fault": 0.0244,
        "weapon": 0,
        "pilot_injury": 0.4933,
        "pilot_skill": 0.6306,
        "mission_priority": 0.6712,
        "estimated_landing_time": 1228.0,
        "wait_time": 0,
        "Landing_success_rate": 1.0
    },
    {
        "model": 1,
        "sequence": 17,
        "status": 1,
        "fuel": 6931,
        "fault": 0.8103,
        "weapon": 0,
        "pilot_injury": 0.3929,
        "pilot_skill": 0.7066,
        "mission_priority": 0.7322,
        "estimated_landing_time": 1604.0,
        "wait_time": 0,
        "Landing_success_rate": 1.0
    },
    {
        "model": 2,
        "sequence": 1,
        "status": 1,
        "fuel": 6523,
        "fault": 0.5228,
        "weapon": 0,
        "pilot_injury": 0.8652,
        "pilot_skill": 0.2899,
        "mission_priority": 0.6751,
        "estimated_landing_time": 100.0,
        "wait_time": 0,
        "Landing_success_rate": 1.0
    },
    {
        "model": 2,
        "sequence": 7,
        "status": 1,
        "fuel": 5577,
        "fault": 0.3141,
        "weapon": 1,
        "pilot_injury": 0.8637,
        "pilot_skill": 0.6902,
        "mission_priority": 0.6582,
        "estimated_landing_time": 664.0,
        "wait_time": 0,
        "Landing_success_rate": 1.0
    },
    {
        "model": 2,
        "sequence": 15,
        "status": 1,
        "fuel": 7214,
        "fault": 0.0187,
        "weapon": 0,
        "pilot_injury": 0.4339,
        "pilot_skill": 0.7337,
        "mission_priority": 0.6184,
        "estimated_landing_time": 1416.0,
        "wait_time": 0,
        "Landing_success_rate": 1.0
    },
    {
        "model": 2,
        "sequence": 5,
        "status": 1,
        "fuel": 6945,
        "fault": 0.3986,
        "weapon": 1,
        "pilot_injury": 0.473,
        "pilot_skill": 0.7367,
        "mission_priority": 0.7436,
        "estimated_landing_time": 476.0,
        "wait_time": 0,
        "Landing_success_rate": 1.0
    },
    {
        "model": 2,
        "sequence": 3,
        "status": 1,
        "fuel": 7321,
        "fault": 0.3621,
        "weapon": 1,
        "pilot_injury": 0.2929,
        "pilot_skill": 0.2547,
        "mission_priority": 0.781,
        "estimated_landing_time": 288.0,
        "wait_time": 0,
        "Landing_success_rate": 1.0
    },
    {
        "model": 0,
        "sequence": 16,
        "status": 1,
        "fuel": 6871,
        "fault": 0.1369,
        "weapon": 1,
        "pilot_injury": 0.6707,
        "pilot_skill": 0.9648,
        "mission_priority": 0.9992,
        "estimated_landing_time": 1510.0,
        "wait_time": 0,
        "Landing_success_rate": 1.0
    }
]