[
    {
        "model": 0,
        "sequence": 9,
        "status": 1,
        "fuel": 5806,
        "fault": 0.8503,
        "weapon": 1,
        "pilot_injury": 0.1299,
        "pilot_skill": 0.9553,
        "mission_priority": 0.3335,
        "estimated_landing_time": 852.0,
        "wait_time": 0,
        "Landing_success_rate": 1.0
    },
    {
        "model": 2,
        "sequence": 16,
        "status": 1,
        "fuel": 7487,
        "fault": 0.1228,
        "weapon": 1,
        "pilot_injury": 0.9374,
        "pilot_skill": 0.4828,
        "mission_priority": 0.4347,
        "estimated_landing_time": 1510.0,
        "wait_time": 0,
        "Landing_success_rate": 1.0
    },
    {
        "model": 1,
        "sequence": 6,
        "status": 1,
        "fuel": 6697,
        "fault": 0.1147,
        "weapon": 1,
        "pilot_injury": 0.3083,
        "pilot_skill": 0.1808,
        "mission_priority": 0.5955,
        "estimated_landing_time": 570.0,
        "wait_time": 0,
        "Landing_success_rate": 1.0
    },
    {
        "model": 0,
        "sequence": 5,
        "status": 1,
        "fuel": 6993,
        "fault": 0.8514,
        "weapon": 1,
        "pilot_injury": 0.5219,
        "pilot_skill": 0.5624,
        "mission_priority": 0.6942,
        "estimated_landing_time": 476.0,
        "wait_time": 0,
        "Landing_success_rate": 1.0
    },
    {
        "model": 2,
        "sequence": 7,
        "status": 1,
        "fuel": 5633,
        "fault": 0.0513,
        "weapon": 0,
        "pilot_injury": 0.5102,
        "pilot_skill": 0.075,
        "mission_priority": 0.8316,
        "estimated_landing_time": 664.0,
        "wait_time": 0,
        "Landing_success_rate": 1.0
    },
    {
        "model": 2,
        "sequence": 1,
        "status": 1,
        "fuel": 6790,
        "fault": 0.1001,
        "weapon": 1,
        "pilot_injury": 0.3485,
        "pilot_skill": 0.3376,
        "mission_priority": 0.3286,
        "estimated_landing_time": 100.0,
        "wait_time": 0,
        "Landing_success_rate": 1.0
    },
    {
        "model": 2,
        "sequence": 12,
        "status": 1,
        "fuel": 5845,
        "fault": 0.0403,
        "weapon": 0,
        "pilot_injury": 0.9732,
        "pilot_skill": 0.7048,
        "mission_priority": 0.1111,
        "estimated_landing_time": 1134.0,
        "wait_time": 0,
        "Landing_success_rate": 1.0
    },
    {
        "model": 1,
        "sequence": 15,
        "status": 1,
        "fuel": 6160,
        "fault": 0.31,
        "weapon": 1,
        "pilot_injury": 0.7084,
        "pilot_skill": 0.4927,
        "mission_priority": 0.6165,
        "estimated_landing_time": 1416.0,
        "wait_time": 0,
        "Landing_success_rate": 1.0
    },
    {
        "model": 2,
        "sequence": 13,
        "status": 1,
        "fuel": 6319,
        "fault": 0.1478,
        "weapon": 0,
        "pilot_injury": 0.9521,
        "pilot_skill": 0.6694,
        "mission_priority": 0.8519,
        "estimated_landing_time": 1228.0,
        "wait_time": 0,
        "Landing_success_rate": 1.0
    },
    {
        "model": 1,
        "sequence": 8,
        "status": 1,
        "fuel": 7037,
        "fault": 0.5853,
        "weapon": 1,
        "pilot_injury": 0.9905,
        "pilot_skill": 0.0588,
        "mission_priority": 0.1928,
        "estimated_landing_time": 758.0,
        "wait_time": 0,
        "Landing_success_rate": 1.0
    },
    {
        "model": 0,
        "sequence": 4,
        "status": 1,
        "fuel": 7480,
        "fault": 0.8675,
        "weapon": 0,
        "pilot_injury": 0.5832,
        "pilot_skill": 0.2097,
        "mission_priority": 0.9567,
        "estimated_landing_time": 382.0,
        "wait_time": 0,
        "Landing_success_rate": 1.0
    },
    {
        "model": 0,
        "sequence": 18,
        "status": 1,
        "fuel": 6761,
        "fault": 0.172,
        "weapon": 0,
        "pilot_injury": 0.6589,
        "pilot_skill": 0.8552,
        "mission_priority": 0.3598,
        "estimated_landing_time": 1698.0,
        "wait_time": 0,
        "Landing_success_rate": 1.0
    },
    {
        "model": 2,
        "sequence": 3,
        "status": 1,
        "fuel": 5550,
        "fault": 0.7593,
        "weapon": 1,
        "pilot_injury": 0.8205,
        "pilot_skill": 0.4631,
        "mission_priority": 0.7153,
        "estimated_landing_time": 288.0,
        "wait_time": 0,
        "Landing_success_rate": 1.0
    },
    {
        "model": 1,
        "sequence": 11,
        "status": 1,
        "fuel": 6744,
        "fault": 0.3405,
        "weapon": 0,
        "pilot_injury": 0.2081,
        "pilot_skill": 0.1258,
        "mission_priority": 0.0239,
        "estimated_landing_time": 1040.0,
        "wait_time": 0,
        "Landing_success_rate": 1.0
    },
    {
        "model": 2,
        "sequence": 14,
        "status": 1,
        "fuel": 5603,
        "fault": 0.6723,
        "weapon": 1,
        "pilot_injury": 0.7136,
        "pilot_skill": 0.1549,
        "mission_priority": 0.5234,
        "estimated_landing_time": 1322.0,
        "wait_time": 0,
        "Landing_success_rate": 1.0
    },
    {
        "model": 0,
        "sequence": 10,
        "status": 1,
        "fuel": 5939,
        "fault": 0.2772,
        "weapon": 0,
        "pilot_injury": 0.75,
        "pilot_skill": 0.266,
        "mission_priority": 0.3479,
        "estimated_landing_time": 946.0,
        "wait_time": 0,
        "Landing_success_rate": 1.0
    },
    {
        "model": 1,
        "sequence": 2,
        "status": 1,
        "fuel": 5670,
        "fault": 0.5741,
        "weapon": 0,
        "pilot_injury": 0.0946,
        "pilot_skill": 0.7582,
        "mission_priority": 0.2774,
        "estimated_landing_time": 194.0,
        "wait_time": 0,
        "Landing_success_rate": 1.0
    },
    {
        "model": 0,
        "sequence": 17,
        "status": 1,
        "fuel": 6747,
        "fault": 0.279,
        "weapon": 1,
        "pilot_injury": 0.5434,
        "pilot_skill": 0.7078,
        "mission_priority": 0.8032,
        "estimated_landing_time": 1604.0,
        "wait_time": 0,
        "Landing_success_rate": 1.0
    }
]