[
    {
        "model": 2,
        "sequence": 8,
        "status": 1,
        "fuel": 6655,
        "fault": 0.1583,
        "weapon": 1,
        "pilot_injury": 0.089,
        "pilot_skill": 0.0351,
        "mission_priority": 0.8646,
        "estimated_landing_time": 758.0,
        "wait_time": 0,
        "Landing_success_rate": 1.0
    },
    {
        "model": 1,
        "sequence": 14,
        "status": 1,
        "fuel": 6461,
        "fault": 0.4191,
        "weapon": 0,
        "pilot_injury": 0.4504,
        "pilot_skill": 0.8493,
        "mission_priority": 0.0142,
        "estimated_landing_time": 1322.0,
        "wait_time": 0,
        "Landing_success_rate": 1.0
    },
    {
        "model": 2,
        "sequence": 4,
        "status": 1,
        "fuel": 6624,
        "fault": 0.2865,
        "weapon": 1,
        "pilot_injury": 0.9639,
        "pilot_skill": 0.6428,
        "mission_priority": 0.2611,
        "estimated_landing_time": 382.0,
        "wait_time": 0,
        "Landing_success_rate": 1.0
    },
    {
        "model": 2,
        "sequence": 12,
        "status": 1,
        "fuel": 6979,
        "fault": 0.4998,
        "weapon": 0,
        "pilot_injury": 0.5281,
        "pilot_skill": 0.3735,
        "mission_priority": 0.3834,
        "estimated_landing_time": 1134.0,
        "wait_time": 0,
        "Landing_success_rate": 1.0
    },
    {
        "model": 2,
        "sequence": 7,
        "status": 1,
        "fuel": 6030,
        "fault": 0.4231,
        "weapon": 0,
        "pilot_injury": 0.6872,
        "pilot_skill": 0.2321,
        "mission_priority": 0.5595,
        "estimated_landing_time": 664.0,
        "wait_time": 0,
        "Landing_success_rate": 1.0
    },
    {
        "model": 0,
        "sequence": 13,
        "status": 1,
        "fuel": 7364,
        "fault": 0.0206,
        "weapon": 0,
        "pilot_injury": 0.8956,
        "pilot_skill": 0.3832,
        "mission_priority": 0.2828,
        "estimated_landing_time": 1228.0,
        "wait_time": 0,
        "Landing_success_rate": 1.0
    },
    {
        "model": 0,
        "sequence": 2,
        "status": 1,
        "fuel": 6088,
        "fault": 0.764,
        "weapon": 1,
        "pilot_injury": 0.7455,
        "pilot_skill": 0.6527,
        "mission_priority": 0.9205,
        "estimated_landing_time": 194.0,
        "wait_time": 0,
        "Landing_success_rate": 1.0
    },
    {
        "model": 2,
        "sequence": 15,
        "status": 1,
        "fuel": 6141,
        "fault": 0.3932,
        "weapon": 0,
        "pilot_injury": 0.3146,
        "pilot_skill": 0.4956,
        "mission_priority": 0.9445,
        "estimated_landing_time": 1416.0,
        "wait_time": 0,
        "Landing_success_rate": 1.0
    },
    {
        "model": 1,
        "sequence": 1,
        "status": 1,
        "fuel": 6406,
        "fault": 0.3603,
        "weapon": 1,
        "pilot_injury": 0.2518,
        "pilot_skill": 0.185,
        "mission_priority": 0.2322,
        "estimated_landing_time": 100.0,
        "wait_time": 0,
        "Landing_success_rate": 1.0
    },
    {
        "model": 2,
        "sequence": 17,
        "status": 1,
        "fuel": 7385,
        "fault": 0.3245,
        "weapon": 1,
        "pilot_injury": 0.8699,
        "pilot_skill": 0.5211,
        "mission_priority": 0.7151,
        "estimated_landing_time": 1604.0,
        "wait_time": 0,
        "Landing_success_rate": 1.0
    },
    {
        "model": 2,
        "sequence": 6,
        "status": 1,
        "fuel": 5666,
        "fault": 0.0269,
        "weapon": 0,
        "pilot_injury": 0.8448,
        "pilot_skill": 0.2328,
        "mission_priority": 0.4597,
        "estimated_landing_time": 570.0,
        "wait_time": 0,
        "Landing_success_rate": 1.0
    },
    {
        "model": 0,
        "sequence": 16,
        "status": 1,
        "fuel": 5907,
        "fault": 0.5089,
        "weapon": 0,
        "pilot_injury": 0.6827,
        "pilot_skill": 0.8976,
        "mission_priority": 0.8461,
        "estimated_landing_time": 1510.0,
        "wait_time": 0,
        "Landing_success_rate": 1.0
    },
    {
        "model": 2,
        "sequence": 18,
        "status": 1,
        "fuel": 6959,
        "fault": 0.9597,
        "weapon": 1,
        "pilot_injury": 0.3774,
        "pilot_skill": 0.3793,
        "mission_priority": 0.781,
        "estimated_landing_time": 1698.0,
        "wait_time": 0,
        "Landing_success_rate": 1.0
    },
    {
        "model": 0,
        "sequence": 5,
        "status": 1,
        "fuel": 6581,
        "fault": 0.1183,
        "weapon": 0,
        "pilot_injury": 0.6086,
        "pilot_skill": 0.4201,
        "mission_priority": 0.9407,
        "estimated_landing_time": 476.0,
        "wait_time": 0,
        "Landing_success_rate": 1.0
    },
    {
        "model": 1,
        "sequence": 3,
        "status": 1,
        "fuel": 7386,
        "fault": 0.9385,
        "weapon": 0,
        "pilot_injury": 0.5391,
        "pilot_skill": 0.7246,
        "mission_priority": 0.4573,
        "estimated_landing_time": 288.0,
        "wait_time": 0,
        "Landing_success_rate": 1.0
    },
    {
        "model": 1,
        "sequence": 10,
        "status": 1,
        "fuel": 6293,
        "fault": 0.4633,
        "weapon": 0,
        "pilot_injury": 0.7378,
        "pilot_skill": 0.245,
        "mission_priority": 0.8329,
        "estimated_landing_time": 946.0,
        "wait_time": 0,
        "Landing_success_rate": 1.0
    },
    {
        "model": 1,
        "sequence": 11,
        "status": 1,
        "fuel": 6803,
        "fault": 0.9325,
        "weapon": 1,
        "pilot_injury": 0.652,
        "pilot_skill": 0.2336,
        "mission_priority": 0.2652,
        "estimated_landing_time": 1040.0,
        "wait_time": 0,
        "Landing_success_rate": 1.0
    },
    {
        "model": 2,
        "sequence": 9,
        "status": 1,
        "fuel": 6354,
        "fault": 0.482,
        "weapon": 0,
        "pilot_injury": 0.2569,
        "pilot_skill": 0.9281,
        "mission_priority": 0.2388,
        "estimated_landing_time": 852.0,
        "wait_time": 0,
        "Landing_success_rate": 1.0
    }
]