[
    {
        "model": 1,
        "sequence": 5,
        "status": 1,
        "fuel": 6997,
        "fault": 0.3009,
        "weapon": 0,
        "pilot_injury": 0.8325,
        "pilot_skill": 0.5681,
        "mission_priority": 0.0073,
        "estimated_landing_time": 476.0,
        "wait_time": 0,
        "Landing_success_rate": 1.0
    },
    {
        "model": 0,
        "sequence": 16,
        "status": 1,
        "fuel": 5855,
        "fault": 0.5323,
        "weapon": 0,
        "pilot_injury": 0.0575,
        "pilot_skill": 0.4473,
        "mission_priority": 0.3115,
        "estimated_landing_time": 1510.0,
        "wait_time": 0,
        "Landing_success_rate": 1.0
    },
    {
        "model": 0,
        "sequence": 9,
        "status": 1,
        "fuel": 5984,
        "fault": 0.4241,
        "weapon": 0,
        "pilot_injury": 0.1796,
        "pilot_skill": 0.2998,
        "mission_priority": 0.1153,
        "estimated_landing_time": 852.0,
        "wait_time": 0,
        "Landing_success_rate": 1.0
    },
    {
        "model": 0,
        "sequence": 12,
        "status": 1,
        "fuel": 6150,
        "fault": 0.3015,
        "weapon": 1,
        "pilot_injury": 0.9028,
        "pilot_skill": 0.828,
        "mission_priority": 0.2303,
        "estimated_landing_time": 1134.0,
        "wait_time": 0,
        "Landing_success_rate": 1.0
    },
    {
        "model": 1,
        "sequence": 15,
        "status": 1,
        "fuel": 7451,
        "fault": 0.4862,
        "weapon": 0,
        "pilot_injury": 0.0512,
        "pilot_skill": 0.8996,
        "mission_priority": 0.998,
        "estimated_landing_time": 1416.0,
        "wait_time": 0,
        "Landing_success_rate": 1.0
    },
    {
        "model": 1,
        "sequence": 8,
        "status": 1,
        "fuel": 6698,
        "fault": 0.3855,
        "weapon": 1,
        "pilot_injury": 0.5544,
        "pilot_skill": 0.1094,
        "mission_priority": 0.2988,
        "estimated_landing_time": 758.0,
        "wait_time": 0,
        "Landing_success_rate": 1.0
    },
    {
        "model": 1,
        "sequence": 4,
        "status": 1,
        "fuel": 7340,
        "fault": 0.32,
        "weapon": 0,
        "pilot_injury": 0.1472,
        "pilot_skill": 0.0075,
        "mission_priority": 0.5725,
        "estimated_landing_time": 382.0,
        "wait_time": 0,
        "Landing_success_rate": 1.0
    },
    {
        "model": 0,
        "sequence": 11,
        "status": 1,
        "fuel": 6160,
        "fault": 0.751,
        "weapon": 0,
        "pilot_injury": 0.2126,
        "pilot_skill": 0.4633,
        "mission_priority": 0.6021,
        "estimated_landing_time": 1040.0,
        "wait_time": 0,
        "Landing_success_rate": 1.0
    },
    {
        "model": 2,
        "sequence": 18,
        "status": 1,
        "fuel": 5820,
        "fault": 0.7775,
        "weapon": 0,
        "pilot_injury": 0.173,
        "pilot_skill": 0.188,
        "mission_priority": 0.8997,
        "estimated_landing_time": 1698.0,
        "wait_time": 0,
        "Landing_success_rate": 1.0
    },
    {
        "model": 2,
        "sequence": 2,
        "status": 1,
        "fuel": 5800,
        "fault": 0.5662,
        "weapon": 1,
        "pilot_injury": 0.2689,
        "pilot_skill": 0.7206,
        "mission_priority": 0.0784,
        "estimated_landing_time": 194.0,
        "wait_time": 0,
        "Landing_success_rate": 1.0
    },
    {
        "model": 2,
        "sequence": 7,
        "status": 1,
        "fuel": 7008,
        "fault": 0.8853,
        "weapon": 1,
        "pilot_injury": 0.5153,
        "pilot_skill": 0.353,
        "mission_priority": 0.5735,
        "estimated_landing_time": 664.0,
        "wait_time": 0,
        "Landing_success_rate": 1.0
    },
    {
        "model": 0,
        "sequence": 3,
        "status": 1,
        "fuel": 5510,
        "fault": 0.2269,
        "weapon": 0,
        "pilot_injury": 0.5112,
        "pilot_skill": 0.7051,
        "mission_priority": 0.431,
        "estimated_landing_time": 288.0,
        "wait_time": 0,
        "Landing_success_rate": 1.0
    },
    {
        "model": 2,
        "sequence": 13,
        "status": 1,
        "fuel": 5515,
        "fault": 0.985,
        "weapon": 1,
        "pilot_injury": 0.3081,
        "pilot_skill": 0.5571,
        "mission_priority": 0.5092,
        "estimated_landing_time": 1228.0,
        "wait_time": 0,
        "Landing_success_rate": 1.0
    },
    {
        "model": 0,
        "sequence": 14,
        "status": 1,
        "fuel": 6350,
        "fault": 0.2883,
        "weapon": 1,
        "pilot_injury": 0.5886,
        "pilot_skill": 0.8853,
        "mission_priority": 0.6191,
        "estimated_landing_time": 1322.0,
        "wait_time": 0,
        "Landing_success_rate": 1.0
    },
    {
        "model": 0,
        "sequence": 10,
        "status": 1,
        "fuel": 6733,
        "fault": 0.2554,
        "weapon": 1,
        "pilot_injury": 0.8398,
        "pilot_skill": 0.0488,
        "mission_priority": 0.1253,
        "estimated_landing_time": 946.0,
        "wait_time": 0,
        "Landing_success_rate": 1.0
    },
    {
        "model": 1,
        "sequence": 1,
        "status": 1,
        "fuel": 5748,
        "fault": 0.7212,
        "weapon": 0,
        "pilot_injury": 0.4112,
        "pilot_skill": 0.9754,
        "mission_priority": 0.1728,
        "estimated_landing_time": 100.0,
        "wait_time": 0,
        "Landing_success_rate": 1.0
    },
    {
        "model": 1,
        "sequence": 6,
        "status": 1,
        "fuel": 6075,
        "fault": 0.1449,
        "weapon": 0,
        "pilot_injury": 0.044,
        "pilot_skill": 0.8207,
        "mission_priority": 0.199,
        "estimated_landing_time": 570.0,
        "wait_time": 0,
        "Landing_success_rate": 1.0
    },
    {
        "model": 0,
        "sequence": 17,
        "status": 1,
        "fuel": 7307,
        "fault": 0.213,
        "weapon": 1,
        "pilot_injury": 0.6589,
        "pilot_skill": 0.5872,
        "mission_priority": 0.9464,
        "estimated_landing_time": 1604.0,
        "wait_time": 0,
        "Landing_success_rate": 1.0
    }
]