[
    {
        "model": 1,
        "sequence": 13,
        "status": 1,
        "fuel": 5886,
        "fault": 0.7877,
        "weapon": 1,
        "pilot_injury": 0.5898,
        "pilot_skill": 0.3883,
        "mission_priority": 0.9839,
        "estimated_landing_time": 1228.0,
        "wait_time": 0,
        "Landing_success_rate": 1.0
    },
    {
        "model": 1,
        "sequence": 6,
        "status": 1,
        "fuel": 6420,
        "fault": 0.795,
        "weapon": 1,
        "pilot_injury": 0.9896,
        "pilot_skill": 0.691,
        "mission_priority": 0.7398,
        "estimated_landing_time": 570.0,
        "wait_time": 0,
        "Landing_success_rate": 1.0
    },
    {
        "model": 1,
        "sequence": 9,
        "status": 1,
        "fuel": 5528,
        "fault": 0.5144,
        "weapon": 1,
        "pilot_injury": 0.0361,
        "pilot_skill": 0.9917,
        "mission_priority": 0.9795,
        "estimated_landing_time": 852.0,
        "wait_time": 0,
        "Landing_success_rate": 1.0
    },
    {
        "model": 2,
        "sequence": 5,
        "status": 1,
        "fuel": 5638,
        "fault": 0.0118,
        "weapon": 0,
        "pilot_injury": 0.146,
        "pilot_skill": 0.3291,
        "mission_priority": 0.3701,
        "estimated_landing_time": 476.0,
        "wait_time": 0,
        "Landing_success_rate": 1.0
    },
    {
        "model": 1,
        "sequence": 17,
        "status": 1,
        "fuel": 7134,
        "fault": 0.5668,
        "weapon": 0,
        "pilot_injury": 0.7467,
        "pilot_skill": 0.6465,
        "mission_priority": 0.7659,
        "estimated_landing_time": 1604.0,
        "wait_time": 0,
        "Landing_success_rate": 1.0
    },
    {
        "model": 2,
        "sequence": 16,
        "status": 1,
        "fuel": 6431,
        "fault": 0.7855,
        "weapon": 0,
        "pilot_injury": 0.3359,
        "pilot_skill": 0.2828,
        "mission_priority": 0.6794,
        "estimated_landing_time": 1510.0,
        "wait_time": 0,
        "Landing_success_rate": 1.0
    },
    {
        "model": 0,
        "sequence": 10,
        "status": 1,
        "fuel": 6654,
        "fault": 0.0441,
        "weapon": 0,
        "pilot_injury": 0.9125,
        "pilot_skill": 0.0142,
        "mission_priority": 0.7945,
        "estimated_landing_time": 946.0,
        "wait_time": 0,
        "Landing_success_rate": 1.0
    },
    {
        "model": 2,
        "sequence": 14,
        "status": 1,
        "fuel": 6571,
        "fault": 0.3662,
        "weapon": 1,
        "pilot_injury": 0.9341,
        "pilot_skill": 0.5899,
        "mission_priority": 0.2405,
        "estimated_landing_time": 1322.0,
        "wait_time": 0,
        "Landing_success_rate": 1.0
    },
    {
        "model": 1,
        "sequence": 12,
        "status": 1,
        "fuel": 7187,
        "fault": 0.427,
        "weapon": 1,
        "pilot_injury": 0.9065,
        "pilot_skill": 0.0724,
        "mission_priority": 0.6044,
        "estimated_landing_time": 1134.0,
        "wait_time": 0,
        "Landing_success_rate": 1.0
    },
    {
        "model": 0,
        "sequence": 4,
        "status": 1,
        "fuel": 7348,
        "fault": 0.1502,
        "weapon": 1,
        "pilot_injury": 0.1168,
        "pilot_skill": 0.3661,
        "mission_priority": 0.2739,
        "estimated_landing_time": 382.0,
        "wait_time": 0,
        "Landing_success_rate": 1.0
    },
    {
        "model": 1,
        "sequence": 2,
        "status": 1,
        "fuel": 7398,
        "fault": 0.8369,
        "weapon": 1,
        "pilot_injury": 0.1307,
        "pilot_skill": 0.6109,
        "mission_priority": 0.6881,
        "estimated_landing_time": 194.0,
        "wait_time": 0,
        "Landing_success_rate": 1.0
    },
    {
        "model": 0,
        "sequence": 11,
        "status": 1,
        "fuel": 5739,
        "fault": 0.3006,
        "weapon": 0,
        "pilot_injury": 0.9529,
        "pilot_skill": 0.8805,
        "mission_priority": 0.9576,
        "estimated_landing_time": 1040.0,
        "wait_time": 0,
        "Landing_success_rate": 1.0
    },
    {
        "model": 2,
        "sequence": 8,
        "status": 1,
        "fuel": 5930,
        "fault": 0.7309,
        "weapon": 1,
        "pilot_injury": 0.7629,
        "pilot_skill": 0.34,
        "mission_priority": 0.1066,
        "estimated_landing_time": 758.0,
        "wait_time": 0,
        "Landing_success_rate": 1.0
    },
    {
        "model": 0,
        "sequence": 18,
        "status": 1,
        "fuel": 6574,
        "fault": 0.2457,
        "weapon": 1,
        "pilot_injury": 0.2938,
        "pilot_skill": 0.5004,
        "mission_priority": 0.6799,
        "estimated_landing_time": 1698.0,
        "wait_time": 0,
        "Landing_success_rate": 1.0
    },
    {
        "model": 1,
        "sequence": 15,
        "status": 1,
        "fuel": 5858,
        "fault": 0.7598,
        "weapon": 1,
        "pilot_injury": 0.6714,
        "pilot_skill": 0.31,
        "mission_priority": 0.6873,
        "estimated_landing_time": 1416.0,
        "wait_time": 0,
        "Landing_success_rate": 1.0
    },
    {
        "model": 0,
        "sequence": 7,
        "status": 1,
        "fuel": 6365,
        "fault": 0.3452,
        "weapon": 0,
        "pilot_injury": 0.3925,
        "pilot_skill": 0.4683,
        "mission_priority": 0.4326,
        "estimated_landing_time": 664.0,
        "wait_time": 0,
        "Landing_success_rate": 1.0
    },
    {
        "model": 2,
        "sequence": 1,
        "status": 1,
        "fuel": 7279,
        "fault": 0.9497,
        "weapon": 1,
        "pilot_injury": 0.3273,
        "pilot_skill": 0.475,
        "mission_priority": 0.7059,
        "estimated_landing_time": 100.0,
        "wait_time": 0,
        "Landing_success_rate": 1.0
    },
    {
        "model": 0,
        "sequence": 3,
        "status": 1,
        "fuel": 6258,
        "fault": 0.0025,
        "weapon": 0,
        "pilot_injury": 0.1089,
        "pilot_skill": 0.3687,
        "mission_priority": 0.5504,
        "estimated_landing_time": 288.0,
        "wait_time": 0,
        "Landing_success_rate": 1.0
    }
]