[
    {
        "model": 0,
        "sequence": 1,
        "status": 1,
        "fuel": 5614,
        "fault": 0.0584,
        "weapon": 0,
        "pilot_injury": 0.6783,
        "pilot_skill": 0.0843,
        "mission_priority": 0.807,
        "estimated_landing_time": 100.0,
        "wait_time": 0,
        "Landing_success_rate": 1.0
    },
    {
        "model": 2,
        "sequence": 4,
        "status": 1,
        "fuel": 6199,
        "fault": 0.5036,
        "weapon": 1,
        "pilot_injury": 0.0771,
        "pilot_skill": 0.5868,
        "mission_priority": 0.7409,
        "estimated_landing_time": 382.0,
        "wait_time": 0,
        "Landing_success_rate": 1.0
    },
    {
        "model": 2,
        "sequence": 16,
        "status": 1,
        "fuel": 5758,
        "fault": 0.6192,
        "weapon": 0,
        "pilot_injury": 0.775,
        "pilot_skill": 0.1326,
        "mission_priority": 0.7906,
        "estimated_landing_time": 1510.0,
        "wait_time": 0,
        "Landing_success_rate": 1.0
    },
    {
        "model": 2,
        "sequence": 8,
        "status": 1,
        "fuel": 6646,
        "fault": 0.42,
        "weapon": 0,
        "pilot_injury": 0.6529,
        "pilot_skill": 0.5008,
        "mission_priority": 0.8746,
        "estimated_landing_time": 758.0,
        "wait_time": 0,
        "Landing_success_rate": 1.0
    },
    {
        "model": 1,
        "sequence": 13,
        "status": 1,
        "fuel": 6184,
        "fault": 0.2213,
        "weapon": 0,
        "pilot_injury": 0.9428,
        "pilot_skill": 0.3733,
        "mission_priority": 0.6243,
        "estimated_landing_time": 1228.0,
        "wait_time": 0,
        "Landing_success_rate": 1.0
    },
    {
        "model": 2,
        "sequence": 6,
        "status": 1,
        "fuel": 5535,
        "fault": 0.8897,
        "weapon": 1,
        "pilot_injury": 0.551,
        "pilot_skill": 0.5546,
        "mission_priority": 0.3697,
        "estimated_landing_time": 570.0,
        "wait_time": 0,
        "Landing_success_rate": 1.0
    },
    {
        "model": 2,
        "sequence": 7,
        "status": 1,
        "fuel": 5691,
        "fault": 0.5812,
        "weapon": 0,
        "pilot_injury": 0.7951,
        "pilot_skill": 0.3577,
        "mission_priority": 0.9214,
        "estimated_landing_time": 664.0,
        "wait_time": 0,
        "Landing_success_rate": 1.0
    },
    {
        "model": 1,
        "sequence": 11,
        "status": 1,
        "fuel": 6453,
        "fault": 0.7762,
        "weapon": 0,
        "pilot_injury": 0.6895,
        "pilot_skill": 0.3444,
        "mission_priority": 0.0069,
        "estimated_landing_time": 1040.0,
        "wait_time": 0,
        "Landing_success_rate": 1.0
    },
    {
        "model": 1,
        "sequence": 2,
        "status": 1,
        "fuel": 5661,
        "fault": 0.1817,
        "weapon": 1,
        "pilot_injury": 0.9824,
        "pilot_skill": 0.4234,
        "mission_priority": 0.0705,
        "estimated_landing_time": 194.0,
        "wait_time": 0,
        "Landing_success_rate": 1.0
    },
    {
        "model": 0,
        "sequence": 14,
        "status": 1,
        "fuel": 6273,
        "fault": 0.2737,
        "weapon": 1,
        "pilot_injury": 0.1024,
        "pilot_skill": 0.5247,
        "mission_priority": 0.6046,
        "estimated_landing_time": 1322.0,
        "wait_time": 0,
        "Landing_success_rate": 1.0
    },
    {
        "model": 2,
        "sequence": 17,
        "status": 1,
        "fuel": 6271,
        "fault": 0.8132,
        "weapon": 0,
        "pilot_injury": 0.2754,
        "pilot_skill": 0.3552,
        "mission_priority": 0.8922,
        "estimated_landing_time": 1604.0,
        "wait_time": 0,
        "Landing_success_rate": 1.0
    },
    {
        "model": 2,
        "sequence": 18,
        "status": 1,
        "fuel": 5598,
        "fault": 0.8261,
        "weapon": 0,
        "pilot_injury": 0.4873,
        "pilot_skill": 0.4248,
        "mission_priority": 0.5267,
        "estimated_landing_time": 1698.0,
        "wait_time": 0,
        "Landing_success_rate": 1.0
    },
    {
        "model": 1,
        "sequence": 12,
        "status": 1,
        "fuel": 5886,
        "fault": 0.3829,
        "weapon": 1,
        "pilot_injury": 0.1454,
        "pilot_skill": 0.7096,
        "mission_priority": 0.3697,
        "estimated_landing_time": 1134.0,
        "wait_time": 0,
        "Landing_success_rate": 1.0
    },
    {
        "model": 0,
        "sequence": 5,
        "status": 1,
        "fuel": 6041,
        "fault": 0.1548,
        "weapon": 1,
        "pilot_injury": 0.8365,
        "pilot_skill": 0.0818,
        "mission_priority": 0.4827,
        "estimated_landing_time": 476.0,
        "wait_time": 0,
        "Landing_success_rate": 1.0
    },
    {
        "model": 2,
        "sequence": 3,
        "status": 1,
        "fuel": 5611,
        "fault": 0.2866,
        "weapon": 0,
        "pilot_injury": 0.4445,
        "pilot_skill": 0.0851,
        "mission_priority": 0.7507,
        "estimated_landing_time": 288.0,
        "wait_time": 0,
        "Landing_success_rate": 1.0
    },
    {
        "model": 1,
        "sequence": 9,
        "status": 1,
        "fuel": 5829,
        "fault": 0.8019,
        "weapon": 1,
        "pilot_injury": 0.3742,
        "pilot_skill": 0.3382,
        "mission_priority": 0.5855,
        "estimated_landing_time": 852.0,
        "wait_time": 0,
        "Landing_success_rate": 1.0
    },
    {
        "model": 1,
        "sequence": 15,
        "status": 1,
        "fuel": 6881,
        "fault": 0.0723,
        "weapon": 1,
        "pilot_injury": 0.2783,
        "pilot_skill": 0.5082,
        "mission_priority": 0.2671,
        "estimated_landing_time": 1416.0,
        "wait_time": 0,
        "Landing_success_rate": 1.0
    },
    {
        "model": 2,
        "sequence": 10,
        "status": 1,
        "fuel": 6454,
        "fault": 0.8789,
        "weapon": 0,
        "pilot_injury": 0.7023,
        "pilot_skill": 0.0844,
        "mission_priority": 0.1626,
        "estimated_landing_time": 946.0,
        "wait_time": 0,
        "Landing_success_rate": 1.0
    }
]