[
    {
        "model": 0,
        "sequence": 5,
        "status": 1,
        "fuel": 6477,
        "fault": 0.1711,
        "weapon": 1,
        "pilot_injury": 0.9575,
        "pilot_skill": 0.2221,
        "mission_priority": 0.1216,
        "estimated_landing_time": 476.0,
        "wait_time": 0,
        "Landing_success_rate": 1.0
    },
    {
        "model": 0,
        "sequence": 12,
        "status": 1,
        "fuel": 6191,
        "fault": 0.4226,
        "weapon": 0,
        "pilot_injury": 0.7649,
        "pilot_skill": 0.1047,
        "mission_priority": 0.8075,
        "estimated_landing_time": 1134.0,
        "wait_time": 0,
        "Landing_success_rate": 1.0
    },
    {
        "model": 2,
        "sequence": 4,
        "status": 1,
        "fuel": 7346,
        "fault": 0.5569,
        "weapon": 0,
        "pilot_injury": 0.9781,
        "pilot_skill": 0.1944,
        "mission_priority": 0.5044,
        "estimated_landing_time": 382.0,
        "wait_time": 0,
        "Landing_success_rate": 1.0
    },
    {
        "model": 2,
        "sequence": 6,
        "status": 1,
        "fuel": 6598,
        "fault": 0.6381,
        "weapon": 1,
        "pilot_injury": 0.0547,
        "pilot_skill": 0.1114,
        "mission_priority": 0.6021,
        "estimated_landing_time": 570.0,
        "wait_time": 0,
        "Landing_success_rate": 1.0
    },
    {
        "model": 2,
        "sequence": 16,
        "status": 1,
        "fuel": 5504,
        "fault": 0.9991,
        "weapon": 0,
        "pilot_injury": 0.3399,
        "pilot_skill": 0.201,
        "mission_priority": 0.0239,
        "estimated_landing_time": 1510.0,
        "wait_time": 0,
        "Landing_success_rate": 1.0
    },
    {
        "model": 0,
        "sequence": 3,
        "status": 1,
        "fuel": 5528,
        "fault": 0.6241,
        "weapon": 1,
        "pilot_injury": 0.012,
        "pilot_skill": 0.7739,
        "mission_priority": 0.7535,
        "estimated_landing_time": 288.0,
        "wait_time": 0,
        "Landing_success_rate": 1.0
    },
    {
        "model": 1,
        "sequence": 17,
        "status": 1,
        "fuel": 5892,
        "fault": 0.5835,
        "weapon": 0,
        "pilot_injury": 0.8781,
        "pilot_skill": 0.4751,
        "mission_priority": 0.1732,
        "estimated_landing_time": 1604.0,
        "wait_time": 0,
        "Landing_success_rate": 1.0
    },
    {
        "model": 1,
        "sequence": 15,
        "status": 1,
        "fuel": 6706,
        "fault": 0.6246,
        "weapon": 0,
        "pilot_injury": 0.376,
        "pilot_skill": 0.4967,
        "mission_priority": 0.3599,
        "estimated_landing_time": 1416.0,
        "wait_time": 0,
        "Landing_success_rate": 1.0
    },
    {
        "model": 2,
        "sequence": 13,
        "status": 1,
        "fuel": 6960,
        "fault": 0.6614,
        "weapon": 1,
        "pilot_injury": 0.3481,
        "pilot_skill": 0.3557,
        "mission_priority": 0.7383,
        "estimated_landing_time": 1228.0,
        "wait_time": 0,
        "Landing_success_rate": 1.0
    },
    {
        "model": 2,
        "sequence": 10,
        "status": 1,
        "fuel": 7224,
        "fault": 0.3262,
        "weapon": 1,
        "pilot_injury": 0.8138,
        "pilot_skill": 0.891,
        "mission_priority": 0.5906,
        "estimated_landing_time": 946.0,
        "wait_time": 0,
        "Landing_success_rate": 1.0
    },
    {
        "model": 2,
        "sequence": 9,
        "status": 1,
        "fuel": 6939,
        "fault": 0.7146,
        "weapon": 0,
        "pilot_injury": 0.5044,
        "pilot_skill": 0.4322,
        "mission_priority": 0.2624,
        "estimated_landing_time": 852.0,
        "wait_time": 0,
        "Landing_success_rate": 1.0
    },
    {
        "model": 1,
        "sequence": 2,
        "status": 1,
        "fuel": 6771,
        "fault": 0.9175,
        "weapon": 0,
        "pilot_injury": 0.2095,
        "pilot_skill": 0.9034,
        "mission_priority": 0.8853,
        "estimated_landing_time": 194.0,
        "wait_time": 0,
        "Landing_success_rate": 1.0
    },
    {
        "model": 1,
        "sequence": 7,
        "status": 1,
        "fuel": 5740,
        "fault": 0.1781,
        "weapon": 0,
        "pilot_injury": 0.3703,
        "pilot_skill": 0.7165,
        "mission_priority": 0.6081,
        "estimated_landing_time": 664.0,
        "wait_time": 0,
        "Landing_success_rate": 1.0
    },
    {
        "model": 2,
        "sequence": 8,
        "status": 1,
        "fuel": 7494,
        "fault": 0.4807,
        "weapon": 1,
        "pilot_injury": 0.6183,
        "pilot_skill": 0.9019,
        "mission_priority": 0.0858,
        "estimated_landing_time": 758.0,
        "wait_time": 0,
        "Landing_success_rate": 1.0
    },
    {
        "model": 0,
        "sequence": 11,
        "status": 1,
        "fuel": 7090,
        "fault": 0.1641,
        "weapon": 0,
        "pilot_injury": 0.686,
        "pilot_skill": 0.0896,
        "mission_priority": 0.8728,
        "estimated_landing_time": 1040.0,
        "wait_time": 0,
        "Landing_success_rate": 1.0
    },
    {
        "model": 1,
        "sequence": 14,
        "status": 1,
        "fuel": 6181,
        "fault": 0.0515,
        "weapon": 1,
        "pilot_injury": 0.0277,
        "pilot_skill": 0.1535,
        "mission_priority": 0.8003,
        "estimated_landing_time": 1322.0,
        "wait_time": 0,
        "Landing_success_rate": 1.0
    },
    {
        "model": 2,
        "sequence": 18,
        "status": 1,
        "fuel": 6672,
        "fault": 0.4679,
        "weapon": 1,
        "pilot_injury": 0.1157,
        "pilot_skill": 0.5265,
        "mission_priority": 0.0772,
        "estimated_landing_time": 1698.0,
        "wait_time": 0,
        "Landing_success_rate": 1.0
    },
    {
        "model": 1,
        "sequence": 1,
        "status": 1,
        "fuel": 6680,
        "fault": 0.1987,
        "weapon": 1,
        "pilot_injury": 0.0634,
        "pilot_skill": 0.893,
        "mission_priority": 0.1264,
        "estimated_landing_time": 100.0,
        "wait_time": 0,
        "Landing_success_rate": 1.0
    }
]