[
    {
        "model": 2,
        "sequence": 12,
        "status": 1,
        "fuel": 5863,
        "fault": 0.2434,
        "weapon": 0,
        "pilot_injury": 0.7891,
        "pilot_skill": 0.4541,
        "mission_priority": 0.4966,
        "estimated_landing_time": 1134.0,
        "wait_time": 0,
        "Landing_success_rate": 1.0
    },
    {
        "model": 2,
        "sequence": 15,
        "status": 1,
        "fuel": 6796,
        "fault": 0.592,
        "weapon": 1,
        "pilot_injury": 0.5278,
        "pilot_skill": 0.0534,
        "mission_priority": 0.9919,
        "estimated_landing_time": 1416.0,
        "wait_time": 0,
        "Landing_success_rate": 1.0
    },
    {
        "model": 2,
        "sequence": 8,
        "status": 1,
        "fuel": 6713,
        "fault": 0.6998,
        "weapon": 0,
        "pilot_injury": 0.7243,
        "pilot_skill": 0.2899,
        "mission_priority": 0.2221,
        "estimated_landing_time": 758.0,
        "wait_time": 0,
        "Landing_success_rate": 1.0
    },
    {
        "model": 0,
        "sequence": 11,
        "status": 1,
        "fuel": 6972,
        "fault": 0.545,
        "weapon": 1,
        "pilot_injury": 0.2497,
        "pilot_skill": 0.0674,
        "mission_priority": 0.6969,
        "estimated_landing_time": 1040.0,
        "wait_time": 0,
        "Landing_success_rate": 1.0
    },
    {
        "model": 1,
        "sequence": 18,
        "status": 1,
        "fuel": 6663,
        "fault": 0.3798,
        "weapon": 1,
        "pilot_injury": 0.7349,
        "pilot_skill": 0.6793,
        "mission_priority": 0.4814,
        "estimated_landing_time": 1698.0,
        "wait_time": 0,
        "Landing_success_rate": 1.0
    },
    {
        "model": 1,
        "sequence": 5,
        "status": 1,
        "fuel": 7077,
        "fault": 0.5822,
        "weapon": 0,
        "pilot_injury": 0.8934,
        "pilot_skill": 0.1906,
        "mission_priority": 0.2966,
        "estimated_landing_time": 476.0,
        "wait_time": 0,
        "Landing_success_rate": 1.0
    },
    {
        "model": 0,
        "sequence": 7,
        "status": 1,
        "fuel": 6739,
        "fault": 0.8746,
        "weapon": 0,
        "pilot_injury": 0.9718,
        "pilot_skill": 0.9629,
        "mission_priority": 0.7604,
        "estimated_landing_time": 664.0,
        "wait_time": 0,
        "Landing_success_rate": 1.0
    },
    {
        "model": 2,
        "sequence": 13,
        "status": 1,
        "fuel": 6358,
        "fault": 0.0091,
        "weapon": 1,
        "pilot_injury": 0.5535,
        "pilot_skill": 0.0035,
        "mission_priority": 0.5015,
        "estimated_landing_time": 1228.0,
        "wait_time": 0,
        "Landing_success_rate": 1.0
    },
    {
        "model": 2,
        "sequence": 10,
        "status": 1,
        "fuel": 6555,
        "fault": 0.1695,
        "weapon": 0,
        "pilot_injury": 0.2033,
        "pilot_skill": 0.2738,
        "mission_priority": 0.6236,
        "estimated_landing_time": 946.0,
        "wait_time": 0,
        "Landing_success_rate": 1.0
    },
    {
        "model": 0,
        "sequence": 4,
        "status": 1,
        "fuel": 6826,
        "fault": 0.649,
        "weapon": 1,
        "pilot_injury": 0.4227,
        "pilot_skill": 0.3533,
        "mission_priority": 0.8072,
        "estimated_landing_time": 382.0,
        "wait_time": 0,
        "Landing_success_rate": 1.0
    },
    {
        "model": 1,
        "sequence": 17,
        "status": 1,
        "fuel": 6630,
        "fault": 0.5637,
        "weapon": 1,
        "pilot_injury": 0.8782,
        "pilot_skill": 0.3683,
        "mission_priority": 0.859,
        "estimated_landing_time": 1604.0,
        "wait_time": 0,
        "Landing_success_rate": 1.0
    },
    {
        "model": 0,
        "sequence": 14,
        "status": 1,
        "fuel": 6130,
        "fault": 0.7682,
        "weapon": 1,
        "pilot_injury": 0.6128,
        "pilot_skill": 0.2853,
        "mission_priority": 0.1472,
        "estimated_landing_time": 1322.0,
        "wait_time": 0,
        "Landing_success_rate": 1.0
    },
    {
        "model": 0,
        "sequence": 1,
        "status": 1,
        "fuel": 6005,
        "fault": 0.6343,
        "weapon": 0,
        "pilot_injury": 0.7366,
        "pilot_skill": 0.838,
        "mission_priority": 0.8617,
        "estimated_landing_time": 100.0,
        "wait_time": 0,
        "Landing_success_rate": 1.0
    },
    {
        "model": 2,
        "sequence": 16,
        "status": 1,
        "fuel": 6199,
        "fault": 0.661,
        "weapon": 1,
        "pilot_injury": 0.5574,
        "pilot_skill": 0.0213,
        "mission_priority": 0.7427,
        "estimated_landing_time": 1510.0,
        "wait_time": 0,
        "Landing_success_rate": 1.0
    },
    {
        "model": 0,
        "sequence": 9,
        "status": 1,
        "fuel": 7210,
        "fault": 0.9852,
        "weapon": 0,
        "pilot_injury": 0.7688,
        "pilot_skill": 0.7526,
        "mission_priority": 0.8175,
        "estimated_landing_time": 852.0,
        "wait_time": 0,
        "Landing_success_rate": 1.0
    },
    {
        "model": 0,
        "sequence": 6,
        "status": 1,
        "fuel": 6228,
        "fault": 0.9946,
        "weapon": 1,
        "pilot_injury": 0.0238,
        "pilot_skill": 0.4812,
        "mission_priority": 0.2703,
        "estimated_landing_time": 570.0,
        "wait_time": 0,
        "Landing_success_rate": 1.0
    },
    {
        "model": 0,
        "sequence": 3,
        "status": 1,
        "fuel": 7054,
        "fault": 0.9701,
        "weapon": 0,
        "pilot_injury": 0.8224,
        "pilot_skill": 0.2969,
        "mission_priority": 0.2741,
        "estimated_landing_time": 288.0,
        "wait_time": 0,
        "Landing_success_rate": 1.0
    },
    {
        "model": 2,
        "sequence": 2,
        "status": 1,
        "fuel": 5716,
        "fault": 0.2436,
        "weapon": 1,
        "pilot_injury": 0.2542,
        "pilot_skill": 0.9106,
        "mission_priority": 0.5915,
        "estimated_landing_time": 194.0,
        "wait_time": 0,
        "Landing_success_rate": 1.0
    }
]