[
    {
        "model": 1,
        "sequence": 2,
        "status": 1,
        "fuel": 6317,
        "fault": 0.5006,
        "weapon": 0,
        "pilot_injury": 0.1807,
        "pilot_skill": 0.614,
        "mission_priority": 0.848,
        "estimated_landing_time": 194.0,
        "wait_time": 0,
        "Landing_success_rate": 1.0
    },
    {
        "model": 0,
        "sequence": 8,
        "status": 1,
        "fuel": 7205,
        "fault": 0.7198,
        "weapon": 1,
        "pilot_injury": 0.9717,
        "pilot_skill": 0.772,
        "mission_priority": 0.2868,
        "estimated_landing_time": 758.0,
        "wait_time": 0,
        "Landing_success_rate": 1.0
    },
    {
        "model": 2,
        "sequence": 5,
        "status": 1,
        "fuel": 6377,
        "fault": 0.888,
        "weapon": 1,
        "pilot_injury": 0.9939,
        "pilot_skill": 0.4127,
        "mission_priority": 0.1991,
        "estimated_landing_time": 476.0,
        "wait_time": 0,
        "Landing_success_rate": 1.0
    },
    {
        "model": 0,
        "sequence": 3,
        "status": 1,
        "fuel": 6645,
        "fault": 0.509,
        "weapon": 0,
        "pilot_injury": 0.6909,
        "pilot_skill": 0.7882,
        "mission_priority": 0.8432,
        "estimated_landing_time": 288.0,
        "wait_time": 0,
        "Landing_success_rate": 1.0
    },
    {
        "model": 1,
        "sequence": 7,
        "status": 1,
        "fuel": 7157,
        "fault": 0.6106,
        "weapon": 0,
        "pilot_injury": 0.6677,
        "pilot_skill": 0.4038,
        "mission_priority": 0.6673,
        "estimated_landing_time": 664.0,
        "wait_time": 0,
        "Landing_success_rate": 1.0
    },
    {
        "model": 1,
        "sequence": 10,
        "status": 1,
        "fuel": 5665,
        "fault": 0.2571,
        "weapon": 0,
        "pilot_injury": 0.2965,
        "pilot_skill": 0.3437,
        "mission_priority": 0.5513,
        "estimated_landing_time": 946.0,
        "wait_time": 0,
        "Landing_success_rate": 1.0
    },
    {
        "model": 0,
        "sequence": 18,
        "status": 1,
        "fuel": 7099,
        "fault": 0.725,
        "weapon": 1,
        "pilot_injury": 0.1389,
        "pilot_skill": 0.1328,
        "mission_priority": 0.1977,
        "estimated_landing_time": 1698.0,
        "wait_time": 0,
        "Landing_success_rate": 1.0
    },
    {
        "model": 0,
        "sequence": 12,
        "status": 1,
        "fuel": 6582,
        "fault": 0.5429,
        "weapon": 1,
        "pilot_injury": 0.3681,
        "pilot_skill": 0.9316,
        "mission_priority": 0.8472,
        "estimated_landing_time": 1134.0,
        "wait_time": 0,
        "Landing_success_rate": 1.0
    },
    {
        "model": 1,
        "sequence": 1,
        "status": 1,
        "fuel": 5675,
        "fault": 0.1764,
        "weapon": 1,
        "pilot_injury": 0.8665,
        "pilot_skill": 0.7786,
        "mission_priority": 0.9532,
        "estimated_landing_time": 100.0,
        "wait_time": 0,
        "Landing_success_rate": 1.0
    },
    {
        "model": 2,
        "sequence": 17,
        "status": 1,
        "fuel": 6179,
        "fault": 0.077,
        "weapon": 1,
        "pilot_injury": 0.175,
        "pilot_skill": 0.9291,
        "mission_priority": 0.6056,
        "estimated_landing_time": 1604.0,
        "wait_time": 0,
        "Landing_success_rate": 1.0
    },
    {
        "model": 0,
        "sequence": 16,
        "status": 1,
        "fuel": 6941,
        "fault": 0.9974,
        "weapon": 0,
        "pilot_injury": 0.8296,
        "pilot_skill": 0.9291,
        "mission_priority": 0.7297,
        "estimated_landing_time": 1510.0,
        "wait_time": 0,
        "Landing_success_rate": 1.0
    },
    {
        "model": 0,
        "sequence": 4,
        "status": 1,
        "fuel": 6303,
        "fault": 0.7626,
        "weapon": 1,
        "pilot_injury": 0.467,
        "pilot_skill": 0.8852,
        "mission_priority": 0.7859,
        "estimated_landing_time": 382.0,
        "wait_time": 0,
        "Landing_success_rate": 1.0
    },
    {
        "model": 2,
        "sequence": 14,
        "status": 1,
        "fuel": 5767,
        "fault": 0.0124,
        "weapon": 0,
        "pilot_injury": 0.0395,
        "pilot_skill": 0.1304,
        "mission_priority": 0.5814,
        "estimated_landing_time": 1322.0,
        "wait_time": 0,
        "Landing_success_rate": 1.0
    },
    {
        "model": 0,
        "sequence": 15,
        "status": 1,
        "fuel": 7008,
        "fault": 0.9792,
        "weapon": 1,
        "pilot_injury": 0.6948,
        "pilot_skill": 0.294,
        "mission_priority": 0.1615,
        "estimated_landing_time": 1416.0,
        "wait_time": 0,
        "Landing_success_rate": 1.0
    },
    {
        "model": 2,
        "sequence": 13,
        "status": 1,
        "fuel": 6186,
        "fault": 0.2431,
        "weapon": 1,
        "pilot_injury": 0.6535,
        "pilot_skill": 0.5651,
        "mission_priority": 0.1075,
        "estimated_landing_time": 1228.0,
        "wait_time": 0,
        "Landing_success_rate": 1.0
    },
    {
        "model": 1,
        "sequence": 11,
        "status": 1,
        "fuel": 5722,
        "fault": 0.6211,
        "weapon": 1,
        "pilot_injury": 0.3616,
        "pilot_skill": 0.6738,
        "mission_priority": 0.6322,
        "estimated_landing_time": 1040.0,
        "wait_time": 0,
        "Landing_success_rate": 1.0
    },
    {
        "model": 0,
        "sequence": 9,
        "status": 1,
        "fuel": 6322,
        "fault": 0.9846,
        "weapon": 0,
        "pilot_injury": 0.4966,
        "pilot_skill": 0.5,
        "mission_priority": 0.6741,
        "estimated_landing_time": 852.0,
        "wait_time": 0,
        "Landing_success_rate": 1.0
    },
    {
        "model": 2,
        "sequence": 6,
        "status": 1,
        "fuel": 6101,
        "fault": 0.806,
        "weapon": 1,
        "pilot_injury": 0.5188,
        "pilot_skill": 0.9099,
        "mission_priority": 0.9674,
        "estimated_landing_time": 570.0,
        "wait_time": 0,
        "Landing_success_rate": 1.0
    }
]