[
    {
        "model": 0,
        "sequence": 10,
        "status": 1,
        "fuel": 6487,
        "fault": 0.7705,
        "weapon": 1,
        "pilot_injury": 0.127,
        "pilot_skill": 0.6956,
        "mission_priority": 0.5323,
        "estimated_landing_time": 946.0,
        "wait_time": 0,
        "Landing_success_rate": 1.0
    },
    {
        "model": 1,
        "sequence": 9,
        "status": 1,
        "fuel": 7253,
        "fault": 0.0023,
        "weapon": 1,
        "pilot_injury": 0.292,
        "pilot_skill": 0.0695,
        "mission_priority": 0.8792,
        "estimated_landing_time": 852.0,
        "wait_time": 0,
        "Landing_success_rate": 1.0
    },
    {
        "model": 2,
        "sequence": 4,
        "status": 1,
        "fuel": 5618,
        "fault": 0.535,
        "weapon": 0,
        "pilot_injury": 0.6075,
        "pilot_skill": 0.4953,
        "mission_priority": 0.743,
        "estimated_landing_time": 382.0,
        "wait_time": 0,
        "Landing_success_rate": 1.0
    },
    {
        "model": 0,
        "sequence": 7,
        "status": 1,
        "fuel": 6925,
        "fault": 0.7722,
        "weapon": 0,
        "pilot_injury": 0.8473,
        "pilot_skill": 0.0566,
        "mission_priority": 0.8078,
        "estimated_landing_time": 664.0,
        "wait_time": 0,
        "Landing_success_rate": 1.0
    },
    {
        "model": 1,
        "sequence": 14,
        "status": 1,
        "fuel": 6308,
        "fault": 0.7459,
        "weapon": 1,
        "pilot_injury": 0.477,
        "pilot_skill": 0.9985,
        "mission_priority": 0.3879,
        "estimated_landing_time": 1322.0,
        "wait_time": 0,
        "Landing_success_rate": 1.0
    },
    {
        "model": 1,
        "sequence": 13,
        "status": 1,
        "fuel": 6944,
        "fault": 0.6386,
        "weapon": 0,
        "pilot_injury": 0.6817,
        "pilot_skill": 0.6437,
        "mission_priority": 0.0865,
        "estimated_landing_time": 1228.0,
        "wait_time": 0,
        "Landing_success_rate": 1.0
    },
    {
        "model": 2,
        "sequence": 8,
        "status": 1,
        "fuel": 5745,
        "fault": 0.2182,
        "weapon": 1,
        "pilot_injury": 0.3884,
        "pilot_skill": 0.7822,
        "mission_priority": 0.9443,
        "estimated_landing_time": 758.0,
        "wait_time": 0,
        "Landing_success_rate": 1.0
    },
    {
        "model": 0,
        "sequence": 17,
        "status": 1,
        "fuel": 6226,
        "fault": 0.8622,
        "weapon": 1,
        "pilot_injury": 0.5049,
        "pilot_skill": 0.8166,
        "mission_priority": 0.9931,
        "estimated_landing_time": 1604.0,
        "wait_time": 0,
        "Landing_success_rate": 1.0
    },
    {
        "model": 1,
        "sequence": 5,
        "status": 1,
        "fuel": 6992,
        "fault": 0.377,
        "weapon": 0,
        "pilot_injury": 0.2187,
        "pilot_skill": 0.1988,
        "mission_priority": 0.8562,
        "estimated_landing_time": 476.0,
        "wait_time": 0,
        "Landing_success_rate": 1.0
    },
    {
        "model": 2,
        "sequence": 18,
        "status": 1,
        "fuel": 5692,
        "fault": 0.5677,
        "weapon": 1,
        "pilot_injury": 0.9558,
        "pilot_skill": 0.35,
        "mission_priority": 0.6276,
        "estimated_landing_time": 1698.0,
        "wait_time": 0,
        "Landing_success_rate": 1.0
    },
    {
        "model": 2,
        "sequence": 1,
        "status": 1,
        "fuel": 6100,
        "fault": 0.2333,
        "weapon": 0,
        "pilot_injury": 0.6324,
        "pilot_skill": 0.3103,
        "mission_priority": 0.6406,
        "estimated_landing_time": 100.0,
        "wait_time": 0,
        "Landing_success_rate": 1.0
    },
    {
        "model": 2,
        "sequence": 16,
        "status": 1,
        "fuel": 7362,
        "fault": 0.041,
        "weapon": 0,
        "pilot_injury": 0.7305,
        "pilot_skill": 0.3198,
        "mission_priority": 0.4508,
        "estimated_landing_time": 1510.0,
        "wait_time": 0,
        "Landing_success_rate": 1.0
    },
    {
        "model": 2,
        "sequence": 3,
        "status": 1,
        "fuel": 7078,
        "fault": 0.7439,
        "weapon": 0,
        "pilot_injury": 0.5209,
        "pilot_skill": 0.1008,
        "mission_priority": 0.5706,
        "estimated_landing_time": 288.0,
        "wait_time": 0,
        "Landing_success_rate": 1.0
    },
    {
        "model": 2,
        "sequence": 12,
        "status": 1,
        "fuel": 6966,
        "fault": 0.0264,
        "weapon": 1,
        "pilot_injury": 0.4344,
        "pilot_skill": 0.2811,
        "mission_priority": 0.067,
        "estimated_landing_time": 1134.0,
        "wait_time": 0,
        "Landing_success_rate": 1.0
    },
    {
        "model": 1,
        "sequence": 2,
        "status": 1,
        "fuel": 5892,
        "fault": 0.2601,
        "weapon": 1,
        "pilot_injury": 0.3551,
        "pilot_skill": 0.3665,
        "mission_priority": 0.4298,
        "estimated_landing_time": 194.0,
        "wait_time": 0,
        "Landing_success_rate": 1.0
    },
    {
        "model": 2,
        "sequence": 11,
        "status": 1,
        "fuel": 5848,
        "fault": 0.9743,
        "weapon": 0,
        "pilot_injury": 0.736,
        "pilot_skill": 0.3373,
        "mission_priority": 0.6136,
        "estimated_landing_time": 1040.0,
        "wait_time": 0,
        "Landing_success_rate": 1.0
    },
    {
        "model": 0,
        "sequence": 15,
        "status": 1,
        "fuel": 6888,
        "fault": 0.9483,
        "weapon": 0,
        "pilot_injury": 0.3154,
        "pilot_skill": 0.605,
        "mission_priority": 0.22,
        "estimated_landing_time": 1416.0,
        "wait_time": 0,
        "Landing_success_rate": 1.0
    },
    {
        "model": 0,
        "sequence": 6,
        "status": 1,
        "fuel": 6093,
        "fault": 0.7788,
        "weapon": 0,
        "pilot_injury": 0.1828,
        "pilot_skill": 0.1237,
        "mission_priority": 0.9736,
        "estimated_landing_time": 570.0,
        "wait_time": 0,
        "Landing_success_rate": 1.0
    }
]