[
    {
        "model": 1,
        "sequence": 5,
        "status": 1,
        "fuel": 6992,
        "fault": 0.3171,
        "weapon": 0,
        "pilot_injury": 0.5919,
        "pilot_skill": 0.6588,
        "mission_priority": 0.5481,
        "estimated_landing_time": 476.0,
        "wait_time": 0,
        "Landing_success_rate": 1.0
    },
    {
        "model": 2,
        "sequence": 18,
        "status": 1,
        "fuel": 5777,
        "fault": 0.4426,
        "weapon": 0,
        "pilot_injury": 0.3325,
        "pilot_skill": 0.2249,
        "mission_priority": 0.9455,
        "estimated_landing_time": 1698.0,
        "wait_time": 0,
        "Landing_success_rate": 1.0
    },
    {
        "model": 1,
        "sequence": 13,
        "status": 1,
        "fuel": 6282,
        "fault": 0.775,
        "weapon": 0,
        "pilot_injury": 0.8968,
        "pilot_skill": 0.1427,
        "mission_priority": 0.5846,
        "estimated_landing_time": 1228.0,
        "wait_time": 0,
        "Landing_success_rate": 1.0
    },
    {
        "model": 0,
        "sequence": 4,
        "status": 1,
        "fuel": 6143,
        "fault": 0.8782,
        "weapon": 1,
        "pilot_injury": 0.8441,
        "pilot_skill": 0.7696,
        "mission_priority": 0.4861,
        "estimated_landing_time": 382.0,
        "wait_time": 0,
        "Landing_success_rate": 1.0
    },
    {
        "model": 2,
        "sequence": 10,
        "status": 1,
        "fuel": 7321,
        "fault": 0.1719,
        "weapon": 1,
        "pilot_injury": 0.6242,
        "pilot_skill": 0.5171,
        "mission_priority": 0.8854,
        "estimated_landing_time": 946.0,
        "wait_time": 0,
        "Landing_success_rate": 1.0
    },
    {
        "model": 0,
        "sequence": 2,
        "status": 1,
        "fuel": 5556,
        "fault": 0.1384,
        "weapon": 0,
        "pilot_injury": 0.8584,
        "pilot_skill": 0.393,
        "mission_priority": 0.7724,
        "estimated_landing_time": 194.0,
        "wait_time": 0,
        "Landing_success_rate": 1.0
    },
    {
        "model": 1,
        "sequence": 3,
        "status": 1,
        "fuel": 7205,
        "fault": 0.9331,
        "weapon": 1,
        "pilot_injury": 0.5104,
        "pilot_skill": 0.1649,
        "mission_priority": 0.136,
        "estimated_landing_time": 288.0,
        "wait_time": 0,
        "Landing_success_rate": 1.0
    },
    {
        "model": 0,
        "sequence": 17,
        "status": 1,
        "fuel": 7009,
        "fault": 0.2826,
        "weapon": 0,
        "pilot_injury": 0.6033,
        "pilot_skill": 0.8547,
        "mission_priority": 0.3897,
        "estimated_landing_time": 1604.0,
        "wait_time": 0,
        "Landing_success_rate": 1.0
    },
    {
        "model": 0,
        "sequence": 6,
        "status": 1,
        "fuel": 7141,
        "fault": 0.1023,
        "weapon": 1,
        "pilot_injury": 0.3658,
        "pilot_skill": 0.073,
        "mission_priority": 0.9192,
        "estimated_landing_time": 570.0,
        "wait_time": 0,
        "Landing_success_rate": 1.0
    },
    {
        "model": 0,
        "sequence": 7,
        "status": 1,
        "fuel": 7320,
        "fault": 0.4552,
        "weapon": 1,
        "pilot_injury": 0.4925,
        "pilot_skill": 0.5328,
        "mission_priority": 0.8462,
        "estimated_landing_time": 664.0,
        "wait_time": 0,
        "Landing_success_rate": 1.0
    },
    {
        "model": 0,
        "sequence": 16,
        "status": 1,
        "fuel": 6338,
        "fault": 0.3641,
        "weapon": 1,
        "pilot_injury": 0.9614,
        "pilot_skill": 0.9686,
        "mission_priority": 0.0384,
        "estimated_landing_time": 1510.0,
        "wait_time": 0,
        "Landing_success_rate": 1.0
    },
    {
        "model": 1,
        "sequence": 11,
        "status": 1,
        "fuel": 5609,
        "fault": 0.3718,
        "weapon": 1,
        "pilot_injury": 0.632,
        "pilot_skill": 0.6426,
        "mission_priority": 0.7846,
        "estimated_landing_time": 1040.0,
        "wait_time": 0,
        "Landing_success_rate": 1.0
    },
    {
        "model": 0,
        "sequence": 12,
        "status": 1,
        "fuel": 7392,
        "fault": 0.3571,
        "weapon": 0,
        "pilot_injury": 0.9594,
        "pilot_skill": 0.3617,
        "mission_priority": 0.2949,
        "estimated_landing_time": 1134.0,
        "wait_time": 0,
        "Landing_success_rate": 1.0
    },
    {
        "model": 0,
        "sequence": 8,
        "status": 1,
        "fuel": 6495,
        "fault": 0.199,
        "weapon": 0,
        "pilot_injury": 0.5559,
        "pilot_skill": 0.1557,
        "mission_priority": 0.5798,
        "estimated_landing_time": 758.0,
        "wait_time": 0,
        "Landing_success_rate": 1.0
    },
    {
        "model": 0,
        "sequence": 15,
        "status": 1,
        "fuel": 6967,
        "fault": 0.4234,
        "weapon": 0,
        "pilot_injury": 0.3827,
        "pilot_skill": 0.2455,
        "mission_priority": 0.3309,
        "estimated_landing_time": 1416.0,
        "wait_time": 0,
        "Landing_success_rate": 1.0
    },
    {
        "model": 0,
        "sequence": 14,
        "status": 1,
        "fuel": 5994,
        "fault": 0.4744,
        "weapon": 1,
        "pilot_injury": 0.7828,
        "pilot_skill": 0.709,
        "mission_priority": 0.2693,
        "estimated_landing_time": 1322.0,
        "wait_time": 0,
        "Landing_success_rate": 1.0
    },
    {
        "model": 1,
        "sequence": 1,
        "status": 1,
        "fuel": 6214,
        "fault": 0.2188,
        "weapon": 0,
        "pilot_injury": 0.5967,
        "pilot_skill": 0.2114,
        "mission_priority": 0.0126,
        "estimated_landing_time": 100.0,
        "wait_time": 0,
        "Landing_success_rate": 1.0
    },
    {
        "model": 0,
        "sequence": 9,
        "status": 1,
        "fuel": 6310,
        "fault": 0.1771,
        "weapon": 0,
        "pilot_injury": 0.6899,
        "pilot_skill": 0.8578,
        "mission_priority": 0.1447,
        "estimated_landing_time": 852.0,
        "wait_time": 0,
        "Landing_success_rate": 1.0
    }
]