[
    {
        "model": 0,
        "sequence": 5,
        "status": 1,
        "fuel": 6800,
        "fault": 0.249,
        "weapon": 0,
        "pilot_injury": 0.6526,
        "pilot_skill": 0.0131,
        "mission_priority": 0.407,
        "estimated_landing_time": 476.0,
        "wait_time": 0,
        "Landing_success_rate": 1.0
    },
    {
        "model": 0,
        "sequence": 11,
        "status": 1,
        "fuel": 6696,
        "fault": 0.3619,
        "weapon": 1,
        "pilot_injury": 0.4981,
        "pilot_skill": 0.6004,
        "mission_priority": 0.5835,
        "estimated_landing_time": 1040.0,
        "wait_time": 0,
        "Landing_success_rate": 1.0
    },
    {
        "model": 1,
        "sequence": 16,
        "status": 1,
        "fuel": 6369,
        "fault": 0.8222,
        "weapon": 1,
        "pilot_injury": 0.8867,
        "pilot_skill": 0.7373,
        "mission_priority": 0.0789,
        "estimated_landing_time": 1510.0,
        "wait_time": 0,
        "Landing_success_rate": 1.0
    },
    {
        "model": 2,
        "sequence": 8,
        "status": 1,
        "fuel": 6043,
        "fault": 0.7321,
        "weapon": 0,
        "pilot_injury": 0.7117,
        "pilot_skill": 0.5174,
        "mission_priority": 0.2506,
        "estimated_landing_time": 758.0,
        "wait_time": 0,
        "Landing_success_rate": 1.0
    },
    {
        "model": 1,
        "sequence": 13,
        "status": 1,
        "fuel": 6132,
        "fault": 0.5138,
        "weapon": 0,
        "pilot_injury": 0.6652,
        "pilot_skill": 0.6291,
        "mission_priority": 0.193,
        "estimated_landing_time": 1228.0,
        "wait_time": 0,
        "Landing_success_rate": 1.0
    },
    {
        "model": 0,
        "sequence": 7,
        "status": 1,
        "fuel": 6909,
        "fault": 0.3892,
        "weapon": 1,
        "pilot_injury": 0.0169,
        "pilot_skill": 0.6413,
        "mission_priority": 0.7667,
        "estimated_landing_time": 664.0,
        "wait_time": 0,
        "Landing_success_rate": 1.0
    },
    {
        "model": 1,
        "sequence": 15,
        "status": 1,
        "fuel": 5878,
        "fault": 0.6987,
        "weapon": 1,
        "pilot_injury": 0.8191,
        "pilot_skill": 0.1418,
        "mission_priority": 0.3708,
        "estimated_landing_time": 1416.0,
        "wait_time": 0,
        "Landing_success_rate": 1.0
    },
    {
        "model": 2,
        "sequence": 6,
        "status": 1,
        "fuel": 6241,
        "fault": 0.1009,
        "weapon": 1,
        "pilot_injury": 0.8624,
        "pilot_skill": 0.5304,
        "mission_priority": 0.4759,
        "estimated_landing_time": 570.0,
        "wait_time": 0,
        "Landing_success_rate": 1.0
    },
    {
        "model": 0,
        "sequence": 4,
        "status": 1,
        "fuel": 6046,
        "fault": 0.5445,
        "weapon": 0,
        "pilot_injury": 0.5787,
        "pilot_skill": 0.434,
        "mission_priority": 0.3728,
        "estimated_landing_time": 382.0,
        "wait_time": 0,
        "Landing_success_rate": 1.0
    },
    {
        "model": 2,
        "sequence": 2,
        "status": 1,
        "fuel": 5963,
        "fault": 0.0766,
        "weapon": 1,
        "pilot_injury": 0.3435,
        "pilot_skill": 0.9937,
        "mission_priority": 0.3362,
        "estimated_landing_time": 194.0,
        "wait_time": 0,
        "Landing_success_rate": 1.0
    },
    {
        "model": 1,
        "sequence": 1,
        "status": 1,
        "fuel": 6921,
        "fault": 0.09,
        "weapon": 0,
        "pilot_injury": 0.5908,
        "pilot_skill": 0.911,
        "mission_priority": 0.7879,
        "estimated_landing_time": 100.0,
        "wait_time": 0,
        "Landing_success_rate": 1.0
    },
    {
        "model": 2,
        "sequence": 18,
        "status": 1,
        "fuel": 6927,
        "fault": 0.1149,
        "weapon": 1,
        "pilot_injury": 0.9205,
        "pilot_skill": 0.2351,
        "mission_priority": 0.4584,
        "estimated_landing_time": 1698.0,
        "wait_time": 0,
        "Landing_success_rate": 1.0
    },
    {
        "model": 1,
        "sequence": 12,
        "status": 1,
        "fuel": 5601,
        "fault": 0.6388,
        "weapon": 1,
        "pilot_injury": 0.6523,
        "pilot_skill": 0.4018,
        "mission_priority": 0.6163,
        "estimated_landing_time": 1134.0,
        "wait_time": 0,
        "Landing_success_rate": 1.0
    },
    {
        "model": 0,
        "sequence": 17,
        "status": 1,
        "fuel": 7405,
        "fault": 0.6608,
        "weapon": 1,
        "pilot_injury": 0.3531,
        "pilot_skill": 0.8038,
        "mission_priority": 0.6011,
        "estimated_landing_time": 1604.0,
        "wait_time": 0,
        "Landing_success_rate": 1.0
    },
    {
        "model": 0,
        "sequence": 3,
        "status": 1,
        "fuel": 6096,
        "fault": 0.8026,
        "weapon": 1,
        "pilot_injury": 0.4858,
        "pilot_skill": 0.2424,
        "mission_priority": 0.6739,
        "estimated_landing_time": 288.0,
        "wait_time": 0,
        "Landing_success_rate": 1.0
    },
    {
        "model": 0,
        "sequence": 10,
        "status": 1,
        "fuel": 5825,
        "fault": 0.846,
        "weapon": 0,
        "pilot_injury": 0.2299,
        "pilot_skill": 0.5572,
        "mission_priority": 0.2538,
        "estimated_landing_time": 946.0,
        "wait_time": 0,
        "Landing_success_rate": 1.0
    },
    {
        "model": 2,
        "sequence": 9,
        "status": 1,
        "fuel": 6232,
        "fault": 0.5162,
        "weapon": 0,
        "pilot_injury": 0.2919,
        "pilot_skill": 0.2157,
        "mission_priority": 0.7167,
        "estimated_landing_time": 852.0,
        "wait_time": 0,
        "Landing_success_rate": 1.0
    },
    {
        "model": 1,
        "sequence": 14,
        "status": 1,
        "fuel": 5660,
        "fault": 0.9677,
        "weapon": 1,
        "pilot_injury": 0.6143,
        "pilot_skill": 0.6039,
        "mission_priority": 0.3601,
        "estimated_landing_time": 1322.0,
        "wait_time": 0,
        "Landing_success_rate": 1.0
    }
]