[
    {
        "model": 2,
        "sequence": 4,
        "status": 1,
        "fuel": 6837,
        "fault": 0.7724,
        "weapon": 1,
        "pilot_injury": 0.9387,
        "pilot_skill": 0.5615,
        "mission_priority": 0.3568,
        "estimated_landing_time": 382.0,
        "wait_time": 0,
        "Landing_success_rate": 1.0
    },
    {
        "model": 0,
        "sequence": 18,
        "status": 1,
        "fuel": 6644,
        "fault": 0.9662,
        "weapon": 0,
        "pilot_injury": 0.5571,
        "pilot_skill": 0.946,
        "mission_priority": 0.1822,
        "estimated_landing_time": 1698.0,
        "wait_time": 0,
        "Landing_success_rate": 1.0
    },
    {
        "model": 1,
        "sequence": 15,
        "status": 1,
        "fuel": 6718,
        "fault": 0.3308,
        "weapon": 1,
        "pilot_injury": 0.1756,
        "pilot_skill": 0.8667,
        "mission_priority": 0.262,
        "estimated_landing_time": 1416.0,
        "wait_time": 0,
        "Landing_success_rate": 1.0
    },
    {
        "model": 1,
        "sequence": 2,
        "status": 1,
        "fuel": 6787,
        "fault": 0.2667,
        "weapon": 0,
        "pilot_injury": 0.386,
        "pilot_skill": 0.0087,
        "mission_priority": 0.7212,
        "estimated_landing_time": 194.0,
        "wait_time": 0,
        "Landing_success_rate": 1.0
    },
    {
        "model": 1,
        "sequence": 17,
        "status": 1,
        "fuel": 7065,
        "fault": 0.7829,
        "weapon": 0,
        "pilot_injury": 0.5703,
        "pilot_skill": 0.3513,
        "mission_priority": 0.0666,
        "estimated_landing_time": 1604.0,
        "wait_time": 0,
        "Landing_success_rate": 1.0
    },
    {
        "model": 0,
        "sequence": 10,
        "status": 1,
        "fuel": 6986,
        "fault": 0.1413,
        "weapon": 1,
        "pilot_injury": 0.9713,
        "pilot_skill": 0.2458,
        "mission_priority": 0.827,
        "estimated_landing_time": 946.0,
        "wait_time": 0,
        "Landing_success_rate": 1.0
    },
    {
        "model": 1,
        "sequence": 11,
        "status": 1,
        "fuel": 7294,
        "fault": 0.1489,
        "weapon": 0,
        "pilot_injury": 0.4017,
        "pilot_skill": 0.7033,
        "mission_priority": 0.5286,
        "estimated_landing_time": 1040.0,
        "wait_time": 0,
        "Landing_success_rate": 1.0
    },
    {
        "model": 0,
        "sequence": 7,
        "status": 1,
        "fuel": 6137,
        "fault": 0.9963,
        "weapon": 0,
        "pilot_injury": 0.5572,
        "pilot_skill": 0.1892,
        "mission_priority": 0.0554,
        "estimated_landing_time": 664.0,
        "wait_time": 0,
        "Landing_success_rate": 1.0
    },
    {
        "model": 0,
        "sequence": 3,
        "status": 1,
        "fuel": 5778,
        "fault": 0.605,
        "weapon": 0,
        "pilot_injury": 0.906,
        "pilot_skill": 0.4139,
        "mission_priority": 0.4339,
        "estimated_landing_time": 288.0,
        "wait_time": 0,
        "Landing_success_rate": 1.0
    },
    {
        "model": 2,
        "sequence": 1,
        "status": 1,
        "fuel": 5581,
        "fault": 0.5536,
        "weapon": 1,
        "pilot_injury": 0.8716,
        "pilot_skill": 0.4276,
        "mission_priority": 0.9308,
        "estimated_landing_time": 100.0,
        "wait_time": 0,
        "Landing_success_rate": 1.0
    },
    {
        "model": 1,
        "sequence": 9,
        "status": 1,
        "fuel": 5591,
        "fault": 0.7735,
        "weapon": 1,
        "pilot_injury": 0.7782,
        "pilot_skill": 0.5559,
        "mission_priority": 0.6612,
        "estimated_landing_time": 852.0,
        "wait_time": 0,
        "Landing_success_rate": 1.0
    },
    {
        "model": 2,
        "sequence": 14,
        "status": 1,
        "fuel": 7188,
        "fault": 0.0677,
        "weapon": 0,
        "pilot_injury": 0.5076,
        "pilot_skill": 0.2025,
        "mission_priority": 0.1263,
        "estimated_landing_time": 1322.0,
        "wait_time": 0,
        "Landing_success_rate": 1.0
    },
    {
        "model": 0,
        "sequence": 5,
        "status": 1,
        "fuel": 7309,
        "fault": 0.9074,
        "weapon": 1,
        "pilot_injury": 0.9321,
        "pilot_skill": 0.5866,
        "mission_priority": 0.4203,
        "estimated_landing_time": 476.0,
        "wait_time": 0,
        "Landing_success_rate": 1.0
    },
    {
        "model": 2,
        "sequence": 6,
        "status": 1,
        "fuel": 6981,
        "fault": 0.7061,
        "weapon": 1,
        "pilot_injury": 0.4563,
        "pilot_skill": 0.5611,
        "mission_priority": 0.3135,
        "estimated_landing_time": 570.0,
        "wait_time": 0,
        "Landing_success_rate": 1.0
    },
    {
        "model": 1,
        "sequence": 12,
        "status": 1,
        "fuel": 5875,
        "fault": 0.6826,
        "weapon": 0,
        "pilot_injury": 0.7123,
        "pilot_skill": 0.9889,
        "mission_priority": 0.4956,
        "estimated_landing_time": 1134.0,
        "wait_time": 0,
        "Landing_success_rate": 1.0
    },
    {
        "model": 0,
        "sequence": 13,
        "status": 1,
        "fuel": 7259,
        "fault": 0.7069,
        "weapon": 0,
        "pilot_injury": 0.3894,
        "pilot_skill": 0.9221,
        "mission_priority": 0.3505,
        "estimated_landing_time": 1228.0,
        "wait_time": 0,
        "Landing_success_rate": 1.0
    },
    {
        "model": 2,
        "sequence": 8,
        "status": 1,
        "fuel": 7482,
        "fault": 0.7736,
        "weapon": 0,
        "pilot_injury": 0.1268,
        "pilot_skill": 0.334,
        "mission_priority": 0.4744,
        "estimated_landing_time": 758.0,
        "wait_time": 0,
        "Landing_success_rate": 1.0
    },
    {
        "model": 1,
        "sequence": 16,
        "status": 1,
        "fuel": 6375,
        "fault": 0.8631,
        "weapon": 0,
        "pilot_injury": 0.4686,
        "pilot_skill": 0.5366,
        "mission_priority": 0.6254,
        "estimated_landing_time": 1510.0,
        "wait_time": 0,
        "Landing_success_rate": 1.0
    }
]