[
    {
        "model": 2,
        "sequence": 15,
        "status": 1,
        "fuel": 7228,
        "fault": 0.5136,
        "weapon": 0,
        "pilot_injury": 0.9964,
        "pilot_skill": 0.335,
        "mission_priority": 0.8303,
        "estimated_landing_time": 1416.0,
        "wait_time": 0,
        "Landing_success_rate": 1.0
    },
    {
        "model": 1,
        "sequence": 4,
        "status": 1,
        "fuel": 6626,
        "fault": 0.5256,
        "weapon": 1,
        "pilot_injury": 0.7047,
        "pilot_skill": 0.5096,
        "mission_priority": 0.189,
        "estimated_landing_time": 382.0,
        "wait_time": 0,
        "Landing_success_rate": 1.0
    },
    {
        "model": 1,
        "sequence": 3,
        "status": 1,
        "fuel": 5737,
        "fault": 0.9184,
        "weapon": 1,
        "pilot_injury": 0.7119,
        "pilot_skill": 0.5308,
        "mission_priority": 0.5014,
        "estimated_landing_time": 288.0,
        "wait_time": 0,
        "Landing_success_rate": 1.0
    },
    {
        "model": 2,
        "sequence": 17,
        "status": 1,
        "fuel": 5755,
        "fault": 0.4293,
        "weapon": 0,
        "pilot_injury": 0.4576,
        "pilot_skill": 0.0837,
        "mission_priority": 0.3929,
        "estimated_landing_time": 1604.0,
        "wait_time": 0,
        "Landing_success_rate": 1.0
    },
    {
        "model": 1,
        "sequence": 13,
        "status": 1,
        "fuel": 7323,
        "fault": 0.8932,
        "weapon": 0,
        "pilot_injury": 0.4878,
        "pilot_skill": 0.1853,
        "mission_priority": 0.4424,
        "estimated_landing_time": 1228.0,
        "wait_time": 0,
        "Landing_success_rate": 1.0
    },
    {
        "model": 1,
        "sequence": 5,
        "status": 1,
        "fuel": 6645,
        "fault": 0.7764,
        "weapon": 1,
        "pilot_injury": 0.6947,
        "pilot_skill": 0.8725,
        "mission_priority": 0.669,
        "estimated_landing_time": 476.0,
        "wait_time": 0,
        "Landing_success_rate": 1.0
    },
    {
        "model": 1,
        "sequence": 9,
        "status": 1,
        "fuel": 6644,
        "fault": 0.0452,
        "weapon": 1,
        "pilot_injury": 0.7425,
        "pilot_skill": 0.8417,
        "mission_priority": 0.1813,
        "estimated_landing_time": 852.0,
        "wait_time": 0,
        "Landing_success_rate": 1.0
    },
    {
        "model": 1,
        "sequence": 16,
        "status": 1,
        "fuel": 5563,
        "fault": 0.6884,
        "weapon": 0,
        "pilot_injury": 0.4854,
        "pilot_skill": 0.4524,
        "mission_priority": 0.4941,
        "estimated_landing_time": 1510.0,
        "wait_time": 0,
        "Landing_success_rate": 1.0
    },
    {
        "model": 2,
        "sequence": 6,
        "status": 1,
        "fuel": 6024,
        "fault": 0.6861,
        "weapon": 0,
        "pilot_injury": 0.808,
        "pilot_skill": 0.8371,
        "mission_priority": 0.0304,
        "estimated_landing_time": 570.0,
        "wait_time": 0,
        "Landing_success_rate": 1.0
    },
    {
        "model": 2,
        "sequence": 1,
        "status": 1,
        "fuel": 6258,
        "fault": 0.8614,
        "weapon": 1,
        "pilot_injury": 0.9669,
        "pilot_skill": 0.4822,
        "mission_priority": 0.7754,
        "estimated_landing_time": 100.0,
        "wait_time": 0,
        "Landing_success_rate": 1.0
    },
    {
        "model": 2,
        "sequence": 2,
        "status": 1,
        "fuel": 5748,
        "fault": 0.1453,
        "weapon": 0,
        "pilot_injury": 0.9737,
        "pilot_skill": 0.2789,
        "mission_priority": 0.4829,
        "estimated_landing_time": 194.0,
        "wait_time": 0,
        "Landing_success_rate": 1.0
    },
    {
        "model": 2,
        "sequence": 18,
        "status": 1,
        "fuel": 7177,
        "fault": 0.8969,
        "weapon": 1,
        "pilot_injury": 0.9039,
        "pilot_skill": 0.3496,
        "mission_priority": 0.0875,
        "estimated_landing_time": 1698.0,
        "wait_time": 0,
        "Landing_success_rate": 1.0
    },
    {
        "model": 2,
        "sequence": 14,
        "status": 1,
        "fuel": 7380,
        "fault": 0.3766,
        "weapon": 1,
        "pilot_injury": 0.8817,
        "pilot_skill": 0.6282,
        "mission_priority": 0.2148,
        "estimated_landing_time": 1322.0,
        "wait_time": 0,
        "Landing_success_rate": 1.0
    },
    {
        "model": 0,
        "sequence": 8,
        "status": 1,
        "fuel": 7217,
        "fault": 0.7586,
        "weapon": 0,
        "pilot_injury": 0.0528,
        "pilot_skill": 0.9943,
        "mission_priority": 0.9059,
        "estimated_landing_time": 758.0,
        "wait_time": 0,
        "Landing_success_rate": 1.0
    },
    {
        "model": 1,
        "sequence": 7,
        "status": 1,
        "fuel": 6630,
        "fault": 0.2253,
        "weapon": 0,
        "pilot_injury": 0.1525,
        "pilot_skill": 0.9426,
        "mission_priority": 0.2126,
        "estimated_landing_time": 664.0,
        "wait_time": 0,
        "Landing_success_rate": 1.0
    },
    {
        "model": 0,
        "sequence": 10,
        "status": 1,
        "fuel": 6588,
        "fault": 0.0038,
        "weapon": 0,
        "pilot_injury": 0.5125,
        "pilot_skill": 0.2674,
        "mission_priority": 0.7806,
        "estimated_landing_time": 946.0,
        "wait_time": 0,
        "Landing_success_rate": 1.0
    },
    {
        "model": 2,
        "sequence": 12,
        "status": 1,
        "fuel": 5627,
        "fault": 0.4873,
        "weapon": 0,
        "pilot_injury": 0.507,
        "pilot_skill": 0.5481,
        "mission_priority": 0.9034,
        "estimated_landing_time": 1134.0,
        "wait_time": 0,
        "Landing_success_rate": 1.0
    },
    {
        "model": 1,
        "sequence": 11,
        "status": 1,
        "fuel": 6840,
        "fault": 0.2377,
        "weapon": 1,
        "pilot_injury": 0.8204,
        "pilot_skill": 0.5051,
        "mission_priority": 0.3882,
        "estimated_landing_time": 1040.0,
        "wait_time": 0,
        "Landing_success_rate": 1.0
    }
]