[
    {
        "model": 2,
        "sequence": 3,
        "status": 1,
        "fuel": 7218,
        "fault": 0.9247,
        "weapon": 1,
        "pilot_injury": 0.1176,
        "pilot_skill": 0.302,
        "mission_priority": 0.6703,
        "estimated_landing_time": 288.0,
        "wait_time": 0,
        "Landing_success_rate": 1.0
    },
    {
        "model": 0,
        "sequence": 11,
        "status": 1,
        "fuel": 6944,
        "fault": 0.4874,
        "weapon": 1,
        "pilot_injury": 0.0423,
        "pilot_skill": 0.3563,
        "mission_priority": 0.0876,
        "estimated_landing_time": 1040.0,
        "wait_time": 0,
        "Landing_success_rate": 1.0
    },
    {
        "model": 0,
        "sequence": 4,
        "status": 1,
        "fuel": 7361,
        "fault": 0.2037,
        "weapon": 1,
        "pilot_injury": 0.6134,
        "pilot_skill": 0.6823,
        "mission_priority": 0.5038,
        "estimated_landing_time": 382.0,
        "wait_time": 0,
        "Landing_success_rate": 1.0
    },
    {
        "model": 0,
        "sequence": 16,
        "status": 1,
        "fuel": 6790,
        "fault": 0.3089,
        "weapon": 1,
        "pilot_injury": 0.1043,
        "pilot_skill": 0.9331,
        "mission_priority": 0.1331,
        "estimated_landing_time": 1510.0,
        "wait_time": 0,
        "Landing_success_rate": 1.0
    },
    {
        "model": 1,
        "sequence": 15,
        "status": 1,
        "fuel": 5665,
        "fault": 0.1631,
        "weapon": 0,
        "pilot_injury": 0.0735,
        "pilot_skill": 0.8641,
        "mission_priority": 0.0929,
        "estimated_landing_time": 1416.0,
        "wait_time": 0,
        "Landing_success_rate": 1.0
    },
    {
        "model": 0,
        "sequence": 17,
        "status": 1,
        "fuel": 5667,
        "fault": 0.816,
        "weapon": 1,
        "pilot_injury": 0.6762,
        "pilot_skill": 0.1211,
        "mission_priority": 0.6226,
        "estimated_landing_time": 1604.0,
        "wait_time": 0,
        "Landing_success_rate": 1.0
    },
    {
        "model": 1,
        "sequence": 13,
        "status": 1,
        "fuel": 7277,
        "fault": 0.1546,
        "weapon": 1,
        "pilot_injury": 0.6476,
        "pilot_skill": 0.9589,
        "mission_priority": 0.9674,
        "estimated_landing_time": 1228.0,
        "wait_time": 0,
        "Landing_success_rate": 1.0
    },
    {
        "model": 1,
        "sequence": 8,
        "status": 1,
        "fuel": 5602,
        "fault": 0.3806,
        "weapon": 1,
        "pilot_injury": 0.8466,
        "pilot_skill": 0.889,
        "mission_priority": 0.3237,
        "estimated_landing_time": 758.0,
        "wait_time": 0,
        "Landing_success_rate": 1.0
    },
    {
        "model": 0,
        "sequence": 12,
        "status": 1,
        "fuel": 6415,
        "fault": 0.5782,
        "weapon": 1,
        "pilot_injury": 0.3995,
        "pilot_skill": 0.124,
        "mission_priority": 0.7863,
        "estimated_landing_time": 1134.0,
        "wait_time": 0,
        "Landing_success_rate": 1.0
    },
    {
        "model": 0,
        "sequence": 5,
        "status": 1,
        "fuel": 6782,
        "fault": 0.4561,
        "weapon": 0,
        "pilot_injury": 0.1076,
        "pilot_skill": 0.4806,
        "mission_priority": 0.3846,
        "estimated_landing_time": 476.0,
        "wait_time": 0,
        "Landing_success_rate": 1.0
    },
    {
        "model": 1,
        "sequence": 14,
        "status": 1,
        "fuel": 7043,
        "fault": 0.0639,
        "weapon": 0,
        "pilot_injury": 0.5986,
        "pilot_skill": 0.001,
        "mission_priority": 0.1275,
        "estimated_landing_time": 1322.0,
        "wait_time": 0,
        "Landing_success_rate": 1.0
    },
    {
        "model": 2,
        "sequence": 6,
        "status": 1,
        "fuel": 6797,
        "fault": 0.3003,
        "weapon": 0,
        "pilot_injury": 0.0763,
        "pilot_skill": 0.2177,
        "mission_priority": 0.7799,
        "estimated_landing_time": 570.0,
        "wait_time": 0,
        "Landing_success_rate": 1.0
    },
    {
        "model": 2,
        "sequence": 2,
        "status": 1,
        "fuel": 7254,
        "fault": 0.4382,
        "weapon": 0,
        "pilot_injury": 0.016,
        "pilot_skill": 0.3576,
        "mission_priority": 0.3575,
        "estimated_landing_time": 194.0,
        "wait_time": 0,
        "Landing_success_rate": 1.0
    },
    {
        "model": 0,
        "sequence": 10,
        "status": 1,
        "fuel": 6120,
        "fault": 0.2997,
        "weapon": 1,
        "pilot_injury": 0.372,
        "pilot_skill": 0.6881,
        "mission_priority": 0.6349,
        "estimated_landing_time": 946.0,
        "wait_time": 0,
        "Landing_success_rate": 1.0
    },
    {
        "model": 2,
        "sequence": 18,
        "status": 1,
        "fuel": 6530,
        "fault": 0.8104,
        "weapon": 0,
        "pilot_injury": 0.4735,
        "pilot_skill": 0.3541,
        "mission_priority": 0.5502,
        "estimated_landing_time": 1698.0,
        "wait_time": 0,
        "Landing_success_rate": 1.0
    },
    {
        "model": 1,
        "sequence": 1,
        "status": 1,
        "fuel": 7000,
        "fault": 0.9697,
        "weapon": 1,
        "pilot_injury": 0.7878,
        "pilot_skill": 0.3885,
        "mission_priority": 0.1753,
        "estimated_landing_time": 100.0,
        "wait_time": 0,
        "Landing_success_rate": 1.0
    },
    {
        "model": 2,
        "sequence": 7,
        "status": 1,
        "fuel": 7287,
        "fault": 0.9011,
        "weapon": 0,
        "pilot_injury": 0.7005,
        "pilot_skill": 0.1235,
        "mission_priority": 0.3972,
        "estimated_landing_time": 664.0,
        "wait_time": 0,
        "Landing_success_rate": 1.0
    },
    {
        "model": 1,
        "sequence": 9,
        "status": 1,
        "fuel": 6720,
        "fault": 0.9652,
        "weapon": 0,
        "pilot_injury": 0.1472,
        "pilot_skill": 0.7246,
        "mission_priority": 0.3535,
        "estimated_landing_time": 852.0,
        "wait_time": 0,
        "Landing_success_rate": 1.0
    }
]