[
    {
        "model": 0,
        "sequence": 4,
        "status": 1,
        "fuel": 5679,
        "fault": 0.9467,
        "weapon": 0,
        "pilot_injury": 0.3499,
        "pilot_skill": 0.1468,
        "mission_priority": 0.0944,
        "estimated_landing_time": 382.0,
        "wait_time": 0,
        "Landing_success_rate": 1.0
    },
    {
        "model": 1,
        "sequence": 18,
        "status": 1,
        "fuel": 6158,
        "fault": 0.4148,
        "weapon": 1,
        "pilot_injury": 0.9518,
        "pilot_skill": 0.9688,
        "mission_priority": 0.3025,
        "estimated_landing_time": 1698.0,
        "wait_time": 0,
        "Landing_success_rate": 1.0
    },
    {
        "model": 0,
        "sequence": 3,
        "status": 1,
        "fuel": 6666,
        "fault": 0.178,
        "weapon": 1,
        "pilot_injury": 0.9883,
        "pilot_skill": 0.0784,
        "mission_priority": 0.7525,
        "estimated_landing_time": 288.0,
        "wait_time": 0,
        "Landing_success_rate": 1.0
    },
    {
        "model": 1,
        "sequence": 1,
        "status": 1,
        "fuel": 5935,
        "fault": 0.0429,
        "weapon": 0,
        "pilot_injury": 0.0892,
        "pilot_skill": 0.8886,
        "mission_priority": 0.0026,
        "estimated_landing_time": 100.0,
        "wait_time": 0,
        "Landing_success_rate": 1.0
    },
    {
        "model": 0,
        "sequence": 7,
        "status": 1,
        "fuel": 7445,
        "fault": 0.1829,
        "weapon": 1,
        "pilot_injury": 0.4273,
        "pilot_skill": 0.4338,
        "mission_priority": 0.6536,
        "estimated_landing_time": 664.0,
        "wait_time": 0,
        "Landing_success_rate": 1.0
    },
    {
        "model": 1,
        "sequence": 2,
        "status": 1,
        "fuel": 5875,
        "fault": 0.4136,
        "weapon": 1,
        "pilot_injury": 0.0222,
        "pilot_skill": 0.1853,
        "mission_priority": 0.6067,
        "estimated_landing_time": 194.0,
        "wait_time": 0,
        "Landing_success_rate": 1.0
    },
    {
        "model": 1,
        "sequence": 10,
        "status": 1,
        "fuel": 6413,
        "fault": 0.2663,
        "weapon": 0,
        "pilot_injury": 0.7844,
        "pilot_skill": 0.7057,
        "mission_priority": 0.2677,
        "estimated_landing_time": 946.0,
        "wait_time": 0,
        "Landing_success_rate": 1.0
    },
    {
        "model": 2,
        "sequence": 9,
        "status": 1,
        "fuel": 7465,
        "fault": 0.5006,
        "weapon": 1,
        "pilot_injury": 0.1478,
        "pilot_skill": 0.8306,
        "mission_priority": 0.1975,
        "estimated_landing_time": 852.0,
        "wait_time": 0,
        "Landing_success_rate": 1.0
    },
    {
        "model": 1,
        "sequence": 17,
        "status": 1,
        "fuel": 7231,
        "fault": 0.2087,
        "weapon": 1,
        "pilot_injury": 0.9454,
        "pilot_skill": 0.0198,
        "mission_priority": 0.2608,
        "estimated_landing_time": 1604.0,
        "wait_time": 0,
        "Landing_success_rate": 1.0
    },
    {
        "model": 0,
        "sequence": 5,
        "status": 1,
        "fuel": 6193,
        "fault": 0.1599,
        "weapon": 0,
        "pilot_injury": 0.1115,
        "pilot_skill": 0.0462,
        "mission_priority": 0.5025,
        "estimated_landing_time": 476.0,
        "wait_time": 0,
        "Landing_success_rate": 1.0
    },
    {
        "model": 1,
        "sequence": 15,
        "status": 1,
        "fuel": 5836,
        "fault": 0.3961,
        "weapon": 0,
        "pilot_injury": 0.2675,
        "pilot_skill": 0.1214,
        "mission_priority": 0.4026,
        "estimated_landing_time": 1416.0,
        "wait_time": 0,
        "Landing_success_rate": 1.0
    },
    {
        "model": 0,
        "sequence": 13,
        "status": 1,
        "fuel": 7005,
        "fault": 0.2995,
        "weapon": 1,
        "pilot_injury": 0.6431,
        "pilot_skill": 0.1682,
        "mission_priority": 0.6319,
        "estimated_landing_time": 1228.0,
        "wait_time": 0,
        "Landing_success_rate": 1.0
    },
    {
        "model": 1,
        "sequence": 11,
        "status": 1,
        "fuel": 7275,
        "fault": 0.5569,
        "weapon": 0,
        "pilot_injury": 0.3568,
        "pilot_skill": 0.4215,
        "mission_priority": 0.4193,
        "estimated_landing_time": 1040.0,
        "wait_time": 0,
        "Landing_success_rate": 1.0
    },
    {
        "model": 2,
        "sequence": 6,
        "status": 1,
        "fuel": 7288,
        "fault": 0.8124,
        "weapon": 1,
        "pilot_injury": 0.8259,
        "pilot_skill": 0.5581,
        "mission_priority": 0.0974,
        "estimated_landing_time": 570.0,
        "wait_time": 0,
        "Landing_success_rate": 1.0
    },
    {
        "model": 2,
        "sequence": 14,
        "status": 1,
        "fuel": 6177,
        "fault": 0.8451,
        "weapon": 1,
        "pilot_injury": 0.8414,
        "pilot_skill": 0.3918,
        "mission_priority": 0.4472,
        "estimated_landing_time": 1322.0,
        "wait_time": 0,
        "Landing_success_rate": 1.0
    },
    {
        "model": 0,
        "sequence": 12,
        "status": 1,
        "fuel": 7408,
        "fault": 0.8475,
        "weapon": 0,
        "pilot_injury": 0.9432,
        "pilot_skill": 0.2544,
        "mission_priority": 0.696,
        "estimated_landing_time": 1134.0,
        "wait_time": 0,
        "Landing_success_rate": 1.0
    },
    {
        "model": 1,
        "sequence": 16,
        "status": 1,
        "fuel": 7362,
        "fault": 0.227,
        "weapon": 1,
        "pilot_injury": 0.3024,
        "pilot_skill": 0.3896,
        "mission_priority": 0.309,
        "estimated_landing_time": 1510.0,
        "wait_time": 0,
        "Landing_success_rate": 1.0
    },
    {
        "model": 0,
        "sequence": 8,
        "status": 1,
        "fuel": 6315,
        "fault": 0.2279,
        "weapon": 1,
        "pilot_injury": 0.3,
        "pilot_skill": 0.8147,
        "mission_priority": 0.5679,
        "estimated_landing_time": 758.0,
        "wait_time": 0,
        "Landing_success_rate": 1.0
    }
]