[
    {
        "model": 0,
        "sequence": 9,
        "status": 1,
        "fuel": 7274,
        "fault": 0.02,
        "weapon": 1,
        "pilot_injury": 0.213,
        "pilot_skill": 0.7094,
        "mission_priority": 0.4206,
        "estimated_landing_time": 852.0,
        "wait_time": 0,
        "Landing_success_rate": 1.0
    },
    {
        "model": 2,
        "sequence": 7,
        "status": 1,
        "fuel": 6755,
        "fault": 0.3165,
        "weapon": 1,
        "pilot_injury": 0.7622,
        "pilot_skill": 0.2709,
        "mission_priority": 0.916,
        "estimated_landing_time": 664.0,
        "wait_time": 0,
        "Landing_success_rate": 1.0
    },
    {
        "model": 2,
        "sequence": 5,
        "status": 1,
        "fuel": 7120,
        "fault": 0.3827,
        "weapon": 1,
        "pilot_injury": 0.2391,
        "pilot_skill": 0.4401,
        "mission_priority": 0.2928,
        "estimated_landing_time": 476.0,
        "wait_time": 0,
        "Landing_success_rate": 1.0
    },
    {
        "model": 1,
        "sequence": 10,
        "status": 1,
        "fuel": 6179,
        "fault": 0.22,
        "weapon": 0,
        "pilot_injury": 0.0257,
        "pilot_skill": 0.4014,
        "mission_priority": 0.2217,
        "estimated_landing_time": 946.0,
        "wait_time": 0,
        "Landing_success_rate": 1.0
    },
    {
        "model": 1,
        "sequence": 14,
        "status": 1,
        "fuel": 6363,
        "fault": 0.0826,
        "weapon": 0,
        "pilot_injury": 0.5248,
        "pilot_skill": 0.1198,
        "mission_priority": 0.235,
        "estimated_landing_time": 1322.0,
        "wait_time": 0,
        "Landing_success_rate": 1.0
    },
    {
        "model": 0,
        "sequence": 16,
        "status": 1,
        "fuel": 6235,
        "fault": 0.1195,
        "weapon": 0,
        "pilot_injury": 0.4895,
        "pilot_skill": 0.5304,
        "mission_priority": 0.6887,
        "estimated_landing_time": 1510.0,
        "wait_time": 0,
        "Landing_success_rate": 1.0
    },
    {
        "model": 0,
        "sequence": 15,
        "status": 1,
        "fuel": 6508,
        "fault": 0.1098,
        "weapon": 1,
        "pilot_injury": 0.0031,
        "pilot_skill": 0.2652,
        "mission_priority": 0.4997,
        "estimated_landing_time": 1416.0,
        "wait_time": 0,
        "Landing_success_rate": 1.0
    },
    {
        "model": 1,
        "sequence": 13,
        "status": 1,
        "fuel": 6465,
        "fault": 0.6781,
        "weapon": 0,
        "pilot_injury": 0.1693,
        "pilot_skill": 0.6693,
        "mission_priority": 0.3749,
        "estimated_landing_time": 1228.0,
        "wait_time": 0,
        "Landing_success_rate": 1.0
    },
    {
        "model": 2,
        "sequence": 11,
        "status": 1,
        "fuel": 6403,
        "fault": 0.1527,
        "weapon": 0,
        "pilot_injury": 0.9869,
        "pilot_skill": 0.3537,
        "mission_priority": 0.5039,
        "estimated_landing_time": 1040.0,
        "wait_time": 0,
        "Landing_success_rate": 1.0
    },
    {
        "model": 2,
        "sequence": 8,
        "status": 1,
        "fuel": 7086,
        "fault": 0.6352,
        "weapon": 1,
        "pilot_injury": 0.4523,
        "pilot_skill": 0.3776,
        "mission_priority": 0.2949,
        "estimated_landing_time": 758.0,
        "wait_time": 0,
        "Landing_success_rate": 1.0
    },
    {
        "model": 1,
        "sequence": 6,
        "status": 1,
        "fuel": 6234,
        "fault": 0.4922,
        "weapon": 0,
        "pilot_injury": 0.3887,
        "pilot_skill": 0.829,
        "mission_priority": 0.4897,
        "estimated_landing_time": 570.0,
        "wait_time": 0,
        "Landing_success_rate": 1.0
    },
    {
        "model": 1,
        "sequence": 17,
        "status": 1,
        "fuel": 6456,
        "fault": 0.5709,
        "weapon": 0,
        "pilot_injury": 0.2236,
        "pilot_skill": 0.2473,
        "mission_priority": 0.5385,
        "estimated_landing_time": 1604.0,
        "wait_time": 0,
        "Landing_success_rate": 1.0
    },
    {
        "model": 2,
        "sequence": 2,
        "status": 1,
        "fuel": 6445,
        "fault": 0.4968,
        "weapon": 0,
        "pilot_injury": 0.9946,
        "pilot_skill": 0.9004,
        "mission_priority": 0.635,
        "estimated_landing_time": 194.0,
        "wait_time": 0,
        "Landing_success_rate": 1.0
    },
    {
        "model": 2,
        "sequence": 4,
        "status": 1,
        "fuel": 7367,
        "fault": 0.9527,
        "weapon": 1,
        "pilot_injury": 0.6761,
        "pilot_skill": 0.5187,
        "mission_priority": 0.882,
        "estimated_landing_time": 382.0,
        "wait_time": 0,
        "Landing_success_rate": 1.0
    },
    {
        "model": 0,
        "sequence": 18,
        "status": 1,
        "fuel": 6743,
        "fault": 0.8909,
        "weapon": 0,
        "pilot_injury": 0.3669,
        "pilot_skill": 0.4459,
        "mission_priority": 0.9354,
        "estimated_landing_time": 1698.0,
        "wait_time": 0,
        "Landing_success_rate": 1.0
    },
    {
        "model": 1,
        "sequence": 1,
        "status": 1,
        "fuel": 5760,
        "fault": 0.4235,
        "weapon": 0,
        "pilot_injury": 0.7576,
        "pilot_skill": 0.3099,
        "mission_priority": 0.7187,
        "estimated_landing_time": 100.0,
        "wait_time": 0,
        "Landing_success_rate": 1.0
    },
    {
        "model": 1,
        "sequence": 12,
        "status": 1,
        "fuel": 5979,
        "fault": 0.8347,
        "weapon": 1,
        "pilot_injury": 0.8061,
        "pilot_skill": 0.6119,
        "mission_priority": 0.8254,
        "estimated_landing_time": 1134.0,
        "wait_time": 0,
        "Landing_success_rate": 1.0
    },
    {
        "model": 1,
        "sequence": 3,
        "status": 1,
        "fuel": 5775,
        "fault": 0.1365,
        "weapon": 0,
        "pilot_injury": 0.2023,
        "pilot_skill": 0.5453,
        "mission_priority": 0.4335,
        "estimated_landing_time": 288.0,
        "wait_time": 0,
        "Landing_success_rate": 1.0
    }
]