[
    {
        "model": 1,
        "sequence": 8,
        "status": 1,
        "fuel": 7351,
        "fault": 0.8397,
        "weapon": 0,
        "pilot_injury": 0.428,
        "pilot_skill": 0.6359,
        "mission_priority": 0.9282,
        "estimated_landing_time": 758.0,
        "wait_time": 0,
        "Landing_success_rate": 1.0
    },
    {
        "model": 1,
        "sequence": 7,
        "status": 1,
        "fuel": 5628,
        "fault": 0.9655,
        "weapon": 0,
        "pilot_injury": 0.8452,
        "pilot_skill": 0.4518,
        "mission_priority": 0.3501,
        "estimated_landing_time": 664.0,
        "wait_time": 0,
        "Landing_success_rate": 1.0
    },
    {
        "model": 1,
        "sequence": 18,
        "status": 1,
        "fuel": 6899,
        "fault": 0.6901,
        "weapon": 0,
        "pilot_injury": 0.0941,
        "pilot_skill": 0.7681,
        "mission_priority": 0.2035,
        "estimated_landing_time": 1698.0,
        "wait_time": 0,
        "Landing_success_rate": 1.0
    },
    {
        "model": 0,
        "sequence": 1,
        "status": 1,
        "fuel": 5961,
        "fault": 0.7366,
        "weapon": 0,
        "pilot_injury": 0.5458,
        "pilot_skill": 0.0675,
        "mission_priority": 0.508,
        "estimated_landing_time": 100.0,
        "wait_time": 0,
        "Landing_success_rate": 1.0
    },
    {
        "model": 2,
        "sequence": 17,
        "status": 1,
        "fuel": 5672,
        "fault": 0.9719,
        "weapon": 1,
        "pilot_injury": 0.1669,
        "pilot_skill": 0.445,
        "mission_priority": 0.9243,
        "estimated_landing_time": 1604.0,
        "wait_time": 0,
        "Landing_success_rate": 1.0
    },
    {
        "model": 1,
        "sequence": 15,
        "status": 1,
        "fuel": 7192,
        "fault": 0.111,
        "weapon": 1,
        "pilot_injury": 0.7859,
        "pilot_skill": 0.0907,
        "mission_priority": 0.5815,
        "estimated_landing_time": 1416.0,
        "wait_time": 0,
        "Landing_success_rate": 1.0
    },
    {
        "model": 2,
        "sequence": 4,
        "status": 1,
        "fuel": 6124,
        "fault": 0.15,
        "weapon": 1,
        "pilot_injury": 0.2027,
        "pilot_skill": 0.7812,
        "mission_priority": 0.1615,
        "estimated_landing_time": 382.0,
        "wait_time": 0,
        "Landing_success_rate": 1.0
    },
    {
        "model": 1,
        "sequence": 16,
        "status": 1,
        "fuel": 6114,
        "fault": 0.6462,
        "weapon": 1,
        "pilot_injury": 0.0486,
        "pilot_skill": 0.4622,
        "mission_priority": 0.7659,
        "estimated_landing_time": 1510.0,
        "wait_time": 0,
        "Landing_success_rate": 1.0
    },
    {
        "model": 0,
        "sequence": 12,
        "status": 1,
        "fuel": 6410,
        "fault": 0.0368,
        "weapon": 1,
        "pilot_injury": 0.7202,
        "pilot_skill": 0.5936,
        "mission_priority": 0.7152,
        "estimated_landing_time": 1134.0,
        "wait_time": 0,
        "Landing_success_rate": 1.0
    },
    {
        "model": 0,
        "sequence": 3,
        "status": 1,
        "fuel": 6383,
        "fault": 0.8038,
        "weapon": 0,
        "pilot_injury": 0.421,
        "pilot_skill": 0.3682,
        "mission_priority": 0.2841,
        "estimated_landing_time": 288.0,
        "wait_time": 0,
        "Landing_success_rate": 1.0
    },
    {
        "model": 1,
        "sequence": 13,
        "status": 1,
        "fuel": 6804,
        "fault": 0.7734,
        "weapon": 1,
        "pilot_injury": 0.2564,
        "pilot_skill": 0.2222,
        "mission_priority": 0.698,
        "estimated_landing_time": 1228.0,
        "wait_time": 0,
        "Landing_success_rate": 1.0
    },
    {
        "model": 2,
        "sequence": 6,
        "status": 1,
        "fuel": 7026,
        "fault": 0.6079,
        "weapon": 0,
        "pilot_injury": 0.9318,
        "pilot_skill": 0.3136,
        "mission_priority": 0.7644,
        "estimated_landing_time": 570.0,
        "wait_time": 0,
        "Landing_success_rate": 1.0
    },
    {
        "model": 2,
        "sequence": 2,
        "status": 1,
        "fuel": 6945,
        "fault": 0.5339,
        "weapon": 0,
        "pilot_injury": 0.6619,
        "pilot_skill": 0.2316,
        "mission_priority": 0.2879,
        "estimated_landing_time": 194.0,
        "wait_time": 0,
        "Landing_success_rate": 1.0
    },
    {
        "model": 1,
        "sequence": 9,
        "status": 1,
        "fuel": 5659,
        "fault": 0.5572,
        "weapon": 0,
        "pilot_injury": 0.5136,
        "pilot_skill": 0.0578,
        "mission_priority": 0.2094,
        "estimated_landing_time": 852.0,
        "wait_time": 0,
        "Landing_success_rate": 1.0
    },
    {
        "model": 0,
        "sequence": 14,
        "status": 1,
        "fuel": 5551,
        "fault": 0.0203,
        "weapon": 0,
        "pilot_injury": 0.2908,
        "pilot_skill": 0.7265,
        "mission_priority": 0.8843,
        "estimated_landing_time": 1322.0,
        "wait_time": 0,
        "Landing_success_rate": 1.0
    },
    {
        "model": 2,
        "sequence": 5,
        "status": 1,
        "fuel": 7151,
        "fault": 0.4965,
        "weapon": 1,
        "pilot_injury": 0.3879,
        "pilot_skill": 0.361,
        "mission_priority": 0.2885,
        "estimated_landing_time": 476.0,
        "wait_time": 0,
        "Landing_success_rate": 1.0
    },
    {
        "model": 2,
        "sequence": 10,
        "status": 1,
        "fuel": 7258,
        "fault": 0.2501,
        "weapon": 0,
        "pilot_injury": 0.1334,
        "pilot_skill": 0.1633,
        "mission_priority": 0.6068,
        "estimated_landing_time": 946.0,
        "wait_time": 0,
        "Landing_success_rate": 1.0
    },
    {
        "model": 0,
        "sequence": 11,
        "status": 1,
        "fuel": 5905,
        "fault": 0.5045,
        "weapon": 0,
        "pilot_injury": 0.412,
        "pilot_skill": 0.1097,
        "mission_priority": 0.8195,
        "estimated_landing_time": 1040.0,
        "wait_time": 0,
        "Landing_success_rate": 1.0
    }
]