[
    {
        "model": 0,
        "sequence": 1,
        "status": 1,
        "fuel": 7479,
        "fault": 0.872,
        "weapon": 1,
        "pilot_injury": 0.9669,
        "pilot_skill": 0.8752,
        "mission_priority": 0.5843,
        "estimated_landing_time": 100.0,
        "wait_time": 0,
        "Landing_success_rate": 1.0
    },
    {
        "model": 2,
        "sequence": 2,
        "status": 1,
        "fuel": 6504,
        "fault": 0.6211,
        "weapon": 0,
        "pilot_injury": 0.7728,
        "pilot_skill": 0.5806,
        "mission_priority": 0.4016,
        "estimated_landing_time": 194.0,
        "wait_time": 0,
        "Landing_success_rate": 1.0
    },
    {
        "model": 1,
        "sequence": 13,
        "status": 1,
        "fuel": 7397,
        "fault": 0.8039,
        "weapon": 1,
        "pilot_injury": 0.0229,
        "pilot_skill": 0.0899,
        "mission_priority": 0.0945,
        "estimated_landing_time": 1228.0,
        "wait_time": 0,
        "Landing_success_rate": 1.0
    },
    {
        "model": 2,
        "sequence": 6,
        "status": 1,
        "fuel": 6427,
        "fault": 0.3888,
        "weapon": 1,
        "pilot_injury": 0.8036,
        "pilot_skill": 0.3511,
        "mission_priority": 0.0175,
        "estimated_landing_time": 570.0,
        "wait_time": 0,
        "Landing_success_rate": 1.0
    },
    {
        "model": 1,
        "sequence": 3,
        "status": 1,
        "fuel": 6066,
        "fault": 0.7051,
        "weapon": 1,
        "pilot_injury": 0.349,
        "pilot_skill": 0.9613,
        "mission_priority": 0.1013,
        "estimated_landing_time": 288.0,
        "wait_time": 0,
        "Landing_success_rate": 1.0
    },
    {
        "model": 1,
        "sequence": 4,
        "status": 1,
        "fuel": 6080,
        "fault": 0.8016,
        "weapon": 1,
        "pilot_injury": 0.5012,
        "pilot_skill": 0.7651,
        "mission_priority": 0.8636,
        "estimated_landing_time": 382.0,
        "wait_time": 0,
        "Landing_success_rate": 1.0
    },
    {
        "model": 2,
        "sequence": 11,
        "status": 1,
        "fuel": 5808,
        "fault": 0.6001,
        "weapon": 0,
        "pilot_injury": 0.6076,
        "pilot_skill": 0.8615,
        "mission_priority": 0.4301,
        "estimated_landing_time": 1040.0,
        "wait_time": 0,
        "Landing_success_rate": 1.0
    },
    {
        "model": 0,
        "sequence": 18,
        "status": 1,
        "fuel": 5877,
        "fault": 0.3604,
        "weapon": 1,
        "pilot_injury": 0.9589,
        "pilot_skill": 0.0146,
        "mission_priority": 0.2403,
        "estimated_landing_time": 1698.0,
        "wait_time": 0,
        "Landing_success_rate": 1.0
    },
    {
        "model": 1,
        "sequence": 15,
        "status": 1,
        "fuel": 5914,
        "fault": 0.663,
        "weapon": 0,
        "pilot_injury": 0.3233,
        "pilot_skill": 0.2391,
        "mission_priority": 0.6486,
        "estimated_landing_time": 1416.0,
        "wait_time": 0,
        "Landing_success_rate": 1.0
    },
    {
        "model": 2,
        "sequence": 8,
        "status": 1,
        "fuel": 7432,
        "fault": 0.4515,
        "weapon": 0,
        "pilot_injury": 0.408,
        "pilot_skill": 0.3556,
        "mission_priority": 0.3472,
        "estimated_landing_time": 758.0,
        "wait_time": 0,
        "Landing_success_rate": 1.0
    },
    {
        "model": 1,
        "sequence": 10,
        "status": 1,
        "fuel": 6251,
        "fault": 0.2239,
        "weapon": 0,
        "pilot_injury": 0.798,
        "pilot_skill": 0.4138,
        "mission_priority": 0.5862,
        "estimated_landing_time": 946.0,
        "wait_time": 0,
        "Landing_success_rate": 1.0
    },
    {
        "model": 2,
        "sequence": 14,
        "status": 1,
        "fuel": 7317,
        "fault": 0.6662,
        "weapon": 1,
        "pilot_injury": 0.88,
        "pilot_skill": 0.3314,
        "mission_priority": 0.3503,
        "estimated_landing_time": 1322.0,
        "wait_time": 0,
        "Landing_success_rate": 1.0
    },
    {
        "model": 0,
        "sequence": 7,
        "status": 1,
        "fuel": 7198,
        "fault": 0.0503,
        "weapon": 1,
        "pilot_injury": 0.7563,
        "pilot_skill": 0.682,
        "mission_priority": 0.1058,
        "estimated_landing_time": 664.0,
        "wait_time": 0,
        "Landing_success_rate": 1.0
    },
    {
        "model": 1,
        "sequence": 5,
        "status": 1,
        "fuel": 7252,
        "fault": 0.5357,
        "weapon": 1,
        "pilot_injury": 0.2362,
        "pilot_skill": 0.804,
        "mission_priority": 0.4094,
        "estimated_landing_time": 476.0,
        "wait_time": 0,
        "Landing_success_rate": 1.0
    },
    {
        "model": 0,
        "sequence": 17,
        "status": 1,
        "fuel": 6039,
        "fault": 0.9082,
        "weapon": 1,
        "pilot_injury": 0.5386,
        "pilot_skill": 0.1266,
        "mission_priority": 0.5362,
        "estimated_landing_time": 1604.0,
        "wait_time": 0,
        "Landing_success_rate": 1.0
    },
    {
        "model": 0,
        "sequence": 16,
        "status": 1,
        "fuel": 6643,
        "fault": 0.3365,
        "weapon": 0,
        "pilot_injury": 0.668,
        "pilot_skill": 0.8771,
        "mission_priority": 0.1653,
        "estimated_landing_time": 1510.0,
        "wait_time": 0,
        "Landing_success_rate": 1.0
    },
    {
        "model": 0,
        "sequence": 12,
        "status": 1,
        "fuel": 5727,
        "fault": 0.1639,
        "weapon": 1,
        "pilot_injury": 0.8438,
        "pilot_skill": 0.5125,
        "mission_priority": 0.8622,
        "estimated_landing_time": 1134.0,
        "wait_time": 0,
        "Landing_success_rate": 1.0
    },
    {
        "model": 0,
        "sequence": 9,
        "status": 1,
        "fuel": 7169,
        "fault": 0.4063,
        "weapon": 0,
        "pilot_injury": 0.3125,
        "pilot_skill": 0.9689,
        "mission_priority": 0.8009,
        "estimated_landing_time": 852.0,
        "wait_time": 0,
        "Landing_success_rate": 1.0
    }
]