[
    {
        "model": 1,
        "sequence": 1,
        "status": 1,
        "fuel": 6652,
        "fault": 0.2778,
        "weapon": 1,
        "pilot_injury": 0.6341,
        "pilot_skill": 0.8867,
        "mission_priority": 0.1658,
        "estimated_landing_time": 100.0,
        "wait_time": 0,
        "Landing_success_rate": 1.0
    },
    {
        "model": 1,
        "sequence": 14,
        "status": 1,
        "fuel": 7384,
        "fault": 0.9138,
        "weapon": 1,
        "pilot_injury": 0.9818,
        "pilot_skill": 0.059,
        "mission_priority": 0.9866,
        "estimated_landing_time": 1322.0,
        "wait_time": 0,
        "Landing_success_rate": 1.0
    },
    {
        "model": 0,
        "sequence": 6,
        "status": 1,
        "fuel": 7279,
        "fault": 0.1962,
        "weapon": 0,
        "pilot_injury": 0.891,
        "pilot_skill": 0.0078,
        "mission_priority": 0.4541,
        "estimated_landing_time": 570.0,
        "wait_time": 0,
        "Landing_success_rate": 1.0
    },
    {
        "model": 2,
        "sequence": 9,
        "status": 1,
        "fuel": 5691,
        "fault": 0.3693,
        "weapon": 0,
        "pilot_injury": 0.4723,
        "pilot_skill": 0.4179,
        "mission_priority": 0.6396,
        "estimated_landing_time": 852.0,
        "wait_time": 0,
        "Landing_success_rate": 1.0
    },
    {
        "model": 2,
        "sequence": 4,
        "status": 1,
        "fuel": 5556,
        "fault": 0.2722,
        "weapon": 1,
        "pilot_injury": 0.9556,
        "pilot_skill": 0.2026,
        "mission_priority": 0.4589,
        "estimated_landing_time": 382.0,
        "wait_time": 0,
        "Landing_success_rate": 1.0
    },
    {
        "model": 2,
        "sequence": 13,
        "status": 1,
        "fuel": 6727,
        "fault": 0.8788,
        "weapon": 0,
        "pilot_injury": 0.092,
        "pilot_skill": 0.0948,
        "mission_priority": 0.8828,
        "estimated_landing_time": 1228.0,
        "wait_time": 0,
        "Landing_success_rate": 1.0
    },
    {
        "model": 1,
        "sequence": 15,
        "status": 1,
        "fuel": 5876,
        "fault": 0.6873,
        "weapon": 0,
        "pilot_injury": 0.7848,
        "pilot_skill": 0.5554,
        "mission_priority": 0.282,
        "estimated_landing_time": 1416.0,
        "wait_time": 0,
        "Landing_success_rate": 1.0
    },
    {
        "model": 0,
        "sequence": 10,
        "status": 1,
        "fuel": 7413,
        "fault": 0.6071,
        "weapon": 1,
        "pilot_injury": 0.2527,
        "pilot_skill": 0.3546,
        "mission_priority": 0.8945,
        "estimated_landing_time": 946.0,
        "wait_time": 0,
        "Landing_success_rate": 1.0
    },
    {
        "model": 1,
        "sequence": 8,
        "status": 1,
        "fuel": 6752,
        "fault": 0.2491,
        "weapon": 1,
        "pilot_injury": 0.9763,
        "pilot_skill": 0.7833,
        "mission_priority": 0.1726,
        "estimated_landing_time": 758.0,
        "wait_time": 0,
        "Landing_success_rate": 1.0
    },
    {
        "model": 2,
        "sequence": 18,
        "status": 1,
        "fuel": 5560,
        "fault": 0.2156,
        "weapon": 0,
        "pilot_injury": 0.2326,
        "pilot_skill": 0.3253,
        "mission_priority": 0.7101,
        "estimated_landing_time": 1698.0,
        "wait_time": 0,
        "Landing_success_rate": 1.0
    },
    {
        "model": 1,
        "sequence": 2,
        "status": 1,
        "fuel": 6651,
        "fault": 0.4567,
        "weapon": 1,
        "pilot_injury": 0.7035,
        "pilot_skill": 0.8806,
        "mission_priority": 0.075,
        "estimated_landing_time": 194.0,
        "wait_time": 0,
        "Landing_success_rate": 1.0
    },
    {
        "model": 2,
        "sequence": 5,
        "status": 1,
        "fuel": 6126,
        "fault": 0.124,
        "weapon": 1,
        "pilot_injury": 0.6763,
        "pilot_skill": 0.9962,
        "mission_priority": 0.6827,
        "estimated_landing_time": 476.0,
        "wait_time": 0,
        "Landing_success_rate": 1.0
    },
    {
        "model": 2,
        "sequence": 3,
        "status": 1,
        "fuel": 6397,
        "fault": 0.0563,
        "weapon": 1,
        "pilot_injury": 0.0607,
        "pilot_skill": 0.0744,
        "mission_priority": 0.5607,
        "estimated_landing_time": 288.0,
        "wait_time": 0,
        "Landing_success_rate": 1.0
    },
    {
        "model": 2,
        "sequence": 16,
        "status": 1,
        "fuel": 5942,
        "fault": 0.652,
        "weapon": 1,
        "pilot_injury": 0.3064,
        "pilot_skill": 0.6744,
        "mission_priority": 0.8806,
        "estimated_landing_time": 1510.0,
        "wait_time": 0,
        "Landing_success_rate": 1.0
    },
    {
        "model": 0,
        "sequence": 11,
        "status": 1,
        "fuel": 7062,
        "fault": 0.9516,
        "weapon": 1,
        "pilot_injury": 0.2961,
        "pilot_skill": 0.6673,
        "mission_priority": 0.5495,
        "estimated_landing_time": 1040.0,
        "wait_time": 0,
        "Landing_success_rate": 1.0
    },
    {
        "model": 1,
        "sequence": 7,
        "status": 1,
        "fuel": 7213,
        "fault": 0.7409,
        "weapon": 0,
        "pilot_injury": 0.47,
        "pilot_skill": 0.1928,
        "mission_priority": 0.5368,
        "estimated_landing_time": 664.0,
        "wait_time": 0,
        "Landing_success_rate": 1.0
    },
    {
        "model": 2,
        "sequence": 12,
        "status": 1,
        "fuel": 6784,
        "fault": 0.2284,
        "weapon": 0,
        "pilot_injury": 0.3982,
        "pilot_skill": 0.8118,
        "mission_priority": 0.2805,
        "estimated_landing_time": 1134.0,
        "wait_time": 0,
        "Landing_success_rate": 1.0
    },
    {
        "model": 2,
        "sequence": 17,
        "status": 1,
        "fuel": 6392,
        "fault": 0.5701,
        "weapon": 0,
        "pilot_injury": 0.1194,
        "pilot_skill": 0.0176,
        "mission_priority": 0.3538,
        "estimated_landing_time": 1604.0,
        "wait_time": 0,
        "Landing_success_rate": 1.0
    }
]