[
    {
        "model": 1,
        "sequence": 9,
        "status": 1,
        "fuel": 6993,
        "fault": 0.7575,
        "weapon": 1,
        "pilot_injury": 0.4238,
        "pilot_skill": 0.0859,
        "mission_priority": 0.5979,
        "estimated_landing_time": 852.0,
        "wait_time": 0,
        "Landing_success_rate": 1.0
    },
    {
        "model": 0,
        "sequence": 16,
        "status": 1,
        "fuel": 5746,
        "fault": 0.4575,
        "weapon": 1,
        "pilot_injury": 0.6732,
        "pilot_skill": 0.4871,
        "mission_priority": 0.175,
        "estimated_landing_time": 1510.0,
        "wait_time": 0,
        "Landing_success_rate": 1.0
    },
    {
        "model": 2,
        "sequence": 18,
        "status": 1,
        "fuel": 6528,
        "fault": 0.0755,
        "weapon": 1,
        "pilot_injury": 0.4652,
        "pilot_skill": 0.6422,
        "mission_priority": 0.0013,
        "estimated_landing_time": 1698.0,
        "wait_time": 0,
        "Landing_success_rate": 1.0
    },
    {
        "model": 1,
        "sequence": 13,
        "status": 1,
        "fuel": 5741,
        "fault": 0.7025,
        "weapon": 1,
        "pilot_injury": 0.4445,
        "pilot_skill": 0.3434,
        "mission_priority": 0.8423,
        "estimated_landing_time": 1228.0,
        "wait_time": 0,
        "Landing_success_rate": 1.0
    },
    {
        "model": 0,
        "sequence": 17,
        "status": 1,
        "fuel": 5927,
        "fault": 0.2555,
        "weapon": 1,
        "pilot_injury": 0.3719,
        "pilot_skill": 0.9068,
        "mission_priority": 0.0874,
        "estimated_landing_time": 1604.0,
        "wait_time": 0,
        "Landing_success_rate": 1.0
    },
    {
        "model": 2,
        "sequence": 7,
        "status": 1,
        "fuel": 7321,
        "fault": 0.5613,
        "weapon": 1,
        "pilot_injury": 0.4409,
        "pilot_skill": 0.6251,
        "mission_priority": 0.1702,
        "estimated_landing_time": 664.0,
        "wait_time": 0,
        "Landing_success_rate": 1.0
    },
    {
        "model": 0,
        "sequence": 5,
        "status": 1,
        "fuel": 7339,
        "fault": 0.9098,
        "weapon": 0,
        "pilot_injury": 0.9042,
        "pilot_skill": 0.0026,
        "mission_priority": 0.63,
        "estimated_landing_time": 476.0,
        "wait_time": 0,
        "Landing_success_rate": 1.0
    },
    {
        "model": 1,
        "sequence": 12,
        "status": 1,
        "fuel": 7147,
        "fault": 0.1006,
        "weapon": 1,
        "pilot_injury": 0.7438,
        "pilot_skill": 0.2272,
        "mission_priority": 0.2049,
        "estimated_landing_time": 1134.0,
        "wait_time": 0,
        "Landing_success_rate": 1.0
    },
    {
        "model": 0,
        "sequence": 8,
        "status": 1,
        "fuel": 6029,
        "fault": 0.0629,
        "weapon": 0,
        "pilot_injury": 0.2336,
        "pilot_skill": 0.484,
        "mission_priority": 0.4596,
        "estimated_landing_time": 758.0,
        "wait_time": 0,
        "Landing_success_rate": 1.0
    },
    {
        "model": 2,
        "sequence": 15,
        "status": 1,
        "fuel": 5649,
        "fault": 0.0859,
        "weapon": 1,
        "pilot_injury": 0.5868,
        "pilot_skill": 0.6057,
        "mission_priority": 0.7455,
        "estimated_landing_time": 1416.0,
        "wait_time": 0,
        "Landing_success_rate": 1.0
    },
    {
        "model": 2,
        "sequence": 14,
        "status": 1,
        "fuel": 6421,
        "fault": 0.8197,
        "weapon": 1,
        "pilot_injury": 0.3425,
        "pilot_skill": 0.1023,
        "mission_priority": 0.3368,
        "estimated_landing_time": 1322.0,
        "wait_time": 0,
        "Landing_success_rate": 1.0
    },
    {
        "model": 2,
        "sequence": 1,
        "status": 1,
        "fuel": 7042,
        "fault": 0.0646,
        "weapon": 0,
        "pilot_injury": 0.807,
        "pilot_skill": 0.4172,
        "mission_priority": 0.2596,
        "estimated_landing_time": 100.0,
        "wait_time": 0,
        "Landing_success_rate": 1.0
    },
    {
        "model": 0,
        "sequence": 11,
        "status": 1,
        "fuel": 5585,
        "fault": 0.3856,
        "weapon": 0,
        "pilot_injury": 0.8775,
        "pilot_skill": 0.2663,
        "mission_priority": 0.6218,
        "estimated_landing_time": 1040.0,
        "wait_time": 0,
        "Landing_success_rate": 1.0
    },
    {
        "model": 0,
        "sequence": 6,
        "status": 1,
        "fuel": 5596,
        "fault": 0.227,
        "weapon": 1,
        "pilot_injury": 0.0212,
        "pilot_skill": 0.5772,
        "mission_priority": 0.1499,
        "estimated_landing_time": 570.0,
        "wait_time": 0,
        "Landing_success_rate": 1.0
    },
    {
        "model": 2,
        "sequence": 4,
        "status": 1,
        "fuel": 6012,
        "fault": 0.0571,
        "weapon": 0,
        "pilot_injury": 0.3138,
        "pilot_skill": 0.6692,
        "mission_priority": 0.2026,
        "estimated_landing_time": 382.0,
        "wait_time": 0,
        "Landing_success_rate": 1.0
    },
    {
        "model": 2,
        "sequence": 3,
        "status": 1,
        "fuel": 6146,
        "fault": 0.6972,
        "weapon": 0,
        "pilot_injury": 0.3312,
        "pilot_skill": 0.218,
        "mission_priority": 0.2538,
        "estimated_landing_time": 288.0,
        "wait_time": 0,
        "Landing_success_rate": 1.0
    },
    {
        "model": 2,
        "sequence": 2,
        "status": 1,
        "fuel": 6725,
        "fault": 0.6403,
        "weapon": 0,
        "pilot_injury": 0.8596,
        "pilot_skill": 0.6884,
        "mission_priority": 0.8753,
        "estimated_landing_time": 194.0,
        "wait_time": 0,
        "Landing_success_rate": 1.0
    },
    {
        "model": 1,
        "sequence": 10,
        "status": 1,
        "fuel": 6098,
        "fault": 0.6703,
        "weapon": 0,
        "pilot_injury": 0.2293,
        "pilot_skill": 0.7212,
        "mission_priority": 0.9702,
        "estimated_landing_time": 946.0,
        "wait_time": 0,
        "Landing_success_rate": 1.0
    }
]