[
    {
        "model": 1,
        "sequence": 13,
        "status": 1,
        "fuel": 6152,
        "fault": 0.4804,
        "weapon": 1,
        "pilot_injury": 0.5156,
        "pilot_skill": 0.1341,
        "mission_priority": 0.1248,
        "estimated_landing_time": 1228.0,
        "wait_time": 0,
        "Landing_success_rate": 1.0
    },
    {
        "model": 0,
        "sequence": 17,
        "status": 1,
        "fuel": 5776,
        "fault": 0.173,
        "weapon": 1,
        "pilot_injury": 0.9477,
        "pilot_skill": 0.1157,
        "mission_priority": 0.2131,
        "estimated_landing_time": 1604.0,
        "wait_time": 0,
        "Landing_success_rate": 1.0
    },
    {
        "model": 0,
        "sequence": 4,
        "status": 1,
        "fuel": 5775,
        "fault": 0.2206,
        "weapon": 0,
        "pilot_injury": 0.9587,
        "pilot_skill": 0.2618,
        "mission_priority": 0.3036,
        "estimated_landing_time": 382.0,
        "wait_time": 0,
        "Landing_success_rate": 1.0
    },
    {
        "model": 1,
        "sequence": 9,
        "status": 1,
        "fuel": 6432,
        "fault": 0.0564,
        "weapon": 1,
        "pilot_injury": 0.6825,
        "pilot_skill": 0.5044,
        "mission_priority": 0.951,
        "estimated_landing_time": 852.0,
        "wait_time": 0,
        "Landing_success_rate": 1.0
    },
    {
        "model": 2,
        "sequence": 11,
        "status": 1,
        "fuel": 7076,
        "fault": 0.0448,
        "weapon": 1,
        "pilot_injury": 0.3345,
        "pilot_skill": 0.3775,
        "mission_priority": 0.7088,
        "estimated_landing_time": 1040.0,
        "wait_time": 0,
        "Landing_success_rate": 1.0
    },
    {
        "model": 2,
        "sequence": 10,
        "status": 1,
        "fuel": 5650,
        "fault": 0.1425,
        "weapon": 0,
        "pilot_injury": 0.7759,
        "pilot_skill": 0.7508,
        "mission_priority": 0.321,
        "estimated_landing_time": 946.0,
        "wait_time": 0,
        "Landing_success_rate": 1.0
    },
    {
        "model": 0,
        "sequence": 14,
        "status": 1,
        "fuel": 5843,
        "fault": 0.9958,
        "weapon": 0,
        "pilot_injury": 0.5334,
        "pilot_skill": 0.5368,
        "mission_priority": 0.7597,
        "estimated_landing_time": 1322.0,
        "wait_time": 0,
        "Landing_success_rate": 1.0
    },
    {
        "model": 2,
        "sequence": 8,
        "status": 1,
        "fuel": 7373,
        "fault": 0.0336,
        "weapon": 1,
        "pilot_injury": 0.8016,
        "pilot_skill": 0.8142,
        "mission_priority": 0.2341,
        "estimated_landing_time": 758.0,
        "wait_time": 0,
        "Landing_success_rate": 1.0
    },
    {
        "model": 1,
        "sequence": 16,
        "status": 1,
        "fuel": 6920,
        "fault": 0.1243,
        "weapon": 0,
        "pilot_injury": 0.093,
        "pilot_skill": 0.5745,
        "mission_priority": 0.9087,
        "estimated_landing_time": 1510.0,
        "wait_time": 0,
        "Landing_success_rate": 1.0
    },
    {
        "model": 1,
        "sequence": 6,
        "status": 1,
        "fuel": 7475,
        "fault": 0.5747,
        "weapon": 0,
        "pilot_injury": 0.5065,
        "pilot_skill": 0.8609,
        "mission_priority": 0.8435,
        "estimated_landing_time": 570.0,
        "wait_time": 0,
        "Landing_success_rate": 1.0
    },
    {
        "model": 2,
        "sequence": 7,
        "status": 1,
        "fuel": 6475,
        "fault": 0.2908,
        "weapon": 0,
        "pilot_injury": 0.843,
        "pilot_skill": 0.176,
        "mission_priority": 0.3039,
        "estimated_landing_time": 664.0,
        "wait_time": 0,
        "Landing_success_rate": 1.0
    },
    {
        "model": 2,
        "sequence": 3,
        "status": 1,
        "fuel": 6206,
        "fault": 0.9172,
        "weapon": 0,
        "pilot_injury": 0.1536,
        "pilot_skill": 0.1822,
        "mission_priority": 0.879,
        "estimated_landing_time": 288.0,
        "wait_time": 0,
        "Landing_success_rate": 1.0
    },
    {
        "model": 0,
        "sequence": 15,
        "status": 1,
        "fuel": 6042,
        "fault": 0.1684,
        "weapon": 1,
        "pilot_injury": 0.1394,
        "pilot_skill": 0.399,
        "mission_priority": 0.2832,
        "estimated_landing_time": 1416.0,
        "wait_time": 0,
        "Landing_success_rate": 1.0
    },
    {
        "model": 2,
        "sequence": 18,
        "status": 1,
        "fuel": 6960,
        "fault": 0.2708,
        "weapon": 0,
        "pilot_injury": 0.3796,
        "pilot_skill": 0.0922,
        "mission_priority": 0.5665,
        "estimated_landing_time": 1698.0,
        "wait_time": 0,
        "Landing_success_rate": 1.0
    },
    {
        "model": 0,
        "sequence": 12,
        "status": 1,
        "fuel": 6168,
        "fault": 0.1888,
        "weapon": 1,
        "pilot_injury": 0.704,
        "pilot_skill": 0.7293,
        "mission_priority": 0.8345,
        "estimated_landing_time": 1134.0,
        "wait_time": 0,
        "Landing_success_rate": 1.0
    },
    {
        "model": 1,
        "sequence": 2,
        "status": 1,
        "fuel": 6398,
        "fault": 0.1659,
        "weapon": 1,
        "pilot_injury": 0.9141,
        "pilot_skill": 0.5514,
        "mission_priority": 0.445,
        "estimated_landing_time": 194.0,
        "wait_time": 0,
        "Landing_success_rate": 1.0
    },
    {
        "model": 2,
        "sequence": 1,
        "status": 1,
        "fuel": 6875,
        "fault": 0.0189,
        "weapon": 0,
        "pilot_injury": 0.565,
        "pilot_skill": 0.9375,
        "mission_priority": 0.5942,
        "estimated_landing_time": 100.0,
        "wait_time": 0,
        "Landing_success_rate": 1.0
    },
    {
        "model": 0,
        "sequence": 5,
        "status": 1,
        "fuel": 5794,
        "fault": 0.1532,
        "weapon": 1,
        "pilot_injury": 0.9536,
        "pilot_skill": 0.3277,
        "mission_priority": 0.1493,
        "estimated_landing_time": 476.0,
        "wait_time": 0,
        "Landing_success_rate": 1.0
    }
]