[
    {
        "model": 0,
        "sequence": 17,
        "status": 1,
        "fuel": 6231,
        "fault": 0.1817,
        "weapon": 0,
        "pilot_injury": 0.0056,
        "pilot_skill": 0.0792,
        "mission_priority": 0.675,
        "estimated_landing_time": 1604.0,
        "wait_time": 0,
        "Landing_success_rate": 1.0
    },
    {
        "model": 0,
        "sequence": 4,
        "status": 1,
        "fuel": 7152,
        "fault": 0.1803,
        "weapon": 0,
        "pilot_injury": 0.6674,
        "pilot_skill": 0.3683,
        "mission_priority": 0.4153,
        "estimated_landing_time": 382.0,
        "wait_time": 0,
        "Landing_success_rate": 1.0
    },
    {
        "model": 0,
        "sequence": 13,
        "status": 1,
        "fuel": 6789,
        "fault": 0.1691,
        "weapon": 1,
        "pilot_injury": 0.8834,
        "pilot_skill": 0.0048,
        "mission_priority": 0.9789,
        "estimated_landing_time": 1228.0,
        "wait_time": 0,
        "Landing_success_rate": 1.0
    },
    {
        "model": 2,
        "sequence": 3,
        "status": 1,
        "fuel": 5616,
        "fault": 0.4838,
        "weapon": 1,
        "pilot_injury": 0.0399,
        "pilot_skill": 0.4314,
        "mission_priority": 0.6303,
        "estimated_landing_time": 288.0,
        "wait_time": 0,
        "Landing_success_rate": 1.0
    },
    {
        "model": 2,
        "sequence": 10,
        "status": 1,
        "fuel": 6837,
        "fault": 0.8014,
        "weapon": 1,
        "pilot_injury": 0.3031,
        "pilot_skill": 0.4982,
        "mission_priority": 0.5046,
        "estimated_landing_time": 946.0,
        "wait_time": 0,
        "Landing_success_rate": 1.0
    },
    {
        "model": 2,
        "sequence": 11,
        "status": 1,
        "fuel": 5568,
        "fault": 0.0899,
        "weapon": 0,
        "pilot_injury": 0.0827,
        "pilot_skill": 0.4019,
        "mission_priority": 0.8875,
        "estimated_landing_time": 1040.0,
        "wait_time": 0,
        "Landing_success_rate": 1.0
    },
    {
        "model": 0,
        "sequence": 9,
        "status": 1,
        "fuel": 5873,
        "fault": 0.758,
        "weapon": 0,
        "pilot_injury": 0.8888,
        "pilot_skill": 0.8053,
        "mission_priority": 0.2779,
        "estimated_landing_time": 852.0,
        "wait_time": 0,
        "Landing_success_rate": 1.0
    },
    {
        "model": 1,
        "sequence": 7,
        "status": 1,
        "fuel": 6974,
        "fault": 0.48,
        "weapon": 1,
        "pilot_injury": 0.2271,
        "pilot_skill": 0.6227,
        "mission_priority": 0.5849,
        "estimated_landing_time": 664.0,
        "wait_time": 0,
        "Landing_success_rate": 1.0
    },
    {
        "model": 0,
        "sequence": 1,
        "status": 1,
        "fuel": 5804,
        "fault": 0.9573,
        "weapon": 0,
        "pilot_injury": 0.7919,
        "pilot_skill": 0.4336,
        "mission_priority": 0.4725,
        "estimated_landing_time": 100.0,
        "wait_time": 0,
        "Landing_success_rate": 1.0
    },
    {
        "model": 2,
        "sequence": 18,
        "status": 1,
        "fuel": 6581,
        "fault": 0.9012,
        "weapon": 0,
        "pilot_injury": 0.3941,
        "pilot_skill": 0.6765,
        "mission_priority": 0.8804,
        "estimated_landing_time": 1698.0,
        "wait_time": 0,
        "Landing_success_rate": 1.0
    },
    {
        "model": 2,
        "sequence": 6,
        "status": 1,
        "fuel": 5588,
        "fault": 0.6707,
        "weapon": 1,
        "pilot_injury": 0.9183,
        "pilot_skill": 0.4229,
        "mission_priority": 0.2867,
        "estimated_landing_time": 570.0,
        "wait_time": 0,
        "Landing_success_rate": 1.0
    },
    {
        "model": 0,
        "sequence": 14,
        "status": 1,
        "fuel": 7193,
        "fault": 0.0213,
        "weapon": 0,
        "pilot_injury": 0.3843,
        "pilot_skill": 0.8969,
        "mission_priority": 0.5903,
        "estimated_landing_time": 1322.0,
        "wait_time": 0,
        "Landing_success_rate": 1.0
    },
    {
        "model": 2,
        "sequence": 5,
        "status": 1,
        "fuel": 7041,
        "fault": 0.9347,
        "weapon": 1,
        "pilot_injury": 0.6273,
        "pilot_skill": 0.4815,
        "mission_priority": 0.6603,
        "estimated_landing_time": 476.0,
        "wait_time": 0,
        "Landing_success_rate": 1.0
    },
    {
        "model": 1,
        "sequence": 8,
        "status": 1,
        "fuel": 6306,
        "fault": 0.0862,
        "weapon": 0,
        "pilot_injury": 0.987,
        "pilot_skill": 0.9147,
        "mission_priority": 0.0599,
        "estimated_landing_time": 758.0,
        "wait_time": 0,
        "Landing_success_rate": 1.0
    },
    {
        "model": 1,
        "sequence": 15,
        "status": 1,
        "fuel": 6688,
        "fault": 0.9773,
        "weapon": 1,
        "pilot_injury": 0.1843,
        "pilot_skill": 0.312,
        "mission_priority": 0.4248,
        "estimated_landing_time": 1416.0,
        "wait_time": 0,
        "Landing_success_rate": 1.0
    },
    {
        "model": 1,
        "sequence": 12,
        "status": 1,
        "fuel": 5999,
        "fault": 0.2765,
        "weapon": 1,
        "pilot_injury": 0.0962,
        "pilot_skill": 0.0463,
        "mission_priority": 0.4815,
        "estimated_landing_time": 1134.0,
        "wait_time": 0,
        "Landing_success_rate": 1.0
    },
    {
        "model": 0,
        "sequence": 2,
        "status": 1,
        "fuel": 7161,
        "fault": 0.43,
        "weapon": 1,
        "pilot_injury": 0.1028,
        "pilot_skill": 0.926,
        "mission_priority": 0.0865,
        "estimated_landing_time": 194.0,
        "wait_time": 0,
        "Landing_success_rate": 1.0
    },
    {
        "model": 2,
        "sequence": 16,
        "status": 1,
        "fuel": 7355,
        "fault": 0.3994,
        "weapon": 1,
        "pilot_injury": 0.8268,
        "pilot_skill": 0.0615,
        "mission_priority": 0.9525,
        "estimated_landing_time": 1510.0,
        "wait_time": 0,
        "Landing_success_rate": 1.0
    }
]