[
    {
        "model": 2,
        "sequence": 14,
        "status": 1,
        "fuel": 7495,
        "fault": 0.7043,
        "weapon": 0,
        "pilot_injury": 0.8853,
        "pilot_skill": 0.3214,
        "mission_priority": 0.6742,
        "estimated_landing_time": 1322.0,
        "wait_time": 0,
        "Landing_success_rate": 1.0
    },
    {
        "model": 0,
        "sequence": 6,
        "status": 1,
        "fuel": 6506,
        "fault": 0.0772,
        "weapon": 1,
        "pilot_injury": 0.1643,
        "pilot_skill": 0.5029,
        "mission_priority": 0.3568,
        "estimated_landing_time": 570.0,
        "wait_time": 0,
        "Landing_success_rate": 1.0
    },
    {
        "model": 0,
        "sequence": 9,
        "status": 1,
        "fuel": 5959,
        "fault": 0.1925,
        "weapon": 0,
        "pilot_injury": 0.5022,
        "pilot_skill": 0.8565,
        "mission_priority": 0.1953,
        "estimated_landing_time": 852.0,
        "wait_time": 0,
        "Landing_success_rate": 1.0
    },
    {
        "model": 2,
        "sequence": 8,
        "status": 1,
        "fuel": 6069,
        "fault": 0.4908,
        "weapon": 1,
        "pilot_injury": 0.8087,
        "pilot_skill": 0.3898,
        "mission_priority": 0.4856,
        "estimated_landing_time": 758.0,
        "wait_time": 0,
        "Landing_success_rate": 1.0
    },
    {
        "model": 0,
        "sequence": 13,
        "status": 1,
        "fuel": 5942,
        "fault": 0.5211,
        "weapon": 1,
        "pilot_injury": 0.8491,
        "pilot_skill": 0.078,
        "mission_priority": 0.9041,
        "estimated_landing_time": 1228.0,
        "wait_time": 0,
        "Landing_success_rate": 1.0
    },
    {
        "model": 0,
        "sequence": 18,
        "status": 1,
        "fuel": 7487,
        "fault": 0.7067,
        "weapon": 0,
        "pilot_injury": 0.1868,
        "pilot_skill": 0.8184,
        "mission_priority": 0.5486,
        "estimated_landing_time": 1698.0,
        "wait_time": 0,
        "Landing_success_rate": 1.0
    },
    {
        "model": 1,
        "sequence": 3,
        "status": 1,
        "fuel": 5872,
        "fault": 0.3475,
        "weapon": 1,
        "pilot_injury": 0.0867,
        "pilot_skill": 0.607,
        "mission_priority": 0.4831,
        "estimated_landing_time": 288.0,
        "wait_time": 0,
        "Landing_success_rate": 1.0
    },
    {
        "model": 0,
        "sequence": 15,
        "status": 1,
        "fuel": 6195,
        "fault": 0.6799,
        "weapon": 0,
        "pilot_injury": 0.206,
        "pilot_skill": 0.8971,
        "mission_priority": 0.1487,
        "estimated_landing_time": 1416.0,
        "wait_time": 0,
        "Landing_success_rate": 1.0
    },
    {
        "model": 0,
        "sequence": 12,
        "status": 1,
        "fuel": 6841,
        "fault": 0.9778,
        "weapon": 1,
        "pilot_injury": 0.5678,
        "pilot_skill": 0.6162,
        "mission_priority": 0.4174,
        "estimated_landing_time": 1134.0,
        "wait_time": 0,
        "Landing_success_rate": 1.0
    },
    {
        "model": 2,
        "sequence": 10,
        "status": 1,
        "fuel": 7043,
        "fault": 0.527,
        "weapon": 0,
        "pilot_injury": 0.3914,
        "pilot_skill": 0.4304,
        "mission_priority": 0.631,
        "estimated_landing_time": 946.0,
        "wait_time": 0,
        "Landing_success_rate": 1.0
    },
    {
        "model": 0,
        "sequence": 11,
        "status": 1,
        "fuel": 6758,
        "fault": 0.4507,
        "weapon": 1,
        "pilot_injury": 0.9474,
        "pilot_skill": 0.4161,
        "mission_priority": 0.3427,
        "estimated_landing_time": 1040.0,
        "wait_time": 0,
        "Landing_success_rate": 1.0
    },
    {
        "model": 0,
        "sequence": 5,
        "status": 1,
        "fuel": 5912,
        "fault": 0.554,
        "weapon": 0,
        "pilot_injury": 0.1002,
        "pilot_skill": 0.1486,
        "mission_priority": 0.1667,
        "estimated_landing_time": 476.0,
        "wait_time": 0,
        "Landing_success_rate": 1.0
    },
    {
        "model": 0,
        "sequence": 4,
        "status": 1,
        "fuel": 6002,
        "fault": 0.7633,
        "weapon": 1,
        "pilot_injury": 0.6239,
        "pilot_skill": 0.6289,
        "mission_priority": 0.0001,
        "estimated_landing_time": 382.0,
        "wait_time": 0,
        "Landing_success_rate": 1.0
    },
    {
        "model": 1,
        "sequence": 17,
        "status": 1,
        "fuel": 5933,
        "fault": 0.6353,
        "weapon": 0,
        "pilot_injury": 0.9639,
        "pilot_skill": 0.36,
        "mission_priority": 0.6648,
        "estimated_landing_time": 1604.0,
        "wait_time": 0,
        "Landing_success_rate": 1.0
    },
    {
        "model": 2,
        "sequence": 2,
        "status": 1,
        "fuel": 5609,
        "fault": 0.222,
        "weapon": 0,
        "pilot_injury": 0.1614,
        "pilot_skill": 0.326,
        "mission_priority": 0.4908,
        "estimated_landing_time": 194.0,
        "wait_time": 0,
        "Landing_success_rate": 1.0
    },
    {
        "model": 1,
        "sequence": 16,
        "status": 1,
        "fuel": 6051,
        "fault": 0.8175,
        "weapon": 0,
        "pilot_injury": 0.1021,
        "pilot_skill": 0.4217,
        "mission_priority": 0.9229,
        "estimated_landing_time": 1510.0,
        "wait_time": 0,
        "Landing_success_rate": 1.0
    },
    {
        "model": 0,
        "sequence": 1,
        "status": 1,
        "fuel": 6316,
        "fault": 0.7736,
        "weapon": 1,
        "pilot_injury": 0.5723,
        "pilot_skill": 0.1117,
        "mission_priority": 0.2003,
        "estimated_landing_time": 100.0,
        "wait_time": 0,
        "Landing_success_rate": 1.0
    },
    {
        "model": 2,
        "sequence": 7,
        "status": 1,
        "fuel": 7422,
        "fault": 0.2548,
        "weapon": 0,
        "pilot_injury": 0.7314,
        "pilot_skill": 0.4607,
        "mission_priority": 0.1261,
        "estimated_landing_time": 664.0,
        "wait_time": 0,
        "Landing_success_rate": 1.0
    }
]