[
    {
        "model": 1,
        "sequence": 6,
        "status": 1,
        "fuel": 6304,
        "fault": 0.1848,
        "weapon": 1,
        "pilot_injury": 0.2296,
        "pilot_skill": 0.6413,
        "mission_priority": 0.0584,
        "estimated_landing_time": 570.0,
        "wait_time": 0,
        "Landing_success_rate": 1.0
    },
    {
        "model": 0,
        "sequence": 18,
        "status": 1,
        "fuel": 7246,
        "fault": 0.3969,
        "weapon": 0,
        "pilot_injury": 0.347,
        "pilot_skill": 0.8063,
        "mission_priority": 0.8583,
        "estimated_landing_time": 1698.0,
        "wait_time": 0,
        "Landing_success_rate": 1.0
    },
    {
        "model": 0,
        "sequence": 5,
        "status": 1,
        "fuel": 5716,
        "fault": 0.7048,
        "weapon": 1,
        "pilot_injury": 0.2611,
        "pilot_skill": 0.3744,
        "mission_priority": 0.4469,
        "estimated_landing_time": 476.0,
        "wait_time": 0,
        "Landing_success_rate": 1.0
    },
    {
        "model": 0,
        "sequence": 2,
        "status": 1,
        "fuel": 7498,
        "fault": 0.4454,
        "weapon": 1,
        "pilot_injury": 0.0552,
        "pilot_skill": 0.6552,
        "mission_priority": 0.4427,
        "estimated_landing_time": 194.0,
        "wait_time": 0,
        "Landing_success_rate": 1.0
    },
    {
        "model": 0,
        "sequence": 15,
        "status": 1,
        "fuel": 6289,
        "fault": 0.9312,
        "weapon": 0,
        "pilot_injury": 0.4755,
        "pilot_skill": 0.6356,
        "mission_priority": 0.1183,
        "estimated_landing_time": 1416.0,
        "wait_time": 0,
        "Landing_success_rate": 1.0
    },
    {
        "model": 0,
        "sequence": 7,
        "status": 1,
        "fuel": 7238,
        "fault": 0.9058,
        "weapon": 0,
        "pilot_injury": 0.6808,
        "pilot_skill": 0.9082,
        "mission_priority": 0.0318,
        "estimated_landing_time": 664.0,
        "wait_time": 0,
        "Landing_success_rate": 1.0
    },
    {
        "model": 1,
        "sequence": 12,
        "status": 1,
        "fuel": 5861,
        "fault": 0.7653,
        "weapon": 1,
        "pilot_injury": 0.0574,
        "pilot_skill": 0.693,
        "mission_priority": 0.2208,
        "estimated_landing_time": 1134.0,
        "wait_time": 0,
        "Landing_success_rate": 1.0
    },
    {
        "model": 1,
        "sequence": 11,
        "status": 1,
        "fuel": 6243,
        "fault": 0.9002,
        "weapon": 0,
        "pilot_injury": 0.7701,
        "pilot_skill": 0.9418,
        "mission_priority": 0.8605,
        "estimated_landing_time": 1040.0,
        "wait_time": 0,
        "Landing_success_rate": 1.0
    },
    {
        "model": 0,
        "sequence": 4,
        "status": 1,
        "fuel": 5769,
        "fault": 0.2595,
        "weapon": 0,
        "pilot_injury": 0.9924,
        "pilot_skill": 0.6595,
        "mission_priority": 0.396,
        "estimated_landing_time": 382.0,
        "wait_time": 0,
        "Landing_success_rate": 1.0
    },
    {
        "model": 1,
        "sequence": 8,
        "status": 1,
        "fuel": 6516,
        "fault": 0.3647,
        "weapon": 0,
        "pilot_injury": 0.5053,
        "pilot_skill": 0.1732,
        "mission_priority": 0.3657,
        "estimated_landing_time": 758.0,
        "wait_time": 0,
        "Landing_success_rate": 1.0
    },
    {
        "model": 2,
        "sequence": 1,
        "status": 1,
        "fuel": 5622,
        "fault": 0.7065,
        "weapon": 1,
        "pilot_injury": 0.6247,
        "pilot_skill": 0.3719,
        "mission_priority": 0.1131,
        "estimated_landing_time": 100.0,
        "wait_time": 0,
        "Landing_success_rate": 1.0
    },
    {
        "model": 1,
        "sequence": 3,
        "status": 1,
        "fuel": 5591,
        "fault": 0.6797,
        "weapon": 1,
        "pilot_injury": 0.0682,
        "pilot_skill": 0.6569,
        "mission_priority": 0.3501,
        "estimated_landing_time": 288.0,
        "wait_time": 0,
        "Landing_success_rate": 1.0
    },
    {
        "model": 2,
        "sequence": 16,
        "status": 1,
        "fuel": 6333,
        "fault": 0.1173,
        "weapon": 0,
        "pilot_injury": 0.1373,
        "pilot_skill": 0.3404,
        "mission_priority": 0.3637,
        "estimated_landing_time": 1510.0,
        "wait_time": 0,
        "Landing_success_rate": 1.0
    },
    {
        "model": 1,
        "sequence": 10,
        "status": 1,
        "fuel": 5841,
        "fault": 0.9545,
        "weapon": 1,
        "pilot_injury": 0.8353,
        "pilot_skill": 0.6618,
        "mission_priority": 0.8989,
        "estimated_landing_time": 946.0,
        "wait_time": 0,
        "Landing_success_rate": 1.0
    },
    {
        "model": 2,
        "sequence": 13,
        "status": 1,
        "fuel": 6936,
        "fault": 0.5726,
        "weapon": 0,
        "pilot_injury": 0.0685,
        "pilot_skill": 0.592,
        "mission_priority": 0.4964,
        "estimated_landing_time": 1228.0,
        "wait_time": 0,
        "Landing_success_rate": 1.0
    },
    {
        "model": 2,
        "sequence": 17,
        "status": 1,
        "fuel": 6036,
        "fault": 0.2719,
        "weapon": 1,
        "pilot_injury": 0.2032,
        "pilot_skill": 0.8096,
        "mission_priority": 0.4555,
        "estimated_landing_time": 1604.0,
        "wait_time": 0,
        "Landing_success_rate": 1.0
    },
    {
        "model": 0,
        "sequence": 14,
        "status": 1,
        "fuel": 6014,
        "fault": 0.5618,
        "weapon": 0,
        "pilot_injury": 0.1167,
        "pilot_skill": 0.851,
        "mission_priority": 0.8784,
        "estimated_landing_time": 1322.0,
        "wait_time": 0,
        "Landing_success_rate": 1.0
    },
    {
        "model": 1,
        "sequence": 9,
        "status": 1,
        "fuel": 6813,
        "fault": 0.5516,
        "weapon": 1,
        "pilot_injury": 0.0297,
        "pilot_skill": 0.3511,
        "mission_priority": 0.7162,
        "estimated_landing_time": 852.0,
        "wait_time": 0,
        "Landing_success_rate": 1.0
    }
]