[
    {
        "model": 1,
        "sequence": 17,
        "status": 1,
        "fuel": 6589,
        "fault": 0.1057,
        "weapon": 1,
        "pilot_injury": 0.3559,
        "pilot_skill": 0.7686,
        "mission_priority": 0.676,
        "estimated_landing_time": 1604.0,
        "wait_time": 0,
        "Landing_success_rate": 1.0
    },
    {
        "model": 1,
        "sequence": 13,
        "status": 1,
        "fuel": 6837,
        "fault": 0.3916,
        "weapon": 0,
        "pilot_injury": 0.0142,
        "pilot_skill": 0.9292,
        "mission_priority": 0.8292,
        "estimated_landing_time": 1228.0,
        "wait_time": 0,
        "Landing_success_rate": 1.0
    },
    {
        "model": 2,
        "sequence": 5,
        "status": 1,
        "fuel": 5730,
        "fault": 0.3873,
        "weapon": 0,
        "pilot_injury": 0.8786,
        "pilot_skill": 0.2031,
        "mission_priority": 0.3192,
        "estimated_landing_time": 476.0,
        "wait_time": 0,
        "Landing_success_rate": 1.0
    },
    {
        "model": 0,
        "sequence": 6,
        "status": 1,
        "fuel": 6268,
        "fault": 0.2459,
        "weapon": 1,
        "pilot_injury": 0.7296,
        "pilot_skill": 0.1362,
        "mission_priority": 0.0525,
        "estimated_landing_time": 570.0,
        "wait_time": 0,
        "Landing_success_rate": 1.0
    },
    {
        "model": 0,
        "sequence": 11,
        "status": 1,
        "fuel": 7470,
        "fault": 0.0835,
        "weapon": 1,
        "pilot_injury": 0.7641,
        "pilot_skill": 0.8254,
        "mission_priority": 0.5956,
        "estimated_landing_time": 1040.0,
        "wait_time": 0,
        "Landing_success_rate": 1.0
    },
    {
        "model": 1,
        "sequence": 9,
        "status": 1,
        "fuel": 5520,
        "fault": 0.5152,
        "weapon": 0,
        "pilot_injury": 0.9883,
        "pilot_skill": 0.1034,
        "mission_priority": 0.8092,
        "estimated_landing_time": 852.0,
        "wait_time": 0,
        "Landing_success_rate": 1.0
    },
    {
        "model": 1,
        "sequence": 16,
        "status": 1,
        "fuel": 5701,
        "fault": 0.1803,
        "weapon": 1,
        "pilot_injury": 0.7258,
        "pilot_skill": 0.8403,
        "mission_priority": 0.8629,
        "estimated_landing_time": 1510.0,
        "wait_time": 0,
        "Landing_success_rate": 1.0
    },
    {
        "model": 2,
        "sequence": 12,
        "status": 1,
        "fuel": 6593,
        "fault": 0.3808,
        "weapon": 1,
        "pilot_injury": 0.0162,
        "pilot_skill": 0.1318,
        "mission_priority": 0.2639,
        "estimated_landing_time": 1134.0,
        "wait_time": 0,
        "Landing_success_rate": 1.0
    },
    {
        "model": 2,
        "sequence": 7,
        "status": 1,
        "fuel": 6951,
        "fault": 0.9093,
        "weapon": 0,
        "pilot_injury": 0.7579,
        "pilot_skill": 0.4865,
        "mission_priority": 0.5556,
        "estimated_landing_time": 664.0,
        "wait_time": 0,
        "Landing_success_rate": 1.0
    },
    {
        "model": 0,
        "sequence": 14,
        "status": 1,
        "fuel": 6544,
        "fault": 0.9093,
        "weapon": 1,
        "pilot_injury": 0.7581,
        "pilot_skill": 0.3076,
        "mission_priority": 0.3286,
        "estimated_landing_time": 1322.0,
        "wait_time": 0,
        "Landing_success_rate": 1.0
    },
    {
        "model": 1,
        "sequence": 2,
        "status": 1,
        "fuel": 6326,
        "fault": 0.1797,
        "weapon": 1,
        "pilot_injury": 0.747,
        "pilot_skill": 0.6091,
        "mission_priority": 0.2388,
        "estimated_landing_time": 194.0,
        "wait_time": 0,
        "Landing_success_rate": 1.0
    },
    {
        "model": 1,
        "sequence": 15,
        "status": 1,
        "fuel": 6628,
        "fault": 0.8526,
        "weapon": 1,
        "pilot_injury": 0.0456,
        "pilot_skill": 0.1871,
        "mission_priority": 0.1005,
        "estimated_landing_time": 1416.0,
        "wait_time": 0,
        "Landing_success_rate": 1.0
    },
    {
        "model": 1,
        "sequence": 18,
        "status": 1,
        "fuel": 6163,
        "fault": 0.383,
        "weapon": 1,
        "pilot_injury": 0.4449,
        "pilot_skill": 0.5941,
        "mission_priority": 0.6591,
        "estimated_landing_time": 1698.0,
        "wait_time": 0,
        "Landing_success_rate": 1.0
    },
    {
        "model": 1,
        "sequence": 10,
        "status": 1,
        "fuel": 6601,
        "fault": 0.1283,
        "weapon": 1,
        "pilot_injury": 0.8096,
        "pilot_skill": 0.9177,
        "mission_priority": 0.3159,
        "estimated_landing_time": 946.0,
        "wait_time": 0,
        "Landing_success_rate": 1.0
    },
    {
        "model": 2,
        "sequence": 1,
        "status": 1,
        "fuel": 7074,
        "fault": 0.4389,
        "weapon": 1,
        "pilot_injury": 0.9235,
        "pilot_skill": 0.0509,
        "mission_priority": 0.005,
        "estimated_landing_time": 100.0,
        "wait_time": 0,
        "Landing_success_rate": 1.0
    },
    {
        "model": 2,
        "sequence": 8,
        "status": 1,
        "fuel": 7410,
        "fault": 0.1016,
        "weapon": 0,
        "pilot_injury": 0.9146,
        "pilot_skill": 0.2167,
        "mission_priority": 0.8612,
        "estimated_landing_time": 758.0,
        "wait_time": 0,
        "Landing_success_rate": 1.0
    },
    {
        "model": 0,
        "sequence": 4,
        "status": 1,
        "fuel": 6436,
        "fault": 0.9227,
        "weapon": 1,
        "pilot_injury": 0.9731,
        "pilot_skill": 0.2312,
        "mission_priority": 0.133,
        "estimated_landing_time": 382.0,
        "wait_time": 0,
        "Landing_success_rate": 1.0
    },
    {
        "model": 1,
        "sequence": 3,
        "status": 1,
        "fuel": 7305,
        "fault": 0.2268,
        "weapon": 1,
        "pilot_injury": 0.0975,
        "pilot_skill": 0.3234,
        "mission_priority": 0.6353,
        "estimated_landing_time": 288.0,
        "wait_time": 0,
        "Landing_success_rate": 1.0
    }
]