[
    {
        "model": 0,
        "sequence": 11,
        "status": 1,
        "fuel": 6909,
        "fault": 0.5746,
        "weapon": 1,
        "pilot_injury": 0.3935,
        "pilot_skill": 0.6862,
        "mission_priority": 0.4118,
        "estimated_landing_time": 1040.0,
        "wait_time": 0,
        "Landing_success_rate": 1.0
    },
    {
        "model": 2,
        "sequence": 14,
        "status": 1,
        "fuel": 6807,
        "fault": 0.1408,
        "weapon": 1,
        "pilot_injury": 0.1538,
        "pilot_skill": 0.4874,
        "mission_priority": 0.7648,
        "estimated_landing_time": 1322.0,
        "wait_time": 0,
        "Landing_success_rate": 1.0
    },
    {
        "model": 1,
        "sequence": 12,
        "status": 1,
        "fuel": 6732,
        "fault": 0.4072,
        "weapon": 1,
        "pilot_injury": 0.75,
        "pilot_skill": 0.0616,
        "mission_priority": 0.1125,
        "estimated_landing_time": 1134.0,
        "wait_time": 0,
        "Landing_success_rate": 1.0
    },
    {
        "model": 1,
        "sequence": 17,
        "status": 1,
        "fuel": 7119,
        "fault": 0.12,
        "weapon": 1,
        "pilot_injury": 0.5878,
        "pilot_skill": 0.7922,
        "mission_priority": 0.5769,
        "estimated_landing_time": 1604.0,
        "wait_time": 0,
        "Landing_success_rate": 1.0
    },
    {
        "model": 2,
        "sequence": 15,
        "status": 1,
        "fuel": 6899,
        "fault": 0.8762,
        "weapon": 1,
        "pilot_injury": 0.1436,
        "pilot_skill": 0.7232,
        "mission_priority": 0.697,
        "estimated_landing_time": 1416.0,
        "wait_time": 0,
        "Landing_success_rate": 1.0
    },
    {
        "model": 0,
        "sequence": 13,
        "status": 1,
        "fuel": 5573,
        "fault": 0.9195,
        "weapon": 0,
        "pilot_injury": 0.7976,
        "pilot_skill": 0.5106,
        "mission_priority": 0.0592,
        "estimated_landing_time": 1228.0,
        "wait_time": 0,
        "Landing_success_rate": 1.0
    },
    {
        "model": 1,
        "sequence": 8,
        "status": 1,
        "fuel": 5790,
        "fault": 0.6203,
        "weapon": 1,
        "pilot_injury": 0.5848,
        "pilot_skill": 0.4368,
        "mission_priority": 0.9599,
        "estimated_landing_time": 758.0,
        "wait_time": 0,
        "Landing_success_rate": 1.0
    },
    {
        "model": 0,
        "sequence": 1,
        "status": 1,
        "fuel": 7446,
        "fault": 0.6312,
        "weapon": 0,
        "pilot_injury": 0.6532,
        "pilot_skill": 0.2808,
        "mission_priority": 0.1957,
        "estimated_landing_time": 100.0,
        "wait_time": 0,
        "Landing_success_rate": 1.0
    },
    {
        "model": 2,
        "sequence": 10,
        "status": 1,
        "fuel": 6792,
        "fault": 0.6571,
        "weapon": 1,
        "pilot_injury": 0.7397,
        "pilot_skill": 0.1401,
        "mission_priority": 0.7776,
        "estimated_landing_time": 946.0,
        "wait_time": 0,
        "Landing_success_rate": 1.0
    },
    {
        "model": 1,
        "sequence": 5,
        "status": 1,
        "fuel": 6568,
        "fault": 0.8052,
        "weapon": 1,
        "pilot_injury": 0.3004,
        "pilot_skill": 0.5132,
        "mission_priority": 0.3175,
        "estimated_landing_time": 476.0,
        "wait_time": 0,
        "Landing_success_rate": 1.0
    },
    {
        "model": 1,
        "sequence": 9,
        "status": 1,
        "fuel": 5723,
        "fault": 0.7089,
        "weapon": 0,
        "pilot_injury": 0.626,
        "pilot_skill": 0.748,
        "mission_priority": 0.713,
        "estimated_landing_time": 852.0,
        "wait_time": 0,
        "Landing_success_rate": 1.0
    },
    {
        "model": 1,
        "sequence": 16,
        "status": 1,
        "fuel": 7375,
        "fault": 0.2091,
        "weapon": 1,
        "pilot_injury": 0.9951,
        "pilot_skill": 0.4758,
        "mission_priority": 0.7182,
        "estimated_landing_time": 1510.0,
        "wait_time": 0,
        "Landing_success_rate": 1.0
    },
    {
        "model": 2,
        "sequence": 18,
        "status": 1,
        "fuel": 5735,
        "fault": 0.0297,
        "weapon": 1,
        "pilot_injury": 0.9958,
        "pilot_skill": 0.2173,
        "mission_priority": 0.4217,
        "estimated_landing_time": 1698.0,
        "wait_time": 0,
        "Landing_success_rate": 1.0
    },
    {
        "model": 2,
        "sequence": 4,
        "status": 1,
        "fuel": 6317,
        "fault": 0.4554,
        "weapon": 0,
        "pilot_injury": 0.713,
        "pilot_skill": 0.0048,
        "mission_priority": 0.8898,
        "estimated_landing_time": 382.0,
        "wait_time": 0,
        "Landing_success_rate": 1.0
    },
    {
        "model": 2,
        "sequence": 3,
        "status": 1,
        "fuel": 5714,
        "fault": 0.7492,
        "weapon": 1,
        "pilot_injury": 0.3314,
        "pilot_skill": 0.1263,
        "mission_priority": 0.9216,
        "estimated_landing_time": 288.0,
        "wait_time": 0,
        "Landing_success_rate": 1.0
    },
    {
        "model": 0,
        "sequence": 7,
        "status": 1,
        "fuel": 5901,
        "fault": 0.0699,
        "weapon": 1,
        "pilot_injury": 0.0709,
        "pilot_skill": 0.3257,
        "mission_priority": 0.1846,
        "estimated_landing_time": 664.0,
        "wait_time": 0,
        "Landing_success_rate": 1.0
    },
    {
        "model": 0,
        "sequence": 6,
        "status": 1,
        "fuel": 6839,
        "fault": 0.6889,
        "weapon": 0,
        "pilot_injury": 0.4982,
        "pilot_skill": 0.8858,
        "mission_priority": 0.1807,
        "estimated_landing_time": 570.0,
        "wait_time": 0,
        "Landing_success_rate": 1.0
    },
    {
        "model": 0,
        "sequence": 2,
        "status": 1,
        "fuel": 6606,
        "fault": 0.0111,
        "weapon": 1,
        "pilot_injury": 0.0678,
        "pilot_skill": 0.3727,
        "mission_priority": 0.5717,
        "estimated_landing_time": 194.0,
        "wait_time": 0,
        "Landing_success_rate": 1.0
    }
]