[
    {
        "model": 1,
        "sequence": 4,
        "status": 1,
        "fuel": 6494,
        "fault": 0.8462,
        "weapon": 1,
        "pilot_injury": 0.757,
        "pilot_skill": 0.9459,
        "mission_priority": 0.5199,
        "estimated_landing_time": 382.0,
        "wait_time": 0,
        "Landing_success_rate": 1.0
    },
    {
        "model": 0,
        "sequence": 9,
        "status": 1,
        "fuel": 5701,
        "fault": 0.0719,
        "weapon": 1,
        "pilot_injury": 0.7204,
        "pilot_skill": 0.651,
        "mission_priority": 0.9654,
        "estimated_landing_time": 852.0,
        "wait_time": 0,
        "Landing_success_rate": 1.0
    },
    {
        "model": 2,
        "sequence": 5,
        "status": 1,
        "fuel": 6309,
        "fault": 0.1183,
        "weapon": 1,
        "pilot_injury": 0.0248,
        "pilot_skill": 0.4535,
        "mission_priority": 0.6523,
        "estimated_landing_time": 476.0,
        "wait_time": 0,
        "Landing_success_rate": 1.0
    },
    {
        "model": 0,
        "sequence": 17,
        "status": 1,
        "fuel": 7427,
        "fault": 0.0685,
        "weapon": 0,
        "pilot_injury": 0.9091,
        "pilot_skill": 0.3019,
        "mission_priority": 0.466,
        "estimated_landing_time": 1604.0,
        "wait_time": 0,
        "Landing_success_rate": 1.0
    },
    {
        "model": 1,
        "sequence": 10,
        "status": 1,
        "fuel": 6625,
        "fault": 0.4579,
        "weapon": 0,
        "pilot_injury": 0.4238,
        "pilot_skill": 0.9027,
        "mission_priority": 0.8655,
        "estimated_landing_time": 946.0,
        "wait_time": 0,
        "Landing_success_rate": 1.0
    },
    {
        "model": 2,
        "sequence": 16,
        "status": 1,
        "fuel": 5508,
        "fault": 0.572,
        "weapon": 1,
        "pilot_injury": 0.7312,
        "pilot_skill": 0.2919,
        "mission_priority": 0.3944,
        "estimated_landing_time": 1510.0,
        "wait_time": 0,
        "Landing_success_rate": 1.0
    },
    {
        "model": 2,
        "sequence": 6,
        "status": 1,
        "fuel": 7057,
        "fault": 0.8107,
        "weapon": 0,
        "pilot_injury": 0.4372,
        "pilot_skill": 0.5341,
        "mission_priority": 0.6258,
        "estimated_landing_time": 570.0,
        "wait_time": 0,
        "Landing_success_rate": 1.0
    },
    {
        "model": 2,
        "sequence": 15,
        "status": 1,
        "fuel": 6444,
        "fault": 0.9248,
        "weapon": 1,
        "pilot_injury": 0.3593,
        "pilot_skill": 0.169,
        "mission_priority": 0.9736,
        "estimated_landing_time": 1416.0,
        "wait_time": 0,
        "Landing_success_rate": 1.0
    },
    {
        "model": 1,
        "sequence": 13,
        "status": 1,
        "fuel": 6199,
        "fault": 0.4732,
        "weapon": 1,
        "pilot_injury": 0.9596,
        "pilot_skill": 0.3749,
        "mission_priority": 0.2524,
        "estimated_landing_time": 1228.0,
        "wait_time": 0,
        "Landing_success_rate": 1.0
    },
    {
        "model": 0,
        "sequence": 2,
        "status": 1,
        "fuel": 7396,
        "fault": 0.402,
        "weapon": 1,
        "pilot_injury": 0.655,
        "pilot_skill": 0.612,
        "mission_priority": 0.3601,
        "estimated_landing_time": 194.0,
        "wait_time": 0,
        "Landing_success_rate": 1.0
    },
    {
        "model": 2,
        "sequence": 8,
        "status": 1,
        "fuel": 5611,
        "fault": 0.1298,
        "weapon": 1,
        "pilot_injury": 0.0317,
        "pilot_skill": 0.1177,
        "mission_priority": 0.3151,
        "estimated_landing_time": 758.0,
        "wait_time": 0,
        "Landing_success_rate": 1.0
    },
    {
        "model": 0,
        "sequence": 11,
        "status": 1,
        "fuel": 6313,
        "fault": 0.9748,
        "weapon": 1,
        "pilot_injury": 0.6845,
        "pilot_skill": 0.3735,
        "mission_priority": 0.8092,
        "estimated_landing_time": 1040.0,
        "wait_time": 0,
        "Landing_success_rate": 1.0
    },
    {
        "model": 1,
        "sequence": 14,
        "status": 1,
        "fuel": 7074,
        "fault": 0.3501,
        "weapon": 0,
        "pilot_injury": 0.7816,
        "pilot_skill": 0.8084,
        "mission_priority": 0.261,
        "estimated_landing_time": 1322.0,
        "wait_time": 0,
        "Landing_success_rate": 1.0
    },
    {
        "model": 1,
        "sequence": 7,
        "status": 1,
        "fuel": 5880,
        "fault": 0.3895,
        "weapon": 0,
        "pilot_injury": 0.047,
        "pilot_skill": 0.7839,
        "mission_priority": 0.4542,
        "estimated_landing_time": 664.0,
        "wait_time": 0,
        "Landing_success_rate": 1.0
    },
    {
        "model": 0,
        "sequence": 1,
        "status": 1,
        "fuel": 5947,
        "fault": 0.6282,
        "weapon": 1,
        "pilot_injury": 0.4187,
        "pilot_skill": 0.7566,
        "mission_priority": 0.9279,
        "estimated_landing_time": 100.0,
        "wait_time": 0,
        "Landing_success_rate": 1.0
    },
    {
        "model": 2,
        "sequence": 3,
        "status": 1,
        "fuel": 6671,
        "fault": 0.3038,
        "weapon": 0,
        "pilot_injury": 0.7319,
        "pilot_skill": 0.3307,
        "mission_priority": 0.5873,
        "estimated_landing_time": 288.0,
        "wait_time": 0,
        "Landing_success_rate": 1.0
    },
    {
        "model": 0,
        "sequence": 18,
        "status": 1,
        "fuel": 7164,
        "fault": 0.8954,
        "weapon": 0,
        "pilot_injury": 0.396,
        "pilot_skill": 0.9926,
        "mission_priority": 0.6373,
        "estimated_landing_time": 1698.0,
        "wait_time": 0,
        "Landing_success_rate": 1.0
    },
    {
        "model": 2,
        "sequence": 12,
        "status": 1,
        "fuel": 6779,
        "fault": 0.5778,
        "weapon": 1,
        "pilot_injury": 0.2095,
        "pilot_skill": 0.4016,
        "mission_priority": 0.1933,
        "estimated_landing_time": 1134.0,
        "wait_time": 0,
        "Landing_success_rate": 1.0
    }
]