[
    {
        "model": 1,
        "sequence": 1,
        "status": 1,
        "fuel": 7373,
        "fault": 0.8801,
        "weapon": 1,
        "pilot_injury": 0.1829,
        "pilot_skill": 0.0973,
        "mission_priority": 0.2425,
        "estimated_landing_time": 100.0,
        "wait_time": 0,
        "Landing_success_rate": 1.0
    },
    {
        "model": 1,
        "sequence": 14,
        "status": 1,
        "fuel": 7279,
        "fault": 0.1589,
        "weapon": 1,
        "pilot_injury": 0.2109,
        "pilot_skill": 0.7354,
        "mission_priority": 0.8186,
        "estimated_landing_time": 1322.0,
        "wait_time": 0,
        "Landing_success_rate": 1.0
    },
    {
        "model": 2,
        "sequence": 4,
        "status": 1,
        "fuel": 7011,
        "fault": 0.8562,
        "weapon": 1,
        "pilot_injury": 0.844,
        "pilot_skill": 0.6239,
        "mission_priority": 0.2934,
        "estimated_landing_time": 382.0,
        "wait_time": 0,
        "Landing_success_rate": 1.0
    },
    {
        "model": 2,
        "sequence": 9,
        "status": 1,
        "fuel": 6397,
        "fault": 0.5838,
        "weapon": 1,
        "pilot_injury": 0.5866,
        "pilot_skill": 0.9926,
        "mission_priority": 0.3016,
        "estimated_landing_time": 852.0,
        "wait_time": 0,
        "Landing_success_rate": 1.0
    },
    {
        "model": 2,
        "sequence": 11,
        "status": 1,
        "fuel": 6459,
        "fault": 0.66,
        "weapon": 1,
        "pilot_injury": 0.5403,
        "pilot_skill": 0.46,
        "mission_priority": 0.7832,
        "estimated_landing_time": 1040.0,
        "wait_time": 0,
        "Landing_success_rate": 1.0
    },
    {
        "model": 2,
        "sequence": 12,
        "status": 1,
        "fuel": 6877,
        "fault": 0.3219,
        "weapon": 0,
        "pilot_injury": 0.7607,
        "pilot_skill": 0.4721,
        "mission_priority": 0.1053,
        "estimated_landing_time": 1134.0,
        "wait_time": 0,
        "Landing_success_rate": 1.0
    },
    {
        "model": 2,
        "sequence": 5,
        "status": 1,
        "fuel": 6151,
        "fault": 0.7129,
        "weapon": 0,
        "pilot_injury": 0.8954,
        "pilot_skill": 0.4216,
        "mission_priority": 0.5604,
        "estimated_landing_time": 476.0,
        "wait_time": 0,
        "Landing_success_rate": 1.0
    },
    {
        "model": 2,
        "sequence": 10,
        "status": 1,
        "fuel": 5764,
        "fault": 0.7387,
        "weapon": 1,
        "pilot_injury": 0.3368,
        "pilot_skill": 0.6555,
        "mission_priority": 0.9847,
        "estimated_landing_time": 946.0,
        "wait_time": 0,
        "Landing_success_rate": 1.0
    },
    {
        "model": 1,
        "sequence": 7,
        "status": 1,
        "fuel": 7454,
        "fault": 0.5001,
        "weapon": 0,
        "pilot_injury": 0.5777,
        "pilot_skill": 0.0664,
        "mission_priority": 0.2469,
        "estimated_landing_time": 664.0,
        "wait_time": 0,
        "Landing_success_rate": 1.0
    },
    {
        "model": 2,
        "sequence": 3,
        "status": 1,
        "fuel": 6823,
        "fault": 0.2023,
        "weapon": 0,
        "pilot_injury": 0.6788,
        "pilot_skill": 0.4994,
        "mission_priority": 0.9329,
        "estimated_landing_time": 288.0,
        "wait_time": 0,
        "Landing_success_rate": 1.0
    },
    {
        "model": 0,
        "sequence": 2,
        "status": 1,
        "fuel": 6834,
        "fault": 0.9191,
        "weapon": 1,
        "pilot_injury": 0.3299,
        "pilot_skill": 0.236,
        "mission_priority": 0.9932,
        "estimated_landing_time": 194.0,
        "wait_time": 0,
        "Landing_success_rate": 1.0
    },
    {
        "model": 2,
        "sequence": 16,
        "status": 1,
        "fuel": 7183,
        "fault": 0.9329,
        "weapon": 0,
        "pilot_injury": 0.3905,
        "pilot_skill": 0.2041,
        "mission_priority": 0.1192,
        "estimated_landing_time": 1510.0,
        "wait_time": 0,
        "Landing_success_rate": 1.0
    },
    {
        "model": 0,
        "sequence": 15,
        "status": 1,
        "fuel": 5627,
        "fault": 0.9484,
        "weapon": 0,
        "pilot_injury": 0.9644,
        "pilot_skill": 0.4182,
        "mission_priority": 0.2474,
        "estimated_landing_time": 1416.0,
        "wait_time": 0,
        "Landing_success_rate": 1.0
    },
    {
        "model": 0,
        "sequence": 6,
        "status": 1,
        "fuel": 6323,
        "fault": 0.0283,
        "weapon": 0,
        "pilot_injury": 0.0721,
        "pilot_skill": 0.8278,
        "mission_priority": 0.4247,
        "estimated_landing_time": 570.0,
        "wait_time": 0,
        "Landing_success_rate": 1.0
    },
    {
        "model": 2,
        "sequence": 17,
        "status": 1,
        "fuel": 6163,
        "fault": 0.8275,
        "weapon": 0,
        "pilot_injury": 0.0614,
        "pilot_skill": 0.3678,
        "mission_priority": 0.5061,
        "estimated_landing_time": 1604.0,
        "wait_time": 0,
        "Landing_success_rate": 1.0
    },
    {
        "model": 1,
        "sequence": 13,
        "status": 1,
        "fuel": 6259,
        "fault": 0.0101,
        "weapon": 0,
        "pilot_injury": 0.7825,
        "pilot_skill": 0.1154,
        "mission_priority": 0.064,
        "estimated_landing_time": 1228.0,
        "wait_time": 0,
        "Landing_success_rate": 1.0
    },
    {
        "model": 1,
        "sequence": 8,
        "status": 1,
        "fuel": 6706,
        "fault": 0.6752,
        "weapon": 1,
        "pilot_injury": 0.7593,
        "pilot_skill": 0.1414,
        "mission_priority": 0.031,
        "estimated_landing_time": 758.0,
        "wait_time": 0,
        "Landing_success_rate": 1.0
    },
    {
        "model": 0,
        "sequence": 18,
        "status": 1,
        "fuel": 6271,
        "fault": 0.5178,
        "weapon": 0,
        "pilot_injury": 0.7541,
        "pilot_skill": 0.2028,
        "mission_priority": 0.5838,
        "estimated_landing_time": 1698.0,
        "wait_time": 0,
        "Landing_success_rate": 1.0
    }
]