[
    {
        "model": 0,
        "sequence": 16,
        "status": 1,
        "fuel": 6817,
        "fault": 0.1517,
        "weapon": 0,
        "pilot_injury": 0.3756,
        "pilot_skill": 0.9456,
        "mission_priority": 0.02,
        "estimated_landing_time": 1510.0,
        "wait_time": 0,
        "Landing_success_rate": 1.0
    },
    {
        "model": 1,
        "sequence": 14,
        "status": 1,
        "fuel": 6484,
        "fault": 0.7714,
        "weapon": 0,
        "pilot_injury": 0.909,
        "pilot_skill": 0.7356,
        "mission_priority": 0.8884,
        "estimated_landing_time": 1322.0,
        "wait_time": 0,
        "Landing_success_rate": 1.0
    },
    {
        "model": 2,
        "sequence": 1,
        "status": 1,
        "fuel": 6349,
        "fault": 0.0689,
        "weapon": 1,
        "pilot_injury": 0.7377,
        "pilot_skill": 0.7533,
        "mission_priority": 0.6053,
        "estimated_landing_time": 100.0,
        "wait_time": 0,
        "Landing_success_rate": 1.0
    },
    {
        "model": 0,
        "sequence": 11,
        "status": 1,
        "fuel": 7211,
        "fault": 0.0334,
        "weapon": 1,
        "pilot_injury": 0.5455,
        "pilot_skill": 0.9473,
        "mission_priority": 0.6942,
        "estimated_landing_time": 1040.0,
        "wait_time": 0,
        "Landing_success_rate": 1.0
    },
    {
        "model": 0,
        "sequence": 6,
        "status": 1,
        "fuel": 5855,
        "fault": 0.1379,
        "weapon": 1,
        "pilot_injury": 0.7502,
        "pilot_skill": 0.6305,
        "mission_priority": 0.8174,
        "estimated_landing_time": 570.0,
        "wait_time": 0,
        "Landing_success_rate": 1.0
    },
    {
        "model": 0,
        "sequence": 4,
        "status": 1,
        "fuel": 7339,
        "fault": 0.771,
        "weapon": 0,
        "pilot_injury": 0.9457,
        "pilot_skill": 0.7043,
        "mission_priority": 0.2008,
        "estimated_landing_time": 382.0,
        "wait_time": 0,
        "Landing_success_rate": 1.0
    },
    {
        "model": 2,
        "sequence": 3,
        "status": 1,
        "fuel": 6777,
        "fault": 0.2373,
        "weapon": 0,
        "pilot_injury": 0.5588,
        "pilot_skill": 0.7899,
        "mission_priority": 0.8125,
        "estimated_landing_time": 288.0,
        "wait_time": 0,
        "Landing_success_rate": 1.0
    },
    {
        "model": 0,
        "sequence": 9,
        "status": 1,
        "fuel": 5538,
        "fault": 0.7833,
        "weapon": 1,
        "pilot_injury": 0.5124,
        "pilot_skill": 0.4355,
        "mission_priority": 0.3137,
        "estimated_landing_time": 852.0,
        "wait_time": 0,
        "Landing_success_rate": 1.0
    },
    {
        "model": 0,
        "sequence": 17,
        "status": 1,
        "fuel": 6124,
        "fault": 0.3509,
        "weapon": 1,
        "pilot_injury": 0.9011,
        "pilot_skill": 0.0305,
        "mission_priority": 0.481,
        "estimated_landing_time": 1604.0,
        "wait_time": 0,
        "Landing_success_rate": 1.0
    },
    {
        "model": 1,
        "sequence": 10,
        "status": 1,
        "fuel": 5907,
        "fault": 0.6296,
        "weapon": 0,
        "pilot_injury": 0.6062,
        "pilot_skill": 0.2,
        "mission_priority": 0.7816,
        "estimated_landing_time": 946.0,
        "wait_time": 0,
        "Landing_success_rate": 1.0
    },
    {
        "model": 1,
        "sequence": 12,
        "status": 1,
        "fuel": 7384,
        "fault": 0.3279,
        "weapon": 1,
        "pilot_injury": 0.0251,
        "pilot_skill": 0.1897,
        "mission_priority": 0.6896,
        "estimated_landing_time": 1134.0,
        "wait_time": 0,
        "Landing_success_rate": 1.0
    },
    {
        "model": 1,
        "sequence": 2,
        "status": 1,
        "fuel": 6724,
        "fault": 0.1303,
        "weapon": 1,
        "pilot_injury": 0.972,
        "pilot_skill": 0.4153,
        "mission_priority": 0.417,
        "estimated_landing_time": 194.0,
        "wait_time": 0,
        "Landing_success_rate": 1.0
    },
    {
        "model": 2,
        "sequence": 13,
        "status": 1,
        "fuel": 6155,
        "fault": 0.8697,
        "weapon": 0,
        "pilot_injury": 0.3537,
        "pilot_skill": 0.7189,
        "mission_priority": 0.6197,
        "estimated_landing_time": 1228.0,
        "wait_time": 0,
        "Landing_success_rate": 1.0
    },
    {
        "model": 1,
        "sequence": 15,
        "status": 1,
        "fuel": 6426,
        "fault": 0.7858,
        "weapon": 1,
        "pilot_injury": 0.3956,
        "pilot_skill": 0.0716,
        "mission_priority": 0.9426,
        "estimated_landing_time": 1416.0,
        "wait_time": 0,
        "Landing_success_rate": 1.0
    },
    {
        "model": 0,
        "sequence": 18,
        "status": 1,
        "fuel": 7201,
        "fault": 0.9737,
        "weapon": 0,
        "pilot_injury": 0.647,
        "pilot_skill": 0.7242,
        "mission_priority": 0.7368,
        "estimated_landing_time": 1698.0,
        "wait_time": 0,
        "Landing_success_rate": 1.0
    },
    {
        "model": 0,
        "sequence": 7,
        "status": 1,
        "fuel": 6200,
        "fault": 0.4843,
        "weapon": 1,
        "pilot_injury": 0.544,
        "pilot_skill": 0.4386,
        "mission_priority": 0.8104,
        "estimated_landing_time": 664.0,
        "wait_time": 0,
        "Landing_success_rate": 1.0
    },
    {
        "model": 2,
        "sequence": 5,
        "status": 1,
        "fuel": 7475,
        "fault": 0.4997,
        "weapon": 0,
        "pilot_injury": 0.5388,
        "pilot_skill": 0.9001,
        "mission_priority": 0.2016,
        "estimated_landing_time": 476.0,
        "wait_time": 0,
        "Landing_success_rate": 1.0
    },
    {
        "model": 2,
        "sequence": 8,
        "status": 1,
        "fuel": 6641,
        "fault": 0.3257,
        "weapon": 1,
        "pilot_injury": 0.6183,
        "pilot_skill": 0.4221,
        "mission_priority": 0.9563,
        "estimated_landing_time": 758.0,
        "wait_time": 0,
        "Landing_success_rate": 1.0
    }
]