[
    {
        "model": 0,
        "sequence": 18,
        "status": 1,
        "fuel": 6754,
        "fault": 0.7225,
        "weapon": 1,
        "pilot_injury": 0.481,
        "pilot_skill": 0.2102,
        "mission_priority": 0.0235,
        "estimated_landing_time": 1698.0,
        "wait_time": 0,
        "Landing_success_rate": 1.0
    },
    {
        "model": 0,
        "sequence": 5,
        "status": 1,
        "fuel": 7444,
        "fault": 0.5718,
        "weapon": 0,
        "pilot_injury": 0.4251,
        "pilot_skill": 0.2088,
        "mission_priority": 0.9472,
        "estimated_landing_time": 476.0,
        "wait_time": 0,
        "Landing_success_rate": 1.0
    },
    {
        "model": 1,
        "sequence": 14,
        "status": 1,
        "fuel": 5548,
        "fault": 0.9478,
        "weapon": 0,
        "pilot_injury": 0.7369,
        "pilot_skill": 0.1721,
        "mission_priority": 0.4722,
        "estimated_landing_time": 1322.0,
        "wait_time": 0,
        "Landing_success_rate": 1.0
    },
    {
        "model": 1,
        "sequence": 10,
        "status": 1,
        "fuel": 7393,
        "fault": 0.2727,
        "weapon": 0,
        "pilot_injury": 0.1274,
        "pilot_skill": 0.4576,
        "mission_priority": 0.4682,
        "estimated_landing_time": 946.0,
        "wait_time": 0,
        "Landing_success_rate": 1.0
    },
    {
        "model": 2,
        "sequence": 9,
        "status": 1,
        "fuel": 5791,
        "fault": 0.7973,
        "weapon": 1,
        "pilot_injury": 0.0822,
        "pilot_skill": 0.314,
        "mission_priority": 0.2984,
        "estimated_landing_time": 852.0,
        "wait_time": 0,
        "Landing_success_rate": 1.0
    },
    {
        "model": 0,
        "sequence": 7,
        "status": 1,
        "fuel": 6149,
        "fault": 0.3053,
        "weapon": 1,
        "pilot_injury": 0.8798,
        "pilot_skill": 0.426,
        "mission_priority": 0.7227,
        "estimated_landing_time": 664.0,
        "wait_time": 0,
        "Landing_success_rate": 1.0
    },
    {
        "model": 0,
        "sequence": 11,
        "status": 1,
        "fuel": 6836,
        "fault": 0.7875,
        "weapon": 1,
        "pilot_injury": 0.4551,
        "pilot_skill": 0.8037,
        "mission_priority": 0.2558,
        "estimated_landing_time": 1040.0,
        "wait_time": 0,
        "Landing_success_rate": 1.0
    },
    {
        "model": 1,
        "sequence": 6,
        "status": 1,
        "fuel": 6979,
        "fault": 0.9037,
        "weapon": 1,
        "pilot_injury": 0.0314,
        "pilot_skill": 0.413,
        "mission_priority": 0.55,
        "estimated_landing_time": 570.0,
        "wait_time": 0,
        "Landing_success_rate": 1.0
    },
    {
        "model": 0,
        "sequence": 1,
        "status": 1,
        "fuel": 5858,
        "fault": 0.017,
        "weapon": 1,
        "pilot_injury": 0.4649,
        "pilot_skill": 0.3427,
        "mission_priority": 0.4407,
        "estimated_landing_time": 100.0,
        "wait_time": 0,
        "Landing_success_rate": 1.0
    },
    {
        "model": 1,
        "sequence": 15,
        "status": 1,
        "fuel": 6000,
        "fault": 0.508,
        "weapon": 1,
        "pilot_injury": 0.1812,
        "pilot_skill": 0.8482,
        "mission_priority": 0.1627,
        "estimated_landing_time": 1416.0,
        "wait_time": 0,
        "Landing_success_rate": 1.0
    },
    {
        "model": 2,
        "sequence": 13,
        "status": 1,
        "fuel": 6655,
        "fault": 0.819,
        "weapon": 0,
        "pilot_injury": 0.9682,
        "pilot_skill": 0.0661,
        "mission_priority": 0.8304,
        "estimated_landing_time": 1228.0,
        "wait_time": 0,
        "Landing_success_rate": 1.0
    },
    {
        "model": 1,
        "sequence": 3,
        "status": 1,
        "fuel": 7015,
        "fault": 0.2259,
        "weapon": 1,
        "pilot_injury": 0.2637,
        "pilot_skill": 0.4077,
        "mission_priority": 0.3142,
        "estimated_landing_time": 288.0,
        "wait_time": 0,
        "Landing_success_rate": 1.0
    },
    {
        "model": 2,
        "sequence": 16,
        "status": 1,
        "fuel": 6764,
        "fault": 0.5748,
        "weapon": 1,
        "pilot_injury": 0.3609,
        "pilot_skill": 0.4188,
        "mission_priority": 0.7611,
        "estimated_landing_time": 1510.0,
        "wait_time": 0,
        "Landing_success_rate": 1.0
    },
    {
        "model": 1,
        "sequence": 17,
        "status": 1,
        "fuel": 6841,
        "fault": 0.6049,
        "weapon": 1,
        "pilot_injury": 0.7041,
        "pilot_skill": 0.4826,
        "mission_priority": 0.1339,
        "estimated_landing_time": 1604.0,
        "wait_time": 0,
        "Landing_success_rate": 1.0
    },
    {
        "model": 2,
        "sequence": 2,
        "status": 1,
        "fuel": 6087,
        "fault": 0.4705,
        "weapon": 1,
        "pilot_injury": 0.3602,
        "pilot_skill": 0.2554,
        "mission_priority": 0.3821,
        "estimated_landing_time": 194.0,
        "wait_time": 0,
        "Landing_success_rate": 1.0
    },
    {
        "model": 0,
        "sequence": 8,
        "status": 1,
        "fuel": 6185,
        "fault": 0.7559,
        "weapon": 0,
        "pilot_injury": 0.6054,
        "pilot_skill": 0.6784,
        "mission_priority": 0.8656,
        "estimated_landing_time": 758.0,
        "wait_time": 0,
        "Landing_success_rate": 1.0
    },
    {
        "model": 1,
        "sequence": 4,
        "status": 1,
        "fuel": 6906,
        "fault": 0.4723,
        "weapon": 0,
        "pilot_injury": 0.1532,
        "pilot_skill": 0.2511,
        "mission_priority": 0.5023,
        "estimated_landing_time": 382.0,
        "wait_time": 0,
        "Landing_success_rate": 1.0
    },
    {
        "model": 1,
        "sequence": 12,
        "status": 1,
        "fuel": 7190,
        "fault": 0.9872,
        "weapon": 0,
        "pilot_injury": 0.2878,
        "pilot_skill": 0.9754,
        "mission_priority": 0.3469,
        "estimated_landing_time": 1134.0,
        "wait_time": 0,
        "Landing_success_rate": 1.0
    }
]