[
    {
        "model": 1,
        "sequence": 8,
        "status": 1,
        "fuel": 6246,
        "fault": 0.3963,
        "weapon": 0,
        "pilot_injury": 0.1822,
        "pilot_skill": 0.9686,
        "mission_priority": 0.658,
        "estimated_landing_time": 758.0,
        "wait_time": 0,
        "Landing_success_rate": 1.0
    },
    {
        "model": 2,
        "sequence": 17,
        "status": 1,
        "fuel": 7317,
        "fault": 0.4965,
        "weapon": 1,
        "pilot_injury": 0.7503,
        "pilot_skill": 0.2778,
        "mission_priority": 0.051,
        "estimated_landing_time": 1604.0,
        "wait_time": 0,
        "Landing_success_rate": 1.0
    },
    {
        "model": 0,
        "sequence": 14,
        "status": 1,
        "fuel": 6038,
        "fault": 0.8336,
        "weapon": 1,
        "pilot_injury": 0.9763,
        "pilot_skill": 0.0766,
        "mission_priority": 0.938,
        "estimated_landing_time": 1322.0,
        "wait_time": 0,
        "Landing_success_rate": 1.0
    },
    {
        "model": 0,
        "sequence": 10,
        "status": 1,
        "fuel": 5614,
        "fault": 0.304,
        "weapon": 0,
        "pilot_injury": 0.6488,
        "pilot_skill": 0.8902,
        "mission_priority": 0.7858,
        "estimated_landing_time": 946.0,
        "wait_time": 0,
        "Landing_success_rate": 1.0
    },
    {
        "model": 0,
        "sequence": 1,
        "status": 1,
        "fuel": 6568,
        "fault": 0.4305,
        "weapon": 0,
        "pilot_injury": 0.5257,
        "pilot_skill": 0.1296,
        "mission_priority": 0.461,
        "estimated_landing_time": 100.0,
        "wait_time": 0,
        "Landing_success_rate": 1.0
    },
    {
        "model": 2,
        "sequence": 2,
        "status": 1,
        "fuel": 7202,
        "fault": 0.7533,
        "weapon": 0,
        "pilot_injury": 0.4889,
        "pilot_skill": 0.3843,
        "mission_priority": 0.6298,
        "estimated_landing_time": 194.0,
        "wait_time": 0,
        "Landing_success_rate": 1.0
    },
    {
        "model": 2,
        "sequence": 18,
        "status": 1,
        "fuel": 6090,
        "fault": 0.1764,
        "weapon": 0,
        "pilot_injury": 0.8588,
        "pilot_skill": 0.8113,
        "mission_priority": 0.7892,
        "estimated_landing_time": 1698.0,
        "wait_time": 0,
        "Landing_success_rate": 1.0
    },
    {
        "model": 2,
        "sequence": 4,
        "status": 1,
        "fuel": 6724,
        "fault": 0.4333,
        "weapon": 0,
        "pilot_injury": 0.7289,
        "pilot_skill": 0.3872,
        "mission_priority": 0.1007,
        "estimated_landing_time": 382.0,
        "wait_time": 0,
        "Landing_success_rate": 1.0
    },
    {
        "model": 0,
        "sequence": 16,
        "status": 1,
        "fuel": 6354,
        "fault": 0.6549,
        "weapon": 1,
        "pilot_injury": 0.3909,
        "pilot_skill": 0.2974,
        "mission_priority": 0.5992,
        "estimated_landing_time": 1510.0,
        "wait_time": 0,
        "Landing_success_rate": 1.0
    },
    {
        "model": 2,
        "sequence": 7,
        "status": 1,
        "fuel": 5941,
        "fault": 0.1484,
        "weapon": 1,
        "pilot_injury": 0.5121,
        "pilot_skill": 0.9195,
        "mission_priority": 0.091,
        "estimated_landing_time": 664.0,
        "wait_time": 0,
        "Landing_success_rate": 1.0
    },
    {
        "model": 1,
        "sequence": 5,
        "status": 1,
        "fuel": 6920,
        "fault": 0.8242,
        "weapon": 0,
        "pilot_injury": 0.9506,
        "pilot_skill": 0.3716,
        "mission_priority": 0.3054,
        "estimated_landing_time": 476.0,
        "wait_time": 0,
        "Landing_success_rate": 1.0
    },
    {
        "model": 1,
        "sequence": 13,
        "status": 1,
        "fuel": 6015,
        "fault": 0.4045,
        "weapon": 1,
        "pilot_injury": 0.5019,
        "pilot_skill": 0.8377,
        "mission_priority": 0.2843,
        "estimated_landing_time": 1228.0,
        "wait_time": 0,
        "Landing_success_rate": 1.0
    },
    {
        "model": 1,
        "sequence": 3,
        "status": 1,
        "fuel": 5895,
        "fault": 0.5077,
        "weapon": 0,
        "pilot_injury": 0.1009,
        "pilot_skill": 0.9267,
        "mission_priority": 0.8726,
        "estimated_landing_time": 288.0,
        "wait_time": 0,
        "Landing_success_rate": 1.0
    },
    {
        "model": 2,
        "sequence": 11,
        "status": 1,
        "fuel": 5543,
        "fault": 0.3606,
        "weapon": 1,
        "pilot_injury": 0.9054,
        "pilot_skill": 0.0018,
        "mission_priority": 0.6006,
        "estimated_landing_time": 1040.0,
        "wait_time": 0,
        "Landing_success_rate": 1.0
    },
    {
        "model": 0,
        "sequence": 9,
        "status": 1,
        "fuel": 5738,
        "fault": 0.6336,
        "weapon": 0,
        "pilot_injury": 0.003,
        "pilot_skill": 0.2189,
        "mission_priority": 0.9224,
        "estimated_landing_time": 852.0,
        "wait_time": 0,
        "Landing_success_rate": 1.0
    },
    {
        "model": 0,
        "sequence": 12,
        "status": 1,
        "fuel": 6778,
        "fault": 0.0985,
        "weapon": 0,
        "pilot_injury": 0.7897,
        "pilot_skill": 0.8381,
        "mission_priority": 0.4776,
        "estimated_landing_time": 1134.0,
        "wait_time": 0,
        "Landing_success_rate": 1.0
    },
    {
        "model": 0,
        "sequence": 15,
        "status": 1,
        "fuel": 7056,
        "fault": 0.9545,
        "weapon": 0,
        "pilot_injury": 0.2638,
        "pilot_skill": 0.2553,
        "mission_priority": 0.8076,
        "estimated_landing_time": 1416.0,
        "wait_time": 0,
        "Landing_success_rate": 1.0
    },
    {
        "model": 0,
        "sequence": 6,
        "status": 1,
        "fuel": 7350,
        "fault": 0.9215,
        "weapon": 0,
        "pilot_injury": 0.3368,
        "pilot_skill": 0.491,
        "mission_priority": 0.7051,
        "estimated_landing_time": 570.0,
        "wait_time": 0,
        "Landing_success_rate": 1.0
    }
]