[
    {
        "model": 2,
        "sequence": 14,
        "status": 1,
        "fuel": 5722,
        "fault": 0.9353,
        "weapon": 1,
        "pilot_injury": 0.9029,
        "pilot_skill": 0.9699,
        "mission_priority": 0.3577,
        "estimated_landing_time": 1322.0,
        "wait_time": 0,
        "Landing_success_rate": 1.0
    },
    {
        "model": 1,
        "sequence": 9,
        "status": 1,
        "fuel": 6851,
        "fault": 0.8861,
        "weapon": 1,
        "pilot_injury": 0.6707,
        "pilot_skill": 0.1729,
        "mission_priority": 0.7801,
        "estimated_landing_time": 852.0,
        "wait_time": 0,
        "Landing_success_rate": 1.0
    },
    {
        "model": 0,
        "sequence": 7,
        "status": 1,
        "fuel": 6964,
        "fault": 0.6713,
        "weapon": 0,
        "pilot_injury": 0.0093,
        "pilot_skill": 0.9582,
        "mission_priority": 0.7402,
        "estimated_landing_time": 664.0,
        "wait_time": 0,
        "Landing_success_rate": 1.0
    },
    {
        "model": 0,
        "sequence": 6,
        "status": 1,
        "fuel": 5751,
        "fault": 0.2123,
        "weapon": 0,
        "pilot_injury": 0.7,
        "pilot_skill": 0.9567,
        "mission_priority": 0.1641,
        "estimated_landing_time": 570.0,
        "wait_time": 0,
        "Landing_success_rate": 1.0
    },
    {
        "model": 0,
        "sequence": 16,
        "status": 1,
        "fuel": 5720,
        "fault": 0.8902,
        "weapon": 1,
        "pilot_injury": 0.9681,
        "pilot_skill": 0.9714,
        "mission_priority": 0.2279,
        "estimated_landing_time": 1510.0,
        "wait_time": 0,
        "Landing_success_rate": 1.0
    },
    {
        "model": 2,
        "sequence": 5,
        "status": 1,
        "fuel": 6541,
        "fault": 0.644,
        "weapon": 1,
        "pilot_injury": 0.7348,
        "pilot_skill": 0.9723,
        "mission_priority": 0.8931,
        "estimated_landing_time": 476.0,
        "wait_time": 0,
        "Landing_success_rate": 1.0
    },
    {
        "model": 0,
        "sequence": 17,
        "status": 1,
        "fuel": 5732,
        "fault": 0.1749,
        "weapon": 1,
        "pilot_injury": 0.0486,
        "pilot_skill": 0.8178,
        "mission_priority": 0.6016,
        "estimated_landing_time": 1604.0,
        "wait_time": 0,
        "Landing_success_rate": 1.0
    },
    {
        "model": 2,
        "sequence": 1,
        "status": 1,
        "fuel": 5570,
        "fault": 0.9437,
        "weapon": 0,
        "pilot_injury": 0.0508,
        "pilot_skill": 0.1605,
        "mission_priority": 0.4842,
        "estimated_landing_time": 100.0,
        "wait_time": 0,
        "Landing_success_rate": 1.0
    },
    {
        "model": 2,
        "sequence": 10,
        "status": 1,
        "fuel": 6737,
        "fault": 0.709,
        "weapon": 0,
        "pilot_injury": 0.9644,
        "pilot_skill": 0.6181,
        "mission_priority": 0.2566,
        "estimated_landing_time": 946.0,
        "wait_time": 0,
        "Landing_success_rate": 1.0
    },
    {
        "model": 2,
        "sequence": 8,
        "status": 1,
        "fuel": 6405,
        "fault": 0.1121,
        "weapon": 1,
        "pilot_injury": 0.6753,
        "pilot_skill": 0.9263,
        "mission_priority": 0.3209,
        "estimated_landing_time": 758.0,
        "wait_time": 0,
        "Landing_success_rate": 1.0
    },
    {
        "model": 2,
        "sequence": 18,
        "status": 1,
        "fuel": 5674,
        "fault": 0.6112,
        "weapon": 1,
        "pilot_injury": 0.3083,
        "pilot_skill": 0.5088,
        "mission_priority": 0.4423,
        "estimated_landing_time": 1698.0,
        "wait_time": 0,
        "Landing_success_rate": 1.0
    },
    {
        "model": 0,
        "sequence": 13,
        "status": 1,
        "fuel": 5952,
        "fault": 0.1991,
        "weapon": 1,
        "pilot_injury": 0.2773,
        "pilot_skill": 0.8426,
        "mission_priority": 0.9987,
        "estimated_landing_time": 1228.0,
        "wait_time": 0,
        "Landing_success_rate": 1.0
    },
    {
        "model": 2,
        "sequence": 3,
        "status": 1,
        "fuel": 5550,
        "fault": 0.2505,
        "weapon": 0,
        "pilot_injury": 0.0489,
        "pilot_skill": 0.6564,
        "mission_priority": 0.0196,
        "estimated_landing_time": 288.0,
        "wait_time": 0,
        "Landing_success_rate": 1.0
    },
    {
        "model": 1,
        "sequence": 12,
        "status": 1,
        "fuel": 5535,
        "fault": 0.0965,
        "weapon": 0,
        "pilot_injury": 0.8865,
        "pilot_skill": 0.1377,
        "mission_priority": 0.9378,
        "estimated_landing_time": 1134.0,
        "wait_time": 0,
        "Landing_success_rate": 1.0
    },
    {
        "model": 1,
        "sequence": 4,
        "status": 1,
        "fuel": 7189,
        "fault": 0.4378,
        "weapon": 1,
        "pilot_injury": 0.4117,
        "pilot_skill": 0.9053,
        "mission_priority": 0.528,
        "estimated_landing_time": 382.0,
        "wait_time": 0,
        "Landing_success_rate": 1.0
    },
    {
        "model": 1,
        "sequence": 2,
        "status": 1,
        "fuel": 6769,
        "fault": 0.0166,
        "weapon": 0,
        "pilot_injury": 0.2323,
        "pilot_skill": 0.2729,
        "mission_priority": 0.9193,
        "estimated_landing_time": 194.0,
        "wait_time": 0,
        "Landing_success_rate": 1.0
    },
    {
        "model": 2,
        "sequence": 11,
        "status": 1,
        "fuel": 6039,
        "fault": 0.8681,
        "weapon": 0,
        "pilot_injury": 0.4166,
        "pilot_skill": 0.8076,
        "mission_priority": 0.5706,
        "estimated_landing_time": 1040.0,
        "wait_time": 0,
        "Landing_success_rate": 1.0
    },
    {
        "model": 0,
        "sequence": 15,
        "status": 1,
        "fuel": 7169,
        "fault": 0.7612,
        "weapon": 0,
        "pilot_injury": 0.2327,
        "pilot_skill": 0.202,
        "mission_priority": 0.9891,
        "estimated_landing_time": 1416.0,
        "wait_time": 0,
        "Landing_success_rate": 1.0
    }
]