[
    {
        "model": 0,
        "sequence": 11,
        "status": 1,
        "fuel": 7224,
        "fault": 0.5636,
        "weapon": 0,
        "pilot_injury": 0.6587,
        "pilot_skill": 0.1473,
        "mission_priority": 0.4702,
        "estimated_landing_time": 1040.0,
        "wait_time": 0,
        "Landing_success_rate": 1.0
    },
    {
        "model": 1,
        "sequence": 5,
        "status": 1,
        "fuel": 7176,
        "fault": 0.4054,
        "weapon": 1,
        "pilot_injury": 0.6622,
        "pilot_skill": 0.1492,
        "mission_priority": 0.0174,
        "estimated_landing_time": 476.0,
        "wait_time": 0,
        "Landing_success_rate": 1.0
    },
    {
        "model": 2,
        "sequence": 8,
        "status": 1,
        "fuel": 7139,
        "fault": 0.5897,
        "weapon": 1,
        "pilot_injury": 0.4204,
        "pilot_skill": 0.9312,
        "mission_priority": 0.7071,
        "estimated_landing_time": 758.0,
        "wait_time": 0,
        "Landing_success_rate": 1.0
    },
    {
        "model": 2,
        "sequence": 12,
        "status": 1,
        "fuel": 7176,
        "fault": 0.7404,
        "weapon": 1,
        "pilot_injury": 0.6185,
        "pilot_skill": 0.6576,
        "mission_priority": 0.4836,
        "estimated_landing_time": 1134.0,
        "wait_time": 0,
        "Landing_success_rate": 1.0
    },
    {
        "model": 1,
        "sequence": 15,
        "status": 1,
        "fuel": 6877,
        "fault": 0.7773,
        "weapon": 0,
        "pilot_injury": 0.2657,
        "pilot_skill": 0.4572,
        "mission_priority": 0.7879,
        "estimated_landing_time": 1416.0,
        "wait_time": 0,
        "Landing_success_rate": 1.0
    },
    {
        "model": 0,
        "sequence": 6,
        "status": 1,
        "fuel": 6627,
        "fault": 0.1789,
        "weapon": 0,
        "pilot_injury": 0.7961,
        "pilot_skill": 0.9934,
        "mission_priority": 0.7166,
        "estimated_landing_time": 570.0,
        "wait_time": 0,
        "Landing_success_rate": 1.0
    },
    {
        "model": 2,
        "sequence": 2,
        "status": 1,
        "fuel": 7367,
        "fault": 0.6445,
        "weapon": 0,
        "pilot_injury": 0.3381,
        "pilot_skill": 0.0112,
        "mission_priority": 0.987,
        "estimated_landing_time": 194.0,
        "wait_time": 0,
        "Landing_success_rate": 1.0
    },
    {
        "model": 1,
        "sequence": 18,
        "status": 1,
        "fuel": 5744,
        "fault": 0.0415,
        "weapon": 1,
        "pilot_injury": 0.8125,
        "pilot_skill": 0.3975,
        "mission_priority": 0.5413,
        "estimated_landing_time": 1698.0,
        "wait_time": 0,
        "Landing_success_rate": 1.0
    },
    {
        "model": 2,
        "sequence": 1,
        "status": 1,
        "fuel": 7397,
        "fault": 0.2201,
        "weapon": 0,
        "pilot_injury": 0.1176,
        "pilot_skill": 0.5436,
        "mission_priority": 0.1201,
        "estimated_landing_time": 100.0,
        "wait_time": 0,
        "Landing_success_rate": 1.0
    },
    {
        "model": 2,
        "sequence": 9,
        "status": 1,
        "fuel": 6848,
        "fault": 0.2028,
        "weapon": 0,
        "pilot_injury": 0.7069,
        "pilot_skill": 0.872,
        "mission_priority": 0.5779,
        "estimated_landing_time": 852.0,
        "wait_time": 0,
        "Landing_success_rate": 1.0
    },
    {
        "model": 1,
        "sequence": 14,
        "status": 1,
        "fuel": 5649,
        "fault": 0.5646,
        "weapon": 0,
        "pilot_injury": 0.0212,
        "pilot_skill": 0.3043,
        "mission_priority": 0.2787,
        "estimated_landing_time": 1322.0,
        "wait_time": 0,
        "Landing_success_rate": 1.0
    },
    {
        "model": 2,
        "sequence": 3,
        "status": 1,
        "fuel": 5688,
        "fault": 0.6368,
        "weapon": 1,
        "pilot_injury": 0.2643,
        "pilot_skill": 0.2577,
        "mission_priority": 0.5057,
        "estimated_landing_time": 288.0,
        "wait_time": 0,
        "Landing_success_rate": 1.0
    },
    {
        "model": 1,
        "sequence": 10,
        "status": 1,
        "fuel": 6223,
        "fault": 0.806,
        "weapon": 0,
        "pilot_injury": 0.5144,
        "pilot_skill": 0.1834,
        "mission_priority": 0.81,
        "estimated_landing_time": 946.0,
        "wait_time": 0,
        "Landing_success_rate": 1.0
    },
    {
        "model": 1,
        "sequence": 16,
        "status": 1,
        "fuel": 5722,
        "fault": 0.6938,
        "weapon": 1,
        "pilot_injury": 0.1669,
        "pilot_skill": 0.797,
        "mission_priority": 0.703,
        "estimated_landing_time": 1510.0,
        "wait_time": 0,
        "Landing_success_rate": 1.0
    },
    {
        "model": 2,
        "sequence": 13,
        "status": 1,
        "fuel": 5698,
        "fault": 0.9584,
        "weapon": 0,
        "pilot_injury": 0.4605,
        "pilot_skill": 0.6365,
        "mission_priority": 0.8793,
        "estimated_landing_time": 1228.0,
        "wait_time": 0,
        "Landing_success_rate": 1.0
    },
    {
        "model": 2,
        "sequence": 4,
        "status": 1,
        "fuel": 6352,
        "fault": 0.268,
        "weapon": 1,
        "pilot_injury": 0.0427,
        "pilot_skill": 0.1755,
        "mission_priority": 0.6502,
        "estimated_landing_time": 382.0,
        "wait_time": 0,
        "Landing_success_rate": 1.0
    },
    {
        "model": 0,
        "sequence": 17,
        "status": 1,
        "fuel": 6960,
        "fault": 0.1743,
        "weapon": 1,
        "pilot_injury": 0.699,
        "pilot_skill": 0.3082,
        "mission_priority": 0.6691,
        "estimated_landing_time": 1604.0,
        "wait_time": 0,
        "Landing_success_rate": 1.0
    },
    {
        "model": 0,
        "sequence": 7,
        "status": 1,
        "fuel": 6364,
        "fault": 0.9186,
        "weapon": 1,
        "pilot_injury": 0.8972,
        "pilot_skill": 0.6921,
        "mission_priority": 0.3606,
        "estimated_landing_time": 664.0,
        "wait_time": 0,
        "Landing_success_rate": 1.0
    }
]