[
    {
        "model": 2,
        "sequence": 7,
        "status": 1,
        "fuel": 6854,
        "fault": 0.4352,
        "weapon": 1,
        "pilot_injury": 0.6472,
        "pilot_skill": 0.2213,
        "mission_priority": 0.4806,
        "estimated_landing_time": 664.0,
        "wait_time": 0,
        "Landing_success_rate": 1.0
    },
    {
        "model": 2,
        "sequence": 11,
        "status": 1,
        "fuel": 6019,
        "fault": 0.0602,
        "weapon": 0,
        "pilot_injury": 0.1166,
        "pilot_skill": 0.0217,
        "mission_priority": 0.1846,
        "estimated_landing_time": 1040.0,
        "wait_time": 0,
        "Landing_success_rate": 1.0
    },
    {
        "model": 0,
        "sequence": 10,
        "status": 1,
        "fuel": 7053,
        "fault": 0.8124,
        "weapon": 1,
        "pilot_injury": 0.1562,
        "pilot_skill": 0.8627,
        "mission_priority": 0.0867,
        "estimated_landing_time": 946.0,
        "wait_time": 0,
        "Landing_success_rate": 1.0
    },
    {
        "model": 1,
        "sequence": 12,
        "status": 1,
        "fuel": 7384,
        "fault": 0.0301,
        "weapon": 0,
        "pilot_injury": 0.6115,
        "pilot_skill": 0.1597,
        "mission_priority": 0.3901,
        "estimated_landing_time": 1134.0,
        "wait_time": 0,
        "Landing_success_rate": 1.0
    },
    {
        "model": 1,
        "sequence": 17,
        "status": 1,
        "fuel": 5749,
        "fault": 0.8802,
        "weapon": 0,
        "pilot_injury": 0.3459,
        "pilot_skill": 0.8522,
        "mission_priority": 0.1818,
        "estimated_landing_time": 1604.0,
        "wait_time": 0,
        "Landing_success_rate": 1.0
    },
    {
        "model": 2,
        "sequence": 9,
        "status": 1,
        "fuel": 6576,
        "fault": 0.8737,
        "weapon": 1,
        "pilot_injury": 0.5638,
        "pilot_skill": 0.1117,
        "mission_priority": 0.1894,
        "estimated_landing_time": 852.0,
        "wait_time": 0,
        "Landing_success_rate": 1.0
    },
    {
        "model": 1,
        "sequence": 13,
        "status": 1,
        "fuel": 6607,
        "fault": 0.6796,
        "weapon": 0,
        "pilot_injury": 0.7432,
        "pilot_skill": 0.1043,
        "mission_priority": 0.5855,
        "estimated_landing_time": 1228.0,
        "wait_time": 0,
        "Landing_success_rate": 1.0
    },
    {
        "model": 1,
        "sequence": 8,
        "status": 1,
        "fuel": 5707,
        "fault": 0.1053,
        "weapon": 1,
        "pilot_injury": 0.2611,
        "pilot_skill": 0.8984,
        "mission_priority": 0.6263,
        "estimated_landing_time": 758.0,
        "wait_time": 0,
        "Landing_success_rate": 1.0
    },
    {
        "model": 1,
        "sequence": 14,
        "status": 1,
        "fuel": 6643,
        "fault": 0.5627,
        "weapon": 0,
        "pilot_injury": 0.7919,
        "pilot_skill": 0.2825,
        "mission_priority": 0.2888,
        "estimated_landing_time": 1322.0,
        "wait_time": 0,
        "Landing_success_rate": 1.0
    },
    {
        "model": 2,
        "sequence": 4,
        "status": 1,
        "fuel": 5744,
        "fault": 0.9317,
        "weapon": 1,
        "pilot_injury": 0.2342,
        "pilot_skill": 0.5242,
        "mission_priority": 0.6859,
        "estimated_landing_time": 382.0,
        "wait_time": 0,
        "Landing_success_rate": 1.0
    },
    {
        "model": 2,
        "sequence": 5,
        "status": 1,
        "fuel": 6837,
        "fault": 0.142,
        "weapon": 1,
        "pilot_injury": 0.0421,
        "pilot_skill": 0.3037,
        "mission_priority": 0.674,
        "estimated_landing_time": 476.0,
        "wait_time": 0,
        "Landing_success_rate": 1.0
    },
    {
        "model": 1,
        "sequence": 3,
        "status": 1,
        "fuel": 6939,
        "fault": 0.249,
        "weapon": 1,
        "pilot_injury": 0.8791,
        "pilot_skill": 0.6743,
        "mission_priority": 0.4989,
        "estimated_landing_time": 288.0,
        "wait_time": 0,
        "Landing_success_rate": 1.0
    },
    {
        "model": 2,
        "sequence": 16,
        "status": 1,
        "fuel": 6513,
        "fault": 0.9416,
        "weapon": 1,
        "pilot_injury": 0.5743,
        "pilot_skill": 0.1553,
        "mission_priority": 0.4817,
        "estimated_landing_time": 1510.0,
        "wait_time": 0,
        "Landing_success_rate": 1.0
    },
    {
        "model": 1,
        "sequence": 18,
        "status": 1,
        "fuel": 6447,
        "fault": 0.9914,
        "weapon": 0,
        "pilot_injury": 0.1056,
        "pilot_skill": 0.1065,
        "mission_priority": 0.9641,
        "estimated_landing_time": 1698.0,
        "wait_time": 0,
        "Landing_success_rate": 1.0
    },
    {
        "model": 2,
        "sequence": 2,
        "status": 1,
        "fuel": 5509,
        "fault": 0.097,
        "weapon": 0,
        "pilot_injury": 0.789,
        "pilot_skill": 0.6558,
        "mission_priority": 0.1169,
        "estimated_landing_time": 194.0,
        "wait_time": 0,
        "Landing_success_rate": 1.0
    },
    {
        "model": 1,
        "sequence": 1,
        "status": 1,
        "fuel": 5987,
        "fault": 0.3336,
        "weapon": 1,
        "pilot_injury": 0.5958,
        "pilot_skill": 0.58,
        "mission_priority": 0.9235,
        "estimated_landing_time": 100.0,
        "wait_time": 0,
        "Landing_success_rate": 1.0
    },
    {
        "model": 2,
        "sequence": 6,
        "status": 1,
        "fuel": 6009,
        "fault": 0.0994,
        "weapon": 1,
        "pilot_injury": 0.8912,
        "pilot_skill": 0.8013,
        "mission_priority": 0.3329,
        "estimated_landing_time": 570.0,
        "wait_time": 0,
        "Landing_success_rate": 1.0
    },
    {
        "model": 1,
        "sequence": 15,
        "status": 1,
        "fuel": 7295,
        "fault": 0.503,
        "weapon": 1,
        "pilot_injury": 0.6896,
        "pilot_skill": 0.3866,
        "mission_priority": 0.8483,
        "estimated_landing_time": 1416.0,
        "wait_time": 0,
        "Landing_success_rate": 1.0
    }
]