[
    {
        "model": 0,
        "sequence": 10,
        "status": 1,
        "fuel": 6796,
        "fault": 0.1517,
        "weapon": 1,
        "pilot_injury": 0.5462,
        "pilot_skill": 0.4055,
        "mission_priority": 0.1125,
        "estimated_landing_time": 946.0,
        "wait_time": 0,
        "Landing_success_rate": 1.0
    },
    {
        "model": 1,
        "sequence": 15,
        "status": 1,
        "fuel": 5962,
        "fault": 0.16,
        "weapon": 0,
        "pilot_injury": 0.4612,
        "pilot_skill": 0.5846,
        "mission_priority": 0.1814,
        "estimated_landing_time": 1416.0,
        "wait_time": 0,
        "Landing_success_rate": 1.0
    },
    {
        "model": 2,
        "sequence": 1,
        "status": 1,
        "fuel": 6000,
        "fault": 0.1678,
        "weapon": 1,
        "pilot_injury": 0.3142,
        "pilot_skill": 0.2506,
        "mission_priority": 0.0559,
        "estimated_landing_time": 100.0,
        "wait_time": 0,
        "Landing_success_rate": 1.0
    },
    {
        "model": 2,
        "sequence": 3,
        "status": 1,
        "fuel": 7149,
        "fault": 0.5302,
        "weapon": 0,
        "pilot_injury": 0.66,
        "pilot_skill": 0.6416,
        "mission_priority": 0.5398,
        "estimated_landing_time": 288.0,
        "wait_time": 0,
        "Landing_success_rate": 1.0
    },
    {
        "model": 0,
        "sequence": 6,
        "status": 1,
        "fuel": 6415,
        "fault": 0.081,
        "weapon": 0,
        "pilot_injury": 0.8407,
        "pilot_skill": 0.5131,
        "mission_priority": 0.1319,
        "estimated_landing_time": 570.0,
        "wait_time": 0,
        "Landing_success_rate": 1.0
    },
    {
        "model": 0,
        "sequence": 18,
        "status": 1,
        "fuel": 7472,
        "fault": 0.2992,
        "weapon": 0,
        "pilot_injury": 0.2446,
        "pilot_skill": 0.922,
        "mission_priority": 0.4989,
        "estimated_landing_time": 1698.0,
        "wait_time": 0,
        "Landing_success_rate": 1.0
    },
    {
        "model": 2,
        "sequence": 11,
        "status": 1,
        "fuel": 6255,
        "fault": 0.0634,
        "weapon": 0,
        "pilot_injury": 0.8107,
        "pilot_skill": 0.3889,
        "mission_priority": 0.134,
        "estimated_landing_time": 1040.0,
        "wait_time": 0,
        "Landing_success_rate": 1.0
    },
    {
        "model": 2,
        "sequence": 12,
        "status": 1,
        "fuel": 5572,
        "fault": 0.5332,
        "weapon": 0,
        "pilot_injury": 0.9489,
        "pilot_skill": 0.1936,
        "mission_priority": 0.6265,
        "estimated_landing_time": 1134.0,
        "wait_time": 0,
        "Landing_success_rate": 1.0
    },
    {
        "model": 0,
        "sequence": 14,
        "status": 1,
        "fuel": 7449,
        "fault": 0.1119,
        "weapon": 1,
        "pilot_injury": 0.9537,
        "pilot_skill": 0.0766,
        "mission_priority": 0.5869,
        "estimated_landing_time": 1322.0,
        "wait_time": 0,
        "Landing_success_rate": 1.0
    },
    {
        "model": 0,
        "sequence": 5,
        "status": 1,
        "fuel": 5755,
        "fault": 0.3858,
        "weapon": 1,
        "pilot_injury": 0.0579,
        "pilot_skill": 0.0799,
        "mission_priority": 0.3192,
        "estimated_landing_time": 476.0,
        "wait_time": 0,
        "Landing_success_rate": 1.0
    },
    {
        "model": 0,
        "sequence": 9,
        "status": 1,
        "fuel": 7385,
        "fault": 0.2239,
        "weapon": 0,
        "pilot_injury": 0.8136,
        "pilot_skill": 0.8814,
        "mission_priority": 0.6924,
        "estimated_landing_time": 852.0,
        "wait_time": 0,
        "Landing_success_rate": 1.0
    },
    {
        "model": 0,
        "sequence": 2,
        "status": 1,
        "fuel": 7172,
        "fault": 0.0303,
        "weapon": 0,
        "pilot_injury": 0.7472,
        "pilot_skill": 0.9417,
        "mission_priority": 0.5705,
        "estimated_landing_time": 194.0,
        "wait_time": 0,
        "Landing_success_rate": 1.0
    },
    {
        "model": 2,
        "sequence": 8,
        "status": 1,
        "fuel": 6617,
        "fault": 0.6118,
        "weapon": 1,
        "pilot_injury": 0.2808,
        "pilot_skill": 0.1547,
        "mission_priority": 0.7509,
        "estimated_landing_time": 758.0,
        "wait_time": 0,
        "Landing_success_rate": 1.0
    },
    {
        "model": 1,
        "sequence": 13,
        "status": 1,
        "fuel": 7130,
        "fault": 0.3158,
        "weapon": 1,
        "pilot_injury": 0.6439,
        "pilot_skill": 0.7891,
        "mission_priority": 0.5823,
        "estimated_landing_time": 1228.0,
        "wait_time": 0,
        "Landing_success_rate": 1.0
    },
    {
        "model": 2,
        "sequence": 7,
        "status": 1,
        "fuel": 5915,
        "fault": 0.2319,
        "weapon": 0,
        "pilot_injury": 0.2524,
        "pilot_skill": 0.637,
        "mission_priority": 0.8294,
        "estimated_landing_time": 664.0,
        "wait_time": 0,
        "Landing_success_rate": 1.0
    },
    {
        "model": 0,
        "sequence": 4,
        "status": 1,
        "fuel": 6968,
        "fault": 0.414,
        "weapon": 1,
        "pilot_injury": 0.6769,
        "pilot_skill": 0.8136,
        "mission_priority": 0.2765,
        "estimated_landing_time": 382.0,
        "wait_time": 0,
        "Landing_success_rate": 1.0
    },
    {
        "model": 2,
        "sequence": 17,
        "status": 1,
        "fuel": 7406,
        "fault": 0.1422,
        "weapon": 1,
        "pilot_injury": 0.0422,
        "pilot_skill": 0.416,
        "mission_priority": 0.0178,
        "estimated_landing_time": 1604.0,
        "wait_time": 0,
        "Landing_success_rate": 1.0
    },
    {
        "model": 0,
        "sequence": 16,
        "status": 1,
        "fuel": 6343,
        "fault": 0.4243,
        "weapon": 0,
        "pilot_injury": 0.1117,
        "pilot_skill": 0.1142,
        "mission_priority": 0.8271,
        "estimated_landing_time": 1510.0,
        "wait_time": 0,
        "Landing_success_rate": 1.0
    }
]