[
    {
        "model": 1,
        "sequence": 3,
        "status": 1,
        "fuel": 7044,
        "fault": 0.7599,
        "weapon": 1,
        "pilot_injury": 0.5316,
        "pilot_skill": 0.4323,
        "mission_priority": 0.6001,
        "estimated_landing_time": 288.0,
        "wait_time": 0,
        "Landing_success_rate": 1.0
    },
    {
        "model": 1,
        "sequence": 9,
        "status": 1,
        "fuel": 6920,
        "fault": 0.2027,
        "weapon": 0,
        "pilot_injury": 0.094,
        "pilot_skill": 0.5768,
        "mission_priority": 0.7144,
        "estimated_landing_time": 852.0,
        "wait_time": 0,
        "Landing_success_rate": 1.0
    },
    {
        "model": 2,
        "sequence": 7,
        "status": 1,
        "fuel": 6932,
        "fault": 0.8501,
        "weapon": 1,
        "pilot_injury": 0.152,
        "pilot_skill": 0.171,
        "mission_priority": 0.5169,
        "estimated_landing_time": 664.0,
        "wait_time": 0,
        "Landing_success_rate": 1.0
    },
    {
        "model": 0,
        "sequence": 17,
        "status": 1,
        "fuel": 7408,
        "fault": 0.5593,
        "weapon": 1,
        "pilot_injury": 0.9264,
        "pilot_skill": 0.6935,
        "mission_priority": 0.7826,
        "estimated_landing_time": 1604.0,
        "wait_time": 0,
        "Landing_success_rate": 1.0
    },
    {
        "model": 1,
        "sequence": 1,
        "status": 1,
        "fuel": 6391,
        "fault": 0.1028,
        "weapon": 1,
        "pilot_injury": 0.6417,
        "pilot_skill": 0.579,
        "mission_priority": 0.7849,
        "estimated_landing_time": 100.0,
        "wait_time": 0,
        "Landing_success_rate": 1.0
    },
    {
        "model": 1,
        "sequence": 2,
        "status": 1,
        "fuel": 6649,
        "fault": 0.6692,
        "weapon": 0,
        "pilot_injury": 0.7135,
        "pilot_skill": 0.6021,
        "mission_priority": 0.0388,
        "estimated_landing_time": 194.0,
        "wait_time": 0,
        "Landing_success_rate": 1.0
    },
    {
        "model": 0,
        "sequence": 13,
        "status": 1,
        "fuel": 6398,
        "fault": 0.1378,
        "weapon": 0,
        "pilot_injury": 0.962,
        "pilot_skill": 0.0815,
        "mission_priority": 0.7203,
        "estimated_landing_time": 1228.0,
        "wait_time": 0,
        "Landing_success_rate": 1.0
    },
    {
        "model": 1,
        "sequence": 14,
        "status": 1,
        "fuel": 6413,
        "fault": 0.375,
        "weapon": 1,
        "pilot_injury": 0.519,
        "pilot_skill": 0.6295,
        "mission_priority": 0.0754,
        "estimated_landing_time": 1322.0,
        "wait_time": 0,
        "Landing_success_rate": 1.0
    },
    {
        "model": 0,
        "sequence": 8,
        "status": 1,
        "fuel": 6621,
        "fault": 0.937,
        "weapon": 1,
        "pilot_injury": 0.9412,
        "pilot_skill": 0.5683,
        "mission_priority": 0.2583,
        "estimated_landing_time": 758.0,
        "wait_time": 0,
        "Landing_success_rate": 1.0
    },
    {
        "model": 2,
        "sequence": 4,
        "status": 1,
        "fuel": 5650,
        "fault": 0.3274,
        "weapon": 0,
        "pilot_injury": 0.7303,
        "pilot_skill": 0.0164,
        "mission_priority": 0.9828,
        "estimated_landing_time": 382.0,
        "wait_time": 0,
        "Landing_success_rate": 1.0
    },
    {
        "model": 1,
        "sequence": 16,
        "status": 1,
        "fuel": 6230,
        "fault": 0.1938,
        "weapon": 1,
        "pilot_injury": 0.5707,
        "pilot_skill": 0.1784,
        "mission_priority": 0.2473,
        "estimated_landing_time": 1510.0,
        "wait_time": 0,
        "Landing_success_rate": 1.0
    },
    {
        "model": 1,
        "sequence": 15,
        "status": 1,
        "fuel": 6847,
        "fault": 0.0066,
        "weapon": 0,
        "pilot_injury": 0.2516,
        "pilot_skill": 0.7397,
        "mission_priority": 0.2742,
        "estimated_landing_time": 1416.0,
        "wait_time": 0,
        "Landing_success_rate": 1.0
    },
    {
        "model": 0,
        "sequence": 11,
        "status": 1,
        "fuel": 6272,
        "fault": 0.8485,
        "weapon": 0,
        "pilot_injury": 0.8602,
        "pilot_skill": 0.1197,
        "mission_priority": 0.0871,
        "estimated_landing_time": 1040.0,
        "wait_time": 0,
        "Landing_success_rate": 1.0
    },
    {
        "model": 2,
        "sequence": 5,
        "status": 1,
        "fuel": 6350,
        "fault": 0.0632,
        "weapon": 0,
        "pilot_injury": 0.9427,
        "pilot_skill": 0.9086,
        "mission_priority": 0.1151,
        "estimated_landing_time": 476.0,
        "wait_time": 0,
        "Landing_success_rate": 1.0
    },
    {
        "model": 1,
        "sequence": 6,
        "status": 1,
        "fuel": 6172,
        "fault": 0.6687,
        "weapon": 1,
        "pilot_injury": 0.3065,
        "pilot_skill": 0.8347,
        "mission_priority": 0.2154,
        "estimated_landing_time": 570.0,
        "wait_time": 0,
        "Landing_success_rate": 1.0
    },
    {
        "model": 0,
        "sequence": 18,
        "status": 1,
        "fuel": 6024,
        "fault": 0.0811,
        "weapon": 0,
        "pilot_injury": 0.8947,
        "pilot_skill": 0.178,
        "mission_priority": 0.2947,
        "estimated_landing_time": 1698.0,
        "wait_time": 0,
        "Landing_success_rate": 1.0
    },
    {
        "model": 2,
        "sequence": 10,
        "status": 1,
        "fuel": 6830,
        "fault": 0.3497,
        "weapon": 0,
        "pilot_injury": 0.0402,
        "pilot_skill": 0.0291,
        "mission_priority": 0.9552,
        "estimated_landing_time": 946.0,
        "wait_time": 0,
        "Landing_success_rate": 1.0
    },
    {
        "model": 0,
        "sequence": 12,
        "status": 1,
        "fuel": 6059,
        "fault": 0.113,
        "weapon": 0,
        "pilot_injury": 0.9229,
        "pilot_skill": 0.8362,
        "mission_priority": 0.6869,
        "estimated_landing_time": 1134.0,
        "wait_time": 0,
        "Landing_success_rate": 1.0
    }
]