[
    {
        "model": 1,
        "sequence": 13,
        "status": 1,
        "fuel": 7302,
        "fault": 0.0875,
        "weapon": 0,
        "pilot_injury": 0.3503,
        "pilot_skill": 0.335,
        "mission_priority": 0.6506,
        "estimated_landing_time": 1228.0,
        "wait_time": 0,
        "Landing_success_rate": 1.0
    },
    {
        "model": 1,
        "sequence": 14,
        "status": 1,
        "fuel": 7337,
        "fault": 0.143,
        "weapon": 0,
        "pilot_injury": 0.0578,
        "pilot_skill": 0.4539,
        "mission_priority": 0.014,
        "estimated_landing_time": 1322.0,
        "wait_time": 0,
        "Landing_success_rate": 1.0
    },
    {
        "model": 1,
        "sequence": 9,
        "status": 1,
        "fuel": 6727,
        "fault": 0.5145,
        "weapon": 0,
        "pilot_injury": 0.1061,
        "pilot_skill": 0.1056,
        "mission_priority": 0.4014,
        "estimated_landing_time": 852.0,
        "wait_time": 0,
        "Landing_success_rate": 1.0
    },
    {
        "model": 2,
        "sequence": 16,
        "status": 1,
        "fuel": 6896,
        "fault": 0.6362,
        "weapon": 0,
        "pilot_injury": 0.7818,
        "pilot_skill": 0.0495,
        "mission_priority": 0.5637,
        "estimated_landing_time": 1510.0,
        "wait_time": 0,
        "Landing_success_rate": 1.0
    },
    {
        "model": 1,
        "sequence": 6,
        "status": 1,
        "fuel": 6750,
        "fault": 0.661,
        "weapon": 1,
        "pilot_injury": 0.7373,
        "pilot_skill": 0.4243,
        "mission_priority": 0.5538,
        "estimated_landing_time": 570.0,
        "wait_time": 0,
        "Landing_success_rate": 1.0
    },
    {
        "model": 2,
        "sequence": 2,
        "status": 1,
        "fuel": 5536,
        "fault": 0.9708,
        "weapon": 1,
        "pilot_injury": 0.6341,
        "pilot_skill": 0.2165,
        "mission_priority": 0.3332,
        "estimated_landing_time": 194.0,
        "wait_time": 0,
        "Landing_success_rate": 1.0
    },
    {
        "model": 1,
        "sequence": 15,
        "status": 1,
        "fuel": 6953,
        "fault": 0.0751,
        "weapon": 0,
        "pilot_injury": 0.9419,
        "pilot_skill": 0.4143,
        "mission_priority": 0.0771,
        "estimated_landing_time": 1416.0,
        "wait_time": 0,
        "Landing_success_rate": 1.0
    },
    {
        "model": 2,
        "sequence": 12,
        "status": 1,
        "fuel": 6809,
        "fault": 0.3398,
        "weapon": 0,
        "pilot_injury": 0.395,
        "pilot_skill": 0.1462,
        "mission_priority": 0.8071,
        "estimated_landing_time": 1134.0,
        "wait_time": 0,
        "Landing_success_rate": 1.0
    },
    {
        "model": 0,
        "sequence": 1,
        "status": 1,
        "fuel": 6779,
        "fault": 0.7854,
        "weapon": 0,
        "pilot_injury": 0.0987,
        "pilot_skill": 0.446,
        "mission_priority": 0.1168,
        "estimated_landing_time": 100.0,
        "wait_time": 0,
        "Landing_success_rate": 1.0
    },
    {
        "model": 0,
        "sequence": 11,
        "status": 1,
        "fuel": 6653,
        "fault": 0.2308,
        "weapon": 1,
        "pilot_injury": 0.9197,
        "pilot_skill": 0.4189,
        "mission_priority": 0.6144,
        "estimated_landing_time": 1040.0,
        "wait_time": 0,
        "Landing_success_rate": 1.0
    },
    {
        "model": 0,
        "sequence": 18,
        "status": 1,
        "fuel": 7499,
        "fault": 0.7583,
        "weapon": 1,
        "pilot_injury": 0.5119,
        "pilot_skill": 0.1209,
        "mission_priority": 0.4328,
        "estimated_landing_time": 1698.0,
        "wait_time": 0,
        "Landing_success_rate": 1.0
    },
    {
        "model": 2,
        "sequence": 7,
        "status": 1,
        "fuel": 6412,
        "fault": 0.2179,
        "weapon": 0,
        "pilot_injury": 0.1074,
        "pilot_skill": 0.3984,
        "mission_priority": 0.8703,
        "estimated_landing_time": 664.0,
        "wait_time": 0,
        "Landing_success_rate": 1.0
    },
    {
        "model": 0,
        "sequence": 3,
        "status": 1,
        "fuel": 7473,
        "fault": 0.746,
        "weapon": 0,
        "pilot_injury": 0.3005,
        "pilot_skill": 0.0096,
        "mission_priority": 0.1156,
        "estimated_landing_time": 288.0,
        "wait_time": 0,
        "Landing_success_rate": 1.0
    },
    {
        "model": 2,
        "sequence": 4,
        "status": 1,
        "fuel": 6224,
        "fault": 0.616,
        "weapon": 1,
        "pilot_injury": 0.2922,
        "pilot_skill": 0.0754,
        "mission_priority": 0.7309,
        "estimated_landing_time": 382.0,
        "wait_time": 0,
        "Landing_success_rate": 1.0
    },
    {
        "model": 2,
        "sequence": 5,
        "status": 1,
        "fuel": 7401,
        "fault": 0.6925,
        "weapon": 1,
        "pilot_injury": 0.326,
        "pilot_skill": 0.613,
        "mission_priority": 0.8908,
        "estimated_landing_time": 476.0,
        "wait_time": 0,
        "Landing_success_rate": 1.0
    },
    {
        "model": 2,
        "sequence": 10,
        "status": 1,
        "fuel": 6889,
        "fault": 0.7423,
        "weapon": 0,
        "pilot_injury": 0.3736,
        "pilot_skill": 0.0826,
        "mission_priority": 0.4285,
        "estimated_landing_time": 946.0,
        "wait_time": 0,
        "Landing_success_rate": 1.0
    },
    {
        "model": 0,
        "sequence": 8,
        "status": 1,
        "fuel": 5867,
        "fault": 0.0064,
        "weapon": 0,
        "pilot_injury": 0.4902,
        "pilot_skill": 0.6209,
        "mission_priority": 0.5585,
        "estimated_landing_time": 758.0,
        "wait_time": 0,
        "Landing_success_rate": 1.0
    },
    {
        "model": 2,
        "sequence": 17,
        "status": 1,
        "fuel": 5591,
        "fault": 0.2797,
        "weapon": 1,
        "pilot_injury": 0.8887,
        "pilot_skill": 0.6885,
        "mission_priority": 0.1277,
        "estimated_landing_time": 1604.0,
        "wait_time": 0,
        "Landing_success_rate": 1.0
    }
]