[
    {
        "model": 0,
        "sequence": 14,
        "status": 1,
        "fuel": 6243,
        "fault": 0.3564,
        "weapon": 0,
        "pilot_injury": 0.1099,
        "pilot_skill": 0.5228,
        "mission_priority": 0.1145,
        "estimated_landing_time": 1322.0,
        "wait_time": 0,
        "Landing_success_rate": 1.0
    },
    {
        "model": 1,
        "sequence": 13,
        "status": 1,
        "fuel": 5650,
        "fault": 0.737,
        "weapon": 1,
        "pilot_injury": 0.8847,
        "pilot_skill": 0.65,
        "mission_priority": 0.454,
        "estimated_landing_time": 1228.0,
        "wait_time": 0,
        "Landing_success_rate": 1.0
    },
    {
        "model": 1,
        "sequence": 18,
        "status": 1,
        "fuel": 6670,
        "fault": 0.329,
        "weapon": 0,
        "pilot_injury": 0.4857,
        "pilot_skill": 0.8325,
        "mission_priority": 0.7507,
        "estimated_landing_time": 1698.0,
        "wait_time": 0,
        "Landing_success_rate": 1.0
    },
    {
        "model": 1,
        "sequence": 3,
        "status": 1,
        "fuel": 5874,
        "fault": 0.2205,
        "weapon": 1,
        "pilot_injury": 0.2055,
        "pilot_skill": 0.2003,
        "mission_priority": 0.458,
        "estimated_landing_time": 288.0,
        "wait_time": 0,
        "Landing_success_rate": 1.0
    },
    {
        "model": 1,
        "sequence": 10,
        "status": 1,
        "fuel": 6784,
        "fault": 0.0748,
        "weapon": 1,
        "pilot_injury": 0.2678,
        "pilot_skill": 0.0226,
        "mission_priority": 0.5713,
        "estimated_landing_time": 946.0,
        "wait_time": 0,
        "Landing_success_rate": 1.0
    },
    {
        "model": 2,
        "sequence": 4,
        "status": 1,
        "fuel": 6939,
        "fault": 0.5703,
        "weapon": 1,
        "pilot_injury": 0.1342,
        "pilot_skill": 0.4559,
        "mission_priority": 0.602,
        "estimated_landing_time": 382.0,
        "wait_time": 0,
        "Landing_success_rate": 1.0
    },
    {
        "model": 0,
        "sequence": 12,
        "status": 1,
        "fuel": 6543,
        "fault": 0.3983,
        "weapon": 1,
        "pilot_injury": 0.0263,
        "pilot_skill": 0.736,
        "mission_priority": 0.2352,
        "estimated_landing_time": 1134.0,
        "wait_time": 0,
        "Landing_success_rate": 1.0
    },
    {
        "model": 0,
        "sequence": 11,
        "status": 1,
        "fuel": 6544,
        "fault": 0.5819,
        "weapon": 1,
        "pilot_injury": 0.037,
        "pilot_skill": 0.1415,
        "mission_priority": 0.0982,
        "estimated_landing_time": 1040.0,
        "wait_time": 0,
        "Landing_success_rate": 1.0
    },
    {
        "model": 1,
        "sequence": 16,
        "status": 1,
        "fuel": 7021,
        "fault": 0.4129,
        "weapon": 1,
        "pilot_injury": 0.3166,
        "pilot_skill": 0.7463,
        "mission_priority": 0.0423,
        "estimated_landing_time": 1510.0,
        "wait_time": 0,
        "Landing_success_rate": 1.0
    },
    {
        "model": 1,
        "sequence": 7,
        "status": 1,
        "fuel": 5653,
        "fault": 0.9502,
        "weapon": 1,
        "pilot_injury": 0.5203,
        "pilot_skill": 0.4741,
        "mission_priority": 0.5159,
        "estimated_landing_time": 664.0,
        "wait_time": 0,
        "Landing_success_rate": 1.0
    },
    {
        "model": 0,
        "sequence": 6,
        "status": 1,
        "fuel": 6197,
        "fault": 0.7517,
        "weapon": 1,
        "pilot_injury": 0.457,
        "pilot_skill": 0.0818,
        "mission_priority": 0.9748,
        "estimated_landing_time": 570.0,
        "wait_time": 0,
        "Landing_success_rate": 1.0
    },
    {
        "model": 0,
        "sequence": 2,
        "status": 1,
        "fuel": 5579,
        "fault": 0.5184,
        "weapon": 0,
        "pilot_injury": 0.379,
        "pilot_skill": 0.6839,
        "mission_priority": 0.4541,
        "estimated_landing_time": 194.0,
        "wait_time": 0,
        "Landing_success_rate": 1.0
    },
    {
        "model": 0,
        "sequence": 9,
        "status": 1,
        "fuel": 5753,
        "fault": 0.8825,
        "weapon": 1,
        "pilot_injury": 0.5361,
        "pilot_skill": 0.2324,
        "mission_priority": 0.3362,
        "estimated_landing_time": 852.0,
        "wait_time": 0,
        "Landing_success_rate": 1.0
    },
    {
        "model": 1,
        "sequence": 17,
        "status": 1,
        "fuel": 6207,
        "fault": 0.4673,
        "weapon": 0,
        "pilot_injury": 0.3358,
        "pilot_skill": 0.9721,
        "mission_priority": 0.5271,
        "estimated_landing_time": 1604.0,
        "wait_time": 0,
        "Landing_success_rate": 1.0
    },
    {
        "model": 0,
        "sequence": 8,
        "status": 1,
        "fuel": 5908,
        "fault": 0.7929,
        "weapon": 1,
        "pilot_injury": 0.9809,
        "pilot_skill": 0.5557,
        "mission_priority": 0.5855,
        "estimated_landing_time": 758.0,
        "wait_time": 0,
        "Landing_success_rate": 1.0
    },
    {
        "model": 1,
        "sequence": 1,
        "status": 1,
        "fuel": 7082,
        "fault": 0.3577,
        "weapon": 1,
        "pilot_injury": 0.7577,
        "pilot_skill": 0.1033,
        "mission_priority": 0.4801,
        "estimated_landing_time": 100.0,
        "wait_time": 0,
        "Landing_success_rate": 1.0
    },
    {
        "model": 1,
        "sequence": 5,
        "status": 1,
        "fuel": 7255,
        "fault": 0.8029,
        "weapon": 0,
        "pilot_injury": 0.3413,
        "pilot_skill": 0.5352,
        "mission_priority": 0.6499,
        "estimated_landing_time": 476.0,
        "wait_time": 0,
        "Landing_success_rate": 1.0
    },
    {
        "model": 1,
        "sequence": 15,
        "status": 1,
        "fuel": 6399,
        "fault": 0.043,
        "weapon": 0,
        "pilot_injury": 0.7341,
        "pilot_skill": 0.4222,
        "mission_priority": 0.9408,
        "estimated_landing_time": 1416.0,
        "wait_time": 0,
        "Landing_success_rate": 1.0
    }
]