[
    {
        "model": 0,
        "sequence": 3,
        "status": 1,
        "fuel": 6255,
        "fault": 0.9631,
        "weapon": 1,
        "pilot_injury": 0.7286,
        "pilot_skill": 0.8528,
        "mission_priority": 0.0865,
        "estimated_landing_time": 288.0,
        "wait_time": 0,
        "Landing_success_rate": 1.0
    },
    {
        "model": 1,
        "sequence": 12,
        "status": 1,
        "fuel": 6872,
        "fault": 0.0731,
        "weapon": 1,
        "pilot_injury": 0.0079,
        "pilot_skill": 0.5064,
        "mission_priority": 0.5871,
        "estimated_landing_time": 1134.0,
        "wait_time": 0,
        "Landing_success_rate": 1.0
    },
    {
        "model": 1,
        "sequence": 17,
        "status": 1,
        "fuel": 5970,
        "fault": 0.42,
        "weapon": 0,
        "pilot_injury": 0.5034,
        "pilot_skill": 0.2938,
        "mission_priority": 0.0957,
        "estimated_landing_time": 1604.0,
        "wait_time": 0,
        "Landing_success_rate": 1.0
    },
    {
        "model": 0,
        "sequence": 5,
        "status": 1,
        "fuel": 6132,
        "fault": 0.0512,
        "weapon": 1,
        "pilot_injury": 0.2411,
        "pilot_skill": 0.8297,
        "mission_priority": 0.4035,
        "estimated_landing_time": 476.0,
        "wait_time": 0,
        "Landing_success_rate": 1.0
    },
    {
        "model": 2,
        "sequence": 1,
        "status": 1,
        "fuel": 7272,
        "fault": 0.5553,
        "weapon": 1,
        "pilot_injury": 0.2143,
        "pilot_skill": 0.1896,
        "mission_priority": 0.9854,
        "estimated_landing_time": 100.0,
        "wait_time": 0,
        "Landing_success_rate": 1.0
    },
    {
        "model": 0,
        "sequence": 15,
        "status": 1,
        "fuel": 6882,
        "fault": 0.7181,
        "weapon": 0,
        "pilot_injury": 0.1658,
        "pilot_skill": 0.8617,
        "mission_priority": 0.5998,
        "estimated_landing_time": 1416.0,
        "wait_time": 0,
        "Landing_success_rate": 1.0
    },
    {
        "model": 1,
        "sequence": 4,
        "status": 1,
        "fuel": 6965,
        "fault": 0.1228,
        "weapon": 1,
        "pilot_injury": 0.4439,
        "pilot_skill": 0.9894,
        "mission_priority": 0.2818,
        "estimated_landing_time": 382.0,
        "wait_time": 0,
        "Landing_success_rate": 1.0
    },
    {
        "model": 0,
        "sequence": 2,
        "status": 1,
        "fuel": 5724,
        "fault": 0.3322,
        "weapon": 1,
        "pilot_injury": 0.4397,
        "pilot_skill": 0.1765,
        "mission_priority": 0.3072,
        "estimated_landing_time": 194.0,
        "wait_time": 0,
        "Landing_success_rate": 1.0
    },
    {
        "model": 0,
        "sequence": 6,
        "status": 1,
        "fuel": 6479,
        "fault": 0.1952,
        "weapon": 0,
        "pilot_injury": 0.9698,
        "pilot_skill": 0.0384,
        "mission_priority": 0.4969,
        "estimated_landing_time": 570.0,
        "wait_time": 0,
        "Landing_success_rate": 1.0
    },
    {
        "model": 2,
        "sequence": 10,
        "status": 1,
        "fuel": 5719,
        "fault": 0.2019,
        "weapon": 0,
        "pilot_injury": 0.7545,
        "pilot_skill": 0.761,
        "mission_priority": 0.9555,
        "estimated_landing_time": 946.0,
        "wait_time": 0,
        "Landing_success_rate": 1.0
    },
    {
        "model": 0,
        "sequence": 7,
        "status": 1,
        "fuel": 6620,
        "fault": 0.9893,
        "weapon": 1,
        "pilot_injury": 0.5323,
        "pilot_skill": 0.6577,
        "mission_priority": 0.4781,
        "estimated_landing_time": 664.0,
        "wait_time": 0,
        "Landing_success_rate": 1.0
    },
    {
        "model": 1,
        "sequence": 11,
        "status": 1,
        "fuel": 6681,
        "fault": 0.0026,
        "weapon": 1,
        "pilot_injury": 0.3605,
        "pilot_skill": 0.3406,
        "mission_priority": 0.5332,
        "estimated_landing_time": 1040.0,
        "wait_time": 0,
        "Landing_success_rate": 1.0
    },
    {
        "model": 0,
        "sequence": 16,
        "status": 1,
        "fuel": 6255,
        "fault": 0.5514,
        "weapon": 0,
        "pilot_injury": 0.9162,
        "pilot_skill": 0.406,
        "mission_priority": 0.2226,
        "estimated_landing_time": 1510.0,
        "wait_time": 0,
        "Landing_success_rate": 1.0
    },
    {
        "model": 2,
        "sequence": 8,
        "status": 1,
        "fuel": 6612,
        "fault": 0.2557,
        "weapon": 0,
        "pilot_injury": 0.9417,
        "pilot_skill": 0.8867,
        "mission_priority": 0.2873,
        "estimated_landing_time": 758.0,
        "wait_time": 0,
        "Landing_success_rate": 1.0
    },
    {
        "model": 0,
        "sequence": 14,
        "status": 1,
        "fuel": 7186,
        "fault": 0.9749,
        "weapon": 0,
        "pilot_injury": 0.3454,
        "pilot_skill": 0.4926,
        "mission_priority": 0.1846,
        "estimated_landing_time": 1322.0,
        "wait_time": 0,
        "Landing_success_rate": 1.0
    },
    {
        "model": 2,
        "sequence": 18,
        "status": 1,
        "fuel": 7399,
        "fault": 0.4159,
        "weapon": 1,
        "pilot_injury": 0.1976,
        "pilot_skill": 0.3462,
        "mission_priority": 0.4243,
        "estimated_landing_time": 1698.0,
        "wait_time": 0,
        "Landing_success_rate": 1.0
    },
    {
        "model": 0,
        "sequence": 9,
        "status": 1,
        "fuel": 6697,
        "fault": 0.1975,
        "weapon": 1,
        "pilot_injury": 0.049,
        "pilot_skill": 0.7557,
        "mission_priority": 0.5328,
        "estimated_landing_time": 852.0,
        "wait_time": 0,
        "Landing_success_rate": 1.0
    },
    {
        "model": 2,
        "sequence": 13,
        "status": 1,
        "fuel": 6188,
        "fault": 0.0527,
        "weapon": 0,
        "pilot_injury": 0.5339,
        "pilot_skill": 0.2944,
        "mission_priority": 0.2365,
        "estimated_landing_time": 1228.0,
        "wait_time": 0,
        "Landing_success_rate": 1.0
    }
]