[
    {
        "model": 2,
        "sequence": 6,
        "status": 1,
        "fuel": 6582,
        "fault": 0.2131,
        "weapon": 1,
        "pilot_injury": 0.8032,
        "pilot_skill": 0.5005,
        "mission_priority": 0.3064,
        "estimated_landing_time": 570.0,
        "wait_time": 0,
        "Landing_success_rate": 1.0
    },
    {
        "model": 1,
        "sequence": 13,
        "status": 1,
        "fuel": 6910,
        "fault": 0.5861,
        "weapon": 1,
        "pilot_injury": 0.5419,
        "pilot_skill": 0.1988,
        "mission_priority": 0.8045,
        "estimated_landing_time": 1228.0,
        "wait_time": 0,
        "Landing_success_rate": 1.0
    },
    {
        "model": 1,
        "sequence": 15,
        "status": 1,
        "fuel": 6447,
        "fault": 0.5987,
        "weapon": 0,
        "pilot_injury": 0.1174,
        "pilot_skill": 0.1771,
        "mission_priority": 0.6164,
        "estimated_landing_time": 1416.0,
        "wait_time": 0,
        "Landing_success_rate": 1.0
    },
    {
        "model": 2,
        "sequence": 2,
        "status": 1,
        "fuel": 6588,
        "fault": 0.3267,
        "weapon": 1,
        "pilot_injury": 0.8392,
        "pilot_skill": 0.0818,
        "mission_priority": 0.5812,
        "estimated_landing_time": 194.0,
        "wait_time": 0,
        "Landing_success_rate": 1.0
    },
    {
        "model": 2,
        "sequence": 1,
        "status": 1,
        "fuel": 6927,
        "fault": 0.1648,
        "weapon": 0,
        "pilot_injury": 0.5094,
        "pilot_skill": 0.5166,
        "mission_priority": 0.3781,
        "estimated_landing_time": 100.0,
        "wait_time": 0,
        "Landing_success_rate": 1.0
    },
    {
        "model": 2,
        "sequence": 9,
        "status": 1,
        "fuel": 5596,
        "fault": 0.7801,
        "weapon": 1,
        "pilot_injury": 0.4047,
        "pilot_skill": 0.2772,
        "mission_priority": 0.1605,
        "estimated_landing_time": 852.0,
        "wait_time": 0,
        "Landing_success_rate": 1.0
    },
    {
        "model": 2,
        "sequence": 5,
        "status": 1,
        "fuel": 7010,
        "fault": 0.6925,
        "weapon": 0,
        "pilot_injury": 0.6649,
        "pilot_skill": 0.5604,
        "mission_priority": 0.1697,
        "estimated_landing_time": 476.0,
        "wait_time": 0,
        "Landing_success_rate": 1.0
    },
    {
        "model": 1,
        "sequence": 8,
        "status": 1,
        "fuel": 7464,
        "fault": 0.7337,
        "weapon": 0,
        "pilot_injury": 0.1135,
        "pilot_skill": 0.0185,
        "mission_priority": 0.6264,
        "estimated_landing_time": 758.0,
        "wait_time": 0,
        "Landing_success_rate": 1.0
    },
    {
        "model": 1,
        "sequence": 7,
        "status": 1,
        "fuel": 6941,
        "fault": 0.1768,
        "weapon": 1,
        "pilot_injury": 0.7624,
        "pilot_skill": 0.8775,
        "mission_priority": 0.2924,
        "estimated_landing_time": 664.0,
        "wait_time": 0,
        "Landing_success_rate": 1.0
    },
    {
        "model": 0,
        "sequence": 11,
        "status": 1,
        "fuel": 7311,
        "fault": 0.4055,
        "weapon": 1,
        "pilot_injury": 0.4113,
        "pilot_skill": 0.2198,
        "mission_priority": 0.8053,
        "estimated_landing_time": 1040.0,
        "wait_time": 0,
        "Landing_success_rate": 1.0
    },
    {
        "model": 0,
        "sequence": 14,
        "status": 1,
        "fuel": 7083,
        "fault": 0.7817,
        "weapon": 1,
        "pilot_injury": 0.8683,
        "pilot_skill": 0.9332,
        "mission_priority": 0.7177,
        "estimated_landing_time": 1322.0,
        "wait_time": 0,
        "Landing_success_rate": 1.0
    },
    {
        "model": 2,
        "sequence": 17,
        "status": 1,
        "fuel": 6937,
        "fault": 0.144,
        "weapon": 1,
        "pilot_injury": 0.0398,
        "pilot_skill": 0.5049,
        "mission_priority": 0.23,
        "estimated_landing_time": 1604.0,
        "wait_time": 0,
        "Landing_success_rate": 1.0
    },
    {
        "model": 1,
        "sequence": 16,
        "status": 1,
        "fuel": 6014,
        "fault": 0.8748,
        "weapon": 0,
        "pilot_injury": 0.2951,
        "pilot_skill": 0.3096,
        "mission_priority": 0.402,
        "estimated_landing_time": 1510.0,
        "wait_time": 0,
        "Landing_success_rate": 1.0
    },
    {
        "model": 2,
        "sequence": 3,
        "status": 1,
        "fuel": 6730,
        "fault": 0.3848,
        "weapon": 0,
        "pilot_injury": 0.7656,
        "pilot_skill": 0.3952,
        "mission_priority": 0.8318,
        "estimated_landing_time": 288.0,
        "wait_time": 0,
        "Landing_success_rate": 1.0
    },
    {
        "model": 0,
        "sequence": 18,
        "status": 1,
        "fuel": 6908,
        "fault": 0.7997,
        "weapon": 0,
        "pilot_injury": 0.3967,
        "pilot_skill": 0.7213,
        "mission_priority": 0.1552,
        "estimated_landing_time": 1698.0,
        "wait_time": 0,
        "Landing_success_rate": 1.0
    },
    {
        "model": 2,
        "sequence": 10,
        "status": 1,
        "fuel": 5988,
        "fault": 0.1389,
        "weapon": 1,
        "pilot_injury": 0.6556,
        "pilot_skill": 0.7548,
        "mission_priority": 0.5627,
        "estimated_landing_time": 946.0,
        "wait_time": 0,
        "Landing_success_rate": 1.0
    },
    {
        "model": 0,
        "sequence": 12,
        "status": 1,
        "fuel": 6075,
        "fault": 0.0485,
        "weapon": 0,
        "pilot_injury": 0.5927,
        "pilot_skill": 0.4605,
        "mission_priority": 0.4281,
        "estimated_landing_time": 1134.0,
        "wait_time": 0,
        "Landing_success_rate": 1.0
    },
    {
        "model": 0,
        "sequence": 4,
        "status": 1,
        "fuel": 6536,
        "fault": 0.3143,
        "weapon": 0,
        "pilot_injury": 0.3053,
        "pilot_skill": 0.6997,
        "mission_priority": 0.5578,
        "estimated_landing_time": 382.0,
        "wait_time": 0,
        "Landing_success_rate": 1.0
    }
]