[
    {
        "model": 0,
        "sequence": 17,
        "status": 1,
        "fuel": 7094,
        "fault": 0.3185,
        "weapon": 0,
        "pilot_injury": 0.899,
        "pilot_skill": 0.1729,
        "mission_priority": 0.4035,
        "estimated_landing_time": 1604.0,
        "wait_time": 0,
        "Landing_success_rate": 1.0
    },
    {
        "model": 0,
        "sequence": 13,
        "status": 1,
        "fuel": 7100,
        "fault": 0.9639,
        "weapon": 1,
        "pilot_injury": 0.2213,
        "pilot_skill": 0.6911,
        "mission_priority": 0.9666,
        "estimated_landing_time": 1228.0,
        "wait_time": 0,
        "Landing_success_rate": 1.0
    },
    {
        "model": 0,
        "sequence": 12,
        "status": 1,
        "fuel": 5915,
        "fault": 0.3843,
        "weapon": 0,
        "pilot_injury": 0.6911,
        "pilot_skill": 0.0345,
        "mission_priority": 0.5541,
        "estimated_landing_time": 1134.0,
        "wait_time": 0,
        "Landing_success_rate": 1.0
    },
    {
        "model": 2,
        "sequence": 16,
        "status": 1,
        "fuel": 5891,
        "fault": 0.3135,
        "weapon": 0,
        "pilot_injury": 0.8284,
        "pilot_skill": 0.7301,
        "mission_priority": 0.4484,
        "estimated_landing_time": 1510.0,
        "wait_time": 0,
        "Landing_success_rate": 1.0
    },
    {
        "model": 2,
        "sequence": 3,
        "status": 1,
        "fuel": 6265,
        "fault": 0.8208,
        "weapon": 0,
        "pilot_injury": 0.9644,
        "pilot_skill": 0.8021,
        "mission_priority": 0.6934,
        "estimated_landing_time": 288.0,
        "wait_time": 0,
        "Landing_success_rate": 1.0
    },
    {
        "model": 1,
        "sequence": 1,
        "status": 1,
        "fuel": 6324,
        "fault": 0.5321,
        "weapon": 0,
        "pilot_injury": 0.8576,
        "pilot_skill": 0.5834,
        "mission_priority": 0.933,
        "estimated_landing_time": 100.0,
        "wait_time": 0,
        "Landing_success_rate": 1.0
    },
    {
        "model": 1,
        "sequence": 8,
        "status": 1,
        "fuel": 6597,
        "fault": 0.4368,
        "weapon": 1,
        "pilot_injury": 0.2223,
        "pilot_skill": 0.345,
        "mission_priority": 0.3023,
        "estimated_landing_time": 758.0,
        "wait_time": 0,
        "Landing_success_rate": 1.0
    },
    {
        "model": 0,
        "sequence": 11,
        "status": 1,
        "fuel": 6669,
        "fault": 0.2562,
        "weapon": 1,
        "pilot_injury": 0.86,
        "pilot_skill": 0.2126,
        "mission_priority": 0.7957,
        "estimated_landing_time": 1040.0,
        "wait_time": 0,
        "Landing_success_rate": 1.0
    },
    {
        "model": 0,
        "sequence": 10,
        "status": 1,
        "fuel": 6884,
        "fault": 0.774,
        "weapon": 1,
        "pilot_injury": 0.1483,
        "pilot_skill": 0.3267,
        "mission_priority": 0.3977,
        "estimated_landing_time": 946.0,
        "wait_time": 0,
        "Landing_success_rate": 1.0
    },
    {
        "model": 2,
        "sequence": 6,
        "status": 1,
        "fuel": 6052,
        "fault": 0.1263,
        "weapon": 0,
        "pilot_injury": 0.3384,
        "pilot_skill": 0.0182,
        "mission_priority": 0.8661,
        "estimated_landing_time": 570.0,
        "wait_time": 0,
        "Landing_success_rate": 1.0
    },
    {
        "model": 1,
        "sequence": 4,
        "status": 1,
        "fuel": 7483,
        "fault": 0.2547,
        "weapon": 0,
        "pilot_injury": 0.8192,
        "pilot_skill": 0.8788,
        "mission_priority": 0.731,
        "estimated_landing_time": 382.0,
        "wait_time": 0,
        "Landing_success_rate": 1.0
    },
    {
        "model": 0,
        "sequence": 7,
        "status": 1,
        "fuel": 6393,
        "fault": 0.1116,
        "weapon": 1,
        "pilot_injury": 0.7128,
        "pilot_skill": 0.0575,
        "mission_priority": 0.3911,
        "estimated_landing_time": 664.0,
        "wait_time": 0,
        "Landing_success_rate": 1.0
    },
    {
        "model": 0,
        "sequence": 5,
        "status": 1,
        "fuel": 5930,
        "fault": 0.4436,
        "weapon": 1,
        "pilot_injury": 0.7339,
        "pilot_skill": 0.5729,
        "mission_priority": 0.2397,
        "estimated_landing_time": 476.0,
        "wait_time": 0,
        "Landing_success_rate": 1.0
    },
    {
        "model": 1,
        "sequence": 18,
        "status": 1,
        "fuel": 5791,
        "fault": 0.1653,
        "weapon": 1,
        "pilot_injury": 0.2304,
        "pilot_skill": 0.963,
        "mission_priority": 0.2029,
        "estimated_landing_time": 1698.0,
        "wait_time": 0,
        "Landing_success_rate": 1.0
    },
    {
        "model": 1,
        "sequence": 2,
        "status": 1,
        "fuel": 6037,
        "fault": 0.2386,
        "weapon": 1,
        "pilot_injury": 0.9284,
        "pilot_skill": 0.2466,
        "mission_priority": 0.1551,
        "estimated_landing_time": 194.0,
        "wait_time": 0,
        "Landing_success_rate": 1.0
    },
    {
        "model": 0,
        "sequence": 9,
        "status": 1,
        "fuel": 6693,
        "fault": 0.1502,
        "weapon": 0,
        "pilot_injury": 0.579,
        "pilot_skill": 0.6213,
        "mission_priority": 0.0077,
        "estimated_landing_time": 852.0,
        "wait_time": 0,
        "Landing_success_rate": 1.0
    },
    {
        "model": 1,
        "sequence": 15,
        "status": 1,
        "fuel": 7071,
        "fault": 0.601,
        "weapon": 1,
        "pilot_injury": 0.6971,
        "pilot_skill": 0.6087,
        "mission_priority": 0.6239,
        "estimated_landing_time": 1416.0,
        "wait_time": 0,
        "Landing_success_rate": 1.0
    },
    {
        "model": 1,
        "sequence": 14,
        "status": 1,
        "fuel": 7016,
        "fault": 0.1248,
        "weapon": 0,
        "pilot_injury": 0.9417,
        "pilot_skill": 0.6736,
        "mission_priority": 0.745,
        "estimated_landing_time": 1322.0,
        "wait_time": 0,
        "Landing_success_rate": 1.0
    }
]