[
    {
        "model": 0,
        "sequence": 5,
        "status": 1,
        "fuel": 7336,
        "fault": 0.2585,
        "weapon": 0,
        "pilot_injury": 0.8491,
        "pilot_skill": 0.3833,
        "mission_priority": 0.1451,
        "estimated_landing_time": 476.0,
        "wait_time": 0,
        "Landing_success_rate": 1.0
    },
    {
        "model": 0,
        "sequence": 1,
        "status": 1,
        "fuel": 5643,
        "fault": 0.3547,
        "weapon": 1,
        "pilot_injury": 0.2255,
        "pilot_skill": 0.0977,
        "mission_priority": 0.4361,
        "estimated_landing_time": 100.0,
        "wait_time": 0,
        "Landing_success_rate": 1.0
    },
    {
        "model": 1,
        "sequence": 17,
        "status": 1,
        "fuel": 6609,
        "fault": 0.6501,
        "weapon": 1,
        "pilot_injury": 0.7739,
        "pilot_skill": 0.4666,
        "mission_priority": 0.3216,
        "estimated_landing_time": 1604.0,
        "wait_time": 0,
        "Landing_success_rate": 1.0
    },
    {
        "model": 0,
        "sequence": 13,
        "status": 1,
        "fuel": 6849,
        "fault": 0.0467,
        "weapon": 0,
        "pilot_injury": 0.0451,
        "pilot_skill": 0.5287,
        "mission_priority": 0.3293,
        "estimated_landing_time": 1228.0,
        "wait_time": 0,
        "Landing_success_rate": 1.0
    },
    {
        "model": 0,
        "sequence": 3,
        "status": 1,
        "fuel": 6449,
        "fault": 0.7124,
        "weapon": 0,
        "pilot_injury": 0.6412,
        "pilot_skill": 0.5282,
        "mission_priority": 0.0292,
        "estimated_landing_time": 288.0,
        "wait_time": 0,
        "Landing_success_rate": 1.0
    },
    {
        "model": 1,
        "sequence": 18,
        "status": 1,
        "fuel": 6224,
        "fault": 0.3288,
        "weapon": 0,
        "pilot_injury": 0.3415,
        "pilot_skill": 0.3122,
        "mission_priority": 0.8585,
        "estimated_landing_time": 1698.0,
        "wait_time": 0,
        "Landing_success_rate": 1.0
    },
    {
        "model": 0,
        "sequence": 9,
        "status": 1,
        "fuel": 7251,
        "fault": 0.3413,
        "weapon": 1,
        "pilot_injury": 0.3948,
        "pilot_skill": 0.6188,
        "mission_priority": 0.789,
        "estimated_landing_time": 852.0,
        "wait_time": 0,
        "Landing_success_rate": 1.0
    },
    {
        "model": 1,
        "sequence": 15,
        "status": 1,
        "fuel": 6328,
        "fault": 0.5222,
        "weapon": 1,
        "pilot_injury": 0.1924,
        "pilot_skill": 0.9117,
        "mission_priority": 0.4141,
        "estimated_landing_time": 1416.0,
        "wait_time": 0,
        "Landing_success_rate": 1.0
    },
    {
        "model": 0,
        "sequence": 2,
        "status": 1,
        "fuel": 6150,
        "fault": 0.8945,
        "weapon": 0,
        "pilot_injury": 0.604,
        "pilot_skill": 0.126,
        "mission_priority": 0.9599,
        "estimated_landing_time": 194.0,
        "wait_time": 0,
        "Landing_success_rate": 1.0
    },
    {
        "model": 2,
        "sequence": 7,
        "status": 1,
        "fuel": 7068,
        "fault": 0.4693,
        "weapon": 0,
        "pilot_injury": 0.1082,
        "pilot_skill": 0.2257,
        "mission_priority": 0.4617,
        "estimated_landing_time": 664.0,
        "wait_time": 0,
        "Landing_success_rate": 1.0
    },
    {
        "model": 0,
        "sequence": 6,
        "status": 1,
        "fuel": 5594,
        "fault": 0.5676,
        "weapon": 0,
        "pilot_injury": 0.9983,
        "pilot_skill": 0.4982,
        "mission_priority": 0.7569,
        "estimated_landing_time": 570.0,
        "wait_time": 0,
        "Landing_success_rate": 1.0
    },
    {
        "model": 2,
        "sequence": 16,
        "status": 1,
        "fuel": 6553,
        "fault": 0.6973,
        "weapon": 1,
        "pilot_injury": 0.2491,
        "pilot_skill": 0.5966,
        "mission_priority": 0.9833,
        "estimated_landing_time": 1510.0,
        "wait_time": 0,
        "Landing_success_rate": 1.0
    },
    {
        "model": 1,
        "sequence": 4,
        "status": 1,
        "fuel": 7346,
        "fault": 0.1354,
        "weapon": 1,
        "pilot_injury": 0.3797,
        "pilot_skill": 0.0776,
        "mission_priority": 0.2435,
        "estimated_landing_time": 382.0,
        "wait_time": 0,
        "Landing_success_rate": 1.0
    },
    {
        "model": 0,
        "sequence": 10,
        "status": 1,
        "fuel": 5642,
        "fault": 0.8256,
        "weapon": 0,
        "pilot_injury": 0.1248,
        "pilot_skill": 0.5931,
        "mission_priority": 0.5004,
        "estimated_landing_time": 946.0,
        "wait_time": 0,
        "Landing_success_rate": 1.0
    },
    {
        "model": 0,
        "sequence": 12,
        "status": 1,
        "fuel": 5762,
        "fault": 0.0326,
        "weapon": 1,
        "pilot_injury": 0.6329,
        "pilot_skill": 0.2327,
        "mission_priority": 0.1244,
        "estimated_landing_time": 1134.0,
        "wait_time": 0,
        "Landing_success_rate": 1.0
    },
    {
        "model": 0,
        "sequence": 14,
        "status": 1,
        "fuel": 5999,
        "fault": 0.0717,
        "weapon": 1,
        "pilot_injury": 0.1553,
        "pilot_skill": 0.6291,
        "mission_priority": 0.7353,
        "estimated_landing_time": 1322.0,
        "wait_time": 0,
        "Landing_success_rate": 1.0
    },
    {
        "model": 2,
        "sequence": 11,
        "status": 1,
        "fuel": 5693,
        "fault": 0.2992,
        "weapon": 1,
        "pilot_injury": 0.1247,
        "pilot_skill": 0.0451,
        "mission_priority": 0.234,
        "estimated_landing_time": 1040.0,
        "wait_time": 0,
        "Landing_success_rate": 1.0
    },
    {
        "model": 0,
        "sequence": 8,
        "status": 1,
        "fuel": 5886,
        "fault": 0.541,
        "weapon": 0,
        "pilot_injury": 0.0154,
        "pilot_skill": 0.581,
        "mission_priority": 0.8098,
        "estimated_landing_time": 758.0,
        "wait_time": 0,
        "Landing_success_rate": 1.0
    }
]