[
    {
        "model": 2,
        "sequence": 14,
        "status": 1,
        "fuel": 6403,
        "fault": 0.2498,
        "weapon": 1,
        "pilot_injury": 0.647,
        "pilot_skill": 0.2829,
        "mission_priority": 0.5329,
        "estimated_landing_time": 1322.0,
        "wait_time": 0,
        "Landing_success_rate": 1.0
    },
    {
        "model": 0,
        "sequence": 7,
        "status": 1,
        "fuel": 7009,
        "fault": 0.0175,
        "weapon": 0,
        "pilot_injury": 0.7338,
        "pilot_skill": 0.0351,
        "mission_priority": 0.1118,
        "estimated_landing_time": 664.0,
        "wait_time": 0,
        "Landing_success_rate": 1.0
    },
    {
        "model": 0,
        "sequence": 18,
        "status": 1,
        "fuel": 6426,
        "fault": 0.4378,
        "weapon": 0,
        "pilot_injury": 0.0954,
        "pilot_skill": 0.2814,
        "mission_priority": 0.0929,
        "estimated_landing_time": 1698.0,
        "wait_time": 0,
        "Landing_success_rate": 1.0
    },
    {
        "model": 2,
        "sequence": 12,
        "status": 1,
        "fuel": 5708,
        "fault": 0.0753,
        "weapon": 1,
        "pilot_injury": 0.861,
        "pilot_skill": 0.8229,
        "mission_priority": 0.1008,
        "estimated_landing_time": 1134.0,
        "wait_time": 0,
        "Landing_success_rate": 1.0
    },
    {
        "model": 0,
        "sequence": 16,
        "status": 1,
        "fuel": 5517,
        "fault": 0.9669,
        "weapon": 1,
        "pilot_injury": 0.5904,
        "pilot_skill": 0.6704,
        "mission_priority": 0.6207,
        "estimated_landing_time": 1510.0,
        "wait_time": 0,
        "Landing_success_rate": 1.0
    },
    {
        "model": 2,
        "sequence": 5,
        "status": 1,
        "fuel": 6027,
        "fault": 0.8389,
        "weapon": 0,
        "pilot_injury": 0.841,
        "pilot_skill": 0.3276,
        "mission_priority": 0.9862,
        "estimated_landing_time": 476.0,
        "wait_time": 0,
        "Landing_success_rate": 1.0
    },
    {
        "model": 1,
        "sequence": 8,
        "status": 1,
        "fuel": 6115,
        "fault": 0.2364,
        "weapon": 1,
        "pilot_injury": 0.8943,
        "pilot_skill": 0.5674,
        "mission_priority": 0.7219,
        "estimated_landing_time": 758.0,
        "wait_time": 0,
        "Landing_success_rate": 1.0
    },
    {
        "model": 2,
        "sequence": 1,
        "status": 1,
        "fuel": 6145,
        "fault": 0.8161,
        "weapon": 0,
        "pilot_injury": 0.9177,
        "pilot_skill": 0.4368,
        "mission_priority": 0.2407,
        "estimated_landing_time": 100.0,
        "wait_time": 0,
        "Landing_success_rate": 1.0
    },
    {
        "model": 2,
        "sequence": 3,
        "status": 1,
        "fuel": 6192,
        "fault": 0.7093,
        "weapon": 0,
        "pilot_injury": 0.6224,
        "pilot_skill": 0.9542,
        "mission_priority": 0.3438,
        "estimated_landing_time": 288.0,
        "wait_time": 0,
        "Landing_success_rate": 1.0
    },
    {
        "model": 1,
        "sequence": 2,
        "status": 1,
        "fuel": 7340,
        "fault": 0.8231,
        "weapon": 1,
        "pilot_injury": 0.3588,
        "pilot_skill": 0.4945,
        "mission_priority": 0.6531,
        "estimated_landing_time": 194.0,
        "wait_time": 0,
        "Landing_success_rate": 1.0
    },
    {
        "model": 2,
        "sequence": 9,
        "status": 1,
        "fuel": 6956,
        "fault": 0.1727,
        "weapon": 0,
        "pilot_injury": 0.9035,
        "pilot_skill": 0.7993,
        "mission_priority": 0.1144,
        "estimated_landing_time": 852.0,
        "wait_time": 0,
        "Landing_success_rate": 1.0
    },
    {
        "model": 2,
        "sequence": 15,
        "status": 1,
        "fuel": 5553,
        "fault": 0.5847,
        "weapon": 1,
        "pilot_injury": 0.7653,
        "pilot_skill": 0.1232,
        "mission_priority": 0.6414,
        "estimated_landing_time": 1416.0,
        "wait_time": 0,
        "Landing_success_rate": 1.0
    },
    {
        "model": 1,
        "sequence": 17,
        "status": 1,
        "fuel": 5673,
        "fault": 0.726,
        "weapon": 0,
        "pilot_injury": 0.6835,
        "pilot_skill": 0.109,
        "mission_priority": 0.2557,
        "estimated_landing_time": 1604.0,
        "wait_time": 0,
        "Landing_success_rate": 1.0
    },
    {
        "model": 0,
        "sequence": 4,
        "status": 1,
        "fuel": 7314,
        "fault": 0.9033,
        "weapon": 0,
        "pilot_injury": 0.2663,
        "pilot_skill": 0.3982,
        "mission_priority": 0.1197,
        "estimated_landing_time": 382.0,
        "wait_time": 0,
        "Landing_success_rate": 1.0
    },
    {
        "model": 0,
        "sequence": 13,
        "status": 1,
        "fuel": 5644,
        "fault": 0.325,
        "weapon": 1,
        "pilot_injury": 0.4404,
        "pilot_skill": 0.6403,
        "mission_priority": 0.1597,
        "estimated_landing_time": 1228.0,
        "wait_time": 0,
        "Landing_success_rate": 1.0
    },
    {
        "model": 0,
        "sequence": 11,
        "status": 1,
        "fuel": 7217,
        "fault": 0.7497,
        "weapon": 0,
        "pilot_injury": 0.8414,
        "pilot_skill": 0.7903,
        "mission_priority": 0.3296,
        "estimated_landing_time": 1040.0,
        "wait_time": 0,
        "Landing_success_rate": 1.0
    },
    {
        "model": 0,
        "sequence": 10,
        "status": 1,
        "fuel": 7210,
        "fault": 0.6405,
        "weapon": 1,
        "pilot_injury": 0.9562,
        "pilot_skill": 0.2396,
        "mission_priority": 0.9472,
        "estimated_landing_time": 946.0,
        "wait_time": 0,
        "Landing_success_rate": 1.0
    },
    {
        "model": 0,
        "sequence": 6,
        "status": 1,
        "fuel": 7154,
        "fault": 0.898,
        "weapon": 1,
        "pilot_injury": 0.2664,
        "pilot_skill": 0.7574,
        "mission_priority": 0.8229,
        "estimated_landing_time": 570.0,
        "wait_time": 0,
        "Landing_success_rate": 1.0
    }
]