[
    {
        "model": 2,
        "sequence": 10,
        "status": 1,
        "fuel": 6208,
        "fault": 0.1663,
        "weapon": 1,
        "pilot_injury": 0.6873,
        "pilot_skill": 0.1813,
        "mission_priority": 0.2839,
        "estimated_landing_time": 946.0,
        "wait_time": 0,
        "Landing_success_rate": 1.0
    },
    {
        "model": 1,
        "sequence": 8,
        "status": 1,
        "fuel": 5790,
        "fault": 0.1789,
        "weapon": 0,
        "pilot_injury": 0.9311,
        "pilot_skill": 0.6977,
        "mission_priority": 0.4186,
        "estimated_landing_time": 758.0,
        "wait_time": 0,
        "Landing_success_rate": 1.0
    },
    {
        "model": 2,
        "sequence": 14,
        "status": 1,
        "fuel": 6197,
        "fault": 0.6871,
        "weapon": 0,
        "pilot_injury": 0.6001,
        "pilot_skill": 0.8946,
        "mission_priority": 0.6369,
        "estimated_landing_time": 1322.0,
        "wait_time": 0,
        "Landing_success_rate": 1.0
    },
    {
        "model": 2,
        "sequence": 2,
        "status": 1,
        "fuel": 5704,
        "fault": 0.1645,
        "weapon": 0,
        "pilot_injury": 0.7264,
        "pilot_skill": 0.5412,
        "mission_priority": 0.8161,
        "estimated_landing_time": 194.0,
        "wait_time": 0,
        "Landing_success_rate": 1.0
    },
    {
        "model": 1,
        "sequence": 4,
        "status": 1,
        "fuel": 6592,
        "fault": 0.1401,
        "weapon": 1,
        "pilot_injury": 0.8076,
        "pilot_skill": 0.6037,
        "mission_priority": 0.9944,
        "estimated_landing_time": 382.0,
        "wait_time": 0,
        "Landing_success_rate": 1.0
    },
    {
        "model": 0,
        "sequence": 12,
        "status": 1,
        "fuel": 7212,
        "fault": 0.4018,
        "weapon": 0,
        "pilot_injury": 0.1991,
        "pilot_skill": 0.9764,
        "mission_priority": 0.8693,
        "estimated_landing_time": 1134.0,
        "wait_time": 0,
        "Landing_success_rate": 1.0
    },
    {
        "model": 0,
        "sequence": 6,
        "status": 1,
        "fuel": 6127,
        "fault": 0.6409,
        "weapon": 0,
        "pilot_injury": 0.0526,
        "pilot_skill": 0.6326,
        "mission_priority": 0.3312,
        "estimated_landing_time": 570.0,
        "wait_time": 0,
        "Landing_success_rate": 1.0
    },
    {
        "model": 0,
        "sequence": 17,
        "status": 1,
        "fuel": 6362,
        "fault": 0.7292,
        "weapon": 0,
        "pilot_injury": 0.7956,
        "pilot_skill": 0.4039,
        "mission_priority": 0.7574,
        "estimated_landing_time": 1604.0,
        "wait_time": 0,
        "Landing_success_rate": 1.0
    },
    {
        "model": 2,
        "sequence": 11,
        "status": 1,
        "fuel": 5845,
        "fault": 0.1016,
        "weapon": 0,
        "pilot_injury": 0.4462,
        "pilot_skill": 0.5381,
        "mission_priority": 0.4616,
        "estimated_landing_time": 1040.0,
        "wait_time": 0,
        "Landing_success_rate": 1.0
    },
    {
        "model": 1,
        "sequence": 18,
        "status": 1,
        "fuel": 7003,
        "fault": 0.5335,
        "weapon": 0,
        "pilot_injury": 0.947,
        "pilot_skill": 0.2975,
        "mission_priority": 0.7054,
        "estimated_landing_time": 1698.0,
        "wait_time": 0,
        "Landing_success_rate": 1.0
    },
    {
        "model": 0,
        "sequence": 9,
        "status": 1,
        "fuel": 7414,
        "fault": 0.0737,
        "weapon": 1,
        "pilot_injury": 0.9883,
        "pilot_skill": 0.8251,
        "mission_priority": 0.5815,
        "estimated_landing_time": 852.0,
        "wait_time": 0,
        "Landing_success_rate": 1.0
    },
    {
        "model": 1,
        "sequence": 7,
        "status": 1,
        "fuel": 6659,
        "fault": 0.5106,
        "weapon": 1,
        "pilot_injury": 0.122,
        "pilot_skill": 0.0791,
        "mission_priority": 0.4654,
        "estimated_landing_time": 664.0,
        "wait_time": 0,
        "Landing_success_rate": 1.0
    },
    {
        "model": 0,
        "sequence": 15,
        "status": 1,
        "fuel": 6992,
        "fault": 0.0561,
        "weapon": 1,
        "pilot_injury": 0.411,
        "pilot_skill": 0.6414,
        "mission_priority": 0.3511,
        "estimated_landing_time": 1416.0,
        "wait_time": 0,
        "Landing_success_rate": 1.0
    },
    {
        "model": 0,
        "sequence": 13,
        "status": 1,
        "fuel": 5766,
        "fault": 0.8062,
        "weapon": 0,
        "pilot_injury": 0.8046,
        "pilot_skill": 0.944,
        "mission_priority": 0.2751,
        "estimated_landing_time": 1228.0,
        "wait_time": 0,
        "Landing_success_rate": 1.0
    },
    {
        "model": 1,
        "sequence": 5,
        "status": 1,
        "fuel": 5503,
        "fault": 0.1152,
        "weapon": 0,
        "pilot_injury": 0.4067,
        "pilot_skill": 0.0047,
        "mission_priority": 0.8449,
        "estimated_landing_time": 476.0,
        "wait_time": 0,
        "Landing_success_rate": 1.0
    },
    {
        "model": 1,
        "sequence": 16,
        "status": 1,
        "fuel": 6700,
        "fault": 0.5304,
        "weapon": 0,
        "pilot_injury": 0.5715,
        "pilot_skill": 0.2217,
        "mission_priority": 0.6482,
        "estimated_landing_time": 1510.0,
        "wait_time": 0,
        "Landing_success_rate": 1.0
    },
    {
        "model": 1,
        "sequence": 3,
        "status": 1,
        "fuel": 5957,
        "fault": 0.2883,
        "weapon": 0,
        "pilot_injury": 0.7479,
        "pilot_skill": 0.405,
        "mission_priority": 0.9803,
        "estimated_landing_time": 288.0,
        "wait_time": 0,
        "Landing_success_rate": 1.0
    },
    {
        "model": 1,
        "sequence": 1,
        "status": 1,
        "fuel": 7298,
        "fault": 0.765,
        "weapon": 0,
        "pilot_injury": 0.7496,
        "pilot_skill": 0.5294,
        "mission_priority": 0.3503,
        "estimated_landing_time": 100.0,
        "wait_time": 0,
        "Landing_success_rate": 1.0
    }
]