[
    {
        "model": 0,
        "sequence": 16,
        "status": 1,
        "fuel": 6192,
        "fault": 0.8344,
        "weapon": 1,
        "pilot_injury": 0.1245,
        "pilot_skill": 0.0875,
        "mission_priority": 0.7318,
        "estimated_landing_time": 1510.0,
        "wait_time": 0,
        "Landing_success_rate": 1.0
    },
    {
        "model": 0,
        "sequence": 18,
        "status": 1,
        "fuel": 7227,
        "fault": 0.3035,
        "weapon": 1,
        "pilot_injury": 0.4218,
        "pilot_skill": 0.7087,
        "mission_priority": 0.3046,
        "estimated_landing_time": 1698.0,
        "wait_time": 0,
        "Landing_success_rate": 1.0
    },
    {
        "model": 1,
        "sequence": 8,
        "status": 1,
        "fuel": 5784,
        "fault": 0.1592,
        "weapon": 1,
        "pilot_injury": 0.4291,
        "pilot_skill": 0.3589,
        "mission_priority": 0.4339,
        "estimated_landing_time": 758.0,
        "wait_time": 0,
        "Landing_success_rate": 1.0
    },
    {
        "model": 1,
        "sequence": 11,
        "status": 1,
        "fuel": 5506,
        "fault": 0.7006,
        "weapon": 0,
        "pilot_injury": 0.0934,
        "pilot_skill": 0.2606,
        "mission_priority": 0.1158,
        "estimated_landing_time": 1040.0,
        "wait_time": 0,
        "Landing_success_rate": 1.0
    },
    {
        "model": 1,
        "sequence": 1,
        "status": 1,
        "fuel": 5757,
        "fault": 0.2518,
        "weapon": 0,
        "pilot_injury": 0.3507,
        "pilot_skill": 0.2134,
        "mission_priority": 0.8921,
        "estimated_landing_time": 100.0,
        "wait_time": 0,
        "Landing_success_rate": 1.0
    },
    {
        "model": 0,
        "sequence": 7,
        "status": 1,
        "fuel": 7367,
        "fault": 0.6394,
        "weapon": 0,
        "pilot_injury": 0.4755,
        "pilot_skill": 0.9558,
        "mission_priority": 0.5241,
        "estimated_landing_time": 664.0,
        "wait_time": 0,
        "Landing_success_rate": 1.0
    },
    {
        "model": 1,
        "sequence": 17,
        "status": 1,
        "fuel": 6562,
        "fault": 0.9084,
        "weapon": 0,
        "pilot_injury": 0.9413,
        "pilot_skill": 0.3057,
        "mission_priority": 0.0434,
        "estimated_landing_time": 1604.0,
        "wait_time": 0,
        "Landing_success_rate": 1.0
    },
    {
        "model": 1,
        "sequence": 2,
        "status": 1,
        "fuel": 7095,
        "fault": 0.9606,
        "weapon": 0,
        "pilot_injury": 0.5303,
        "pilot_skill": 0.2985,
        "mission_priority": 0.2487,
        "estimated_landing_time": 194.0,
        "wait_time": 0,
        "Landing_success_rate": 1.0
    },
    {
        "model": 1,
        "sequence": 12,
        "status": 1,
        "fuel": 6882,
        "fault": 0.768,
        "weapon": 1,
        "pilot_injury": 0.604,
        "pilot_skill": 0.7123,
        "mission_priority": 0.4305,
        "estimated_landing_time": 1134.0,
        "wait_time": 0,
        "Landing_success_rate": 1.0
    },
    {
        "model": 2,
        "sequence": 5,
        "status": 1,
        "fuel": 6200,
        "fault": 0.5332,
        "weapon": 0,
        "pilot_injury": 0.0935,
        "pilot_skill": 0.8295,
        "mission_priority": 0.8367,
        "estimated_landing_time": 476.0,
        "wait_time": 0,
        "Landing_success_rate": 1.0
    },
    {
        "model": 1,
        "sequence": 15,
        "status": 1,
        "fuel": 6029,
        "fault": 0.0673,
        "weapon": 0,
        "pilot_injury": 0.358,
        "pilot_skill": 0.8416,
        "mission_priority": 0.2637,
        "estimated_landing_time": 1416.0,
        "wait_time": 0,
        "Landing_success_rate": 1.0
    },
    {
        "model": 0,
        "sequence": 9,
        "status": 1,
        "fuel": 6493,
        "fault": 0.4557,
        "weapon": 1,
        "pilot_injury": 0.9398,
        "pilot_skill": 0.9483,
        "mission_priority": 0.7104,
        "estimated_landing_time": 852.0,
        "wait_time": 0,
        "Landing_success_rate": 1.0
    },
    {
        "model": 1,
        "sequence": 3,
        "status": 1,
        "fuel": 6035,
        "fault": 0.6309,
        "weapon": 0,
        "pilot_injury": 0.4925,
        "pilot_skill": 0.7914,
        "mission_priority": 0.6053,
        "estimated_landing_time": 288.0,
        "wait_time": 0,
        "Landing_success_rate": 1.0
    },
    {
        "model": 2,
        "sequence": 10,
        "status": 1,
        "fuel": 6521,
        "fault": 0.3479,
        "weapon": 0,
        "pilot_injury": 0.3131,
        "pilot_skill": 0.86,
        "mission_priority": 0.4395,
        "estimated_landing_time": 946.0,
        "wait_time": 0,
        "Landing_success_rate": 1.0
    },
    {
        "model": 1,
        "sequence": 14,
        "status": 1,
        "fuel": 5841,
        "fault": 0.9584,
        "weapon": 0,
        "pilot_injury": 0.8778,
        "pilot_skill": 0.4844,
        "mission_priority": 0.4547,
        "estimated_landing_time": 1322.0,
        "wait_time": 0,
        "Landing_success_rate": 1.0
    },
    {
        "model": 1,
        "sequence": 13,
        "status": 1,
        "fuel": 7072,
        "fault": 0.6959,
        "weapon": 0,
        "pilot_injury": 0.9744,
        "pilot_skill": 0.3457,
        "mission_priority": 0.5947,
        "estimated_landing_time": 1228.0,
        "wait_time": 0,
        "Landing_success_rate": 1.0
    },
    {
        "model": 2,
        "sequence": 6,
        "status": 1,
        "fuel": 7242,
        "fault": 0.5781,
        "weapon": 0,
        "pilot_injury": 0.4619,
        "pilot_skill": 0.5719,
        "mission_priority": 0.3569,
        "estimated_landing_time": 570.0,
        "wait_time": 0,
        "Landing_success_rate": 1.0
    },
    {
        "model": 0,
        "sequence": 4,
        "status": 1,
        "fuel": 7066,
        "fault": 0.9528,
        "weapon": 1,
        "pilot_injury": 0.61,
        "pilot_skill": 0.3791,
        "mission_priority": 0.883,
        "estimated_landing_time": 382.0,
        "wait_time": 0,
        "Landing_success_rate": 1.0
    }
]