[
    {
        "model": 0,
        "sequence": 8,
        "status": 1,
        "fuel": 5993,
        "fault": 0.1561,
        "weapon": 0,
        "pilot_injury": 0.8907,
        "pilot_skill": 0.8928,
        "mission_priority": 0.4169,
        "estimated_landing_time": 758.0,
        "wait_time": 0,
        "Landing_success_rate": 1.0
    },
    {
        "model": 0,
        "sequence": 10,
        "status": 1,
        "fuel": 6478,
        "fault": 0.348,
        "weapon": 1,
        "pilot_injury": 0.8312,
        "pilot_skill": 0.3417,
        "mission_priority": 0.4639,
        "estimated_landing_time": 946.0,
        "wait_time": 0,
        "Landing_success_rate": 1.0
    },
    {
        "model": 2,
        "sequence": 3,
        "status": 1,
        "fuel": 7072,
        "fault": 0.7787,
        "weapon": 1,
        "pilot_injury": 0.9525,
        "pilot_skill": 0.3635,
        "mission_priority": 0.1511,
        "estimated_landing_time": 288.0,
        "wait_time": 0,
        "Landing_success_rate": 1.0
    },
    {
        "model": 2,
        "sequence": 2,
        "status": 1,
        "fuel": 5577,
        "fault": 0.5331,
        "weapon": 1,
        "pilot_injury": 0.8894,
        "pilot_skill": 0.7321,
        "mission_priority": 0.8748,
        "estimated_landing_time": 194.0,
        "wait_time": 0,
        "Landing_success_rate": 1.0
    },
    {
        "model": 2,
        "sequence": 5,
        "status": 1,
        "fuel": 6527,
        "fault": 0.8997,
        "weapon": 0,
        "pilot_injury": 0.1203,
        "pilot_skill": 0.9683,
        "mission_priority": 0.181,
        "estimated_landing_time": 476.0,
        "wait_time": 0,
        "Landing_success_rate": 1.0
    },
    {
        "model": 1,
        "sequence": 18,
        "status": 1,
        "fuel": 5543,
        "fault": 0.8369,
        "weapon": 0,
        "pilot_injury": 0.7119,
        "pilot_skill": 0.7164,
        "mission_priority": 0.3392,
        "estimated_landing_time": 1698.0,
        "wait_time": 0,
        "Landing_success_rate": 1.0
    },
    {
        "model": 2,
        "sequence": 13,
        "status": 1,
        "fuel": 7436,
        "fault": 0.3759,
        "weapon": 1,
        "pilot_injury": 0.61,
        "pilot_skill": 0.386,
        "mission_priority": 0.6136,
        "estimated_landing_time": 1228.0,
        "wait_time": 0,
        "Landing_success_rate": 1.0
    },
    {
        "model": 0,
        "sequence": 11,
        "status": 1,
        "fuel": 5939,
        "fault": 0.3477,
        "weapon": 1,
        "pilot_injury": 0.0315,
        "pilot_skill": 0.1224,
        "mission_priority": 0.0045,
        "estimated_landing_time": 1040.0,
        "wait_time": 0,
        "Landing_success_rate": 1.0
    },
    {
        "model": 2,
        "sequence": 16,
        "status": 1,
        "fuel": 5707,
        "fault": 0.8877,
        "weapon": 0,
        "pilot_injury": 0.5458,
        "pilot_skill": 0.6836,
        "mission_priority": 0.3658,
        "estimated_landing_time": 1510.0,
        "wait_time": 0,
        "Landing_success_rate": 1.0
    },
    {
        "model": 0,
        "sequence": 14,
        "status": 1,
        "fuel": 5997,
        "fault": 0.1259,
        "weapon": 0,
        "pilot_injury": 0.009,
        "pilot_skill": 0.8294,
        "mission_priority": 0.3837,
        "estimated_landing_time": 1322.0,
        "wait_time": 0,
        "Landing_success_rate": 1.0
    },
    {
        "model": 2,
        "sequence": 1,
        "status": 1,
        "fuel": 7191,
        "fault": 0.3484,
        "weapon": 0,
        "pilot_injury": 0.6148,
        "pilot_skill": 0.5404,
        "mission_priority": 0.2086,
        "estimated_landing_time": 100.0,
        "wait_time": 0,
        "Landing_success_rate": 1.0
    },
    {
        "model": 2,
        "sequence": 6,
        "status": 1,
        "fuel": 6585,
        "fault": 0.8785,
        "weapon": 1,
        "pilot_injury": 0.4811,
        "pilot_skill": 0.7199,
        "mission_priority": 0.5491,
        "estimated_landing_time": 570.0,
        "wait_time": 0,
        "Landing_success_rate": 1.0
    },
    {
        "model": 2,
        "sequence": 12,
        "status": 1,
        "fuel": 7279,
        "fault": 0.1459,
        "weapon": 0,
        "pilot_injury": 0.0488,
        "pilot_skill": 0.056,
        "mission_priority": 0.2687,
        "estimated_landing_time": 1134.0,
        "wait_time": 0,
        "Landing_success_rate": 1.0
    },
    {
        "model": 0,
        "sequence": 9,
        "status": 1,
        "fuel": 7233,
        "fault": 0.8882,
        "weapon": 1,
        "pilot_injury": 0.7577,
        "pilot_skill": 0.8396,
        "mission_priority": 0.6937,
        "estimated_landing_time": 852.0,
        "wait_time": 0,
        "Landing_success_rate": 1.0
    },
    {
        "model": 0,
        "sequence": 7,
        "status": 1,
        "fuel": 6686,
        "fault": 0.4921,
        "weapon": 0,
        "pilot_injury": 0.4278,
        "pilot_skill": 0.2734,
        "mission_priority": 0.6245,
        "estimated_landing_time": 664.0,
        "wait_time": 0,
        "Landing_success_rate": 1.0
    },
    {
        "model": 1,
        "sequence": 15,
        "status": 1,
        "fuel": 5796,
        "fault": 0.8496,
        "weapon": 0,
        "pilot_injury": 0.0458,
        "pilot_skill": 0.9397,
        "mission_priority": 0.2943,
        "estimated_landing_time": 1416.0,
        "wait_time": 0,
        "Landing_success_rate": 1.0
    },
    {
        "model": 0,
        "sequence": 17,
        "status": 1,
        "fuel": 5876,
        "fault": 0.8685,
        "weapon": 1,
        "pilot_injury": 0.4131,
        "pilot_skill": 0.0567,
        "mission_priority": 0.9477,
        "estimated_landing_time": 1604.0,
        "wait_time": 0,
        "Landing_success_rate": 1.0
    },
    {
        "model": 2,
        "sequence": 4,
        "status": 1,
        "fuel": 6963,
        "fault": 0.8405,
        "weapon": 1,
        "pilot_injury": 0.5335,
        "pilot_skill": 0.6354,
        "mission_priority": 0.2267,
        "estimated_landing_time": 382.0,
        "wait_time": 0,
        "Landing_success_rate": 1.0
    }
]