[
    {
        "model": 2,
        "sequence": 5,
        "status": 1,
        "fuel": 6476,
        "fault": 0.6658,
        "weapon": 0,
        "pilot_injury": 0.3012,
        "pilot_skill": 0.2842,
        "mission_priority": 0.6934,
        "estimated_landing_time": 476.0,
        "wait_time": 0,
        "Landing_success_rate": 1.0
    },
    {
        "model": 0,
        "sequence": 18,
        "status": 1,
        "fuel": 7183,
        "fault": 0.3229,
        "weapon": 0,
        "pilot_injury": 0.6915,
        "pilot_skill": 0.2911,
        "mission_priority": 0.2017,
        "estimated_landing_time": 1698.0,
        "wait_time": 0,
        "Landing_success_rate": 1.0
    },
    {
        "model": 2,
        "sequence": 6,
        "status": 1,
        "fuel": 7070,
        "fault": 0.6313,
        "weapon": 0,
        "pilot_injury": 0.5694,
        "pilot_skill": 0.2001,
        "mission_priority": 0.6137,
        "estimated_landing_time": 570.0,
        "wait_time": 0,
        "Landing_success_rate": 1.0
    },
    {
        "model": 0,
        "sequence": 13,
        "status": 1,
        "fuel": 7248,
        "fault": 0.2294,
        "weapon": 1,
        "pilot_injury": 0.3865,
        "pilot_skill": 0.7901,
        "mission_priority": 0.1765,
        "estimated_landing_time": 1228.0,
        "wait_time": 0,
        "Landing_success_rate": 1.0
    },
    {
        "model": 1,
        "sequence": 8,
        "status": 1,
        "fuel": 6528,
        "fault": 0.0073,
        "weapon": 1,
        "pilot_injury": 0.416,
        "pilot_skill": 0.282,
        "mission_priority": 0.2921,
        "estimated_landing_time": 758.0,
        "wait_time": 0,
        "Landing_success_rate": 1.0
    },
    {
        "model": 0,
        "sequence": 10,
        "status": 1,
        "fuel": 6548,
        "fault": 0.5899,
        "weapon": 1,
        "pilot_injury": 0.4584,
        "pilot_skill": 0.9864,
        "mission_priority": 0.0306,
        "estimated_landing_time": 946.0,
        "wait_time": 0,
        "Landing_success_rate": 1.0
    },
    {
        "model": 2,
        "sequence": 3,
        "status": 1,
        "fuel": 6632,
        "fault": 0.4186,
        "weapon": 1,
        "pilot_injury": 0.9061,
        "pilot_skill": 0.9119,
        "mission_priority": 0.3872,
        "estimated_landing_time": 288.0,
        "wait_time": 0,
        "Landing_success_rate": 1.0
    },
    {
        "model": 1,
        "sequence": 2,
        "status": 1,
        "fuel": 6641,
        "fault": 0.1449,
        "weapon": 0,
        "pilot_injury": 0.9653,
        "pilot_skill": 0.2814,
        "mission_priority": 0.9813,
        "estimated_landing_time": 194.0,
        "wait_time": 0,
        "Landing_success_rate": 1.0
    },
    {
        "model": 0,
        "sequence": 14,
        "status": 1,
        "fuel": 6585,
        "fault": 0.1768,
        "weapon": 0,
        "pilot_injury": 0.7911,
        "pilot_skill": 0.0498,
        "mission_priority": 0.5481,
        "estimated_landing_time": 1322.0,
        "wait_time": 0,
        "Landing_success_rate": 1.0
    },
    {
        "model": 0,
        "sequence": 17,
        "status": 1,
        "fuel": 6434,
        "fault": 0.562,
        "weapon": 1,
        "pilot_injury": 0.4729,
        "pilot_skill": 0.5027,
        "mission_priority": 0.6564,
        "estimated_landing_time": 1604.0,
        "wait_time": 0,
        "Landing_success_rate": 1.0
    },
    {
        "model": 1,
        "sequence": 7,
        "status": 1,
        "fuel": 6191,
        "fault": 0.5915,
        "weapon": 1,
        "pilot_injury": 0.7628,
        "pilot_skill": 0.6878,
        "mission_priority": 0.3925,
        "estimated_landing_time": 664.0,
        "wait_time": 0,
        "Landing_success_rate": 1.0
    },
    {
        "model": 0,
        "sequence": 9,
        "status": 1,
        "fuel": 6348,
        "fault": 0.7556,
        "weapon": 1,
        "pilot_injury": 0.4777,
        "pilot_skill": 0.6683,
        "mission_priority": 0.6502,
        "estimated_landing_time": 852.0,
        "wait_time": 0,
        "Landing_success_rate": 1.0
    },
    {
        "model": 0,
        "sequence": 15,
        "status": 1,
        "fuel": 5951,
        "fault": 0.9148,
        "weapon": 0,
        "pilot_injury": 0.6278,
        "pilot_skill": 0.8879,
        "mission_priority": 0.4041,
        "estimated_landing_time": 1416.0,
        "wait_time": 0,
        "Landing_success_rate": 1.0
    },
    {
        "model": 0,
        "sequence": 11,
        "status": 1,
        "fuel": 5505,
        "fault": 0.5432,
        "weapon": 0,
        "pilot_injury": 0.5502,
        "pilot_skill": 0.7996,
        "mission_priority": 0.9356,
        "estimated_landing_time": 1040.0,
        "wait_time": 0,
        "Landing_success_rate": 1.0
    },
    {
        "model": 2,
        "sequence": 4,
        "status": 1,
        "fuel": 6546,
        "fault": 0.4911,
        "weapon": 1,
        "pilot_injury": 0.8217,
        "pilot_skill": 0.8178,
        "mission_priority": 0.115,
        "estimated_landing_time": 382.0,
        "wait_time": 0,
        "Landing_success_rate": 1.0
    },
    {
        "model": 2,
        "sequence": 16,
        "status": 1,
        "fuel": 5629,
        "fault": 0.9854,
        "weapon": 1,
        "pilot_injury": 0.8472,
        "pilot_skill": 0.2746,
        "mission_priority": 0.4263,
        "estimated_landing_time": 1510.0,
        "wait_time": 0,
        "Landing_success_rate": 1.0
    },
    {
        "model": 2,
        "sequence": 12,
        "status": 1,
        "fuel": 7006,
        "fault": 0.9396,
        "weapon": 1,
        "pilot_injury": 0.955,
        "pilot_skill": 0.9607,
        "mission_priority": 0.0816,
        "estimated_landing_time": 1134.0,
        "wait_time": 0,
        "Landing_success_rate": 1.0
    },
    {
        "model": 0,
        "sequence": 1,
        "status": 1,
        "fuel": 6351,
        "fault": 0.5974,
        "weapon": 0,
        "pilot_injury": 0.4179,
        "pilot_skill": 0.6621,
        "mission_priority": 0.4713,
        "estimated_landing_time": 100.0,
        "wait_time": 0,
        "Landing_success_rate": 1.0
    }
]