[
    {
        "model": 1,
        "sequence": 15,
        "status": 1,
        "fuel": 6624,
        "fault": 0.5218,
        "weapon": 0,
        "pilot_injury": 0.9299,
        "pilot_skill": 0.7937,
        "mission_priority": 0.4262,
        "estimated_landing_time": 1416.0,
        "wait_time": 0,
        "Landing_success_rate": 1.0
    },
    {
        "model": 2,
        "sequence": 16,
        "status": 1,
        "fuel": 6529,
        "fault": 0.2558,
        "weapon": 1,
        "pilot_injury": 0.5366,
        "pilot_skill": 0.1704,
        "mission_priority": 0.4393,
        "estimated_landing_time": 1510.0,
        "wait_time": 0,
        "Landing_success_rate": 1.0
    },
    {
        "model": 2,
        "sequence": 12,
        "status": 1,
        "fuel": 7015,
        "fault": 0.3273,
        "weapon": 0,
        "pilot_injury": 0.7821,
        "pilot_skill": 0.3539,
        "mission_priority": 0.9343,
        "estimated_landing_time": 1134.0,
        "wait_time": 0,
        "Landing_success_rate": 1.0
    },
    {
        "model": 1,
        "sequence": 17,
        "status": 1,
        "fuel": 5817,
        "fault": 0.4235,
        "weapon": 1,
        "pilot_injury": 0.6378,
        "pilot_skill": 0.3626,
        "mission_priority": 0.1537,
        "estimated_landing_time": 1604.0,
        "wait_time": 0,
        "Landing_success_rate": 1.0
    },
    {
        "model": 1,
        "sequence": 18,
        "status": 1,
        "fuel": 5534,
        "fault": 0.5458,
        "weapon": 1,
        "pilot_injury": 0.9405,
        "pilot_skill": 0.583,
        "mission_priority": 0.0639,
        "estimated_landing_time": 1698.0,
        "wait_time": 0,
        "Landing_success_rate": 1.0
    },
    {
        "model": 2,
        "sequence": 10,
        "status": 1,
        "fuel": 7135,
        "fault": 0.7254,
        "weapon": 1,
        "pilot_injury": 0.0387,
        "pilot_skill": 0.6152,
        "mission_priority": 0.298,
        "estimated_landing_time": 946.0,
        "wait_time": 0,
        "Landing_success_rate": 1.0
    },
    {
        "model": 0,
        "sequence": 5,
        "status": 1,
        "fuel": 6823,
        "fault": 0.0711,
        "weapon": 0,
        "pilot_injury": 0.0372,
        "pilot_skill": 0.7308,
        "mission_priority": 0.3109,
        "estimated_landing_time": 476.0,
        "wait_time": 0,
        "Landing_success_rate": 1.0
    },
    {
        "model": 2,
        "sequence": 13,
        "status": 1,
        "fuel": 5655,
        "fault": 0.6017,
        "weapon": 0,
        "pilot_injury": 0.7028,
        "pilot_skill": 0.3486,
        "mission_priority": 0.7478,
        "estimated_landing_time": 1228.0,
        "wait_time": 0,
        "Landing_success_rate": 1.0
    },
    {
        "model": 1,
        "sequence": 6,
        "status": 1,
        "fuel": 7069,
        "fault": 0.6157,
        "weapon": 0,
        "pilot_injury": 0.7035,
        "pilot_skill": 0.8659,
        "mission_priority": 0.8436,
        "estimated_landing_time": 570.0,
        "wait_time": 0,
        "Landing_success_rate": 1.0
    },
    {
        "model": 0,
        "sequence": 8,
        "status": 1,
        "fuel": 6372,
        "fault": 0.3369,
        "weapon": 0,
        "pilot_injury": 0.0286,
        "pilot_skill": 0.9867,
        "mission_priority": 0.246,
        "estimated_landing_time": 758.0,
        "wait_time": 0,
        "Landing_success_rate": 1.0
    },
    {
        "model": 1,
        "sequence": 1,
        "status": 1,
        "fuel": 6413,
        "fault": 0.2391,
        "weapon": 1,
        "pilot_injury": 0.2443,
        "pilot_skill": 0.2248,
        "mission_priority": 0.6431,
        "estimated_landing_time": 100.0,
        "wait_time": 0,
        "Landing_success_rate": 1.0
    },
    {
        "model": 2,
        "sequence": 2,
        "status": 1,
        "fuel": 7484,
        "fault": 0.7618,
        "weapon": 1,
        "pilot_injury": 0.4504,
        "pilot_skill": 0.4891,
        "mission_priority": 0.2718,
        "estimated_landing_time": 194.0,
        "wait_time": 0,
        "Landing_success_rate": 1.0
    },
    {
        "model": 0,
        "sequence": 9,
        "status": 1,
        "fuel": 5677,
        "fault": 0.1362,
        "weapon": 0,
        "pilot_injury": 0.3236,
        "pilot_skill": 0.7132,
        "mission_priority": 0.8738,
        "estimated_landing_time": 852.0,
        "wait_time": 0,
        "Landing_success_rate": 1.0
    },
    {
        "model": 2,
        "sequence": 3,
        "status": 1,
        "fuel": 6066,
        "fault": 0.1721,
        "weapon": 0,
        "pilot_injury": 0.6787,
        "pilot_skill": 0.8976,
        "mission_priority": 0.5043,
        "estimated_landing_time": 288.0,
        "wait_time": 0,
        "Landing_success_rate": 1.0
    },
    {
        "model": 2,
        "sequence": 14,
        "status": 1,
        "fuel": 5713,
        "fault": 0.0222,
        "weapon": 0,
        "pilot_injury": 0.6363,
        "pilot_skill": 0.806,
        "mission_priority": 0.6465,
        "estimated_landing_time": 1322.0,
        "wait_time": 0,
        "Landing_success_rate": 1.0
    },
    {
        "model": 2,
        "sequence": 11,
        "status": 1,
        "fuel": 7089,
        "fault": 0.5302,
        "weapon": 0,
        "pilot_injury": 0.6657,
        "pilot_skill": 0.4561,
        "mission_priority": 0.4043,
        "estimated_landing_time": 1040.0,
        "wait_time": 0,
        "Landing_success_rate": 1.0
    },
    {
        "model": 0,
        "sequence": 7,
        "status": 1,
        "fuel": 5831,
        "fault": 0.172,
        "weapon": 0,
        "pilot_injury": 0.8845,
        "pilot_skill": 0.461,
        "mission_priority": 0.7007,
        "estimated_landing_time": 664.0,
        "wait_time": 0,
        "Landing_success_rate": 1.0
    },
    {
        "model": 2,
        "sequence": 4,
        "status": 1,
        "fuel": 5941,
        "fault": 0.6528,
        "weapon": 0,
        "pilot_injury": 0.4389,
        "pilot_skill": 0.6566,
        "mission_priority": 0.4696,
        "estimated_landing_time": 382.0,
        "wait_time": 0,
        "Landing_success_rate": 1.0
    }
]