[
    {
        "model": 2,
        "sequence": 15,
        "status": 1,
        "fuel": 6961,
        "fault": 0.539,
        "weapon": 0,
        "pilot_injury": 0.7621,
        "pilot_skill": 0.3387,
        "mission_priority": 0.0193,
        "estimated_landing_time": 1416.0,
        "wait_time": 0,
        "Landing_success_rate": 1.0
    },
    {
        "model": 1,
        "sequence": 12,
        "status": 1,
        "fuel": 7410,
        "fault": 0.3232,
        "weapon": 1,
        "pilot_injury": 0.7071,
        "pilot_skill": 0.0837,
        "mission_priority": 0.4023,
        "estimated_landing_time": 1134.0,
        "wait_time": 0,
        "Landing_success_rate": 1.0
    },
    {
        "model": 2,
        "sequence": 3,
        "status": 1,
        "fuel": 6152,
        "fault": 0.3025,
        "weapon": 1,
        "pilot_injury": 0.3304,
        "pilot_skill": 0.7334,
        "mission_priority": 0.0847,
        "estimated_landing_time": 288.0,
        "wait_time": 0,
        "Landing_success_rate": 1.0
    },
    {
        "model": 2,
        "sequence": 13,
        "status": 1,
        "fuel": 5778,
        "fault": 0.7115,
        "weapon": 0,
        "pilot_injury": 0.8435,
        "pilot_skill": 0.2014,
        "mission_priority": 0.4183,
        "estimated_landing_time": 1228.0,
        "wait_time": 0,
        "Landing_success_rate": 1.0
    },
    {
        "model": 0,
        "sequence": 9,
        "status": 1,
        "fuel": 6878,
        "fault": 0.0824,
        "weapon": 0,
        "pilot_injury": 0.6282,
        "pilot_skill": 0.0954,
        "mission_priority": 0.5428,
        "estimated_landing_time": 852.0,
        "wait_time": 0,
        "Landing_success_rate": 1.0
    },
    {
        "model": 1,
        "sequence": 5,
        "status": 1,
        "fuel": 6847,
        "fault": 0.9614,
        "weapon": 0,
        "pilot_injury": 0.585,
        "pilot_skill": 0.9957,
        "mission_priority": 0.1051,
        "estimated_landing_time": 476.0,
        "wait_time": 0,
        "Landing_success_rate": 1.0
    },
    {
        "model": 0,
        "sequence": 10,
        "status": 1,
        "fuel": 5943,
        "fault": 0.5005,
        "weapon": 0,
        "pilot_injury": 0.141,
        "pilot_skill": 0.9727,
        "mission_priority": 0.354,
        "estimated_landing_time": 946.0,
        "wait_time": 0,
        "Landing_success_rate": 1.0
    },
    {
        "model": 1,
        "sequence": 4,
        "status": 1,
        "fuel": 6103,
        "fault": 0.2615,
        "weapon": 1,
        "pilot_injury": 0.288,
        "pilot_skill": 0.5776,
        "mission_priority": 0.4294,
        "estimated_landing_time": 382.0,
        "wait_time": 0,
        "Landing_success_rate": 1.0
    },
    {
        "model": 1,
        "sequence": 17,
        "status": 1,
        "fuel": 6380,
        "fault": 0.7398,
        "weapon": 0,
        "pilot_injury": 0.0622,
        "pilot_skill": 0.8347,
        "mission_priority": 0.2749,
        "estimated_landing_time": 1604.0,
        "wait_time": 0,
        "Landing_success_rate": 1.0
    },
    {
        "model": 1,
        "sequence": 11,
        "status": 1,
        "fuel": 6871,
        "fault": 0.6758,
        "weapon": 0,
        "pilot_injury": 0.5706,
        "pilot_skill": 0.796,
        "mission_priority": 0.9893,
        "estimated_landing_time": 1040.0,
        "wait_time": 0,
        "Landing_success_rate": 1.0
    },
    {
        "model": 2,
        "sequence": 8,
        "status": 1,
        "fuel": 6639,
        "fault": 0.1633,
        "weapon": 0,
        "pilot_injury": 0.466,
        "pilot_skill": 0.9989,
        "mission_priority": 0.8089,
        "estimated_landing_time": 758.0,
        "wait_time": 0,
        "Landing_success_rate": 1.0
    },
    {
        "model": 0,
        "sequence": 16,
        "status": 1,
        "fuel": 5939,
        "fault": 0.3241,
        "weapon": 0,
        "pilot_injury": 0.246,
        "pilot_skill": 0.7552,
        "mission_priority": 0.8452,
        "estimated_landing_time": 1510.0,
        "wait_time": 0,
        "Landing_success_rate": 1.0
    },
    {
        "model": 1,
        "sequence": 1,
        "status": 1,
        "fuel": 5598,
        "fault": 0.0166,
        "weapon": 1,
        "pilot_injury": 0.6707,
        "pilot_skill": 0.4461,
        "mission_priority": 0.6091,
        "estimated_landing_time": 100.0,
        "wait_time": 0,
        "Landing_success_rate": 1.0
    },
    {
        "model": 1,
        "sequence": 6,
        "status": 1,
        "fuel": 6975,
        "fault": 0.481,
        "weapon": 0,
        "pilot_injury": 0.0227,
        "pilot_skill": 0.0285,
        "mission_priority": 0.7161,
        "estimated_landing_time": 570.0,
        "wait_time": 0,
        "Landing_success_rate": 1.0
    },
    {
        "model": 2,
        "sequence": 2,
        "status": 1,
        "fuel": 6109,
        "fault": 0.3241,
        "weapon": 0,
        "pilot_injury": 0.7265,
        "pilot_skill": 0.8239,
        "mission_priority": 0.3617,
        "estimated_landing_time": 194.0,
        "wait_time": 0,
        "Landing_success_rate": 1.0
    },
    {
        "model": 1,
        "sequence": 14,
        "status": 1,
        "fuel": 7077,
        "fault": 0.4834,
        "weapon": 1,
        "pilot_injury": 0.9386,
        "pilot_skill": 0.4418,
        "mission_priority": 0.2172,
        "estimated_landing_time": 1322.0,
        "wait_time": 0,
        "Landing_success_rate": 1.0
    },
    {
        "model": 1,
        "sequence": 7,
        "status": 1,
        "fuel": 7094,
        "fault": 0.8262,
        "weapon": 0,
        "pilot_injury": 0.0082,
        "pilot_skill": 0.1077,
        "mission_priority": 0.9832,
        "estimated_landing_time": 664.0,
        "wait_time": 0,
        "Landing_success_rate": 1.0
    },
    {
        "model": 0,
        "sequence": 18,
        "status": 1,
        "fuel": 6689,
        "fault": 0.5324,
        "weapon": 1,
        "pilot_injury": 0.5485,
        "pilot_skill": 0.1844,
        "mission_priority": 0.2321,
        "estimated_landing_time": 1698.0,
        "wait_time": 0,
        "Landing_success_rate": 1.0
    }
]