[
    {
        "model": 1,
        "sequence": 3,
        "status": 1,
        "fuel": 6261,
        "fault": 0.3985,
        "weapon": 0,
        "pilot_injury": 0.3965,
        "pilot_skill": 0.5523,
        "mission_priority": 0.5458,
        "estimated_landing_time": 288.0,
        "wait_time": 0,
        "Landing_success_rate": 1.0
    },
    {
        "model": 1,
        "sequence": 17,
        "status": 1,
        "fuel": 7164,
        "fault": 0.8832,
        "weapon": 0,
        "pilot_injury": 0.9012,
        "pilot_skill": 0.2087,
        "mission_priority": 0.8604,
        "estimated_landing_time": 1604.0,
        "wait_time": 0,
        "Landing_success_rate": 1.0
    },
    {
        "model": 2,
        "sequence": 12,
        "status": 1,
        "fuel": 5715,
        "fault": 0.2366,
        "weapon": 1,
        "pilot_injury": 0.9162,
        "pilot_skill": 0.3894,
        "mission_priority": 0.6519,
        "estimated_landing_time": 1134.0,
        "wait_time": 0,
        "Landing_success_rate": 1.0
    },
    {
        "model": 0,
        "sequence": 15,
        "status": 1,
        "fuel": 6970,
        "fault": 0.751,
        "weapon": 1,
        "pilot_injury": 0.0438,
        "pilot_skill": 0.3598,
        "mission_priority": 0.3654,
        "estimated_landing_time": 1416.0,
        "wait_time": 0,
        "Landing_success_rate": 1.0
    },
    {
        "model": 0,
        "sequence": 2,
        "status": 1,
        "fuel": 5800,
        "fault": 0.6205,
        "weapon": 0,
        "pilot_injury": 0.894,
        "pilot_skill": 0.5486,
        "mission_priority": 0.5862,
        "estimated_landing_time": 194.0,
        "wait_time": 0,
        "Landing_success_rate": 1.0
    },
    {
        "model": 0,
        "sequence": 5,
        "status": 1,
        "fuel": 6496,
        "fault": 0.5631,
        "weapon": 1,
        "pilot_injury": 0.0179,
        "pilot_skill": 0.0566,
        "mission_priority": 0.0307,
        "estimated_landing_time": 476.0,
        "wait_time": 0,
        "Landing_success_rate": 1.0
    },
    {
        "model": 0,
        "sequence": 11,
        "status": 1,
        "fuel": 7425,
        "fault": 0.6227,
        "weapon": 0,
        "pilot_injury": 0.8574,
        "pilot_skill": 0.8829,
        "mission_priority": 0.3561,
        "estimated_landing_time": 1040.0,
        "wait_time": 0,
        "Landing_success_rate": 1.0
    },
    {
        "model": 2,
        "sequence": 16,
        "status": 1,
        "fuel": 6297,
        "fault": 0.679,
        "weapon": 1,
        "pilot_injury": 0.8158,
        "pilot_skill": 0.6849,
        "mission_priority": 0.0257,
        "estimated_landing_time": 1510.0,
        "wait_time": 0,
        "Landing_success_rate": 1.0
    },
    {
        "model": 2,
        "sequence": 10,
        "status": 1,
        "fuel": 7110,
        "fault": 0.9506,
        "weapon": 0,
        "pilot_injury": 0.3368,
        "pilot_skill": 0.5369,
        "mission_priority": 0.8176,
        "estimated_landing_time": 946.0,
        "wait_time": 0,
        "Landing_success_rate": 1.0
    },
    {
        "model": 1,
        "sequence": 4,
        "status": 1,
        "fuel": 5783,
        "fault": 0.0921,
        "weapon": 1,
        "pilot_injury": 0.8636,
        "pilot_skill": 0.924,
        "mission_priority": 0.5513,
        "estimated_landing_time": 382.0,
        "wait_time": 0,
        "Landing_success_rate": 1.0
    },
    {
        "model": 0,
        "sequence": 14,
        "status": 1,
        "fuel": 5687,
        "fault": 0.9124,
        "weapon": 1,
        "pilot_injury": 0.9463,
        "pilot_skill": 0.9049,
        "mission_priority": 0.8496,
        "estimated_landing_time": 1322.0,
        "wait_time": 0,
        "Landing_success_rate": 1.0
    },
    {
        "model": 2,
        "sequence": 6,
        "status": 1,
        "fuel": 6244,
        "fault": 0.4036,
        "weapon": 0,
        "pilot_injury": 0.0267,
        "pilot_skill": 0.6774,
        "mission_priority": 0.1834,
        "estimated_landing_time": 570.0,
        "wait_time": 0,
        "Landing_success_rate": 1.0
    },
    {
        "model": 2,
        "sequence": 9,
        "status": 1,
        "fuel": 6882,
        "fault": 0.462,
        "weapon": 1,
        "pilot_injury": 0.7566,
        "pilot_skill": 0.7264,
        "mission_priority": 0.0046,
        "estimated_landing_time": 852.0,
        "wait_time": 0,
        "Landing_success_rate": 1.0
    },
    {
        "model": 0,
        "sequence": 1,
        "status": 1,
        "fuel": 7293,
        "fault": 0.8773,
        "weapon": 1,
        "pilot_injury": 0.1093,
        "pilot_skill": 0.5002,
        "mission_priority": 0.5901,
        "estimated_landing_time": 100.0,
        "wait_time": 0,
        "Landing_success_rate": 1.0
    },
    {
        "model": 0,
        "sequence": 8,
        "status": 1,
        "fuel": 6638,
        "fault": 0.4708,
        "weapon": 1,
        "pilot_injury": 0.4078,
        "pilot_skill": 0.9436,
        "mission_priority": 0.2513,
        "estimated_landing_time": 758.0,
        "wait_time": 0,
        "Landing_success_rate": 1.0
    },
    {
        "model": 1,
        "sequence": 7,
        "status": 1,
        "fuel": 5551,
        "fault": 0.6493,
        "weapon": 0,
        "pilot_injury": 0.7272,
        "pilot_skill": 0.0108,
        "mission_priority": 0.134,
        "estimated_landing_time": 664.0,
        "wait_time": 0,
        "Landing_success_rate": 1.0
    },
    {
        "model": 0,
        "sequence": 13,
        "status": 1,
        "fuel": 6463,
        "fault": 0.1846,
        "weapon": 0,
        "pilot_injury": 0.1341,
        "pilot_skill": 0.3569,
        "mission_priority": 0.0802,
        "estimated_landing_time": 1228.0,
        "wait_time": 0,
        "Landing_success_rate": 1.0
    },
    {
        "model": 1,
        "sequence": 18,
        "status": 1,
        "fuel": 6567,
        "fault": 0.148,
        "weapon": 1,
        "pilot_injury": 0.7881,
        "pilot_skill": 0.5739,
        "mission_priority": 0.6591,
        "estimated_landing_time": 1698.0,
        "wait_time": 0,
        "Landing_success_rate": 1.0
    }
]