[
    {
        "model": 0,
        "sequence": 4,
        "status": 1,
        "fuel": 6888,
        "fault": 0.7906,
        "weapon": 0,
        "pilot_injury": 0.0195,
        "pilot_skill": 0.42,
        "mission_priority": 0.9604,
        "estimated_landing_time": 382.0,
        "wait_time": 0,
        "Landing_success_rate": 1.0
    },
    {
        "model": 1,
        "sequence": 5,
        "status": 1,
        "fuel": 5679,
        "fault": 0.8363,
        "weapon": 0,
        "pilot_injury": 0.7902,
        "pilot_skill": 0.9336,
        "mission_priority": 0.8718,
        "estimated_landing_time": 476.0,
        "wait_time": 0,
        "Landing_success_rate": 1.0
    },
    {
        "model": 2,
        "sequence": 7,
        "status": 1,
        "fuel": 6911,
        "fault": 0.282,
        "weapon": 0,
        "pilot_injury": 0.343,
        "pilot_skill": 0.2239,
        "mission_priority": 0.9586,
        "estimated_landing_time": 664.0,
        "wait_time": 0,
        "Landing_success_rate": 1.0
    },
    {
        "model": 0,
        "sequence": 3,
        "status": 1,
        "fuel": 5801,
        "fault": 0.4221,
        "weapon": 1,
        "pilot_injury": 0.4108,
        "pilot_skill": 0.4517,
        "mission_priority": 0.4614,
        "estimated_landing_time": 288.0,
        "wait_time": 0,
        "Landing_success_rate": 1.0
    },
    {
        "model": 0,
        "sequence": 15,
        "status": 1,
        "fuel": 5899,
        "fault": 0.2629,
        "weapon": 1,
        "pilot_injury": 0.8824,
        "pilot_skill": 0.6952,
        "mission_priority": 0.9654,
        "estimated_landing_time": 1416.0,
        "wait_time": 0,
        "Landing_success_rate": 1.0
    },
    {
        "model": 1,
        "sequence": 8,
        "status": 1,
        "fuel": 6748,
        "fault": 0.9858,
        "weapon": 0,
        "pilot_injury": 0.918,
        "pilot_skill": 0.2298,
        "mission_priority": 0.965,
        "estimated_landing_time": 758.0,
        "wait_time": 0,
        "Landing_success_rate": 1.0
    },
    {
        "model": 0,
        "sequence": 11,
        "status": 1,
        "fuel": 5934,
        "fault": 0.0119,
        "weapon": 1,
        "pilot_injury": 0.0182,
        "pilot_skill": 0.204,
        "mission_priority": 0.464,
        "estimated_landing_time": 1040.0,
        "wait_time": 0,
        "Landing_success_rate": 1.0
    },
    {
        "model": 2,
        "sequence": 1,
        "status": 1,
        "fuel": 6743,
        "fault": 0.898,
        "weapon": 0,
        "pilot_injury": 0.773,
        "pilot_skill": 0.8509,
        "mission_priority": 0.9791,
        "estimated_landing_time": 100.0,
        "wait_time": 0,
        "Landing_success_rate": 1.0
    },
    {
        "model": 0,
        "sequence": 17,
        "status": 1,
        "fuel": 6612,
        "fault": 0.499,
        "weapon": 0,
        "pilot_injury": 0.757,
        "pilot_skill": 0.5843,
        "mission_priority": 0.2675,
        "estimated_landing_time": 1604.0,
        "wait_time": 0,
        "Landing_success_rate": 1.0
    },
    {
        "model": 1,
        "sequence": 10,
        "status": 1,
        "fuel": 6199,
        "fault": 0.2757,
        "weapon": 1,
        "pilot_injury": 0.3955,
        "pilot_skill": 0.2351,
        "mission_priority": 0.4299,
        "estimated_landing_time": 946.0,
        "wait_time": 0,
        "Landing_success_rate": 1.0
    },
    {
        "model": 0,
        "sequence": 2,
        "status": 1,
        "fuel": 6600,
        "fault": 0.6547,
        "weapon": 1,
        "pilot_injury": 0.6941,
        "pilot_skill": 0.3765,
        "mission_priority": 0.9454,
        "estimated_landing_time": 194.0,
        "wait_time": 0,
        "Landing_success_rate": 1.0
    },
    {
        "model": 1,
        "sequence": 9,
        "status": 1,
        "fuel": 5590,
        "fault": 0.5371,
        "weapon": 1,
        "pilot_injury": 0.5119,
        "pilot_skill": 0.1219,
        "mission_priority": 0.4238,
        "estimated_landing_time": 852.0,
        "wait_time": 0,
        "Landing_success_rate": 1.0
    },
    {
        "model": 2,
        "sequence": 13,
        "status": 1,
        "fuel": 7416,
        "fault": 0.9581,
        "weapon": 0,
        "pilot_injury": 0.7875,
        "pilot_skill": 0.3027,
        "mission_priority": 0.089,
        "estimated_landing_time": 1228.0,
        "wait_time": 0,
        "Landing_success_rate": 1.0
    },
    {
        "model": 1,
        "sequence": 14,
        "status": 1,
        "fuel": 6754,
        "fault": 0.1579,
        "weapon": 1,
        "pilot_injury": 0.5781,
        "pilot_skill": 0.9156,
        "mission_priority": 0.8494,
        "estimated_landing_time": 1322.0,
        "wait_time": 0,
        "Landing_success_rate": 1.0
    },
    {
        "model": 1,
        "sequence": 16,
        "status": 1,
        "fuel": 7434,
        "fault": 0.4245,
        "weapon": 1,
        "pilot_injury": 0.3292,
        "pilot_skill": 0.6363,
        "mission_priority": 0.9769,
        "estimated_landing_time": 1510.0,
        "wait_time": 0,
        "Landing_success_rate": 1.0
    },
    {
        "model": 0,
        "sequence": 18,
        "status": 1,
        "fuel": 5519,
        "fault": 0.406,
        "weapon": 1,
        "pilot_injury": 0.9324,
        "pilot_skill": 0.8251,
        "mission_priority": 0.0372,
        "estimated_landing_time": 1698.0,
        "wait_time": 0,
        "Landing_success_rate": 1.0
    },
    {
        "model": 1,
        "sequence": 12,
        "status": 1,
        "fuel": 7253,
        "fault": 0.9769,
        "weapon": 0,
        "pilot_injury": 0.3177,
        "pilot_skill": 0.2753,
        "mission_priority": 0.6401,
        "estimated_landing_time": 1134.0,
        "wait_time": 0,
        "Landing_success_rate": 1.0
    },
    {
        "model": 1,
        "sequence": 6,
        "status": 1,
        "fuel": 6656,
        "fault": 0.0927,
        "weapon": 1,
        "pilot_injury": 0.2266,
        "pilot_skill": 0.4515,
        "mission_priority": 0.892,
        "estimated_landing_time": 570.0,
        "wait_time": 0,
        "Landing_success_rate": 1.0
    }
]