[
    {
        "model": 1,
        "sequence": 2,
        "status": 1,
        "fuel": 7308,
        "fault": 0.2179,
        "weapon": 0,
        "pilot_injury": 0.8662,
        "pilot_skill": 0.3832,
        "mission_priority": 0.562,
        "estimated_landing_time": 194.0,
        "wait_time": 0,
        "Landing_success_rate": 1.0
    },
    {
        "model": 0,
        "sequence": 9,
        "status": 1,
        "fuel": 6379,
        "fault": 0.0649,
        "weapon": 1,
        "pilot_injury": 0.6757,
        "pilot_skill": 0.2486,
        "mission_priority": 0.6683,
        "estimated_landing_time": 852.0,
        "wait_time": 0,
        "Landing_success_rate": 1.0
    },
    {
        "model": 1,
        "sequence": 7,
        "status": 1,
        "fuel": 5926,
        "fault": 0.6057,
        "weapon": 0,
        "pilot_injury": 0.1295,
        "pilot_skill": 0.2856,
        "mission_priority": 0.066,
        "estimated_landing_time": 664.0,
        "wait_time": 0,
        "Landing_success_rate": 1.0
    },
    {
        "model": 0,
        "sequence": 6,
        "status": 1,
        "fuel": 6071,
        "fault": 0.2221,
        "weapon": 1,
        "pilot_injury": 0.8451,
        "pilot_skill": 0.925,
        "mission_priority": 0.6694,
        "estimated_landing_time": 570.0,
        "wait_time": 0,
        "Landing_success_rate": 1.0
    },
    {
        "model": 2,
        "sequence": 17,
        "status": 1,
        "fuel": 6255,
        "fault": 0.2339,
        "weapon": 1,
        "pilot_injury": 0.9645,
        "pilot_skill": 0.1363,
        "mission_priority": 0.5565,
        "estimated_landing_time": 1604.0,
        "wait_time": 0,
        "Landing_success_rate": 1.0
    },
    {
        "model": 2,
        "sequence": 4,
        "status": 1,
        "fuel": 7044,
        "fault": 0.4124,
        "weapon": 1,
        "pilot_injury": 0.2854,
        "pilot_skill": 0.0478,
        "mission_priority": 0.7022,
        "estimated_landing_time": 382.0,
        "wait_time": 0,
        "Landing_success_rate": 1.0
    },
    {
        "model": 1,
        "sequence": 12,
        "status": 1,
        "fuel": 5590,
        "fault": 0.5536,
        "weapon": 0,
        "pilot_injury": 0.1047,
        "pilot_skill": 0.5231,
        "mission_priority": 0.3752,
        "estimated_landing_time": 1134.0,
        "wait_time": 0,
        "Landing_success_rate": 1.0
    },
    {
        "model": 2,
        "sequence": 16,
        "status": 1,
        "fuel": 6072,
        "fault": 0.1877,
        "weapon": 1,
        "pilot_injury": 0.9727,
        "pilot_skill": 0.7531,
        "mission_priority": 0.7669,
        "estimated_landing_time": 1510.0,
        "wait_time": 0,
        "Landing_success_rate": 1.0
    },
    {
        "model": 1,
        "sequence": 13,
        "status": 1,
        "fuel": 6285,
        "fault": 0.222,
        "weapon": 0,
        "pilot_injury": 0.6671,
        "pilot_skill": 0.1478,
        "mission_priority": 0.2457,
        "estimated_landing_time": 1228.0,
        "wait_time": 0,
        "Landing_success_rate": 1.0
    },
    {
        "model": 0,
        "sequence": 8,
        "status": 1,
        "fuel": 5665,
        "fault": 0.2768,
        "weapon": 1,
        "pilot_injury": 0.3143,
        "pilot_skill": 0.772,
        "mission_priority": 0.9393,
        "estimated_landing_time": 758.0,
        "wait_time": 0,
        "Landing_success_rate": 1.0
    },
    {
        "model": 0,
        "sequence": 11,
        "status": 1,
        "fuel": 6126,
        "fault": 0.5201,
        "weapon": 0,
        "pilot_injury": 0.2718,
        "pilot_skill": 0.9708,
        "mission_priority": 0.2737,
        "estimated_landing_time": 1040.0,
        "wait_time": 0,
        "Landing_success_rate": 1.0
    },
    {
        "model": 0,
        "sequence": 1,
        "status": 1,
        "fuel": 6749,
        "fault": 0.0414,
        "weapon": 1,
        "pilot_injury": 0.7196,
        "pilot_skill": 0.8116,
        "mission_priority": 0.4579,
        "estimated_landing_time": 100.0,
        "wait_time": 0,
        "Landing_success_rate": 1.0
    },
    {
        "model": 2,
        "sequence": 14,
        "status": 1,
        "fuel": 6293,
        "fault": 0.8697,
        "weapon": 0,
        "pilot_injury": 0.3267,
        "pilot_skill": 0.0349,
        "mission_priority": 0.5408,
        "estimated_landing_time": 1322.0,
        "wait_time": 0,
        "Landing_success_rate": 1.0
    },
    {
        "model": 0,
        "sequence": 3,
        "status": 1,
        "fuel": 6535,
        "fault": 0.6292,
        "weapon": 0,
        "pilot_injury": 0.8351,
        "pilot_skill": 0.2147,
        "mission_priority": 0.4261,
        "estimated_landing_time": 288.0,
        "wait_time": 0,
        "Landing_success_rate": 1.0
    },
    {
        "model": 0,
        "sequence": 15,
        "status": 1,
        "fuel": 5748,
        "fault": 0.6701,
        "weapon": 0,
        "pilot_injury": 0.3346,
        "pilot_skill": 0.6926,
        "mission_priority": 0.5909,
        "estimated_landing_time": 1416.0,
        "wait_time": 0,
        "Landing_success_rate": 1.0
    },
    {
        "model": 1,
        "sequence": 10,
        "status": 1,
        "fuel": 6568,
        "fault": 0.923,
        "weapon": 0,
        "pilot_injury": 0.6034,
        "pilot_skill": 0.1669,
        "mission_priority": 0.8744,
        "estimated_landing_time": 946.0,
        "wait_time": 0,
        "Landing_success_rate": 1.0
    },
    {
        "model": 1,
        "sequence": 5,
        "status": 1,
        "fuel": 6178,
        "fault": 0.7366,
        "weapon": 1,
        "pilot_injury": 0.1765,
        "pilot_skill": 0.661,
        "mission_priority": 0.8957,
        "estimated_landing_time": 476.0,
        "wait_time": 0,
        "Landing_success_rate": 1.0
    },
    {
        "model": 1,
        "sequence": 18,
        "status": 1,
        "fuel": 6382,
        "fault": 0.3108,
        "weapon": 0,
        "pilot_injury": 0.0297,
        "pilot_skill": 0.0114,
        "mission_priority": 0.8576,
        "estimated_landing_time": 1698.0,
        "wait_time": 0,
        "Landing_success_rate": 1.0
    }
]