[
    {
        "model": 0,
        "sequence": 8,
        "status": 1,
        "fuel": 7166,
        "fault": 0.8019,
        "weapon": 0,
        "pilot_injury": 0.5513,
        "pilot_skill": 0.2631,
        "mission_priority": 0.2835,
        "estimated_landing_time": 758.0,
        "wait_time": 0,
        "Landing_success_rate": 1.0
    },
    {
        "model": 1,
        "sequence": 1,
        "status": 1,
        "fuel": 6001,
        "fault": 0.5918,
        "weapon": 1,
        "pilot_injury": 0.4814,
        "pilot_skill": 0.6004,
        "mission_priority": 0.3049,
        "estimated_landing_time": 100.0,
        "wait_time": 0,
        "Landing_success_rate": 1.0
    },
    {
        "model": 0,
        "sequence": 5,
        "status": 1,
        "fuel": 6174,
        "fault": 0.521,
        "weapon": 1,
        "pilot_injury": 0.4096,
        "pilot_skill": 0.2548,
        "mission_priority": 0.9643,
        "estimated_landing_time": 476.0,
        "wait_time": 0,
        "Landing_success_rate": 1.0
    },
    {
        "model": 2,
        "sequence": 17,
        "status": 1,
        "fuel": 7043,
        "fault": 0.8623,
        "weapon": 0,
        "pilot_injury": 0.5151,
        "pilot_skill": 0.8205,
        "mission_priority": 0.4514,
        "estimated_landing_time": 1604.0,
        "wait_time": 0,
        "Landing_success_rate": 1.0
    },
    {
        "model": 2,
        "sequence": 12,
        "status": 1,
        "fuel": 5892,
        "fault": 0.3945,
        "weapon": 1,
        "pilot_injury": 0.1559,
        "pilot_skill": 0.0064,
        "mission_priority": 0.9289,
        "estimated_landing_time": 1134.0,
        "wait_time": 0,
        "Landing_success_rate": 1.0
    },
    {
        "model": 2,
        "sequence": 7,
        "status": 1,
        "fuel": 7035,
        "fault": 0.0197,
        "weapon": 1,
        "pilot_injury": 0.7435,
        "pilot_skill": 0.2271,
        "mission_priority": 0.8092,
        "estimated_landing_time": 664.0,
        "wait_time": 0,
        "Landing_success_rate": 1.0
    },
    {
        "model": 1,
        "sequence": 16,
        "status": 1,
        "fuel": 6642,
        "fault": 0.2115,
        "weapon": 1,
        "pilot_injury": 0.0709,
        "pilot_skill": 0.4661,
        "mission_priority": 0.9369,
        "estimated_landing_time": 1510.0,
        "wait_time": 0,
        "Landing_success_rate": 1.0
    },
    {
        "model": 0,
        "sequence": 9,
        "status": 1,
        "fuel": 6689,
        "fault": 0.6445,
        "weapon": 0,
        "pilot_injury": 0.4695,
        "pilot_skill": 0.3841,
        "mission_priority": 0.8222,
        "estimated_landing_time": 852.0,
        "wait_time": 0,
        "Landing_success_rate": 1.0
    },
    {
        "model": 1,
        "sequence": 18,
        "status": 1,
        "fuel": 5536,
        "fault": 0.8496,
        "weapon": 0,
        "pilot_injury": 0.2745,
        "pilot_skill": 0.5614,
        "mission_priority": 0.4026,
        "estimated_landing_time": 1698.0,
        "wait_time": 0,
        "Landing_success_rate": 1.0
    },
    {
        "model": 1,
        "sequence": 11,
        "status": 1,
        "fuel": 6775,
        "fault": 0.9779,
        "weapon": 0,
        "pilot_injury": 0.6363,
        "pilot_skill": 0.314,
        "mission_priority": 0.3594,
        "estimated_landing_time": 1040.0,
        "wait_time": 0,
        "Landing_success_rate": 1.0
    },
    {
        "model": 1,
        "sequence": 2,
        "status": 1,
        "fuel": 6832,
        "fault": 0.4092,
        "weapon": 1,
        "pilot_injury": 0.3242,
        "pilot_skill": 0.2919,
        "mission_priority": 0.2653,
        "estimated_landing_time": 194.0,
        "wait_time": 0,
        "Landing_success_rate": 1.0
    },
    {
        "model": 0,
        "sequence": 13,
        "status": 1,
        "fuel": 6468,
        "fault": 0.5578,
        "weapon": 1,
        "pilot_injury": 0.516,
        "pilot_skill": 0.5374,
        "mission_priority": 0.691,
        "estimated_landing_time": 1228.0,
        "wait_time": 0,
        "Landing_success_rate": 1.0
    },
    {
        "model": 1,
        "sequence": 6,
        "status": 1,
        "fuel": 5859,
        "fault": 0.9339,
        "weapon": 0,
        "pilot_injury": 0.255,
        "pilot_skill": 0.2391,
        "mission_priority": 0.7897,
        "estimated_landing_time": 570.0,
        "wait_time": 0,
        "Landing_success_rate": 1.0
    },
    {
        "model": 1,
        "sequence": 15,
        "status": 1,
        "fuel": 5705,
        "fault": 0.8833,
        "weapon": 1,
        "pilot_injury": 0.6376,
        "pilot_skill": 0.6429,
        "mission_priority": 0.0481,
        "estimated_landing_time": 1416.0,
        "wait_time": 0,
        "Landing_success_rate": 1.0
    },
    {
        "model": 0,
        "sequence": 10,
        "status": 1,
        "fuel": 7437,
        "fault": 0.039,
        "weapon": 1,
        "pilot_injury": 0.9532,
        "pilot_skill": 0.9985,
        "mission_priority": 0.9871,
        "estimated_landing_time": 946.0,
        "wait_time": 0,
        "Landing_success_rate": 1.0
    },
    {
        "model": 0,
        "sequence": 4,
        "status": 1,
        "fuel": 5813,
        "fault": 0.448,
        "weapon": 1,
        "pilot_injury": 0.0986,
        "pilot_skill": 0.3258,
        "mission_priority": 0.2769,
        "estimated_landing_time": 382.0,
        "wait_time": 0,
        "Landing_success_rate": 1.0
    },
    {
        "model": 2,
        "sequence": 14,
        "status": 1,
        "fuel": 6194,
        "fault": 0.0055,
        "weapon": 0,
        "pilot_injury": 0.2315,
        "pilot_skill": 0.6125,
        "mission_priority": 0.3231,
        "estimated_landing_time": 1322.0,
        "wait_time": 0,
        "Landing_success_rate": 1.0
    },
    {
        "model": 0,
        "sequence": 3,
        "status": 1,
        "fuel": 5828,
        "fault": 0.8174,
        "weapon": 1,
        "pilot_injury": 0.1182,
        "pilot_skill": 0.7742,
        "mission_priority": 0.9654,
        "estimated_landing_time": 288.0,
        "wait_time": 0,
        "Landing_success_rate": 1.0
    }
]