[
    {
        "model": 1,
        "sequence": 17,
        "status": 1,
        "fuel": 6481,
        "fault": 0.6271,
        "weapon": 1,
        "pilot_injury": 0.5545,
        "pilot_skill": 0.7008,
        "mission_priority": 0.3871,
        "estimated_landing_time": 1604.0,
        "wait_time": 0,
        "Landing_success_rate": 1.0
    },
    {
        "model": 0,
        "sequence": 3,
        "status": 1,
        "fuel": 7185,
        "fault": 0.2777,
        "weapon": 1,
        "pilot_injury": 0.9425,
        "pilot_skill": 0.5811,
        "mission_priority": 0.1986,
        "estimated_landing_time": 288.0,
        "wait_time": 0,
        "Landing_success_rate": 1.0
    },
    {
        "model": 2,
        "sequence": 6,
        "status": 1,
        "fuel": 7271,
        "fault": 0.6843,
        "weapon": 1,
        "pilot_injury": 0.399,
        "pilot_skill": 0.9135,
        "mission_priority": 0.7371,
        "estimated_landing_time": 570.0,
        "wait_time": 0,
        "Landing_success_rate": 1.0
    },
    {
        "model": 0,
        "sequence": 2,
        "status": 1,
        "fuel": 6397,
        "fault": 0.722,
        "weapon": 0,
        "pilot_injury": 0.2429,
        "pilot_skill": 0.3435,
        "mission_priority": 0.5406,
        "estimated_landing_time": 194.0,
        "wait_time": 0,
        "Landing_success_rate": 1.0
    },
    {
        "model": 1,
        "sequence": 4,
        "status": 1,
        "fuel": 7142,
        "fault": 0.1693,
        "weapon": 1,
        "pilot_injury": 0.4941,
        "pilot_skill": 0.6083,
        "mission_priority": 0.7431,
        "estimated_landing_time": 382.0,
        "wait_time": 0,
        "Landing_success_rate": 1.0
    },
    {
        "model": 2,
        "sequence": 14,
        "status": 1,
        "fuel": 5664,
        "fault": 0.0107,
        "weapon": 0,
        "pilot_injury": 0.261,
        "pilot_skill": 0.5213,
        "mission_priority": 0.466,
        "estimated_landing_time": 1322.0,
        "wait_time": 0,
        "Landing_success_rate": 1.0
    },
    {
        "model": 2,
        "sequence": 7,
        "status": 1,
        "fuel": 7448,
        "fault": 0.7614,
        "weapon": 0,
        "pilot_injury": 0.7021,
        "pilot_skill": 0.155,
        "mission_priority": 0.9622,
        "estimated_landing_time": 664.0,
        "wait_time": 0,
        "Landing_success_rate": 1.0
    },
    {
        "model": 1,
        "sequence": 10,
        "status": 1,
        "fuel": 5922,
        "fault": 0.6037,
        "weapon": 0,
        "pilot_injury": 0.6683,
        "pilot_skill": 0.7045,
        "mission_priority": 0.6658,
        "estimated_landing_time": 946.0,
        "wait_time": 0,
        "Landing_success_rate": 1.0
    },
    {
        "model": 2,
        "sequence": 5,
        "status": 1,
        "fuel": 7097,
        "fault": 0.6288,
        "weapon": 1,
        "pilot_injury": 0.2827,
        "pilot_skill": 0.4468,
        "mission_priority": 0.4361,
        "estimated_landing_time": 476.0,
        "wait_time": 0,
        "Landing_success_rate": 1.0
    },
    {
        "model": 2,
        "sequence": 12,
        "status": 1,
        "fuel": 6029,
        "fault": 0.8279,
        "weapon": 1,
        "pilot_injury": 0.4097,
        "pilot_skill": 0.5517,
        "mission_priority": 0.1561,
        "estimated_landing_time": 1134.0,
        "wait_time": 0,
        "Landing_success_rate": 1.0
    },
    {
        "model": 0,
        "sequence": 9,
        "status": 1,
        "fuel": 7109,
        "fault": 0.2174,
        "weapon": 0,
        "pilot_injury": 0.4445,
        "pilot_skill": 0.5577,
        "mission_priority": 0.7017,
        "estimated_landing_time": 852.0,
        "wait_time": 0,
        "Landing_success_rate": 1.0
    },
    {
        "model": 0,
        "sequence": 18,
        "status": 1,
        "fuel": 7343,
        "fault": 0.8726,
        "weapon": 0,
        "pilot_injury": 0.0857,
        "pilot_skill": 0.5823,
        "mission_priority": 0.707,
        "estimated_landing_time": 1698.0,
        "wait_time": 0,
        "Landing_success_rate": 1.0
    },
    {
        "model": 1,
        "sequence": 8,
        "status": 1,
        "fuel": 7058,
        "fault": 0.7777,
        "weapon": 1,
        "pilot_injury": 0.2623,
        "pilot_skill": 0.1595,
        "mission_priority": 0.047,
        "estimated_landing_time": 758.0,
        "wait_time": 0,
        "Landing_success_rate": 1.0
    },
    {
        "model": 0,
        "sequence": 16,
        "status": 1,
        "fuel": 5776,
        "fault": 0.1554,
        "weapon": 0,
        "pilot_injury": 0.6908,
        "pilot_skill": 0.9617,
        "mission_priority": 0.0735,
        "estimated_landing_time": 1510.0,
        "wait_time": 0,
        "Landing_success_rate": 1.0
    },
    {
        "model": 2,
        "sequence": 11,
        "status": 1,
        "fuel": 5520,
        "fault": 0.4888,
        "weapon": 0,
        "pilot_injury": 0.8603,
        "pilot_skill": 0.155,
        "mission_priority": 0.9065,
        "estimated_landing_time": 1040.0,
        "wait_time": 0,
        "Landing_success_rate": 1.0
    },
    {
        "model": 1,
        "sequence": 13,
        "status": 1,
        "fuel": 7137,
        "fault": 0.5914,
        "weapon": 0,
        "pilot_injury": 0.7855,
        "pilot_skill": 0.0903,
        "mission_priority": 0.2207,
        "estimated_landing_time": 1228.0,
        "wait_time": 0,
        "Landing_success_rate": 1.0
    },
    {
        "model": 1,
        "sequence": 1,
        "status": 1,
        "fuel": 6190,
        "fault": 0.3917,
        "weapon": 1,
        "pilot_injury": 0.3477,
        "pilot_skill": 0.0505,
        "mission_priority": 0.6281,
        "estimated_landing_time": 100.0,
        "wait_time": 0,
        "Landing_success_rate": 1.0
    },
    {
        "model": 1,
        "sequence": 15,
        "status": 1,
        "fuel": 6838,
        "fault": 0.9673,
        "weapon": 0,
        "pilot_injury": 0.8923,
        "pilot_skill": 0.5059,
        "mission_priority": 0.6093,
        "estimated_landing_time": 1416.0,
        "wait_time": 0,
        "Landing_success_rate": 1.0
    }
]