[
    {
        "model": 0,
        "sequence": 14,
        "status": 1,
        "fuel": 6676,
        "fault": 0.9357,
        "weapon": 1,
        "pilot_injury": 0.9611,
        "pilot_skill": 0.2818,
        "mission_priority": 0.2846,
        "estimated_landing_time": 1322.0,
        "wait_time": 0,
        "Landing_success_rate": 1.0
    },
    {
        "model": 1,
        "sequence": 1,
        "status": 1,
        "fuel": 5793,
        "fault": 0.4637,
        "weapon": 1,
        "pilot_injury": 0.0732,
        "pilot_skill": 0.4813,
        "mission_priority": 0.5502,
        "estimated_landing_time": 100.0,
        "wait_time": 0,
        "Landing_success_rate": 1.0
    },
    {
        "model": 2,
        "sequence": 8,
        "status": 1,
        "fuel": 6630,
        "fault": 0.4472,
        "weapon": 0,
        "pilot_injury": 0.9733,
        "pilot_skill": 0.737,
        "mission_priority": 0.7201,
        "estimated_landing_time": 758.0,
        "wait_time": 0,
        "Landing_success_rate": 1.0
    },
    {
        "model": 1,
        "sequence": 15,
        "status": 1,
        "fuel": 5975,
        "fault": 0.9284,
        "weapon": 0,
        "pilot_injury": 0.6131,
        "pilot_skill": 0.8178,
        "mission_priority": 0.0344,
        "estimated_landing_time": 1416.0,
        "wait_time": 0,
        "Landing_success_rate": 1.0
    },
    {
        "model": 0,
        "sequence": 4,
        "status": 1,
        "fuel": 6504,
        "fault": 0.791,
        "weapon": 0,
        "pilot_injury": 0.5934,
        "pilot_skill": 0.4247,
        "mission_priority": 0.4536,
        "estimated_landing_time": 382.0,
        "wait_time": 0,
        "Landing_success_rate": 1.0
    },
    {
        "model": 0,
        "sequence": 13,
        "status": 1,
        "fuel": 6472,
        "fault": 0.046,
        "weapon": 1,
        "pilot_injury": 0.7876,
        "pilot_skill": 0.4216,
        "mission_priority": 0.4173,
        "estimated_landing_time": 1228.0,
        "wait_time": 0,
        "Landing_success_rate": 1.0
    },
    {
        "model": 1,
        "sequence": 16,
        "status": 1,
        "fuel": 7117,
        "fault": 0.0037,
        "weapon": 0,
        "pilot_injury": 0.7781,
        "pilot_skill": 0.8872,
        "mission_priority": 0.2634,
        "estimated_landing_time": 1510.0,
        "wait_time": 0,
        "Landing_success_rate": 1.0
    },
    {
        "model": 1,
        "sequence": 10,
        "status": 1,
        "fuel": 5719,
        "fault": 0.8795,
        "weapon": 1,
        "pilot_injury": 0.9305,
        "pilot_skill": 0.8347,
        "mission_priority": 0.4684,
        "estimated_landing_time": 946.0,
        "wait_time": 0,
        "Landing_success_rate": 1.0
    },
    {
        "model": 1,
        "sequence": 7,
        "status": 1,
        "fuel": 6361,
        "fault": 0.9898,
        "weapon": 0,
        "pilot_injury": 0.5227,
        "pilot_skill": 0.0984,
        "mission_priority": 0.3527,
        "estimated_landing_time": 664.0,
        "wait_time": 0,
        "Landing_success_rate": 1.0
    },
    {
        "model": 1,
        "sequence": 17,
        "status": 1,
        "fuel": 5860,
        "fault": 0.2222,
        "weapon": 1,
        "pilot_injury": 0.3371,
        "pilot_skill": 0.7384,
        "mission_priority": 0.4297,
        "estimated_landing_time": 1604.0,
        "wait_time": 0,
        "Landing_success_rate": 1.0
    },
    {
        "model": 2,
        "sequence": 9,
        "status": 1,
        "fuel": 6814,
        "fault": 0.7143,
        "weapon": 1,
        "pilot_injury": 0.2187,
        "pilot_skill": 0.2143,
        "mission_priority": 0.3776,
        "estimated_landing_time": 852.0,
        "wait_time": 0,
        "Landing_success_rate": 1.0
    },
    {
        "model": 0,
        "sequence": 3,
        "status": 1,
        "fuel": 5854,
        "fault": 0.9601,
        "weapon": 1,
        "pilot_injury": 0.1325,
        "pilot_skill": 0.6326,
        "mission_priority": 0.6246,
        "estimated_landing_time": 288.0,
        "wait_time": 0,
        "Landing_success_rate": 1.0
    },
    {
        "model": 1,
        "sequence": 11,
        "status": 1,
        "fuel": 6414,
        "fault": 0.0563,
        "weapon": 1,
        "pilot_injury": 0.0663,
        "pilot_skill": 0.7157,
        "mission_priority": 0.9875,
        "estimated_landing_time": 1040.0,
        "wait_time": 0,
        "Landing_success_rate": 1.0
    },
    {
        "model": 1,
        "sequence": 2,
        "status": 1,
        "fuel": 6884,
        "fault": 0.1144,
        "weapon": 0,
        "pilot_injury": 0.4763,
        "pilot_skill": 0.0956,
        "mission_priority": 0.7266,
        "estimated_landing_time": 194.0,
        "wait_time": 0,
        "Landing_success_rate": 1.0
    },
    {
        "model": 1,
        "sequence": 18,
        "status": 1,
        "fuel": 7247,
        "fault": 0.4477,
        "weapon": 1,
        "pilot_injury": 0.7031,
        "pilot_skill": 0.9048,
        "mission_priority": 0.4862,
        "estimated_landing_time": 1698.0,
        "wait_time": 0,
        "Landing_success_rate": 1.0
    },
    {
        "model": 0,
        "sequence": 5,
        "status": 1,
        "fuel": 5601,
        "fault": 0.253,
        "weapon": 0,
        "pilot_injury": 0.1225,
        "pilot_skill": 0.5184,
        "mission_priority": 0.8606,
        "estimated_landing_time": 476.0,
        "wait_time": 0,
        "Landing_success_rate": 1.0
    },
    {
        "model": 0,
        "sequence": 12,
        "status": 1,
        "fuel": 6387,
        "fault": 0.3294,
        "weapon": 0,
        "pilot_injury": 0.548,
        "pilot_skill": 0.5461,
        "mission_priority": 0.2848,
        "estimated_landing_time": 1134.0,
        "wait_time": 0,
        "Landing_success_rate": 1.0
    },
    {
        "model": 0,
        "sequence": 6,
        "status": 1,
        "fuel": 7194,
        "fault": 0.9733,
        "weapon": 0,
        "pilot_injury": 0.4408,
        "pilot_skill": 0.8096,
        "mission_priority": 0.829,
        "estimated_landing_time": 570.0,
        "wait_time": 0,
        "Landing_success_rate": 1.0
    }
]