[
    {
        "model": 2,
        "sequence": 4,
        "status": 1,
        "fuel": 5916,
        "fault": 0.4688,
        "weapon": 1,
        "pilot_injury": 0.7778,
        "pilot_skill": 0.5864,
        "mission_priority": 0.2375,
        "estimated_landing_time": 382.0,
        "wait_time": 0,
        "Landing_success_rate": 1.0
    },
    {
        "model": 1,
        "sequence": 17,
        "status": 1,
        "fuel": 6701,
        "fault": 0.5596,
        "weapon": 0,
        "pilot_injury": 0.7591,
        "pilot_skill": 0.2505,
        "mission_priority": 0.6832,
        "estimated_landing_time": 1604.0,
        "wait_time": 0,
        "Landing_success_rate": 1.0
    },
    {
        "model": 0,
        "sequence": 14,
        "status": 1,
        "fuel": 5922,
        "fault": 0.749,
        "weapon": 1,
        "pilot_injury": 0.8526,
        "pilot_skill": 0.8747,
        "mission_priority": 0.5369,
        "estimated_landing_time": 1322.0,
        "wait_time": 0,
        "Landing_success_rate": 1.0
    },
    {
        "model": 0,
        "sequence": 6,
        "status": 1,
        "fuel": 6035,
        "fault": 0.1955,
        "weapon": 0,
        "pilot_injury": 0.9487,
        "pilot_skill": 0.1347,
        "mission_priority": 0.8354,
        "estimated_landing_time": 570.0,
        "wait_time": 0,
        "Landing_success_rate": 1.0
    },
    {
        "model": 0,
        "sequence": 16,
        "status": 1,
        "fuel": 5928,
        "fault": 0.6316,
        "weapon": 0,
        "pilot_injury": 0.9195,
        "pilot_skill": 0.9281,
        "mission_priority": 0.6154,
        "estimated_landing_time": 1510.0,
        "wait_time": 0,
        "Landing_success_rate": 1.0
    },
    {
        "model": 2,
        "sequence": 13,
        "status": 1,
        "fuel": 6759,
        "fault": 0.678,
        "weapon": 1,
        "pilot_injury": 0.6278,
        "pilot_skill": 0.6221,
        "mission_priority": 0.7334,
        "estimated_landing_time": 1228.0,
        "wait_time": 0,
        "Landing_success_rate": 1.0
    },
    {
        "model": 0,
        "sequence": 18,
        "status": 1,
        "fuel": 5744,
        "fault": 0.7989,
        "weapon": 1,
        "pilot_injury": 0.2828,
        "pilot_skill": 0.3497,
        "mission_priority": 0.638,
        "estimated_landing_time": 1698.0,
        "wait_time": 0,
        "Landing_success_rate": 1.0
    },
    {
        "model": 1,
        "sequence": 11,
        "status": 1,
        "fuel": 5745,
        "fault": 0.5501,
        "weapon": 0,
        "pilot_injury": 0.1853,
        "pilot_skill": 0.3555,
        "mission_priority": 0.9355,
        "estimated_landing_time": 1040.0,
        "wait_time": 0,
        "Landing_success_rate": 1.0
    },
    {
        "model": 2,
        "sequence": 1,
        "status": 1,
        "fuel": 7047,
        "fault": 0.6199,
        "weapon": 1,
        "pilot_injury": 0.5914,
        "pilot_skill": 0.5013,
        "mission_priority": 0.8489,
        "estimated_landing_time": 100.0,
        "wait_time": 0,
        "Landing_success_rate": 1.0
    },
    {
        "model": 2,
        "sequence": 9,
        "status": 1,
        "fuel": 6211,
        "fault": 0.8803,
        "weapon": 1,
        "pilot_injury": 0.4624,
        "pilot_skill": 0.6758,
        "mission_priority": 0.7285,
        "estimated_landing_time": 852.0,
        "wait_time": 0,
        "Landing_success_rate": 1.0
    },
    {
        "model": 1,
        "sequence": 5,
        "status": 1,
        "fuel": 7022,
        "fault": 0.5761,
        "weapon": 1,
        "pilot_injury": 0.2882,
        "pilot_skill": 0.5323,
        "mission_priority": 0.4303,
        "estimated_landing_time": 476.0,
        "wait_time": 0,
        "Landing_success_rate": 1.0
    },
    {
        "model": 0,
        "sequence": 8,
        "status": 1,
        "fuel": 5868,
        "fault": 0.0276,
        "weapon": 0,
        "pilot_injury": 0.8929,
        "pilot_skill": 0.4904,
        "mission_priority": 0.536,
        "estimated_landing_time": 758.0,
        "wait_time": 0,
        "Landing_success_rate": 1.0
    },
    {
        "model": 1,
        "sequence": 12,
        "status": 1,
        "fuel": 6882,
        "fault": 0.4208,
        "weapon": 1,
        "pilot_injury": 0.5104,
        "pilot_skill": 0.9374,
        "mission_priority": 0.1311,
        "estimated_landing_time": 1134.0,
        "wait_time": 0,
        "Landing_success_rate": 1.0
    },
    {
        "model": 1,
        "sequence": 10,
        "status": 1,
        "fuel": 5885,
        "fault": 0.258,
        "weapon": 1,
        "pilot_injury": 0.7646,
        "pilot_skill": 0.6482,
        "mission_priority": 0.9627,
        "estimated_landing_time": 946.0,
        "wait_time": 0,
        "Landing_success_rate": 1.0
    },
    {
        "model": 2,
        "sequence": 7,
        "status": 1,
        "fuel": 6735,
        "fault": 0.2291,
        "weapon": 0,
        "pilot_injury": 0.8159,
        "pilot_skill": 0.9121,
        "mission_priority": 0.5286,
        "estimated_landing_time": 664.0,
        "wait_time": 0,
        "Landing_success_rate": 1.0
    },
    {
        "model": 0,
        "sequence": 2,
        "status": 1,
        "fuel": 5985,
        "fault": 0.7592,
        "weapon": 1,
        "pilot_injury": 0.7915,
        "pilot_skill": 0.4708,
        "mission_priority": 0.6512,
        "estimated_landing_time": 194.0,
        "wait_time": 0,
        "Landing_success_rate": 1.0
    },
    {
        "model": 0,
        "sequence": 15,
        "status": 1,
        "fuel": 5618,
        "fault": 0.9885,
        "weapon": 1,
        "pilot_injury": 0.54,
        "pilot_skill": 0.0392,
        "mission_priority": 0.8657,
        "estimated_landing_time": 1416.0,
        "wait_time": 0,
        "Landing_success_rate": 1.0
    },
    {
        "model": 0,
        "sequence": 3,
        "status": 1,
        "fuel": 6836,
        "fault": 0.9473,
        "weapon": 1,
        "pilot_injury": 0.2834,
        "pilot_skill": 0.1964,
        "mission_priority": 0.2914,
        "estimated_landing_time": 288.0,
        "wait_time": 0,
        "Landing_success_rate": 1.0
    }
]