[
    {
        "model": 1,
        "sequence": 8,
        "status": 1,
        "fuel": 6890,
        "fault": 0.2136,
        "weapon": 1,
        "pilot_injury": 0.6121,
        "pilot_skill": 0.9262,
        "mission_priority": 0.891,
        "estimated_landing_time": 758.0,
        "wait_time": 0,
        "Landing_success_rate": 1.0
    },
    {
        "model": 0,
        "sequence": 11,
        "status": 1,
        "fuel": 5803,
        "fault": 0.5716,
        "weapon": 1,
        "pilot_injury": 0.098,
        "pilot_skill": 0.2939,
        "mission_priority": 0.5973,
        "estimated_landing_time": 1040.0,
        "wait_time": 0,
        "Landing_success_rate": 1.0
    },
    {
        "model": 2,
        "sequence": 9,
        "status": 1,
        "fuel": 6040,
        "fault": 0.0854,
        "weapon": 1,
        "pilot_injury": 0.829,
        "pilot_skill": 0.4734,
        "mission_priority": 0.4918,
        "estimated_landing_time": 852.0,
        "wait_time": 0,
        "Landing_success_rate": 1.0
    },
    {
        "model": 2,
        "sequence": 5,
        "status": 1,
        "fuel": 7395,
        "fault": 0.1328,
        "weapon": 1,
        "pilot_injury": 0.1439,
        "pilot_skill": 0.308,
        "mission_priority": 0.3644,
        "estimated_landing_time": 476.0,
        "wait_time": 0,
        "Landing_success_rate": 1.0
    },
    {
        "model": 1,
        "sequence": 6,
        "status": 1,
        "fuel": 6562,
        "fault": 0.1475,
        "weapon": 1,
        "pilot_injury": 0.2156,
        "pilot_skill": 0.2819,
        "mission_priority": 0.3634,
        "estimated_landing_time": 570.0,
        "wait_time": 0,
        "Landing_success_rate": 1.0
    },
    {
        "model": 0,
        "sequence": 10,
        "status": 1,
        "fuel": 7425,
        "fault": 0.4685,
        "weapon": 1,
        "pilot_injury": 0.9835,
        "pilot_skill": 0.2514,
        "mission_priority": 0.8446,
        "estimated_landing_time": 946.0,
        "wait_time": 0,
        "Landing_success_rate": 1.0
    },
    {
        "model": 0,
        "sequence": 16,
        "status": 1,
        "fuel": 6070,
        "fault": 0.5465,
        "weapon": 0,
        "pilot_injury": 0.8508,
        "pilot_skill": 0.279,
        "mission_priority": 0.8899,
        "estimated_landing_time": 1510.0,
        "wait_time": 0,
        "Landing_success_rate": 1.0
    },
    {
        "model": 1,
        "sequence": 17,
        "status": 1,
        "fuel": 5581,
        "fault": 0.0022,
        "weapon": 0,
        "pilot_injury": 0.7865,
        "pilot_skill": 0.9137,
        "mission_priority": 0.5704,
        "estimated_landing_time": 1604.0,
        "wait_time": 0,
        "Landing_success_rate": 1.0
    },
    {
        "model": 2,
        "sequence": 3,
        "status": 1,
        "fuel": 6788,
        "fault": 0.3961,
        "weapon": 0,
        "pilot_injury": 0.7874,
        "pilot_skill": 0.4544,
        "mission_priority": 0.7399,
        "estimated_landing_time": 288.0,
        "wait_time": 0,
        "Landing_success_rate": 1.0
    },
    {
        "model": 2,
        "sequence": 2,
        "status": 1,
        "fuel": 7417,
        "fault": 0.1159,
        "weapon": 0,
        "pilot_injury": 0.1658,
        "pilot_skill": 0.909,
        "mission_priority": 0.4149,
        "estimated_landing_time": 194.0,
        "wait_time": 0,
        "Landing_success_rate": 1.0
    },
    {
        "model": 2,
        "sequence": 7,
        "status": 1,
        "fuel": 6093,
        "fault": 0.2788,
        "weapon": 1,
        "pilot_injury": 0.2421,
        "pilot_skill": 0.0025,
        "mission_priority": 0.4382,
        "estimated_landing_time": 664.0,
        "wait_time": 0,
        "Landing_success_rate": 1.0
    },
    {
        "model": 1,
        "sequence": 4,
        "status": 1,
        "fuel": 6035,
        "fault": 0.2952,
        "weapon": 0,
        "pilot_injury": 0.9566,
        "pilot_skill": 0.1791,
        "mission_priority": 0.7189,
        "estimated_landing_time": 382.0,
        "wait_time": 0,
        "Landing_success_rate": 1.0
    },
    {
        "model": 1,
        "sequence": 18,
        "status": 1,
        "fuel": 5504,
        "fault": 0.3103,
        "weapon": 0,
        "pilot_injury": 0.3392,
        "pilot_skill": 0.7038,
        "mission_priority": 0.473,
        "estimated_landing_time": 1698.0,
        "wait_time": 0,
        "Landing_success_rate": 1.0
    },
    {
        "model": 2,
        "sequence": 15,
        "status": 1,
        "fuel": 6608,
        "fault": 0.683,
        "weapon": 1,
        "pilot_injury": 0.026,
        "pilot_skill": 0.332,
        "mission_priority": 0.728,
        "estimated_landing_time": 1416.0,
        "wait_time": 0,
        "Landing_success_rate": 1.0
    },
    {
        "model": 0,
        "sequence": 1,
        "status": 1,
        "fuel": 6628,
        "fault": 0.0908,
        "weapon": 0,
        "pilot_injury": 0.3533,
        "pilot_skill": 0.1815,
        "mission_priority": 0.7609,
        "estimated_landing_time": 100.0,
        "wait_time": 0,
        "Landing_success_rate": 1.0
    },
    {
        "model": 0,
        "sequence": 13,
        "status": 1,
        "fuel": 5587,
        "fault": 0.114,
        "weapon": 0,
        "pilot_injury": 0.1976,
        "pilot_skill": 0.2852,
        "mission_priority": 0.9479,
        "estimated_landing_time": 1228.0,
        "wait_time": 0,
        "Landing_success_rate": 1.0
    },
    {
        "model": 2,
        "sequence": 12,
        "status": 1,
        "fuel": 7108,
        "fault": 0.0805,
        "weapon": 0,
        "pilot_injury": 0.3556,
        "pilot_skill": 0.49,
        "mission_priority": 0.2366,
        "estimated_landing_time": 1134.0,
        "wait_time": 0,
        "Landing_success_rate": 1.0
    },
    {
        "model": 0,
        "sequence": 14,
        "status": 1,
        "fuel": 6415,
        "fault": 0.2176,
        "weapon": 0,
        "pilot_injury": 0.6021,
        "pilot_skill": 0.3578,
        "mission_priority": 0.2515,
        "estimated_landing_time": 1322.0,
        "wait_time": 0,
        "Landing_success_rate": 1.0
    }
]