[
    {
        "model": 0,
        "sequence": 16,
        "status": 1,
        "fuel": 7275,
        "fault": 0.3454,
        "weapon": 1,
        "pilot_injury": 0.2666,
        "pilot_skill": 0.6792,
        "mission_priority": 0.7235,
        "estimated_landing_time": 1510.0,
        "wait_time": 0,
        "Landing_success_rate": 1.0
    },
    {
        "model": 1,
        "sequence": 12,
        "status": 1,
        "fuel": 6007,
        "fault": 0.2741,
        "weapon": 1,
        "pilot_injury": 0.7747,
        "pilot_skill": 0.3674,
        "mission_priority": 0.4121,
        "estimated_landing_time": 1134.0,
        "wait_time": 0,
        "Landing_success_rate": 1.0
    },
    {
        "model": 2,
        "sequence": 18,
        "status": 1,
        "fuel": 5989,
        "fault": 0.5825,
        "weapon": 0,
        "pilot_injury": 0.2954,
        "pilot_skill": 0.6249,
        "mission_priority": 0.1348,
        "estimated_landing_time": 1698.0,
        "wait_time": 0,
        "Landing_success_rate": 1.0
    },
    {
        "model": 1,
        "sequence": 17,
        "status": 1,
        "fuel": 6770,
        "fault": 0.9571,
        "weapon": 1,
        "pilot_injury": 0.3827,
        "pilot_skill": 0.2243,
        "mission_priority": 0.6435,
        "estimated_landing_time": 1604.0,
        "wait_time": 0,
        "Landing_success_rate": 1.0
    },
    {
        "model": 0,
        "sequence": 7,
        "status": 1,
        "fuel": 7242,
        "fault": 0.4236,
        "weapon": 0,
        "pilot_injury": 0.304,
        "pilot_skill": 0.9274,
        "mission_priority": 0.2535,
        "estimated_landing_time": 664.0,
        "wait_time": 0,
        "Landing_success_rate": 1.0
    },
    {
        "model": 1,
        "sequence": 8,
        "status": 1,
        "fuel": 7296,
        "fault": 0.4342,
        "weapon": 1,
        "pilot_injury": 0.6126,
        "pilot_skill": 0.5125,
        "mission_priority": 0.7885,
        "estimated_landing_time": 758.0,
        "wait_time": 0,
        "Landing_success_rate": 1.0
    },
    {
        "model": 0,
        "sequence": 2,
        "status": 1,
        "fuel": 6540,
        "fault": 0.8858,
        "weapon": 1,
        "pilot_injury": 0.7186,
        "pilot_skill": 0.9373,
        "mission_priority": 0.6014,
        "estimated_landing_time": 194.0,
        "wait_time": 0,
        "Landing_success_rate": 1.0
    },
    {
        "model": 1,
        "sequence": 3,
        "status": 1,
        "fuel": 6661,
        "fault": 0.7628,
        "weapon": 1,
        "pilot_injury": 0.4237,
        "pilot_skill": 0.5835,
        "mission_priority": 0.2112,
        "estimated_landing_time": 288.0,
        "wait_time": 0,
        "Landing_success_rate": 1.0
    },
    {
        "model": 0,
        "sequence": 14,
        "status": 1,
        "fuel": 5937,
        "fault": 0.0797,
        "weapon": 1,
        "pilot_injury": 0.2252,
        "pilot_skill": 0.2799,
        "mission_priority": 0.0442,
        "estimated_landing_time": 1322.0,
        "wait_time": 0,
        "Landing_success_rate": 1.0
    },
    {
        "model": 1,
        "sequence": 15,
        "status": 1,
        "fuel": 5805,
        "fault": 0.0748,
        "weapon": 1,
        "pilot_injury": 0.1311,
        "pilot_skill": 0.1334,
        "mission_priority": 0.9679,
        "estimated_landing_time": 1416.0,
        "wait_time": 0,
        "Landing_success_rate": 1.0
    },
    {
        "model": 0,
        "sequence": 4,
        "status": 1,
        "fuel": 5678,
        "fault": 0.7231,
        "weapon": 1,
        "pilot_injury": 0.2677,
        "pilot_skill": 0.5124,
        "mission_priority": 0.5961,
        "estimated_landing_time": 382.0,
        "wait_time": 0,
        "Landing_success_rate": 1.0
    },
    {
        "model": 0,
        "sequence": 9,
        "status": 1,
        "fuel": 6734,
        "fault": 0.6399,
        "weapon": 0,
        "pilot_injury": 0.7004,
        "pilot_skill": 0.9498,
        "mission_priority": 0.8778,
        "estimated_landing_time": 852.0,
        "wait_time": 0,
        "Landing_success_rate": 1.0
    },
    {
        "model": 1,
        "sequence": 11,
        "status": 1,
        "fuel": 6987,
        "fault": 0.7188,
        "weapon": 0,
        "pilot_injury": 0.007,
        "pilot_skill": 0.6331,
        "mission_priority": 0.4644,
        "estimated_landing_time": 1040.0,
        "wait_time": 0,
        "Landing_success_rate": 1.0
    },
    {
        "model": 1,
        "sequence": 10,
        "status": 1,
        "fuel": 6994,
        "fault": 0.0767,
        "weapon": 1,
        "pilot_injury": 0.7427,
        "pilot_skill": 0.7295,
        "mission_priority": 0.0445,
        "estimated_landing_time": 946.0,
        "wait_time": 0,
        "Landing_success_rate": 1.0
    },
    {
        "model": 0,
        "sequence": 5,
        "status": 1,
        "fuel": 6906,
        "fault": 0.2141,
        "weapon": 1,
        "pilot_injury": 0.0682,
        "pilot_skill": 0.3229,
        "mission_priority": 0.7921,
        "estimated_landing_time": 476.0,
        "wait_time": 0,
        "Landing_success_rate": 1.0
    },
    {
        "model": 2,
        "sequence": 6,
        "status": 1,
        "fuel": 7421,
        "fault": 0.4648,
        "weapon": 1,
        "pilot_injury": 0.5023,
        "pilot_skill": 0.9782,
        "mission_priority": 0.9362,
        "estimated_landing_time": 570.0,
        "wait_time": 0,
        "Landing_success_rate": 1.0
    },
    {
        "model": 0,
        "sequence": 1,
        "status": 1,
        "fuel": 6132,
        "fault": 0.6067,
        "weapon": 0,
        "pilot_injury": 0.4313,
        "pilot_skill": 0.1042,
        "mission_priority": 0.4041,
        "estimated_landing_time": 100.0,
        "wait_time": 0,
        "Landing_success_rate": 1.0
    },
    {
        "model": 0,
        "sequence": 13,
        "status": 1,
        "fuel": 6873,
        "fault": 0.1054,
        "weapon": 1,
        "pilot_injury": 0.8861,
        "pilot_skill": 0.0146,
        "mission_priority": 0.7888,
        "estimated_landing_time": 1228.0,
        "wait_time": 0,
        "Landing_success_rate": 1.0
    }
]