[
    {
        "model": 0,
        "sequence": 9,
        "status": 1,
        "fuel": 6640,
        "fault": 0.4211,
        "weapon": 0,
        "pilot_injury": 0.8562,
        "pilot_skill": 0.1781,
        "mission_priority": 0.8711,
        "estimated_landing_time": 852.0,
        "wait_time": 0,
        "Landing_success_rate": 1.0
    },
    {
        "model": 0,
        "sequence": 7,
        "status": 1,
        "fuel": 6778,
        "fault": 0.2979,
        "weapon": 1,
        "pilot_injury": 0.8404,
        "pilot_skill": 0.4238,
        "mission_priority": 0.7888,
        "estimated_landing_time": 664.0,
        "wait_time": 0,
        "Landing_success_rate": 1.0
    },
    {
        "model": 2,
        "sequence": 1,
        "status": 1,
        "fuel": 6266,
        "fault": 0.9075,
        "weapon": 0,
        "pilot_injury": 0.7127,
        "pilot_skill": 0.1507,
        "mission_priority": 0.927,
        "estimated_landing_time": 100.0,
        "wait_time": 0,
        "Landing_success_rate": 1.0
    },
    {
        "model": 2,
        "sequence": 13,
        "status": 1,
        "fuel": 6414,
        "fault": 0.9875,
        "weapon": 0,
        "pilot_injury": 0.2285,
        "pilot_skill": 0.8625,
        "mission_priority": 0.3211,
        "estimated_landing_time": 1228.0,
        "wait_time": 0,
        "Landing_success_rate": 1.0
    },
    {
        "model": 1,
        "sequence": 18,
        "status": 1,
        "fuel": 7473,
        "fault": 0.909,
        "weapon": 1,
        "pilot_injury": 0.4682,
        "pilot_skill": 0.8783,
        "mission_priority": 0.0484,
        "estimated_landing_time": 1698.0,
        "wait_time": 0,
        "Landing_success_rate": 1.0
    },
    {
        "model": 1,
        "sequence": 2,
        "status": 1,
        "fuel": 6547,
        "fault": 0.1549,
        "weapon": 0,
        "pilot_injury": 0.5965,
        "pilot_skill": 0.7162,
        "mission_priority": 0.8421,
        "estimated_landing_time": 194.0,
        "wait_time": 0,
        "Landing_success_rate": 1.0
    },
    {
        "model": 0,
        "sequence": 4,
        "status": 1,
        "fuel": 6091,
        "fault": 0.7228,
        "weapon": 0,
        "pilot_injury": 0.6388,
        "pilot_skill": 0.6857,
        "mission_priority": 0.1529,
        "estimated_landing_time": 382.0,
        "wait_time": 0,
        "Landing_success_rate": 1.0
    },
    {
        "model": 2,
        "sequence": 11,
        "status": 1,
        "fuel": 5935,
        "fault": 0.8091,
        "weapon": 1,
        "pilot_injury": 0.2542,
        "pilot_skill": 0.58,
        "mission_priority": 0.3765,
        "estimated_landing_time": 1040.0,
        "wait_time": 0,
        "Landing_success_rate": 1.0
    },
    {
        "model": 0,
        "sequence": 17,
        "status": 1,
        "fuel": 6252,
        "fault": 0.8469,
        "weapon": 0,
        "pilot_injury": 0.0457,
        "pilot_skill": 0.9525,
        "mission_priority": 0.0724,
        "estimated_landing_time": 1604.0,
        "wait_time": 0,
        "Landing_success_rate": 1.0
    },
    {
        "model": 2,
        "sequence": 16,
        "status": 1,
        "fuel": 6465,
        "fault": 0.5653,
        "weapon": 0,
        "pilot_injury": 0.2687,
        "pilot_skill": 0.5667,
        "mission_priority": 0.834,
        "estimated_landing_time": 1510.0,
        "wait_time": 0,
        "Landing_success_rate": 1.0
    },
    {
        "model": 0,
        "sequence": 14,
        "status": 1,
        "fuel": 6269,
        "fault": 0.0801,
        "weapon": 1,
        "pilot_injury": 0.6323,
        "pilot_skill": 0.7517,
        "mission_priority": 0.9545,
        "estimated_landing_time": 1322.0,
        "wait_time": 0,
        "Landing_success_rate": 1.0
    },
    {
        "model": 0,
        "sequence": 3,
        "status": 1,
        "fuel": 6375,
        "fault": 0.6593,
        "weapon": 1,
        "pilot_injury": 0.4821,
        "pilot_skill": 0.2358,
        "mission_priority": 0.9627,
        "estimated_landing_time": 288.0,
        "wait_time": 0,
        "Landing_success_rate": 1.0
    },
    {
        "model": 2,
        "sequence": 12,
        "status": 1,
        "fuel": 6347,
        "fault": 0.9801,
        "weapon": 1,
        "pilot_injury": 0.7849,
        "pilot_skill": 0.4305,
        "mission_priority": 0.69,
        "estimated_landing_time": 1134.0,
        "wait_time": 0,
        "Landing_success_rate": 1.0
    },
    {
        "model": 1,
        "sequence": 10,
        "status": 1,
        "fuel": 6400,
        "fault": 0.3425,
        "weapon": 1,
        "pilot_injury": 0.7599,
        "pilot_skill": 0.928,
        "mission_priority": 0.4886,
        "estimated_landing_time": 946.0,
        "wait_time": 0,
        "Landing_success_rate": 1.0
    },
    {
        "model": 1,
        "sequence": 6,
        "status": 1,
        "fuel": 7032,
        "fault": 0.2279,
        "weapon": 0,
        "pilot_injury": 0.4797,
        "pilot_skill": 0.6739,
        "mission_priority": 0.1858,
        "estimated_landing_time": 570.0,
        "wait_time": 0,
        "Landing_success_rate": 1.0
    },
    {
        "model": 2,
        "sequence": 8,
        "status": 1,
        "fuel": 7311,
        "fault": 0.2338,
        "weapon": 0,
        "pilot_injury": 0.8724,
        "pilot_skill": 0.6096,
        "mission_priority": 0.8837,
        "estimated_landing_time": 758.0,
        "wait_time": 0,
        "Landing_success_rate": 1.0
    },
    {
        "model": 0,
        "sequence": 15,
        "status": 1,
        "fuel": 6867,
        "fault": 0.345,
        "weapon": 0,
        "pilot_injury": 0.9318,
        "pilot_skill": 0.4397,
        "mission_priority": 0.5006,
        "estimated_landing_time": 1416.0,
        "wait_time": 0,
        "Landing_success_rate": 1.0
    },
    {
        "model": 0,
        "sequence": 5,
        "status": 1,
        "fuel": 5704,
        "fault": 0.9477,
        "weapon": 0,
        "pilot_injury": 0.7198,
        "pilot_skill": 0.728,
        "mission_priority": 0.8658,
        "estimated_landing_time": 476.0,
        "wait_time": 0,
        "Landing_success_rate": 1.0
    }
]