[
    {
        "model": 0,
        "sequence": 15,
        "status": 1,
        "fuel": 6542,
        "fault": 0.769,
        "weapon": 1,
        "pilot_injury": 0.3675,
        "pilot_skill": 0.075,
        "mission_priority": 0.2909,
        "estimated_landing_time": 1416.0,
        "wait_time": 0,
        "Landing_success_rate": 1.0
    },
    {
        "model": 1,
        "sequence": 12,
        "status": 1,
        "fuel": 5841,
        "fault": 0.2548,
        "weapon": 1,
        "pilot_injury": 0.6712,
        "pilot_skill": 0.9399,
        "mission_priority": 0.3799,
        "estimated_landing_time": 1134.0,
        "wait_time": 0,
        "Landing_success_rate": 1.0
    },
    {
        "model": 2,
        "sequence": 8,
        "status": 1,
        "fuel": 7361,
        "fault": 0.3336,
        "weapon": 1,
        "pilot_injury": 0.6461,
        "pilot_skill": 0.5475,
        "mission_priority": 0.7792,
        "estimated_landing_time": 758.0,
        "wait_time": 0,
        "Landing_success_rate": 1.0
    },
    {
        "model": 0,
        "sequence": 13,
        "status": 1,
        "fuel": 6335,
        "fault": 0.587,
        "weapon": 1,
        "pilot_injury": 0.0959,
        "pilot_skill": 0.2887,
        "mission_priority": 0.5911,
        "estimated_landing_time": 1228.0,
        "wait_time": 0,
        "Landing_success_rate": 1.0
    },
    {
        "model": 0,
        "sequence": 17,
        "status": 1,
        "fuel": 5783,
        "fault": 0.6554,
        "weapon": 0,
        "pilot_injury": 0.2808,
        "pilot_skill": 0.6502,
        "mission_priority": 0.1177,
        "estimated_landing_time": 1604.0,
        "wait_time": 0,
        "Landing_success_rate": 1.0
    },
    {
        "model": 0,
        "sequence": 2,
        "status": 1,
        "fuel": 7371,
        "fault": 0.9013,
        "weapon": 0,
        "pilot_injury": 0.7156,
        "pilot_skill": 0.6221,
        "mission_priority": 0.2589,
        "estimated_landing_time": 194.0,
        "wait_time": 0,
        "Landing_success_rate": 1.0
    },
    {
        "model": 0,
        "sequence": 11,
        "status": 1,
        "fuel": 6176,
        "fault": 0.571,
        "weapon": 1,
        "pilot_injury": 0.5155,
        "pilot_skill": 0.9891,
        "mission_priority": 0.2986,
        "estimated_landing_time": 1040.0,
        "wait_time": 0,
        "Landing_success_rate": 1.0
    },
    {
        "model": 2,
        "sequence": 14,
        "status": 1,
        "fuel": 6000,
        "fault": 0.8314,
        "weapon": 1,
        "pilot_injury": 0.4621,
        "pilot_skill": 0.471,
        "mission_priority": 0.0794,
        "estimated_landing_time": 1322.0,
        "wait_time": 0,
        "Landing_success_rate": 1.0
    },
    {
        "model": 0,
        "sequence": 5,
        "status": 1,
        "fuel": 6586,
        "fault": 0.5605,
        "weapon": 0,
        "pilot_injury": 0.5653,
        "pilot_skill": 0.3185,
        "mission_priority": 0.077,
        "estimated_landing_time": 476.0,
        "wait_time": 0,
        "Landing_success_rate": 1.0
    },
    {
        "model": 2,
        "sequence": 9,
        "status": 1,
        "fuel": 6751,
        "fault": 0.8419,
        "weapon": 0,
        "pilot_injury": 0.7365,
        "pilot_skill": 0.8375,
        "mission_priority": 0.482,
        "estimated_landing_time": 852.0,
        "wait_time": 0,
        "Landing_success_rate": 1.0
    },
    {
        "model": 2,
        "sequence": 18,
        "status": 1,
        "fuel": 6424,
        "fault": 0.0411,
        "weapon": 1,
        "pilot_injury": 0.0134,
        "pilot_skill": 0.6335,
        "mission_priority": 0.4057,
        "estimated_landing_time": 1698.0,
        "wait_time": 0,
        "Landing_success_rate": 1.0
    },
    {
        "model": 2,
        "sequence": 3,
        "status": 1,
        "fuel": 6131,
        "fault": 0.9995,
        "weapon": 1,
        "pilot_injury": 0.1273,
        "pilot_skill": 0.4014,
        "mission_priority": 0.3082,
        "estimated_landing_time": 288.0,
        "wait_time": 0,
        "Landing_success_rate": 1.0
    },
    {
        "model": 1,
        "sequence": 4,
        "status": 1,
        "fuel": 5830,
        "fault": 0.6199,
        "weapon": 0,
        "pilot_injury": 0.6439,
        "pilot_skill": 0.9037,
        "mission_priority": 0.7513,
        "estimated_landing_time": 382.0,
        "wait_time": 0,
        "Landing_success_rate": 1.0
    },
    {
        "model": 2,
        "sequence": 6,
        "status": 1,
        "fuel": 5536,
        "fault": 0.8051,
        "weapon": 0,
        "pilot_injury": 0.2203,
        "pilot_skill": 0.6872,
        "mission_priority": 0.0448,
        "estimated_landing_time": 570.0,
        "wait_time": 0,
        "Landing_success_rate": 1.0
    },
    {
        "model": 0,
        "sequence": 1,
        "status": 1,
        "fuel": 5502,
        "fault": 0.7019,
        "weapon": 1,
        "pilot_injury": 0.0584,
        "pilot_skill": 0.8718,
        "mission_priority": 0.8777,
        "estimated_landing_time": 100.0,
        "wait_time": 0,
        "Landing_success_rate": 1.0
    },
    {
        "model": 1,
        "sequence": 10,
        "status": 1,
        "fuel": 6406,
        "fault": 0.1759,
        "weapon": 1,
        "pilot_injury": 0.6779,
        "pilot_skill": 0.3969,
        "mission_priority": 0.1363,
        "estimated_landing_time": 946.0,
        "wait_time": 0,
        "Landing_success_rate": 1.0
    },
    {
        "model": 1,
        "sequence": 16,
        "status": 1,
        "fuel": 6815,
        "fault": 0.3175,
        "weapon": 1,
        "pilot_injury": 0.3581,
        "pilot_skill": 0.5655,
        "mission_priority": 0.2084,
        "estimated_landing_time": 1510.0,
        "wait_time": 0,
        "Landing_success_rate": 1.0
    },
    {
        "model": 1,
        "sequence": 7,
        "status": 1,
        "fuel": 5945,
        "fault": 0.8335,
        "weapon": 0,
        "pilot_injury": 0.0075,
        "pilot_skill": 0.1495,
        "mission_priority": 0.435,
        "estimated_landing_time": 664.0,
        "wait_time": 0,
        "Landing_success_rate": 1.0
    }
]