[
    {
        "model": 2,
        "sequence": 16,
        "status": 1,
        "fuel": 6758,
        "fault": 0.8918,
        "weapon": 1,
        "pilot_injury": 0.589,
        "pilot_skill": 0.1909,
        "mission_priority": 0.2525,
        "estimated_landing_time": 1510.0,
        "wait_time": 0,
        "Landing_success_rate": 1.0
    },
    {
        "model": 0,
        "sequence": 8,
        "status": 1,
        "fuel": 6796,
        "fault": 0.897,
        "weapon": 1,
        "pilot_injury": 0.3158,
        "pilot_skill": 0.7648,
        "mission_priority": 0.7467,
        "estimated_landing_time": 758.0,
        "wait_time": 0,
        "Landing_success_rate": 1.0
    },
    {
        "model": 1,
        "sequence": 15,
        "status": 1,
        "fuel": 5570,
        "fault": 0.8712,
        "weapon": 0,
        "pilot_injury": 0.6645,
        "pilot_skill": 0.3432,
        "mission_priority": 0.629,
        "estimated_landing_time": 1416.0,
        "wait_time": 0,
        "Landing_success_rate": 1.0
    },
    {
        "model": 1,
        "sequence": 5,
        "status": 1,
        "fuel": 7091,
        "fault": 0.6993,
        "weapon": 1,
        "pilot_injury": 0.3107,
        "pilot_skill": 0.9361,
        "mission_priority": 0.8337,
        "estimated_landing_time": 476.0,
        "wait_time": 0,
        "Landing_success_rate": 1.0
    },
    {
        "model": 2,
        "sequence": 6,
        "status": 1,
        "fuel": 7480,
        "fault": 0.1865,
        "weapon": 1,
        "pilot_injury": 0.0561,
        "pilot_skill": 0.6495,
        "mission_priority": 0.3281,
        "estimated_landing_time": 570.0,
        "wait_time": 0,
        "Landing_success_rate": 1.0
    },
    {
        "model": 2,
        "sequence": 18,
        "status": 1,
        "fuel": 7221,
        "fault": 0.2409,
        "weapon": 0,
        "pilot_injury": 0.0455,
        "pilot_skill": 0.6071,
        "mission_priority": 0.5642,
        "estimated_landing_time": 1698.0,
        "wait_time": 0,
        "Landing_success_rate": 1.0
    },
    {
        "model": 1,
        "sequence": 17,
        "status": 1,
        "fuel": 7347,
        "fault": 0.2693,
        "weapon": 0,
        "pilot_injury": 0.5548,
        "pilot_skill": 0.7673,
        "mission_priority": 0.1106,
        "estimated_landing_time": 1604.0,
        "wait_time": 0,
        "Landing_success_rate": 1.0
    },
    {
        "model": 1,
        "sequence": 14,
        "status": 1,
        "fuel": 5600,
        "fault": 0.1382,
        "weapon": 0,
        "pilot_injury": 0.6893,
        "pilot_skill": 0.6843,
        "mission_priority": 0.3179,
        "estimated_landing_time": 1322.0,
        "wait_time": 0,
        "Landing_success_rate": 1.0
    },
    {
        "model": 1,
        "sequence": 10,
        "status": 1,
        "fuel": 6788,
        "fault": 0.0348,
        "weapon": 0,
        "pilot_injury": 0.1055,
        "pilot_skill": 0.9927,
        "mission_priority": 0.1258,
        "estimated_landing_time": 946.0,
        "wait_time": 0,
        "Landing_success_rate": 1.0
    },
    {
        "model": 2,
        "sequence": 4,
        "status": 1,
        "fuel": 6937,
        "fault": 0.0177,
        "weapon": 0,
        "pilot_injury": 0.5124,
        "pilot_skill": 0.7904,
        "mission_priority": 0.971,
        "estimated_landing_time": 382.0,
        "wait_time": 0,
        "Landing_success_rate": 1.0
    },
    {
        "model": 2,
        "sequence": 13,
        "status": 1,
        "fuel": 6162,
        "fault": 0.272,
        "weapon": 0,
        "pilot_injury": 0.6167,
        "pilot_skill": 0.7108,
        "mission_priority": 0.3974,
        "estimated_landing_time": 1228.0,
        "wait_time": 0,
        "Landing_success_rate": 1.0
    },
    {
        "model": 1,
        "sequence": 7,
        "status": 1,
        "fuel": 5837,
        "fault": 0.436,
        "weapon": 1,
        "pilot_injury": 0.6558,
        "pilot_skill": 0.4942,
        "mission_priority": 0.7434,
        "estimated_landing_time": 664.0,
        "wait_time": 0,
        "Landing_success_rate": 1.0
    },
    {
        "model": 1,
        "sequence": 11,
        "status": 1,
        "fuel": 5822,
        "fault": 0.5371,
        "weapon": 1,
        "pilot_injury": 0.1559,
        "pilot_skill": 0.3299,
        "mission_priority": 0.5912,
        "estimated_landing_time": 1040.0,
        "wait_time": 0,
        "Landing_success_rate": 1.0
    },
    {
        "model": 2,
        "sequence": 2,
        "status": 1,
        "fuel": 5739,
        "fault": 0.4304,
        "weapon": 0,
        "pilot_injury": 0.9481,
        "pilot_skill": 0.7061,
        "mission_priority": 0.2177,
        "estimated_landing_time": 194.0,
        "wait_time": 0,
        "Landing_success_rate": 1.0
    },
    {
        "model": 2,
        "sequence": 3,
        "status": 1,
        "fuel": 6836,
        "fault": 0.2528,
        "weapon": 0,
        "pilot_injury": 0.7527,
        "pilot_skill": 0.9159,
        "mission_priority": 0.7117,
        "estimated_landing_time": 288.0,
        "wait_time": 0,
        "Landing_success_rate": 1.0
    },
    {
        "model": 2,
        "sequence": 9,
        "status": 1,
        "fuel": 6262,
        "fault": 0.9707,
        "weapon": 1,
        "pilot_injury": 0.6959,
        "pilot_skill": 0.5743,
        "mission_priority": 0.3538,
        "estimated_landing_time": 852.0,
        "wait_time": 0,
        "Landing_success_rate": 1.0
    },
    {
        "model": 0,
        "sequence": 12,
        "status": 1,
        "fuel": 5726,
        "fault": 0.8338,
        "weapon": 1,
        "pilot_injury": 0.6281,
        "pilot_skill": 0.4154,
        "mission_priority": 0.7808,
        "estimated_landing_time": 1134.0,
        "wait_time": 0,
        "Landing_success_rate": 1.0
    },
    {
        "model": 1,
        "sequence": 1,
        "status": 1,
        "fuel": 6887,
        "fault": 0.7055,
        "weapon": 1,
        "pilot_injury": 0.1079,
        "pilot_skill": 0.709,
        "mission_priority": 0.4769,
        "estimated_landing_time": 100.0,
        "wait_time": 0,
        "Landing_success_rate": 1.0
    }
]