[
    {
        "model": 1,
        "sequence": 1,
        "status": 1,
        "fuel": 7017,
        "fault": 0.4368,
        "weapon": 1,
        "pilot_injury": 0.3268,
        "pilot_skill": 0.6411,
        "mission_priority": 0.7426,
        "estimated_landing_time": 100.0,
        "wait_time": 0,
        "Landing_success_rate": 1.0
    },
    {
        "model": 1,
        "sequence": 7,
        "status": 1,
        "fuel": 5554,
        "fault": 0.5139,
        "weapon": 1,
        "pilot_injury": 0.8133,
        "pilot_skill": 0.9996,
        "mission_priority": 0.4565,
        "estimated_landing_time": 664.0,
        "wait_time": 0,
        "Landing_success_rate": 1.0
    },
    {
        "model": 1,
        "sequence": 18,
        "status": 1,
        "fuel": 6461,
        "fault": 0.4193,
        "weapon": 1,
        "pilot_injury": 0.782,
        "pilot_skill": 0.5732,
        "mission_priority": 0.884,
        "estimated_landing_time": 1698.0,
        "wait_time": 0,
        "Landing_success_rate": 1.0
    },
    {
        "model": 0,
        "sequence": 9,
        "status": 1,
        "fuel": 7181,
        "fault": 0.2673,
        "weapon": 1,
        "pilot_injury": 0.4663,
        "pilot_skill": 0.857,
        "mission_priority": 0.9944,
        "estimated_landing_time": 852.0,
        "wait_time": 0,
        "Landing_success_rate": 1.0
    },
    {
        "model": 0,
        "sequence": 13,
        "status": 1,
        "fuel": 6565,
        "fault": 0.4046,
        "weapon": 0,
        "pilot_injury": 0.0813,
        "pilot_skill": 0.141,
        "mission_priority": 0.9292,
        "estimated_landing_time": 1228.0,
        "wait_time": 0,
        "Landing_success_rate": 1.0
    },
    {
        "model": 2,
        "sequence": 2,
        "status": 1,
        "fuel": 6945,
        "fault": 0.9901,
        "weapon": 1,
        "pilot_injury": 0.6715,
        "pilot_skill": 0.5602,
        "mission_priority": 0.2887,
        "estimated_landing_time": 194.0,
        "wait_time": 0,
        "Landing_success_rate": 1.0
    },
    {
        "model": 1,
        "sequence": 17,
        "status": 1,
        "fuel": 5632,
        "fault": 0.1621,
        "weapon": 0,
        "pilot_injury": 0.1883,
        "pilot_skill": 0.1392,
        "mission_priority": 0.3184,
        "estimated_landing_time": 1604.0,
        "wait_time": 0,
        "Landing_success_rate": 1.0
    },
    {
        "model": 2,
        "sequence": 12,
        "status": 1,
        "fuel": 5758,
        "fault": 0.5282,
        "weapon": 1,
        "pilot_injury": 0.8333,
        "pilot_skill": 0.621,
        "mission_priority": 0.0404,
        "estimated_landing_time": 1134.0,
        "wait_time": 0,
        "Landing_success_rate": 1.0
    },
    {
        "model": 0,
        "sequence": 16,
        "status": 1,
        "fuel": 5724,
        "fault": 0.5252,
        "weapon": 0,
        "pilot_injury": 0.8411,
        "pilot_skill": 0.9072,
        "mission_priority": 0.2865,
        "estimated_landing_time": 1510.0,
        "wait_time": 0,
        "Landing_success_rate": 1.0
    },
    {
        "model": 0,
        "sequence": 4,
        "status": 1,
        "fuel": 6937,
        "fault": 0.9813,
        "weapon": 0,
        "pilot_injury": 0.2956,
        "pilot_skill": 0.1926,
        "mission_priority": 0.6785,
        "estimated_landing_time": 382.0,
        "wait_time": 0,
        "Landing_success_rate": 1.0
    },
    {
        "model": 2,
        "sequence": 11,
        "status": 1,
        "fuel": 5956,
        "fault": 0.4456,
        "weapon": 0,
        "pilot_injury": 0.8121,
        "pilot_skill": 0.7919,
        "mission_priority": 0.8554,
        "estimated_landing_time": 1040.0,
        "wait_time": 0,
        "Landing_success_rate": 1.0
    },
    {
        "model": 0,
        "sequence": 15,
        "status": 1,
        "fuel": 7097,
        "fault": 0.0371,
        "weapon": 1,
        "pilot_injury": 0.9148,
        "pilot_skill": 0.0421,
        "mission_priority": 0.7945,
        "estimated_landing_time": 1416.0,
        "wait_time": 0,
        "Landing_success_rate": 1.0
    },
    {
        "model": 1,
        "sequence": 6,
        "status": 1,
        "fuel": 7273,
        "fault": 0.4372,
        "weapon": 1,
        "pilot_injury": 0.7174,
        "pilot_skill": 0.9256,
        "mission_priority": 0.5088,
        "estimated_landing_time": 570.0,
        "wait_time": 0,
        "Landing_success_rate": 1.0
    },
    {
        "model": 1,
        "sequence": 10,
        "status": 1,
        "fuel": 6658,
        "fault": 0.1468,
        "weapon": 0,
        "pilot_injury": 0.4205,
        "pilot_skill": 0.4395,
        "mission_priority": 0.5383,
        "estimated_landing_time": 946.0,
        "wait_time": 0,
        "Landing_success_rate": 1.0
    },
    {
        "model": 0,
        "sequence": 14,
        "status": 1,
        "fuel": 5762,
        "fault": 0.9178,
        "weapon": 0,
        "pilot_injury": 0.0785,
        "pilot_skill": 0.265,
        "mission_priority": 0.9686,
        "estimated_landing_time": 1322.0,
        "wait_time": 0,
        "Landing_success_rate": 1.0
    },
    {
        "model": 1,
        "sequence": 8,
        "status": 1,
        "fuel": 5779,
        "fault": 0.0248,
        "weapon": 0,
        "pilot_injury": 0.081,
        "pilot_skill": 0.2841,
        "mission_priority": 0.0397,
        "estimated_landing_time": 758.0,
        "wait_time": 0,
        "Landing_success_rate": 1.0
    },
    {
        "model": 2,
        "sequence": 5,
        "status": 1,
        "fuel": 6651,
        "fault": 0.5477,
        "weapon": 1,
        "pilot_injury": 0.7636,
        "pilot_skill": 0.8701,
        "mission_priority": 0.2515,
        "estimated_landing_time": 476.0,
        "wait_time": 0,
        "Landing_success_rate": 1.0
    },
    {
        "model": 0,
        "sequence": 3,
        "status": 1,
        "fuel": 5640,
        "fault": 0.5533,
        "weapon": 1,
        "pilot_injury": 0.0837,
        "pilot_skill": 0.8067,
        "mission_priority": 0.4833,
        "estimated_landing_time": 288.0,
        "wait_time": 0,
        "Landing_success_rate": 1.0
    }
]