[
    {
        "model": 0,
        "sequence": 12,
        "status": 1,
        "fuel": 6045,
        "fault": 0.303,
        "weapon": 0,
        "pilot_injury": 0.2973,
        "pilot_skill": 0.9474,
        "mission_priority": 0.262,
        "estimated_landing_time": 1134.0,
        "wait_time": 0,
        "Landing_success_rate": 1.0
    },
    {
        "model": 2,
        "sequence": 4,
        "status": 1,
        "fuel": 6060,
        "fault": 0.864,
        "weapon": 1,
        "pilot_injury": 0.6648,
        "pilot_skill": 0.4599,
        "mission_priority": 0.5691,
        "estimated_landing_time": 382.0,
        "wait_time": 0,
        "Landing_success_rate": 1.0
    },
    {
        "model": 1,
        "sequence": 13,
        "status": 1,
        "fuel": 6214,
        "fault": 0.1469,
        "weapon": 1,
        "pilot_injury": 0.7663,
        "pilot_skill": 0.7671,
        "mission_priority": 0.2376,
        "estimated_landing_time": 1228.0,
        "wait_time": 0,
        "Landing_success_rate": 1.0
    },
    {
        "model": 0,
        "sequence": 5,
        "status": 1,
        "fuel": 6068,
        "fault": 0.6001,
        "weapon": 1,
        "pilot_injury": 0.09,
        "pilot_skill": 0.1267,
        "mission_priority": 0.2937,
        "estimated_landing_time": 476.0,
        "wait_time": 0,
        "Landing_success_rate": 1.0
    },
    {
        "model": 0,
        "sequence": 17,
        "status": 1,
        "fuel": 7243,
        "fault": 0.1474,
        "weapon": 0,
        "pilot_injury": 0.7926,
        "pilot_skill": 0.7549,
        "mission_priority": 0.5871,
        "estimated_landing_time": 1604.0,
        "wait_time": 0,
        "Landing_success_rate": 1.0
    },
    {
        "model": 0,
        "sequence": 11,
        "status": 1,
        "fuel": 7180,
        "fault": 0.5222,
        "weapon": 0,
        "pilot_injury": 0.5693,
        "pilot_skill": 0.4828,
        "mission_priority": 0.8691,
        "estimated_landing_time": 1040.0,
        "wait_time": 0,
        "Landing_success_rate": 1.0
    },
    {
        "model": 2,
        "sequence": 3,
        "status": 1,
        "fuel": 7207,
        "fault": 0.9853,
        "weapon": 0,
        "pilot_injury": 0.113,
        "pilot_skill": 0.8198,
        "mission_priority": 0.7927,
        "estimated_landing_time": 288.0,
        "wait_time": 0,
        "Landing_success_rate": 1.0
    },
    {
        "model": 2,
        "sequence": 8,
        "status": 1,
        "fuel": 7194,
        "fault": 0.4182,
        "weapon": 0,
        "pilot_injury": 0.7726,
        "pilot_skill": 0.4833,
        "mission_priority": 0.906,
        "estimated_landing_time": 758.0,
        "wait_time": 0,
        "Landing_success_rate": 1.0
    },
    {
        "model": 1,
        "sequence": 7,
        "status": 1,
        "fuel": 6219,
        "fault": 0.9105,
        "weapon": 0,
        "pilot_injury": 0.5827,
        "pilot_skill": 0.4262,
        "mission_priority": 0.0041,
        "estimated_landing_time": 664.0,
        "wait_time": 0,
        "Landing_success_rate": 1.0
    },
    {
        "model": 2,
        "sequence": 14,
        "status": 1,
        "fuel": 6917,
        "fault": 0.154,
        "weapon": 1,
        "pilot_injury": 0.4287,
        "pilot_skill": 0.4215,
        "mission_priority": 0.4894,
        "estimated_landing_time": 1322.0,
        "wait_time": 0,
        "Landing_success_rate": 1.0
    },
    {
        "model": 2,
        "sequence": 6,
        "status": 1,
        "fuel": 5633,
        "fault": 0.6282,
        "weapon": 1,
        "pilot_injury": 0.3758,
        "pilot_skill": 0.9094,
        "mission_priority": 0.564,
        "estimated_landing_time": 570.0,
        "wait_time": 0,
        "Landing_success_rate": 1.0
    },
    {
        "model": 2,
        "sequence": 16,
        "status": 1,
        "fuel": 6252,
        "fault": 0.8873,
        "weapon": 1,
        "pilot_injury": 0.2126,
        "pilot_skill": 0.8677,
        "mission_priority": 0.0873,
        "estimated_landing_time": 1510.0,
        "wait_time": 0,
        "Landing_success_rate": 1.0
    },
    {
        "model": 2,
        "sequence": 1,
        "status": 1,
        "fuel": 7116,
        "fault": 0.3409,
        "weapon": 1,
        "pilot_injury": 0.5376,
        "pilot_skill": 0.3,
        "mission_priority": 0.7228,
        "estimated_landing_time": 100.0,
        "wait_time": 0,
        "Landing_success_rate": 1.0
    },
    {
        "model": 1,
        "sequence": 15,
        "status": 1,
        "fuel": 7394,
        "fault": 0.3896,
        "weapon": 1,
        "pilot_injury": 0.3553,
        "pilot_skill": 0.6001,
        "mission_priority": 0.8885,
        "estimated_landing_time": 1416.0,
        "wait_time": 0,
        "Landing_success_rate": 1.0
    },
    {
        "model": 1,
        "sequence": 10,
        "status": 1,
        "fuel": 6664,
        "fault": 0.9727,
        "weapon": 0,
        "pilot_injury": 0.1308,
        "pilot_skill": 0.4949,
        "mission_priority": 0.7321,
        "estimated_landing_time": 946.0,
        "wait_time": 0,
        "Landing_success_rate": 1.0
    },
    {
        "model": 1,
        "sequence": 2,
        "status": 1,
        "fuel": 6294,
        "fault": 0.8532,
        "weapon": 0,
        "pilot_injury": 0.7293,
        "pilot_skill": 0.634,
        "mission_priority": 0.6282,
        "estimated_landing_time": 194.0,
        "wait_time": 0,
        "Landing_success_rate": 1.0
    },
    {
        "model": 2,
        "sequence": 18,
        "status": 1,
        "fuel": 5655,
        "fault": 0.2457,
        "weapon": 1,
        "pilot_injury": 0.3444,
        "pilot_skill": 0.8082,
        "mission_priority": 0.7751,
        "estimated_landing_time": 1698.0,
        "wait_time": 0,
        "Landing_success_rate": 1.0
    },
    {
        "model": 2,
        "sequence": 9,
        "status": 1,
        "fuel": 5871,
        "fault": 0.4277,
        "weapon": 0,
        "pilot_injury": 0.7678,
        "pilot_skill": 0.4099,
        "mission_priority": 0.2198,
        "estimated_landing_time": 852.0,
        "wait_time": 0,
        "Landing_success_rate": 1.0
    }
]