[
    {
        "model": 2,
        "sequence": 2,
        "status": 1,
        "fuel": 6494,
        "fault": 0.9212,
        "weapon": 1,
        "pilot_injury": 0.0994,
        "pilot_skill": 0.3352,
        "mission_priority": 0.1228,
        "estimated_landing_time": 194.0,
        "wait_time": 0,
        "Landing_success_rate": 1.0
    },
    {
        "model": 0,
        "sequence": 3,
        "status": 1,
        "fuel": 6061,
        "fault": 0.7861,
        "weapon": 0,
        "pilot_injury": 0.0348,
        "pilot_skill": 0.6472,
        "mission_priority": 0.0598,
        "estimated_landing_time": 288.0,
        "wait_time": 0,
        "Landing_success_rate": 1.0
    },
    {
        "model": 2,
        "sequence": 4,
        "status": 1,
        "fuel": 6734,
        "fault": 0.8824,
        "weapon": 0,
        "pilot_injury": 0.4015,
        "pilot_skill": 0.6374,
        "mission_priority": 0.9737,
        "estimated_landing_time": 382.0,
        "wait_time": 0,
        "Landing_success_rate": 1.0
    },
    {
        "model": 0,
        "sequence": 14,
        "status": 1,
        "fuel": 6158,
        "fault": 0.4293,
        "weapon": 0,
        "pilot_injury": 0.355,
        "pilot_skill": 0.9995,
        "mission_priority": 0.951,
        "estimated_landing_time": 1322.0,
        "wait_time": 0,
        "Landing_success_rate": 1.0
    },
    {
        "model": 0,
        "sequence": 16,
        "status": 1,
        "fuel": 5553,
        "fault": 0.2692,
        "weapon": 1,
        "pilot_injury": 0.7383,
        "pilot_skill": 0.9923,
        "mission_priority": 0.771,
        "estimated_landing_time": 1510.0,
        "wait_time": 0,
        "Landing_success_rate": 1.0
    },
    {
        "model": 0,
        "sequence": 18,
        "status": 1,
        "fuel": 5957,
        "fault": 0.8499,
        "weapon": 0,
        "pilot_injury": 0.7266,
        "pilot_skill": 0.1667,
        "mission_priority": 0.7532,
        "estimated_landing_time": 1698.0,
        "wait_time": 0,
        "Landing_success_rate": 1.0
    },
    {
        "model": 1,
        "sequence": 13,
        "status": 1,
        "fuel": 6908,
        "fault": 0.9353,
        "weapon": 1,
        "pilot_injury": 0.6187,
        "pilot_skill": 0.4146,
        "mission_priority": 0.9539,
        "estimated_landing_time": 1228.0,
        "wait_time": 0,
        "Landing_success_rate": 1.0
    },
    {
        "model": 1,
        "sequence": 7,
        "status": 1,
        "fuel": 5765,
        "fault": 0.0508,
        "weapon": 0,
        "pilot_injury": 0.021,
        "pilot_skill": 0.7566,
        "mission_priority": 0.1195,
        "estimated_landing_time": 664.0,
        "wait_time": 0,
        "Landing_success_rate": 1.0
    },
    {
        "model": 0,
        "sequence": 6,
        "status": 1,
        "fuel": 5666,
        "fault": 0.9206,
        "weapon": 0,
        "pilot_injury": 0.2364,
        "pilot_skill": 0.1128,
        "mission_priority": 0.5953,
        "estimated_landing_time": 570.0,
        "wait_time": 0,
        "Landing_success_rate": 1.0
    },
    {
        "model": 0,
        "sequence": 9,
        "status": 1,
        "fuel": 5632,
        "fault": 0.3707,
        "weapon": 1,
        "pilot_injury": 0.4142,
        "pilot_skill": 0.792,
        "mission_priority": 0.9999,
        "estimated_landing_time": 852.0,
        "wait_time": 0,
        "Landing_success_rate": 1.0
    },
    {
        "model": 1,
        "sequence": 10,
        "status": 1,
        "fuel": 6313,
        "fault": 0.2937,
        "weapon": 1,
        "pilot_injury": 0.3418,
        "pilot_skill": 0.8625,
        "mission_priority": 0.037,
        "estimated_landing_time": 946.0,
        "wait_time": 0,
        "Landing_success_rate": 1.0
    },
    {
        "model": 1,
        "sequence": 11,
        "status": 1,
        "fuel": 6453,
        "fault": 0.2205,
        "weapon": 1,
        "pilot_injury": 0.1768,
        "pilot_skill": 0.533,
        "mission_priority": 0.3078,
        "estimated_landing_time": 1040.0,
        "wait_time": 0,
        "Landing_success_rate": 1.0
    },
    {
        "model": 2,
        "sequence": 5,
        "status": 1,
        "fuel": 6061,
        "fault": 0.8922,
        "weapon": 0,
        "pilot_injury": 0.4551,
        "pilot_skill": 0.2859,
        "mission_priority": 0.8036,
        "estimated_landing_time": 476.0,
        "wait_time": 0,
        "Landing_success_rate": 1.0
    },
    {
        "model": 1,
        "sequence": 12,
        "status": 1,
        "fuel": 6168,
        "fault": 0.4835,
        "weapon": 1,
        "pilot_injury": 0.0085,
        "pilot_skill": 0.0175,
        "mission_priority": 0.4217,
        "estimated_landing_time": 1134.0,
        "wait_time": 0,
        "Landing_success_rate": 1.0
    },
    {
        "model": 0,
        "sequence": 8,
        "status": 1,
        "fuel": 6632,
        "fault": 0.3127,
        "weapon": 0,
        "pilot_injury": 0.6229,
        "pilot_skill": 0.8132,
        "mission_priority": 0.0634,
        "estimated_landing_time": 758.0,
        "wait_time": 0,
        "Landing_success_rate": 1.0
    },
    {
        "model": 1,
        "sequence": 17,
        "status": 1,
        "fuel": 6223,
        "fault": 0.8391,
        "weapon": 1,
        "pilot_injury": 0.4415,
        "pilot_skill": 0.3952,
        "mission_priority": 0.6386,
        "estimated_landing_time": 1604.0,
        "wait_time": 0,
        "Landing_success_rate": 1.0
    },
    {
        "model": 2,
        "sequence": 15,
        "status": 1,
        "fuel": 7018,
        "fault": 0.9815,
        "weapon": 1,
        "pilot_injury": 0.8117,
        "pilot_skill": 0.9285,
        "mission_priority": 0.5604,
        "estimated_landing_time": 1416.0,
        "wait_time": 0,
        "Landing_success_rate": 1.0
    },
    {
        "model": 2,
        "sequence": 1,
        "status": 1,
        "fuel": 7046,
        "fault": 0.3917,
        "weapon": 1,
        "pilot_injury": 0.7963,
        "pilot_skill": 0.1963,
        "mission_priority": 0.6775,
        "estimated_landing_time": 100.0,
        "wait_time": 0,
        "Landing_success_rate": 1.0
    }
]