[
    {
        "model": 2,
        "sequence": 13,
        "status": 1,
        "fuel": 6778,
        "fault": 0.0736,
        "weapon": 0,
        "pilot_injury": 0.7099,
        "pilot_skill": 0.1223,
        "mission_priority": 0.176,
        "estimated_landing_time": 1228.0,
        "wait_time": 0,
        "Landing_success_rate": 1.0
    },
    {
        "model": 2,
        "sequence": 6,
        "status": 1,
        "fuel": 6807,
        "fault": 0.0007,
        "weapon": 1,
        "pilot_injury": 0.3233,
        "pilot_skill": 0.6332,
        "mission_priority": 0.4404,
        "estimated_landing_time": 570.0,
        "wait_time": 0,
        "Landing_success_rate": 1.0
    },
    {
        "model": 0,
        "sequence": 2,
        "status": 1,
        "fuel": 7379,
        "fault": 0.1951,
        "weapon": 0,
        "pilot_injury": 0.6724,
        "pilot_skill": 0.1566,
        "mission_priority": 0.7477,
        "estimated_landing_time": 194.0,
        "wait_time": 0,
        "Landing_success_rate": 1.0
    },
    {
        "model": 1,
        "sequence": 17,
        "status": 1,
        "fuel": 5592,
        "fault": 0.6677,
        "weapon": 1,
        "pilot_injury": 0.1727,
        "pilot_skill": 0.3775,
        "mission_priority": 0.8468,
        "estimated_landing_time": 1604.0,
        "wait_time": 0,
        "Landing_success_rate": 1.0
    },
    {
        "model": 0,
        "sequence": 14,
        "status": 1,
        "fuel": 5744,
        "fault": 0.1857,
        "weapon": 0,
        "pilot_injury": 0.222,
        "pilot_skill": 0.539,
        "mission_priority": 0.0179,
        "estimated_landing_time": 1322.0,
        "wait_time": 0,
        "Landing_success_rate": 1.0
    },
    {
        "model": 2,
        "sequence": 11,
        "status": 1,
        "fuel": 6758,
        "fault": 0.9071,
        "weapon": 0,
        "pilot_injury": 0.9047,
        "pilot_skill": 0.6783,
        "mission_priority": 0.9368,
        "estimated_landing_time": 1040.0,
        "wait_time": 0,
        "Landing_success_rate": 1.0
    },
    {
        "model": 1,
        "sequence": 12,
        "status": 1,
        "fuel": 6108,
        "fault": 0.7661,
        "weapon": 1,
        "pilot_injury": 0.1644,
        "pilot_skill": 0.4224,
        "mission_priority": 0.9475,
        "estimated_landing_time": 1134.0,
        "wait_time": 0,
        "Landing_success_rate": 1.0
    },
    {
        "model": 2,
        "sequence": 18,
        "status": 1,
        "fuel": 7489,
        "fault": 0.5466,
        "weapon": 1,
        "pilot_injury": 0.3249,
        "pilot_skill": 0.5848,
        "mission_priority": 0.7232,
        "estimated_landing_time": 1698.0,
        "wait_time": 0,
        "Landing_success_rate": 1.0
    },
    {
        "model": 2,
        "sequence": 9,
        "status": 1,
        "fuel": 5988,
        "fault": 0.8446,
        "weapon": 1,
        "pilot_injury": 0.585,
        "pilot_skill": 0.3656,
        "mission_priority": 0.9943,
        "estimated_landing_time": 852.0,
        "wait_time": 0,
        "Landing_success_rate": 1.0
    },
    {
        "model": 2,
        "sequence": 1,
        "status": 1,
        "fuel": 6762,
        "fault": 0.6368,
        "weapon": 1,
        "pilot_injury": 0.8395,
        "pilot_skill": 0.251,
        "mission_priority": 0.066,
        "estimated_landing_time": 100.0,
        "wait_time": 0,
        "Landing_success_rate": 1.0
    },
    {
        "model": 1,
        "sequence": 8,
        "status": 1,
        "fuel": 7224,
        "fault": 0.3744,
        "weapon": 1,
        "pilot_injury": 0.2602,
        "pilot_skill": 0.3428,
        "mission_priority": 0.4257,
        "estimated_landing_time": 758.0,
        "wait_time": 0,
        "Landing_success_rate": 1.0
    },
    {
        "model": 2,
        "sequence": 10,
        "status": 1,
        "fuel": 6329,
        "fault": 0.4163,
        "weapon": 1,
        "pilot_injury": 0.3958,
        "pilot_skill": 0.7805,
        "mission_priority": 0.0718,
        "estimated_landing_time": 946.0,
        "wait_time": 0,
        "Landing_success_rate": 1.0
    },
    {
        "model": 0,
        "sequence": 4,
        "status": 1,
        "fuel": 5571,
        "fault": 0.9038,
        "weapon": 1,
        "pilot_injury": 0.3349,
        "pilot_skill": 0.9276,
        "mission_priority": 0.7779,
        "estimated_landing_time": 382.0,
        "wait_time": 0,
        "Landing_success_rate": 1.0
    },
    {
        "model": 0,
        "sequence": 15,
        "status": 1,
        "fuel": 7417,
        "fault": 0.0696,
        "weapon": 0,
        "pilot_injury": 0.8223,
        "pilot_skill": 0.9893,
        "mission_priority": 0.6984,
        "estimated_landing_time": 1416.0,
        "wait_time": 0,
        "Landing_success_rate": 1.0
    },
    {
        "model": 0,
        "sequence": 5,
        "status": 1,
        "fuel": 7341,
        "fault": 0.8414,
        "weapon": 1,
        "pilot_injury": 0.04,
        "pilot_skill": 0.5851,
        "mission_priority": 0.805,
        "estimated_landing_time": 476.0,
        "wait_time": 0,
        "Landing_success_rate": 1.0
    },
    {
        "model": 1,
        "sequence": 7,
        "status": 1,
        "fuel": 6703,
        "fault": 0.1841,
        "weapon": 0,
        "pilot_injury": 0.9265,
        "pilot_skill": 0.172,
        "mission_priority": 0.2805,
        "estimated_landing_time": 664.0,
        "wait_time": 0,
        "Landing_success_rate": 1.0
    },
    {
        "model": 0,
        "sequence": 16,
        "status": 1,
        "fuel": 6754,
        "fault": 0.2644,
        "weapon": 1,
        "pilot_injury": 0.8396,
        "pilot_skill": 0.4352,
        "mission_priority": 0.0698,
        "estimated_landing_time": 1510.0,
        "wait_time": 0,
        "Landing_success_rate": 1.0
    },
    {
        "model": 2,
        "sequence": 3,
        "status": 1,
        "fuel": 6835,
        "fault": 0.3742,
        "weapon": 0,
        "pilot_injury": 0.5575,
        "pilot_skill": 0.9141,
        "mission_priority": 0.8344,
        "estimated_landing_time": 288.0,
        "wait_time": 0,
        "Landing_success_rate": 1.0
    }
]