[
    {
        "model": 2,
        "sequence": 13,
        "status": 1,
        "fuel": 5666,
        "fault": 0.7286,
        "weapon": 0,
        "pilot_injury": 0.7321,
        "pilot_skill": 0.0759,
        "mission_priority": 0.8893,
        "estimated_landing_time": 1228.0,
        "wait_time": 0,
        "Landing_success_rate": 1.0
    },
    {
        "model": 0,
        "sequence": 5,
        "status": 1,
        "fuel": 6796,
        "fault": 0.3552,
        "weapon": 0,
        "pilot_injury": 0.7491,
        "pilot_skill": 0.8386,
        "mission_priority": 0.2536,
        "estimated_landing_time": 476.0,
        "wait_time": 0,
        "Landing_success_rate": 1.0
    },
    {
        "model": 0,
        "sequence": 11,
        "status": 1,
        "fuel": 7228,
        "fault": 0.4172,
        "weapon": 1,
        "pilot_injury": 0.0819,
        "pilot_skill": 0.8891,
        "mission_priority": 0.8768,
        "estimated_landing_time": 1040.0,
        "wait_time": 0,
        "Landing_success_rate": 1.0
    },
    {
        "model": 1,
        "sequence": 15,
        "status": 1,
        "fuel": 6235,
        "fault": 0.2193,
        "weapon": 1,
        "pilot_injury": 0.4005,
        "pilot_skill": 0.6027,
        "mission_priority": 0.8417,
        "estimated_landing_time": 1416.0,
        "wait_time": 0,
        "Landing_success_rate": 1.0
    },
    {
        "model": 2,
        "sequence": 16,
        "status": 1,
        "fuel": 6159,
        "fault": 0.7026,
        "weapon": 1,
        "pilot_injury": 0.3062,
        "pilot_skill": 0.6682,
        "mission_priority": 0.6468,
        "estimated_landing_time": 1510.0,
        "wait_time": 0,
        "Landing_success_rate": 1.0
    },
    {
        "model": 0,
        "sequence": 14,
        "status": 1,
        "fuel": 5988,
        "fault": 0.8285,
        "weapon": 1,
        "pilot_injury": 0.2706,
        "pilot_skill": 0.4842,
        "mission_priority": 0.3945,
        "estimated_landing_time": 1322.0,
        "wait_time": 0,
        "Landing_success_rate": 1.0
    },
    {
        "model": 1,
        "sequence": 9,
        "status": 1,
        "fuel": 6950,
        "fault": 0.7335,
        "weapon": 0,
        "pilot_injury": 0.504,
        "pilot_skill": 0.5031,
        "mission_priority": 0.4281,
        "estimated_landing_time": 852.0,
        "wait_time": 0,
        "Landing_success_rate": 1.0
    },
    {
        "model": 2,
        "sequence": 6,
        "status": 1,
        "fuel": 6911,
        "fault": 0.8309,
        "weapon": 0,
        "pilot_injury": 0.9436,
        "pilot_skill": 0.1046,
        "mission_priority": 0.7103,
        "estimated_landing_time": 570.0,
        "wait_time": 0,
        "Landing_success_rate": 1.0
    },
    {
        "model": 0,
        "sequence": 1,
        "status": 1,
        "fuel": 7053,
        "fault": 0.089,
        "weapon": 0,
        "pilot_injury": 0.993,
        "pilot_skill": 0.0343,
        "mission_priority": 0.3647,
        "estimated_landing_time": 100.0,
        "wait_time": 0,
        "Landing_success_rate": 1.0
    },
    {
        "model": 1,
        "sequence": 4,
        "status": 1,
        "fuel": 7123,
        "fault": 0.016,
        "weapon": 1,
        "pilot_injury": 0.0298,
        "pilot_skill": 0.557,
        "mission_priority": 0.204,
        "estimated_landing_time": 382.0,
        "wait_time": 0,
        "Landing_success_rate": 1.0
    },
    {
        "model": 1,
        "sequence": 8,
        "status": 1,
        "fuel": 6872,
        "fault": 0.4838,
        "weapon": 0,
        "pilot_injury": 0.0341,
        "pilot_skill": 0.0675,
        "mission_priority": 0.0852,
        "estimated_landing_time": 758.0,
        "wait_time": 0,
        "Landing_success_rate": 1.0
    },
    {
        "model": 0,
        "sequence": 17,
        "status": 1,
        "fuel": 6215,
        "fault": 0.2758,
        "weapon": 0,
        "pilot_injury": 0.4377,
        "pilot_skill": 0.8748,
        "mission_priority": 0.4762,
        "estimated_landing_time": 1604.0,
        "wait_time": 0,
        "Landing_success_rate": 1.0
    },
    {
        "model": 0,
        "sequence": 18,
        "status": 1,
        "fuel": 7135,
        "fault": 0.8656,
        "weapon": 1,
        "pilot_injury": 0.7902,
        "pilot_skill": 0.2238,
        "mission_priority": 0.3017,
        "estimated_landing_time": 1698.0,
        "wait_time": 0,
        "Landing_success_rate": 1.0
    },
    {
        "model": 2,
        "sequence": 12,
        "status": 1,
        "fuel": 7069,
        "fault": 0.4785,
        "weapon": 1,
        "pilot_injury": 0.123,
        "pilot_skill": 0.7049,
        "mission_priority": 0.0096,
        "estimated_landing_time": 1134.0,
        "wait_time": 0,
        "Landing_success_rate": 1.0
    },
    {
        "model": 2,
        "sequence": 2,
        "status": 1,
        "fuel": 5516,
        "fault": 0.6231,
        "weapon": 0,
        "pilot_injury": 0.5154,
        "pilot_skill": 0.3434,
        "mission_priority": 0.1376,
        "estimated_landing_time": 194.0,
        "wait_time": 0,
        "Landing_success_rate": 1.0
    },
    {
        "model": 0,
        "sequence": 3,
        "status": 1,
        "fuel": 7191,
        "fault": 0.6826,
        "weapon": 1,
        "pilot_injury": 0.2945,
        "pilot_skill": 0.0467,
        "mission_priority": 0.8518,
        "estimated_landing_time": 288.0,
        "wait_time": 0,
        "Landing_success_rate": 1.0
    },
    {
        "model": 1,
        "sequence": 10,
        "status": 1,
        "fuel": 6847,
        "fault": 0.9387,
        "weapon": 0,
        "pilot_injury": 0.422,
        "pilot_skill": 0.0675,
        "mission_priority": 0.3943,
        "estimated_landing_time": 946.0,
        "wait_time": 0,
        "Landing_success_rate": 1.0
    },
    {
        "model": 0,
        "sequence": 7,
        "status": 1,
        "fuel": 6220,
        "fault": 0.8653,
        "weapon": 1,
        "pilot_injury": 0.8953,
        "pilot_skill": 0.6567,
        "mission_priority": 0.9956,
        "estimated_landing_time": 664.0,
        "wait_time": 0,
        "Landing_success_rate": 1.0
    }
]