[
    {
        "model": 1,
        "sequence": 2,
        "status": 1,
        "fuel": 7366,
        "fault": 0.3773,
        "weapon": 0,
        "pilot_injury": 0.8256,
        "pilot_skill": 0.3026,
        "mission_priority": 0.3863,
        "estimated_landing_time": 194.0,
        "wait_time": 0,
        "Landing_success_rate": 1.0
    },
    {
        "model": 1,
        "sequence": 16,
        "status": 1,
        "fuel": 5583,
        "fault": 0.8949,
        "weapon": 1,
        "pilot_injury": 0.7213,
        "pilot_skill": 0.9489,
        "mission_priority": 0.0639,
        "estimated_landing_time": 1510.0,
        "wait_time": 0,
        "Landing_success_rate": 1.0
    },
    {
        "model": 2,
        "sequence": 9,
        "status": 1,
        "fuel": 5827,
        "fault": 0.4833,
        "weapon": 0,
        "pilot_injury": 0.878,
        "pilot_skill": 0.3083,
        "mission_priority": 0.9827,
        "estimated_landing_time": 852.0,
        "wait_time": 0,
        "Landing_success_rate": 1.0
    },
    {
        "model": 1,
        "sequence": 1,
        "status": 1,
        "fuel": 7482,
        "fault": 0.6698,
        "weapon": 0,
        "pilot_injury": 0.8059,
        "pilot_skill": 0.4366,
        "mission_priority": 0.2587,
        "estimated_landing_time": 100.0,
        "wait_time": 0,
        "Landing_success_rate": 1.0
    },
    {
        "model": 1,
        "sequence": 17,
        "status": 1,
        "fuel": 6698,
        "fault": 0.0894,
        "weapon": 0,
        "pilot_injury": 0.6174,
        "pilot_skill": 0.8384,
        "mission_priority": 0.4996,
        "estimated_landing_time": 1604.0,
        "wait_time": 0,
        "Landing_success_rate": 1.0
    },
    {
        "model": 1,
        "sequence": 15,
        "status": 1,
        "fuel": 6026,
        "fault": 0.8433,
        "weapon": 0,
        "pilot_injury": 0.2897,
        "pilot_skill": 0.689,
        "mission_priority": 0.1058,
        "estimated_landing_time": 1416.0,
        "wait_time": 0,
        "Landing_success_rate": 1.0
    },
    {
        "model": 2,
        "sequence": 8,
        "status": 1,
        "fuel": 7242,
        "fault": 0.8185,
        "weapon": 1,
        "pilot_injury": 0.0828,
        "pilot_skill": 0.1551,
        "mission_priority": 0.6244,
        "estimated_landing_time": 758.0,
        "wait_time": 0,
        "Landing_success_rate": 1.0
    },
    {
        "model": 1,
        "sequence": 4,
        "status": 1,
        "fuel": 7040,
        "fault": 0.6261,
        "weapon": 0,
        "pilot_injury": 0.9769,
        "pilot_skill": 0.632,
        "mission_priority": 0.5909,
        "estimated_landing_time": 382.0,
        "wait_time": 0,
        "Landing_success_rate": 1.0
    },
    {
        "model": 1,
        "sequence": 10,
        "status": 1,
        "fuel": 6178,
        "fault": 0.6109,
        "weapon": 1,
        "pilot_injury": 0.013,
        "pilot_skill": 0.5573,
        "mission_priority": 0.0689,
        "estimated_landing_time": 946.0,
        "wait_time": 0,
        "Landing_success_rate": 1.0
    },
    {
        "model": 2,
        "sequence": 14,
        "status": 1,
        "fuel": 6852,
        "fault": 0.7527,
        "weapon": 0,
        "pilot_injury": 0.668,
        "pilot_skill": 0.3848,
        "mission_priority": 0.419,
        "estimated_landing_time": 1322.0,
        "wait_time": 0,
        "Landing_success_rate": 1.0
    },
    {
        "model": 1,
        "sequence": 5,
        "status": 1,
        "fuel": 6881,
        "fault": 0.8014,
        "weapon": 1,
        "pilot_injury": 0.0176,
        "pilot_skill": 0.4471,
        "mission_priority": 0.0143,
        "estimated_landing_time": 476.0,
        "wait_time": 0,
        "Landing_success_rate": 1.0
    },
    {
        "model": 0,
        "sequence": 6,
        "status": 1,
        "fuel": 5611,
        "fault": 0.5198,
        "weapon": 1,
        "pilot_injury": 0.6772,
        "pilot_skill": 0.3199,
        "mission_priority": 0.7127,
        "estimated_landing_time": 570.0,
        "wait_time": 0,
        "Landing_success_rate": 1.0
    },
    {
        "model": 2,
        "sequence": 7,
        "status": 1,
        "fuel": 6601,
        "fault": 0.7823,
        "weapon": 0,
        "pilot_injury": 0.6679,
        "pilot_skill": 0.7743,
        "mission_priority": 0.6886,
        "estimated_landing_time": 664.0,
        "wait_time": 0,
        "Landing_success_rate": 1.0
    },
    {
        "model": 0,
        "sequence": 12,
        "status": 1,
        "fuel": 6021,
        "fault": 0.597,
        "weapon": 0,
        "pilot_injury": 0.8104,
        "pilot_skill": 0.3466,
        "mission_priority": 0.613,
        "estimated_landing_time": 1134.0,
        "wait_time": 0,
        "Landing_success_rate": 1.0
    },
    {
        "model": 0,
        "sequence": 18,
        "status": 1,
        "fuel": 6943,
        "fault": 0.026,
        "weapon": 0,
        "pilot_injury": 0.9529,
        "pilot_skill": 0.4493,
        "mission_priority": 0.5484,
        "estimated_landing_time": 1698.0,
        "wait_time": 0,
        "Landing_success_rate": 1.0
    },
    {
        "model": 1,
        "sequence": 13,
        "status": 1,
        "fuel": 5731,
        "fault": 0.4478,
        "weapon": 1,
        "pilot_injury": 0.9623,
        "pilot_skill": 0.2661,
        "mission_priority": 0.47,
        "estimated_landing_time": 1228.0,
        "wait_time": 0,
        "Landing_success_rate": 1.0
    },
    {
        "model": 1,
        "sequence": 11,
        "status": 1,
        "fuel": 7303,
        "fault": 0.0987,
        "weapon": 0,
        "pilot_injury": 0.9131,
        "pilot_skill": 0.2055,
        "mission_priority": 0.8949,
        "estimated_landing_time": 1040.0,
        "wait_time": 0,
        "Landing_success_rate": 1.0
    },
    {
        "model": 1,
        "sequence": 3,
        "status": 1,
        "fuel": 6941,
        "fault": 0.1792,
        "weapon": 1,
        "pilot_injury": 0.4165,
        "pilot_skill": 0.5396,
        "mission_priority": 0.8033,
        "estimated_landing_time": 288.0,
        "wait_time": 0,
        "Landing_success_rate": 1.0
    }
]