[
    {
        "model": 0,
        "sequence": 13,
        "status": 1,
        "fuel": 6523,
        "fault": 0.0013,
        "weapon": 1,
        "pilot_injury": 0.0135,
        "pilot_skill": 0.9379,
        "mission_priority": 0.0378,
        "estimated_landing_time": 1228.0,
        "wait_time": 0,
        "Landing_success_rate": 1.0
    },
    {
        "model": 0,
        "sequence": 5,
        "status": 1,
        "fuel": 6862,
        "fault": 0.8288,
        "weapon": 1,
        "pilot_injury": 0.5268,
        "pilot_skill": 0.3324,
        "mission_priority": 0.185,
        "estimated_landing_time": 476.0,
        "wait_time": 0,
        "Landing_success_rate": 1.0
    },
    {
        "model": 1,
        "sequence": 3,
        "status": 1,
        "fuel": 5739,
        "fault": 0.2379,
        "weapon": 1,
        "pilot_injury": 0.7342,
        "pilot_skill": 0.2877,
        "mission_priority": 0.3926,
        "estimated_landing_time": 288.0,
        "wait_time": 0,
        "Landing_success_rate": 1.0
    },
    {
        "model": 2,
        "sequence": 7,
        "status": 1,
        "fuel": 6500,
        "fault": 0.5646,
        "weapon": 1,
        "pilot_injury": 0.8793,
        "pilot_skill": 0.614,
        "mission_priority": 0.5116,
        "estimated_landing_time": 664.0,
        "wait_time": 0,
        "Landing_success_rate": 1.0
    },
    {
        "model": 1,
        "sequence": 9,
        "status": 1,
        "fuel": 6104,
        "fault": 0.6083,
        "weapon": 0,
        "pilot_injury": 0.0082,
        "pilot_skill": 0.4628,
        "mission_priority": 0.8606,
        "estimated_landing_time": 852.0,
        "wait_time": 0,
        "Landing_success_rate": 1.0
    },
    {
        "model": 0,
        "sequence": 17,
        "status": 1,
        "fuel": 7040,
        "fault": 0.3889,
        "weapon": 1,
        "pilot_injury": 0.0707,
        "pilot_skill": 0.2867,
        "mission_priority": 0.6739,
        "estimated_landing_time": 1604.0,
        "wait_time": 0,
        "Landing_success_rate": 1.0
    },
    {
        "model": 2,
        "sequence": 2,
        "status": 1,
        "fuel": 5544,
        "fault": 0.4437,
        "weapon": 1,
        "pilot_injury": 0.3539,
        "pilot_skill": 0.4987,
        "mission_priority": 0.3624,
        "estimated_landing_time": 194.0,
        "wait_time": 0,
        "Landing_success_rate": 1.0
    },
    {
        "model": 2,
        "sequence": 8,
        "status": 1,
        "fuel": 6544,
        "fault": 0.1234,
        "weapon": 1,
        "pilot_injury": 0.1283,
        "pilot_skill": 0.1805,
        "mission_priority": 0.8325,
        "estimated_landing_time": 758.0,
        "wait_time": 0,
        "Landing_success_rate": 1.0
    },
    {
        "model": 1,
        "sequence": 10,
        "status": 1,
        "fuel": 6015,
        "fault": 0.6455,
        "weapon": 0,
        "pilot_injury": 0.4339,
        "pilot_skill": 0.1748,
        "mission_priority": 0.2398,
        "estimated_landing_time": 946.0,
        "wait_time": 0,
        "Landing_success_rate": 1.0
    },
    {
        "model": 2,
        "sequence": 1,
        "status": 1,
        "fuel": 5967,
        "fault": 0.6138,
        "weapon": 1,
        "pilot_injury": 0.4755,
        "pilot_skill": 0.1497,
        "mission_priority": 0.1565,
        "estimated_landing_time": 100.0,
        "wait_time": 0,
        "Landing_success_rate": 1.0
    },
    {
        "model": 0,
        "sequence": 14,
        "status": 1,
        "fuel": 7275,
        "fault": 0.7766,
        "weapon": 0,
        "pilot_injury": 0.8833,
        "pilot_skill": 0.0335,
        "mission_priority": 0.9929,
        "estimated_landing_time": 1322.0,
        "wait_time": 0,
        "Landing_success_rate": 1.0
    },
    {
        "model": 2,
        "sequence": 6,
        "status": 1,
        "fuel": 5993,
        "fault": 0.789,
        "weapon": 1,
        "pilot_injury": 0.7188,
        "pilot_skill": 0.9353,
        "mission_priority": 0.2512,
        "estimated_landing_time": 570.0,
        "wait_time": 0,
        "Landing_success_rate": 1.0
    },
    {
        "model": 0,
        "sequence": 12,
        "status": 1,
        "fuel": 6244,
        "fault": 0.1016,
        "weapon": 1,
        "pilot_injury": 0.5638,
        "pilot_skill": 0.1594,
        "mission_priority": 0.9309,
        "estimated_landing_time": 1134.0,
        "wait_time": 0,
        "Landing_success_rate": 1.0
    },
    {
        "model": 0,
        "sequence": 15,
        "status": 1,
        "fuel": 6053,
        "fault": 0.6987,
        "weapon": 0,
        "pilot_injury": 0.2051,
        "pilot_skill": 0.694,
        "mission_priority": 0.6476,
        "estimated_landing_time": 1416.0,
        "wait_time": 0,
        "Landing_success_rate": 1.0
    },
    {
        "model": 0,
        "sequence": 18,
        "status": 1,
        "fuel": 6835,
        "fault": 0.767,
        "weapon": 1,
        "pilot_injury": 0.4348,
        "pilot_skill": 0.1984,
        "mission_priority": 0.977,
        "estimated_landing_time": 1698.0,
        "wait_time": 0,
        "Landing_success_rate": 1.0
    },
    {
        "model": 1,
        "sequence": 11,
        "status": 1,
        "fuel": 6723,
        "fault": 0.8647,
        "weapon": 1,
        "pilot_injury": 0.3636,
        "pilot_skill": 0.6135,
        "mission_priority": 0.512,
        "estimated_landing_time": 1040.0,
        "wait_time": 0,
        "Landing_success_rate": 1.0
    },
    {
        "model": 1,
        "sequence": 16,
        "status": 1,
        "fuel": 7391,
        "fault": 0.8184,
        "weapon": 0,
        "pilot_injury": 0.1234,
        "pilot_skill": 0.3149,
        "mission_priority": 0.7487,
        "estimated_landing_time": 1510.0,
        "wait_time": 0,
        "Landing_success_rate": 1.0
    },
    {
        "model": 1,
        "sequence": 4,
        "status": 1,
        "fuel": 6779,
        "fault": 0.0883,
        "weapon": 0,
        "pilot_injury": 0.9102,
        "pilot_skill": 0.9245,
        "mission_priority": 0.1799,
        "estimated_landing_time": 382.0,
        "wait_time": 0,
        "Landing_success_rate": 1.0
    }
]