[
    {
        "model": 0,
        "sequence": 8,
        "status": 1,
        "fuel": 6846,
        "fault": 0.4534,
        "weapon": 0,
        "pilot_injury": 0.4701,
        "pilot_skill": 0.7702,
        "mission_priority": 0.3168,
        "estimated_landing_time": 758.0,
        "wait_time": 0,
        "Landing_success_rate": 1.0
    },
    {
        "model": 1,
        "sequence": 2,
        "status": 1,
        "fuel": 6882,
        "fault": 0.882,
        "weapon": 1,
        "pilot_injury": 0.952,
        "pilot_skill": 0.1027,
        "mission_priority": 0.1572,
        "estimated_landing_time": 194.0,
        "wait_time": 0,
        "Landing_success_rate": 1.0
    },
    {
        "model": 1,
        "sequence": 14,
        "status": 1,
        "fuel": 6765,
        "fault": 0.3983,
        "weapon": 1,
        "pilot_injury": 0.4108,
        "pilot_skill": 0.297,
        "mission_priority": 0.5607,
        "estimated_landing_time": 1322.0,
        "wait_time": 0,
        "Landing_success_rate": 1.0
    },
    {
        "model": 2,
        "sequence": 1,
        "status": 1,
        "fuel": 7335,
        "fault": 0.6491,
        "weapon": 1,
        "pilot_injury": 0.2153,
        "pilot_skill": 0.6708,
        "mission_priority": 0.0562,
        "estimated_landing_time": 100.0,
        "wait_time": 0,
        "Landing_success_rate": 1.0
    },
    {
        "model": 2,
        "sequence": 3,
        "status": 1,
        "fuel": 7448,
        "fault": 0.0731,
        "weapon": 1,
        "pilot_injury": 0.3579,
        "pilot_skill": 0.4055,
        "mission_priority": 0.3496,
        "estimated_landing_time": 288.0,
        "wait_time": 0,
        "Landing_success_rate": 1.0
    },
    {
        "model": 1,
        "sequence": 10,
        "status": 1,
        "fuel": 6396,
        "fault": 0.1399,
        "weapon": 1,
        "pilot_injury": 0.548,
        "pilot_skill": 0.5819,
        "mission_priority": 0.0705,
        "estimated_landing_time": 946.0,
        "wait_time": 0,
        "Landing_success_rate": 1.0
    },
    {
        "model": 0,
        "sequence": 15,
        "status": 1,
        "fuel": 7318,
        "fault": 0.2526,
        "weapon": 1,
        "pilot_injury": 0.0504,
        "pilot_skill": 0.1984,
        "mission_priority": 0.2019,
        "estimated_landing_time": 1416.0,
        "wait_time": 0,
        "Landing_success_rate": 1.0
    },
    {
        "model": 1,
        "sequence": 5,
        "status": 1,
        "fuel": 7115,
        "fault": 0.0707,
        "weapon": 0,
        "pilot_injury": 0.9284,
        "pilot_skill": 0.763,
        "mission_priority": 0.4774,
        "estimated_landing_time": 476.0,
        "wait_time": 0,
        "Landing_success_rate": 1.0
    },
    {
        "model": 2,
        "sequence": 6,
        "status": 1,
        "fuel": 6307,
        "fault": 0.3865,
        "weapon": 0,
        "pilot_injury": 0.6288,
        "pilot_skill": 0.6942,
        "mission_priority": 0.2238,
        "estimated_landing_time": 570.0,
        "wait_time": 0,
        "Landing_success_rate": 1.0
    },
    {
        "model": 0,
        "sequence": 4,
        "status": 1,
        "fuel": 6283,
        "fault": 0.3907,
        "weapon": 1,
        "pilot_injury": 0.4761,
        "pilot_skill": 0.5538,
        "mission_priority": 0.1108,
        "estimated_landing_time": 382.0,
        "wait_time": 0,
        "Landing_success_rate": 1.0
    },
    {
        "model": 1,
        "sequence": 17,
        "status": 1,
        "fuel": 6764,
        "fault": 0.3542,
        "weapon": 1,
        "pilot_injury": 0.9002,
        "pilot_skill": 0.7302,
        "mission_priority": 0.5456,
        "estimated_landing_time": 1604.0,
        "wait_time": 0,
        "Landing_success_rate": 1.0
    },
    {
        "model": 1,
        "sequence": 13,
        "status": 1,
        "fuel": 6975,
        "fault": 0.3128,
        "weapon": 0,
        "pilot_injury": 0.8464,
        "pilot_skill": 0.8818,
        "mission_priority": 0.4532,
        "estimated_landing_time": 1228.0,
        "wait_time": 0,
        "Landing_success_rate": 1.0
    },
    {
        "model": 2,
        "sequence": 9,
        "status": 1,
        "fuel": 6126,
        "fault": 0.1507,
        "weapon": 1,
        "pilot_injury": 0.7401,
        "pilot_skill": 0.5919,
        "mission_priority": 0.0697,
        "estimated_landing_time": 852.0,
        "wait_time": 0,
        "Landing_success_rate": 1.0
    },
    {
        "model": 0,
        "sequence": 11,
        "status": 1,
        "fuel": 6340,
        "fault": 0.4259,
        "weapon": 0,
        "pilot_injury": 0.6706,
        "pilot_skill": 0.1098,
        "mission_priority": 0.5408,
        "estimated_landing_time": 1040.0,
        "wait_time": 0,
        "Landing_success_rate": 1.0
    },
    {
        "model": 0,
        "sequence": 12,
        "status": 1,
        "fuel": 7036,
        "fault": 0.2081,
        "weapon": 1,
        "pilot_injury": 0.4282,
        "pilot_skill": 0.5334,
        "mission_priority": 0.8315,
        "estimated_landing_time": 1134.0,
        "wait_time": 0,
        "Landing_success_rate": 1.0
    },
    {
        "model": 0,
        "sequence": 16,
        "status": 1,
        "fuel": 7053,
        "fault": 0.8869,
        "weapon": 1,
        "pilot_injury": 0.3531,
        "pilot_skill": 0.4508,
        "mission_priority": 0.2538,
        "estimated_landing_time": 1510.0,
        "wait_time": 0,
        "Landing_success_rate": 1.0
    },
    {
        "model": 1,
        "sequence": 18,
        "status": 1,
        "fuel": 6997,
        "fault": 0.0634,
        "weapon": 1,
        "pilot_injury": 0.4495,
        "pilot_skill": 0.32,
        "mission_priority": 0.1189,
        "estimated_landing_time": 1698.0,
        "wait_time": 0,
        "Landing_success_rate": 1.0
    },
    {
        "model": 2,
        "sequence": 7,
        "status": 1,
        "fuel": 7117,
        "fault": 0.3523,
        "weapon": 0,
        "pilot_injury": 0.2949,
        "pilot_skill": 0.0314,
        "mission_priority": 0.9367,
        "estimated_landing_time": 664.0,
        "wait_time": 0,
        "Landing_success_rate": 1.0
    }
]