[
    {
        "model": 0,
        "sequence": 11,
        "status": 1,
        "fuel": 6967,
        "fault": 0.5537,
        "weapon": 0,
        "pilot_injury": 0.8219,
        "pilot_skill": 0.7777,
        "mission_priority": 0.5592,
        "estimated_landing_time": 1040.0,
        "wait_time": 0,
        "Landing_success_rate": 1.0
    },
    {
        "model": 0,
        "sequence": 17,
        "status": 1,
        "fuel": 6884,
        "fault": 0.4919,
        "weapon": 0,
        "pilot_injury": 0.353,
        "pilot_skill": 0.0201,
        "mission_priority": 0.9818,
        "estimated_landing_time": 1604.0,
        "wait_time": 0,
        "Landing_success_rate": 1.0
    },
    {
        "model": 0,
        "sequence": 15,
        "status": 1,
        "fuel": 6200,
        "fault": 0.8724,
        "weapon": 1,
        "pilot_injury": 0.0124,
        "pilot_skill": 0.2277,
        "mission_priority": 0.452,
        "estimated_landing_time": 1416.0,
        "wait_time": 0,
        "Landing_success_rate": 1.0
    },
    {
        "model": 1,
        "sequence": 10,
        "status": 1,
        "fuel": 6630,
        "fault": 0.3892,
        "weapon": 0,
        "pilot_injury": 0.7883,
        "pilot_skill": 0.5557,
        "mission_priority": 0.6562,
        "estimated_landing_time": 946.0,
        "wait_time": 0,
        "Landing_success_rate": 1.0
    },
    {
        "model": 1,
        "sequence": 7,
        "status": 1,
        "fuel": 6002,
        "fault": 0.8111,
        "weapon": 1,
        "pilot_injury": 0.9548,
        "pilot_skill": 0.8746,
        "mission_priority": 0.1694,
        "estimated_landing_time": 664.0,
        "wait_time": 0,
        "Landing_success_rate": 1.0
    },
    {
        "model": 1,
        "sequence": 12,
        "status": 1,
        "fuel": 7368,
        "fault": 0.6517,
        "weapon": 1,
        "pilot_injury": 0.9913,
        "pilot_skill": 0.7013,
        "mission_priority": 0.6275,
        "estimated_landing_time": 1134.0,
        "wait_time": 0,
        "Landing_success_rate": 1.0
    },
    {
        "model": 0,
        "sequence": 18,
        "status": 1,
        "fuel": 5835,
        "fault": 0.1689,
        "weapon": 0,
        "pilot_injury": 0.1262,
        "pilot_skill": 0.8666,
        "mission_priority": 0.4324,
        "estimated_landing_time": 1698.0,
        "wait_time": 0,
        "Landing_success_rate": 1.0
    },
    {
        "model": 0,
        "sequence": 2,
        "status": 1,
        "fuel": 6415,
        "fault": 0.2447,
        "weapon": 0,
        "pilot_injury": 0.2554,
        "pilot_skill": 0.7639,
        "mission_priority": 0.4705,
        "estimated_landing_time": 194.0,
        "wait_time": 0,
        "Landing_success_rate": 1.0
    },
    {
        "model": 0,
        "sequence": 14,
        "status": 1,
        "fuel": 7249,
        "fault": 0.9684,
        "weapon": 1,
        "pilot_injury": 0.6799,
        "pilot_skill": 0.0949,
        "mission_priority": 0.5418,
        "estimated_landing_time": 1322.0,
        "wait_time": 0,
        "Landing_success_rate": 1.0
    },
    {
        "model": 0,
        "sequence": 13,
        "status": 1,
        "fuel": 6071,
        "fault": 0.0339,
        "weapon": 1,
        "pilot_injury": 0.4163,
        "pilot_skill": 0.8052,
        "mission_priority": 0.8584,
        "estimated_landing_time": 1228.0,
        "wait_time": 0,
        "Landing_success_rate": 1.0
    },
    {
        "model": 2,
        "sequence": 1,
        "status": 1,
        "fuel": 6736,
        "fault": 0.2154,
        "weapon": 0,
        "pilot_injury": 0.5069,
        "pilot_skill": 0.7413,
        "mission_priority": 0.1526,
        "estimated_landing_time": 100.0,
        "wait_time": 0,
        "Landing_success_rate": 1.0
    },
    {
        "model": 1,
        "sequence": 6,
        "status": 1,
        "fuel": 7012,
        "fault": 0.9495,
        "weapon": 1,
        "pilot_injury": 0.85,
        "pilot_skill": 0.1117,
        "mission_priority": 0.3297,
        "estimated_landing_time": 570.0,
        "wait_time": 0,
        "Landing_success_rate": 1.0
    },
    {
        "model": 1,
        "sequence": 3,
        "status": 1,
        "fuel": 6865,
        "fault": 0.4219,
        "weapon": 0,
        "pilot_injury": 0.73,
        "pilot_skill": 0.2533,
        "mission_priority": 0.0139,
        "estimated_landing_time": 288.0,
        "wait_time": 0,
        "Landing_success_rate": 1.0
    },
    {
        "model": 2,
        "sequence": 8,
        "status": 1,
        "fuel": 6862,
        "fault": 0.4358,
        "weapon": 0,
        "pilot_injury": 0.7975,
        "pilot_skill": 0.6225,
        "mission_priority": 0.9776,
        "estimated_landing_time": 758.0,
        "wait_time": 0,
        "Landing_success_rate": 1.0
    },
    {
        "model": 1,
        "sequence": 5,
        "status": 1,
        "fuel": 6960,
        "fault": 0.9145,
        "weapon": 1,
        "pilot_injury": 0.0123,
        "pilot_skill": 0.946,
        "mission_priority": 0.5833,
        "estimated_landing_time": 476.0,
        "wait_time": 0,
        "Landing_success_rate": 1.0
    },
    {
        "model": 0,
        "sequence": 16,
        "status": 1,
        "fuel": 7480,
        "fault": 0.9422,
        "weapon": 1,
        "pilot_injury": 0.3624,
        "pilot_skill": 0.0036,
        "mission_priority": 0.3243,
        "estimated_landing_time": 1510.0,
        "wait_time": 0,
        "Landing_success_rate": 1.0
    },
    {
        "model": 1,
        "sequence": 4,
        "status": 1,
        "fuel": 6719,
        "fault": 0.2029,
        "weapon": 0,
        "pilot_injury": 0.5454,
        "pilot_skill": 0.1866,
        "mission_priority": 0.7834,
        "estimated_landing_time": 382.0,
        "wait_time": 0,
        "Landing_success_rate": 1.0
    },
    {
        "model": 0,
        "sequence": 9,
        "status": 1,
        "fuel": 6896,
        "fault": 0.9198,
        "weapon": 1,
        "pilot_injury": 0.8662,
        "pilot_skill": 0.784,
        "mission_priority": 0.9513,
        "estimated_landing_time": 852.0,
        "wait_time": 0,
        "Landing_success_rate": 1.0
    }
]