[
    {
        "model": 2,
        "sequence": 5,
        "status": 1,
        "fuel": 6875,
        "fault": 0.9871,
        "weapon": 1,
        "pilot_injury": 0.7754,
        "pilot_skill": 0.0054,
        "mission_priority": 0.4305,
        "estimated_landing_time": 476.0,
        "wait_time": 0,
        "Landing_success_rate": 1.0
    },
    {
        "model": 2,
        "sequence": 1,
        "status": 1,
        "fuel": 7309,
        "fault": 0.9335,
        "weapon": 1,
        "pilot_injury": 0.2353,
        "pilot_skill": 0.6976,
        "mission_priority": 0.7835,
        "estimated_landing_time": 100.0,
        "wait_time": 0,
        "Landing_success_rate": 1.0
    },
    {
        "model": 0,
        "sequence": 3,
        "status": 1,
        "fuel": 6565,
        "fault": 0.3758,
        "weapon": 1,
        "pilot_injury": 0.5451,
        "pilot_skill": 0.3654,
        "mission_priority": 0.8359,
        "estimated_landing_time": 288.0,
        "wait_time": 0,
        "Landing_success_rate": 1.0
    },
    {
        "model": 2,
        "sequence": 17,
        "status": 1,
        "fuel": 6555,
        "fault": 0.5729,
        "weapon": 1,
        "pilot_injury": 0.457,
        "pilot_skill": 0.8895,
        "mission_priority": 0.1474,
        "estimated_landing_time": 1604.0,
        "wait_time": 0,
        "Landing_success_rate": 1.0
    },
    {
        "model": 2,
        "sequence": 4,
        "status": 1,
        "fuel": 6195,
        "fault": 0.7136,
        "weapon": 1,
        "pilot_injury": 0.1195,
        "pilot_skill": 0.117,
        "mission_priority": 0.2763,
        "estimated_landing_time": 382.0,
        "wait_time": 0,
        "Landing_success_rate": 1.0
    },
    {
        "model": 2,
        "sequence": 9,
        "status": 1,
        "fuel": 5906,
        "fault": 0.3848,
        "weapon": 0,
        "pilot_injury": 0.303,
        "pilot_skill": 0.1992,
        "mission_priority": 0.4787,
        "estimated_landing_time": 852.0,
        "wait_time": 0,
        "Landing_success_rate": 1.0
    },
    {
        "model": 2,
        "sequence": 2,
        "status": 1,
        "fuel": 6401,
        "fault": 0.1919,
        "weapon": 0,
        "pilot_injury": 0.9866,
        "pilot_skill": 0.5581,
        "mission_priority": 0.7839,
        "estimated_landing_time": 194.0,
        "wait_time": 0,
        "Landing_success_rate": 1.0
    },
    {
        "model": 1,
        "sequence": 11,
        "status": 1,
        "fuel": 5506,
        "fault": 0.2689,
        "weapon": 0,
        "pilot_injury": 0.5105,
        "pilot_skill": 0.8127,
        "mission_priority": 0.0216,
        "estimated_landing_time": 1040.0,
        "wait_time": 0,
        "Landing_success_rate": 1.0
    },
    {
        "model": 2,
        "sequence": 8,
        "status": 1,
        "fuel": 6957,
        "fault": 0.8176,
        "weapon": 0,
        "pilot_injury": 0.9166,
        "pilot_skill": 0.1428,
        "mission_priority": 0.5322,
        "estimated_landing_time": 758.0,
        "wait_time": 0,
        "Landing_success_rate": 1.0
    },
    {
        "model": 0,
        "sequence": 12,
        "status": 1,
        "fuel": 6844,
        "fault": 0.6816,
        "weapon": 1,
        "pilot_injury": 0.2993,
        "pilot_skill": 0.4201,
        "mission_priority": 0.545,
        "estimated_landing_time": 1134.0,
        "wait_time": 0,
        "Landing_success_rate": 1.0
    },
    {
        "model": 2,
        "sequence": 7,
        "status": 1,
        "fuel": 6847,
        "fault": 0.4765,
        "weapon": 1,
        "pilot_injury": 0.8635,
        "pilot_skill": 0.095,
        "mission_priority": 0.9806,
        "estimated_landing_time": 664.0,
        "wait_time": 0,
        "Landing_success_rate": 1.0
    },
    {
        "model": 1,
        "sequence": 13,
        "status": 1,
        "fuel": 6555,
        "fault": 0.7181,
        "weapon": 1,
        "pilot_injury": 0.2452,
        "pilot_skill": 0.0862,
        "mission_priority": 0.6718,
        "estimated_landing_time": 1228.0,
        "wait_time": 0,
        "Landing_success_rate": 1.0
    },
    {
        "model": 2,
        "sequence": 15,
        "status": 1,
        "fuel": 7181,
        "fault": 0.9573,
        "weapon": 1,
        "pilot_injury": 0.8325,
        "pilot_skill": 0.989,
        "mission_priority": 0.5042,
        "estimated_landing_time": 1416.0,
        "wait_time": 0,
        "Landing_success_rate": 1.0
    },
    {
        "model": 0,
        "sequence": 6,
        "status": 1,
        "fuel": 6059,
        "fault": 0.5439,
        "weapon": 0,
        "pilot_injury": 0.8362,
        "pilot_skill": 0.3598,
        "mission_priority": 0.3648,
        "estimated_landing_time": 570.0,
        "wait_time": 0,
        "Landing_success_rate": 1.0
    },
    {
        "model": 0,
        "sequence": 16,
        "status": 1,
        "fuel": 6820,
        "fault": 0.8283,
        "weapon": 0,
        "pilot_injury": 0.4422,
        "pilot_skill": 0.9873,
        "mission_priority": 0.3299,
        "estimated_landing_time": 1510.0,
        "wait_time": 0,
        "Landing_success_rate": 1.0
    },
    {
        "model": 1,
        "sequence": 14,
        "status": 1,
        "fuel": 6646,
        "fault": 0.3802,
        "weapon": 1,
        "pilot_injury": 0.3371,
        "pilot_skill": 0.0551,
        "mission_priority": 0.956,
        "estimated_landing_time": 1322.0,
        "wait_time": 0,
        "Landing_success_rate": 1.0
    },
    {
        "model": 0,
        "sequence": 18,
        "status": 1,
        "fuel": 6962,
        "fault": 0.932,
        "weapon": 1,
        "pilot_injury": 0.5133,
        "pilot_skill": 0.7702,
        "mission_priority": 0.5341,
        "estimated_landing_time": 1698.0,
        "wait_time": 0,
        "Landing_success_rate": 1.0
    },
    {
        "model": 0,
        "sequence": 10,
        "status": 1,
        "fuel": 7204,
        "fault": 0.075,
        "weapon": 0,
        "pilot_injury": 0.5336,
        "pilot_skill": 0.2306,
        "mission_priority": 0.2118,
        "estimated_landing_time": 946.0,
        "wait_time": 0,
        "Landing_success_rate": 1.0
    }
]