[
    {
        "model": 0,
        "sequence": 9,
        "status": 1,
        "fuel": 6870,
        "fault": 0.2412,
        "weapon": 1,
        "pilot_injury": 0.4932,
        "pilot_skill": 0.8351,
        "mission_priority": 0.5026,
        "estimated_landing_time": 852.0,
        "wait_time": 0,
        "Landing_success_rate": 1.0
    },
    {
        "model": 0,
        "sequence": 10,
        "status": 1,
        "fuel": 6599,
        "fault": 0.3693,
        "weapon": 1,
        "pilot_injury": 0.964,
        "pilot_skill": 0.5493,
        "mission_priority": 0.4547,
        "estimated_landing_time": 946.0,
        "wait_time": 0,
        "Landing_success_rate": 1.0
    },
    {
        "model": 1,
        "sequence": 8,
        "status": 1,
        "fuel": 7207,
        "fault": 0.8741,
        "weapon": 1,
        "pilot_injury": 0.3194,
        "pilot_skill": 0.5762,
        "mission_priority": 0.1541,
        "estimated_landing_time": 758.0,
        "wait_time": 0,
        "Landing_success_rate": 1.0
    },
    {
        "model": 1,
        "sequence": 12,
        "status": 1,
        "fuel": 5798,
        "fault": 0.8631,
        "weapon": 1,
        "pilot_injury": 0.1875,
        "pilot_skill": 0.323,
        "mission_priority": 0.4489,
        "estimated_landing_time": 1134.0,
        "wait_time": 0,
        "Landing_success_rate": 1.0
    },
    {
        "model": 2,
        "sequence": 16,
        "status": 1,
        "fuel": 6212,
        "fault": 0.1851,
        "weapon": 0,
        "pilot_injury": 0.3169,
        "pilot_skill": 0.243,
        "mission_priority": 0.6957,
        "estimated_landing_time": 1510.0,
        "wait_time": 0,
        "Landing_success_rate": 1.0
    },
    {
        "model": 1,
        "sequence": 15,
        "status": 1,
        "fuel": 7463,
        "fault": 0.2534,
        "weapon": 1,
        "pilot_injury": 0.6487,
        "pilot_skill": 0.5587,
        "mission_priority": 0.6131,
        "estimated_landing_time": 1416.0,
        "wait_time": 0,
        "Landing_success_rate": 1.0
    },
    {
        "model": 1,
        "sequence": 5,
        "status": 1,
        "fuel": 5524,
        "fault": 0.7231,
        "weapon": 1,
        "pilot_injury": 0.149,
        "pilot_skill": 0.5865,
        "mission_priority": 0.4393,
        "estimated_landing_time": 476.0,
        "wait_time": 0,
        "Landing_success_rate": 1.0
    },
    {
        "model": 0,
        "sequence": 13,
        "status": 1,
        "fuel": 6871,
        "fault": 0.6311,
        "weapon": 1,
        "pilot_injury": 0.2182,
        "pilot_skill": 0.0665,
        "mission_priority": 0.1478,
        "estimated_landing_time": 1228.0,
        "wait_time": 0,
        "Landing_success_rate": 1.0
    },
    {
        "model": 1,
        "sequence": 14,
        "status": 1,
        "fuel": 6923,
        "fault": 0.0258,
        "weapon": 0,
        "pilot_injury": 0.3124,
        "pilot_skill": 0.1333,
        "mission_priority": 0.9228,
        "estimated_landing_time": 1322.0,
        "wait_time": 0,
        "Landing_success_rate": 1.0
    },
    {
        "model": 0,
        "sequence": 11,
        "status": 1,
        "fuel": 6600,
        "fault": 0.0464,
        "weapon": 0,
        "pilot_injury": 0.2582,
        "pilot_skill": 0.0083,
        "mission_priority": 0.9286,
        "estimated_landing_time": 1040.0,
        "wait_time": 0,
        "Landing_success_rate": 1.0
    },
    {
        "model": 0,
        "sequence": 3,
        "status": 1,
        "fuel": 6581,
        "fault": 0.2783,
        "weapon": 1,
        "pilot_injury": 0.5826,
        "pilot_skill": 0.6105,
        "mission_priority": 0.4603,
        "estimated_landing_time": 288.0,
        "wait_time": 0,
        "Landing_success_rate": 1.0
    },
    {
        "model": 1,
        "sequence": 2,
        "status": 1,
        "fuel": 6534,
        "fault": 0.0582,
        "weapon": 1,
        "pilot_injury": 0.9521,
        "pilot_skill": 0.657,
        "mission_priority": 0.4622,
        "estimated_landing_time": 194.0,
        "wait_time": 0,
        "Landing_success_rate": 1.0
    },
    {
        "model": 1,
        "sequence": 6,
        "status": 1,
        "fuel": 5968,
        "fault": 0.6396,
        "weapon": 0,
        "pilot_injury": 0.627,
        "pilot_skill": 0.4204,
        "mission_priority": 0.3359,
        "estimated_landing_time": 570.0,
        "wait_time": 0,
        "Landing_success_rate": 1.0
    },
    {
        "model": 0,
        "sequence": 1,
        "status": 1,
        "fuel": 6872,
        "fault": 0.4787,
        "weapon": 0,
        "pilot_injury": 0.2068,
        "pilot_skill": 0.2922,
        "mission_priority": 0.8937,
        "estimated_landing_time": 100.0,
        "wait_time": 0,
        "Landing_success_rate": 1.0
    },
    {
        "model": 2,
        "sequence": 17,
        "status": 1,
        "fuel": 6012,
        "fault": 0.3114,
        "weapon": 0,
        "pilot_injury": 0.3642,
        "pilot_skill": 0.3789,
        "mission_priority": 0.1863,
        "estimated_landing_time": 1604.0,
        "wait_time": 0,
        "Landing_success_rate": 1.0
    },
    {
        "model": 1,
        "sequence": 4,
        "status": 1,
        "fuel": 6562,
        "fault": 0.3554,
        "weapon": 1,
        "pilot_injury": 0.5641,
        "pilot_skill": 0.6559,
        "mission_priority": 0.5954,
        "estimated_landing_time": 382.0,
        "wait_time": 0,
        "Landing_success_rate": 1.0
    },
    {
        "model": 0,
        "sequence": 7,
        "status": 1,
        "fuel": 6846,
        "fault": 0.7239,
        "weapon": 1,
        "pilot_injury": 0.3503,
        "pilot_skill": 0.8892,
        "mission_priority": 0.3487,
        "estimated_landing_time": 664.0,
        "wait_time": 0,
        "Landing_success_rate": 1.0
    },
    {
        "model": 0,
        "sequence": 18,
        "status": 1,
        "fuel": 5500,
        "fault": 0.7288,
        "weapon": 1,
        "pilot_injury": 0.9721,
        "pilot_skill": 0.7785,
        "mission_priority": 0.7659,
        "estimated_landing_time": 1698.0,
        "wait_time": 0,
        "Landing_success_rate": 1.0
    }
]