[
    {
        "model": 0,
        "sequence": 5,
        "status": 1,
        "fuel": 7220,
        "fault": 0.7365,
        "weapon": 0,
        "pilot_injury": 0.1652,
        "pilot_skill": 0.1121,
        "mission_priority": 0.8594,
        "estimated_landing_time": 476.0,
        "wait_time": 0,
        "Landing_success_rate": 1.0
    },
    {
        "model": 0,
        "sequence": 15,
        "status": 1,
        "fuel": 5953,
        "fault": 0.9995,
        "weapon": 0,
        "pilot_injury": 0.487,
        "pilot_skill": 0.0368,
        "mission_priority": 0.6003,
        "estimated_landing_time": 1416.0,
        "wait_time": 0,
        "Landing_success_rate": 1.0
    },
    {
        "model": 2,
        "sequence": 7,
        "status": 1,
        "fuel": 6375,
        "fault": 0.7786,
        "weapon": 0,
        "pilot_injury": 0.6141,
        "pilot_skill": 0.8092,
        "mission_priority": 0.2299,
        "estimated_landing_time": 664.0,
        "wait_time": 0,
        "Landing_success_rate": 1.0
    },
    {
        "model": 0,
        "sequence": 9,
        "status": 1,
        "fuel": 7117,
        "fault": 0.8038,
        "weapon": 0,
        "pilot_injury": 0.7271,
        "pilot_skill": 0.9753,
        "mission_priority": 0.9274,
        "estimated_landing_time": 852.0,
        "wait_time": 0,
        "Landing_success_rate": 1.0
    },
    {
        "model": 2,
        "sequence": 6,
        "status": 1,
        "fuel": 6840,
        "fault": 0.0425,
        "weapon": 0,
        "pilot_injury": 0.7569,
        "pilot_skill": 0.6981,
        "mission_priority": 0.5889,
        "estimated_landing_time": 570.0,
        "wait_time": 0,
        "Landing_success_rate": 1.0
    },
    {
        "model": 2,
        "sequence": 8,
        "status": 1,
        "fuel": 7464,
        "fault": 0.5801,
        "weapon": 0,
        "pilot_injury": 0.5194,
        "pilot_skill": 0.416,
        "mission_priority": 0.0447,
        "estimated_landing_time": 758.0,
        "wait_time": 0,
        "Landing_success_rate": 1.0
    },
    {
        "model": 2,
        "sequence": 14,
        "status": 1,
        "fuel": 5805,
        "fault": 0.6591,
        "weapon": 0,
        "pilot_injury": 0.594,
        "pilot_skill": 0.2679,
        "mission_priority": 0.0281,
        "estimated_landing_time": 1322.0,
        "wait_time": 0,
        "Landing_success_rate": 1.0
    },
    {
        "model": 0,
        "sequence": 12,
        "status": 1,
        "fuel": 6345,
        "fault": 0.849,
        "weapon": 1,
        "pilot_injury": 0.3599,
        "pilot_skill": 0.1884,
        "mission_priority": 0.2651,
        "estimated_landing_time": 1134.0,
        "wait_time": 0,
        "Landing_success_rate": 1.0
    },
    {
        "model": 1,
        "sequence": 2,
        "status": 1,
        "fuel": 5849,
        "fault": 0.2135,
        "weapon": 0,
        "pilot_injury": 0.2068,
        "pilot_skill": 0.4656,
        "mission_priority": 0.9915,
        "estimated_landing_time": 194.0,
        "wait_time": 0,
        "Landing_success_rate": 1.0
    },
    {
        "model": 0,
        "sequence": 11,
        "status": 1,
        "fuel": 7184,
        "fault": 0.9668,
        "weapon": 1,
        "pilot_injury": 0.3197,
        "pilot_skill": 0.2422,
        "mission_priority": 0.1554,
        "estimated_landing_time": 1040.0,
        "wait_time": 0,
        "Landing_success_rate": 1.0
    },
    {
        "model": 1,
        "sequence": 4,
        "status": 1,
        "fuel": 5774,
        "fault": 0.8223,
        "weapon": 1,
        "pilot_injury": 0.7448,
        "pilot_skill": 0.2369,
        "mission_priority": 0.7363,
        "estimated_landing_time": 382.0,
        "wait_time": 0,
        "Landing_success_rate": 1.0
    },
    {
        "model": 1,
        "sequence": 3,
        "status": 1,
        "fuel": 5911,
        "fault": 0.1015,
        "weapon": 1,
        "pilot_injury": 0.6384,
        "pilot_skill": 0.6718,
        "mission_priority": 0.1753,
        "estimated_landing_time": 288.0,
        "wait_time": 0,
        "Landing_success_rate": 1.0
    },
    {
        "model": 2,
        "sequence": 1,
        "status": 1,
        "fuel": 6941,
        "fault": 0.7238,
        "weapon": 0,
        "pilot_injury": 0.5762,
        "pilot_skill": 0.0757,
        "mission_priority": 0.5183,
        "estimated_landing_time": 100.0,
        "wait_time": 0,
        "Landing_success_rate": 1.0
    },
    {
        "model": 2,
        "sequence": 18,
        "status": 1,
        "fuel": 6955,
        "fault": 0.4833,
        "weapon": 1,
        "pilot_injury": 0.6867,
        "pilot_skill": 0.4126,
        "mission_priority": 0.2803,
        "estimated_landing_time": 1698.0,
        "wait_time": 0,
        "Landing_success_rate": 1.0
    },
    {
        "model": 2,
        "sequence": 10,
        "status": 1,
        "fuel": 5723,
        "fault": 0.9217,
        "weapon": 0,
        "pilot_injury": 0.2546,
        "pilot_skill": 0.2994,
        "mission_priority": 0.6403,
        "estimated_landing_time": 946.0,
        "wait_time": 0,
        "Landing_success_rate": 1.0
    },
    {
        "model": 2,
        "sequence": 16,
        "status": 1,
        "fuel": 7314,
        "fault": 0.9942,
        "weapon": 0,
        "pilot_injury": 0.6542,
        "pilot_skill": 0.9066,
        "mission_priority": 0.462,
        "estimated_landing_time": 1510.0,
        "wait_time": 0,
        "Landing_success_rate": 1.0
    },
    {
        "model": 0,
        "sequence": 17,
        "status": 1,
        "fuel": 6552,
        "fault": 0.2101,
        "weapon": 0,
        "pilot_injury": 0.0314,
        "pilot_skill": 0.3602,
        "mission_priority": 0.258,
        "estimated_landing_time": 1604.0,
        "wait_time": 0,
        "Landing_success_rate": 1.0
    },
    {
        "model": 0,
        "sequence": 13,
        "status": 1,
        "fuel": 7257,
        "fault": 0.6064,
        "weapon": 1,
        "pilot_injury": 0.7371,
        "pilot_skill": 0.9551,
        "mission_priority": 0.3848,
        "estimated_landing_time": 1228.0,
        "wait_time": 0,
        "Landing_success_rate": 1.0
    }
]