[
    {
        "model": 0,
        "sequence": 16,
        "status": 1,
        "fuel": 6343,
        "fault": 0.8636,
        "weapon": 0,
        "pilot_injury": 0.2613,
        "pilot_skill": 0.4249,
        "mission_priority": 0.7135,
        "estimated_landing_time": 1510.0,
        "wait_time": 0,
        "Landing_success_rate": 1.0
    },
    {
        "model": 0,
        "sequence": 3,
        "status": 1,
        "fuel": 6095,
        "fault": 0.3608,
        "weapon": 1,
        "pilot_injury": 0.1296,
        "pilot_skill": 0.8543,
        "mission_priority": 0.3061,
        "estimated_landing_time": 288.0,
        "wait_time": 0,
        "Landing_success_rate": 1.0
    },
    {
        "model": 2,
        "sequence": 8,
        "status": 1,
        "fuel": 7097,
        "fault": 0.5942,
        "weapon": 1,
        "pilot_injury": 0.9665,
        "pilot_skill": 0.0501,
        "mission_priority": 0.5136,
        "estimated_landing_time": 758.0,
        "wait_time": 0,
        "Landing_success_rate": 1.0
    },
    {
        "model": 1,
        "sequence": 9,
        "status": 1,
        "fuel": 7012,
        "fault": 0.3164,
        "weapon": 1,
        "pilot_injury": 0.8403,
        "pilot_skill": 0.9498,
        "mission_priority": 0.0678,
        "estimated_landing_time": 852.0,
        "wait_time": 0,
        "Landing_success_rate": 1.0
    },
    {
        "model": 0,
        "sequence": 7,
        "status": 1,
        "fuel": 5974,
        "fault": 0.5253,
        "weapon": 0,
        "pilot_injury": 0.8322,
        "pilot_skill": 0.1632,
        "mission_priority": 0.5668,
        "estimated_landing_time": 664.0,
        "wait_time": 0,
        "Landing_success_rate": 1.0
    },
    {
        "model": 0,
        "sequence": 11,
        "status": 1,
        "fuel": 7034,
        "fault": 0.2371,
        "weapon": 1,
        "pilot_injury": 0.2846,
        "pilot_skill": 0.2688,
        "mission_priority": 0.7698,
        "estimated_landing_time": 1040.0,
        "wait_time": 0,
        "Landing_success_rate": 1.0
    },
    {
        "model": 2,
        "sequence": 17,
        "status": 1,
        "fuel": 7014,
        "fault": 0.9969,
        "weapon": 1,
        "pilot_injury": 0.5011,
        "pilot_skill": 0.6935,
        "mission_priority": 0.7452,
        "estimated_landing_time": 1604.0,
        "wait_time": 0,
        "Landing_success_rate": 1.0
    },
    {
        "model": 2,
        "sequence": 6,
        "status": 1,
        "fuel": 6570,
        "fault": 0.1821,
        "weapon": 0,
        "pilot_injury": 0.5363,
        "pilot_skill": 0.1095,
        "mission_priority": 0.9486,
        "estimated_landing_time": 570.0,
        "wait_time": 0,
        "Landing_success_rate": 1.0
    },
    {
        "model": 0,
        "sequence": 13,
        "status": 1,
        "fuel": 6981,
        "fault": 0.2608,
        "weapon": 0,
        "pilot_injury": 0.3896,
        "pilot_skill": 0.0905,
        "mission_priority": 0.4569,
        "estimated_landing_time": 1228.0,
        "wait_time": 0,
        "Landing_success_rate": 1.0
    },
    {
        "model": 0,
        "sequence": 5,
        "status": 1,
        "fuel": 6578,
        "fault": 0.048,
        "weapon": 0,
        "pilot_injury": 0.6476,
        "pilot_skill": 0.6507,
        "mission_priority": 0.7864,
        "estimated_landing_time": 476.0,
        "wait_time": 0,
        "Landing_success_rate": 1.0
    },
    {
        "model": 2,
        "sequence": 10,
        "status": 1,
        "fuel": 6936,
        "fault": 0.3006,
        "weapon": 0,
        "pilot_injury": 0.8899,
        "pilot_skill": 0.4025,
        "mission_priority": 0.9847,
        "estimated_landing_time": 946.0,
        "wait_time": 0,
        "Landing_success_rate": 1.0
    },
    {
        "model": 2,
        "sequence": 18,
        "status": 1,
        "fuel": 5846,
        "fault": 0.439,
        "weapon": 1,
        "pilot_injury": 0.4599,
        "pilot_skill": 0.2324,
        "mission_priority": 0.9308,
        "estimated_landing_time": 1698.0,
        "wait_time": 0,
        "Landing_success_rate": 1.0
    },
    {
        "model": 0,
        "sequence": 1,
        "status": 1,
        "fuel": 6222,
        "fault": 0.4473,
        "weapon": 0,
        "pilot_injury": 0.1442,
        "pilot_skill": 0.9991,
        "mission_priority": 0.8951,
        "estimated_landing_time": 100.0,
        "wait_time": 0,
        "Landing_success_rate": 1.0
    },
    {
        "model": 2,
        "sequence": 12,
        "status": 1,
        "fuel": 6675,
        "fault": 0.8489,
        "weapon": 1,
        "pilot_injury": 0.0297,
        "pilot_skill": 0.1518,
        "mission_priority": 0.5344,
        "estimated_landing_time": 1134.0,
        "wait_time": 0,
        "Landing_success_rate": 1.0
    },
    {
        "model": 0,
        "sequence": 15,
        "status": 1,
        "fuel": 6649,
        "fault": 0.1649,
        "weapon": 0,
        "pilot_injury": 0.434,
        "pilot_skill": 0.4733,
        "mission_priority": 0.0176,
        "estimated_landing_time": 1416.0,
        "wait_time": 0,
        "Landing_success_rate": 1.0
    },
    {
        "model": 2,
        "sequence": 4,
        "status": 1,
        "fuel": 7269,
        "fault": 0.6272,
        "weapon": 0,
        "pilot_injury": 0.2794,
        "pilot_skill": 0.5233,
        "mission_priority": 0.1081,
        "estimated_landing_time": 382.0,
        "wait_time": 0,
        "Landing_success_rate": 1.0
    },
    {
        "model": 0,
        "sequence": 2,
        "status": 1,
        "fuel": 6876,
        "fault": 0.3514,
        "weapon": 0,
        "pilot_injury": 0.6699,
        "pilot_skill": 0.5314,
        "mission_priority": 0.3899,
        "estimated_landing_time": 194.0,
        "wait_time": 0,
        "Landing_success_rate": 1.0
    },
    {
        "model": 0,
        "sequence": 14,
        "status": 1,
        "fuel": 7242,
        "fault": 0.7567,
        "weapon": 0,
        "pilot_injury": 0.8086,
        "pilot_skill": 0.3476,
        "mission_priority": 0.1939,
        "estimated_landing_time": 1322.0,
        "wait_time": 0,
        "Landing_success_rate": 1.0
    }
]