[
    {
        "model": 1,
        "sequence": 2,
        "status": 1,
        "fuel": 6772,
        "fault": 0.2418,
        "weapon": 1,
        "pilot_injury": 0.5048,
        "pilot_skill": 0.817,
        "mission_priority": 0.6357,
        "estimated_landing_time": 194.0,
        "wait_time": 0,
        "Landing_success_rate": 1.0
    },
    {
        "model": 0,
        "sequence": 14,
        "status": 1,
        "fuel": 7025,
        "fault": 0.5089,
        "weapon": 0,
        "pilot_injury": 0.8472,
        "pilot_skill": 0.0633,
        "mission_priority": 0.5783,
        "estimated_landing_time": 1322.0,
        "wait_time": 0,
        "Landing_success_rate": 1.0
    },
    {
        "model": 2,
        "sequence": 17,
        "status": 1,
        "fuel": 6466,
        "fault": 0.9363,
        "weapon": 0,
        "pilot_injury": 0.8626,
        "pilot_skill": 0.012,
        "mission_priority": 0.011,
        "estimated_landing_time": 1604.0,
        "wait_time": 0,
        "Landing_success_rate": 1.0
    },
    {
        "model": 1,
        "sequence": 11,
        "status": 1,
        "fuel": 7439,
        "fault": 0.4453,
        "weapon": 0,
        "pilot_injury": 0.3535,
        "pilot_skill": 0.3712,
        "mission_priority": 0.3454,
        "estimated_landing_time": 1040.0,
        "wait_time": 0,
        "Landing_success_rate": 1.0
    },
    {
        "model": 2,
        "sequence": 9,
        "status": 1,
        "fuel": 6462,
        "fault": 0.9495,
        "weapon": 0,
        "pilot_injury": 0.9065,
        "pilot_skill": 0.2329,
        "mission_priority": 0.8939,
        "estimated_landing_time": 852.0,
        "wait_time": 0,
        "Landing_success_rate": 1.0
    },
    {
        "model": 0,
        "sequence": 1,
        "status": 1,
        "fuel": 5970,
        "fault": 0.3172,
        "weapon": 0,
        "pilot_injury": 0.3723,
        "pilot_skill": 0.7658,
        "mission_priority": 0.0254,
        "estimated_landing_time": 100.0,
        "wait_time": 0,
        "Landing_success_rate": 1.0
    },
    {
        "model": 1,
        "sequence": 6,
        "status": 1,
        "fuel": 5599,
        "fault": 0.7447,
        "weapon": 0,
        "pilot_injury": 0.3086,
        "pilot_skill": 0.1269,
        "mission_priority": 0.9552,
        "estimated_landing_time": 570.0,
        "wait_time": 0,
        "Landing_success_rate": 1.0
    },
    {
        "model": 0,
        "sequence": 4,
        "status": 1,
        "fuel": 5715,
        "fault": 0.5888,
        "weapon": 0,
        "pilot_injury": 0.931,
        "pilot_skill": 0.9598,
        "mission_priority": 0.2684,
        "estimated_landing_time": 382.0,
        "wait_time": 0,
        "Landing_success_rate": 1.0
    },
    {
        "model": 2,
        "sequence": 16,
        "status": 1,
        "fuel": 6315,
        "fault": 0.7364,
        "weapon": 0,
        "pilot_injury": 0.5573,
        "pilot_skill": 0.1504,
        "mission_priority": 0.9403,
        "estimated_landing_time": 1510.0,
        "wait_time": 0,
        "Landing_success_rate": 1.0
    },
    {
        "model": 0,
        "sequence": 13,
        "status": 1,
        "fuel": 6427,
        "fault": 0.4359,
        "weapon": 0,
        "pilot_injury": 0.0194,
        "pilot_skill": 0.4291,
        "mission_priority": 0.6169,
        "estimated_landing_time": 1228.0,
        "wait_time": 0,
        "Landing_success_rate": 1.0
    },
    {
        "model": 1,
        "sequence": 15,
        "status": 1,
        "fuel": 6791,
        "fault": 0.4855,
        "weapon": 1,
        "pilot_injury": 0.192,
        "pilot_skill": 0.3502,
        "mission_priority": 0.7234,
        "estimated_landing_time": 1416.0,
        "wait_time": 0,
        "Landing_success_rate": 1.0
    },
    {
        "model": 1,
        "sequence": 10,
        "status": 1,
        "fuel": 6070,
        "fault": 0.3458,
        "weapon": 1,
        "pilot_injury": 0.686,
        "pilot_skill": 0.9762,
        "mission_priority": 0.7748,
        "estimated_landing_time": 946.0,
        "wait_time": 0,
        "Landing_success_rate": 1.0
    },
    {
        "model": 2,
        "sequence": 3,
        "status": 1,
        "fuel": 6509,
        "fault": 0.0713,
        "weapon": 0,
        "pilot_injury": 0.8666,
        "pilot_skill": 0.2711,
        "mission_priority": 0.1816,
        "estimated_landing_time": 288.0,
        "wait_time": 0,
        "Landing_success_rate": 1.0
    },
    {
        "model": 2,
        "sequence": 7,
        "status": 1,
        "fuel": 7472,
        "fault": 0.0004,
        "weapon": 1,
        "pilot_injury": 0.237,
        "pilot_skill": 0.7139,
        "mission_priority": 0.6002,
        "estimated_landing_time": 664.0,
        "wait_time": 0,
        "Landing_success_rate": 1.0
    },
    {
        "model": 2,
        "sequence": 5,
        "status": 1,
        "fuel": 7475,
        "fault": 0.8745,
        "weapon": 0,
        "pilot_injury": 0.5273,
        "pilot_skill": 0.5098,
        "mission_priority": 0.5174,
        "estimated_landing_time": 476.0,
        "wait_time": 0,
        "Landing_success_rate": 1.0
    },
    {
        "model": 2,
        "sequence": 18,
        "status": 1,
        "fuel": 5675,
        "fault": 0.8527,
        "weapon": 1,
        "pilot_injury": 0.4309,
        "pilot_skill": 0.1273,
        "mission_priority": 0.7492,
        "estimated_landing_time": 1698.0,
        "wait_time": 0,
        "Landing_success_rate": 1.0
    },
    {
        "model": 1,
        "sequence": 8,
        "status": 1,
        "fuel": 7162,
        "fault": 0.6602,
        "weapon": 1,
        "pilot_injury": 0.4596,
        "pilot_skill": 0.6907,
        "mission_priority": 0.0769,
        "estimated_landing_time": 758.0,
        "wait_time": 0,
        "Landing_success_rate": 1.0
    },
    {
        "model": 1,
        "sequence": 12,
        "status": 1,
        "fuel": 6345,
        "fault": 0.4723,
        "weapon": 0,
        "pilot_injury": 0.9654,
        "pilot_skill": 0.5743,
        "mission_priority": 0.1752,
        "estimated_landing_time": 1134.0,
        "wait_time": 0,
        "Landing_success_rate": 1.0
    }
]