[
    {
        "model": 0,
        "sequence": 3,
        "status": 1,
        "fuel": 6257,
        "fault": 0.1991,
        "weapon": 0,
        "pilot_injury": 0.7889,
        "pilot_skill": 0.7168,
        "mission_priority": 0.4199,
        "estimated_landing_time": 288.0,
        "wait_time": 0,
        "Landing_success_rate": 1.0
    },
    {
        "model": 1,
        "sequence": 18,
        "status": 1,
        "fuel": 7123,
        "fault": 0.8363,
        "weapon": 1,
        "pilot_injury": 0.9813,
        "pilot_skill": 0.9181,
        "mission_priority": 0.4071,
        "estimated_landing_time": 1698.0,
        "wait_time": 0,
        "Landing_success_rate": 1.0
    },
    {
        "model": 1,
        "sequence": 17,
        "status": 1,
        "fuel": 6709,
        "fault": 0.7702,
        "weapon": 1,
        "pilot_injury": 0.5315,
        "pilot_skill": 0.7632,
        "mission_priority": 0.176,
        "estimated_landing_time": 1604.0,
        "wait_time": 0,
        "Landing_success_rate": 1.0
    },
    {
        "model": 1,
        "sequence": 13,
        "status": 1,
        "fuel": 6941,
        "fault": 0.1939,
        "weapon": 0,
        "pilot_injury": 0.4609,
        "pilot_skill": 0.6039,
        "mission_priority": 0.6764,
        "estimated_landing_time": 1228.0,
        "wait_time": 0,
        "Landing_success_rate": 1.0
    },
    {
        "model": 2,
        "sequence": 1,
        "status": 1,
        "fuel": 6480,
        "fault": 0.5757,
        "weapon": 0,
        "pilot_injury": 0.7029,
        "pilot_skill": 0.6876,
        "mission_priority": 0.1495,
        "estimated_landing_time": 100.0,
        "wait_time": 0,
        "Landing_success_rate": 1.0
    },
    {
        "model": 0,
        "sequence": 9,
        "status": 1,
        "fuel": 5770,
        "fault": 0.3674,
        "weapon": 1,
        "pilot_injury": 0.2264,
        "pilot_skill": 0.7586,
        "mission_priority": 0.1211,
        "estimated_landing_time": 852.0,
        "wait_time": 0,
        "Landing_success_rate": 1.0
    },
    {
        "model": 0,
        "sequence": 11,
        "status": 1,
        "fuel": 7446,
        "fault": 0.4803,
        "weapon": 1,
        "pilot_injury": 0.1353,
        "pilot_skill": 0.0116,
        "mission_priority": 0.4114,
        "estimated_landing_time": 1040.0,
        "wait_time": 0,
        "Landing_success_rate": 1.0
    },
    {
        "model": 2,
        "sequence": 8,
        "status": 1,
        "fuel": 6359,
        "fault": 0.7044,
        "weapon": 1,
        "pilot_injury": 0.0522,
        "pilot_skill": 0.2325,
        "mission_priority": 0.5243,
        "estimated_landing_time": 758.0,
        "wait_time": 0,
        "Landing_success_rate": 1.0
    },
    {
        "model": 0,
        "sequence": 14,
        "status": 1,
        "fuel": 7022,
        "fault": 0.0097,
        "weapon": 0,
        "pilot_injury": 0.5194,
        "pilot_skill": 0.6461,
        "mission_priority": 0.9034,
        "estimated_landing_time": 1322.0,
        "wait_time": 0,
        "Landing_success_rate": 1.0
    },
    {
        "model": 0,
        "sequence": 10,
        "status": 1,
        "fuel": 6870,
        "fault": 0.8462,
        "weapon": 1,
        "pilot_injury": 0.4579,
        "pilot_skill": 0.6097,
        "mission_priority": 0.0046,
        "estimated_landing_time": 946.0,
        "wait_time": 0,
        "Landing_success_rate": 1.0
    },
    {
        "model": 1,
        "sequence": 16,
        "status": 1,
        "fuel": 6800,
        "fault": 0.7598,
        "weapon": 0,
        "pilot_injury": 0.6451,
        "pilot_skill": 0.2677,
        "mission_priority": 0.9019,
        "estimated_landing_time": 1510.0,
        "wait_time": 0,
        "Landing_success_rate": 1.0
    },
    {
        "model": 1,
        "sequence": 15,
        "status": 1,
        "fuel": 7125,
        "fault": 0.4358,
        "weapon": 0,
        "pilot_injury": 0.3923,
        "pilot_skill": 0.8572,
        "mission_priority": 0.8151,
        "estimated_landing_time": 1416.0,
        "wait_time": 0,
        "Landing_success_rate": 1.0
    },
    {
        "model": 2,
        "sequence": 7,
        "status": 1,
        "fuel": 5809,
        "fault": 0.8174,
        "weapon": 1,
        "pilot_injury": 0.6955,
        "pilot_skill": 0.2044,
        "mission_priority": 0.9305,
        "estimated_landing_time": 664.0,
        "wait_time": 0,
        "Landing_success_rate": 1.0
    },
    {
        "model": 0,
        "sequence": 2,
        "status": 1,
        "fuel": 7167,
        "fault": 0.0247,
        "weapon": 0,
        "pilot_injury": 0.0126,
        "pilot_skill": 0.317,
        "mission_priority": 0.5413,
        "estimated_landing_time": 194.0,
        "wait_time": 0,
        "Landing_success_rate": 1.0
    },
    {
        "model": 2,
        "sequence": 4,
        "status": 1,
        "fuel": 6158,
        "fault": 0.6252,
        "weapon": 0,
        "pilot_injury": 0.8335,
        "pilot_skill": 0.1108,
        "mission_priority": 0.7619,
        "estimated_landing_time": 382.0,
        "wait_time": 0,
        "Landing_success_rate": 1.0
    },
    {
        "model": 2,
        "sequence": 6,
        "status": 1,
        "fuel": 6798,
        "fault": 0.7122,
        "weapon": 1,
        "pilot_injury": 0.2657,
        "pilot_skill": 0.858,
        "mission_priority": 0.6274,
        "estimated_landing_time": 570.0,
        "wait_time": 0,
        "Landing_success_rate": 1.0
    },
    {
        "model": 2,
        "sequence": 12,
        "status": 1,
        "fuel": 7115,
        "fault": 0.5902,
        "weapon": 0,
        "pilot_injury": 0.4086,
        "pilot_skill": 0.417,
        "mission_priority": 0.1483,
        "estimated_landing_time": 1134.0,
        "wait_time": 0,
        "Landing_success_rate": 1.0
    },
    {
        "model": 2,
        "sequence": 5,
        "status": 1,
        "fuel": 5500,
        "fault": 0.5326,
        "weapon": 1,
        "pilot_injury": 0.606,
        "pilot_skill": 0.0716,
        "mission_priority": 0.3338,
        "estimated_landing_time": 476.0,
        "wait_time": 0,
        "Landing_success_rate": 1.0
    }
]