[
    {
        "model": 1,
        "sequence": 11,
        "status": 1,
        "fuel": 6125,
        "fault": 0.3256,
        "weapon": 0,
        "pilot_injury": 0.64,
        "pilot_skill": 0.7391,
        "mission_priority": 0.7911,
        "estimated_landing_time": 1040.0,
        "wait_time": 0,
        "Landing_success_rate": 1.0
    },
    {
        "model": 2,
        "sequence": 14,
        "status": 1,
        "fuel": 6953,
        "fault": 0.2024,
        "weapon": 0,
        "pilot_injury": 0.3306,
        "pilot_skill": 0.3479,
        "mission_priority": 0.0378,
        "estimated_landing_time": 1322.0,
        "wait_time": 0,
        "Landing_success_rate": 1.0
    },
    {
        "model": 0,
        "sequence": 18,
        "status": 1,
        "fuel": 6159,
        "fault": 0.7012,
        "weapon": 1,
        "pilot_injury": 0.1592,
        "pilot_skill": 0.5524,
        "mission_priority": 0.0474,
        "estimated_landing_time": 1698.0,
        "wait_time": 0,
        "Landing_success_rate": 1.0
    },
    {
        "model": 0,
        "sequence": 15,
        "status": 1,
        "fuel": 7124,
        "fault": 0.4325,
        "weapon": 0,
        "pilot_injury": 0.3978,
        "pilot_skill": 0.9714,
        "mission_priority": 0.3243,
        "estimated_landing_time": 1416.0,
        "wait_time": 0,
        "Landing_success_rate": 1.0
    },
    {
        "model": 2,
        "sequence": 3,
        "status": 1,
        "fuel": 6953,
        "fault": 0.3846,
        "weapon": 0,
        "pilot_injury": 0.2503,
        "pilot_skill": 0.4443,
        "mission_priority": 0.6119,
        "estimated_landing_time": 288.0,
        "wait_time": 0,
        "Landing_success_rate": 1.0
    },
    {
        "model": 0,
        "sequence": 1,
        "status": 1,
        "fuel": 6911,
        "fault": 0.5745,
        "weapon": 1,
        "pilot_injury": 0.7208,
        "pilot_skill": 0.723,
        "mission_priority": 0.8036,
        "estimated_landing_time": 100.0,
        "wait_time": 0,
        "Landing_success_rate": 1.0
    },
    {
        "model": 1,
        "sequence": 8,
        "status": 1,
        "fuel": 7124,
        "fault": 0.7283,
        "weapon": 0,
        "pilot_injury": 0.3331,
        "pilot_skill": 0.9007,
        "mission_priority": 0.7337,
        "estimated_landing_time": 758.0,
        "wait_time": 0,
        "Landing_success_rate": 1.0
    },
    {
        "model": 0,
        "sequence": 12,
        "status": 1,
        "fuel": 7322,
        "fault": 0.7803,
        "weapon": 1,
        "pilot_injury": 0.3307,
        "pilot_skill": 0.0232,
        "mission_priority": 0.4837,
        "estimated_landing_time": 1134.0,
        "wait_time": 0,
        "Landing_success_rate": 1.0
    },
    {
        "model": 1,
        "sequence": 10,
        "status": 1,
        "fuel": 5746,
        "fault": 0.0202,
        "weapon": 0,
        "pilot_injury": 0.9888,
        "pilot_skill": 0.1781,
        "mission_priority": 0.3509,
        "estimated_landing_time": 946.0,
        "wait_time": 0,
        "Landing_success_rate": 1.0
    },
    {
        "model": 0,
        "sequence": 16,
        "status": 1,
        "fuel": 5856,
        "fault": 0.0399,
        "weapon": 1,
        "pilot_injury": 0.3543,
        "pilot_skill": 0.5284,
        "mission_priority": 0.2371,
        "estimated_landing_time": 1510.0,
        "wait_time": 0,
        "Landing_success_rate": 1.0
    },
    {
        "model": 0,
        "sequence": 13,
        "status": 1,
        "fuel": 6957,
        "fault": 0.9676,
        "weapon": 1,
        "pilot_injury": 0.1707,
        "pilot_skill": 0.6309,
        "mission_priority": 0.9553,
        "estimated_landing_time": 1228.0,
        "wait_time": 0,
        "Landing_success_rate": 1.0
    },
    {
        "model": 2,
        "sequence": 7,
        "status": 1,
        "fuel": 5776,
        "fault": 0.0638,
        "weapon": 1,
        "pilot_injury": 0.9511,
        "pilot_skill": 0.7511,
        "mission_priority": 0.155,
        "estimated_landing_time": 664.0,
        "wait_time": 0,
        "Landing_success_rate": 1.0
    },
    {
        "model": 2,
        "sequence": 17,
        "status": 1,
        "fuel": 5921,
        "fault": 0.4899,
        "weapon": 1,
        "pilot_injury": 0.0968,
        "pilot_skill": 0.271,
        "mission_priority": 0.3741,
        "estimated_landing_time": 1604.0,
        "wait_time": 0,
        "Landing_success_rate": 1.0
    },
    {
        "model": 0,
        "sequence": 5,
        "status": 1,
        "fuel": 7056,
        "fault": 0.7166,
        "weapon": 0,
        "pilot_injury": 0.6923,
        "pilot_skill": 0.4772,
        "mission_priority": 0.4211,
        "estimated_landing_time": 476.0,
        "wait_time": 0,
        "Landing_success_rate": 1.0
    },
    {
        "model": 1,
        "sequence": 2,
        "status": 1,
        "fuel": 6065,
        "fault": 0.9565,
        "weapon": 1,
        "pilot_injury": 0.9913,
        "pilot_skill": 0.5886,
        "mission_priority": 0.7516,
        "estimated_landing_time": 194.0,
        "wait_time": 0,
        "Landing_success_rate": 1.0
    },
    {
        "model": 2,
        "sequence": 4,
        "status": 1,
        "fuel": 6919,
        "fault": 0.4776,
        "weapon": 0,
        "pilot_injury": 0.4203,
        "pilot_skill": 0.9351,
        "mission_priority": 0.7435,
        "estimated_landing_time": 382.0,
        "wait_time": 0,
        "Landing_success_rate": 1.0
    },
    {
        "model": 2,
        "sequence": 6,
        "status": 1,
        "fuel": 7394,
        "fault": 0.1115,
        "weapon": 1,
        "pilot_injury": 0.7961,
        "pilot_skill": 0.1053,
        "mission_priority": 0.538,
        "estimated_landing_time": 570.0,
        "wait_time": 0,
        "Landing_success_rate": 1.0
    },
    {
        "model": 2,
        "sequence": 9,
        "status": 1,
        "fuel": 7497,
        "fault": 0.1032,
        "weapon": 1,
        "pilot_injury": 0.5697,
        "pilot_skill": 0.2583,
        "mission_priority": 0.8489,
        "estimated_landing_time": 852.0,
        "wait_time": 0,
        "Landing_success_rate": 1.0
    }
]