[
    {
        "model": 2,
        "sequence": 10,
        "status": 1,
        "fuel": 6310,
        "fault": 0.9279,
        "weapon": 0,
        "pilot_injury": 0.0252,
        "pilot_skill": 0.4191,
        "mission_priority": 0.6602,
        "estimated_landing_time": 946.0,
        "wait_time": 0,
        "Landing_success_rate": 1.0
    },
    {
        "model": 0,
        "sequence": 5,
        "status": 1,
        "fuel": 7496,
        "fault": 0.2055,
        "weapon": 1,
        "pilot_injury": 0.9096,
        "pilot_skill": 0.658,
        "mission_priority": 0.6825,
        "estimated_landing_time": 476.0,
        "wait_time": 0,
        "Landing_success_rate": 1.0
    },
    {
        "model": 1,
        "sequence": 9,
        "status": 1,
        "fuel": 5918,
        "fault": 0.1813,
        "weapon": 1,
        "pilot_injury": 0.9069,
        "pilot_skill": 0.6896,
        "mission_priority": 0.4679,
        "estimated_landing_time": 852.0,
        "wait_time": 0,
        "Landing_success_rate": 1.0
    },
    {
        "model": 2,
        "sequence": 14,
        "status": 1,
        "fuel": 5821,
        "fault": 0.2642,
        "weapon": 0,
        "pilot_injury": 0.5549,
        "pilot_skill": 0.8975,
        "mission_priority": 0.0958,
        "estimated_landing_time": 1322.0,
        "wait_time": 0,
        "Landing_success_rate": 1.0
    },
    {
        "model": 0,
        "sequence": 12,
        "status": 1,
        "fuel": 6591,
        "fault": 0.4117,
        "weapon": 1,
        "pilot_injury": 0.2941,
        "pilot_skill": 0.1697,
        "mission_priority": 0.1784,
        "estimated_landing_time": 1134.0,
        "wait_time": 0,
        "Landing_success_rate": 1.0
    },
    {
        "model": 1,
        "sequence": 4,
        "status": 1,
        "fuel": 7162,
        "fault": 0.9894,
        "weapon": 0,
        "pilot_injury": 0.9043,
        "pilot_skill": 0.5298,
        "mission_priority": 0.6913,
        "estimated_landing_time": 382.0,
        "wait_time": 0,
        "Landing_success_rate": 1.0
    },
    {
        "model": 2,
        "sequence": 17,
        "status": 1,
        "fuel": 7359,
        "fault": 0.0527,
        "weapon": 1,
        "pilot_injury": 0.6487,
        "pilot_skill": 0.2162,
        "mission_priority": 0.6694,
        "estimated_landing_time": 1604.0,
        "wait_time": 0,
        "Landing_success_rate": 1.0
    },
    {
        "model": 0,
        "sequence": 15,
        "status": 1,
        "fuel": 7483,
        "fault": 0.6793,
        "weapon": 1,
        "pilot_injury": 0.6688,
        "pilot_skill": 0.6934,
        "mission_priority": 0.9093,
        "estimated_landing_time": 1416.0,
        "wait_time": 0,
        "Landing_success_rate": 1.0
    },
    {
        "model": 1,
        "sequence": 7,
        "status": 1,
        "fuel": 5526,
        "fault": 0.3013,
        "weapon": 0,
        "pilot_injury": 0.8787,
        "pilot_skill": 0.0193,
        "mission_priority": 0.3627,
        "estimated_landing_time": 664.0,
        "wait_time": 0,
        "Landing_success_rate": 1.0
    },
    {
        "model": 1,
        "sequence": 8,
        "status": 1,
        "fuel": 6577,
        "fault": 0.3801,
        "weapon": 1,
        "pilot_injury": 0.3817,
        "pilot_skill": 0.8676,
        "mission_priority": 0.5118,
        "estimated_landing_time": 758.0,
        "wait_time": 0,
        "Landing_success_rate": 1.0
    },
    {
        "model": 0,
        "sequence": 2,
        "status": 1,
        "fuel": 6019,
        "fault": 0.0674,
        "weapon": 0,
        "pilot_injury": 0.6029,
        "pilot_skill": 0.8155,
        "mission_priority": 0.3012,
        "estimated_landing_time": 194.0,
        "wait_time": 0,
        "Landing_success_rate": 1.0
    },
    {
        "model": 2,
        "sequence": 6,
        "status": 1,
        "fuel": 5712,
        "fault": 0.2133,
        "weapon": 1,
        "pilot_injury": 0.7108,
        "pilot_skill": 0.2444,
        "mission_priority": 0.5864,
        "estimated_landing_time": 570.0,
        "wait_time": 0,
        "Landing_success_rate": 1.0
    },
    {
        "model": 0,
        "sequence": 3,
        "status": 1,
        "fuel": 7077,
        "fault": 0.6098,
        "weapon": 0,
        "pilot_injury": 0.3983,
        "pilot_skill": 0.9471,
        "mission_priority": 0.408,
        "estimated_landing_time": 288.0,
        "wait_time": 0,
        "Landing_success_rate": 1.0
    },
    {
        "model": 2,
        "sequence": 11,
        "status": 1,
        "fuel": 7119,
        "fault": 0.2511,
        "weapon": 0,
        "pilot_injury": 0.3413,
        "pilot_skill": 0.6121,
        "mission_priority": 0.1477,
        "estimated_landing_time": 1040.0,
        "wait_time": 0,
        "Landing_success_rate": 1.0
    },
    {
        "model": 0,
        "sequence": 16,
        "status": 1,
        "fuel": 7054,
        "fault": 0.8361,
        "weapon": 1,
        "pilot_injury": 0.7682,
        "pilot_skill": 0.9848,
        "mission_priority": 0.4346,
        "estimated_landing_time": 1510.0,
        "wait_time": 0,
        "Landing_success_rate": 1.0
    },
    {
        "model": 1,
        "sequence": 13,
        "status": 1,
        "fuel": 5875,
        "fault": 0.0648,
        "weapon": 0,
        "pilot_injury": 0.0835,
        "pilot_skill": 0.8617,
        "mission_priority": 0.9827,
        "estimated_landing_time": 1228.0,
        "wait_time": 0,
        "Landing_success_rate": 1.0
    },
    {
        "model": 1,
        "sequence": 1,
        "status": 1,
        "fuel": 6969,
        "fault": 0.3729,
        "weapon": 1,
        "pilot_injury": 0.0233,
        "pilot_skill": 0.0114,
        "mission_priority": 0.2103,
        "estimated_landing_time": 100.0,
        "wait_time": 0,
        "Landing_success_rate": 1.0
    },
    {
        "model": 1,
        "sequence": 18,
        "status": 1,
        "fuel": 5675,
        "fault": 0.8613,
        "weapon": 0,
        "pilot_injury": 0.7465,
        "pilot_skill": 0.0126,
        "mission_priority": 0.7311,
        "estimated_landing_time": 1698.0,
        "wait_time": 0,
        "Landing_success_rate": 1.0
    }
]