[
    {
        "model": 2,
        "sequence": 15,
        "status": 1,
        "fuel": 5646,
        "fault": 0.4838,
        "weapon": 1,
        "pilot_injury": 0.4636,
        "pilot_skill": 0.8878,
        "mission_priority": 0.4551,
        "estimated_landing_time": 1416.0,
        "wait_time": 0,
        "Landing_success_rate": 1.0
    },
    {
        "model": 2,
        "sequence": 6,
        "status": 1,
        "fuel": 5756,
        "fault": 0.404,
        "weapon": 0,
        "pilot_injury": 0.9433,
        "pilot_skill": 0.5202,
        "mission_priority": 0.6771,
        "estimated_landing_time": 570.0,
        "wait_time": 0,
        "Landing_success_rate": 1.0
    },
    {
        "model": 0,
        "sequence": 24,
        "status": 1,
        "fuel": 5769,
        "fault": 0.6338,
        "weapon": 0,
        "pilot_injury": 0.601,
        "pilot_skill": 0.0343,
        "mission_priority": 0.4976,
        "estimated_landing_time": 2262.0,
        "wait_time": 0,
        "Landing_success_rate": 1.0
    },
    {
        "model": 1,
        "sequence": 7,
        "status": 1,
        "fuel": 6806,
        "fault": 0.9245,
        "weapon": 0,
        "pilot_injury": 0.365,
        "pilot_skill": 0.4324,
        "mission_priority": 0.6232,
        "estimated_landing_time": 664.0,
        "wait_time": 0,
        "Landing_success_rate": 1.0
    },
    {
        "model": 0,
        "sequence": 21,
        "status": 1,
        "fuel": 6970,
        "fault": 0.2215,
        "weapon": 0,
        "pilot_injury": 0.1826,
        "pilot_skill": 0.574,
        "mission_priority": 0.6374,
        "estimated_landing_time": 1980.0,
        "wait_time": 0,
        "Landing_success_rate": 1.0
    },
    {
        "model": 1,
        "sequence": 19,
        "status": 1,
        "fuel": 7404,
        "fault": 0.5711,
        "weapon": 0,
        "pilot_injury": 0.3356,
        "pilot_skill": 0.7651,
        "mission_priority": 0.4328,
        "estimated_landing_time": 1792.0,
        "wait_time": 0,
        "Landing_success_rate": 1.0
    },
    {
        "model": 2,
        "sequence": 8,
        "status": 1,
        "fuel": 6519,
        "fault": 0.2977,
        "weapon": 0,
        "pilot_injury": 0.0184,
        "pilot_skill": 0.654,
        "mission_priority": 0.6186,
        "estimated_landing_time": 758.0,
        "wait_time": 0,
        "Landing_success_rate": 1.0
    },
    {
        "model": 2,
        "sequence": 13,
        "status": 1,
        "fuel": 6538,
        "fault": 0.038,
        "weapon": 0,
        "pilot_injury": 0.0909,
        "pilot_skill": 0.9232,
        "mission_priority": 0.6893,
        "estimated_landing_time": 1228.0,
        "wait_time": 0,
        "Landing_success_rate": 1.0
    },
    {
        "model": 0,
        "sequence": 10,
        "status": 1,
        "fuel": 6540,
        "fault": 0.0432,
        "weapon": 1,
        "pilot_injury": 0.5925,
        "pilot_skill": 0.8356,
        "mission_priority": 0.0437,
        "estimated_landing_time": 946.0,
        "wait_time": 0,
        "Landing_success_rate": 1.0
    },
    {
        "model": 0,
        "sequence": 1,
        "status": 1,
        "fuel": 6817,
        "fault": 0.2754,
        "weapon": 1,
        "pilot_injury": 0.0092,
        "pilot_skill": 0.2014,
        "mission_priority": 0.959,
        "estimated_landing_time": 100.0,
        "wait_time": 0,
        "Landing_success_rate": 1.0
    },
    {
        "model": 2,
        "sequence": 4,
        "status": 1,
        "fuel": 7365,
        "fault": 0.1912,
        "weapon": 0,
        "pilot_injury": 0.067,
        "pilot_skill": 0.0282,
        "mission_priority": 0.2447,
        "estimated_landing_time": 382.0,
        "wait_time": 0,
        "Landing_success_rate": 1.0
    },
    {
        "model": 0,
        "sequence": 3,
        "status": 1,
        "fuel": 7019,
        "fault": 0.9694,
        "weapon": 1,
        "pilot_injury": 0.7203,
        "pilot_skill": 0.9183,
        "mission_priority": 0.408,
        "estimated_landing_time": 288.0,
        "wait_time": 0,
        "Landing_success_rate": 1.0
    },
    {
        "model": 2,
        "sequence": 17,
        "status": 1,
        "fuel": 6986,
        "fault": 0.1585,
        "weapon": 0,
        "pilot_injury": 0.9081,
        "pilot_skill": 0.8044,
        "mission_priority": 0.0658,
        "estimated_landing_time": 1604.0,
        "wait_time": 0,
        "Landing_success_rate": 1.0
    },
    {
        "model": 2,
        "sequence": 22,
        "status": 1,
        "fuel": 6373,
        "fault": 0.701,
        "weapon": 0,
        "pilot_injury": 0.9075,
        "pilot_skill": 0.1225,
        "mission_priority": 0.534,
        "estimated_landing_time": 2074.0,
        "wait_time": 0,
        "Landing_success_rate": 1.0
    },
    {
        "model": 1,
        "sequence": 2,
        "status": 1,
        "fuel": 7443,
        "fault": 0.5839,
        "weapon": 1,
        "pilot_injury": 0.482,
        "pilot_skill": 0.0705,
        "mission_priority": 0.2781,
        "estimated_landing_time": 194.0,
        "wait_time": 0,
        "Landing_success_rate": 1.0
    },
    {
        "model": 0,
        "sequence": 14,
        "status": 1,
        "fuel": 7097,
        "fault": 0.1723,
        "weapon": 1,
        "pilot_injury": 0.2827,
        "pilot_skill": 0.4609,
        "mission_priority": 0.6713,
        "estimated_landing_time": 1322.0,
        "wait_time": 0,
        "Landing_success_rate": 1.0
    },
    {
        "model": 2,
        "sequence": 9,
        "status": 1,
        "fuel": 5858,
        "fault": 0.764,
        "weapon": 1,
        "pilot_injury": 0.7385,
        "pilot_skill": 0.8669,
        "mission_priority": 0.6263,
        "estimated_landing_time": 852.0,
        "wait_time": 0,
        "Landing_success_rate": 1.0
    },
    {
        "model": 0,
        "sequence": 11,
        "status": 1,
        "fuel": 7362,
        "fault": 0.7363,
        "weapon": 1,
        "pilot_injury": 0.9458,
        "pilot_skill": 0.1326,
        "mission_priority": 0.7747,
        "estimated_landing_time": 1040.0,
        "wait_time": 0,
        "Landing_success_rate": 1.0
    },
    {
        "model": 1,
        "sequence": 23,
        "status": 1,
        "fuel": 5679,
        "fault": 0.0464,
        "weapon": 0,
        "pilot_injury": 0.72,
        "pilot_skill": 0.7538,
        "mission_priority": 0.2191,
        "estimated_landing_time": 2168.0,
        "wait_time": 0,
        "Landing_success_rate": 1.0
    },
    {
        "model": 1,
        "sequence": 20,
        "status": 1,
        "fuel": 5864,
        "fault": 0.0771,
        "weapon": 1,
        "pilot_injury": 0.77,
        "pilot_skill": 0.104,
        "mission_priority": 0.9624,
        "estimated_landing_time": 1886.0,
        "wait_time": 0,
        "Landing_success_rate": 1.0
    },
    {
        "model": 0,
        "sequence": 5,
        "status": 1,
        "fuel": 5617,
        "fault": 0.8205,
        "weapon": 0,
        "pilot_injury": 0.8228,
        "pilot_skill": 0.5183,
        "mission_priority": 0.4618,
        "estimated_landing_time": 476.0,
        "wait_time": 0,
        "Landing_success_rate": 1.0
    },
    {
        "model": 0,
        "sequence": 16,
        "status": 1,
        "fuel": 5743,
        "fault": 0.2877,
        "weapon": 1,
        "pilot_injury": 0.7299,
        "pilot_skill": 0.4109,
        "mission_priority": 0.6292,
        "estimated_landing_time": 1510.0,
        "wait_time": 0,
        "Landing_success_rate": 1.0
    },
    {
        "model": 2,
        "sequence": 12,
        "status": 1,
        "fuel": 6514,
        "fault": 0.4385,
        "weapon": 1,
        "pilot_injury": 0.052,
        "pilot_skill": 0.8597,
        "mission_priority": 0.4583,
        "estimated_landing_time": 1134.0,
        "wait_time": 0,
        "Landing_success_rate": 1.0
    },
    {
        "model": 1,
        "sequence": 18,
        "status": 1,
        "fuel": 6359,
        "fault": 0.2759,
        "weapon": 0,
        "pilot_injury": 0.483,
        "pilot_skill": 0.8868,
        "mission_priority": 0.3783,
        "estimated_landing_time": 1698.0,
        "wait_time": 0,
        "Landing_success_rate": 1.0
    }
]