[
    {
        "model": 0,
        "sequence": 16,
        "status": 1,
        "fuel": 6670,
        "fault": 0.1923,
        "weapon": 1,
        "pilot_injury": 0.8481,
        "pilot_skill": 0.9472,
        "mission_priority": 0.8849,
        "estimated_landing_time": 1510.0,
        "wait_time": 0,
        "Landing_success_rate": 1.0
    },
    {
        "model": 2,
        "sequence": 7,
        "status": 1,
        "fuel": 7103,
        "fault": 0.3504,
        "weapon": 0,
        "pilot_injury": 0.2816,
        "pilot_skill": 0.9634,
        "mission_priority": 0.0103,
        "estimated_landing_time": 664.0,
        "wait_time": 0,
        "Landing_success_rate": 1.0
    },
    {
        "model": 0,
        "sequence": 10,
        "status": 1,
        "fuel": 6811,
        "fault": 0.543,
        "weapon": 1,
        "pilot_injury": 0.6227,
        "pilot_skill": 0.9901,
        "mission_priority": 0.3119,
        "estimated_landing_time": 946.0,
        "wait_time": 0,
        "Landing_success_rate": 1.0
    },
    {
        "model": 0,
        "sequence": 20,
        "status": 1,
        "fuel": 6878,
        "fault": 0.1423,
        "weapon": 1,
        "pilot_injury": 0.4428,
        "pilot_skill": 0.261,
        "mission_priority": 0.3434,
        "estimated_landing_time": 1886.0,
        "wait_time": 0,
        "Landing_success_rate": 1.0
    },
    {
        "model": 1,
        "sequence": 4,
        "status": 1,
        "fuel": 7331,
        "fault": 0.541,
        "weapon": 1,
        "pilot_injury": 0.1857,
        "pilot_skill": 0.3725,
        "mission_priority": 0.9286,
        "estimated_landing_time": 382.0,
        "wait_time": 0,
        "Landing_success_rate": 1.0
    },
    {
        "model": 0,
        "sequence": 12,
        "status": 1,
        "fuel": 7015,
        "fault": 0.1649,
        "weapon": 0,
        "pilot_injury": 0.1628,
        "pilot_skill": 0.5952,
        "mission_priority": 0.1505,
        "estimated_landing_time": 1134.0,
        "wait_time": 0,
        "Landing_success_rate": 1.0
    },
    {
        "model": 0,
        "sequence": 2,
        "status": 1,
        "fuel": 6153,
        "fault": 0.4488,
        "weapon": 0,
        "pilot_injury": 0.5015,
        "pilot_skill": 0.2467,
        "mission_priority": 0.471,
        "estimated_landing_time": 194.0,
        "wait_time": 0,
        "Landing_success_rate": 1.0
    },
    {
        "model": 2,
        "sequence": 21,
        "status": 1,
        "fuel": 6501,
        "fault": 0.9048,
        "weapon": 1,
        "pilot_injury": 0.7539,
        "pilot_skill": 0.5779,
        "mission_priority": 0.9044,
        "estimated_landing_time": 1980.0,
        "wait_time": 0,
        "Landing_success_rate": 1.0
    },
    {
        "model": 1,
        "sequence": 19,
        "status": 1,
        "fuel": 6528,
        "fault": 0.1148,
        "weapon": 0,
        "pilot_injury": 0.0556,
        "pilot_skill": 0.0069,
        "mission_priority": 0.2124,
        "estimated_landing_time": 1792.0,
        "wait_time": 0,
        "Landing_success_rate": 1.0
    },
    {
        "model": 0,
        "sequence": 15,
        "status": 1,
        "fuel": 7216,
        "fault": 0.2495,
        "weapon": 0,
        "pilot_injury": 0.4024,
        "pilot_skill": 0.8846,
        "mission_priority": 0.8956,
        "estimated_landing_time": 1416.0,
        "wait_time": 0,
        "Landing_success_rate": 1.0
    },
    {
        "model": 2,
        "sequence": 17,
        "status": 1,
        "fuel": 6994,
        "fault": 0.2951,
        "weapon": 1,
        "pilot_injury": 0.6911,
        "pilot_skill": 0.2716,
        "mission_priority": 0.1906,
        "estimated_landing_time": 1604.0,
        "wait_time": 0,
        "Landing_success_rate": 1.0
    },
    {
        "model": 1,
        "sequence": 11,
        "status": 1,
        "fuel": 6169,
        "fault": 0.9402,
        "weapon": 0,
        "pilot_injury": 0.43,
        "pilot_skill": 0.8309,
        "mission_priority": 0.1199,
        "estimated_landing_time": 1040.0,
        "wait_time": 0,
        "Landing_success_rate": 1.0
    },
    {
        "model": 1,
        "sequence": 14,
        "status": 1,
        "fuel": 5945,
        "fault": 0.4858,
        "weapon": 1,
        "pilot_injury": 0.2879,
        "pilot_skill": 0.4928,
        "mission_priority": 0.2999,
        "estimated_landing_time": 1322.0,
        "wait_time": 0,
        "Landing_success_rate": 1.0
    },
    {
        "model": 2,
        "sequence": 3,
        "status": 1,
        "fuel": 6447,
        "fault": 0.7339,
        "weapon": 0,
        "pilot_injury": 0.1644,
        "pilot_skill": 0.1166,
        "mission_priority": 0.5467,
        "estimated_landing_time": 288.0,
        "wait_time": 0,
        "Landing_success_rate": 1.0
    },
    {
        "model": 2,
        "sequence": 1,
        "status": 1,
        "fuel": 6124,
        "fault": 0.0452,
        "weapon": 1,
        "pilot_injury": 0.733,
        "pilot_skill": 0.6587,
        "mission_priority": 0.9316,
        "estimated_landing_time": 100.0,
        "wait_time": 0,
        "Landing_success_rate": 1.0
    },
    {
        "model": 2,
        "sequence": 9,
        "status": 1,
        "fuel": 6238,
        "fault": 0.5666,
        "weapon": 0,
        "pilot_injury": 0.6997,
        "pilot_skill": 0.4109,
        "mission_priority": 0.5606,
        "estimated_landing_time": 852.0,
        "wait_time": 0,
        "Landing_success_rate": 1.0
    },
    {
        "model": 2,
        "sequence": 24,
        "status": 1,
        "fuel": 6703,
        "fault": 0.0108,
        "weapon": 0,
        "pilot_injury": 0.2539,
        "pilot_skill": 0.78,
        "mission_priority": 0.0987,
        "estimated_landing_time": 2262.0,
        "wait_time": 0,
        "Landing_success_rate": 1.0
    },
    {
        "model": 2,
        "sequence": 13,
        "status": 1,
        "fuel": 7216,
        "fault": 0.464,
        "weapon": 1,
        "pilot_injury": 0.0922,
        "pilot_skill": 0.5851,
        "mission_priority": 0.2263,
        "estimated_landing_time": 1228.0,
        "wait_time": 0,
        "Landing_success_rate": 1.0
    },
    {
        "model": 0,
        "sequence": 5,
        "status": 1,
        "fuel": 7094,
        "fault": 0.5948,
        "weapon": 0,
        "pilot_injury": 0.6997,
        "pilot_skill": 0.6169,
        "mission_priority": 0.8635,
        "estimated_landing_time": 476.0,
        "wait_time": 0,
        "Landing_success_rate": 1.0
    },
    {
        "model": 0,
        "sequence": 22,
        "status": 1,
        "fuel": 5607,
        "fault": 0.1033,
        "weapon": 1,
        "pilot_injury": 0.7895,
        "pilot_skill": 0.7482,
        "mission_priority": 0.5613,
        "estimated_landing_time": 2074.0,
        "wait_time": 0,
        "Landing_success_rate": 1.0
    },
    {
        "model": 1,
        "sequence": 18,
        "status": 1,
        "fuel": 6392,
        "fault": 0.8187,
        "weapon": 1,
        "pilot_injury": 0.7936,
        "pilot_skill": 0.0318,
        "mission_priority": 0.7821,
        "estimated_landing_time": 1698.0,
        "wait_time": 0,
        "Landing_success_rate": 1.0
    },
    {
        "model": 0,
        "sequence": 6,
        "status": 1,
        "fuel": 7219,
        "fault": 0.3475,
        "weapon": 0,
        "pilot_injury": 0.1157,
        "pilot_skill": 0.0273,
        "mission_priority": 0.5236,
        "estimated_landing_time": 570.0,
        "wait_time": 0,
        "Landing_success_rate": 1.0
    },
    {
        "model": 0,
        "sequence": 23,
        "status": 1,
        "fuel": 5777,
        "fault": 0.2265,
        "weapon": 0,
        "pilot_injury": 0.5744,
        "pilot_skill": 0.1379,
        "mission_priority": 0.6888,
        "estimated_landing_time": 2168.0,
        "wait_time": 0,
        "Landing_success_rate": 1.0
    },
    {
        "model": 0,
        "sequence": 8,
        "status": 1,
        "fuel": 6949,
        "fault": 0.8236,
        "weapon": 0,
        "pilot_injury": 0.0764,
        "pilot_skill": 0.8959,
        "mission_priority": 0.7939,
        "estimated_landing_time": 758.0,
        "wait_time": 0,
        "Landing_success_rate": 1.0
    }
]