[
    {
        "model": 0,
        "sequence": 11,
        "status": 1,
        "fuel": 7027,
        "fault": 0.3253,
        "weapon": 0,
        "pilot_injury": 0.4364,
        "pilot_skill": 0.6668,
        "mission_priority": 0.0943,
        "estimated_landing_time": 1040.0,
        "wait_time": 0,
        "Landing_success_rate": 1.0
    },
    {
        "model": 1,
        "sequence": 10,
        "status": 1,
        "fuel": 6787,
        "fault": 0.249,
        "weapon": 1,
        "pilot_injury": 0.7068,
        "pilot_skill": 0.9673,
        "mission_priority": 0.8267,
        "estimated_landing_time": 946.0,
        "wait_time": 0,
        "Landing_success_rate": 1.0
    },
    {
        "model": 1,
        "sequence": 7,
        "status": 1,
        "fuel": 7175,
        "fault": 0.3266,
        "weapon": 0,
        "pilot_injury": 0.8013,
        "pilot_skill": 0.6743,
        "mission_priority": 0.0057,
        "estimated_landing_time": 664.0,
        "wait_time": 0,
        "Landing_success_rate": 1.0
    },
    {
        "model": 0,
        "sequence": 23,
        "status": 1,
        "fuel": 6358,
        "fault": 0.2415,
        "weapon": 0,
        "pilot_injury": 0.304,
        "pilot_skill": 0.3181,
        "mission_priority": 0.9612,
        "estimated_landing_time": 2168.0,
        "wait_time": 0,
        "Landing_success_rate": 1.0
    },
    {
        "model": 2,
        "sequence": 16,
        "status": 1,
        "fuel": 5958,
        "fault": 0.3604,
        "weapon": 0,
        "pilot_injury": 0.406,
        "pilot_skill": 0.0137,
        "mission_priority": 0.0802,
        "estimated_landing_time": 1510.0,
        "wait_time": 0,
        "Landing_success_rate": 1.0
    },
    {
        "model": 2,
        "sequence": 9,
        "status": 1,
        "fuel": 6000,
        "fault": 0.232,
        "weapon": 1,
        "pilot_injury": 0.0171,
        "pilot_skill": 0.9166,
        "mission_priority": 0.7062,
        "estimated_landing_time": 852.0,
        "wait_time": 0,
        "Landing_success_rate": 1.0
    },
    {
        "model": 1,
        "sequence": 2,
        "status": 1,
        "fuel": 6879,
        "fault": 0.0389,
        "weapon": 0,
        "pilot_injury": 0.5116,
        "pilot_skill": 0.0053,
        "mission_priority": 0.9384,
        "estimated_landing_time": 194.0,
        "wait_time": 0,
        "Landing_success_rate": 1.0
    },
    {
        "model": 2,
        "sequence": 13,
        "status": 1,
        "fuel": 6208,
        "fault": 0.8644,
        "weapon": 1,
        "pilot_injury": 0.3906,
        "pilot_skill": 0.0693,
        "mission_priority": 0.6383,
        "estimated_landing_time": 1228.0,
        "wait_time": 0,
        "Landing_success_rate": 1.0
    },
    {
        "model": 1,
        "sequence": 17,
        "status": 1,
        "fuel": 5518,
        "fault": 0.4423,
        "weapon": 1,
        "pilot_injury": 0.1384,
        "pilot_skill": 0.5788,
        "mission_priority": 0.5695,
        "estimated_landing_time": 1604.0,
        "wait_time": 0,
        "Landing_success_rate": 1.0
    },
    {
        "model": 0,
        "sequence": 19,
        "status": 1,
        "fuel": 6354,
        "fault": 0.9282,
        "weapon": 1,
        "pilot_injury": 0.3715,
        "pilot_skill": 0.6185,
        "mission_priority": 0.6331,
        "estimated_landing_time": 1792.0,
        "wait_time": 0,
        "Landing_success_rate": 1.0
    },
    {
        "model": 0,
        "sequence": 3,
        "status": 1,
        "fuel": 6400,
        "fault": 0.9956,
        "weapon": 1,
        "pilot_injury": 0.4941,
        "pilot_skill": 0.861,
        "mission_priority": 0.4612,
        "estimated_landing_time": 288.0,
        "wait_time": 0,
        "Landing_success_rate": 1.0
    },
    {
        "model": 1,
        "sequence": 24,
        "status": 1,
        "fuel": 7201,
        "fault": 0.5932,
        "weapon": 0,
        "pilot_injury": 0.9492,
        "pilot_skill": 0.8328,
        "mission_priority": 0.3624,
        "estimated_landing_time": 2262.0,
        "wait_time": 0,
        "Landing_success_rate": 1.0
    },
    {
        "model": 0,
        "sequence": 14,
        "status": 1,
        "fuel": 6193,
        "fault": 0.3731,
        "weapon": 0,
        "pilot_injury": 0.925,
        "pilot_skill": 0.6316,
        "mission_priority": 0.0544,
        "estimated_landing_time": 1322.0,
        "wait_time": 0,
        "Landing_success_rate": 1.0
    },
    {
        "model": 0,
        "sequence": 22,
        "status": 1,
        "fuel": 6070,
        "fault": 0.6971,
        "weapon": 0,
        "pilot_injury": 0.0698,
        "pilot_skill": 0.5547,
        "mission_priority": 0.7478,
        "estimated_landing_time": 2074.0,
        "wait_time": 0,
        "Landing_success_rate": 1.0
    },
    {
        "model": 1,
        "sequence": 21,
        "status": 1,
        "fuel": 6338,
        "fault": 0.5993,
        "weapon": 0,
        "pilot_injury": 0.2042,
        "pilot_skill": 0.0423,
        "mission_priority": 0.5797,
        "estimated_landing_time": 1980.0,
        "wait_time": 0,
        "Landing_success_rate": 1.0
    },
    {
        "model": 1,
        "sequence": 18,
        "status": 1,
        "fuel": 6220,
        "fault": 0.8374,
        "weapon": 1,
        "pilot_injury": 0.0606,
        "pilot_skill": 0.6854,
        "mission_priority": 0.025,
        "estimated_landing_time": 1698.0,
        "wait_time": 0,
        "Landing_success_rate": 1.0
    },
    {
        "model": 0,
        "sequence": 8,
        "status": 1,
        "fuel": 6582,
        "fault": 0.6996,
        "weapon": 1,
        "pilot_injury": 0.4549,
        "pilot_skill": 0.6857,
        "mission_priority": 0.9102,
        "estimated_landing_time": 758.0,
        "wait_time": 0,
        "Landing_success_rate": 1.0
    },
    {
        "model": 2,
        "sequence": 1,
        "status": 1,
        "fuel": 6679,
        "fault": 0.4885,
        "weapon": 1,
        "pilot_injury": 0.8816,
        "pilot_skill": 0.5845,
        "mission_priority": 0.8338,
        "estimated_landing_time": 100.0,
        "wait_time": 0,
        "Landing_success_rate": 1.0
    },
    {
        "model": 2,
        "sequence": 12,
        "status": 1,
        "fuel": 7357,
        "fault": 0.9213,
        "weapon": 1,
        "pilot_injury": 0.7406,
        "pilot_skill": 0.0949,
        "mission_priority": 0.5941,
        "estimated_landing_time": 1134.0,
        "wait_time": 0,
        "Landing_success_rate": 1.0
    },
    {
        "model": 1,
        "sequence": 5,
        "status": 1,
        "fuel": 6159,
        "fault": 0.0317,
        "weapon": 1,
        "pilot_injury": 0.2308,
        "pilot_skill": 0.9157,
        "mission_priority": 0.6163,
        "estimated_landing_time": 476.0,
        "wait_time": 0,
        "Landing_success_rate": 1.0
    },
    {
        "model": 1,
        "sequence": 20,
        "status": 1,
        "fuel": 5938,
        "fault": 0.8829,
        "weapon": 1,
        "pilot_injury": 0.5968,
        "pilot_skill": 0.5016,
        "mission_priority": 0.9762,
        "estimated_landing_time": 1886.0,
        "wait_time": 0,
        "Landing_success_rate": 1.0
    },
    {
        "model": 2,
        "sequence": 6,
        "status": 1,
        "fuel": 6451,
        "fault": 0.1967,
        "weapon": 0,
        "pilot_injury": 0.8001,
        "pilot_skill": 0.8846,
        "mission_priority": 0.1252,
        "estimated_landing_time": 570.0,
        "wait_time": 0,
        "Landing_success_rate": 1.0
    },
    {
        "model": 0,
        "sequence": 4,
        "status": 1,
        "fuel": 5678,
        "fault": 0.03,
        "weapon": 1,
        "pilot_injury": 0.6912,
        "pilot_skill": 0.603,
        "mission_priority": 0.619,
        "estimated_landing_time": 382.0,
        "wait_time": 0,
        "Landing_success_rate": 1.0
    },
    {
        "model": 2,
        "sequence": 15,
        "status": 1,
        "fuel": 6730,
        "fault": 0.8474,
        "weapon": 1,
        "pilot_injury": 0.1279,
        "pilot_skill": 0.3475,
        "mission_priority": 0.4354,
        "estimated_landing_time": 1416.0,
        "wait_time": 0,
        "Landing_success_rate": 1.0
    }
]