[
    {
        "model": 1,
        "sequence": 14,
        "status": 1,
        "fuel": 6249,
        "fault": 0.5424,
        "weapon": 1,
        "pilot_injury": 0.4682,
        "pilot_skill": 0.8883,
        "mission_priority": 0.7667,
        "estimated_landing_time": 1322.0,
        "wait_time": 0,
        "Landing_success_rate": 1.0
    },
    {
        "model": 0,
        "sequence": 5,
        "status": 1,
        "fuel": 6162,
        "fault": 0.2369,
        "weapon": 1,
        "pilot_injury": 0.6427,
        "pilot_skill": 0.458,
        "mission_priority": 0.8647,
        "estimated_landing_time": 476.0,
        "wait_time": 0,
        "Landing_success_rate": 1.0
    },
    {
        "model": 0,
        "sequence": 2,
        "status": 1,
        "fuel": 6136,
        "fault": 0.7019,
        "weapon": 1,
        "pilot_injury": 0.0516,
        "pilot_skill": 0.9587,
        "mission_priority": 0.2772,
        "estimated_landing_time": 194.0,
        "wait_time": 0,
        "Landing_success_rate": 1.0
    },
    {
        "model": 2,
        "sequence": 6,
        "status": 1,
        "fuel": 6439,
        "fault": 0.8944,
        "weapon": 0,
        "pilot_injury": 0.1191,
        "pilot_skill": 0.0804,
        "mission_priority": 0.1565,
        "estimated_landing_time": 570.0,
        "wait_time": 0,
        "Landing_success_rate": 1.0
    },
    {
        "model": 2,
        "sequence": 18,
        "status": 1,
        "fuel": 5524,
        "fault": 0.8578,
        "weapon": 1,
        "pilot_injury": 0.7015,
        "pilot_skill": 0.9864,
        "mission_priority": 0.4415,
        "estimated_landing_time": 1698.0,
        "wait_time": 0,
        "Landing_success_rate": 1.0
    },
    {
        "model": 2,
        "sequence": 15,
        "status": 1,
        "fuel": 6686,
        "fault": 0.6451,
        "weapon": 0,
        "pilot_injury": 0.5394,
        "pilot_skill": 0.5177,
        "mission_priority": 0.0088,
        "estimated_landing_time": 1416.0,
        "wait_time": 0,
        "Landing_success_rate": 1.0
    },
    {
        "model": 1,
        "sequence": 8,
        "status": 1,
        "fuel": 5924,
        "fault": 0.7048,
        "weapon": 1,
        "pilot_injury": 0.1016,
        "pilot_skill": 0.7049,
        "mission_priority": 0.2049,
        "estimated_landing_time": 758.0,
        "wait_time": 0,
        "Landing_success_rate": 1.0
    },
    {
        "model": 2,
        "sequence": 9,
        "status": 1,
        "fuel": 6461,
        "fault": 0.3499,
        "weapon": 0,
        "pilot_injury": 0.9759,
        "pilot_skill": 0.9391,
        "mission_priority": 0.2719,
        "estimated_landing_time": 852.0,
        "wait_time": 0,
        "Landing_success_rate": 1.0
    },
    {
        "model": 0,
        "sequence": 21,
        "status": 1,
        "fuel": 6563,
        "fault": 0.8831,
        "weapon": 0,
        "pilot_injury": 0.8062,
        "pilot_skill": 0.8884,
        "mission_priority": 0.8513,
        "estimated_landing_time": 1980.0,
        "wait_time": 0,
        "Landing_success_rate": 1.0
    },
    {
        "model": 1,
        "sequence": 19,
        "status": 1,
        "fuel": 6263,
        "fault": 0.2444,
        "weapon": 1,
        "pilot_injury": 0.0976,
        "pilot_skill": 0.0402,
        "mission_priority": 0.7532,
        "estimated_landing_time": 1792.0,
        "wait_time": 0,
        "Landing_success_rate": 1.0
    },
    {
        "model": 2,
        "sequence": 12,
        "status": 1,
        "fuel": 6850,
        "fault": 0.5132,
        "weapon": 1,
        "pilot_injury": 0.0973,
        "pilot_skill": 0.8556,
        "mission_priority": 0.48,
        "estimated_landing_time": 1134.0,
        "wait_time": 0,
        "Landing_success_rate": 1.0
    },
    {
        "model": 0,
        "sequence": 10,
        "status": 1,
        "fuel": 6899,
        "fault": 0.9553,
        "weapon": 0,
        "pilot_injury": 0.916,
        "pilot_skill": 0.2979,
        "mission_priority": 0.9498,
        "estimated_landing_time": 946.0,
        "wait_time": 0,
        "Landing_success_rate": 1.0
    },
    {
        "model": 0,
        "sequence": 1,
        "status": 1,
        "fuel": 6845,
        "fault": 0.8319,
        "weapon": 0,
        "pilot_injury": 0.4316,
        "pilot_skill": 0.8283,
        "mission_priority": 0.4734,
        "estimated_landing_time": 100.0,
        "wait_time": 0,
        "Landing_success_rate": 1.0
    },
    {
        "model": 1,
        "sequence": 20,
        "status": 1,
        "fuel": 5919,
        "fault": 0.7188,
        "weapon": 0,
        "pilot_injury": 0.2094,
        "pilot_skill": 0.9489,
        "mission_priority": 0.0608,
        "estimated_landing_time": 1886.0,
        "wait_time": 0,
        "Landing_success_rate": 1.0
    },
    {
        "model": 0,
        "sequence": 11,
        "status": 1,
        "fuel": 5678,
        "fault": 0.455,
        "weapon": 1,
        "pilot_injury": 0.5001,
        "pilot_skill": 0.4224,
        "mission_priority": 0.1718,
        "estimated_landing_time": 1040.0,
        "wait_time": 0,
        "Landing_success_rate": 1.0
    },
    {
        "model": 2,
        "sequence": 16,
        "status": 1,
        "fuel": 6338,
        "fault": 0.6988,
        "weapon": 1,
        "pilot_injury": 0.2039,
        "pilot_skill": 0.1871,
        "mission_priority": 0.489,
        "estimated_landing_time": 1510.0,
        "wait_time": 0,
        "Landing_success_rate": 1.0
    },
    {
        "model": 0,
        "sequence": 17,
        "status": 1,
        "fuel": 6259,
        "fault": 0.2473,
        "weapon": 0,
        "pilot_injury": 0.8932,
        "pilot_skill": 0.6365,
        "mission_priority": 0.6893,
        "estimated_landing_time": 1604.0,
        "wait_time": 0,
        "Landing_success_rate": 1.0
    },
    {
        "model": 2,
        "sequence": 13,
        "status": 1,
        "fuel": 7208,
        "fault": 0.5703,
        "weapon": 1,
        "pilot_injury": 0.6893,
        "pilot_skill": 0.0697,
        "mission_priority": 0.8599,
        "estimated_landing_time": 1228.0,
        "wait_time": 0,
        "Landing_success_rate": 1.0
    },
    {
        "model": 2,
        "sequence": 22,
        "status": 1,
        "fuel": 6082,
        "fault": 0.7039,
        "weapon": 0,
        "pilot_injury": 0.768,
        "pilot_skill": 0.0126,
        "mission_priority": 0.2172,
        "estimated_landing_time": 2074.0,
        "wait_time": 0,
        "Landing_success_rate": 1.0
    },
    {
        "model": 1,
        "sequence": 23,
        "status": 1,
        "fuel": 6933,
        "fault": 0.1826,
        "weapon": 1,
        "pilot_injury": 0.7559,
        "pilot_skill": 0.8136,
        "mission_priority": 0.0045,
        "estimated_landing_time": 2168.0,
        "wait_time": 0,
        "Landing_success_rate": 1.0
    },
    {
        "model": 0,
        "sequence": 3,
        "status": 1,
        "fuel": 5932,
        "fault": 0.774,
        "weapon": 0,
        "pilot_injury": 0.1554,
        "pilot_skill": 0.6498,
        "mission_priority": 0.0841,
        "estimated_landing_time": 288.0,
        "wait_time": 0,
        "Landing_success_rate": 1.0
    },
    {
        "model": 1,
        "sequence": 4,
        "status": 1,
        "fuel": 7307,
        "fault": 0.434,
        "weapon": 0,
        "pilot_injury": 0.6536,
        "pilot_skill": 0.1459,
        "mission_priority": 0.1852,
        "estimated_landing_time": 382.0,
        "wait_time": 0,
        "Landing_success_rate": 1.0
    },
    {
        "model": 1,
        "sequence": 24,
        "status": 1,
        "fuel": 5701,
        "fault": 0.8854,
        "weapon": 0,
        "pilot_injury": 0.2266,
        "pilot_skill": 0.3951,
        "mission_priority": 0.6538,
        "estimated_landing_time": 2262.0,
        "wait_time": 0,
        "Landing_success_rate": 1.0
    },
    {
        "model": 1,
        "sequence": 7,
        "status": 1,
        "fuel": 5977,
        "fault": 0.7241,
        "weapon": 0,
        "pilot_injury": 0.7193,
        "pilot_skill": 0.1265,
        "mission_priority": 0.0488,
        "estimated_landing_time": 664.0,
        "wait_time": 0,
        "Landing_success_rate": 1.0
    }
]