[
    {
        "model": 1,
        "sequence": 7,
        "status": 1,
        "fuel": 7428,
        "fault": 0.4241,
        "weapon": 0,
        "pilot_injury": 0.1042,
        "pilot_skill": 0.8404,
        "mission_priority": 0.9107,
        "estimated_landing_time": 664.0,
        "wait_time": 0,
        "Landing_success_rate": 1.0
    },
    {
        "model": 0,
        "sequence": 24,
        "status": 1,
        "fuel": 7292,
        "fault": 0.1132,
        "weapon": 0,
        "pilot_injury": 0.1655,
        "pilot_skill": 0.1863,
        "mission_priority": 0.8375,
        "estimated_landing_time": 2262.0,
        "wait_time": 0,
        "Landing_success_rate": 1.0
    },
    {
        "model": 2,
        "sequence": 3,
        "status": 1,
        "fuel": 6524,
        "fault": 0.8699,
        "weapon": 0,
        "pilot_injury": 0.2274,
        "pilot_skill": 0.6079,
        "mission_priority": 0.3793,
        "estimated_landing_time": 288.0,
        "wait_time": 0,
        "Landing_success_rate": 1.0
    },
    {
        "model": 2,
        "sequence": 16,
        "status": 1,
        "fuel": 6832,
        "fault": 0.3352,
        "weapon": 1,
        "pilot_injury": 0.7878,
        "pilot_skill": 0.6037,
        "mission_priority": 0.1143,
        "estimated_landing_time": 1510.0,
        "wait_time": 0,
        "Landing_success_rate": 1.0
    },
    {
        "model": 0,
        "sequence": 18,
        "status": 1,
        "fuel": 5743,
        "fault": 0.5374,
        "weapon": 0,
        "pilot_injury": 0.923,
        "pilot_skill": 0.4657,
        "mission_priority": 0.4808,
        "estimated_landing_time": 1698.0,
        "wait_time": 0,
        "Landing_success_rate": 1.0
    },
    {
        "model": 2,
        "sequence": 22,
        "status": 1,
        "fuel": 5846,
        "fault": 0.4522,
        "weapon": 0,
        "pilot_injury": 0.0328,
        "pilot_skill": 0.9127,
        "mission_priority": 0.2482,
        "estimated_landing_time": 2074.0,
        "wait_time": 0,
        "Landing_success_rate": 1.0
    },
    {
        "model": 0,
        "sequence": 19,
        "status": 1,
        "fuel": 5524,
        "fault": 0.4984,
        "weapon": 1,
        "pilot_injury": 0.0339,
        "pilot_skill": 0.3115,
        "mission_priority": 0.7805,
        "estimated_landing_time": 1792.0,
        "wait_time": 0,
        "Landing_success_rate": 1.0
    },
    {
        "model": 0,
        "sequence": 5,
        "status": 1,
        "fuel": 6502,
        "fault": 0.6323,
        "weapon": 1,
        "pilot_injury": 0.2127,
        "pilot_skill": 0.5152,
        "mission_priority": 0.9755,
        "estimated_landing_time": 476.0,
        "wait_time": 0,
        "Landing_success_rate": 1.0
    },
    {
        "model": 0,
        "sequence": 10,
        "status": 1,
        "fuel": 6884,
        "fault": 0.1487,
        "weapon": 1,
        "pilot_injury": 0.8606,
        "pilot_skill": 0.5351,
        "mission_priority": 0.1845,
        "estimated_landing_time": 946.0,
        "wait_time": 0,
        "Landing_success_rate": 1.0
    },
    {
        "model": 2,
        "sequence": 4,
        "status": 1,
        "fuel": 5826,
        "fault": 0.5954,
        "weapon": 0,
        "pilot_injury": 0.3973,
        "pilot_skill": 0.4268,
        "mission_priority": 0.7998,
        "estimated_landing_time": 382.0,
        "wait_time": 0,
        "Landing_success_rate": 1.0
    },
    {
        "model": 0,
        "sequence": 20,
        "status": 1,
        "fuel": 6841,
        "fault": 0.2051,
        "weapon": 0,
        "pilot_injury": 0.625,
        "pilot_skill": 0.3777,
        "mission_priority": 0.8366,
        "estimated_landing_time": 1886.0,
        "wait_time": 0,
        "Landing_success_rate": 1.0
    },
    {
        "model": 1,
        "sequence": 17,
        "status": 1,
        "fuel": 6542,
        "fault": 0.0657,
        "weapon": 1,
        "pilot_injury": 0.7141,
        "pilot_skill": 0.5276,
        "mission_priority": 0.5345,
        "estimated_landing_time": 1604.0,
        "wait_time": 0,
        "Landing_success_rate": 1.0
    },
    {
        "model": 2,
        "sequence": 1,
        "status": 1,
        "fuel": 6636,
        "fault": 0.4008,
        "weapon": 1,
        "pilot_injury": 0.7654,
        "pilot_skill": 0.103,
        "mission_priority": 0.3344,
        "estimated_landing_time": 100.0,
        "wait_time": 0,
        "Landing_success_rate": 1.0
    },
    {
        "model": 2,
        "sequence": 9,
        "status": 1,
        "fuel": 5554,
        "fault": 0.9461,
        "weapon": 1,
        "pilot_injury": 0.2723,
        "pilot_skill": 0.8974,
        "mission_priority": 0.5266,
        "estimated_landing_time": 852.0,
        "wait_time": 0,
        "Landing_success_rate": 1.0
    },
    {
        "model": 2,
        "sequence": 2,
        "status": 1,
        "fuel": 5586,
        "fault": 0.9789,
        "weapon": 1,
        "pilot_injury": 0.716,
        "pilot_skill": 0.6589,
        "mission_priority": 0.0271,
        "estimated_landing_time": 194.0,
        "wait_time": 0,
        "Landing_success_rate": 1.0
    },
    {
        "model": 2,
        "sequence": 21,
        "status": 1,
        "fuel": 6258,
        "fault": 0.2539,
        "weapon": 0,
        "pilot_injury": 0.6719,
        "pilot_skill": 0.0197,
        "mission_priority": 0.1041,
        "estimated_landing_time": 1980.0,
        "wait_time": 0,
        "Landing_success_rate": 1.0
    },
    {
        "model": 1,
        "sequence": 23,
        "status": 1,
        "fuel": 6762,
        "fault": 0.5694,
        "weapon": 0,
        "pilot_injury": 0.6527,
        "pilot_skill": 0.2382,
        "mission_priority": 0.0994,
        "estimated_landing_time": 2168.0,
        "wait_time": 0,
        "Landing_success_rate": 1.0
    },
    {
        "model": 2,
        "sequence": 13,
        "status": 1,
        "fuel": 5595,
        "fault": 0.9887,
        "weapon": 1,
        "pilot_injury": 0.8557,
        "pilot_skill": 0.8302,
        "mission_priority": 0.3972,
        "estimated_landing_time": 1228.0,
        "wait_time": 0,
        "Landing_success_rate": 1.0
    },
    {
        "model": 2,
        "sequence": 12,
        "status": 1,
        "fuel": 5664,
        "fault": 0.1411,
        "weapon": 1,
        "pilot_injury": 0.2931,
        "pilot_skill": 0.8963,
        "mission_priority": 0.013,
        "estimated_landing_time": 1134.0,
        "wait_time": 0,
        "Landing_success_rate": 1.0
    },
    {
        "model": 0,
        "sequence": 11,
        "status": 1,
        "fuel": 6274,
        "fault": 0.7359,
        "weapon": 0,
        "pilot_injury": 0.0265,
        "pilot_skill": 0.1814,
        "mission_priority": 0.583,
        "estimated_landing_time": 1040.0,
        "wait_time": 0,
        "Landing_success_rate": 1.0
    },
    {
        "model": 2,
        "sequence": 14,
        "status": 1,
        "fuel": 6199,
        "fault": 0.7039,
        "weapon": 0,
        "pilot_injury": 0.8174,
        "pilot_skill": 0.3418,
        "mission_priority": 0.2594,
        "estimated_landing_time": 1322.0,
        "wait_time": 0,
        "Landing_success_rate": 1.0
    },
    {
        "model": 1,
        "sequence": 15,
        "status": 1,
        "fuel": 6909,
        "fault": 0.3631,
        "weapon": 0,
        "pilot_injury": 0.2681,
        "pilot_skill": 0.6241,
        "mission_priority": 0.4094,
        "estimated_landing_time": 1416.0,
        "wait_time": 0,
        "Landing_success_rate": 1.0
    },
    {
        "model": 1,
        "sequence": 8,
        "status": 1,
        "fuel": 7257,
        "fault": 0.3628,
        "weapon": 0,
        "pilot_injury": 0.2945,
        "pilot_skill": 0.9485,
        "mission_priority": 0.7636,
        "estimated_landing_time": 758.0,
        "wait_time": 0,
        "Landing_success_rate": 1.0
    },
    {
        "model": 1,
        "sequence": 6,
        "status": 1,
        "fuel": 6803,
        "fault": 0.1142,
        "weapon": 1,
        "pilot_injury": 0.4874,
        "pilot_skill": 0.8946,
        "mission_priority": 0.7999,
        "estimated_landing_time": 570.0,
        "wait_time": 0,
        "Landing_success_rate": 1.0
    }
]