[
    {
        "model": 2,
        "sequence": 20,
        "status": 1,
        "fuel": 6184,
        "fault": 0.133,
        "weapon": 1,
        "pilot_injury": 0.7302,
        "pilot_skill": 0.5718,
        "mission_priority": 0.4341,
        "estimated_landing_time": 1886.0,
        "wait_time": 0,
        "Landing_success_rate": 1.0
    },
    {
        "model": 0,
        "sequence": 13,
        "status": 1,
        "fuel": 5584,
        "fault": 0.9915,
        "weapon": 0,
        "pilot_injury": 0.3544,
        "pilot_skill": 0.3028,
        "mission_priority": 0.7309,
        "estimated_landing_time": 1228.0,
        "wait_time": 0,
        "Landing_success_rate": 1.0
    },
    {
        "model": 1,
        "sequence": 21,
        "status": 1,
        "fuel": 7398,
        "fault": 0.4184,
        "weapon": 1,
        "pilot_injury": 0.9387,
        "pilot_skill": 0.3499,
        "mission_priority": 0.2438,
        "estimated_landing_time": 1980.0,
        "wait_time": 0,
        "Landing_success_rate": 1.0
    },
    {
        "model": 2,
        "sequence": 16,
        "status": 1,
        "fuel": 7440,
        "fault": 0.4717,
        "weapon": 0,
        "pilot_injury": 0.315,
        "pilot_skill": 0.2246,
        "mission_priority": 0.0692,
        "estimated_landing_time": 1510.0,
        "wait_time": 0,
        "Landing_success_rate": 1.0
    },
    {
        "model": 2,
        "sequence": 24,
        "status": 1,
        "fuel": 6826,
        "fault": 0.0252,
        "weapon": 1,
        "pilot_injury": 0.473,
        "pilot_skill": 0.0433,
        "mission_priority": 0.6993,
        "estimated_landing_time": 2262.0,
        "wait_time": 0,
        "Landing_success_rate": 1.0
    },
    {
        "model": 2,
        "sequence": 9,
        "status": 1,
        "fuel": 6870,
        "fault": 0.695,
        "weapon": 0,
        "pilot_injury": 0.4124,
        "pilot_skill": 0.1958,
        "mission_priority": 0.5132,
        "estimated_landing_time": 852.0,
        "wait_time": 0,
        "Landing_success_rate": 1.0
    },
    {
        "model": 0,
        "sequence": 15,
        "status": 1,
        "fuel": 7336,
        "fault": 0.4882,
        "weapon": 0,
        "pilot_injury": 0.3173,
        "pilot_skill": 0.912,
        "mission_priority": 0.0609,
        "estimated_landing_time": 1416.0,
        "wait_time": 0,
        "Landing_success_rate": 1.0
    },
    {
        "model": 1,
        "sequence": 4,
        "status": 1,
        "fuel": 5527,
        "fault": 0.5137,
        "weapon": 0,
        "pilot_injury": 0.319,
        "pilot_skill": 0.4155,
        "mission_priority": 0.908,
        "estimated_landing_time": 382.0,
        "wait_time": 0,
        "Landing_success_rate": 1.0
    },
    {
        "model": 2,
        "sequence": 7,
        "status": 1,
        "fuel": 6520,
        "fault": 0.7346,
        "weapon": 0,
        "pilot_injury": 0.3187,
        "pilot_skill": 0.1047,
        "mission_priority": 0.1286,
        "estimated_landing_time": 664.0,
        "wait_time": 0,
        "Landing_success_rate": 1.0
    },
    {
        "model": 0,
        "sequence": 6,
        "status": 1,
        "fuel": 7408,
        "fault": 0.4716,
        "weapon": 1,
        "pilot_injury": 0.0309,
        "pilot_skill": 0.7144,
        "mission_priority": 0.3616,
        "estimated_landing_time": 570.0,
        "wait_time": 0,
        "Landing_success_rate": 1.0
    },
    {
        "model": 2,
        "sequence": 8,
        "status": 1,
        "fuel": 5843,
        "fault": 0.5214,
        "weapon": 1,
        "pilot_injury": 0.6421,
        "pilot_skill": 0.2755,
        "mission_priority": 0.4945,
        "estimated_landing_time": 758.0,
        "wait_time": 0,
        "Landing_success_rate": 1.0
    },
    {
        "model": 2,
        "sequence": 14,
        "status": 1,
        "fuel": 6649,
        "fault": 0.5771,
        "weapon": 0,
        "pilot_injury": 0.3161,
        "pilot_skill": 0.627,
        "mission_priority": 0.8084,
        "estimated_landing_time": 1322.0,
        "wait_time": 0,
        "Landing_success_rate": 1.0
    },
    {
        "model": 2,
        "sequence": 2,
        "status": 1,
        "fuel": 6548,
        "fault": 0.7499,
        "weapon": 0,
        "pilot_injury": 0.2557,
        "pilot_skill": 0.3274,
        "mission_priority": 0.1646,
        "estimated_landing_time": 194.0,
        "wait_time": 0,
        "Landing_success_rate": 1.0
    },
    {
        "model": 2,
        "sequence": 3,
        "status": 1,
        "fuel": 7371,
        "fault": 0.1986,
        "weapon": 0,
        "pilot_injury": 0.3847,
        "pilot_skill": 0.436,
        "mission_priority": 0.594,
        "estimated_landing_time": 288.0,
        "wait_time": 0,
        "Landing_success_rate": 1.0
    },
    {
        "model": 2,
        "sequence": 10,
        "status": 1,
        "fuel": 5520,
        "fault": 0.4265,
        "weapon": 1,
        "pilot_injury": 0.8315,
        "pilot_skill": 0.1773,
        "mission_priority": 0.7231,
        "estimated_landing_time": 946.0,
        "wait_time": 0,
        "Landing_success_rate": 1.0
    },
    {
        "model": 0,
        "sequence": 5,
        "status": 1,
        "fuel": 6533,
        "fault": 0.5181,
        "weapon": 1,
        "pilot_injury": 0.579,
        "pilot_skill": 0.0146,
        "mission_priority": 0.3604,
        "estimated_landing_time": 476.0,
        "wait_time": 0,
        "Landing_success_rate": 1.0
    },
    {
        "model": 1,
        "sequence": 17,
        "status": 1,
        "fuel": 5978,
        "fault": 0.0139,
        "weapon": 0,
        "pilot_injury": 0.8635,
        "pilot_skill": 0.3088,
        "mission_priority": 0.2935,
        "estimated_landing_time": 1604.0,
        "wait_time": 0,
        "Landing_success_rate": 1.0
    },
    {
        "model": 1,
        "sequence": 1,
        "status": 1,
        "fuel": 6732,
        "fault": 0.0201,
        "weapon": 0,
        "pilot_injury": 0.5574,
        "pilot_skill": 0.707,
        "mission_priority": 0.6626,
        "estimated_landing_time": 100.0,
        "wait_time": 0,
        "Landing_success_rate": 1.0
    },
    {
        "model": 1,
        "sequence": 12,
        "status": 1,
        "fuel": 5578,
        "fault": 0.663,
        "weapon": 1,
        "pilot_injury": 0.8161,
        "pilot_skill": 0.0189,
        "mission_priority": 0.7359,
        "estimated_landing_time": 1134.0,
        "wait_time": 0,
        "Landing_success_rate": 1.0
    },
    {
        "model": 1,
        "sequence": 18,
        "status": 1,
        "fuel": 6712,
        "fault": 0.2872,
        "weapon": 1,
        "pilot_injury": 0.6385,
        "pilot_skill": 0.3197,
        "mission_priority": 0.0571,
        "estimated_landing_time": 1698.0,
        "wait_time": 0,
        "Landing_success_rate": 1.0
    },
    {
        "model": 0,
        "sequence": 19,
        "status": 1,
        "fuel": 6489,
        "fault": 0.2562,
        "weapon": 0,
        "pilot_injury": 0.9032,
        "pilot_skill": 0.0246,
        "mission_priority": 0.2095,
        "estimated_landing_time": 1792.0,
        "wait_time": 0,
        "Landing_success_rate": 1.0
    },
    {
        "model": 0,
        "sequence": 22,
        "status": 1,
        "fuel": 6152,
        "fault": 0.6749,
        "weapon": 1,
        "pilot_injury": 0.9117,
        "pilot_skill": 0.0403,
        "mission_priority": 0.5122,
        "estimated_landing_time": 2074.0,
        "wait_time": 0,
        "Landing_success_rate": 1.0
    },
    {
        "model": 0,
        "sequence": 23,
        "status": 1,
        "fuel": 7281,
        "fault": 0.4107,
        "weapon": 0,
        "pilot_injury": 0.6204,
        "pilot_skill": 0.8038,
        "mission_priority": 0.0837,
        "estimated_landing_time": 2168.0,
        "wait_time": 0,
        "Landing_success_rate": 1.0
    },
    {
        "model": 2,
        "sequence": 11,
        "status": 1,
        "fuel": 7192,
        "fault": 0.3034,
        "weapon": 0,
        "pilot_injury": 0.8863,
        "pilot_skill": 0.1514,
        "mission_priority": 0.1519,
        "estimated_landing_time": 1040.0,
        "wait_time": 0,
        "Landing_success_rate": 1.0
    }
]