[
    {
        "model": 0,
        "sequence": 9,
        "status": 1,
        "fuel": 6841,
        "fault": 0.9918,
        "weapon": 0,
        "pilot_injury": 0.0001,
        "pilot_skill": 0.9539,
        "mission_priority": 0.8142,
        "estimated_landing_time": 852.0,
        "wait_time": 0,
        "Landing_success_rate": 1.0
    },
    {
        "model": 2,
        "sequence": 15,
        "status": 1,
        "fuel": 5546,
        "fault": 0.4698,
        "weapon": 0,
        "pilot_injury": 0.9339,
        "pilot_skill": 0.8098,
        "mission_priority": 0.8372,
        "estimated_landing_time": 1416.0,
        "wait_time": 0,
        "Landing_success_rate": 1.0
    },
    {
        "model": 0,
        "sequence": 24,
        "status": 1,
        "fuel": 7190,
        "fault": 0.8284,
        "weapon": 1,
        "pilot_injury": 0.9599,
        "pilot_skill": 0.6785,
        "mission_priority": 0.5706,
        "estimated_landing_time": 2262.0,
        "wait_time": 0,
        "Landing_success_rate": 1.0
    },
    {
        "model": 1,
        "sequence": 6,
        "status": 1,
        "fuel": 5850,
        "fault": 0.8768,
        "weapon": 1,
        "pilot_injury": 0.5993,
        "pilot_skill": 0.4763,
        "mission_priority": 0.9328,
        "estimated_landing_time": 570.0,
        "wait_time": 0,
        "Landing_success_rate": 1.0
    },
    {
        "model": 2,
        "sequence": 2,
        "status": 1,
        "fuel": 6000,
        "fault": 0.162,
        "weapon": 0,
        "pilot_injury": 0.687,
        "pilot_skill": 0.7919,
        "mission_priority": 0.583,
        "estimated_landing_time": 194.0,
        "wait_time": 0,
        "Landing_success_rate": 1.0
    },
    {
        "model": 0,
        "sequence": 23,
        "status": 1,
        "fuel": 6848,
        "fault": 0.5549,
        "weapon": 0,
        "pilot_injury": 0.0643,
        "pilot_skill": 0.4024,
        "mission_priority": 0.0235,
        "estimated_landing_time": 2168.0,
        "wait_time": 0,
        "Landing_success_rate": 1.0
    },
    {
        "model": 0,
        "sequence": 12,
        "status": 1,
        "fuel": 7147,
        "fault": 0.3182,
        "weapon": 0,
        "pilot_injury": 0.9108,
        "pilot_skill": 0.8466,
        "mission_priority": 0.1275,
        "estimated_landing_time": 1134.0,
        "wait_time": 0,
        "Landing_success_rate": 1.0
    },
    {
        "model": 0,
        "sequence": 1,
        "status": 1,
        "fuel": 7225,
        "fault": 0.5327,
        "weapon": 1,
        "pilot_injury": 0.5321,
        "pilot_skill": 0.2664,
        "mission_priority": 0.8995,
        "estimated_landing_time": 100.0,
        "wait_time": 0,
        "Landing_success_rate": 1.0
    },
    {
        "model": 0,
        "sequence": 18,
        "status": 1,
        "fuel": 6158,
        "fault": 0.5014,
        "weapon": 0,
        "pilot_injury": 0.8903,
        "pilot_skill": 0.3839,
        "mission_priority": 0.7368,
        "estimated_landing_time": 1698.0,
        "wait_time": 0,
        "Landing_success_rate": 1.0
    },
    {
        "model": 1,
        "sequence": 8,
        "status": 1,
        "fuel": 5861,
        "fault": 0.0985,
        "weapon": 1,
        "pilot_injury": 0.9279,
        "pilot_skill": 0.4541,
        "mission_priority": 0.7345,
        "estimated_landing_time": 758.0,
        "wait_time": 0,
        "Landing_success_rate": 1.0
    },
    {
        "model": 0,
        "sequence": 20,
        "status": 1,
        "fuel": 6118,
        "fault": 0.1541,
        "weapon": 1,
        "pilot_injury": 0.1005,
        "pilot_skill": 0.4962,
        "mission_priority": 0.69,
        "estimated_landing_time": 1886.0,
        "wait_time": 0,
        "Landing_success_rate": 1.0
    },
    {
        "model": 1,
        "sequence": 10,
        "status": 1,
        "fuel": 7275,
        "fault": 0.0148,
        "weapon": 1,
        "pilot_injury": 0.6986,
        "pilot_skill": 0.7039,
        "mission_priority": 0.4925,
        "estimated_landing_time": 946.0,
        "wait_time": 0,
        "Landing_success_rate": 1.0
    },
    {
        "model": 1,
        "sequence": 16,
        "status": 1,
        "fuel": 6157,
        "fault": 0.448,
        "weapon": 0,
        "pilot_injury": 0.4503,
        "pilot_skill": 0.1994,
        "mission_priority": 0.3077,
        "estimated_landing_time": 1510.0,
        "wait_time": 0,
        "Landing_success_rate": 1.0
    },
    {
        "model": 1,
        "sequence": 3,
        "status": 1,
        "fuel": 7267,
        "fault": 0.4018,
        "weapon": 0,
        "pilot_injury": 0.2485,
        "pilot_skill": 0.3042,
        "mission_priority": 0.7708,
        "estimated_landing_time": 288.0,
        "wait_time": 0,
        "Landing_success_rate": 1.0
    },
    {
        "model": 2,
        "sequence": 22,
        "status": 1,
        "fuel": 6638,
        "fault": 0.7574,
        "weapon": 1,
        "pilot_injury": 0.1691,
        "pilot_skill": 0.7749,
        "mission_priority": 0.1297,
        "estimated_landing_time": 2074.0,
        "wait_time": 0,
        "Landing_success_rate": 1.0
    },
    {
        "model": 1,
        "sequence": 19,
        "status": 1,
        "fuel": 6738,
        "fault": 0.7723,
        "weapon": 0,
        "pilot_injury": 0.6874,
        "pilot_skill": 0.6333,
        "mission_priority": 0.8107,
        "estimated_landing_time": 1792.0,
        "wait_time": 0,
        "Landing_success_rate": 1.0
    },
    {
        "model": 0,
        "sequence": 17,
        "status": 1,
        "fuel": 6651,
        "fault": 0.7863,
        "weapon": 1,
        "pilot_injury": 0.2801,
        "pilot_skill": 0.146,
        "mission_priority": 0.2892,
        "estimated_landing_time": 1604.0,
        "wait_time": 0,
        "Landing_success_rate": 1.0
    },
    {
        "model": 2,
        "sequence": 11,
        "status": 1,
        "fuel": 7445,
        "fault": 0.6775,
        "weapon": 0,
        "pilot_injury": 0.6637,
        "pilot_skill": 0.3811,
        "mission_priority": 0.7195,
        "estimated_landing_time": 1040.0,
        "wait_time": 0,
        "Landing_success_rate": 1.0
    },
    {
        "model": 0,
        "sequence": 5,
        "status": 1,
        "fuel": 7140,
        "fault": 0.9765,
        "weapon": 1,
        "pilot_injury": 0.5412,
        "pilot_skill": 0.0237,
        "mission_priority": 0.0798,
        "estimated_landing_time": 476.0,
        "wait_time": 0,
        "Landing_success_rate": 1.0
    },
    {
        "model": 1,
        "sequence": 14,
        "status": 1,
        "fuel": 6872,
        "fault": 0.5134,
        "weapon": 0,
        "pilot_injury": 0.7215,
        "pilot_skill": 0.0881,
        "mission_priority": 0.8463,
        "estimated_landing_time": 1322.0,
        "wait_time": 0,
        "Landing_success_rate": 1.0
    },
    {
        "model": 0,
        "sequence": 7,
        "status": 1,
        "fuel": 5535,
        "fault": 0.6437,
        "weapon": 1,
        "pilot_injury": 0.8203,
        "pilot_skill": 0.4041,
        "mission_priority": 0.2215,
        "estimated_landing_time": 664.0,
        "wait_time": 0,
        "Landing_success_rate": 1.0
    },
    {
        "model": 2,
        "sequence": 4,
        "status": 1,
        "fuel": 7272,
        "fault": 0.969,
        "weapon": 0,
        "pilot_injury": 0.5383,
        "pilot_skill": 0.5651,
        "mission_priority": 0.9487,
        "estimated_landing_time": 382.0,
        "wait_time": 0,
        "Landing_success_rate": 1.0
    },
    {
        "model": 2,
        "sequence": 21,
        "status": 1,
        "fuel": 5940,
        "fault": 0.6299,
        "weapon": 1,
        "pilot_injury": 0.8014,
        "pilot_skill": 0.9434,
        "mission_priority": 0.0985,
        "estimated_landing_time": 1980.0,
        "wait_time": 0,
        "Landing_success_rate": 1.0
    },
    {
        "model": 0,
        "sequence": 13,
        "status": 1,
        "fuel": 7071,
        "fault": 0.7912,
        "weapon": 0,
        "pilot_injury": 0.8465,
        "pilot_skill": 0.5052,
        "mission_priority": 0.748,
        "estimated_landing_time": 1228.0,
        "wait_time": 0,
        "Landing_success_rate": 1.0
    }
]