[
    {
        "model": 1,
        "sequence": 23,
        "status": 1,
        "fuel": 6143,
        "fault": 0.6939,
        "weapon": 0,
        "pilot_injury": 0.8434,
        "pilot_skill": 0.7617,
        "mission_priority": 0.0583,
        "estimated_landing_time": 2168.0,
        "wait_time": 0,
        "Landing_success_rate": 1.0
    },
    {
        "model": 1,
        "sequence": 21,
        "status": 1,
        "fuel": 5670,
        "fault": 0.6042,
        "weapon": 1,
        "pilot_injury": 0.8639,
        "pilot_skill": 0.6512,
        "mission_priority": 0.8563,
        "estimated_landing_time": 1980.0,
        "wait_time": 0,
        "Landing_success_rate": 1.0
    },
    {
        "model": 1,
        "sequence": 24,
        "status": 1,
        "fuel": 5867,
        "fault": 0.5608,
        "weapon": 1,
        "pilot_injury": 0.8764,
        "pilot_skill": 0.2017,
        "mission_priority": 0.0782,
        "estimated_landing_time": 2262.0,
        "wait_time": 0,
        "Landing_success_rate": 1.0
    },
    {
        "model": 0,
        "sequence": 20,
        "status": 1,
        "fuel": 5941,
        "fault": 0.5132,
        "weapon": 0,
        "pilot_injury": 0.1627,
        "pilot_skill": 0.8543,
        "mission_priority": 0.6868,
        "estimated_landing_time": 1886.0,
        "wait_time": 0,
        "Landing_success_rate": 1.0
    },
    {
        "model": 2,
        "sequence": 2,
        "status": 1,
        "fuel": 6422,
        "fault": 0.1135,
        "weapon": 0,
        "pilot_injury": 0.4192,
        "pilot_skill": 0.194,
        "mission_priority": 0.2849,
        "estimated_landing_time": 194.0,
        "wait_time": 0,
        "Landing_success_rate": 1.0
    },
    {
        "model": 2,
        "sequence": 15,
        "status": 1,
        "fuel": 6990,
        "fault": 0.8027,
        "weapon": 1,
        "pilot_injury": 0.8056,
        "pilot_skill": 0.7914,
        "mission_priority": 0.5814,
        "estimated_landing_time": 1416.0,
        "wait_time": 0,
        "Landing_success_rate": 1.0
    },
    {
        "model": 0,
        "sequence": 4,
        "status": 1,
        "fuel": 7211,
        "fault": 0.6327,
        "weapon": 1,
        "pilot_injury": 0.0501,
        "pilot_skill": 0.8736,
        "mission_priority": 0.0756,
        "estimated_landing_time": 382.0,
        "wait_time": 0,
        "Landing_success_rate": 1.0
    },
    {
        "model": 1,
        "sequence": 12,
        "status": 1,
        "fuel": 5781,
        "fault": 0.5641,
        "weapon": 0,
        "pilot_injury": 0.4094,
        "pilot_skill": 0.8763,
        "mission_priority": 0.298,
        "estimated_landing_time": 1134.0,
        "wait_time": 0,
        "Landing_success_rate": 1.0
    },
    {
        "model": 2,
        "sequence": 10,
        "status": 1,
        "fuel": 5548,
        "fault": 0.1783,
        "weapon": 0,
        "pilot_injury": 0.5781,
        "pilot_skill": 0.3759,
        "mission_priority": 0.5349,
        "estimated_landing_time": 946.0,
        "wait_time": 0,
        "Landing_success_rate": 1.0
    },
    {
        "model": 0,
        "sequence": 5,
        "status": 1,
        "fuel": 6511,
        "fault": 0.8791,
        "weapon": 1,
        "pilot_injury": 0.266,
        "pilot_skill": 0.4621,
        "mission_priority": 0.5491,
        "estimated_landing_time": 476.0,
        "wait_time": 0,
        "Landing_success_rate": 1.0
    },
    {
        "model": 0,
        "sequence": 9,
        "status": 1,
        "fuel": 5680,
        "fault": 0.58,
        "weapon": 0,
        "pilot_injury": 0.2354,
        "pilot_skill": 0.727,
        "mission_priority": 0.378,
        "estimated_landing_time": 852.0,
        "wait_time": 0,
        "Landing_success_rate": 1.0
    },
    {
        "model": 1,
        "sequence": 13,
        "status": 1,
        "fuel": 5748,
        "fault": 0.7642,
        "weapon": 1,
        "pilot_injury": 0.4606,
        "pilot_skill": 0.4883,
        "mission_priority": 0.0226,
        "estimated_landing_time": 1228.0,
        "wait_time": 0,
        "Landing_success_rate": 1.0
    },
    {
        "model": 0,
        "sequence": 11,
        "status": 1,
        "fuel": 5925,
        "fault": 0.1804,
        "weapon": 0,
        "pilot_injury": 0.5599,
        "pilot_skill": 0.3009,
        "mission_priority": 0.1671,
        "estimated_landing_time": 1040.0,
        "wait_time": 0,
        "Landing_success_rate": 1.0
    },
    {
        "model": 2,
        "sequence": 1,
        "status": 1,
        "fuel": 5969,
        "fault": 0.096,
        "weapon": 0,
        "pilot_injury": 0.5348,
        "pilot_skill": 0.1988,
        "mission_priority": 0.5084,
        "estimated_landing_time": 100.0,
        "wait_time": 0,
        "Landing_success_rate": 1.0
    },
    {
        "model": 2,
        "sequence": 8,
        "status": 1,
        "fuel": 6868,
        "fault": 0.7017,
        "weapon": 1,
        "pilot_injury": 0.7539,
        "pilot_skill": 0.1104,
        "mission_priority": 0.4678,
        "estimated_landing_time": 758.0,
        "wait_time": 0,
        "Landing_success_rate": 1.0
    },
    {
        "model": 0,
        "sequence": 19,
        "status": 1,
        "fuel": 7000,
        "fault": 0.6414,
        "weapon": 1,
        "pilot_injury": 0.2644,
        "pilot_skill": 0.5276,
        "mission_priority": 0.5175,
        "estimated_landing_time": 1792.0,
        "wait_time": 0,
        "Landing_success_rate": 1.0
    },
    {
        "model": 2,
        "sequence": 14,
        "status": 1,
        "fuel": 6656,
        "fault": 0.2131,
        "weapon": 1,
        "pilot_injury": 0.583,
        "pilot_skill": 0.4017,
        "mission_priority": 0.9491,
        "estimated_landing_time": 1322.0,
        "wait_time": 0,
        "Landing_success_rate": 1.0
    },
    {
        "model": 0,
        "sequence": 7,
        "status": 1,
        "fuel": 5815,
        "fault": 0.2854,
        "weapon": 1,
        "pilot_injury": 0.5587,
        "pilot_skill": 0.0595,
        "mission_priority": 0.2733,
        "estimated_landing_time": 664.0,
        "wait_time": 0,
        "Landing_success_rate": 1.0
    },
    {
        "model": 2,
        "sequence": 6,
        "status": 1,
        "fuel": 5943,
        "fault": 0.1889,
        "weapon": 0,
        "pilot_injury": 0.6617,
        "pilot_skill": 0.9995,
        "mission_priority": 0.2631,
        "estimated_landing_time": 570.0,
        "wait_time": 0,
        "Landing_success_rate": 1.0
    },
    {
        "model": 1,
        "sequence": 16,
        "status": 1,
        "fuel": 5841,
        "fault": 0.7256,
        "weapon": 1,
        "pilot_injury": 0.1646,
        "pilot_skill": 0.1487,
        "mission_priority": 0.4563,
        "estimated_landing_time": 1510.0,
        "wait_time": 0,
        "Landing_success_rate": 1.0
    },
    {
        "model": 2,
        "sequence": 17,
        "status": 1,
        "fuel": 6529,
        "fault": 0.1045,
        "weapon": 1,
        "pilot_injury": 0.0695,
        "pilot_skill": 0.9722,
        "mission_priority": 0.0143,
        "estimated_landing_time": 1604.0,
        "wait_time": 0,
        "Landing_success_rate": 1.0
    },
    {
        "model": 1,
        "sequence": 22,
        "status": 1,
        "fuel": 7079,
        "fault": 0.9706,
        "weapon": 1,
        "pilot_injury": 0.1347,
        "pilot_skill": 0.1509,
        "mission_priority": 0.7927,
        "estimated_landing_time": 2074.0,
        "wait_time": 0,
        "Landing_success_rate": 1.0
    },
    {
        "model": 1,
        "sequence": 3,
        "status": 1,
        "fuel": 6275,
        "fault": 0.6262,
        "weapon": 1,
        "pilot_injury": 0.438,
        "pilot_skill": 0.355,
        "mission_priority": 0.0725,
        "estimated_landing_time": 288.0,
        "wait_time": 0,
        "Landing_success_rate": 1.0
    },
    {
        "model": 0,
        "sequence": 18,
        "status": 1,
        "fuel": 6789,
        "fault": 0.3802,
        "weapon": 0,
        "pilot_injury": 0.3049,
        "pilot_skill": 0.9902,
        "mission_priority": 0.0759,
        "estimated_landing_time": 1698.0,
        "wait_time": 0,
        "Landing_success_rate": 1.0
    }
]