[
    {
        "model": 1,
        "sequence": 15,
        "status": 1,
        "fuel": 6558,
        "fault": 0.6021,
        "weapon": 0,
        "pilot_injury": 0.1306,
        "pilot_skill": 0.6399,
        "mission_priority": 0.7722,
        "estimated_landing_time": 1416.0,
        "wait_time": 0,
        "Landing_success_rate": 1.0
    },
    {
        "model": 1,
        "sequence": 6,
        "status": 1,
        "fuel": 6892,
        "fault": 0.5791,
        "weapon": 0,
        "pilot_injury": 0.6845,
        "pilot_skill": 0.0191,
        "mission_priority": 0.7069,
        "estimated_landing_time": 570.0,
        "wait_time": 0,
        "Landing_success_rate": 1.0
    },
    {
        "model": 2,
        "sequence": 13,
        "status": 1,
        "fuel": 6766,
        "fault": 0.4426,
        "weapon": 0,
        "pilot_injury": 0.7661,
        "pilot_skill": 0.0683,
        "mission_priority": 0.8264,
        "estimated_landing_time": 1228.0,
        "wait_time": 0,
        "Landing_success_rate": 1.0
    },
    {
        "model": 1,
        "sequence": 16,
        "status": 1,
        "fuel": 6396,
        "fault": 0.1403,
        "weapon": 0,
        "pilot_injury": 0.9237,
        "pilot_skill": 0.3398,
        "mission_priority": 0.5029,
        "estimated_landing_time": 1510.0,
        "wait_time": 0,
        "Landing_success_rate": 1.0
    },
    {
        "model": 1,
        "sequence": 3,
        "status": 1,
        "fuel": 7381,
        "fault": 0.3127,
        "weapon": 0,
        "pilot_injury": 0.5903,
        "pilot_skill": 0.743,
        "mission_priority": 0.9169,
        "estimated_landing_time": 288.0,
        "wait_time": 0,
        "Landing_success_rate": 1.0
    },
    {
        "model": 2,
        "sequence": 19,
        "status": 1,
        "fuel": 6277,
        "fault": 0.1699,
        "weapon": 1,
        "pilot_injury": 0.719,
        "pilot_skill": 0.8008,
        "mission_priority": 0.4935,
        "estimated_landing_time": 1792.0,
        "wait_time": 0,
        "Landing_success_rate": 1.0
    },
    {
        "model": 1,
        "sequence": 11,
        "status": 1,
        "fuel": 5782,
        "fault": 0.9463,
        "weapon": 1,
        "pilot_injury": 0.8425,
        "pilot_skill": 0.5966,
        "mission_priority": 0.7245,
        "estimated_landing_time": 1040.0,
        "wait_time": 0,
        "Landing_success_rate": 1.0
    },
    {
        "model": 2,
        "sequence": 17,
        "status": 1,
        "fuel": 5925,
        "fault": 0.0044,
        "weapon": 1,
        "pilot_injury": 0.4041,
        "pilot_skill": 0.6536,
        "mission_priority": 0.0189,
        "estimated_landing_time": 1604.0,
        "wait_time": 0,
        "Landing_success_rate": 1.0
    },
    {
        "model": 1,
        "sequence": 12,
        "status": 1,
        "fuel": 7250,
        "fault": 0.1105,
        "weapon": 0,
        "pilot_injury": 0.968,
        "pilot_skill": 0.3201,
        "mission_priority": 0.0372,
        "estimated_landing_time": 1134.0,
        "wait_time": 0,
        "Landing_success_rate": 1.0
    },
    {
        "model": 0,
        "sequence": 7,
        "status": 1,
        "fuel": 5733,
        "fault": 0.4289,
        "weapon": 0,
        "pilot_injury": 0.1924,
        "pilot_skill": 0.7525,
        "mission_priority": 0.9371,
        "estimated_landing_time": 664.0,
        "wait_time": 0,
        "Landing_success_rate": 1.0
    },
    {
        "model": 0,
        "sequence": 5,
        "status": 1,
        "fuel": 5537,
        "fault": 0.4197,
        "weapon": 1,
        "pilot_injury": 0.2539,
        "pilot_skill": 0.1391,
        "mission_priority": 0.219,
        "estimated_landing_time": 476.0,
        "wait_time": 0,
        "Landing_success_rate": 1.0
    },
    {
        "model": 1,
        "sequence": 18,
        "status": 1,
        "fuel": 7499,
        "fault": 0.2419,
        "weapon": 1,
        "pilot_injury": 0.4342,
        "pilot_skill": 0.1352,
        "mission_priority": 0.2727,
        "estimated_landing_time": 1698.0,
        "wait_time": 0,
        "Landing_success_rate": 1.0
    },
    {
        "model": 0,
        "sequence": 24,
        "status": 1,
        "fuel": 7177,
        "fault": 0.7443,
        "weapon": 0,
        "pilot_injury": 0.708,
        "pilot_skill": 0.8685,
        "mission_priority": 0.3835,
        "estimated_landing_time": 2262.0,
        "wait_time": 0,
        "Landing_success_rate": 1.0
    },
    {
        "model": 2,
        "sequence": 10,
        "status": 1,
        "fuel": 6454,
        "fault": 0.7555,
        "weapon": 1,
        "pilot_injury": 0.0185,
        "pilot_skill": 0.7247,
        "mission_priority": 0.3498,
        "estimated_landing_time": 946.0,
        "wait_time": 0,
        "Landing_success_rate": 1.0
    },
    {
        "model": 1,
        "sequence": 9,
        "status": 1,
        "fuel": 6840,
        "fault": 0.0444,
        "weapon": 1,
        "pilot_injury": 0.4362,
        "pilot_skill": 0.9808,
        "mission_priority": 0.3563,
        "estimated_landing_time": 852.0,
        "wait_time": 0,
        "Landing_success_rate": 1.0
    },
    {
        "model": 2,
        "sequence": 20,
        "status": 1,
        "fuel": 7344,
        "fault": 0.1698,
        "weapon": 0,
        "pilot_injury": 0.9906,
        "pilot_skill": 0.4451,
        "mission_priority": 0.6341,
        "estimated_landing_time": 1886.0,
        "wait_time": 0,
        "Landing_success_rate": 1.0
    },
    {
        "model": 0,
        "sequence": 21,
        "status": 1,
        "fuel": 6738,
        "fault": 0.7636,
        "weapon": 0,
        "pilot_injury": 0.2692,
        "pilot_skill": 0.4486,
        "mission_priority": 0.8831,
        "estimated_landing_time": 1980.0,
        "wait_time": 0,
        "Landing_success_rate": 1.0
    },
    {
        "model": 2,
        "sequence": 8,
        "status": 1,
        "fuel": 5794,
        "fault": 0.4526,
        "weapon": 1,
        "pilot_injury": 0.8348,
        "pilot_skill": 0.0533,
        "mission_priority": 0.8476,
        "estimated_landing_time": 758.0,
        "wait_time": 0,
        "Landing_success_rate": 1.0
    },
    {
        "model": 0,
        "sequence": 23,
        "status": 1,
        "fuel": 7221,
        "fault": 0.1919,
        "weapon": 1,
        "pilot_injury": 0.89,
        "pilot_skill": 0.8453,
        "mission_priority": 0.2969,
        "estimated_landing_time": 2168.0,
        "wait_time": 0,
        "Landing_success_rate": 1.0
    },
    {
        "model": 0,
        "sequence": 22,
        "status": 1,
        "fuel": 6421,
        "fault": 0.4167,
        "weapon": 1,
        "pilot_injury": 0.8228,
        "pilot_skill": 0.6755,
        "mission_priority": 0.0879,
        "estimated_landing_time": 2074.0,
        "wait_time": 0,
        "Landing_success_rate": 1.0
    },
    {
        "model": 0,
        "sequence": 14,
        "status": 1,
        "fuel": 7446,
        "fault": 0.9255,
        "weapon": 0,
        "pilot_injury": 0.5946,
        "pilot_skill": 0.2909,
        "mission_priority": 0.2665,
        "estimated_landing_time": 1322.0,
        "wait_time": 0,
        "Landing_success_rate": 1.0
    },
    {
        "model": 2,
        "sequence": 4,
        "status": 1,
        "fuel": 5584,
        "fault": 0.2601,
        "weapon": 1,
        "pilot_injury": 0.4463,
        "pilot_skill": 0.6948,
        "mission_priority": 0.0796,
        "estimated_landing_time": 382.0,
        "wait_time": 0,
        "Landing_success_rate": 1.0
    },
    {
        "model": 0,
        "sequence": 2,
        "status": 1,
        "fuel": 6179,
        "fault": 0.1002,
        "weapon": 1,
        "pilot_injury": 0.6842,
        "pilot_skill": 0.3699,
        "mission_priority": 0.449,
        "estimated_landing_time": 194.0,
        "wait_time": 0,
        "Landing_success_rate": 1.0
    },
    {
        "model": 1,
        "sequence": 1,
        "status": 1,
        "fuel": 7159,
        "fault": 0.6274,
        "weapon": 0,
        "pilot_injury": 0.1306,
        "pilot_skill": 0.963,
        "mission_priority": 0.6348,
        "estimated_landing_time": 100.0,
        "wait_time": 0,
        "Landing_success_rate": 1.0
    }
]