[
    {
        "model": 0,
        "sequence": 24,
        "status": 1,
        "fuel": 5701,
        "fault": 0.0935,
        "weapon": 0,
        "pilot_injury": 0.3764,
        "pilot_skill": 0.6723,
        "mission_priority": 0.7824,
        "estimated_landing_time": 2262.0,
        "wait_time": 0,
        "Landing_success_rate": 1.0
    },
    {
        "model": 1,
        "sequence": 22,
        "status": 1,
        "fuel": 6892,
        "fault": 0.9872,
        "weapon": 0,
        "pilot_injury": 0.2006,
        "pilot_skill": 0.2873,
        "mission_priority": 0.1619,
        "estimated_landing_time": 2074.0,
        "wait_time": 0,
        "Landing_success_rate": 1.0
    },
    {
        "model": 0,
        "sequence": 1,
        "status": 1,
        "fuel": 5993,
        "fault": 0.4786,
        "weapon": 0,
        "pilot_injury": 0.5194,
        "pilot_skill": 0.5627,
        "mission_priority": 0.9449,
        "estimated_landing_time": 100.0,
        "wait_time": 0,
        "Landing_success_rate": 1.0
    },
    {
        "model": 0,
        "sequence": 9,
        "status": 1,
        "fuel": 6263,
        "fault": 0.9175,
        "weapon": 0,
        "pilot_injury": 0.8173,
        "pilot_skill": 0.5602,
        "mission_priority": 0.255,
        "estimated_landing_time": 852.0,
        "wait_time": 0,
        "Landing_success_rate": 1.0
    },
    {
        "model": 1,
        "sequence": 14,
        "status": 1,
        "fuel": 7030,
        "fault": 0.3592,
        "weapon": 1,
        "pilot_injury": 0.3054,
        "pilot_skill": 0.7446,
        "mission_priority": 0.0475,
        "estimated_landing_time": 1322.0,
        "wait_time": 0,
        "Landing_success_rate": 1.0
    },
    {
        "model": 1,
        "sequence": 18,
        "status": 1,
        "fuel": 6614,
        "fault": 0.5789,
        "weapon": 1,
        "pilot_injury": 0.7827,
        "pilot_skill": 0.4553,
        "mission_priority": 0.6981,
        "estimated_landing_time": 1698.0,
        "wait_time": 0,
        "Landing_success_rate": 1.0
    },
    {
        "model": 1,
        "sequence": 17,
        "status": 1,
        "fuel": 6856,
        "fault": 0.6495,
        "weapon": 1,
        "pilot_injury": 0.3981,
        "pilot_skill": 0.58,
        "mission_priority": 0.9481,
        "estimated_landing_time": 1604.0,
        "wait_time": 0,
        "Landing_success_rate": 1.0
    },
    {
        "model": 1,
        "sequence": 16,
        "status": 1,
        "fuel": 5913,
        "fault": 0.5872,
        "weapon": 1,
        "pilot_injury": 0.3289,
        "pilot_skill": 0.5083,
        "mission_priority": 0.024,
        "estimated_landing_time": 1510.0,
        "wait_time": 0,
        "Landing_success_rate": 1.0
    },
    {
        "model": 0,
        "sequence": 6,
        "status": 1,
        "fuel": 7028,
        "fault": 0.9144,
        "weapon": 1,
        "pilot_injury": 0.5539,
        "pilot_skill": 0.4506,
        "mission_priority": 0.2855,
        "estimated_landing_time": 570.0,
        "wait_time": 0,
        "Landing_success_rate": 1.0
    },
    {
        "model": 2,
        "sequence": 12,
        "status": 1,
        "fuel": 6473,
        "fault": 0.2564,
        "weapon": 0,
        "pilot_injury": 0.8356,
        "pilot_skill": 0.9672,
        "mission_priority": 0.4387,
        "estimated_landing_time": 1134.0,
        "wait_time": 0,
        "Landing_success_rate": 1.0
    },
    {
        "model": 0,
        "sequence": 20,
        "status": 1,
        "fuel": 6920,
        "fault": 0.3191,
        "weapon": 1,
        "pilot_injury": 0.4269,
        "pilot_skill": 0.552,
        "mission_priority": 0.2309,
        "estimated_landing_time": 1886.0,
        "wait_time": 0,
        "Landing_success_rate": 1.0
    },
    {
        "model": 1,
        "sequence": 3,
        "status": 1,
        "fuel": 7199,
        "fault": 0.1145,
        "weapon": 0,
        "pilot_injury": 0.809,
        "pilot_skill": 0.7807,
        "mission_priority": 0.215,
        "estimated_landing_time": 288.0,
        "wait_time": 0,
        "Landing_success_rate": 1.0
    },
    {
        "model": 2,
        "sequence": 10,
        "status": 1,
        "fuel": 6575,
        "fault": 0.6719,
        "weapon": 0,
        "pilot_injury": 0.3461,
        "pilot_skill": 0.1726,
        "mission_priority": 0.0026,
        "estimated_landing_time": 946.0,
        "wait_time": 0,
        "Landing_success_rate": 1.0
    },
    {
        "model": 2,
        "sequence": 7,
        "status": 1,
        "fuel": 6508,
        "fault": 0.8651,
        "weapon": 1,
        "pilot_injury": 0.5549,
        "pilot_skill": 0.188,
        "mission_priority": 0.8597,
        "estimated_landing_time": 664.0,
        "wait_time": 0,
        "Landing_success_rate": 1.0
    },
    {
        "model": 0,
        "sequence": 23,
        "status": 1,
        "fuel": 7265,
        "fault": 0.4218,
        "weapon": 1,
        "pilot_injury": 0.4807,
        "pilot_skill": 0.4989,
        "mission_priority": 0.2151,
        "estimated_landing_time": 2168.0,
        "wait_time": 0,
        "Landing_success_rate": 1.0
    },
    {
        "model": 0,
        "sequence": 11,
        "status": 1,
        "fuel": 6047,
        "fault": 0.0736,
        "weapon": 0,
        "pilot_injury": 0.7185,
        "pilot_skill": 0.7701,
        "mission_priority": 0.4623,
        "estimated_landing_time": 1040.0,
        "wait_time": 0,
        "Landing_success_rate": 1.0
    },
    {
        "model": 0,
        "sequence": 21,
        "status": 1,
        "fuel": 5549,
        "fault": 0.7791,
        "weapon": 1,
        "pilot_injury": 0.1383,
        "pilot_skill": 0.9662,
        "mission_priority": 0.821,
        "estimated_landing_time": 1980.0,
        "wait_time": 0,
        "Landing_success_rate": 1.0
    },
    {
        "model": 2,
        "sequence": 15,
        "status": 1,
        "fuel": 7348,
        "fault": 0.5753,
        "weapon": 1,
        "pilot_injury": 0.1257,
        "pilot_skill": 0.1384,
        "mission_priority": 0.7482,
        "estimated_landing_time": 1416.0,
        "wait_time": 0,
        "Landing_success_rate": 1.0
    },
    {
        "model": 2,
        "sequence": 2,
        "status": 1,
        "fuel": 6247,
        "fault": 0.3136,
        "weapon": 0,
        "pilot_injury": 0.7463,
        "pilot_skill": 0.6046,
        "mission_priority": 0.6864,
        "estimated_landing_time": 194.0,
        "wait_time": 0,
        "Landing_success_rate": 1.0
    },
    {
        "model": 2,
        "sequence": 5,
        "status": 1,
        "fuel": 7008,
        "fault": 0.622,
        "weapon": 0,
        "pilot_injury": 0.6378,
        "pilot_skill": 0.0093,
        "mission_priority": 0.033,
        "estimated_landing_time": 476.0,
        "wait_time": 0,
        "Landing_success_rate": 1.0
    },
    {
        "model": 1,
        "sequence": 19,
        "status": 1,
        "fuel": 6695,
        "fault": 0.5177,
        "weapon": 0,
        "pilot_injury": 0.2654,
        "pilot_skill": 0.688,
        "mission_priority": 0.7925,
        "estimated_landing_time": 1792.0,
        "wait_time": 0,
        "Landing_success_rate": 1.0
    },
    {
        "model": 1,
        "sequence": 8,
        "status": 1,
        "fuel": 6010,
        "fault": 0.6424,
        "weapon": 0,
        "pilot_injury": 0.9328,
        "pilot_skill": 0.3452,
        "mission_priority": 0.1065,
        "estimated_landing_time": 758.0,
        "wait_time": 0,
        "Landing_success_rate": 1.0
    },
    {
        "model": 0,
        "sequence": 13,
        "status": 1,
        "fuel": 6750,
        "fault": 0.7796,
        "weapon": 0,
        "pilot_injury": 0.2216,
        "pilot_skill": 0.2695,
        "mission_priority": 0.2427,
        "estimated_landing_time": 1228.0,
        "wait_time": 0,
        "Landing_success_rate": 1.0
    },
    {
        "model": 2,
        "sequence": 4,
        "status": 1,
        "fuel": 5756,
        "fault": 0.0699,
        "weapon": 0,
        "pilot_injury": 0.5755,
        "pilot_skill": 0.9253,
        "mission_priority": 0.1469,
        "estimated_landing_time": 382.0,
        "wait_time": 0,
        "Landing_success_rate": 1.0
    }
]