[
    {
        "model": 1,
        "sequence": 9,
        "status": 1,
        "fuel": 6266,
        "fault": 0.5176,
        "weapon": 0,
        "pilot_injury": 0.9522,
        "pilot_skill": 0.0424,
        "mission_priority": 0.2653,
        "estimated_landing_time": 852.0,
        "wait_time": 0,
        "Landing_success_rate": 1.0
    },
    {
        "model": 1,
        "sequence": 11,
        "status": 1,
        "fuel": 7359,
        "fault": 0.9492,
        "weapon": 0,
        "pilot_injury": 0.7144,
        "pilot_skill": 0.759,
        "mission_priority": 0.1025,
        "estimated_landing_time": 1040.0,
        "wait_time": 0,
        "Landing_success_rate": 1.0
    },
    {
        "model": 0,
        "sequence": 17,
        "status": 1,
        "fuel": 7356,
        "fault": 0.7085,
        "weapon": 0,
        "pilot_injury": 0.3693,
        "pilot_skill": 0.9329,
        "mission_priority": 0.8275,
        "estimated_landing_time": 1604.0,
        "wait_time": 0,
        "Landing_success_rate": 1.0
    },
    {
        "model": 0,
        "sequence": 18,
        "status": 1,
        "fuel": 5603,
        "fault": 0.1802,
        "weapon": 0,
        "pilot_injury": 0.4617,
        "pilot_skill": 0.921,
        "mission_priority": 0.6946,
        "estimated_landing_time": 1698.0,
        "wait_time": 0,
        "Landing_success_rate": 1.0
    },
    {
        "model": 1,
        "sequence": 12,
        "status": 1,
        "fuel": 5666,
        "fault": 0.8505,
        "weapon": 0,
        "pilot_injury": 0.2741,
        "pilot_skill": 0.8071,
        "mission_priority": 0.1952,
        "estimated_landing_time": 1134.0,
        "wait_time": 0,
        "Landing_success_rate": 1.0
    },
    {
        "model": 2,
        "sequence": 2,
        "status": 1,
        "fuel": 6664,
        "fault": 0.2134,
        "weapon": 1,
        "pilot_injury": 0.9785,
        "pilot_skill": 0.8565,
        "mission_priority": 0.7012,
        "estimated_landing_time": 194.0,
        "wait_time": 0,
        "Landing_success_rate": 1.0
    },
    {
        "model": 2,
        "sequence": 3,
        "status": 1,
        "fuel": 6599,
        "fault": 0.6711,
        "weapon": 0,
        "pilot_injury": 0.9471,
        "pilot_skill": 0.4963,
        "mission_priority": 0.3805,
        "estimated_landing_time": 288.0,
        "wait_time": 0,
        "Landing_success_rate": 1.0
    },
    {
        "model": 1,
        "sequence": 10,
        "status": 1,
        "fuel": 7306,
        "fault": 0.5067,
        "weapon": 1,
        "pilot_injury": 0.7344,
        "pilot_skill": 0.3844,
        "mission_priority": 0.0252,
        "estimated_landing_time": 946.0,
        "wait_time": 0,
        "Landing_success_rate": 1.0
    },
    {
        "model": 0,
        "sequence": 1,
        "status": 1,
        "fuel": 7407,
        "fault": 0.1244,
        "weapon": 1,
        "pilot_injury": 0.7037,
        "pilot_skill": 0.9703,
        "mission_priority": 0.4377,
        "estimated_landing_time": 100.0,
        "wait_time": 0,
        "Landing_success_rate": 1.0
    },
    {
        "model": 0,
        "sequence": 22,
        "status": 1,
        "fuel": 7423,
        "fault": 0.559,
        "weapon": 0,
        "pilot_injury": 0.8171,
        "pilot_skill": 0.5464,
        "mission_priority": 0.967,
        "estimated_landing_time": 2074.0,
        "wait_time": 0,
        "Landing_success_rate": 1.0
    },
    {
        "model": 2,
        "sequence": 13,
        "status": 1,
        "fuel": 5838,
        "fault": 0.4296,
        "weapon": 0,
        "pilot_injury": 0.7185,
        "pilot_skill": 0.8626,
        "mission_priority": 0.1793,
        "estimated_landing_time": 1228.0,
        "wait_time": 0,
        "Landing_success_rate": 1.0
    },
    {
        "model": 2,
        "sequence": 21,
        "status": 1,
        "fuel": 7355,
        "fault": 0.7144,
        "weapon": 0,
        "pilot_injury": 0.3966,
        "pilot_skill": 0.1317,
        "mission_priority": 0.8653,
        "estimated_landing_time": 1980.0,
        "wait_time": 0,
        "Landing_success_rate": 1.0
    },
    {
        "model": 1,
        "sequence": 24,
        "status": 1,
        "fuel": 7183,
        "fault": 0.6772,
        "weapon": 1,
        "pilot_injury": 0.29,
        "pilot_skill": 0.8714,
        "mission_priority": 0.6727,
        "estimated_landing_time": 2262.0,
        "wait_time": 0,
        "Landing_success_rate": 1.0
    },
    {
        "model": 2,
        "sequence": 6,
        "status": 1,
        "fuel": 6339,
        "fault": 0.2505,
        "weapon": 1,
        "pilot_injury": 0.9353,
        "pilot_skill": 0.8507,
        "mission_priority": 0.9819,
        "estimated_landing_time": 570.0,
        "wait_time": 0,
        "Landing_success_rate": 1.0
    },
    {
        "model": 1,
        "sequence": 8,
        "status": 1,
        "fuel": 6702,
        "fault": 0.0122,
        "weapon": 1,
        "pilot_injury": 0.1628,
        "pilot_skill": 0.1869,
        "mission_priority": 0.0198,
        "estimated_landing_time": 758.0,
        "wait_time": 0,
        "Landing_success_rate": 1.0
    },
    {
        "model": 2,
        "sequence": 20,
        "status": 1,
        "fuel": 7088,
        "fault": 0.3068,
        "weapon": 0,
        "pilot_injury": 0.4117,
        "pilot_skill": 0.935,
        "mission_priority": 0.4305,
        "estimated_landing_time": 1886.0,
        "wait_time": 0,
        "Landing_success_rate": 1.0
    },
    {
        "model": 2,
        "sequence": 7,
        "status": 1,
        "fuel": 7447,
        "fault": 0.4045,
        "weapon": 1,
        "pilot_injury": 0.2471,
        "pilot_skill": 0.3559,
        "mission_priority": 0.0839,
        "estimated_landing_time": 664.0,
        "wait_time": 0,
        "Landing_success_rate": 1.0
    },
    {
        "model": 2,
        "sequence": 4,
        "status": 1,
        "fuel": 7012,
        "fault": 0.6854,
        "weapon": 0,
        "pilot_injury": 0.0721,
        "pilot_skill": 0.2054,
        "mission_priority": 0.3814,
        "estimated_landing_time": 382.0,
        "wait_time": 0,
        "Landing_success_rate": 1.0
    },
    {
        "model": 0,
        "sequence": 15,
        "status": 1,
        "fuel": 5788,
        "fault": 0.6417,
        "weapon": 1,
        "pilot_injury": 0.7335,
        "pilot_skill": 0.1162,
        "mission_priority": 0.781,
        "estimated_landing_time": 1416.0,
        "wait_time": 0,
        "Landing_success_rate": 1.0
    },
    {
        "model": 0,
        "sequence": 23,
        "status": 1,
        "fuel": 5627,
        "fault": 0.7509,
        "weapon": 1,
        "pilot_injury": 0.9904,
        "pilot_skill": 0.3253,
        "mission_priority": 0.9413,
        "estimated_landing_time": 2168.0,
        "wait_time": 0,
        "Landing_success_rate": 1.0
    },
    {
        "model": 0,
        "sequence": 14,
        "status": 1,
        "fuel": 5860,
        "fault": 0.9804,
        "weapon": 1,
        "pilot_injury": 0.4501,
        "pilot_skill": 0.9771,
        "mission_priority": 0.1031,
        "estimated_landing_time": 1322.0,
        "wait_time": 0,
        "Landing_success_rate": 1.0
    },
    {
        "model": 2,
        "sequence": 19,
        "status": 1,
        "fuel": 7093,
        "fault": 0.1133,
        "weapon": 1,
        "pilot_injury": 0.5555,
        "pilot_skill": 0.1898,
        "mission_priority": 0.5822,
        "estimated_landing_time": 1792.0,
        "wait_time": 0,
        "Landing_success_rate": 1.0
    },
    {
        "model": 1,
        "sequence": 16,
        "status": 1,
        "fuel": 7468,
        "fault": 0.3465,
        "weapon": 1,
        "pilot_injury": 0.074,
        "pilot_skill": 0.6055,
        "mission_priority": 0.5168,
        "estimated_landing_time": 1510.0,
        "wait_time": 0,
        "Landing_success_rate": 1.0
    },
    {
        "model": 1,
        "sequence": 5,
        "status": 1,
        "fuel": 7326,
        "fault": 0.2685,
        "weapon": 1,
        "pilot_injury": 0.5496,
        "pilot_skill": 0.6898,
        "mission_priority": 0.1439,
        "estimated_landing_time": 476.0,
        "wait_time": 0,
        "Landing_success_rate": 1.0
    }
]