[
    {
        "model": 1,
        "sequence": 24,
        "status": 1,
        "fuel": 5888,
        "fault": 0.2184,
        "weapon": 0,
        "pilot_injury": 0.1154,
        "pilot_skill": 0.3464,
        "mission_priority": 0.8991,
        "estimated_landing_time": 2262.0,
        "wait_time": 0,
        "Landing_success_rate": 1.0
    },
    {
        "model": 0,
        "sequence": 4,
        "status": 1,
        "fuel": 6504,
        "fault": 0.8361,
        "weapon": 1,
        "pilot_injury": 0.0231,
        "pilot_skill": 0.5165,
        "mission_priority": 0.4843,
        "estimated_landing_time": 382.0,
        "wait_time": 0,
        "Landing_success_rate": 1.0
    },
    {
        "model": 0,
        "sequence": 9,
        "status": 1,
        "fuel": 6695,
        "fault": 0.8417,
        "weapon": 0,
        "pilot_injury": 0.9866,
        "pilot_skill": 0.272,
        "mission_priority": 0.49,
        "estimated_landing_time": 852.0,
        "wait_time": 0,
        "Landing_success_rate": 1.0
    },
    {
        "model": 2,
        "sequence": 1,
        "status": 1,
        "fuel": 6245,
        "fault": 0.5385,
        "weapon": 0,
        "pilot_injury": 0.2026,
        "pilot_skill": 0.9183,
        "mission_priority": 0.8583,
        "estimated_landing_time": 100.0,
        "wait_time": 0,
        "Landing_success_rate": 1.0
    },
    {
        "model": 0,
        "sequence": 23,
        "status": 1,
        "fuel": 5821,
        "fault": 0.4985,
        "weapon": 1,
        "pilot_injury": 0.2092,
        "pilot_skill": 0.6265,
        "mission_priority": 0.0813,
        "estimated_landing_time": 2168.0,
        "wait_time": 0,
        "Landing_success_rate": 1.0
    },
    {
        "model": 2,
        "sequence": 22,
        "status": 1,
        "fuel": 7405,
        "fault": 0.0367,
        "weapon": 1,
        "pilot_injury": 0.5549,
        "pilot_skill": 0.7797,
        "mission_priority": 0.1168,
        "estimated_landing_time": 2074.0,
        "wait_time": 0,
        "Landing_success_rate": 1.0
    },
    {
        "model": 0,
        "sequence": 15,
        "status": 1,
        "fuel": 6738,
        "fault": 0.5247,
        "weapon": 1,
        "pilot_injury": 0.6828,
        "pilot_skill": 0.3074,
        "mission_priority": 0.5594,
        "estimated_landing_time": 1416.0,
        "wait_time": 0,
        "Landing_success_rate": 1.0
    },
    {
        "model": 2,
        "sequence": 16,
        "status": 1,
        "fuel": 6217,
        "fault": 0.1681,
        "weapon": 0,
        "pilot_injury": 0.0486,
        "pilot_skill": 0.6756,
        "mission_priority": 0.7868,
        "estimated_landing_time": 1510.0,
        "wait_time": 0,
        "Landing_success_rate": 1.0
    },
    {
        "model": 0,
        "sequence": 19,
        "status": 1,
        "fuel": 7458,
        "fault": 0.8294,
        "weapon": 0,
        "pilot_injury": 0.3921,
        "pilot_skill": 0.8441,
        "mission_priority": 0.8069,
        "estimated_landing_time": 1792.0,
        "wait_time": 0,
        "Landing_success_rate": 1.0
    },
    {
        "model": 1,
        "sequence": 21,
        "status": 1,
        "fuel": 6656,
        "fault": 0.3025,
        "weapon": 0,
        "pilot_injury": 0.284,
        "pilot_skill": 0.124,
        "mission_priority": 0.9219,
        "estimated_landing_time": 1980.0,
        "wait_time": 0,
        "Landing_success_rate": 1.0
    },
    {
        "model": 0,
        "sequence": 6,
        "status": 1,
        "fuel": 6851,
        "fault": 0.9945,
        "weapon": 1,
        "pilot_injury": 0.5844,
        "pilot_skill": 0.3696,
        "mission_priority": 0.3525,
        "estimated_landing_time": 570.0,
        "wait_time": 0,
        "Landing_success_rate": 1.0
    },
    {
        "model": 1,
        "sequence": 3,
        "status": 1,
        "fuel": 6588,
        "fault": 0.506,
        "weapon": 1,
        "pilot_injury": 0.2551,
        "pilot_skill": 0.3991,
        "mission_priority": 0.8077,
        "estimated_landing_time": 288.0,
        "wait_time": 0,
        "Landing_success_rate": 1.0
    },
    {
        "model": 0,
        "sequence": 2,
        "status": 1,
        "fuel": 5953,
        "fault": 0.4087,
        "weapon": 0,
        "pilot_injury": 0.7821,
        "pilot_skill": 0.5328,
        "mission_priority": 0.6248,
        "estimated_landing_time": 194.0,
        "wait_time": 0,
        "Landing_success_rate": 1.0
    },
    {
        "model": 0,
        "sequence": 10,
        "status": 1,
        "fuel": 7379,
        "fault": 0.1343,
        "weapon": 1,
        "pilot_injury": 0.0663,
        "pilot_skill": 0.957,
        "mission_priority": 0.7931,
        "estimated_landing_time": 946.0,
        "wait_time": 0,
        "Landing_success_rate": 1.0
    },
    {
        "model": 2,
        "sequence": 5,
        "status": 1,
        "fuel": 6272,
        "fault": 0.6135,
        "weapon": 1,
        "pilot_injury": 0.3455,
        "pilot_skill": 0.3721,
        "mission_priority": 0.6097,
        "estimated_landing_time": 476.0,
        "wait_time": 0,
        "Landing_success_rate": 1.0
    },
    {
        "model": 0,
        "sequence": 8,
        "status": 1,
        "fuel": 5827,
        "fault": 0.8525,
        "weapon": 1,
        "pilot_injury": 0.1529,
        "pilot_skill": 0.108,
        "mission_priority": 0.5349,
        "estimated_landing_time": 758.0,
        "wait_time": 0,
        "Landing_success_rate": 1.0
    },
    {
        "model": 0,
        "sequence": 17,
        "status": 1,
        "fuel": 6893,
        "fault": 0.9693,
        "weapon": 1,
        "pilot_injury": 0.9642,
        "pilot_skill": 0.5733,
        "mission_priority": 0.151,
        "estimated_landing_time": 1604.0,
        "wait_time": 0,
        "Landing_success_rate": 1.0
    },
    {
        "model": 0,
        "sequence": 20,
        "status": 1,
        "fuel": 6146,
        "fault": 0.0185,
        "weapon": 1,
        "pilot_injury": 0.5232,
        "pilot_skill": 0.1881,
        "mission_priority": 0.1028,
        "estimated_landing_time": 1886.0,
        "wait_time": 0,
        "Landing_success_rate": 1.0
    },
    {
        "model": 1,
        "sequence": 11,
        "status": 1,
        "fuel": 6349,
        "fault": 0.8911,
        "weapon": 0,
        "pilot_injury": 0.6559,
        "pilot_skill": 0.9252,
        "mission_priority": 0.2477,
        "estimated_landing_time": 1040.0,
        "wait_time": 0,
        "Landing_success_rate": 1.0
    },
    {
        "model": 2,
        "sequence": 14,
        "status": 1,
        "fuel": 6646,
        "fault": 0.4337,
        "weapon": 0,
        "pilot_injury": 0.902,
        "pilot_skill": 0.9521,
        "mission_priority": 0.8421,
        "estimated_landing_time": 1322.0,
        "wait_time": 0,
        "Landing_success_rate": 1.0
    },
    {
        "model": 2,
        "sequence": 18,
        "status": 1,
        "fuel": 6243,
        "fault": 0.2441,
        "weapon": 1,
        "pilot_injury": 0.4917,
        "pilot_skill": 0.8726,
        "mission_priority": 0.3014,
        "estimated_landing_time": 1698.0,
        "wait_time": 0,
        "Landing_success_rate": 1.0
    },
    {
        "model": 0,
        "sequence": 7,
        "status": 1,
        "fuel": 7487,
        "fault": 0.7719,
        "weapon": 1,
        "pilot_injury": 0.827,
        "pilot_skill": 0.7615,
        "mission_priority": 0.4976,
        "estimated_landing_time": 664.0,
        "wait_time": 0,
        "Landing_success_rate": 1.0
    },
    {
        "model": 0,
        "sequence": 13,
        "status": 1,
        "fuel": 5832,
        "fault": 0.5706,
        "weapon": 0,
        "pilot_injury": 0.0384,
        "pilot_skill": 0.5682,
        "mission_priority": 0.3984,
        "estimated_landing_time": 1228.0,
        "wait_time": 0,
        "Landing_success_rate": 1.0
    },
    {
        "model": 1,
        "sequence": 12,
        "status": 1,
        "fuel": 6094,
        "fault": 0.3532,
        "weapon": 0,
        "pilot_injury": 0.5523,
        "pilot_skill": 0.7124,
        "mission_priority": 0.4845,
        "estimated_landing_time": 1134.0,
        "wait_time": 0,
        "Landing_success_rate": 1.0
    }
]