[
    {
        "model": 2,
        "sequence": 18,
        "status": 1,
        "fuel": 5717,
        "fault": 0.5646,
        "weapon": 1,
        "pilot_injury": 0.6327,
        "pilot_skill": 0.7039,
        "mission_priority": 0.0044,
        "estimated_landing_time": 1698.0,
        "wait_time": 0,
        "Landing_success_rate": 1.0
    },
    {
        "model": 2,
        "sequence": 7,
        "status": 1,
        "fuel": 5522,
        "fault": 0.2542,
        "weapon": 0,
        "pilot_injury": 0.6664,
        "pilot_skill": 0.966,
        "mission_priority": 0.761,
        "estimated_landing_time": 664.0,
        "wait_time": 0,
        "Landing_success_rate": 1.0
    },
    {
        "model": 1,
        "sequence": 13,
        "status": 1,
        "fuel": 7308,
        "fault": 0.6761,
        "weapon": 0,
        "pilot_injury": 0.2981,
        "pilot_skill": 0.1054,
        "mission_priority": 0.7818,
        "estimated_landing_time": 1228.0,
        "wait_time": 0,
        "Landing_success_rate": 1.0
    },
    {
        "model": 1,
        "sequence": 10,
        "status": 1,
        "fuel": 7175,
        "fault": 0.9995,
        "weapon": 0,
        "pilot_injury": 0.3601,
        "pilot_skill": 0.9568,
        "mission_priority": 0.5004,
        "estimated_landing_time": 946.0,
        "wait_time": 0,
        "Landing_success_rate": 1.0
    },
    {
        "model": 1,
        "sequence": 23,
        "status": 1,
        "fuel": 7076,
        "fault": 0.476,
        "weapon": 1,
        "pilot_injury": 0.2089,
        "pilot_skill": 0.3687,
        "mission_priority": 0.3698,
        "estimated_landing_time": 2168.0,
        "wait_time": 0,
        "Landing_success_rate": 1.0
    },
    {
        "model": 1,
        "sequence": 19,
        "status": 1,
        "fuel": 6391,
        "fault": 0.859,
        "weapon": 0,
        "pilot_injury": 0.4165,
        "pilot_skill": 0.8222,
        "mission_priority": 0.8503,
        "estimated_landing_time": 1792.0,
        "wait_time": 0,
        "Landing_success_rate": 1.0
    },
    {
        "model": 2,
        "sequence": 14,
        "status": 1,
        "fuel": 7051,
        "fault": 0.3712,
        "weapon": 1,
        "pilot_injury": 0.4723,
        "pilot_skill": 0.8802,
        "mission_priority": 0.2157,
        "estimated_landing_time": 1322.0,
        "wait_time": 0,
        "Landing_success_rate": 1.0
    },
    {
        "model": 2,
        "sequence": 8,
        "status": 1,
        "fuel": 6120,
        "fault": 0.754,
        "weapon": 0,
        "pilot_injury": 0.2953,
        "pilot_skill": 0.1366,
        "mission_priority": 0.6516,
        "estimated_landing_time": 758.0,
        "wait_time": 0,
        "Landing_success_rate": 1.0
    },
    {
        "model": 0,
        "sequence": 24,
        "status": 1,
        "fuel": 5773,
        "fault": 0.7371,
        "weapon": 1,
        "pilot_injury": 0.6448,
        "pilot_skill": 0.3951,
        "mission_priority": 0.7132,
        "estimated_landing_time": 2262.0,
        "wait_time": 0,
        "Landing_success_rate": 1.0
    },
    {
        "model": 0,
        "sequence": 20,
        "status": 1,
        "fuel": 6961,
        "fault": 0.5792,
        "weapon": 0,
        "pilot_injury": 0.2874,
        "pilot_skill": 0.3678,
        "mission_priority": 0.0581,
        "estimated_landing_time": 1886.0,
        "wait_time": 0,
        "Landing_success_rate": 1.0
    },
    {
        "model": 2,
        "sequence": 16,
        "status": 1,
        "fuel": 5617,
        "fault": 0.782,
        "weapon": 0,
        "pilot_injury": 0.2676,
        "pilot_skill": 0.8355,
        "mission_priority": 0.0147,
        "estimated_landing_time": 1510.0,
        "wait_time": 0,
        "Landing_success_rate": 1.0
    },
    {
        "model": 0,
        "sequence": 3,
        "status": 1,
        "fuel": 7200,
        "fault": 0.9111,
        "weapon": 1,
        "pilot_injury": 0.0193,
        "pilot_skill": 0.1244,
        "mission_priority": 0.4136,
        "estimated_landing_time": 288.0,
        "wait_time": 0,
        "Landing_success_rate": 1.0
    },
    {
        "model": 2,
        "sequence": 17,
        "status": 1,
        "fuel": 7444,
        "fault": 0.7362,
        "weapon": 1,
        "pilot_injury": 0.5309,
        "pilot_skill": 0.5951,
        "mission_priority": 0.0099,
        "estimated_landing_time": 1604.0,
        "wait_time": 0,
        "Landing_success_rate": 1.0
    },
    {
        "model": 0,
        "sequence": 15,
        "status": 1,
        "fuel": 5670,
        "fault": 0.8776,
        "weapon": 1,
        "pilot_injury": 0.519,
        "pilot_skill": 0.6775,
        "mission_priority": 0.3119,
        "estimated_landing_time": 1416.0,
        "wait_time": 0,
        "Landing_success_rate": 1.0
    },
    {
        "model": 1,
        "sequence": 4,
        "status": 1,
        "fuel": 6679,
        "fault": 0.2673,
        "weapon": 0,
        "pilot_injury": 0.5213,
        "pilot_skill": 0.976,
        "mission_priority": 0.1256,
        "estimated_landing_time": 382.0,
        "wait_time": 0,
        "Landing_success_rate": 1.0
    },
    {
        "model": 0,
        "sequence": 22,
        "status": 1,
        "fuel": 7216,
        "fault": 0.0764,
        "weapon": 0,
        "pilot_injury": 0.8072,
        "pilot_skill": 0.1202,
        "mission_priority": 0.2656,
        "estimated_landing_time": 2074.0,
        "wait_time": 0,
        "Landing_success_rate": 1.0
    },
    {
        "model": 1,
        "sequence": 2,
        "status": 1,
        "fuel": 7259,
        "fault": 0.2933,
        "weapon": 0,
        "pilot_injury": 0.739,
        "pilot_skill": 0.2233,
        "mission_priority": 0.6419,
        "estimated_landing_time": 194.0,
        "wait_time": 0,
        "Landing_success_rate": 1.0
    },
    {
        "model": 1,
        "sequence": 9,
        "status": 1,
        "fuel": 5511,
        "fault": 0.0014,
        "weapon": 0,
        "pilot_injury": 0.663,
        "pilot_skill": 0.5484,
        "mission_priority": 0.8793,
        "estimated_landing_time": 852.0,
        "wait_time": 0,
        "Landing_success_rate": 1.0
    },
    {
        "model": 1,
        "sequence": 21,
        "status": 1,
        "fuel": 5806,
        "fault": 0.0236,
        "weapon": 0,
        "pilot_injury": 0.8298,
        "pilot_skill": 0.6061,
        "mission_priority": 0.2911,
        "estimated_landing_time": 1980.0,
        "wait_time": 0,
        "Landing_success_rate": 1.0
    },
    {
        "model": 1,
        "sequence": 1,
        "status": 1,
        "fuel": 6568,
        "fault": 0.398,
        "weapon": 1,
        "pilot_injury": 0.8995,
        "pilot_skill": 0.7101,
        "mission_priority": 0.9374,
        "estimated_landing_time": 100.0,
        "wait_time": 0,
        "Landing_success_rate": 1.0
    },
    {
        "model": 0,
        "sequence": 11,
        "status": 1,
        "fuel": 6749,
        "fault": 0.4841,
        "weapon": 0,
        "pilot_injury": 0.0597,
        "pilot_skill": 0.6716,
        "mission_priority": 0.5822,
        "estimated_landing_time": 1040.0,
        "wait_time": 0,
        "Landing_success_rate": 1.0
    },
    {
        "model": 2,
        "sequence": 12,
        "status": 1,
        "fuel": 6627,
        "fault": 0.9427,
        "weapon": 0,
        "pilot_injury": 0.5307,
        "pilot_skill": 0.651,
        "mission_priority": 0.6446,
        "estimated_landing_time": 1134.0,
        "wait_time": 0,
        "Landing_success_rate": 1.0
    },
    {
        "model": 1,
        "sequence": 5,
        "status": 1,
        "fuel": 7323,
        "fault": 0.0756,
        "weapon": 0,
        "pilot_injury": 0.205,
        "pilot_skill": 0.7256,
        "mission_priority": 0.6197,
        "estimated_landing_time": 476.0,
        "wait_time": 0,
        "Landing_success_rate": 1.0
    },
    {
        "model": 0,
        "sequence": 6,
        "status": 1,
        "fuel": 6964,
        "fault": 0.6224,
        "weapon": 1,
        "pilot_injury": 0.3151,
        "pilot_skill": 0.2762,
        "mission_priority": 0.9817,
        "estimated_landing_time": 570.0,
        "wait_time": 0,
        "Landing_success_rate": 1.0
    }
]