[
    {
        "model": 1,
        "sequence": 2,
        "status": 1,
        "fuel": 6101,
        "fault": 0.9551,
        "weapon": 1,
        "pilot_injury": 0.7214,
        "pilot_skill": 0.8629,
        "mission_priority": 0.0021,
        "estimated_landing_time": 194.0,
        "wait_time": 0,
        "Landing_success_rate": 1.0
    },
    {
        "model": 2,
        "sequence": 18,
        "status": 1,
        "fuel": 7193,
        "fault": 0.2576,
        "weapon": 0,
        "pilot_injury": 0.0406,
        "pilot_skill": 0.8716,
        "mission_priority": 0.2567,
        "estimated_landing_time": 1698.0,
        "wait_time": 0,
        "Landing_success_rate": 1.0
    },
    {
        "model": 0,
        "sequence": 6,
        "status": 1,
        "fuel": 6847,
        "fault": 0.3838,
        "weapon": 0,
        "pilot_injury": 0.6627,
        "pilot_skill": 0.0923,
        "mission_priority": 0.5963,
        "estimated_landing_time": 570.0,
        "wait_time": 0,
        "Landing_success_rate": 1.0
    },
    {
        "model": 1,
        "sequence": 16,
        "status": 1,
        "fuel": 6435,
        "fault": 0.7512,
        "weapon": 0,
        "pilot_injury": 0.4042,
        "pilot_skill": 0.3211,
        "mission_priority": 0.7499,
        "estimated_landing_time": 1510.0,
        "wait_time": 0,
        "Landing_success_rate": 1.0
    },
    {
        "model": 2,
        "sequence": 4,
        "status": 1,
        "fuel": 7293,
        "fault": 0.6686,
        "weapon": 0,
        "pilot_injury": 0.6465,
        "pilot_skill": 0.888,
        "mission_priority": 0.5987,
        "estimated_landing_time": 382.0,
        "wait_time": 0,
        "Landing_success_rate": 1.0
    },
    {
        "model": 0,
        "sequence": 23,
        "status": 1,
        "fuel": 6409,
        "fault": 0.6361,
        "weapon": 1,
        "pilot_injury": 0.1157,
        "pilot_skill": 0.1543,
        "mission_priority": 0.1718,
        "estimated_landing_time": 2168.0,
        "wait_time": 0,
        "Landing_success_rate": 1.0
    },
    {
        "model": 0,
        "sequence": 24,
        "status": 1,
        "fuel": 5953,
        "fault": 0.1206,
        "weapon": 1,
        "pilot_injury": 0.53,
        "pilot_skill": 0.829,
        "mission_priority": 0.9913,
        "estimated_landing_time": 2262.0,
        "wait_time": 0,
        "Landing_success_rate": 1.0
    },
    {
        "model": 0,
        "sequence": 5,
        "status": 1,
        "fuel": 5757,
        "fault": 0.0117,
        "weapon": 1,
        "pilot_injury": 0.5325,
        "pilot_skill": 0.4489,
        "mission_priority": 0.0844,
        "estimated_landing_time": 476.0,
        "wait_time": 0,
        "Landing_success_rate": 1.0
    },
    {
        "model": 1,
        "sequence": 10,
        "status": 1,
        "fuel": 7498,
        "fault": 0.0437,
        "weapon": 0,
        "pilot_injury": 0.808,
        "pilot_skill": 0.2161,
        "mission_priority": 0.4666,
        "estimated_landing_time": 946.0,
        "wait_time": 0,
        "Landing_success_rate": 1.0
    },
    {
        "model": 1,
        "sequence": 12,
        "status": 1,
        "fuel": 6931,
        "fault": 0.6523,
        "weapon": 1,
        "pilot_injury": 0.3874,
        "pilot_skill": 0.8518,
        "mission_priority": 0.4039,
        "estimated_landing_time": 1134.0,
        "wait_time": 0,
        "Landing_success_rate": 1.0
    },
    {
        "model": 2,
        "sequence": 3,
        "status": 1,
        "fuel": 6952,
        "fault": 0.2754,
        "weapon": 0,
        "pilot_injury": 0.8617,
        "pilot_skill": 0.5903,
        "mission_priority": 0.2263,
        "estimated_landing_time": 288.0,
        "wait_time": 0,
        "Landing_success_rate": 1.0
    },
    {
        "model": 1,
        "sequence": 8,
        "status": 1,
        "fuel": 7323,
        "fault": 0.8224,
        "weapon": 1,
        "pilot_injury": 0.5793,
        "pilot_skill": 0.7594,
        "mission_priority": 0.0989,
        "estimated_landing_time": 758.0,
        "wait_time": 0,
        "Landing_success_rate": 1.0
    },
    {
        "model": 1,
        "sequence": 1,
        "status": 1,
        "fuel": 6598,
        "fault": 0.5822,
        "weapon": 1,
        "pilot_injury": 0.3701,
        "pilot_skill": 0.0274,
        "mission_priority": 0.393,
        "estimated_landing_time": 100.0,
        "wait_time": 0,
        "Landing_success_rate": 1.0
    },
    {
        "model": 0,
        "sequence": 17,
        "status": 1,
        "fuel": 7443,
        "fault": 0.3746,
        "weapon": 1,
        "pilot_injury": 0.1656,
        "pilot_skill": 0.6457,
        "mission_priority": 0.0448,
        "estimated_landing_time": 1604.0,
        "wait_time": 0,
        "Landing_success_rate": 1.0
    },
    {
        "model": 0,
        "sequence": 20,
        "status": 1,
        "fuel": 6332,
        "fault": 0.3459,
        "weapon": 1,
        "pilot_injury": 0.3398,
        "pilot_skill": 0.5172,
        "mission_priority": 0.3789,
        "estimated_landing_time": 1886.0,
        "wait_time": 0,
        "Landing_success_rate": 1.0
    },
    {
        "model": 0,
        "sequence": 15,
        "status": 1,
        "fuel": 6942,
        "fault": 0.3406,
        "weapon": 0,
        "pilot_injury": 0.7917,
        "pilot_skill": 0.596,
        "mission_priority": 0.1013,
        "estimated_landing_time": 1416.0,
        "wait_time": 0,
        "Landing_success_rate": 1.0
    },
    {
        "model": 0,
        "sequence": 22,
        "status": 1,
        "fuel": 6075,
        "fault": 0.6058,
        "weapon": 1,
        "pilot_injury": 0.8417,
        "pilot_skill": 0.5802,
        "mission_priority": 0.5597,
        "estimated_landing_time": 2074.0,
        "wait_time": 0,
        "Landing_success_rate": 1.0
    },
    {
        "model": 0,
        "sequence": 21,
        "status": 1,
        "fuel": 6554,
        "fault": 0.6883,
        "weapon": 0,
        "pilot_injury": 0.972,
        "pilot_skill": 0.2285,
        "mission_priority": 0.9775,
        "estimated_landing_time": 1980.0,
        "wait_time": 0,
        "Landing_success_rate": 1.0
    },
    {
        "model": 0,
        "sequence": 19,
        "status": 1,
        "fuel": 7102,
        "fault": 0.964,
        "weapon": 1,
        "pilot_injury": 0.0993,
        "pilot_skill": 0.2089,
        "mission_priority": 0.9256,
        "estimated_landing_time": 1792.0,
        "wait_time": 0,
        "Landing_success_rate": 1.0
    },
    {
        "model": 0,
        "sequence": 14,
        "status": 1,
        "fuel": 6757,
        "fault": 0.3954,
        "weapon": 1,
        "pilot_injury": 0.7562,
        "pilot_skill": 0.4585,
        "mission_priority": 0.2892,
        "estimated_landing_time": 1322.0,
        "wait_time": 0,
        "Landing_success_rate": 1.0
    },
    {
        "model": 2,
        "sequence": 11,
        "status": 1,
        "fuel": 5984,
        "fault": 0.8355,
        "weapon": 0,
        "pilot_injury": 0.9559,
        "pilot_skill": 0.314,
        "mission_priority": 0.8884,
        "estimated_landing_time": 1040.0,
        "wait_time": 0,
        "Landing_success_rate": 1.0
    },
    {
        "model": 2,
        "sequence": 13,
        "status": 1,
        "fuel": 7231,
        "fault": 0.9949,
        "weapon": 0,
        "pilot_injury": 0.984,
        "pilot_skill": 0.2884,
        "mission_priority": 0.9611,
        "estimated_landing_time": 1228.0,
        "wait_time": 0,
        "Landing_success_rate": 1.0
    },
    {
        "model": 2,
        "sequence": 7,
        "status": 1,
        "fuel": 7023,
        "fault": 0.0309,
        "weapon": 1,
        "pilot_injury": 0.3404,
        "pilot_skill": 0.5414,
        "mission_priority": 0.1541,
        "estimated_landing_time": 664.0,
        "wait_time": 0,
        "Landing_success_rate": 1.0
    },
    {
        "model": 2,
        "sequence": 9,
        "status": 1,
        "fuel": 5804,
        "fault": 0.5323,
        "weapon": 0,
        "pilot_injury": 0.7619,
        "pilot_skill": 0.8336,
        "mission_priority": 0.4404,
        "estimated_landing_time": 852.0,
        "wait_time": 0,
        "Landing_success_rate": 1.0
    }
]