[
    {
        "model": 0,
        "sequence": 8,
        "status": 1,
        "fuel": 5974,
        "fault": 0.75,
        "weapon": 1,
        "pilot_injury": 0.3782,
        "pilot_skill": 0.71,
        "mission_priority": 0.02,
        "estimated_landing_time": 758.0,
        "wait_time": 0,
        "Landing_success_rate": 1.0
    },
    {
        "model": 1,
        "sequence": 19,
        "status": 1,
        "fuel": 6746,
        "fault": 0.9713,
        "weapon": 1,
        "pilot_injury": 0.0088,
        "pilot_skill": 0.1904,
        "mission_priority": 0.9409,
        "estimated_landing_time": 1792.0,
        "wait_time": 0,
        "Landing_success_rate": 1.0
    },
    {
        "model": 1,
        "sequence": 14,
        "status": 1,
        "fuel": 6481,
        "fault": 0.0466,
        "weapon": 0,
        "pilot_injury": 0.5248,
        "pilot_skill": 0.5439,
        "mission_priority": 0.3918,
        "estimated_landing_time": 1322.0,
        "wait_time": 0,
        "Landing_success_rate": 1.0
    },
    {
        "model": 2,
        "sequence": 2,
        "status": 1,
        "fuel": 7313,
        "fault": 0.5903,
        "weapon": 1,
        "pilot_injury": 0.3434,
        "pilot_skill": 0.4599,
        "mission_priority": 0.192,
        "estimated_landing_time": 194.0,
        "wait_time": 0,
        "Landing_success_rate": 1.0
    },
    {
        "model": 2,
        "sequence": 20,
        "status": 1,
        "fuel": 5983,
        "fault": 0.906,
        "weapon": 1,
        "pilot_injury": 0.4493,
        "pilot_skill": 0.6528,
        "mission_priority": 0.8561,
        "estimated_landing_time": 1886.0,
        "wait_time": 0,
        "Landing_success_rate": 1.0
    },
    {
        "model": 1,
        "sequence": 4,
        "status": 1,
        "fuel": 5697,
        "fault": 0.8237,
        "weapon": 0,
        "pilot_injury": 0.3788,
        "pilot_skill": 0.8944,
        "mission_priority": 0.0099,
        "estimated_landing_time": 382.0,
        "wait_time": 0,
        "Landing_success_rate": 1.0
    },
    {
        "model": 2,
        "sequence": 21,
        "status": 1,
        "fuel": 6575,
        "fault": 0.5298,
        "weapon": 1,
        "pilot_injury": 0.161,
        "pilot_skill": 0.321,
        "mission_priority": 0.225,
        "estimated_landing_time": 1980.0,
        "wait_time": 0,
        "Landing_success_rate": 1.0
    },
    {
        "model": 0,
        "sequence": 22,
        "status": 1,
        "fuel": 6506,
        "fault": 0.1395,
        "weapon": 1,
        "pilot_injury": 0.5631,
        "pilot_skill": 0.5937,
        "mission_priority": 0.6396,
        "estimated_landing_time": 2074.0,
        "wait_time": 0,
        "Landing_success_rate": 1.0
    },
    {
        "model": 1,
        "sequence": 13,
        "status": 1,
        "fuel": 6724,
        "fault": 0.8597,
        "weapon": 0,
        "pilot_injury": 0.3347,
        "pilot_skill": 0.1839,
        "mission_priority": 0.6801,
        "estimated_landing_time": 1228.0,
        "wait_time": 0,
        "Landing_success_rate": 1.0
    },
    {
        "model": 0,
        "sequence": 15,
        "status": 1,
        "fuel": 6069,
        "fault": 0.4739,
        "weapon": 0,
        "pilot_injury": 0.2106,
        "pilot_skill": 0.9488,
        "mission_priority": 0.3355,
        "estimated_landing_time": 1416.0,
        "wait_time": 0,
        "Landing_success_rate": 1.0
    },
    {
        "model": 1,
        "sequence": 23,
        "status": 1,
        "fuel": 6061,
        "fault": 0.4038,
        "weapon": 1,
        "pilot_injury": 0.4173,
        "pilot_skill": 0.9629,
        "mission_priority": 0.0242,
        "estimated_landing_time": 2168.0,
        "wait_time": 0,
        "Landing_success_rate": 1.0
    },
    {
        "model": 0,
        "sequence": 18,
        "status": 1,
        "fuel": 5769,
        "fault": 0.8688,
        "weapon": 0,
        "pilot_injury": 0.8909,
        "pilot_skill": 0.2564,
        "mission_priority": 0.9305,
        "estimated_landing_time": 1698.0,
        "wait_time": 0,
        "Landing_success_rate": 1.0
    },
    {
        "model": 1,
        "sequence": 7,
        "status": 1,
        "fuel": 5536,
        "fault": 0.3895,
        "weapon": 1,
        "pilot_injury": 0.3972,
        "pilot_skill": 0.2122,
        "mission_priority": 0.9112,
        "estimated_landing_time": 664.0,
        "wait_time": 0,
        "Landing_success_rate": 1.0
    },
    {
        "model": 2,
        "sequence": 24,
        "status": 1,
        "fuel": 7053,
        "fault": 0.1728,
        "weapon": 1,
        "pilot_injury": 0.0065,
        "pilot_skill": 0.1098,
        "mission_priority": 0.573,
        "estimated_landing_time": 2262.0,
        "wait_time": 0,
        "Landing_success_rate": 1.0
    },
    {
        "model": 1,
        "sequence": 3,
        "status": 1,
        "fuel": 6223,
        "fault": 0.9623,
        "weapon": 1,
        "pilot_injury": 0.3034,
        "pilot_skill": 0.7143,
        "mission_priority": 0.0556,
        "estimated_landing_time": 288.0,
        "wait_time": 0,
        "Landing_success_rate": 1.0
    },
    {
        "model": 0,
        "sequence": 10,
        "status": 1,
        "fuel": 7047,
        "fault": 0.5247,
        "weapon": 1,
        "pilot_injury": 0.6173,
        "pilot_skill": 0.4052,
        "mission_priority": 0.3044,
        "estimated_landing_time": 946.0,
        "wait_time": 0,
        "Landing_success_rate": 1.0
    },
    {
        "model": 1,
        "sequence": 1,
        "status": 1,
        "fuel": 6781,
        "fault": 0.364,
        "weapon": 1,
        "pilot_injury": 0.6936,
        "pilot_skill": 0.9321,
        "mission_priority": 0.7173,
        "estimated_landing_time": 100.0,
        "wait_time": 0,
        "Landing_success_rate": 1.0
    },
    {
        "model": 0,
        "sequence": 9,
        "status": 1,
        "fuel": 6943,
        "fault": 0.2655,
        "weapon": 0,
        "pilot_injury": 0.4195,
        "pilot_skill": 0.4851,
        "mission_priority": 0.2563,
        "estimated_landing_time": 852.0,
        "wait_time": 0,
        "Landing_success_rate": 1.0
    },
    {
        "model": 0,
        "sequence": 17,
        "status": 1,
        "fuel": 6389,
        "fault": 0.2145,
        "weapon": 1,
        "pilot_injury": 0.6875,
        "pilot_skill": 0.4703,
        "mission_priority": 0.4588,
        "estimated_landing_time": 1604.0,
        "wait_time": 0,
        "Landing_success_rate": 1.0
    },
    {
        "model": 0,
        "sequence": 16,
        "status": 1,
        "fuel": 7350,
        "fault": 0.6794,
        "weapon": 1,
        "pilot_injury": 0.3623,
        "pilot_skill": 0.3186,
        "mission_priority": 0.8947,
        "estimated_landing_time": 1510.0,
        "wait_time": 0,
        "Landing_success_rate": 1.0
    },
    {
        "model": 2,
        "sequence": 11,
        "status": 1,
        "fuel": 6263,
        "fault": 0.3824,
        "weapon": 1,
        "pilot_injury": 0.1808,
        "pilot_skill": 0.5409,
        "mission_priority": 0.2746,
        "estimated_landing_time": 1040.0,
        "wait_time": 0,
        "Landing_success_rate": 1.0
    },
    {
        "model": 1,
        "sequence": 12,
        "status": 1,
        "fuel": 6904,
        "fault": 0.5648,
        "weapon": 1,
        "pilot_injury": 0.7148,
        "pilot_skill": 0.7302,
        "mission_priority": 0.5125,
        "estimated_landing_time": 1134.0,
        "wait_time": 0,
        "Landing_success_rate": 1.0
    },
    {
        "model": 0,
        "sequence": 6,
        "status": 1,
        "fuel": 7147,
        "fault": 0.5889,
        "weapon": 0,
        "pilot_injury": 0.6515,
        "pilot_skill": 0.259,
        "mission_priority": 0.0698,
        "estimated_landing_time": 570.0,
        "wait_time": 0,
        "Landing_success_rate": 1.0
    },
    {
        "model": 2,
        "sequence": 5,
        "status": 1,
        "fuel": 6097,
        "fault": 0.0992,
        "weapon": 1,
        "pilot_injury": 0.2564,
        "pilot_skill": 0.7277,
        "mission_priority": 0.0736,
        "estimated_landing_time": 476.0,
        "wait_time": 0,
        "Landing_success_rate": 1.0
    }
]