[
    {
        "model": 1,
        "sequence": 13,
        "status": 1,
        "fuel": 5636,
        "fault": 0.4158,
        "weapon": 1,
        "pilot_injury": 0.8715,
        "pilot_skill": 0.679,
        "mission_priority": 0.4119,
        "estimated_landing_time": 1228.0,
        "wait_time": 0,
        "Landing_success_rate": 1.0
    },
    {
        "model": 0,
        "sequence": 24,
        "status": 1,
        "fuel": 6501,
        "fault": 0.1717,
        "weapon": 1,
        "pilot_injury": 0.3276,
        "pilot_skill": 0.5467,
        "mission_priority": 0.5754,
        "estimated_landing_time": 2262.0,
        "wait_time": 0,
        "Landing_success_rate": 1.0
    },
    {
        "model": 2,
        "sequence": 8,
        "status": 1,
        "fuel": 5592,
        "fault": 0.5325,
        "weapon": 0,
        "pilot_injury": 0.6966,
        "pilot_skill": 0.4957,
        "mission_priority": 0.9331,
        "estimated_landing_time": 758.0,
        "wait_time": 0,
        "Landing_success_rate": 1.0
    },
    {
        "model": 1,
        "sequence": 5,
        "status": 1,
        "fuel": 5794,
        "fault": 0.1428,
        "weapon": 1,
        "pilot_injury": 0.5123,
        "pilot_skill": 0.1143,
        "mission_priority": 0.7648,
        "estimated_landing_time": 476.0,
        "wait_time": 0,
        "Landing_success_rate": 1.0
    },
    {
        "model": 0,
        "sequence": 20,
        "status": 1,
        "fuel": 6974,
        "fault": 0.2043,
        "weapon": 0,
        "pilot_injury": 0.9514,
        "pilot_skill": 0.7765,
        "mission_priority": 0.6113,
        "estimated_landing_time": 1886.0,
        "wait_time": 0,
        "Landing_success_rate": 1.0
    },
    {
        "model": 0,
        "sequence": 23,
        "status": 1,
        "fuel": 5670,
        "fault": 0.069,
        "weapon": 0,
        "pilot_injury": 0.4081,
        "pilot_skill": 0.8856,
        "mission_priority": 0.2219,
        "estimated_landing_time": 2168.0,
        "wait_time": 0,
        "Landing_success_rate": 1.0
    },
    {
        "model": 2,
        "sequence": 6,
        "status": 1,
        "fuel": 6293,
        "fault": 0.2533,
        "weapon": 0,
        "pilot_injury": 0.7313,
        "pilot_skill": 0.6973,
        "mission_priority": 0.7526,
        "estimated_landing_time": 570.0,
        "wait_time": 0,
        "Landing_success_rate": 1.0
    },
    {
        "model": 0,
        "sequence": 16,
        "status": 1,
        "fuel": 6616,
        "fault": 0.8214,
        "weapon": 1,
        "pilot_injury": 0.2034,
        "pilot_skill": 0.1274,
        "mission_priority": 0.2855,
        "estimated_landing_time": 1510.0,
        "wait_time": 0,
        "Landing_success_rate": 1.0
    },
    {
        "model": 2,
        "sequence": 22,
        "status": 1,
        "fuel": 6722,
        "fault": 0.4513,
        "weapon": 0,
        "pilot_injury": 0.8206,
        "pilot_skill": 0.4046,
        "mission_priority": 0.4843,
        "estimated_landing_time": 2074.0,
        "wait_time": 0,
        "Landing_success_rate": 1.0
    },
    {
        "model": 0,
        "sequence": 7,
        "status": 1,
        "fuel": 5638,
        "fault": 0.0757,
        "weapon": 1,
        "pilot_injury": 0.6478,
        "pilot_skill": 0.0155,
        "mission_priority": 0.2809,
        "estimated_landing_time": 664.0,
        "wait_time": 0,
        "Landing_success_rate": 1.0
    },
    {
        "model": 1,
        "sequence": 18,
        "status": 1,
        "fuel": 5693,
        "fault": 0.067,
        "weapon": 1,
        "pilot_injury": 0.4793,
        "pilot_skill": 0.1817,
        "mission_priority": 0.7431,
        "estimated_landing_time": 1698.0,
        "wait_time": 0,
        "Landing_success_rate": 1.0
    },
    {
        "model": 2,
        "sequence": 9,
        "status": 1,
        "fuel": 6858,
        "fault": 0.0666,
        "weapon": 0,
        "pilot_injury": 0.9817,
        "pilot_skill": 0.4505,
        "mission_priority": 0.5134,
        "estimated_landing_time": 852.0,
        "wait_time": 0,
        "Landing_success_rate": 1.0
    },
    {
        "model": 2,
        "sequence": 2,
        "status": 1,
        "fuel": 5834,
        "fault": 0.2315,
        "weapon": 0,
        "pilot_injury": 0.5591,
        "pilot_skill": 0.3212,
        "mission_priority": 0.2201,
        "estimated_landing_time": 194.0,
        "wait_time": 0,
        "Landing_success_rate": 1.0
    },
    {
        "model": 0,
        "sequence": 4,
        "status": 1,
        "fuel": 7217,
        "fault": 0.7292,
        "weapon": 1,
        "pilot_injury": 0.0687,
        "pilot_skill": 0.3696,
        "mission_priority": 0.4642,
        "estimated_landing_time": 382.0,
        "wait_time": 0,
        "Landing_success_rate": 1.0
    },
    {
        "model": 0,
        "sequence": 3,
        "status": 1,
        "fuel": 7407,
        "fault": 0.0453,
        "weapon": 0,
        "pilot_injury": 0.7088,
        "pilot_skill": 0.0084,
        "mission_priority": 0.2177,
        "estimated_landing_time": 288.0,
        "wait_time": 0,
        "Landing_success_rate": 1.0
    },
    {
        "model": 2,
        "sequence": 12,
        "status": 1,
        "fuel": 6585,
        "fault": 0.8423,
        "weapon": 0,
        "pilot_injury": 0.0053,
        "pilot_skill": 0.8045,
        "mission_priority": 0.7728,
        "estimated_landing_time": 1134.0,
        "wait_time": 0,
        "Landing_success_rate": 1.0
    },
    {
        "model": 0,
        "sequence": 15,
        "status": 1,
        "fuel": 6218,
        "fault": 0.0487,
        "weapon": 1,
        "pilot_injury": 0.7665,
        "pilot_skill": 0.5837,
        "mission_priority": 0.782,
        "estimated_landing_time": 1416.0,
        "wait_time": 0,
        "Landing_success_rate": 1.0
    },
    {
        "model": 1,
        "sequence": 21,
        "status": 1,
        "fuel": 6952,
        "fault": 0.3502,
        "weapon": 1,
        "pilot_injury": 0.518,
        "pilot_skill": 0.1403,
        "mission_priority": 0.6712,
        "estimated_landing_time": 1980.0,
        "wait_time": 0,
        "Landing_success_rate": 1.0
    },
    {
        "model": 0,
        "sequence": 14,
        "status": 1,
        "fuel": 7227,
        "fault": 0.7132,
        "weapon": 0,
        "pilot_injury": 0.1699,
        "pilot_skill": 0.195,
        "mission_priority": 0.8904,
        "estimated_landing_time": 1322.0,
        "wait_time": 0,
        "Landing_success_rate": 1.0
    },
    {
        "model": 1,
        "sequence": 19,
        "status": 1,
        "fuel": 6424,
        "fault": 0.1587,
        "weapon": 1,
        "pilot_injury": 0.7587,
        "pilot_skill": 0.5972,
        "mission_priority": 0.6541,
        "estimated_landing_time": 1792.0,
        "wait_time": 0,
        "Landing_success_rate": 1.0
    },
    {
        "model": 1,
        "sequence": 10,
        "status": 1,
        "fuel": 6303,
        "fault": 0.8526,
        "weapon": 0,
        "pilot_injury": 0.6324,
        "pilot_skill": 0.1565,
        "mission_priority": 0.4739,
        "estimated_landing_time": 946.0,
        "wait_time": 0,
        "Landing_success_rate": 1.0
    },
    {
        "model": 1,
        "sequence": 11,
        "status": 1,
        "fuel": 6792,
        "fault": 0.7128,
        "weapon": 1,
        "pilot_injury": 0.2023,
        "pilot_skill": 0.3138,
        "mission_priority": 0.2415,
        "estimated_landing_time": 1040.0,
        "wait_time": 0,
        "Landing_success_rate": 1.0
    },
    {
        "model": 1,
        "sequence": 17,
        "status": 1,
        "fuel": 6454,
        "fault": 0.8615,
        "weapon": 1,
        "pilot_injury": 0.9078,
        "pilot_skill": 0.5071,
        "mission_priority": 0.1879,
        "estimated_landing_time": 1604.0,
        "wait_time": 0,
        "Landing_success_rate": 1.0
    },
    {
        "model": 1,
        "sequence": 1,
        "status": 1,
        "fuel": 6092,
        "fault": 0.5847,
        "weapon": 1,
        "pilot_injury": 0.3828,
        "pilot_skill": 0.8218,
        "mission_priority": 0.6595,
        "estimated_landing_time": 100.0,
        "wait_time": 0,
        "Landing_success_rate": 1.0
    }
]