[
    {
        "model": 0,
        "sequence": 7,
        "status": 1,
        "fuel": 6413,
        "fault": 0.1229,
        "weapon": 1,
        "pilot_injury": 0.0977,
        "pilot_skill": 0.521,
        "mission_priority": 0.7204,
        "estimated_landing_time": 664.0,
        "wait_time": 0,
        "Landing_success_rate": 1.0
    },
    {
        "model": 0,
        "sequence": 21,
        "status": 1,
        "fuel": 7256,
        "fault": 0.5157,
        "weapon": 1,
        "pilot_injury": 0.5223,
        "pilot_skill": 0.5163,
        "mission_priority": 0.6916,
        "estimated_landing_time": 1980.0,
        "wait_time": 0,
        "Landing_success_rate": 1.0
    },
    {
        "model": 1,
        "sequence": 22,
        "status": 1,
        "fuel": 6269,
        "fault": 0.2308,
        "weapon": 1,
        "pilot_injury": 0.5822,
        "pilot_skill": 0.1981,
        "mission_priority": 0.0491,
        "estimated_landing_time": 2074.0,
        "wait_time": 0,
        "Landing_success_rate": 1.0
    },
    {
        "model": 1,
        "sequence": 18,
        "status": 1,
        "fuel": 6060,
        "fault": 0.4735,
        "weapon": 0,
        "pilot_injury": 0.7584,
        "pilot_skill": 0.3347,
        "mission_priority": 0.3791,
        "estimated_landing_time": 1698.0,
        "wait_time": 0,
        "Landing_success_rate": 1.0
    },
    {
        "model": 2,
        "sequence": 19,
        "status": 1,
        "fuel": 5552,
        "fault": 0.4468,
        "weapon": 1,
        "pilot_injury": 0.1037,
        "pilot_skill": 0.3434,
        "mission_priority": 0.7459,
        "estimated_landing_time": 1792.0,
        "wait_time": 0,
        "Landing_success_rate": 1.0
    },
    {
        "model": 2,
        "sequence": 3,
        "status": 1,
        "fuel": 6008,
        "fault": 0.5579,
        "weapon": 1,
        "pilot_injury": 0.9648,
        "pilot_skill": 0.735,
        "mission_priority": 0.0619,
        "estimated_landing_time": 288.0,
        "wait_time": 0,
        "Landing_success_rate": 1.0
    },
    {
        "model": 0,
        "sequence": 11,
        "status": 1,
        "fuel": 6170,
        "fault": 0.5914,
        "weapon": 1,
        "pilot_injury": 0.6503,
        "pilot_skill": 0.2105,
        "mission_priority": 0.6964,
        "estimated_landing_time": 1040.0,
        "wait_time": 0,
        "Landing_success_rate": 1.0
    },
    {
        "model": 1,
        "sequence": 2,
        "status": 1,
        "fuel": 7204,
        "fault": 0.6163,
        "weapon": 0,
        "pilot_injury": 0.3369,
        "pilot_skill": 0.6197,
        "mission_priority": 0.2859,
        "estimated_landing_time": 194.0,
        "wait_time": 0,
        "Landing_success_rate": 1.0
    },
    {
        "model": 2,
        "sequence": 13,
        "status": 1,
        "fuel": 6605,
        "fault": 0.781,
        "weapon": 0,
        "pilot_injury": 0.2788,
        "pilot_skill": 0.0935,
        "mission_priority": 0.2109,
        "estimated_landing_time": 1228.0,
        "wait_time": 0,
        "Landing_success_rate": 1.0
    },
    {
        "model": 0,
        "sequence": 15,
        "status": 1,
        "fuel": 6720,
        "fault": 0.7429,
        "weapon": 0,
        "pilot_injury": 0.0781,
        "pilot_skill": 0.4274,
        "mission_priority": 0.5324,
        "estimated_landing_time": 1416.0,
        "wait_time": 0,
        "Landing_success_rate": 1.0
    },
    {
        "model": 0,
        "sequence": 1,
        "status": 1,
        "fuel": 7404,
        "fault": 0.8507,
        "weapon": 0,
        "pilot_injury": 0.7534,
        "pilot_skill": 0.9708,
        "mission_priority": 0.7871,
        "estimated_landing_time": 100.0,
        "wait_time": 0,
        "Landing_success_rate": 1.0
    },
    {
        "model": 1,
        "sequence": 14,
        "status": 1,
        "fuel": 6232,
        "fault": 0.0748,
        "weapon": 1,
        "pilot_injury": 0.0798,
        "pilot_skill": 0.4019,
        "mission_priority": 0.6466,
        "estimated_landing_time": 1322.0,
        "wait_time": 0,
        "Landing_success_rate": 1.0
    },
    {
        "model": 1,
        "sequence": 4,
        "status": 1,
        "fuel": 5541,
        "fault": 0.5065,
        "weapon": 0,
        "pilot_injury": 0.5774,
        "pilot_skill": 0.9335,
        "mission_priority": 0.035,
        "estimated_landing_time": 382.0,
        "wait_time": 0,
        "Landing_success_rate": 1.0
    },
    {
        "model": 2,
        "sequence": 20,
        "status": 1,
        "fuel": 7047,
        "fault": 0.446,
        "weapon": 1,
        "pilot_injury": 0.964,
        "pilot_skill": 0.9307,
        "mission_priority": 0.7622,
        "estimated_landing_time": 1886.0,
        "wait_time": 0,
        "Landing_success_rate": 1.0
    },
    {
        "model": 2,
        "sequence": 9,
        "status": 1,
        "fuel": 6080,
        "fault": 0.027,
        "weapon": 0,
        "pilot_injury": 0.5452,
        "pilot_skill": 0.7654,
        "mission_priority": 0.8957,
        "estimated_landing_time": 852.0,
        "wait_time": 0,
        "Landing_success_rate": 1.0
    },
    {
        "model": 0,
        "sequence": 23,
        "status": 1,
        "fuel": 5732,
        "fault": 0.6506,
        "weapon": 1,
        "pilot_injury": 0.5997,
        "pilot_skill": 0.3322,
        "mission_priority": 0.0092,
        "estimated_landing_time": 2168.0,
        "wait_time": 0,
        "Landing_success_rate": 1.0
    },
    {
        "model": 0,
        "sequence": 17,
        "status": 1,
        "fuel": 7034,
        "fault": 0.0996,
        "weapon": 0,
        "pilot_injury": 0.8427,
        "pilot_skill": 0.2585,
        "mission_priority": 0.2847,
        "estimated_landing_time": 1604.0,
        "wait_time": 0,
        "Landing_success_rate": 1.0
    },
    {
        "model": 0,
        "sequence": 24,
        "status": 1,
        "fuel": 7325,
        "fault": 0.691,
        "weapon": 0,
        "pilot_injury": 0.0096,
        "pilot_skill": 0.2838,
        "mission_priority": 0.1193,
        "estimated_landing_time": 2262.0,
        "wait_time": 0,
        "Landing_success_rate": 1.0
    },
    {
        "model": 2,
        "sequence": 16,
        "status": 1,
        "fuel": 5880,
        "fault": 0.5751,
        "weapon": 0,
        "pilot_injury": 0.5933,
        "pilot_skill": 0.1893,
        "mission_priority": 0.3612,
        "estimated_landing_time": 1510.0,
        "wait_time": 0,
        "Landing_success_rate": 1.0
    },
    {
        "model": 1,
        "sequence": 10,
        "status": 1,
        "fuel": 5882,
        "fault": 0.3547,
        "weapon": 1,
        "pilot_injury": 0.9157,
        "pilot_skill": 0.4979,
        "mission_priority": 0.3988,
        "estimated_landing_time": 946.0,
        "wait_time": 0,
        "Landing_success_rate": 1.0
    },
    {
        "model": 2,
        "sequence": 5,
        "status": 1,
        "fuel": 6791,
        "fault": 0.9105,
        "weapon": 1,
        "pilot_injury": 0.0895,
        "pilot_skill": 0.652,
        "mission_priority": 0.4869,
        "estimated_landing_time": 476.0,
        "wait_time": 0,
        "Landing_success_rate": 1.0
    },
    {
        "model": 1,
        "sequence": 8,
        "status": 1,
        "fuel": 7413,
        "fault": 0.0744,
        "weapon": 0,
        "pilot_injury": 0.3884,
        "pilot_skill": 0.5964,
        "mission_priority": 0.5007,
        "estimated_landing_time": 758.0,
        "wait_time": 0,
        "Landing_success_rate": 1.0
    },
    {
        "model": 2,
        "sequence": 6,
        "status": 1,
        "fuel": 7006,
        "fault": 0.9809,
        "weapon": 0,
        "pilot_injury": 0.9117,
        "pilot_skill": 0.2543,
        "mission_priority": 0.7725,
        "estimated_landing_time": 570.0,
        "wait_time": 0,
        "Landing_success_rate": 1.0
    },
    {
        "model": 2,
        "sequence": 12,
        "status": 1,
        "fuel": 6949,
        "fault": 0.104,
        "weapon": 0,
        "pilot_injury": 0.9443,
        "pilot_skill": 0.0193,
        "mission_priority": 0.9654,
        "estimated_landing_time": 1134.0,
        "wait_time": 0,
        "Landing_success_rate": 1.0
    }
]