[
    {
        "model": 2,
        "sequence": 5,
        "status": 1,
        "fuel": 6416,
        "fault": 0.5347,
        "weapon": 0,
        "pilot_injury": 0.007,
        "pilot_skill": 0.4035,
        "mission_priority": 0.2348,
        "estimated_landing_time": 476.0,
        "wait_time": 0,
        "Landing_success_rate": 1.0
    },
    {
        "model": 2,
        "sequence": 13,
        "status": 1,
        "fuel": 6190,
        "fault": 0.0183,
        "weapon": 1,
        "pilot_injury": 0.8275,
        "pilot_skill": 0.0006,
        "mission_priority": 0.3078,
        "estimated_landing_time": 1228.0,
        "wait_time": 0,
        "Landing_success_rate": 1.0
    },
    {
        "model": 0,
        "sequence": 23,
        "status": 1,
        "fuel": 5740,
        "fault": 0.137,
        "weapon": 1,
        "pilot_injury": 0.0682,
        "pilot_skill": 0.1871,
        "mission_priority": 0.5555,
        "estimated_landing_time": 2168.0,
        "wait_time": 0,
        "Landing_success_rate": 1.0
    },
    {
        "model": 1,
        "sequence": 24,
        "status": 1,
        "fuel": 6450,
        "fault": 0.2239,
        "weapon": 1,
        "pilot_injury": 0.3769,
        "pilot_skill": 0.8759,
        "mission_priority": 0.9053,
        "estimated_landing_time": 2262.0,
        "wait_time": 0,
        "Landing_success_rate": 1.0
    },
    {
        "model": 0,
        "sequence": 12,
        "status": 1,
        "fuel": 6936,
        "fault": 0.7374,
        "weapon": 1,
        "pilot_injury": 0.1068,
        "pilot_skill": 0.9534,
        "mission_priority": 0.0602,
        "estimated_landing_time": 1134.0,
        "wait_time": 0,
        "Landing_success_rate": 1.0
    },
    {
        "model": 2,
        "sequence": 9,
        "status": 1,
        "fuel": 7282,
        "fault": 0.9938,
        "weapon": 1,
        "pilot_injury": 0.3204,
        "pilot_skill": 0.1643,
        "mission_priority": 0.7832,
        "estimated_landing_time": 852.0,
        "wait_time": 0,
        "Landing_success_rate": 1.0
    },
    {
        "model": 1,
        "sequence": 14,
        "status": 1,
        "fuel": 6801,
        "fault": 0.7179,
        "weapon": 0,
        "pilot_injury": 0.1238,
        "pilot_skill": 0.0705,
        "mission_priority": 0.9094,
        "estimated_landing_time": 1322.0,
        "wait_time": 0,
        "Landing_success_rate": 1.0
    },
    {
        "model": 1,
        "sequence": 21,
        "status": 1,
        "fuel": 7416,
        "fault": 0.0427,
        "weapon": 0,
        "pilot_injury": 0.5446,
        "pilot_skill": 0.0779,
        "mission_priority": 0.9554,
        "estimated_landing_time": 1980.0,
        "wait_time": 0,
        "Landing_success_rate": 1.0
    },
    {
        "model": 1,
        "sequence": 1,
        "status": 1,
        "fuel": 5718,
        "fault": 0.7379,
        "weapon": 1,
        "pilot_injury": 0.1688,
        "pilot_skill": 0.8539,
        "mission_priority": 0.0132,
        "estimated_landing_time": 100.0,
        "wait_time": 0,
        "Landing_success_rate": 1.0
    },
    {
        "model": 2,
        "sequence": 11,
        "status": 1,
        "fuel": 6347,
        "fault": 0.1156,
        "weapon": 1,
        "pilot_injury": 0.9348,
        "pilot_skill": 0.9092,
        "mission_priority": 0.8196,
        "estimated_landing_time": 1040.0,
        "wait_time": 0,
        "Landing_success_rate": 1.0
    },
    {
        "model": 1,
        "sequence": 6,
        "status": 1,
        "fuel": 6034,
        "fault": 0.9808,
        "weapon": 0,
        "pilot_injury": 0.2842,
        "pilot_skill": 0.289,
        "mission_priority": 0.3771,
        "estimated_landing_time": 570.0,
        "wait_time": 0,
        "Landing_success_rate": 1.0
    },
    {
        "model": 1,
        "sequence": 16,
        "status": 1,
        "fuel": 5951,
        "fault": 0.7545,
        "weapon": 1,
        "pilot_injury": 0.1599,
        "pilot_skill": 0.6912,
        "mission_priority": 0.1676,
        "estimated_landing_time": 1510.0,
        "wait_time": 0,
        "Landing_success_rate": 1.0
    },
    {
        "model": 0,
        "sequence": 17,
        "status": 1,
        "fuel": 5624,
        "fault": 0.4472,
        "weapon": 1,
        "pilot_injury": 0.7964,
        "pilot_skill": 0.7395,
        "mission_priority": 0.6455,
        "estimated_landing_time": 1604.0,
        "wait_time": 0,
        "Landing_success_rate": 1.0
    },
    {
        "model": 0,
        "sequence": 10,
        "status": 1,
        "fuel": 5937,
        "fault": 0.1182,
        "weapon": 1,
        "pilot_injury": 0.0874,
        "pilot_skill": 0.3774,
        "mission_priority": 0.4135,
        "estimated_landing_time": 946.0,
        "wait_time": 0,
        "Landing_success_rate": 1.0
    },
    {
        "model": 1,
        "sequence": 20,
        "status": 1,
        "fuel": 6802,
        "fault": 0.9508,
        "weapon": 0,
        "pilot_injury": 0.9556,
        "pilot_skill": 0.9536,
        "mission_priority": 0.3523,
        "estimated_landing_time": 1886.0,
        "wait_time": 0,
        "Landing_success_rate": 1.0
    },
    {
        "model": 1,
        "sequence": 8,
        "status": 1,
        "fuel": 6474,
        "fault": 0.6996,
        "weapon": 0,
        "pilot_injury": 0.3922,
        "pilot_skill": 0.9478,
        "mission_priority": 0.1412,
        "estimated_landing_time": 758.0,
        "wait_time": 0,
        "Landing_success_rate": 1.0
    },
    {
        "model": 0,
        "sequence": 7,
        "status": 1,
        "fuel": 7090,
        "fault": 0.8292,
        "weapon": 1,
        "pilot_injury": 0.9813,
        "pilot_skill": 0.3816,
        "mission_priority": 0.7752,
        "estimated_landing_time": 664.0,
        "wait_time": 0,
        "Landing_success_rate": 1.0
    },
    {
        "model": 0,
        "sequence": 3,
        "status": 1,
        "fuel": 6677,
        "fault": 0.768,
        "weapon": 0,
        "pilot_injury": 0.192,
        "pilot_skill": 0.146,
        "mission_priority": 0.9381,
        "estimated_landing_time": 288.0,
        "wait_time": 0,
        "Landing_success_rate": 1.0
    },
    {
        "model": 0,
        "sequence": 4,
        "status": 1,
        "fuel": 7186,
        "fault": 0.7457,
        "weapon": 1,
        "pilot_injury": 0.6254,
        "pilot_skill": 0.8083,
        "mission_priority": 0.069,
        "estimated_landing_time": 382.0,
        "wait_time": 0,
        "Landing_success_rate": 1.0
    },
    {
        "model": 2,
        "sequence": 2,
        "status": 1,
        "fuel": 6524,
        "fault": 0.5619,
        "weapon": 1,
        "pilot_injury": 0.6356,
        "pilot_skill": 0.356,
        "mission_priority": 0.1485,
        "estimated_landing_time": 194.0,
        "wait_time": 0,
        "Landing_success_rate": 1.0
    },
    {
        "model": 2,
        "sequence": 19,
        "status": 1,
        "fuel": 5725,
        "fault": 0.6888,
        "weapon": 0,
        "pilot_injury": 0.3821,
        "pilot_skill": 0.1323,
        "mission_priority": 0.1967,
        "estimated_landing_time": 1792.0,
        "wait_time": 0,
        "Landing_success_rate": 1.0
    },
    {
        "model": 0,
        "sequence": 22,
        "status": 1,
        "fuel": 6714,
        "fault": 0.6578,
        "weapon": 0,
        "pilot_injury": 0.6428,
        "pilot_skill": 0.6009,
        "mission_priority": 0.6961,
        "estimated_landing_time": 2074.0,
        "wait_time": 0,
        "Landing_success_rate": 1.0
    },
    {
        "model": 1,
        "sequence": 18,
        "status": 1,
        "fuel": 7050,
        "fault": 0.7593,
        "weapon": 1,
        "pilot_injury": 0.2041,
        "pilot_skill": 0.469,
        "mission_priority": 0.8009,
        "estimated_landing_time": 1698.0,
        "wait_time": 0,
        "Landing_success_rate": 1.0
    },
    {
        "model": 0,
        "sequence": 15,
        "status": 1,
        "fuel": 5629,
        "fault": 0.3782,
        "weapon": 1,
        "pilot_injury": 0.8837,
        "pilot_skill": 0.3429,
        "mission_priority": 0.6839,
        "estimated_landing_time": 1416.0,
        "wait_time": 0,
        "Landing_success_rate": 1.0
    }
]