[
    {
        "model": 1,
        "sequence": 7,
        "status": 1,
        "fuel": 5580,
        "fault": 0.9458,
        "weapon": 1,
        "pilot_injury": 0.706,
        "pilot_skill": 0.2342,
        "mission_priority": 0.2696,
        "estimated_landing_time": 664.0,
        "wait_time": 0,
        "Landing_success_rate": 1.0
    },
    {
        "model": 1,
        "sequence": 16,
        "status": 1,
        "fuel": 6951,
        "fault": 0.5406,
        "weapon": 0,
        "pilot_injury": 0.1945,
        "pilot_skill": 0.7317,
        "mission_priority": 0.1541,
        "estimated_landing_time": 1510.0,
        "wait_time": 0,
        "Landing_success_rate": 1.0
    },
    {
        "model": 0,
        "sequence": 18,
        "status": 1,
        "fuel": 7172,
        "fault": 0.5791,
        "weapon": 0,
        "pilot_injury": 0.1057,
        "pilot_skill": 0.6941,
        "mission_priority": 0.5192,
        "estimated_landing_time": 1698.0,
        "wait_time": 0,
        "Landing_success_rate": 1.0
    },
    {
        "model": 1,
        "sequence": 8,
        "status": 1,
        "fuel": 5571,
        "fault": 0.0995,
        "weapon": 1,
        "pilot_injury": 0.2983,
        "pilot_skill": 0.263,
        "mission_priority": 0.1636,
        "estimated_landing_time": 758.0,
        "wait_time": 0,
        "Landing_success_rate": 1.0
    },
    {
        "model": 2,
        "sequence": 10,
        "status": 1,
        "fuel": 7193,
        "fault": 0.4028,
        "weapon": 0,
        "pilot_injury": 0.6834,
        "pilot_skill": 0.6839,
        "mission_priority": 0.5018,
        "estimated_landing_time": 946.0,
        "wait_time": 0,
        "Landing_success_rate": 1.0
    },
    {
        "model": 2,
        "sequence": 2,
        "status": 1,
        "fuel": 7377,
        "fault": 0.9871,
        "weapon": 0,
        "pilot_injury": 0.5798,
        "pilot_skill": 0.6189,
        "mission_priority": 0.2829,
        "estimated_landing_time": 194.0,
        "wait_time": 0,
        "Landing_success_rate": 1.0
    },
    {
        "model": 1,
        "sequence": 12,
        "status": 1,
        "fuel": 6985,
        "fault": 0.9759,
        "weapon": 0,
        "pilot_injury": 0.3486,
        "pilot_skill": 0.7218,
        "mission_priority": 0.0801,
        "estimated_landing_time": 1134.0,
        "wait_time": 0,
        "Landing_success_rate": 1.0
    },
    {
        "model": 2,
        "sequence": 4,
        "status": 1,
        "fuel": 6187,
        "fault": 0.8103,
        "weapon": 0,
        "pilot_injury": 0.56,
        "pilot_skill": 0.7389,
        "mission_priority": 0.8126,
        "estimated_landing_time": 382.0,
        "wait_time": 0,
        "Landing_success_rate": 1.0
    },
    {
        "model": 0,
        "sequence": 21,
        "status": 1,
        "fuel": 7372,
        "fault": 0.895,
        "weapon": 1,
        "pilot_injury": 0.6896,
        "pilot_skill": 0.3014,
        "mission_priority": 0.626,
        "estimated_landing_time": 1980.0,
        "wait_time": 0,
        "Landing_success_rate": 1.0
    },
    {
        "model": 2,
        "sequence": 1,
        "status": 1,
        "fuel": 7303,
        "fault": 0.5724,
        "weapon": 1,
        "pilot_injury": 0.5044,
        "pilot_skill": 0.5851,
        "mission_priority": 0.5132,
        "estimated_landing_time": 100.0,
        "wait_time": 0,
        "Landing_success_rate": 1.0
    },
    {
        "model": 0,
        "sequence": 15,
        "status": 1,
        "fuel": 7294,
        "fault": 0.9707,
        "weapon": 0,
        "pilot_injury": 0.0712,
        "pilot_skill": 0.0895,
        "mission_priority": 0.4338,
        "estimated_landing_time": 1416.0,
        "wait_time": 0,
        "Landing_success_rate": 1.0
    },
    {
        "model": 2,
        "sequence": 14,
        "status": 1,
        "fuel": 6056,
        "fault": 0.2541,
        "weapon": 0,
        "pilot_injury": 0.3048,
        "pilot_skill": 0.6879,
        "mission_priority": 0.864,
        "estimated_landing_time": 1322.0,
        "wait_time": 0,
        "Landing_success_rate": 1.0
    },
    {
        "model": 0,
        "sequence": 19,
        "status": 1,
        "fuel": 6590,
        "fault": 0.1818,
        "weapon": 1,
        "pilot_injury": 0.1162,
        "pilot_skill": 0.6163,
        "mission_priority": 0.4439,
        "estimated_landing_time": 1792.0,
        "wait_time": 0,
        "Landing_success_rate": 1.0
    },
    {
        "model": 0,
        "sequence": 20,
        "status": 1,
        "fuel": 6591,
        "fault": 0.3904,
        "weapon": 0,
        "pilot_injury": 0.1485,
        "pilot_skill": 0.5543,
        "mission_priority": 0.5271,
        "estimated_landing_time": 1886.0,
        "wait_time": 0,
        "Landing_success_rate": 1.0
    },
    {
        "model": 1,
        "sequence": 5,
        "status": 1,
        "fuel": 6119,
        "fault": 0.3096,
        "weapon": 0,
        "pilot_injury": 0.8879,
        "pilot_skill": 0.703,
        "mission_priority": 0.2161,
        "estimated_landing_time": 476.0,
        "wait_time": 0,
        "Landing_success_rate": 1.0
    },
    {
        "model": 0,
        "sequence": 24,
        "status": 1,
        "fuel": 7355,
        "fault": 0.1934,
        "weapon": 0,
        "pilot_injury": 0.8176,
        "pilot_skill": 0.8429,
        "mission_priority": 0.5205,
        "estimated_landing_time": 2262.0,
        "wait_time": 0,
        "Landing_success_rate": 1.0
    },
    {
        "model": 1,
        "sequence": 6,
        "status": 1,
        "fuel": 5966,
        "fault": 0.2275,
        "weapon": 0,
        "pilot_injury": 0.0352,
        "pilot_skill": 0.9118,
        "mission_priority": 0.7753,
        "estimated_landing_time": 570.0,
        "wait_time": 0,
        "Landing_success_rate": 1.0
    },
    {
        "model": 2,
        "sequence": 9,
        "status": 1,
        "fuel": 5740,
        "fault": 0.1342,
        "weapon": 0,
        "pilot_injury": 0.9556,
        "pilot_skill": 0.7721,
        "mission_priority": 0.8424,
        "estimated_landing_time": 852.0,
        "wait_time": 0,
        "Landing_success_rate": 1.0
    },
    {
        "model": 2,
        "sequence": 3,
        "status": 1,
        "fuel": 6756,
        "fault": 0.256,
        "weapon": 0,
        "pilot_injury": 0.8336,
        "pilot_skill": 0.1951,
        "mission_priority": 0.8926,
        "estimated_landing_time": 288.0,
        "wait_time": 0,
        "Landing_success_rate": 1.0
    },
    {
        "model": 2,
        "sequence": 11,
        "status": 1,
        "fuel": 6645,
        "fault": 0.2679,
        "weapon": 1,
        "pilot_injury": 0.4972,
        "pilot_skill": 0.094,
        "mission_priority": 0.2907,
        "estimated_landing_time": 1040.0,
        "wait_time": 0,
        "Landing_success_rate": 1.0
    },
    {
        "model": 0,
        "sequence": 13,
        "status": 1,
        "fuel": 5950,
        "fault": 0.4047,
        "weapon": 0,
        "pilot_injury": 0.3205,
        "pilot_skill": 0.9963,
        "mission_priority": 0.8456,
        "estimated_landing_time": 1228.0,
        "wait_time": 0,
        "Landing_success_rate": 1.0
    },
    {
        "model": 2,
        "sequence": 17,
        "status": 1,
        "fuel": 7404,
        "fault": 0.9138,
        "weapon": 1,
        "pilot_injury": 0.9014,
        "pilot_skill": 0.5574,
        "mission_priority": 0.8685,
        "estimated_landing_time": 1604.0,
        "wait_time": 0,
        "Landing_success_rate": 1.0
    },
    {
        "model": 2,
        "sequence": 23,
        "status": 1,
        "fuel": 6919,
        "fault": 0.6508,
        "weapon": 1,
        "pilot_injury": 0.6982,
        "pilot_skill": 0.2914,
        "mission_priority": 0.3362,
        "estimated_landing_time": 2168.0,
        "wait_time": 0,
        "Landing_success_rate": 1.0
    },
    {
        "model": 1,
        "sequence": 22,
        "status": 1,
        "fuel": 7194,
        "fault": 0.8708,
        "weapon": 0,
        "pilot_injury": 0.5826,
        "pilot_skill": 0.6988,
        "mission_priority": 0.8539,
        "estimated_landing_time": 2074.0,
        "wait_time": 0,
        "Landing_success_rate": 1.0
    }
]