[
    {
        "model": 2,
        "sequence": 17,
        "status": 1,
        "fuel": 7313,
        "fault": 0.021,
        "weapon": 0,
        "pilot_injury": 0.6568,
        "pilot_skill": 0.1982,
        "mission_priority": 0.144,
        "estimated_landing_time": 1604.0,
        "wait_time": 0,
        "Landing_success_rate": 1.0
    },
    {
        "model": 1,
        "sequence": 15,
        "status": 1,
        "fuel": 5661,
        "fault": 0.9688,
        "weapon": 1,
        "pilot_injury": 0.431,
        "pilot_skill": 0.2882,
        "mission_priority": 0.6039,
        "estimated_landing_time": 1416.0,
        "wait_time": 0,
        "Landing_success_rate": 1.0
    },
    {
        "model": 1,
        "sequence": 21,
        "status": 1,
        "fuel": 5741,
        "fault": 0.9968,
        "weapon": 0,
        "pilot_injury": 0.0329,
        "pilot_skill": 0.4992,
        "mission_priority": 0.6006,
        "estimated_landing_time": 1980.0,
        "wait_time": 0,
        "Landing_success_rate": 1.0
    },
    {
        "model": 0,
        "sequence": 20,
        "status": 1,
        "fuel": 6641,
        "fault": 0.6154,
        "weapon": 0,
        "pilot_injury": 0.2304,
        "pilot_skill": 0.6852,
        "mission_priority": 0.9819,
        "estimated_landing_time": 1886.0,
        "wait_time": 0,
        "Landing_success_rate": 1.0
    },
    {
        "model": 0,
        "sequence": 3,
        "status": 1,
        "fuel": 5627,
        "fault": 0.6861,
        "weapon": 0,
        "pilot_injury": 0.9482,
        "pilot_skill": 0.4868,
        "mission_priority": 0.7023,
        "estimated_landing_time": 288.0,
        "wait_time": 0,
        "Landing_success_rate": 1.0
    },
    {
        "model": 0,
        "sequence": 2,
        "status": 1,
        "fuel": 5544,
        "fault": 0.5381,
        "weapon": 0,
        "pilot_injury": 0.2614,
        "pilot_skill": 0.9466,
        "mission_priority": 0.7263,
        "estimated_landing_time": 194.0,
        "wait_time": 0,
        "Landing_success_rate": 1.0
    },
    {
        "model": 1,
        "sequence": 1,
        "status": 1,
        "fuel": 7195,
        "fault": 0.8239,
        "weapon": 1,
        "pilot_injury": 0.7965,
        "pilot_skill": 0.5471,
        "mission_priority": 0.65,
        "estimated_landing_time": 100.0,
        "wait_time": 0,
        "Landing_success_rate": 1.0
    },
    {
        "model": 2,
        "sequence": 7,
        "status": 1,
        "fuel": 6495,
        "fault": 0.5171,
        "weapon": 1,
        "pilot_injury": 0.5401,
        "pilot_skill": 0.7496,
        "mission_priority": 0.7276,
        "estimated_landing_time": 664.0,
        "wait_time": 0,
        "Landing_success_rate": 1.0
    },
    {
        "model": 2,
        "sequence": 13,
        "status": 1,
        "fuel": 5822,
        "fault": 0.4825,
        "weapon": 0,
        "pilot_injury": 0.4058,
        "pilot_skill": 0.9704,
        "mission_priority": 0.1124,
        "estimated_landing_time": 1228.0,
        "wait_time": 0,
        "Landing_success_rate": 1.0
    },
    {
        "model": 0,
        "sequence": 4,
        "status": 1,
        "fuel": 6763,
        "fault": 0.9505,
        "weapon": 1,
        "pilot_injury": 0.8367,
        "pilot_skill": 0.1637,
        "mission_priority": 0.277,
        "estimated_landing_time": 382.0,
        "wait_time": 0,
        "Landing_success_rate": 1.0
    },
    {
        "model": 2,
        "sequence": 6,
        "status": 1,
        "fuel": 7272,
        "fault": 0.2989,
        "weapon": 1,
        "pilot_injury": 0.2382,
        "pilot_skill": 0.3887,
        "mission_priority": 0.4437,
        "estimated_landing_time": 570.0,
        "wait_time": 0,
        "Landing_success_rate": 1.0
    },
    {
        "model": 0,
        "sequence": 14,
        "status": 1,
        "fuel": 7151,
        "fault": 0.3718,
        "weapon": 0,
        "pilot_injury": 0.1452,
        "pilot_skill": 0.5243,
        "mission_priority": 0.963,
        "estimated_landing_time": 1322.0,
        "wait_time": 0,
        "Landing_success_rate": 1.0
    },
    {
        "model": 2,
        "sequence": 23,
        "status": 1,
        "fuel": 5826,
        "fault": 0.0801,
        "weapon": 1,
        "pilot_injury": 0.8411,
        "pilot_skill": 0.036,
        "mission_priority": 0.6584,
        "estimated_landing_time": 2168.0,
        "wait_time": 0,
        "Landing_success_rate": 1.0
    },
    {
        "model": 1,
        "sequence": 12,
        "status": 1,
        "fuel": 6975,
        "fault": 0.7715,
        "weapon": 0,
        "pilot_injury": 0.2793,
        "pilot_skill": 0.3489,
        "mission_priority": 0.9232,
        "estimated_landing_time": 1134.0,
        "wait_time": 0,
        "Landing_success_rate": 1.0
    },
    {
        "model": 0,
        "sequence": 9,
        "status": 1,
        "fuel": 5843,
        "fault": 0.7828,
        "weapon": 1,
        "pilot_injury": 0.0305,
        "pilot_skill": 0.0909,
        "mission_priority": 0.8547,
        "estimated_landing_time": 852.0,
        "wait_time": 0,
        "Landing_success_rate": 1.0
    },
    {
        "model": 2,
        "sequence": 19,
        "status": 1,
        "fuel": 7225,
        "fault": 0.8453,
        "weapon": 1,
        "pilot_injury": 0.2094,
        "pilot_skill": 0.5371,
        "mission_priority": 0.7372,
        "estimated_landing_time": 1792.0,
        "wait_time": 0,
        "Landing_success_rate": 1.0
    },
    {
        "model": 1,
        "sequence": 10,
        "status": 1,
        "fuel": 5695,
        "fault": 0.2118,
        "weapon": 1,
        "pilot_injury": 0.9598,
        "pilot_skill": 0.6762,
        "mission_priority": 0.9078,
        "estimated_landing_time": 946.0,
        "wait_time": 0,
        "Landing_success_rate": 1.0
    },
    {
        "model": 2,
        "sequence": 11,
        "status": 1,
        "fuel": 6928,
        "fault": 0.0248,
        "weapon": 0,
        "pilot_injury": 0.08,
        "pilot_skill": 0.3595,
        "mission_priority": 0.8584,
        "estimated_landing_time": 1040.0,
        "wait_time": 0,
        "Landing_success_rate": 1.0
    },
    {
        "model": 1,
        "sequence": 8,
        "status": 1,
        "fuel": 6820,
        "fault": 0.9016,
        "weapon": 1,
        "pilot_injury": 0.3261,
        "pilot_skill": 0.2204,
        "mission_priority": 0.9253,
        "estimated_landing_time": 758.0,
        "wait_time": 0,
        "Landing_success_rate": 1.0
    },
    {
        "model": 1,
        "sequence": 16,
        "status": 1,
        "fuel": 5825,
        "fault": 0.4997,
        "weapon": 0,
        "pilot_injury": 0.4599,
        "pilot_skill": 0.607,
        "mission_priority": 0.1885,
        "estimated_landing_time": 1510.0,
        "wait_time": 0,
        "Landing_success_rate": 1.0
    },
    {
        "model": 2,
        "sequence": 18,
        "status": 1,
        "fuel": 7148,
        "fault": 0.559,
        "weapon": 0,
        "pilot_injury": 0.2686,
        "pilot_skill": 0.4948,
        "mission_priority": 0.0861,
        "estimated_landing_time": 1698.0,
        "wait_time": 0,
        "Landing_success_rate": 1.0
    },
    {
        "model": 2,
        "sequence": 5,
        "status": 1,
        "fuel": 6650,
        "fault": 0.672,
        "weapon": 1,
        "pilot_injury": 0.1444,
        "pilot_skill": 0.4421,
        "mission_priority": 0.3341,
        "estimated_landing_time": 476.0,
        "wait_time": 0,
        "Landing_success_rate": 1.0
    },
    {
        "model": 1,
        "sequence": 22,
        "status": 1,
        "fuel": 6856,
        "fault": 0.4837,
        "weapon": 0,
        "pilot_injury": 0.0085,
        "pilot_skill": 0.761,
        "mission_priority": 0.713,
        "estimated_landing_time": 2074.0,
        "wait_time": 0,
        "Landing_success_rate": 1.0
    },
    {
        "model": 1,
        "sequence": 24,
        "status": 1,
        "fuel": 5974,
        "fault": 0.554,
        "weapon": 1,
        "pilot_injury": 0.7549,
        "pilot_skill": 0.9552,
        "mission_priority": 0.2402,
        "estimated_landing_time": 2262.0,
        "wait_time": 0,
        "Landing_success_rate": 1.0
    }
]