[
    {
        "model": 2,
        "sequence": 8,
        "status": 1,
        "fuel": 6330,
        "fault": 0.3611,
        "weapon": 1,
        "pilot_injury": 0.1256,
        "pilot_skill": 0.1713,
        "mission_priority": 0.8274,
        "estimated_landing_time": 758.0,
        "wait_time": 0,
        "Landing_success_rate": 1.0
    },
    {
        "model": 2,
        "sequence": 2,
        "status": 1,
        "fuel": 6553,
        "fault": 0.3919,
        "weapon": 0,
        "pilot_injury": 0.8029,
        "pilot_skill": 0.2465,
        "mission_priority": 0.976,
        "estimated_landing_time": 194.0,
        "wait_time": 0,
        "Landing_success_rate": 1.0
    },
    {
        "model": 2,
        "sequence": 1,
        "status": 1,
        "fuel": 7391,
        "fault": 0.8861,
        "weapon": 1,
        "pilot_injury": 0.3119,
        "pilot_skill": 0.1221,
        "mission_priority": 0.1111,
        "estimated_landing_time": 100.0,
        "wait_time": 0,
        "Landing_success_rate": 1.0
    },
    {
        "model": 2,
        "sequence": 6,
        "status": 1,
        "fuel": 7073,
        "fault": 0.2405,
        "weapon": 0,
        "pilot_injury": 0.7905,
        "pilot_skill": 0.1411,
        "mission_priority": 0.5456,
        "estimated_landing_time": 570.0,
        "wait_time": 0,
        "Landing_success_rate": 1.0
    },
    {
        "model": 2,
        "sequence": 9,
        "status": 1,
        "fuel": 6573,
        "fault": 0.397,
        "weapon": 1,
        "pilot_injury": 0.6564,
        "pilot_skill": 0.5352,
        "mission_priority": 0.082,
        "estimated_landing_time": 852.0,
        "wait_time": 0,
        "Landing_success_rate": 1.0
    },
    {
        "model": 2,
        "sequence": 22,
        "status": 1,
        "fuel": 7359,
        "fault": 0.2706,
        "weapon": 1,
        "pilot_injury": 0.03,
        "pilot_skill": 0.4445,
        "mission_priority": 0.5046,
        "estimated_landing_time": 2074.0,
        "wait_time": 0,
        "Landing_success_rate": 1.0
    },
    {
        "model": 2,
        "sequence": 19,
        "status": 1,
        "fuel": 6079,
        "fault": 0.9773,
        "weapon": 1,
        "pilot_injury": 0.3518,
        "pilot_skill": 0.7617,
        "mission_priority": 0.5071,
        "estimated_landing_time": 1792.0,
        "wait_time": 0,
        "Landing_success_rate": 1.0
    },
    {
        "model": 2,
        "sequence": 24,
        "status": 1,
        "fuel": 5914,
        "fault": 0.2894,
        "weapon": 0,
        "pilot_injury": 0.768,
        "pilot_skill": 0.4344,
        "mission_priority": 0.4464,
        "estimated_landing_time": 2262.0,
        "wait_time": 0,
        "Landing_success_rate": 1.0
    },
    {
        "model": 2,
        "sequence": 11,
        "status": 1,
        "fuel": 5693,
        "fault": 0.3303,
        "weapon": 0,
        "pilot_injury": 0.5007,
        "pilot_skill": 0.6449,
        "mission_priority": 0.0235,
        "estimated_landing_time": 1040.0,
        "wait_time": 0,
        "Landing_success_rate": 1.0
    },
    {
        "model": 1,
        "sequence": 17,
        "status": 1,
        "fuel": 6426,
        "fault": 0.6891,
        "weapon": 0,
        "pilot_injury": 0.1292,
        "pilot_skill": 0.0995,
        "mission_priority": 0.6032,
        "estimated_landing_time": 1604.0,
        "wait_time": 0,
        "Landing_success_rate": 1.0
    },
    {
        "model": 2,
        "sequence": 20,
        "status": 1,
        "fuel": 7402,
        "fault": 0.8184,
        "weapon": 0,
        "pilot_injury": 0.471,
        "pilot_skill": 0.4922,
        "mission_priority": 0.195,
        "estimated_landing_time": 1886.0,
        "wait_time": 0,
        "Landing_success_rate": 1.0
    },
    {
        "model": 0,
        "sequence": 15,
        "status": 1,
        "fuel": 6058,
        "fault": 0.2103,
        "weapon": 1,
        "pilot_injury": 0.7915,
        "pilot_skill": 0.6025,
        "mission_priority": 0.5116,
        "estimated_landing_time": 1416.0,
        "wait_time": 0,
        "Landing_success_rate": 1.0
    },
    {
        "model": 1,
        "sequence": 21,
        "status": 1,
        "fuel": 6030,
        "fault": 0.126,
        "weapon": 1,
        "pilot_injury": 0.0933,
        "pilot_skill": 0.9638,
        "mission_priority": 0.1351,
        "estimated_landing_time": 1980.0,
        "wait_time": 0,
        "Landing_success_rate": 1.0
    },
    {
        "model": 2,
        "sequence": 4,
        "status": 1,
        "fuel": 5694,
        "fault": 0.6765,
        "weapon": 0,
        "pilot_injury": 0.9439,
        "pilot_skill": 0.7658,
        "mission_priority": 0.0054,
        "estimated_landing_time": 382.0,
        "wait_time": 0,
        "Landing_success_rate": 1.0
    },
    {
        "model": 0,
        "sequence": 3,
        "status": 1,
        "fuel": 6193,
        "fault": 0.4291,
        "weapon": 1,
        "pilot_injury": 0.1434,
        "pilot_skill": 0.0184,
        "mission_priority": 0.4641,
        "estimated_landing_time": 288.0,
        "wait_time": 0,
        "Landing_success_rate": 1.0
    },
    {
        "model": 2,
        "sequence": 18,
        "status": 1,
        "fuel": 5797,
        "fault": 0.2333,
        "weapon": 0,
        "pilot_injury": 0.6611,
        "pilot_skill": 0.6522,
        "mission_priority": 0.2511,
        "estimated_landing_time": 1698.0,
        "wait_time": 0,
        "Landing_success_rate": 1.0
    },
    {
        "model": 0,
        "sequence": 23,
        "status": 1,
        "fuel": 6769,
        "fault": 0.131,
        "weapon": 1,
        "pilot_injury": 0.122,
        "pilot_skill": 0.7014,
        "mission_priority": 0.1134,
        "estimated_landing_time": 2168.0,
        "wait_time": 0,
        "Landing_success_rate": 1.0
    },
    {
        "model": 0,
        "sequence": 13,
        "status": 1,
        "fuel": 5835,
        "fault": 0.3413,
        "weapon": 1,
        "pilot_injury": 0.5941,
        "pilot_skill": 0.4114,
        "mission_priority": 0.1264,
        "estimated_landing_time": 1228.0,
        "wait_time": 0,
        "Landing_success_rate": 1.0
    },
    {
        "model": 0,
        "sequence": 7,
        "status": 1,
        "fuel": 7381,
        "fault": 0.0137,
        "weapon": 1,
        "pilot_injury": 0.8068,
        "pilot_skill": 0.842,
        "mission_priority": 0.4827,
        "estimated_landing_time": 664.0,
        "wait_time": 0,
        "Landing_success_rate": 1.0
    },
    {
        "model": 0,
        "sequence": 10,
        "status": 1,
        "fuel": 6077,
        "fault": 0.4264,
        "weapon": 1,
        "pilot_injury": 0.7243,
        "pilot_skill": 0.4926,
        "mission_priority": 0.6334,
        "estimated_landing_time": 946.0,
        "wait_time": 0,
        "Landing_success_rate": 1.0
    },
    {
        "model": 1,
        "sequence": 14,
        "status": 1,
        "fuel": 6068,
        "fault": 0.9653,
        "weapon": 0,
        "pilot_injury": 0.806,
        "pilot_skill": 0.592,
        "mission_priority": 0.1659,
        "estimated_landing_time": 1322.0,
        "wait_time": 0,
        "Landing_success_rate": 1.0
    },
    {
        "model": 1,
        "sequence": 16,
        "status": 1,
        "fuel": 6370,
        "fault": 0.5003,
        "weapon": 1,
        "pilot_injury": 0.5467,
        "pilot_skill": 0.8398,
        "mission_priority": 0.1275,
        "estimated_landing_time": 1510.0,
        "wait_time": 0,
        "Landing_success_rate": 1.0
    },
    {
        "model": 0,
        "sequence": 5,
        "status": 1,
        "fuel": 6173,
        "fault": 0.9173,
        "weapon": 1,
        "pilot_injury": 0.1507,
        "pilot_skill": 0.8516,
        "mission_priority": 0.9915,
        "estimated_landing_time": 476.0,
        "wait_time": 0,
        "Landing_success_rate": 1.0
    },
    {
        "model": 2,
        "sequence": 12,
        "status": 1,
        "fuel": 6545,
        "fault": 0.5255,
        "weapon": 1,
        "pilot_injury": 0.9944,
        "pilot_skill": 0.6055,
        "mission_priority": 0.3079,
        "estimated_landing_time": 1134.0,
        "wait_time": 0,
        "Landing_success_rate": 1.0
    }
]