[
    {
        "model": 2,
        "sequence": 18,
        "status": 1,
        "fuel": 5665,
        "fault": 0.869,
        "weapon": 1,
        "pilot_injury": 0.6453,
        "pilot_skill": 0.4147,
        "mission_priority": 0.9304,
        "estimated_landing_time": 1698.0,
        "wait_time": 0,
        "Landing_success_rate": 1.0
    },
    {
        "model": 0,
        "sequence": 3,
        "status": 1,
        "fuel": 7369,
        "fault": 0.7762,
        "weapon": 1,
        "pilot_injury": 0.1308,
        "pilot_skill": 0.6758,
        "mission_priority": 0.5599,
        "estimated_landing_time": 288.0,
        "wait_time": 0,
        "Landing_success_rate": 1.0
    },
    {
        "model": 2,
        "sequence": 6,
        "status": 1,
        "fuel": 6725,
        "fault": 0.3048,
        "weapon": 0,
        "pilot_injury": 0.6252,
        "pilot_skill": 0.9864,
        "mission_priority": 0.5336,
        "estimated_landing_time": 570.0,
        "wait_time": 0,
        "Landing_success_rate": 1.0
    },
    {
        "model": 1,
        "sequence": 14,
        "status": 1,
        "fuel": 7455,
        "fault": 0.6614,
        "weapon": 1,
        "pilot_injury": 0.2519,
        "pilot_skill": 0.7773,
        "mission_priority": 0.9571,
        "estimated_landing_time": 1322.0,
        "wait_time": 0,
        "Landing_success_rate": 1.0
    },
    {
        "model": 2,
        "sequence": 7,
        "status": 1,
        "fuel": 5714,
        "fault": 0.7649,
        "weapon": 0,
        "pilot_injury": 0.4604,
        "pilot_skill": 0.3644,
        "mission_priority": 0.353,
        "estimated_landing_time": 664.0,
        "wait_time": 0,
        "Landing_success_rate": 1.0
    },
    {
        "model": 2,
        "sequence": 2,
        "status": 1,
        "fuel": 6107,
        "fault": 0.7216,
        "weapon": 0,
        "pilot_injury": 0.6785,
        "pilot_skill": 0.1984,
        "mission_priority": 0.494,
        "estimated_landing_time": 194.0,
        "wait_time": 0,
        "Landing_success_rate": 1.0
    },
    {
        "model": 2,
        "sequence": 15,
        "status": 1,
        "fuel": 6639,
        "fault": 0.8822,
        "weapon": 1,
        "pilot_injury": 0.5366,
        "pilot_skill": 0.7711,
        "mission_priority": 0.6613,
        "estimated_landing_time": 1416.0,
        "wait_time": 0,
        "Landing_success_rate": 1.0
    },
    {
        "model": 1,
        "sequence": 16,
        "status": 1,
        "fuel": 6579,
        "fault": 0.2492,
        "weapon": 1,
        "pilot_injury": 0.1626,
        "pilot_skill": 0.9955,
        "mission_priority": 0.1189,
        "estimated_landing_time": 1510.0,
        "wait_time": 0,
        "Landing_success_rate": 1.0
    },
    {
        "model": 0,
        "sequence": 10,
        "status": 1,
        "fuel": 6249,
        "fault": 0.1553,
        "weapon": 1,
        "pilot_injury": 0.245,
        "pilot_skill": 0.7297,
        "mission_priority": 0.811,
        "estimated_landing_time": 946.0,
        "wait_time": 0,
        "Landing_success_rate": 1.0
    },
    {
        "model": 2,
        "sequence": 22,
        "status": 1,
        "fuel": 5550,
        "fault": 0.7873,
        "weapon": 1,
        "pilot_injury": 0.294,
        "pilot_skill": 0.7102,
        "mission_priority": 0.1154,
        "estimated_landing_time": 2074.0,
        "wait_time": 0,
        "Landing_success_rate": 1.0
    },
    {
        "model": 2,
        "sequence": 20,
        "status": 1,
        "fuel": 7356,
        "fault": 0.8152,
        "weapon": 0,
        "pilot_injury": 0.3677,
        "pilot_skill": 0.5911,
        "mission_priority": 0.5038,
        "estimated_landing_time": 1886.0,
        "wait_time": 0,
        "Landing_success_rate": 1.0
    },
    {
        "model": 1,
        "sequence": 1,
        "status": 1,
        "fuel": 6594,
        "fault": 0.904,
        "weapon": 1,
        "pilot_injury": 0.0557,
        "pilot_skill": 0.574,
        "mission_priority": 0.863,
        "estimated_landing_time": 100.0,
        "wait_time": 0,
        "Landing_success_rate": 1.0
    },
    {
        "model": 0,
        "sequence": 8,
        "status": 1,
        "fuel": 6945,
        "fault": 0.8694,
        "weapon": 1,
        "pilot_injury": 0.5605,
        "pilot_skill": 0.3321,
        "mission_priority": 0.1549,
        "estimated_landing_time": 758.0,
        "wait_time": 0,
        "Landing_success_rate": 1.0
    },
    {
        "model": 2,
        "sequence": 11,
        "status": 1,
        "fuel": 6368,
        "fault": 0.3665,
        "weapon": 1,
        "pilot_injury": 0.9333,
        "pilot_skill": 0.806,
        "mission_priority": 0.693,
        "estimated_landing_time": 1040.0,
        "wait_time": 0,
        "Landing_success_rate": 1.0
    },
    {
        "model": 1,
        "sequence": 24,
        "status": 1,
        "fuel": 5988,
        "fault": 0.6437,
        "weapon": 0,
        "pilot_injury": 0.1975,
        "pilot_skill": 0.9108,
        "mission_priority": 0.1746,
        "estimated_landing_time": 2262.0,
        "wait_time": 0,
        "Landing_success_rate": 1.0
    },
    {
        "model": 0,
        "sequence": 23,
        "status": 1,
        "fuel": 6359,
        "fault": 0.2053,
        "weapon": 0,
        "pilot_injury": 0.2634,
        "pilot_skill": 0.2099,
        "mission_priority": 0.5991,
        "estimated_landing_time": 2168.0,
        "wait_time": 0,
        "Landing_success_rate": 1.0
    },
    {
        "model": 0,
        "sequence": 19,
        "status": 1,
        "fuel": 6984,
        "fault": 0.4963,
        "weapon": 1,
        "pilot_injury": 0.3722,
        "pilot_skill": 0.7207,
        "mission_priority": 0.5548,
        "estimated_landing_time": 1792.0,
        "wait_time": 0,
        "Landing_success_rate": 1.0
    },
    {
        "model": 2,
        "sequence": 13,
        "status": 1,
        "fuel": 5964,
        "fault": 0.8223,
        "weapon": 1,
        "pilot_injury": 0.3655,
        "pilot_skill": 0.9361,
        "mission_priority": 0.0549,
        "estimated_landing_time": 1228.0,
        "wait_time": 0,
        "Landing_success_rate": 1.0
    },
    {
        "model": 2,
        "sequence": 9,
        "status": 1,
        "fuel": 6091,
        "fault": 0.3699,
        "weapon": 0,
        "pilot_injury": 0.8039,
        "pilot_skill": 0.184,
        "mission_priority": 0.2959,
        "estimated_landing_time": 852.0,
        "wait_time": 0,
        "Landing_success_rate": 1.0
    },
    {
        "model": 2,
        "sequence": 12,
        "status": 1,
        "fuel": 6584,
        "fault": 0.2004,
        "weapon": 1,
        "pilot_injury": 0.8119,
        "pilot_skill": 0.7189,
        "mission_priority": 0.7296,
        "estimated_landing_time": 1134.0,
        "wait_time": 0,
        "Landing_success_rate": 1.0
    },
    {
        "model": 2,
        "sequence": 5,
        "status": 1,
        "fuel": 6283,
        "fault": 0.9689,
        "weapon": 0,
        "pilot_injury": 0.6798,
        "pilot_skill": 0.8309,
        "mission_priority": 0.0416,
        "estimated_landing_time": 476.0,
        "wait_time": 0,
        "Landing_success_rate": 1.0
    },
    {
        "model": 1,
        "sequence": 17,
        "status": 1,
        "fuel": 6687,
        "fault": 0.4143,
        "weapon": 1,
        "pilot_injury": 0.1488,
        "pilot_skill": 0.5584,
        "mission_priority": 0.9173,
        "estimated_landing_time": 1604.0,
        "wait_time": 0,
        "Landing_success_rate": 1.0
    },
    {
        "model": 1,
        "sequence": 4,
        "status": 1,
        "fuel": 6497,
        "fault": 0.9635,
        "weapon": 0,
        "pilot_injury": 0.0002,
        "pilot_skill": 0.1685,
        "mission_priority": 0.0304,
        "estimated_landing_time": 382.0,
        "wait_time": 0,
        "Landing_success_rate": 1.0
    },
    {
        "model": 2,
        "sequence": 21,
        "status": 1,
        "fuel": 6579,
        "fault": 0.0183,
        "weapon": 1,
        "pilot_injury": 0.097,
        "pilot_skill": 0.6064,
        "mission_priority": 0.4515,
        "estimated_landing_time": 1980.0,
        "wait_time": 0,
        "Landing_success_rate": 1.0
    }
]