[
    {
        "model": 1,
        "sequence": 6,
        "status": 1,
        "fuel": 7281,
        "fault": 0.6351,
        "weapon": 1,
        "pilot_injury": 0.2609,
        "pilot_skill": 0.0153,
        "mission_priority": 0.9334,
        "estimated_landing_time": 570.0,
        "wait_time": 0,
        "Landing_success_rate": 1.0
    },
    {
        "model": 2,
        "sequence": 8,
        "status": 1,
        "fuel": 7131,
        "fault": 0.8565,
        "weapon": 0,
        "pilot_injury": 0.684,
        "pilot_skill": 0.6159,
        "mission_priority": 0.9439,
        "estimated_landing_time": 758.0,
        "wait_time": 0,
        "Landing_success_rate": 1.0
    },
    {
        "model": 1,
        "sequence": 2,
        "status": 1,
        "fuel": 5757,
        "fault": 0.0265,
        "weapon": 1,
        "pilot_injury": 0.6364,
        "pilot_skill": 0.8009,
        "mission_priority": 0.6772,
        "estimated_landing_time": 194.0,
        "wait_time": 0,
        "Landing_success_rate": 1.0
    },
    {
        "model": 0,
        "sequence": 21,
        "status": 1,
        "fuel": 7198,
        "fault": 0.6433,
        "weapon": 0,
        "pilot_injury": 0.8112,
        "pilot_skill": 0.8206,
        "mission_priority": 0.6259,
        "estimated_landing_time": 1980.0,
        "wait_time": 0,
        "Landing_success_rate": 1.0
    },
    {
        "model": 1,
        "sequence": 9,
        "status": 1,
        "fuel": 7100,
        "fault": 0.9612,
        "weapon": 1,
        "pilot_injury": 0.2067,
        "pilot_skill": 0.274,
        "mission_priority": 0.2146,
        "estimated_landing_time": 852.0,
        "wait_time": 0,
        "Landing_success_rate": 1.0
    },
    {
        "model": 0,
        "sequence": 17,
        "status": 1,
        "fuel": 6825,
        "fault": 0.0182,
        "weapon": 0,
        "pilot_injury": 0.6183,
        "pilot_skill": 0.3366,
        "mission_priority": 0.6557,
        "estimated_landing_time": 1604.0,
        "wait_time": 0,
        "Landing_success_rate": 1.0
    },
    {
        "model": 1,
        "sequence": 13,
        "status": 1,
        "fuel": 6104,
        "fault": 0.8449,
        "weapon": 1,
        "pilot_injury": 0.3406,
        "pilot_skill": 0.2607,
        "mission_priority": 0.496,
        "estimated_landing_time": 1228.0,
        "wait_time": 0,
        "Landing_success_rate": 1.0
    },
    {
        "model": 2,
        "sequence": 24,
        "status": 1,
        "fuel": 6325,
        "fault": 0.6967,
        "weapon": 0,
        "pilot_injury": 0.9366,
        "pilot_skill": 0.0392,
        "mission_priority": 0.4179,
        "estimated_landing_time": 2262.0,
        "wait_time": 0,
        "Landing_success_rate": 1.0
    },
    {
        "model": 2,
        "sequence": 19,
        "status": 1,
        "fuel": 6520,
        "fault": 0.282,
        "weapon": 1,
        "pilot_injury": 0.4235,
        "pilot_skill": 0.5685,
        "mission_priority": 0.5759,
        "estimated_landing_time": 1792.0,
        "wait_time": 0,
        "Landing_success_rate": 1.0
    },
    {
        "model": 0,
        "sequence": 11,
        "status": 1,
        "fuel": 6622,
        "fault": 0.4126,
        "weapon": 1,
        "pilot_injury": 0.25,
        "pilot_skill": 0.5805,
        "mission_priority": 0.8671,
        "estimated_landing_time": 1040.0,
        "wait_time": 0,
        "Landing_success_rate": 1.0
    },
    {
        "model": 0,
        "sequence": 10,
        "status": 1,
        "fuel": 7259,
        "fault": 0.8584,
        "weapon": 0,
        "pilot_injury": 0.6798,
        "pilot_skill": 0.7399,
        "mission_priority": 0.2382,
        "estimated_landing_time": 946.0,
        "wait_time": 0,
        "Landing_success_rate": 1.0
    },
    {
        "model": 0,
        "sequence": 15,
        "status": 1,
        "fuel": 7321,
        "fault": 0.9026,
        "weapon": 1,
        "pilot_injury": 0.4966,
        "pilot_skill": 0.3896,
        "mission_priority": 0.2976,
        "estimated_landing_time": 1416.0,
        "wait_time": 0,
        "Landing_success_rate": 1.0
    },
    {
        "model": 1,
        "sequence": 4,
        "status": 1,
        "fuel": 6542,
        "fault": 0.3892,
        "weapon": 1,
        "pilot_injury": 0.9585,
        "pilot_skill": 0.8471,
        "mission_priority": 0.3549,
        "estimated_landing_time": 382.0,
        "wait_time": 0,
        "Landing_success_rate": 1.0
    },
    {
        "model": 1,
        "sequence": 1,
        "status": 1,
        "fuel": 7319,
        "fault": 0.9501,
        "weapon": 1,
        "pilot_injury": 0.4825,
        "pilot_skill": 0.493,
        "mission_priority": 0.0833,
        "estimated_landing_time": 100.0,
        "wait_time": 0,
        "Landing_success_rate": 1.0
    },
    {
        "model": 0,
        "sequence": 18,
        "status": 1,
        "fuel": 6592,
        "fault": 0.2932,
        "weapon": 0,
        "pilot_injury": 0.5537,
        "pilot_skill": 0.2127,
        "mission_priority": 0.9462,
        "estimated_landing_time": 1698.0,
        "wait_time": 0,
        "Landing_success_rate": 1.0
    },
    {
        "model": 2,
        "sequence": 20,
        "status": 1,
        "fuel": 6667,
        "fault": 0.7896,
        "weapon": 0,
        "pilot_injury": 0.9309,
        "pilot_skill": 0.9742,
        "mission_priority": 0.9959,
        "estimated_landing_time": 1886.0,
        "wait_time": 0,
        "Landing_success_rate": 1.0
    },
    {
        "model": 1,
        "sequence": 14,
        "status": 1,
        "fuel": 6133,
        "fault": 0.4415,
        "weapon": 0,
        "pilot_injury": 0.5459,
        "pilot_skill": 0.7058,
        "mission_priority": 0.9687,
        "estimated_landing_time": 1322.0,
        "wait_time": 0,
        "Landing_success_rate": 1.0
    },
    {
        "model": 1,
        "sequence": 23,
        "status": 1,
        "fuel": 6532,
        "fault": 0.7615,
        "weapon": 1,
        "pilot_injury": 0.8669,
        "pilot_skill": 0.8385,
        "mission_priority": 0.4261,
        "estimated_landing_time": 2168.0,
        "wait_time": 0,
        "Landing_success_rate": 1.0
    },
    {
        "model": 1,
        "sequence": 16,
        "status": 1,
        "fuel": 6691,
        "fault": 0.0728,
        "weapon": 1,
        "pilot_injury": 0.8919,
        "pilot_skill": 0.1466,
        "mission_priority": 0.5133,
        "estimated_landing_time": 1510.0,
        "wait_time": 0,
        "Landing_success_rate": 1.0
    },
    {
        "model": 0,
        "sequence": 12,
        "status": 1,
        "fuel": 6945,
        "fault": 0.9866,
        "weapon": 1,
        "pilot_injury": 0.8631,
        "pilot_skill": 0.8804,
        "mission_priority": 0.2367,
        "estimated_landing_time": 1134.0,
        "wait_time": 0,
        "Landing_success_rate": 1.0
    },
    {
        "model": 0,
        "sequence": 3,
        "status": 1,
        "fuel": 6850,
        "fault": 0.986,
        "weapon": 1,
        "pilot_injury": 0.3502,
        "pilot_skill": 0.7082,
        "mission_priority": 0.4817,
        "estimated_landing_time": 288.0,
        "wait_time": 0,
        "Landing_success_rate": 1.0
    },
    {
        "model": 0,
        "sequence": 22,
        "status": 1,
        "fuel": 6375,
        "fault": 0.5584,
        "weapon": 0,
        "pilot_injury": 0.2487,
        "pilot_skill": 0.3303,
        "mission_priority": 0.4345,
        "estimated_landing_time": 2074.0,
        "wait_time": 0,
        "Landing_success_rate": 1.0
    },
    {
        "model": 0,
        "sequence": 5,
        "status": 1,
        "fuel": 5672,
        "fault": 0.0114,
        "weapon": 1,
        "pilot_injury": 0.5715,
        "pilot_skill": 0.741,
        "mission_priority": 0.7672,
        "estimated_landing_time": 476.0,
        "wait_time": 0,
        "Landing_success_rate": 1.0
    },
    {
        "model": 0,
        "sequence": 7,
        "status": 1,
        "fuel": 6394,
        "fault": 0.6492,
        "weapon": 0,
        "pilot_injury": 0.681,
        "pilot_skill": 0.2375,
        "mission_priority": 0.4002,
        "estimated_landing_time": 664.0,
        "wait_time": 0,
        "Landing_success_rate": 1.0
    }
]