[
    {
        "model": 2,
        "sequence": 4,
        "status": 1,
        "fuel": 6559,
        "fault": 0.8141,
        "weapon": 1,
        "pilot_injury": 0.4113,
        "pilot_skill": 0.4603,
        "mission_priority": 0.116,
        "estimated_landing_time": 382.0,
        "wait_time": 0,
        "Landing_success_rate": 1.0
    },
    {
        "model": 1,
        "sequence": 6,
        "status": 1,
        "fuel": 7475,
        "fault": 0.5065,
        "weapon": 1,
        "pilot_injury": 0.8168,
        "pilot_skill": 0.1963,
        "mission_priority": 0.2051,
        "estimated_landing_time": 570.0,
        "wait_time": 0,
        "Landing_success_rate": 1.0
    },
    {
        "model": 2,
        "sequence": 24,
        "status": 1,
        "fuel": 6601,
        "fault": 0.846,
        "weapon": 1,
        "pilot_injury": 0.0658,
        "pilot_skill": 0.6222,
        "mission_priority": 0.5852,
        "estimated_landing_time": 2262.0,
        "wait_time": 0,
        "Landing_success_rate": 1.0
    },
    {
        "model": 0,
        "sequence": 1,
        "status": 1,
        "fuel": 7367,
        "fault": 0.7443,
        "weapon": 0,
        "pilot_injury": 0.3041,
        "pilot_skill": 0.4497,
        "mission_priority": 0.5438,
        "estimated_landing_time": 100.0,
        "wait_time": 0,
        "Landing_success_rate": 1.0
    },
    {
        "model": 2,
        "sequence": 23,
        "status": 1,
        "fuel": 6465,
        "fault": 0.962,
        "weapon": 0,
        "pilot_injury": 0.3745,
        "pilot_skill": 0.0808,
        "mission_priority": 0.3873,
        "estimated_landing_time": 2168.0,
        "wait_time": 0,
        "Landing_success_rate": 1.0
    },
    {
        "model": 2,
        "sequence": 3,
        "status": 1,
        "fuel": 7499,
        "fault": 0.2106,
        "weapon": 0,
        "pilot_injury": 0.6945,
        "pilot_skill": 0.0555,
        "mission_priority": 0.2845,
        "estimated_landing_time": 288.0,
        "wait_time": 0,
        "Landing_success_rate": 1.0
    },
    {
        "model": 0,
        "sequence": 12,
        "status": 1,
        "fuel": 5565,
        "fault": 0.7316,
        "weapon": 1,
        "pilot_injury": 0.8555,
        "pilot_skill": 0.0919,
        "mission_priority": 0.8345,
        "estimated_landing_time": 1134.0,
        "wait_time": 0,
        "Landing_success_rate": 1.0
    },
    {
        "model": 0,
        "sequence": 10,
        "status": 1,
        "fuel": 5745,
        "fault": 0.4815,
        "weapon": 1,
        "pilot_injury": 0.1529,
        "pilot_skill": 0.0662,
        "mission_priority": 0.2159,
        "estimated_landing_time": 946.0,
        "wait_time": 0,
        "Landing_success_rate": 1.0
    },
    {
        "model": 1,
        "sequence": 11,
        "status": 1,
        "fuel": 7310,
        "fault": 0.9558,
        "weapon": 0,
        "pilot_injury": 0.5144,
        "pilot_skill": 0.5888,
        "mission_priority": 0.7899,
        "estimated_landing_time": 1040.0,
        "wait_time": 0,
        "Landing_success_rate": 1.0
    },
    {
        "model": 1,
        "sequence": 8,
        "status": 1,
        "fuel": 7151,
        "fault": 0.4948,
        "weapon": 1,
        "pilot_injury": 0.4118,
        "pilot_skill": 0.4738,
        "mission_priority": 0.4145,
        "estimated_landing_time": 758.0,
        "wait_time": 0,
        "Landing_success_rate": 1.0
    },
    {
        "model": 1,
        "sequence": 5,
        "status": 1,
        "fuel": 5856,
        "fault": 0.1536,
        "weapon": 0,
        "pilot_injury": 0.0057,
        "pilot_skill": 0.6513,
        "mission_priority": 0.2025,
        "estimated_landing_time": 476.0,
        "wait_time": 0,
        "Landing_success_rate": 1.0
    },
    {
        "model": 0,
        "sequence": 9,
        "status": 1,
        "fuel": 7034,
        "fault": 0.2539,
        "weapon": 0,
        "pilot_injury": 0.0767,
        "pilot_skill": 0.1064,
        "mission_priority": 0.4952,
        "estimated_landing_time": 852.0,
        "wait_time": 0,
        "Landing_success_rate": 1.0
    },
    {
        "model": 2,
        "sequence": 13,
        "status": 1,
        "fuel": 6573,
        "fault": 0.643,
        "weapon": 0,
        "pilot_injury": 0.7168,
        "pilot_skill": 0.5949,
        "mission_priority": 0.3248,
        "estimated_landing_time": 1228.0,
        "wait_time": 0,
        "Landing_success_rate": 1.0
    },
    {
        "model": 2,
        "sequence": 17,
        "status": 1,
        "fuel": 7271,
        "fault": 0.481,
        "weapon": 1,
        "pilot_injury": 0.2148,
        "pilot_skill": 0.8345,
        "mission_priority": 0.4203,
        "estimated_landing_time": 1604.0,
        "wait_time": 0,
        "Landing_success_rate": 1.0
    },
    {
        "model": 1,
        "sequence": 14,
        "status": 1,
        "fuel": 5729,
        "fault": 0.2301,
        "weapon": 1,
        "pilot_injury": 0.8636,
        "pilot_skill": 0.3715,
        "mission_priority": 0.2089,
        "estimated_landing_time": 1322.0,
        "wait_time": 0,
        "Landing_success_rate": 1.0
    },
    {
        "model": 1,
        "sequence": 15,
        "status": 1,
        "fuel": 5814,
        "fault": 0.4208,
        "weapon": 0,
        "pilot_injury": 0.192,
        "pilot_skill": 0.9044,
        "mission_priority": 0.1981,
        "estimated_landing_time": 1416.0,
        "wait_time": 0,
        "Landing_success_rate": 1.0
    },
    {
        "model": 0,
        "sequence": 2,
        "status": 1,
        "fuel": 6629,
        "fault": 0.4807,
        "weapon": 0,
        "pilot_injury": 0.6223,
        "pilot_skill": 0.6617,
        "mission_priority": 0.311,
        "estimated_landing_time": 194.0,
        "wait_time": 0,
        "Landing_success_rate": 1.0
    },
    {
        "model": 2,
        "sequence": 19,
        "status": 1,
        "fuel": 6893,
        "fault": 0.9118,
        "weapon": 1,
        "pilot_injury": 0.6802,
        "pilot_skill": 0.0581,
        "mission_priority": 0.9291,
        "estimated_landing_time": 1792.0,
        "wait_time": 0,
        "Landing_success_rate": 1.0
    },
    {
        "model": 1,
        "sequence": 18,
        "status": 1,
        "fuel": 6410,
        "fault": 0.9817,
        "weapon": 0,
        "pilot_injury": 0.1715,
        "pilot_skill": 0.7715,
        "mission_priority": 0.2234,
        "estimated_landing_time": 1698.0,
        "wait_time": 0,
        "Landing_success_rate": 1.0
    },
    {
        "model": 0,
        "sequence": 21,
        "status": 1,
        "fuel": 5591,
        "fault": 0.0326,
        "weapon": 0,
        "pilot_injury": 0.8588,
        "pilot_skill": 0.4036,
        "mission_priority": 0.7024,
        "estimated_landing_time": 1980.0,
        "wait_time": 0,
        "Landing_success_rate": 1.0
    },
    {
        "model": 1,
        "sequence": 7,
        "status": 1,
        "fuel": 7401,
        "fault": 0.831,
        "weapon": 1,
        "pilot_injury": 0.3151,
        "pilot_skill": 0.5237,
        "mission_priority": 0.4854,
        "estimated_landing_time": 664.0,
        "wait_time": 0,
        "Landing_success_rate": 1.0
    },
    {
        "model": 0,
        "sequence": 16,
        "status": 1,
        "fuel": 6138,
        "fault": 0.9262,
        "weapon": 1,
        "pilot_injury": 0.1659,
        "pilot_skill": 0.1495,
        "mission_priority": 0.5769,
        "estimated_landing_time": 1510.0,
        "wait_time": 0,
        "Landing_success_rate": 1.0
    },
    {
        "model": 2,
        "sequence": 20,
        "status": 1,
        "fuel": 6194,
        "fault": 0.7217,
        "weapon": 1,
        "pilot_injury": 0.3907,
        "pilot_skill": 0.9466,
        "mission_priority": 0.2466,
        "estimated_landing_time": 1886.0,
        "wait_time": 0,
        "Landing_success_rate": 1.0
    },
    {
        "model": 0,
        "sequence": 22,
        "status": 1,
        "fuel": 5919,
        "fault": 0.7401,
        "weapon": 1,
        "pilot_injury": 0.8938,
        "pilot_skill": 0.8838,
        "mission_priority": 0.317,
        "estimated_landing_time": 2074.0,
        "wait_time": 0,
        "Landing_success_rate": 1.0
    }
]