[
    {
        "model": 2,
        "sequence": 6,
        "status": 1,
        "fuel": 6693,
        "fault": 0.674,
        "weapon": 1,
        "pilot_injury": 0.5978,
        "pilot_skill": 0.6647,
        "mission_priority": 0.4193,
        "estimated_landing_time": 570.0,
        "wait_time": 0,
        "Landing_success_rate": 1.0
    },
    {
        "model": 1,
        "sequence": 8,
        "status": 1,
        "fuel": 5932,
        "fault": 0.2823,
        "weapon": 1,
        "pilot_injury": 0.5046,
        "pilot_skill": 0.0074,
        "mission_priority": 0.6917,
        "estimated_landing_time": 758.0,
        "wait_time": 0,
        "Landing_success_rate": 1.0
    },
    {
        "model": 2,
        "sequence": 18,
        "status": 1,
        "fuel": 5746,
        "fault": 0.7974,
        "weapon": 0,
        "pilot_injury": 0.3683,
        "pilot_skill": 0.979,
        "mission_priority": 0.4207,
        "estimated_landing_time": 1698.0,
        "wait_time": 0,
        "Landing_success_rate": 1.0
    },
    {
        "model": 0,
        "sequence": 21,
        "status": 1,
        "fuel": 7133,
        "fault": 0.8568,
        "weapon": 0,
        "pilot_injury": 0.7173,
        "pilot_skill": 0.5821,
        "mission_priority": 0.7978,
        "estimated_landing_time": 1980.0,
        "wait_time": 0,
        "Landing_success_rate": 1.0
    },
    {
        "model": 0,
        "sequence": 3,
        "status": 1,
        "fuel": 6410,
        "fault": 0.4436,
        "weapon": 1,
        "pilot_injury": 0.4751,
        "pilot_skill": 0.3861,
        "mission_priority": 0.9667,
        "estimated_landing_time": 288.0,
        "wait_time": 0,
        "Landing_success_rate": 1.0
    },
    {
        "model": 2,
        "sequence": 19,
        "status": 1,
        "fuel": 6737,
        "fault": 0.6891,
        "weapon": 1,
        "pilot_injury": 0.863,
        "pilot_skill": 0.4806,
        "mission_priority": 0.0688,
        "estimated_landing_time": 1792.0,
        "wait_time": 0,
        "Landing_success_rate": 1.0
    },
    {
        "model": 1,
        "sequence": 11,
        "status": 1,
        "fuel": 6834,
        "fault": 0.0304,
        "weapon": 1,
        "pilot_injury": 0.8777,
        "pilot_skill": 0.204,
        "mission_priority": 0.8265,
        "estimated_landing_time": 1040.0,
        "wait_time": 0,
        "Landing_success_rate": 1.0
    },
    {
        "model": 2,
        "sequence": 7,
        "status": 1,
        "fuel": 7472,
        "fault": 0.0622,
        "weapon": 0,
        "pilot_injury": 0.9718,
        "pilot_skill": 0.5126,
        "mission_priority": 0.2909,
        "estimated_landing_time": 664.0,
        "wait_time": 0,
        "Landing_success_rate": 1.0
    },
    {
        "model": 1,
        "sequence": 1,
        "status": 1,
        "fuel": 6509,
        "fault": 0.8395,
        "weapon": 0,
        "pilot_injury": 0.3049,
        "pilot_skill": 0.1927,
        "mission_priority": 0.1291,
        "estimated_landing_time": 100.0,
        "wait_time": 0,
        "Landing_success_rate": 1.0
    },
    {
        "model": 1,
        "sequence": 17,
        "status": 1,
        "fuel": 6367,
        "fault": 0.7154,
        "weapon": 0,
        "pilot_injury": 0.4716,
        "pilot_skill": 0.2275,
        "mission_priority": 0.1662,
        "estimated_landing_time": 1604.0,
        "wait_time": 0,
        "Landing_success_rate": 1.0
    },
    {
        "model": 2,
        "sequence": 24,
        "status": 1,
        "fuel": 6079,
        "fault": 0.3759,
        "weapon": 1,
        "pilot_injury": 0.343,
        "pilot_skill": 0.9881,
        "mission_priority": 0.4852,
        "estimated_landing_time": 2262.0,
        "wait_time": 0,
        "Landing_success_rate": 1.0
    },
    {
        "model": 1,
        "sequence": 5,
        "status": 1,
        "fuel": 7496,
        "fault": 0.0525,
        "weapon": 1,
        "pilot_injury": 0.4604,
        "pilot_skill": 0.7097,
        "mission_priority": 0.9837,
        "estimated_landing_time": 476.0,
        "wait_time": 0,
        "Landing_success_rate": 1.0
    },
    {
        "model": 0,
        "sequence": 20,
        "status": 1,
        "fuel": 6190,
        "fault": 0.5216,
        "weapon": 0,
        "pilot_injury": 0.7205,
        "pilot_skill": 0.2818,
        "mission_priority": 0.1843,
        "estimated_landing_time": 1886.0,
        "wait_time": 0,
        "Landing_success_rate": 1.0
    },
    {
        "model": 2,
        "sequence": 16,
        "status": 1,
        "fuel": 7248,
        "fault": 0.0792,
        "weapon": 0,
        "pilot_injury": 0.7745,
        "pilot_skill": 0.1344,
        "mission_priority": 0.4677,
        "estimated_landing_time": 1510.0,
        "wait_time": 0,
        "Landing_success_rate": 1.0
    },
    {
        "model": 1,
        "sequence": 10,
        "status": 1,
        "fuel": 6968,
        "fault": 0.9358,
        "weapon": 0,
        "pilot_injury": 0.0271,
        "pilot_skill": 0.7835,
        "mission_priority": 0.0105,
        "estimated_landing_time": 946.0,
        "wait_time": 0,
        "Landing_success_rate": 1.0
    },
    {
        "model": 0,
        "sequence": 12,
        "status": 1,
        "fuel": 7369,
        "fault": 0.6095,
        "weapon": 1,
        "pilot_injury": 0.4328,
        "pilot_skill": 0.5355,
        "mission_priority": 0.477,
        "estimated_landing_time": 1134.0,
        "wait_time": 0,
        "Landing_success_rate": 1.0
    },
    {
        "model": 2,
        "sequence": 15,
        "status": 1,
        "fuel": 6789,
        "fault": 0.5097,
        "weapon": 0,
        "pilot_injury": 0.8939,
        "pilot_skill": 0.3358,
        "mission_priority": 0.6151,
        "estimated_landing_time": 1416.0,
        "wait_time": 0,
        "Landing_success_rate": 1.0
    },
    {
        "model": 0,
        "sequence": 13,
        "status": 1,
        "fuel": 5626,
        "fault": 0.0572,
        "weapon": 1,
        "pilot_injury": 0.509,
        "pilot_skill": 0.4528,
        "mission_priority": 0.2787,
        "estimated_landing_time": 1228.0,
        "wait_time": 0,
        "Landing_success_rate": 1.0
    },
    {
        "model": 0,
        "sequence": 22,
        "status": 1,
        "fuel": 5655,
        "fault": 0.2627,
        "weapon": 0,
        "pilot_injury": 0.5798,
        "pilot_skill": 0.2826,
        "mission_priority": 0.279,
        "estimated_landing_time": 2074.0,
        "wait_time": 0,
        "Landing_success_rate": 1.0
    },
    {
        "model": 0,
        "sequence": 4,
        "status": 1,
        "fuel": 6907,
        "fault": 0.709,
        "weapon": 0,
        "pilot_injury": 0.055,
        "pilot_skill": 0.5785,
        "mission_priority": 0.0826,
        "estimated_landing_time": 382.0,
        "wait_time": 0,
        "Landing_success_rate": 1.0
    },
    {
        "model": 1,
        "sequence": 14,
        "status": 1,
        "fuel": 6846,
        "fault": 0.73,
        "weapon": 0,
        "pilot_injury": 0.5105,
        "pilot_skill": 0.2588,
        "mission_priority": 0.3165,
        "estimated_landing_time": 1322.0,
        "wait_time": 0,
        "Landing_success_rate": 1.0
    },
    {
        "model": 2,
        "sequence": 9,
        "status": 1,
        "fuel": 5608,
        "fault": 0.8697,
        "weapon": 1,
        "pilot_injury": 0.9666,
        "pilot_skill": 0.9447,
        "mission_priority": 0.3349,
        "estimated_landing_time": 852.0,
        "wait_time": 0,
        "Landing_success_rate": 1.0
    },
    {
        "model": 2,
        "sequence": 2,
        "status": 1,
        "fuel": 6472,
        "fault": 0.3472,
        "weapon": 0,
        "pilot_injury": 0.0062,
        "pilot_skill": 0.8107,
        "mission_priority": 0.9484,
        "estimated_landing_time": 194.0,
        "wait_time": 0,
        "Landing_success_rate": 1.0
    },
    {
        "model": 1,
        "sequence": 23,
        "status": 1,
        "fuel": 7426,
        "fault": 0.5702,
        "weapon": 1,
        "pilot_injury": 0.9607,
        "pilot_skill": 0.5375,
        "mission_priority": 0.0142,
        "estimated_landing_time": 2168.0,
        "wait_time": 0,
        "Landing_success_rate": 1.0
    }
]