[
    {
        "model": 0,
        "sequence": 8,
        "status": 1,
        "fuel": 5608,
        "fault": 0.4796,
        "weapon": 1,
        "pilot_injury": 0.5371,
        "pilot_skill": 0.5868,
        "mission_priority": 0.7454,
        "estimated_landing_time": 758.0,
        "wait_time": 0,
        "Landing_success_rate": 1.0
    },
    {
        "model": 2,
        "sequence": 12,
        "status": 1,
        "fuel": 6892,
        "fault": 0.5645,
        "weapon": 1,
        "pilot_injury": 0.2838,
        "pilot_skill": 0.3631,
        "mission_priority": 0.6459,
        "estimated_landing_time": 1134.0,
        "wait_time": 0,
        "Landing_success_rate": 1.0
    },
    {
        "model": 0,
        "sequence": 21,
        "status": 1,
        "fuel": 7261,
        "fault": 0.2444,
        "weapon": 0,
        "pilot_injury": 0.9865,
        "pilot_skill": 0.6058,
        "mission_priority": 0.2372,
        "estimated_landing_time": 1980.0,
        "wait_time": 0,
        "Landing_success_rate": 1.0
    },
    {
        "model": 2,
        "sequence": 2,
        "status": 1,
        "fuel": 6161,
        "fault": 0.2253,
        "weapon": 1,
        "pilot_injury": 0.246,
        "pilot_skill": 0.1607,
        "mission_priority": 0.1866,
        "estimated_landing_time": 194.0,
        "wait_time": 0,
        "Landing_success_rate": 1.0
    },
    {
        "model": 2,
        "sequence": 24,
        "status": 1,
        "fuel": 7353,
        "fault": 0.8059,
        "weapon": 1,
        "pilot_injury": 0.8968,
        "pilot_skill": 0.0802,
        "mission_priority": 0.5245,
        "estimated_landing_time": 2262.0,
        "wait_time": 0,
        "Landing_success_rate": 1.0
    },
    {
        "model": 2,
        "sequence": 11,
        "status": 1,
        "fuel": 6563,
        "fault": 0.697,
        "weapon": 1,
        "pilot_injury": 0.112,
        "pilot_skill": 0.3979,
        "mission_priority": 0.9695,
        "estimated_landing_time": 1040.0,
        "wait_time": 0,
        "Landing_success_rate": 1.0
    },
    {
        "model": 1,
        "sequence": 4,
        "status": 1,
        "fuel": 5503,
        "fault": 0.0053,
        "weapon": 1,
        "pilot_injury": 0.2579,
        "pilot_skill": 0.1709,
        "mission_priority": 0.6686,
        "estimated_landing_time": 382.0,
        "wait_time": 0,
        "Landing_success_rate": 1.0
    },
    {
        "model": 1,
        "sequence": 23,
        "status": 1,
        "fuel": 6964,
        "fault": 0.7185,
        "weapon": 0,
        "pilot_injury": 0.5716,
        "pilot_skill": 0.28,
        "mission_priority": 0.7695,
        "estimated_landing_time": 2168.0,
        "wait_time": 0,
        "Landing_success_rate": 1.0
    },
    {
        "model": 1,
        "sequence": 14,
        "status": 1,
        "fuel": 5825,
        "fault": 0.968,
        "weapon": 1,
        "pilot_injury": 0.4254,
        "pilot_skill": 0.5076,
        "mission_priority": 0.2424,
        "estimated_landing_time": 1322.0,
        "wait_time": 0,
        "Landing_success_rate": 1.0
    },
    {
        "model": 2,
        "sequence": 20,
        "status": 1,
        "fuel": 6058,
        "fault": 0.7072,
        "weapon": 1,
        "pilot_injury": 0.2886,
        "pilot_skill": 0.5812,
        "mission_priority": 0.1544,
        "estimated_landing_time": 1886.0,
        "wait_time": 0,
        "Landing_success_rate": 1.0
    },
    {
        "model": 1,
        "sequence": 17,
        "status": 1,
        "fuel": 7391,
        "fault": 0.3206,
        "weapon": 0,
        "pilot_injury": 0.0518,
        "pilot_skill": 0.3366,
        "mission_priority": 0.1344,
        "estimated_landing_time": 1604.0,
        "wait_time": 0,
        "Landing_success_rate": 1.0
    },
    {
        "model": 1,
        "sequence": 22,
        "status": 1,
        "fuel": 7442,
        "fault": 0.5489,
        "weapon": 1,
        "pilot_injury": 0.3224,
        "pilot_skill": 0.8099,
        "mission_priority": 0.2546,
        "estimated_landing_time": 2074.0,
        "wait_time": 0,
        "Landing_success_rate": 1.0
    },
    {
        "model": 0,
        "sequence": 16,
        "status": 1,
        "fuel": 7136,
        "fault": 0.0027,
        "weapon": 0,
        "pilot_injury": 0.5956,
        "pilot_skill": 0.4716,
        "mission_priority": 0.4118,
        "estimated_landing_time": 1510.0,
        "wait_time": 0,
        "Landing_success_rate": 1.0
    },
    {
        "model": 1,
        "sequence": 1,
        "status": 1,
        "fuel": 7129,
        "fault": 0.1067,
        "weapon": 0,
        "pilot_injury": 0.8306,
        "pilot_skill": 0.965,
        "mission_priority": 0.1243,
        "estimated_landing_time": 100.0,
        "wait_time": 0,
        "Landing_success_rate": 1.0
    },
    {
        "model": 1,
        "sequence": 9,
        "status": 1,
        "fuel": 5875,
        "fault": 0.9909,
        "weapon": 1,
        "pilot_injury": 0.1812,
        "pilot_skill": 0.0665,
        "mission_priority": 0.7411,
        "estimated_landing_time": 852.0,
        "wait_time": 0,
        "Landing_success_rate": 1.0
    },
    {
        "model": 2,
        "sequence": 7,
        "status": 1,
        "fuel": 6417,
        "fault": 0.0481,
        "weapon": 0,
        "pilot_injury": 0.1398,
        "pilot_skill": 0.7953,
        "mission_priority": 0.2016,
        "estimated_landing_time": 664.0,
        "wait_time": 0,
        "Landing_success_rate": 1.0
    },
    {
        "model": 2,
        "sequence": 10,
        "status": 1,
        "fuel": 6297,
        "fault": 0.8251,
        "weapon": 0,
        "pilot_injury": 0.8146,
        "pilot_skill": 0.6652,
        "mission_priority": 0.5231,
        "estimated_landing_time": 946.0,
        "wait_time": 0,
        "Landing_success_rate": 1.0
    },
    {
        "model": 2,
        "sequence": 5,
        "status": 1,
        "fuel": 5631,
        "fault": 0.3162,
        "weapon": 1,
        "pilot_injury": 0.3924,
        "pilot_skill": 0.8166,
        "mission_priority": 0.4391,
        "estimated_landing_time": 476.0,
        "wait_time": 0,
        "Landing_success_rate": 1.0
    },
    {
        "model": 2,
        "sequence": 15,
        "status": 1,
        "fuel": 7049,
        "fault": 0.8997,
        "weapon": 0,
        "pilot_injury": 0.3014,
        "pilot_skill": 0.7476,
        "mission_priority": 0.5027,
        "estimated_landing_time": 1416.0,
        "wait_time": 0,
        "Landing_success_rate": 1.0
    },
    {
        "model": 2,
        "sequence": 19,
        "status": 1,
        "fuel": 6164,
        "fault": 0.3554,
        "weapon": 0,
        "pilot_injury": 0.3839,
        "pilot_skill": 0.5436,
        "mission_priority": 0.9065,
        "estimated_landing_time": 1792.0,
        "wait_time": 0,
        "Landing_success_rate": 1.0
    },
    {
        "model": 2,
        "sequence": 3,
        "status": 1,
        "fuel": 7470,
        "fault": 0.5428,
        "weapon": 1,
        "pilot_injury": 0.9398,
        "pilot_skill": 0.6277,
        "mission_priority": 0.3349,
        "estimated_landing_time": 288.0,
        "wait_time": 0,
        "Landing_success_rate": 1.0
    },
    {
        "model": 1,
        "sequence": 6,
        "status": 1,
        "fuel": 6971,
        "fault": 0.1667,
        "weapon": 0,
        "pilot_injury": 0.6201,
        "pilot_skill": 0.5335,
        "mission_priority": 0.8939,
        "estimated_landing_time": 570.0,
        "wait_time": 0,
        "Landing_success_rate": 1.0
    },
    {
        "model": 2,
        "sequence": 18,
        "status": 1,
        "fuel": 5919,
        "fault": 0.9977,
        "weapon": 0,
        "pilot_injury": 0.3117,
        "pilot_skill": 0.2485,
        "mission_priority": 0.7439,
        "estimated_landing_time": 1698.0,
        "wait_time": 0,
        "Landing_success_rate": 1.0
    },
    {
        "model": 2,
        "sequence": 13,
        "status": 1,
        "fuel": 6777,
        "fault": 0.2045,
        "weapon": 1,
        "pilot_injury": 0.7625,
        "pilot_skill": 0.8768,
        "mission_priority": 0.3421,
        "estimated_landing_time": 1228.0,
        "wait_time": 0,
        "Landing_success_rate": 1.0
    }
]