[
    {
        "model": 1,
        "sequence": 4,
        "status": 1,
        "fuel": 6543,
        "fault": 0.6346,
        "weapon": 0,
        "pilot_injury": 0.0193,
        "pilot_skill": 0.6534,
        "mission_priority": 0.3844,
        "estimated_landing_time": 382.0,
        "wait_time": 0,
        "Landing_success_rate": 1.0
    },
    {
        "model": 1,
        "sequence": 23,
        "status": 1,
        "fuel": 6824,
        "fault": 0.5487,
        "weapon": 0,
        "pilot_injury": 0.2235,
        "pilot_skill": 0.8472,
        "mission_priority": 0.4919,
        "estimated_landing_time": 2168.0,
        "wait_time": 0,
        "Landing_success_rate": 1.0
    },
    {
        "model": 1,
        "sequence": 7,
        "status": 1,
        "fuel": 5625,
        "fault": 0.6567,
        "weapon": 1,
        "pilot_injury": 0.9847,
        "pilot_skill": 0.7705,
        "mission_priority": 0.966,
        "estimated_landing_time": 664.0,
        "wait_time": 0,
        "Landing_success_rate": 1.0
    },
    {
        "model": 1,
        "sequence": 15,
        "status": 1,
        "fuel": 7160,
        "fault": 0.4495,
        "weapon": 0,
        "pilot_injury": 0.7555,
        "pilot_skill": 0.8803,
        "mission_priority": 0.9641,
        "estimated_landing_time": 1416.0,
        "wait_time": 0,
        "Landing_success_rate": 1.0
    },
    {
        "model": 0,
        "sequence": 8,
        "status": 1,
        "fuel": 6884,
        "fault": 0.4458,
        "weapon": 0,
        "pilot_injury": 0.2106,
        "pilot_skill": 0.5456,
        "mission_priority": 0.1798,
        "estimated_landing_time": 758.0,
        "wait_time": 0,
        "Landing_success_rate": 1.0
    },
    {
        "model": 0,
        "sequence": 11,
        "status": 1,
        "fuel": 5629,
        "fault": 0.6073,
        "weapon": 1,
        "pilot_injury": 0.1461,
        "pilot_skill": 0.6324,
        "mission_priority": 0.593,
        "estimated_landing_time": 1040.0,
        "wait_time": 0,
        "Landing_success_rate": 1.0
    },
    {
        "model": 0,
        "sequence": 18,
        "status": 1,
        "fuel": 6878,
        "fault": 0.3831,
        "weapon": 1,
        "pilot_injury": 0.563,
        "pilot_skill": 0.1872,
        "mission_priority": 0.8006,
        "estimated_landing_time": 1698.0,
        "wait_time": 0,
        "Landing_success_rate": 1.0
    },
    {
        "model": 2,
        "sequence": 3,
        "status": 1,
        "fuel": 7466,
        "fault": 0.9702,
        "weapon": 1,
        "pilot_injury": 0.1869,
        "pilot_skill": 0.4549,
        "mission_priority": 0.7478,
        "estimated_landing_time": 288.0,
        "wait_time": 0,
        "Landing_success_rate": 1.0
    },
    {
        "model": 2,
        "sequence": 21,
        "status": 1,
        "fuel": 6079,
        "fault": 0.1092,
        "weapon": 1,
        "pilot_injury": 0.5412,
        "pilot_skill": 0.9566,
        "mission_priority": 0.3913,
        "estimated_landing_time": 1980.0,
        "wait_time": 0,
        "Landing_success_rate": 1.0
    },
    {
        "model": 1,
        "sequence": 13,
        "status": 1,
        "fuel": 5549,
        "fault": 0.3167,
        "weapon": 1,
        "pilot_injury": 0.6946,
        "pilot_skill": 0.7192,
        "mission_priority": 0.5627,
        "estimated_landing_time": 1228.0,
        "wait_time": 0,
        "Landing_success_rate": 1.0
    },
    {
        "model": 1,
        "sequence": 12,
        "status": 1,
        "fuel": 6843,
        "fault": 0.9699,
        "weapon": 0,
        "pilot_injury": 0.895,
        "pilot_skill": 0.6994,
        "mission_priority": 0.7351,
        "estimated_landing_time": 1134.0,
        "wait_time": 0,
        "Landing_success_rate": 1.0
    },
    {
        "model": 0,
        "sequence": 17,
        "status": 1,
        "fuel": 7231,
        "fault": 0.1563,
        "weapon": 1,
        "pilot_injury": 0.783,
        "pilot_skill": 0.2967,
        "mission_priority": 0.5628,
        "estimated_landing_time": 1604.0,
        "wait_time": 0,
        "Landing_success_rate": 1.0
    },
    {
        "model": 1,
        "sequence": 20,
        "status": 1,
        "fuel": 6910,
        "fault": 0.6414,
        "weapon": 0,
        "pilot_injury": 0.1105,
        "pilot_skill": 0.8294,
        "mission_priority": 0.6027,
        "estimated_landing_time": 1886.0,
        "wait_time": 0,
        "Landing_success_rate": 1.0
    },
    {
        "model": 2,
        "sequence": 22,
        "status": 1,
        "fuel": 6943,
        "fault": 0.106,
        "weapon": 1,
        "pilot_injury": 0.2825,
        "pilot_skill": 0.3235,
        "mission_priority": 0.3515,
        "estimated_landing_time": 2074.0,
        "wait_time": 0,
        "Landing_success_rate": 1.0
    },
    {
        "model": 1,
        "sequence": 19,
        "status": 1,
        "fuel": 5688,
        "fault": 0.4673,
        "weapon": 1,
        "pilot_injury": 0.0315,
        "pilot_skill": 0.6625,
        "mission_priority": 0.3712,
        "estimated_landing_time": 1792.0,
        "wait_time": 0,
        "Landing_success_rate": 1.0
    },
    {
        "model": 0,
        "sequence": 2,
        "status": 1,
        "fuel": 7072,
        "fault": 0.5155,
        "weapon": 1,
        "pilot_injury": 0.6738,
        "pilot_skill": 0.7292,
        "mission_priority": 0.6906,
        "estimated_landing_time": 194.0,
        "wait_time": 0,
        "Landing_success_rate": 1.0
    },
    {
        "model": 1,
        "sequence": 24,
        "status": 1,
        "fuel": 6732,
        "fault": 0.2163,
        "weapon": 0,
        "pilot_injury": 0.28,
        "pilot_skill": 0.0288,
        "mission_priority": 0.4148,
        "estimated_landing_time": 2262.0,
        "wait_time": 0,
        "Landing_success_rate": 1.0
    },
    {
        "model": 2,
        "sequence": 14,
        "status": 1,
        "fuel": 7113,
        "fault": 0.2484,
        "weapon": 1,
        "pilot_injury": 0.7048,
        "pilot_skill": 0.3088,
        "mission_priority": 0.3153,
        "estimated_landing_time": 1322.0,
        "wait_time": 0,
        "Landing_success_rate": 1.0
    },
    {
        "model": 0,
        "sequence": 5,
        "status": 1,
        "fuel": 6091,
        "fault": 0.258,
        "weapon": 1,
        "pilot_injury": 0.5678,
        "pilot_skill": 0.3494,
        "mission_priority": 0.7052,
        "estimated_landing_time": 476.0,
        "wait_time": 0,
        "Landing_success_rate": 1.0
    },
    {
        "model": 1,
        "sequence": 9,
        "status": 1,
        "fuel": 7317,
        "fault": 0.2244,
        "weapon": 0,
        "pilot_injury": 0.5113,
        "pilot_skill": 0.6363,
        "mission_priority": 0.66,
        "estimated_landing_time": 852.0,
        "wait_time": 0,
        "Landing_success_rate": 1.0
    },
    {
        "model": 2,
        "sequence": 6,
        "status": 1,
        "fuel": 6448,
        "fault": 0.9729,
        "weapon": 1,
        "pilot_injury": 0.1566,
        "pilot_skill": 0.6394,
        "mission_priority": 0.8729,
        "estimated_landing_time": 570.0,
        "wait_time": 0,
        "Landing_success_rate": 1.0
    },
    {
        "model": 0,
        "sequence": 1,
        "status": 1,
        "fuel": 7443,
        "fault": 0.104,
        "weapon": 0,
        "pilot_injury": 0.7566,
        "pilot_skill": 0.8325,
        "mission_priority": 0.8806,
        "estimated_landing_time": 100.0,
        "wait_time": 0,
        "Landing_success_rate": 1.0
    },
    {
        "model": 0,
        "sequence": 16,
        "status": 1,
        "fuel": 7022,
        "fault": 0.6678,
        "weapon": 0,
        "pilot_injury": 0.0154,
        "pilot_skill": 0.1072,
        "mission_priority": 0.0926,
        "estimated_landing_time": 1510.0,
        "wait_time": 0,
        "Landing_success_rate": 1.0
    },
    {
        "model": 2,
        "sequence": 10,
        "status": 1,
        "fuel": 6173,
        "fault": 0.6828,
        "weapon": 1,
        "pilot_injury": 0.4964,
        "pilot_skill": 0.4727,
        "mission_priority": 0.3107,
        "estimated_landing_time": 946.0,
        "wait_time": 0,
        "Landing_success_rate": 1.0
    }
]