[
    {
        "model": 0,
        "sequence": 7,
        "status": 1,
        "fuel": 6334,
        "fault": 0.422,
        "weapon": 1,
        "pilot_injury": 0.0582,
        "pilot_skill": 0.1562,
        "mission_priority": 0.1053,
        "estimated_landing_time": 664.0,
        "wait_time": 0,
        "Landing_success_rate": 1.0
    },
    {
        "model": 2,
        "sequence": 10,
        "status": 1,
        "fuel": 6529,
        "fault": 0.555,
        "weapon": 1,
        "pilot_injury": 0.3593,
        "pilot_skill": 0.0574,
        "mission_priority": 0.6397,
        "estimated_landing_time": 946.0,
        "wait_time": 0,
        "Landing_success_rate": 1.0
    },
    {
        "model": 1,
        "sequence": 9,
        "status": 1,
        "fuel": 6140,
        "fault": 0.1984,
        "weapon": 0,
        "pilot_injury": 0.9089,
        "pilot_skill": 0.1989,
        "mission_priority": 0.7435,
        "estimated_landing_time": 852.0,
        "wait_time": 0,
        "Landing_success_rate": 1.0
    },
    {
        "model": 0,
        "sequence": 5,
        "status": 1,
        "fuel": 6760,
        "fault": 0.3782,
        "weapon": 0,
        "pilot_injury": 0.2468,
        "pilot_skill": 0.3092,
        "mission_priority": 0.8857,
        "estimated_landing_time": 476.0,
        "wait_time": 0,
        "Landing_success_rate": 1.0
    },
    {
        "model": 0,
        "sequence": 20,
        "status": 1,
        "fuel": 6707,
        "fault": 0.8886,
        "weapon": 0,
        "pilot_injury": 0.9902,
        "pilot_skill": 0.9998,
        "mission_priority": 0.5335,
        "estimated_landing_time": 1886.0,
        "wait_time": 0,
        "Landing_success_rate": 1.0
    },
    {
        "model": 1,
        "sequence": 22,
        "status": 1,
        "fuel": 5788,
        "fault": 0.1099,
        "weapon": 0,
        "pilot_injury": 0.3747,
        "pilot_skill": 0.2524,
        "mission_priority": 0.1142,
        "estimated_landing_time": 2074.0,
        "wait_time": 0,
        "Landing_success_rate": 1.0
    },
    {
        "model": 1,
        "sequence": 23,
        "status": 1,
        "fuel": 7468,
        "fault": 0.2982,
        "weapon": 1,
        "pilot_injury": 0.5887,
        "pilot_skill": 0.8737,
        "mission_priority": 0.7895,
        "estimated_landing_time": 2168.0,
        "wait_time": 0,
        "Landing_success_rate": 1.0
    },
    {
        "model": 0,
        "sequence": 11,
        "status": 1,
        "fuel": 7353,
        "fault": 0.4972,
        "weapon": 1,
        "pilot_injury": 0.0483,
        "pilot_skill": 0.8723,
        "mission_priority": 0.4178,
        "estimated_landing_time": 1040.0,
        "wait_time": 0,
        "Landing_success_rate": 1.0
    },
    {
        "model": 1,
        "sequence": 24,
        "status": 1,
        "fuel": 5764,
        "fault": 0.1204,
        "weapon": 0,
        "pilot_injury": 0.9361,
        "pilot_skill": 0.9027,
        "mission_priority": 0.5433,
        "estimated_landing_time": 2262.0,
        "wait_time": 0,
        "Landing_success_rate": 1.0
    },
    {
        "model": 2,
        "sequence": 18,
        "status": 1,
        "fuel": 6008,
        "fault": 0.7518,
        "weapon": 1,
        "pilot_injury": 0.2647,
        "pilot_skill": 0.2219,
        "mission_priority": 0.674,
        "estimated_landing_time": 1698.0,
        "wait_time": 0,
        "Landing_success_rate": 1.0
    },
    {
        "model": 2,
        "sequence": 1,
        "status": 1,
        "fuel": 7016,
        "fault": 0.4757,
        "weapon": 1,
        "pilot_injury": 0.4928,
        "pilot_skill": 0.3813,
        "mission_priority": 0.1853,
        "estimated_landing_time": 100.0,
        "wait_time": 0,
        "Landing_success_rate": 1.0
    },
    {
        "model": 2,
        "sequence": 13,
        "status": 1,
        "fuel": 5945,
        "fault": 0.7192,
        "weapon": 1,
        "pilot_injury": 0.4993,
        "pilot_skill": 0.6747,
        "mission_priority": 0.9682,
        "estimated_landing_time": 1228.0,
        "wait_time": 0,
        "Landing_success_rate": 1.0
    },
    {
        "model": 0,
        "sequence": 17,
        "status": 1,
        "fuel": 6059,
        "fault": 0.2417,
        "weapon": 1,
        "pilot_injury": 0.2842,
        "pilot_skill": 0.5914,
        "mission_priority": 0.5467,
        "estimated_landing_time": 1604.0,
        "wait_time": 0,
        "Landing_success_rate": 1.0
    },
    {
        "model": 1,
        "sequence": 19,
        "status": 1,
        "fuel": 6515,
        "fault": 0.3615,
        "weapon": 0,
        "pilot_injury": 0.3817,
        "pilot_skill": 0.3191,
        "mission_priority": 0.8528,
        "estimated_landing_time": 1792.0,
        "wait_time": 0,
        "Landing_success_rate": 1.0
    },
    {
        "model": 2,
        "sequence": 4,
        "status": 1,
        "fuel": 7042,
        "fault": 0.2497,
        "weapon": 0,
        "pilot_injury": 0.0156,
        "pilot_skill": 0.2106,
        "mission_priority": 0.5185,
        "estimated_landing_time": 382.0,
        "wait_time": 0,
        "Landing_success_rate": 1.0
    },
    {
        "model": 1,
        "sequence": 21,
        "status": 1,
        "fuel": 7463,
        "fault": 0.4438,
        "weapon": 0,
        "pilot_injury": 0.0723,
        "pilot_skill": 0.7446,
        "mission_priority": 0.758,
        "estimated_landing_time": 1980.0,
        "wait_time": 0,
        "Landing_success_rate": 1.0
    },
    {
        "model": 2,
        "sequence": 14,
        "status": 1,
        "fuel": 6722,
        "fault": 0.026,
        "weapon": 0,
        "pilot_injury": 0.9261,
        "pilot_skill": 0.7982,
        "mission_priority": 0.6155,
        "estimated_landing_time": 1322.0,
        "wait_time": 0,
        "Landing_success_rate": 1.0
    },
    {
        "model": 1,
        "sequence": 15,
        "status": 1,
        "fuel": 6357,
        "fault": 0.3733,
        "weapon": 0,
        "pilot_injury": 0.056,
        "pilot_skill": 0.8853,
        "mission_priority": 0.4818,
        "estimated_landing_time": 1416.0,
        "wait_time": 0,
        "Landing_success_rate": 1.0
    },
    {
        "model": 2,
        "sequence": 16,
        "status": 1,
        "fuel": 6604,
        "fault": 0.8495,
        "weapon": 0,
        "pilot_injury": 0.5342,
        "pilot_skill": 0.3013,
        "mission_priority": 0.285,
        "estimated_landing_time": 1510.0,
        "wait_time": 0,
        "Landing_success_rate": 1.0
    },
    {
        "model": 2,
        "sequence": 6,
        "status": 1,
        "fuel": 6901,
        "fault": 0.5732,
        "weapon": 0,
        "pilot_injury": 0.4667,
        "pilot_skill": 0.4866,
        "mission_priority": 0.8631,
        "estimated_landing_time": 570.0,
        "wait_time": 0,
        "Landing_success_rate": 1.0
    },
    {
        "model": 2,
        "sequence": 2,
        "status": 1,
        "fuel": 6268,
        "fault": 0.0398,
        "weapon": 1,
        "pilot_injury": 0.9947,
        "pilot_skill": 0.5712,
        "mission_priority": 0.4726,
        "estimated_landing_time": 194.0,
        "wait_time": 0,
        "Landing_success_rate": 1.0
    },
    {
        "model": 2,
        "sequence": 3,
        "status": 1,
        "fuel": 7194,
        "fault": 0.9469,
        "weapon": 0,
        "pilot_injury": 0.3407,
        "pilot_skill": 0.3892,
        "mission_priority": 0.7559,
        "estimated_landing_time": 288.0,
        "wait_time": 0,
        "Landing_success_rate": 1.0
    },
    {
        "model": 2,
        "sequence": 8,
        "status": 1,
        "fuel": 6208,
        "fault": 0.8652,
        "weapon": 0,
        "pilot_injury": 0.4994,
        "pilot_skill": 0.4747,
        "mission_priority": 0.11,
        "estimated_landing_time": 758.0,
        "wait_time": 0,
        "Landing_success_rate": 1.0
    },
    {
        "model": 2,
        "sequence": 12,
        "status": 1,
        "fuel": 7290,
        "fault": 0.8903,
        "weapon": 1,
        "pilot_injury": 0.9771,
        "pilot_skill": 0.7966,
        "mission_priority": 0.413,
        "estimated_landing_time": 1134.0,
        "wait_time": 0,
        "Landing_success_rate": 1.0
    }
]