[
    {
        "model": 0,
        "sequence": 11,
        "status": 1,
        "fuel": 7467,
        "fault": 0.4916,
        "weapon": 0,
        "pilot_injury": 0.6515,
        "pilot_skill": 0.3259,
        "mission_priority": 0.5903,
        "estimated_landing_time": 1040.0,
        "wait_time": 0,
        "Landing_success_rate": 1.0
    },
    {
        "model": 0,
        "sequence": 9,
        "status": 1,
        "fuel": 6083,
        "fault": 0.3104,
        "weapon": 0,
        "pilot_injury": 0.1496,
        "pilot_skill": 0.4646,
        "mission_priority": 0.6805,
        "estimated_landing_time": 852.0,
        "wait_time": 0,
        "Landing_success_rate": 1.0
    },
    {
        "model": 2,
        "sequence": 20,
        "status": 1,
        "fuel": 5837,
        "fault": 0.4799,
        "weapon": 0,
        "pilot_injury": 0.7219,
        "pilot_skill": 0.657,
        "mission_priority": 0.7571,
        "estimated_landing_time": 1886.0,
        "wait_time": 0,
        "Landing_success_rate": 1.0
    },
    {
        "model": 0,
        "sequence": 2,
        "status": 1,
        "fuel": 5601,
        "fault": 0.9078,
        "weapon": 0,
        "pilot_injury": 0.4805,
        "pilot_skill": 0.1049,
        "mission_priority": 0.242,
        "estimated_landing_time": 194.0,
        "wait_time": 0,
        "Landing_success_rate": 1.0
    },
    {
        "model": 2,
        "sequence": 16,
        "status": 1,
        "fuel": 6388,
        "fault": 0.5709,
        "weapon": 0,
        "pilot_injury": 0.4989,
        "pilot_skill": 0.6182,
        "mission_priority": 0.7025,
        "estimated_landing_time": 1510.0,
        "wait_time": 0,
        "Landing_success_rate": 1.0
    },
    {
        "model": 1,
        "sequence": 1,
        "status": 1,
        "fuel": 6213,
        "fault": 0.7758,
        "weapon": 1,
        "pilot_injury": 0.3265,
        "pilot_skill": 0.5177,
        "mission_priority": 0.0879,
        "estimated_landing_time": 100.0,
        "wait_time": 0,
        "Landing_success_rate": 1.0
    },
    {
        "model": 2,
        "sequence": 19,
        "status": 1,
        "fuel": 7496,
        "fault": 0.0825,
        "weapon": 0,
        "pilot_injury": 0.0786,
        "pilot_skill": 0.3969,
        "mission_priority": 0.1327,
        "estimated_landing_time": 1792.0,
        "wait_time": 0,
        "Landing_success_rate": 1.0
    },
    {
        "model": 0,
        "sequence": 6,
        "status": 1,
        "fuel": 6370,
        "fault": 0.2009,
        "weapon": 1,
        "pilot_injury": 0.8006,
        "pilot_skill": 0.2002,
        "mission_priority": 0.1675,
        "estimated_landing_time": 570.0,
        "wait_time": 0,
        "Landing_success_rate": 1.0
    },
    {
        "model": 0,
        "sequence": 4,
        "status": 1,
        "fuel": 6828,
        "fault": 0.9515,
        "weapon": 0,
        "pilot_injury": 0.7065,
        "pilot_skill": 0.0316,
        "mission_priority": 0.9362,
        "estimated_landing_time": 382.0,
        "wait_time": 0,
        "Landing_success_rate": 1.0
    },
    {
        "model": 2,
        "sequence": 24,
        "status": 1,
        "fuel": 6882,
        "fault": 0.6129,
        "weapon": 0,
        "pilot_injury": 0.7091,
        "pilot_skill": 0.871,
        "mission_priority": 0.7141,
        "estimated_landing_time": 2262.0,
        "wait_time": 0,
        "Landing_success_rate": 1.0
    },
    {
        "model": 2,
        "sequence": 10,
        "status": 1,
        "fuel": 6841,
        "fault": 0.7834,
        "weapon": 0,
        "pilot_injury": 0.8148,
        "pilot_skill": 0.0801,
        "mission_priority": 0.8948,
        "estimated_landing_time": 946.0,
        "wait_time": 0,
        "Landing_success_rate": 1.0
    },
    {
        "model": 0,
        "sequence": 23,
        "status": 1,
        "fuel": 6399,
        "fault": 0.5975,
        "weapon": 1,
        "pilot_injury": 0.4523,
        "pilot_skill": 0.6436,
        "mission_priority": 0.5264,
        "estimated_landing_time": 2168.0,
        "wait_time": 0,
        "Landing_success_rate": 1.0
    },
    {
        "model": 1,
        "sequence": 22,
        "status": 1,
        "fuel": 6373,
        "fault": 0.4386,
        "weapon": 1,
        "pilot_injury": 0.0604,
        "pilot_skill": 0.2471,
        "mission_priority": 0.1595,
        "estimated_landing_time": 2074.0,
        "wait_time": 0,
        "Landing_success_rate": 1.0
    },
    {
        "model": 1,
        "sequence": 5,
        "status": 1,
        "fuel": 6824,
        "fault": 0.6157,
        "weapon": 0,
        "pilot_injury": 0.9759,
        "pilot_skill": 0.3369,
        "mission_priority": 0.1821,
        "estimated_landing_time": 476.0,
        "wait_time": 0,
        "Landing_success_rate": 1.0
    },
    {
        "model": 2,
        "sequence": 12,
        "status": 1,
        "fuel": 7154,
        "fault": 0.4337,
        "weapon": 1,
        "pilot_injury": 0.4982,
        "pilot_skill": 0.5554,
        "mission_priority": 0.7192,
        "estimated_landing_time": 1134.0,
        "wait_time": 0,
        "Landing_success_rate": 1.0
    },
    {
        "model": 1,
        "sequence": 13,
        "status": 1,
        "fuel": 6161,
        "fault": 0.3323,
        "weapon": 1,
        "pilot_injury": 0.9748,
        "pilot_skill": 0.6503,
        "mission_priority": 0.1995,
        "estimated_landing_time": 1228.0,
        "wait_time": 0,
        "Landing_success_rate": 1.0
    },
    {
        "model": 0,
        "sequence": 3,
        "status": 1,
        "fuel": 5534,
        "fault": 0.2206,
        "weapon": 1,
        "pilot_injury": 0.0307,
        "pilot_skill": 0.2577,
        "mission_priority": 0.4626,
        "estimated_landing_time": 288.0,
        "wait_time": 0,
        "Landing_success_rate": 1.0
    },
    {
        "model": 2,
        "sequence": 7,
        "status": 1,
        "fuel": 6361,
        "fault": 0.9608,
        "weapon": 1,
        "pilot_injury": 0.7427,
        "pilot_skill": 0.4255,
        "mission_priority": 0.3459,
        "estimated_landing_time": 664.0,
        "wait_time": 0,
        "Landing_success_rate": 1.0
    },
    {
        "model": 0,
        "sequence": 18,
        "status": 1,
        "fuel": 6887,
        "fault": 0.7677,
        "weapon": 1,
        "pilot_injury": 0.0401,
        "pilot_skill": 0.867,
        "mission_priority": 0.5787,
        "estimated_landing_time": 1698.0,
        "wait_time": 0,
        "Landing_success_rate": 1.0
    },
    {
        "model": 0,
        "sequence": 14,
        "status": 1,
        "fuel": 5919,
        "fault": 0.0294,
        "weapon": 1,
        "pilot_injury": 0.4867,
        "pilot_skill": 0.8734,
        "mission_priority": 0.9007,
        "estimated_landing_time": 1322.0,
        "wait_time": 0,
        "Landing_success_rate": 1.0
    },
    {
        "model": 1,
        "sequence": 15,
        "status": 1,
        "fuel": 7297,
        "fault": 0.655,
        "weapon": 0,
        "pilot_injury": 0.5924,
        "pilot_skill": 0.9124,
        "mission_priority": 0.2107,
        "estimated_landing_time": 1416.0,
        "wait_time": 0,
        "Landing_success_rate": 1.0
    },
    {
        "model": 2,
        "sequence": 8,
        "status": 1,
        "fuel": 6760,
        "fault": 0.4658,
        "weapon": 0,
        "pilot_injury": 0.7331,
        "pilot_skill": 0.1316,
        "mission_priority": 0.7158,
        "estimated_landing_time": 758.0,
        "wait_time": 0,
        "Landing_success_rate": 1.0
    },
    {
        "model": 2,
        "sequence": 21,
        "status": 1,
        "fuel": 6251,
        "fault": 0.6019,
        "weapon": 1,
        "pilot_injury": 0.2375,
        "pilot_skill": 0.9714,
        "mission_priority": 0.181,
        "estimated_landing_time": 1980.0,
        "wait_time": 0,
        "Landing_success_rate": 1.0
    },
    {
        "model": 1,
        "sequence": 17,
        "status": 1,
        "fuel": 6336,
        "fault": 0.0691,
        "weapon": 0,
        "pilot_injury": 0.2472,
        "pilot_skill": 0.8707,
        "mission_priority": 0.4453,
        "estimated_landing_time": 1604.0,
        "wait_time": 0,
        "Landing_success_rate": 1.0
    }
]