[
    {
        "model": 0,
        "sequence": 6,
        "status": 1,
        "fuel": 6857,
        "fault": 0.4948,
        "weapon": 0,
        "pilot_injury": 0.5889,
        "pilot_skill": 0.5207,
        "mission_priority": 0.7422,
        "estimated_landing_time": 570.0,
        "wait_time": 0,
        "Landing_success_rate": 1.0
    },
    {
        "model": 1,
        "sequence": 21,
        "status": 1,
        "fuel": 7246,
        "fault": 0.0336,
        "weapon": 0,
        "pilot_injury": 0.3981,
        "pilot_skill": 0.0264,
        "mission_priority": 0.3356,
        "estimated_landing_time": 1980.0,
        "wait_time": 0,
        "Landing_success_rate": 1.0
    },
    {
        "model": 1,
        "sequence": 2,
        "status": 1,
        "fuel": 6788,
        "fault": 0.0251,
        "weapon": 0,
        "pilot_injury": 0.3294,
        "pilot_skill": 0.5878,
        "mission_priority": 0.8473,
        "estimated_landing_time": 194.0,
        "wait_time": 0,
        "Landing_success_rate": 1.0
    },
    {
        "model": 1,
        "sequence": 12,
        "status": 1,
        "fuel": 6215,
        "fault": 0.9033,
        "weapon": 1,
        "pilot_injury": 0.0745,
        "pilot_skill": 0.5104,
        "mission_priority": 0.9694,
        "estimated_landing_time": 1134.0,
        "wait_time": 0,
        "Landing_success_rate": 1.0
    },
    {
        "model": 2,
        "sequence": 22,
        "status": 1,
        "fuel": 7085,
        "fault": 0.7845,
        "weapon": 1,
        "pilot_injury": 0.1894,
        "pilot_skill": 0.7713,
        "mission_priority": 0.8414,
        "estimated_landing_time": 2074.0,
        "wait_time": 0,
        "Landing_success_rate": 1.0
    },
    {
        "model": 0,
        "sequence": 14,
        "status": 1,
        "fuel": 6366,
        "fault": 0.9561,
        "weapon": 1,
        "pilot_injury": 0.0283,
        "pilot_skill": 0.8285,
        "mission_priority": 0.7883,
        "estimated_landing_time": 1322.0,
        "wait_time": 0,
        "Landing_success_rate": 1.0
    },
    {
        "model": 1,
        "sequence": 13,
        "status": 1,
        "fuel": 5636,
        "fault": 0.5137,
        "weapon": 1,
        "pilot_injury": 0.2149,
        "pilot_skill": 0.0403,
        "mission_priority": 0.2011,
        "estimated_landing_time": 1228.0,
        "wait_time": 0,
        "Landing_success_rate": 1.0
    },
    {
        "model": 1,
        "sequence": 23,
        "status": 1,
        "fuel": 7329,
        "fault": 0.9932,
        "weapon": 1,
        "pilot_injury": 0.4184,
        "pilot_skill": 0.5085,
        "mission_priority": 0.4768,
        "estimated_landing_time": 2168.0,
        "wait_time": 0,
        "Landing_success_rate": 1.0
    },
    {
        "model": 1,
        "sequence": 19,
        "status": 1,
        "fuel": 7117,
        "fault": 0.64,
        "weapon": 1,
        "pilot_injury": 0.6051,
        "pilot_skill": 0.3957,
        "mission_priority": 0.2987,
        "estimated_landing_time": 1792.0,
        "wait_time": 0,
        "Landing_success_rate": 1.0
    },
    {
        "model": 0,
        "sequence": 3,
        "status": 1,
        "fuel": 5810,
        "fault": 0.0787,
        "weapon": 1,
        "pilot_injury": 0.8578,
        "pilot_skill": 0.495,
        "mission_priority": 0.1309,
        "estimated_landing_time": 288.0,
        "wait_time": 0,
        "Landing_success_rate": 1.0
    },
    {
        "model": 1,
        "sequence": 10,
        "status": 1,
        "fuel": 5881,
        "fault": 0.3411,
        "weapon": 0,
        "pilot_injury": 0.4412,
        "pilot_skill": 0.065,
        "mission_priority": 0.8253,
        "estimated_landing_time": 946.0,
        "wait_time": 0,
        "Landing_success_rate": 1.0
    },
    {
        "model": 1,
        "sequence": 11,
        "status": 1,
        "fuel": 6859,
        "fault": 0.7043,
        "weapon": 0,
        "pilot_injury": 0.8642,
        "pilot_skill": 0.4646,
        "mission_priority": 0.7444,
        "estimated_landing_time": 1040.0,
        "wait_time": 0,
        "Landing_success_rate": 1.0
    },
    {
        "model": 2,
        "sequence": 15,
        "status": 1,
        "fuel": 6465,
        "fault": 0.4287,
        "weapon": 0,
        "pilot_injury": 0.4318,
        "pilot_skill": 0.7858,
        "mission_priority": 0.4625,
        "estimated_landing_time": 1416.0,
        "wait_time": 0,
        "Landing_success_rate": 1.0
    },
    {
        "model": 0,
        "sequence": 5,
        "status": 1,
        "fuel": 6083,
        "fault": 0.17,
        "weapon": 0,
        "pilot_injury": 0.4626,
        "pilot_skill": 0.7851,
        "mission_priority": 0.8216,
        "estimated_landing_time": 476.0,
        "wait_time": 0,
        "Landing_success_rate": 1.0
    },
    {
        "model": 2,
        "sequence": 18,
        "status": 1,
        "fuel": 7463,
        "fault": 0.1249,
        "weapon": 1,
        "pilot_injury": 0.4678,
        "pilot_skill": 0.9681,
        "mission_priority": 0.753,
        "estimated_landing_time": 1698.0,
        "wait_time": 0,
        "Landing_success_rate": 1.0
    },
    {
        "model": 0,
        "sequence": 9,
        "status": 1,
        "fuel": 6058,
        "fault": 0.7312,
        "weapon": 1,
        "pilot_injury": 0.4679,
        "pilot_skill": 0.6466,
        "mission_priority": 0.83,
        "estimated_landing_time": 852.0,
        "wait_time": 0,
        "Landing_success_rate": 1.0
    },
    {
        "model": 0,
        "sequence": 7,
        "status": 1,
        "fuel": 6182,
        "fault": 0.8341,
        "weapon": 1,
        "pilot_injury": 0.5484,
        "pilot_skill": 0.1973,
        "mission_priority": 0.3173,
        "estimated_landing_time": 664.0,
        "wait_time": 0,
        "Landing_success_rate": 1.0
    },
    {
        "model": 0,
        "sequence": 24,
        "status": 1,
        "fuel": 5734,
        "fault": 0.8922,
        "weapon": 0,
        "pilot_injury": 0.0517,
        "pilot_skill": 0.1585,
        "mission_priority": 0.8127,
        "estimated_landing_time": 2262.0,
        "wait_time": 0,
        "Landing_success_rate": 1.0
    },
    {
        "model": 2,
        "sequence": 17,
        "status": 1,
        "fuel": 6996,
        "fault": 0.3618,
        "weapon": 1,
        "pilot_injury": 0.4534,
        "pilot_skill": 0.5171,
        "mission_priority": 0.7636,
        "estimated_landing_time": 1604.0,
        "wait_time": 0,
        "Landing_success_rate": 1.0
    },
    {
        "model": 2,
        "sequence": 8,
        "status": 1,
        "fuel": 5665,
        "fault": 0.9679,
        "weapon": 0,
        "pilot_injury": 0.6183,
        "pilot_skill": 0.1131,
        "mission_priority": 0.1563,
        "estimated_landing_time": 758.0,
        "wait_time": 0,
        "Landing_success_rate": 1.0
    },
    {
        "model": 2,
        "sequence": 16,
        "status": 1,
        "fuel": 5807,
        "fault": 0.6892,
        "weapon": 0,
        "pilot_injury": 0.7435,
        "pilot_skill": 0.5807,
        "mission_priority": 0.3881,
        "estimated_landing_time": 1510.0,
        "wait_time": 0,
        "Landing_success_rate": 1.0
    },
    {
        "model": 2,
        "sequence": 1,
        "status": 1,
        "fuel": 6053,
        "fault": 0.2773,
        "weapon": 1,
        "pilot_injury": 0.5755,
        "pilot_skill": 0.4234,
        "mission_priority": 0.5149,
        "estimated_landing_time": 100.0,
        "wait_time": 0,
        "Landing_success_rate": 1.0
    },
    {
        "model": 1,
        "sequence": 4,
        "status": 1,
        "fuel": 6568,
        "fault": 0.5871,
        "weapon": 0,
        "pilot_injury": 0.8525,
        "pilot_skill": 0.2579,
        "mission_priority": 0.4915,
        "estimated_landing_time": 382.0,
        "wait_time": 0,
        "Landing_success_rate": 1.0
    },
    {
        "model": 1,
        "sequence": 20,
        "status": 1,
        "fuel": 5671,
        "fault": 0.7031,
        "weapon": 0,
        "pilot_injury": 0.595,
        "pilot_skill": 0.0902,
        "mission_priority": 0.606,
        "estimated_landing_time": 1886.0,
        "wait_time": 0,
        "Landing_success_rate": 1.0
    }
]