[
    {
        "model": 0,
        "sequence": 11,
        "status": 1,
        "fuel": 7485,
        "fault": 0.4561,
        "weapon": 0,
        "pilot_injury": 0.0158,
        "pilot_skill": 0.824,
        "mission_priority": 0.8788,
        "estimated_landing_time": 1040.0,
        "wait_time": 0,
        "Landing_success_rate": 1.0
    },
    {
        "model": 1,
        "sequence": 7,
        "status": 1,
        "fuel": 5931,
        "fault": 0.2608,
        "weapon": 1,
        "pilot_injury": 0.9607,
        "pilot_skill": 0.12,
        "mission_priority": 0.7379,
        "estimated_landing_time": 664.0,
        "wait_time": 0,
        "Landing_success_rate": 1.0
    },
    {
        "model": 2,
        "sequence": 12,
        "status": 1,
        "fuel": 6948,
        "fault": 0.8275,
        "weapon": 0,
        "pilot_injury": 0.5855,
        "pilot_skill": 0.7371,
        "mission_priority": 0.0037,
        "estimated_landing_time": 1134.0,
        "wait_time": 0,
        "Landing_success_rate": 1.0
    },
    {
        "model": 2,
        "sequence": 19,
        "status": 1,
        "fuel": 6281,
        "fault": 0.2304,
        "weapon": 0,
        "pilot_injury": 0.5329,
        "pilot_skill": 0.6376,
        "mission_priority": 0.3039,
        "estimated_landing_time": 1792.0,
        "wait_time": 0,
        "Landing_success_rate": 1.0
    },
    {
        "model": 0,
        "sequence": 20,
        "status": 1,
        "fuel": 6559,
        "fault": 0.1898,
        "weapon": 0,
        "pilot_injury": 0.0436,
        "pilot_skill": 0.2173,
        "mission_priority": 0.9711,
        "estimated_landing_time": 1886.0,
        "wait_time": 0,
        "Landing_success_rate": 1.0
    },
    {
        "model": 2,
        "sequence": 24,
        "status": 1,
        "fuel": 6080,
        "fault": 0.1228,
        "weapon": 0,
        "pilot_injury": 0.8801,
        "pilot_skill": 0.214,
        "mission_priority": 0.972,
        "estimated_landing_time": 2262.0,
        "wait_time": 0,
        "Landing_success_rate": 1.0
    },
    {
        "model": 1,
        "sequence": 16,
        "status": 1,
        "fuel": 6605,
        "fault": 0.1786,
        "weapon": 1,
        "pilot_injury": 0.1122,
        "pilot_skill": 0.5731,
        "mission_priority": 0.781,
        "estimated_landing_time": 1510.0,
        "wait_time": 0,
        "Landing_success_rate": 1.0
    },
    {
        "model": 0,
        "sequence": 14,
        "status": 1,
        "fuel": 7160,
        "fault": 0.5465,
        "weapon": 0,
        "pilot_injury": 0.4344,
        "pilot_skill": 0.1504,
        "mission_priority": 0.466,
        "estimated_landing_time": 1322.0,
        "wait_time": 0,
        "Landing_success_rate": 1.0
    },
    {
        "model": 1,
        "sequence": 6,
        "status": 1,
        "fuel": 5814,
        "fault": 0.5706,
        "weapon": 1,
        "pilot_injury": 0.4588,
        "pilot_skill": 0.5936,
        "mission_priority": 0.2673,
        "estimated_landing_time": 570.0,
        "wait_time": 0,
        "Landing_success_rate": 1.0
    },
    {
        "model": 1,
        "sequence": 17,
        "status": 1,
        "fuel": 5766,
        "fault": 0.6518,
        "weapon": 0,
        "pilot_injury": 0.0491,
        "pilot_skill": 0.8865,
        "mission_priority": 0.5623,
        "estimated_landing_time": 1604.0,
        "wait_time": 0,
        "Landing_success_rate": 1.0
    },
    {
        "model": 2,
        "sequence": 15,
        "status": 1,
        "fuel": 5930,
        "fault": 0.3183,
        "weapon": 0,
        "pilot_injury": 0.4834,
        "pilot_skill": 0.3317,
        "mission_priority": 0.1815,
        "estimated_landing_time": 1416.0,
        "wait_time": 0,
        "Landing_success_rate": 1.0
    },
    {
        "model": 2,
        "sequence": 10,
        "status": 1,
        "fuel": 6401,
        "fault": 0.2652,
        "weapon": 1,
        "pilot_injury": 0.6144,
        "pilot_skill": 0.9132,
        "mission_priority": 0.232,
        "estimated_landing_time": 946.0,
        "wait_time": 0,
        "Landing_success_rate": 1.0
    },
    {
        "model": 1,
        "sequence": 21,
        "status": 1,
        "fuel": 5515,
        "fault": 0.1552,
        "weapon": 1,
        "pilot_injury": 0.5079,
        "pilot_skill": 0.9983,
        "mission_priority": 0.695,
        "estimated_landing_time": 1980.0,
        "wait_time": 0,
        "Landing_success_rate": 1.0
    },
    {
        "model": 2,
        "sequence": 23,
        "status": 1,
        "fuel": 6189,
        "fault": 0.461,
        "weapon": 1,
        "pilot_injury": 0.7817,
        "pilot_skill": 0.0154,
        "mission_priority": 0.8169,
        "estimated_landing_time": 2168.0,
        "wait_time": 0,
        "Landing_success_rate": 1.0
    },
    {
        "model": 1,
        "sequence": 4,
        "status": 1,
        "fuel": 6107,
        "fault": 0.5598,
        "weapon": 1,
        "pilot_injury": 0.2263,
        "pilot_skill": 0.4686,
        "mission_priority": 0.4249,
        "estimated_landing_time": 382.0,
        "wait_time": 0,
        "Landing_success_rate": 1.0
    },
    {
        "model": 1,
        "sequence": 18,
        "status": 1,
        "fuel": 6654,
        "fault": 0.9701,
        "weapon": 0,
        "pilot_injury": 0.7622,
        "pilot_skill": 0.9901,
        "mission_priority": 0.7778,
        "estimated_landing_time": 1698.0,
        "wait_time": 0,
        "Landing_success_rate": 1.0
    },
    {
        "model": 0,
        "sequence": 3,
        "status": 1,
        "fuel": 7153,
        "fault": 0.4321,
        "weapon": 1,
        "pilot_injury": 0.2177,
        "pilot_skill": 0.1367,
        "mission_priority": 0.5513,
        "estimated_landing_time": 288.0,
        "wait_time": 0,
        "Landing_success_rate": 1.0
    },
    {
        "model": 1,
        "sequence": 5,
        "status": 1,
        "fuel": 6735,
        "fault": 0.4539,
        "weapon": 1,
        "pilot_injury": 0.6802,
        "pilot_skill": 0.2923,
        "mission_priority": 0.3303,
        "estimated_landing_time": 476.0,
        "wait_time": 0,
        "Landing_success_rate": 1.0
    },
    {
        "model": 1,
        "sequence": 8,
        "status": 1,
        "fuel": 6670,
        "fault": 0.546,
        "weapon": 0,
        "pilot_injury": 0.2126,
        "pilot_skill": 0.3743,
        "mission_priority": 0.2721,
        "estimated_landing_time": 758.0,
        "wait_time": 0,
        "Landing_success_rate": 1.0
    },
    {
        "model": 2,
        "sequence": 13,
        "status": 1,
        "fuel": 5898,
        "fault": 0.7955,
        "weapon": 0,
        "pilot_injury": 0.8531,
        "pilot_skill": 0.2198,
        "mission_priority": 0.0648,
        "estimated_landing_time": 1228.0,
        "wait_time": 0,
        "Landing_success_rate": 1.0
    },
    {
        "model": 0,
        "sequence": 22,
        "status": 1,
        "fuel": 6411,
        "fault": 0.0253,
        "weapon": 1,
        "pilot_injury": 0.3934,
        "pilot_skill": 0.0641,
        "mission_priority": 0.2263,
        "estimated_landing_time": 2074.0,
        "wait_time": 0,
        "Landing_success_rate": 1.0
    },
    {
        "model": 2,
        "sequence": 9,
        "status": 1,
        "fuel": 6720,
        "fault": 0.3234,
        "weapon": 1,
        "pilot_injury": 0.2071,
        "pilot_skill": 0.3359,
        "mission_priority": 0.1342,
        "estimated_landing_time": 852.0,
        "wait_time": 0,
        "Landing_success_rate": 1.0
    },
    {
        "model": 0,
        "sequence": 1,
        "status": 1,
        "fuel": 6066,
        "fault": 0.9166,
        "weapon": 0,
        "pilot_injury": 0.6556,
        "pilot_skill": 0.5421,
        "mission_priority": 0.7655,
        "estimated_landing_time": 100.0,
        "wait_time": 0,
        "Landing_success_rate": 1.0
    },
    {
        "model": 2,
        "sequence": 2,
        "status": 1,
        "fuel": 6503,
        "fault": 0.718,
        "weapon": 1,
        "pilot_injury": 0.0165,
        "pilot_skill": 0.1868,
        "mission_priority": 0.6549,
        "estimated_landing_time": 194.0,
        "wait_time": 0,
        "Landing_success_rate": 1.0
    }
]