[
    {
        "model": 2,
        "sequence": 23,
        "status": 1,
        "fuel": 5539,
        "fault": 0.8191,
        "weapon": 0,
        "pilot_injury": 0.0652,
        "pilot_skill": 0.0499,
        "mission_priority": 0.1156,
        "estimated_landing_time": 2168.0,
        "wait_time": 0,
        "Landing_success_rate": 1.0
    },
    {
        "model": 1,
        "sequence": 1,
        "status": 1,
        "fuel": 6472,
        "fault": 0.4584,
        "weapon": 1,
        "pilot_injury": 0.4856,
        "pilot_skill": 0.3429,
        "mission_priority": 0.4184,
        "estimated_landing_time": 100.0,
        "wait_time": 0,
        "Landing_success_rate": 1.0
    },
    {
        "model": 2,
        "sequence": 11,
        "status": 1,
        "fuel": 6541,
        "fault": 0.2816,
        "weapon": 1,
        "pilot_injury": 0.7157,
        "pilot_skill": 0.8847,
        "mission_priority": 0.3196,
        "estimated_landing_time": 1040.0,
        "wait_time": 0,
        "Landing_success_rate": 1.0
    },
    {
        "model": 0,
        "sequence": 22,
        "status": 1,
        "fuel": 5880,
        "fault": 0.8564,
        "weapon": 0,
        "pilot_injury": 0.6236,
        "pilot_skill": 0.4817,
        "mission_priority": 0.4007,
        "estimated_landing_time": 2074.0,
        "wait_time": 0,
        "Landing_success_rate": 1.0
    },
    {
        "model": 2,
        "sequence": 24,
        "status": 1,
        "fuel": 5531,
        "fault": 0.8225,
        "weapon": 1,
        "pilot_injury": 0.435,
        "pilot_skill": 0.7273,
        "mission_priority": 0.2696,
        "estimated_landing_time": 2262.0,
        "wait_time": 0,
        "Landing_success_rate": 1.0
    },
    {
        "model": 0,
        "sequence": 15,
        "status": 1,
        "fuel": 6122,
        "fault": 0.3829,
        "weapon": 1,
        "pilot_injury": 0.403,
        "pilot_skill": 0.0165,
        "mission_priority": 0.8148,
        "estimated_landing_time": 1416.0,
        "wait_time": 0,
        "Landing_success_rate": 1.0
    },
    {
        "model": 0,
        "sequence": 14,
        "status": 1,
        "fuel": 5829,
        "fault": 0.3813,
        "weapon": 0,
        "pilot_injury": 0.074,
        "pilot_skill": 0.175,
        "mission_priority": 0.8897,
        "estimated_landing_time": 1322.0,
        "wait_time": 0,
        "Landing_success_rate": 1.0
    },
    {
        "model": 0,
        "sequence": 7,
        "status": 1,
        "fuel": 6061,
        "fault": 0.0544,
        "weapon": 0,
        "pilot_injury": 0.9988,
        "pilot_skill": 0.3719,
        "mission_priority": 0.2988,
        "estimated_landing_time": 664.0,
        "wait_time": 0,
        "Landing_success_rate": 1.0
    },
    {
        "model": 1,
        "sequence": 8,
        "status": 1,
        "fuel": 5735,
        "fault": 0.5385,
        "weapon": 1,
        "pilot_injury": 0.6296,
        "pilot_skill": 0.7951,
        "mission_priority": 0.7817,
        "estimated_landing_time": 758.0,
        "wait_time": 0,
        "Landing_success_rate": 1.0
    },
    {
        "model": 2,
        "sequence": 16,
        "status": 1,
        "fuel": 6293,
        "fault": 0.3054,
        "weapon": 1,
        "pilot_injury": 0.8331,
        "pilot_skill": 0.6881,
        "mission_priority": 0.0212,
        "estimated_landing_time": 1510.0,
        "wait_time": 0,
        "Landing_success_rate": 1.0
    },
    {
        "model": 0,
        "sequence": 17,
        "status": 1,
        "fuel": 7468,
        "fault": 0.8841,
        "weapon": 0,
        "pilot_injury": 0.233,
        "pilot_skill": 0.9055,
        "mission_priority": 0.0369,
        "estimated_landing_time": 1604.0,
        "wait_time": 0,
        "Landing_success_rate": 1.0
    },
    {
        "model": 0,
        "sequence": 21,
        "status": 1,
        "fuel": 6537,
        "fault": 0.1723,
        "weapon": 0,
        "pilot_injury": 0.6169,
        "pilot_skill": 0.5341,
        "mission_priority": 0.2183,
        "estimated_landing_time": 1980.0,
        "wait_time": 0,
        "Landing_success_rate": 1.0
    },
    {
        "model": 2,
        "sequence": 20,
        "status": 1,
        "fuel": 6461,
        "fault": 0.887,
        "weapon": 0,
        "pilot_injury": 0.5025,
        "pilot_skill": 0.2712,
        "mission_priority": 0.9476,
        "estimated_landing_time": 1886.0,
        "wait_time": 0,
        "Landing_success_rate": 1.0
    },
    {
        "model": 1,
        "sequence": 10,
        "status": 1,
        "fuel": 7316,
        "fault": 0.1184,
        "weapon": 1,
        "pilot_injury": 0.7293,
        "pilot_skill": 0.3288,
        "mission_priority": 0.6535,
        "estimated_landing_time": 946.0,
        "wait_time": 0,
        "Landing_success_rate": 1.0
    },
    {
        "model": 1,
        "sequence": 12,
        "status": 1,
        "fuel": 7348,
        "fault": 0.1732,
        "weapon": 0,
        "pilot_injury": 0.7722,
        "pilot_skill": 0.928,
        "mission_priority": 0.2611,
        "estimated_landing_time": 1134.0,
        "wait_time": 0,
        "Landing_success_rate": 1.0
    },
    {
        "model": 0,
        "sequence": 6,
        "status": 1,
        "fuel": 7394,
        "fault": 0.1681,
        "weapon": 0,
        "pilot_injury": 0.9272,
        "pilot_skill": 0.9014,
        "mission_priority": 0.0899,
        "estimated_landing_time": 570.0,
        "wait_time": 0,
        "Landing_success_rate": 1.0
    },
    {
        "model": 1,
        "sequence": 18,
        "status": 1,
        "fuel": 7335,
        "fault": 0.4681,
        "weapon": 0,
        "pilot_injury": 0.1066,
        "pilot_skill": 0.3456,
        "mission_priority": 0.1484,
        "estimated_landing_time": 1698.0,
        "wait_time": 0,
        "Landing_success_rate": 1.0
    },
    {
        "model": 2,
        "sequence": 3,
        "status": 1,
        "fuel": 6109,
        "fault": 0.3821,
        "weapon": 1,
        "pilot_injury": 0.9967,
        "pilot_skill": 0.3752,
        "mission_priority": 0.599,
        "estimated_landing_time": 288.0,
        "wait_time": 0,
        "Landing_success_rate": 1.0
    },
    {
        "model": 1,
        "sequence": 19,
        "status": 1,
        "fuel": 6367,
        "fault": 0.0159,
        "weapon": 1,
        "pilot_injury": 0.6896,
        "pilot_skill": 0.4088,
        "mission_priority": 0.2061,
        "estimated_landing_time": 1792.0,
        "wait_time": 0,
        "Landing_success_rate": 1.0
    },
    {
        "model": 2,
        "sequence": 5,
        "status": 1,
        "fuel": 6620,
        "fault": 0.6521,
        "weapon": 1,
        "pilot_injury": 0.6954,
        "pilot_skill": 0.2527,
        "mission_priority": 0.3114,
        "estimated_landing_time": 476.0,
        "wait_time": 0,
        "Landing_success_rate": 1.0
    },
    {
        "model": 0,
        "sequence": 9,
        "status": 1,
        "fuel": 7317,
        "fault": 0.7533,
        "weapon": 1,
        "pilot_injury": 0.4934,
        "pilot_skill": 0.5721,
        "mission_priority": 0.5694,
        "estimated_landing_time": 852.0,
        "wait_time": 0,
        "Landing_success_rate": 1.0
    },
    {
        "model": 2,
        "sequence": 4,
        "status": 1,
        "fuel": 6458,
        "fault": 0.1934,
        "weapon": 0,
        "pilot_injury": 0.7451,
        "pilot_skill": 0.1271,
        "mission_priority": 0.1039,
        "estimated_landing_time": 382.0,
        "wait_time": 0,
        "Landing_success_rate": 1.0
    },
    {
        "model": 0,
        "sequence": 13,
        "status": 1,
        "fuel": 5661,
        "fault": 0.4967,
        "weapon": 0,
        "pilot_injury": 0.3068,
        "pilot_skill": 0.4752,
        "mission_priority": 0.4494,
        "estimated_landing_time": 1228.0,
        "wait_time": 0,
        "Landing_success_rate": 1.0
    },
    {
        "model": 2,
        "sequence": 2,
        "status": 1,
        "fuel": 5759,
        "fault": 0.2745,
        "weapon": 1,
        "pilot_injury": 0.6444,
        "pilot_skill": 0.7141,
        "mission_priority": 0.2926,
        "estimated_landing_time": 194.0,
        "wait_time": 0,
        "Landing_success_rate": 1.0
    }
]