[
    {
        "model": 0,
        "sequence": 20,
        "status": 1,
        "fuel": 6794,
        "fault": 0.9081,
        "weapon": 1,
        "pilot_injury": 0.8998,
        "pilot_skill": 0.1182,
        "mission_priority": 0.3107,
        "estimated_landing_time": 1886.0,
        "wait_time": 0,
        "Landing_success_rate": 1.0
    },
    {
        "model": 2,
        "sequence": 10,
        "status": 1,
        "fuel": 6174,
        "fault": 0.9087,
        "weapon": 0,
        "pilot_injury": 0.8323,
        "pilot_skill": 0.1116,
        "mission_priority": 0.9206,
        "estimated_landing_time": 946.0,
        "wait_time": 0,
        "Landing_success_rate": 1.0
    },
    {
        "model": 2,
        "sequence": 18,
        "status": 1,
        "fuel": 5756,
        "fault": 0.9402,
        "weapon": 1,
        "pilot_injury": 0.0339,
        "pilot_skill": 0.9898,
        "mission_priority": 0.4823,
        "estimated_landing_time": 1698.0,
        "wait_time": 0,
        "Landing_success_rate": 1.0
    },
    {
        "model": 1,
        "sequence": 7,
        "status": 1,
        "fuel": 5636,
        "fault": 0.9743,
        "weapon": 1,
        "pilot_injury": 0.7897,
        "pilot_skill": 0.812,
        "mission_priority": 0.1939,
        "estimated_landing_time": 664.0,
        "wait_time": 0,
        "Landing_success_rate": 1.0
    },
    {
        "model": 2,
        "sequence": 8,
        "status": 1,
        "fuel": 5945,
        "fault": 0.6892,
        "weapon": 1,
        "pilot_injury": 0.8195,
        "pilot_skill": 0.6176,
        "mission_priority": 0.9947,
        "estimated_landing_time": 758.0,
        "wait_time": 0,
        "Landing_success_rate": 1.0
    },
    {
        "model": 0,
        "sequence": 19,
        "status": 1,
        "fuel": 6468,
        "fault": 0.5655,
        "weapon": 0,
        "pilot_injury": 0.8466,
        "pilot_skill": 0.4147,
        "mission_priority": 0.0362,
        "estimated_landing_time": 1792.0,
        "wait_time": 0,
        "Landing_success_rate": 1.0
    },
    {
        "model": 1,
        "sequence": 12,
        "status": 1,
        "fuel": 6052,
        "fault": 0.6387,
        "weapon": 0,
        "pilot_injury": 0.9602,
        "pilot_skill": 0.2761,
        "mission_priority": 0.2465,
        "estimated_landing_time": 1134.0,
        "wait_time": 0,
        "Landing_success_rate": 1.0
    },
    {
        "model": 2,
        "sequence": 11,
        "status": 1,
        "fuel": 6816,
        "fault": 0.5821,
        "weapon": 1,
        "pilot_injury": 0.7465,
        "pilot_skill": 0.56,
        "mission_priority": 0.6314,
        "estimated_landing_time": 1040.0,
        "wait_time": 0,
        "Landing_success_rate": 1.0
    },
    {
        "model": 1,
        "sequence": 2,
        "status": 1,
        "fuel": 6150,
        "fault": 0.0035,
        "weapon": 1,
        "pilot_injury": 0.2554,
        "pilot_skill": 0.8844,
        "mission_priority": 0.1126,
        "estimated_landing_time": 194.0,
        "wait_time": 0,
        "Landing_success_rate": 1.0
    },
    {
        "model": 0,
        "sequence": 24,
        "status": 1,
        "fuel": 6066,
        "fault": 0.3049,
        "weapon": 0,
        "pilot_injury": 0.4756,
        "pilot_skill": 0.2994,
        "mission_priority": 0.3232,
        "estimated_landing_time": 2262.0,
        "wait_time": 0,
        "Landing_success_rate": 1.0
    },
    {
        "model": 2,
        "sequence": 3,
        "status": 1,
        "fuel": 6978,
        "fault": 0.6739,
        "weapon": 1,
        "pilot_injury": 0.3657,
        "pilot_skill": 0.7264,
        "mission_priority": 0.4561,
        "estimated_landing_time": 288.0,
        "wait_time": 0,
        "Landing_success_rate": 1.0
    },
    {
        "model": 0,
        "sequence": 4,
        "status": 1,
        "fuel": 5759,
        "fault": 0.4277,
        "weapon": 1,
        "pilot_injury": 0.9759,
        "pilot_skill": 0.3671,
        "mission_priority": 0.2077,
        "estimated_landing_time": 382.0,
        "wait_time": 0,
        "Landing_success_rate": 1.0
    },
    {
        "model": 0,
        "sequence": 21,
        "status": 1,
        "fuel": 6087,
        "fault": 0.6447,
        "weapon": 0,
        "pilot_injury": 0.8344,
        "pilot_skill": 0.1502,
        "mission_priority": 0.6587,
        "estimated_landing_time": 1980.0,
        "wait_time": 0,
        "Landing_success_rate": 1.0
    },
    {
        "model": 1,
        "sequence": 5,
        "status": 1,
        "fuel": 7472,
        "fault": 0.9276,
        "weapon": 0,
        "pilot_injury": 0.565,
        "pilot_skill": 0.3293,
        "mission_priority": 0.1403,
        "estimated_landing_time": 476.0,
        "wait_time": 0,
        "Landing_success_rate": 1.0
    },
    {
        "model": 1,
        "sequence": 22,
        "status": 1,
        "fuel": 6606,
        "fault": 0.5868,
        "weapon": 0,
        "pilot_injury": 0.385,
        "pilot_skill": 0.2461,
        "mission_priority": 0.5774,
        "estimated_landing_time": 2074.0,
        "wait_time": 0,
        "Landing_success_rate": 1.0
    },
    {
        "model": 1,
        "sequence": 23,
        "status": 1,
        "fuel": 7409,
        "fault": 0.7965,
        "weapon": 0,
        "pilot_injury": 0.154,
        "pilot_skill": 0.7075,
        "mission_priority": 0.9747,
        "estimated_landing_time": 2168.0,
        "wait_time": 0,
        "Landing_success_rate": 1.0
    },
    {
        "model": 2,
        "sequence": 6,
        "status": 1,
        "fuel": 6928,
        "fault": 0.6014,
        "weapon": 0,
        "pilot_injury": 0.0876,
        "pilot_skill": 0.3816,
        "mission_priority": 0.5067,
        "estimated_landing_time": 570.0,
        "wait_time": 0,
        "Landing_success_rate": 1.0
    },
    {
        "model": 2,
        "sequence": 13,
        "status": 1,
        "fuel": 5904,
        "fault": 0.4037,
        "weapon": 0,
        "pilot_injury": 0.8826,
        "pilot_skill": 0.9444,
        "mission_priority": 0.1006,
        "estimated_landing_time": 1228.0,
        "wait_time": 0,
        "Landing_success_rate": 1.0
    },
    {
        "model": 1,
        "sequence": 16,
        "status": 1,
        "fuel": 6008,
        "fault": 0.6254,
        "weapon": 1,
        "pilot_injury": 0.2704,
        "pilot_skill": 0.6927,
        "mission_priority": 0.2535,
        "estimated_landing_time": 1510.0,
        "wait_time": 0,
        "Landing_success_rate": 1.0
    },
    {
        "model": 2,
        "sequence": 14,
        "status": 1,
        "fuel": 7170,
        "fault": 0.2729,
        "weapon": 0,
        "pilot_injury": 0.8563,
        "pilot_skill": 0.8826,
        "mission_priority": 0.2969,
        "estimated_landing_time": 1322.0,
        "wait_time": 0,
        "Landing_success_rate": 1.0
    },
    {
        "model": 2,
        "sequence": 9,
        "status": 1,
        "fuel": 5624,
        "fault": 0.0041,
        "weapon": 0,
        "pilot_injury": 0.099,
        "pilot_skill": 0.7581,
        "mission_priority": 0.5964,
        "estimated_landing_time": 852.0,
        "wait_time": 0,
        "Landing_success_rate": 1.0
    },
    {
        "model": 1,
        "sequence": 1,
        "status": 1,
        "fuel": 6930,
        "fault": 0.1926,
        "weapon": 1,
        "pilot_injury": 0.9756,
        "pilot_skill": 0.8625,
        "mission_priority": 0.8098,
        "estimated_landing_time": 100.0,
        "wait_time": 0,
        "Landing_success_rate": 1.0
    },
    {
        "model": 0,
        "sequence": 17,
        "status": 1,
        "fuel": 6712,
        "fault": 0.9977,
        "weapon": 0,
        "pilot_injury": 0.2145,
        "pilot_skill": 0.9774,
        "mission_priority": 0.0521,
        "estimated_landing_time": 1604.0,
        "wait_time": 0,
        "Landing_success_rate": 1.0
    },
    {
        "model": 2,
        "sequence": 15,
        "status": 1,
        "fuel": 7400,
        "fault": 0.2048,
        "weapon": 1,
        "pilot_injury": 0.8242,
        "pilot_skill": 0.7662,
        "mission_priority": 0.375,
        "estimated_landing_time": 1416.0,
        "wait_time": 0,
        "Landing_success_rate": 1.0
    }
]