[
    {
        "model": 2,
        "sequence": 17,
        "status": 1,
        "fuel": 6621,
        "fault": 0.6704,
        "weapon": 0,
        "pilot_injury": 0.4039,
        "pilot_skill": 0.7742,
        "mission_priority": 0.6059,
        "estimated_landing_time": 1604.0,
        "wait_time": 0,
        "Landing_success_rate": 1.0
    },
    {
        "model": 0,
        "sequence": 6,
        "status": 1,
        "fuel": 5675,
        "fault": 0.0938,
        "weapon": 0,
        "pilot_injury": 0.3771,
        "pilot_skill": 0.22,
        "mission_priority": 0.6081,
        "estimated_landing_time": 570.0,
        "wait_time": 0,
        "Landing_success_rate": 1.0
    },
    {
        "model": 0,
        "sequence": 20,
        "status": 1,
        "fuel": 6520,
        "fault": 0.0447,
        "weapon": 0,
        "pilot_injury": 0.4866,
        "pilot_skill": 0.9596,
        "mission_priority": 0.7327,
        "estimated_landing_time": 1886.0,
        "wait_time": 0,
        "Landing_success_rate": 1.0
    },
    {
        "model": 2,
        "sequence": 19,
        "status": 1,
        "fuel": 6884,
        "fault": 0.7968,
        "weapon": 0,
        "pilot_injury": 0.9756,
        "pilot_skill": 0.7265,
        "mission_priority": 0.915,
        "estimated_landing_time": 1792.0,
        "wait_time": 0,
        "Landing_success_rate": 1.0
    },
    {
        "model": 0,
        "sequence": 15,
        "status": 1,
        "fuel": 6900,
        "fault": 0.3233,
        "weapon": 1,
        "pilot_injury": 0.714,
        "pilot_skill": 0.2947,
        "mission_priority": 0.5508,
        "estimated_landing_time": 1416.0,
        "wait_time": 0,
        "Landing_success_rate": 1.0
    },
    {
        "model": 0,
        "sequence": 10,
        "status": 1,
        "fuel": 7230,
        "fault": 0.7476,
        "weapon": 0,
        "pilot_injury": 0.8272,
        "pilot_skill": 0.8329,
        "mission_priority": 0.8506,
        "estimated_landing_time": 946.0,
        "wait_time": 0,
        "Landing_success_rate": 1.0
    },
    {
        "model": 1,
        "sequence": 11,
        "status": 1,
        "fuel": 6212,
        "fault": 0.066,
        "weapon": 0,
        "pilot_injury": 0.3814,
        "pilot_skill": 0.8314,
        "mission_priority": 0.4902,
        "estimated_landing_time": 1040.0,
        "wait_time": 0,
        "Landing_success_rate": 1.0
    },
    {
        "model": 0,
        "sequence": 9,
        "status": 1,
        "fuel": 6072,
        "fault": 0.368,
        "weapon": 1,
        "pilot_injury": 0.1418,
        "pilot_skill": 0.6916,
        "mission_priority": 0.3359,
        "estimated_landing_time": 852.0,
        "wait_time": 0,
        "Landing_success_rate": 1.0
    },
    {
        "model": 2,
        "sequence": 7,
        "status": 1,
        "fuel": 5745,
        "fault": 0.7108,
        "weapon": 0,
        "pilot_injury": 0.7769,
        "pilot_skill": 0.7871,
        "mission_priority": 0.6237,
        "estimated_landing_time": 664.0,
        "wait_time": 0,
        "Landing_success_rate": 1.0
    },
    {
        "model": 1,
        "sequence": 13,
        "status": 1,
        "fuel": 7447,
        "fault": 0.0261,
        "weapon": 0,
        "pilot_injury": 0.5988,
        "pilot_skill": 0.9611,
        "mission_priority": 0.1916,
        "estimated_landing_time": 1228.0,
        "wait_time": 0,
        "Landing_success_rate": 1.0
    },
    {
        "model": 0,
        "sequence": 22,
        "status": 1,
        "fuel": 6873,
        "fault": 0.5248,
        "weapon": 1,
        "pilot_injury": 0.5284,
        "pilot_skill": 0.1227,
        "mission_priority": 0.5401,
        "estimated_landing_time": 2074.0,
        "wait_time": 0,
        "Landing_success_rate": 1.0
    },
    {
        "model": 2,
        "sequence": 5,
        "status": 1,
        "fuel": 6443,
        "fault": 0.5727,
        "weapon": 1,
        "pilot_injury": 0.9752,
        "pilot_skill": 0.9664,
        "mission_priority": 0.3484,
        "estimated_landing_time": 476.0,
        "wait_time": 0,
        "Landing_success_rate": 1.0
    },
    {
        "model": 0,
        "sequence": 1,
        "status": 1,
        "fuel": 6557,
        "fault": 0.3041,
        "weapon": 0,
        "pilot_injury": 0.8518,
        "pilot_skill": 0.2163,
        "mission_priority": 0.5058,
        "estimated_landing_time": 100.0,
        "wait_time": 0,
        "Landing_success_rate": 1.0
    },
    {
        "model": 1,
        "sequence": 4,
        "status": 1,
        "fuel": 5896,
        "fault": 0.7628,
        "weapon": 0,
        "pilot_injury": 0.6837,
        "pilot_skill": 0.7978,
        "mission_priority": 0.1764,
        "estimated_landing_time": 382.0,
        "wait_time": 0,
        "Landing_success_rate": 1.0
    },
    {
        "model": 2,
        "sequence": 16,
        "status": 1,
        "fuel": 6873,
        "fault": 0.9035,
        "weapon": 0,
        "pilot_injury": 0.0916,
        "pilot_skill": 0.1132,
        "mission_priority": 0.1084,
        "estimated_landing_time": 1510.0,
        "wait_time": 0,
        "Landing_success_rate": 1.0
    },
    {
        "model": 1,
        "sequence": 14,
        "status": 1,
        "fuel": 6735,
        "fault": 0.0539,
        "weapon": 0,
        "pilot_injury": 0.4677,
        "pilot_skill": 0.357,
        "mission_priority": 0.5505,
        "estimated_landing_time": 1322.0,
        "wait_time": 0,
        "Landing_success_rate": 1.0
    },
    {
        "model": 2,
        "sequence": 2,
        "status": 1,
        "fuel": 6714,
        "fault": 0.0,
        "weapon": 0,
        "pilot_injury": 0.5155,
        "pilot_skill": 0.4643,
        "mission_priority": 0.3978,
        "estimated_landing_time": 194.0,
        "wait_time": 0,
        "Landing_success_rate": 1.0
    },
    {
        "model": 2,
        "sequence": 21,
        "status": 1,
        "fuel": 5864,
        "fault": 0.002,
        "weapon": 0,
        "pilot_injury": 0.2594,
        "pilot_skill": 0.7433,
        "mission_priority": 0.3598,
        "estimated_landing_time": 1980.0,
        "wait_time": 0,
        "Landing_success_rate": 1.0
    },
    {
        "model": 0,
        "sequence": 24,
        "status": 1,
        "fuel": 7145,
        "fault": 0.6786,
        "weapon": 1,
        "pilot_injury": 0.7019,
        "pilot_skill": 0.0451,
        "mission_priority": 0.3856,
        "estimated_landing_time": 2262.0,
        "wait_time": 0,
        "Landing_success_rate": 1.0
    },
    {
        "model": 2,
        "sequence": 18,
        "status": 1,
        "fuel": 7234,
        "fault": 0.2652,
        "weapon": 0,
        "pilot_injury": 0.9671,
        "pilot_skill": 0.4609,
        "mission_priority": 0.8248,
        "estimated_landing_time": 1698.0,
        "wait_time": 0,
        "Landing_success_rate": 1.0
    },
    {
        "model": 2,
        "sequence": 23,
        "status": 1,
        "fuel": 5813,
        "fault": 0.0561,
        "weapon": 0,
        "pilot_injury": 0.8111,
        "pilot_skill": 0.0775,
        "mission_priority": 0.7133,
        "estimated_landing_time": 2168.0,
        "wait_time": 0,
        "Landing_success_rate": 1.0
    },
    {
        "model": 0,
        "sequence": 8,
        "status": 1,
        "fuel": 6112,
        "fault": 0.1486,
        "weapon": 1,
        "pilot_injury": 0.2513,
        "pilot_skill": 0.9218,
        "mission_priority": 0.9261,
        "estimated_landing_time": 758.0,
        "wait_time": 0,
        "Landing_success_rate": 1.0
    },
    {
        "model": 2,
        "sequence": 12,
        "status": 1,
        "fuel": 7225,
        "fault": 0.7799,
        "weapon": 0,
        "pilot_injury": 0.8065,
        "pilot_skill": 0.0102,
        "mission_priority": 0.2878,
        "estimated_landing_time": 1134.0,
        "wait_time": 0,
        "Landing_success_rate": 1.0
    },
    {
        "model": 2,
        "sequence": 3,
        "status": 1,
        "fuel": 6680,
        "fault": 0.1618,
        "weapon": 0,
        "pilot_injury": 0.2188,
        "pilot_skill": 0.5036,
        "mission_priority": 0.8475,
        "estimated_landing_time": 288.0,
        "wait_time": 0,
        "Landing_success_rate": 1.0
    }
]