[
    {
        "model": 2,
        "sequence": 13,
        "status": 1,
        "fuel": 6079,
        "fault": 0.2485,
        "weapon": 1,
        "pilot_injury": 0.5024,
        "pilot_skill": 0.7061,
        "mission_priority": 0.5699,
        "estimated_landing_time": 1228.0,
        "wait_time": 0,
        "Landing_success_rate": 1.0
    },
    {
        "model": 0,
        "sequence": 22,
        "status": 1,
        "fuel": 6225,
        "fault": 0.0548,
        "weapon": 0,
        "pilot_injury": 0.0643,
        "pilot_skill": 0.9432,
        "mission_priority": 0.2154,
        "estimated_landing_time": 2074.0,
        "wait_time": 0,
        "Landing_success_rate": 1.0
    },
    {
        "model": 0,
        "sequence": 8,
        "status": 1,
        "fuel": 6668,
        "fault": 0.3885,
        "weapon": 0,
        "pilot_injury": 0.8949,
        "pilot_skill": 0.9799,
        "mission_priority": 0.1463,
        "estimated_landing_time": 758.0,
        "wait_time": 0,
        "Landing_success_rate": 1.0
    },
    {
        "model": 1,
        "sequence": 4,
        "status": 1,
        "fuel": 6194,
        "fault": 0.7065,
        "weapon": 1,
        "pilot_injury": 0.787,
        "pilot_skill": 0.3115,
        "mission_priority": 0.5888,
        "estimated_landing_time": 382.0,
        "wait_time": 0,
        "Landing_success_rate": 1.0
    },
    {
        "model": 2,
        "sequence": 21,
        "status": 1,
        "fuel": 5842,
        "fault": 0.1374,
        "weapon": 0,
        "pilot_injury": 0.5294,
        "pilot_skill": 0.725,
        "mission_priority": 0.7896,
        "estimated_landing_time": 1980.0,
        "wait_time": 0,
        "Landing_success_rate": 1.0
    },
    {
        "model": 0,
        "sequence": 3,
        "status": 1,
        "fuel": 7231,
        "fault": 0.7387,
        "weapon": 1,
        "pilot_injury": 0.6499,
        "pilot_skill": 0.5167,
        "mission_priority": 0.1824,
        "estimated_landing_time": 288.0,
        "wait_time": 0,
        "Landing_success_rate": 1.0
    },
    {
        "model": 0,
        "sequence": 23,
        "status": 1,
        "fuel": 6386,
        "fault": 0.8692,
        "weapon": 0,
        "pilot_injury": 0.9693,
        "pilot_skill": 0.7775,
        "mission_priority": 0.4181,
        "estimated_landing_time": 2168.0,
        "wait_time": 0,
        "Landing_success_rate": 1.0
    },
    {
        "model": 2,
        "sequence": 12,
        "status": 1,
        "fuel": 6357,
        "fault": 0.4734,
        "weapon": 0,
        "pilot_injury": 0.4163,
        "pilot_skill": 0.156,
        "mission_priority": 0.2543,
        "estimated_landing_time": 1134.0,
        "wait_time": 0,
        "Landing_success_rate": 1.0
    },
    {
        "model": 0,
        "sequence": 6,
        "status": 1,
        "fuel": 5777,
        "fault": 0.3291,
        "weapon": 0,
        "pilot_injury": 0.9486,
        "pilot_skill": 0.1934,
        "mission_priority": 0.9009,
        "estimated_landing_time": 570.0,
        "wait_time": 0,
        "Landing_success_rate": 1.0
    },
    {
        "model": 0,
        "sequence": 19,
        "status": 1,
        "fuel": 5735,
        "fault": 0.9868,
        "weapon": 0,
        "pilot_injury": 0.6437,
        "pilot_skill": 0.4625,
        "mission_priority": 0.9518,
        "estimated_landing_time": 1792.0,
        "wait_time": 0,
        "Landing_success_rate": 1.0
    },
    {
        "model": 2,
        "sequence": 17,
        "status": 1,
        "fuel": 6980,
        "fault": 0.634,
        "weapon": 0,
        "pilot_injury": 0.0754,
        "pilot_skill": 0.8522,
        "mission_priority": 0.4134,
        "estimated_landing_time": 1604.0,
        "wait_time": 0,
        "Landing_success_rate": 1.0
    },
    {
        "model": 0,
        "sequence": 14,
        "status": 1,
        "fuel": 6148,
        "fault": 0.9458,
        "weapon": 1,
        "pilot_injury": 0.6763,
        "pilot_skill": 0.5069,
        "mission_priority": 0.2775,
        "estimated_landing_time": 1322.0,
        "wait_time": 0,
        "Landing_success_rate": 1.0
    },
    {
        "model": 2,
        "sequence": 1,
        "status": 1,
        "fuel": 6134,
        "fault": 0.4353,
        "weapon": 1,
        "pilot_injury": 0.8339,
        "pilot_skill": 0.1088,
        "mission_priority": 0.0232,
        "estimated_landing_time": 100.0,
        "wait_time": 0,
        "Landing_success_rate": 1.0
    },
    {
        "model": 2,
        "sequence": 9,
        "status": 1,
        "fuel": 7099,
        "fault": 0.8562,
        "weapon": 1,
        "pilot_injury": 0.3139,
        "pilot_skill": 0.7012,
        "mission_priority": 0.9319,
        "estimated_landing_time": 852.0,
        "wait_time": 0,
        "Landing_success_rate": 1.0
    },
    {
        "model": 1,
        "sequence": 15,
        "status": 1,
        "fuel": 6070,
        "fault": 0.708,
        "weapon": 0,
        "pilot_injury": 0.9178,
        "pilot_skill": 0.4723,
        "mission_priority": 0.4078,
        "estimated_landing_time": 1416.0,
        "wait_time": 0,
        "Landing_success_rate": 1.0
    },
    {
        "model": 2,
        "sequence": 24,
        "status": 1,
        "fuel": 7418,
        "fault": 0.2947,
        "weapon": 1,
        "pilot_injury": 0.6737,
        "pilot_skill": 0.4337,
        "mission_priority": 0.3242,
        "estimated_landing_time": 2262.0,
        "wait_time": 0,
        "Landing_success_rate": 1.0
    },
    {
        "model": 0,
        "sequence": 18,
        "status": 1,
        "fuel": 5944,
        "fault": 0.9266,
        "weapon": 0,
        "pilot_injury": 0.2019,
        "pilot_skill": 0.6964,
        "mission_priority": 0.8667,
        "estimated_landing_time": 1698.0,
        "wait_time": 0,
        "Landing_success_rate": 1.0
    },
    {
        "model": 1,
        "sequence": 20,
        "status": 1,
        "fuel": 7105,
        "fault": 0.8463,
        "weapon": 1,
        "pilot_injury": 0.6703,
        "pilot_skill": 0.6208,
        "mission_priority": 0.4473,
        "estimated_landing_time": 1886.0,
        "wait_time": 0,
        "Landing_success_rate": 1.0
    },
    {
        "model": 1,
        "sequence": 5,
        "status": 1,
        "fuel": 6198,
        "fault": 0.2851,
        "weapon": 0,
        "pilot_injury": 0.7773,
        "pilot_skill": 0.4518,
        "mission_priority": 0.858,
        "estimated_landing_time": 476.0,
        "wait_time": 0,
        "Landing_success_rate": 1.0
    },
    {
        "model": 0,
        "sequence": 16,
        "status": 1,
        "fuel": 7172,
        "fault": 0.9147,
        "weapon": 0,
        "pilot_injury": 0.9342,
        "pilot_skill": 0.1646,
        "mission_priority": 0.543,
        "estimated_landing_time": 1510.0,
        "wait_time": 0,
        "Landing_success_rate": 1.0
    },
    {
        "model": 1,
        "sequence": 2,
        "status": 1,
        "fuel": 6475,
        "fault": 0.7965,
        "weapon": 0,
        "pilot_injury": 0.1481,
        "pilot_skill": 0.1878,
        "mission_priority": 0.9348,
        "estimated_landing_time": 194.0,
        "wait_time": 0,
        "Landing_success_rate": 1.0
    },
    {
        "model": 0,
        "sequence": 10,
        "status": 1,
        "fuel": 5664,
        "fault": 0.465,
        "weapon": 0,
        "pilot_injury": 0.4435,
        "pilot_skill": 0.5976,
        "mission_priority": 0.0321,
        "estimated_landing_time": 946.0,
        "wait_time": 0,
        "Landing_success_rate": 1.0
    },
    {
        "model": 1,
        "sequence": 7,
        "status": 1,
        "fuel": 6598,
        "fault": 0.9068,
        "weapon": 1,
        "pilot_injury": 0.0168,
        "pilot_skill": 0.7895,
        "mission_priority": 0.2954,
        "estimated_landing_time": 664.0,
        "wait_time": 0,
        "Landing_success_rate": 1.0
    },
    {
        "model": 0,
        "sequence": 11,
        "status": 1,
        "fuel": 5876,
        "fault": 0.1506,
        "weapon": 0,
        "pilot_injury": 0.9922,
        "pilot_skill": 0.0992,
        "mission_priority": 0.5553,
        "estimated_landing_time": 1040.0,
        "wait_time": 0,
        "Landing_success_rate": 1.0
    }
]