[
    {
        "model": 2,
        "sequence": 8,
        "status": 1,
        "fuel": 5740,
        "fault": 0.7986,
        "weapon": 0,
        "pilot_injury": 0.1521,
        "pilot_skill": 0.3647,
        "mission_priority": 0.8161,
        "estimated_landing_time": 758.0,
        "wait_time": 0,
        "Landing_success_rate": 1.0
    },
    {
        "model": 0,
        "sequence": 19,
        "status": 1,
        "fuel": 6700,
        "fault": 0.2017,
        "weapon": 1,
        "pilot_injury": 0.6516,
        "pilot_skill": 0.0573,
        "mission_priority": 0.0224,
        "estimated_landing_time": 1792.0,
        "wait_time": 0,
        "Landing_success_rate": 1.0
    },
    {
        "model": 1,
        "sequence": 23,
        "status": 1,
        "fuel": 7095,
        "fault": 0.3026,
        "weapon": 0,
        "pilot_injury": 0.3304,
        "pilot_skill": 0.6677,
        "mission_priority": 0.6655,
        "estimated_landing_time": 2168.0,
        "wait_time": 0,
        "Landing_success_rate": 1.0
    },
    {
        "model": 0,
        "sequence": 5,
        "status": 1,
        "fuel": 6803,
        "fault": 0.9565,
        "weapon": 1,
        "pilot_injury": 0.5771,
        "pilot_skill": 0.0625,
        "mission_priority": 0.1759,
        "estimated_landing_time": 476.0,
        "wait_time": 0,
        "Landing_success_rate": 1.0
    },
    {
        "model": 0,
        "sequence": 14,
        "status": 1,
        "fuel": 7282,
        "fault": 0.6433,
        "weapon": 1,
        "pilot_injury": 0.9739,
        "pilot_skill": 0.3425,
        "mission_priority": 0.5211,
        "estimated_landing_time": 1322.0,
        "wait_time": 0,
        "Landing_success_rate": 1.0
    },
    {
        "model": 0,
        "sequence": 21,
        "status": 1,
        "fuel": 7461,
        "fault": 0.4433,
        "weapon": 0,
        "pilot_injury": 0.3666,
        "pilot_skill": 0.4816,
        "mission_priority": 0.5678,
        "estimated_landing_time": 1980.0,
        "wait_time": 0,
        "Landing_success_rate": 1.0
    },
    {
        "model": 0,
        "sequence": 24,
        "status": 1,
        "fuel": 6471,
        "fault": 0.3776,
        "weapon": 1,
        "pilot_injury": 0.5549,
        "pilot_skill": 0.4312,
        "mission_priority": 0.1338,
        "estimated_landing_time": 2262.0,
        "wait_time": 0,
        "Landing_success_rate": 1.0
    },
    {
        "model": 0,
        "sequence": 18,
        "status": 1,
        "fuel": 6547,
        "fault": 0.9641,
        "weapon": 1,
        "pilot_injury": 0.8718,
        "pilot_skill": 0.0333,
        "mission_priority": 0.6894,
        "estimated_landing_time": 1698.0,
        "wait_time": 0,
        "Landing_success_rate": 1.0
    },
    {
        "model": 0,
        "sequence": 2,
        "status": 1,
        "fuel": 5592,
        "fault": 0.0557,
        "weapon": 1,
        "pilot_injury": 0.908,
        "pilot_skill": 0.5796,
        "mission_priority": 0.139,
        "estimated_landing_time": 194.0,
        "wait_time": 0,
        "Landing_success_rate": 1.0
    },
    {
        "model": 2,
        "sequence": 16,
        "status": 1,
        "fuel": 5506,
        "fault": 0.7252,
        "weapon": 1,
        "pilot_injury": 0.8161,
        "pilot_skill": 0.2197,
        "mission_priority": 0.7289,
        "estimated_landing_time": 1510.0,
        "wait_time": 0,
        "Landing_success_rate": 1.0
    },
    {
        "model": 0,
        "sequence": 20,
        "status": 1,
        "fuel": 6166,
        "fault": 0.0783,
        "weapon": 1,
        "pilot_injury": 0.122,
        "pilot_skill": 0.7056,
        "mission_priority": 0.9721,
        "estimated_landing_time": 1886.0,
        "wait_time": 0,
        "Landing_success_rate": 1.0
    },
    {
        "model": 0,
        "sequence": 6,
        "status": 1,
        "fuel": 6704,
        "fault": 0.973,
        "weapon": 1,
        "pilot_injury": 0.1236,
        "pilot_skill": 0.4306,
        "mission_priority": 0.2908,
        "estimated_landing_time": 570.0,
        "wait_time": 0,
        "Landing_success_rate": 1.0
    },
    {
        "model": 0,
        "sequence": 17,
        "status": 1,
        "fuel": 5929,
        "fault": 0.6856,
        "weapon": 0,
        "pilot_injury": 0.4845,
        "pilot_skill": 0.717,
        "mission_priority": 0.362,
        "estimated_landing_time": 1604.0,
        "wait_time": 0,
        "Landing_success_rate": 1.0
    },
    {
        "model": 0,
        "sequence": 10,
        "status": 1,
        "fuel": 6077,
        "fault": 0.2619,
        "weapon": 0,
        "pilot_injury": 0.78,
        "pilot_skill": 0.0144,
        "mission_priority": 0.1438,
        "estimated_landing_time": 946.0,
        "wait_time": 0,
        "Landing_success_rate": 1.0
    },
    {
        "model": 1,
        "sequence": 22,
        "status": 1,
        "fuel": 6070,
        "fault": 0.7147,
        "weapon": 1,
        "pilot_injury": 0.2914,
        "pilot_skill": 0.6685,
        "mission_priority": 0.8281,
        "estimated_landing_time": 2074.0,
        "wait_time": 0,
        "Landing_success_rate": 1.0
    },
    {
        "model": 0,
        "sequence": 3,
        "status": 1,
        "fuel": 6737,
        "fault": 0.3502,
        "weapon": 0,
        "pilot_injury": 0.3678,
        "pilot_skill": 0.5058,
        "mission_priority": 0.6208,
        "estimated_landing_time": 288.0,
        "wait_time": 0,
        "Landing_success_rate": 1.0
    },
    {
        "model": 0,
        "sequence": 7,
        "status": 1,
        "fuel": 6819,
        "fault": 0.4047,
        "weapon": 1,
        "pilot_injury": 0.087,
        "pilot_skill": 0.6272,
        "mission_priority": 0.3941,
        "estimated_landing_time": 664.0,
        "wait_time": 0,
        "Landing_success_rate": 1.0
    },
    {
        "model": 0,
        "sequence": 9,
        "status": 1,
        "fuel": 6971,
        "fault": 0.3789,
        "weapon": 1,
        "pilot_injury": 0.5589,
        "pilot_skill": 0.3005,
        "mission_priority": 0.9974,
        "estimated_landing_time": 852.0,
        "wait_time": 0,
        "Landing_success_rate": 1.0
    },
    {
        "model": 2,
        "sequence": 12,
        "status": 1,
        "fuel": 6956,
        "fault": 0.7639,
        "weapon": 0,
        "pilot_injury": 0.6288,
        "pilot_skill": 0.2443,
        "mission_priority": 0.4941,
        "estimated_landing_time": 1134.0,
        "wait_time": 0,
        "Landing_success_rate": 1.0
    },
    {
        "model": 0,
        "sequence": 15,
        "status": 1,
        "fuel": 6731,
        "fault": 0.9659,
        "weapon": 0,
        "pilot_injury": 0.7961,
        "pilot_skill": 0.2166,
        "mission_priority": 0.9043,
        "estimated_landing_time": 1416.0,
        "wait_time": 0,
        "Landing_success_rate": 1.0
    },
    {
        "model": 1,
        "sequence": 1,
        "status": 1,
        "fuel": 6150,
        "fault": 0.4157,
        "weapon": 1,
        "pilot_injury": 0.1806,
        "pilot_skill": 0.2795,
        "mission_priority": 0.3326,
        "estimated_landing_time": 100.0,
        "wait_time": 0,
        "Landing_success_rate": 1.0
    },
    {
        "model": 2,
        "sequence": 4,
        "status": 1,
        "fuel": 6542,
        "fault": 0.5651,
        "weapon": 0,
        "pilot_injury": 0.9144,
        "pilot_skill": 0.0987,
        "mission_priority": 0.2793,
        "estimated_landing_time": 382.0,
        "wait_time": 0,
        "Landing_success_rate": 1.0
    },
    {
        "model": 1,
        "sequence": 13,
        "status": 1,
        "fuel": 6260,
        "fault": 0.621,
        "weapon": 0,
        "pilot_injury": 0.8377,
        "pilot_skill": 0.6152,
        "mission_priority": 0.2273,
        "estimated_landing_time": 1228.0,
        "wait_time": 0,
        "Landing_success_rate": 1.0
    },
    {
        "model": 2,
        "sequence": 11,
        "status": 1,
        "fuel": 5800,
        "fault": 0.2343,
        "weapon": 1,
        "pilot_injury": 0.7536,
        "pilot_skill": 0.8476,
        "mission_priority": 0.6196,
        "estimated_landing_time": 1040.0,
        "wait_time": 0,
        "Landing_success_rate": 1.0
    }
]