[
    {
        "model": 2,
        "sequence": 8,
        "status": 1,
        "fuel": 5522,
        "fault": 0.7036,
        "weapon": 1,
        "pilot_injury": 0.4984,
        "pilot_skill": 0.4943,
        "mission_priority": 0.5884,
        "estimated_landing_time": 758.0,
        "wait_time": 0,
        "Landing_success_rate": 1.0
    },
    {
        "model": 2,
        "sequence": 5,
        "status": 1,
        "fuel": 7066,
        "fault": 0.1628,
        "weapon": 1,
        "pilot_injury": 0.8782,
        "pilot_skill": 0.9555,
        "mission_priority": 0.5836,
        "estimated_landing_time": 476.0,
        "wait_time": 0,
        "Landing_success_rate": 1.0
    },
    {
        "model": 2,
        "sequence": 14,
        "status": 1,
        "fuel": 6959,
        "fault": 0.0752,
        "weapon": 1,
        "pilot_injury": 0.7059,
        "pilot_skill": 0.336,
        "mission_priority": 0.1472,
        "estimated_landing_time": 1322.0,
        "wait_time": 0,
        "Landing_success_rate": 1.0
    },
    {
        "model": 1,
        "sequence": 22,
        "status": 1,
        "fuel": 6789,
        "fault": 0.2873,
        "weapon": 0,
        "pilot_injury": 0.0456,
        "pilot_skill": 0.9022,
        "mission_priority": 0.5408,
        "estimated_landing_time": 2074.0,
        "wait_time": 0,
        "Landing_success_rate": 1.0
    },
    {
        "model": 2,
        "sequence": 13,
        "status": 1,
        "fuel": 6086,
        "fault": 0.0667,
        "weapon": 1,
        "pilot_injury": 0.7915,
        "pilot_skill": 0.8826,
        "mission_priority": 0.9673,
        "estimated_landing_time": 1228.0,
        "wait_time": 0,
        "Landing_success_rate": 1.0
    },
    {
        "model": 2,
        "sequence": 6,
        "status": 1,
        "fuel": 7191,
        "fault": 0.3422,
        "weapon": 0,
        "pilot_injury": 0.7233,
        "pilot_skill": 0.0707,
        "mission_priority": 0.6818,
        "estimated_landing_time": 570.0,
        "wait_time": 0,
        "Landing_success_rate": 1.0
    },
    {
        "model": 0,
        "sequence": 17,
        "status": 1,
        "fuel": 5944,
        "fault": 0.8319,
        "weapon": 0,
        "pilot_injury": 0.3729,
        "pilot_skill": 0.5849,
        "mission_priority": 0.0122,
        "estimated_landing_time": 1604.0,
        "wait_time": 0,
        "Landing_success_rate": 1.0
    },
    {
        "model": 2,
        "sequence": 16,
        "status": 1,
        "fuel": 6028,
        "fault": 0.5306,
        "weapon": 1,
        "pilot_injury": 0.5219,
        "pilot_skill": 0.8174,
        "mission_priority": 0.2064,
        "estimated_landing_time": 1510.0,
        "wait_time": 0,
        "Landing_success_rate": 1.0
    },
    {
        "model": 0,
        "sequence": 15,
        "status": 1,
        "fuel": 5584,
        "fault": 0.7887,
        "weapon": 1,
        "pilot_injury": 0.1207,
        "pilot_skill": 0.511,
        "mission_priority": 0.0791,
        "estimated_landing_time": 1416.0,
        "wait_time": 0,
        "Landing_success_rate": 1.0
    },
    {
        "model": 1,
        "sequence": 7,
        "status": 1,
        "fuel": 7427,
        "fault": 0.1216,
        "weapon": 1,
        "pilot_injury": 0.1067,
        "pilot_skill": 0.55,
        "mission_priority": 0.5914,
        "estimated_landing_time": 664.0,
        "wait_time": 0,
        "Landing_success_rate": 1.0
    },
    {
        "model": 2,
        "sequence": 20,
        "status": 1,
        "fuel": 6073,
        "fault": 0.7735,
        "weapon": 1,
        "pilot_injury": 0.7223,
        "pilot_skill": 0.1312,
        "mission_priority": 0.5925,
        "estimated_landing_time": 1886.0,
        "wait_time": 0,
        "Landing_success_rate": 1.0
    },
    {
        "model": 0,
        "sequence": 12,
        "status": 1,
        "fuel": 6880,
        "fault": 0.2023,
        "weapon": 0,
        "pilot_injury": 0.8553,
        "pilot_skill": 0.9063,
        "mission_priority": 0.8505,
        "estimated_landing_time": 1134.0,
        "wait_time": 0,
        "Landing_success_rate": 1.0
    },
    {
        "model": 2,
        "sequence": 23,
        "status": 1,
        "fuel": 6592,
        "fault": 0.0708,
        "weapon": 0,
        "pilot_injury": 0.6334,
        "pilot_skill": 0.6786,
        "mission_priority": 0.8064,
        "estimated_landing_time": 2168.0,
        "wait_time": 0,
        "Landing_success_rate": 1.0
    },
    {
        "model": 0,
        "sequence": 9,
        "status": 1,
        "fuel": 7459,
        "fault": 0.8848,
        "weapon": 0,
        "pilot_injury": 0.376,
        "pilot_skill": 0.8971,
        "mission_priority": 0.0171,
        "estimated_landing_time": 852.0,
        "wait_time": 0,
        "Landing_success_rate": 1.0
    },
    {
        "model": 2,
        "sequence": 3,
        "status": 1,
        "fuel": 6315,
        "fault": 0.9548,
        "weapon": 1,
        "pilot_injury": 0.4214,
        "pilot_skill": 0.8924,
        "mission_priority": 0.118,
        "estimated_landing_time": 288.0,
        "wait_time": 0,
        "Landing_success_rate": 1.0
    },
    {
        "model": 1,
        "sequence": 11,
        "status": 1,
        "fuel": 6668,
        "fault": 0.827,
        "weapon": 1,
        "pilot_injury": 0.1013,
        "pilot_skill": 0.3867,
        "mission_priority": 0.8802,
        "estimated_landing_time": 1040.0,
        "wait_time": 0,
        "Landing_success_rate": 1.0
    },
    {
        "model": 1,
        "sequence": 4,
        "status": 1,
        "fuel": 6681,
        "fault": 0.4314,
        "weapon": 1,
        "pilot_injury": 0.8864,
        "pilot_skill": 0.5097,
        "mission_priority": 0.717,
        "estimated_landing_time": 382.0,
        "wait_time": 0,
        "Landing_success_rate": 1.0
    },
    {
        "model": 0,
        "sequence": 2,
        "status": 1,
        "fuel": 7090,
        "fault": 0.2137,
        "weapon": 0,
        "pilot_injury": 0.0702,
        "pilot_skill": 0.2686,
        "mission_priority": 0.5668,
        "estimated_landing_time": 194.0,
        "wait_time": 0,
        "Landing_success_rate": 1.0
    },
    {
        "model": 0,
        "sequence": 19,
        "status": 1,
        "fuel": 5706,
        "fault": 0.853,
        "weapon": 0,
        "pilot_injury": 0.9362,
        "pilot_skill": 0.8103,
        "mission_priority": 0.1562,
        "estimated_landing_time": 1792.0,
        "wait_time": 0,
        "Landing_success_rate": 1.0
    },
    {
        "model": 1,
        "sequence": 24,
        "status": 1,
        "fuel": 5642,
        "fault": 0.2273,
        "weapon": 0,
        "pilot_injury": 0.9384,
        "pilot_skill": 0.9877,
        "mission_priority": 0.7632,
        "estimated_landing_time": 2262.0,
        "wait_time": 0,
        "Landing_success_rate": 1.0
    },
    {
        "model": 2,
        "sequence": 21,
        "status": 1,
        "fuel": 6424,
        "fault": 0.591,
        "weapon": 0,
        "pilot_injury": 0.2732,
        "pilot_skill": 0.2836,
        "mission_priority": 0.6543,
        "estimated_landing_time": 1980.0,
        "wait_time": 0,
        "Landing_success_rate": 1.0
    },
    {
        "model": 0,
        "sequence": 1,
        "status": 1,
        "fuel": 6997,
        "fault": 0.254,
        "weapon": 1,
        "pilot_injury": 0.3413,
        "pilot_skill": 0.7966,
        "mission_priority": 0.8515,
        "estimated_landing_time": 100.0,
        "wait_time": 0,
        "Landing_success_rate": 1.0
    },
    {
        "model": 1,
        "sequence": 10,
        "status": 1,
        "fuel": 5530,
        "fault": 0.8301,
        "weapon": 1,
        "pilot_injury": 0.6191,
        "pilot_skill": 0.5844,
        "mission_priority": 0.6065,
        "estimated_landing_time": 946.0,
        "wait_time": 0,
        "Landing_success_rate": 1.0
    },
    {
        "model": 0,
        "sequence": 18,
        "status": 1,
        "fuel": 7122,
        "fault": 0.9354,
        "weapon": 1,
        "pilot_injury": 0.1701,
        "pilot_skill": 0.3673,
        "mission_priority": 0.586,
        "estimated_landing_time": 1698.0,
        "wait_time": 0,
        "Landing_success_rate": 1.0
    }
]