[
    {
        "model": 0,
        "sequence": 4,
        "status": 1,
        "fuel": 7468,
        "fault": 0.8551,
        "weapon": 1,
        "pilot_injury": 0.0393,
        "pilot_skill": 0.3083,
        "mission_priority": 0.5733,
        "estimated_landing_time": 382.0,
        "wait_time": 0,
        "Landing_success_rate": 1.0
    },
    {
        "model": 2,
        "sequence": 23,
        "status": 1,
        "fuel": 6375,
        "fault": 0.2552,
        "weapon": 0,
        "pilot_injury": 0.2752,
        "pilot_skill": 0.7978,
        "mission_priority": 0.974,
        "estimated_landing_time": 2168.0,
        "wait_time": 0,
        "Landing_success_rate": 1.0
    },
    {
        "model": 2,
        "sequence": 20,
        "status": 1,
        "fuel": 5534,
        "fault": 0.7263,
        "weapon": 1,
        "pilot_injury": 0.0366,
        "pilot_skill": 0.7592,
        "mission_priority": 0.5524,
        "estimated_landing_time": 1886.0,
        "wait_time": 0,
        "Landing_success_rate": 1.0
    },
    {
        "model": 1,
        "sequence": 7,
        "status": 1,
        "fuel": 7386,
        "fault": 0.156,
        "weapon": 0,
        "pilot_injury": 0.9075,
        "pilot_skill": 0.8858,
        "mission_priority": 0.7883,
        "estimated_landing_time": 664.0,
        "wait_time": 0,
        "Landing_success_rate": 1.0
    },
    {
        "model": 2,
        "sequence": 16,
        "status": 1,
        "fuel": 7350,
        "fault": 0.4311,
        "weapon": 1,
        "pilot_injury": 0.507,
        "pilot_skill": 0.5021,
        "mission_priority": 0.6103,
        "estimated_landing_time": 1510.0,
        "wait_time": 0,
        "Landing_success_rate": 1.0
    },
    {
        "model": 1,
        "sequence": 3,
        "status": 1,
        "fuel": 7314,
        "fault": 0.7341,
        "weapon": 0,
        "pilot_injury": 0.4566,
        "pilot_skill": 0.6202,
        "mission_priority": 0.2396,
        "estimated_landing_time": 288.0,
        "wait_time": 0,
        "Landing_success_rate": 1.0
    },
    {
        "model": 1,
        "sequence": 12,
        "status": 1,
        "fuel": 5728,
        "fault": 0.711,
        "weapon": 1,
        "pilot_injury": 0.8753,
        "pilot_skill": 0.488,
        "mission_priority": 0.225,
        "estimated_landing_time": 1134.0,
        "wait_time": 0,
        "Landing_success_rate": 1.0
    },
    {
        "model": 2,
        "sequence": 11,
        "status": 1,
        "fuel": 7349,
        "fault": 0.5163,
        "weapon": 1,
        "pilot_injury": 0.2146,
        "pilot_skill": 0.9896,
        "mission_priority": 0.5337,
        "estimated_landing_time": 1040.0,
        "wait_time": 0,
        "Landing_success_rate": 1.0
    },
    {
        "model": 0,
        "sequence": 1,
        "status": 1,
        "fuel": 6906,
        "fault": 0.8807,
        "weapon": 0,
        "pilot_injury": 0.2752,
        "pilot_skill": 0.8203,
        "mission_priority": 0.3082,
        "estimated_landing_time": 100.0,
        "wait_time": 0,
        "Landing_success_rate": 1.0
    },
    {
        "model": 1,
        "sequence": 18,
        "status": 1,
        "fuel": 6957,
        "fault": 0.3433,
        "weapon": 1,
        "pilot_injury": 0.8444,
        "pilot_skill": 0.0728,
        "mission_priority": 0.3483,
        "estimated_landing_time": 1698.0,
        "wait_time": 0,
        "Landing_success_rate": 1.0
    },
    {
        "model": 0,
        "sequence": 10,
        "status": 1,
        "fuel": 6580,
        "fault": 0.1346,
        "weapon": 1,
        "pilot_injury": 0.1942,
        "pilot_skill": 0.3562,
        "mission_priority": 0.2634,
        "estimated_landing_time": 946.0,
        "wait_time": 0,
        "Landing_success_rate": 1.0
    },
    {
        "model": 2,
        "sequence": 5,
        "status": 1,
        "fuel": 6460,
        "fault": 0.6084,
        "weapon": 1,
        "pilot_injury": 0.3091,
        "pilot_skill": 0.2074,
        "mission_priority": 0.409,
        "estimated_landing_time": 476.0,
        "wait_time": 0,
        "Landing_success_rate": 1.0
    },
    {
        "model": 2,
        "sequence": 14,
        "status": 1,
        "fuel": 6823,
        "fault": 0.4743,
        "weapon": 1,
        "pilot_injury": 0.1545,
        "pilot_skill": 0.9133,
        "mission_priority": 0.4285,
        "estimated_landing_time": 1322.0,
        "wait_time": 0,
        "Landing_success_rate": 1.0
    },
    {
        "model": 2,
        "sequence": 2,
        "status": 1,
        "fuel": 6340,
        "fault": 0.8759,
        "weapon": 0,
        "pilot_injury": 0.6358,
        "pilot_skill": 0.6855,
        "mission_priority": 0.4676,
        "estimated_landing_time": 194.0,
        "wait_time": 0,
        "Landing_success_rate": 1.0
    },
    {
        "model": 2,
        "sequence": 15,
        "status": 1,
        "fuel": 7165,
        "fault": 0.9739,
        "weapon": 0,
        "pilot_injury": 0.9803,
        "pilot_skill": 0.431,
        "mission_priority": 0.6137,
        "estimated_landing_time": 1416.0,
        "wait_time": 0,
        "Landing_success_rate": 1.0
    },
    {
        "model": 1,
        "sequence": 8,
        "status": 1,
        "fuel": 6851,
        "fault": 0.536,
        "weapon": 0,
        "pilot_injury": 0.0773,
        "pilot_skill": 0.4561,
        "mission_priority": 0.8184,
        "estimated_landing_time": 758.0,
        "wait_time": 0,
        "Landing_success_rate": 1.0
    },
    {
        "model": 1,
        "sequence": 9,
        "status": 1,
        "fuel": 6655,
        "fault": 0.0118,
        "weapon": 1,
        "pilot_injury": 0.8808,
        "pilot_skill": 0.2175,
        "mission_priority": 0.1833,
        "estimated_landing_time": 852.0,
        "wait_time": 0,
        "Landing_success_rate": 1.0
    },
    {
        "model": 0,
        "sequence": 21,
        "status": 1,
        "fuel": 6471,
        "fault": 0.0892,
        "weapon": 0,
        "pilot_injury": 0.192,
        "pilot_skill": 0.378,
        "mission_priority": 0.3925,
        "estimated_landing_time": 1980.0,
        "wait_time": 0,
        "Landing_success_rate": 1.0
    },
    {
        "model": 0,
        "sequence": 17,
        "status": 1,
        "fuel": 7117,
        "fault": 0.7205,
        "weapon": 1,
        "pilot_injury": 0.406,
        "pilot_skill": 0.5344,
        "mission_priority": 0.954,
        "estimated_landing_time": 1604.0,
        "wait_time": 0,
        "Landing_success_rate": 1.0
    },
    {
        "model": 1,
        "sequence": 6,
        "status": 1,
        "fuel": 6288,
        "fault": 0.6708,
        "weapon": 1,
        "pilot_injury": 0.9625,
        "pilot_skill": 0.9573,
        "mission_priority": 0.1772,
        "estimated_landing_time": 570.0,
        "wait_time": 0,
        "Landing_success_rate": 1.0
    },
    {
        "model": 2,
        "sequence": 13,
        "status": 1,
        "fuel": 6000,
        "fault": 0.7473,
        "weapon": 1,
        "pilot_injury": 0.0497,
        "pilot_skill": 0.6549,
        "mission_priority": 0.0775,
        "estimated_landing_time": 1228.0,
        "wait_time": 0,
        "Landing_success_rate": 1.0
    },
    {
        "model": 0,
        "sequence": 24,
        "status": 1,
        "fuel": 7451,
        "fault": 0.7053,
        "weapon": 1,
        "pilot_injury": 0.9578,
        "pilot_skill": 0.4268,
        "mission_priority": 0.3565,
        "estimated_landing_time": 2262.0,
        "wait_time": 0,
        "Landing_success_rate": 1.0
    },
    {
        "model": 1,
        "sequence": 19,
        "status": 1,
        "fuel": 7377,
        "fault": 0.9971,
        "weapon": 1,
        "pilot_injury": 0.3752,
        "pilot_skill": 0.3859,
        "mission_priority": 0.195,
        "estimated_landing_time": 1792.0,
        "wait_time": 0,
        "Landing_success_rate": 1.0
    },
    {
        "model": 0,
        "sequence": 22,
        "status": 1,
        "fuel": 6725,
        "fault": 0.9998,
        "weapon": 1,
        "pilot_injury": 0.2708,
        "pilot_skill": 0.1605,
        "mission_priority": 0.3112,
        "estimated_landing_time": 2074.0,
        "wait_time": 0,
        "Landing_success_rate": 1.0
    }
]