[
    {
        "model": 1,
        "sequence": 13,
        "status": 1,
        "fuel": 6950,
        "fault": 0.8218,
        "weapon": 1,
        "pilot_injury": 0.3032,
        "pilot_skill": 0.6112,
        "mission_priority": 0.2172,
        "estimated_landing_time": 1228.0,
        "wait_time": 0,
        "Landing_success_rate": 1.0
    },
    {
        "model": 1,
        "sequence": 1,
        "status": 1,
        "fuel": 7214,
        "fault": 0.3546,
        "weapon": 1,
        "pilot_injury": 0.3463,
        "pilot_skill": 0.3056,
        "mission_priority": 0.6738,
        "estimated_landing_time": 100.0,
        "wait_time": 0,
        "Landing_success_rate": 1.0
    },
    {
        "model": 2,
        "sequence": 11,
        "status": 1,
        "fuel": 7322,
        "fault": 0.5626,
        "weapon": 1,
        "pilot_injury": 0.2416,
        "pilot_skill": 0.0401,
        "mission_priority": 0.182,
        "estimated_landing_time": 1040.0,
        "wait_time": 0,
        "Landing_success_rate": 1.0
    },
    {
        "model": 0,
        "sequence": 15,
        "status": 1,
        "fuel": 6496,
        "fault": 0.1146,
        "weapon": 0,
        "pilot_injury": 0.0835,
        "pilot_skill": 0.4453,
        "mission_priority": 0.6769,
        "estimated_landing_time": 1416.0,
        "wait_time": 0,
        "Landing_success_rate": 1.0
    },
    {
        "model": 2,
        "sequence": 20,
        "status": 1,
        "fuel": 5762,
        "fault": 0.7718,
        "weapon": 1,
        "pilot_injury": 0.478,
        "pilot_skill": 0.7555,
        "mission_priority": 0.3527,
        "estimated_landing_time": 1886.0,
        "wait_time": 0,
        "Landing_success_rate": 1.0
    },
    {
        "model": 0,
        "sequence": 19,
        "status": 1,
        "fuel": 5546,
        "fault": 0.8876,
        "weapon": 1,
        "pilot_injury": 0.8805,
        "pilot_skill": 0.4536,
        "mission_priority": 0.5795,
        "estimated_landing_time": 1792.0,
        "wait_time": 0,
        "Landing_success_rate": 1.0
    },
    {
        "model": 1,
        "sequence": 12,
        "status": 1,
        "fuel": 5561,
        "fault": 0.8962,
        "weapon": 0,
        "pilot_injury": 0.7992,
        "pilot_skill": 0.4369,
        "mission_priority": 0.8468,
        "estimated_landing_time": 1134.0,
        "wait_time": 0,
        "Landing_success_rate": 1.0
    },
    {
        "model": 0,
        "sequence": 23,
        "status": 1,
        "fuel": 6939,
        "fault": 0.6216,
        "weapon": 0,
        "pilot_injury": 0.6327,
        "pilot_skill": 0.4519,
        "mission_priority": 0.0598,
        "estimated_landing_time": 2168.0,
        "wait_time": 0,
        "Landing_success_rate": 1.0
    },
    {
        "model": 2,
        "sequence": 24,
        "status": 1,
        "fuel": 5975,
        "fault": 0.1742,
        "weapon": 0,
        "pilot_injury": 0.6297,
        "pilot_skill": 0.445,
        "mission_priority": 0.1711,
        "estimated_landing_time": 2262.0,
        "wait_time": 0,
        "Landing_success_rate": 1.0
    },
    {
        "model": 0,
        "sequence": 9,
        "status": 1,
        "fuel": 6707,
        "fault": 0.5695,
        "weapon": 1,
        "pilot_injury": 0.6531,
        "pilot_skill": 0.2951,
        "mission_priority": 0.822,
        "estimated_landing_time": 852.0,
        "wait_time": 0,
        "Landing_success_rate": 1.0
    },
    {
        "model": 0,
        "sequence": 3,
        "status": 1,
        "fuel": 6323,
        "fault": 0.2623,
        "weapon": 1,
        "pilot_injury": 0.6171,
        "pilot_skill": 0.0226,
        "mission_priority": 0.2158,
        "estimated_landing_time": 288.0,
        "wait_time": 0,
        "Landing_success_rate": 1.0
    },
    {
        "model": 1,
        "sequence": 8,
        "status": 1,
        "fuel": 6372,
        "fault": 0.0699,
        "weapon": 1,
        "pilot_injury": 0.5467,
        "pilot_skill": 0.6309,
        "mission_priority": 0.2275,
        "estimated_landing_time": 758.0,
        "wait_time": 0,
        "Landing_success_rate": 1.0
    },
    {
        "model": 0,
        "sequence": 7,
        "status": 1,
        "fuel": 7309,
        "fault": 0.8693,
        "weapon": 0,
        "pilot_injury": 0.8869,
        "pilot_skill": 0.0587,
        "mission_priority": 0.1279,
        "estimated_landing_time": 664.0,
        "wait_time": 0,
        "Landing_success_rate": 1.0
    },
    {
        "model": 0,
        "sequence": 10,
        "status": 1,
        "fuel": 7378,
        "fault": 0.5072,
        "weapon": 0,
        "pilot_injury": 0.081,
        "pilot_skill": 0.2546,
        "mission_priority": 0.0612,
        "estimated_landing_time": 946.0,
        "wait_time": 0,
        "Landing_success_rate": 1.0
    },
    {
        "model": 1,
        "sequence": 21,
        "status": 1,
        "fuel": 7439,
        "fault": 0.0197,
        "weapon": 0,
        "pilot_injury": 0.0063,
        "pilot_skill": 0.4825,
        "mission_priority": 0.5198,
        "estimated_landing_time": 1980.0,
        "wait_time": 0,
        "Landing_success_rate": 1.0
    },
    {
        "model": 2,
        "sequence": 2,
        "status": 1,
        "fuel": 7163,
        "fault": 0.9597,
        "weapon": 1,
        "pilot_injury": 0.9827,
        "pilot_skill": 0.5269,
        "mission_priority": 0.8452,
        "estimated_landing_time": 194.0,
        "wait_time": 0,
        "Landing_success_rate": 1.0
    },
    {
        "model": 1,
        "sequence": 17,
        "status": 1,
        "fuel": 6682,
        "fault": 0.1515,
        "weapon": 0,
        "pilot_injury": 0.6789,
        "pilot_skill": 0.5647,
        "mission_priority": 0.2307,
        "estimated_landing_time": 1604.0,
        "wait_time": 0,
        "Landing_success_rate": 1.0
    },
    {
        "model": 0,
        "sequence": 14,
        "status": 1,
        "fuel": 6145,
        "fault": 0.5629,
        "weapon": 0,
        "pilot_injury": 0.6476,
        "pilot_skill": 0.9917,
        "mission_priority": 0.2365,
        "estimated_landing_time": 1322.0,
        "wait_time": 0,
        "Landing_success_rate": 1.0
    },
    {
        "model": 1,
        "sequence": 6,
        "status": 1,
        "fuel": 7448,
        "fault": 0.4628,
        "weapon": 0,
        "pilot_injury": 0.931,
        "pilot_skill": 0.8324,
        "mission_priority": 0.0209,
        "estimated_landing_time": 570.0,
        "wait_time": 0,
        "Landing_success_rate": 1.0
    },
    {
        "model": 1,
        "sequence": 22,
        "status": 1,
        "fuel": 5613,
        "fault": 0.433,
        "weapon": 1,
        "pilot_injury": 0.9955,
        "pilot_skill": 0.4278,
        "mission_priority": 0.6622,
        "estimated_landing_time": 2074.0,
        "wait_time": 0,
        "Landing_success_rate": 1.0
    },
    {
        "model": 0,
        "sequence": 5,
        "status": 1,
        "fuel": 5957,
        "fault": 0.8717,
        "weapon": 0,
        "pilot_injury": 0.2742,
        "pilot_skill": 0.2602,
        "mission_priority": 0.3146,
        "estimated_landing_time": 476.0,
        "wait_time": 0,
        "Landing_success_rate": 1.0
    },
    {
        "model": 2,
        "sequence": 18,
        "status": 1,
        "fuel": 5658,
        "fault": 0.904,
        "weapon": 0,
        "pilot_injury": 0.5978,
        "pilot_skill": 0.0317,
        "mission_priority": 0.5392,
        "estimated_landing_time": 1698.0,
        "wait_time": 0,
        "Landing_success_rate": 1.0
    },
    {
        "model": 1,
        "sequence": 4,
        "status": 1,
        "fuel": 6011,
        "fault": 0.2564,
        "weapon": 1,
        "pilot_injury": 0.3298,
        "pilot_skill": 0.7057,
        "mission_priority": 0.0096,
        "estimated_landing_time": 382.0,
        "wait_time": 0,
        "Landing_success_rate": 1.0
    },
    {
        "model": 2,
        "sequence": 16,
        "status": 1,
        "fuel": 5868,
        "fault": 0.4435,
        "weapon": 0,
        "pilot_injury": 0.1523,
        "pilot_skill": 0.5604,
        "mission_priority": 0.1689,
        "estimated_landing_time": 1510.0,
        "wait_time": 0,
        "Landing_success_rate": 1.0
    }
]