[
    {
        "model": 0,
        "sequence": 19,
        "status": 1,
        "fuel": 7488,
        "fault": 0.5186,
        "weapon": 0,
        "pilot_injury": 0.1308,
        "pilot_skill": 0.5825,
        "mission_priority": 0.0889,
        "estimated_landing_time": 1792.0,
        "wait_time": 0,
        "Landing_success_rate": 1.0
    },
    {
        "model": 1,
        "sequence": 23,
        "status": 1,
        "fuel": 7457,
        "fault": 0.7139,
        "weapon": 0,
        "pilot_injury": 0.0701,
        "pilot_skill": 0.207,
        "mission_priority": 0.3354,
        "estimated_landing_time": 2168.0,
        "wait_time": 0,
        "Landing_success_rate": 1.0
    },
    {
        "model": 1,
        "sequence": 5,
        "status": 1,
        "fuel": 6496,
        "fault": 0.4117,
        "weapon": 1,
        "pilot_injury": 0.529,
        "pilot_skill": 0.3821,
        "mission_priority": 0.4507,
        "estimated_landing_time": 476.0,
        "wait_time": 0,
        "Landing_success_rate": 1.0
    },
    {
        "model": 0,
        "sequence": 6,
        "status": 1,
        "fuel": 5616,
        "fault": 0.2517,
        "weapon": 1,
        "pilot_injury": 0.041,
        "pilot_skill": 0.8293,
        "mission_priority": 0.541,
        "estimated_landing_time": 570.0,
        "wait_time": 0,
        "Landing_success_rate": 1.0
    },
    {
        "model": 0,
        "sequence": 3,
        "status": 1,
        "fuel": 5647,
        "fault": 0.641,
        "weapon": 0,
        "pilot_injury": 0.8596,
        "pilot_skill": 0.9426,
        "mission_priority": 0.5434,
        "estimated_landing_time": 288.0,
        "wait_time": 0,
        "Landing_success_rate": 1.0
    },
    {
        "model": 0,
        "sequence": 22,
        "status": 1,
        "fuel": 5935,
        "fault": 0.602,
        "weapon": 0,
        "pilot_injury": 0.0407,
        "pilot_skill": 0.8073,
        "mission_priority": 0.6804,
        "estimated_landing_time": 2074.0,
        "wait_time": 0,
        "Landing_success_rate": 1.0
    },
    {
        "model": 1,
        "sequence": 7,
        "status": 1,
        "fuel": 6111,
        "fault": 0.9272,
        "weapon": 1,
        "pilot_injury": 0.0532,
        "pilot_skill": 0.6094,
        "mission_priority": 0.1247,
        "estimated_landing_time": 664.0,
        "wait_time": 0,
        "Landing_success_rate": 1.0
    },
    {
        "model": 0,
        "sequence": 8,
        "status": 1,
        "fuel": 6725,
        "fault": 0.7876,
        "weapon": 1,
        "pilot_injury": 0.0976,
        "pilot_skill": 0.7279,
        "mission_priority": 0.9689,
        "estimated_landing_time": 758.0,
        "wait_time": 0,
        "Landing_success_rate": 1.0
    },
    {
        "model": 1,
        "sequence": 16,
        "status": 1,
        "fuel": 5578,
        "fault": 0.5012,
        "weapon": 0,
        "pilot_injury": 0.8432,
        "pilot_skill": 0.8531,
        "mission_priority": 0.7328,
        "estimated_landing_time": 1510.0,
        "wait_time": 0,
        "Landing_success_rate": 1.0
    },
    {
        "model": 1,
        "sequence": 21,
        "status": 1,
        "fuel": 6912,
        "fault": 0.2653,
        "weapon": 1,
        "pilot_injury": 0.1633,
        "pilot_skill": 0.9316,
        "mission_priority": 0.9472,
        "estimated_landing_time": 1980.0,
        "wait_time": 0,
        "Landing_success_rate": 1.0
    },
    {
        "model": 0,
        "sequence": 14,
        "status": 1,
        "fuel": 6635,
        "fault": 0.2712,
        "weapon": 0,
        "pilot_injury": 0.8582,
        "pilot_skill": 0.4976,
        "mission_priority": 0.5949,
        "estimated_landing_time": 1322.0,
        "wait_time": 0,
        "Landing_success_rate": 1.0
    },
    {
        "model": 2,
        "sequence": 13,
        "status": 1,
        "fuel": 6044,
        "fault": 0.7079,
        "weapon": 1,
        "pilot_injury": 0.3629,
        "pilot_skill": 0.8157,
        "mission_priority": 0.814,
        "estimated_landing_time": 1228.0,
        "wait_time": 0,
        "Landing_success_rate": 1.0
    },
    {
        "model": 0,
        "sequence": 1,
        "status": 1,
        "fuel": 6709,
        "fault": 0.3273,
        "weapon": 0,
        "pilot_injury": 0.7059,
        "pilot_skill": 0.1465,
        "mission_priority": 0.7851,
        "estimated_landing_time": 100.0,
        "wait_time": 0,
        "Landing_success_rate": 1.0
    },
    {
        "model": 2,
        "sequence": 12,
        "status": 1,
        "fuel": 6516,
        "fault": 0.3916,
        "weapon": 0,
        "pilot_injury": 0.455,
        "pilot_skill": 0.9863,
        "mission_priority": 0.5799,
        "estimated_landing_time": 1134.0,
        "wait_time": 0,
        "Landing_success_rate": 1.0
    },
    {
        "model": 0,
        "sequence": 20,
        "status": 1,
        "fuel": 5662,
        "fault": 0.0453,
        "weapon": 1,
        "pilot_injury": 0.7345,
        "pilot_skill": 0.4949,
        "mission_priority": 0.0181,
        "estimated_landing_time": 1886.0,
        "wait_time": 0,
        "Landing_success_rate": 1.0
    },
    {
        "model": 0,
        "sequence": 9,
        "status": 1,
        "fuel": 5754,
        "fault": 0.3695,
        "weapon": 1,
        "pilot_injury": 0.2368,
        "pilot_skill": 0.2211,
        "mission_priority": 0.6089,
        "estimated_landing_time": 852.0,
        "wait_time": 0,
        "Landing_success_rate": 1.0
    },
    {
        "model": 1,
        "sequence": 4,
        "status": 1,
        "fuel": 7309,
        "fault": 0.0329,
        "weapon": 1,
        "pilot_injury": 0.9323,
        "pilot_skill": 0.9274,
        "mission_priority": 0.2005,
        "estimated_landing_time": 382.0,
        "wait_time": 0,
        "Landing_success_rate": 1.0
    },
    {
        "model": 1,
        "sequence": 18,
        "status": 1,
        "fuel": 5510,
        "fault": 0.4681,
        "weapon": 1,
        "pilot_injury": 0.9517,
        "pilot_skill": 0.7099,
        "mission_priority": 0.4449,
        "estimated_landing_time": 1698.0,
        "wait_time": 0,
        "Landing_success_rate": 1.0
    },
    {
        "model": 1,
        "sequence": 2,
        "status": 1,
        "fuel": 6539,
        "fault": 0.7463,
        "weapon": 1,
        "pilot_injury": 0.6068,
        "pilot_skill": 0.331,
        "mission_priority": 0.5103,
        "estimated_landing_time": 194.0,
        "wait_time": 0,
        "Landing_success_rate": 1.0
    },
    {
        "model": 1,
        "sequence": 11,
        "status": 1,
        "fuel": 7179,
        "fault": 0.4578,
        "weapon": 1,
        "pilot_injury": 0.0908,
        "pilot_skill": 0.0491,
        "mission_priority": 0.8572,
        "estimated_landing_time": 1040.0,
        "wait_time": 0,
        "Landing_success_rate": 1.0
    },
    {
        "model": 1,
        "sequence": 17,
        "status": 1,
        "fuel": 6030,
        "fault": 0.2787,
        "weapon": 0,
        "pilot_injury": 0.149,
        "pilot_skill": 0.2625,
        "mission_priority": 0.3613,
        "estimated_landing_time": 1604.0,
        "wait_time": 0,
        "Landing_success_rate": 1.0
    },
    {
        "model": 1,
        "sequence": 24,
        "status": 1,
        "fuel": 6141,
        "fault": 0.8547,
        "weapon": 0,
        "pilot_injury": 0.8772,
        "pilot_skill": 0.0118,
        "mission_priority": 0.0613,
        "estimated_landing_time": 2262.0,
        "wait_time": 0,
        "Landing_success_rate": 1.0
    },
    {
        "model": 1,
        "sequence": 10,
        "status": 1,
        "fuel": 6934,
        "fault": 0.3024,
        "weapon": 1,
        "pilot_injury": 0.7228,
        "pilot_skill": 0.1462,
        "mission_priority": 0.2373,
        "estimated_landing_time": 946.0,
        "wait_time": 0,
        "Landing_success_rate": 1.0
    },
    {
        "model": 2,
        "sequence": 15,
        "status": 1,
        "fuel": 6363,
        "fault": 0.7094,
        "weapon": 1,
        "pilot_injury": 0.0734,
        "pilot_skill": 0.4006,
        "mission_priority": 0.0431,
        "estimated_landing_time": 1416.0,
        "wait_time": 0,
        "Landing_success_rate": 1.0
    }
]