[
    {
        "model": 2,
        "sequence": 7,
        "status": 1,
        "fuel": 6229,
        "fault": 0.9456,
        "weapon": 1,
        "pilot_injury": 0.6267,
        "pilot_skill": 0.7723,
        "mission_priority": 0.2716,
        "estimated_landing_time": 664.0,
        "wait_time": 0,
        "Landing_success_rate": 1.0
    },
    {
        "model": 2,
        "sequence": 21,
        "status": 1,
        "fuel": 6150,
        "fault": 0.2168,
        "weapon": 0,
        "pilot_injury": 0.8312,
        "pilot_skill": 0.3129,
        "mission_priority": 0.6816,
        "estimated_landing_time": 1980.0,
        "wait_time": 0,
        "Landing_success_rate": 1.0
    },
    {
        "model": 2,
        "sequence": 14,
        "status": 1,
        "fuel": 6274,
        "fault": 0.4358,
        "weapon": 1,
        "pilot_injury": 0.463,
        "pilot_skill": 0.5975,
        "mission_priority": 0.4158,
        "estimated_landing_time": 1322.0,
        "wait_time": 0,
        "Landing_success_rate": 1.0
    },
    {
        "model": 0,
        "sequence": 8,
        "status": 1,
        "fuel": 7174,
        "fault": 0.4273,
        "weapon": 0,
        "pilot_injury": 0.0776,
        "pilot_skill": 0.6181,
        "mission_priority": 0.8486,
        "estimated_landing_time": 758.0,
        "wait_time": 0,
        "Landing_success_rate": 1.0
    },
    {
        "model": 1,
        "sequence": 11,
        "status": 1,
        "fuel": 5950,
        "fault": 0.0662,
        "weapon": 1,
        "pilot_injury": 0.3419,
        "pilot_skill": 0.107,
        "mission_priority": 0.7615,
        "estimated_landing_time": 1040.0,
        "wait_time": 0,
        "Landing_success_rate": 1.0
    },
    {
        "model": 0,
        "sequence": 23,
        "status": 1,
        "fuel": 6173,
        "fault": 0.232,
        "weapon": 0,
        "pilot_injury": 0.9257,
        "pilot_skill": 0.2323,
        "mission_priority": 0.5301,
        "estimated_landing_time": 2168.0,
        "wait_time": 0,
        "Landing_success_rate": 1.0
    },
    {
        "model": 0,
        "sequence": 2,
        "status": 1,
        "fuel": 6629,
        "fault": 0.611,
        "weapon": 1,
        "pilot_injury": 0.0528,
        "pilot_skill": 0.3653,
        "mission_priority": 0.0473,
        "estimated_landing_time": 194.0,
        "wait_time": 0,
        "Landing_success_rate": 1.0
    },
    {
        "model": 2,
        "sequence": 3,
        "status": 1,
        "fuel": 7022,
        "fault": 0.2893,
        "weapon": 0,
        "pilot_injury": 0.0019,
        "pilot_skill": 0.1533,
        "mission_priority": 0.5773,
        "estimated_landing_time": 288.0,
        "wait_time": 0,
        "Landing_success_rate": 1.0
    },
    {
        "model": 1,
        "sequence": 18,
        "status": 1,
        "fuel": 6643,
        "fault": 0.4912,
        "weapon": 0,
        "pilot_injury": 0.0809,
        "pilot_skill": 0.7295,
        "mission_priority": 0.0082,
        "estimated_landing_time": 1698.0,
        "wait_time": 0,
        "Landing_success_rate": 1.0
    },
    {
        "model": 2,
        "sequence": 24,
        "status": 1,
        "fuel": 6571,
        "fault": 0.319,
        "weapon": 1,
        "pilot_injury": 0.2283,
        "pilot_skill": 0.1201,
        "mission_priority": 0.2473,
        "estimated_landing_time": 2262.0,
        "wait_time": 0,
        "Landing_success_rate": 1.0
    },
    {
        "model": 2,
        "sequence": 20,
        "status": 1,
        "fuel": 6065,
        "fault": 0.0046,
        "weapon": 0,
        "pilot_injury": 0.9942,
        "pilot_skill": 0.3271,
        "mission_priority": 0.922,
        "estimated_landing_time": 1886.0,
        "wait_time": 0,
        "Landing_success_rate": 1.0
    },
    {
        "model": 0,
        "sequence": 22,
        "status": 1,
        "fuel": 6031,
        "fault": 0.2204,
        "weapon": 0,
        "pilot_injury": 0.5653,
        "pilot_skill": 0.0506,
        "mission_priority": 0.801,
        "estimated_landing_time": 2074.0,
        "wait_time": 0,
        "Landing_success_rate": 1.0
    },
    {
        "model": 0,
        "sequence": 6,
        "status": 1,
        "fuel": 5525,
        "fault": 0.1388,
        "weapon": 1,
        "pilot_injury": 0.1746,
        "pilot_skill": 0.6424,
        "mission_priority": 0.5941,
        "estimated_landing_time": 570.0,
        "wait_time": 0,
        "Landing_success_rate": 1.0
    },
    {
        "model": 0,
        "sequence": 19,
        "status": 1,
        "fuel": 6550,
        "fault": 0.3701,
        "weapon": 0,
        "pilot_injury": 0.9332,
        "pilot_skill": 0.9613,
        "mission_priority": 0.8681,
        "estimated_landing_time": 1792.0,
        "wait_time": 0,
        "Landing_success_rate": 1.0
    },
    {
        "model": 2,
        "sequence": 1,
        "status": 1,
        "fuel": 7054,
        "fault": 0.4334,
        "weapon": 1,
        "pilot_injury": 0.058,
        "pilot_skill": 0.9472,
        "mission_priority": 0.9518,
        "estimated_landing_time": 100.0,
        "wait_time": 0,
        "Landing_success_rate": 1.0
    },
    {
        "model": 1,
        "sequence": 4,
        "status": 1,
        "fuel": 6560,
        "fault": 0.9672,
        "weapon": 1,
        "pilot_injury": 0.88,
        "pilot_skill": 0.0809,
        "mission_priority": 0.1966,
        "estimated_landing_time": 382.0,
        "wait_time": 0,
        "Landing_success_rate": 1.0
    },
    {
        "model": 1,
        "sequence": 5,
        "status": 1,
        "fuel": 5683,
        "fault": 0.9087,
        "weapon": 0,
        "pilot_injury": 0.9121,
        "pilot_skill": 0.1422,
        "mission_priority": 0.2113,
        "estimated_landing_time": 476.0,
        "wait_time": 0,
        "Landing_success_rate": 1.0
    },
    {
        "model": 2,
        "sequence": 12,
        "status": 1,
        "fuel": 6731,
        "fault": 0.4452,
        "weapon": 0,
        "pilot_injury": 0.2985,
        "pilot_skill": 0.8838,
        "mission_priority": 0.9014,
        "estimated_landing_time": 1134.0,
        "wait_time": 0,
        "Landing_success_rate": 1.0
    },
    {
        "model": 1,
        "sequence": 10,
        "status": 1,
        "fuel": 6960,
        "fault": 0.1358,
        "weapon": 1,
        "pilot_injury": 0.1491,
        "pilot_skill": 0.4844,
        "mission_priority": 0.1329,
        "estimated_landing_time": 946.0,
        "wait_time": 0,
        "Landing_success_rate": 1.0
    },
    {
        "model": 2,
        "sequence": 16,
        "status": 1,
        "fuel": 6309,
        "fault": 0.1806,
        "weapon": 0,
        "pilot_injury": 0.8841,
        "pilot_skill": 0.2962,
        "mission_priority": 0.5607,
        "estimated_landing_time": 1510.0,
        "wait_time": 0,
        "Landing_success_rate": 1.0
    },
    {
        "model": 1,
        "sequence": 15,
        "status": 1,
        "fuel": 5959,
        "fault": 0.5525,
        "weapon": 1,
        "pilot_injury": 0.9541,
        "pilot_skill": 0.6023,
        "mission_priority": 0.9019,
        "estimated_landing_time": 1416.0,
        "wait_time": 0,
        "Landing_success_rate": 1.0
    },
    {
        "model": 2,
        "sequence": 17,
        "status": 1,
        "fuel": 6497,
        "fault": 0.7975,
        "weapon": 0,
        "pilot_injury": 0.5433,
        "pilot_skill": 0.9895,
        "mission_priority": 0.2045,
        "estimated_landing_time": 1604.0,
        "wait_time": 0,
        "Landing_success_rate": 1.0
    },
    {
        "model": 1,
        "sequence": 9,
        "status": 1,
        "fuel": 6690,
        "fault": 0.5917,
        "weapon": 0,
        "pilot_injury": 0.2237,
        "pilot_skill": 0.6392,
        "mission_priority": 0.9725,
        "estimated_landing_time": 852.0,
        "wait_time": 0,
        "Landing_success_rate": 1.0
    },
    {
        "model": 0,
        "sequence": 13,
        "status": 1,
        "fuel": 7435,
        "fault": 0.2406,
        "weapon": 0,
        "pilot_injury": 0.1709,
        "pilot_skill": 0.5607,
        "mission_priority": 0.5868,
        "estimated_landing_time": 1228.0,
        "wait_time": 0,
        "Landing_success_rate": 1.0
    }
]