[
    {
        "model": 0,
        "sequence": 2,
        "status": 1,
        "fuel": 5948,
        "fault": 0.2441,
        "weapon": 1,
        "pilot_injury": 0.6922,
        "pilot_skill": 0.8189,
        "mission_priority": 0.8875,
        "estimated_landing_time": 194.0,
        "wait_time": 0,
        "Landing_success_rate": 1.0
    },
    {
        "model": 1,
        "sequence": 17,
        "status": 1,
        "fuel": 6027,
        "fault": 0.8305,
        "weapon": 1,
        "pilot_injury": 0.0056,
        "pilot_skill": 0.134,
        "mission_priority": 0.2932,
        "estimated_landing_time": 1604.0,
        "wait_time": 0,
        "Landing_success_rate": 1.0
    },
    {
        "model": 1,
        "sequence": 11,
        "status": 1,
        "fuel": 5860,
        "fault": 0.9356,
        "weapon": 0,
        "pilot_injury": 0.6181,
        "pilot_skill": 0.3832,
        "mission_priority": 0.6658,
        "estimated_landing_time": 1040.0,
        "wait_time": 0,
        "Landing_success_rate": 1.0
    },
    {
        "model": 0,
        "sequence": 23,
        "status": 1,
        "fuel": 6486,
        "fault": 0.7097,
        "weapon": 0,
        "pilot_injury": 0.5075,
        "pilot_skill": 0.1049,
        "mission_priority": 0.0339,
        "estimated_landing_time": 2168.0,
        "wait_time": 0,
        "Landing_success_rate": 1.0
    },
    {
        "model": 0,
        "sequence": 15,
        "status": 1,
        "fuel": 5996,
        "fault": 0.6146,
        "weapon": 1,
        "pilot_injury": 0.3322,
        "pilot_skill": 0.4372,
        "mission_priority": 0.9577,
        "estimated_landing_time": 1416.0,
        "wait_time": 0,
        "Landing_success_rate": 1.0
    },
    {
        "model": 2,
        "sequence": 21,
        "status": 1,
        "fuel": 6880,
        "fault": 0.9422,
        "weapon": 1,
        "pilot_injury": 0.4636,
        "pilot_skill": 0.648,
        "mission_priority": 0.0121,
        "estimated_landing_time": 1980.0,
        "wait_time": 0,
        "Landing_success_rate": 1.0
    },
    {
        "model": 2,
        "sequence": 18,
        "status": 1,
        "fuel": 6863,
        "fault": 0.8875,
        "weapon": 0,
        "pilot_injury": 0.4637,
        "pilot_skill": 0.3017,
        "mission_priority": 0.6669,
        "estimated_landing_time": 1698.0,
        "wait_time": 0,
        "Landing_success_rate": 1.0
    },
    {
        "model": 0,
        "sequence": 6,
        "status": 1,
        "fuel": 7203,
        "fault": 0.6291,
        "weapon": 0,
        "pilot_injury": 0.6644,
        "pilot_skill": 0.5069,
        "mission_priority": 0.8258,
        "estimated_landing_time": 570.0,
        "wait_time": 0,
        "Landing_success_rate": 1.0
    },
    {
        "model": 2,
        "sequence": 3,
        "status": 1,
        "fuel": 6219,
        "fault": 0.1051,
        "weapon": 0,
        "pilot_injury": 0.1578,
        "pilot_skill": 0.0254,
        "mission_priority": 0.9832,
        "estimated_landing_time": 288.0,
        "wait_time": 0,
        "Landing_success_rate": 1.0
    },
    {
        "model": 1,
        "sequence": 8,
        "status": 1,
        "fuel": 6971,
        "fault": 0.8153,
        "weapon": 0,
        "pilot_injury": 0.9931,
        "pilot_skill": 0.7705,
        "mission_priority": 0.5174,
        "estimated_landing_time": 758.0,
        "wait_time": 0,
        "Landing_success_rate": 1.0
    },
    {
        "model": 0,
        "sequence": 20,
        "status": 1,
        "fuel": 6377,
        "fault": 0.2718,
        "weapon": 1,
        "pilot_injury": 0.5158,
        "pilot_skill": 0.9938,
        "mission_priority": 0.4905,
        "estimated_landing_time": 1886.0,
        "wait_time": 0,
        "Landing_success_rate": 1.0
    },
    {
        "model": 2,
        "sequence": 24,
        "status": 1,
        "fuel": 6662,
        "fault": 0.9753,
        "weapon": 0,
        "pilot_injury": 0.0714,
        "pilot_skill": 0.087,
        "mission_priority": 0.6598,
        "estimated_landing_time": 2262.0,
        "wait_time": 0,
        "Landing_success_rate": 1.0
    },
    {
        "model": 0,
        "sequence": 5,
        "status": 1,
        "fuel": 7277,
        "fault": 0.9706,
        "weapon": 0,
        "pilot_injury": 0.1446,
        "pilot_skill": 0.3971,
        "mission_priority": 0.1025,
        "estimated_landing_time": 476.0,
        "wait_time": 0,
        "Landing_success_rate": 1.0
    },
    {
        "model": 2,
        "sequence": 10,
        "status": 1,
        "fuel": 5602,
        "fault": 0.8547,
        "weapon": 1,
        "pilot_injury": 0.9706,
        "pilot_skill": 0.3951,
        "mission_priority": 0.9012,
        "estimated_landing_time": 946.0,
        "wait_time": 0,
        "Landing_success_rate": 1.0
    },
    {
        "model": 0,
        "sequence": 7,
        "status": 1,
        "fuel": 7177,
        "fault": 0.3368,
        "weapon": 1,
        "pilot_injury": 0.455,
        "pilot_skill": 0.7789,
        "mission_priority": 0.1537,
        "estimated_landing_time": 664.0,
        "wait_time": 0,
        "Landing_success_rate": 1.0
    },
    {
        "model": 1,
        "sequence": 4,
        "status": 1,
        "fuel": 6330,
        "fault": 0.9671,
        "weapon": 0,
        "pilot_injury": 0.0311,
        "pilot_skill": 0.9723,
        "mission_priority": 0.6721,
        "estimated_landing_time": 382.0,
        "wait_time": 0,
        "Landing_success_rate": 1.0
    },
    {
        "model": 2,
        "sequence": 1,
        "status": 1,
        "fuel": 6081,
        "fault": 0.3716,
        "weapon": 1,
        "pilot_injury": 0.7232,
        "pilot_skill": 0.5631,
        "mission_priority": 0.7111,
        "estimated_landing_time": 100.0,
        "wait_time": 0,
        "Landing_success_rate": 1.0
    },
    {
        "model": 0,
        "sequence": 14,
        "status": 1,
        "fuel": 6272,
        "fault": 0.9203,
        "weapon": 0,
        "pilot_injury": 0.315,
        "pilot_skill": 0.315,
        "mission_priority": 0.0087,
        "estimated_landing_time": 1322.0,
        "wait_time": 0,
        "Landing_success_rate": 1.0
    },
    {
        "model": 1,
        "sequence": 22,
        "status": 1,
        "fuel": 7241,
        "fault": 0.0785,
        "weapon": 1,
        "pilot_injury": 0.7276,
        "pilot_skill": 0.624,
        "mission_priority": 0.239,
        "estimated_landing_time": 2074.0,
        "wait_time": 0,
        "Landing_success_rate": 1.0
    },
    {
        "model": 2,
        "sequence": 9,
        "status": 1,
        "fuel": 7333,
        "fault": 0.6978,
        "weapon": 0,
        "pilot_injury": 0.5226,
        "pilot_skill": 0.5214,
        "mission_priority": 0.3697,
        "estimated_landing_time": 852.0,
        "wait_time": 0,
        "Landing_success_rate": 1.0
    },
    {
        "model": 2,
        "sequence": 12,
        "status": 1,
        "fuel": 7008,
        "fault": 0.151,
        "weapon": 0,
        "pilot_injury": 0.3453,
        "pilot_skill": 0.592,
        "mission_priority": 0.8563,
        "estimated_landing_time": 1134.0,
        "wait_time": 0,
        "Landing_success_rate": 1.0
    },
    {
        "model": 0,
        "sequence": 16,
        "status": 1,
        "fuel": 7074,
        "fault": 0.7725,
        "weapon": 0,
        "pilot_injury": 0.8118,
        "pilot_skill": 0.2118,
        "mission_priority": 0.9017,
        "estimated_landing_time": 1510.0,
        "wait_time": 0,
        "Landing_success_rate": 1.0
    },
    {
        "model": 1,
        "sequence": 13,
        "status": 1,
        "fuel": 7014,
        "fault": 0.5515,
        "weapon": 0,
        "pilot_injury": 0.1636,
        "pilot_skill": 0.3372,
        "mission_priority": 0.6052,
        "estimated_landing_time": 1228.0,
        "wait_time": 0,
        "Landing_success_rate": 1.0
    },
    {
        "model": 0,
        "sequence": 19,
        "status": 1,
        "fuel": 6903,
        "fault": 0.6412,
        "weapon": 1,
        "pilot_injury": 0.7636,
        "pilot_skill": 0.7104,
        "mission_priority": 0.1597,
        "estimated_landing_time": 1792.0,
        "wait_time": 0,
        "Landing_success_rate": 1.0
    }
]