[
    {
        "model": 2,
        "sequence": 4,
        "status": 1,
        "fuel": 7420,
        "fault": 0.0499,
        "weapon": 0,
        "pilot_injury": 0.3074,
        "pilot_skill": 0.692,
        "mission_priority": 0.7529,
        "estimated_landing_time": 382.0,
        "wait_time": 0,
        "Landing_success_rate": 1.0
    },
    {
        "model": 0,
        "sequence": 17,
        "status": 1,
        "fuel": 5554,
        "fault": 0.0435,
        "weapon": 1,
        "pilot_injury": 0.4828,
        "pilot_skill": 0.3557,
        "mission_priority": 0.3221,
        "estimated_landing_time": 1604.0,
        "wait_time": 0,
        "Landing_success_rate": 1.0
    },
    {
        "model": 0,
        "sequence": 5,
        "status": 1,
        "fuel": 7246,
        "fault": 0.6264,
        "weapon": 1,
        "pilot_injury": 0.7094,
        "pilot_skill": 0.935,
        "mission_priority": 0.5652,
        "estimated_landing_time": 476.0,
        "wait_time": 0,
        "Landing_success_rate": 1.0
    },
    {
        "model": 0,
        "sequence": 8,
        "status": 1,
        "fuel": 6599,
        "fault": 0.0766,
        "weapon": 1,
        "pilot_injury": 0.8645,
        "pilot_skill": 0.2854,
        "mission_priority": 0.6151,
        "estimated_landing_time": 758.0,
        "wait_time": 0,
        "Landing_success_rate": 1.0
    },
    {
        "model": 2,
        "sequence": 6,
        "status": 1,
        "fuel": 5566,
        "fault": 0.8803,
        "weapon": 0,
        "pilot_injury": 0.7247,
        "pilot_skill": 0.4453,
        "mission_priority": 0.0604,
        "estimated_landing_time": 570.0,
        "wait_time": 0,
        "Landing_success_rate": 1.0
    },
    {
        "model": 0,
        "sequence": 20,
        "status": 1,
        "fuel": 5643,
        "fault": 0.5428,
        "weapon": 0,
        "pilot_injury": 0.7007,
        "pilot_skill": 0.0229,
        "mission_priority": 0.8623,
        "estimated_landing_time": 1886.0,
        "wait_time": 0,
        "Landing_success_rate": 1.0
    },
    {
        "model": 2,
        "sequence": 18,
        "status": 1,
        "fuel": 6985,
        "fault": 0.5804,
        "weapon": 1,
        "pilot_injury": 0.5972,
        "pilot_skill": 0.4575,
        "mission_priority": 0.3408,
        "estimated_landing_time": 1698.0,
        "wait_time": 0,
        "Landing_success_rate": 1.0
    },
    {
        "model": 1,
        "sequence": 23,
        "status": 1,
        "fuel": 6897,
        "fault": 0.9593,
        "weapon": 0,
        "pilot_injury": 0.4381,
        "pilot_skill": 0.3589,
        "mission_priority": 0.5662,
        "estimated_landing_time": 2168.0,
        "wait_time": 0,
        "Landing_success_rate": 1.0
    },
    {
        "model": 2,
        "sequence": 22,
        "status": 1,
        "fuel": 5765,
        "fault": 0.4928,
        "weapon": 1,
        "pilot_injury": 0.5009,
        "pilot_skill": 0.1942,
        "mission_priority": 0.4771,
        "estimated_landing_time": 2074.0,
        "wait_time": 0,
        "Landing_success_rate": 1.0
    },
    {
        "model": 0,
        "sequence": 15,
        "status": 1,
        "fuel": 5956,
        "fault": 0.1896,
        "weapon": 0,
        "pilot_injury": 0.6796,
        "pilot_skill": 0.548,
        "mission_priority": 0.1696,
        "estimated_landing_time": 1416.0,
        "wait_time": 0,
        "Landing_success_rate": 1.0
    },
    {
        "model": 2,
        "sequence": 19,
        "status": 1,
        "fuel": 6204,
        "fault": 0.377,
        "weapon": 1,
        "pilot_injury": 0.2938,
        "pilot_skill": 0.8281,
        "mission_priority": 0.6385,
        "estimated_landing_time": 1792.0,
        "wait_time": 0,
        "Landing_success_rate": 1.0
    },
    {
        "model": 0,
        "sequence": 12,
        "status": 1,
        "fuel": 7218,
        "fault": 0.3662,
        "weapon": 0,
        "pilot_injury": 0.7408,
        "pilot_skill": 0.8364,
        "mission_priority": 0.0547,
        "estimated_landing_time": 1134.0,
        "wait_time": 0,
        "Landing_success_rate": 1.0
    },
    {
        "model": 1,
        "sequence": 16,
        "status": 1,
        "fuel": 6789,
        "fault": 0.0762,
        "weapon": 1,
        "pilot_injury": 0.0695,
        "pilot_skill": 0.5086,
        "mission_priority": 0.0825,
        "estimated_landing_time": 1510.0,
        "wait_time": 0,
        "Landing_success_rate": 1.0
    },
    {
        "model": 0,
        "sequence": 7,
        "status": 1,
        "fuel": 5807,
        "fault": 0.3432,
        "weapon": 1,
        "pilot_injury": 0.9536,
        "pilot_skill": 0.1831,
        "mission_priority": 0.606,
        "estimated_landing_time": 664.0,
        "wait_time": 0,
        "Landing_success_rate": 1.0
    },
    {
        "model": 0,
        "sequence": 24,
        "status": 1,
        "fuel": 7348,
        "fault": 0.3874,
        "weapon": 0,
        "pilot_injury": 0.7226,
        "pilot_skill": 0.7223,
        "mission_priority": 0.8151,
        "estimated_landing_time": 2262.0,
        "wait_time": 0,
        "Landing_success_rate": 1.0
    },
    {
        "model": 0,
        "sequence": 14,
        "status": 1,
        "fuel": 6660,
        "fault": 0.3304,
        "weapon": 1,
        "pilot_injury": 0.3433,
        "pilot_skill": 0.6871,
        "mission_priority": 0.4986,
        "estimated_landing_time": 1322.0,
        "wait_time": 0,
        "Landing_success_rate": 1.0
    },
    {
        "model": 0,
        "sequence": 11,
        "status": 1,
        "fuel": 6404,
        "fault": 0.3577,
        "weapon": 1,
        "pilot_injury": 0.4074,
        "pilot_skill": 0.39,
        "mission_priority": 0.8098,
        "estimated_landing_time": 1040.0,
        "wait_time": 0,
        "Landing_success_rate": 1.0
    },
    {
        "model": 0,
        "sequence": 2,
        "status": 1,
        "fuel": 6874,
        "fault": 0.3035,
        "weapon": 0,
        "pilot_injury": 0.0581,
        "pilot_skill": 0.8562,
        "mission_priority": 0.9606,
        "estimated_landing_time": 194.0,
        "wait_time": 0,
        "Landing_success_rate": 1.0
    },
    {
        "model": 0,
        "sequence": 1,
        "status": 1,
        "fuel": 5556,
        "fault": 0.0731,
        "weapon": 0,
        "pilot_injury": 0.9386,
        "pilot_skill": 0.6628,
        "mission_priority": 0.8443,
        "estimated_landing_time": 100.0,
        "wait_time": 0,
        "Landing_success_rate": 1.0
    },
    {
        "model": 1,
        "sequence": 21,
        "status": 1,
        "fuel": 6925,
        "fault": 0.2314,
        "weapon": 0,
        "pilot_injury": 0.4787,
        "pilot_skill": 0.1861,
        "mission_priority": 0.292,
        "estimated_landing_time": 1980.0,
        "wait_time": 0,
        "Landing_success_rate": 1.0
    },
    {
        "model": 1,
        "sequence": 3,
        "status": 1,
        "fuel": 7124,
        "fault": 0.3564,
        "weapon": 0,
        "pilot_injury": 0.7245,
        "pilot_skill": 0.4652,
        "mission_priority": 0.0865,
        "estimated_landing_time": 288.0,
        "wait_time": 0,
        "Landing_success_rate": 1.0
    },
    {
        "model": 2,
        "sequence": 13,
        "status": 1,
        "fuel": 6531,
        "fault": 0.2886,
        "weapon": 0,
        "pilot_injury": 0.4638,
        "pilot_skill": 0.6091,
        "mission_priority": 0.0065,
        "estimated_landing_time": 1228.0,
        "wait_time": 0,
        "Landing_success_rate": 1.0
    },
    {
        "model": 0,
        "sequence": 9,
        "status": 1,
        "fuel": 6199,
        "fault": 0.708,
        "weapon": 0,
        "pilot_injury": 0.8481,
        "pilot_skill": 0.535,
        "mission_priority": 0.1304,
        "estimated_landing_time": 852.0,
        "wait_time": 0,
        "Landing_success_rate": 1.0
    },
    {
        "model": 2,
        "sequence": 10,
        "status": 1,
        "fuel": 5911,
        "fault": 0.3922,
        "weapon": 0,
        "pilot_injury": 0.5274,
        "pilot_skill": 0.5146,
        "mission_priority": 0.0875,
        "estimated_landing_time": 946.0,
        "wait_time": 0,
        "Landing_success_rate": 1.0
    }
]