[
    {
        "model": 0,
        "sequence": 17,
        "status": 1,
        "fuel": 5699,
        "fault": 0.6613,
        "weapon": 0,
        "pilot_injury": 0.3291,
        "pilot_skill": 0.6939,
        "mission_priority": 0.8599,
        "estimated_landing_time": 1604.0,
        "wait_time": 0,
        "Landing_success_rate": 1.0
    },
    {
        "model": 2,
        "sequence": 1,
        "status": 1,
        "fuel": 6127,
        "fault": 0.6171,
        "weapon": 1,
        "pilot_injury": 0.265,
        "pilot_skill": 0.3156,
        "mission_priority": 0.9203,
        "estimated_landing_time": 100.0,
        "wait_time": 0,
        "Landing_success_rate": 1.0
    },
    {
        "model": 2,
        "sequence": 19,
        "status": 1,
        "fuel": 7300,
        "fault": 0.1086,
        "weapon": 0,
        "pilot_injury": 0.1364,
        "pilot_skill": 0.7591,
        "mission_priority": 0.9297,
        "estimated_landing_time": 1792.0,
        "wait_time": 0,
        "Landing_success_rate": 1.0
    },
    {
        "model": 2,
        "sequence": 14,
        "status": 1,
        "fuel": 7176,
        "fault": 0.4363,
        "weapon": 1,
        "pilot_injury": 0.7629,
        "pilot_skill": 0.1531,
        "mission_priority": 0.9735,
        "estimated_landing_time": 1322.0,
        "wait_time": 0,
        "Landing_success_rate": 1.0
    },
    {
        "model": 0,
        "sequence": 18,
        "status": 1,
        "fuel": 5702,
        "fault": 0.2619,
        "weapon": 1,
        "pilot_injury": 0.4686,
        "pilot_skill": 0.4682,
        "mission_priority": 0.7027,
        "estimated_landing_time": 1698.0,
        "wait_time": 0,
        "Landing_success_rate": 1.0
    },
    {
        "model": 0,
        "sequence": 20,
        "status": 1,
        "fuel": 5544,
        "fault": 0.8819,
        "weapon": 0,
        "pilot_injury": 0.7941,
        "pilot_skill": 0.0276,
        "mission_priority": 0.8104,
        "estimated_landing_time": 1886.0,
        "wait_time": 0,
        "Landing_success_rate": 1.0
    },
    {
        "model": 1,
        "sequence": 23,
        "status": 1,
        "fuel": 5536,
        "fault": 0.3057,
        "weapon": 1,
        "pilot_injury": 0.1133,
        "pilot_skill": 0.6799,
        "mission_priority": 0.9976,
        "estimated_landing_time": 2168.0,
        "wait_time": 0,
        "Landing_success_rate": 1.0
    },
    {
        "model": 0,
        "sequence": 4,
        "status": 1,
        "fuel": 6285,
        "fault": 0.5083,
        "weapon": 0,
        "pilot_injury": 0.2033,
        "pilot_skill": 0.526,
        "mission_priority": 0.065,
        "estimated_landing_time": 382.0,
        "wait_time": 0,
        "Landing_success_rate": 1.0
    },
    {
        "model": 0,
        "sequence": 10,
        "status": 1,
        "fuel": 6435,
        "fault": 0.1158,
        "weapon": 1,
        "pilot_injury": 0.9677,
        "pilot_skill": 0.4257,
        "mission_priority": 0.2002,
        "estimated_landing_time": 946.0,
        "wait_time": 0,
        "Landing_success_rate": 1.0
    },
    {
        "model": 0,
        "sequence": 6,
        "status": 1,
        "fuel": 5912,
        "fault": 0.7333,
        "weapon": 0,
        "pilot_injury": 0.8597,
        "pilot_skill": 0.2147,
        "mission_priority": 0.4048,
        "estimated_landing_time": 570.0,
        "wait_time": 0,
        "Landing_success_rate": 1.0
    },
    {
        "model": 1,
        "sequence": 21,
        "status": 1,
        "fuel": 7247,
        "fault": 0.5395,
        "weapon": 0,
        "pilot_injury": 0.6715,
        "pilot_skill": 0.2372,
        "mission_priority": 0.5002,
        "estimated_landing_time": 1980.0,
        "wait_time": 0,
        "Landing_success_rate": 1.0
    },
    {
        "model": 1,
        "sequence": 13,
        "status": 1,
        "fuel": 6314,
        "fault": 0.9008,
        "weapon": 0,
        "pilot_injury": 0.8055,
        "pilot_skill": 0.4263,
        "mission_priority": 0.9994,
        "estimated_landing_time": 1228.0,
        "wait_time": 0,
        "Landing_success_rate": 1.0
    },
    {
        "model": 2,
        "sequence": 5,
        "status": 1,
        "fuel": 5608,
        "fault": 0.3953,
        "weapon": 1,
        "pilot_injury": 0.4019,
        "pilot_skill": 0.7426,
        "mission_priority": 0.8479,
        "estimated_landing_time": 476.0,
        "wait_time": 0,
        "Landing_success_rate": 1.0
    },
    {
        "model": 2,
        "sequence": 24,
        "status": 1,
        "fuel": 6641,
        "fault": 0.4607,
        "weapon": 1,
        "pilot_injury": 0.8449,
        "pilot_skill": 0.8135,
        "mission_priority": 0.6577,
        "estimated_landing_time": 2262.0,
        "wait_time": 0,
        "Landing_success_rate": 1.0
    },
    {
        "model": 0,
        "sequence": 3,
        "status": 1,
        "fuel": 6992,
        "fault": 0.191,
        "weapon": 1,
        "pilot_injury": 0.0046,
        "pilot_skill": 0.0413,
        "mission_priority": 0.9798,
        "estimated_landing_time": 288.0,
        "wait_time": 0,
        "Landing_success_rate": 1.0
    },
    {
        "model": 0,
        "sequence": 15,
        "status": 1,
        "fuel": 6204,
        "fault": 0.4557,
        "weapon": 0,
        "pilot_injury": 0.9338,
        "pilot_skill": 0.195,
        "mission_priority": 0.8438,
        "estimated_landing_time": 1416.0,
        "wait_time": 0,
        "Landing_success_rate": 1.0
    },
    {
        "model": 1,
        "sequence": 11,
        "status": 1,
        "fuel": 6446,
        "fault": 0.8945,
        "weapon": 1,
        "pilot_injury": 0.2817,
        "pilot_skill": 0.3153,
        "mission_priority": 0.9029,
        "estimated_landing_time": 1040.0,
        "wait_time": 0,
        "Landing_success_rate": 1.0
    },
    {
        "model": 2,
        "sequence": 9,
        "status": 1,
        "fuel": 6236,
        "fault": 0.4985,
        "weapon": 1,
        "pilot_injury": 0.7073,
        "pilot_skill": 0.2719,
        "mission_priority": 0.9384,
        "estimated_landing_time": 852.0,
        "wait_time": 0,
        "Landing_success_rate": 1.0
    },
    {
        "model": 2,
        "sequence": 16,
        "status": 1,
        "fuel": 7425,
        "fault": 0.4377,
        "weapon": 1,
        "pilot_injury": 0.1357,
        "pilot_skill": 0.1908,
        "mission_priority": 0.245,
        "estimated_landing_time": 1510.0,
        "wait_time": 0,
        "Landing_success_rate": 1.0
    },
    {
        "model": 2,
        "sequence": 12,
        "status": 1,
        "fuel": 6533,
        "fault": 0.5064,
        "weapon": 1,
        "pilot_injury": 0.3506,
        "pilot_skill": 0.9114,
        "mission_priority": 0.5567,
        "estimated_landing_time": 1134.0,
        "wait_time": 0,
        "Landing_success_rate": 1.0
    },
    {
        "model": 0,
        "sequence": 2,
        "status": 1,
        "fuel": 6841,
        "fault": 0.5902,
        "weapon": 0,
        "pilot_injury": 0.2443,
        "pilot_skill": 0.9051,
        "mission_priority": 0.7258,
        "estimated_landing_time": 194.0,
        "wait_time": 0,
        "Landing_success_rate": 1.0
    },
    {
        "model": 0,
        "sequence": 7,
        "status": 1,
        "fuel": 5870,
        "fault": 0.1168,
        "weapon": 0,
        "pilot_injury": 0.5066,
        "pilot_skill": 0.8146,
        "mission_priority": 0.8362,
        "estimated_landing_time": 664.0,
        "wait_time": 0,
        "Landing_success_rate": 1.0
    },
    {
        "model": 0,
        "sequence": 8,
        "status": 1,
        "fuel": 6399,
        "fault": 0.7575,
        "weapon": 1,
        "pilot_injury": 0.8888,
        "pilot_skill": 0.5247,
        "mission_priority": 0.8669,
        "estimated_landing_time": 758.0,
        "wait_time": 0,
        "Landing_success_rate": 1.0
    },
    {
        "model": 1,
        "sequence": 22,
        "status": 1,
        "fuel": 7209,
        "fault": 0.1369,
        "weapon": 0,
        "pilot_injury": 0.031,
        "pilot_skill": 0.2779,
        "mission_priority": 0.5021,
        "estimated_landing_time": 2074.0,
        "wait_time": 0,
        "Landing_success_rate": 1.0
    }
]