[
    {
        "model": 2,
        "sequence": 22,
        "status": 1,
        "fuel": 5914,
        "fault": 0.9392,
        "weapon": 1,
        "pilot_injury": 0.6614,
        "pilot_skill": 0.2912,
        "mission_priority": 0.9514,
        "estimated_landing_time": 2074.0,
        "wait_time": 0,
        "Landing_success_rate": 1.0
    },
    {
        "model": 0,
        "sequence": 19,
        "status": 1,
        "fuel": 6274,
        "fault": 0.6253,
        "weapon": 0,
        "pilot_injury": 0.6781,
        "pilot_skill": 0.7676,
        "mission_priority": 0.4756,
        "estimated_landing_time": 1792.0,
        "wait_time": 0,
        "Landing_success_rate": 1.0
    },
    {
        "model": 0,
        "sequence": 16,
        "status": 1,
        "fuel": 6347,
        "fault": 0.8177,
        "weapon": 0,
        "pilot_injury": 0.3204,
        "pilot_skill": 0.1751,
        "mission_priority": 0.6316,
        "estimated_landing_time": 1510.0,
        "wait_time": 0,
        "Landing_success_rate": 1.0
    },
    {
        "model": 0,
        "sequence": 10,
        "status": 1,
        "fuel": 5679,
        "fault": 0.6727,
        "weapon": 0,
        "pilot_injury": 0.6324,
        "pilot_skill": 0.9859,
        "mission_priority": 0.3389,
        "estimated_landing_time": 946.0,
        "wait_time": 0,
        "Landing_success_rate": 1.0
    },
    {
        "model": 2,
        "sequence": 8,
        "status": 1,
        "fuel": 7243,
        "fault": 0.1568,
        "weapon": 0,
        "pilot_injury": 0.0407,
        "pilot_skill": 0.033,
        "mission_priority": 0.4649,
        "estimated_landing_time": 758.0,
        "wait_time": 0,
        "Landing_success_rate": 1.0
    },
    {
        "model": 0,
        "sequence": 12,
        "status": 1,
        "fuel": 6341,
        "fault": 0.8,
        "weapon": 0,
        "pilot_injury": 0.3275,
        "pilot_skill": 0.3356,
        "mission_priority": 0.6356,
        "estimated_landing_time": 1134.0,
        "wait_time": 0,
        "Landing_success_rate": 1.0
    },
    {
        "model": 1,
        "sequence": 6,
        "status": 1,
        "fuel": 6110,
        "fault": 0.827,
        "weapon": 0,
        "pilot_injury": 0.582,
        "pilot_skill": 0.9149,
        "mission_priority": 0.3648,
        "estimated_landing_time": 570.0,
        "wait_time": 0,
        "Landing_success_rate": 1.0
    },
    {
        "model": 0,
        "sequence": 14,
        "status": 1,
        "fuel": 6970,
        "fault": 0.5068,
        "weapon": 1,
        "pilot_injury": 0.9734,
        "pilot_skill": 0.0271,
        "mission_priority": 0.728,
        "estimated_landing_time": 1322.0,
        "wait_time": 0,
        "Landing_success_rate": 1.0
    },
    {
        "model": 0,
        "sequence": 1,
        "status": 1,
        "fuel": 6445,
        "fault": 0.6265,
        "weapon": 1,
        "pilot_injury": 0.579,
        "pilot_skill": 0.8019,
        "mission_priority": 0.561,
        "estimated_landing_time": 100.0,
        "wait_time": 0,
        "Landing_success_rate": 1.0
    },
    {
        "model": 2,
        "sequence": 7,
        "status": 1,
        "fuel": 7146,
        "fault": 0.1197,
        "weapon": 1,
        "pilot_injury": 0.0606,
        "pilot_skill": 0.8175,
        "mission_priority": 0.043,
        "estimated_landing_time": 664.0,
        "wait_time": 0,
        "Landing_success_rate": 1.0
    },
    {
        "model": 2,
        "sequence": 18,
        "status": 1,
        "fuel": 5915,
        "fault": 0.3124,
        "weapon": 0,
        "pilot_injury": 0.6334,
        "pilot_skill": 0.9764,
        "mission_priority": 0.1178,
        "estimated_landing_time": 1698.0,
        "wait_time": 0,
        "Landing_success_rate": 1.0
    },
    {
        "model": 2,
        "sequence": 2,
        "status": 1,
        "fuel": 6884,
        "fault": 0.1301,
        "weapon": 1,
        "pilot_injury": 0.8362,
        "pilot_skill": 0.4672,
        "mission_priority": 0.3216,
        "estimated_landing_time": 194.0,
        "wait_time": 0,
        "Landing_success_rate": 1.0
    },
    {
        "model": 2,
        "sequence": 21,
        "status": 1,
        "fuel": 7018,
        "fault": 0.304,
        "weapon": 0,
        "pilot_injury": 0.4012,
        "pilot_skill": 0.3326,
        "mission_priority": 0.8041,
        "estimated_landing_time": 1980.0,
        "wait_time": 0,
        "Landing_success_rate": 1.0
    },
    {
        "model": 2,
        "sequence": 11,
        "status": 1,
        "fuel": 7033,
        "fault": 0.6935,
        "weapon": 1,
        "pilot_injury": 0.4391,
        "pilot_skill": 0.5043,
        "mission_priority": 0.1251,
        "estimated_landing_time": 1040.0,
        "wait_time": 0,
        "Landing_success_rate": 1.0
    },
    {
        "model": 0,
        "sequence": 15,
        "status": 1,
        "fuel": 7191,
        "fault": 0.6519,
        "weapon": 0,
        "pilot_injury": 0.9024,
        "pilot_skill": 0.2006,
        "mission_priority": 0.7597,
        "estimated_landing_time": 1416.0,
        "wait_time": 0,
        "Landing_success_rate": 1.0
    },
    {
        "model": 0,
        "sequence": 3,
        "status": 1,
        "fuel": 6597,
        "fault": 0.8619,
        "weapon": 0,
        "pilot_injury": 0.6674,
        "pilot_skill": 0.9244,
        "mission_priority": 0.9184,
        "estimated_landing_time": 288.0,
        "wait_time": 0,
        "Landing_success_rate": 1.0
    },
    {
        "model": 2,
        "sequence": 17,
        "status": 1,
        "fuel": 6138,
        "fault": 0.84,
        "weapon": 1,
        "pilot_injury": 0.8723,
        "pilot_skill": 0.6578,
        "mission_priority": 0.3104,
        "estimated_landing_time": 1604.0,
        "wait_time": 0,
        "Landing_success_rate": 1.0
    },
    {
        "model": 2,
        "sequence": 9,
        "status": 1,
        "fuel": 6472,
        "fault": 0.1153,
        "weapon": 0,
        "pilot_injury": 0.0502,
        "pilot_skill": 0.7541,
        "mission_priority": 0.2358,
        "estimated_landing_time": 852.0,
        "wait_time": 0,
        "Landing_success_rate": 1.0
    },
    {
        "model": 0,
        "sequence": 23,
        "status": 1,
        "fuel": 5669,
        "fault": 0.9731,
        "weapon": 1,
        "pilot_injury": 0.4826,
        "pilot_skill": 0.1692,
        "mission_priority": 0.044,
        "estimated_landing_time": 2168.0,
        "wait_time": 0,
        "Landing_success_rate": 1.0
    },
    {
        "model": 2,
        "sequence": 5,
        "status": 1,
        "fuel": 7304,
        "fault": 0.6483,
        "weapon": 0,
        "pilot_injury": 0.0822,
        "pilot_skill": 0.555,
        "mission_priority": 0.1464,
        "estimated_landing_time": 476.0,
        "wait_time": 0,
        "Landing_success_rate": 1.0
    },
    {
        "model": 1,
        "sequence": 4,
        "status": 1,
        "fuel": 7436,
        "fault": 0.2722,
        "weapon": 1,
        "pilot_injury": 0.1008,
        "pilot_skill": 0.1732,
        "mission_priority": 0.349,
        "estimated_landing_time": 382.0,
        "wait_time": 0,
        "Landing_success_rate": 1.0
    },
    {
        "model": 0,
        "sequence": 20,
        "status": 1,
        "fuel": 5504,
        "fault": 0.91,
        "weapon": 1,
        "pilot_injury": 0.0748,
        "pilot_skill": 0.8605,
        "mission_priority": 0.8162,
        "estimated_landing_time": 1886.0,
        "wait_time": 0,
        "Landing_success_rate": 1.0
    },
    {
        "model": 1,
        "sequence": 24,
        "status": 1,
        "fuel": 7339,
        "fault": 0.5464,
        "weapon": 1,
        "pilot_injury": 0.8229,
        "pilot_skill": 0.1828,
        "mission_priority": 0.1244,
        "estimated_landing_time": 2262.0,
        "wait_time": 0,
        "Landing_success_rate": 1.0
    },
    {
        "model": 0,
        "sequence": 13,
        "status": 1,
        "fuel": 6016,
        "fault": 0.9402,
        "weapon": 0,
        "pilot_injury": 0.308,
        "pilot_skill": 0.9176,
        "mission_priority": 0.2726,
        "estimated_landing_time": 1228.0,
        "wait_time": 0,
        "Landing_success_rate": 1.0
    }
]