[
    {
        "model": 0,
        "sequence": 15,
        "status": 1,
        "fuel": 5979,
        "fault": 0.7214,
        "weapon": 1,
        "pilot_injury": 0.7536,
        "pilot_skill": 0.8654,
        "mission_priority": 0.8786,
        "estimated_landing_time": 1416.0,
        "wait_time": 0,
        "Landing_success_rate": 1.0
    },
    {
        "model": 1,
        "sequence": 11,
        "status": 1,
        "fuel": 6839,
        "fault": 0.1487,
        "weapon": 1,
        "pilot_injury": 0.9818,
        "pilot_skill": 0.3796,
        "mission_priority": 0.6386,
        "estimated_landing_time": 1040.0,
        "wait_time": 0,
        "Landing_success_rate": 1.0
    },
    {
        "model": 1,
        "sequence": 10,
        "status": 1,
        "fuel": 5587,
        "fault": 0.22,
        "weapon": 1,
        "pilot_injury": 0.704,
        "pilot_skill": 0.7534,
        "mission_priority": 0.0658,
        "estimated_landing_time": 946.0,
        "wait_time": 0,
        "Landing_success_rate": 1.0
    },
    {
        "model": 0,
        "sequence": 4,
        "status": 1,
        "fuel": 5915,
        "fault": 0.5394,
        "weapon": 1,
        "pilot_injury": 0.6718,
        "pilot_skill": 0.2919,
        "mission_priority": 0.4897,
        "estimated_landing_time": 382.0,
        "wait_time": 0,
        "Landing_success_rate": 1.0
    },
    {
        "model": 0,
        "sequence": 3,
        "status": 1,
        "fuel": 6871,
        "fault": 0.4102,
        "weapon": 1,
        "pilot_injury": 0.2438,
        "pilot_skill": 0.3491,
        "mission_priority": 0.1626,
        "estimated_landing_time": 288.0,
        "wait_time": 0,
        "Landing_success_rate": 1.0
    },
    {
        "model": 1,
        "sequence": 20,
        "status": 1,
        "fuel": 6642,
        "fault": 0.0766,
        "weapon": 1,
        "pilot_injury": 0.3873,
        "pilot_skill": 0.447,
        "mission_priority": 0.9851,
        "estimated_landing_time": 1886.0,
        "wait_time": 0,
        "Landing_success_rate": 1.0
    },
    {
        "model": 0,
        "sequence": 5,
        "status": 1,
        "fuel": 5659,
        "fault": 0.6283,
        "weapon": 1,
        "pilot_injury": 0.1374,
        "pilot_skill": 0.0655,
        "mission_priority": 0.8715,
        "estimated_landing_time": 476.0,
        "wait_time": 0,
        "Landing_success_rate": 1.0
    },
    {
        "model": 1,
        "sequence": 23,
        "status": 1,
        "fuel": 5827,
        "fault": 0.3712,
        "weapon": 0,
        "pilot_injury": 0.5046,
        "pilot_skill": 0.1357,
        "mission_priority": 0.7072,
        "estimated_landing_time": 2168.0,
        "wait_time": 0,
        "Landing_success_rate": 1.0
    },
    {
        "model": 0,
        "sequence": 21,
        "status": 1,
        "fuel": 7424,
        "fault": 0.2789,
        "weapon": 0,
        "pilot_injury": 0.5468,
        "pilot_skill": 0.2789,
        "mission_priority": 0.8626,
        "estimated_landing_time": 1980.0,
        "wait_time": 0,
        "Landing_success_rate": 1.0
    },
    {
        "model": 2,
        "sequence": 9,
        "status": 1,
        "fuel": 6742,
        "fault": 0.0816,
        "weapon": 1,
        "pilot_injury": 0.8062,
        "pilot_skill": 0.7502,
        "mission_priority": 0.7472,
        "estimated_landing_time": 852.0,
        "wait_time": 0,
        "Landing_success_rate": 1.0
    },
    {
        "model": 2,
        "sequence": 13,
        "status": 1,
        "fuel": 6670,
        "fault": 0.9341,
        "weapon": 1,
        "pilot_injury": 0.6742,
        "pilot_skill": 0.8239,
        "mission_priority": 0.4795,
        "estimated_landing_time": 1228.0,
        "wait_time": 0,
        "Landing_success_rate": 1.0
    },
    {
        "model": 0,
        "sequence": 8,
        "status": 1,
        "fuel": 6354,
        "fault": 0.2297,
        "weapon": 1,
        "pilot_injury": 0.7808,
        "pilot_skill": 0.6862,
        "mission_priority": 0.4511,
        "estimated_landing_time": 758.0,
        "wait_time": 0,
        "Landing_success_rate": 1.0
    },
    {
        "model": 1,
        "sequence": 6,
        "status": 1,
        "fuel": 6946,
        "fault": 0.4232,
        "weapon": 0,
        "pilot_injury": 0.0065,
        "pilot_skill": 0.5289,
        "mission_priority": 0.4175,
        "estimated_landing_time": 570.0,
        "wait_time": 0,
        "Landing_success_rate": 1.0
    },
    {
        "model": 0,
        "sequence": 7,
        "status": 1,
        "fuel": 5685,
        "fault": 0.3185,
        "weapon": 1,
        "pilot_injury": 0.9367,
        "pilot_skill": 0.1961,
        "mission_priority": 0.9902,
        "estimated_landing_time": 664.0,
        "wait_time": 0,
        "Landing_success_rate": 1.0
    },
    {
        "model": 0,
        "sequence": 17,
        "status": 1,
        "fuel": 7209,
        "fault": 0.3882,
        "weapon": 1,
        "pilot_injury": 0.5019,
        "pilot_skill": 0.3596,
        "mission_priority": 0.1393,
        "estimated_landing_time": 1604.0,
        "wait_time": 0,
        "Landing_success_rate": 1.0
    },
    {
        "model": 1,
        "sequence": 12,
        "status": 1,
        "fuel": 6955,
        "fault": 0.4647,
        "weapon": 1,
        "pilot_injury": 0.3776,
        "pilot_skill": 0.9613,
        "mission_priority": 0.3256,
        "estimated_landing_time": 1134.0,
        "wait_time": 0,
        "Landing_success_rate": 1.0
    },
    {
        "model": 0,
        "sequence": 19,
        "status": 1,
        "fuel": 7017,
        "fault": 0.3671,
        "weapon": 0,
        "pilot_injury": 0.1028,
        "pilot_skill": 0.3126,
        "mission_priority": 0.8856,
        "estimated_landing_time": 1792.0,
        "wait_time": 0,
        "Landing_success_rate": 1.0
    },
    {
        "model": 1,
        "sequence": 22,
        "status": 1,
        "fuel": 7238,
        "fault": 0.3425,
        "weapon": 1,
        "pilot_injury": 0.2025,
        "pilot_skill": 0.3113,
        "mission_priority": 0.5902,
        "estimated_landing_time": 2074.0,
        "wait_time": 0,
        "Landing_success_rate": 1.0
    },
    {
        "model": 0,
        "sequence": 16,
        "status": 1,
        "fuel": 5848,
        "fault": 0.1454,
        "weapon": 0,
        "pilot_injury": 0.6163,
        "pilot_skill": 0.8738,
        "mission_priority": 0.501,
        "estimated_landing_time": 1510.0,
        "wait_time": 0,
        "Landing_success_rate": 1.0
    },
    {
        "model": 1,
        "sequence": 1,
        "status": 1,
        "fuel": 6061,
        "fault": 0.8678,
        "weapon": 0,
        "pilot_injury": 0.3556,
        "pilot_skill": 0.4286,
        "mission_priority": 0.8091,
        "estimated_landing_time": 100.0,
        "wait_time": 0,
        "Landing_success_rate": 1.0
    },
    {
        "model": 0,
        "sequence": 2,
        "status": 1,
        "fuel": 6836,
        "fault": 0.9316,
        "weapon": 1,
        "pilot_injury": 0.0857,
        "pilot_skill": 0.1393,
        "mission_priority": 0.0046,
        "estimated_landing_time": 194.0,
        "wait_time": 0,
        "Landing_success_rate": 1.0
    },
    {
        "model": 2,
        "sequence": 18,
        "status": 1,
        "fuel": 7199,
        "fault": 0.2658,
        "weapon": 1,
        "pilot_injury": 0.8092,
        "pilot_skill": 0.587,
        "mission_priority": 0.6349,
        "estimated_landing_time": 1698.0,
        "wait_time": 0,
        "Landing_success_rate": 1.0
    },
    {
        "model": 1,
        "sequence": 24,
        "status": 1,
        "fuel": 6654,
        "fault": 0.9344,
        "weapon": 1,
        "pilot_injury": 0.8804,
        "pilot_skill": 0.8497,
        "mission_priority": 0.8121,
        "estimated_landing_time": 2262.0,
        "wait_time": 0,
        "Landing_success_rate": 1.0
    },
    {
        "model": 2,
        "sequence": 14,
        "status": 1,
        "fuel": 5684,
        "fault": 0.6096,
        "weapon": 1,
        "pilot_injury": 0.5822,
        "pilot_skill": 0.5279,
        "mission_priority": 0.4808,
        "estimated_landing_time": 1322.0,
        "wait_time": 0,
        "Landing_success_rate": 1.0
    }
]