[
    {
        "model": 1,
        "sequence": 2,
        "status": 1,
        "fuel": 7242,
        "fault": 0.0707,
        "weapon": 0,
        "pilot_injury": 0.9421,
        "pilot_skill": 0.9511,
        "mission_priority": 0.8311,
        "estimated_landing_time": 194.0,
        "wait_time": 0,
        "Landing_success_rate": 1.0
    },
    {
        "model": 0,
        "sequence": 17,
        "status": 1,
        "fuel": 5572,
        "fault": 0.8319,
        "weapon": 1,
        "pilot_injury": 0.4878,
        "pilot_skill": 0.9055,
        "mission_priority": 0.5209,
        "estimated_landing_time": 1604.0,
        "wait_time": 0,
        "Landing_success_rate": 1.0
    },
    {
        "model": 2,
        "sequence": 18,
        "status": 1,
        "fuel": 5823,
        "fault": 0.178,
        "weapon": 0,
        "pilot_injury": 0.5986,
        "pilot_skill": 0.8775,
        "mission_priority": 0.9992,
        "estimated_landing_time": 1698.0,
        "wait_time": 0,
        "Landing_success_rate": 1.0
    },
    {
        "model": 0,
        "sequence": 1,
        "status": 1,
        "fuel": 6908,
        "fault": 0.4929,
        "weapon": 1,
        "pilot_injury": 0.8451,
        "pilot_skill": 0.0827,
        "mission_priority": 0.6348,
        "estimated_landing_time": 100.0,
        "wait_time": 0,
        "Landing_success_rate": 1.0
    },
    {
        "model": 0,
        "sequence": 14,
        "status": 1,
        "fuel": 6770,
        "fault": 0.2285,
        "weapon": 0,
        "pilot_injury": 0.8929,
        "pilot_skill": 0.6396,
        "mission_priority": 0.2435,
        "estimated_landing_time": 1322.0,
        "wait_time": 0,
        "Landing_success_rate": 1.0
    },
    {
        "model": 0,
        "sequence": 23,
        "status": 1,
        "fuel": 6046,
        "fault": 0.2333,
        "weapon": 1,
        "pilot_injury": 0.8622,
        "pilot_skill": 0.0156,
        "mission_priority": 0.9798,
        "estimated_landing_time": 2168.0,
        "wait_time": 0,
        "Landing_success_rate": 1.0
    },
    {
        "model": 1,
        "sequence": 6,
        "status": 1,
        "fuel": 6161,
        "fault": 0.6136,
        "weapon": 1,
        "pilot_injury": 0.7127,
        "pilot_skill": 0.9117,
        "mission_priority": 0.8851,
        "estimated_landing_time": 570.0,
        "wait_time": 0,
        "Landing_success_rate": 1.0
    },
    {
        "model": 1,
        "sequence": 19,
        "status": 1,
        "fuel": 7098,
        "fault": 0.6747,
        "weapon": 0,
        "pilot_injury": 0.3937,
        "pilot_skill": 0.5255,
        "mission_priority": 0.5547,
        "estimated_landing_time": 1792.0,
        "wait_time": 0,
        "Landing_success_rate": 1.0
    },
    {
        "model": 2,
        "sequence": 12,
        "status": 1,
        "fuel": 6408,
        "fault": 0.8071,
        "weapon": 0,
        "pilot_injury": 0.2083,
        "pilot_skill": 0.6076,
        "mission_priority": 0.759,
        "estimated_landing_time": 1134.0,
        "wait_time": 0,
        "Landing_success_rate": 1.0
    },
    {
        "model": 2,
        "sequence": 13,
        "status": 1,
        "fuel": 6808,
        "fault": 0.0454,
        "weapon": 1,
        "pilot_injury": 0.0572,
        "pilot_skill": 0.5892,
        "mission_priority": 0.5836,
        "estimated_landing_time": 1228.0,
        "wait_time": 0,
        "Landing_success_rate": 1.0
    },
    {
        "model": 1,
        "sequence": 9,
        "status": 1,
        "fuel": 7165,
        "fault": 0.0231,
        "weapon": 0,
        "pilot_injury": 0.9055,
        "pilot_skill": 0.5445,
        "mission_priority": 0.4364,
        "estimated_landing_time": 852.0,
        "wait_time": 0,
        "Landing_success_rate": 1.0
    },
    {
        "model": 1,
        "sequence": 4,
        "status": 1,
        "fuel": 5888,
        "fault": 0.912,
        "weapon": 1,
        "pilot_injury": 0.367,
        "pilot_skill": 0.8592,
        "mission_priority": 0.3092,
        "estimated_landing_time": 382.0,
        "wait_time": 0,
        "Landing_success_rate": 1.0
    },
    {
        "model": 0,
        "sequence": 10,
        "status": 1,
        "fuel": 6821,
        "fault": 0.2229,
        "weapon": 0,
        "pilot_injury": 0.825,
        "pilot_skill": 0.736,
        "mission_priority": 0.5301,
        "estimated_landing_time": 946.0,
        "wait_time": 0,
        "Landing_success_rate": 1.0
    },
    {
        "model": 1,
        "sequence": 21,
        "status": 1,
        "fuel": 6395,
        "fault": 0.4813,
        "weapon": 0,
        "pilot_injury": 0.3719,
        "pilot_skill": 0.8059,
        "mission_priority": 0.5336,
        "estimated_landing_time": 1980.0,
        "wait_time": 0,
        "Landing_success_rate": 1.0
    },
    {
        "model": 1,
        "sequence": 16,
        "status": 1,
        "fuel": 6445,
        "fault": 0.242,
        "weapon": 0,
        "pilot_injury": 0.9531,
        "pilot_skill": 0.06,
        "mission_priority": 0.3914,
        "estimated_landing_time": 1510.0,
        "wait_time": 0,
        "Landing_success_rate": 1.0
    },
    {
        "model": 1,
        "sequence": 22,
        "status": 1,
        "fuel": 5985,
        "fault": 0.9013,
        "weapon": 0,
        "pilot_injury": 0.8677,
        "pilot_skill": 0.2841,
        "mission_priority": 0.783,
        "estimated_landing_time": 2074.0,
        "wait_time": 0,
        "Landing_success_rate": 1.0
    },
    {
        "model": 1,
        "sequence": 7,
        "status": 1,
        "fuel": 6350,
        "fault": 0.8784,
        "weapon": 0,
        "pilot_injury": 0.1921,
        "pilot_skill": 0.2207,
        "mission_priority": 0.0473,
        "estimated_landing_time": 664.0,
        "wait_time": 0,
        "Landing_success_rate": 1.0
    },
    {
        "model": 0,
        "sequence": 3,
        "status": 1,
        "fuel": 6626,
        "fault": 0.4267,
        "weapon": 1,
        "pilot_injury": 0.8331,
        "pilot_skill": 0.3664,
        "mission_priority": 0.7546,
        "estimated_landing_time": 288.0,
        "wait_time": 0,
        "Landing_success_rate": 1.0
    },
    {
        "model": 2,
        "sequence": 15,
        "status": 1,
        "fuel": 6034,
        "fault": 0.5826,
        "weapon": 1,
        "pilot_injury": 0.9763,
        "pilot_skill": 0.2398,
        "mission_priority": 0.8623,
        "estimated_landing_time": 1416.0,
        "wait_time": 0,
        "Landing_success_rate": 1.0
    },
    {
        "model": 0,
        "sequence": 20,
        "status": 1,
        "fuel": 6781,
        "fault": 0.0796,
        "weapon": 0,
        "pilot_injury": 0.6516,
        "pilot_skill": 0.4239,
        "mission_priority": 0.2281,
        "estimated_landing_time": 1886.0,
        "wait_time": 0,
        "Landing_success_rate": 1.0
    },
    {
        "model": 1,
        "sequence": 24,
        "status": 1,
        "fuel": 6545,
        "fault": 0.8239,
        "weapon": 0,
        "pilot_injury": 0.9903,
        "pilot_skill": 0.738,
        "mission_priority": 0.3273,
        "estimated_landing_time": 2262.0,
        "wait_time": 0,
        "Landing_success_rate": 1.0
    },
    {
        "model": 1,
        "sequence": 8,
        "status": 1,
        "fuel": 5906,
        "fault": 0.8583,
        "weapon": 1,
        "pilot_injury": 0.2816,
        "pilot_skill": 0.0143,
        "mission_priority": 0.1182,
        "estimated_landing_time": 758.0,
        "wait_time": 0,
        "Landing_success_rate": 1.0
    },
    {
        "model": 2,
        "sequence": 5,
        "status": 1,
        "fuel": 6385,
        "fault": 0.624,
        "weapon": 1,
        "pilot_injury": 0.2952,
        "pilot_skill": 0.2852,
        "mission_priority": 0.7929,
        "estimated_landing_time": 476.0,
        "wait_time": 0,
        "Landing_success_rate": 1.0
    },
    {
        "model": 2,
        "sequence": 11,
        "status": 1,
        "fuel": 5521,
        "fault": 0.6698,
        "weapon": 1,
        "pilot_injury": 0.6056,
        "pilot_skill": 0.2427,
        "mission_priority": 0.5257,
        "estimated_landing_time": 1040.0,
        "wait_time": 0,
        "Landing_success_rate": 1.0
    }
]