[
    {
        "model": 0,
        "sequence": 5,
        "status": 1,
        "fuel": 6750,
        "fault": 0.8851,
        "weapon": 0,
        "pilot_injury": 0.8166,
        "pilot_skill": 0.2656,
        "mission_priority": 0.0108,
        "estimated_landing_time": 476.0,
        "wait_time": 0,
        "Landing_success_rate": 1.0
    },
    {
        "model": 2,
        "sequence": 20,
        "status": 1,
        "fuel": 7156,
        "fault": 0.7512,
        "weapon": 0,
        "pilot_injury": 0.3198,
        "pilot_skill": 0.1088,
        "mission_priority": 0.1188,
        "estimated_landing_time": 1886.0,
        "wait_time": 0,
        "Landing_success_rate": 1.0
    },
    {
        "model": 1,
        "sequence": 17,
        "status": 1,
        "fuel": 7221,
        "fault": 0.9821,
        "weapon": 0,
        "pilot_injury": 0.5115,
        "pilot_skill": 0.2137,
        "mission_priority": 0.5193,
        "estimated_landing_time": 1604.0,
        "wait_time": 0,
        "Landing_success_rate": 1.0
    },
    {
        "model": 0,
        "sequence": 8,
        "status": 1,
        "fuel": 7457,
        "fault": 0.6175,
        "weapon": 1,
        "pilot_injury": 0.5979,
        "pilot_skill": 0.062,
        "mission_priority": 0.3987,
        "estimated_landing_time": 758.0,
        "wait_time": 0,
        "Landing_success_rate": 1.0
    },
    {
        "model": 0,
        "sequence": 21,
        "status": 1,
        "fuel": 6394,
        "fault": 0.9191,
        "weapon": 0,
        "pilot_injury": 0.6045,
        "pilot_skill": 0.5885,
        "mission_priority": 0.6307,
        "estimated_landing_time": 1980.0,
        "wait_time": 0,
        "Landing_success_rate": 1.0
    },
    {
        "model": 1,
        "sequence": 16,
        "status": 1,
        "fuel": 5745,
        "fault": 0.044,
        "weapon": 1,
        "pilot_injury": 0.2097,
        "pilot_skill": 0.5405,
        "mission_priority": 0.4611,
        "estimated_landing_time": 1510.0,
        "wait_time": 0,
        "Landing_success_rate": 1.0
    },
    {
        "model": 2,
        "sequence": 12,
        "status": 1,
        "fuel": 5882,
        "fault": 0.0323,
        "weapon": 1,
        "pilot_injury": 0.094,
        "pilot_skill": 0.9749,
        "mission_priority": 0.1165,
        "estimated_landing_time": 1134.0,
        "wait_time": 0,
        "Landing_success_rate": 1.0
    },
    {
        "model": 1,
        "sequence": 22,
        "status": 1,
        "fuel": 5525,
        "fault": 0.046,
        "weapon": 0,
        "pilot_injury": 0.8653,
        "pilot_skill": 0.0742,
        "mission_priority": 0.3747,
        "estimated_landing_time": 2074.0,
        "wait_time": 0,
        "Landing_success_rate": 1.0
    },
    {
        "model": 0,
        "sequence": 18,
        "status": 1,
        "fuel": 7149,
        "fault": 0.893,
        "weapon": 1,
        "pilot_injury": 0.9855,
        "pilot_skill": 0.1898,
        "mission_priority": 0.6299,
        "estimated_landing_time": 1698.0,
        "wait_time": 0,
        "Landing_success_rate": 1.0
    },
    {
        "model": 2,
        "sequence": 13,
        "status": 1,
        "fuel": 6777,
        "fault": 0.8403,
        "weapon": 0,
        "pilot_injury": 0.1678,
        "pilot_skill": 0.9893,
        "mission_priority": 0.4527,
        "estimated_landing_time": 1228.0,
        "wait_time": 0,
        "Landing_success_rate": 1.0
    },
    {
        "model": 2,
        "sequence": 14,
        "status": 1,
        "fuel": 6369,
        "fault": 0.5917,
        "weapon": 1,
        "pilot_injury": 0.2683,
        "pilot_skill": 0.5109,
        "mission_priority": 0.3355,
        "estimated_landing_time": 1322.0,
        "wait_time": 0,
        "Landing_success_rate": 1.0
    },
    {
        "model": 2,
        "sequence": 11,
        "status": 1,
        "fuel": 7302,
        "fault": 0.1154,
        "weapon": 0,
        "pilot_injury": 0.3267,
        "pilot_skill": 0.0703,
        "mission_priority": 0.8897,
        "estimated_landing_time": 1040.0,
        "wait_time": 0,
        "Landing_success_rate": 1.0
    },
    {
        "model": 1,
        "sequence": 1,
        "status": 1,
        "fuel": 5813,
        "fault": 0.9199,
        "weapon": 1,
        "pilot_injury": 0.3496,
        "pilot_skill": 0.4744,
        "mission_priority": 0.2913,
        "estimated_landing_time": 100.0,
        "wait_time": 0,
        "Landing_success_rate": 1.0
    },
    {
        "model": 1,
        "sequence": 15,
        "status": 1,
        "fuel": 5944,
        "fault": 0.0935,
        "weapon": 0,
        "pilot_injury": 0.2863,
        "pilot_skill": 0.2422,
        "mission_priority": 0.6814,
        "estimated_landing_time": 1416.0,
        "wait_time": 0,
        "Landing_success_rate": 1.0
    },
    {
        "model": 1,
        "sequence": 10,
        "status": 1,
        "fuel": 6802,
        "fault": 0.4016,
        "weapon": 0,
        "pilot_injury": 0.0944,
        "pilot_skill": 0.6201,
        "mission_priority": 0.5134,
        "estimated_landing_time": 946.0,
        "wait_time": 0,
        "Landing_success_rate": 1.0
    },
    {
        "model": 0,
        "sequence": 23,
        "status": 1,
        "fuel": 6738,
        "fault": 0.3509,
        "weapon": 0,
        "pilot_injury": 0.4466,
        "pilot_skill": 0.2171,
        "mission_priority": 0.3534,
        "estimated_landing_time": 2168.0,
        "wait_time": 0,
        "Landing_success_rate": 1.0
    },
    {
        "model": 1,
        "sequence": 3,
        "status": 1,
        "fuel": 7357,
        "fault": 0.5629,
        "weapon": 0,
        "pilot_injury": 0.9576,
        "pilot_skill": 0.6656,
        "mission_priority": 0.1025,
        "estimated_landing_time": 288.0,
        "wait_time": 0,
        "Landing_success_rate": 1.0
    },
    {
        "model": 2,
        "sequence": 4,
        "status": 1,
        "fuel": 5639,
        "fault": 0.8377,
        "weapon": 0,
        "pilot_injury": 0.5968,
        "pilot_skill": 0.2771,
        "mission_priority": 0.7334,
        "estimated_landing_time": 382.0,
        "wait_time": 0,
        "Landing_success_rate": 1.0
    },
    {
        "model": 0,
        "sequence": 7,
        "status": 1,
        "fuel": 6955,
        "fault": 0.9481,
        "weapon": 1,
        "pilot_injury": 0.2409,
        "pilot_skill": 0.2537,
        "mission_priority": 0.3829,
        "estimated_landing_time": 664.0,
        "wait_time": 0,
        "Landing_success_rate": 1.0
    },
    {
        "model": 0,
        "sequence": 6,
        "status": 1,
        "fuel": 6628,
        "fault": 0.6403,
        "weapon": 0,
        "pilot_injury": 0.6844,
        "pilot_skill": 0.8308,
        "mission_priority": 0.3326,
        "estimated_landing_time": 570.0,
        "wait_time": 0,
        "Landing_success_rate": 1.0
    },
    {
        "model": 0,
        "sequence": 19,
        "status": 1,
        "fuel": 6069,
        "fault": 0.7458,
        "weapon": 0,
        "pilot_injury": 0.8907,
        "pilot_skill": 0.41,
        "mission_priority": 0.0269,
        "estimated_landing_time": 1792.0,
        "wait_time": 0,
        "Landing_success_rate": 1.0
    },
    {
        "model": 2,
        "sequence": 9,
        "status": 1,
        "fuel": 5811,
        "fault": 0.8036,
        "weapon": 0,
        "pilot_injury": 0.018,
        "pilot_skill": 0.595,
        "mission_priority": 0.5884,
        "estimated_landing_time": 852.0,
        "wait_time": 0,
        "Landing_success_rate": 1.0
    },
    {
        "model": 1,
        "sequence": 2,
        "status": 1,
        "fuel": 5621,
        "fault": 0.0878,
        "weapon": 0,
        "pilot_injury": 0.4282,
        "pilot_skill": 0.6768,
        "mission_priority": 0.5171,
        "estimated_landing_time": 194.0,
        "wait_time": 0,
        "Landing_success_rate": 1.0
    },
    {
        "model": 2,
        "sequence": 24,
        "status": 1,
        "fuel": 5575,
        "fault": 0.7316,
        "weapon": 0,
        "pilot_injury": 0.7369,
        "pilot_skill": 0.9739,
        "mission_priority": 0.3801,
        "estimated_landing_time": 2262.0,
        "wait_time": 0,
        "Landing_success_rate": 1.0
    }
]