[
    {
        "model": 2,
        "sequence": 21,
        "status": 1,
        "fuel": 6079,
        "fault": 0.8167,
        "weapon": 0,
        "pilot_injury": 0.9618,
        "pilot_skill": 0.7642,
        "mission_priority": 0.3197,
        "estimated_landing_time": 1980.0,
        "wait_time": 0,
        "Landing_success_rate": 1.0
    },
    {
        "model": 0,
        "sequence": 19,
        "status": 1,
        "fuel": 6279,
        "fault": 0.0858,
        "weapon": 1,
        "pilot_injury": 0.4554,
        "pilot_skill": 0.4683,
        "mission_priority": 0.4107,
        "estimated_landing_time": 1792.0,
        "wait_time": 0,
        "Landing_success_rate": 1.0
    },
    {
        "model": 2,
        "sequence": 10,
        "status": 1,
        "fuel": 7019,
        "fault": 0.9348,
        "weapon": 0,
        "pilot_injury": 0.5279,
        "pilot_skill": 0.528,
        "mission_priority": 0.7617,
        "estimated_landing_time": 946.0,
        "wait_time": 0,
        "Landing_success_rate": 1.0
    },
    {
        "model": 2,
        "sequence": 23,
        "status": 1,
        "fuel": 6819,
        "fault": 0.1989,
        "weapon": 0,
        "pilot_injury": 0.5781,
        "pilot_skill": 0.9618,
        "mission_priority": 0.3853,
        "estimated_landing_time": 2168.0,
        "wait_time": 0,
        "Landing_success_rate": 1.0
    },
    {
        "model": 1,
        "sequence": 1,
        "status": 1,
        "fuel": 7375,
        "fault": 0.2693,
        "weapon": 1,
        "pilot_injury": 0.6377,
        "pilot_skill": 0.6545,
        "mission_priority": 0.0846,
        "estimated_landing_time": 100.0,
        "wait_time": 0,
        "Landing_success_rate": 1.0
    },
    {
        "model": 2,
        "sequence": 8,
        "status": 1,
        "fuel": 6375,
        "fault": 0.6524,
        "weapon": 0,
        "pilot_injury": 0.5632,
        "pilot_skill": 0.3301,
        "mission_priority": 0.4299,
        "estimated_landing_time": 758.0,
        "wait_time": 0,
        "Landing_success_rate": 1.0
    },
    {
        "model": 1,
        "sequence": 2,
        "status": 1,
        "fuel": 6556,
        "fault": 0.3787,
        "weapon": 0,
        "pilot_injury": 0.4576,
        "pilot_skill": 0.9877,
        "mission_priority": 0.5928,
        "estimated_landing_time": 194.0,
        "wait_time": 0,
        "Landing_success_rate": 1.0
    },
    {
        "model": 1,
        "sequence": 20,
        "status": 1,
        "fuel": 5538,
        "fault": 0.4029,
        "weapon": 0,
        "pilot_injury": 0.7161,
        "pilot_skill": 0.0504,
        "mission_priority": 0.4803,
        "estimated_landing_time": 1886.0,
        "wait_time": 0,
        "Landing_success_rate": 1.0
    },
    {
        "model": 2,
        "sequence": 14,
        "status": 1,
        "fuel": 5521,
        "fault": 0.164,
        "weapon": 1,
        "pilot_injury": 0.7499,
        "pilot_skill": 0.4588,
        "mission_priority": 0.1635,
        "estimated_landing_time": 1322.0,
        "wait_time": 0,
        "Landing_success_rate": 1.0
    },
    {
        "model": 2,
        "sequence": 12,
        "status": 1,
        "fuel": 7118,
        "fault": 0.8348,
        "weapon": 0,
        "pilot_injury": 0.0696,
        "pilot_skill": 0.5843,
        "mission_priority": 0.6075,
        "estimated_landing_time": 1134.0,
        "wait_time": 0,
        "Landing_success_rate": 1.0
    },
    {
        "model": 2,
        "sequence": 9,
        "status": 1,
        "fuel": 5590,
        "fault": 0.4506,
        "weapon": 1,
        "pilot_injury": 0.414,
        "pilot_skill": 0.3338,
        "mission_priority": 0.5577,
        "estimated_landing_time": 852.0,
        "wait_time": 0,
        "Landing_success_rate": 1.0
    },
    {
        "model": 2,
        "sequence": 24,
        "status": 1,
        "fuel": 6427,
        "fault": 0.3005,
        "weapon": 1,
        "pilot_injury": 0.7975,
        "pilot_skill": 0.1621,
        "mission_priority": 0.6191,
        "estimated_landing_time": 2262.0,
        "wait_time": 0,
        "Landing_success_rate": 1.0
    },
    {
        "model": 0,
        "sequence": 17,
        "status": 1,
        "fuel": 6122,
        "fault": 0.8845,
        "weapon": 0,
        "pilot_injury": 0.7275,
        "pilot_skill": 0.5512,
        "mission_priority": 0.4774,
        "estimated_landing_time": 1604.0,
        "wait_time": 0,
        "Landing_success_rate": 1.0
    },
    {
        "model": 1,
        "sequence": 4,
        "status": 1,
        "fuel": 5578,
        "fault": 0.4839,
        "weapon": 0,
        "pilot_injury": 0.9727,
        "pilot_skill": 0.6294,
        "mission_priority": 0.8744,
        "estimated_landing_time": 382.0,
        "wait_time": 0,
        "Landing_success_rate": 1.0
    },
    {
        "model": 0,
        "sequence": 11,
        "status": 1,
        "fuel": 5787,
        "fault": 0.1561,
        "weapon": 1,
        "pilot_injury": 0.2146,
        "pilot_skill": 0.0942,
        "mission_priority": 0.532,
        "estimated_landing_time": 1040.0,
        "wait_time": 0,
        "Landing_success_rate": 1.0
    },
    {
        "model": 0,
        "sequence": 7,
        "status": 1,
        "fuel": 6925,
        "fault": 0.8655,
        "weapon": 1,
        "pilot_injury": 0.6701,
        "pilot_skill": 0.4897,
        "mission_priority": 0.4371,
        "estimated_landing_time": 664.0,
        "wait_time": 0,
        "Landing_success_rate": 1.0
    },
    {
        "model": 1,
        "sequence": 15,
        "status": 1,
        "fuel": 6101,
        "fault": 0.8162,
        "weapon": 0,
        "pilot_injury": 0.3498,
        "pilot_skill": 0.6462,
        "mission_priority": 0.116,
        "estimated_landing_time": 1416.0,
        "wait_time": 0,
        "Landing_success_rate": 1.0
    },
    {
        "model": 0,
        "sequence": 3,
        "status": 1,
        "fuel": 6617,
        "fault": 0.9354,
        "weapon": 0,
        "pilot_injury": 0.5463,
        "pilot_skill": 0.4302,
        "mission_priority": 0.1524,
        "estimated_landing_time": 288.0,
        "wait_time": 0,
        "Landing_success_rate": 1.0
    },
    {
        "model": 2,
        "sequence": 13,
        "status": 1,
        "fuel": 6181,
        "fault": 0.1015,
        "weapon": 0,
        "pilot_injury": 0.8896,
        "pilot_skill": 0.7026,
        "mission_priority": 0.0599,
        "estimated_landing_time": 1228.0,
        "wait_time": 0,
        "Landing_success_rate": 1.0
    },
    {
        "model": 2,
        "sequence": 16,
        "status": 1,
        "fuel": 5929,
        "fault": 0.0444,
        "weapon": 1,
        "pilot_injury": 0.3153,
        "pilot_skill": 0.1959,
        "mission_priority": 0.7758,
        "estimated_landing_time": 1510.0,
        "wait_time": 0,
        "Landing_success_rate": 1.0
    },
    {
        "model": 2,
        "sequence": 5,
        "status": 1,
        "fuel": 5994,
        "fault": 0.2764,
        "weapon": 0,
        "pilot_injury": 0.668,
        "pilot_skill": 0.2368,
        "mission_priority": 0.4446,
        "estimated_landing_time": 476.0,
        "wait_time": 0,
        "Landing_success_rate": 1.0
    },
    {
        "model": 2,
        "sequence": 22,
        "status": 1,
        "fuel": 6127,
        "fault": 0.7538,
        "weapon": 0,
        "pilot_injury": 0.7919,
        "pilot_skill": 0.2871,
        "mission_priority": 0.7703,
        "estimated_landing_time": 2074.0,
        "wait_time": 0,
        "Landing_success_rate": 1.0
    },
    {
        "model": 1,
        "sequence": 18,
        "status": 1,
        "fuel": 7053,
        "fault": 0.8893,
        "weapon": 0,
        "pilot_injury": 0.4557,
        "pilot_skill": 0.9486,
        "mission_priority": 0.1793,
        "estimated_landing_time": 1698.0,
        "wait_time": 0,
        "Landing_success_rate": 1.0
    },
    {
        "model": 2,
        "sequence": 6,
        "status": 1,
        "fuel": 6057,
        "fault": 0.378,
        "weapon": 0,
        "pilot_injury": 0.1727,
        "pilot_skill": 0.066,
        "mission_priority": 0.7991,
        "estimated_landing_time": 570.0,
        "wait_time": 0,
        "Landing_success_rate": 1.0
    }
]