[
    {
        "model": 2,
        "sequence": 22,
        "status": 1,
        "fuel": 6455,
        "fault": 0.5346,
        "weapon": 1,
        "pilot_injury": 0.1698,
        "pilot_skill": 0.2368,
        "mission_priority": 0.9586,
        "estimated_landing_time": 2074.0,
        "wait_time": 0,
        "Landing_success_rate": 1.0
    },
    {
        "model": 2,
        "sequence": 16,
        "status": 1,
        "fuel": 5926,
        "fault": 0.2248,
        "weapon": 1,
        "pilot_injury": 0.3102,
        "pilot_skill": 0.4811,
        "mission_priority": 0.7434,
        "estimated_landing_time": 1510.0,
        "wait_time": 0,
        "Landing_success_rate": 1.0
    },
    {
        "model": 1,
        "sequence": 13,
        "status": 1,
        "fuel": 5729,
        "fault": 0.3148,
        "weapon": 1,
        "pilot_injury": 0.6955,
        "pilot_skill": 0.2764,
        "mission_priority": 0.5699,
        "estimated_landing_time": 1228.0,
        "wait_time": 0,
        "Landing_success_rate": 1.0
    },
    {
        "model": 2,
        "sequence": 15,
        "status": 1,
        "fuel": 6846,
        "fault": 0.6941,
        "weapon": 1,
        "pilot_injury": 0.4525,
        "pilot_skill": 0.7479,
        "mission_priority": 0.3018,
        "estimated_landing_time": 1416.0,
        "wait_time": 0,
        "Landing_success_rate": 1.0
    },
    {
        "model": 0,
        "sequence": 3,
        "status": 1,
        "fuel": 6332,
        "fault": 0.3096,
        "weapon": 1,
        "pilot_injury": 0.3589,
        "pilot_skill": 0.0359,
        "mission_priority": 0.283,
        "estimated_landing_time": 288.0,
        "wait_time": 0,
        "Landing_success_rate": 1.0
    },
    {
        "model": 1,
        "sequence": 1,
        "status": 1,
        "fuel": 6306,
        "fault": 0.6465,
        "weapon": 1,
        "pilot_injury": 0.0736,
        "pilot_skill": 0.2874,
        "mission_priority": 0.5696,
        "estimated_landing_time": 100.0,
        "wait_time": 0,
        "Landing_success_rate": 1.0
    },
    {
        "model": 0,
        "sequence": 23,
        "status": 1,
        "fuel": 6016,
        "fault": 0.1452,
        "weapon": 1,
        "pilot_injury": 0.7128,
        "pilot_skill": 0.0093,
        "mission_priority": 0.2764,
        "estimated_landing_time": 2168.0,
        "wait_time": 0,
        "Landing_success_rate": 1.0
    },
    {
        "model": 1,
        "sequence": 7,
        "status": 1,
        "fuel": 5996,
        "fault": 0.0911,
        "weapon": 1,
        "pilot_injury": 0.959,
        "pilot_skill": 0.3766,
        "mission_priority": 0.5271,
        "estimated_landing_time": 664.0,
        "wait_time": 0,
        "Landing_success_rate": 1.0
    },
    {
        "model": 0,
        "sequence": 18,
        "status": 1,
        "fuel": 5581,
        "fault": 0.4392,
        "weapon": 1,
        "pilot_injury": 0.241,
        "pilot_skill": 0.8321,
        "mission_priority": 0.862,
        "estimated_landing_time": 1698.0,
        "wait_time": 0,
        "Landing_success_rate": 1.0
    },
    {
        "model": 1,
        "sequence": 24,
        "status": 1,
        "fuel": 7085,
        "fault": 0.2239,
        "weapon": 0,
        "pilot_injury": 0.7569,
        "pilot_skill": 0.2951,
        "mission_priority": 0.1171,
        "estimated_landing_time": 2262.0,
        "wait_time": 0,
        "Landing_success_rate": 1.0
    },
    {
        "model": 0,
        "sequence": 2,
        "status": 1,
        "fuel": 6606,
        "fault": 0.3873,
        "weapon": 0,
        "pilot_injury": 0.5128,
        "pilot_skill": 0.1572,
        "mission_priority": 0.0673,
        "estimated_landing_time": 194.0,
        "wait_time": 0,
        "Landing_success_rate": 1.0
    },
    {
        "model": 2,
        "sequence": 19,
        "status": 1,
        "fuel": 6612,
        "fault": 0.0719,
        "weapon": 1,
        "pilot_injury": 0.4993,
        "pilot_skill": 0.8602,
        "mission_priority": 0.903,
        "estimated_landing_time": 1792.0,
        "wait_time": 0,
        "Landing_success_rate": 1.0
    },
    {
        "model": 1,
        "sequence": 14,
        "status": 1,
        "fuel": 5826,
        "fault": 0.3706,
        "weapon": 0,
        "pilot_injury": 0.3066,
        "pilot_skill": 0.9875,
        "mission_priority": 0.6813,
        "estimated_landing_time": 1322.0,
        "wait_time": 0,
        "Landing_success_rate": 1.0
    },
    {
        "model": 1,
        "sequence": 20,
        "status": 1,
        "fuel": 6658,
        "fault": 0.7048,
        "weapon": 1,
        "pilot_injury": 0.4346,
        "pilot_skill": 0.6218,
        "mission_priority": 0.898,
        "estimated_landing_time": 1886.0,
        "wait_time": 0,
        "Landing_success_rate": 1.0
    },
    {
        "model": 0,
        "sequence": 5,
        "status": 1,
        "fuel": 5877,
        "fault": 0.0519,
        "weapon": 0,
        "pilot_injury": 0.4058,
        "pilot_skill": 0.2455,
        "mission_priority": 0.576,
        "estimated_landing_time": 476.0,
        "wait_time": 0,
        "Landing_success_rate": 1.0
    },
    {
        "model": 0,
        "sequence": 11,
        "status": 1,
        "fuel": 7122,
        "fault": 0.8258,
        "weapon": 0,
        "pilot_injury": 0.6855,
        "pilot_skill": 0.3431,
        "mission_priority": 0.635,
        "estimated_landing_time": 1040.0,
        "wait_time": 0,
        "Landing_success_rate": 1.0
    },
    {
        "model": 0,
        "sequence": 4,
        "status": 1,
        "fuel": 7016,
        "fault": 0.1675,
        "weapon": 1,
        "pilot_injury": 0.6357,
        "pilot_skill": 0.381,
        "mission_priority": 0.3365,
        "estimated_landing_time": 382.0,
        "wait_time": 0,
        "Landing_success_rate": 1.0
    },
    {
        "model": 1,
        "sequence": 21,
        "status": 1,
        "fuel": 6288,
        "fault": 0.1495,
        "weapon": 1,
        "pilot_injury": 0.7867,
        "pilot_skill": 0.2452,
        "mission_priority": 0.682,
        "estimated_landing_time": 1980.0,
        "wait_time": 0,
        "Landing_success_rate": 1.0
    },
    {
        "model": 0,
        "sequence": 10,
        "status": 1,
        "fuel": 6012,
        "fault": 0.7062,
        "weapon": 0,
        "pilot_injury": 0.0295,
        "pilot_skill": 0.0246,
        "mission_priority": 0.1395,
        "estimated_landing_time": 946.0,
        "wait_time": 0,
        "Landing_success_rate": 1.0
    },
    {
        "model": 2,
        "sequence": 6,
        "status": 1,
        "fuel": 7067,
        "fault": 0.8188,
        "weapon": 0,
        "pilot_injury": 0.2949,
        "pilot_skill": 0.6525,
        "mission_priority": 0.0425,
        "estimated_landing_time": 570.0,
        "wait_time": 0,
        "Landing_success_rate": 1.0
    },
    {
        "model": 0,
        "sequence": 9,
        "status": 1,
        "fuel": 6122,
        "fault": 0.9333,
        "weapon": 1,
        "pilot_injury": 0.2769,
        "pilot_skill": 0.1907,
        "mission_priority": 0.6179,
        "estimated_landing_time": 852.0,
        "wait_time": 0,
        "Landing_success_rate": 1.0
    },
    {
        "model": 0,
        "sequence": 12,
        "status": 1,
        "fuel": 6973,
        "fault": 0.9726,
        "weapon": 0,
        "pilot_injury": 0.7411,
        "pilot_skill": 0.25,
        "mission_priority": 0.2829,
        "estimated_landing_time": 1134.0,
        "wait_time": 0,
        "Landing_success_rate": 1.0
    },
    {
        "model": 0,
        "sequence": 8,
        "status": 1,
        "fuel": 5651,
        "fault": 0.187,
        "weapon": 0,
        "pilot_injury": 0.8248,
        "pilot_skill": 0.1478,
        "mission_priority": 0.9993,
        "estimated_landing_time": 758.0,
        "wait_time": 0,
        "Landing_success_rate": 1.0
    },
    {
        "model": 2,
        "sequence": 17,
        "status": 1,
        "fuel": 5649,
        "fault": 0.635,
        "weapon": 1,
        "pilot_injury": 0.9548,
        "pilot_skill": 0.8174,
        "mission_priority": 0.6917,
        "estimated_landing_time": 1604.0,
        "wait_time": 0,
        "Landing_success_rate": 1.0
    }
]