[
    {
        "model": 2,
        "sequence": 16,
        "status": 1,
        "fuel": 6217,
        "fault": 0.4105,
        "weapon": 1,
        "pilot_injury": 0.3873,
        "pilot_skill": 0.3484,
        "mission_priority": 0.2044,
        "estimated_landing_time": 1510.0,
        "wait_time": 0,
        "Landing_success_rate": 1.0
    },
    {
        "model": 0,
        "sequence": 17,
        "status": 1,
        "fuel": 6608,
        "fault": 0.5662,
        "weapon": 1,
        "pilot_injury": 0.6367,
        "pilot_skill": 0.8808,
        "mission_priority": 0.0349,
        "estimated_landing_time": 1604.0,
        "wait_time": 0,
        "Landing_success_rate": 1.0
    },
    {
        "model": 2,
        "sequence": 12,
        "status": 1,
        "fuel": 5870,
        "fault": 0.6706,
        "weapon": 1,
        "pilot_injury": 0.658,
        "pilot_skill": 0.3724,
        "mission_priority": 0.6955,
        "estimated_landing_time": 1134.0,
        "wait_time": 0,
        "Landing_success_rate": 1.0
    },
    {
        "model": 2,
        "sequence": 1,
        "status": 1,
        "fuel": 5684,
        "fault": 0.6739,
        "weapon": 1,
        "pilot_injury": 0.9478,
        "pilot_skill": 0.0164,
        "mission_priority": 0.8241,
        "estimated_landing_time": 100.0,
        "wait_time": 0,
        "Landing_success_rate": 1.0
    },
    {
        "model": 2,
        "sequence": 5,
        "status": 1,
        "fuel": 6001,
        "fault": 0.4951,
        "weapon": 0,
        "pilot_injury": 0.8225,
        "pilot_skill": 0.2059,
        "mission_priority": 0.8657,
        "estimated_landing_time": 476.0,
        "wait_time": 0,
        "Landing_success_rate": 1.0
    },
    {
        "model": 1,
        "sequence": 4,
        "status": 1,
        "fuel": 5810,
        "fault": 0.8979,
        "weapon": 0,
        "pilot_injury": 0.6624,
        "pilot_skill": 0.3414,
        "mission_priority": 0.3473,
        "estimated_landing_time": 382.0,
        "wait_time": 0,
        "Landing_success_rate": 1.0
    },
    {
        "model": 2,
        "sequence": 19,
        "status": 1,
        "fuel": 6194,
        "fault": 0.6198,
        "weapon": 0,
        "pilot_injury": 0.2008,
        "pilot_skill": 0.8076,
        "mission_priority": 0.8054,
        "estimated_landing_time": 1792.0,
        "wait_time": 0,
        "Landing_success_rate": 1.0
    },
    {
        "model": 2,
        "sequence": 18,
        "status": 1,
        "fuel": 7253,
        "fault": 0.6368,
        "weapon": 0,
        "pilot_injury": 0.6961,
        "pilot_skill": 0.5093,
        "mission_priority": 0.417,
        "estimated_landing_time": 1698.0,
        "wait_time": 0,
        "Landing_success_rate": 1.0
    },
    {
        "model": 1,
        "sequence": 7,
        "status": 1,
        "fuel": 6233,
        "fault": 0.2247,
        "weapon": 0,
        "pilot_injury": 0.5927,
        "pilot_skill": 0.8859,
        "mission_priority": 0.6872,
        "estimated_landing_time": 664.0,
        "wait_time": 0,
        "Landing_success_rate": 1.0
    },
    {
        "model": 1,
        "sequence": 20,
        "status": 1,
        "fuel": 5596,
        "fault": 0.7459,
        "weapon": 1,
        "pilot_injury": 0.272,
        "pilot_skill": 0.8513,
        "mission_priority": 0.3941,
        "estimated_landing_time": 1886.0,
        "wait_time": 0,
        "Landing_success_rate": 1.0
    },
    {
        "model": 0,
        "sequence": 9,
        "status": 1,
        "fuel": 6942,
        "fault": 0.0025,
        "weapon": 1,
        "pilot_injury": 0.7558,
        "pilot_skill": 0.549,
        "mission_priority": 0.2686,
        "estimated_landing_time": 852.0,
        "wait_time": 0,
        "Landing_success_rate": 1.0
    },
    {
        "model": 0,
        "sequence": 24,
        "status": 1,
        "fuel": 7489,
        "fault": 0.5296,
        "weapon": 0,
        "pilot_injury": 0.0119,
        "pilot_skill": 0.6375,
        "mission_priority": 0.5416,
        "estimated_landing_time": 2262.0,
        "wait_time": 0,
        "Landing_success_rate": 1.0
    },
    {
        "model": 2,
        "sequence": 3,
        "status": 1,
        "fuel": 6678,
        "fault": 0.9448,
        "weapon": 1,
        "pilot_injury": 0.3035,
        "pilot_skill": 0.2769,
        "mission_priority": 0.4712,
        "estimated_landing_time": 288.0,
        "wait_time": 0,
        "Landing_success_rate": 1.0
    },
    {
        "model": 0,
        "sequence": 21,
        "status": 1,
        "fuel": 6815,
        "fault": 0.6258,
        "weapon": 1,
        "pilot_injury": 0.1414,
        "pilot_skill": 0.3965,
        "mission_priority": 0.067,
        "estimated_landing_time": 1980.0,
        "wait_time": 0,
        "Landing_success_rate": 1.0
    },
    {
        "model": 2,
        "sequence": 13,
        "status": 1,
        "fuel": 5921,
        "fault": 0.8984,
        "weapon": 1,
        "pilot_injury": 0.7069,
        "pilot_skill": 0.3222,
        "mission_priority": 0.8443,
        "estimated_landing_time": 1228.0,
        "wait_time": 0,
        "Landing_success_rate": 1.0
    },
    {
        "model": 1,
        "sequence": 23,
        "status": 1,
        "fuel": 7096,
        "fault": 0.532,
        "weapon": 1,
        "pilot_injury": 0.0788,
        "pilot_skill": 0.5143,
        "mission_priority": 0.7665,
        "estimated_landing_time": 2168.0,
        "wait_time": 0,
        "Landing_success_rate": 1.0
    },
    {
        "model": 1,
        "sequence": 8,
        "status": 1,
        "fuel": 6157,
        "fault": 0.8776,
        "weapon": 0,
        "pilot_injury": 0.9723,
        "pilot_skill": 0.2983,
        "mission_priority": 0.2493,
        "estimated_landing_time": 758.0,
        "wait_time": 0,
        "Landing_success_rate": 1.0
    },
    {
        "model": 2,
        "sequence": 15,
        "status": 1,
        "fuel": 6708,
        "fault": 0.0847,
        "weapon": 1,
        "pilot_injury": 0.7663,
        "pilot_skill": 0.3933,
        "mission_priority": 0.44,
        "estimated_landing_time": 1416.0,
        "wait_time": 0,
        "Landing_success_rate": 1.0
    },
    {
        "model": 0,
        "sequence": 11,
        "status": 1,
        "fuel": 6027,
        "fault": 0.4877,
        "weapon": 1,
        "pilot_injury": 0.9145,
        "pilot_skill": 0.8513,
        "mission_priority": 0.455,
        "estimated_landing_time": 1040.0,
        "wait_time": 0,
        "Landing_success_rate": 1.0
    },
    {
        "model": 0,
        "sequence": 2,
        "status": 1,
        "fuel": 6824,
        "fault": 0.9802,
        "weapon": 1,
        "pilot_injury": 0.1243,
        "pilot_skill": 0.2445,
        "mission_priority": 0.1524,
        "estimated_landing_time": 194.0,
        "wait_time": 0,
        "Landing_success_rate": 1.0
    },
    {
        "model": 0,
        "sequence": 14,
        "status": 1,
        "fuel": 6686,
        "fault": 0.2619,
        "weapon": 1,
        "pilot_injury": 0.5795,
        "pilot_skill": 0.9561,
        "mission_priority": 0.2315,
        "estimated_landing_time": 1322.0,
        "wait_time": 0,
        "Landing_success_rate": 1.0
    },
    {
        "model": 2,
        "sequence": 6,
        "status": 1,
        "fuel": 5956,
        "fault": 0.0069,
        "weapon": 0,
        "pilot_injury": 0.8264,
        "pilot_skill": 0.7286,
        "mission_priority": 0.189,
        "estimated_landing_time": 570.0,
        "wait_time": 0,
        "Landing_success_rate": 1.0
    },
    {
        "model": 0,
        "sequence": 22,
        "status": 1,
        "fuel": 5658,
        "fault": 0.821,
        "weapon": 1,
        "pilot_injury": 0.5305,
        "pilot_skill": 0.6092,
        "mission_priority": 0.6094,
        "estimated_landing_time": 2074.0,
        "wait_time": 0,
        "Landing_success_rate": 1.0
    },
    {
        "model": 1,
        "sequence": 10,
        "status": 1,
        "fuel": 5814,
        "fault": 0.7389,
        "weapon": 1,
        "pilot_injury": 0.0684,
        "pilot_skill": 0.4573,
        "mission_priority": 0.664,
        "estimated_landing_time": 946.0,
        "wait_time": 0,
        "Landing_success_rate": 1.0
    }
]