[
    {
        "model": 0,
        "sequence": 14,
        "status": 1,
        "fuel": 6285,
        "fault": 0.7206,
        "weapon": 1,
        "pilot_injury": 0.2263,
        "pilot_skill": 0.1937,
        "mission_priority": 0.7518,
        "estimated_landing_time": 1322.0,
        "wait_time": 0,
        "Landing_success_rate": 1.0
    },
    {
        "model": 0,
        "sequence": 17,
        "status": 1,
        "fuel": 6572,
        "fault": 0.7107,
        "weapon": 1,
        "pilot_injury": 0.2568,
        "pilot_skill": 0.5041,
        "mission_priority": 0.0196,
        "estimated_landing_time": 1604.0,
        "wait_time": 0,
        "Landing_success_rate": 1.0
    },
    {
        "model": 0,
        "sequence": 16,
        "status": 1,
        "fuel": 7195,
        "fault": 0.8214,
        "weapon": 0,
        "pilot_injury": 0.5178,
        "pilot_skill": 0.5981,
        "mission_priority": 0.3266,
        "estimated_landing_time": 1510.0,
        "wait_time": 0,
        "Landing_success_rate": 1.0
    },
    {
        "model": 2,
        "sequence": 1,
        "status": 1,
        "fuel": 6770,
        "fault": 0.7299,
        "weapon": 0,
        "pilot_injury": 0.9056,
        "pilot_skill": 0.5107,
        "mission_priority": 0.305,
        "estimated_landing_time": 100.0,
        "wait_time": 0,
        "Landing_success_rate": 1.0
    },
    {
        "model": 2,
        "sequence": 2,
        "status": 1,
        "fuel": 5966,
        "fault": 0.7605,
        "weapon": 1,
        "pilot_injury": 0.6914,
        "pilot_skill": 0.8586,
        "mission_priority": 0.3284,
        "estimated_landing_time": 194.0,
        "wait_time": 0,
        "Landing_success_rate": 1.0
    },
    {
        "model": 0,
        "sequence": 12,
        "status": 1,
        "fuel": 6425,
        "fault": 0.9889,
        "weapon": 1,
        "pilot_injury": 0.5716,
        "pilot_skill": 0.5282,
        "mission_priority": 0.551,
        "estimated_landing_time": 1134.0,
        "wait_time": 0,
        "Landing_success_rate": 1.0
    },
    {
        "model": 1,
        "sequence": 4,
        "status": 1,
        "fuel": 6374,
        "fault": 0.2104,
        "weapon": 1,
        "pilot_injury": 0.1129,
        "pilot_skill": 0.5688,
        "mission_priority": 0.9184,
        "estimated_landing_time": 382.0,
        "wait_time": 0,
        "Landing_success_rate": 1.0
    },
    {
        "model": 1,
        "sequence": 15,
        "status": 1,
        "fuel": 5974,
        "fault": 0.6788,
        "weapon": 1,
        "pilot_injury": 0.0891,
        "pilot_skill": 0.1135,
        "mission_priority": 0.9041,
        "estimated_landing_time": 1416.0,
        "wait_time": 0,
        "Landing_success_rate": 1.0
    },
    {
        "model": 2,
        "sequence": 19,
        "status": 1,
        "fuel": 6332,
        "fault": 0.1559,
        "weapon": 1,
        "pilot_injury": 0.1389,
        "pilot_skill": 0.0219,
        "mission_priority": 0.8905,
        "estimated_landing_time": 1792.0,
        "wait_time": 0,
        "Landing_success_rate": 1.0
    },
    {
        "model": 2,
        "sequence": 22,
        "status": 1,
        "fuel": 6618,
        "fault": 0.3726,
        "weapon": 0,
        "pilot_injury": 0.9923,
        "pilot_skill": 0.4922,
        "mission_priority": 0.4759,
        "estimated_landing_time": 2074.0,
        "wait_time": 0,
        "Landing_success_rate": 1.0
    },
    {
        "model": 0,
        "sequence": 8,
        "status": 1,
        "fuel": 6395,
        "fault": 0.1028,
        "weapon": 1,
        "pilot_injury": 0.5691,
        "pilot_skill": 0.6295,
        "mission_priority": 0.297,
        "estimated_landing_time": 758.0,
        "wait_time": 0,
        "Landing_success_rate": 1.0
    },
    {
        "model": 1,
        "sequence": 3,
        "status": 1,
        "fuel": 5525,
        "fault": 0.3774,
        "weapon": 0,
        "pilot_injury": 0.3264,
        "pilot_skill": 0.6811,
        "mission_priority": 0.9476,
        "estimated_landing_time": 288.0,
        "wait_time": 0,
        "Landing_success_rate": 1.0
    },
    {
        "model": 2,
        "sequence": 24,
        "status": 1,
        "fuel": 6596,
        "fault": 0.1506,
        "weapon": 1,
        "pilot_injury": 0.2683,
        "pilot_skill": 0.934,
        "mission_priority": 0.6821,
        "estimated_landing_time": 2262.0,
        "wait_time": 0,
        "Landing_success_rate": 1.0
    },
    {
        "model": 1,
        "sequence": 6,
        "status": 1,
        "fuel": 5941,
        "fault": 0.0836,
        "weapon": 1,
        "pilot_injury": 0.845,
        "pilot_skill": 0.7137,
        "mission_priority": 0.2832,
        "estimated_landing_time": 570.0,
        "wait_time": 0,
        "Landing_success_rate": 1.0
    },
    {
        "model": 0,
        "sequence": 20,
        "status": 1,
        "fuel": 6692,
        "fault": 0.5058,
        "weapon": 1,
        "pilot_injury": 0.0066,
        "pilot_skill": 0.8076,
        "mission_priority": 0.1228,
        "estimated_landing_time": 1886.0,
        "wait_time": 0,
        "Landing_success_rate": 1.0
    },
    {
        "model": 2,
        "sequence": 11,
        "status": 1,
        "fuel": 5738,
        "fault": 0.179,
        "weapon": 1,
        "pilot_injury": 0.3421,
        "pilot_skill": 0.4774,
        "mission_priority": 0.997,
        "estimated_landing_time": 1040.0,
        "wait_time": 0,
        "Landing_success_rate": 1.0
    },
    {
        "model": 2,
        "sequence": 13,
        "status": 1,
        "fuel": 6016,
        "fault": 0.8957,
        "weapon": 1,
        "pilot_injury": 0.6136,
        "pilot_skill": 0.2363,
        "mission_priority": 0.1055,
        "estimated_landing_time": 1228.0,
        "wait_time": 0,
        "Landing_success_rate": 1.0
    },
    {
        "model": 1,
        "sequence": 23,
        "status": 1,
        "fuel": 7284,
        "fault": 0.379,
        "weapon": 0,
        "pilot_injury": 0.4312,
        "pilot_skill": 0.4267,
        "mission_priority": 0.1855,
        "estimated_landing_time": 2168.0,
        "wait_time": 0,
        "Landing_success_rate": 1.0
    },
    {
        "model": 1,
        "sequence": 18,
        "status": 1,
        "fuel": 5767,
        "fault": 0.1059,
        "weapon": 0,
        "pilot_injury": 0.9153,
        "pilot_skill": 0.5876,
        "mission_priority": 0.0276,
        "estimated_landing_time": 1698.0,
        "wait_time": 0,
        "Landing_success_rate": 1.0
    },
    {
        "model": 2,
        "sequence": 21,
        "status": 1,
        "fuel": 7480,
        "fault": 0.9534,
        "weapon": 1,
        "pilot_injury": 0.45,
        "pilot_skill": 0.2843,
        "mission_priority": 0.7284,
        "estimated_landing_time": 1980.0,
        "wait_time": 0,
        "Landing_success_rate": 1.0
    },
    {
        "model": 1,
        "sequence": 10,
        "status": 1,
        "fuel": 5998,
        "fault": 0.7595,
        "weapon": 0,
        "pilot_injury": 0.1042,
        "pilot_skill": 0.7254,
        "mission_priority": 0.2371,
        "estimated_landing_time": 946.0,
        "wait_time": 0,
        "Landing_success_rate": 1.0
    },
    {
        "model": 1,
        "sequence": 5,
        "status": 1,
        "fuel": 6819,
        "fault": 0.6774,
        "weapon": 0,
        "pilot_injury": 0.8028,
        "pilot_skill": 0.2788,
        "mission_priority": 0.2764,
        "estimated_landing_time": 476.0,
        "wait_time": 0,
        "Landing_success_rate": 1.0
    },
    {
        "model": 0,
        "sequence": 7,
        "status": 1,
        "fuel": 7056,
        "fault": 0.1739,
        "weapon": 1,
        "pilot_injury": 0.6167,
        "pilot_skill": 0.955,
        "mission_priority": 0.8413,
        "estimated_landing_time": 664.0,
        "wait_time": 0,
        "Landing_success_rate": 1.0
    },
    {
        "model": 1,
        "sequence": 9,
        "status": 1,
        "fuel": 7446,
        "fault": 0.2337,
        "weapon": 1,
        "pilot_injury": 0.1424,
        "pilot_skill": 0.9492,
        "mission_priority": 0.9859,
        "estimated_landing_time": 852.0,
        "wait_time": 0,
        "Landing_success_rate": 1.0
    }
]