[
    {
        "model": 0,
        "sequence": 9,
        "status": 1,
        "fuel": 6788,
        "fault": 0.7871,
        "weapon": 0,
        "pilot_injury": 0.9095,
        "pilot_skill": 0.4919,
        "mission_priority": 0.4865,
        "estimated_landing_time": 852.0,
        "wait_time": 0,
        "Landing_success_rate": 1.0
    },
    {
        "model": 0,
        "sequence": 22,
        "status": 1,
        "fuel": 6768,
        "fault": 0.76,
        "weapon": 1,
        "pilot_injury": 0.6077,
        "pilot_skill": 0.4641,
        "mission_priority": 0.6427,
        "estimated_landing_time": 2074.0,
        "wait_time": 0,
        "Landing_success_rate": 1.0
    },
    {
        "model": 1,
        "sequence": 23,
        "status": 1,
        "fuel": 5946,
        "fault": 0.7862,
        "weapon": 0,
        "pilot_injury": 0.6078,
        "pilot_skill": 0.366,
        "mission_priority": 0.1946,
        "estimated_landing_time": 2168.0,
        "wait_time": 0,
        "Landing_success_rate": 1.0
    },
    {
        "model": 0,
        "sequence": 13,
        "status": 1,
        "fuel": 5860,
        "fault": 0.4251,
        "weapon": 1,
        "pilot_injury": 0.889,
        "pilot_skill": 0.1993,
        "mission_priority": 0.6001,
        "estimated_landing_time": 1228.0,
        "wait_time": 0,
        "Landing_success_rate": 1.0
    },
    {
        "model": 2,
        "sequence": 2,
        "status": 1,
        "fuel": 6847,
        "fault": 0.0015,
        "weapon": 1,
        "pilot_injury": 0.4399,
        "pilot_skill": 0.6755,
        "mission_priority": 0.3185,
        "estimated_landing_time": 194.0,
        "wait_time": 0,
        "Landing_success_rate": 1.0
    },
    {
        "model": 2,
        "sequence": 15,
        "status": 1,
        "fuel": 5903,
        "fault": 0.214,
        "weapon": 0,
        "pilot_injury": 0.2241,
        "pilot_skill": 0.6815,
        "mission_priority": 0.8395,
        "estimated_landing_time": 1416.0,
        "wait_time": 0,
        "Landing_success_rate": 1.0
    },
    {
        "model": 1,
        "sequence": 17,
        "status": 1,
        "fuel": 7474,
        "fault": 0.6926,
        "weapon": 1,
        "pilot_injury": 0.4449,
        "pilot_skill": 0.6325,
        "mission_priority": 0.3344,
        "estimated_landing_time": 1604.0,
        "wait_time": 0,
        "Landing_success_rate": 1.0
    },
    {
        "model": 2,
        "sequence": 5,
        "status": 1,
        "fuel": 5815,
        "fault": 0.074,
        "weapon": 0,
        "pilot_injury": 0.1224,
        "pilot_skill": 0.5699,
        "mission_priority": 0.2159,
        "estimated_landing_time": 476.0,
        "wait_time": 0,
        "Landing_success_rate": 1.0
    },
    {
        "model": 1,
        "sequence": 20,
        "status": 1,
        "fuel": 6959,
        "fault": 0.6698,
        "weapon": 0,
        "pilot_injury": 0.1635,
        "pilot_skill": 0.0596,
        "mission_priority": 0.2839,
        "estimated_landing_time": 1886.0,
        "wait_time": 0,
        "Landing_success_rate": 1.0
    },
    {
        "model": 1,
        "sequence": 10,
        "status": 1,
        "fuel": 6799,
        "fault": 0.5777,
        "weapon": 0,
        "pilot_injury": 0.0627,
        "pilot_skill": 0.7474,
        "mission_priority": 0.3828,
        "estimated_landing_time": 946.0,
        "wait_time": 0,
        "Landing_success_rate": 1.0
    },
    {
        "model": 1,
        "sequence": 4,
        "status": 1,
        "fuel": 6372,
        "fault": 0.8109,
        "weapon": 1,
        "pilot_injury": 0.9207,
        "pilot_skill": 0.7674,
        "mission_priority": 0.1401,
        "estimated_landing_time": 382.0,
        "wait_time": 0,
        "Landing_success_rate": 1.0
    },
    {
        "model": 0,
        "sequence": 12,
        "status": 1,
        "fuel": 5665,
        "fault": 0.2012,
        "weapon": 1,
        "pilot_injury": 0.9216,
        "pilot_skill": 0.4458,
        "mission_priority": 0.4856,
        "estimated_landing_time": 1134.0,
        "wait_time": 0,
        "Landing_success_rate": 1.0
    },
    {
        "model": 0,
        "sequence": 19,
        "status": 1,
        "fuel": 6093,
        "fault": 0.8014,
        "weapon": 1,
        "pilot_injury": 0.286,
        "pilot_skill": 0.3506,
        "mission_priority": 0.0206,
        "estimated_landing_time": 1792.0,
        "wait_time": 0,
        "Landing_success_rate": 1.0
    },
    {
        "model": 0,
        "sequence": 8,
        "status": 1,
        "fuel": 6770,
        "fault": 0.8599,
        "weapon": 0,
        "pilot_injury": 0.6818,
        "pilot_skill": 0.3302,
        "mission_priority": 0.8855,
        "estimated_landing_time": 758.0,
        "wait_time": 0,
        "Landing_success_rate": 1.0
    },
    {
        "model": 0,
        "sequence": 7,
        "status": 1,
        "fuel": 6630,
        "fault": 0.6296,
        "weapon": 0,
        "pilot_injury": 0.7314,
        "pilot_skill": 0.7436,
        "mission_priority": 0.8612,
        "estimated_landing_time": 664.0,
        "wait_time": 0,
        "Landing_success_rate": 1.0
    },
    {
        "model": 1,
        "sequence": 16,
        "status": 1,
        "fuel": 5967,
        "fault": 0.5825,
        "weapon": 1,
        "pilot_injury": 0.6406,
        "pilot_skill": 0.3382,
        "mission_priority": 0.0436,
        "estimated_landing_time": 1510.0,
        "wait_time": 0,
        "Landing_success_rate": 1.0
    },
    {
        "model": 0,
        "sequence": 3,
        "status": 1,
        "fuel": 7054,
        "fault": 0.5195,
        "weapon": 0,
        "pilot_injury": 0.3641,
        "pilot_skill": 0.2644,
        "mission_priority": 0.006,
        "estimated_landing_time": 288.0,
        "wait_time": 0,
        "Landing_success_rate": 1.0
    },
    {
        "model": 2,
        "sequence": 21,
        "status": 1,
        "fuel": 6886,
        "fault": 0.1558,
        "weapon": 1,
        "pilot_injury": 0.2757,
        "pilot_skill": 0.8744,
        "mission_priority": 0.143,
        "estimated_landing_time": 1980.0,
        "wait_time": 0,
        "Landing_success_rate": 1.0
    },
    {
        "model": 2,
        "sequence": 11,
        "status": 1,
        "fuel": 6781,
        "fault": 0.5529,
        "weapon": 1,
        "pilot_injury": 0.2758,
        "pilot_skill": 0.3043,
        "mission_priority": 0.3301,
        "estimated_landing_time": 1040.0,
        "wait_time": 0,
        "Landing_success_rate": 1.0
    },
    {
        "model": 0,
        "sequence": 6,
        "status": 1,
        "fuel": 6891,
        "fault": 0.1107,
        "weapon": 0,
        "pilot_injury": 0.6472,
        "pilot_skill": 0.4252,
        "mission_priority": 0.6716,
        "estimated_landing_time": 570.0,
        "wait_time": 0,
        "Landing_success_rate": 1.0
    },
    {
        "model": 2,
        "sequence": 14,
        "status": 1,
        "fuel": 5646,
        "fault": 0.6143,
        "weapon": 0,
        "pilot_injury": 0.8128,
        "pilot_skill": 0.799,
        "mission_priority": 0.989,
        "estimated_landing_time": 1322.0,
        "wait_time": 0,
        "Landing_success_rate": 1.0
    },
    {
        "model": 2,
        "sequence": 1,
        "status": 1,
        "fuel": 7022,
        "fault": 0.3298,
        "weapon": 0,
        "pilot_injury": 0.872,
        "pilot_skill": 0.6422,
        "mission_priority": 0.5064,
        "estimated_landing_time": 100.0,
        "wait_time": 0,
        "Landing_success_rate": 1.0
    },
    {
        "model": 0,
        "sequence": 18,
        "status": 1,
        "fuel": 7105,
        "fault": 0.7353,
        "weapon": 0,
        "pilot_injury": 0.6417,
        "pilot_skill": 0.3596,
        "mission_priority": 0.8172,
        "estimated_landing_time": 1698.0,
        "wait_time": 0,
        "Landing_success_rate": 1.0
    },
    {
        "model": 1,
        "sequence": 24,
        "status": 1,
        "fuel": 6096,
        "fault": 0.0212,
        "weapon": 1,
        "pilot_injury": 0.9856,
        "pilot_skill": 0.8143,
        "mission_priority": 0.9396,
        "estimated_landing_time": 2262.0,
        "wait_time": 0,
        "Landing_success_rate": 1.0
    }
]