[
    {
        "model": 0,
        "sequence": 11,
        "status": 1,
        "fuel": 7466,
        "fault": 0.8454,
        "weapon": 0,
        "pilot_injury": 0.975,
        "pilot_skill": 0.6648,
        "mission_priority": 0.4524,
        "estimated_landing_time": 1040.0,
        "wait_time": 0,
        "Landing_success_rate": 1.0
    },
    {
        "model": 1,
        "sequence": 7,
        "status": 1,
        "fuel": 7016,
        "fault": 0.7337,
        "weapon": 0,
        "pilot_injury": 0.1648,
        "pilot_skill": 0.4295,
        "mission_priority": 0.4087,
        "estimated_landing_time": 664.0,
        "wait_time": 0,
        "Landing_success_rate": 1.0
    },
    {
        "model": 1,
        "sequence": 21,
        "status": 1,
        "fuel": 7267,
        "fault": 0.3614,
        "weapon": 0,
        "pilot_injury": 0.8219,
        "pilot_skill": 0.3261,
        "mission_priority": 0.444,
        "estimated_landing_time": 1980.0,
        "wait_time": 0,
        "Landing_success_rate": 1.0
    },
    {
        "model": 0,
        "sequence": 1,
        "status": 1,
        "fuel": 6341,
        "fault": 0.9801,
        "weapon": 1,
        "pilot_injury": 0.308,
        "pilot_skill": 0.3862,
        "mission_priority": 0.3058,
        "estimated_landing_time": 100.0,
        "wait_time": 0,
        "Landing_success_rate": 1.0
    },
    {
        "model": 1,
        "sequence": 4,
        "status": 1,
        "fuel": 6397,
        "fault": 0.5341,
        "weapon": 1,
        "pilot_injury": 0.7257,
        "pilot_skill": 0.5798,
        "mission_priority": 0.1457,
        "estimated_landing_time": 382.0,
        "wait_time": 0,
        "Landing_success_rate": 1.0
    },
    {
        "model": 2,
        "sequence": 15,
        "status": 1,
        "fuel": 6430,
        "fault": 0.0689,
        "weapon": 1,
        "pilot_injury": 0.3903,
        "pilot_skill": 0.516,
        "mission_priority": 0.5068,
        "estimated_landing_time": 1416.0,
        "wait_time": 0,
        "Landing_success_rate": 1.0
    },
    {
        "model": 1,
        "sequence": 16,
        "status": 1,
        "fuel": 7226,
        "fault": 0.5905,
        "weapon": 0,
        "pilot_injury": 0.9465,
        "pilot_skill": 0.3428,
        "mission_priority": 0.3002,
        "estimated_landing_time": 1510.0,
        "wait_time": 0,
        "Landing_success_rate": 1.0
    },
    {
        "model": 2,
        "sequence": 9,
        "status": 1,
        "fuel": 6781,
        "fault": 0.0376,
        "weapon": 0,
        "pilot_injury": 0.3785,
        "pilot_skill": 0.7468,
        "mission_priority": 0.8837,
        "estimated_landing_time": 852.0,
        "wait_time": 0,
        "Landing_success_rate": 1.0
    },
    {
        "model": 2,
        "sequence": 3,
        "status": 1,
        "fuel": 7200,
        "fault": 0.7662,
        "weapon": 0,
        "pilot_injury": 0.8274,
        "pilot_skill": 0.7745,
        "mission_priority": 0.6693,
        "estimated_landing_time": 288.0,
        "wait_time": 0,
        "Landing_success_rate": 1.0
    },
    {
        "model": 2,
        "sequence": 10,
        "status": 1,
        "fuel": 6591,
        "fault": 0.319,
        "weapon": 0,
        "pilot_injury": 0.4311,
        "pilot_skill": 0.0672,
        "mission_priority": 0.4609,
        "estimated_landing_time": 946.0,
        "wait_time": 0,
        "Landing_success_rate": 1.0
    },
    {
        "model": 2,
        "sequence": 12,
        "status": 1,
        "fuel": 6374,
        "fault": 0.7293,
        "weapon": 1,
        "pilot_injury": 0.5869,
        "pilot_skill": 0.3096,
        "mission_priority": 0.6854,
        "estimated_landing_time": 1134.0,
        "wait_time": 0,
        "Landing_success_rate": 1.0
    },
    {
        "model": 2,
        "sequence": 19,
        "status": 1,
        "fuel": 6046,
        "fault": 0.349,
        "weapon": 0,
        "pilot_injury": 0.9001,
        "pilot_skill": 0.0798,
        "mission_priority": 0.8401,
        "estimated_landing_time": 1792.0,
        "wait_time": 0,
        "Landing_success_rate": 1.0
    },
    {
        "model": 0,
        "sequence": 5,
        "status": 1,
        "fuel": 7198,
        "fault": 0.0627,
        "weapon": 0,
        "pilot_injury": 0.2987,
        "pilot_skill": 0.3051,
        "mission_priority": 0.8114,
        "estimated_landing_time": 476.0,
        "wait_time": 0,
        "Landing_success_rate": 1.0
    },
    {
        "model": 0,
        "sequence": 8,
        "status": 1,
        "fuel": 7088,
        "fault": 0.5903,
        "weapon": 1,
        "pilot_injury": 0.5926,
        "pilot_skill": 0.1389,
        "mission_priority": 0.4688,
        "estimated_landing_time": 758.0,
        "wait_time": 0,
        "Landing_success_rate": 1.0
    },
    {
        "model": 0,
        "sequence": 23,
        "status": 1,
        "fuel": 6373,
        "fault": 0.1845,
        "weapon": 1,
        "pilot_injury": 0.9476,
        "pilot_skill": 0.8243,
        "mission_priority": 0.9722,
        "estimated_landing_time": 2168.0,
        "wait_time": 0,
        "Landing_success_rate": 1.0
    },
    {
        "model": 2,
        "sequence": 17,
        "status": 1,
        "fuel": 7457,
        "fault": 0.2462,
        "weapon": 0,
        "pilot_injury": 0.0169,
        "pilot_skill": 0.7247,
        "mission_priority": 0.6441,
        "estimated_landing_time": 1604.0,
        "wait_time": 0,
        "Landing_success_rate": 1.0
    },
    {
        "model": 1,
        "sequence": 20,
        "status": 1,
        "fuel": 6086,
        "fault": 0.5673,
        "weapon": 0,
        "pilot_injury": 0.2992,
        "pilot_skill": 0.135,
        "mission_priority": 0.4226,
        "estimated_landing_time": 1886.0,
        "wait_time": 0,
        "Landing_success_rate": 1.0
    },
    {
        "model": 1,
        "sequence": 22,
        "status": 1,
        "fuel": 6723,
        "fault": 0.3724,
        "weapon": 1,
        "pilot_injury": 0.3713,
        "pilot_skill": 0.8519,
        "mission_priority": 0.7925,
        "estimated_landing_time": 2074.0,
        "wait_time": 0,
        "Landing_success_rate": 1.0
    },
    {
        "model": 2,
        "sequence": 18,
        "status": 1,
        "fuel": 5594,
        "fault": 0.2957,
        "weapon": 1,
        "pilot_injury": 0.5686,
        "pilot_skill": 0.3408,
        "mission_priority": 0.7259,
        "estimated_landing_time": 1698.0,
        "wait_time": 0,
        "Landing_success_rate": 1.0
    },
    {
        "model": 1,
        "sequence": 14,
        "status": 1,
        "fuel": 6757,
        "fault": 0.6024,
        "weapon": 0,
        "pilot_injury": 0.618,
        "pilot_skill": 0.683,
        "mission_priority": 0.3845,
        "estimated_landing_time": 1322.0,
        "wait_time": 0,
        "Landing_success_rate": 1.0
    },
    {
        "model": 2,
        "sequence": 2,
        "status": 1,
        "fuel": 5688,
        "fault": 0.3581,
        "weapon": 0,
        "pilot_injury": 0.8839,
        "pilot_skill": 0.3423,
        "mission_priority": 0.125,
        "estimated_landing_time": 194.0,
        "wait_time": 0,
        "Landing_success_rate": 1.0
    },
    {
        "model": 1,
        "sequence": 24,
        "status": 1,
        "fuel": 6868,
        "fault": 0.7253,
        "weapon": 1,
        "pilot_injury": 0.8155,
        "pilot_skill": 0.4308,
        "mission_priority": 0.6686,
        "estimated_landing_time": 2262.0,
        "wait_time": 0,
        "Landing_success_rate": 1.0
    },
    {
        "model": 2,
        "sequence": 13,
        "status": 1,
        "fuel": 7229,
        "fault": 0.9892,
        "weapon": 0,
        "pilot_injury": 0.388,
        "pilot_skill": 0.6068,
        "mission_priority": 0.6569,
        "estimated_landing_time": 1228.0,
        "wait_time": 0,
        "Landing_success_rate": 1.0
    },
    {
        "model": 1,
        "sequence": 6,
        "status": 1,
        "fuel": 6040,
        "fault": 0.9308,
        "weapon": 0,
        "pilot_injury": 0.6911,
        "pilot_skill": 0.9315,
        "mission_priority": 0.1179,
        "estimated_landing_time": 570.0,
        "wait_time": 0,
        "Landing_success_rate": 1.0
    }
]