[
    {
        "model": 1,
        "sequence": 6,
        "status": 1,
        "fuel": 6301,
        "fault": 0.019,
        "weapon": 1,
        "pilot_injury": 0.4255,
        "pilot_skill": 0.5984,
        "mission_priority": 0.2792,
        "estimated_landing_time": 570.0,
        "wait_time": 0,
        "Landing_success_rate": 1.0
    },
    {
        "model": 1,
        "sequence": 5,
        "status": 1,
        "fuel": 7287,
        "fault": 0.4632,
        "weapon": 1,
        "pilot_injury": 0.7869,
        "pilot_skill": 0.2306,
        "mission_priority": 0.0979,
        "estimated_landing_time": 476.0,
        "wait_time": 0,
        "Landing_success_rate": 1.0
    },
    {
        "model": 1,
        "sequence": 14,
        "status": 1,
        "fuel": 6887,
        "fault": 0.3843,
        "weapon": 1,
        "pilot_injury": 0.3849,
        "pilot_skill": 0.0289,
        "mission_priority": 0.5533,
        "estimated_landing_time": 1322.0,
        "wait_time": 0,
        "Landing_success_rate": 1.0
    },
    {
        "model": 2,
        "sequence": 24,
        "status": 1,
        "fuel": 7388,
        "fault": 0.7903,
        "weapon": 0,
        "pilot_injury": 0.4019,
        "pilot_skill": 0.097,
        "mission_priority": 0.5843,
        "estimated_landing_time": 2262.0,
        "wait_time": 0,
        "Landing_success_rate": 1.0
    },
    {
        "model": 2,
        "sequence": 19,
        "status": 1,
        "fuel": 5530,
        "fault": 0.4239,
        "weapon": 1,
        "pilot_injury": 0.5027,
        "pilot_skill": 0.4723,
        "mission_priority": 0.3092,
        "estimated_landing_time": 1792.0,
        "wait_time": 0,
        "Landing_success_rate": 1.0
    },
    {
        "model": 1,
        "sequence": 7,
        "status": 1,
        "fuel": 7135,
        "fault": 0.0296,
        "weapon": 1,
        "pilot_injury": 0.3067,
        "pilot_skill": 0.8923,
        "mission_priority": 0.439,
        "estimated_landing_time": 664.0,
        "wait_time": 0,
        "Landing_success_rate": 1.0
    },
    {
        "model": 0,
        "sequence": 18,
        "status": 1,
        "fuel": 6931,
        "fault": 0.6421,
        "weapon": 0,
        "pilot_injury": 0.6724,
        "pilot_skill": 0.0258,
        "mission_priority": 0.45,
        "estimated_landing_time": 1698.0,
        "wait_time": 0,
        "Landing_success_rate": 1.0
    },
    {
        "model": 1,
        "sequence": 10,
        "status": 1,
        "fuel": 5647,
        "fault": 0.8529,
        "weapon": 1,
        "pilot_injury": 0.7498,
        "pilot_skill": 0.6757,
        "mission_priority": 0.9714,
        "estimated_landing_time": 946.0,
        "wait_time": 0,
        "Landing_success_rate": 1.0
    },
    {
        "model": 1,
        "sequence": 20,
        "status": 1,
        "fuel": 6135,
        "fault": 0.8825,
        "weapon": 1,
        "pilot_injury": 0.2458,
        "pilot_skill": 0.3855,
        "mission_priority": 0.0269,
        "estimated_landing_time": 1886.0,
        "wait_time": 0,
        "Landing_success_rate": 1.0
    },
    {
        "model": 0,
        "sequence": 16,
        "status": 1,
        "fuel": 5507,
        "fault": 0.0933,
        "weapon": 0,
        "pilot_injury": 0.5404,
        "pilot_skill": 0.255,
        "mission_priority": 0.621,
        "estimated_landing_time": 1510.0,
        "wait_time": 0,
        "Landing_success_rate": 1.0
    },
    {
        "model": 0,
        "sequence": 11,
        "status": 1,
        "fuel": 6557,
        "fault": 0.2969,
        "weapon": 1,
        "pilot_injury": 0.9426,
        "pilot_skill": 0.7062,
        "mission_priority": 0.2619,
        "estimated_landing_time": 1040.0,
        "wait_time": 0,
        "Landing_success_rate": 1.0
    },
    {
        "model": 0,
        "sequence": 2,
        "status": 1,
        "fuel": 6820,
        "fault": 0.4669,
        "weapon": 1,
        "pilot_injury": 0.7951,
        "pilot_skill": 0.8334,
        "mission_priority": 0.2834,
        "estimated_landing_time": 194.0,
        "wait_time": 0,
        "Landing_success_rate": 1.0
    },
    {
        "model": 0,
        "sequence": 3,
        "status": 1,
        "fuel": 6338,
        "fault": 0.4872,
        "weapon": 1,
        "pilot_injury": 0.7628,
        "pilot_skill": 0.2488,
        "mission_priority": 0.2979,
        "estimated_landing_time": 288.0,
        "wait_time": 0,
        "Landing_success_rate": 1.0
    },
    {
        "model": 2,
        "sequence": 8,
        "status": 1,
        "fuel": 6782,
        "fault": 0.7032,
        "weapon": 0,
        "pilot_injury": 0.9906,
        "pilot_skill": 0.1519,
        "mission_priority": 0.4633,
        "estimated_landing_time": 758.0,
        "wait_time": 0,
        "Landing_success_rate": 1.0
    },
    {
        "model": 2,
        "sequence": 17,
        "status": 1,
        "fuel": 6893,
        "fault": 0.2874,
        "weapon": 0,
        "pilot_injury": 0.1519,
        "pilot_skill": 0.0204,
        "mission_priority": 0.9929,
        "estimated_landing_time": 1604.0,
        "wait_time": 0,
        "Landing_success_rate": 1.0
    },
    {
        "model": 1,
        "sequence": 9,
        "status": 1,
        "fuel": 6614,
        "fault": 0.051,
        "weapon": 0,
        "pilot_injury": 0.1563,
        "pilot_skill": 0.0904,
        "mission_priority": 0.5319,
        "estimated_landing_time": 852.0,
        "wait_time": 0,
        "Landing_success_rate": 1.0
    },
    {
        "model": 2,
        "sequence": 15,
        "status": 1,
        "fuel": 6388,
        "fault": 0.5036,
        "weapon": 1,
        "pilot_injury": 0.3651,
        "pilot_skill": 0.5009,
        "mission_priority": 0.9989,
        "estimated_landing_time": 1416.0,
        "wait_time": 0,
        "Landing_success_rate": 1.0
    },
    {
        "model": 1,
        "sequence": 4,
        "status": 1,
        "fuel": 6810,
        "fault": 0.604,
        "weapon": 0,
        "pilot_injury": 0.0164,
        "pilot_skill": 0.721,
        "mission_priority": 0.6272,
        "estimated_landing_time": 382.0,
        "wait_time": 0,
        "Landing_success_rate": 1.0
    },
    {
        "model": 1,
        "sequence": 22,
        "status": 1,
        "fuel": 7302,
        "fault": 0.5327,
        "weapon": 1,
        "pilot_injury": 0.0442,
        "pilot_skill": 0.1496,
        "mission_priority": 0.9223,
        "estimated_landing_time": 2074.0,
        "wait_time": 0,
        "Landing_success_rate": 1.0
    },
    {
        "model": 0,
        "sequence": 1,
        "status": 1,
        "fuel": 5801,
        "fault": 0.4174,
        "weapon": 0,
        "pilot_injury": 0.6796,
        "pilot_skill": 0.4444,
        "mission_priority": 0.92,
        "estimated_landing_time": 100.0,
        "wait_time": 0,
        "Landing_success_rate": 1.0
    },
    {
        "model": 0,
        "sequence": 12,
        "status": 1,
        "fuel": 7301,
        "fault": 0.1618,
        "weapon": 1,
        "pilot_injury": 0.0686,
        "pilot_skill": 0.8683,
        "mission_priority": 0.765,
        "estimated_landing_time": 1134.0,
        "wait_time": 0,
        "Landing_success_rate": 1.0
    },
    {
        "model": 2,
        "sequence": 21,
        "status": 1,
        "fuel": 5801,
        "fault": 0.3116,
        "weapon": 0,
        "pilot_injury": 0.2758,
        "pilot_skill": 0.8588,
        "mission_priority": 0.0022,
        "estimated_landing_time": 1980.0,
        "wait_time": 0,
        "Landing_success_rate": 1.0
    },
    {
        "model": 2,
        "sequence": 13,
        "status": 1,
        "fuel": 6341,
        "fault": 0.993,
        "weapon": 0,
        "pilot_injury": 0.1106,
        "pilot_skill": 0.5324,
        "mission_priority": 0.0373,
        "estimated_landing_time": 1228.0,
        "wait_time": 0,
        "Landing_success_rate": 1.0
    },
    {
        "model": 2,
        "sequence": 23,
        "status": 1,
        "fuel": 6796,
        "fault": 0.1246,
        "weapon": 0,
        "pilot_injury": 0.6553,
        "pilot_skill": 0.4688,
        "mission_priority": 0.4584,
        "estimated_landing_time": 2168.0,
        "wait_time": 0,
        "Landing_success_rate": 1.0
    }
]