[
    {
        "model": 1,
        "sequence": 21,
        "status": 1,
        "fuel": 6345,
        "fault": 0.2862,
        "weapon": 1,
        "pilot_injury": 0.1206,
        "pilot_skill": 0.4547,
        "mission_priority": 0.4554,
        "estimated_landing_time": 1980.0,
        "wait_time": 0,
        "Landing_success_rate": 1.0
    },
    {
        "model": 1,
        "sequence": 2,
        "status": 1,
        "fuel": 6510,
        "fault": 0.6668,
        "weapon": 1,
        "pilot_injury": 0.9573,
        "pilot_skill": 0.6522,
        "mission_priority": 0.8837,
        "estimated_landing_time": 194.0,
        "wait_time": 0,
        "Landing_success_rate": 1.0
    },
    {
        "model": 2,
        "sequence": 4,
        "status": 1,
        "fuel": 7058,
        "fault": 0.364,
        "weapon": 1,
        "pilot_injury": 0.0698,
        "pilot_skill": 0.1333,
        "mission_priority": 0.5797,
        "estimated_landing_time": 382.0,
        "wait_time": 0,
        "Landing_success_rate": 1.0
    },
    {
        "model": 2,
        "sequence": 7,
        "status": 1,
        "fuel": 5593,
        "fault": 0.3461,
        "weapon": 0,
        "pilot_injury": 0.5432,
        "pilot_skill": 0.8823,
        "mission_priority": 0.9723,
        "estimated_landing_time": 664.0,
        "wait_time": 0,
        "Landing_success_rate": 1.0
    },
    {
        "model": 2,
        "sequence": 5,
        "status": 1,
        "fuel": 6389,
        "fault": 0.1199,
        "weapon": 0,
        "pilot_injury": 0.665,
        "pilot_skill": 0.3055,
        "mission_priority": 0.267,
        "estimated_landing_time": 476.0,
        "wait_time": 0,
        "Landing_success_rate": 1.0
    },
    {
        "model": 2,
        "sequence": 17,
        "status": 1,
        "fuel": 6406,
        "fault": 0.7936,
        "weapon": 1,
        "pilot_injury": 0.7738,
        "pilot_skill": 0.5237,
        "mission_priority": 0.4425,
        "estimated_landing_time": 1604.0,
        "wait_time": 0,
        "Landing_success_rate": 1.0
    },
    {
        "model": 1,
        "sequence": 22,
        "status": 1,
        "fuel": 6081,
        "fault": 0.97,
        "weapon": 1,
        "pilot_injury": 0.5029,
        "pilot_skill": 0.2035,
        "mission_priority": 0.9037,
        "estimated_landing_time": 2074.0,
        "wait_time": 0,
        "Landing_success_rate": 1.0
    },
    {
        "model": 2,
        "sequence": 10,
        "status": 1,
        "fuel": 6712,
        "fault": 0.6009,
        "weapon": 0,
        "pilot_injury": 0.9499,
        "pilot_skill": 0.2844,
        "mission_priority": 0.0812,
        "estimated_landing_time": 946.0,
        "wait_time": 0,
        "Landing_success_rate": 1.0
    },
    {
        "model": 2,
        "sequence": 15,
        "status": 1,
        "fuel": 6204,
        "fault": 0.0059,
        "weapon": 1,
        "pilot_injury": 0.5784,
        "pilot_skill": 0.0588,
        "mission_priority": 0.7805,
        "estimated_landing_time": 1416.0,
        "wait_time": 0,
        "Landing_success_rate": 1.0
    },
    {
        "model": 0,
        "sequence": 20,
        "status": 1,
        "fuel": 7468,
        "fault": 0.7782,
        "weapon": 1,
        "pilot_injury": 0.2775,
        "pilot_skill": 0.915,
        "mission_priority": 0.4513,
        "estimated_landing_time": 1886.0,
        "wait_time": 0,
        "Landing_success_rate": 1.0
    },
    {
        "model": 2,
        "sequence": 9,
        "status": 1,
        "fuel": 5944,
        "fault": 0.3241,
        "weapon": 0,
        "pilot_injury": 0.3874,
        "pilot_skill": 0.9471,
        "mission_priority": 0.2013,
        "estimated_landing_time": 852.0,
        "wait_time": 0,
        "Landing_success_rate": 1.0
    },
    {
        "model": 2,
        "sequence": 18,
        "status": 1,
        "fuel": 7251,
        "fault": 0.22,
        "weapon": 1,
        "pilot_injury": 0.7742,
        "pilot_skill": 0.1293,
        "mission_priority": 0.4372,
        "estimated_landing_time": 1698.0,
        "wait_time": 0,
        "Landing_success_rate": 1.0
    },
    {
        "model": 0,
        "sequence": 19,
        "status": 1,
        "fuel": 7480,
        "fault": 0.2002,
        "weapon": 0,
        "pilot_injury": 0.0585,
        "pilot_skill": 0.7051,
        "mission_priority": 0.5032,
        "estimated_landing_time": 1792.0,
        "wait_time": 0,
        "Landing_success_rate": 1.0
    },
    {
        "model": 1,
        "sequence": 1,
        "status": 1,
        "fuel": 5577,
        "fault": 0.2329,
        "weapon": 1,
        "pilot_injury": 0.9199,
        "pilot_skill": 0.111,
        "mission_priority": 0.5907,
        "estimated_landing_time": 100.0,
        "wait_time": 0,
        "Landing_success_rate": 1.0
    },
    {
        "model": 1,
        "sequence": 13,
        "status": 1,
        "fuel": 6311,
        "fault": 0.7745,
        "weapon": 1,
        "pilot_injury": 0.0226,
        "pilot_skill": 0.4642,
        "mission_priority": 0.7912,
        "estimated_landing_time": 1228.0,
        "wait_time": 0,
        "Landing_success_rate": 1.0
    },
    {
        "model": 0,
        "sequence": 8,
        "status": 1,
        "fuel": 5592,
        "fault": 0.069,
        "weapon": 1,
        "pilot_injury": 0.6566,
        "pilot_skill": 0.3322,
        "mission_priority": 0.5158,
        "estimated_landing_time": 758.0,
        "wait_time": 0,
        "Landing_success_rate": 1.0
    },
    {
        "model": 0,
        "sequence": 16,
        "status": 1,
        "fuel": 6511,
        "fault": 0.9926,
        "weapon": 0,
        "pilot_injury": 0.4995,
        "pilot_skill": 0.6245,
        "mission_priority": 0.138,
        "estimated_landing_time": 1510.0,
        "wait_time": 0,
        "Landing_success_rate": 1.0
    },
    {
        "model": 1,
        "sequence": 14,
        "status": 1,
        "fuel": 6374,
        "fault": 0.8528,
        "weapon": 1,
        "pilot_injury": 0.3247,
        "pilot_skill": 0.0739,
        "mission_priority": 0.8038,
        "estimated_landing_time": 1322.0,
        "wait_time": 0,
        "Landing_success_rate": 1.0
    },
    {
        "model": 2,
        "sequence": 23,
        "status": 1,
        "fuel": 6843,
        "fault": 0.0257,
        "weapon": 0,
        "pilot_injury": 0.4327,
        "pilot_skill": 0.0257,
        "mission_priority": 0.134,
        "estimated_landing_time": 2168.0,
        "wait_time": 0,
        "Landing_success_rate": 1.0
    },
    {
        "model": 0,
        "sequence": 11,
        "status": 1,
        "fuel": 6939,
        "fault": 0.4454,
        "weapon": 0,
        "pilot_injury": 0.9398,
        "pilot_skill": 0.3958,
        "mission_priority": 0.4963,
        "estimated_landing_time": 1040.0,
        "wait_time": 0,
        "Landing_success_rate": 1.0
    },
    {
        "model": 0,
        "sequence": 3,
        "status": 1,
        "fuel": 6819,
        "fault": 0.7243,
        "weapon": 1,
        "pilot_injury": 0.8993,
        "pilot_skill": 0.0817,
        "mission_priority": 0.9642,
        "estimated_landing_time": 288.0,
        "wait_time": 0,
        "Landing_success_rate": 1.0
    },
    {
        "model": 0,
        "sequence": 12,
        "status": 1,
        "fuel": 7490,
        "fault": 0.3745,
        "weapon": 1,
        "pilot_injury": 0.9994,
        "pilot_skill": 0.1385,
        "mission_priority": 0.4239,
        "estimated_landing_time": 1134.0,
        "wait_time": 0,
        "Landing_success_rate": 1.0
    },
    {
        "model": 1,
        "sequence": 24,
        "status": 1,
        "fuel": 5602,
        "fault": 0.7268,
        "weapon": 1,
        "pilot_injury": 0.6898,
        "pilot_skill": 0.0804,
        "mission_priority": 0.2365,
        "estimated_landing_time": 2262.0,
        "wait_time": 0,
        "Landing_success_rate": 1.0
    },
    {
        "model": 1,
        "sequence": 6,
        "status": 1,
        "fuel": 5569,
        "fault": 0.8368,
        "weapon": 0,
        "pilot_injury": 0.1805,
        "pilot_skill": 0.0404,
        "mission_priority": 0.5876,
        "estimated_landing_time": 570.0,
        "wait_time": 0,
        "Landing_success_rate": 1.0
    }
]