[
    {
        "model": 0,
        "sequence": 24,
        "status": 1,
        "fuel": 6361,
        "fault": 0.8466,
        "weapon": 0,
        "pilot_injury": 0.9841,
        "pilot_skill": 0.8788,
        "mission_priority": 0.5909,
        "estimated_landing_time": 2262.0,
        "wait_time": 0,
        "Landing_success_rate": 1.0
    },
    {
        "model": 2,
        "sequence": 8,
        "status": 1,
        "fuel": 7484,
        "fault": 0.1103,
        "weapon": 0,
        "pilot_injury": 0.4547,
        "pilot_skill": 0.4287,
        "mission_priority": 0.3364,
        "estimated_landing_time": 758.0,
        "wait_time": 0,
        "Landing_success_rate": 1.0
    },
    {
        "model": 0,
        "sequence": 12,
        "status": 1,
        "fuel": 6256,
        "fault": 0.2,
        "weapon": 1,
        "pilot_injury": 0.7777,
        "pilot_skill": 0.6529,
        "mission_priority": 0.129,
        "estimated_landing_time": 1134.0,
        "wait_time": 0,
        "Landing_success_rate": 1.0
    },
    {
        "model": 0,
        "sequence": 1,
        "status": 1,
        "fuel": 6838,
        "fault": 0.762,
        "weapon": 0,
        "pilot_injury": 0.6169,
        "pilot_skill": 0.6034,
        "mission_priority": 0.9131,
        "estimated_landing_time": 100.0,
        "wait_time": 0,
        "Landing_success_rate": 1.0
    },
    {
        "model": 1,
        "sequence": 6,
        "status": 1,
        "fuel": 6338,
        "fault": 0.6138,
        "weapon": 1,
        "pilot_injury": 0.3457,
        "pilot_skill": 0.3714,
        "mission_priority": 0.6856,
        "estimated_landing_time": 570.0,
        "wait_time": 0,
        "Landing_success_rate": 1.0
    },
    {
        "model": 2,
        "sequence": 2,
        "status": 1,
        "fuel": 6204,
        "fault": 0.7474,
        "weapon": 1,
        "pilot_injury": 0.2792,
        "pilot_skill": 0.1661,
        "mission_priority": 0.4544,
        "estimated_landing_time": 194.0,
        "wait_time": 0,
        "Landing_success_rate": 1.0
    },
    {
        "model": 0,
        "sequence": 7,
        "status": 1,
        "fuel": 6185,
        "fault": 0.7489,
        "weapon": 0,
        "pilot_injury": 0.3036,
        "pilot_skill": 0.5974,
        "mission_priority": 0.2634,
        "estimated_landing_time": 664.0,
        "wait_time": 0,
        "Landing_success_rate": 1.0
    },
    {
        "model": 0,
        "sequence": 14,
        "status": 1,
        "fuel": 6762,
        "fault": 0.2232,
        "weapon": 1,
        "pilot_injury": 0.9159,
        "pilot_skill": 0.3915,
        "mission_priority": 0.8213,
        "estimated_landing_time": 1322.0,
        "wait_time": 0,
        "Landing_success_rate": 1.0
    },
    {
        "model": 2,
        "sequence": 3,
        "status": 1,
        "fuel": 5620,
        "fault": 0.3033,
        "weapon": 1,
        "pilot_injury": 0.7817,
        "pilot_skill": 0.5419,
        "mission_priority": 0.5037,
        "estimated_landing_time": 288.0,
        "wait_time": 0,
        "Landing_success_rate": 1.0
    },
    {
        "model": 0,
        "sequence": 9,
        "status": 1,
        "fuel": 5571,
        "fault": 0.6346,
        "weapon": 0,
        "pilot_injury": 0.4829,
        "pilot_skill": 0.8672,
        "mission_priority": 0.12,
        "estimated_landing_time": 852.0,
        "wait_time": 0,
        "Landing_success_rate": 1.0
    },
    {
        "model": 2,
        "sequence": 13,
        "status": 1,
        "fuel": 6677,
        "fault": 0.3497,
        "weapon": 1,
        "pilot_injury": 0.5322,
        "pilot_skill": 0.0665,
        "mission_priority": 0.425,
        "estimated_landing_time": 1228.0,
        "wait_time": 0,
        "Landing_success_rate": 1.0
    },
    {
        "model": 2,
        "sequence": 18,
        "status": 1,
        "fuel": 5522,
        "fault": 0.2736,
        "weapon": 1,
        "pilot_injury": 0.9666,
        "pilot_skill": 0.7301,
        "mission_priority": 0.7191,
        "estimated_landing_time": 1698.0,
        "wait_time": 0,
        "Landing_success_rate": 1.0
    },
    {
        "model": 2,
        "sequence": 4,
        "status": 1,
        "fuel": 6441,
        "fault": 0.5936,
        "weapon": 1,
        "pilot_injury": 0.4695,
        "pilot_skill": 0.8523,
        "mission_priority": 0.0126,
        "estimated_landing_time": 382.0,
        "wait_time": 0,
        "Landing_success_rate": 1.0
    },
    {
        "model": 0,
        "sequence": 15,
        "status": 1,
        "fuel": 6150,
        "fault": 0.4,
        "weapon": 0,
        "pilot_injury": 0.4278,
        "pilot_skill": 0.8885,
        "mission_priority": 0.328,
        "estimated_landing_time": 1416.0,
        "wait_time": 0,
        "Landing_success_rate": 1.0
    },
    {
        "model": 0,
        "sequence": 21,
        "status": 1,
        "fuel": 5571,
        "fault": 0.5853,
        "weapon": 0,
        "pilot_injury": 0.6058,
        "pilot_skill": 0.7252,
        "mission_priority": 0.2288,
        "estimated_landing_time": 1980.0,
        "wait_time": 0,
        "Landing_success_rate": 1.0
    },
    {
        "model": 1,
        "sequence": 19,
        "status": 1,
        "fuel": 7420,
        "fault": 0.3322,
        "weapon": 0,
        "pilot_injury": 0.493,
        "pilot_skill": 0.801,
        "mission_priority": 0.354,
        "estimated_landing_time": 1792.0,
        "wait_time": 0,
        "Landing_success_rate": 1.0
    },
    {
        "model": 2,
        "sequence": 10,
        "status": 1,
        "fuel": 6618,
        "fault": 0.9975,
        "weapon": 0,
        "pilot_injury": 0.2388,
        "pilot_skill": 0.883,
        "mission_priority": 0.9531,
        "estimated_landing_time": 946.0,
        "wait_time": 0,
        "Landing_success_rate": 1.0
    },
    {
        "model": 0,
        "sequence": 5,
        "status": 1,
        "fuel": 6134,
        "fault": 0.0868,
        "weapon": 0,
        "pilot_injury": 0.091,
        "pilot_skill": 0.7768,
        "mission_priority": 0.1893,
        "estimated_landing_time": 476.0,
        "wait_time": 0,
        "Landing_success_rate": 1.0
    },
    {
        "model": 0,
        "sequence": 16,
        "status": 1,
        "fuel": 7131,
        "fault": 0.5222,
        "weapon": 0,
        "pilot_injury": 0.8363,
        "pilot_skill": 0.8086,
        "mission_priority": 0.9597,
        "estimated_landing_time": 1510.0,
        "wait_time": 0,
        "Landing_success_rate": 1.0
    },
    {
        "model": 2,
        "sequence": 23,
        "status": 1,
        "fuel": 6566,
        "fault": 0.9329,
        "weapon": 1,
        "pilot_injury": 0.0315,
        "pilot_skill": 0.4104,
        "mission_priority": 0.4591,
        "estimated_landing_time": 2168.0,
        "wait_time": 0,
        "Landing_success_rate": 1.0
    },
    {
        "model": 2,
        "sequence": 17,
        "status": 1,
        "fuel": 5739,
        "fault": 0.3475,
        "weapon": 0,
        "pilot_injury": 0.1668,
        "pilot_skill": 0.7985,
        "mission_priority": 0.1783,
        "estimated_landing_time": 1604.0,
        "wait_time": 0,
        "Landing_success_rate": 1.0
    },
    {
        "model": 2,
        "sequence": 20,
        "status": 1,
        "fuel": 5850,
        "fault": 0.9941,
        "weapon": 0,
        "pilot_injury": 0.976,
        "pilot_skill": 0.0881,
        "mission_priority": 0.8139,
        "estimated_landing_time": 1886.0,
        "wait_time": 0,
        "Landing_success_rate": 1.0
    },
    {
        "model": 1,
        "sequence": 11,
        "status": 1,
        "fuel": 6565,
        "fault": 0.5697,
        "weapon": 0,
        "pilot_injury": 0.2833,
        "pilot_skill": 0.7337,
        "mission_priority": 0.8077,
        "estimated_landing_time": 1040.0,
        "wait_time": 0,
        "Landing_success_rate": 1.0
    },
    {
        "model": 1,
        "sequence": 22,
        "status": 1,
        "fuel": 6592,
        "fault": 0.4323,
        "weapon": 0,
        "pilot_injury": 0.6483,
        "pilot_skill": 0.702,
        "mission_priority": 0.5036,
        "estimated_landing_time": 2074.0,
        "wait_time": 0,
        "Landing_success_rate": 1.0
    }
]