[
    {
        "model": 0,
        "sequence": 12,
        "status": 1,
        "fuel": 5820,
        "fault": 0.4393,
        "weapon": 0,
        "pilot_injury": 0.931,
        "pilot_skill": 0.4161,
        "mission_priority": 0.3937,
        "estimated_landing_time": 1134.0,
        "wait_time": 0,
        "Landing_success_rate": 1.0
    },
    {
        "model": 1,
        "sequence": 21,
        "status": 1,
        "fuel": 5850,
        "fault": 0.6948,
        "weapon": 1,
        "pilot_injury": 0.5679,
        "pilot_skill": 0.0895,
        "mission_priority": 0.8533,
        "estimated_landing_time": 1980.0,
        "wait_time": 0,
        "Landing_success_rate": 1.0
    },
    {
        "model": 2,
        "sequence": 16,
        "status": 1,
        "fuel": 7137,
        "fault": 0.892,
        "weapon": 1,
        "pilot_injury": 0.3379,
        "pilot_skill": 0.0994,
        "mission_priority": 0.9567,
        "estimated_landing_time": 1510.0,
        "wait_time": 0,
        "Landing_success_rate": 1.0
    },
    {
        "model": 1,
        "sequence": 18,
        "status": 1,
        "fuel": 6170,
        "fault": 0.8099,
        "weapon": 1,
        "pilot_injury": 0.5113,
        "pilot_skill": 0.5556,
        "mission_priority": 0.1679,
        "estimated_landing_time": 1698.0,
        "wait_time": 0,
        "Landing_success_rate": 1.0
    },
    {
        "model": 2,
        "sequence": 2,
        "status": 1,
        "fuel": 6477,
        "fault": 0.9566,
        "weapon": 0,
        "pilot_injury": 0.284,
        "pilot_skill": 0.3316,
        "mission_priority": 0.122,
        "estimated_landing_time": 194.0,
        "wait_time": 0,
        "Landing_success_rate": 1.0
    },
    {
        "model": 1,
        "sequence": 6,
        "status": 1,
        "fuel": 6400,
        "fault": 0.3987,
        "weapon": 1,
        "pilot_injury": 0.1165,
        "pilot_skill": 0.6148,
        "mission_priority": 0.3978,
        "estimated_landing_time": 570.0,
        "wait_time": 0,
        "Landing_success_rate": 1.0
    },
    {
        "model": 1,
        "sequence": 20,
        "status": 1,
        "fuel": 6067,
        "fault": 0.3543,
        "weapon": 0,
        "pilot_injury": 0.5685,
        "pilot_skill": 0.6128,
        "mission_priority": 0.6905,
        "estimated_landing_time": 1886.0,
        "wait_time": 0,
        "Landing_success_rate": 1.0
    },
    {
        "model": 1,
        "sequence": 17,
        "status": 1,
        "fuel": 5697,
        "fault": 0.605,
        "weapon": 0,
        "pilot_injury": 0.9652,
        "pilot_skill": 0.8436,
        "mission_priority": 0.5623,
        "estimated_landing_time": 1604.0,
        "wait_time": 0,
        "Landing_success_rate": 1.0
    },
    {
        "model": 0,
        "sequence": 4,
        "status": 1,
        "fuel": 7296,
        "fault": 0.7405,
        "weapon": 0,
        "pilot_injury": 0.0343,
        "pilot_skill": 0.727,
        "mission_priority": 0.9433,
        "estimated_landing_time": 382.0,
        "wait_time": 0,
        "Landing_success_rate": 1.0
    },
    {
        "model": 0,
        "sequence": 10,
        "status": 1,
        "fuel": 7213,
        "fault": 0.2113,
        "weapon": 0,
        "pilot_injury": 0.8134,
        "pilot_skill": 0.9051,
        "mission_priority": 0.2765,
        "estimated_landing_time": 946.0,
        "wait_time": 0,
        "Landing_success_rate": 1.0
    },
    {
        "model": 1,
        "sequence": 3,
        "status": 1,
        "fuel": 6257,
        "fault": 0.4124,
        "weapon": 0,
        "pilot_injury": 0.5777,
        "pilot_skill": 0.9187,
        "mission_priority": 0.5825,
        "estimated_landing_time": 288.0,
        "wait_time": 0,
        "Landing_success_rate": 1.0
    },
    {
        "model": 2,
        "sequence": 13,
        "status": 1,
        "fuel": 6816,
        "fault": 0.6186,
        "weapon": 0,
        "pilot_injury": 0.5984,
        "pilot_skill": 0.0218,
        "mission_priority": 0.3331,
        "estimated_landing_time": 1228.0,
        "wait_time": 0,
        "Landing_success_rate": 1.0
    },
    {
        "model": 1,
        "sequence": 23,
        "status": 1,
        "fuel": 6372,
        "fault": 0.2226,
        "weapon": 0,
        "pilot_injury": 0.0623,
        "pilot_skill": 0.1678,
        "mission_priority": 0.4107,
        "estimated_landing_time": 2168.0,
        "wait_time": 0,
        "Landing_success_rate": 1.0
    },
    {
        "model": 0,
        "sequence": 9,
        "status": 1,
        "fuel": 6671,
        "fault": 0.7139,
        "weapon": 0,
        "pilot_injury": 0.7326,
        "pilot_skill": 0.5904,
        "mission_priority": 0.6918,
        "estimated_landing_time": 852.0,
        "wait_time": 0,
        "Landing_success_rate": 1.0
    },
    {
        "model": 2,
        "sequence": 11,
        "status": 1,
        "fuel": 5530,
        "fault": 0.8727,
        "weapon": 1,
        "pilot_injury": 0.9362,
        "pilot_skill": 0.2372,
        "mission_priority": 0.2702,
        "estimated_landing_time": 1040.0,
        "wait_time": 0,
        "Landing_success_rate": 1.0
    },
    {
        "model": 0,
        "sequence": 19,
        "status": 1,
        "fuel": 7456,
        "fault": 0.3224,
        "weapon": 1,
        "pilot_injury": 0.3952,
        "pilot_skill": 0.4962,
        "mission_priority": 0.1698,
        "estimated_landing_time": 1792.0,
        "wait_time": 0,
        "Landing_success_rate": 1.0
    },
    {
        "model": 1,
        "sequence": 14,
        "status": 1,
        "fuel": 5516,
        "fault": 0.1668,
        "weapon": 0,
        "pilot_injury": 0.2648,
        "pilot_skill": 0.4654,
        "mission_priority": 0.8943,
        "estimated_landing_time": 1322.0,
        "wait_time": 0,
        "Landing_success_rate": 1.0
    },
    {
        "model": 0,
        "sequence": 15,
        "status": 1,
        "fuel": 5586,
        "fault": 0.9974,
        "weapon": 1,
        "pilot_injury": 0.8789,
        "pilot_skill": 0.0673,
        "mission_priority": 0.4139,
        "estimated_landing_time": 1416.0,
        "wait_time": 0,
        "Landing_success_rate": 1.0
    },
    {
        "model": 0,
        "sequence": 7,
        "status": 1,
        "fuel": 5706,
        "fault": 0.4715,
        "weapon": 0,
        "pilot_injury": 0.0407,
        "pilot_skill": 0.1512,
        "mission_priority": 0.915,
        "estimated_landing_time": 664.0,
        "wait_time": 0,
        "Landing_success_rate": 1.0
    },
    {
        "model": 0,
        "sequence": 22,
        "status": 1,
        "fuel": 5632,
        "fault": 0.4364,
        "weapon": 0,
        "pilot_injury": 0.0164,
        "pilot_skill": 0.4191,
        "mission_priority": 0.9845,
        "estimated_landing_time": 2074.0,
        "wait_time": 0,
        "Landing_success_rate": 1.0
    },
    {
        "model": 1,
        "sequence": 24,
        "status": 1,
        "fuel": 6946,
        "fault": 0.6936,
        "weapon": 1,
        "pilot_injury": 0.9636,
        "pilot_skill": 0.685,
        "mission_priority": 0.3276,
        "estimated_landing_time": 2262.0,
        "wait_time": 0,
        "Landing_success_rate": 1.0
    },
    {
        "model": 0,
        "sequence": 1,
        "status": 1,
        "fuel": 6831,
        "fault": 0.5629,
        "weapon": 0,
        "pilot_injury": 0.4278,
        "pilot_skill": 0.9154,
        "mission_priority": 0.4781,
        "estimated_landing_time": 100.0,
        "wait_time": 0,
        "Landing_success_rate": 1.0
    },
    {
        "model": 1,
        "sequence": 8,
        "status": 1,
        "fuel": 7146,
        "fault": 0.0568,
        "weapon": 0,
        "pilot_injury": 0.9842,
        "pilot_skill": 0.9477,
        "mission_priority": 0.7065,
        "estimated_landing_time": 758.0,
        "wait_time": 0,
        "Landing_success_rate": 1.0
    },
    {
        "model": 1,
        "sequence": 5,
        "status": 1,
        "fuel": 5639,
        "fault": 0.8388,
        "weapon": 0,
        "pilot_injury": 0.7034,
        "pilot_skill": 0.7156,
        "mission_priority": 0.721,
        "estimated_landing_time": 476.0,
        "wait_time": 0,
        "Landing_success_rate": 1.0
    }
]