[
    {
        "model": 2,
        "sequence": 11,
        "status": 1,
        "fuel": 6959,
        "fault": 0.6582,
        "weapon": 1,
        "pilot_injury": 0.3995,
        "pilot_skill": 0.9929,
        "mission_priority": 0.0519,
        "estimated_landing_time": 1040.0,
        "wait_time": 0,
        "Landing_success_rate": 1.0
    },
    {
        "model": 2,
        "sequence": 8,
        "status": 1,
        "fuel": 6796,
        "fault": 0.8046,
        "weapon": 1,
        "pilot_injury": 0.4333,
        "pilot_skill": 0.1701,
        "mission_priority": 0.5149,
        "estimated_landing_time": 758.0,
        "wait_time": 0,
        "Landing_success_rate": 1.0
    },
    {
        "model": 1,
        "sequence": 20,
        "status": 1,
        "fuel": 6673,
        "fault": 0.1708,
        "weapon": 1,
        "pilot_injury": 0.2416,
        "pilot_skill": 0.7249,
        "mission_priority": 0.6074,
        "estimated_landing_time": 1886.0,
        "wait_time": 0,
        "Landing_success_rate": 1.0
    },
    {
        "model": 2,
        "sequence": 19,
        "status": 1,
        "fuel": 7049,
        "fault": 0.4424,
        "weapon": 1,
        "pilot_injury": 0.1967,
        "pilot_skill": 0.0007,
        "mission_priority": 0.3658,
        "estimated_landing_time": 1792.0,
        "wait_time": 0,
        "Landing_success_rate": 1.0
    },
    {
        "model": 0,
        "sequence": 24,
        "status": 1,
        "fuel": 7258,
        "fault": 0.0189,
        "weapon": 0,
        "pilot_injury": 0.7275,
        "pilot_skill": 0.8796,
        "mission_priority": 0.9061,
        "estimated_landing_time": 2262.0,
        "wait_time": 0,
        "Landing_success_rate": 1.0
    },
    {
        "model": 2,
        "sequence": 2,
        "status": 1,
        "fuel": 5832,
        "fault": 0.6689,
        "weapon": 0,
        "pilot_injury": 0.8509,
        "pilot_skill": 0.8075,
        "mission_priority": 0.6989,
        "estimated_landing_time": 194.0,
        "wait_time": 0,
        "Landing_success_rate": 1.0
    },
    {
        "model": 1,
        "sequence": 16,
        "status": 1,
        "fuel": 6531,
        "fault": 0.2134,
        "weapon": 0,
        "pilot_injury": 0.3629,
        "pilot_skill": 0.8409,
        "mission_priority": 0.6178,
        "estimated_landing_time": 1510.0,
        "wait_time": 0,
        "Landing_success_rate": 1.0
    },
    {
        "model": 2,
        "sequence": 14,
        "status": 1,
        "fuel": 6168,
        "fault": 0.6583,
        "weapon": 0,
        "pilot_injury": 0.8616,
        "pilot_skill": 0.6257,
        "mission_priority": 0.3987,
        "estimated_landing_time": 1322.0,
        "wait_time": 0,
        "Landing_success_rate": 1.0
    },
    {
        "model": 0,
        "sequence": 23,
        "status": 1,
        "fuel": 6995,
        "fault": 0.8116,
        "weapon": 1,
        "pilot_injury": 0.1843,
        "pilot_skill": 0.4702,
        "mission_priority": 0.6775,
        "estimated_landing_time": 2168.0,
        "wait_time": 0,
        "Landing_success_rate": 1.0
    },
    {
        "model": 0,
        "sequence": 1,
        "status": 1,
        "fuel": 5704,
        "fault": 0.9707,
        "weapon": 1,
        "pilot_injury": 0.0397,
        "pilot_skill": 0.2798,
        "mission_priority": 0.0571,
        "estimated_landing_time": 100.0,
        "wait_time": 0,
        "Landing_success_rate": 1.0
    },
    {
        "model": 2,
        "sequence": 21,
        "status": 1,
        "fuel": 6825,
        "fault": 0.6127,
        "weapon": 1,
        "pilot_injury": 0.7327,
        "pilot_skill": 0.3694,
        "mission_priority": 0.925,
        "estimated_landing_time": 1980.0,
        "wait_time": 0,
        "Landing_success_rate": 1.0
    },
    {
        "model": 2,
        "sequence": 17,
        "status": 1,
        "fuel": 6782,
        "fault": 0.6913,
        "weapon": 0,
        "pilot_injury": 0.9705,
        "pilot_skill": 0.1758,
        "mission_priority": 0.4424,
        "estimated_landing_time": 1604.0,
        "wait_time": 0,
        "Landing_success_rate": 1.0
    },
    {
        "model": 0,
        "sequence": 12,
        "status": 1,
        "fuel": 7111,
        "fault": 0.499,
        "weapon": 0,
        "pilot_injury": 0.566,
        "pilot_skill": 0.3268,
        "mission_priority": 0.7282,
        "estimated_landing_time": 1134.0,
        "wait_time": 0,
        "Landing_success_rate": 1.0
    },
    {
        "model": 1,
        "sequence": 5,
        "status": 1,
        "fuel": 6760,
        "fault": 0.0921,
        "weapon": 0,
        "pilot_injury": 0.9641,
        "pilot_skill": 0.5557,
        "mission_priority": 0.5255,
        "estimated_landing_time": 476.0,
        "wait_time": 0,
        "Landing_success_rate": 1.0
    },
    {
        "model": 0,
        "sequence": 9,
        "status": 1,
        "fuel": 5988,
        "fault": 0.6721,
        "weapon": 1,
        "pilot_injury": 0.0745,
        "pilot_skill": 0.5066,
        "mission_priority": 0.7806,
        "estimated_landing_time": 852.0,
        "wait_time": 0,
        "Landing_success_rate": 1.0
    },
    {
        "model": 2,
        "sequence": 4,
        "status": 1,
        "fuel": 6946,
        "fault": 0.3753,
        "weapon": 0,
        "pilot_injury": 0.0249,
        "pilot_skill": 0.2612,
        "mission_priority": 0.5492,
        "estimated_landing_time": 382.0,
        "wait_time": 0,
        "Landing_success_rate": 1.0
    },
    {
        "model": 2,
        "sequence": 10,
        "status": 1,
        "fuel": 6064,
        "fault": 0.3437,
        "weapon": 0,
        "pilot_injury": 0.8268,
        "pilot_skill": 0.1643,
        "mission_priority": 0.0008,
        "estimated_landing_time": 946.0,
        "wait_time": 0,
        "Landing_success_rate": 1.0
    },
    {
        "model": 1,
        "sequence": 13,
        "status": 1,
        "fuel": 6565,
        "fault": 0.6568,
        "weapon": 0,
        "pilot_injury": 0.9575,
        "pilot_skill": 0.2779,
        "mission_priority": 0.0634,
        "estimated_landing_time": 1228.0,
        "wait_time": 0,
        "Landing_success_rate": 1.0
    },
    {
        "model": 0,
        "sequence": 7,
        "status": 1,
        "fuel": 5583,
        "fault": 0.1586,
        "weapon": 1,
        "pilot_injury": 0.4921,
        "pilot_skill": 0.0739,
        "mission_priority": 0.6541,
        "estimated_landing_time": 664.0,
        "wait_time": 0,
        "Landing_success_rate": 1.0
    },
    {
        "model": 0,
        "sequence": 15,
        "status": 1,
        "fuel": 6746,
        "fault": 0.4229,
        "weapon": 0,
        "pilot_injury": 0.274,
        "pilot_skill": 0.8477,
        "mission_priority": 0.4269,
        "estimated_landing_time": 1416.0,
        "wait_time": 0,
        "Landing_success_rate": 1.0
    },
    {
        "model": 1,
        "sequence": 3,
        "status": 1,
        "fuel": 6863,
        "fault": 0.5635,
        "weapon": 1,
        "pilot_injury": 0.0404,
        "pilot_skill": 0.8212,
        "mission_priority": 0.1386,
        "estimated_landing_time": 288.0,
        "wait_time": 0,
        "Landing_success_rate": 1.0
    },
    {
        "model": 0,
        "sequence": 22,
        "status": 1,
        "fuel": 7087,
        "fault": 0.3088,
        "weapon": 0,
        "pilot_injury": 0.8954,
        "pilot_skill": 0.0224,
        "mission_priority": 0.5592,
        "estimated_landing_time": 2074.0,
        "wait_time": 0,
        "Landing_success_rate": 1.0
    },
    {
        "model": 1,
        "sequence": 18,
        "status": 1,
        "fuel": 6227,
        "fault": 0.1473,
        "weapon": 1,
        "pilot_injury": 0.2905,
        "pilot_skill": 0.4905,
        "mission_priority": 0.1871,
        "estimated_landing_time": 1698.0,
        "wait_time": 0,
        "Landing_success_rate": 1.0
    },
    {
        "model": 0,
        "sequence": 6,
        "status": 1,
        "fuel": 6629,
        "fault": 0.1654,
        "weapon": 0,
        "pilot_injury": 0.8454,
        "pilot_skill": 0.3852,
        "mission_priority": 0.6173,
        "estimated_landing_time": 570.0,
        "wait_time": 0,
        "Landing_success_rate": 1.0
    }
]