[
    {
        "model": 2,
        "sequence": 24,
        "status": 1,
        "fuel": 6236,
        "fault": 0.6771,
        "weapon": 0,
        "pilot_injury": 0.5725,
        "pilot_skill": 0.7652,
        "mission_priority": 0.5706,
        "estimated_landing_time": 2262.0,
        "wait_time": 0,
        "Landing_success_rate": 1.0
    },
    {
        "model": 0,
        "sequence": 4,
        "status": 1,
        "fuel": 7262,
        "fault": 0.8479,
        "weapon": 1,
        "pilot_injury": 0.8781,
        "pilot_skill": 0.5366,
        "mission_priority": 0.0375,
        "estimated_landing_time": 382.0,
        "wait_time": 0,
        "Landing_success_rate": 1.0
    },
    {
        "model": 1,
        "sequence": 16,
        "status": 1,
        "fuel": 6391,
        "fault": 0.8857,
        "weapon": 1,
        "pilot_injury": 0.2204,
        "pilot_skill": 0.7644,
        "mission_priority": 0.9336,
        "estimated_landing_time": 1510.0,
        "wait_time": 0,
        "Landing_success_rate": 1.0
    },
    {
        "model": 2,
        "sequence": 9,
        "status": 1,
        "fuel": 6043,
        "fault": 0.0381,
        "weapon": 0,
        "pilot_injury": 0.1282,
        "pilot_skill": 0.9298,
        "mission_priority": 0.3188,
        "estimated_landing_time": 852.0,
        "wait_time": 0,
        "Landing_success_rate": 1.0
    },
    {
        "model": 0,
        "sequence": 23,
        "status": 1,
        "fuel": 5688,
        "fault": 0.6953,
        "weapon": 0,
        "pilot_injury": 0.0433,
        "pilot_skill": 0.2528,
        "mission_priority": 0.0677,
        "estimated_landing_time": 2168.0,
        "wait_time": 0,
        "Landing_success_rate": 1.0
    },
    {
        "model": 1,
        "sequence": 17,
        "status": 1,
        "fuel": 6862,
        "fault": 0.9689,
        "weapon": 1,
        "pilot_injury": 0.8724,
        "pilot_skill": 0.9304,
        "mission_priority": 0.4745,
        "estimated_landing_time": 1604.0,
        "wait_time": 0,
        "Landing_success_rate": 1.0
    },
    {
        "model": 0,
        "sequence": 6,
        "status": 1,
        "fuel": 6448,
        "fault": 0.2241,
        "weapon": 1,
        "pilot_injury": 0.3913,
        "pilot_skill": 0.3702,
        "mission_priority": 0.6756,
        "estimated_landing_time": 570.0,
        "wait_time": 0,
        "Landing_success_rate": 1.0
    },
    {
        "model": 0,
        "sequence": 18,
        "status": 1,
        "fuel": 6725,
        "fault": 0.3408,
        "weapon": 1,
        "pilot_injury": 0.5152,
        "pilot_skill": 0.5245,
        "mission_priority": 0.8294,
        "estimated_landing_time": 1698.0,
        "wait_time": 0,
        "Landing_success_rate": 1.0
    },
    {
        "model": 2,
        "sequence": 14,
        "status": 1,
        "fuel": 7082,
        "fault": 0.5386,
        "weapon": 1,
        "pilot_injury": 0.791,
        "pilot_skill": 0.1458,
        "mission_priority": 0.7385,
        "estimated_landing_time": 1322.0,
        "wait_time": 0,
        "Landing_success_rate": 1.0
    },
    {
        "model": 1,
        "sequence": 11,
        "status": 1,
        "fuel": 5711,
        "fault": 0.3422,
        "weapon": 0,
        "pilot_injury": 0.4807,
        "pilot_skill": 0.0625,
        "mission_priority": 0.9515,
        "estimated_landing_time": 1040.0,
        "wait_time": 0,
        "Landing_success_rate": 1.0
    },
    {
        "model": 0,
        "sequence": 12,
        "status": 1,
        "fuel": 6678,
        "fault": 0.953,
        "weapon": 0,
        "pilot_injury": 0.1586,
        "pilot_skill": 0.8245,
        "mission_priority": 0.4307,
        "estimated_landing_time": 1134.0,
        "wait_time": 0,
        "Landing_success_rate": 1.0
    },
    {
        "model": 1,
        "sequence": 13,
        "status": 1,
        "fuel": 5915,
        "fault": 0.4742,
        "weapon": 1,
        "pilot_injury": 0.7587,
        "pilot_skill": 0.0628,
        "mission_priority": 0.7676,
        "estimated_landing_time": 1228.0,
        "wait_time": 0,
        "Landing_success_rate": 1.0
    },
    {
        "model": 2,
        "sequence": 21,
        "status": 1,
        "fuel": 7120,
        "fault": 0.5786,
        "weapon": 0,
        "pilot_injury": 0.3384,
        "pilot_skill": 0.1648,
        "mission_priority": 0.1027,
        "estimated_landing_time": 1980.0,
        "wait_time": 0,
        "Landing_success_rate": 1.0
    },
    {
        "model": 2,
        "sequence": 22,
        "status": 1,
        "fuel": 6297,
        "fault": 0.6816,
        "weapon": 1,
        "pilot_injury": 0.4113,
        "pilot_skill": 0.2436,
        "mission_priority": 0.309,
        "estimated_landing_time": 2074.0,
        "wait_time": 0,
        "Landing_success_rate": 1.0
    },
    {
        "model": 2,
        "sequence": 8,
        "status": 1,
        "fuel": 5636,
        "fault": 0.0819,
        "weapon": 0,
        "pilot_injury": 0.7246,
        "pilot_skill": 0.4917,
        "mission_priority": 0.0193,
        "estimated_landing_time": 758.0,
        "wait_time": 0,
        "Landing_success_rate": 1.0
    },
    {
        "model": 1,
        "sequence": 3,
        "status": 1,
        "fuel": 7026,
        "fault": 0.0232,
        "weapon": 1,
        "pilot_injury": 0.3009,
        "pilot_skill": 0.9201,
        "mission_priority": 0.7127,
        "estimated_landing_time": 288.0,
        "wait_time": 0,
        "Landing_success_rate": 1.0
    },
    {
        "model": 1,
        "sequence": 2,
        "status": 1,
        "fuel": 7389,
        "fault": 0.9885,
        "weapon": 1,
        "pilot_injury": 0.6672,
        "pilot_skill": 0.1934,
        "mission_priority": 0.2462,
        "estimated_landing_time": 194.0,
        "wait_time": 0,
        "Landing_success_rate": 1.0
    },
    {
        "model": 0,
        "sequence": 7,
        "status": 1,
        "fuel": 6674,
        "fault": 0.9845,
        "weapon": 1,
        "pilot_injury": 0.344,
        "pilot_skill": 0.4021,
        "mission_priority": 0.1906,
        "estimated_landing_time": 664.0,
        "wait_time": 0,
        "Landing_success_rate": 1.0
    },
    {
        "model": 1,
        "sequence": 1,
        "status": 1,
        "fuel": 7143,
        "fault": 0.3094,
        "weapon": 0,
        "pilot_injury": 0.4406,
        "pilot_skill": 0.7502,
        "mission_priority": 0.3026,
        "estimated_landing_time": 100.0,
        "wait_time": 0,
        "Landing_success_rate": 1.0
    },
    {
        "model": 2,
        "sequence": 19,
        "status": 1,
        "fuel": 7109,
        "fault": 0.3192,
        "weapon": 0,
        "pilot_injury": 0.7806,
        "pilot_skill": 0.8306,
        "mission_priority": 0.7977,
        "estimated_landing_time": 1792.0,
        "wait_time": 0,
        "Landing_success_rate": 1.0
    },
    {
        "model": 0,
        "sequence": 10,
        "status": 1,
        "fuel": 7144,
        "fault": 0.6035,
        "weapon": 0,
        "pilot_injury": 0.5385,
        "pilot_skill": 0.986,
        "mission_priority": 0.3616,
        "estimated_landing_time": 946.0,
        "wait_time": 0,
        "Landing_success_rate": 1.0
    },
    {
        "model": 1,
        "sequence": 15,
        "status": 1,
        "fuel": 6152,
        "fault": 0.295,
        "weapon": 1,
        "pilot_injury": 0.3969,
        "pilot_skill": 0.111,
        "mission_priority": 0.2397,
        "estimated_landing_time": 1416.0,
        "wait_time": 0,
        "Landing_success_rate": 1.0
    },
    {
        "model": 2,
        "sequence": 20,
        "status": 1,
        "fuel": 6640,
        "fault": 0.2354,
        "weapon": 1,
        "pilot_injury": 0.009,
        "pilot_skill": 0.7938,
        "mission_priority": 0.4679,
        "estimated_landing_time": 1886.0,
        "wait_time": 0,
        "Landing_success_rate": 1.0
    },
    {
        "model": 2,
        "sequence": 5,
        "status": 1,
        "fuel": 6755,
        "fault": 0.903,
        "weapon": 0,
        "pilot_injury": 0.8313,
        "pilot_skill": 0.5038,
        "mission_priority": 0.094,
        "estimated_landing_time": 476.0,
        "wait_time": 0,
        "Landing_success_rate": 1.0
    }
]