[
    {
        "model": 1,
        "sequence": 15,
        "status": 1,
        "fuel": 6369,
        "fault": 0.8185,
        "weapon": 1,
        "pilot_injury": 0.6345,
        "pilot_skill": 0.8833,
        "mission_priority": 0.4548,
        "estimated_landing_time": 1416.0,
        "wait_time": 0,
        "Landing_success_rate": 1.0
    },
    {
        "model": 0,
        "sequence": 6,
        "status": 1,
        "fuel": 6253,
        "fault": 0.0655,
        "weapon": 0,
        "pilot_injury": 0.895,
        "pilot_skill": 0.1526,
        "mission_priority": 0.1921,
        "estimated_landing_time": 570.0,
        "wait_time": 0,
        "Landing_success_rate": 1.0
    },
    {
        "model": 1,
        "sequence": 17,
        "status": 1,
        "fuel": 7079,
        "fault": 0.8318,
        "weapon": 0,
        "pilot_injury": 0.5524,
        "pilot_skill": 0.988,
        "mission_priority": 0.7934,
        "estimated_landing_time": 1604.0,
        "wait_time": 0,
        "Landing_success_rate": 1.0
    },
    {
        "model": 0,
        "sequence": 23,
        "status": 1,
        "fuel": 6969,
        "fault": 0.114,
        "weapon": 1,
        "pilot_injury": 0.6233,
        "pilot_skill": 0.8227,
        "mission_priority": 0.7365,
        "estimated_landing_time": 2168.0,
        "wait_time": 0,
        "Landing_success_rate": 1.0
    },
    {
        "model": 0,
        "sequence": 16,
        "status": 1,
        "fuel": 5553,
        "fault": 0.6326,
        "weapon": 0,
        "pilot_injury": 0.7459,
        "pilot_skill": 0.1331,
        "mission_priority": 0.2005,
        "estimated_landing_time": 1510.0,
        "wait_time": 0,
        "Landing_success_rate": 1.0
    },
    {
        "model": 0,
        "sequence": 4,
        "status": 1,
        "fuel": 7374,
        "fault": 0.7937,
        "weapon": 1,
        "pilot_injury": 0.4093,
        "pilot_skill": 0.9799,
        "mission_priority": 0.2161,
        "estimated_landing_time": 382.0,
        "wait_time": 0,
        "Landing_success_rate": 1.0
    },
    {
        "model": 2,
        "sequence": 10,
        "status": 1,
        "fuel": 6979,
        "fault": 0.8951,
        "weapon": 0,
        "pilot_injury": 0.9303,
        "pilot_skill": 0.2854,
        "mission_priority": 0.4708,
        "estimated_landing_time": 946.0,
        "wait_time": 0,
        "Landing_success_rate": 1.0
    },
    {
        "model": 0,
        "sequence": 3,
        "status": 1,
        "fuel": 7181,
        "fault": 0.5579,
        "weapon": 1,
        "pilot_injury": 0.8574,
        "pilot_skill": 0.304,
        "mission_priority": 0.8108,
        "estimated_landing_time": 288.0,
        "wait_time": 0,
        "Landing_success_rate": 1.0
    },
    {
        "model": 0,
        "sequence": 9,
        "status": 1,
        "fuel": 7357,
        "fault": 0.0597,
        "weapon": 1,
        "pilot_injury": 0.7564,
        "pilot_skill": 0.2553,
        "mission_priority": 0.1753,
        "estimated_landing_time": 852.0,
        "wait_time": 0,
        "Landing_success_rate": 1.0
    },
    {
        "model": 1,
        "sequence": 14,
        "status": 1,
        "fuel": 5537,
        "fault": 0.7075,
        "weapon": 1,
        "pilot_injury": 0.3948,
        "pilot_skill": 0.0392,
        "mission_priority": 0.9087,
        "estimated_landing_time": 1322.0,
        "wait_time": 0,
        "Landing_success_rate": 1.0
    },
    {
        "model": 1,
        "sequence": 8,
        "status": 1,
        "fuel": 6204,
        "fault": 0.9223,
        "weapon": 0,
        "pilot_injury": 0.4969,
        "pilot_skill": 0.0278,
        "mission_priority": 0.3393,
        "estimated_landing_time": 758.0,
        "wait_time": 0,
        "Landing_success_rate": 1.0
    },
    {
        "model": 2,
        "sequence": 24,
        "status": 1,
        "fuel": 7193,
        "fault": 0.1202,
        "weapon": 1,
        "pilot_injury": 0.2082,
        "pilot_skill": 0.7767,
        "mission_priority": 0.2989,
        "estimated_landing_time": 2262.0,
        "wait_time": 0,
        "Landing_success_rate": 1.0
    },
    {
        "model": 1,
        "sequence": 22,
        "status": 1,
        "fuel": 5588,
        "fault": 0.6194,
        "weapon": 0,
        "pilot_injury": 0.4252,
        "pilot_skill": 0.2075,
        "mission_priority": 0.633,
        "estimated_landing_time": 2074.0,
        "wait_time": 0,
        "Landing_success_rate": 1.0
    },
    {
        "model": 0,
        "sequence": 11,
        "status": 1,
        "fuel": 5662,
        "fault": 0.8905,
        "weapon": 0,
        "pilot_injury": 0.0282,
        "pilot_skill": 0.4711,
        "mission_priority": 0.1832,
        "estimated_landing_time": 1040.0,
        "wait_time": 0,
        "Landing_success_rate": 1.0
    },
    {
        "model": 2,
        "sequence": 13,
        "status": 1,
        "fuel": 5695,
        "fault": 0.4865,
        "weapon": 1,
        "pilot_injury": 0.6544,
        "pilot_skill": 0.9524,
        "mission_priority": 0.5287,
        "estimated_landing_time": 1228.0,
        "wait_time": 0,
        "Landing_success_rate": 1.0
    },
    {
        "model": 2,
        "sequence": 1,
        "status": 1,
        "fuel": 6751,
        "fault": 0.2497,
        "weapon": 0,
        "pilot_injury": 0.9218,
        "pilot_skill": 0.214,
        "mission_priority": 0.8273,
        "estimated_landing_time": 100.0,
        "wait_time": 0,
        "Landing_success_rate": 1.0
    },
    {
        "model": 2,
        "sequence": 2,
        "status": 1,
        "fuel": 7275,
        "fault": 0.8606,
        "weapon": 0,
        "pilot_injury": 0.3138,
        "pilot_skill": 0.952,
        "mission_priority": 0.6276,
        "estimated_landing_time": 194.0,
        "wait_time": 0,
        "Landing_success_rate": 1.0
    },
    {
        "model": 0,
        "sequence": 7,
        "status": 1,
        "fuel": 6409,
        "fault": 0.9521,
        "weapon": 0,
        "pilot_injury": 0.3045,
        "pilot_skill": 0.1764,
        "mission_priority": 0.544,
        "estimated_landing_time": 664.0,
        "wait_time": 0,
        "Landing_success_rate": 1.0
    },
    {
        "model": 0,
        "sequence": 5,
        "status": 1,
        "fuel": 6991,
        "fault": 0.2341,
        "weapon": 0,
        "pilot_injury": 0.457,
        "pilot_skill": 0.8146,
        "mission_priority": 0.3113,
        "estimated_landing_time": 476.0,
        "wait_time": 0,
        "Landing_success_rate": 1.0
    },
    {
        "model": 1,
        "sequence": 19,
        "status": 1,
        "fuel": 6662,
        "fault": 0.8597,
        "weapon": 1,
        "pilot_injury": 0.3854,
        "pilot_skill": 0.8575,
        "mission_priority": 0.216,
        "estimated_landing_time": 1792.0,
        "wait_time": 0,
        "Landing_success_rate": 1.0
    },
    {
        "model": 1,
        "sequence": 20,
        "status": 1,
        "fuel": 6110,
        "fault": 0.8463,
        "weapon": 0,
        "pilot_injury": 0.0345,
        "pilot_skill": 0.1099,
        "mission_priority": 0.7459,
        "estimated_landing_time": 1886.0,
        "wait_time": 0,
        "Landing_success_rate": 1.0
    },
    {
        "model": 1,
        "sequence": 21,
        "status": 1,
        "fuel": 6677,
        "fault": 0.33,
        "weapon": 1,
        "pilot_injury": 0.6992,
        "pilot_skill": 0.3451,
        "mission_priority": 0.4749,
        "estimated_landing_time": 1980.0,
        "wait_time": 0,
        "Landing_success_rate": 1.0
    },
    {
        "model": 2,
        "sequence": 12,
        "status": 1,
        "fuel": 7463,
        "fault": 0.5221,
        "weapon": 1,
        "pilot_injury": 0.3199,
        "pilot_skill": 0.1833,
        "mission_priority": 0.3656,
        "estimated_landing_time": 1134.0,
        "wait_time": 0,
        "Landing_success_rate": 1.0
    },
    {
        "model": 0,
        "sequence": 18,
        "status": 1,
        "fuel": 5928,
        "fault": 0.1347,
        "weapon": 1,
        "pilot_injury": 0.9241,
        "pilot_skill": 0.8818,
        "mission_priority": 0.2883,
        "estimated_landing_time": 1698.0,
        "wait_time": 0,
        "Landing_success_rate": 1.0
    }
]