[
    {
        "model": 0,
        "sequence": 5,
        "status": 1,
        "fuel": 5841,
        "fault": 0.0401,
        "weapon": 1,
        "pilot_injury": 0.375,
        "pilot_skill": 0.3687,
        "mission_priority": 0.1945,
        "estimated_landing_time": 476.0,
        "wait_time": 0,
        "Landing_success_rate": 1.0
    },
    {
        "model": 1,
        "sequence": 7,
        "status": 1,
        "fuel": 7165,
        "fault": 0.8756,
        "weapon": 0,
        "pilot_injury": 0.1392,
        "pilot_skill": 0.9728,
        "mission_priority": 0.4433,
        "estimated_landing_time": 664.0,
        "wait_time": 0,
        "Landing_success_rate": 1.0
    },
    {
        "model": 1,
        "sequence": 15,
        "status": 1,
        "fuel": 5778,
        "fault": 0.4792,
        "weapon": 0,
        "pilot_injury": 0.7672,
        "pilot_skill": 0.6176,
        "mission_priority": 0.8201,
        "estimated_landing_time": 1416.0,
        "wait_time": 0,
        "Landing_success_rate": 1.0
    },
    {
        "model": 0,
        "sequence": 1,
        "status": 1,
        "fuel": 7369,
        "fault": 0.0788,
        "weapon": 0,
        "pilot_injury": 0.6269,
        "pilot_skill": 0.7846,
        "mission_priority": 0.8776,
        "estimated_landing_time": 100.0,
        "wait_time": 0,
        "Landing_success_rate": 1.0
    },
    {
        "model": 0,
        "sequence": 9,
        "status": 1,
        "fuel": 5805,
        "fault": 0.9722,
        "weapon": 0,
        "pilot_injury": 0.2728,
        "pilot_skill": 0.8545,
        "mission_priority": 0.4806,
        "estimated_landing_time": 852.0,
        "wait_time": 0,
        "Landing_success_rate": 1.0
    },
    {
        "model": 1,
        "sequence": 19,
        "status": 1,
        "fuel": 6497,
        "fault": 0.8896,
        "weapon": 0,
        "pilot_injury": 0.4974,
        "pilot_skill": 0.6982,
        "mission_priority": 0.5841,
        "estimated_landing_time": 1792.0,
        "wait_time": 0,
        "Landing_success_rate": 1.0
    },
    {
        "model": 0,
        "sequence": 6,
        "status": 1,
        "fuel": 6942,
        "fault": 0.6618,
        "weapon": 0,
        "pilot_injury": 0.3097,
        "pilot_skill": 0.7006,
        "mission_priority": 0.2242,
        "estimated_landing_time": 570.0,
        "wait_time": 0,
        "Landing_success_rate": 1.0
    },
    {
        "model": 0,
        "sequence": 13,
        "status": 1,
        "fuel": 5927,
        "fault": 0.7439,
        "weapon": 0,
        "pilot_injury": 0.9704,
        "pilot_skill": 0.0608,
        "mission_priority": 0.1081,
        "estimated_landing_time": 1228.0,
        "wait_time": 0,
        "Landing_success_rate": 1.0
    },
    {
        "model": 2,
        "sequence": 14,
        "status": 1,
        "fuel": 7421,
        "fault": 0.9373,
        "weapon": 0,
        "pilot_injury": 0.0399,
        "pilot_skill": 0.8259,
        "mission_priority": 0.4947,
        "estimated_landing_time": 1322.0,
        "wait_time": 0,
        "Landing_success_rate": 1.0
    },
    {
        "model": 2,
        "sequence": 4,
        "status": 1,
        "fuel": 6793,
        "fault": 0.0995,
        "weapon": 1,
        "pilot_injury": 0.8614,
        "pilot_skill": 0.1967,
        "mission_priority": 0.1604,
        "estimated_landing_time": 382.0,
        "wait_time": 0,
        "Landing_success_rate": 1.0
    },
    {
        "model": 0,
        "sequence": 24,
        "status": 1,
        "fuel": 7069,
        "fault": 0.8507,
        "weapon": 1,
        "pilot_injury": 0.8109,
        "pilot_skill": 0.331,
        "mission_priority": 0.1735,
        "estimated_landing_time": 2262.0,
        "wait_time": 0,
        "Landing_success_rate": 1.0
    },
    {
        "model": 0,
        "sequence": 18,
        "status": 1,
        "fuel": 7464,
        "fault": 0.89,
        "weapon": 0,
        "pilot_injury": 0.246,
        "pilot_skill": 0.8773,
        "mission_priority": 0.1039,
        "estimated_landing_time": 1698.0,
        "wait_time": 0,
        "Landing_success_rate": 1.0
    },
    {
        "model": 2,
        "sequence": 22,
        "status": 1,
        "fuel": 7010,
        "fault": 0.0929,
        "weapon": 1,
        "pilot_injury": 0.8456,
        "pilot_skill": 0.6512,
        "mission_priority": 0.9577,
        "estimated_landing_time": 2074.0,
        "wait_time": 0,
        "Landing_success_rate": 1.0
    },
    {
        "model": 0,
        "sequence": 8,
        "status": 1,
        "fuel": 7467,
        "fault": 0.7035,
        "weapon": 0,
        "pilot_injury": 0.562,
        "pilot_skill": 0.5378,
        "mission_priority": 0.591,
        "estimated_landing_time": 758.0,
        "wait_time": 0,
        "Landing_success_rate": 1.0
    },
    {
        "model": 2,
        "sequence": 12,
        "status": 1,
        "fuel": 6172,
        "fault": 0.4493,
        "weapon": 0,
        "pilot_injury": 0.035,
        "pilot_skill": 0.6638,
        "mission_priority": 0.5233,
        "estimated_landing_time": 1134.0,
        "wait_time": 0,
        "Landing_success_rate": 1.0
    },
    {
        "model": 2,
        "sequence": 20,
        "status": 1,
        "fuel": 6301,
        "fault": 0.9328,
        "weapon": 1,
        "pilot_injury": 0.8155,
        "pilot_skill": 0.4255,
        "mission_priority": 0.0967,
        "estimated_landing_time": 1886.0,
        "wait_time": 0,
        "Landing_success_rate": 1.0
    },
    {
        "model": 1,
        "sequence": 21,
        "status": 1,
        "fuel": 5890,
        "fault": 0.1159,
        "weapon": 1,
        "pilot_injury": 0.6295,
        "pilot_skill": 0.6708,
        "mission_priority": 0.3624,
        "estimated_landing_time": 1980.0,
        "wait_time": 0,
        "Landing_success_rate": 1.0
    },
    {
        "model": 2,
        "sequence": 17,
        "status": 1,
        "fuel": 6527,
        "fault": 0.7076,
        "weapon": 1,
        "pilot_injury": 0.3872,
        "pilot_skill": 0.657,
        "mission_priority": 0.7571,
        "estimated_landing_time": 1604.0,
        "wait_time": 0,
        "Landing_success_rate": 1.0
    },
    {
        "model": 1,
        "sequence": 23,
        "status": 1,
        "fuel": 7387,
        "fault": 0.0218,
        "weapon": 1,
        "pilot_injury": 0.1088,
        "pilot_skill": 0.6022,
        "mission_priority": 0.8009,
        "estimated_landing_time": 2168.0,
        "wait_time": 0,
        "Landing_success_rate": 1.0
    },
    {
        "model": 1,
        "sequence": 2,
        "status": 1,
        "fuel": 6528,
        "fault": 0.6614,
        "weapon": 1,
        "pilot_injury": 0.5464,
        "pilot_skill": 0.8349,
        "mission_priority": 0.3027,
        "estimated_landing_time": 194.0,
        "wait_time": 0,
        "Landing_success_rate": 1.0
    },
    {
        "model": 2,
        "sequence": 10,
        "status": 1,
        "fuel": 7063,
        "fault": 0.8481,
        "weapon": 0,
        "pilot_injury": 0.0217,
        "pilot_skill": 0.2395,
        "mission_priority": 0.5429,
        "estimated_landing_time": 946.0,
        "wait_time": 0,
        "Landing_success_rate": 1.0
    },
    {
        "model": 0,
        "sequence": 11,
        "status": 1,
        "fuel": 6913,
        "fault": 0.9773,
        "weapon": 1,
        "pilot_injury": 0.641,
        "pilot_skill": 0.3803,
        "mission_priority": 0.1846,
        "estimated_landing_time": 1040.0,
        "wait_time": 0,
        "Landing_success_rate": 1.0
    },
    {
        "model": 2,
        "sequence": 16,
        "status": 1,
        "fuel": 6954,
        "fault": 0.7187,
        "weapon": 1,
        "pilot_injury": 0.6954,
        "pilot_skill": 0.1812,
        "mission_priority": 0.0911,
        "estimated_landing_time": 1510.0,
        "wait_time": 0,
        "Landing_success_rate": 1.0
    },
    {
        "model": 1,
        "sequence": 3,
        "status": 1,
        "fuel": 6185,
        "fault": 0.5262,
        "weapon": 1,
        "pilot_injury": 0.6472,
        "pilot_skill": 0.1609,
        "mission_priority": 0.9303,
        "estimated_landing_time": 288.0,
        "wait_time": 0,
        "Landing_success_rate": 1.0
    }
]