[
    {
        "model": 0,
        "sequence": 3,
        "status": 1,
        "fuel": 6786,
        "fault": 0.2137,
        "weapon": 1,
        "pilot_injury": 0.5913,
        "pilot_skill": 0.1212,
        "mission_priority": 0.184,
        "estimated_landing_time": 288.0,
        "wait_time": 0,
        "Landing_success_rate": 1.0
    },
    {
        "model": 0,
        "sequence": 14,
        "status": 1,
        "fuel": 5970,
        "fault": 0.1542,
        "weapon": 0,
        "pilot_injury": 0.7344,
        "pilot_skill": 0.0725,
        "mission_priority": 0.8953,
        "estimated_landing_time": 1322.0,
        "wait_time": 0,
        "Landing_success_rate": 1.0
    },
    {
        "model": 2,
        "sequence": 24,
        "status": 1,
        "fuel": 6526,
        "fault": 0.1959,
        "weapon": 1,
        "pilot_injury": 0.9597,
        "pilot_skill": 0.1,
        "mission_priority": 0.4823,
        "estimated_landing_time": 2262.0,
        "wait_time": 0,
        "Landing_success_rate": 1.0
    },
    {
        "model": 1,
        "sequence": 2,
        "status": 1,
        "fuel": 6423,
        "fault": 0.7946,
        "weapon": 0,
        "pilot_injury": 0.2523,
        "pilot_skill": 0.9111,
        "mission_priority": 0.3985,
        "estimated_landing_time": 194.0,
        "wait_time": 0,
        "Landing_success_rate": 1.0
    },
    {
        "model": 1,
        "sequence": 8,
        "status": 1,
        "fuel": 7269,
        "fault": 0.5509,
        "weapon": 1,
        "pilot_injury": 0.9837,
        "pilot_skill": 0.5038,
        "mission_priority": 0.4558,
        "estimated_landing_time": 758.0,
        "wait_time": 0,
        "Landing_success_rate": 1.0
    },
    {
        "model": 0,
        "sequence": 9,
        "status": 1,
        "fuel": 6623,
        "fault": 0.1112,
        "weapon": 0,
        "pilot_injury": 0.6088,
        "pilot_skill": 0.0655,
        "mission_priority": 0.3804,
        "estimated_landing_time": 852.0,
        "wait_time": 0,
        "Landing_success_rate": 1.0
    },
    {
        "model": 2,
        "sequence": 5,
        "status": 1,
        "fuel": 5994,
        "fault": 0.6604,
        "weapon": 1,
        "pilot_injury": 0.4254,
        "pilot_skill": 0.127,
        "mission_priority": 0.2964,
        "estimated_landing_time": 476.0,
        "wait_time": 0,
        "Landing_success_rate": 1.0
    },
    {
        "model": 1,
        "sequence": 22,
        "status": 1,
        "fuel": 5629,
        "fault": 0.7469,
        "weapon": 1,
        "pilot_injury": 0.4623,
        "pilot_skill": 0.804,
        "mission_priority": 0.1124,
        "estimated_landing_time": 2074.0,
        "wait_time": 0,
        "Landing_success_rate": 1.0
    },
    {
        "model": 1,
        "sequence": 17,
        "status": 1,
        "fuel": 5963,
        "fault": 0.8012,
        "weapon": 1,
        "pilot_injury": 0.5358,
        "pilot_skill": 0.7062,
        "mission_priority": 0.1305,
        "estimated_landing_time": 1604.0,
        "wait_time": 0,
        "Landing_success_rate": 1.0
    },
    {
        "model": 1,
        "sequence": 7,
        "status": 1,
        "fuel": 5672,
        "fault": 0.681,
        "weapon": 0,
        "pilot_injury": 0.9873,
        "pilot_skill": 0.7175,
        "mission_priority": 0.6575,
        "estimated_landing_time": 664.0,
        "wait_time": 0,
        "Landing_success_rate": 1.0
    },
    {
        "model": 1,
        "sequence": 4,
        "status": 1,
        "fuel": 7137,
        "fault": 0.3528,
        "weapon": 1,
        "pilot_injury": 0.9805,
        "pilot_skill": 0.5381,
        "mission_priority": 0.4552,
        "estimated_landing_time": 382.0,
        "wait_time": 0,
        "Landing_success_rate": 1.0
    },
    {
        "model": 0,
        "sequence": 16,
        "status": 1,
        "fuel": 5954,
        "fault": 0.9999,
        "weapon": 0,
        "pilot_injury": 0.5314,
        "pilot_skill": 0.2736,
        "mission_priority": 0.9268,
        "estimated_landing_time": 1510.0,
        "wait_time": 0,
        "Landing_success_rate": 1.0
    },
    {
        "model": 1,
        "sequence": 11,
        "status": 1,
        "fuel": 6000,
        "fault": 0.842,
        "weapon": 1,
        "pilot_injury": 0.3239,
        "pilot_skill": 0.6087,
        "mission_priority": 0.8762,
        "estimated_landing_time": 1040.0,
        "wait_time": 0,
        "Landing_success_rate": 1.0
    },
    {
        "model": 1,
        "sequence": 20,
        "status": 1,
        "fuel": 6871,
        "fault": 0.4984,
        "weapon": 0,
        "pilot_injury": 0.4284,
        "pilot_skill": 0.4647,
        "mission_priority": 0.9776,
        "estimated_landing_time": 1886.0,
        "wait_time": 0,
        "Landing_success_rate": 1.0
    },
    {
        "model": 2,
        "sequence": 12,
        "status": 1,
        "fuel": 7328,
        "fault": 0.1944,
        "weapon": 0,
        "pilot_injury": 0.0261,
        "pilot_skill": 0.5654,
        "mission_priority": 0.0961,
        "estimated_landing_time": 1134.0,
        "wait_time": 0,
        "Landing_success_rate": 1.0
    },
    {
        "model": 2,
        "sequence": 18,
        "status": 1,
        "fuel": 6309,
        "fault": 0.4049,
        "weapon": 0,
        "pilot_injury": 0.4605,
        "pilot_skill": 0.4292,
        "mission_priority": 0.8973,
        "estimated_landing_time": 1698.0,
        "wait_time": 0,
        "Landing_success_rate": 1.0
    },
    {
        "model": 0,
        "sequence": 10,
        "status": 1,
        "fuel": 5517,
        "fault": 0.4157,
        "weapon": 0,
        "pilot_injury": 0.9392,
        "pilot_skill": 0.8092,
        "mission_priority": 0.8206,
        "estimated_landing_time": 946.0,
        "wait_time": 0,
        "Landing_success_rate": 1.0
    },
    {
        "model": 0,
        "sequence": 21,
        "status": 1,
        "fuel": 5710,
        "fault": 0.2718,
        "weapon": 0,
        "pilot_injury": 0.026,
        "pilot_skill": 0.237,
        "mission_priority": 0.7742,
        "estimated_landing_time": 1980.0,
        "wait_time": 0,
        "Landing_success_rate": 1.0
    },
    {
        "model": 0,
        "sequence": 15,
        "status": 1,
        "fuel": 5610,
        "fault": 0.1992,
        "weapon": 1,
        "pilot_injury": 0.2519,
        "pilot_skill": 0.3953,
        "mission_priority": 0.9832,
        "estimated_landing_time": 1416.0,
        "wait_time": 0,
        "Landing_success_rate": 1.0
    },
    {
        "model": 0,
        "sequence": 19,
        "status": 1,
        "fuel": 6360,
        "fault": 0.3607,
        "weapon": 1,
        "pilot_injury": 0.3011,
        "pilot_skill": 0.1096,
        "mission_priority": 0.4899,
        "estimated_landing_time": 1792.0,
        "wait_time": 0,
        "Landing_success_rate": 1.0
    },
    {
        "model": 1,
        "sequence": 1,
        "status": 1,
        "fuel": 7309,
        "fault": 0.4474,
        "weapon": 1,
        "pilot_injury": 0.8176,
        "pilot_skill": 0.5442,
        "mission_priority": 0.0322,
        "estimated_landing_time": 100.0,
        "wait_time": 0,
        "Landing_success_rate": 1.0
    },
    {
        "model": 2,
        "sequence": 13,
        "status": 1,
        "fuel": 6021,
        "fault": 0.4622,
        "weapon": 1,
        "pilot_injury": 0.6164,
        "pilot_skill": 0.685,
        "mission_priority": 0.1978,
        "estimated_landing_time": 1228.0,
        "wait_time": 0,
        "Landing_success_rate": 1.0
    },
    {
        "model": 1,
        "sequence": 23,
        "status": 1,
        "fuel": 6348,
        "fault": 0.527,
        "weapon": 0,
        "pilot_injury": 0.8131,
        "pilot_skill": 0.3051,
        "mission_priority": 0.5866,
        "estimated_landing_time": 2168.0,
        "wait_time": 0,
        "Landing_success_rate": 1.0
    },
    {
        "model": 1,
        "sequence": 6,
        "status": 1,
        "fuel": 6333,
        "fault": 0.8644,
        "weapon": 1,
        "pilot_injury": 0.82,
        "pilot_skill": 0.0095,
        "mission_priority": 0.0036,
        "estimated_landing_time": 570.0,
        "wait_time": 0,
        "Landing_success_rate": 1.0
    }
]