[
    {
        "model": 2,
        "sequence": 22,
        "status": 1,
        "fuel": 6064,
        "fault": 0.6608,
        "weapon": 1,
        "pilot_injury": 0.862,
        "pilot_skill": 0.6611,
        "mission_priority": 0.0305,
        "estimated_landing_time": 2074.0,
        "wait_time": 0,
        "Landing_success_rate": 1.0
    },
    {
        "model": 2,
        "sequence": 10,
        "status": 1,
        "fuel": 6936,
        "fault": 0.6011,
        "weapon": 0,
        "pilot_injury": 0.3785,
        "pilot_skill": 0.3286,
        "mission_priority": 0.4798,
        "estimated_landing_time": 946.0,
        "wait_time": 0,
        "Landing_success_rate": 1.0
    },
    {
        "model": 0,
        "sequence": 20,
        "status": 1,
        "fuel": 5844,
        "fault": 0.9557,
        "weapon": 1,
        "pilot_injury": 0.101,
        "pilot_skill": 0.8646,
        "mission_priority": 0.0263,
        "estimated_landing_time": 1886.0,
        "wait_time": 0,
        "Landing_success_rate": 1.0
    },
    {
        "model": 1,
        "sequence": 16,
        "status": 1,
        "fuel": 5966,
        "fault": 0.5404,
        "weapon": 0,
        "pilot_injury": 0.5082,
        "pilot_skill": 0.1323,
        "mission_priority": 0.9023,
        "estimated_landing_time": 1510.0,
        "wait_time": 0,
        "Landing_success_rate": 1.0
    },
    {
        "model": 1,
        "sequence": 15,
        "status": 1,
        "fuel": 6610,
        "fault": 0.2748,
        "weapon": 1,
        "pilot_injury": 0.6832,
        "pilot_skill": 0.1847,
        "mission_priority": 0.3083,
        "estimated_landing_time": 1416.0,
        "wait_time": 0,
        "Landing_success_rate": 1.0
    },
    {
        "model": 0,
        "sequence": 1,
        "status": 1,
        "fuel": 6449,
        "fault": 0.6304,
        "weapon": 1,
        "pilot_injury": 0.9265,
        "pilot_skill": 0.384,
        "mission_priority": 0.7031,
        "estimated_landing_time": 100.0,
        "wait_time": 0,
        "Landing_success_rate": 1.0
    },
    {
        "model": 1,
        "sequence": 13,
        "status": 1,
        "fuel": 6804,
        "fault": 0.2887,
        "weapon": 1,
        "pilot_injury": 0.8627,
        "pilot_skill": 0.4207,
        "mission_priority": 0.7324,
        "estimated_landing_time": 1228.0,
        "wait_time": 0,
        "Landing_success_rate": 1.0
    },
    {
        "model": 1,
        "sequence": 2,
        "status": 1,
        "fuel": 6544,
        "fault": 0.9062,
        "weapon": 1,
        "pilot_injury": 0.0271,
        "pilot_skill": 0.9714,
        "mission_priority": 0.8135,
        "estimated_landing_time": 194.0,
        "wait_time": 0,
        "Landing_success_rate": 1.0
    },
    {
        "model": 2,
        "sequence": 12,
        "status": 1,
        "fuel": 5955,
        "fault": 0.9313,
        "weapon": 1,
        "pilot_injury": 0.605,
        "pilot_skill": 0.8537,
        "mission_priority": 0.0667,
        "estimated_landing_time": 1134.0,
        "wait_time": 0,
        "Landing_success_rate": 1.0
    },
    {
        "model": 0,
        "sequence": 19,
        "status": 1,
        "fuel": 6142,
        "fault": 0.3441,
        "weapon": 1,
        "pilot_injury": 0.1064,
        "pilot_skill": 0.4889,
        "mission_priority": 0.4427,
        "estimated_landing_time": 1792.0,
        "wait_time": 0,
        "Landing_success_rate": 1.0
    },
    {
        "model": 0,
        "sequence": 17,
        "status": 1,
        "fuel": 5909,
        "fault": 0.0855,
        "weapon": 0,
        "pilot_injury": 0.9671,
        "pilot_skill": 0.2886,
        "mission_priority": 0.2134,
        "estimated_landing_time": 1604.0,
        "wait_time": 0,
        "Landing_success_rate": 1.0
    },
    {
        "model": 0,
        "sequence": 8,
        "status": 1,
        "fuel": 5760,
        "fault": 0.6736,
        "weapon": 1,
        "pilot_injury": 0.7251,
        "pilot_skill": 0.7542,
        "mission_priority": 0.0368,
        "estimated_landing_time": 758.0,
        "wait_time": 0,
        "Landing_success_rate": 1.0
    },
    {
        "model": 0,
        "sequence": 11,
        "status": 1,
        "fuel": 6339,
        "fault": 0.3153,
        "weapon": 1,
        "pilot_injury": 0.9049,
        "pilot_skill": 0.6022,
        "mission_priority": 0.0523,
        "estimated_landing_time": 1040.0,
        "wait_time": 0,
        "Landing_success_rate": 1.0
    },
    {
        "model": 2,
        "sequence": 14,
        "status": 1,
        "fuel": 6594,
        "fault": 0.8826,
        "weapon": 0,
        "pilot_injury": 0.7485,
        "pilot_skill": 0.0635,
        "mission_priority": 0.1857,
        "estimated_landing_time": 1322.0,
        "wait_time": 0,
        "Landing_success_rate": 1.0
    },
    {
        "model": 1,
        "sequence": 7,
        "status": 1,
        "fuel": 5902,
        "fault": 0.335,
        "weapon": 1,
        "pilot_injury": 0.4065,
        "pilot_skill": 0.4634,
        "mission_priority": 0.7132,
        "estimated_landing_time": 664.0,
        "wait_time": 0,
        "Landing_success_rate": 1.0
    },
    {
        "model": 1,
        "sequence": 6,
        "status": 1,
        "fuel": 7257,
        "fault": 0.4383,
        "weapon": 1,
        "pilot_injury": 0.3034,
        "pilot_skill": 0.3536,
        "mission_priority": 0.6138,
        "estimated_landing_time": 570.0,
        "wait_time": 0,
        "Landing_success_rate": 1.0
    },
    {
        "model": 2,
        "sequence": 9,
        "status": 1,
        "fuel": 7225,
        "fault": 0.7389,
        "weapon": 1,
        "pilot_injury": 0.5605,
        "pilot_skill": 0.8036,
        "mission_priority": 0.4434,
        "estimated_landing_time": 852.0,
        "wait_time": 0,
        "Landing_success_rate": 1.0
    },
    {
        "model": 1,
        "sequence": 5,
        "status": 1,
        "fuel": 5784,
        "fault": 0.8301,
        "weapon": 0,
        "pilot_injury": 0.2212,
        "pilot_skill": 0.3859,
        "mission_priority": 0.6248,
        "estimated_landing_time": 476.0,
        "wait_time": 0,
        "Landing_success_rate": 1.0
    },
    {
        "model": 0,
        "sequence": 23,
        "status": 1,
        "fuel": 7414,
        "fault": 0.254,
        "weapon": 1,
        "pilot_injury": 0.5988,
        "pilot_skill": 0.9674,
        "mission_priority": 0.877,
        "estimated_landing_time": 2168.0,
        "wait_time": 0,
        "Landing_success_rate": 1.0
    },
    {
        "model": 2,
        "sequence": 3,
        "status": 1,
        "fuel": 6629,
        "fault": 0.0782,
        "weapon": 0,
        "pilot_injury": 0.0564,
        "pilot_skill": 0.2408,
        "mission_priority": 0.7749,
        "estimated_landing_time": 288.0,
        "wait_time": 0,
        "Landing_success_rate": 1.0
    },
    {
        "model": 2,
        "sequence": 21,
        "status": 1,
        "fuel": 5952,
        "fault": 0.5582,
        "weapon": 1,
        "pilot_injury": 0.944,
        "pilot_skill": 0.8239,
        "mission_priority": 0.7818,
        "estimated_landing_time": 1980.0,
        "wait_time": 0,
        "Landing_success_rate": 1.0
    },
    {
        "model": 0,
        "sequence": 24,
        "status": 1,
        "fuel": 6470,
        "fault": 0.0737,
        "weapon": 0,
        "pilot_injury": 0.1206,
        "pilot_skill": 0.5166,
        "mission_priority": 0.4442,
        "estimated_landing_time": 2262.0,
        "wait_time": 0,
        "Landing_success_rate": 1.0
    },
    {
        "model": 0,
        "sequence": 18,
        "status": 1,
        "fuel": 5801,
        "fault": 0.8991,
        "weapon": 1,
        "pilot_injury": 0.4641,
        "pilot_skill": 0.0603,
        "mission_priority": 0.275,
        "estimated_landing_time": 1698.0,
        "wait_time": 0,
        "Landing_success_rate": 1.0
    },
    {
        "model": 0,
        "sequence": 4,
        "status": 1,
        "fuel": 5714,
        "fault": 0.9817,
        "weapon": 1,
        "pilot_injury": 0.6474,
        "pilot_skill": 0.5604,
        "mission_priority": 0.5066,
        "estimated_landing_time": 382.0,
        "wait_time": 0,
        "Landing_success_rate": 1.0
    }
]