[
    {
        "model": 1,
        "sequence": 4,
        "status": 1,
        "fuel": 6077,
        "fault": 0.6964,
        "weapon": 1,
        "pilot_injury": 0.5713,
        "pilot_skill": 0.0077,
        "mission_priority": 0.6529,
        "estimated_landing_time": 382.0,
        "wait_time": 0,
        "Landing_success_rate": 1.0
    },
    {
        "model": 2,
        "sequence": 8,
        "status": 1,
        "fuel": 6189,
        "fault": 0.7027,
        "weapon": 1,
        "pilot_injury": 0.1635,
        "pilot_skill": 0.2557,
        "mission_priority": 0.2474,
        "estimated_landing_time": 758.0,
        "wait_time": 0,
        "Landing_success_rate": 1.0
    },
    {
        "model": 0,
        "sequence": 22,
        "status": 1,
        "fuel": 6301,
        "fault": 0.2102,
        "weapon": 0,
        "pilot_injury": 0.4288,
        "pilot_skill": 0.8713,
        "mission_priority": 0.7695,
        "estimated_landing_time": 2074.0,
        "wait_time": 0,
        "Landing_success_rate": 1.0
    },
    {
        "model": 2,
        "sequence": 3,
        "status": 1,
        "fuel": 5789,
        "fault": 0.3819,
        "weapon": 0,
        "pilot_injury": 0.3873,
        "pilot_skill": 0.3097,
        "mission_priority": 0.0307,
        "estimated_landing_time": 288.0,
        "wait_time": 0,
        "Landing_success_rate": 1.0
    },
    {
        "model": 0,
        "sequence": 17,
        "status": 1,
        "fuel": 6318,
        "fault": 0.8954,
        "weapon": 0,
        "pilot_injury": 0.1577,
        "pilot_skill": 0.7363,
        "mission_priority": 0.0372,
        "estimated_landing_time": 1604.0,
        "wait_time": 0,
        "Landing_success_rate": 1.0
    },
    {
        "model": 1,
        "sequence": 24,
        "status": 1,
        "fuel": 7178,
        "fault": 0.9222,
        "weapon": 0,
        "pilot_injury": 0.2555,
        "pilot_skill": 0.7288,
        "mission_priority": 0.9959,
        "estimated_landing_time": 2262.0,
        "wait_time": 0,
        "Landing_success_rate": 1.0
    },
    {
        "model": 1,
        "sequence": 12,
        "status": 1,
        "fuel": 5941,
        "fault": 0.5256,
        "weapon": 1,
        "pilot_injury": 0.9006,
        "pilot_skill": 0.0512,
        "mission_priority": 0.725,
        "estimated_landing_time": 1134.0,
        "wait_time": 0,
        "Landing_success_rate": 1.0
    },
    {
        "model": 1,
        "sequence": 20,
        "status": 1,
        "fuel": 6480,
        "fault": 0.354,
        "weapon": 0,
        "pilot_injury": 0.9876,
        "pilot_skill": 0.3609,
        "mission_priority": 0.8205,
        "estimated_landing_time": 1886.0,
        "wait_time": 0,
        "Landing_success_rate": 1.0
    },
    {
        "model": 1,
        "sequence": 23,
        "status": 1,
        "fuel": 5531,
        "fault": 0.1278,
        "weapon": 1,
        "pilot_injury": 0.9654,
        "pilot_skill": 0.4355,
        "mission_priority": 0.5593,
        "estimated_landing_time": 2168.0,
        "wait_time": 0,
        "Landing_success_rate": 1.0
    },
    {
        "model": 1,
        "sequence": 16,
        "status": 1,
        "fuel": 6653,
        "fault": 0.074,
        "weapon": 1,
        "pilot_injury": 0.2567,
        "pilot_skill": 0.6112,
        "mission_priority": 0.3247,
        "estimated_landing_time": 1510.0,
        "wait_time": 0,
        "Landing_success_rate": 1.0
    },
    {
        "model": 2,
        "sequence": 18,
        "status": 1,
        "fuel": 7242,
        "fault": 0.5719,
        "weapon": 1,
        "pilot_injury": 0.6207,
        "pilot_skill": 0.8821,
        "mission_priority": 0.3514,
        "estimated_landing_time": 1698.0,
        "wait_time": 0,
        "Landing_success_rate": 1.0
    },
    {
        "model": 2,
        "sequence": 6,
        "status": 1,
        "fuel": 7419,
        "fault": 0.2649,
        "weapon": 1,
        "pilot_injury": 0.4147,
        "pilot_skill": 0.9033,
        "mission_priority": 0.3628,
        "estimated_landing_time": 570.0,
        "wait_time": 0,
        "Landing_success_rate": 1.0
    },
    {
        "model": 0,
        "sequence": 13,
        "status": 1,
        "fuel": 6919,
        "fault": 0.2479,
        "weapon": 1,
        "pilot_injury": 0.8909,
        "pilot_skill": 0.988,
        "mission_priority": 0.2889,
        "estimated_landing_time": 1228.0,
        "wait_time": 0,
        "Landing_success_rate": 1.0
    },
    {
        "model": 2,
        "sequence": 7,
        "status": 1,
        "fuel": 7008,
        "fault": 0.572,
        "weapon": 0,
        "pilot_injury": 0.7095,
        "pilot_skill": 0.6124,
        "mission_priority": 0.9511,
        "estimated_landing_time": 664.0,
        "wait_time": 0,
        "Landing_success_rate": 1.0
    },
    {
        "model": 0,
        "sequence": 19,
        "status": 1,
        "fuel": 6570,
        "fault": 0.5953,
        "weapon": 1,
        "pilot_injury": 0.5417,
        "pilot_skill": 0.3273,
        "mission_priority": 0.7017,
        "estimated_landing_time": 1792.0,
        "wait_time": 0,
        "Landing_success_rate": 1.0
    },
    {
        "model": 0,
        "sequence": 9,
        "status": 1,
        "fuel": 7476,
        "fault": 0.4938,
        "weapon": 0,
        "pilot_injury": 0.1523,
        "pilot_skill": 0.5279,
        "mission_priority": 0.5943,
        "estimated_landing_time": 852.0,
        "wait_time": 0,
        "Landing_success_rate": 1.0
    },
    {
        "model": 2,
        "sequence": 14,
        "status": 1,
        "fuel": 5592,
        "fault": 0.0448,
        "weapon": 1,
        "pilot_injury": 0.57,
        "pilot_skill": 0.1684,
        "mission_priority": 0.6637,
        "estimated_landing_time": 1322.0,
        "wait_time": 0,
        "Landing_success_rate": 1.0
    },
    {
        "model": 2,
        "sequence": 1,
        "status": 1,
        "fuel": 6553,
        "fault": 0.472,
        "weapon": 1,
        "pilot_injury": 0.7783,
        "pilot_skill": 0.7244,
        "mission_priority": 0.7007,
        "estimated_landing_time": 100.0,
        "wait_time": 0,
        "Landing_success_rate": 1.0
    },
    {
        "model": 0,
        "sequence": 10,
        "status": 1,
        "fuel": 6757,
        "fault": 0.2299,
        "weapon": 1,
        "pilot_injury": 0.6555,
        "pilot_skill": 0.4669,
        "mission_priority": 0.4696,
        "estimated_landing_time": 946.0,
        "wait_time": 0,
        "Landing_success_rate": 1.0
    },
    {
        "model": 2,
        "sequence": 11,
        "status": 1,
        "fuel": 5817,
        "fault": 0.9371,
        "weapon": 0,
        "pilot_injury": 0.2495,
        "pilot_skill": 0.3166,
        "mission_priority": 0.963,
        "estimated_landing_time": 1040.0,
        "wait_time": 0,
        "Landing_success_rate": 1.0
    },
    {
        "model": 2,
        "sequence": 15,
        "status": 1,
        "fuel": 6580,
        "fault": 0.6796,
        "weapon": 1,
        "pilot_injury": 0.9061,
        "pilot_skill": 0.2266,
        "mission_priority": 0.7059,
        "estimated_landing_time": 1416.0,
        "wait_time": 0,
        "Landing_success_rate": 1.0
    },
    {
        "model": 2,
        "sequence": 2,
        "status": 1,
        "fuel": 6243,
        "fault": 0.8887,
        "weapon": 1,
        "pilot_injury": 0.7179,
        "pilot_skill": 0.2072,
        "mission_priority": 0.159,
        "estimated_landing_time": 194.0,
        "wait_time": 0,
        "Landing_success_rate": 1.0
    },
    {
        "model": 1,
        "sequence": 21,
        "status": 1,
        "fuel": 7186,
        "fault": 0.9303,
        "weapon": 1,
        "pilot_injury": 0.974,
        "pilot_skill": 0.4515,
        "mission_priority": 0.1116,
        "estimated_landing_time": 1980.0,
        "wait_time": 0,
        "Landing_success_rate": 1.0
    },
    {
        "model": 1,
        "sequence": 5,
        "status": 1,
        "fuel": 6822,
        "fault": 0.4316,
        "weapon": 0,
        "pilot_injury": 0.1486,
        "pilot_skill": 0.4228,
        "mission_priority": 0.9642,
        "estimated_landing_time": 476.0,
        "wait_time": 0,
        "Landing_success_rate": 1.0
    }
]