[
    {
        "model": 0,
        "sequence": 23,
        "status": 1,
        "fuel": 6092,
        "fault": 0.22,
        "weapon": 1,
        "pilot_injury": 0.7184,
        "pilot_skill": 0.3714,
        "mission_priority": 0.6062,
        "estimated_landing_time": 2168.0,
        "wait_time": 0,
        "Landing_success_rate": 1.0
    },
    {
        "model": 0,
        "sequence": 7,
        "status": 1,
        "fuel": 5664,
        "fault": 0.6079,
        "weapon": 0,
        "pilot_injury": 0.5128,
        "pilot_skill": 0.7263,
        "mission_priority": 0.4763,
        "estimated_landing_time": 664.0,
        "wait_time": 0,
        "Landing_success_rate": 1.0
    },
    {
        "model": 0,
        "sequence": 13,
        "status": 1,
        "fuel": 5899,
        "fault": 0.9445,
        "weapon": 0,
        "pilot_injury": 0.6613,
        "pilot_skill": 0.8472,
        "mission_priority": 0.7853,
        "estimated_landing_time": 1228.0,
        "wait_time": 0,
        "Landing_success_rate": 1.0
    },
    {
        "model": 0,
        "sequence": 20,
        "status": 1,
        "fuel": 6760,
        "fault": 0.296,
        "weapon": 0,
        "pilot_injury": 0.2342,
        "pilot_skill": 0.9891,
        "mission_priority": 0.2605,
        "estimated_landing_time": 1886.0,
        "wait_time": 0,
        "Landing_success_rate": 1.0
    },
    {
        "model": 1,
        "sequence": 10,
        "status": 1,
        "fuel": 7215,
        "fault": 0.2459,
        "weapon": 0,
        "pilot_injury": 0.876,
        "pilot_skill": 0.0515,
        "mission_priority": 0.301,
        "estimated_landing_time": 946.0,
        "wait_time": 0,
        "Landing_success_rate": 1.0
    },
    {
        "model": 0,
        "sequence": 12,
        "status": 1,
        "fuel": 7161,
        "fault": 0.7779,
        "weapon": 0,
        "pilot_injury": 0.07,
        "pilot_skill": 0.6641,
        "mission_priority": 0.5281,
        "estimated_landing_time": 1134.0,
        "wait_time": 0,
        "Landing_success_rate": 1.0
    },
    {
        "model": 1,
        "sequence": 9,
        "status": 1,
        "fuel": 6350,
        "fault": 0.4886,
        "weapon": 1,
        "pilot_injury": 0.195,
        "pilot_skill": 0.7933,
        "mission_priority": 0.7039,
        "estimated_landing_time": 852.0,
        "wait_time": 0,
        "Landing_success_rate": 1.0
    },
    {
        "model": 0,
        "sequence": 8,
        "status": 1,
        "fuel": 6262,
        "fault": 0.7749,
        "weapon": 0,
        "pilot_injury": 0.104,
        "pilot_skill": 0.2786,
        "mission_priority": 0.2601,
        "estimated_landing_time": 758.0,
        "wait_time": 0,
        "Landing_success_rate": 1.0
    },
    {
        "model": 2,
        "sequence": 14,
        "status": 1,
        "fuel": 6704,
        "fault": 0.5295,
        "weapon": 1,
        "pilot_injury": 0.1111,
        "pilot_skill": 0.2896,
        "mission_priority": 0.8719,
        "estimated_landing_time": 1322.0,
        "wait_time": 0,
        "Landing_success_rate": 1.0
    },
    {
        "model": 0,
        "sequence": 17,
        "status": 1,
        "fuel": 7427,
        "fault": 0.7425,
        "weapon": 1,
        "pilot_injury": 0.3885,
        "pilot_skill": 0.6413,
        "mission_priority": 0.2782,
        "estimated_landing_time": 1604.0,
        "wait_time": 0,
        "Landing_success_rate": 1.0
    },
    {
        "model": 1,
        "sequence": 15,
        "status": 1,
        "fuel": 5945,
        "fault": 0.1121,
        "weapon": 0,
        "pilot_injury": 0.2234,
        "pilot_skill": 0.6044,
        "mission_priority": 0.9042,
        "estimated_landing_time": 1416.0,
        "wait_time": 0,
        "Landing_success_rate": 1.0
    },
    {
        "model": 1,
        "sequence": 11,
        "status": 1,
        "fuel": 5858,
        "fault": 0.5211,
        "weapon": 1,
        "pilot_injury": 0.3454,
        "pilot_skill": 0.4268,
        "mission_priority": 0.365,
        "estimated_landing_time": 1040.0,
        "wait_time": 0,
        "Landing_success_rate": 1.0
    },
    {
        "model": 2,
        "sequence": 3,
        "status": 1,
        "fuel": 6268,
        "fault": 0.1823,
        "weapon": 1,
        "pilot_injury": 0.6986,
        "pilot_skill": 0.7582,
        "mission_priority": 0.8231,
        "estimated_landing_time": 288.0,
        "wait_time": 0,
        "Landing_success_rate": 1.0
    },
    {
        "model": 0,
        "sequence": 21,
        "status": 1,
        "fuel": 5758,
        "fault": 0.4686,
        "weapon": 1,
        "pilot_injury": 0.6377,
        "pilot_skill": 0.9579,
        "mission_priority": 0.4248,
        "estimated_landing_time": 1980.0,
        "wait_time": 0,
        "Landing_success_rate": 1.0
    },
    {
        "model": 2,
        "sequence": 5,
        "status": 1,
        "fuel": 6178,
        "fault": 0.1488,
        "weapon": 1,
        "pilot_injury": 0.7763,
        "pilot_skill": 0.0257,
        "mission_priority": 0.4974,
        "estimated_landing_time": 476.0,
        "wait_time": 0,
        "Landing_success_rate": 1.0
    },
    {
        "model": 0,
        "sequence": 6,
        "status": 1,
        "fuel": 6310,
        "fault": 0.1455,
        "weapon": 1,
        "pilot_injury": 0.3121,
        "pilot_skill": 0.9556,
        "mission_priority": 0.4261,
        "estimated_landing_time": 570.0,
        "wait_time": 0,
        "Landing_success_rate": 1.0
    },
    {
        "model": 0,
        "sequence": 2,
        "status": 1,
        "fuel": 6424,
        "fault": 0.1805,
        "weapon": 0,
        "pilot_injury": 0.0338,
        "pilot_skill": 0.516,
        "mission_priority": 0.5943,
        "estimated_landing_time": 194.0,
        "wait_time": 0,
        "Landing_success_rate": 1.0
    },
    {
        "model": 1,
        "sequence": 18,
        "status": 1,
        "fuel": 6419,
        "fault": 0.6603,
        "weapon": 0,
        "pilot_injury": 0.1357,
        "pilot_skill": 0.8782,
        "mission_priority": 0.9554,
        "estimated_landing_time": 1698.0,
        "wait_time": 0,
        "Landing_success_rate": 1.0
    },
    {
        "model": 2,
        "sequence": 22,
        "status": 1,
        "fuel": 7140,
        "fault": 0.8427,
        "weapon": 1,
        "pilot_injury": 0.2154,
        "pilot_skill": 0.8602,
        "mission_priority": 0.4457,
        "estimated_landing_time": 2074.0,
        "wait_time": 0,
        "Landing_success_rate": 1.0
    },
    {
        "model": 2,
        "sequence": 16,
        "status": 1,
        "fuel": 5861,
        "fault": 0.9504,
        "weapon": 1,
        "pilot_injury": 0.3199,
        "pilot_skill": 0.2432,
        "mission_priority": 0.3425,
        "estimated_landing_time": 1510.0,
        "wait_time": 0,
        "Landing_success_rate": 1.0
    },
    {
        "model": 1,
        "sequence": 24,
        "status": 1,
        "fuel": 6924,
        "fault": 0.9303,
        "weapon": 0,
        "pilot_injury": 0.2535,
        "pilot_skill": 0.8178,
        "mission_priority": 0.0548,
        "estimated_landing_time": 2262.0,
        "wait_time": 0,
        "Landing_success_rate": 1.0
    },
    {
        "model": 1,
        "sequence": 19,
        "status": 1,
        "fuel": 7195,
        "fault": 0.0466,
        "weapon": 0,
        "pilot_injury": 0.7313,
        "pilot_skill": 0.9275,
        "mission_priority": 0.75,
        "estimated_landing_time": 1792.0,
        "wait_time": 0,
        "Landing_success_rate": 1.0
    },
    {
        "model": 2,
        "sequence": 4,
        "status": 1,
        "fuel": 6560,
        "fault": 0.8446,
        "weapon": 0,
        "pilot_injury": 0.8064,
        "pilot_skill": 0.4607,
        "mission_priority": 0.0753,
        "estimated_landing_time": 382.0,
        "wait_time": 0,
        "Landing_success_rate": 1.0
    },
    {
        "model": 1,
        "sequence": 1,
        "status": 1,
        "fuel": 6444,
        "fault": 0.7957,
        "weapon": 0,
        "pilot_injury": 0.0489,
        "pilot_skill": 0.9028,
        "mission_priority": 0.4831,
        "estimated_landing_time": 100.0,
        "wait_time": 0,
        "Landing_success_rate": 1.0
    }
]