[
    {
        "model": 0,
        "sequence": 9,
        "status": 1,
        "fuel": 6092,
        "fault": 0.7056,
        "weapon": 1,
        "pilot_injury": 0.8418,
        "pilot_skill": 0.2494,
        "mission_priority": 0.1456,
        "estimated_landing_time": 852.0,
        "wait_time": 0,
        "Landing_success_rate": 1.0
    },
    {
        "model": 0,
        "sequence": 20,
        "status": 1,
        "fuel": 6148,
        "fault": 0.9776,
        "weapon": 0,
        "pilot_injury": 0.3261,
        "pilot_skill": 0.9765,
        "mission_priority": 0.8808,
        "estimated_landing_time": 1886.0,
        "wait_time": 0,
        "Landing_success_rate": 1.0
    },
    {
        "model": 0,
        "sequence": 7,
        "status": 1,
        "fuel": 6130,
        "fault": 0.7344,
        "weapon": 1,
        "pilot_injury": 0.9629,
        "pilot_skill": 0.684,
        "mission_priority": 0.832,
        "estimated_landing_time": 664.0,
        "wait_time": 0,
        "Landing_success_rate": 1.0
    },
    {
        "model": 1,
        "sequence": 8,
        "status": 1,
        "fuel": 6070,
        "fault": 0.2965,
        "weapon": 1,
        "pilot_injury": 0.8869,
        "pilot_skill": 0.4864,
        "mission_priority": 0.9686,
        "estimated_landing_time": 758.0,
        "wait_time": 0,
        "Landing_success_rate": 1.0
    },
    {
        "model": 1,
        "sequence": 13,
        "status": 1,
        "fuel": 6066,
        "fault": 0.9062,
        "weapon": 1,
        "pilot_injury": 0.2224,
        "pilot_skill": 0.3682,
        "mission_priority": 0.594,
        "estimated_landing_time": 1228.0,
        "wait_time": 0,
        "Landing_success_rate": 1.0
    },
    {
        "model": 2,
        "sequence": 10,
        "status": 1,
        "fuel": 7212,
        "fault": 0.7738,
        "weapon": 0,
        "pilot_injury": 0.4763,
        "pilot_skill": 0.0768,
        "mission_priority": 0.496,
        "estimated_landing_time": 946.0,
        "wait_time": 0,
        "Landing_success_rate": 1.0
    },
    {
        "model": 2,
        "sequence": 3,
        "status": 1,
        "fuel": 6537,
        "fault": 0.5784,
        "weapon": 1,
        "pilot_injury": 0.1823,
        "pilot_skill": 0.3939,
        "mission_priority": 0.9661,
        "estimated_landing_time": 288.0,
        "wait_time": 0,
        "Landing_success_rate": 1.0
    },
    {
        "model": 1,
        "sequence": 22,
        "status": 1,
        "fuel": 6410,
        "fault": 0.418,
        "weapon": 0,
        "pilot_injury": 0.0906,
        "pilot_skill": 0.157,
        "mission_priority": 0.6049,
        "estimated_landing_time": 2074.0,
        "wait_time": 0,
        "Landing_success_rate": 1.0
    },
    {
        "model": 2,
        "sequence": 17,
        "status": 1,
        "fuel": 5713,
        "fault": 0.2826,
        "weapon": 1,
        "pilot_injury": 0.8799,
        "pilot_skill": 0.8172,
        "mission_priority": 0.888,
        "estimated_landing_time": 1604.0,
        "wait_time": 0,
        "Landing_success_rate": 1.0
    },
    {
        "model": 2,
        "sequence": 12,
        "status": 1,
        "fuel": 5982,
        "fault": 0.3437,
        "weapon": 0,
        "pilot_injury": 0.4592,
        "pilot_skill": 0.7398,
        "mission_priority": 0.5213,
        "estimated_landing_time": 1134.0,
        "wait_time": 0,
        "Landing_success_rate": 1.0
    },
    {
        "model": 0,
        "sequence": 15,
        "status": 1,
        "fuel": 6011,
        "fault": 0.5276,
        "weapon": 0,
        "pilot_injury": 0.3571,
        "pilot_skill": 0.0678,
        "mission_priority": 0.2392,
        "estimated_landing_time": 1416.0,
        "wait_time": 0,
        "Landing_success_rate": 1.0
    },
    {
        "model": 2,
        "sequence": 23,
        "status": 1,
        "fuel": 6240,
        "fault": 0.1756,
        "weapon": 1,
        "pilot_injury": 0.6041,
        "pilot_skill": 0.7724,
        "mission_priority": 0.1702,
        "estimated_landing_time": 2168.0,
        "wait_time": 0,
        "Landing_success_rate": 1.0
    },
    {
        "model": 2,
        "sequence": 1,
        "status": 1,
        "fuel": 6701,
        "fault": 0.3925,
        "weapon": 0,
        "pilot_injury": 0.5125,
        "pilot_skill": 0.6546,
        "mission_priority": 0.4569,
        "estimated_landing_time": 100.0,
        "wait_time": 0,
        "Landing_success_rate": 1.0
    },
    {
        "model": 2,
        "sequence": 14,
        "status": 1,
        "fuel": 6226,
        "fault": 0.4003,
        "weapon": 0,
        "pilot_injury": 0.7815,
        "pilot_skill": 0.0335,
        "mission_priority": 0.7838,
        "estimated_landing_time": 1322.0,
        "wait_time": 0,
        "Landing_success_rate": 1.0
    },
    {
        "model": 1,
        "sequence": 21,
        "status": 1,
        "fuel": 6916,
        "fault": 0.8355,
        "weapon": 1,
        "pilot_injury": 0.5247,
        "pilot_skill": 0.0493,
        "mission_priority": 0.3796,
        "estimated_landing_time": 1980.0,
        "wait_time": 0,
        "Landing_success_rate": 1.0
    },
    {
        "model": 1,
        "sequence": 5,
        "status": 1,
        "fuel": 6593,
        "fault": 0.1172,
        "weapon": 1,
        "pilot_injury": 0.3571,
        "pilot_skill": 0.7261,
        "mission_priority": 0.921,
        "estimated_landing_time": 476.0,
        "wait_time": 0,
        "Landing_success_rate": 1.0
    },
    {
        "model": 0,
        "sequence": 4,
        "status": 1,
        "fuel": 6035,
        "fault": 0.0643,
        "weapon": 0,
        "pilot_injury": 0.9995,
        "pilot_skill": 0.2829,
        "mission_priority": 0.1871,
        "estimated_landing_time": 382.0,
        "wait_time": 0,
        "Landing_success_rate": 1.0
    },
    {
        "model": 2,
        "sequence": 2,
        "status": 1,
        "fuel": 5889,
        "fault": 0.6894,
        "weapon": 1,
        "pilot_injury": 0.3548,
        "pilot_skill": 0.6955,
        "mission_priority": 0.1839,
        "estimated_landing_time": 194.0,
        "wait_time": 0,
        "Landing_success_rate": 1.0
    },
    {
        "model": 1,
        "sequence": 6,
        "status": 1,
        "fuel": 5618,
        "fault": 0.0618,
        "weapon": 0,
        "pilot_injury": 0.8238,
        "pilot_skill": 0.927,
        "mission_priority": 0.6633,
        "estimated_landing_time": 570.0,
        "wait_time": 0,
        "Landing_success_rate": 1.0
    },
    {
        "model": 0,
        "sequence": 24,
        "status": 1,
        "fuel": 6812,
        "fault": 0.0505,
        "weapon": 1,
        "pilot_injury": 0.2514,
        "pilot_skill": 0.9665,
        "mission_priority": 0.8224,
        "estimated_landing_time": 2262.0,
        "wait_time": 0,
        "Landing_success_rate": 1.0
    },
    {
        "model": 2,
        "sequence": 16,
        "status": 1,
        "fuel": 6537,
        "fault": 0.4244,
        "weapon": 1,
        "pilot_injury": 0.4087,
        "pilot_skill": 0.0746,
        "mission_priority": 0.7068,
        "estimated_landing_time": 1510.0,
        "wait_time": 0,
        "Landing_success_rate": 1.0
    },
    {
        "model": 0,
        "sequence": 11,
        "status": 1,
        "fuel": 6953,
        "fault": 0.3864,
        "weapon": 0,
        "pilot_injury": 0.3066,
        "pilot_skill": 0.8433,
        "mission_priority": 0.6804,
        "estimated_landing_time": 1040.0,
        "wait_time": 0,
        "Landing_success_rate": 1.0
    },
    {
        "model": 0,
        "sequence": 19,
        "status": 1,
        "fuel": 6372,
        "fault": 0.2232,
        "weapon": 0,
        "pilot_injury": 0.4613,
        "pilot_skill": 0.8231,
        "mission_priority": 0.6438,
        "estimated_landing_time": 1792.0,
        "wait_time": 0,
        "Landing_success_rate": 1.0
    },
    {
        "model": 2,
        "sequence": 18,
        "status": 1,
        "fuel": 7402,
        "fault": 0.6077,
        "weapon": 1,
        "pilot_injury": 0.9961,
        "pilot_skill": 0.7418,
        "mission_priority": 0.6145,
        "estimated_landing_time": 1698.0,
        "wait_time": 0,
        "Landing_success_rate": 1.0
    }
]