[
    {
        "model": 2,
        "sequence": 10,
        "status": 1,
        "fuel": 5924,
        "fault": 0.2983,
        "weapon": 0,
        "pilot_injury": 0.843,
        "pilot_skill": 0.0778,
        "mission_priority": 0.8965,
        "estimated_landing_time": 946.0,
        "wait_time": 0,
        "Landing_success_rate": 1.0
    },
    {
        "model": 0,
        "sequence": 20,
        "status": 1,
        "fuel": 6447,
        "fault": 0.0116,
        "weapon": 1,
        "pilot_injury": 0.4447,
        "pilot_skill": 0.5313,
        "mission_priority": 0.5982,
        "estimated_landing_time": 1886.0,
        "wait_time": 0,
        "Landing_success_rate": 1.0
    },
    {
        "model": 1,
        "sequence": 11,
        "status": 1,
        "fuel": 5805,
        "fault": 0.6742,
        "weapon": 1,
        "pilot_injury": 0.6848,
        "pilot_skill": 0.3383,
        "mission_priority": 0.9367,
        "estimated_landing_time": 1040.0,
        "wait_time": 0,
        "Landing_success_rate": 1.0
    },
    {
        "model": 2,
        "sequence": 14,
        "status": 1,
        "fuel": 6223,
        "fault": 0.863,
        "weapon": 1,
        "pilot_injury": 0.0874,
        "pilot_skill": 0.4428,
        "mission_priority": 0.2576,
        "estimated_landing_time": 1322.0,
        "wait_time": 0,
        "Landing_success_rate": 1.0
    },
    {
        "model": 0,
        "sequence": 5,
        "status": 1,
        "fuel": 7420,
        "fault": 0.3583,
        "weapon": 1,
        "pilot_injury": 0.3912,
        "pilot_skill": 0.782,
        "mission_priority": 0.1885,
        "estimated_landing_time": 476.0,
        "wait_time": 0,
        "Landing_success_rate": 1.0
    },
    {
        "model": 2,
        "sequence": 4,
        "status": 1,
        "fuel": 6378,
        "fault": 0.8139,
        "weapon": 0,
        "pilot_injury": 0.708,
        "pilot_skill": 0.2091,
        "mission_priority": 0.272,
        "estimated_landing_time": 382.0,
        "wait_time": 0,
        "Landing_success_rate": 1.0
    },
    {
        "model": 1,
        "sequence": 8,
        "status": 1,
        "fuel": 6539,
        "fault": 0.0098,
        "weapon": 0,
        "pilot_injury": 0.0365,
        "pilot_skill": 0.8573,
        "mission_priority": 0.5285,
        "estimated_landing_time": 758.0,
        "wait_time": 0,
        "Landing_success_rate": 1.0
    },
    {
        "model": 2,
        "sequence": 18,
        "status": 1,
        "fuel": 7384,
        "fault": 0.3612,
        "weapon": 1,
        "pilot_injury": 0.5447,
        "pilot_skill": 0.3267,
        "mission_priority": 0.8637,
        "estimated_landing_time": 1698.0,
        "wait_time": 0,
        "Landing_success_rate": 1.0
    },
    {
        "model": 2,
        "sequence": 1,
        "status": 1,
        "fuel": 7155,
        "fault": 0.6354,
        "weapon": 0,
        "pilot_injury": 0.6641,
        "pilot_skill": 0.9566,
        "mission_priority": 0.0151,
        "estimated_landing_time": 100.0,
        "wait_time": 0,
        "Landing_success_rate": 1.0
    },
    {
        "model": 1,
        "sequence": 2,
        "status": 1,
        "fuel": 6271,
        "fault": 0.5646,
        "weapon": 1,
        "pilot_injury": 0.9124,
        "pilot_skill": 0.7308,
        "mission_priority": 0.6221,
        "estimated_landing_time": 194.0,
        "wait_time": 0,
        "Landing_success_rate": 1.0
    },
    {
        "model": 0,
        "sequence": 12,
        "status": 1,
        "fuel": 6579,
        "fault": 0.5326,
        "weapon": 0,
        "pilot_injury": 0.3459,
        "pilot_skill": 0.5421,
        "mission_priority": 0.2578,
        "estimated_landing_time": 1134.0,
        "wait_time": 0,
        "Landing_success_rate": 1.0
    },
    {
        "model": 1,
        "sequence": 15,
        "status": 1,
        "fuel": 5810,
        "fault": 0.1134,
        "weapon": 1,
        "pilot_injury": 0.9446,
        "pilot_skill": 0.6602,
        "mission_priority": 0.6681,
        "estimated_landing_time": 1416.0,
        "wait_time": 0,
        "Landing_success_rate": 1.0
    },
    {
        "model": 1,
        "sequence": 21,
        "status": 1,
        "fuel": 6260,
        "fault": 0.5729,
        "weapon": 1,
        "pilot_injury": 0.0338,
        "pilot_skill": 0.7455,
        "mission_priority": 0.4388,
        "estimated_landing_time": 1980.0,
        "wait_time": 0,
        "Landing_success_rate": 1.0
    },
    {
        "model": 0,
        "sequence": 7,
        "status": 1,
        "fuel": 7055,
        "fault": 0.3882,
        "weapon": 1,
        "pilot_injury": 0.5069,
        "pilot_skill": 0.4422,
        "mission_priority": 0.3455,
        "estimated_landing_time": 664.0,
        "wait_time": 0,
        "Landing_success_rate": 1.0
    },
    {
        "model": 0,
        "sequence": 16,
        "status": 1,
        "fuel": 7352,
        "fault": 0.3694,
        "weapon": 0,
        "pilot_injury": 0.9399,
        "pilot_skill": 0.9803,
        "mission_priority": 0.8399,
        "estimated_landing_time": 1510.0,
        "wait_time": 0,
        "Landing_success_rate": 1.0
    },
    {
        "model": 1,
        "sequence": 13,
        "status": 1,
        "fuel": 7335,
        "fault": 0.0748,
        "weapon": 0,
        "pilot_injury": 0.8429,
        "pilot_skill": 0.4066,
        "mission_priority": 0.7461,
        "estimated_landing_time": 1228.0,
        "wait_time": 0,
        "Landing_success_rate": 1.0
    },
    {
        "model": 0,
        "sequence": 17,
        "status": 1,
        "fuel": 7497,
        "fault": 0.812,
        "weapon": 0,
        "pilot_injury": 0.6476,
        "pilot_skill": 0.6884,
        "mission_priority": 0.7569,
        "estimated_landing_time": 1604.0,
        "wait_time": 0,
        "Landing_success_rate": 1.0
    },
    {
        "model": 0,
        "sequence": 22,
        "status": 1,
        "fuel": 6549,
        "fault": 0.5012,
        "weapon": 1,
        "pilot_injury": 0.58,
        "pilot_skill": 0.9437,
        "mission_priority": 0.2324,
        "estimated_landing_time": 2074.0,
        "wait_time": 0,
        "Landing_success_rate": 1.0
    },
    {
        "model": 1,
        "sequence": 6,
        "status": 1,
        "fuel": 7386,
        "fault": 0.8332,
        "weapon": 0,
        "pilot_injury": 0.7402,
        "pilot_skill": 0.2832,
        "mission_priority": 0.5708,
        "estimated_landing_time": 570.0,
        "wait_time": 0,
        "Landing_success_rate": 1.0
    },
    {
        "model": 1,
        "sequence": 3,
        "status": 1,
        "fuel": 5868,
        "fault": 0.4501,
        "weapon": 1,
        "pilot_injury": 0.1099,
        "pilot_skill": 0.0676,
        "mission_priority": 0.0441,
        "estimated_landing_time": 288.0,
        "wait_time": 0,
        "Landing_success_rate": 1.0
    },
    {
        "model": 1,
        "sequence": 24,
        "status": 1,
        "fuel": 5758,
        "fault": 0.5291,
        "weapon": 0,
        "pilot_injury": 0.7446,
        "pilot_skill": 0.8989,
        "mission_priority": 0.2602,
        "estimated_landing_time": 2262.0,
        "wait_time": 0,
        "Landing_success_rate": 1.0
    },
    {
        "model": 1,
        "sequence": 23,
        "status": 1,
        "fuel": 7156,
        "fault": 0.4934,
        "weapon": 0,
        "pilot_injury": 0.3866,
        "pilot_skill": 0.2929,
        "mission_priority": 0.2286,
        "estimated_landing_time": 2168.0,
        "wait_time": 0,
        "Landing_success_rate": 1.0
    },
    {
        "model": 2,
        "sequence": 19,
        "status": 1,
        "fuel": 5796,
        "fault": 0.9662,
        "weapon": 0,
        "pilot_injury": 0.8607,
        "pilot_skill": 0.6648,
        "mission_priority": 0.7107,
        "estimated_landing_time": 1792.0,
        "wait_time": 0,
        "Landing_success_rate": 1.0
    },
    {
        "model": 2,
        "sequence": 9,
        "status": 1,
        "fuel": 5911,
        "fault": 0.0058,
        "weapon": 0,
        "pilot_injury": 0.5517,
        "pilot_skill": 0.4954,
        "mission_priority": 0.3354,
        "estimated_landing_time": 852.0,
        "wait_time": 0,
        "Landing_success_rate": 1.0
    }
]