[
    {
        "model": 1,
        "sequence": 17,
        "status": 1,
        "fuel": 6297,
        "fault": 0.063,
        "weapon": 1,
        "pilot_injury": 0.6102,
        "pilot_skill": 0.4983,
        "mission_priority": 0.7128,
        "estimated_landing_time": 1604.0,
        "wait_time": 0,
        "Landing_success_rate": 1.0
    },
    {
        "model": 2,
        "sequence": 22,
        "status": 1,
        "fuel": 7136,
        "fault": 0.9302,
        "weapon": 1,
        "pilot_injury": 0.1901,
        "pilot_skill": 0.449,
        "mission_priority": 0.9182,
        "estimated_landing_time": 2074.0,
        "wait_time": 0,
        "Landing_success_rate": 1.0
    },
    {
        "model": 2,
        "sequence": 2,
        "status": 1,
        "fuel": 6829,
        "fault": 0.8983,
        "weapon": 1,
        "pilot_injury": 0.1348,
        "pilot_skill": 0.815,
        "mission_priority": 0.5852,
        "estimated_landing_time": 194.0,
        "wait_time": 0,
        "Landing_success_rate": 1.0
    },
    {
        "model": 1,
        "sequence": 7,
        "status": 1,
        "fuel": 6851,
        "fault": 0.0152,
        "weapon": 0,
        "pilot_injury": 0.2039,
        "pilot_skill": 0.024,
        "mission_priority": 0.5591,
        "estimated_landing_time": 664.0,
        "wait_time": 0,
        "Landing_success_rate": 1.0
    },
    {
        "model": 0,
        "sequence": 8,
        "status": 1,
        "fuel": 6148,
        "fault": 0.2326,
        "weapon": 1,
        "pilot_injury": 0.4363,
        "pilot_skill": 0.4421,
        "mission_priority": 0.2744,
        "estimated_landing_time": 758.0,
        "wait_time": 0,
        "Landing_success_rate": 1.0
    },
    {
        "model": 1,
        "sequence": 14,
        "status": 1,
        "fuel": 7413,
        "fault": 0.0873,
        "weapon": 0,
        "pilot_injury": 0.1316,
        "pilot_skill": 0.3508,
        "mission_priority": 0.3049,
        "estimated_landing_time": 1322.0,
        "wait_time": 0,
        "Landing_success_rate": 1.0
    },
    {
        "model": 2,
        "sequence": 5,
        "status": 1,
        "fuel": 6014,
        "fault": 0.2101,
        "weapon": 1,
        "pilot_injury": 0.124,
        "pilot_skill": 0.0103,
        "mission_priority": 0.7219,
        "estimated_landing_time": 476.0,
        "wait_time": 0,
        "Landing_success_rate": 1.0
    },
    {
        "model": 2,
        "sequence": 20,
        "status": 1,
        "fuel": 6307,
        "fault": 0.298,
        "weapon": 1,
        "pilot_injury": 0.1263,
        "pilot_skill": 0.3716,
        "mission_priority": 0.5899,
        "estimated_landing_time": 1886.0,
        "wait_time": 0,
        "Landing_success_rate": 1.0
    },
    {
        "model": 1,
        "sequence": 12,
        "status": 1,
        "fuel": 6234,
        "fault": 0.291,
        "weapon": 1,
        "pilot_injury": 0.5563,
        "pilot_skill": 0.2761,
        "mission_priority": 0.6173,
        "estimated_landing_time": 1134.0,
        "wait_time": 0,
        "Landing_success_rate": 1.0
    },
    {
        "model": 0,
        "sequence": 11,
        "status": 1,
        "fuel": 6216,
        "fault": 0.7165,
        "weapon": 0,
        "pilot_injury": 0.4104,
        "pilot_skill": 0.5376,
        "mission_priority": 0.2682,
        "estimated_landing_time": 1040.0,
        "wait_time": 0,
        "Landing_success_rate": 1.0
    },
    {
        "model": 1,
        "sequence": 18,
        "status": 1,
        "fuel": 6809,
        "fault": 0.7232,
        "weapon": 0,
        "pilot_injury": 0.2861,
        "pilot_skill": 0.0638,
        "mission_priority": 0.9639,
        "estimated_landing_time": 1698.0,
        "wait_time": 0,
        "Landing_success_rate": 1.0
    },
    {
        "model": 0,
        "sequence": 23,
        "status": 1,
        "fuel": 7325,
        "fault": 0.1261,
        "weapon": 1,
        "pilot_injury": 0.1168,
        "pilot_skill": 0.3701,
        "mission_priority": 0.3076,
        "estimated_landing_time": 2168.0,
        "wait_time": 0,
        "Landing_success_rate": 1.0
    },
    {
        "model": 0,
        "sequence": 3,
        "status": 1,
        "fuel": 6990,
        "fault": 0.2275,
        "weapon": 0,
        "pilot_injury": 0.9129,
        "pilot_skill": 0.5681,
        "mission_priority": 0.5212,
        "estimated_landing_time": 288.0,
        "wait_time": 0,
        "Landing_success_rate": 1.0
    },
    {
        "model": 2,
        "sequence": 13,
        "status": 1,
        "fuel": 6849,
        "fault": 0.4893,
        "weapon": 0,
        "pilot_injury": 0.1974,
        "pilot_skill": 0.4962,
        "mission_priority": 0.7053,
        "estimated_landing_time": 1228.0,
        "wait_time": 0,
        "Landing_success_rate": 1.0
    },
    {
        "model": 0,
        "sequence": 21,
        "status": 1,
        "fuel": 7229,
        "fault": 0.3407,
        "weapon": 0,
        "pilot_injury": 0.93,
        "pilot_skill": 0.3287,
        "mission_priority": 0.7882,
        "estimated_landing_time": 1980.0,
        "wait_time": 0,
        "Landing_success_rate": 1.0
    },
    {
        "model": 2,
        "sequence": 24,
        "status": 1,
        "fuel": 6037,
        "fault": 0.4786,
        "weapon": 0,
        "pilot_injury": 0.8453,
        "pilot_skill": 0.7108,
        "mission_priority": 0.9043,
        "estimated_landing_time": 2262.0,
        "wait_time": 0,
        "Landing_success_rate": 1.0
    },
    {
        "model": 0,
        "sequence": 19,
        "status": 1,
        "fuel": 7010,
        "fault": 0.4073,
        "weapon": 1,
        "pilot_injury": 0.0653,
        "pilot_skill": 0.7937,
        "mission_priority": 0.4357,
        "estimated_landing_time": 1792.0,
        "wait_time": 0,
        "Landing_success_rate": 1.0
    },
    {
        "model": 0,
        "sequence": 4,
        "status": 1,
        "fuel": 6136,
        "fault": 0.185,
        "weapon": 0,
        "pilot_injury": 0.3895,
        "pilot_skill": 0.3893,
        "mission_priority": 0.23,
        "estimated_landing_time": 382.0,
        "wait_time": 0,
        "Landing_success_rate": 1.0
    },
    {
        "model": 2,
        "sequence": 15,
        "status": 1,
        "fuel": 6644,
        "fault": 0.1159,
        "weapon": 1,
        "pilot_injury": 0.4101,
        "pilot_skill": 0.4424,
        "mission_priority": 0.8688,
        "estimated_landing_time": 1416.0,
        "wait_time": 0,
        "Landing_success_rate": 1.0
    },
    {
        "model": 0,
        "sequence": 6,
        "status": 1,
        "fuel": 6750,
        "fault": 0.0818,
        "weapon": 0,
        "pilot_injury": 0.5191,
        "pilot_skill": 0.7625,
        "mission_priority": 0.0564,
        "estimated_landing_time": 570.0,
        "wait_time": 0,
        "Landing_success_rate": 1.0
    },
    {
        "model": 1,
        "sequence": 9,
        "status": 1,
        "fuel": 7480,
        "fault": 0.3911,
        "weapon": 0,
        "pilot_injury": 0.954,
        "pilot_skill": 0.4757,
        "mission_priority": 0.7499,
        "estimated_landing_time": 852.0,
        "wait_time": 0,
        "Landing_success_rate": 1.0
    },
    {
        "model": 0,
        "sequence": 1,
        "status": 1,
        "fuel": 6795,
        "fault": 0.3145,
        "weapon": 0,
        "pilot_injury": 0.3227,
        "pilot_skill": 0.43,
        "mission_priority": 0.4795,
        "estimated_landing_time": 100.0,
        "wait_time": 0,
        "Landing_success_rate": 1.0
    },
    {
        "model": 2,
        "sequence": 16,
        "status": 1,
        "fuel": 7452,
        "fault": 0.0586,
        "weapon": 1,
        "pilot_injury": 0.1969,
        "pilot_skill": 0.7057,
        "mission_priority": 0.5776,
        "estimated_landing_time": 1510.0,
        "wait_time": 0,
        "Landing_success_rate": 1.0
    },
    {
        "model": 2,
        "sequence": 10,
        "status": 1,
        "fuel": 6639,
        "fault": 0.7422,
        "weapon": 1,
        "pilot_injury": 0.3673,
        "pilot_skill": 0.4503,
        "mission_priority": 0.818,
        "estimated_landing_time": 946.0,
        "wait_time": 0,
        "Landing_success_rate": 1.0
    }
]