[
    {
        "model": 2,
        "sequence": 21,
        "status": 1,
        "fuel": 6627,
        "fault": 0.2928,
        "weapon": 1,
        "pilot_injury": 0.4899,
        "pilot_skill": 0.5433,
        "mission_priority": 0.2799,
        "estimated_landing_time": 1980.0,
        "wait_time": 0,
        "Landing_success_rate": 1.0
    },
    {
        "model": 0,
        "sequence": 10,
        "status": 1,
        "fuel": 5863,
        "fault": 0.1296,
        "weapon": 1,
        "pilot_injury": 0.7456,
        "pilot_skill": 0.8233,
        "mission_priority": 0.8559,
        "estimated_landing_time": 946.0,
        "wait_time": 0,
        "Landing_success_rate": 1.0
    },
    {
        "model": 2,
        "sequence": 2,
        "status": 1,
        "fuel": 7475,
        "fault": 0.4182,
        "weapon": 0,
        "pilot_injury": 0.8088,
        "pilot_skill": 0.1282,
        "mission_priority": 0.0995,
        "estimated_landing_time": 194.0,
        "wait_time": 0,
        "Landing_success_rate": 1.0
    },
    {
        "model": 1,
        "sequence": 15,
        "status": 1,
        "fuel": 6589,
        "fault": 0.9693,
        "weapon": 0,
        "pilot_injury": 0.4487,
        "pilot_skill": 0.1097,
        "mission_priority": 0.5161,
        "estimated_landing_time": 1416.0,
        "wait_time": 0,
        "Landing_success_rate": 1.0
    },
    {
        "model": 2,
        "sequence": 14,
        "status": 1,
        "fuel": 6165,
        "fault": 0.5118,
        "weapon": 0,
        "pilot_injury": 0.4399,
        "pilot_skill": 0.5685,
        "mission_priority": 0.7271,
        "estimated_landing_time": 1322.0,
        "wait_time": 0,
        "Landing_success_rate": 1.0
    },
    {
        "model": 2,
        "sequence": 13,
        "status": 1,
        "fuel": 6662,
        "fault": 0.649,
        "weapon": 0,
        "pilot_injury": 0.3584,
        "pilot_skill": 0.2332,
        "mission_priority": 0.3159,
        "estimated_landing_time": 1228.0,
        "wait_time": 0,
        "Landing_success_rate": 1.0
    },
    {
        "model": 0,
        "sequence": 5,
        "status": 1,
        "fuel": 5682,
        "fault": 0.9703,
        "weapon": 1,
        "pilot_injury": 0.5607,
        "pilot_skill": 0.4385,
        "mission_priority": 0.2866,
        "estimated_landing_time": 476.0,
        "wait_time": 0,
        "Landing_success_rate": 1.0
    },
    {
        "model": 0,
        "sequence": 8,
        "status": 1,
        "fuel": 6529,
        "fault": 0.1824,
        "weapon": 1,
        "pilot_injury": 0.0114,
        "pilot_skill": 0.0017,
        "mission_priority": 0.8268,
        "estimated_landing_time": 758.0,
        "wait_time": 0,
        "Landing_success_rate": 1.0
    },
    {
        "model": 2,
        "sequence": 9,
        "status": 1,
        "fuel": 5604,
        "fault": 0.6561,
        "weapon": 0,
        "pilot_injury": 0.0153,
        "pilot_skill": 0.2267,
        "mission_priority": 0.9718,
        "estimated_landing_time": 852.0,
        "wait_time": 0,
        "Landing_success_rate": 1.0
    },
    {
        "model": 1,
        "sequence": 11,
        "status": 1,
        "fuel": 5535,
        "fault": 0.5779,
        "weapon": 0,
        "pilot_injury": 0.2369,
        "pilot_skill": 0.0144,
        "mission_priority": 0.0209,
        "estimated_landing_time": 1040.0,
        "wait_time": 0,
        "Landing_success_rate": 1.0
    },
    {
        "model": 2,
        "sequence": 7,
        "status": 1,
        "fuel": 7345,
        "fault": 0.0825,
        "weapon": 0,
        "pilot_injury": 0.9936,
        "pilot_skill": 0.1834,
        "mission_priority": 0.7107,
        "estimated_landing_time": 664.0,
        "wait_time": 0,
        "Landing_success_rate": 1.0
    },
    {
        "model": 2,
        "sequence": 22,
        "status": 1,
        "fuel": 7132,
        "fault": 0.5123,
        "weapon": 0,
        "pilot_injury": 0.0806,
        "pilot_skill": 0.7668,
        "mission_priority": 0.5849,
        "estimated_landing_time": 2074.0,
        "wait_time": 0,
        "Landing_success_rate": 1.0
    },
    {
        "model": 2,
        "sequence": 4,
        "status": 1,
        "fuel": 6838,
        "fault": 0.8176,
        "weapon": 1,
        "pilot_injury": 0.547,
        "pilot_skill": 0.9216,
        "mission_priority": 0.9166,
        "estimated_landing_time": 382.0,
        "wait_time": 0,
        "Landing_success_rate": 1.0
    },
    {
        "model": 1,
        "sequence": 16,
        "status": 1,
        "fuel": 7041,
        "fault": 0.1112,
        "weapon": 1,
        "pilot_injury": 0.121,
        "pilot_skill": 0.9877,
        "mission_priority": 0.4876,
        "estimated_landing_time": 1510.0,
        "wait_time": 0,
        "Landing_success_rate": 1.0
    },
    {
        "model": 1,
        "sequence": 20,
        "status": 1,
        "fuel": 5637,
        "fault": 0.9484,
        "weapon": 1,
        "pilot_injury": 0.2643,
        "pilot_skill": 0.7272,
        "mission_priority": 0.8373,
        "estimated_landing_time": 1886.0,
        "wait_time": 0,
        "Landing_success_rate": 1.0
    },
    {
        "model": 1,
        "sequence": 23,
        "status": 1,
        "fuel": 6533,
        "fault": 0.6542,
        "weapon": 1,
        "pilot_injury": 0.4016,
        "pilot_skill": 0.4133,
        "mission_priority": 0.4913,
        "estimated_landing_time": 2168.0,
        "wait_time": 0,
        "Landing_success_rate": 1.0
    },
    {
        "model": 1,
        "sequence": 17,
        "status": 1,
        "fuel": 6115,
        "fault": 0.8626,
        "weapon": 1,
        "pilot_injury": 0.5108,
        "pilot_skill": 0.5317,
        "mission_priority": 0.8199,
        "estimated_landing_time": 1604.0,
        "wait_time": 0,
        "Landing_success_rate": 1.0
    },
    {
        "model": 1,
        "sequence": 3,
        "status": 1,
        "fuel": 5673,
        "fault": 0.0019,
        "weapon": 1,
        "pilot_injury": 0.6631,
        "pilot_skill": 0.7973,
        "mission_priority": 0.3194,
        "estimated_landing_time": 288.0,
        "wait_time": 0,
        "Landing_success_rate": 1.0
    },
    {
        "model": 2,
        "sequence": 6,
        "status": 1,
        "fuel": 6774,
        "fault": 0.6577,
        "weapon": 0,
        "pilot_injury": 0.3419,
        "pilot_skill": 0.9092,
        "mission_priority": 0.9113,
        "estimated_landing_time": 570.0,
        "wait_time": 0,
        "Landing_success_rate": 1.0
    },
    {
        "model": 1,
        "sequence": 1,
        "status": 1,
        "fuel": 5677,
        "fault": 0.8215,
        "weapon": 0,
        "pilot_injury": 0.854,
        "pilot_skill": 0.9586,
        "mission_priority": 0.4899,
        "estimated_landing_time": 100.0,
        "wait_time": 0,
        "Landing_success_rate": 1.0
    },
    {
        "model": 2,
        "sequence": 12,
        "status": 1,
        "fuel": 6890,
        "fault": 0.4699,
        "weapon": 0,
        "pilot_injury": 0.072,
        "pilot_skill": 0.4228,
        "mission_priority": 0.7906,
        "estimated_landing_time": 1134.0,
        "wait_time": 0,
        "Landing_success_rate": 1.0
    },
    {
        "model": 2,
        "sequence": 19,
        "status": 1,
        "fuel": 5954,
        "fault": 0.8406,
        "weapon": 0,
        "pilot_injury": 0.0515,
        "pilot_skill": 0.5272,
        "mission_priority": 0.1074,
        "estimated_landing_time": 1792.0,
        "wait_time": 0,
        "Landing_success_rate": 1.0
    },
    {
        "model": 2,
        "sequence": 24,
        "status": 1,
        "fuel": 7272,
        "fault": 0.7383,
        "weapon": 1,
        "pilot_injury": 0.4968,
        "pilot_skill": 0.7585,
        "mission_priority": 0.0644,
        "estimated_landing_time": 2262.0,
        "wait_time": 0,
        "Landing_success_rate": 1.0
    },
    {
        "model": 0,
        "sequence": 18,
        "status": 1,
        "fuel": 6610,
        "fault": 0.327,
        "weapon": 1,
        "pilot_injury": 0.1334,
        "pilot_skill": 0.3258,
        "mission_priority": 0.0645,
        "estimated_landing_time": 1698.0,
        "wait_time": 0,
        "Landing_success_rate": 1.0
    }
]