[
    {
        "model": 2,
        "sequence": 24,
        "status": 1,
        "fuel": 5988,
        "fault": 0.6853,
        "weapon": 1,
        "pilot_injury": 0.6921,
        "pilot_skill": 0.2016,
        "mission_priority": 0.0539,
        "estimated_landing_time": 2262.0,
        "wait_time": 0,
        "Landing_success_rate": 1.0
    },
    {
        "model": 2,
        "sequence": 11,
        "status": 1,
        "fuel": 7207,
        "fault": 0.6071,
        "weapon": 0,
        "pilot_injury": 0.7613,
        "pilot_skill": 0.7726,
        "mission_priority": 0.9599,
        "estimated_landing_time": 1040.0,
        "wait_time": 0,
        "Landing_success_rate": 1.0
    },
    {
        "model": 1,
        "sequence": 15,
        "status": 1,
        "fuel": 6439,
        "fault": 0.2143,
        "weapon": 1,
        "pilot_injury": 0.9872,
        "pilot_skill": 0.6448,
        "mission_priority": 0.7154,
        "estimated_landing_time": 1416.0,
        "wait_time": 0,
        "Landing_success_rate": 1.0
    },
    {
        "model": 0,
        "sequence": 13,
        "status": 1,
        "fuel": 6457,
        "fault": 0.4817,
        "weapon": 1,
        "pilot_injury": 0.1603,
        "pilot_skill": 0.4272,
        "mission_priority": 0.1102,
        "estimated_landing_time": 1228.0,
        "wait_time": 0,
        "Landing_success_rate": 1.0
    },
    {
        "model": 1,
        "sequence": 21,
        "status": 1,
        "fuel": 6919,
        "fault": 0.5717,
        "weapon": 0,
        "pilot_injury": 0.0003,
        "pilot_skill": 0.1142,
        "mission_priority": 0.3752,
        "estimated_landing_time": 1980.0,
        "wait_time": 0,
        "Landing_success_rate": 1.0
    },
    {
        "model": 0,
        "sequence": 12,
        "status": 1,
        "fuel": 6901,
        "fault": 0.6105,
        "weapon": 1,
        "pilot_injury": 0.2318,
        "pilot_skill": 0.4296,
        "mission_priority": 0.7148,
        "estimated_landing_time": 1134.0,
        "wait_time": 0,
        "Landing_success_rate": 1.0
    },
    {
        "model": 0,
        "sequence": 17,
        "status": 1,
        "fuel": 5886,
        "fault": 0.0107,
        "weapon": 0,
        "pilot_injury": 0.8551,
        "pilot_skill": 0.6515,
        "mission_priority": 0.0437,
        "estimated_landing_time": 1604.0,
        "wait_time": 0,
        "Landing_success_rate": 1.0
    },
    {
        "model": 1,
        "sequence": 3,
        "status": 1,
        "fuel": 7047,
        "fault": 0.6942,
        "weapon": 1,
        "pilot_injury": 0.9785,
        "pilot_skill": 0.9518,
        "mission_priority": 0.3957,
        "estimated_landing_time": 288.0,
        "wait_time": 0,
        "Landing_success_rate": 1.0
    },
    {
        "model": 0,
        "sequence": 5,
        "status": 1,
        "fuel": 5676,
        "fault": 0.1187,
        "weapon": 1,
        "pilot_injury": 0.831,
        "pilot_skill": 0.4794,
        "mission_priority": 0.2612,
        "estimated_landing_time": 476.0,
        "wait_time": 0,
        "Landing_success_rate": 1.0
    },
    {
        "model": 1,
        "sequence": 16,
        "status": 1,
        "fuel": 6378,
        "fault": 0.3683,
        "weapon": 0,
        "pilot_injury": 0.7228,
        "pilot_skill": 0.9698,
        "mission_priority": 0.8618,
        "estimated_landing_time": 1510.0,
        "wait_time": 0,
        "Landing_success_rate": 1.0
    },
    {
        "model": 2,
        "sequence": 6,
        "status": 1,
        "fuel": 6157,
        "fault": 0.978,
        "weapon": 0,
        "pilot_injury": 0.2891,
        "pilot_skill": 0.6835,
        "mission_priority": 0.6658,
        "estimated_landing_time": 570.0,
        "wait_time": 0,
        "Landing_success_rate": 1.0
    },
    {
        "model": 1,
        "sequence": 20,
        "status": 1,
        "fuel": 6294,
        "fault": 0.5623,
        "weapon": 1,
        "pilot_injury": 0.1039,
        "pilot_skill": 0.0505,
        "mission_priority": 0.8585,
        "estimated_landing_time": 1886.0,
        "wait_time": 0,
        "Landing_success_rate": 1.0
    },
    {
        "model": 1,
        "sequence": 22,
        "status": 1,
        "fuel": 7059,
        "fault": 0.4901,
        "weapon": 1,
        "pilot_injury": 0.2389,
        "pilot_skill": 0.8877,
        "mission_priority": 0.3329,
        "estimated_landing_time": 2074.0,
        "wait_time": 0,
        "Landing_success_rate": 1.0
    },
    {
        "model": 0,
        "sequence": 19,
        "status": 1,
        "fuel": 7194,
        "fault": 0.8332,
        "weapon": 1,
        "pilot_injury": 0.3191,
        "pilot_skill": 0.3334,
        "mission_priority": 0.739,
        "estimated_landing_time": 1792.0,
        "wait_time": 0,
        "Landing_success_rate": 1.0
    },
    {
        "model": 1,
        "sequence": 23,
        "status": 1,
        "fuel": 5917,
        "fault": 0.1557,
        "weapon": 1,
        "pilot_injury": 0.5614,
        "pilot_skill": 0.5378,
        "mission_priority": 0.2648,
        "estimated_landing_time": 2168.0,
        "wait_time": 0,
        "Landing_success_rate": 1.0
    },
    {
        "model": 2,
        "sequence": 4,
        "status": 1,
        "fuel": 7067,
        "fault": 0.9979,
        "weapon": 1,
        "pilot_injury": 0.1555,
        "pilot_skill": 0.2063,
        "mission_priority": 0.4683,
        "estimated_landing_time": 382.0,
        "wait_time": 0,
        "Landing_success_rate": 1.0
    },
    {
        "model": 2,
        "sequence": 1,
        "status": 1,
        "fuel": 6354,
        "fault": 0.0585,
        "weapon": 0,
        "pilot_injury": 0.6635,
        "pilot_skill": 0.5061,
        "mission_priority": 0.2507,
        "estimated_landing_time": 100.0,
        "wait_time": 0,
        "Landing_success_rate": 1.0
    },
    {
        "model": 2,
        "sequence": 8,
        "status": 1,
        "fuel": 6268,
        "fault": 0.8964,
        "weapon": 0,
        "pilot_injury": 0.4762,
        "pilot_skill": 0.1621,
        "mission_priority": 0.1033,
        "estimated_landing_time": 758.0,
        "wait_time": 0,
        "Landing_success_rate": 1.0
    },
    {
        "model": 2,
        "sequence": 2,
        "status": 1,
        "fuel": 5806,
        "fault": 0.0784,
        "weapon": 1,
        "pilot_injury": 0.9468,
        "pilot_skill": 0.2992,
        "mission_priority": 0.3054,
        "estimated_landing_time": 194.0,
        "wait_time": 0,
        "Landing_success_rate": 1.0
    },
    {
        "model": 1,
        "sequence": 9,
        "status": 1,
        "fuel": 7296,
        "fault": 0.6059,
        "weapon": 1,
        "pilot_injury": 0.4191,
        "pilot_skill": 0.2232,
        "mission_priority": 0.1631,
        "estimated_landing_time": 852.0,
        "wait_time": 0,
        "Landing_success_rate": 1.0
    },
    {
        "model": 2,
        "sequence": 10,
        "status": 1,
        "fuel": 6908,
        "fault": 0.5248,
        "weapon": 1,
        "pilot_injury": 0.2914,
        "pilot_skill": 0.5125,
        "mission_priority": 0.603,
        "estimated_landing_time": 946.0,
        "wait_time": 0,
        "Landing_success_rate": 1.0
    },
    {
        "model": 1,
        "sequence": 7,
        "status": 1,
        "fuel": 7398,
        "fault": 0.1839,
        "weapon": 1,
        "pilot_injury": 0.9217,
        "pilot_skill": 0.5654,
        "mission_priority": 0.7291,
        "estimated_landing_time": 664.0,
        "wait_time": 0,
        "Landing_success_rate": 1.0
    },
    {
        "model": 1,
        "sequence": 14,
        "status": 1,
        "fuel": 7265,
        "fault": 0.1002,
        "weapon": 0,
        "pilot_injury": 0.4563,
        "pilot_skill": 0.425,
        "mission_priority": 0.3601,
        "estimated_landing_time": 1322.0,
        "wait_time": 0,
        "Landing_success_rate": 1.0
    },
    {
        "model": 0,
        "sequence": 18,
        "status": 1,
        "fuel": 7256,
        "fault": 0.1928,
        "weapon": 1,
        "pilot_injury": 0.9806,
        "pilot_skill": 0.8708,
        "mission_priority": 0.3167,
        "estimated_landing_time": 1698.0,
        "wait_time": 0,
        "Landing_success_rate": 1.0
    }
]