[
    {
        "model": 1,
        "sequence": 1,
        "status": 1,
        "fuel": 5924,
        "fault": 0.3737,
        "weapon": 1,
        "pilot_injury": 0.5902,
        "pilot_skill": 0.6294,
        "mission_priority": 0.343,
        "estimated_landing_time": 100.0,
        "wait_time": 0,
        "Landing_success_rate": 1.0
    },
    {
        "model": 0,
        "sequence": 2,
        "status": 1,
        "fuel": 6857,
        "fault": 0.538,
        "weapon": 1,
        "pilot_injury": 0.8393,
        "pilot_skill": 0.7629,
        "mission_priority": 0.1187,
        "estimated_landing_time": 194.0,
        "wait_time": 0,
        "Landing_success_rate": 1.0
    },
    {
        "model": 2,
        "sequence": 23,
        "status": 1,
        "fuel": 6688,
        "fault": 0.5383,
        "weapon": 1,
        "pilot_injury": 0.008,
        "pilot_skill": 0.2244,
        "mission_priority": 0.7993,
        "estimated_landing_time": 2168.0,
        "wait_time": 0,
        "Landing_success_rate": 1.0
    },
    {
        "model": 1,
        "sequence": 5,
        "status": 1,
        "fuel": 6252,
        "fault": 0.0935,
        "weapon": 1,
        "pilot_injury": 0.5632,
        "pilot_skill": 0.7061,
        "mission_priority": 0.9529,
        "estimated_landing_time": 476.0,
        "wait_time": 0,
        "Landing_success_rate": 1.0
    },
    {
        "model": 0,
        "sequence": 16,
        "status": 1,
        "fuel": 6845,
        "fault": 0.708,
        "weapon": 1,
        "pilot_injury": 0.2482,
        "pilot_skill": 0.0491,
        "mission_priority": 0.6165,
        "estimated_landing_time": 1510.0,
        "wait_time": 0,
        "Landing_success_rate": 1.0
    },
    {
        "model": 1,
        "sequence": 14,
        "status": 1,
        "fuel": 6462,
        "fault": 0.6961,
        "weapon": 1,
        "pilot_injury": 0.8539,
        "pilot_skill": 0.4528,
        "mission_priority": 0.9984,
        "estimated_landing_time": 1322.0,
        "wait_time": 0,
        "Landing_success_rate": 1.0
    },
    {
        "model": 2,
        "sequence": 9,
        "status": 1,
        "fuel": 5931,
        "fault": 0.8312,
        "weapon": 1,
        "pilot_injury": 0.3018,
        "pilot_skill": 0.0255,
        "mission_priority": 0.7823,
        "estimated_landing_time": 852.0,
        "wait_time": 0,
        "Landing_success_rate": 1.0
    },
    {
        "model": 0,
        "sequence": 8,
        "status": 1,
        "fuel": 6431,
        "fault": 0.4706,
        "weapon": 1,
        "pilot_injury": 0.0526,
        "pilot_skill": 0.2527,
        "mission_priority": 0.8413,
        "estimated_landing_time": 758.0,
        "wait_time": 0,
        "Landing_success_rate": 1.0
    },
    {
        "model": 0,
        "sequence": 12,
        "status": 1,
        "fuel": 6323,
        "fault": 0.5041,
        "weapon": 1,
        "pilot_injury": 0.9699,
        "pilot_skill": 0.6269,
        "mission_priority": 0.4158,
        "estimated_landing_time": 1134.0,
        "wait_time": 0,
        "Landing_success_rate": 1.0
    },
    {
        "model": 0,
        "sequence": 15,
        "status": 1,
        "fuel": 6406,
        "fault": 0.4227,
        "weapon": 0,
        "pilot_injury": 0.2658,
        "pilot_skill": 0.6565,
        "mission_priority": 0.3905,
        "estimated_landing_time": 1416.0,
        "wait_time": 0,
        "Landing_success_rate": 1.0
    },
    {
        "model": 1,
        "sequence": 19,
        "status": 1,
        "fuel": 7045,
        "fault": 0.7708,
        "weapon": 1,
        "pilot_injury": 0.7878,
        "pilot_skill": 0.6759,
        "mission_priority": 0.4118,
        "estimated_landing_time": 1792.0,
        "wait_time": 0,
        "Landing_success_rate": 1.0
    },
    {
        "model": 1,
        "sequence": 3,
        "status": 1,
        "fuel": 6670,
        "fault": 0.9635,
        "weapon": 1,
        "pilot_injury": 0.7103,
        "pilot_skill": 0.9091,
        "mission_priority": 0.8407,
        "estimated_landing_time": 288.0,
        "wait_time": 0,
        "Landing_success_rate": 1.0
    },
    {
        "model": 1,
        "sequence": 11,
        "status": 1,
        "fuel": 6315,
        "fault": 0.8502,
        "weapon": 1,
        "pilot_injury": 0.4137,
        "pilot_skill": 0.6472,
        "mission_priority": 0.2576,
        "estimated_landing_time": 1040.0,
        "wait_time": 0,
        "Landing_success_rate": 1.0
    },
    {
        "model": 0,
        "sequence": 22,
        "status": 1,
        "fuel": 6104,
        "fault": 0.7761,
        "weapon": 1,
        "pilot_injury": 0.0382,
        "pilot_skill": 0.5885,
        "mission_priority": 0.8644,
        "estimated_landing_time": 2074.0,
        "wait_time": 0,
        "Landing_success_rate": 1.0
    },
    {
        "model": 2,
        "sequence": 20,
        "status": 1,
        "fuel": 6566,
        "fault": 0.9061,
        "weapon": 1,
        "pilot_injury": 0.4602,
        "pilot_skill": 0.6659,
        "mission_priority": 0.1712,
        "estimated_landing_time": 1886.0,
        "wait_time": 0,
        "Landing_success_rate": 1.0
    },
    {
        "model": 2,
        "sequence": 13,
        "status": 1,
        "fuel": 6895,
        "fault": 0.1338,
        "weapon": 0,
        "pilot_injury": 0.8187,
        "pilot_skill": 0.0352,
        "mission_priority": 0.3494,
        "estimated_landing_time": 1228.0,
        "wait_time": 0,
        "Landing_success_rate": 1.0
    },
    {
        "model": 0,
        "sequence": 21,
        "status": 1,
        "fuel": 6071,
        "fault": 0.2722,
        "weapon": 0,
        "pilot_injury": 0.2359,
        "pilot_skill": 0.5355,
        "mission_priority": 0.9532,
        "estimated_landing_time": 1980.0,
        "wait_time": 0,
        "Landing_success_rate": 1.0
    },
    {
        "model": 2,
        "sequence": 10,
        "status": 1,
        "fuel": 5793,
        "fault": 0.3782,
        "weapon": 0,
        "pilot_injury": 0.3999,
        "pilot_skill": 0.8974,
        "mission_priority": 0.0719,
        "estimated_landing_time": 946.0,
        "wait_time": 0,
        "Landing_success_rate": 1.0
    },
    {
        "model": 0,
        "sequence": 18,
        "status": 1,
        "fuel": 6630,
        "fault": 0.4224,
        "weapon": 0,
        "pilot_injury": 0.9881,
        "pilot_skill": 0.6987,
        "mission_priority": 0.3799,
        "estimated_landing_time": 1698.0,
        "wait_time": 0,
        "Landing_success_rate": 1.0
    },
    {
        "model": 2,
        "sequence": 7,
        "status": 1,
        "fuel": 6037,
        "fault": 0.9322,
        "weapon": 0,
        "pilot_injury": 0.6036,
        "pilot_skill": 0.7394,
        "mission_priority": 0.8195,
        "estimated_landing_time": 664.0,
        "wait_time": 0,
        "Landing_success_rate": 1.0
    },
    {
        "model": 2,
        "sequence": 17,
        "status": 1,
        "fuel": 5643,
        "fault": 0.6821,
        "weapon": 0,
        "pilot_injury": 0.9162,
        "pilot_skill": 0.9208,
        "mission_priority": 0.704,
        "estimated_landing_time": 1604.0,
        "wait_time": 0,
        "Landing_success_rate": 1.0
    },
    {
        "model": 2,
        "sequence": 24,
        "status": 1,
        "fuel": 6967,
        "fault": 0.2775,
        "weapon": 1,
        "pilot_injury": 0.1832,
        "pilot_skill": 0.1236,
        "mission_priority": 0.4857,
        "estimated_landing_time": 2262.0,
        "wait_time": 0,
        "Landing_success_rate": 1.0
    },
    {
        "model": 1,
        "sequence": 6,
        "status": 1,
        "fuel": 6782,
        "fault": 0.389,
        "weapon": 1,
        "pilot_injury": 0.6457,
        "pilot_skill": 0.5256,
        "mission_priority": 0.0364,
        "estimated_landing_time": 570.0,
        "wait_time": 0,
        "Landing_success_rate": 1.0
    },
    {
        "model": 1,
        "sequence": 4,
        "status": 1,
        "fuel": 6115,
        "fault": 0.4725,
        "weapon": 1,
        "pilot_injury": 0.1536,
        "pilot_skill": 0.9899,
        "mission_priority": 0.3445,
        "estimated_landing_time": 382.0,
        "wait_time": 0,
        "Landing_success_rate": 1.0
    }
]