[
    {
        "model": 2,
        "sequence": 8,
        "status": 1,
        "fuel": 7299,
        "fault": 0.1023,
        "weapon": 1,
        "pilot_injury": 0.9375,
        "pilot_skill": 0.5929,
        "mission_priority": 0.1868,
        "estimated_landing_time": 758.0,
        "wait_time": 0,
        "Landing_success_rate": 1.0
    },
    {
        "model": 2,
        "sequence": 11,
        "status": 1,
        "fuel": 6133,
        "fault": 0.407,
        "weapon": 1,
        "pilot_injury": 0.8172,
        "pilot_skill": 0.8148,
        "mission_priority": 0.0867,
        "estimated_landing_time": 1040.0,
        "wait_time": 0,
        "Landing_success_rate": 1.0
    },
    {
        "model": 0,
        "sequence": 17,
        "status": 1,
        "fuel": 5903,
        "fault": 0.9632,
        "weapon": 0,
        "pilot_injury": 0.9461,
        "pilot_skill": 0.2966,
        "mission_priority": 0.206,
        "estimated_landing_time": 1604.0,
        "wait_time": 0,
        "Landing_success_rate": 1.0
    },
    {
        "model": 1,
        "sequence": 2,
        "status": 1,
        "fuel": 6501,
        "fault": 0.6336,
        "weapon": 0,
        "pilot_injury": 0.6865,
        "pilot_skill": 0.3,
        "mission_priority": 0.5678,
        "estimated_landing_time": 194.0,
        "wait_time": 0,
        "Landing_success_rate": 1.0
    },
    {
        "model": 0,
        "sequence": 9,
        "status": 1,
        "fuel": 7183,
        "fault": 0.2254,
        "weapon": 1,
        "pilot_injury": 0.975,
        "pilot_skill": 0.1318,
        "mission_priority": 0.3914,
        "estimated_landing_time": 852.0,
        "wait_time": 0,
        "Landing_success_rate": 1.0
    },
    {
        "model": 1,
        "sequence": 20,
        "status": 1,
        "fuel": 6340,
        "fault": 0.9149,
        "weapon": 1,
        "pilot_injury": 0.4073,
        "pilot_skill": 0.097,
        "mission_priority": 0.9474,
        "estimated_landing_time": 1886.0,
        "wait_time": 0,
        "Landing_success_rate": 1.0
    },
    {
        "model": 0,
        "sequence": 13,
        "status": 1,
        "fuel": 5687,
        "fault": 0.0059,
        "weapon": 0,
        "pilot_injury": 0.4467,
        "pilot_skill": 0.2166,
        "mission_priority": 0.1002,
        "estimated_landing_time": 1228.0,
        "wait_time": 0,
        "Landing_success_rate": 1.0
    },
    {
        "model": 2,
        "sequence": 5,
        "status": 1,
        "fuel": 6838,
        "fault": 0.8957,
        "weapon": 1,
        "pilot_injury": 0.1977,
        "pilot_skill": 0.42,
        "mission_priority": 0.6239,
        "estimated_landing_time": 476.0,
        "wait_time": 0,
        "Landing_success_rate": 1.0
    },
    {
        "model": 2,
        "sequence": 23,
        "status": 1,
        "fuel": 6268,
        "fault": 0.7868,
        "weapon": 1,
        "pilot_injury": 0.921,
        "pilot_skill": 0.8228,
        "mission_priority": 0.9639,
        "estimated_landing_time": 2168.0,
        "wait_time": 0,
        "Landing_success_rate": 1.0
    },
    {
        "model": 1,
        "sequence": 1,
        "status": 1,
        "fuel": 5661,
        "fault": 0.3007,
        "weapon": 1,
        "pilot_injury": 0.168,
        "pilot_skill": 0.817,
        "mission_priority": 0.1614,
        "estimated_landing_time": 100.0,
        "wait_time": 0,
        "Landing_success_rate": 1.0
    },
    {
        "model": 0,
        "sequence": 14,
        "status": 1,
        "fuel": 6656,
        "fault": 0.1229,
        "weapon": 1,
        "pilot_injury": 0.5945,
        "pilot_skill": 0.5596,
        "mission_priority": 0.1021,
        "estimated_landing_time": 1322.0,
        "wait_time": 0,
        "Landing_success_rate": 1.0
    },
    {
        "model": 1,
        "sequence": 7,
        "status": 1,
        "fuel": 6895,
        "fault": 0.0565,
        "weapon": 1,
        "pilot_injury": 0.8724,
        "pilot_skill": 0.5908,
        "mission_priority": 0.5723,
        "estimated_landing_time": 664.0,
        "wait_time": 0,
        "Landing_success_rate": 1.0
    },
    {
        "model": 2,
        "sequence": 3,
        "status": 1,
        "fuel": 7205,
        "fault": 0.2892,
        "weapon": 1,
        "pilot_injury": 0.2526,
        "pilot_skill": 0.4882,
        "mission_priority": 0.7314,
        "estimated_landing_time": 288.0,
        "wait_time": 0,
        "Landing_success_rate": 1.0
    },
    {
        "model": 2,
        "sequence": 24,
        "status": 1,
        "fuel": 5695,
        "fault": 0.4612,
        "weapon": 1,
        "pilot_injury": 0.4393,
        "pilot_skill": 0.1626,
        "mission_priority": 0.7511,
        "estimated_landing_time": 2262.0,
        "wait_time": 0,
        "Landing_success_rate": 1.0
    },
    {
        "model": 1,
        "sequence": 19,
        "status": 1,
        "fuel": 6772,
        "fault": 0.1935,
        "weapon": 0,
        "pilot_injury": 0.6934,
        "pilot_skill": 0.2282,
        "mission_priority": 0.076,
        "estimated_landing_time": 1792.0,
        "wait_time": 0,
        "Landing_success_rate": 1.0
    },
    {
        "model": 1,
        "sequence": 18,
        "status": 1,
        "fuel": 6771,
        "fault": 0.8623,
        "weapon": 0,
        "pilot_injury": 0.5878,
        "pilot_skill": 0.7535,
        "mission_priority": 0.3293,
        "estimated_landing_time": 1698.0,
        "wait_time": 0,
        "Landing_success_rate": 1.0
    },
    {
        "model": 1,
        "sequence": 4,
        "status": 1,
        "fuel": 7435,
        "fault": 0.157,
        "weapon": 0,
        "pilot_injury": 0.4711,
        "pilot_skill": 0.9966,
        "mission_priority": 0.157,
        "estimated_landing_time": 382.0,
        "wait_time": 0,
        "Landing_success_rate": 1.0
    },
    {
        "model": 1,
        "sequence": 22,
        "status": 1,
        "fuel": 5791,
        "fault": 0.6935,
        "weapon": 0,
        "pilot_injury": 0.8723,
        "pilot_skill": 0.0924,
        "mission_priority": 0.2802,
        "estimated_landing_time": 2074.0,
        "wait_time": 0,
        "Landing_success_rate": 1.0
    },
    {
        "model": 1,
        "sequence": 10,
        "status": 1,
        "fuel": 7391,
        "fault": 0.3704,
        "weapon": 0,
        "pilot_injury": 0.4266,
        "pilot_skill": 0.9101,
        "mission_priority": 0.2944,
        "estimated_landing_time": 946.0,
        "wait_time": 0,
        "Landing_success_rate": 1.0
    },
    {
        "model": 0,
        "sequence": 21,
        "status": 1,
        "fuel": 5744,
        "fault": 0.4564,
        "weapon": 0,
        "pilot_injury": 0.5972,
        "pilot_skill": 0.8452,
        "mission_priority": 0.3854,
        "estimated_landing_time": 1980.0,
        "wait_time": 0,
        "Landing_success_rate": 1.0
    },
    {
        "model": 1,
        "sequence": 12,
        "status": 1,
        "fuel": 7156,
        "fault": 0.7997,
        "weapon": 1,
        "pilot_injury": 0.6935,
        "pilot_skill": 0.7357,
        "mission_priority": 0.274,
        "estimated_landing_time": 1134.0,
        "wait_time": 0,
        "Landing_success_rate": 1.0
    },
    {
        "model": 1,
        "sequence": 15,
        "status": 1,
        "fuel": 7417,
        "fault": 0.7899,
        "weapon": 0,
        "pilot_injury": 0.0452,
        "pilot_skill": 0.9008,
        "mission_priority": 0.9535,
        "estimated_landing_time": 1416.0,
        "wait_time": 0,
        "Landing_success_rate": 1.0
    },
    {
        "model": 2,
        "sequence": 6,
        "status": 1,
        "fuel": 6457,
        "fault": 0.5351,
        "weapon": 0,
        "pilot_injury": 0.2409,
        "pilot_skill": 0.0739,
        "mission_priority": 0.8021,
        "estimated_landing_time": 570.0,
        "wait_time": 0,
        "Landing_success_rate": 1.0
    },
    {
        "model": 2,
        "sequence": 16,
        "status": 1,
        "fuel": 6664,
        "fault": 0.0372,
        "weapon": 1,
        "pilot_injury": 0.7796,
        "pilot_skill": 0.4094,
        "mission_priority": 0.1445,
        "estimated_landing_time": 1510.0,
        "wait_time": 0,
        "Landing_success_rate": 1.0
    }
]