[
    {
        "model": 1,
        "sequence": 6,
        "status": 1,
        "fuel": 6300,
        "fault": 0.7184,
        "weapon": 1,
        "pilot_injury": 0.7359,
        "pilot_skill": 0.3147,
        "mission_priority": 0.3953,
        "estimated_landing_time": 570.0,
        "wait_time": 0,
        "Landing_success_rate": 1.0
    },
    {
        "model": 2,
        "sequence": 3,
        "status": 1,
        "fuel": 6438,
        "fault": 0.9799,
        "weapon": 1,
        "pilot_injury": 0.1787,
        "pilot_skill": 0.5147,
        "mission_priority": 0.1188,
        "estimated_landing_time": 288.0,
        "wait_time": 0,
        "Landing_success_rate": 1.0
    },
    {
        "model": 1,
        "sequence": 13,
        "status": 1,
        "fuel": 7420,
        "fault": 0.025,
        "weapon": 1,
        "pilot_injury": 0.0777,
        "pilot_skill": 0.6624,
        "mission_priority": 0.9008,
        "estimated_landing_time": 1228.0,
        "wait_time": 0,
        "Landing_success_rate": 1.0
    },
    {
        "model": 0,
        "sequence": 4,
        "status": 1,
        "fuel": 7231,
        "fault": 0.0512,
        "weapon": 1,
        "pilot_injury": 0.7489,
        "pilot_skill": 0.9264,
        "mission_priority": 0.0914,
        "estimated_landing_time": 382.0,
        "wait_time": 0,
        "Landing_success_rate": 1.0
    },
    {
        "model": 1,
        "sequence": 11,
        "status": 1,
        "fuel": 6412,
        "fault": 0.0698,
        "weapon": 1,
        "pilot_injury": 0.2028,
        "pilot_skill": 0.9338,
        "mission_priority": 0.5272,
        "estimated_landing_time": 1040.0,
        "wait_time": 0,
        "Landing_success_rate": 1.0
    },
    {
        "model": 0,
        "sequence": 19,
        "status": 1,
        "fuel": 7484,
        "fault": 0.5811,
        "weapon": 0,
        "pilot_injury": 0.3263,
        "pilot_skill": 0.2822,
        "mission_priority": 0.5415,
        "estimated_landing_time": 1792.0,
        "wait_time": 0,
        "Landing_success_rate": 1.0
    },
    {
        "model": 1,
        "sequence": 1,
        "status": 1,
        "fuel": 6277,
        "fault": 0.2301,
        "weapon": 0,
        "pilot_injury": 0.0881,
        "pilot_skill": 0.8023,
        "mission_priority": 0.4814,
        "estimated_landing_time": 100.0,
        "wait_time": 0,
        "Landing_success_rate": 1.0
    },
    {
        "model": 0,
        "sequence": 10,
        "status": 1,
        "fuel": 6121,
        "fault": 0.2303,
        "weapon": 0,
        "pilot_injury": 0.3171,
        "pilot_skill": 0.0043,
        "mission_priority": 0.9112,
        "estimated_landing_time": 946.0,
        "wait_time": 0,
        "Landing_success_rate": 1.0
    },
    {
        "model": 2,
        "sequence": 7,
        "status": 1,
        "fuel": 6328,
        "fault": 0.4077,
        "weapon": 0,
        "pilot_injury": 0.7017,
        "pilot_skill": 0.02,
        "mission_priority": 0.0278,
        "estimated_landing_time": 664.0,
        "wait_time": 0,
        "Landing_success_rate": 1.0
    },
    {
        "model": 0,
        "sequence": 24,
        "status": 1,
        "fuel": 6038,
        "fault": 0.5484,
        "weapon": 1,
        "pilot_injury": 0.9643,
        "pilot_skill": 0.8938,
        "mission_priority": 0.6498,
        "estimated_landing_time": 2262.0,
        "wait_time": 0,
        "Landing_success_rate": 1.0
    },
    {
        "model": 1,
        "sequence": 15,
        "status": 1,
        "fuel": 6322,
        "fault": 0.3191,
        "weapon": 0,
        "pilot_injury": 0.3717,
        "pilot_skill": 0.4809,
        "mission_priority": 0.1689,
        "estimated_landing_time": 1416.0,
        "wait_time": 0,
        "Landing_success_rate": 1.0
    },
    {
        "model": 2,
        "sequence": 12,
        "status": 1,
        "fuel": 6930,
        "fault": 0.5898,
        "weapon": 1,
        "pilot_injury": 0.9473,
        "pilot_skill": 0.9362,
        "mission_priority": 0.5655,
        "estimated_landing_time": 1134.0,
        "wait_time": 0,
        "Landing_success_rate": 1.0
    },
    {
        "model": 1,
        "sequence": 21,
        "status": 1,
        "fuel": 6514,
        "fault": 0.915,
        "weapon": 1,
        "pilot_injury": 0.2233,
        "pilot_skill": 0.9007,
        "mission_priority": 0.6992,
        "estimated_landing_time": 1980.0,
        "wait_time": 0,
        "Landing_success_rate": 1.0
    },
    {
        "model": 1,
        "sequence": 14,
        "status": 1,
        "fuel": 7363,
        "fault": 0.6939,
        "weapon": 1,
        "pilot_injury": 0.9348,
        "pilot_skill": 0.3452,
        "mission_priority": 0.1858,
        "estimated_landing_time": 1322.0,
        "wait_time": 0,
        "Landing_success_rate": 1.0
    },
    {
        "model": 0,
        "sequence": 17,
        "status": 1,
        "fuel": 5897,
        "fault": 0.3853,
        "weapon": 1,
        "pilot_injury": 0.4172,
        "pilot_skill": 0.2676,
        "mission_priority": 0.8916,
        "estimated_landing_time": 1604.0,
        "wait_time": 0,
        "Landing_success_rate": 1.0
    },
    {
        "model": 0,
        "sequence": 2,
        "status": 1,
        "fuel": 7351,
        "fault": 0.2106,
        "weapon": 0,
        "pilot_injury": 0.0306,
        "pilot_skill": 0.4467,
        "mission_priority": 0.1809,
        "estimated_landing_time": 194.0,
        "wait_time": 0,
        "Landing_success_rate": 1.0
    },
    {
        "model": 1,
        "sequence": 5,
        "status": 1,
        "fuel": 5567,
        "fault": 0.6036,
        "weapon": 0,
        "pilot_injury": 0.0991,
        "pilot_skill": 0.9575,
        "mission_priority": 0.0475,
        "estimated_landing_time": 476.0,
        "wait_time": 0,
        "Landing_success_rate": 1.0
    },
    {
        "model": 0,
        "sequence": 9,
        "status": 1,
        "fuel": 5728,
        "fault": 0.4777,
        "weapon": 1,
        "pilot_injury": 0.6888,
        "pilot_skill": 0.0788,
        "mission_priority": 0.5468,
        "estimated_landing_time": 852.0,
        "wait_time": 0,
        "Landing_success_rate": 1.0
    },
    {
        "model": 1,
        "sequence": 22,
        "status": 1,
        "fuel": 6205,
        "fault": 0.1994,
        "weapon": 1,
        "pilot_injury": 0.6985,
        "pilot_skill": 0.0995,
        "mission_priority": 0.0885,
        "estimated_landing_time": 2074.0,
        "wait_time": 0,
        "Landing_success_rate": 1.0
    },
    {
        "model": 0,
        "sequence": 18,
        "status": 1,
        "fuel": 6108,
        "fault": 0.884,
        "weapon": 1,
        "pilot_injury": 0.4472,
        "pilot_skill": 0.9766,
        "mission_priority": 0.8199,
        "estimated_landing_time": 1698.0,
        "wait_time": 0,
        "Landing_success_rate": 1.0
    },
    {
        "model": 0,
        "sequence": 16,
        "status": 1,
        "fuel": 7426,
        "fault": 0.9567,
        "weapon": 1,
        "pilot_injury": 0.6195,
        "pilot_skill": 0.7439,
        "mission_priority": 0.359,
        "estimated_landing_time": 1510.0,
        "wait_time": 0,
        "Landing_success_rate": 1.0
    },
    {
        "model": 1,
        "sequence": 23,
        "status": 1,
        "fuel": 6526,
        "fault": 0.0608,
        "weapon": 1,
        "pilot_injury": 0.59,
        "pilot_skill": 0.2821,
        "mission_priority": 0.1121,
        "estimated_landing_time": 2168.0,
        "wait_time": 0,
        "Landing_success_rate": 1.0
    },
    {
        "model": 2,
        "sequence": 8,
        "status": 1,
        "fuel": 6996,
        "fault": 0.5133,
        "weapon": 1,
        "pilot_injury": 0.5832,
        "pilot_skill": 0.5587,
        "mission_priority": 0.5423,
        "estimated_landing_time": 758.0,
        "wait_time": 0,
        "Landing_success_rate": 1.0
    },
    {
        "model": 0,
        "sequence": 20,
        "status": 1,
        "fuel": 5905,
        "fault": 0.4609,
        "weapon": 0,
        "pilot_injury": 0.812,
        "pilot_skill": 0.3151,
        "mission_priority": 0.4438,
        "estimated_landing_time": 1886.0,
        "wait_time": 0,
        "Landing_success_rate": 1.0
    }
]