[
    {
        "model": 2,
        "sequence": 18,
        "status": 1,
        "fuel": 5516,
        "fault": 0.4998,
        "weapon": 1,
        "pilot_injury": 0.8087,
        "pilot_skill": 0.4053,
        "mission_priority": 0.6738,
        "estimated_landing_time": 1698.0,
        "wait_time": 0,
        "Landing_success_rate": 1.0
    },
    {
        "model": 2,
        "sequence": 20,
        "status": 1,
        "fuel": 7467,
        "fault": 0.3592,
        "weapon": 0,
        "pilot_injury": 0.4952,
        "pilot_skill": 0.8137,
        "mission_priority": 0.2816,
        "estimated_landing_time": 1886.0,
        "wait_time": 0,
        "Landing_success_rate": 1.0
    },
    {
        "model": 1,
        "sequence": 24,
        "status": 1,
        "fuel": 6152,
        "fault": 0.0718,
        "weapon": 1,
        "pilot_injury": 0.3512,
        "pilot_skill": 0.8851,
        "mission_priority": 0.7857,
        "estimated_landing_time": 2262.0,
        "wait_time": 0,
        "Landing_success_rate": 1.0
    },
    {
        "model": 2,
        "sequence": 4,
        "status": 1,
        "fuel": 5618,
        "fault": 0.7381,
        "weapon": 0,
        "pilot_injury": 0.42,
        "pilot_skill": 0.7717,
        "mission_priority": 0.0438,
        "estimated_landing_time": 382.0,
        "wait_time": 0,
        "Landing_success_rate": 1.0
    },
    {
        "model": 1,
        "sequence": 21,
        "status": 1,
        "fuel": 6927,
        "fault": 0.7947,
        "weapon": 0,
        "pilot_injury": 0.0646,
        "pilot_skill": 0.6356,
        "mission_priority": 0.2987,
        "estimated_landing_time": 1980.0,
        "wait_time": 0,
        "Landing_success_rate": 1.0
    },
    {
        "model": 0,
        "sequence": 3,
        "status": 1,
        "fuel": 6015,
        "fault": 0.903,
        "weapon": 1,
        "pilot_injury": 0.2054,
        "pilot_skill": 0.8246,
        "mission_priority": 0.742,
        "estimated_landing_time": 288.0,
        "wait_time": 0,
        "Landing_success_rate": 1.0
    },
    {
        "model": 2,
        "sequence": 8,
        "status": 1,
        "fuel": 5510,
        "fault": 0.7326,
        "weapon": 0,
        "pilot_injury": 0.0892,
        "pilot_skill": 0.3678,
        "mission_priority": 0.8386,
        "estimated_landing_time": 758.0,
        "wait_time": 0,
        "Landing_success_rate": 1.0
    },
    {
        "model": 2,
        "sequence": 6,
        "status": 1,
        "fuel": 6473,
        "fault": 0.4845,
        "weapon": 1,
        "pilot_injury": 0.412,
        "pilot_skill": 0.2354,
        "mission_priority": 0.0732,
        "estimated_landing_time": 570.0,
        "wait_time": 0,
        "Landing_success_rate": 1.0
    },
    {
        "model": 0,
        "sequence": 17,
        "status": 1,
        "fuel": 6409,
        "fault": 0.4409,
        "weapon": 1,
        "pilot_injury": 0.2454,
        "pilot_skill": 0.5727,
        "mission_priority": 0.6139,
        "estimated_landing_time": 1604.0,
        "wait_time": 0,
        "Landing_success_rate": 1.0
    },
    {
        "model": 0,
        "sequence": 23,
        "status": 1,
        "fuel": 5922,
        "fault": 0.3745,
        "weapon": 1,
        "pilot_injury": 0.6669,
        "pilot_skill": 0.3846,
        "mission_priority": 0.8782,
        "estimated_landing_time": 2168.0,
        "wait_time": 0,
        "Landing_success_rate": 1.0
    },
    {
        "model": 0,
        "sequence": 10,
        "status": 1,
        "fuel": 5949,
        "fault": 0.4094,
        "weapon": 0,
        "pilot_injury": 0.0092,
        "pilot_skill": 0.7025,
        "mission_priority": 0.4005,
        "estimated_landing_time": 946.0,
        "wait_time": 0,
        "Landing_success_rate": 1.0
    },
    {
        "model": 2,
        "sequence": 2,
        "status": 1,
        "fuel": 5740,
        "fault": 0.8384,
        "weapon": 1,
        "pilot_injury": 0.0724,
        "pilot_skill": 0.392,
        "mission_priority": 0.3147,
        "estimated_landing_time": 194.0,
        "wait_time": 0,
        "Landing_success_rate": 1.0
    },
    {
        "model": 0,
        "sequence": 11,
        "status": 1,
        "fuel": 6043,
        "fault": 0.2649,
        "weapon": 1,
        "pilot_injury": 0.7563,
        "pilot_skill": 0.5004,
        "mission_priority": 0.0819,
        "estimated_landing_time": 1040.0,
        "wait_time": 0,
        "Landing_success_rate": 1.0
    },
    {
        "model": 0,
        "sequence": 16,
        "status": 1,
        "fuel": 6139,
        "fault": 0.6512,
        "weapon": 1,
        "pilot_injury": 0.2601,
        "pilot_skill": 0.5818,
        "mission_priority": 0.8999,
        "estimated_landing_time": 1510.0,
        "wait_time": 0,
        "Landing_success_rate": 1.0
    },
    {
        "model": 1,
        "sequence": 15,
        "status": 1,
        "fuel": 6937,
        "fault": 0.4311,
        "weapon": 1,
        "pilot_injury": 0.7277,
        "pilot_skill": 0.2774,
        "mission_priority": 0.9898,
        "estimated_landing_time": 1416.0,
        "wait_time": 0,
        "Landing_success_rate": 1.0
    },
    {
        "model": 1,
        "sequence": 13,
        "status": 1,
        "fuel": 5711,
        "fault": 0.1241,
        "weapon": 1,
        "pilot_injury": 0.9774,
        "pilot_skill": 0.1528,
        "mission_priority": 0.5216,
        "estimated_landing_time": 1228.0,
        "wait_time": 0,
        "Landing_success_rate": 1.0
    },
    {
        "model": 2,
        "sequence": 14,
        "status": 1,
        "fuel": 6712,
        "fault": 0.8125,
        "weapon": 1,
        "pilot_injury": 0.3967,
        "pilot_skill": 0.5022,
        "mission_priority": 0.0437,
        "estimated_landing_time": 1322.0,
        "wait_time": 0,
        "Landing_success_rate": 1.0
    },
    {
        "model": 0,
        "sequence": 12,
        "status": 1,
        "fuel": 6389,
        "fault": 0.4246,
        "weapon": 0,
        "pilot_injury": 0.4784,
        "pilot_skill": 0.2309,
        "mission_priority": 0.3689,
        "estimated_landing_time": 1134.0,
        "wait_time": 0,
        "Landing_success_rate": 1.0
    },
    {
        "model": 0,
        "sequence": 7,
        "status": 1,
        "fuel": 7258,
        "fault": 0.7916,
        "weapon": 1,
        "pilot_injury": 0.0514,
        "pilot_skill": 0.225,
        "mission_priority": 0.355,
        "estimated_landing_time": 664.0,
        "wait_time": 0,
        "Landing_success_rate": 1.0
    },
    {
        "model": 1,
        "sequence": 9,
        "status": 1,
        "fuel": 5640,
        "fault": 0.0913,
        "weapon": 0,
        "pilot_injury": 0.5043,
        "pilot_skill": 0.1908,
        "mission_priority": 0.5579,
        "estimated_landing_time": 852.0,
        "wait_time": 0,
        "Landing_success_rate": 1.0
    },
    {
        "model": 2,
        "sequence": 19,
        "status": 1,
        "fuel": 5983,
        "fault": 0.1629,
        "weapon": 1,
        "pilot_injury": 0.1648,
        "pilot_skill": 0.9971,
        "mission_priority": 0.4989,
        "estimated_landing_time": 1792.0,
        "wait_time": 0,
        "Landing_success_rate": 1.0
    },
    {
        "model": 0,
        "sequence": 5,
        "status": 1,
        "fuel": 7463,
        "fault": 0.422,
        "weapon": 0,
        "pilot_injury": 0.2637,
        "pilot_skill": 0.0304,
        "mission_priority": 0.8895,
        "estimated_landing_time": 476.0,
        "wait_time": 0,
        "Landing_success_rate": 1.0
    },
    {
        "model": 2,
        "sequence": 22,
        "status": 1,
        "fuel": 7275,
        "fault": 0.704,
        "weapon": 1,
        "pilot_injury": 0.9713,
        "pilot_skill": 0.6326,
        "mission_priority": 0.6916,
        "estimated_landing_time": 2074.0,
        "wait_time": 0,
        "Landing_success_rate": 1.0
    },
    {
        "model": 1,
        "sequence": 1,
        "status": 1,
        "fuel": 6803,
        "fault": 0.9432,
        "weapon": 0,
        "pilot_injury": 0.3199,
        "pilot_skill": 0.9214,
        "mission_priority": 0.069,
        "estimated_landing_time": 100.0,
        "wait_time": 0,
        "Landing_success_rate": 1.0
    }
]