[
    {
        "model": 1,
        "sequence": 20,
        "status": 1,
        "fuel": 6751,
        "fault": 0.7778,
        "weapon": 1,
        "pilot_injury": 0.0897,
        "pilot_skill": 0.3862,
        "mission_priority": 0.4755,
        "estimated_landing_time": 1886.0,
        "wait_time": 0,
        "Landing_success_rate": 1.0
    },
    {
        "model": 2,
        "sequence": 10,
        "status": 1,
        "fuel": 5618,
        "fault": 0.5645,
        "weapon": 1,
        "pilot_injury": 0.9948,
        "pilot_skill": 0.4747,
        "mission_priority": 0.6808,
        "estimated_landing_time": 946.0,
        "wait_time": 0,
        "Landing_success_rate": 1.0
    },
    {
        "model": 2,
        "sequence": 8,
        "status": 1,
        "fuel": 6638,
        "fault": 0.5971,
        "weapon": 1,
        "pilot_injury": 0.6014,
        "pilot_skill": 0.5404,
        "mission_priority": 0.0574,
        "estimated_landing_time": 758.0,
        "wait_time": 0,
        "Landing_success_rate": 1.0
    },
    {
        "model": 0,
        "sequence": 4,
        "status": 1,
        "fuel": 6574,
        "fault": 0.3521,
        "weapon": 0,
        "pilot_injury": 0.7019,
        "pilot_skill": 0.3626,
        "mission_priority": 0.7701,
        "estimated_landing_time": 382.0,
        "wait_time": 0,
        "Landing_success_rate": 1.0
    },
    {
        "model": 1,
        "sequence": 24,
        "status": 1,
        "fuel": 7350,
        "fault": 0.2297,
        "weapon": 0,
        "pilot_injury": 0.4826,
        "pilot_skill": 0.2253,
        "mission_priority": 0.9924,
        "estimated_landing_time": 2262.0,
        "wait_time": 0,
        "Landing_success_rate": 1.0
    },
    {
        "model": 0,
        "sequence": 3,
        "status": 1,
        "fuel": 7459,
        "fault": 0.1606,
        "weapon": 0,
        "pilot_injury": 0.4815,
        "pilot_skill": 0.1281,
        "mission_priority": 0.5053,
        "estimated_landing_time": 288.0,
        "wait_time": 0,
        "Landing_success_rate": 1.0
    },
    {
        "model": 2,
        "sequence": 14,
        "status": 1,
        "fuel": 6107,
        "fault": 0.749,
        "weapon": 1,
        "pilot_injury": 0.4918,
        "pilot_skill": 0.9478,
        "mission_priority": 0.6247,
        "estimated_landing_time": 1322.0,
        "wait_time": 0,
        "Landing_success_rate": 1.0
    },
    {
        "model": 1,
        "sequence": 2,
        "status": 1,
        "fuel": 6002,
        "fault": 0.1672,
        "weapon": 0,
        "pilot_injury": 0.7472,
        "pilot_skill": 0.4669,
        "mission_priority": 0.0682,
        "estimated_landing_time": 194.0,
        "wait_time": 0,
        "Landing_success_rate": 1.0
    },
    {
        "model": 1,
        "sequence": 19,
        "status": 1,
        "fuel": 7400,
        "fault": 0.0737,
        "weapon": 1,
        "pilot_injury": 0.4039,
        "pilot_skill": 0.8389,
        "mission_priority": 0.1373,
        "estimated_landing_time": 1792.0,
        "wait_time": 0,
        "Landing_success_rate": 1.0
    },
    {
        "model": 0,
        "sequence": 6,
        "status": 1,
        "fuel": 7202,
        "fault": 0.8029,
        "weapon": 0,
        "pilot_injury": 0.0033,
        "pilot_skill": 0.8453,
        "mission_priority": 0.8353,
        "estimated_landing_time": 570.0,
        "wait_time": 0,
        "Landing_success_rate": 1.0
    },
    {
        "model": 1,
        "sequence": 9,
        "status": 1,
        "fuel": 6176,
        "fault": 0.7031,
        "weapon": 0,
        "pilot_injury": 0.2729,
        "pilot_skill": 0.2206,
        "mission_priority": 0.0685,
        "estimated_landing_time": 852.0,
        "wait_time": 0,
        "Landing_success_rate": 1.0
    },
    {
        "model": 1,
        "sequence": 13,
        "status": 1,
        "fuel": 7250,
        "fault": 0.6568,
        "weapon": 1,
        "pilot_injury": 0.8104,
        "pilot_skill": 0.4813,
        "mission_priority": 0.2032,
        "estimated_landing_time": 1228.0,
        "wait_time": 0,
        "Landing_success_rate": 1.0
    },
    {
        "model": 1,
        "sequence": 23,
        "status": 1,
        "fuel": 7111,
        "fault": 0.8565,
        "weapon": 0,
        "pilot_injury": 0.9558,
        "pilot_skill": 0.5345,
        "mission_priority": 0.1167,
        "estimated_landing_time": 2168.0,
        "wait_time": 0,
        "Landing_success_rate": 1.0
    },
    {
        "model": 2,
        "sequence": 11,
        "status": 1,
        "fuel": 6778,
        "fault": 0.3593,
        "weapon": 0,
        "pilot_injury": 0.4454,
        "pilot_skill": 0.026,
        "mission_priority": 0.0297,
        "estimated_landing_time": 1040.0,
        "wait_time": 0,
        "Landing_success_rate": 1.0
    },
    {
        "model": 0,
        "sequence": 18,
        "status": 1,
        "fuel": 6207,
        "fault": 0.9544,
        "weapon": 1,
        "pilot_injury": 0.3311,
        "pilot_skill": 0.0077,
        "mission_priority": 0.8486,
        "estimated_landing_time": 1698.0,
        "wait_time": 0,
        "Landing_success_rate": 1.0
    },
    {
        "model": 2,
        "sequence": 1,
        "status": 1,
        "fuel": 5831,
        "fault": 0.0019,
        "weapon": 0,
        "pilot_injury": 0.0731,
        "pilot_skill": 0.2914,
        "mission_priority": 0.799,
        "estimated_landing_time": 100.0,
        "wait_time": 0,
        "Landing_success_rate": 1.0
    },
    {
        "model": 0,
        "sequence": 22,
        "status": 1,
        "fuel": 6993,
        "fault": 0.2839,
        "weapon": 0,
        "pilot_injury": 0.3342,
        "pilot_skill": 0.1154,
        "mission_priority": 0.3395,
        "estimated_landing_time": 2074.0,
        "wait_time": 0,
        "Landing_success_rate": 1.0
    },
    {
        "model": 2,
        "sequence": 7,
        "status": 1,
        "fuel": 7235,
        "fault": 0.2346,
        "weapon": 0,
        "pilot_injury": 0.2621,
        "pilot_skill": 0.8974,
        "mission_priority": 0.4848,
        "estimated_landing_time": 664.0,
        "wait_time": 0,
        "Landing_success_rate": 1.0
    },
    {
        "model": 2,
        "sequence": 15,
        "status": 1,
        "fuel": 7023,
        "fault": 0.8147,
        "weapon": 0,
        "pilot_injury": 0.1676,
        "pilot_skill": 0.1066,
        "mission_priority": 0.3465,
        "estimated_landing_time": 1416.0,
        "wait_time": 0,
        "Landing_success_rate": 1.0
    },
    {
        "model": 2,
        "sequence": 17,
        "status": 1,
        "fuel": 6323,
        "fault": 0.1019,
        "weapon": 0,
        "pilot_injury": 0.6715,
        "pilot_skill": 0.8121,
        "mission_priority": 0.5798,
        "estimated_landing_time": 1604.0,
        "wait_time": 0,
        "Landing_success_rate": 1.0
    },
    {
        "model": 2,
        "sequence": 12,
        "status": 1,
        "fuel": 6166,
        "fault": 0.7673,
        "weapon": 0,
        "pilot_injury": 0.7731,
        "pilot_skill": 0.32,
        "mission_priority": 0.5734,
        "estimated_landing_time": 1134.0,
        "wait_time": 0,
        "Landing_success_rate": 1.0
    },
    {
        "model": 0,
        "sequence": 21,
        "status": 1,
        "fuel": 6160,
        "fault": 0.6788,
        "weapon": 0,
        "pilot_injury": 0.426,
        "pilot_skill": 0.3728,
        "mission_priority": 0.1836,
        "estimated_landing_time": 1980.0,
        "wait_time": 0,
        "Landing_success_rate": 1.0
    },
    {
        "model": 1,
        "sequence": 16,
        "status": 1,
        "fuel": 6572,
        "fault": 0.4223,
        "weapon": 0,
        "pilot_injury": 0.5713,
        "pilot_skill": 0.0692,
        "mission_priority": 0.9243,
        "estimated_landing_time": 1510.0,
        "wait_time": 0,
        "Landing_success_rate": 1.0
    },
    {
        "model": 0,
        "sequence": 5,
        "status": 1,
        "fuel": 6676,
        "fault": 0.1934,
        "weapon": 0,
        "pilot_injury": 0.7661,
        "pilot_skill": 0.0966,
        "mission_priority": 0.2366,
        "estimated_landing_time": 476.0,
        "wait_time": 0,
        "Landing_success_rate": 1.0
    }
]