[
    {
        "model": 1,
        "sequence": 21,
        "status": 1,
        "fuel": 6752,
        "fault": 0.6872,
        "weapon": 1,
        "pilot_injury": 0.8299,
        "pilot_skill": 0.9315,
        "mission_priority": 0.0206,
        "estimated_landing_time": 1980.0,
        "wait_time": 0,
        "Landing_success_rate": 1.0
    },
    {
        "model": 1,
        "sequence": 1,
        "status": 1,
        "fuel": 6668,
        "fault": 0.8956,
        "weapon": 1,
        "pilot_injury": 0.1221,
        "pilot_skill": 0.4545,
        "mission_priority": 0.764,
        "estimated_landing_time": 100.0,
        "wait_time": 0,
        "Landing_success_rate": 1.0
    },
    {
        "model": 1,
        "sequence": 15,
        "status": 1,
        "fuel": 7145,
        "fault": 0.7455,
        "weapon": 0,
        "pilot_injury": 0.6885,
        "pilot_skill": 0.6355,
        "mission_priority": 0.3932,
        "estimated_landing_time": 1416.0,
        "wait_time": 0,
        "Landing_success_rate": 1.0
    },
    {
        "model": 2,
        "sequence": 14,
        "status": 1,
        "fuel": 6784,
        "fault": 0.3146,
        "weapon": 1,
        "pilot_injury": 0.7599,
        "pilot_skill": 0.1936,
        "mission_priority": 0.3603,
        "estimated_landing_time": 1322.0,
        "wait_time": 0,
        "Landing_success_rate": 1.0
    },
    {
        "model": 0,
        "sequence": 24,
        "status": 1,
        "fuel": 6269,
        "fault": 0.2518,
        "weapon": 0,
        "pilot_injury": 0.7704,
        "pilot_skill": 0.1334,
        "mission_priority": 0.3245,
        "estimated_landing_time": 2262.0,
        "wait_time": 0,
        "Landing_success_rate": 1.0
    },
    {
        "model": 2,
        "sequence": 20,
        "status": 1,
        "fuel": 6997,
        "fault": 0.8699,
        "weapon": 0,
        "pilot_injury": 0.2707,
        "pilot_skill": 0.9115,
        "mission_priority": 0.0269,
        "estimated_landing_time": 1886.0,
        "wait_time": 0,
        "Landing_success_rate": 1.0
    },
    {
        "model": 1,
        "sequence": 10,
        "status": 1,
        "fuel": 7178,
        "fault": 0.8448,
        "weapon": 0,
        "pilot_injury": 0.3669,
        "pilot_skill": 0.2297,
        "mission_priority": 0.5089,
        "estimated_landing_time": 946.0,
        "wait_time": 0,
        "Landing_success_rate": 1.0
    },
    {
        "model": 0,
        "sequence": 7,
        "status": 1,
        "fuel": 5776,
        "fault": 0.6827,
        "weapon": 0,
        "pilot_injury": 0.7153,
        "pilot_skill": 0.1169,
        "mission_priority": 0.9597,
        "estimated_landing_time": 664.0,
        "wait_time": 0,
        "Landing_success_rate": 1.0
    },
    {
        "model": 1,
        "sequence": 23,
        "status": 1,
        "fuel": 5749,
        "fault": 0.3774,
        "weapon": 0,
        "pilot_injury": 0.7246,
        "pilot_skill": 0.2821,
        "mission_priority": 0.1183,
        "estimated_landing_time": 2168.0,
        "wait_time": 0,
        "Landing_success_rate": 1.0
    },
    {
        "model": 0,
        "sequence": 11,
        "status": 1,
        "fuel": 7146,
        "fault": 0.6086,
        "weapon": 0,
        "pilot_injury": 0.2909,
        "pilot_skill": 0.0169,
        "mission_priority": 0.9385,
        "estimated_landing_time": 1040.0,
        "wait_time": 0,
        "Landing_success_rate": 1.0
    },
    {
        "model": 0,
        "sequence": 17,
        "status": 1,
        "fuel": 6196,
        "fault": 0.5391,
        "weapon": 0,
        "pilot_injury": 0.9118,
        "pilot_skill": 0.359,
        "mission_priority": 0.4633,
        "estimated_landing_time": 1604.0,
        "wait_time": 0,
        "Landing_success_rate": 1.0
    },
    {
        "model": 1,
        "sequence": 18,
        "status": 1,
        "fuel": 6576,
        "fault": 0.7378,
        "weapon": 1,
        "pilot_injury": 0.1002,
        "pilot_skill": 0.8987,
        "mission_priority": 0.9325,
        "estimated_landing_time": 1698.0,
        "wait_time": 0,
        "Landing_success_rate": 1.0
    },
    {
        "model": 0,
        "sequence": 12,
        "status": 1,
        "fuel": 5537,
        "fault": 0.652,
        "weapon": 1,
        "pilot_injury": 0.8579,
        "pilot_skill": 0.4873,
        "mission_priority": 0.482,
        "estimated_landing_time": 1134.0,
        "wait_time": 0,
        "Landing_success_rate": 1.0
    },
    {
        "model": 0,
        "sequence": 19,
        "status": 1,
        "fuel": 5806,
        "fault": 0.2569,
        "weapon": 0,
        "pilot_injury": 0.6656,
        "pilot_skill": 0.6266,
        "mission_priority": 0.3717,
        "estimated_landing_time": 1792.0,
        "wait_time": 0,
        "Landing_success_rate": 1.0
    },
    {
        "model": 1,
        "sequence": 16,
        "status": 1,
        "fuel": 6193,
        "fault": 0.2421,
        "weapon": 0,
        "pilot_injury": 0.4096,
        "pilot_skill": 0.1884,
        "mission_priority": 0.5376,
        "estimated_landing_time": 1510.0,
        "wait_time": 0,
        "Landing_success_rate": 1.0
    },
    {
        "model": 0,
        "sequence": 4,
        "status": 1,
        "fuel": 6709,
        "fault": 0.7342,
        "weapon": 0,
        "pilot_injury": 0.7773,
        "pilot_skill": 0.434,
        "mission_priority": 0.2187,
        "estimated_landing_time": 382.0,
        "wait_time": 0,
        "Landing_success_rate": 1.0
    },
    {
        "model": 1,
        "sequence": 22,
        "status": 1,
        "fuel": 6453,
        "fault": 0.7341,
        "weapon": 0,
        "pilot_injury": 0.7809,
        "pilot_skill": 0.0366,
        "mission_priority": 0.9427,
        "estimated_landing_time": 2074.0,
        "wait_time": 0,
        "Landing_success_rate": 1.0
    },
    {
        "model": 2,
        "sequence": 6,
        "status": 1,
        "fuel": 6133,
        "fault": 0.6799,
        "weapon": 1,
        "pilot_injury": 0.5515,
        "pilot_skill": 0.0467,
        "mission_priority": 0.2952,
        "estimated_landing_time": 570.0,
        "wait_time": 0,
        "Landing_success_rate": 1.0
    },
    {
        "model": 2,
        "sequence": 8,
        "status": 1,
        "fuel": 7401,
        "fault": 0.934,
        "weapon": 0,
        "pilot_injury": 0.4803,
        "pilot_skill": 0.698,
        "mission_priority": 0.0716,
        "estimated_landing_time": 758.0,
        "wait_time": 0,
        "Landing_success_rate": 1.0
    },
    {
        "model": 1,
        "sequence": 3,
        "status": 1,
        "fuel": 7011,
        "fault": 0.1844,
        "weapon": 1,
        "pilot_injury": 0.2624,
        "pilot_skill": 0.7631,
        "mission_priority": 0.9119,
        "estimated_landing_time": 288.0,
        "wait_time": 0,
        "Landing_success_rate": 1.0
    },
    {
        "model": 0,
        "sequence": 2,
        "status": 1,
        "fuel": 6175,
        "fault": 0.9533,
        "weapon": 0,
        "pilot_injury": 0.9857,
        "pilot_skill": 0.4133,
        "mission_priority": 0.3765,
        "estimated_landing_time": 194.0,
        "wait_time": 0,
        "Landing_success_rate": 1.0
    },
    {
        "model": 2,
        "sequence": 5,
        "status": 1,
        "fuel": 6223,
        "fault": 0.9343,
        "weapon": 0,
        "pilot_injury": 0.5561,
        "pilot_skill": 0.9656,
        "mission_priority": 0.1001,
        "estimated_landing_time": 476.0,
        "wait_time": 0,
        "Landing_success_rate": 1.0
    },
    {
        "model": 1,
        "sequence": 13,
        "status": 1,
        "fuel": 6847,
        "fault": 0.8311,
        "weapon": 0,
        "pilot_injury": 0.89,
        "pilot_skill": 0.5877,
        "mission_priority": 0.2346,
        "estimated_landing_time": 1228.0,
        "wait_time": 0,
        "Landing_success_rate": 1.0
    },
    {
        "model": 1,
        "sequence": 9,
        "status": 1,
        "fuel": 7285,
        "fault": 0.6322,
        "weapon": 1,
        "pilot_injury": 0.7253,
        "pilot_skill": 0.4875,
        "mission_priority": 0.1893,
        "estimated_landing_time": 852.0,
        "wait_time": 0,
        "Landing_success_rate": 1.0
    }
]