[
    {
        "model": 2,
        "sequence": 8,
        "status": 1,
        "fuel": 5994,
        "fault": 0.3288,
        "weapon": 0,
        "pilot_injury": 0.691,
        "pilot_skill": 0.4224,
        "mission_priority": 0.5452,
        "estimated_landing_time": 758.0,
        "wait_time": 0,
        "Landing_success_rate": 1.0
    },
    {
        "model": 2,
        "sequence": 13,
        "status": 1,
        "fuel": 6697,
        "fault": 0.3479,
        "weapon": 0,
        "pilot_injury": 0.412,
        "pilot_skill": 0.0285,
        "mission_priority": 0.1496,
        "estimated_landing_time": 1228.0,
        "wait_time": 0,
        "Landing_success_rate": 1.0
    },
    {
        "model": 0,
        "sequence": 14,
        "status": 1,
        "fuel": 6785,
        "fault": 0.5452,
        "weapon": 1,
        "pilot_injury": 0.1462,
        "pilot_skill": 0.7556,
        "mission_priority": 0.373,
        "estimated_landing_time": 1322.0,
        "wait_time": 0,
        "Landing_success_rate": 1.0
    },
    {
        "model": 1,
        "sequence": 24,
        "status": 1,
        "fuel": 7218,
        "fault": 0.7306,
        "weapon": 0,
        "pilot_injury": 0.1498,
        "pilot_skill": 0.758,
        "mission_priority": 0.5678,
        "estimated_landing_time": 2262.0,
        "wait_time": 0,
        "Landing_success_rate": 1.0
    },
    {
        "model": 2,
        "sequence": 22,
        "status": 1,
        "fuel": 7285,
        "fault": 0.3862,
        "weapon": 1,
        "pilot_injury": 0.1508,
        "pilot_skill": 0.3408,
        "mission_priority": 0.0293,
        "estimated_landing_time": 2074.0,
        "wait_time": 0,
        "Landing_success_rate": 1.0
    },
    {
        "model": 1,
        "sequence": 18,
        "status": 1,
        "fuel": 5867,
        "fault": 0.4501,
        "weapon": 0,
        "pilot_injury": 0.7953,
        "pilot_skill": 0.0285,
        "mission_priority": 0.8813,
        "estimated_landing_time": 1698.0,
        "wait_time": 0,
        "Landing_success_rate": 1.0
    },
    {
        "model": 0,
        "sequence": 16,
        "status": 1,
        "fuel": 7379,
        "fault": 0.8506,
        "weapon": 1,
        "pilot_injury": 0.7524,
        "pilot_skill": 0.3229,
        "mission_priority": 0.2533,
        "estimated_landing_time": 1510.0,
        "wait_time": 0,
        "Landing_success_rate": 1.0
    },
    {
        "model": 0,
        "sequence": 19,
        "status": 1,
        "fuel": 5951,
        "fault": 0.0428,
        "weapon": 1,
        "pilot_injury": 0.0934,
        "pilot_skill": 0.7856,
        "mission_priority": 0.4707,
        "estimated_landing_time": 1792.0,
        "wait_time": 0,
        "Landing_success_rate": 1.0
    },
    {
        "model": 1,
        "sequence": 9,
        "status": 1,
        "fuel": 6511,
        "fault": 0.135,
        "weapon": 0,
        "pilot_injury": 0.8179,
        "pilot_skill": 0.4928,
        "mission_priority": 0.4399,
        "estimated_landing_time": 852.0,
        "wait_time": 0,
        "Landing_success_rate": 1.0
    },
    {
        "model": 0,
        "sequence": 3,
        "status": 1,
        "fuel": 7213,
        "fault": 0.4364,
        "weapon": 1,
        "pilot_injury": 0.3667,
        "pilot_skill": 0.5757,
        "mission_priority": 0.4606,
        "estimated_landing_time": 288.0,
        "wait_time": 0,
        "Landing_success_rate": 1.0
    },
    {
        "model": 1,
        "sequence": 21,
        "status": 1,
        "fuel": 6248,
        "fault": 0.1159,
        "weapon": 1,
        "pilot_injury": 0.3002,
        "pilot_skill": 0.992,
        "mission_priority": 0.3262,
        "estimated_landing_time": 1980.0,
        "wait_time": 0,
        "Landing_success_rate": 1.0
    },
    {
        "model": 1,
        "sequence": 10,
        "status": 1,
        "fuel": 7491,
        "fault": 0.2608,
        "weapon": 0,
        "pilot_injury": 0.4212,
        "pilot_skill": 0.4439,
        "mission_priority": 0.5489,
        "estimated_landing_time": 946.0,
        "wait_time": 0,
        "Landing_success_rate": 1.0
    },
    {
        "model": 1,
        "sequence": 1,
        "status": 1,
        "fuel": 7114,
        "fault": 0.6507,
        "weapon": 1,
        "pilot_injury": 0.0345,
        "pilot_skill": 0.8188,
        "mission_priority": 0.1949,
        "estimated_landing_time": 100.0,
        "wait_time": 0,
        "Landing_success_rate": 1.0
    },
    {
        "model": 2,
        "sequence": 7,
        "status": 1,
        "fuel": 7301,
        "fault": 0.1898,
        "weapon": 1,
        "pilot_injury": 0.7671,
        "pilot_skill": 0.5837,
        "mission_priority": 0.7553,
        "estimated_landing_time": 664.0,
        "wait_time": 0,
        "Landing_success_rate": 1.0
    },
    {
        "model": 2,
        "sequence": 23,
        "status": 1,
        "fuel": 7089,
        "fault": 0.4555,
        "weapon": 0,
        "pilot_injury": 0.3015,
        "pilot_skill": 0.5073,
        "mission_priority": 0.3049,
        "estimated_landing_time": 2168.0,
        "wait_time": 0,
        "Landing_success_rate": 1.0
    },
    {
        "model": 1,
        "sequence": 6,
        "status": 1,
        "fuel": 7163,
        "fault": 0.0549,
        "weapon": 1,
        "pilot_injury": 0.7478,
        "pilot_skill": 0.3452,
        "mission_priority": 0.765,
        "estimated_landing_time": 570.0,
        "wait_time": 0,
        "Landing_success_rate": 1.0
    },
    {
        "model": 0,
        "sequence": 4,
        "status": 1,
        "fuel": 7260,
        "fault": 0.6,
        "weapon": 0,
        "pilot_injury": 0.3803,
        "pilot_skill": 0.2905,
        "mission_priority": 0.2179,
        "estimated_landing_time": 382.0,
        "wait_time": 0,
        "Landing_success_rate": 1.0
    },
    {
        "model": 0,
        "sequence": 15,
        "status": 1,
        "fuel": 5894,
        "fault": 0.8611,
        "weapon": 0,
        "pilot_injury": 0.4863,
        "pilot_skill": 0.8477,
        "mission_priority": 0.2142,
        "estimated_landing_time": 1416.0,
        "wait_time": 0,
        "Landing_success_rate": 1.0
    },
    {
        "model": 2,
        "sequence": 20,
        "status": 1,
        "fuel": 6062,
        "fault": 0.743,
        "weapon": 1,
        "pilot_injury": 0.4957,
        "pilot_skill": 0.8952,
        "mission_priority": 0.063,
        "estimated_landing_time": 1886.0,
        "wait_time": 0,
        "Landing_success_rate": 1.0
    },
    {
        "model": 1,
        "sequence": 17,
        "status": 1,
        "fuel": 6686,
        "fault": 0.645,
        "weapon": 0,
        "pilot_injury": 0.1554,
        "pilot_skill": 0.6834,
        "mission_priority": 0.7969,
        "estimated_landing_time": 1604.0,
        "wait_time": 0,
        "Landing_success_rate": 1.0
    },
    {
        "model": 2,
        "sequence": 2,
        "status": 1,
        "fuel": 5505,
        "fault": 0.3006,
        "weapon": 0,
        "pilot_injury": 0.697,
        "pilot_skill": 0.3214,
        "mission_priority": 0.1513,
        "estimated_landing_time": 194.0,
        "wait_time": 0,
        "Landing_success_rate": 1.0
    },
    {
        "model": 1,
        "sequence": 5,
        "status": 1,
        "fuel": 5588,
        "fault": 0.6467,
        "weapon": 0,
        "pilot_injury": 0.4942,
        "pilot_skill": 0.7819,
        "mission_priority": 0.6601,
        "estimated_landing_time": 476.0,
        "wait_time": 0,
        "Landing_success_rate": 1.0
    },
    {
        "model": 0,
        "sequence": 11,
        "status": 1,
        "fuel": 7048,
        "fault": 0.4757,
        "weapon": 1,
        "pilot_injury": 0.9572,
        "pilot_skill": 0.2704,
        "mission_priority": 0.2778,
        "estimated_landing_time": 1040.0,
        "wait_time": 0,
        "Landing_success_rate": 1.0
    },
    {
        "model": 0,
        "sequence": 12,
        "status": 1,
        "fuel": 6053,
        "fault": 0.6341,
        "weapon": 1,
        "pilot_injury": 0.9842,
        "pilot_skill": 0.9692,
        "mission_priority": 0.9138,
        "estimated_landing_time": 1134.0,
        "wait_time": 0,
        "Landing_success_rate": 1.0
    }
]