[
    {
        "model": 0,
        "sequence": 4,
        "status": 1,
        "fuel": 6159,
        "fault": 0.5561,
        "weapon": 1,
        "pilot_injury": 0.8749,
        "pilot_skill": 0.8886,
        "mission_priority": 0.931,
        "estimated_landing_time": 382.0,
        "wait_time": 0,
        "Landing_success_rate": 1.0
    },
    {
        "model": 2,
        "sequence": 18,
        "status": 1,
        "fuel": 6323,
        "fault": 0.7597,
        "weapon": 1,
        "pilot_injury": 0.7476,
        "pilot_skill": 0.8146,
        "mission_priority": 0.8779,
        "estimated_landing_time": 1698.0,
        "wait_time": 0,
        "Landing_success_rate": 1.0
    },
    {
        "model": 2,
        "sequence": 1,
        "status": 1,
        "fuel": 6720,
        "fault": 0.4116,
        "weapon": 0,
        "pilot_injury": 0.6551,
        "pilot_skill": 0.0096,
        "mission_priority": 0.5728,
        "estimated_landing_time": 100.0,
        "wait_time": 0,
        "Landing_success_rate": 1.0
    },
    {
        "model": 2,
        "sequence": 2,
        "status": 1,
        "fuel": 7417,
        "fault": 0.601,
        "weapon": 0,
        "pilot_injury": 0.9017,
        "pilot_skill": 0.7976,
        "mission_priority": 0.057,
        "estimated_landing_time": 194.0,
        "wait_time": 0,
        "Landing_success_rate": 1.0
    },
    {
        "model": 1,
        "sequence": 15,
        "status": 1,
        "fuel": 6700,
        "fault": 0.8017,
        "weapon": 0,
        "pilot_injury": 0.0297,
        "pilot_skill": 0.2358,
        "mission_priority": 0.8875,
        "estimated_landing_time": 1416.0,
        "wait_time": 0,
        "Landing_success_rate": 1.0
    },
    {
        "model": 2,
        "sequence": 17,
        "status": 1,
        "fuel": 6563,
        "fault": 0.0514,
        "weapon": 1,
        "pilot_injury": 0.1177,
        "pilot_skill": 0.3151,
        "mission_priority": 0.3231,
        "estimated_landing_time": 1604.0,
        "wait_time": 0,
        "Landing_success_rate": 1.0
    },
    {
        "model": 0,
        "sequence": 5,
        "status": 1,
        "fuel": 7107,
        "fault": 0.7535,
        "weapon": 0,
        "pilot_injury": 0.3735,
        "pilot_skill": 0.8092,
        "mission_priority": 0.3232,
        "estimated_landing_time": 476.0,
        "wait_time": 0,
        "Landing_success_rate": 1.0
    },
    {
        "model": 1,
        "sequence": 14,
        "status": 1,
        "fuel": 6004,
        "fault": 0.4482,
        "weapon": 0,
        "pilot_injury": 0.8084,
        "pilot_skill": 0.261,
        "mission_priority": 0.145,
        "estimated_landing_time": 1322.0,
        "wait_time": 0,
        "Landing_success_rate": 1.0
    },
    {
        "model": 2,
        "sequence": 20,
        "status": 1,
        "fuel": 6707,
        "fault": 0.8983,
        "weapon": 1,
        "pilot_injury": 0.7698,
        "pilot_skill": 0.1743,
        "mission_priority": 0.5275,
        "estimated_landing_time": 1886.0,
        "wait_time": 0,
        "Landing_success_rate": 1.0
    },
    {
        "model": 1,
        "sequence": 6,
        "status": 1,
        "fuel": 7220,
        "fault": 0.4469,
        "weapon": 1,
        "pilot_injury": 0.2006,
        "pilot_skill": 0.8957,
        "mission_priority": 0.1388,
        "estimated_landing_time": 570.0,
        "wait_time": 0,
        "Landing_success_rate": 1.0
    },
    {
        "model": 0,
        "sequence": 7,
        "status": 1,
        "fuel": 7433,
        "fault": 0.8327,
        "weapon": 0,
        "pilot_injury": 0.6053,
        "pilot_skill": 0.7306,
        "mission_priority": 0.8088,
        "estimated_landing_time": 664.0,
        "wait_time": 0,
        "Landing_success_rate": 1.0
    },
    {
        "model": 1,
        "sequence": 24,
        "status": 1,
        "fuel": 7054,
        "fault": 0.3046,
        "weapon": 0,
        "pilot_injury": 0.9926,
        "pilot_skill": 0.6373,
        "mission_priority": 0.3342,
        "estimated_landing_time": 2262.0,
        "wait_time": 0,
        "Landing_success_rate": 1.0
    },
    {
        "model": 1,
        "sequence": 11,
        "status": 1,
        "fuel": 6353,
        "fault": 0.5137,
        "weapon": 0,
        "pilot_injury": 0.4016,
        "pilot_skill": 0.1933,
        "mission_priority": 0.1352,
        "estimated_landing_time": 1040.0,
        "wait_time": 0,
        "Landing_success_rate": 1.0
    },
    {
        "model": 2,
        "sequence": 21,
        "status": 1,
        "fuel": 5565,
        "fault": 0.884,
        "weapon": 1,
        "pilot_injury": 0.1464,
        "pilot_skill": 0.0443,
        "mission_priority": 0.0346,
        "estimated_landing_time": 1980.0,
        "wait_time": 0,
        "Landing_success_rate": 1.0
    },
    {
        "model": 0,
        "sequence": 8,
        "status": 1,
        "fuel": 6340,
        "fault": 0.8649,
        "weapon": 1,
        "pilot_injury": 0.5393,
        "pilot_skill": 0.4557,
        "mission_priority": 0.3248,
        "estimated_landing_time": 758.0,
        "wait_time": 0,
        "Landing_success_rate": 1.0
    },
    {
        "model": 0,
        "sequence": 23,
        "status": 1,
        "fuel": 5544,
        "fault": 0.3904,
        "weapon": 0,
        "pilot_injury": 0.0915,
        "pilot_skill": 0.2958,
        "mission_priority": 0.9733,
        "estimated_landing_time": 2168.0,
        "wait_time": 0,
        "Landing_success_rate": 1.0
    },
    {
        "model": 1,
        "sequence": 3,
        "status": 1,
        "fuel": 7445,
        "fault": 0.2997,
        "weapon": 1,
        "pilot_injury": 0.1672,
        "pilot_skill": 0.4957,
        "mission_priority": 0.4815,
        "estimated_landing_time": 288.0,
        "wait_time": 0,
        "Landing_success_rate": 1.0
    },
    {
        "model": 2,
        "sequence": 16,
        "status": 1,
        "fuel": 5658,
        "fault": 0.5524,
        "weapon": 0,
        "pilot_injury": 0.2322,
        "pilot_skill": 0.1149,
        "mission_priority": 0.5705,
        "estimated_landing_time": 1510.0,
        "wait_time": 0,
        "Landing_success_rate": 1.0
    },
    {
        "model": 1,
        "sequence": 19,
        "status": 1,
        "fuel": 7046,
        "fault": 0.2655,
        "weapon": 1,
        "pilot_injury": 0.7048,
        "pilot_skill": 0.4379,
        "mission_priority": 0.294,
        "estimated_landing_time": 1792.0,
        "wait_time": 0,
        "Landing_success_rate": 1.0
    },
    {
        "model": 1,
        "sequence": 10,
        "status": 1,
        "fuel": 6947,
        "fault": 0.0285,
        "weapon": 0,
        "pilot_injury": 0.5833,
        "pilot_skill": 0.4431,
        "mission_priority": 0.0812,
        "estimated_landing_time": 946.0,
        "wait_time": 0,
        "Landing_success_rate": 1.0
    },
    {
        "model": 1,
        "sequence": 9,
        "status": 1,
        "fuel": 6638,
        "fault": 0.4523,
        "weapon": 1,
        "pilot_injury": 0.0868,
        "pilot_skill": 0.5958,
        "mission_priority": 0.0099,
        "estimated_landing_time": 852.0,
        "wait_time": 0,
        "Landing_success_rate": 1.0
    },
    {
        "model": 2,
        "sequence": 12,
        "status": 1,
        "fuel": 7430,
        "fault": 0.7532,
        "weapon": 1,
        "pilot_injury": 0.0379,
        "pilot_skill": 0.6467,
        "mission_priority": 0.9497,
        "estimated_landing_time": 1134.0,
        "wait_time": 0,
        "Landing_success_rate": 1.0
    },
    {
        "model": 1,
        "sequence": 22,
        "status": 1,
        "fuel": 6732,
        "fault": 0.7867,
        "weapon": 0,
        "pilot_injury": 0.5755,
        "pilot_skill": 0.4504,
        "mission_priority": 0.6204,
        "estimated_landing_time": 2074.0,
        "wait_time": 0,
        "Landing_success_rate": 1.0
    },
    {
        "model": 2,
        "sequence": 13,
        "status": 1,
        "fuel": 7393,
        "fault": 0.7183,
        "weapon": 1,
        "pilot_injury": 0.089,
        "pilot_skill": 0.7444,
        "mission_priority": 0.2386,
        "estimated_landing_time": 1228.0,
        "wait_time": 0,
        "Landing_success_rate": 1.0
    }
]