[
    {
        "model": 0,
        "sequence": 20,
        "status": 1,
        "fuel": 6271,
        "fault": 0.0353,
        "weapon": 1,
        "pilot_injury": 0.7643,
        "pilot_skill": 0.1192,
        "mission_priority": 0.0421,
        "estimated_landing_time": 1886.0,
        "wait_time": 0,
        "Landing_success_rate": 1.0
    },
    {
        "model": 2,
        "sequence": 1,
        "status": 1,
        "fuel": 5763,
        "fault": 0.2763,
        "weapon": 0,
        "pilot_injury": 0.3237,
        "pilot_skill": 0.716,
        "mission_priority": 0.4958,
        "estimated_landing_time": 100.0,
        "wait_time": 0,
        "Landing_success_rate": 1.0
    },
    {
        "model": 2,
        "sequence": 12,
        "status": 1,
        "fuel": 6593,
        "fault": 0.1414,
        "weapon": 1,
        "pilot_injury": 0.0666,
        "pilot_skill": 0.9051,
        "mission_priority": 0.6691,
        "estimated_landing_time": 1134.0,
        "wait_time": 0,
        "Landing_success_rate": 1.0
    },
    {
        "model": 1,
        "sequence": 15,
        "status": 1,
        "fuel": 5623,
        "fault": 0.8523,
        "weapon": 0,
        "pilot_injury": 0.9377,
        "pilot_skill": 0.7718,
        "mission_priority": 0.7643,
        "estimated_landing_time": 1416.0,
        "wait_time": 0,
        "Landing_success_rate": 1.0
    },
    {
        "model": 0,
        "sequence": 22,
        "status": 1,
        "fuel": 5646,
        "fault": 0.5575,
        "weapon": 1,
        "pilot_injury": 0.3947,
        "pilot_skill": 0.4807,
        "mission_priority": 0.7772,
        "estimated_landing_time": 2074.0,
        "wait_time": 0,
        "Landing_success_rate": 1.0
    },
    {
        "model": 2,
        "sequence": 2,
        "status": 1,
        "fuel": 6765,
        "fault": 0.6985,
        "weapon": 1,
        "pilot_injury": 0.2181,
        "pilot_skill": 0.8189,
        "mission_priority": 0.6472,
        "estimated_landing_time": 194.0,
        "wait_time": 0,
        "Landing_success_rate": 1.0
    },
    {
        "model": 2,
        "sequence": 18,
        "status": 1,
        "fuel": 5668,
        "fault": 0.7372,
        "weapon": 1,
        "pilot_injury": 0.9972,
        "pilot_skill": 0.3284,
        "mission_priority": 0.1166,
        "estimated_landing_time": 1698.0,
        "wait_time": 0,
        "Landing_success_rate": 1.0
    },
    {
        "model": 1,
        "sequence": 16,
        "status": 1,
        "fuel": 7279,
        "fault": 0.5061,
        "weapon": 1,
        "pilot_injury": 0.187,
        "pilot_skill": 0.8581,
        "mission_priority": 0.1562,
        "estimated_landing_time": 1510.0,
        "wait_time": 0,
        "Landing_success_rate": 1.0
    },
    {
        "model": 1,
        "sequence": 9,
        "status": 1,
        "fuel": 5803,
        "fault": 0.476,
        "weapon": 1,
        "pilot_injury": 0.9066,
        "pilot_skill": 0.2564,
        "mission_priority": 0.6115,
        "estimated_landing_time": 852.0,
        "wait_time": 0,
        "Landing_success_rate": 1.0
    },
    {
        "model": 0,
        "sequence": 17,
        "status": 1,
        "fuel": 5855,
        "fault": 0.8408,
        "weapon": 0,
        "pilot_injury": 0.0858,
        "pilot_skill": 0.5795,
        "mission_priority": 0.3459,
        "estimated_landing_time": 1604.0,
        "wait_time": 0,
        "Landing_success_rate": 1.0
    },
    {
        "model": 2,
        "sequence": 7,
        "status": 1,
        "fuel": 6031,
        "fault": 0.1374,
        "weapon": 1,
        "pilot_injury": 0.28,
        "pilot_skill": 0.1773,
        "mission_priority": 0.5638,
        "estimated_landing_time": 664.0,
        "wait_time": 0,
        "Landing_success_rate": 1.0
    },
    {
        "model": 1,
        "sequence": 8,
        "status": 1,
        "fuel": 7200,
        "fault": 0.115,
        "weapon": 1,
        "pilot_injury": 0.6785,
        "pilot_skill": 0.0744,
        "mission_priority": 0.7432,
        "estimated_landing_time": 758.0,
        "wait_time": 0,
        "Landing_success_rate": 1.0
    },
    {
        "model": 0,
        "sequence": 24,
        "status": 1,
        "fuel": 5852,
        "fault": 0.8592,
        "weapon": 1,
        "pilot_injury": 0.9978,
        "pilot_skill": 0.1739,
        "mission_priority": 0.2611,
        "estimated_landing_time": 2262.0,
        "wait_time": 0,
        "Landing_success_rate": 1.0
    },
    {
        "model": 1,
        "sequence": 19,
        "status": 1,
        "fuel": 6029,
        "fault": 0.2731,
        "weapon": 1,
        "pilot_injury": 0.4925,
        "pilot_skill": 0.5627,
        "mission_priority": 0.2955,
        "estimated_landing_time": 1792.0,
        "wait_time": 0,
        "Landing_success_rate": 1.0
    },
    {
        "model": 0,
        "sequence": 3,
        "status": 1,
        "fuel": 7120,
        "fault": 0.2825,
        "weapon": 1,
        "pilot_injury": 0.6425,
        "pilot_skill": 0.9317,
        "mission_priority": 0.5781,
        "estimated_landing_time": 288.0,
        "wait_time": 0,
        "Landing_success_rate": 1.0
    },
    {
        "model": 2,
        "sequence": 4,
        "status": 1,
        "fuel": 5717,
        "fault": 0.5242,
        "weapon": 1,
        "pilot_injury": 0.206,
        "pilot_skill": 0.142,
        "mission_priority": 0.1623,
        "estimated_landing_time": 382.0,
        "wait_time": 0,
        "Landing_success_rate": 1.0
    },
    {
        "model": 1,
        "sequence": 21,
        "status": 1,
        "fuel": 6101,
        "fault": 0.3037,
        "weapon": 1,
        "pilot_injury": 0.3059,
        "pilot_skill": 0.249,
        "mission_priority": 0.0566,
        "estimated_landing_time": 1980.0,
        "wait_time": 0,
        "Landing_success_rate": 1.0
    },
    {
        "model": 0,
        "sequence": 11,
        "status": 1,
        "fuel": 6743,
        "fault": 0.6743,
        "weapon": 0,
        "pilot_injury": 0.7473,
        "pilot_skill": 0.9416,
        "mission_priority": 0.4237,
        "estimated_landing_time": 1040.0,
        "wait_time": 0,
        "Landing_success_rate": 1.0
    },
    {
        "model": 0,
        "sequence": 14,
        "status": 1,
        "fuel": 7343,
        "fault": 0.1553,
        "weapon": 1,
        "pilot_injury": 0.8814,
        "pilot_skill": 0.9914,
        "mission_priority": 0.9328,
        "estimated_landing_time": 1322.0,
        "wait_time": 0,
        "Landing_success_rate": 1.0
    },
    {
        "model": 2,
        "sequence": 23,
        "status": 1,
        "fuel": 5552,
        "fault": 0.1065,
        "weapon": 0,
        "pilot_injury": 0.6175,
        "pilot_skill": 0.097,
        "mission_priority": 0.1388,
        "estimated_landing_time": 2168.0,
        "wait_time": 0,
        "Landing_success_rate": 1.0
    },
    {
        "model": 1,
        "sequence": 5,
        "status": 1,
        "fuel": 7368,
        "fault": 0.6558,
        "weapon": 1,
        "pilot_injury": 0.5918,
        "pilot_skill": 0.3336,
        "mission_priority": 0.4523,
        "estimated_landing_time": 476.0,
        "wait_time": 0,
        "Landing_success_rate": 1.0
    },
    {
        "model": 0,
        "sequence": 6,
        "status": 1,
        "fuel": 6083,
        "fault": 0.58,
        "weapon": 0,
        "pilot_injury": 0.657,
        "pilot_skill": 0.0994,
        "mission_priority": 0.7851,
        "estimated_landing_time": 570.0,
        "wait_time": 0,
        "Landing_success_rate": 1.0
    },
    {
        "model": 0,
        "sequence": 10,
        "status": 1,
        "fuel": 5692,
        "fault": 0.8013,
        "weapon": 0,
        "pilot_injury": 0.5529,
        "pilot_skill": 0.503,
        "mission_priority": 0.0538,
        "estimated_landing_time": 946.0,
        "wait_time": 0,
        "Landing_success_rate": 1.0
    },
    {
        "model": 0,
        "sequence": 13,
        "status": 1,
        "fuel": 5842,
        "fault": 0.3866,
        "weapon": 1,
        "pilot_injury": 0.1728,
        "pilot_skill": 0.6807,
        "mission_priority": 0.6951,
        "estimated_landing_time": 1228.0,
        "wait_time": 0,
        "Landing_success_rate": 1.0
    }
]