[
    {
        "model": 2,
        "sequence": 19,
        "status": 1,
        "fuel": 6398,
        "fault": 0.79,
        "weapon": 0,
        "pilot_injury": 0.9374,
        "pilot_skill": 0.2048,
        "mission_priority": 0.1665,
        "estimated_landing_time": 1792.0,
        "wait_time": 0,
        "Landing_success_rate": 1.0
    },
    {
        "model": 0,
        "sequence": 3,
        "status": 1,
        "fuel": 5670,
        "fault": 0.01,
        "weapon": 0,
        "pilot_injury": 0.888,
        "pilot_skill": 0.3934,
        "mission_priority": 0.1361,
        "estimated_landing_time": 288.0,
        "wait_time": 0,
        "Landing_success_rate": 1.0
    },
    {
        "model": 1,
        "sequence": 12,
        "status": 1,
        "fuel": 5598,
        "fault": 0.7318,
        "weapon": 0,
        "pilot_injury": 0.0642,
        "pilot_skill": 0.8862,
        "mission_priority": 0.8708,
        "estimated_landing_time": 1134.0,
        "wait_time": 0,
        "Landing_success_rate": 1.0
    },
    {
        "model": 0,
        "sequence": 7,
        "status": 1,
        "fuel": 7446,
        "fault": 0.4421,
        "weapon": 0,
        "pilot_injury": 0.294,
        "pilot_skill": 0.7698,
        "mission_priority": 0.1805,
        "estimated_landing_time": 664.0,
        "wait_time": 0,
        "Landing_success_rate": 1.0
    },
    {
        "model": 2,
        "sequence": 24,
        "status": 1,
        "fuel": 6449,
        "fault": 0.7907,
        "weapon": 0,
        "pilot_injury": 0.9516,
        "pilot_skill": 0.7298,
        "mission_priority": 0.1337,
        "estimated_landing_time": 2262.0,
        "wait_time": 0,
        "Landing_success_rate": 1.0
    },
    {
        "model": 0,
        "sequence": 4,
        "status": 1,
        "fuel": 7373,
        "fault": 0.816,
        "weapon": 0,
        "pilot_injury": 0.8023,
        "pilot_skill": 0.671,
        "mission_priority": 0.1961,
        "estimated_landing_time": 382.0,
        "wait_time": 0,
        "Landing_success_rate": 1.0
    },
    {
        "model": 1,
        "sequence": 5,
        "status": 1,
        "fuel": 6714,
        "fault": 0.3855,
        "weapon": 0,
        "pilot_injury": 0.9321,
        "pilot_skill": 0.1694,
        "mission_priority": 0.5154,
        "estimated_landing_time": 476.0,
        "wait_time": 0,
        "Landing_success_rate": 1.0
    },
    {
        "model": 0,
        "sequence": 17,
        "status": 1,
        "fuel": 5837,
        "fault": 0.5585,
        "weapon": 1,
        "pilot_injury": 0.2001,
        "pilot_skill": 0.8362,
        "mission_priority": 0.2547,
        "estimated_landing_time": 1604.0,
        "wait_time": 0,
        "Landing_success_rate": 1.0
    },
    {
        "model": 1,
        "sequence": 10,
        "status": 1,
        "fuel": 6535,
        "fault": 0.4078,
        "weapon": 1,
        "pilot_injury": 0.312,
        "pilot_skill": 0.0005,
        "mission_priority": 0.3241,
        "estimated_landing_time": 946.0,
        "wait_time": 0,
        "Landing_success_rate": 1.0
    },
    {
        "model": 1,
        "sequence": 11,
        "status": 1,
        "fuel": 5946,
        "fault": 0.5512,
        "weapon": 0,
        "pilot_injury": 0.0743,
        "pilot_skill": 0.9531,
        "mission_priority": 0.4914,
        "estimated_landing_time": 1040.0,
        "wait_time": 0,
        "Landing_success_rate": 1.0
    },
    {
        "model": 1,
        "sequence": 15,
        "status": 1,
        "fuel": 5692,
        "fault": 0.9741,
        "weapon": 1,
        "pilot_injury": 0.6954,
        "pilot_skill": 0.2371,
        "mission_priority": 0.0255,
        "estimated_landing_time": 1416.0,
        "wait_time": 0,
        "Landing_success_rate": 1.0
    },
    {
        "model": 0,
        "sequence": 8,
        "status": 1,
        "fuel": 6147,
        "fault": 0.2161,
        "weapon": 0,
        "pilot_injury": 0.5984,
        "pilot_skill": 0.9426,
        "mission_priority": 0.5494,
        "estimated_landing_time": 758.0,
        "wait_time": 0,
        "Landing_success_rate": 1.0
    },
    {
        "model": 2,
        "sequence": 20,
        "status": 1,
        "fuel": 6583,
        "fault": 0.9439,
        "weapon": 0,
        "pilot_injury": 0.0269,
        "pilot_skill": 0.6232,
        "mission_priority": 0.558,
        "estimated_landing_time": 1886.0,
        "wait_time": 0,
        "Landing_success_rate": 1.0
    },
    {
        "model": 1,
        "sequence": 22,
        "status": 1,
        "fuel": 6376,
        "fault": 0.3252,
        "weapon": 1,
        "pilot_injury": 0.2366,
        "pilot_skill": 0.9585,
        "mission_priority": 0.0204,
        "estimated_landing_time": 2074.0,
        "wait_time": 0,
        "Landing_success_rate": 1.0
    },
    {
        "model": 0,
        "sequence": 1,
        "status": 1,
        "fuel": 7028,
        "fault": 0.0078,
        "weapon": 1,
        "pilot_injury": 0.1916,
        "pilot_skill": 0.9331,
        "mission_priority": 0.1496,
        "estimated_landing_time": 100.0,
        "wait_time": 0,
        "Landing_success_rate": 1.0
    },
    {
        "model": 1,
        "sequence": 16,
        "status": 1,
        "fuel": 5739,
        "fault": 0.1163,
        "weapon": 1,
        "pilot_injury": 0.633,
        "pilot_skill": 0.8521,
        "mission_priority": 0.2865,
        "estimated_landing_time": 1510.0,
        "wait_time": 0,
        "Landing_success_rate": 1.0
    },
    {
        "model": 0,
        "sequence": 2,
        "status": 1,
        "fuel": 6869,
        "fault": 0.1633,
        "weapon": 1,
        "pilot_injury": 0.4391,
        "pilot_skill": 0.5151,
        "mission_priority": 0.9419,
        "estimated_landing_time": 194.0,
        "wait_time": 0,
        "Landing_success_rate": 1.0
    },
    {
        "model": 1,
        "sequence": 14,
        "status": 1,
        "fuel": 6098,
        "fault": 0.9476,
        "weapon": 1,
        "pilot_injury": 0.0725,
        "pilot_skill": 0.0779,
        "mission_priority": 0.6541,
        "estimated_landing_time": 1322.0,
        "wait_time": 0,
        "Landing_success_rate": 1.0
    },
    {
        "model": 0,
        "sequence": 18,
        "status": 1,
        "fuel": 6995,
        "fault": 0.6623,
        "weapon": 0,
        "pilot_injury": 0.2693,
        "pilot_skill": 0.6177,
        "mission_priority": 0.7763,
        "estimated_landing_time": 1698.0,
        "wait_time": 0,
        "Landing_success_rate": 1.0
    },
    {
        "model": 1,
        "sequence": 21,
        "status": 1,
        "fuel": 6226,
        "fault": 0.7744,
        "weapon": 0,
        "pilot_injury": 0.7402,
        "pilot_skill": 0.3072,
        "mission_priority": 0.5448,
        "estimated_landing_time": 1980.0,
        "wait_time": 0,
        "Landing_success_rate": 1.0
    },
    {
        "model": 1,
        "sequence": 13,
        "status": 1,
        "fuel": 6842,
        "fault": 0.0803,
        "weapon": 1,
        "pilot_injury": 0.9353,
        "pilot_skill": 0.5472,
        "mission_priority": 0.0046,
        "estimated_landing_time": 1228.0,
        "wait_time": 0,
        "Landing_success_rate": 1.0
    },
    {
        "model": 1,
        "sequence": 6,
        "status": 1,
        "fuel": 5576,
        "fault": 0.2632,
        "weapon": 1,
        "pilot_injury": 0.3259,
        "pilot_skill": 0.464,
        "mission_priority": 0.4499,
        "estimated_landing_time": 570.0,
        "wait_time": 0,
        "Landing_success_rate": 1.0
    },
    {
        "model": 2,
        "sequence": 9,
        "status": 1,
        "fuel": 7166,
        "fault": 0.2141,
        "weapon": 1,
        "pilot_injury": 0.5439,
        "pilot_skill": 0.8973,
        "mission_priority": 0.5854,
        "estimated_landing_time": 852.0,
        "wait_time": 0,
        "Landing_success_rate": 1.0
    },
    {
        "model": 0,
        "sequence": 23,
        "status": 1,
        "fuel": 7385,
        "fault": 0.7493,
        "weapon": 0,
        "pilot_injury": 0.5118,
        "pilot_skill": 0.7213,
        "mission_priority": 0.1219,
        "estimated_landing_time": 2168.0,
        "wait_time": 0,
        "Landing_success_rate": 1.0
    }
]