[
    {
        "model": 0,
        "sequence": 7,
        "status": 1,
        "fuel": 6872,
        "fault": 0.9267,
        "weapon": 0,
        "pilot_injury": 0.0824,
        "pilot_skill": 0.3606,
        "mission_priority": 0.4981,
        "estimated_landing_time": 664.0,
        "wait_time": 0,
        "Landing_success_rate": 1.0
    },
    {
        "model": 1,
        "sequence": 14,
        "status": 1,
        "fuel": 6787,
        "fault": 0.0018,
        "weapon": 1,
        "pilot_injury": 0.2949,
        "pilot_skill": 0.6336,
        "mission_priority": 0.7184,
        "estimated_landing_time": 1322.0,
        "wait_time": 0,
        "Landing_success_rate": 1.0
    },
    {
        "model": 2,
        "sequence": 19,
        "status": 1,
        "fuel": 6361,
        "fault": 0.2189,
        "weapon": 0,
        "pilot_injury": 0.9449,
        "pilot_skill": 0.0985,
        "mission_priority": 0.2614,
        "estimated_landing_time": 1792.0,
        "wait_time": 0,
        "Landing_success_rate": 1.0
    },
    {
        "model": 2,
        "sequence": 21,
        "status": 1,
        "fuel": 6397,
        "fault": 0.8381,
        "weapon": 1,
        "pilot_injury": 0.5922,
        "pilot_skill": 0.9545,
        "mission_priority": 0.6787,
        "estimated_landing_time": 1980.0,
        "wait_time": 0,
        "Landing_success_rate": 1.0
    },
    {
        "model": 2,
        "sequence": 1,
        "status": 1,
        "fuel": 5779,
        "fault": 0.2553,
        "weapon": 1,
        "pilot_injury": 0.3765,
        "pilot_skill": 0.9215,
        "mission_priority": 0.2863,
        "estimated_landing_time": 100.0,
        "wait_time": 0,
        "Landing_success_rate": 1.0
    },
    {
        "model": 1,
        "sequence": 15,
        "status": 1,
        "fuel": 6535,
        "fault": 0.491,
        "weapon": 1,
        "pilot_injury": 0.2575,
        "pilot_skill": 0.1818,
        "mission_priority": 0.0027,
        "estimated_landing_time": 1416.0,
        "wait_time": 0,
        "Landing_success_rate": 1.0
    },
    {
        "model": 1,
        "sequence": 18,
        "status": 1,
        "fuel": 5737,
        "fault": 0.6657,
        "weapon": 0,
        "pilot_injury": 0.2815,
        "pilot_skill": 0.0434,
        "mission_priority": 0.6204,
        "estimated_landing_time": 1698.0,
        "wait_time": 0,
        "Landing_success_rate": 1.0
    },
    {
        "model": 2,
        "sequence": 9,
        "status": 1,
        "fuel": 7234,
        "fault": 0.2953,
        "weapon": 1,
        "pilot_injury": 0.3815,
        "pilot_skill": 0.4754,
        "mission_priority": 0.1626,
        "estimated_landing_time": 852.0,
        "wait_time": 0,
        "Landing_success_rate": 1.0
    },
    {
        "model": 0,
        "sequence": 16,
        "status": 1,
        "fuel": 5605,
        "fault": 0.4734,
        "weapon": 0,
        "pilot_injury": 0.2457,
        "pilot_skill": 0.8004,
        "mission_priority": 0.7584,
        "estimated_landing_time": 1510.0,
        "wait_time": 0,
        "Landing_success_rate": 1.0
    },
    {
        "model": 2,
        "sequence": 2,
        "status": 1,
        "fuel": 6834,
        "fault": 0.3105,
        "weapon": 0,
        "pilot_injury": 0.1613,
        "pilot_skill": 0.7971,
        "mission_priority": 0.4205,
        "estimated_landing_time": 194.0,
        "wait_time": 0,
        "Landing_success_rate": 1.0
    },
    {
        "model": 1,
        "sequence": 22,
        "status": 1,
        "fuel": 5573,
        "fault": 0.0787,
        "weapon": 0,
        "pilot_injury": 0.9633,
        "pilot_skill": 0.5114,
        "mission_priority": 0.4692,
        "estimated_landing_time": 2074.0,
        "wait_time": 0,
        "Landing_success_rate": 1.0
    },
    {
        "model": 2,
        "sequence": 8,
        "status": 1,
        "fuel": 5592,
        "fault": 0.662,
        "weapon": 1,
        "pilot_injury": 0.266,
        "pilot_skill": 0.4252,
        "mission_priority": 0.836,
        "estimated_landing_time": 758.0,
        "wait_time": 0,
        "Landing_success_rate": 1.0
    },
    {
        "model": 2,
        "sequence": 23,
        "status": 1,
        "fuel": 7366,
        "fault": 0.1853,
        "weapon": 1,
        "pilot_injury": 0.2883,
        "pilot_skill": 0.68,
        "mission_priority": 0.0684,
        "estimated_landing_time": 2168.0,
        "wait_time": 0,
        "Landing_success_rate": 1.0
    },
    {
        "model": 1,
        "sequence": 12,
        "status": 1,
        "fuel": 5939,
        "fault": 0.174,
        "weapon": 1,
        "pilot_injury": 0.2498,
        "pilot_skill": 0.6546,
        "mission_priority": 0.1352,
        "estimated_landing_time": 1134.0,
        "wait_time": 0,
        "Landing_success_rate": 1.0
    },
    {
        "model": 1,
        "sequence": 17,
        "status": 1,
        "fuel": 6597,
        "fault": 0.7398,
        "weapon": 1,
        "pilot_injury": 0.7771,
        "pilot_skill": 0.3088,
        "mission_priority": 0.049,
        "estimated_landing_time": 1604.0,
        "wait_time": 0,
        "Landing_success_rate": 1.0
    },
    {
        "model": 1,
        "sequence": 20,
        "status": 1,
        "fuel": 6950,
        "fault": 0.3564,
        "weapon": 1,
        "pilot_injury": 0.0153,
        "pilot_skill": 0.7922,
        "mission_priority": 0.9011,
        "estimated_landing_time": 1886.0,
        "wait_time": 0,
        "Landing_success_rate": 1.0
    },
    {
        "model": 1,
        "sequence": 4,
        "status": 1,
        "fuel": 5673,
        "fault": 0.4221,
        "weapon": 0,
        "pilot_injury": 0.4627,
        "pilot_skill": 0.3088,
        "mission_priority": 0.1649,
        "estimated_landing_time": 382.0,
        "wait_time": 0,
        "Landing_success_rate": 1.0
    },
    {
        "model": 2,
        "sequence": 11,
        "status": 1,
        "fuel": 5628,
        "fault": 0.9816,
        "weapon": 1,
        "pilot_injury": 0.89,
        "pilot_skill": 0.9196,
        "mission_priority": 0.9664,
        "estimated_landing_time": 1040.0,
        "wait_time": 0,
        "Landing_success_rate": 1.0
    },
    {
        "model": 1,
        "sequence": 5,
        "status": 1,
        "fuel": 7192,
        "fault": 0.0345,
        "weapon": 0,
        "pilot_injury": 0.4278,
        "pilot_skill": 0.6893,
        "mission_priority": 0.4397,
        "estimated_landing_time": 476.0,
        "wait_time": 0,
        "Landing_success_rate": 1.0
    },
    {
        "model": 0,
        "sequence": 10,
        "status": 1,
        "fuel": 7042,
        "fault": 0.2385,
        "weapon": 0,
        "pilot_injury": 0.634,
        "pilot_skill": 0.071,
        "mission_priority": 0.1753,
        "estimated_landing_time": 946.0,
        "wait_time": 0,
        "Landing_success_rate": 1.0
    },
    {
        "model": 1,
        "sequence": 3,
        "status": 1,
        "fuel": 6553,
        "fault": 0.1295,
        "weapon": 0,
        "pilot_injury": 0.3344,
        "pilot_skill": 0.63,
        "mission_priority": 0.9889,
        "estimated_landing_time": 288.0,
        "wait_time": 0,
        "Landing_success_rate": 1.0
    },
    {
        "model": 1,
        "sequence": 6,
        "status": 1,
        "fuel": 6896,
        "fault": 0.5406,
        "weapon": 0,
        "pilot_injury": 0.5463,
        "pilot_skill": 0.5519,
        "mission_priority": 0.9219,
        "estimated_landing_time": 570.0,
        "wait_time": 0,
        "Landing_success_rate": 1.0
    },
    {
        "model": 2,
        "sequence": 24,
        "status": 1,
        "fuel": 7396,
        "fault": 0.3274,
        "weapon": 0,
        "pilot_injury": 0.3123,
        "pilot_skill": 0.5711,
        "mission_priority": 0.0093,
        "estimated_landing_time": 2262.0,
        "wait_time": 0,
        "Landing_success_rate": 1.0
    },
    {
        "model": 0,
        "sequence": 13,
        "status": 1,
        "fuel": 7297,
        "fault": 0.8266,
        "weapon": 1,
        "pilot_injury": 0.7007,
        "pilot_skill": 0.4478,
        "mission_priority": 0.4742,
        "estimated_landing_time": 1228.0,
        "wait_time": 0,
        "Landing_success_rate": 1.0
    }
]