[
    {
        "model": 0,
        "sequence": 24,
        "status": 1,
        "fuel": 6747,
        "fault": 0.6482,
        "weapon": 1,
        "pilot_injury": 0.8904,
        "pilot_skill": 0.0489,
        "mission_priority": 0.6564,
        "estimated_landing_time": 2262.0,
        "wait_time": 0,
        "Landing_success_rate": 1.0
    },
    {
        "model": 2,
        "sequence": 17,
        "status": 1,
        "fuel": 7338,
        "fault": 0.915,
        "weapon": 0,
        "pilot_injury": 0.2895,
        "pilot_skill": 0.8865,
        "mission_priority": 0.1377,
        "estimated_landing_time": 1604.0,
        "wait_time": 0,
        "Landing_success_rate": 1.0
    },
    {
        "model": 0,
        "sequence": 18,
        "status": 1,
        "fuel": 7335,
        "fault": 0.1713,
        "weapon": 0,
        "pilot_injury": 0.679,
        "pilot_skill": 0.4117,
        "mission_priority": 0.9053,
        "estimated_landing_time": 1698.0,
        "wait_time": 0,
        "Landing_success_rate": 1.0
    },
    {
        "model": 0,
        "sequence": 13,
        "status": 1,
        "fuel": 7437,
        "fault": 0.5871,
        "weapon": 1,
        "pilot_injury": 0.5856,
        "pilot_skill": 0.2323,
        "mission_priority": 0.2729,
        "estimated_landing_time": 1228.0,
        "wait_time": 0,
        "Landing_success_rate": 1.0
    },
    {
        "model": 0,
        "sequence": 11,
        "status": 1,
        "fuel": 6013,
        "fault": 0.5827,
        "weapon": 1,
        "pilot_injury": 0.5135,
        "pilot_skill": 0.4166,
        "mission_priority": 0.8076,
        "estimated_landing_time": 1040.0,
        "wait_time": 0,
        "Landing_success_rate": 1.0
    },
    {
        "model": 0,
        "sequence": 22,
        "status": 1,
        "fuel": 5757,
        "fault": 0.1777,
        "weapon": 1,
        "pilot_injury": 0.5154,
        "pilot_skill": 0.2327,
        "mission_priority": 0.202,
        "estimated_landing_time": 2074.0,
        "wait_time": 0,
        "Landing_success_rate": 1.0
    },
    {
        "model": 1,
        "sequence": 16,
        "status": 1,
        "fuel": 6940,
        "fault": 0.1453,
        "weapon": 0,
        "pilot_injury": 0.4208,
        "pilot_skill": 0.5153,
        "mission_priority": 0.8272,
        "estimated_landing_time": 1510.0,
        "wait_time": 0,
        "Landing_success_rate": 1.0
    },
    {
        "model": 2,
        "sequence": 23,
        "status": 1,
        "fuel": 6908,
        "fault": 0.5267,
        "weapon": 0,
        "pilot_injury": 0.3746,
        "pilot_skill": 0.2502,
        "mission_priority": 0.9926,
        "estimated_landing_time": 2168.0,
        "wait_time": 0,
        "Landing_success_rate": 1.0
    },
    {
        "model": 2,
        "sequence": 5,
        "status": 1,
        "fuel": 5589,
        "fault": 0.1493,
        "weapon": 0,
        "pilot_injury": 0.9,
        "pilot_skill": 0.928,
        "mission_priority": 0.3333,
        "estimated_landing_time": 476.0,
        "wait_time": 0,
        "Landing_success_rate": 1.0
    },
    {
        "model": 0,
        "sequence": 9,
        "status": 1,
        "fuel": 7430,
        "fault": 0.6276,
        "weapon": 0,
        "pilot_injury": 0.7295,
        "pilot_skill": 0.6935,
        "mission_priority": 0.5597,
        "estimated_landing_time": 852.0,
        "wait_time": 0,
        "Landing_success_rate": 1.0
    },
    {
        "model": 2,
        "sequence": 7,
        "status": 1,
        "fuel": 6858,
        "fault": 0.5417,
        "weapon": 1,
        "pilot_injury": 0.1109,
        "pilot_skill": 0.0804,
        "mission_priority": 0.0184,
        "estimated_landing_time": 664.0,
        "wait_time": 0,
        "Landing_success_rate": 1.0
    },
    {
        "model": 2,
        "sequence": 21,
        "status": 1,
        "fuel": 6292,
        "fault": 0.743,
        "weapon": 1,
        "pilot_injury": 0.8952,
        "pilot_skill": 0.8671,
        "mission_priority": 0.8378,
        "estimated_landing_time": 1980.0,
        "wait_time": 0,
        "Landing_success_rate": 1.0
    },
    {
        "model": 0,
        "sequence": 20,
        "status": 1,
        "fuel": 5570,
        "fault": 0.4615,
        "weapon": 0,
        "pilot_injury": 0.4261,
        "pilot_skill": 0.3117,
        "mission_priority": 0.0861,
        "estimated_landing_time": 1886.0,
        "wait_time": 0,
        "Landing_success_rate": 1.0
    },
    {
        "model": 0,
        "sequence": 4,
        "status": 1,
        "fuel": 6600,
        "fault": 0.0828,
        "weapon": 0,
        "pilot_injury": 0.1326,
        "pilot_skill": 0.2061,
        "mission_priority": 0.4508,
        "estimated_landing_time": 382.0,
        "wait_time": 0,
        "Landing_success_rate": 1.0
    },
    {
        "model": 1,
        "sequence": 15,
        "status": 1,
        "fuel": 7097,
        "fault": 0.239,
        "weapon": 1,
        "pilot_injury": 0.7034,
        "pilot_skill": 0.9204,
        "mission_priority": 0.9287,
        "estimated_landing_time": 1416.0,
        "wait_time": 0,
        "Landing_success_rate": 1.0
    },
    {
        "model": 1,
        "sequence": 8,
        "status": 1,
        "fuel": 5591,
        "fault": 0.0747,
        "weapon": 1,
        "pilot_injury": 0.9207,
        "pilot_skill": 0.7866,
        "mission_priority": 0.5871,
        "estimated_landing_time": 758.0,
        "wait_time": 0,
        "Landing_success_rate": 1.0
    },
    {
        "model": 0,
        "sequence": 19,
        "status": 1,
        "fuel": 6089,
        "fault": 0.3282,
        "weapon": 0,
        "pilot_injury": 0.1122,
        "pilot_skill": 0.9382,
        "mission_priority": 0.534,
        "estimated_landing_time": 1792.0,
        "wait_time": 0,
        "Landing_success_rate": 1.0
    },
    {
        "model": 1,
        "sequence": 1,
        "status": 1,
        "fuel": 7497,
        "fault": 0.2315,
        "weapon": 1,
        "pilot_injury": 0.1357,
        "pilot_skill": 0.2719,
        "mission_priority": 0.0437,
        "estimated_landing_time": 100.0,
        "wait_time": 0,
        "Landing_success_rate": 1.0
    },
    {
        "model": 1,
        "sequence": 3,
        "status": 1,
        "fuel": 7014,
        "fault": 0.1873,
        "weapon": 1,
        "pilot_injury": 0.561,
        "pilot_skill": 0.9929,
        "mission_priority": 0.8437,
        "estimated_landing_time": 288.0,
        "wait_time": 0,
        "Landing_success_rate": 1.0
    },
    {
        "model": 2,
        "sequence": 2,
        "status": 1,
        "fuel": 6037,
        "fault": 0.7762,
        "weapon": 0,
        "pilot_injury": 0.5363,
        "pilot_skill": 0.6603,
        "mission_priority": 0.1298,
        "estimated_landing_time": 194.0,
        "wait_time": 0,
        "Landing_success_rate": 1.0
    },
    {
        "model": 0,
        "sequence": 14,
        "status": 1,
        "fuel": 6041,
        "fault": 0.842,
        "weapon": 1,
        "pilot_injury": 0.4254,
        "pilot_skill": 0.1271,
        "mission_priority": 0.3111,
        "estimated_landing_time": 1322.0,
        "wait_time": 0,
        "Landing_success_rate": 1.0
    },
    {
        "model": 2,
        "sequence": 12,
        "status": 1,
        "fuel": 6573,
        "fault": 0.575,
        "weapon": 1,
        "pilot_injury": 0.911,
        "pilot_skill": 0.7335,
        "mission_priority": 0.8436,
        "estimated_landing_time": 1134.0,
        "wait_time": 0,
        "Landing_success_rate": 1.0
    },
    {
        "model": 2,
        "sequence": 10,
        "status": 1,
        "fuel": 5749,
        "fault": 0.8766,
        "weapon": 1,
        "pilot_injury": 0.1244,
        "pilot_skill": 0.4234,
        "mission_priority": 0.1121,
        "estimated_landing_time": 946.0,
        "wait_time": 0,
        "Landing_success_rate": 1.0
    },
    {
        "model": 0,
        "sequence": 6,
        "status": 1,
        "fuel": 7381,
        "fault": 0.4122,
        "weapon": 1,
        "pilot_injury": 0.4162,
        "pilot_skill": 0.3923,
        "mission_priority": 0.5434,
        "estimated_landing_time": 570.0,
        "wait_time": 0,
        "Landing_success_rate": 1.0
    }
]