[
    {
        "model": 0,
        "sequence": 15,
        "status": 1,
        "fuel": 6606,
        "fault": 0.0111,
        "weapon": 1,
        "pilot_injury": 0.0678,
        "pilot_skill": 0.3727,
        "mission_priority": 0.5717,
        "estimated_landing_time": 1416.0,
        "wait_time": 0,
        "Landing_success_rate": 1.0
    },
    {
        "model": 1,
        "sequence": 21,
        "status": 1,
        "fuel": 7091,
        "fault": 0.5916,
        "weapon": 1,
        "pilot_injury": 0.6081,
        "pilot_skill": 0.3684,
        "mission_priority": 0.106,
        "estimated_landing_time": 1980.0,
        "wait_time": 0,
        "Landing_success_rate": 1.0
    },
    {
        "model": 1,
        "sequence": 9,
        "status": 1,
        "fuel": 6114,
        "fault": 0.6154,
        "weapon": 0,
        "pilot_injury": 0.1747,
        "pilot_skill": 0.8898,
        "mission_priority": 0.8342,
        "estimated_landing_time": 852.0,
        "wait_time": 0,
        "Landing_success_rate": 1.0
    },
    {
        "model": 0,
        "sequence": 22,
        "status": 1,
        "fuel": 6138,
        "fault": 0.3011,
        "weapon": 1,
        "pilot_injury": 0.5332,
        "pilot_skill": 0.1591,
        "mission_priority": 0.6142,
        "estimated_landing_time": 2074.0,
        "wait_time": 0,
        "Landing_success_rate": 1.0
    },
    {
        "model": 0,
        "sequence": 19,
        "status": 1,
        "fuel": 6046,
        "fault": 0.2398,
        "weapon": 0,
        "pilot_injury": 0.3145,
        "pilot_skill": 0.0054,
        "mission_priority": 0.3164,
        "estimated_landing_time": 1792.0,
        "wait_time": 0,
        "Landing_success_rate": 1.0
    },
    {
        "model": 2,
        "sequence": 7,
        "status": 1,
        "fuel": 7230,
        "fault": 0.4526,
        "weapon": 1,
        "pilot_injury": 0.199,
        "pilot_skill": 0.0301,
        "mission_priority": 0.3156,
        "estimated_landing_time": 664.0,
        "wait_time": 0,
        "Landing_success_rate": 1.0
    },
    {
        "model": 1,
        "sequence": 3,
        "status": 1,
        "fuel": 6903,
        "fault": 0.6913,
        "weapon": 1,
        "pilot_injury": 0.4151,
        "pilot_skill": 0.469,
        "mission_priority": 0.7518,
        "estimated_landing_time": 288.0,
        "wait_time": 0,
        "Landing_success_rate": 1.0
    },
    {
        "model": 2,
        "sequence": 6,
        "status": 1,
        "fuel": 5834,
        "fault": 0.4385,
        "weapon": 1,
        "pilot_injury": 0.2064,
        "pilot_skill": 0.1879,
        "mission_priority": 0.5079,
        "estimated_landing_time": 570.0,
        "wait_time": 0,
        "Landing_success_rate": 1.0
    },
    {
        "model": 2,
        "sequence": 2,
        "status": 1,
        "fuel": 6808,
        "fault": 0.8013,
        "weapon": 1,
        "pilot_injury": 0.6072,
        "pilot_skill": 0.3547,
        "mission_priority": 0.7077,
        "estimated_landing_time": 194.0,
        "wait_time": 0,
        "Landing_success_rate": 1.0
    },
    {
        "model": 1,
        "sequence": 12,
        "status": 1,
        "fuel": 6745,
        "fault": 0.978,
        "weapon": 1,
        "pilot_injury": 0.9654,
        "pilot_skill": 0.7998,
        "mission_priority": 0.9544,
        "estimated_landing_time": 1134.0,
        "wait_time": 0,
        "Landing_success_rate": 1.0
    },
    {
        "model": 1,
        "sequence": 5,
        "status": 1,
        "fuel": 5708,
        "fault": 0.3338,
        "weapon": 0,
        "pilot_injury": 0.3217,
        "pilot_skill": 0.7253,
        "mission_priority": 0.3739,
        "estimated_landing_time": 476.0,
        "wait_time": 0,
        "Landing_success_rate": 1.0
    },
    {
        "model": 2,
        "sequence": 14,
        "status": 1,
        "fuel": 5741,
        "fault": 0.3871,
        "weapon": 0,
        "pilot_injury": 0.2099,
        "pilot_skill": 0.7586,
        "mission_priority": 0.6747,
        "estimated_landing_time": 1322.0,
        "wait_time": 0,
        "Landing_success_rate": 1.0
    },
    {
        "model": 0,
        "sequence": 13,
        "status": 1,
        "fuel": 7011,
        "fault": 0.5823,
        "weapon": 0,
        "pilot_injury": 0.1429,
        "pilot_skill": 0.9212,
        "mission_priority": 0.9681,
        "estimated_landing_time": 1228.0,
        "wait_time": 0,
        "Landing_success_rate": 1.0
    },
    {
        "model": 1,
        "sequence": 10,
        "status": 1,
        "fuel": 6117,
        "fault": 0.9657,
        "weapon": 0,
        "pilot_injury": 0.0826,
        "pilot_skill": 0.384,
        "mission_priority": 0.3308,
        "estimated_landing_time": 946.0,
        "wait_time": 0,
        "Landing_success_rate": 1.0
    },
    {
        "model": 2,
        "sequence": 17,
        "status": 1,
        "fuel": 6119,
        "fault": 0.5674,
        "weapon": 1,
        "pilot_injury": 0.5634,
        "pilot_skill": 0.6544,
        "mission_priority": 0.1324,
        "estimated_landing_time": 1604.0,
        "wait_time": 0,
        "Landing_success_rate": 1.0
    },
    {
        "model": 0,
        "sequence": 20,
        "status": 1,
        "fuel": 6220,
        "fault": 0.2745,
        "weapon": 1,
        "pilot_injury": 0.7609,
        "pilot_skill": 0.331,
        "mission_priority": 0.2254,
        "estimated_landing_time": 1886.0,
        "wait_time": 0,
        "Landing_success_rate": 1.0
    },
    {
        "model": 2,
        "sequence": 24,
        "status": 1,
        "fuel": 5947,
        "fault": 0.8725,
        "weapon": 0,
        "pilot_injury": 0.4272,
        "pilot_skill": 0.7448,
        "mission_priority": 0.5738,
        "estimated_landing_time": 2262.0,
        "wait_time": 0,
        "Landing_success_rate": 1.0
    },
    {
        "model": 1,
        "sequence": 18,
        "status": 1,
        "fuel": 6553,
        "fault": 0.5712,
        "weapon": 0,
        "pilot_injury": 0.1809,
        "pilot_skill": 0.5826,
        "mission_priority": 0.0236,
        "estimated_landing_time": 1698.0,
        "wait_time": 0,
        "Landing_success_rate": 1.0
    },
    {
        "model": 0,
        "sequence": 1,
        "status": 1,
        "fuel": 6561,
        "fault": 0.8426,
        "weapon": 1,
        "pilot_injury": 0.4166,
        "pilot_skill": 0.2584,
        "mission_priority": 0.8767,
        "estimated_landing_time": 100.0,
        "wait_time": 0,
        "Landing_success_rate": 1.0
    },
    {
        "model": 0,
        "sequence": 11,
        "status": 1,
        "fuel": 6923,
        "fault": 0.8828,
        "weapon": 1,
        "pilot_injury": 0.5853,
        "pilot_skill": 0.3804,
        "mission_priority": 0.4656,
        "estimated_landing_time": 1040.0,
        "wait_time": 0,
        "Landing_success_rate": 1.0
    },
    {
        "model": 0,
        "sequence": 23,
        "status": 1,
        "fuel": 5653,
        "fault": 0.4597,
        "weapon": 0,
        "pilot_injury": 0.315,
        "pilot_skill": 0.0776,
        "mission_priority": 0.0373,
        "estimated_landing_time": 2168.0,
        "wait_time": 0,
        "Landing_success_rate": 1.0
    },
    {
        "model": 1,
        "sequence": 8,
        "status": 1,
        "fuel": 5853,
        "fault": 0.1675,
        "weapon": 0,
        "pilot_injury": 0.8905,
        "pilot_skill": 0.6112,
        "mission_priority": 0.9583,
        "estimated_landing_time": 758.0,
        "wait_time": 0,
        "Landing_success_rate": 1.0
    },
    {
        "model": 1,
        "sequence": 16,
        "status": 1,
        "fuel": 5691,
        "fault": 0.8978,
        "weapon": 0,
        "pilot_injury": 0.7198,
        "pilot_skill": 0.5779,
        "mission_priority": 0.5279,
        "estimated_landing_time": 1510.0,
        "wait_time": 0,
        "Landing_success_rate": 1.0
    },
    {
        "model": 2,
        "sequence": 4,
        "status": 1,
        "fuel": 6066,
        "fault": 0.9772,
        "weapon": 0,
        "pilot_injury": 0.7657,
        "pilot_skill": 0.6681,
        "mission_priority": 0.9573,
        "estimated_landing_time": 382.0,
        "wait_time": 0,
        "Landing_success_rate": 1.0
    }
]