[
    {
        "model": 0,
        "sequence": 6,
        "status": 1,
        "fuel": 6914,
        "fault": 0.113,
        "weapon": 1,
        "pilot_injury": 0.7475,
        "pilot_skill": 0.6502,
        "mission_priority": 0.8536,
        "estimated_landing_time": 570.0,
        "wait_time": 0,
        "Landing_success_rate": 1.0
    },
    {
        "model": 1,
        "sequence": 21,
        "status": 1,
        "fuel": 6148,
        "fault": 0.8024,
        "weapon": 0,
        "pilot_injury": 0.768,
        "pilot_skill": 0.9195,
        "mission_priority": 0.3414,
        "estimated_landing_time": 1980.0,
        "wait_time": 0,
        "Landing_success_rate": 1.0
    },
    {
        "model": 2,
        "sequence": 18,
        "status": 1,
        "fuel": 6273,
        "fault": 0.2737,
        "weapon": 1,
        "pilot_injury": 0.1024,
        "pilot_skill": 0.5247,
        "mission_priority": 0.6046,
        "estimated_landing_time": 1698.0,
        "wait_time": 0,
        "Landing_success_rate": 1.0
    },
    {
        "model": 2,
        "sequence": 10,
        "status": 1,
        "fuel": 6271,
        "fault": 0.8132,
        "weapon": 0,
        "pilot_injury": 0.2754,
        "pilot_skill": 0.3552,
        "mission_priority": 0.8922,
        "estimated_landing_time": 946.0,
        "wait_time": 0,
        "Landing_success_rate": 1.0
    },
    {
        "model": 2,
        "sequence": 5,
        "status": 1,
        "fuel": 5598,
        "fault": 0.8261,
        "weapon": 0,
        "pilot_injury": 0.4873,
        "pilot_skill": 0.4248,
        "mission_priority": 0.5267,
        "estimated_landing_time": 476.0,
        "wait_time": 0,
        "Landing_success_rate": 1.0
    },
    {
        "model": 0,
        "sequence": 23,
        "status": 1,
        "fuel": 5886,
        "fault": 0.3829,
        "weapon": 1,
        "pilot_injury": 0.1454,
        "pilot_skill": 0.7096,
        "mission_priority": 0.3697,
        "estimated_landing_time": 2168.0,
        "wait_time": 0,
        "Landing_success_rate": 1.0
    },
    {
        "model": 2,
        "sequence": 16,
        "status": 1,
        "fuel": 6041,
        "fault": 0.1548,
        "weapon": 1,
        "pilot_injury": 0.8365,
        "pilot_skill": 0.0818,
        "mission_priority": 0.4827,
        "estimated_landing_time": 1510.0,
        "wait_time": 0,
        "Landing_success_rate": 1.0
    },
    {
        "model": 1,
        "sequence": 20,
        "status": 1,
        "fuel": 5611,
        "fault": 0.2866,
        "weapon": 0,
        "pilot_injury": 0.4445,
        "pilot_skill": 0.0851,
        "mission_priority": 0.7507,
        "estimated_landing_time": 1886.0,
        "wait_time": 0,
        "Landing_success_rate": 1.0
    },
    {
        "model": 0,
        "sequence": 9,
        "status": 1,
        "fuel": 5829,
        "fault": 0.8019,
        "weapon": 1,
        "pilot_injury": 0.3742,
        "pilot_skill": 0.3382,
        "mission_priority": 0.5855,
        "estimated_landing_time": 852.0,
        "wait_time": 0,
        "Landing_success_rate": 1.0
    },
    {
        "model": 1,
        "sequence": 15,
        "status": 1,
        "fuel": 6881,
        "fault": 0.0723,
        "weapon": 1,
        "pilot_injury": 0.2783,
        "pilot_skill": 0.5082,
        "mission_priority": 0.2671,
        "estimated_landing_time": 1416.0,
        "wait_time": 0,
        "Landing_success_rate": 1.0
    },
    {
        "model": 2,
        "sequence": 14,
        "status": 1,
        "fuel": 6454,
        "fault": 0.8789,
        "weapon": 0,
        "pilot_injury": 0.7023,
        "pilot_skill": 0.0844,
        "mission_priority": 0.1626,
        "estimated_landing_time": 1322.0,
        "wait_time": 0,
        "Landing_success_rate": 1.0
    },
    {
        "model": 2,
        "sequence": 11,
        "status": 1,
        "fuel": 7065,
        "fault": 0.144,
        "weapon": 1,
        "pilot_injury": 0.7729,
        "pilot_skill": 0.408,
        "mission_priority": 0.8214,
        "estimated_landing_time": 1040.0,
        "wait_time": 0,
        "Landing_success_rate": 1.0
    },
    {
        "model": 0,
        "sequence": 2,
        "status": 1,
        "fuel": 7285,
        "fault": 0.6366,
        "weapon": 0,
        "pilot_injury": 0.9809,
        "pilot_skill": 0.8464,
        "mission_priority": 0.217,
        "estimated_landing_time": 194.0,
        "wait_time": 0,
        "Landing_success_rate": 1.0
    },
    {
        "model": 2,
        "sequence": 12,
        "status": 1,
        "fuel": 6186,
        "fault": 0.0761,
        "weapon": 0,
        "pilot_injury": 0.3085,
        "pilot_skill": 0.3378,
        "mission_priority": 0.073,
        "estimated_landing_time": 1134.0,
        "wait_time": 0,
        "Landing_success_rate": 1.0
    },
    {
        "model": 1,
        "sequence": 19,
        "status": 1,
        "fuel": 6138,
        "fault": 0.4886,
        "weapon": 0,
        "pilot_injury": 0.2043,
        "pilot_skill": 0.6525,
        "mission_priority": 0.9799,
        "estimated_landing_time": 1792.0,
        "wait_time": 0,
        "Landing_success_rate": 1.0
    },
    {
        "model": 1,
        "sequence": 4,
        "status": 1,
        "fuel": 5928,
        "fault": 0.4243,
        "weapon": 1,
        "pilot_injury": 0.1629,
        "pilot_skill": 0.161,
        "mission_priority": 0.4582,
        "estimated_landing_time": 382.0,
        "wait_time": 0,
        "Landing_success_rate": 1.0
    },
    {
        "model": 1,
        "sequence": 3,
        "status": 1,
        "fuel": 7304,
        "fault": 0.7333,
        "weapon": 0,
        "pilot_injury": 0.6418,
        "pilot_skill": 0.3605,
        "mission_priority": 0.75,
        "estimated_landing_time": 288.0,
        "wait_time": 0,
        "Landing_success_rate": 1.0
    },
    {
        "model": 2,
        "sequence": 1,
        "status": 1,
        "fuel": 6321,
        "fault": 0.1919,
        "weapon": 0,
        "pilot_injury": 0.7954,
        "pilot_skill": 0.7513,
        "mission_priority": 0.8821,
        "estimated_landing_time": 100.0,
        "wait_time": 0,
        "Landing_success_rate": 1.0
    },
    {
        "model": 2,
        "sequence": 17,
        "status": 1,
        "fuel": 6280,
        "fault": 0.77,
        "weapon": 1,
        "pilot_injury": 0.0265,
        "pilot_skill": 0.2537,
        "mission_priority": 0.8045,
        "estimated_landing_time": 1604.0,
        "wait_time": 0,
        "Landing_success_rate": 1.0
    },
    {
        "model": 0,
        "sequence": 22,
        "status": 1,
        "fuel": 6806,
        "fault": 0.1515,
        "weapon": 0,
        "pilot_injury": 0.7961,
        "pilot_skill": 0.8223,
        "mission_priority": 0.4563,
        "estimated_landing_time": 2074.0,
        "wait_time": 0,
        "Landing_success_rate": 1.0
    },
    {
        "model": 0,
        "sequence": 7,
        "status": 1,
        "fuel": 6709,
        "fault": 0.4254,
        "weapon": 1,
        "pilot_injury": 0.7713,
        "pilot_skill": 0.8666,
        "mission_priority": 0.6455,
        "estimated_landing_time": 664.0,
        "wait_time": 0,
        "Landing_success_rate": 1.0
    },
    {
        "model": 1,
        "sequence": 8,
        "status": 1,
        "fuel": 6843,
        "fault": 0.3757,
        "weapon": 1,
        "pilot_injury": 0.3824,
        "pilot_skill": 0.027,
        "mission_priority": 0.1965,
        "estimated_landing_time": 758.0,
        "wait_time": 0,
        "Landing_success_rate": 1.0
    },
    {
        "model": 1,
        "sequence": 13,
        "status": 1,
        "fuel": 6798,
        "fault": 0.9668,
        "weapon": 0,
        "pilot_injury": 0.4533,
        "pilot_skill": 0.508,
        "mission_priority": 0.34,
        "estimated_landing_time": 1228.0,
        "wait_time": 0,
        "Landing_success_rate": 1.0
    },
    {
        "model": 0,
        "sequence": 24,
        "status": 1,
        "fuel": 7486,
        "fault": 0.3868,
        "weapon": 1,
        "pilot_injury": 0.1205,
        "pilot_skill": 0.5623,
        "mission_priority": 0.7099,
        "estimated_landing_time": 2262.0,
        "wait_time": 0,
        "Landing_success_rate": 1.0
    }
]