[
    {
        "model": 1,
        "sequence": 18,
        "status": 1,
        "fuel": 5828,
        "fault": 0.6025,
        "weapon": 0,
        "pilot_injury": 0.2844,
        "pilot_skill": 0.7014,
        "mission_priority": 0.5378,
        "estimated_landing_time": 1698.0,
        "wait_time": 0,
        "Landing_success_rate": 1.0
    },
    {
        "model": 0,
        "sequence": 11,
        "status": 1,
        "fuel": 5641,
        "fault": 0.3004,
        "weapon": 1,
        "pilot_injury": 0.1281,
        "pilot_skill": 0.1234,
        "mission_priority": 0.8956,
        "estimated_landing_time": 1040.0,
        "wait_time": 0,
        "Landing_success_rate": 1.0
    },
    {
        "model": 2,
        "sequence": 10,
        "status": 1,
        "fuel": 6803,
        "fault": 0.6291,
        "weapon": 1,
        "pilot_injury": 0.1304,
        "pilot_skill": 0.8986,
        "mission_priority": 0.2307,
        "estimated_landing_time": 946.0,
        "wait_time": 0,
        "Landing_success_rate": 1.0
    },
    {
        "model": 0,
        "sequence": 8,
        "status": 1,
        "fuel": 7192,
        "fault": 0.7158,
        "weapon": 1,
        "pilot_injury": 0.8089,
        "pilot_skill": 0.6935,
        "mission_priority": 0.034,
        "estimated_landing_time": 758.0,
        "wait_time": 0,
        "Landing_success_rate": 1.0
    },
    {
        "model": 1,
        "sequence": 15,
        "status": 1,
        "fuel": 6528,
        "fault": 0.1682,
        "weapon": 1,
        "pilot_injury": 0.7593,
        "pilot_skill": 0.4711,
        "mission_priority": 0.9533,
        "estimated_landing_time": 1416.0,
        "wait_time": 0,
        "Landing_success_rate": 1.0
    },
    {
        "model": 2,
        "sequence": 2,
        "status": 1,
        "fuel": 5688,
        "fault": 0.8612,
        "weapon": 0,
        "pilot_injury": 0.3328,
        "pilot_skill": 0.6618,
        "mission_priority": 0.7372,
        "estimated_landing_time": 194.0,
        "wait_time": 0,
        "Landing_success_rate": 1.0
    },
    {
        "model": 2,
        "sequence": 6,
        "status": 1,
        "fuel": 5989,
        "fault": 0.6658,
        "weapon": 1,
        "pilot_injury": 0.8851,
        "pilot_skill": 0.2808,
        "mission_priority": 0.2099,
        "estimated_landing_time": 570.0,
        "wait_time": 0,
        "Landing_success_rate": 1.0
    },
    {
        "model": 1,
        "sequence": 7,
        "status": 1,
        "fuel": 6999,
        "fault": 0.5072,
        "weapon": 1,
        "pilot_injury": 0.508,
        "pilot_skill": 0.407,
        "mission_priority": 0.232,
        "estimated_landing_time": 664.0,
        "wait_time": 0,
        "Landing_success_rate": 1.0
    },
    {
        "model": 2,
        "sequence": 3,
        "status": 1,
        "fuel": 6407,
        "fault": 0.3149,
        "weapon": 0,
        "pilot_injury": 0.3462,
        "pilot_skill": 0.3816,
        "mission_priority": 0.7354,
        "estimated_landing_time": 288.0,
        "wait_time": 0,
        "Landing_success_rate": 1.0
    },
    {
        "model": 2,
        "sequence": 13,
        "status": 1,
        "fuel": 6047,
        "fault": 0.3224,
        "weapon": 1,
        "pilot_injury": 0.6782,
        "pilot_skill": 0.8021,
        "mission_priority": 0.8473,
        "estimated_landing_time": 1228.0,
        "wait_time": 0,
        "Landing_success_rate": 1.0
    },
    {
        "model": 0,
        "sequence": 5,
        "status": 1,
        "fuel": 7050,
        "fault": 0.756,
        "weapon": 1,
        "pilot_injury": 0.6148,
        "pilot_skill": 0.7569,
        "mission_priority": 0.2723,
        "estimated_landing_time": 476.0,
        "wait_time": 0,
        "Landing_success_rate": 1.0
    },
    {
        "model": 1,
        "sequence": 21,
        "status": 1,
        "fuel": 6580,
        "fault": 0.2072,
        "weapon": 1,
        "pilot_injury": 0.7675,
        "pilot_skill": 0.6538,
        "mission_priority": 0.0788,
        "estimated_landing_time": 1980.0,
        "wait_time": 0,
        "Landing_success_rate": 1.0
    },
    {
        "model": 2,
        "sequence": 20,
        "status": 1,
        "fuel": 7261,
        "fault": 0.8634,
        "weapon": 0,
        "pilot_injury": 0.0267,
        "pilot_skill": 0.9041,
        "mission_priority": 0.0201,
        "estimated_landing_time": 1886.0,
        "wait_time": 0,
        "Landing_success_rate": 1.0
    },
    {
        "model": 1,
        "sequence": 1,
        "status": 1,
        "fuel": 6902,
        "fault": 0.0763,
        "weapon": 1,
        "pilot_injury": 0.627,
        "pilot_skill": 0.5416,
        "mission_priority": 0.6595,
        "estimated_landing_time": 100.0,
        "wait_time": 0,
        "Landing_success_rate": 1.0
    },
    {
        "model": 0,
        "sequence": 4,
        "status": 1,
        "fuel": 7442,
        "fault": 0.8822,
        "weapon": 0,
        "pilot_injury": 0.0439,
        "pilot_skill": 0.7635,
        "mission_priority": 0.812,
        "estimated_landing_time": 382.0,
        "wait_time": 0,
        "Landing_success_rate": 1.0
    },
    {
        "model": 0,
        "sequence": 19,
        "status": 1,
        "fuel": 6462,
        "fault": 0.3176,
        "weapon": 0,
        "pilot_injury": 0.7706,
        "pilot_skill": 0.3762,
        "mission_priority": 0.4727,
        "estimated_landing_time": 1792.0,
        "wait_time": 0,
        "Landing_success_rate": 1.0
    },
    {
        "model": 0,
        "sequence": 17,
        "status": 1,
        "fuel": 6817,
        "fault": 0.9001,
        "weapon": 1,
        "pilot_injury": 0.6773,
        "pilot_skill": 0.215,
        "mission_priority": 0.0627,
        "estimated_landing_time": 1604.0,
        "wait_time": 0,
        "Landing_success_rate": 1.0
    },
    {
        "model": 2,
        "sequence": 23,
        "status": 1,
        "fuel": 6906,
        "fault": 0.6401,
        "weapon": 0,
        "pilot_injury": 0.747,
        "pilot_skill": 0.2027,
        "mission_priority": 0.0485,
        "estimated_landing_time": 2168.0,
        "wait_time": 0,
        "Landing_success_rate": 1.0
    },
    {
        "model": 0,
        "sequence": 22,
        "status": 1,
        "fuel": 7301,
        "fault": 0.1475,
        "weapon": 0,
        "pilot_injury": 0.371,
        "pilot_skill": 0.3023,
        "mission_priority": 0.4912,
        "estimated_landing_time": 2074.0,
        "wait_time": 0,
        "Landing_success_rate": 1.0
    },
    {
        "model": 1,
        "sequence": 14,
        "status": 1,
        "fuel": 7142,
        "fault": 0.3683,
        "weapon": 1,
        "pilot_injury": 0.8982,
        "pilot_skill": 0.9585,
        "mission_priority": 0.4173,
        "estimated_landing_time": 1322.0,
        "wait_time": 0,
        "Landing_success_rate": 1.0
    },
    {
        "model": 0,
        "sequence": 9,
        "status": 1,
        "fuel": 6557,
        "fault": 0.8028,
        "weapon": 0,
        "pilot_injury": 0.4293,
        "pilot_skill": 0.8562,
        "mission_priority": 0.0283,
        "estimated_landing_time": 852.0,
        "wait_time": 0,
        "Landing_success_rate": 1.0
    },
    {
        "model": 2,
        "sequence": 12,
        "status": 1,
        "fuel": 7036,
        "fault": 0.2227,
        "weapon": 0,
        "pilot_injury": 0.2528,
        "pilot_skill": 0.2662,
        "mission_priority": 0.6301,
        "estimated_landing_time": 1134.0,
        "wait_time": 0,
        "Landing_success_rate": 1.0
    },
    {
        "model": 0,
        "sequence": 24,
        "status": 1,
        "fuel": 5641,
        "fault": 0.0537,
        "weapon": 0,
        "pilot_injury": 0.9217,
        "pilot_skill": 0.663,
        "mission_priority": 0.993,
        "estimated_landing_time": 2262.0,
        "wait_time": 0,
        "Landing_success_rate": 1.0
    },
    {
        "model": 2,
        "sequence": 16,
        "status": 1,
        "fuel": 5801,
        "fault": 0.1364,
        "weapon": 0,
        "pilot_injury": 0.8149,
        "pilot_skill": 0.1751,
        "mission_priority": 0.946,
        "estimated_landing_time": 1510.0,
        "wait_time": 0,
        "Landing_success_rate": 1.0
    }
]