[
    {
        "model": 1,
        "sequence": 2,
        "status": 1,
        "fuel": 6769,
        "fault": 0.2369,
        "weapon": 0,
        "pilot_injury": 0.605,
        "pilot_skill": 0.4396,
        "mission_priority": 0.8838,
        "estimated_landing_time": 194.0,
        "wait_time": 0,
        "Landing_success_rate": 1.0
    },
    {
        "model": 2,
        "sequence": 16,
        "status": 1,
        "fuel": 6749,
        "fault": 0.6002,
        "weapon": 1,
        "pilot_injury": 0.008,
        "pilot_skill": 0.9706,
        "mission_priority": 0.8243,
        "estimated_landing_time": 1510.0,
        "wait_time": 0,
        "Landing_success_rate": 1.0
    },
    {
        "model": 2,
        "sequence": 10,
        "status": 1,
        "fuel": 5521,
        "fault": 0.9051,
        "weapon": 0,
        "pilot_injury": 0.8103,
        "pilot_skill": 0.9319,
        "mission_priority": 0.3861,
        "estimated_landing_time": 946.0,
        "wait_time": 0,
        "Landing_success_rate": 1.0
    },
    {
        "model": 0,
        "sequence": 8,
        "status": 1,
        "fuel": 6518,
        "fault": 0.3085,
        "weapon": 0,
        "pilot_injury": 0.9653,
        "pilot_skill": 0.9851,
        "mission_priority": 0.7891,
        "estimated_landing_time": 758.0,
        "wait_time": 0,
        "Landing_success_rate": 1.0
    },
    {
        "model": 0,
        "sequence": 21,
        "status": 1,
        "fuel": 6988,
        "fault": 0.5953,
        "weapon": 1,
        "pilot_injury": 0.4354,
        "pilot_skill": 0.2933,
        "mission_priority": 0.5278,
        "estimated_landing_time": 1980.0,
        "wait_time": 0,
        "Landing_success_rate": 1.0
    },
    {
        "model": 0,
        "sequence": 11,
        "status": 1,
        "fuel": 6378,
        "fault": 0.8012,
        "weapon": 1,
        "pilot_injury": 0.4241,
        "pilot_skill": 0.9274,
        "mission_priority": 0.7243,
        "estimated_landing_time": 1040.0,
        "wait_time": 0,
        "Landing_success_rate": 1.0
    },
    {
        "model": 2,
        "sequence": 1,
        "status": 1,
        "fuel": 6257,
        "fault": 0.5512,
        "weapon": 0,
        "pilot_injury": 0.9957,
        "pilot_skill": 0.7721,
        "mission_priority": 0.2497,
        "estimated_landing_time": 100.0,
        "wait_time": 0,
        "Landing_success_rate": 1.0
    },
    {
        "model": 0,
        "sequence": 23,
        "status": 1,
        "fuel": 6581,
        "fault": 0.1312,
        "weapon": 0,
        "pilot_injury": 0.303,
        "pilot_skill": 0.2213,
        "mission_priority": 0.7349,
        "estimated_landing_time": 2168.0,
        "wait_time": 0,
        "Landing_success_rate": 1.0
    },
    {
        "model": 0,
        "sequence": 14,
        "status": 1,
        "fuel": 5985,
        "fault": 0.4449,
        "weapon": 0,
        "pilot_injury": 0.9427,
        "pilot_skill": 0.6796,
        "mission_priority": 0.8934,
        "estimated_landing_time": 1322.0,
        "wait_time": 0,
        "Landing_success_rate": 1.0
    },
    {
        "model": 2,
        "sequence": 18,
        "status": 1,
        "fuel": 6484,
        "fault": 0.9859,
        "weapon": 0,
        "pilot_injury": 0.1045,
        "pilot_skill": 0.3046,
        "mission_priority": 0.9718,
        "estimated_landing_time": 1698.0,
        "wait_time": 0,
        "Landing_success_rate": 1.0
    },
    {
        "model": 2,
        "sequence": 4,
        "status": 1,
        "fuel": 7350,
        "fault": 0.7411,
        "weapon": 1,
        "pilot_injury": 0.521,
        "pilot_skill": 0.7808,
        "mission_priority": 0.5535,
        "estimated_landing_time": 382.0,
        "wait_time": 0,
        "Landing_success_rate": 1.0
    },
    {
        "model": 2,
        "sequence": 22,
        "status": 1,
        "fuel": 7281,
        "fault": 0.5257,
        "weapon": 0,
        "pilot_injury": 0.5989,
        "pilot_skill": 0.2657,
        "mission_priority": 0.2033,
        "estimated_landing_time": 2074.0,
        "wait_time": 0,
        "Landing_success_rate": 1.0
    },
    {
        "model": 1,
        "sequence": 12,
        "status": 1,
        "fuel": 6100,
        "fault": 0.6106,
        "weapon": 1,
        "pilot_injury": 0.1461,
        "pilot_skill": 0.7203,
        "mission_priority": 0.4227,
        "estimated_landing_time": 1134.0,
        "wait_time": 0,
        "Landing_success_rate": 1.0
    },
    {
        "model": 1,
        "sequence": 6,
        "status": 1,
        "fuel": 5850,
        "fault": 0.8562,
        "weapon": 0,
        "pilot_injury": 0.5061,
        "pilot_skill": 0.3784,
        "mission_priority": 0.8782,
        "estimated_landing_time": 570.0,
        "wait_time": 0,
        "Landing_success_rate": 1.0
    },
    {
        "model": 2,
        "sequence": 3,
        "status": 1,
        "fuel": 6819,
        "fault": 0.4061,
        "weapon": 0,
        "pilot_injury": 0.5042,
        "pilot_skill": 0.208,
        "mission_priority": 0.6128,
        "estimated_landing_time": 288.0,
        "wait_time": 0,
        "Landing_success_rate": 1.0
    },
    {
        "model": 0,
        "sequence": 24,
        "status": 1,
        "fuel": 7142,
        "fault": 0.4409,
        "weapon": 0,
        "pilot_injury": 0.0865,
        "pilot_skill": 0.2417,
        "mission_priority": 0.7366,
        "estimated_landing_time": 2262.0,
        "wait_time": 0,
        "Landing_success_rate": 1.0
    },
    {
        "model": 2,
        "sequence": 5,
        "status": 1,
        "fuel": 7009,
        "fault": 0.693,
        "weapon": 0,
        "pilot_injury": 0.2701,
        "pilot_skill": 0.661,
        "mission_priority": 0.2304,
        "estimated_landing_time": 476.0,
        "wait_time": 0,
        "Landing_success_rate": 1.0
    },
    {
        "model": 1,
        "sequence": 17,
        "status": 1,
        "fuel": 7189,
        "fault": 0.0213,
        "weapon": 1,
        "pilot_injury": 0.0409,
        "pilot_skill": 0.9852,
        "mission_priority": 0.8271,
        "estimated_landing_time": 1604.0,
        "wait_time": 0,
        "Landing_success_rate": 1.0
    },
    {
        "model": 0,
        "sequence": 15,
        "status": 1,
        "fuel": 5958,
        "fault": 0.7526,
        "weapon": 1,
        "pilot_injury": 0.7703,
        "pilot_skill": 0.9946,
        "mission_priority": 0.7702,
        "estimated_landing_time": 1416.0,
        "wait_time": 0,
        "Landing_success_rate": 1.0
    },
    {
        "model": 1,
        "sequence": 13,
        "status": 1,
        "fuel": 6105,
        "fault": 0.4812,
        "weapon": 0,
        "pilot_injury": 0.3369,
        "pilot_skill": 0.9701,
        "mission_priority": 0.9001,
        "estimated_landing_time": 1228.0,
        "wait_time": 0,
        "Landing_success_rate": 1.0
    },
    {
        "model": 1,
        "sequence": 20,
        "status": 1,
        "fuel": 7330,
        "fault": 0.2969,
        "weapon": 1,
        "pilot_injury": 0.9097,
        "pilot_skill": 0.2436,
        "mission_priority": 0.5795,
        "estimated_landing_time": 1886.0,
        "wait_time": 0,
        "Landing_success_rate": 1.0
    },
    {
        "model": 1,
        "sequence": 19,
        "status": 1,
        "fuel": 6175,
        "fault": 0.9106,
        "weapon": 0,
        "pilot_injury": 0.3791,
        "pilot_skill": 0.709,
        "mission_priority": 0.403,
        "estimated_landing_time": 1792.0,
        "wait_time": 0,
        "Landing_success_rate": 1.0
    },
    {
        "model": 1,
        "sequence": 9,
        "status": 1,
        "fuel": 7288,
        "fault": 0.9705,
        "weapon": 1,
        "pilot_injury": 0.1191,
        "pilot_skill": 0.0325,
        "mission_priority": 0.533,
        "estimated_landing_time": 852.0,
        "wait_time": 0,
        "Landing_success_rate": 1.0
    },
    {
        "model": 0,
        "sequence": 7,
        "status": 1,
        "fuel": 5604,
        "fault": 0.413,
        "weapon": 0,
        "pilot_injury": 0.6119,
        "pilot_skill": 0.5977,
        "mission_priority": 0.1471,
        "estimated_landing_time": 664.0,
        "wait_time": 0,
        "Landing_success_rate": 1.0
    }
]