[
    {
        "model": 1,
        "sequence": 16,
        "status": 1,
        "fuel": 7150,
        "fault": 0.5229,
        "weapon": 1,
        "pilot_injury": 0.8134,
        "pilot_skill": 0.1455,
        "mission_priority": 0.3006,
        "estimated_landing_time": 1510.0,
        "wait_time": 0,
        "Landing_success_rate": 1.0
    },
    {
        "model": 1,
        "sequence": 1,
        "status": 1,
        "fuel": 5576,
        "fault": 0.2211,
        "weapon": 0,
        "pilot_injury": 0.8012,
        "pilot_skill": 0.2559,
        "mission_priority": 0.0041,
        "estimated_landing_time": 100.0,
        "wait_time": 0,
        "Landing_success_rate": 1.0
    },
    {
        "model": 1,
        "sequence": 6,
        "status": 1,
        "fuel": 6186,
        "fault": 0.4184,
        "weapon": 1,
        "pilot_injury": 0.6225,
        "pilot_skill": 0.4457,
        "mission_priority": 0.3019,
        "estimated_landing_time": 570.0,
        "wait_time": 0,
        "Landing_success_rate": 1.0
    },
    {
        "model": 1,
        "sequence": 13,
        "status": 1,
        "fuel": 6238,
        "fault": 0.2477,
        "weapon": 1,
        "pilot_injury": 0.0739,
        "pilot_skill": 0.1627,
        "mission_priority": 0.6254,
        "estimated_landing_time": 1228.0,
        "wait_time": 0,
        "Landing_success_rate": 1.0
    },
    {
        "model": 1,
        "sequence": 12,
        "status": 1,
        "fuel": 5934,
        "fault": 0.0002,
        "weapon": 1,
        "pilot_injury": 0.6214,
        "pilot_skill": 0.8306,
        "mission_priority": 0.5497,
        "estimated_landing_time": 1134.0,
        "wait_time": 0,
        "Landing_success_rate": 1.0
    },
    {
        "model": 1,
        "sequence": 8,
        "status": 1,
        "fuel": 5907,
        "fault": 0.962,
        "weapon": 1,
        "pilot_injury": 0.09,
        "pilot_skill": 0.3671,
        "mission_priority": 0.9213,
        "estimated_landing_time": 758.0,
        "wait_time": 0,
        "Landing_success_rate": 1.0
    },
    {
        "model": 2,
        "sequence": 9,
        "status": 1,
        "fuel": 7227,
        "fault": 0.0115,
        "weapon": 0,
        "pilot_injury": 0.3017,
        "pilot_skill": 0.0785,
        "mission_priority": 0.3658,
        "estimated_landing_time": 852.0,
        "wait_time": 0,
        "Landing_success_rate": 1.0
    },
    {
        "model": 0,
        "sequence": 22,
        "status": 1,
        "fuel": 5711,
        "fault": 0.7305,
        "weapon": 0,
        "pilot_injury": 0.2155,
        "pilot_skill": 0.3555,
        "mission_priority": 0.6394,
        "estimated_landing_time": 2074.0,
        "wait_time": 0,
        "Landing_success_rate": 1.0
    },
    {
        "model": 1,
        "sequence": 17,
        "status": 1,
        "fuel": 5743,
        "fault": 0.5513,
        "weapon": 0,
        "pilot_injury": 0.7796,
        "pilot_skill": 0.3061,
        "mission_priority": 0.1047,
        "estimated_landing_time": 1604.0,
        "wait_time": 0,
        "Landing_success_rate": 1.0
    },
    {
        "model": 1,
        "sequence": 10,
        "status": 1,
        "fuel": 5933,
        "fault": 0.7541,
        "weapon": 1,
        "pilot_injury": 0.6899,
        "pilot_skill": 0.9394,
        "mission_priority": 0.8093,
        "estimated_landing_time": 946.0,
        "wait_time": 0,
        "Landing_success_rate": 1.0
    },
    {
        "model": 2,
        "sequence": 21,
        "status": 1,
        "fuel": 7329,
        "fault": 0.0705,
        "weapon": 1,
        "pilot_injury": 0.4117,
        "pilot_skill": 0.1754,
        "mission_priority": 0.4613,
        "estimated_landing_time": 1980.0,
        "wait_time": 0,
        "Landing_success_rate": 1.0
    },
    {
        "model": 0,
        "sequence": 2,
        "status": 1,
        "fuel": 5679,
        "fault": 0.9467,
        "weapon": 0,
        "pilot_injury": 0.3499,
        "pilot_skill": 0.1468,
        "mission_priority": 0.0944,
        "estimated_landing_time": 194.0,
        "wait_time": 0,
        "Landing_success_rate": 1.0
    },
    {
        "model": 2,
        "sequence": 5,
        "status": 1,
        "fuel": 6158,
        "fault": 0.4148,
        "weapon": 1,
        "pilot_injury": 0.9518,
        "pilot_skill": 0.9688,
        "mission_priority": 0.3025,
        "estimated_landing_time": 476.0,
        "wait_time": 0,
        "Landing_success_rate": 1.0
    },
    {
        "model": 2,
        "sequence": 15,
        "status": 1,
        "fuel": 6666,
        "fault": 0.178,
        "weapon": 1,
        "pilot_injury": 0.9883,
        "pilot_skill": 0.0784,
        "mission_priority": 0.7525,
        "estimated_landing_time": 1416.0,
        "wait_time": 0,
        "Landing_success_rate": 1.0
    },
    {
        "model": 1,
        "sequence": 14,
        "status": 1,
        "fuel": 5935,
        "fault": 0.0429,
        "weapon": 0,
        "pilot_injury": 0.0892,
        "pilot_skill": 0.8886,
        "mission_priority": 0.0026,
        "estimated_landing_time": 1322.0,
        "wait_time": 0,
        "Landing_success_rate": 1.0
    },
    {
        "model": 1,
        "sequence": 19,
        "status": 1,
        "fuel": 7445,
        "fault": 0.1829,
        "weapon": 1,
        "pilot_injury": 0.4273,
        "pilot_skill": 0.4338,
        "mission_priority": 0.6536,
        "estimated_landing_time": 1792.0,
        "wait_time": 0,
        "Landing_success_rate": 1.0
    },
    {
        "model": 2,
        "sequence": 4,
        "status": 1,
        "fuel": 5875,
        "fault": 0.4136,
        "weapon": 1,
        "pilot_injury": 0.0222,
        "pilot_skill": 0.1853,
        "mission_priority": 0.6067,
        "estimated_landing_time": 382.0,
        "wait_time": 0,
        "Landing_success_rate": 1.0
    },
    {
        "model": 1,
        "sequence": 24,
        "status": 1,
        "fuel": 6413,
        "fault": 0.2663,
        "weapon": 0,
        "pilot_injury": 0.7844,
        "pilot_skill": 0.7057,
        "mission_priority": 0.2677,
        "estimated_landing_time": 2262.0,
        "wait_time": 0,
        "Landing_success_rate": 1.0
    },
    {
        "model": 1,
        "sequence": 3,
        "status": 1,
        "fuel": 7465,
        "fault": 0.5006,
        "weapon": 1,
        "pilot_injury": 0.1478,
        "pilot_skill": 0.8306,
        "mission_priority": 0.1975,
        "estimated_landing_time": 288.0,
        "wait_time": 0,
        "Landing_success_rate": 1.0
    },
    {
        "model": 1,
        "sequence": 23,
        "status": 1,
        "fuel": 7231,
        "fault": 0.2087,
        "weapon": 1,
        "pilot_injury": 0.9454,
        "pilot_skill": 0.0198,
        "mission_priority": 0.2608,
        "estimated_landing_time": 2168.0,
        "wait_time": 0,
        "Landing_success_rate": 1.0
    },
    {
        "model": 0,
        "sequence": 11,
        "status": 1,
        "fuel": 6193,
        "fault": 0.1599,
        "weapon": 0,
        "pilot_injury": 0.1115,
        "pilot_skill": 0.0462,
        "mission_priority": 0.5025,
        "estimated_landing_time": 1040.0,
        "wait_time": 0,
        "Landing_success_rate": 1.0
    },
    {
        "model": 0,
        "sequence": 18,
        "status": 1,
        "fuel": 5836,
        "fault": 0.3961,
        "weapon": 0,
        "pilot_injury": 0.2675,
        "pilot_skill": 0.1214,
        "mission_priority": 0.4026,
        "estimated_landing_time": 1698.0,
        "wait_time": 0,
        "Landing_success_rate": 1.0
    },
    {
        "model": 1,
        "sequence": 20,
        "status": 1,
        "fuel": 7005,
        "fault": 0.2995,
        "weapon": 1,
        "pilot_injury": 0.6431,
        "pilot_skill": 0.1682,
        "mission_priority": 0.6319,
        "estimated_landing_time": 1886.0,
        "wait_time": 0,
        "Landing_success_rate": 1.0
    },
    {
        "model": 2,
        "sequence": 7,
        "status": 1,
        "fuel": 7275,
        "fault": 0.5569,
        "weapon": 0,
        "pilot_injury": 0.3568,
        "pilot_skill": 0.4215,
        "mission_priority": 0.4193,
        "estimated_landing_time": 664.0,
        "wait_time": 0,
        "Landing_success_rate": 1.0
    }
]