[
    {
        "model": 1,
        "sequence": 11,
        "status": 1,
        "fuel": 6490,
        "fault": 0.5382,
        "weapon": 1,
        "pilot_injury": 0.1401,
        "pilot_skill": 0.3159,
        "mission_priority": 0.3417,
        "estimated_landing_time": 1040.0,
        "wait_time": 0,
        "Landing_success_rate": 1.0
    },
    {
        "model": 0,
        "sequence": 20,
        "status": 1,
        "fuel": 5823,
        "fault": 0.8648,
        "weapon": 0,
        "pilot_injury": 0.4111,
        "pilot_skill": 0.71,
        "mission_priority": 0.2456,
        "estimated_landing_time": 1886.0,
        "wait_time": 0,
        "Landing_success_rate": 1.0
    },
    {
        "model": 1,
        "sequence": 9,
        "status": 1,
        "fuel": 7257,
        "fault": 0.2598,
        "weapon": 1,
        "pilot_injury": 0.4483,
        "pilot_skill": 0.0601,
        "mission_priority": 0.1338,
        "estimated_landing_time": 852.0,
        "wait_time": 0,
        "Landing_success_rate": 1.0
    },
    {
        "model": 2,
        "sequence": 15,
        "status": 1,
        "fuel": 6766,
        "fault": 0.9443,
        "weapon": 1,
        "pilot_injury": 0.8776,
        "pilot_skill": 0.1733,
        "mission_priority": 0.0201,
        "estimated_landing_time": 1416.0,
        "wait_time": 0,
        "Landing_success_rate": 1.0
    },
    {
        "model": 0,
        "sequence": 14,
        "status": 1,
        "fuel": 6024,
        "fault": 0.2628,
        "weapon": 0,
        "pilot_injury": 0.6339,
        "pilot_skill": 0.354,
        "mission_priority": 0.0169,
        "estimated_landing_time": 1322.0,
        "wait_time": 0,
        "Landing_success_rate": 1.0
    },
    {
        "model": 0,
        "sequence": 12,
        "status": 1,
        "fuel": 6712,
        "fault": 0.7793,
        "weapon": 0,
        "pilot_injury": 0.6478,
        "pilot_skill": 0.583,
        "mission_priority": 0.2652,
        "estimated_landing_time": 1134.0,
        "wait_time": 0,
        "Landing_success_rate": 1.0
    },
    {
        "model": 1,
        "sequence": 22,
        "status": 1,
        "fuel": 6681,
        "fault": 0.0853,
        "weapon": 0,
        "pilot_injury": 0.5855,
        "pilot_skill": 0.8421,
        "mission_priority": 0.2598,
        "estimated_landing_time": 2074.0,
        "wait_time": 0,
        "Landing_success_rate": 1.0
    },
    {
        "model": 1,
        "sequence": 5,
        "status": 1,
        "fuel": 6104,
        "fault": 0.1187,
        "weapon": 1,
        "pilot_injury": 0.8485,
        "pilot_skill": 0.9393,
        "mission_priority": 0.0558,
        "estimated_landing_time": 476.0,
        "wait_time": 0,
        "Landing_success_rate": 1.0
    },
    {
        "model": 2,
        "sequence": 21,
        "status": 1,
        "fuel": 5840,
        "fault": 0.7989,
        "weapon": 0,
        "pilot_injury": 0.3643,
        "pilot_skill": 0.6427,
        "mission_priority": 0.8102,
        "estimated_landing_time": 1980.0,
        "wait_time": 0,
        "Landing_success_rate": 1.0
    },
    {
        "model": 1,
        "sequence": 3,
        "status": 1,
        "fuel": 5742,
        "fault": 0.6482,
        "weapon": 1,
        "pilot_injury": 0.6359,
        "pilot_skill": 0.5173,
        "mission_priority": 0.6024,
        "estimated_landing_time": 288.0,
        "wait_time": 0,
        "Landing_success_rate": 1.0
    },
    {
        "model": 1,
        "sequence": 19,
        "status": 1,
        "fuel": 6931,
        "fault": 0.0366,
        "weapon": 1,
        "pilot_injury": 0.5504,
        "pilot_skill": 0.5241,
        "mission_priority": 0.0713,
        "estimated_landing_time": 1792.0,
        "wait_time": 0,
        "Landing_success_rate": 1.0
    },
    {
        "model": 1,
        "sequence": 13,
        "status": 1,
        "fuel": 6993,
        "fault": 0.7575,
        "weapon": 1,
        "pilot_injury": 0.4238,
        "pilot_skill": 0.0859,
        "mission_priority": 0.5979,
        "estimated_landing_time": 1228.0,
        "wait_time": 0,
        "Landing_success_rate": 1.0
    },
    {
        "model": 0,
        "sequence": 10,
        "status": 1,
        "fuel": 5746,
        "fault": 0.4575,
        "weapon": 1,
        "pilot_injury": 0.6732,
        "pilot_skill": 0.4871,
        "mission_priority": 0.175,
        "estimated_landing_time": 946.0,
        "wait_time": 0,
        "Landing_success_rate": 1.0
    },
    {
        "model": 0,
        "sequence": 2,
        "status": 1,
        "fuel": 6528,
        "fault": 0.0755,
        "weapon": 1,
        "pilot_injury": 0.4652,
        "pilot_skill": 0.6422,
        "mission_priority": 0.0013,
        "estimated_landing_time": 194.0,
        "wait_time": 0,
        "Landing_success_rate": 1.0
    },
    {
        "model": 0,
        "sequence": 6,
        "status": 1,
        "fuel": 5741,
        "fault": 0.7025,
        "weapon": 1,
        "pilot_injury": 0.4445,
        "pilot_skill": 0.3434,
        "mission_priority": 0.8423,
        "estimated_landing_time": 570.0,
        "wait_time": 0,
        "Landing_success_rate": 1.0
    },
    {
        "model": 0,
        "sequence": 8,
        "status": 1,
        "fuel": 5927,
        "fault": 0.2555,
        "weapon": 1,
        "pilot_injury": 0.3719,
        "pilot_skill": 0.9068,
        "mission_priority": 0.0874,
        "estimated_landing_time": 758.0,
        "wait_time": 0,
        "Landing_success_rate": 1.0
    },
    {
        "model": 0,
        "sequence": 17,
        "status": 1,
        "fuel": 7321,
        "fault": 0.5613,
        "weapon": 1,
        "pilot_injury": 0.4409,
        "pilot_skill": 0.6251,
        "mission_priority": 0.1702,
        "estimated_landing_time": 1604.0,
        "wait_time": 0,
        "Landing_success_rate": 1.0
    },
    {
        "model": 1,
        "sequence": 16,
        "status": 1,
        "fuel": 7339,
        "fault": 0.9098,
        "weapon": 0,
        "pilot_injury": 0.9042,
        "pilot_skill": 0.0026,
        "mission_priority": 0.63,
        "estimated_landing_time": 1510.0,
        "wait_time": 0,
        "Landing_success_rate": 1.0
    },
    {
        "model": 1,
        "sequence": 1,
        "status": 1,
        "fuel": 7147,
        "fault": 0.1006,
        "weapon": 1,
        "pilot_injury": 0.7438,
        "pilot_skill": 0.2272,
        "mission_priority": 0.2049,
        "estimated_landing_time": 100.0,
        "wait_time": 0,
        "Landing_success_rate": 1.0
    },
    {
        "model": 0,
        "sequence": 7,
        "status": 1,
        "fuel": 6029,
        "fault": 0.0629,
        "weapon": 0,
        "pilot_injury": 0.2336,
        "pilot_skill": 0.484,
        "mission_priority": 0.4596,
        "estimated_landing_time": 664.0,
        "wait_time": 0,
        "Landing_success_rate": 1.0
    },
    {
        "model": 0,
        "sequence": 4,
        "status": 1,
        "fuel": 5649,
        "fault": 0.0859,
        "weapon": 1,
        "pilot_injury": 0.5868,
        "pilot_skill": 0.6057,
        "mission_priority": 0.7455,
        "estimated_landing_time": 382.0,
        "wait_time": 0,
        "Landing_success_rate": 1.0
    },
    {
        "model": 2,
        "sequence": 18,
        "status": 1,
        "fuel": 6421,
        "fault": 0.8197,
        "weapon": 1,
        "pilot_injury": 0.3425,
        "pilot_skill": 0.1023,
        "mission_priority": 0.3368,
        "estimated_landing_time": 1698.0,
        "wait_time": 0,
        "Landing_success_rate": 1.0
    },
    {
        "model": 2,
        "sequence": 23,
        "status": 1,
        "fuel": 7042,
        "fault": 0.0646,
        "weapon": 0,
        "pilot_injury": 0.807,
        "pilot_skill": 0.4172,
        "mission_priority": 0.2596,
        "estimated_landing_time": 2168.0,
        "wait_time": 0,
        "Landing_success_rate": 1.0
    },
    {
        "model": 1,
        "sequence": 24,
        "status": 1,
        "fuel": 5585,
        "fault": 0.3856,
        "weapon": 0,
        "pilot_injury": 0.8775,
        "pilot_skill": 0.2663,
        "mission_priority": 0.6218,
        "estimated_landing_time": 2262.0,
        "wait_time": 0,
        "Landing_success_rate": 1.0
    }
]