[
    {
        "model": 1,
        "sequence": 4,
        "status": 1,
        "fuel": 7276,
        "fault": 0.9013,
        "weapon": 1,
        "pilot_injury": 0.3766,
        "pilot_skill": 0.2648,
        "mission_priority": 0.6134,
        "estimated_landing_time": 382.0,
        "wait_time": 0,
        "Landing_success_rate": 1.0
    },
    {
        "model": 0,
        "sequence": 12,
        "status": 1,
        "fuel": 5770,
        "fault": 0.0701,
        "weapon": 1,
        "pilot_injury": 0.0898,
        "pilot_skill": 0.0263,
        "mission_priority": 0.218,
        "estimated_landing_time": 1134.0,
        "wait_time": 0,
        "Landing_success_rate": 1.0
    },
    {
        "model": 1,
        "sequence": 11,
        "status": 1,
        "fuel": 6503,
        "fault": 0.4358,
        "weapon": 1,
        "pilot_injury": 0.911,
        "pilot_skill": 0.6516,
        "mission_priority": 0.8621,
        "estimated_landing_time": 1040.0,
        "wait_time": 0,
        "Landing_success_rate": 1.0
    },
    {
        "model": 1,
        "sequence": 17,
        "status": 1,
        "fuel": 5737,
        "fault": 0.7927,
        "weapon": 1,
        "pilot_injury": 0.6795,
        "pilot_skill": 0.357,
        "mission_priority": 0.2125,
        "estimated_landing_time": 1604.0,
        "wait_time": 0,
        "Landing_success_rate": 1.0
    },
    {
        "model": 0,
        "sequence": 13,
        "status": 1,
        "fuel": 7356,
        "fault": 0.5291,
        "weapon": 1,
        "pilot_injury": 0.0444,
        "pilot_skill": 0.2787,
        "mission_priority": 0.1795,
        "estimated_landing_time": 1228.0,
        "wait_time": 0,
        "Landing_success_rate": 1.0
    },
    {
        "model": 0,
        "sequence": 24,
        "status": 1,
        "fuel": 7471,
        "fault": 0.379,
        "weapon": 1,
        "pilot_injury": 0.5004,
        "pilot_skill": 0.7109,
        "mission_priority": 0.3338,
        "estimated_landing_time": 2262.0,
        "wait_time": 0,
        "Landing_success_rate": 1.0
    },
    {
        "model": 2,
        "sequence": 20,
        "status": 1,
        "fuel": 6433,
        "fault": 0.8995,
        "weapon": 0,
        "pilot_injury": 0.7973,
        "pilot_skill": 0.098,
        "mission_priority": 0.7981,
        "estimated_landing_time": 1886.0,
        "wait_time": 0,
        "Landing_success_rate": 1.0
    },
    {
        "model": 0,
        "sequence": 9,
        "status": 1,
        "fuel": 5643,
        "fault": 0.3277,
        "weapon": 0,
        "pilot_injury": 0.6231,
        "pilot_skill": 0.0983,
        "mission_priority": 0.6659,
        "estimated_landing_time": 852.0,
        "wait_time": 0,
        "Landing_success_rate": 1.0
    },
    {
        "model": 0,
        "sequence": 7,
        "status": 1,
        "fuel": 5948,
        "fault": 0.8493,
        "weapon": 0,
        "pilot_injury": 0.8355,
        "pilot_skill": 0.0395,
        "mission_priority": 0.648,
        "estimated_landing_time": 664.0,
        "wait_time": 0,
        "Landing_success_rate": 1.0
    },
    {
        "model": 2,
        "sequence": 19,
        "status": 1,
        "fuel": 6563,
        "fault": 0.1568,
        "weapon": 1,
        "pilot_injury": 0.0127,
        "pilot_skill": 0.3286,
        "mission_priority": 0.1694,
        "estimated_landing_time": 1792.0,
        "wait_time": 0,
        "Landing_success_rate": 1.0
    },
    {
        "model": 2,
        "sequence": 2,
        "status": 1,
        "fuel": 7074,
        "fault": 0.8218,
        "weapon": 0,
        "pilot_injury": 0.7933,
        "pilot_skill": 0.64,
        "mission_priority": 0.7146,
        "estimated_landing_time": 194.0,
        "wait_time": 0,
        "Landing_success_rate": 1.0
    },
    {
        "model": 0,
        "sequence": 8,
        "status": 1,
        "fuel": 7080,
        "fault": 0.8942,
        "weapon": 1,
        "pilot_injury": 0.9695,
        "pilot_skill": 0.427,
        "mission_priority": 0.395,
        "estimated_landing_time": 758.0,
        "wait_time": 0,
        "Landing_success_rate": 1.0
    },
    {
        "model": 2,
        "sequence": 14,
        "status": 1,
        "fuel": 6209,
        "fault": 0.2193,
        "weapon": 0,
        "pilot_injury": 0.9405,
        "pilot_skill": 0.6948,
        "mission_priority": 0.4092,
        "estimated_landing_time": 1322.0,
        "wait_time": 0,
        "Landing_success_rate": 1.0
    },
    {
        "model": 2,
        "sequence": 1,
        "status": 1,
        "fuel": 6961,
        "fault": 0.3068,
        "weapon": 1,
        "pilot_injury": 0.7465,
        "pilot_skill": 0.4316,
        "mission_priority": 0.4315,
        "estimated_landing_time": 100.0,
        "wait_time": 0,
        "Landing_success_rate": 1.0
    },
    {
        "model": 2,
        "sequence": 16,
        "status": 1,
        "fuel": 6298,
        "fault": 0.7886,
        "weapon": 0,
        "pilot_injury": 0.0991,
        "pilot_skill": 0.7643,
        "mission_priority": 0.1909,
        "estimated_landing_time": 1510.0,
        "wait_time": 0,
        "Landing_success_rate": 1.0
    },
    {
        "model": 1,
        "sequence": 15,
        "status": 1,
        "fuel": 6976,
        "fault": 0.5019,
        "weapon": 0,
        "pilot_injury": 0.4716,
        "pilot_skill": 0.1252,
        "mission_priority": 0.9051,
        "estimated_landing_time": 1416.0,
        "wait_time": 0,
        "Landing_success_rate": 1.0
    },
    {
        "model": 2,
        "sequence": 18,
        "status": 1,
        "fuel": 6156,
        "fault": 0.0738,
        "weapon": 0,
        "pilot_injury": 0.3908,
        "pilot_skill": 0.5893,
        "mission_priority": 0.3623,
        "estimated_landing_time": 1698.0,
        "wait_time": 0,
        "Landing_success_rate": 1.0
    },
    {
        "model": 1,
        "sequence": 22,
        "status": 1,
        "fuel": 6098,
        "fault": 0.5664,
        "weapon": 0,
        "pilot_injury": 0.1758,
        "pilot_skill": 0.221,
        "mission_priority": 0.0837,
        "estimated_landing_time": 2074.0,
        "wait_time": 0,
        "Landing_success_rate": 1.0
    },
    {
        "model": 0,
        "sequence": 10,
        "status": 1,
        "fuel": 7025,
        "fault": 0.51,
        "weapon": 1,
        "pilot_injury": 0.3053,
        "pilot_skill": 0.2583,
        "mission_priority": 0.8374,
        "estimated_landing_time": 946.0,
        "wait_time": 0,
        "Landing_success_rate": 1.0
    },
    {
        "model": 1,
        "sequence": 3,
        "status": 1,
        "fuel": 6986,
        "fault": 0.2756,
        "weapon": 1,
        "pilot_injury": 0.0312,
        "pilot_skill": 0.2871,
        "mission_priority": 0.1306,
        "estimated_landing_time": 288.0,
        "wait_time": 0,
        "Landing_success_rate": 1.0
    },
    {
        "model": 1,
        "sequence": 6,
        "status": 1,
        "fuel": 6269,
        "fault": 0.6666,
        "weapon": 0,
        "pilot_injury": 0.2773,
        "pilot_skill": 0.1664,
        "mission_priority": 0.5115,
        "estimated_landing_time": 570.0,
        "wait_time": 0,
        "Landing_success_rate": 1.0
    },
    {
        "model": 1,
        "sequence": 23,
        "status": 1,
        "fuel": 6343,
        "fault": 0.0429,
        "weapon": 1,
        "pilot_injury": 0.2508,
        "pilot_skill": 0.2631,
        "mission_priority": 0.7319,
        "estimated_landing_time": 2168.0,
        "wait_time": 0,
        "Landing_success_rate": 1.0
    },
    {
        "model": 1,
        "sequence": 5,
        "status": 1,
        "fuel": 5680,
        "fault": 0.7447,
        "weapon": 1,
        "pilot_injury": 0.0014,
        "pilot_skill": 0.0871,
        "mission_priority": 0.802,
        "estimated_landing_time": 476.0,
        "wait_time": 0,
        "Landing_success_rate": 1.0
    },
    {
        "model": 1,
        "sequence": 21,
        "status": 1,
        "fuel": 6463,
        "fault": 0.356,
        "weapon": 1,
        "pilot_injury": 0.9583,
        "pilot_skill": 0.3016,
        "mission_priority": 0.8903,
        "estimated_landing_time": 1980.0,
        "wait_time": 0,
        "Landing_success_rate": 1.0
    }
]