[
    {
        "model": 2,
        "sequence": 14,
        "status": 1,
        "fuel": 5626,
        "fault": 0.6949,
        "weapon": 1,
        "pilot_injury": 0.4156,
        "pilot_skill": 0.4767,
        "mission_priority": 0.168,
        "estimated_landing_time": 1322.0,
        "wait_time": 0,
        "Landing_success_rate": 1.0
    },
    {
        "model": 1,
        "sequence": 22,
        "status": 1,
        "fuel": 6765,
        "fault": 0.1854,
        "weapon": 1,
        "pilot_injury": 0.002,
        "pilot_skill": 0.5507,
        "mission_priority": 0.8723,
        "estimated_landing_time": 2074.0,
        "wait_time": 0,
        "Landing_success_rate": 1.0
    },
    {
        "model": 2,
        "sequence": 12,
        "status": 1,
        "fuel": 6336,
        "fault": 0.4564,
        "weapon": 1,
        "pilot_injury": 0.3793,
        "pilot_skill": 0.0288,
        "mission_priority": 0.7903,
        "estimated_landing_time": 1134.0,
        "wait_time": 0,
        "Landing_success_rate": 1.0
    },
    {
        "model": 2,
        "sequence": 13,
        "status": 1,
        "fuel": 5529,
        "fault": 0.1832,
        "weapon": 0,
        "pilot_injury": 0.2557,
        "pilot_skill": 0.7841,
        "mission_priority": 0.7937,
        "estimated_landing_time": 1228.0,
        "wait_time": 0,
        "Landing_success_rate": 1.0
    },
    {
        "model": 2,
        "sequence": 20,
        "status": 1,
        "fuel": 7256,
        "fault": 0.9046,
        "weapon": 1,
        "pilot_injury": 0.1592,
        "pilot_skill": 0.7127,
        "mission_priority": 0.4791,
        "estimated_landing_time": 1886.0,
        "wait_time": 0,
        "Landing_success_rate": 1.0
    },
    {
        "model": 1,
        "sequence": 24,
        "status": 1,
        "fuel": 6416,
        "fault": 0.1323,
        "weapon": 0,
        "pilot_injury": 0.0641,
        "pilot_skill": 0.9778,
        "mission_priority": 0.6424,
        "estimated_landing_time": 2262.0,
        "wait_time": 0,
        "Landing_success_rate": 1.0
    },
    {
        "model": 0,
        "sequence": 15,
        "status": 1,
        "fuel": 7259,
        "fault": 0.0903,
        "weapon": 0,
        "pilot_injury": 0.0911,
        "pilot_skill": 0.6074,
        "mission_priority": 0.6606,
        "estimated_landing_time": 1416.0,
        "wait_time": 0,
        "Landing_success_rate": 1.0
    },
    {
        "model": 1,
        "sequence": 1,
        "status": 1,
        "fuel": 7250,
        "fault": 0.1329,
        "weapon": 1,
        "pilot_injury": 0.9546,
        "pilot_skill": 0.3011,
        "mission_priority": 0.1248,
        "estimated_landing_time": 100.0,
        "wait_time": 0,
        "Landing_success_rate": 1.0
    },
    {
        "model": 0,
        "sequence": 7,
        "status": 1,
        "fuel": 7391,
        "fault": 0.1551,
        "weapon": 0,
        "pilot_injury": 0.7548,
        "pilot_skill": 0.7538,
        "mission_priority": 0.6202,
        "estimated_landing_time": 664.0,
        "wait_time": 0,
        "Landing_success_rate": 1.0
    },
    {
        "model": 2,
        "sequence": 23,
        "status": 1,
        "fuel": 5608,
        "fault": 0.7549,
        "weapon": 0,
        "pilot_injury": 0.2483,
        "pilot_skill": 0.094,
        "mission_priority": 0.3015,
        "estimated_landing_time": 2168.0,
        "wait_time": 0,
        "Landing_success_rate": 1.0
    },
    {
        "model": 2,
        "sequence": 16,
        "status": 1,
        "fuel": 6248,
        "fault": 0.8665,
        "weapon": 0,
        "pilot_injury": 0.3337,
        "pilot_skill": 0.5137,
        "mission_priority": 0.3229,
        "estimated_landing_time": 1510.0,
        "wait_time": 0,
        "Landing_success_rate": 1.0
    },
    {
        "model": 2,
        "sequence": 5,
        "status": 1,
        "fuel": 5611,
        "fault": 0.9867,
        "weapon": 0,
        "pilot_injury": 0.7942,
        "pilot_skill": 0.9543,
        "mission_priority": 0.1484,
        "estimated_landing_time": 476.0,
        "wait_time": 0,
        "Landing_success_rate": 1.0
    },
    {
        "model": 1,
        "sequence": 11,
        "status": 1,
        "fuel": 6457,
        "fault": 0.9449,
        "weapon": 0,
        "pilot_injury": 0.2991,
        "pilot_skill": 0.8295,
        "mission_priority": 0.9049,
        "estimated_landing_time": 1040.0,
        "wait_time": 0,
        "Landing_success_rate": 1.0
    },
    {
        "model": 1,
        "sequence": 6,
        "status": 1,
        "fuel": 6743,
        "fault": 0.3913,
        "weapon": 1,
        "pilot_injury": 0.9168,
        "pilot_skill": 0.3305,
        "mission_priority": 0.0137,
        "estimated_landing_time": 570.0,
        "wait_time": 0,
        "Landing_success_rate": 1.0
    },
    {
        "model": 2,
        "sequence": 4,
        "status": 1,
        "fuel": 7476,
        "fault": 0.2094,
        "weapon": 0,
        "pilot_injury": 0.9017,
        "pilot_skill": 0.155,
        "mission_priority": 0.3044,
        "estimated_landing_time": 382.0,
        "wait_time": 0,
        "Landing_success_rate": 1.0
    },
    {
        "model": 1,
        "sequence": 8,
        "status": 1,
        "fuel": 5845,
        "fault": 0.0357,
        "weapon": 1,
        "pilot_injury": 0.9013,
        "pilot_skill": 0.4974,
        "mission_priority": 0.9867,
        "estimated_landing_time": 758.0,
        "wait_time": 0,
        "Landing_success_rate": 1.0
    },
    {
        "model": 2,
        "sequence": 21,
        "status": 1,
        "fuel": 7141,
        "fault": 0.5754,
        "weapon": 0,
        "pilot_injury": 0.3619,
        "pilot_skill": 0.9413,
        "mission_priority": 0.685,
        "estimated_landing_time": 1980.0,
        "wait_time": 0,
        "Landing_success_rate": 1.0
    },
    {
        "model": 1,
        "sequence": 19,
        "status": 1,
        "fuel": 7058,
        "fault": 0.1712,
        "weapon": 1,
        "pilot_injury": 0.8908,
        "pilot_skill": 0.8096,
        "mission_priority": 0.3301,
        "estimated_landing_time": 1792.0,
        "wait_time": 0,
        "Landing_success_rate": 1.0
    },
    {
        "model": 2,
        "sequence": 10,
        "status": 1,
        "fuel": 5552,
        "fault": 0.1795,
        "weapon": 0,
        "pilot_injury": 0.1034,
        "pilot_skill": 0.1381,
        "mission_priority": 0.7155,
        "estimated_landing_time": 946.0,
        "wait_time": 0,
        "Landing_success_rate": 1.0
    },
    {
        "model": 1,
        "sequence": 2,
        "status": 1,
        "fuel": 6302,
        "fault": 0.0826,
        "weapon": 0,
        "pilot_injury": 0.2518,
        "pilot_skill": 0.7603,
        "mission_priority": 0.0024,
        "estimated_landing_time": 194.0,
        "wait_time": 0,
        "Landing_success_rate": 1.0
    },
    {
        "model": 0,
        "sequence": 17,
        "status": 1,
        "fuel": 6089,
        "fault": 0.5565,
        "weapon": 0,
        "pilot_injury": 0.3181,
        "pilot_skill": 0.2325,
        "mission_priority": 0.2283,
        "estimated_landing_time": 1604.0,
        "wait_time": 0,
        "Landing_success_rate": 1.0
    },
    {
        "model": 2,
        "sequence": 9,
        "status": 1,
        "fuel": 6179,
        "fault": 0.214,
        "weapon": 0,
        "pilot_injury": 0.0869,
        "pilot_skill": 0.5524,
        "mission_priority": 0.346,
        "estimated_landing_time": 852.0,
        "wait_time": 0,
        "Landing_success_rate": 1.0
    },
    {
        "model": 1,
        "sequence": 18,
        "status": 1,
        "fuel": 6653,
        "fault": 0.757,
        "weapon": 1,
        "pilot_injury": 0.5706,
        "pilot_skill": 0.2477,
        "mission_priority": 0.7655,
        "estimated_landing_time": 1698.0,
        "wait_time": 0,
        "Landing_success_rate": 1.0
    },
    {
        "model": 1,
        "sequence": 3,
        "status": 1,
        "fuel": 6875,
        "fault": 0.3221,
        "weapon": 1,
        "pilot_injury": 0.579,
        "pilot_skill": 0.8693,
        "mission_priority": 0.5469,
        "estimated_landing_time": 288.0,
        "wait_time": 0,
        "Landing_success_rate": 1.0
    }
]