[
    {
        "model": 1,
        "sequence": 24,
        "status": 1,
        "fuel": 7310,
        "fault": 0.2621,
        "weapon": 1,
        "pilot_injury": 0.7123,
        "pilot_skill": 0.987,
        "mission_priority": 0.3771,
        "estimated_landing_time": 2262.0,
        "wait_time": 0,
        "Landing_success_rate": 1.0
    },
    {
        "model": 0,
        "sequence": 20,
        "status": 1,
        "fuel": 7040,
        "fault": 0.1988,
        "weapon": 1,
        "pilot_injury": 0.3922,
        "pilot_skill": 0.7268,
        "mission_priority": 0.2174,
        "estimated_landing_time": 1886.0,
        "wait_time": 0,
        "Landing_success_rate": 1.0
    },
    {
        "model": 2,
        "sequence": 15,
        "status": 1,
        "fuel": 5518,
        "fault": 0.7837,
        "weapon": 0,
        "pilot_injury": 0.8186,
        "pilot_skill": 0.6237,
        "mission_priority": 0.9576,
        "estimated_landing_time": 1416.0,
        "wait_time": 0,
        "Landing_success_rate": 1.0
    },
    {
        "model": 1,
        "sequence": 18,
        "status": 1,
        "fuel": 7121,
        "fault": 0.0601,
        "weapon": 1,
        "pilot_injury": 0.0426,
        "pilot_skill": 0.3991,
        "mission_priority": 0.5221,
        "estimated_landing_time": 1698.0,
        "wait_time": 0,
        "Landing_success_rate": 1.0
    },
    {
        "model": 1,
        "sequence": 4,
        "status": 1,
        "fuel": 7423,
        "fault": 0.5982,
        "weapon": 1,
        "pilot_injury": 0.1248,
        "pilot_skill": 0.0469,
        "mission_priority": 0.8509,
        "estimated_landing_time": 382.0,
        "wait_time": 0,
        "Landing_success_rate": 1.0
    },
    {
        "model": 2,
        "sequence": 11,
        "status": 1,
        "fuel": 6547,
        "fault": 0.9368,
        "weapon": 1,
        "pilot_injury": 0.2131,
        "pilot_skill": 0.0899,
        "mission_priority": 0.8775,
        "estimated_landing_time": 1040.0,
        "wait_time": 0,
        "Landing_success_rate": 1.0
    },
    {
        "model": 0,
        "sequence": 13,
        "status": 1,
        "fuel": 7425,
        "fault": 0.029,
        "weapon": 0,
        "pilot_injury": 0.3036,
        "pilot_skill": 0.3627,
        "mission_priority": 0.5025,
        "estimated_landing_time": 1228.0,
        "wait_time": 0,
        "Landing_success_rate": 1.0
    },
    {
        "model": 0,
        "sequence": 17,
        "status": 1,
        "fuel": 6351,
        "fault": 0.0024,
        "weapon": 1,
        "pilot_injury": 0.951,
        "pilot_skill": 0.0999,
        "mission_priority": 0.7986,
        "estimated_landing_time": 1604.0,
        "wait_time": 0,
        "Landing_success_rate": 1.0
    },
    {
        "model": 2,
        "sequence": 12,
        "status": 1,
        "fuel": 7311,
        "fault": 0.5034,
        "weapon": 1,
        "pilot_injury": 0.7088,
        "pilot_skill": 0.9294,
        "mission_priority": 0.7162,
        "estimated_landing_time": 1134.0,
        "wait_time": 0,
        "Landing_success_rate": 1.0
    },
    {
        "model": 2,
        "sequence": 5,
        "status": 1,
        "fuel": 6650,
        "fault": 0.6722,
        "weapon": 1,
        "pilot_injury": 0.321,
        "pilot_skill": 0.7569,
        "mission_priority": 0.7845,
        "estimated_landing_time": 476.0,
        "wait_time": 0,
        "Landing_success_rate": 1.0
    },
    {
        "model": 2,
        "sequence": 23,
        "status": 1,
        "fuel": 6621,
        "fault": 0.1522,
        "weapon": 1,
        "pilot_injury": 0.7597,
        "pilot_skill": 0.817,
        "mission_priority": 0.3372,
        "estimated_landing_time": 2168.0,
        "wait_time": 0,
        "Landing_success_rate": 1.0
    },
    {
        "model": 2,
        "sequence": 16,
        "status": 1,
        "fuel": 7140,
        "fault": 0.6936,
        "weapon": 0,
        "pilot_injury": 0.2341,
        "pilot_skill": 0.717,
        "mission_priority": 0.1865,
        "estimated_landing_time": 1510.0,
        "wait_time": 0,
        "Landing_success_rate": 1.0
    },
    {
        "model": 1,
        "sequence": 7,
        "status": 1,
        "fuel": 5764,
        "fault": 0.5377,
        "weapon": 0,
        "pilot_injury": 0.9087,
        "pilot_skill": 0.0355,
        "mission_priority": 0.8265,
        "estimated_landing_time": 664.0,
        "wait_time": 0,
        "Landing_success_rate": 1.0
    },
    {
        "model": 1,
        "sequence": 10,
        "status": 1,
        "fuel": 5737,
        "fault": 0.198,
        "weapon": 1,
        "pilot_injury": 0.8435,
        "pilot_skill": 0.8753,
        "mission_priority": 0.7689,
        "estimated_landing_time": 946.0,
        "wait_time": 0,
        "Landing_success_rate": 1.0
    },
    {
        "model": 0,
        "sequence": 2,
        "status": 1,
        "fuel": 5699,
        "fault": 0.5487,
        "weapon": 0,
        "pilot_injury": 0.3039,
        "pilot_skill": 0.2425,
        "mission_priority": 0.7424,
        "estimated_landing_time": 194.0,
        "wait_time": 0,
        "Landing_success_rate": 1.0
    },
    {
        "model": 1,
        "sequence": 19,
        "status": 1,
        "fuel": 5769,
        "fault": 0.1822,
        "weapon": 1,
        "pilot_injury": 0.8075,
        "pilot_skill": 0.1684,
        "mission_priority": 0.773,
        "estimated_landing_time": 1792.0,
        "wait_time": 0,
        "Landing_success_rate": 1.0
    },
    {
        "model": 1,
        "sequence": 6,
        "status": 1,
        "fuel": 6158,
        "fault": 0.399,
        "weapon": 0,
        "pilot_injury": 0.7282,
        "pilot_skill": 0.2708,
        "mission_priority": 0.3139,
        "estimated_landing_time": 570.0,
        "wait_time": 0,
        "Landing_success_rate": 1.0
    },
    {
        "model": 1,
        "sequence": 3,
        "status": 1,
        "fuel": 6964,
        "fault": 0.0922,
        "weapon": 0,
        "pilot_injury": 0.9518,
        "pilot_skill": 0.1888,
        "mission_priority": 0.75,
        "estimated_landing_time": 288.0,
        "wait_time": 0,
        "Landing_success_rate": 1.0
    },
    {
        "model": 2,
        "sequence": 1,
        "status": 1,
        "fuel": 7180,
        "fault": 0.7293,
        "weapon": 1,
        "pilot_injury": 0.1562,
        "pilot_skill": 0.1659,
        "mission_priority": 0.9855,
        "estimated_landing_time": 100.0,
        "wait_time": 0,
        "Landing_success_rate": 1.0
    },
    {
        "model": 1,
        "sequence": 8,
        "status": 1,
        "fuel": 7329,
        "fault": 0.5514,
        "weapon": 0,
        "pilot_injury": 0.2573,
        "pilot_skill": 0.0189,
        "mission_priority": 0.6705,
        "estimated_landing_time": 758.0,
        "wait_time": 0,
        "Landing_success_rate": 1.0
    },
    {
        "model": 0,
        "sequence": 22,
        "status": 1,
        "fuel": 5546,
        "fault": 0.9375,
        "weapon": 1,
        "pilot_injury": 0.7545,
        "pilot_skill": 0.1532,
        "mission_priority": 0.7921,
        "estimated_landing_time": 2074.0,
        "wait_time": 0,
        "Landing_success_rate": 1.0
    },
    {
        "model": 1,
        "sequence": 21,
        "status": 1,
        "fuel": 6691,
        "fault": 0.3277,
        "weapon": 0,
        "pilot_injury": 0.9263,
        "pilot_skill": 0.6201,
        "mission_priority": 0.9207,
        "estimated_landing_time": 1980.0,
        "wait_time": 0,
        "Landing_success_rate": 1.0
    },
    {
        "model": 2,
        "sequence": 14,
        "status": 1,
        "fuel": 7196,
        "fault": 0.7647,
        "weapon": 0,
        "pilot_injury": 0.8728,
        "pilot_skill": 0.1076,
        "mission_priority": 0.4135,
        "estimated_landing_time": 1322.0,
        "wait_time": 0,
        "Landing_success_rate": 1.0
    },
    {
        "model": 1,
        "sequence": 9,
        "status": 1,
        "fuel": 7180,
        "fault": 0.5065,
        "weapon": 1,
        "pilot_injury": 0.4538,
        "pilot_skill": 0.7236,
        "mission_priority": 0.0334,
        "estimated_landing_time": 852.0,
        "wait_time": 0,
        "Landing_success_rate": 1.0
    }
]