[
    {
        "model": 2,
        "sequence": 8,
        "status": 1,
        "fuel": 6527,
        "fault": 0.4793,
        "weapon": 1,
        "pilot_injury": 0.8959,
        "pilot_skill": 0.5968,
        "mission_priority": 0.4407,
        "estimated_landing_time": 758.0,
        "wait_time": 0,
        "Landing_success_rate": 1.0
    },
    {
        "model": 0,
        "sequence": 12,
        "status": 1,
        "fuel": 6504,
        "fault": 0.3837,
        "weapon": 1,
        "pilot_injury": 0.0765,
        "pilot_skill": 0.7424,
        "mission_priority": 0.0771,
        "estimated_landing_time": 1134.0,
        "wait_time": 0,
        "Landing_success_rate": 1.0
    },
    {
        "model": 0,
        "sequence": 19,
        "status": 1,
        "fuel": 5605,
        "fault": 0.461,
        "weapon": 1,
        "pilot_injury": 0.7128,
        "pilot_skill": 0.5775,
        "mission_priority": 0.5713,
        "estimated_landing_time": 1792.0,
        "wait_time": 0,
        "Landing_success_rate": 1.0
    },
    {
        "model": 0,
        "sequence": 5,
        "status": 1,
        "fuel": 6965,
        "fault": 0.7114,
        "weapon": 0,
        "pilot_injury": 0.5347,
        "pilot_skill": 0.3481,
        "mission_priority": 0.0189,
        "estimated_landing_time": 476.0,
        "wait_time": 0,
        "Landing_success_rate": 1.0
    },
    {
        "model": 1,
        "sequence": 23,
        "status": 1,
        "fuel": 7472,
        "fault": 0.4522,
        "weapon": 0,
        "pilot_injury": 0.3258,
        "pilot_skill": 0.0982,
        "mission_priority": 0.5912,
        "estimated_landing_time": 2168.0,
        "wait_time": 0,
        "Landing_success_rate": 1.0
    },
    {
        "model": 2,
        "sequence": 24,
        "status": 1,
        "fuel": 6373,
        "fault": 0.1884,
        "weapon": 0,
        "pilot_injury": 0.7215,
        "pilot_skill": 0.3282,
        "mission_priority": 0.136,
        "estimated_landing_time": 2262.0,
        "wait_time": 0,
        "Landing_success_rate": 1.0
    },
    {
        "model": 0,
        "sequence": 10,
        "status": 1,
        "fuel": 5743,
        "fault": 0.7164,
        "weapon": 1,
        "pilot_injury": 0.8497,
        "pilot_skill": 0.8493,
        "mission_priority": 0.4209,
        "estimated_landing_time": 946.0,
        "wait_time": 0,
        "Landing_success_rate": 1.0
    },
    {
        "model": 1,
        "sequence": 11,
        "status": 1,
        "fuel": 6032,
        "fault": 0.83,
        "weapon": 1,
        "pilot_injury": 0.4595,
        "pilot_skill": 0.3187,
        "mission_priority": 0.702,
        "estimated_landing_time": 1040.0,
        "wait_time": 0,
        "Landing_success_rate": 1.0
    },
    {
        "model": 0,
        "sequence": 13,
        "status": 1,
        "fuel": 6600,
        "fault": 0.7814,
        "weapon": 1,
        "pilot_injury": 0.2902,
        "pilot_skill": 0.9562,
        "mission_priority": 0.4993,
        "estimated_landing_time": 1228.0,
        "wait_time": 0,
        "Landing_success_rate": 1.0
    },
    {
        "model": 1,
        "sequence": 21,
        "status": 1,
        "fuel": 6080,
        "fault": 0.7004,
        "weapon": 1,
        "pilot_injury": 0.8778,
        "pilot_skill": 0.6924,
        "mission_priority": 0.8949,
        "estimated_landing_time": 1980.0,
        "wait_time": 0,
        "Landing_success_rate": 1.0
    },
    {
        "model": 2,
        "sequence": 20,
        "status": 1,
        "fuel": 6813,
        "fault": 0.934,
        "weapon": 1,
        "pilot_injury": 0.948,
        "pilot_skill": 0.9632,
        "mission_priority": 0.3142,
        "estimated_landing_time": 1886.0,
        "wait_time": 0,
        "Landing_success_rate": 1.0
    },
    {
        "model": 0,
        "sequence": 4,
        "status": 1,
        "fuel": 7300,
        "fault": 0.6189,
        "weapon": 0,
        "pilot_injury": 0.8221,
        "pilot_skill": 0.7911,
        "mission_priority": 0.9831,
        "estimated_landing_time": 382.0,
        "wait_time": 0,
        "Landing_success_rate": 1.0
    },
    {
        "model": 2,
        "sequence": 3,
        "status": 1,
        "fuel": 7124,
        "fault": 0.7658,
        "weapon": 1,
        "pilot_injury": 0.8567,
        "pilot_skill": 0.2212,
        "mission_priority": 0.6206,
        "estimated_landing_time": 288.0,
        "wait_time": 0,
        "Landing_success_rate": 1.0
    },
    {
        "model": 0,
        "sequence": 18,
        "status": 1,
        "fuel": 6006,
        "fault": 0.9342,
        "weapon": 1,
        "pilot_injury": 0.6954,
        "pilot_skill": 0.8128,
        "mission_priority": 0.3111,
        "estimated_landing_time": 1698.0,
        "wait_time": 0,
        "Landing_success_rate": 1.0
    },
    {
        "model": 1,
        "sequence": 1,
        "status": 1,
        "fuel": 5987,
        "fault": 0.3287,
        "weapon": 1,
        "pilot_injury": 0.3606,
        "pilot_skill": 0.2876,
        "mission_priority": 0.3368,
        "estimated_landing_time": 100.0,
        "wait_time": 0,
        "Landing_success_rate": 1.0
    },
    {
        "model": 2,
        "sequence": 17,
        "status": 1,
        "fuel": 6303,
        "fault": 0.9226,
        "weapon": 1,
        "pilot_injury": 0.7152,
        "pilot_skill": 0.5527,
        "mission_priority": 0.7161,
        "estimated_landing_time": 1604.0,
        "wait_time": 0,
        "Landing_success_rate": 1.0
    },
    {
        "model": 0,
        "sequence": 9,
        "status": 1,
        "fuel": 7473,
        "fault": 0.8824,
        "weapon": 1,
        "pilot_injury": 0.8623,
        "pilot_skill": 0.4225,
        "mission_priority": 0.1959,
        "estimated_landing_time": 852.0,
        "wait_time": 0,
        "Landing_success_rate": 1.0
    },
    {
        "model": 0,
        "sequence": 7,
        "status": 1,
        "fuel": 7420,
        "fault": 0.5257,
        "weapon": 0,
        "pilot_injury": 0.2119,
        "pilot_skill": 0.0272,
        "mission_priority": 0.9706,
        "estimated_landing_time": 664.0,
        "wait_time": 0,
        "Landing_success_rate": 1.0
    },
    {
        "model": 2,
        "sequence": 6,
        "status": 1,
        "fuel": 7283,
        "fault": 0.432,
        "weapon": 0,
        "pilot_injury": 0.7578,
        "pilot_skill": 0.8877,
        "mission_priority": 0.528,
        "estimated_landing_time": 570.0,
        "wait_time": 0,
        "Landing_success_rate": 1.0
    },
    {
        "model": 1,
        "sequence": 2,
        "status": 1,
        "fuel": 5704,
        "fault": 0.1254,
        "weapon": 1,
        "pilot_injury": 0.2431,
        "pilot_skill": 0.6364,
        "mission_priority": 0.5189,
        "estimated_landing_time": 194.0,
        "wait_time": 0,
        "Landing_success_rate": 1.0
    },
    {
        "model": 2,
        "sequence": 15,
        "status": 1,
        "fuel": 5974,
        "fault": 0.9317,
        "weapon": 1,
        "pilot_injury": 0.5844,
        "pilot_skill": 0.9065,
        "mission_priority": 0.5968,
        "estimated_landing_time": 1416.0,
        "wait_time": 0,
        "Landing_success_rate": 1.0
    },
    {
        "model": 0,
        "sequence": 16,
        "status": 1,
        "fuel": 7214,
        "fault": 0.8237,
        "weapon": 1,
        "pilot_injury": 0.1107,
        "pilot_skill": 0.6275,
        "mission_priority": 0.916,
        "estimated_landing_time": 1510.0,
        "wait_time": 0,
        "Landing_success_rate": 1.0
    },
    {
        "model": 2,
        "sequence": 22,
        "status": 1,
        "fuel": 7355,
        "fault": 0.4092,
        "weapon": 1,
        "pilot_injury": 0.6089,
        "pilot_skill": 0.4151,
        "mission_priority": 0.6149,
        "estimated_landing_time": 2074.0,
        "wait_time": 0,
        "Landing_success_rate": 1.0
    },
    {
        "model": 2,
        "sequence": 14,
        "status": 1,
        "fuel": 6413,
        "fault": 0.12,
        "weapon": 1,
        "pilot_injury": 0.4423,
        "pilot_skill": 0.864,
        "mission_priority": 0.3483,
        "estimated_landing_time": 1322.0,
        "wait_time": 0,
        "Landing_success_rate": 1.0
    }
]