[
    {
        "model": 1,
        "sequence": 19,
        "status": 1,
        "fuel": 7358,
        "fault": 0.5177,
        "weapon": 0,
        "pilot_injury": 0.9491,
        "pilot_skill": 0.6225,
        "mission_priority": 0.06,
        "estimated_landing_time": 1792.0,
        "wait_time": 0,
        "Landing_success_rate": 1.0
    },
    {
        "model": 0,
        "sequence": 24,
        "status": 1,
        "fuel": 5603,
        "fault": 0.7647,
        "weapon": 0,
        "pilot_injury": 0.5401,
        "pilot_skill": 0.0684,
        "mission_priority": 0.2243,
        "estimated_landing_time": 2262.0,
        "wait_time": 0,
        "Landing_success_rate": 1.0
    },
    {
        "model": 0,
        "sequence": 12,
        "status": 1,
        "fuel": 5942,
        "fault": 0.1968,
        "weapon": 1,
        "pilot_injury": 0.4403,
        "pilot_skill": 0.2502,
        "mission_priority": 0.1337,
        "estimated_landing_time": 1134.0,
        "wait_time": 0,
        "Landing_success_rate": 1.0
    },
    {
        "model": 2,
        "sequence": 16,
        "status": 1,
        "fuel": 7197,
        "fault": 0.8621,
        "weapon": 0,
        "pilot_injury": 0.0487,
        "pilot_skill": 0.991,
        "mission_priority": 0.2078,
        "estimated_landing_time": 1510.0,
        "wait_time": 0,
        "Landing_success_rate": 1.0
    },
    {
        "model": 2,
        "sequence": 17,
        "status": 1,
        "fuel": 6087,
        "fault": 0.3933,
        "weapon": 0,
        "pilot_injury": 0.5848,
        "pilot_skill": 0.4836,
        "mission_priority": 0.6667,
        "estimated_landing_time": 1604.0,
        "wait_time": 0,
        "Landing_success_rate": 1.0
    },
    {
        "model": 1,
        "sequence": 18,
        "status": 1,
        "fuel": 6568,
        "fault": 0.2804,
        "weapon": 1,
        "pilot_injury": 0.7378,
        "pilot_skill": 0.025,
        "mission_priority": 0.541,
        "estimated_landing_time": 1698.0,
        "wait_time": 0,
        "Landing_success_rate": 1.0
    },
    {
        "model": 2,
        "sequence": 8,
        "status": 1,
        "fuel": 6962,
        "fault": 0.3512,
        "weapon": 0,
        "pilot_injury": 0.7911,
        "pilot_skill": 0.1425,
        "mission_priority": 0.9358,
        "estimated_landing_time": 758.0,
        "wait_time": 0,
        "Landing_success_rate": 1.0
    },
    {
        "model": 1,
        "sequence": 2,
        "status": 1,
        "fuel": 6307,
        "fault": 0.1301,
        "weapon": 1,
        "pilot_injury": 0.006,
        "pilot_skill": 0.7897,
        "mission_priority": 0.8809,
        "estimated_landing_time": 194.0,
        "wait_time": 0,
        "Landing_success_rate": 1.0
    },
    {
        "model": 2,
        "sequence": 5,
        "status": 1,
        "fuel": 6200,
        "fault": 0.751,
        "weapon": 0,
        "pilot_injury": 0.9141,
        "pilot_skill": 0.4713,
        "mission_priority": 0.798,
        "estimated_landing_time": 476.0,
        "wait_time": 0,
        "Landing_success_rate": 1.0
    },
    {
        "model": 0,
        "sequence": 6,
        "status": 1,
        "fuel": 6601,
        "fault": 0.7219,
        "weapon": 1,
        "pilot_injury": 0.3198,
        "pilot_skill": 0.1595,
        "mission_priority": 0.7465,
        "estimated_landing_time": 570.0,
        "wait_time": 0,
        "Landing_success_rate": 1.0
    },
    {
        "model": 0,
        "sequence": 9,
        "status": 1,
        "fuel": 5514,
        "fault": 0.4268,
        "weapon": 0,
        "pilot_injury": 0.8647,
        "pilot_skill": 0.2213,
        "mission_priority": 0.3329,
        "estimated_landing_time": 852.0,
        "wait_time": 0,
        "Landing_success_rate": 1.0
    },
    {
        "model": 0,
        "sequence": 15,
        "status": 1,
        "fuel": 5777,
        "fault": 0.4036,
        "weapon": 0,
        "pilot_injury": 0.8475,
        "pilot_skill": 0.3666,
        "mission_priority": 0.5816,
        "estimated_landing_time": 1416.0,
        "wait_time": 0,
        "Landing_success_rate": 1.0
    },
    {
        "model": 0,
        "sequence": 1,
        "status": 1,
        "fuel": 6333,
        "fault": 0.6835,
        "weapon": 1,
        "pilot_injury": 0.1737,
        "pilot_skill": 0.0462,
        "mission_priority": 0.4686,
        "estimated_landing_time": 100.0,
        "wait_time": 0,
        "Landing_success_rate": 1.0
    },
    {
        "model": 1,
        "sequence": 7,
        "status": 1,
        "fuel": 7072,
        "fault": 0.7689,
        "weapon": 1,
        "pilot_injury": 0.0905,
        "pilot_skill": 0.4855,
        "mission_priority": 0.7992,
        "estimated_landing_time": 664.0,
        "wait_time": 0,
        "Landing_success_rate": 1.0
    },
    {
        "model": 0,
        "sequence": 20,
        "status": 1,
        "fuel": 6954,
        "fault": 0.1572,
        "weapon": 1,
        "pilot_injury": 0.8875,
        "pilot_skill": 0.9175,
        "mission_priority": 0.325,
        "estimated_landing_time": 1886.0,
        "wait_time": 0,
        "Landing_success_rate": 1.0
    },
    {
        "model": 0,
        "sequence": 14,
        "status": 1,
        "fuel": 7428,
        "fault": 0.4339,
        "weapon": 1,
        "pilot_injury": 0.942,
        "pilot_skill": 0.5087,
        "mission_priority": 0.96,
        "estimated_landing_time": 1322.0,
        "wait_time": 0,
        "Landing_success_rate": 1.0
    },
    {
        "model": 0,
        "sequence": 4,
        "status": 1,
        "fuel": 6780,
        "fault": 0.2259,
        "weapon": 0,
        "pilot_injury": 0.7813,
        "pilot_skill": 0.7836,
        "mission_priority": 0.7322,
        "estimated_landing_time": 382.0,
        "wait_time": 0,
        "Landing_success_rate": 1.0
    },
    {
        "model": 0,
        "sequence": 23,
        "status": 1,
        "fuel": 7337,
        "fault": 0.7501,
        "weapon": 1,
        "pilot_injury": 0.6361,
        "pilot_skill": 0.4589,
        "mission_priority": 0.4671,
        "estimated_landing_time": 2168.0,
        "wait_time": 0,
        "Landing_success_rate": 1.0
    },
    {
        "model": 2,
        "sequence": 22,
        "status": 1,
        "fuel": 6280,
        "fault": 0.819,
        "weapon": 0,
        "pilot_injury": 0.4067,
        "pilot_skill": 0.1475,
        "mission_priority": 0.1065,
        "estimated_landing_time": 2074.0,
        "wait_time": 0,
        "Landing_success_rate": 1.0
    },
    {
        "model": 1,
        "sequence": 21,
        "status": 1,
        "fuel": 7323,
        "fault": 0.3822,
        "weapon": 1,
        "pilot_injury": 0.1055,
        "pilot_skill": 0.4453,
        "mission_priority": 0.2629,
        "estimated_landing_time": 1980.0,
        "wait_time": 0,
        "Landing_success_rate": 1.0
    },
    {
        "model": 1,
        "sequence": 13,
        "status": 1,
        "fuel": 7201,
        "fault": 0.3233,
        "weapon": 1,
        "pilot_injury": 0.1309,
        "pilot_skill": 0.8007,
        "mission_priority": 0.7591,
        "estimated_landing_time": 1228.0,
        "wait_time": 0,
        "Landing_success_rate": 1.0
    },
    {
        "model": 2,
        "sequence": 3,
        "status": 1,
        "fuel": 5699,
        "fault": 0.775,
        "weapon": 1,
        "pilot_injury": 0.6093,
        "pilot_skill": 0.7134,
        "mission_priority": 0.4744,
        "estimated_landing_time": 288.0,
        "wait_time": 0,
        "Landing_success_rate": 1.0
    },
    {
        "model": 2,
        "sequence": 10,
        "status": 1,
        "fuel": 6356,
        "fault": 0.5815,
        "weapon": 1,
        "pilot_injury": 0.3714,
        "pilot_skill": 0.219,
        "mission_priority": 0.4086,
        "estimated_landing_time": 946.0,
        "wait_time": 0,
        "Landing_success_rate": 1.0
    },
    {
        "model": 1,
        "sequence": 11,
        "status": 1,
        "fuel": 7291,
        "fault": 0.1853,
        "weapon": 0,
        "pilot_injury": 0.2999,
        "pilot_skill": 0.8319,
        "mission_priority": 0.8816,
        "estimated_landing_time": 1040.0,
        "wait_time": 0,
        "Landing_success_rate": 1.0
    }
]