[
    {
        "model": 0,
        "sequence": 3,
        "status": 1,
        "fuel": 5615,
        "fault": 0.1035,
        "weapon": 0,
        "pilot_injury": 0.6833,
        "pilot_skill": 0.3391,
        "mission_priority": 0.8747,
        "estimated_landing_time": 288.0,
        "wait_time": 0,
        "Landing_success_rate": 1.0
    },
    {
        "model": 2,
        "sequence": 11,
        "status": 1,
        "fuel": 7277,
        "fault": 0.3521,
        "weapon": 0,
        "pilot_injury": 0.9324,
        "pilot_skill": 0.7477,
        "mission_priority": 0.4528,
        "estimated_landing_time": 1040.0,
        "wait_time": 0,
        "Landing_success_rate": 1.0
    },
    {
        "model": 0,
        "sequence": 1,
        "status": 1,
        "fuel": 7259,
        "fault": 0.8121,
        "weapon": 0,
        "pilot_injury": 0.3737,
        "pilot_skill": 0.0941,
        "mission_priority": 0.5386,
        "estimated_landing_time": 100.0,
        "wait_time": 0,
        "Landing_success_rate": 1.0
    },
    {
        "model": 1,
        "sequence": 16,
        "status": 1,
        "fuel": 6405,
        "fault": 0.2782,
        "weapon": 1,
        "pilot_injury": 0.7931,
        "pilot_skill": 0.0549,
        "mission_priority": 0.6734,
        "estimated_landing_time": 1510.0,
        "wait_time": 0,
        "Landing_success_rate": 1.0
    },
    {
        "model": 2,
        "sequence": 12,
        "status": 1,
        "fuel": 5693,
        "fault": 0.3969,
        "weapon": 1,
        "pilot_injury": 0.4978,
        "pilot_skill": 0.9456,
        "mission_priority": 0.1325,
        "estimated_landing_time": 1134.0,
        "wait_time": 0,
        "Landing_success_rate": 1.0
    },
    {
        "model": 1,
        "sequence": 14,
        "status": 1,
        "fuel": 7402,
        "fault": 0.2951,
        "weapon": 1,
        "pilot_injury": 0.1707,
        "pilot_skill": 0.2509,
        "mission_priority": 0.8151,
        "estimated_landing_time": 1322.0,
        "wait_time": 0,
        "Landing_success_rate": 1.0
    },
    {
        "model": 0,
        "sequence": 21,
        "status": 1,
        "fuel": 6304,
        "fault": 0.3387,
        "weapon": 0,
        "pilot_injury": 0.2719,
        "pilot_skill": 0.8605,
        "mission_priority": 0.0081,
        "estimated_landing_time": 1980.0,
        "wait_time": 0,
        "Landing_success_rate": 1.0
    },
    {
        "model": 2,
        "sequence": 9,
        "status": 1,
        "fuel": 7418,
        "fault": 0.5893,
        "weapon": 1,
        "pilot_injury": 0.4127,
        "pilot_skill": 0.5773,
        "mission_priority": 0.933,
        "estimated_landing_time": 852.0,
        "wait_time": 0,
        "Landing_success_rate": 1.0
    },
    {
        "model": 0,
        "sequence": 4,
        "status": 1,
        "fuel": 6614,
        "fault": 0.3929,
        "weapon": 1,
        "pilot_injury": 0.5729,
        "pilot_skill": 0.8714,
        "mission_priority": 0.9874,
        "estimated_landing_time": 382.0,
        "wait_time": 0,
        "Landing_success_rate": 1.0
    },
    {
        "model": 2,
        "sequence": 7,
        "status": 1,
        "fuel": 6327,
        "fault": 0.3165,
        "weapon": 0,
        "pilot_injury": 0.7718,
        "pilot_skill": 0.9969,
        "mission_priority": 0.4736,
        "estimated_landing_time": 664.0,
        "wait_time": 0,
        "Landing_success_rate": 1.0
    },
    {
        "model": 0,
        "sequence": 24,
        "status": 1,
        "fuel": 7447,
        "fault": 0.1499,
        "weapon": 0,
        "pilot_injury": 0.1648,
        "pilot_skill": 0.9713,
        "mission_priority": 0.8383,
        "estimated_landing_time": 2262.0,
        "wait_time": 0,
        "Landing_success_rate": 1.0
    },
    {
        "model": 0,
        "sequence": 17,
        "status": 1,
        "fuel": 6909,
        "fault": 0.4986,
        "weapon": 1,
        "pilot_injury": 0.9428,
        "pilot_skill": 0.3164,
        "mission_priority": 0.6191,
        "estimated_landing_time": 1604.0,
        "wait_time": 0,
        "Landing_success_rate": 1.0
    },
    {
        "model": 0,
        "sequence": 15,
        "status": 1,
        "fuel": 6656,
        "fault": 0.5468,
        "weapon": 1,
        "pilot_injury": 0.5018,
        "pilot_skill": 0.0497,
        "mission_priority": 0.8749,
        "estimated_landing_time": 1416.0,
        "wait_time": 0,
        "Landing_success_rate": 1.0
    },
    {
        "model": 1,
        "sequence": 20,
        "status": 1,
        "fuel": 5668,
        "fault": 0.3887,
        "weapon": 1,
        "pilot_injury": 0.0473,
        "pilot_skill": 0.2214,
        "mission_priority": 0.93,
        "estimated_landing_time": 1886.0,
        "wait_time": 0,
        "Landing_success_rate": 1.0
    },
    {
        "model": 2,
        "sequence": 22,
        "status": 1,
        "fuel": 6673,
        "fault": 0.0306,
        "weapon": 0,
        "pilot_injury": 0.7763,
        "pilot_skill": 0.1995,
        "mission_priority": 0.2566,
        "estimated_landing_time": 2074.0,
        "wait_time": 0,
        "Landing_success_rate": 1.0
    },
    {
        "model": 0,
        "sequence": 5,
        "status": 1,
        "fuel": 6579,
        "fault": 0.8562,
        "weapon": 0,
        "pilot_injury": 0.6082,
        "pilot_skill": 0.2086,
        "mission_priority": 0.4367,
        "estimated_landing_time": 476.0,
        "wait_time": 0,
        "Landing_success_rate": 1.0
    },
    {
        "model": 2,
        "sequence": 8,
        "status": 1,
        "fuel": 6692,
        "fault": 0.7581,
        "weapon": 1,
        "pilot_injury": 0.0755,
        "pilot_skill": 0.1974,
        "mission_priority": 0.1647,
        "estimated_landing_time": 758.0,
        "wait_time": 0,
        "Landing_success_rate": 1.0
    },
    {
        "model": 0,
        "sequence": 10,
        "status": 1,
        "fuel": 5687,
        "fault": 0.3825,
        "weapon": 0,
        "pilot_injury": 0.8847,
        "pilot_skill": 0.0844,
        "mission_priority": 0.5979,
        "estimated_landing_time": 946.0,
        "wait_time": 0,
        "Landing_success_rate": 1.0
    },
    {
        "model": 2,
        "sequence": 19,
        "status": 1,
        "fuel": 5956,
        "fault": 0.3942,
        "weapon": 0,
        "pilot_injury": 0.3831,
        "pilot_skill": 0.3279,
        "mission_priority": 0.3442,
        "estimated_landing_time": 1792.0,
        "wait_time": 0,
        "Landing_success_rate": 1.0
    },
    {
        "model": 0,
        "sequence": 6,
        "status": 1,
        "fuel": 6295,
        "fault": 0.9799,
        "weapon": 1,
        "pilot_injury": 0.0273,
        "pilot_skill": 0.9623,
        "mission_priority": 0.7488,
        "estimated_landing_time": 570.0,
        "wait_time": 0,
        "Landing_success_rate": 1.0
    },
    {
        "model": 0,
        "sequence": 18,
        "status": 1,
        "fuel": 5723,
        "fault": 0.42,
        "weapon": 1,
        "pilot_injury": 0.0627,
        "pilot_skill": 0.0279,
        "mission_priority": 0.0475,
        "estimated_landing_time": 1698.0,
        "wait_time": 0,
        "Landing_success_rate": 1.0
    },
    {
        "model": 1,
        "sequence": 23,
        "status": 1,
        "fuel": 7127,
        "fault": 0.1264,
        "weapon": 0,
        "pilot_injury": 0.8444,
        "pilot_skill": 0.3052,
        "mission_priority": 0.7753,
        "estimated_landing_time": 2168.0,
        "wait_time": 0,
        "Landing_success_rate": 1.0
    },
    {
        "model": 2,
        "sequence": 2,
        "status": 1,
        "fuel": 6779,
        "fault": 0.3007,
        "weapon": 1,
        "pilot_injury": 0.3606,
        "pilot_skill": 0.2767,
        "mission_priority": 0.8151,
        "estimated_landing_time": 194.0,
        "wait_time": 0,
        "Landing_success_rate": 1.0
    },
    {
        "model": 1,
        "sequence": 13,
        "status": 1,
        "fuel": 6653,
        "fault": 0.9264,
        "weapon": 0,
        "pilot_injury": 0.7855,
        "pilot_skill": 0.3556,
        "mission_priority": 0.9913,
        "estimated_landing_time": 1228.0,
        "wait_time": 0,
        "Landing_success_rate": 1.0
    }
]