[
    {
        "model": 2,
        "sequence": 23,
        "status": 1,
        "fuel": 7155,
        "fault": 0.2138,
        "weapon": 1,
        "pilot_injury": 0.9917,
        "pilot_skill": 0.9795,
        "mission_priority": 0.3345,
        "estimated_landing_time": 2168.0,
        "wait_time": 0,
        "Landing_success_rate": 1.0
    },
    {
        "model": 1,
        "sequence": 15,
        "status": 1,
        "fuel": 5711,
        "fault": 0.2685,
        "weapon": 0,
        "pilot_injury": 0.3291,
        "pilot_skill": 0.3701,
        "mission_priority": 0.7483,
        "estimated_landing_time": 1416.0,
        "wait_time": 0,
        "Landing_success_rate": 1.0
    },
    {
        "model": 2,
        "sequence": 14,
        "status": 1,
        "fuel": 6012,
        "fault": 0.4539,
        "weapon": 0,
        "pilot_injury": 0.6465,
        "pilot_skill": 0.7659,
        "mission_priority": 0.7385,
        "estimated_landing_time": 1322.0,
        "wait_time": 0,
        "Landing_success_rate": 1.0
    },
    {
        "model": 0,
        "sequence": 6,
        "status": 1,
        "fuel": 6354,
        "fault": 0.9892,
        "weapon": 1,
        "pilot_injury": 0.2828,
        "pilot_skill": 0.6794,
        "mission_priority": 0.9593,
        "estimated_landing_time": 570.0,
        "wait_time": 0,
        "Landing_success_rate": 1.0
    },
    {
        "model": 2,
        "sequence": 22,
        "status": 1,
        "fuel": 5633,
        "fault": 0.2192,
        "weapon": 0,
        "pilot_injury": 0.0142,
        "pilot_skill": 0.7945,
        "mission_priority": 0.8536,
        "estimated_landing_time": 2074.0,
        "wait_time": 0,
        "Landing_success_rate": 1.0
    },
    {
        "model": 1,
        "sequence": 8,
        "status": 1,
        "fuel": 5989,
        "fault": 0.9341,
        "weapon": 1,
        "pilot_injury": 0.6222,
        "pilot_skill": 0.5573,
        "mission_priority": 0.427,
        "estimated_landing_time": 758.0,
        "wait_time": 0,
        "Landing_success_rate": 1.0
    },
    {
        "model": 0,
        "sequence": 21,
        "status": 1,
        "fuel": 5543,
        "fault": 0.9065,
        "weapon": 0,
        "pilot_injury": 0.2593,
        "pilot_skill": 0.3737,
        "mission_priority": 0.1502,
        "estimated_landing_time": 1980.0,
        "wait_time": 0,
        "Landing_success_rate": 1.0
    },
    {
        "model": 1,
        "sequence": 16,
        "status": 1,
        "fuel": 6829,
        "fault": 0.1168,
        "weapon": 0,
        "pilot_injury": 0.8702,
        "pilot_skill": 0.8558,
        "mission_priority": 0.8369,
        "estimated_landing_time": 1510.0,
        "wait_time": 0,
        "Landing_success_rate": 1.0
    },
    {
        "model": 0,
        "sequence": 12,
        "status": 1,
        "fuel": 6453,
        "fault": 0.1307,
        "weapon": 1,
        "pilot_injury": 0.7755,
        "pilot_skill": 0.0917,
        "mission_priority": 0.3006,
        "estimated_landing_time": 1134.0,
        "wait_time": 0,
        "Landing_success_rate": 1.0
    },
    {
        "model": 2,
        "sequence": 4,
        "status": 1,
        "fuel": 6116,
        "fault": 0.9529,
        "weapon": 1,
        "pilot_injury": 0.8377,
        "pilot_skill": 0.2307,
        "mission_priority": 0.7309,
        "estimated_landing_time": 382.0,
        "wait_time": 0,
        "Landing_success_rate": 1.0
    },
    {
        "model": 0,
        "sequence": 24,
        "status": 1,
        "fuel": 6735,
        "fault": 0.7629,
        "weapon": 0,
        "pilot_injury": 0.6268,
        "pilot_skill": 0.9766,
        "mission_priority": 0.2457,
        "estimated_landing_time": 2262.0,
        "wait_time": 0,
        "Landing_success_rate": 1.0
    },
    {
        "model": 1,
        "sequence": 13,
        "status": 1,
        "fuel": 5849,
        "fault": 0.2938,
        "weapon": 0,
        "pilot_injury": 0.622,
        "pilot_skill": 0.1745,
        "mission_priority": 0.7598,
        "estimated_landing_time": 1228.0,
        "wait_time": 0,
        "Landing_success_rate": 1.0
    },
    {
        "model": 0,
        "sequence": 18,
        "status": 1,
        "fuel": 7245,
        "fault": 0.6714,
        "weapon": 1,
        "pilot_injury": 0.6158,
        "pilot_skill": 0.4482,
        "mission_priority": 0.3452,
        "estimated_landing_time": 1698.0,
        "wait_time": 0,
        "Landing_success_rate": 1.0
    },
    {
        "model": 2,
        "sequence": 1,
        "status": 1,
        "fuel": 5802,
        "fault": 0.3925,
        "weapon": 0,
        "pilot_injury": 0.8327,
        "pilot_skill": 0.8931,
        "mission_priority": 0.9497,
        "estimated_landing_time": 100.0,
        "wait_time": 0,
        "Landing_success_rate": 1.0
    },
    {
        "model": 0,
        "sequence": 19,
        "status": 1,
        "fuel": 6271,
        "fault": 0.3273,
        "weapon": 1,
        "pilot_injury": 0.5769,
        "pilot_skill": 0.6511,
        "mission_priority": 0.0025,
        "estimated_landing_time": 1792.0,
        "wait_time": 0,
        "Landing_success_rate": 1.0
    },
    {
        "model": 2,
        "sequence": 7,
        "status": 1,
        "fuel": 6192,
        "fault": 0.1089,
        "weapon": 0,
        "pilot_injury": 0.4722,
        "pilot_skill": 0.8416,
        "mission_priority": 0.9969,
        "estimated_landing_time": 664.0,
        "wait_time": 0,
        "Landing_success_rate": 1.0
    },
    {
        "model": 0,
        "sequence": 2,
        "status": 1,
        "fuel": 6604,
        "fault": 0.037,
        "weapon": 0,
        "pilot_injury": 0.3688,
        "pilot_skill": 0.2472,
        "mission_priority": 0.9641,
        "estimated_landing_time": 194.0,
        "wait_time": 0,
        "Landing_success_rate": 1.0
    },
    {
        "model": 2,
        "sequence": 9,
        "status": 1,
        "fuel": 5893,
        "fault": 0.8415,
        "weapon": 0,
        "pilot_injury": 0.9375,
        "pilot_skill": 0.8394,
        "mission_priority": 0.0981,
        "estimated_landing_time": 852.0,
        "wait_time": 0,
        "Landing_success_rate": 1.0
    },
    {
        "model": 2,
        "sequence": 3,
        "status": 1,
        "fuel": 6087,
        "fault": 0.9699,
        "weapon": 1,
        "pilot_injury": 0.8433,
        "pilot_skill": 0.9622,
        "mission_priority": 0.2184,
        "estimated_landing_time": 288.0,
        "wait_time": 0,
        "Landing_success_rate": 1.0
    },
    {
        "model": 2,
        "sequence": 5,
        "status": 1,
        "fuel": 6704,
        "fault": 0.216,
        "weapon": 1,
        "pilot_injury": 0.3285,
        "pilot_skill": 0.6063,
        "mission_priority": 0.5482,
        "estimated_landing_time": 476.0,
        "wait_time": 0,
        "Landing_success_rate": 1.0
    },
    {
        "model": 2,
        "sequence": 10,
        "status": 1,
        "fuel": 7114,
        "fault": 0.1782,
        "weapon": 0,
        "pilot_injury": 0.4866,
        "pilot_skill": 0.474,
        "mission_priority": 0.3021,
        "estimated_landing_time": 946.0,
        "wait_time": 0,
        "Landing_success_rate": 1.0
    },
    {
        "model": 1,
        "sequence": 17,
        "status": 1,
        "fuel": 6146,
        "fault": 0.835,
        "weapon": 0,
        "pilot_injury": 0.8624,
        "pilot_skill": 0.8168,
        "mission_priority": 0.2143,
        "estimated_landing_time": 1604.0,
        "wait_time": 0,
        "Landing_success_rate": 1.0
    },
    {
        "model": 2,
        "sequence": 20,
        "status": 1,
        "fuel": 5644,
        "fault": 0.6466,
        "weapon": 1,
        "pilot_injury": 0.1847,
        "pilot_skill": 0.5035,
        "mission_priority": 0.2214,
        "estimated_landing_time": 1886.0,
        "wait_time": 0,
        "Landing_success_rate": 1.0
    },
    {
        "model": 1,
        "sequence": 11,
        "status": 1,
        "fuel": 7161,
        "fault": 0.3897,
        "weapon": 0,
        "pilot_injury": 0.8914,
        "pilot_skill": 0.9967,
        "mission_priority": 0.9439,
        "estimated_landing_time": 1040.0,
        "wait_time": 0,
        "Landing_success_rate": 1.0
    }
]