[
    {
        "model": 1,
        "sequence": 19,
        "status": 1,
        "fuel": 6728,
        "fault": 0.2727,
        "weapon": 0,
        "pilot_injury": 0.9845,
        "pilot_skill": 0.3975,
        "mission_priority": 0.5511,
        "estimated_landing_time": 1792.0,
        "wait_time": 0,
        "Landing_success_rate": 1.0
    },
    {
        "model": 0,
        "sequence": 18,
        "status": 1,
        "fuel": 6171,
        "fault": 0.5359,
        "weapon": 0,
        "pilot_injury": 0.3516,
        "pilot_skill": 0.9863,
        "mission_priority": 0.3047,
        "estimated_landing_time": 1698.0,
        "wait_time": 0,
        "Landing_success_rate": 1.0
    },
    {
        "model": 2,
        "sequence": 6,
        "status": 1,
        "fuel": 6717,
        "fault": 0.8444,
        "weapon": 0,
        "pilot_injury": 0.4262,
        "pilot_skill": 0.6498,
        "mission_priority": 0.5168,
        "estimated_landing_time": 570.0,
        "wait_time": 0,
        "Landing_success_rate": 1.0
    },
    {
        "model": 1,
        "sequence": 13,
        "status": 1,
        "fuel": 6579,
        "fault": 0.9558,
        "weapon": 0,
        "pilot_injury": 0.8388,
        "pilot_skill": 0.8389,
        "mission_priority": 0.7262,
        "estimated_landing_time": 1228.0,
        "wait_time": 0,
        "Landing_success_rate": 1.0
    },
    {
        "model": 1,
        "sequence": 24,
        "status": 1,
        "fuel": 5905,
        "fault": 0.1025,
        "weapon": 0,
        "pilot_injury": 0.0077,
        "pilot_skill": 0.2909,
        "mission_priority": 0.3282,
        "estimated_landing_time": 2262.0,
        "wait_time": 0,
        "Landing_success_rate": 1.0
    },
    {
        "model": 1,
        "sequence": 23,
        "status": 1,
        "fuel": 5830,
        "fault": 0.9049,
        "weapon": 0,
        "pilot_injury": 0.2096,
        "pilot_skill": 0.5911,
        "mission_priority": 0.4138,
        "estimated_landing_time": 2168.0,
        "wait_time": 0,
        "Landing_success_rate": 1.0
    },
    {
        "model": 2,
        "sequence": 14,
        "status": 1,
        "fuel": 6906,
        "fault": 0.9875,
        "weapon": 0,
        "pilot_injury": 0.2945,
        "pilot_skill": 0.5276,
        "mission_priority": 0.5581,
        "estimated_landing_time": 1322.0,
        "wait_time": 0,
        "Landing_success_rate": 1.0
    },
    {
        "model": 0,
        "sequence": 5,
        "status": 1,
        "fuel": 5668,
        "fault": 0.3307,
        "weapon": 0,
        "pilot_injury": 0.3025,
        "pilot_skill": 0.9313,
        "mission_priority": 0.8684,
        "estimated_landing_time": 476.0,
        "wait_time": 0,
        "Landing_success_rate": 1.0
    },
    {
        "model": 2,
        "sequence": 22,
        "status": 1,
        "fuel": 7047,
        "fault": 0.9343,
        "weapon": 0,
        "pilot_injury": 0.2091,
        "pilot_skill": 0.7893,
        "mission_priority": 0.4538,
        "estimated_landing_time": 2074.0,
        "wait_time": 0,
        "Landing_success_rate": 1.0
    },
    {
        "model": 2,
        "sequence": 9,
        "status": 1,
        "fuel": 6270,
        "fault": 0.3522,
        "weapon": 0,
        "pilot_injury": 0.2119,
        "pilot_skill": 0.8926,
        "mission_priority": 0.8893,
        "estimated_landing_time": 852.0,
        "wait_time": 0,
        "Landing_success_rate": 1.0
    },
    {
        "model": 2,
        "sequence": 17,
        "status": 1,
        "fuel": 5948,
        "fault": 0.6773,
        "weapon": 0,
        "pilot_injury": 0.3588,
        "pilot_skill": 0.1287,
        "mission_priority": 0.304,
        "estimated_landing_time": 1604.0,
        "wait_time": 0,
        "Landing_success_rate": 1.0
    },
    {
        "model": 1,
        "sequence": 20,
        "status": 1,
        "fuel": 7351,
        "fault": 0.5998,
        "weapon": 0,
        "pilot_injury": 0.5442,
        "pilot_skill": 0.1189,
        "mission_priority": 0.3476,
        "estimated_landing_time": 1886.0,
        "wait_time": 0,
        "Landing_success_rate": 1.0
    },
    {
        "model": 2,
        "sequence": 11,
        "status": 1,
        "fuel": 5917,
        "fault": 0.6407,
        "weapon": 0,
        "pilot_injury": 0.3476,
        "pilot_skill": 0.872,
        "mission_priority": 0.3926,
        "estimated_landing_time": 1040.0,
        "wait_time": 0,
        "Landing_success_rate": 1.0
    },
    {
        "model": 1,
        "sequence": 3,
        "status": 1,
        "fuel": 5939,
        "fault": 0.2717,
        "weapon": 1,
        "pilot_injury": 0.6427,
        "pilot_skill": 0.5005,
        "mission_priority": 0.0981,
        "estimated_landing_time": 288.0,
        "wait_time": 0,
        "Landing_success_rate": 1.0
    },
    {
        "model": 1,
        "sequence": 7,
        "status": 1,
        "fuel": 7340,
        "fault": 0.8893,
        "weapon": 0,
        "pilot_injury": 0.1085,
        "pilot_skill": 0.2457,
        "mission_priority": 0.5376,
        "estimated_landing_time": 664.0,
        "wait_time": 0,
        "Landing_success_rate": 1.0
    },
    {
        "model": 0,
        "sequence": 4,
        "status": 1,
        "fuel": 7068,
        "fault": 0.4171,
        "weapon": 0,
        "pilot_injury": 0.2278,
        "pilot_skill": 0.4897,
        "mission_priority": 0.2416,
        "estimated_landing_time": 382.0,
        "wait_time": 0,
        "Landing_success_rate": 1.0
    },
    {
        "model": 0,
        "sequence": 12,
        "status": 1,
        "fuel": 6102,
        "fault": 0.6041,
        "weapon": 0,
        "pilot_injury": 0.5939,
        "pilot_skill": 0.9104,
        "mission_priority": 0.8073,
        "estimated_landing_time": 1134.0,
        "wait_time": 0,
        "Landing_success_rate": 1.0
    },
    {
        "model": 2,
        "sequence": 2,
        "status": 1,
        "fuel": 7055,
        "fault": 0.1979,
        "weapon": 0,
        "pilot_injury": 0.4231,
        "pilot_skill": 0.9655,
        "mission_priority": 0.7988,
        "estimated_landing_time": 194.0,
        "wait_time": 0,
        "Landing_success_rate": 1.0
    },
    {
        "model": 1,
        "sequence": 10,
        "status": 1,
        "fuel": 5981,
        "fault": 0.1615,
        "weapon": 0,
        "pilot_injury": 0.702,
        "pilot_skill": 0.1599,
        "mission_priority": 0.9505,
        "estimated_landing_time": 946.0,
        "wait_time": 0,
        "Landing_success_rate": 1.0
    },
    {
        "model": 1,
        "sequence": 21,
        "status": 1,
        "fuel": 6483,
        "fault": 0.1995,
        "weapon": 1,
        "pilot_injury": 0.0268,
        "pilot_skill": 0.4827,
        "mission_priority": 0.4061,
        "estimated_landing_time": 1980.0,
        "wait_time": 0,
        "Landing_success_rate": 1.0
    },
    {
        "model": 0,
        "sequence": 1,
        "status": 1,
        "fuel": 7082,
        "fault": 0.2778,
        "weapon": 0,
        "pilot_injury": 0.3861,
        "pilot_skill": 0.0935,
        "mission_priority": 0.3426,
        "estimated_landing_time": 100.0,
        "wait_time": 0,
        "Landing_success_rate": 1.0
    },
    {
        "model": 1,
        "sequence": 16,
        "status": 1,
        "fuel": 6600,
        "fault": 0.5,
        "weapon": 0,
        "pilot_injury": 0.7503,
        "pilot_skill": 0.9073,
        "mission_priority": 0.2112,
        "estimated_landing_time": 1510.0,
        "wait_time": 0,
        "Landing_success_rate": 1.0
    },
    {
        "model": 2,
        "sequence": 15,
        "status": 1,
        "fuel": 7438,
        "fault": 0.5925,
        "weapon": 1,
        "pilot_injury": 0.4227,
        "pilot_skill": 0.3248,
        "mission_priority": 0.8663,
        "estimated_landing_time": 1416.0,
        "wait_time": 0,
        "Landing_success_rate": 1.0
    },
    {
        "model": 1,
        "sequence": 8,
        "status": 1,
        "fuel": 5541,
        "fault": 0.6708,
        "weapon": 0,
        "pilot_injury": 0.706,
        "pilot_skill": 0.1361,
        "mission_priority": 0.0489,
        "estimated_landing_time": 758.0,
        "wait_time": 0,
        "Landing_success_rate": 1.0
    }
]