[
    {
        "model": 1,
        "sequence": 9,
        "status": 1,
        "fuel": 6899,
        "fault": 0.8606,
        "weapon": 1,
        "pilot_injury": 0.1789,
        "pilot_skill": 0.4271,
        "mission_priority": 0.1112,
        "estimated_landing_time": 852.0,
        "wait_time": 0,
        "Landing_success_rate": 1.0
    },
    {
        "model": 2,
        "sequence": 6,
        "status": 1,
        "fuel": 6678,
        "fault": 0.9466,
        "weapon": 0,
        "pilot_injury": 0.1818,
        "pilot_skill": 0.4036,
        "mission_priority": 0.954,
        "estimated_landing_time": 570.0,
        "wait_time": 0,
        "Landing_success_rate": 1.0
    },
    {
        "model": 0,
        "sequence": 23,
        "status": 1,
        "fuel": 7449,
        "fault": 0.0808,
        "weapon": 1,
        "pilot_injury": 0.4284,
        "pilot_skill": 0.9879,
        "mission_priority": 0.4532,
        "estimated_landing_time": 2168.0,
        "wait_time": 0,
        "Landing_success_rate": 1.0
    },
    {
        "model": 2,
        "sequence": 1,
        "status": 1,
        "fuel": 6391,
        "fault": 0.2417,
        "weapon": 1,
        "pilot_injury": 0.6639,
        "pilot_skill": 0.5187,
        "mission_priority": 0.1328,
        "estimated_landing_time": 100.0,
        "wait_time": 0,
        "Landing_success_rate": 1.0
    },
    {
        "model": 1,
        "sequence": 22,
        "status": 1,
        "fuel": 6832,
        "fault": 0.0014,
        "weapon": 1,
        "pilot_injury": 0.9417,
        "pilot_skill": 0.5934,
        "mission_priority": 0.4922,
        "estimated_landing_time": 2074.0,
        "wait_time": 0,
        "Landing_success_rate": 1.0
    },
    {
        "model": 2,
        "sequence": 15,
        "status": 1,
        "fuel": 5892,
        "fault": 0.126,
        "weapon": 0,
        "pilot_injury": 0.8831,
        "pilot_skill": 0.1371,
        "mission_priority": 0.2879,
        "estimated_landing_time": 1416.0,
        "wait_time": 0,
        "Landing_success_rate": 1.0
    },
    {
        "model": 2,
        "sequence": 20,
        "status": 1,
        "fuel": 5782,
        "fault": 0.5591,
        "weapon": 0,
        "pilot_injury": 0.681,
        "pilot_skill": 0.7417,
        "mission_priority": 0.542,
        "estimated_landing_time": 1886.0,
        "wait_time": 0,
        "Landing_success_rate": 1.0
    },
    {
        "model": 1,
        "sequence": 13,
        "status": 1,
        "fuel": 7028,
        "fault": 0.9698,
        "weapon": 0,
        "pilot_injury": 0.8921,
        "pilot_skill": 0.4312,
        "mission_priority": 0.5303,
        "estimated_landing_time": 1228.0,
        "wait_time": 0,
        "Landing_success_rate": 1.0
    },
    {
        "model": 0,
        "sequence": 7,
        "status": 1,
        "fuel": 5842,
        "fault": 0.3819,
        "weapon": 1,
        "pilot_injury": 0.7311,
        "pilot_skill": 0.2316,
        "mission_priority": 0.4328,
        "estimated_landing_time": 664.0,
        "wait_time": 0,
        "Landing_success_rate": 1.0
    },
    {
        "model": 0,
        "sequence": 14,
        "status": 1,
        "fuel": 6868,
        "fault": 0.4631,
        "weapon": 1,
        "pilot_injury": 0.3249,
        "pilot_skill": 0.745,
        "mission_priority": 0.3467,
        "estimated_landing_time": 1322.0,
        "wait_time": 0,
        "Landing_success_rate": 1.0
    },
    {
        "model": 1,
        "sequence": 17,
        "status": 1,
        "fuel": 6509,
        "fault": 0.8566,
        "weapon": 1,
        "pilot_injury": 0.6493,
        "pilot_skill": 0.5143,
        "mission_priority": 0.675,
        "estimated_landing_time": 1604.0,
        "wait_time": 0,
        "Landing_success_rate": 1.0
    },
    {
        "model": 0,
        "sequence": 4,
        "status": 1,
        "fuel": 7287,
        "fault": 0.4727,
        "weapon": 0,
        "pilot_injury": 0.8578,
        "pilot_skill": 0.29,
        "mission_priority": 0.8005,
        "estimated_landing_time": 382.0,
        "wait_time": 0,
        "Landing_success_rate": 1.0
    },
    {
        "model": 2,
        "sequence": 16,
        "status": 1,
        "fuel": 6156,
        "fault": 0.631,
        "weapon": 1,
        "pilot_injury": 0.0432,
        "pilot_skill": 0.7304,
        "mission_priority": 0.2719,
        "estimated_landing_time": 1510.0,
        "wait_time": 0,
        "Landing_success_rate": 1.0
    },
    {
        "model": 1,
        "sequence": 5,
        "status": 1,
        "fuel": 7406,
        "fault": 0.6801,
        "weapon": 1,
        "pilot_injury": 0.7415,
        "pilot_skill": 0.5589,
        "mission_priority": 0.7064,
        "estimated_landing_time": 476.0,
        "wait_time": 0,
        "Landing_success_rate": 1.0
    },
    {
        "model": 1,
        "sequence": 12,
        "status": 1,
        "fuel": 7214,
        "fault": 0.6445,
        "weapon": 0,
        "pilot_injury": 0.2408,
        "pilot_skill": 0.9068,
        "mission_priority": 0.2973,
        "estimated_landing_time": 1134.0,
        "wait_time": 0,
        "Landing_success_rate": 1.0
    },
    {
        "model": 0,
        "sequence": 24,
        "status": 1,
        "fuel": 6447,
        "fault": 0.8747,
        "weapon": 0,
        "pilot_injury": 0.7323,
        "pilot_skill": 0.711,
        "mission_priority": 0.0213,
        "estimated_landing_time": 2262.0,
        "wait_time": 0,
        "Landing_success_rate": 1.0
    },
    {
        "model": 0,
        "sequence": 19,
        "status": 1,
        "fuel": 5741,
        "fault": 0.4106,
        "weapon": 1,
        "pilot_injury": 0.1198,
        "pilot_skill": 0.5436,
        "mission_priority": 0.3146,
        "estimated_landing_time": 1792.0,
        "wait_time": 0,
        "Landing_success_rate": 1.0
    },
    {
        "model": 1,
        "sequence": 18,
        "status": 1,
        "fuel": 6172,
        "fault": 0.9702,
        "weapon": 1,
        "pilot_injury": 0.2235,
        "pilot_skill": 0.0339,
        "mission_priority": 0.2917,
        "estimated_landing_time": 1698.0,
        "wait_time": 0,
        "Landing_success_rate": 1.0
    },
    {
        "model": 1,
        "sequence": 2,
        "status": 1,
        "fuel": 6863,
        "fault": 0.1084,
        "weapon": 0,
        "pilot_injury": 0.6361,
        "pilot_skill": 0.7451,
        "mission_priority": 0.468,
        "estimated_landing_time": 194.0,
        "wait_time": 0,
        "Landing_success_rate": 1.0
    },
    {
        "model": 1,
        "sequence": 3,
        "status": 1,
        "fuel": 7377,
        "fault": 0.1505,
        "weapon": 0,
        "pilot_injury": 0.3168,
        "pilot_skill": 0.7129,
        "mission_priority": 0.3649,
        "estimated_landing_time": 288.0,
        "wait_time": 0,
        "Landing_success_rate": 1.0
    },
    {
        "model": 1,
        "sequence": 21,
        "status": 1,
        "fuel": 5800,
        "fault": 0.9309,
        "weapon": 1,
        "pilot_injury": 0.5948,
        "pilot_skill": 0.8095,
        "mission_priority": 0.4694,
        "estimated_landing_time": 1980.0,
        "wait_time": 0,
        "Landing_success_rate": 1.0
    },
    {
        "model": 2,
        "sequence": 8,
        "status": 1,
        "fuel": 6279,
        "fault": 0.4984,
        "weapon": 0,
        "pilot_injury": 0.0714,
        "pilot_skill": 0.4717,
        "mission_priority": 0.2611,
        "estimated_landing_time": 758.0,
        "wait_time": 0,
        "Landing_success_rate": 1.0
    },
    {
        "model": 2,
        "sequence": 11,
        "status": 1,
        "fuel": 6513,
        "fault": 0.6264,
        "weapon": 1,
        "pilot_injury": 0.5664,
        "pilot_skill": 0.6678,
        "mission_priority": 0.5327,
        "estimated_landing_time": 1040.0,
        "wait_time": 0,
        "Landing_success_rate": 1.0
    },
    {
        "model": 1,
        "sequence": 10,
        "status": 1,
        "fuel": 6750,
        "fault": 0.518,
        "weapon": 0,
        "pilot_injury": 0.4927,
        "pilot_skill": 0.6343,
        "mission_priority": 0.0452,
        "estimated_landing_time": 946.0,
        "wait_time": 0,
        "Landing_success_rate": 1.0
    }
]