[
    {
        "model": 2,
        "sequence": 1,
        "status": 1,
        "fuel": 6950,
        "fault": 0.2328,
        "weapon": 1,
        "pilot_injury": 0.8435,
        "pilot_skill": 0.9686,
        "mission_priority": 0.5084,
        "estimated_landing_time": 100.0,
        "wait_time": 0,
        "Landing_success_rate": 1.0
    },
    {
        "model": 2,
        "sequence": 19,
        "status": 1,
        "fuel": 6929,
        "fault": 0.4841,
        "weapon": 0,
        "pilot_injury": 0.5893,
        "pilot_skill": 0.4006,
        "mission_priority": 0.8456,
        "estimated_landing_time": 1792.0,
        "wait_time": 0,
        "Landing_success_rate": 1.0
    },
    {
        "model": 2,
        "sequence": 15,
        "status": 1,
        "fuel": 6149,
        "fault": 0.7199,
        "weapon": 1,
        "pilot_injury": 0.2035,
        "pilot_skill": 0.0907,
        "mission_priority": 0.0404,
        "estimated_landing_time": 1416.0,
        "wait_time": 0,
        "Landing_success_rate": 1.0
    },
    {
        "model": 1,
        "sequence": 10,
        "status": 1,
        "fuel": 6851,
        "fault": 0.2521,
        "weapon": 1,
        "pilot_injury": 0.9935,
        "pilot_skill": 0.7984,
        "mission_priority": 0.6934,
        "estimated_landing_time": 946.0,
        "wait_time": 0,
        "Landing_success_rate": 1.0
    },
    {
        "model": 2,
        "sequence": 5,
        "status": 1,
        "fuel": 7404,
        "fault": 0.5519,
        "weapon": 1,
        "pilot_injury": 0.8793,
        "pilot_skill": 0.9956,
        "mission_priority": 0.2899,
        "estimated_landing_time": 476.0,
        "wait_time": 0,
        "Landing_success_rate": 1.0
    },
    {
        "model": 0,
        "sequence": 16,
        "status": 1,
        "fuel": 7461,
        "fault": 0.6787,
        "weapon": 0,
        "pilot_injury": 0.0117,
        "pilot_skill": 0.3672,
        "mission_priority": 0.9975,
        "estimated_landing_time": 1510.0,
        "wait_time": 0,
        "Landing_success_rate": 1.0
    },
    {
        "model": 1,
        "sequence": 7,
        "status": 1,
        "fuel": 6995,
        "fault": 0.3472,
        "weapon": 0,
        "pilot_injury": 0.2383,
        "pilot_skill": 0.1459,
        "mission_priority": 0.8855,
        "estimated_landing_time": 664.0,
        "wait_time": 0,
        "Landing_success_rate": 1.0
    },
    {
        "model": 2,
        "sequence": 3,
        "status": 1,
        "fuel": 6099,
        "fault": 0.4848,
        "weapon": 1,
        "pilot_injury": 0.2942,
        "pilot_skill": 0.1957,
        "mission_priority": 0.6038,
        "estimated_landing_time": 288.0,
        "wait_time": 0,
        "Landing_success_rate": 1.0
    },
    {
        "model": 1,
        "sequence": 11,
        "status": 1,
        "fuel": 5946,
        "fault": 0.9585,
        "weapon": 0,
        "pilot_injury": 0.1859,
        "pilot_skill": 0.058,
        "mission_priority": 0.3135,
        "estimated_landing_time": 1040.0,
        "wait_time": 0,
        "Landing_success_rate": 1.0
    },
    {
        "model": 1,
        "sequence": 23,
        "status": 1,
        "fuel": 6884,
        "fault": 0.9022,
        "weapon": 1,
        "pilot_injury": 0.2523,
        "pilot_skill": 0.0207,
        "mission_priority": 0.4961,
        "estimated_landing_time": 2168.0,
        "wait_time": 0,
        "Landing_success_rate": 1.0
    },
    {
        "model": 0,
        "sequence": 14,
        "status": 1,
        "fuel": 5611,
        "fault": 0.4451,
        "weapon": 0,
        "pilot_injury": 0.5372,
        "pilot_skill": 0.4207,
        "mission_priority": 0.7039,
        "estimated_landing_time": 1322.0,
        "wait_time": 0,
        "Landing_success_rate": 1.0
    },
    {
        "model": 0,
        "sequence": 8,
        "status": 1,
        "fuel": 6077,
        "fault": 0.7475,
        "weapon": 0,
        "pilot_injury": 0.9048,
        "pilot_skill": 0.707,
        "mission_priority": 0.0372,
        "estimated_landing_time": 758.0,
        "wait_time": 0,
        "Landing_success_rate": 1.0
    },
    {
        "model": 0,
        "sequence": 13,
        "status": 1,
        "fuel": 6787,
        "fault": 0.0063,
        "weapon": 1,
        "pilot_injury": 0.9455,
        "pilot_skill": 0.3236,
        "mission_priority": 0.5912,
        "estimated_landing_time": 1228.0,
        "wait_time": 0,
        "Landing_success_rate": 1.0
    },
    {
        "model": 2,
        "sequence": 6,
        "status": 1,
        "fuel": 7312,
        "fault": 0.3357,
        "weapon": 1,
        "pilot_injury": 0.472,
        "pilot_skill": 0.7525,
        "mission_priority": 0.6911,
        "estimated_landing_time": 570.0,
        "wait_time": 0,
        "Landing_success_rate": 1.0
    },
    {
        "model": 2,
        "sequence": 2,
        "status": 1,
        "fuel": 5955,
        "fault": 0.9076,
        "weapon": 0,
        "pilot_injury": 0.3189,
        "pilot_skill": 0.5351,
        "mission_priority": 0.35,
        "estimated_landing_time": 194.0,
        "wait_time": 0,
        "Landing_success_rate": 1.0
    },
    {
        "model": 0,
        "sequence": 18,
        "status": 1,
        "fuel": 6836,
        "fault": 0.8178,
        "weapon": 0,
        "pilot_injury": 0.0484,
        "pilot_skill": 0.0366,
        "mission_priority": 0.0646,
        "estimated_landing_time": 1698.0,
        "wait_time": 0,
        "Landing_success_rate": 1.0
    },
    {
        "model": 0,
        "sequence": 17,
        "status": 1,
        "fuel": 7266,
        "fault": 0.4465,
        "weapon": 0,
        "pilot_injury": 0.4941,
        "pilot_skill": 0.3434,
        "mission_priority": 0.2536,
        "estimated_landing_time": 1604.0,
        "wait_time": 0,
        "Landing_success_rate": 1.0
    },
    {
        "model": 2,
        "sequence": 21,
        "status": 1,
        "fuel": 6284,
        "fault": 0.829,
        "weapon": 0,
        "pilot_injury": 0.6788,
        "pilot_skill": 0.1017,
        "mission_priority": 0.5169,
        "estimated_landing_time": 1980.0,
        "wait_time": 0,
        "Landing_success_rate": 1.0
    },
    {
        "model": 0,
        "sequence": 12,
        "status": 1,
        "fuel": 6898,
        "fault": 0.7966,
        "weapon": 0,
        "pilot_injury": 0.1023,
        "pilot_skill": 0.7034,
        "mission_priority": 0.5695,
        "estimated_landing_time": 1134.0,
        "wait_time": 0,
        "Landing_success_rate": 1.0
    },
    {
        "model": 1,
        "sequence": 22,
        "status": 1,
        "fuel": 7440,
        "fault": 0.7266,
        "weapon": 0,
        "pilot_injury": 0.7916,
        "pilot_skill": 0.2919,
        "mission_priority": 0.1126,
        "estimated_landing_time": 2074.0,
        "wait_time": 0,
        "Landing_success_rate": 1.0
    },
    {
        "model": 1,
        "sequence": 4,
        "status": 1,
        "fuel": 7453,
        "fault": 0.7279,
        "weapon": 0,
        "pilot_injury": 0.6824,
        "pilot_skill": 0.244,
        "mission_priority": 0.6039,
        "estimated_landing_time": 382.0,
        "wait_time": 0,
        "Landing_success_rate": 1.0
    },
    {
        "model": 1,
        "sequence": 9,
        "status": 1,
        "fuel": 6015,
        "fault": 0.6748,
        "weapon": 1,
        "pilot_injury": 0.8897,
        "pilot_skill": 0.5004,
        "mission_priority": 0.6003,
        "estimated_landing_time": 852.0,
        "wait_time": 0,
        "Landing_success_rate": 1.0
    },
    {
        "model": 2,
        "sequence": 20,
        "status": 1,
        "fuel": 6106,
        "fault": 0.0065,
        "weapon": 0,
        "pilot_injury": 0.4132,
        "pilot_skill": 0.8554,
        "mission_priority": 0.2409,
        "estimated_landing_time": 1886.0,
        "wait_time": 0,
        "Landing_success_rate": 1.0
    },
    {
        "model": 0,
        "sequence": 24,
        "status": 1,
        "fuel": 6669,
        "fault": 0.8508,
        "weapon": 1,
        "pilot_injury": 0.9344,
        "pilot_skill": 0.9938,
        "mission_priority": 0.763,
        "estimated_landing_time": 2262.0,
        "wait_time": 0,
        "Landing_success_rate": 1.0
    }
]