[
    {
        "model": 0,
        "sequence": 5,
        "status": 1,
        "fuel": 7267,
        "fault": 0.1009,
        "weapon": 0,
        "pilot_injury": 0.0412,
        "pilot_skill": 0.1687,
        "mission_priority": 0.1791,
        "estimated_landing_time": 476.0,
        "wait_time": 0,
        "Landing_success_rate": 1.0
    },
    {
        "model": 0,
        "sequence": 15,
        "status": 1,
        "fuel": 6361,
        "fault": 0.3291,
        "weapon": 0,
        "pilot_injury": 0.4775,
        "pilot_skill": 0.9289,
        "mission_priority": 0.0116,
        "estimated_landing_time": 1416.0,
        "wait_time": 0,
        "Landing_success_rate": 1.0
    },
    {
        "model": 0,
        "sequence": 3,
        "status": 1,
        "fuel": 6044,
        "fault": 0.6125,
        "weapon": 1,
        "pilot_injury": 0.1545,
        "pilot_skill": 0.0776,
        "mission_priority": 0.6308,
        "estimated_landing_time": 288.0,
        "wait_time": 0,
        "Landing_success_rate": 1.0
    },
    {
        "model": 2,
        "sequence": 10,
        "status": 1,
        "fuel": 6661,
        "fault": 0.4042,
        "weapon": 1,
        "pilot_injury": 0.0669,
        "pilot_skill": 0.5244,
        "mission_priority": 0.7401,
        "estimated_landing_time": 946.0,
        "wait_time": 0,
        "Landing_success_rate": 1.0
    },
    {
        "model": 2,
        "sequence": 19,
        "status": 1,
        "fuel": 7227,
        "fault": 0.0606,
        "weapon": 0,
        "pilot_injury": 0.1756,
        "pilot_skill": 0.8547,
        "mission_priority": 0.7058,
        "estimated_landing_time": 1792.0,
        "wait_time": 0,
        "Landing_success_rate": 1.0
    },
    {
        "model": 0,
        "sequence": 22,
        "status": 1,
        "fuel": 6997,
        "fault": 0.0869,
        "weapon": 0,
        "pilot_injury": 0.7086,
        "pilot_skill": 0.9977,
        "mission_priority": 0.3916,
        "estimated_landing_time": 2074.0,
        "wait_time": 0,
        "Landing_success_rate": 1.0
    },
    {
        "model": 1,
        "sequence": 11,
        "status": 1,
        "fuel": 5986,
        "fault": 0.0367,
        "weapon": 0,
        "pilot_injury": 0.8978,
        "pilot_skill": 0.0916,
        "mission_priority": 0.1753,
        "estimated_landing_time": 1040.0,
        "wait_time": 0,
        "Landing_success_rate": 1.0
    },
    {
        "model": 2,
        "sequence": 6,
        "status": 1,
        "fuel": 6494,
        "fault": 0.5145,
        "weapon": 1,
        "pilot_injury": 0.3054,
        "pilot_skill": 0.5968,
        "mission_priority": 0.3827,
        "estimated_landing_time": 570.0,
        "wait_time": 0,
        "Landing_success_rate": 1.0
    },
    {
        "model": 0,
        "sequence": 14,
        "status": 1,
        "fuel": 5617,
        "fault": 0.1825,
        "weapon": 1,
        "pilot_injury": 0.0543,
        "pilot_skill": 0.5941,
        "mission_priority": 0.2792,
        "estimated_landing_time": 1322.0,
        "wait_time": 0,
        "Landing_success_rate": 1.0
    },
    {
        "model": 2,
        "sequence": 4,
        "status": 1,
        "fuel": 6441,
        "fault": 0.5493,
        "weapon": 0,
        "pilot_injury": 0.1213,
        "pilot_skill": 0.674,
        "mission_priority": 0.8942,
        "estimated_landing_time": 382.0,
        "wait_time": 0,
        "Landing_success_rate": 1.0
    },
    {
        "model": 1,
        "sequence": 2,
        "status": 1,
        "fuel": 6962,
        "fault": 0.7157,
        "weapon": 1,
        "pilot_injury": 0.5738,
        "pilot_skill": 0.5084,
        "mission_priority": 0.521,
        "estimated_landing_time": 194.0,
        "wait_time": 0,
        "Landing_success_rate": 1.0
    },
    {
        "model": 0,
        "sequence": 9,
        "status": 1,
        "fuel": 6070,
        "fault": 0.5505,
        "weapon": 0,
        "pilot_injury": 0.0538,
        "pilot_skill": 0.7604,
        "mission_priority": 0.2325,
        "estimated_landing_time": 852.0,
        "wait_time": 0,
        "Landing_success_rate": 1.0
    },
    {
        "model": 2,
        "sequence": 21,
        "status": 1,
        "fuel": 7261,
        "fault": 0.8949,
        "weapon": 0,
        "pilot_injury": 0.4456,
        "pilot_skill": 0.8042,
        "mission_priority": 0.0987,
        "estimated_landing_time": 1980.0,
        "wait_time": 0,
        "Landing_success_rate": 1.0
    },
    {
        "model": 1,
        "sequence": 20,
        "status": 1,
        "fuel": 6796,
        "fault": 0.7818,
        "weapon": 0,
        "pilot_injury": 0.1039,
        "pilot_skill": 0.7623,
        "mission_priority": 0.7869,
        "estimated_landing_time": 1886.0,
        "wait_time": 0,
        "Landing_success_rate": 1.0
    },
    {
        "model": 2,
        "sequence": 1,
        "status": 1,
        "fuel": 7273,
        "fault": 0.4486,
        "weapon": 0,
        "pilot_injury": 0.5072,
        "pilot_skill": 0.2626,
        "mission_priority": 0.6552,
        "estimated_landing_time": 100.0,
        "wait_time": 0,
        "Landing_success_rate": 1.0
    },
    {
        "model": 2,
        "sequence": 12,
        "status": 1,
        "fuel": 5915,
        "fault": 0.9964,
        "weapon": 0,
        "pilot_injury": 0.9682,
        "pilot_skill": 0.9052,
        "mission_priority": 0.3601,
        "estimated_landing_time": 1134.0,
        "wait_time": 0,
        "Landing_success_rate": 1.0
    },
    {
        "model": 0,
        "sequence": 16,
        "status": 1,
        "fuel": 5844,
        "fault": 0.9242,
        "weapon": 0,
        "pilot_injury": 0.7291,
        "pilot_skill": 0.7044,
        "mission_priority": 0.2796,
        "estimated_landing_time": 1510.0,
        "wait_time": 0,
        "Landing_success_rate": 1.0
    },
    {
        "model": 0,
        "sequence": 17,
        "status": 1,
        "fuel": 6951,
        "fault": 0.2748,
        "weapon": 0,
        "pilot_injury": 0.4469,
        "pilot_skill": 0.8654,
        "mission_priority": 0.3942,
        "estimated_landing_time": 1604.0,
        "wait_time": 0,
        "Landing_success_rate": 1.0
    },
    {
        "model": 2,
        "sequence": 18,
        "status": 1,
        "fuel": 7176,
        "fault": 0.7494,
        "weapon": 0,
        "pilot_injury": 0.5927,
        "pilot_skill": 0.0405,
        "mission_priority": 0.4611,
        "estimated_landing_time": 1698.0,
        "wait_time": 0,
        "Landing_success_rate": 1.0
    },
    {
        "model": 1,
        "sequence": 8,
        "status": 1,
        "fuel": 7238,
        "fault": 0.944,
        "weapon": 1,
        "pilot_injury": 0.8474,
        "pilot_skill": 0.3111,
        "mission_priority": 0.8841,
        "estimated_landing_time": 758.0,
        "wait_time": 0,
        "Landing_success_rate": 1.0
    },
    {
        "model": 0,
        "sequence": 23,
        "status": 1,
        "fuel": 5654,
        "fault": 0.9353,
        "weapon": 1,
        "pilot_injury": 0.0867,
        "pilot_skill": 0.2002,
        "mission_priority": 0.7612,
        "estimated_landing_time": 2168.0,
        "wait_time": 0,
        "Landing_success_rate": 1.0
    },
    {
        "model": 2,
        "sequence": 24,
        "status": 1,
        "fuel": 5764,
        "fault": 0.1622,
        "weapon": 1,
        "pilot_injury": 0.1906,
        "pilot_skill": 0.9013,
        "mission_priority": 0.5159,
        "estimated_landing_time": 2262.0,
        "wait_time": 0,
        "Landing_success_rate": 1.0
    },
    {
        "model": 2,
        "sequence": 7,
        "status": 1,
        "fuel": 6250,
        "fault": 0.0297,
        "weapon": 1,
        "pilot_injury": 0.3652,
        "pilot_skill": 0.1562,
        "mission_priority": 0.5259,
        "estimated_landing_time": 664.0,
        "wait_time": 0,
        "Landing_success_rate": 1.0
    },
    {
        "model": 0,
        "sequence": 13,
        "status": 1,
        "fuel": 5538,
        "fault": 0.3287,
        "weapon": 0,
        "pilot_injury": 0.8783,
        "pilot_skill": 0.4682,
        "mission_priority": 0.2334,
        "estimated_landing_time": 1228.0,
        "wait_time": 0,
        "Landing_success_rate": 1.0
    }
]