[
    {
        "model": 1,
        "sequence": 23,
        "status": 1,
        "fuel": 6595,
        "fault": 0.5152,
        "weapon": 0,
        "pilot_injury": 0.7226,
        "pilot_skill": 0.1771,
        "mission_priority": 0.6682,
        "estimated_landing_time": 2168.0,
        "wait_time": 0,
        "Landing_success_rate": 1.0
    },
    {
        "model": 2,
        "sequence": 3,
        "status": 1,
        "fuel": 6513,
        "fault": 0.2985,
        "weapon": 1,
        "pilot_injury": 0.3245,
        "pilot_skill": 0.5204,
        "mission_priority": 0.8045,
        "estimated_landing_time": 288.0,
        "wait_time": 0,
        "Landing_success_rate": 1.0
    },
    {
        "model": 0,
        "sequence": 6,
        "status": 1,
        "fuel": 7013,
        "fault": 0.3258,
        "weapon": 1,
        "pilot_injury": 0.884,
        "pilot_skill": 0.0551,
        "mission_priority": 0.7971,
        "estimated_landing_time": 570.0,
        "wait_time": 0,
        "Landing_success_rate": 1.0
    },
    {
        "model": 2,
        "sequence": 10,
        "status": 1,
        "fuel": 7093,
        "fault": 0.4329,
        "weapon": 0,
        "pilot_injury": 0.1983,
        "pilot_skill": 0.8747,
        "mission_priority": 0.5589,
        "estimated_landing_time": 946.0,
        "wait_time": 0,
        "Landing_success_rate": 1.0
    },
    {
        "model": 0,
        "sequence": 7,
        "status": 1,
        "fuel": 7140,
        "fault": 0.8835,
        "weapon": 0,
        "pilot_injury": 0.349,
        "pilot_skill": 0.3422,
        "mission_priority": 0.6433,
        "estimated_landing_time": 664.0,
        "wait_time": 0,
        "Landing_success_rate": 1.0
    },
    {
        "model": 2,
        "sequence": 15,
        "status": 1,
        "fuel": 6682,
        "fault": 0.244,
        "weapon": 1,
        "pilot_injury": 0.1433,
        "pilot_skill": 0.5523,
        "mission_priority": 0.6252,
        "estimated_landing_time": 1416.0,
        "wait_time": 0,
        "Landing_success_rate": 1.0
    },
    {
        "model": 2,
        "sequence": 18,
        "status": 1,
        "fuel": 5616,
        "fault": 0.413,
        "weapon": 1,
        "pilot_injury": 0.6457,
        "pilot_skill": 0.0544,
        "mission_priority": 0.8945,
        "estimated_landing_time": 1698.0,
        "wait_time": 0,
        "Landing_success_rate": 1.0
    },
    {
        "model": 1,
        "sequence": 24,
        "status": 1,
        "fuel": 6133,
        "fault": 0.0143,
        "weapon": 0,
        "pilot_injury": 0.9161,
        "pilot_skill": 0.8105,
        "mission_priority": 0.6377,
        "estimated_landing_time": 2262.0,
        "wait_time": 0,
        "Landing_success_rate": 1.0
    },
    {
        "model": 1,
        "sequence": 13,
        "status": 1,
        "fuel": 6676,
        "fault": 0.0866,
        "weapon": 0,
        "pilot_injury": 0.8121,
        "pilot_skill": 0.6099,
        "mission_priority": 0.6587,
        "estimated_landing_time": 1228.0,
        "wait_time": 0,
        "Landing_success_rate": 1.0
    },
    {
        "model": 0,
        "sequence": 16,
        "status": 1,
        "fuel": 6071,
        "fault": 0.2976,
        "weapon": 1,
        "pilot_injury": 0.301,
        "pilot_skill": 0.432,
        "mission_priority": 0.6622,
        "estimated_landing_time": 1510.0,
        "wait_time": 0,
        "Landing_success_rate": 1.0
    },
    {
        "model": 0,
        "sequence": 11,
        "status": 1,
        "fuel": 6540,
        "fault": 0.9119,
        "weapon": 1,
        "pilot_injury": 0.3969,
        "pilot_skill": 0.3222,
        "mission_priority": 0.4204,
        "estimated_landing_time": 1040.0,
        "wait_time": 0,
        "Landing_success_rate": 1.0
    },
    {
        "model": 0,
        "sequence": 17,
        "status": 1,
        "fuel": 7191,
        "fault": 0.198,
        "weapon": 1,
        "pilot_injury": 0.3275,
        "pilot_skill": 0.1793,
        "mission_priority": 0.6185,
        "estimated_landing_time": 1604.0,
        "wait_time": 0,
        "Landing_success_rate": 1.0
    },
    {
        "model": 1,
        "sequence": 1,
        "status": 1,
        "fuel": 6233,
        "fault": 0.4644,
        "weapon": 0,
        "pilot_injury": 0.2128,
        "pilot_skill": 0.0286,
        "mission_priority": 0.2657,
        "estimated_landing_time": 100.0,
        "wait_time": 0,
        "Landing_success_rate": 1.0
    },
    {
        "model": 2,
        "sequence": 20,
        "status": 1,
        "fuel": 5547,
        "fault": 0.7234,
        "weapon": 0,
        "pilot_injury": 0.8538,
        "pilot_skill": 0.4129,
        "mission_priority": 0.7961,
        "estimated_landing_time": 1886.0,
        "wait_time": 0,
        "Landing_success_rate": 1.0
    },
    {
        "model": 0,
        "sequence": 8,
        "status": 1,
        "fuel": 7277,
        "fault": 0.0794,
        "weapon": 0,
        "pilot_injury": 0.7286,
        "pilot_skill": 0.9095,
        "mission_priority": 0.3381,
        "estimated_landing_time": 758.0,
        "wait_time": 0,
        "Landing_success_rate": 1.0
    },
    {
        "model": 2,
        "sequence": 4,
        "status": 1,
        "fuel": 6332,
        "fault": 0.3975,
        "weapon": 1,
        "pilot_injury": 0.4905,
        "pilot_skill": 0.7857,
        "mission_priority": 0.8125,
        "estimated_landing_time": 382.0,
        "wait_time": 0,
        "Landing_success_rate": 1.0
    },
    {
        "model": 2,
        "sequence": 22,
        "status": 1,
        "fuel": 7325,
        "fault": 0.2398,
        "weapon": 0,
        "pilot_injury": 0.5399,
        "pilot_skill": 0.2202,
        "mission_priority": 0.1176,
        "estimated_landing_time": 2074.0,
        "wait_time": 0,
        "Landing_success_rate": 1.0
    },
    {
        "model": 1,
        "sequence": 19,
        "status": 1,
        "fuel": 7018,
        "fault": 0.7731,
        "weapon": 0,
        "pilot_injury": 0.3461,
        "pilot_skill": 0.1861,
        "mission_priority": 0.7069,
        "estimated_landing_time": 1792.0,
        "wait_time": 0,
        "Landing_success_rate": 1.0
    },
    {
        "model": 1,
        "sequence": 5,
        "status": 1,
        "fuel": 5732,
        "fault": 0.1127,
        "weapon": 0,
        "pilot_injury": 0.4102,
        "pilot_skill": 0.9966,
        "mission_priority": 0.0212,
        "estimated_landing_time": 476.0,
        "wait_time": 0,
        "Landing_success_rate": 1.0
    },
    {
        "model": 2,
        "sequence": 2,
        "status": 1,
        "fuel": 6529,
        "fault": 0.8589,
        "weapon": 0,
        "pilot_injury": 0.3562,
        "pilot_skill": 0.2306,
        "mission_priority": 0.2643,
        "estimated_landing_time": 194.0,
        "wait_time": 0,
        "Landing_success_rate": 1.0
    },
    {
        "model": 0,
        "sequence": 14,
        "status": 1,
        "fuel": 5634,
        "fault": 0.2507,
        "weapon": 0,
        "pilot_injury": 0.3911,
        "pilot_skill": 0.6393,
        "mission_priority": 0.5144,
        "estimated_landing_time": 1322.0,
        "wait_time": 0,
        "Landing_success_rate": 1.0
    },
    {
        "model": 1,
        "sequence": 21,
        "status": 1,
        "fuel": 6538,
        "fault": 0.2906,
        "weapon": 1,
        "pilot_injury": 0.4722,
        "pilot_skill": 0.1532,
        "mission_priority": 0.1669,
        "estimated_landing_time": 1980.0,
        "wait_time": 0,
        "Landing_success_rate": 1.0
    },
    {
        "model": 2,
        "sequence": 12,
        "status": 1,
        "fuel": 7342,
        "fault": 0.3423,
        "weapon": 0,
        "pilot_injury": 0.5065,
        "pilot_skill": 0.3061,
        "mission_priority": 0.4605,
        "estimated_landing_time": 1134.0,
        "wait_time": 0,
        "Landing_success_rate": 1.0
    },
    {
        "model": 1,
        "sequence": 9,
        "status": 1,
        "fuel": 6980,
        "fault": 0.2641,
        "weapon": 1,
        "pilot_injury": 0.5559,
        "pilot_skill": 0.2767,
        "mission_priority": 0.0427,
        "estimated_landing_time": 852.0,
        "wait_time": 0,
        "Landing_success_rate": 1.0
    }
]