[
    {
        "model": 1,
        "sequence": 9,
        "status": 1,
        "fuel": 6005,
        "fault": 0.9932,
        "weapon": 1,
        "pilot_injury": 0.9329,
        "pilot_skill": 0.5263,
        "mission_priority": 0.5048,
        "estimated_landing_time": 852.0,
        "wait_time": 0,
        "Landing_success_rate": 1.0
    },
    {
        "model": 1,
        "sequence": 5,
        "status": 1,
        "fuel": 5950,
        "fault": 0.1192,
        "weapon": 1,
        "pilot_injury": 0.9484,
        "pilot_skill": 0.3801,
        "mission_priority": 0.5424,
        "estimated_landing_time": 476.0,
        "wait_time": 0,
        "Landing_success_rate": 1.0
    },
    {
        "model": 0,
        "sequence": 4,
        "status": 1,
        "fuel": 6033,
        "fault": 0.2474,
        "weapon": 1,
        "pilot_injury": 0.0283,
        "pilot_skill": 0.7859,
        "mission_priority": 0.9693,
        "estimated_landing_time": 382.0,
        "wait_time": 0,
        "Landing_success_rate": 1.0
    },
    {
        "model": 0,
        "sequence": 1,
        "status": 1,
        "fuel": 5817,
        "fault": 0.4247,
        "weapon": 1,
        "pilot_injury": 0.8275,
        "pilot_skill": 0.8579,
        "mission_priority": 0.5445,
        "estimated_landing_time": 100.0,
        "wait_time": 0,
        "Landing_success_rate": 1.0
    },
    {
        "model": 2,
        "sequence": 2,
        "status": 1,
        "fuel": 6929,
        "fault": 0.5061,
        "weapon": 1,
        "pilot_injury": 0.0101,
        "pilot_skill": 0.0815,
        "mission_priority": 0.0579,
        "estimated_landing_time": 194.0,
        "wait_time": 0,
        "Landing_success_rate": 1.0
    },
    {
        "model": 1,
        "sequence": 13,
        "status": 1,
        "fuel": 7116,
        "fault": 0.064,
        "weapon": 0,
        "pilot_injury": 0.6752,
        "pilot_skill": 0.6595,
        "mission_priority": 0.3849,
        "estimated_landing_time": 1228.0,
        "wait_time": 0,
        "Landing_success_rate": 1.0
    },
    {
        "model": 2,
        "sequence": 14,
        "status": 1,
        "fuel": 6305,
        "fault": 0.031,
        "weapon": 1,
        "pilot_injury": 0.5178,
        "pilot_skill": 0.7467,
        "mission_priority": 0.5587,
        "estimated_landing_time": 1322.0,
        "wait_time": 0,
        "Landing_success_rate": 1.0
    },
    {
        "model": 2,
        "sequence": 20,
        "status": 1,
        "fuel": 7358,
        "fault": 0.5838,
        "weapon": 0,
        "pilot_injury": 0.2874,
        "pilot_skill": 0.4815,
        "mission_priority": 0.9781,
        "estimated_landing_time": 1886.0,
        "wait_time": 0,
        "Landing_success_rate": 1.0
    },
    {
        "model": 0,
        "sequence": 6,
        "status": 1,
        "fuel": 6501,
        "fault": 0.2256,
        "weapon": 1,
        "pilot_injury": 0.5322,
        "pilot_skill": 0.3369,
        "mission_priority": 0.2912,
        "estimated_landing_time": 570.0,
        "wait_time": 0,
        "Landing_success_rate": 1.0
    },
    {
        "model": 1,
        "sequence": 10,
        "status": 1,
        "fuel": 6400,
        "fault": 0.7279,
        "weapon": 0,
        "pilot_injury": 0.7328,
        "pilot_skill": 0.0271,
        "mission_priority": 0.9269,
        "estimated_landing_time": 946.0,
        "wait_time": 0,
        "Landing_success_rate": 1.0
    },
    {
        "model": 0,
        "sequence": 7,
        "status": 1,
        "fuel": 6339,
        "fault": 0.0974,
        "weapon": 0,
        "pilot_injury": 0.6046,
        "pilot_skill": 0.9891,
        "mission_priority": 0.9863,
        "estimated_landing_time": 664.0,
        "wait_time": 0,
        "Landing_success_rate": 1.0
    },
    {
        "model": 2,
        "sequence": 11,
        "status": 1,
        "fuel": 5565,
        "fault": 0.7331,
        "weapon": 1,
        "pilot_injury": 0.6186,
        "pilot_skill": 0.3107,
        "mission_priority": 0.1926,
        "estimated_landing_time": 1040.0,
        "wait_time": 0,
        "Landing_success_rate": 1.0
    },
    {
        "model": 2,
        "sequence": 23,
        "status": 1,
        "fuel": 6644,
        "fault": 0.1585,
        "weapon": 0,
        "pilot_injury": 0.056,
        "pilot_skill": 0.5143,
        "mission_priority": 0.4084,
        "estimated_landing_time": 2168.0,
        "wait_time": 0,
        "Landing_success_rate": 1.0
    },
    {
        "model": 1,
        "sequence": 8,
        "status": 1,
        "fuel": 7310,
        "fault": 0.9518,
        "weapon": 1,
        "pilot_injury": 0.0476,
        "pilot_skill": 0.7636,
        "mission_priority": 0.6669,
        "estimated_landing_time": 758.0,
        "wait_time": 0,
        "Landing_success_rate": 1.0
    },
    {
        "model": 1,
        "sequence": 16,
        "status": 1,
        "fuel": 5911,
        "fault": 0.8636,
        "weapon": 0,
        "pilot_injury": 0.4964,
        "pilot_skill": 0.481,
        "mission_priority": 0.4831,
        "estimated_landing_time": 1510.0,
        "wait_time": 0,
        "Landing_success_rate": 1.0
    },
    {
        "model": 1,
        "sequence": 24,
        "status": 1,
        "fuel": 5732,
        "fault": 0.1756,
        "weapon": 1,
        "pilot_injury": 0.9136,
        "pilot_skill": 0.8867,
        "mission_priority": 0.0376,
        "estimated_landing_time": 2262.0,
        "wait_time": 0,
        "Landing_success_rate": 1.0
    },
    {
        "model": 1,
        "sequence": 12,
        "status": 1,
        "fuel": 6407,
        "fault": 0.9653,
        "weapon": 1,
        "pilot_injury": 0.7551,
        "pilot_skill": 0.4567,
        "mission_priority": 0.7733,
        "estimated_landing_time": 1134.0,
        "wait_time": 0,
        "Landing_success_rate": 1.0
    },
    {
        "model": 0,
        "sequence": 18,
        "status": 1,
        "fuel": 6140,
        "fault": 0.5425,
        "weapon": 1,
        "pilot_injury": 0.533,
        "pilot_skill": 0.5735,
        "mission_priority": 0.7218,
        "estimated_landing_time": 1698.0,
        "wait_time": 0,
        "Landing_success_rate": 1.0
    },
    {
        "model": 0,
        "sequence": 21,
        "status": 1,
        "fuel": 6230,
        "fault": 0.737,
        "weapon": 0,
        "pilot_injury": 0.7581,
        "pilot_skill": 0.6451,
        "mission_priority": 0.6951,
        "estimated_landing_time": 1980.0,
        "wait_time": 0,
        "Landing_success_rate": 1.0
    },
    {
        "model": 0,
        "sequence": 19,
        "status": 1,
        "fuel": 6972,
        "fault": 0.9322,
        "weapon": 0,
        "pilot_injury": 0.4797,
        "pilot_skill": 0.1216,
        "mission_priority": 0.6807,
        "estimated_landing_time": 1792.0,
        "wait_time": 0,
        "Landing_success_rate": 1.0
    },
    {
        "model": 0,
        "sequence": 15,
        "status": 1,
        "fuel": 5747,
        "fault": 0.6586,
        "weapon": 0,
        "pilot_injury": 0.228,
        "pilot_skill": 0.5389,
        "mission_priority": 0.3475,
        "estimated_landing_time": 1416.0,
        "wait_time": 0,
        "Landing_success_rate": 1.0
    },
    {
        "model": 2,
        "sequence": 17,
        "status": 1,
        "fuel": 6593,
        "fault": 0.2617,
        "weapon": 1,
        "pilot_injury": 0.4685,
        "pilot_skill": 0.4544,
        "mission_priority": 0.8864,
        "estimated_landing_time": 1604.0,
        "wait_time": 0,
        "Landing_success_rate": 1.0
    },
    {
        "model": 0,
        "sequence": 3,
        "status": 1,
        "fuel": 6710,
        "fault": 0.4499,
        "weapon": 1,
        "pilot_injury": 0.3281,
        "pilot_skill": 0.5613,
        "mission_priority": 0.7264,
        "estimated_landing_time": 288.0,
        "wait_time": 0,
        "Landing_success_rate": 1.0
    },
    {
        "model": 0,
        "sequence": 22,
        "status": 1,
        "fuel": 7235,
        "fault": 0.7005,
        "weapon": 1,
        "pilot_injury": 0.5688,
        "pilot_skill": 0.4342,
        "mission_priority": 0.713,
        "estimated_landing_time": 2074.0,
        "wait_time": 0,
        "Landing_success_rate": 1.0
    }
]