[
    {
        "model": 1,
        "sequence": 8,
        "status": 1,
        "fuel": 5912,
        "fault": 0.1794,
        "weapon": 0,
        "pilot_injury": 0.6768,
        "pilot_skill": 0.0471,
        "mission_priority": 0.6597,
        "estimated_landing_time": 758.0,
        "wait_time": 0,
        "Landing_success_rate": 1.0
    },
    {
        "model": 1,
        "sequence": 23,
        "status": 1,
        "fuel": 6703,
        "fault": 0.9735,
        "weapon": 1,
        "pilot_injury": 0.6072,
        "pilot_skill": 0.6082,
        "mission_priority": 0.9941,
        "estimated_landing_time": 2168.0,
        "wait_time": 0,
        "Landing_success_rate": 1.0
    },
    {
        "model": 2,
        "sequence": 10,
        "status": 1,
        "fuel": 7188,
        "fault": 0.5129,
        "weapon": 1,
        "pilot_injury": 0.6561,
        "pilot_skill": 0.3152,
        "mission_priority": 0.3462,
        "estimated_landing_time": 946.0,
        "wait_time": 0,
        "Landing_success_rate": 1.0
    },
    {
        "model": 1,
        "sequence": 17,
        "status": 1,
        "fuel": 5743,
        "fault": 0.7303,
        "weapon": 0,
        "pilot_injury": 0.1029,
        "pilot_skill": 0.3109,
        "mission_priority": 0.0761,
        "estimated_landing_time": 1604.0,
        "wait_time": 0,
        "Landing_success_rate": 1.0
    },
    {
        "model": 2,
        "sequence": 3,
        "status": 1,
        "fuel": 5514,
        "fault": 0.1401,
        "weapon": 0,
        "pilot_injury": 0.8571,
        "pilot_skill": 0.5773,
        "mission_priority": 0.0594,
        "estimated_landing_time": 288.0,
        "wait_time": 0,
        "Landing_success_rate": 1.0
    },
    {
        "model": 2,
        "sequence": 15,
        "status": 1,
        "fuel": 6237,
        "fault": 0.6163,
        "weapon": 1,
        "pilot_injury": 0.0158,
        "pilot_skill": 0.5213,
        "mission_priority": 0.1212,
        "estimated_landing_time": 1416.0,
        "wait_time": 0,
        "Landing_success_rate": 1.0
    },
    {
        "model": 1,
        "sequence": 19,
        "status": 1,
        "fuel": 6694,
        "fault": 0.3359,
        "weapon": 1,
        "pilot_injury": 0.7534,
        "pilot_skill": 0.2911,
        "mission_priority": 0.8292,
        "estimated_landing_time": 1792.0,
        "wait_time": 0,
        "Landing_success_rate": 1.0
    },
    {
        "model": 1,
        "sequence": 20,
        "status": 1,
        "fuel": 6740,
        "fault": 0.9488,
        "weapon": 0,
        "pilot_injury": 0.1786,
        "pilot_skill": 0.0512,
        "mission_priority": 0.851,
        "estimated_landing_time": 1886.0,
        "wait_time": 0,
        "Landing_success_rate": 1.0
    },
    {
        "model": 0,
        "sequence": 9,
        "status": 1,
        "fuel": 7113,
        "fault": 0.6747,
        "weapon": 1,
        "pilot_injury": 0.9257,
        "pilot_skill": 0.4407,
        "mission_priority": 0.298,
        "estimated_landing_time": 852.0,
        "wait_time": 0,
        "Landing_success_rate": 1.0
    },
    {
        "model": 2,
        "sequence": 7,
        "status": 1,
        "fuel": 5693,
        "fault": 0.1085,
        "weapon": 0,
        "pilot_injury": 0.655,
        "pilot_skill": 0.2692,
        "mission_priority": 0.7178,
        "estimated_landing_time": 664.0,
        "wait_time": 0,
        "Landing_success_rate": 1.0
    },
    {
        "model": 1,
        "sequence": 24,
        "status": 1,
        "fuel": 5898,
        "fault": 0.4892,
        "weapon": 0,
        "pilot_injury": 0.1617,
        "pilot_skill": 0.7571,
        "mission_priority": 0.9326,
        "estimated_landing_time": 2262.0,
        "wait_time": 0,
        "Landing_success_rate": 1.0
    },
    {
        "model": 2,
        "sequence": 1,
        "status": 1,
        "fuel": 5843,
        "fault": 0.5355,
        "weapon": 0,
        "pilot_injury": 0.2305,
        "pilot_skill": 0.0984,
        "mission_priority": 0.6424,
        "estimated_landing_time": 100.0,
        "wait_time": 0,
        "Landing_success_rate": 1.0
    },
    {
        "model": 0,
        "sequence": 21,
        "status": 1,
        "fuel": 5939,
        "fault": 0.675,
        "weapon": 1,
        "pilot_injury": 0.9607,
        "pilot_skill": 0.1358,
        "mission_priority": 0.3761,
        "estimated_landing_time": 1980.0,
        "wait_time": 0,
        "Landing_success_rate": 1.0
    },
    {
        "model": 0,
        "sequence": 22,
        "status": 1,
        "fuel": 5637,
        "fault": 0.5139,
        "weapon": 1,
        "pilot_injury": 0.5354,
        "pilot_skill": 0.7475,
        "mission_priority": 0.2105,
        "estimated_landing_time": 2074.0,
        "wait_time": 0,
        "Landing_success_rate": 1.0
    },
    {
        "model": 0,
        "sequence": 6,
        "status": 1,
        "fuel": 6379,
        "fault": 0.6492,
        "weapon": 0,
        "pilot_injury": 0.1614,
        "pilot_skill": 0.1111,
        "mission_priority": 0.935,
        "estimated_landing_time": 570.0,
        "wait_time": 0,
        "Landing_success_rate": 1.0
    },
    {
        "model": 0,
        "sequence": 11,
        "status": 1,
        "fuel": 6362,
        "fault": 0.9163,
        "weapon": 0,
        "pilot_injury": 0.142,
        "pilot_skill": 0.0478,
        "mission_priority": 0.9741,
        "estimated_landing_time": 1040.0,
        "wait_time": 0,
        "Landing_success_rate": 1.0
    },
    {
        "model": 0,
        "sequence": 13,
        "status": 1,
        "fuel": 5509,
        "fault": 0.5759,
        "weapon": 0,
        "pilot_injury": 0.9558,
        "pilot_skill": 0.5046,
        "mission_priority": 0.5178,
        "estimated_landing_time": 1228.0,
        "wait_time": 0,
        "Landing_success_rate": 1.0
    },
    {
        "model": 0,
        "sequence": 12,
        "status": 1,
        "fuel": 6174,
        "fault": 0.3965,
        "weapon": 0,
        "pilot_injury": 0.9858,
        "pilot_skill": 0.1657,
        "mission_priority": 0.4729,
        "estimated_landing_time": 1134.0,
        "wait_time": 0,
        "Landing_success_rate": 1.0
    },
    {
        "model": 0,
        "sequence": 4,
        "status": 1,
        "fuel": 5924,
        "fault": 0.0205,
        "weapon": 0,
        "pilot_injury": 0.4855,
        "pilot_skill": 0.023,
        "mission_priority": 0.2217,
        "estimated_landing_time": 382.0,
        "wait_time": 0,
        "Landing_success_rate": 1.0
    },
    {
        "model": 0,
        "sequence": 18,
        "status": 1,
        "fuel": 6226,
        "fault": 0.0207,
        "weapon": 1,
        "pilot_injury": 0.5619,
        "pilot_skill": 0.8499,
        "mission_priority": 0.8284,
        "estimated_landing_time": 1698.0,
        "wait_time": 0,
        "Landing_success_rate": 1.0
    },
    {
        "model": 2,
        "sequence": 5,
        "status": 1,
        "fuel": 7065,
        "fault": 0.679,
        "weapon": 0,
        "pilot_injury": 0.2782,
        "pilot_skill": 0.9579,
        "mission_priority": 0.0769,
        "estimated_landing_time": 476.0,
        "wait_time": 0,
        "Landing_success_rate": 1.0
    },
    {
        "model": 1,
        "sequence": 16,
        "status": 1,
        "fuel": 7147,
        "fault": 0.2363,
        "weapon": 1,
        "pilot_injury": 0.9457,
        "pilot_skill": 0.5015,
        "mission_priority": 0.8959,
        "estimated_landing_time": 1510.0,
        "wait_time": 0,
        "Landing_success_rate": 1.0
    },
    {
        "model": 2,
        "sequence": 14,
        "status": 1,
        "fuel": 5657,
        "fault": 0.0975,
        "weapon": 1,
        "pilot_injury": 0.3161,
        "pilot_skill": 0.7957,
        "mission_priority": 0.445,
        "estimated_landing_time": 1322.0,
        "wait_time": 0,
        "Landing_success_rate": 1.0
    },
    {
        "model": 2,
        "sequence": 2,
        "status": 1,
        "fuel": 6933,
        "fault": 0.9161,
        "weapon": 0,
        "pilot_injury": 0.438,
        "pilot_skill": 0.0808,
        "mission_priority": 0.2996,
        "estimated_landing_time": 194.0,
        "wait_time": 0,
        "Landing_success_rate": 1.0
    }
]