[
    {
        "model": 2,
        "sequence": 24,
        "status": 1,
        "fuel": 5899,
        "fault": 0.3933,
        "weapon": 1,
        "pilot_injury": 0.6256,
        "pilot_skill": 0.1806,
        "mission_priority": 0.7937,
        "estimated_landing_time": 2262.0,
        "wait_time": 0,
        "Landing_success_rate": 1.0
    },
    {
        "model": 1,
        "sequence": 10,
        "status": 1,
        "fuel": 6670,
        "fault": 0.5373,
        "weapon": 0,
        "pilot_injury": 0.2751,
        "pilot_skill": 0.1794,
        "mission_priority": 0.2315,
        "estimated_landing_time": 946.0,
        "wait_time": 0,
        "Landing_success_rate": 1.0
    },
    {
        "model": 2,
        "sequence": 4,
        "status": 1,
        "fuel": 7113,
        "fault": 0.5701,
        "weapon": 0,
        "pilot_injury": 0.297,
        "pilot_skill": 0.923,
        "mission_priority": 0.6213,
        "estimated_landing_time": 382.0,
        "wait_time": 0,
        "Landing_success_rate": 1.0
    },
    {
        "model": 0,
        "sequence": 17,
        "status": 1,
        "fuel": 5911,
        "fault": 0.2431,
        "weapon": 1,
        "pilot_injury": 0.9897,
        "pilot_skill": 0.4558,
        "mission_priority": 0.9915,
        "estimated_landing_time": 1604.0,
        "wait_time": 0,
        "Landing_success_rate": 1.0
    },
    {
        "model": 1,
        "sequence": 9,
        "status": 1,
        "fuel": 7421,
        "fault": 0.6401,
        "weapon": 0,
        "pilot_injury": 0.859,
        "pilot_skill": 0.5304,
        "mission_priority": 0.4527,
        "estimated_landing_time": 852.0,
        "wait_time": 0,
        "Landing_success_rate": 1.0
    },
    {
        "model": 2,
        "sequence": 18,
        "status": 1,
        "fuel": 5931,
        "fault": 0.4834,
        "weapon": 1,
        "pilot_injury": 0.7964,
        "pilot_skill": 0.7605,
        "mission_priority": 0.6413,
        "estimated_landing_time": 1698.0,
        "wait_time": 0,
        "Landing_success_rate": 1.0
    },
    {
        "model": 1,
        "sequence": 15,
        "status": 1,
        "fuel": 6925,
        "fault": 0.1496,
        "weapon": 1,
        "pilot_injury": 0.6905,
        "pilot_skill": 0.1014,
        "mission_priority": 0.6455,
        "estimated_landing_time": 1416.0,
        "wait_time": 0,
        "Landing_success_rate": 1.0
    },
    {
        "model": 1,
        "sequence": 20,
        "status": 1,
        "fuel": 7122,
        "fault": 0.6208,
        "weapon": 1,
        "pilot_injury": 0.2142,
        "pilot_skill": 0.1544,
        "mission_priority": 0.1021,
        "estimated_landing_time": 1886.0,
        "wait_time": 0,
        "Landing_success_rate": 1.0
    },
    {
        "model": 2,
        "sequence": 6,
        "status": 1,
        "fuel": 7448,
        "fault": 0.4779,
        "weapon": 1,
        "pilot_injury": 0.1515,
        "pilot_skill": 0.2794,
        "mission_priority": 0.8496,
        "estimated_landing_time": 570.0,
        "wait_time": 0,
        "Landing_success_rate": 1.0
    },
    {
        "model": 0,
        "sequence": 23,
        "status": 1,
        "fuel": 6532,
        "fault": 0.4147,
        "weapon": 0,
        "pilot_injury": 0.899,
        "pilot_skill": 0.5857,
        "mission_priority": 0.2264,
        "estimated_landing_time": 2168.0,
        "wait_time": 0,
        "Landing_success_rate": 1.0
    },
    {
        "model": 1,
        "sequence": 2,
        "status": 1,
        "fuel": 7415,
        "fault": 0.0832,
        "weapon": 0,
        "pilot_injury": 0.6592,
        "pilot_skill": 0.2013,
        "mission_priority": 0.0859,
        "estimated_landing_time": 194.0,
        "wait_time": 0,
        "Landing_success_rate": 1.0
    },
    {
        "model": 2,
        "sequence": 22,
        "status": 1,
        "fuel": 7082,
        "fault": 0.4842,
        "weapon": 0,
        "pilot_injury": 0.3337,
        "pilot_skill": 0.4985,
        "mission_priority": 0.5052,
        "estimated_landing_time": 2074.0,
        "wait_time": 0,
        "Landing_success_rate": 1.0
    },
    {
        "model": 1,
        "sequence": 14,
        "status": 1,
        "fuel": 7231,
        "fault": 0.0361,
        "weapon": 0,
        "pilot_injury": 0.1068,
        "pilot_skill": 0.4183,
        "mission_priority": 0.9858,
        "estimated_landing_time": 1322.0,
        "wait_time": 0,
        "Landing_success_rate": 1.0
    },
    {
        "model": 1,
        "sequence": 11,
        "status": 1,
        "fuel": 5682,
        "fault": 0.4398,
        "weapon": 0,
        "pilot_injury": 0.4097,
        "pilot_skill": 0.5715,
        "mission_priority": 0.2027,
        "estimated_landing_time": 1040.0,
        "wait_time": 0,
        "Landing_success_rate": 1.0
    },
    {
        "model": 2,
        "sequence": 1,
        "status": 1,
        "fuel": 6120,
        "fault": 0.0192,
        "weapon": 0,
        "pilot_injury": 0.4118,
        "pilot_skill": 0.9066,
        "mission_priority": 0.6153,
        "estimated_landing_time": 100.0,
        "wait_time": 0,
        "Landing_success_rate": 1.0
    },
    {
        "model": 0,
        "sequence": 19,
        "status": 1,
        "fuel": 6210,
        "fault": 0.0341,
        "weapon": 1,
        "pilot_injury": 0.7648,
        "pilot_skill": 0.6433,
        "mission_priority": 0.8853,
        "estimated_landing_time": 1792.0,
        "wait_time": 0,
        "Landing_success_rate": 1.0
    },
    {
        "model": 2,
        "sequence": 12,
        "status": 1,
        "fuel": 5762,
        "fault": 0.4101,
        "weapon": 0,
        "pilot_injury": 0.1125,
        "pilot_skill": 0.6497,
        "mission_priority": 0.2384,
        "estimated_landing_time": 1134.0,
        "wait_time": 0,
        "Landing_success_rate": 1.0
    },
    {
        "model": 1,
        "sequence": 21,
        "status": 1,
        "fuel": 5802,
        "fault": 0.0713,
        "weapon": 0,
        "pilot_injury": 0.5769,
        "pilot_skill": 0.4155,
        "mission_priority": 0.6463,
        "estimated_landing_time": 1980.0,
        "wait_time": 0,
        "Landing_success_rate": 1.0
    },
    {
        "model": 0,
        "sequence": 3,
        "status": 1,
        "fuel": 7152,
        "fault": 0.5072,
        "weapon": 0,
        "pilot_injury": 0.697,
        "pilot_skill": 0.5144,
        "mission_priority": 0.2788,
        "estimated_landing_time": 288.0,
        "wait_time": 0,
        "Landing_success_rate": 1.0
    },
    {
        "model": 0,
        "sequence": 5,
        "status": 1,
        "fuel": 6499,
        "fault": 0.3765,
        "weapon": 0,
        "pilot_injury": 0.0592,
        "pilot_skill": 0.9186,
        "mission_priority": 0.7677,
        "estimated_landing_time": 476.0,
        "wait_time": 0,
        "Landing_success_rate": 1.0
    },
    {
        "model": 0,
        "sequence": 13,
        "status": 1,
        "fuel": 6097,
        "fault": 0.2447,
        "weapon": 1,
        "pilot_injury": 0.9599,
        "pilot_skill": 0.775,
        "mission_priority": 0.535,
        "estimated_landing_time": 1228.0,
        "wait_time": 0,
        "Landing_success_rate": 1.0
    },
    {
        "model": 0,
        "sequence": 16,
        "status": 1,
        "fuel": 6743,
        "fault": 0.2808,
        "weapon": 1,
        "pilot_injury": 0.1691,
        "pilot_skill": 0.6571,
        "mission_priority": 0.2405,
        "estimated_landing_time": 1510.0,
        "wait_time": 0,
        "Landing_success_rate": 1.0
    },
    {
        "model": 1,
        "sequence": 8,
        "status": 1,
        "fuel": 7319,
        "fault": 0.1401,
        "weapon": 0,
        "pilot_injury": 0.5364,
        "pilot_skill": 0.8052,
        "mission_priority": 0.3194,
        "estimated_landing_time": 758.0,
        "wait_time": 0,
        "Landing_success_rate": 1.0
    },
    {
        "model": 2,
        "sequence": 7,
        "status": 1,
        "fuel": 5930,
        "fault": 0.5132,
        "weapon": 0,
        "pilot_injury": 0.6523,
        "pilot_skill": 0.7089,
        "mission_priority": 0.1384,
        "estimated_landing_time": 664.0,
        "wait_time": 0,
        "Landing_success_rate": 1.0
    }
]