[
    {
        "model": 1,
        "sequence": 13,
        "status": 1,
        "fuel": 6317,
        "fault": 0.9283,
        "weapon": 1,
        "pilot_injury": 0.2796,
        "pilot_skill": 0.3238,
        "mission_priority": 0.9988,
        "estimated_landing_time": 1228.0,
        "wait_time": 0,
        "Landing_success_rate": 1.0
    },
    {
        "model": 2,
        "sequence": 16,
        "status": 1,
        "fuel": 5828,
        "fault": 0.4024,
        "weapon": 1,
        "pilot_injury": 0.4046,
        "pilot_skill": 0.8376,
        "mission_priority": 0.2834,
        "estimated_landing_time": 1510.0,
        "wait_time": 0,
        "Landing_success_rate": 1.0
    },
    {
        "model": 2,
        "sequence": 2,
        "status": 1,
        "fuel": 6055,
        "fault": 0.1059,
        "weapon": 1,
        "pilot_injury": 0.8603,
        "pilot_skill": 0.0975,
        "mission_priority": 0.5653,
        "estimated_landing_time": 194.0,
        "wait_time": 0,
        "Landing_success_rate": 1.0
    },
    {
        "model": 0,
        "sequence": 23,
        "status": 1,
        "fuel": 5505,
        "fault": 0.934,
        "weapon": 1,
        "pilot_injury": 0.2185,
        "pilot_skill": 0.0641,
        "mission_priority": 0.895,
        "estimated_landing_time": 2168.0,
        "wait_time": 0,
        "Landing_success_rate": 1.0
    },
    {
        "model": 0,
        "sequence": 20,
        "status": 1,
        "fuel": 7196,
        "fault": 0.7319,
        "weapon": 1,
        "pilot_injury": 0.3644,
        "pilot_skill": 0.0425,
        "mission_priority": 0.2596,
        "estimated_landing_time": 1886.0,
        "wait_time": 0,
        "Landing_success_rate": 1.0
    },
    {
        "model": 1,
        "sequence": 5,
        "status": 1,
        "fuel": 7447,
        "fault": 0.1153,
        "weapon": 0,
        "pilot_injury": 0.2145,
        "pilot_skill": 0.6336,
        "mission_priority": 0.8178,
        "estimated_landing_time": 476.0,
        "wait_time": 0,
        "Landing_success_rate": 1.0
    },
    {
        "model": 2,
        "sequence": 9,
        "status": 1,
        "fuel": 6612,
        "fault": 0.5679,
        "weapon": 0,
        "pilot_injury": 0.6564,
        "pilot_skill": 0.0199,
        "mission_priority": 0.3774,
        "estimated_landing_time": 852.0,
        "wait_time": 0,
        "Landing_success_rate": 1.0
    },
    {
        "model": 1,
        "sequence": 6,
        "status": 1,
        "fuel": 6499,
        "fault": 0.9413,
        "weapon": 1,
        "pilot_injury": 0.1197,
        "pilot_skill": 0.1059,
        "mission_priority": 0.0282,
        "estimated_landing_time": 570.0,
        "wait_time": 0,
        "Landing_success_rate": 1.0
    },
    {
        "model": 1,
        "sequence": 10,
        "status": 1,
        "fuel": 6660,
        "fault": 0.4965,
        "weapon": 0,
        "pilot_injury": 0.3333,
        "pilot_skill": 0.3764,
        "mission_priority": 0.0594,
        "estimated_landing_time": 946.0,
        "wait_time": 0,
        "Landing_success_rate": 1.0
    },
    {
        "model": 1,
        "sequence": 21,
        "status": 1,
        "fuel": 7147,
        "fault": 0.0241,
        "weapon": 0,
        "pilot_injury": 0.3879,
        "pilot_skill": 0.62,
        "mission_priority": 0.3503,
        "estimated_landing_time": 1980.0,
        "wait_time": 0,
        "Landing_success_rate": 1.0
    },
    {
        "model": 1,
        "sequence": 8,
        "status": 1,
        "fuel": 6276,
        "fault": 0.1145,
        "weapon": 0,
        "pilot_injury": 0.9416,
        "pilot_skill": 0.7299,
        "mission_priority": 0.8999,
        "estimated_landing_time": 758.0,
        "wait_time": 0,
        "Landing_success_rate": 1.0
    },
    {
        "model": 1,
        "sequence": 4,
        "status": 1,
        "fuel": 6494,
        "fault": 0.7878,
        "weapon": 0,
        "pilot_injury": 0.5091,
        "pilot_skill": 0.2913,
        "mission_priority": 0.2982,
        "estimated_landing_time": 382.0,
        "wait_time": 0,
        "Landing_success_rate": 1.0
    },
    {
        "model": 2,
        "sequence": 24,
        "status": 1,
        "fuel": 6694,
        "fault": 0.2585,
        "weapon": 1,
        "pilot_injury": 0.127,
        "pilot_skill": 0.3876,
        "mission_priority": 0.8337,
        "estimated_landing_time": 2262.0,
        "wait_time": 0,
        "Landing_success_rate": 1.0
    },
    {
        "model": 0,
        "sequence": 12,
        "status": 1,
        "fuel": 5936,
        "fault": 0.3534,
        "weapon": 0,
        "pilot_injury": 0.2568,
        "pilot_skill": 0.2403,
        "mission_priority": 0.2779,
        "estimated_landing_time": 1134.0,
        "wait_time": 0,
        "Landing_success_rate": 1.0
    },
    {
        "model": 1,
        "sequence": 14,
        "status": 1,
        "fuel": 6022,
        "fault": 0.8274,
        "weapon": 0,
        "pilot_injury": 0.1092,
        "pilot_skill": 0.5005,
        "mission_priority": 0.6822,
        "estimated_landing_time": 1322.0,
        "wait_time": 0,
        "Landing_success_rate": 1.0
    },
    {
        "model": 2,
        "sequence": 17,
        "status": 1,
        "fuel": 6001,
        "fault": 0.8908,
        "weapon": 1,
        "pilot_injury": 0.349,
        "pilot_skill": 0.9324,
        "mission_priority": 0.5974,
        "estimated_landing_time": 1604.0,
        "wait_time": 0,
        "Landing_success_rate": 1.0
    },
    {
        "model": 1,
        "sequence": 3,
        "status": 1,
        "fuel": 5894,
        "fault": 0.185,
        "weapon": 0,
        "pilot_injury": 0.0215,
        "pilot_skill": 0.3815,
        "mission_priority": 0.9325,
        "estimated_landing_time": 288.0,
        "wait_time": 0,
        "Landing_success_rate": 1.0
    },
    {
        "model": 2,
        "sequence": 1,
        "status": 1,
        "fuel": 5710,
        "fault": 0.5464,
        "weapon": 0,
        "pilot_injury": 0.5386,
        "pilot_skill": 0.3726,
        "mission_priority": 0.2115,
        "estimated_landing_time": 100.0,
        "wait_time": 0,
        "Landing_success_rate": 1.0
    },
    {
        "model": 0,
        "sequence": 7,
        "status": 1,
        "fuel": 6040,
        "fault": 0.4123,
        "weapon": 0,
        "pilot_injury": 0.3515,
        "pilot_skill": 0.52,
        "mission_priority": 0.2044,
        "estimated_landing_time": 664.0,
        "wait_time": 0,
        "Landing_success_rate": 1.0
    },
    {
        "model": 0,
        "sequence": 11,
        "status": 1,
        "fuel": 5814,
        "fault": 0.7515,
        "weapon": 1,
        "pilot_injury": 0.0948,
        "pilot_skill": 0.6826,
        "mission_priority": 0.7551,
        "estimated_landing_time": 1040.0,
        "wait_time": 0,
        "Landing_success_rate": 1.0
    },
    {
        "model": 2,
        "sequence": 19,
        "status": 1,
        "fuel": 6616,
        "fault": 0.7678,
        "weapon": 0,
        "pilot_injury": 0.1659,
        "pilot_skill": 0.9379,
        "mission_priority": 0.9802,
        "estimated_landing_time": 1792.0,
        "wait_time": 0,
        "Landing_success_rate": 1.0
    },
    {
        "model": 1,
        "sequence": 22,
        "status": 1,
        "fuel": 5588,
        "fault": 0.4653,
        "weapon": 0,
        "pilot_injury": 0.0776,
        "pilot_skill": 0.8549,
        "mission_priority": 0.9532,
        "estimated_landing_time": 2074.0,
        "wait_time": 0,
        "Landing_success_rate": 1.0
    },
    {
        "model": 0,
        "sequence": 15,
        "status": 1,
        "fuel": 6352,
        "fault": 0.3576,
        "weapon": 0,
        "pilot_injury": 0.6609,
        "pilot_skill": 0.2881,
        "mission_priority": 0.5875,
        "estimated_landing_time": 1416.0,
        "wait_time": 0,
        "Landing_success_rate": 1.0
    },
    {
        "model": 1,
        "sequence": 18,
        "status": 1,
        "fuel": 6142,
        "fault": 0.0398,
        "weapon": 1,
        "pilot_injury": 0.5901,
        "pilot_skill": 0.5315,
        "mission_priority": 0.2824,
        "estimated_landing_time": 1698.0,
        "wait_time": 0,
        "Landing_success_rate": 1.0
    }
]