[
    {
        "model": 1,
        "sequence": 6,
        "status": 1,
        "fuel": 6487,
        "fault": 0.1437,
        "weapon": 0,
        "pilot_injury": 0.4814,
        "pilot_skill": 0.1332,
        "mission_priority": 0.9772,
        "estimated_landing_time": 570.0,
        "wait_time": 0,
        "Landing_success_rate": 1.0
    },
    {
        "model": 1,
        "sequence": 12,
        "status": 1,
        "fuel": 6754,
        "fault": 0.6583,
        "weapon": 0,
        "pilot_injury": 0.2342,
        "pilot_skill": 0.9474,
        "mission_priority": 0.2995,
        "estimated_landing_time": 1134.0,
        "wait_time": 0,
        "Landing_success_rate": 1.0
    },
    {
        "model": 1,
        "sequence": 23,
        "status": 1,
        "fuel": 5867,
        "fault": 0.658,
        "weapon": 0,
        "pilot_injury": 0.344,
        "pilot_skill": 0.9025,
        "mission_priority": 0.589,
        "estimated_landing_time": 2168.0,
        "wait_time": 0,
        "Landing_success_rate": 1.0
    },
    {
        "model": 2,
        "sequence": 4,
        "status": 1,
        "fuel": 7094,
        "fault": 0.8238,
        "weapon": 1,
        "pilot_injury": 0.112,
        "pilot_skill": 0.7904,
        "mission_priority": 0.5721,
        "estimated_landing_time": 382.0,
        "wait_time": 0,
        "Landing_success_rate": 1.0
    },
    {
        "model": 1,
        "sequence": 8,
        "status": 1,
        "fuel": 7245,
        "fault": 0.135,
        "weapon": 1,
        "pilot_injury": 0.7295,
        "pilot_skill": 0.2889,
        "mission_priority": 0.286,
        "estimated_landing_time": 758.0,
        "wait_time": 0,
        "Landing_success_rate": 1.0
    },
    {
        "model": 0,
        "sequence": 19,
        "status": 1,
        "fuel": 5955,
        "fault": 0.6331,
        "weapon": 1,
        "pilot_injury": 0.8096,
        "pilot_skill": 0.942,
        "mission_priority": 0.4466,
        "estimated_landing_time": 1792.0,
        "wait_time": 0,
        "Landing_success_rate": 1.0
    },
    {
        "model": 0,
        "sequence": 21,
        "status": 1,
        "fuel": 6492,
        "fault": 0.8549,
        "weapon": 1,
        "pilot_injury": 0.2776,
        "pilot_skill": 0.4917,
        "mission_priority": 0.111,
        "estimated_landing_time": 1980.0,
        "wait_time": 0,
        "Landing_success_rate": 1.0
    },
    {
        "model": 1,
        "sequence": 2,
        "status": 1,
        "fuel": 5964,
        "fault": 0.4477,
        "weapon": 1,
        "pilot_injury": 0.0669,
        "pilot_skill": 0.8824,
        "mission_priority": 0.3745,
        "estimated_landing_time": 194.0,
        "wait_time": 0,
        "Landing_success_rate": 1.0
    },
    {
        "model": 2,
        "sequence": 20,
        "status": 1,
        "fuel": 6424,
        "fault": 0.2883,
        "weapon": 1,
        "pilot_injury": 0.7909,
        "pilot_skill": 0.8301,
        "mission_priority": 0.2894,
        "estimated_landing_time": 1886.0,
        "wait_time": 0,
        "Landing_success_rate": 1.0
    },
    {
        "model": 0,
        "sequence": 14,
        "status": 1,
        "fuel": 5643,
        "fault": 0.0161,
        "weapon": 0,
        "pilot_injury": 0.3545,
        "pilot_skill": 0.5619,
        "mission_priority": 0.864,
        "estimated_landing_time": 1322.0,
        "wait_time": 0,
        "Landing_success_rate": 1.0
    },
    {
        "model": 2,
        "sequence": 9,
        "status": 1,
        "fuel": 7098,
        "fault": 0.2663,
        "weapon": 0,
        "pilot_injury": 0.1358,
        "pilot_skill": 0.9396,
        "mission_priority": 0.5832,
        "estimated_landing_time": 852.0,
        "wait_time": 0,
        "Landing_success_rate": 1.0
    },
    {
        "model": 0,
        "sequence": 16,
        "status": 1,
        "fuel": 6929,
        "fault": 0.1347,
        "weapon": 0,
        "pilot_injury": 0.8597,
        "pilot_skill": 0.5044,
        "mission_priority": 0.868,
        "estimated_landing_time": 1510.0,
        "wait_time": 0,
        "Landing_success_rate": 1.0
    },
    {
        "model": 2,
        "sequence": 15,
        "status": 1,
        "fuel": 5547,
        "fault": 0.3294,
        "weapon": 1,
        "pilot_injury": 0.6373,
        "pilot_skill": 0.2876,
        "mission_priority": 0.3345,
        "estimated_landing_time": 1416.0,
        "wait_time": 0,
        "Landing_success_rate": 1.0
    },
    {
        "model": 0,
        "sequence": 7,
        "status": 1,
        "fuel": 6801,
        "fault": 0.8029,
        "weapon": 1,
        "pilot_injury": 0.4525,
        "pilot_skill": 0.5406,
        "mission_priority": 0.3691,
        "estimated_landing_time": 664.0,
        "wait_time": 0,
        "Landing_success_rate": 1.0
    },
    {
        "model": 1,
        "sequence": 18,
        "status": 1,
        "fuel": 7224,
        "fault": 0.0697,
        "weapon": 1,
        "pilot_injury": 0.5659,
        "pilot_skill": 0.9783,
        "mission_priority": 0.508,
        "estimated_landing_time": 1698.0,
        "wait_time": 0,
        "Landing_success_rate": 1.0
    },
    {
        "model": 1,
        "sequence": 10,
        "status": 1,
        "fuel": 7103,
        "fault": 0.9662,
        "weapon": 0,
        "pilot_injury": 0.0996,
        "pilot_skill": 0.7076,
        "mission_priority": 0.8084,
        "estimated_landing_time": 946.0,
        "wait_time": 0,
        "Landing_success_rate": 1.0
    },
    {
        "model": 1,
        "sequence": 11,
        "status": 1,
        "fuel": 7487,
        "fault": 0.4529,
        "weapon": 0,
        "pilot_injury": 0.7036,
        "pilot_skill": 0.2627,
        "mission_priority": 0.2528,
        "estimated_landing_time": 1040.0,
        "wait_time": 0,
        "Landing_success_rate": 1.0
    },
    {
        "model": 2,
        "sequence": 17,
        "status": 1,
        "fuel": 5938,
        "fault": 0.9022,
        "weapon": 1,
        "pilot_injury": 0.2562,
        "pilot_skill": 0.4334,
        "mission_priority": 0.565,
        "estimated_landing_time": 1604.0,
        "wait_time": 0,
        "Landing_success_rate": 1.0
    },
    {
        "model": 1,
        "sequence": 5,
        "status": 1,
        "fuel": 7072,
        "fault": 0.3525,
        "weapon": 0,
        "pilot_injury": 0.1088,
        "pilot_skill": 0.8172,
        "mission_priority": 0.9759,
        "estimated_landing_time": 476.0,
        "wait_time": 0,
        "Landing_success_rate": 1.0
    },
    {
        "model": 2,
        "sequence": 22,
        "status": 1,
        "fuel": 6506,
        "fault": 0.8653,
        "weapon": 1,
        "pilot_injury": 0.0197,
        "pilot_skill": 0.3545,
        "mission_priority": 0.4765,
        "estimated_landing_time": 2074.0,
        "wait_time": 0,
        "Landing_success_rate": 1.0
    },
    {
        "model": 0,
        "sequence": 1,
        "status": 1,
        "fuel": 5626,
        "fault": 0.8884,
        "weapon": 0,
        "pilot_injury": 0.736,
        "pilot_skill": 0.1447,
        "mission_priority": 0.8448,
        "estimated_landing_time": 100.0,
        "wait_time": 0,
        "Landing_success_rate": 1.0
    },
    {
        "model": 0,
        "sequence": 13,
        "status": 1,
        "fuel": 6723,
        "fault": 0.1217,
        "weapon": 0,
        "pilot_injury": 0.8179,
        "pilot_skill": 0.2136,
        "mission_priority": 0.1403,
        "estimated_landing_time": 1228.0,
        "wait_time": 0,
        "Landing_success_rate": 1.0
    },
    {
        "model": 2,
        "sequence": 24,
        "status": 1,
        "fuel": 5766,
        "fault": 0.5657,
        "weapon": 0,
        "pilot_injury": 0.4243,
        "pilot_skill": 0.447,
        "mission_priority": 0.741,
        "estimated_landing_time": 2262.0,
        "wait_time": 0,
        "Landing_success_rate": 1.0
    },
    {
        "model": 1,
        "sequence": 3,
        "status": 1,
        "fuel": 6096,
        "fault": 0.5214,
        "weapon": 0,
        "pilot_injury": 0.1901,
        "pilot_skill": 0.0227,
        "mission_priority": 0.5877,
        "estimated_landing_time": 288.0,
        "wait_time": 0,
        "Landing_success_rate": 1.0
    }
]