[
    {
        "model": 0,
        "sequence": 12,
        "status": 1,
        "fuel": 7226,
        "fault": 0.5081,
        "weapon": 1,
        "pilot_injury": 0.7371,
        "pilot_skill": 0.5088,
        "mission_priority": 0.4175,
        "estimated_landing_time": 1134.0,
        "wait_time": 0,
        "Landing_success_rate": 1.0
    },
    {
        "model": 1,
        "sequence": 3,
        "status": 1,
        "fuel": 6180,
        "fault": 0.3326,
        "weapon": 1,
        "pilot_injury": 0.5406,
        "pilot_skill": 0.0483,
        "mission_priority": 0.3575,
        "estimated_landing_time": 288.0,
        "wait_time": 0,
        "Landing_success_rate": 1.0
    },
    {
        "model": 2,
        "sequence": 19,
        "status": 1,
        "fuel": 6954,
        "fault": 0.6373,
        "weapon": 1,
        "pilot_injury": 0.7431,
        "pilot_skill": 0.0138,
        "mission_priority": 0.2948,
        "estimated_landing_time": 1792.0,
        "wait_time": 0,
        "Landing_success_rate": 1.0
    },
    {
        "model": 2,
        "sequence": 7,
        "status": 1,
        "fuel": 6618,
        "fault": 0.4544,
        "weapon": 1,
        "pilot_injury": 0.466,
        "pilot_skill": 0.0799,
        "mission_priority": 0.7614,
        "estimated_landing_time": 664.0,
        "wait_time": 0,
        "Landing_success_rate": 1.0
    },
    {
        "model": 1,
        "sequence": 24,
        "status": 1,
        "fuel": 7370,
        "fault": 0.7021,
        "weapon": 1,
        "pilot_injury": 0.111,
        "pilot_skill": 0.5062,
        "mission_priority": 0.6037,
        "estimated_landing_time": 2262.0,
        "wait_time": 0,
        "Landing_success_rate": 1.0
    },
    {
        "model": 2,
        "sequence": 8,
        "status": 1,
        "fuel": 7208,
        "fault": 0.6683,
        "weapon": 1,
        "pilot_injury": 0.7944,
        "pilot_skill": 0.2437,
        "mission_priority": 0.6288,
        "estimated_landing_time": 758.0,
        "wait_time": 0,
        "Landing_success_rate": 1.0
    },
    {
        "model": 2,
        "sequence": 1,
        "status": 1,
        "fuel": 6439,
        "fault": 0.2827,
        "weapon": 0,
        "pilot_injury": 0.0983,
        "pilot_skill": 0.9041,
        "mission_priority": 0.8279,
        "estimated_landing_time": 100.0,
        "wait_time": 0,
        "Landing_success_rate": 1.0
    },
    {
        "model": 0,
        "sequence": 17,
        "status": 1,
        "fuel": 5603,
        "fault": 0.4097,
        "weapon": 1,
        "pilot_injury": 0.2458,
        "pilot_skill": 0.3844,
        "mission_priority": 0.2174,
        "estimated_landing_time": 1604.0,
        "wait_time": 0,
        "Landing_success_rate": 1.0
    },
    {
        "model": 0,
        "sequence": 11,
        "status": 1,
        "fuel": 6096,
        "fault": 0.4445,
        "weapon": 0,
        "pilot_injury": 0.3515,
        "pilot_skill": 0.4428,
        "mission_priority": 0.8726,
        "estimated_landing_time": 1040.0,
        "wait_time": 0,
        "Landing_success_rate": 1.0
    },
    {
        "model": 1,
        "sequence": 23,
        "status": 1,
        "fuel": 6484,
        "fault": 0.0857,
        "weapon": 1,
        "pilot_injury": 0.8486,
        "pilot_skill": 0.2454,
        "mission_priority": 0.7777,
        "estimated_landing_time": 2168.0,
        "wait_time": 0,
        "Landing_success_rate": 1.0
    },
    {
        "model": 0,
        "sequence": 14,
        "status": 1,
        "fuel": 6083,
        "fault": 0.2623,
        "weapon": 1,
        "pilot_injury": 0.0887,
        "pilot_skill": 0.5723,
        "mission_priority": 0.1554,
        "estimated_landing_time": 1322.0,
        "wait_time": 0,
        "Landing_success_rate": 1.0
    },
    {
        "model": 2,
        "sequence": 10,
        "status": 1,
        "fuel": 6442,
        "fault": 0.6908,
        "weapon": 0,
        "pilot_injury": 0.4781,
        "pilot_skill": 0.4405,
        "mission_priority": 0.4888,
        "estimated_landing_time": 946.0,
        "wait_time": 0,
        "Landing_success_rate": 1.0
    },
    {
        "model": 1,
        "sequence": 16,
        "status": 1,
        "fuel": 5606,
        "fault": 0.8603,
        "weapon": 1,
        "pilot_injury": 0.9406,
        "pilot_skill": 0.3451,
        "mission_priority": 0.5914,
        "estimated_landing_time": 1510.0,
        "wait_time": 0,
        "Landing_success_rate": 1.0
    },
    {
        "model": 1,
        "sequence": 13,
        "status": 1,
        "fuel": 7324,
        "fault": 0.7855,
        "weapon": 1,
        "pilot_injury": 0.2382,
        "pilot_skill": 0.8901,
        "mission_priority": 0.3917,
        "estimated_landing_time": 1228.0,
        "wait_time": 0,
        "Landing_success_rate": 1.0
    },
    {
        "model": 1,
        "sequence": 6,
        "status": 1,
        "fuel": 6737,
        "fault": 0.3477,
        "weapon": 0,
        "pilot_injury": 0.104,
        "pilot_skill": 0.0521,
        "mission_priority": 0.9673,
        "estimated_landing_time": 570.0,
        "wait_time": 0,
        "Landing_success_rate": 1.0
    },
    {
        "model": 2,
        "sequence": 4,
        "status": 1,
        "fuel": 6286,
        "fault": 0.8923,
        "weapon": 1,
        "pilot_injury": 0.527,
        "pilot_skill": 0.4014,
        "mission_priority": 0.418,
        "estimated_landing_time": 382.0,
        "wait_time": 0,
        "Landing_success_rate": 1.0
    },
    {
        "model": 0,
        "sequence": 22,
        "status": 1,
        "fuel": 5543,
        "fault": 0.8678,
        "weapon": 0,
        "pilot_injury": 0.7909,
        "pilot_skill": 0.3771,
        "mission_priority": 0.2445,
        "estimated_landing_time": 2074.0,
        "wait_time": 0,
        "Landing_success_rate": 1.0
    },
    {
        "model": 2,
        "sequence": 2,
        "status": 1,
        "fuel": 7394,
        "fault": 0.3997,
        "weapon": 1,
        "pilot_injury": 0.7751,
        "pilot_skill": 0.1534,
        "mission_priority": 0.5926,
        "estimated_landing_time": 194.0,
        "wait_time": 0,
        "Landing_success_rate": 1.0
    },
    {
        "model": 2,
        "sequence": 18,
        "status": 1,
        "fuel": 7130,
        "fault": 0.7958,
        "weapon": 0,
        "pilot_injury": 0.9493,
        "pilot_skill": 0.6785,
        "mission_priority": 0.5898,
        "estimated_landing_time": 1698.0,
        "wait_time": 0,
        "Landing_success_rate": 1.0
    },
    {
        "model": 0,
        "sequence": 20,
        "status": 1,
        "fuel": 5555,
        "fault": 0.9405,
        "weapon": 1,
        "pilot_injury": 0.0554,
        "pilot_skill": 0.7011,
        "mission_priority": 0.5804,
        "estimated_landing_time": 1886.0,
        "wait_time": 0,
        "Landing_success_rate": 1.0
    },
    {
        "model": 0,
        "sequence": 21,
        "status": 1,
        "fuel": 5552,
        "fault": 0.4239,
        "weapon": 1,
        "pilot_injury": 0.2307,
        "pilot_skill": 0.7324,
        "mission_priority": 0.5184,
        "estimated_landing_time": 1980.0,
        "wait_time": 0,
        "Landing_success_rate": 1.0
    },
    {
        "model": 2,
        "sequence": 5,
        "status": 1,
        "fuel": 7029,
        "fault": 0.0471,
        "weapon": 0,
        "pilot_injury": 0.645,
        "pilot_skill": 0.7332,
        "mission_priority": 0.9374,
        "estimated_landing_time": 476.0,
        "wait_time": 0,
        "Landing_success_rate": 1.0
    },
    {
        "model": 0,
        "sequence": 15,
        "status": 1,
        "fuel": 5646,
        "fault": 0.2653,
        "weapon": 0,
        "pilot_injury": 0.7601,
        "pilot_skill": 0.5128,
        "mission_priority": 0.4861,
        "estimated_landing_time": 1416.0,
        "wait_time": 0,
        "Landing_success_rate": 1.0
    },
    {
        "model": 2,
        "sequence": 9,
        "status": 1,
        "fuel": 7084,
        "fault": 0.8206,
        "weapon": 0,
        "pilot_injury": 0.6529,
        "pilot_skill": 0.9703,
        "mission_priority": 0.22,
        "estimated_landing_time": 852.0,
        "wait_time": 0,
        "Landing_success_rate": 1.0
    }
]