[
    {
        "model": 2,
        "sequence": 9,
        "status": 1,
        "fuel": 5553,
        "fault": 0.4327,
        "weapon": 0,
        "pilot_injury": 0.3332,
        "pilot_skill": 0.1281,
        "mission_priority": 0.7064,
        "estimated_landing_time": 852.0,
        "wait_time": 0,
        "Landing_success_rate": 1.0
    },
    {
        "model": 0,
        "sequence": 6,
        "status": 1,
        "fuel": 6810,
        "fault": 0.0891,
        "weapon": 1,
        "pilot_injury": 0.599,
        "pilot_skill": 0.898,
        "mission_priority": 0.0879,
        "estimated_landing_time": 570.0,
        "wait_time": 0,
        "Landing_success_rate": 1.0
    },
    {
        "model": 1,
        "sequence": 14,
        "status": 1,
        "fuel": 7213,
        "fault": 0.1176,
        "weapon": 1,
        "pilot_injury": 0.8221,
        "pilot_skill": 0.1921,
        "mission_priority": 0.1077,
        "estimated_landing_time": 1322.0,
        "wait_time": 0,
        "Landing_success_rate": 1.0
    },
    {
        "model": 2,
        "sequence": 10,
        "status": 1,
        "fuel": 6548,
        "fault": 0.0007,
        "weapon": 1,
        "pilot_injury": 0.8711,
        "pilot_skill": 0.9611,
        "mission_priority": 0.2208,
        "estimated_landing_time": 946.0,
        "wait_time": 0,
        "Landing_success_rate": 1.0
    },
    {
        "model": 1,
        "sequence": 12,
        "status": 1,
        "fuel": 6605,
        "fault": 0.3008,
        "weapon": 1,
        "pilot_injury": 0.7888,
        "pilot_skill": 0.4074,
        "mission_priority": 0.0704,
        "estimated_landing_time": 1134.0,
        "wait_time": 0,
        "Landing_success_rate": 1.0
    },
    {
        "model": 0,
        "sequence": 3,
        "status": 1,
        "fuel": 6166,
        "fault": 0.2465,
        "weapon": 1,
        "pilot_injury": 0.927,
        "pilot_skill": 0.4177,
        "mission_priority": 0.082,
        "estimated_landing_time": 288.0,
        "wait_time": 0,
        "Landing_success_rate": 1.0
    },
    {
        "model": 1,
        "sequence": 20,
        "status": 1,
        "fuel": 6155,
        "fault": 0.4764,
        "weapon": 0,
        "pilot_injury": 0.3211,
        "pilot_skill": 0.8563,
        "mission_priority": 0.1723,
        "estimated_landing_time": 1886.0,
        "wait_time": 0,
        "Landing_success_rate": 1.0
    },
    {
        "model": 2,
        "sequence": 13,
        "status": 1,
        "fuel": 6670,
        "fault": 0.755,
        "weapon": 1,
        "pilot_injury": 0.0484,
        "pilot_skill": 0.3043,
        "mission_priority": 0.9099,
        "estimated_landing_time": 1228.0,
        "wait_time": 0,
        "Landing_success_rate": 1.0
    },
    {
        "model": 1,
        "sequence": 15,
        "status": 1,
        "fuel": 6281,
        "fault": 0.3972,
        "weapon": 1,
        "pilot_injury": 0.8421,
        "pilot_skill": 0.5236,
        "mission_priority": 0.8454,
        "estimated_landing_time": 1416.0,
        "wait_time": 0,
        "Landing_success_rate": 1.0
    },
    {
        "model": 1,
        "sequence": 17,
        "status": 1,
        "fuel": 6308,
        "fault": 0.402,
        "weapon": 0,
        "pilot_injury": 0.1529,
        "pilot_skill": 0.939,
        "mission_priority": 0.7961,
        "estimated_landing_time": 1604.0,
        "wait_time": 0,
        "Landing_success_rate": 1.0
    },
    {
        "model": 0,
        "sequence": 4,
        "status": 1,
        "fuel": 6821,
        "fault": 0.0696,
        "weapon": 1,
        "pilot_injury": 0.3765,
        "pilot_skill": 0.6604,
        "mission_priority": 0.9937,
        "estimated_landing_time": 382.0,
        "wait_time": 0,
        "Landing_success_rate": 1.0
    },
    {
        "model": 0,
        "sequence": 16,
        "status": 1,
        "fuel": 5816,
        "fault": 0.4888,
        "weapon": 0,
        "pilot_injury": 0.0724,
        "pilot_skill": 0.4608,
        "mission_priority": 0.4821,
        "estimated_landing_time": 1510.0,
        "wait_time": 0,
        "Landing_success_rate": 1.0
    },
    {
        "model": 2,
        "sequence": 24,
        "status": 1,
        "fuel": 5541,
        "fault": 0.7544,
        "weapon": 0,
        "pilot_injury": 0.834,
        "pilot_skill": 0.294,
        "mission_priority": 0.0704,
        "estimated_landing_time": 2262.0,
        "wait_time": 0,
        "Landing_success_rate": 1.0
    },
    {
        "model": 0,
        "sequence": 2,
        "status": 1,
        "fuel": 5558,
        "fault": 0.7515,
        "weapon": 0,
        "pilot_injury": 0.9545,
        "pilot_skill": 0.1595,
        "mission_priority": 0.9014,
        "estimated_landing_time": 194.0,
        "wait_time": 0,
        "Landing_success_rate": 1.0
    },
    {
        "model": 1,
        "sequence": 23,
        "status": 1,
        "fuel": 5934,
        "fault": 0.7238,
        "weapon": 1,
        "pilot_injury": 0.9627,
        "pilot_skill": 0.2384,
        "mission_priority": 0.7334,
        "estimated_landing_time": 2168.0,
        "wait_time": 0,
        "Landing_success_rate": 1.0
    },
    {
        "model": 0,
        "sequence": 11,
        "status": 1,
        "fuel": 7312,
        "fault": 0.1346,
        "weapon": 0,
        "pilot_injury": 0.69,
        "pilot_skill": 0.5725,
        "mission_priority": 0.192,
        "estimated_landing_time": 1040.0,
        "wait_time": 0,
        "Landing_success_rate": 1.0
    },
    {
        "model": 2,
        "sequence": 18,
        "status": 1,
        "fuel": 6326,
        "fault": 0.072,
        "weapon": 1,
        "pilot_injury": 0.4886,
        "pilot_skill": 0.9943,
        "mission_priority": 0.428,
        "estimated_landing_time": 1698.0,
        "wait_time": 0,
        "Landing_success_rate": 1.0
    },
    {
        "model": 0,
        "sequence": 22,
        "status": 1,
        "fuel": 6580,
        "fault": 0.2251,
        "weapon": 1,
        "pilot_injury": 0.1858,
        "pilot_skill": 0.9019,
        "mission_priority": 0.8013,
        "estimated_landing_time": 2074.0,
        "wait_time": 0,
        "Landing_success_rate": 1.0
    },
    {
        "model": 2,
        "sequence": 21,
        "status": 1,
        "fuel": 6860,
        "fault": 0.0474,
        "weapon": 0,
        "pilot_injury": 0.8837,
        "pilot_skill": 0.68,
        "mission_priority": 0.5116,
        "estimated_landing_time": 1980.0,
        "wait_time": 0,
        "Landing_success_rate": 1.0
    },
    {
        "model": 2,
        "sequence": 8,
        "status": 1,
        "fuel": 7430,
        "fault": 0.6821,
        "weapon": 1,
        "pilot_injury": 0.5006,
        "pilot_skill": 0.1695,
        "mission_priority": 0.9477,
        "estimated_landing_time": 758.0,
        "wait_time": 0,
        "Landing_success_rate": 1.0
    },
    {
        "model": 1,
        "sequence": 5,
        "status": 1,
        "fuel": 6186,
        "fault": 0.7198,
        "weapon": 1,
        "pilot_injury": 0.1012,
        "pilot_skill": 0.4534,
        "mission_priority": 0.2736,
        "estimated_landing_time": 476.0,
        "wait_time": 0,
        "Landing_success_rate": 1.0
    },
    {
        "model": 1,
        "sequence": 19,
        "status": 1,
        "fuel": 6229,
        "fault": 0.8369,
        "weapon": 0,
        "pilot_injury": 0.7208,
        "pilot_skill": 0.196,
        "mission_priority": 0.23,
        "estimated_landing_time": 1792.0,
        "wait_time": 0,
        "Landing_success_rate": 1.0
    },
    {
        "model": 1,
        "sequence": 7,
        "status": 1,
        "fuel": 7042,
        "fault": 0.1868,
        "weapon": 0,
        "pilot_injury": 0.1118,
        "pilot_skill": 0.9614,
        "mission_priority": 0.1774,
        "estimated_landing_time": 664.0,
        "wait_time": 0,
        "Landing_success_rate": 1.0
    },
    {
        "model": 2,
        "sequence": 1,
        "status": 1,
        "fuel": 5900,
        "fault": 0.019,
        "weapon": 0,
        "pilot_injury": 0.0956,
        "pilot_skill": 0.1556,
        "mission_priority": 0.8464,
        "estimated_landing_time": 100.0,
        "wait_time": 0,
        "Landing_success_rate": 1.0
    }
]