[
    {
        "model": 1,
        "sequence": 8,
        "status": 1,
        "fuel": 6891,
        "fault": 0.4088,
        "weapon": 1,
        "pilot_injury": 0.9725,
        "pilot_skill": 0.405,
        "mission_priority": 0.3959,
        "estimated_landing_time": 758.0,
        "wait_time": 0,
        "Landing_success_rate": 1.0
    },
    {
        "model": 2,
        "sequence": 5,
        "status": 1,
        "fuel": 6573,
        "fault": 0.5016,
        "weapon": 1,
        "pilot_injury": 0.4179,
        "pilot_skill": 0.8287,
        "mission_priority": 0.6121,
        "estimated_landing_time": 476.0,
        "wait_time": 0,
        "Landing_success_rate": 1.0
    },
    {
        "model": 0,
        "sequence": 11,
        "status": 1,
        "fuel": 6232,
        "fault": 0.4821,
        "weapon": 1,
        "pilot_injury": 0.1615,
        "pilot_skill": 0.7506,
        "mission_priority": 0.0437,
        "estimated_landing_time": 1040.0,
        "wait_time": 0,
        "Landing_success_rate": 1.0
    },
    {
        "model": 1,
        "sequence": 20,
        "status": 1,
        "fuel": 7370,
        "fault": 0.7527,
        "weapon": 1,
        "pilot_injury": 0.7535,
        "pilot_skill": 0.601,
        "mission_priority": 0.9949,
        "estimated_landing_time": 1886.0,
        "wait_time": 0,
        "Landing_success_rate": 1.0
    },
    {
        "model": 2,
        "sequence": 18,
        "status": 1,
        "fuel": 6688,
        "fault": 0.1548,
        "weapon": 0,
        "pilot_injury": 0.9939,
        "pilot_skill": 0.5925,
        "mission_priority": 0.7146,
        "estimated_landing_time": 1698.0,
        "wait_time": 0,
        "Landing_success_rate": 1.0
    },
    {
        "model": 0,
        "sequence": 10,
        "status": 1,
        "fuel": 6117,
        "fault": 0.0773,
        "weapon": 1,
        "pilot_injury": 0.912,
        "pilot_skill": 0.8533,
        "mission_priority": 0.3063,
        "estimated_landing_time": 946.0,
        "wait_time": 0,
        "Landing_success_rate": 1.0
    },
    {
        "model": 2,
        "sequence": 7,
        "status": 1,
        "fuel": 5936,
        "fault": 0.5976,
        "weapon": 1,
        "pilot_injury": 0.2847,
        "pilot_skill": 0.8876,
        "mission_priority": 0.7738,
        "estimated_landing_time": 664.0,
        "wait_time": 0,
        "Landing_success_rate": 1.0
    },
    {
        "model": 1,
        "sequence": 6,
        "status": 1,
        "fuel": 6915,
        "fault": 0.9031,
        "weapon": 1,
        "pilot_injury": 0.8343,
        "pilot_skill": 0.1443,
        "mission_priority": 0.4573,
        "estimated_landing_time": 570.0,
        "wait_time": 0,
        "Landing_success_rate": 1.0
    },
    {
        "model": 2,
        "sequence": 23,
        "status": 1,
        "fuel": 6276,
        "fault": 0.2379,
        "weapon": 0,
        "pilot_injury": 0.4491,
        "pilot_skill": 0.6128,
        "mission_priority": 0.0973,
        "estimated_landing_time": 2168.0,
        "wait_time": 0,
        "Landing_success_rate": 1.0
    },
    {
        "model": 1,
        "sequence": 3,
        "status": 1,
        "fuel": 5956,
        "fault": 0.0985,
        "weapon": 0,
        "pilot_injury": 0.3737,
        "pilot_skill": 0.3248,
        "mission_priority": 0.0264,
        "estimated_landing_time": 288.0,
        "wait_time": 0,
        "Landing_success_rate": 1.0
    },
    {
        "model": 1,
        "sequence": 16,
        "status": 1,
        "fuel": 6900,
        "fault": 0.6181,
        "weapon": 1,
        "pilot_injury": 0.3926,
        "pilot_skill": 0.1814,
        "mission_priority": 0.069,
        "estimated_landing_time": 1510.0,
        "wait_time": 0,
        "Landing_success_rate": 1.0
    },
    {
        "model": 1,
        "sequence": 1,
        "status": 1,
        "fuel": 6956,
        "fault": 0.4226,
        "weapon": 0,
        "pilot_injury": 0.7339,
        "pilot_skill": 0.1564,
        "mission_priority": 0.1128,
        "estimated_landing_time": 100.0,
        "wait_time": 0,
        "Landing_success_rate": 1.0
    },
    {
        "model": 1,
        "sequence": 24,
        "status": 1,
        "fuel": 6399,
        "fault": 0.2694,
        "weapon": 1,
        "pilot_injury": 0.3718,
        "pilot_skill": 0.725,
        "mission_priority": 0.4557,
        "estimated_landing_time": 2262.0,
        "wait_time": 0,
        "Landing_success_rate": 1.0
    },
    {
        "model": 1,
        "sequence": 4,
        "status": 1,
        "fuel": 7065,
        "fault": 0.7691,
        "weapon": 1,
        "pilot_injury": 0.316,
        "pilot_skill": 0.005,
        "mission_priority": 0.9238,
        "estimated_landing_time": 382.0,
        "wait_time": 0,
        "Landing_success_rate": 1.0
    },
    {
        "model": 0,
        "sequence": 2,
        "status": 1,
        "fuel": 7433,
        "fault": 0.9579,
        "weapon": 0,
        "pilot_injury": 0.0909,
        "pilot_skill": 0.0466,
        "mission_priority": 0.886,
        "estimated_landing_time": 194.0,
        "wait_time": 0,
        "Landing_success_rate": 1.0
    },
    {
        "model": 1,
        "sequence": 17,
        "status": 1,
        "fuel": 5599,
        "fault": 0.0546,
        "weapon": 0,
        "pilot_injury": 0.6512,
        "pilot_skill": 0.3175,
        "mission_priority": 0.8332,
        "estimated_landing_time": 1604.0,
        "wait_time": 0,
        "Landing_success_rate": 1.0
    },
    {
        "model": 0,
        "sequence": 13,
        "status": 1,
        "fuel": 5749,
        "fault": 0.0715,
        "weapon": 1,
        "pilot_injury": 0.753,
        "pilot_skill": 0.1405,
        "mission_priority": 0.5952,
        "estimated_landing_time": 1228.0,
        "wait_time": 0,
        "Landing_success_rate": 1.0
    },
    {
        "model": 2,
        "sequence": 22,
        "status": 1,
        "fuel": 5636,
        "fault": 0.3784,
        "weapon": 1,
        "pilot_injury": 0.6839,
        "pilot_skill": 0.1825,
        "mission_priority": 0.9972,
        "estimated_landing_time": 2074.0,
        "wait_time": 0,
        "Landing_success_rate": 1.0
    },
    {
        "model": 2,
        "sequence": 19,
        "status": 1,
        "fuel": 6464,
        "fault": 0.6099,
        "weapon": 1,
        "pilot_injury": 0.6551,
        "pilot_skill": 0.9033,
        "mission_priority": 0.0807,
        "estimated_landing_time": 1792.0,
        "wait_time": 0,
        "Landing_success_rate": 1.0
    },
    {
        "model": 0,
        "sequence": 12,
        "status": 1,
        "fuel": 5697,
        "fault": 0.0529,
        "weapon": 1,
        "pilot_injury": 0.0957,
        "pilot_skill": 0.8856,
        "mission_priority": 0.8755,
        "estimated_landing_time": 1134.0,
        "wait_time": 0,
        "Landing_success_rate": 1.0
    },
    {
        "model": 0,
        "sequence": 21,
        "status": 1,
        "fuel": 6908,
        "fault": 0.8043,
        "weapon": 1,
        "pilot_injury": 0.0454,
        "pilot_skill": 0.4446,
        "mission_priority": 0.8806,
        "estimated_landing_time": 1980.0,
        "wait_time": 0,
        "Landing_success_rate": 1.0
    },
    {
        "model": 2,
        "sequence": 9,
        "status": 1,
        "fuel": 7494,
        "fault": 0.8471,
        "weapon": 0,
        "pilot_injury": 0.9057,
        "pilot_skill": 0.3928,
        "mission_priority": 0.0395,
        "estimated_landing_time": 852.0,
        "wait_time": 0,
        "Landing_success_rate": 1.0
    },
    {
        "model": 0,
        "sequence": 15,
        "status": 1,
        "fuel": 5530,
        "fault": 0.6965,
        "weapon": 0,
        "pilot_injury": 0.9158,
        "pilot_skill": 0.4442,
        "mission_priority": 0.8743,
        "estimated_landing_time": 1416.0,
        "wait_time": 0,
        "Landing_success_rate": 1.0
    },
    {
        "model": 0,
        "sequence": 14,
        "status": 1,
        "fuel": 7050,
        "fault": 0.5716,
        "weapon": 0,
        "pilot_injury": 0.7983,
        "pilot_skill": 0.4926,
        "mission_priority": 0.0511,
        "estimated_landing_time": 1322.0,
        "wait_time": 0,
        "Landing_success_rate": 1.0
    }
]