[
    {
        "model": 0,
        "sequence": 7,
        "status": 1,
        "fuel": 7028,
        "fault": 0.323,
        "weapon": 0,
        "pilot_injury": 0.5723,
        "pilot_skill": 0.2744,
        "mission_priority": 0.1682,
        "estimated_landing_time": 664.0,
        "wait_time": 0,
        "Landing_success_rate": 1.0
    },
    {
        "model": 0,
        "sequence": 3,
        "status": 1,
        "fuel": 6264,
        "fault": 0.0809,
        "weapon": 1,
        "pilot_injury": 0.0364,
        "pilot_skill": 0.5001,
        "mission_priority": 0.2037,
        "estimated_landing_time": 288.0,
        "wait_time": 0,
        "Landing_success_rate": 1.0
    },
    {
        "model": 1,
        "sequence": 15,
        "status": 1,
        "fuel": 6482,
        "fault": 0.6588,
        "weapon": 0,
        "pilot_injury": 0.4785,
        "pilot_skill": 0.6275,
        "mission_priority": 0.0556,
        "estimated_landing_time": 1416.0,
        "wait_time": 0,
        "Landing_success_rate": 1.0
    },
    {
        "model": 2,
        "sequence": 14,
        "status": 1,
        "fuel": 6351,
        "fault": 0.3138,
        "weapon": 1,
        "pilot_injury": 0.9667,
        "pilot_skill": 0.8436,
        "mission_priority": 0.8894,
        "estimated_landing_time": 1322.0,
        "wait_time": 0,
        "Landing_success_rate": 1.0
    },
    {
        "model": 1,
        "sequence": 4,
        "status": 1,
        "fuel": 7423,
        "fault": 0.0619,
        "weapon": 0,
        "pilot_injury": 0.73,
        "pilot_skill": 0.3257,
        "mission_priority": 0.8645,
        "estimated_landing_time": 382.0,
        "wait_time": 0,
        "Landing_success_rate": 1.0
    },
    {
        "model": 1,
        "sequence": 8,
        "status": 1,
        "fuel": 6213,
        "fault": 0.4315,
        "weapon": 1,
        "pilot_injury": 0.7346,
        "pilot_skill": 0.8009,
        "mission_priority": 0.9485,
        "estimated_landing_time": 758.0,
        "wait_time": 0,
        "Landing_success_rate": 1.0
    },
    {
        "model": 1,
        "sequence": 13,
        "status": 1,
        "fuel": 7146,
        "fault": 0.3632,
        "weapon": 1,
        "pilot_injury": 0.8723,
        "pilot_skill": 0.4416,
        "mission_priority": 0.1574,
        "estimated_landing_time": 1228.0,
        "wait_time": 0,
        "Landing_success_rate": 1.0
    },
    {
        "model": 0,
        "sequence": 12,
        "status": 1,
        "fuel": 5974,
        "fault": 0.2485,
        "weapon": 0,
        "pilot_injury": 0.6025,
        "pilot_skill": 0.2796,
        "mission_priority": 0.4068,
        "estimated_landing_time": 1134.0,
        "wait_time": 0,
        "Landing_success_rate": 1.0
    },
    {
        "model": 2,
        "sequence": 22,
        "status": 1,
        "fuel": 7023,
        "fault": 0.4635,
        "weapon": 0,
        "pilot_injury": 0.1241,
        "pilot_skill": 0.5454,
        "mission_priority": 0.931,
        "estimated_landing_time": 2074.0,
        "wait_time": 0,
        "Landing_success_rate": 1.0
    },
    {
        "model": 2,
        "sequence": 23,
        "status": 1,
        "fuel": 7035,
        "fault": 0.6107,
        "weapon": 1,
        "pilot_injury": 0.7167,
        "pilot_skill": 0.5755,
        "mission_priority": 0.046,
        "estimated_landing_time": 2168.0,
        "wait_time": 0,
        "Landing_success_rate": 1.0
    },
    {
        "model": 2,
        "sequence": 11,
        "status": 1,
        "fuel": 7457,
        "fault": 0.6978,
        "weapon": 1,
        "pilot_injury": 0.4919,
        "pilot_skill": 0.4477,
        "mission_priority": 0.7007,
        "estimated_landing_time": 1040.0,
        "wait_time": 0,
        "Landing_success_rate": 1.0
    },
    {
        "model": 1,
        "sequence": 24,
        "status": 1,
        "fuel": 6226,
        "fault": 0.8657,
        "weapon": 1,
        "pilot_injury": 0.4883,
        "pilot_skill": 0.6107,
        "mission_priority": 0.8052,
        "estimated_landing_time": 2262.0,
        "wait_time": 0,
        "Landing_success_rate": 1.0
    },
    {
        "model": 2,
        "sequence": 2,
        "status": 1,
        "fuel": 6915,
        "fault": 0.0014,
        "weapon": 0,
        "pilot_injury": 0.203,
        "pilot_skill": 0.0611,
        "mission_priority": 0.8361,
        "estimated_landing_time": 194.0,
        "wait_time": 0,
        "Landing_success_rate": 1.0
    },
    {
        "model": 2,
        "sequence": 10,
        "status": 1,
        "fuel": 5509,
        "fault": 0.6997,
        "weapon": 1,
        "pilot_injury": 0.5262,
        "pilot_skill": 0.8554,
        "mission_priority": 0.8968,
        "estimated_landing_time": 946.0,
        "wait_time": 0,
        "Landing_success_rate": 1.0
    },
    {
        "model": 0,
        "sequence": 5,
        "status": 1,
        "fuel": 6901,
        "fault": 0.9317,
        "weapon": 0,
        "pilot_injury": 0.7299,
        "pilot_skill": 0.5277,
        "mission_priority": 0.1344,
        "estimated_landing_time": 476.0,
        "wait_time": 0,
        "Landing_success_rate": 1.0
    },
    {
        "model": 0,
        "sequence": 1,
        "status": 1,
        "fuel": 6329,
        "fault": 0.4601,
        "weapon": 1,
        "pilot_injury": 0.2836,
        "pilot_skill": 0.5783,
        "mission_priority": 0.9834,
        "estimated_landing_time": 100.0,
        "wait_time": 0,
        "Landing_success_rate": 1.0
    },
    {
        "model": 0,
        "sequence": 19,
        "status": 1,
        "fuel": 6527,
        "fault": 0.2881,
        "weapon": 1,
        "pilot_injury": 0.7956,
        "pilot_skill": 0.0249,
        "mission_priority": 0.6433,
        "estimated_landing_time": 1792.0,
        "wait_time": 0,
        "Landing_success_rate": 1.0
    },
    {
        "model": 1,
        "sequence": 20,
        "status": 1,
        "fuel": 6099,
        "fault": 0.2827,
        "weapon": 1,
        "pilot_injury": 0.1203,
        "pilot_skill": 0.33,
        "mission_priority": 0.017,
        "estimated_landing_time": 1886.0,
        "wait_time": 0,
        "Landing_success_rate": 1.0
    },
    {
        "model": 0,
        "sequence": 18,
        "status": 1,
        "fuel": 6648,
        "fault": 0.0875,
        "weapon": 0,
        "pilot_injury": 0.1776,
        "pilot_skill": 0.5997,
        "mission_priority": 0.1181,
        "estimated_landing_time": 1698.0,
        "wait_time": 0,
        "Landing_success_rate": 1.0
    },
    {
        "model": 2,
        "sequence": 6,
        "status": 1,
        "fuel": 5609,
        "fault": 0.6159,
        "weapon": 0,
        "pilot_injury": 0.3859,
        "pilot_skill": 0.5282,
        "mission_priority": 0.4885,
        "estimated_landing_time": 570.0,
        "wait_time": 0,
        "Landing_success_rate": 1.0
    },
    {
        "model": 0,
        "sequence": 16,
        "status": 1,
        "fuel": 6880,
        "fault": 0.9652,
        "weapon": 1,
        "pilot_injury": 0.7357,
        "pilot_skill": 0.2145,
        "mission_priority": 0.6961,
        "estimated_landing_time": 1510.0,
        "wait_time": 0,
        "Landing_success_rate": 1.0
    },
    {
        "model": 1,
        "sequence": 17,
        "status": 1,
        "fuel": 6911,
        "fault": 0.3168,
        "weapon": 1,
        "pilot_injury": 0.241,
        "pilot_skill": 0.6528,
        "mission_priority": 0.8078,
        "estimated_landing_time": 1604.0,
        "wait_time": 0,
        "Landing_success_rate": 1.0
    },
    {
        "model": 0,
        "sequence": 9,
        "status": 1,
        "fuel": 5916,
        "fault": 0.2246,
        "weapon": 1,
        "pilot_injury": 0.9375,
        "pilot_skill": 0.731,
        "mission_priority": 0.5419,
        "estimated_landing_time": 852.0,
        "wait_time": 0,
        "Landing_success_rate": 1.0
    },
    {
        "model": 2,
        "sequence": 21,
        "status": 1,
        "fuel": 7430,
        "fault": 0.0491,
        "weapon": 1,
        "pilot_injury": 0.2635,
        "pilot_skill": 0.9715,
        "mission_priority": 0.9498,
        "estimated_landing_time": 1980.0,
        "wait_time": 0,
        "Landing_success_rate": 1.0
    }
]