[
    {
        "model": 1,
        "sequence": 16,
        "status": 1,
        "fuel": 6941,
        "fault": 0.7716,
        "weapon": 1,
        "pilot_injury": 0.9663,
        "pilot_skill": 0.7927,
        "mission_priority": 0.7575,
        "estimated_landing_time": 1510.0,
        "wait_time": 0,
        "Landing_success_rate": 1.0
    },
    {
        "model": 1,
        "sequence": 11,
        "status": 1,
        "fuel": 6553,
        "fault": 0.6567,
        "weapon": 0,
        "pilot_injury": 0.0292,
        "pilot_skill": 0.6385,
        "mission_priority": 0.3708,
        "estimated_landing_time": 1040.0,
        "wait_time": 0,
        "Landing_success_rate": 1.0
    },
    {
        "model": 1,
        "sequence": 22,
        "status": 1,
        "fuel": 7083,
        "fault": 0.0425,
        "weapon": 0,
        "pilot_injury": 0.8287,
        "pilot_skill": 0.133,
        "mission_priority": 0.9187,
        "estimated_landing_time": 2074.0,
        "wait_time": 0,
        "Landing_success_rate": 1.0
    },
    {
        "model": 0,
        "sequence": 18,
        "status": 1,
        "fuel": 7496,
        "fault": 0.5051,
        "weapon": 0,
        "pilot_injury": 0.8381,
        "pilot_skill": 0.4927,
        "mission_priority": 0.9393,
        "estimated_landing_time": 1698.0,
        "wait_time": 0,
        "Landing_success_rate": 1.0
    },
    {
        "model": 1,
        "sequence": 21,
        "status": 1,
        "fuel": 6531,
        "fault": 0.3269,
        "weapon": 1,
        "pilot_injury": 0.2396,
        "pilot_skill": 0.6164,
        "mission_priority": 0.9945,
        "estimated_landing_time": 1980.0,
        "wait_time": 0,
        "Landing_success_rate": 1.0
    },
    {
        "model": 1,
        "sequence": 15,
        "status": 1,
        "fuel": 7263,
        "fault": 0.6828,
        "weapon": 0,
        "pilot_injury": 0.0641,
        "pilot_skill": 0.8591,
        "mission_priority": 0.4919,
        "estimated_landing_time": 1416.0,
        "wait_time": 0,
        "Landing_success_rate": 1.0
    },
    {
        "model": 2,
        "sequence": 20,
        "status": 1,
        "fuel": 6832,
        "fault": 0.1639,
        "weapon": 1,
        "pilot_injury": 0.8116,
        "pilot_skill": 0.4774,
        "mission_priority": 0.8581,
        "estimated_landing_time": 1886.0,
        "wait_time": 0,
        "Landing_success_rate": 1.0
    },
    {
        "model": 2,
        "sequence": 4,
        "status": 1,
        "fuel": 6172,
        "fault": 0.6468,
        "weapon": 1,
        "pilot_injury": 0.0334,
        "pilot_skill": 0.138,
        "mission_priority": 0.8514,
        "estimated_landing_time": 382.0,
        "wait_time": 0,
        "Landing_success_rate": 1.0
    },
    {
        "model": 2,
        "sequence": 19,
        "status": 1,
        "fuel": 7389,
        "fault": 0.2366,
        "weapon": 1,
        "pilot_injury": 0.663,
        "pilot_skill": 0.5925,
        "mission_priority": 0.0822,
        "estimated_landing_time": 1792.0,
        "wait_time": 0,
        "Landing_success_rate": 1.0
    },
    {
        "model": 2,
        "sequence": 7,
        "status": 1,
        "fuel": 6877,
        "fault": 0.0791,
        "weapon": 0,
        "pilot_injury": 0.8553,
        "pilot_skill": 0.5355,
        "mission_priority": 0.4143,
        "estimated_landing_time": 664.0,
        "wait_time": 0,
        "Landing_success_rate": 1.0
    },
    {
        "model": 2,
        "sequence": 1,
        "status": 1,
        "fuel": 6296,
        "fault": 0.5501,
        "weapon": 1,
        "pilot_injury": 0.0398,
        "pilot_skill": 0.1312,
        "mission_priority": 0.9295,
        "estimated_landing_time": 100.0,
        "wait_time": 0,
        "Landing_success_rate": 1.0
    },
    {
        "model": 0,
        "sequence": 3,
        "status": 1,
        "fuel": 5556,
        "fault": 0.613,
        "weapon": 1,
        "pilot_injury": 0.1802,
        "pilot_skill": 0.1461,
        "mission_priority": 0.2561,
        "estimated_landing_time": 288.0,
        "wait_time": 0,
        "Landing_success_rate": 1.0
    },
    {
        "model": 1,
        "sequence": 5,
        "status": 1,
        "fuel": 7325,
        "fault": 0.4775,
        "weapon": 0,
        "pilot_injury": 0.804,
        "pilot_skill": 0.5068,
        "mission_priority": 0.6094,
        "estimated_landing_time": 476.0,
        "wait_time": 0,
        "Landing_success_rate": 1.0
    },
    {
        "model": 1,
        "sequence": 12,
        "status": 1,
        "fuel": 7360,
        "fault": 0.8412,
        "weapon": 0,
        "pilot_injury": 0.4453,
        "pilot_skill": 0.864,
        "mission_priority": 0.4891,
        "estimated_landing_time": 1134.0,
        "wait_time": 0,
        "Landing_success_rate": 1.0
    },
    {
        "model": 0,
        "sequence": 10,
        "status": 1,
        "fuel": 6638,
        "fault": 0.1685,
        "weapon": 1,
        "pilot_injury": 0.3808,
        "pilot_skill": 0.5154,
        "mission_priority": 0.1353,
        "estimated_landing_time": 946.0,
        "wait_time": 0,
        "Landing_success_rate": 1.0
    },
    {
        "model": 1,
        "sequence": 24,
        "status": 1,
        "fuel": 6598,
        "fault": 0.3616,
        "weapon": 1,
        "pilot_injury": 0.4832,
        "pilot_skill": 0.21,
        "mission_priority": 0.0584,
        "estimated_landing_time": 2262.0,
        "wait_time": 0,
        "Landing_success_rate": 1.0
    },
    {
        "model": 1,
        "sequence": 23,
        "status": 1,
        "fuel": 5996,
        "fault": 0.2313,
        "weapon": 1,
        "pilot_injury": 0.7496,
        "pilot_skill": 0.254,
        "mission_priority": 0.4934,
        "estimated_landing_time": 2168.0,
        "wait_time": 0,
        "Landing_success_rate": 1.0
    },
    {
        "model": 1,
        "sequence": 8,
        "status": 1,
        "fuel": 6520,
        "fault": 0.3398,
        "weapon": 1,
        "pilot_injury": 0.0995,
        "pilot_skill": 0.7946,
        "mission_priority": 0.0567,
        "estimated_landing_time": 758.0,
        "wait_time": 0,
        "Landing_success_rate": 1.0
    },
    {
        "model": 2,
        "sequence": 9,
        "status": 1,
        "fuel": 6252,
        "fault": 0.5751,
        "weapon": 1,
        "pilot_injury": 0.9425,
        "pilot_skill": 0.0866,
        "mission_priority": 0.2789,
        "estimated_landing_time": 852.0,
        "wait_time": 0,
        "Landing_success_rate": 1.0
    },
    {
        "model": 2,
        "sequence": 17,
        "status": 1,
        "fuel": 7405,
        "fault": 0.5616,
        "weapon": 1,
        "pilot_injury": 0.9492,
        "pilot_skill": 0.3892,
        "mission_priority": 0.0033,
        "estimated_landing_time": 1604.0,
        "wait_time": 0,
        "Landing_success_rate": 1.0
    },
    {
        "model": 0,
        "sequence": 6,
        "status": 1,
        "fuel": 6747,
        "fault": 0.8675,
        "weapon": 1,
        "pilot_injury": 0.7521,
        "pilot_skill": 0.7906,
        "mission_priority": 0.9115,
        "estimated_landing_time": 570.0,
        "wait_time": 0,
        "Landing_success_rate": 1.0
    },
    {
        "model": 2,
        "sequence": 13,
        "status": 1,
        "fuel": 5784,
        "fault": 0.42,
        "weapon": 1,
        "pilot_injury": 0.8271,
        "pilot_skill": 0.8363,
        "mission_priority": 0.4115,
        "estimated_landing_time": 1228.0,
        "wait_time": 0,
        "Landing_success_rate": 1.0
    },
    {
        "model": 1,
        "sequence": 14,
        "status": 1,
        "fuel": 6529,
        "fault": 0.9336,
        "weapon": 1,
        "pilot_injury": 0.5975,
        "pilot_skill": 0.282,
        "mission_priority": 0.6832,
        "estimated_landing_time": 1322.0,
        "wait_time": 0,
        "Landing_success_rate": 1.0
    },
    {
        "model": 0,
        "sequence": 2,
        "status": 1,
        "fuel": 5965,
        "fault": 0.2239,
        "weapon": 1,
        "pilot_injury": 0.4436,
        "pilot_skill": 0.4221,
        "mission_priority": 0.749,
        "estimated_landing_time": 194.0,
        "wait_time": 0,
        "Landing_success_rate": 1.0
    }
]