[
    {
        "model": 1,
        "sequence": 17,
        "status": 1,
        "fuel": 6954,
        "fault": 0.0907,
        "weapon": 0,
        "pilot_injury": 0.1964,
        "pilot_skill": 0.1142,
        "mission_priority": 0.3594,
        "estimated_landing_time": 1604.0,
        "wait_time": 0,
        "Landing_success_rate": 1.0
    },
    {
        "model": 2,
        "sequence": 21,
        "status": 1,
        "fuel": 7462,
        "fault": 0.5686,
        "weapon": 1,
        "pilot_injury": 0.1956,
        "pilot_skill": 0.4753,
        "mission_priority": 0.2876,
        "estimated_landing_time": 1980.0,
        "wait_time": 0,
        "Landing_success_rate": 1.0
    },
    {
        "model": 0,
        "sequence": 10,
        "status": 1,
        "fuel": 7202,
        "fault": 0.0042,
        "weapon": 0,
        "pilot_injury": 0.8425,
        "pilot_skill": 0.2038,
        "mission_priority": 0.6489,
        "estimated_landing_time": 946.0,
        "wait_time": 0,
        "Landing_success_rate": 1.0
    },
    {
        "model": 0,
        "sequence": 19,
        "status": 1,
        "fuel": 5528,
        "fault": 0.5183,
        "weapon": 0,
        "pilot_injury": 0.0368,
        "pilot_skill": 0.5593,
        "mission_priority": 0.5879,
        "estimated_landing_time": 1792.0,
        "wait_time": 0,
        "Landing_success_rate": 1.0
    },
    {
        "model": 0,
        "sequence": 6,
        "status": 1,
        "fuel": 6877,
        "fault": 0.2662,
        "weapon": 0,
        "pilot_injury": 0.4019,
        "pilot_skill": 0.6421,
        "mission_priority": 0.7019,
        "estimated_landing_time": 570.0,
        "wait_time": 0,
        "Landing_success_rate": 1.0
    },
    {
        "model": 0,
        "sequence": 9,
        "status": 1,
        "fuel": 6811,
        "fault": 0.0104,
        "weapon": 0,
        "pilot_injury": 0.6727,
        "pilot_skill": 0.4493,
        "mission_priority": 0.2635,
        "estimated_landing_time": 852.0,
        "wait_time": 0,
        "Landing_success_rate": 1.0
    },
    {
        "model": 2,
        "sequence": 3,
        "status": 1,
        "fuel": 7034,
        "fault": 0.7855,
        "weapon": 1,
        "pilot_injury": 0.4875,
        "pilot_skill": 0.6241,
        "mission_priority": 0.4711,
        "estimated_landing_time": 288.0,
        "wait_time": 0,
        "Landing_success_rate": 1.0
    },
    {
        "model": 1,
        "sequence": 24,
        "status": 1,
        "fuel": 6566,
        "fault": 0.6338,
        "weapon": 1,
        "pilot_injury": 0.9881,
        "pilot_skill": 0.2426,
        "mission_priority": 0.1385,
        "estimated_landing_time": 2262.0,
        "wait_time": 0,
        "Landing_success_rate": 1.0
    },
    {
        "model": 2,
        "sequence": 15,
        "status": 1,
        "fuel": 6886,
        "fault": 0.9573,
        "weapon": 0,
        "pilot_injury": 0.8523,
        "pilot_skill": 0.2474,
        "mission_priority": 0.5997,
        "estimated_landing_time": 1416.0,
        "wait_time": 0,
        "Landing_success_rate": 1.0
    },
    {
        "model": 0,
        "sequence": 14,
        "status": 1,
        "fuel": 5812,
        "fault": 0.6335,
        "weapon": 1,
        "pilot_injury": 0.2354,
        "pilot_skill": 0.39,
        "mission_priority": 0.7886,
        "estimated_landing_time": 1322.0,
        "wait_time": 0,
        "Landing_success_rate": 1.0
    },
    {
        "model": 1,
        "sequence": 18,
        "status": 1,
        "fuel": 6688,
        "fault": 0.3006,
        "weapon": 0,
        "pilot_injury": 0.4817,
        "pilot_skill": 0.9391,
        "mission_priority": 0.3035,
        "estimated_landing_time": 1698.0,
        "wait_time": 0,
        "Landing_success_rate": 1.0
    },
    {
        "model": 1,
        "sequence": 8,
        "status": 1,
        "fuel": 7248,
        "fault": 0.3492,
        "weapon": 1,
        "pilot_injury": 0.7558,
        "pilot_skill": 0.703,
        "mission_priority": 0.7007,
        "estimated_landing_time": 758.0,
        "wait_time": 0,
        "Landing_success_rate": 1.0
    },
    {
        "model": 0,
        "sequence": 20,
        "status": 1,
        "fuel": 6192,
        "fault": 0.7502,
        "weapon": 1,
        "pilot_injury": 0.7299,
        "pilot_skill": 0.9365,
        "mission_priority": 0.1574,
        "estimated_landing_time": 1886.0,
        "wait_time": 0,
        "Landing_success_rate": 1.0
    },
    {
        "model": 0,
        "sequence": 22,
        "status": 1,
        "fuel": 6584,
        "fault": 0.553,
        "weapon": 1,
        "pilot_injury": 0.8498,
        "pilot_skill": 0.1061,
        "mission_priority": 0.7152,
        "estimated_landing_time": 2074.0,
        "wait_time": 0,
        "Landing_success_rate": 1.0
    },
    {
        "model": 2,
        "sequence": 13,
        "status": 1,
        "fuel": 6190,
        "fault": 0.6001,
        "weapon": 0,
        "pilot_injury": 0.8913,
        "pilot_skill": 0.7706,
        "mission_priority": 0.5986,
        "estimated_landing_time": 1228.0,
        "wait_time": 0,
        "Landing_success_rate": 1.0
    },
    {
        "model": 1,
        "sequence": 7,
        "status": 1,
        "fuel": 5889,
        "fault": 0.1884,
        "weapon": 1,
        "pilot_injury": 0.0486,
        "pilot_skill": 0.6454,
        "mission_priority": 0.6861,
        "estimated_landing_time": 664.0,
        "wait_time": 0,
        "Landing_success_rate": 1.0
    },
    {
        "model": 1,
        "sequence": 23,
        "status": 1,
        "fuel": 6831,
        "fault": 0.4993,
        "weapon": 0,
        "pilot_injury": 0.629,
        "pilot_skill": 0.9457,
        "mission_priority": 0.3947,
        "estimated_landing_time": 2168.0,
        "wait_time": 0,
        "Landing_success_rate": 1.0
    },
    {
        "model": 2,
        "sequence": 16,
        "status": 1,
        "fuel": 5632,
        "fault": 0.1003,
        "weapon": 0,
        "pilot_injury": 0.3423,
        "pilot_skill": 0.8689,
        "mission_priority": 0.8462,
        "estimated_landing_time": 1510.0,
        "wait_time": 0,
        "Landing_success_rate": 1.0
    },
    {
        "model": 0,
        "sequence": 11,
        "status": 1,
        "fuel": 7328,
        "fault": 0.9536,
        "weapon": 1,
        "pilot_injury": 0.9835,
        "pilot_skill": 0.7024,
        "mission_priority": 0.6432,
        "estimated_landing_time": 1040.0,
        "wait_time": 0,
        "Landing_success_rate": 1.0
    },
    {
        "model": 1,
        "sequence": 12,
        "status": 1,
        "fuel": 6512,
        "fault": 0.8197,
        "weapon": 1,
        "pilot_injury": 0.2429,
        "pilot_skill": 0.1378,
        "mission_priority": 0.471,
        "estimated_landing_time": 1134.0,
        "wait_time": 0,
        "Landing_success_rate": 1.0
    },
    {
        "model": 2,
        "sequence": 2,
        "status": 1,
        "fuel": 5814,
        "fault": 0.2586,
        "weapon": 1,
        "pilot_injury": 0.1395,
        "pilot_skill": 0.6812,
        "mission_priority": 0.3041,
        "estimated_landing_time": 194.0,
        "wait_time": 0,
        "Landing_success_rate": 1.0
    },
    {
        "model": 1,
        "sequence": 5,
        "status": 1,
        "fuel": 5813,
        "fault": 0.9834,
        "weapon": 1,
        "pilot_injury": 0.6224,
        "pilot_skill": 0.6501,
        "mission_priority": 0.091,
        "estimated_landing_time": 476.0,
        "wait_time": 0,
        "Landing_success_rate": 1.0
    },
    {
        "model": 2,
        "sequence": 4,
        "status": 1,
        "fuel": 6700,
        "fault": 0.0976,
        "weapon": 0,
        "pilot_injury": 0.3974,
        "pilot_skill": 0.6726,
        "mission_priority": 0.0552,
        "estimated_landing_time": 382.0,
        "wait_time": 0,
        "Landing_success_rate": 1.0
    },
    {
        "model": 1,
        "sequence": 1,
        "status": 1,
        "fuel": 5588,
        "fault": 0.3146,
        "weapon": 0,
        "pilot_injury": 0.0639,
        "pilot_skill": 0.7264,
        "mission_priority": 0.5013,
        "estimated_landing_time": 100.0,
        "wait_time": 0,
        "Landing_success_rate": 1.0
    }
]