[
    {
        "model": 1,
        "sequence": 15,
        "status": 1,
        "fuel": 6696,
        "fault": 0.6385,
        "weapon": 1,
        "pilot_injury": 0.3452,
        "pilot_skill": 0.6219,
        "mission_priority": 0.1925,
        "estimated_landing_time": 1416.0,
        "wait_time": 0,
        "Landing_success_rate": 1.0
    },
    {
        "model": 1,
        "sequence": 11,
        "status": 1,
        "fuel": 5840,
        "fault": 0.6648,
        "weapon": 0,
        "pilot_injury": 0.3146,
        "pilot_skill": 0.1291,
        "mission_priority": 0.4823,
        "estimated_landing_time": 1040.0,
        "wait_time": 0,
        "Landing_success_rate": 1.0
    },
    {
        "model": 0,
        "sequence": 6,
        "status": 1,
        "fuel": 5945,
        "fault": 0.8544,
        "weapon": 0,
        "pilot_injury": 0.1743,
        "pilot_skill": 0.0293,
        "mission_priority": 0.0304,
        "estimated_landing_time": 570.0,
        "wait_time": 0,
        "Landing_success_rate": 1.0
    },
    {
        "model": 1,
        "sequence": 4,
        "status": 1,
        "fuel": 5797,
        "fault": 0.8354,
        "weapon": 0,
        "pilot_injury": 0.9191,
        "pilot_skill": 0.1994,
        "mission_priority": 0.066,
        "estimated_landing_time": 382.0,
        "wait_time": 0,
        "Landing_success_rate": 1.0
    },
    {
        "model": 2,
        "sequence": 2,
        "status": 1,
        "fuel": 6883,
        "fault": 0.2066,
        "weapon": 1,
        "pilot_injury": 0.0618,
        "pilot_skill": 0.7527,
        "mission_priority": 0.5571,
        "estimated_landing_time": 194.0,
        "wait_time": 0,
        "Landing_success_rate": 1.0
    },
    {
        "model": 1,
        "sequence": 10,
        "status": 1,
        "fuel": 6133,
        "fault": 0.7931,
        "weapon": 0,
        "pilot_injury": 0.0388,
        "pilot_skill": 0.3543,
        "mission_priority": 0.3633,
        "estimated_landing_time": 946.0,
        "wait_time": 0,
        "Landing_success_rate": 1.0
    },
    {
        "model": 0,
        "sequence": 19,
        "status": 1,
        "fuel": 6417,
        "fault": 0.5675,
        "weapon": 0,
        "pilot_injury": 0.8969,
        "pilot_skill": 0.1405,
        "mission_priority": 0.5338,
        "estimated_landing_time": 1792.0,
        "wait_time": 0,
        "Landing_success_rate": 1.0
    },
    {
        "model": 1,
        "sequence": 16,
        "status": 1,
        "fuel": 6475,
        "fault": 0.6984,
        "weapon": 0,
        "pilot_injury": 0.3666,
        "pilot_skill": 0.0693,
        "mission_priority": 0.3247,
        "estimated_landing_time": 1510.0,
        "wait_time": 0,
        "Landing_success_rate": 1.0
    },
    {
        "model": 1,
        "sequence": 22,
        "status": 1,
        "fuel": 7443,
        "fault": 0.192,
        "weapon": 0,
        "pilot_injury": 0.1266,
        "pilot_skill": 0.5558,
        "mission_priority": 0.7939,
        "estimated_landing_time": 2074.0,
        "wait_time": 0,
        "Landing_success_rate": 1.0
    },
    {
        "model": 0,
        "sequence": 12,
        "status": 1,
        "fuel": 7148,
        "fault": 0.49,
        "weapon": 1,
        "pilot_injury": 0.0006,
        "pilot_skill": 0.3538,
        "mission_priority": 0.3696,
        "estimated_landing_time": 1134.0,
        "wait_time": 0,
        "Landing_success_rate": 1.0
    },
    {
        "model": 0,
        "sequence": 20,
        "status": 1,
        "fuel": 7156,
        "fault": 0.2315,
        "weapon": 0,
        "pilot_injury": 0.6889,
        "pilot_skill": 0.5281,
        "mission_priority": 0.405,
        "estimated_landing_time": 1886.0,
        "wait_time": 0,
        "Landing_success_rate": 1.0
    },
    {
        "model": 0,
        "sequence": 3,
        "status": 1,
        "fuel": 7147,
        "fault": 0.8946,
        "weapon": 1,
        "pilot_injury": 0.3345,
        "pilot_skill": 0.9526,
        "mission_priority": 0.0646,
        "estimated_landing_time": 288.0,
        "wait_time": 0,
        "Landing_success_rate": 1.0
    },
    {
        "model": 2,
        "sequence": 14,
        "status": 1,
        "fuel": 6800,
        "fault": 0.9212,
        "weapon": 0,
        "pilot_injury": 0.9019,
        "pilot_skill": 0.0906,
        "mission_priority": 0.9704,
        "estimated_landing_time": 1322.0,
        "wait_time": 0,
        "Landing_success_rate": 1.0
    },
    {
        "model": 1,
        "sequence": 24,
        "status": 1,
        "fuel": 6603,
        "fault": 0.0294,
        "weapon": 0,
        "pilot_injury": 0.0848,
        "pilot_skill": 0.0512,
        "mission_priority": 0.9647,
        "estimated_landing_time": 2262.0,
        "wait_time": 0,
        "Landing_success_rate": 1.0
    },
    {
        "model": 2,
        "sequence": 18,
        "status": 1,
        "fuel": 6955,
        "fault": 0.5845,
        "weapon": 1,
        "pilot_injury": 0.1082,
        "pilot_skill": 0.526,
        "mission_priority": 0.3201,
        "estimated_landing_time": 1698.0,
        "wait_time": 0,
        "Landing_success_rate": 1.0
    },
    {
        "model": 2,
        "sequence": 7,
        "status": 1,
        "fuel": 7137,
        "fault": 0.3231,
        "weapon": 0,
        "pilot_injury": 0.7909,
        "pilot_skill": 0.4433,
        "mission_priority": 0.4933,
        "estimated_landing_time": 664.0,
        "wait_time": 0,
        "Landing_success_rate": 1.0
    },
    {
        "model": 0,
        "sequence": 5,
        "status": 1,
        "fuel": 5804,
        "fault": 0.6926,
        "weapon": 0,
        "pilot_injury": 0.8286,
        "pilot_skill": 0.8369,
        "mission_priority": 0.541,
        "estimated_landing_time": 476.0,
        "wait_time": 0,
        "Landing_success_rate": 1.0
    },
    {
        "model": 2,
        "sequence": 13,
        "status": 1,
        "fuel": 5509,
        "fault": 0.3582,
        "weapon": 1,
        "pilot_injury": 0.1059,
        "pilot_skill": 0.7633,
        "mission_priority": 0.3112,
        "estimated_landing_time": 1228.0,
        "wait_time": 0,
        "Landing_success_rate": 1.0
    },
    {
        "model": 1,
        "sequence": 17,
        "status": 1,
        "fuel": 7083,
        "fault": 0.5318,
        "weapon": 1,
        "pilot_injury": 0.4219,
        "pilot_skill": 0.7896,
        "mission_priority": 0.6372,
        "estimated_landing_time": 1604.0,
        "wait_time": 0,
        "Landing_success_rate": 1.0
    },
    {
        "model": 0,
        "sequence": 1,
        "status": 1,
        "fuel": 6538,
        "fault": 0.7268,
        "weapon": 0,
        "pilot_injury": 0.7977,
        "pilot_skill": 0.7625,
        "mission_priority": 0.1692,
        "estimated_landing_time": 100.0,
        "wait_time": 0,
        "Landing_success_rate": 1.0
    },
    {
        "model": 2,
        "sequence": 21,
        "status": 1,
        "fuel": 7264,
        "fault": 0.4911,
        "weapon": 0,
        "pilot_injury": 0.9836,
        "pilot_skill": 0.8436,
        "mission_priority": 0.6842,
        "estimated_landing_time": 1980.0,
        "wait_time": 0,
        "Landing_success_rate": 1.0
    },
    {
        "model": 1,
        "sequence": 8,
        "status": 1,
        "fuel": 6192,
        "fault": 0.934,
        "weapon": 1,
        "pilot_injury": 0.0097,
        "pilot_skill": 0.321,
        "mission_priority": 0.9719,
        "estimated_landing_time": 758.0,
        "wait_time": 0,
        "Landing_success_rate": 1.0
    },
    {
        "model": 1,
        "sequence": 9,
        "status": 1,
        "fuel": 7196,
        "fault": 0.9021,
        "weapon": 0,
        "pilot_injury": 0.502,
        "pilot_skill": 0.079,
        "mission_priority": 0.789,
        "estimated_landing_time": 852.0,
        "wait_time": 0,
        "Landing_success_rate": 1.0
    },
    {
        "model": 1,
        "sequence": 23,
        "status": 1,
        "fuel": 6509,
        "fault": 0.758,
        "weapon": 0,
        "pilot_injury": 0.0545,
        "pilot_skill": 0.734,
        "mission_priority": 0.3994,
        "estimated_landing_time": 2168.0,
        "wait_time": 0,
        "Landing_success_rate": 1.0
    }
]