[
    {
        "model": 2,
        "sequence": 9,
        "status": 1,
        "fuel": 7296,
        "fault": 0.0872,
        "weapon": 0,
        "pilot_injury": 0.1275,
        "pilot_skill": 0.4838,
        "mission_priority": 0.2012,
        "estimated_landing_time": 852.0,
        "wait_time": 0,
        "Landing_success_rate": 1.0
    },
    {
        "model": 1,
        "sequence": 3,
        "status": 1,
        "fuel": 6630,
        "fault": 0.1384,
        "weapon": 0,
        "pilot_injury": 0.6485,
        "pilot_skill": 0.3384,
        "mission_priority": 0.5645,
        "estimated_landing_time": 288.0,
        "wait_time": 0,
        "Landing_success_rate": 1.0
    },
    {
        "model": 2,
        "sequence": 23,
        "status": 1,
        "fuel": 6589,
        "fault": 0.9305,
        "weapon": 0,
        "pilot_injury": 0.5375,
        "pilot_skill": 0.3838,
        "mission_priority": 0.806,
        "estimated_landing_time": 2168.0,
        "wait_time": 0,
        "Landing_success_rate": 1.0
    },
    {
        "model": 2,
        "sequence": 8,
        "status": 1,
        "fuel": 6574,
        "fault": 0.5261,
        "weapon": 1,
        "pilot_injury": 0.2228,
        "pilot_skill": 0.1121,
        "mission_priority": 0.381,
        "estimated_landing_time": 758.0,
        "wait_time": 0,
        "Landing_success_rate": 1.0
    },
    {
        "model": 1,
        "sequence": 14,
        "status": 1,
        "fuel": 5548,
        "fault": 0.0548,
        "weapon": 0,
        "pilot_injury": 0.2074,
        "pilot_skill": 0.8682,
        "mission_priority": 0.5679,
        "estimated_landing_time": 1322.0,
        "wait_time": 0,
        "Landing_success_rate": 1.0
    },
    {
        "model": 1,
        "sequence": 15,
        "status": 1,
        "fuel": 6167,
        "fault": 0.623,
        "weapon": 1,
        "pilot_injury": 0.1304,
        "pilot_skill": 0.857,
        "mission_priority": 0.4833,
        "estimated_landing_time": 1416.0,
        "wait_time": 0,
        "Landing_success_rate": 1.0
    },
    {
        "model": 0,
        "sequence": 10,
        "status": 1,
        "fuel": 5962,
        "fault": 0.0905,
        "weapon": 1,
        "pilot_injury": 0.4608,
        "pilot_skill": 0.6046,
        "mission_priority": 0.8936,
        "estimated_landing_time": 946.0,
        "wait_time": 0,
        "Landing_success_rate": 1.0
    },
    {
        "model": 1,
        "sequence": 5,
        "status": 1,
        "fuel": 7035,
        "fault": 0.2252,
        "weapon": 1,
        "pilot_injury": 0.4169,
        "pilot_skill": 0.7496,
        "mission_priority": 0.2333,
        "estimated_landing_time": 476.0,
        "wait_time": 0,
        "Landing_success_rate": 1.0
    },
    {
        "model": 0,
        "sequence": 20,
        "status": 1,
        "fuel": 6471,
        "fault": 0.9663,
        "weapon": 0,
        "pilot_injury": 0.4639,
        "pilot_skill": 0.8914,
        "mission_priority": 0.8057,
        "estimated_landing_time": 1886.0,
        "wait_time": 0,
        "Landing_success_rate": 1.0
    },
    {
        "model": 2,
        "sequence": 4,
        "status": 1,
        "fuel": 7084,
        "fault": 0.8483,
        "weapon": 0,
        "pilot_injury": 0.1511,
        "pilot_skill": 0.9104,
        "mission_priority": 0.4932,
        "estimated_landing_time": 382.0,
        "wait_time": 0,
        "Landing_success_rate": 1.0
    },
    {
        "model": 1,
        "sequence": 18,
        "status": 1,
        "fuel": 6842,
        "fault": 0.4616,
        "weapon": 1,
        "pilot_injury": 0.8748,
        "pilot_skill": 0.6547,
        "mission_priority": 0.8124,
        "estimated_landing_time": 1698.0,
        "wait_time": 0,
        "Landing_success_rate": 1.0
    },
    {
        "model": 1,
        "sequence": 22,
        "status": 1,
        "fuel": 7314,
        "fault": 0.3615,
        "weapon": 1,
        "pilot_injury": 0.181,
        "pilot_skill": 0.0245,
        "mission_priority": 0.5308,
        "estimated_landing_time": 2074.0,
        "wait_time": 0,
        "Landing_success_rate": 1.0
    },
    {
        "model": 2,
        "sequence": 19,
        "status": 1,
        "fuel": 5952,
        "fault": 0.4505,
        "weapon": 0,
        "pilot_injury": 0.3392,
        "pilot_skill": 0.7538,
        "mission_priority": 0.8426,
        "estimated_landing_time": 1792.0,
        "wait_time": 0,
        "Landing_success_rate": 1.0
    },
    {
        "model": 1,
        "sequence": 6,
        "status": 1,
        "fuel": 6216,
        "fault": 0.1147,
        "weapon": 1,
        "pilot_injury": 0.6136,
        "pilot_skill": 0.8622,
        "mission_priority": 0.9005,
        "estimated_landing_time": 570.0,
        "wait_time": 0,
        "Landing_success_rate": 1.0
    },
    {
        "model": 0,
        "sequence": 7,
        "status": 1,
        "fuel": 5848,
        "fault": 0.0875,
        "weapon": 1,
        "pilot_injury": 0.0045,
        "pilot_skill": 0.4924,
        "mission_priority": 0.4364,
        "estimated_landing_time": 664.0,
        "wait_time": 0,
        "Landing_success_rate": 1.0
    },
    {
        "model": 1,
        "sequence": 2,
        "status": 1,
        "fuel": 5576,
        "fault": 0.9843,
        "weapon": 1,
        "pilot_injury": 0.3658,
        "pilot_skill": 0.2086,
        "mission_priority": 0.3948,
        "estimated_landing_time": 194.0,
        "wait_time": 0,
        "Landing_success_rate": 1.0
    },
    {
        "model": 0,
        "sequence": 13,
        "status": 1,
        "fuel": 6396,
        "fault": 0.0392,
        "weapon": 0,
        "pilot_injury": 0.3837,
        "pilot_skill": 0.6228,
        "mission_priority": 0.3247,
        "estimated_landing_time": 1228.0,
        "wait_time": 0,
        "Landing_success_rate": 1.0
    },
    {
        "model": 1,
        "sequence": 1,
        "status": 1,
        "fuel": 5551,
        "fault": 0.9764,
        "weapon": 0,
        "pilot_injury": 0.2086,
        "pilot_skill": 0.6253,
        "mission_priority": 0.1096,
        "estimated_landing_time": 100.0,
        "wait_time": 0,
        "Landing_success_rate": 1.0
    },
    {
        "model": 1,
        "sequence": 16,
        "status": 1,
        "fuel": 5810,
        "fault": 0.3343,
        "weapon": 0,
        "pilot_injury": 0.5491,
        "pilot_skill": 0.7463,
        "mission_priority": 0.2732,
        "estimated_landing_time": 1510.0,
        "wait_time": 0,
        "Landing_success_rate": 1.0
    },
    {
        "model": 2,
        "sequence": 21,
        "status": 1,
        "fuel": 7313,
        "fault": 0.1796,
        "weapon": 0,
        "pilot_injury": 0.2687,
        "pilot_skill": 0.4077,
        "mission_priority": 0.5375,
        "estimated_landing_time": 1980.0,
        "wait_time": 0,
        "Landing_success_rate": 1.0
    },
    {
        "model": 0,
        "sequence": 12,
        "status": 1,
        "fuel": 7328,
        "fault": 0.5733,
        "weapon": 0,
        "pilot_injury": 0.6937,
        "pilot_skill": 0.4632,
        "mission_priority": 0.2645,
        "estimated_landing_time": 1134.0,
        "wait_time": 0,
        "Landing_success_rate": 1.0
    },
    {
        "model": 2,
        "sequence": 24,
        "status": 1,
        "fuel": 6533,
        "fault": 0.0777,
        "weapon": 0,
        "pilot_injury": 0.6245,
        "pilot_skill": 0.8182,
        "mission_priority": 0.5182,
        "estimated_landing_time": 2262.0,
        "wait_time": 0,
        "Landing_success_rate": 1.0
    },
    {
        "model": 2,
        "sequence": 11,
        "status": 1,
        "fuel": 6216,
        "fault": 0.1415,
        "weapon": 1,
        "pilot_injury": 0.2943,
        "pilot_skill": 0.9145,
        "mission_priority": 0.8131,
        "estimated_landing_time": 1040.0,
        "wait_time": 0,
        "Landing_success_rate": 1.0
    },
    {
        "model": 2,
        "sequence": 17,
        "status": 1,
        "fuel": 5830,
        "fault": 0.0881,
        "weapon": 0,
        "pilot_injury": 0.9477,
        "pilot_skill": 0.6591,
        "mission_priority": 0.2497,
        "estimated_landing_time": 1604.0,
        "wait_time": 0,
        "Landing_success_rate": 1.0
    }
]