[
    {
        "model": 1,
        "sequence": 7,
        "status": 1,
        "fuel": 5533,
        "fault": 0.4755,
        "weapon": 1,
        "pilot_injury": 0.2439,
        "pilot_skill": 0.4332,
        "mission_priority": 0.7812,
        "estimated_landing_time": 664.0,
        "wait_time": 0,
        "Landing_success_rate": 1.0
    },
    {
        "model": 0,
        "sequence": 24,
        "status": 1,
        "fuel": 6264,
        "fault": 0.3313,
        "weapon": 1,
        "pilot_injury": 0.4744,
        "pilot_skill": 0.9735,
        "mission_priority": 0.5081,
        "estimated_landing_time": 2262.0,
        "wait_time": 0,
        "Landing_success_rate": 1.0
    },
    {
        "model": 1,
        "sequence": 2,
        "status": 1,
        "fuel": 6182,
        "fault": 0.0039,
        "weapon": 1,
        "pilot_injury": 0.1198,
        "pilot_skill": 0.9445,
        "mission_priority": 0.1287,
        "estimated_landing_time": 194.0,
        "wait_time": 0,
        "Landing_success_rate": 1.0
    },
    {
        "model": 2,
        "sequence": 3,
        "status": 1,
        "fuel": 7174,
        "fault": 0.0011,
        "weapon": 1,
        "pilot_injury": 0.4067,
        "pilot_skill": 0.6592,
        "mission_priority": 0.7276,
        "estimated_landing_time": 288.0,
        "wait_time": 0,
        "Landing_success_rate": 1.0
    },
    {
        "model": 1,
        "sequence": 18,
        "status": 1,
        "fuel": 5997,
        "fault": 0.3657,
        "weapon": 1,
        "pilot_injury": 0.6981,
        "pilot_skill": 0.3423,
        "mission_priority": 0.7176,
        "estimated_landing_time": 1698.0,
        "wait_time": 0,
        "Landing_success_rate": 1.0
    },
    {
        "model": 0,
        "sequence": 10,
        "status": 1,
        "fuel": 5743,
        "fault": 0.5332,
        "weapon": 1,
        "pilot_injury": 0.1836,
        "pilot_skill": 0.3364,
        "mission_priority": 0.7156,
        "estimated_landing_time": 946.0,
        "wait_time": 0,
        "Landing_success_rate": 1.0
    },
    {
        "model": 2,
        "sequence": 23,
        "status": 1,
        "fuel": 5699,
        "fault": 0.6258,
        "weapon": 0,
        "pilot_injury": 0.4959,
        "pilot_skill": 0.092,
        "mission_priority": 0.3867,
        "estimated_landing_time": 2168.0,
        "wait_time": 0,
        "Landing_success_rate": 1.0
    },
    {
        "model": 0,
        "sequence": 12,
        "status": 1,
        "fuel": 6587,
        "fault": 0.7248,
        "weapon": 1,
        "pilot_injury": 0.3689,
        "pilot_skill": 0.0549,
        "mission_priority": 0.1302,
        "estimated_landing_time": 1134.0,
        "wait_time": 0,
        "Landing_success_rate": 1.0
    },
    {
        "model": 2,
        "sequence": 8,
        "status": 1,
        "fuel": 5552,
        "fault": 0.4464,
        "weapon": 1,
        "pilot_injury": 0.285,
        "pilot_skill": 0.3913,
        "mission_priority": 0.8112,
        "estimated_landing_time": 758.0,
        "wait_time": 0,
        "Landing_success_rate": 1.0
    },
    {
        "model": 0,
        "sequence": 16,
        "status": 1,
        "fuel": 6217,
        "fault": 0.4949,
        "weapon": 0,
        "pilot_injury": 0.2952,
        "pilot_skill": 0.7248,
        "mission_priority": 0.4664,
        "estimated_landing_time": 1510.0,
        "wait_time": 0,
        "Landing_success_rate": 1.0
    },
    {
        "model": 0,
        "sequence": 4,
        "status": 1,
        "fuel": 7188,
        "fault": 0.6395,
        "weapon": 1,
        "pilot_injury": 0.4506,
        "pilot_skill": 0.4661,
        "mission_priority": 0.2657,
        "estimated_landing_time": 382.0,
        "wait_time": 0,
        "Landing_success_rate": 1.0
    },
    {
        "model": 1,
        "sequence": 13,
        "status": 1,
        "fuel": 7020,
        "fault": 0.1733,
        "weapon": 0,
        "pilot_injury": 0.5274,
        "pilot_skill": 0.0346,
        "mission_priority": 0.1684,
        "estimated_landing_time": 1228.0,
        "wait_time": 0,
        "Landing_success_rate": 1.0
    },
    {
        "model": 2,
        "sequence": 6,
        "status": 1,
        "fuel": 7400,
        "fault": 0.9382,
        "weapon": 1,
        "pilot_injury": 0.1613,
        "pilot_skill": 0.7345,
        "mission_priority": 0.623,
        "estimated_landing_time": 570.0,
        "wait_time": 0,
        "Landing_success_rate": 1.0
    },
    {
        "model": 2,
        "sequence": 20,
        "status": 1,
        "fuel": 6305,
        "fault": 0.3762,
        "weapon": 1,
        "pilot_injury": 0.6773,
        "pilot_skill": 0.1013,
        "mission_priority": 0.189,
        "estimated_landing_time": 1886.0,
        "wait_time": 0,
        "Landing_success_rate": 1.0
    },
    {
        "model": 2,
        "sequence": 19,
        "status": 1,
        "fuel": 6625,
        "fault": 0.8863,
        "weapon": 1,
        "pilot_injury": 0.5739,
        "pilot_skill": 0.5234,
        "mission_priority": 0.7062,
        "estimated_landing_time": 1792.0,
        "wait_time": 0,
        "Landing_success_rate": 1.0
    },
    {
        "model": 0,
        "sequence": 22,
        "status": 1,
        "fuel": 6815,
        "fault": 0.4914,
        "weapon": 1,
        "pilot_injury": 0.1331,
        "pilot_skill": 0.2948,
        "mission_priority": 0.9039,
        "estimated_landing_time": 2074.0,
        "wait_time": 0,
        "Landing_success_rate": 1.0
    },
    {
        "model": 1,
        "sequence": 17,
        "status": 1,
        "fuel": 6425,
        "fault": 0.4291,
        "weapon": 1,
        "pilot_injury": 0.2029,
        "pilot_skill": 0.4936,
        "mission_priority": 0.1275,
        "estimated_landing_time": 1604.0,
        "wait_time": 0,
        "Landing_success_rate": 1.0
    },
    {
        "model": 1,
        "sequence": 11,
        "status": 1,
        "fuel": 6946,
        "fault": 0.147,
        "weapon": 0,
        "pilot_injury": 0.5494,
        "pilot_skill": 0.7804,
        "mission_priority": 0.9384,
        "estimated_landing_time": 1040.0,
        "wait_time": 0,
        "Landing_success_rate": 1.0
    },
    {
        "model": 2,
        "sequence": 14,
        "status": 1,
        "fuel": 6444,
        "fault": 0.2106,
        "weapon": 1,
        "pilot_injury": 0.8856,
        "pilot_skill": 0.1249,
        "mission_priority": 0.5859,
        "estimated_landing_time": 1322.0,
        "wait_time": 0,
        "Landing_success_rate": 1.0
    },
    {
        "model": 2,
        "sequence": 15,
        "status": 1,
        "fuel": 6940,
        "fault": 0.4253,
        "weapon": 1,
        "pilot_injury": 0.0225,
        "pilot_skill": 0.2567,
        "mission_priority": 0.5847,
        "estimated_landing_time": 1416.0,
        "wait_time": 0,
        "Landing_success_rate": 1.0
    },
    {
        "model": 0,
        "sequence": 5,
        "status": 1,
        "fuel": 5965,
        "fault": 0.5423,
        "weapon": 1,
        "pilot_injury": 0.7079,
        "pilot_skill": 0.3983,
        "mission_priority": 0.0654,
        "estimated_landing_time": 476.0,
        "wait_time": 0,
        "Landing_success_rate": 1.0
    },
    {
        "model": 0,
        "sequence": 21,
        "status": 1,
        "fuel": 6600,
        "fault": 0.0751,
        "weapon": 0,
        "pilot_injury": 0.2611,
        "pilot_skill": 0.2653,
        "mission_priority": 0.1699,
        "estimated_landing_time": 1980.0,
        "wait_time": 0,
        "Landing_success_rate": 1.0
    },
    {
        "model": 0,
        "sequence": 1,
        "status": 1,
        "fuel": 7305,
        "fault": 0.346,
        "weapon": 1,
        "pilot_injury": 0.9646,
        "pilot_skill": 0.6077,
        "mission_priority": 0.4098,
        "estimated_landing_time": 100.0,
        "wait_time": 0,
        "Landing_success_rate": 1.0
    },
    {
        "model": 1,
        "sequence": 9,
        "status": 1,
        "fuel": 7442,
        "fault": 0.4467,
        "weapon": 1,
        "pilot_injury": 0.0025,
        "pilot_skill": 0.7972,
        "mission_priority": 0.4902,
        "estimated_landing_time": 852.0,
        "wait_time": 0,
        "Landing_success_rate": 1.0
    }
]