[
    {
        "model": 1,
        "sequence": 21,
        "status": 1,
        "fuel": 6770,
        "fault": 0.5023,
        "weapon": 0,
        "pilot_injury": 0.2336,
        "pilot_skill": 0.4992,
        "mission_priority": 0.5878,
        "estimated_landing_time": 1980.0,
        "wait_time": 0,
        "Landing_success_rate": 1.0
    },
    {
        "model": 0,
        "sequence": 8,
        "status": 1,
        "fuel": 7191,
        "fault": 0.0225,
        "weapon": 0,
        "pilot_injury": 0.2104,
        "pilot_skill": 0.7432,
        "mission_priority": 0.5923,
        "estimated_landing_time": 758.0,
        "wait_time": 0,
        "Landing_success_rate": 1.0
    },
    {
        "model": 0,
        "sequence": 18,
        "status": 1,
        "fuel": 6376,
        "fault": 0.6448,
        "weapon": 0,
        "pilot_injury": 0.0168,
        "pilot_skill": 0.9667,
        "mission_priority": 0.5931,
        "estimated_landing_time": 1698.0,
        "wait_time": 0,
        "Landing_success_rate": 1.0
    },
    {
        "model": 0,
        "sequence": 19,
        "status": 1,
        "fuel": 5908,
        "fault": 0.6953,
        "weapon": 0,
        "pilot_injury": 0.6638,
        "pilot_skill": 0.4793,
        "mission_priority": 0.1073,
        "estimated_landing_time": 1792.0,
        "wait_time": 0,
        "Landing_success_rate": 1.0
    },
    {
        "model": 1,
        "sequence": 6,
        "status": 1,
        "fuel": 5699,
        "fault": 0.3121,
        "weapon": 0,
        "pilot_injury": 0.1703,
        "pilot_skill": 0.8195,
        "mission_priority": 0.4904,
        "estimated_landing_time": 570.0,
        "wait_time": 0,
        "Landing_success_rate": 1.0
    },
    {
        "model": 0,
        "sequence": 12,
        "status": 1,
        "fuel": 5697,
        "fault": 0.8019,
        "weapon": 0,
        "pilot_injury": 0.994,
        "pilot_skill": 0.584,
        "mission_priority": 0.4016,
        "estimated_landing_time": 1134.0,
        "wait_time": 0,
        "Landing_success_rate": 1.0
    },
    {
        "model": 1,
        "sequence": 3,
        "status": 1,
        "fuel": 5915,
        "fault": 0.348,
        "weapon": 1,
        "pilot_injury": 0.3079,
        "pilot_skill": 0.1642,
        "mission_priority": 0.7445,
        "estimated_landing_time": 288.0,
        "wait_time": 0,
        "Landing_success_rate": 1.0
    },
    {
        "model": 1,
        "sequence": 4,
        "status": 1,
        "fuel": 6414,
        "fault": 0.9224,
        "weapon": 1,
        "pilot_injury": 0.5916,
        "pilot_skill": 0.1595,
        "mission_priority": 0.9817,
        "estimated_landing_time": 382.0,
        "wait_time": 0,
        "Landing_success_rate": 1.0
    },
    {
        "model": 0,
        "sequence": 24,
        "status": 1,
        "fuel": 6445,
        "fault": 0.7147,
        "weapon": 1,
        "pilot_injury": 0.656,
        "pilot_skill": 0.6914,
        "mission_priority": 0.43,
        "estimated_landing_time": 2262.0,
        "wait_time": 0,
        "Landing_success_rate": 1.0
    },
    {
        "model": 2,
        "sequence": 22,
        "status": 1,
        "fuel": 5672,
        "fault": 0.1353,
        "weapon": 0,
        "pilot_injury": 0.1915,
        "pilot_skill": 0.7697,
        "mission_priority": 0.1376,
        "estimated_landing_time": 2074.0,
        "wait_time": 0,
        "Landing_success_rate": 1.0
    },
    {
        "model": 0,
        "sequence": 9,
        "status": 1,
        "fuel": 7306,
        "fault": 0.4077,
        "weapon": 0,
        "pilot_injury": 0.4135,
        "pilot_skill": 0.9583,
        "mission_priority": 0.8477,
        "estimated_landing_time": 852.0,
        "wait_time": 0,
        "Landing_success_rate": 1.0
    },
    {
        "model": 1,
        "sequence": 20,
        "status": 1,
        "fuel": 6488,
        "fault": 0.1363,
        "weapon": 1,
        "pilot_injury": 0.2189,
        "pilot_skill": 0.5185,
        "mission_priority": 0.7655,
        "estimated_landing_time": 1886.0,
        "wait_time": 0,
        "Landing_success_rate": 1.0
    },
    {
        "model": 2,
        "sequence": 5,
        "status": 1,
        "fuel": 7424,
        "fault": 0.5352,
        "weapon": 1,
        "pilot_injury": 0.6314,
        "pilot_skill": 0.7236,
        "mission_priority": 0.6943,
        "estimated_landing_time": 476.0,
        "wait_time": 0,
        "Landing_success_rate": 1.0
    },
    {
        "model": 0,
        "sequence": 1,
        "status": 1,
        "fuel": 6712,
        "fault": 0.2839,
        "weapon": 1,
        "pilot_injury": 0.377,
        "pilot_skill": 0.5026,
        "mission_priority": 0.5466,
        "estimated_landing_time": 100.0,
        "wait_time": 0,
        "Landing_success_rate": 1.0
    },
    {
        "model": 0,
        "sequence": 17,
        "status": 1,
        "fuel": 6398,
        "fault": 0.4008,
        "weapon": 0,
        "pilot_injury": 0.8664,
        "pilot_skill": 0.5519,
        "mission_priority": 0.5546,
        "estimated_landing_time": 1604.0,
        "wait_time": 0,
        "Landing_success_rate": 1.0
    },
    {
        "model": 0,
        "sequence": 10,
        "status": 1,
        "fuel": 6248,
        "fault": 0.919,
        "weapon": 0,
        "pilot_injury": 0.6464,
        "pilot_skill": 0.1893,
        "mission_priority": 0.677,
        "estimated_landing_time": 946.0,
        "wait_time": 0,
        "Landing_success_rate": 1.0
    },
    {
        "model": 0,
        "sequence": 15,
        "status": 1,
        "fuel": 6936,
        "fault": 0.4896,
        "weapon": 1,
        "pilot_injury": 0.6119,
        "pilot_skill": 0.716,
        "mission_priority": 0.0197,
        "estimated_landing_time": 1416.0,
        "wait_time": 0,
        "Landing_success_rate": 1.0
    },
    {
        "model": 0,
        "sequence": 11,
        "status": 1,
        "fuel": 7060,
        "fault": 0.6379,
        "weapon": 1,
        "pilot_injury": 0.3807,
        "pilot_skill": 0.8367,
        "mission_priority": 0.0627,
        "estimated_landing_time": 1040.0,
        "wait_time": 0,
        "Landing_success_rate": 1.0
    },
    {
        "model": 2,
        "sequence": 7,
        "status": 1,
        "fuel": 6905,
        "fault": 0.187,
        "weapon": 1,
        "pilot_injury": 0.4683,
        "pilot_skill": 0.9376,
        "mission_priority": 0.0777,
        "estimated_landing_time": 664.0,
        "wait_time": 0,
        "Landing_success_rate": 1.0
    },
    {
        "model": 0,
        "sequence": 14,
        "status": 1,
        "fuel": 7127,
        "fault": 0.3233,
        "weapon": 0,
        "pilot_injury": 0.8995,
        "pilot_skill": 0.3326,
        "mission_priority": 0.807,
        "estimated_landing_time": 1322.0,
        "wait_time": 0,
        "Landing_success_rate": 1.0
    },
    {
        "model": 1,
        "sequence": 23,
        "status": 1,
        "fuel": 5500,
        "fault": 0.7733,
        "weapon": 0,
        "pilot_injury": 0.3408,
        "pilot_skill": 0.191,
        "mission_priority": 0.693,
        "estimated_landing_time": 2168.0,
        "wait_time": 0,
        "Landing_success_rate": 1.0
    },
    {
        "model": 1,
        "sequence": 13,
        "status": 1,
        "fuel": 6127,
        "fault": 0.3319,
        "weapon": 1,
        "pilot_injury": 0.6201,
        "pilot_skill": 0.4986,
        "mission_priority": 0.0926,
        "estimated_landing_time": 1228.0,
        "wait_time": 0,
        "Landing_success_rate": 1.0
    },
    {
        "model": 2,
        "sequence": 2,
        "status": 1,
        "fuel": 5656,
        "fault": 0.0116,
        "weapon": 1,
        "pilot_injury": 0.071,
        "pilot_skill": 0.9313,
        "mission_priority": 0.9167,
        "estimated_landing_time": 194.0,
        "wait_time": 0,
        "Landing_success_rate": 1.0
    },
    {
        "model": 1,
        "sequence": 16,
        "status": 1,
        "fuel": 5904,
        "fault": 0.6661,
        "weapon": 0,
        "pilot_injury": 0.7024,
        "pilot_skill": 0.9346,
        "mission_priority": 0.8231,
        "estimated_landing_time": 1510.0,
        "wait_time": 0,
        "Landing_success_rate": 1.0
    }
]