[
    {
        "model": 0,
        "sequence": 11,
        "status": 1,
        "fuel": 7309,
        "fault": 0.6326,
        "weapon": 0,
        "pilot_injury": 0.7839,
        "pilot_skill": 0.9975,
        "mission_priority": 0.7629,
        "estimated_landing_time": 1040.0,
        "wait_time": 0,
        "Landing_success_rate": 1.0
    },
    {
        "model": 0,
        "sequence": 13,
        "status": 1,
        "fuel": 6276,
        "fault": 0.1992,
        "weapon": 1,
        "pilot_injury": 0.4232,
        "pilot_skill": 0.3149,
        "mission_priority": 0.5252,
        "estimated_landing_time": 1228.0,
        "wait_time": 0,
        "Landing_success_rate": 1.0
    },
    {
        "model": 2,
        "sequence": 15,
        "status": 1,
        "fuel": 6054,
        "fault": 0.5526,
        "weapon": 1,
        "pilot_injury": 0.9973,
        "pilot_skill": 0.6009,
        "mission_priority": 0.8565,
        "estimated_landing_time": 1416.0,
        "wait_time": 0,
        "Landing_success_rate": 1.0
    },
    {
        "model": 0,
        "sequence": 9,
        "status": 1,
        "fuel": 6751,
        "fault": 0.7057,
        "weapon": 0,
        "pilot_injury": 0.9074,
        "pilot_skill": 0.8389,
        "mission_priority": 0.6273,
        "estimated_landing_time": 852.0,
        "wait_time": 0,
        "Landing_success_rate": 1.0
    },
    {
        "model": 2,
        "sequence": 3,
        "status": 1,
        "fuel": 7104,
        "fault": 0.2585,
        "weapon": 1,
        "pilot_injury": 0.8154,
        "pilot_skill": 0.5471,
        "mission_priority": 0.8353,
        "estimated_landing_time": 288.0,
        "wait_time": 0,
        "Landing_success_rate": 1.0
    },
    {
        "model": 0,
        "sequence": 12,
        "status": 1,
        "fuel": 5890,
        "fault": 0.4512,
        "weapon": 1,
        "pilot_injury": 0.3479,
        "pilot_skill": 0.1992,
        "mission_priority": 0.6229,
        "estimated_landing_time": 1134.0,
        "wait_time": 0,
        "Landing_success_rate": 1.0
    },
    {
        "model": 1,
        "sequence": 24,
        "status": 1,
        "fuel": 5962,
        "fault": 0.7911,
        "weapon": 1,
        "pilot_injury": 0.6945,
        "pilot_skill": 0.7799,
        "mission_priority": 0.6888,
        "estimated_landing_time": 2262.0,
        "wait_time": 0,
        "Landing_success_rate": 1.0
    },
    {
        "model": 1,
        "sequence": 16,
        "status": 1,
        "fuel": 6272,
        "fault": 0.3337,
        "weapon": 1,
        "pilot_injury": 0.9659,
        "pilot_skill": 0.6388,
        "mission_priority": 0.5871,
        "estimated_landing_time": 1510.0,
        "wait_time": 0,
        "Landing_success_rate": 1.0
    },
    {
        "model": 0,
        "sequence": 8,
        "status": 1,
        "fuel": 5974,
        "fault": 0.3155,
        "weapon": 1,
        "pilot_injury": 0.0963,
        "pilot_skill": 0.2401,
        "mission_priority": 0.8081,
        "estimated_landing_time": 758.0,
        "wait_time": 0,
        "Landing_success_rate": 1.0
    },
    {
        "model": 0,
        "sequence": 17,
        "status": 1,
        "fuel": 7490,
        "fault": 0.1172,
        "weapon": 1,
        "pilot_injury": 0.3047,
        "pilot_skill": 0.4074,
        "mission_priority": 0.5228,
        "estimated_landing_time": 1604.0,
        "wait_time": 0,
        "Landing_success_rate": 1.0
    },
    {
        "model": 1,
        "sequence": 21,
        "status": 1,
        "fuel": 7487,
        "fault": 0.549,
        "weapon": 1,
        "pilot_injury": 0.4632,
        "pilot_skill": 0.2892,
        "mission_priority": 0.3188,
        "estimated_landing_time": 1980.0,
        "wait_time": 0,
        "Landing_success_rate": 1.0
    },
    {
        "model": 1,
        "sequence": 20,
        "status": 1,
        "fuel": 6394,
        "fault": 0.7712,
        "weapon": 1,
        "pilot_injury": 0.4865,
        "pilot_skill": 0.2028,
        "mission_priority": 0.8755,
        "estimated_landing_time": 1886.0,
        "wait_time": 0,
        "Landing_success_rate": 1.0
    },
    {
        "model": 2,
        "sequence": 22,
        "status": 1,
        "fuel": 6691,
        "fault": 0.986,
        "weapon": 0,
        "pilot_injury": 0.3674,
        "pilot_skill": 0.5421,
        "mission_priority": 0.4543,
        "estimated_landing_time": 2074.0,
        "wait_time": 0,
        "Landing_success_rate": 1.0
    },
    {
        "model": 1,
        "sequence": 14,
        "status": 1,
        "fuel": 6198,
        "fault": 0.6832,
        "weapon": 0,
        "pilot_injury": 0.0545,
        "pilot_skill": 0.4714,
        "mission_priority": 0.2622,
        "estimated_landing_time": 1322.0,
        "wait_time": 0,
        "Landing_success_rate": 1.0
    },
    {
        "model": 2,
        "sequence": 4,
        "status": 1,
        "fuel": 6778,
        "fault": 0.4132,
        "weapon": 0,
        "pilot_injury": 0.1714,
        "pilot_skill": 0.2582,
        "mission_priority": 0.507,
        "estimated_landing_time": 382.0,
        "wait_time": 0,
        "Landing_success_rate": 1.0
    },
    {
        "model": 1,
        "sequence": 18,
        "status": 1,
        "fuel": 7024,
        "fault": 0.0198,
        "weapon": 1,
        "pilot_injury": 0.2796,
        "pilot_skill": 0.3824,
        "mission_priority": 0.4061,
        "estimated_landing_time": 1698.0,
        "wait_time": 0,
        "Landing_success_rate": 1.0
    },
    {
        "model": 0,
        "sequence": 10,
        "status": 1,
        "fuel": 6420,
        "fault": 0.7406,
        "weapon": 1,
        "pilot_injury": 0.1484,
        "pilot_skill": 0.5217,
        "mission_priority": 0.6742,
        "estimated_landing_time": 946.0,
        "wait_time": 0,
        "Landing_success_rate": 1.0
    },
    {
        "model": 0,
        "sequence": 2,
        "status": 1,
        "fuel": 5645,
        "fault": 0.1711,
        "weapon": 1,
        "pilot_injury": 0.1259,
        "pilot_skill": 0.9865,
        "mission_priority": 0.4667,
        "estimated_landing_time": 194.0,
        "wait_time": 0,
        "Landing_success_rate": 1.0
    },
    {
        "model": 1,
        "sequence": 1,
        "status": 1,
        "fuel": 5893,
        "fault": 0.0418,
        "weapon": 0,
        "pilot_injury": 0.4686,
        "pilot_skill": 0.3473,
        "mission_priority": 0.2138,
        "estimated_landing_time": 100.0,
        "wait_time": 0,
        "Landing_success_rate": 1.0
    },
    {
        "model": 0,
        "sequence": 23,
        "status": 1,
        "fuel": 6596,
        "fault": 0.4357,
        "weapon": 1,
        "pilot_injury": 0.304,
        "pilot_skill": 0.9778,
        "mission_priority": 0.3302,
        "estimated_landing_time": 2168.0,
        "wait_time": 0,
        "Landing_success_rate": 1.0
    },
    {
        "model": 2,
        "sequence": 7,
        "status": 1,
        "fuel": 6933,
        "fault": 0.6685,
        "weapon": 1,
        "pilot_injury": 0.4119,
        "pilot_skill": 0.2368,
        "mission_priority": 0.6969,
        "estimated_landing_time": 664.0,
        "wait_time": 0,
        "Landing_success_rate": 1.0
    },
    {
        "model": 2,
        "sequence": 6,
        "status": 1,
        "fuel": 7085,
        "fault": 0.5592,
        "weapon": 0,
        "pilot_injury": 0.834,
        "pilot_skill": 0.2855,
        "mission_priority": 0.7535,
        "estimated_landing_time": 570.0,
        "wait_time": 0,
        "Landing_success_rate": 1.0
    },
    {
        "model": 2,
        "sequence": 5,
        "status": 1,
        "fuel": 5608,
        "fault": 0.1297,
        "weapon": 1,
        "pilot_injury": 0.3663,
        "pilot_skill": 0.441,
        "mission_priority": 0.7862,
        "estimated_landing_time": 476.0,
        "wait_time": 0,
        "Landing_success_rate": 1.0
    },
    {
        "model": 1,
        "sequence": 19,
        "status": 1,
        "fuel": 6138,
        "fault": 0.6004,
        "weapon": 0,
        "pilot_injury": 0.1608,
        "pilot_skill": 0.3991,
        "mission_priority": 0.0865,
        "estimated_landing_time": 1792.0,
        "wait_time": 0,
        "Landing_success_rate": 1.0
    }
]