[
    {
        "model": 1,
        "sequence": 5,
        "status": 1,
        "fuel": 6499,
        "fault": 0.81,
        "weapon": 0,
        "pilot_injury": 0.1812,
        "pilot_skill": 0.5944,
        "mission_priority": 0.6286,
        "estimated_landing_time": 476.0,
        "wait_time": 0,
        "Landing_success_rate": 1.0
    },
    {
        "model": 0,
        "sequence": 22,
        "status": 1,
        "fuel": 6435,
        "fault": 0.4671,
        "weapon": 0,
        "pilot_injury": 0.8672,
        "pilot_skill": 0.7048,
        "mission_priority": 0.3562,
        "estimated_landing_time": 2074.0,
        "wait_time": 0,
        "Landing_success_rate": 1.0
    },
    {
        "model": 0,
        "sequence": 17,
        "status": 1,
        "fuel": 7190,
        "fault": 0.568,
        "weapon": 0,
        "pilot_injury": 0.0115,
        "pilot_skill": 0.8688,
        "mission_priority": 0.8189,
        "estimated_landing_time": 1604.0,
        "wait_time": 0,
        "Landing_success_rate": 1.0
    },
    {
        "model": 1,
        "sequence": 16,
        "status": 1,
        "fuel": 6923,
        "fault": 0.2309,
        "weapon": 1,
        "pilot_injury": 0.7808,
        "pilot_skill": 0.8603,
        "mission_priority": 0.8919,
        "estimated_landing_time": 1510.0,
        "wait_time": 0,
        "Landing_success_rate": 1.0
    },
    {
        "model": 2,
        "sequence": 1,
        "status": 1,
        "fuel": 7285,
        "fault": 0.0762,
        "weapon": 0,
        "pilot_injury": 0.5017,
        "pilot_skill": 0.708,
        "mission_priority": 0.3332,
        "estimated_landing_time": 100.0,
        "wait_time": 0,
        "Landing_success_rate": 1.0
    },
    {
        "model": 1,
        "sequence": 3,
        "status": 1,
        "fuel": 6389,
        "fault": 0.7193,
        "weapon": 0,
        "pilot_injury": 0.0661,
        "pilot_skill": 0.347,
        "mission_priority": 0.1714,
        "estimated_landing_time": 288.0,
        "wait_time": 0,
        "Landing_success_rate": 1.0
    },
    {
        "model": 0,
        "sequence": 11,
        "status": 1,
        "fuel": 5718,
        "fault": 0.8378,
        "weapon": 1,
        "pilot_injury": 0.6257,
        "pilot_skill": 0.3437,
        "mission_priority": 0.3092,
        "estimated_landing_time": 1040.0,
        "wait_time": 0,
        "Landing_success_rate": 1.0
    },
    {
        "model": 2,
        "sequence": 6,
        "status": 1,
        "fuel": 7410,
        "fault": 0.4047,
        "weapon": 1,
        "pilot_injury": 0.471,
        "pilot_skill": 0.3987,
        "mission_priority": 0.6801,
        "estimated_landing_time": 570.0,
        "wait_time": 0,
        "Landing_success_rate": 1.0
    },
    {
        "model": 2,
        "sequence": 12,
        "status": 1,
        "fuel": 6321,
        "fault": 0.5696,
        "weapon": 0,
        "pilot_injury": 0.8828,
        "pilot_skill": 0.5912,
        "mission_priority": 0.3887,
        "estimated_landing_time": 1134.0,
        "wait_time": 0,
        "Landing_success_rate": 1.0
    },
    {
        "model": 1,
        "sequence": 2,
        "status": 1,
        "fuel": 6091,
        "fault": 0.6653,
        "weapon": 0,
        "pilot_injury": 0.7519,
        "pilot_skill": 0.2464,
        "mission_priority": 0.1506,
        "estimated_landing_time": 194.0,
        "wait_time": 0,
        "Landing_success_rate": 1.0
    },
    {
        "model": 2,
        "sequence": 21,
        "status": 1,
        "fuel": 5515,
        "fault": 0.7424,
        "weapon": 1,
        "pilot_injury": 0.7324,
        "pilot_skill": 0.6295,
        "mission_priority": 0.9674,
        "estimated_landing_time": 1980.0,
        "wait_time": 0,
        "Landing_success_rate": 1.0
    },
    {
        "model": 2,
        "sequence": 8,
        "status": 1,
        "fuel": 5593,
        "fault": 0.3984,
        "weapon": 1,
        "pilot_injury": 0.1205,
        "pilot_skill": 0.5626,
        "mission_priority": 0.4668,
        "estimated_landing_time": 758.0,
        "wait_time": 0,
        "Landing_success_rate": 1.0
    },
    {
        "model": 1,
        "sequence": 9,
        "status": 1,
        "fuel": 6819,
        "fault": 0.7311,
        "weapon": 0,
        "pilot_injury": 0.1943,
        "pilot_skill": 0.9839,
        "mission_priority": 0.8231,
        "estimated_landing_time": 852.0,
        "wait_time": 0,
        "Landing_success_rate": 1.0
    },
    {
        "model": 2,
        "sequence": 14,
        "status": 1,
        "fuel": 7217,
        "fault": 0.0587,
        "weapon": 0,
        "pilot_injury": 0.9569,
        "pilot_skill": 0.8903,
        "mission_priority": 0.5562,
        "estimated_landing_time": 1322.0,
        "wait_time": 0,
        "Landing_success_rate": 1.0
    },
    {
        "model": 2,
        "sequence": 24,
        "status": 1,
        "fuel": 6986,
        "fault": 0.1832,
        "weapon": 0,
        "pilot_injury": 0.1647,
        "pilot_skill": 0.9826,
        "mission_priority": 0.7698,
        "estimated_landing_time": 2262.0,
        "wait_time": 0,
        "Landing_success_rate": 1.0
    },
    {
        "model": 1,
        "sequence": 13,
        "status": 1,
        "fuel": 5621,
        "fault": 0.9511,
        "weapon": 1,
        "pilot_injury": 0.3453,
        "pilot_skill": 0.3115,
        "mission_priority": 0.5566,
        "estimated_landing_time": 1228.0,
        "wait_time": 0,
        "Landing_success_rate": 1.0
    },
    {
        "model": 1,
        "sequence": 15,
        "status": 1,
        "fuel": 7372,
        "fault": 0.7882,
        "weapon": 0,
        "pilot_injury": 0.9378,
        "pilot_skill": 0.0399,
        "mission_priority": 0.4362,
        "estimated_landing_time": 1416.0,
        "wait_time": 0,
        "Landing_success_rate": 1.0
    },
    {
        "model": 0,
        "sequence": 10,
        "status": 1,
        "fuel": 7480,
        "fault": 0.7211,
        "weapon": 0,
        "pilot_injury": 0.6573,
        "pilot_skill": 0.0257,
        "mission_priority": 0.885,
        "estimated_landing_time": 946.0,
        "wait_time": 0,
        "Landing_success_rate": 1.0
    },
    {
        "model": 0,
        "sequence": 18,
        "status": 1,
        "fuel": 5664,
        "fault": 0.9961,
        "weapon": 1,
        "pilot_injury": 0.4628,
        "pilot_skill": 0.4445,
        "mission_priority": 0.1867,
        "estimated_landing_time": 1698.0,
        "wait_time": 0,
        "Landing_success_rate": 1.0
    },
    {
        "model": 1,
        "sequence": 7,
        "status": 1,
        "fuel": 5575,
        "fault": 0.9704,
        "weapon": 1,
        "pilot_injury": 0.4681,
        "pilot_skill": 0.0138,
        "mission_priority": 0.1309,
        "estimated_landing_time": 664.0,
        "wait_time": 0,
        "Landing_success_rate": 1.0
    },
    {
        "model": 0,
        "sequence": 4,
        "status": 1,
        "fuel": 5959,
        "fault": 0.4179,
        "weapon": 1,
        "pilot_injury": 0.7429,
        "pilot_skill": 0.1711,
        "mission_priority": 0.6982,
        "estimated_landing_time": 382.0,
        "wait_time": 0,
        "Landing_success_rate": 1.0
    },
    {
        "model": 1,
        "sequence": 20,
        "status": 1,
        "fuel": 5654,
        "fault": 0.5434,
        "weapon": 1,
        "pilot_injury": 0.0868,
        "pilot_skill": 0.3336,
        "mission_priority": 0.1194,
        "estimated_landing_time": 1886.0,
        "wait_time": 0,
        "Landing_success_rate": 1.0
    },
    {
        "model": 0,
        "sequence": 19,
        "status": 1,
        "fuel": 6764,
        "fault": 0.0187,
        "weapon": 0,
        "pilot_injury": 0.0743,
        "pilot_skill": 0.5264,
        "mission_priority": 0.0249,
        "estimated_landing_time": 1792.0,
        "wait_time": 0,
        "Landing_success_rate": 1.0
    },
    {
        "model": 0,
        "sequence": 23,
        "status": 1,
        "fuel": 5649,
        "fault": 0.637,
        "weapon": 1,
        "pilot_injury": 0.8101,
        "pilot_skill": 0.9515,
        "mission_priority": 0.8971,
        "estimated_landing_time": 2168.0,
        "wait_time": 0,
        "Landing_success_rate": 1.0
    }
]