[
    {
        "model": 1,
        "sequence": 15,
        "status": 1,
        "fuel": 6258,
        "fault": 0.6965,
        "weapon": 1,
        "pilot_injury": 0.3243,
        "pilot_skill": 0.3948,
        "mission_priority": 0.5829,
        "estimated_landing_time": 1416.0,
        "wait_time": 0,
        "Landing_success_rate": 1.0
    },
    {
        "model": 2,
        "sequence": 17,
        "status": 1,
        "fuel": 6072,
        "fault": 0.4659,
        "weapon": 1,
        "pilot_injury": 0.7172,
        "pilot_skill": 0.0456,
        "mission_priority": 0.1339,
        "estimated_landing_time": 1604.0,
        "wait_time": 0,
        "Landing_success_rate": 1.0
    },
    {
        "model": 1,
        "sequence": 16,
        "status": 1,
        "fuel": 5820,
        "fault": 0.7946,
        "weapon": 0,
        "pilot_injury": 0.8953,
        "pilot_skill": 0.3249,
        "mission_priority": 0.9637,
        "estimated_landing_time": 1510.0,
        "wait_time": 0,
        "Landing_success_rate": 1.0
    },
    {
        "model": 2,
        "sequence": 13,
        "status": 1,
        "fuel": 7266,
        "fault": 0.3742,
        "weapon": 0,
        "pilot_injury": 0.801,
        "pilot_skill": 0.389,
        "mission_priority": 0.2063,
        "estimated_landing_time": 1228.0,
        "wait_time": 0,
        "Landing_success_rate": 1.0
    },
    {
        "model": 1,
        "sequence": 8,
        "status": 1,
        "fuel": 6818,
        "fault": 0.2197,
        "weapon": 0,
        "pilot_injury": 0.5612,
        "pilot_skill": 0.5748,
        "mission_priority": 0.7682,
        "estimated_landing_time": 758.0,
        "wait_time": 0,
        "Landing_success_rate": 1.0
    },
    {
        "model": 2,
        "sequence": 3,
        "status": 1,
        "fuel": 6046,
        "fault": 0.5312,
        "weapon": 0,
        "pilot_injury": 0.9116,
        "pilot_skill": 0.078,
        "mission_priority": 0.8088,
        "estimated_landing_time": 288.0,
        "wait_time": 0,
        "Landing_success_rate": 1.0
    },
    {
        "model": 1,
        "sequence": 24,
        "status": 1,
        "fuel": 5973,
        "fault": 0.695,
        "weapon": 1,
        "pilot_injury": 0.1204,
        "pilot_skill": 0.2208,
        "mission_priority": 0.122,
        "estimated_landing_time": 2262.0,
        "wait_time": 0,
        "Landing_success_rate": 1.0
    },
    {
        "model": 1,
        "sequence": 2,
        "status": 1,
        "fuel": 5864,
        "fault": 0.1327,
        "weapon": 0,
        "pilot_injury": 0.3566,
        "pilot_skill": 0.1569,
        "mission_priority": 0.6597,
        "estimated_landing_time": 194.0,
        "wait_time": 0,
        "Landing_success_rate": 1.0
    },
    {
        "model": 0,
        "sequence": 12,
        "status": 1,
        "fuel": 7494,
        "fault": 0.5623,
        "weapon": 1,
        "pilot_injury": 0.1676,
        "pilot_skill": 0.834,
        "mission_priority": 0.0339,
        "estimated_landing_time": 1134.0,
        "wait_time": 0,
        "Landing_success_rate": 1.0
    },
    {
        "model": 0,
        "sequence": 14,
        "status": 1,
        "fuel": 6167,
        "fault": 0.676,
        "weapon": 0,
        "pilot_injury": 0.4065,
        "pilot_skill": 0.2305,
        "mission_priority": 0.0028,
        "estimated_landing_time": 1322.0,
        "wait_time": 0,
        "Landing_success_rate": 1.0
    },
    {
        "model": 0,
        "sequence": 21,
        "status": 1,
        "fuel": 7184,
        "fault": 0.1947,
        "weapon": 0,
        "pilot_injury": 0.1708,
        "pilot_skill": 0.9722,
        "mission_priority": 0.3508,
        "estimated_landing_time": 1980.0,
        "wait_time": 0,
        "Landing_success_rate": 1.0
    },
    {
        "model": 1,
        "sequence": 19,
        "status": 1,
        "fuel": 6023,
        "fault": 0.4858,
        "weapon": 1,
        "pilot_injury": 0.2772,
        "pilot_skill": 0.2728,
        "mission_priority": 0.9663,
        "estimated_landing_time": 1792.0,
        "wait_time": 0,
        "Landing_success_rate": 1.0
    },
    {
        "model": 0,
        "sequence": 5,
        "status": 1,
        "fuel": 6032,
        "fault": 0.4699,
        "weapon": 0,
        "pilot_injury": 0.0374,
        "pilot_skill": 0.1543,
        "mission_priority": 0.0221,
        "estimated_landing_time": 476.0,
        "wait_time": 0,
        "Landing_success_rate": 1.0
    },
    {
        "model": 0,
        "sequence": 23,
        "status": 1,
        "fuel": 7355,
        "fault": 0.1498,
        "weapon": 0,
        "pilot_injury": 0.3309,
        "pilot_skill": 0.7003,
        "mission_priority": 0.6258,
        "estimated_landing_time": 2168.0,
        "wait_time": 0,
        "Landing_success_rate": 1.0
    },
    {
        "model": 1,
        "sequence": 7,
        "status": 1,
        "fuel": 7232,
        "fault": 0.0462,
        "weapon": 1,
        "pilot_injury": 0.3271,
        "pilot_skill": 0.8734,
        "mission_priority": 0.544,
        "estimated_landing_time": 664.0,
        "wait_time": 0,
        "Landing_success_rate": 1.0
    },
    {
        "model": 1,
        "sequence": 20,
        "status": 1,
        "fuel": 6468,
        "fault": 0.4824,
        "weapon": 1,
        "pilot_injury": 0.2668,
        "pilot_skill": 0.1853,
        "mission_priority": 0.2822,
        "estimated_landing_time": 1886.0,
        "wait_time": 0,
        "Landing_success_rate": 1.0
    },
    {
        "model": 0,
        "sequence": 22,
        "status": 1,
        "fuel": 5769,
        "fault": 0.6058,
        "weapon": 1,
        "pilot_injury": 0.1645,
        "pilot_skill": 0.9079,
        "mission_priority": 0.4983,
        "estimated_landing_time": 2074.0,
        "wait_time": 0,
        "Landing_success_rate": 1.0
    },
    {
        "model": 0,
        "sequence": 9,
        "status": 1,
        "fuel": 6501,
        "fault": 0.1615,
        "weapon": 0,
        "pilot_injury": 0.9576,
        "pilot_skill": 0.7521,
        "mission_priority": 0.4545,
        "estimated_landing_time": 852.0,
        "wait_time": 0,
        "Landing_success_rate": 1.0
    },
    {
        "model": 1,
        "sequence": 6,
        "status": 1,
        "fuel": 5926,
        "fault": 0.971,
        "weapon": 1,
        "pilot_injury": 0.4305,
        "pilot_skill": 0.9741,
        "mission_priority": 0.2985,
        "estimated_landing_time": 570.0,
        "wait_time": 0,
        "Landing_success_rate": 1.0
    },
    {
        "model": 1,
        "sequence": 4,
        "status": 1,
        "fuel": 7287,
        "fault": 0.4076,
        "weapon": 0,
        "pilot_injury": 0.7074,
        "pilot_skill": 0.3455,
        "mission_priority": 0.2318,
        "estimated_landing_time": 382.0,
        "wait_time": 0,
        "Landing_success_rate": 1.0
    },
    {
        "model": 2,
        "sequence": 18,
        "status": 1,
        "fuel": 6250,
        "fault": 0.9658,
        "weapon": 1,
        "pilot_injury": 0.1255,
        "pilot_skill": 0.1453,
        "mission_priority": 0.7766,
        "estimated_landing_time": 1698.0,
        "wait_time": 0,
        "Landing_success_rate": 1.0
    },
    {
        "model": 2,
        "sequence": 10,
        "status": 1,
        "fuel": 7238,
        "fault": 0.9145,
        "weapon": 0,
        "pilot_injury": 0.405,
        "pilot_skill": 0.9602,
        "mission_priority": 0.4655,
        "estimated_landing_time": 946.0,
        "wait_time": 0,
        "Landing_success_rate": 1.0
    },
    {
        "model": 1,
        "sequence": 11,
        "status": 1,
        "fuel": 5793,
        "fault": 0.6411,
        "weapon": 0,
        "pilot_injury": 0.7324,
        "pilot_skill": 0.1477,
        "mission_priority": 0.938,
        "estimated_landing_time": 1040.0,
        "wait_time": 0,
        "Landing_success_rate": 1.0
    },
    {
        "model": 1,
        "sequence": 1,
        "status": 1,
        "fuel": 6225,
        "fault": 0.5548,
        "weapon": 0,
        "pilot_injury": 0.6843,
        "pilot_skill": 0.1989,
        "mission_priority": 0.3823,
        "estimated_landing_time": 100.0,
        "wait_time": 0,
        "Landing_success_rate": 1.0
    }
]