[
    {
        "model": 1,
        "sequence": 16,
        "status": 1,
        "fuel": 7435,
        "fault": 0.0025,
        "weapon": 1,
        "pilot_injury": 0.3713,
        "pilot_skill": 0.3548,
        "mission_priority": 0.4059,
        "estimated_landing_time": 1510.0,
        "wait_time": 0,
        "Landing_success_rate": 1.0
    },
    {
        "model": 2,
        "sequence": 15,
        "status": 1,
        "fuel": 7268,
        "fault": 0.9405,
        "weapon": 1,
        "pilot_injury": 0.6748,
        "pilot_skill": 0.9852,
        "mission_priority": 0.3992,
        "estimated_landing_time": 1416.0,
        "wait_time": 0,
        "Landing_success_rate": 1.0
    },
    {
        "model": 0,
        "sequence": 23,
        "status": 1,
        "fuel": 5857,
        "fault": 0.128,
        "weapon": 1,
        "pilot_injury": 0.2856,
        "pilot_skill": 0.7185,
        "mission_priority": 0.203,
        "estimated_landing_time": 2168.0,
        "wait_time": 0,
        "Landing_success_rate": 1.0
    },
    {
        "model": 2,
        "sequence": 5,
        "status": 1,
        "fuel": 6939,
        "fault": 0.0597,
        "weapon": 1,
        "pilot_injury": 0.1765,
        "pilot_skill": 0.7315,
        "mission_priority": 0.8713,
        "estimated_landing_time": 476.0,
        "wait_time": 0,
        "Landing_success_rate": 1.0
    },
    {
        "model": 2,
        "sequence": 19,
        "status": 1,
        "fuel": 6365,
        "fault": 0.2724,
        "weapon": 1,
        "pilot_injury": 0.6462,
        "pilot_skill": 0.6239,
        "mission_priority": 0.2954,
        "estimated_landing_time": 1792.0,
        "wait_time": 0,
        "Landing_success_rate": 1.0
    },
    {
        "model": 2,
        "sequence": 3,
        "status": 1,
        "fuel": 5996,
        "fault": 0.091,
        "weapon": 1,
        "pilot_injury": 0.2729,
        "pilot_skill": 0.4062,
        "mission_priority": 0.9181,
        "estimated_landing_time": 288.0,
        "wait_time": 0,
        "Landing_success_rate": 1.0
    },
    {
        "model": 2,
        "sequence": 18,
        "status": 1,
        "fuel": 5939,
        "fault": 0.5116,
        "weapon": 1,
        "pilot_injury": 0.9197,
        "pilot_skill": 0.7203,
        "mission_priority": 0.4926,
        "estimated_landing_time": 1698.0,
        "wait_time": 0,
        "Landing_success_rate": 1.0
    },
    {
        "model": 0,
        "sequence": 8,
        "status": 1,
        "fuel": 6584,
        "fault": 0.3389,
        "weapon": 1,
        "pilot_injury": 0.55,
        "pilot_skill": 0.5028,
        "mission_priority": 0.7746,
        "estimated_landing_time": 758.0,
        "wait_time": 0,
        "Landing_success_rate": 1.0
    },
    {
        "model": 2,
        "sequence": 7,
        "status": 1,
        "fuel": 7192,
        "fault": 0.9566,
        "weapon": 1,
        "pilot_injury": 0.9989,
        "pilot_skill": 0.2808,
        "mission_priority": 0.6831,
        "estimated_landing_time": 664.0,
        "wait_time": 0,
        "Landing_success_rate": 1.0
    },
    {
        "model": 2,
        "sequence": 10,
        "status": 1,
        "fuel": 6858,
        "fault": 0.2869,
        "weapon": 1,
        "pilot_injury": 0.959,
        "pilot_skill": 0.3357,
        "mission_priority": 0.657,
        "estimated_landing_time": 946.0,
        "wait_time": 0,
        "Landing_success_rate": 1.0
    },
    {
        "model": 0,
        "sequence": 24,
        "status": 1,
        "fuel": 7242,
        "fault": 0.6655,
        "weapon": 1,
        "pilot_injury": 0.2607,
        "pilot_skill": 0.0589,
        "mission_priority": 0.9516,
        "estimated_landing_time": 2262.0,
        "wait_time": 0,
        "Landing_success_rate": 1.0
    },
    {
        "model": 2,
        "sequence": 1,
        "status": 1,
        "fuel": 6751,
        "fault": 0.8759,
        "weapon": 1,
        "pilot_injury": 0.4689,
        "pilot_skill": 0.2332,
        "mission_priority": 0.9954,
        "estimated_landing_time": 100.0,
        "wait_time": 0,
        "Landing_success_rate": 1.0
    },
    {
        "model": 0,
        "sequence": 17,
        "status": 1,
        "fuel": 6383,
        "fault": 0.5023,
        "weapon": 0,
        "pilot_injury": 0.9161,
        "pilot_skill": 0.575,
        "mission_priority": 0.3678,
        "estimated_landing_time": 1604.0,
        "wait_time": 0,
        "Landing_success_rate": 1.0
    },
    {
        "model": 0,
        "sequence": 22,
        "status": 1,
        "fuel": 7252,
        "fault": 0.761,
        "weapon": 0,
        "pilot_injury": 0.9589,
        "pilot_skill": 0.4405,
        "mission_priority": 0.6071,
        "estimated_landing_time": 2074.0,
        "wait_time": 0,
        "Landing_success_rate": 1.0
    },
    {
        "model": 2,
        "sequence": 13,
        "status": 1,
        "fuel": 7389,
        "fault": 0.0997,
        "weapon": 0,
        "pilot_injury": 0.8697,
        "pilot_skill": 0.6086,
        "mission_priority": 0.5825,
        "estimated_landing_time": 1228.0,
        "wait_time": 0,
        "Landing_success_rate": 1.0
    },
    {
        "model": 1,
        "sequence": 2,
        "status": 1,
        "fuel": 7200,
        "fault": 0.1439,
        "weapon": 1,
        "pilot_injury": 0.0555,
        "pilot_skill": 0.1518,
        "mission_priority": 0.0578,
        "estimated_landing_time": 194.0,
        "wait_time": 0,
        "Landing_success_rate": 1.0
    },
    {
        "model": 0,
        "sequence": 21,
        "status": 1,
        "fuel": 6370,
        "fault": 0.323,
        "weapon": 1,
        "pilot_injury": 0.0263,
        "pilot_skill": 0.0219,
        "mission_priority": 0.523,
        "estimated_landing_time": 1980.0,
        "wait_time": 0,
        "Landing_success_rate": 1.0
    },
    {
        "model": 0,
        "sequence": 4,
        "status": 1,
        "fuel": 7352,
        "fault": 0.1711,
        "weapon": 0,
        "pilot_injury": 0.67,
        "pilot_skill": 0.1259,
        "mission_priority": 0.4945,
        "estimated_landing_time": 382.0,
        "wait_time": 0,
        "Landing_success_rate": 1.0
    },
    {
        "model": 1,
        "sequence": 11,
        "status": 1,
        "fuel": 5596,
        "fault": 0.8517,
        "weapon": 0,
        "pilot_injury": 0.2124,
        "pilot_skill": 0.4641,
        "mission_priority": 0.7439,
        "estimated_landing_time": 1040.0,
        "wait_time": 0,
        "Landing_success_rate": 1.0
    },
    {
        "model": 1,
        "sequence": 12,
        "status": 1,
        "fuel": 5765,
        "fault": 0.5629,
        "weapon": 1,
        "pilot_injury": 0.8627,
        "pilot_skill": 0.2698,
        "mission_priority": 0.5222,
        "estimated_landing_time": 1134.0,
        "wait_time": 0,
        "Landing_success_rate": 1.0
    },
    {
        "model": 2,
        "sequence": 6,
        "status": 1,
        "fuel": 7015,
        "fault": 0.5962,
        "weapon": 1,
        "pilot_injury": 0.3919,
        "pilot_skill": 0.3772,
        "mission_priority": 0.6219,
        "estimated_landing_time": 570.0,
        "wait_time": 0,
        "Landing_success_rate": 1.0
    },
    {
        "model": 1,
        "sequence": 20,
        "status": 1,
        "fuel": 5952,
        "fault": 0.724,
        "weapon": 1,
        "pilot_injury": 0.3554,
        "pilot_skill": 0.4489,
        "mission_priority": 0.8872,
        "estimated_landing_time": 1886.0,
        "wait_time": 0,
        "Landing_success_rate": 1.0
    },
    {
        "model": 0,
        "sequence": 14,
        "status": 1,
        "fuel": 6919,
        "fault": 0.7495,
        "weapon": 1,
        "pilot_injury": 0.6002,
        "pilot_skill": 0.6443,
        "mission_priority": 0.4823,
        "estimated_landing_time": 1322.0,
        "wait_time": 0,
        "Landing_success_rate": 1.0
    },
    {
        "model": 1,
        "sequence": 9,
        "status": 1,
        "fuel": 5665,
        "fault": 0.6391,
        "weapon": 1,
        "pilot_injury": 0.5244,
        "pilot_skill": 0.9584,
        "mission_priority": 0.9532,
        "estimated_landing_time": 852.0,
        "wait_time": 0,
        "Landing_success_rate": 1.0
    }
]