[
    {
        "model": 2,
        "sequence": 24,
        "status": 1,
        "fuel": 7007,
        "fault": 0.6173,
        "weapon": 1,
        "pilot_injury": 0.1198,
        "pilot_skill": 0.1413,
        "mission_priority": 0.3639,
        "estimated_landing_time": 2262.0,
        "wait_time": 0,
        "Landing_success_rate": 1.0
    },
    {
        "model": 0,
        "sequence": 5,
        "status": 1,
        "fuel": 6877,
        "fault": 0.6069,
        "weapon": 0,
        "pilot_injury": 0.6427,
        "pilot_skill": 0.498,
        "mission_priority": 0.1064,
        "estimated_landing_time": 476.0,
        "wait_time": 0,
        "Landing_success_rate": 1.0
    },
    {
        "model": 2,
        "sequence": 3,
        "status": 1,
        "fuel": 6707,
        "fault": 0.3741,
        "weapon": 0,
        "pilot_injury": 0.8829,
        "pilot_skill": 0.7751,
        "mission_priority": 0.8816,
        "estimated_landing_time": 288.0,
        "wait_time": 0,
        "Landing_success_rate": 1.0
    },
    {
        "model": 0,
        "sequence": 9,
        "status": 1,
        "fuel": 5747,
        "fault": 0.351,
        "weapon": 1,
        "pilot_injury": 0.0318,
        "pilot_skill": 0.9403,
        "mission_priority": 0.4752,
        "estimated_landing_time": 852.0,
        "wait_time": 0,
        "Landing_success_rate": 1.0
    },
    {
        "model": 0,
        "sequence": 13,
        "status": 1,
        "fuel": 7471,
        "fault": 0.0123,
        "weapon": 0,
        "pilot_injury": 0.8322,
        "pilot_skill": 0.2107,
        "mission_priority": 0.6794,
        "estimated_landing_time": 1228.0,
        "wait_time": 0,
        "Landing_success_rate": 1.0
    },
    {
        "model": 0,
        "sequence": 21,
        "status": 1,
        "fuel": 6130,
        "fault": 0.0307,
        "weapon": 1,
        "pilot_injury": 0.8352,
        "pilot_skill": 0.9882,
        "mission_priority": 0.0105,
        "estimated_landing_time": 1980.0,
        "wait_time": 0,
        "Landing_success_rate": 1.0
    },
    {
        "model": 1,
        "sequence": 12,
        "status": 1,
        "fuel": 5641,
        "fault": 0.0393,
        "weapon": 1,
        "pilot_injury": 0.7257,
        "pilot_skill": 0.4678,
        "mission_priority": 0.8422,
        "estimated_landing_time": 1134.0,
        "wait_time": 0,
        "Landing_success_rate": 1.0
    },
    {
        "model": 1,
        "sequence": 16,
        "status": 1,
        "fuel": 6423,
        "fault": 0.9347,
        "weapon": 1,
        "pilot_injury": 0.2729,
        "pilot_skill": 0.3673,
        "mission_priority": 0.9891,
        "estimated_landing_time": 1510.0,
        "wait_time": 0,
        "Landing_success_rate": 1.0
    },
    {
        "model": 2,
        "sequence": 1,
        "status": 1,
        "fuel": 6464,
        "fault": 0.4783,
        "weapon": 1,
        "pilot_injury": 0.8589,
        "pilot_skill": 0.136,
        "mission_priority": 0.2676,
        "estimated_landing_time": 100.0,
        "wait_time": 0,
        "Landing_success_rate": 1.0
    },
    {
        "model": 1,
        "sequence": 17,
        "status": 1,
        "fuel": 7129,
        "fault": 0.9183,
        "weapon": 1,
        "pilot_injury": 0.5909,
        "pilot_skill": 0.8837,
        "mission_priority": 0.404,
        "estimated_landing_time": 1604.0,
        "wait_time": 0,
        "Landing_success_rate": 1.0
    },
    {
        "model": 1,
        "sequence": 11,
        "status": 1,
        "fuel": 5766,
        "fault": 0.1872,
        "weapon": 1,
        "pilot_injury": 0.9914,
        "pilot_skill": 0.9734,
        "mission_priority": 0.2965,
        "estimated_landing_time": 1040.0,
        "wait_time": 0,
        "Landing_success_rate": 1.0
    },
    {
        "model": 2,
        "sequence": 6,
        "status": 1,
        "fuel": 5767,
        "fault": 0.4473,
        "weapon": 1,
        "pilot_injury": 0.1466,
        "pilot_skill": 0.0239,
        "mission_priority": 0.0141,
        "estimated_landing_time": 570.0,
        "wait_time": 0,
        "Landing_success_rate": 1.0
    },
    {
        "model": 0,
        "sequence": 10,
        "status": 1,
        "fuel": 5669,
        "fault": 0.5516,
        "weapon": 1,
        "pilot_injury": 0.4922,
        "pilot_skill": 0.9968,
        "mission_priority": 0.2865,
        "estimated_landing_time": 946.0,
        "wait_time": 0,
        "Landing_success_rate": 1.0
    },
    {
        "model": 2,
        "sequence": 19,
        "status": 1,
        "fuel": 6939,
        "fault": 0.4973,
        "weapon": 1,
        "pilot_injury": 0.0983,
        "pilot_skill": 0.8771,
        "mission_priority": 0.4,
        "estimated_landing_time": 1792.0,
        "wait_time": 0,
        "Landing_success_rate": 1.0
    },
    {
        "model": 1,
        "sequence": 23,
        "status": 1,
        "fuel": 7158,
        "fault": 0.3309,
        "weapon": 0,
        "pilot_injury": 0.8201,
        "pilot_skill": 0.0277,
        "mission_priority": 0.966,
        "estimated_landing_time": 2168.0,
        "wait_time": 0,
        "Landing_success_rate": 1.0
    },
    {
        "model": 0,
        "sequence": 20,
        "status": 1,
        "fuel": 6745,
        "fault": 0.8045,
        "weapon": 0,
        "pilot_injury": 0.6065,
        "pilot_skill": 0.3775,
        "mission_priority": 0.7213,
        "estimated_landing_time": 1886.0,
        "wait_time": 0,
        "Landing_success_rate": 1.0
    },
    {
        "model": 2,
        "sequence": 4,
        "status": 1,
        "fuel": 6524,
        "fault": 0.2497,
        "weapon": 0,
        "pilot_injury": 0.5138,
        "pilot_skill": 0.3689,
        "mission_priority": 0.3608,
        "estimated_landing_time": 382.0,
        "wait_time": 0,
        "Landing_success_rate": 1.0
    },
    {
        "model": 0,
        "sequence": 22,
        "status": 1,
        "fuel": 5722,
        "fault": 0.9542,
        "weapon": 1,
        "pilot_injury": 0.1101,
        "pilot_skill": 0.6617,
        "mission_priority": 0.3414,
        "estimated_landing_time": 2074.0,
        "wait_time": 0,
        "Landing_success_rate": 1.0
    },
    {
        "model": 1,
        "sequence": 2,
        "status": 1,
        "fuel": 6039,
        "fault": 0.0091,
        "weapon": 1,
        "pilot_injury": 0.8571,
        "pilot_skill": 0.8617,
        "mission_priority": 0.9892,
        "estimated_landing_time": 194.0,
        "wait_time": 0,
        "Landing_success_rate": 1.0
    },
    {
        "model": 1,
        "sequence": 8,
        "status": 1,
        "fuel": 7453,
        "fault": 0.8278,
        "weapon": 1,
        "pilot_injury": 0.4249,
        "pilot_skill": 0.8966,
        "mission_priority": 0.6003,
        "estimated_landing_time": 758.0,
        "wait_time": 0,
        "Landing_success_rate": 1.0
    },
    {
        "model": 2,
        "sequence": 14,
        "status": 1,
        "fuel": 5615,
        "fault": 0.0628,
        "weapon": 1,
        "pilot_injury": 0.7123,
        "pilot_skill": 0.7136,
        "mission_priority": 0.5146,
        "estimated_landing_time": 1322.0,
        "wait_time": 0,
        "Landing_success_rate": 1.0
    },
    {
        "model": 0,
        "sequence": 18,
        "status": 1,
        "fuel": 7411,
        "fault": 0.5706,
        "weapon": 1,
        "pilot_injury": 0.5526,
        "pilot_skill": 0.2063,
        "mission_priority": 0.2458,
        "estimated_landing_time": 1698.0,
        "wait_time": 0,
        "Landing_success_rate": 1.0
    },
    {
        "model": 1,
        "sequence": 7,
        "status": 1,
        "fuel": 5838,
        "fault": 0.4409,
        "weapon": 1,
        "pilot_injury": 0.4624,
        "pilot_skill": 0.9263,
        "mission_priority": 0.7934,
        "estimated_landing_time": 664.0,
        "wait_time": 0,
        "Landing_success_rate": 1.0
    },
    {
        "model": 0,
        "sequence": 15,
        "status": 1,
        "fuel": 6745,
        "fault": 0.8349,
        "weapon": 1,
        "pilot_injury": 0.1488,
        "pilot_skill": 0.2366,
        "mission_priority": 0.6626,
        "estimated_landing_time": 1416.0,
        "wait_time": 0,
        "Landing_success_rate": 1.0
    }
]