[
    {
        "model": 2,
        "sequence": 5,
        "status": 1,
        "fuel": 6233,
        "fault": 0.2255,
        "weapon": 1,
        "pilot_injury": 0.7539,
        "pilot_skill": 0.5633,
        "mission_priority": 0.6501,
        "estimated_landing_time": 476.0,
        "wait_time": 0,
        "Landing_success_rate": 1.0
    },
    {
        "model": 1,
        "sequence": 12,
        "status": 1,
        "fuel": 6603,
        "fault": 0.7739,
        "weapon": 1,
        "pilot_injury": 0.0137,
        "pilot_skill": 0.0264,
        "mission_priority": 0.0467,
        "estimated_landing_time": 1134.0,
        "wait_time": 0,
        "Landing_success_rate": 1.0
    },
    {
        "model": 0,
        "sequence": 24,
        "status": 1,
        "fuel": 5508,
        "fault": 0.0451,
        "weapon": 1,
        "pilot_injury": 0.9811,
        "pilot_skill": 0.4199,
        "mission_priority": 0.7124,
        "estimated_landing_time": 2262.0,
        "wait_time": 0,
        "Landing_success_rate": 1.0
    },
    {
        "model": 0,
        "sequence": 4,
        "status": 1,
        "fuel": 7230,
        "fault": 0.6412,
        "weapon": 1,
        "pilot_injury": 0.4433,
        "pilot_skill": 0.5499,
        "mission_priority": 0.3288,
        "estimated_landing_time": 382.0,
        "wait_time": 0,
        "Landing_success_rate": 1.0
    },
    {
        "model": 0,
        "sequence": 8,
        "status": 1,
        "fuel": 5694,
        "fault": 0.3415,
        "weapon": 0,
        "pilot_injury": 0.3111,
        "pilot_skill": 0.6273,
        "mission_priority": 0.3413,
        "estimated_landing_time": 758.0,
        "wait_time": 0,
        "Landing_success_rate": 1.0
    },
    {
        "model": 0,
        "sequence": 9,
        "status": 1,
        "fuel": 7095,
        "fault": 0.3948,
        "weapon": 1,
        "pilot_injury": 0.8533,
        "pilot_skill": 0.4348,
        "mission_priority": 0.5222,
        "estimated_landing_time": 852.0,
        "wait_time": 0,
        "Landing_success_rate": 1.0
    },
    {
        "model": 1,
        "sequence": 3,
        "status": 1,
        "fuel": 6653,
        "fault": 0.1924,
        "weapon": 0,
        "pilot_injury": 0.415,
        "pilot_skill": 0.8115,
        "mission_priority": 0.8945,
        "estimated_landing_time": 288.0,
        "wait_time": 0,
        "Landing_success_rate": 1.0
    },
    {
        "model": 0,
        "sequence": 14,
        "status": 1,
        "fuel": 7306,
        "fault": 0.604,
        "weapon": 1,
        "pilot_injury": 0.6059,
        "pilot_skill": 0.1788,
        "mission_priority": 0.0293,
        "estimated_landing_time": 1322.0,
        "wait_time": 0,
        "Landing_success_rate": 1.0
    },
    {
        "model": 0,
        "sequence": 15,
        "status": 1,
        "fuel": 6524,
        "fault": 0.3981,
        "weapon": 0,
        "pilot_injury": 0.2257,
        "pilot_skill": 0.4617,
        "mission_priority": 0.2323,
        "estimated_landing_time": 1416.0,
        "wait_time": 0,
        "Landing_success_rate": 1.0
    },
    {
        "model": 1,
        "sequence": 1,
        "status": 1,
        "fuel": 6800,
        "fault": 0.6312,
        "weapon": 1,
        "pilot_injury": 0.4982,
        "pilot_skill": 0.7569,
        "mission_priority": 0.2924,
        "estimated_landing_time": 100.0,
        "wait_time": 0,
        "Landing_success_rate": 1.0
    },
    {
        "model": 0,
        "sequence": 13,
        "status": 1,
        "fuel": 5824,
        "fault": 0.5649,
        "weapon": 0,
        "pilot_injury": 0.5966,
        "pilot_skill": 0.9833,
        "mission_priority": 0.8082,
        "estimated_landing_time": 1228.0,
        "wait_time": 0,
        "Landing_success_rate": 1.0
    },
    {
        "model": 1,
        "sequence": 22,
        "status": 1,
        "fuel": 6786,
        "fault": 0.4823,
        "weapon": 1,
        "pilot_injury": 0.0776,
        "pilot_skill": 0.2435,
        "mission_priority": 0.9576,
        "estimated_landing_time": 2074.0,
        "wait_time": 0,
        "Landing_success_rate": 1.0
    },
    {
        "model": 0,
        "sequence": 16,
        "status": 1,
        "fuel": 6416,
        "fault": 0.1571,
        "weapon": 0,
        "pilot_injury": 0.5931,
        "pilot_skill": 0.5004,
        "mission_priority": 0.0625,
        "estimated_landing_time": 1510.0,
        "wait_time": 0,
        "Landing_success_rate": 1.0
    },
    {
        "model": 2,
        "sequence": 21,
        "status": 1,
        "fuel": 7273,
        "fault": 0.6315,
        "weapon": 1,
        "pilot_injury": 0.2327,
        "pilot_skill": 0.1244,
        "mission_priority": 0.8648,
        "estimated_landing_time": 1980.0,
        "wait_time": 0,
        "Landing_success_rate": 1.0
    },
    {
        "model": 0,
        "sequence": 17,
        "status": 1,
        "fuel": 6976,
        "fault": 0.6167,
        "weapon": 0,
        "pilot_injury": 0.6291,
        "pilot_skill": 0.7353,
        "mission_priority": 0.5975,
        "estimated_landing_time": 1604.0,
        "wait_time": 0,
        "Landing_success_rate": 1.0
    },
    {
        "model": 2,
        "sequence": 2,
        "status": 1,
        "fuel": 6506,
        "fault": 0.344,
        "weapon": 0,
        "pilot_injury": 0.0451,
        "pilot_skill": 0.234,
        "mission_priority": 0.0596,
        "estimated_landing_time": 194.0,
        "wait_time": 0,
        "Landing_success_rate": 1.0
    },
    {
        "model": 1,
        "sequence": 7,
        "status": 1,
        "fuel": 7180,
        "fault": 0.463,
        "weapon": 1,
        "pilot_injury": 0.581,
        "pilot_skill": 0.8098,
        "mission_priority": 0.8949,
        "estimated_landing_time": 664.0,
        "wait_time": 0,
        "Landing_success_rate": 1.0
    },
    {
        "model": 0,
        "sequence": 6,
        "status": 1,
        "fuel": 6519,
        "fault": 0.1845,
        "weapon": 1,
        "pilot_injury": 0.9512,
        "pilot_skill": 0.6716,
        "mission_priority": 0.9011,
        "estimated_landing_time": 570.0,
        "wait_time": 0,
        "Landing_success_rate": 1.0
    },
    {
        "model": 0,
        "sequence": 10,
        "status": 1,
        "fuel": 6224,
        "fault": 0.7749,
        "weapon": 0,
        "pilot_injury": 0.1969,
        "pilot_skill": 0.9405,
        "mission_priority": 0.8443,
        "estimated_landing_time": 946.0,
        "wait_time": 0,
        "Landing_success_rate": 1.0
    },
    {
        "model": 0,
        "sequence": 11,
        "status": 1,
        "fuel": 7199,
        "fault": 0.6559,
        "weapon": 0,
        "pilot_injury": 0.1572,
        "pilot_skill": 0.9049,
        "mission_priority": 0.1662,
        "estimated_landing_time": 1040.0,
        "wait_time": 0,
        "Landing_success_rate": 1.0
    },
    {
        "model": 2,
        "sequence": 19,
        "status": 1,
        "fuel": 7147,
        "fault": 0.7914,
        "weapon": 1,
        "pilot_injury": 0.0334,
        "pilot_skill": 0.6307,
        "mission_priority": 0.3506,
        "estimated_landing_time": 1792.0,
        "wait_time": 0,
        "Landing_success_rate": 1.0
    },
    {
        "model": 0,
        "sequence": 20,
        "status": 1,
        "fuel": 6724,
        "fault": 0.5675,
        "weapon": 0,
        "pilot_injury": 0.5733,
        "pilot_skill": 0.0699,
        "mission_priority": 0.1816,
        "estimated_landing_time": 1886.0,
        "wait_time": 0,
        "Landing_success_rate": 1.0
    },
    {
        "model": 1,
        "sequence": 18,
        "status": 1,
        "fuel": 5881,
        "fault": 0.7559,
        "weapon": 1,
        "pilot_injury": 0.0858,
        "pilot_skill": 0.2077,
        "mission_priority": 0.5454,
        "estimated_landing_time": 1698.0,
        "wait_time": 0,
        "Landing_success_rate": 1.0
    },
    {
        "model": 0,
        "sequence": 23,
        "status": 1,
        "fuel": 6222,
        "fault": 0.7209,
        "weapon": 0,
        "pilot_injury": 0.9068,
        "pilot_skill": 0.6971,
        "mission_priority": 0.3069,
        "estimated_landing_time": 2168.0,
        "wait_time": 0,
        "Landing_success_rate": 1.0
    }
]