[
    {
        "model": 0,
        "sequence": 13,
        "status": 1,
        "fuel": 6721,
        "fault": 0.3747,
        "weapon": 0,
        "pilot_injury": 0.1966,
        "pilot_skill": 0.3089,
        "mission_priority": 0.8295,
        "estimated_landing_time": 1228.0,
        "wait_time": 0,
        "Landing_success_rate": 1.0
    },
    {
        "model": 0,
        "sequence": 10,
        "status": 1,
        "fuel": 6438,
        "fault": 0.5059,
        "weapon": 0,
        "pilot_injury": 0.5866,
        "pilot_skill": 0.6336,
        "mission_priority": 0.8848,
        "estimated_landing_time": 946.0,
        "wait_time": 0,
        "Landing_success_rate": 1.0
    },
    {
        "model": 0,
        "sequence": 6,
        "status": 1,
        "fuel": 5822,
        "fault": 0.3252,
        "weapon": 1,
        "pilot_injury": 0.8667,
        "pilot_skill": 0.0509,
        "mission_priority": 0.1541,
        "estimated_landing_time": 570.0,
        "wait_time": 0,
        "Landing_success_rate": 1.0
    },
    {
        "model": 2,
        "sequence": 2,
        "status": 1,
        "fuel": 6121,
        "fault": 0.837,
        "weapon": 0,
        "pilot_injury": 0.8033,
        "pilot_skill": 0.6861,
        "mission_priority": 0.687,
        "estimated_landing_time": 194.0,
        "wait_time": 0,
        "Landing_success_rate": 1.0
    },
    {
        "model": 1,
        "sequence": 9,
        "status": 1,
        "fuel": 7081,
        "fault": 0.9051,
        "weapon": 1,
        "pilot_injury": 0.0033,
        "pilot_skill": 0.6398,
        "mission_priority": 0.8681,
        "estimated_landing_time": 852.0,
        "wait_time": 0,
        "Landing_success_rate": 1.0
    },
    {
        "model": 1,
        "sequence": 18,
        "status": 1,
        "fuel": 7436,
        "fault": 0.3639,
        "weapon": 0,
        "pilot_injury": 0.8031,
        "pilot_skill": 0.3732,
        "mission_priority": 0.868,
        "estimated_landing_time": 1698.0,
        "wait_time": 0,
        "Landing_success_rate": 1.0
    },
    {
        "model": 2,
        "sequence": 22,
        "status": 1,
        "fuel": 6187,
        "fault": 0.1731,
        "weapon": 0,
        "pilot_injury": 0.6674,
        "pilot_skill": 0.2013,
        "mission_priority": 0.1245,
        "estimated_landing_time": 2074.0,
        "wait_time": 0,
        "Landing_success_rate": 1.0
    },
    {
        "model": 1,
        "sequence": 21,
        "status": 1,
        "fuel": 5707,
        "fault": 0.8087,
        "weapon": 0,
        "pilot_injury": 0.0129,
        "pilot_skill": 0.6607,
        "mission_priority": 0.782,
        "estimated_landing_time": 1980.0,
        "wait_time": 0,
        "Landing_success_rate": 1.0
    },
    {
        "model": 0,
        "sequence": 24,
        "status": 1,
        "fuel": 7394,
        "fault": 0.891,
        "weapon": 0,
        "pilot_injury": 0.1654,
        "pilot_skill": 0.9605,
        "mission_priority": 0.2321,
        "estimated_landing_time": 2262.0,
        "wait_time": 0,
        "Landing_success_rate": 1.0
    },
    {
        "model": 2,
        "sequence": 15,
        "status": 1,
        "fuel": 6998,
        "fault": 0.6116,
        "weapon": 1,
        "pilot_injury": 0.9071,
        "pilot_skill": 0.6595,
        "mission_priority": 0.3692,
        "estimated_landing_time": 1416.0,
        "wait_time": 0,
        "Landing_success_rate": 1.0
    },
    {
        "model": 2,
        "sequence": 19,
        "status": 1,
        "fuel": 6812,
        "fault": 0.8948,
        "weapon": 1,
        "pilot_injury": 0.1088,
        "pilot_skill": 0.796,
        "mission_priority": 0.8716,
        "estimated_landing_time": 1792.0,
        "wait_time": 0,
        "Landing_success_rate": 1.0
    },
    {
        "model": 0,
        "sequence": 4,
        "status": 1,
        "fuel": 6932,
        "fault": 0.4733,
        "weapon": 0,
        "pilot_injury": 0.0304,
        "pilot_skill": 0.1973,
        "mission_priority": 0.5703,
        "estimated_landing_time": 382.0,
        "wait_time": 0,
        "Landing_success_rate": 1.0
    },
    {
        "model": 2,
        "sequence": 8,
        "status": 1,
        "fuel": 7411,
        "fault": 0.0129,
        "weapon": 1,
        "pilot_injury": 0.837,
        "pilot_skill": 0.655,
        "mission_priority": 0.9988,
        "estimated_landing_time": 758.0,
        "wait_time": 0,
        "Landing_success_rate": 1.0
    },
    {
        "model": 0,
        "sequence": 1,
        "status": 1,
        "fuel": 7132,
        "fault": 0.4577,
        "weapon": 0,
        "pilot_injury": 0.3046,
        "pilot_skill": 0.5966,
        "mission_priority": 0.4344,
        "estimated_landing_time": 100.0,
        "wait_time": 0,
        "Landing_success_rate": 1.0
    },
    {
        "model": 2,
        "sequence": 16,
        "status": 1,
        "fuel": 6252,
        "fault": 0.8429,
        "weapon": 1,
        "pilot_injury": 0.3475,
        "pilot_skill": 0.5075,
        "mission_priority": 0.2117,
        "estimated_landing_time": 1510.0,
        "wait_time": 0,
        "Landing_success_rate": 1.0
    },
    {
        "model": 1,
        "sequence": 20,
        "status": 1,
        "fuel": 7379,
        "fault": 0.0863,
        "weapon": 0,
        "pilot_injury": 0.2551,
        "pilot_skill": 0.2659,
        "mission_priority": 0.2935,
        "estimated_landing_time": 1886.0,
        "wait_time": 0,
        "Landing_success_rate": 1.0
    },
    {
        "model": 0,
        "sequence": 17,
        "status": 1,
        "fuel": 6529,
        "fault": 0.7714,
        "weapon": 0,
        "pilot_injury": 0.8222,
        "pilot_skill": 0.5715,
        "mission_priority": 0.3067,
        "estimated_landing_time": 1604.0,
        "wait_time": 0,
        "Landing_success_rate": 1.0
    },
    {
        "model": 1,
        "sequence": 7,
        "status": 1,
        "fuel": 5831,
        "fault": 0.8704,
        "weapon": 0,
        "pilot_injury": 0.2788,
        "pilot_skill": 0.9127,
        "mission_priority": 0.7201,
        "estimated_landing_time": 664.0,
        "wait_time": 0,
        "Landing_success_rate": 1.0
    },
    {
        "model": 2,
        "sequence": 5,
        "status": 1,
        "fuel": 7380,
        "fault": 0.4223,
        "weapon": 0,
        "pilot_injury": 0.4464,
        "pilot_skill": 0.7969,
        "mission_priority": 0.1755,
        "estimated_landing_time": 476.0,
        "wait_time": 0,
        "Landing_success_rate": 1.0
    },
    {
        "model": 2,
        "sequence": 23,
        "status": 1,
        "fuel": 6519,
        "fault": 0.1475,
        "weapon": 1,
        "pilot_injury": 0.2904,
        "pilot_skill": 0.5639,
        "mission_priority": 0.9782,
        "estimated_landing_time": 2168.0,
        "wait_time": 0,
        "Landing_success_rate": 1.0
    },
    {
        "model": 2,
        "sequence": 14,
        "status": 1,
        "fuel": 5666,
        "fault": 0.7286,
        "weapon": 0,
        "pilot_injury": 0.7321,
        "pilot_skill": 0.0759,
        "mission_priority": 0.8893,
        "estimated_landing_time": 1322.0,
        "wait_time": 0,
        "Landing_success_rate": 1.0
    },
    {
        "model": 2,
        "sequence": 11,
        "status": 1,
        "fuel": 6796,
        "fault": 0.3552,
        "weapon": 0,
        "pilot_injury": 0.7491,
        "pilot_skill": 0.8386,
        "mission_priority": 0.2536,
        "estimated_landing_time": 1040.0,
        "wait_time": 0,
        "Landing_success_rate": 1.0
    },
    {
        "model": 2,
        "sequence": 3,
        "status": 1,
        "fuel": 7228,
        "fault": 0.4172,
        "weapon": 1,
        "pilot_injury": 0.0819,
        "pilot_skill": 0.8891,
        "mission_priority": 0.8768,
        "estimated_landing_time": 288.0,
        "wait_time": 0,
        "Landing_success_rate": 1.0
    },
    {
        "model": 1,
        "sequence": 12,
        "status": 1,
        "fuel": 6235,
        "fault": 0.2193,
        "weapon": 1,
        "pilot_injury": 0.4005,
        "pilot_skill": 0.6027,
        "mission_priority": 0.8417,
        "estimated_landing_time": 1134.0,
        "wait_time": 0,
        "Landing_success_rate": 1.0
    }
]