[
    {
        "model": 0,
        "sequence": 9,
        "status": 1,
        "fuel": 6621,
        "fault": 0.967,
        "weapon": 0,
        "pilot_injury": 0.3676,
        "pilot_skill": 0.5356,
        "mission_priority": 0.0056,
        "estimated_landing_time": 852.0,
        "wait_time": 0,
        "Landing_success_rate": 1.0
    },
    {
        "model": 2,
        "sequence": 15,
        "status": 1,
        "fuel": 6260,
        "fault": 0.665,
        "weapon": 0,
        "pilot_injury": 0.8748,
        "pilot_skill": 0.2107,
        "mission_priority": 0.8251,
        "estimated_landing_time": 1416.0,
        "wait_time": 0,
        "Landing_success_rate": 1.0
    },
    {
        "model": 0,
        "sequence": 24,
        "status": 1,
        "fuel": 6748,
        "fault": 0.6265,
        "weapon": 0,
        "pilot_injury": 0.3944,
        "pilot_skill": 0.3674,
        "mission_priority": 0.7033,
        "estimated_landing_time": 2262.0,
        "wait_time": 0,
        "Landing_success_rate": 1.0
    },
    {
        "model": 0,
        "sequence": 20,
        "status": 1,
        "fuel": 6742,
        "fault": 0.0298,
        "weapon": 0,
        "pilot_injury": 0.9186,
        "pilot_skill": 0.5865,
        "mission_priority": 0.8682,
        "estimated_landing_time": 1886.0,
        "wait_time": 0,
        "Landing_success_rate": 1.0
    },
    {
        "model": 0,
        "sequence": 1,
        "status": 1,
        "fuel": 6299,
        "fault": 0.3453,
        "weapon": 0,
        "pilot_injury": 0.8349,
        "pilot_skill": 0.8322,
        "mission_priority": 0.7847,
        "estimated_landing_time": 100.0,
        "wait_time": 0,
        "Landing_success_rate": 1.0
    },
    {
        "model": 1,
        "sequence": 6,
        "status": 1,
        "fuel": 6469,
        "fault": 0.2903,
        "weapon": 0,
        "pilot_injury": 0.2997,
        "pilot_skill": 0.343,
        "mission_priority": 0.3012,
        "estimated_landing_time": 570.0,
        "wait_time": 0,
        "Landing_success_rate": 1.0
    },
    {
        "model": 2,
        "sequence": 5,
        "status": 1,
        "fuel": 6155,
        "fault": 0.6189,
        "weapon": 0,
        "pilot_injury": 0.6503,
        "pilot_skill": 0.2043,
        "mission_priority": 0.6915,
        "estimated_landing_time": 476.0,
        "wait_time": 0,
        "Landing_success_rate": 1.0
    },
    {
        "model": 1,
        "sequence": 23,
        "status": 1,
        "fuel": 5669,
        "fault": 0.6394,
        "weapon": 0,
        "pilot_injury": 0.7473,
        "pilot_skill": 0.3629,
        "mission_priority": 0.5694,
        "estimated_landing_time": 2168.0,
        "wait_time": 0,
        "Landing_success_rate": 1.0
    },
    {
        "model": 1,
        "sequence": 19,
        "status": 1,
        "fuel": 6256,
        "fault": 0.2921,
        "weapon": 0,
        "pilot_injury": 0.208,
        "pilot_skill": 0.1669,
        "mission_priority": 0.3865,
        "estimated_landing_time": 1792.0,
        "wait_time": 0,
        "Landing_success_rate": 1.0
    },
    {
        "model": 0,
        "sequence": 22,
        "status": 1,
        "fuel": 7099,
        "fault": 0.0658,
        "weapon": 0,
        "pilot_injury": 0.117,
        "pilot_skill": 0.0316,
        "mission_priority": 0.416,
        "estimated_landing_time": 2074.0,
        "wait_time": 0,
        "Landing_success_rate": 1.0
    },
    {
        "model": 0,
        "sequence": 17,
        "status": 1,
        "fuel": 6395,
        "fault": 0.4495,
        "weapon": 0,
        "pilot_injury": 0.9819,
        "pilot_skill": 0.1941,
        "mission_priority": 0.4584,
        "estimated_landing_time": 1604.0,
        "wait_time": 0,
        "Landing_success_rate": 1.0
    },
    {
        "model": 1,
        "sequence": 18,
        "status": 1,
        "fuel": 7484,
        "fault": 0.9152,
        "weapon": 0,
        "pilot_injury": 0.6967,
        "pilot_skill": 0.3711,
        "mission_priority": 0.9061,
        "estimated_landing_time": 1698.0,
        "wait_time": 0,
        "Landing_success_rate": 1.0
    },
    {
        "model": 2,
        "sequence": 10,
        "status": 1,
        "fuel": 7148,
        "fault": 0.8408,
        "weapon": 0,
        "pilot_injury": 0.2215,
        "pilot_skill": 0.428,
        "mission_priority": 0.9653,
        "estimated_landing_time": 946.0,
        "wait_time": 0,
        "Landing_success_rate": 1.0
    },
    {
        "model": 0,
        "sequence": 2,
        "status": 1,
        "fuel": 6749,
        "fault": 0.2942,
        "weapon": 0,
        "pilot_injury": 0.8194,
        "pilot_skill": 0.2675,
        "mission_priority": 0.7911,
        "estimated_landing_time": 194.0,
        "wait_time": 0,
        "Landing_success_rate": 1.0
    },
    {
        "model": 1,
        "sequence": 14,
        "status": 1,
        "fuel": 5515,
        "fault": 0.1129,
        "weapon": 1,
        "pilot_injury": 0.3573,
        "pilot_skill": 0.4269,
        "mission_priority": 0.4729,
        "estimated_landing_time": 1322.0,
        "wait_time": 0,
        "Landing_success_rate": 1.0
    },
    {
        "model": 2,
        "sequence": 7,
        "status": 1,
        "fuel": 5629,
        "fault": 0.5106,
        "weapon": 0,
        "pilot_injury": 0.6968,
        "pilot_skill": 0.9757,
        "mission_priority": 0.7628,
        "estimated_landing_time": 664.0,
        "wait_time": 0,
        "Landing_success_rate": 1.0
    },
    {
        "model": 2,
        "sequence": 8,
        "status": 1,
        "fuel": 6475,
        "fault": 0.7802,
        "weapon": 1,
        "pilot_injury": 0.1178,
        "pilot_skill": 0.0588,
        "mission_priority": 0.4777,
        "estimated_landing_time": 758.0,
        "wait_time": 0,
        "Landing_success_rate": 1.0
    },
    {
        "model": 1,
        "sequence": 21,
        "status": 1,
        "fuel": 7352,
        "fault": 0.6896,
        "weapon": 1,
        "pilot_injury": 0.9529,
        "pilot_skill": 0.3824,
        "mission_priority": 0.6278,
        "estimated_landing_time": 1980.0,
        "wait_time": 0,
        "Landing_success_rate": 1.0
    },
    {
        "model": 1,
        "sequence": 11,
        "status": 1,
        "fuel": 6237,
        "fault": 0.1234,
        "weapon": 0,
        "pilot_injury": 0.4777,
        "pilot_skill": 0.923,
        "mission_priority": 0.5502,
        "estimated_landing_time": 1040.0,
        "wait_time": 0,
        "Landing_success_rate": 1.0
    },
    {
        "model": 2,
        "sequence": 16,
        "status": 1,
        "fuel": 6684,
        "fault": 0.2002,
        "weapon": 1,
        "pilot_injury": 0.5711,
        "pilot_skill": 0.1092,
        "mission_priority": 0.8217,
        "estimated_landing_time": 1510.0,
        "wait_time": 0,
        "Landing_success_rate": 1.0
    },
    {
        "model": 2,
        "sequence": 3,
        "status": 1,
        "fuel": 6530,
        "fault": 0.2384,
        "weapon": 1,
        "pilot_injury": 0.5481,
        "pilot_skill": 0.4871,
        "mission_priority": 0.8472,
        "estimated_landing_time": 288.0,
        "wait_time": 0,
        "Landing_success_rate": 1.0
    },
    {
        "model": 1,
        "sequence": 12,
        "status": 1,
        "fuel": 6117,
        "fault": 0.718,
        "weapon": 1,
        "pilot_injury": 0.6048,
        "pilot_skill": 0.5172,
        "mission_priority": 0.955,
        "estimated_landing_time": 1134.0,
        "wait_time": 0,
        "Landing_success_rate": 1.0
    },
    {
        "model": 1,
        "sequence": 4,
        "status": 1,
        "fuel": 6390,
        "fault": 0.9148,
        "weapon": 1,
        "pilot_injury": 0.2978,
        "pilot_skill": 0.0075,
        "mission_priority": 0.4179,
        "estimated_landing_time": 382.0,
        "wait_time": 0,
        "Landing_success_rate": 1.0
    },
    {
        "model": 2,
        "sequence": 13,
        "status": 1,
        "fuel": 6007,
        "fault": 0.2978,
        "weapon": 1,
        "pilot_injury": 0.0672,
        "pilot_skill": 0.196,
        "mission_priority": 0.1733,
        "estimated_landing_time": 1228.0,
        "wait_time": 0,
        "Landing_success_rate": 1.0
    }
]