[
    {
        "model": 0,
        "sequence": 17,
        "status": 1,
        "fuel": 6439,
        "fault": 0.3427,
        "weapon": 0,
        "pilot_injury": 0.6121,
        "pilot_skill": 0.3702,
        "mission_priority": 0.0812,
        "estimated_landing_time": 1604.0,
        "wait_time": 0,
        "Landing_success_rate": 1.0
    },
    {
        "model": 0,
        "sequence": 8,
        "status": 1,
        "fuel": 6325,
        "fault": 0.7716,
        "weapon": 0,
        "pilot_injury": 0.3119,
        "pilot_skill": 0.9587,
        "mission_priority": 0.3005,
        "estimated_landing_time": 758.0,
        "wait_time": 0,
        "Landing_success_rate": 1.0
    },
    {
        "model": 0,
        "sequence": 1,
        "status": 1,
        "fuel": 6346,
        "fault": 0.0402,
        "weapon": 0,
        "pilot_injury": 0.309,
        "pilot_skill": 0.3245,
        "mission_priority": 0.4101,
        "estimated_landing_time": 100.0,
        "wait_time": 0,
        "Landing_success_rate": 1.0
    },
    {
        "model": 2,
        "sequence": 20,
        "status": 1,
        "fuel": 6896,
        "fault": 0.6652,
        "weapon": 0,
        "pilot_injury": 0.0175,
        "pilot_skill": 0.9192,
        "mission_priority": 0.3532,
        "estimated_landing_time": 1886.0,
        "wait_time": 0,
        "Landing_success_rate": 1.0
    },
    {
        "model": 0,
        "sequence": 5,
        "status": 1,
        "fuel": 6442,
        "fault": 0.0637,
        "weapon": 0,
        "pilot_injury": 0.2951,
        "pilot_skill": 0.1817,
        "mission_priority": 0.9626,
        "estimated_landing_time": 476.0,
        "wait_time": 0,
        "Landing_success_rate": 1.0
    },
    {
        "model": 0,
        "sequence": 3,
        "status": 1,
        "fuel": 6260,
        "fault": 0.4175,
        "weapon": 0,
        "pilot_injury": 0.8993,
        "pilot_skill": 0.8909,
        "mission_priority": 0.6344,
        "estimated_landing_time": 288.0,
        "wait_time": 0,
        "Landing_success_rate": 1.0
    },
    {
        "model": 1,
        "sequence": 18,
        "status": 1,
        "fuel": 5698,
        "fault": 0.9147,
        "weapon": 1,
        "pilot_injury": 0.1214,
        "pilot_skill": 0.6064,
        "mission_priority": 0.822,
        "estimated_landing_time": 1698.0,
        "wait_time": 0,
        "Landing_success_rate": 1.0
    },
    {
        "model": 2,
        "sequence": 24,
        "status": 1,
        "fuel": 7211,
        "fault": 0.5579,
        "weapon": 1,
        "pilot_injury": 0.29,
        "pilot_skill": 0.5464,
        "mission_priority": 0.625,
        "estimated_landing_time": 2262.0,
        "wait_time": 0,
        "Landing_success_rate": 1.0
    },
    {
        "model": 1,
        "sequence": 19,
        "status": 1,
        "fuel": 6965,
        "fault": 0.4928,
        "weapon": 1,
        "pilot_injury": 0.7363,
        "pilot_skill": 0.1814,
        "mission_priority": 0.2462,
        "estimated_landing_time": 1792.0,
        "wait_time": 0,
        "Landing_success_rate": 1.0
    },
    {
        "model": 1,
        "sequence": 9,
        "status": 1,
        "fuel": 6529,
        "fault": 0.1207,
        "weapon": 0,
        "pilot_injury": 0.407,
        "pilot_skill": 0.5306,
        "mission_priority": 0.7243,
        "estimated_landing_time": 852.0,
        "wait_time": 0,
        "Landing_success_rate": 1.0
    },
    {
        "model": 2,
        "sequence": 13,
        "status": 1,
        "fuel": 6794,
        "fault": 0.5941,
        "weapon": 1,
        "pilot_injury": 0.6543,
        "pilot_skill": 0.6673,
        "mission_priority": 0.2605,
        "estimated_landing_time": 1228.0,
        "wait_time": 0,
        "Landing_success_rate": 1.0
    },
    {
        "model": 2,
        "sequence": 2,
        "status": 1,
        "fuel": 6278,
        "fault": 0.2401,
        "weapon": 1,
        "pilot_injury": 0.7034,
        "pilot_skill": 0.0261,
        "mission_priority": 0.6932,
        "estimated_landing_time": 194.0,
        "wait_time": 0,
        "Landing_success_rate": 1.0
    },
    {
        "model": 1,
        "sequence": 14,
        "status": 1,
        "fuel": 7391,
        "fault": 0.2943,
        "weapon": 0,
        "pilot_injury": 0.5213,
        "pilot_skill": 0.6968,
        "mission_priority": 0.2301,
        "estimated_landing_time": 1322.0,
        "wait_time": 0,
        "Landing_success_rate": 1.0
    },
    {
        "model": 1,
        "sequence": 21,
        "status": 1,
        "fuel": 6021,
        "fault": 0.7199,
        "weapon": 1,
        "pilot_injury": 0.8146,
        "pilot_skill": 0.2589,
        "mission_priority": 0.8042,
        "estimated_landing_time": 1980.0,
        "wait_time": 0,
        "Landing_success_rate": 1.0
    },
    {
        "model": 1,
        "sequence": 12,
        "status": 1,
        "fuel": 6776,
        "fault": 0.1478,
        "weapon": 1,
        "pilot_injury": 0.168,
        "pilot_skill": 0.909,
        "mission_priority": 0.4269,
        "estimated_landing_time": 1134.0,
        "wait_time": 0,
        "Landing_success_rate": 1.0
    },
    {
        "model": 2,
        "sequence": 15,
        "status": 1,
        "fuel": 7303,
        "fault": 0.9622,
        "weapon": 1,
        "pilot_injury": 0.767,
        "pilot_skill": 0.11,
        "mission_priority": 0.0176,
        "estimated_landing_time": 1416.0,
        "wait_time": 0,
        "Landing_success_rate": 1.0
    },
    {
        "model": 1,
        "sequence": 23,
        "status": 1,
        "fuel": 6812,
        "fault": 0.331,
        "weapon": 0,
        "pilot_injury": 0.4615,
        "pilot_skill": 0.8784,
        "mission_priority": 0.8194,
        "estimated_landing_time": 2168.0,
        "wait_time": 0,
        "Landing_success_rate": 1.0
    },
    {
        "model": 1,
        "sequence": 10,
        "status": 1,
        "fuel": 5682,
        "fault": 0.6817,
        "weapon": 0,
        "pilot_injury": 0.6297,
        "pilot_skill": 0.1098,
        "mission_priority": 0.2849,
        "estimated_landing_time": 946.0,
        "wait_time": 0,
        "Landing_success_rate": 1.0
    },
    {
        "model": 0,
        "sequence": 6,
        "status": 1,
        "fuel": 6422,
        "fault": 0.06,
        "weapon": 1,
        "pilot_injury": 0.2739,
        "pilot_skill": 0.2515,
        "mission_priority": 0.3548,
        "estimated_landing_time": 570.0,
        "wait_time": 0,
        "Landing_success_rate": 1.0
    },
    {
        "model": 0,
        "sequence": 22,
        "status": 1,
        "fuel": 6802,
        "fault": 0.2881,
        "weapon": 0,
        "pilot_injury": 0.1735,
        "pilot_skill": 0.7883,
        "mission_priority": 0.8607,
        "estimated_landing_time": 2074.0,
        "wait_time": 0,
        "Landing_success_rate": 1.0
    },
    {
        "model": 0,
        "sequence": 7,
        "status": 1,
        "fuel": 6479,
        "fault": 0.8315,
        "weapon": 1,
        "pilot_injury": 0.7223,
        "pilot_skill": 0.9242,
        "mission_priority": 0.0351,
        "estimated_landing_time": 664.0,
        "wait_time": 0,
        "Landing_success_rate": 1.0
    },
    {
        "model": 0,
        "sequence": 16,
        "status": 1,
        "fuel": 6420,
        "fault": 0.3074,
        "weapon": 1,
        "pilot_injury": 0.6848,
        "pilot_skill": 0.9648,
        "mission_priority": 0.7504,
        "estimated_landing_time": 1510.0,
        "wait_time": 0,
        "Landing_success_rate": 1.0
    },
    {
        "model": 0,
        "sequence": 11,
        "status": 1,
        "fuel": 6428,
        "fault": 0.691,
        "weapon": 0,
        "pilot_injury": 0.2307,
        "pilot_skill": 0.6886,
        "mission_priority": 0.3214,
        "estimated_landing_time": 1040.0,
        "wait_time": 0,
        "Landing_success_rate": 1.0
    },
    {
        "model": 1,
        "sequence": 4,
        "status": 1,
        "fuel": 5543,
        "fault": 0.3257,
        "weapon": 1,
        "pilot_injury": 0.6678,
        "pilot_skill": 0.7672,
        "mission_priority": 0.5818,
        "estimated_landing_time": 382.0,
        "wait_time": 0,
        "Landing_success_rate": 1.0
    }
]