[
    {
        "model": 1,
        "sequence": 18,
        "status": 1,
        "fuel": 7446,
        "fault": 0.3151,
        "weapon": 0,
        "pilot_injury": 0.3436,
        "pilot_skill": 0.8453,
        "mission_priority": 0.4426,
        "estimated_landing_time": 1698.0,
        "wait_time": 0,
        "Landing_success_rate": 1.0
    },
    {
        "model": 2,
        "sequence": 2,
        "status": 1,
        "fuel": 5959,
        "fault": 0.2704,
        "weapon": 1,
        "pilot_injury": 0.679,
        "pilot_skill": 0.5326,
        "mission_priority": 0.3118,
        "estimated_landing_time": 194.0,
        "wait_time": 0,
        "Landing_success_rate": 1.0
    },
    {
        "model": 1,
        "sequence": 20,
        "status": 1,
        "fuel": 6070,
        "fault": 0.6052,
        "weapon": 1,
        "pilot_injury": 0.2249,
        "pilot_skill": 0.8652,
        "mission_priority": 0.4806,
        "estimated_landing_time": 1886.0,
        "wait_time": 0,
        "Landing_success_rate": 1.0
    },
    {
        "model": 2,
        "sequence": 8,
        "status": 1,
        "fuel": 5830,
        "fault": 0.0785,
        "weapon": 0,
        "pilot_injury": 0.4737,
        "pilot_skill": 0.8221,
        "mission_priority": 0.7712,
        "estimated_landing_time": 758.0,
        "wait_time": 0,
        "Landing_success_rate": 1.0
    },
    {
        "model": 0,
        "sequence": 14,
        "status": 1,
        "fuel": 5589,
        "fault": 0.5853,
        "weapon": 1,
        "pilot_injury": 0.6802,
        "pilot_skill": 0.4048,
        "mission_priority": 0.0683,
        "estimated_landing_time": 1322.0,
        "wait_time": 0,
        "Landing_success_rate": 1.0
    },
    {
        "model": 0,
        "sequence": 5,
        "status": 1,
        "fuel": 6317,
        "fault": 0.6238,
        "weapon": 0,
        "pilot_injury": 0.6906,
        "pilot_skill": 0.8095,
        "mission_priority": 0.396,
        "estimated_landing_time": 476.0,
        "wait_time": 0,
        "Landing_success_rate": 1.0
    },
    {
        "model": 2,
        "sequence": 16,
        "status": 1,
        "fuel": 5778,
        "fault": 0.4675,
        "weapon": 1,
        "pilot_injury": 0.6482,
        "pilot_skill": 0.5543,
        "mission_priority": 0.6292,
        "estimated_landing_time": 1510.0,
        "wait_time": 0,
        "Landing_success_rate": 1.0
    },
    {
        "model": 0,
        "sequence": 7,
        "status": 1,
        "fuel": 6484,
        "fault": 0.0066,
        "weapon": 0,
        "pilot_injury": 0.0918,
        "pilot_skill": 0.0118,
        "mission_priority": 0.5189,
        "estimated_landing_time": 664.0,
        "wait_time": 0,
        "Landing_success_rate": 1.0
    },
    {
        "model": 2,
        "sequence": 10,
        "status": 1,
        "fuel": 6048,
        "fault": 0.0501,
        "weapon": 1,
        "pilot_injury": 0.4585,
        "pilot_skill": 0.8952,
        "mission_priority": 0.6366,
        "estimated_landing_time": 946.0,
        "wait_time": 0,
        "Landing_success_rate": 1.0
    },
    {
        "model": 2,
        "sequence": 12,
        "status": 1,
        "fuel": 6262,
        "fault": 0.9135,
        "weapon": 0,
        "pilot_injury": 0.8445,
        "pilot_skill": 0.2171,
        "mission_priority": 0.0147,
        "estimated_landing_time": 1134.0,
        "wait_time": 0,
        "Landing_success_rate": 1.0
    },
    {
        "model": 0,
        "sequence": 1,
        "status": 1,
        "fuel": 6900,
        "fault": 0.7833,
        "weapon": 1,
        "pilot_injury": 0.8144,
        "pilot_skill": 0.4084,
        "mission_priority": 0.1751,
        "estimated_landing_time": 100.0,
        "wait_time": 0,
        "Landing_success_rate": 1.0
    },
    {
        "model": 1,
        "sequence": 19,
        "status": 1,
        "fuel": 5995,
        "fault": 0.1886,
        "weapon": 1,
        "pilot_injury": 0.7173,
        "pilot_skill": 0.5402,
        "mission_priority": 0.7349,
        "estimated_landing_time": 1792.0,
        "wait_time": 0,
        "Landing_success_rate": 1.0
    },
    {
        "model": 2,
        "sequence": 6,
        "status": 1,
        "fuel": 6511,
        "fault": 0.6832,
        "weapon": 0,
        "pilot_injury": 0.5553,
        "pilot_skill": 0.4786,
        "mission_priority": 0.5666,
        "estimated_landing_time": 570.0,
        "wait_time": 0,
        "Landing_success_rate": 1.0
    },
    {
        "model": 1,
        "sequence": 15,
        "status": 1,
        "fuel": 7018,
        "fault": 0.2193,
        "weapon": 1,
        "pilot_injury": 0.568,
        "pilot_skill": 0.0135,
        "mission_priority": 0.9379,
        "estimated_landing_time": 1416.0,
        "wait_time": 0,
        "Landing_success_rate": 1.0
    },
    {
        "model": 1,
        "sequence": 3,
        "status": 1,
        "fuel": 7055,
        "fault": 0.2992,
        "weapon": 0,
        "pilot_injury": 0.969,
        "pilot_skill": 0.5268,
        "mission_priority": 0.3324,
        "estimated_landing_time": 288.0,
        "wait_time": 0,
        "Landing_success_rate": 1.0
    },
    {
        "model": 0,
        "sequence": 24,
        "status": 1,
        "fuel": 7048,
        "fault": 0.9803,
        "weapon": 1,
        "pilot_injury": 0.2379,
        "pilot_skill": 0.4762,
        "mission_priority": 0.7429,
        "estimated_landing_time": 2262.0,
        "wait_time": 0,
        "Landing_success_rate": 1.0
    },
    {
        "model": 2,
        "sequence": 13,
        "status": 1,
        "fuel": 6637,
        "fault": 0.3926,
        "weapon": 0,
        "pilot_injury": 0.5646,
        "pilot_skill": 0.0193,
        "mission_priority": 0.1318,
        "estimated_landing_time": 1228.0,
        "wait_time": 0,
        "Landing_success_rate": 1.0
    },
    {
        "model": 1,
        "sequence": 4,
        "status": 1,
        "fuel": 6610,
        "fault": 0.5116,
        "weapon": 0,
        "pilot_injury": 0.6083,
        "pilot_skill": 0.4453,
        "mission_priority": 0.6901,
        "estimated_landing_time": 382.0,
        "wait_time": 0,
        "Landing_success_rate": 1.0
    },
    {
        "model": 1,
        "sequence": 22,
        "status": 1,
        "fuel": 7142,
        "fault": 0.8606,
        "weapon": 0,
        "pilot_injury": 0.3889,
        "pilot_skill": 0.7966,
        "mission_priority": 0.0194,
        "estimated_landing_time": 2074.0,
        "wait_time": 0,
        "Landing_success_rate": 1.0
    },
    {
        "model": 0,
        "sequence": 9,
        "status": 1,
        "fuel": 5717,
        "fault": 0.6739,
        "weapon": 0,
        "pilot_injury": 0.4437,
        "pilot_skill": 0.9468,
        "mission_priority": 0.159,
        "estimated_landing_time": 852.0,
        "wait_time": 0,
        "Landing_success_rate": 1.0
    },
    {
        "model": 0,
        "sequence": 23,
        "status": 1,
        "fuel": 6676,
        "fault": 0.3624,
        "weapon": 0,
        "pilot_injury": 0.1234,
        "pilot_skill": 0.062,
        "mission_priority": 0.6847,
        "estimated_landing_time": 2168.0,
        "wait_time": 0,
        "Landing_success_rate": 1.0
    },
    {
        "model": 1,
        "sequence": 11,
        "status": 1,
        "fuel": 6171,
        "fault": 0.8325,
        "weapon": 1,
        "pilot_injury": 0.6455,
        "pilot_skill": 0.4462,
        "mission_priority": 0.0547,
        "estimated_landing_time": 1040.0,
        "wait_time": 0,
        "Landing_success_rate": 1.0
    },
    {
        "model": 1,
        "sequence": 21,
        "status": 1,
        "fuel": 5845,
        "fault": 0.2398,
        "weapon": 1,
        "pilot_injury": 0.6138,
        "pilot_skill": 0.8526,
        "mission_priority": 0.9091,
        "estimated_landing_time": 1980.0,
        "wait_time": 0,
        "Landing_success_rate": 1.0
    },
    {
        "model": 0,
        "sequence": 17,
        "status": 1,
        "fuel": 5836,
        "fault": 0.1565,
        "weapon": 1,
        "pilot_injury": 0.7766,
        "pilot_skill": 0.6958,
        "mission_priority": 0.2168,
        "estimated_landing_time": 1604.0,
        "wait_time": 0,
        "Landing_success_rate": 1.0
    }
]