[
    {
        "model": 0,
        "sequence": 3,
        "status": 1,
        "fuel": 5996,
        "fault": 0.2308,
        "weapon": 0,
        "pilot_injury": 0.4049,
        "pilot_skill": 0.2521,
        "mission_priority": 0.6784,
        "estimated_landing_time": 288.0,
        "wait_time": 0,
        "Landing_success_rate": 1.0
    },
    {
        "model": 1,
        "sequence": 5,
        "status": 1,
        "fuel": 5553,
        "fault": 0.1705,
        "weapon": 0,
        "pilot_injury": 0.6979,
        "pilot_skill": 0.0551,
        "mission_priority": 0.498,
        "estimated_landing_time": 476.0,
        "wait_time": 0,
        "Landing_success_rate": 1.0
    },
    {
        "model": 1,
        "sequence": 21,
        "status": 1,
        "fuel": 7240,
        "fault": 0.5387,
        "weapon": 0,
        "pilot_injury": 0.154,
        "pilot_skill": 0.1602,
        "mission_priority": 0.5997,
        "estimated_landing_time": 1980.0,
        "wait_time": 0,
        "Landing_success_rate": 1.0
    },
    {
        "model": 0,
        "sequence": 9,
        "status": 1,
        "fuel": 6812,
        "fault": 0.9846,
        "weapon": 0,
        "pilot_injury": 0.9576,
        "pilot_skill": 0.0392,
        "mission_priority": 0.6639,
        "estimated_landing_time": 852.0,
        "wait_time": 0,
        "Landing_success_rate": 1.0
    },
    {
        "model": 2,
        "sequence": 1,
        "status": 1,
        "fuel": 6145,
        "fault": 0.3504,
        "weapon": 1,
        "pilot_injury": 0.9657,
        "pilot_skill": 0.5023,
        "mission_priority": 0.7851,
        "estimated_landing_time": 100.0,
        "wait_time": 0,
        "Landing_success_rate": 1.0
    },
    {
        "model": 2,
        "sequence": 11,
        "status": 1,
        "fuel": 6924,
        "fault": 0.0927,
        "weapon": 0,
        "pilot_injury": 0.7888,
        "pilot_skill": 0.0654,
        "mission_priority": 0.3924,
        "estimated_landing_time": 1040.0,
        "wait_time": 0,
        "Landing_success_rate": 1.0
    },
    {
        "model": 1,
        "sequence": 15,
        "status": 1,
        "fuel": 6860,
        "fault": 0.8773,
        "weapon": 1,
        "pilot_injury": 0.2628,
        "pilot_skill": 0.6721,
        "mission_priority": 0.1004,
        "estimated_landing_time": 1416.0,
        "wait_time": 0,
        "Landing_success_rate": 1.0
    },
    {
        "model": 0,
        "sequence": 23,
        "status": 1,
        "fuel": 5621,
        "fault": 0.1867,
        "weapon": 1,
        "pilot_injury": 0.7574,
        "pilot_skill": 0.5612,
        "mission_priority": 0.5006,
        "estimated_landing_time": 2168.0,
        "wait_time": 0,
        "Landing_success_rate": 1.0
    },
    {
        "model": 2,
        "sequence": 24,
        "status": 1,
        "fuel": 5881,
        "fault": 0.327,
        "weapon": 1,
        "pilot_injury": 0.6805,
        "pilot_skill": 0.9192,
        "mission_priority": 0.6828,
        "estimated_landing_time": 2262.0,
        "wait_time": 0,
        "Landing_success_rate": 1.0
    },
    {
        "model": 0,
        "sequence": 7,
        "status": 1,
        "fuel": 5888,
        "fault": 0.311,
        "weapon": 0,
        "pilot_injury": 0.7263,
        "pilot_skill": 0.0432,
        "mission_priority": 0.7622,
        "estimated_landing_time": 664.0,
        "wait_time": 0,
        "Landing_success_rate": 1.0
    },
    {
        "model": 0,
        "sequence": 4,
        "status": 1,
        "fuel": 7297,
        "fault": 0.8635,
        "weapon": 0,
        "pilot_injury": 0.9663,
        "pilot_skill": 0.9949,
        "mission_priority": 0.6344,
        "estimated_landing_time": 382.0,
        "wait_time": 0,
        "Landing_success_rate": 1.0
    },
    {
        "model": 2,
        "sequence": 10,
        "status": 1,
        "fuel": 5673,
        "fault": 0.0012,
        "weapon": 0,
        "pilot_injury": 0.2083,
        "pilot_skill": 0.4292,
        "mission_priority": 0.7023,
        "estimated_landing_time": 946.0,
        "wait_time": 0,
        "Landing_success_rate": 1.0
    },
    {
        "model": 2,
        "sequence": 22,
        "status": 1,
        "fuel": 6671,
        "fault": 0.4477,
        "weapon": 1,
        "pilot_injury": 0.5354,
        "pilot_skill": 0.5916,
        "mission_priority": 0.8931,
        "estimated_landing_time": 2074.0,
        "wait_time": 0,
        "Landing_success_rate": 1.0
    },
    {
        "model": 2,
        "sequence": 6,
        "status": 1,
        "fuel": 5952,
        "fault": 0.7902,
        "weapon": 1,
        "pilot_injury": 0.5167,
        "pilot_skill": 0.0651,
        "mission_priority": 0.3345,
        "estimated_landing_time": 570.0,
        "wait_time": 0,
        "Landing_success_rate": 1.0
    },
    {
        "model": 1,
        "sequence": 18,
        "status": 1,
        "fuel": 6211,
        "fault": 0.429,
        "weapon": 0,
        "pilot_injury": 0.8491,
        "pilot_skill": 0.3794,
        "mission_priority": 0.9366,
        "estimated_landing_time": 1698.0,
        "wait_time": 0,
        "Landing_success_rate": 1.0
    },
    {
        "model": 1,
        "sequence": 14,
        "status": 1,
        "fuel": 5834,
        "fault": 0.7988,
        "weapon": 1,
        "pilot_injury": 0.1767,
        "pilot_skill": 0.4623,
        "mission_priority": 0.8229,
        "estimated_landing_time": 1322.0,
        "wait_time": 0,
        "Landing_success_rate": 1.0
    },
    {
        "model": 0,
        "sequence": 12,
        "status": 1,
        "fuel": 5888,
        "fault": 0.1703,
        "weapon": 0,
        "pilot_injury": 0.7766,
        "pilot_skill": 0.0349,
        "mission_priority": 0.0415,
        "estimated_landing_time": 1134.0,
        "wait_time": 0,
        "Landing_success_rate": 1.0
    },
    {
        "model": 2,
        "sequence": 17,
        "status": 1,
        "fuel": 6084,
        "fault": 0.5906,
        "weapon": 1,
        "pilot_injury": 0.4506,
        "pilot_skill": 0.0439,
        "mission_priority": 0.9769,
        "estimated_landing_time": 1604.0,
        "wait_time": 0,
        "Landing_success_rate": 1.0
    },
    {
        "model": 2,
        "sequence": 2,
        "status": 1,
        "fuel": 6447,
        "fault": 0.7049,
        "weapon": 1,
        "pilot_injury": 0.5097,
        "pilot_skill": 0.8249,
        "mission_priority": 0.8334,
        "estimated_landing_time": 194.0,
        "wait_time": 0,
        "Landing_success_rate": 1.0
    },
    {
        "model": 0,
        "sequence": 19,
        "status": 1,
        "fuel": 6155,
        "fault": 0.4706,
        "weapon": 1,
        "pilot_injury": 0.5667,
        "pilot_skill": 0.7624,
        "mission_priority": 0.9187,
        "estimated_landing_time": 1792.0,
        "wait_time": 0,
        "Landing_success_rate": 1.0
    },
    {
        "model": 2,
        "sequence": 8,
        "status": 1,
        "fuel": 6763,
        "fault": 0.0508,
        "weapon": 0,
        "pilot_injury": 0.7875,
        "pilot_skill": 0.9868,
        "mission_priority": 0.6126,
        "estimated_landing_time": 758.0,
        "wait_time": 0,
        "Landing_success_rate": 1.0
    },
    {
        "model": 2,
        "sequence": 13,
        "status": 1,
        "fuel": 7073,
        "fault": 0.1927,
        "weapon": 0,
        "pilot_injury": 0.7513,
        "pilot_skill": 0.9423,
        "mission_priority": 0.2297,
        "estimated_landing_time": 1228.0,
        "wait_time": 0,
        "Landing_success_rate": 1.0
    },
    {
        "model": 2,
        "sequence": 20,
        "status": 1,
        "fuel": 6980,
        "fault": 0.465,
        "weapon": 0,
        "pilot_injury": 0.5651,
        "pilot_skill": 0.5229,
        "mission_priority": 0.8313,
        "estimated_landing_time": 1886.0,
        "wait_time": 0,
        "Landing_success_rate": 1.0
    },
    {
        "model": 1,
        "sequence": 16,
        "status": 1,
        "fuel": 5692,
        "fault": 0.8026,
        "weapon": 0,
        "pilot_injury": 0.7068,
        "pilot_skill": 0.6066,
        "mission_priority": 0.8271,
        "estimated_landing_time": 1510.0,
        "wait_time": 0,
        "Landing_success_rate": 1.0
    }
]