[
    {
        "model": 1,
        "sequence": 22,
        "status": 1,
        "fuel": 7085,
        "fault": 0.2701,
        "weapon": 1,
        "pilot_injury": 0.4131,
        "pilot_skill": 0.5996,
        "mission_priority": 0.8626,
        "estimated_landing_time": 2074.0,
        "wait_time": 0,
        "Landing_success_rate": 1.0
    },
    {
        "model": 0,
        "sequence": 5,
        "status": 1,
        "fuel": 6175,
        "fault": 0.6954,
        "weapon": 0,
        "pilot_injury": 0.0626,
        "pilot_skill": 0.8749,
        "mission_priority": 0.3535,
        "estimated_landing_time": 476.0,
        "wait_time": 0,
        "Landing_success_rate": 1.0
    },
    {
        "model": 2,
        "sequence": 2,
        "status": 1,
        "fuel": 7394,
        "fault": 0.5451,
        "weapon": 1,
        "pilot_injury": 0.231,
        "pilot_skill": 0.0389,
        "mission_priority": 0.9065,
        "estimated_landing_time": 194.0,
        "wait_time": 0,
        "Landing_success_rate": 1.0
    },
    {
        "model": 1,
        "sequence": 13,
        "status": 1,
        "fuel": 6312,
        "fault": 0.064,
        "weapon": 1,
        "pilot_injury": 0.9557,
        "pilot_skill": 0.5767,
        "mission_priority": 0.3723,
        "estimated_landing_time": 1228.0,
        "wait_time": 0,
        "Landing_success_rate": 1.0
    },
    {
        "model": 2,
        "sequence": 8,
        "status": 1,
        "fuel": 6084,
        "fault": 0.9981,
        "weapon": 1,
        "pilot_injury": 0.9289,
        "pilot_skill": 0.4079,
        "mission_priority": 0.3086,
        "estimated_landing_time": 758.0,
        "wait_time": 0,
        "Landing_success_rate": 1.0
    },
    {
        "model": 0,
        "sequence": 15,
        "status": 1,
        "fuel": 7320,
        "fault": 0.1088,
        "weapon": 1,
        "pilot_injury": 0.811,
        "pilot_skill": 0.7239,
        "mission_priority": 0.931,
        "estimated_landing_time": 1416.0,
        "wait_time": 0,
        "Landing_success_rate": 1.0
    },
    {
        "model": 1,
        "sequence": 18,
        "status": 1,
        "fuel": 7136,
        "fault": 0.5242,
        "weapon": 1,
        "pilot_injury": 0.7865,
        "pilot_skill": 0.767,
        "mission_priority": 0.5573,
        "estimated_landing_time": 1698.0,
        "wait_time": 0,
        "Landing_success_rate": 1.0
    },
    {
        "model": 0,
        "sequence": 23,
        "status": 1,
        "fuel": 5820,
        "fault": 0.1655,
        "weapon": 0,
        "pilot_injury": 0.3154,
        "pilot_skill": 0.5789,
        "mission_priority": 0.0194,
        "estimated_landing_time": 2168.0,
        "wait_time": 0,
        "Landing_success_rate": 1.0
    },
    {
        "model": 2,
        "sequence": 6,
        "status": 1,
        "fuel": 5679,
        "fault": 0.908,
        "weapon": 0,
        "pilot_injury": 0.381,
        "pilot_skill": 0.4771,
        "mission_priority": 0.192,
        "estimated_landing_time": 570.0,
        "wait_time": 0,
        "Landing_success_rate": 1.0
    },
    {
        "model": 0,
        "sequence": 16,
        "status": 1,
        "fuel": 6137,
        "fault": 0.0656,
        "weapon": 0,
        "pilot_injury": 0.9697,
        "pilot_skill": 0.4688,
        "mission_priority": 0.686,
        "estimated_landing_time": 1510.0,
        "wait_time": 0,
        "Landing_success_rate": 1.0
    },
    {
        "model": 1,
        "sequence": 24,
        "status": 1,
        "fuel": 6856,
        "fault": 0.1602,
        "weapon": 0,
        "pilot_injury": 0.0101,
        "pilot_skill": 0.9355,
        "mission_priority": 0.8666,
        "estimated_landing_time": 2262.0,
        "wait_time": 0,
        "Landing_success_rate": 1.0
    },
    {
        "model": 1,
        "sequence": 4,
        "status": 1,
        "fuel": 7364,
        "fault": 0.6515,
        "weapon": 0,
        "pilot_injury": 0.8992,
        "pilot_skill": 0.6887,
        "mission_priority": 0.237,
        "estimated_landing_time": 382.0,
        "wait_time": 0,
        "Landing_success_rate": 1.0
    },
    {
        "model": 2,
        "sequence": 1,
        "status": 1,
        "fuel": 6883,
        "fault": 0.2717,
        "weapon": 1,
        "pilot_injury": 0.3092,
        "pilot_skill": 0.5568,
        "mission_priority": 0.5273,
        "estimated_landing_time": 100.0,
        "wait_time": 0,
        "Landing_success_rate": 1.0
    },
    {
        "model": 2,
        "sequence": 9,
        "status": 1,
        "fuel": 5808,
        "fault": 0.6278,
        "weapon": 1,
        "pilot_injury": 0.0004,
        "pilot_skill": 0.2686,
        "mission_priority": 0.4309,
        "estimated_landing_time": 852.0,
        "wait_time": 0,
        "Landing_success_rate": 1.0
    },
    {
        "model": 2,
        "sequence": 11,
        "status": 1,
        "fuel": 6650,
        "fault": 0.6678,
        "weapon": 0,
        "pilot_injury": 0.8469,
        "pilot_skill": 0.8178,
        "mission_priority": 0.4596,
        "estimated_landing_time": 1040.0,
        "wait_time": 0,
        "Landing_success_rate": 1.0
    },
    {
        "model": 2,
        "sequence": 7,
        "status": 1,
        "fuel": 7133,
        "fault": 0.9399,
        "weapon": 0,
        "pilot_injury": 0.1994,
        "pilot_skill": 0.0469,
        "mission_priority": 0.9654,
        "estimated_landing_time": 664.0,
        "wait_time": 0,
        "Landing_success_rate": 1.0
    },
    {
        "model": 1,
        "sequence": 20,
        "status": 1,
        "fuel": 6927,
        "fault": 0.1812,
        "weapon": 0,
        "pilot_injury": 0.7075,
        "pilot_skill": 0.4891,
        "mission_priority": 0.4343,
        "estimated_landing_time": 1886.0,
        "wait_time": 0,
        "Landing_success_rate": 1.0
    },
    {
        "model": 1,
        "sequence": 17,
        "status": 1,
        "fuel": 5831,
        "fault": 0.6519,
        "weapon": 1,
        "pilot_injury": 0.6907,
        "pilot_skill": 0.0973,
        "mission_priority": 0.092,
        "estimated_landing_time": 1604.0,
        "wait_time": 0,
        "Landing_success_rate": 1.0
    },
    {
        "model": 1,
        "sequence": 14,
        "status": 1,
        "fuel": 6720,
        "fault": 0.4775,
        "weapon": 1,
        "pilot_injury": 0.4533,
        "pilot_skill": 0.5698,
        "mission_priority": 0.3881,
        "estimated_landing_time": 1322.0,
        "wait_time": 0,
        "Landing_success_rate": 1.0
    },
    {
        "model": 0,
        "sequence": 3,
        "status": 1,
        "fuel": 5874,
        "fault": 0.9772,
        "weapon": 0,
        "pilot_injury": 0.885,
        "pilot_skill": 0.1617,
        "mission_priority": 0.8541,
        "estimated_landing_time": 288.0,
        "wait_time": 0,
        "Landing_success_rate": 1.0
    },
    {
        "model": 0,
        "sequence": 12,
        "status": 1,
        "fuel": 6106,
        "fault": 0.6813,
        "weapon": 0,
        "pilot_injury": 0.5961,
        "pilot_skill": 0.6516,
        "mission_priority": 0.5248,
        "estimated_landing_time": 1134.0,
        "wait_time": 0,
        "Landing_success_rate": 1.0
    },
    {
        "model": 2,
        "sequence": 19,
        "status": 1,
        "fuel": 5575,
        "fault": 0.994,
        "weapon": 1,
        "pilot_injury": 0.5471,
        "pilot_skill": 0.0368,
        "mission_priority": 0.1801,
        "estimated_landing_time": 1792.0,
        "wait_time": 0,
        "Landing_success_rate": 1.0
    },
    {
        "model": 2,
        "sequence": 21,
        "status": 1,
        "fuel": 7186,
        "fault": 0.0138,
        "weapon": 0,
        "pilot_injury": 0.904,
        "pilot_skill": 0.6359,
        "mission_priority": 0.9201,
        "estimated_landing_time": 1980.0,
        "wait_time": 0,
        "Landing_success_rate": 1.0
    },
    {
        "model": 2,
        "sequence": 10,
        "status": 1,
        "fuel": 5915,
        "fault": 0.1567,
        "weapon": 1,
        "pilot_injury": 0.5244,
        "pilot_skill": 0.8253,
        "mission_priority": 0.4605,
        "estimated_landing_time": 946.0,
        "wait_time": 0,
        "Landing_success_rate": 1.0
    }
]