[
    {
        "model": 1,
        "sequence": 18,
        "status": 1,
        "fuel": 6718,
        "fault": 0.8951,
        "weapon": 0,
        "pilot_injury": 0.9164,
        "pilot_skill": 0.5735,
        "mission_priority": 0.0062,
        "estimated_landing_time": 1698.0,
        "wait_time": 0,
        "Landing_success_rate": 1.0
    },
    {
        "model": 0,
        "sequence": 5,
        "status": 1,
        "fuel": 7189,
        "fault": 0.8231,
        "weapon": 1,
        "pilot_injury": 0.052,
        "pilot_skill": 0.9931,
        "mission_priority": 0.8979,
        "estimated_landing_time": 476.0,
        "wait_time": 0,
        "Landing_success_rate": 1.0
    },
    {
        "model": 0,
        "sequence": 20,
        "status": 1,
        "fuel": 7239,
        "fault": 0.7279,
        "weapon": 0,
        "pilot_injury": 0.6995,
        "pilot_skill": 0.4254,
        "mission_priority": 0.1961,
        "estimated_landing_time": 1886.0,
        "wait_time": 0,
        "Landing_success_rate": 1.0
    },
    {
        "model": 2,
        "sequence": 3,
        "status": 1,
        "fuel": 7106,
        "fault": 0.9829,
        "weapon": 1,
        "pilot_injury": 0.4161,
        "pilot_skill": 0.5952,
        "mission_priority": 0.3303,
        "estimated_landing_time": 288.0,
        "wait_time": 0,
        "Landing_success_rate": 1.0
    },
    {
        "model": 2,
        "sequence": 23,
        "status": 1,
        "fuel": 5951,
        "fault": 0.8764,
        "weapon": 1,
        "pilot_injury": 0.92,
        "pilot_skill": 0.7053,
        "mission_priority": 0.1616,
        "estimated_landing_time": 2168.0,
        "wait_time": 0,
        "Landing_success_rate": 1.0
    },
    {
        "model": 0,
        "sequence": 14,
        "status": 1,
        "fuel": 7491,
        "fault": 0.8714,
        "weapon": 1,
        "pilot_injury": 0.5504,
        "pilot_skill": 0.6392,
        "mission_priority": 0.9062,
        "estimated_landing_time": 1322.0,
        "wait_time": 0,
        "Landing_success_rate": 1.0
    },
    {
        "model": 0,
        "sequence": 19,
        "status": 1,
        "fuel": 5531,
        "fault": 0.4878,
        "weapon": 1,
        "pilot_injury": 0.1177,
        "pilot_skill": 0.7092,
        "mission_priority": 0.9274,
        "estimated_landing_time": 1792.0,
        "wait_time": 0,
        "Landing_success_rate": 1.0
    },
    {
        "model": 2,
        "sequence": 2,
        "status": 1,
        "fuel": 5651,
        "fault": 0.0866,
        "weapon": 0,
        "pilot_injury": 0.5525,
        "pilot_skill": 0.943,
        "mission_priority": 0.7485,
        "estimated_landing_time": 194.0,
        "wait_time": 0,
        "Landing_success_rate": 1.0
    },
    {
        "model": 2,
        "sequence": 11,
        "status": 1,
        "fuel": 6145,
        "fault": 0.7867,
        "weapon": 1,
        "pilot_injury": 0.6574,
        "pilot_skill": 0.2543,
        "mission_priority": 0.2887,
        "estimated_landing_time": 1040.0,
        "wait_time": 0,
        "Landing_success_rate": 1.0
    },
    {
        "model": 0,
        "sequence": 6,
        "status": 1,
        "fuel": 6106,
        "fault": 0.5577,
        "weapon": 0,
        "pilot_injury": 0.8846,
        "pilot_skill": 0.107,
        "mission_priority": 0.6312,
        "estimated_landing_time": 570.0,
        "wait_time": 0,
        "Landing_success_rate": 1.0
    },
    {
        "model": 2,
        "sequence": 21,
        "status": 1,
        "fuel": 6729,
        "fault": 0.2944,
        "weapon": 0,
        "pilot_injury": 0.5551,
        "pilot_skill": 0.3567,
        "mission_priority": 0.3458,
        "estimated_landing_time": 1980.0,
        "wait_time": 0,
        "Landing_success_rate": 1.0
    },
    {
        "model": 1,
        "sequence": 4,
        "status": 1,
        "fuel": 7091,
        "fault": 0.2541,
        "weapon": 0,
        "pilot_injury": 0.726,
        "pilot_skill": 0.2803,
        "mission_priority": 0.9175,
        "estimated_landing_time": 382.0,
        "wait_time": 0,
        "Landing_success_rate": 1.0
    },
    {
        "model": 2,
        "sequence": 8,
        "status": 1,
        "fuel": 7465,
        "fault": 0.4373,
        "weapon": 1,
        "pilot_injury": 0.6593,
        "pilot_skill": 0.3764,
        "mission_priority": 0.4343,
        "estimated_landing_time": 758.0,
        "wait_time": 0,
        "Landing_success_rate": 1.0
    },
    {
        "model": 0,
        "sequence": 1,
        "status": 1,
        "fuel": 7063,
        "fault": 0.6504,
        "weapon": 1,
        "pilot_injury": 0.7601,
        "pilot_skill": 0.292,
        "mission_priority": 0.6246,
        "estimated_landing_time": 100.0,
        "wait_time": 0,
        "Landing_success_rate": 1.0
    },
    {
        "model": 1,
        "sequence": 12,
        "status": 1,
        "fuel": 6938,
        "fault": 0.6959,
        "weapon": 1,
        "pilot_injury": 0.0953,
        "pilot_skill": 0.7013,
        "mission_priority": 0.3312,
        "estimated_landing_time": 1134.0,
        "wait_time": 0,
        "Landing_success_rate": 1.0
    },
    {
        "model": 1,
        "sequence": 22,
        "status": 1,
        "fuel": 5662,
        "fault": 0.9804,
        "weapon": 0,
        "pilot_injury": 0.3316,
        "pilot_skill": 0.7301,
        "mission_priority": 0.1624,
        "estimated_landing_time": 2074.0,
        "wait_time": 0,
        "Landing_success_rate": 1.0
    },
    {
        "model": 2,
        "sequence": 9,
        "status": 1,
        "fuel": 6545,
        "fault": 0.5733,
        "weapon": 0,
        "pilot_injury": 0.2892,
        "pilot_skill": 0.7405,
        "mission_priority": 0.1358,
        "estimated_landing_time": 852.0,
        "wait_time": 0,
        "Landing_success_rate": 1.0
    },
    {
        "model": 0,
        "sequence": 10,
        "status": 1,
        "fuel": 6859,
        "fault": 0.2202,
        "weapon": 1,
        "pilot_injury": 0.3334,
        "pilot_skill": 0.9785,
        "mission_priority": 0.1209,
        "estimated_landing_time": 946.0,
        "wait_time": 0,
        "Landing_success_rate": 1.0
    },
    {
        "model": 2,
        "sequence": 13,
        "status": 1,
        "fuel": 5527,
        "fault": 0.2868,
        "weapon": 0,
        "pilot_injury": 0.6694,
        "pilot_skill": 0.2787,
        "mission_priority": 0.31,
        "estimated_landing_time": 1228.0,
        "wait_time": 0,
        "Landing_success_rate": 1.0
    },
    {
        "model": 2,
        "sequence": 17,
        "status": 1,
        "fuel": 6025,
        "fault": 0.8,
        "weapon": 1,
        "pilot_injury": 0.9417,
        "pilot_skill": 0.9058,
        "mission_priority": 0.87,
        "estimated_landing_time": 1604.0,
        "wait_time": 0,
        "Landing_success_rate": 1.0
    },
    {
        "model": 2,
        "sequence": 16,
        "status": 1,
        "fuel": 6494,
        "fault": 0.4401,
        "weapon": 1,
        "pilot_injury": 0.6122,
        "pilot_skill": 0.9704,
        "mission_priority": 0.6048,
        "estimated_landing_time": 1510.0,
        "wait_time": 0,
        "Landing_success_rate": 1.0
    },
    {
        "model": 1,
        "sequence": 7,
        "status": 1,
        "fuel": 5737,
        "fault": 0.2768,
        "weapon": 0,
        "pilot_injury": 0.1354,
        "pilot_skill": 0.8817,
        "mission_priority": 0.9747,
        "estimated_landing_time": 664.0,
        "wait_time": 0,
        "Landing_success_rate": 1.0
    },
    {
        "model": 2,
        "sequence": 15,
        "status": 1,
        "fuel": 6919,
        "fault": 0.7063,
        "weapon": 0,
        "pilot_injury": 0.5496,
        "pilot_skill": 0.5849,
        "mission_priority": 0.1949,
        "estimated_landing_time": 1416.0,
        "wait_time": 0,
        "Landing_success_rate": 1.0
    },
    {
        "model": 2,
        "sequence": 24,
        "status": 1,
        "fuel": 5941,
        "fault": 0.2667,
        "weapon": 0,
        "pilot_injury": 0.329,
        "pilot_skill": 0.3157,
        "mission_priority": 0.0602,
        "estimated_landing_time": 2262.0,
        "wait_time": 0,
        "Landing_success_rate": 1.0
    }
]