[
    {
        "model": 1,
        "sequence": 18,
        "status": 1,
        "fuel": 5888,
        "fault": 0.9224,
        "weapon": 1,
        "pilot_injury": 0.3122,
        "pilot_skill": 0.7192,
        "mission_priority": 0.0807,
        "estimated_landing_time": 1698.0,
        "wait_time": 0,
        "Landing_success_rate": 1.0
    },
    {
        "model": 0,
        "sequence": 3,
        "status": 1,
        "fuel": 6694,
        "fault": 0.9103,
        "weapon": 1,
        "pilot_injury": 0.7487,
        "pilot_skill": 0.2813,
        "mission_priority": 0.0623,
        "estimated_landing_time": 288.0,
        "wait_time": 0,
        "Landing_success_rate": 1.0
    },
    {
        "model": 1,
        "sequence": 14,
        "status": 1,
        "fuel": 5769,
        "fault": 0.701,
        "weapon": 1,
        "pilot_injury": 0.5302,
        "pilot_skill": 0.3939,
        "mission_priority": 0.136,
        "estimated_landing_time": 1322.0,
        "wait_time": 0,
        "Landing_success_rate": 1.0
    },
    {
        "model": 2,
        "sequence": 23,
        "status": 1,
        "fuel": 6217,
        "fault": 0.9278,
        "weapon": 0,
        "pilot_injury": 0.8131,
        "pilot_skill": 0.2104,
        "mission_priority": 0.4285,
        "estimated_landing_time": 2168.0,
        "wait_time": 0,
        "Landing_success_rate": 1.0
    },
    {
        "model": 2,
        "sequence": 8,
        "status": 1,
        "fuel": 6021,
        "fault": 0.4662,
        "weapon": 1,
        "pilot_injury": 0.805,
        "pilot_skill": 0.5815,
        "mission_priority": 0.5461,
        "estimated_landing_time": 758.0,
        "wait_time": 0,
        "Landing_success_rate": 1.0
    },
    {
        "model": 0,
        "sequence": 9,
        "status": 1,
        "fuel": 6210,
        "fault": 0.5678,
        "weapon": 0,
        "pilot_injury": 0.2477,
        "pilot_skill": 0.3137,
        "mission_priority": 0.5325,
        "estimated_landing_time": 852.0,
        "wait_time": 0,
        "Landing_success_rate": 1.0
    },
    {
        "model": 2,
        "sequence": 17,
        "status": 1,
        "fuel": 7181,
        "fault": 0.5454,
        "weapon": 1,
        "pilot_injury": 0.247,
        "pilot_skill": 0.233,
        "mission_priority": 0.4356,
        "estimated_landing_time": 1604.0,
        "wait_time": 0,
        "Landing_success_rate": 1.0
    },
    {
        "model": 0,
        "sequence": 19,
        "status": 1,
        "fuel": 5791,
        "fault": 0.5316,
        "weapon": 0,
        "pilot_injury": 0.9569,
        "pilot_skill": 0.1904,
        "mission_priority": 0.8864,
        "estimated_landing_time": 1792.0,
        "wait_time": 0,
        "Landing_success_rate": 1.0
    },
    {
        "model": 1,
        "sequence": 10,
        "status": 1,
        "fuel": 7330,
        "fault": 0.6749,
        "weapon": 1,
        "pilot_injury": 0.8918,
        "pilot_skill": 0.2181,
        "mission_priority": 0.7787,
        "estimated_landing_time": 946.0,
        "wait_time": 0,
        "Landing_success_rate": 1.0
    },
    {
        "model": 1,
        "sequence": 12,
        "status": 1,
        "fuel": 7217,
        "fault": 0.9145,
        "weapon": 0,
        "pilot_injury": 0.4903,
        "pilot_skill": 0.4135,
        "mission_priority": 0.7262,
        "estimated_landing_time": 1134.0,
        "wait_time": 0,
        "Landing_success_rate": 1.0
    },
    {
        "model": 1,
        "sequence": 2,
        "status": 1,
        "fuel": 5843,
        "fault": 0.0298,
        "weapon": 1,
        "pilot_injury": 0.286,
        "pilot_skill": 0.0432,
        "mission_priority": 0.5515,
        "estimated_landing_time": 194.0,
        "wait_time": 0,
        "Landing_success_rate": 1.0
    },
    {
        "model": 0,
        "sequence": 5,
        "status": 1,
        "fuel": 6741,
        "fault": 0.9116,
        "weapon": 0,
        "pilot_injury": 0.9893,
        "pilot_skill": 0.1407,
        "mission_priority": 0.3446,
        "estimated_landing_time": 476.0,
        "wait_time": 0,
        "Landing_success_rate": 1.0
    },
    {
        "model": 2,
        "sequence": 11,
        "status": 1,
        "fuel": 6000,
        "fault": 0.1242,
        "weapon": 1,
        "pilot_injury": 0.043,
        "pilot_skill": 0.0294,
        "mission_priority": 0.4089,
        "estimated_landing_time": 1040.0,
        "wait_time": 0,
        "Landing_success_rate": 1.0
    },
    {
        "model": 0,
        "sequence": 1,
        "status": 1,
        "fuel": 7306,
        "fault": 0.7096,
        "weapon": 0,
        "pilot_injury": 0.9546,
        "pilot_skill": 0.3564,
        "mission_priority": 0.0937,
        "estimated_landing_time": 100.0,
        "wait_time": 0,
        "Landing_success_rate": 1.0
    },
    {
        "model": 1,
        "sequence": 16,
        "status": 1,
        "fuel": 7447,
        "fault": 0.3872,
        "weapon": 1,
        "pilot_injury": 0.3424,
        "pilot_skill": 0.2805,
        "mission_priority": 0.928,
        "estimated_landing_time": 1510.0,
        "wait_time": 0,
        "Landing_success_rate": 1.0
    },
    {
        "model": 1,
        "sequence": 4,
        "status": 1,
        "fuel": 7306,
        "fault": 0.2678,
        "weapon": 0,
        "pilot_injury": 0.215,
        "pilot_skill": 0.9952,
        "mission_priority": 0.7695,
        "estimated_landing_time": 382.0,
        "wait_time": 0,
        "Landing_success_rate": 1.0
    },
    {
        "model": 1,
        "sequence": 24,
        "status": 1,
        "fuel": 7040,
        "fault": 0.0008,
        "weapon": 0,
        "pilot_injury": 0.9164,
        "pilot_skill": 0.9631,
        "mission_priority": 0.786,
        "estimated_landing_time": 2262.0,
        "wait_time": 0,
        "Landing_success_rate": 1.0
    },
    {
        "model": 1,
        "sequence": 6,
        "status": 1,
        "fuel": 6318,
        "fault": 0.1918,
        "weapon": 1,
        "pilot_injury": 0.3918,
        "pilot_skill": 0.8083,
        "mission_priority": 0.7596,
        "estimated_landing_time": 570.0,
        "wait_time": 0,
        "Landing_success_rate": 1.0
    },
    {
        "model": 1,
        "sequence": 20,
        "status": 1,
        "fuel": 6691,
        "fault": 0.2296,
        "weapon": 1,
        "pilot_injury": 0.6908,
        "pilot_skill": 0.6476,
        "mission_priority": 0.7985,
        "estimated_landing_time": 1886.0,
        "wait_time": 0,
        "Landing_success_rate": 1.0
    },
    {
        "model": 0,
        "sequence": 15,
        "status": 1,
        "fuel": 5677,
        "fault": 0.3191,
        "weapon": 1,
        "pilot_injury": 0.3264,
        "pilot_skill": 0.6871,
        "mission_priority": 0.6166,
        "estimated_landing_time": 1416.0,
        "wait_time": 0,
        "Landing_success_rate": 1.0
    },
    {
        "model": 1,
        "sequence": 21,
        "status": 1,
        "fuel": 7102,
        "fault": 0.4912,
        "weapon": 0,
        "pilot_injury": 0.9612,
        "pilot_skill": 0.3235,
        "mission_priority": 0.7484,
        "estimated_landing_time": 1980.0,
        "wait_time": 0,
        "Landing_success_rate": 1.0
    },
    {
        "model": 0,
        "sequence": 7,
        "status": 1,
        "fuel": 5694,
        "fault": 0.8457,
        "weapon": 1,
        "pilot_injury": 0.841,
        "pilot_skill": 0.0939,
        "mission_priority": 0.8875,
        "estimated_landing_time": 664.0,
        "wait_time": 0,
        "Landing_success_rate": 1.0
    },
    {
        "model": 0,
        "sequence": 13,
        "status": 1,
        "fuel": 5807,
        "fault": 0.2666,
        "weapon": 1,
        "pilot_injury": 0.3772,
        "pilot_skill": 0.085,
        "mission_priority": 0.727,
        "estimated_landing_time": 1228.0,
        "wait_time": 0,
        "Landing_success_rate": 1.0
    },
    {
        "model": 1,
        "sequence": 22,
        "status": 1,
        "fuel": 5776,
        "fault": 0.8834,
        "weapon": 1,
        "pilot_injury": 0.8414,
        "pilot_skill": 0.6323,
        "mission_priority": 0.1163,
        "estimated_landing_time": 2074.0,
        "wait_time": 0,
        "Landing_success_rate": 1.0
    }
]