[
    {
        "model": 2,
        "sequence": 22,
        "status": 1,
        "fuel": 6103,
        "fault": 0.7644,
        "weapon": 0,
        "pilot_injury": 0.3473,
        "pilot_skill": 0.3919,
        "mission_priority": 0.9373,
        "estimated_landing_time": 2074.0,
        "wait_time": 0,
        "Landing_success_rate": 1.0
    },
    {
        "model": 1,
        "sequence": 15,
        "status": 1,
        "fuel": 6237,
        "fault": 0.4252,
        "weapon": 1,
        "pilot_injury": 0.0822,
        "pilot_skill": 0.4344,
        "mission_priority": 0.8491,
        "estimated_landing_time": 1416.0,
        "wait_time": 0,
        "Landing_success_rate": 1.0
    },
    {
        "model": 0,
        "sequence": 4,
        "status": 1,
        "fuel": 6962,
        "fault": 0.78,
        "weapon": 1,
        "pilot_injury": 0.1616,
        "pilot_skill": 0.1299,
        "mission_priority": 0.6057,
        "estimated_landing_time": 382.0,
        "wait_time": 0,
        "Landing_success_rate": 1.0
    },
    {
        "model": 2,
        "sequence": 18,
        "status": 1,
        "fuel": 5532,
        "fault": 0.1889,
        "weapon": 1,
        "pilot_injury": 0.5436,
        "pilot_skill": 0.6387,
        "mission_priority": 0.2582,
        "estimated_landing_time": 1698.0,
        "wait_time": 0,
        "Landing_success_rate": 1.0
    },
    {
        "model": 1,
        "sequence": 19,
        "status": 1,
        "fuel": 5585,
        "fault": 0.258,
        "weapon": 1,
        "pilot_injury": 0.9284,
        "pilot_skill": 0.6781,
        "mission_priority": 0.5646,
        "estimated_landing_time": 1792.0,
        "wait_time": 0,
        "Landing_success_rate": 1.0
    },
    {
        "model": 0,
        "sequence": 23,
        "status": 1,
        "fuel": 7421,
        "fault": 0.3471,
        "weapon": 0,
        "pilot_injury": 0.7802,
        "pilot_skill": 0.2394,
        "mission_priority": 0.1289,
        "estimated_landing_time": 2168.0,
        "wait_time": 0,
        "Landing_success_rate": 1.0
    },
    {
        "model": 0,
        "sequence": 6,
        "status": 1,
        "fuel": 6137,
        "fault": 0.2917,
        "weapon": 0,
        "pilot_injury": 0.8831,
        "pilot_skill": 0.4144,
        "mission_priority": 0.7813,
        "estimated_landing_time": 570.0,
        "wait_time": 0,
        "Landing_success_rate": 1.0
    },
    {
        "model": 0,
        "sequence": 3,
        "status": 1,
        "fuel": 6099,
        "fault": 0.6842,
        "weapon": 1,
        "pilot_injury": 0.0202,
        "pilot_skill": 0.712,
        "mission_priority": 0.7187,
        "estimated_landing_time": 288.0,
        "wait_time": 0,
        "Landing_success_rate": 1.0
    },
    {
        "model": 2,
        "sequence": 21,
        "status": 1,
        "fuel": 6419,
        "fault": 0.4856,
        "weapon": 1,
        "pilot_injury": 0.4835,
        "pilot_skill": 0.7741,
        "mission_priority": 0.8236,
        "estimated_landing_time": 1980.0,
        "wait_time": 0,
        "Landing_success_rate": 1.0
    },
    {
        "model": 0,
        "sequence": 12,
        "status": 1,
        "fuel": 5761,
        "fault": 0.3435,
        "weapon": 1,
        "pilot_injury": 0.3563,
        "pilot_skill": 0.2473,
        "mission_priority": 0.6372,
        "estimated_landing_time": 1134.0,
        "wait_time": 0,
        "Landing_success_rate": 1.0
    },
    {
        "model": 2,
        "sequence": 9,
        "status": 1,
        "fuel": 6436,
        "fault": 0.7011,
        "weapon": 0,
        "pilot_injury": 0.7317,
        "pilot_skill": 0.2295,
        "mission_priority": 0.8014,
        "estimated_landing_time": 852.0,
        "wait_time": 0,
        "Landing_success_rate": 1.0
    },
    {
        "model": 1,
        "sequence": 13,
        "status": 1,
        "fuel": 7059,
        "fault": 0.2526,
        "weapon": 1,
        "pilot_injury": 0.4081,
        "pilot_skill": 0.3483,
        "mission_priority": 0.4351,
        "estimated_landing_time": 1228.0,
        "wait_time": 0,
        "Landing_success_rate": 1.0
    },
    {
        "model": 0,
        "sequence": 16,
        "status": 1,
        "fuel": 6388,
        "fault": 0.6981,
        "weapon": 1,
        "pilot_injury": 0.9316,
        "pilot_skill": 0.5041,
        "mission_priority": 0.0732,
        "estimated_landing_time": 1510.0,
        "wait_time": 0,
        "Landing_success_rate": 1.0
    },
    {
        "model": 2,
        "sequence": 20,
        "status": 1,
        "fuel": 6234,
        "fault": 0.9825,
        "weapon": 0,
        "pilot_injury": 0.947,
        "pilot_skill": 0.3903,
        "mission_priority": 0.2248,
        "estimated_landing_time": 1886.0,
        "wait_time": 0,
        "Landing_success_rate": 1.0
    },
    {
        "model": 0,
        "sequence": 24,
        "status": 1,
        "fuel": 6744,
        "fault": 0.1891,
        "weapon": 1,
        "pilot_injury": 0.8815,
        "pilot_skill": 0.4645,
        "mission_priority": 0.3383,
        "estimated_landing_time": 2262.0,
        "wait_time": 0,
        "Landing_success_rate": 1.0
    },
    {
        "model": 2,
        "sequence": 5,
        "status": 1,
        "fuel": 6772,
        "fault": 0.4497,
        "weapon": 0,
        "pilot_injury": 0.2056,
        "pilot_skill": 0.4889,
        "mission_priority": 0.1133,
        "estimated_landing_time": 476.0,
        "wait_time": 0,
        "Landing_success_rate": 1.0
    },
    {
        "model": 1,
        "sequence": 17,
        "status": 1,
        "fuel": 6895,
        "fault": 0.2225,
        "weapon": 1,
        "pilot_injury": 0.9318,
        "pilot_skill": 0.7388,
        "mission_priority": 0.9892,
        "estimated_landing_time": 1604.0,
        "wait_time": 0,
        "Landing_success_rate": 1.0
    },
    {
        "model": 2,
        "sequence": 7,
        "status": 1,
        "fuel": 6753,
        "fault": 0.1144,
        "weapon": 0,
        "pilot_injury": 0.1321,
        "pilot_skill": 0.782,
        "mission_priority": 0.8904,
        "estimated_landing_time": 664.0,
        "wait_time": 0,
        "Landing_success_rate": 1.0
    },
    {
        "model": 1,
        "sequence": 2,
        "status": 1,
        "fuel": 6599,
        "fault": 0.4952,
        "weapon": 1,
        "pilot_injury": 0.8476,
        "pilot_skill": 0.1397,
        "mission_priority": 0.377,
        "estimated_landing_time": 194.0,
        "wait_time": 0,
        "Landing_success_rate": 1.0
    },
    {
        "model": 0,
        "sequence": 10,
        "status": 1,
        "fuel": 7087,
        "fault": 0.9928,
        "weapon": 1,
        "pilot_injury": 0.3873,
        "pilot_skill": 0.6678,
        "mission_priority": 0.8759,
        "estimated_landing_time": 946.0,
        "wait_time": 0,
        "Landing_success_rate": 1.0
    },
    {
        "model": 2,
        "sequence": 1,
        "status": 1,
        "fuel": 6321,
        "fault": 0.8001,
        "weapon": 1,
        "pilot_injury": 0.4086,
        "pilot_skill": 0.2137,
        "mission_priority": 0.5293,
        "estimated_landing_time": 100.0,
        "wait_time": 0,
        "Landing_success_rate": 1.0
    },
    {
        "model": 1,
        "sequence": 11,
        "status": 1,
        "fuel": 6442,
        "fault": 0.3895,
        "weapon": 0,
        "pilot_injury": 0.0232,
        "pilot_skill": 0.744,
        "mission_priority": 0.9329,
        "estimated_landing_time": 1040.0,
        "wait_time": 0,
        "Landing_success_rate": 1.0
    },
    {
        "model": 0,
        "sequence": 14,
        "status": 1,
        "fuel": 5536,
        "fault": 0.2216,
        "weapon": 1,
        "pilot_injury": 0.7406,
        "pilot_skill": 0.8671,
        "mission_priority": 0.3237,
        "estimated_landing_time": 1322.0,
        "wait_time": 0,
        "Landing_success_rate": 1.0
    },
    {
        "model": 1,
        "sequence": 8,
        "status": 1,
        "fuel": 7070,
        "fault": 0.5115,
        "weapon": 0,
        "pilot_injury": 0.9083,
        "pilot_skill": 0.418,
        "mission_priority": 0.6542,
        "estimated_landing_time": 758.0,
        "wait_time": 0,
        "Landing_success_rate": 1.0
    }
]