[
    {
        "model": 2,
        "sequence": 10,
        "status": 1,
        "fuel": 5993,
        "fault": 0.8337,
        "weapon": 0,
        "pilot_injury": 0.1865,
        "pilot_skill": 0.8296,
        "mission_priority": 0.6253,
        "estimated_landing_time": 946.0,
        "wait_time": 0,
        "Landing_success_rate": 1.0
    },
    {
        "model": 2,
        "sequence": 15,
        "status": 1,
        "fuel": 6576,
        "fault": 0.3281,
        "weapon": 1,
        "pilot_injury": 0.2409,
        "pilot_skill": 0.6148,
        "mission_priority": 0.2404,
        "estimated_landing_time": 1416.0,
        "wait_time": 0,
        "Landing_success_rate": 1.0
    },
    {
        "model": 2,
        "sequence": 8,
        "status": 1,
        "fuel": 5583,
        "fault": 0.5642,
        "weapon": 1,
        "pilot_injury": 0.2693,
        "pilot_skill": 0.7144,
        "mission_priority": 0.5145,
        "estimated_landing_time": 758.0,
        "wait_time": 0,
        "Landing_success_rate": 1.0
    },
    {
        "model": 0,
        "sequence": 21,
        "status": 1,
        "fuel": 6904,
        "fault": 0.1106,
        "weapon": 0,
        "pilot_injury": 0.1382,
        "pilot_skill": 0.0667,
        "mission_priority": 0.3999,
        "estimated_landing_time": 1980.0,
        "wait_time": 0,
        "Landing_success_rate": 1.0
    },
    {
        "model": 1,
        "sequence": 2,
        "status": 1,
        "fuel": 7408,
        "fault": 0.3179,
        "weapon": 0,
        "pilot_injury": 0.0348,
        "pilot_skill": 0.793,
        "mission_priority": 0.0754,
        "estimated_landing_time": 194.0,
        "wait_time": 0,
        "Landing_success_rate": 1.0
    },
    {
        "model": 0,
        "sequence": 9,
        "status": 1,
        "fuel": 6414,
        "fault": 0.1258,
        "weapon": 1,
        "pilot_injury": 0.0177,
        "pilot_skill": 0.0971,
        "mission_priority": 0.3537,
        "estimated_landing_time": 852.0,
        "wait_time": 0,
        "Landing_success_rate": 1.0
    },
    {
        "model": 0,
        "sequence": 23,
        "status": 1,
        "fuel": 7280,
        "fault": 0.971,
        "weapon": 0,
        "pilot_injury": 0.272,
        "pilot_skill": 0.9941,
        "mission_priority": 0.4806,
        "estimated_landing_time": 2168.0,
        "wait_time": 0,
        "Landing_success_rate": 1.0
    },
    {
        "model": 2,
        "sequence": 3,
        "status": 1,
        "fuel": 7252,
        "fault": 0.3974,
        "weapon": 1,
        "pilot_injury": 0.436,
        "pilot_skill": 0.8583,
        "mission_priority": 0.008,
        "estimated_landing_time": 288.0,
        "wait_time": 0,
        "Landing_success_rate": 1.0
    },
    {
        "model": 1,
        "sequence": 1,
        "status": 1,
        "fuel": 5600,
        "fault": 0.7434,
        "weapon": 0,
        "pilot_injury": 0.5371,
        "pilot_skill": 0.6974,
        "mission_priority": 0.5498,
        "estimated_landing_time": 100.0,
        "wait_time": 0,
        "Landing_success_rate": 1.0
    },
    {
        "model": 2,
        "sequence": 20,
        "status": 1,
        "fuel": 6106,
        "fault": 0.5912,
        "weapon": 1,
        "pilot_injury": 0.4304,
        "pilot_skill": 0.3007,
        "mission_priority": 0.7683,
        "estimated_landing_time": 1886.0,
        "wait_time": 0,
        "Landing_success_rate": 1.0
    },
    {
        "model": 2,
        "sequence": 5,
        "status": 1,
        "fuel": 7417,
        "fault": 0.2177,
        "weapon": 0,
        "pilot_injury": 0.2528,
        "pilot_skill": 0.4349,
        "mission_priority": 0.0203,
        "estimated_landing_time": 476.0,
        "wait_time": 0,
        "Landing_success_rate": 1.0
    },
    {
        "model": 2,
        "sequence": 7,
        "status": 1,
        "fuel": 6096,
        "fault": 0.7117,
        "weapon": 0,
        "pilot_injury": 0.9707,
        "pilot_skill": 0.8075,
        "mission_priority": 0.1343,
        "estimated_landing_time": 664.0,
        "wait_time": 0,
        "Landing_success_rate": 1.0
    },
    {
        "model": 2,
        "sequence": 12,
        "status": 1,
        "fuel": 6498,
        "fault": 0.3538,
        "weapon": 0,
        "pilot_injury": 0.8338,
        "pilot_skill": 0.5935,
        "mission_priority": 0.2151,
        "estimated_landing_time": 1134.0,
        "wait_time": 0,
        "Landing_success_rate": 1.0
    },
    {
        "model": 1,
        "sequence": 16,
        "status": 1,
        "fuel": 6048,
        "fault": 0.7808,
        "weapon": 1,
        "pilot_injury": 0.7055,
        "pilot_skill": 0.267,
        "mission_priority": 0.3134,
        "estimated_landing_time": 1510.0,
        "wait_time": 0,
        "Landing_success_rate": 1.0
    },
    {
        "model": 1,
        "sequence": 19,
        "status": 1,
        "fuel": 5849,
        "fault": 0.4769,
        "weapon": 0,
        "pilot_injury": 0.6473,
        "pilot_skill": 0.8788,
        "mission_priority": 0.1604,
        "estimated_landing_time": 1792.0,
        "wait_time": 0,
        "Landing_success_rate": 1.0
    },
    {
        "model": 2,
        "sequence": 4,
        "status": 1,
        "fuel": 7239,
        "fault": 0.9646,
        "weapon": 1,
        "pilot_injury": 0.5002,
        "pilot_skill": 0.4029,
        "mission_priority": 0.9047,
        "estimated_landing_time": 382.0,
        "wait_time": 0,
        "Landing_success_rate": 1.0
    },
    {
        "model": 0,
        "sequence": 18,
        "status": 1,
        "fuel": 6055,
        "fault": 0.3644,
        "weapon": 1,
        "pilot_injury": 0.3664,
        "pilot_skill": 0.3441,
        "mission_priority": 0.9876,
        "estimated_landing_time": 1698.0,
        "wait_time": 0,
        "Landing_success_rate": 1.0
    },
    {
        "model": 2,
        "sequence": 22,
        "status": 1,
        "fuel": 6123,
        "fault": 0.1911,
        "weapon": 1,
        "pilot_injury": 0.4475,
        "pilot_skill": 0.1919,
        "mission_priority": 0.3248,
        "estimated_landing_time": 2074.0,
        "wait_time": 0,
        "Landing_success_rate": 1.0
    },
    {
        "model": 0,
        "sequence": 17,
        "status": 1,
        "fuel": 6523,
        "fault": 0.3932,
        "weapon": 1,
        "pilot_injury": 0.1546,
        "pilot_skill": 0.387,
        "mission_priority": 0.1006,
        "estimated_landing_time": 1604.0,
        "wait_time": 0,
        "Landing_success_rate": 1.0
    },
    {
        "model": 0,
        "sequence": 24,
        "status": 1,
        "fuel": 6932,
        "fault": 0.6278,
        "weapon": 1,
        "pilot_injury": 0.3389,
        "pilot_skill": 0.0497,
        "mission_priority": 0.6088,
        "estimated_landing_time": 2262.0,
        "wait_time": 0,
        "Landing_success_rate": 1.0
    },
    {
        "model": 2,
        "sequence": 11,
        "status": 1,
        "fuel": 6735,
        "fault": 0.1551,
        "weapon": 1,
        "pilot_injury": 0.3969,
        "pilot_skill": 0.8927,
        "mission_priority": 0.9384,
        "estimated_landing_time": 1040.0,
        "wait_time": 0,
        "Landing_success_rate": 1.0
    },
    {
        "model": 1,
        "sequence": 14,
        "status": 1,
        "fuel": 5846,
        "fault": 0.2068,
        "weapon": 0,
        "pilot_injury": 0.0675,
        "pilot_skill": 0.301,
        "mission_priority": 0.2851,
        "estimated_landing_time": 1322.0,
        "wait_time": 0,
        "Landing_success_rate": 1.0
    },
    {
        "model": 2,
        "sequence": 6,
        "status": 1,
        "fuel": 6249,
        "fault": 0.516,
        "weapon": 0,
        "pilot_injury": 0.867,
        "pilot_skill": 0.9124,
        "mission_priority": 0.7418,
        "estimated_landing_time": 570.0,
        "wait_time": 0,
        "Landing_success_rate": 1.0
    },
    {
        "model": 1,
        "sequence": 13,
        "status": 1,
        "fuel": 7105,
        "fault": 0.7702,
        "weapon": 1,
        "pilot_injury": 0.8574,
        "pilot_skill": 0.5101,
        "mission_priority": 0.0296,
        "estimated_landing_time": 1228.0,
        "wait_time": 0,
        "Landing_success_rate": 1.0
    }
]