[
    {
        "model": 1,
        "sequence": 21,
        "status": 1,
        "fuel": 6028,
        "fault": 0.7557,
        "weapon": 1,
        "pilot_injury": 0.602,
        "pilot_skill": 0.6146,
        "mission_priority": 0.9741,
        "estimated_landing_time": 1980.0,
        "wait_time": 0,
        "Landing_success_rate": 1.0
    },
    {
        "model": 0,
        "sequence": 16,
        "status": 1,
        "fuel": 7214,
        "fault": 0.2764,
        "weapon": 0,
        "pilot_injury": 0.031,
        "pilot_skill": 0.6814,
        "mission_priority": 0.2115,
        "estimated_landing_time": 1510.0,
        "wait_time": 0,
        "Landing_success_rate": 1.0
    },
    {
        "model": 2,
        "sequence": 7,
        "status": 1,
        "fuel": 7222,
        "fault": 0.2476,
        "weapon": 1,
        "pilot_injury": 0.6674,
        "pilot_skill": 0.0837,
        "mission_priority": 0.76,
        "estimated_landing_time": 664.0,
        "wait_time": 0,
        "Landing_success_rate": 1.0
    },
    {
        "model": 0,
        "sequence": 8,
        "status": 1,
        "fuel": 5915,
        "fault": 0.3469,
        "weapon": 0,
        "pilot_injury": 0.3804,
        "pilot_skill": 0.7438,
        "mission_priority": 0.2484,
        "estimated_landing_time": 758.0,
        "wait_time": 0,
        "Landing_success_rate": 1.0
    },
    {
        "model": 0,
        "sequence": 14,
        "status": 1,
        "fuel": 6065,
        "fault": 0.3878,
        "weapon": 0,
        "pilot_injury": 0.8793,
        "pilot_skill": 0.3454,
        "mission_priority": 0.4926,
        "estimated_landing_time": 1322.0,
        "wait_time": 0,
        "Landing_success_rate": 1.0
    },
    {
        "model": 0,
        "sequence": 9,
        "status": 1,
        "fuel": 5531,
        "fault": 0.964,
        "weapon": 0,
        "pilot_injury": 0.0949,
        "pilot_skill": 0.1976,
        "mission_priority": 0.3462,
        "estimated_landing_time": 852.0,
        "wait_time": 0,
        "Landing_success_rate": 1.0
    },
    {
        "model": 1,
        "sequence": 11,
        "status": 1,
        "fuel": 6527,
        "fault": 0.0933,
        "weapon": 0,
        "pilot_injury": 0.4584,
        "pilot_skill": 0.049,
        "mission_priority": 0.7557,
        "estimated_landing_time": 1040.0,
        "wait_time": 0,
        "Landing_success_rate": 1.0
    },
    {
        "model": 1,
        "sequence": 13,
        "status": 1,
        "fuel": 7400,
        "fault": 0.9734,
        "weapon": 0,
        "pilot_injury": 0.6352,
        "pilot_skill": 0.5339,
        "mission_priority": 0.2944,
        "estimated_landing_time": 1228.0,
        "wait_time": 0,
        "Landing_success_rate": 1.0
    },
    {
        "model": 1,
        "sequence": 24,
        "status": 1,
        "fuel": 6277,
        "fault": 0.7976,
        "weapon": 0,
        "pilot_injury": 0.4071,
        "pilot_skill": 0.1714,
        "mission_priority": 0.8442,
        "estimated_landing_time": 2262.0,
        "wait_time": 0,
        "Landing_success_rate": 1.0
    },
    {
        "model": 1,
        "sequence": 20,
        "status": 1,
        "fuel": 6196,
        "fault": 0.57,
        "weapon": 1,
        "pilot_injury": 0.0488,
        "pilot_skill": 0.0719,
        "mission_priority": 0.6364,
        "estimated_landing_time": 1886.0,
        "wait_time": 0,
        "Landing_success_rate": 1.0
    },
    {
        "model": 2,
        "sequence": 10,
        "status": 1,
        "fuel": 6158,
        "fault": 0.514,
        "weapon": 0,
        "pilot_injury": 0.2905,
        "pilot_skill": 0.1363,
        "mission_priority": 0.2313,
        "estimated_landing_time": 946.0,
        "wait_time": 0,
        "Landing_success_rate": 1.0
    },
    {
        "model": 1,
        "sequence": 15,
        "status": 1,
        "fuel": 6262,
        "fault": 0.6177,
        "weapon": 0,
        "pilot_injury": 0.2298,
        "pilot_skill": 0.5649,
        "mission_priority": 0.5081,
        "estimated_landing_time": 1416.0,
        "wait_time": 0,
        "Landing_success_rate": 1.0
    },
    {
        "model": 1,
        "sequence": 17,
        "status": 1,
        "fuel": 6969,
        "fault": 0.6025,
        "weapon": 1,
        "pilot_injury": 0.3699,
        "pilot_skill": 0.9244,
        "mission_priority": 0.7958,
        "estimated_landing_time": 1604.0,
        "wait_time": 0,
        "Landing_success_rate": 1.0
    },
    {
        "model": 2,
        "sequence": 4,
        "status": 1,
        "fuel": 5727,
        "fault": 0.808,
        "weapon": 1,
        "pilot_injury": 0.4484,
        "pilot_skill": 0.9107,
        "mission_priority": 0.5997,
        "estimated_landing_time": 382.0,
        "wait_time": 0,
        "Landing_success_rate": 1.0
    },
    {
        "model": 2,
        "sequence": 23,
        "status": 1,
        "fuel": 7389,
        "fault": 0.4885,
        "weapon": 0,
        "pilot_injury": 0.6728,
        "pilot_skill": 0.6411,
        "mission_priority": 0.0738,
        "estimated_landing_time": 2168.0,
        "wait_time": 0,
        "Landing_success_rate": 1.0
    },
    {
        "model": 0,
        "sequence": 18,
        "status": 1,
        "fuel": 6494,
        "fault": 0.5944,
        "weapon": 0,
        "pilot_injury": 0.0004,
        "pilot_skill": 0.8917,
        "mission_priority": 0.9522,
        "estimated_landing_time": 1698.0,
        "wait_time": 0,
        "Landing_success_rate": 1.0
    },
    {
        "model": 2,
        "sequence": 6,
        "status": 1,
        "fuel": 6704,
        "fault": 0.8635,
        "weapon": 0,
        "pilot_injury": 0.1106,
        "pilot_skill": 0.283,
        "mission_priority": 0.6215,
        "estimated_landing_time": 570.0,
        "wait_time": 0,
        "Landing_success_rate": 1.0
    },
    {
        "model": 2,
        "sequence": 12,
        "status": 1,
        "fuel": 7387,
        "fault": 0.7569,
        "weapon": 0,
        "pilot_injury": 0.7461,
        "pilot_skill": 0.575,
        "mission_priority": 0.518,
        "estimated_landing_time": 1134.0,
        "wait_time": 0,
        "Landing_success_rate": 1.0
    },
    {
        "model": 1,
        "sequence": 19,
        "status": 1,
        "fuel": 5755,
        "fault": 0.764,
        "weapon": 0,
        "pilot_injury": 0.424,
        "pilot_skill": 0.8988,
        "mission_priority": 0.6016,
        "estimated_landing_time": 1792.0,
        "wait_time": 0,
        "Landing_success_rate": 1.0
    },
    {
        "model": 1,
        "sequence": 1,
        "status": 1,
        "fuel": 6227,
        "fault": 0.2034,
        "weapon": 0,
        "pilot_injury": 0.4854,
        "pilot_skill": 0.2793,
        "mission_priority": 0.1551,
        "estimated_landing_time": 100.0,
        "wait_time": 0,
        "Landing_success_rate": 1.0
    },
    {
        "model": 1,
        "sequence": 22,
        "status": 1,
        "fuel": 6967,
        "fault": 0.8865,
        "weapon": 0,
        "pilot_injury": 0.3974,
        "pilot_skill": 0.3494,
        "mission_priority": 0.6716,
        "estimated_landing_time": 2074.0,
        "wait_time": 0,
        "Landing_success_rate": 1.0
    },
    {
        "model": 1,
        "sequence": 3,
        "status": 1,
        "fuel": 6341,
        "fault": 0.5991,
        "weapon": 0,
        "pilot_injury": 0.3081,
        "pilot_skill": 0.6137,
        "mission_priority": 0.4035,
        "estimated_landing_time": 288.0,
        "wait_time": 0,
        "Landing_success_rate": 1.0
    },
    {
        "model": 2,
        "sequence": 5,
        "status": 1,
        "fuel": 6312,
        "fault": 0.2574,
        "weapon": 1,
        "pilot_injury": 0.2895,
        "pilot_skill": 0.1477,
        "mission_priority": 0.6999,
        "estimated_landing_time": 476.0,
        "wait_time": 0,
        "Landing_success_rate": 1.0
    },
    {
        "model": 1,
        "sequence": 2,
        "status": 1,
        "fuel": 5649,
        "fault": 0.0791,
        "weapon": 0,
        "pilot_injury": 0.9149,
        "pilot_skill": 0.3866,
        "mission_priority": 0.7459,
        "estimated_landing_time": 194.0,
        "wait_time": 0,
        "Landing_success_rate": 1.0
    }
]