[
    {
        "model": 2,
        "sequence": 13,
        "status": 1,
        "fuel": 7383,
        "fault": 0.1167,
        "weapon": 0,
        "pilot_injury": 0.7592,
        "pilot_skill": 0.5626,
        "mission_priority": 0.4719,
        "estimated_landing_time": 1228.0,
        "wait_time": 0,
        "Landing_success_rate": 1.0
    },
    {
        "model": 2,
        "sequence": 20,
        "status": 1,
        "fuel": 6376,
        "fault": 0.1787,
        "weapon": 0,
        "pilot_injury": 0.3664,
        "pilot_skill": 0.4983,
        "mission_priority": 0.635,
        "estimated_landing_time": 1886.0,
        "wait_time": 0,
        "Landing_success_rate": 1.0
    },
    {
        "model": 1,
        "sequence": 4,
        "status": 1,
        "fuel": 6867,
        "fault": 0.344,
        "weapon": 0,
        "pilot_injury": 0.2502,
        "pilot_skill": 0.8832,
        "mission_priority": 0.3315,
        "estimated_landing_time": 382.0,
        "wait_time": 0,
        "Landing_success_rate": 1.0
    },
    {
        "model": 2,
        "sequence": 21,
        "status": 1,
        "fuel": 6592,
        "fault": 0.9445,
        "weapon": 0,
        "pilot_injury": 0.2597,
        "pilot_skill": 0.1238,
        "mission_priority": 0.9484,
        "estimated_landing_time": 1980.0,
        "wait_time": 0,
        "Landing_success_rate": 1.0
    },
    {
        "model": 0,
        "sequence": 11,
        "status": 1,
        "fuel": 5960,
        "fault": 0.6349,
        "weapon": 1,
        "pilot_injury": 0.8197,
        "pilot_skill": 0.7871,
        "mission_priority": 0.8375,
        "estimated_landing_time": 1040.0,
        "wait_time": 0,
        "Landing_success_rate": 1.0
    },
    {
        "model": 0,
        "sequence": 23,
        "status": 1,
        "fuel": 7056,
        "fault": 0.4836,
        "weapon": 0,
        "pilot_injury": 0.6937,
        "pilot_skill": 0.3907,
        "mission_priority": 0.07,
        "estimated_landing_time": 2168.0,
        "wait_time": 0,
        "Landing_success_rate": 1.0
    },
    {
        "model": 2,
        "sequence": 6,
        "status": 1,
        "fuel": 7270,
        "fault": 0.9674,
        "weapon": 0,
        "pilot_injury": 0.3752,
        "pilot_skill": 0.0054,
        "mission_priority": 0.7669,
        "estimated_landing_time": 570.0,
        "wait_time": 0,
        "Landing_success_rate": 1.0
    },
    {
        "model": 1,
        "sequence": 24,
        "status": 1,
        "fuel": 5663,
        "fault": 0.6071,
        "weapon": 0,
        "pilot_injury": 0.7135,
        "pilot_skill": 0.4551,
        "mission_priority": 0.6948,
        "estimated_landing_time": 2262.0,
        "wait_time": 0,
        "Landing_success_rate": 1.0
    },
    {
        "model": 0,
        "sequence": 10,
        "status": 1,
        "fuel": 6298,
        "fault": 0.6312,
        "weapon": 1,
        "pilot_injury": 0.5599,
        "pilot_skill": 0.9822,
        "mission_priority": 0.2724,
        "estimated_landing_time": 946.0,
        "wait_time": 0,
        "Landing_success_rate": 1.0
    },
    {
        "model": 1,
        "sequence": 5,
        "status": 1,
        "fuel": 6704,
        "fault": 0.7087,
        "weapon": 1,
        "pilot_injury": 0.3115,
        "pilot_skill": 0.0781,
        "mission_priority": 0.8808,
        "estimated_landing_time": 476.0,
        "wait_time": 0,
        "Landing_success_rate": 1.0
    },
    {
        "model": 1,
        "sequence": 16,
        "status": 1,
        "fuel": 6343,
        "fault": 0.7227,
        "weapon": 1,
        "pilot_injury": 0.7306,
        "pilot_skill": 0.1994,
        "mission_priority": 0.2403,
        "estimated_landing_time": 1510.0,
        "wait_time": 0,
        "Landing_success_rate": 1.0
    },
    {
        "model": 0,
        "sequence": 7,
        "status": 1,
        "fuel": 5594,
        "fault": 0.1502,
        "weapon": 1,
        "pilot_injury": 0.2476,
        "pilot_skill": 0.9957,
        "mission_priority": 0.1761,
        "estimated_landing_time": 664.0,
        "wait_time": 0,
        "Landing_success_rate": 1.0
    },
    {
        "model": 0,
        "sequence": 12,
        "status": 1,
        "fuel": 5633,
        "fault": 0.3831,
        "weapon": 1,
        "pilot_injury": 0.58,
        "pilot_skill": 0.3514,
        "mission_priority": 0.5133,
        "estimated_landing_time": 1134.0,
        "wait_time": 0,
        "Landing_success_rate": 1.0
    },
    {
        "model": 1,
        "sequence": 9,
        "status": 1,
        "fuel": 5609,
        "fault": 0.516,
        "weapon": 1,
        "pilot_injury": 0.6165,
        "pilot_skill": 0.0802,
        "mission_priority": 0.9107,
        "estimated_landing_time": 852.0,
        "wait_time": 0,
        "Landing_success_rate": 1.0
    },
    {
        "model": 2,
        "sequence": 22,
        "status": 1,
        "fuel": 6812,
        "fault": 0.1199,
        "weapon": 1,
        "pilot_injury": 0.3074,
        "pilot_skill": 0.8662,
        "mission_priority": 0.3832,
        "estimated_landing_time": 2074.0,
        "wait_time": 0,
        "Landing_success_rate": 1.0
    },
    {
        "model": 1,
        "sequence": 15,
        "status": 1,
        "fuel": 6485,
        "fault": 0.9477,
        "weapon": 0,
        "pilot_injury": 0.5525,
        "pilot_skill": 0.1413,
        "mission_priority": 0.5755,
        "estimated_landing_time": 1416.0,
        "wait_time": 0,
        "Landing_success_rate": 1.0
    },
    {
        "model": 0,
        "sequence": 8,
        "status": 1,
        "fuel": 6588,
        "fault": 0.3938,
        "weapon": 0,
        "pilot_injury": 0.3944,
        "pilot_skill": 0.8543,
        "mission_priority": 0.757,
        "estimated_landing_time": 758.0,
        "wait_time": 0,
        "Landing_success_rate": 1.0
    },
    {
        "model": 1,
        "sequence": 2,
        "status": 1,
        "fuel": 7406,
        "fault": 0.3809,
        "weapon": 0,
        "pilot_injury": 0.1488,
        "pilot_skill": 0.5573,
        "mission_priority": 0.8728,
        "estimated_landing_time": 194.0,
        "wait_time": 0,
        "Landing_success_rate": 1.0
    },
    {
        "model": 0,
        "sequence": 18,
        "status": 1,
        "fuel": 6013,
        "fault": 0.1033,
        "weapon": 1,
        "pilot_injury": 0.746,
        "pilot_skill": 0.4654,
        "mission_priority": 0.6035,
        "estimated_landing_time": 1698.0,
        "wait_time": 0,
        "Landing_success_rate": 1.0
    },
    {
        "model": 2,
        "sequence": 14,
        "status": 1,
        "fuel": 7044,
        "fault": 0.4124,
        "weapon": 1,
        "pilot_injury": 0.2854,
        "pilot_skill": 0.0478,
        "mission_priority": 0.7022,
        "estimated_landing_time": 1322.0,
        "wait_time": 0,
        "Landing_success_rate": 1.0
    },
    {
        "model": 2,
        "sequence": 3,
        "status": 1,
        "fuel": 5590,
        "fault": 0.5536,
        "weapon": 0,
        "pilot_injury": 0.1047,
        "pilot_skill": 0.5231,
        "mission_priority": 0.3752,
        "estimated_landing_time": 288.0,
        "wait_time": 0,
        "Landing_success_rate": 1.0
    },
    {
        "model": 2,
        "sequence": 1,
        "status": 1,
        "fuel": 6072,
        "fault": 0.1877,
        "weapon": 1,
        "pilot_injury": 0.9727,
        "pilot_skill": 0.7531,
        "mission_priority": 0.7669,
        "estimated_landing_time": 100.0,
        "wait_time": 0,
        "Landing_success_rate": 1.0
    },
    {
        "model": 2,
        "sequence": 19,
        "status": 1,
        "fuel": 6285,
        "fault": 0.222,
        "weapon": 0,
        "pilot_injury": 0.6671,
        "pilot_skill": 0.1478,
        "mission_priority": 0.2457,
        "estimated_landing_time": 1792.0,
        "wait_time": 0,
        "Landing_success_rate": 1.0
    },
    {
        "model": 2,
        "sequence": 17,
        "status": 1,
        "fuel": 5665,
        "fault": 0.2768,
        "weapon": 1,
        "pilot_injury": 0.3143,
        "pilot_skill": 0.772,
        "mission_priority": 0.9393,
        "estimated_landing_time": 1604.0,
        "wait_time": 0,
        "Landing_success_rate": 1.0
    }
]