[
    {
        "model": 1,
        "sequence": 22,
        "status": 1,
        "fuel": 7411,
        "fault": 0.2075,
        "weapon": 1,
        "pilot_injury": 0.3711,
        "pilot_skill": 0.9137,
        "mission_priority": 0.7387,
        "estimated_landing_time": 2074.0,
        "wait_time": 0,
        "Landing_success_rate": 1.0
    },
    {
        "model": 2,
        "sequence": 24,
        "status": 1,
        "fuel": 7204,
        "fault": 0.6149,
        "weapon": 0,
        "pilot_injury": 0.6655,
        "pilot_skill": 0.5087,
        "mission_priority": 0.7409,
        "estimated_landing_time": 2262.0,
        "wait_time": 0,
        "Landing_success_rate": 1.0
    },
    {
        "model": 1,
        "sequence": 23,
        "status": 1,
        "fuel": 5983,
        "fault": 0.8113,
        "weapon": 0,
        "pilot_injury": 0.6318,
        "pilot_skill": 0.6298,
        "mission_priority": 0.0673,
        "estimated_landing_time": 2168.0,
        "wait_time": 0,
        "Landing_success_rate": 1.0
    },
    {
        "model": 0,
        "sequence": 8,
        "status": 1,
        "fuel": 7329,
        "fault": 0.0254,
        "weapon": 1,
        "pilot_injury": 0.9534,
        "pilot_skill": 0.7822,
        "mission_priority": 0.1515,
        "estimated_landing_time": 758.0,
        "wait_time": 0,
        "Landing_success_rate": 1.0
    },
    {
        "model": 2,
        "sequence": 9,
        "status": 1,
        "fuel": 6954,
        "fault": 0.2364,
        "weapon": 0,
        "pilot_injury": 0.6521,
        "pilot_skill": 0.7731,
        "mission_priority": 0.8838,
        "estimated_landing_time": 852.0,
        "wait_time": 0,
        "Landing_success_rate": 1.0
    },
    {
        "model": 0,
        "sequence": 16,
        "status": 1,
        "fuel": 6848,
        "fault": 0.984,
        "weapon": 0,
        "pilot_injury": 0.1257,
        "pilot_skill": 0.9097,
        "mission_priority": 0.8438,
        "estimated_landing_time": 1510.0,
        "wait_time": 0,
        "Landing_success_rate": 1.0
    },
    {
        "model": 2,
        "sequence": 15,
        "status": 1,
        "fuel": 6830,
        "fault": 0.4301,
        "weapon": 0,
        "pilot_injury": 0.402,
        "pilot_skill": 0.2145,
        "mission_priority": 0.1615,
        "estimated_landing_time": 1416.0,
        "wait_time": 0,
        "Landing_success_rate": 1.0
    },
    {
        "model": 2,
        "sequence": 5,
        "status": 1,
        "fuel": 7220,
        "fault": 0.6197,
        "weapon": 0,
        "pilot_injury": 0.9187,
        "pilot_skill": 0.806,
        "mission_priority": 0.4482,
        "estimated_landing_time": 476.0,
        "wait_time": 0,
        "Landing_success_rate": 1.0
    },
    {
        "model": 0,
        "sequence": 19,
        "status": 1,
        "fuel": 7453,
        "fault": 0.5542,
        "weapon": 0,
        "pilot_injury": 0.5799,
        "pilot_skill": 0.9685,
        "mission_priority": 0.8867,
        "estimated_landing_time": 1792.0,
        "wait_time": 0,
        "Landing_success_rate": 1.0
    },
    {
        "model": 0,
        "sequence": 12,
        "status": 1,
        "fuel": 6281,
        "fault": 0.3869,
        "weapon": 1,
        "pilot_injury": 0.1141,
        "pilot_skill": 0.6902,
        "mission_priority": 0.2857,
        "estimated_landing_time": 1134.0,
        "wait_time": 0,
        "Landing_success_rate": 1.0
    },
    {
        "model": 1,
        "sequence": 11,
        "status": 1,
        "fuel": 6647,
        "fault": 0.1688,
        "weapon": 0,
        "pilot_injury": 0.3823,
        "pilot_skill": 0.0215,
        "mission_priority": 0.9535,
        "estimated_landing_time": 1040.0,
        "wait_time": 0,
        "Landing_success_rate": 1.0
    },
    {
        "model": 1,
        "sequence": 7,
        "status": 1,
        "fuel": 6681,
        "fault": 0.7279,
        "weapon": 1,
        "pilot_injury": 0.5393,
        "pilot_skill": 0.6462,
        "mission_priority": 0.729,
        "estimated_landing_time": 664.0,
        "wait_time": 0,
        "Landing_success_rate": 1.0
    },
    {
        "model": 0,
        "sequence": 20,
        "status": 1,
        "fuel": 7037,
        "fault": 0.6515,
        "weapon": 1,
        "pilot_injury": 0.2399,
        "pilot_skill": 0.2441,
        "mission_priority": 0.7818,
        "estimated_landing_time": 1886.0,
        "wait_time": 0,
        "Landing_success_rate": 1.0
    },
    {
        "model": 1,
        "sequence": 6,
        "status": 1,
        "fuel": 6677,
        "fault": 0.6131,
        "weapon": 0,
        "pilot_injury": 0.1574,
        "pilot_skill": 0.0654,
        "mission_priority": 0.2392,
        "estimated_landing_time": 570.0,
        "wait_time": 0,
        "Landing_success_rate": 1.0
    },
    {
        "model": 1,
        "sequence": 17,
        "status": 1,
        "fuel": 7382,
        "fault": 0.1898,
        "weapon": 1,
        "pilot_injury": 0.6979,
        "pilot_skill": 0.0046,
        "mission_priority": 0.4396,
        "estimated_landing_time": 1604.0,
        "wait_time": 0,
        "Landing_success_rate": 1.0
    },
    {
        "model": 0,
        "sequence": 21,
        "status": 1,
        "fuel": 5901,
        "fault": 0.2377,
        "weapon": 0,
        "pilot_injury": 0.901,
        "pilot_skill": 0.549,
        "mission_priority": 0.3454,
        "estimated_landing_time": 1980.0,
        "wait_time": 0,
        "Landing_success_rate": 1.0
    },
    {
        "model": 2,
        "sequence": 3,
        "status": 1,
        "fuel": 6739,
        "fault": 0.5813,
        "weapon": 1,
        "pilot_injury": 0.3359,
        "pilot_skill": 0.9695,
        "mission_priority": 0.3788,
        "estimated_landing_time": 288.0,
        "wait_time": 0,
        "Landing_success_rate": 1.0
    },
    {
        "model": 0,
        "sequence": 2,
        "status": 1,
        "fuel": 6619,
        "fault": 0.7713,
        "weapon": 0,
        "pilot_injury": 0.074,
        "pilot_skill": 0.9327,
        "mission_priority": 0.1684,
        "estimated_landing_time": 194.0,
        "wait_time": 0,
        "Landing_success_rate": 1.0
    },
    {
        "model": 1,
        "sequence": 1,
        "status": 1,
        "fuel": 6569,
        "fault": 0.2838,
        "weapon": 0,
        "pilot_injury": 0.8285,
        "pilot_skill": 0.4876,
        "mission_priority": 0.2069,
        "estimated_landing_time": 100.0,
        "wait_time": 0,
        "Landing_success_rate": 1.0
    },
    {
        "model": 0,
        "sequence": 13,
        "status": 1,
        "fuel": 7187,
        "fault": 0.9086,
        "weapon": 0,
        "pilot_injury": 0.9969,
        "pilot_skill": 0.824,
        "mission_priority": 0.8613,
        "estimated_landing_time": 1228.0,
        "wait_time": 0,
        "Landing_success_rate": 1.0
    },
    {
        "model": 0,
        "sequence": 4,
        "status": 1,
        "fuel": 7401,
        "fault": 0.5331,
        "weapon": 0,
        "pilot_injury": 0.5852,
        "pilot_skill": 0.4544,
        "mission_priority": 0.1255,
        "estimated_landing_time": 382.0,
        "wait_time": 0,
        "Landing_success_rate": 1.0
    },
    {
        "model": 2,
        "sequence": 14,
        "status": 1,
        "fuel": 5886,
        "fault": 0.0399,
        "weapon": 0,
        "pilot_injury": 0.2373,
        "pilot_skill": 0.7828,
        "mission_priority": 0.1245,
        "estimated_landing_time": 1322.0,
        "wait_time": 0,
        "Landing_success_rate": 1.0
    },
    {
        "model": 2,
        "sequence": 18,
        "status": 1,
        "fuel": 6990,
        "fault": 0.7225,
        "weapon": 0,
        "pilot_injury": 0.0549,
        "pilot_skill": 0.8041,
        "mission_priority": 0.3042,
        "estimated_landing_time": 1698.0,
        "wait_time": 0,
        "Landing_success_rate": 1.0
    },
    {
        "model": 1,
        "sequence": 10,
        "status": 1,
        "fuel": 5863,
        "fault": 0.9546,
        "weapon": 1,
        "pilot_injury": 0.6203,
        "pilot_skill": 0.5572,
        "mission_priority": 0.15,
        "estimated_landing_time": 946.0,
        "wait_time": 0,
        "Landing_success_rate": 1.0
    }
]