[
    {
        "model": 2,
        "sequence": 2,
        "status": 1,
        "fuel": 7438,
        "fault": 0.7487,
        "weapon": 0,
        "pilot_injury": 0.547,
        "pilot_skill": 0.0414,
        "mission_priority": 0.9102,
        "estimated_landing_time": 194.0,
        "wait_time": 0,
        "Landing_success_rate": 1.0
    },
    {
        "model": 1,
        "sequence": 18,
        "status": 1,
        "fuel": 6292,
        "fault": 0.862,
        "weapon": 1,
        "pilot_injury": 0.9727,
        "pilot_skill": 0.4458,
        "mission_priority": 0.9144,
        "estimated_landing_time": 1698.0,
        "wait_time": 0,
        "Landing_success_rate": 1.0
    },
    {
        "model": 0,
        "sequence": 5,
        "status": 1,
        "fuel": 7462,
        "fault": 0.6611,
        "weapon": 0,
        "pilot_injury": 0.795,
        "pilot_skill": 0.8858,
        "mission_priority": 0.1628,
        "estimated_landing_time": 476.0,
        "wait_time": 0,
        "Landing_success_rate": 1.0
    },
    {
        "model": 1,
        "sequence": 24,
        "status": 1,
        "fuel": 5975,
        "fault": 0.8197,
        "weapon": 1,
        "pilot_injury": 0.4615,
        "pilot_skill": 0.7884,
        "mission_priority": 0.6381,
        "estimated_landing_time": 2262.0,
        "wait_time": 0,
        "Landing_success_rate": 1.0
    },
    {
        "model": 2,
        "sequence": 12,
        "status": 1,
        "fuel": 6020,
        "fault": 0.6142,
        "weapon": 0,
        "pilot_injury": 0.4168,
        "pilot_skill": 0.771,
        "mission_priority": 0.7127,
        "estimated_landing_time": 1134.0,
        "wait_time": 0,
        "Landing_success_rate": 1.0
    },
    {
        "model": 0,
        "sequence": 10,
        "status": 1,
        "fuel": 6847,
        "fault": 0.1829,
        "weapon": 0,
        "pilot_injury": 0.8814,
        "pilot_skill": 0.2047,
        "mission_priority": 0.3185,
        "estimated_landing_time": 946.0,
        "wait_time": 0,
        "Landing_success_rate": 1.0
    },
    {
        "model": 1,
        "sequence": 19,
        "status": 1,
        "fuel": 7316,
        "fault": 0.899,
        "weapon": 1,
        "pilot_injury": 0.8725,
        "pilot_skill": 0.3714,
        "mission_priority": 0.5512,
        "estimated_landing_time": 1792.0,
        "wait_time": 0,
        "Landing_success_rate": 1.0
    },
    {
        "model": 2,
        "sequence": 21,
        "status": 1,
        "fuel": 6020,
        "fault": 0.3781,
        "weapon": 0,
        "pilot_injury": 0.6911,
        "pilot_skill": 0.9666,
        "mission_priority": 0.8928,
        "estimated_landing_time": 1980.0,
        "wait_time": 0,
        "Landing_success_rate": 1.0
    },
    {
        "model": 0,
        "sequence": 6,
        "status": 1,
        "fuel": 7491,
        "fault": 0.39,
        "weapon": 1,
        "pilot_injury": 0.0345,
        "pilot_skill": 0.5541,
        "mission_priority": 0.6225,
        "estimated_landing_time": 570.0,
        "wait_time": 0,
        "Landing_success_rate": 1.0
    },
    {
        "model": 0,
        "sequence": 3,
        "status": 1,
        "fuel": 7111,
        "fault": 0.3291,
        "weapon": 1,
        "pilot_injury": 0.7301,
        "pilot_skill": 0.4484,
        "mission_priority": 0.292,
        "estimated_landing_time": 288.0,
        "wait_time": 0,
        "Landing_success_rate": 1.0
    },
    {
        "model": 1,
        "sequence": 9,
        "status": 1,
        "fuel": 6579,
        "fault": 0.8732,
        "weapon": 1,
        "pilot_injury": 0.8021,
        "pilot_skill": 0.6934,
        "mission_priority": 0.9484,
        "estimated_landing_time": 852.0,
        "wait_time": 0,
        "Landing_success_rate": 1.0
    },
    {
        "model": 0,
        "sequence": 11,
        "status": 1,
        "fuel": 6689,
        "fault": 0.6285,
        "weapon": 1,
        "pilot_injury": 0.5834,
        "pilot_skill": 0.933,
        "mission_priority": 0.6606,
        "estimated_landing_time": 1040.0,
        "wait_time": 0,
        "Landing_success_rate": 1.0
    },
    {
        "model": 1,
        "sequence": 4,
        "status": 1,
        "fuel": 5609,
        "fault": 0.9245,
        "weapon": 0,
        "pilot_injury": 0.345,
        "pilot_skill": 0.3023,
        "mission_priority": 0.6941,
        "estimated_landing_time": 382.0,
        "wait_time": 0,
        "Landing_success_rate": 1.0
    },
    {
        "model": 1,
        "sequence": 1,
        "status": 1,
        "fuel": 5898,
        "fault": 0.3485,
        "weapon": 1,
        "pilot_injury": 0.2126,
        "pilot_skill": 0.7957,
        "mission_priority": 0.8132,
        "estimated_landing_time": 100.0,
        "wait_time": 0,
        "Landing_success_rate": 1.0
    },
    {
        "model": 0,
        "sequence": 13,
        "status": 1,
        "fuel": 5673,
        "fault": 0.1483,
        "weapon": 1,
        "pilot_injury": 0.173,
        "pilot_skill": 0.2479,
        "mission_priority": 0.1263,
        "estimated_landing_time": 1228.0,
        "wait_time": 0,
        "Landing_success_rate": 1.0
    },
    {
        "model": 2,
        "sequence": 8,
        "status": 1,
        "fuel": 6284,
        "fault": 0.3384,
        "weapon": 0,
        "pilot_injury": 0.4802,
        "pilot_skill": 0.111,
        "mission_priority": 0.2547,
        "estimated_landing_time": 758.0,
        "wait_time": 0,
        "Landing_success_rate": 1.0
    },
    {
        "model": 0,
        "sequence": 20,
        "status": 1,
        "fuel": 7130,
        "fault": 0.8192,
        "weapon": 1,
        "pilot_injury": 0.5156,
        "pilot_skill": 0.5256,
        "mission_priority": 0.1116,
        "estimated_landing_time": 1886.0,
        "wait_time": 0,
        "Landing_success_rate": 1.0
    },
    {
        "model": 2,
        "sequence": 22,
        "status": 1,
        "fuel": 5979,
        "fault": 0.7128,
        "weapon": 1,
        "pilot_injury": 0.7,
        "pilot_skill": 0.0578,
        "mission_priority": 0.4436,
        "estimated_landing_time": 2074.0,
        "wait_time": 0,
        "Landing_success_rate": 1.0
    },
    {
        "model": 1,
        "sequence": 23,
        "status": 1,
        "fuel": 5661,
        "fault": 0.7339,
        "weapon": 1,
        "pilot_injury": 0.3347,
        "pilot_skill": 0.5513,
        "mission_priority": 0.1653,
        "estimated_landing_time": 2168.0,
        "wait_time": 0,
        "Landing_success_rate": 1.0
    },
    {
        "model": 1,
        "sequence": 14,
        "status": 1,
        "fuel": 6479,
        "fault": 0.2304,
        "weapon": 0,
        "pilot_injury": 0.3743,
        "pilot_skill": 0.3179,
        "mission_priority": 0.2386,
        "estimated_landing_time": 1322.0,
        "wait_time": 0,
        "Landing_success_rate": 1.0
    },
    {
        "model": 0,
        "sequence": 15,
        "status": 1,
        "fuel": 5571,
        "fault": 0.9284,
        "weapon": 0,
        "pilot_injury": 0.3302,
        "pilot_skill": 0.9052,
        "mission_priority": 0.1502,
        "estimated_landing_time": 1416.0,
        "wait_time": 0,
        "Landing_success_rate": 1.0
    },
    {
        "model": 0,
        "sequence": 7,
        "status": 1,
        "fuel": 5786,
        "fault": 0.579,
        "weapon": 1,
        "pilot_injury": 0.2599,
        "pilot_skill": 0.5854,
        "mission_priority": 0.601,
        "estimated_landing_time": 664.0,
        "wait_time": 0,
        "Landing_success_rate": 1.0
    },
    {
        "model": 0,
        "sequence": 17,
        "status": 1,
        "fuel": 7387,
        "fault": 0.6971,
        "weapon": 1,
        "pilot_injury": 0.1985,
        "pilot_skill": 0.0703,
        "mission_priority": 0.1248,
        "estimated_landing_time": 1604.0,
        "wait_time": 0,
        "Landing_success_rate": 1.0
    },
    {
        "model": 1,
        "sequence": 16,
        "status": 1,
        "fuel": 6282,
        "fault": 0.9417,
        "weapon": 0,
        "pilot_injury": 0.7913,
        "pilot_skill": 0.2179,
        "mission_priority": 0.67,
        "estimated_landing_time": 1510.0,
        "wait_time": 0,
        "Landing_success_rate": 1.0
    }
]