[
    {
        "model": 1,
        "sequence": 3,
        "status": 1,
        "fuel": 6065,
        "fault": 0.8686,
        "weapon": 1,
        "pilot_injury": 0.6818,
        "pilot_skill": 0.2949,
        "mission_priority": 0.2689,
        "estimated_landing_time": 288.0,
        "wait_time": 0,
        "Landing_success_rate": 1.0
    },
    {
        "model": 0,
        "sequence": 16,
        "status": 1,
        "fuel": 6006,
        "fault": 0.6548,
        "weapon": 0,
        "pilot_injury": 0.3428,
        "pilot_skill": 0.5667,
        "mission_priority": 0.7807,
        "estimated_landing_time": 1510.0,
        "wait_time": 0,
        "Landing_success_rate": 1.0
    },
    {
        "model": 2,
        "sequence": 2,
        "status": 1,
        "fuel": 7393,
        "fault": 0.2825,
        "weapon": 0,
        "pilot_injury": 0.4498,
        "pilot_skill": 0.7895,
        "mission_priority": 0.3893,
        "estimated_landing_time": 194.0,
        "wait_time": 0,
        "Landing_success_rate": 1.0
    },
    {
        "model": 0,
        "sequence": 4,
        "status": 1,
        "fuel": 6357,
        "fault": 0.0629,
        "weapon": 0,
        "pilot_injury": 0.7583,
        "pilot_skill": 0.4678,
        "mission_priority": 0.1071,
        "estimated_landing_time": 382.0,
        "wait_time": 0,
        "Landing_success_rate": 1.0
    },
    {
        "model": 2,
        "sequence": 22,
        "status": 1,
        "fuel": 6266,
        "fault": 0.9357,
        "weapon": 0,
        "pilot_injury": 0.0059,
        "pilot_skill": 0.7563,
        "mission_priority": 0.8114,
        "estimated_landing_time": 2074.0,
        "wait_time": 0,
        "Landing_success_rate": 1.0
    },
    {
        "model": 0,
        "sequence": 23,
        "status": 1,
        "fuel": 6399,
        "fault": 0.8201,
        "weapon": 1,
        "pilot_injury": 0.8723,
        "pilot_skill": 0.1785,
        "mission_priority": 0.2415,
        "estimated_landing_time": 2168.0,
        "wait_time": 0,
        "Landing_success_rate": 1.0
    },
    {
        "model": 2,
        "sequence": 17,
        "status": 1,
        "fuel": 6843,
        "fault": 0.4017,
        "weapon": 1,
        "pilot_injury": 0.9226,
        "pilot_skill": 0.9791,
        "mission_priority": 0.3434,
        "estimated_landing_time": 1604.0,
        "wait_time": 0,
        "Landing_success_rate": 1.0
    },
    {
        "model": 1,
        "sequence": 24,
        "status": 1,
        "fuel": 5637,
        "fault": 0.7143,
        "weapon": 0,
        "pilot_injury": 0.9231,
        "pilot_skill": 0.1649,
        "mission_priority": 0.9854,
        "estimated_landing_time": 2262.0,
        "wait_time": 0,
        "Landing_success_rate": 1.0
    },
    {
        "model": 0,
        "sequence": 5,
        "status": 1,
        "fuel": 7100,
        "fault": 0.9091,
        "weapon": 1,
        "pilot_injury": 0.4957,
        "pilot_skill": 0.8056,
        "mission_priority": 0.3544,
        "estimated_landing_time": 476.0,
        "wait_time": 0,
        "Landing_success_rate": 1.0
    },
    {
        "model": 0,
        "sequence": 11,
        "status": 1,
        "fuel": 5890,
        "fault": 0.9985,
        "weapon": 1,
        "pilot_injury": 0.9861,
        "pilot_skill": 0.3419,
        "mission_priority": 0.6665,
        "estimated_landing_time": 1040.0,
        "wait_time": 0,
        "Landing_success_rate": 1.0
    },
    {
        "model": 2,
        "sequence": 8,
        "status": 1,
        "fuel": 5809,
        "fault": 0.6124,
        "weapon": 1,
        "pilot_injury": 0.7958,
        "pilot_skill": 0.9703,
        "mission_priority": 0.1773,
        "estimated_landing_time": 758.0,
        "wait_time": 0,
        "Landing_success_rate": 1.0
    },
    {
        "model": 2,
        "sequence": 12,
        "status": 1,
        "fuel": 7239,
        "fault": 0.5761,
        "weapon": 1,
        "pilot_injury": 0.5542,
        "pilot_skill": 0.3454,
        "mission_priority": 0.9603,
        "estimated_landing_time": 1134.0,
        "wait_time": 0,
        "Landing_success_rate": 1.0
    },
    {
        "model": 1,
        "sequence": 18,
        "status": 1,
        "fuel": 7237,
        "fault": 0.3976,
        "weapon": 0,
        "pilot_injury": 0.8035,
        "pilot_skill": 0.314,
        "mission_priority": 0.322,
        "estimated_landing_time": 1698.0,
        "wait_time": 0,
        "Landing_success_rate": 1.0
    },
    {
        "model": 0,
        "sequence": 10,
        "status": 1,
        "fuel": 5680,
        "fault": 0.8425,
        "weapon": 1,
        "pilot_injury": 0.8418,
        "pilot_skill": 0.2262,
        "mission_priority": 0.3625,
        "estimated_landing_time": 946.0,
        "wait_time": 0,
        "Landing_success_rate": 1.0
    },
    {
        "model": 1,
        "sequence": 15,
        "status": 1,
        "fuel": 5630,
        "fault": 0.3974,
        "weapon": 0,
        "pilot_injury": 0.6971,
        "pilot_skill": 0.566,
        "mission_priority": 0.1336,
        "estimated_landing_time": 1416.0,
        "wait_time": 0,
        "Landing_success_rate": 1.0
    },
    {
        "model": 1,
        "sequence": 13,
        "status": 1,
        "fuel": 6504,
        "fault": 0.3689,
        "weapon": 1,
        "pilot_injury": 0.6833,
        "pilot_skill": 0.3881,
        "mission_priority": 0.3381,
        "estimated_landing_time": 1228.0,
        "wait_time": 0,
        "Landing_success_rate": 1.0
    },
    {
        "model": 1,
        "sequence": 7,
        "status": 1,
        "fuel": 6346,
        "fault": 0.2862,
        "weapon": 0,
        "pilot_injury": 0.1787,
        "pilot_skill": 0.9874,
        "mission_priority": 0.6871,
        "estimated_landing_time": 664.0,
        "wait_time": 0,
        "Landing_success_rate": 1.0
    },
    {
        "model": 2,
        "sequence": 19,
        "status": 1,
        "fuel": 5761,
        "fault": 0.2444,
        "weapon": 1,
        "pilot_injury": 0.6483,
        "pilot_skill": 0.3832,
        "mission_priority": 0.66,
        "estimated_landing_time": 1792.0,
        "wait_time": 0,
        "Landing_success_rate": 1.0
    },
    {
        "model": 1,
        "sequence": 9,
        "status": 1,
        "fuel": 6985,
        "fault": 0.2098,
        "weapon": 0,
        "pilot_injury": 0.2566,
        "pilot_skill": 0.5512,
        "mission_priority": 0.4219,
        "estimated_landing_time": 852.0,
        "wait_time": 0,
        "Landing_success_rate": 1.0
    },
    {
        "model": 1,
        "sequence": 14,
        "status": 1,
        "fuel": 5798,
        "fault": 0.3692,
        "weapon": 0,
        "pilot_injury": 0.619,
        "pilot_skill": 0.0397,
        "mission_priority": 0.9902,
        "estimated_landing_time": 1322.0,
        "wait_time": 0,
        "Landing_success_rate": 1.0
    },
    {
        "model": 2,
        "sequence": 21,
        "status": 1,
        "fuel": 5902,
        "fault": 0.8208,
        "weapon": 1,
        "pilot_injury": 0.5915,
        "pilot_skill": 0.8179,
        "mission_priority": 0.5386,
        "estimated_landing_time": 1980.0,
        "wait_time": 0,
        "Landing_success_rate": 1.0
    },
    {
        "model": 2,
        "sequence": 6,
        "status": 1,
        "fuel": 5839,
        "fault": 0.0735,
        "weapon": 0,
        "pilot_injury": 0.59,
        "pilot_skill": 0.4223,
        "mission_priority": 0.5278,
        "estimated_landing_time": 570.0,
        "wait_time": 0,
        "Landing_success_rate": 1.0
    },
    {
        "model": 1,
        "sequence": 20,
        "status": 1,
        "fuel": 6830,
        "fault": 0.59,
        "weapon": 1,
        "pilot_injury": 0.979,
        "pilot_skill": 0.7648,
        "mission_priority": 0.32,
        "estimated_landing_time": 1886.0,
        "wait_time": 0,
        "Landing_success_rate": 1.0
    },
    {
        "model": 0,
        "sequence": 1,
        "status": 1,
        "fuel": 6305,
        "fault": 0.1489,
        "weapon": 0,
        "pilot_injury": 0.1768,
        "pilot_skill": 0.0531,
        "mission_priority": 0.5725,
        "estimated_landing_time": 100.0,
        "wait_time": 0,
        "Landing_success_rate": 1.0
    }
]