[
    {
        "model": 0,
        "sequence": 16,
        "status": 1,
        "fuel": 5803,
        "fault": 0.0178,
        "weapon": 0,
        "pilot_injury": 0.4005,
        "pilot_skill": 0.2401,
        "mission_priority": 0.244,
        "estimated_landing_time": 1510.0,
        "wait_time": 0,
        "Landing_success_rate": 1.0
    },
    {
        "model": 0,
        "sequence": 2,
        "status": 1,
        "fuel": 6660,
        "fault": 0.2001,
        "weapon": 1,
        "pilot_injury": 0.6542,
        "pilot_skill": 0.2923,
        "mission_priority": 0.8921,
        "estimated_landing_time": 194.0,
        "wait_time": 0,
        "Landing_success_rate": 1.0
    },
    {
        "model": 1,
        "sequence": 13,
        "status": 1,
        "fuel": 6350,
        "fault": 0.4725,
        "weapon": 1,
        "pilot_injury": 0.0615,
        "pilot_skill": 0.1432,
        "mission_priority": 0.2113,
        "estimated_landing_time": 1228.0,
        "wait_time": 0,
        "Landing_success_rate": 1.0
    },
    {
        "model": 0,
        "sequence": 21,
        "status": 1,
        "fuel": 7278,
        "fault": 0.7784,
        "weapon": 0,
        "pilot_injury": 0.6216,
        "pilot_skill": 0.9445,
        "mission_priority": 0.6529,
        "estimated_landing_time": 1980.0,
        "wait_time": 0,
        "Landing_success_rate": 1.0
    },
    {
        "model": 0,
        "sequence": 9,
        "status": 1,
        "fuel": 5915,
        "fault": 0.3167,
        "weapon": 0,
        "pilot_injury": 0.1699,
        "pilot_skill": 0.6579,
        "mission_priority": 0.9191,
        "estimated_landing_time": 852.0,
        "wait_time": 0,
        "Landing_success_rate": 1.0
    },
    {
        "model": 0,
        "sequence": 24,
        "status": 1,
        "fuel": 6819,
        "fault": 0.2781,
        "weapon": 0,
        "pilot_injury": 0.5397,
        "pilot_skill": 0.3112,
        "mission_priority": 0.6725,
        "estimated_landing_time": 2262.0,
        "wait_time": 0,
        "Landing_success_rate": 1.0
    },
    {
        "model": 2,
        "sequence": 5,
        "status": 1,
        "fuel": 6081,
        "fault": 0.7015,
        "weapon": 0,
        "pilot_injury": 0.8466,
        "pilot_skill": 0.5138,
        "mission_priority": 0.5797,
        "estimated_landing_time": 476.0,
        "wait_time": 0,
        "Landing_success_rate": 1.0
    },
    {
        "model": 0,
        "sequence": 1,
        "status": 1,
        "fuel": 6648,
        "fault": 0.6871,
        "weapon": 1,
        "pilot_injury": 0.9522,
        "pilot_skill": 0.9284,
        "mission_priority": 0.7743,
        "estimated_landing_time": 100.0,
        "wait_time": 0,
        "Landing_success_rate": 1.0
    },
    {
        "model": 0,
        "sequence": 7,
        "status": 1,
        "fuel": 6688,
        "fault": 0.7245,
        "weapon": 1,
        "pilot_injury": 0.1561,
        "pilot_skill": 0.0809,
        "mission_priority": 0.4573,
        "estimated_landing_time": 664.0,
        "wait_time": 0,
        "Landing_success_rate": 1.0
    },
    {
        "model": 1,
        "sequence": 8,
        "status": 1,
        "fuel": 7261,
        "fault": 0.3035,
        "weapon": 0,
        "pilot_injury": 0.7559,
        "pilot_skill": 0.1187,
        "mission_priority": 0.8627,
        "estimated_landing_time": 758.0,
        "wait_time": 0,
        "Landing_success_rate": 1.0
    },
    {
        "model": 1,
        "sequence": 23,
        "status": 1,
        "fuel": 6031,
        "fault": 0.778,
        "weapon": 1,
        "pilot_injury": 0.3565,
        "pilot_skill": 0.3752,
        "mission_priority": 0.7351,
        "estimated_landing_time": 2168.0,
        "wait_time": 0,
        "Landing_success_rate": 1.0
    },
    {
        "model": 0,
        "sequence": 11,
        "status": 1,
        "fuel": 6482,
        "fault": 0.9214,
        "weapon": 0,
        "pilot_injury": 0.1308,
        "pilot_skill": 0.0826,
        "mission_priority": 0.6388,
        "estimated_landing_time": 1040.0,
        "wait_time": 0,
        "Landing_success_rate": 1.0
    },
    {
        "model": 1,
        "sequence": 4,
        "status": 1,
        "fuel": 7265,
        "fault": 0.2451,
        "weapon": 1,
        "pilot_injury": 0.9535,
        "pilot_skill": 0.8981,
        "mission_priority": 0.0756,
        "estimated_landing_time": 382.0,
        "wait_time": 0,
        "Landing_success_rate": 1.0
    },
    {
        "model": 2,
        "sequence": 22,
        "status": 1,
        "fuel": 6425,
        "fault": 0.2104,
        "weapon": 0,
        "pilot_injury": 0.0687,
        "pilot_skill": 0.9183,
        "mission_priority": 0.8948,
        "estimated_landing_time": 2074.0,
        "wait_time": 0,
        "Landing_success_rate": 1.0
    },
    {
        "model": 0,
        "sequence": 15,
        "status": 1,
        "fuel": 5772,
        "fault": 0.6074,
        "weapon": 0,
        "pilot_injury": 0.5633,
        "pilot_skill": 0.434,
        "mission_priority": 0.5497,
        "estimated_landing_time": 1416.0,
        "wait_time": 0,
        "Landing_success_rate": 1.0
    },
    {
        "model": 1,
        "sequence": 20,
        "status": 1,
        "fuel": 6878,
        "fault": 0.0291,
        "weapon": 0,
        "pilot_injury": 0.1811,
        "pilot_skill": 0.4606,
        "mission_priority": 0.5308,
        "estimated_landing_time": 1886.0,
        "wait_time": 0,
        "Landing_success_rate": 1.0
    },
    {
        "model": 1,
        "sequence": 19,
        "status": 1,
        "fuel": 6753,
        "fault": 0.4597,
        "weapon": 0,
        "pilot_injury": 0.8294,
        "pilot_skill": 0.9547,
        "mission_priority": 0.7215,
        "estimated_landing_time": 1792.0,
        "wait_time": 0,
        "Landing_success_rate": 1.0
    },
    {
        "model": 0,
        "sequence": 3,
        "status": 1,
        "fuel": 6420,
        "fault": 0.6554,
        "weapon": 1,
        "pilot_injury": 0.8567,
        "pilot_skill": 0.4916,
        "mission_priority": 0.8107,
        "estimated_landing_time": 288.0,
        "wait_time": 0,
        "Landing_success_rate": 1.0
    },
    {
        "model": 1,
        "sequence": 10,
        "status": 1,
        "fuel": 7461,
        "fault": 0.4705,
        "weapon": 1,
        "pilot_injury": 0.3295,
        "pilot_skill": 0.7639,
        "mission_priority": 0.1592,
        "estimated_landing_time": 946.0,
        "wait_time": 0,
        "Landing_success_rate": 1.0
    },
    {
        "model": 1,
        "sequence": 14,
        "status": 1,
        "fuel": 6072,
        "fault": 0.8659,
        "weapon": 0,
        "pilot_injury": 0.2357,
        "pilot_skill": 0.2856,
        "mission_priority": 0.5303,
        "estimated_landing_time": 1322.0,
        "wait_time": 0,
        "Landing_success_rate": 1.0
    },
    {
        "model": 1,
        "sequence": 17,
        "status": 1,
        "fuel": 6688,
        "fault": 0.7609,
        "weapon": 0,
        "pilot_injury": 0.85,
        "pilot_skill": 0.6952,
        "mission_priority": 0.7805,
        "estimated_landing_time": 1604.0,
        "wait_time": 0,
        "Landing_success_rate": 1.0
    },
    {
        "model": 0,
        "sequence": 6,
        "status": 1,
        "fuel": 6331,
        "fault": 0.0065,
        "weapon": 0,
        "pilot_injury": 0.2363,
        "pilot_skill": 0.9776,
        "mission_priority": 0.7378,
        "estimated_landing_time": 570.0,
        "wait_time": 0,
        "Landing_success_rate": 1.0
    },
    {
        "model": 0,
        "sequence": 12,
        "status": 1,
        "fuel": 6836,
        "fault": 0.4415,
        "weapon": 1,
        "pilot_injury": 0.7759,
        "pilot_skill": 0.0558,
        "mission_priority": 0.099,
        "estimated_landing_time": 1134.0,
        "wait_time": 0,
        "Landing_success_rate": 1.0
    },
    {
        "model": 1,
        "sequence": 18,
        "status": 1,
        "fuel": 6431,
        "fault": 0.9984,
        "weapon": 1,
        "pilot_injury": 0.1194,
        "pilot_skill": 0.4631,
        "mission_priority": 0.2872,
        "estimated_landing_time": 1698.0,
        "wait_time": 0,
        "Landing_success_rate": 1.0
    }
]