[
    {
        "model": 1,
        "sequence": 23,
        "status": 1,
        "fuel": 7057,
        "fault": 0.3237,
        "weapon": 1,
        "pilot_injury": 0.6544,
        "pilot_skill": 0.1824,
        "mission_priority": 0.3143,
        "estimated_landing_time": 2168.0,
        "wait_time": 0,
        "Landing_success_rate": 1.0
    },
    {
        "model": 0,
        "sequence": 24,
        "status": 1,
        "fuel": 6777,
        "fault": 0.04,
        "weapon": 0,
        "pilot_injury": 0.0537,
        "pilot_skill": 0.7337,
        "mission_priority": 0.9126,
        "estimated_landing_time": 2262.0,
        "wait_time": 0,
        "Landing_success_rate": 1.0
    },
    {
        "model": 2,
        "sequence": 12,
        "status": 1,
        "fuel": 5866,
        "fault": 0.7024,
        "weapon": 0,
        "pilot_injury": 0.1076,
        "pilot_skill": 0.9629,
        "mission_priority": 0.8154,
        "estimated_landing_time": 1134.0,
        "wait_time": 0,
        "Landing_success_rate": 1.0
    },
    {
        "model": 1,
        "sequence": 20,
        "status": 1,
        "fuel": 7133,
        "fault": 0.1353,
        "weapon": 1,
        "pilot_injury": 0.9208,
        "pilot_skill": 0.1191,
        "mission_priority": 0.1218,
        "estimated_landing_time": 1886.0,
        "wait_time": 0,
        "Landing_success_rate": 1.0
    },
    {
        "model": 0,
        "sequence": 3,
        "status": 1,
        "fuel": 6561,
        "fault": 0.7425,
        "weapon": 0,
        "pilot_injury": 0.8451,
        "pilot_skill": 0.3907,
        "mission_priority": 0.4519,
        "estimated_landing_time": 288.0,
        "wait_time": 0,
        "Landing_success_rate": 1.0
    },
    {
        "model": 1,
        "sequence": 5,
        "status": 1,
        "fuel": 6404,
        "fault": 0.5573,
        "weapon": 0,
        "pilot_injury": 0.465,
        "pilot_skill": 0.7551,
        "mission_priority": 0.6959,
        "estimated_landing_time": 476.0,
        "wait_time": 0,
        "Landing_success_rate": 1.0
    },
    {
        "model": 2,
        "sequence": 15,
        "status": 1,
        "fuel": 5616,
        "fault": 0.4594,
        "weapon": 0,
        "pilot_injury": 0.5447,
        "pilot_skill": 0.8558,
        "mission_priority": 0.8322,
        "estimated_landing_time": 1416.0,
        "wait_time": 0,
        "Landing_success_rate": 1.0
    },
    {
        "model": 0,
        "sequence": 1,
        "status": 1,
        "fuel": 7220,
        "fault": 0.3886,
        "weapon": 1,
        "pilot_injury": 0.789,
        "pilot_skill": 0.9065,
        "mission_priority": 0.5063,
        "estimated_landing_time": 100.0,
        "wait_time": 0,
        "Landing_success_rate": 1.0
    },
    {
        "model": 0,
        "sequence": 7,
        "status": 1,
        "fuel": 6559,
        "fault": 0.4671,
        "weapon": 1,
        "pilot_injury": 0.8278,
        "pilot_skill": 0.8544,
        "mission_priority": 0.4073,
        "estimated_landing_time": 664.0,
        "wait_time": 0,
        "Landing_success_rate": 1.0
    },
    {
        "model": 2,
        "sequence": 8,
        "status": 1,
        "fuel": 5676,
        "fault": 0.1612,
        "weapon": 0,
        "pilot_injury": 0.6958,
        "pilot_skill": 0.1712,
        "mission_priority": 0.9738,
        "estimated_landing_time": 758.0,
        "wait_time": 0,
        "Landing_success_rate": 1.0
    },
    {
        "model": 2,
        "sequence": 14,
        "status": 1,
        "fuel": 5946,
        "fault": 0.7776,
        "weapon": 0,
        "pilot_injury": 0.1708,
        "pilot_skill": 0.8654,
        "mission_priority": 0.9538,
        "estimated_landing_time": 1322.0,
        "wait_time": 0,
        "Landing_success_rate": 1.0
    },
    {
        "model": 0,
        "sequence": 9,
        "status": 1,
        "fuel": 6155,
        "fault": 0.7974,
        "weapon": 0,
        "pilot_injury": 0.3955,
        "pilot_skill": 0.8354,
        "mission_priority": 0.4533,
        "estimated_landing_time": 852.0,
        "wait_time": 0,
        "Landing_success_rate": 1.0
    },
    {
        "model": 2,
        "sequence": 2,
        "status": 1,
        "fuel": 6382,
        "fault": 0.1758,
        "weapon": 0,
        "pilot_injury": 0.4905,
        "pilot_skill": 0.5334,
        "mission_priority": 0.407,
        "estimated_landing_time": 194.0,
        "wait_time": 0,
        "Landing_success_rate": 1.0
    },
    {
        "model": 0,
        "sequence": 10,
        "status": 1,
        "fuel": 6012,
        "fault": 0.6275,
        "weapon": 1,
        "pilot_injury": 0.9258,
        "pilot_skill": 0.0306,
        "mission_priority": 0.7728,
        "estimated_landing_time": 946.0,
        "wait_time": 0,
        "Landing_success_rate": 1.0
    },
    {
        "model": 2,
        "sequence": 11,
        "status": 1,
        "fuel": 7286,
        "fault": 0.5779,
        "weapon": 0,
        "pilot_injury": 0.6097,
        "pilot_skill": 0.707,
        "mission_priority": 0.6302,
        "estimated_landing_time": 1040.0,
        "wait_time": 0,
        "Landing_success_rate": 1.0
    },
    {
        "model": 1,
        "sequence": 18,
        "status": 1,
        "fuel": 5899,
        "fault": 0.348,
        "weapon": 0,
        "pilot_injury": 0.5411,
        "pilot_skill": 0.8654,
        "mission_priority": 0.0902,
        "estimated_landing_time": 1698.0,
        "wait_time": 0,
        "Landing_success_rate": 1.0
    },
    {
        "model": 1,
        "sequence": 16,
        "status": 1,
        "fuel": 5883,
        "fault": 0.7974,
        "weapon": 0,
        "pilot_injury": 0.303,
        "pilot_skill": 0.7716,
        "mission_priority": 0.3527,
        "estimated_landing_time": 1510.0,
        "wait_time": 0,
        "Landing_success_rate": 1.0
    },
    {
        "model": 0,
        "sequence": 6,
        "status": 1,
        "fuel": 6895,
        "fault": 0.3508,
        "weapon": 0,
        "pilot_injury": 0.4269,
        "pilot_skill": 0.1588,
        "mission_priority": 0.6667,
        "estimated_landing_time": 570.0,
        "wait_time": 0,
        "Landing_success_rate": 1.0
    },
    {
        "model": 0,
        "sequence": 19,
        "status": 1,
        "fuel": 7375,
        "fault": 0.4626,
        "weapon": 0,
        "pilot_injury": 0.0157,
        "pilot_skill": 0.3877,
        "mission_priority": 0.0236,
        "estimated_landing_time": 1792.0,
        "wait_time": 0,
        "Landing_success_rate": 1.0
    },
    {
        "model": 0,
        "sequence": 13,
        "status": 1,
        "fuel": 5723,
        "fault": 0.1663,
        "weapon": 1,
        "pilot_injury": 0.2581,
        "pilot_skill": 0.2555,
        "mission_priority": 0.2601,
        "estimated_landing_time": 1228.0,
        "wait_time": 0,
        "Landing_success_rate": 1.0
    },
    {
        "model": 1,
        "sequence": 22,
        "status": 1,
        "fuel": 6400,
        "fault": 0.3989,
        "weapon": 1,
        "pilot_injury": 0.8513,
        "pilot_skill": 0.0391,
        "mission_priority": 0.9889,
        "estimated_landing_time": 2074.0,
        "wait_time": 0,
        "Landing_success_rate": 1.0
    },
    {
        "model": 1,
        "sequence": 4,
        "status": 1,
        "fuel": 7277,
        "fault": 0.7305,
        "weapon": 1,
        "pilot_injury": 0.1752,
        "pilot_skill": 0.9419,
        "mission_priority": 0.9975,
        "estimated_landing_time": 382.0,
        "wait_time": 0,
        "Landing_success_rate": 1.0
    },
    {
        "model": 0,
        "sequence": 21,
        "status": 1,
        "fuel": 6931,
        "fault": 0.162,
        "weapon": 0,
        "pilot_injury": 0.8361,
        "pilot_skill": 0.9142,
        "mission_priority": 0.6504,
        "estimated_landing_time": 1980.0,
        "wait_time": 0,
        "Landing_success_rate": 1.0
    },
    {
        "model": 2,
        "sequence": 17,
        "status": 1,
        "fuel": 6402,
        "fault": 0.5068,
        "weapon": 1,
        "pilot_injury": 0.7597,
        "pilot_skill": 0.3487,
        "mission_priority": 0.1495,
        "estimated_landing_time": 1604.0,
        "wait_time": 0,
        "Landing_success_rate": 1.0
    }
]