[
    {
        "model": 1,
        "sequence": 2,
        "status": 1,
        "fuel": 7452,
        "fault": 0.9597,
        "weapon": 1,
        "pilot_injury": 0.1067,
        "pilot_skill": 0.7985,
        "mission_priority": 0.4608,
        "estimated_landing_time": 194.0,
        "wait_time": 0,
        "Landing_success_rate": 1.0
    },
    {
        "model": 2,
        "sequence": 12,
        "status": 1,
        "fuel": 6924,
        "fault": 0.871,
        "weapon": 1,
        "pilot_injury": 0.7852,
        "pilot_skill": 0.7333,
        "mission_priority": 0.1884,
        "estimated_landing_time": 1134.0,
        "wait_time": 0,
        "Landing_success_rate": 1.0
    },
    {
        "model": 0,
        "sequence": 14,
        "status": 1,
        "fuel": 7174,
        "fault": 0.154,
        "weapon": 0,
        "pilot_injury": 0.7949,
        "pilot_skill": 0.9384,
        "mission_priority": 0.5729,
        "estimated_landing_time": 1322.0,
        "wait_time": 0,
        "Landing_success_rate": 1.0
    },
    {
        "model": 1,
        "sequence": 10,
        "status": 1,
        "fuel": 6780,
        "fault": 0.426,
        "weapon": 1,
        "pilot_injury": 0.9988,
        "pilot_skill": 0.9387,
        "mission_priority": 0.9932,
        "estimated_landing_time": 946.0,
        "wait_time": 0,
        "Landing_success_rate": 1.0
    },
    {
        "model": 0,
        "sequence": 15,
        "status": 1,
        "fuel": 7465,
        "fault": 0.4024,
        "weapon": 1,
        "pilot_injury": 0.8931,
        "pilot_skill": 0.8952,
        "mission_priority": 0.1444,
        "estimated_landing_time": 1416.0,
        "wait_time": 0,
        "Landing_success_rate": 1.0
    },
    {
        "model": 2,
        "sequence": 8,
        "status": 1,
        "fuel": 5503,
        "fault": 0.0246,
        "weapon": 0,
        "pilot_injury": 0.8985,
        "pilot_skill": 0.7068,
        "mission_priority": 0.5374,
        "estimated_landing_time": 758.0,
        "wait_time": 0,
        "Landing_success_rate": 1.0
    },
    {
        "model": 2,
        "sequence": 13,
        "status": 1,
        "fuel": 6045,
        "fault": 0.4829,
        "weapon": 0,
        "pilot_injury": 0.3212,
        "pilot_skill": 0.2589,
        "mission_priority": 0.5407,
        "estimated_landing_time": 1228.0,
        "wait_time": 0,
        "Landing_success_rate": 1.0
    },
    {
        "model": 2,
        "sequence": 4,
        "status": 1,
        "fuel": 6912,
        "fault": 0.1331,
        "weapon": 0,
        "pilot_injury": 0.2607,
        "pilot_skill": 0.5906,
        "mission_priority": 0.6621,
        "estimated_landing_time": 382.0,
        "wait_time": 0,
        "Landing_success_rate": 1.0
    },
    {
        "model": 1,
        "sequence": 16,
        "status": 1,
        "fuel": 7072,
        "fault": 0.3494,
        "weapon": 1,
        "pilot_injury": 0.7561,
        "pilot_skill": 0.1694,
        "mission_priority": 0.1211,
        "estimated_landing_time": 1510.0,
        "wait_time": 0,
        "Landing_success_rate": 1.0
    },
    {
        "model": 2,
        "sequence": 9,
        "status": 1,
        "fuel": 6903,
        "fault": 0.0094,
        "weapon": 0,
        "pilot_injury": 0.5561,
        "pilot_skill": 0.4553,
        "mission_priority": 0.7622,
        "estimated_landing_time": 852.0,
        "wait_time": 0,
        "Landing_success_rate": 1.0
    },
    {
        "model": 1,
        "sequence": 1,
        "status": 1,
        "fuel": 5993,
        "fault": 0.917,
        "weapon": 0,
        "pilot_injury": 0.311,
        "pilot_skill": 0.2489,
        "mission_priority": 0.3073,
        "estimated_landing_time": 100.0,
        "wait_time": 0,
        "Landing_success_rate": 1.0
    },
    {
        "model": 1,
        "sequence": 24,
        "status": 1,
        "fuel": 7347,
        "fault": 0.8218,
        "weapon": 1,
        "pilot_injury": 0.5891,
        "pilot_skill": 0.6557,
        "mission_priority": 0.3977,
        "estimated_landing_time": 2262.0,
        "wait_time": 0,
        "Landing_success_rate": 1.0
    },
    {
        "model": 1,
        "sequence": 21,
        "status": 1,
        "fuel": 6120,
        "fault": 0.2686,
        "weapon": 1,
        "pilot_injury": 0.7692,
        "pilot_skill": 0.2117,
        "mission_priority": 0.8802,
        "estimated_landing_time": 1980.0,
        "wait_time": 0,
        "Landing_success_rate": 1.0
    },
    {
        "model": 1,
        "sequence": 5,
        "status": 1,
        "fuel": 6192,
        "fault": 0.4826,
        "weapon": 1,
        "pilot_injury": 0.4572,
        "pilot_skill": 0.0392,
        "mission_priority": 0.9039,
        "estimated_landing_time": 476.0,
        "wait_time": 0,
        "Landing_success_rate": 1.0
    },
    {
        "model": 1,
        "sequence": 23,
        "status": 1,
        "fuel": 7085,
        "fault": 0.9888,
        "weapon": 0,
        "pilot_injury": 0.1925,
        "pilot_skill": 0.333,
        "mission_priority": 0.9557,
        "estimated_landing_time": 2168.0,
        "wait_time": 0,
        "Landing_success_rate": 1.0
    },
    {
        "model": 1,
        "sequence": 3,
        "status": 1,
        "fuel": 5877,
        "fault": 0.9802,
        "weapon": 0,
        "pilot_injury": 0.4855,
        "pilot_skill": 0.1519,
        "mission_priority": 0.8866,
        "estimated_landing_time": 288.0,
        "wait_time": 0,
        "Landing_success_rate": 1.0
    },
    {
        "model": 2,
        "sequence": 17,
        "status": 1,
        "fuel": 5973,
        "fault": 0.7621,
        "weapon": 1,
        "pilot_injury": 0.3182,
        "pilot_skill": 0.418,
        "mission_priority": 0.2114,
        "estimated_landing_time": 1604.0,
        "wait_time": 0,
        "Landing_success_rate": 1.0
    },
    {
        "model": 1,
        "sequence": 7,
        "status": 1,
        "fuel": 5699,
        "fault": 0.9887,
        "weapon": 0,
        "pilot_injury": 0.7599,
        "pilot_skill": 0.826,
        "mission_priority": 0.9891,
        "estimated_landing_time": 664.0,
        "wait_time": 0,
        "Landing_success_rate": 1.0
    },
    {
        "model": 0,
        "sequence": 20,
        "status": 1,
        "fuel": 7209,
        "fault": 0.4725,
        "weapon": 0,
        "pilot_injury": 0.9748,
        "pilot_skill": 0.8821,
        "mission_priority": 0.9906,
        "estimated_landing_time": 1886.0,
        "wait_time": 0,
        "Landing_success_rate": 1.0
    },
    {
        "model": 0,
        "sequence": 6,
        "status": 1,
        "fuel": 7117,
        "fault": 0.7795,
        "weapon": 1,
        "pilot_injury": 0.2638,
        "pilot_skill": 0.4583,
        "mission_priority": 0.0209,
        "estimated_landing_time": 570.0,
        "wait_time": 0,
        "Landing_success_rate": 1.0
    },
    {
        "model": 0,
        "sequence": 22,
        "status": 1,
        "fuel": 7359,
        "fault": 0.0236,
        "weapon": 1,
        "pilot_injury": 0.1121,
        "pilot_skill": 0.4544,
        "mission_priority": 0.6232,
        "estimated_landing_time": 2074.0,
        "wait_time": 0,
        "Landing_success_rate": 1.0
    },
    {
        "model": 2,
        "sequence": 18,
        "status": 1,
        "fuel": 7253,
        "fault": 0.3397,
        "weapon": 0,
        "pilot_injury": 0.0198,
        "pilot_skill": 0.8878,
        "mission_priority": 0.0918,
        "estimated_landing_time": 1698.0,
        "wait_time": 0,
        "Landing_success_rate": 1.0
    },
    {
        "model": 1,
        "sequence": 11,
        "status": 1,
        "fuel": 6348,
        "fault": 0.5675,
        "weapon": 1,
        "pilot_injury": 0.5004,
        "pilot_skill": 0.874,
        "mission_priority": 0.8969,
        "estimated_landing_time": 1040.0,
        "wait_time": 0,
        "Landing_success_rate": 1.0
    },
    {
        "model": 2,
        "sequence": 19,
        "status": 1,
        "fuel": 7467,
        "fault": 0.8787,
        "weapon": 0,
        "pilot_injury": 0.053,
        "pilot_skill": 0.1907,
        "mission_priority": 0.6564,
        "estimated_landing_time": 1792.0,
        "wait_time": 0,
        "Landing_success_rate": 1.0
    }
]