[
    {
        "model": 0,
        "sequence": 21,
        "status": 1,
        "fuel": 6366,
        "fault": 0.8122,
        "weapon": 1,
        "pilot_injury": 0.0005,
        "pilot_skill": 0.8661,
        "mission_priority": 0.7326,
        "estimated_landing_time": 1980.0,
        "wait_time": 0,
        "Landing_success_rate": 1.0
    },
    {
        "model": 1,
        "sequence": 5,
        "status": 1,
        "fuel": 6778,
        "fault": 0.8618,
        "weapon": 1,
        "pilot_injury": 0.3646,
        "pilot_skill": 0.1626,
        "mission_priority": 0.0091,
        "estimated_landing_time": 476.0,
        "wait_time": 0,
        "Landing_success_rate": 1.0
    },
    {
        "model": 2,
        "sequence": 1,
        "status": 1,
        "fuel": 6896,
        "fault": 0.3485,
        "weapon": 1,
        "pilot_injury": 0.2127,
        "pilot_skill": 0.867,
        "mission_priority": 0.7252,
        "estimated_landing_time": 100.0,
        "wait_time": 0,
        "Landing_success_rate": 1.0
    },
    {
        "model": 2,
        "sequence": 10,
        "status": 1,
        "fuel": 6780,
        "fault": 0.5561,
        "weapon": 0,
        "pilot_injury": 0.8954,
        "pilot_skill": 0.1183,
        "mission_priority": 0.7228,
        "estimated_landing_time": 946.0,
        "wait_time": 0,
        "Landing_success_rate": 1.0
    },
    {
        "model": 0,
        "sequence": 24,
        "status": 1,
        "fuel": 7129,
        "fault": 0.7924,
        "weapon": 0,
        "pilot_injury": 0.8578,
        "pilot_skill": 0.3601,
        "mission_priority": 0.3164,
        "estimated_landing_time": 2262.0,
        "wait_time": 0,
        "Landing_success_rate": 1.0
    },
    {
        "model": 2,
        "sequence": 2,
        "status": 1,
        "fuel": 5550,
        "fault": 0.3769,
        "weapon": 1,
        "pilot_injury": 0.2036,
        "pilot_skill": 0.5378,
        "mission_priority": 0.6604,
        "estimated_landing_time": 194.0,
        "wait_time": 0,
        "Landing_success_rate": 1.0
    },
    {
        "model": 1,
        "sequence": 17,
        "status": 1,
        "fuel": 6196,
        "fault": 0.5906,
        "weapon": 1,
        "pilot_injury": 0.704,
        "pilot_skill": 0.2661,
        "mission_priority": 0.8077,
        "estimated_landing_time": 1604.0,
        "wait_time": 0,
        "Landing_success_rate": 1.0
    },
    {
        "model": 2,
        "sequence": 20,
        "status": 1,
        "fuel": 6304,
        "fault": 0.703,
        "weapon": 0,
        "pilot_injury": 0.4336,
        "pilot_skill": 0.334,
        "mission_priority": 0.6245,
        "estimated_landing_time": 1886.0,
        "wait_time": 0,
        "Landing_success_rate": 1.0
    },
    {
        "model": 2,
        "sequence": 7,
        "status": 1,
        "fuel": 6278,
        "fault": 0.1524,
        "weapon": 1,
        "pilot_injury": 0.07,
        "pilot_skill": 0.3538,
        "mission_priority": 0.0051,
        "estimated_landing_time": 664.0,
        "wait_time": 0,
        "Landing_success_rate": 1.0
    },
    {
        "model": 2,
        "sequence": 6,
        "status": 1,
        "fuel": 6564,
        "fault": 0.3469,
        "weapon": 0,
        "pilot_injury": 0.3876,
        "pilot_skill": 0.0597,
        "mission_priority": 0.9839,
        "estimated_landing_time": 570.0,
        "wait_time": 0,
        "Landing_success_rate": 1.0
    },
    {
        "model": 1,
        "sequence": 12,
        "status": 1,
        "fuel": 5535,
        "fault": 0.5383,
        "weapon": 0,
        "pilot_injury": 0.7904,
        "pilot_skill": 0.4174,
        "mission_priority": 0.6471,
        "estimated_landing_time": 1134.0,
        "wait_time": 0,
        "Landing_success_rate": 1.0
    },
    {
        "model": 2,
        "sequence": 13,
        "status": 1,
        "fuel": 5839,
        "fault": 0.658,
        "weapon": 0,
        "pilot_injury": 0.0845,
        "pilot_skill": 0.0435,
        "mission_priority": 0.5699,
        "estimated_landing_time": 1228.0,
        "wait_time": 0,
        "Landing_success_rate": 1.0
    },
    {
        "model": 1,
        "sequence": 19,
        "status": 1,
        "fuel": 6675,
        "fault": 0.6766,
        "weapon": 1,
        "pilot_injury": 0.0163,
        "pilot_skill": 0.7485,
        "mission_priority": 0.0424,
        "estimated_landing_time": 1792.0,
        "wait_time": 0,
        "Landing_success_rate": 1.0
    },
    {
        "model": 0,
        "sequence": 8,
        "status": 1,
        "fuel": 6581,
        "fault": 0.182,
        "weapon": 0,
        "pilot_injury": 0.6328,
        "pilot_skill": 0.762,
        "mission_priority": 0.0332,
        "estimated_landing_time": 758.0,
        "wait_time": 0,
        "Landing_success_rate": 1.0
    },
    {
        "model": 1,
        "sequence": 16,
        "status": 1,
        "fuel": 6818,
        "fault": 0.4683,
        "weapon": 1,
        "pilot_injury": 0.2178,
        "pilot_skill": 0.0775,
        "mission_priority": 0.771,
        "estimated_landing_time": 1510.0,
        "wait_time": 0,
        "Landing_success_rate": 1.0
    },
    {
        "model": 1,
        "sequence": 23,
        "status": 1,
        "fuel": 5779,
        "fault": 0.5765,
        "weapon": 0,
        "pilot_injury": 0.8302,
        "pilot_skill": 0.5439,
        "mission_priority": 0.4754,
        "estimated_landing_time": 2168.0,
        "wait_time": 0,
        "Landing_success_rate": 1.0
    },
    {
        "model": 0,
        "sequence": 9,
        "status": 1,
        "fuel": 6346,
        "fault": 0.2521,
        "weapon": 0,
        "pilot_injury": 0.2239,
        "pilot_skill": 0.4441,
        "mission_priority": 0.0854,
        "estimated_landing_time": 852.0,
        "wait_time": 0,
        "Landing_success_rate": 1.0
    },
    {
        "model": 2,
        "sequence": 14,
        "status": 1,
        "fuel": 5696,
        "fault": 0.5493,
        "weapon": 1,
        "pilot_injury": 0.9477,
        "pilot_skill": 0.4745,
        "mission_priority": 0.9245,
        "estimated_landing_time": 1322.0,
        "wait_time": 0,
        "Landing_success_rate": 1.0
    },
    {
        "model": 2,
        "sequence": 18,
        "status": 1,
        "fuel": 6063,
        "fault": 0.3389,
        "weapon": 0,
        "pilot_injury": 0.7511,
        "pilot_skill": 0.9469,
        "mission_priority": 0.6375,
        "estimated_landing_time": 1698.0,
        "wait_time": 0,
        "Landing_success_rate": 1.0
    },
    {
        "model": 0,
        "sequence": 22,
        "status": 1,
        "fuel": 7223,
        "fault": 0.9193,
        "weapon": 1,
        "pilot_injury": 0.1459,
        "pilot_skill": 0.3349,
        "mission_priority": 0.7892,
        "estimated_landing_time": 2074.0,
        "wait_time": 0,
        "Landing_success_rate": 1.0
    },
    {
        "model": 2,
        "sequence": 11,
        "status": 1,
        "fuel": 7269,
        "fault": 0.2643,
        "weapon": 0,
        "pilot_injury": 0.693,
        "pilot_skill": 0.8998,
        "mission_priority": 0.7565,
        "estimated_landing_time": 1040.0,
        "wait_time": 0,
        "Landing_success_rate": 1.0
    },
    {
        "model": 2,
        "sequence": 3,
        "status": 1,
        "fuel": 5591,
        "fault": 0.1954,
        "weapon": 0,
        "pilot_injury": 0.6255,
        "pilot_skill": 0.5868,
        "mission_priority": 0.0737,
        "estimated_landing_time": 288.0,
        "wait_time": 0,
        "Landing_success_rate": 1.0
    },
    {
        "model": 0,
        "sequence": 15,
        "status": 1,
        "fuel": 5592,
        "fault": 0.0054,
        "weapon": 0,
        "pilot_injury": 0.4369,
        "pilot_skill": 0.7042,
        "mission_priority": 0.9037,
        "estimated_landing_time": 1416.0,
        "wait_time": 0,
        "Landing_success_rate": 1.0
    },
    {
        "model": 2,
        "sequence": 4,
        "status": 1,
        "fuel": 6707,
        "fault": 0.6612,
        "weapon": 0,
        "pilot_injury": 0.0542,
        "pilot_skill": 0.7977,
        "mission_priority": 0.0327,
        "estimated_landing_time": 382.0,
        "wait_time": 0,
        "Landing_success_rate": 1.0
    }
]