[
    {
        "model": 1,
        "sequence": 3,
        "status": 1,
        "fuel": 6851,
        "fault": 0.9369,
        "weapon": 1,
        "pilot_injury": 0.2595,
        "pilot_skill": 0.8473,
        "mission_priority": 0.6928,
        "estimated_landing_time": 288.0,
        "wait_time": 0,
        "Landing_success_rate": 1.0
    },
    {
        "model": 2,
        "sequence": 4,
        "status": 1,
        "fuel": 5679,
        "fault": 0.1942,
        "weapon": 1,
        "pilot_injury": 0.239,
        "pilot_skill": 0.6398,
        "mission_priority": 0.2368,
        "estimated_landing_time": 382.0,
        "wait_time": 0,
        "Landing_success_rate": 1.0
    },
    {
        "model": 0,
        "sequence": 20,
        "status": 1,
        "fuel": 7478,
        "fault": 0.2555,
        "weapon": 1,
        "pilot_injury": 0.694,
        "pilot_skill": 0.3775,
        "mission_priority": 0.2064,
        "estimated_landing_time": 1886.0,
        "wait_time": 0,
        "Landing_success_rate": 1.0
    },
    {
        "model": 2,
        "sequence": 22,
        "status": 1,
        "fuel": 6310,
        "fault": 0.1013,
        "weapon": 1,
        "pilot_injury": 0.9054,
        "pilot_skill": 0.2688,
        "mission_priority": 0.6555,
        "estimated_landing_time": 2074.0,
        "wait_time": 0,
        "Landing_success_rate": 1.0
    },
    {
        "model": 2,
        "sequence": 9,
        "status": 1,
        "fuel": 5578,
        "fault": 0.8628,
        "weapon": 1,
        "pilot_injury": 0.027,
        "pilot_skill": 0.7962,
        "mission_priority": 0.8794,
        "estimated_landing_time": 852.0,
        "wait_time": 0,
        "Landing_success_rate": 1.0
    },
    {
        "model": 0,
        "sequence": 8,
        "status": 1,
        "fuel": 7419,
        "fault": 0.3875,
        "weapon": 1,
        "pilot_injury": 0.087,
        "pilot_skill": 0.2212,
        "mission_priority": 0.496,
        "estimated_landing_time": 758.0,
        "wait_time": 0,
        "Landing_success_rate": 1.0
    },
    {
        "model": 0,
        "sequence": 16,
        "status": 1,
        "fuel": 7064,
        "fault": 0.7679,
        "weapon": 1,
        "pilot_injury": 0.4073,
        "pilot_skill": 0.6331,
        "mission_priority": 0.9096,
        "estimated_landing_time": 1510.0,
        "wait_time": 0,
        "Landing_success_rate": 1.0
    },
    {
        "model": 1,
        "sequence": 2,
        "status": 1,
        "fuel": 7392,
        "fault": 0.6607,
        "weapon": 0,
        "pilot_injury": 0.9669,
        "pilot_skill": 0.267,
        "mission_priority": 0.3635,
        "estimated_landing_time": 194.0,
        "wait_time": 0,
        "Landing_success_rate": 1.0
    },
    {
        "model": 1,
        "sequence": 24,
        "status": 1,
        "fuel": 6016,
        "fault": 0.1723,
        "weapon": 0,
        "pilot_injury": 0.5459,
        "pilot_skill": 0.5163,
        "mission_priority": 0.0152,
        "estimated_landing_time": 2262.0,
        "wait_time": 0,
        "Landing_success_rate": 1.0
    },
    {
        "model": 2,
        "sequence": 10,
        "status": 1,
        "fuel": 6516,
        "fault": 0.0516,
        "weapon": 1,
        "pilot_injury": 0.4823,
        "pilot_skill": 0.5076,
        "mission_priority": 0.6502,
        "estimated_landing_time": 946.0,
        "wait_time": 0,
        "Landing_success_rate": 1.0
    },
    {
        "model": 0,
        "sequence": 18,
        "status": 1,
        "fuel": 5929,
        "fault": 0.6218,
        "weapon": 0,
        "pilot_injury": 0.0808,
        "pilot_skill": 0.2679,
        "mission_priority": 0.6938,
        "estimated_landing_time": 1698.0,
        "wait_time": 0,
        "Landing_success_rate": 1.0
    },
    {
        "model": 2,
        "sequence": 12,
        "status": 1,
        "fuel": 7367,
        "fault": 0.0538,
        "weapon": 0,
        "pilot_injury": 0.7748,
        "pilot_skill": 0.9704,
        "mission_priority": 0.4731,
        "estimated_landing_time": 1134.0,
        "wait_time": 0,
        "Landing_success_rate": 1.0
    },
    {
        "model": 1,
        "sequence": 23,
        "status": 1,
        "fuel": 7378,
        "fault": 0.2381,
        "weapon": 0,
        "pilot_injury": 0.2052,
        "pilot_skill": 0.3112,
        "mission_priority": 0.188,
        "estimated_landing_time": 2168.0,
        "wait_time": 0,
        "Landing_success_rate": 1.0
    },
    {
        "model": 2,
        "sequence": 1,
        "status": 1,
        "fuel": 7403,
        "fault": 0.3578,
        "weapon": 0,
        "pilot_injury": 0.4091,
        "pilot_skill": 0.3741,
        "mission_priority": 0.878,
        "estimated_landing_time": 100.0,
        "wait_time": 0,
        "Landing_success_rate": 1.0
    },
    {
        "model": 0,
        "sequence": 15,
        "status": 1,
        "fuel": 6388,
        "fault": 0.4595,
        "weapon": 0,
        "pilot_injury": 0.0047,
        "pilot_skill": 0.9169,
        "mission_priority": 0.6367,
        "estimated_landing_time": 1416.0,
        "wait_time": 0,
        "Landing_success_rate": 1.0
    },
    {
        "model": 2,
        "sequence": 14,
        "status": 1,
        "fuel": 7095,
        "fault": 0.5237,
        "weapon": 0,
        "pilot_injury": 0.8155,
        "pilot_skill": 0.0844,
        "mission_priority": 0.7105,
        "estimated_landing_time": 1322.0,
        "wait_time": 0,
        "Landing_success_rate": 1.0
    },
    {
        "model": 2,
        "sequence": 19,
        "status": 1,
        "fuel": 6114,
        "fault": 0.1934,
        "weapon": 0,
        "pilot_injury": 0.9857,
        "pilot_skill": 0.1805,
        "mission_priority": 0.2562,
        "estimated_landing_time": 1792.0,
        "wait_time": 0,
        "Landing_success_rate": 1.0
    },
    {
        "model": 0,
        "sequence": 11,
        "status": 1,
        "fuel": 7190,
        "fault": 0.4741,
        "weapon": 0,
        "pilot_injury": 0.4885,
        "pilot_skill": 0.1601,
        "mission_priority": 0.0278,
        "estimated_landing_time": 1040.0,
        "wait_time": 0,
        "Landing_success_rate": 1.0
    },
    {
        "model": 0,
        "sequence": 5,
        "status": 1,
        "fuel": 6251,
        "fault": 0.311,
        "weapon": 1,
        "pilot_injury": 0.3829,
        "pilot_skill": 0.665,
        "mission_priority": 0.4487,
        "estimated_landing_time": 476.0,
        "wait_time": 0,
        "Landing_success_rate": 1.0
    },
    {
        "model": 0,
        "sequence": 7,
        "status": 1,
        "fuel": 7383,
        "fault": 0.8964,
        "weapon": 0,
        "pilot_injury": 0.7007,
        "pilot_skill": 0.2129,
        "mission_priority": 0.9351,
        "estimated_landing_time": 664.0,
        "wait_time": 0,
        "Landing_success_rate": 1.0
    },
    {
        "model": 1,
        "sequence": 13,
        "status": 1,
        "fuel": 5727,
        "fault": 0.5409,
        "weapon": 1,
        "pilot_injury": 0.3805,
        "pilot_skill": 0.0689,
        "mission_priority": 0.4825,
        "estimated_landing_time": 1228.0,
        "wait_time": 0,
        "Landing_success_rate": 1.0
    },
    {
        "model": 2,
        "sequence": 6,
        "status": 1,
        "fuel": 6302,
        "fault": 0.7308,
        "weapon": 1,
        "pilot_injury": 0.5453,
        "pilot_skill": 0.326,
        "mission_priority": 0.5748,
        "estimated_landing_time": 570.0,
        "wait_time": 0,
        "Landing_success_rate": 1.0
    },
    {
        "model": 2,
        "sequence": 21,
        "status": 1,
        "fuel": 6178,
        "fault": 0.7748,
        "weapon": 0,
        "pilot_injury": 0.5207,
        "pilot_skill": 0.9824,
        "mission_priority": 0.401,
        "estimated_landing_time": 1980.0,
        "wait_time": 0,
        "Landing_success_rate": 1.0
    },
    {
        "model": 0,
        "sequence": 17,
        "status": 1,
        "fuel": 5916,
        "fault": 0.0572,
        "weapon": 1,
        "pilot_injury": 0.1477,
        "pilot_skill": 0.7547,
        "mission_priority": 0.6725,
        "estimated_landing_time": 1604.0,
        "wait_time": 0,
        "Landing_success_rate": 1.0
    }
]