[
    {
        "model": 0,
        "sequence": 9,
        "status": 1,
        "fuel": 7406,
        "fault": 0.6953,
        "weapon": 0,
        "pilot_injury": 0.0143,
        "pilot_skill": 0.4248,
        "mission_priority": 0.9166,
        "estimated_landing_time": 852.0,
        "wait_time": 0,
        "Landing_success_rate": 1.0
    },
    {
        "model": 2,
        "sequence": 8,
        "status": 1,
        "fuel": 5910,
        "fault": 0.2748,
        "weapon": 0,
        "pilot_injury": 0.3135,
        "pilot_skill": 0.9661,
        "mission_priority": 0.1682,
        "estimated_landing_time": 758.0,
        "wait_time": 0,
        "Landing_success_rate": 1.0
    },
    {
        "model": 1,
        "sequence": 22,
        "status": 1,
        "fuel": 5844,
        "fault": 0.0085,
        "weapon": 1,
        "pilot_injury": 0.1263,
        "pilot_skill": 0.4235,
        "mission_priority": 0.0393,
        "estimated_landing_time": 2074.0,
        "wait_time": 0,
        "Landing_success_rate": 1.0
    },
    {
        "model": 2,
        "sequence": 6,
        "status": 1,
        "fuel": 6558,
        "fault": 0.1171,
        "weapon": 0,
        "pilot_injury": 0.6338,
        "pilot_skill": 0.8705,
        "mission_priority": 0.8183,
        "estimated_landing_time": 570.0,
        "wait_time": 0,
        "Landing_success_rate": 1.0
    },
    {
        "model": 1,
        "sequence": 24,
        "status": 1,
        "fuel": 5946,
        "fault": 0.5488,
        "weapon": 0,
        "pilot_injury": 0.1937,
        "pilot_skill": 0.3665,
        "mission_priority": 0.512,
        "estimated_landing_time": 2262.0,
        "wait_time": 0,
        "Landing_success_rate": 1.0
    },
    {
        "model": 2,
        "sequence": 7,
        "status": 1,
        "fuel": 5723,
        "fault": 0.6032,
        "weapon": 0,
        "pilot_injury": 0.8068,
        "pilot_skill": 0.799,
        "mission_priority": 0.3611,
        "estimated_landing_time": 664.0,
        "wait_time": 0,
        "Landing_success_rate": 1.0
    },
    {
        "model": 1,
        "sequence": 2,
        "status": 1,
        "fuel": 5640,
        "fault": 0.3219,
        "weapon": 0,
        "pilot_injury": 0.3752,
        "pilot_skill": 0.3083,
        "mission_priority": 0.7888,
        "estimated_landing_time": 194.0,
        "wait_time": 0,
        "Landing_success_rate": 1.0
    },
    {
        "model": 0,
        "sequence": 14,
        "status": 1,
        "fuel": 6081,
        "fault": 0.907,
        "weapon": 0,
        "pilot_injury": 0.0217,
        "pilot_skill": 0.842,
        "mission_priority": 0.0898,
        "estimated_landing_time": 1322.0,
        "wait_time": 0,
        "Landing_success_rate": 1.0
    },
    {
        "model": 0,
        "sequence": 11,
        "status": 1,
        "fuel": 6661,
        "fault": 0.6013,
        "weapon": 0,
        "pilot_injury": 0.916,
        "pilot_skill": 0.5145,
        "mission_priority": 0.194,
        "estimated_landing_time": 1040.0,
        "wait_time": 0,
        "Landing_success_rate": 1.0
    },
    {
        "model": 2,
        "sequence": 5,
        "status": 1,
        "fuel": 6949,
        "fault": 0.3907,
        "weapon": 1,
        "pilot_injury": 0.2221,
        "pilot_skill": 0.8151,
        "mission_priority": 0.7569,
        "estimated_landing_time": 476.0,
        "wait_time": 0,
        "Landing_success_rate": 1.0
    },
    {
        "model": 0,
        "sequence": 10,
        "status": 1,
        "fuel": 6855,
        "fault": 0.3609,
        "weapon": 1,
        "pilot_injury": 0.3018,
        "pilot_skill": 0.6499,
        "mission_priority": 0.9613,
        "estimated_landing_time": 946.0,
        "wait_time": 0,
        "Landing_success_rate": 1.0
    },
    {
        "model": 2,
        "sequence": 19,
        "status": 1,
        "fuel": 6058,
        "fault": 0.7457,
        "weapon": 1,
        "pilot_injury": 0.0757,
        "pilot_skill": 0.7849,
        "mission_priority": 0.0387,
        "estimated_landing_time": 1792.0,
        "wait_time": 0,
        "Landing_success_rate": 1.0
    },
    {
        "model": 2,
        "sequence": 3,
        "status": 1,
        "fuel": 5846,
        "fault": 0.4927,
        "weapon": 0,
        "pilot_injury": 0.5729,
        "pilot_skill": 0.9922,
        "mission_priority": 0.0906,
        "estimated_landing_time": 288.0,
        "wait_time": 0,
        "Landing_success_rate": 1.0
    },
    {
        "model": 0,
        "sequence": 17,
        "status": 1,
        "fuel": 5678,
        "fault": 0.634,
        "weapon": 0,
        "pilot_injury": 0.8231,
        "pilot_skill": 0.6896,
        "mission_priority": 0.8077,
        "estimated_landing_time": 1604.0,
        "wait_time": 0,
        "Landing_success_rate": 1.0
    },
    {
        "model": 1,
        "sequence": 18,
        "status": 1,
        "fuel": 7388,
        "fault": 0.0858,
        "weapon": 0,
        "pilot_injury": 0.6187,
        "pilot_skill": 0.9009,
        "mission_priority": 0.5508,
        "estimated_landing_time": 1698.0,
        "wait_time": 0,
        "Landing_success_rate": 1.0
    },
    {
        "model": 2,
        "sequence": 15,
        "status": 1,
        "fuel": 7170,
        "fault": 0.5503,
        "weapon": 0,
        "pilot_injury": 0.5961,
        "pilot_skill": 0.6278,
        "mission_priority": 0.7534,
        "estimated_landing_time": 1416.0,
        "wait_time": 0,
        "Landing_success_rate": 1.0
    },
    {
        "model": 1,
        "sequence": 12,
        "status": 1,
        "fuel": 6535,
        "fault": 0.0192,
        "weapon": 0,
        "pilot_injury": 0.5819,
        "pilot_skill": 0.2979,
        "mission_priority": 0.0873,
        "estimated_landing_time": 1134.0,
        "wait_time": 0,
        "Landing_success_rate": 1.0
    },
    {
        "model": 1,
        "sequence": 4,
        "status": 1,
        "fuel": 7018,
        "fault": 0.5205,
        "weapon": 1,
        "pilot_injury": 0.6317,
        "pilot_skill": 0.9885,
        "mission_priority": 0.0876,
        "estimated_landing_time": 382.0,
        "wait_time": 0,
        "Landing_success_rate": 1.0
    },
    {
        "model": 0,
        "sequence": 13,
        "status": 1,
        "fuel": 7397,
        "fault": 0.9558,
        "weapon": 1,
        "pilot_injury": 0.0969,
        "pilot_skill": 0.8327,
        "mission_priority": 0.0003,
        "estimated_landing_time": 1228.0,
        "wait_time": 0,
        "Landing_success_rate": 1.0
    },
    {
        "model": 2,
        "sequence": 23,
        "status": 1,
        "fuel": 7244,
        "fault": 0.0885,
        "weapon": 0,
        "pilot_injury": 0.922,
        "pilot_skill": 0.8646,
        "mission_priority": 0.5396,
        "estimated_landing_time": 2168.0,
        "wait_time": 0,
        "Landing_success_rate": 1.0
    },
    {
        "model": 0,
        "sequence": 1,
        "status": 1,
        "fuel": 6566,
        "fault": 0.4042,
        "weapon": 0,
        "pilot_injury": 0.1351,
        "pilot_skill": 0.3693,
        "mission_priority": 0.5375,
        "estimated_landing_time": 100.0,
        "wait_time": 0,
        "Landing_success_rate": 1.0
    },
    {
        "model": 2,
        "sequence": 21,
        "status": 1,
        "fuel": 6047,
        "fault": 0.364,
        "weapon": 0,
        "pilot_injury": 0.6652,
        "pilot_skill": 0.6799,
        "mission_priority": 0.8776,
        "estimated_landing_time": 1980.0,
        "wait_time": 0,
        "Landing_success_rate": 1.0
    },
    {
        "model": 1,
        "sequence": 20,
        "status": 1,
        "fuel": 7054,
        "fault": 0.9359,
        "weapon": 0,
        "pilot_injury": 0.02,
        "pilot_skill": 0.2078,
        "mission_priority": 0.9304,
        "estimated_landing_time": 1886.0,
        "wait_time": 0,
        "Landing_success_rate": 1.0
    },
    {
        "model": 2,
        "sequence": 16,
        "status": 1,
        "fuel": 5961,
        "fault": 0.0984,
        "weapon": 0,
        "pilot_injury": 0.9742,
        "pilot_skill": 0.8699,
        "mission_priority": 0.0647,
        "estimated_landing_time": 1510.0,
        "wait_time": 0,
        "Landing_success_rate": 1.0
    }
]