[
    {
        "model": 0,
        "sequence": 21,
        "status": 1,
        "fuel": 6993,
        "fault": 0.5729,
        "weapon": 1,
        "pilot_injury": 0.3112,
        "pilot_skill": 0.8304,
        "mission_priority": 0.8247,
        "estimated_landing_time": 1980.0,
        "wait_time": 0,
        "Landing_success_rate": 1.0
    },
    {
        "model": 2,
        "sequence": 13,
        "status": 1,
        "fuel": 6657,
        "fault": 0.0401,
        "weapon": 0,
        "pilot_injury": 0.5018,
        "pilot_skill": 0.4143,
        "mission_priority": 0.5359,
        "estimated_landing_time": 1228.0,
        "wait_time": 0,
        "Landing_success_rate": 1.0
    },
    {
        "model": 0,
        "sequence": 8,
        "status": 1,
        "fuel": 7036,
        "fault": 0.1132,
        "weapon": 0,
        "pilot_injury": 0.6856,
        "pilot_skill": 0.0625,
        "mission_priority": 0.9673,
        "estimated_landing_time": 758.0,
        "wait_time": 0,
        "Landing_success_rate": 1.0
    },
    {
        "model": 0,
        "sequence": 24,
        "status": 1,
        "fuel": 7075,
        "fault": 0.4835,
        "weapon": 0,
        "pilot_injury": 0.4706,
        "pilot_skill": 0.041,
        "mission_priority": 0.5484,
        "estimated_landing_time": 2262.0,
        "wait_time": 0,
        "Landing_success_rate": 1.0
    },
    {
        "model": 2,
        "sequence": 3,
        "status": 1,
        "fuel": 5956,
        "fault": 0.4217,
        "weapon": 1,
        "pilot_injury": 0.3262,
        "pilot_skill": 0.5588,
        "mission_priority": 0.7768,
        "estimated_landing_time": 288.0,
        "wait_time": 0,
        "Landing_success_rate": 1.0
    },
    {
        "model": 1,
        "sequence": 11,
        "status": 1,
        "fuel": 7302,
        "fault": 0.9839,
        "weapon": 1,
        "pilot_injury": 0.3667,
        "pilot_skill": 0.3782,
        "mission_priority": 0.0941,
        "estimated_landing_time": 1040.0,
        "wait_time": 0,
        "Landing_success_rate": 1.0
    },
    {
        "model": 1,
        "sequence": 9,
        "status": 1,
        "fuel": 6338,
        "fault": 0.3703,
        "weapon": 0,
        "pilot_injury": 0.3013,
        "pilot_skill": 0.3303,
        "mission_priority": 0.4306,
        "estimated_landing_time": 852.0,
        "wait_time": 0,
        "Landing_success_rate": 1.0
    },
    {
        "model": 2,
        "sequence": 2,
        "status": 1,
        "fuel": 6481,
        "fault": 0.8151,
        "weapon": 1,
        "pilot_injury": 0.9745,
        "pilot_skill": 0.5907,
        "mission_priority": 0.8055,
        "estimated_landing_time": 194.0,
        "wait_time": 0,
        "Landing_success_rate": 1.0
    },
    {
        "model": 2,
        "sequence": 4,
        "status": 1,
        "fuel": 6356,
        "fault": 0.6136,
        "weapon": 1,
        "pilot_injury": 0.6699,
        "pilot_skill": 0.4179,
        "mission_priority": 0.5673,
        "estimated_landing_time": 382.0,
        "wait_time": 0,
        "Landing_success_rate": 1.0
    },
    {
        "model": 2,
        "sequence": 6,
        "status": 1,
        "fuel": 6129,
        "fault": 0.8107,
        "weapon": 0,
        "pilot_injury": 0.5143,
        "pilot_skill": 0.8043,
        "mission_priority": 0.9025,
        "estimated_landing_time": 570.0,
        "wait_time": 0,
        "Landing_success_rate": 1.0
    },
    {
        "model": 0,
        "sequence": 22,
        "status": 1,
        "fuel": 6264,
        "fault": 0.0324,
        "weapon": 1,
        "pilot_injury": 0.95,
        "pilot_skill": 0.9179,
        "mission_priority": 0.8344,
        "estimated_landing_time": 2074.0,
        "wait_time": 0,
        "Landing_success_rate": 1.0
    },
    {
        "model": 1,
        "sequence": 5,
        "status": 1,
        "fuel": 6367,
        "fault": 0.2474,
        "weapon": 0,
        "pilot_injury": 0.1483,
        "pilot_skill": 0.9269,
        "mission_priority": 0.7489,
        "estimated_landing_time": 476.0,
        "wait_time": 0,
        "Landing_success_rate": 1.0
    },
    {
        "model": 2,
        "sequence": 19,
        "status": 1,
        "fuel": 5934,
        "fault": 0.6736,
        "weapon": 1,
        "pilot_injury": 0.1947,
        "pilot_skill": 0.6416,
        "mission_priority": 0.6094,
        "estimated_landing_time": 1792.0,
        "wait_time": 0,
        "Landing_success_rate": 1.0
    },
    {
        "model": 0,
        "sequence": 23,
        "status": 1,
        "fuel": 6126,
        "fault": 0.2411,
        "weapon": 1,
        "pilot_injury": 0.2354,
        "pilot_skill": 0.6771,
        "mission_priority": 0.4182,
        "estimated_landing_time": 2168.0,
        "wait_time": 0,
        "Landing_success_rate": 1.0
    },
    {
        "model": 1,
        "sequence": 14,
        "status": 1,
        "fuel": 5785,
        "fault": 0.5107,
        "weapon": 0,
        "pilot_injury": 0.5014,
        "pilot_skill": 0.7056,
        "mission_priority": 0.1969,
        "estimated_landing_time": 1322.0,
        "wait_time": 0,
        "Landing_success_rate": 1.0
    },
    {
        "model": 0,
        "sequence": 7,
        "status": 1,
        "fuel": 5613,
        "fault": 0.6728,
        "weapon": 1,
        "pilot_injury": 0.5909,
        "pilot_skill": 0.4934,
        "mission_priority": 0.5212,
        "estimated_landing_time": 664.0,
        "wait_time": 0,
        "Landing_success_rate": 1.0
    },
    {
        "model": 2,
        "sequence": 1,
        "status": 1,
        "fuel": 7005,
        "fault": 0.9446,
        "weapon": 0,
        "pilot_injury": 0.2142,
        "pilot_skill": 0.158,
        "mission_priority": 0.93,
        "estimated_landing_time": 100.0,
        "wait_time": 0,
        "Landing_success_rate": 1.0
    },
    {
        "model": 2,
        "sequence": 12,
        "status": 1,
        "fuel": 6568,
        "fault": 0.7852,
        "weapon": 1,
        "pilot_injury": 0.7725,
        "pilot_skill": 0.3819,
        "mission_priority": 0.254,
        "estimated_landing_time": 1134.0,
        "wait_time": 0,
        "Landing_success_rate": 1.0
    },
    {
        "model": 2,
        "sequence": 20,
        "status": 1,
        "fuel": 6348,
        "fault": 0.0549,
        "weapon": 0,
        "pilot_injury": 0.254,
        "pilot_skill": 0.8909,
        "mission_priority": 0.721,
        "estimated_landing_time": 1886.0,
        "wait_time": 0,
        "Landing_success_rate": 1.0
    },
    {
        "model": 2,
        "sequence": 17,
        "status": 1,
        "fuel": 6403,
        "fault": 0.8213,
        "weapon": 0,
        "pilot_injury": 0.1282,
        "pilot_skill": 0.9241,
        "mission_priority": 0.6014,
        "estimated_landing_time": 1604.0,
        "wait_time": 0,
        "Landing_success_rate": 1.0
    },
    {
        "model": 2,
        "sequence": 15,
        "status": 1,
        "fuel": 7341,
        "fault": 0.186,
        "weapon": 1,
        "pilot_injury": 0.4724,
        "pilot_skill": 0.255,
        "mission_priority": 0.613,
        "estimated_landing_time": 1416.0,
        "wait_time": 0,
        "Landing_success_rate": 1.0
    },
    {
        "model": 2,
        "sequence": 18,
        "status": 1,
        "fuel": 5853,
        "fault": 0.6754,
        "weapon": 0,
        "pilot_injury": 0.0721,
        "pilot_skill": 0.2547,
        "mission_priority": 0.7767,
        "estimated_landing_time": 1698.0,
        "wait_time": 0,
        "Landing_success_rate": 1.0
    },
    {
        "model": 0,
        "sequence": 16,
        "status": 1,
        "fuel": 7169,
        "fault": 0.937,
        "weapon": 1,
        "pilot_injury": 0.1847,
        "pilot_skill": 0.3671,
        "mission_priority": 0.0629,
        "estimated_landing_time": 1510.0,
        "wait_time": 0,
        "Landing_success_rate": 1.0
    },
    {
        "model": 1,
        "sequence": 10,
        "status": 1,
        "fuel": 6707,
        "fault": 0.255,
        "weapon": 0,
        "pilot_injury": 0.8587,
        "pilot_skill": 0.43,
        "mission_priority": 0.6367,
        "estimated_landing_time": 946.0,
        "wait_time": 0,
        "Landing_success_rate": 1.0
    }
]