[
    {
        "model": 0,
        "sequence": 4,
        "status": 1,
        "fuel": 6438,
        "fault": 0.7724,
        "weapon": 1,
        "pilot_injury": 0.7579,
        "pilot_skill": 0.0814,
        "mission_priority": 0.7363,
        "estimated_landing_time": 382.0,
        "wait_time": 0,
        "Landing_success_rate": 1.0
    },
    {
        "model": 1,
        "sequence": 22,
        "status": 1,
        "fuel": 7332,
        "fault": 0.5708,
        "weapon": 1,
        "pilot_injury": 0.2032,
        "pilot_skill": 0.9721,
        "mission_priority": 0.6591,
        "estimated_landing_time": 2074.0,
        "wait_time": 0,
        "Landing_success_rate": 1.0
    },
    {
        "model": 0,
        "sequence": 20,
        "status": 1,
        "fuel": 5633,
        "fault": 0.8619,
        "weapon": 1,
        "pilot_injury": 0.9249,
        "pilot_skill": 0.5549,
        "mission_priority": 0.3487,
        "estimated_landing_time": 1886.0,
        "wait_time": 0,
        "Landing_success_rate": 1.0
    },
    {
        "model": 2,
        "sequence": 8,
        "status": 1,
        "fuel": 6103,
        "fault": 0.4707,
        "weapon": 1,
        "pilot_injury": 0.6437,
        "pilot_skill": 0.9565,
        "mission_priority": 0.8459,
        "estimated_landing_time": 758.0,
        "wait_time": 0,
        "Landing_success_rate": 1.0
    },
    {
        "model": 2,
        "sequence": 6,
        "status": 1,
        "fuel": 5666,
        "fault": 0.3061,
        "weapon": 1,
        "pilot_injury": 0.8265,
        "pilot_skill": 0.0534,
        "mission_priority": 0.9953,
        "estimated_landing_time": 570.0,
        "wait_time": 0,
        "Landing_success_rate": 1.0
    },
    {
        "model": 2,
        "sequence": 1,
        "status": 1,
        "fuel": 6650,
        "fault": 0.8979,
        "weapon": 1,
        "pilot_injury": 0.8113,
        "pilot_skill": 0.6974,
        "mission_priority": 0.2058,
        "estimated_landing_time": 100.0,
        "wait_time": 0,
        "Landing_success_rate": 1.0
    },
    {
        "model": 2,
        "sequence": 13,
        "status": 1,
        "fuel": 5557,
        "fault": 0.586,
        "weapon": 0,
        "pilot_injury": 0.1897,
        "pilot_skill": 0.8287,
        "mission_priority": 0.0671,
        "estimated_landing_time": 1228.0,
        "wait_time": 0,
        "Landing_success_rate": 1.0
    },
    {
        "model": 2,
        "sequence": 2,
        "status": 1,
        "fuel": 6254,
        "fault": 0.4527,
        "weapon": 0,
        "pilot_injury": 0.9249,
        "pilot_skill": 0.8985,
        "mission_priority": 0.7203,
        "estimated_landing_time": 194.0,
        "wait_time": 0,
        "Landing_success_rate": 1.0
    },
    {
        "model": 0,
        "sequence": 9,
        "status": 1,
        "fuel": 5587,
        "fault": 0.7947,
        "weapon": 0,
        "pilot_injury": 0.6748,
        "pilot_skill": 0.9969,
        "mission_priority": 0.7361,
        "estimated_landing_time": 852.0,
        "wait_time": 0,
        "Landing_success_rate": 1.0
    },
    {
        "model": 1,
        "sequence": 5,
        "status": 1,
        "fuel": 7463,
        "fault": 0.3426,
        "weapon": 0,
        "pilot_injury": 0.9981,
        "pilot_skill": 0.6145,
        "mission_priority": 0.9049,
        "estimated_landing_time": 476.0,
        "wait_time": 0,
        "Landing_success_rate": 1.0
    },
    {
        "model": 0,
        "sequence": 16,
        "status": 1,
        "fuel": 5882,
        "fault": 0.0562,
        "weapon": 0,
        "pilot_injury": 0.9928,
        "pilot_skill": 0.0666,
        "mission_priority": 0.947,
        "estimated_landing_time": 1510.0,
        "wait_time": 0,
        "Landing_success_rate": 1.0
    },
    {
        "model": 2,
        "sequence": 12,
        "status": 1,
        "fuel": 6941,
        "fault": 0.4179,
        "weapon": 0,
        "pilot_injury": 0.2889,
        "pilot_skill": 0.7936,
        "mission_priority": 0.0277,
        "estimated_landing_time": 1134.0,
        "wait_time": 0,
        "Landing_success_rate": 1.0
    },
    {
        "model": 0,
        "sequence": 19,
        "status": 1,
        "fuel": 7229,
        "fault": 0.1051,
        "weapon": 1,
        "pilot_injury": 0.2273,
        "pilot_skill": 0.7607,
        "mission_priority": 0.6757,
        "estimated_landing_time": 1792.0,
        "wait_time": 0,
        "Landing_success_rate": 1.0
    },
    {
        "model": 0,
        "sequence": 17,
        "status": 1,
        "fuel": 5558,
        "fault": 0.8122,
        "weapon": 0,
        "pilot_injury": 0.7681,
        "pilot_skill": 0.0745,
        "mission_priority": 0.043,
        "estimated_landing_time": 1604.0,
        "wait_time": 0,
        "Landing_success_rate": 1.0
    },
    {
        "model": 0,
        "sequence": 15,
        "status": 1,
        "fuel": 6872,
        "fault": 0.8364,
        "weapon": 0,
        "pilot_injury": 0.2688,
        "pilot_skill": 0.0017,
        "mission_priority": 0.3409,
        "estimated_landing_time": 1416.0,
        "wait_time": 0,
        "Landing_success_rate": 1.0
    },
    {
        "model": 0,
        "sequence": 11,
        "status": 1,
        "fuel": 7427,
        "fault": 0.2614,
        "weapon": 0,
        "pilot_injury": 0.7811,
        "pilot_skill": 0.0809,
        "mission_priority": 0.7708,
        "estimated_landing_time": 1040.0,
        "wait_time": 0,
        "Landing_success_rate": 1.0
    },
    {
        "model": 2,
        "sequence": 24,
        "status": 1,
        "fuel": 6391,
        "fault": 0.6368,
        "weapon": 1,
        "pilot_injury": 0.3705,
        "pilot_skill": 0.6935,
        "mission_priority": 0.4845,
        "estimated_landing_time": 2262.0,
        "wait_time": 0,
        "Landing_success_rate": 1.0
    },
    {
        "model": 0,
        "sequence": 21,
        "status": 1,
        "fuel": 6004,
        "fault": 0.5472,
        "weapon": 1,
        "pilot_injury": 0.0159,
        "pilot_skill": 0.5052,
        "mission_priority": 0.039,
        "estimated_landing_time": 1980.0,
        "wait_time": 0,
        "Landing_success_rate": 1.0
    },
    {
        "model": 0,
        "sequence": 7,
        "status": 1,
        "fuel": 6664,
        "fault": 0.441,
        "weapon": 0,
        "pilot_injury": 0.8947,
        "pilot_skill": 0.966,
        "mission_priority": 0.6511,
        "estimated_landing_time": 664.0,
        "wait_time": 0,
        "Landing_success_rate": 1.0
    },
    {
        "model": 0,
        "sequence": 10,
        "status": 1,
        "fuel": 6950,
        "fault": 0.5869,
        "weapon": 0,
        "pilot_injury": 0.0016,
        "pilot_skill": 0.7681,
        "mission_priority": 0.0412,
        "estimated_landing_time": 946.0,
        "wait_time": 0,
        "Landing_success_rate": 1.0
    },
    {
        "model": 2,
        "sequence": 14,
        "status": 1,
        "fuel": 7060,
        "fault": 0.7218,
        "weapon": 1,
        "pilot_injury": 0.25,
        "pilot_skill": 0.0897,
        "mission_priority": 0.6858,
        "estimated_landing_time": 1322.0,
        "wait_time": 0,
        "Landing_success_rate": 1.0
    },
    {
        "model": 0,
        "sequence": 18,
        "status": 1,
        "fuel": 6169,
        "fault": 0.0772,
        "weapon": 1,
        "pilot_injury": 0.321,
        "pilot_skill": 0.9221,
        "mission_priority": 0.0349,
        "estimated_landing_time": 1698.0,
        "wait_time": 0,
        "Landing_success_rate": 1.0
    },
    {
        "model": 1,
        "sequence": 3,
        "status": 1,
        "fuel": 7054,
        "fault": 0.5294,
        "weapon": 1,
        "pilot_injury": 0.5976,
        "pilot_skill": 0.3916,
        "mission_priority": 0.4815,
        "estimated_landing_time": 288.0,
        "wait_time": 0,
        "Landing_success_rate": 1.0
    },
    {
        "model": 2,
        "sequence": 23,
        "status": 1,
        "fuel": 5732,
        "fault": 0.7083,
        "weapon": 1,
        "pilot_injury": 0.3763,
        "pilot_skill": 0.2758,
        "mission_priority": 0.4505,
        "estimated_landing_time": 2168.0,
        "wait_time": 0,
        "Landing_success_rate": 1.0
    }
]