[
    {
        "model": 2,
        "sequence": 19,
        "status": 1,
        "fuel": 6451,
        "fault": 0.0722,
        "weapon": 0,
        "pilot_injury": 0.4272,
        "pilot_skill": 0.4002,
        "mission_priority": 0.0845,
        "estimated_landing_time": 1792.0,
        "wait_time": 0,
        "Landing_success_rate": 1.0
    },
    {
        "model": 1,
        "sequence": 9,
        "status": 1,
        "fuel": 7190,
        "fault": 0.8178,
        "weapon": 0,
        "pilot_injury": 0.1712,
        "pilot_skill": 0.0729,
        "mission_priority": 0.9649,
        "estimated_landing_time": 852.0,
        "wait_time": 0,
        "Landing_success_rate": 1.0
    },
    {
        "model": 1,
        "sequence": 24,
        "status": 1,
        "fuel": 7331,
        "fault": 0.5269,
        "weapon": 0,
        "pilot_injury": 0.7899,
        "pilot_skill": 0.8725,
        "mission_priority": 0.4647,
        "estimated_landing_time": 2262.0,
        "wait_time": 0,
        "Landing_success_rate": 1.0
    },
    {
        "model": 1,
        "sequence": 10,
        "status": 1,
        "fuel": 7204,
        "fault": 0.2953,
        "weapon": 1,
        "pilot_injury": 0.1408,
        "pilot_skill": 0.7969,
        "mission_priority": 0.3844,
        "estimated_landing_time": 946.0,
        "wait_time": 0,
        "Landing_success_rate": 1.0
    },
    {
        "model": 1,
        "sequence": 20,
        "status": 1,
        "fuel": 7463,
        "fault": 0.1941,
        "weapon": 1,
        "pilot_injury": 0.3947,
        "pilot_skill": 0.1238,
        "mission_priority": 0.3334,
        "estimated_landing_time": 1886.0,
        "wait_time": 0,
        "Landing_success_rate": 1.0
    },
    {
        "model": 2,
        "sequence": 22,
        "status": 1,
        "fuel": 6356,
        "fault": 0.7818,
        "weapon": 1,
        "pilot_injury": 0.0284,
        "pilot_skill": 0.1403,
        "mission_priority": 0.7559,
        "estimated_landing_time": 2074.0,
        "wait_time": 0,
        "Landing_success_rate": 1.0
    },
    {
        "model": 1,
        "sequence": 14,
        "status": 1,
        "fuel": 7368,
        "fault": 0.5652,
        "weapon": 1,
        "pilot_injury": 0.5627,
        "pilot_skill": 0.6521,
        "mission_priority": 0.0537,
        "estimated_landing_time": 1322.0,
        "wait_time": 0,
        "Landing_success_rate": 1.0
    },
    {
        "model": 0,
        "sequence": 13,
        "status": 1,
        "fuel": 6539,
        "fault": 0.2634,
        "weapon": 1,
        "pilot_injury": 0.008,
        "pilot_skill": 0.2262,
        "mission_priority": 0.9935,
        "estimated_landing_time": 1228.0,
        "wait_time": 0,
        "Landing_success_rate": 1.0
    },
    {
        "model": 2,
        "sequence": 21,
        "status": 1,
        "fuel": 6610,
        "fault": 0.5784,
        "weapon": 1,
        "pilot_injury": 0.1591,
        "pilot_skill": 0.1091,
        "mission_priority": 0.779,
        "estimated_landing_time": 1980.0,
        "wait_time": 0,
        "Landing_success_rate": 1.0
    },
    {
        "model": 1,
        "sequence": 12,
        "status": 1,
        "fuel": 7465,
        "fault": 0.4134,
        "weapon": 0,
        "pilot_injury": 0.241,
        "pilot_skill": 0.8798,
        "mission_priority": 0.0719,
        "estimated_landing_time": 1134.0,
        "wait_time": 0,
        "Landing_success_rate": 1.0
    },
    {
        "model": 1,
        "sequence": 18,
        "status": 1,
        "fuel": 6979,
        "fault": 0.1432,
        "weapon": 1,
        "pilot_injury": 0.0677,
        "pilot_skill": 0.5798,
        "mission_priority": 0.5594,
        "estimated_landing_time": 1698.0,
        "wait_time": 0,
        "Landing_success_rate": 1.0
    },
    {
        "model": 0,
        "sequence": 23,
        "status": 1,
        "fuel": 6856,
        "fault": 0.9654,
        "weapon": 1,
        "pilot_injury": 0.3975,
        "pilot_skill": 0.7902,
        "mission_priority": 0.335,
        "estimated_landing_time": 2168.0,
        "wait_time": 0,
        "Landing_success_rate": 1.0
    },
    {
        "model": 1,
        "sequence": 2,
        "status": 1,
        "fuel": 6661,
        "fault": 0.1123,
        "weapon": 0,
        "pilot_injury": 0.3227,
        "pilot_skill": 0.5281,
        "mission_priority": 0.7023,
        "estimated_landing_time": 194.0,
        "wait_time": 0,
        "Landing_success_rate": 1.0
    },
    {
        "model": 0,
        "sequence": 17,
        "status": 1,
        "fuel": 7168,
        "fault": 0.121,
        "weapon": 0,
        "pilot_injury": 0.9002,
        "pilot_skill": 0.281,
        "mission_priority": 0.7653,
        "estimated_landing_time": 1604.0,
        "wait_time": 0,
        "Landing_success_rate": 1.0
    },
    {
        "model": 0,
        "sequence": 11,
        "status": 1,
        "fuel": 5905,
        "fault": 0.7318,
        "weapon": 0,
        "pilot_injury": 0.7976,
        "pilot_skill": 0.3865,
        "mission_priority": 0.0263,
        "estimated_landing_time": 1040.0,
        "wait_time": 0,
        "Landing_success_rate": 1.0
    },
    {
        "model": 1,
        "sequence": 4,
        "status": 1,
        "fuel": 6874,
        "fault": 0.2954,
        "weapon": 0,
        "pilot_injury": 0.1083,
        "pilot_skill": 0.0296,
        "mission_priority": 0.809,
        "estimated_landing_time": 382.0,
        "wait_time": 0,
        "Landing_success_rate": 1.0
    },
    {
        "model": 2,
        "sequence": 6,
        "status": 1,
        "fuel": 6752,
        "fault": 0.7841,
        "weapon": 1,
        "pilot_injury": 0.087,
        "pilot_skill": 0.0966,
        "mission_priority": 0.6145,
        "estimated_landing_time": 570.0,
        "wait_time": 0,
        "Landing_success_rate": 1.0
    },
    {
        "model": 2,
        "sequence": 8,
        "status": 1,
        "fuel": 6528,
        "fault": 0.8695,
        "weapon": 1,
        "pilot_injury": 0.4527,
        "pilot_skill": 0.3882,
        "mission_priority": 0.6951,
        "estimated_landing_time": 758.0,
        "wait_time": 0,
        "Landing_success_rate": 1.0
    },
    {
        "model": 1,
        "sequence": 1,
        "status": 1,
        "fuel": 6979,
        "fault": 0.2442,
        "weapon": 1,
        "pilot_injury": 0.0044,
        "pilot_skill": 0.0996,
        "mission_priority": 0.4294,
        "estimated_landing_time": 100.0,
        "wait_time": 0,
        "Landing_success_rate": 1.0
    },
    {
        "model": 1,
        "sequence": 7,
        "status": 1,
        "fuel": 6880,
        "fault": 0.1494,
        "weapon": 1,
        "pilot_injury": 0.879,
        "pilot_skill": 0.11,
        "mission_priority": 0.0726,
        "estimated_landing_time": 664.0,
        "wait_time": 0,
        "Landing_success_rate": 1.0
    },
    {
        "model": 2,
        "sequence": 5,
        "status": 1,
        "fuel": 7450,
        "fault": 0.4613,
        "weapon": 1,
        "pilot_injury": 0.4638,
        "pilot_skill": 0.326,
        "mission_priority": 0.1476,
        "estimated_landing_time": 476.0,
        "wait_time": 0,
        "Landing_success_rate": 1.0
    },
    {
        "model": 1,
        "sequence": 3,
        "status": 1,
        "fuel": 7293,
        "fault": 0.2717,
        "weapon": 1,
        "pilot_injury": 0.6581,
        "pilot_skill": 0.3537,
        "mission_priority": 0.7118,
        "estimated_landing_time": 288.0,
        "wait_time": 0,
        "Landing_success_rate": 1.0
    },
    {
        "model": 1,
        "sequence": 16,
        "status": 1,
        "fuel": 5796,
        "fault": 0.9673,
        "weapon": 0,
        "pilot_injury": 0.4695,
        "pilot_skill": 0.36,
        "mission_priority": 0.7396,
        "estimated_landing_time": 1510.0,
        "wait_time": 0,
        "Landing_success_rate": 1.0
    },
    {
        "model": 0,
        "sequence": 15,
        "status": 1,
        "fuel": 6644,
        "fault": 0.4558,
        "weapon": 0,
        "pilot_injury": 0.8544,
        "pilot_skill": 0.2017,
        "mission_priority": 0.2645,
        "estimated_landing_time": 1416.0,
        "wait_time": 0,
        "Landing_success_rate": 1.0
    }
]