[
    {
        "model": 1,
        "sequence": 21,
        "status": 1,
        "fuel": 7144,
        "fault": 0.8551,
        "weapon": 0,
        "pilot_injury": 0.7823,
        "pilot_skill": 0.6651,
        "mission_priority": 0.0262,
        "estimated_landing_time": 1980.0,
        "wait_time": 0,
        "Landing_success_rate": 1.0
    },
    {
        "model": 2,
        "sequence": 6,
        "status": 1,
        "fuel": 5844,
        "fault": 0.263,
        "weapon": 0,
        "pilot_injury": 0.9202,
        "pilot_skill": 0.9639,
        "mission_priority": 0.4678,
        "estimated_landing_time": 570.0,
        "wait_time": 0,
        "Landing_success_rate": 1.0
    },
    {
        "model": 2,
        "sequence": 3,
        "status": 1,
        "fuel": 7458,
        "fault": 0.1763,
        "weapon": 1,
        "pilot_injury": 0.2604,
        "pilot_skill": 0.0736,
        "mission_priority": 0.4518,
        "estimated_landing_time": 288.0,
        "wait_time": 0,
        "Landing_success_rate": 1.0
    },
    {
        "model": 2,
        "sequence": 13,
        "status": 1,
        "fuel": 7380,
        "fault": 0.2572,
        "weapon": 1,
        "pilot_injury": 0.5213,
        "pilot_skill": 0.7345,
        "mission_priority": 0.8961,
        "estimated_landing_time": 1228.0,
        "wait_time": 0,
        "Landing_success_rate": 1.0
    },
    {
        "model": 0,
        "sequence": 5,
        "status": 1,
        "fuel": 5800,
        "fault": 0.0333,
        "weapon": 1,
        "pilot_injury": 0.8482,
        "pilot_skill": 0.5742,
        "mission_priority": 0.7585,
        "estimated_landing_time": 476.0,
        "wait_time": 0,
        "Landing_success_rate": 1.0
    },
    {
        "model": 1,
        "sequence": 7,
        "status": 1,
        "fuel": 6133,
        "fault": 0.3913,
        "weapon": 0,
        "pilot_injury": 0.1691,
        "pilot_skill": 0.2862,
        "mission_priority": 0.2847,
        "estimated_landing_time": 664.0,
        "wait_time": 0,
        "Landing_success_rate": 1.0
    },
    {
        "model": 1,
        "sequence": 11,
        "status": 1,
        "fuel": 5788,
        "fault": 0.3231,
        "weapon": 0,
        "pilot_injury": 0.0834,
        "pilot_skill": 0.3872,
        "mission_priority": 0.5563,
        "estimated_landing_time": 1040.0,
        "wait_time": 0,
        "Landing_success_rate": 1.0
    },
    {
        "model": 0,
        "sequence": 18,
        "status": 1,
        "fuel": 6857,
        "fault": 0.4238,
        "weapon": 0,
        "pilot_injury": 0.3803,
        "pilot_skill": 0.4612,
        "mission_priority": 0.9048,
        "estimated_landing_time": 1698.0,
        "wait_time": 0,
        "Landing_success_rate": 1.0
    },
    {
        "model": 0,
        "sequence": 1,
        "status": 1,
        "fuel": 7375,
        "fault": 0.9568,
        "weapon": 0,
        "pilot_injury": 0.4715,
        "pilot_skill": 0.6405,
        "mission_priority": 0.2581,
        "estimated_landing_time": 100.0,
        "wait_time": 0,
        "Landing_success_rate": 1.0
    },
    {
        "model": 0,
        "sequence": 19,
        "status": 1,
        "fuel": 5621,
        "fault": 0.9406,
        "weapon": 0,
        "pilot_injury": 0.0782,
        "pilot_skill": 0.1785,
        "mission_priority": 0.6406,
        "estimated_landing_time": 1792.0,
        "wait_time": 0,
        "Landing_success_rate": 1.0
    },
    {
        "model": 0,
        "sequence": 2,
        "status": 1,
        "fuel": 6690,
        "fault": 0.8424,
        "weapon": 1,
        "pilot_injury": 0.6163,
        "pilot_skill": 0.6518,
        "mission_priority": 0.0597,
        "estimated_landing_time": 194.0,
        "wait_time": 0,
        "Landing_success_rate": 1.0
    },
    {
        "model": 2,
        "sequence": 4,
        "status": 1,
        "fuel": 7077,
        "fault": 0.2932,
        "weapon": 0,
        "pilot_injury": 0.3971,
        "pilot_skill": 0.9832,
        "mission_priority": 0.0102,
        "estimated_landing_time": 382.0,
        "wait_time": 0,
        "Landing_success_rate": 1.0
    },
    {
        "model": 1,
        "sequence": 23,
        "status": 1,
        "fuel": 7346,
        "fault": 0.0005,
        "weapon": 0,
        "pilot_injury": 0.3293,
        "pilot_skill": 0.1332,
        "mission_priority": 0.6682,
        "estimated_landing_time": 2168.0,
        "wait_time": 0,
        "Landing_success_rate": 1.0
    },
    {
        "model": 1,
        "sequence": 8,
        "status": 1,
        "fuel": 6849,
        "fault": 0.8958,
        "weapon": 0,
        "pilot_injury": 0.6538,
        "pilot_skill": 0.9173,
        "mission_priority": 0.2408,
        "estimated_landing_time": 758.0,
        "wait_time": 0,
        "Landing_success_rate": 1.0
    },
    {
        "model": 1,
        "sequence": 10,
        "status": 1,
        "fuel": 6782,
        "fault": 0.6792,
        "weapon": 0,
        "pilot_injury": 0.8385,
        "pilot_skill": 0.2117,
        "mission_priority": 0.9467,
        "estimated_landing_time": 946.0,
        "wait_time": 0,
        "Landing_success_rate": 1.0
    },
    {
        "model": 2,
        "sequence": 14,
        "status": 1,
        "fuel": 7489,
        "fault": 0.3154,
        "weapon": 1,
        "pilot_injury": 0.4514,
        "pilot_skill": 0.5259,
        "mission_priority": 0.9974,
        "estimated_landing_time": 1322.0,
        "wait_time": 0,
        "Landing_success_rate": 1.0
    },
    {
        "model": 2,
        "sequence": 24,
        "status": 1,
        "fuel": 7276,
        "fault": 0.1707,
        "weapon": 1,
        "pilot_injury": 0.5855,
        "pilot_skill": 0.9563,
        "mission_priority": 0.6878,
        "estimated_landing_time": 2262.0,
        "wait_time": 0,
        "Landing_success_rate": 1.0
    },
    {
        "model": 1,
        "sequence": 17,
        "status": 1,
        "fuel": 6143,
        "fault": 0.7785,
        "weapon": 0,
        "pilot_injury": 0.7809,
        "pilot_skill": 0.638,
        "mission_priority": 0.7264,
        "estimated_landing_time": 1604.0,
        "wait_time": 0,
        "Landing_success_rate": 1.0
    },
    {
        "model": 2,
        "sequence": 20,
        "status": 1,
        "fuel": 6021,
        "fault": 0.0414,
        "weapon": 1,
        "pilot_injury": 0.2768,
        "pilot_skill": 0.6349,
        "mission_priority": 0.5238,
        "estimated_landing_time": 1886.0,
        "wait_time": 0,
        "Landing_success_rate": 1.0
    },
    {
        "model": 2,
        "sequence": 22,
        "status": 1,
        "fuel": 7468,
        "fault": 0.5018,
        "weapon": 0,
        "pilot_injury": 0.5966,
        "pilot_skill": 0.3131,
        "mission_priority": 0.8628,
        "estimated_landing_time": 2074.0,
        "wait_time": 0,
        "Landing_success_rate": 1.0
    },
    {
        "model": 1,
        "sequence": 9,
        "status": 1,
        "fuel": 7374,
        "fault": 0.1273,
        "weapon": 1,
        "pilot_injury": 0.653,
        "pilot_skill": 0.1895,
        "mission_priority": 0.903,
        "estimated_landing_time": 852.0,
        "wait_time": 0,
        "Landing_success_rate": 1.0
    },
    {
        "model": 0,
        "sequence": 12,
        "status": 1,
        "fuel": 7342,
        "fault": 0.7905,
        "weapon": 0,
        "pilot_injury": 0.3191,
        "pilot_skill": 0.9611,
        "mission_priority": 0.7528,
        "estimated_landing_time": 1134.0,
        "wait_time": 0,
        "Landing_success_rate": 1.0
    },
    {
        "model": 1,
        "sequence": 15,
        "status": 1,
        "fuel": 6624,
        "fault": 0.246,
        "weapon": 1,
        "pilot_injury": 0.0824,
        "pilot_skill": 0.5628,
        "mission_priority": 0.483,
        "estimated_landing_time": 1416.0,
        "wait_time": 0,
        "Landing_success_rate": 1.0
    },
    {
        "model": 0,
        "sequence": 16,
        "status": 1,
        "fuel": 7039,
        "fault": 0.8708,
        "weapon": 1,
        "pilot_injury": 0.3965,
        "pilot_skill": 0.0047,
        "mission_priority": 0.4677,
        "estimated_landing_time": 1510.0,
        "wait_time": 0,
        "Landing_success_rate": 1.0
    }
]