[
    {
        "model": 1,
        "sequence": 11,
        "status": 1,
        "fuel": 6876,
        "fault": 0.7747,
        "weapon": 0,
        "pilot_injury": 0.0631,
        "pilot_skill": 0.4326,
        "mission_priority": 0.6039,
        "estimated_landing_time": 1040.0,
        "wait_time": 0,
        "Landing_success_rate": 1.0
    },
    {
        "model": 2,
        "sequence": 17,
        "status": 1,
        "fuel": 5832,
        "fault": 0.5617,
        "weapon": 1,
        "pilot_injury": 0.9381,
        "pilot_skill": 0.5311,
        "mission_priority": 0.8592,
        "estimated_landing_time": 1604.0,
        "wait_time": 0,
        "Landing_success_rate": 1.0
    },
    {
        "model": 0,
        "sequence": 8,
        "status": 1,
        "fuel": 7392,
        "fault": 0.3235,
        "weapon": 0,
        "pilot_injury": 0.2655,
        "pilot_skill": 0.5219,
        "mission_priority": 0.1824,
        "estimated_landing_time": 758.0,
        "wait_time": 0,
        "Landing_success_rate": 1.0
    },
    {
        "model": 2,
        "sequence": 4,
        "status": 1,
        "fuel": 5528,
        "fault": 0.9962,
        "weapon": 1,
        "pilot_injury": 0.0604,
        "pilot_skill": 0.6814,
        "mission_priority": 0.1595,
        "estimated_landing_time": 382.0,
        "wait_time": 0,
        "Landing_success_rate": 1.0
    },
    {
        "model": 2,
        "sequence": 20,
        "status": 1,
        "fuel": 6754,
        "fault": 0.4498,
        "weapon": 0,
        "pilot_injury": 0.1636,
        "pilot_skill": 0.5317,
        "mission_priority": 0.5892,
        "estimated_landing_time": 1886.0,
        "wait_time": 0,
        "Landing_success_rate": 1.0
    },
    {
        "model": 2,
        "sequence": 14,
        "status": 1,
        "fuel": 6409,
        "fault": 0.3149,
        "weapon": 1,
        "pilot_injury": 0.6065,
        "pilot_skill": 0.4612,
        "mission_priority": 0.66,
        "estimated_landing_time": 1322.0,
        "wait_time": 0,
        "Landing_success_rate": 1.0
    },
    {
        "model": 2,
        "sequence": 22,
        "status": 1,
        "fuel": 5942,
        "fault": 0.8547,
        "weapon": 0,
        "pilot_injury": 0.0706,
        "pilot_skill": 0.6667,
        "mission_priority": 0.7706,
        "estimated_landing_time": 2074.0,
        "wait_time": 0,
        "Landing_success_rate": 1.0
    },
    {
        "model": 2,
        "sequence": 10,
        "status": 1,
        "fuel": 5617,
        "fault": 0.1866,
        "weapon": 0,
        "pilot_injury": 0.5968,
        "pilot_skill": 0.5515,
        "mission_priority": 0.4902,
        "estimated_landing_time": 946.0,
        "wait_time": 0,
        "Landing_success_rate": 1.0
    },
    {
        "model": 1,
        "sequence": 24,
        "status": 1,
        "fuel": 5722,
        "fault": 0.214,
        "weapon": 1,
        "pilot_injury": 0.6812,
        "pilot_skill": 0.7413,
        "mission_priority": 0.9013,
        "estimated_landing_time": 2262.0,
        "wait_time": 0,
        "Landing_success_rate": 1.0
    },
    {
        "model": 2,
        "sequence": 21,
        "status": 1,
        "fuel": 7068,
        "fault": 0.9228,
        "weapon": 1,
        "pilot_injury": 0.4336,
        "pilot_skill": 0.5039,
        "mission_priority": 0.7326,
        "estimated_landing_time": 1980.0,
        "wait_time": 0,
        "Landing_success_rate": 1.0
    },
    {
        "model": 2,
        "sequence": 3,
        "status": 1,
        "fuel": 5660,
        "fault": 0.1741,
        "weapon": 1,
        "pilot_injury": 0.4128,
        "pilot_skill": 0.761,
        "mission_priority": 0.1481,
        "estimated_landing_time": 288.0,
        "wait_time": 0,
        "Landing_success_rate": 1.0
    },
    {
        "model": 2,
        "sequence": 7,
        "status": 1,
        "fuel": 7243,
        "fault": 0.2943,
        "weapon": 0,
        "pilot_injury": 0.8,
        "pilot_skill": 0.4947,
        "mission_priority": 0.0515,
        "estimated_landing_time": 664.0,
        "wait_time": 0,
        "Landing_success_rate": 1.0
    },
    {
        "model": 0,
        "sequence": 16,
        "status": 1,
        "fuel": 5994,
        "fault": 0.5604,
        "weapon": 1,
        "pilot_injury": 0.4593,
        "pilot_skill": 0.7826,
        "mission_priority": 0.2226,
        "estimated_landing_time": 1510.0,
        "wait_time": 0,
        "Landing_success_rate": 1.0
    },
    {
        "model": 2,
        "sequence": 1,
        "status": 1,
        "fuel": 5849,
        "fault": 0.4346,
        "weapon": 0,
        "pilot_injury": 0.1551,
        "pilot_skill": 0.3438,
        "mission_priority": 0.208,
        "estimated_landing_time": 100.0,
        "wait_time": 0,
        "Landing_success_rate": 1.0
    },
    {
        "model": 0,
        "sequence": 5,
        "status": 1,
        "fuel": 6639,
        "fault": 0.147,
        "weapon": 1,
        "pilot_injury": 0.2094,
        "pilot_skill": 0.3638,
        "mission_priority": 0.0019,
        "estimated_landing_time": 476.0,
        "wait_time": 0,
        "Landing_success_rate": 1.0
    },
    {
        "model": 1,
        "sequence": 15,
        "status": 1,
        "fuel": 6460,
        "fault": 0.8592,
        "weapon": 1,
        "pilot_injury": 0.8647,
        "pilot_skill": 0.0528,
        "mission_priority": 0.1638,
        "estimated_landing_time": 1416.0,
        "wait_time": 0,
        "Landing_success_rate": 1.0
    },
    {
        "model": 2,
        "sequence": 23,
        "status": 1,
        "fuel": 7116,
        "fault": 0.7275,
        "weapon": 1,
        "pilot_injury": 0.354,
        "pilot_skill": 0.1869,
        "mission_priority": 0.8015,
        "estimated_landing_time": 2168.0,
        "wait_time": 0,
        "Landing_success_rate": 1.0
    },
    {
        "model": 2,
        "sequence": 18,
        "status": 1,
        "fuel": 6995,
        "fault": 0.8872,
        "weapon": 0,
        "pilot_injury": 0.6546,
        "pilot_skill": 0.3838,
        "mission_priority": 0.0165,
        "estimated_landing_time": 1698.0,
        "wait_time": 0,
        "Landing_success_rate": 1.0
    },
    {
        "model": 2,
        "sequence": 6,
        "status": 1,
        "fuel": 5899,
        "fault": 0.0834,
        "weapon": 0,
        "pilot_injury": 0.2444,
        "pilot_skill": 0.1339,
        "mission_priority": 0.158,
        "estimated_landing_time": 570.0,
        "wait_time": 0,
        "Landing_success_rate": 1.0
    },
    {
        "model": 1,
        "sequence": 2,
        "status": 1,
        "fuel": 6139,
        "fault": 0.9194,
        "weapon": 0,
        "pilot_injury": 0.6972,
        "pilot_skill": 0.6576,
        "mission_priority": 0.3615,
        "estimated_landing_time": 194.0,
        "wait_time": 0,
        "Landing_success_rate": 1.0
    },
    {
        "model": 0,
        "sequence": 12,
        "status": 1,
        "fuel": 7078,
        "fault": 0.1237,
        "weapon": 0,
        "pilot_injury": 0.4575,
        "pilot_skill": 0.9945,
        "mission_priority": 0.6089,
        "estimated_landing_time": 1134.0,
        "wait_time": 0,
        "Landing_success_rate": 1.0
    },
    {
        "model": 2,
        "sequence": 13,
        "status": 1,
        "fuel": 5534,
        "fault": 0.7477,
        "weapon": 0,
        "pilot_injury": 0.1617,
        "pilot_skill": 0.9873,
        "mission_priority": 0.6557,
        "estimated_landing_time": 1228.0,
        "wait_time": 0,
        "Landing_success_rate": 1.0
    },
    {
        "model": 1,
        "sequence": 9,
        "status": 1,
        "fuel": 5937,
        "fault": 0.227,
        "weapon": 0,
        "pilot_injury": 0.4392,
        "pilot_skill": 0.8224,
        "mission_priority": 0.2771,
        "estimated_landing_time": 852.0,
        "wait_time": 0,
        "Landing_success_rate": 1.0
    },
    {
        "model": 1,
        "sequence": 19,
        "status": 1,
        "fuel": 5951,
        "fault": 0.6299,
        "weapon": 0,
        "pilot_injury": 0.9973,
        "pilot_skill": 0.7002,
        "mission_priority": 0.9713,
        "estimated_landing_time": 1792.0,
        "wait_time": 0,
        "Landing_success_rate": 1.0
    }
]