[
    {
        "model": 2,
        "sequence": 8,
        "status": 1,
        "fuel": 7006,
        "fault": 0.8546,
        "weapon": 0,
        "pilot_injury": 0.7532,
        "pilot_skill": 0.5657,
        "mission_priority": 0.0118,
        "estimated_landing_time": 758.0,
        "wait_time": 0,
        "Landing_success_rate": 1.0
    },
    {
        "model": 1,
        "sequence": 1,
        "status": 1,
        "fuel": 6503,
        "fault": 0.902,
        "weapon": 1,
        "pilot_injury": 0.7047,
        "pilot_skill": 0.6885,
        "mission_priority": 0.6603,
        "estimated_landing_time": 100.0,
        "wait_time": 0,
        "Landing_success_rate": 1.0
    },
    {
        "model": 2,
        "sequence": 3,
        "status": 1,
        "fuel": 7158,
        "fault": 0.4048,
        "weapon": 1,
        "pilot_injury": 0.4407,
        "pilot_skill": 0.4443,
        "mission_priority": 0.8118,
        "estimated_landing_time": 288.0,
        "wait_time": 0,
        "Landing_success_rate": 1.0
    },
    {
        "model": 2,
        "sequence": 21,
        "status": 1,
        "fuel": 6887,
        "fault": 0.5241,
        "weapon": 1,
        "pilot_injury": 0.0782,
        "pilot_skill": 0.3999,
        "mission_priority": 0.256,
        "estimated_landing_time": 1980.0,
        "wait_time": 0,
        "Landing_success_rate": 1.0
    },
    {
        "model": 1,
        "sequence": 17,
        "status": 1,
        "fuel": 6597,
        "fault": 0.9027,
        "weapon": 1,
        "pilot_injury": 0.2315,
        "pilot_skill": 0.3198,
        "mission_priority": 0.5367,
        "estimated_landing_time": 1604.0,
        "wait_time": 0,
        "Landing_success_rate": 1.0
    },
    {
        "model": 0,
        "sequence": 16,
        "status": 1,
        "fuel": 7491,
        "fault": 0.9207,
        "weapon": 1,
        "pilot_injury": 0.4259,
        "pilot_skill": 0.8463,
        "mission_priority": 0.1007,
        "estimated_landing_time": 1510.0,
        "wait_time": 0,
        "Landing_success_rate": 1.0
    },
    {
        "model": 1,
        "sequence": 19,
        "status": 1,
        "fuel": 7192,
        "fault": 0.2727,
        "weapon": 1,
        "pilot_injury": 0.0145,
        "pilot_skill": 0.2532,
        "mission_priority": 0.0697,
        "estimated_landing_time": 1792.0,
        "wait_time": 0,
        "Landing_success_rate": 1.0
    },
    {
        "model": 0,
        "sequence": 6,
        "status": 1,
        "fuel": 7085,
        "fault": 0.4493,
        "weapon": 1,
        "pilot_injury": 0.8069,
        "pilot_skill": 0.7326,
        "mission_priority": 0.4686,
        "estimated_landing_time": 570.0,
        "wait_time": 0,
        "Landing_success_rate": 1.0
    },
    {
        "model": 0,
        "sequence": 7,
        "status": 1,
        "fuel": 7129,
        "fault": 0.5203,
        "weapon": 0,
        "pilot_injury": 0.2707,
        "pilot_skill": 0.1394,
        "mission_priority": 0.3765,
        "estimated_landing_time": 664.0,
        "wait_time": 0,
        "Landing_success_rate": 1.0
    },
    {
        "model": 2,
        "sequence": 23,
        "status": 1,
        "fuel": 6934,
        "fault": 0.3231,
        "weapon": 1,
        "pilot_injury": 0.5526,
        "pilot_skill": 0.5401,
        "mission_priority": 0.1206,
        "estimated_landing_time": 2168.0,
        "wait_time": 0,
        "Landing_success_rate": 1.0
    },
    {
        "model": 1,
        "sequence": 9,
        "status": 1,
        "fuel": 6263,
        "fault": 0.0561,
        "weapon": 0,
        "pilot_injury": 0.0362,
        "pilot_skill": 0.4005,
        "mission_priority": 0.3898,
        "estimated_landing_time": 852.0,
        "wait_time": 0,
        "Landing_success_rate": 1.0
    },
    {
        "model": 1,
        "sequence": 13,
        "status": 1,
        "fuel": 5818,
        "fault": 0.3811,
        "weapon": 1,
        "pilot_injury": 0.3964,
        "pilot_skill": 0.0866,
        "mission_priority": 0.2143,
        "estimated_landing_time": 1228.0,
        "wait_time": 0,
        "Landing_success_rate": 1.0
    },
    {
        "model": 0,
        "sequence": 15,
        "status": 1,
        "fuel": 6713,
        "fault": 0.7376,
        "weapon": 0,
        "pilot_injury": 0.8408,
        "pilot_skill": 0.676,
        "mission_priority": 0.3831,
        "estimated_landing_time": 1416.0,
        "wait_time": 0,
        "Landing_success_rate": 1.0
    },
    {
        "model": 0,
        "sequence": 14,
        "status": 1,
        "fuel": 5739,
        "fault": 0.3597,
        "weapon": 1,
        "pilot_injury": 0.1201,
        "pilot_skill": 0.1601,
        "mission_priority": 0.4225,
        "estimated_landing_time": 1322.0,
        "wait_time": 0,
        "Landing_success_rate": 1.0
    },
    {
        "model": 2,
        "sequence": 10,
        "status": 1,
        "fuel": 5807,
        "fault": 0.2239,
        "weapon": 0,
        "pilot_injury": 0.9609,
        "pilot_skill": 0.6914,
        "mission_priority": 0.8088,
        "estimated_landing_time": 946.0,
        "wait_time": 0,
        "Landing_success_rate": 1.0
    },
    {
        "model": 2,
        "sequence": 5,
        "status": 1,
        "fuel": 6421,
        "fault": 0.4338,
        "weapon": 0,
        "pilot_injury": 0.058,
        "pilot_skill": 0.9602,
        "mission_priority": 0.6702,
        "estimated_landing_time": 476.0,
        "wait_time": 0,
        "Landing_success_rate": 1.0
    },
    {
        "model": 0,
        "sequence": 22,
        "status": 1,
        "fuel": 5648,
        "fault": 0.3492,
        "weapon": 0,
        "pilot_injury": 0.0158,
        "pilot_skill": 0.3762,
        "mission_priority": 0.8957,
        "estimated_landing_time": 2074.0,
        "wait_time": 0,
        "Landing_success_rate": 1.0
    },
    {
        "model": 2,
        "sequence": 4,
        "status": 1,
        "fuel": 6497,
        "fault": 0.367,
        "weapon": 0,
        "pilot_injury": 0.3601,
        "pilot_skill": 0.3924,
        "mission_priority": 0.7459,
        "estimated_landing_time": 382.0,
        "wait_time": 0,
        "Landing_success_rate": 1.0
    },
    {
        "model": 0,
        "sequence": 2,
        "status": 1,
        "fuel": 6186,
        "fault": 0.09,
        "weapon": 0,
        "pilot_injury": 0.2769,
        "pilot_skill": 0.4878,
        "mission_priority": 0.6138,
        "estimated_landing_time": 194.0,
        "wait_time": 0,
        "Landing_success_rate": 1.0
    },
    {
        "model": 1,
        "sequence": 18,
        "status": 1,
        "fuel": 6881,
        "fault": 0.466,
        "weapon": 0,
        "pilot_injury": 0.7681,
        "pilot_skill": 0.4052,
        "mission_priority": 0.0406,
        "estimated_landing_time": 1698.0,
        "wait_time": 0,
        "Landing_success_rate": 1.0
    },
    {
        "model": 2,
        "sequence": 12,
        "status": 1,
        "fuel": 6486,
        "fault": 0.0691,
        "weapon": 0,
        "pilot_injury": 0.9275,
        "pilot_skill": 0.5676,
        "mission_priority": 0.5304,
        "estimated_landing_time": 1134.0,
        "wait_time": 0,
        "Landing_success_rate": 1.0
    },
    {
        "model": 1,
        "sequence": 24,
        "status": 1,
        "fuel": 5968,
        "fault": 0.3522,
        "weapon": 1,
        "pilot_injury": 0.1469,
        "pilot_skill": 0.3454,
        "mission_priority": 0.9949,
        "estimated_landing_time": 2262.0,
        "wait_time": 0,
        "Landing_success_rate": 1.0
    },
    {
        "model": 0,
        "sequence": 11,
        "status": 1,
        "fuel": 5825,
        "fault": 0.6182,
        "weapon": 0,
        "pilot_injury": 0.3912,
        "pilot_skill": 0.5547,
        "mission_priority": 0.3036,
        "estimated_landing_time": 1040.0,
        "wait_time": 0,
        "Landing_success_rate": 1.0
    },
    {
        "model": 2,
        "sequence": 20,
        "status": 1,
        "fuel": 6127,
        "fault": 0.1501,
        "weapon": 0,
        "pilot_injury": 0.1202,
        "pilot_skill": 0.2151,
        "mission_priority": 0.6087,
        "estimated_landing_time": 1886.0,
        "wait_time": 0,
        "Landing_success_rate": 1.0
    }
]