[
    {
        "model": 2,
        "sequence": 13,
        "status": 1,
        "fuel": 6872,
        "fault": 0.9104,
        "weapon": 0,
        "pilot_injury": 0.5726,
        "pilot_skill": 0.3475,
        "mission_priority": 0.508,
        "estimated_landing_time": 1228.0,
        "wait_time": 0,
        "Landing_success_rate": 1.0
    },
    {
        "model": 2,
        "sequence": 16,
        "status": 1,
        "fuel": 6719,
        "fault": 0.1997,
        "weapon": 0,
        "pilot_injury": 0.796,
        "pilot_skill": 0.1242,
        "mission_priority": 0.325,
        "estimated_landing_time": 1510.0,
        "wait_time": 0,
        "Landing_success_rate": 1.0
    },
    {
        "model": 2,
        "sequence": 21,
        "status": 1,
        "fuel": 7408,
        "fault": 0.6879,
        "weapon": 0,
        "pilot_injury": 0.6822,
        "pilot_skill": 0.0192,
        "mission_priority": 0.4755,
        "estimated_landing_time": 1980.0,
        "wait_time": 0,
        "Landing_success_rate": 1.0
    },
    {
        "model": 0,
        "sequence": 6,
        "status": 1,
        "fuel": 6157,
        "fault": 0.2076,
        "weapon": 0,
        "pilot_injury": 0.1787,
        "pilot_skill": 0.0569,
        "mission_priority": 0.3232,
        "estimated_landing_time": 570.0,
        "wait_time": 0,
        "Landing_success_rate": 1.0
    },
    {
        "model": 2,
        "sequence": 19,
        "status": 1,
        "fuel": 6189,
        "fault": 0.0066,
        "weapon": 0,
        "pilot_injury": 0.4745,
        "pilot_skill": 0.2913,
        "mission_priority": 0.5704,
        "estimated_landing_time": 1792.0,
        "wait_time": 0,
        "Landing_success_rate": 1.0
    },
    {
        "model": 0,
        "sequence": 12,
        "status": 1,
        "fuel": 6324,
        "fault": 0.8153,
        "weapon": 0,
        "pilot_injury": 0.1473,
        "pilot_skill": 0.2797,
        "mission_priority": 0.2821,
        "estimated_landing_time": 1134.0,
        "wait_time": 0,
        "Landing_success_rate": 1.0
    },
    {
        "model": 0,
        "sequence": 9,
        "status": 1,
        "fuel": 6099,
        "fault": 0.2658,
        "weapon": 1,
        "pilot_injury": 0.3247,
        "pilot_skill": 0.2813,
        "mission_priority": 0.1688,
        "estimated_landing_time": 852.0,
        "wait_time": 0,
        "Landing_success_rate": 1.0
    },
    {
        "model": 2,
        "sequence": 10,
        "status": 1,
        "fuel": 6243,
        "fault": 0.2162,
        "weapon": 1,
        "pilot_injury": 0.1378,
        "pilot_skill": 0.8574,
        "mission_priority": 0.0526,
        "estimated_landing_time": 946.0,
        "wait_time": 0,
        "Landing_success_rate": 1.0
    },
    {
        "model": 2,
        "sequence": 15,
        "status": 1,
        "fuel": 6158,
        "fault": 0.5392,
        "weapon": 0,
        "pilot_injury": 0.0117,
        "pilot_skill": 0.7951,
        "mission_priority": 0.7023,
        "estimated_landing_time": 1416.0,
        "wait_time": 0,
        "Landing_success_rate": 1.0
    },
    {
        "model": 2,
        "sequence": 5,
        "status": 1,
        "fuel": 6748,
        "fault": 0.6864,
        "weapon": 1,
        "pilot_injury": 0.3607,
        "pilot_skill": 0.1813,
        "mission_priority": 0.9325,
        "estimated_landing_time": 476.0,
        "wait_time": 0,
        "Landing_success_rate": 1.0
    },
    {
        "model": 1,
        "sequence": 8,
        "status": 1,
        "fuel": 5799,
        "fault": 0.481,
        "weapon": 1,
        "pilot_injury": 0.3513,
        "pilot_skill": 0.5565,
        "mission_priority": 0.1901,
        "estimated_landing_time": 758.0,
        "wait_time": 0,
        "Landing_success_rate": 1.0
    },
    {
        "model": 1,
        "sequence": 17,
        "status": 1,
        "fuel": 6911,
        "fault": 0.2508,
        "weapon": 0,
        "pilot_injury": 0.6956,
        "pilot_skill": 0.3917,
        "mission_priority": 0.5784,
        "estimated_landing_time": 1604.0,
        "wait_time": 0,
        "Landing_success_rate": 1.0
    },
    {
        "model": 1,
        "sequence": 22,
        "status": 1,
        "fuel": 6395,
        "fault": 0.4757,
        "weapon": 1,
        "pilot_injury": 0.2043,
        "pilot_skill": 0.5314,
        "mission_priority": 0.4269,
        "estimated_landing_time": 2074.0,
        "wait_time": 0,
        "Landing_success_rate": 1.0
    },
    {
        "model": 2,
        "sequence": 4,
        "status": 1,
        "fuel": 6893,
        "fault": 0.3158,
        "weapon": 0,
        "pilot_injury": 0.952,
        "pilot_skill": 0.9489,
        "mission_priority": 0.2788,
        "estimated_landing_time": 382.0,
        "wait_time": 0,
        "Landing_success_rate": 1.0
    },
    {
        "model": 2,
        "sequence": 2,
        "status": 1,
        "fuel": 7180,
        "fault": 0.7545,
        "weapon": 1,
        "pilot_injury": 0.2496,
        "pilot_skill": 0.599,
        "mission_priority": 0.8699,
        "estimated_landing_time": 194.0,
        "wait_time": 0,
        "Landing_success_rate": 1.0
    },
    {
        "model": 1,
        "sequence": 20,
        "status": 1,
        "fuel": 6272,
        "fault": 0.2498,
        "weapon": 0,
        "pilot_injury": 0.6508,
        "pilot_skill": 0.1724,
        "mission_priority": 0.1617,
        "estimated_landing_time": 1886.0,
        "wait_time": 0,
        "Landing_success_rate": 1.0
    },
    {
        "model": 0,
        "sequence": 23,
        "status": 1,
        "fuel": 6541,
        "fault": 0.0347,
        "weapon": 1,
        "pilot_injury": 0.8036,
        "pilot_skill": 0.2905,
        "mission_priority": 0.4831,
        "estimated_landing_time": 2168.0,
        "wait_time": 0,
        "Landing_success_rate": 1.0
    },
    {
        "model": 1,
        "sequence": 18,
        "status": 1,
        "fuel": 6899,
        "fault": 0.8223,
        "weapon": 0,
        "pilot_injury": 0.8839,
        "pilot_skill": 0.8042,
        "mission_priority": 0.5723,
        "estimated_landing_time": 1698.0,
        "wait_time": 0,
        "Landing_success_rate": 1.0
    },
    {
        "model": 1,
        "sequence": 11,
        "status": 1,
        "fuel": 6672,
        "fault": 0.1472,
        "weapon": 0,
        "pilot_injury": 0.03,
        "pilot_skill": 0.245,
        "mission_priority": 0.3662,
        "estimated_landing_time": 1040.0,
        "wait_time": 0,
        "Landing_success_rate": 1.0
    },
    {
        "model": 0,
        "sequence": 3,
        "status": 1,
        "fuel": 7211,
        "fault": 0.7493,
        "weapon": 0,
        "pilot_injury": 0.0508,
        "pilot_skill": 0.4207,
        "mission_priority": 0.0748,
        "estimated_landing_time": 288.0,
        "wait_time": 0,
        "Landing_success_rate": 1.0
    },
    {
        "model": 1,
        "sequence": 24,
        "status": 1,
        "fuel": 7142,
        "fault": 0.3527,
        "weapon": 1,
        "pilot_injury": 0.21,
        "pilot_skill": 0.0795,
        "mission_priority": 0.4321,
        "estimated_landing_time": 2262.0,
        "wait_time": 0,
        "Landing_success_rate": 1.0
    },
    {
        "model": 1,
        "sequence": 7,
        "status": 1,
        "fuel": 6278,
        "fault": 0.689,
        "weapon": 0,
        "pilot_injury": 0.1278,
        "pilot_skill": 0.615,
        "mission_priority": 0.3197,
        "estimated_landing_time": 664.0,
        "wait_time": 0,
        "Landing_success_rate": 1.0
    },
    {
        "model": 1,
        "sequence": 14,
        "status": 1,
        "fuel": 6365,
        "fault": 0.9816,
        "weapon": 0,
        "pilot_injury": 0.4279,
        "pilot_skill": 0.3636,
        "mission_priority": 0.7657,
        "estimated_landing_time": 1322.0,
        "wait_time": 0,
        "Landing_success_rate": 1.0
    },
    {
        "model": 0,
        "sequence": 1,
        "status": 1,
        "fuel": 6564,
        "fault": 0.7201,
        "weapon": 0,
        "pilot_injury": 0.1679,
        "pilot_skill": 0.4212,
        "mission_priority": 0.3202,
        "estimated_landing_time": 100.0,
        "wait_time": 0,
        "Landing_success_rate": 1.0
    }
]