[
    {
        "model": 1,
        "sequence": 20,
        "status": 1,
        "fuel": 5543,
        "fault": 0.7031,
        "weapon": 1,
        "pilot_injury": 0.2916,
        "pilot_skill": 0.1144,
        "mission_priority": 0.0725,
        "estimated_landing_time": 1886.0,
        "wait_time": 0,
        "Landing_success_rate": 1.0
    },
    {
        "model": 2,
        "sequence": 19,
        "status": 1,
        "fuel": 5783,
        "fault": 0.518,
        "weapon": 1,
        "pilot_injury": 0.227,
        "pilot_skill": 0.0374,
        "mission_priority": 0.3464,
        "estimated_landing_time": 1792.0,
        "wait_time": 0,
        "Landing_success_rate": 1.0
    },
    {
        "model": 2,
        "sequence": 6,
        "status": 1,
        "fuel": 7258,
        "fault": 0.8703,
        "weapon": 1,
        "pilot_injury": 0.8652,
        "pilot_skill": 0.8164,
        "mission_priority": 0.9444,
        "estimated_landing_time": 570.0,
        "wait_time": 0,
        "Landing_success_rate": 1.0
    },
    {
        "model": 2,
        "sequence": 16,
        "status": 1,
        "fuel": 7365,
        "fault": 0.6587,
        "weapon": 0,
        "pilot_injury": 0.7418,
        "pilot_skill": 0.868,
        "mission_priority": 0.7333,
        "estimated_landing_time": 1510.0,
        "wait_time": 0,
        "Landing_success_rate": 1.0
    },
    {
        "model": 1,
        "sequence": 3,
        "status": 1,
        "fuel": 6671,
        "fault": 0.0388,
        "weapon": 1,
        "pilot_injury": 0.8005,
        "pilot_skill": 0.6411,
        "mission_priority": 0.483,
        "estimated_landing_time": 288.0,
        "wait_time": 0,
        "Landing_success_rate": 1.0
    },
    {
        "model": 2,
        "sequence": 11,
        "status": 1,
        "fuel": 6684,
        "fault": 0.7659,
        "weapon": 1,
        "pilot_injury": 0.4164,
        "pilot_skill": 0.3594,
        "mission_priority": 0.2306,
        "estimated_landing_time": 1040.0,
        "wait_time": 0,
        "Landing_success_rate": 1.0
    },
    {
        "model": 2,
        "sequence": 15,
        "status": 1,
        "fuel": 5885,
        "fault": 0.2827,
        "weapon": 0,
        "pilot_injury": 0.2896,
        "pilot_skill": 0.9207,
        "mission_priority": 0.3969,
        "estimated_landing_time": 1416.0,
        "wait_time": 0,
        "Landing_success_rate": 1.0
    },
    {
        "model": 1,
        "sequence": 12,
        "status": 1,
        "fuel": 6419,
        "fault": 0.8471,
        "weapon": 1,
        "pilot_injury": 0.3672,
        "pilot_skill": 0.9836,
        "mission_priority": 0.5943,
        "estimated_landing_time": 1134.0,
        "wait_time": 0,
        "Landing_success_rate": 1.0
    },
    {
        "model": 1,
        "sequence": 8,
        "status": 1,
        "fuel": 6895,
        "fault": 0.9614,
        "weapon": 1,
        "pilot_injury": 0.1193,
        "pilot_skill": 0.964,
        "mission_priority": 0.3217,
        "estimated_landing_time": 758.0,
        "wait_time": 0,
        "Landing_success_rate": 1.0
    },
    {
        "model": 0,
        "sequence": 9,
        "status": 1,
        "fuel": 5879,
        "fault": 0.8573,
        "weapon": 1,
        "pilot_injury": 0.095,
        "pilot_skill": 0.1147,
        "mission_priority": 0.612,
        "estimated_landing_time": 852.0,
        "wait_time": 0,
        "Landing_success_rate": 1.0
    },
    {
        "model": 1,
        "sequence": 4,
        "status": 1,
        "fuel": 7000,
        "fault": 0.4071,
        "weapon": 0,
        "pilot_injury": 0.5278,
        "pilot_skill": 0.1968,
        "mission_priority": 0.7702,
        "estimated_landing_time": 382.0,
        "wait_time": 0,
        "Landing_success_rate": 1.0
    },
    {
        "model": 2,
        "sequence": 2,
        "status": 1,
        "fuel": 6202,
        "fault": 0.5648,
        "weapon": 1,
        "pilot_injury": 0.2344,
        "pilot_skill": 0.8878,
        "mission_priority": 0.0112,
        "estimated_landing_time": 194.0,
        "wait_time": 0,
        "Landing_success_rate": 1.0
    },
    {
        "model": 1,
        "sequence": 1,
        "status": 1,
        "fuel": 5773,
        "fault": 0.2698,
        "weapon": 1,
        "pilot_injury": 0.0211,
        "pilot_skill": 0.1551,
        "mission_priority": 0.8829,
        "estimated_landing_time": 100.0,
        "wait_time": 0,
        "Landing_success_rate": 1.0
    },
    {
        "model": 0,
        "sequence": 22,
        "status": 1,
        "fuel": 6828,
        "fault": 0.6916,
        "weapon": 0,
        "pilot_injury": 0.4757,
        "pilot_skill": 0.1506,
        "mission_priority": 0.3671,
        "estimated_landing_time": 2074.0,
        "wait_time": 0,
        "Landing_success_rate": 1.0
    },
    {
        "model": 0,
        "sequence": 13,
        "status": 1,
        "fuel": 5723,
        "fault": 0.1243,
        "weapon": 0,
        "pilot_injury": 0.7298,
        "pilot_skill": 0.0073,
        "mission_priority": 0.6558,
        "estimated_landing_time": 1228.0,
        "wait_time": 0,
        "Landing_success_rate": 1.0
    },
    {
        "model": 2,
        "sequence": 5,
        "status": 1,
        "fuel": 6494,
        "fault": 0.0576,
        "weapon": 0,
        "pilot_injury": 0.907,
        "pilot_skill": 0.6003,
        "mission_priority": 0.5762,
        "estimated_landing_time": 476.0,
        "wait_time": 0,
        "Landing_success_rate": 1.0
    },
    {
        "model": 1,
        "sequence": 24,
        "status": 1,
        "fuel": 5869,
        "fault": 0.6523,
        "weapon": 1,
        "pilot_injury": 0.7069,
        "pilot_skill": 0.5022,
        "mission_priority": 0.8574,
        "estimated_landing_time": 2262.0,
        "wait_time": 0,
        "Landing_success_rate": 1.0
    },
    {
        "model": 1,
        "sequence": 17,
        "status": 1,
        "fuel": 7181,
        "fault": 0.4574,
        "weapon": 0,
        "pilot_injury": 0.5391,
        "pilot_skill": 0.9263,
        "mission_priority": 0.7991,
        "estimated_landing_time": 1604.0,
        "wait_time": 0,
        "Landing_success_rate": 1.0
    },
    {
        "model": 0,
        "sequence": 18,
        "status": 1,
        "fuel": 5732,
        "fault": 0.0811,
        "weapon": 0,
        "pilot_injury": 0.1964,
        "pilot_skill": 0.9333,
        "mission_priority": 0.6953,
        "estimated_landing_time": 1698.0,
        "wait_time": 0,
        "Landing_success_rate": 1.0
    },
    {
        "model": 1,
        "sequence": 23,
        "status": 1,
        "fuel": 5714,
        "fault": 0.5831,
        "weapon": 1,
        "pilot_injury": 0.3152,
        "pilot_skill": 0.8321,
        "mission_priority": 0.2618,
        "estimated_landing_time": 2168.0,
        "wait_time": 0,
        "Landing_success_rate": 1.0
    },
    {
        "model": 2,
        "sequence": 10,
        "status": 1,
        "fuel": 7063,
        "fault": 0.2918,
        "weapon": 0,
        "pilot_injury": 0.5178,
        "pilot_skill": 0.3004,
        "mission_priority": 0.4093,
        "estimated_landing_time": 946.0,
        "wait_time": 0,
        "Landing_success_rate": 1.0
    },
    {
        "model": 2,
        "sequence": 7,
        "status": 1,
        "fuel": 5698,
        "fault": 0.8138,
        "weapon": 1,
        "pilot_injury": 0.9622,
        "pilot_skill": 0.4929,
        "mission_priority": 0.7649,
        "estimated_landing_time": 664.0,
        "wait_time": 0,
        "Landing_success_rate": 1.0
    },
    {
        "model": 1,
        "sequence": 21,
        "status": 1,
        "fuel": 5641,
        "fault": 0.7392,
        "weapon": 0,
        "pilot_injury": 0.42,
        "pilot_skill": 0.0423,
        "mission_priority": 0.7414,
        "estimated_landing_time": 1980.0,
        "wait_time": 0,
        "Landing_success_rate": 1.0
    },
    {
        "model": 1,
        "sequence": 14,
        "status": 1,
        "fuel": 7110,
        "fault": 0.5803,
        "weapon": 1,
        "pilot_injury": 0.9538,
        "pilot_skill": 0.5349,
        "mission_priority": 0.1674,
        "estimated_landing_time": 1322.0,
        "wait_time": 0,
        "Landing_success_rate": 1.0
    }
]