[
    {
        "model": 2,
        "sequence": 22,
        "status": 1,
        "fuel": 5978,
        "fault": 0.5797,
        "weapon": 1,
        "pilot_injury": 0.7905,
        "pilot_skill": 0.1181,
        "mission_priority": 0.628,
        "estimated_landing_time": 2074.0,
        "wait_time": 0,
        "Landing_success_rate": 1.0
    },
    {
        "model": 0,
        "sequence": 20,
        "status": 1,
        "fuel": 5717,
        "fault": 0.1187,
        "weapon": 1,
        "pilot_injury": 0.2756,
        "pilot_skill": 0.4797,
        "mission_priority": 0.3101,
        "estimated_landing_time": 1886.0,
        "wait_time": 0,
        "Landing_success_rate": 1.0
    },
    {
        "model": 2,
        "sequence": 1,
        "status": 1,
        "fuel": 5622,
        "fault": 0.3269,
        "weapon": 0,
        "pilot_injury": 0.4227,
        "pilot_skill": 0.9151,
        "mission_priority": 0.9166,
        "estimated_landing_time": 100.0,
        "wait_time": 0,
        "Landing_success_rate": 1.0
    },
    {
        "model": 1,
        "sequence": 4,
        "status": 1,
        "fuel": 5540,
        "fault": 0.1778,
        "weapon": 1,
        "pilot_injury": 0.168,
        "pilot_skill": 0.889,
        "mission_priority": 0.5968,
        "estimated_landing_time": 382.0,
        "wait_time": 0,
        "Landing_success_rate": 1.0
    },
    {
        "model": 1,
        "sequence": 19,
        "status": 1,
        "fuel": 6846,
        "fault": 0.94,
        "weapon": 0,
        "pilot_injury": 0.3197,
        "pilot_skill": 0.2752,
        "mission_priority": 0.5598,
        "estimated_landing_time": 1792.0,
        "wait_time": 0,
        "Landing_success_rate": 1.0
    },
    {
        "model": 0,
        "sequence": 5,
        "status": 1,
        "fuel": 5721,
        "fault": 0.1728,
        "weapon": 1,
        "pilot_injury": 0.5729,
        "pilot_skill": 0.7591,
        "mission_priority": 0.3288,
        "estimated_landing_time": 476.0,
        "wait_time": 0,
        "Landing_success_rate": 1.0
    },
    {
        "model": 0,
        "sequence": 18,
        "status": 1,
        "fuel": 6786,
        "fault": 0.1594,
        "weapon": 0,
        "pilot_injury": 0.9606,
        "pilot_skill": 0.4214,
        "mission_priority": 0.0413,
        "estimated_landing_time": 1698.0,
        "wait_time": 0,
        "Landing_success_rate": 1.0
    },
    {
        "model": 0,
        "sequence": 21,
        "status": 1,
        "fuel": 6072,
        "fault": 0.0484,
        "weapon": 0,
        "pilot_injury": 0.1216,
        "pilot_skill": 0.763,
        "mission_priority": 0.6202,
        "estimated_landing_time": 1980.0,
        "wait_time": 0,
        "Landing_success_rate": 1.0
    },
    {
        "model": 0,
        "sequence": 12,
        "status": 1,
        "fuel": 6895,
        "fault": 0.1773,
        "weapon": 0,
        "pilot_injury": 0.0183,
        "pilot_skill": 0.0398,
        "mission_priority": 0.7248,
        "estimated_landing_time": 1134.0,
        "wait_time": 0,
        "Landing_success_rate": 1.0
    },
    {
        "model": 1,
        "sequence": 11,
        "status": 1,
        "fuel": 6828,
        "fault": 0.8436,
        "weapon": 0,
        "pilot_injury": 0.3992,
        "pilot_skill": 0.5556,
        "mission_priority": 0.7835,
        "estimated_landing_time": 1040.0,
        "wait_time": 0,
        "Landing_success_rate": 1.0
    },
    {
        "model": 1,
        "sequence": 8,
        "status": 1,
        "fuel": 7109,
        "fault": 0.0459,
        "weapon": 0,
        "pilot_injury": 0.7429,
        "pilot_skill": 0.6833,
        "mission_priority": 0.8015,
        "estimated_landing_time": 758.0,
        "wait_time": 0,
        "Landing_success_rate": 1.0
    },
    {
        "model": 0,
        "sequence": 13,
        "status": 1,
        "fuel": 7498,
        "fault": 0.8326,
        "weapon": 0,
        "pilot_injury": 0.2104,
        "pilot_skill": 0.6061,
        "mission_priority": 0.436,
        "estimated_landing_time": 1228.0,
        "wait_time": 0,
        "Landing_success_rate": 1.0
    },
    {
        "model": 2,
        "sequence": 3,
        "status": 1,
        "fuel": 6768,
        "fault": 0.6083,
        "weapon": 0,
        "pilot_injury": 0.3309,
        "pilot_skill": 0.1663,
        "mission_priority": 0.9817,
        "estimated_landing_time": 288.0,
        "wait_time": 0,
        "Landing_success_rate": 1.0
    },
    {
        "model": 0,
        "sequence": 24,
        "status": 1,
        "fuel": 5938,
        "fault": 0.9985,
        "weapon": 0,
        "pilot_injury": 0.7064,
        "pilot_skill": 0.0892,
        "mission_priority": 0.152,
        "estimated_landing_time": 2262.0,
        "wait_time": 0,
        "Landing_success_rate": 1.0
    },
    {
        "model": 0,
        "sequence": 14,
        "status": 1,
        "fuel": 5995,
        "fault": 0.415,
        "weapon": 1,
        "pilot_injury": 0.9731,
        "pilot_skill": 0.6133,
        "mission_priority": 0.0744,
        "estimated_landing_time": 1322.0,
        "wait_time": 0,
        "Landing_success_rate": 1.0
    },
    {
        "model": 0,
        "sequence": 17,
        "status": 1,
        "fuel": 6218,
        "fault": 0.0672,
        "weapon": 0,
        "pilot_injury": 0.4162,
        "pilot_skill": 0.6661,
        "mission_priority": 0.7732,
        "estimated_landing_time": 1604.0,
        "wait_time": 0,
        "Landing_success_rate": 1.0
    },
    {
        "model": 2,
        "sequence": 10,
        "status": 1,
        "fuel": 5723,
        "fault": 0.8555,
        "weapon": 1,
        "pilot_injury": 0.4175,
        "pilot_skill": 0.7374,
        "mission_priority": 0.7141,
        "estimated_landing_time": 946.0,
        "wait_time": 0,
        "Landing_success_rate": 1.0
    },
    {
        "model": 0,
        "sequence": 23,
        "status": 1,
        "fuel": 6162,
        "fault": 0.1983,
        "weapon": 1,
        "pilot_injury": 0.8484,
        "pilot_skill": 0.6646,
        "mission_priority": 0.957,
        "estimated_landing_time": 2168.0,
        "wait_time": 0,
        "Landing_success_rate": 1.0
    },
    {
        "model": 1,
        "sequence": 9,
        "status": 1,
        "fuel": 6933,
        "fault": 0.4793,
        "weapon": 1,
        "pilot_injury": 0.1483,
        "pilot_skill": 0.2116,
        "mission_priority": 0.8174,
        "estimated_landing_time": 852.0,
        "wait_time": 0,
        "Landing_success_rate": 1.0
    },
    {
        "model": 2,
        "sequence": 15,
        "status": 1,
        "fuel": 5647,
        "fault": 0.6954,
        "weapon": 1,
        "pilot_injury": 0.2612,
        "pilot_skill": 0.2244,
        "mission_priority": 0.1062,
        "estimated_landing_time": 1416.0,
        "wait_time": 0,
        "Landing_success_rate": 1.0
    },
    {
        "model": 1,
        "sequence": 16,
        "status": 1,
        "fuel": 5822,
        "fault": 0.1463,
        "weapon": 0,
        "pilot_injury": 0.7066,
        "pilot_skill": 0.7388,
        "mission_priority": 0.3701,
        "estimated_landing_time": 1510.0,
        "wait_time": 0,
        "Landing_success_rate": 1.0
    },
    {
        "model": 2,
        "sequence": 6,
        "status": 1,
        "fuel": 6123,
        "fault": 0.396,
        "weapon": 0,
        "pilot_injury": 0.1111,
        "pilot_skill": 0.9452,
        "mission_priority": 0.5407,
        "estimated_landing_time": 570.0,
        "wait_time": 0,
        "Landing_success_rate": 1.0
    },
    {
        "model": 2,
        "sequence": 7,
        "status": 1,
        "fuel": 6697,
        "fault": 0.5656,
        "weapon": 1,
        "pilot_injury": 0.7574,
        "pilot_skill": 0.1099,
        "mission_priority": 0.8541,
        "estimated_landing_time": 664.0,
        "wait_time": 0,
        "Landing_success_rate": 1.0
    },
    {
        "model": 0,
        "sequence": 2,
        "status": 1,
        "fuel": 6405,
        "fault": 0.0577,
        "weapon": 1,
        "pilot_injury": 0.0978,
        "pilot_skill": 0.5574,
        "mission_priority": 0.2919,
        "estimated_landing_time": 194.0,
        "wait_time": 0,
        "Landing_success_rate": 1.0
    }
]