[
    {
        "model": 0,
        "sequence": 1,
        "status": 1,
        "fuel": 6029,
        "fault": 0.6277,
        "weapon": 0,
        "pilot_injury": 0.2052,
        "pilot_skill": 0.4571,
        "mission_priority": 0.6383,
        "estimated_landing_time": 100.0,
        "wait_time": 0,
        "Landing_success_rate": 1.0
    },
    {
        "model": 2,
        "sequence": 18,
        "status": 1,
        "fuel": 7104,
        "fault": 0.4267,
        "weapon": 1,
        "pilot_injury": 0.0174,
        "pilot_skill": 0.879,
        "mission_priority": 0.0348,
        "estimated_landing_time": 1698.0,
        "wait_time": 0,
        "Landing_success_rate": 1.0
    },
    {
        "model": 0,
        "sequence": 23,
        "status": 1,
        "fuel": 7181,
        "fault": 0.1562,
        "weapon": 1,
        "pilot_injury": 0.9724,
        "pilot_skill": 0.9352,
        "mission_priority": 0.6464,
        "estimated_landing_time": 2168.0,
        "wait_time": 0,
        "Landing_success_rate": 1.0
    },
    {
        "model": 1,
        "sequence": 2,
        "status": 1,
        "fuel": 6136,
        "fault": 0.3659,
        "weapon": 0,
        "pilot_injury": 0.0411,
        "pilot_skill": 0.2677,
        "mission_priority": 0.8477,
        "estimated_landing_time": 194.0,
        "wait_time": 0,
        "Landing_success_rate": 1.0
    },
    {
        "model": 2,
        "sequence": 15,
        "status": 1,
        "fuel": 5524,
        "fault": 0.5129,
        "weapon": 1,
        "pilot_injury": 0.837,
        "pilot_skill": 0.0622,
        "mission_priority": 0.3371,
        "estimated_landing_time": 1416.0,
        "wait_time": 0,
        "Landing_success_rate": 1.0
    },
    {
        "model": 2,
        "sequence": 10,
        "status": 1,
        "fuel": 6163,
        "fault": 0.1737,
        "weapon": 1,
        "pilot_injury": 0.8014,
        "pilot_skill": 0.4221,
        "mission_priority": 0.9321,
        "estimated_landing_time": 946.0,
        "wait_time": 0,
        "Landing_success_rate": 1.0
    },
    {
        "model": 0,
        "sequence": 19,
        "status": 1,
        "fuel": 6397,
        "fault": 0.8818,
        "weapon": 1,
        "pilot_injury": 0.1814,
        "pilot_skill": 0.2269,
        "mission_priority": 0.0087,
        "estimated_landing_time": 1792.0,
        "wait_time": 0,
        "Landing_success_rate": 1.0
    },
    {
        "model": 1,
        "sequence": 9,
        "status": 1,
        "fuel": 7395,
        "fault": 0.8289,
        "weapon": 0,
        "pilot_injury": 0.0673,
        "pilot_skill": 0.3405,
        "mission_priority": 0.3014,
        "estimated_landing_time": 852.0,
        "wait_time": 0,
        "Landing_success_rate": 1.0
    },
    {
        "model": 1,
        "sequence": 17,
        "status": 1,
        "fuel": 7451,
        "fault": 0.1236,
        "weapon": 0,
        "pilot_injury": 0.7251,
        "pilot_skill": 0.13,
        "mission_priority": 0.4962,
        "estimated_landing_time": 1604.0,
        "wait_time": 0,
        "Landing_success_rate": 1.0
    },
    {
        "model": 1,
        "sequence": 13,
        "status": 1,
        "fuel": 5615,
        "fault": 0.1988,
        "weapon": 1,
        "pilot_injury": 0.6459,
        "pilot_skill": 0.2064,
        "mission_priority": 0.8274,
        "estimated_landing_time": 1228.0,
        "wait_time": 0,
        "Landing_success_rate": 1.0
    },
    {
        "model": 2,
        "sequence": 7,
        "status": 1,
        "fuel": 7121,
        "fault": 0.1422,
        "weapon": 1,
        "pilot_injury": 0.8883,
        "pilot_skill": 0.3977,
        "mission_priority": 0.6988,
        "estimated_landing_time": 664.0,
        "wait_time": 0,
        "Landing_success_rate": 1.0
    },
    {
        "model": 1,
        "sequence": 14,
        "status": 1,
        "fuel": 5619,
        "fault": 0.4714,
        "weapon": 1,
        "pilot_injury": 0.0453,
        "pilot_skill": 0.3237,
        "mission_priority": 0.0475,
        "estimated_landing_time": 1322.0,
        "wait_time": 0,
        "Landing_success_rate": 1.0
    },
    {
        "model": 0,
        "sequence": 24,
        "status": 1,
        "fuel": 6636,
        "fault": 0.0857,
        "weapon": 0,
        "pilot_injury": 0.4246,
        "pilot_skill": 0.6414,
        "mission_priority": 0.4615,
        "estimated_landing_time": 2262.0,
        "wait_time": 0,
        "Landing_success_rate": 1.0
    },
    {
        "model": 2,
        "sequence": 6,
        "status": 1,
        "fuel": 7154,
        "fault": 0.7388,
        "weapon": 1,
        "pilot_injury": 0.067,
        "pilot_skill": 0.2574,
        "mission_priority": 0.3172,
        "estimated_landing_time": 570.0,
        "wait_time": 0,
        "Landing_success_rate": 1.0
    },
    {
        "model": 0,
        "sequence": 12,
        "status": 1,
        "fuel": 7380,
        "fault": 0.2787,
        "weapon": 0,
        "pilot_injury": 0.0358,
        "pilot_skill": 0.0946,
        "mission_priority": 0.6738,
        "estimated_landing_time": 1134.0,
        "wait_time": 0,
        "Landing_success_rate": 1.0
    },
    {
        "model": 2,
        "sequence": 11,
        "status": 1,
        "fuel": 5824,
        "fault": 0.0835,
        "weapon": 1,
        "pilot_injury": 0.8118,
        "pilot_skill": 0.0412,
        "mission_priority": 0.0687,
        "estimated_landing_time": 1040.0,
        "wait_time": 0,
        "Landing_success_rate": 1.0
    },
    {
        "model": 0,
        "sequence": 8,
        "status": 1,
        "fuel": 6714,
        "fault": 0.7779,
        "weapon": 1,
        "pilot_injury": 0.9645,
        "pilot_skill": 0.9368,
        "mission_priority": 0.6602,
        "estimated_landing_time": 758.0,
        "wait_time": 0,
        "Landing_success_rate": 1.0
    },
    {
        "model": 1,
        "sequence": 21,
        "status": 1,
        "fuel": 7379,
        "fault": 0.8701,
        "weapon": 1,
        "pilot_injury": 0.0451,
        "pilot_skill": 0.9079,
        "mission_priority": 0.66,
        "estimated_landing_time": 1980.0,
        "wait_time": 0,
        "Landing_success_rate": 1.0
    },
    {
        "model": 2,
        "sequence": 5,
        "status": 1,
        "fuel": 7175,
        "fault": 0.1142,
        "weapon": 0,
        "pilot_injury": 0.5097,
        "pilot_skill": 0.4003,
        "mission_priority": 0.0996,
        "estimated_landing_time": 476.0,
        "wait_time": 0,
        "Landing_success_rate": 1.0
    },
    {
        "model": 0,
        "sequence": 3,
        "status": 1,
        "fuel": 5623,
        "fault": 0.7715,
        "weapon": 0,
        "pilot_injury": 0.1125,
        "pilot_skill": 0.9942,
        "mission_priority": 0.8996,
        "estimated_landing_time": 288.0,
        "wait_time": 0,
        "Landing_success_rate": 1.0
    },
    {
        "model": 2,
        "sequence": 20,
        "status": 1,
        "fuel": 5659,
        "fault": 0.5917,
        "weapon": 0,
        "pilot_injury": 0.9236,
        "pilot_skill": 0.2464,
        "mission_priority": 0.4372,
        "estimated_landing_time": 1886.0,
        "wait_time": 0,
        "Landing_success_rate": 1.0
    },
    {
        "model": 2,
        "sequence": 22,
        "status": 1,
        "fuel": 7115,
        "fault": 0.6745,
        "weapon": 1,
        "pilot_injury": 0.981,
        "pilot_skill": 0.6894,
        "mission_priority": 0.4516,
        "estimated_landing_time": 2074.0,
        "wait_time": 0,
        "Landing_success_rate": 1.0
    },
    {
        "model": 1,
        "sequence": 4,
        "status": 1,
        "fuel": 5820,
        "fault": 0.78,
        "weapon": 0,
        "pilot_injury": 0.337,
        "pilot_skill": 0.1909,
        "mission_priority": 0.1865,
        "estimated_landing_time": 382.0,
        "wait_time": 0,
        "Landing_success_rate": 1.0
    },
    {
        "model": 2,
        "sequence": 16,
        "status": 1,
        "fuel": 6715,
        "fault": 0.1581,
        "weapon": 1,
        "pilot_injury": 0.2941,
        "pilot_skill": 0.9517,
        "mission_priority": 0.8167,
        "estimated_landing_time": 1510.0,
        "wait_time": 0,
        "Landing_success_rate": 1.0
    }
]