[
    {
        "model": 1,
        "sequence": 23,
        "status": 1,
        "fuel": 6114,
        "fault": 0.0842,
        "weapon": 1,
        "pilot_injury": 0.5097,
        "pilot_skill": 0.3757,
        "mission_priority": 0.302,
        "estimated_landing_time": 2168.0,
        "wait_time": 0,
        "Landing_success_rate": 1.0
    },
    {
        "model": 1,
        "sequence": 3,
        "status": 1,
        "fuel": 5582,
        "fault": 0.9572,
        "weapon": 1,
        "pilot_injury": 0.4481,
        "pilot_skill": 0.3206,
        "mission_priority": 0.8799,
        "estimated_landing_time": 288.0,
        "wait_time": 0,
        "Landing_success_rate": 1.0
    },
    {
        "model": 0,
        "sequence": 21,
        "status": 1,
        "fuel": 6867,
        "fault": 0.4556,
        "weapon": 1,
        "pilot_injury": 0.9048,
        "pilot_skill": 0.6468,
        "mission_priority": 0.3659,
        "estimated_landing_time": 1980.0,
        "wait_time": 0,
        "Landing_success_rate": 1.0
    },
    {
        "model": 2,
        "sequence": 11,
        "status": 1,
        "fuel": 5755,
        "fault": 0.464,
        "weapon": 0,
        "pilot_injury": 0.49,
        "pilot_skill": 0.5934,
        "mission_priority": 0.5963,
        "estimated_landing_time": 1040.0,
        "wait_time": 0,
        "Landing_success_rate": 1.0
    },
    {
        "model": 1,
        "sequence": 7,
        "status": 1,
        "fuel": 6260,
        "fault": 0.5657,
        "weapon": 0,
        "pilot_injury": 0.931,
        "pilot_skill": 0.0404,
        "mission_priority": 0.5057,
        "estimated_landing_time": 664.0,
        "wait_time": 0,
        "Landing_success_rate": 1.0
    },
    {
        "model": 1,
        "sequence": 18,
        "status": 1,
        "fuel": 6285,
        "fault": 0.5289,
        "weapon": 1,
        "pilot_injury": 0.0697,
        "pilot_skill": 0.7891,
        "mission_priority": 0.6424,
        "estimated_landing_time": 1698.0,
        "wait_time": 0,
        "Landing_success_rate": 1.0
    },
    {
        "model": 2,
        "sequence": 13,
        "status": 1,
        "fuel": 5887,
        "fault": 0.662,
        "weapon": 1,
        "pilot_injury": 0.7466,
        "pilot_skill": 0.2827,
        "mission_priority": 0.6757,
        "estimated_landing_time": 1228.0,
        "wait_time": 0,
        "Landing_success_rate": 1.0
    },
    {
        "model": 0,
        "sequence": 8,
        "status": 1,
        "fuel": 7008,
        "fault": 0.1508,
        "weapon": 0,
        "pilot_injury": 0.5444,
        "pilot_skill": 0.4136,
        "mission_priority": 0.2436,
        "estimated_landing_time": 758.0,
        "wait_time": 0,
        "Landing_success_rate": 1.0
    },
    {
        "model": 0,
        "sequence": 10,
        "status": 1,
        "fuel": 6928,
        "fault": 0.5474,
        "weapon": 1,
        "pilot_injury": 0.4185,
        "pilot_skill": 0.0949,
        "mission_priority": 0.112,
        "estimated_landing_time": 946.0,
        "wait_time": 0,
        "Landing_success_rate": 1.0
    },
    {
        "model": 0,
        "sequence": 2,
        "status": 1,
        "fuel": 6097,
        "fault": 0.2093,
        "weapon": 1,
        "pilot_injury": 0.5918,
        "pilot_skill": 0.6943,
        "mission_priority": 0.4862,
        "estimated_landing_time": 194.0,
        "wait_time": 0,
        "Landing_success_rate": 1.0
    },
    {
        "model": 0,
        "sequence": 12,
        "status": 1,
        "fuel": 6986,
        "fault": 0.1172,
        "weapon": 0,
        "pilot_injury": 0.3742,
        "pilot_skill": 0.6882,
        "mission_priority": 0.6585,
        "estimated_landing_time": 1134.0,
        "wait_time": 0,
        "Landing_success_rate": 1.0
    },
    {
        "model": 2,
        "sequence": 24,
        "status": 1,
        "fuel": 5789,
        "fault": 0.1998,
        "weapon": 0,
        "pilot_injury": 0.7262,
        "pilot_skill": 0.8185,
        "mission_priority": 0.3921,
        "estimated_landing_time": 2262.0,
        "wait_time": 0,
        "Landing_success_rate": 1.0
    },
    {
        "model": 0,
        "sequence": 6,
        "status": 1,
        "fuel": 7438,
        "fault": 0.6466,
        "weapon": 1,
        "pilot_injury": 0.756,
        "pilot_skill": 0.8804,
        "mission_priority": 0.7615,
        "estimated_landing_time": 570.0,
        "wait_time": 0,
        "Landing_success_rate": 1.0
    },
    {
        "model": 1,
        "sequence": 17,
        "status": 1,
        "fuel": 7393,
        "fault": 0.0234,
        "weapon": 1,
        "pilot_injury": 0.8731,
        "pilot_skill": 0.8146,
        "mission_priority": 0.698,
        "estimated_landing_time": 1604.0,
        "wait_time": 0,
        "Landing_success_rate": 1.0
    },
    {
        "model": 1,
        "sequence": 15,
        "status": 1,
        "fuel": 5933,
        "fault": 0.3665,
        "weapon": 0,
        "pilot_injury": 0.9908,
        "pilot_skill": 0.8371,
        "mission_priority": 0.1636,
        "estimated_landing_time": 1416.0,
        "wait_time": 0,
        "Landing_success_rate": 1.0
    },
    {
        "model": 1,
        "sequence": 20,
        "status": 1,
        "fuel": 6821,
        "fault": 0.3105,
        "weapon": 0,
        "pilot_injury": 0.2243,
        "pilot_skill": 0.501,
        "mission_priority": 0.3614,
        "estimated_landing_time": 1886.0,
        "wait_time": 0,
        "Landing_success_rate": 1.0
    },
    {
        "model": 2,
        "sequence": 19,
        "status": 1,
        "fuel": 5658,
        "fault": 0.1023,
        "weapon": 0,
        "pilot_injury": 0.0104,
        "pilot_skill": 0.9204,
        "mission_priority": 0.239,
        "estimated_landing_time": 1792.0,
        "wait_time": 0,
        "Landing_success_rate": 1.0
    },
    {
        "model": 2,
        "sequence": 9,
        "status": 1,
        "fuel": 6342,
        "fault": 0.8049,
        "weapon": 0,
        "pilot_injury": 0.1956,
        "pilot_skill": 0.0533,
        "mission_priority": 0.5305,
        "estimated_landing_time": 852.0,
        "wait_time": 0,
        "Landing_success_rate": 1.0
    },
    {
        "model": 1,
        "sequence": 14,
        "status": 1,
        "fuel": 6678,
        "fault": 0.0742,
        "weapon": 0,
        "pilot_injury": 0.3022,
        "pilot_skill": 0.2217,
        "mission_priority": 0.7398,
        "estimated_landing_time": 1322.0,
        "wait_time": 0,
        "Landing_success_rate": 1.0
    },
    {
        "model": 0,
        "sequence": 22,
        "status": 1,
        "fuel": 6686,
        "fault": 0.0989,
        "weapon": 0,
        "pilot_injury": 0.1516,
        "pilot_skill": 0.4746,
        "mission_priority": 0.5902,
        "estimated_landing_time": 2074.0,
        "wait_time": 0,
        "Landing_success_rate": 1.0
    },
    {
        "model": 0,
        "sequence": 5,
        "status": 1,
        "fuel": 6403,
        "fault": 0.2922,
        "weapon": 1,
        "pilot_injury": 0.8976,
        "pilot_skill": 0.8761,
        "mission_priority": 0.3112,
        "estimated_landing_time": 476.0,
        "wait_time": 0,
        "Landing_success_rate": 1.0
    },
    {
        "model": 0,
        "sequence": 16,
        "status": 1,
        "fuel": 6315,
        "fault": 0.219,
        "weapon": 0,
        "pilot_injury": 0.0961,
        "pilot_skill": 0.2334,
        "mission_priority": 0.1668,
        "estimated_landing_time": 1510.0,
        "wait_time": 0,
        "Landing_success_rate": 1.0
    },
    {
        "model": 0,
        "sequence": 4,
        "status": 1,
        "fuel": 5673,
        "fault": 0.6763,
        "weapon": 0,
        "pilot_injury": 0.6275,
        "pilot_skill": 0.4881,
        "mission_priority": 0.8623,
        "estimated_landing_time": 382.0,
        "wait_time": 0,
        "Landing_success_rate": 1.0
    },
    {
        "model": 1,
        "sequence": 1,
        "status": 1,
        "fuel": 7315,
        "fault": 0.4137,
        "weapon": 0,
        "pilot_injury": 0.3074,
        "pilot_skill": 0.832,
        "mission_priority": 0.0795,
        "estimated_landing_time": 100.0,
        "wait_time": 0,
        "Landing_success_rate": 1.0
    }
]