[
    {
        "model": 1,
        "sequence": 24,
        "status": 1,
        "fuel": 6623,
        "fault": 0.5986,
        "weapon": 1,
        "pilot_injury": 0.7741,
        "pilot_skill": 0.6917,
        "mission_priority": 0.5006,
        "estimated_landing_time": 2262.0,
        "wait_time": 0,
        "Landing_success_rate": 1.0
    },
    {
        "model": 2,
        "sequence": 6,
        "status": 1,
        "fuel": 6620,
        "fault": 0.6528,
        "weapon": 1,
        "pilot_injury": 0.8899,
        "pilot_skill": 0.2684,
        "mission_priority": 0.5396,
        "estimated_landing_time": 570.0,
        "wait_time": 0,
        "Landing_success_rate": 1.0
    },
    {
        "model": 1,
        "sequence": 4,
        "status": 1,
        "fuel": 5684,
        "fault": 0.1109,
        "weapon": 1,
        "pilot_injury": 0.926,
        "pilot_skill": 0.4531,
        "mission_priority": 0.4625,
        "estimated_landing_time": 382.0,
        "wait_time": 0,
        "Landing_success_rate": 1.0
    },
    {
        "model": 2,
        "sequence": 20,
        "status": 1,
        "fuel": 5952,
        "fault": 0.6246,
        "weapon": 0,
        "pilot_injury": 0.0386,
        "pilot_skill": 0.8176,
        "mission_priority": 0.4024,
        "estimated_landing_time": 1886.0,
        "wait_time": 0,
        "Landing_success_rate": 1.0
    },
    {
        "model": 2,
        "sequence": 21,
        "status": 1,
        "fuel": 5816,
        "fault": 0.9958,
        "weapon": 1,
        "pilot_injury": 0.3354,
        "pilot_skill": 0.9715,
        "mission_priority": 0.4478,
        "estimated_landing_time": 1980.0,
        "wait_time": 0,
        "Landing_success_rate": 1.0
    },
    {
        "model": 0,
        "sequence": 13,
        "status": 1,
        "fuel": 7415,
        "fault": 0.6382,
        "weapon": 0,
        "pilot_injury": 0.1776,
        "pilot_skill": 0.4033,
        "mission_priority": 0.7848,
        "estimated_landing_time": 1228.0,
        "wait_time": 0,
        "Landing_success_rate": 1.0
    },
    {
        "model": 2,
        "sequence": 12,
        "status": 1,
        "fuel": 7465,
        "fault": 0.5313,
        "weapon": 1,
        "pilot_injury": 0.7414,
        "pilot_skill": 0.7516,
        "mission_priority": 0.3896,
        "estimated_landing_time": 1134.0,
        "wait_time": 0,
        "Landing_success_rate": 1.0
    },
    {
        "model": 0,
        "sequence": 10,
        "status": 1,
        "fuel": 5857,
        "fault": 0.506,
        "weapon": 1,
        "pilot_injury": 0.2084,
        "pilot_skill": 0.9926,
        "mission_priority": 0.4192,
        "estimated_landing_time": 946.0,
        "wait_time": 0,
        "Landing_success_rate": 1.0
    },
    {
        "model": 0,
        "sequence": 18,
        "status": 1,
        "fuel": 6089,
        "fault": 0.2033,
        "weapon": 0,
        "pilot_injury": 0.125,
        "pilot_skill": 0.7565,
        "mission_priority": 0.6492,
        "estimated_landing_time": 1698.0,
        "wait_time": 0,
        "Landing_success_rate": 1.0
    },
    {
        "model": 2,
        "sequence": 11,
        "status": 1,
        "fuel": 6323,
        "fault": 0.1803,
        "weapon": 1,
        "pilot_injury": 0.8357,
        "pilot_skill": 0.2693,
        "mission_priority": 0.3301,
        "estimated_landing_time": 1040.0,
        "wait_time": 0,
        "Landing_success_rate": 1.0
    },
    {
        "model": 0,
        "sequence": 14,
        "status": 1,
        "fuel": 6452,
        "fault": 0.3682,
        "weapon": 0,
        "pilot_injury": 0.7011,
        "pilot_skill": 0.3959,
        "mission_priority": 0.7372,
        "estimated_landing_time": 1322.0,
        "wait_time": 0,
        "Landing_success_rate": 1.0
    },
    {
        "model": 1,
        "sequence": 2,
        "status": 1,
        "fuel": 6322,
        "fault": 0.6119,
        "weapon": 0,
        "pilot_injury": 0.9472,
        "pilot_skill": 0.621,
        "mission_priority": 0.5418,
        "estimated_landing_time": 194.0,
        "wait_time": 0,
        "Landing_success_rate": 1.0
    },
    {
        "model": 0,
        "sequence": 23,
        "status": 1,
        "fuel": 7427,
        "fault": 0.7723,
        "weapon": 1,
        "pilot_injury": 0.5777,
        "pilot_skill": 0.2019,
        "mission_priority": 0.6204,
        "estimated_landing_time": 2168.0,
        "wait_time": 0,
        "Landing_success_rate": 1.0
    },
    {
        "model": 1,
        "sequence": 17,
        "status": 1,
        "fuel": 5575,
        "fault": 0.5689,
        "weapon": 0,
        "pilot_injury": 0.4253,
        "pilot_skill": 0.2039,
        "mission_priority": 0.5693,
        "estimated_landing_time": 1604.0,
        "wait_time": 0,
        "Landing_success_rate": 1.0
    },
    {
        "model": 0,
        "sequence": 9,
        "status": 1,
        "fuel": 7108,
        "fault": 0.8948,
        "weapon": 1,
        "pilot_injury": 0.0035,
        "pilot_skill": 0.0359,
        "mission_priority": 0.8313,
        "estimated_landing_time": 852.0,
        "wait_time": 0,
        "Landing_success_rate": 1.0
    },
    {
        "model": 0,
        "sequence": 7,
        "status": 1,
        "fuel": 6065,
        "fault": 0.8909,
        "weapon": 0,
        "pilot_injury": 0.9815,
        "pilot_skill": 0.7458,
        "mission_priority": 0.2188,
        "estimated_landing_time": 664.0,
        "wait_time": 0,
        "Landing_success_rate": 1.0
    },
    {
        "model": 0,
        "sequence": 22,
        "status": 1,
        "fuel": 7125,
        "fault": 0.8995,
        "weapon": 1,
        "pilot_injury": 0.076,
        "pilot_skill": 0.6531,
        "mission_priority": 0.4966,
        "estimated_landing_time": 2074.0,
        "wait_time": 0,
        "Landing_success_rate": 1.0
    },
    {
        "model": 2,
        "sequence": 3,
        "status": 1,
        "fuel": 7394,
        "fault": 0.5607,
        "weapon": 1,
        "pilot_injury": 0.2719,
        "pilot_skill": 0.2135,
        "mission_priority": 0.0685,
        "estimated_landing_time": 288.0,
        "wait_time": 0,
        "Landing_success_rate": 1.0
    },
    {
        "model": 2,
        "sequence": 15,
        "status": 1,
        "fuel": 5606,
        "fault": 0.6575,
        "weapon": 1,
        "pilot_injury": 0.7111,
        "pilot_skill": 0.8944,
        "mission_priority": 0.993,
        "estimated_landing_time": 1416.0,
        "wait_time": 0,
        "Landing_success_rate": 1.0
    },
    {
        "model": 2,
        "sequence": 5,
        "status": 1,
        "fuel": 5528,
        "fault": 0.8877,
        "weapon": 0,
        "pilot_injury": 0.9121,
        "pilot_skill": 0.4016,
        "mission_priority": 0.8034,
        "estimated_landing_time": 476.0,
        "wait_time": 0,
        "Landing_success_rate": 1.0
    },
    {
        "model": 2,
        "sequence": 19,
        "status": 1,
        "fuel": 7055,
        "fault": 0.1876,
        "weapon": 0,
        "pilot_injury": 0.0111,
        "pilot_skill": 0.9899,
        "mission_priority": 0.0056,
        "estimated_landing_time": 1792.0,
        "wait_time": 0,
        "Landing_success_rate": 1.0
    },
    {
        "model": 1,
        "sequence": 1,
        "status": 1,
        "fuel": 6217,
        "fault": 0.2511,
        "weapon": 0,
        "pilot_injury": 0.8504,
        "pilot_skill": 0.7941,
        "mission_priority": 0.2532,
        "estimated_landing_time": 100.0,
        "wait_time": 0,
        "Landing_success_rate": 1.0
    },
    {
        "model": 0,
        "sequence": 16,
        "status": 1,
        "fuel": 6714,
        "fault": 0.3016,
        "weapon": 0,
        "pilot_injury": 0.3318,
        "pilot_skill": 0.263,
        "mission_priority": 0.6559,
        "estimated_landing_time": 1510.0,
        "wait_time": 0,
        "Landing_success_rate": 1.0
    },
    {
        "model": 2,
        "sequence": 8,
        "status": 1,
        "fuel": 6138,
        "fault": 0.8844,
        "weapon": 1,
        "pilot_injury": 0.9614,
        "pilot_skill": 0.2363,
        "mission_priority": 0.902,
        "estimated_landing_time": 758.0,
        "wait_time": 0,
        "Landing_success_rate": 1.0
    }
]