[
    {
        "model": 2,
        "sequence": 6,
        "status": 1,
        "fuel": 6301,
        "fault": 0.7979,
        "weapon": 0,
        "pilot_injury": 0.3497,
        "pilot_skill": 0.9777,
        "mission_priority": 0.3018,
        "estimated_landing_time": 570.0,
        "wait_time": 0,
        "Landing_success_rate": 1.0
    },
    {
        "model": 1,
        "sequence": 11,
        "status": 1,
        "fuel": 6726,
        "fault": 0.0414,
        "weapon": 1,
        "pilot_injury": 0.2711,
        "pilot_skill": 0.9564,
        "mission_priority": 0.2161,
        "estimated_landing_time": 1040.0,
        "wait_time": 0,
        "Landing_success_rate": 1.0
    },
    {
        "model": 2,
        "sequence": 17,
        "status": 1,
        "fuel": 6722,
        "fault": 0.4032,
        "weapon": 0,
        "pilot_injury": 0.875,
        "pilot_skill": 0.2216,
        "mission_priority": 0.0347,
        "estimated_landing_time": 1604.0,
        "wait_time": 0,
        "Landing_success_rate": 1.0
    },
    {
        "model": 1,
        "sequence": 8,
        "status": 1,
        "fuel": 7431,
        "fault": 0.355,
        "weapon": 1,
        "pilot_injury": 0.5228,
        "pilot_skill": 0.0416,
        "mission_priority": 0.0929,
        "estimated_landing_time": 758.0,
        "wait_time": 0,
        "Landing_success_rate": 1.0
    },
    {
        "model": 1,
        "sequence": 20,
        "status": 1,
        "fuel": 6799,
        "fault": 0.3163,
        "weapon": 0,
        "pilot_injury": 0.2998,
        "pilot_skill": 0.5626,
        "mission_priority": 0.0737,
        "estimated_landing_time": 1886.0,
        "wait_time": 0,
        "Landing_success_rate": 1.0
    },
    {
        "model": 1,
        "sequence": 3,
        "status": 1,
        "fuel": 7404,
        "fault": 0.6143,
        "weapon": 1,
        "pilot_injury": 0.7782,
        "pilot_skill": 0.8267,
        "mission_priority": 0.9879,
        "estimated_landing_time": 288.0,
        "wait_time": 0,
        "Landing_success_rate": 1.0
    },
    {
        "model": 0,
        "sequence": 22,
        "status": 1,
        "fuel": 5968,
        "fault": 0.0365,
        "weapon": 0,
        "pilot_injury": 0.1526,
        "pilot_skill": 0.0479,
        "mission_priority": 0.8863,
        "estimated_landing_time": 2074.0,
        "wait_time": 0,
        "Landing_success_rate": 1.0
    },
    {
        "model": 0,
        "sequence": 21,
        "status": 1,
        "fuel": 5558,
        "fault": 0.6399,
        "weapon": 1,
        "pilot_injury": 0.4963,
        "pilot_skill": 0.8797,
        "mission_priority": 0.7497,
        "estimated_landing_time": 1980.0,
        "wait_time": 0,
        "Landing_success_rate": 1.0
    },
    {
        "model": 1,
        "sequence": 24,
        "status": 1,
        "fuel": 7365,
        "fault": 0.2995,
        "weapon": 0,
        "pilot_injury": 0.2668,
        "pilot_skill": 0.7731,
        "mission_priority": 0.9485,
        "estimated_landing_time": 2262.0,
        "wait_time": 0,
        "Landing_success_rate": 1.0
    },
    {
        "model": 1,
        "sequence": 18,
        "status": 1,
        "fuel": 6756,
        "fault": 0.8312,
        "weapon": 1,
        "pilot_injury": 0.0547,
        "pilot_skill": 0.777,
        "mission_priority": 0.71,
        "estimated_landing_time": 1698.0,
        "wait_time": 0,
        "Landing_success_rate": 1.0
    },
    {
        "model": 0,
        "sequence": 5,
        "status": 1,
        "fuel": 6445,
        "fault": 0.6018,
        "weapon": 0,
        "pilot_injury": 0.0155,
        "pilot_skill": 0.6312,
        "mission_priority": 0.8323,
        "estimated_landing_time": 476.0,
        "wait_time": 0,
        "Landing_success_rate": 1.0
    },
    {
        "model": 2,
        "sequence": 2,
        "status": 1,
        "fuel": 7433,
        "fault": 0.4433,
        "weapon": 1,
        "pilot_injury": 0.991,
        "pilot_skill": 0.3561,
        "mission_priority": 0.3805,
        "estimated_landing_time": 194.0,
        "wait_time": 0,
        "Landing_success_rate": 1.0
    },
    {
        "model": 1,
        "sequence": 9,
        "status": 1,
        "fuel": 6387,
        "fault": 0.9384,
        "weapon": 0,
        "pilot_injury": 0.2712,
        "pilot_skill": 0.7992,
        "mission_priority": 0.6917,
        "estimated_landing_time": 852.0,
        "wait_time": 0,
        "Landing_success_rate": 1.0
    },
    {
        "model": 1,
        "sequence": 14,
        "status": 1,
        "fuel": 6124,
        "fault": 0.8808,
        "weapon": 1,
        "pilot_injury": 0.9978,
        "pilot_skill": 0.3848,
        "mission_priority": 0.3912,
        "estimated_landing_time": 1322.0,
        "wait_time": 0,
        "Landing_success_rate": 1.0
    },
    {
        "model": 0,
        "sequence": 13,
        "status": 1,
        "fuel": 6116,
        "fault": 0.589,
        "weapon": 0,
        "pilot_injury": 0.0134,
        "pilot_skill": 0.6554,
        "mission_priority": 0.7196,
        "estimated_landing_time": 1228.0,
        "wait_time": 0,
        "Landing_success_rate": 1.0
    },
    {
        "model": 2,
        "sequence": 10,
        "status": 1,
        "fuel": 7333,
        "fault": 0.3404,
        "weapon": 0,
        "pilot_injury": 0.6844,
        "pilot_skill": 0.7887,
        "mission_priority": 0.096,
        "estimated_landing_time": 946.0,
        "wait_time": 0,
        "Landing_success_rate": 1.0
    },
    {
        "model": 1,
        "sequence": 15,
        "status": 1,
        "fuel": 6063,
        "fault": 0.9207,
        "weapon": 1,
        "pilot_injury": 0.1001,
        "pilot_skill": 0.6699,
        "mission_priority": 0.2345,
        "estimated_landing_time": 1416.0,
        "wait_time": 0,
        "Landing_success_rate": 1.0
    },
    {
        "model": 1,
        "sequence": 19,
        "status": 1,
        "fuel": 6650,
        "fault": 0.7796,
        "weapon": 0,
        "pilot_injury": 0.1045,
        "pilot_skill": 0.2509,
        "mission_priority": 0.4388,
        "estimated_landing_time": 1792.0,
        "wait_time": 0,
        "Landing_success_rate": 1.0
    },
    {
        "model": 1,
        "sequence": 1,
        "status": 1,
        "fuel": 6164,
        "fault": 0.7502,
        "weapon": 0,
        "pilot_injury": 0.321,
        "pilot_skill": 0.8594,
        "mission_priority": 0.9104,
        "estimated_landing_time": 100.0,
        "wait_time": 0,
        "Landing_success_rate": 1.0
    },
    {
        "model": 1,
        "sequence": 4,
        "status": 1,
        "fuel": 5863,
        "fault": 0.7204,
        "weapon": 1,
        "pilot_injury": 0.5814,
        "pilot_skill": 0.2146,
        "mission_priority": 0.9936,
        "estimated_landing_time": 382.0,
        "wait_time": 0,
        "Landing_success_rate": 1.0
    },
    {
        "model": 0,
        "sequence": 16,
        "status": 1,
        "fuel": 5880,
        "fault": 0.3493,
        "weapon": 0,
        "pilot_injury": 0.2721,
        "pilot_skill": 0.6484,
        "mission_priority": 0.3228,
        "estimated_landing_time": 1510.0,
        "wait_time": 0,
        "Landing_success_rate": 1.0
    },
    {
        "model": 2,
        "sequence": 7,
        "status": 1,
        "fuel": 6050,
        "fault": 0.8554,
        "weapon": 0,
        "pilot_injury": 0.2669,
        "pilot_skill": 0.7052,
        "mission_priority": 0.9349,
        "estimated_landing_time": 664.0,
        "wait_time": 0,
        "Landing_success_rate": 1.0
    },
    {
        "model": 2,
        "sequence": 12,
        "status": 1,
        "fuel": 6097,
        "fault": 0.7372,
        "weapon": 0,
        "pilot_injury": 0.9429,
        "pilot_skill": 0.2035,
        "mission_priority": 0.0209,
        "estimated_landing_time": 1134.0,
        "wait_time": 0,
        "Landing_success_rate": 1.0
    },
    {
        "model": 1,
        "sequence": 23,
        "status": 1,
        "fuel": 5752,
        "fault": 0.2382,
        "weapon": 0,
        "pilot_injury": 0.2984,
        "pilot_skill": 0.2269,
        "mission_priority": 0.9177,
        "estimated_landing_time": 2168.0,
        "wait_time": 0,
        "Landing_success_rate": 1.0
    }
]