[
    {
        "model": 2,
        "sequence": 2,
        "status": 1,
        "fuel": 5742,
        "fault": 0.6826,
        "weapon": 0,
        "pilot_injury": 0.0443,
        "pilot_skill": 0.6967,
        "mission_priority": 0.9966,
        "estimated_landing_time": 194.0,
        "wait_time": 0,
        "Landing_success_rate": 1.0
    },
    {
        "model": 2,
        "sequence": 6,
        "status": 1,
        "fuel": 5817,
        "fault": 0.1775,
        "weapon": 1,
        "pilot_injury": 0.9978,
        "pilot_skill": 0.1415,
        "mission_priority": 0.9261,
        "estimated_landing_time": 570.0,
        "wait_time": 0,
        "Landing_success_rate": 1.0
    },
    {
        "model": 2,
        "sequence": 5,
        "status": 1,
        "fuel": 6754,
        "fault": 0.4001,
        "weapon": 0,
        "pilot_injury": 0.3447,
        "pilot_skill": 0.6298,
        "mission_priority": 0.8428,
        "estimated_landing_time": 476.0,
        "wait_time": 0,
        "Landing_success_rate": 1.0
    },
    {
        "model": 1,
        "sequence": 3,
        "status": 1,
        "fuel": 7227,
        "fault": 0.2498,
        "weapon": 1,
        "pilot_injury": 0.6503,
        "pilot_skill": 0.0256,
        "mission_priority": 0.8891,
        "estimated_landing_time": 288.0,
        "wait_time": 0,
        "Landing_success_rate": 1.0
    },
    {
        "model": 1,
        "sequence": 14,
        "status": 1,
        "fuel": 5787,
        "fault": 0.5243,
        "weapon": 0,
        "pilot_injury": 0.117,
        "pilot_skill": 0.9324,
        "mission_priority": 0.805,
        "estimated_landing_time": 1322.0,
        "wait_time": 0,
        "Landing_success_rate": 1.0
    },
    {
        "model": 2,
        "sequence": 8,
        "status": 1,
        "fuel": 7485,
        "fault": 0.442,
        "weapon": 1,
        "pilot_injury": 0.1145,
        "pilot_skill": 0.1411,
        "mission_priority": 0.1925,
        "estimated_landing_time": 758.0,
        "wait_time": 0,
        "Landing_success_rate": 1.0
    },
    {
        "model": 1,
        "sequence": 19,
        "status": 1,
        "fuel": 6502,
        "fault": 0.6569,
        "weapon": 0,
        "pilot_injury": 0.0311,
        "pilot_skill": 0.6892,
        "mission_priority": 0.9646,
        "estimated_landing_time": 1792.0,
        "wait_time": 0,
        "Landing_success_rate": 1.0
    },
    {
        "model": 0,
        "sequence": 23,
        "status": 1,
        "fuel": 7136,
        "fault": 0.8156,
        "weapon": 0,
        "pilot_injury": 0.395,
        "pilot_skill": 0.341,
        "mission_priority": 0.2234,
        "estimated_landing_time": 2168.0,
        "wait_time": 0,
        "Landing_success_rate": 1.0
    },
    {
        "model": 0,
        "sequence": 4,
        "status": 1,
        "fuel": 6600,
        "fault": 0.5189,
        "weapon": 1,
        "pilot_injury": 0.0102,
        "pilot_skill": 0.6762,
        "mission_priority": 0.3827,
        "estimated_landing_time": 382.0,
        "wait_time": 0,
        "Landing_success_rate": 1.0
    },
    {
        "model": 1,
        "sequence": 7,
        "status": 1,
        "fuel": 6269,
        "fault": 0.889,
        "weapon": 0,
        "pilot_injury": 0.5138,
        "pilot_skill": 0.9515,
        "mission_priority": 0.6874,
        "estimated_landing_time": 664.0,
        "wait_time": 0,
        "Landing_success_rate": 1.0
    },
    {
        "model": 0,
        "sequence": 15,
        "status": 1,
        "fuel": 7247,
        "fault": 0.8017,
        "weapon": 1,
        "pilot_injury": 0.8903,
        "pilot_skill": 0.0707,
        "mission_priority": 0.2102,
        "estimated_landing_time": 1416.0,
        "wait_time": 0,
        "Landing_success_rate": 1.0
    },
    {
        "model": 1,
        "sequence": 21,
        "status": 1,
        "fuel": 5928,
        "fault": 0.9249,
        "weapon": 0,
        "pilot_injury": 0.4647,
        "pilot_skill": 0.4802,
        "mission_priority": 0.4631,
        "estimated_landing_time": 1980.0,
        "wait_time": 0,
        "Landing_success_rate": 1.0
    },
    {
        "model": 2,
        "sequence": 24,
        "status": 1,
        "fuel": 6607,
        "fault": 0.362,
        "weapon": 1,
        "pilot_injury": 0.8687,
        "pilot_skill": 0.7736,
        "mission_priority": 0.6425,
        "estimated_landing_time": 2262.0,
        "wait_time": 0,
        "Landing_success_rate": 1.0
    },
    {
        "model": 1,
        "sequence": 16,
        "status": 1,
        "fuel": 5939,
        "fault": 0.6901,
        "weapon": 0,
        "pilot_injury": 0.7681,
        "pilot_skill": 0.8044,
        "mission_priority": 0.4894,
        "estimated_landing_time": 1510.0,
        "wait_time": 0,
        "Landing_success_rate": 1.0
    },
    {
        "model": 2,
        "sequence": 10,
        "status": 1,
        "fuel": 7375,
        "fault": 0.1133,
        "weapon": 0,
        "pilot_injury": 0.8001,
        "pilot_skill": 0.5671,
        "mission_priority": 0.6972,
        "estimated_landing_time": 946.0,
        "wait_time": 0,
        "Landing_success_rate": 1.0
    },
    {
        "model": 0,
        "sequence": 12,
        "status": 1,
        "fuel": 5532,
        "fault": 0.71,
        "weapon": 1,
        "pilot_injury": 0.2827,
        "pilot_skill": 0.708,
        "mission_priority": 0.5124,
        "estimated_landing_time": 1134.0,
        "wait_time": 0,
        "Landing_success_rate": 1.0
    },
    {
        "model": 2,
        "sequence": 1,
        "status": 1,
        "fuel": 5941,
        "fault": 0.8184,
        "weapon": 1,
        "pilot_injury": 0.7993,
        "pilot_skill": 0.256,
        "mission_priority": 0.4064,
        "estimated_landing_time": 100.0,
        "wait_time": 0,
        "Landing_success_rate": 1.0
    },
    {
        "model": 2,
        "sequence": 22,
        "status": 1,
        "fuel": 7439,
        "fault": 0.9602,
        "weapon": 0,
        "pilot_injury": 0.321,
        "pilot_skill": 0.3397,
        "mission_priority": 0.3902,
        "estimated_landing_time": 2074.0,
        "wait_time": 0,
        "Landing_success_rate": 1.0
    },
    {
        "model": 0,
        "sequence": 13,
        "status": 1,
        "fuel": 6807,
        "fault": 0.4853,
        "weapon": 0,
        "pilot_injury": 0.3951,
        "pilot_skill": 0.5423,
        "mission_priority": 0.2726,
        "estimated_landing_time": 1228.0,
        "wait_time": 0,
        "Landing_success_rate": 1.0
    },
    {
        "model": 1,
        "sequence": 18,
        "status": 1,
        "fuel": 7444,
        "fault": 0.3598,
        "weapon": 0,
        "pilot_injury": 0.8773,
        "pilot_skill": 0.1791,
        "mission_priority": 0.3701,
        "estimated_landing_time": 1698.0,
        "wait_time": 0,
        "Landing_success_rate": 1.0
    },
    {
        "model": 1,
        "sequence": 11,
        "status": 1,
        "fuel": 5818,
        "fault": 0.5482,
        "weapon": 1,
        "pilot_injury": 0.2372,
        "pilot_skill": 0.6634,
        "mission_priority": 0.1277,
        "estimated_landing_time": 1040.0,
        "wait_time": 0,
        "Landing_success_rate": 1.0
    },
    {
        "model": 1,
        "sequence": 17,
        "status": 1,
        "fuel": 6224,
        "fault": 0.0416,
        "weapon": 1,
        "pilot_injury": 0.5845,
        "pilot_skill": 0.5522,
        "mission_priority": 0.5195,
        "estimated_landing_time": 1604.0,
        "wait_time": 0,
        "Landing_success_rate": 1.0
    },
    {
        "model": 1,
        "sequence": 9,
        "status": 1,
        "fuel": 7010,
        "fault": 0.7351,
        "weapon": 0,
        "pilot_injury": 0.1318,
        "pilot_skill": 0.9388,
        "mission_priority": 0.0652,
        "estimated_landing_time": 852.0,
        "wait_time": 0,
        "Landing_success_rate": 1.0
    },
    {
        "model": 2,
        "sequence": 20,
        "status": 1,
        "fuel": 7484,
        "fault": 0.3827,
        "weapon": 0,
        "pilot_injury": 0.6998,
        "pilot_skill": 0.3332,
        "mission_priority": 0.72,
        "estimated_landing_time": 1886.0,
        "wait_time": 0,
        "Landing_success_rate": 1.0
    }
]