[
    {
        "model": 0,
        "sequence": 1,
        "status": 1,
        "fuel": 6912,
        "fault": 0.4495,
        "weapon": 0,
        "pilot_injury": 0.344,
        "pilot_skill": 0.8699,
        "mission_priority": 0.3375,
        "estimated_landing_time": 100.0,
        "wait_time": 0,
        "Landing_success_rate": 1.0
    },
    {
        "model": 0,
        "sequence": 15,
        "status": 1,
        "fuel": 6261,
        "fault": 0.7525,
        "weapon": 0,
        "pilot_injury": 0.815,
        "pilot_skill": 0.4933,
        "mission_priority": 0.6546,
        "estimated_landing_time": 1416.0,
        "wait_time": 0,
        "Landing_success_rate": 1.0
    },
    {
        "model": 2,
        "sequence": 13,
        "status": 1,
        "fuel": 5890,
        "fault": 0.0144,
        "weapon": 0,
        "pilot_injury": 0.2634,
        "pilot_skill": 0.6499,
        "mission_priority": 0.9196,
        "estimated_landing_time": 1228.0,
        "wait_time": 0,
        "Landing_success_rate": 1.0
    },
    {
        "model": 2,
        "sequence": 14,
        "status": 1,
        "fuel": 5728,
        "fault": 0.1103,
        "weapon": 1,
        "pilot_injury": 0.5445,
        "pilot_skill": 0.7994,
        "mission_priority": 0.1182,
        "estimated_landing_time": 1322.0,
        "wait_time": 0,
        "Landing_success_rate": 1.0
    },
    {
        "model": 2,
        "sequence": 17,
        "status": 1,
        "fuel": 6618,
        "fault": 0.0477,
        "weapon": 0,
        "pilot_injury": 0.2879,
        "pilot_skill": 0.4122,
        "mission_priority": 0.2807,
        "estimated_landing_time": 1604.0,
        "wait_time": 0,
        "Landing_success_rate": 1.0
    },
    {
        "model": 0,
        "sequence": 11,
        "status": 1,
        "fuel": 6990,
        "fault": 0.7039,
        "weapon": 1,
        "pilot_injury": 0.5088,
        "pilot_skill": 0.2984,
        "mission_priority": 0.8151,
        "estimated_landing_time": 1040.0,
        "wait_time": 0,
        "Landing_success_rate": 1.0
    },
    {
        "model": 0,
        "sequence": 20,
        "status": 1,
        "fuel": 7133,
        "fault": 0.5908,
        "weapon": 0,
        "pilot_injury": 0.6418,
        "pilot_skill": 0.9151,
        "mission_priority": 0.8106,
        "estimated_landing_time": 1886.0,
        "wait_time": 0,
        "Landing_success_rate": 1.0
    },
    {
        "model": 1,
        "sequence": 9,
        "status": 1,
        "fuel": 6825,
        "fault": 0.0199,
        "weapon": 1,
        "pilot_injury": 0.9134,
        "pilot_skill": 0.1547,
        "mission_priority": 0.0844,
        "estimated_landing_time": 852.0,
        "wait_time": 0,
        "Landing_success_rate": 1.0
    },
    {
        "model": 0,
        "sequence": 3,
        "status": 1,
        "fuel": 7058,
        "fault": 0.1936,
        "weapon": 1,
        "pilot_injury": 0.2122,
        "pilot_skill": 0.9686,
        "mission_priority": 0.1852,
        "estimated_landing_time": 288.0,
        "wait_time": 0,
        "Landing_success_rate": 1.0
    },
    {
        "model": 1,
        "sequence": 2,
        "status": 1,
        "fuel": 7379,
        "fault": 0.7698,
        "weapon": 0,
        "pilot_injury": 0.9654,
        "pilot_skill": 0.6614,
        "mission_priority": 0.5742,
        "estimated_landing_time": 194.0,
        "wait_time": 0,
        "Landing_success_rate": 1.0
    },
    {
        "model": 2,
        "sequence": 4,
        "status": 1,
        "fuel": 6443,
        "fault": 0.8329,
        "weapon": 1,
        "pilot_injury": 0.9858,
        "pilot_skill": 0.2744,
        "mission_priority": 0.0722,
        "estimated_landing_time": 382.0,
        "wait_time": 0,
        "Landing_success_rate": 1.0
    },
    {
        "model": 1,
        "sequence": 7,
        "status": 1,
        "fuel": 7253,
        "fault": 0.6246,
        "weapon": 0,
        "pilot_injury": 0.3576,
        "pilot_skill": 0.3538,
        "mission_priority": 0.2487,
        "estimated_landing_time": 664.0,
        "wait_time": 0,
        "Landing_success_rate": 1.0
    },
    {
        "model": 1,
        "sequence": 16,
        "status": 1,
        "fuel": 6800,
        "fault": 0.3653,
        "weapon": 0,
        "pilot_injury": 0.557,
        "pilot_skill": 0.2386,
        "mission_priority": 0.7619,
        "estimated_landing_time": 1510.0,
        "wait_time": 0,
        "Landing_success_rate": 1.0
    },
    {
        "model": 0,
        "sequence": 24,
        "status": 1,
        "fuel": 7294,
        "fault": 0.1007,
        "weapon": 0,
        "pilot_injury": 0.834,
        "pilot_skill": 0.2716,
        "mission_priority": 0.8032,
        "estimated_landing_time": 2262.0,
        "wait_time": 0,
        "Landing_success_rate": 1.0
    },
    {
        "model": 0,
        "sequence": 12,
        "status": 1,
        "fuel": 5956,
        "fault": 0.8794,
        "weapon": 0,
        "pilot_injury": 0.4006,
        "pilot_skill": 0.4069,
        "mission_priority": 0.5165,
        "estimated_landing_time": 1134.0,
        "wait_time": 0,
        "Landing_success_rate": 1.0
    },
    {
        "model": 1,
        "sequence": 5,
        "status": 1,
        "fuel": 6658,
        "fault": 0.8153,
        "weapon": 1,
        "pilot_injury": 0.0103,
        "pilot_skill": 0.9545,
        "mission_priority": 0.3133,
        "estimated_landing_time": 476.0,
        "wait_time": 0,
        "Landing_success_rate": 1.0
    },
    {
        "model": 1,
        "sequence": 19,
        "status": 1,
        "fuel": 6480,
        "fault": 0.1647,
        "weapon": 1,
        "pilot_injury": 0.7247,
        "pilot_skill": 0.8829,
        "mission_priority": 0.2331,
        "estimated_landing_time": 1792.0,
        "wait_time": 0,
        "Landing_success_rate": 1.0
    },
    {
        "model": 2,
        "sequence": 18,
        "status": 1,
        "fuel": 6910,
        "fault": 0.5055,
        "weapon": 1,
        "pilot_injury": 0.0825,
        "pilot_skill": 0.0319,
        "mission_priority": 0.7648,
        "estimated_landing_time": 1698.0,
        "wait_time": 0,
        "Landing_success_rate": 1.0
    },
    {
        "model": 0,
        "sequence": 6,
        "status": 1,
        "fuel": 6848,
        "fault": 0.7371,
        "weapon": 1,
        "pilot_injury": 0.4384,
        "pilot_skill": 0.3223,
        "mission_priority": 0.0661,
        "estimated_landing_time": 570.0,
        "wait_time": 0,
        "Landing_success_rate": 1.0
    },
    {
        "model": 2,
        "sequence": 10,
        "status": 1,
        "fuel": 6239,
        "fault": 0.2855,
        "weapon": 1,
        "pilot_injury": 0.9397,
        "pilot_skill": 0.4823,
        "mission_priority": 0.8483,
        "estimated_landing_time": 946.0,
        "wait_time": 0,
        "Landing_success_rate": 1.0
    },
    {
        "model": 1,
        "sequence": 23,
        "status": 1,
        "fuel": 6251,
        "fault": 0.4539,
        "weapon": 0,
        "pilot_injury": 0.7508,
        "pilot_skill": 0.9305,
        "mission_priority": 0.5663,
        "estimated_landing_time": 2168.0,
        "wait_time": 0,
        "Landing_success_rate": 1.0
    },
    {
        "model": 2,
        "sequence": 21,
        "status": 1,
        "fuel": 5708,
        "fault": 0.4632,
        "weapon": 1,
        "pilot_injury": 0.5421,
        "pilot_skill": 0.8175,
        "mission_priority": 0.7621,
        "estimated_landing_time": 1980.0,
        "wait_time": 0,
        "Landing_success_rate": 1.0
    },
    {
        "model": 0,
        "sequence": 8,
        "status": 1,
        "fuel": 6175,
        "fault": 0.5442,
        "weapon": 0,
        "pilot_injury": 0.9254,
        "pilot_skill": 0.4291,
        "mission_priority": 0.5715,
        "estimated_landing_time": 758.0,
        "wait_time": 0,
        "Landing_success_rate": 1.0
    },
    {
        "model": 1,
        "sequence": 22,
        "status": 1,
        "fuel": 6469,
        "fault": 0.345,
        "weapon": 1,
        "pilot_injury": 0.5106,
        "pilot_skill": 0.4947,
        "mission_priority": 0.3564,
        "estimated_landing_time": 2074.0,
        "wait_time": 0,
        "Landing_success_rate": 1.0
    }
]