[
    {
        "model": 2,
        "sequence": 9,
        "status": 1,
        "fuel": 7152,
        "fault": 0.2701,
        "weapon": 0,
        "pilot_injury": 0.7033,
        "pilot_skill": 0.4544,
        "mission_priority": 0.7665,
        "estimated_landing_time": 852.0,
        "wait_time": 0,
        "Landing_success_rate": 1.0
    },
    {
        "model": 1,
        "sequence": 1,
        "status": 1,
        "fuel": 6287,
        "fault": 0.5139,
        "weapon": 1,
        "pilot_injury": 0.418,
        "pilot_skill": 0.9885,
        "mission_priority": 0.3067,
        "estimated_landing_time": 100.0,
        "wait_time": 0,
        "Landing_success_rate": 1.0
    },
    {
        "model": 0,
        "sequence": 8,
        "status": 1,
        "fuel": 5675,
        "fault": 0.1449,
        "weapon": 0,
        "pilot_injury": 0.4283,
        "pilot_skill": 0.1214,
        "mission_priority": 0.3539,
        "estimated_landing_time": 758.0,
        "wait_time": 0,
        "Landing_success_rate": 1.0
    },
    {
        "model": 1,
        "sequence": 21,
        "status": 1,
        "fuel": 6720,
        "fault": 0.7838,
        "weapon": 1,
        "pilot_injury": 0.6554,
        "pilot_skill": 0.2878,
        "mission_priority": 0.5657,
        "estimated_landing_time": 1980.0,
        "wait_time": 0,
        "Landing_success_rate": 1.0
    },
    {
        "model": 2,
        "sequence": 20,
        "status": 1,
        "fuel": 7266,
        "fault": 0.1369,
        "weapon": 0,
        "pilot_injury": 0.075,
        "pilot_skill": 0.7869,
        "mission_priority": 0.9663,
        "estimated_landing_time": 1886.0,
        "wait_time": 0,
        "Landing_success_rate": 1.0
    },
    {
        "model": 0,
        "sequence": 13,
        "status": 1,
        "fuel": 6443,
        "fault": 0.9938,
        "weapon": 0,
        "pilot_injury": 0.9571,
        "pilot_skill": 0.6569,
        "mission_priority": 0.8476,
        "estimated_landing_time": 1228.0,
        "wait_time": 0,
        "Landing_success_rate": 1.0
    },
    {
        "model": 0,
        "sequence": 22,
        "status": 1,
        "fuel": 7396,
        "fault": 0.8781,
        "weapon": 1,
        "pilot_injury": 0.5919,
        "pilot_skill": 0.5097,
        "mission_priority": 0.8357,
        "estimated_landing_time": 2074.0,
        "wait_time": 0,
        "Landing_success_rate": 1.0
    },
    {
        "model": 1,
        "sequence": 11,
        "status": 1,
        "fuel": 7379,
        "fault": 0.5577,
        "weapon": 1,
        "pilot_injury": 0.025,
        "pilot_skill": 0.5972,
        "mission_priority": 0.8217,
        "estimated_landing_time": 1040.0,
        "wait_time": 0,
        "Landing_success_rate": 1.0
    },
    {
        "model": 1,
        "sequence": 5,
        "status": 1,
        "fuel": 6891,
        "fault": 0.7876,
        "weapon": 0,
        "pilot_injury": 0.8973,
        "pilot_skill": 0.5297,
        "mission_priority": 0.4038,
        "estimated_landing_time": 476.0,
        "wait_time": 0,
        "Landing_success_rate": 1.0
    },
    {
        "model": 1,
        "sequence": 18,
        "status": 1,
        "fuel": 6932,
        "fault": 0.0849,
        "weapon": 0,
        "pilot_injury": 0.266,
        "pilot_skill": 0.6685,
        "mission_priority": 0.7988,
        "estimated_landing_time": 1698.0,
        "wait_time": 0,
        "Landing_success_rate": 1.0
    },
    {
        "model": 0,
        "sequence": 3,
        "status": 1,
        "fuel": 6352,
        "fault": 0.4611,
        "weapon": 0,
        "pilot_injury": 0.8653,
        "pilot_skill": 0.549,
        "mission_priority": 0.3148,
        "estimated_landing_time": 288.0,
        "wait_time": 0,
        "Landing_success_rate": 1.0
    },
    {
        "model": 2,
        "sequence": 6,
        "status": 1,
        "fuel": 6815,
        "fault": 0.2059,
        "weapon": 0,
        "pilot_injury": 0.1475,
        "pilot_skill": 0.6464,
        "mission_priority": 0.2867,
        "estimated_landing_time": 570.0,
        "wait_time": 0,
        "Landing_success_rate": 1.0
    },
    {
        "model": 0,
        "sequence": 2,
        "status": 1,
        "fuel": 6230,
        "fault": 0.6673,
        "weapon": 1,
        "pilot_injury": 0.1027,
        "pilot_skill": 0.9174,
        "mission_priority": 0.9034,
        "estimated_landing_time": 194.0,
        "wait_time": 0,
        "Landing_success_rate": 1.0
    },
    {
        "model": 0,
        "sequence": 14,
        "status": 1,
        "fuel": 6324,
        "fault": 0.3626,
        "weapon": 1,
        "pilot_injury": 0.6632,
        "pilot_skill": 0.3447,
        "mission_priority": 0.1916,
        "estimated_landing_time": 1322.0,
        "wait_time": 0,
        "Landing_success_rate": 1.0
    },
    {
        "model": 0,
        "sequence": 19,
        "status": 1,
        "fuel": 5838,
        "fault": 0.605,
        "weapon": 1,
        "pilot_injury": 0.2375,
        "pilot_skill": 0.7958,
        "mission_priority": 0.7838,
        "estimated_landing_time": 1792.0,
        "wait_time": 0,
        "Landing_success_rate": 1.0
    },
    {
        "model": 0,
        "sequence": 23,
        "status": 1,
        "fuel": 7019,
        "fault": 0.4754,
        "weapon": 0,
        "pilot_injury": 0.9178,
        "pilot_skill": 0.908,
        "mission_priority": 0.8287,
        "estimated_landing_time": 2168.0,
        "wait_time": 0,
        "Landing_success_rate": 1.0
    },
    {
        "model": 1,
        "sequence": 16,
        "status": 1,
        "fuel": 5571,
        "fault": 0.4371,
        "weapon": 1,
        "pilot_injury": 0.8879,
        "pilot_skill": 0.9265,
        "mission_priority": 0.7985,
        "estimated_landing_time": 1510.0,
        "wait_time": 0,
        "Landing_success_rate": 1.0
    },
    {
        "model": 1,
        "sequence": 12,
        "status": 1,
        "fuel": 6129,
        "fault": 0.2821,
        "weapon": 0,
        "pilot_injury": 0.3383,
        "pilot_skill": 0.2406,
        "mission_priority": 0.1403,
        "estimated_landing_time": 1134.0,
        "wait_time": 0,
        "Landing_success_rate": 1.0
    },
    {
        "model": 2,
        "sequence": 10,
        "status": 1,
        "fuel": 7214,
        "fault": 0.9063,
        "weapon": 0,
        "pilot_injury": 0.3586,
        "pilot_skill": 0.006,
        "mission_priority": 0.9386,
        "estimated_landing_time": 946.0,
        "wait_time": 0,
        "Landing_success_rate": 1.0
    },
    {
        "model": 0,
        "sequence": 17,
        "status": 1,
        "fuel": 7006,
        "fault": 0.7528,
        "weapon": 0,
        "pilot_injury": 0.6774,
        "pilot_skill": 0.124,
        "mission_priority": 0.327,
        "estimated_landing_time": 1604.0,
        "wait_time": 0,
        "Landing_success_rate": 1.0
    },
    {
        "model": 0,
        "sequence": 24,
        "status": 1,
        "fuel": 5844,
        "fault": 0.4725,
        "weapon": 0,
        "pilot_injury": 0.232,
        "pilot_skill": 0.1769,
        "mission_priority": 0.2768,
        "estimated_landing_time": 2262.0,
        "wait_time": 0,
        "Landing_success_rate": 1.0
    },
    {
        "model": 2,
        "sequence": 4,
        "status": 1,
        "fuel": 5704,
        "fault": 0.0452,
        "weapon": 0,
        "pilot_injury": 0.7018,
        "pilot_skill": 0.87,
        "mission_priority": 0.3916,
        "estimated_landing_time": 382.0,
        "wait_time": 0,
        "Landing_success_rate": 1.0
    },
    {
        "model": 0,
        "sequence": 7,
        "status": 1,
        "fuel": 6654,
        "fault": 0.0407,
        "weapon": 1,
        "pilot_injury": 0.3119,
        "pilot_skill": 0.19,
        "mission_priority": 0.2895,
        "estimated_landing_time": 664.0,
        "wait_time": 0,
        "Landing_success_rate": 1.0
    },
    {
        "model": 0,
        "sequence": 15,
        "status": 1,
        "fuel": 6981,
        "fault": 0.7958,
        "weapon": 1,
        "pilot_injury": 0.0643,
        "pilot_skill": 0.8557,
        "mission_priority": 0.5223,
        "estimated_landing_time": 1416.0,
        "wait_time": 0,
        "Landing_success_rate": 1.0
    }
]