[
    {
        "model": 1,
        "sequence": 8,
        "status": 1,
        "fuel": 6929,
        "fault": 0.1092,
        "weapon": 1,
        "pilot_injury": 0.3319,
        "pilot_skill": 0.6276,
        "mission_priority": 0.9889,
        "estimated_landing_time": 758.0,
        "wait_time": 0,
        "Landing_success_rate": 1.0
    },
    {
        "model": 2,
        "sequence": 18,
        "status": 1,
        "fuel": 6373,
        "fault": 0.5443,
        "weapon": 1,
        "pilot_injury": 0.4393,
        "pilot_skill": 0.4513,
        "mission_priority": 0.4855,
        "estimated_landing_time": 1698.0,
        "wait_time": 0,
        "Landing_success_rate": 1.0
    },
    {
        "model": 2,
        "sequence": 11,
        "status": 1,
        "fuel": 5605,
        "fault": 0.2266,
        "weapon": 0,
        "pilot_injury": 0.861,
        "pilot_skill": 0.0181,
        "mission_priority": 0.17,
        "estimated_landing_time": 1040.0,
        "wait_time": 0,
        "Landing_success_rate": 1.0
    },
    {
        "model": 0,
        "sequence": 23,
        "status": 1,
        "fuel": 7403,
        "fault": 0.6973,
        "weapon": 0,
        "pilot_injury": 0.3656,
        "pilot_skill": 0.3326,
        "mission_priority": 0.269,
        "estimated_landing_time": 2168.0,
        "wait_time": 0,
        "Landing_success_rate": 1.0
    },
    {
        "model": 0,
        "sequence": 21,
        "status": 1,
        "fuel": 6160,
        "fault": 0.5188,
        "weapon": 1,
        "pilot_injury": 0.4764,
        "pilot_skill": 0.8119,
        "mission_priority": 0.3081,
        "estimated_landing_time": 1980.0,
        "wait_time": 0,
        "Landing_success_rate": 1.0
    },
    {
        "model": 2,
        "sequence": 17,
        "status": 1,
        "fuel": 5731,
        "fault": 0.468,
        "weapon": 1,
        "pilot_injury": 0.0479,
        "pilot_skill": 0.1118,
        "mission_priority": 0.8031,
        "estimated_landing_time": 1604.0,
        "wait_time": 0,
        "Landing_success_rate": 1.0
    },
    {
        "model": 2,
        "sequence": 22,
        "status": 1,
        "fuel": 7118,
        "fault": 0.2639,
        "weapon": 1,
        "pilot_injury": 0.4404,
        "pilot_skill": 0.3983,
        "mission_priority": 0.2461,
        "estimated_landing_time": 2074.0,
        "wait_time": 0,
        "Landing_success_rate": 1.0
    },
    {
        "model": 2,
        "sequence": 4,
        "status": 1,
        "fuel": 5628,
        "fault": 0.1712,
        "weapon": 1,
        "pilot_injury": 0.4491,
        "pilot_skill": 0.4085,
        "mission_priority": 0.6075,
        "estimated_landing_time": 382.0,
        "wait_time": 0,
        "Landing_success_rate": 1.0
    },
    {
        "model": 0,
        "sequence": 3,
        "status": 1,
        "fuel": 7025,
        "fault": 0.6393,
        "weapon": 1,
        "pilot_injury": 0.4174,
        "pilot_skill": 0.5622,
        "mission_priority": 0.547,
        "estimated_landing_time": 288.0,
        "wait_time": 0,
        "Landing_success_rate": 1.0
    },
    {
        "model": 0,
        "sequence": 16,
        "status": 1,
        "fuel": 7166,
        "fault": 0.8564,
        "weapon": 0,
        "pilot_injury": 0.6346,
        "pilot_skill": 0.2012,
        "mission_priority": 0.1255,
        "estimated_landing_time": 1510.0,
        "wait_time": 0,
        "Landing_success_rate": 1.0
    },
    {
        "model": 1,
        "sequence": 2,
        "status": 1,
        "fuel": 6399,
        "fault": 0.4737,
        "weapon": 0,
        "pilot_injury": 0.0893,
        "pilot_skill": 0.3845,
        "mission_priority": 0.1157,
        "estimated_landing_time": 194.0,
        "wait_time": 0,
        "Landing_success_rate": 1.0
    },
    {
        "model": 2,
        "sequence": 14,
        "status": 1,
        "fuel": 6380,
        "fault": 0.1943,
        "weapon": 1,
        "pilot_injury": 0.35,
        "pilot_skill": 0.3792,
        "mission_priority": 0.7943,
        "estimated_landing_time": 1322.0,
        "wait_time": 0,
        "Landing_success_rate": 1.0
    },
    {
        "model": 1,
        "sequence": 10,
        "status": 1,
        "fuel": 5910,
        "fault": 0.0642,
        "weapon": 1,
        "pilot_injury": 0.3649,
        "pilot_skill": 0.8258,
        "mission_priority": 0.9497,
        "estimated_landing_time": 946.0,
        "wait_time": 0,
        "Landing_success_rate": 1.0
    },
    {
        "model": 0,
        "sequence": 5,
        "status": 1,
        "fuel": 7062,
        "fault": 0.258,
        "weapon": 1,
        "pilot_injury": 0.0576,
        "pilot_skill": 0.521,
        "mission_priority": 0.1563,
        "estimated_landing_time": 476.0,
        "wait_time": 0,
        "Landing_success_rate": 1.0
    },
    {
        "model": 2,
        "sequence": 1,
        "status": 1,
        "fuel": 5702,
        "fault": 0.0285,
        "weapon": 1,
        "pilot_injury": 0.6043,
        "pilot_skill": 0.5822,
        "mission_priority": 0.1043,
        "estimated_landing_time": 100.0,
        "wait_time": 0,
        "Landing_success_rate": 1.0
    },
    {
        "model": 1,
        "sequence": 19,
        "status": 1,
        "fuel": 6414,
        "fault": 0.5715,
        "weapon": 0,
        "pilot_injury": 0.4821,
        "pilot_skill": 0.7085,
        "mission_priority": 0.0531,
        "estimated_landing_time": 1792.0,
        "wait_time": 0,
        "Landing_success_rate": 1.0
    },
    {
        "model": 1,
        "sequence": 15,
        "status": 1,
        "fuel": 5684,
        "fault": 0.0397,
        "weapon": 1,
        "pilot_injury": 0.5194,
        "pilot_skill": 0.3963,
        "mission_priority": 0.3933,
        "estimated_landing_time": 1416.0,
        "wait_time": 0,
        "Landing_success_rate": 1.0
    },
    {
        "model": 2,
        "sequence": 24,
        "status": 1,
        "fuel": 7094,
        "fault": 0.1516,
        "weapon": 1,
        "pilot_injury": 0.0792,
        "pilot_skill": 0.3088,
        "mission_priority": 0.6671,
        "estimated_landing_time": 2262.0,
        "wait_time": 0,
        "Landing_success_rate": 1.0
    },
    {
        "model": 1,
        "sequence": 6,
        "status": 1,
        "fuel": 7135,
        "fault": 0.4445,
        "weapon": 0,
        "pilot_injury": 0.3803,
        "pilot_skill": 0.6312,
        "mission_priority": 0.4319,
        "estimated_landing_time": 570.0,
        "wait_time": 0,
        "Landing_success_rate": 1.0
    },
    {
        "model": 1,
        "sequence": 12,
        "status": 1,
        "fuel": 7179,
        "fault": 0.6579,
        "weapon": 1,
        "pilot_injury": 0.5139,
        "pilot_skill": 0.1107,
        "mission_priority": 0.3868,
        "estimated_landing_time": 1134.0,
        "wait_time": 0,
        "Landing_success_rate": 1.0
    },
    {
        "model": 0,
        "sequence": 13,
        "status": 1,
        "fuel": 6043,
        "fault": 0.8193,
        "weapon": 1,
        "pilot_injury": 0.4002,
        "pilot_skill": 0.6654,
        "mission_priority": 0.1746,
        "estimated_landing_time": 1228.0,
        "wait_time": 0,
        "Landing_success_rate": 1.0
    },
    {
        "model": 0,
        "sequence": 9,
        "status": 1,
        "fuel": 7244,
        "fault": 0.585,
        "weapon": 0,
        "pilot_injury": 0.4739,
        "pilot_skill": 0.6698,
        "mission_priority": 0.3135,
        "estimated_landing_time": 852.0,
        "wait_time": 0,
        "Landing_success_rate": 1.0
    },
    {
        "model": 1,
        "sequence": 20,
        "status": 1,
        "fuel": 5894,
        "fault": 0.6603,
        "weapon": 1,
        "pilot_injury": 0.9422,
        "pilot_skill": 0.3943,
        "mission_priority": 0.6111,
        "estimated_landing_time": 1886.0,
        "wait_time": 0,
        "Landing_success_rate": 1.0
    },
    {
        "model": 1,
        "sequence": 7,
        "status": 1,
        "fuel": 7317,
        "fault": 0.1292,
        "weapon": 0,
        "pilot_injury": 0.8674,
        "pilot_skill": 0.7363,
        "mission_priority": 0.7698,
        "estimated_landing_time": 664.0,
        "wait_time": 0,
        "Landing_success_rate": 1.0
    }
]