[
    {
        "model": 2,
        "sequence": 16,
        "status": 1,
        "fuel": 5584,
        "fault": 0.8081,
        "weapon": 1,
        "pilot_injury": 0.086,
        "pilot_skill": 0.5114,
        "mission_priority": 0.0358,
        "estimated_landing_time": 1510.0,
        "wait_time": 0,
        "Landing_success_rate": 1.0
    },
    {
        "model": 2,
        "sequence": 18,
        "status": 1,
        "fuel": 5810,
        "fault": 0.6795,
        "weapon": 0,
        "pilot_injury": 0.8895,
        "pilot_skill": 0.2548,
        "mission_priority": 0.077,
        "estimated_landing_time": 1698.0,
        "wait_time": 0,
        "Landing_success_rate": 1.0
    },
    {
        "model": 2,
        "sequence": 2,
        "status": 1,
        "fuel": 5751,
        "fault": 0.6,
        "weapon": 1,
        "pilot_injury": 0.0234,
        "pilot_skill": 0.1312,
        "mission_priority": 0.9384,
        "estimated_landing_time": 194.0,
        "wait_time": 0,
        "Landing_success_rate": 1.0
    },
    {
        "model": 1,
        "sequence": 9,
        "status": 1,
        "fuel": 5575,
        "fault": 0.3696,
        "weapon": 0,
        "pilot_injury": 0.3395,
        "pilot_skill": 0.7145,
        "mission_priority": 0.957,
        "estimated_landing_time": 852.0,
        "wait_time": 0,
        "Landing_success_rate": 1.0
    },
    {
        "model": 0,
        "sequence": 20,
        "status": 1,
        "fuel": 7223,
        "fault": 0.323,
        "weapon": 0,
        "pilot_injury": 0.7993,
        "pilot_skill": 0.4303,
        "mission_priority": 0.5773,
        "estimated_landing_time": 1886.0,
        "wait_time": 0,
        "Landing_success_rate": 1.0
    },
    {
        "model": 2,
        "sequence": 11,
        "status": 1,
        "fuel": 6407,
        "fault": 0.4916,
        "weapon": 0,
        "pilot_injury": 0.0007,
        "pilot_skill": 0.9988,
        "mission_priority": 0.4168,
        "estimated_landing_time": 1040.0,
        "wait_time": 0,
        "Landing_success_rate": 1.0
    },
    {
        "model": 1,
        "sequence": 13,
        "status": 1,
        "fuel": 6062,
        "fault": 0.9882,
        "weapon": 0,
        "pilot_injury": 0.5925,
        "pilot_skill": 0.8805,
        "mission_priority": 0.7811,
        "estimated_landing_time": 1228.0,
        "wait_time": 0,
        "Landing_success_rate": 1.0
    },
    {
        "model": 0,
        "sequence": 23,
        "status": 1,
        "fuel": 7488,
        "fault": 0.404,
        "weapon": 1,
        "pilot_injury": 0.5027,
        "pilot_skill": 0.9551,
        "mission_priority": 0.2396,
        "estimated_landing_time": 2168.0,
        "wait_time": 0,
        "Landing_success_rate": 1.0
    },
    {
        "model": 1,
        "sequence": 8,
        "status": 1,
        "fuel": 5644,
        "fault": 0.0769,
        "weapon": 0,
        "pilot_injury": 0.4578,
        "pilot_skill": 0.4573,
        "mission_priority": 0.8682,
        "estimated_landing_time": 758.0,
        "wait_time": 0,
        "Landing_success_rate": 1.0
    },
    {
        "model": 2,
        "sequence": 3,
        "status": 1,
        "fuel": 7488,
        "fault": 0.4635,
        "weapon": 0,
        "pilot_injury": 0.7215,
        "pilot_skill": 0.4424,
        "mission_priority": 0.334,
        "estimated_landing_time": 288.0,
        "wait_time": 0,
        "Landing_success_rate": 1.0
    },
    {
        "model": 1,
        "sequence": 12,
        "status": 1,
        "fuel": 6255,
        "fault": 0.3402,
        "weapon": 1,
        "pilot_injury": 0.8193,
        "pilot_skill": 0.4164,
        "mission_priority": 0.0184,
        "estimated_landing_time": 1134.0,
        "wait_time": 0,
        "Landing_success_rate": 1.0
    },
    {
        "model": 2,
        "sequence": 21,
        "status": 1,
        "fuel": 5757,
        "fault": 0.8747,
        "weapon": 1,
        "pilot_injury": 0.4666,
        "pilot_skill": 0.8083,
        "mission_priority": 0.19,
        "estimated_landing_time": 1980.0,
        "wait_time": 0,
        "Landing_success_rate": 1.0
    },
    {
        "model": 1,
        "sequence": 22,
        "status": 1,
        "fuel": 5955,
        "fault": 0.4052,
        "weapon": 0,
        "pilot_injury": 0.4765,
        "pilot_skill": 0.4537,
        "mission_priority": 0.6945,
        "estimated_landing_time": 2074.0,
        "wait_time": 0,
        "Landing_success_rate": 1.0
    },
    {
        "model": 2,
        "sequence": 17,
        "status": 1,
        "fuel": 6095,
        "fault": 0.518,
        "weapon": 0,
        "pilot_injury": 0.0224,
        "pilot_skill": 0.3817,
        "mission_priority": 0.1958,
        "estimated_landing_time": 1604.0,
        "wait_time": 0,
        "Landing_success_rate": 1.0
    },
    {
        "model": 0,
        "sequence": 24,
        "status": 1,
        "fuel": 6715,
        "fault": 0.8695,
        "weapon": 1,
        "pilot_injury": 0.8945,
        "pilot_skill": 0.849,
        "mission_priority": 0.7652,
        "estimated_landing_time": 2262.0,
        "wait_time": 0,
        "Landing_success_rate": 1.0
    },
    {
        "model": 1,
        "sequence": 15,
        "status": 1,
        "fuel": 5741,
        "fault": 0.2595,
        "weapon": 1,
        "pilot_injury": 0.3198,
        "pilot_skill": 0.9799,
        "mission_priority": 0.8905,
        "estimated_landing_time": 1416.0,
        "wait_time": 0,
        "Landing_success_rate": 1.0
    },
    {
        "model": 1,
        "sequence": 4,
        "status": 1,
        "fuel": 6987,
        "fault": 0.0508,
        "weapon": 0,
        "pilot_injury": 0.8973,
        "pilot_skill": 0.0361,
        "mission_priority": 0.876,
        "estimated_landing_time": 382.0,
        "wait_time": 0,
        "Landing_success_rate": 1.0
    },
    {
        "model": 0,
        "sequence": 14,
        "status": 1,
        "fuel": 7100,
        "fault": 0.9115,
        "weapon": 0,
        "pilot_injury": 0.1112,
        "pilot_skill": 0.1722,
        "mission_priority": 0.9788,
        "estimated_landing_time": 1322.0,
        "wait_time": 0,
        "Landing_success_rate": 1.0
    },
    {
        "model": 2,
        "sequence": 19,
        "status": 1,
        "fuel": 7158,
        "fault": 0.0896,
        "weapon": 0,
        "pilot_injury": 0.7502,
        "pilot_skill": 0.786,
        "mission_priority": 0.7646,
        "estimated_landing_time": 1792.0,
        "wait_time": 0,
        "Landing_success_rate": 1.0
    },
    {
        "model": 2,
        "sequence": 1,
        "status": 1,
        "fuel": 5823,
        "fault": 0.2258,
        "weapon": 1,
        "pilot_injury": 0.4255,
        "pilot_skill": 0.9252,
        "mission_priority": 0.357,
        "estimated_landing_time": 100.0,
        "wait_time": 0,
        "Landing_success_rate": 1.0
    },
    {
        "model": 2,
        "sequence": 10,
        "status": 1,
        "fuel": 5952,
        "fault": 0.462,
        "weapon": 0,
        "pilot_injury": 0.916,
        "pilot_skill": 0.9494,
        "mission_priority": 0.6599,
        "estimated_landing_time": 946.0,
        "wait_time": 0,
        "Landing_success_rate": 1.0
    },
    {
        "model": 0,
        "sequence": 7,
        "status": 1,
        "fuel": 6787,
        "fault": 0.819,
        "weapon": 1,
        "pilot_injury": 0.2849,
        "pilot_skill": 0.0162,
        "mission_priority": 0.222,
        "estimated_landing_time": 664.0,
        "wait_time": 0,
        "Landing_success_rate": 1.0
    },
    {
        "model": 1,
        "sequence": 5,
        "status": 1,
        "fuel": 6929,
        "fault": 0.6481,
        "weapon": 1,
        "pilot_injury": 0.479,
        "pilot_skill": 0.3436,
        "mission_priority": 0.0643,
        "estimated_landing_time": 476.0,
        "wait_time": 0,
        "Landing_success_rate": 1.0
    },
    {
        "model": 1,
        "sequence": 6,
        "status": 1,
        "fuel": 6650,
        "fault": 0.0439,
        "weapon": 1,
        "pilot_injury": 0.9856,
        "pilot_skill": 0.2538,
        "mission_priority": 0.2745,
        "estimated_landing_time": 570.0,
        "wait_time": 0,
        "Landing_success_rate": 1.0
    }
]