[
    {
        "model": 2,
        "sequence": 17,
        "status": 1,
        "fuel": 5675,
        "fault": 0.6698,
        "weapon": 1,
        "pilot_injury": 0.2047,
        "pilot_skill": 0.919,
        "mission_priority": 0.9256,
        "estimated_landing_time": 1604.0,
        "wait_time": 0,
        "Landing_success_rate": 1.0
    },
    {
        "model": 1,
        "sequence": 11,
        "status": 1,
        "fuel": 5811,
        "fault": 0.6358,
        "weapon": 0,
        "pilot_injury": 0.2029,
        "pilot_skill": 0.8612,
        "mission_priority": 0.0982,
        "estimated_landing_time": 1040.0,
        "wait_time": 0,
        "Landing_success_rate": 1.0
    },
    {
        "model": 2,
        "sequence": 5,
        "status": 1,
        "fuel": 6340,
        "fault": 0.6754,
        "weapon": 1,
        "pilot_injury": 0.0229,
        "pilot_skill": 0.8819,
        "mission_priority": 0.6845,
        "estimated_landing_time": 476.0,
        "wait_time": 0,
        "Landing_success_rate": 1.0
    },
    {
        "model": 2,
        "sequence": 22,
        "status": 1,
        "fuel": 7426,
        "fault": 0.8139,
        "weapon": 1,
        "pilot_injury": 0.3368,
        "pilot_skill": 0.9144,
        "mission_priority": 0.635,
        "estimated_landing_time": 2074.0,
        "wait_time": 0,
        "Landing_success_rate": 1.0
    },
    {
        "model": 2,
        "sequence": 8,
        "status": 1,
        "fuel": 6318,
        "fault": 0.8056,
        "weapon": 1,
        "pilot_injury": 0.5985,
        "pilot_skill": 0.148,
        "mission_priority": 0.0983,
        "estimated_landing_time": 758.0,
        "wait_time": 0,
        "Landing_success_rate": 1.0
    },
    {
        "model": 1,
        "sequence": 19,
        "status": 1,
        "fuel": 5661,
        "fault": 0.759,
        "weapon": 0,
        "pilot_injury": 0.3206,
        "pilot_skill": 0.3737,
        "mission_priority": 0.06,
        "estimated_landing_time": 1792.0,
        "wait_time": 0,
        "Landing_success_rate": 1.0
    },
    {
        "model": 2,
        "sequence": 2,
        "status": 1,
        "fuel": 6829,
        "fault": 0.857,
        "weapon": 1,
        "pilot_injury": 0.8294,
        "pilot_skill": 0.6517,
        "mission_priority": 0.7733,
        "estimated_landing_time": 194.0,
        "wait_time": 0,
        "Landing_success_rate": 1.0
    },
    {
        "model": 0,
        "sequence": 7,
        "status": 1,
        "fuel": 6576,
        "fault": 0.4083,
        "weapon": 0,
        "pilot_injury": 0.2598,
        "pilot_skill": 0.0534,
        "mission_priority": 0.2918,
        "estimated_landing_time": 664.0,
        "wait_time": 0,
        "Landing_success_rate": 1.0
    },
    {
        "model": 2,
        "sequence": 4,
        "status": 1,
        "fuel": 5688,
        "fault": 0.1357,
        "weapon": 0,
        "pilot_injury": 0.2562,
        "pilot_skill": 0.6698,
        "mission_priority": 0.4782,
        "estimated_landing_time": 382.0,
        "wait_time": 0,
        "Landing_success_rate": 1.0
    },
    {
        "model": 2,
        "sequence": 15,
        "status": 1,
        "fuel": 6339,
        "fault": 0.8687,
        "weapon": 1,
        "pilot_injury": 0.1227,
        "pilot_skill": 0.217,
        "mission_priority": 0.8935,
        "estimated_landing_time": 1416.0,
        "wait_time": 0,
        "Landing_success_rate": 1.0
    },
    {
        "model": 1,
        "sequence": 14,
        "status": 1,
        "fuel": 6841,
        "fault": 0.5438,
        "weapon": 0,
        "pilot_injury": 0.9286,
        "pilot_skill": 0.6521,
        "mission_priority": 0.4844,
        "estimated_landing_time": 1322.0,
        "wait_time": 0,
        "Landing_success_rate": 1.0
    },
    {
        "model": 2,
        "sequence": 3,
        "status": 1,
        "fuel": 6385,
        "fault": 0.6743,
        "weapon": 1,
        "pilot_injury": 0.4804,
        "pilot_skill": 0.7054,
        "mission_priority": 0.6178,
        "estimated_landing_time": 288.0,
        "wait_time": 0,
        "Landing_success_rate": 1.0
    },
    {
        "model": 2,
        "sequence": 20,
        "status": 1,
        "fuel": 6005,
        "fault": 0.6736,
        "weapon": 0,
        "pilot_injury": 0.8357,
        "pilot_skill": 0.6089,
        "mission_priority": 0.5387,
        "estimated_landing_time": 1886.0,
        "wait_time": 0,
        "Landing_success_rate": 1.0
    },
    {
        "model": 2,
        "sequence": 23,
        "status": 1,
        "fuel": 5655,
        "fault": 0.7933,
        "weapon": 0,
        "pilot_injury": 0.2952,
        "pilot_skill": 0.6669,
        "mission_priority": 0.1352,
        "estimated_landing_time": 2168.0,
        "wait_time": 0,
        "Landing_success_rate": 1.0
    },
    {
        "model": 2,
        "sequence": 9,
        "status": 1,
        "fuel": 7235,
        "fault": 0.7193,
        "weapon": 0,
        "pilot_injury": 0.3263,
        "pilot_skill": 0.1542,
        "mission_priority": 0.1461,
        "estimated_landing_time": 852.0,
        "wait_time": 0,
        "Landing_success_rate": 1.0
    },
    {
        "model": 2,
        "sequence": 16,
        "status": 1,
        "fuel": 6859,
        "fault": 0.1302,
        "weapon": 1,
        "pilot_injury": 0.4269,
        "pilot_skill": 0.7189,
        "mission_priority": 0.8882,
        "estimated_landing_time": 1510.0,
        "wait_time": 0,
        "Landing_success_rate": 1.0
    },
    {
        "model": 0,
        "sequence": 10,
        "status": 1,
        "fuel": 7456,
        "fault": 0.5521,
        "weapon": 0,
        "pilot_injury": 0.1035,
        "pilot_skill": 0.3794,
        "mission_priority": 0.9965,
        "estimated_landing_time": 946.0,
        "wait_time": 0,
        "Landing_success_rate": 1.0
    },
    {
        "model": 0,
        "sequence": 12,
        "status": 1,
        "fuel": 6816,
        "fault": 0.8988,
        "weapon": 1,
        "pilot_injury": 0.3336,
        "pilot_skill": 0.9511,
        "mission_priority": 0.02,
        "estimated_landing_time": 1134.0,
        "wait_time": 0,
        "Landing_success_rate": 1.0
    },
    {
        "model": 1,
        "sequence": 24,
        "status": 1,
        "fuel": 7354,
        "fault": 0.3048,
        "weapon": 1,
        "pilot_injury": 0.2338,
        "pilot_skill": 0.0538,
        "mission_priority": 0.0524,
        "estimated_landing_time": 2262.0,
        "wait_time": 0,
        "Landing_success_rate": 1.0
    },
    {
        "model": 1,
        "sequence": 13,
        "status": 1,
        "fuel": 5769,
        "fault": 0.6674,
        "weapon": 0,
        "pilot_injury": 0.7065,
        "pilot_skill": 0.1317,
        "mission_priority": 0.4999,
        "estimated_landing_time": 1228.0,
        "wait_time": 0,
        "Landing_success_rate": 1.0
    },
    {
        "model": 0,
        "sequence": 1,
        "status": 1,
        "fuel": 7024,
        "fault": 0.9931,
        "weapon": 1,
        "pilot_injury": 0.5473,
        "pilot_skill": 0.7082,
        "mission_priority": 0.9908,
        "estimated_landing_time": 100.0,
        "wait_time": 0,
        "Landing_success_rate": 1.0
    },
    {
        "model": 1,
        "sequence": 21,
        "status": 1,
        "fuel": 5636,
        "fault": 0.3901,
        "weapon": 0,
        "pilot_injury": 0.8337,
        "pilot_skill": 0.9403,
        "mission_priority": 0.7231,
        "estimated_landing_time": 1980.0,
        "wait_time": 0,
        "Landing_success_rate": 1.0
    },
    {
        "model": 0,
        "sequence": 18,
        "status": 1,
        "fuel": 7474,
        "fault": 0.3212,
        "weapon": 1,
        "pilot_injury": 0.7847,
        "pilot_skill": 0.5208,
        "mission_priority": 0.2513,
        "estimated_landing_time": 1698.0,
        "wait_time": 0,
        "Landing_success_rate": 1.0
    },
    {
        "model": 0,
        "sequence": 6,
        "status": 1,
        "fuel": 6556,
        "fault": 0.0465,
        "weapon": 0,
        "pilot_injury": 0.3577,
        "pilot_skill": 0.5962,
        "mission_priority": 0.5815,
        "estimated_landing_time": 570.0,
        "wait_time": 0,
        "Landing_success_rate": 1.0
    }
]