[
    {
        "model": 2,
        "sequence": 20,
        "status": 1,
        "fuel": 6259,
        "fault": 0.3659,
        "weapon": 1,
        "pilot_injury": 0.6108,
        "pilot_skill": 0.5635,
        "mission_priority": 0.7189,
        "estimated_landing_time": 1886.0,
        "wait_time": 0,
        "Landing_success_rate": 1.0
    },
    {
        "model": 1,
        "sequence": 15,
        "status": 1,
        "fuel": 6288,
        "fault": 0.4777,
        "weapon": 1,
        "pilot_injury": 0.9453,
        "pilot_skill": 0.882,
        "mission_priority": 0.3914,
        "estimated_landing_time": 1416.0,
        "wait_time": 0,
        "Landing_success_rate": 1.0
    },
    {
        "model": 2,
        "sequence": 22,
        "status": 1,
        "fuel": 6616,
        "fault": 0.2957,
        "weapon": 0,
        "pilot_injury": 0.8631,
        "pilot_skill": 0.3754,
        "mission_priority": 0.186,
        "estimated_landing_time": 2074.0,
        "wait_time": 0,
        "Landing_success_rate": 1.0
    },
    {
        "model": 0,
        "sequence": 12,
        "status": 1,
        "fuel": 6067,
        "fault": 0.2313,
        "weapon": 0,
        "pilot_injury": 0.5869,
        "pilot_skill": 0.5766,
        "mission_priority": 0.4908,
        "estimated_landing_time": 1134.0,
        "wait_time": 0,
        "Landing_success_rate": 1.0
    },
    {
        "model": 2,
        "sequence": 14,
        "status": 1,
        "fuel": 7210,
        "fault": 0.7776,
        "weapon": 1,
        "pilot_injury": 0.3833,
        "pilot_skill": 0.4228,
        "mission_priority": 0.274,
        "estimated_landing_time": 1322.0,
        "wait_time": 0,
        "Landing_success_rate": 1.0
    },
    {
        "model": 1,
        "sequence": 17,
        "status": 1,
        "fuel": 6743,
        "fault": 0.578,
        "weapon": 1,
        "pilot_injury": 0.2126,
        "pilot_skill": 0.4325,
        "mission_priority": 0.2333,
        "estimated_landing_time": 1604.0,
        "wait_time": 0,
        "Landing_success_rate": 1.0
    },
    {
        "model": 0,
        "sequence": 16,
        "status": 1,
        "fuel": 6488,
        "fault": 0.896,
        "weapon": 1,
        "pilot_injury": 0.4247,
        "pilot_skill": 0.1293,
        "mission_priority": 0.164,
        "estimated_landing_time": 1510.0,
        "wait_time": 0,
        "Landing_success_rate": 1.0
    },
    {
        "model": 1,
        "sequence": 7,
        "status": 1,
        "fuel": 6242,
        "fault": 0.6605,
        "weapon": 0,
        "pilot_injury": 0.1712,
        "pilot_skill": 0.2948,
        "mission_priority": 0.2215,
        "estimated_landing_time": 664.0,
        "wait_time": 0,
        "Landing_success_rate": 1.0
    },
    {
        "model": 0,
        "sequence": 23,
        "status": 1,
        "fuel": 6182,
        "fault": 0.9786,
        "weapon": 1,
        "pilot_injury": 0.406,
        "pilot_skill": 0.6649,
        "mission_priority": 0.3255,
        "estimated_landing_time": 2168.0,
        "wait_time": 0,
        "Landing_success_rate": 1.0
    },
    {
        "model": 0,
        "sequence": 2,
        "status": 1,
        "fuel": 6247,
        "fault": 0.7727,
        "weapon": 0,
        "pilot_injury": 0.7945,
        "pilot_skill": 0.6046,
        "mission_priority": 0.559,
        "estimated_landing_time": 194.0,
        "wait_time": 0,
        "Landing_success_rate": 1.0
    },
    {
        "model": 2,
        "sequence": 8,
        "status": 1,
        "fuel": 6411,
        "fault": 0.789,
        "weapon": 1,
        "pilot_injury": 0.2744,
        "pilot_skill": 0.7298,
        "mission_priority": 0.6279,
        "estimated_landing_time": 758.0,
        "wait_time": 0,
        "Landing_success_rate": 1.0
    },
    {
        "model": 1,
        "sequence": 3,
        "status": 1,
        "fuel": 5885,
        "fault": 0.7976,
        "weapon": 1,
        "pilot_injury": 0.4211,
        "pilot_skill": 0.1464,
        "mission_priority": 0.7808,
        "estimated_landing_time": 288.0,
        "wait_time": 0,
        "Landing_success_rate": 1.0
    },
    {
        "model": 1,
        "sequence": 4,
        "status": 1,
        "fuel": 6850,
        "fault": 0.9676,
        "weapon": 0,
        "pilot_injury": 0.7892,
        "pilot_skill": 0.8216,
        "mission_priority": 0.0557,
        "estimated_landing_time": 382.0,
        "wait_time": 0,
        "Landing_success_rate": 1.0
    },
    {
        "model": 2,
        "sequence": 6,
        "status": 1,
        "fuel": 6442,
        "fault": 0.2077,
        "weapon": 1,
        "pilot_injury": 0.1378,
        "pilot_skill": 0.5219,
        "mission_priority": 0.5704,
        "estimated_landing_time": 570.0,
        "wait_time": 0,
        "Landing_success_rate": 1.0
    },
    {
        "model": 0,
        "sequence": 24,
        "status": 1,
        "fuel": 7295,
        "fault": 0.4776,
        "weapon": 1,
        "pilot_injury": 0.7142,
        "pilot_skill": 0.1371,
        "mission_priority": 0.6169,
        "estimated_landing_time": 2262.0,
        "wait_time": 0,
        "Landing_success_rate": 1.0
    },
    {
        "model": 2,
        "sequence": 10,
        "status": 1,
        "fuel": 7495,
        "fault": 0.6179,
        "weapon": 1,
        "pilot_injury": 0.1,
        "pilot_skill": 0.4496,
        "mission_priority": 0.1754,
        "estimated_landing_time": 946.0,
        "wait_time": 0,
        "Landing_success_rate": 1.0
    },
    {
        "model": 1,
        "sequence": 9,
        "status": 1,
        "fuel": 7381,
        "fault": 0.9193,
        "weapon": 0,
        "pilot_injury": 0.1695,
        "pilot_skill": 0.7367,
        "mission_priority": 0.1462,
        "estimated_landing_time": 852.0,
        "wait_time": 0,
        "Landing_success_rate": 1.0
    },
    {
        "model": 0,
        "sequence": 11,
        "status": 1,
        "fuel": 6042,
        "fault": 0.7181,
        "weapon": 1,
        "pilot_injury": 0.5377,
        "pilot_skill": 0.0572,
        "mission_priority": 0.3626,
        "estimated_landing_time": 1040.0,
        "wait_time": 0,
        "Landing_success_rate": 1.0
    },
    {
        "model": 1,
        "sequence": 13,
        "status": 1,
        "fuel": 6833,
        "fault": 0.7293,
        "weapon": 1,
        "pilot_injury": 0.6655,
        "pilot_skill": 0.8882,
        "mission_priority": 0.6677,
        "estimated_landing_time": 1228.0,
        "wait_time": 0,
        "Landing_success_rate": 1.0
    },
    {
        "model": 0,
        "sequence": 5,
        "status": 1,
        "fuel": 7370,
        "fault": 0.791,
        "weapon": 0,
        "pilot_injury": 0.3488,
        "pilot_skill": 0.5483,
        "mission_priority": 0.934,
        "estimated_landing_time": 476.0,
        "wait_time": 0,
        "Landing_success_rate": 1.0
    },
    {
        "model": 0,
        "sequence": 1,
        "status": 1,
        "fuel": 5629,
        "fault": 0.6435,
        "weapon": 0,
        "pilot_injury": 0.5896,
        "pilot_skill": 0.8997,
        "mission_priority": 0.5432,
        "estimated_landing_time": 100.0,
        "wait_time": 0,
        "Landing_success_rate": 1.0
    },
    {
        "model": 2,
        "sequence": 21,
        "status": 1,
        "fuel": 7074,
        "fault": 0.9185,
        "weapon": 1,
        "pilot_injury": 0.889,
        "pilot_skill": 0.6699,
        "mission_priority": 0.2205,
        "estimated_landing_time": 1980.0,
        "wait_time": 0,
        "Landing_success_rate": 1.0
    },
    {
        "model": 1,
        "sequence": 18,
        "status": 1,
        "fuel": 5720,
        "fault": 0.3247,
        "weapon": 1,
        "pilot_injury": 0.7721,
        "pilot_skill": 0.8922,
        "mission_priority": 0.152,
        "estimated_landing_time": 1698.0,
        "wait_time": 0,
        "Landing_success_rate": 1.0
    },
    {
        "model": 2,
        "sequence": 19,
        "status": 1,
        "fuel": 5641,
        "fault": 0.6454,
        "weapon": 0,
        "pilot_injury": 0.0145,
        "pilot_skill": 0.0913,
        "mission_priority": 0.434,
        "estimated_landing_time": 1792.0,
        "wait_time": 0,
        "Landing_success_rate": 1.0
    }
]