[
    {
        "model": 2,
        "sequence": 4,
        "status": 1,
        "fuel": 6173,
        "fault": 0.4858,
        "weapon": 1,
        "pilot_injury": 0.8751,
        "pilot_skill": 0.2672,
        "mission_priority": 0.5637,
        "estimated_landing_time": 382.0,
        "wait_time": 0,
        "Landing_success_rate": 1.0
    },
    {
        "model": 1,
        "sequence": 15,
        "status": 1,
        "fuel": 7191,
        "fault": 0.8579,
        "weapon": 1,
        "pilot_injury": 0.5551,
        "pilot_skill": 0.4504,
        "mission_priority": 0.7602,
        "estimated_landing_time": 1416.0,
        "wait_time": 0,
        "Landing_success_rate": 1.0
    },
    {
        "model": 1,
        "sequence": 22,
        "status": 1,
        "fuel": 6951,
        "fault": 0.6248,
        "weapon": 0,
        "pilot_injury": 0.8456,
        "pilot_skill": 0.6986,
        "mission_priority": 0.5275,
        "estimated_landing_time": 2074.0,
        "wait_time": 0,
        "Landing_success_rate": 1.0
    },
    {
        "model": 0,
        "sequence": 17,
        "status": 1,
        "fuel": 6713,
        "fault": 0.9505,
        "weapon": 0,
        "pilot_injury": 0.0564,
        "pilot_skill": 0.9528,
        "mission_priority": 0.1865,
        "estimated_landing_time": 1604.0,
        "wait_time": 0,
        "Landing_success_rate": 1.0
    },
    {
        "model": 1,
        "sequence": 19,
        "status": 1,
        "fuel": 5609,
        "fault": 0.5251,
        "weapon": 0,
        "pilot_injury": 0.8279,
        "pilot_skill": 0.8331,
        "mission_priority": 0.8296,
        "estimated_landing_time": 1792.0,
        "wait_time": 0,
        "Landing_success_rate": 1.0
    },
    {
        "model": 1,
        "sequence": 20,
        "status": 1,
        "fuel": 5971,
        "fault": 0.1638,
        "weapon": 0,
        "pilot_injury": 0.3998,
        "pilot_skill": 0.9136,
        "mission_priority": 0.4673,
        "estimated_landing_time": 1886.0,
        "wait_time": 0,
        "Landing_success_rate": 1.0
    },
    {
        "model": 0,
        "sequence": 8,
        "status": 1,
        "fuel": 6451,
        "fault": 0.2099,
        "weapon": 0,
        "pilot_injury": 0.5044,
        "pilot_skill": 0.9225,
        "mission_priority": 0.2613,
        "estimated_landing_time": 758.0,
        "wait_time": 0,
        "Landing_success_rate": 1.0
    },
    {
        "model": 0,
        "sequence": 13,
        "status": 1,
        "fuel": 7114,
        "fault": 0.1633,
        "weapon": 1,
        "pilot_injury": 0.0789,
        "pilot_skill": 0.4768,
        "mission_priority": 0.1064,
        "estimated_landing_time": 1228.0,
        "wait_time": 0,
        "Landing_success_rate": 1.0
    },
    {
        "model": 0,
        "sequence": 11,
        "status": 1,
        "fuel": 7275,
        "fault": 0.1359,
        "weapon": 0,
        "pilot_injury": 0.4815,
        "pilot_skill": 0.3905,
        "mission_priority": 0.9221,
        "estimated_landing_time": 1040.0,
        "wait_time": 0,
        "Landing_success_rate": 1.0
    },
    {
        "model": 2,
        "sequence": 3,
        "status": 1,
        "fuel": 6342,
        "fault": 0.8394,
        "weapon": 0,
        "pilot_injury": 0.6593,
        "pilot_skill": 0.2043,
        "mission_priority": 0.6018,
        "estimated_landing_time": 288.0,
        "wait_time": 0,
        "Landing_success_rate": 1.0
    },
    {
        "model": 0,
        "sequence": 16,
        "status": 1,
        "fuel": 7067,
        "fault": 0.4527,
        "weapon": 0,
        "pilot_injury": 0.381,
        "pilot_skill": 0.3501,
        "mission_priority": 0.6405,
        "estimated_landing_time": 1510.0,
        "wait_time": 0,
        "Landing_success_rate": 1.0
    },
    {
        "model": 0,
        "sequence": 5,
        "status": 1,
        "fuel": 6871,
        "fault": 0.0412,
        "weapon": 1,
        "pilot_injury": 0.5663,
        "pilot_skill": 0.3731,
        "mission_priority": 0.0347,
        "estimated_landing_time": 476.0,
        "wait_time": 0,
        "Landing_success_rate": 1.0
    },
    {
        "model": 1,
        "sequence": 14,
        "status": 1,
        "fuel": 5959,
        "fault": 0.0323,
        "weapon": 1,
        "pilot_injury": 0.0999,
        "pilot_skill": 0.8726,
        "mission_priority": 0.6918,
        "estimated_landing_time": 1322.0,
        "wait_time": 0,
        "Landing_success_rate": 1.0
    },
    {
        "model": 1,
        "sequence": 6,
        "status": 1,
        "fuel": 7387,
        "fault": 0.9853,
        "weapon": 0,
        "pilot_injury": 0.0198,
        "pilot_skill": 0.5855,
        "mission_priority": 0.2004,
        "estimated_landing_time": 570.0,
        "wait_time": 0,
        "Landing_success_rate": 1.0
    },
    {
        "model": 0,
        "sequence": 1,
        "status": 1,
        "fuel": 6599,
        "fault": 0.664,
        "weapon": 1,
        "pilot_injury": 0.5564,
        "pilot_skill": 0.5047,
        "mission_priority": 0.2153,
        "estimated_landing_time": 100.0,
        "wait_time": 0,
        "Landing_success_rate": 1.0
    },
    {
        "model": 0,
        "sequence": 18,
        "status": 1,
        "fuel": 5622,
        "fault": 0.3303,
        "weapon": 0,
        "pilot_injury": 0.3213,
        "pilot_skill": 0.7762,
        "mission_priority": 0.1192,
        "estimated_landing_time": 1698.0,
        "wait_time": 0,
        "Landing_success_rate": 1.0
    },
    {
        "model": 1,
        "sequence": 24,
        "status": 1,
        "fuel": 6801,
        "fault": 0.2992,
        "weapon": 0,
        "pilot_injury": 0.2891,
        "pilot_skill": 0.5072,
        "mission_priority": 0.3923,
        "estimated_landing_time": 2262.0,
        "wait_time": 0,
        "Landing_success_rate": 1.0
    },
    {
        "model": 0,
        "sequence": 7,
        "status": 1,
        "fuel": 7184,
        "fault": 0.2976,
        "weapon": 0,
        "pilot_injury": 0.2138,
        "pilot_skill": 0.4445,
        "mission_priority": 0.231,
        "estimated_landing_time": 664.0,
        "wait_time": 0,
        "Landing_success_rate": 1.0
    },
    {
        "model": 2,
        "sequence": 23,
        "status": 1,
        "fuel": 6721,
        "fault": 0.6974,
        "weapon": 1,
        "pilot_injury": 0.8875,
        "pilot_skill": 0.3261,
        "mission_priority": 0.1795,
        "estimated_landing_time": 2168.0,
        "wait_time": 0,
        "Landing_success_rate": 1.0
    },
    {
        "model": 0,
        "sequence": 21,
        "status": 1,
        "fuel": 6510,
        "fault": 0.6269,
        "weapon": 0,
        "pilot_injury": 0.6189,
        "pilot_skill": 0.3021,
        "mission_priority": 0.32,
        "estimated_landing_time": 1980.0,
        "wait_time": 0,
        "Landing_success_rate": 1.0
    },
    {
        "model": 1,
        "sequence": 9,
        "status": 1,
        "fuel": 7499,
        "fault": 0.3699,
        "weapon": 1,
        "pilot_injury": 0.683,
        "pilot_skill": 0.7563,
        "mission_priority": 0.1942,
        "estimated_landing_time": 852.0,
        "wait_time": 0,
        "Landing_success_rate": 1.0
    },
    {
        "model": 2,
        "sequence": 12,
        "status": 1,
        "fuel": 6005,
        "fault": 0.0942,
        "weapon": 1,
        "pilot_injury": 0.3425,
        "pilot_skill": 0.1577,
        "mission_priority": 0.697,
        "estimated_landing_time": 1134.0,
        "wait_time": 0,
        "Landing_success_rate": 1.0
    },
    {
        "model": 0,
        "sequence": 10,
        "status": 1,
        "fuel": 5521,
        "fault": 0.4045,
        "weapon": 0,
        "pilot_injury": 0.1826,
        "pilot_skill": 0.2625,
        "mission_priority": 0.6249,
        "estimated_landing_time": 946.0,
        "wait_time": 0,
        "Landing_success_rate": 1.0
    },
    {
        "model": 1,
        "sequence": 2,
        "status": 1,
        "fuel": 6671,
        "fault": 0.9288,
        "weapon": 0,
        "pilot_injury": 0.7681,
        "pilot_skill": 0.8147,
        "mission_priority": 0.2765,
        "estimated_landing_time": 194.0,
        "wait_time": 0,
        "Landing_success_rate": 1.0
    }
]