[
    {
        "model": 0,
        "sequence": 16,
        "status": 1,
        "fuel": 6483,
        "fault": 0.673,
        "weapon": 0,
        "pilot_injury": 0.3284,
        "pilot_skill": 0.6868,
        "mission_priority": 0.5283,
        "estimated_landing_time": 1510.0,
        "wait_time": 0,
        "Landing_success_rate": 1.0
    },
    {
        "model": 2,
        "sequence": 24,
        "status": 1,
        "fuel": 6976,
        "fault": 0.4224,
        "weapon": 0,
        "pilot_injury": 0.827,
        "pilot_skill": 0.9024,
        "mission_priority": 0.1453,
        "estimated_landing_time": 2262.0,
        "wait_time": 0,
        "Landing_success_rate": 1.0
    },
    {
        "model": 2,
        "sequence": 1,
        "status": 1,
        "fuel": 7039,
        "fault": 0.8395,
        "weapon": 1,
        "pilot_injury": 0.1823,
        "pilot_skill": 0.2046,
        "mission_priority": 0.5213,
        "estimated_landing_time": 100.0,
        "wait_time": 0,
        "Landing_success_rate": 1.0
    },
    {
        "model": 2,
        "sequence": 11,
        "status": 1,
        "fuel": 6230,
        "fault": 0.3553,
        "weapon": 1,
        "pilot_injury": 0.1434,
        "pilot_skill": 0.5099,
        "mission_priority": 0.1509,
        "estimated_landing_time": 1040.0,
        "wait_time": 0,
        "Landing_success_rate": 1.0
    },
    {
        "model": 2,
        "sequence": 12,
        "status": 1,
        "fuel": 6046,
        "fault": 0.517,
        "weapon": 0,
        "pilot_injury": 0.8116,
        "pilot_skill": 0.8613,
        "mission_priority": 0.0277,
        "estimated_landing_time": 1134.0,
        "wait_time": 0,
        "Landing_success_rate": 1.0
    },
    {
        "model": 1,
        "sequence": 13,
        "status": 1,
        "fuel": 6420,
        "fault": 0.3562,
        "weapon": 1,
        "pilot_injury": 0.495,
        "pilot_skill": 0.2218,
        "mission_priority": 0.0343,
        "estimated_landing_time": 1228.0,
        "wait_time": 0,
        "Landing_success_rate": 1.0
    },
    {
        "model": 2,
        "sequence": 8,
        "status": 1,
        "fuel": 6019,
        "fault": 0.9955,
        "weapon": 0,
        "pilot_injury": 0.8803,
        "pilot_skill": 0.0697,
        "mission_priority": 0.4084,
        "estimated_landing_time": 758.0,
        "wait_time": 0,
        "Landing_success_rate": 1.0
    },
    {
        "model": 1,
        "sequence": 15,
        "status": 1,
        "fuel": 5514,
        "fault": 0.8062,
        "weapon": 0,
        "pilot_injury": 0.9674,
        "pilot_skill": 0.6375,
        "mission_priority": 0.2174,
        "estimated_landing_time": 1416.0,
        "wait_time": 0,
        "Landing_success_rate": 1.0
    },
    {
        "model": 1,
        "sequence": 4,
        "status": 1,
        "fuel": 6891,
        "fault": 0.9846,
        "weapon": 1,
        "pilot_injury": 0.5373,
        "pilot_skill": 0.7733,
        "mission_priority": 0.5986,
        "estimated_landing_time": 382.0,
        "wait_time": 0,
        "Landing_success_rate": 1.0
    },
    {
        "model": 2,
        "sequence": 6,
        "status": 1,
        "fuel": 6015,
        "fault": 0.2345,
        "weapon": 1,
        "pilot_injury": 0.8474,
        "pilot_skill": 0.8839,
        "mission_priority": 0.9712,
        "estimated_landing_time": 570.0,
        "wait_time": 0,
        "Landing_success_rate": 1.0
    },
    {
        "model": 1,
        "sequence": 7,
        "status": 1,
        "fuel": 5915,
        "fault": 0.1052,
        "weapon": 1,
        "pilot_injury": 0.6854,
        "pilot_skill": 0.8552,
        "mission_priority": 0.7513,
        "estimated_landing_time": 664.0,
        "wait_time": 0,
        "Landing_success_rate": 1.0
    },
    {
        "model": 2,
        "sequence": 9,
        "status": 1,
        "fuel": 7301,
        "fault": 0.5006,
        "weapon": 1,
        "pilot_injury": 0.0721,
        "pilot_skill": 0.6625,
        "mission_priority": 0.008,
        "estimated_landing_time": 852.0,
        "wait_time": 0,
        "Landing_success_rate": 1.0
    },
    {
        "model": 2,
        "sequence": 21,
        "status": 1,
        "fuel": 5606,
        "fault": 0.7573,
        "weapon": 0,
        "pilot_injury": 0.8795,
        "pilot_skill": 0.7843,
        "mission_priority": 0.7059,
        "estimated_landing_time": 1980.0,
        "wait_time": 0,
        "Landing_success_rate": 1.0
    },
    {
        "model": 2,
        "sequence": 23,
        "status": 1,
        "fuel": 7087,
        "fault": 0.346,
        "weapon": 0,
        "pilot_injury": 0.5638,
        "pilot_skill": 0.8907,
        "mission_priority": 0.7775,
        "estimated_landing_time": 2168.0,
        "wait_time": 0,
        "Landing_success_rate": 1.0
    },
    {
        "model": 2,
        "sequence": 19,
        "status": 1,
        "fuel": 6139,
        "fault": 0.1079,
        "weapon": 1,
        "pilot_injury": 0.2937,
        "pilot_skill": 0.1325,
        "mission_priority": 0.9545,
        "estimated_landing_time": 1792.0,
        "wait_time": 0,
        "Landing_success_rate": 1.0
    },
    {
        "model": 1,
        "sequence": 17,
        "status": 1,
        "fuel": 7318,
        "fault": 0.8243,
        "weapon": 0,
        "pilot_injury": 0.6224,
        "pilot_skill": 0.3982,
        "mission_priority": 0.218,
        "estimated_landing_time": 1604.0,
        "wait_time": 0,
        "Landing_success_rate": 1.0
    },
    {
        "model": 0,
        "sequence": 20,
        "status": 1,
        "fuel": 6834,
        "fault": 0.5298,
        "weapon": 1,
        "pilot_injury": 0.5633,
        "pilot_skill": 0.7503,
        "mission_priority": 0.9258,
        "estimated_landing_time": 1886.0,
        "wait_time": 0,
        "Landing_success_rate": 1.0
    },
    {
        "model": 0,
        "sequence": 3,
        "status": 1,
        "fuel": 5773,
        "fault": 0.8405,
        "weapon": 0,
        "pilot_injury": 0.242,
        "pilot_skill": 0.2744,
        "mission_priority": 0.4176,
        "estimated_landing_time": 288.0,
        "wait_time": 0,
        "Landing_success_rate": 1.0
    },
    {
        "model": 2,
        "sequence": 14,
        "status": 1,
        "fuel": 6115,
        "fault": 0.0231,
        "weapon": 1,
        "pilot_injury": 0.2396,
        "pilot_skill": 0.9195,
        "mission_priority": 0.4114,
        "estimated_landing_time": 1322.0,
        "wait_time": 0,
        "Landing_success_rate": 1.0
    },
    {
        "model": 2,
        "sequence": 18,
        "status": 1,
        "fuel": 5835,
        "fault": 0.5324,
        "weapon": 0,
        "pilot_injury": 0.6264,
        "pilot_skill": 0.9554,
        "mission_priority": 0.8066,
        "estimated_landing_time": 1698.0,
        "wait_time": 0,
        "Landing_success_rate": 1.0
    },
    {
        "model": 2,
        "sequence": 10,
        "status": 1,
        "fuel": 6717,
        "fault": 0.4246,
        "weapon": 1,
        "pilot_injury": 0.4341,
        "pilot_skill": 0.3934,
        "mission_priority": 0.1398,
        "estimated_landing_time": 946.0,
        "wait_time": 0,
        "Landing_success_rate": 1.0
    },
    {
        "model": 0,
        "sequence": 5,
        "status": 1,
        "fuel": 5696,
        "fault": 0.1519,
        "weapon": 0,
        "pilot_injury": 0.2189,
        "pilot_skill": 0.5759,
        "mission_priority": 0.2213,
        "estimated_landing_time": 476.0,
        "wait_time": 0,
        "Landing_success_rate": 1.0
    },
    {
        "model": 0,
        "sequence": 22,
        "status": 1,
        "fuel": 7174,
        "fault": 0.5414,
        "weapon": 0,
        "pilot_injury": 0.6884,
        "pilot_skill": 0.5948,
        "mission_priority": 0.3275,
        "estimated_landing_time": 2074.0,
        "wait_time": 0,
        "Landing_success_rate": 1.0
    },
    {
        "model": 2,
        "sequence": 2,
        "status": 1,
        "fuel": 7086,
        "fault": 0.598,
        "weapon": 1,
        "pilot_injury": 0.0626,
        "pilot_skill": 0.6997,
        "mission_priority": 0.2762,
        "estimated_landing_time": 194.0,
        "wait_time": 0,
        "Landing_success_rate": 1.0
    }
]