[
    {
        "model": 1,
        "sequence": 12,
        "status": 1,
        "fuel": 7180,
        "fault": 0.6273,
        "weapon": 0,
        "pilot_injury": 0.0454,
        "pilot_skill": 0.2143,
        "mission_priority": 0.1609,
        "estimated_landing_time": 1134.0,
        "wait_time": 0,
        "Landing_success_rate": 1.0
    },
    {
        "model": 2,
        "sequence": 17,
        "status": 1,
        "fuel": 7439,
        "fault": 0.1616,
        "weapon": 0,
        "pilot_injury": 0.72,
        "pilot_skill": 0.9028,
        "mission_priority": 0.1585,
        "estimated_landing_time": 1604.0,
        "wait_time": 0,
        "Landing_success_rate": 1.0
    },
    {
        "model": 0,
        "sequence": 2,
        "status": 1,
        "fuel": 6372,
        "fault": 0.5118,
        "weapon": 1,
        "pilot_injury": 0.4585,
        "pilot_skill": 0.6946,
        "mission_priority": 0.5134,
        "estimated_landing_time": 194.0,
        "wait_time": 0,
        "Landing_success_rate": 1.0
    },
    {
        "model": 1,
        "sequence": 16,
        "status": 1,
        "fuel": 6830,
        "fault": 0.9033,
        "weapon": 0,
        "pilot_injury": 0.5747,
        "pilot_skill": 0.8935,
        "mission_priority": 0.1973,
        "estimated_landing_time": 1510.0,
        "wait_time": 0,
        "Landing_success_rate": 1.0
    },
    {
        "model": 1,
        "sequence": 21,
        "status": 1,
        "fuel": 7034,
        "fault": 0.6227,
        "weapon": 0,
        "pilot_injury": 0.5458,
        "pilot_skill": 0.6761,
        "mission_priority": 0.6709,
        "estimated_landing_time": 1980.0,
        "wait_time": 0,
        "Landing_success_rate": 1.0
    },
    {
        "model": 1,
        "sequence": 24,
        "status": 1,
        "fuel": 7392,
        "fault": 0.6854,
        "weapon": 1,
        "pilot_injury": 0.76,
        "pilot_skill": 0.4729,
        "mission_priority": 0.3229,
        "estimated_landing_time": 2262.0,
        "wait_time": 0,
        "Landing_success_rate": 1.0
    },
    {
        "model": 0,
        "sequence": 11,
        "status": 1,
        "fuel": 7316,
        "fault": 0.3253,
        "weapon": 1,
        "pilot_injury": 0.7206,
        "pilot_skill": 0.1576,
        "mission_priority": 0.6362,
        "estimated_landing_time": 1040.0,
        "wait_time": 0,
        "Landing_success_rate": 1.0
    },
    {
        "model": 0,
        "sequence": 23,
        "status": 1,
        "fuel": 7281,
        "fault": 0.1795,
        "weapon": 0,
        "pilot_injury": 0.4886,
        "pilot_skill": 0.6709,
        "mission_priority": 0.0002,
        "estimated_landing_time": 2168.0,
        "wait_time": 0,
        "Landing_success_rate": 1.0
    },
    {
        "model": 2,
        "sequence": 22,
        "status": 1,
        "fuel": 6244,
        "fault": 0.0536,
        "weapon": 0,
        "pilot_injury": 0.9309,
        "pilot_skill": 0.4642,
        "mission_priority": 0.507,
        "estimated_landing_time": 2074.0,
        "wait_time": 0,
        "Landing_success_rate": 1.0
    },
    {
        "model": 1,
        "sequence": 3,
        "status": 1,
        "fuel": 5732,
        "fault": 0.8252,
        "weapon": 0,
        "pilot_injury": 0.4324,
        "pilot_skill": 0.9744,
        "mission_priority": 0.8123,
        "estimated_landing_time": 288.0,
        "wait_time": 0,
        "Landing_success_rate": 1.0
    },
    {
        "model": 0,
        "sequence": 10,
        "status": 1,
        "fuel": 6211,
        "fault": 0.3481,
        "weapon": 0,
        "pilot_injury": 0.3463,
        "pilot_skill": 0.5919,
        "mission_priority": 0.4462,
        "estimated_landing_time": 946.0,
        "wait_time": 0,
        "Landing_success_rate": 1.0
    },
    {
        "model": 2,
        "sequence": 4,
        "status": 1,
        "fuel": 6811,
        "fault": 0.7199,
        "weapon": 0,
        "pilot_injury": 0.7913,
        "pilot_skill": 0.7911,
        "mission_priority": 0.3009,
        "estimated_landing_time": 382.0,
        "wait_time": 0,
        "Landing_success_rate": 1.0
    },
    {
        "model": 0,
        "sequence": 19,
        "status": 1,
        "fuel": 6019,
        "fault": 0.4659,
        "weapon": 1,
        "pilot_injury": 0.1626,
        "pilot_skill": 0.8582,
        "mission_priority": 0.2656,
        "estimated_landing_time": 1792.0,
        "wait_time": 0,
        "Landing_success_rate": 1.0
    },
    {
        "model": 1,
        "sequence": 20,
        "status": 1,
        "fuel": 5835,
        "fault": 0.5219,
        "weapon": 1,
        "pilot_injury": 0.7354,
        "pilot_skill": 0.1473,
        "mission_priority": 0.1588,
        "estimated_landing_time": 1886.0,
        "wait_time": 0,
        "Landing_success_rate": 1.0
    },
    {
        "model": 0,
        "sequence": 7,
        "status": 1,
        "fuel": 5561,
        "fault": 0.8526,
        "weapon": 1,
        "pilot_injury": 0.1724,
        "pilot_skill": 0.5369,
        "mission_priority": 0.0749,
        "estimated_landing_time": 664.0,
        "wait_time": 0,
        "Landing_success_rate": 1.0
    },
    {
        "model": 0,
        "sequence": 8,
        "status": 1,
        "fuel": 7064,
        "fault": 0.1888,
        "weapon": 0,
        "pilot_injury": 0.2484,
        "pilot_skill": 0.698,
        "mission_priority": 0.0538,
        "estimated_landing_time": 758.0,
        "wait_time": 0,
        "Landing_success_rate": 1.0
    },
    {
        "model": 0,
        "sequence": 1,
        "status": 1,
        "fuel": 5612,
        "fault": 0.4943,
        "weapon": 0,
        "pilot_injury": 0.5381,
        "pilot_skill": 0.4108,
        "mission_priority": 0.0059,
        "estimated_landing_time": 100.0,
        "wait_time": 0,
        "Landing_success_rate": 1.0
    },
    {
        "model": 1,
        "sequence": 9,
        "status": 1,
        "fuel": 7328,
        "fault": 0.387,
        "weapon": 0,
        "pilot_injury": 0.3774,
        "pilot_skill": 0.439,
        "mission_priority": 0.0236,
        "estimated_landing_time": 852.0,
        "wait_time": 0,
        "Landing_success_rate": 1.0
    },
    {
        "model": 0,
        "sequence": 13,
        "status": 1,
        "fuel": 6017,
        "fault": 0.9909,
        "weapon": 1,
        "pilot_injury": 0.4006,
        "pilot_skill": 0.8864,
        "mission_priority": 0.8281,
        "estimated_landing_time": 1228.0,
        "wait_time": 0,
        "Landing_success_rate": 1.0
    },
    {
        "model": 1,
        "sequence": 15,
        "status": 1,
        "fuel": 7289,
        "fault": 0.4072,
        "weapon": 1,
        "pilot_injury": 0.8889,
        "pilot_skill": 0.399,
        "mission_priority": 0.4795,
        "estimated_landing_time": 1416.0,
        "wait_time": 0,
        "Landing_success_rate": 1.0
    },
    {
        "model": 2,
        "sequence": 14,
        "status": 1,
        "fuel": 7224,
        "fault": 0.639,
        "weapon": 0,
        "pilot_injury": 0.7121,
        "pilot_skill": 0.4087,
        "mission_priority": 0.8889,
        "estimated_landing_time": 1322.0,
        "wait_time": 0,
        "Landing_success_rate": 1.0
    },
    {
        "model": 1,
        "sequence": 18,
        "status": 1,
        "fuel": 7351,
        "fault": 0.0828,
        "weapon": 1,
        "pilot_injury": 0.2069,
        "pilot_skill": 0.6979,
        "mission_priority": 0.2047,
        "estimated_landing_time": 1698.0,
        "wait_time": 0,
        "Landing_success_rate": 1.0
    },
    {
        "model": 1,
        "sequence": 5,
        "status": 1,
        "fuel": 6818,
        "fault": 0.1417,
        "weapon": 1,
        "pilot_injury": 0.7832,
        "pilot_skill": 0.0281,
        "mission_priority": 0.9305,
        "estimated_landing_time": 476.0,
        "wait_time": 0,
        "Landing_success_rate": 1.0
    },
    {
        "model": 1,
        "sequence": 6,
        "status": 1,
        "fuel": 7328,
        "fault": 0.461,
        "weapon": 1,
        "pilot_injury": 0.6457,
        "pilot_skill": 0.5291,
        "mission_priority": 0.6447,
        "estimated_landing_time": 570.0,
        "wait_time": 0,
        "Landing_success_rate": 1.0
    }
]