[
    {
        "model": 1,
        "sequence": 5,
        "status": 1,
        "fuel": 6267,
        "fault": 0.9042,
        "weapon": 0,
        "pilot_injury": 0.8239,
        "pilot_skill": 0.68,
        "mission_priority": 0.4722,
        "estimated_landing_time": 476.0,
        "wait_time": 0,
        "Landing_success_rate": 1.0
    },
    {
        "model": 1,
        "sequence": 11,
        "status": 1,
        "fuel": 6216,
        "fault": 0.8728,
        "weapon": 1,
        "pilot_injury": 0.7156,
        "pilot_skill": 0.9532,
        "mission_priority": 0.5535,
        "estimated_landing_time": 1040.0,
        "wait_time": 0,
        "Landing_success_rate": 1.0
    },
    {
        "model": 1,
        "sequence": 21,
        "status": 1,
        "fuel": 7412,
        "fault": 0.0173,
        "weapon": 1,
        "pilot_injury": 0.9101,
        "pilot_skill": 0.6358,
        "mission_priority": 0.8745,
        "estimated_landing_time": 1980.0,
        "wait_time": 0,
        "Landing_success_rate": 1.0
    },
    {
        "model": 2,
        "sequence": 20,
        "status": 1,
        "fuel": 6592,
        "fault": 0.4489,
        "weapon": 0,
        "pilot_injury": 0.6556,
        "pilot_skill": 0.4407,
        "mission_priority": 0.1372,
        "estimated_landing_time": 1886.0,
        "wait_time": 0,
        "Landing_success_rate": 1.0
    },
    {
        "model": 1,
        "sequence": 3,
        "status": 1,
        "fuel": 5793,
        "fault": 0.5257,
        "weapon": 0,
        "pilot_injury": 0.6559,
        "pilot_skill": 0.9435,
        "mission_priority": 0.2787,
        "estimated_landing_time": 288.0,
        "wait_time": 0,
        "Landing_success_rate": 1.0
    },
    {
        "model": 0,
        "sequence": 14,
        "status": 1,
        "fuel": 6377,
        "fault": 0.6728,
        "weapon": 0,
        "pilot_injury": 0.1325,
        "pilot_skill": 0.0984,
        "mission_priority": 0.7528,
        "estimated_landing_time": 1322.0,
        "wait_time": 0,
        "Landing_success_rate": 1.0
    },
    {
        "model": 2,
        "sequence": 4,
        "status": 1,
        "fuel": 7364,
        "fault": 0.7542,
        "weapon": 1,
        "pilot_injury": 0.0667,
        "pilot_skill": 0.6276,
        "mission_priority": 0.6685,
        "estimated_landing_time": 382.0,
        "wait_time": 0,
        "Landing_success_rate": 1.0
    },
    {
        "model": 2,
        "sequence": 10,
        "status": 1,
        "fuel": 6209,
        "fault": 0.0688,
        "weapon": 1,
        "pilot_injury": 0.5042,
        "pilot_skill": 0.4863,
        "mission_priority": 0.295,
        "estimated_landing_time": 946.0,
        "wait_time": 0,
        "Landing_success_rate": 1.0
    },
    {
        "model": 2,
        "sequence": 7,
        "status": 1,
        "fuel": 7061,
        "fault": 0.4062,
        "weapon": 0,
        "pilot_injury": 0.9226,
        "pilot_skill": 0.7738,
        "mission_priority": 0.8091,
        "estimated_landing_time": 664.0,
        "wait_time": 0,
        "Landing_success_rate": 1.0
    },
    {
        "model": 0,
        "sequence": 15,
        "status": 1,
        "fuel": 7306,
        "fault": 0.4826,
        "weapon": 1,
        "pilot_injury": 0.2078,
        "pilot_skill": 0.1871,
        "mission_priority": 0.5054,
        "estimated_landing_time": 1416.0,
        "wait_time": 0,
        "Landing_success_rate": 1.0
    },
    {
        "model": 0,
        "sequence": 22,
        "status": 1,
        "fuel": 5990,
        "fault": 0.797,
        "weapon": 1,
        "pilot_injury": 0.7257,
        "pilot_skill": 0.0339,
        "mission_priority": 0.7521,
        "estimated_landing_time": 2074.0,
        "wait_time": 0,
        "Landing_success_rate": 1.0
    },
    {
        "model": 2,
        "sequence": 19,
        "status": 1,
        "fuel": 5854,
        "fault": 0.6114,
        "weapon": 0,
        "pilot_injury": 0.1931,
        "pilot_skill": 0.7359,
        "mission_priority": 0.502,
        "estimated_landing_time": 1792.0,
        "wait_time": 0,
        "Landing_success_rate": 1.0
    },
    {
        "model": 0,
        "sequence": 1,
        "status": 1,
        "fuel": 5608,
        "fault": 0.732,
        "weapon": 1,
        "pilot_injury": 0.1903,
        "pilot_skill": 0.0228,
        "mission_priority": 0.7412,
        "estimated_landing_time": 100.0,
        "wait_time": 0,
        "Landing_success_rate": 1.0
    },
    {
        "model": 0,
        "sequence": 16,
        "status": 1,
        "fuel": 6633,
        "fault": 0.8329,
        "weapon": 0,
        "pilot_injury": 0.6229,
        "pilot_skill": 0.7926,
        "mission_priority": 0.5288,
        "estimated_landing_time": 1510.0,
        "wait_time": 0,
        "Landing_success_rate": 1.0
    },
    {
        "model": 0,
        "sequence": 17,
        "status": 1,
        "fuel": 7354,
        "fault": 0.4997,
        "weapon": 1,
        "pilot_injury": 0.653,
        "pilot_skill": 0.6161,
        "mission_priority": 0.1733,
        "estimated_landing_time": 1604.0,
        "wait_time": 0,
        "Landing_success_rate": 1.0
    },
    {
        "model": 1,
        "sequence": 24,
        "status": 1,
        "fuel": 7279,
        "fault": 0.8669,
        "weapon": 1,
        "pilot_injury": 0.6567,
        "pilot_skill": 0.3795,
        "mission_priority": 0.5462,
        "estimated_landing_time": 2262.0,
        "wait_time": 0,
        "Landing_success_rate": 1.0
    },
    {
        "model": 1,
        "sequence": 2,
        "status": 1,
        "fuel": 5663,
        "fault": 0.1258,
        "weapon": 0,
        "pilot_injury": 0.0113,
        "pilot_skill": 0.1969,
        "mission_priority": 0.913,
        "estimated_landing_time": 194.0,
        "wait_time": 0,
        "Landing_success_rate": 1.0
    },
    {
        "model": 2,
        "sequence": 13,
        "status": 1,
        "fuel": 6603,
        "fault": 0.5643,
        "weapon": 0,
        "pilot_injury": 0.6071,
        "pilot_skill": 0.0639,
        "mission_priority": 0.1044,
        "estimated_landing_time": 1228.0,
        "wait_time": 0,
        "Landing_success_rate": 1.0
    },
    {
        "model": 2,
        "sequence": 6,
        "status": 1,
        "fuel": 5550,
        "fault": 0.4532,
        "weapon": 0,
        "pilot_injury": 0.9999,
        "pilot_skill": 0.2236,
        "mission_priority": 0.4827,
        "estimated_landing_time": 570.0,
        "wait_time": 0,
        "Landing_success_rate": 1.0
    },
    {
        "model": 1,
        "sequence": 18,
        "status": 1,
        "fuel": 6268,
        "fault": 0.1148,
        "weapon": 1,
        "pilot_injury": 0.1558,
        "pilot_skill": 0.5249,
        "mission_priority": 0.5813,
        "estimated_landing_time": 1698.0,
        "wait_time": 0,
        "Landing_success_rate": 1.0
    },
    {
        "model": 2,
        "sequence": 8,
        "status": 1,
        "fuel": 6403,
        "fault": 0.2678,
        "weapon": 0,
        "pilot_injury": 0.6854,
        "pilot_skill": 0.8857,
        "mission_priority": 0.09,
        "estimated_landing_time": 758.0,
        "wait_time": 0,
        "Landing_success_rate": 1.0
    },
    {
        "model": 1,
        "sequence": 12,
        "status": 1,
        "fuel": 5950,
        "fault": 0.6024,
        "weapon": 0,
        "pilot_injury": 0.1632,
        "pilot_skill": 0.9941,
        "mission_priority": 0.298,
        "estimated_landing_time": 1134.0,
        "wait_time": 0,
        "Landing_success_rate": 1.0
    },
    {
        "model": 1,
        "sequence": 9,
        "status": 1,
        "fuel": 7309,
        "fault": 0.5711,
        "weapon": 0,
        "pilot_injury": 0.8191,
        "pilot_skill": 0.4587,
        "mission_priority": 0.5458,
        "estimated_landing_time": 852.0,
        "wait_time": 0,
        "Landing_success_rate": 1.0
    },
    {
        "model": 2,
        "sequence": 23,
        "status": 1,
        "fuel": 5720,
        "fault": 0.3688,
        "weapon": 1,
        "pilot_injury": 0.6468,
        "pilot_skill": 0.1691,
        "mission_priority": 0.6001,
        "estimated_landing_time": 2168.0,
        "wait_time": 0,
        "Landing_success_rate": 1.0
    }
]