[
    {
        "model": 2,
        "sequence": 11,
        "status": 1,
        "fuel": 6628,
        "fault": 0.4249,
        "weapon": 1,
        "pilot_injury": 0.2814,
        "pilot_skill": 0.6094,
        "mission_priority": 0.5698,
        "estimated_landing_time": 1040.0,
        "wait_time": 0,
        "Landing_success_rate": 1.0
    },
    {
        "model": 1,
        "sequence": 18,
        "status": 1,
        "fuel": 5549,
        "fault": 0.02,
        "weapon": 1,
        "pilot_injury": 0.8569,
        "pilot_skill": 0.4977,
        "mission_priority": 0.4145,
        "estimated_landing_time": 1698.0,
        "wait_time": 0,
        "Landing_success_rate": 1.0
    },
    {
        "model": 0,
        "sequence": 10,
        "status": 1,
        "fuel": 6109,
        "fault": 0.9948,
        "weapon": 1,
        "pilot_injury": 0.7652,
        "pilot_skill": 0.4089,
        "mission_priority": 0.5516,
        "estimated_landing_time": 946.0,
        "wait_time": 0,
        "Landing_success_rate": 1.0
    },
    {
        "model": 0,
        "sequence": 23,
        "status": 1,
        "fuel": 6439,
        "fault": 0.3242,
        "weapon": 1,
        "pilot_injury": 0.0618,
        "pilot_skill": 0.7286,
        "mission_priority": 0.7863,
        "estimated_landing_time": 2168.0,
        "wait_time": 0,
        "Landing_success_rate": 1.0
    },
    {
        "model": 0,
        "sequence": 1,
        "status": 1,
        "fuel": 5839,
        "fault": 0.2507,
        "weapon": 0,
        "pilot_injury": 0.2519,
        "pilot_skill": 0.6442,
        "mission_priority": 0.882,
        "estimated_landing_time": 100.0,
        "wait_time": 0,
        "Landing_success_rate": 1.0
    },
    {
        "model": 0,
        "sequence": 17,
        "status": 1,
        "fuel": 5823,
        "fault": 0.0379,
        "weapon": 1,
        "pilot_injury": 0.8375,
        "pilot_skill": 0.2261,
        "mission_priority": 0.4021,
        "estimated_landing_time": 1604.0,
        "wait_time": 0,
        "Landing_success_rate": 1.0
    },
    {
        "model": 0,
        "sequence": 6,
        "status": 1,
        "fuel": 6708,
        "fault": 0.0511,
        "weapon": 0,
        "pilot_injury": 0.0492,
        "pilot_skill": 0.5884,
        "mission_priority": 0.0885,
        "estimated_landing_time": 570.0,
        "wait_time": 0,
        "Landing_success_rate": 1.0
    },
    {
        "model": 1,
        "sequence": 22,
        "status": 1,
        "fuel": 6871,
        "fault": 0.2809,
        "weapon": 1,
        "pilot_injury": 0.2898,
        "pilot_skill": 0.5066,
        "mission_priority": 0.8232,
        "estimated_landing_time": 2074.0,
        "wait_time": 0,
        "Landing_success_rate": 1.0
    },
    {
        "model": 1,
        "sequence": 14,
        "status": 1,
        "fuel": 6059,
        "fault": 0.7978,
        "weapon": 1,
        "pilot_injury": 0.7391,
        "pilot_skill": 0.6984,
        "mission_priority": 0.5699,
        "estimated_landing_time": 1322.0,
        "wait_time": 0,
        "Landing_success_rate": 1.0
    },
    {
        "model": 1,
        "sequence": 13,
        "status": 1,
        "fuel": 6547,
        "fault": 0.9227,
        "weapon": 1,
        "pilot_injury": 0.8615,
        "pilot_skill": 0.293,
        "mission_priority": 0.2254,
        "estimated_landing_time": 1228.0,
        "wait_time": 0,
        "Landing_success_rate": 1.0
    },
    {
        "model": 1,
        "sequence": 19,
        "status": 1,
        "fuel": 6063,
        "fault": 0.1853,
        "weapon": 0,
        "pilot_injury": 0.3961,
        "pilot_skill": 0.4098,
        "mission_priority": 0.8533,
        "estimated_landing_time": 1792.0,
        "wait_time": 0,
        "Landing_success_rate": 1.0
    },
    {
        "model": 2,
        "sequence": 9,
        "status": 1,
        "fuel": 6141,
        "fault": 0.7721,
        "weapon": 1,
        "pilot_injury": 0.6332,
        "pilot_skill": 0.7914,
        "mission_priority": 0.3709,
        "estimated_landing_time": 852.0,
        "wait_time": 0,
        "Landing_success_rate": 1.0
    },
    {
        "model": 0,
        "sequence": 7,
        "status": 1,
        "fuel": 7321,
        "fault": 0.0454,
        "weapon": 1,
        "pilot_injury": 0.4351,
        "pilot_skill": 0.4879,
        "mission_priority": 0.5821,
        "estimated_landing_time": 664.0,
        "wait_time": 0,
        "Landing_success_rate": 1.0
    },
    {
        "model": 0,
        "sequence": 15,
        "status": 1,
        "fuel": 5695,
        "fault": 0.2621,
        "weapon": 1,
        "pilot_injury": 0.8667,
        "pilot_skill": 0.2814,
        "mission_priority": 0.8798,
        "estimated_landing_time": 1416.0,
        "wait_time": 0,
        "Landing_success_rate": 1.0
    },
    {
        "model": 1,
        "sequence": 12,
        "status": 1,
        "fuel": 7104,
        "fault": 0.0014,
        "weapon": 1,
        "pilot_injury": 0.3478,
        "pilot_skill": 0.3994,
        "mission_priority": 0.5344,
        "estimated_landing_time": 1134.0,
        "wait_time": 0,
        "Landing_success_rate": 1.0
    },
    {
        "model": 1,
        "sequence": 20,
        "status": 1,
        "fuel": 6753,
        "fault": 0.3609,
        "weapon": 1,
        "pilot_injury": 0.2031,
        "pilot_skill": 0.7078,
        "mission_priority": 0.6096,
        "estimated_landing_time": 1886.0,
        "wait_time": 0,
        "Landing_success_rate": 1.0
    },
    {
        "model": 0,
        "sequence": 4,
        "status": 1,
        "fuel": 5852,
        "fault": 0.9879,
        "weapon": 1,
        "pilot_injury": 0.1137,
        "pilot_skill": 0.5159,
        "mission_priority": 0.152,
        "estimated_landing_time": 382.0,
        "wait_time": 0,
        "Landing_success_rate": 1.0
    },
    {
        "model": 2,
        "sequence": 2,
        "status": 1,
        "fuel": 6246,
        "fault": 0.5649,
        "weapon": 1,
        "pilot_injury": 0.483,
        "pilot_skill": 0.6113,
        "mission_priority": 0.458,
        "estimated_landing_time": 194.0,
        "wait_time": 0,
        "Landing_success_rate": 1.0
    },
    {
        "model": 2,
        "sequence": 16,
        "status": 1,
        "fuel": 7182,
        "fault": 0.5764,
        "weapon": 0,
        "pilot_injury": 0.8547,
        "pilot_skill": 0.278,
        "mission_priority": 0.8134,
        "estimated_landing_time": 1510.0,
        "wait_time": 0,
        "Landing_success_rate": 1.0
    },
    {
        "model": 0,
        "sequence": 3,
        "status": 1,
        "fuel": 5640,
        "fault": 0.3502,
        "weapon": 0,
        "pilot_injury": 0.2317,
        "pilot_skill": 0.6257,
        "mission_priority": 0.1009,
        "estimated_landing_time": 288.0,
        "wait_time": 0,
        "Landing_success_rate": 1.0
    },
    {
        "model": 1,
        "sequence": 24,
        "status": 1,
        "fuel": 7180,
        "fault": 0.5353,
        "weapon": 1,
        "pilot_injury": 0.7535,
        "pilot_skill": 0.895,
        "mission_priority": 0.4642,
        "estimated_landing_time": 2262.0,
        "wait_time": 0,
        "Landing_success_rate": 1.0
    },
    {
        "model": 0,
        "sequence": 21,
        "status": 1,
        "fuel": 6503,
        "fault": 0.912,
        "weapon": 0,
        "pilot_injury": 0.049,
        "pilot_skill": 0.5018,
        "mission_priority": 0.6497,
        "estimated_landing_time": 1980.0,
        "wait_time": 0,
        "Landing_success_rate": 1.0
    },
    {
        "model": 1,
        "sequence": 8,
        "status": 1,
        "fuel": 5508,
        "fault": 0.9024,
        "weapon": 0,
        "pilot_injury": 0.3207,
        "pilot_skill": 0.0859,
        "mission_priority": 0.432,
        "estimated_landing_time": 758.0,
        "wait_time": 0,
        "Landing_success_rate": 1.0
    },
    {
        "model": 0,
        "sequence": 5,
        "status": 1,
        "fuel": 5988,
        "fault": 0.4968,
        "weapon": 1,
        "pilot_injury": 0.3473,
        "pilot_skill": 0.6778,
        "mission_priority": 0.8226,
        "estimated_landing_time": 476.0,
        "wait_time": 0,
        "Landing_success_rate": 1.0
    }
]