[
    {
        "model": 2,
        "sequence": 19,
        "status": 1,
        "fuel": 5914,
        "fault": 0.3708,
        "weapon": 0,
        "pilot_injury": 0.7114,
        "pilot_skill": 0.965,
        "mission_priority": 0.3332,
        "estimated_landing_time": 1792.0,
        "wait_time": 0,
        "Landing_success_rate": 1.0
    },
    {
        "model": 2,
        "sequence": 13,
        "status": 1,
        "fuel": 6895,
        "fault": 0.4427,
        "weapon": 1,
        "pilot_injury": 0.5427,
        "pilot_skill": 0.8134,
        "mission_priority": 0.5361,
        "estimated_landing_time": 1228.0,
        "wait_time": 0,
        "Landing_success_rate": 1.0
    },
    {
        "model": 2,
        "sequence": 11,
        "status": 1,
        "fuel": 7207,
        "fault": 0.8372,
        "weapon": 0,
        "pilot_injury": 0.0497,
        "pilot_skill": 0.0419,
        "mission_priority": 0.389,
        "estimated_landing_time": 1040.0,
        "wait_time": 0,
        "Landing_success_rate": 1.0
    },
    {
        "model": 0,
        "sequence": 21,
        "status": 1,
        "fuel": 5943,
        "fault": 0.1272,
        "weapon": 1,
        "pilot_injury": 0.3679,
        "pilot_skill": 0.7744,
        "mission_priority": 0.7522,
        "estimated_landing_time": 1980.0,
        "wait_time": 0,
        "Landing_success_rate": 1.0
    },
    {
        "model": 0,
        "sequence": 10,
        "status": 1,
        "fuel": 7273,
        "fault": 0.1451,
        "weapon": 0,
        "pilot_injury": 0.1805,
        "pilot_skill": 0.2788,
        "mission_priority": 0.3387,
        "estimated_landing_time": 946.0,
        "wait_time": 0,
        "Landing_success_rate": 1.0
    },
    {
        "model": 2,
        "sequence": 9,
        "status": 1,
        "fuel": 7206,
        "fault": 0.9543,
        "weapon": 0,
        "pilot_injury": 0.2009,
        "pilot_skill": 0.0958,
        "mission_priority": 0.4967,
        "estimated_landing_time": 852.0,
        "wait_time": 0,
        "Landing_success_rate": 1.0
    },
    {
        "model": 2,
        "sequence": 18,
        "status": 1,
        "fuel": 5904,
        "fault": 0.378,
        "weapon": 1,
        "pilot_injury": 0.7973,
        "pilot_skill": 0.8242,
        "mission_priority": 0.4478,
        "estimated_landing_time": 1698.0,
        "wait_time": 0,
        "Landing_success_rate": 1.0
    },
    {
        "model": 2,
        "sequence": 14,
        "status": 1,
        "fuel": 6247,
        "fault": 0.9289,
        "weapon": 1,
        "pilot_injury": 0.1681,
        "pilot_skill": 0.3974,
        "mission_priority": 0.34,
        "estimated_landing_time": 1322.0,
        "wait_time": 0,
        "Landing_success_rate": 1.0
    },
    {
        "model": 0,
        "sequence": 4,
        "status": 1,
        "fuel": 6372,
        "fault": 0.5759,
        "weapon": 1,
        "pilot_injury": 0.6569,
        "pilot_skill": 0.2249,
        "mission_priority": 0.3159,
        "estimated_landing_time": 382.0,
        "wait_time": 0,
        "Landing_success_rate": 1.0
    },
    {
        "model": 0,
        "sequence": 23,
        "status": 1,
        "fuel": 6950,
        "fault": 0.6202,
        "weapon": 0,
        "pilot_injury": 0.6887,
        "pilot_skill": 0.1789,
        "mission_priority": 0.8507,
        "estimated_landing_time": 2168.0,
        "wait_time": 0,
        "Landing_success_rate": 1.0
    },
    {
        "model": 2,
        "sequence": 20,
        "status": 1,
        "fuel": 6223,
        "fault": 0.9736,
        "weapon": 0,
        "pilot_injury": 0.6678,
        "pilot_skill": 0.554,
        "mission_priority": 0.1719,
        "estimated_landing_time": 1886.0,
        "wait_time": 0,
        "Landing_success_rate": 1.0
    },
    {
        "model": 0,
        "sequence": 8,
        "status": 1,
        "fuel": 6378,
        "fault": 0.5434,
        "weapon": 1,
        "pilot_injury": 0.1522,
        "pilot_skill": 0.7962,
        "mission_priority": 0.1334,
        "estimated_landing_time": 758.0,
        "wait_time": 0,
        "Landing_success_rate": 1.0
    },
    {
        "model": 0,
        "sequence": 5,
        "status": 1,
        "fuel": 7318,
        "fault": 0.3278,
        "weapon": 1,
        "pilot_injury": 0.7282,
        "pilot_skill": 0.452,
        "mission_priority": 0.1876,
        "estimated_landing_time": 476.0,
        "wait_time": 0,
        "Landing_success_rate": 1.0
    },
    {
        "model": 0,
        "sequence": 6,
        "status": 1,
        "fuel": 6212,
        "fault": 0.8907,
        "weapon": 1,
        "pilot_injury": 0.6824,
        "pilot_skill": 0.2574,
        "mission_priority": 0.2411,
        "estimated_landing_time": 570.0,
        "wait_time": 0,
        "Landing_success_rate": 1.0
    },
    {
        "model": 1,
        "sequence": 7,
        "status": 1,
        "fuel": 6225,
        "fault": 0.8162,
        "weapon": 1,
        "pilot_injury": 0.0656,
        "pilot_skill": 0.3941,
        "mission_priority": 0.2046,
        "estimated_landing_time": 664.0,
        "wait_time": 0,
        "Landing_success_rate": 1.0
    },
    {
        "model": 2,
        "sequence": 16,
        "status": 1,
        "fuel": 7426,
        "fault": 0.6236,
        "weapon": 1,
        "pilot_injury": 0.4053,
        "pilot_skill": 0.2036,
        "mission_priority": 0.1917,
        "estimated_landing_time": 1510.0,
        "wait_time": 0,
        "Landing_success_rate": 1.0
    },
    {
        "model": 0,
        "sequence": 2,
        "status": 1,
        "fuel": 5742,
        "fault": 0.8444,
        "weapon": 1,
        "pilot_injury": 0.2531,
        "pilot_skill": 0.9707,
        "mission_priority": 0.7471,
        "estimated_landing_time": 194.0,
        "wait_time": 0,
        "Landing_success_rate": 1.0
    },
    {
        "model": 0,
        "sequence": 3,
        "status": 1,
        "fuel": 6591,
        "fault": 0.232,
        "weapon": 1,
        "pilot_injury": 0.6243,
        "pilot_skill": 0.8646,
        "mission_priority": 0.5843,
        "estimated_landing_time": 288.0,
        "wait_time": 0,
        "Landing_success_rate": 1.0
    },
    {
        "model": 1,
        "sequence": 12,
        "status": 1,
        "fuel": 6490,
        "fault": 0.1047,
        "weapon": 1,
        "pilot_injury": 0.9642,
        "pilot_skill": 0.0475,
        "mission_priority": 0.8091,
        "estimated_landing_time": 1134.0,
        "wait_time": 0,
        "Landing_success_rate": 1.0
    },
    {
        "model": 1,
        "sequence": 17,
        "status": 1,
        "fuel": 6094,
        "fault": 0.5088,
        "weapon": 1,
        "pilot_injury": 0.6341,
        "pilot_skill": 0.1588,
        "mission_priority": 0.7201,
        "estimated_landing_time": 1604.0,
        "wait_time": 0,
        "Landing_success_rate": 1.0
    },
    {
        "model": 1,
        "sequence": 1,
        "status": 1,
        "fuel": 7270,
        "fault": 0.6282,
        "weapon": 1,
        "pilot_injury": 0.8682,
        "pilot_skill": 0.1284,
        "mission_priority": 0.4383,
        "estimated_landing_time": 100.0,
        "wait_time": 0,
        "Landing_success_rate": 1.0
    },
    {
        "model": 1,
        "sequence": 24,
        "status": 1,
        "fuel": 7038,
        "fault": 0.4541,
        "weapon": 1,
        "pilot_injury": 0.7379,
        "pilot_skill": 0.9472,
        "mission_priority": 0.2526,
        "estimated_landing_time": 2262.0,
        "wait_time": 0,
        "Landing_success_rate": 1.0
    },
    {
        "model": 1,
        "sequence": 15,
        "status": 1,
        "fuel": 5632,
        "fault": 0.9375,
        "weapon": 1,
        "pilot_injury": 0.097,
        "pilot_skill": 0.8079,
        "mission_priority": 0.0827,
        "estimated_landing_time": 1416.0,
        "wait_time": 0,
        "Landing_success_rate": 1.0
    },
    {
        "model": 1,
        "sequence": 22,
        "status": 1,
        "fuel": 6459,
        "fault": 0.2034,
        "weapon": 0,
        "pilot_injury": 0.6644,
        "pilot_skill": 0.9056,
        "mission_priority": 0.7465,
        "estimated_landing_time": 2074.0,
        "wait_time": 0,
        "Landing_success_rate": 1.0
    }
]