[
    {
        "model": 0,
        "sequence": 24,
        "status": 1,
        "fuel": 6060,
        "fault": 0.1894,
        "weapon": 0,
        "pilot_injury": 0.7352,
        "pilot_skill": 0.5998,
        "mission_priority": 0.8448,
        "estimated_landing_time": 2262.0,
        "wait_time": 0,
        "Landing_success_rate": 1.0
    },
    {
        "model": 2,
        "sequence": 21,
        "status": 1,
        "fuel": 6120,
        "fault": 0.318,
        "weapon": 0,
        "pilot_injury": 0.1412,
        "pilot_skill": 0.5849,
        "mission_priority": 0.2709,
        "estimated_landing_time": 1980.0,
        "wait_time": 0,
        "Landing_success_rate": 1.0
    },
    {
        "model": 1,
        "sequence": 2,
        "status": 1,
        "fuel": 6980,
        "fault": 0.9836,
        "weapon": 1,
        "pilot_injury": 0.7573,
        "pilot_skill": 0.6452,
        "mission_priority": 0.9886,
        "estimated_landing_time": 194.0,
        "wait_time": 0,
        "Landing_success_rate": 1.0
    },
    {
        "model": 0,
        "sequence": 1,
        "status": 1,
        "fuel": 7269,
        "fault": 0.5712,
        "weapon": 1,
        "pilot_injury": 0.0555,
        "pilot_skill": 0.3575,
        "mission_priority": 0.3435,
        "estimated_landing_time": 100.0,
        "wait_time": 0,
        "Landing_success_rate": 1.0
    },
    {
        "model": 2,
        "sequence": 7,
        "status": 1,
        "fuel": 6332,
        "fault": 0.6705,
        "weapon": 0,
        "pilot_injury": 0.2436,
        "pilot_skill": 0.3676,
        "mission_priority": 0.8595,
        "estimated_landing_time": 664.0,
        "wait_time": 0,
        "Landing_success_rate": 1.0
    },
    {
        "model": 1,
        "sequence": 19,
        "status": 1,
        "fuel": 5714,
        "fault": 0.8012,
        "weapon": 1,
        "pilot_injury": 0.276,
        "pilot_skill": 0.903,
        "mission_priority": 0.4313,
        "estimated_landing_time": 1792.0,
        "wait_time": 0,
        "Landing_success_rate": 1.0
    },
    {
        "model": 0,
        "sequence": 6,
        "status": 1,
        "fuel": 5614,
        "fault": 0.2903,
        "weapon": 0,
        "pilot_injury": 0.7704,
        "pilot_skill": 0.4,
        "mission_priority": 0.6209,
        "estimated_landing_time": 570.0,
        "wait_time": 0,
        "Landing_success_rate": 1.0
    },
    {
        "model": 1,
        "sequence": 4,
        "status": 1,
        "fuel": 6512,
        "fault": 0.9397,
        "weapon": 1,
        "pilot_injury": 0.3159,
        "pilot_skill": 0.9963,
        "mission_priority": 0.8106,
        "estimated_landing_time": 382.0,
        "wait_time": 0,
        "Landing_success_rate": 1.0
    },
    {
        "model": 1,
        "sequence": 10,
        "status": 1,
        "fuel": 6323,
        "fault": 0.2227,
        "weapon": 1,
        "pilot_injury": 0.6161,
        "pilot_skill": 0.3004,
        "mission_priority": 0.2129,
        "estimated_landing_time": 946.0,
        "wait_time": 0,
        "Landing_success_rate": 1.0
    },
    {
        "model": 1,
        "sequence": 16,
        "status": 1,
        "fuel": 5606,
        "fault": 0.0907,
        "weapon": 1,
        "pilot_injury": 0.5545,
        "pilot_skill": 0.283,
        "mission_priority": 0.867,
        "estimated_landing_time": 1510.0,
        "wait_time": 0,
        "Landing_success_rate": 1.0
    },
    {
        "model": 1,
        "sequence": 9,
        "status": 1,
        "fuel": 5902,
        "fault": 0.8122,
        "weapon": 1,
        "pilot_injury": 0.5496,
        "pilot_skill": 0.2352,
        "mission_priority": 0.0574,
        "estimated_landing_time": 852.0,
        "wait_time": 0,
        "Landing_success_rate": 1.0
    },
    {
        "model": 2,
        "sequence": 22,
        "status": 1,
        "fuel": 6895,
        "fault": 0.7538,
        "weapon": 0,
        "pilot_injury": 0.2719,
        "pilot_skill": 0.7057,
        "mission_priority": 0.4746,
        "estimated_landing_time": 2074.0,
        "wait_time": 0,
        "Landing_success_rate": 1.0
    },
    {
        "model": 1,
        "sequence": 8,
        "status": 1,
        "fuel": 7446,
        "fault": 0.4799,
        "weapon": 0,
        "pilot_injury": 0.3679,
        "pilot_skill": 0.4198,
        "mission_priority": 0.0631,
        "estimated_landing_time": 758.0,
        "wait_time": 0,
        "Landing_success_rate": 1.0
    },
    {
        "model": 0,
        "sequence": 18,
        "status": 1,
        "fuel": 6576,
        "fault": 0.9472,
        "weapon": 0,
        "pilot_injury": 0.8367,
        "pilot_skill": 0.2092,
        "mission_priority": 0.2268,
        "estimated_landing_time": 1698.0,
        "wait_time": 0,
        "Landing_success_rate": 1.0
    },
    {
        "model": 2,
        "sequence": 5,
        "status": 1,
        "fuel": 7081,
        "fault": 0.3948,
        "weapon": 1,
        "pilot_injury": 0.5282,
        "pilot_skill": 0.0794,
        "mission_priority": 0.1864,
        "estimated_landing_time": 476.0,
        "wait_time": 0,
        "Landing_success_rate": 1.0
    },
    {
        "model": 1,
        "sequence": 3,
        "status": 1,
        "fuel": 5574,
        "fault": 0.2857,
        "weapon": 1,
        "pilot_injury": 0.7955,
        "pilot_skill": 0.5418,
        "mission_priority": 0.4392,
        "estimated_landing_time": 288.0,
        "wait_time": 0,
        "Landing_success_rate": 1.0
    },
    {
        "model": 0,
        "sequence": 13,
        "status": 1,
        "fuel": 6339,
        "fault": 0.7197,
        "weapon": 1,
        "pilot_injury": 0.6828,
        "pilot_skill": 0.5993,
        "mission_priority": 0.2256,
        "estimated_landing_time": 1228.0,
        "wait_time": 0,
        "Landing_success_rate": 1.0
    },
    {
        "model": 0,
        "sequence": 12,
        "status": 1,
        "fuel": 6561,
        "fault": 0.0258,
        "weapon": 0,
        "pilot_injury": 0.8849,
        "pilot_skill": 0.3974,
        "mission_priority": 0.0385,
        "estimated_landing_time": 1134.0,
        "wait_time": 0,
        "Landing_success_rate": 1.0
    },
    {
        "model": 2,
        "sequence": 14,
        "status": 1,
        "fuel": 7338,
        "fault": 0.5357,
        "weapon": 0,
        "pilot_injury": 0.2548,
        "pilot_skill": 0.5425,
        "mission_priority": 0.8076,
        "estimated_landing_time": 1322.0,
        "wait_time": 0,
        "Landing_success_rate": 1.0
    },
    {
        "model": 2,
        "sequence": 23,
        "status": 1,
        "fuel": 6906,
        "fault": 0.2877,
        "weapon": 1,
        "pilot_injury": 0.4111,
        "pilot_skill": 0.5506,
        "mission_priority": 0.5525,
        "estimated_landing_time": 2168.0,
        "wait_time": 0,
        "Landing_success_rate": 1.0
    },
    {
        "model": 2,
        "sequence": 15,
        "status": 1,
        "fuel": 5808,
        "fault": 0.5466,
        "weapon": 0,
        "pilot_injury": 0.1529,
        "pilot_skill": 0.0852,
        "mission_priority": 0.1686,
        "estimated_landing_time": 1416.0,
        "wait_time": 0,
        "Landing_success_rate": 1.0
    },
    {
        "model": 2,
        "sequence": 20,
        "status": 1,
        "fuel": 5614,
        "fault": 0.9374,
        "weapon": 0,
        "pilot_injury": 0.3228,
        "pilot_skill": 0.8797,
        "mission_priority": 0.1402,
        "estimated_landing_time": 1886.0,
        "wait_time": 0,
        "Landing_success_rate": 1.0
    },
    {
        "model": 1,
        "sequence": 17,
        "status": 1,
        "fuel": 5818,
        "fault": 0.6637,
        "weapon": 0,
        "pilot_injury": 0.034,
        "pilot_skill": 0.1154,
        "mission_priority": 0.9504,
        "estimated_landing_time": 1604.0,
        "wait_time": 0,
        "Landing_success_rate": 1.0
    },
    {
        "model": 2,
        "sequence": 11,
        "status": 1,
        "fuel": 6937,
        "fault": 0.2609,
        "weapon": 1,
        "pilot_injury": 0.4319,
        "pilot_skill": 0.5929,
        "mission_priority": 0.8242,
        "estimated_landing_time": 1040.0,
        "wait_time": 0,
        "Landing_success_rate": 1.0
    }
]