[
    {
        "model": 1,
        "sequence": 14,
        "status": 1,
        "fuel": 5574,
        "fault": 0.916,
        "weapon": 1,
        "pilot_injury": 0.9423,
        "pilot_skill": 0.7429,
        "mission_priority": 0.5125,
        "estimated_landing_time": 1322.0,
        "wait_time": 0,
        "Landing_success_rate": 1.0
    },
    {
        "model": 2,
        "sequence": 19,
        "status": 1,
        "fuel": 7305,
        "fault": 0.1389,
        "weapon": 0,
        "pilot_injury": 0.1225,
        "pilot_skill": 0.1533,
        "mission_priority": 0.3435,
        "estimated_landing_time": 1792.0,
        "wait_time": 0,
        "Landing_success_rate": 1.0
    },
    {
        "model": 2,
        "sequence": 18,
        "status": 1,
        "fuel": 5567,
        "fault": 0.6129,
        "weapon": 0,
        "pilot_injury": 0.3443,
        "pilot_skill": 0.3185,
        "mission_priority": 0.4857,
        "estimated_landing_time": 1698.0,
        "wait_time": 0,
        "Landing_success_rate": 1.0
    },
    {
        "model": 2,
        "sequence": 8,
        "status": 1,
        "fuel": 5502,
        "fault": 0.3534,
        "weapon": 1,
        "pilot_injury": 0.6256,
        "pilot_skill": 0.9028,
        "mission_priority": 0.1807,
        "estimated_landing_time": 758.0,
        "wait_time": 0,
        "Landing_success_rate": 1.0
    },
    {
        "model": 0,
        "sequence": 21,
        "status": 1,
        "fuel": 6359,
        "fault": 0.771,
        "weapon": 1,
        "pilot_injury": 0.1125,
        "pilot_skill": 0.1648,
        "mission_priority": 0.3366,
        "estimated_landing_time": 1980.0,
        "wait_time": 0,
        "Landing_success_rate": 1.0
    },
    {
        "model": 1,
        "sequence": 17,
        "status": 1,
        "fuel": 5830,
        "fault": 0.7301,
        "weapon": 0,
        "pilot_injury": 0.2653,
        "pilot_skill": 0.6764,
        "mission_priority": 0.5967,
        "estimated_landing_time": 1604.0,
        "wait_time": 0,
        "Landing_success_rate": 1.0
    },
    {
        "model": 1,
        "sequence": 1,
        "status": 1,
        "fuel": 7134,
        "fault": 0.0547,
        "weapon": 0,
        "pilot_injury": 0.148,
        "pilot_skill": 0.0614,
        "mission_priority": 0.3043,
        "estimated_landing_time": 100.0,
        "wait_time": 0,
        "Landing_success_rate": 1.0
    },
    {
        "model": 1,
        "sequence": 12,
        "status": 1,
        "fuel": 6490,
        "fault": 0.0467,
        "weapon": 0,
        "pilot_injury": 0.5787,
        "pilot_skill": 0.893,
        "mission_priority": 0.4025,
        "estimated_landing_time": 1134.0,
        "wait_time": 0,
        "Landing_success_rate": 1.0
    },
    {
        "model": 1,
        "sequence": 7,
        "status": 1,
        "fuel": 6954,
        "fault": 0.9938,
        "weapon": 0,
        "pilot_injury": 0.0615,
        "pilot_skill": 0.4733,
        "mission_priority": 0.2526,
        "estimated_landing_time": 664.0,
        "wait_time": 0,
        "Landing_success_rate": 1.0
    },
    {
        "model": 2,
        "sequence": 24,
        "status": 1,
        "fuel": 6137,
        "fault": 0.1313,
        "weapon": 1,
        "pilot_injury": 0.5451,
        "pilot_skill": 0.4533,
        "mission_priority": 0.988,
        "estimated_landing_time": 2262.0,
        "wait_time": 0,
        "Landing_success_rate": 1.0
    },
    {
        "model": 1,
        "sequence": 5,
        "status": 1,
        "fuel": 7199,
        "fault": 0.9938,
        "weapon": 1,
        "pilot_injury": 0.051,
        "pilot_skill": 0.4311,
        "mission_priority": 0.2018,
        "estimated_landing_time": 476.0,
        "wait_time": 0,
        "Landing_success_rate": 1.0
    },
    {
        "model": 1,
        "sequence": 23,
        "status": 1,
        "fuel": 6752,
        "fault": 0.0519,
        "weapon": 1,
        "pilot_injury": 0.4628,
        "pilot_skill": 0.9522,
        "mission_priority": 0.7213,
        "estimated_landing_time": 2168.0,
        "wait_time": 0,
        "Landing_success_rate": 1.0
    },
    {
        "model": 2,
        "sequence": 13,
        "status": 1,
        "fuel": 6847,
        "fault": 0.8532,
        "weapon": 0,
        "pilot_injury": 0.0777,
        "pilot_skill": 0.6163,
        "mission_priority": 0.9803,
        "estimated_landing_time": 1228.0,
        "wait_time": 0,
        "Landing_success_rate": 1.0
    },
    {
        "model": 2,
        "sequence": 15,
        "status": 1,
        "fuel": 6338,
        "fault": 0.8999,
        "weapon": 0,
        "pilot_injury": 0.1846,
        "pilot_skill": 0.4522,
        "mission_priority": 0.0847,
        "estimated_landing_time": 1416.0,
        "wait_time": 0,
        "Landing_success_rate": 1.0
    },
    {
        "model": 2,
        "sequence": 20,
        "status": 1,
        "fuel": 7370,
        "fault": 0.3076,
        "weapon": 1,
        "pilot_injury": 0.0453,
        "pilot_skill": 0.3202,
        "mission_priority": 0.6298,
        "estimated_landing_time": 1886.0,
        "wait_time": 0,
        "Landing_success_rate": 1.0
    },
    {
        "model": 2,
        "sequence": 11,
        "status": 1,
        "fuel": 5664,
        "fault": 0.9915,
        "weapon": 1,
        "pilot_injury": 0.1732,
        "pilot_skill": 0.2037,
        "mission_priority": 0.2368,
        "estimated_landing_time": 1040.0,
        "wait_time": 0,
        "Landing_success_rate": 1.0
    },
    {
        "model": 0,
        "sequence": 9,
        "status": 1,
        "fuel": 6144,
        "fault": 0.8778,
        "weapon": 0,
        "pilot_injury": 0.5236,
        "pilot_skill": 0.2714,
        "mission_priority": 0.747,
        "estimated_landing_time": 852.0,
        "wait_time": 0,
        "Landing_success_rate": 1.0
    },
    {
        "model": 1,
        "sequence": 4,
        "status": 1,
        "fuel": 7006,
        "fault": 0.655,
        "weapon": 0,
        "pilot_injury": 0.6053,
        "pilot_skill": 0.2103,
        "mission_priority": 0.3992,
        "estimated_landing_time": 382.0,
        "wait_time": 0,
        "Landing_success_rate": 1.0
    },
    {
        "model": 2,
        "sequence": 3,
        "status": 1,
        "fuel": 6849,
        "fault": 0.675,
        "weapon": 0,
        "pilot_injury": 0.338,
        "pilot_skill": 0.4491,
        "mission_priority": 0.2348,
        "estimated_landing_time": 288.0,
        "wait_time": 0,
        "Landing_success_rate": 1.0
    },
    {
        "model": 1,
        "sequence": 22,
        "status": 1,
        "fuel": 6439,
        "fault": 0.9969,
        "weapon": 1,
        "pilot_injury": 0.8687,
        "pilot_skill": 0.3517,
        "mission_priority": 0.781,
        "estimated_landing_time": 2074.0,
        "wait_time": 0,
        "Landing_success_rate": 1.0
    },
    {
        "model": 0,
        "sequence": 10,
        "status": 1,
        "fuel": 6905,
        "fault": 0.2355,
        "weapon": 1,
        "pilot_injury": 0.0404,
        "pilot_skill": 0.0864,
        "mission_priority": 0.7674,
        "estimated_landing_time": 946.0,
        "wait_time": 0,
        "Landing_success_rate": 1.0
    },
    {
        "model": 2,
        "sequence": 2,
        "status": 1,
        "fuel": 6121,
        "fault": 0.6033,
        "weapon": 0,
        "pilot_injury": 0.6677,
        "pilot_skill": 0.4571,
        "mission_priority": 0.0681,
        "estimated_landing_time": 194.0,
        "wait_time": 0,
        "Landing_success_rate": 1.0
    },
    {
        "model": 0,
        "sequence": 6,
        "status": 1,
        "fuel": 6692,
        "fault": 0.349,
        "weapon": 0,
        "pilot_injury": 0.9899,
        "pilot_skill": 0.2054,
        "mission_priority": 0.0837,
        "estimated_landing_time": 570.0,
        "wait_time": 0,
        "Landing_success_rate": 1.0
    },
    {
        "model": 1,
        "sequence": 16,
        "status": 1,
        "fuel": 7393,
        "fault": 0.117,
        "weapon": 0,
        "pilot_injury": 0.9766,
        "pilot_skill": 0.3946,
        "mission_priority": 0.0466,
        "estimated_landing_time": 1510.0,
        "wait_time": 0,
        "Landing_success_rate": 1.0
    }
]