[
    {
        "model": 2,
        "sequence": 16,
        "status": 1,
        "fuel": 7145,
        "fault": 0.769,
        "weapon": 1,
        "pilot_injury": 0.9771,
        "pilot_skill": 0.7531,
        "mission_priority": 0.9279,
        "estimated_landing_time": 1510.0,
        "wait_time": 0,
        "Landing_success_rate": 1.0
    },
    {
        "model": 1,
        "sequence": 2,
        "status": 1,
        "fuel": 7261,
        "fault": 0.9719,
        "weapon": 0,
        "pilot_injury": 0.2562,
        "pilot_skill": 0.5098,
        "mission_priority": 0.2025,
        "estimated_landing_time": 194.0,
        "wait_time": 0,
        "Landing_success_rate": 1.0
    },
    {
        "model": 2,
        "sequence": 1,
        "status": 1,
        "fuel": 5757,
        "fault": 0.1253,
        "weapon": 0,
        "pilot_injury": 0.5363,
        "pilot_skill": 0.8595,
        "mission_priority": 0.7392,
        "estimated_landing_time": 100.0,
        "wait_time": 0,
        "Landing_success_rate": 1.0
    },
    {
        "model": 0,
        "sequence": 21,
        "status": 1,
        "fuel": 6704,
        "fault": 0.3564,
        "weapon": 1,
        "pilot_injury": 0.4615,
        "pilot_skill": 0.6153,
        "mission_priority": 0.4533,
        "estimated_landing_time": 1980.0,
        "wait_time": 0,
        "Landing_success_rate": 1.0
    },
    {
        "model": 0,
        "sequence": 18,
        "status": 1,
        "fuel": 5954,
        "fault": 0.8929,
        "weapon": 1,
        "pilot_injury": 0.8319,
        "pilot_skill": 0.5335,
        "mission_priority": 0.6074,
        "estimated_landing_time": 1698.0,
        "wait_time": 0,
        "Landing_success_rate": 1.0
    },
    {
        "model": 2,
        "sequence": 22,
        "status": 1,
        "fuel": 6360,
        "fault": 0.5028,
        "weapon": 1,
        "pilot_injury": 0.3398,
        "pilot_skill": 0.4654,
        "mission_priority": 0.0439,
        "estimated_landing_time": 2074.0,
        "wait_time": 0,
        "Landing_success_rate": 1.0
    },
    {
        "model": 2,
        "sequence": 15,
        "status": 1,
        "fuel": 6991,
        "fault": 0.1271,
        "weapon": 1,
        "pilot_injury": 0.6617,
        "pilot_skill": 0.3161,
        "mission_priority": 0.3853,
        "estimated_landing_time": 1416.0,
        "wait_time": 0,
        "Landing_success_rate": 1.0
    },
    {
        "model": 2,
        "sequence": 11,
        "status": 1,
        "fuel": 6559,
        "fault": 0.3046,
        "weapon": 1,
        "pilot_injury": 0.6089,
        "pilot_skill": 0.9063,
        "mission_priority": 0.4104,
        "estimated_landing_time": 1040.0,
        "wait_time": 0,
        "Landing_success_rate": 1.0
    },
    {
        "model": 0,
        "sequence": 12,
        "status": 1,
        "fuel": 6501,
        "fault": 0.3243,
        "weapon": 1,
        "pilot_injury": 0.3406,
        "pilot_skill": 0.7596,
        "mission_priority": 0.7551,
        "estimated_landing_time": 1134.0,
        "wait_time": 0,
        "Landing_success_rate": 1.0
    },
    {
        "model": 1,
        "sequence": 3,
        "status": 1,
        "fuel": 6645,
        "fault": 0.3715,
        "weapon": 1,
        "pilot_injury": 0.7488,
        "pilot_skill": 0.6365,
        "mission_priority": 0.2412,
        "estimated_landing_time": 288.0,
        "wait_time": 0,
        "Landing_success_rate": 1.0
    },
    {
        "model": 1,
        "sequence": 19,
        "status": 1,
        "fuel": 5916,
        "fault": 0.1317,
        "weapon": 0,
        "pilot_injury": 0.44,
        "pilot_skill": 0.7097,
        "mission_priority": 0.6749,
        "estimated_landing_time": 1792.0,
        "wait_time": 0,
        "Landing_success_rate": 1.0
    },
    {
        "model": 1,
        "sequence": 17,
        "status": 1,
        "fuel": 6481,
        "fault": 0.7229,
        "weapon": 0,
        "pilot_injury": 0.4841,
        "pilot_skill": 0.27,
        "mission_priority": 0.2554,
        "estimated_landing_time": 1604.0,
        "wait_time": 0,
        "Landing_success_rate": 1.0
    },
    {
        "model": 0,
        "sequence": 20,
        "status": 1,
        "fuel": 7185,
        "fault": 0.5636,
        "weapon": 1,
        "pilot_injury": 0.4973,
        "pilot_skill": 0.3732,
        "mission_priority": 0.9006,
        "estimated_landing_time": 1886.0,
        "wait_time": 0,
        "Landing_success_rate": 1.0
    },
    {
        "model": 0,
        "sequence": 23,
        "status": 1,
        "fuel": 6534,
        "fault": 0.2986,
        "weapon": 1,
        "pilot_injury": 0.4213,
        "pilot_skill": 0.8189,
        "mission_priority": 0.1729,
        "estimated_landing_time": 2168.0,
        "wait_time": 0,
        "Landing_success_rate": 1.0
    },
    {
        "model": 1,
        "sequence": 8,
        "status": 1,
        "fuel": 6979,
        "fault": 0.9145,
        "weapon": 1,
        "pilot_injury": 0.007,
        "pilot_skill": 0.9318,
        "mission_priority": 0.514,
        "estimated_landing_time": 758.0,
        "wait_time": 0,
        "Landing_success_rate": 1.0
    },
    {
        "model": 1,
        "sequence": 6,
        "status": 1,
        "fuel": 5781,
        "fault": 0.9124,
        "weapon": 1,
        "pilot_injury": 0.9848,
        "pilot_skill": 0.0344,
        "mission_priority": 0.038,
        "estimated_landing_time": 570.0,
        "wait_time": 0,
        "Landing_success_rate": 1.0
    },
    {
        "model": 0,
        "sequence": 4,
        "status": 1,
        "fuel": 7328,
        "fault": 0.0034,
        "weapon": 0,
        "pilot_injury": 0.8827,
        "pilot_skill": 0.6946,
        "mission_priority": 0.4706,
        "estimated_landing_time": 382.0,
        "wait_time": 0,
        "Landing_success_rate": 1.0
    },
    {
        "model": 0,
        "sequence": 14,
        "status": 1,
        "fuel": 7404,
        "fault": 0.4507,
        "weapon": 0,
        "pilot_injury": 0.7871,
        "pilot_skill": 0.2339,
        "mission_priority": 0.7124,
        "estimated_landing_time": 1322.0,
        "wait_time": 0,
        "Landing_success_rate": 1.0
    },
    {
        "model": 0,
        "sequence": 7,
        "status": 1,
        "fuel": 5874,
        "fault": 0.4435,
        "weapon": 0,
        "pilot_injury": 0.0854,
        "pilot_skill": 0.455,
        "mission_priority": 0.6127,
        "estimated_landing_time": 664.0,
        "wait_time": 0,
        "Landing_success_rate": 1.0
    },
    {
        "model": 0,
        "sequence": 24,
        "status": 1,
        "fuel": 6640,
        "fault": 0.6863,
        "weapon": 0,
        "pilot_injury": 0.3697,
        "pilot_skill": 0.2754,
        "mission_priority": 0.7671,
        "estimated_landing_time": 2262.0,
        "wait_time": 0,
        "Landing_success_rate": 1.0
    },
    {
        "model": 0,
        "sequence": 9,
        "status": 1,
        "fuel": 5599,
        "fault": 0.3185,
        "weapon": 0,
        "pilot_injury": 0.3826,
        "pilot_skill": 0.6374,
        "mission_priority": 0.5577,
        "estimated_landing_time": 852.0,
        "wait_time": 0,
        "Landing_success_rate": 1.0
    },
    {
        "model": 0,
        "sequence": 10,
        "status": 1,
        "fuel": 5773,
        "fault": 0.6971,
        "weapon": 1,
        "pilot_injury": 0.7883,
        "pilot_skill": 0.3167,
        "mission_priority": 0.4187,
        "estimated_landing_time": 946.0,
        "wait_time": 0,
        "Landing_success_rate": 1.0
    },
    {
        "model": 1,
        "sequence": 5,
        "status": 1,
        "fuel": 6706,
        "fault": 0.7152,
        "weapon": 0,
        "pilot_injury": 0.6443,
        "pilot_skill": 0.2353,
        "mission_priority": 0.8517,
        "estimated_landing_time": 476.0,
        "wait_time": 0,
        "Landing_success_rate": 1.0
    },
    {
        "model": 0,
        "sequence": 13,
        "status": 1,
        "fuel": 5642,
        "fault": 0.2416,
        "weapon": 1,
        "pilot_injury": 0.9898,
        "pilot_skill": 0.3372,
        "mission_priority": 0.0995,
        "estimated_landing_time": 1228.0,
        "wait_time": 0,
        "Landing_success_rate": 1.0
    }
]