[
    {
        "model": 2,
        "sequence": 8,
        "status": 1,
        "fuel": 6928,
        "fault": 0.9311,
        "weapon": 0,
        "pilot_injury": 0.6705,
        "pilot_skill": 0.9226,
        "mission_priority": 0.4012,
        "estimated_landing_time": 758.0,
        "wait_time": 0,
        "Landing_success_rate": 1.0
    },
    {
        "model": 1,
        "sequence": 9,
        "status": 1,
        "fuel": 7183,
        "fault": 0.448,
        "weapon": 0,
        "pilot_injury": 0.6897,
        "pilot_skill": 0.7952,
        "mission_priority": 0.0501,
        "estimated_landing_time": 852.0,
        "wait_time": 0,
        "Landing_success_rate": 1.0
    },
    {
        "model": 1,
        "sequence": 14,
        "status": 1,
        "fuel": 6869,
        "fault": 0.8051,
        "weapon": 0,
        "pilot_injury": 0.8636,
        "pilot_skill": 0.4763,
        "mission_priority": 0.9148,
        "estimated_landing_time": 1322.0,
        "wait_time": 0,
        "Landing_success_rate": 1.0
    },
    {
        "model": 1,
        "sequence": 11,
        "status": 1,
        "fuel": 6953,
        "fault": 0.7359,
        "weapon": 0,
        "pilot_injury": 0.6765,
        "pilot_skill": 0.2936,
        "mission_priority": 0.8416,
        "estimated_landing_time": 1040.0,
        "wait_time": 0,
        "Landing_success_rate": 1.0
    },
    {
        "model": 0,
        "sequence": 7,
        "status": 1,
        "fuel": 6043,
        "fault": 0.8955,
        "weapon": 0,
        "pilot_injury": 0.3611,
        "pilot_skill": 0.9673,
        "mission_priority": 0.3581,
        "estimated_landing_time": 664.0,
        "wait_time": 0,
        "Landing_success_rate": 1.0
    },
    {
        "model": 1,
        "sequence": 5,
        "status": 1,
        "fuel": 5959,
        "fault": 0.6169,
        "weapon": 0,
        "pilot_injury": 0.4383,
        "pilot_skill": 0.3726,
        "mission_priority": 0.4956,
        "estimated_landing_time": 476.0,
        "wait_time": 0,
        "Landing_success_rate": 1.0
    },
    {
        "model": 2,
        "sequence": 4,
        "status": 1,
        "fuel": 6900,
        "fault": 0.6322,
        "weapon": 1,
        "pilot_injury": 0.3508,
        "pilot_skill": 0.1891,
        "mission_priority": 0.7016,
        "estimated_landing_time": 382.0,
        "wait_time": 0,
        "Landing_success_rate": 1.0
    },
    {
        "model": 0,
        "sequence": 23,
        "status": 1,
        "fuel": 6225,
        "fault": 0.4018,
        "weapon": 1,
        "pilot_injury": 0.0346,
        "pilot_skill": 0.3813,
        "mission_priority": 0.4102,
        "estimated_landing_time": 2168.0,
        "wait_time": 0,
        "Landing_success_rate": 1.0
    },
    {
        "model": 1,
        "sequence": 24,
        "status": 1,
        "fuel": 6022,
        "fault": 0.0856,
        "weapon": 0,
        "pilot_injury": 0.5686,
        "pilot_skill": 0.1559,
        "mission_priority": 0.2699,
        "estimated_landing_time": 2262.0,
        "wait_time": 0,
        "Landing_success_rate": 1.0
    },
    {
        "model": 1,
        "sequence": 10,
        "status": 1,
        "fuel": 6215,
        "fault": 0.3653,
        "weapon": 1,
        "pilot_injury": 0.636,
        "pilot_skill": 0.7136,
        "mission_priority": 0.5815,
        "estimated_landing_time": 946.0,
        "wait_time": 0,
        "Landing_success_rate": 1.0
    },
    {
        "model": 0,
        "sequence": 1,
        "status": 1,
        "fuel": 6872,
        "fault": 0.3536,
        "weapon": 0,
        "pilot_injury": 0.7962,
        "pilot_skill": 0.5755,
        "mission_priority": 0.9941,
        "estimated_landing_time": 100.0,
        "wait_time": 0,
        "Landing_success_rate": 1.0
    },
    {
        "model": 1,
        "sequence": 2,
        "status": 1,
        "fuel": 7221,
        "fault": 0.6322,
        "weapon": 0,
        "pilot_injury": 0.8089,
        "pilot_skill": 0.8263,
        "mission_priority": 0.8188,
        "estimated_landing_time": 194.0,
        "wait_time": 0,
        "Landing_success_rate": 1.0
    },
    {
        "model": 2,
        "sequence": 21,
        "status": 1,
        "fuel": 7077,
        "fault": 0.6918,
        "weapon": 0,
        "pilot_injury": 0.9318,
        "pilot_skill": 0.2092,
        "mission_priority": 0.9369,
        "estimated_landing_time": 1980.0,
        "wait_time": 0,
        "Landing_success_rate": 1.0
    },
    {
        "model": 0,
        "sequence": 6,
        "status": 1,
        "fuel": 6474,
        "fault": 0.1305,
        "weapon": 1,
        "pilot_injury": 0.7361,
        "pilot_skill": 0.2959,
        "mission_priority": 0.2205,
        "estimated_landing_time": 570.0,
        "wait_time": 0,
        "Landing_success_rate": 1.0
    },
    {
        "model": 2,
        "sequence": 20,
        "status": 1,
        "fuel": 5915,
        "fault": 0.0294,
        "weapon": 1,
        "pilot_injury": 0.3931,
        "pilot_skill": 0.1664,
        "mission_priority": 0.0864,
        "estimated_landing_time": 1886.0,
        "wait_time": 0,
        "Landing_success_rate": 1.0
    },
    {
        "model": 2,
        "sequence": 22,
        "status": 1,
        "fuel": 7374,
        "fault": 0.8434,
        "weapon": 0,
        "pilot_injury": 0.1349,
        "pilot_skill": 0.9512,
        "mission_priority": 0.2185,
        "estimated_landing_time": 2074.0,
        "wait_time": 0,
        "Landing_success_rate": 1.0
    },
    {
        "model": 1,
        "sequence": 12,
        "status": 1,
        "fuel": 7007,
        "fault": 0.8701,
        "weapon": 1,
        "pilot_injury": 0.1412,
        "pilot_skill": 0.7107,
        "mission_priority": 0.8241,
        "estimated_landing_time": 1134.0,
        "wait_time": 0,
        "Landing_success_rate": 1.0
    },
    {
        "model": 0,
        "sequence": 13,
        "status": 1,
        "fuel": 5526,
        "fault": 0.5969,
        "weapon": 1,
        "pilot_injury": 0.9301,
        "pilot_skill": 0.3111,
        "mission_priority": 0.2677,
        "estimated_landing_time": 1228.0,
        "wait_time": 0,
        "Landing_success_rate": 1.0
    },
    {
        "model": 1,
        "sequence": 18,
        "status": 1,
        "fuel": 6943,
        "fault": 0.2859,
        "weapon": 0,
        "pilot_injury": 0.2339,
        "pilot_skill": 0.0861,
        "mission_priority": 0.6566,
        "estimated_landing_time": 1698.0,
        "wait_time": 0,
        "Landing_success_rate": 1.0
    },
    {
        "model": 2,
        "sequence": 3,
        "status": 1,
        "fuel": 6360,
        "fault": 0.1783,
        "weapon": 0,
        "pilot_injury": 0.2877,
        "pilot_skill": 0.1977,
        "mission_priority": 0.1942,
        "estimated_landing_time": 288.0,
        "wait_time": 0,
        "Landing_success_rate": 1.0
    },
    {
        "model": 1,
        "sequence": 17,
        "status": 1,
        "fuel": 6380,
        "fault": 0.5694,
        "weapon": 0,
        "pilot_injury": 0.9783,
        "pilot_skill": 0.4863,
        "mission_priority": 0.5997,
        "estimated_landing_time": 1604.0,
        "wait_time": 0,
        "Landing_success_rate": 1.0
    },
    {
        "model": 1,
        "sequence": 16,
        "status": 1,
        "fuel": 5969,
        "fault": 0.334,
        "weapon": 0,
        "pilot_injury": 0.3061,
        "pilot_skill": 0.8708,
        "mission_priority": 0.39,
        "estimated_landing_time": 1510.0,
        "wait_time": 0,
        "Landing_success_rate": 1.0
    },
    {
        "model": 2,
        "sequence": 15,
        "status": 1,
        "fuel": 7012,
        "fault": 0.9779,
        "weapon": 0,
        "pilot_injury": 0.8091,
        "pilot_skill": 0.8436,
        "mission_priority": 0.8091,
        "estimated_landing_time": 1416.0,
        "wait_time": 0,
        "Landing_success_rate": 1.0
    },
    {
        "model": 1,
        "sequence": 19,
        "status": 1,
        "fuel": 6175,
        "fault": 0.6288,
        "weapon": 1,
        "pilot_injury": 0.6365,
        "pilot_skill": 0.9595,
        "mission_priority": 0.6484,
        "estimated_landing_time": 1792.0,
        "wait_time": 0,
        "Landing_success_rate": 1.0
    }
]