[
    {
        "model": 1,
        "sequence": 14,
        "status": 1,
        "fuel": 7220,
        "fault": 0.5148,
        "weapon": 1,
        "pilot_injury": 0.0951,
        "pilot_skill": 0.9151,
        "mission_priority": 0.1574,
        "estimated_landing_time": 1322.0,
        "wait_time": 0,
        "Landing_success_rate": 1.0
    },
    {
        "model": 2,
        "sequence": 6,
        "status": 1,
        "fuel": 7148,
        "fault": 0.8873,
        "weapon": 0,
        "pilot_injury": 0.9579,
        "pilot_skill": 0.4159,
        "mission_priority": 0.3703,
        "estimated_landing_time": 570.0,
        "wait_time": 0,
        "Landing_success_rate": 1.0
    },
    {
        "model": 2,
        "sequence": 22,
        "status": 1,
        "fuel": 5719,
        "fault": 0.7921,
        "weapon": 1,
        "pilot_injury": 0.4521,
        "pilot_skill": 0.5026,
        "mission_priority": 0.0984,
        "estimated_landing_time": 2074.0,
        "wait_time": 0,
        "Landing_success_rate": 1.0
    },
    {
        "model": 1,
        "sequence": 7,
        "status": 1,
        "fuel": 6372,
        "fault": 0.1463,
        "weapon": 0,
        "pilot_injury": 0.5701,
        "pilot_skill": 0.0355,
        "mission_priority": 0.2957,
        "estimated_landing_time": 664.0,
        "wait_time": 0,
        "Landing_success_rate": 1.0
    },
    {
        "model": 0,
        "sequence": 4,
        "status": 1,
        "fuel": 6150,
        "fault": 0.6771,
        "weapon": 0,
        "pilot_injury": 0.7302,
        "pilot_skill": 0.1554,
        "mission_priority": 0.9881,
        "estimated_landing_time": 382.0,
        "wait_time": 0,
        "Landing_success_rate": 1.0
    },
    {
        "model": 2,
        "sequence": 5,
        "status": 1,
        "fuel": 6762,
        "fault": 0.7066,
        "weapon": 1,
        "pilot_injury": 0.2576,
        "pilot_skill": 0.3391,
        "mission_priority": 0.6546,
        "estimated_landing_time": 476.0,
        "wait_time": 0,
        "Landing_success_rate": 1.0
    },
    {
        "model": 1,
        "sequence": 2,
        "status": 1,
        "fuel": 5890,
        "fault": 0.8,
        "weapon": 0,
        "pilot_injury": 0.2859,
        "pilot_skill": 0.7655,
        "mission_priority": 0.675,
        "estimated_landing_time": 194.0,
        "wait_time": 0,
        "Landing_success_rate": 1.0
    },
    {
        "model": 1,
        "sequence": 16,
        "status": 1,
        "fuel": 7152,
        "fault": 0.6004,
        "weapon": 0,
        "pilot_injury": 0.9302,
        "pilot_skill": 0.2352,
        "mission_priority": 0.5772,
        "estimated_landing_time": 1510.0,
        "wait_time": 0,
        "Landing_success_rate": 1.0
    },
    {
        "model": 2,
        "sequence": 18,
        "status": 1,
        "fuel": 6395,
        "fault": 0.4951,
        "weapon": 0,
        "pilot_injury": 0.7013,
        "pilot_skill": 0.0743,
        "mission_priority": 0.05,
        "estimated_landing_time": 1698.0,
        "wait_time": 0,
        "Landing_success_rate": 1.0
    },
    {
        "model": 2,
        "sequence": 1,
        "status": 1,
        "fuel": 6359,
        "fault": 0.9162,
        "weapon": 0,
        "pilot_injury": 0.2616,
        "pilot_skill": 0.4914,
        "mission_priority": 0.958,
        "estimated_landing_time": 100.0,
        "wait_time": 0,
        "Landing_success_rate": 1.0
    },
    {
        "model": 0,
        "sequence": 8,
        "status": 1,
        "fuel": 7384,
        "fault": 0.5084,
        "weapon": 1,
        "pilot_injury": 0.0376,
        "pilot_skill": 0.5848,
        "mission_priority": 0.8817,
        "estimated_landing_time": 758.0,
        "wait_time": 0,
        "Landing_success_rate": 1.0
    },
    {
        "model": 1,
        "sequence": 24,
        "status": 1,
        "fuel": 6100,
        "fault": 0.8419,
        "weapon": 1,
        "pilot_injury": 0.886,
        "pilot_skill": 0.4073,
        "mission_priority": 0.4116,
        "estimated_landing_time": 2262.0,
        "wait_time": 0,
        "Landing_success_rate": 1.0
    },
    {
        "model": 1,
        "sequence": 3,
        "status": 1,
        "fuel": 6399,
        "fault": 0.7916,
        "weapon": 0,
        "pilot_injury": 0.6615,
        "pilot_skill": 0.6199,
        "mission_priority": 0.4852,
        "estimated_landing_time": 288.0,
        "wait_time": 0,
        "Landing_success_rate": 1.0
    },
    {
        "model": 0,
        "sequence": 12,
        "status": 1,
        "fuel": 6984,
        "fault": 0.1301,
        "weapon": 0,
        "pilot_injury": 0.9248,
        "pilot_skill": 0.8008,
        "mission_priority": 0.358,
        "estimated_landing_time": 1134.0,
        "wait_time": 0,
        "Landing_success_rate": 1.0
    },
    {
        "model": 2,
        "sequence": 23,
        "status": 1,
        "fuel": 6386,
        "fault": 0.9409,
        "weapon": 0,
        "pilot_injury": 0.2709,
        "pilot_skill": 0.3248,
        "mission_priority": 0.6891,
        "estimated_landing_time": 2168.0,
        "wait_time": 0,
        "Landing_success_rate": 1.0
    },
    {
        "model": 1,
        "sequence": 15,
        "status": 1,
        "fuel": 6461,
        "fault": 0.4648,
        "weapon": 0,
        "pilot_injury": 0.9484,
        "pilot_skill": 0.6432,
        "mission_priority": 0.0722,
        "estimated_landing_time": 1416.0,
        "wait_time": 0,
        "Landing_success_rate": 1.0
    },
    {
        "model": 0,
        "sequence": 20,
        "status": 1,
        "fuel": 6786,
        "fault": 0.5675,
        "weapon": 0,
        "pilot_injury": 0.3091,
        "pilot_skill": 0.9396,
        "mission_priority": 0.3592,
        "estimated_landing_time": 1886.0,
        "wait_time": 0,
        "Landing_success_rate": 1.0
    },
    {
        "model": 1,
        "sequence": 17,
        "status": 1,
        "fuel": 5848,
        "fault": 0.7759,
        "weapon": 1,
        "pilot_injury": 0.8996,
        "pilot_skill": 0.0345,
        "mission_priority": 0.6684,
        "estimated_landing_time": 1604.0,
        "wait_time": 0,
        "Landing_success_rate": 1.0
    },
    {
        "model": 1,
        "sequence": 9,
        "status": 1,
        "fuel": 7444,
        "fault": 0.2412,
        "weapon": 1,
        "pilot_injury": 0.2372,
        "pilot_skill": 0.9061,
        "mission_priority": 0.886,
        "estimated_landing_time": 852.0,
        "wait_time": 0,
        "Landing_success_rate": 1.0
    },
    {
        "model": 2,
        "sequence": 11,
        "status": 1,
        "fuel": 5703,
        "fault": 0.4042,
        "weapon": 0,
        "pilot_injury": 0.9466,
        "pilot_skill": 0.4674,
        "mission_priority": 0.4889,
        "estimated_landing_time": 1040.0,
        "wait_time": 0,
        "Landing_success_rate": 1.0
    },
    {
        "model": 1,
        "sequence": 13,
        "status": 1,
        "fuel": 6921,
        "fault": 0.8063,
        "weapon": 1,
        "pilot_injury": 0.1214,
        "pilot_skill": 0.1054,
        "mission_priority": 0.2521,
        "estimated_landing_time": 1228.0,
        "wait_time": 0,
        "Landing_success_rate": 1.0
    },
    {
        "model": 2,
        "sequence": 19,
        "status": 1,
        "fuel": 5811,
        "fault": 0.5208,
        "weapon": 0,
        "pilot_injury": 0.0395,
        "pilot_skill": 0.946,
        "mission_priority": 0.1111,
        "estimated_landing_time": 1792.0,
        "wait_time": 0,
        "Landing_success_rate": 1.0
    },
    {
        "model": 1,
        "sequence": 21,
        "status": 1,
        "fuel": 5944,
        "fault": 0.8656,
        "weapon": 1,
        "pilot_injury": 0.6607,
        "pilot_skill": 0.3421,
        "mission_priority": 0.0673,
        "estimated_landing_time": 1980.0,
        "wait_time": 0,
        "Landing_success_rate": 1.0
    },
    {
        "model": 1,
        "sequence": 10,
        "status": 1,
        "fuel": 7104,
        "fault": 0.8623,
        "weapon": 0,
        "pilot_injury": 0.2987,
        "pilot_skill": 0.7846,
        "mission_priority": 0.4575,
        "estimated_landing_time": 946.0,
        "wait_time": 0,
        "Landing_success_rate": 1.0
    }
]