[
    {
        "model": 2,
        "sequence": 11,
        "status": 1,
        "fuel": 5689,
        "fault": 0.4002,
        "weapon": 1,
        "pilot_injury": 0.2857,
        "pilot_skill": 0.8686,
        "mission_priority": 0.2236,
        "estimated_landing_time": 1040.0,
        "wait_time": 0,
        "Landing_success_rate": 0.8585
    },
    {
        "model": 2,
        "sequence": 12,
        "status": 1,
        "fuel": 5633,
        "fault": 0.8021,
        "weapon": 0,
        "pilot_injury": 0.9699,
        "pilot_skill": 0.0432,
        "mission_priority": 0.8911,
        "estimated_landing_time": 1134.0,
        "wait_time": 0,
        "Landing_success_rate": 0.852
    },
    {
        "model": 0,
        "sequence": 9,
        "status": 1,
        "fuel": 6385,
        "fault": 0.9246,
        "weapon": 1,
        "pilot_injury": 0.0738,
        "pilot_skill": 0.5539,
        "mission_priority": 0.9693,
        "estimated_landing_time": 852.0,
        "wait_time": 0,
        "Landing_success_rate": 0.855
    },
    {
        "model": 1,
        "sequence": 3,
        "status": 1,
        "fuel": 6925,
        "fault": 0.1662,
        "weapon": 0,
        "pilot_injury": 0.6957,
        "pilot_skill": 0.4545,
        "mission_priority": 0.6276,
        "estimated_landing_time": 288.0,
        "wait_time": 0,
        "Landing_success_rate": 0.9391
    },
    {
        "model": 2,
        "sequence": 6,
        "status": 1,
        "fuel": 7409,
        "fault": 0.3842,
        "weapon": 0,
        "pilot_injury": 0.0454,
        "pilot_skill": 0.281,
        "mission_priority": 0.9504,
        "estimated_landing_time": 570.0,
        "wait_time": 0,
        "Landing_success_rate": 0.9382
    },
    {
        "model": 2,
        "sequence": 1,
        "status": 1,
        "fuel": 6467,
        "fault": 0.3945,
        "weapon": 1,
        "pilot_injury": 0.6201,
        "pilot_skill": 0.2774,
        "mission_priority": 0.1881,
        "estimated_landing_time": 100.0,
        "wait_time": 0,
        "Landing_success_rate": 0.8939
    },
    {
        "model": 1,
        "sequence": 7,
        "status": 1,
        "fuel": 5589,
        "fault": 0.3883,
        "weapon": 1,
        "pilot_injury": 0.5837,
        "pilot_skill": 0.0777,
        "mission_priority": 0.9744,
        "estimated_landing_time": 664.0,
        "wait_time": 0,
        "Landing_success_rate": 0.8541
    },
    {
        "model": 1,
        "sequence": 5,
        "status": 1,
        "fuel": 7227,
        "fault": 0.4532,
        "weapon": 0,
        "pilot_injury": 0.5361,
        "pilot_skill": 0.3095,
        "mission_priority": 0.8138,
        "estimated_landing_time": 476.0,
        "wait_time": 0,
        "Landing_success_rate": 0.9208
    },
    {
        "model": 2,
        "sequence": 8,
        "status": 1,
        "fuel": 6231,
        "fault": 0.271,
        "weapon": 0,
        "pilot_injury": 0.9109,
        "pilot_skill": 0.8225,
        "mission_priority": 0.9498,
        "estimated_landing_time": 758.0,
        "wait_time": 0,
        "Landing_success_rate": 0.89
    },
    {
        "model": 2,
        "sequence": 4,
        "status": 1,
        "fuel": 5755,
        "fault": 0.5812,
        "weapon": 0,
        "pilot_injury": 0.4182,
        "pilot_skill": 0.9327,
        "mission_priority": 0.8661,
        "estimated_landing_time": 382.0,
        "wait_time": 0,
        "Landing_success_rate": 0.858
    },
    {
        "model": 1,
        "sequence": 10,
        "status": 1,
        "fuel": 6376,
        "fault": 0.1648,
        "weapon": 1,
        "pilot_injury": 0.3765,
        "pilot_skill": 0.8106,
        "mission_priority": 0.9873,
        "estimated_landing_time": 946.0,
        "wait_time": 0,
        "Landing_success_rate": 0.9049
    },
    {
        "model": 2,
        "sequence": 2,
        "status": 1,
        "fuel": 5676,
        "fault": 0.3767,
        "weapon": 1,
        "pilot_injury": 0.3809,
        "pilot_skill": 0.9699,
        "mission_priority": 0.8421,
        "estimated_landing_time": 194.0,
        "wait_time": 0,
        "Landing_success_rate": 0.8582
    }
]