[
    {
        "model": 0,
        "sequence": 11,
        "status": 1,
        "fuel": 5563,
        "fault": 0.2964,
        "weapon": 0,
        "pilot_injury": 0.1539,
        "pilot_skill": 0.1492,
        "mission_priority": 0.2682,
        "estimated_landing_time": 1040.0,
        "wait_time": 0,
        "Landing_success_rate": 0.8533
    },
    {
        "model": 0,
        "sequence": 8,
        "status": 1,
        "fuel": 6687,
        "fault": 0.4077,
        "weapon": 1,
        "pilot_injury": 0.6797,
        "pilot_skill": 0.0567,
        "mission_priority": 0.0347,
        "estimated_landing_time": 758.0,
        "wait_time": 0,
        "Landing_success_rate": 0.9027
    },
    {
        "model": 1,
        "sequence": 2,
        "status": 1,
        "fuel": 5544,
        "fault": 0.3375,
        "weapon": 1,
        "pilot_injury": 0.1934,
        "pilot_skill": 0.6415,
        "mission_priority": 0.2598,
        "estimated_landing_time": 194.0,
        "wait_time": 0,
        "Landing_success_rate": 0.8522
    },
    {
        "model": 1,
        "sequence": 1,
        "status": 1,
        "fuel": 6033,
        "fault": 0.3373,
        "weapon": 0,
        "pilot_injury": 0.2973,
        "pilot_skill": 0.23,
        "mission_priority": 0.4113,
        "estimated_landing_time": 100.0,
        "wait_time": 0,
        "Landing_success_rate": 0.8765
    },
    {
        "model": 0,
        "sequence": 10,
        "status": 1,
        "fuel": 6081,
        "fault": 0.8751,
        "weapon": 0,
        "pilot_injury": 0.8261,
        "pilot_skill": 0.6731,
        "mission_priority": 0.8244,
        "estimated_landing_time": 946.0,
        "wait_time": 0,
        "Landing_success_rate": 0.8554
    },
    {
        "model": 2,
        "sequence": 9,
        "status": 1,
        "fuel": 7373,
        "fault": 0.0453,
        "weapon": 0,
        "pilot_injury": 0.738,
        "pilot_skill": 0.3605,
        "mission_priority": 0.6713,
        "estimated_landing_time": 852.0,
        "wait_time": 0,
        "Landing_success_rate": 0.9841
    },
    {
        "model": 0,
        "sequence": 6,
        "status": 1,
        "fuel": 6488,
        "fault": 0.9898,
        "weapon": 0,
        "pilot_injury": 0.9926,
        "pilot_skill": 0.1562,
        "mission_priority": 0.9884,
        "estimated_landing_time": 570.0,
        "wait_time": 0,
        "Landing_success_rate": 0.8508
    },
    {
        "model": 1,
        "sequence": 7,
        "status": 1,
        "fuel": 6670,
        "fault": 0.1691,
        "weapon": 0,
        "pilot_injury": 0.6594,
        "pilot_skill": 0.5778,
        "mission_priority": 0.8661,
        "estimated_landing_time": 664.0,
        "wait_time": 0,
        "Landing_success_rate": 0.9229
    },
    {
        "model": 2,
        "sequence": 12,
        "status": 1,
        "fuel": 6862,
        "fault": 0.9852,
        "weapon": 1,
        "pilot_injury": 0.6194,
        "pilot_skill": 0.4112,
        "mission_priority": 0.4275,
        "estimated_landing_time": 1134.0,
        "wait_time": 0,
        "Landing_success_rate": 0.8515
    },
    {
        "model": 1,
        "sequence": 3,
        "status": 1,
        "fuel": 5815,
        "fault": 0.6654,
        "weapon": 1,
        "pilot_injury": 0.8506,
        "pilot_skill": 0.2015,
        "mission_priority": 0.9344,
        "estimated_landing_time": 288.0,
        "wait_time": 0,
        "Landing_success_rate": 0.8579
    },
    {
        "model": 1,
        "sequence": 5,
        "status": 1,
        "fuel": 6630,
        "fault": 0.2789,
        "weapon": 0,
        "pilot_injury": 0.5562,
        "pilot_skill": 0.7795,
        "mission_priority": 0.0162,
        "estimated_landing_time": 476.0,
        "wait_time": 0,
        "Landing_success_rate": 0.9111
    },
    {
        "model": 2,
        "sequence": 4,
        "status": 1,
        "fuel": 5805,
        "fault": 0.2536,
        "weapon": 0,
        "pilot_injury": 0.8899,
        "pilot_skill": 0.992,
        "mission_priority": 0.2941,
        "estimated_landing_time": 382.0,
        "wait_time": 0,
        "Landing_success_rate": 0.8671
    }
]