[
    {
        "model": 2,
        "sequence": 12,
        "status": 1,
        "fuel": 6703,
        "fault": 0.651,
        "weapon": 0,
        "pilot_injury": 0.8058,
        "pilot_skill": 0.8252,
        "mission_priority": 0.8682,
        "estimated_landing_time": 1134.0,
        "wait_time": 0,
        "Landing_success_rate": 0.8815
    },
    {
        "model": 1,
        "sequence": 9,
        "status": 1,
        "fuel": 7000,
        "fault": 0.98,
        "weapon": 0,
        "pilot_injury": 0.2683,
        "pilot_skill": 0.9993,
        "mission_priority": 0.1753,
        "estimated_landing_time": 852.0,
        "wait_time": 0,
        "Landing_success_rate": 0.8522
    },
    {
        "model": 0,
        "sequence": 3,
        "status": 1,
        "fuel": 6530,
        "fault": 0.0375,
        "weapon": 0,
        "pilot_injury": 0.7759,
        "pilot_skill": 0.4468,
        "mission_priority": 0.4475,
        "estimated_landing_time": 288.0,
        "wait_time": 0,
        "Landing_success_rate": 0.9244
    },
    {
        "model": 0,
        "sequence": 2,
        "status": 1,
        "fuel": 5956,
        "fault": 0.4582,
        "weapon": 0,
        "pilot_injury": 0.3112,
        "pilot_skill": 0.2091,
        "mission_priority": 0.8485,
        "estimated_landing_time": 194.0,
        "wait_time": 0,
        "Landing_success_rate": 0.8685
    },
    {
        "model": 0,
        "sequence": 5,
        "status": 1,
        "fuel": 6951,
        "fault": 0.2402,
        "weapon": 0,
        "pilot_injury": 0.6294,
        "pilot_skill": 0.2569,
        "mission_priority": 0.8008,
        "estimated_landing_time": 476.0,
        "wait_time": 0,
        "Landing_success_rate": 0.9327
    },
    {
        "model": 0,
        "sequence": 4,
        "status": 1,
        "fuel": 7178,
        "fault": 0.1643,
        "weapon": 0,
        "pilot_injury": 0.0601,
        "pilot_skill": 0.9159,
        "mission_priority": 0.6155,
        "estimated_landing_time": 382.0,
        "wait_time": 0,
        "Landing_success_rate": 0.9552
    },
    {
        "model": 2,
        "sequence": 6,
        "status": 1,
        "fuel": 6546,
        "fault": 0.9355,
        "weapon": 1,
        "pilot_injury": 0.6775,
        "pilot_skill": 0.5258,
        "mission_priority": 0.7181,
        "estimated_landing_time": 570.0,
        "wait_time": 0,
        "Landing_success_rate": 0.8551
    },
    {
        "model": 1,
        "sequence": 10,
        "status": 1,
        "fuel": 6120,
        "fault": 0.8276,
        "weapon": 1,
        "pilot_injury": 0.0537,
        "pilot_skill": 0.1062,
        "mission_priority": 0.1737,
        "estimated_landing_time": 946.0,
        "wait_time": 0,
        "Landing_success_rate": 0.858
    },
    {
        "model": 1,
        "sequence": 1,
        "status": 1,
        "fuel": 6822,
        "fault": 0.0278,
        "weapon": 0,
        "pilot_injury": 0.8921,
        "pilot_skill": 0.7329,
        "mission_priority": 0.5084,
        "estimated_landing_time": 100.0,
        "wait_time": 0,
        "Landing_success_rate": 0.9464
    },
    {
        "model": 2,
        "sequence": 11,
        "status": 1,
        "fuel": 5561,
        "fault": 0.7426,
        "weapon": 0,
        "pilot_injury": 0.8332,
        "pilot_skill": 0.4268,
        "mission_priority": 0.6487,
        "estimated_landing_time": 1040.0,
        "wait_time": 0,
        "Landing_success_rate": 0.8512
    },
    {
        "model": 0,
        "sequence": 8,
        "status": 1,
        "fuel": 6575,
        "fault": 0.7502,
        "weapon": 1,
        "pilot_injury": 0.1405,
        "pilot_skill": 0.443,
        "mission_priority": 0.5614,
        "estimated_landing_time": 758.0,
        "wait_time": 0,
        "Landing_success_rate": 0.8701
    },
    {
        "model": 1,
        "sequence": 7,
        "status": 1,
        "fuel": 7190,
        "fault": 0.3295,
        "weapon": 0,
        "pilot_injury": 0.9187,
        "pilot_skill": 0.4404,
        "mission_priority": 0.5488,
        "estimated_landing_time": 664.0,
        "wait_time": 0,
        "Landing_success_rate": 0.935
    }
]