[
    {
        "model": 2,
        "sequence": 11,
        "status": 1,
        "fuel": 7444,
        "fault": 0.7004,
        "weapon": 1,
        "pilot_injury": 0.5565,
        "pilot_skill": 0.3586,
        "mission_priority": 0.9113,
        "estimated_landing_time": 1040.0,
        "wait_time": 0,
        "Landing_success_rate": 0.8937
    },
    {
        "model": 1,
        "sequence": 2,
        "status": 1,
        "fuel": 5545,
        "fault": 0.7324,
        "weapon": 1,
        "pilot_injury": 0.0569,
        "pilot_skill": 0.7665,
        "mission_priority": 0.7021,
        "estimated_landing_time": 194.0,
        "wait_time": 0,
        "Landing_success_rate": 0.8509
    },
    {
        "model": 2,
        "sequence": 9,
        "status": 1,
        "fuel": 7476,
        "fault": 0.9665,
        "weapon": 1,
        "pilot_injury": 0.3959,
        "pilot_skill": 0.7563,
        "mission_priority": 0.4542,
        "estimated_landing_time": 852.0,
        "wait_time": 0,
        "Landing_success_rate": 0.855
    },
    {
        "model": 1,
        "sequence": 5,
        "status": 1,
        "fuel": 6022,
        "fault": 0.37,
        "weapon": 0,
        "pilot_injury": 0.2509,
        "pilot_skill": 0.1204,
        "mission_priority": 0.5845,
        "estimated_landing_time": 476.0,
        "wait_time": 0,
        "Landing_success_rate": 0.8747
    },
    {
        "model": 1,
        "sequence": 7,
        "status": 1,
        "fuel": 5866,
        "fault": 0.3456,
        "weapon": 0,
        "pilot_injury": 0.062,
        "pilot_skill": 0.3393,
        "mission_priority": 0.5059,
        "estimated_landing_time": 664.0,
        "wait_time": 0,
        "Landing_success_rate": 0.868
    },
    {
        "model": 2,
        "sequence": 12,
        "status": 1,
        "fuel": 5833,
        "fault": 0.0611,
        "weapon": 1,
        "pilot_injury": 0.9977,
        "pilot_skill": 0.4517,
        "mission_priority": 0.3547,
        "estimated_landing_time": 1134.0,
        "wait_time": 0,
        "Landing_success_rate": 0.8734
    },
    {
        "model": 2,
        "sequence": 8,
        "status": 1,
        "fuel": 6616,
        "fault": 0.8727,
        "weapon": 1,
        "pilot_injury": 0.8833,
        "pilot_skill": 0.4148,
        "mission_priority": 0.3873,
        "estimated_landing_time": 758.0,
        "wait_time": 0,
        "Landing_success_rate": 0.8607
    },
    {
        "model": 1,
        "sequence": 3,
        "status": 1,
        "fuel": 7082,
        "fault": 0.6164,
        "weapon": 1,
        "pilot_injury": 0.6482,
        "pilot_skill": 0.0614,
        "mission_priority": 0.8137,
        "estimated_landing_time": 288.0,
        "wait_time": 0,
        "Landing_success_rate": 0.8955
    },
    {
        "model": 1,
        "sequence": 10,
        "status": 1,
        "fuel": 7013,
        "fault": 0.7305,
        "weapon": 0,
        "pilot_injury": 0.9546,
        "pilot_skill": 0.1514,
        "mission_priority": 0.4774,
        "estimated_landing_time": 946.0,
        "wait_time": 0,
        "Landing_success_rate": 0.8806
    },
    {
        "model": 2,
        "sequence": 1,
        "status": 1,
        "fuel": 5890,
        "fault": 0.5253,
        "weapon": 1,
        "pilot_injury": 0.4015,
        "pilot_skill": 0.3381,
        "mission_priority": 0.1268,
        "estimated_landing_time": 100.0,
        "wait_time": 0,
        "Landing_success_rate": 0.8639
    },
    {
        "model": 2,
        "sequence": 6,
        "status": 1,
        "fuel": 6448,
        "fault": 0.6756,
        "weapon": 1,
        "pilot_injury": 0.7344,
        "pilot_skill": 0.2088,
        "mission_priority": 0.0586,
        "estimated_landing_time": 570.0,
        "wait_time": 0,
        "Landing_success_rate": 0.8731
    },
    {
        "model": 1,
        "sequence": 4,
        "status": 1,
        "fuel": 7036,
        "fault": 0.042,
        "weapon": 1,
        "pilot_injury": 0.8719,
        "pilot_skill": 0.577,
        "mission_priority": 0.3455,
        "estimated_landing_time": 382.0,
        "wait_time": 0,
        "Landing_success_rate": 0.9604
    }
]