[
    {
        "model": 1,
        "sequence": 11,
        "status": 1,
        "fuel": 6103,
        "fault": 0.8275,
        "weapon": 0,
        "pilot_injury": 0.5914,
        "pilot_skill": 0.8066,
        "mission_priority": 0.4765,
        "estimated_landing_time": 1040.0,
        "wait_time": 0,
        "Landing_success_rate": 0.8578
    },
    {
        "model": 0,
        "sequence": 4,
        "status": 1,
        "fuel": 6010,
        "fault": 0.1093,
        "weapon": 1,
        "pilot_injury": 0.0032,
        "pilot_skill": 0.6402,
        "mission_priority": 0.2984,
        "estimated_landing_time": 382.0,
        "wait_time": 0,
        "Landing_success_rate": 0.8841
    },
    {
        "model": 2,
        "sequence": 6,
        "status": 1,
        "fuel": 6339,
        "fault": 0.0625,
        "weapon": 1,
        "pilot_injury": 0.256,
        "pilot_skill": 0.0308,
        "mission_priority": 0.9715,
        "estimated_landing_time": 570.0,
        "wait_time": 0,
        "Landing_success_rate": 0.909
    },
    {
        "model": 2,
        "sequence": 12,
        "status": 1,
        "fuel": 7224,
        "fault": 0.9264,
        "weapon": 1,
        "pilot_injury": 0.7626,
        "pilot_skill": 0.9293,
        "mission_priority": 0.0305,
        "estimated_landing_time": 1134.0,
        "wait_time": 0,
        "Landing_success_rate": 0.8595
    },
    {
        "model": 1,
        "sequence": 5,
        "status": 1,
        "fuel": 7358,
        "fault": 0.6925,
        "weapon": 1,
        "pilot_injury": 0.6325,
        "pilot_skill": 0.6445,
        "mission_priority": 0.8198,
        "estimated_landing_time": 476.0,
        "wait_time": 0,
        "Landing_success_rate": 0.8929
    },
    {
        "model": 1,
        "sequence": 10,
        "status": 1,
        "fuel": 7204,
        "fault": 0.2788,
        "weapon": 1,
        "pilot_injury": 0.5286,
        "pilot_skill": 0.7934,
        "mission_priority": 0.9905,
        "estimated_landing_time": 946.0,
        "wait_time": 0,
        "Landing_success_rate": 0.9422
    },
    {
        "model": 2,
        "sequence": 1,
        "status": 1,
        "fuel": 6893,
        "fault": 0.6768,
        "weapon": 0,
        "pilot_injury": 0.0898,
        "pilot_skill": 0.0023,
        "mission_priority": 0.0442,
        "estimated_landing_time": 100.0,
        "wait_time": 0,
        "Landing_success_rate": 0.8838
    },
    {
        "model": 2,
        "sequence": 2,
        "status": 1,
        "fuel": 6815,
        "fault": 0.8341,
        "weapon": 0,
        "pilot_injury": 0.069,
        "pilot_skill": 0.0057,
        "mission_priority": 0.9371,
        "estimated_landing_time": 194.0,
        "wait_time": 0,
        "Landing_success_rate": 0.8664
    },
    {
        "model": 1,
        "sequence": 3,
        "status": 1,
        "fuel": 5687,
        "fault": 0.6585,
        "weapon": 0,
        "pilot_injury": 0.8844,
        "pilot_skill": 0.7,
        "mission_priority": 0.1044,
        "estimated_landing_time": 288.0,
        "wait_time": 0,
        "Landing_success_rate": 0.8548
    },
    {
        "model": 1,
        "sequence": 9,
        "status": 1,
        "fuel": 7058,
        "fault": 0.4876,
        "weapon": 1,
        "pilot_injury": 0.2803,
        "pilot_skill": 0.6874,
        "mission_priority": 0.0245,
        "estimated_landing_time": 852.0,
        "wait_time": 0,
        "Landing_success_rate": 0.9099
    },
    {
        "model": 2,
        "sequence": 7,
        "status": 1,
        "fuel": 6598,
        "fault": 0.3488,
        "weapon": 0,
        "pilot_injury": 0.6321,
        "pilot_skill": 0.577,
        "mission_priority": 0.6978,
        "estimated_landing_time": 664.0,
        "wait_time": 0,
        "Landing_success_rate": 0.9036
    },
    {
        "model": 0,
        "sequence": 8,
        "status": 1,
        "fuel": 5544,
        "fault": 0.9551,
        "weapon": 0,
        "pilot_injury": 0.8689,
        "pilot_skill": 0.6817,
        "mission_priority": 0.1129,
        "estimated_landing_time": 758.0,
        "wait_time": 0,
        "Landing_success_rate": 0.8501
    }
]