[
    {
        "model": 1,
        "sequence": 2,
        "status": 1,
        "fuel": 5769,
        "fault": 0.1828,
        "weapon": 1,
        "pilot_injury": 0.6416,
        "pilot_skill": 0.0256,
        "mission_priority": 0.788,
        "estimated_landing_time": 194.0,
        "wait_time": 0,
        "Landing_success_rate": 0.8665
    },
    {
        "model": 2,
        "sequence": 11,
        "status": 1,
        "fuel": 6667,
        "fault": 0.4862,
        "weapon": 1,
        "pilot_injury": 0.8124,
        "pilot_skill": 0.0824,
        "mission_priority": 0.6,
        "estimated_landing_time": 1040.0,
        "wait_time": 0,
        "Landing_success_rate": 0.895
    },
    {
        "model": 1,
        "sequence": 5,
        "status": 1,
        "fuel": 6094,
        "fault": 0.8755,
        "weapon": 0,
        "pilot_injury": 0.9262,
        "pilot_skill": 0.8713,
        "mission_priority": 0.7851,
        "estimated_landing_time": 476.0,
        "wait_time": 0,
        "Landing_success_rate": 0.8555
    },
    {
        "model": 2,
        "sequence": 10,
        "status": 1,
        "fuel": 6047,
        "fault": 0.1467,
        "weapon": 1,
        "pilot_injury": 0.0975,
        "pilot_skill": 0.8533,
        "mission_priority": 0.3282,
        "estimated_landing_time": 946.0,
        "wait_time": 0,
        "Landing_success_rate": 0.885
    },
    {
        "model": 1,
        "sequence": 7,
        "status": 1,
        "fuel": 6962,
        "fault": 0.5006,
        "weapon": 1,
        "pilot_injury": 0.2313,
        "pilot_skill": 0.2436,
        "mission_priority": 0.306,
        "estimated_landing_time": 664.0,
        "wait_time": 0,
        "Landing_success_rate": 0.9048
    },
    {
        "model": 2,
        "sequence": 9,
        "status": 1,
        "fuel": 6807,
        "fault": 0.8024,
        "weapon": 1,
        "pilot_injury": 0.0051,
        "pilot_skill": 0.4454,
        "mission_priority": 0.0843,
        "estimated_landing_time": 852.0,
        "wait_time": 0,
        "Landing_success_rate": 0.8694
    },
    {
        "model": 1,
        "sequence": 4,
        "status": 1,
        "fuel": 6065,
        "fault": 0.6623,
        "weapon": 1,
        "pilot_injury": 0.9436,
        "pilot_skill": 0.8713,
        "mission_priority": 0.2894,
        "estimated_landing_time": 382.0,
        "wait_time": 0,
        "Landing_success_rate": 0.8643
    },
    {
        "model": 2,
        "sequence": 1,
        "status": 1,
        "fuel": 7249,
        "fault": 0.8585,
        "weapon": 0,
        "pilot_injury": 0.9866,
        "pilot_skill": 0.5978,
        "mission_priority": 0.082,
        "estimated_landing_time": 100.0,
        "wait_time": 0,
        "Landing_success_rate": 0.8686
    },
    {
        "model": 1,
        "sequence": 8,
        "status": 1,
        "fuel": 6207,
        "fault": 0.625,
        "weapon": 0,
        "pilot_injury": 0.1689,
        "pilot_skill": 0.0536,
        "mission_priority": 0.7175,
        "estimated_landing_time": 758.0,
        "wait_time": 0,
        "Landing_success_rate": 0.8699
    },
    {
        "model": 2,
        "sequence": 12,
        "status": 1,
        "fuel": 7254,
        "fault": 0.2177,
        "weapon": 0,
        "pilot_injury": 0.3834,
        "pilot_skill": 0.1683,
        "mission_priority": 0.8364,
        "estimated_landing_time": 1134.0,
        "wait_time": 0,
        "Landing_success_rate": 0.9529
    },
    {
        "model": 1,
        "sequence": 6,
        "status": 1,
        "fuel": 7408,
        "fault": 0.636,
        "weapon": 0,
        "pilot_injury": 0.7204,
        "pilot_skill": 0.5111,
        "mission_priority": 0.6043,
        "estimated_landing_time": 570.0,
        "wait_time": 0,
        "Landing_success_rate": 0.9021
    },
    {
        "model": 0,
        "sequence": 3,
        "status": 1,
        "fuel": 7262,
        "fault": 0.7931,
        "weapon": 1,
        "pilot_injury": 0.8296,
        "pilot_skill": 0.7094,
        "mission_priority": 0.1054,
        "estimated_landing_time": 288.0,
        "wait_time": 0,
        "Landing_success_rate": 0.8773
    }
]