[
    {
        "model": 0,
        "sequence": 10,
        "status": 1,
        "fuel": 6668,
        "fault": 0.2411,
        "weapon": 0,
        "pilot_injury": 0.1292,
        "pilot_skill": 0.9541,
        "mission_priority": 0.6062,
        "estimated_landing_time": 946.0,
        "wait_time": 0,
        "Landing_success_rate": 0.9165
    },
    {
        "model": 0,
        "sequence": 1,
        "status": 1,
        "fuel": 6969,
        "fault": 0.8782,
        "weapon": 1,
        "pilot_injury": 0.6181,
        "pilot_skill": 0.3582,
        "mission_priority": 0.1136,
        "estimated_landing_time": 100.0,
        "wait_time": 0,
        "Landing_success_rate": 0.8634
    },
    {
        "model": 1,
        "sequence": 4,
        "status": 1,
        "fuel": 5653,
        "fault": 0.4982,
        "weapon": 1,
        "pilot_injury": 0.7723,
        "pilot_skill": 0.5202,
        "mission_priority": 0.8522,
        "estimated_landing_time": 382.0,
        "wait_time": 0,
        "Landing_success_rate": 0.8558
    },
    {
        "model": 0,
        "sequence": 2,
        "status": 1,
        "fuel": 6577,
        "fault": 0.968,
        "weapon": 1,
        "pilot_injury": 0.8767,
        "pilot_skill": 0.4035,
        "mission_priority": 0.134,
        "estimated_landing_time": 194.0,
        "wait_time": 0,
        "Landing_success_rate": 0.8526
    },
    {
        "model": 2,
        "sequence": 11,
        "status": 1,
        "fuel": 6826,
        "fault": 0.4205,
        "weapon": 0,
        "pilot_injury": 0.6203,
        "pilot_skill": 0.7041,
        "mission_priority": 0.213,
        "estimated_landing_time": 1040.0,
        "wait_time": 0,
        "Landing_success_rate": 0.9076
    },
    {
        "model": 2,
        "sequence": 8,
        "status": 1,
        "fuel": 6945,
        "fault": 0.6173,
        "weapon": 1,
        "pilot_injury": 0.3506,
        "pilot_skill": 0.5899,
        "mission_priority": 0.3922,
        "estimated_landing_time": 758.0,
        "wait_time": 0,
        "Landing_success_rate": 0.8915
    },
    {
        "model": 0,
        "sequence": 9,
        "status": 1,
        "fuel": 6358,
        "fault": 0.091,
        "weapon": 1,
        "pilot_injury": 0.3483,
        "pilot_skill": 0.514,
        "mission_priority": 0.7837,
        "estimated_landing_time": 852.0,
        "wait_time": 0,
        "Landing_success_rate": 0.9085
    },
    {
        "model": 0,
        "sequence": 7,
        "status": 1,
        "fuel": 6519,
        "fault": 0.298,
        "weapon": 1,
        "pilot_injury": 0.8624,
        "pilot_skill": 0.9495,
        "mission_priority": 0.1471,
        "estimated_landing_time": 664.0,
        "wait_time": 0,
        "Landing_success_rate": 0.9037
    },
    {
        "model": 2,
        "sequence": 12,
        "status": 1,
        "fuel": 5683,
        "fault": 0.8421,
        "weapon": 0,
        "pilot_injury": 0.2582,
        "pilot_skill": 0.4591,
        "mission_priority": 0.98,
        "estimated_landing_time": 1134.0,
        "wait_time": 0,
        "Landing_success_rate": 0.8522
    },
    {
        "model": 1,
        "sequence": 3,
        "status": 1,
        "fuel": 5552,
        "fault": 0.3474,
        "weapon": 1,
        "pilot_injury": 0.6334,
        "pilot_skill": 0.2401,
        "mission_priority": 0.0759,
        "estimated_landing_time": 288.0,
        "wait_time": 0,
        "Landing_success_rate": 0.8525
    },
    {
        "model": 0,
        "sequence": 6,
        "status": 1,
        "fuel": 6260,
        "fault": 0.4601,
        "weapon": 1,
        "pilot_injury": 0.1519,
        "pilot_skill": 0.1388,
        "mission_priority": 0.6409,
        "estimated_landing_time": 570.0,
        "wait_time": 0,
        "Landing_success_rate": 0.8808
    },
    {
        "model": 0,
        "sequence": 5,
        "status": 1,
        "fuel": 5859,
        "fault": 0.6965,
        "weapon": 0,
        "pilot_injury": 0.8968,
        "pilot_skill": 0.474,
        "mission_priority": 0.6676,
        "estimated_landing_time": 476.0,
        "wait_time": 0,
        "Landing_success_rate": 0.8582
    }
]