[
    {
        "model": 1,
        "sequence": 10,
        "status": 1,
        "fuel": 6670,
        "fault": 0.1923,
        "weapon": 1,
        "pilot_injury": 0.8481,
        "pilot_skill": 0.9472,
        "mission_priority": 0.8849,
        "estimated_landing_time": 946.0,
        "wait_time": 0,
        "Landing_success_rate": 0.9209
    },
    {
        "model": 1,
        "sequence": 12,
        "status": 1,
        "fuel": 7103,
        "fault": 0.3504,
        "weapon": 0,
        "pilot_injury": 0.2816,
        "pilot_skill": 0.9634,
        "mission_priority": 0.0103,
        "estimated_landing_time": 1134.0,
        "wait_time": 0,
        "Landing_success_rate": 0.9281
    },
    {
        "model": 1,
        "sequence": 11,
        "status": 1,
        "fuel": 6811,
        "fault": 0.543,
        "weapon": 1,
        "pilot_injury": 0.6227,
        "pilot_skill": 0.9901,
        "mission_priority": 0.3119,
        "estimated_landing_time": 1040.0,
        "wait_time": 0,
        "Landing_success_rate": 0.8949
    },
    {
        "model": 0,
        "sequence": 6,
        "status": 1,
        "fuel": 6878,
        "fault": 0.1423,
        "weapon": 1,
        "pilot_injury": 0.4428,
        "pilot_skill": 0.261,
        "mission_priority": 0.3434,
        "estimated_landing_time": 570.0,
        "wait_time": 0,
        "Landing_success_rate": 0.9386
    },
    {
        "model": 0,
        "sequence": 4,
        "status": 1,
        "fuel": 7331,
        "fault": 0.541,
        "weapon": 1,
        "pilot_injury": 0.1857,
        "pilot_skill": 0.3725,
        "mission_priority": 0.9286,
        "estimated_landing_time": 382.0,
        "wait_time": 0,
        "Landing_success_rate": 0.913
    },
    {
        "model": 2,
        "sequence": 9,
        "status": 1,
        "fuel": 7015,
        "fault": 0.1649,
        "weapon": 0,
        "pilot_injury": 0.1628,
        "pilot_skill": 0.5952,
        "mission_priority": 0.1505,
        "estimated_landing_time": 852.0,
        "wait_time": 0,
        "Landing_success_rate": 0.9449
    },
    {
        "model": 1,
        "sequence": 7,
        "status": 1,
        "fuel": 6153,
        "fault": 0.4488,
        "weapon": 0,
        "pilot_injury": 0.5015,
        "pilot_skill": 0.2467,
        "mission_priority": 0.471,
        "estimated_landing_time": 664.0,
        "wait_time": 0,
        "Landing_success_rate": 0.877
    },
    {
        "model": 0,
        "sequence": 2,
        "status": 1,
        "fuel": 6501,
        "fault": 0.9048,
        "weapon": 1,
        "pilot_injury": 0.7539,
        "pilot_skill": 0.5779,
        "mission_priority": 0.9044,
        "estimated_landing_time": 194.0,
        "wait_time": 0,
        "Landing_success_rate": 0.8571
    },
    {
        "model": 0,
        "sequence": 3,
        "status": 1,
        "fuel": 6528,
        "fault": 0.1148,
        "weapon": 0,
        "pilot_injury": 0.0556,
        "pilot_skill": 0.0069,
        "mission_priority": 0.2124,
        "estimated_landing_time": 288.0,
        "wait_time": 0,
        "Landing_success_rate": 0.9182
    },
    {
        "model": 2,
        "sequence": 5,
        "status": 1,
        "fuel": 7216,
        "fault": 0.2495,
        "weapon": 0,
        "pilot_injury": 0.4024,
        "pilot_skill": 0.8846,
        "mission_priority": 0.8956,
        "estimated_landing_time": 476.0,
        "wait_time": 0,
        "Landing_success_rate": 0.9466
    },
    {
        "model": 2,
        "sequence": 1,
        "status": 1,
        "fuel": 6994,
        "fault": 0.2951,
        "weapon": 1,
        "pilot_injury": 0.6911,
        "pilot_skill": 0.2716,
        "mission_priority": 0.1906,
        "estimated_landing_time": 100.0,
        "wait_time": 0,
        "Landing_success_rate": 0.929
    },
    {
        "model": 2,
        "sequence": 8,
        "status": 1,
        "fuel": 6169,
        "fault": 0.9402,
        "weapon": 0,
        "pilot_injury": 0.43,
        "pilot_skill": 0.8309,
        "mission_priority": 0.1199,
        "estimated_landing_time": 758.0,
        "wait_time": 0,
        "Landing_success_rate": 0.853
    }
]