[
    {
        "model": 0,
        "sequence": 9,
        "status": 1,
        "fuel": 7238,
        "fault": 0.6387,
        "weapon": 1,
        "pilot_injury": 0.2434,
        "pilot_skill": 0.8422,
        "mission_priority": 0.2093,
        "estimated_landing_time": 852.0,
        "wait_time": 0,
        "Landing_success_rate": 0.8971
    },
    {
        "model": 1,
        "sequence": 1,
        "status": 1,
        "fuel": 6167,
        "fault": 0.6109,
        "weapon": 0,
        "pilot_injury": 0.4025,
        "pilot_skill": 0.92,
        "mission_priority": 0.6503,
        "estimated_landing_time": 100.0,
        "wait_time": 0,
        "Landing_success_rate": 0.8695
    },
    {
        "model": 1,
        "sequence": 10,
        "status": 1,
        "fuel": 6174,
        "fault": 0.7673,
        "weapon": 1,
        "pilot_injury": 0.2586,
        "pilot_skill": 0.3372,
        "mission_priority": 0.4023,
        "estimated_landing_time": 946.0,
        "wait_time": 0,
        "Landing_success_rate": 0.8618
    },
    {
        "model": 2,
        "sequence": 4,
        "status": 1,
        "fuel": 5779,
        "fault": 0.6818,
        "weapon": 1,
        "pilot_injury": 0.1233,
        "pilot_skill": 0.401,
        "mission_priority": 0.3507,
        "estimated_landing_time": 382.0,
        "wait_time": 0,
        "Landing_success_rate": 0.8567
    },
    {
        "model": 2,
        "sequence": 7,
        "status": 1,
        "fuel": 5760,
        "fault": 0.1048,
        "weapon": 1,
        "pilot_injury": 0.1534,
        "pilot_skill": 0.3666,
        "mission_priority": 0.3734,
        "estimated_landing_time": 664.0,
        "wait_time": 0,
        "Landing_success_rate": 0.8675
    },
    {
        "model": 0,
        "sequence": 5,
        "status": 1,
        "fuel": 6964,
        "fault": 0.7806,
        "weapon": 0,
        "pilot_injury": 0.7072,
        "pilot_skill": 0.1904,
        "mission_priority": 0.3667,
        "estimated_landing_time": 476.0,
        "wait_time": 0,
        "Landing_success_rate": 0.8741
    },
    {
        "model": 0,
        "sequence": 2,
        "status": 1,
        "fuel": 5975,
        "fault": 0.0472,
        "weapon": 0,
        "pilot_injury": 0.1214,
        "pilot_skill": 0.9859,
        "mission_priority": 0.7807,
        "estimated_landing_time": 194.0,
        "wait_time": 0,
        "Landing_success_rate": 0.8839
    },
    {
        "model": 2,
        "sequence": 11,
        "status": 1,
        "fuel": 6635,
        "fault": 0.5032,
        "weapon": 1,
        "pilot_injury": 0.9113,
        "pilot_skill": 0.5541,
        "mission_priority": 0.1745,
        "estimated_landing_time": 1040.0,
        "wait_time": 0,
        "Landing_success_rate": 0.8923
    },
    {
        "model": 1,
        "sequence": 12,
        "status": 1,
        "fuel": 6501,
        "fault": 0.9721,
        "weapon": 0,
        "pilot_injury": 0.6442,
        "pilot_skill": 0.6507,
        "mission_priority": 0.8668,
        "estimated_landing_time": 1134.0,
        "wait_time": 0,
        "Landing_success_rate": 0.8521
    },
    {
        "model": 1,
        "sequence": 8,
        "status": 1,
        "fuel": 6274,
        "fault": 0.6658,
        "weapon": 0,
        "pilot_injury": 0.0948,
        "pilot_skill": 0.5441,
        "mission_priority": 0.7405,
        "estimated_landing_time": 758.0,
        "wait_time": 0,
        "Landing_success_rate": 0.8694
    },
    {
        "model": 1,
        "sequence": 3,
        "status": 1,
        "fuel": 6827,
        "fault": 0.4152,
        "weapon": 0,
        "pilot_injury": 0.1668,
        "pilot_skill": 0.7974,
        "mission_priority": 0.7201,
        "estimated_landing_time": 288.0,
        "wait_time": 0,
        "Landing_success_rate": 0.9082
    },
    {
        "model": 0,
        "sequence": 6,
        "status": 1,
        "fuel": 7143,
        "fault": 0.5568,
        "weapon": 0,
        "pilot_injury": 0.174,
        "pilot_skill": 0.3375,
        "mission_priority": 0.0181,
        "estimated_landing_time": 570.0,
        "wait_time": 0,
        "Landing_success_rate": 0.9046
    }
]