[
    {
        "model": 0,
        "sequence": 1,
        "status": 1,
        "fuel": 5528,
        "fault": 0.7672,
        "weapon": 0,
        "pilot_injury": 0.0376,
        "pilot_skill": 0.4798,
        "mission_priority": 0.5808,
        "estimated_landing_time": 100.0,
        "wait_time": 0,
        "Landing_success_rate": 0.8505
    },
    {
        "model": 0,
        "sequence": 6,
        "status": 1,
        "fuel": 7271,
        "fault": 0.9841,
        "weapon": 1,
        "pilot_injury": 0.0917,
        "pilot_skill": 0.3364,
        "mission_priority": 0.5225,
        "estimated_landing_time": 570.0,
        "wait_time": 0,
        "Landing_success_rate": 0.8521
    },
    {
        "model": 1,
        "sequence": 4,
        "status": 1,
        "fuel": 6076,
        "fault": 0.2388,
        "weapon": 0,
        "pilot_injury": 0.4673,
        "pilot_skill": 0.297,
        "mission_priority": 0.8528,
        "estimated_landing_time": 382.0,
        "wait_time": 0,
        "Landing_success_rate": 0.8829
    },
    {
        "model": 0,
        "sequence": 9,
        "status": 1,
        "fuel": 5645,
        "fault": 0.2336,
        "weapon": 0,
        "pilot_injury": 0.2773,
        "pilot_skill": 0.9103,
        "mission_priority": 0.0451,
        "estimated_landing_time": 852.0,
        "wait_time": 0,
        "Landing_success_rate": 0.8583
    },
    {
        "model": 0,
        "sequence": 12,
        "status": 1,
        "fuel": 5898,
        "fault": 0.3843,
        "weapon": 1,
        "pilot_injury": 0.1244,
        "pilot_skill": 0.9564,
        "mission_priority": 0.798,
        "estimated_landing_time": 1134.0,
        "wait_time": 0,
        "Landing_success_rate": 0.8684
    },
    {
        "model": 1,
        "sequence": 11,
        "status": 1,
        "fuel": 6438,
        "fault": 0.5886,
        "weapon": 0,
        "pilot_injury": 0.8791,
        "pilot_skill": 0.9447,
        "mission_priority": 0.4674,
        "estimated_landing_time": 1040.0,
        "wait_time": 0,
        "Landing_success_rate": 0.8789
    },
    {
        "model": 0,
        "sequence": 8,
        "status": 1,
        "fuel": 7368,
        "fault": 0.9892,
        "weapon": 0,
        "pilot_injury": 0.9912,
        "pilot_skill": 0.2317,
        "mission_priority": 0.9427,
        "estimated_landing_time": 758.0,
        "wait_time": 0,
        "Landing_success_rate": 0.8515
    },
    {
        "model": 0,
        "sequence": 5,
        "status": 1,
        "fuel": 7098,
        "fault": 0.2306,
        "weapon": 0,
        "pilot_injury": 0.5127,
        "pilot_skill": 0.2307,
        "mission_priority": 0.1765,
        "estimated_landing_time": 476.0,
        "wait_time": 0,
        "Landing_success_rate": 0.9422
    },
    {
        "model": 1,
        "sequence": 7,
        "status": 1,
        "fuel": 5717,
        "fault": 0.0367,
        "weapon": 1,
        "pilot_injury": 0.7796,
        "pilot_skill": 0.3501,
        "mission_priority": 0.0578,
        "estimated_landing_time": 664.0,
        "wait_time": 0,
        "Landing_success_rate": 0.8657
    },
    {
        "model": 1,
        "sequence": 2,
        "status": 1,
        "fuel": 6570,
        "fault": 0.2163,
        "weapon": 0,
        "pilot_injury": 0.9278,
        "pilot_skill": 0.9949,
        "mission_priority": 0.1739,
        "estimated_landing_time": 194.0,
        "wait_time": 0,
        "Landing_success_rate": 0.9129
    },
    {
        "model": 1,
        "sequence": 10,
        "status": 1,
        "fuel": 7013,
        "fault": 0.5152,
        "weapon": 1,
        "pilot_injury": 0.696,
        "pilot_skill": 0.1539,
        "mission_priority": 0.8158,
        "estimated_landing_time": 946.0,
        "wait_time": 0,
        "Landing_success_rate": 0.905
    },
    {
        "model": 2,
        "sequence": 3,
        "status": 1,
        "fuel": 6280,
        "fault": 0.2238,
        "weapon": 0,
        "pilot_injury": 0.0349,
        "pilot_skill": 0.8949,
        "mission_priority": 0.8601,
        "estimated_landing_time": 288.0,
        "wait_time": 0,
        "Landing_success_rate": 0.8954
    }
]