[
    {
        "model": 0,
        "sequence": 8,
        "status": 1,
        "fuel": 7119,
        "fault": 0.2759,
        "weapon": 0,
        "pilot_injury": 0.0184,
        "pilot_skill": 0.4641,
        "mission_priority": 0.9431,
        "estimated_landing_time": 758.0,
        "wait_time": 0,
        "Landing_success_rate": 0.9379
    },
    {
        "model": 1,
        "sequence": 11,
        "status": 1,
        "fuel": 7260,
        "fault": 0.6253,
        "weapon": 0,
        "pilot_injury": 0.6522,
        "pilot_skill": 0.2511,
        "mission_priority": 0.6504,
        "estimated_landing_time": 1040.0,
        "wait_time": 0,
        "Landing_success_rate": 0.8995
    },
    {
        "model": 2,
        "sequence": 5,
        "status": 1,
        "fuel": 6760,
        "fault": 0.606,
        "weapon": 1,
        "pilot_injury": 0.7014,
        "pilot_skill": 0.1134,
        "mission_priority": 0.9969,
        "estimated_landing_time": 476.0,
        "wait_time": 0,
        "Landing_success_rate": 0.8872
    },
    {
        "model": 1,
        "sequence": 4,
        "status": 1,
        "fuel": 6683,
        "fault": 0.4785,
        "weapon": 1,
        "pilot_injury": 0.4114,
        "pilot_skill": 0.1264,
        "mission_priority": 0.0278,
        "estimated_landing_time": 382.0,
        "wait_time": 0,
        "Landing_success_rate": 0.8963
    },
    {
        "model": 1,
        "sequence": 7,
        "status": 1,
        "fuel": 6021,
        "fault": 0.0816,
        "weapon": 1,
        "pilot_injury": 0.842,
        "pilot_skill": 0.4827,
        "mission_priority": 0.7775,
        "estimated_landing_time": 664.0,
        "wait_time": 0,
        "Landing_success_rate": 0.8859
    },
    {
        "model": 2,
        "sequence": 9,
        "status": 1,
        "fuel": 6958,
        "fault": 0.5481,
        "weapon": 1,
        "pilot_injury": 0.4926,
        "pilot_skill": 0.6334,
        "mission_priority": 0.8055,
        "estimated_landing_time": 852.0,
        "wait_time": 0,
        "Landing_success_rate": 0.8994
    },
    {
        "model": 1,
        "sequence": 2,
        "status": 1,
        "fuel": 6717,
        "fault": 0.0504,
        "weapon": 1,
        "pilot_injury": 0.592,
        "pilot_skill": 0.1659,
        "mission_priority": 0.0247,
        "estimated_landing_time": 194.0,
        "wait_time": 0,
        "Landing_success_rate": 0.9367
    },
    {
        "model": 2,
        "sequence": 6,
        "status": 1,
        "fuel": 6416,
        "fault": 0.0694,
        "weapon": 1,
        "pilot_injury": 0.8398,
        "pilot_skill": 0.1275,
        "mission_priority": 0.8002,
        "estimated_landing_time": 570.0,
        "wait_time": 0,
        "Landing_success_rate": 0.9139
    },
    {
        "model": 1,
        "sequence": 1,
        "status": 1,
        "fuel": 5813,
        "fault": 0.4066,
        "weapon": 1,
        "pilot_injury": 0.8516,
        "pilot_skill": 0.9915,
        "mission_priority": 0.7268,
        "estimated_landing_time": 100.0,
        "wait_time": 0,
        "Landing_success_rate": 0.8639
    },
    {
        "model": 2,
        "sequence": 10,
        "status": 1,
        "fuel": 6138,
        "fault": 0.6978,
        "weapon": 1,
        "pilot_injury": 0.6055,
        "pilot_skill": 0.3079,
        "mission_priority": 0.8375,
        "estimated_landing_time": 946.0,
        "wait_time": 0,
        "Landing_success_rate": 0.8645
    },
    {
        "model": 2,
        "sequence": 12,
        "status": 1,
        "fuel": 5647,
        "fault": 0.9459,
        "weapon": 0,
        "pilot_injury": 0.2536,
        "pilot_skill": 0.7563,
        "mission_priority": 0.0817,
        "estimated_landing_time": 1134.0,
        "wait_time": 0,
        "Landing_success_rate": 0.8506
    },
    {
        "model": 0,
        "sequence": 3,
        "status": 1,
        "fuel": 6464,
        "fault": 0.6618,
        "weapon": 1,
        "pilot_injury": 0.1278,
        "pilot_skill": 0.4424,
        "mission_priority": 0.0425,
        "estimated_landing_time": 288.0,
        "wait_time": 0,
        "Landing_success_rate": 0.8745
    }
]