[
    {
        "model": 1,
        "sequence": 8,
        "status": 1,
        "fuel": 5928,
        "fault": 0.2425,
        "weapon": 1,
        "pilot_injury": 0.2283,
        "pilot_skill": 0.0585,
        "mission_priority": 0.2999,
        "estimated_landing_time": 758.0,
        "wait_time": 0,
        "Landing_success_rate": 0.8743
    },
    {
        "model": 2,
        "sequence": 12,
        "status": 1,
        "fuel": 6245,
        "fault": 0.3694,
        "weapon": 1,
        "pilot_injury": 0.3548,
        "pilot_skill": 0.4,
        "mission_priority": 0.0574,
        "estimated_landing_time": 1134.0,
        "wait_time": 0,
        "Landing_success_rate": 0.8852
    },
    {
        "model": 1,
        "sequence": 5,
        "status": 1,
        "fuel": 7454,
        "fault": 0.5772,
        "weapon": 1,
        "pilot_injury": 0.1517,
        "pilot_skill": 0.5978,
        "mission_priority": 0.6647,
        "estimated_landing_time": 476.0,
        "wait_time": 0,
        "Landing_success_rate": 0.912
    },
    {
        "model": 0,
        "sequence": 10,
        "status": 1,
        "fuel": 6673,
        "fault": 0.0775,
        "weapon": 0,
        "pilot_injury": 0.4107,
        "pilot_skill": 0.5046,
        "mission_priority": 0.0074,
        "estimated_landing_time": 946.0,
        "wait_time": 0,
        "Landing_success_rate": 0.9312
    },
    {
        "model": 2,
        "sequence": 4,
        "status": 1,
        "fuel": 5971,
        "fault": 0.1311,
        "weapon": 1,
        "pilot_injury": 0.0384,
        "pilot_skill": 0.3683,
        "mission_priority": 0.979,
        "estimated_landing_time": 382.0,
        "wait_time": 0,
        "Landing_success_rate": 0.8807
    },
    {
        "model": 1,
        "sequence": 6,
        "status": 1,
        "fuel": 6574,
        "fault": 0.5145,
        "weapon": 0,
        "pilot_injury": 0.9099,
        "pilot_skill": 0.7173,
        "mission_priority": 0.5821,
        "estimated_landing_time": 570.0,
        "wait_time": 0,
        "Landing_success_rate": 0.8891
    },
    {
        "model": 0,
        "sequence": 1,
        "status": 1,
        "fuel": 6890,
        "fault": 0.7174,
        "weapon": 0,
        "pilot_injury": 0.4569,
        "pilot_skill": 0.4751,
        "mission_priority": 0.3861,
        "estimated_landing_time": 100.0,
        "wait_time": 0,
        "Landing_success_rate": 0.8795
    },
    {
        "model": 2,
        "sequence": 2,
        "status": 1,
        "fuel": 6943,
        "fault": 0.7569,
        "weapon": 0,
        "pilot_injury": 0.0832,
        "pilot_skill": 0.863,
        "mission_priority": 0.4806,
        "estimated_landing_time": 194.0,
        "wait_time": 0,
        "Landing_success_rate": 0.8763
    },
    {
        "model": 0,
        "sequence": 7,
        "status": 1,
        "fuel": 6316,
        "fault": 0.1112,
        "weapon": 0,
        "pilot_injury": 0.4172,
        "pilot_skill": 0.8777,
        "mission_priority": 0.204,
        "estimated_landing_time": 664.0,
        "wait_time": 0,
        "Landing_success_rate": 0.9044
    },
    {
        "model": 0,
        "sequence": 9,
        "status": 1,
        "fuel": 7378,
        "fault": 0.1584,
        "weapon": 1,
        "pilot_injury": 0.0546,
        "pilot_skill": 0.9718,
        "mission_priority": 0.5126,
        "estimated_landing_time": 852.0,
        "wait_time": 0,
        "Landing_success_rate": 0.9685
    },
    {
        "model": 0,
        "sequence": 3,
        "status": 1,
        "fuel": 7498,
        "fault": 0.5028,
        "weapon": 0,
        "pilot_injury": 0.8579,
        "pilot_skill": 0.3049,
        "mission_priority": 0.1927,
        "estimated_landing_time": 288.0,
        "wait_time": 0,
        "Landing_success_rate": 0.9245
    },
    {
        "model": 1,
        "sequence": 11,
        "status": 1,
        "fuel": 5561,
        "fault": 0.5132,
        "weapon": 1,
        "pilot_injury": 0.78,
        "pilot_skill": 0.4716,
        "mission_priority": 0.2275,
        "estimated_landing_time": 1040.0,
        "wait_time": 0,
        "Landing_success_rate": 0.8522
    }
]