[
    {
        "model": 1,
        "sequence": 4,
        "status": 1,
        "fuel": 5549,
        "fault": 0.4511,
        "weapon": 1,
        "pilot_injury": 0.5941,
        "pilot_skill": 0.7193,
        "mission_priority": 0.6187,
        "estimated_landing_time": 382.0,
        "wait_time": 0,
        "Landing_success_rate": 0.852
    },
    {
        "model": 0,
        "sequence": 3,
        "status": 1,
        "fuel": 7308,
        "fault": 0.4639,
        "weapon": 0,
        "pilot_injury": 0.2503,
        "pilot_skill": 0.8317,
        "mission_priority": 0.4632,
        "estimated_landing_time": 288.0,
        "wait_time": 0,
        "Landing_success_rate": 0.9227
    },
    {
        "model": 1,
        "sequence": 12,
        "status": 1,
        "fuel": 7061,
        "fault": 0.5331,
        "weapon": 0,
        "pilot_injury": 0.6371,
        "pilot_skill": 0.8987,
        "mission_priority": 0.4565,
        "estimated_landing_time": 1134.0,
        "wait_time": 0,
        "Landing_success_rate": 0.9047
    },
    {
        "model": 2,
        "sequence": 6,
        "status": 1,
        "fuel": 6627,
        "fault": 0.0991,
        "weapon": 0,
        "pilot_injury": 0.4587,
        "pilot_skill": 0.1816,
        "mission_priority": 0.3024,
        "estimated_landing_time": 570.0,
        "wait_time": 0,
        "Landing_success_rate": 0.9261
    },
    {
        "model": 0,
        "sequence": 8,
        "status": 1,
        "fuel": 7044,
        "fault": 0.1646,
        "weapon": 1,
        "pilot_injury": 0.8531,
        "pilot_skill": 0.9336,
        "mission_priority": 0.9326,
        "estimated_landing_time": 758.0,
        "wait_time": 0,
        "Landing_success_rate": 0.9467
    },
    {
        "model": 0,
        "sequence": 11,
        "status": 1,
        "fuel": 6302,
        "fault": 0.5173,
        "weapon": 0,
        "pilot_injury": 0.0282,
        "pilot_skill": 0.8552,
        "mission_priority": 0.3588,
        "estimated_landing_time": 1040.0,
        "wait_time": 0,
        "Landing_success_rate": 0.879
    },
    {
        "model": 2,
        "sequence": 9,
        "status": 1,
        "fuel": 6203,
        "fault": 0.5858,
        "weapon": 0,
        "pilot_injury": 0.4298,
        "pilot_skill": 0.3064,
        "mission_priority": 0.9622,
        "estimated_landing_time": 852.0,
        "wait_time": 0,
        "Landing_success_rate": 0.8718
    },
    {
        "model": 2,
        "sequence": 2,
        "status": 1,
        "fuel": 6334,
        "fault": 0.2455,
        "weapon": 1,
        "pilot_injury": 0.4796,
        "pilot_skill": 0.9728,
        "mission_priority": 0.0049,
        "estimated_landing_time": 194.0,
        "wait_time": 0,
        "Landing_success_rate": 0.8972
    },
    {
        "model": 0,
        "sequence": 1,
        "status": 1,
        "fuel": 5528,
        "fault": 0.8925,
        "weapon": 0,
        "pilot_injury": 0.5092,
        "pilot_skill": 0.0247,
        "mission_priority": 0.4069,
        "estimated_landing_time": 100.0,
        "wait_time": 0,
        "Landing_success_rate": 0.8502
    },
    {
        "model": 2,
        "sequence": 7,
        "status": 1,
        "fuel": 6547,
        "fault": 0.3894,
        "weapon": 1,
        "pilot_injury": 0.996,
        "pilot_skill": 0.8005,
        "mission_priority": 0.8456,
        "estimated_landing_time": 664.0,
        "wait_time": 0,
        "Landing_success_rate": 0.8979
    },
    {
        "model": 1,
        "sequence": 10,
        "status": 1,
        "fuel": 5995,
        "fault": 0.2813,
        "weapon": 1,
        "pilot_injury": 0.2068,
        "pilot_skill": 0.9251,
        "mission_priority": 0.3661,
        "estimated_landing_time": 946.0,
        "wait_time": 0,
        "Landing_success_rate": 0.8767
    },
    {
        "model": 1,
        "sequence": 5,
        "status": 1,
        "fuel": 7468,
        "fault": 0.9656,
        "weapon": 1,
        "pilot_injury": 0.2995,
        "pilot_skill": 0.2689,
        "mission_priority": 0.998,
        "estimated_landing_time": 476.0,
        "wait_time": 0,
        "Landing_success_rate": 0.8551
    }
]