[
    {
        "model": 2,
        "sequence": 11,
        "status": 1,
        "fuel": 7268,
        "fault": 0.3506,
        "weapon": 0,
        "pilot_injury": 0.8245,
        "pilot_skill": 0.3578,
        "mission_priority": 0.3221,
        "estimated_landing_time": 1040.0,
        "wait_time": 0,
        "Landing_success_rate": 0.9361
    },
    {
        "model": 0,
        "sequence": 3,
        "status": 1,
        "fuel": 6689,
        "fault": 0.5675,
        "weapon": 1,
        "pilot_injury": 0.6932,
        "pilot_skill": 0.8214,
        "mission_priority": 0.0412,
        "estimated_landing_time": 288.0,
        "wait_time": 0,
        "Landing_success_rate": 0.8886
    },
    {
        "model": 0,
        "sequence": 5,
        "status": 1,
        "fuel": 5927,
        "fault": 0.1046,
        "weapon": 0,
        "pilot_injury": 0.1242,
        "pilot_skill": 0.8962,
        "mission_priority": 0.5948,
        "estimated_landing_time": 476.0,
        "wait_time": 0,
        "Landing_success_rate": 0.8787
    },
    {
        "model": 0,
        "sequence": 7,
        "status": 1,
        "fuel": 6596,
        "fault": 0.052,
        "weapon": 1,
        "pilot_injury": 0.2988,
        "pilot_skill": 0.9352,
        "mission_priority": 0.9474,
        "estimated_landing_time": 664.0,
        "wait_time": 0,
        "Landing_success_rate": 0.9279
    },
    {
        "model": 1,
        "sequence": 9,
        "status": 1,
        "fuel": 7383,
        "fault": 0.8017,
        "weapon": 1,
        "pilot_injury": 0.6123,
        "pilot_skill": 0.4844,
        "mission_priority": 0.6608,
        "estimated_landing_time": 852.0,
        "wait_time": 0,
        "Landing_success_rate": 0.878
    },
    {
        "model": 0,
        "sequence": 10,
        "status": 1,
        "fuel": 5707,
        "fault": 0.5476,
        "weapon": 1,
        "pilot_injury": 0.7838,
        "pilot_skill": 0.4809,
        "mission_priority": 0.0408,
        "estimated_landing_time": 946.0,
        "wait_time": 0,
        "Landing_success_rate": 0.857
    },
    {
        "model": 2,
        "sequence": 8,
        "status": 1,
        "fuel": 7223,
        "fault": 0.7316,
        "weapon": 0,
        "pilot_injury": 0.7248,
        "pilot_skill": 0.5933,
        "mission_priority": 0.6503,
        "estimated_landing_time": 758.0,
        "wait_time": 0,
        "Landing_success_rate": 0.8847
    },
    {
        "model": 1,
        "sequence": 2,
        "status": 1,
        "fuel": 7060,
        "fault": 0.8718,
        "weapon": 1,
        "pilot_injury": 0.329,
        "pilot_skill": 0.4702,
        "mission_priority": 0.7443,
        "estimated_landing_time": 194.0,
        "wait_time": 0,
        "Landing_success_rate": 0.865
    },
    {
        "model": 2,
        "sequence": 1,
        "status": 1,
        "fuel": 7256,
        "fault": 0.7897,
        "weapon": 0,
        "pilot_injury": 0.0437,
        "pilot_skill": 0.1617,
        "mission_priority": 0.0209,
        "estimated_landing_time": 100.0,
        "wait_time": 0,
        "Landing_success_rate": 0.8777
    },
    {
        "model": 0,
        "sequence": 4,
        "status": 1,
        "fuel": 7246,
        "fault": 0.2285,
        "weapon": 1,
        "pilot_injury": 0.5425,
        "pilot_skill": 0.4933,
        "mission_priority": 0.0815,
        "estimated_landing_time": 382.0,
        "wait_time": 0,
        "Landing_success_rate": 0.951
    },
    {
        "model": 0,
        "sequence": 12,
        "status": 1,
        "fuel": 6254,
        "fault": 0.6802,
        "weapon": 0,
        "pilot_injury": 0.4184,
        "pilot_skill": 0.2036,
        "mission_priority": 0.8405,
        "estimated_landing_time": 1134.0,
        "wait_time": 0,
        "Landing_success_rate": 0.8681
    },
    {
        "model": 0,
        "sequence": 6,
        "status": 1,
        "fuel": 7340,
        "fault": 0.8683,
        "weapon": 0,
        "pilot_injury": 0.4159,
        "pilot_skill": 0.8462,
        "mission_priority": 0.6288,
        "estimated_landing_time": 570.0,
        "wait_time": 0,
        "Landing_success_rate": 0.8682
    }
]