[
    {
        "model": 1,
        "sequence": 2,
        "status": 1,
        "fuel": 6756,
        "fault": 0.2193,
        "weapon": 0,
        "pilot_injury": 0.6035,
        "pilot_skill": 0.3578,
        "mission_priority": 0.6478,
        "estimated_landing_time": 194.0,
        "wait_time": 0,
        "Landing_success_rate": 0.9235
    },
    {
        "model": 1,
        "sequence": 4,
        "status": 1,
        "fuel": 6225,
        "fault": 0.1878,
        "weapon": 0,
        "pilot_injury": 0.5031,
        "pilot_skill": 0.4493,
        "mission_priority": 0.5859,
        "estimated_landing_time": 382.0,
        "wait_time": 0,
        "Landing_success_rate": 0.8942
    },
    {
        "model": 1,
        "sequence": 1,
        "status": 1,
        "fuel": 6979,
        "fault": 0.5547,
        "weapon": 1,
        "pilot_injury": 0.6826,
        "pilot_skill": 0.2419,
        "mission_priority": 0.714,
        "estimated_landing_time": 100.0,
        "wait_time": 0,
        "Landing_success_rate": 0.8994
    },
    {
        "model": 1,
        "sequence": 10,
        "status": 1,
        "fuel": 6511,
        "fault": 0.3032,
        "weapon": 0,
        "pilot_injury": 0.5525,
        "pilot_skill": 0.5202,
        "mission_priority": 0.1429,
        "estimated_landing_time": 946.0,
        "wait_time": 0,
        "Landing_success_rate": 0.9028
    },
    {
        "model": 1,
        "sequence": 9,
        "status": 1,
        "fuel": 6994,
        "fault": 0.7207,
        "weapon": 1,
        "pilot_injury": 0.4967,
        "pilot_skill": 0.2843,
        "mission_priority": 0.1338,
        "estimated_landing_time": 852.0,
        "wait_time": 0,
        "Landing_success_rate": 0.8813
    },
    {
        "model": 1,
        "sequence": 5,
        "status": 1,
        "fuel": 5853,
        "fault": 0.7217,
        "weapon": 0,
        "pilot_injury": 0.7486,
        "pilot_skill": 0.3176,
        "mission_priority": 0.0001,
        "estimated_landing_time": 476.0,
        "wait_time": 0,
        "Landing_success_rate": 0.8574
    },
    {
        "model": 0,
        "sequence": 6,
        "status": 1,
        "fuel": 6517,
        "fault": 0.783,
        "weapon": 1,
        "pilot_injury": 0.2762,
        "pilot_skill": 0.707,
        "mission_priority": 0.0627,
        "estimated_landing_time": 570.0,
        "wait_time": 0,
        "Landing_success_rate": 0.8666
    },
    {
        "model": 2,
        "sequence": 3,
        "status": 1,
        "fuel": 6317,
        "fault": 0.467,
        "weapon": 1,
        "pilot_injury": 0.2468,
        "pilot_skill": 0.7409,
        "mission_priority": 0.3163,
        "estimated_landing_time": 288.0,
        "wait_time": 0,
        "Landing_success_rate": 0.8827
    },
    {
        "model": 2,
        "sequence": 11,
        "status": 1,
        "fuel": 7174,
        "fault": 0.8267,
        "weapon": 0,
        "pilot_injury": 0.2704,
        "pilot_skill": 0.8427,
        "mission_priority": 0.3133,
        "estimated_landing_time": 1040.0,
        "wait_time": 0,
        "Landing_success_rate": 0.8718
    },
    {
        "model": 1,
        "sequence": 12,
        "status": 1,
        "fuel": 6111,
        "fault": 0.9072,
        "weapon": 0,
        "pilot_injury": 0.4338,
        "pilot_skill": 0.9099,
        "mission_priority": 0.3773,
        "estimated_landing_time": 1134.0,
        "wait_time": 0,
        "Landing_success_rate": 0.8543
    },
    {
        "model": 2,
        "sequence": 7,
        "status": 1,
        "fuel": 7495,
        "fault": 0.6751,
        "weapon": 0,
        "pilot_injury": 0.687,
        "pilot_skill": 0.4938,
        "mission_priority": 0.3876,
        "estimated_landing_time": 664.0,
        "wait_time": 0,
        "Landing_success_rate": 0.8986
    },
    {
        "model": 2,
        "sequence": 8,
        "status": 1,
        "fuel": 7252,
        "fault": 0.7039,
        "weapon": 1,
        "pilot_injury": 0.1391,
        "pilot_skill": 0.2542,
        "mission_priority": 0.8755,
        "estimated_landing_time": 758.0,
        "wait_time": 0,
        "Landing_success_rate": 0.8889
    }
]