[
    {
        "model": 2,
        "sequence": 3,
        "status": 1,
        "fuel": 7008,
        "fault": 0.3411,
        "weapon": 1,
        "pilot_injury": 0.5621,
        "pilot_skill": 0.0059,
        "mission_priority": 0.0785,
        "estimated_landing_time": 288.0,
        "wait_time": 0,
        "Landing_success_rate": 0.9245
    },
    {
        "model": 0,
        "sequence": 12,
        "status": 1,
        "fuel": 5727,
        "fault": 0.6368,
        "weapon": 1,
        "pilot_injury": 0.7068,
        "pilot_skill": 0.92,
        "mission_priority": 0.2707,
        "estimated_landing_time": 1134.0,
        "wait_time": 0,
        "Landing_success_rate": 0.8562
    },
    {
        "model": 2,
        "sequence": 9,
        "status": 1,
        "fuel": 7255,
        "fault": 0.9256,
        "weapon": 0,
        "pilot_injury": 0.8817,
        "pilot_skill": 0.9419,
        "mission_priority": 0.7396,
        "estimated_landing_time": 852.0,
        "wait_time": 0,
        "Landing_success_rate": 0.8598
    },
    {
        "model": 1,
        "sequence": 1,
        "status": 1,
        "fuel": 7159,
        "fault": 0.5018,
        "weapon": 1,
        "pilot_injury": 0.4103,
        "pilot_skill": 0.4707,
        "mission_priority": 0.0491,
        "estimated_landing_time": 100.0,
        "wait_time": 0,
        "Landing_success_rate": 0.912
    },
    {
        "model": 0,
        "sequence": 11,
        "status": 1,
        "fuel": 6229,
        "fault": 0.2499,
        "weapon": 0,
        "pilot_injury": 0.454,
        "pilot_skill": 0.3017,
        "mission_priority": 0.384,
        "estimated_landing_time": 1040.0,
        "wait_time": 0,
        "Landing_success_rate": 0.891
    },
    {
        "model": 0,
        "sequence": 10,
        "status": 1,
        "fuel": 6842,
        "fault": 0.4829,
        "weapon": 0,
        "pilot_injury": 0.2723,
        "pilot_skill": 0.1175,
        "mission_priority": 0.252,
        "estimated_landing_time": 946.0,
        "wait_time": 0,
        "Landing_success_rate": 0.902
    },
    {
        "model": 1,
        "sequence": 8,
        "status": 1,
        "fuel": 5976,
        "fault": 0.9019,
        "weapon": 1,
        "pilot_injury": 0.5335,
        "pilot_skill": 0.5964,
        "mission_priority": 0.366,
        "estimated_landing_time": 758.0,
        "wait_time": 0,
        "Landing_success_rate": 0.8535
    },
    {
        "model": 0,
        "sequence": 4,
        "status": 1,
        "fuel": 5702,
        "fault": 0.5201,
        "weapon": 1,
        "pilot_injury": 0.1167,
        "pilot_skill": 0.1291,
        "mission_priority": 0.5369,
        "estimated_landing_time": 382.0,
        "wait_time": 0,
        "Landing_success_rate": 0.8573
    },
    {
        "model": 0,
        "sequence": 5,
        "status": 1,
        "fuel": 5715,
        "fault": 0.7819,
        "weapon": 0,
        "pilot_injury": 0.8695,
        "pilot_skill": 0.7641,
        "mission_priority": 0.2478,
        "estimated_landing_time": 476.0,
        "wait_time": 0,
        "Landing_success_rate": 0.8535
    },
    {
        "model": 1,
        "sequence": 6,
        "status": 1,
        "fuel": 5633,
        "fault": 0.6728,
        "weapon": 1,
        "pilot_injury": 0.7285,
        "pilot_skill": 0.1997,
        "mission_priority": 0.3713,
        "estimated_landing_time": 570.0,
        "wait_time": 0,
        "Landing_success_rate": 0.8533
    },
    {
        "model": 0,
        "sequence": 7,
        "status": 1,
        "fuel": 6357,
        "fault": 0.2009,
        "weapon": 1,
        "pilot_injury": 0.1132,
        "pilot_skill": 0.4064,
        "mission_priority": 0.4851,
        "estimated_landing_time": 664.0,
        "wait_time": 0,
        "Landing_success_rate": 0.9014
    },
    {
        "model": 0,
        "sequence": 2,
        "status": 1,
        "fuel": 6629,
        "fault": 0.7672,
        "weapon": 1,
        "pilot_injury": 0.1717,
        "pilot_skill": 0.8078,
        "mission_priority": 0.6929,
        "estimated_landing_time": 194.0,
        "wait_time": 0,
        "Landing_success_rate": 0.8697
    }
]