[
    {
        "model": 2,
        "sequence": 6,
        "status": 1,
        "fuel": 5505,
        "fault": 0.5788,
        "weapon": 1,
        "pilot_injury": 0.7769,
        "pilot_skill": 0.0708,
        "mission_priority": 0.6604,
        "estimated_landing_time": 570.0,
        "wait_time": 0,
        "Landing_success_rate": 0.8502
    },
    {
        "model": 0,
        "sequence": 3,
        "status": 1,
        "fuel": 6525,
        "fault": 0.0562,
        "weapon": 0,
        "pilot_injury": 0.4972,
        "pilot_skill": 0.9503,
        "mission_priority": 0.2999,
        "estimated_landing_time": 288.0,
        "wait_time": 0,
        "Landing_success_rate": 0.9226
    },
    {
        "model": 0,
        "sequence": 11,
        "status": 1,
        "fuel": 7484,
        "fault": 0.3142,
        "weapon": 0,
        "pilot_injury": 0.033,
        "pilot_skill": 0.9539,
        "mission_priority": 0.2099,
        "estimated_landing_time": 1040.0,
        "wait_time": 0,
        "Landing_success_rate": 0.952
    },
    {
        "model": 1,
        "sequence": 12,
        "status": 1,
        "fuel": 7294,
        "fault": 0.7122,
        "weapon": 0,
        "pilot_injury": 0.2177,
        "pilot_skill": 0.6212,
        "mission_priority": 0.0481,
        "estimated_landing_time": 1134.0,
        "wait_time": 0,
        "Landing_success_rate": 0.8887
    },
    {
        "model": 2,
        "sequence": 10,
        "status": 1,
        "fuel": 6344,
        "fault": 0.2117,
        "weapon": 0,
        "pilot_injury": 0.9211,
        "pilot_skill": 0.9761,
        "mission_priority": 0.2223,
        "estimated_landing_time": 946.0,
        "wait_time": 0,
        "Landing_success_rate": 0.8999
    },
    {
        "model": 1,
        "sequence": 4,
        "status": 1,
        "fuel": 5515,
        "fault": 0.7537,
        "weapon": 0,
        "pilot_injury": 0.2329,
        "pilot_skill": 0.1568,
        "mission_priority": 0.6834,
        "estimated_landing_time": 382.0,
        "wait_time": 0,
        "Landing_success_rate": 0.8503
    },
    {
        "model": 0,
        "sequence": 8,
        "status": 1,
        "fuel": 7302,
        "fault": 0.8327,
        "weapon": 1,
        "pilot_injury": 0.3095,
        "pilot_skill": 0.448,
        "mission_priority": 0.4055,
        "estimated_landing_time": 758.0,
        "wait_time": 0,
        "Landing_success_rate": 0.8726
    },
    {
        "model": 2,
        "sequence": 2,
        "status": 1,
        "fuel": 5893,
        "fault": 0.0023,
        "weapon": 1,
        "pilot_injury": 0.2948,
        "pilot_skill": 0.3545,
        "mission_priority": 0.5646,
        "estimated_landing_time": 194.0,
        "wait_time": 0,
        "Landing_success_rate": 0.8794
    },
    {
        "model": 1,
        "sequence": 7,
        "status": 1,
        "fuel": 5814,
        "fault": 0.4578,
        "weapon": 1,
        "pilot_injury": 0.2657,
        "pilot_skill": 0.8958,
        "mission_priority": 0.1035,
        "estimated_landing_time": 664.0,
        "wait_time": 0,
        "Landing_success_rate": 0.8628
    },
    {
        "model": 1,
        "sequence": 1,
        "status": 1,
        "fuel": 7114,
        "fault": 0.2056,
        "weapon": 0,
        "pilot_injury": 0.1687,
        "pilot_skill": 0.9683,
        "mission_priority": 0.4529,
        "estimated_landing_time": 100.0,
        "wait_time": 0,
        "Landing_success_rate": 0.9462
    },
    {
        "model": 1,
        "sequence": 5,
        "status": 1,
        "fuel": 6175,
        "fault": 0.1902,
        "weapon": 0,
        "pilot_injury": 0.3016,
        "pilot_skill": 0.1883,
        "mission_priority": 0.3037,
        "estimated_landing_time": 476.0,
        "wait_time": 0,
        "Landing_success_rate": 0.891
    },
    {
        "model": 0,
        "sequence": 9,
        "status": 1,
        "fuel": 6833,
        "fault": 0.3357,
        "weapon": 0,
        "pilot_injury": 0.1047,
        "pilot_skill": 0.4229,
        "mission_priority": 0.7956,
        "estimated_landing_time": 852.0,
        "wait_time": 0,
        "Landing_success_rate": 0.9164
    }
]