[
    {
        "model": 1,
        "sequence": 9,
        "status": 1,
        "fuel": 7011,
        "fault": 0.3931,
        "weapon": 1,
        "pilot_injury": 0.9955,
        "pilot_skill": 0.9115,
        "mission_priority": 0.2215,
        "estimated_landing_time": 852.0,
        "wait_time": 0,
        "Landing_success_rate": 0.9188
    },
    {
        "model": 2,
        "sequence": 11,
        "status": 1,
        "fuel": 6045,
        "fault": 0.3691,
        "weapon": 1,
        "pilot_injury": 0.5276,
        "pilot_skill": 0.1716,
        "mission_priority": 0.1675,
        "estimated_landing_time": 1040.0,
        "wait_time": 0,
        "Landing_success_rate": 0.8758
    },
    {
        "model": 0,
        "sequence": 10,
        "status": 1,
        "fuel": 7490,
        "fault": 0.8799,
        "weapon": 0,
        "pilot_injury": 0.1219,
        "pilot_skill": 0.4159,
        "mission_priority": 0.0631,
        "estimated_landing_time": 946.0,
        "wait_time": 0,
        "Landing_success_rate": 0.8679
    },
    {
        "model": 0,
        "sequence": 1,
        "status": 1,
        "fuel": 6870,
        "fault": 0.25,
        "weapon": 0,
        "pilot_injury": 0.4513,
        "pilot_skill": 0.8692,
        "mission_priority": 0.5301,
        "estimated_landing_time": 100.0,
        "wait_time": 0,
        "Landing_success_rate": 0.9271
    },
    {
        "model": 2,
        "sequence": 5,
        "status": 1,
        "fuel": 5839,
        "fault": 0.4222,
        "weapon": 0,
        "pilot_injury": 0.8176,
        "pilot_skill": 0.8951,
        "mission_priority": 0.8532,
        "estimated_landing_time": 476.0,
        "wait_time": 0,
        "Landing_success_rate": 0.8647
    },
    {
        "model": 2,
        "sequence": 3,
        "status": 1,
        "fuel": 6651,
        "fault": 0.419,
        "weapon": 0,
        "pilot_injury": 0.2769,
        "pilot_skill": 0.0461,
        "mission_priority": 0.9308,
        "estimated_landing_time": 288.0,
        "wait_time": 0,
        "Landing_success_rate": 0.9002
    },
    {
        "model": 0,
        "sequence": 8,
        "status": 1,
        "fuel": 7458,
        "fault": 0.3209,
        "weapon": 1,
        "pilot_injury": 0.3116,
        "pilot_skill": 0.8457,
        "mission_priority": 0.2596,
        "estimated_landing_time": 758.0,
        "wait_time": 0,
        "Landing_success_rate": 0.9497
    },
    {
        "model": 2,
        "sequence": 7,
        "status": 1,
        "fuel": 5947,
        "fault": 0.345,
        "weapon": 0,
        "pilot_injury": 0.5708,
        "pilot_skill": 0.4787,
        "mission_priority": 0.8621,
        "estimated_landing_time": 664.0,
        "wait_time": 0,
        "Landing_success_rate": 0.872
    },
    {
        "model": 1,
        "sequence": 4,
        "status": 1,
        "fuel": 7357,
        "fault": 0.0002,
        "weapon": 1,
        "pilot_injury": 0.513,
        "pilot_skill": 0.2814,
        "mission_priority": 0.8222,
        "estimated_landing_time": 382.0,
        "wait_time": 0,
        "Landing_success_rate": 0.9892
    },
    {
        "model": 1,
        "sequence": 12,
        "status": 1,
        "fuel": 5656,
        "fault": 0.1204,
        "weapon": 1,
        "pilot_injury": 0.8762,
        "pilot_skill": 0.7228,
        "mission_priority": 0.2318,
        "estimated_landing_time": 1134.0,
        "wait_time": 0,
        "Landing_success_rate": 0.8603
    },
    {
        "model": 1,
        "sequence": 6,
        "status": 1,
        "fuel": 6012,
        "fault": 0.1191,
        "weapon": 1,
        "pilot_injury": 0.2422,
        "pilot_skill": 0.073,
        "mission_priority": 0.744,
        "estimated_landing_time": 570.0,
        "wait_time": 0,
        "Landing_success_rate": 0.8838
    },
    {
        "model": 1,
        "sequence": 2,
        "status": 1,
        "fuel": 5660,
        "fault": 0.7187,
        "weapon": 0,
        "pilot_injury": 0.7494,
        "pilot_skill": 0.9178,
        "mission_priority": 0.108,
        "estimated_landing_time": 194.0,
        "wait_time": 0,
        "Landing_success_rate": 0.8534
    }
]