[
    {
        "model": 0,
        "sequence": 3,
        "status": 1,
        "fuel": 7112,
        "fault": 0.5031,
        "weapon": 0,
        "pilot_injury": 0.7328,
        "pilot_skill": 0.3363,
        "mission_priority": 0.3286,
        "estimated_landing_time": 288.0,
        "wait_time": 0,
        "Landing_success_rate": 0.9101
    },
    {
        "model": 2,
        "sequence": 12,
        "status": 1,
        "fuel": 6326,
        "fault": 0.4347,
        "weapon": 1,
        "pilot_injury": 0.1806,
        "pilot_skill": 0.4856,
        "mission_priority": 0.7042,
        "estimated_landing_time": 1134.0,
        "wait_time": 0,
        "Landing_success_rate": 0.885
    },
    {
        "model": 1,
        "sequence": 6,
        "status": 1,
        "fuel": 5920,
        "fault": 0.7672,
        "weapon": 0,
        "pilot_injury": 0.0751,
        "pilot_skill": 0.5357,
        "mission_priority": 0.8545,
        "estimated_landing_time": 570.0,
        "wait_time": 0,
        "Landing_success_rate": 0.8573
    },
    {
        "model": 0,
        "sequence": 8,
        "status": 1,
        "fuel": 6442,
        "fault": 0.9317,
        "weapon": 1,
        "pilot_injury": 0.1063,
        "pilot_skill": 0.842,
        "mission_priority": 0.4829,
        "estimated_landing_time": 758.0,
        "wait_time": 0,
        "Landing_success_rate": 0.8548
    },
    {
        "model": 2,
        "sequence": 2,
        "status": 1,
        "fuel": 6854,
        "fault": 0.4606,
        "weapon": 0,
        "pilot_injury": 0.477,
        "pilot_skill": 0.8349,
        "mission_priority": 0.7559,
        "estimated_landing_time": 194.0,
        "wait_time": 0,
        "Landing_success_rate": 0.9048
    },
    {
        "model": 2,
        "sequence": 1,
        "status": 1,
        "fuel": 7468,
        "fault": 0.8962,
        "weapon": 1,
        "pilot_injury": 0.1154,
        "pilot_skill": 0.8015,
        "mission_priority": 0.5294,
        "estimated_landing_time": 100.0,
        "wait_time": 0,
        "Landing_success_rate": 0.8653
    },
    {
        "model": 1,
        "sequence": 5,
        "status": 1,
        "fuel": 6804,
        "fault": 0.2297,
        "weapon": 0,
        "pilot_injury": 0.8588,
        "pilot_skill": 0.6289,
        "mission_priority": 0.7628,
        "estimated_landing_time": 476.0,
        "wait_time": 0,
        "Landing_success_rate": 0.9253
    },
    {
        "model": 1,
        "sequence": 11,
        "status": 1,
        "fuel": 6759,
        "fault": 0.0523,
        "weapon": 0,
        "pilot_injury": 0.2741,
        "pilot_skill": 0.8012,
        "mission_priority": 0.3772,
        "estimated_landing_time": 1040.0,
        "wait_time": 0,
        "Landing_success_rate": 0.9395
    },
    {
        "model": 0,
        "sequence": 7,
        "status": 1,
        "fuel": 7385,
        "fault": 0.4161,
        "weapon": 0,
        "pilot_injury": 0.0582,
        "pilot_skill": 0.927,
        "mission_priority": 0.6485,
        "estimated_landing_time": 664.0,
        "wait_time": 0,
        "Landing_success_rate": 0.9325
    },
    {
        "model": 2,
        "sequence": 4,
        "status": 1,
        "fuel": 6633,
        "fault": 0.1728,
        "weapon": 1,
        "pilot_injury": 0.6723,
        "pilot_skill": 0.5312,
        "mission_priority": 0.0989,
        "estimated_landing_time": 382.0,
        "wait_time": 0,
        "Landing_success_rate": 0.9203
    },
    {
        "model": 2,
        "sequence": 9,
        "status": 1,
        "fuel": 5593,
        "fault": 0.9344,
        "weapon": 1,
        "pilot_injury": 0.1722,
        "pilot_skill": 0.8505,
        "mission_priority": 0.8778,
        "estimated_landing_time": 852.0,
        "wait_time": 0,
        "Landing_success_rate": 0.8505
    },
    {
        "model": 1,
        "sequence": 10,
        "status": 1,
        "fuel": 6150,
        "fault": 0.0396,
        "weapon": 0,
        "pilot_injury": 0.3822,
        "pilot_skill": 0.2818,
        "mission_priority": 0.722,
        "estimated_landing_time": 946.0,
        "wait_time": 0,
        "Landing_success_rate": 0.8968
    }
]