[
    {
        "model": 1,
        "sequence": 10,
        "status": 1,
        "fuel": 6942,
        "fault": 0.7863,
        "weapon": 0,
        "pilot_injury": 0.9922,
        "pilot_skill": 0.8514,
        "mission_priority": 0.2085,
        "estimated_landing_time": 946.0,
        "wait_time": 0,
        "Landing_success_rate": 0.8731
    },
    {
        "model": 0,
        "sequence": 5,
        "status": 1,
        "fuel": 6762,
        "fault": 0.3972,
        "weapon": 1,
        "pilot_injury": 0.8174,
        "pilot_skill": 0.3806,
        "mission_priority": 0.878,
        "estimated_landing_time": 476.0,
        "wait_time": 0,
        "Landing_success_rate": 0.9071
    },
    {
        "model": 1,
        "sequence": 11,
        "status": 1,
        "fuel": 7193,
        "fault": 0.7214,
        "weapon": 0,
        "pilot_injury": 0.79,
        "pilot_skill": 0.3047,
        "mission_priority": 0.0809,
        "estimated_landing_time": 1040.0,
        "wait_time": 0,
        "Landing_success_rate": 0.8854
    },
    {
        "model": 0,
        "sequence": 7,
        "status": 1,
        "fuel": 6928,
        "fault": 0.0229,
        "weapon": 0,
        "pilot_injury": 0.695,
        "pilot_skill": 0.3461,
        "mission_priority": 0.9756,
        "estimated_landing_time": 664.0,
        "wait_time": 0,
        "Landing_success_rate": 0.9546
    },
    {
        "model": 2,
        "sequence": 8,
        "status": 1,
        "fuel": 7291,
        "fault": 0.9327,
        "weapon": 1,
        "pilot_injury": 0.1325,
        "pilot_skill": 0.862,
        "mission_priority": 0.9228,
        "estimated_landing_time": 758.0,
        "wait_time": 0,
        "Landing_success_rate": 0.859
    },
    {
        "model": 1,
        "sequence": 2,
        "status": 1,
        "fuel": 7305,
        "fault": 0.1392,
        "weapon": 1,
        "pilot_injury": 0.7648,
        "pilot_skill": 0.1748,
        "mission_priority": 0.5026,
        "estimated_landing_time": 194.0,
        "wait_time": 0,
        "Landing_success_rate": 0.9665
    },
    {
        "model": 0,
        "sequence": 6,
        "status": 1,
        "fuel": 7460,
        "fault": 0.8252,
        "weapon": 0,
        "pilot_injury": 0.3675,
        "pilot_skill": 0.0682,
        "mission_priority": 0.0258,
        "estimated_landing_time": 570.0,
        "wait_time": 0,
        "Landing_success_rate": 0.8757
    },
    {
        "model": 1,
        "sequence": 4,
        "status": 1,
        "fuel": 6036,
        "fault": 0.2326,
        "weapon": 0,
        "pilot_injury": 0.5495,
        "pilot_skill": 0.9658,
        "mission_priority": 0.4325,
        "estimated_landing_time": 382.0,
        "wait_time": 0,
        "Landing_success_rate": 0.8808
    },
    {
        "model": 0,
        "sequence": 3,
        "status": 1,
        "fuel": 7176,
        "fault": 0.9364,
        "weapon": 1,
        "pilot_injury": 0.4395,
        "pilot_skill": 0.1057,
        "mission_priority": 0.6408,
        "estimated_landing_time": 288.0,
        "wait_time": 0,
        "Landing_success_rate": 0.858
    },
    {
        "model": 0,
        "sequence": 1,
        "status": 1,
        "fuel": 7384,
        "fault": 0.0177,
        "weapon": 1,
        "pilot_injury": 0.6502,
        "pilot_skill": 0.152,
        "mission_priority": 0.0613,
        "estimated_landing_time": 100.0,
        "wait_time": 0,
        "Landing_success_rate": 0.9888
    },
    {
        "model": 1,
        "sequence": 12,
        "status": 1,
        "fuel": 6990,
        "fault": 0.1918,
        "weapon": 0,
        "pilot_injury": 0.0582,
        "pilot_skill": 0.9949,
        "mission_priority": 0.0578,
        "estimated_landing_time": 1134.0,
        "wait_time": 0,
        "Landing_success_rate": 0.9403
    },
    {
        "model": 2,
        "sequence": 9,
        "status": 1,
        "fuel": 6579,
        "fault": 0.2974,
        "weapon": 0,
        "pilot_injury": 0.2392,
        "pilot_skill": 0.1422,
        "mission_priority": 0.1214,
        "estimated_landing_time": 852.0,
        "wait_time": 0,
        "Landing_success_rate": 0.9069
    }
]