[
    {
        "model": 1,
        "sequence": 7,
        "status": 1,
        "fuel": 5590,
        "fault": 0.9316,
        "weapon": 1,
        "pilot_injury": 0.873,
        "pilot_skill": 0.5231,
        "mission_priority": 0.6997,
        "estimated_landing_time": 664.0,
        "wait_time": 0,
        "Landing_success_rate": 0.8505
    },
    {
        "model": 0,
        "sequence": 2,
        "status": 1,
        "fuel": 7075,
        "fault": 0.3995,
        "weapon": 0,
        "pilot_injury": 0.9427,
        "pilot_skill": 0.0827,
        "mission_priority": 0.2539,
        "estimated_landing_time": 194.0,
        "wait_time": 0,
        "Landing_success_rate": 0.9209
    },
    {
        "model": 0,
        "sequence": 10,
        "status": 1,
        "fuel": 5691,
        "fault": 0.1045,
        "weapon": 0,
        "pilot_injury": 0.0757,
        "pilot_skill": 0.3615,
        "mission_priority": 0.0922,
        "estimated_landing_time": 946.0,
        "wait_time": 0,
        "Landing_success_rate": 0.8628
    },
    {
        "model": 1,
        "sequence": 11,
        "status": 1,
        "fuel": 6369,
        "fault": 0.2147,
        "weapon": 0,
        "pilot_injury": 0.8957,
        "pilot_skill": 0.7835,
        "mission_priority": 0.6997,
        "estimated_landing_time": 1040.0,
        "wait_time": 0,
        "Landing_success_rate": 0.9012
    },
    {
        "model": 0,
        "sequence": 4,
        "status": 1,
        "fuel": 6318,
        "fault": 0.6587,
        "weapon": 1,
        "pilot_injury": 0.2231,
        "pilot_skill": 0.8731,
        "mission_priority": 0.7895,
        "estimated_landing_time": 382.0,
        "wait_time": 0,
        "Landing_success_rate": 0.8709
    },
    {
        "model": 2,
        "sequence": 3,
        "status": 1,
        "fuel": 7491,
        "fault": 0.2964,
        "weapon": 0,
        "pilot_injury": 0.2462,
        "pilot_skill": 0.4235,
        "mission_priority": 0.7936,
        "estimated_landing_time": 288.0,
        "wait_time": 0,
        "Landing_success_rate": 0.9551
    },
    {
        "model": 1,
        "sequence": 1,
        "status": 1,
        "fuel": 6114,
        "fault": 0.9697,
        "weapon": 0,
        "pilot_injury": 0.2401,
        "pilot_skill": 0.1443,
        "mission_priority": 0.1157,
        "estimated_landing_time": 100.0,
        "wait_time": 0,
        "Landing_success_rate": 0.8514
    },
    {
        "model": 1,
        "sequence": 6,
        "status": 1,
        "fuel": 6356,
        "fault": 0.692,
        "weapon": 0,
        "pilot_injury": 0.2183,
        "pilot_skill": 0.9894,
        "mission_priority": 0.5744,
        "estimated_landing_time": 570.0,
        "wait_time": 0,
        "Landing_success_rate": 0.8698
    },
    {
        "model": 1,
        "sequence": 12,
        "status": 1,
        "fuel": 6260,
        "fault": 0.5776,
        "weapon": 1,
        "pilot_injury": 0.8977,
        "pilot_skill": 0.7452,
        "mission_priority": 0.0764,
        "estimated_landing_time": 1134.0,
        "wait_time": 0,
        "Landing_success_rate": 0.8741
    },
    {
        "model": 2,
        "sequence": 9,
        "status": 1,
        "fuel": 6110,
        "fault": 0.3508,
        "weapon": 1,
        "pilot_injury": 0.1583,
        "pilot_skill": 0.0518,
        "mission_priority": 0.5573,
        "estimated_landing_time": 852.0,
        "wait_time": 0,
        "Landing_success_rate": 0.8797
    },
    {
        "model": 1,
        "sequence": 8,
        "status": 1,
        "fuel": 7176,
        "fault": 0.0847,
        "weapon": 0,
        "pilot_injury": 0.3583,
        "pilot_skill": 0.9129,
        "mission_priority": 0.5657,
        "estimated_landing_time": 758.0,
        "wait_time": 0,
        "Landing_success_rate": 0.9651
    },
    {
        "model": 0,
        "sequence": 5,
        "status": 1,
        "fuel": 7049,
        "fault": 0.381,
        "weapon": 0,
        "pilot_injury": 0.5765,
        "pilot_skill": 0.7619,
        "mission_priority": 0.7815,
        "estimated_landing_time": 476.0,
        "wait_time": 0,
        "Landing_success_rate": 0.9219
    }
]