[
    {
        "model": 2,
        "sequence": 9,
        "status": 1,
        "fuel": 6057,
        "fault": 0.4604,
        "weapon": 1,
        "pilot_injury": 0.3816,
        "pilot_skill": 0.1288,
        "mission_priority": 0.4128,
        "estimated_landing_time": 852.0,
        "wait_time": 0,
        "Landing_success_rate": 0.8725
    },
    {
        "model": 2,
        "sequence": 4,
        "status": 1,
        "fuel": 7369,
        "fault": 0.4791,
        "weapon": 0,
        "pilot_injury": 0.042,
        "pilot_skill": 0.7399,
        "mission_priority": 0.9181,
        "estimated_landing_time": 382.0,
        "wait_time": 0,
        "Landing_success_rate": 0.923
    },
    {
        "model": 0,
        "sequence": 11,
        "status": 1,
        "fuel": 7250,
        "fault": 0.1275,
        "weapon": 0,
        "pilot_injury": 0.2922,
        "pilot_skill": 0.9108,
        "mission_priority": 0.754,
        "estimated_landing_time": 1040.0,
        "wait_time": 0,
        "Landing_success_rate": 0.9645
    },
    {
        "model": 2,
        "sequence": 5,
        "status": 1,
        "fuel": 7236,
        "fault": 0.8395,
        "weapon": 0,
        "pilot_injury": 0.9628,
        "pilot_skill": 0.7267,
        "mission_priority": 0.3048,
        "estimated_landing_time": 476.0,
        "wait_time": 0,
        "Landing_success_rate": 0.8709
    },
    {
        "model": 0,
        "sequence": 8,
        "status": 1,
        "fuel": 6898,
        "fault": 0.5327,
        "weapon": 0,
        "pilot_injury": 0.8728,
        "pilot_skill": 0.1126,
        "mission_priority": 0.7037,
        "estimated_landing_time": 758.0,
        "wait_time": 0,
        "Landing_success_rate": 0.899
    },
    {
        "model": 0,
        "sequence": 7,
        "status": 1,
        "fuel": 7352,
        "fault": 0.0683,
        "weapon": 0,
        "pilot_injury": 0.2419,
        "pilot_skill": 0.0124,
        "mission_priority": 0.4688,
        "estimated_landing_time": 664.0,
        "wait_time": 0,
        "Landing_success_rate": 0.9794
    },
    {
        "model": 0,
        "sequence": 10,
        "status": 1,
        "fuel": 5588,
        "fault": 0.8245,
        "weapon": 0,
        "pilot_injury": 0.2972,
        "pilot_skill": 0.2999,
        "mission_priority": 0.7432,
        "estimated_landing_time": 946.0,
        "wait_time": 0,
        "Landing_success_rate": 0.8512
    },
    {
        "model": 1,
        "sequence": 6,
        "status": 1,
        "fuel": 7231,
        "fault": 0.0645,
        "weapon": 1,
        "pilot_injury": 0.8523,
        "pilot_skill": 0.6678,
        "mission_priority": 0.5932,
        "estimated_landing_time": 570.0,
        "wait_time": 0,
        "Landing_success_rate": 0.9715
    },
    {
        "model": 1,
        "sequence": 1,
        "status": 1,
        "fuel": 7460,
        "fault": 0.989,
        "weapon": 0,
        "pilot_injury": 0.079,
        "pilot_skill": 0.2395,
        "mission_priority": 0.7946,
        "estimated_landing_time": 100.0,
        "wait_time": 0,
        "Landing_success_rate": 0.8516
    },
    {
        "model": 0,
        "sequence": 12,
        "status": 1,
        "fuel": 7193,
        "fault": 0.4292,
        "weapon": 0,
        "pilot_injury": 0.9954,
        "pilot_skill": 0.8557,
        "mission_priority": 0.5214,
        "estimated_landing_time": 1134.0,
        "wait_time": 0,
        "Landing_success_rate": 0.9225
    },
    {
        "model": 2,
        "sequence": 2,
        "status": 1,
        "fuel": 6848,
        "fault": 0.2523,
        "weapon": 0,
        "pilot_injury": 0.599,
        "pilot_skill": 0.1149,
        "mission_priority": 0.0939,
        "estimated_landing_time": 194.0,
        "wait_time": 0,
        "Landing_success_rate": 0.9256
    },
    {
        "model": 0,
        "sequence": 3,
        "status": 1,
        "fuel": 6968,
        "fault": 0.0326,
        "weapon": 0,
        "pilot_injury": 0.8293,
        "pilot_skill": 0.879,
        "mission_priority": 0.5718,
        "estimated_landing_time": 288.0,
        "wait_time": 0,
        "Landing_success_rate": 0.9565
    }
]