[
    {
        "model": 0,
        "sequence": 5,
        "status": 1,
        "fuel": 5624,
        "fault": 0.4585,
        "weapon": 1,
        "pilot_injury": 0.13,
        "pilot_skill": 0.8355,
        "mission_priority": 0.3704,
        "estimated_landing_time": 476.0,
        "wait_time": 0,
        "Landing_success_rate": 0.855
    },
    {
        "model": 1,
        "sequence": 1,
        "status": 1,
        "fuel": 5623,
        "fault": 0.314,
        "weapon": 0,
        "pilot_injury": 0.4441,
        "pilot_skill": 0.9949,
        "mission_priority": 0.5454,
        "estimated_landing_time": 100.0,
        "wait_time": 0,
        "Landing_success_rate": 0.8563
    },
    {
        "model": 1,
        "sequence": 12,
        "status": 1,
        "fuel": 6296,
        "fault": 0.2884,
        "weapon": 0,
        "pilot_injury": 0.1516,
        "pilot_skill": 0.0309,
        "mission_priority": 0.9707,
        "estimated_landing_time": 1134.0,
        "wait_time": 0,
        "Landing_success_rate": 0.8925
    },
    {
        "model": 0,
        "sequence": 9,
        "status": 1,
        "fuel": 6801,
        "fault": 0.5414,
        "weapon": 0,
        "pilot_injury": 0.4779,
        "pilot_skill": 0.5323,
        "mission_priority": 0.1683,
        "estimated_landing_time": 852.0,
        "wait_time": 0,
        "Landing_success_rate": 0.8947
    },
    {
        "model": 2,
        "sequence": 7,
        "status": 1,
        "fuel": 6320,
        "fault": 0.8336,
        "weapon": 0,
        "pilot_injury": 0.3562,
        "pilot_skill": 0.8268,
        "mission_priority": 0.709,
        "estimated_landing_time": 664.0,
        "wait_time": 0,
        "Landing_success_rate": 0.8602
    },
    {
        "model": 0,
        "sequence": 2,
        "status": 1,
        "fuel": 6261,
        "fault": 0.0576,
        "weapon": 1,
        "pilot_injury": 0.6774,
        "pilot_skill": 0.235,
        "mission_priority": 0.8307,
        "estimated_landing_time": 194.0,
        "wait_time": 0,
        "Landing_success_rate": 0.9038
    },
    {
        "model": 0,
        "sequence": 8,
        "status": 1,
        "fuel": 6335,
        "fault": 0.3473,
        "weapon": 1,
        "pilot_injury": 0.583,
        "pilot_skill": 0.9997,
        "mission_priority": 0.1505,
        "estimated_landing_time": 758.0,
        "wait_time": 0,
        "Landing_success_rate": 0.8909
    },
    {
        "model": 1,
        "sequence": 3,
        "status": 1,
        "fuel": 6365,
        "fault": 0.4889,
        "weapon": 0,
        "pilot_injury": 0.7824,
        "pilot_skill": 0.7346,
        "mission_priority": 0.3005,
        "estimated_landing_time": 288.0,
        "wait_time": 0,
        "Landing_success_rate": 0.8832
    },
    {
        "model": 0,
        "sequence": 6,
        "status": 1,
        "fuel": 6737,
        "fault": 0.5694,
        "weapon": 1,
        "pilot_injury": 0.4614,
        "pilot_skill": 0.7308,
        "mission_priority": 0.148,
        "estimated_landing_time": 570.0,
        "wait_time": 0,
        "Landing_success_rate": 0.8899
    },
    {
        "model": 1,
        "sequence": 10,
        "status": 1,
        "fuel": 6016,
        "fault": 0.4755,
        "weapon": 1,
        "pilot_injury": 0.9069,
        "pilot_skill": 0.1324,
        "mission_priority": 0.593,
        "estimated_landing_time": 946.0,
        "wait_time": 0,
        "Landing_success_rate": 0.8703
    },
    {
        "model": 2,
        "sequence": 4,
        "status": 1,
        "fuel": 7389,
        "fault": 0.7221,
        "weapon": 0,
        "pilot_injury": 0.4585,
        "pilot_skill": 0.038,
        "mission_priority": 0.7459,
        "estimated_landing_time": 382.0,
        "wait_time": 0,
        "Landing_success_rate": 0.8894
    },
    {
        "model": 2,
        "sequence": 11,
        "status": 1,
        "fuel": 7010,
        "fault": 0.1248,
        "weapon": 0,
        "pilot_injury": 0.6808,
        "pilot_skill": 0.4668,
        "mission_priority": 0.0345,
        "estimated_landing_time": 1040.0,
        "wait_time": 0,
        "Landing_success_rate": 0.9491
    }
]