[
    {
        "model": 2,
        "sequence": 3,
        "status": 1,
        "fuel": 6711,
        "fault": 0.5695,
        "weapon": 0,
        "pilot_injury": 0.4248,
        "pilot_skill": 0.3417,
        "mission_priority": 0.1834,
        "estimated_landing_time": 288.0,
        "wait_time": 0,
        "Landing_success_rate": 0.8891
    },
    {
        "model": 1,
        "sequence": 6,
        "status": 1,
        "fuel": 5675,
        "fault": 0.6743,
        "weapon": 0,
        "pilot_injury": 0.6857,
        "pilot_skill": 0.2263,
        "mission_priority": 0.1318,
        "estimated_landing_time": 570.0,
        "wait_time": 0,
        "Landing_success_rate": 0.8543
    },
    {
        "model": 2,
        "sequence": 10,
        "status": 1,
        "fuel": 6446,
        "fault": 0.7986,
        "weapon": 0,
        "pilot_injury": 0.2236,
        "pilot_skill": 0.8571,
        "mission_priority": 0.8171,
        "estimated_landing_time": 946.0,
        "wait_time": 0,
        "Landing_success_rate": 0.8643
    },
    {
        "model": 0,
        "sequence": 1,
        "status": 1,
        "fuel": 6911,
        "fault": 0.6306,
        "weapon": 0,
        "pilot_injury": 0.2177,
        "pilot_skill": 0.0783,
        "mission_priority": 0.5734,
        "estimated_landing_time": 100.0,
        "wait_time": 0,
        "Landing_success_rate": 0.8891
    },
    {
        "model": 0,
        "sequence": 12,
        "status": 1,
        "fuel": 6005,
        "fault": 0.9362,
        "weapon": 1,
        "pilot_injury": 0.9405,
        "pilot_skill": 0.9528,
        "mission_priority": 0.2393,
        "estimated_landing_time": 1134.0,
        "wait_time": 0,
        "Landing_success_rate": 0.8524
    },
    {
        "model": 0,
        "sequence": 11,
        "status": 1,
        "fuel": 6956,
        "fault": 0.2528,
        "weapon": 1,
        "pilot_injury": 0.8757,
        "pilot_skill": 0.2714,
        "mission_priority": 0.0037,
        "estimated_landing_time": 1040.0,
        "wait_time": 0,
        "Landing_success_rate": 0.9316
    },
    {
        "model": 0,
        "sequence": 8,
        "status": 1,
        "fuel": 6637,
        "fault": 0.7211,
        "weapon": 0,
        "pilot_injury": 0.3157,
        "pilot_skill": 0.7914,
        "mission_priority": 0.6806,
        "estimated_landing_time": 758.0,
        "wait_time": 0,
        "Landing_success_rate": 0.8738
    },
    {
        "model": 1,
        "sequence": 9,
        "status": 1,
        "fuel": 5759,
        "fault": 0.6268,
        "weapon": 0,
        "pilot_injury": 0.0956,
        "pilot_skill": 0.8981,
        "mission_priority": 0.9354,
        "estimated_landing_time": 852.0,
        "wait_time": 0,
        "Landing_success_rate": 0.8572
    },
    {
        "model": 1,
        "sequence": 7,
        "status": 1,
        "fuel": 7422,
        "fault": 0.4052,
        "weapon": 1,
        "pilot_injury": 0.174,
        "pilot_skill": 0.0462,
        "mission_priority": 0.5796,
        "estimated_landing_time": 664.0,
        "wait_time": 0,
        "Landing_success_rate": 0.9357
    },
    {
        "model": 0,
        "sequence": 4,
        "status": 1,
        "fuel": 6453,
        "fault": 0.2696,
        "weapon": 1,
        "pilot_injury": 0.007,
        "pilot_skill": 0.8055,
        "mission_priority": 0.0768,
        "estimated_landing_time": 382.0,
        "wait_time": 0,
        "Landing_success_rate": 0.9022
    },
    {
        "model": 1,
        "sequence": 5,
        "status": 1,
        "fuel": 6386,
        "fault": 0.6629,
        "weapon": 1,
        "pilot_injury": 0.2368,
        "pilot_skill": 0.084,
        "mission_priority": 0.77,
        "estimated_landing_time": 476.0,
        "wait_time": 0,
        "Landing_success_rate": 0.8724
    },
    {
        "model": 1,
        "sequence": 2,
        "status": 1,
        "fuel": 7424,
        "fault": 0.1357,
        "weapon": 0,
        "pilot_injury": 0.3443,
        "pilot_skill": 0.0618,
        "mission_priority": 0.7344,
        "estimated_landing_time": 194.0,
        "wait_time": 0,
        "Landing_success_rate": 0.9747
    }
]