[
    {
        "model": 1,
        "sequence": 3,
        "status": 1,
        "fuel": 6607,
        "fault": 0.0724,
        "weapon": 0,
        "pilot_injury": 0.7633,
        "pilot_skill": 0.1365,
        "mission_priority": 0.2287,
        "estimated_landing_time": 288.0,
        "wait_time": 0,
        "Landing_success_rate": 0.927
    },
    {
        "model": 1,
        "sequence": 4,
        "status": 1,
        "fuel": 6262,
        "fault": 0.9734,
        "weapon": 1,
        "pilot_injury": 0.7527,
        "pilot_skill": 0.4738,
        "mission_priority": 0.4468,
        "estimated_landing_time": 382.0,
        "wait_time": 0,
        "Landing_success_rate": 0.8515
    },
    {
        "model": 1,
        "sequence": 8,
        "status": 1,
        "fuel": 6526,
        "fault": 0.4681,
        "weapon": 1,
        "pilot_injury": 0.3598,
        "pilot_skill": 0.5408,
        "mission_priority": 0.6773,
        "estimated_landing_time": 758.0,
        "wait_time": 0,
        "Landing_success_rate": 0.8909
    },
    {
        "model": 0,
        "sequence": 7,
        "status": 1,
        "fuel": 5562,
        "fault": 0.3751,
        "weapon": 0,
        "pilot_injury": 0.5313,
        "pilot_skill": 0.3997,
        "mission_priority": 0.9537,
        "estimated_landing_time": 664.0,
        "wait_time": 0,
        "Landing_success_rate": 0.8529
    },
    {
        "model": 2,
        "sequence": 9,
        "status": 1,
        "fuel": 7050,
        "fault": 0.8707,
        "weapon": 1,
        "pilot_injury": 0.1265,
        "pilot_skill": 0.8426,
        "mission_priority": 0.3622,
        "estimated_landing_time": 852.0,
        "wait_time": 0,
        "Landing_success_rate": 0.865
    },
    {
        "model": 1,
        "sequence": 1,
        "status": 1,
        "fuel": 6329,
        "fault": 0.4143,
        "weapon": 0,
        "pilot_injury": 0.1989,
        "pilot_skill": 0.6017,
        "mission_priority": 0.0607,
        "estimated_landing_time": 100.0,
        "wait_time": 0,
        "Landing_success_rate": 0.8864
    },
    {
        "model": 2,
        "sequence": 10,
        "status": 1,
        "fuel": 7475,
        "fault": 0.8498,
        "weapon": 1,
        "pilot_injury": 0.436,
        "pilot_skill": 0.7487,
        "mission_priority": 0.8279,
        "estimated_landing_time": 946.0,
        "wait_time": 0,
        "Landing_success_rate": 0.8722
    },
    {
        "model": 2,
        "sequence": 11,
        "status": 1,
        "fuel": 7473,
        "fault": 0.1325,
        "weapon": 0,
        "pilot_injury": 0.1941,
        "pilot_skill": 0.5366,
        "mission_priority": 0.9348,
        "estimated_landing_time": 1040.0,
        "wait_time": 0,
        "Landing_success_rate": 0.9784
    },
    {
        "model": 0,
        "sequence": 6,
        "status": 1,
        "fuel": 6057,
        "fault": 0.3257,
        "weapon": 0,
        "pilot_injury": 0.3032,
        "pilot_skill": 0.4294,
        "mission_priority": 0.4707,
        "estimated_landing_time": 570.0,
        "wait_time": 0,
        "Landing_success_rate": 0.8782
    },
    {
        "model": 0,
        "sequence": 2,
        "status": 1,
        "fuel": 5771,
        "fault": 0.369,
        "weapon": 0,
        "pilot_injury": 0.9469,
        "pilot_skill": 0.2407,
        "mission_priority": 0.2399,
        "estimated_landing_time": 194.0,
        "wait_time": 0,
        "Landing_success_rate": 0.8628
    },
    {
        "model": 0,
        "sequence": 5,
        "status": 1,
        "fuel": 6625,
        "fault": 0.1596,
        "weapon": 1,
        "pilot_injury": 0.5797,
        "pilot_skill": 0.667,
        "mission_priority": 0.9116,
        "estimated_landing_time": 476.0,
        "wait_time": 0,
        "Landing_success_rate": 0.9209
    },
    {
        "model": 1,
        "sequence": 12,
        "status": 1,
        "fuel": 5548,
        "fault": 0.8208,
        "weapon": 0,
        "pilot_injury": 0.0388,
        "pilot_skill": 0.1868,
        "mission_priority": 0.8312,
        "estimated_landing_time": 1134.0,
        "wait_time": 0,
        "Landing_success_rate": 0.8506
    }
]