[
    {
        "model": 1,
        "sequence": 11,
        "status": 1,
        "fuel": 7358,
        "fault": 0.8081,
        "weapon": 1,
        "pilot_injury": 0.9869,
        "pilot_skill": 0.7546,
        "mission_priority": 0.2486,
        "estimated_landing_time": 1040.0,
        "wait_time": 0,
        "Landing_success_rate": 0.8767
    },
    {
        "model": 2,
        "sequence": 8,
        "status": 1,
        "fuel": 5692,
        "fault": 0.8865,
        "weapon": 0,
        "pilot_injury": 0.8575,
        "pilot_skill": 0.0974,
        "mission_priority": 0.7064,
        "estimated_landing_time": 758.0,
        "wait_time": 0,
        "Landing_success_rate": 0.8516
    },
    {
        "model": 1,
        "sequence": 4,
        "status": 1,
        "fuel": 7369,
        "fault": 0.8588,
        "weapon": 0,
        "pilot_injury": 0.4035,
        "pilot_skill": 0.2348,
        "mission_priority": 0.8189,
        "estimated_landing_time": 382.0,
        "wait_time": 0,
        "Landing_success_rate": 0.8698
    },
    {
        "model": 1,
        "sequence": 5,
        "status": 1,
        "fuel": 6651,
        "fault": 0.9041,
        "weapon": 0,
        "pilot_injury": 0.0006,
        "pilot_skill": 0.3078,
        "mission_priority": 0.2412,
        "estimated_landing_time": 476.0,
        "wait_time": 0,
        "Landing_success_rate": 0.8583
    },
    {
        "model": 0,
        "sequence": 9,
        "status": 1,
        "fuel": 6035,
        "fault": 0.5376,
        "weapon": 0,
        "pilot_injury": 0.1871,
        "pilot_skill": 0.5555,
        "mission_priority": 0.2914,
        "estimated_landing_time": 852.0,
        "wait_time": 0,
        "Landing_success_rate": 0.8686
    },
    {
        "model": 0,
        "sequence": 3,
        "status": 1,
        "fuel": 6110,
        "fault": 0.3633,
        "weapon": 0,
        "pilot_injury": 0.8759,
        "pilot_skill": 0.9053,
        "mission_priority": 0.493,
        "estimated_landing_time": 288.0,
        "wait_time": 0,
        "Landing_success_rate": 0.8791
    },
    {
        "model": 1,
        "sequence": 6,
        "status": 1,
        "fuel": 5924,
        "fault": 0.537,
        "weapon": 0,
        "pilot_injury": 0.9534,
        "pilot_skill": 0.0602,
        "mission_priority": 0.2977,
        "estimated_landing_time": 570.0,
        "wait_time": 0,
        "Landing_success_rate": 0.8647
    },
    {
        "model": 1,
        "sequence": 12,
        "status": 1,
        "fuel": 5772,
        "fault": 0.3146,
        "weapon": 0,
        "pilot_injury": 0.1643,
        "pilot_skill": 0.7832,
        "mission_priority": 0.1225,
        "estimated_landing_time": 1134.0,
        "wait_time": 0,
        "Landing_success_rate": 0.864
    },
    {
        "model": 0,
        "sequence": 2,
        "status": 1,
        "fuel": 7091,
        "fault": 0.2836,
        "weapon": 0,
        "pilot_injury": 0.0705,
        "pilot_skill": 0.9094,
        "mission_priority": 0.1901,
        "estimated_landing_time": 194.0,
        "wait_time": 0,
        "Landing_success_rate": 0.9355
    },
    {
        "model": 0,
        "sequence": 1,
        "status": 1,
        "fuel": 6319,
        "fault": 0.8647,
        "weapon": 1,
        "pilot_injury": 0.0779,
        "pilot_skill": 0.9554,
        "mission_priority": 0.247,
        "estimated_landing_time": 100.0,
        "wait_time": 0,
        "Landing_success_rate": 0.8583
    },
    {
        "model": 0,
        "sequence": 10,
        "status": 1,
        "fuel": 7472,
        "fault": 0.139,
        "weapon": 0,
        "pilot_injury": 0.8539,
        "pilot_skill": 0.0132,
        "mission_priority": 0.5118,
        "estimated_landing_time": 946.0,
        "wait_time": 0,
        "Landing_success_rate": 0.9773
    },
    {
        "model": 2,
        "sequence": 7,
        "status": 1,
        "fuel": 5564,
        "fault": 0.8364,
        "weapon": 1,
        "pilot_injury": 0.9092,
        "pilot_skill": 0.8196,
        "mission_priority": 0.8882,
        "estimated_landing_time": 664.0,
        "wait_time": 0,
        "Landing_success_rate": 0.8508
    }
]