[
    {
        "model": 1,
        "sequence": 3,
        "status": 1,
        "fuel": 6445,
        "fault": 0.0104,
        "weapon": 1,
        "pilot_injury": 0.615,
        "pilot_skill": 0.7746,
        "mission_priority": 0.6439,
        "estimated_landing_time": 288.0,
        "wait_time": 0,
        "Landing_success_rate": 0.9201
    },
    {
        "model": 2,
        "sequence": 11,
        "status": 1,
        "fuel": 5877,
        "fault": 0.4783,
        "weapon": 0,
        "pilot_injury": 0.9685,
        "pilot_skill": 0.7987,
        "mission_priority": 0.2928,
        "estimated_landing_time": 1040.0,
        "wait_time": 0,
        "Landing_success_rate": 0.8648
    },
    {
        "model": 2,
        "sequence": 2,
        "status": 1,
        "fuel": 7011,
        "fault": 0.114,
        "weapon": 0,
        "pilot_injury": 0.5824,
        "pilot_skill": 0.7481,
        "mission_priority": 0.8118,
        "estimated_landing_time": 194.0,
        "wait_time": 0,
        "Landing_success_rate": 0.9504
    },
    {
        "model": 2,
        "sequence": 5,
        "status": 1,
        "fuel": 6391,
        "fault": 0.1566,
        "weapon": 1,
        "pilot_injury": 0.3383,
        "pilot_skill": 0.9281,
        "mission_priority": 0.2246,
        "estimated_landing_time": 476.0,
        "wait_time": 0,
        "Landing_success_rate": 0.9064
    },
    {
        "model": 2,
        "sequence": 9,
        "status": 1,
        "fuel": 7188,
        "fault": 0.376,
        "weapon": 1,
        "pilot_injury": 0.4394,
        "pilot_skill": 0.6129,
        "mission_priority": 0.9431,
        "estimated_landing_time": 852.0,
        "wait_time": 0,
        "Landing_success_rate": 0.929
    },
    {
        "model": 2,
        "sequence": 1,
        "status": 1,
        "fuel": 5913,
        "fault": 0.9283,
        "weapon": 1,
        "pilot_injury": 0.1975,
        "pilot_skill": 0.8869,
        "mission_priority": 0.6458,
        "estimated_landing_time": 100.0,
        "wait_time": 0,
        "Landing_success_rate": 0.8522
    },
    {
        "model": 2,
        "sequence": 4,
        "status": 1,
        "fuel": 5621,
        "fault": 0.8159,
        "weapon": 0,
        "pilot_injury": 0.8793,
        "pilot_skill": 0.2584,
        "mission_priority": 0.544,
        "estimated_landing_time": 382.0,
        "wait_time": 0,
        "Landing_success_rate": 0.8517
    },
    {
        "model": 2,
        "sequence": 7,
        "status": 1,
        "fuel": 5648,
        "fault": 0.755,
        "weapon": 0,
        "pilot_injury": 0.9784,
        "pilot_skill": 0.7482,
        "mission_priority": 0.5578,
        "estimated_landing_time": 664.0,
        "wait_time": 0,
        "Landing_success_rate": 0.8527
    },
    {
        "model": 1,
        "sequence": 12,
        "status": 1,
        "fuel": 6162,
        "fault": 0.6562,
        "weapon": 0,
        "pilot_injury": 0.3201,
        "pilot_skill": 0.7532,
        "mission_priority": 0.2693,
        "estimated_landing_time": 1134.0,
        "wait_time": 0,
        "Landing_success_rate": 0.8671
    },
    {
        "model": 0,
        "sequence": 10,
        "status": 1,
        "fuel": 6359,
        "fault": 0.0432,
        "weapon": 1,
        "pilot_injury": 0.1079,
        "pilot_skill": 0.6853,
        "mission_priority": 0.0919,
        "estimated_landing_time": 946.0,
        "wait_time": 0,
        "Landing_success_rate": 0.9116
    },
    {
        "model": 0,
        "sequence": 8,
        "status": 1,
        "fuel": 7085,
        "fault": 0.2135,
        "weapon": 0,
        "pilot_injury": 0.1507,
        "pilot_skill": 0.3424,
        "mission_priority": 0.4134,
        "estimated_landing_time": 758.0,
        "wait_time": 0,
        "Landing_success_rate": 0.9435
    },
    {
        "model": 1,
        "sequence": 6,
        "status": 1,
        "fuel": 5920,
        "fault": 0.5903,
        "weapon": 1,
        "pilot_injury": 0.6119,
        "pilot_skill": 0.1059,
        "mission_priority": 0.1516,
        "estimated_landing_time": 570.0,
        "wait_time": 0,
        "Landing_success_rate": 0.8629
    }
]