[
    {
        "model": 0,
        "sequence": 12,
        "status": 1,
        "fuel": 5714,
        "fault": 0.199,
        "weapon": 0,
        "pilot_injury": 0.7853,
        "pilot_skill": 0.6011,
        "mission_priority": 0.9904,
        "estimated_landing_time": 1134.0,
        "wait_time": 0,
        "Landing_success_rate": 0.8629
    },
    {
        "model": 0,
        "sequence": 9,
        "status": 1,
        "fuel": 7315,
        "fault": 0.2763,
        "weapon": 1,
        "pilot_injury": 0.9147,
        "pilot_skill": 0.0115,
        "mission_priority": 0.4501,
        "estimated_landing_time": 852.0,
        "wait_time": 0,
        "Landing_success_rate": 0.9485
    },
    {
        "model": 0,
        "sequence": 3,
        "status": 1,
        "fuel": 5701,
        "fault": 0.1794,
        "weapon": 1,
        "pilot_injury": 0.5478,
        "pilot_skill": 0.979,
        "mission_priority": 0.5555,
        "estimated_landing_time": 288.0,
        "wait_time": 0,
        "Landing_success_rate": 0.8624
    },
    {
        "model": 1,
        "sequence": 10,
        "status": 1,
        "fuel": 6605,
        "fault": 0.7046,
        "weapon": 0,
        "pilot_injury": 0.2044,
        "pilot_skill": 0.5197,
        "mission_priority": 0.074,
        "estimated_landing_time": 946.0,
        "wait_time": 0,
        "Landing_success_rate": 0.8745
    },
    {
        "model": 0,
        "sequence": 8,
        "status": 1,
        "fuel": 5886,
        "fault": 0.2053,
        "weapon": 0,
        "pilot_injury": 0.7402,
        "pilot_skill": 0.6307,
        "mission_priority": 0.5496,
        "estimated_landing_time": 758.0,
        "wait_time": 0,
        "Landing_success_rate": 0.873
    },
    {
        "model": 1,
        "sequence": 11,
        "status": 1,
        "fuel": 5665,
        "fault": 0.9685,
        "weapon": 0,
        "pilot_injury": 0.5954,
        "pilot_skill": 0.1721,
        "mission_priority": 0.9255,
        "estimated_landing_time": 1040.0,
        "wait_time": 0,
        "Landing_success_rate": 0.8504
    },
    {
        "model": 2,
        "sequence": 1,
        "status": 1,
        "fuel": 5519,
        "fault": 0.2973,
        "weapon": 1,
        "pilot_injury": 0.6958,
        "pilot_skill": 0.458,
        "mission_priority": 0.0921,
        "estimated_landing_time": 100.0,
        "wait_time": 0,
        "Landing_success_rate": 0.851
    },
    {
        "model": 0,
        "sequence": 4,
        "status": 1,
        "fuel": 7357,
        "fault": 0.2674,
        "weapon": 1,
        "pilot_injury": 0.7038,
        "pilot_skill": 0.3733,
        "mission_priority": 0.5637,
        "estimated_landing_time": 382.0,
        "wait_time": 0,
        "Landing_success_rate": 0.952
    },
    {
        "model": 1,
        "sequence": 7,
        "status": 1,
        "fuel": 5572,
        "fault": 0.7066,
        "weapon": 1,
        "pilot_injury": 0.5836,
        "pilot_skill": 0.5258,
        "mission_priority": 0.2495,
        "estimated_landing_time": 664.0,
        "wait_time": 0,
        "Landing_success_rate": 0.8516
    },
    {
        "model": 1,
        "sequence": 2,
        "status": 1,
        "fuel": 5757,
        "fault": 0.8661,
        "weapon": 0,
        "pilot_injury": 0.1171,
        "pilot_skill": 0.4491,
        "mission_priority": 0.6123,
        "estimated_landing_time": 194.0,
        "wait_time": 0,
        "Landing_success_rate": 0.8526
    },
    {
        "model": 0,
        "sequence": 5,
        "status": 1,
        "fuel": 6838,
        "fault": 0.7365,
        "weapon": 1,
        "pilot_injury": 0.0067,
        "pilot_skill": 0.7723,
        "mission_priority": 0.6252,
        "estimated_landing_time": 476.0,
        "wait_time": 0,
        "Landing_success_rate": 0.8764
    },
    {
        "model": 2,
        "sequence": 6,
        "status": 1,
        "fuel": 5913,
        "fault": 0.6801,
        "weapon": 1,
        "pilot_injury": 0.6275,
        "pilot_skill": 0.3856,
        "mission_priority": 0.9363,
        "estimated_landing_time": 570.0,
        "wait_time": 0,
        "Landing_success_rate": 0.8599
    }
]