[
    {
        "model": 2,
        "sequence": 11,
        "status": 1,
        "fuel": 5526,
        "fault": 0.9989,
        "weapon": 0,
        "pilot_injury": 0.9336,
        "pilot_skill": 0.8013,
        "mission_priority": 0.6743,
        "estimated_landing_time": 1040.0,
        "wait_time": 0,
        "Landing_success_rate": 0.85
    },
    {
        "model": 2,
        "sequence": 7,
        "status": 1,
        "fuel": 6974,
        "fault": 0.9976,
        "weapon": 0,
        "pilot_injury": 0.5712,
        "pilot_skill": 0.304,
        "mission_priority": 0.3181,
        "estimated_landing_time": 664.0,
        "wait_time": 0,
        "Landing_success_rate": 0.8503
    },
    {
        "model": 0,
        "sequence": 9,
        "status": 1,
        "fuel": 6302,
        "fault": 0.0224,
        "weapon": 0,
        "pilot_injury": 0.8492,
        "pilot_skill": 0.406,
        "mission_priority": 0.0137,
        "estimated_landing_time": 852.0,
        "wait_time": 0,
        "Landing_success_rate": 0.9088
    },
    {
        "model": 1,
        "sequence": 4,
        "status": 1,
        "fuel": 6007,
        "fault": 0.6543,
        "weapon": 0,
        "pilot_injury": 0.0157,
        "pilot_skill": 0.0171,
        "mission_priority": 0.9166,
        "estimated_landing_time": 382.0,
        "wait_time": 0,
        "Landing_success_rate": 0.8631
    },
    {
        "model": 1,
        "sequence": 5,
        "status": 1,
        "fuel": 6956,
        "fault": 0.7623,
        "weapon": 1,
        "pilot_injury": 0.1326,
        "pilot_skill": 0.5116,
        "mission_priority": 0.0053,
        "estimated_landing_time": 476.0,
        "wait_time": 0,
        "Landing_success_rate": 0.876
    },
    {
        "model": 1,
        "sequence": 1,
        "status": 1,
        "fuel": 6014,
        "fault": 0.6246,
        "weapon": 0,
        "pilot_injury": 0.4023,
        "pilot_skill": 0.3906,
        "mission_priority": 0.0693,
        "estimated_landing_time": 100.0,
        "wait_time": 0,
        "Landing_success_rate": 0.8645
    },
    {
        "model": 0,
        "sequence": 3,
        "status": 1,
        "fuel": 7064,
        "fault": 0.7567,
        "weapon": 0,
        "pilot_injury": 0.6761,
        "pilot_skill": 0.1384,
        "mission_priority": 0.5788,
        "estimated_landing_time": 288.0,
        "wait_time": 0,
        "Landing_success_rate": 0.8785
    },
    {
        "model": 1,
        "sequence": 12,
        "status": 1,
        "fuel": 6571,
        "fault": 0.5969,
        "weapon": 1,
        "pilot_injury": 0.3791,
        "pilot_skill": 0.3715,
        "mission_priority": 0.6185,
        "estimated_landing_time": 1134.0,
        "wait_time": 0,
        "Landing_success_rate": 0.8824
    },
    {
        "model": 2,
        "sequence": 10,
        "status": 1,
        "fuel": 6714,
        "fault": 0.2116,
        "weapon": 0,
        "pilot_injury": 0.4431,
        "pilot_skill": 0.4941,
        "mission_priority": 0.861,
        "estimated_landing_time": 946.0,
        "wait_time": 0,
        "Landing_success_rate": 0.9218
    },
    {
        "model": 2,
        "sequence": 2,
        "status": 1,
        "fuel": 5669,
        "fault": 0.7151,
        "weapon": 0,
        "pilot_injury": 0.504,
        "pilot_skill": 0.9492,
        "mission_priority": 0.8328,
        "estimated_landing_time": 194.0,
        "wait_time": 0,
        "Landing_success_rate": 0.8536
    },
    {
        "model": 0,
        "sequence": 6,
        "status": 1,
        "fuel": 6678,
        "fault": 0.6775,
        "weapon": 1,
        "pilot_injury": 0.1101,
        "pilot_skill": 0.925,
        "mission_priority": 0.6316,
        "estimated_landing_time": 570.0,
        "wait_time": 0,
        "Landing_success_rate": 0.8785
    },
    {
        "model": 2,
        "sequence": 8,
        "status": 1,
        "fuel": 6866,
        "fault": 0.6909,
        "weapon": 0,
        "pilot_injury": 0.9742,
        "pilot_skill": 0.0698,
        "mission_priority": 0.5547,
        "estimated_landing_time": 758.0,
        "wait_time": 0,
        "Landing_success_rate": 0.8817
    }
]