[
    {
        "model": 2,
        "sequence": 3,
        "status": 1,
        "fuel": 5726,
        "fault": 0.9891,
        "weapon": 1,
        "pilot_injury": 0.7286,
        "pilot_skill": 0.5281,
        "mission_priority": 0.2021,
        "estimated_landing_time": 288.0,
        "wait_time": 0,
        "Landing_success_rate": 0.8502
    },
    {
        "model": 1,
        "sequence": 10,
        "status": 1,
        "fuel": 6359,
        "fault": 0.0039,
        "weapon": 0,
        "pilot_injury": 0.8372,
        "pilot_skill": 0.8653,
        "mission_priority": 0.6028,
        "estimated_landing_time": 946.0,
        "wait_time": 0,
        "Landing_success_rate": 0.9142
    },
    {
        "model": 2,
        "sequence": 1,
        "status": 1,
        "fuel": 6489,
        "fault": 0.3001,
        "weapon": 1,
        "pilot_injury": 0.5881,
        "pilot_skill": 0.667,
        "mission_priority": 0.2007,
        "estimated_landing_time": 100.0,
        "wait_time": 0,
        "Landing_success_rate": 0.9019
    },
    {
        "model": 1,
        "sequence": 7,
        "status": 1,
        "fuel": 6040,
        "fault": 0.5397,
        "weapon": 1,
        "pilot_injury": 0.3135,
        "pilot_skill": 0.6206,
        "mission_priority": 0.6384,
        "estimated_landing_time": 664.0,
        "wait_time": 0,
        "Landing_success_rate": 0.8686
    },
    {
        "model": 2,
        "sequence": 5,
        "status": 1,
        "fuel": 5713,
        "fault": 0.9332,
        "weapon": 0,
        "pilot_injury": 0.8495,
        "pilot_skill": 0.5328,
        "mission_priority": 0.4713,
        "estimated_landing_time": 476.0,
        "wait_time": 0,
        "Landing_success_rate": 0.8511
    },
    {
        "model": 2,
        "sequence": 12,
        "status": 1,
        "fuel": 7229,
        "fault": 0.1084,
        "weapon": 0,
        "pilot_injury": 0.118,
        "pilot_skill": 0.7565,
        "mission_priority": 0.0952,
        "estimated_landing_time": 1134.0,
        "wait_time": 0,
        "Landing_success_rate": 0.9656
    },
    {
        "model": 2,
        "sequence": 11,
        "status": 1,
        "fuel": 7433,
        "fault": 0.4874,
        "weapon": 0,
        "pilot_injury": 0.9936,
        "pilot_skill": 0.1749,
        "mission_priority": 0.6726,
        "estimated_landing_time": 1040.0,
        "wait_time": 0,
        "Landing_success_rate": 0.9243
    },
    {
        "model": 0,
        "sequence": 2,
        "status": 1,
        "fuel": 7358,
        "fault": 0.0503,
        "weapon": 1,
        "pilot_injury": 0.5054,
        "pilot_skill": 0.68,
        "mission_priority": 0.2029,
        "estimated_landing_time": 194.0,
        "wait_time": 0,
        "Landing_success_rate": 0.9823
    },
    {
        "model": 1,
        "sequence": 4,
        "status": 1,
        "fuel": 7429,
        "fault": 0.7233,
        "weapon": 0,
        "pilot_injury": 0.6657,
        "pilot_skill": 0.4935,
        "mission_priority": 0.9232,
        "estimated_landing_time": 382.0,
        "wait_time": 0,
        "Landing_success_rate": 0.89
    },
    {
        "model": 0,
        "sequence": 9,
        "status": 1,
        "fuel": 7003,
        "fault": 0.249,
        "weapon": 0,
        "pilot_injury": 0.8887,
        "pilot_skill": 0.0617,
        "mission_priority": 0.4501,
        "estimated_landing_time": 852.0,
        "wait_time": 0,
        "Landing_success_rate": 0.9347
    },
    {
        "model": 1,
        "sequence": 6,
        "status": 1,
        "fuel": 7156,
        "fault": 0.9866,
        "weapon": 0,
        "pilot_injury": 0.6495,
        "pilot_skill": 0.3026,
        "mission_priority": 0.46,
        "estimated_landing_time": 570.0,
        "wait_time": 0,
        "Landing_success_rate": 0.8517
    },
    {
        "model": 1,
        "sequence": 8,
        "status": 1,
        "fuel": 6252,
        "fault": 0.0545,
        "weapon": 0,
        "pilot_injury": 0.1595,
        "pilot_skill": 0.8856,
        "mission_priority": 0.01,
        "estimated_landing_time": 758.0,
        "wait_time": 0,
        "Landing_success_rate": 0.9033
    }
]