[
    {
        "model": 1,
        "sequence": 8,
        "status": 1,
        "fuel": 6709,
        "fault": 0.2418,
        "weapon": 0,
        "pilot_injury": 0.8179,
        "pilot_skill": 0.3463,
        "mission_priority": 0.8077,
        "estimated_landing_time": 758.0,
        "wait_time": 0,
        "Landing_success_rate": 0.9187
    },
    {
        "model": 2,
        "sequence": 6,
        "status": 1,
        "fuel": 5621,
        "fault": 0.0968,
        "weapon": 1,
        "pilot_injury": 0.9619,
        "pilot_skill": 0.6526,
        "mission_priority": 0.4561,
        "estimated_landing_time": 570.0,
        "wait_time": 0,
        "Landing_success_rate": 0.8582
    },
    {
        "model": 1,
        "sequence": 4,
        "status": 1,
        "fuel": 5855,
        "fault": 0.5014,
        "weapon": 0,
        "pilot_injury": 0.9814,
        "pilot_skill": 0.1347,
        "mission_priority": 0.3148,
        "estimated_landing_time": 382.0,
        "wait_time": 0,
        "Landing_success_rate": 0.8633
    },
    {
        "model": 2,
        "sequence": 11,
        "status": 1,
        "fuel": 6207,
        "fault": 0.2281,
        "weapon": 0,
        "pilot_injury": 0.4714,
        "pilot_skill": 0.1758,
        "mission_priority": 0.1449,
        "estimated_landing_time": 1040.0,
        "wait_time": 0,
        "Landing_success_rate": 0.8909
    },
    {
        "model": 2,
        "sequence": 12,
        "status": 1,
        "fuel": 6209,
        "fault": 0.6051,
        "weapon": 0,
        "pilot_injury": 0.1131,
        "pilot_skill": 0.7574,
        "mission_priority": 0.7575,
        "estimated_landing_time": 1134.0,
        "wait_time": 0,
        "Landing_success_rate": 0.871
    },
    {
        "model": 1,
        "sequence": 5,
        "status": 1,
        "fuel": 6763,
        "fault": 0.8127,
        "weapon": 0,
        "pilot_injury": 0.263,
        "pilot_skill": 0.2246,
        "mission_priority": 0.4655,
        "estimated_landing_time": 476.0,
        "wait_time": 0,
        "Landing_success_rate": 0.8677
    },
    {
        "model": 2,
        "sequence": 9,
        "status": 1,
        "fuel": 6049,
        "fault": 0.9473,
        "weapon": 1,
        "pilot_injury": 0.6359,
        "pilot_skill": 0.875,
        "mission_priority": 0.0827,
        "estimated_landing_time": 852.0,
        "wait_time": 0,
        "Landing_success_rate": 0.8522
    },
    {
        "model": 1,
        "sequence": 1,
        "status": 1,
        "fuel": 7212,
        "fault": 0.934,
        "weapon": 1,
        "pilot_injury": 0.4907,
        "pilot_skill": 0.4386,
        "mission_priority": 0.7603,
        "estimated_landing_time": 100.0,
        "wait_time": 0,
        "Landing_success_rate": 0.8585
    },
    {
        "model": 0,
        "sequence": 3,
        "status": 1,
        "fuel": 7215,
        "fault": 0.7947,
        "weapon": 1,
        "pilot_injury": 0.9025,
        "pilot_skill": 0.8722,
        "mission_priority": 0.0713,
        "estimated_landing_time": 288.0,
        "wait_time": 0,
        "Landing_success_rate": 0.8764
    },
    {
        "model": 0,
        "sequence": 7,
        "status": 1,
        "fuel": 5505,
        "fault": 0.1475,
        "weapon": 1,
        "pilot_injury": 0.1035,
        "pilot_skill": 0.1074,
        "mission_priority": 0.1012,
        "estimated_landing_time": 664.0,
        "wait_time": 0,
        "Landing_success_rate": 0.8503
    },
    {
        "model": 1,
        "sequence": 2,
        "status": 1,
        "fuel": 5826,
        "fault": 0.9123,
        "weapon": 0,
        "pilot_injury": 0.9734,
        "pilot_skill": 0.4387,
        "mission_priority": 0.5408,
        "estimated_landing_time": 194.0,
        "wait_time": 0,
        "Landing_success_rate": 0.8521
    },
    {
        "model": 1,
        "sequence": 10,
        "status": 1,
        "fuel": 7125,
        "fault": 0.8951,
        "weapon": 1,
        "pilot_injury": 0.8585,
        "pilot_skill": 0.5464,
        "mission_priority": 0.5695,
        "estimated_landing_time": 946.0,
        "wait_time": 0,
        "Landing_success_rate": 0.8628
    }
]