[
    {
        "model": 2,
        "sequence": 2,
        "status": 1,
        "fuel": 7165,
        "fault": 0.0701,
        "weapon": 0,
        "pilot_injury": 0.6579,
        "pilot_skill": 0.7275,
        "mission_priority": 0.7865,
        "estimated_landing_time": 194.0,
        "wait_time": 0,
        "Landing_success_rate": 0.9661
    },
    {
        "model": 1,
        "sequence": 1,
        "status": 1,
        "fuel": 5851,
        "fault": 0.4967,
        "weapon": 1,
        "pilot_injury": 0.4831,
        "pilot_skill": 0.0632,
        "mission_priority": 0.6111,
        "estimated_landing_time": 100.0,
        "wait_time": 0,
        "Landing_success_rate": 0.8632
    },
    {
        "model": 1,
        "sequence": 6,
        "status": 1,
        "fuel": 7347,
        "fault": 0.174,
        "weapon": 0,
        "pilot_injury": 0.7528,
        "pilot_skill": 0.5,
        "mission_priority": 0.1278,
        "estimated_landing_time": 570.0,
        "wait_time": 0,
        "Landing_success_rate": 0.9644
    },
    {
        "model": 0,
        "sequence": 8,
        "status": 1,
        "fuel": 6385,
        "fault": 0.5348,
        "weapon": 0,
        "pilot_injury": 0.0344,
        "pilot_skill": 0.6349,
        "mission_priority": 0.8589,
        "estimated_landing_time": 758.0,
        "wait_time": 0,
        "Landing_success_rate": 0.8809
    },
    {
        "model": 2,
        "sequence": 10,
        "status": 1,
        "fuel": 6721,
        "fault": 0.7964,
        "weapon": 1,
        "pilot_injury": 0.891,
        "pilot_skill": 0.8136,
        "mission_priority": 0.715,
        "estimated_landing_time": 946.0,
        "wait_time": 0,
        "Landing_success_rate": 0.8686
    },
    {
        "model": 1,
        "sequence": 11,
        "status": 1,
        "fuel": 6022,
        "fault": 0.63,
        "weapon": 1,
        "pilot_injury": 0.1544,
        "pilot_skill": 0.6268,
        "mission_priority": 0.0288,
        "estimated_landing_time": 1040.0,
        "wait_time": 0,
        "Landing_success_rate": 0.8645
    },
    {
        "model": 0,
        "sequence": 7,
        "status": 1,
        "fuel": 6055,
        "fault": 0.8735,
        "weapon": 0,
        "pilot_injury": 0.4497,
        "pilot_skill": 0.3453,
        "mission_priority": 0.1728,
        "estimated_landing_time": 664.0,
        "wait_time": 0,
        "Landing_success_rate": 0.8553
    },
    {
        "model": 0,
        "sequence": 5,
        "status": 1,
        "fuel": 6041,
        "fault": 0.506,
        "weapon": 0,
        "pilot_injury": 0.9591,
        "pilot_skill": 0.1923,
        "mission_priority": 0.7174,
        "estimated_landing_time": 476.0,
        "wait_time": 0,
        "Landing_success_rate": 0.87
    },
    {
        "model": 1,
        "sequence": 12,
        "status": 1,
        "fuel": 6798,
        "fault": 0.4068,
        "weapon": 0,
        "pilot_injury": 0.0191,
        "pilot_skill": 0.6898,
        "mission_priority": 0.9455,
        "estimated_landing_time": 1134.0,
        "wait_time": 0,
        "Landing_success_rate": 0.9077
    },
    {
        "model": 0,
        "sequence": 9,
        "status": 1,
        "fuel": 5525,
        "fault": 0.4353,
        "weapon": 0,
        "pilot_injury": 0.518,
        "pilot_skill": 0.0075,
        "mission_priority": 0.4227,
        "estimated_landing_time": 852.0,
        "wait_time": 0,
        "Landing_success_rate": 0.8511
    },
    {
        "model": 1,
        "sequence": 4,
        "status": 1,
        "fuel": 5668,
        "fault": 0.1455,
        "weapon": 0,
        "pilot_injury": 0.7322,
        "pilot_skill": 0.233,
        "mission_priority": 0.8131,
        "estimated_landing_time": 382.0,
        "wait_time": 0,
        "Landing_success_rate": 0.8608
    },
    {
        "model": 1,
        "sequence": 3,
        "status": 1,
        "fuel": 7061,
        "fault": 0.1779,
        "weapon": 1,
        "pilot_injury": 0.2367,
        "pilot_skill": 0.628,
        "mission_priority": 0.8299,
        "estimated_landing_time": 288.0,
        "wait_time": 0,
        "Landing_success_rate": 0.9462
    }
]