[
    {
        "model": 0,
        "sequence": 9,
        "status": 1,
        "fuel": 6745,
        "fault": 0.9102,
        "weapon": 1,
        "pilot_injury": 0.4885,
        "pilot_skill": 0.4019,
        "mission_priority": 0.1537,
        "estimated_landing_time": 852.0,
        "wait_time": 0,
        "Landing_success_rate": 0.8584
    },
    {
        "model": 2,
        "sequence": 6,
        "status": 1,
        "fuel": 6304,
        "fault": 0.8338,
        "weapon": 1,
        "pilot_injury": 0.9213,
        "pilot_skill": 0.5832,
        "mission_priority": 0.5928,
        "estimated_landing_time": 570.0,
        "wait_time": 0,
        "Landing_success_rate": 0.86
    },
    {
        "model": 0,
        "sequence": 10,
        "status": 1,
        "fuel": 7459,
        "fault": 0.5941,
        "weapon": 1,
        "pilot_injury": 0.0317,
        "pilot_skill": 0.4233,
        "mission_priority": 0.0846,
        "estimated_landing_time": 946.0,
        "wait_time": 0,
        "Landing_success_rate": 0.9096
    },
    {
        "model": 2,
        "sequence": 5,
        "status": 1,
        "fuel": 6139,
        "fault": 0.6163,
        "weapon": 0,
        "pilot_injury": 0.8829,
        "pilot_skill": 0.659,
        "mission_priority": 0.2112,
        "estimated_landing_time": 476.0,
        "wait_time": 0,
        "Landing_success_rate": 0.8684
    },
    {
        "model": 1,
        "sequence": 11,
        "status": 1,
        "fuel": 6568,
        "fault": 0.9762,
        "weapon": 1,
        "pilot_injury": 0.1967,
        "pilot_skill": 0.7374,
        "mission_priority": 0.2865,
        "estimated_landing_time": 1040.0,
        "wait_time": 0,
        "Landing_success_rate": 0.8519
    },
    {
        "model": 1,
        "sequence": 8,
        "status": 1,
        "fuel": 7034,
        "fault": 0.1252,
        "weapon": 0,
        "pilot_injury": 0.03,
        "pilot_skill": 0.8974,
        "mission_priority": 0.6226,
        "estimated_landing_time": 758.0,
        "wait_time": 0,
        "Landing_success_rate": 0.9506
    },
    {
        "model": 1,
        "sequence": 3,
        "status": 1,
        "fuel": 6130,
        "fault": 0.619,
        "weapon": 0,
        "pilot_injury": 0.8474,
        "pilot_skill": 0.0624,
        "mission_priority": 0.3353,
        "estimated_landing_time": 288.0,
        "wait_time": 0,
        "Landing_success_rate": 0.868
    },
    {
        "model": 2,
        "sequence": 7,
        "status": 1,
        "fuel": 7266,
        "fault": 0.4354,
        "weapon": 1,
        "pilot_injury": 0.817,
        "pilot_skill": 0.8525,
        "mission_priority": 0.938,
        "estimated_landing_time": 664.0,
        "wait_time": 0,
        "Landing_success_rate": 0.9248
    },
    {
        "model": 0,
        "sequence": 1,
        "status": 1,
        "fuel": 7438,
        "fault": 0.5519,
        "weapon": 1,
        "pilot_injury": 0.071,
        "pilot_skill": 0.2108,
        "mission_priority": 0.2294,
        "estimated_landing_time": 100.0,
        "wait_time": 0,
        "Landing_success_rate": 0.9151
    },
    {
        "model": 0,
        "sequence": 12,
        "status": 1,
        "fuel": 5775,
        "fault": 0.0552,
        "weapon": 1,
        "pilot_injury": 0.101,
        "pilot_skill": 0.1675,
        "mission_priority": 0.1473,
        "estimated_landing_time": 1134.0,
        "wait_time": 0,
        "Landing_success_rate": 0.8695
    },
    {
        "model": 1,
        "sequence": 4,
        "status": 1,
        "fuel": 7422,
        "fault": 0.9853,
        "weapon": 0,
        "pilot_injury": 0.9678,
        "pilot_skill": 0.4397,
        "mission_priority": 0.2784,
        "estimated_landing_time": 382.0,
        "wait_time": 0,
        "Landing_success_rate": 0.8521
    },
    {
        "model": 1,
        "sequence": 2,
        "status": 1,
        "fuel": 5859,
        "fault": 0.2073,
        "weapon": 1,
        "pilot_injury": 0.2994,
        "pilot_skill": 0.2325,
        "mission_priority": 0.1297,
        "estimated_landing_time": 194.0,
        "wait_time": 0,
        "Landing_success_rate": 0.8713
    }
]