[
    {
        "model": 0,
        "sequence": 2,
        "status": 1,
        "fuel": 5847,
        "fault": 0.1042,
        "weapon": 1,
        "pilot_injury": 0.7868,
        "pilot_skill": 0.9708,
        "mission_priority": 0.2627,
        "estimated_landing_time": 194.0,
        "wait_time": 0,
        "Landing_success_rate": 0.8733
    },
    {
        "model": 2,
        "sequence": 7,
        "status": 1,
        "fuel": 6685,
        "fault": 0.4729,
        "weapon": 0,
        "pilot_injury": 0.5063,
        "pilot_skill": 0.6341,
        "mission_priority": 0.0709,
        "estimated_landing_time": 664.0,
        "wait_time": 0,
        "Landing_success_rate": 0.8968
    },
    {
        "model": 2,
        "sequence": 9,
        "status": 1,
        "fuel": 7188,
        "fault": 0.0029,
        "weapon": 0,
        "pilot_injury": 0.4725,
        "pilot_skill": 0.0456,
        "mission_priority": 0.14,
        "estimated_landing_time": 852.0,
        "wait_time": 0,
        "Landing_success_rate": 0.9762
    },
    {
        "model": 1,
        "sequence": 12,
        "status": 1,
        "fuel": 6903,
        "fault": 0.4696,
        "weapon": 0,
        "pilot_injury": 0.3313,
        "pilot_skill": 0.482,
        "mission_priority": 0.1961,
        "estimated_landing_time": 1134.0,
        "wait_time": 0,
        "Landing_success_rate": 0.9058
    },
    {
        "model": 1,
        "sequence": 10,
        "status": 1,
        "fuel": 6814,
        "fault": 0.4475,
        "weapon": 1,
        "pilot_injury": 0.207,
        "pilot_skill": 0.5166,
        "mission_priority": 0.0055,
        "estimated_landing_time": 946.0,
        "wait_time": 0,
        "Landing_success_rate": 0.9044
    },
    {
        "model": 2,
        "sequence": 11,
        "status": 1,
        "fuel": 6825,
        "fault": 0.0495,
        "weapon": 1,
        "pilot_injury": 0.0367,
        "pilot_skill": 0.108,
        "mission_priority": 0.3389,
        "estimated_landing_time": 1040.0,
        "wait_time": 0,
        "Landing_success_rate": 0.9445
    },
    {
        "model": 2,
        "sequence": 1,
        "status": 1,
        "fuel": 5840,
        "fault": 0.4385,
        "weapon": 1,
        "pilot_injury": 0.5127,
        "pilot_skill": 0.2935,
        "mission_priority": 0.9318,
        "estimated_landing_time": 100.0,
        "wait_time": 0,
        "Landing_success_rate": 0.8643
    },
    {
        "model": 0,
        "sequence": 4,
        "status": 1,
        "fuel": 7300,
        "fault": 0.8167,
        "weapon": 0,
        "pilot_injury": 0.6171,
        "pilot_skill": 0.1138,
        "mission_priority": 0.3452,
        "estimated_landing_time": 382.0,
        "wait_time": 0,
        "Landing_success_rate": 0.8747
    },
    {
        "model": 2,
        "sequence": 6,
        "status": 1,
        "fuel": 7458,
        "fault": 0.5748,
        "weapon": 0,
        "pilot_injury": 0.4935,
        "pilot_skill": 0.7023,
        "mission_priority": 0.9928,
        "estimated_landing_time": 570.0,
        "wait_time": 0,
        "Landing_success_rate": 0.9124
    },
    {
        "model": 1,
        "sequence": 3,
        "status": 1,
        "fuel": 6856,
        "fault": 0.9294,
        "weapon": 0,
        "pilot_injury": 0.3946,
        "pilot_skill": 0.4218,
        "mission_priority": 0.411,
        "estimated_landing_time": 288.0,
        "wait_time": 0,
        "Landing_success_rate": 0.8572
    },
    {
        "model": 0,
        "sequence": 5,
        "status": 1,
        "fuel": 5955,
        "fault": 0.6709,
        "weapon": 0,
        "pilot_injury": 0.6079,
        "pilot_skill": 0.3094,
        "mission_priority": 0.8238,
        "estimated_landing_time": 476.0,
        "wait_time": 0,
        "Landing_success_rate": 0.8612
    },
    {
        "model": 1,
        "sequence": 8,
        "status": 1,
        "fuel": 5602,
        "fault": 0.954,
        "weapon": 0,
        "pilot_injury": 0.0016,
        "pilot_skill": 0.6364,
        "mission_priority": 0.0511,
        "estimated_landing_time": 758.0,
        "wait_time": 0,
        "Landing_success_rate": 0.8504
    }
]