[
    {
        "model": 1,
        "sequence": 4,
        "status": 1,
        "fuel": 6916,
        "fault": 0.6885,
        "weapon": 0,
        "pilot_injury": 0.1733,
        "pilot_skill": 0.1564,
        "mission_priority": 0.2502,
        "estimated_landing_time": 382.0,
        "wait_time": 0,
        "Landing_success_rate": 0.8831
    },
    {
        "model": 0,
        "sequence": 1,
        "status": 1,
        "fuel": 7161,
        "fault": 0.0939,
        "weapon": 0,
        "pilot_injury": 0.6602,
        "pilot_skill": 0.2799,
        "mission_priority": 0.9549,
        "estimated_landing_time": 100.0,
        "wait_time": 0,
        "Landing_success_rate": 0.9629
    },
    {
        "model": 1,
        "sequence": 11,
        "status": 1,
        "fuel": 6203,
        "fault": 0.5544,
        "weapon": 1,
        "pilot_injury": 0.73,
        "pilot_skill": 0.0477,
        "mission_priority": 0.566,
        "estimated_landing_time": 1040.0,
        "wait_time": 0,
        "Landing_success_rate": 0.8735
    },
    {
        "model": 2,
        "sequence": 6,
        "status": 1,
        "fuel": 6958,
        "fault": 0.7578,
        "weapon": 0,
        "pilot_injury": 0.3419,
        "pilot_skill": 0.0918,
        "mission_priority": 0.0942,
        "estimated_landing_time": 570.0,
        "wait_time": 0,
        "Landing_success_rate": 0.8765
    },
    {
        "model": 2,
        "sequence": 9,
        "status": 1,
        "fuel": 5593,
        "fault": 0.8555,
        "weapon": 1,
        "pilot_injury": 0.1753,
        "pilot_skill": 0.0172,
        "mission_priority": 0.7634,
        "estimated_landing_time": 852.0,
        "wait_time": 0,
        "Landing_success_rate": 0.851
    },
    {
        "model": 2,
        "sequence": 12,
        "status": 1,
        "fuel": 5840,
        "fault": 0.4735,
        "weapon": 0,
        "pilot_injury": 0.4647,
        "pilot_skill": 0.6498,
        "mission_priority": 0.0481,
        "estimated_landing_time": 1134.0,
        "wait_time": 0,
        "Landing_success_rate": 0.8634
    },
    {
        "model": 0,
        "sequence": 5,
        "status": 1,
        "fuel": 7281,
        "fault": 0.6351,
        "weapon": 1,
        "pilot_injury": 0.2609,
        "pilot_skill": 0.0153,
        "mission_priority": 0.9334,
        "estimated_landing_time": 476.0,
        "wait_time": 0,
        "Landing_success_rate": 0.8987
    },
    {
        "model": 1,
        "sequence": 2,
        "status": 1,
        "fuel": 7131,
        "fault": 0.8565,
        "weapon": 0,
        "pilot_injury": 0.684,
        "pilot_skill": 0.6159,
        "mission_priority": 0.9439,
        "estimated_landing_time": 194.0,
        "wait_time": 0,
        "Landing_success_rate": 0.8676
    },
    {
        "model": 1,
        "sequence": 7,
        "status": 1,
        "fuel": 5757,
        "fault": 0.0265,
        "weapon": 1,
        "pilot_injury": 0.6364,
        "pilot_skill": 0.8009,
        "mission_priority": 0.6772,
        "estimated_landing_time": 664.0,
        "wait_time": 0,
        "Landing_success_rate": 0.8688
    },
    {
        "model": 1,
        "sequence": 10,
        "status": 1,
        "fuel": 7198,
        "fault": 0.6433,
        "weapon": 0,
        "pilot_injury": 0.8112,
        "pilot_skill": 0.8206,
        "mission_priority": 0.6259,
        "estimated_landing_time": 946.0,
        "wait_time": 0,
        "Landing_success_rate": 0.8954
    },
    {
        "model": 2,
        "sequence": 3,
        "status": 1,
        "fuel": 7100,
        "fault": 0.9612,
        "weapon": 1,
        "pilot_injury": 0.2067,
        "pilot_skill": 0.274,
        "mission_priority": 0.2146,
        "estimated_landing_time": 288.0,
        "wait_time": 0,
        "Landing_success_rate": 0.8547
    },
    {
        "model": 0,
        "sequence": 8,
        "status": 1,
        "fuel": 6825,
        "fault": 0.0182,
        "weapon": 0,
        "pilot_injury": 0.6183,
        "pilot_skill": 0.3366,
        "mission_priority": 0.6557,
        "estimated_landing_time": 758.0,
        "wait_time": 0,
        "Landing_success_rate": 0.9476
    }
]