[
    {
        "model": 1,
        "sequence": 10,
        "status": 1,
        "fuel": 6348,
        "fault": 0.6906,
        "weapon": 0,
        "pilot_injury": 0.469,
        "pilot_skill": 0.5044,
        "mission_priority": 0.5851,
        "estimated_landing_time": 946.0,
        "wait_time": 0,
        "Landing_success_rate": 0.8697
    },
    {
        "model": 1,
        "sequence": 6,
        "status": 1,
        "fuel": 6582,
        "fault": 0.6696,
        "weapon": 1,
        "pilot_injury": 0.3327,
        "pilot_skill": 0.0712,
        "mission_priority": 0.0895,
        "estimated_landing_time": 570.0,
        "wait_time": 0,
        "Landing_success_rate": 0.8768
    },
    {
        "model": 0,
        "sequence": 4,
        "status": 1,
        "fuel": 7487,
        "fault": 0.4467,
        "weapon": 1,
        "pilot_injury": 0.5161,
        "pilot_skill": 0.3048,
        "mission_priority": 0.6879,
        "estimated_landing_time": 382.0,
        "wait_time": 0,
        "Landing_success_rate": 0.9325
    },
    {
        "model": 2,
        "sequence": 8,
        "status": 1,
        "fuel": 6694,
        "fault": 0.3048,
        "weapon": 0,
        "pilot_injury": 0.193,
        "pilot_skill": 0.1162,
        "mission_priority": 0.6163,
        "estimated_landing_time": 758.0,
        "wait_time": 0,
        "Landing_success_rate": 0.9123
    },
    {
        "model": 1,
        "sequence": 11,
        "status": 1,
        "fuel": 6474,
        "fault": 0.6901,
        "weapon": 1,
        "pilot_injury": 0.6531,
        "pilot_skill": 0.1485,
        "mission_priority": 0.5543,
        "estimated_landing_time": 1040.0,
        "wait_time": 0,
        "Landing_success_rate": 0.8726
    },
    {
        "model": 1,
        "sequence": 2,
        "status": 1,
        "fuel": 6090,
        "fault": 0.1006,
        "weapon": 0,
        "pilot_injury": 0.0551,
        "pilot_skill": 0.8879,
        "mission_priority": 0.703,
        "estimated_landing_time": 194.0,
        "wait_time": 0,
        "Landing_success_rate": 0.8898
    },
    {
        "model": 1,
        "sequence": 9,
        "status": 1,
        "fuel": 5628,
        "fault": 0.4601,
        "weapon": 0,
        "pilot_injury": 0.4317,
        "pilot_skill": 0.8176,
        "mission_priority": 0.8429,
        "estimated_landing_time": 852.0,
        "wait_time": 0,
        "Landing_success_rate": 0.8552
    },
    {
        "model": 2,
        "sequence": 12,
        "status": 1,
        "fuel": 6590,
        "fault": 0.2107,
        "weapon": 0,
        "pilot_injury": 0.0054,
        "pilot_skill": 0.0352,
        "mission_priority": 0.9118,
        "estimated_landing_time": 1134.0,
        "wait_time": 0,
        "Landing_success_rate": 0.9145
    },
    {
        "model": 2,
        "sequence": 3,
        "status": 1,
        "fuel": 7381,
        "fault": 0.0751,
        "weapon": 1,
        "pilot_injury": 0.7536,
        "pilot_skill": 0.9556,
        "mission_priority": 0.7721,
        "estimated_landing_time": 288.0,
        "wait_time": 0,
        "Landing_success_rate": 0.9805
    },
    {
        "model": 0,
        "sequence": 5,
        "status": 1,
        "fuel": 6994,
        "fault": 0.5574,
        "weapon": 0,
        "pilot_injury": 0.1682,
        "pilot_skill": 0.8336,
        "mission_priority": 0.1951,
        "estimated_landing_time": 476.0,
        "wait_time": 0,
        "Landing_success_rate": 0.8996
    },
    {
        "model": 1,
        "sequence": 7,
        "status": 1,
        "fuel": 6805,
        "fault": 0.4371,
        "weapon": 0,
        "pilot_injury": 0.677,
        "pilot_skill": 0.4972,
        "mission_priority": 0.094,
        "estimated_landing_time": 664.0,
        "wait_time": 0,
        "Landing_success_rate": 0.9051
    },
    {
        "model": 2,
        "sequence": 1,
        "status": 1,
        "fuel": 7282,
        "fault": 0.6078,
        "weapon": 0,
        "pilot_injury": 0.9607,
        "pilot_skill": 0.3205,
        "mission_priority": 0.9963,
        "estimated_landing_time": 100.0,
        "wait_time": 0,
        "Landing_success_rate": 0.9024
    }
]