[
    {
        "model": 0,
        "sequence": 9,
        "status": 1,
        "fuel": 6070,
        "fault": 0.1286,
        "weapon": 1,
        "pilot_injury": 0.4893,
        "pilot_skill": 0.8133,
        "mission_priority": 0.0988,
        "estimated_landing_time": 852.0,
        "wait_time": 0,
        "Landing_success_rate": 0.8873
    },
    {
        "model": 1,
        "sequence": 2,
        "status": 1,
        "fuel": 6878,
        "fault": 0.6449,
        "weapon": 1,
        "pilot_injury": 0.7644,
        "pilot_skill": 0.724,
        "mission_priority": 0.565,
        "estimated_landing_time": 194.0,
        "wait_time": 0,
        "Landing_success_rate": 0.8867
    },
    {
        "model": 0,
        "sequence": 1,
        "status": 1,
        "fuel": 7434,
        "fault": 0.1469,
        "weapon": 1,
        "pilot_injury": 0.7667,
        "pilot_skill": 0.8119,
        "mission_priority": 0.8133,
        "estimated_landing_time": 100.0,
        "wait_time": 0,
        "Landing_success_rate": 0.9737
    },
    {
        "model": 2,
        "sequence": 6,
        "status": 1,
        "fuel": 6663,
        "fault": 0.2566,
        "weapon": 0,
        "pilot_injury": 0.8647,
        "pilot_skill": 0.926,
        "mission_priority": 0.0238,
        "estimated_landing_time": 570.0,
        "wait_time": 0,
        "Landing_success_rate": 0.9148
    },
    {
        "model": 0,
        "sequence": 5,
        "status": 1,
        "fuel": 6322,
        "fault": 0.9571,
        "weapon": 1,
        "pilot_injury": 0.2772,
        "pilot_skill": 0.8734,
        "mission_priority": 0.3888,
        "estimated_landing_time": 476.0,
        "wait_time": 0,
        "Landing_success_rate": 0.8526
    },
    {
        "model": 2,
        "sequence": 10,
        "status": 1,
        "fuel": 7398,
        "fault": 0.137,
        "weapon": 0,
        "pilot_injury": 0.1565,
        "pilot_skill": 0.2499,
        "mission_priority": 0.4885,
        "estimated_landing_time": 946.0,
        "wait_time": 0,
        "Landing_success_rate": 0.9728
    },
    {
        "model": 2,
        "sequence": 11,
        "status": 1,
        "fuel": 6988,
        "fault": 0.4107,
        "weapon": 0,
        "pilot_injury": 0.4415,
        "pilot_skill": 0.5182,
        "mission_priority": 0.5218,
        "estimated_landing_time": 1040.0,
        "wait_time": 0,
        "Landing_success_rate": 0.9158
    },
    {
        "model": 1,
        "sequence": 8,
        "status": 1,
        "fuel": 7220,
        "fault": 0.5987,
        "weapon": 1,
        "pilot_injury": 0.0088,
        "pilot_skill": 0.0017,
        "mission_priority": 0.0977,
        "estimated_landing_time": 758.0,
        "wait_time": 0,
        "Landing_success_rate": 0.9018
    },
    {
        "model": 0,
        "sequence": 3,
        "status": 1,
        "fuel": 6806,
        "fault": 0.5757,
        "weapon": 0,
        "pilot_injury": 0.2049,
        "pilot_skill": 0.8947,
        "mission_priority": 0.9286,
        "estimated_landing_time": 288.0,
        "wait_time": 0,
        "Landing_success_rate": 0.8916
    },
    {
        "model": 1,
        "sequence": 4,
        "status": 1,
        "fuel": 6862,
        "fault": 0.5827,
        "weapon": 1,
        "pilot_injury": 0.2719,
        "pilot_skill": 0.5098,
        "mission_priority": 0.1755,
        "estimated_landing_time": 382.0,
        "wait_time": 0,
        "Landing_success_rate": 0.8926
    },
    {
        "model": 1,
        "sequence": 12,
        "status": 1,
        "fuel": 5890,
        "fault": 0.2089,
        "weapon": 1,
        "pilot_injury": 0.8513,
        "pilot_skill": 0.4334,
        "mission_priority": 0.7587,
        "estimated_landing_time": 1134.0,
        "wait_time": 0,
        "Landing_success_rate": 0.8731
    },
    {
        "model": 1,
        "sequence": 7,
        "status": 1,
        "fuel": 6210,
        "fault": 0.4407,
        "weapon": 0,
        "pilot_injury": 0.7532,
        "pilot_skill": 0.4254,
        "mission_priority": 0.9955,
        "estimated_landing_time": 664.0,
        "wait_time": 0,
        "Landing_success_rate": 0.8798
    }
]