[
    {
        "model": 1,
        "sequence": 1,
        "status": 1,
        "fuel": 7154,
        "fault": 0.2926,
        "weapon": 0,
        "pilot_injury": 0.8591,
        "pilot_skill": 0.2284,
        "mission_priority": 0.2201,
        "estimated_landing_time": 100.0,
        "wait_time": 0,
        "Landing_success_rate": 0.9378
    },
    {
        "model": 0,
        "sequence": 6,
        "status": 1,
        "fuel": 6098,
        "fault": 0.581,
        "weapon": 0,
        "pilot_injury": 0.8527,
        "pilot_skill": 0.7749,
        "mission_priority": 0.3927,
        "estimated_landing_time": 570.0,
        "wait_time": 0,
        "Landing_success_rate": 0.8688
    },
    {
        "model": 1,
        "sequence": 11,
        "status": 1,
        "fuel": 5515,
        "fault": 0.178,
        "weapon": 1,
        "pilot_injury": 0.2534,
        "pilot_skill": 0.505,
        "mission_priority": 0.0305,
        "estimated_landing_time": 1040.0,
        "wait_time": 0,
        "Landing_success_rate": 0.8509
    },
    {
        "model": 0,
        "sequence": 5,
        "status": 1,
        "fuel": 6276,
        "fault": 0.8577,
        "weapon": 0,
        "pilot_injury": 0.7517,
        "pilot_skill": 0.4229,
        "mission_priority": 0.5172,
        "estimated_landing_time": 476.0,
        "wait_time": 0,
        "Landing_success_rate": 0.8583
    },
    {
        "model": 1,
        "sequence": 7,
        "status": 1,
        "fuel": 7355,
        "fault": 0.8361,
        "weapon": 1,
        "pilot_injury": 0.7842,
        "pilot_skill": 0.7633,
        "mission_priority": 0.7226,
        "estimated_landing_time": 664.0,
        "wait_time": 0,
        "Landing_success_rate": 0.8728
    },
    {
        "model": 1,
        "sequence": 3,
        "status": 1,
        "fuel": 6900,
        "fault": 0.7055,
        "weapon": 1,
        "pilot_injury": 0.4698,
        "pilot_skill": 0.3308,
        "mission_priority": 0.7549,
        "estimated_landing_time": 288.0,
        "wait_time": 0,
        "Landing_success_rate": 0.8809
    },
    {
        "model": 1,
        "sequence": 9,
        "status": 1,
        "fuel": 6325,
        "fault": 0.7336,
        "weapon": 0,
        "pilot_injury": 0.399,
        "pilot_skill": 0.9799,
        "mission_priority": 0.2259,
        "estimated_landing_time": 852.0,
        "wait_time": 0,
        "Landing_success_rate": 0.8665
    },
    {
        "model": 0,
        "sequence": 8,
        "status": 1,
        "fuel": 7056,
        "fault": 0.3789,
        "weapon": 1,
        "pilot_injury": 0.071,
        "pilot_skill": 0.4879,
        "mission_priority": 0.7022,
        "estimated_landing_time": 758.0,
        "wait_time": 0,
        "Landing_success_rate": 0.9225
    },
    {
        "model": 2,
        "sequence": 2,
        "status": 1,
        "fuel": 6122,
        "fault": 0.1198,
        "weapon": 1,
        "pilot_injury": 0.2889,
        "pilot_skill": 0.0862,
        "mission_priority": 0.9366,
        "estimated_landing_time": 194.0,
        "wait_time": 0,
        "Landing_success_rate": 0.8911
    },
    {
        "model": 1,
        "sequence": 10,
        "status": 1,
        "fuel": 5951,
        "fault": 0.7716,
        "weapon": 1,
        "pilot_injury": 0.792,
        "pilot_skill": 0.3243,
        "mission_priority": 0.7162,
        "estimated_landing_time": 946.0,
        "wait_time": 0,
        "Landing_success_rate": 0.8577
    },
    {
        "model": 1,
        "sequence": 4,
        "status": 1,
        "fuel": 7361,
        "fault": 0.3509,
        "weapon": 1,
        "pilot_injury": 0.1447,
        "pilot_skill": 0.8112,
        "mission_priority": 0.2226,
        "estimated_landing_time": 382.0,
        "wait_time": 0,
        "Landing_success_rate": 0.9406
    },
    {
        "model": 0,
        "sequence": 12,
        "status": 1,
        "fuel": 6120,
        "fault": 0.2656,
        "weapon": 1,
        "pilot_injury": 0.5278,
        "pilot_skill": 0.54,
        "mission_priority": 0.461,
        "estimated_landing_time": 1134.0,
        "wait_time": 0,
        "Landing_success_rate": 0.8841
    }
]