[
    {
        "model": 1,
        "sequence": 2,
        "status": 1,
        "fuel": 6978,
        "fault": 0.1066,
        "weapon": 0,
        "pilot_injury": 0.6611,
        "pilot_skill": 0.3328,
        "mission_priority": 0.3821,
        "estimated_landing_time": 194.0,
        "wait_time": 0,
        "Landing_success_rate": 0.949
    },
    {
        "model": 1,
        "sequence": 1,
        "status": 1,
        "fuel": 7167,
        "fault": 0.9967,
        "weapon": 0,
        "pilot_injury": 0.2559,
        "pilot_skill": 0.1968,
        "mission_priority": 0.0159,
        "estimated_landing_time": 100.0,
        "wait_time": 0,
        "Landing_success_rate": 0.8504
    },
    {
        "model": 0,
        "sequence": 6,
        "status": 1,
        "fuel": 6679,
        "fault": 0.6896,
        "weapon": 1,
        "pilot_injury": 0.3839,
        "pilot_skill": 0.2687,
        "mission_priority": 0.6521,
        "estimated_landing_time": 570.0,
        "wait_time": 0,
        "Landing_success_rate": 0.8774
    },
    {
        "model": 0,
        "sequence": 9,
        "status": 1,
        "fuel": 6973,
        "fault": 0.6954,
        "weapon": 0,
        "pilot_injury": 0.7681,
        "pilot_skill": 0.1643,
        "mission_priority": 0.7533,
        "estimated_landing_time": 852.0,
        "wait_time": 0,
        "Landing_success_rate": 0.8837
    },
    {
        "model": 2,
        "sequence": 5,
        "status": 1,
        "fuel": 6999,
        "fault": 0.4934,
        "weapon": 1,
        "pilot_injury": 0.0188,
        "pilot_skill": 0.9739,
        "mission_priority": 0.1934,
        "estimated_landing_time": 476.0,
        "wait_time": 0,
        "Landing_success_rate": 0.907
    },
    {
        "model": 1,
        "sequence": 8,
        "status": 1,
        "fuel": 7318,
        "fault": 0.7451,
        "weapon": 1,
        "pilot_injury": 0.2645,
        "pilot_skill": 0.13,
        "mission_priority": 0.4967,
        "estimated_landing_time": 758.0,
        "wait_time": 0,
        "Landing_success_rate": 0.8848
    },
    {
        "model": 1,
        "sequence": 10,
        "status": 1,
        "fuel": 7482,
        "fault": 0.3068,
        "weapon": 0,
        "pilot_injury": 0.9042,
        "pilot_skill": 0.8052,
        "mission_priority": 0.2745,
        "estimated_landing_time": 946.0,
        "wait_time": 0,
        "Landing_success_rate": 0.953
    },
    {
        "model": 0,
        "sequence": 11,
        "status": 1,
        "fuel": 6639,
        "fault": 0.6444,
        "weapon": 1,
        "pilot_injury": 0.9291,
        "pilot_skill": 0.4587,
        "mission_priority": 0.7686,
        "estimated_landing_time": 1040.0,
        "wait_time": 0,
        "Landing_success_rate": 0.8804
    },
    {
        "model": 0,
        "sequence": 4,
        "status": 1,
        "fuel": 7340,
        "fault": 0.3075,
        "weapon": 0,
        "pilot_injury": 0.9944,
        "pilot_skill": 0.0383,
        "mission_priority": 0.1623,
        "estimated_landing_time": 382.0,
        "wait_time": 0,
        "Landing_success_rate": 0.9456
    },
    {
        "model": 0,
        "sequence": 3,
        "status": 1,
        "fuel": 5514,
        "fault": 0.0428,
        "weapon": 1,
        "pilot_injury": 0.8868,
        "pilot_skill": 0.7152,
        "mission_priority": 0.0367,
        "estimated_landing_time": 288.0,
        "wait_time": 0,
        "Landing_success_rate": 0.851
    },
    {
        "model": 1,
        "sequence": 12,
        "status": 1,
        "fuel": 6299,
        "fault": 0.7368,
        "weapon": 0,
        "pilot_injury": 0.5831,
        "pilot_skill": 0.9359,
        "mission_priority": 0.8676,
        "estimated_landing_time": 1134.0,
        "wait_time": 0,
        "Landing_success_rate": 0.8658
    },
    {
        "model": 0,
        "sequence": 7,
        "status": 1,
        "fuel": 6833,
        "fault": 0.8391,
        "weapon": 1,
        "pilot_injury": 0.9443,
        "pilot_skill": 0.5173,
        "mission_priority": 0.0744,
        "estimated_landing_time": 664.0,
        "wait_time": 0,
        "Landing_success_rate": 0.8661
    }
]