[
    {
        "model": 0,
        "sequence": 2,
        "status": 1,
        "fuel": 6695,
        "fault": 0.3182,
        "weapon": 1,
        "pilot_injury": 0.0235,
        "pilot_skill": 0.3755,
        "mission_priority": 0.1107,
        "estimated_landing_time": 194.0,
        "wait_time": 0,
        "Landing_success_rate": 0.9111
    },
    {
        "model": 1,
        "sequence": 3,
        "status": 1,
        "fuel": 6674,
        "fault": 0.9468,
        "weapon": 0,
        "pilot_injury": 0.3733,
        "pilot_skill": 0.4175,
        "mission_priority": 0.3006,
        "estimated_landing_time": 288.0,
        "wait_time": 0,
        "Landing_success_rate": 0.8547
    },
    {
        "model": 2,
        "sequence": 9,
        "status": 1,
        "fuel": 5566,
        "fault": 0.2132,
        "weapon": 1,
        "pilot_injury": 0.4006,
        "pilot_skill": 0.1923,
        "mission_priority": 0.2707,
        "estimated_landing_time": 852.0,
        "wait_time": 0,
        "Landing_success_rate": 0.8539
    },
    {
        "model": 2,
        "sequence": 5,
        "status": 1,
        "fuel": 6597,
        "fault": 0.2398,
        "weapon": 0,
        "pilot_injury": 0.455,
        "pilot_skill": 0.1496,
        "mission_priority": 0.4497,
        "estimated_landing_time": 476.0,
        "wait_time": 0,
        "Landing_success_rate": 0.9125
    },
    {
        "model": 0,
        "sequence": 12,
        "status": 1,
        "fuel": 5612,
        "fault": 0.9568,
        "weapon": 0,
        "pilot_injury": 0.8841,
        "pilot_skill": 0.0839,
        "mission_priority": 0.5167,
        "estimated_landing_time": 1134.0,
        "wait_time": 0,
        "Landing_success_rate": 0.8504
    },
    {
        "model": 0,
        "sequence": 11,
        "status": 1,
        "fuel": 6620,
        "fault": 0.8024,
        "weapon": 0,
        "pilot_injury": 0.8768,
        "pilot_skill": 0.5275,
        "mission_priority": 0.3342,
        "estimated_landing_time": 1040.0,
        "wait_time": 0,
        "Landing_success_rate": 0.8666
    },
    {
        "model": 0,
        "sequence": 7,
        "status": 1,
        "fuel": 6490,
        "fault": 0.5656,
        "weapon": 0,
        "pilot_injury": 0.6245,
        "pilot_skill": 0.4681,
        "mission_priority": 0.2175,
        "estimated_landing_time": 664.0,
        "wait_time": 0,
        "Landing_success_rate": 0.8823
    },
    {
        "model": 2,
        "sequence": 8,
        "status": 1,
        "fuel": 6417,
        "fault": 0.9316,
        "weapon": 0,
        "pilot_injury": 0.5201,
        "pilot_skill": 0.4007,
        "mission_priority": 0.5214,
        "estimated_landing_time": 758.0,
        "wait_time": 0,
        "Landing_success_rate": 0.8547
    },
    {
        "model": 2,
        "sequence": 10,
        "status": 1,
        "fuel": 6127,
        "fault": 0.4,
        "weapon": 0,
        "pilot_injury": 0.1787,
        "pilot_skill": 0.5849,
        "mission_priority": 0.6652,
        "estimated_landing_time": 946.0,
        "wait_time": 0,
        "Landing_success_rate": 0.8782
    },
    {
        "model": 0,
        "sequence": 6,
        "status": 1,
        "fuel": 5526,
        "fault": 0.882,
        "weapon": 0,
        "pilot_injury": 0.1713,
        "pilot_skill": 0.9655,
        "mission_priority": 0.527,
        "estimated_landing_time": 570.0,
        "wait_time": 0,
        "Landing_success_rate": 0.8502
    },
    {
        "model": 1,
        "sequence": 1,
        "status": 1,
        "fuel": 7408,
        "fault": 0.6233,
        "weapon": 1,
        "pilot_injury": 0.6246,
        "pilot_skill": 0.3027,
        "mission_priority": 0.2961,
        "estimated_landing_time": 100.0,
        "wait_time": 0,
        "Landing_success_rate": 0.9039
    },
    {
        "model": 2,
        "sequence": 4,
        "status": 1,
        "fuel": 6851,
        "fault": 0.8038,
        "weapon": 0,
        "pilot_injury": 0.7947,
        "pilot_skill": 0.9627,
        "mission_priority": 0.0719,
        "estimated_landing_time": 382.0,
        "wait_time": 0,
        "Landing_success_rate": 0.8699
    }
]