[
    {
        "model": 0,
        "sequence": 9,
        "status": 1,
        "fuel": 6596,
        "fault": 0.255,
        "weapon": 0,
        "pilot_injury": 0.3592,
        "pilot_skill": 0.6003,
        "mission_priority": 0.1181,
        "estimated_landing_time": 852.0,
        "wait_time": 0,
        "Landing_success_rate": 0.9112
    },
    {
        "model": 2,
        "sequence": 1,
        "status": 1,
        "fuel": 5925,
        "fault": 0.0475,
        "weapon": 0,
        "pilot_injury": 0.5789,
        "pilot_skill": 0.3927,
        "mission_priority": 0.5777,
        "estimated_landing_time": 100.0,
        "wait_time": 0,
        "Landing_success_rate": 0.8804
    },
    {
        "model": 2,
        "sequence": 12,
        "status": 1,
        "fuel": 5953,
        "fault": 0.6981,
        "weapon": 0,
        "pilot_injury": 0.6495,
        "pilot_skill": 0.4242,
        "mission_priority": 0.425,
        "estimated_landing_time": 1134.0,
        "wait_time": 0,
        "Landing_success_rate": 0.8603
    },
    {
        "model": 0,
        "sequence": 6,
        "status": 1,
        "fuel": 6653,
        "fault": 0.9481,
        "weapon": 1,
        "pilot_injury": 0.5872,
        "pilot_skill": 0.4765,
        "mission_priority": 0.3257,
        "estimated_landing_time": 570.0,
        "wait_time": 0,
        "Landing_success_rate": 0.8545
    },
    {
        "model": 0,
        "sequence": 3,
        "status": 1,
        "fuel": 6920,
        "fault": 0.024,
        "weapon": 0,
        "pilot_injury": 0.9144,
        "pilot_skill": 0.0206,
        "mission_priority": 0.9624,
        "estimated_landing_time": 288.0,
        "wait_time": 0,
        "Landing_success_rate": 0.9539
    },
    {
        "model": 2,
        "sequence": 2,
        "status": 1,
        "fuel": 6477,
        "fault": 0.4127,
        "weapon": 0,
        "pilot_injury": 0.3831,
        "pilot_skill": 0.8356,
        "mission_priority": 0.9672,
        "estimated_landing_time": 194.0,
        "wait_time": 0,
        "Landing_success_rate": 0.893
    },
    {
        "model": 0,
        "sequence": 7,
        "status": 1,
        "fuel": 5513,
        "fault": 0.6598,
        "weapon": 0,
        "pilot_injury": 0.8466,
        "pilot_skill": 0.4269,
        "mission_priority": 0.552,
        "estimated_landing_time": 664.0,
        "wait_time": 0,
        "Landing_success_rate": 0.8503
    },
    {
        "model": 0,
        "sequence": 4,
        "status": 1,
        "fuel": 7075,
        "fault": 0.523,
        "weapon": 0,
        "pilot_injury": 0.532,
        "pilot_skill": 0.809,
        "mission_priority": 0.7807,
        "estimated_landing_time": 382.0,
        "wait_time": 0,
        "Landing_success_rate": 0.9063
    },
    {
        "model": 0,
        "sequence": 11,
        "status": 1,
        "fuel": 6896,
        "fault": 0.5064,
        "weapon": 1,
        "pilot_injury": 0.8001,
        "pilot_skill": 0.3461,
        "mission_priority": 0.1726,
        "estimated_landing_time": 1040.0,
        "wait_time": 0,
        "Landing_success_rate": 0.9017
    },
    {
        "model": 2,
        "sequence": 8,
        "status": 1,
        "fuel": 5545,
        "fault": 0.9416,
        "weapon": 1,
        "pilot_injury": 0.3524,
        "pilot_skill": 0.5549,
        "mission_priority": 0.188,
        "estimated_landing_time": 758.0,
        "wait_time": 0,
        "Landing_success_rate": 0.8502
    },
    {
        "model": 0,
        "sequence": 5,
        "status": 1,
        "fuel": 6148,
        "fault": 0.6477,
        "weapon": 1,
        "pilot_injury": 0.2264,
        "pilot_skill": 0.4807,
        "mission_priority": 0.4989,
        "estimated_landing_time": 476.0,
        "wait_time": 0,
        "Landing_success_rate": 0.8671
    },
    {
        "model": 1,
        "sequence": 10,
        "status": 1,
        "fuel": 6352,
        "fault": 0.7339,
        "weapon": 0,
        "pilot_injury": 0.1697,
        "pilot_skill": 0.7185,
        "mission_priority": 0.7701,
        "estimated_landing_time": 946.0,
        "wait_time": 0,
        "Landing_success_rate": 0.867
    }
]