[
    {
        "model": 1,
        "sequence": 5,
        "status": 1,
        "fuel": 5563,
        "fault": 0.1825,
        "weapon": 1,
        "pilot_injury": 0.0272,
        "pilot_skill": 0.2632,
        "mission_priority": 0.7103,
        "estimated_landing_time": 476.0,
        "wait_time": 0,
        "Landing_success_rate": 0.8539
    },
    {
        "model": 0,
        "sequence": 6,
        "status": 1,
        "fuel": 6079,
        "fault": 0.9378,
        "weapon": 0,
        "pilot_injury": 0.8086,
        "pilot_skill": 0.2358,
        "mission_priority": 0.4613,
        "estimated_landing_time": 570.0,
        "wait_time": 0,
        "Landing_success_rate": 0.8527
    },
    {
        "model": 0,
        "sequence": 10,
        "status": 1,
        "fuel": 6664,
        "fault": 0.2818,
        "weapon": 0,
        "pilot_injury": 0.9547,
        "pilot_skill": 0.6967,
        "mission_priority": 0.5392,
        "estimated_landing_time": 946.0,
        "wait_time": 0,
        "Landing_success_rate": 0.9127
    },
    {
        "model": 1,
        "sequence": 3,
        "status": 1,
        "fuel": 7005,
        "fault": 0.9443,
        "weapon": 0,
        "pilot_injury": 0.3722,
        "pilot_skill": 0.6728,
        "mission_priority": 0.9246,
        "estimated_landing_time": 288.0,
        "wait_time": 0,
        "Landing_success_rate": 0.8563
    },
    {
        "model": 1,
        "sequence": 8,
        "status": 1,
        "fuel": 5982,
        "fault": 0.0452,
        "weapon": 0,
        "pilot_injury": 0.434,
        "pilot_skill": 0.0829,
        "mission_priority": 0.1022,
        "estimated_landing_time": 758.0,
        "wait_time": 0,
        "Landing_success_rate": 0.8845
    },
    {
        "model": 2,
        "sequence": 11,
        "status": 1,
        "fuel": 6742,
        "fault": 0.1795,
        "weapon": 1,
        "pilot_injury": 0.264,
        "pilot_skill": 0.6428,
        "mission_priority": 0.7034,
        "estimated_landing_time": 1040.0,
        "wait_time": 0,
        "Landing_success_rate": 0.9264
    },
    {
        "model": 2,
        "sequence": 12,
        "status": 1,
        "fuel": 6195,
        "fault": 0.7584,
        "weapon": 0,
        "pilot_injury": 0.0991,
        "pilot_skill": 0.3188,
        "mission_priority": 0.0513,
        "estimated_landing_time": 1134.0,
        "wait_time": 0,
        "Landing_success_rate": 0.8626
    },
    {
        "model": 2,
        "sequence": 4,
        "status": 1,
        "fuel": 7445,
        "fault": 0.908,
        "weapon": 1,
        "pilot_injury": 0.5616,
        "pilot_skill": 0.6928,
        "mission_priority": 0.5321,
        "estimated_landing_time": 382.0,
        "wait_time": 0,
        "Landing_success_rate": 0.8634
    },
    {
        "model": 2,
        "sequence": 7,
        "status": 1,
        "fuel": 6214,
        "fault": 0.8334,
        "weapon": 0,
        "pilot_injury": 0.8417,
        "pilot_skill": 0.2194,
        "mission_priority": 0.7342,
        "estimated_landing_time": 664.0,
        "wait_time": 0,
        "Landing_success_rate": 0.8589
    },
    {
        "model": 2,
        "sequence": 1,
        "status": 1,
        "fuel": 6656,
        "fault": 0.6268,
        "weapon": 0,
        "pilot_injury": 0.2973,
        "pilot_skill": 0.4705,
        "mission_priority": 0.0932,
        "estimated_landing_time": 100.0,
        "wait_time": 0,
        "Landing_success_rate": 0.8824
    },
    {
        "model": 1,
        "sequence": 9,
        "status": 1,
        "fuel": 6033,
        "fault": 0.5728,
        "weapon": 1,
        "pilot_injury": 0.1871,
        "pilot_skill": 0.5042,
        "mission_priority": 0.8491,
        "estimated_landing_time": 852.0,
        "wait_time": 0,
        "Landing_success_rate": 0.8671
    },
    {
        "model": 2,
        "sequence": 2,
        "status": 1,
        "fuel": 7121,
        "fault": 0.4216,
        "weapon": 1,
        "pilot_injury": 0.9549,
        "pilot_skill": 0.9589,
        "mission_priority": 0.8376,
        "estimated_landing_time": 194.0,
        "wait_time": 0,
        "Landing_success_rate": 0.9203
    }
]