[
    {
        "model": 0,
        "sequence": 5,
        "status": 1,
        "fuel": 5714,
        "fault": 0.7649,
        "weapon": 0,
        "pilot_injury": 0.4604,
        "pilot_skill": 0.3644,
        "mission_priority": 0.353,
        "estimated_landing_time": 476.0,
        "wait_time": 0,
        "Landing_success_rate": 0.8538
    },
    {
        "model": 1,
        "sequence": 1,
        "status": 1,
        "fuel": 6107,
        "fault": 0.7216,
        "weapon": 0,
        "pilot_injury": 0.6785,
        "pilot_skill": 0.1984,
        "mission_priority": 0.494,
        "estimated_landing_time": 100.0,
        "wait_time": 0,
        "Landing_success_rate": 0.8627
    },
    {
        "model": 0,
        "sequence": 7,
        "status": 1,
        "fuel": 6639,
        "fault": 0.8822,
        "weapon": 1,
        "pilot_injury": 0.5366,
        "pilot_skill": 0.7711,
        "mission_priority": 0.6613,
        "estimated_landing_time": 664.0,
        "wait_time": 0,
        "Landing_success_rate": 0.8601
    },
    {
        "model": 1,
        "sequence": 8,
        "status": 1,
        "fuel": 6579,
        "fault": 0.2492,
        "weapon": 1,
        "pilot_injury": 0.1626,
        "pilot_skill": 0.9955,
        "mission_priority": 0.1189,
        "estimated_landing_time": 758.0,
        "wait_time": 0,
        "Landing_success_rate": 0.9108
    },
    {
        "model": 1,
        "sequence": 3,
        "status": 1,
        "fuel": 6249,
        "fault": 0.1553,
        "weapon": 1,
        "pilot_injury": 0.245,
        "pilot_skill": 0.7297,
        "mission_priority": 0.811,
        "estimated_landing_time": 288.0,
        "wait_time": 0,
        "Landing_success_rate": 0.8975
    },
    {
        "model": 1,
        "sequence": 12,
        "status": 1,
        "fuel": 5550,
        "fault": 0.7873,
        "weapon": 1,
        "pilot_injury": 0.294,
        "pilot_skill": 0.7102,
        "mission_priority": 0.1154,
        "estimated_landing_time": 1134.0,
        "wait_time": 0,
        "Landing_success_rate": 0.8508
    },
    {
        "model": 0,
        "sequence": 6,
        "status": 1,
        "fuel": 7356,
        "fault": 0.8152,
        "weapon": 0,
        "pilot_injury": 0.3677,
        "pilot_skill": 0.5911,
        "mission_priority": 0.5038,
        "estimated_landing_time": 570.0,
        "wait_time": 0,
        "Landing_success_rate": 0.8757
    },
    {
        "model": 0,
        "sequence": 11,
        "status": 1,
        "fuel": 6594,
        "fault": 0.904,
        "weapon": 1,
        "pilot_injury": 0.0557,
        "pilot_skill": 0.574,
        "mission_priority": 0.863,
        "estimated_landing_time": 1040.0,
        "wait_time": 0,
        "Landing_success_rate": 0.8579
    },
    {
        "model": 1,
        "sequence": 9,
        "status": 1,
        "fuel": 6945,
        "fault": 0.8694,
        "weapon": 1,
        "pilot_injury": 0.5605,
        "pilot_skill": 0.3321,
        "mission_priority": 0.1549,
        "estimated_landing_time": 852.0,
        "wait_time": 0,
        "Landing_success_rate": 0.8642
    },
    {
        "model": 2,
        "sequence": 2,
        "status": 1,
        "fuel": 6368,
        "fault": 0.3665,
        "weapon": 1,
        "pilot_injury": 0.9333,
        "pilot_skill": 0.806,
        "mission_priority": 0.693,
        "estimated_landing_time": 194.0,
        "wait_time": 0,
        "Landing_success_rate": 0.8912
    },
    {
        "model": 2,
        "sequence": 4,
        "status": 1,
        "fuel": 5988,
        "fault": 0.6437,
        "weapon": 0,
        "pilot_injury": 0.1975,
        "pilot_skill": 0.9108,
        "mission_priority": 0.1746,
        "estimated_landing_time": 382.0,
        "wait_time": 0,
        "Landing_success_rate": 0.863
    },
    {
        "model": 2,
        "sequence": 10,
        "status": 1,
        "fuel": 6359,
        "fault": 0.2053,
        "weapon": 0,
        "pilot_injury": 0.2634,
        "pilot_skill": 0.2099,
        "mission_priority": 0.5991,
        "estimated_landing_time": 946.0,
        "wait_time": 0,
        "Landing_success_rate": 0.9012
    }
]