[
    {
        "model": 2,
        "sequence": 5,
        "status": 1,
        "fuel": 6526,
        "fault": 0.4708,
        "weapon": 1,
        "pilot_injury": 0.1266,
        "pilot_skill": 0.3856,
        "mission_priority": 0.5303,
        "estimated_landing_time": 476.0,
        "wait_time": 0,
        "Landing_success_rate": 0.8907
    },
    {
        "model": 0,
        "sequence": 12,
        "status": 1,
        "fuel": 7436,
        "fault": 0.8955,
        "weapon": 1,
        "pilot_injury": 0.7773,
        "pilot_skill": 0.152,
        "mission_priority": 0.1742,
        "estimated_landing_time": 1134.0,
        "wait_time": 0,
        "Landing_success_rate": 0.8652
    },
    {
        "model": 2,
        "sequence": 3,
        "status": 1,
        "fuel": 7129,
        "fault": 0.2611,
        "weapon": 0,
        "pilot_injury": 0.7061,
        "pilot_skill": 0.9864,
        "mission_priority": 0.522,
        "estimated_landing_time": 288.0,
        "wait_time": 0,
        "Landing_success_rate": 0.9403
    },
    {
        "model": 0,
        "sequence": 11,
        "status": 1,
        "fuel": 6972,
        "fault": 0.1354,
        "weapon": 0,
        "pilot_injury": 0.8741,
        "pilot_skill": 0.721,
        "mission_priority": 0.6429,
        "estimated_landing_time": 1040.0,
        "wait_time": 0,
        "Landing_success_rate": 0.9455
    },
    {
        "model": 2,
        "sequence": 1,
        "status": 1,
        "fuel": 5764,
        "fault": 0.9406,
        "weapon": 0,
        "pilot_injury": 0.4197,
        "pilot_skill": 0.0966,
        "mission_priority": 0.04,
        "estimated_landing_time": 100.0,
        "wait_time": 0,
        "Landing_success_rate": 0.8512
    },
    {
        "model": 1,
        "sequence": 4,
        "status": 1,
        "fuel": 6673,
        "fault": 0.9147,
        "weapon": 0,
        "pilot_injury": 0.0788,
        "pilot_skill": 0.2869,
        "mission_priority": 0.322,
        "estimated_landing_time": 382.0,
        "wait_time": 0,
        "Landing_success_rate": 0.8575
    },
    {
        "model": 2,
        "sequence": 10,
        "status": 1,
        "fuel": 7131,
        "fault": 0.0642,
        "weapon": 1,
        "pilot_injury": 0.0956,
        "pilot_skill": 0.1649,
        "mission_priority": 0.1739,
        "estimated_landing_time": 946.0,
        "wait_time": 0,
        "Landing_success_rate": 0.9645
    },
    {
        "model": 0,
        "sequence": 8,
        "status": 1,
        "fuel": 6292,
        "fault": 0.8107,
        "weapon": 0,
        "pilot_injury": 0.7147,
        "pilot_skill": 0.5678,
        "mission_priority": 0.977,
        "estimated_landing_time": 758.0,
        "wait_time": 0,
        "Landing_success_rate": 0.8612
    },
    {
        "model": 2,
        "sequence": 6,
        "status": 1,
        "fuel": 6719,
        "fault": 0.764,
        "weapon": 0,
        "pilot_injury": 0.052,
        "pilot_skill": 0.241,
        "mission_priority": 0.6841,
        "estimated_landing_time": 570.0,
        "wait_time": 0,
        "Landing_success_rate": 0.8716
    },
    {
        "model": 1,
        "sequence": 7,
        "status": 1,
        "fuel": 6445,
        "fault": 0.2041,
        "weapon": 1,
        "pilot_injury": 0.8553,
        "pilot_skill": 0.583,
        "mission_priority": 0.0695,
        "estimated_landing_time": 664.0,
        "wait_time": 0,
        "Landing_success_rate": 0.9064
    },
    {
        "model": 1,
        "sequence": 9,
        "status": 1,
        "fuel": 7154,
        "fault": 0.2851,
        "weapon": 0,
        "pilot_injury": 0.9419,
        "pilot_skill": 0.8499,
        "mission_priority": 0.8449,
        "estimated_landing_time": 852.0,
        "wait_time": 0,
        "Landing_success_rate": 0.9387
    },
    {
        "model": 1,
        "sequence": 2,
        "status": 1,
        "fuel": 5588,
        "fault": 0.0078,
        "weapon": 1,
        "pilot_injury": 0.2473,
        "pilot_skill": 0.4013,
        "mission_priority": 0.7189,
        "estimated_landing_time": 194.0,
        "wait_time": 0,
        "Landing_success_rate": 0.8565
    }
]