[
    {
        "model": 0,
        "sequence": 9,
        "status": 1,
        "fuel": 5646,
        "fault": 0.1438,
        "weapon": 1,
        "pilot_injury": 0.9989,
        "pilot_skill": 0.9872,
        "mission_priority": 0.8817,
        "estimated_landing_time": 852.0,
        "wait_time": 0,
        "Landing_success_rate": 0.8594
    },
    {
        "model": 2,
        "sequence": 5,
        "status": 1,
        "fuel": 5900,
        "fault": 0.3369,
        "weapon": 1,
        "pilot_injury": 0.4166,
        "pilot_skill": 0.6485,
        "mission_priority": 0.3094,
        "estimated_landing_time": 476.0,
        "wait_time": 0,
        "Landing_success_rate": 0.8699
    },
    {
        "model": 1,
        "sequence": 1,
        "status": 1,
        "fuel": 6050,
        "fault": 0.1881,
        "weapon": 1,
        "pilot_injury": 0.0245,
        "pilot_skill": 0.7907,
        "mission_priority": 0.0119,
        "estimated_landing_time": 100.0,
        "wait_time": 0,
        "Landing_success_rate": 0.8835
    },
    {
        "model": 1,
        "sequence": 6,
        "status": 1,
        "fuel": 6679,
        "fault": 0.5189,
        "weapon": 0,
        "pilot_injury": 0.3762,
        "pilot_skill": 0.0632,
        "mission_priority": 0.9135,
        "estimated_landing_time": 570.0,
        "wait_time": 0,
        "Landing_success_rate": 0.8925
    },
    {
        "model": 2,
        "sequence": 8,
        "status": 1,
        "fuel": 6855,
        "fault": 0.5734,
        "weapon": 1,
        "pilot_injury": 0.3499,
        "pilot_skill": 0.6275,
        "mission_priority": 0.7844,
        "estimated_landing_time": 758.0,
        "wait_time": 0,
        "Landing_success_rate": 0.8934
    },
    {
        "model": 1,
        "sequence": 12,
        "status": 1,
        "fuel": 5980,
        "fault": 0.2626,
        "weapon": 0,
        "pilot_injury": 0.906,
        "pilot_skill": 0.8635,
        "mission_priority": 0.6741,
        "estimated_landing_time": 1134.0,
        "wait_time": 0,
        "Landing_success_rate": 0.8765
    },
    {
        "model": 0,
        "sequence": 2,
        "status": 1,
        "fuel": 6374,
        "fault": 0.7236,
        "weapon": 1,
        "pilot_injury": 0.5061,
        "pilot_skill": 0.7172,
        "mission_priority": 0.8329,
        "estimated_landing_time": 194.0,
        "wait_time": 0,
        "Landing_success_rate": 0.8681
    },
    {
        "model": 2,
        "sequence": 7,
        "status": 1,
        "fuel": 7262,
        "fault": 0.8891,
        "weapon": 1,
        "pilot_injury": 0.0639,
        "pilot_skill": 0.0316,
        "mission_priority": 0.2585,
        "estimated_landing_time": 664.0,
        "wait_time": 0,
        "Landing_success_rate": 0.8647
    },
    {
        "model": 2,
        "sequence": 4,
        "status": 1,
        "fuel": 6891,
        "fault": 0.4957,
        "weapon": 0,
        "pilot_injury": 0.6827,
        "pilot_skill": 0.7008,
        "mission_priority": 0.7267,
        "estimated_landing_time": 382.0,
        "wait_time": 0,
        "Landing_success_rate": 0.9026
    },
    {
        "model": 2,
        "sequence": 11,
        "status": 1,
        "fuel": 5785,
        "fault": 0.8657,
        "weapon": 1,
        "pilot_injury": 0.6234,
        "pilot_skill": 0.6657,
        "mission_priority": 0.2137,
        "estimated_landing_time": 1040.0,
        "wait_time": 0,
        "Landing_success_rate": 0.8529
    },
    {
        "model": 1,
        "sequence": 10,
        "status": 1,
        "fuel": 6517,
        "fault": 0.2841,
        "weapon": 0,
        "pilot_injury": 0.153,
        "pilot_skill": 0.8064,
        "mission_priority": 0.5102,
        "estimated_landing_time": 946.0,
        "wait_time": 0,
        "Landing_success_rate": 0.9046
    },
    {
        "model": 1,
        "sequence": 3,
        "status": 1,
        "fuel": 7311,
        "fault": 0.3859,
        "weapon": 0,
        "pilot_injury": 0.4807,
        "pilot_skill": 0.448,
        "mission_priority": 0.1208,
        "estimated_landing_time": 288.0,
        "wait_time": 0,
        "Landing_success_rate": 0.9334
    }
]