[
    {
        "model": 2,
        "sequence": 2,
        "status": 1,
        "fuel": 5535,
        "fault": 0.6335,
        "weapon": 1,
        "pilot_injury": 0.8635,
        "pilot_skill": 0.7725,
        "mission_priority": 0.1688,
        "estimated_landing_time": 194.0,
        "wait_time": 0,
        "Landing_success_rate": 0.851
    },
    {
        "model": 2,
        "sequence": 9,
        "status": 1,
        "fuel": 6665,
        "fault": 0.7282,
        "weapon": 0,
        "pilot_injury": 0.5967,
        "pilot_skill": 0.3372,
        "mission_priority": 0.2625,
        "estimated_landing_time": 852.0,
        "wait_time": 0,
        "Landing_success_rate": 0.8737
    },
    {
        "model": 2,
        "sequence": 5,
        "status": 1,
        "fuel": 5938,
        "fault": 0.1131,
        "weapon": 0,
        "pilot_injury": 0.5853,
        "pilot_skill": 0.3593,
        "mission_priority": 0.4754,
        "estimated_landing_time": 476.0,
        "wait_time": 0,
        "Landing_success_rate": 0.8791
    },
    {
        "model": 0,
        "sequence": 3,
        "status": 1,
        "fuel": 5650,
        "fault": 0.5633,
        "weapon": 1,
        "pilot_injury": 0.9013,
        "pilot_skill": 0.1639,
        "mission_priority": 0.3814,
        "estimated_landing_time": 288.0,
        "wait_time": 0,
        "Landing_success_rate": 0.8549
    },
    {
        "model": 2,
        "sequence": 8,
        "status": 1,
        "fuel": 7271,
        "fault": 0.9688,
        "weapon": 1,
        "pilot_injury": 0.7289,
        "pilot_skill": 0.9319,
        "mission_priority": 0.2789,
        "estimated_landing_time": 758.0,
        "wait_time": 0,
        "Landing_success_rate": 0.8541
    },
    {
        "model": 0,
        "sequence": 10,
        "status": 1,
        "fuel": 6175,
        "fault": 0.1714,
        "weapon": 1,
        "pilot_injury": 0.603,
        "pilot_skill": 0.0571,
        "mission_priority": 0.8938,
        "estimated_landing_time": 946.0,
        "wait_time": 0,
        "Landing_success_rate": 0.8919
    },
    {
        "model": 0,
        "sequence": 12,
        "status": 1,
        "fuel": 5754,
        "fault": 0.9138,
        "weapon": 0,
        "pilot_injury": 0.8316,
        "pilot_skill": 0.1503,
        "mission_priority": 0.0386,
        "estimated_landing_time": 1134.0,
        "wait_time": 0,
        "Landing_success_rate": 0.8516
    },
    {
        "model": 0,
        "sequence": 7,
        "status": 1,
        "fuel": 6210,
        "fault": 0.5865,
        "weapon": 1,
        "pilot_injury": 0.129,
        "pilot_skill": 0.4685,
        "mission_priority": 0.5983,
        "estimated_landing_time": 664.0,
        "wait_time": 0,
        "Landing_success_rate": 0.872
    },
    {
        "model": 0,
        "sequence": 1,
        "status": 1,
        "fuel": 5632,
        "fault": 0.0262,
        "weapon": 1,
        "pilot_injury": 0.0328,
        "pilot_skill": 0.4203,
        "mission_priority": 0.8951,
        "estimated_landing_time": 100.0,
        "wait_time": 0,
        "Landing_success_rate": 0.8596
    },
    {
        "model": 1,
        "sequence": 6,
        "status": 1,
        "fuel": 6486,
        "fault": 0.0844,
        "weapon": 0,
        "pilot_injury": 0.1616,
        "pilot_skill": 0.9058,
        "mission_priority": 0.5162,
        "estimated_landing_time": 570.0,
        "wait_time": 0,
        "Landing_success_rate": 0.9177
    },
    {
        "model": 2,
        "sequence": 4,
        "status": 1,
        "fuel": 6904,
        "fault": 0.352,
        "weapon": 0,
        "pilot_injury": 0.7575,
        "pilot_skill": 0.7317,
        "mission_priority": 0.7092,
        "estimated_landing_time": 382.0,
        "wait_time": 0,
        "Landing_success_rate": 0.9182
    },
    {
        "model": 0,
        "sequence": 11,
        "status": 1,
        "fuel": 5626,
        "fault": 0.6155,
        "weapon": 0,
        "pilot_injury": 0.6883,
        "pilot_skill": 0.2197,
        "mission_priority": 0.4387,
        "estimated_landing_time": 1040.0,
        "wait_time": 0,
        "Landing_success_rate": 0.8536
    }
]