[
    {
        "model": 2,
        "sequence": 5,
        "status": 1,
        "fuel": 6221,
        "fault": 0.9012,
        "weapon": 0,
        "pilot_injury": 0.5769,
        "pilot_skill": 0.041,
        "mission_priority": 0.5273,
        "estimated_landing_time": 476.0,
        "wait_time": 0,
        "Landing_success_rate": 0.8553
    },
    {
        "model": 0,
        "sequence": 11,
        "status": 1,
        "fuel": 7081,
        "fault": 0.9836,
        "weapon": 1,
        "pilot_injury": 0.8828,
        "pilot_skill": 0.922,
        "mission_priority": 0.1045,
        "estimated_landing_time": 1040.0,
        "wait_time": 0,
        "Landing_success_rate": 0.8519
    },
    {
        "model": 1,
        "sequence": 7,
        "status": 1,
        "fuel": 6456,
        "fault": 0.0563,
        "weapon": 1,
        "pilot_injury": 0.894,
        "pilot_skill": 0.9743,
        "mission_priority": 0.0463,
        "estimated_landing_time": 664.0,
        "wait_time": 0,
        "Landing_success_rate": 0.9177
    },
    {
        "model": 1,
        "sequence": 4,
        "status": 1,
        "fuel": 6194,
        "fault": 0.2627,
        "weapon": 0,
        "pilot_injury": 0.756,
        "pilot_skill": 0.6402,
        "mission_priority": 0.1199,
        "estimated_landing_time": 382.0,
        "wait_time": 0,
        "Landing_success_rate": 0.8884
    },
    {
        "model": 2,
        "sequence": 2,
        "status": 1,
        "fuel": 6060,
        "fault": 0.3196,
        "weapon": 1,
        "pilot_injury": 0.779,
        "pilot_skill": 0.0201,
        "mission_priority": 0.8905,
        "estimated_landing_time": 194.0,
        "wait_time": 0,
        "Landing_success_rate": 0.8786
    },
    {
        "model": 0,
        "sequence": 6,
        "status": 1,
        "fuel": 6694,
        "fault": 0.8123,
        "weapon": 0,
        "pilot_injury": 0.8079,
        "pilot_skill": 0.1899,
        "mission_priority": 0.1102,
        "estimated_landing_time": 570.0,
        "wait_time": 0,
        "Landing_success_rate": 0.8668
    },
    {
        "model": 0,
        "sequence": 8,
        "status": 1,
        "fuel": 5594,
        "fault": 0.477,
        "weapon": 0,
        "pilot_injury": 0.8499,
        "pilot_skill": 0.7262,
        "mission_priority": 0.8418,
        "estimated_landing_time": 758.0,
        "wait_time": 0,
        "Landing_success_rate": 0.8537
    },
    {
        "model": 0,
        "sequence": 1,
        "status": 1,
        "fuel": 5568,
        "fault": 0.5004,
        "weapon": 0,
        "pilot_injury": 0.6712,
        "pilot_skill": 0.0314,
        "mission_priority": 0.7265,
        "estimated_landing_time": 100.0,
        "wait_time": 0,
        "Landing_success_rate": 0.8525
    },
    {
        "model": 2,
        "sequence": 10,
        "status": 1,
        "fuel": 5765,
        "fault": 0.871,
        "weapon": 0,
        "pilot_injury": 0.7649,
        "pilot_skill": 0.1746,
        "mission_priority": 0.3223,
        "estimated_landing_time": 946.0,
        "wait_time": 0,
        "Landing_success_rate": 0.8526
    },
    {
        "model": 0,
        "sequence": 3,
        "status": 1,
        "fuel": 6723,
        "fault": 0.5278,
        "weapon": 1,
        "pilot_injury": 0.5126,
        "pilot_skill": 0.9343,
        "mission_priority": 0.5227,
        "estimated_landing_time": 288.0,
        "wait_time": 0,
        "Landing_success_rate": 0.8933
    },
    {
        "model": 0,
        "sequence": 9,
        "status": 1,
        "fuel": 6784,
        "fault": 0.0736,
        "weapon": 0,
        "pilot_injury": 0.9295,
        "pilot_skill": 0.1724,
        "mission_priority": 0.5796,
        "estimated_landing_time": 852.0,
        "wait_time": 0,
        "Landing_success_rate": 0.9392
    },
    {
        "model": 0,
        "sequence": 12,
        "status": 1,
        "fuel": 6538,
        "fault": 0.4824,
        "weapon": 0,
        "pilot_injury": 0.4992,
        "pilot_skill": 0.2723,
        "mission_priority": 0.1694,
        "estimated_landing_time": 1134.0,
        "wait_time": 0,
        "Landing_success_rate": 0.8903
    }
]