[
    {
        "model": 2,
        "sequence": 4,
        "status": 1,
        "fuel": 6553,
        "fault": 0.1547,
        "weapon": 1,
        "pilot_injury": 0.4877,
        "pilot_skill": 0.6306,
        "mission_priority": 0.0795,
        "estimated_landing_time": 382.0,
        "wait_time": 0,
        "Landing_success_rate": 0.9168
    },
    {
        "model": 2,
        "sequence": 12,
        "status": 1,
        "fuel": 6195,
        "fault": 0.6403,
        "weapon": 1,
        "pilot_injury": 0.3696,
        "pilot_skill": 0.3293,
        "mission_priority": 0.4235,
        "estimated_landing_time": 1134.0,
        "wait_time": 0,
        "Landing_success_rate": 0.8687
    },
    {
        "model": 2,
        "sequence": 10,
        "status": 1,
        "fuel": 7293,
        "fault": 0.1061,
        "weapon": 1,
        "pilot_injury": 0.3945,
        "pilot_skill": 0.9811,
        "mission_priority": 0.759,
        "estimated_landing_time": 946.0,
        "wait_time": 0,
        "Landing_success_rate": 0.9702
    },
    {
        "model": 1,
        "sequence": 8,
        "status": 1,
        "fuel": 6552,
        "fault": 0.015,
        "weapon": 0,
        "pilot_injury": 0.1022,
        "pilot_skill": 0.8445,
        "mission_priority": 0.5824,
        "estimated_landing_time": 758.0,
        "wait_time": 0,
        "Landing_success_rate": 0.9277
    },
    {
        "model": 2,
        "sequence": 5,
        "status": 1,
        "fuel": 6270,
        "fault": 0.8484,
        "weapon": 1,
        "pilot_injury": 0.8341,
        "pilot_skill": 0.7998,
        "mission_priority": 0.3455,
        "estimated_landing_time": 476.0,
        "wait_time": 0,
        "Landing_success_rate": 0.8588
    },
    {
        "model": 0,
        "sequence": 2,
        "status": 1,
        "fuel": 7445,
        "fault": 0.2835,
        "weapon": 0,
        "pilot_injury": 0.4672,
        "pilot_skill": 0.2401,
        "mission_priority": 0.8946,
        "estimated_landing_time": 194.0,
        "wait_time": 0,
        "Landing_success_rate": 0.9545
    },
    {
        "model": 2,
        "sequence": 7,
        "status": 1,
        "fuel": 6177,
        "fault": 0.4092,
        "weapon": 1,
        "pilot_injury": 0.81,
        "pilot_skill": 0.5557,
        "mission_priority": 0.947,
        "estimated_landing_time": 664.0,
        "wait_time": 0,
        "Landing_success_rate": 0.88
    },
    {
        "model": 0,
        "sequence": 3,
        "status": 1,
        "fuel": 5974,
        "fault": 0.6065,
        "weapon": 0,
        "pilot_injury": 0.3581,
        "pilot_skill": 0.3786,
        "mission_priority": 0.4181,
        "estimated_landing_time": 288.0,
        "wait_time": 0,
        "Landing_success_rate": 0.864
    },
    {
        "model": 2,
        "sequence": 11,
        "status": 1,
        "fuel": 5631,
        "fault": 0.265,
        "weapon": 0,
        "pilot_injury": 0.4964,
        "pilot_skill": 0.306,
        "mission_priority": 0.9272,
        "estimated_landing_time": 1040.0,
        "wait_time": 0,
        "Landing_success_rate": 0.8572
    },
    {
        "model": 2,
        "sequence": 6,
        "status": 1,
        "fuel": 6524,
        "fault": 0.7186,
        "weapon": 1,
        "pilot_injury": 0.6512,
        "pilot_skill": 0.768,
        "mission_priority": 0.9607,
        "estimated_landing_time": 570.0,
        "wait_time": 0,
        "Landing_success_rate": 0.8716
    },
    {
        "model": 0,
        "sequence": 1,
        "status": 1,
        "fuel": 6567,
        "fault": 0.5839,
        "weapon": 1,
        "pilot_injury": 0.4408,
        "pilot_skill": 0.479,
        "mission_priority": 0.897,
        "estimated_landing_time": 100.0,
        "wait_time": 0,
        "Landing_success_rate": 0.8833
    },
    {
        "model": 0,
        "sequence": 9,
        "status": 1,
        "fuel": 5973,
        "fault": 0.1558,
        "weapon": 0,
        "pilot_injury": 0.4851,
        "pilot_skill": 0.9738,
        "mission_priority": 0.0082,
        "estimated_landing_time": 852.0,
        "wait_time": 0,
        "Landing_success_rate": 0.8799
    }
]