[
    {
        "model": 0,
        "sequence": 8,
        "status": 1,
        "fuel": 5625,
        "fault": 0.7682,
        "weapon": 1,
        "pilot_injury": 0.033,
        "pilot_skill": 0.8519,
        "mission_priority": 0.684,
        "estimated_landing_time": 758.0,
        "wait_time": 0,
        "Landing_success_rate": 0.8522
    },
    {
        "model": 1,
        "sequence": 4,
        "status": 1,
        "fuel": 6859,
        "fault": 0.6594,
        "weapon": 1,
        "pilot_injury": 0.7925,
        "pilot_skill": 0.3068,
        "mission_priority": 0.036,
        "estimated_landing_time": 382.0,
        "wait_time": 0,
        "Landing_success_rate": 0.8847
    },
    {
        "model": 1,
        "sequence": 10,
        "status": 1,
        "fuel": 6722,
        "fault": 0.8414,
        "weapon": 1,
        "pilot_injury": 0.1065,
        "pilot_skill": 0.4919,
        "mission_priority": 0.7685,
        "estimated_landing_time": 946.0,
        "wait_time": 0,
        "Landing_success_rate": 0.8645
    },
    {
        "model": 0,
        "sequence": 1,
        "status": 1,
        "fuel": 5695,
        "fault": 0.9853,
        "weapon": 0,
        "pilot_injury": 0.2427,
        "pilot_skill": 0.9917,
        "mission_priority": 0.1974,
        "estimated_landing_time": 100.0,
        "wait_time": 0,
        "Landing_success_rate": 0.8502
    },
    {
        "model": 1,
        "sequence": 11,
        "status": 1,
        "fuel": 6260,
        "fault": 0.9393,
        "weapon": 0,
        "pilot_injury": 0.1469,
        "pilot_skill": 0.9709,
        "mission_priority": 0.9475,
        "estimated_landing_time": 1040.0,
        "wait_time": 0,
        "Landing_success_rate": 0.8535
    },
    {
        "model": 0,
        "sequence": 9,
        "status": 1,
        "fuel": 7357,
        "fault": 0.3554,
        "weapon": 1,
        "pilot_injury": 0.6341,
        "pilot_skill": 0.7609,
        "mission_priority": 0.986,
        "estimated_landing_time": 852.0,
        "wait_time": 0,
        "Landing_success_rate": 0.9398
    },
    {
        "model": 1,
        "sequence": 7,
        "status": 1,
        "fuel": 5854,
        "fault": 0.4768,
        "weapon": 0,
        "pilot_injury": 0.3388,
        "pilot_skill": 0.1756,
        "mission_priority": 0.4214,
        "estimated_landing_time": 664.0,
        "wait_time": 0,
        "Landing_success_rate": 0.8639
    },
    {
        "model": 0,
        "sequence": 2,
        "status": 1,
        "fuel": 6670,
        "fault": 0.5334,
        "weapon": 1,
        "pilot_injury": 0.5375,
        "pilot_skill": 0.9952,
        "mission_priority": 0.3991,
        "estimated_landing_time": 194.0,
        "wait_time": 0,
        "Landing_success_rate": 0.8909
    },
    {
        "model": 1,
        "sequence": 3,
        "status": 1,
        "fuel": 7414,
        "fault": 0.1066,
        "weapon": 0,
        "pilot_injury": 0.3928,
        "pilot_skill": 0.6956,
        "mission_priority": 0.9379,
        "estimated_landing_time": 288.0,
        "wait_time": 0,
        "Landing_success_rate": 0.9782
    },
    {
        "model": 1,
        "sequence": 6,
        "status": 1,
        "fuel": 5847,
        "fault": 0.0955,
        "weapon": 0,
        "pilot_injury": 0.0892,
        "pilot_skill": 0.2112,
        "mission_priority": 0.5021,
        "estimated_landing_time": 570.0,
        "wait_time": 0,
        "Landing_success_rate": 0.8735
    },
    {
        "model": 2,
        "sequence": 5,
        "status": 1,
        "fuel": 6796,
        "fault": 0.0788,
        "weapon": 1,
        "pilot_injury": 0.5174,
        "pilot_skill": 0.015,
        "mission_priority": 0.2645,
        "estimated_landing_time": 476.0,
        "wait_time": 0,
        "Landing_success_rate": 0.9395
    },
    {
        "model": 2,
        "sequence": 12,
        "status": 1,
        "fuel": 7065,
        "fault": 0.712,
        "weapon": 1,
        "pilot_injury": 0.9258,
        "pilot_skill": 0.6453,
        "mission_priority": 0.4147,
        "estimated_landing_time": 1134.0,
        "wait_time": 0,
        "Landing_success_rate": 0.8838
    }
]