[
    {
        "model": 0,
        "sequence": 3,
        "status": 1,
        "fuel": 6418,
        "fault": 0.6792,
        "weapon": 1,
        "pilot_injury": 0.7766,
        "pilot_skill": 0.5522,
        "mission_priority": 0.661,
        "estimated_landing_time": 288.0,
        "wait_time": 0,
        "Landing_success_rate": 0.8721
    },
    {
        "model": 2,
        "sequence": 2,
        "status": 1,
        "fuel": 6765,
        "fault": 0.7933,
        "weapon": 0,
        "pilot_injury": 0.6174,
        "pilot_skill": 0.4049,
        "mission_priority": 0.1984,
        "estimated_landing_time": 194.0,
        "wait_time": 0,
        "Landing_success_rate": 0.8696
    },
    {
        "model": 1,
        "sequence": 5,
        "status": 1,
        "fuel": 6080,
        "fault": 0.0314,
        "weapon": 0,
        "pilot_injury": 0.7339,
        "pilot_skill": 0.411,
        "mission_priority": 0.3551,
        "estimated_landing_time": 476.0,
        "wait_time": 0,
        "Landing_success_rate": 0.8921
    },
    {
        "model": 2,
        "sequence": 9,
        "status": 1,
        "fuel": 6372,
        "fault": 0.063,
        "weapon": 1,
        "pilot_injury": 0.5442,
        "pilot_skill": 0.5435,
        "mission_priority": 0.4972,
        "estimated_landing_time": 852.0,
        "wait_time": 0,
        "Landing_success_rate": 0.9113
    },
    {
        "model": 2,
        "sequence": 10,
        "status": 1,
        "fuel": 6053,
        "fault": 0.8183,
        "weapon": 1,
        "pilot_injury": 0.1691,
        "pilot_skill": 0.1261,
        "mission_priority": 0.9326,
        "estimated_landing_time": 946.0,
        "wait_time": 0,
        "Landing_success_rate": 0.8575
    },
    {
        "model": 2,
        "sequence": 11,
        "status": 1,
        "fuel": 5760,
        "fault": 0.3183,
        "weapon": 1,
        "pilot_injury": 0.4018,
        "pilot_skill": 0.909,
        "mission_priority": 0.6379,
        "estimated_landing_time": 1040.0,
        "wait_time": 0,
        "Landing_success_rate": 0.8633
    },
    {
        "model": 2,
        "sequence": 4,
        "status": 1,
        "fuel": 5774,
        "fault": 0.3335,
        "weapon": 0,
        "pilot_injury": 0.96,
        "pilot_skill": 0.8205,
        "mission_priority": 0.8539,
        "estimated_landing_time": 382.0,
        "wait_time": 0,
        "Landing_success_rate": 0.8637
    },
    {
        "model": 1,
        "sequence": 12,
        "status": 1,
        "fuel": 6630,
        "fault": 0.3485,
        "weapon": 0,
        "pilot_injury": 0.2856,
        "pilot_skill": 0.2709,
        "mission_priority": 0.8554,
        "estimated_landing_time": 1134.0,
        "wait_time": 0,
        "Landing_success_rate": 0.9052
    },
    {
        "model": 0,
        "sequence": 8,
        "status": 1,
        "fuel": 6039,
        "fault": 0.7706,
        "weapon": 0,
        "pilot_injury": 0.2739,
        "pilot_skill": 0.1999,
        "mission_priority": 0.2319,
        "estimated_landing_time": 758.0,
        "wait_time": 0,
        "Landing_success_rate": 0.8593
    },
    {
        "model": 1,
        "sequence": 6,
        "status": 1,
        "fuel": 5806,
        "fault": 0.9347,
        "weapon": 0,
        "pilot_injury": 0.0058,
        "pilot_skill": 0.4293,
        "mission_priority": 0.4079,
        "estimated_landing_time": 570.0,
        "wait_time": 0,
        "Landing_success_rate": 0.8515
    },
    {
        "model": 1,
        "sequence": 1,
        "status": 1,
        "fuel": 6641,
        "fault": 0.1812,
        "weapon": 1,
        "pilot_injury": 0.7021,
        "pilot_skill": 0.7209,
        "mission_priority": 0.7285,
        "estimated_landing_time": 100.0,
        "wait_time": 0,
        "Landing_success_rate": 0.9201
    },
    {
        "model": 0,
        "sequence": 7,
        "status": 1,
        "fuel": 7104,
        "fault": 0.3108,
        "weapon": 0,
        "pilot_injury": 0.8142,
        "pilot_skill": 0.904,
        "mission_priority": 0.0156,
        "estimated_landing_time": 664.0,
        "wait_time": 0,
        "Landing_success_rate": 0.9329
    }
]