[
    {
        "model": 2,
        "sequence": 5,
        "status": 1,
        "fuel": 6510,
        "fault": 0.1153,
        "weapon": 0,
        "pilot_injury": 0.3291,
        "pilot_skill": 0.8859,
        "mission_priority": 0.8476,
        "estimated_landing_time": 476.0,
        "wait_time": 0,
        "Landing_success_rate": 0.917
    },
    {
        "model": 1,
        "sequence": 11,
        "status": 1,
        "fuel": 7172,
        "fault": 0.2634,
        "weapon": 0,
        "pilot_injury": 0.0727,
        "pilot_skill": 0.8367,
        "mission_priority": 0.1745,
        "estimated_landing_time": 1040.0,
        "wait_time": 0,
        "Landing_success_rate": 0.9424
    },
    {
        "model": 2,
        "sequence": 12,
        "status": 1,
        "fuel": 5897,
        "fault": 0.329,
        "weapon": 0,
        "pilot_injury": 0.5769,
        "pilot_skill": 0.8549,
        "mission_priority": 0.9742,
        "estimated_landing_time": 1134.0,
        "wait_time": 0,
        "Landing_success_rate": 0.87
    },
    {
        "model": 1,
        "sequence": 4,
        "status": 1,
        "fuel": 6726,
        "fault": 0.5101,
        "weapon": 1,
        "pilot_injury": 0.7491,
        "pilot_skill": 0.5652,
        "mission_priority": 0.4479,
        "estimated_landing_time": 382.0,
        "wait_time": 0,
        "Landing_success_rate": 0.895
    },
    {
        "model": 1,
        "sequence": 6,
        "status": 1,
        "fuel": 7230,
        "fault": 0.2526,
        "weapon": 0,
        "pilot_injury": 0.3387,
        "pilot_skill": 0.757,
        "mission_priority": 0.5439,
        "estimated_landing_time": 570.0,
        "wait_time": 0,
        "Landing_success_rate": 0.947
    },
    {
        "model": 1,
        "sequence": 2,
        "status": 1,
        "fuel": 5654,
        "fault": 0.0488,
        "weapon": 0,
        "pilot_injury": 0.2383,
        "pilot_skill": 0.8511,
        "mission_priority": 0.5572,
        "estimated_landing_time": 194.0,
        "wait_time": 0,
        "Landing_success_rate": 0.861
    },
    {
        "model": 0,
        "sequence": 7,
        "status": 1,
        "fuel": 5693,
        "fault": 0.1968,
        "weapon": 1,
        "pilot_injury": 0.3577,
        "pilot_skill": 0.8444,
        "mission_priority": 0.4533,
        "estimated_landing_time": 664.0,
        "wait_time": 0,
        "Landing_success_rate": 0.8616
    },
    {
        "model": 1,
        "sequence": 1,
        "status": 1,
        "fuel": 7422,
        "fault": 0.6104,
        "weapon": 0,
        "pilot_injury": 0.396,
        "pilot_skill": 0.9832,
        "mission_priority": 0.8085,
        "estimated_landing_time": 100.0,
        "wait_time": 0,
        "Landing_success_rate": 0.9062
    },
    {
        "model": 2,
        "sequence": 9,
        "status": 1,
        "fuel": 5872,
        "fault": 0.1082,
        "weapon": 1,
        "pilot_injury": 0.3298,
        "pilot_skill": 0.6504,
        "mission_priority": 0.757,
        "estimated_landing_time": 852.0,
        "wait_time": 0,
        "Landing_success_rate": 0.8749
    },
    {
        "model": 2,
        "sequence": 8,
        "status": 1,
        "fuel": 5956,
        "fault": 0.5097,
        "weapon": 1,
        "pilot_injury": 0.8108,
        "pilot_skill": 0.4371,
        "mission_priority": 0.1239,
        "estimated_landing_time": 758.0,
        "wait_time": 0,
        "Landing_success_rate": 0.8668
    },
    {
        "model": 0,
        "sequence": 3,
        "status": 1,
        "fuel": 6177,
        "fault": 0.5749,
        "weapon": 1,
        "pilot_injury": 0.793,
        "pilot_skill": 0.5787,
        "mission_priority": 0.6468,
        "estimated_landing_time": 288.0,
        "wait_time": 0,
        "Landing_success_rate": 0.8716
    },
    {
        "model": 0,
        "sequence": 10,
        "status": 1,
        "fuel": 5550,
        "fault": 0.0318,
        "weapon": 0,
        "pilot_injury": 0.3314,
        "pilot_skill": 0.9772,
        "mission_priority": 0.8634,
        "estimated_landing_time": 946.0,
        "wait_time": 0,
        "Landing_success_rate": 0.8536
    }
]