[
    {
        "model": 0,
        "sequence": 9,
        "status": 1,
        "fuel": 5903,
        "fault": 0.9826,
        "weapon": 0,
        "pilot_injury": 0.9451,
        "pilot_skill": 0.9868,
        "mission_priority": 0.0449,
        "estimated_landing_time": 852.0,
        "wait_time": 0,
        "Landing_success_rate": 0.8505
    },
    {
        "model": 0,
        "sequence": 8,
        "status": 1,
        "fuel": 5807,
        "fault": 0.7207,
        "weapon": 1,
        "pilot_injury": 0.1863,
        "pilot_skill": 0.3639,
        "mission_priority": 0.1291,
        "estimated_landing_time": 758.0,
        "wait_time": 0,
        "Landing_success_rate": 0.8564
    },
    {
        "model": 1,
        "sequence": 5,
        "status": 1,
        "fuel": 6594,
        "fault": 0.7925,
        "weapon": 1,
        "pilot_injury": 0.3519,
        "pilot_skill": 0.0943,
        "mission_priority": 0.4281,
        "estimated_landing_time": 476.0,
        "wait_time": 0,
        "Landing_success_rate": 0.867
    },
    {
        "model": 2,
        "sequence": 11,
        "status": 1,
        "fuel": 6848,
        "fault": 0.582,
        "weapon": 1,
        "pilot_injury": 0.8764,
        "pilot_skill": 0.8432,
        "mission_priority": 0.9521,
        "estimated_landing_time": 1040.0,
        "wait_time": 0,
        "Landing_success_rate": 0.8923
    },
    {
        "model": 2,
        "sequence": 2,
        "status": 1,
        "fuel": 7014,
        "fault": 0.6077,
        "weapon": 1,
        "pilot_injury": 0.8566,
        "pilot_skill": 0.0756,
        "mission_priority": 0.4628,
        "estimated_landing_time": 194.0,
        "wait_time": 0,
        "Landing_success_rate": 0.8945
    },
    {
        "model": 1,
        "sequence": 4,
        "status": 1,
        "fuel": 6939,
        "fault": 0.7567,
        "weapon": 0,
        "pilot_injury": 0.9621,
        "pilot_skill": 0.7796,
        "mission_priority": 0.8749,
        "estimated_landing_time": 382.0,
        "wait_time": 0,
        "Landing_success_rate": 0.8763
    },
    {
        "model": 2,
        "sequence": 12,
        "status": 1,
        "fuel": 5595,
        "fault": 0.0124,
        "weapon": 0,
        "pilot_injury": 0.5232,
        "pilot_skill": 0.9242,
        "mission_priority": 0.825,
        "estimated_landing_time": 1134.0,
        "wait_time": 0,
        "Landing_success_rate": 0.857
    },
    {
        "model": 1,
        "sequence": 10,
        "status": 1,
        "fuel": 5565,
        "fault": 0.785,
        "weapon": 0,
        "pilot_injury": 0.3046,
        "pilot_skill": 0.0356,
        "mission_priority": 0.9357,
        "estimated_landing_time": 946.0,
        "wait_time": 0,
        "Landing_success_rate": 0.851
    },
    {
        "model": 0,
        "sequence": 7,
        "status": 1,
        "fuel": 6450,
        "fault": 0.5512,
        "weapon": 0,
        "pilot_injury": 0.1491,
        "pilot_skill": 0.8295,
        "mission_priority": 0.8365,
        "estimated_landing_time": 664.0,
        "wait_time": 0,
        "Landing_success_rate": 0.882
    },
    {
        "model": 2,
        "sequence": 6,
        "status": 1,
        "fuel": 5510,
        "fault": 0.9204,
        "weapon": 1,
        "pilot_injury": 0.366,
        "pilot_skill": 0.3041,
        "mission_priority": 0.0086,
        "estimated_landing_time": 570.0,
        "wait_time": 0,
        "Landing_success_rate": 0.8501
    },
    {
        "model": 2,
        "sequence": 3,
        "status": 1,
        "fuel": 7067,
        "fault": 0.5708,
        "weapon": 1,
        "pilot_injury": 0.6308,
        "pilot_skill": 0.5041,
        "mission_priority": 0.5267,
        "estimated_landing_time": 288.0,
        "wait_time": 0,
        "Landing_success_rate": 0.9004
    },
    {
        "model": 0,
        "sequence": 1,
        "status": 1,
        "fuel": 6931,
        "fault": 0.6056,
        "weapon": 1,
        "pilot_injury": 0.7734,
        "pilot_skill": 0.0521,
        "mission_priority": 0.0382,
        "estimated_landing_time": 100.0,
        "wait_time": 0,
        "Landing_success_rate": 0.8923
    }
]