[
    {
        "model": 0,
        "sequence": 12,
        "status": 1,
        "fuel": 6305,
        "fault": 0.7093,
        "weapon": 1,
        "pilot_injury": 0.2849,
        "pilot_skill": 0.5052,
        "mission_priority": 0.5313,
        "estimated_landing_time": 1134.0,
        "wait_time": 0,
        "Landing_success_rate": 0.8676
    },
    {
        "model": 0,
        "sequence": 7,
        "status": 1,
        "fuel": 6409,
        "fault": 0.2453,
        "weapon": 1,
        "pilot_injury": 0.5814,
        "pilot_skill": 0.7808,
        "mission_priority": 0.1918,
        "estimated_landing_time": 664.0,
        "wait_time": 0,
        "Landing_success_rate": 0.9015
    },
    {
        "model": 0,
        "sequence": 4,
        "status": 1,
        "fuel": 7402,
        "fault": 0.0799,
        "weapon": 1,
        "pilot_injury": 0.0756,
        "pilot_skill": 0.2467,
        "mission_priority": 0.6953,
        "estimated_landing_time": 382.0,
        "wait_time": 0,
        "Landing_success_rate": 0.9813
    },
    {
        "model": 1,
        "sequence": 5,
        "status": 1,
        "fuel": 6633,
        "fault": 0.9226,
        "weapon": 0,
        "pilot_injury": 0.298,
        "pilot_skill": 0.0119,
        "mission_priority": 0.3007,
        "estimated_landing_time": 476.0,
        "wait_time": 0,
        "Landing_success_rate": 0.8566
    },
    {
        "model": 2,
        "sequence": 3,
        "status": 1,
        "fuel": 6002,
        "fault": 0.7151,
        "weapon": 0,
        "pilot_injury": 0.5349,
        "pilot_skill": 0.8766,
        "mission_priority": 0.9125,
        "estimated_landing_time": 288.0,
        "wait_time": 0,
        "Landing_success_rate": 0.8607
    },
    {
        "model": 2,
        "sequence": 11,
        "status": 1,
        "fuel": 5566,
        "fault": 0.6648,
        "weapon": 1,
        "pilot_injury": 0.5491,
        "pilot_skill": 0.9491,
        "mission_priority": 0.9986,
        "estimated_landing_time": 1040.0,
        "wait_time": 0,
        "Landing_success_rate": 0.8517
    },
    {
        "model": 1,
        "sequence": 1,
        "status": 1,
        "fuel": 7122,
        "fault": 0.0942,
        "weapon": 1,
        "pilot_injury": 0.378,
        "pilot_skill": 0.0081,
        "mission_priority": 0.0093,
        "estimated_landing_time": 100.0,
        "wait_time": 0,
        "Landing_success_rate": 0.9602
    },
    {
        "model": 2,
        "sequence": 2,
        "status": 1,
        "fuel": 7404,
        "fault": 0.129,
        "weapon": 0,
        "pilot_injury": 0.0226,
        "pilot_skill": 0.6869,
        "mission_priority": 0.294,
        "estimated_landing_time": 194.0,
        "wait_time": 0,
        "Landing_success_rate": 0.9744
    },
    {
        "model": 2,
        "sequence": 8,
        "status": 1,
        "fuel": 7447,
        "fault": 0.011,
        "weapon": 0,
        "pilot_injury": 0.1671,
        "pilot_skill": 0.4072,
        "mission_priority": 0.2323,
        "estimated_landing_time": 758.0,
        "wait_time": 0,
        "Landing_success_rate": 0.9944
    },
    {
        "model": 0,
        "sequence": 6,
        "status": 1,
        "fuel": 7440,
        "fault": 0.0543,
        "weapon": 0,
        "pilot_injury": 0.5084,
        "pilot_skill": 0.1574,
        "mission_priority": 0.671,
        "estimated_landing_time": 570.0,
        "wait_time": 0,
        "Landing_success_rate": 0.9876
    },
    {
        "model": 1,
        "sequence": 9,
        "status": 1,
        "fuel": 7404,
        "fault": 0.0593,
        "weapon": 0,
        "pilot_injury": 0.4678,
        "pilot_skill": 0.0709,
        "mission_priority": 0.5982,
        "estimated_landing_time": 852.0,
        "wait_time": 0,
        "Landing_success_rate": 0.9843
    },
    {
        "model": 0,
        "sequence": 10,
        "status": 1,
        "fuel": 5515,
        "fault": 0.1416,
        "weapon": 1,
        "pilot_injury": 0.5175,
        "pilot_skill": 0.9244,
        "mission_priority": 0.5491,
        "estimated_landing_time": 946.0,
        "wait_time": 0,
        "Landing_success_rate": 0.851
    }
]