[
    {
        "model": 0,
        "sequence": 12,
        "status": 1,
        "fuel": 6354,
        "fault": 0.0242,
        "weapon": 0,
        "pilot_injury": 0.0942,
        "pilot_skill": 0.1717,
        "mission_priority": 0.1025,
        "estimated_landing_time": 1134.0,
        "wait_time": 0,
        "Landing_success_rate": 0.9125
    },
    {
        "model": 0,
        "sequence": 11,
        "status": 1,
        "fuel": 5953,
        "fault": 0.9159,
        "weapon": 0,
        "pilot_injury": 0.7543,
        "pilot_skill": 0.0205,
        "mission_priority": 0.2494,
        "estimated_landing_time": 1040.0,
        "wait_time": 0,
        "Landing_success_rate": 0.8529
    },
    {
        "model": 1,
        "sequence": 8,
        "status": 1,
        "fuel": 6306,
        "fault": 0.6435,
        "weapon": 0,
        "pilot_injury": 0.073,
        "pilot_skill": 0.8211,
        "mission_priority": 0.493,
        "estimated_landing_time": 758.0,
        "wait_time": 0,
        "Landing_success_rate": 0.8716
    },
    {
        "model": 2,
        "sequence": 5,
        "status": 1,
        "fuel": 6985,
        "fault": 0.0156,
        "weapon": 0,
        "pilot_injury": 0.6818,
        "pilot_skill": 0.9935,
        "mission_priority": 0.2323,
        "estimated_landing_time": 476.0,
        "wait_time": 0,
        "Landing_success_rate": 0.9596
    },
    {
        "model": 1,
        "sequence": 6,
        "status": 1,
        "fuel": 6948,
        "fault": 0.4401,
        "weapon": 0,
        "pilot_injury": 0.0395,
        "pilot_skill": 0.0145,
        "mission_priority": 0.1192,
        "estimated_landing_time": 570.0,
        "wait_time": 0,
        "Landing_success_rate": 0.9108
    },
    {
        "model": 0,
        "sequence": 1,
        "status": 1,
        "fuel": 5583,
        "fault": 0.6786,
        "weapon": 0,
        "pilot_injury": 0.5534,
        "pilot_skill": 0.0319,
        "mission_priority": 0.4693,
        "estimated_landing_time": 100.0,
        "wait_time": 0,
        "Landing_success_rate": 0.852
    },
    {
        "model": 2,
        "sequence": 2,
        "status": 1,
        "fuel": 6706,
        "fault": 0.8678,
        "weapon": 0,
        "pilot_injury": 0.6249,
        "pilot_skill": 0.7798,
        "mission_priority": 0.7839,
        "estimated_landing_time": 194.0,
        "wait_time": 0,
        "Landing_success_rate": 0.862
    },
    {
        "model": 0,
        "sequence": 10,
        "status": 1,
        "fuel": 6038,
        "fault": 0.8547,
        "weapon": 1,
        "pilot_injury": 0.3914,
        "pilot_skill": 0.8887,
        "mission_priority": 0.2402,
        "estimated_landing_time": 946.0,
        "wait_time": 0,
        "Landing_success_rate": 0.8559
    },
    {
        "model": 1,
        "sequence": 3,
        "status": 1,
        "fuel": 6305,
        "fault": 0.4946,
        "weapon": 1,
        "pilot_injury": 0.7956,
        "pilot_skill": 0.4171,
        "mission_priority": 0.2291,
        "estimated_landing_time": 288.0,
        "wait_time": 0,
        "Landing_success_rate": 0.8805
    },
    {
        "model": 1,
        "sequence": 9,
        "status": 1,
        "fuel": 6411,
        "fault": 0.4342,
        "weapon": 0,
        "pilot_injury": 0.8339,
        "pilot_skill": 0.5535,
        "mission_priority": 0.6161,
        "estimated_landing_time": 852.0,
        "wait_time": 0,
        "Landing_success_rate": 0.8887
    },
    {
        "model": 1,
        "sequence": 7,
        "status": 1,
        "fuel": 7175,
        "fault": 0.4116,
        "weapon": 1,
        "pilot_injury": 0.9155,
        "pilot_skill": 0.1256,
        "mission_priority": 0.4184,
        "estimated_landing_time": 664.0,
        "wait_time": 0,
        "Landing_success_rate": 0.9239
    },
    {
        "model": 2,
        "sequence": 4,
        "status": 1,
        "fuel": 6908,
        "fault": 0.4455,
        "weapon": 1,
        "pilot_injury": 0.4576,
        "pilot_skill": 0.5189,
        "mission_priority": 0.1399,
        "estimated_landing_time": 382.0,
        "wait_time": 0,
        "Landing_success_rate": 0.9086
    }
]