[
    {
        "model": 1,
        "sequence": 9,
        "status": 1,
        "fuel": 6137,
        "fault": 0.3793,
        "weapon": 0,
        "pilot_injury": 0.7922,
        "pilot_skill": 0.4161,
        "mission_priority": 0.0934,
        "estimated_landing_time": 852.0,
        "wait_time": 0,
        "Landing_success_rate": 0.8797
    },
    {
        "model": 1,
        "sequence": 4,
        "status": 1,
        "fuel": 6889,
        "fault": 0.9159,
        "weapon": 1,
        "pilot_injury": 0.1289,
        "pilot_skill": 0.2396,
        "mission_priority": 0.8595,
        "estimated_landing_time": 382.0,
        "wait_time": 0,
        "Landing_success_rate": 0.8588
    },
    {
        "model": 0,
        "sequence": 6,
        "status": 1,
        "fuel": 5551,
        "fault": 0.3701,
        "weapon": 0,
        "pilot_injury": 0.3341,
        "pilot_skill": 0.2724,
        "mission_priority": 0.5492,
        "estimated_landing_time": 570.0,
        "wait_time": 0,
        "Landing_success_rate": 0.8524
    },
    {
        "model": 1,
        "sequence": 5,
        "status": 1,
        "fuel": 7152,
        "fault": 0.1564,
        "weapon": 1,
        "pilot_injury": 0.1316,
        "pilot_skill": 0.0493,
        "mission_priority": 0.6944,
        "estimated_landing_time": 476.0,
        "wait_time": 0,
        "Landing_success_rate": 0.9545
    },
    {
        "model": 2,
        "sequence": 12,
        "status": 1,
        "fuel": 7453,
        "fault": 0.8449,
        "weapon": 1,
        "pilot_injury": 0.6785,
        "pilot_skill": 0.954,
        "mission_priority": 0.511,
        "estimated_landing_time": 1134.0,
        "wait_time": 0,
        "Landing_success_rate": 0.8727
    },
    {
        "model": 0,
        "sequence": 3,
        "status": 1,
        "fuel": 6589,
        "fault": 0.0455,
        "weapon": 0,
        "pilot_injury": 0.8472,
        "pilot_skill": 0.3098,
        "mission_priority": 0.1962,
        "estimated_landing_time": 288.0,
        "wait_time": 0,
        "Landing_success_rate": 0.928
    },
    {
        "model": 0,
        "sequence": 2,
        "status": 1,
        "fuel": 5691,
        "fault": 0.7931,
        "weapon": 1,
        "pilot_injury": 0.8778,
        "pilot_skill": 0.1,
        "mission_priority": 0.2577,
        "estimated_landing_time": 194.0,
        "wait_time": 0,
        "Landing_success_rate": 0.853
    },
    {
        "model": 1,
        "sequence": 10,
        "status": 1,
        "fuel": 6853,
        "fault": 0.2461,
        "weapon": 1,
        "pilot_injury": 0.3208,
        "pilot_skill": 0.3872,
        "mission_priority": 0.6226,
        "estimated_landing_time": 946.0,
        "wait_time": 0,
        "Landing_success_rate": 0.9265
    },
    {
        "model": 1,
        "sequence": 7,
        "status": 1,
        "fuel": 5894,
        "fault": 0.4311,
        "weapon": 1,
        "pilot_injury": 0.4475,
        "pilot_skill": 0.917,
        "mission_priority": 0.4679,
        "estimated_landing_time": 664.0,
        "wait_time": 0,
        "Landing_success_rate": 0.8668
    },
    {
        "model": 1,
        "sequence": 11,
        "status": 1,
        "fuel": 5956,
        "fault": 0.6636,
        "weapon": 0,
        "pilot_injury": 0.0037,
        "pilot_skill": 0.5322,
        "mission_priority": 0.1072,
        "estimated_landing_time": 1040.0,
        "wait_time": 0,
        "Landing_success_rate": 0.8615
    },
    {
        "model": 0,
        "sequence": 8,
        "status": 1,
        "fuel": 6864,
        "fault": 0.4291,
        "weapon": 0,
        "pilot_injury": 0.2757,
        "pilot_skill": 0.1752,
        "mission_priority": 0.7747,
        "estimated_landing_time": 758.0,
        "wait_time": 0,
        "Landing_success_rate": 0.9084
    },
    {
        "model": 1,
        "sequence": 1,
        "status": 1,
        "fuel": 5503,
        "fault": 0.0341,
        "weapon": 0,
        "pilot_injury": 0.1556,
        "pilot_skill": 0.96,
        "mission_priority": 0.0378,
        "estimated_landing_time": 100.0,
        "wait_time": 0,
        "Landing_success_rate": 0.8502
    }
]