[
    {
        "model": 2,
        "sequence": 11,
        "status": 1,
        "fuel": 6472,
        "fault": 0.3755,
        "weapon": 1,
        "pilot_injury": 0.2353,
        "pilot_skill": 0.5575,
        "mission_priority": 0.9569,
        "estimated_landing_time": 1040.0,
        "wait_time": 0,
        "Landing_success_rate": 0.8955
    },
    {
        "model": 2,
        "sequence": 1,
        "status": 1,
        "fuel": 6827,
        "fault": 0.0221,
        "weapon": 0,
        "pilot_injury": 0.2915,
        "pilot_skill": 0.2344,
        "mission_priority": 0.5325,
        "estimated_landing_time": 100.0,
        "wait_time": 0,
        "Landing_success_rate": 0.9473
    },
    {
        "model": 0,
        "sequence": 12,
        "status": 1,
        "fuel": 6243,
        "fault": 0.8238,
        "weapon": 0,
        "pilot_injury": 0.0013,
        "pilot_skill": 0.3238,
        "mission_priority": 0.2199,
        "estimated_landing_time": 1134.0,
        "wait_time": 0,
        "Landing_success_rate": 0.8598
    },
    {
        "model": 1,
        "sequence": 9,
        "status": 1,
        "fuel": 6380,
        "fault": 0.3794,
        "weapon": 1,
        "pilot_injury": 0.3497,
        "pilot_skill": 0.0928,
        "mission_priority": 0.5168,
        "estimated_landing_time": 852.0,
        "wait_time": 0,
        "Landing_success_rate": 0.891
    },
    {
        "model": 1,
        "sequence": 6,
        "status": 1,
        "fuel": 6835,
        "fault": 0.678,
        "weapon": 0,
        "pilot_injury": 0.8354,
        "pilot_skill": 0.6158,
        "mission_priority": 0.6338,
        "estimated_landing_time": 570.0,
        "wait_time": 0,
        "Landing_success_rate": 0.8822
    },
    {
        "model": 1,
        "sequence": 5,
        "status": 1,
        "fuel": 7039,
        "fault": 0.1772,
        "weapon": 0,
        "pilot_injury": 0.9319,
        "pilot_skill": 0.5127,
        "mission_priority": 0.3058,
        "estimated_landing_time": 476.0,
        "wait_time": 0,
        "Landing_success_rate": 0.945
    },
    {
        "model": 1,
        "sequence": 8,
        "status": 1,
        "fuel": 7163,
        "fault": 0.7475,
        "weapon": 0,
        "pilot_injury": 0.6363,
        "pilot_skill": 0.5001,
        "mission_priority": 0.1033,
        "estimated_landing_time": 758.0,
        "wait_time": 0,
        "Landing_success_rate": 0.8815
    },
    {
        "model": 1,
        "sequence": 4,
        "status": 1,
        "fuel": 6397,
        "fault": 0.1261,
        "weapon": 0,
        "pilot_injury": 0.8876,
        "pilot_skill": 0.5664,
        "mission_priority": 0.6815,
        "estimated_landing_time": 382.0,
        "wait_time": 0,
        "Landing_success_rate": 0.9088
    },
    {
        "model": 0,
        "sequence": 2,
        "status": 1,
        "fuel": 6308,
        "fault": 0.6738,
        "weapon": 1,
        "pilot_injury": 0.4474,
        "pilot_skill": 0.6591,
        "mission_priority": 0.0506,
        "estimated_landing_time": 194.0,
        "wait_time": 0,
        "Landing_success_rate": 0.8698
    },
    {
        "model": 2,
        "sequence": 10,
        "status": 1,
        "fuel": 6590,
        "fault": 0.2455,
        "weapon": 0,
        "pilot_injury": 0.3262,
        "pilot_skill": 0.9609,
        "mission_priority": 0.1827,
        "estimated_landing_time": 946.0,
        "wait_time": 0,
        "Landing_success_rate": 0.9117
    },
    {
        "model": 2,
        "sequence": 7,
        "status": 1,
        "fuel": 6722,
        "fault": 0.6519,
        "weapon": 1,
        "pilot_injury": 0.863,
        "pilot_skill": 0.4167,
        "mission_priority": 0.7439,
        "estimated_landing_time": 664.0,
        "wait_time": 0,
        "Landing_success_rate": 0.8819
    },
    {
        "model": 1,
        "sequence": 3,
        "status": 1,
        "fuel": 6835,
        "fault": 0.7804,
        "weapon": 0,
        "pilot_injury": 0.3928,
        "pilot_skill": 0.3566,
        "mission_priority": 0.8329,
        "estimated_landing_time": 288.0,
        "wait_time": 0,
        "Landing_success_rate": 0.872
    }
]