[
    {
        "model": 2,
        "sequence": 3,
        "status": 1,
        "fuel": 6902,
        "fault": 0.8024,
        "weapon": 0,
        "pilot_injury": 0.3379,
        "pilot_skill": 0.0779,
        "mission_priority": 0.1917,
        "estimated_landing_time": 288.0,
        "wait_time": 0,
        "Landing_success_rate": 0.8708
    },
    {
        "model": 0,
        "sequence": 4,
        "status": 1,
        "fuel": 6034,
        "fault": 0.6724,
        "weapon": 0,
        "pilot_injury": 0.6534,
        "pilot_skill": 0.3844,
        "mission_priority": 0.6726,
        "estimated_landing_time": 382.0,
        "wait_time": 0,
        "Landing_success_rate": 0.8631
    },
    {
        "model": 0,
        "sequence": 7,
        "status": 1,
        "fuel": 5532,
        "fault": 0.1996,
        "weapon": 1,
        "pilot_injury": 0.8472,
        "pilot_skill": 0.4919,
        "mission_priority": 0.8225,
        "estimated_landing_time": 664.0,
        "wait_time": 0,
        "Landing_success_rate": 0.8519
    },
    {
        "model": 2,
        "sequence": 6,
        "status": 1,
        "fuel": 5516,
        "fault": 0.1467,
        "weapon": 0,
        "pilot_injury": 0.7705,
        "pilot_skill": 0.966,
        "mission_priority": 0.5143,
        "estimated_landing_time": 570.0,
        "wait_time": 0,
        "Landing_success_rate": 0.851
    },
    {
        "model": 1,
        "sequence": 9,
        "status": 1,
        "fuel": 6127,
        "fault": 0.5498,
        "weapon": 0,
        "pilot_injury": 0.8803,
        "pilot_skill": 0.9641,
        "mission_priority": 0.3246,
        "estimated_landing_time": 852.0,
        "wait_time": 0,
        "Landing_success_rate": 0.8712
    },
    {
        "model": 1,
        "sequence": 12,
        "status": 1,
        "fuel": 7355,
        "fault": 0.2444,
        "weapon": 1,
        "pilot_injury": 0.5456,
        "pilot_skill": 0.1798,
        "mission_priority": 0.3474,
        "estimated_landing_time": 1134.0,
        "wait_time": 0,
        "Landing_success_rate": 0.9551
    },
    {
        "model": 1,
        "sequence": 8,
        "status": 1,
        "fuel": 5648,
        "fault": 0.0002,
        "weapon": 0,
        "pilot_injury": 0.6324,
        "pilot_skill": 0.593,
        "mission_priority": 0.1207,
        "estimated_landing_time": 758.0,
        "wait_time": 0,
        "Landing_success_rate": 0.8611
    },
    {
        "model": 0,
        "sequence": 1,
        "status": 1,
        "fuel": 6734,
        "fault": 0.6303,
        "weapon": 1,
        "pilot_injury": 0.1872,
        "pilot_skill": 0.8006,
        "mission_priority": 0.9722,
        "estimated_landing_time": 100.0,
        "wait_time": 0,
        "Landing_success_rate": 0.8842
    },
    {
        "model": 0,
        "sequence": 5,
        "status": 1,
        "fuel": 5721,
        "fault": 0.7296,
        "weapon": 1,
        "pilot_injury": 0.4549,
        "pilot_skill": 0.7478,
        "mission_priority": 0.2816,
        "estimated_landing_time": 476.0,
        "wait_time": 0,
        "Landing_success_rate": 0.8545
    },
    {
        "model": 1,
        "sequence": 2,
        "status": 1,
        "fuel": 5900,
        "fault": 0.1782,
        "weapon": 0,
        "pilot_injury": 0.9566,
        "pilot_skill": 0.3913,
        "mission_priority": 0.4201,
        "estimated_landing_time": 194.0,
        "wait_time": 0,
        "Landing_success_rate": 0.8747
    },
    {
        "model": 0,
        "sequence": 10,
        "status": 1,
        "fuel": 5867,
        "fault": 0.1263,
        "weapon": 1,
        "pilot_injury": 0.7192,
        "pilot_skill": 0.5627,
        "mission_priority": 0.9746,
        "estimated_landing_time": 946.0,
        "wait_time": 0,
        "Landing_success_rate": 0.874
    },
    {
        "model": 0,
        "sequence": 11,
        "status": 1,
        "fuel": 6972,
        "fault": 0.4349,
        "weapon": 1,
        "pilot_injury": 0.6994,
        "pilot_skill": 0.7351,
        "mission_priority": 0.2904,
        "estimated_landing_time": 1040.0,
        "wait_time": 0,
        "Landing_success_rate": 0.9124
    }
]