[
    {
        "model": 1,
        "sequence": 9,
        "status": 1,
        "fuel": 5732,
        "fault": 0.2501,
        "weapon": 1,
        "pilot_injury": 0.2958,
        "pilot_skill": 0.4957,
        "mission_priority": 0.4211,
        "estimated_landing_time": 852.0,
        "wait_time": 0,
        "Landing_success_rate": 0.863
    },
    {
        "model": 1,
        "sequence": 10,
        "status": 1,
        "fuel": 6891,
        "fault": 0.4079,
        "weapon": 1,
        "pilot_injury": 0.1364,
        "pilot_skill": 0.1967,
        "mission_priority": 0.0553,
        "estimated_landing_time": 946.0,
        "wait_time": 0,
        "Landing_success_rate": 0.9118
    },
    {
        "model": 0,
        "sequence": 7,
        "status": 1,
        "fuel": 6091,
        "fault": 0.0145,
        "weapon": 1,
        "pilot_injury": 0.6273,
        "pilot_skill": 0.3164,
        "mission_priority": 0.9731,
        "estimated_landing_time": 664.0,
        "wait_time": 0,
        "Landing_success_rate": 0.8937
    },
    {
        "model": 1,
        "sequence": 1,
        "status": 1,
        "fuel": 5701,
        "fault": 0.4301,
        "weapon": 1,
        "pilot_injury": 0.3578,
        "pilot_skill": 0.0085,
        "mission_priority": 0.8392,
        "estimated_landing_time": 100.0,
        "wait_time": 0,
        "Landing_success_rate": 0.8586
    },
    {
        "model": 1,
        "sequence": 4,
        "status": 1,
        "fuel": 5990,
        "fault": 0.7492,
        "weapon": 1,
        "pilot_injury": 0.8921,
        "pilot_skill": 0.5355,
        "mission_priority": 0.5436,
        "estimated_landing_time": 382.0,
        "wait_time": 0,
        "Landing_success_rate": 0.8592
    },
    {
        "model": 0,
        "sequence": 5,
        "status": 1,
        "fuel": 6893,
        "fault": 0.4357,
        "weapon": 1,
        "pilot_injury": 0.6472,
        "pilot_skill": 0.0448,
        "mission_priority": 0.054,
        "estimated_landing_time": 476.0,
        "wait_time": 0,
        "Landing_success_rate": 0.909
    },
    {
        "model": 1,
        "sequence": 12,
        "status": 1,
        "fuel": 6918,
        "fault": 0.0938,
        "weapon": 1,
        "pilot_injury": 0.8878,
        "pilot_skill": 0.1047,
        "mission_priority": 0.8226,
        "estimated_landing_time": 1134.0,
        "wait_time": 0,
        "Landing_success_rate": 0.9464
    },
    {
        "model": 2,
        "sequence": 11,
        "status": 1,
        "fuel": 5899,
        "fault": 0.3838,
        "weapon": 1,
        "pilot_injury": 0.3166,
        "pilot_skill": 0.4002,
        "mission_priority": 0.1505,
        "estimated_landing_time": 1040.0,
        "wait_time": 0,
        "Landing_success_rate": 0.8684
    },
    {
        "model": 1,
        "sequence": 6,
        "status": 1,
        "fuel": 7446,
        "fault": 0.8016,
        "weapon": 1,
        "pilot_injury": 0.7078,
        "pilot_skill": 0.483,
        "mission_priority": 0.8965,
        "estimated_landing_time": 570.0,
        "wait_time": 0,
        "Landing_success_rate": 0.879
    },
    {
        "model": 0,
        "sequence": 3,
        "status": 1,
        "fuel": 6369,
        "fault": 0.4905,
        "weapon": 0,
        "pilot_injury": 0.4154,
        "pilot_skill": 0.408,
        "mission_priority": 0.3246,
        "estimated_landing_time": 288.0,
        "wait_time": 0,
        "Landing_success_rate": 0.8832
    },
    {
        "model": 2,
        "sequence": 8,
        "status": 1,
        "fuel": 6862,
        "fault": 0.2691,
        "weapon": 0,
        "pilot_injury": 0.4786,
        "pilot_skill": 0.0447,
        "mission_priority": 0.3096,
        "estimated_landing_time": 758.0,
        "wait_time": 0,
        "Landing_success_rate": 0.9247
    },
    {
        "model": 2,
        "sequence": 2,
        "status": 1,
        "fuel": 7371,
        "fault": 0.7961,
        "weapon": 0,
        "pilot_injury": 0.0876,
        "pilot_skill": 0.8057,
        "mission_priority": 0.6692,
        "estimated_landing_time": 194.0,
        "wait_time": 0,
        "Landing_success_rate": 0.8786
    }
]