[
    {
        "model": 0,
        "sequence": 5,
        "status": 1,
        "fuel": 6915,
        "fault": 0.3328,
        "weapon": 0,
        "pilot_injury": 0.7597,
        "pilot_skill": 0.7736,
        "mission_priority": 0.4556,
        "estimated_landing_time": 476.0,
        "wait_time": 0,
        "Landing_success_rate": 0.9208
    },
    {
        "model": 0,
        "sequence": 3,
        "status": 1,
        "fuel": 7322,
        "fault": 0.0114,
        "weapon": 1,
        "pilot_injury": 0.7019,
        "pilot_skill": 0.8357,
        "mission_priority": 0.6882,
        "estimated_landing_time": 288.0,
        "wait_time": 0,
        "Landing_success_rate": 0.9851
    },
    {
        "model": 0,
        "sequence": 8,
        "status": 1,
        "fuel": 6896,
        "fault": 0.5877,
        "weapon": 0,
        "pilot_injury": 0.6423,
        "pilot_skill": 0.6798,
        "mission_priority": 0.5587,
        "estimated_landing_time": 758.0,
        "wait_time": 0,
        "Landing_success_rate": 0.8932
    },
    {
        "model": 0,
        "sequence": 2,
        "status": 1,
        "fuel": 7447,
        "fault": 0.2961,
        "weapon": 1,
        "pilot_injury": 0.9518,
        "pilot_skill": 0.7908,
        "mission_priority": 0.3739,
        "estimated_landing_time": 194.0,
        "wait_time": 0,
        "Landing_success_rate": 0.9528
    },
    {
        "model": 0,
        "sequence": 11,
        "status": 1,
        "fuel": 6703,
        "fault": 0.9319,
        "weapon": 0,
        "pilot_injury": 0.0412,
        "pilot_skill": 0.2508,
        "mission_priority": 0.6897,
        "estimated_landing_time": 1040.0,
        "wait_time": 0,
        "Landing_success_rate": 0.8561
    },
    {
        "model": 2,
        "sequence": 7,
        "status": 1,
        "fuel": 6218,
        "fault": 0.63,
        "weapon": 0,
        "pilot_injury": 0.5321,
        "pilot_skill": 0.4023,
        "mission_priority": 0.1616,
        "estimated_landing_time": 664.0,
        "wait_time": 0,
        "Landing_success_rate": 0.8699
    },
    {
        "model": 1,
        "sequence": 10,
        "status": 1,
        "fuel": 6592,
        "fault": 0.5795,
        "weapon": 1,
        "pilot_injury": 0.9275,
        "pilot_skill": 0.4583,
        "mission_priority": 0.6594,
        "estimated_landing_time": 946.0,
        "wait_time": 0,
        "Landing_success_rate": 0.8844
    },
    {
        "model": 1,
        "sequence": 9,
        "status": 1,
        "fuel": 6908,
        "fault": 0.2535,
        "weapon": 0,
        "pilot_injury": 0.7705,
        "pilot_skill": 0.6168,
        "mission_priority": 0.5986,
        "estimated_landing_time": 852.0,
        "wait_time": 0,
        "Landing_success_rate": 0.9288
    },
    {
        "model": 2,
        "sequence": 12,
        "status": 1,
        "fuel": 7006,
        "fault": 0.6589,
        "weapon": 0,
        "pilot_injury": 0.7948,
        "pilot_skill": 0.1129,
        "mission_priority": 0.5335,
        "estimated_landing_time": 1134.0,
        "wait_time": 0,
        "Landing_success_rate": 0.8885
    },
    {
        "model": 2,
        "sequence": 4,
        "status": 1,
        "fuel": 6478,
        "fault": 0.5176,
        "weapon": 0,
        "pilot_injury": 0.5076,
        "pilot_skill": 0.808,
        "mission_priority": 0.3681,
        "estimated_landing_time": 382.0,
        "wait_time": 0,
        "Landing_success_rate": 0.8854
    },
    {
        "model": 0,
        "sequence": 6,
        "status": 1,
        "fuel": 5611,
        "fault": 0.4256,
        "weapon": 1,
        "pilot_injury": 0.2815,
        "pilot_skill": 0.2442,
        "mission_priority": 0.5604,
        "estimated_landing_time": 570.0,
        "wait_time": 0,
        "Landing_success_rate": 0.8548
    },
    {
        "model": 0,
        "sequence": 1,
        "status": 1,
        "fuel": 6840,
        "fault": 0.4543,
        "weapon": 0,
        "pilot_injury": 0.3918,
        "pilot_skill": 0.5771,
        "mission_priority": 0.7024,
        "estimated_landing_time": 100.0,
        "wait_time": 0,
        "Landing_success_rate": 0.9048
    }
]