[
    {
        "model": 1,
        "sequence": 3,
        "status": 1,
        "fuel": 6216,
        "fault": 0.8539,
        "weapon": 1,
        "pilot_injury": 0.0128,
        "pilot_skill": 0.8716,
        "mission_priority": 0.4467,
        "estimated_landing_time": 288.0,
        "wait_time": 0,
        "Landing_success_rate": 0.8578
    },
    {
        "model": 1,
        "sequence": 11,
        "status": 1,
        "fuel": 7405,
        "fault": 0.0542,
        "weapon": 0,
        "pilot_injury": 0.4395,
        "pilot_skill": 0.4963,
        "mission_priority": 0.4036,
        "estimated_landing_time": 1040.0,
        "wait_time": 0,
        "Landing_success_rate": 0.9851
    },
    {
        "model": 0,
        "sequence": 2,
        "status": 1,
        "fuel": 6236,
        "fault": 0.8777,
        "weapon": 1,
        "pilot_injury": 0.9614,
        "pilot_skill": 0.5993,
        "mission_priority": 0.8075,
        "estimated_landing_time": 194.0,
        "wait_time": 0,
        "Landing_success_rate": 0.8568
    },
    {
        "model": 0,
        "sequence": 4,
        "status": 1,
        "fuel": 7443,
        "fault": 0.8587,
        "weapon": 0,
        "pilot_injury": 0.3368,
        "pilot_skill": 0.5695,
        "mission_priority": 0.8611,
        "estimated_landing_time": 382.0,
        "wait_time": 0,
        "Landing_success_rate": 0.8706
    },
    {
        "model": 2,
        "sequence": 9,
        "status": 1,
        "fuel": 5811,
        "fault": 0.6036,
        "weapon": 0,
        "pilot_injury": 0.8503,
        "pilot_skill": 0.2129,
        "mission_priority": 0.6688,
        "estimated_landing_time": 852.0,
        "wait_time": 0,
        "Landing_success_rate": 0.8592
    },
    {
        "model": 1,
        "sequence": 12,
        "status": 1,
        "fuel": 7471,
        "fault": 0.5064,
        "weapon": 0,
        "pilot_injury": 0.1251,
        "pilot_skill": 0.1298,
        "mission_priority": 0.5568,
        "estimated_landing_time": 1134.0,
        "wait_time": 0,
        "Landing_success_rate": 0.923
    },
    {
        "model": 0,
        "sequence": 8,
        "status": 1,
        "fuel": 7317,
        "fault": 0.6815,
        "weapon": 0,
        "pilot_injury": 0.3269,
        "pilot_skill": 0.6067,
        "mission_priority": 0.9304,
        "estimated_landing_time": 758.0,
        "wait_time": 0,
        "Landing_success_rate": 0.8934
    },
    {
        "model": 0,
        "sequence": 5,
        "status": 1,
        "fuel": 7311,
        "fault": 0.2244,
        "weapon": 0,
        "pilot_injury": 0.0226,
        "pilot_skill": 0.1129,
        "mission_priority": 0.6095,
        "estimated_landing_time": 476.0,
        "wait_time": 0,
        "Landing_success_rate": 0.9553
    },
    {
        "model": 1,
        "sequence": 10,
        "status": 1,
        "fuel": 6585,
        "fault": 0.3377,
        "weapon": 1,
        "pilot_injury": 0.2392,
        "pilot_skill": 0.787,
        "mission_priority": 0.0564,
        "estimated_landing_time": 946.0,
        "wait_time": 0,
        "Landing_success_rate": 0.9039
    },
    {
        "model": 0,
        "sequence": 1,
        "status": 1,
        "fuel": 6638,
        "fault": 0.7212,
        "weapon": 1,
        "pilot_injury": 0.5603,
        "pilot_skill": 0.7286,
        "mission_priority": 0.3548,
        "estimated_landing_time": 100.0,
        "wait_time": 0,
        "Landing_success_rate": 0.8738
    },
    {
        "model": 2,
        "sequence": 7,
        "status": 1,
        "fuel": 5886,
        "fault": 0.7234,
        "weapon": 1,
        "pilot_injury": 0.5476,
        "pilot_skill": 0.6405,
        "mission_priority": 0.2594,
        "estimated_landing_time": 664.0,
        "wait_time": 0,
        "Landing_success_rate": 0.858
    },
    {
        "model": 2,
        "sequence": 6,
        "status": 1,
        "fuel": 6138,
        "fault": 0.3842,
        "weapon": 0,
        "pilot_injury": 0.2246,
        "pilot_skill": 0.5002,
        "mission_priority": 0.8404,
        "estimated_landing_time": 570.0,
        "wait_time": 0,
        "Landing_success_rate": 0.8795
    }
]