[
    {
        "model": 0,
        "sequence": 1,
        "status": 1,
        "fuel": 5875,
        "fault": 0.6264,
        "weapon": 0,
        "pilot_injury": 0.0148,
        "pilot_skill": 0.8091,
        "mission_priority": 0.9385,
        "estimated_landing_time": 100.0,
        "wait_time": 0,
        "Landing_success_rate": 0.8605
    },
    {
        "model": 0,
        "sequence": 12,
        "status": 1,
        "fuel": 5531,
        "fault": 0.9887,
        "weapon": 0,
        "pilot_injury": 0.0813,
        "pilot_skill": 0.0208,
        "mission_priority": 0.6287,
        "estimated_landing_time": 1134.0,
        "wait_time": 0,
        "Landing_success_rate": 0.85
    },
    {
        "model": 1,
        "sequence": 10,
        "status": 1,
        "fuel": 6041,
        "fault": 0.7164,
        "weapon": 1,
        "pilot_injury": 0.398,
        "pilot_skill": 0.3319,
        "mission_priority": 0.6244,
        "estimated_landing_time": 946.0,
        "wait_time": 0,
        "Landing_success_rate": 0.8615
    },
    {
        "model": 0,
        "sequence": 3,
        "status": 1,
        "fuel": 7316,
        "fault": 0.2411,
        "weapon": 0,
        "pilot_injury": 0.8031,
        "pilot_skill": 0.4267,
        "mission_priority": 0.6349,
        "estimated_landing_time": 288.0,
        "wait_time": 0,
        "Landing_success_rate": 0.9534
    },
    {
        "model": 1,
        "sequence": 11,
        "status": 1,
        "fuel": 7244,
        "fault": 0.1198,
        "weapon": 0,
        "pilot_injury": 0.2167,
        "pilot_skill": 0.1697,
        "mission_priority": 0.0002,
        "estimated_landing_time": 1040.0,
        "wait_time": 0,
        "Landing_success_rate": 0.9651
    },
    {
        "model": 2,
        "sequence": 5,
        "status": 1,
        "fuel": 6006,
        "fault": 0.8497,
        "weapon": 0,
        "pilot_injury": 0.2438,
        "pilot_skill": 0.2979,
        "mission_priority": 0.5604,
        "estimated_landing_time": 476.0,
        "wait_time": 0,
        "Landing_success_rate": 0.8557
    },
    {
        "model": 2,
        "sequence": 2,
        "status": 1,
        "fuel": 7325,
        "fault": 0.5997,
        "weapon": 1,
        "pilot_injury": 0.0556,
        "pilot_skill": 0.1239,
        "mission_priority": 0.4992,
        "estimated_landing_time": 194.0,
        "wait_time": 0,
        "Landing_success_rate": 0.9048
    },
    {
        "model": 0,
        "sequence": 7,
        "status": 1,
        "fuel": 6284,
        "fault": 0.2408,
        "weapon": 0,
        "pilot_injury": 0.067,
        "pilot_skill": 0.8957,
        "mission_priority": 0.6918,
        "estimated_landing_time": 664.0,
        "wait_time": 0,
        "Landing_success_rate": 0.8946
    },
    {
        "model": 2,
        "sequence": 4,
        "status": 1,
        "fuel": 7061,
        "fault": 0.6919,
        "weapon": 0,
        "pilot_injury": 0.9749,
        "pilot_skill": 0.6812,
        "mission_priority": 0.4175,
        "estimated_landing_time": 382.0,
        "wait_time": 0,
        "Landing_success_rate": 0.8861
    },
    {
        "model": 2,
        "sequence": 8,
        "status": 1,
        "fuel": 6818,
        "fault": 0.9573,
        "weapon": 0,
        "pilot_injury": 0.78,
        "pilot_skill": 0.4779,
        "mission_priority": 0.4299,
        "estimated_landing_time": 758.0,
        "wait_time": 0,
        "Landing_success_rate": 0.8542
    },
    {
        "model": 2,
        "sequence": 9,
        "status": 1,
        "fuel": 6681,
        "fault": 0.4148,
        "weapon": 0,
        "pilot_injury": 0.6033,
        "pilot_skill": 0.2032,
        "mission_priority": 0.9196,
        "estimated_landing_time": 852.0,
        "wait_time": 0,
        "Landing_success_rate": 0.9018
    },
    {
        "model": 2,
        "sequence": 6,
        "status": 1,
        "fuel": 6069,
        "fault": 0.1303,
        "weapon": 0,
        "pilot_injury": 0.8741,
        "pilot_skill": 0.9978,
        "mission_priority": 0.2447,
        "estimated_landing_time": 570.0,
        "wait_time": 0,
        "Landing_success_rate": 0.8871
    }
]