[
    {
        "model": 1,
        "sequence": 1,
        "status": 1,
        "fuel": 6350,
        "fault": 0.1664,
        "weapon": 0,
        "pilot_injury": 0.9171,
        "pilot_skill": 0.9983,
        "mission_priority": 0.7805,
        "estimated_landing_time": 100.0,
        "wait_time": 0,
        "Landing_success_rate": 0.9031
    },
    {
        "model": 0,
        "sequence": 3,
        "status": 1,
        "fuel": 6866,
        "fault": 0.8588,
        "weapon": 1,
        "pilot_injury": 0.7395,
        "pilot_skill": 0.9685,
        "mission_priority": 0.4555,
        "estimated_landing_time": 288.0,
        "wait_time": 0,
        "Landing_success_rate": 0.8645
    },
    {
        "model": 0,
        "sequence": 8,
        "status": 1,
        "fuel": 6687,
        "fault": 0.9051,
        "weapon": 1,
        "pilot_injury": 0.8735,
        "pilot_skill": 0.2271,
        "mission_priority": 0.008,
        "estimated_landing_time": 758.0,
        "wait_time": 0,
        "Landing_success_rate": 0.8584
    },
    {
        "model": 1,
        "sequence": 7,
        "status": 1,
        "fuel": 5786,
        "fault": 0.4876,
        "weapon": 1,
        "pilot_injury": 0.2013,
        "pilot_skill": 0.2847,
        "mission_priority": 0.7652,
        "estimated_landing_time": 664.0,
        "wait_time": 0,
        "Landing_success_rate": 0.861
    },
    {
        "model": 1,
        "sequence": 10,
        "status": 1,
        "fuel": 6932,
        "fault": 0.4355,
        "weapon": 0,
        "pilot_injury": 0.6226,
        "pilot_skill": 0.6528,
        "mission_priority": 0.7694,
        "estimated_landing_time": 946.0,
        "wait_time": 0,
        "Landing_success_rate": 0.9106
    },
    {
        "model": 0,
        "sequence": 12,
        "status": 1,
        "fuel": 5921,
        "fault": 0.6338,
        "weapon": 1,
        "pilot_injury": 0.5994,
        "pilot_skill": 0.0576,
        "mission_priority": 0.7774,
        "estimated_landing_time": 1134.0,
        "wait_time": 0,
        "Landing_success_rate": 0.8616
    },
    {
        "model": 1,
        "sequence": 11,
        "status": 1,
        "fuel": 6684,
        "fault": 0.0021,
        "weapon": 1,
        "pilot_injury": 0.4481,
        "pilot_skill": 0.3462,
        "mission_priority": 0.3383,
        "estimated_landing_time": 1040.0,
        "wait_time": 0,
        "Landing_success_rate": 0.9386
    },
    {
        "model": 1,
        "sequence": 6,
        "status": 1,
        "fuel": 6923,
        "fault": 0.6063,
        "weapon": 1,
        "pilot_injury": 0.9706,
        "pilot_skill": 0.5549,
        "mission_priority": 0.1829,
        "estimated_landing_time": 570.0,
        "wait_time": 0,
        "Landing_success_rate": 0.892
    },
    {
        "model": 2,
        "sequence": 2,
        "status": 1,
        "fuel": 7143,
        "fault": 0.9975,
        "weapon": 0,
        "pilot_injury": 0.633,
        "pilot_skill": 0.053,
        "mission_priority": 0.243,
        "estimated_landing_time": 194.0,
        "wait_time": 0,
        "Landing_success_rate": 0.8503
    },
    {
        "model": 1,
        "sequence": 5,
        "status": 1,
        "fuel": 6638,
        "fault": 0.7769,
        "weapon": 0,
        "pilot_injury": 0.8551,
        "pilot_skill": 0.6582,
        "mission_priority": 0.4344,
        "estimated_landing_time": 476.0,
        "wait_time": 0,
        "Landing_success_rate": 0.869
    },
    {
        "model": 1,
        "sequence": 4,
        "status": 1,
        "fuel": 6182,
        "fault": 0.8934,
        "weapon": 0,
        "pilot_injury": 0.8252,
        "pilot_skill": 0.1427,
        "mission_priority": 0.3095,
        "estimated_landing_time": 382.0,
        "wait_time": 0,
        "Landing_success_rate": 0.8555
    },
    {
        "model": 0,
        "sequence": 9,
        "status": 1,
        "fuel": 7207,
        "fault": 0.8932,
        "weapon": 0,
        "pilot_injury": 0.4971,
        "pilot_skill": 0.8093,
        "mission_priority": 0.4705,
        "estimated_landing_time": 852.0,
        "wait_time": 0,
        "Landing_success_rate": 0.8637
    }
]