[
    {
        "model": 0,
        "sequence": 1,
        "status": 1,
        "fuel": 6610,
        "fault": 0.2155,
        "weapon": 1,
        "pilot_injury": 0.0843,
        "pilot_skill": 0.8119,
        "mission_priority": 0.7189,
        "estimated_landing_time": 100.0,
        "wait_time": 0,
        "Landing_success_rate": 0.9153
    },
    {
        "model": 2,
        "sequence": 12,
        "status": 1,
        "fuel": 5579,
        "fault": 0.7941,
        "weapon": 0,
        "pilot_injury": 0.7178,
        "pilot_skill": 0.6798,
        "mission_priority": 0.8309,
        "estimated_landing_time": 1134.0,
        "wait_time": 0,
        "Landing_success_rate": 0.8512
    },
    {
        "model": 0,
        "sequence": 7,
        "status": 1,
        "fuel": 5576,
        "fault": 0.7427,
        "weapon": 0,
        "pilot_injury": 0.373,
        "pilot_skill": 0.1488,
        "mission_priority": 0.5584,
        "estimated_landing_time": 664.0,
        "wait_time": 0,
        "Landing_success_rate": 0.8515
    },
    {
        "model": 1,
        "sequence": 9,
        "status": 1,
        "fuel": 5684,
        "fault": 0.3435,
        "weapon": 0,
        "pilot_injury": 0.845,
        "pilot_skill": 0.0002,
        "mission_priority": 0.1685,
        "estimated_landing_time": 852.0,
        "wait_time": 0,
        "Landing_success_rate": 0.8591
    },
    {
        "model": 2,
        "sequence": 4,
        "status": 1,
        "fuel": 7119,
        "fault": 0.3701,
        "weapon": 0,
        "pilot_injury": 0.9082,
        "pilot_skill": 0.097,
        "mission_priority": 0.6064,
        "estimated_landing_time": 382.0,
        "wait_time": 0,
        "Landing_success_rate": 0.9265
    },
    {
        "model": 0,
        "sequence": 2,
        "status": 1,
        "fuel": 6772,
        "fault": 0.1498,
        "weapon": 1,
        "pilot_injury": 0.1225,
        "pilot_skill": 0.212,
        "mission_priority": 0.0295,
        "estimated_landing_time": 194.0,
        "wait_time": 0,
        "Landing_success_rate": 0.9311
    },
    {
        "model": 1,
        "sequence": 11,
        "status": 1,
        "fuel": 5869,
        "fault": 0.3046,
        "weapon": 0,
        "pilot_injury": 0.8699,
        "pilot_skill": 0.6049,
        "mission_priority": 0.6141,
        "estimated_landing_time": 1040.0,
        "wait_time": 0,
        "Landing_success_rate": 0.8692
    },
    {
        "model": 1,
        "sequence": 10,
        "status": 1,
        "fuel": 6709,
        "fault": 0.2343,
        "weapon": 1,
        "pilot_injury": 0.445,
        "pilot_skill": 0.9995,
        "mission_priority": 0.8352,
        "estimated_landing_time": 946.0,
        "wait_time": 0,
        "Landing_success_rate": 0.9194
    },
    {
        "model": 0,
        "sequence": 3,
        "status": 1,
        "fuel": 6426,
        "fault": 0.3113,
        "weapon": 0,
        "pilot_injury": 0.103,
        "pilot_skill": 0.2274,
        "mission_priority": 0.0031,
        "estimated_landing_time": 288.0,
        "wait_time": 0,
        "Landing_success_rate": 0.8978
    },
    {
        "model": 1,
        "sequence": 8,
        "status": 1,
        "fuel": 7290,
        "fault": 0.3861,
        "weapon": 1,
        "pilot_injury": 0.4728,
        "pilot_skill": 0.6771,
        "mission_priority": 0.8745,
        "estimated_landing_time": 758.0,
        "wait_time": 0,
        "Landing_success_rate": 0.9324
    },
    {
        "model": 1,
        "sequence": 5,
        "status": 1,
        "fuel": 6056,
        "fault": 0.6771,
        "weapon": 1,
        "pilot_injury": 0.0539,
        "pilot_skill": 0.0122,
        "mission_priority": 0.6613,
        "estimated_landing_time": 476.0,
        "wait_time": 0,
        "Landing_success_rate": 0.8635
    },
    {
        "model": 2,
        "sequence": 6,
        "status": 1,
        "fuel": 7439,
        "fault": 0.2535,
        "weapon": 0,
        "pilot_injury": 0.1348,
        "pilot_skill": 0.9137,
        "mission_priority": 0.4703,
        "estimated_landing_time": 570.0,
        "wait_time": 0,
        "Landing_success_rate": 0.9586
    }
]