[
    {
        "model": 1,
        "sequence": 1,
        "status": 1,
        "fuel": 7143,
        "fault": 0.8169,
        "weapon": 1,
        "pilot_injury": 0.5598,
        "pilot_skill": 0.3583,
        "mission_priority": 0.0858,
        "estimated_landing_time": 100.0,
        "wait_time": 0,
        "Landing_success_rate": 0.8726
    },
    {
        "model": 0,
        "sequence": 11,
        "status": 1,
        "fuel": 5561,
        "fault": 0.4249,
        "weapon": 0,
        "pilot_injury": 0.9701,
        "pilot_skill": 0.9266,
        "mission_priority": 0.7974,
        "estimated_landing_time": 1040.0,
        "wait_time": 0,
        "Landing_success_rate": 0.8526
    },
    {
        "model": 1,
        "sequence": 6,
        "status": 1,
        "fuel": 6426,
        "fault": 0.7778,
        "weapon": 1,
        "pilot_injury": 0.4321,
        "pilot_skill": 0.5948,
        "mission_priority": 0.3487,
        "estimated_landing_time": 570.0,
        "wait_time": 0,
        "Landing_success_rate": 0.8654
    },
    {
        "model": 1,
        "sequence": 3,
        "status": 1,
        "fuel": 7298,
        "fault": 0.5513,
        "weapon": 1,
        "pilot_injury": 0.4539,
        "pilot_skill": 0.2122,
        "mission_priority": 0.2019,
        "estimated_landing_time": 288.0,
        "wait_time": 0,
        "Landing_success_rate": 0.9105
    },
    {
        "model": 2,
        "sequence": 10,
        "status": 1,
        "fuel": 5594,
        "fault": 0.3303,
        "weapon": 0,
        "pilot_injury": 0.546,
        "pilot_skill": 0.4009,
        "mission_priority": 0.4308,
        "estimated_landing_time": 946.0,
        "wait_time": 0,
        "Landing_success_rate": 0.8547
    },
    {
        "model": 0,
        "sequence": 9,
        "status": 1,
        "fuel": 6193,
        "fault": 0.2721,
        "weapon": 0,
        "pilot_injury": 0.7955,
        "pilot_skill": 0.388,
        "mission_priority": 0.3836,
        "estimated_landing_time": 852.0,
        "wait_time": 0,
        "Landing_success_rate": 0.8878
    },
    {
        "model": 0,
        "sequence": 4,
        "status": 1,
        "fuel": 5629,
        "fault": 0.0648,
        "weapon": 1,
        "pilot_injury": 0.0253,
        "pilot_skill": 0.5703,
        "mission_priority": 0.5068,
        "estimated_landing_time": 382.0,
        "wait_time": 0,
        "Landing_success_rate": 0.859
    },
    {
        "model": 2,
        "sequence": 2,
        "status": 1,
        "fuel": 6549,
        "fault": 0.2263,
        "weapon": 0,
        "pilot_injury": 0.3234,
        "pilot_skill": 0.5162,
        "mission_priority": 0.6997,
        "estimated_landing_time": 194.0,
        "wait_time": 0,
        "Landing_success_rate": 0.9109
    },
    {
        "model": 0,
        "sequence": 8,
        "status": 1,
        "fuel": 6237,
        "fault": 0.1342,
        "weapon": 0,
        "pilot_injury": 0.9166,
        "pilot_skill": 0.2991,
        "mission_priority": 0.6266,
        "estimated_landing_time": 758.0,
        "wait_time": 0,
        "Landing_success_rate": 0.8979
    },
    {
        "model": 1,
        "sequence": 7,
        "status": 1,
        "fuel": 6921,
        "fault": 0.7655,
        "weapon": 1,
        "pilot_injury": 0.718,
        "pilot_skill": 0.311,
        "mission_priority": 0.3061,
        "estimated_landing_time": 664.0,
        "wait_time": 0,
        "Landing_success_rate": 0.875
    },
    {
        "model": 0,
        "sequence": 5,
        "status": 1,
        "fuel": 5824,
        "fault": 0.6549,
        "weapon": 1,
        "pilot_injury": 0.937,
        "pilot_skill": 0.2248,
        "mission_priority": 0.4682,
        "estimated_landing_time": 476.0,
        "wait_time": 0,
        "Landing_success_rate": 0.8584
    },
    {
        "model": 2,
        "sequence": 12,
        "status": 1,
        "fuel": 7201,
        "fault": 0.2014,
        "weapon": 0,
        "pilot_injury": 0.4032,
        "pilot_skill": 0.3741,
        "mission_priority": 0.2704,
        "estimated_landing_time": 1134.0,
        "wait_time": 0,
        "Landing_success_rate": 0.9519
    }
]