[
    {
        "model": 0,
        "sequence": 6,
        "status": 1,
        "fuel": 7484,
        "fault": 0.1838,
        "weapon": 1,
        "pilot_injury": 0.8838,
        "pilot_skill": 0.6994,
        "mission_priority": 0.3416,
        "estimated_landing_time": 570.0,
        "wait_time": 0,
        "Landing_success_rate": 0.9715
    },
    {
        "model": 2,
        "sequence": 12,
        "status": 1,
        "fuel": 5755,
        "fault": 0.3353,
        "weapon": 1,
        "pilot_injury": 0.1681,
        "pilot_skill": 0.1643,
        "mission_priority": 0.1306,
        "estimated_landing_time": 1134.0,
        "wait_time": 0,
        "Landing_success_rate": 0.8627
    },
    {
        "model": 1,
        "sequence": 5,
        "status": 1,
        "fuel": 5773,
        "fault": 0.4819,
        "weapon": 1,
        "pilot_injury": 0.1118,
        "pilot_skill": 0.6403,
        "mission_priority": 0.9904,
        "estimated_landing_time": 476.0,
        "wait_time": 0,
        "Landing_success_rate": 0.8606
    },
    {
        "model": 1,
        "sequence": 7,
        "status": 1,
        "fuel": 5983,
        "fault": 0.3549,
        "weapon": 1,
        "pilot_injury": 0.4231,
        "pilot_skill": 0.8593,
        "mission_priority": 0.1347,
        "estimated_landing_time": 664.0,
        "wait_time": 0,
        "Landing_success_rate": 0.8734
    },
    {
        "model": 1,
        "sequence": 1,
        "status": 1,
        "fuel": 6964,
        "fault": 0.7339,
        "weapon": 0,
        "pilot_injury": 0.9313,
        "pilot_skill": 0.876,
        "mission_priority": 0.677,
        "estimated_landing_time": 100.0,
        "wait_time": 0,
        "Landing_success_rate": 0.8792
    },
    {
        "model": 1,
        "sequence": 3,
        "status": 1,
        "fuel": 5706,
        "fault": 0.835,
        "weapon": 1,
        "pilot_injury": 0.1168,
        "pilot_skill": 0.4154,
        "mission_priority": 0.1866,
        "estimated_landing_time": 288.0,
        "wait_time": 0,
        "Landing_success_rate": 0.8525
    },
    {
        "model": 1,
        "sequence": 4,
        "status": 1,
        "fuel": 6371,
        "fault": 0.1559,
        "weapon": 1,
        "pilot_injury": 0.8605,
        "pilot_skill": 0.0171,
        "mission_priority": 0.2926,
        "estimated_landing_time": 382.0,
        "wait_time": 0,
        "Landing_success_rate": 0.9051
    },
    {
        "model": 2,
        "sequence": 11,
        "status": 1,
        "fuel": 7322,
        "fault": 0.8529,
        "weapon": 1,
        "pilot_injury": 0.1816,
        "pilot_skill": 0.9642,
        "mission_priority": 0.5789,
        "estimated_landing_time": 1040.0,
        "wait_time": 0,
        "Landing_success_rate": 0.8701
    },
    {
        "model": 1,
        "sequence": 2,
        "status": 1,
        "fuel": 5867,
        "fault": 0.3908,
        "weapon": 1,
        "pilot_injury": 0.4857,
        "pilot_skill": 0.8377,
        "mission_priority": 0.2196,
        "estimated_landing_time": 194.0,
        "wait_time": 0,
        "Landing_success_rate": 0.8668
    },
    {
        "model": 0,
        "sequence": 8,
        "status": 1,
        "fuel": 6831,
        "fault": 0.8852,
        "weapon": 0,
        "pilot_injury": 0.9769,
        "pilot_skill": 0.0667,
        "mission_priority": 0.8982,
        "estimated_landing_time": 758.0,
        "wait_time": 0,
        "Landing_success_rate": 0.8615
    },
    {
        "model": 0,
        "sequence": 9,
        "status": 1,
        "fuel": 7160,
        "fault": 0.8892,
        "weapon": 1,
        "pilot_injury": 0.6793,
        "pilot_skill": 0.1408,
        "mission_priority": 0.4438,
        "estimated_landing_time": 852.0,
        "wait_time": 0,
        "Landing_success_rate": 0.8638
    },
    {
        "model": 1,
        "sequence": 10,
        "status": 1,
        "fuel": 7293,
        "fault": 0.5161,
        "weapon": 1,
        "pilot_injury": 0.8332,
        "pilot_skill": 0.0452,
        "mission_priority": 0.6533,
        "estimated_landing_time": 946.0,
        "wait_time": 0,
        "Landing_success_rate": 0.9151
    }
]