[
    {
        "model": 0,
        "sequence": 3,
        "status": 1,
        "fuel": 6913,
        "fault": 0.1609,
        "weapon": 0,
        "pilot_injury": 0.0352,
        "pilot_skill": 0.1684,
        "mission_priority": 0.7279,
        "estimated_landing_time": 288.0,
        "wait_time": 0,
        "Landing_success_rate": 0.9389
    },
    {
        "model": 0,
        "sequence": 2,
        "status": 1,
        "fuel": 6429,
        "fault": 0.1717,
        "weapon": 0,
        "pilot_injury": 0.0933,
        "pilot_skill": 0.9209,
        "mission_priority": 0.344,
        "estimated_landing_time": 194.0,
        "wait_time": 0,
        "Landing_success_rate": 0.9077
    },
    {
        "model": 1,
        "sequence": 12,
        "status": 1,
        "fuel": 7457,
        "fault": 0.3555,
        "weapon": 1,
        "pilot_injury": 0.0061,
        "pilot_skill": 0.4641,
        "mission_priority": 0.0247,
        "estimated_landing_time": 1134.0,
        "wait_time": 0,
        "Landing_success_rate": 0.9446
    },
    {
        "model": 1,
        "sequence": 10,
        "status": 1,
        "fuel": 7237,
        "fault": 0.5432,
        "weapon": 1,
        "pilot_injury": 0.0749,
        "pilot_skill": 0.1103,
        "mission_priority": 0.3835,
        "estimated_landing_time": 946.0,
        "wait_time": 0,
        "Landing_success_rate": 0.9095
    },
    {
        "model": 1,
        "sequence": 4,
        "status": 1,
        "fuel": 5533,
        "fault": 0.1553,
        "weapon": 1,
        "pilot_injury": 0.8676,
        "pilot_skill": 0.3665,
        "mission_priority": 0.0432,
        "estimated_landing_time": 382.0,
        "wait_time": 0,
        "Landing_success_rate": 0.8521
    },
    {
        "model": 2,
        "sequence": 8,
        "status": 1,
        "fuel": 5858,
        "fault": 0.6159,
        "weapon": 0,
        "pilot_injury": 0.9477,
        "pilot_skill": 0.3687,
        "mission_priority": 0.0101,
        "estimated_landing_time": 758.0,
        "wait_time": 0,
        "Landing_success_rate": 0.8603
    },
    {
        "model": 2,
        "sequence": 5,
        "status": 1,
        "fuel": 6453,
        "fault": 0.8768,
        "weapon": 0,
        "pilot_injury": 0.9656,
        "pilot_skill": 0.1609,
        "mission_priority": 0.1812,
        "estimated_landing_time": 476.0,
        "wait_time": 0,
        "Landing_success_rate": 0.8588
    },
    {
        "model": 1,
        "sequence": 6,
        "status": 1,
        "fuel": 5642,
        "fault": 0.2158,
        "weapon": 0,
        "pilot_injury": 0.7394,
        "pilot_skill": 0.1811,
        "mission_priority": 0.959,
        "estimated_landing_time": 570.0,
        "wait_time": 0,
        "Landing_success_rate": 0.8584
    },
    {
        "model": 2,
        "sequence": 9,
        "status": 1,
        "fuel": 6132,
        "fault": 0.7636,
        "weapon": 0,
        "pilot_injury": 0.5401,
        "pilot_skill": 0.4143,
        "mission_priority": 0.9772,
        "estimated_landing_time": 852.0,
        "wait_time": 0,
        "Landing_success_rate": 0.8612
    },
    {
        "model": 2,
        "sequence": 11,
        "status": 1,
        "fuel": 6554,
        "fault": 0.8669,
        "weapon": 0,
        "pilot_injury": 0.56,
        "pilot_skill": 0.6314,
        "mission_priority": 0.2421,
        "estimated_landing_time": 1040.0,
        "wait_time": 0,
        "Landing_success_rate": 0.8605
    },
    {
        "model": 1,
        "sequence": 1,
        "status": 1,
        "fuel": 6055,
        "fault": 0.2554,
        "weapon": 1,
        "pilot_injury": 0.186,
        "pilot_skill": 0.2548,
        "mission_priority": 0.3049,
        "estimated_landing_time": 100.0,
        "wait_time": 0,
        "Landing_success_rate": 0.881
    },
    {
        "model": 0,
        "sequence": 7,
        "status": 1,
        "fuel": 5628,
        "fault": 0.4756,
        "weapon": 0,
        "pilot_injury": 0.0989,
        "pilot_skill": 0.0424,
        "mission_priority": 0.6739,
        "estimated_landing_time": 664.0,
        "wait_time": 0,
        "Landing_success_rate": 0.855
    }
]