[
    {
        "model": 2,
        "sequence": 11,
        "status": 1,
        "fuel": 7083,
        "fault": 0.6268,
        "weapon": 1,
        "pilot_injury": 0.6874,
        "pilot_skill": 0.1116,
        "mission_priority": 0.1477,
        "estimated_landing_time": 1040.0,
        "wait_time": 0,
        "Landing_success_rate": 0.8943
    },
    {
        "model": 1,
        "sequence": 1,
        "status": 1,
        "fuel": 7085,
        "fault": 0.7323,
        "weapon": 1,
        "pilot_injury": 0.0278,
        "pilot_skill": 0.805,
        "mission_priority": 0.0195,
        "estimated_landing_time": 100.0,
        "wait_time": 0,
        "Landing_success_rate": 0.8818
    },
    {
        "model": 1,
        "sequence": 10,
        "status": 1,
        "fuel": 6265,
        "fault": 0.4829,
        "weapon": 0,
        "pilot_injury": 0.9747,
        "pilot_skill": 0.6039,
        "mission_priority": 0.735,
        "estimated_landing_time": 946.0,
        "wait_time": 0,
        "Landing_success_rate": 0.8797
    },
    {
        "model": 2,
        "sequence": 8,
        "status": 1,
        "fuel": 7463,
        "fault": 0.5271,
        "weapon": 0,
        "pilot_injury": 0.8392,
        "pilot_skill": 0.653,
        "mission_priority": 0.5023,
        "estimated_landing_time": 758.0,
        "wait_time": 0,
        "Landing_success_rate": 0.9196
    },
    {
        "model": 2,
        "sequence": 4,
        "status": 1,
        "fuel": 6438,
        "fault": 0.5943,
        "weapon": 0,
        "pilot_injury": 0.5924,
        "pilot_skill": 0.8474,
        "mission_priority": 0.3569,
        "estimated_landing_time": 382.0,
        "wait_time": 0,
        "Landing_success_rate": 0.8785
    },
    {
        "model": 2,
        "sequence": 3,
        "status": 1,
        "fuel": 5990,
        "fault": 0.3937,
        "weapon": 1,
        "pilot_injury": 0.7271,
        "pilot_skill": 0.1073,
        "mission_priority": 0.206,
        "estimated_landing_time": 288.0,
        "wait_time": 0,
        "Landing_success_rate": 0.8723
    },
    {
        "model": 0,
        "sequence": 6,
        "status": 1,
        "fuel": 6829,
        "fault": 0.6436,
        "weapon": 1,
        "pilot_injury": 0.0629,
        "pilot_skill": 0.6866,
        "mission_priority": 0.3665,
        "estimated_landing_time": 570.0,
        "wait_time": 0,
        "Landing_success_rate": 0.8855
    },
    {
        "model": 2,
        "sequence": 12,
        "status": 1,
        "fuel": 5735,
        "fault": 0.4624,
        "weapon": 1,
        "pilot_injury": 0.1145,
        "pilot_skill": 0.3144,
        "mission_priority": 0.8101,
        "estimated_landing_time": 1134.0,
        "wait_time": 0,
        "Landing_success_rate": 0.8595
    },
    {
        "model": 0,
        "sequence": 2,
        "status": 1,
        "fuel": 6696,
        "fault": 0.8639,
        "weapon": 1,
        "pilot_injury": 0.8254,
        "pilot_skill": 0.9871,
        "mission_priority": 0.5569,
        "estimated_landing_time": 194.0,
        "wait_time": 0,
        "Landing_success_rate": 0.8622
    },
    {
        "model": 1,
        "sequence": 9,
        "status": 1,
        "fuel": 6492,
        "fault": 0.2745,
        "weapon": 0,
        "pilot_injury": 0.1701,
        "pilot_skill": 0.7619,
        "mission_priority": 0.7735,
        "estimated_landing_time": 852.0,
        "wait_time": 0,
        "Landing_success_rate": 0.904
    },
    {
        "model": 0,
        "sequence": 7,
        "status": 1,
        "fuel": 7032,
        "fault": 0.3227,
        "weapon": 1,
        "pilot_injury": 0.562,
        "pilot_skill": 0.2143,
        "mission_priority": 0.3409,
        "estimated_landing_time": 664.0,
        "wait_time": 0,
        "Landing_success_rate": 0.9278
    },
    {
        "model": 2,
        "sequence": 5,
        "status": 1,
        "fuel": 6001,
        "fault": 0.2646,
        "weapon": 0,
        "pilot_injury": 0.6383,
        "pilot_skill": 0.6546,
        "mission_priority": 0.9541,
        "estimated_landing_time": 476.0,
        "wait_time": 0,
        "Landing_success_rate": 0.8776
    }
]