[
    {
        "model": 2,
        "sequence": 10,
        "status": 1,
        "fuel": 6314,
        "fault": 0.8424,
        "weapon": 1,
        "pilot_injury": 0.2472,
        "pilot_skill": 0.9737,
        "mission_priority": 0.3972,
        "estimated_landing_time": 946.0,
        "wait_time": 0,
        "Landing_success_rate": 0.8596
    },
    {
        "model": 1,
        "sequence": 5,
        "status": 1,
        "fuel": 6075,
        "fault": 0.059,
        "weapon": 1,
        "pilot_injury": 0.4905,
        "pilot_skill": 0.0741,
        "mission_priority": 0.0347,
        "estimated_landing_time": 476.0,
        "wait_time": 0,
        "Landing_success_rate": 0.8906
    },
    {
        "model": 0,
        "sequence": 1,
        "status": 1,
        "fuel": 6450,
        "fault": 0.0074,
        "weapon": 0,
        "pilot_injury": 0.1369,
        "pilot_skill": 0.6876,
        "mission_priority": 0.9929,
        "estimated_landing_time": 100.0,
        "wait_time": 0,
        "Landing_success_rate": 0.9207
    },
    {
        "model": 1,
        "sequence": 11,
        "status": 1,
        "fuel": 6572,
        "fault": 0.4314,
        "weapon": 0,
        "pilot_injury": 0.963,
        "pilot_skill": 0.8315,
        "mission_priority": 0.4636,
        "estimated_landing_time": 1040.0,
        "wait_time": 0,
        "Landing_success_rate": 0.8957
    },
    {
        "model": 2,
        "sequence": 8,
        "status": 1,
        "fuel": 6644,
        "fault": 0.0281,
        "weapon": 1,
        "pilot_injury": 0.5121,
        "pilot_skill": 0.2791,
        "mission_priority": 0.1612,
        "estimated_landing_time": 758.0,
        "wait_time": 0,
        "Landing_success_rate": 0.9334
    },
    {
        "model": 1,
        "sequence": 7,
        "status": 1,
        "fuel": 7246,
        "fault": 0.7273,
        "weapon": 0,
        "pilot_injury": 0.699,
        "pilot_skill": 0.4562,
        "mission_priority": 0.5311,
        "estimated_landing_time": 664.0,
        "wait_time": 0,
        "Landing_success_rate": 0.8857
    },
    {
        "model": 0,
        "sequence": 4,
        "status": 1,
        "fuel": 6708,
        "fault": 0.9219,
        "weapon": 0,
        "pilot_injury": 0.5834,
        "pilot_skill": 0.985,
        "mission_priority": 0.0963,
        "estimated_landing_time": 382.0,
        "wait_time": 0,
        "Landing_success_rate": 0.8571
    },
    {
        "model": 0,
        "sequence": 12,
        "status": 1,
        "fuel": 6006,
        "fault": 0.1603,
        "weapon": 1,
        "pilot_injury": 0.0723,
        "pilot_skill": 0.8759,
        "mission_priority": 0.5243,
        "estimated_landing_time": 1134.0,
        "wait_time": 0,
        "Landing_success_rate": 0.8819
    },
    {
        "model": 2,
        "sequence": 6,
        "status": 1,
        "fuel": 6486,
        "fault": 0.8143,
        "weapon": 0,
        "pilot_injury": 0.2971,
        "pilot_skill": 0.3058,
        "mission_priority": 0.8848,
        "estimated_landing_time": 570.0,
        "wait_time": 0,
        "Landing_success_rate": 0.8637
    },
    {
        "model": 1,
        "sequence": 9,
        "status": 1,
        "fuel": 6770,
        "fault": 0.3313,
        "weapon": 0,
        "pilot_injury": 0.7987,
        "pilot_skill": 0.2571,
        "mission_priority": 0.618,
        "estimated_landing_time": 852.0,
        "wait_time": 0,
        "Landing_success_rate": 0.9137
    },
    {
        "model": 1,
        "sequence": 3,
        "status": 1,
        "fuel": 7222,
        "fault": 0.3224,
        "weapon": 1,
        "pilot_injury": 0.3093,
        "pilot_skill": 0.6432,
        "mission_priority": 0.8822,
        "estimated_landing_time": 288.0,
        "wait_time": 0,
        "Landing_success_rate": 0.9375
    },
    {
        "model": 2,
        "sequence": 2,
        "status": 1,
        "fuel": 6886,
        "fault": 0.229,
        "weapon": 1,
        "pilot_injury": 0.5161,
        "pilot_skill": 0.346,
        "mission_priority": 0.6722,
        "estimated_landing_time": 194.0,
        "wait_time": 0,
        "Landing_success_rate": 0.9301
    }
]