[
    {
        "model": 0,
        "sequence": 5,
        "status": 1,
        "fuel": 6755,
        "fault": 0.3331,
        "weapon": 0,
        "pilot_injury": 0.8491,
        "pilot_skill": 0.8747,
        "mission_priority": 0.1706,
        "estimated_landing_time": 476.0,
        "wait_time": 0,
        "Landing_success_rate": 0.9128
    },
    {
        "model": 0,
        "sequence": 11,
        "status": 1,
        "fuel": 6884,
        "fault": 0.1876,
        "weapon": 0,
        "pilot_injury": 0.3012,
        "pilot_skill": 0.0186,
        "mission_priority": 0.8886,
        "estimated_landing_time": 1040.0,
        "wait_time": 0,
        "Landing_success_rate": 0.9343
    },
    {
        "model": 1,
        "sequence": 10,
        "status": 1,
        "fuel": 6315,
        "fault": 0.4609,
        "weapon": 1,
        "pilot_injury": 0.7174,
        "pilot_skill": 0.7627,
        "mission_priority": 0.2015,
        "estimated_landing_time": 946.0,
        "wait_time": 0,
        "Landing_success_rate": 0.883
    },
    {
        "model": 1,
        "sequence": 1,
        "status": 1,
        "fuel": 6126,
        "fault": 0.7166,
        "weapon": 0,
        "pilot_injury": 0.1721,
        "pilot_skill": 0.3054,
        "mission_priority": 0.3215,
        "estimated_landing_time": 100.0,
        "wait_time": 0,
        "Landing_success_rate": 0.8633
    },
    {
        "model": 2,
        "sequence": 4,
        "status": 1,
        "fuel": 5952,
        "fault": 0.962,
        "weapon": 1,
        "pilot_injury": 0.7886,
        "pilot_skill": 0.1672,
        "mission_priority": 0.0285,
        "estimated_landing_time": 382.0,
        "wait_time": 0,
        "Landing_success_rate": 0.8513
    },
    {
        "model": 2,
        "sequence": 9,
        "status": 1,
        "fuel": 6959,
        "fault": 0.976,
        "weapon": 1,
        "pilot_injury": 0.6809,
        "pilot_skill": 0.8972,
        "mission_priority": 0.8908,
        "estimated_landing_time": 852.0,
        "wait_time": 0,
        "Landing_success_rate": 0.8526
    },
    {
        "model": 0,
        "sequence": 7,
        "status": 1,
        "fuel": 5561,
        "fault": 0.7841,
        "weapon": 1,
        "pilot_injury": 0.5023,
        "pilot_skill": 0.1663,
        "mission_priority": 0.7054,
        "estimated_landing_time": 664.0,
        "wait_time": 0,
        "Landing_success_rate": 0.851
    },
    {
        "model": 2,
        "sequence": 3,
        "status": 1,
        "fuel": 7114,
        "fault": 0.6789,
        "weapon": 0,
        "pilot_injury": 0.2383,
        "pilot_skill": 0.8751,
        "mission_priority": 0.868,
        "estimated_landing_time": 288.0,
        "wait_time": 0,
        "Landing_success_rate": 0.8889
    },
    {
        "model": 1,
        "sequence": 2,
        "status": 1,
        "fuel": 7408,
        "fault": 0.5456,
        "weapon": 0,
        "pilot_injury": 0.6721,
        "pilot_skill": 0.6072,
        "mission_priority": 0.4157,
        "estimated_landing_time": 194.0,
        "wait_time": 0,
        "Landing_success_rate": 0.915
    },
    {
        "model": 2,
        "sequence": 12,
        "status": 1,
        "fuel": 6799,
        "fault": 0.5126,
        "weapon": 0,
        "pilot_injury": 0.5891,
        "pilot_skill": 0.6477,
        "mission_priority": 0.4517,
        "estimated_landing_time": 1134.0,
        "wait_time": 0,
        "Landing_success_rate": 0.8975
    },
    {
        "model": 1,
        "sequence": 6,
        "status": 1,
        "fuel": 5943,
        "fault": 0.5806,
        "weapon": 0,
        "pilot_injury": 0.347,
        "pilot_skill": 0.4191,
        "mission_priority": 0.0169,
        "estimated_landing_time": 570.0,
        "wait_time": 0,
        "Landing_success_rate": 0.8639
    },
    {
        "model": 2,
        "sequence": 8,
        "status": 1,
        "fuel": 6914,
        "fault": 0.5461,
        "weapon": 0,
        "pilot_injury": 0.506,
        "pilot_skill": 0.3364,
        "mission_priority": 0.7262,
        "estimated_landing_time": 758.0,
        "wait_time": 0,
        "Landing_success_rate": 0.8981
    }
]