[
    {
        "model": 1,
        "sequence": 7,
        "status": 1,
        "fuel": 6576,
        "fault": 0.6399,
        "weapon": 1,
        "pilot_injury": 0.6029,
        "pilot_skill": 0.5791,
        "mission_priority": 0.2319,
        "estimated_landing_time": 664.0,
        "wait_time": 0,
        "Landing_success_rate": 0.8791
    },
    {
        "model": 1,
        "sequence": 11,
        "status": 1,
        "fuel": 6368,
        "fault": 0.0191,
        "weapon": 1,
        "pilot_injury": 0.3137,
        "pilot_skill": 0.4426,
        "mission_priority": 0.1146,
        "estimated_landing_time": 1040.0,
        "wait_time": 0,
        "Landing_success_rate": 0.9139
    },
    {
        "model": 1,
        "sequence": 6,
        "status": 1,
        "fuel": 6601,
        "fault": 0.0683,
        "weapon": 1,
        "pilot_injury": 0.834,
        "pilot_skill": 0.1403,
        "mission_priority": 0.8866,
        "estimated_landing_time": 570.0,
        "wait_time": 0,
        "Landing_success_rate": 0.9269
    },
    {
        "model": 2,
        "sequence": 4,
        "status": 1,
        "fuel": 5816,
        "fault": 0.3398,
        "weapon": 1,
        "pilot_injury": 0.5658,
        "pilot_skill": 0.3127,
        "mission_priority": 0.1782,
        "estimated_landing_time": 382.0,
        "wait_time": 0,
        "Landing_success_rate": 0.8656
    },
    {
        "model": 1,
        "sequence": 9,
        "status": 1,
        "fuel": 6874,
        "fault": 0.743,
        "weapon": 1,
        "pilot_injury": 0.3985,
        "pilot_skill": 0.1699,
        "mission_priority": 0.3831,
        "estimated_landing_time": 852.0,
        "wait_time": 0,
        "Landing_success_rate": 0.8765
    },
    {
        "model": 0,
        "sequence": 3,
        "status": 1,
        "fuel": 5511,
        "fault": 0.8008,
        "weapon": 0,
        "pilot_injury": 0.9516,
        "pilot_skill": 0.9463,
        "mission_priority": 0.1449,
        "estimated_landing_time": 288.0,
        "wait_time": 0,
        "Landing_success_rate": 0.8502
    },
    {
        "model": 1,
        "sequence": 2,
        "status": 1,
        "fuel": 6832,
        "fault": 0.5966,
        "weapon": 0,
        "pilot_injury": 0.3928,
        "pilot_skill": 0.0044,
        "mission_priority": 0.2739,
        "estimated_landing_time": 194.0,
        "wait_time": 0,
        "Landing_success_rate": 0.8903
    },
    {
        "model": 0,
        "sequence": 1,
        "status": 1,
        "fuel": 7214,
        "fault": 0.6536,
        "weapon": 1,
        "pilot_injury": 0.1334,
        "pilot_skill": 0.1105,
        "mission_priority": 0.9221,
        "estimated_landing_time": 100.0,
        "wait_time": 0,
        "Landing_success_rate": 0.8945
    },
    {
        "model": 2,
        "sequence": 10,
        "status": 1,
        "fuel": 6122,
        "fault": 0.3201,
        "weapon": 1,
        "pilot_injury": 0.7692,
        "pilot_skill": 0.4289,
        "mission_priority": 0.7585,
        "estimated_landing_time": 946.0,
        "wait_time": 0,
        "Landing_success_rate": 0.8817
    },
    {
        "model": 1,
        "sequence": 12,
        "status": 1,
        "fuel": 6289,
        "fault": 0.7525,
        "weapon": 0,
        "pilot_injury": 0.729,
        "pilot_skill": 0.4197,
        "mission_priority": 0.9814,
        "estimated_landing_time": 1134.0,
        "wait_time": 0,
        "Landing_success_rate": 0.8646
    },
    {
        "model": 0,
        "sequence": 5,
        "status": 1,
        "fuel": 6640,
        "fault": 0.1391,
        "weapon": 1,
        "pilot_injury": 0.933,
        "pilot_skill": 0.2419,
        "mission_priority": 0.7982,
        "estimated_landing_time": 476.0,
        "wait_time": 0,
        "Landing_success_rate": 0.9236
    },
    {
        "model": 2,
        "sequence": 8,
        "status": 1,
        "fuel": 5653,
        "fault": 0.1352,
        "weapon": 1,
        "pilot_injury": 0.4501,
        "pilot_skill": 0.7443,
        "mission_priority": 0.467,
        "estimated_landing_time": 758.0,
        "wait_time": 0,
        "Landing_success_rate": 0.8599
    }
]