[
    {
        "model": 0,
        "sequence": 4,
        "status": 1,
        "fuel": 7377,
        "fault": 0.9603,
        "weapon": 0,
        "pilot_injury": 0.4663,
        "pilot_skill": 0.8607,
        "mission_priority": 0.5218,
        "estimated_landing_time": 382.0,
        "wait_time": 0,
        "Landing_success_rate": 0.8556
    },
    {
        "model": 2,
        "sequence": 5,
        "status": 1,
        "fuel": 6040,
        "fault": 0.9313,
        "weapon": 1,
        "pilot_injury": 0.0311,
        "pilot_skill": 0.8954,
        "mission_priority": 0.0505,
        "estimated_landing_time": 476.0,
        "wait_time": 0,
        "Landing_success_rate": 0.8528
    },
    {
        "model": 2,
        "sequence": 8,
        "status": 1,
        "fuel": 6143,
        "fault": 0.9069,
        "weapon": 1,
        "pilot_injury": 0.7062,
        "pilot_skill": 0.034,
        "mission_priority": 0.8425,
        "estimated_landing_time": 758.0,
        "wait_time": 0,
        "Landing_success_rate": 0.8545
    },
    {
        "model": 1,
        "sequence": 12,
        "status": 1,
        "fuel": 6090,
        "fault": 0.4692,
        "weapon": 1,
        "pilot_injury": 0.7068,
        "pilot_skill": 0.4893,
        "mission_priority": 0.1909,
        "estimated_landing_time": 1134.0,
        "wait_time": 0,
        "Landing_success_rate": 0.8735
    },
    {
        "model": 2,
        "sequence": 1,
        "status": 1,
        "fuel": 6222,
        "fault": 0.4157,
        "weapon": 1,
        "pilot_injury": 0.0856,
        "pilot_skill": 0.0942,
        "mission_priority": 0.2673,
        "estimated_landing_time": 100.0,
        "wait_time": 0,
        "Landing_success_rate": 0.8816
    },
    {
        "model": 2,
        "sequence": 2,
        "status": 1,
        "fuel": 7321,
        "fault": 0.2546,
        "weapon": 1,
        "pilot_injury": 0.069,
        "pilot_skill": 0.9684,
        "mission_priority": 0.8872,
        "estimated_landing_time": 194.0,
        "wait_time": 0,
        "Landing_success_rate": 0.9518
    },
    {
        "model": 0,
        "sequence": 9,
        "status": 1,
        "fuel": 6011,
        "fault": 0.9243,
        "weapon": 1,
        "pilot_injury": 0.9424,
        "pilot_skill": 0.4611,
        "mission_priority": 0.3112,
        "estimated_landing_time": 852.0,
        "wait_time": 0,
        "Landing_success_rate": 0.8529
    },
    {
        "model": 0,
        "sequence": 6,
        "status": 1,
        "fuel": 6176,
        "fault": 0.3864,
        "weapon": 0,
        "pilot_injury": 0.1684,
        "pilot_skill": 0.7675,
        "mission_priority": 0.7494,
        "estimated_landing_time": 570.0,
        "wait_time": 0,
        "Landing_success_rate": 0.8811
    },
    {
        "model": 1,
        "sequence": 3,
        "status": 1,
        "fuel": 5851,
        "fault": 0.6546,
        "weapon": 1,
        "pilot_injury": 0.1321,
        "pilot_skill": 0.5955,
        "mission_priority": 0.4493,
        "estimated_landing_time": 288.0,
        "wait_time": 0,
        "Landing_success_rate": 0.8591
    },
    {
        "model": 2,
        "sequence": 7,
        "status": 1,
        "fuel": 7004,
        "fault": 0.9371,
        "weapon": 0,
        "pilot_injury": 0.3723,
        "pilot_skill": 0.1082,
        "mission_priority": 0.2516,
        "estimated_landing_time": 664.0,
        "wait_time": 0,
        "Landing_success_rate": 0.8571
    },
    {
        "model": 2,
        "sequence": 10,
        "status": 1,
        "fuel": 5847,
        "fault": 0.8612,
        "weapon": 1,
        "pilot_injury": 0.0486,
        "pilot_skill": 0.6512,
        "mission_priority": 0.2214,
        "estimated_landing_time": 946.0,
        "wait_time": 0,
        "Landing_success_rate": 0.8536
    },
    {
        "model": 2,
        "sequence": 11,
        "status": 1,
        "fuel": 5552,
        "fault": 0.3347,
        "weapon": 1,
        "pilot_injury": 0.2245,
        "pilot_skill": 0.552,
        "mission_priority": 0.3574,
        "estimated_landing_time": 1040.0,
        "wait_time": 0,
        "Landing_success_rate": 0.8526
    }
]