[
    {
        "model": 2,
        "sequence": 9,
        "status": 1,
        "fuel": 7137,
        "fault": 0.534,
        "weapon": 0,
        "pilot_injury": 0.2255,
        "pilot_skill": 0.0649,
        "mission_priority": 0.6259,
        "estimated_landing_time": 852.0,
        "wait_time": 0,
        "Landing_success_rate": 0.9072
    },
    {
        "model": 1,
        "sequence": 5,
        "status": 1,
        "fuel": 5941,
        "fault": 0.8433,
        "weapon": 1,
        "pilot_injury": 0.2105,
        "pilot_skill": 0.3387,
        "mission_priority": 0.5617,
        "estimated_landing_time": 476.0,
        "wait_time": 0,
        "Landing_success_rate": 0.8552
    },
    {
        "model": 2,
        "sequence": 12,
        "status": 1,
        "fuel": 6821,
        "fault": 0.5545,
        "weapon": 0,
        "pilot_injury": 0.2801,
        "pilot_skill": 0.2737,
        "mission_priority": 0.1747,
        "estimated_landing_time": 1134.0,
        "wait_time": 0,
        "Landing_success_rate": 0.8941
    },
    {
        "model": 2,
        "sequence": 3,
        "status": 1,
        "fuel": 6857,
        "fault": 0.7238,
        "weapon": 0,
        "pilot_injury": 0.6338,
        "pilot_skill": 0.5691,
        "mission_priority": 0.3826,
        "estimated_landing_time": 288.0,
        "wait_time": 0,
        "Landing_success_rate": 0.8781
    },
    {
        "model": 0,
        "sequence": 8,
        "status": 1,
        "fuel": 5651,
        "fault": 0.9902,
        "weapon": 0,
        "pilot_injury": 0.5355,
        "pilot_skill": 0.9189,
        "mission_priority": 0.6857,
        "estimated_landing_time": 758.0,
        "wait_time": 0,
        "Landing_success_rate": 0.8501
    },
    {
        "model": 0,
        "sequence": 6,
        "status": 1,
        "fuel": 7157,
        "fault": 0.6076,
        "weapon": 1,
        "pilot_injury": 0.3516,
        "pilot_skill": 0.0629,
        "mission_priority": 0.6226,
        "estimated_landing_time": 570.0,
        "wait_time": 0,
        "Landing_success_rate": 0.8988
    },
    {
        "model": 2,
        "sequence": 7,
        "status": 1,
        "fuel": 6487,
        "fault": 0.2652,
        "weapon": 1,
        "pilot_injury": 0.7395,
        "pilot_skill": 0.7836,
        "mission_priority": 0.3018,
        "estimated_landing_time": 664.0,
        "wait_time": 0,
        "Landing_success_rate": 0.9044
    },
    {
        "model": 2,
        "sequence": 10,
        "status": 1,
        "fuel": 6285,
        "fault": 0.2271,
        "weapon": 0,
        "pilot_injury": 0.8195,
        "pilot_skill": 0.7614,
        "mission_priority": 0.988,
        "estimated_landing_time": 946.0,
        "wait_time": 0,
        "Landing_success_rate": 0.8955
    },
    {
        "model": 1,
        "sequence": 1,
        "status": 1,
        "fuel": 7104,
        "fault": 0.9155,
        "weapon": 0,
        "pilot_injury": 0.256,
        "pilot_skill": 0.1199,
        "mission_priority": 0.9115,
        "estimated_landing_time": 100.0,
        "wait_time": 0,
        "Landing_success_rate": 0.8602
    },
    {
        "model": 2,
        "sequence": 4,
        "status": 1,
        "fuel": 5809,
        "fault": 0.1415,
        "weapon": 1,
        "pilot_injury": 0.0384,
        "pilot_skill": 0.2751,
        "mission_priority": 0.8349,
        "estimated_landing_time": 382.0,
        "wait_time": 0,
        "Landing_success_rate": 0.8699
    },
    {
        "model": 2,
        "sequence": 2,
        "status": 1,
        "fuel": 5864,
        "fault": 0.2487,
        "weapon": 0,
        "pilot_injury": 0.0525,
        "pilot_skill": 0.4274,
        "mission_priority": 0.9318,
        "estimated_landing_time": 194.0,
        "wait_time": 0,
        "Landing_success_rate": 0.8705
    },
    {
        "model": 0,
        "sequence": 11,
        "status": 1,
        "fuel": 6782,
        "fault": 0.0656,
        "weapon": 1,
        "pilot_injury": 0.1019,
        "pilot_skill": 0.4936,
        "mission_priority": 0.6965,
        "estimated_landing_time": 1040.0,
        "wait_time": 0,
        "Landing_success_rate": 0.9398
    }
]