[
    {
        "model": 2,
        "sequence": 5,
        "status": 1,
        "fuel": 6189,
        "fault": 0.1179,
        "weapon": 0,
        "pilot_injury": 0.1904,
        "pilot_skill": 0.9409,
        "mission_priority": 0.5211,
        "estimated_landing_time": 476.0,
        "wait_time": 0,
        "Landing_success_rate": 0.8956
    },
    {
        "model": 0,
        "sequence": 9,
        "status": 1,
        "fuel": 5540,
        "fault": 0.7051,
        "weapon": 0,
        "pilot_injury": 0.5439,
        "pilot_skill": 0.3918,
        "mission_priority": 0.31,
        "estimated_landing_time": 852.0,
        "wait_time": 0,
        "Landing_success_rate": 0.8509
    },
    {
        "model": 1,
        "sequence": 8,
        "status": 1,
        "fuel": 6043,
        "fault": 0.63,
        "weapon": 1,
        "pilot_injury": 0.4599,
        "pilot_skill": 0.192,
        "mission_priority": 0.2249,
        "estimated_landing_time": 758.0,
        "wait_time": 0,
        "Landing_success_rate": 0.8651
    },
    {
        "model": 2,
        "sequence": 10,
        "status": 1,
        "fuel": 6835,
        "fault": 0.901,
        "weapon": 1,
        "pilot_injury": 0.6528,
        "pilot_skill": 0.8561,
        "mission_priority": 0.2871,
        "estimated_landing_time": 946.0,
        "wait_time": 0,
        "Landing_success_rate": 0.8599
    },
    {
        "model": 0,
        "sequence": 1,
        "status": 1,
        "fuel": 6042,
        "fault": 0.4098,
        "weapon": 0,
        "pilot_injury": 0.8944,
        "pilot_skill": 0.0099,
        "mission_priority": 0.6779,
        "estimated_landing_time": 100.0,
        "wait_time": 0,
        "Landing_success_rate": 0.874
    },
    {
        "model": 2,
        "sequence": 2,
        "status": 1,
        "fuel": 5792,
        "fault": 0.3217,
        "weapon": 0,
        "pilot_injury": 0.321,
        "pilot_skill": 0.225,
        "mission_priority": 0.8778,
        "estimated_landing_time": 194.0,
        "wait_time": 0,
        "Landing_success_rate": 0.8649
    },
    {
        "model": 2,
        "sequence": 6,
        "status": 1,
        "fuel": 7001,
        "fault": 0.7768,
        "weapon": 0,
        "pilot_injury": 0.5937,
        "pilot_skill": 0.6396,
        "mission_priority": 0.4956,
        "estimated_landing_time": 570.0,
        "wait_time": 0,
        "Landing_success_rate": 0.8751
    },
    {
        "model": 1,
        "sequence": 3,
        "status": 1,
        "fuel": 6536,
        "fault": 0.7002,
        "weapon": 1,
        "pilot_injury": 0.1839,
        "pilot_skill": 0.6801,
        "mission_priority": 0.0567,
        "estimated_landing_time": 288.0,
        "wait_time": 0,
        "Landing_success_rate": 0.8733
    },
    {
        "model": 2,
        "sequence": 12,
        "status": 1,
        "fuel": 6339,
        "fault": 0.1937,
        "weapon": 1,
        "pilot_injury": 0.9488,
        "pilot_skill": 0.3355,
        "mission_priority": 0.3252,
        "estimated_landing_time": 1134.0,
        "wait_time": 0,
        "Landing_success_rate": 0.9007
    },
    {
        "model": 1,
        "sequence": 4,
        "status": 1,
        "fuel": 5531,
        "fault": 0.2077,
        "weapon": 0,
        "pilot_injury": 0.9629,
        "pilot_skill": 0.0242,
        "mission_priority": 0.3063,
        "estimated_landing_time": 382.0,
        "wait_time": 0,
        "Landing_success_rate": 0.8518
    },
    {
        "model": 2,
        "sequence": 7,
        "status": 1,
        "fuel": 7346,
        "fault": 0.5366,
        "weapon": 0,
        "pilot_injury": 0.2564,
        "pilot_skill": 0.9305,
        "mission_priority": 0.5941,
        "estimated_landing_time": 664.0,
        "wait_time": 0,
        "Landing_success_rate": 0.9142
    },
    {
        "model": 2,
        "sequence": 11,
        "status": 1,
        "fuel": 5591,
        "fault": 0.5113,
        "weapon": 1,
        "pilot_injury": 0.2122,
        "pilot_skill": 0.9112,
        "mission_priority": 0.9331,
        "estimated_landing_time": 1040.0,
        "wait_time": 0,
        "Landing_success_rate": 0.8533
    }
]