[
    {
        "model": 1,
        "sequence": 12,
        "status": 1,
        "fuel": 6466,
        "fault": 0.0419,
        "weapon": 1,
        "pilot_injury": 0.8829,
        "pilot_skill": 0.2277,
        "mission_priority": 0.8959,
        "estimated_landing_time": 1134.0,
        "wait_time": 0,
        "Landing_success_rate": 0.9194
    },
    {
        "model": 1,
        "sequence": 10,
        "status": 1,
        "fuel": 7229,
        "fault": 0.3352,
        "weapon": 1,
        "pilot_injury": 0.7268,
        "pilot_skill": 0.3047,
        "mission_priority": 0.053,
        "estimated_landing_time": 946.0,
        "wait_time": 0,
        "Landing_success_rate": 0.9362
    },
    {
        "model": 0,
        "sequence": 11,
        "status": 1,
        "fuel": 6040,
        "fault": 0.5399,
        "weapon": 1,
        "pilot_injury": 0.327,
        "pilot_skill": 0.6296,
        "mission_priority": 0.6601,
        "estimated_landing_time": 1040.0,
        "wait_time": 0,
        "Landing_success_rate": 0.8686
    },
    {
        "model": 0,
        "sequence": 6,
        "status": 1,
        "fuel": 7435,
        "fault": 0.4457,
        "weapon": 0,
        "pilot_injury": 0.4326,
        "pilot_skill": 0.1664,
        "mission_priority": 0.3189,
        "estimated_landing_time": 570.0,
        "wait_time": 0,
        "Landing_success_rate": 0.9304
    },
    {
        "model": 1,
        "sequence": 9,
        "status": 1,
        "fuel": 6387,
        "fault": 0.1054,
        "weapon": 0,
        "pilot_injury": 0.0131,
        "pilot_skill": 0.3158,
        "mission_priority": 0.7798,
        "estimated_landing_time": 852.0,
        "wait_time": 0,
        "Landing_success_rate": 0.9095
    },
    {
        "model": 2,
        "sequence": 3,
        "status": 1,
        "fuel": 6673,
        "fault": 0.7523,
        "weapon": 0,
        "pilot_injury": 0.8118,
        "pilot_skill": 0.7832,
        "mission_priority": 0.6822,
        "estimated_landing_time": 288.0,
        "wait_time": 0,
        "Landing_success_rate": 0.8718
    },
    {
        "model": 1,
        "sequence": 7,
        "status": 1,
        "fuel": 5596,
        "fault": 0.9638,
        "weapon": 0,
        "pilot_injury": 0.5691,
        "pilot_skill": 0.2028,
        "mission_priority": 0.2928,
        "estimated_landing_time": 664.0,
        "wait_time": 0,
        "Landing_success_rate": 0.8503
    },
    {
        "model": 2,
        "sequence": 1,
        "status": 1,
        "fuel": 7331,
        "fault": 0.0665,
        "weapon": 0,
        "pilot_injury": 0.1787,
        "pilot_skill": 0.0823,
        "mission_priority": 0.8815,
        "estimated_landing_time": 100.0,
        "wait_time": 0,
        "Landing_success_rate": 0.9782
    },
    {
        "model": 0,
        "sequence": 8,
        "status": 1,
        "fuel": 5569,
        "fault": 0.8181,
        "weapon": 0,
        "pilot_injury": 0.3773,
        "pilot_skill": 0.6602,
        "mission_priority": 0.3299,
        "estimated_landing_time": 758.0,
        "wait_time": 0,
        "Landing_success_rate": 0.8509
    },
    {
        "model": 2,
        "sequence": 2,
        "status": 1,
        "fuel": 5773,
        "fault": 0.9194,
        "weapon": 0,
        "pilot_injury": 0.038,
        "pilot_skill": 0.2085,
        "mission_priority": 0.2861,
        "estimated_landing_time": 194.0,
        "wait_time": 0,
        "Landing_success_rate": 0.8517
    },
    {
        "model": 1,
        "sequence": 5,
        "status": 1,
        "fuel": 5963,
        "fault": 0.5136,
        "weapon": 0,
        "pilot_injury": 0.7556,
        "pilot_skill": 0.1643,
        "mission_priority": 0.9139,
        "estimated_landing_time": 476.0,
        "wait_time": 0,
        "Landing_success_rate": 0.8669
    },
    {
        "model": 0,
        "sequence": 4,
        "status": 1,
        "fuel": 5978,
        "fault": 0.4643,
        "weapon": 1,
        "pilot_injury": 0.2254,
        "pilot_skill": 0.2403,
        "mission_priority": 0.5747,
        "estimated_landing_time": 382.0,
        "wait_time": 0,
        "Landing_success_rate": 0.8692
    }
]