[
    {
        "model": 0,
        "sequence": 12,
        "status": 1,
        "fuel": 6814,
        "fault": 0.3294,
        "weapon": 0,
        "pilot_injury": 0.0478,
        "pilot_skill": 0.2883,
        "mission_priority": 0.4937,
        "estimated_landing_time": 1134.0,
        "wait_time": 0,
        "Landing_success_rate": 0.9161
    },
    {
        "model": 2,
        "sequence": 2,
        "status": 1,
        "fuel": 6357,
        "fault": 0.0255,
        "weapon": 0,
        "pilot_injury": 0.2563,
        "pilot_skill": 0.9735,
        "mission_priority": 0.3801,
        "estimated_landing_time": 194.0,
        "wait_time": 0,
        "Landing_success_rate": 0.9126
    },
    {
        "model": 1,
        "sequence": 11,
        "status": 1,
        "fuel": 5940,
        "fault": 0.2522,
        "weapon": 0,
        "pilot_injury": 0.7422,
        "pilot_skill": 0.688,
        "mission_priority": 0.3369,
        "estimated_landing_time": 1040.0,
        "wait_time": 0,
        "Landing_success_rate": 0.8747
    },
    {
        "model": 2,
        "sequence": 1,
        "status": 1,
        "fuel": 5982,
        "fault": 0.1421,
        "weapon": 1,
        "pilot_injury": 0.2103,
        "pilot_skill": 0.1363,
        "mission_priority": 0.0245,
        "estimated_landing_time": 100.0,
        "wait_time": 0,
        "Landing_success_rate": 0.881
    },
    {
        "model": 1,
        "sequence": 9,
        "status": 1,
        "fuel": 6193,
        "fault": 0.4915,
        "weapon": 1,
        "pilot_injury": 0.0504,
        "pilot_skill": 0.1731,
        "mission_priority": 0.1395,
        "estimated_landing_time": 852.0,
        "wait_time": 0,
        "Landing_success_rate": 0.8764
    },
    {
        "model": 0,
        "sequence": 10,
        "status": 1,
        "fuel": 6006,
        "fault": 0.3195,
        "weapon": 0,
        "pilot_injury": 0.9459,
        "pilot_skill": 0.0842,
        "mission_priority": 0.2117,
        "estimated_landing_time": 946.0,
        "wait_time": 0,
        "Landing_success_rate": 0.8758
    },
    {
        "model": 2,
        "sequence": 7,
        "status": 1,
        "fuel": 5567,
        "fault": 0.5378,
        "weapon": 1,
        "pilot_injury": 0.9184,
        "pilot_skill": 0.7166,
        "mission_priority": 0.426,
        "estimated_landing_time": 664.0,
        "wait_time": 0,
        "Landing_success_rate": 0.8523
    },
    {
        "model": 2,
        "sequence": 5,
        "status": 1,
        "fuel": 6429,
        "fault": 0.2653,
        "weapon": 0,
        "pilot_injury": 0.443,
        "pilot_skill": 0.7682,
        "mission_priority": 0.2647,
        "estimated_landing_time": 476.0,
        "wait_time": 0,
        "Landing_success_rate": 0.9012
    },
    {
        "model": 0,
        "sequence": 6,
        "status": 1,
        "fuel": 7293,
        "fault": 0.3812,
        "weapon": 0,
        "pilot_injury": 0.2377,
        "pilot_skill": 0.5842,
        "mission_priority": 0.3871,
        "estimated_landing_time": 570.0,
        "wait_time": 0,
        "Landing_success_rate": 0.9332
    },
    {
        "model": 0,
        "sequence": 8,
        "status": 1,
        "fuel": 6209,
        "fault": 0.5115,
        "weapon": 0,
        "pilot_injury": 0.9195,
        "pilot_skill": 0.2931,
        "mission_priority": 0.3228,
        "estimated_landing_time": 758.0,
        "wait_time": 0,
        "Landing_success_rate": 0.876
    },
    {
        "model": 1,
        "sequence": 4,
        "status": 1,
        "fuel": 5649,
        "fault": 0.1776,
        "weapon": 1,
        "pilot_injury": 0.8492,
        "pilot_skill": 0.3529,
        "mission_priority": 0.2402,
        "estimated_landing_time": 382.0,
        "wait_time": 0,
        "Landing_success_rate": 0.8592
    },
    {
        "model": 0,
        "sequence": 3,
        "status": 1,
        "fuel": 6456,
        "fault": 0.6437,
        "weapon": 0,
        "pilot_injury": 0.5672,
        "pilot_skill": 0.3055,
        "mission_priority": 0.2208,
        "estimated_landing_time": 288.0,
        "wait_time": 0,
        "Landing_success_rate": 0.8755
    }
]