[
    {
        "model": 0,
        "sequence": 6,
        "status": 1,
        "fuel": 6706,
        "fault": 0.3068,
        "weapon": 0,
        "pilot_injury": 0.9388,
        "pilot_skill": 0.4273,
        "mission_priority": 0.7742,
        "estimated_landing_time": 570.0,
        "wait_time": 0,
        "Landing_success_rate": 0.9127
    },
    {
        "model": 2,
        "sequence": 10,
        "status": 1,
        "fuel": 6054,
        "fault": 0.9187,
        "weapon": 1,
        "pilot_injury": 0.7393,
        "pilot_skill": 0.7982,
        "mission_priority": 0.2028,
        "estimated_landing_time": 946.0,
        "wait_time": 0,
        "Landing_success_rate": 0.8534
    },
    {
        "model": 1,
        "sequence": 8,
        "status": 1,
        "fuel": 7223,
        "fault": 0.2194,
        "weapon": 0,
        "pilot_injury": 0.1865,
        "pilot_skill": 0.9288,
        "mission_priority": 0.5913,
        "estimated_landing_time": 758.0,
        "wait_time": 0,
        "Landing_success_rate": 0.9509
    },
    {
        "model": 1,
        "sequence": 12,
        "status": 1,
        "fuel": 6917,
        "fault": 0.515,
        "weapon": 0,
        "pilot_injury": 0.9544,
        "pilot_skill": 0.7382,
        "mission_priority": 0.7344,
        "estimated_landing_time": 1134.0,
        "wait_time": 0,
        "Landing_success_rate": 0.9015
    },
    {
        "model": 0,
        "sequence": 2,
        "status": 1,
        "fuel": 6674,
        "fault": 0.5706,
        "weapon": 0,
        "pilot_injury": 0.4437,
        "pilot_skill": 0.6597,
        "mission_priority": 0.9597,
        "estimated_landing_time": 194.0,
        "wait_time": 0,
        "Landing_success_rate": 0.8878
    },
    {
        "model": 2,
        "sequence": 11,
        "status": 1,
        "fuel": 5831,
        "fault": 0.4633,
        "weapon": 0,
        "pilot_injury": 0.0496,
        "pilot_skill": 0.4995,
        "mission_priority": 0.2523,
        "estimated_landing_time": 1040.0,
        "wait_time": 0,
        "Landing_success_rate": 0.8633
    },
    {
        "model": 1,
        "sequence": 9,
        "status": 1,
        "fuel": 7332,
        "fault": 0.3983,
        "weapon": 0,
        "pilot_injury": 0.6339,
        "pilot_skill": 0.8603,
        "mission_priority": 0.9837,
        "estimated_landing_time": 852.0,
        "wait_time": 0,
        "Landing_success_rate": 0.9327
    },
    {
        "model": 1,
        "sequence": 5,
        "status": 1,
        "fuel": 7132,
        "fault": 0.2079,
        "weapon": 1,
        "pilot_injury": 0.0757,
        "pilot_skill": 0.0127,
        "mission_priority": 0.6088,
        "estimated_landing_time": 476.0,
        "wait_time": 0,
        "Landing_success_rate": 0.947
    },
    {
        "model": 1,
        "sequence": 1,
        "status": 1,
        "fuel": 6909,
        "fault": 0.6102,
        "weapon": 0,
        "pilot_injury": 0.0036,
        "pilot_skill": 0.6152,
        "mission_priority": 0.4254,
        "estimated_landing_time": 100.0,
        "wait_time": 0,
        "Landing_success_rate": 0.8912
    },
    {
        "model": 1,
        "sequence": 3,
        "status": 1,
        "fuel": 7270,
        "fault": 0.1295,
        "weapon": 0,
        "pilot_injury": 0.5697,
        "pilot_skill": 0.6567,
        "mission_priority": 0.4623,
        "estimated_landing_time": 288.0,
        "wait_time": 0,
        "Landing_success_rate": 0.9656
    },
    {
        "model": 0,
        "sequence": 7,
        "status": 1,
        "fuel": 6446,
        "fault": 0.9666,
        "weapon": 1,
        "pilot_injury": 0.0845,
        "pilot_skill": 0.0442,
        "mission_priority": 0.5358,
        "estimated_landing_time": 664.0,
        "wait_time": 0,
        "Landing_success_rate": 0.8524
    },
    {
        "model": 1,
        "sequence": 4,
        "status": 1,
        "fuel": 5955,
        "fault": 0.7839,
        "weapon": 0,
        "pilot_injury": 0.6389,
        "pilot_skill": 0.4769,
        "mission_priority": 0.9873,
        "estimated_landing_time": 382.0,
        "wait_time": 0,
        "Landing_success_rate": 0.8574
    }
]