[
    {
        "model": 0,
        "sequence": 4,
        "status": 1,
        "fuel": 6229,
        "fault": 0.903,
        "weapon": 1,
        "pilot_injury": 0.9381,
        "pilot_skill": 0.7892,
        "mission_priority": 0.9645,
        "estimated_landing_time": 382.0,
        "wait_time": 0,
        "Landing_success_rate": 0.8553
    },
    {
        "model": 0,
        "sequence": 3,
        "status": 1,
        "fuel": 5503,
        "fault": 0.7195,
        "weapon": 0,
        "pilot_injury": 0.8266,
        "pilot_skill": 0.2915,
        "mission_priority": 0.1648,
        "estimated_landing_time": 288.0,
        "wait_time": 0,
        "Landing_success_rate": 0.8501
    },
    {
        "model": 0,
        "sequence": 2,
        "status": 1,
        "fuel": 6421,
        "fault": 0.639,
        "weapon": 1,
        "pilot_injury": 0.7344,
        "pilot_skill": 0.501,
        "mission_priority": 0.6044,
        "estimated_landing_time": 194.0,
        "wait_time": 0,
        "Landing_success_rate": 0.8749
    },
    {
        "model": 1,
        "sequence": 9,
        "status": 1,
        "fuel": 6008,
        "fault": 0.6645,
        "weapon": 0,
        "pilot_injury": 0.5426,
        "pilot_skill": 0.4402,
        "mission_priority": 0.3901,
        "estimated_landing_time": 852.0,
        "wait_time": 0,
        "Landing_success_rate": 0.8628
    },
    {
        "model": 2,
        "sequence": 11,
        "status": 1,
        "fuel": 6796,
        "fault": 0.8529,
        "weapon": 0,
        "pilot_injury": 0.0459,
        "pilot_skill": 0.3387,
        "mission_priority": 0.4118,
        "estimated_landing_time": 1040.0,
        "wait_time": 0,
        "Landing_success_rate": 0.8643
    },
    {
        "model": 1,
        "sequence": 7,
        "status": 1,
        "fuel": 6693,
        "fault": 0.7325,
        "weapon": 1,
        "pilot_injury": 0.0516,
        "pilot_skill": 0.9962,
        "mission_priority": 0.7366,
        "estimated_landing_time": 664.0,
        "wait_time": 0,
        "Landing_success_rate": 0.8739
    },
    {
        "model": 2,
        "sequence": 10,
        "status": 1,
        "fuel": 6051,
        "fault": 0.319,
        "weapon": 0,
        "pilot_injury": 0.7193,
        "pilot_skill": 0.4392,
        "mission_priority": 0.7868,
        "estimated_landing_time": 946.0,
        "wait_time": 0,
        "Landing_success_rate": 0.8781
    },
    {
        "model": 2,
        "sequence": 1,
        "status": 1,
        "fuel": 6767,
        "fault": 0.6584,
        "weapon": 1,
        "pilot_injury": 0.1871,
        "pilot_skill": 0.7822,
        "mission_priority": 0.9558,
        "estimated_landing_time": 100.0,
        "wait_time": 0,
        "Landing_success_rate": 0.8825
    },
    {
        "model": 1,
        "sequence": 6,
        "status": 1,
        "fuel": 5936,
        "fault": 0.0637,
        "weapon": 0,
        "pilot_injury": 0.3375,
        "pilot_skill": 0.3815,
        "mission_priority": 0.7347,
        "estimated_landing_time": 570.0,
        "wait_time": 0,
        "Landing_success_rate": 0.8806
    },
    {
        "model": 1,
        "sequence": 8,
        "status": 1,
        "fuel": 5524,
        "fault": 0.9322,
        "weapon": 0,
        "pilot_injury": 0.7898,
        "pilot_skill": 0.1716,
        "mission_priority": 0.212,
        "estimated_landing_time": 758.0,
        "wait_time": 0,
        "Landing_success_rate": 0.8501
    },
    {
        "model": 0,
        "sequence": 12,
        "status": 1,
        "fuel": 6726,
        "fault": 0.884,
        "weapon": 1,
        "pilot_injury": 0.635,
        "pilot_skill": 0.2917,
        "mission_priority": 0.7915,
        "estimated_landing_time": 1134.0,
        "wait_time": 0,
        "Landing_success_rate": 0.8607
    },
    {
        "model": 2,
        "sequence": 5,
        "status": 1,
        "fuel": 5968,
        "fault": 0.6959,
        "weapon": 1,
        "pilot_injury": 0.1808,
        "pilot_skill": 0.6468,
        "mission_priority": 0.9928,
        "estimated_landing_time": 476.0,
        "wait_time": 0,
        "Landing_success_rate": 0.8607
    }
]