[
    {
        "model": 0,
        "sequence": 2,
        "status": 1,
        "fuel": 6071,
        "fault": 0.7481,
        "weapon": 0,
        "pilot_injury": 0.3921,
        "pilot_skill": 0.4343,
        "mission_priority": 0.7025,
        "estimated_landing_time": 194.0,
        "wait_time": 0,
        "Landing_success_rate": 0.8608
    },
    {
        "model": 1,
        "sequence": 11,
        "status": 1,
        "fuel": 5850,
        "fault": 0.888,
        "weapon": 0,
        "pilot_injury": 0.4142,
        "pilot_skill": 0.348,
        "mission_priority": 0.2354,
        "estimated_landing_time": 1040.0,
        "wait_time": 0,
        "Landing_success_rate": 0.8529
    },
    {
        "model": 0,
        "sequence": 7,
        "status": 1,
        "fuel": 7121,
        "fault": 0.1813,
        "weapon": 1,
        "pilot_injury": 0.742,
        "pilot_skill": 0.7789,
        "mission_priority": 0.3747,
        "estimated_landing_time": 664.0,
        "wait_time": 0,
        "Landing_success_rate": 0.9495
    },
    {
        "model": 0,
        "sequence": 1,
        "status": 1,
        "fuel": 7353,
        "fault": 0.9,
        "weapon": 1,
        "pilot_injury": 0.477,
        "pilot_skill": 0.7939,
        "mission_priority": 0.63,
        "estimated_landing_time": 100.0,
        "wait_time": 0,
        "Landing_success_rate": 0.8639
    },
    {
        "model": 2,
        "sequence": 12,
        "status": 1,
        "fuel": 6382,
        "fault": 0.4526,
        "weapon": 0,
        "pilot_injury": 0.9069,
        "pilot_skill": 0.5664,
        "mission_priority": 0.7998,
        "estimated_landing_time": 1134.0,
        "wait_time": 0,
        "Landing_success_rate": 0.8862
    },
    {
        "model": 2,
        "sequence": 6,
        "status": 1,
        "fuel": 6662,
        "fault": 0.3323,
        "weapon": 0,
        "pilot_injury": 0.5733,
        "pilot_skill": 0.0375,
        "mission_priority": 0.3745,
        "estimated_landing_time": 570.0,
        "wait_time": 0,
        "Landing_success_rate": 0.9082
    },
    {
        "model": 0,
        "sequence": 10,
        "status": 1,
        "fuel": 6261,
        "fault": 0.0065,
        "weapon": 1,
        "pilot_injury": 0.4381,
        "pilot_skill": 0.9601,
        "mission_priority": 0.2718,
        "estimated_landing_time": 946.0,
        "wait_time": 0,
        "Landing_success_rate": 0.9067
    },
    {
        "model": 1,
        "sequence": 4,
        "status": 1,
        "fuel": 6698,
        "fault": 0.2845,
        "weapon": 0,
        "pilot_injury": 0.486,
        "pilot_skill": 0.8025,
        "mission_priority": 0.2962,
        "estimated_landing_time": 382.0,
        "wait_time": 0,
        "Landing_success_rate": 0.9143
    },
    {
        "model": 2,
        "sequence": 8,
        "status": 1,
        "fuel": 6729,
        "fault": 0.2792,
        "weapon": 0,
        "pilot_injury": 0.5288,
        "pilot_skill": 0.7972,
        "mission_priority": 0.9683,
        "estimated_landing_time": 758.0,
        "wait_time": 0,
        "Landing_success_rate": 0.9164
    },
    {
        "model": 1,
        "sequence": 3,
        "status": 1,
        "fuel": 7451,
        "fault": 0.4758,
        "weapon": 1,
        "pilot_injury": 0.6813,
        "pilot_skill": 0.9858,
        "mission_priority": 0.9426,
        "estimated_landing_time": 288.0,
        "wait_time": 0,
        "Landing_success_rate": 0.9267
    },
    {
        "model": 0,
        "sequence": 5,
        "status": 1,
        "fuel": 6593,
        "fault": 0.9515,
        "weapon": 0,
        "pilot_injury": 0.1615,
        "pilot_skill": 0.3842,
        "mission_priority": 0.5851,
        "estimated_landing_time": 476.0,
        "wait_time": 0,
        "Landing_success_rate": 0.854
    },
    {
        "model": 1,
        "sequence": 9,
        "status": 1,
        "fuel": 6429,
        "fault": 0.5758,
        "weapon": 0,
        "pilot_injury": 0.7141,
        "pilot_skill": 0.4292,
        "mission_priority": 0.7276,
        "estimated_landing_time": 852.0,
        "wait_time": 0,
        "Landing_success_rate": 0.8796
    }
]