[
    {
        "model": 1,
        "sequence": 8,
        "status": 1,
        "fuel": 7049,
        "fault": 0.9968,
        "weapon": 1,
        "pilot_injury": 0.1127,
        "pilot_skill": 0.6278,
        "mission_priority": 0.7328,
        "estimated_landing_time": 758.0,
        "wait_time": 0,
        "Landing_success_rate": 0.8504
    },
    {
        "model": 0,
        "sequence": 4,
        "status": 1,
        "fuel": 6806,
        "fault": 0.6459,
        "weapon": 1,
        "pilot_injury": 0.3248,
        "pilot_skill": 0.7891,
        "mission_priority": 0.3411,
        "estimated_landing_time": 382.0,
        "wait_time": 0,
        "Landing_success_rate": 0.8847
    },
    {
        "model": 1,
        "sequence": 5,
        "status": 1,
        "fuel": 6494,
        "fault": 0.9593,
        "weapon": 1,
        "pilot_injury": 0.5485,
        "pilot_skill": 0.2852,
        "mission_priority": 0.9351,
        "estimated_landing_time": 476.0,
        "wait_time": 0,
        "Landing_success_rate": 0.853
    },
    {
        "model": 1,
        "sequence": 2,
        "status": 1,
        "fuel": 7412,
        "fault": 0.1572,
        "weapon": 0,
        "pilot_injury": 0.6146,
        "pilot_skill": 0.8704,
        "mission_priority": 0.6962,
        "estimated_landing_time": 194.0,
        "wait_time": 0,
        "Landing_success_rate": 0.9709
    },
    {
        "model": 2,
        "sequence": 3,
        "status": 1,
        "fuel": 5804,
        "fault": 0.1222,
        "weapon": 0,
        "pilot_injury": 0.6192,
        "pilot_skill": 0.8208,
        "mission_priority": 0.1781,
        "estimated_landing_time": 288.0,
        "wait_time": 0,
        "Landing_success_rate": 0.87
    },
    {
        "model": 1,
        "sequence": 11,
        "status": 1,
        "fuel": 5990,
        "fault": 0.435,
        "weapon": 1,
        "pilot_injury": 0.6962,
        "pilot_skill": 0.9604,
        "mission_priority": 0.1744,
        "estimated_landing_time": 1040.0,
        "wait_time": 0,
        "Landing_success_rate": 0.8708
    },
    {
        "model": 2,
        "sequence": 6,
        "status": 1,
        "fuel": 7441,
        "fault": 0.2347,
        "weapon": 1,
        "pilot_injury": 0.7324,
        "pilot_skill": 0.3444,
        "mission_priority": 0.6643,
        "estimated_landing_time": 570.0,
        "wait_time": 0,
        "Landing_success_rate": 0.9614
    },
    {
        "model": 1,
        "sequence": 7,
        "status": 1,
        "fuel": 6151,
        "fault": 0.3728,
        "weapon": 1,
        "pilot_injury": 0.711,
        "pilot_skill": 0.382,
        "mission_priority": 0.9114,
        "estimated_landing_time": 664.0,
        "wait_time": 0,
        "Landing_success_rate": 0.8806
    },
    {
        "model": 0,
        "sequence": 9,
        "status": 1,
        "fuel": 6245,
        "fault": 0.1923,
        "weapon": 1,
        "pilot_injury": 0.3642,
        "pilot_skill": 0.6502,
        "mission_priority": 0.8617,
        "estimated_landing_time": 852.0,
        "wait_time": 0,
        "Landing_success_rate": 0.8951
    },
    {
        "model": 0,
        "sequence": 1,
        "status": 1,
        "fuel": 6098,
        "fault": 0.0837,
        "weapon": 0,
        "pilot_injury": 0.8128,
        "pilot_skill": 0.5869,
        "mission_priority": 0.7606,
        "estimated_landing_time": 100.0,
        "wait_time": 0,
        "Landing_success_rate": 0.8911
    },
    {
        "model": 1,
        "sequence": 12,
        "status": 1,
        "fuel": 6465,
        "fault": 0.073,
        "weapon": 0,
        "pilot_injury": 0.8628,
        "pilot_skill": 0.4981,
        "mission_priority": 0.2459,
        "estimated_landing_time": 1134.0,
        "wait_time": 0,
        "Landing_success_rate": 0.9171
    },
    {
        "model": 2,
        "sequence": 10,
        "status": 1,
        "fuel": 5986,
        "fault": 0.8025,
        "weapon": 0,
        "pilot_injury": 0.6323,
        "pilot_skill": 0.3473,
        "mission_priority": 0.4832,
        "estimated_landing_time": 946.0,
        "wait_time": 0,
        "Landing_success_rate": 0.8572
    }
]