[
    {
        "model": 0,
        "sequence": 4,
        "status": 1,
        "fuel": 5864,
        "fault": 0.3486,
        "weapon": 1,
        "pilot_injury": 0.7864,
        "pilot_skill": 0.191,
        "mission_priority": 0.6502,
        "estimated_landing_time": 382.0,
        "wait_time": 0,
        "Landing_success_rate": 0.8678
    },
    {
        "model": 2,
        "sequence": 9,
        "status": 1,
        "fuel": 5981,
        "fault": 0.5342,
        "weapon": 0,
        "pilot_injury": 0.6774,
        "pilot_skill": 0.9972,
        "mission_priority": 0.0305,
        "estimated_landing_time": 852.0,
        "wait_time": 0,
        "Landing_success_rate": 0.8668
    },
    {
        "model": 0,
        "sequence": 3,
        "status": 1,
        "fuel": 5823,
        "fault": 0.8352,
        "weapon": 0,
        "pilot_injury": 0.3984,
        "pilot_skill": 0.8216,
        "mission_priority": 0.8441,
        "estimated_landing_time": 288.0,
        "wait_time": 0,
        "Landing_success_rate": 0.854
    },
    {
        "model": 0,
        "sequence": 11,
        "status": 1,
        "fuel": 5961,
        "fault": 0.9201,
        "weapon": 0,
        "pilot_injury": 0.3229,
        "pilot_skill": 0.0882,
        "mission_priority": 0.0582,
        "estimated_landing_time": 1040.0,
        "wait_time": 0,
        "Landing_success_rate": 0.8528
    },
    {
        "model": 2,
        "sequence": 10,
        "status": 1,
        "fuel": 7218,
        "fault": 0.5818,
        "weapon": 0,
        "pilot_injury": 0.6986,
        "pilot_skill": 0.3397,
        "mission_priority": 0.3799,
        "estimated_landing_time": 946.0,
        "wait_time": 0,
        "Landing_success_rate": 0.9039
    },
    {
        "model": 0,
        "sequence": 8,
        "status": 1,
        "fuel": 6940,
        "fault": 0.0149,
        "weapon": 1,
        "pilot_injury": 0.7737,
        "pilot_skill": 0.3096,
        "mission_priority": 0.0391,
        "estimated_landing_time": 758.0,
        "wait_time": 0,
        "Landing_success_rate": 0.9564
    },
    {
        "model": 0,
        "sequence": 2,
        "status": 1,
        "fuel": 6327,
        "fault": 0.1446,
        "weapon": 0,
        "pilot_injury": 0.7221,
        "pilot_skill": 0.7077,
        "mission_priority": 0.5348,
        "estimated_landing_time": 194.0,
        "wait_time": 0,
        "Landing_success_rate": 0.9031
    },
    {
        "model": 0,
        "sequence": 12,
        "status": 1,
        "fuel": 6765,
        "fault": 0.2109,
        "weapon": 0,
        "pilot_injury": 0.2866,
        "pilot_skill": 0.7341,
        "mission_priority": 0.5891,
        "estimated_landing_time": 1134.0,
        "wait_time": 0,
        "Landing_success_rate": 0.9249
    },
    {
        "model": 0,
        "sequence": 5,
        "status": 1,
        "fuel": 5577,
        "fault": 0.832,
        "weapon": 1,
        "pilot_injury": 0.5456,
        "pilot_skill": 0.8686,
        "mission_priority": 0.8827,
        "estimated_landing_time": 476.0,
        "wait_time": 0,
        "Landing_success_rate": 0.851
    },
    {
        "model": 1,
        "sequence": 6,
        "status": 1,
        "fuel": 6948,
        "fault": 0.7027,
        "weapon": 1,
        "pilot_injury": 0.4158,
        "pilot_skill": 0.4494,
        "mission_priority": 0.8951,
        "estimated_landing_time": 570.0,
        "wait_time": 0,
        "Landing_success_rate": 0.8823
    },
    {
        "model": 1,
        "sequence": 7,
        "status": 1,
        "fuel": 7108,
        "fault": 0.8916,
        "weapon": 0,
        "pilot_injury": 0.6103,
        "pilot_skill": 0.9959,
        "mission_priority": 0.5956,
        "estimated_landing_time": 664.0,
        "wait_time": 0,
        "Landing_success_rate": 0.8631
    },
    {
        "model": 2,
        "sequence": 1,
        "status": 1,
        "fuel": 6042,
        "fault": 0.0868,
        "weapon": 0,
        "pilot_injury": 0.3503,
        "pilot_skill": 0.3718,
        "mission_priority": 0.7241,
        "estimated_landing_time": 100.0,
        "wait_time": 0,
        "Landing_success_rate": 0.8871
    }
]