[
    {
        "model": 2,
        "sequence": 4,
        "status": 1,
        "fuel": 5897,
        "fault": 0.5253,
        "weapon": 0,
        "pilot_injury": 0.7794,
        "pilot_skill": 0.9206,
        "mission_priority": 0.7555,
        "estimated_landing_time": 382.0,
        "wait_time": 0,
        "Landing_success_rate": 0.8641
    },
    {
        "model": 0,
        "sequence": 12,
        "status": 1,
        "fuel": 7444,
        "fault": 0.7134,
        "weapon": 1,
        "pilot_injury": 0.6054,
        "pilot_skill": 0.0942,
        "mission_priority": 0.8839,
        "estimated_landing_time": 1134.0,
        "wait_time": 0,
        "Landing_success_rate": 0.8918
    },
    {
        "model": 2,
        "sequence": 3,
        "status": 1,
        "fuel": 6865,
        "fault": 0.9304,
        "weapon": 1,
        "pilot_injury": 0.9199,
        "pilot_skill": 0.4893,
        "mission_priority": 0.8686,
        "estimated_landing_time": 288.0,
        "wait_time": 0,
        "Landing_success_rate": 0.8571
    },
    {
        "model": 1,
        "sequence": 8,
        "status": 1,
        "fuel": 6103,
        "fault": 0.364,
        "weapon": 0,
        "pilot_injury": 0.0614,
        "pilot_skill": 0.2471,
        "mission_priority": 0.8755,
        "estimated_landing_time": 758.0,
        "wait_time": 0,
        "Landing_success_rate": 0.8788
    },
    {
        "model": 0,
        "sequence": 7,
        "status": 1,
        "fuel": 7344,
        "fault": 0.0356,
        "weapon": 1,
        "pilot_injury": 0.44,
        "pilot_skill": 0.1751,
        "mission_priority": 0.9684,
        "estimated_landing_time": 664.0,
        "wait_time": 0,
        "Landing_success_rate": 0.9834
    },
    {
        "model": 2,
        "sequence": 6,
        "status": 1,
        "fuel": 7094,
        "fault": 0.9121,
        "weapon": 1,
        "pilot_injury": 0.6607,
        "pilot_skill": 0.2428,
        "mission_priority": 0.9388,
        "estimated_landing_time": 570.0,
        "wait_time": 0,
        "Landing_success_rate": 0.8605
    },
    {
        "model": 1,
        "sequence": 2,
        "status": 1,
        "fuel": 6780,
        "fault": 0.1309,
        "weapon": 0,
        "pilot_injury": 0.5049,
        "pilot_skill": 0.4881,
        "mission_priority": 0.1634,
        "estimated_landing_time": 194.0,
        "wait_time": 0,
        "Landing_success_rate": 0.9334
    },
    {
        "model": 2,
        "sequence": 11,
        "status": 1,
        "fuel": 6921,
        "fault": 0.1934,
        "weapon": 0,
        "pilot_injury": 0.8903,
        "pilot_skill": 0.0093,
        "mission_priority": 0.9763,
        "estimated_landing_time": 1040.0,
        "wait_time": 0,
        "Landing_success_rate": 0.936
    },
    {
        "model": 1,
        "sequence": 5,
        "status": 1,
        "fuel": 6593,
        "fault": 0.2034,
        "weapon": 0,
        "pilot_injury": 0.0468,
        "pilot_skill": 0.5381,
        "mission_priority": 0.2349,
        "estimated_landing_time": 476.0,
        "wait_time": 0,
        "Landing_success_rate": 0.9153
    },
    {
        "model": 1,
        "sequence": 9,
        "status": 1,
        "fuel": 7376,
        "fault": 0.1282,
        "weapon": 0,
        "pilot_injury": 0.6502,
        "pilot_skill": 0.5535,
        "mission_priority": 0.078,
        "estimated_landing_time": 852.0,
        "wait_time": 0,
        "Landing_success_rate": 0.9727
    },
    {
        "model": 0,
        "sequence": 1,
        "status": 1,
        "fuel": 5876,
        "fault": 0.0145,
        "weapon": 0,
        "pilot_injury": 0.0812,
        "pilot_skill": 0.8897,
        "mission_priority": 0.5783,
        "estimated_landing_time": 100.0,
        "wait_time": 0,
        "Landing_success_rate": 0.8778
    },
    {
        "model": 0,
        "sequence": 10,
        "status": 1,
        "fuel": 5517,
        "fault": 0.4467,
        "weapon": 0,
        "pilot_injury": 0.9936,
        "pilot_skill": 0.6443,
        "mission_priority": 0.5675,
        "estimated_landing_time": 946.0,
        "wait_time": 0,
        "Landing_success_rate": 0.8507
    }
]