[
    {
        "model": 0,
        "sequence": 5,
        "status": 1,
        "fuel": 6205,
        "fault": 0.301,
        "weapon": 1,
        "pilot_injury": 0.7779,
        "pilot_skill": 0.975,
        "mission_priority": 0.6931,
        "estimated_landing_time": 476.0,
        "wait_time": 0,
        "Landing_success_rate": 0.887
    },
    {
        "model": 2,
        "sequence": 6,
        "status": 1,
        "fuel": 6351,
        "fault": 0.5281,
        "weapon": 0,
        "pilot_injury": 0.4886,
        "pilot_skill": 0.4169,
        "mission_priority": 0.8283,
        "estimated_landing_time": 570.0,
        "wait_time": 0,
        "Landing_success_rate": 0.8801
    },
    {
        "model": 1,
        "sequence": 12,
        "status": 1,
        "fuel": 7351,
        "fault": 0.7039,
        "weapon": 0,
        "pilot_injury": 0.7749,
        "pilot_skill": 0.8544,
        "mission_priority": 0.4204,
        "estimated_landing_time": 1134.0,
        "wait_time": 0,
        "Landing_success_rate": 0.8911
    },
    {
        "model": 1,
        "sequence": 2,
        "status": 1,
        "fuel": 5666,
        "fault": 0.2601,
        "weapon": 0,
        "pilot_injury": 0.5295,
        "pilot_skill": 0.045,
        "mission_priority": 0.0292,
        "estimated_landing_time": 194.0,
        "wait_time": 0,
        "Landing_success_rate": 0.8592
    },
    {
        "model": 1,
        "sequence": 9,
        "status": 1,
        "fuel": 6655,
        "fault": 0.8719,
        "weapon": 1,
        "pilot_injury": 0.7425,
        "pilot_skill": 0.8961,
        "mission_priority": 0.1394,
        "estimated_landing_time": 852.0,
        "wait_time": 0,
        "Landing_success_rate": 0.8611
    },
    {
        "model": 0,
        "sequence": 11,
        "status": 1,
        "fuel": 6575,
        "fault": 0.2782,
        "weapon": 1,
        "pilot_injury": 0.1121,
        "pilot_skill": 0.6516,
        "mission_priority": 0.6095,
        "estimated_landing_time": 1040.0,
        "wait_time": 0,
        "Landing_success_rate": 0.9082
    },
    {
        "model": 1,
        "sequence": 8,
        "status": 1,
        "fuel": 6265,
        "fault": 0.9042,
        "weapon": 0,
        "pilot_injury": 0.5211,
        "pilot_skill": 0.9905,
        "mission_priority": 0.5092,
        "estimated_landing_time": 758.0,
        "wait_time": 0,
        "Landing_success_rate": 0.8555
    },
    {
        "model": 1,
        "sequence": 4,
        "status": 1,
        "fuel": 6191,
        "fault": 0.365,
        "weapon": 0,
        "pilot_injury": 0.1823,
        "pilot_skill": 0.5971,
        "mission_priority": 0.6931,
        "estimated_landing_time": 382.0,
        "wait_time": 0,
        "Landing_success_rate": 0.8829
    },
    {
        "model": 0,
        "sequence": 10,
        "status": 1,
        "fuel": 7489,
        "fault": 0.8231,
        "weapon": 0,
        "pilot_injury": 0.4686,
        "pilot_skill": 0.0815,
        "mission_priority": 0.6821,
        "estimated_landing_time": 946.0,
        "wait_time": 0,
        "Landing_success_rate": 0.8764
    },
    {
        "model": 1,
        "sequence": 1,
        "status": 1,
        "fuel": 6124,
        "fault": 0.4248,
        "weapon": 0,
        "pilot_injury": 0.1488,
        "pilot_skill": 0.5324,
        "mission_priority": 0.5675,
        "estimated_landing_time": 100.0,
        "wait_time": 0,
        "Landing_success_rate": 0.8769
    },
    {
        "model": 0,
        "sequence": 7,
        "status": 1,
        "fuel": 6555,
        "fault": 0.4974,
        "weapon": 0,
        "pilot_injury": 0.1455,
        "pilot_skill": 0.4364,
        "mission_priority": 0.6548,
        "estimated_landing_time": 664.0,
        "wait_time": 0,
        "Landing_success_rate": 0.8898
    },
    {
        "model": 2,
        "sequence": 3,
        "status": 1,
        "fuel": 7334,
        "fault": 0.4261,
        "weapon": 0,
        "pilot_injury": 0.1805,
        "pilot_skill": 0.9515,
        "mission_priority": 0.0591,
        "estimated_landing_time": 288.0,
        "wait_time": 0,
        "Landing_success_rate": 0.9289
    }
]