[
    {
        "model": 0,
        "sequence": 3,
        "status": 1,
        "fuel": 7335,
        "fault": 0.2245,
        "weapon": 1,
        "pilot_injury": 0.7082,
        "pilot_skill": 0.3303,
        "mission_priority": 0.1802,
        "estimated_landing_time": 288.0,
        "wait_time": 0,
        "Landing_success_rate": 0.9567
    },
    {
        "model": 0,
        "sequence": 8,
        "status": 1,
        "fuel": 5915,
        "fault": 0.8358,
        "weapon": 1,
        "pilot_injury": 0.137,
        "pilot_skill": 0.2019,
        "mission_priority": 0.4082,
        "estimated_landing_time": 758.0,
        "wait_time": 0,
        "Landing_success_rate": 0.8551
    },
    {
        "model": 1,
        "sequence": 2,
        "status": 1,
        "fuel": 6857,
        "fault": 0.9518,
        "weapon": 1,
        "pilot_injury": 0.1485,
        "pilot_skill": 0.0044,
        "mission_priority": 0.9702,
        "estimated_landing_time": 194.0,
        "wait_time": 0,
        "Landing_success_rate": 0.8549
    },
    {
        "model": 1,
        "sequence": 1,
        "status": 1,
        "fuel": 6093,
        "fault": 0.9806,
        "weapon": 0,
        "pilot_injury": 0.9951,
        "pilot_skill": 0.6737,
        "mission_priority": 0.0689,
        "estimated_landing_time": 100.0,
        "wait_time": 0,
        "Landing_success_rate": 0.8509
    },
    {
        "model": 2,
        "sequence": 9,
        "status": 1,
        "fuel": 7461,
        "fault": 0.2251,
        "weapon": 1,
        "pilot_injury": 0.6301,
        "pilot_skill": 0.8432,
        "mission_priority": 0.8983,
        "estimated_landing_time": 852.0,
        "wait_time": 0,
        "Landing_success_rate": 0.964
    },
    {
        "model": 0,
        "sequence": 10,
        "status": 1,
        "fuel": 6507,
        "fault": 0.0301,
        "weapon": 1,
        "pilot_injury": 0.1883,
        "pilot_skill": 0.0666,
        "mission_priority": 0.1887,
        "estimated_landing_time": 946.0,
        "wait_time": 0,
        "Landing_success_rate": 0.9233
    },
    {
        "model": 0,
        "sequence": 5,
        "status": 1,
        "fuel": 7425,
        "fault": 0.6581,
        "weapon": 0,
        "pilot_injury": 0.1667,
        "pilot_skill": 0.4458,
        "mission_priority": 0.3402,
        "estimated_landing_time": 476.0,
        "wait_time": 0,
        "Landing_success_rate": 0.8994
    },
    {
        "model": 2,
        "sequence": 7,
        "status": 1,
        "fuel": 5846,
        "fault": 0.9093,
        "weapon": 0,
        "pilot_injury": 0.6445,
        "pilot_skill": 0.9372,
        "mission_priority": 0.1079,
        "estimated_landing_time": 664.0,
        "wait_time": 0,
        "Landing_success_rate": 0.8524
    },
    {
        "model": 0,
        "sequence": 6,
        "status": 1,
        "fuel": 6760,
        "fault": 0.7212,
        "weapon": 1,
        "pilot_injury": 0.5064,
        "pilot_skill": 0.7664,
        "mission_priority": 0.2154,
        "estimated_landing_time": 570.0,
        "wait_time": 0,
        "Landing_success_rate": 0.8763
    },
    {
        "model": 1,
        "sequence": 4,
        "status": 1,
        "fuel": 7149,
        "fault": 0.3948,
        "weapon": 0,
        "pilot_injury": 0.6355,
        "pilot_skill": 0.1059,
        "mission_priority": 0.8953,
        "estimated_landing_time": 382.0,
        "wait_time": 0,
        "Landing_success_rate": 0.9248
    },
    {
        "model": 1,
        "sequence": 12,
        "status": 1,
        "fuel": 5951,
        "fault": 0.2355,
        "weapon": 0,
        "pilot_injury": 0.0367,
        "pilot_skill": 0.799,
        "mission_priority": 0.138,
        "estimated_landing_time": 1134.0,
        "wait_time": 0,
        "Landing_success_rate": 0.8759
    },
    {
        "model": 2,
        "sequence": 11,
        "status": 1,
        "fuel": 6757,
        "fault": 0.3078,
        "weapon": 0,
        "pilot_injury": 0.265,
        "pilot_skill": 0.6613,
        "mission_priority": 0.6081,
        "estimated_landing_time": 1040.0,
        "wait_time": 0,
        "Landing_success_rate": 0.9153
    }
]