[
    {
        "model": 2,
        "sequence": 2,
        "status": 1,
        "fuel": 6810,
        "fault": 0.1157,
        "weapon": 1,
        "pilot_injury": 0.1562,
        "pilot_skill": 0.5248,
        "mission_priority": 0.5963,
        "estimated_landing_time": 194.0,
        "wait_time": 0,
        "Landing_success_rate": 0.9369
    },
    {
        "model": 1,
        "sequence": 7,
        "status": 1,
        "fuel": 6066,
        "fault": 0.8083,
        "weapon": 0,
        "pilot_injury": 0.2949,
        "pilot_skill": 0.6226,
        "mission_priority": 0.1881,
        "estimated_landing_time": 664.0,
        "wait_time": 0,
        "Landing_success_rate": 0.8581
    },
    {
        "model": 1,
        "sequence": 11,
        "status": 1,
        "fuel": 6480,
        "fault": 0.9465,
        "weapon": 0,
        "pilot_injury": 0.747,
        "pilot_skill": 0.507,
        "mission_priority": 0.2382,
        "estimated_landing_time": 1040.0,
        "wait_time": 0,
        "Landing_success_rate": 0.8539
    },
    {
        "model": 2,
        "sequence": 5,
        "status": 1,
        "fuel": 5616,
        "fault": 0.7714,
        "weapon": 1,
        "pilot_injury": 0.8372,
        "pilot_skill": 0.5281,
        "mission_priority": 0.0298,
        "estimated_landing_time": 476.0,
        "wait_time": 0,
        "Landing_success_rate": 0.852
    },
    {
        "model": 1,
        "sequence": 8,
        "status": 1,
        "fuel": 6642,
        "fault": 0.196,
        "weapon": 1,
        "pilot_injury": 0.696,
        "pilot_skill": 0.4373,
        "mission_priority": 0.2493,
        "estimated_landing_time": 758.0,
        "wait_time": 0,
        "Landing_success_rate": 0.9189
    },
    {
        "model": 2,
        "sequence": 10,
        "status": 1,
        "fuel": 7027,
        "fault": 0.3165,
        "weapon": 0,
        "pilot_injury": 0.8582,
        "pilot_skill": 0.2506,
        "mission_priority": 0.3615,
        "estimated_landing_time": 946.0,
        "wait_time": 0,
        "Landing_success_rate": 0.9283
    },
    {
        "model": 2,
        "sequence": 12,
        "status": 1,
        "fuel": 7264,
        "fault": 0.4984,
        "weapon": 0,
        "pilot_injury": 0.4727,
        "pilot_skill": 0.8942,
        "mission_priority": 0.6804,
        "estimated_landing_time": 1134.0,
        "wait_time": 0,
        "Landing_success_rate": 0.9164
    },
    {
        "model": 0,
        "sequence": 4,
        "status": 1,
        "fuel": 5537,
        "fault": 0.6724,
        "weapon": 0,
        "pilot_injury": 0.9366,
        "pilot_skill": 0.1878,
        "mission_priority": 0.5318,
        "estimated_landing_time": 382.0,
        "wait_time": 0,
        "Landing_success_rate": 0.8509
    },
    {
        "model": 2,
        "sequence": 6,
        "status": 1,
        "fuel": 6274,
        "fault": 0.8266,
        "weapon": 0,
        "pilot_injury": 0.7211,
        "pilot_skill": 0.8011,
        "mission_priority": 0.943,
        "estimated_landing_time": 570.0,
        "wait_time": 0,
        "Landing_success_rate": 0.8601
    },
    {
        "model": 1,
        "sequence": 1,
        "status": 1,
        "fuel": 7177,
        "fault": 0.1605,
        "weapon": 0,
        "pilot_injury": 0.2909,
        "pilot_skill": 0.3991,
        "mission_priority": 0.6252,
        "estimated_landing_time": 100.0,
        "wait_time": 0,
        "Landing_success_rate": 0.9556
    },
    {
        "model": 2,
        "sequence": 3,
        "status": 1,
        "fuel": 6962,
        "fault": 0.9907,
        "weapon": 1,
        "pilot_injury": 0.4735,
        "pilot_skill": 0.7855,
        "mission_priority": 0.2253,
        "estimated_landing_time": 288.0,
        "wait_time": 0,
        "Landing_success_rate": 0.851
    },
    {
        "model": 0,
        "sequence": 9,
        "status": 1,
        "fuel": 6858,
        "fault": 0.0442,
        "weapon": 1,
        "pilot_injury": 0.4361,
        "pilot_skill": 0.9489,
        "mission_priority": 0.357,
        "estimated_landing_time": 852.0,
        "wait_time": 0,
        "Landing_success_rate": 0.9473
    }
]