[
    {
        "model": 2,
        "sequence": 4,
        "status": 1,
        "fuel": 6698,
        "fault": 0.2859,
        "weapon": 0,
        "pilot_injury": 0.3651,
        "pilot_skill": 0.8022,
        "mission_priority": 0.5295,
        "estimated_landing_time": 382.0,
        "wait_time": 0,
        "Landing_success_rate": 0.9142
    },
    {
        "model": 0,
        "sequence": 3,
        "status": 1,
        "fuel": 6929,
        "fault": 0.2165,
        "weapon": 0,
        "pilot_injury": 0.1529,
        "pilot_skill": 0.8448,
        "mission_priority": 0.1958,
        "estimated_landing_time": 288.0,
        "wait_time": 0,
        "Landing_success_rate": 0.934
    },
    {
        "model": 0,
        "sequence": 2,
        "status": 1,
        "fuel": 6258,
        "fault": 0.2321,
        "weapon": 1,
        "pilot_injury": 0.7339,
        "pilot_skill": 0.2847,
        "mission_priority": 0.3178,
        "estimated_landing_time": 194.0,
        "wait_time": 0,
        "Landing_success_rate": 0.8937
    },
    {
        "model": 0,
        "sequence": 11,
        "status": 1,
        "fuel": 5526,
        "fault": 0.3562,
        "weapon": 0,
        "pilot_injury": 0.5568,
        "pilot_skill": 0.883,
        "mission_priority": 0.3074,
        "estimated_landing_time": 1040.0,
        "wait_time": 0,
        "Landing_success_rate": 0.8513
    },
    {
        "model": 2,
        "sequence": 10,
        "status": 1,
        "fuel": 6531,
        "fault": 0.1034,
        "weapon": 0,
        "pilot_injury": 0.1515,
        "pilot_skill": 0.4006,
        "mission_priority": 0.4828,
        "estimated_landing_time": 946.0,
        "wait_time": 0,
        "Landing_success_rate": 0.9193
    },
    {
        "model": 0,
        "sequence": 7,
        "status": 1,
        "fuel": 6573,
        "fault": 0.3499,
        "weapon": 1,
        "pilot_injury": 0.6864,
        "pilot_skill": 0.2159,
        "mission_priority": 0.7094,
        "estimated_landing_time": 664.0,
        "wait_time": 0,
        "Landing_success_rate": 0.9023
    },
    {
        "model": 2,
        "sequence": 1,
        "status": 1,
        "fuel": 7151,
        "fault": 0.6191,
        "weapon": 0,
        "pilot_injury": 0.6114,
        "pilot_skill": 0.0689,
        "mission_priority": 0.8645,
        "estimated_landing_time": 100.0,
        "wait_time": 0,
        "Landing_success_rate": 0.8972
    },
    {
        "model": 1,
        "sequence": 9,
        "status": 1,
        "fuel": 6315,
        "fault": 0.4606,
        "weapon": 0,
        "pilot_injury": 0.9791,
        "pilot_skill": 0.5955,
        "mission_priority": 0.7247,
        "estimated_landing_time": 852.0,
        "wait_time": 0,
        "Landing_success_rate": 0.883
    },
    {
        "model": 2,
        "sequence": 5,
        "status": 1,
        "fuel": 7396,
        "fault": 0.3918,
        "weapon": 1,
        "pilot_injury": 0.7976,
        "pilot_skill": 0.035,
        "mission_priority": 0.7007,
        "estimated_landing_time": 476.0,
        "wait_time": 0,
        "Landing_success_rate": 0.9365
    },
    {
        "model": 0,
        "sequence": 8,
        "status": 1,
        "fuel": 5556,
        "fault": 0.4703,
        "weapon": 1,
        "pilot_injury": 0.1576,
        "pilot_skill": 0.5143,
        "mission_priority": 0.5972,
        "estimated_landing_time": 758.0,
        "wait_time": 0,
        "Landing_success_rate": 0.8522
    },
    {
        "model": 2,
        "sequence": 6,
        "status": 1,
        "fuel": 6059,
        "fault": 0.0345,
        "weapon": 1,
        "pilot_injury": 0.4678,
        "pilot_skill": 0.3114,
        "mission_priority": 0.4381,
        "estimated_landing_time": 570.0,
        "wait_time": 0,
        "Landing_success_rate": 0.8905
    },
    {
        "model": 0,
        "sequence": 12,
        "status": 1,
        "fuel": 5693,
        "fault": 0.2014,
        "weapon": 1,
        "pilot_injury": 0.2379,
        "pilot_skill": 0.9887,
        "mission_priority": 0.5009,
        "estimated_landing_time": 1134.0,
        "wait_time": 0,
        "Landing_success_rate": 0.8616
    }
]