[
    {
        "model": 1,
        "sequence": 10,
        "status": 1,
        "fuel": 6118,
        "fault": 0.7278,
        "weapon": 1,
        "pilot_injury": 0.5614,
        "pilot_skill": 0.4821,
        "mission_priority": 0.0449,
        "estimated_landing_time": 946.0,
        "wait_time": 0,
        "Landing_success_rate": 0.8626
    },
    {
        "model": 0,
        "sequence": 12,
        "status": 1,
        "fuel": 6013,
        "fault": 0.2479,
        "weapon": 0,
        "pilot_injury": 0.7728,
        "pilot_skill": 0.4039,
        "mission_priority": 0.6836,
        "estimated_landing_time": 1134.0,
        "wait_time": 0,
        "Landing_success_rate": 0.8789
    },
    {
        "model": 1,
        "sequence": 4,
        "status": 1,
        "fuel": 6089,
        "fault": 0.9887,
        "weapon": 0,
        "pilot_injury": 0.1397,
        "pilot_skill": 0.0455,
        "mission_priority": 0.5413,
        "estimated_landing_time": 382.0,
        "wait_time": 0,
        "Landing_success_rate": 0.8505
    },
    {
        "model": 2,
        "sequence": 5,
        "status": 1,
        "fuel": 5509,
        "fault": 0.2949,
        "weapon": 1,
        "pilot_injury": 0.575,
        "pilot_skill": 0.6806,
        "mission_priority": 0.3396,
        "estimated_landing_time": 476.0,
        "wait_time": 0,
        "Landing_success_rate": 0.8505
    },
    {
        "model": 0,
        "sequence": 3,
        "status": 1,
        "fuel": 6966,
        "fault": 0.137,
        "weapon": 1,
        "pilot_injury": 0.7121,
        "pilot_skill": 0.1616,
        "mission_priority": 0.013,
        "estimated_landing_time": 288.0,
        "wait_time": 0,
        "Landing_success_rate": 0.9449
    },
    {
        "model": 2,
        "sequence": 9,
        "status": 1,
        "fuel": 6663,
        "fault": 0.5208,
        "weapon": 0,
        "pilot_injury": 0.6094,
        "pilot_skill": 0.7829,
        "mission_priority": 0.6728,
        "estimated_landing_time": 852.0,
        "wait_time": 0,
        "Landing_success_rate": 0.8918
    },
    {
        "model": 1,
        "sequence": 2,
        "status": 1,
        "fuel": 6052,
        "fault": 0.4598,
        "weapon": 1,
        "pilot_injury": 0.8241,
        "pilot_skill": 0.2247,
        "mission_priority": 0.3361,
        "estimated_landing_time": 194.0,
        "wait_time": 0,
        "Landing_success_rate": 0.8724
    },
    {
        "model": 1,
        "sequence": 7,
        "status": 1,
        "fuel": 7274,
        "fault": 0.5117,
        "weapon": 0,
        "pilot_injury": 0.8851,
        "pilot_skill": 0.3452,
        "mission_priority": 0.3745,
        "estimated_landing_time": 664.0,
        "wait_time": 0,
        "Landing_success_rate": 0.915
    },
    {
        "model": 0,
        "sequence": 8,
        "status": 1,
        "fuel": 7260,
        "fault": 0.4833,
        "weapon": 0,
        "pilot_injury": 0.5354,
        "pilot_skill": 0.8608,
        "mission_priority": 0.4905,
        "estimated_landing_time": 758.0,
        "wait_time": 0,
        "Landing_success_rate": 0.9182
    },
    {
        "model": 2,
        "sequence": 11,
        "status": 1,
        "fuel": 7013,
        "fault": 0.7992,
        "weapon": 1,
        "pilot_injury": 0.1786,
        "pilot_skill": 0.4044,
        "mission_priority": 0.4948,
        "estimated_landing_time": 1040.0,
        "wait_time": 0,
        "Landing_success_rate": 0.8728
    },
    {
        "model": 0,
        "sequence": 1,
        "status": 1,
        "fuel": 6257,
        "fault": 0.233,
        "weapon": 1,
        "pilot_injury": 0.8512,
        "pilot_skill": 0.3156,
        "mission_priority": 0.964,
        "estimated_landing_time": 100.0,
        "wait_time": 0,
        "Landing_success_rate": 0.8935
    },
    {
        "model": 2,
        "sequence": 6,
        "status": 1,
        "fuel": 6660,
        "fault": 0.6744,
        "weapon": 0,
        "pilot_injury": 0.7017,
        "pilot_skill": 0.0165,
        "mission_priority": 0.1462,
        "estimated_landing_time": 570.0,
        "wait_time": 0,
        "Landing_success_rate": 0.8783
    }
]