[
    {
        "model": 1,
        "sequence": 12,
        "status": 1,
        "fuel": 5819,
        "fault": 0.9017,
        "weapon": 0,
        "pilot_injury": 0.0748,
        "pilot_skill": 0.0431,
        "mission_priority": 0.1566,
        "estimated_landing_time": 1134.0,
        "wait_time": 0,
        "Landing_success_rate": 0.8524
    },
    {
        "model": 1,
        "sequence": 3,
        "status": 1,
        "fuel": 6678,
        "fault": 0.2557,
        "weapon": 0,
        "pilot_injury": 0.8256,
        "pilot_skill": 0.0719,
        "mission_priority": 0.1964,
        "estimated_landing_time": 288.0,
        "wait_time": 0,
        "Landing_success_rate": 0.9158
    },
    {
        "model": 1,
        "sequence": 6,
        "status": 1,
        "fuel": 7489,
        "fault": 0.4815,
        "weapon": 0,
        "pilot_injury": 0.6852,
        "pilot_skill": 0.1242,
        "mission_priority": 0.9438,
        "estimated_landing_time": 570.0,
        "wait_time": 0,
        "Landing_success_rate": 0.9273
    },
    {
        "model": 0,
        "sequence": 1,
        "status": 1,
        "fuel": 6273,
        "fault": 0.973,
        "weapon": 1,
        "pilot_injury": 0.5242,
        "pilot_skill": 0.2228,
        "mission_priority": 0.8462,
        "estimated_landing_time": 100.0,
        "wait_time": 0,
        "Landing_success_rate": 0.8516
    },
    {
        "model": 1,
        "sequence": 2,
        "status": 1,
        "fuel": 6587,
        "fault": 0.1071,
        "weapon": 1,
        "pilot_injury": 0.5886,
        "pilot_skill": 0.2578,
        "mission_priority": 0.6899,
        "estimated_landing_time": 194.0,
        "wait_time": 0,
        "Landing_success_rate": 0.9228
    },
    {
        "model": 1,
        "sequence": 9,
        "status": 1,
        "fuel": 5898,
        "fault": 0.681,
        "weapon": 1,
        "pilot_injury": 0.2174,
        "pilot_skill": 0.0148,
        "mission_priority": 0.2685,
        "estimated_landing_time": 852.0,
        "wait_time": 0,
        "Landing_success_rate": 0.8595
    },
    {
        "model": 0,
        "sequence": 11,
        "status": 1,
        "fuel": 5719,
        "fault": 0.6613,
        "weapon": 0,
        "pilot_injury": 0.2037,
        "pilot_skill": 0.7632,
        "mission_priority": 0.2414,
        "estimated_landing_time": 1040.0,
        "wait_time": 0,
        "Landing_success_rate": 0.8556
    },
    {
        "model": 0,
        "sequence": 8,
        "status": 1,
        "fuel": 6979,
        "fault": 0.8762,
        "weapon": 0,
        "pilot_injury": 0.9862,
        "pilot_skill": 0.9999,
        "mission_priority": 0.8695,
        "estimated_landing_time": 758.0,
        "wait_time": 0,
        "Landing_success_rate": 0.8637
    },
    {
        "model": 2,
        "sequence": 10,
        "status": 1,
        "fuel": 6821,
        "fault": 0.1451,
        "weapon": 1,
        "pilot_injury": 0.7533,
        "pilot_skill": 0.9567,
        "mission_priority": 0.0234,
        "estimated_landing_time": 946.0,
        "wait_time": 0,
        "Landing_success_rate": 0.9347
    },
    {
        "model": 1,
        "sequence": 7,
        "status": 1,
        "fuel": 7318,
        "fault": 0.9183,
        "weapon": 1,
        "pilot_injury": 0.5579,
        "pilot_skill": 0.4664,
        "mission_priority": 0.5758,
        "estimated_landing_time": 664.0,
        "wait_time": 0,
        "Landing_success_rate": 0.8611
    },
    {
        "model": 0,
        "sequence": 4,
        "status": 1,
        "fuel": 6583,
        "fault": 0.5727,
        "weapon": 0,
        "pilot_injury": 0.5522,
        "pilot_skill": 0.8462,
        "mission_priority": 0.3198,
        "estimated_landing_time": 382.0,
        "wait_time": 0,
        "Landing_success_rate": 0.8847
    },
    {
        "model": 2,
        "sequence": 5,
        "status": 1,
        "fuel": 7011,
        "fault": 0.0848,
        "weapon": 0,
        "pilot_injury": 0.2787,
        "pilot_skill": 0.3798,
        "mission_priority": 0.5985,
        "estimated_landing_time": 476.0,
        "wait_time": 0,
        "Landing_success_rate": 0.9537
    }
]