[
    {
        "model": 1,
        "sequence": 10,
        "status": 1,
        "fuel": 7496,
        "fault": 0.2288,
        "weapon": 1,
        "pilot_injury": 0.3808,
        "pilot_skill": 0.5154,
        "mission_priority": 0.4661,
        "estimated_landing_time": 946.0,
        "wait_time": 0,
        "Landing_success_rate": 0.9654
    },
    {
        "model": 1,
        "sequence": 5,
        "status": 1,
        "fuel": 5532,
        "fault": 0.9281,
        "weapon": 1,
        "pilot_injury": 0.2781,
        "pilot_skill": 0.4468,
        "mission_priority": 0.429,
        "estimated_landing_time": 476.0,
        "wait_time": 0,
        "Landing_success_rate": 0.8502
    },
    {
        "model": 0,
        "sequence": 3,
        "status": 1,
        "fuel": 6852,
        "fault": 0.6776,
        "weapon": 1,
        "pilot_injury": 0.0896,
        "pilot_skill": 0.8806,
        "mission_priority": 0.8967,
        "estimated_landing_time": 288.0,
        "wait_time": 0,
        "Landing_success_rate": 0.8827
    },
    {
        "model": 1,
        "sequence": 6,
        "status": 1,
        "fuel": 6241,
        "fault": 0.7884,
        "weapon": 0,
        "pilot_injury": 0.6597,
        "pilot_skill": 0.5634,
        "mission_priority": 0.0694,
        "estimated_landing_time": 570.0,
        "wait_time": 0,
        "Landing_success_rate": 0.8618
    },
    {
        "model": 1,
        "sequence": 11,
        "status": 1,
        "fuel": 6224,
        "fault": 0.1251,
        "weapon": 0,
        "pilot_injury": 0.325,
        "pilot_skill": 0.9323,
        "mission_priority": 0.304,
        "estimated_landing_time": 1040.0,
        "wait_time": 0,
        "Landing_success_rate": 0.8975
    },
    {
        "model": 2,
        "sequence": 8,
        "status": 1,
        "fuel": 6171,
        "fault": 0.6896,
        "weapon": 1,
        "pilot_injury": 0.3146,
        "pilot_skill": 0.6284,
        "mission_priority": 0.7616,
        "estimated_landing_time": 758.0,
        "wait_time": 0,
        "Landing_success_rate": 0.8656
    },
    {
        "model": 0,
        "sequence": 7,
        "status": 1,
        "fuel": 6265,
        "fault": 0.0686,
        "weapon": 0,
        "pilot_injury": 0.0402,
        "pilot_skill": 0.9222,
        "mission_priority": 0.1963,
        "estimated_landing_time": 664.0,
        "wait_time": 0,
        "Landing_success_rate": 0.9034
    },
    {
        "model": 0,
        "sequence": 12,
        "status": 1,
        "fuel": 5626,
        "fault": 0.3748,
        "weapon": 1,
        "pilot_injury": 0.8328,
        "pilot_skill": 0.6717,
        "mission_priority": 0.1759,
        "estimated_landing_time": 1134.0,
        "wait_time": 0,
        "Landing_success_rate": 0.8559
    },
    {
        "model": 1,
        "sequence": 1,
        "status": 1,
        "fuel": 6111,
        "fault": 0.0254,
        "weapon": 0,
        "pilot_injury": 0.2441,
        "pilot_skill": 0.8142,
        "mission_priority": 0.1059,
        "estimated_landing_time": 100.0,
        "wait_time": 0,
        "Landing_success_rate": 0.8947
    },
    {
        "model": 1,
        "sequence": 2,
        "status": 1,
        "fuel": 5590,
        "fault": 0.8875,
        "weapon": 1,
        "pilot_injury": 0.8305,
        "pilot_skill": 0.1475,
        "mission_priority": 0.5477,
        "estimated_landing_time": 194.0,
        "wait_time": 0,
        "Landing_success_rate": 0.8508
    },
    {
        "model": 1,
        "sequence": 9,
        "status": 1,
        "fuel": 6795,
        "fault": 0.2932,
        "weapon": 0,
        "pilot_injury": 0.9356,
        "pilot_skill": 0.7846,
        "mission_priority": 0.6528,
        "estimated_landing_time": 852.0,
        "wait_time": 0,
        "Landing_success_rate": 0.9186
    },
    {
        "model": 0,
        "sequence": 4,
        "status": 1,
        "fuel": 5954,
        "fault": 0.6658,
        "weapon": 0,
        "pilot_injury": 0.7097,
        "pilot_skill": 0.9927,
        "mission_priority": 0.7368,
        "estimated_landing_time": 382.0,
        "wait_time": 0,
        "Landing_success_rate": 0.8614
    }
]