[
    {
        "model": 2,
        "sequence": 12,
        "status": 1,
        "fuel": 6907,
        "fault": 0.1359,
        "weapon": 0,
        "pilot_injury": 0.2021,
        "pilot_skill": 0.794,
        "mission_priority": 0.8959,
        "estimated_landing_time": 1134.0,
        "wait_time": 0,
        "Landing_success_rate": 0.9412
    },
    {
        "model": 1,
        "sequence": 9,
        "status": 1,
        "fuel": 6150,
        "fault": 0.9722,
        "weapon": 1,
        "pilot_injury": 0.0267,
        "pilot_skill": 0.9477,
        "mission_priority": 0.6839,
        "estimated_landing_time": 852.0,
        "wait_time": 0,
        "Landing_success_rate": 0.8514
    },
    {
        "model": 2,
        "sequence": 4,
        "status": 1,
        "fuel": 6733,
        "fault": 0.3265,
        "weapon": 1,
        "pilot_injury": 0.3405,
        "pilot_skill": 0.1127,
        "mission_priority": 0.4991,
        "estimated_landing_time": 382.0,
        "wait_time": 0,
        "Landing_success_rate": 0.9123
    },
    {
        "model": 1,
        "sequence": 2,
        "status": 1,
        "fuel": 6756,
        "fault": 0.0221,
        "weapon": 0,
        "pilot_injury": 0.2334,
        "pilot_skill": 0.6656,
        "mission_priority": 0.5099,
        "estimated_landing_time": 194.0,
        "wait_time": 0,
        "Landing_success_rate": 0.9421
    },
    {
        "model": 1,
        "sequence": 10,
        "status": 1,
        "fuel": 7073,
        "fault": 0.7242,
        "weapon": 0,
        "pilot_injury": 0.1252,
        "pilot_skill": 0.7557,
        "mission_priority": 0.712,
        "estimated_landing_time": 946.0,
        "wait_time": 0,
        "Landing_success_rate": 0.8825
    },
    {
        "model": 1,
        "sequence": 5,
        "status": 1,
        "fuel": 5561,
        "fault": 0.2358,
        "weapon": 1,
        "pilot_injury": 0.5033,
        "pilot_skill": 0.0608,
        "mission_priority": 0.2782,
        "estimated_landing_time": 476.0,
        "wait_time": 0,
        "Landing_success_rate": 0.8535
    },
    {
        "model": 0,
        "sequence": 8,
        "status": 1,
        "fuel": 5809,
        "fault": 0.7094,
        "weapon": 1,
        "pilot_injury": 0.5064,
        "pilot_skill": 0.8493,
        "mission_priority": 0.3007,
        "estimated_landing_time": 758.0,
        "wait_time": 0,
        "Landing_success_rate": 0.8567
    },
    {
        "model": 0,
        "sequence": 3,
        "status": 1,
        "fuel": 6819,
        "fault": 0.1957,
        "weapon": 0,
        "pilot_injury": 0.3048,
        "pilot_skill": 0.6515,
        "mission_priority": 0.7403,
        "estimated_landing_time": 288.0,
        "wait_time": 0,
        "Landing_success_rate": 0.9296
    },
    {
        "model": 2,
        "sequence": 6,
        "status": 1,
        "fuel": 6087,
        "fault": 0.5725,
        "weapon": 0,
        "pilot_injury": 0.8032,
        "pilot_skill": 0.657,
        "mission_priority": 0.8955,
        "estimated_landing_time": 570.0,
        "wait_time": 0,
        "Landing_success_rate": 0.8688
    },
    {
        "model": 2,
        "sequence": 1,
        "status": 1,
        "fuel": 5854,
        "fault": 0.1436,
        "weapon": 1,
        "pilot_injury": 0.7765,
        "pilot_skill": 0.1949,
        "mission_priority": 0.7098,
        "estimated_landing_time": 100.0,
        "wait_time": 0,
        "Landing_success_rate": 0.8727
    },
    {
        "model": 1,
        "sequence": 7,
        "status": 1,
        "fuel": 7051,
        "fault": 0.7456,
        "weapon": 1,
        "pilot_injury": 0.1158,
        "pilot_skill": 0.9499,
        "mission_priority": 0.3388,
        "estimated_landing_time": 664.0,
        "wait_time": 0,
        "Landing_success_rate": 0.8796
    },
    {
        "model": 0,
        "sequence": 11,
        "status": 1,
        "fuel": 6755,
        "fault": 0.6397,
        "weapon": 0,
        "pilot_injury": 0.1075,
        "pilot_skill": 0.5613,
        "mission_priority": 0.661,
        "estimated_landing_time": 1040.0,
        "wait_time": 0,
        "Landing_success_rate": 0.8839
    }
]