[
    {
        "model": 0,
        "sequence": 5,
        "status": 1,
        "fuel": 6918,
        "fault": 0.904,
        "weapon": 0,
        "pilot_injury": 0.9068,
        "pilot_skill": 0.7894,
        "mission_priority": 0.7123,
        "estimated_landing_time": 476.0,
        "wait_time": 0,
        "Landing_success_rate": 0.8602
    },
    {
        "model": 0,
        "sequence": 1,
        "status": 1,
        "fuel": 7095,
        "fault": 0.4682,
        "weapon": 0,
        "pilot_injury": 0.6433,
        "pilot_skill": 0.4068,
        "mission_priority": 0.493,
        "estimated_landing_time": 100.0,
        "wait_time": 0,
        "Landing_success_rate": 0.9136
    },
    {
        "model": 0,
        "sequence": 3,
        "status": 1,
        "fuel": 5962,
        "fault": 0.8501,
        "weapon": 0,
        "pilot_injury": 0.2953,
        "pilot_skill": 0.2464,
        "mission_priority": 0.6018,
        "estimated_landing_time": 288.0,
        "wait_time": 0,
        "Landing_success_rate": 0.8552
    },
    {
        "model": 1,
        "sequence": 8,
        "status": 1,
        "fuel": 6763,
        "fault": 0.5621,
        "weapon": 0,
        "pilot_injury": 0.0889,
        "pilot_skill": 0.4906,
        "mission_priority": 0.6204,
        "estimated_landing_time": 758.0,
        "wait_time": 0,
        "Landing_success_rate": 0.8915
    },
    {
        "model": 0,
        "sequence": 7,
        "status": 1,
        "fuel": 6656,
        "fault": 0.4941,
        "weapon": 0,
        "pilot_injury": 0.3354,
        "pilot_skill": 0.3686,
        "mission_priority": 0.6761,
        "estimated_landing_time": 664.0,
        "wait_time": 0,
        "Landing_success_rate": 0.8939
    },
    {
        "model": 1,
        "sequence": 12,
        "status": 1,
        "fuel": 5850,
        "fault": 0.3934,
        "weapon": 0,
        "pilot_injury": 0.4507,
        "pilot_skill": 0.013,
        "mission_priority": 0.7705,
        "estimated_landing_time": 1134.0,
        "wait_time": 0,
        "Landing_success_rate": 0.8659
    },
    {
        "model": 1,
        "sequence": 4,
        "status": 1,
        "fuel": 5648,
        "fault": 0.154,
        "weapon": 1,
        "pilot_injury": 0.541,
        "pilot_skill": 0.5278,
        "mission_priority": 0.7046,
        "estimated_landing_time": 382.0,
        "wait_time": 0,
        "Landing_success_rate": 0.8594
    },
    {
        "model": 0,
        "sequence": 6,
        "status": 1,
        "fuel": 6528,
        "fault": 0.9426,
        "weapon": 0,
        "pilot_injury": 0.7295,
        "pilot_skill": 0.602,
        "mission_priority": 0.6615,
        "estimated_landing_time": 570.0,
        "wait_time": 0,
        "Landing_success_rate": 0.8544
    },
    {
        "model": 2,
        "sequence": 11,
        "status": 1,
        "fuel": 6468,
        "fault": 0.8073,
        "weapon": 0,
        "pilot_injury": 0.7809,
        "pilot_skill": 0.9272,
        "mission_priority": 0.9899,
        "estimated_landing_time": 1040.0,
        "wait_time": 0,
        "Landing_success_rate": 0.864
    },
    {
        "model": 0,
        "sequence": 10,
        "status": 1,
        "fuel": 5980,
        "fault": 0.6094,
        "weapon": 0,
        "pilot_injury": 0.4591,
        "pilot_skill": 0.7876,
        "mission_priority": 0.0277,
        "estimated_landing_time": 946.0,
        "wait_time": 0,
        "Landing_success_rate": 0.8641
    },
    {
        "model": 2,
        "sequence": 2,
        "status": 1,
        "fuel": 6725,
        "fault": 0.7279,
        "weapon": 0,
        "pilot_injury": 0.731,
        "pilot_skill": 0.5012,
        "mission_priority": 0.3689,
        "estimated_landing_time": 194.0,
        "wait_time": 0,
        "Landing_success_rate": 0.875
    },
    {
        "model": 0,
        "sequence": 9,
        "status": 1,
        "fuel": 6411,
        "fault": 0.7322,
        "weapon": 1,
        "pilot_injury": 0.6151,
        "pilot_skill": 0.8678,
        "mission_priority": 0.1633,
        "estimated_landing_time": 852.0,
        "wait_time": 0,
        "Landing_success_rate": 0.8683
    }
]