[
    {
        "model": 0,
        "sequence": 2,
        "status": 1,
        "fuel": 6322,
        "fault": 0.2257,
        "weapon": 1,
        "pilot_injury": 0.0293,
        "pilot_skill": 0.9745,
        "mission_priority": 0.2221,
        "estimated_landing_time": 194.0,
        "wait_time": 0,
        "Landing_success_rate": 0.8977
    },
    {
        "model": 1,
        "sequence": 6,
        "status": 1,
        "fuel": 7101,
        "fault": 0.0811,
        "weapon": 0,
        "pilot_injury": 0.522,
        "pilot_skill": 0.38,
        "mission_priority": 0.0447,
        "estimated_landing_time": 570.0,
        "wait_time": 0,
        "Landing_success_rate": 0.9603
    },
    {
        "model": 0,
        "sequence": 11,
        "status": 1,
        "fuel": 6569,
        "fault": 0.6736,
        "weapon": 0,
        "pilot_injury": 0.9899,
        "pilot_skill": 0.2079,
        "mission_priority": 0.5448,
        "estimated_landing_time": 1040.0,
        "wait_time": 0,
        "Landing_success_rate": 0.8762
    },
    {
        "model": 1,
        "sequence": 4,
        "status": 1,
        "fuel": 7096,
        "fault": 0.8325,
        "weapon": 1,
        "pilot_injury": 0.9934,
        "pilot_skill": 0.9683,
        "mission_priority": 0.4895,
        "estimated_landing_time": 382.0,
        "wait_time": 0,
        "Landing_success_rate": 0.87
    },
    {
        "model": 2,
        "sequence": 8,
        "status": 1,
        "fuel": 5531,
        "fault": 0.4037,
        "weapon": 1,
        "pilot_injury": 0.4411,
        "pilot_skill": 0.809,
        "mission_priority": 0.5053,
        "estimated_landing_time": 758.0,
        "wait_time": 0,
        "Landing_success_rate": 0.8514
    },
    {
        "model": 0,
        "sequence": 5,
        "status": 1,
        "fuel": 6897,
        "fault": 0.6525,
        "weapon": 0,
        "pilot_injury": 0.2535,
        "pilot_skill": 0.8757,
        "mission_priority": 0.4598,
        "estimated_landing_time": 476.0,
        "wait_time": 0,
        "Landing_success_rate": 0.8864
    },
    {
        "model": 2,
        "sequence": 9,
        "status": 1,
        "fuel": 5738,
        "fault": 0.0675,
        "weapon": 1,
        "pilot_injury": 0.4178,
        "pilot_skill": 0.7503,
        "mission_priority": 0.548,
        "estimated_landing_time": 852.0,
        "wait_time": 0,
        "Landing_success_rate": 0.8666
    },
    {
        "model": 0,
        "sequence": 12,
        "status": 1,
        "fuel": 5707,
        "fault": 0.9723,
        "weapon": 1,
        "pilot_injury": 0.5845,
        "pilot_skill": 0.3906,
        "mission_priority": 0.1096,
        "estimated_landing_time": 1134.0,
        "wait_time": 0,
        "Landing_success_rate": 0.8504
    },
    {
        "model": 1,
        "sequence": 1,
        "status": 1,
        "fuel": 7396,
        "fault": 0.562,
        "weapon": 1,
        "pilot_injury": 0.8632,
        "pilot_skill": 0.36,
        "mission_priority": 0.6393,
        "estimated_landing_time": 100.0,
        "wait_time": 0,
        "Landing_success_rate": 0.9123
    },
    {
        "model": 1,
        "sequence": 3,
        "status": 1,
        "fuel": 7374,
        "fault": 0.1517,
        "weapon": 1,
        "pilot_injury": 0.7288,
        "pilot_skill": 0.9959,
        "mission_priority": 0.7971,
        "estimated_landing_time": 288.0,
        "wait_time": 0,
        "Landing_success_rate": 0.9692
    },
    {
        "model": 1,
        "sequence": 7,
        "status": 1,
        "fuel": 7380,
        "fault": 0.6247,
        "weapon": 0,
        "pilot_injury": 0.0512,
        "pilot_skill": 0.725,
        "mission_priority": 0.0233,
        "estimated_landing_time": 664.0,
        "wait_time": 0,
        "Landing_success_rate": 0.9029
    },
    {
        "model": 1,
        "sequence": 10,
        "status": 1,
        "fuel": 6327,
        "fault": 0.9967,
        "weapon": 1,
        "pilot_injury": 0.3609,
        "pilot_skill": 0.8205,
        "mission_priority": 0.3761,
        "estimated_landing_time": 946.0,
        "wait_time": 0,
        "Landing_success_rate": 0.8502
    }
]