[
    {
        "model": 1,
        "sequence": 3,
        "status": 1,
        "fuel": 5976,
        "fault": 0.5029,
        "weapon": 0,
        "pilot_injury": 0.5644,
        "pilot_skill": 0.9441,
        "mission_priority": 0.9479,
        "estimated_landing_time": 288.0,
        "wait_time": 0,
        "Landing_success_rate": 0.8677
    },
    {
        "model": 1,
        "sequence": 4,
        "status": 1,
        "fuel": 7119,
        "fault": 0.4096,
        "weapon": 1,
        "pilot_injury": 0.0424,
        "pilot_skill": 0.6481,
        "mission_priority": 0.1177,
        "estimated_landing_time": 382.0,
        "wait_time": 0,
        "Landing_success_rate": 0.9217
    },
    {
        "model": 2,
        "sequence": 11,
        "status": 1,
        "fuel": 6670,
        "fault": 0.9472,
        "weapon": 0,
        "pilot_injury": 0.0223,
        "pilot_skill": 0.7821,
        "mission_priority": 0.6359,
        "estimated_landing_time": 1040.0,
        "wait_time": 0,
        "Landing_success_rate": 0.8546
    },
    {
        "model": 0,
        "sequence": 9,
        "status": 1,
        "fuel": 6511,
        "fault": 0.2881,
        "weapon": 1,
        "pilot_injury": 0.6783,
        "pilot_skill": 0.8845,
        "mission_priority": 0.7674,
        "estimated_landing_time": 852.0,
        "wait_time": 0,
        "Landing_success_rate": 0.904
    },
    {
        "model": 2,
        "sequence": 2,
        "status": 1,
        "fuel": 7007,
        "fault": 0.6521,
        "weapon": 1,
        "pilot_injury": 0.9869,
        "pilot_skill": 0.3002,
        "mission_priority": 0.1184,
        "estimated_landing_time": 194.0,
        "wait_time": 0,
        "Landing_success_rate": 0.8893
    },
    {
        "model": 1,
        "sequence": 12,
        "status": 1,
        "fuel": 5881,
        "fault": 0.7019,
        "weapon": 1,
        "pilot_injury": 0.1167,
        "pilot_skill": 0.4317,
        "mission_priority": 0.0623,
        "estimated_landing_time": 1134.0,
        "wait_time": 0,
        "Landing_success_rate": 0.8585
    },
    {
        "model": 2,
        "sequence": 8,
        "status": 1,
        "fuel": 6562,
        "fault": 0.0781,
        "weapon": 0,
        "pilot_injury": 0.499,
        "pilot_skill": 0.4095,
        "mission_priority": 0.9077,
        "estimated_landing_time": 758.0,
        "wait_time": 0,
        "Landing_success_rate": 0.9234
    },
    {
        "model": 1,
        "sequence": 7,
        "status": 1,
        "fuel": 6995,
        "fault": 0.5557,
        "weapon": 0,
        "pilot_injury": 0.3921,
        "pilot_skill": 0.5594,
        "mission_priority": 0.5283,
        "estimated_landing_time": 664.0,
        "wait_time": 0,
        "Landing_success_rate": 0.8998
    },
    {
        "model": 0,
        "sequence": 10,
        "status": 1,
        "fuel": 7468,
        "fault": 0.2847,
        "weapon": 1,
        "pilot_injury": 0.9511,
        "pilot_skill": 0.8311,
        "mission_priority": 0.1915,
        "estimated_landing_time": 946.0,
        "wait_time": 0,
        "Landing_success_rate": 0.9556
    },
    {
        "model": 0,
        "sequence": 5,
        "status": 1,
        "fuel": 6368,
        "fault": 0.3103,
        "weapon": 0,
        "pilot_injury": 0.9055,
        "pilot_skill": 0.5209,
        "mission_priority": 0.9774,
        "estimated_landing_time": 476.0,
        "wait_time": 0,
        "Landing_success_rate": 0.8949
    },
    {
        "model": 2,
        "sequence": 1,
        "status": 1,
        "fuel": 6464,
        "fault": 0.7743,
        "weapon": 0,
        "pilot_injury": 0.8775,
        "pilot_skill": 0.9992,
        "mission_priority": 0.8497,
        "estimated_landing_time": 100.0,
        "wait_time": 0,
        "Landing_success_rate": 0.8663
    },
    {
        "model": 0,
        "sequence": 6,
        "status": 1,
        "fuel": 5997,
        "fault": 0.688,
        "weapon": 1,
        "pilot_injury": 0.0827,
        "pilot_skill": 0.6348,
        "mission_priority": 0.2165,
        "estimated_landing_time": 570.0,
        "wait_time": 0,
        "Landing_success_rate": 0.8616
    }
]