[
    {
        "model": 1,
        "sequence": 11,
        "status": 1,
        "fuel": 7419,
        "fault": 0.2649,
        "weapon": 1,
        "pilot_injury": 0.4147,
        "pilot_skill": 0.9033,
        "mission_priority": 0.3628,
        "estimated_landing_time": 1040.0,
        "wait_time": 0,
        "Landing_success_rate": 0.9558
    },
    {
        "model": 1,
        "sequence": 5,
        "status": 1,
        "fuel": 6919,
        "fault": 0.2479,
        "weapon": 1,
        "pilot_injury": 0.8909,
        "pilot_skill": 0.988,
        "mission_priority": 0.2889,
        "estimated_landing_time": 476.0,
        "wait_time": 0,
        "Landing_success_rate": 0.93
    },
    {
        "model": 1,
        "sequence": 1,
        "status": 1,
        "fuel": 7008,
        "fault": 0.572,
        "weapon": 0,
        "pilot_injury": 0.7095,
        "pilot_skill": 0.6124,
        "mission_priority": 0.9511,
        "estimated_landing_time": 100.0,
        "wait_time": 0,
        "Landing_success_rate": 0.8984
    },
    {
        "model": 1,
        "sequence": 8,
        "status": 1,
        "fuel": 6570,
        "fault": 0.5953,
        "weapon": 1,
        "pilot_injury": 0.5417,
        "pilot_skill": 0.3273,
        "mission_priority": 0.7017,
        "estimated_landing_time": 758.0,
        "wait_time": 0,
        "Landing_success_rate": 0.8825
    },
    {
        "model": 0,
        "sequence": 9,
        "status": 1,
        "fuel": 7476,
        "fault": 0.4938,
        "weapon": 0,
        "pilot_injury": 0.1523,
        "pilot_skill": 0.5279,
        "mission_priority": 0.5943,
        "estimated_landing_time": 852.0,
        "wait_time": 0,
        "Landing_success_rate": 0.925
    },
    {
        "model": 0,
        "sequence": 12,
        "status": 1,
        "fuel": 5592,
        "fault": 0.0448,
        "weapon": 1,
        "pilot_injury": 0.57,
        "pilot_skill": 0.1684,
        "mission_priority": 0.6637,
        "estimated_landing_time": 1134.0,
        "wait_time": 0,
        "Landing_success_rate": 0.8566
    },
    {
        "model": 0,
        "sequence": 2,
        "status": 1,
        "fuel": 6553,
        "fault": 0.472,
        "weapon": 1,
        "pilot_injury": 0.7783,
        "pilot_skill": 0.7244,
        "mission_priority": 0.7007,
        "estimated_landing_time": 194.0,
        "wait_time": 0,
        "Landing_success_rate": 0.8917
    },
    {
        "model": 1,
        "sequence": 4,
        "status": 1,
        "fuel": 6757,
        "fault": 0.2299,
        "weapon": 1,
        "pilot_injury": 0.6555,
        "pilot_skill": 0.4669,
        "mission_priority": 0.4696,
        "estimated_landing_time": 382.0,
        "wait_time": 0,
        "Landing_success_rate": 0.9226
    },
    {
        "model": 2,
        "sequence": 10,
        "status": 1,
        "fuel": 5817,
        "fault": 0.9371,
        "weapon": 0,
        "pilot_injury": 0.2495,
        "pilot_skill": 0.3166,
        "mission_priority": 0.963,
        "estimated_landing_time": 946.0,
        "wait_time": 0,
        "Landing_success_rate": 0.8515
    },
    {
        "model": 1,
        "sequence": 3,
        "status": 1,
        "fuel": 6580,
        "fault": 0.6796,
        "weapon": 1,
        "pilot_injury": 0.9061,
        "pilot_skill": 0.2266,
        "mission_priority": 0.7059,
        "estimated_landing_time": 288.0,
        "wait_time": 0,
        "Landing_success_rate": 0.876
    },
    {
        "model": 1,
        "sequence": 6,
        "status": 1,
        "fuel": 6243,
        "fault": 0.8887,
        "weapon": 1,
        "pilot_injury": 0.7179,
        "pilot_skill": 0.2072,
        "mission_priority": 0.159,
        "estimated_landing_time": 570.0,
        "wait_time": 0,
        "Landing_success_rate": 0.8562
    },
    {
        "model": 2,
        "sequence": 7,
        "status": 1,
        "fuel": 7186,
        "fault": 0.9303,
        "weapon": 1,
        "pilot_injury": 0.974,
        "pilot_skill": 0.4515,
        "mission_priority": 0.1116,
        "estimated_landing_time": 664.0,
        "wait_time": 0,
        "Landing_success_rate": 0.8588
    }
]