[
    {
        "model": 1,
        "sequence": 12,
        "status": 1,
        "fuel": 6625,
        "fault": 0.3679,
        "weapon": 0,
        "pilot_injury": 0.1993,
        "pilot_skill": 0.9249,
        "mission_priority": 0.2392,
        "estimated_landing_time": 1134.0,
        "wait_time": 0,
        "Landing_success_rate": 0.9033
    },
    {
        "model": 2,
        "sequence": 9,
        "status": 1,
        "fuel": 6672,
        "fault": 0.3649,
        "weapon": 0,
        "pilot_injury": 0.8997,
        "pilot_skill": 0.7814,
        "mission_priority": 0.0438,
        "estimated_landing_time": 852.0,
        "wait_time": 0,
        "Landing_success_rate": 0.9058
    },
    {
        "model": 0,
        "sequence": 5,
        "status": 1,
        "fuel": 6635,
        "fault": 0.5961,
        "weapon": 1,
        "pilot_injury": 0.4756,
        "pilot_skill": 0.6916,
        "mission_priority": 0.1962,
        "estimated_landing_time": 476.0,
        "wait_time": 0,
        "Landing_success_rate": 0.8844
    },
    {
        "model": 1,
        "sequence": 11,
        "status": 1,
        "fuel": 7359,
        "fault": 0.4944,
        "weapon": 1,
        "pilot_injury": 0.3657,
        "pilot_skill": 0.6002,
        "mission_priority": 0.2165,
        "estimated_landing_time": 1040.0,
        "wait_time": 0,
        "Landing_success_rate": 0.9205
    },
    {
        "model": 1,
        "sequence": 10,
        "status": 1,
        "fuel": 7025,
        "fault": 0.0121,
        "weapon": 0,
        "pilot_injury": 0.3412,
        "pilot_skill": 0.7475,
        "mission_priority": 0.808,
        "estimated_landing_time": 946.0,
        "wait_time": 0,
        "Landing_success_rate": 0.963
    },
    {
        "model": 0,
        "sequence": 6,
        "status": 1,
        "fuel": 6428,
        "fault": 0.0221,
        "weapon": 0,
        "pilot_injury": 0.5285,
        "pilot_skill": 0.4215,
        "mission_priority": 0.2284,
        "estimated_landing_time": 570.0,
        "wait_time": 0,
        "Landing_success_rate": 0.9181
    },
    {
        "model": 2,
        "sequence": 8,
        "status": 1,
        "fuel": 6508,
        "fault": 0.7294,
        "weapon": 0,
        "pilot_injury": 0.911,
        "pilot_skill": 0.5285,
        "mission_priority": 0.8705,
        "estimated_landing_time": 758.0,
        "wait_time": 0,
        "Landing_success_rate": 0.8705
    },
    {
        "model": 1,
        "sequence": 1,
        "status": 1,
        "fuel": 6885,
        "fault": 0.4189,
        "weapon": 1,
        "pilot_injury": 0.1137,
        "pilot_skill": 0.7668,
        "mission_priority": 0.3869,
        "estimated_landing_time": 100.0,
        "wait_time": 0,
        "Landing_success_rate": 0.9104
    },
    {
        "model": 0,
        "sequence": 4,
        "status": 1,
        "fuel": 6827,
        "fault": 0.9037,
        "weapon": 1,
        "pilot_injury": 0.0186,
        "pilot_skill": 0.6662,
        "mission_priority": 0.5877,
        "estimated_landing_time": 382.0,
        "wait_time": 0,
        "Landing_success_rate": 0.8596
    },
    {
        "model": 0,
        "sequence": 7,
        "status": 1,
        "fuel": 6416,
        "fault": 0.414,
        "weapon": 0,
        "pilot_injury": 0.2393,
        "pilot_skill": 0.8303,
        "mission_priority": 0.7613,
        "estimated_landing_time": 664.0,
        "wait_time": 0,
        "Landing_success_rate": 0.8903
    },
    {
        "model": 1,
        "sequence": 3,
        "status": 1,
        "fuel": 5628,
        "fault": 0.1611,
        "weapon": 0,
        "pilot_injury": 0.8282,
        "pilot_skill": 0.8888,
        "mission_priority": 0.0058,
        "estimated_landing_time": 288.0,
        "wait_time": 0,
        "Landing_success_rate": 0.8581
    },
    {
        "model": 1,
        "sequence": 2,
        "status": 1,
        "fuel": 6092,
        "fault": 0.22,
        "weapon": 1,
        "pilot_injury": 0.7184,
        "pilot_skill": 0.3714,
        "mission_priority": 0.6062,
        "estimated_landing_time": 194.0,
        "wait_time": 0,
        "Landing_success_rate": 0.8846
    }
]