[
    {
        "model": 2,
        "sequence": 3,
        "status": 1,
        "fuel": 6430,
        "fault": 0.6582,
        "weapon": 0,
        "pilot_injury": 0.1465,
        "pilot_skill": 0.7851,
        "mission_priority": 0.2451,
        "estimated_landing_time": 288.0,
        "wait_time": 0,
        "Landing_success_rate": 0.8738
    },
    {
        "model": 2,
        "sequence": 12,
        "status": 1,
        "fuel": 7412,
        "fault": 0.0748,
        "weapon": 0,
        "pilot_injury": 0.9863,
        "pilot_skill": 0.5799,
        "mission_priority": 0.6326,
        "estimated_landing_time": 1134.0,
        "wait_time": 0,
        "Landing_success_rate": 0.9827
    },
    {
        "model": 0,
        "sequence": 7,
        "status": 1,
        "fuel": 7252,
        "fault": 0.3616,
        "weapon": 0,
        "pilot_injury": 0.4949,
        "pilot_skill": 0.0181,
        "mission_priority": 0.6086,
        "estimated_landing_time": 664.0,
        "wait_time": 0,
        "Landing_success_rate": 0.9339
    },
    {
        "model": 1,
        "sequence": 2,
        "status": 1,
        "fuel": 6417,
        "fault": 0.2368,
        "weapon": 0,
        "pilot_injury": 0.9507,
        "pilot_skill": 0.1089,
        "mission_priority": 0.0329,
        "estimated_landing_time": 194.0,
        "wait_time": 0,
        "Landing_success_rate": 0.9025
    },
    {
        "model": 0,
        "sequence": 9,
        "status": 1,
        "fuel": 6757,
        "fault": 0.9323,
        "weapon": 0,
        "pilot_injury": 0.9897,
        "pilot_skill": 0.4842,
        "mission_priority": 0.4681,
        "estimated_landing_time": 852.0,
        "wait_time": 0,
        "Landing_success_rate": 0.8564
    },
    {
        "model": 0,
        "sequence": 6,
        "status": 1,
        "fuel": 5607,
        "fault": 0.9517,
        "weapon": 0,
        "pilot_injury": 0.6341,
        "pilot_skill": 0.874,
        "mission_priority": 0.7463,
        "estimated_landing_time": 570.0,
        "wait_time": 0,
        "Landing_success_rate": 0.8504
    },
    {
        "model": 0,
        "sequence": 5,
        "status": 1,
        "fuel": 6337,
        "fault": 0.6068,
        "weapon": 0,
        "pilot_injury": 0.6396,
        "pilot_skill": 0.4557,
        "mission_priority": 0.4578,
        "estimated_landing_time": 476.0,
        "wait_time": 0,
        "Landing_success_rate": 0.8747
    },
    {
        "model": 0,
        "sequence": 8,
        "status": 1,
        "fuel": 7463,
        "fault": 0.0908,
        "weapon": 1,
        "pilot_injury": 0.4885,
        "pilot_skill": 0.8227,
        "mission_priority": 0.2787,
        "estimated_landing_time": 758.0,
        "wait_time": 0,
        "Landing_success_rate": 0.9839
    },
    {
        "model": 1,
        "sequence": 11,
        "status": 1,
        "fuel": 6998,
        "fault": 0.149,
        "weapon": 1,
        "pilot_injury": 0.1048,
        "pilot_skill": 0.9583,
        "mission_priority": 0.8547,
        "estimated_landing_time": 1040.0,
        "wait_time": 0,
        "Landing_success_rate": 0.9456
    },
    {
        "model": 0,
        "sequence": 10,
        "status": 1,
        "fuel": 6606,
        "fault": 0.8772,
        "weapon": 0,
        "pilot_injury": 0.3476,
        "pilot_skill": 0.9948,
        "mission_priority": 0.3024,
        "estimated_landing_time": 946.0,
        "wait_time": 0,
        "Landing_success_rate": 0.8602
    },
    {
        "model": 0,
        "sequence": 4,
        "status": 1,
        "fuel": 7147,
        "fault": 0.7228,
        "weapon": 1,
        "pilot_injury": 0.8351,
        "pilot_skill": 0.1925,
        "mission_priority": 0.7094,
        "estimated_landing_time": 382.0,
        "wait_time": 0,
        "Landing_success_rate": 0.8842
    },
    {
        "model": 2,
        "sequence": 1,
        "status": 1,
        "fuel": 7433,
        "fault": 0.0734,
        "weapon": 1,
        "pilot_injury": 0.0811,
        "pilot_skill": 0.9142,
        "mission_priority": 0.4908,
        "estimated_landing_time": 100.0,
        "wait_time": 0,
        "Landing_success_rate": 0.9843
    }
]