[
    {
        "model": 0,
        "sequence": 9,
        "status": 1,
        "fuel": 6439,
        "fault": 0.0532,
        "weapon": 1,
        "pilot_injury": 0.5877,
        "pilot_skill": 0.202,
        "mission_priority": 0.9696,
        "estimated_landing_time": 852.0,
        "wait_time": 0,
        "Landing_success_rate": 0.9167
    },
    {
        "model": 2,
        "sequence": 4,
        "status": 1,
        "fuel": 6348,
        "fault": 0.8785,
        "weapon": 1,
        "pilot_injury": 0.7026,
        "pilot_skill": 0.6137,
        "mission_priority": 0.3111,
        "estimated_landing_time": 382.0,
        "wait_time": 0,
        "Landing_success_rate": 0.8577
    },
    {
        "model": 2,
        "sequence": 5,
        "status": 1,
        "fuel": 7396,
        "fault": 0.9041,
        "weapon": 1,
        "pilot_injury": 0.569,
        "pilot_skill": 0.2733,
        "mission_priority": 0.6158,
        "estimated_landing_time": 476.0,
        "wait_time": 0,
        "Landing_success_rate": 0.8636
    },
    {
        "model": 1,
        "sequence": 1,
        "status": 1,
        "fuel": 6429,
        "fault": 0.75,
        "weapon": 1,
        "pilot_injury": 0.2275,
        "pilot_skill": 0.8904,
        "mission_priority": 0.8616,
        "estimated_landing_time": 100.0,
        "wait_time": 0,
        "Landing_success_rate": 0.8674
    },
    {
        "model": 0,
        "sequence": 11,
        "status": 1,
        "fuel": 5802,
        "fault": 0.7714,
        "weapon": 1,
        "pilot_injury": 0.7015,
        "pilot_skill": 0.0904,
        "mission_priority": 0.0809,
        "estimated_landing_time": 1040.0,
        "wait_time": 0,
        "Landing_success_rate": 0.8552
    },
    {
        "model": 0,
        "sequence": 8,
        "status": 1,
        "fuel": 6642,
        "fault": 0.9705,
        "weapon": 1,
        "pilot_injury": 0.149,
        "pilot_skill": 0.2776,
        "mission_priority": 0.6469,
        "estimated_landing_time": 758.0,
        "wait_time": 0,
        "Landing_success_rate": 0.8525
    },
    {
        "model": 1,
        "sequence": 10,
        "status": 1,
        "fuel": 6383,
        "fault": 0.964,
        "weapon": 1,
        "pilot_injury": 0.9299,
        "pilot_skill": 0.6636,
        "mission_priority": 0.3056,
        "estimated_landing_time": 946.0,
        "wait_time": 0,
        "Landing_success_rate": 0.8524
    },
    {
        "model": 1,
        "sequence": 2,
        "status": 1,
        "fuel": 5845,
        "fault": 0.6481,
        "weapon": 0,
        "pilot_injury": 0.2229,
        "pilot_skill": 0.9602,
        "mission_priority": 0.687,
        "estimated_landing_time": 194.0,
        "wait_time": 0,
        "Landing_success_rate": 0.8591
    },
    {
        "model": 0,
        "sequence": 3,
        "status": 1,
        "fuel": 7250,
        "fault": 0.8159,
        "weapon": 0,
        "pilot_injury": 0.483,
        "pilot_skill": 0.6696,
        "mission_priority": 0.8121,
        "estimated_landing_time": 288.0,
        "wait_time": 0,
        "Landing_success_rate": 0.8742
    },
    {
        "model": 0,
        "sequence": 12,
        "status": 1,
        "fuel": 5850,
        "fault": 0.1872,
        "weapon": 0,
        "pilot_injury": 0.4704,
        "pilot_skill": 0.1306,
        "mission_priority": 0.7148,
        "estimated_landing_time": 1134.0,
        "wait_time": 0,
        "Landing_success_rate": 0.8713
    },
    {
        "model": 0,
        "sequence": 7,
        "status": 1,
        "fuel": 6083,
        "fault": 0.668,
        "weapon": 0,
        "pilot_injury": 0.6288,
        "pilot_skill": 0.8001,
        "mission_priority": 0.2683,
        "estimated_landing_time": 664.0,
        "wait_time": 0,
        "Landing_success_rate": 0.8645
    },
    {
        "model": 1,
        "sequence": 6,
        "status": 1,
        "fuel": 6082,
        "fault": 0.9046,
        "weapon": 1,
        "pilot_injury": 0.7552,
        "pilot_skill": 0.6553,
        "mission_priority": 0.254,
        "estimated_landing_time": 570.0,
        "wait_time": 0,
        "Landing_success_rate": 0.8542
    }
]