[
    {
        "model": 2,
        "sequence": 12,
        "status": 1,
        "fuel": 5886,
        "fault": 0.2342,
        "weapon": 1,
        "pilot_injury": 0.0363,
        "pilot_skill": 0.9528,
        "mission_priority": 0.5711,
        "estimated_landing_time": 1134.0,
        "wait_time": 0,
        "Landing_success_rate": 0.8722
    },
    {
        "model": 0,
        "sequence": 1,
        "status": 1,
        "fuel": 5775,
        "fault": 0.9972,
        "weapon": 1,
        "pilot_injury": 0.7148,
        "pilot_skill": 0.3665,
        "mission_priority": 0.2278,
        "estimated_landing_time": 100.0,
        "wait_time": 0,
        "Landing_success_rate": 0.8501
    },
    {
        "model": 1,
        "sequence": 7,
        "status": 1,
        "fuel": 6294,
        "fault": 0.6151,
        "weapon": 0,
        "pilot_injury": 0.1806,
        "pilot_skill": 0.0696,
        "mission_priority": 0.427,
        "estimated_landing_time": 664.0,
        "wait_time": 0,
        "Landing_success_rate": 0.8729
    },
    {
        "model": 1,
        "sequence": 2,
        "status": 1,
        "fuel": 6149,
        "fault": 0.5891,
        "weapon": 1,
        "pilot_injury": 0.6273,
        "pilot_skill": 0.1527,
        "mission_priority": 0.1725,
        "estimated_landing_time": 194.0,
        "wait_time": 0,
        "Landing_success_rate": 0.87
    },
    {
        "model": 2,
        "sequence": 4,
        "status": 1,
        "fuel": 7393,
        "fault": 0.9719,
        "weapon": 0,
        "pilot_injury": 0.7743,
        "pilot_skill": 0.5458,
        "mission_priority": 0.4333,
        "estimated_landing_time": 382.0,
        "wait_time": 0,
        "Landing_success_rate": 0.854
    },
    {
        "model": 0,
        "sequence": 8,
        "status": 1,
        "fuel": 7462,
        "fault": 0.0042,
        "weapon": 1,
        "pilot_injury": 0.4006,
        "pilot_skill": 0.6658,
        "mission_priority": 0.8095,
        "estimated_landing_time": 758.0,
        "wait_time": 0,
        "Landing_success_rate": 0.9965
    },
    {
        "model": 2,
        "sequence": 9,
        "status": 1,
        "fuel": 5550,
        "fault": 0.3126,
        "weapon": 1,
        "pilot_injury": 0.3729,
        "pilot_skill": 0.4795,
        "mission_priority": 0.197,
        "estimated_landing_time": 852.0,
        "wait_time": 0,
        "Landing_success_rate": 0.8526
    },
    {
        "model": 0,
        "sequence": 3,
        "status": 1,
        "fuel": 6081,
        "fault": 0.4615,
        "weapon": 1,
        "pilot_injury": 0.0013,
        "pilot_skill": 0.9338,
        "mission_priority": 0.306,
        "estimated_landing_time": 288.0,
        "wait_time": 0,
        "Landing_success_rate": 0.8735
    },
    {
        "model": 0,
        "sequence": 6,
        "status": 1,
        "fuel": 6068,
        "fault": 0.9918,
        "weapon": 0,
        "pilot_injury": 0.3304,
        "pilot_skill": 0.4745,
        "mission_priority": 0.0694,
        "estimated_landing_time": 570.0,
        "wait_time": 0,
        "Landing_success_rate": 0.8503
    },
    {
        "model": 1,
        "sequence": 11,
        "status": 1,
        "fuel": 6764,
        "fault": 0.3525,
        "weapon": 0,
        "pilot_injury": 0.2958,
        "pilot_skill": 0.1176,
        "mission_priority": 0.4048,
        "estimated_landing_time": 1040.0,
        "wait_time": 0,
        "Landing_success_rate": 0.9114
    },
    {
        "model": 1,
        "sequence": 5,
        "status": 1,
        "fuel": 6089,
        "fault": 0.533,
        "weapon": 1,
        "pilot_injury": 0.8857,
        "pilot_skill": 0.886,
        "mission_priority": 0.2092,
        "estimated_landing_time": 476.0,
        "wait_time": 0,
        "Landing_success_rate": 0.8706
    },
    {
        "model": 0,
        "sequence": 10,
        "status": 1,
        "fuel": 7181,
        "fault": 0.4185,
        "weapon": 1,
        "pilot_injury": 0.6308,
        "pilot_skill": 0.9575,
        "mission_priority": 0.3773,
        "estimated_landing_time": 946.0,
        "wait_time": 0,
        "Landing_success_rate": 0.9233
    }
]