[
    {
        "model": 1,
        "sequence": 2,
        "status": 1,
        "fuel": 6619,
        "fault": 0.3505,
        "weapon": 0,
        "pilot_injury": 0.407,
        "pilot_skill": 0.9063,
        "mission_priority": 0.7569,
        "estimated_landing_time": 194.0,
        "wait_time": 0,
        "Landing_success_rate": 0.9045
    },
    {
        "model": 2,
        "sequence": 10,
        "status": 1,
        "fuel": 6776,
        "fault": 0.4355,
        "weapon": 0,
        "pilot_injury": 0.4485,
        "pilot_skill": 0.5311,
        "mission_priority": 0.9005,
        "estimated_landing_time": 946.0,
        "wait_time": 0,
        "Landing_success_rate": 0.904
    },
    {
        "model": 2,
        "sequence": 3,
        "status": 1,
        "fuel": 5625,
        "fault": 0.5777,
        "weapon": 0,
        "pilot_injury": 0.4356,
        "pilot_skill": 0.5163,
        "mission_priority": 0.0967,
        "estimated_landing_time": 288.0,
        "wait_time": 0,
        "Landing_success_rate": 0.854
    },
    {
        "model": 0,
        "sequence": 1,
        "status": 1,
        "fuel": 6275,
        "fault": 0.3094,
        "weapon": 0,
        "pilot_injury": 0.4049,
        "pilot_skill": 0.8046,
        "mission_priority": 0.4676,
        "estimated_landing_time": 100.0,
        "wait_time": 0,
        "Landing_success_rate": 0.8901
    },
    {
        "model": 2,
        "sequence": 8,
        "status": 1,
        "fuel": 6585,
        "fault": 0.9974,
        "weapon": 1,
        "pilot_injury": 0.9576,
        "pilot_skill": 0.2095,
        "mission_priority": 0.0383,
        "estimated_landing_time": 758.0,
        "wait_time": 0,
        "Landing_success_rate": 0.8502
    },
    {
        "model": 0,
        "sequence": 7,
        "status": 1,
        "fuel": 5655,
        "fault": 0.4471,
        "weapon": 1,
        "pilot_injury": 0.232,
        "pilot_skill": 0.9847,
        "mission_priority": 0.5023,
        "estimated_landing_time": 664.0,
        "wait_time": 0,
        "Landing_success_rate": 0.8564
    },
    {
        "model": 0,
        "sequence": 6,
        "status": 1,
        "fuel": 7112,
        "fault": 0.5555,
        "weapon": 1,
        "pilot_injury": 0.4719,
        "pilot_skill": 0.4491,
        "mission_priority": 0.3349,
        "estimated_landing_time": 570.0,
        "wait_time": 0,
        "Landing_success_rate": 0.9037
    },
    {
        "model": 1,
        "sequence": 5,
        "status": 1,
        "fuel": 5839,
        "fault": 0.3812,
        "weapon": 1,
        "pilot_injury": 0.0367,
        "pilot_skill": 0.2604,
        "mission_priority": 0.2131,
        "estimated_landing_time": 476.0,
        "wait_time": 0,
        "Landing_success_rate": 0.8657
    },
    {
        "model": 0,
        "sequence": 11,
        "status": 1,
        "fuel": 6137,
        "fault": 0.7298,
        "weapon": 0,
        "pilot_injury": 0.7637,
        "pilot_skill": 0.9568,
        "mission_priority": 0.644,
        "estimated_landing_time": 1040.0,
        "wait_time": 0,
        "Landing_success_rate": 0.8629
    },
    {
        "model": 1,
        "sequence": 9,
        "status": 1,
        "fuel": 6546,
        "fault": 0.5564,
        "weapon": 1,
        "pilot_injury": 0.1863,
        "pilot_skill": 0.4033,
        "mission_priority": 0.4708,
        "estimated_landing_time": 852.0,
        "wait_time": 0,
        "Landing_success_rate": 0.8848
    },
    {
        "model": 0,
        "sequence": 12,
        "status": 1,
        "fuel": 6043,
        "fault": 0.0202,
        "weapon": 0,
        "pilot_injury": 0.2922,
        "pilot_skill": 0.7426,
        "mission_priority": 0.5058,
        "estimated_landing_time": 1134.0,
        "wait_time": 0,
        "Landing_success_rate": 0.8899
    },
    {
        "model": 1,
        "sequence": 4,
        "status": 1,
        "fuel": 6175,
        "fault": 0.3311,
        "weapon": 0,
        "pilot_injury": 0.9114,
        "pilot_skill": 0.8426,
        "mission_priority": 0.5868,
        "estimated_landing_time": 382.0,
        "wait_time": 0,
        "Landing_success_rate": 0.8839
    }
]