[
    {
        "model": 2,
        "sequence": 4,
        "status": 1,
        "fuel": 6420,
        "fault": 0.4282,
        "weapon": 0,
        "pilot_injury": 0.1204,
        "pilot_skill": 0.1191,
        "mission_priority": 0.9349,
        "estimated_landing_time": 382.0,
        "wait_time": 0,
        "Landing_success_rate": 0.8895
    },
    {
        "model": 2,
        "sequence": 7,
        "status": 1,
        "fuel": 6792,
        "fault": 0.6098,
        "weapon": 0,
        "pilot_injury": 0.0356,
        "pilot_skill": 0.2756,
        "mission_priority": 0.6935,
        "estimated_landing_time": 664.0,
        "wait_time": 0,
        "Landing_success_rate": 0.8878
    },
    {
        "model": 1,
        "sequence": 1,
        "status": 1,
        "fuel": 6701,
        "fault": 0.8087,
        "weapon": 1,
        "pilot_injury": 0.9173,
        "pilot_skill": 0.1147,
        "mission_priority": 0.0712,
        "estimated_landing_time": 100.0,
        "wait_time": 0,
        "Landing_success_rate": 0.8672
    },
    {
        "model": 0,
        "sequence": 9,
        "status": 1,
        "fuel": 6046,
        "fault": 0.5607,
        "weapon": 0,
        "pilot_injury": 0.2637,
        "pilot_skill": 0.3242,
        "mission_priority": 0.3103,
        "estimated_landing_time": 852.0,
        "wait_time": 0,
        "Landing_success_rate": 0.868
    },
    {
        "model": 2,
        "sequence": 5,
        "status": 1,
        "fuel": 6573,
        "fault": 0.0489,
        "weapon": 0,
        "pilot_injury": 0.4894,
        "pilot_skill": 0.1339,
        "mission_priority": 0.8197,
        "estimated_landing_time": 476.0,
        "wait_time": 0,
        "Landing_success_rate": 0.9265
    },
    {
        "model": 1,
        "sequence": 2,
        "status": 1,
        "fuel": 5880,
        "fault": 0.5721,
        "weapon": 0,
        "pilot_injury": 0.0293,
        "pilot_skill": 0.0583,
        "mission_priority": 0.6751,
        "estimated_landing_time": 194.0,
        "wait_time": 0,
        "Landing_success_rate": 0.8622
    },
    {
        "model": 2,
        "sequence": 12,
        "status": 1,
        "fuel": 6291,
        "fault": 0.4662,
        "weapon": 1,
        "pilot_injury": 0.737,
        "pilot_skill": 0.1046,
        "mission_priority": 0.6935,
        "estimated_landing_time": 1134.0,
        "wait_time": 0,
        "Landing_success_rate": 0.8817
    },
    {
        "model": 1,
        "sequence": 11,
        "status": 1,
        "fuel": 6117,
        "fault": 0.618,
        "weapon": 1,
        "pilot_injury": 0.7572,
        "pilot_skill": 0.8894,
        "mission_priority": 0.7167,
        "estimated_landing_time": 1040.0,
        "wait_time": 0,
        "Landing_success_rate": 0.8677
    },
    {
        "model": 0,
        "sequence": 8,
        "status": 1,
        "fuel": 6412,
        "fault": 0.9911,
        "weapon": 0,
        "pilot_injury": 0.2636,
        "pilot_skill": 0.761,
        "mission_priority": 0.5315,
        "estimated_landing_time": 758.0,
        "wait_time": 0,
        "Landing_success_rate": 0.8506
    },
    {
        "model": 1,
        "sequence": 6,
        "status": 1,
        "fuel": 5693,
        "fault": 0.6502,
        "weapon": 1,
        "pilot_injury": 0.8849,
        "pilot_skill": 0.7552,
        "mission_priority": 0.3232,
        "estimated_landing_time": 570.0,
        "wait_time": 0,
        "Landing_success_rate": 0.8551
    },
    {
        "model": 1,
        "sequence": 3,
        "status": 1,
        "fuel": 6903,
        "fault": 0.1153,
        "weapon": 0,
        "pilot_injury": 0.9612,
        "pilot_skill": 0.2457,
        "mission_priority": 0.0091,
        "estimated_landing_time": 288.0,
        "wait_time": 0,
        "Landing_success_rate": 0.9431
    },
    {
        "model": 2,
        "sequence": 10,
        "status": 1,
        "fuel": 6311,
        "fault": 0.0496,
        "weapon": 1,
        "pilot_injury": 0.5391,
        "pilot_skill": 0.7968,
        "mission_priority": 0.8424,
        "estimated_landing_time": 946.0,
        "wait_time": 0,
        "Landing_success_rate": 0.9078
    }
]