[
    {
        "model": 1,
        "sequence": 6,
        "status": 1,
        "fuel": 7182,
        "fault": 0.7238,
        "weapon": 0,
        "pilot_injury": 0.4939,
        "pilot_skill": 0.1526,
        "mission_priority": 0.1701,
        "estimated_landing_time": 570.0,
        "wait_time": 0,
        "Landing_success_rate": 0.8848
    },
    {
        "model": 2,
        "sequence": 10,
        "status": 1,
        "fuel": 6811,
        "fault": 0.8514,
        "weapon": 1,
        "pilot_injury": 0.0898,
        "pilot_skill": 0.394,
        "mission_priority": 0.5978,
        "estimated_landing_time": 946.0,
        "wait_time": 0,
        "Landing_success_rate": 0.8646
    },
    {
        "model": 0,
        "sequence": 12,
        "status": 1,
        "fuel": 6238,
        "fault": 0.0183,
        "weapon": 1,
        "pilot_injury": 0.7415,
        "pilot_skill": 0.6966,
        "mission_priority": 0.9367,
        "estimated_landing_time": 1134.0,
        "wait_time": 0,
        "Landing_success_rate": 0.9043
    },
    {
        "model": 1,
        "sequence": 4,
        "status": 1,
        "fuel": 5848,
        "fault": 0.7257,
        "weapon": 0,
        "pilot_injury": 0.6097,
        "pilot_skill": 0.5949,
        "mission_priority": 0.5101,
        "estimated_landing_time": 382.0,
        "wait_time": 0,
        "Landing_success_rate": 0.8572
    },
    {
        "model": 2,
        "sequence": 2,
        "status": 1,
        "fuel": 6138,
        "fault": 0.4719,
        "weapon": 0,
        "pilot_injury": 0.9328,
        "pilot_skill": 0.3346,
        "mission_priority": 0.9676,
        "estimated_landing_time": 194.0,
        "wait_time": 0,
        "Landing_success_rate": 0.8753
    },
    {
        "model": 2,
        "sequence": 8,
        "status": 1,
        "fuel": 7488,
        "fault": 0.9307,
        "weapon": 1,
        "pilot_injury": 0.3984,
        "pilot_skill": 0.4946,
        "mission_priority": 0.6295,
        "estimated_landing_time": 758.0,
        "wait_time": 0,
        "Landing_success_rate": 0.8603
    },
    {
        "model": 2,
        "sequence": 3,
        "status": 1,
        "fuel": 6009,
        "fault": 0.8235,
        "weapon": 0,
        "pilot_injury": 0.0241,
        "pilot_skill": 0.2536,
        "mission_priority": 0.3107,
        "estimated_landing_time": 288.0,
        "wait_time": 0,
        "Landing_success_rate": 0.8567
    },
    {
        "model": 2,
        "sequence": 1,
        "status": 1,
        "fuel": 6914,
        "fault": 0.8893,
        "weapon": 1,
        "pilot_injury": 0.8966,
        "pilot_skill": 0.3047,
        "mission_priority": 0.0961,
        "estimated_landing_time": 100.0,
        "wait_time": 0,
        "Landing_success_rate": 0.8617
    },
    {
        "model": 1,
        "sequence": 9,
        "status": 1,
        "fuel": 6166,
        "fault": 0.7152,
        "weapon": 0,
        "pilot_injury": 0.9782,
        "pilot_skill": 0.6743,
        "mission_priority": 0.9317,
        "estimated_landing_time": 852.0,
        "wait_time": 0,
        "Landing_success_rate": 0.8642
    },
    {
        "model": 0,
        "sequence": 11,
        "status": 1,
        "fuel": 6480,
        "fault": 0.7716,
        "weapon": 1,
        "pilot_injury": 0.6754,
        "pilot_skill": 0.6248,
        "mission_priority": 0.6663,
        "estimated_landing_time": 1040.0,
        "wait_time": 0,
        "Landing_success_rate": 0.8668
    },
    {
        "model": 2,
        "sequence": 7,
        "status": 1,
        "fuel": 6755,
        "fault": 0.7005,
        "weapon": 0,
        "pilot_injury": 0.5926,
        "pilot_skill": 0.0359,
        "mission_priority": 0.4828,
        "estimated_landing_time": 664.0,
        "wait_time": 0,
        "Landing_success_rate": 0.8782
    },
    {
        "model": 2,
        "sequence": 5,
        "status": 1,
        "fuel": 5602,
        "fault": 0.7011,
        "weapon": 0,
        "pilot_injury": 0.5523,
        "pilot_skill": 0.2019,
        "mission_priority": 0.7943,
        "estimated_landing_time": 476.0,
        "wait_time": 0,
        "Landing_success_rate": 0.8523
    }
]