[
    {
        "model": 2,
        "sequence": 1,
        "status": 1,
        "fuel": 7084,
        "fault": 0.5001,
        "weapon": 1,
        "pilot_injury": 0.9537,
        "pilot_skill": 0.0686,
        "mission_priority": 0.6409,
        "estimated_landing_time": 100.0,
        "wait_time": 0,
        "Landing_success_rate": 0.9094
    },
    {
        "model": 1,
        "sequence": 11,
        "status": 1,
        "fuel": 5888,
        "fault": 0.3879,
        "weapon": 1,
        "pilot_injury": 0.755,
        "pilot_skill": 0.9269,
        "mission_priority": 0.744,
        "estimated_landing_time": 1040.0,
        "wait_time": 0,
        "Landing_success_rate": 0.8678
    },
    {
        "model": 2,
        "sequence": 8,
        "status": 1,
        "fuel": 6231,
        "fault": 0.0255,
        "weapon": 0,
        "pilot_injury": 0.9116,
        "pilot_skill": 0.4491,
        "mission_priority": 0.6817,
        "estimated_landing_time": 758.0,
        "wait_time": 0,
        "Landing_success_rate": 0.9034
    },
    {
        "model": 0,
        "sequence": 2,
        "status": 1,
        "fuel": 5758,
        "fault": 0.7573,
        "weapon": 1,
        "pilot_injury": 0.0586,
        "pilot_skill": 0.9523,
        "mission_priority": 0.6125,
        "estimated_landing_time": 194.0,
        "wait_time": 0,
        "Landing_success_rate": 0.8547
    },
    {
        "model": 1,
        "sequence": 12,
        "status": 1,
        "fuel": 6815,
        "fault": 0.7718,
        "weapon": 1,
        "pilot_injury": 0.5227,
        "pilot_skill": 0.7719,
        "mission_priority": 0.1268,
        "estimated_landing_time": 1134.0,
        "wait_time": 0,
        "Landing_success_rate": 0.8725
    },
    {
        "model": 2,
        "sequence": 4,
        "status": 1,
        "fuel": 5540,
        "fault": 0.6597,
        "weapon": 1,
        "pilot_injury": 0.7383,
        "pilot_skill": 0.0314,
        "mission_priority": 0.3153,
        "estimated_landing_time": 382.0,
        "wait_time": 0,
        "Landing_success_rate": 0.851
    },
    {
        "model": 2,
        "sequence": 6,
        "status": 1,
        "fuel": 6878,
        "fault": 0.8842,
        "weapon": 0,
        "pilot_injury": 0.1853,
        "pilot_skill": 0.7071,
        "mission_priority": 0.0428,
        "estimated_landing_time": 570.0,
        "wait_time": 0,
        "Landing_success_rate": 0.862
    },
    {
        "model": 1,
        "sequence": 7,
        "status": 1,
        "fuel": 6668,
        "fault": 0.8436,
        "weapon": 0,
        "pilot_injury": 0.7945,
        "pilot_skill": 0.79,
        "mission_priority": 0.9526,
        "estimated_landing_time": 664.0,
        "wait_time": 0,
        "Landing_success_rate": 0.8637
    },
    {
        "model": 0,
        "sequence": 10,
        "status": 1,
        "fuel": 7142,
        "fault": 0.3122,
        "weapon": 0,
        "pilot_injury": 0.8299,
        "pilot_skill": 0.4512,
        "mission_priority": 0.8659,
        "estimated_landing_time": 946.0,
        "wait_time": 0,
        "Landing_success_rate": 0.9347
    },
    {
        "model": 1,
        "sequence": 9,
        "status": 1,
        "fuel": 7215,
        "fault": 0.8221,
        "weapon": 0,
        "pilot_injury": 0.1596,
        "pilot_skill": 0.3338,
        "mission_priority": 0.0288,
        "estimated_landing_time": 852.0,
        "wait_time": 0,
        "Landing_success_rate": 0.8729
    },
    {
        "model": 0,
        "sequence": 5,
        "status": 1,
        "fuel": 6742,
        "fault": 0.8863,
        "weapon": 1,
        "pilot_injury": 0.8183,
        "pilot_skill": 0.7737,
        "mission_priority": 0.2353,
        "estimated_landing_time": 476.0,
        "wait_time": 0,
        "Landing_success_rate": 0.8606
    },
    {
        "model": 0,
        "sequence": 3,
        "status": 1,
        "fuel": 7389,
        "fault": 0.4334,
        "weapon": 1,
        "pilot_injury": 0.8833,
        "pilot_skill": 0.0914,
        "mission_priority": 0.5429,
        "estimated_landing_time": 288.0,
        "wait_time": 0,
        "Landing_success_rate": 0.9303
    }
]