[
    {
        "model": 2,
        "sequence": 12,
        "status": 1,
        "fuel": 5510,
        "fault": 0.1053,
        "weapon": 1,
        "pilot_injury": 0.1247,
        "pilot_skill": 0.9479,
        "mission_priority": 0.8194,
        "estimated_landing_time": 1134.0,
        "wait_time": 0,
        "Landing_success_rate": 0.8507
    },
    {
        "model": 2,
        "sequence": 10,
        "status": 1,
        "fuel": 6971,
        "fault": 0.7864,
        "weapon": 0,
        "pilot_injury": 0.9894,
        "pilot_skill": 0.6106,
        "mission_priority": 0.6129,
        "estimated_landing_time": 946.0,
        "wait_time": 0,
        "Landing_success_rate": 0.8736
    },
    {
        "model": 0,
        "sequence": 11,
        "status": 1,
        "fuel": 5795,
        "fault": 0.7956,
        "weapon": 1,
        "pilot_injury": 0.1671,
        "pilot_skill": 0.7596,
        "mission_priority": 0.3449,
        "estimated_landing_time": 1040.0,
        "wait_time": 0,
        "Landing_success_rate": 0.8545
    },
    {
        "model": 0,
        "sequence": 9,
        "status": 1,
        "fuel": 5631,
        "fault": 0.3435,
        "weapon": 1,
        "pilot_injury": 0.3586,
        "pilot_skill": 0.9652,
        "mission_priority": 0.698,
        "estimated_landing_time": 852.0,
        "wait_time": 0,
        "Landing_success_rate": 0.8565
    },
    {
        "model": 2,
        "sequence": 4,
        "status": 1,
        "fuel": 6290,
        "fault": 0.8158,
        "weapon": 0,
        "pilot_injury": 0.9031,
        "pilot_skill": 0.512,
        "mission_priority": 0.9057,
        "estimated_landing_time": 382.0,
        "wait_time": 0,
        "Landing_success_rate": 0.8609
    },
    {
        "model": 0,
        "sequence": 1,
        "status": 1,
        "fuel": 6162,
        "fault": 0.625,
        "weapon": 1,
        "pilot_injury": 0.2327,
        "pilot_skill": 0.6623,
        "mission_priority": 0.5011,
        "estimated_landing_time": 100.0,
        "wait_time": 0,
        "Landing_success_rate": 0.8686
    },
    {
        "model": 0,
        "sequence": 6,
        "status": 1,
        "fuel": 5660,
        "fault": 0.5487,
        "weapon": 0,
        "pilot_injury": 0.0223,
        "pilot_skill": 0.054,
        "mission_priority": 0.5327,
        "estimated_landing_time": 570.0,
        "wait_time": 0,
        "Landing_success_rate": 0.8554
    },
    {
        "model": 2,
        "sequence": 2,
        "status": 1,
        "fuel": 6371,
        "fault": 0.7924,
        "weapon": 1,
        "pilot_injury": 0.5522,
        "pilot_skill": 0.5858,
        "mission_priority": 0.3025,
        "estimated_landing_time": 194.0,
        "wait_time": 0,
        "Landing_success_rate": 0.8636
    },
    {
        "model": 1,
        "sequence": 5,
        "status": 1,
        "fuel": 5663,
        "fault": 0.6882,
        "weapon": 1,
        "pilot_injury": 0.9981,
        "pilot_skill": 0.8384,
        "mission_priority": 0.5575,
        "estimated_landing_time": 476.0,
        "wait_time": 0,
        "Landing_success_rate": 0.8538
    },
    {
        "model": 1,
        "sequence": 7,
        "status": 1,
        "fuel": 6021,
        "fault": 0.3233,
        "weapon": 1,
        "pilot_injury": 0.9377,
        "pilot_skill": 0.2119,
        "mission_priority": 0.256,
        "estimated_landing_time": 664.0,
        "wait_time": 0,
        "Landing_success_rate": 0.8764
    },
    {
        "model": 2,
        "sequence": 3,
        "status": 1,
        "fuel": 6683,
        "fault": 0.1493,
        "weapon": 0,
        "pilot_injury": 0.4066,
        "pilot_skill": 0.0627,
        "mission_priority": 0.8749,
        "estimated_landing_time": 288.0,
        "wait_time": 0,
        "Landing_success_rate": 0.9255
    },
    {
        "model": 0,
        "sequence": 8,
        "status": 1,
        "fuel": 7038,
        "fault": 0.0186,
        "weapon": 1,
        "pilot_injury": 0.344,
        "pilot_skill": 0.2903,
        "mission_priority": 0.4555,
        "estimated_landing_time": 758.0,
        "wait_time": 0,
        "Landing_success_rate": 0.9632
    }
]