[
    {
        "model": 1,
        "sequence": 12,
        "status": 1,
        "fuel": 5521,
        "fault": 0.6698,
        "weapon": 1,
        "pilot_injury": 0.6056,
        "pilot_skill": 0.2427,
        "mission_priority": 0.5257,
        "estimated_landing_time": 1134.0,
        "wait_time": 0,
        "Landing_success_rate": 0.8505
    },
    {
        "model": 1,
        "sequence": 11,
        "status": 1,
        "fuel": 7278,
        "fault": 0.1214,
        "weapon": 0,
        "pilot_injury": 0.387,
        "pilot_skill": 0.8337,
        "mission_priority": 0.3816,
        "estimated_landing_time": 1040.0,
        "wait_time": 0,
        "Landing_success_rate": 0.9672
    },
    {
        "model": 1,
        "sequence": 2,
        "status": 1,
        "fuel": 6682,
        "fault": 0.6985,
        "weapon": 0,
        "pilot_injury": 0.4401,
        "pilot_skill": 0.6155,
        "mission_priority": 0.0703,
        "estimated_landing_time": 194.0,
        "wait_time": 0,
        "Landing_success_rate": 0.8767
    },
    {
        "model": 2,
        "sequence": 1,
        "status": 1,
        "fuel": 6190,
        "fault": 0.5104,
        "weapon": 0,
        "pilot_injury": 0.5078,
        "pilot_skill": 0.8394,
        "mission_priority": 0.8658,
        "estimated_landing_time": 100.0,
        "wait_time": 0,
        "Landing_success_rate": 0.8753
    },
    {
        "model": 0,
        "sequence": 8,
        "status": 1,
        "fuel": 6404,
        "fault": 0.9202,
        "weapon": 0,
        "pilot_injury": 0.0647,
        "pilot_skill": 0.1132,
        "mission_priority": 0.5968,
        "estimated_landing_time": 758.0,
        "wait_time": 0,
        "Landing_success_rate": 0.8554
    },
    {
        "model": 1,
        "sequence": 9,
        "status": 1,
        "fuel": 7412,
        "fault": 0.5323,
        "weapon": 0,
        "pilot_injury": 0.3281,
        "pilot_skill": 0.4047,
        "mission_priority": 0.8226,
        "estimated_landing_time": 852.0,
        "wait_time": 0,
        "Landing_success_rate": 0.9171
    },
    {
        "model": 1,
        "sequence": 5,
        "status": 1,
        "fuel": 7162,
        "fault": 0.1665,
        "weapon": 1,
        "pilot_injury": 0.7869,
        "pilot_skill": 0.2737,
        "mission_priority": 0.2643,
        "estimated_landing_time": 476.0,
        "wait_time": 0,
        "Landing_success_rate": 0.9539
    },
    {
        "model": 2,
        "sequence": 6,
        "status": 1,
        "fuel": 6990,
        "fault": 0.6542,
        "weapon": 0,
        "pilot_injury": 0.0273,
        "pilot_skill": 0.2302,
        "mission_priority": 0.9049,
        "estimated_landing_time": 570.0,
        "wait_time": 0,
        "Landing_success_rate": 0.8886
    },
    {
        "model": 0,
        "sequence": 4,
        "status": 1,
        "fuel": 5676,
        "fault": 0.8064,
        "weapon": 0,
        "pilot_injury": 0.2191,
        "pilot_skill": 0.8626,
        "mission_priority": 0.8938,
        "estimated_landing_time": 382.0,
        "wait_time": 0,
        "Landing_success_rate": 0.8526
    },
    {
        "model": 0,
        "sequence": 3,
        "status": 1,
        "fuel": 7204,
        "fault": 0.0991,
        "weapon": 1,
        "pilot_injury": 0.8346,
        "pilot_skill": 0.771,
        "mission_priority": 0.8139,
        "estimated_landing_time": 288.0,
        "wait_time": 0,
        "Landing_success_rate": 0.9651
    },
    {
        "model": 2,
        "sequence": 10,
        "status": 1,
        "fuel": 7155,
        "fault": 0.3669,
        "weapon": 1,
        "pilot_injury": 0.326,
        "pilot_skill": 0.1567,
        "mission_priority": 0.7087,
        "estimated_landing_time": 946.0,
        "wait_time": 0,
        "Landing_success_rate": 0.9286
    },
    {
        "model": 0,
        "sequence": 7,
        "status": 1,
        "fuel": 5907,
        "fault": 0.3032,
        "weapon": 1,
        "pilot_injury": 0.0812,
        "pilot_skill": 0.8437,
        "mission_priority": 0.2933,
        "estimated_landing_time": 664.0,
        "wait_time": 0,
        "Landing_success_rate": 0.8713
    }
]