[
    {
        "model": 2,
        "sequence": 6,
        "status": 1,
        "fuel": 6563,
        "fault": 0.8197,
        "weapon": 1,
        "pilot_injury": 0.4796,
        "pilot_skill": 0.2886,
        "mission_priority": 0.5104,
        "estimated_landing_time": 570.0,
        "wait_time": 0,
        "Landing_success_rate": 0.8644
    },
    {
        "model": 1,
        "sequence": 2,
        "status": 1,
        "fuel": 6876,
        "fault": 0.2337,
        "weapon": 1,
        "pilot_injury": 0.1157,
        "pilot_skill": 0.731,
        "mission_priority": 0.1777,
        "estimated_landing_time": 194.0,
        "wait_time": 0,
        "Landing_success_rate": 0.9291
    },
    {
        "model": 1,
        "sequence": 9,
        "status": 1,
        "fuel": 6436,
        "fault": 0.7406,
        "weapon": 1,
        "pilot_injury": 0.3438,
        "pilot_skill": 0.4262,
        "mission_priority": 0.2592,
        "estimated_landing_time": 852.0,
        "wait_time": 0,
        "Landing_success_rate": 0.8682
    },
    {
        "model": 0,
        "sequence": 3,
        "status": 1,
        "fuel": 7224,
        "fault": 0.5173,
        "weapon": 0,
        "pilot_injury": 0.7552,
        "pilot_skill": 0.0184,
        "mission_priority": 0.1356,
        "estimated_landing_time": 288.0,
        "wait_time": 0,
        "Landing_success_rate": 0.9124
    },
    {
        "model": 0,
        "sequence": 8,
        "status": 1,
        "fuel": 6819,
        "fault": 0.9821,
        "weapon": 0,
        "pilot_injury": 0.6011,
        "pilot_skill": 0.0508,
        "mission_priority": 0.8598,
        "estimated_landing_time": 758.0,
        "wait_time": 0,
        "Landing_success_rate": 0.8518
    },
    {
        "model": 1,
        "sequence": 7,
        "status": 1,
        "fuel": 6715,
        "fault": 0.9013,
        "weapon": 1,
        "pilot_injury": 0.4838,
        "pilot_skill": 0.4518,
        "mission_priority": 0.7249,
        "estimated_landing_time": 664.0,
        "wait_time": 0,
        "Landing_success_rate": 0.859
    },
    {
        "model": 1,
        "sequence": 5,
        "status": 1,
        "fuel": 5901,
        "fault": 0.3935,
        "weapon": 1,
        "pilot_injury": 0.2737,
        "pilot_skill": 0.4662,
        "mission_priority": 0.9745,
        "estimated_landing_time": 476.0,
        "wait_time": 0,
        "Landing_success_rate": 0.8682
    },
    {
        "model": 0,
        "sequence": 11,
        "status": 1,
        "fuel": 6851,
        "fault": 0.2861,
        "weapon": 1,
        "pilot_injury": 0.7233,
        "pilot_skill": 0.9368,
        "mission_priority": 0.0088,
        "estimated_landing_time": 1040.0,
        "wait_time": 0,
        "Landing_success_rate": 0.9223
    },
    {
        "model": 0,
        "sequence": 10,
        "status": 1,
        "fuel": 6866,
        "fault": 0.3315,
        "weapon": 0,
        "pilot_injury": 0.6802,
        "pilot_skill": 0.6056,
        "mission_priority": 0.9847,
        "estimated_landing_time": 946.0,
        "wait_time": 0,
        "Landing_success_rate": 0.9185
    },
    {
        "model": 2,
        "sequence": 1,
        "status": 1,
        "fuel": 7140,
        "fault": 0.6447,
        "weapon": 1,
        "pilot_injury": 0.2346,
        "pilot_skill": 0.4356,
        "mission_priority": 0.9754,
        "estimated_landing_time": 100.0,
        "wait_time": 0,
        "Landing_success_rate": 0.8937
    },
    {
        "model": 1,
        "sequence": 4,
        "status": 1,
        "fuel": 6030,
        "fault": 0.9894,
        "weapon": 1,
        "pilot_injury": 0.6194,
        "pilot_skill": 0.0497,
        "mission_priority": 0.2664,
        "estimated_landing_time": 382.0,
        "wait_time": 0,
        "Landing_success_rate": 0.8504
    },
    {
        "model": 2,
        "sequence": 12,
        "status": 1,
        "fuel": 5626,
        "fault": 0.3314,
        "weapon": 1,
        "pilot_injury": 0.4697,
        "pilot_skill": 0.6909,
        "mission_priority": 0.3985,
        "estimated_landing_time": 1134.0,
        "wait_time": 0,
        "Landing_success_rate": 0.8563
    }
]