[
    {
        "model": 1,
        "sequence": 4,
        "status": 1,
        "fuel": 6047,
        "fault": 0.761,
        "weapon": 1,
        "pilot_injury": 0.268,
        "pilot_skill": 0.3809,
        "mission_priority": 0.3547,
        "estimated_landing_time": 382.0,
        "wait_time": 0,
        "Landing_success_rate": 0.8598
    },
    {
        "model": 2,
        "sequence": 7,
        "status": 1,
        "fuel": 6150,
        "fault": 0.1889,
        "weapon": 1,
        "pilot_injury": 0.9946,
        "pilot_skill": 0.2989,
        "mission_priority": 0.7361,
        "estimated_landing_time": 664.0,
        "wait_time": 0,
        "Landing_success_rate": 0.8895
    },
    {
        "model": 2,
        "sequence": 6,
        "status": 1,
        "fuel": 6314,
        "fault": 0.7379,
        "weapon": 1,
        "pilot_injury": 0.0896,
        "pilot_skill": 0.2159,
        "mission_priority": 0.7819,
        "estimated_landing_time": 570.0,
        "wait_time": 0,
        "Landing_success_rate": 0.866
    },
    {
        "model": 0,
        "sequence": 1,
        "status": 1,
        "fuel": 6983,
        "fault": 0.2793,
        "weapon": 0,
        "pilot_injury": 0.3313,
        "pilot_skill": 0.584,
        "mission_priority": 0.7035,
        "estimated_landing_time": 100.0,
        "wait_time": 0,
        "Landing_success_rate": 0.9302
    },
    {
        "model": 0,
        "sequence": 8,
        "status": 1,
        "fuel": 7436,
        "fault": 0.3251,
        "weapon": 0,
        "pilot_injury": 0.4549,
        "pilot_skill": 0.009,
        "mission_priority": 0.3956,
        "estimated_landing_time": 758.0,
        "wait_time": 0,
        "Landing_success_rate": 0.948
    },
    {
        "model": 1,
        "sequence": 11,
        "status": 1,
        "fuel": 7372,
        "fault": 0.5307,
        "weapon": 0,
        "pilot_injury": 0.7498,
        "pilot_skill": 0.6704,
        "mission_priority": 0.2768,
        "estimated_landing_time": 1040.0,
        "wait_time": 0,
        "Landing_success_rate": 0.9159
    },
    {
        "model": 1,
        "sequence": 5,
        "status": 1,
        "fuel": 6808,
        "fault": 0.7742,
        "weapon": 0,
        "pilot_injury": 0.733,
        "pilot_skill": 0.0938,
        "mission_priority": 0.9483,
        "estimated_landing_time": 476.0,
        "wait_time": 0,
        "Landing_success_rate": 0.8722
    },
    {
        "model": 0,
        "sequence": 2,
        "status": 1,
        "fuel": 6865,
        "fault": 0.22,
        "weapon": 0,
        "pilot_injury": 0.6934,
        "pilot_skill": 0.0447,
        "mission_priority": 0.4844,
        "estimated_landing_time": 194.0,
        "wait_time": 0,
        "Landing_success_rate": 0.9299
    },
    {
        "model": 2,
        "sequence": 10,
        "status": 1,
        "fuel": 5940,
        "fault": 0.9596,
        "weapon": 0,
        "pilot_injury": 0.8374,
        "pilot_skill": 0.7968,
        "mission_priority": 0.1527,
        "estimated_landing_time": 946.0,
        "wait_time": 0,
        "Landing_success_rate": 0.8513
    },
    {
        "model": 1,
        "sequence": 12,
        "status": 1,
        "fuel": 5785,
        "fault": 0.7265,
        "weapon": 0,
        "pilot_injury": 0.8486,
        "pilot_skill": 0.3233,
        "mission_priority": 0.4393,
        "estimated_landing_time": 1134.0,
        "wait_time": 0,
        "Landing_success_rate": 0.8558
    },
    {
        "model": 0,
        "sequence": 3,
        "status": 1,
        "fuel": 6971,
        "fault": 0.2947,
        "weapon": 0,
        "pilot_injury": 0.7473,
        "pilot_skill": 0.7476,
        "mission_priority": 0.5178,
        "estimated_landing_time": 288.0,
        "wait_time": 0,
        "Landing_success_rate": 0.9278
    },
    {
        "model": 0,
        "sequence": 9,
        "status": 1,
        "fuel": 6938,
        "fault": 0.8329,
        "weapon": 1,
        "pilot_injury": 0.0286,
        "pilot_skill": 0.066,
        "mission_priority": 0.3837,
        "estimated_landing_time": 852.0,
        "wait_time": 0,
        "Landing_success_rate": 0.868
    }
]