[
    {
        "model": 0,
        "sequence": 12,
        "status": 1,
        "fuel": 5727,
        "fault": 0.7517,
        "weapon": 1,
        "pilot_injury": 0.2341,
        "pilot_skill": 0.1913,
        "mission_priority": 0.9731,
        "estimated_landing_time": 1134.0,
        "wait_time": 0,
        "Landing_success_rate": 0.8542
    },
    {
        "model": 1,
        "sequence": 2,
        "status": 1,
        "fuel": 6225,
        "fault": 0.0438,
        "weapon": 0,
        "pilot_injury": 0.8349,
        "pilot_skill": 0.4191,
        "mission_priority": 0.4215,
        "estimated_landing_time": 194.0,
        "wait_time": 0,
        "Landing_success_rate": 0.902
    },
    {
        "model": 0,
        "sequence": 8,
        "status": 1,
        "fuel": 6810,
        "fault": 0.56,
        "weapon": 1,
        "pilot_injury": 0.3266,
        "pilot_skill": 0.2863,
        "mission_priority": 0.882,
        "estimated_landing_time": 758.0,
        "wait_time": 0,
        "Landing_success_rate": 0.8932
    },
    {
        "model": 1,
        "sequence": 6,
        "status": 1,
        "fuel": 7318,
        "fault": 0.5992,
        "weapon": 1,
        "pilot_injury": 0.5717,
        "pilot_skill": 0.3437,
        "mission_priority": 0.4215,
        "estimated_landing_time": 570.0,
        "wait_time": 0,
        "Landing_success_rate": 0.9046
    },
    {
        "model": 1,
        "sequence": 1,
        "status": 1,
        "fuel": 7207,
        "fault": 0.2372,
        "weapon": 0,
        "pilot_injury": 0.7906,
        "pilot_skill": 0.2349,
        "mission_priority": 0.98,
        "estimated_landing_time": 100.0,
        "wait_time": 0,
        "Landing_success_rate": 0.9477
    },
    {
        "model": 2,
        "sequence": 10,
        "status": 1,
        "fuel": 6169,
        "fault": 0.8025,
        "weapon": 0,
        "pilot_injury": 0.4995,
        "pilot_skill": 0.7253,
        "mission_priority": 0.0833,
        "estimated_landing_time": 946.0,
        "wait_time": 0,
        "Landing_success_rate": 0.8599
    },
    {
        "model": 2,
        "sequence": 7,
        "status": 1,
        "fuel": 5644,
        "fault": 0.5806,
        "weapon": 1,
        "pilot_injury": 0.2618,
        "pilot_skill": 0.6931,
        "mission_priority": 0.3999,
        "estimated_landing_time": 664.0,
        "wait_time": 0,
        "Landing_success_rate": 0.8545
    },
    {
        "model": 0,
        "sequence": 5,
        "status": 1,
        "fuel": 6172,
        "fault": 0.9971,
        "weapon": 0,
        "pilot_injury": 0.6244,
        "pilot_skill": 0.361,
        "mission_priority": 0.8309,
        "estimated_landing_time": 476.0,
        "wait_time": 0,
        "Landing_success_rate": 0.8501
    },
    {
        "model": 0,
        "sequence": 11,
        "status": 1,
        "fuel": 5583,
        "fault": 0.1606,
        "weapon": 0,
        "pilot_injury": 0.1631,
        "pilot_skill": 0.0142,
        "mission_priority": 0.4385,
        "estimated_landing_time": 1040.0,
        "wait_time": 0,
        "Landing_success_rate": 0.8552
    },
    {
        "model": 2,
        "sequence": 4,
        "status": 1,
        "fuel": 7404,
        "fault": 0.22,
        "weapon": 0,
        "pilot_injury": 0.7834,
        "pilot_skill": 0.5805,
        "mission_priority": 0.0264,
        "estimated_landing_time": 382.0,
        "wait_time": 0,
        "Landing_success_rate": 0.9614
    },
    {
        "model": 0,
        "sequence": 9,
        "status": 1,
        "fuel": 6113,
        "fault": 0.9857,
        "weapon": 0,
        "pilot_injury": 0.0556,
        "pilot_skill": 0.8504,
        "mission_priority": 0.5663,
        "estimated_landing_time": 852.0,
        "wait_time": 0,
        "Landing_success_rate": 0.8507
    },
    {
        "model": 0,
        "sequence": 3,
        "status": 1,
        "fuel": 5993,
        "fault": 0.3956,
        "weapon": 0,
        "pilot_injury": 0.0855,
        "pilot_skill": 0.638,
        "mission_priority": 0.2824,
        "estimated_landing_time": 288.0,
        "wait_time": 0,
        "Landing_success_rate": 0.8723
    }
]