[
    {
        "model": 2,
        "sequence": 1,
        "status": 1,
        "fuel": 6295,
        "fault": 0.1446,
        "weapon": 0,
        "pilot_injury": 0.1004,
        "pilot_skill": 0.3363,
        "mission_priority": 0.4816,
        "estimated_landing_time": 100.0,
        "wait_time": 0,
        "Landing_success_rate": 0.901
    },
    {
        "model": 0,
        "sequence": 4,
        "status": 1,
        "fuel": 5539,
        "fault": 0.6302,
        "weapon": 1,
        "pilot_injury": 0.9128,
        "pilot_skill": 0.6087,
        "mission_priority": 0.0397,
        "estimated_landing_time": 382.0,
        "wait_time": 0,
        "Landing_success_rate": 0.8511
    },
    {
        "model": 2,
        "sequence": 9,
        "status": 1,
        "fuel": 7200,
        "fault": 0.9417,
        "weapon": 0,
        "pilot_injury": 0.7158,
        "pilot_skill": 0.1535,
        "mission_priority": 0.0589,
        "estimated_landing_time": 852.0,
        "wait_time": 0,
        "Landing_success_rate": 0.8574
    },
    {
        "model": 0,
        "sequence": 6,
        "status": 1,
        "fuel": 6124,
        "fault": 0.7102,
        "weapon": 1,
        "pilot_injury": 0.1353,
        "pilot_skill": 0.4736,
        "mission_priority": 0.3058,
        "estimated_landing_time": 570.0,
        "wait_time": 0,
        "Landing_success_rate": 0.8636
    },
    {
        "model": 0,
        "sequence": 2,
        "status": 1,
        "fuel": 6503,
        "fault": 0.831,
        "weapon": 1,
        "pilot_injury": 0.7333,
        "pilot_skill": 0.5181,
        "mission_priority": 0.0115,
        "estimated_landing_time": 194.0,
        "wait_time": 0,
        "Landing_success_rate": 0.8627
    },
    {
        "model": 1,
        "sequence": 12,
        "status": 1,
        "fuel": 6767,
        "fault": 0.218,
        "weapon": 1,
        "pilot_injury": 0.6591,
        "pilot_skill": 0.5655,
        "mission_priority": 0.0104,
        "estimated_landing_time": 1134.0,
        "wait_time": 0,
        "Landing_success_rate": 0.9243
    },
    {
        "model": 0,
        "sequence": 7,
        "status": 1,
        "fuel": 7451,
        "fault": 0.7762,
        "weapon": 0,
        "pilot_injury": 0.7362,
        "pilot_skill": 0.7322,
        "mission_priority": 0.1651,
        "estimated_landing_time": 664.0,
        "wait_time": 0,
        "Landing_success_rate": 0.8827
    },
    {
        "model": 0,
        "sequence": 5,
        "status": 1,
        "fuel": 6768,
        "fault": 0.5366,
        "weapon": 1,
        "pilot_injury": 0.4577,
        "pilot_skill": 0.1147,
        "mission_priority": 0.6033,
        "estimated_landing_time": 476.0,
        "wait_time": 0,
        "Landing_success_rate": 0.8941
    },
    {
        "model": 2,
        "sequence": 3,
        "status": 1,
        "fuel": 5628,
        "fault": 0.3091,
        "weapon": 1,
        "pilot_injury": 0.827,
        "pilot_skill": 0.0096,
        "mission_priority": 0.7979,
        "estimated_landing_time": 288.0,
        "wait_time": 0,
        "Landing_success_rate": 0.8566
    },
    {
        "model": 1,
        "sequence": 10,
        "status": 1,
        "fuel": 6526,
        "fault": 0.1636,
        "weapon": 0,
        "pilot_injury": 0.5894,
        "pilot_skill": 0.0554,
        "mission_priority": 0.0506,
        "estimated_landing_time": 946.0,
        "wait_time": 0,
        "Landing_success_rate": 0.9144
    },
    {
        "model": 2,
        "sequence": 8,
        "status": 1,
        "fuel": 5598,
        "fault": 0.3072,
        "weapon": 0,
        "pilot_injury": 0.3459,
        "pilot_skill": 0.618,
        "mission_priority": 0.4896,
        "estimated_landing_time": 758.0,
        "wait_time": 0,
        "Landing_success_rate": 0.8551
    },
    {
        "model": 0,
        "sequence": 11,
        "status": 1,
        "fuel": 5567,
        "fault": 0.0836,
        "weapon": 0,
        "pilot_injury": 0.9838,
        "pilot_skill": 0.8664,
        "mission_priority": 0.9096,
        "estimated_landing_time": 1040.0,
        "wait_time": 0,
        "Landing_success_rate": 0.8546
    }
]