[
    {
        "model": 0,
        "sequence": 6,
        "status": 1,
        "fuel": 7442,
        "fault": 0.8176,
        "weapon": 0,
        "pilot_injury": 0.1283,
        "pilot_skill": 0.368,
        "mission_priority": 0.4772,
        "estimated_landing_time": 570.0,
        "wait_time": 0,
        "Landing_success_rate": 0.8766
    },
    {
        "model": 1,
        "sequence": 9,
        "status": 1,
        "fuel": 6135,
        "fault": 0.0621,
        "weapon": 1,
        "pilot_injury": 0.5968,
        "pilot_skill": 0.2954,
        "mission_priority": 0.0517,
        "estimated_landing_time": 852.0,
        "wait_time": 0,
        "Landing_success_rate": 0.8947
    },
    {
        "model": 2,
        "sequence": 1,
        "status": 1,
        "fuel": 6801,
        "fault": 0.7958,
        "weapon": 0,
        "pilot_injury": 0.8897,
        "pilot_skill": 0.3951,
        "mission_priority": 0.7177,
        "estimated_landing_time": 100.0,
        "wait_time": 0,
        "Landing_success_rate": 0.8699
    },
    {
        "model": 1,
        "sequence": 3,
        "status": 1,
        "fuel": 7079,
        "fault": 0.6512,
        "weapon": 1,
        "pilot_injury": 0.5094,
        "pilot_skill": 0.7253,
        "mission_priority": 0.4986,
        "estimated_landing_time": 288.0,
        "wait_time": 0,
        "Landing_success_rate": 0.8913
    },
    {
        "model": 1,
        "sequence": 7,
        "status": 1,
        "fuel": 6119,
        "fault": 0.1468,
        "weapon": 1,
        "pilot_injury": 0.4015,
        "pilot_skill": 0.3851,
        "mission_priority": 0.0035,
        "estimated_landing_time": 664.0,
        "wait_time": 0,
        "Landing_success_rate": 0.8896
    },
    {
        "model": 1,
        "sequence": 5,
        "status": 1,
        "fuel": 5734,
        "fault": 0.1169,
        "weapon": 1,
        "pilot_injury": 0.5041,
        "pilot_skill": 0.8042,
        "mission_priority": 0.5499,
        "estimated_landing_time": 476.0,
        "wait_time": 0,
        "Landing_success_rate": 0.8655
    },
    {
        "model": 2,
        "sequence": 4,
        "status": 1,
        "fuel": 5555,
        "fault": 0.482,
        "weapon": 0,
        "pilot_injury": 0.2697,
        "pilot_skill": 0.733,
        "mission_priority": 0.6103,
        "estimated_landing_time": 382.0,
        "wait_time": 0,
        "Landing_success_rate": 0.8521
    },
    {
        "model": 2,
        "sequence": 8,
        "status": 1,
        "fuel": 5643,
        "fault": 0.7179,
        "weapon": 1,
        "pilot_injury": 0.2006,
        "pilot_skill": 0.9896,
        "mission_priority": 0.0073,
        "estimated_landing_time": 758.0,
        "wait_time": 0,
        "Landing_success_rate": 0.853
    },
    {
        "model": 2,
        "sequence": 12,
        "status": 1,
        "fuel": 6908,
        "fault": 0.2459,
        "weapon": 0,
        "pilot_injury": 0.014,
        "pilot_skill": 0.7324,
        "mission_priority": 0.6934,
        "estimated_landing_time": 1134.0,
        "wait_time": 0,
        "Landing_success_rate": 0.9296
    },
    {
        "model": 1,
        "sequence": 11,
        "status": 1,
        "fuel": 6336,
        "fault": 0.2143,
        "weapon": 1,
        "pilot_injury": 0.4443,
        "pilot_skill": 0.6591,
        "mission_priority": 0.4398,
        "estimated_landing_time": 1040.0,
        "wait_time": 0,
        "Landing_success_rate": 0.8993
    },
    {
        "model": 1,
        "sequence": 2,
        "status": 1,
        "fuel": 5764,
        "fault": 0.5679,
        "weapon": 1,
        "pilot_injury": 0.1146,
        "pilot_skill": 0.781,
        "mission_priority": 0.7207,
        "estimated_landing_time": 194.0,
        "wait_time": 0,
        "Landing_success_rate": 0.8586
    },
    {
        "model": 1,
        "sequence": 10,
        "status": 1,
        "fuel": 6304,
        "fault": 0.4503,
        "weapon": 0,
        "pilot_injury": 0.268,
        "pilot_skill": 0.3932,
        "mission_priority": 0.2799,
        "estimated_landing_time": 946.0,
        "wait_time": 0,
        "Landing_success_rate": 0.8831
    }
]