[
    {
        "model": 2,
        "sequence": 9,
        "status": 1,
        "fuel": 6000,
        "fault": 0.842,
        "weapon": 1,
        "pilot_injury": 0.3239,
        "pilot_skill": 0.6087,
        "mission_priority": 0.8762,
        "estimated_landing_time": 852.0,
        "wait_time": 0,
        "Landing_success_rate": 0.8559
    },
    {
        "model": 0,
        "sequence": 8,
        "status": 1,
        "fuel": 6871,
        "fault": 0.4984,
        "weapon": 0,
        "pilot_injury": 0.4284,
        "pilot_skill": 0.4647,
        "mission_priority": 0.9776,
        "estimated_landing_time": 758.0,
        "wait_time": 0,
        "Landing_success_rate": 0.9016
    },
    {
        "model": 1,
        "sequence": 5,
        "status": 1,
        "fuel": 7328,
        "fault": 0.1944,
        "weapon": 0,
        "pilot_injury": 0.0261,
        "pilot_skill": 0.5654,
        "mission_priority": 0.0961,
        "estimated_landing_time": 476.0,
        "wait_time": 0,
        "Landing_success_rate": 0.9604
    },
    {
        "model": 1,
        "sequence": 12,
        "status": 1,
        "fuel": 6309,
        "fault": 0.4049,
        "weapon": 0,
        "pilot_injury": 0.4605,
        "pilot_skill": 0.4292,
        "mission_priority": 0.8973,
        "estimated_landing_time": 1134.0,
        "wait_time": 0,
        "Landing_success_rate": 0.8861
    },
    {
        "model": 0,
        "sequence": 6,
        "status": 1,
        "fuel": 5517,
        "fault": 0.4157,
        "weapon": 0,
        "pilot_injury": 0.9392,
        "pilot_skill": 0.8092,
        "mission_priority": 0.8206,
        "estimated_landing_time": 570.0,
        "wait_time": 0,
        "Landing_success_rate": 0.8507
    },
    {
        "model": 0,
        "sequence": 4,
        "status": 1,
        "fuel": 5710,
        "fault": 0.2718,
        "weapon": 0,
        "pilot_injury": 0.026,
        "pilot_skill": 0.237,
        "mission_priority": 0.7742,
        "estimated_landing_time": 382.0,
        "wait_time": 0,
        "Landing_success_rate": 0.8615
    },
    {
        "model": 1,
        "sequence": 2,
        "status": 1,
        "fuel": 5610,
        "fault": 0.1992,
        "weapon": 1,
        "pilot_injury": 0.2519,
        "pilot_skill": 0.3953,
        "mission_priority": 0.9832,
        "estimated_landing_time": 194.0,
        "wait_time": 0,
        "Landing_success_rate": 0.8566
    },
    {
        "model": 1,
        "sequence": 1,
        "status": 1,
        "fuel": 6360,
        "fault": 0.3607,
        "weapon": 1,
        "pilot_injury": 0.3011,
        "pilot_skill": 0.1096,
        "mission_priority": 0.4899,
        "estimated_landing_time": 100.0,
        "wait_time": 0,
        "Landing_success_rate": 0.8912
    },
    {
        "model": 0,
        "sequence": 3,
        "status": 1,
        "fuel": 7309,
        "fault": 0.4474,
        "weapon": 1,
        "pilot_injury": 0.8176,
        "pilot_skill": 0.5442,
        "mission_priority": 0.0322,
        "estimated_landing_time": 288.0,
        "wait_time": 0,
        "Landing_success_rate": 0.925
    },
    {
        "model": 2,
        "sequence": 11,
        "status": 1,
        "fuel": 6021,
        "fault": 0.4622,
        "weapon": 1,
        "pilot_injury": 0.6164,
        "pilot_skill": 0.685,
        "mission_priority": 0.1978,
        "estimated_landing_time": 1040.0,
        "wait_time": 0,
        "Landing_success_rate": 0.871
    },
    {
        "model": 2,
        "sequence": 10,
        "status": 1,
        "fuel": 6348,
        "fault": 0.527,
        "weapon": 0,
        "pilot_injury": 0.8131,
        "pilot_skill": 0.3051,
        "mission_priority": 0.5866,
        "estimated_landing_time": 946.0,
        "wait_time": 0,
        "Landing_success_rate": 0.8801
    },
    {
        "model": 0,
        "sequence": 7,
        "status": 1,
        "fuel": 6333,
        "fault": 0.8644,
        "weapon": 1,
        "pilot_injury": 0.82,
        "pilot_skill": 0.0095,
        "mission_priority": 0.0036,
        "estimated_landing_time": 664.0,
        "wait_time": 0,
        "Landing_success_rate": 0.8585
    }
]