[
    {
        "model": 0,
        "sequence": 9,
        "status": 1,
        "fuel": 6845,
        "fault": 0.6655,
        "weapon": 0,
        "pilot_injury": 0.586,
        "pilot_skill": 0.6063,
        "mission_priority": 0.2006,
        "estimated_landing_time": 852.0,
        "wait_time": 0,
        "Landing_success_rate": 0.8837
    },
    {
        "model": 1,
        "sequence": 3,
        "status": 1,
        "fuel": 6853,
        "fault": 0.3145,
        "weapon": 0,
        "pilot_injury": 0.0879,
        "pilot_skill": 0.8579,
        "mission_priority": 0.4837,
        "estimated_landing_time": 288.0,
        "wait_time": 0,
        "Landing_success_rate": 0.9196
    },
    {
        "model": 1,
        "sequence": 2,
        "status": 1,
        "fuel": 6335,
        "fault": 0.2335,
        "weapon": 1,
        "pilot_injury": 0.3388,
        "pilot_skill": 0.7516,
        "mission_priority": 0.785,
        "estimated_landing_time": 194.0,
        "wait_time": 0,
        "Landing_success_rate": 0.898
    },
    {
        "model": 1,
        "sequence": 7,
        "status": 1,
        "fuel": 7120,
        "fault": 0.9271,
        "weapon": 1,
        "pilot_injury": 0.0845,
        "pilot_skill": 0.0685,
        "mission_priority": 0.5955,
        "estimated_landing_time": 664.0,
        "wait_time": 0,
        "Landing_success_rate": 0.8589
    },
    {
        "model": 0,
        "sequence": 6,
        "status": 1,
        "fuel": 5990,
        "fault": 0.7833,
        "weapon": 0,
        "pilot_injury": 0.4049,
        "pilot_skill": 0.0253,
        "mission_priority": 0.6029,
        "estimated_landing_time": 570.0,
        "wait_time": 0,
        "Landing_success_rate": 0.858
    },
    {
        "model": 1,
        "sequence": 8,
        "status": 1,
        "fuel": 6695,
        "fault": 0.6954,
        "weapon": 0,
        "pilot_injury": 0.4885,
        "pilot_skill": 0.0645,
        "mission_priority": 0.486,
        "estimated_landing_time": 758.0,
        "wait_time": 0,
        "Landing_success_rate": 0.8773
    },
    {
        "model": 1,
        "sequence": 4,
        "status": 1,
        "fuel": 5819,
        "fault": 0.0802,
        "weapon": 1,
        "pilot_injury": 0.6457,
        "pilot_skill": 0.1852,
        "mission_priority": 0.2061,
        "estimated_landing_time": 382.0,
        "wait_time": 0,
        "Landing_success_rate": 0.872
    },
    {
        "model": 0,
        "sequence": 11,
        "status": 1,
        "fuel": 5732,
        "fault": 0.0291,
        "weapon": 0,
        "pilot_injury": 0.6572,
        "pilot_skill": 0.9944,
        "mission_priority": 0.6521,
        "estimated_landing_time": 1040.0,
        "wait_time": 0,
        "Landing_success_rate": 0.8669
    },
    {
        "model": 0,
        "sequence": 12,
        "status": 1,
        "fuel": 6347,
        "fault": 0.7493,
        "weapon": 0,
        "pilot_injury": 0.3126,
        "pilot_skill": 0.9111,
        "mission_priority": 0.969,
        "estimated_landing_time": 1134.0,
        "wait_time": 0,
        "Landing_success_rate": 0.8659
    },
    {
        "model": 0,
        "sequence": 10,
        "status": 1,
        "fuel": 5798,
        "fault": 0.6119,
        "weapon": 1,
        "pilot_injury": 0.7701,
        "pilot_skill": 0.1325,
        "mission_priority": 0.7656,
        "estimated_landing_time": 946.0,
        "wait_time": 0,
        "Landing_success_rate": 0.8587
    },
    {
        "model": 0,
        "sequence": 1,
        "status": 1,
        "fuel": 5962,
        "fault": 0.1494,
        "weapon": 0,
        "pilot_injury": 0.9769,
        "pilot_skill": 0.9855,
        "mission_priority": 0.9367,
        "estimated_landing_time": 100.0,
        "wait_time": 0,
        "Landing_success_rate": 0.8795
    },
    {
        "model": 2,
        "sequence": 5,
        "status": 1,
        "fuel": 6317,
        "fault": 0.1274,
        "weapon": 0,
        "pilot_injury": 0.582,
        "pilot_skill": 0.4199,
        "mission_priority": 0.2059,
        "estimated_landing_time": 476.0,
        "wait_time": 0,
        "Landing_success_rate": 0.9035
    }
]