[
    {
        "model": 0,
        "sequence": 4,
        "status": 1,
        "fuel": 6959,
        "fault": 0.503,
        "weapon": 1,
        "pilot_injury": 0.8987,
        "pilot_skill": 0.244,
        "mission_priority": 0.2858,
        "estimated_landing_time": 382.0,
        "wait_time": 0,
        "Landing_success_rate": 0.9044
    },
    {
        "model": 1,
        "sequence": 8,
        "status": 1,
        "fuel": 5659,
        "fault": 0.3561,
        "weapon": 1,
        "pilot_injury": 0.5955,
        "pilot_skill": 0.6091,
        "mission_priority": 0.2185,
        "estimated_landing_time": 758.0,
        "wait_time": 0,
        "Landing_success_rate": 0.8577
    },
    {
        "model": 2,
        "sequence": 5,
        "status": 1,
        "fuel": 5682,
        "fault": 0.7341,
        "weapon": 1,
        "pilot_injury": 0.3579,
        "pilot_skill": 0.8013,
        "mission_priority": 0.3488,
        "estimated_landing_time": 476.0,
        "wait_time": 0,
        "Landing_success_rate": 0.8536
    },
    {
        "model": 0,
        "sequence": 2,
        "status": 1,
        "fuel": 6712,
        "fault": 0.8132,
        "weapon": 1,
        "pilot_injury": 0.5512,
        "pilot_skill": 0.9695,
        "mission_priority": 0.9812,
        "estimated_landing_time": 194.0,
        "wait_time": 0,
        "Landing_success_rate": 0.867
    },
    {
        "model": 2,
        "sequence": 10,
        "status": 1,
        "fuel": 6991,
        "fault": 0.4414,
        "weapon": 0,
        "pilot_injury": 0.7242,
        "pilot_skill": 0.0752,
        "mission_priority": 0.5985,
        "estimated_landing_time": 946.0,
        "wait_time": 0,
        "Landing_success_rate": 0.9125
    },
    {
        "model": 2,
        "sequence": 12,
        "status": 1,
        "fuel": 7274,
        "fault": 0.1128,
        "weapon": 1,
        "pilot_injury": 0.0041,
        "pilot_skill": 0.9409,
        "mission_priority": 0.8293,
        "estimated_landing_time": 1134.0,
        "wait_time": 0,
        "Landing_success_rate": 0.968
    },
    {
        "model": 1,
        "sequence": 1,
        "status": 1,
        "fuel": 5552,
        "fault": 0.2707,
        "weapon": 1,
        "pilot_injury": 0.2329,
        "pilot_skill": 0.264,
        "mission_priority": 0.8742,
        "estimated_landing_time": 100.0,
        "wait_time": 0,
        "Landing_success_rate": 0.8528
    },
    {
        "model": 2,
        "sequence": 9,
        "status": 1,
        "fuel": 6450,
        "fault": 0.8265,
        "weapon": 1,
        "pilot_injury": 0.4013,
        "pilot_skill": 0.1908,
        "mission_priority": 0.4519,
        "estimated_landing_time": 852.0,
        "wait_time": 0,
        "Landing_success_rate": 0.8624
    },
    {
        "model": 0,
        "sequence": 6,
        "status": 1,
        "fuel": 7357,
        "fault": 0.7816,
        "weapon": 1,
        "pilot_injury": 0.1339,
        "pilot_skill": 0.7605,
        "mission_priority": 0.9358,
        "estimated_landing_time": 570.0,
        "wait_time": 0,
        "Landing_success_rate": 0.8804
    },
    {
        "model": 1,
        "sequence": 11,
        "status": 1,
        "fuel": 7329,
        "fault": 0.3334,
        "weapon": 1,
        "pilot_injury": 0.3751,
        "pilot_skill": 0.1116,
        "mission_priority": 0.4162,
        "estimated_landing_time": 1040.0,
        "wait_time": 0,
        "Landing_success_rate": 0.9414
    },
    {
        "model": 1,
        "sequence": 3,
        "status": 1,
        "fuel": 5947,
        "fault": 0.0068,
        "weapon": 1,
        "pilot_injury": 0.4319,
        "pilot_skill": 0.5568,
        "mission_priority": 0.5817,
        "estimated_landing_time": 288.0,
        "wait_time": 0,
        "Landing_success_rate": 0.8833
    },
    {
        "model": 0,
        "sequence": 7,
        "status": 1,
        "fuel": 6559,
        "fault": 0.0618,
        "weapon": 1,
        "pilot_injury": 0.8217,
        "pilot_skill": 0.5659,
        "mission_priority": 0.3005,
        "estimated_landing_time": 664.0,
        "wait_time": 0,
        "Landing_success_rate": 0.9245
    }
]