[
    {
        "model": 1,
        "sequence": 9,
        "status": 1,
        "fuel": 6590,
        "fault": 0.3049,
        "weapon": 0,
        "pilot_injury": 0.2101,
        "pilot_skill": 0.1729,
        "mission_priority": 0.6404,
        "estimated_landing_time": 852.0,
        "wait_time": 0,
        "Landing_success_rate": 0.9068
    },
    {
        "model": 1,
        "sequence": 12,
        "status": 1,
        "fuel": 7003,
        "fault": 0.7219,
        "weapon": 1,
        "pilot_injury": 0.298,
        "pilot_skill": 0.1592,
        "mission_priority": 0.8301,
        "estimated_landing_time": 1134.0,
        "wait_time": 0,
        "Landing_success_rate": 0.8813
    },
    {
        "model": 0,
        "sequence": 11,
        "status": 1,
        "fuel": 6542,
        "fault": 0.5899,
        "weapon": 0,
        "pilot_injury": 0.291,
        "pilot_skill": 0.6015,
        "mission_priority": 0.7753,
        "estimated_landing_time": 1040.0,
        "wait_time": 0,
        "Landing_success_rate": 0.882
    },
    {
        "model": 0,
        "sequence": 10,
        "status": 1,
        "fuel": 7327,
        "fault": 0.6173,
        "weapon": 0,
        "pilot_injury": 0.7165,
        "pilot_skill": 0.9606,
        "mission_priority": 0.165,
        "estimated_landing_time": 946.0,
        "wait_time": 0,
        "Landing_success_rate": 0.9024
    },
    {
        "model": 0,
        "sequence": 1,
        "status": 1,
        "fuel": 6912,
        "fault": 0.2682,
        "weapon": 1,
        "pilot_injury": 0.7232,
        "pilot_skill": 0.5724,
        "mission_priority": 0.4867,
        "estimated_landing_time": 100.0,
        "wait_time": 0,
        "Landing_success_rate": 0.9275
    },
    {
        "model": 2,
        "sequence": 6,
        "status": 1,
        "fuel": 5790,
        "fault": 0.9639,
        "weapon": 1,
        "pilot_injury": 0.1261,
        "pilot_skill": 0.4889,
        "mission_priority": 0.5219,
        "estimated_landing_time": 570.0,
        "wait_time": 0,
        "Landing_success_rate": 0.8508
    },
    {
        "model": 0,
        "sequence": 2,
        "status": 1,
        "fuel": 6552,
        "fault": 0.3076,
        "weapon": 0,
        "pilot_injury": 0.2275,
        "pilot_skill": 0.4092,
        "mission_priority": 0.1549,
        "estimated_landing_time": 194.0,
        "wait_time": 0,
        "Landing_success_rate": 0.9046
    },
    {
        "model": 1,
        "sequence": 7,
        "status": 1,
        "fuel": 5520,
        "fault": 0.5212,
        "weapon": 1,
        "pilot_injury": 0.4893,
        "pilot_skill": 0.2246,
        "mission_priority": 0.0538,
        "estimated_landing_time": 664.0,
        "wait_time": 0,
        "Landing_success_rate": 0.8507
    },
    {
        "model": 2,
        "sequence": 5,
        "status": 1,
        "fuel": 6998,
        "fault": 0.7053,
        "weapon": 1,
        "pilot_injury": 0.3407,
        "pilot_skill": 0.0475,
        "mission_priority": 0.8656,
        "estimated_landing_time": 476.0,
        "wait_time": 0,
        "Landing_success_rate": 0.8831
    },
    {
        "model": 0,
        "sequence": 8,
        "status": 1,
        "fuel": 7419,
        "fault": 0.7882,
        "weapon": 1,
        "pilot_injury": 0.4786,
        "pilot_skill": 0.3404,
        "mission_priority": 0.7418,
        "estimated_landing_time": 758.0,
        "wait_time": 0,
        "Landing_success_rate": 0.8805
    },
    {
        "model": 0,
        "sequence": 3,
        "status": 1,
        "fuel": 6544,
        "fault": 0.9043,
        "weapon": 0,
        "pilot_injury": 0.4073,
        "pilot_skill": 0.4332,
        "mission_priority": 0.9223,
        "estimated_landing_time": 288.0,
        "wait_time": 0,
        "Landing_success_rate": 0.8575
    },
    {
        "model": 2,
        "sequence": 4,
        "status": 1,
        "fuel": 7469,
        "fault": 0.4357,
        "weapon": 0,
        "pilot_injury": 0.185,
        "pilot_skill": 0.2304,
        "mission_priority": 0.2636,
        "estimated_landing_time": 382.0,
        "wait_time": 0,
        "Landing_success_rate": 0.9333
    }
]