[
    {
        "model": 2,
        "sequence": 3,
        "status": 1,
        "fuel": 7140,
        "fault": 0.9042,
        "weapon": 1,
        "pilot_injury": 0.1388,
        "pilot_skill": 0.1153,
        "mission_priority": 0.2999,
        "estimated_landing_time": 288.0,
        "wait_time": 0,
        "Landing_success_rate": 0.8618
    },
    {
        "model": 2,
        "sequence": 6,
        "status": 1,
        "fuel": 6984,
        "fault": 0.024,
        "weapon": 0,
        "pilot_injury": 0.9365,
        "pilot_skill": 0.3923,
        "mission_priority": 0.439,
        "estimated_landing_time": 570.0,
        "wait_time": 0,
        "Landing_success_rate": 0.9586
    },
    {
        "model": 2,
        "sequence": 8,
        "status": 1,
        "fuel": 5539,
        "fault": 0.2565,
        "weapon": 1,
        "pilot_injury": 0.1823,
        "pilot_skill": 0.9738,
        "mission_priority": 0.5059,
        "estimated_landing_time": 758.0,
        "wait_time": 0,
        "Landing_success_rate": 0.8522
    },
    {
        "model": 1,
        "sequence": 7,
        "status": 1,
        "fuel": 5760,
        "fault": 0.8744,
        "weapon": 1,
        "pilot_injury": 0.9072,
        "pilot_skill": 0.8734,
        "mission_priority": 0.4584,
        "estimated_landing_time": 664.0,
        "wait_time": 0,
        "Landing_success_rate": 0.8524
    },
    {
        "model": 0,
        "sequence": 9,
        "status": 1,
        "fuel": 6585,
        "fault": 0.5349,
        "weapon": 1,
        "pilot_injury": 0.3246,
        "pilot_skill": 0.4191,
        "mission_priority": 0.6825,
        "estimated_landing_time": 852.0,
        "wait_time": 0,
        "Landing_success_rate": 0.8878
    },
    {
        "model": 0,
        "sequence": 5,
        "status": 1,
        "fuel": 5635,
        "fault": 0.0733,
        "weapon": 0,
        "pilot_injury": 0.8853,
        "pilot_skill": 0.7974,
        "mission_priority": 0.3816,
        "estimated_landing_time": 476.0,
        "wait_time": 0,
        "Landing_success_rate": 0.8594
    },
    {
        "model": 2,
        "sequence": 2,
        "status": 1,
        "fuel": 6972,
        "fault": 0.1805,
        "weapon": 0,
        "pilot_injury": 0.3486,
        "pilot_skill": 0.4935,
        "mission_priority": 0.4166,
        "estimated_landing_time": 194.0,
        "wait_time": 0,
        "Landing_success_rate": 0.9405
    },
    {
        "model": 0,
        "sequence": 4,
        "status": 1,
        "fuel": 6842,
        "fault": 0.5118,
        "weapon": 0,
        "pilot_injury": 0.3429,
        "pilot_skill": 0.5621,
        "mission_priority": 0.5927,
        "estimated_landing_time": 382.0,
        "wait_time": 0,
        "Landing_success_rate": 0.8991
    },
    {
        "model": 2,
        "sequence": 12,
        "status": 1,
        "fuel": 5738,
        "fault": 0.588,
        "weapon": 0,
        "pilot_injury": 0.7372,
        "pilot_skill": 0.4276,
        "mission_priority": 0.1244,
        "estimated_landing_time": 1134.0,
        "wait_time": 0,
        "Landing_success_rate": 0.8574
    },
    {
        "model": 0,
        "sequence": 1,
        "status": 1,
        "fuel": 5687,
        "fault": 0.0411,
        "weapon": 0,
        "pilot_injury": 0.1379,
        "pilot_skill": 0.9818,
        "mission_priority": 0.3698,
        "estimated_landing_time": 100.0,
        "wait_time": 0,
        "Landing_success_rate": 0.8634
    },
    {
        "model": 2,
        "sequence": 10,
        "status": 1,
        "fuel": 5891,
        "fault": 0.2213,
        "weapon": 1,
        "pilot_injury": 0.1428,
        "pilot_skill": 0.0555,
        "mission_priority": 0.6258,
        "estimated_landing_time": 946.0,
        "wait_time": 0,
        "Landing_success_rate": 0.8728
    },
    {
        "model": 2,
        "sequence": 11,
        "status": 1,
        "fuel": 6338,
        "fault": 0.2044,
        "weapon": 0,
        "pilot_injury": 0.957,
        "pilot_skill": 0.4618,
        "mission_priority": 0.0294,
        "estimated_landing_time": 1040.0,
        "wait_time": 0,
        "Landing_success_rate": 0.9
    }
]