[
    {
        "model": 1,
        "sequence": 10,
        "status": 1,
        "fuel": 7123,
        "fault": 0.3199,
        "weapon": 0,
        "pilot_injury": 0.2175,
        "pilot_skill": 0.7438,
        "mission_priority": 0.1347,
        "estimated_landing_time": 946.0,
        "wait_time": 0,
        "Landing_success_rate": 0.9328
    },
    {
        "model": 2,
        "sequence": 6,
        "status": 1,
        "fuel": 7233,
        "fault": 0.9241,
        "weapon": 0,
        "pilot_injury": 0.6138,
        "pilot_skill": 0.1862,
        "mission_priority": 0.1455,
        "estimated_landing_time": 570.0,
        "wait_time": 0,
        "Landing_success_rate": 0.8599
    },
    {
        "model": 0,
        "sequence": 8,
        "status": 1,
        "fuel": 6712,
        "fault": 0.9165,
        "weapon": 1,
        "pilot_injury": 0.9867,
        "pilot_skill": 0.5243,
        "mission_priority": 0.8457,
        "estimated_landing_time": 758.0,
        "wait_time": 0,
        "Landing_success_rate": 0.8576
    },
    {
        "model": 1,
        "sequence": 12,
        "status": 1,
        "fuel": 7114,
        "fault": 0.4805,
        "weapon": 1,
        "pilot_injury": 0.8009,
        "pilot_skill": 0.022,
        "mission_priority": 0.6798,
        "estimated_landing_time": 1134.0,
        "wait_time": 0,
        "Landing_success_rate": 0.9129
    },
    {
        "model": 1,
        "sequence": 1,
        "status": 1,
        "fuel": 7463,
        "fault": 0.353,
        "weapon": 1,
        "pilot_injury": 0.1621,
        "pilot_skill": 0.6167,
        "mission_priority": 0.8975,
        "estimated_landing_time": 100.0,
        "wait_time": 0,
        "Landing_success_rate": 0.9453
    },
    {
        "model": 0,
        "sequence": 5,
        "status": 1,
        "fuel": 7401,
        "fault": 0.0102,
        "weapon": 0,
        "pilot_injury": 0.2637,
        "pilot_skill": 0.8703,
        "mission_priority": 0.8888,
        "estimated_landing_time": 476.0,
        "wait_time": 0,
        "Landing_success_rate": 0.9911
    },
    {
        "model": 1,
        "sequence": 11,
        "status": 1,
        "fuel": 6998,
        "fault": 0.4808,
        "weapon": 1,
        "pilot_injury": 0.8747,
        "pilot_skill": 0.8851,
        "mission_priority": 0.1009,
        "estimated_landing_time": 1040.0,
        "wait_time": 0,
        "Landing_success_rate": 0.9083
    },
    {
        "model": 0,
        "sequence": 9,
        "status": 1,
        "fuel": 5574,
        "fault": 0.7138,
        "weapon": 0,
        "pilot_injury": 0.9937,
        "pilot_skill": 0.445,
        "mission_priority": 0.5333,
        "estimated_landing_time": 852.0,
        "wait_time": 0,
        "Landing_success_rate": 0.8516
    },
    {
        "model": 2,
        "sequence": 2,
        "status": 1,
        "fuel": 5808,
        "fault": 0.167,
        "weapon": 0,
        "pilot_injury": 0.4437,
        "pilot_skill": 0.8146,
        "mission_priority": 0.0797,
        "estimated_landing_time": 194.0,
        "wait_time": 0,
        "Landing_success_rate": 0.8692
    },
    {
        "model": 2,
        "sequence": 3,
        "status": 1,
        "fuel": 6578,
        "fault": 0.4902,
        "weapon": 0,
        "pilot_injury": 0.3311,
        "pilot_skill": 0.603,
        "mission_priority": 0.8249,
        "estimated_landing_time": 288.0,
        "wait_time": 0,
        "Landing_success_rate": 0.8912
    },
    {
        "model": 2,
        "sequence": 7,
        "status": 1,
        "fuel": 6838,
        "fault": 0.4772,
        "weapon": 1,
        "pilot_injury": 0.3231,
        "pilot_skill": 0.1226,
        "mission_priority": 0.5457,
        "estimated_landing_time": 664.0,
        "wait_time": 0,
        "Landing_success_rate": 0.9025
    },
    {
        "model": 2,
        "sequence": 4,
        "status": 1,
        "fuel": 6477,
        "fault": 0.4241,
        "weapon": 1,
        "pilot_injury": 0.0429,
        "pilot_skill": 0.0987,
        "mission_priority": 0.521,
        "estimated_landing_time": 382.0,
        "wait_time": 0,
        "Landing_success_rate": 0.8922
    }
]