[
    {
        "model": 0,
        "sequence": 3,
        "status": 1,
        "fuel": 6237,
        "fault": 0.7201,
        "weapon": 0,
        "pilot_injury": 0.8288,
        "pilot_skill": 0.9012,
        "mission_priority": 0.8248,
        "estimated_landing_time": 288.0,
        "wait_time": 0,
        "Landing_success_rate": 0.8655
    },
    {
        "model": 0,
        "sequence": 4,
        "status": 1,
        "fuel": 5722,
        "fault": 0.0304,
        "weapon": 0,
        "pilot_injury": 0.6722,
        "pilot_skill": 0.5107,
        "mission_priority": 0.9548,
        "estimated_landing_time": 382.0,
        "wait_time": 0,
        "Landing_success_rate": 0.8661
    },
    {
        "model": 1,
        "sequence": 5,
        "status": 1,
        "fuel": 7393,
        "fault": 0.5859,
        "weapon": 0,
        "pilot_injury": 0.8384,
        "pilot_skill": 0.3855,
        "mission_priority": 0.6844,
        "estimated_landing_time": 476.0,
        "wait_time": 0,
        "Landing_success_rate": 0.9088
    },
    {
        "model": 2,
        "sequence": 11,
        "status": 1,
        "fuel": 6051,
        "fault": 0.1161,
        "weapon": 1,
        "pilot_injury": 0.589,
        "pilot_skill": 0.8142,
        "mission_priority": 0.4073,
        "estimated_landing_time": 1040.0,
        "wait_time": 0,
        "Landing_success_rate": 0.8865
    },
    {
        "model": 1,
        "sequence": 6,
        "status": 1,
        "fuel": 5597,
        "fault": 0.8093,
        "weapon": 0,
        "pilot_injury": 0.59,
        "pilot_skill": 0.7781,
        "mission_priority": 0.1165,
        "estimated_landing_time": 570.0,
        "wait_time": 0,
        "Landing_success_rate": 0.8514
    },
    {
        "model": 2,
        "sequence": 8,
        "status": 1,
        "fuel": 5822,
        "fault": 0.3534,
        "weapon": 1,
        "pilot_injury": 0.334,
        "pilot_skill": 0.3092,
        "mission_priority": 0.2817,
        "estimated_landing_time": 758.0,
        "wait_time": 0,
        "Landing_success_rate": 0.8656
    },
    {
        "model": 2,
        "sequence": 10,
        "status": 1,
        "fuel": 5630,
        "fault": 0.7802,
        "weapon": 0,
        "pilot_injury": 0.9237,
        "pilot_skill": 0.7002,
        "mission_priority": 0.03,
        "estimated_landing_time": 946.0,
        "wait_time": 0,
        "Landing_success_rate": 0.8521
    },
    {
        "model": 0,
        "sequence": 2,
        "status": 1,
        "fuel": 6580,
        "fault": 0.1284,
        "weapon": 0,
        "pilot_injury": 0.7581,
        "pilot_skill": 0.4373,
        "mission_priority": 0.0413,
        "estimated_landing_time": 194.0,
        "wait_time": 0,
        "Landing_success_rate": 0.9206
    },
    {
        "model": 0,
        "sequence": 9,
        "status": 1,
        "fuel": 7260,
        "fault": 0.0798,
        "weapon": 0,
        "pilot_injury": 0.874,
        "pilot_skill": 0.7381,
        "mission_priority": 0.3596,
        "estimated_landing_time": 852.0,
        "wait_time": 0,
        "Landing_success_rate": 0.9715
    },
    {
        "model": 2,
        "sequence": 1,
        "status": 1,
        "fuel": 7398,
        "fault": 0.528,
        "weapon": 1,
        "pilot_injury": 0.1994,
        "pilot_skill": 0.4199,
        "mission_priority": 0.2226,
        "estimated_landing_time": 100.0,
        "wait_time": 0,
        "Landing_success_rate": 0.9172
    },
    {
        "model": 0,
        "sequence": 7,
        "status": 1,
        "fuel": 6564,
        "fault": 0.1995,
        "weapon": 0,
        "pilot_injury": 0.2095,
        "pilot_skill": 0.0043,
        "mission_priority": 0.7839,
        "estimated_landing_time": 664.0,
        "wait_time": 0,
        "Landing_success_rate": 0.9139
    },
    {
        "model": 2,
        "sequence": 12,
        "status": 1,
        "fuel": 5724,
        "fault": 0.4915,
        "weapon": 0,
        "pilot_injury": 0.4179,
        "pilot_skill": 0.1814,
        "mission_priority": 0.9669,
        "estimated_landing_time": 1134.0,
        "wait_time": 0,
        "Landing_success_rate": 0.8585
    }
]