[
    {
        "model": 0,
        "sequence": 8,
        "status": 1,
        "fuel": 6007,
        "fault": 0.5976,
        "weapon": 0,
        "pilot_injury": 0.2351,
        "pilot_skill": 0.6614,
        "mission_priority": 0.5733,
        "estimated_landing_time": 758.0,
        "wait_time": 0,
        "Landing_success_rate": 0.8653
    },
    {
        "model": 0,
        "sequence": 6,
        "status": 1,
        "fuel": 7161,
        "fault": 0.5798,
        "weapon": 0,
        "pilot_injury": 0.3982,
        "pilot_skill": 0.2911,
        "mission_priority": 0.7102,
        "estimated_landing_time": 570.0,
        "wait_time": 0,
        "Landing_success_rate": 0.9023
    },
    {
        "model": 2,
        "sequence": 2,
        "status": 1,
        "fuel": 6701,
        "fault": 0.2397,
        "weapon": 0,
        "pilot_injury": 0.3979,
        "pilot_skill": 0.3651,
        "mission_priority": 0.2835,
        "estimated_landing_time": 194.0,
        "wait_time": 0,
        "Landing_success_rate": 0.9185
    },
    {
        "model": 0,
        "sequence": 1,
        "status": 1,
        "fuel": 7414,
        "fault": 0.4261,
        "weapon": 1,
        "pilot_injury": 0.3212,
        "pilot_skill": 0.5477,
        "mission_priority": 0.7738,
        "estimated_landing_time": 100.0,
        "wait_time": 0,
        "Landing_success_rate": 0.9324
    },
    {
        "model": 2,
        "sequence": 4,
        "status": 1,
        "fuel": 6611,
        "fault": 0.8444,
        "weapon": 1,
        "pilot_injury": 0.8273,
        "pilot_skill": 0.9848,
        "mission_priority": 0.8762,
        "estimated_landing_time": 382.0,
        "wait_time": 0,
        "Landing_success_rate": 0.863
    },
    {
        "model": 2,
        "sequence": 3,
        "status": 1,
        "fuel": 5597,
        "fault": 0.7149,
        "weapon": 0,
        "pilot_injury": 0.1295,
        "pilot_skill": 0.7224,
        "mission_priority": 0.6002,
        "estimated_landing_time": 288.0,
        "wait_time": 0,
        "Landing_success_rate": 0.8521
    },
    {
        "model": 2,
        "sequence": 7,
        "status": 1,
        "fuel": 6898,
        "fault": 0.1681,
        "weapon": 1,
        "pilot_injury": 0.444,
        "pilot_skill": 0.5239,
        "mission_priority": 0.3984,
        "estimated_landing_time": 664.0,
        "wait_time": 0,
        "Landing_success_rate": 0.9372
    },
    {
        "model": 2,
        "sequence": 5,
        "status": 1,
        "fuel": 7162,
        "fault": 0.4415,
        "weapon": 0,
        "pilot_injury": 0.8408,
        "pilot_skill": 0.786,
        "mission_priority": 0.0138,
        "estimated_landing_time": 476.0,
        "wait_time": 0,
        "Landing_success_rate": 0.9196
    },
    {
        "model": 1,
        "sequence": 11,
        "status": 1,
        "fuel": 7434,
        "fault": 0.0692,
        "weapon": 0,
        "pilot_injury": 0.888,
        "pilot_skill": 0.197,
        "mission_priority": 0.4396,
        "estimated_landing_time": 1040.0,
        "wait_time": 0,
        "Landing_success_rate": 0.985
    },
    {
        "model": 1,
        "sequence": 12,
        "status": 1,
        "fuel": 5881,
        "fault": 0.5405,
        "weapon": 0,
        "pilot_injury": 0.4159,
        "pilot_skill": 0.6786,
        "mission_priority": 0.5489,
        "estimated_landing_time": 1134.0,
        "wait_time": 0,
        "Landing_success_rate": 0.8631
    },
    {
        "model": 1,
        "sequence": 9,
        "status": 1,
        "fuel": 7426,
        "fault": 0.6037,
        "weapon": 0,
        "pilot_injury": 0.2042,
        "pilot_skill": 0.694,
        "mission_priority": 0.0031,
        "estimated_landing_time": 852.0,
        "wait_time": 0,
        "Landing_success_rate": 0.9072
    },
    {
        "model": 1,
        "sequence": 10,
        "status": 1,
        "fuel": 6263,
        "fault": 0.986,
        "weapon": 0,
        "pilot_injury": 0.3031,
        "pilot_skill": 0.5157,
        "mission_priority": 0.6453,
        "estimated_landing_time": 946.0,
        "wait_time": 0,
        "Landing_success_rate": 0.8508
    }
]