[
    {
        "model": 0,
        "sequence": 8,
        "status": 1,
        "fuel": 6486,
        "fault": 0.7134,
        "weapon": 0,
        "pilot_injury": 0.9823,
        "pilot_skill": 0.9469,
        "mission_priority": 0.8242,
        "estimated_landing_time": 758.0,
        "wait_time": 0,
        "Landing_success_rate": 0.8712
    },
    {
        "model": 0,
        "sequence": 4,
        "status": 1,
        "fuel": 6181,
        "fault": 0.8807,
        "weapon": 1,
        "pilot_injury": 0.1038,
        "pilot_skill": 0.2715,
        "mission_priority": 0.0057,
        "estimated_landing_time": 382.0,
        "wait_time": 0,
        "Landing_success_rate": 0.8561
    },
    {
        "model": 0,
        "sequence": 5,
        "status": 1,
        "fuel": 6276,
        "fault": 0.5876,
        "weapon": 1,
        "pilot_injury": 0.1465,
        "pilot_skill": 0.9017,
        "mission_priority": 0.8057,
        "estimated_landing_time": 476.0,
        "wait_time": 0,
        "Landing_success_rate": 0.874
    },
    {
        "model": 0,
        "sequence": 10,
        "status": 1,
        "fuel": 5643,
        "fault": 0.1384,
        "weapon": 1,
        "pilot_injury": 0.8191,
        "pilot_skill": 0.803,
        "mission_priority": 0.9455,
        "estimated_landing_time": 946.0,
        "wait_time": 0,
        "Landing_success_rate": 0.8592
    },
    {
        "model": 1,
        "sequence": 1,
        "status": 1,
        "fuel": 6090,
        "fault": 0.1358,
        "weapon": 0,
        "pilot_injury": 0.4101,
        "pilot_skill": 0.2503,
        "mission_priority": 0.7584,
        "estimated_landing_time": 100.0,
        "wait_time": 0,
        "Landing_success_rate": 0.8882
    },
    {
        "model": 0,
        "sequence": 12,
        "status": 1,
        "fuel": 7025,
        "fault": 0.7161,
        "weapon": 0,
        "pilot_injury": 0.534,
        "pilot_skill": 0.7939,
        "mission_priority": 0.2759,
        "estimated_landing_time": 1134.0,
        "wait_time": 0,
        "Landing_success_rate": 0.8825
    },
    {
        "model": 0,
        "sequence": 11,
        "status": 1,
        "fuel": 6540,
        "fault": 0.0556,
        "weapon": 0,
        "pilot_injury": 0.9431,
        "pilot_skill": 0.2666,
        "mission_priority": 0.9367,
        "estimated_landing_time": 1040.0,
        "wait_time": 0,
        "Landing_success_rate": 0.9237
    },
    {
        "model": 0,
        "sequence": 2,
        "status": 1,
        "fuel": 6467,
        "fault": 0.9944,
        "weapon": 1,
        "pilot_injury": 0.7869,
        "pilot_skill": 0.6054,
        "mission_priority": 0.2441,
        "estimated_landing_time": 194.0,
        "wait_time": 0,
        "Landing_success_rate": 0.8504
    },
    {
        "model": 2,
        "sequence": 7,
        "status": 1,
        "fuel": 7042,
        "fault": 0.1851,
        "weapon": 1,
        "pilot_injury": 0.7251,
        "pilot_skill": 0.2132,
        "mission_priority": 0.6151,
        "estimated_landing_time": 664.0,
        "wait_time": 0,
        "Landing_success_rate": 0.9442
    },
    {
        "model": 2,
        "sequence": 3,
        "status": 1,
        "fuel": 6956,
        "fault": 0.1587,
        "weapon": 0,
        "pilot_injury": 0.8386,
        "pilot_skill": 0.9795,
        "mission_priority": 0.6778,
        "estimated_landing_time": 288.0,
        "wait_time": 0,
        "Landing_success_rate": 0.9419
    },
    {
        "model": 1,
        "sequence": 9,
        "status": 1,
        "fuel": 5682,
        "fault": 0.5901,
        "weapon": 1,
        "pilot_injury": 0.83,
        "pilot_skill": 0.2712,
        "mission_priority": 0.4726,
        "estimated_landing_time": 852.0,
        "wait_time": 0,
        "Landing_success_rate": 0.8556
    },
    {
        "model": 1,
        "sequence": 6,
        "status": 1,
        "fuel": 5699,
        "fault": 0.1257,
        "weapon": 1,
        "pilot_injury": 0.911,
        "pilot_skill": 0.0921,
        "mission_priority": 0.3646,
        "estimated_landing_time": 570.0,
        "wait_time": 0,
        "Landing_success_rate": 0.863
    }
]