[
    {
        "model": 2,
        "sequence": 12,
        "status": 1,
        "fuel": 6568,
        "fault": 0.039,
        "weapon": 1,
        "pilot_injury": 0.8951,
        "pilot_skill": 0.7896,
        "mission_priority": 0.9723,
        "estimated_landing_time": 1134.0,
        "wait_time": 0,
        "Landing_success_rate": 0.927
    },
    {
        "model": 1,
        "sequence": 3,
        "status": 1,
        "fuel": 6572,
        "fault": 0.7257,
        "weapon": 1,
        "pilot_injury": 0.519,
        "pilot_skill": 0.3864,
        "mission_priority": 0.4687,
        "estimated_landing_time": 288.0,
        "wait_time": 0,
        "Landing_success_rate": 0.8721
    },
    {
        "model": 0,
        "sequence": 8,
        "status": 1,
        "fuel": 7097,
        "fault": 0.251,
        "weapon": 1,
        "pilot_injury": 0.5959,
        "pilot_skill": 0.8571,
        "mission_priority": 0.8628,
        "estimated_landing_time": 758.0,
        "wait_time": 0,
        "Landing_success_rate": 0.9397
    },
    {
        "model": 0,
        "sequence": 2,
        "status": 1,
        "fuel": 7494,
        "fault": 0.9645,
        "weapon": 0,
        "pilot_injury": 0.6396,
        "pilot_skill": 0.4459,
        "mission_priority": 0.0814,
        "estimated_landing_time": 194.0,
        "wait_time": 0,
        "Landing_success_rate": 0.8553
    },
    {
        "model": 1,
        "sequence": 11,
        "status": 1,
        "fuel": 5730,
        "fault": 0.0778,
        "weapon": 0,
        "pilot_injury": 0.0485,
        "pilot_skill": 0.6967,
        "mission_priority": 0.8412,
        "estimated_landing_time": 1040.0,
        "wait_time": 0,
        "Landing_success_rate": 0.8659
    },
    {
        "model": 0,
        "sequence": 7,
        "status": 1,
        "fuel": 7171,
        "fault": 0.8592,
        "weapon": 1,
        "pilot_injury": 0.7076,
        "pilot_skill": 0.4293,
        "mission_priority": 0.0914,
        "estimated_landing_time": 664.0,
        "wait_time": 0,
        "Landing_success_rate": 0.8676
    },
    {
        "model": 0,
        "sequence": 5,
        "status": 1,
        "fuel": 7250,
        "fault": 0.354,
        "weapon": 0,
        "pilot_injury": 0.6654,
        "pilot_skill": 0.5313,
        "mission_priority": 0.0547,
        "estimated_landing_time": 476.0,
        "wait_time": 0,
        "Landing_success_rate": 0.9348
    },
    {
        "model": 2,
        "sequence": 6,
        "status": 1,
        "fuel": 6423,
        "fault": 0.1449,
        "weapon": 0,
        "pilot_injury": 0.1491,
        "pilot_skill": 0.9816,
        "mission_priority": 0.7369,
        "estimated_landing_time": 570.0,
        "wait_time": 0,
        "Landing_success_rate": 0.9092
    },
    {
        "model": 2,
        "sequence": 9,
        "status": 1,
        "fuel": 6079,
        "fault": 0.8057,
        "weapon": 1,
        "pilot_injury": 0.1067,
        "pilot_skill": 0.5604,
        "mission_priority": 0.0737,
        "estimated_landing_time": 852.0,
        "wait_time": 0,
        "Landing_success_rate": 0.8584
    },
    {
        "model": 1,
        "sequence": 10,
        "status": 1,
        "fuel": 6091,
        "fault": 0.6994,
        "weapon": 1,
        "pilot_injury": 0.8744,
        "pilot_skill": 0.7251,
        "mission_priority": 0.2496,
        "estimated_landing_time": 946.0,
        "wait_time": 0,
        "Landing_success_rate": 0.8633
    },
    {
        "model": 1,
        "sequence": 1,
        "status": 1,
        "fuel": 6868,
        "fault": 0.3003,
        "weapon": 0,
        "pilot_injury": 0.6064,
        "pilot_skill": 0.169,
        "mission_priority": 0.8578,
        "estimated_landing_time": 100.0,
        "wait_time": 0,
        "Landing_success_rate": 0.9218
    },
    {
        "model": 1,
        "sequence": 4,
        "status": 1,
        "fuel": 6225,
        "fault": 0.5848,
        "weapon": 1,
        "pilot_injury": 0.9408,
        "pilot_skill": 0.3023,
        "mission_priority": 0.8611,
        "estimated_landing_time": 382.0,
        "wait_time": 0,
        "Landing_success_rate": 0.8726
    }
]