[
    {
        "model": 1,
        "sequence": 12,
        "status": 1,
        "fuel": 6808,
        "fault": 0.8886,
        "weapon": 0,
        "pilot_injury": 0.4867,
        "pilot_skill": 0.4043,
        "mission_priority": 0.8265,
        "estimated_landing_time": 1134.0,
        "wait_time": 0,
        "Landing_success_rate": 0.8609
    },
    {
        "model": 0,
        "sequence": 3,
        "status": 1,
        "fuel": 6067,
        "fault": 0.1656,
        "weapon": 0,
        "pilot_injury": 0.9581,
        "pilot_skill": 0.9495,
        "mission_priority": 0.9935,
        "estimated_landing_time": 288.0,
        "wait_time": 0,
        "Landing_success_rate": 0.8855
    },
    {
        "model": 1,
        "sequence": 4,
        "status": 1,
        "fuel": 6480,
        "fault": 0.026,
        "weapon": 0,
        "pilot_injury": 0.8802,
        "pilot_skill": 0.1451,
        "mission_priority": 0.1556,
        "estimated_landing_time": 382.0,
        "wait_time": 0,
        "Landing_success_rate": 0.9216
    },
    {
        "model": 2,
        "sequence": 9,
        "status": 1,
        "fuel": 5693,
        "fault": 0.1087,
        "weapon": 1,
        "pilot_injury": 0.1072,
        "pilot_skill": 0.7783,
        "mission_priority": 0.0583,
        "estimated_landing_time": 852.0,
        "wait_time": 0,
        "Landing_success_rate": 0.8629
    },
    {
        "model": 1,
        "sequence": 1,
        "status": 1,
        "fuel": 5978,
        "fault": 0.4388,
        "weapon": 1,
        "pilot_injury": 0.3792,
        "pilot_skill": 0.9897,
        "mission_priority": 0.9669,
        "estimated_landing_time": 100.0,
        "wait_time": 0,
        "Landing_success_rate": 0.8701
    },
    {
        "model": 0,
        "sequence": 5,
        "status": 1,
        "fuel": 6695,
        "fault": 0.2262,
        "weapon": 1,
        "pilot_injury": 0.6923,
        "pilot_skill": 0.4088,
        "mission_priority": 0.7396,
        "estimated_landing_time": 476.0,
        "wait_time": 0,
        "Landing_success_rate": 0.9194
    },
    {
        "model": 2,
        "sequence": 8,
        "status": 1,
        "fuel": 6395,
        "fault": 0.2969,
        "weapon": 0,
        "pilot_injury": 0.196,
        "pilot_skill": 0.4087,
        "mission_priority": 0.1692,
        "estimated_landing_time": 758.0,
        "wait_time": 0,
        "Landing_success_rate": 0.8972
    },
    {
        "model": 1,
        "sequence": 10,
        "status": 1,
        "fuel": 6120,
        "fault": 0.7083,
        "weapon": 1,
        "pilot_injury": 0.8128,
        "pilot_skill": 0.3019,
        "mission_priority": 0.2817,
        "estimated_landing_time": 946.0,
        "wait_time": 0,
        "Landing_success_rate": 0.8636
    },
    {
        "model": 1,
        "sequence": 7,
        "status": 1,
        "fuel": 6562,
        "fault": 0.1043,
        "weapon": 1,
        "pilot_injury": 0.8185,
        "pilot_skill": 0.9934,
        "mission_priority": 0.9797,
        "estimated_landing_time": 664.0,
        "wait_time": 0,
        "Landing_success_rate": 0.9213
    },
    {
        "model": 2,
        "sequence": 6,
        "status": 1,
        "fuel": 6046,
        "fault": 0.4548,
        "weapon": 1,
        "pilot_injury": 0.0655,
        "pilot_skill": 0.738,
        "mission_priority": 0.978,
        "estimated_landing_time": 570.0,
        "wait_time": 0,
        "Landing_success_rate": 0.8723
    },
    {
        "model": 1,
        "sequence": 2,
        "status": 1,
        "fuel": 7043,
        "fault": 0.1921,
        "weapon": 1,
        "pilot_injury": 0.8318,
        "pilot_skill": 0.1023,
        "mission_priority": 0.0816,
        "estimated_landing_time": 194.0,
        "wait_time": 0,
        "Landing_success_rate": 0.9435
    },
    {
        "model": 0,
        "sequence": 11,
        "status": 1,
        "fuel": 5700,
        "fault": 0.7934,
        "weapon": 1,
        "pilot_injury": 0.114,
        "pilot_skill": 0.5696,
        "mission_priority": 0.7568,
        "estimated_landing_time": 1040.0,
        "wait_time": 0,
        "Landing_success_rate": 0.8531
    }
]