[
    {
        "model": 2,
        "sequence": 6,
        "status": 1,
        "fuel": 6072,
        "fault": 0.1483,
        "weapon": 0,
        "pilot_injury": 0.6094,
        "pilot_skill": 0.9213,
        "mission_priority": 0.2488,
        "estimated_landing_time": 570.0,
        "wait_time": 0,
        "Landing_success_rate": 0.8865
    },
    {
        "model": 2,
        "sequence": 5,
        "status": 1,
        "fuel": 6823,
        "fault": 0.8112,
        "weapon": 0,
        "pilot_injury": 0.7509,
        "pilot_skill": 0.4472,
        "mission_priority": 0.6339,
        "estimated_landing_time": 476.0,
        "wait_time": 0,
        "Landing_success_rate": 0.8687
    },
    {
        "model": 1,
        "sequence": 8,
        "status": 1,
        "fuel": 5781,
        "fault": 0.349,
        "weapon": 0,
        "pilot_injury": 0.8223,
        "pilot_skill": 0.1805,
        "mission_priority": 0.6954,
        "estimated_landing_time": 758.0,
        "wait_time": 0,
        "Landing_success_rate": 0.8637
    },
    {
        "model": 0,
        "sequence": 4,
        "status": 1,
        "fuel": 6447,
        "fault": 0.7027,
        "weapon": 0,
        "pilot_injury": 0.3232,
        "pilot_skill": 0.0135,
        "mission_priority": 0.7971,
        "estimated_landing_time": 382.0,
        "wait_time": 0,
        "Landing_success_rate": 0.8711
    },
    {
        "model": 2,
        "sequence": 7,
        "status": 1,
        "fuel": 5933,
        "fault": 0.7392,
        "weapon": 1,
        "pilot_injury": 0.336,
        "pilot_skill": 0.4987,
        "mission_priority": 0.7025,
        "estimated_landing_time": 664.0,
        "wait_time": 0,
        "Landing_success_rate": 0.8585
    },
    {
        "model": 2,
        "sequence": 3,
        "status": 1,
        "fuel": 6135,
        "fault": 0.7699,
        "weapon": 1,
        "pilot_injury": 0.6631,
        "pilot_skill": 0.7207,
        "mission_priority": 0.2969,
        "estimated_landing_time": 288.0,
        "wait_time": 0,
        "Landing_success_rate": 0.861
    },
    {
        "model": 1,
        "sequence": 12,
        "status": 1,
        "fuel": 7361,
        "fault": 0.1173,
        "weapon": 0,
        "pilot_injury": 0.6771,
        "pilot_skill": 0.6481,
        "mission_priority": 0.0589,
        "estimated_landing_time": 1134.0,
        "wait_time": 0,
        "Landing_success_rate": 0.9732
    },
    {
        "model": 0,
        "sequence": 2,
        "status": 1,
        "fuel": 5737,
        "fault": 0.5706,
        "weapon": 0,
        "pilot_injury": 0.8479,
        "pilot_skill": 0.9746,
        "mission_priority": 0.9571,
        "estimated_landing_time": 194.0,
        "wait_time": 0,
        "Landing_success_rate": 0.8576
    },
    {
        "model": 2,
        "sequence": 9,
        "status": 1,
        "fuel": 6513,
        "fault": 0.0375,
        "weapon": 1,
        "pilot_injury": 0.8857,
        "pilot_skill": 0.0751,
        "mission_priority": 0.8512,
        "estimated_landing_time": 852.0,
        "wait_time": 0,
        "Landing_success_rate": 0.9231
    },
    {
        "model": 2,
        "sequence": 10,
        "status": 1,
        "fuel": 6735,
        "fault": 0.9336,
        "weapon": 1,
        "pilot_injury": 0.0381,
        "pilot_skill": 0.7712,
        "mission_priority": 0.1117,
        "estimated_landing_time": 946.0,
        "wait_time": 0,
        "Landing_success_rate": 0.8562
    },
    {
        "model": 2,
        "sequence": 1,
        "status": 1,
        "fuel": 6569,
        "fault": 0.3188,
        "weapon": 0,
        "pilot_injury": 0.6953,
        "pilot_skill": 0.006,
        "mission_priority": 0.403,
        "estimated_landing_time": 100.0,
        "wait_time": 0,
        "Landing_success_rate": 0.9046
    },
    {
        "model": 0,
        "sequence": 11,
        "status": 1,
        "fuel": 6292,
        "fault": 0.0677,
        "weapon": 0,
        "pilot_injury": 0.9689,
        "pilot_skill": 0.6553,
        "mission_priority": 0.2244,
        "estimated_landing_time": 1040.0,
        "wait_time": 0,
        "Landing_success_rate": 0.9054
    }
]