[
    {
        "model": 2,
        "sequence": 11,
        "status": 1,
        "fuel": 6918,
        "fault": 0.8028,
        "weapon": 0,
        "pilot_injury": 0.7567,
        "pilot_skill": 0.8699,
        "mission_priority": 0.1739,
        "estimated_landing_time": 1040.0,
        "wait_time": 0,
        "Landing_success_rate": 0.871
    },
    {
        "model": 0,
        "sequence": 8,
        "status": 1,
        "fuel": 5513,
        "fault": 0.6167,
        "weapon": 0,
        "pilot_injury": 0.8953,
        "pilot_skill": 0.2955,
        "mission_priority": 0.2337,
        "estimated_landing_time": 758.0,
        "wait_time": 0,
        "Landing_success_rate": 0.8504
    },
    {
        "model": 1,
        "sequence": 12,
        "status": 1,
        "fuel": 5683,
        "fault": 0.1424,
        "weapon": 0,
        "pilot_injury": 0.7156,
        "pilot_skill": 0.9591,
        "mission_priority": 0.3127,
        "estimated_landing_time": 1134.0,
        "wait_time": 0,
        "Landing_success_rate": 0.8618
    },
    {
        "model": 2,
        "sequence": 6,
        "status": 1,
        "fuel": 6916,
        "fault": 0.8416,
        "weapon": 0,
        "pilot_injury": 0.8525,
        "pilot_skill": 0.3282,
        "mission_priority": 0.0688,
        "estimated_landing_time": 570.0,
        "wait_time": 0,
        "Landing_success_rate": 0.8668
    },
    {
        "model": 1,
        "sequence": 7,
        "status": 1,
        "fuel": 6786,
        "fault": 0.8994,
        "weapon": 1,
        "pilot_injury": 0.9266,
        "pilot_skill": 0.3419,
        "mission_priority": 0.6477,
        "estimated_landing_time": 664.0,
        "wait_time": 0,
        "Landing_success_rate": 0.8597
    },
    {
        "model": 2,
        "sequence": 4,
        "status": 1,
        "fuel": 5916,
        "fault": 0.7806,
        "weapon": 0,
        "pilot_injury": 0.9931,
        "pilot_skill": 0.1087,
        "mission_priority": 0.6311,
        "estimated_landing_time": 382.0,
        "wait_time": 0,
        "Landing_success_rate": 0.8568
    },
    {
        "model": 0,
        "sequence": 9,
        "status": 1,
        "fuel": 6948,
        "fault": 0.4777,
        "weapon": 0,
        "pilot_injury": 0.7541,
        "pilot_skill": 0.8925,
        "mission_priority": 0.3437,
        "estimated_landing_time": 852.0,
        "wait_time": 0,
        "Landing_success_rate": 0.9067
    },
    {
        "model": 0,
        "sequence": 2,
        "status": 1,
        "fuel": 5868,
        "fault": 0.5399,
        "weapon": 1,
        "pilot_injury": 0.2555,
        "pilot_skill": 0.3672,
        "mission_priority": 0.9461,
        "estimated_landing_time": 194.0,
        "wait_time": 0,
        "Landing_success_rate": 0.8627
    },
    {
        "model": 0,
        "sequence": 10,
        "status": 1,
        "fuel": 5701,
        "fault": 0.5164,
        "weapon": 0,
        "pilot_injury": 0.8801,
        "pilot_skill": 0.8851,
        "mission_priority": 0.5279,
        "estimated_landing_time": 946.0,
        "wait_time": 0,
        "Landing_success_rate": 0.8573
    },
    {
        "model": 1,
        "sequence": 3,
        "status": 1,
        "fuel": 6580,
        "fault": 0.2656,
        "weapon": 1,
        "pilot_injury": 0.4569,
        "pilot_skill": 0.7512,
        "mission_priority": 0.7117,
        "estimated_landing_time": 288.0,
        "wait_time": 0,
        "Landing_success_rate": 0.9095
    },
    {
        "model": 0,
        "sequence": 5,
        "status": 1,
        "fuel": 7263,
        "fault": 0.1088,
        "weapon": 1,
        "pilot_injury": 0.8026,
        "pilot_skill": 0.9821,
        "mission_priority": 0.8892,
        "estimated_landing_time": 476.0,
        "wait_time": 0,
        "Landing_success_rate": 0.9678
    },
    {
        "model": 0,
        "sequence": 1,
        "status": 1,
        "fuel": 6069,
        "fault": 0.2137,
        "weapon": 0,
        "pilot_injury": 0.4145,
        "pilot_skill": 0.6175,
        "mission_priority": 0.6431,
        "estimated_landing_time": 100.0,
        "wait_time": 0,
        "Landing_success_rate": 0.8836
    }
]