[
    {
        "model": 2,
        "sequence": 12,
        "status": 1,
        "fuel": 6381,
        "fault": 0.1094,
        "weapon": 0,
        "pilot_injury": 0.7756,
        "pilot_skill": 0.1246,
        "mission_priority": 0.6537,
        "estimated_landing_time": 1134.0,
        "wait_time": 0,
        "Landing_success_rate": 0.9088
    },
    {
        "model": 1,
        "sequence": 11,
        "status": 1,
        "fuel": 7490,
        "fault": 0.6379,
        "weapon": 1,
        "pilot_injury": 0.2404,
        "pilot_skill": 0.684,
        "mission_priority": 0.295,
        "estimated_landing_time": 1040.0,
        "wait_time": 0,
        "Landing_success_rate": 0.904
    },
    {
        "model": 0,
        "sequence": 7,
        "status": 1,
        "fuel": 6321,
        "fault": 0.5469,
        "weapon": 0,
        "pilot_injury": 0.1133,
        "pilot_skill": 0.6593,
        "mission_priority": 0.9256,
        "estimated_landing_time": 664.0,
        "wait_time": 0,
        "Landing_success_rate": 0.8779
    },
    {
        "model": 1,
        "sequence": 9,
        "status": 1,
        "fuel": 5627,
        "fault": 0.1631,
        "weapon": 0,
        "pilot_injury": 0.8093,
        "pilot_skill": 0.3536,
        "mission_priority": 0.9005,
        "estimated_landing_time": 852.0,
        "wait_time": 0,
        "Landing_success_rate": 0.858
    },
    {
        "model": 2,
        "sequence": 8,
        "status": 1,
        "fuel": 6152,
        "fault": 0.7251,
        "weapon": 0,
        "pilot_injury": 0.4071,
        "pilot_skill": 0.3373,
        "mission_priority": 0.7852,
        "estimated_landing_time": 758.0,
        "wait_time": 0,
        "Landing_success_rate": 0.8634
    },
    {
        "model": 0,
        "sequence": 1,
        "status": 1,
        "fuel": 6502,
        "fault": 0.9147,
        "weapon": 1,
        "pilot_injury": 0.6024,
        "pilot_skill": 0.9756,
        "mission_priority": 0.9378,
        "estimated_landing_time": 100.0,
        "wait_time": 0,
        "Landing_success_rate": 0.8564
    },
    {
        "model": 0,
        "sequence": 5,
        "status": 1,
        "fuel": 7329,
        "fault": 0.1349,
        "weapon": 1,
        "pilot_injury": 0.8295,
        "pilot_skill": 0.8989,
        "mission_priority": 0.0681,
        "estimated_landing_time": 476.0,
        "wait_time": 0,
        "Landing_success_rate": 0.9687
    },
    {
        "model": 0,
        "sequence": 10,
        "status": 1,
        "fuel": 5823,
        "fault": 0.1155,
        "weapon": 0,
        "pilot_injury": 0.4344,
        "pilot_skill": 0.1693,
        "mission_priority": 0.4962,
        "estimated_landing_time": 946.0,
        "wait_time": 0,
        "Landing_success_rate": 0.8714
    },
    {
        "model": 2,
        "sequence": 4,
        "status": 1,
        "fuel": 6037,
        "fault": 0.187,
        "weapon": 1,
        "pilot_injury": 0.6658,
        "pilot_skill": 0.0664,
        "mission_priority": 0.876,
        "estimated_landing_time": 382.0,
        "wait_time": 0,
        "Landing_success_rate": 0.8827
    },
    {
        "model": 1,
        "sequence": 3,
        "status": 1,
        "fuel": 7198,
        "fault": 0.3986,
        "weapon": 0,
        "pilot_injury": 0.8814,
        "pilot_skill": 0.1314,
        "mission_priority": 0.7974,
        "estimated_landing_time": 288.0,
        "wait_time": 0,
        "Landing_success_rate": 0.9266
    },
    {
        "model": 0,
        "sequence": 6,
        "status": 1,
        "fuel": 7272,
        "fault": 0.8232,
        "weapon": 1,
        "pilot_injury": 0.3238,
        "pilot_skill": 0.5856,
        "mission_priority": 0.3015,
        "estimated_landing_time": 570.0,
        "wait_time": 0,
        "Landing_success_rate": 0.8735
    },
    {
        "model": 1,
        "sequence": 2,
        "status": 1,
        "fuel": 6647,
        "fault": 0.3974,
        "weapon": 1,
        "pilot_injury": 0.8608,
        "pilot_skill": 0.6339,
        "mission_priority": 0.2153,
        "estimated_landing_time": 194.0,
        "wait_time": 0,
        "Landing_success_rate": 0.9018
    }
]