[
    {
        "model": 0,
        "sequence": 6,
        "status": 1,
        "fuel": 6779,
        "fault": 0.3599,
        "weapon": 1,
        "pilot_injury": 0.6286,
        "pilot_skill": 0.0906,
        "mission_priority": 0.4658,
        "estimated_landing_time": 570.0,
        "wait_time": 0,
        "Landing_success_rate": 0.9114
    },
    {
        "model": 1,
        "sequence": 4,
        "status": 1,
        "fuel": 6005,
        "fault": 0.8279,
        "weapon": 0,
        "pilot_injury": 0.7771,
        "pilot_skill": 0.1583,
        "mission_priority": 0.1233,
        "estimated_landing_time": 382.0,
        "wait_time": 0,
        "Landing_success_rate": 0.8565
    },
    {
        "model": 1,
        "sequence": 2,
        "status": 1,
        "fuel": 6810,
        "fault": 0.086,
        "weapon": 0,
        "pilot_injury": 0.7478,
        "pilot_skill": 0.0195,
        "mission_priority": 0.401,
        "estimated_landing_time": 194.0,
        "wait_time": 0,
        "Landing_success_rate": 0.9398
    },
    {
        "model": 1,
        "sequence": 5,
        "status": 1,
        "fuel": 6906,
        "fault": 0.944,
        "weapon": 0,
        "pilot_injury": 0.4593,
        "pilot_skill": 0.9645,
        "mission_priority": 0.219,
        "estimated_landing_time": 476.0,
        "wait_time": 0,
        "Landing_success_rate": 0.8559
    },
    {
        "model": 1,
        "sequence": 8,
        "status": 1,
        "fuel": 6031,
        "fault": 0.5456,
        "weapon": 0,
        "pilot_injury": 0.8256,
        "pilot_skill": 0.407,
        "mission_priority": 0.6869,
        "estimated_landing_time": 758.0,
        "wait_time": 0,
        "Landing_success_rate": 0.8681
    },
    {
        "model": 1,
        "sequence": 1,
        "status": 1,
        "fuel": 6669,
        "fault": 0.6155,
        "weapon": 0,
        "pilot_injury": 0.8956,
        "pilot_skill": 0.9499,
        "mission_priority": 0.7188,
        "estimated_landing_time": 100.0,
        "wait_time": 0,
        "Landing_success_rate": 0.8837
    },
    {
        "model": 1,
        "sequence": 12,
        "status": 1,
        "fuel": 7164,
        "fault": 0.2525,
        "weapon": 1,
        "pilot_injury": 0.0259,
        "pilot_skill": 0.1027,
        "mission_priority": 0.6614,
        "estimated_landing_time": 1134.0,
        "wait_time": 0,
        "Landing_success_rate": 0.9433
    },
    {
        "model": 1,
        "sequence": 3,
        "status": 1,
        "fuel": 6596,
        "fault": 0.056,
        "weapon": 0,
        "pilot_injury": 0.4361,
        "pilot_skill": 0.4294,
        "mission_priority": 0.6781,
        "estimated_landing_time": 288.0,
        "wait_time": 0,
        "Landing_success_rate": 0.9276
    },
    {
        "model": 0,
        "sequence": 10,
        "status": 1,
        "fuel": 7435,
        "fault": 0.517,
        "weapon": 0,
        "pilot_injury": 0.214,
        "pilot_skill": 0.7733,
        "mission_priority": 0.3204,
        "estimated_landing_time": 946.0,
        "wait_time": 0,
        "Landing_success_rate": 0.9201
    },
    {
        "model": 0,
        "sequence": 11,
        "status": 1,
        "fuel": 7345,
        "fault": 0.603,
        "weapon": 0,
        "pilot_injury": 0.0905,
        "pilot_skill": 0.9714,
        "mission_priority": 0.6324,
        "estimated_landing_time": 1040.0,
        "wait_time": 0,
        "Landing_success_rate": 0.9049
    },
    {
        "model": 1,
        "sequence": 9,
        "status": 1,
        "fuel": 7065,
        "fault": 0.8635,
        "weapon": 1,
        "pilot_injury": 0.9712,
        "pilot_skill": 0.1456,
        "mission_priority": 0.0407,
        "estimated_landing_time": 852.0,
        "wait_time": 0,
        "Landing_success_rate": 0.866
    },
    {
        "model": 2,
        "sequence": 7,
        "status": 1,
        "fuel": 6709,
        "fault": 0.6544,
        "weapon": 0,
        "pilot_injury": 0.083,
        "pilot_skill": 0.5122,
        "mission_priority": 0.3275,
        "estimated_landing_time": 664.0,
        "wait_time": 0,
        "Landing_success_rate": 0.8813
    }
]