[
    {
        "model": 2,
        "sequence": 11,
        "status": 1,
        "fuel": 7152,
        "fault": 0.2235,
        "weapon": 1,
        "pilot_injury": 0.5146,
        "pilot_skill": 0.7419,
        "mission_priority": 0.6829,
        "estimated_landing_time": 1040.0,
        "wait_time": 0,
        "Landing_success_rate": 0.9462
    },
    {
        "model": 0,
        "sequence": 6,
        "status": 1,
        "fuel": 6431,
        "fault": 0.8193,
        "weapon": 1,
        "pilot_injury": 0.7538,
        "pilot_skill": 0.8814,
        "mission_priority": 0.1715,
        "estimated_landing_time": 570.0,
        "wait_time": 0,
        "Landing_success_rate": 0.8626
    },
    {
        "model": 1,
        "sequence": 5,
        "status": 1,
        "fuel": 7486,
        "fault": 0.0053,
        "weapon": 1,
        "pilot_injury": 0.7808,
        "pilot_skill": 0.2826,
        "mission_priority": 0.5639,
        "estimated_landing_time": 476.0,
        "wait_time": 0,
        "Landing_success_rate": 0.9982
    },
    {
        "model": 0,
        "sequence": 7,
        "status": 1,
        "fuel": 6177,
        "fault": 0.5799,
        "weapon": 0,
        "pilot_injury": 0.3552,
        "pilot_skill": 0.2793,
        "mission_priority": 0.6748,
        "estimated_landing_time": 664.0,
        "wait_time": 0,
        "Landing_success_rate": 0.8713
    },
    {
        "model": 0,
        "sequence": 1,
        "status": 1,
        "fuel": 6587,
        "fault": 0.5739,
        "weapon": 0,
        "pilot_injury": 0.1553,
        "pilot_skill": 0.8229,
        "mission_priority": 0.2548,
        "estimated_landing_time": 100.0,
        "wait_time": 0,
        "Landing_success_rate": 0.8847
    },
    {
        "model": 2,
        "sequence": 2,
        "status": 1,
        "fuel": 6260,
        "fault": 0.3454,
        "weapon": 1,
        "pilot_injury": 0.4545,
        "pilot_skill": 0.1971,
        "mission_priority": 0.1599,
        "estimated_landing_time": 194.0,
        "wait_time": 0,
        "Landing_success_rate": 0.8873
    },
    {
        "model": 1,
        "sequence": 9,
        "status": 1,
        "fuel": 7240,
        "fault": 0.5409,
        "weapon": 1,
        "pilot_injury": 0.9972,
        "pilot_skill": 0.7874,
        "mission_priority": 0.877,
        "estimated_landing_time": 852.0,
        "wait_time": 0,
        "Landing_success_rate": 0.9099
    },
    {
        "model": 0,
        "sequence": 12,
        "status": 1,
        "fuel": 5771,
        "fault": 0.4096,
        "weapon": 1,
        "pilot_injury": 0.0763,
        "pilot_skill": 0.9299,
        "mission_priority": 0.3964,
        "estimated_landing_time": 1134.0,
        "wait_time": 0,
        "Landing_success_rate": 0.862
    },
    {
        "model": 1,
        "sequence": 10,
        "status": 1,
        "fuel": 5732,
        "fault": 0.1412,
        "weapon": 0,
        "pilot_injury": 0.7152,
        "pilot_skill": 0.7357,
        "mission_priority": 0.9969,
        "estimated_landing_time": 946.0,
        "wait_time": 0,
        "Landing_success_rate": 0.8649
    },
    {
        "model": 1,
        "sequence": 3,
        "status": 1,
        "fuel": 6243,
        "fault": 0.5928,
        "weapon": 1,
        "pilot_injury": 0.5572,
        "pilot_skill": 0.3666,
        "mission_priority": 0.196,
        "estimated_landing_time": 288.0,
        "wait_time": 0,
        "Landing_success_rate": 0.8727
    },
    {
        "model": 2,
        "sequence": 4,
        "status": 1,
        "fuel": 5812,
        "fault": 0.8001,
        "weapon": 1,
        "pilot_injury": 0.5488,
        "pilot_skill": 0.9062,
        "mission_priority": 0.9127,
        "estimated_landing_time": 382.0,
        "wait_time": 0,
        "Landing_success_rate": 0.8547
    },
    {
        "model": 1,
        "sequence": 8,
        "status": 1,
        "fuel": 7458,
        "fault": 0.7962,
        "weapon": 0,
        "pilot_injury": 0.2451,
        "pilot_skill": 0.2551,
        "mission_priority": 0.0949,
        "estimated_landing_time": 758.0,
        "wait_time": 0,
        "Landing_success_rate": 0.8799
    }
]