[
    {
        "model": 2,
        "sequence": 9,
        "status": 1,
        "fuel": 5987,
        "fault": 0.1346,
        "weapon": 1,
        "pilot_injury": 0.681,
        "pilot_skill": 0.9499,
        "mission_priority": 0.2844,
        "estimated_landing_time": 852.0,
        "wait_time": 0,
        "Landing_success_rate": 0.8816
    },
    {
        "model": 2,
        "sequence": 12,
        "status": 1,
        "fuel": 6778,
        "fault": 0.736,
        "weapon": 0,
        "pilot_injury": 0.9984,
        "pilot_skill": 0.5784,
        "mission_priority": 0.0588,
        "estimated_landing_time": 1134.0,
        "wait_time": 0,
        "Landing_success_rate": 0.8753
    },
    {
        "model": 1,
        "sequence": 1,
        "status": 1,
        "fuel": 5738,
        "fault": 0.1262,
        "weapon": 1,
        "pilot_injury": 0.54,
        "pilot_skill": 0.2775,
        "mission_priority": 0.915,
        "estimated_landing_time": 100.0,
        "wait_time": 0,
        "Landing_success_rate": 0.8656
    },
    {
        "model": 2,
        "sequence": 10,
        "status": 1,
        "fuel": 5828,
        "fault": 0.0192,
        "weapon": 1,
        "pilot_injury": 0.2991,
        "pilot_skill": 0.3874,
        "mission_priority": 0.9471,
        "estimated_landing_time": 946.0,
        "wait_time": 0,
        "Landing_success_rate": 0.8741
    },
    {
        "model": 0,
        "sequence": 8,
        "status": 1,
        "fuel": 5530,
        "fault": 0.2176,
        "weapon": 0,
        "pilot_injury": 0.3885,
        "pilot_skill": 0.7742,
        "mission_priority": 0.1293,
        "estimated_landing_time": 758.0,
        "wait_time": 0,
        "Landing_success_rate": 0.8518
    },
    {
        "model": 1,
        "sequence": 11,
        "status": 1,
        "fuel": 5985,
        "fault": 0.7874,
        "weapon": 1,
        "pilot_injury": 0.407,
        "pilot_skill": 0.0585,
        "mission_priority": 0.7051,
        "estimated_landing_time": 1040.0,
        "wait_time": 0,
        "Landing_success_rate": 0.8577
    },
    {
        "model": 1,
        "sequence": 2,
        "status": 1,
        "fuel": 6270,
        "fault": 0.2753,
        "weapon": 0,
        "pilot_injury": 0.6127,
        "pilot_skill": 0.9199,
        "mission_priority": 0.111,
        "estimated_landing_time": 194.0,
        "wait_time": 0,
        "Landing_success_rate": 0.8919
    },
    {
        "model": 1,
        "sequence": 4,
        "status": 1,
        "fuel": 6261,
        "fault": 0.1579,
        "weapon": 1,
        "pilot_injury": 0.0708,
        "pilot_skill": 0.0226,
        "mission_priority": 0.4642,
        "estimated_landing_time": 382.0,
        "wait_time": 0,
        "Landing_success_rate": 0.8981
    },
    {
        "model": 0,
        "sequence": 5,
        "status": 1,
        "fuel": 7017,
        "fault": 0.5844,
        "weapon": 0,
        "pilot_injury": 0.8366,
        "pilot_skill": 0.6566,
        "mission_priority": 0.3322,
        "estimated_landing_time": 476.0,
        "wait_time": 0,
        "Landing_success_rate": 0.8973
    },
    {
        "model": 2,
        "sequence": 7,
        "status": 1,
        "fuel": 5708,
        "fault": 0.7174,
        "weapon": 1,
        "pilot_injury": 0.2164,
        "pilot_skill": 0.4995,
        "mission_priority": 0.6245,
        "estimated_landing_time": 664.0,
        "wait_time": 0,
        "Landing_success_rate": 0.8544
    },
    {
        "model": 1,
        "sequence": 6,
        "status": 1,
        "fuel": 6718,
        "fault": 0.7778,
        "weapon": 1,
        "pilot_injury": 0.0135,
        "pilot_skill": 0.3247,
        "mission_priority": 0.0739,
        "estimated_landing_time": 570.0,
        "wait_time": 0,
        "Landing_success_rate": 0.8703
    },
    {
        "model": 0,
        "sequence": 3,
        "status": 1,
        "fuel": 7066,
        "fault": 0.8647,
        "weapon": 0,
        "pilot_injury": 0.0613,
        "pilot_skill": 0.4327,
        "mission_priority": 0.0257,
        "estimated_landing_time": 288.0,
        "wait_time": 0,
        "Landing_success_rate": 0.8659
    }
]