[
    {
        "model": 1,
        "sequence": 4,
        "status": 1,
        "fuel": 6457,
        "fault": 0.6453,
        "weapon": 0,
        "pilot_injury": 0.5629,
        "pilot_skill": 0.5832,
        "mission_priority": 0.5769,
        "estimated_landing_time": 382.0,
        "wait_time": 0,
        "Landing_success_rate": 0.8755
    },
    {
        "model": 0,
        "sequence": 12,
        "status": 1,
        "fuel": 5553,
        "fault": 0.8122,
        "weapon": 0,
        "pilot_injury": 0.9094,
        "pilot_skill": 0.5105,
        "mission_priority": 0.7188,
        "estimated_landing_time": 1134.0,
        "wait_time": 0,
        "Landing_success_rate": 0.8507
    },
    {
        "model": 1,
        "sequence": 7,
        "status": 1,
        "fuel": 6346,
        "fault": 0.6979,
        "weapon": 1,
        "pilot_injury": 0.6743,
        "pilot_skill": 0.7214,
        "mission_priority": 0.2605,
        "estimated_landing_time": 664.0,
        "wait_time": 0,
        "Landing_success_rate": 0.8692
    },
    {
        "model": 1,
        "sequence": 9,
        "status": 1,
        "fuel": 5638,
        "fault": 0.5004,
        "weapon": 1,
        "pilot_injury": 0.2962,
        "pilot_skill": 0.8972,
        "mission_priority": 0.6204,
        "estimated_landing_time": 852.0,
        "wait_time": 0,
        "Landing_success_rate": 0.8552
    },
    {
        "model": 2,
        "sequence": 8,
        "status": 1,
        "fuel": 7220,
        "fault": 0.6232,
        "weapon": 1,
        "pilot_injury": 0.5159,
        "pilot_skill": 0.4632,
        "mission_priority": 0.9889,
        "estimated_landing_time": 758.0,
        "wait_time": 0,
        "Landing_success_rate": 0.8986
    },
    {
        "model": 1,
        "sequence": 1,
        "status": 1,
        "fuel": 5593,
        "fault": 0.3274,
        "weapon": 1,
        "pilot_injury": 0.9977,
        "pilot_skill": 0.147,
        "mission_priority": 0.7367,
        "estimated_landing_time": 100.0,
        "wait_time": 0,
        "Landing_success_rate": 0.8547
    },
    {
        "model": 2,
        "sequence": 10,
        "status": 1,
        "fuel": 5834,
        "fault": 0.9132,
        "weapon": 0,
        "pilot_injury": 0.5965,
        "pilot_skill": 0.9382,
        "mission_priority": 0.866,
        "estimated_landing_time": 946.0,
        "wait_time": 0,
        "Landing_success_rate": 0.8522
    },
    {
        "model": 2,
        "sequence": 6,
        "status": 1,
        "fuel": 5576,
        "fault": 0.7598,
        "weapon": 1,
        "pilot_injury": 0.6012,
        "pilot_skill": 0.5183,
        "mission_priority": 0.1686,
        "estimated_landing_time": 570.0,
        "wait_time": 0,
        "Landing_success_rate": 0.8514
    },
    {
        "model": 0,
        "sequence": 11,
        "status": 1,
        "fuel": 7454,
        "fault": 0.7145,
        "weapon": 1,
        "pilot_injury": 0.0489,
        "pilot_skill": 0.8737,
        "mission_priority": 0.8071,
        "estimated_landing_time": 1040.0,
        "wait_time": 0,
        "Landing_success_rate": 0.8918
    },
    {
        "model": 2,
        "sequence": 3,
        "status": 1,
        "fuel": 5926,
        "fault": 0.2425,
        "weapon": 1,
        "pilot_injury": 0.0476,
        "pilot_skill": 0.5498,
        "mission_priority": 0.9944,
        "estimated_landing_time": 288.0,
        "wait_time": 0,
        "Landing_success_rate": 0.8742
    },
    {
        "model": 2,
        "sequence": 5,
        "status": 1,
        "fuel": 5702,
        "fault": 0.752,
        "weapon": 0,
        "pilot_injury": 0.1343,
        "pilot_skill": 0.6743,
        "mission_priority": 0.6467,
        "estimated_landing_time": 476.0,
        "wait_time": 0,
        "Landing_success_rate": 0.8538
    },
    {
        "model": 1,
        "sequence": 2,
        "status": 1,
        "fuel": 6543,
        "fault": 0.5219,
        "weapon": 1,
        "pilot_injury": 0.6671,
        "pilot_skill": 0.4935,
        "mission_priority": 0.6744,
        "estimated_landing_time": 194.0,
        "wait_time": 0,
        "Landing_success_rate": 0.8874
    }
]