[
    {
        "model": 2,
        "sequence": 6,
        "status": 1,
        "fuel": 5775,
        "fault": 0.821,
        "weapon": 1,
        "pilot_injury": 0.5985,
        "pilot_skill": 0.6894,
        "mission_priority": 0.7465,
        "estimated_landing_time": 570.0,
        "wait_time": 0,
        "Landing_success_rate": 0.8537
    },
    {
        "model": 1,
        "sequence": 11,
        "status": 1,
        "fuel": 6197,
        "fault": 0.0489,
        "weapon": 0,
        "pilot_injury": 0.0941,
        "pilot_skill": 0.5196,
        "mission_priority": 0.4434,
        "estimated_landing_time": 1040.0,
        "wait_time": 0,
        "Landing_success_rate": 0.8997
    },
    {
        "model": 2,
        "sequence": 12,
        "status": 1,
        "fuel": 5824,
        "fault": 0.6314,
        "weapon": 0,
        "pilot_injury": 0.1644,
        "pilot_skill": 0.4257,
        "mission_priority": 0.0355,
        "estimated_landing_time": 1134.0,
        "wait_time": 0,
        "Landing_success_rate": 0.859
    },
    {
        "model": 0,
        "sequence": 8,
        "status": 1,
        "fuel": 6411,
        "fault": 0.6347,
        "weapon": 0,
        "pilot_injury": 0.886,
        "pilot_skill": 0.8636,
        "mission_priority": 0.4517,
        "estimated_landing_time": 758.0,
        "wait_time": 0,
        "Landing_success_rate": 0.875
    },
    {
        "model": 2,
        "sequence": 7,
        "status": 1,
        "fuel": 6479,
        "fault": 0.2607,
        "weapon": 0,
        "pilot_injury": 0.9969,
        "pilot_skill": 0.6708,
        "mission_priority": 0.9518,
        "estimated_landing_time": 664.0,
        "wait_time": 0,
        "Landing_success_rate": 0.9043
    },
    {
        "model": 1,
        "sequence": 1,
        "status": 1,
        "fuel": 5581,
        "fault": 0.0354,
        "weapon": 0,
        "pilot_injury": 0.4482,
        "pilot_skill": 0.8668,
        "mission_priority": 0.1309,
        "estimated_landing_time": 100.0,
        "wait_time": 0,
        "Landing_success_rate": 0.8559
    },
    {
        "model": 0,
        "sequence": 5,
        "status": 1,
        "fuel": 6589,
        "fault": 0.2276,
        "weapon": 0,
        "pilot_injury": 0.6562,
        "pilot_skill": 0.447,
        "mission_priority": 0.6839,
        "estimated_landing_time": 476.0,
        "wait_time": 0,
        "Landing_success_rate": 0.9131
    },
    {
        "model": 0,
        "sequence": 3,
        "status": 1,
        "fuel": 6557,
        "fault": 0.3314,
        "weapon": 1,
        "pilot_injury": 0.5542,
        "pilot_skill": 0.3183,
        "mission_priority": 0.7789,
        "estimated_landing_time": 288.0,
        "wait_time": 0,
        "Landing_success_rate": 0.903
    },
    {
        "model": 0,
        "sequence": 4,
        "status": 1,
        "fuel": 5518,
        "fault": 0.8845,
        "weapon": 0,
        "pilot_injury": 0.4712,
        "pilot_skill": 0.8917,
        "mission_priority": 0.5752,
        "estimated_landing_time": 382.0,
        "wait_time": 0,
        "Landing_success_rate": 0.8502
    },
    {
        "model": 1,
        "sequence": 10,
        "status": 1,
        "fuel": 5870,
        "fault": 0.5572,
        "weapon": 1,
        "pilot_injury": 0.7855,
        "pilot_skill": 0.3258,
        "mission_priority": 0.8151,
        "estimated_landing_time": 946.0,
        "wait_time": 0,
        "Landing_success_rate": 0.8623
    },
    {
        "model": 2,
        "sequence": 9,
        "status": 1,
        "fuel": 7008,
        "fault": 0.7606,
        "weapon": 1,
        "pilot_injury": 0.1759,
        "pilot_skill": 0.9204,
        "mission_priority": 0.7015,
        "estimated_landing_time": 852.0,
        "wait_time": 0,
        "Landing_success_rate": 0.8771
    },
    {
        "model": 2,
        "sequence": 2,
        "status": 1,
        "fuel": 5710,
        "fault": 0.5081,
        "weapon": 0,
        "pilot_injury": 0.0677,
        "pilot_skill": 0.3372,
        "mission_priority": 0.5167,
        "estimated_landing_time": 194.0,
        "wait_time": 0,
        "Landing_success_rate": 0.8577
    }
]