[
    {
        "model": 1,
        "sequence": 6,
        "status": 1,
        "fuel": 7257,
        "fault": 0.5623,
        "weapon": 1,
        "pilot_injury": 0.6114,
        "pilot_skill": 0.1042,
        "mission_priority": 0.4195,
        "estimated_landing_time": 570.0,
        "wait_time": 0,
        "Landing_success_rate": 0.9077
    },
    {
        "model": 0,
        "sequence": 3,
        "status": 1,
        "fuel": 5577,
        "fault": 0.516,
        "weapon": 1,
        "pilot_injury": 0.3433,
        "pilot_skill": 0.8532,
        "mission_priority": 0.838,
        "estimated_landing_time": 288.0,
        "wait_time": 0,
        "Landing_success_rate": 0.8528
    },
    {
        "model": 2,
        "sequence": 2,
        "status": 1,
        "fuel": 5992,
        "fault": 0.8082,
        "weapon": 1,
        "pilot_injury": 0.2235,
        "pilot_skill": 0.3201,
        "mission_priority": 0.0217,
        "estimated_landing_time": 194.0,
        "wait_time": 0,
        "Landing_success_rate": 0.8571
    },
    {
        "model": 0,
        "sequence": 9,
        "status": 1,
        "fuel": 5579,
        "fault": 0.6375,
        "weapon": 0,
        "pilot_injury": 0.2193,
        "pilot_skill": 0.3418,
        "mission_priority": 0.2064,
        "estimated_landing_time": 852.0,
        "wait_time": 0,
        "Landing_success_rate": 0.8521
    },
    {
        "model": 2,
        "sequence": 4,
        "status": 1,
        "fuel": 6339,
        "fault": 0.5634,
        "weapon": 1,
        "pilot_injury": 0.5839,
        "pilot_skill": 0.8708,
        "mission_priority": 0.1863,
        "estimated_landing_time": 382.0,
        "wait_time": 0,
        "Landing_success_rate": 0.8775
    },
    {
        "model": 0,
        "sequence": 1,
        "status": 1,
        "fuel": 7152,
        "fault": 0.5373,
        "weapon": 0,
        "pilot_injury": 0.8146,
        "pilot_skill": 0.2744,
        "mission_priority": 0.9888,
        "estimated_landing_time": 100.0,
        "wait_time": 0,
        "Landing_success_rate": 0.9073
    },
    {
        "model": 2,
        "sequence": 5,
        "status": 1,
        "fuel": 6159,
        "fault": 0.4563,
        "weapon": 0,
        "pilot_injury": 0.4968,
        "pilot_skill": 0.7666,
        "mission_priority": 0.1306,
        "estimated_landing_time": 476.0,
        "wait_time": 0,
        "Landing_success_rate": 0.8769
    },
    {
        "model": 0,
        "sequence": 11,
        "status": 1,
        "fuel": 7129,
        "fault": 0.8554,
        "weapon": 0,
        "pilot_injury": 0.645,
        "pilot_skill": 0.8055,
        "mission_priority": 0.9463,
        "estimated_landing_time": 1040.0,
        "wait_time": 0,
        "Landing_success_rate": 0.8677
    },
    {
        "model": 0,
        "sequence": 10,
        "status": 1,
        "fuel": 7367,
        "fault": 0.6331,
        "weapon": 0,
        "pilot_injury": 0.8955,
        "pilot_skill": 0.9364,
        "mission_priority": 0.4913,
        "estimated_landing_time": 946.0,
        "wait_time": 0,
        "Landing_success_rate": 0.9014
    },
    {
        "model": 2,
        "sequence": 7,
        "status": 1,
        "fuel": 7246,
        "fault": 0.0097,
        "weapon": 1,
        "pilot_injury": 0.5561,
        "pilot_skill": 0.6315,
        "mission_priority": 0.9893,
        "estimated_landing_time": 664.0,
        "wait_time": 0,
        "Landing_success_rate": 0.9797
    },
    {
        "model": 2,
        "sequence": 8,
        "status": 1,
        "fuel": 6612,
        "fault": 0.0527,
        "weapon": 0,
        "pilot_injury": 0.1135,
        "pilot_skill": 0.2148,
        "mission_priority": 0.1738,
        "estimated_landing_time": 758.0,
        "wait_time": 0,
        "Landing_success_rate": 0.929
    },
    {
        "model": 1,
        "sequence": 12,
        "status": 1,
        "fuel": 7146,
        "fault": 0.377,
        "weapon": 1,
        "pilot_injury": 0.438,
        "pilot_skill": 0.5673,
        "mission_priority": 0.1792,
        "estimated_landing_time": 1134.0,
        "wait_time": 0,
        "Landing_success_rate": 0.9269
    }
]