[
    {
        "model": 0,
        "sequence": 10,
        "status": 1,
        "fuel": 6946,
        "fault": 0.6815,
        "weapon": 0,
        "pilot_injury": 0.0771,
        "pilot_skill": 0.0449,
        "mission_priority": 0.1067,
        "estimated_landing_time": 946.0,
        "wait_time": 0,
        "Landing_success_rate": 0.8845
    },
    {
        "model": 0,
        "sequence": 5,
        "status": 1,
        "fuel": 5836,
        "fault": 0.9015,
        "weapon": 0,
        "pilot_injury": 0.5622,
        "pilot_skill": 0.2099,
        "mission_priority": 0.233,
        "estimated_landing_time": 476.0,
        "wait_time": 0,
        "Landing_success_rate": 0.8525
    },
    {
        "model": 1,
        "sequence": 3,
        "status": 1,
        "fuel": 6336,
        "fault": 0.766,
        "weapon": 0,
        "pilot_injury": 0.6985,
        "pilot_skill": 0.4528,
        "mission_priority": 0.2377,
        "estimated_landing_time": 288.0,
        "wait_time": 0,
        "Landing_success_rate": 0.8647
    },
    {
        "model": 2,
        "sequence": 11,
        "status": 1,
        "fuel": 5860,
        "fault": 0.1525,
        "weapon": 1,
        "pilot_injury": 0.131,
        "pilot_skill": 0.4061,
        "mission_priority": 0.3293,
        "estimated_landing_time": 1040.0,
        "wait_time": 0,
        "Landing_success_rate": 0.8729
    },
    {
        "model": 1,
        "sequence": 6,
        "status": 1,
        "fuel": 7453,
        "fault": 0.6272,
        "weapon": 0,
        "pilot_injury": 0.8809,
        "pilot_skill": 0.1991,
        "mission_priority": 0.3521,
        "estimated_landing_time": 570.0,
        "wait_time": 0,
        "Landing_success_rate": 0.9046
    },
    {
        "model": 2,
        "sequence": 12,
        "status": 1,
        "fuel": 6008,
        "fault": 0.8895,
        "weapon": 1,
        "pilot_injury": 0.5916,
        "pilot_skill": 0.6998,
        "mission_priority": 0.654,
        "estimated_landing_time": 1134.0,
        "wait_time": 0,
        "Landing_success_rate": 0.8542
    },
    {
        "model": 2,
        "sequence": 2,
        "status": 1,
        "fuel": 6093,
        "fault": 0.7373,
        "weapon": 1,
        "pilot_injury": 0.9648,
        "pilot_skill": 0.3465,
        "mission_priority": 0.8786,
        "estimated_landing_time": 194.0,
        "wait_time": 0,
        "Landing_success_rate": 0.8617
    },
    {
        "model": 0,
        "sequence": 8,
        "status": 1,
        "fuel": 6998,
        "fault": 0.3851,
        "weapon": 0,
        "pilot_injury": 0.0487,
        "pilot_skill": 0.6512,
        "mission_priority": 0.1008,
        "estimated_landing_time": 758.0,
        "wait_time": 0,
        "Landing_success_rate": 0.9191
    },
    {
        "model": 0,
        "sequence": 1,
        "status": 1,
        "fuel": 7213,
        "fault": 0.7934,
        "weapon": 1,
        "pilot_injury": 0.0288,
        "pilot_skill": 0.7148,
        "mission_priority": 0.862,
        "estimated_landing_time": 100.0,
        "wait_time": 0,
        "Landing_success_rate": 0.8765
    },
    {
        "model": 2,
        "sequence": 9,
        "status": 1,
        "fuel": 5989,
        "fault": 0.5815,
        "weapon": 0,
        "pilot_injury": 0.8579,
        "pilot_skill": 0.7325,
        "mission_priority": 0.3785,
        "estimated_landing_time": 852.0,
        "wait_time": 0,
        "Landing_success_rate": 0.8653
    },
    {
        "model": 1,
        "sequence": 7,
        "status": 1,
        "fuel": 6736,
        "fault": 0.6232,
        "weapon": 0,
        "pilot_injury": 0.8671,
        "pilot_skill": 0.2521,
        "mission_priority": 0.101,
        "estimated_landing_time": 664.0,
        "wait_time": 0,
        "Landing_success_rate": 0.8849
    },
    {
        "model": 0,
        "sequence": 4,
        "status": 1,
        "fuel": 7346,
        "fault": 0.525,
        "weapon": 0,
        "pilot_injury": 0.911,
        "pilot_skill": 0.3057,
        "mission_priority": 0.5082,
        "estimated_landing_time": 382.0,
        "wait_time": 0,
        "Landing_success_rate": 0.9158
    }
]