[
    {
        "model": 1,
        "sequence": 6,
        "status": 1,
        "fuel": 7394,
        "fault": 0.5906,
        "weapon": 1,
        "pilot_injury": 0.8034,
        "pilot_skill": 0.2827,
        "mission_priority": 0.4491,
        "estimated_landing_time": 570.0,
        "wait_time": 0,
        "Landing_success_rate": 0.9082
    },
    {
        "model": 1,
        "sequence": 3,
        "status": 1,
        "fuel": 6411,
        "fault": 0.1671,
        "weapon": 0,
        "pilot_injury": 0.7033,
        "pilot_skill": 0.2314,
        "mission_priority": 0.3902,
        "estimated_landing_time": 288.0,
        "wait_time": 0,
        "Landing_success_rate": 0.9069
    },
    {
        "model": 2,
        "sequence": 10,
        "status": 1,
        "fuel": 6308,
        "fault": 0.1127,
        "weapon": 1,
        "pilot_injury": 0.1624,
        "pilot_skill": 0.5185,
        "mission_priority": 0.7236,
        "estimated_landing_time": 946.0,
        "wait_time": 0,
        "Landing_success_rate": 0.9038
    },
    {
        "model": 2,
        "sequence": 9,
        "status": 1,
        "fuel": 6109,
        "fault": 0.1507,
        "weapon": 1,
        "pilot_injury": 0.8295,
        "pilot_skill": 0.2528,
        "mission_priority": 0.5128,
        "estimated_landing_time": 852.0,
        "wait_time": 0,
        "Landing_success_rate": 0.8888
    },
    {
        "model": 1,
        "sequence": 1,
        "status": 1,
        "fuel": 6865,
        "fault": 0.7928,
        "weapon": 0,
        "pilot_injury": 0.6486,
        "pilot_skill": 0.4597,
        "mission_priority": 0.5704,
        "estimated_landing_time": 100.0,
        "wait_time": 0,
        "Landing_success_rate": 0.8712
    },
    {
        "model": 2,
        "sequence": 5,
        "status": 1,
        "fuel": 7238,
        "fault": 0.8386,
        "weapon": 1,
        "pilot_injury": 0.6563,
        "pilot_skill": 0.2643,
        "mission_priority": 0.0596,
        "estimated_landing_time": 476.0,
        "wait_time": 0,
        "Landing_success_rate": 0.871
    },
    {
        "model": 1,
        "sequence": 12,
        "status": 1,
        "fuel": 6991,
        "fault": 0.5471,
        "weapon": 1,
        "pilot_injury": 0.0941,
        "pilot_skill": 0.4871,
        "mission_priority": 0.1516,
        "estimated_landing_time": 1134.0,
        "wait_time": 0,
        "Landing_success_rate": 0.9006
    },
    {
        "model": 2,
        "sequence": 2,
        "status": 1,
        "fuel": 5577,
        "fault": 0.8595,
        "weapon": 0,
        "pilot_injury": 0.5016,
        "pilot_skill": 0.1656,
        "mission_priority": 0.3328,
        "estimated_landing_time": 194.0,
        "wait_time": 0,
        "Landing_success_rate": 0.8508
    },
    {
        "model": 1,
        "sequence": 4,
        "status": 1,
        "fuel": 6496,
        "fault": 0.5796,
        "weapon": 1,
        "pilot_injury": 0.4198,
        "pilot_skill": 0.3308,
        "mission_priority": 0.1059,
        "estimated_landing_time": 382.0,
        "wait_time": 0,
        "Landing_success_rate": 0.8814
    },
    {
        "model": 2,
        "sequence": 8,
        "status": 1,
        "fuel": 7401,
        "fault": 0.3393,
        "weapon": 1,
        "pilot_injury": 0.7302,
        "pilot_skill": 0.7206,
        "mission_priority": 0.3661,
        "estimated_landing_time": 758.0,
        "wait_time": 0,
        "Landing_success_rate": 0.9442
    },
    {
        "model": 1,
        "sequence": 11,
        "status": 1,
        "fuel": 6492,
        "fault": 0.481,
        "weapon": 1,
        "pilot_injury": 0.1503,
        "pilot_skill": 0.419,
        "mission_priority": 0.1327,
        "estimated_landing_time": 1040.0,
        "wait_time": 0,
        "Landing_success_rate": 0.8886
    },
    {
        "model": 0,
        "sequence": 7,
        "status": 1,
        "fuel": 7275,
        "fault": 0.8487,
        "weapon": 0,
        "pilot_injury": 0.2829,
        "pilot_skill": 0.3309,
        "mission_priority": 0.6994,
        "estimated_landing_time": 664.0,
        "wait_time": 0,
        "Landing_success_rate": 0.8701
    }
]