[
    {
        "model": 1,
        "sequence": 6,
        "status": 1,
        "fuel": 6471,
        "fault": 0.0892,
        "weapon": 0,
        "pilot_injury": 0.192,
        "pilot_skill": 0.378,
        "mission_priority": 0.3925,
        "estimated_landing_time": 570.0,
        "wait_time": 0,
        "Landing_success_rate": 0.9163
    },
    {
        "model": 1,
        "sequence": 9,
        "status": 1,
        "fuel": 7117,
        "fault": 0.7205,
        "weapon": 1,
        "pilot_injury": 0.406,
        "pilot_skill": 0.5344,
        "mission_priority": 0.954,
        "estimated_landing_time": 852.0,
        "wait_time": 0,
        "Landing_success_rate": 0.8839
    },
    {
        "model": 0,
        "sequence": 12,
        "status": 1,
        "fuel": 6288,
        "fault": 0.6708,
        "weapon": 1,
        "pilot_injury": 0.9625,
        "pilot_skill": 0.9573,
        "mission_priority": 0.1772,
        "estimated_landing_time": 1134.0,
        "wait_time": 0,
        "Landing_success_rate": 0.8695
    },
    {
        "model": 0,
        "sequence": 8,
        "status": 1,
        "fuel": 6000,
        "fault": 0.7473,
        "weapon": 1,
        "pilot_injury": 0.0497,
        "pilot_skill": 0.6549,
        "mission_priority": 0.0775,
        "estimated_landing_time": 758.0,
        "wait_time": 0,
        "Landing_success_rate": 0.8595
    },
    {
        "model": 1,
        "sequence": 10,
        "status": 1,
        "fuel": 7451,
        "fault": 0.7053,
        "weapon": 1,
        "pilot_injury": 0.9578,
        "pilot_skill": 0.4268,
        "mission_priority": 0.3565,
        "estimated_landing_time": 946.0,
        "wait_time": 0,
        "Landing_success_rate": 0.8931
    },
    {
        "model": 2,
        "sequence": 3,
        "status": 1,
        "fuel": 7377,
        "fault": 0.9971,
        "weapon": 1,
        "pilot_injury": 0.3752,
        "pilot_skill": 0.3859,
        "mission_priority": 0.195,
        "estimated_landing_time": 288.0,
        "wait_time": 0,
        "Landing_success_rate": 0.8504
    },
    {
        "model": 2,
        "sequence": 5,
        "status": 1,
        "fuel": 6725,
        "fault": 0.9998,
        "weapon": 1,
        "pilot_injury": 0.2708,
        "pilot_skill": 0.1605,
        "mission_priority": 0.3112,
        "estimated_landing_time": 476.0,
        "wait_time": 0,
        "Landing_success_rate": 0.85
    },
    {
        "model": 2,
        "sequence": 7,
        "status": 1,
        "fuel": 6040,
        "fault": 0.5137,
        "weapon": 1,
        "pilot_injury": 0.1537,
        "pilot_skill": 0.9477,
        "mission_priority": 0.5429,
        "estimated_landing_time": 664.0,
        "wait_time": 0,
        "Landing_success_rate": 0.8697
    },
    {
        "model": 2,
        "sequence": 2,
        "status": 1,
        "fuel": 7196,
        "fault": 0.3804,
        "weapon": 0,
        "pilot_injury": 0.0618,
        "pilot_skill": 0.7389,
        "mission_priority": 0.75,
        "estimated_landing_time": 194.0,
        "wait_time": 0,
        "Landing_success_rate": 0.9288
    },
    {
        "model": 0,
        "sequence": 4,
        "status": 1,
        "fuel": 6658,
        "fault": 0.8736,
        "weapon": 0,
        "pilot_injury": 0.088,
        "pilot_skill": 0.7268,
        "mission_priority": 0.1367,
        "estimated_landing_time": 382.0,
        "wait_time": 0,
        "Landing_success_rate": 0.861
    },
    {
        "model": 0,
        "sequence": 11,
        "status": 1,
        "fuel": 6502,
        "fault": 0.5166,
        "weapon": 0,
        "pilot_injury": 0.5029,
        "pilot_skill": 0.9674,
        "mission_priority": 0.0889,
        "estimated_landing_time": 1040.0,
        "wait_time": 0,
        "Landing_success_rate": 0.8863
    },
    {
        "model": 2,
        "sequence": 1,
        "status": 1,
        "fuel": 7087,
        "fault": 0.7848,
        "weapon": 0,
        "pilot_injury": 0.6302,
        "pilot_skill": 0.0787,
        "mission_priority": 0.1754,
        "estimated_landing_time": 100.0,
        "wait_time": 0,
        "Landing_success_rate": 0.8756
    }
]