[
    {
        "model": 0,
        "sequence": 12,
        "status": 1,
        "fuel": 5569,
        "fault": 0.561,
        "weapon": 0,
        "pilot_injury": 0.1197,
        "pilot_skill": 0.1612,
        "mission_priority": 0.2113,
        "estimated_landing_time": 1134.0,
        "wait_time": 0,
        "Landing_success_rate": 0.8523
    },
    {
        "model": 2,
        "sequence": 6,
        "status": 1,
        "fuel": 7003,
        "fault": 0.043,
        "weapon": 1,
        "pilot_injury": 0.3124,
        "pilot_skill": 0.7556,
        "mission_priority": 0.4124,
        "estimated_landing_time": 570.0,
        "wait_time": 0,
        "Landing_success_rate": 0.9579
    },
    {
        "model": 2,
        "sequence": 8,
        "status": 1,
        "fuel": 7410,
        "fault": 0.1178,
        "weapon": 0,
        "pilot_injury": 0.1301,
        "pilot_skill": 0.5717,
        "mission_priority": 0.7796,
        "estimated_landing_time": 758.0,
        "wait_time": 0,
        "Landing_success_rate": 0.9764
    },
    {
        "model": 1,
        "sequence": 9,
        "status": 1,
        "fuel": 5605,
        "fault": 0.3216,
        "weapon": 0,
        "pilot_injury": 0.304,
        "pilot_skill": 0.6525,
        "mission_priority": 0.3155,
        "estimated_landing_time": 852.0,
        "wait_time": 0,
        "Landing_success_rate": 0.8553
    },
    {
        "model": 0,
        "sequence": 4,
        "status": 1,
        "fuel": 6036,
        "fault": 0.8041,
        "weapon": 1,
        "pilot_injury": 0.6935,
        "pilot_skill": 0.8833,
        "mission_priority": 0.9769,
        "estimated_landing_time": 382.0,
        "wait_time": 0,
        "Landing_success_rate": 0.8579
    },
    {
        "model": 0,
        "sequence": 7,
        "status": 1,
        "fuel": 6906,
        "fault": 0.1251,
        "weapon": 1,
        "pilot_injury": 0.6519,
        "pilot_skill": 0.4957,
        "mission_priority": 0.9379,
        "estimated_landing_time": 664.0,
        "wait_time": 0,
        "Landing_success_rate": 0.9423
    },
    {
        "model": 0,
        "sequence": 2,
        "status": 1,
        "fuel": 6158,
        "fault": 0.7597,
        "weapon": 1,
        "pilot_injury": 0.8619,
        "pilot_skill": 0.5469,
        "mission_priority": 0.7149,
        "estimated_landing_time": 194.0,
        "wait_time": 0,
        "Landing_success_rate": 0.8619
    },
    {
        "model": 2,
        "sequence": 5,
        "status": 1,
        "fuel": 7108,
        "fault": 0.9184,
        "weapon": 0,
        "pilot_injury": 0.84,
        "pilot_skill": 0.9422,
        "mission_priority": 0.5705,
        "estimated_landing_time": 476.0,
        "wait_time": 0,
        "Landing_success_rate": 0.8598
    },
    {
        "model": 0,
        "sequence": 11,
        "status": 1,
        "fuel": 6830,
        "fault": 0.3104,
        "weapon": 0,
        "pilot_injury": 0.1153,
        "pilot_skill": 0.4763,
        "mission_priority": 0.4801,
        "estimated_landing_time": 1040.0,
        "wait_time": 0,
        "Landing_success_rate": 0.9188
    },
    {
        "model": 2,
        "sequence": 1,
        "status": 1,
        "fuel": 5949,
        "fault": 0.2358,
        "weapon": 1,
        "pilot_injury": 0.9731,
        "pilot_skill": 0.2913,
        "mission_priority": 0.8738,
        "estimated_landing_time": 100.0,
        "wait_time": 0,
        "Landing_success_rate": 0.8757
    },
    {
        "model": 0,
        "sequence": 3,
        "status": 1,
        "fuel": 5849,
        "fault": 0.044,
        "weapon": 0,
        "pilot_injury": 0.6483,
        "pilot_skill": 0.7722,
        "mission_priority": 0.503,
        "estimated_landing_time": 288.0,
        "wait_time": 0,
        "Landing_success_rate": 0.875
    },
    {
        "model": 2,
        "sequence": 10,
        "status": 1,
        "fuel": 6542,
        "fault": 0.1464,
        "weapon": 0,
        "pilot_injury": 0.2722,
        "pilot_skill": 0.4191,
        "mission_priority": 0.53,
        "estimated_landing_time": 946.0,
        "wait_time": 0,
        "Landing_success_rate": 0.9167
    }
]