[
    {
        "model": 0,
        "sequence": 8,
        "status": 1,
        "fuel": 5593,
        "fault": 0.3184,
        "weapon": 1,
        "pilot_injury": 0.6445,
        "pilot_skill": 0.1807,
        "mission_priority": 0.2574,
        "estimated_landing_time": 758.0,
        "wait_time": 0,
        "Landing_success_rate": 0.8548
    },
    {
        "model": 1,
        "sequence": 11,
        "status": 1,
        "fuel": 6198,
        "fault": 0.0041,
        "weapon": 0,
        "pilot_injury": 0.5666,
        "pilot_skill": 0.3976,
        "mission_priority": 0.074,
        "estimated_landing_time": 1040.0,
        "wait_time": 0,
        "Landing_success_rate": 0.9021
    },
    {
        "model": 2,
        "sequence": 2,
        "status": 1,
        "fuel": 6744,
        "fault": 0.8221,
        "weapon": 0,
        "pilot_injury": 0.8957,
        "pilot_skill": 0.3245,
        "mission_priority": 0.3792,
        "estimated_landing_time": 194.0,
        "wait_time": 0,
        "Landing_success_rate": 0.8666
    },
    {
        "model": 0,
        "sequence": 10,
        "status": 1,
        "fuel": 6569,
        "fault": 0.5497,
        "weapon": 0,
        "pilot_injury": 0.7983,
        "pilot_skill": 0.9538,
        "mission_priority": 0.7956,
        "estimated_landing_time": 946.0,
        "wait_time": 0,
        "Landing_success_rate": 0.8861
    },
    {
        "model": 0,
        "sequence": 12,
        "status": 1,
        "fuel": 6207,
        "fault": 0.9501,
        "weapon": 1,
        "pilot_injury": 0.5087,
        "pilot_skill": 0.2777,
        "mission_priority": 0.3029,
        "estimated_landing_time": 1134.0,
        "wait_time": 0,
        "Landing_success_rate": 0.8526
    },
    {
        "model": 0,
        "sequence": 4,
        "status": 1,
        "fuel": 6554,
        "fault": 0.8231,
        "weapon": 1,
        "pilot_injury": 0.1845,
        "pilot_skill": 0.0632,
        "mission_priority": 0.8885,
        "estimated_landing_time": 382.0,
        "wait_time": 0,
        "Landing_success_rate": 0.864
    },
    {
        "model": 0,
        "sequence": 3,
        "status": 1,
        "fuel": 7313,
        "fault": 0.9614,
        "weapon": 0,
        "pilot_injury": 0.8405,
        "pilot_skill": 0.1836,
        "mission_priority": 0.9017,
        "estimated_landing_time": 288.0,
        "wait_time": 0,
        "Landing_success_rate": 0.8552
    },
    {
        "model": 0,
        "sequence": 9,
        "status": 1,
        "fuel": 5830,
        "fault": 0.0801,
        "weapon": 1,
        "pilot_injury": 0.1413,
        "pilot_skill": 0.309,
        "mission_priority": 0.0436,
        "estimated_landing_time": 852.0,
        "wait_time": 0,
        "Landing_success_rate": 0.8728
    },
    {
        "model": 2,
        "sequence": 6,
        "status": 1,
        "fuel": 5971,
        "fault": 0.4829,
        "weapon": 1,
        "pilot_injury": 0.236,
        "pilot_skill": 0.2657,
        "mission_priority": 0.9944,
        "estimated_landing_time": 570.0,
        "wait_time": 0,
        "Landing_success_rate": 0.8683
    },
    {
        "model": 0,
        "sequence": 5,
        "status": 1,
        "fuel": 5875,
        "fault": 0.3905,
        "weapon": 1,
        "pilot_injury": 0.6868,
        "pilot_skill": 0.8594,
        "mission_priority": 0.3871,
        "estimated_landing_time": 476.0,
        "wait_time": 0,
        "Landing_success_rate": 0.8671
    },
    {
        "model": 2,
        "sequence": 1,
        "status": 1,
        "fuel": 5684,
        "fault": 0.2323,
        "weapon": 0,
        "pilot_injury": 0.197,
        "pilot_skill": 0.3296,
        "mission_priority": 0.6094,
        "estimated_landing_time": 100.0,
        "wait_time": 0,
        "Landing_success_rate": 0.8606
    },
    {
        "model": 2,
        "sequence": 7,
        "status": 1,
        "fuel": 5530,
        "fault": 0.6936,
        "weapon": 1,
        "pilot_injury": 0.2369,
        "pilot_skill": 0.701,
        "mission_priority": 0.3474,
        "estimated_landing_time": 664.0,
        "wait_time": 0,
        "Landing_success_rate": 0.8507
    }
]