[
    {
        "model": 2,
        "sequence": 9,
        "status": 1,
        "fuel": 5680,
        "fault": 0.7494,
        "weapon": 0,
        "pilot_injury": 0.9078,
        "pilot_skill": 0.5266,
        "mission_priority": 0.5662,
        "estimated_landing_time": 852.0,
        "wait_time": 0,
        "Landing_success_rate": 0.8534
    },
    {
        "model": 1,
        "sequence": 10,
        "status": 1,
        "fuel": 5597,
        "fault": 0.1356,
        "weapon": 0,
        "pilot_injury": 0.9182,
        "pilot_skill": 0.5587,
        "mission_priority": 0.2551,
        "estimated_landing_time": 946.0,
        "wait_time": 0,
        "Landing_success_rate": 0.8563
    },
    {
        "model": 0,
        "sequence": 7,
        "status": 1,
        "fuel": 5523,
        "fault": 0.7412,
        "weapon": 1,
        "pilot_injury": 0.5726,
        "pilot_skill": 0.0426,
        "mission_priority": 0.6098,
        "estimated_landing_time": 664.0,
        "wait_time": 0,
        "Landing_success_rate": 0.8504
    },
    {
        "model": 2,
        "sequence": 8,
        "status": 1,
        "fuel": 6235,
        "fault": 0.6796,
        "weapon": 0,
        "pilot_injury": 0.0289,
        "pilot_skill": 0.7808,
        "mission_priority": 0.5209,
        "estimated_landing_time": 758.0,
        "wait_time": 0,
        "Landing_success_rate": 0.8677
    },
    {
        "model": 0,
        "sequence": 12,
        "status": 1,
        "fuel": 6198,
        "fault": 0.203,
        "weapon": 1,
        "pilot_injury": 0.1601,
        "pilot_skill": 0.5413,
        "mission_priority": 0.321,
        "estimated_landing_time": 1134.0,
        "wait_time": 0,
        "Landing_success_rate": 0.8917
    },
    {
        "model": 0,
        "sequence": 6,
        "status": 1,
        "fuel": 5731,
        "fault": 0.3129,
        "weapon": 0,
        "pilot_injury": 0.0894,
        "pilot_skill": 0.6611,
        "mission_priority": 0.6345,
        "estimated_landing_time": 570.0,
        "wait_time": 0,
        "Landing_success_rate": 0.8619
    },
    {
        "model": 0,
        "sequence": 11,
        "status": 1,
        "fuel": 7208,
        "fault": 0.3718,
        "weapon": 0,
        "pilot_injury": 0.2973,
        "pilot_skill": 0.6501,
        "mission_priority": 0.1367,
        "estimated_landing_time": 1040.0,
        "wait_time": 0,
        "Landing_success_rate": 0.9305
    },
    {
        "model": 2,
        "sequence": 5,
        "status": 1,
        "fuel": 6412,
        "fault": 0.3489,
        "weapon": 0,
        "pilot_injury": 0.3349,
        "pilot_skill": 0.8467,
        "mission_priority": 0.7743,
        "estimated_landing_time": 476.0,
        "wait_time": 0,
        "Landing_success_rate": 0.8945
    },
    {
        "model": 1,
        "sequence": 4,
        "status": 1,
        "fuel": 5957,
        "fault": 0.3014,
        "weapon": 1,
        "pilot_injury": 0.7093,
        "pilot_skill": 0.5194,
        "mission_priority": 0.9797,
        "estimated_landing_time": 382.0,
        "wait_time": 0,
        "Landing_success_rate": 0.8739
    },
    {
        "model": 0,
        "sequence": 3,
        "status": 1,
        "fuel": 7164,
        "fault": 0.3163,
        "weapon": 0,
        "pilot_injury": 0.4089,
        "pilot_skill": 0.9024,
        "mission_priority": 0.2957,
        "estimated_landing_time": 288.0,
        "wait_time": 0,
        "Landing_success_rate": 0.9353
    },
    {
        "model": 2,
        "sequence": 1,
        "status": 1,
        "fuel": 7300,
        "fault": 0.9881,
        "weapon": 1,
        "pilot_injury": 0.1095,
        "pilot_skill": 0.319,
        "mission_priority": 0.8259,
        "estimated_landing_time": 100.0,
        "wait_time": 0,
        "Landing_success_rate": 0.8516
    },
    {
        "model": 0,
        "sequence": 2,
        "status": 1,
        "fuel": 7104,
        "fault": 0.0942,
        "weapon": 0,
        "pilot_injury": 0.7888,
        "pilot_skill": 0.5042,
        "mission_priority": 0.5127,
        "estimated_landing_time": 194.0,
        "wait_time": 0,
        "Landing_success_rate": 0.959
    }
]