[
    {
        "model": 2,
        "sequence": 9,
        "status": 1,
        "fuel": 6183,
        "fault": 0.3458,
        "weapon": 1,
        "pilot_injury": 0.5369,
        "pilot_skill": 0.215,
        "mission_priority": 0.9158,
        "estimated_landing_time": 852.0,
        "wait_time": 0,
        "Landing_success_rate": 0.8835
    },
    {
        "model": 0,
        "sequence": 3,
        "status": 1,
        "fuel": 6683,
        "fault": 0.1115,
        "weapon": 1,
        "pilot_injury": 0.3275,
        "pilot_skill": 0.727,
        "mission_priority": 0.9233,
        "estimated_landing_time": 288.0,
        "wait_time": 0,
        "Landing_success_rate": 0.9288
    },
    {
        "model": 1,
        "sequence": 4,
        "status": 1,
        "fuel": 7283,
        "fault": 0.6024,
        "weapon": 0,
        "pilot_injury": 0.0924,
        "pilot_skill": 0.0608,
        "mission_priority": 0.6042,
        "estimated_landing_time": 382.0,
        "wait_time": 0,
        "Landing_success_rate": 0.9032
    },
    {
        "model": 2,
        "sequence": 7,
        "status": 1,
        "fuel": 7079,
        "fault": 0.7887,
        "weapon": 0,
        "pilot_injury": 0.0515,
        "pilot_skill": 0.2212,
        "mission_priority": 0.2448,
        "estimated_landing_time": 664.0,
        "wait_time": 0,
        "Landing_success_rate": 0.875
    },
    {
        "model": 1,
        "sequence": 12,
        "status": 1,
        "fuel": 7037,
        "fault": 0.2614,
        "weapon": 1,
        "pilot_injury": 0.9049,
        "pilot_skill": 0.5156,
        "mission_priority": 0.6709,
        "estimated_landing_time": 1134.0,
        "wait_time": 0,
        "Landing_success_rate": 0.9351
    },
    {
        "model": 1,
        "sequence": 10,
        "status": 1,
        "fuel": 6816,
        "fault": 0.5514,
        "weapon": 0,
        "pilot_injury": 0.5865,
        "pilot_skill": 0.8873,
        "mission_priority": 0.5285,
        "estimated_landing_time": 946.0,
        "wait_time": 0,
        "Landing_success_rate": 0.8943
    },
    {
        "model": 2,
        "sequence": 11,
        "status": 1,
        "fuel": 5968,
        "fault": 0.9372,
        "weapon": 1,
        "pilot_injury": 0.0759,
        "pilot_skill": 0.202,
        "mission_priority": 0.6577,
        "estimated_landing_time": 1040.0,
        "wait_time": 0,
        "Landing_success_rate": 0.8522
    },
    {
        "model": 0,
        "sequence": 8,
        "status": 1,
        "fuel": 7155,
        "fault": 0.9307,
        "weapon": 1,
        "pilot_injury": 0.4186,
        "pilot_skill": 0.4452,
        "mission_priority": 0.9106,
        "estimated_landing_time": 758.0,
        "wait_time": 0,
        "Landing_success_rate": 0.8586
    },
    {
        "model": 1,
        "sequence": 2,
        "status": 1,
        "fuel": 7007,
        "fault": 0.7817,
        "weapon": 1,
        "pilot_injury": 0.5376,
        "pilot_skill": 0.6983,
        "mission_priority": 0.6306,
        "estimated_landing_time": 194.0,
        "wait_time": 0,
        "Landing_success_rate": 0.8747
    },
    {
        "model": 0,
        "sequence": 6,
        "status": 1,
        "fuel": 7447,
        "fault": 0.8468,
        "weapon": 0,
        "pilot_injury": 0.5571,
        "pilot_skill": 0.2147,
        "mission_priority": 0.4509,
        "estimated_landing_time": 570.0,
        "wait_time": 0,
        "Landing_success_rate": 0.8724
    },
    {
        "model": 2,
        "sequence": 1,
        "status": 1,
        "fuel": 7458,
        "fault": 0.4513,
        "weapon": 0,
        "pilot_injury": 0.9597,
        "pilot_skill": 0.6055,
        "mission_priority": 0.5269,
        "estimated_landing_time": 100.0,
        "wait_time": 0,
        "Landing_success_rate": 0.9306
    },
    {
        "model": 0,
        "sequence": 5,
        "status": 1,
        "fuel": 6817,
        "fault": 0.7253,
        "weapon": 0,
        "pilot_injury": 0.1561,
        "pilot_skill": 0.0548,
        "mission_priority": 0.4009,
        "estimated_landing_time": 476.0,
        "wait_time": 0,
        "Landing_success_rate": 0.8771
    }
]