[
    {
        "model": 2,
        "sequence": 1,
        "status": 1,
        "fuel": 5767,
        "fault": 0.7969,
        "weapon": 0,
        "pilot_injury": 0.4845,
        "pilot_skill": 0.8996,
        "mission_priority": 0.8866,
        "estimated_landing_time": 100.0,
        "wait_time": 0,
        "Landing_success_rate": 0.8541
    },
    {
        "model": 1,
        "sequence": 5,
        "status": 1,
        "fuel": 6222,
        "fault": 0.802,
        "weapon": 0,
        "pilot_injury": 0.077,
        "pilot_skill": 0.9635,
        "mission_priority": 0.4526,
        "estimated_landing_time": 476.0,
        "wait_time": 0,
        "Landing_success_rate": 0.8607
    },
    {
        "model": 2,
        "sequence": 9,
        "status": 1,
        "fuel": 6492,
        "fault": 0.2243,
        "weapon": 1,
        "pilot_injury": 0.5185,
        "pilot_skill": 0.6195,
        "mission_priority": 0.9499,
        "estimated_landing_time": 852.0,
        "wait_time": 0,
        "Landing_success_rate": 0.9077
    },
    {
        "model": 0,
        "sequence": 2,
        "status": 1,
        "fuel": 5568,
        "fault": 0.1342,
        "weapon": 0,
        "pilot_injury": 0.6577,
        "pilot_skill": 0.2469,
        "mission_priority": 0.8286,
        "estimated_landing_time": 194.0,
        "wait_time": 0,
        "Landing_success_rate": 0.8544
    },
    {
        "model": 1,
        "sequence": 3,
        "status": 1,
        "fuel": 6231,
        "fault": 0.0808,
        "weapon": 0,
        "pilot_injury": 0.6579,
        "pilot_skill": 0.2993,
        "mission_priority": 0.1895,
        "estimated_landing_time": 288.0,
        "wait_time": 0,
        "Landing_success_rate": 0.9004
    },
    {
        "model": 1,
        "sequence": 12,
        "status": 1,
        "fuel": 5651,
        "fault": 0.7452,
        "weapon": 1,
        "pilot_injury": 0.2841,
        "pilot_skill": 0.6305,
        "mission_priority": 0.0587,
        "estimated_landing_time": 1134.0,
        "wait_time": 0,
        "Landing_success_rate": 0.8529
    },
    {
        "model": 2,
        "sequence": 11,
        "status": 1,
        "fuel": 6623,
        "fault": 0.0786,
        "weapon": 0,
        "pilot_injury": 0.3703,
        "pilot_skill": 0.0543,
        "mission_priority": 0.7242,
        "estimated_landing_time": 1040.0,
        "wait_time": 0,
        "Landing_success_rate": 0.9276
    },
    {
        "model": 0,
        "sequence": 4,
        "status": 1,
        "fuel": 5567,
        "fault": 0.9181,
        "weapon": 1,
        "pilot_injury": 0.9463,
        "pilot_skill": 0.1929,
        "mission_priority": 0.8281,
        "estimated_landing_time": 382.0,
        "wait_time": 0,
        "Landing_success_rate": 0.8504
    },
    {
        "model": 0,
        "sequence": 8,
        "status": 1,
        "fuel": 6397,
        "fault": 0.6222,
        "weapon": 0,
        "pilot_injury": 0.5261,
        "pilot_skill": 0.3674,
        "mission_priority": 0.4256,
        "estimated_landing_time": 758.0,
        "wait_time": 0,
        "Landing_success_rate": 0.8754
    },
    {
        "model": 0,
        "sequence": 6,
        "status": 1,
        "fuel": 6283,
        "fault": 0.5038,
        "weapon": 1,
        "pilot_injury": 0.3647,
        "pilot_skill": 0.8161,
        "mission_priority": 0.1824,
        "estimated_landing_time": 570.0,
        "wait_time": 0,
        "Landing_success_rate": 0.8791
    },
    {
        "model": 1,
        "sequence": 10,
        "status": 1,
        "fuel": 5914,
        "fault": 0.5796,
        "weapon": 1,
        "pilot_injury": 0.0573,
        "pilot_skill": 0.0224,
        "mission_priority": 0.3525,
        "estimated_landing_time": 946.0,
        "wait_time": 0,
        "Landing_success_rate": 0.8631
    },
    {
        "model": 2,
        "sequence": 7,
        "status": 1,
        "fuel": 6054,
        "fault": 0.9858,
        "weapon": 1,
        "pilot_injury": 0.6677,
        "pilot_skill": 0.6655,
        "mission_priority": 0.8066,
        "estimated_landing_time": 664.0,
        "wait_time": 0,
        "Landing_success_rate": 0.8506
    }
]