[
    {
        "model": 2,
        "sequence": 1,
        "status": 1,
        "fuel": 5949,
        "fault": 0.6447,
        "weapon": 0,
        "pilot_injury": 0.0823,
        "pilot_skill": 0.9026,
        "mission_priority": 0.8456,
        "estimated_landing_time": 100.0,
        "wait_time": 0,
        "Landing_success_rate": 0.862
    },
    {
        "model": 2,
        "sequence": 8,
        "status": 1,
        "fuel": 5683,
        "fault": 0.9353,
        "weapon": 1,
        "pilot_injury": 0.7419,
        "pilot_skill": 0.5489,
        "mission_priority": 0.5732,
        "estimated_landing_time": 758.0,
        "wait_time": 0,
        "Landing_success_rate": 0.8509
    },
    {
        "model": 0,
        "sequence": 12,
        "status": 1,
        "fuel": 7316,
        "fault": 0.7156,
        "weapon": 1,
        "pilot_injury": 0.9998,
        "pilot_skill": 0.7105,
        "mission_priority": 0.6781,
        "estimated_landing_time": 1134.0,
        "wait_time": 0,
        "Landing_success_rate": 0.8887
    },
    {
        "model": 0,
        "sequence": 4,
        "status": 1,
        "fuel": 6258,
        "fault": 0.3161,
        "weapon": 1,
        "pilot_injury": 0.3421,
        "pilot_skill": 0.3202,
        "mission_priority": 0.7843,
        "estimated_landing_time": 382.0,
        "wait_time": 0,
        "Landing_success_rate": 0.8889
    },
    {
        "model": 0,
        "sequence": 11,
        "status": 1,
        "fuel": 6835,
        "fault": 0.0731,
        "weapon": 0,
        "pilot_injury": 0.8138,
        "pilot_skill": 0.5216,
        "mission_priority": 0.9101,
        "estimated_landing_time": 1040.0,
        "wait_time": 0,
        "Landing_success_rate": 0.9428
    },
    {
        "model": 2,
        "sequence": 10,
        "status": 1,
        "fuel": 6034,
        "fault": 0.9592,
        "weapon": 0,
        "pilot_injury": 0.3614,
        "pilot_skill": 0.9059,
        "mission_priority": 0.9937,
        "estimated_landing_time": 946.0,
        "wait_time": 0,
        "Landing_success_rate": 0.8516
    },
    {
        "model": 2,
        "sequence": 3,
        "status": 1,
        "fuel": 7292,
        "fault": 0.9971,
        "weapon": 0,
        "pilot_injury": 0.2863,
        "pilot_skill": 0.5533,
        "mission_priority": 0.5721,
        "estimated_landing_time": 288.0,
        "wait_time": 0,
        "Landing_success_rate": 0.8504
    },
    {
        "model": 0,
        "sequence": 6,
        "status": 1,
        "fuel": 6208,
        "fault": 0.0714,
        "weapon": 1,
        "pilot_injury": 0.7112,
        "pilot_skill": 0.2608,
        "mission_priority": 0.395,
        "estimated_landing_time": 570.0,
        "wait_time": 0,
        "Landing_success_rate": 0.8993
    },
    {
        "model": 2,
        "sequence": 9,
        "status": 1,
        "fuel": 5543,
        "fault": 0.8149,
        "weapon": 0,
        "pilot_injury": 0.1664,
        "pilot_skill": 0.3255,
        "mission_priority": 0.7911,
        "estimated_landing_time": 852.0,
        "wait_time": 0,
        "Landing_success_rate": 0.8506
    },
    {
        "model": 0,
        "sequence": 5,
        "status": 1,
        "fuel": 6592,
        "fault": 0.2346,
        "weapon": 0,
        "pilot_injury": 0.5635,
        "pilot_skill": 0.1475,
        "mission_priority": 0.6889,
        "estimated_landing_time": 476.0,
        "wait_time": 0,
        "Landing_success_rate": 0.9127
    },
    {
        "model": 0,
        "sequence": 2,
        "status": 1,
        "fuel": 6395,
        "fault": 0.4245,
        "weapon": 1,
        "pilot_injury": 0.3086,
        "pilot_skill": 0.69,
        "mission_priority": 0.7824,
        "estimated_landing_time": 194.0,
        "wait_time": 0,
        "Landing_success_rate": 0.8886
    },
    {
        "model": 0,
        "sequence": 7,
        "status": 1,
        "fuel": 6458,
        "fault": 0.2148,
        "weapon": 0,
        "pilot_injury": 0.0072,
        "pilot_skill": 0.5301,
        "mission_priority": 0.5168,
        "estimated_landing_time": 664.0,
        "wait_time": 0,
        "Landing_success_rate": 0.9064
    }
]