[
    {
        "model": 2,
        "sequence": 7,
        "status": 1,
        "fuel": 6649,
        "fault": 0.4554,
        "weapon": 0,
        "pilot_injury": 0.7257,
        "pilot_skill": 0.2614,
        "mission_priority": 0.9348,
        "estimated_landing_time": 664.0,
        "wait_time": 0,
        "Landing_success_rate": 0.8969
    },
    {
        "model": 2,
        "sequence": 1,
        "status": 1,
        "fuel": 6966,
        "fault": 0.5279,
        "weapon": 1,
        "pilot_injury": 0.3369,
        "pilot_skill": 0.3487,
        "mission_priority": 0.1989,
        "estimated_landing_time": 100.0,
        "wait_time": 0,
        "Landing_success_rate": 0.9019
    },
    {
        "model": 1,
        "sequence": 8,
        "status": 1,
        "fuel": 5786,
        "fault": 0.5781,
        "weapon": 1,
        "pilot_injury": 0.8828,
        "pilot_skill": 0.4049,
        "mission_priority": 0.2693,
        "estimated_landing_time": 758.0,
        "wait_time": 0,
        "Landing_success_rate": 0.859
    },
    {
        "model": 1,
        "sequence": 11,
        "status": 1,
        "fuel": 6411,
        "fault": 0.6377,
        "weapon": 0,
        "pilot_injury": 0.6693,
        "pilot_skill": 0.8982,
        "mission_priority": 0.6524,
        "estimated_landing_time": 1040.0,
        "wait_time": 0,
        "Landing_success_rate": 0.8748
    },
    {
        "model": 0,
        "sequence": 3,
        "status": 1,
        "fuel": 7036,
        "fault": 0.5632,
        "weapon": 1,
        "pilot_injury": 0.9154,
        "pilot_skill": 0.9024,
        "mission_priority": 0.3787,
        "estimated_landing_time": 288.0,
        "wait_time": 0,
        "Landing_success_rate": 0.9003
    },
    {
        "model": 1,
        "sequence": 10,
        "status": 1,
        "fuel": 5704,
        "fault": 0.4576,
        "weapon": 1,
        "pilot_injury": 0.7917,
        "pilot_skill": 0.5425,
        "mission_priority": 0.4029,
        "estimated_landing_time": 946.0,
        "wait_time": 0,
        "Landing_success_rate": 0.8583
    },
    {
        "model": 1,
        "sequence": 6,
        "status": 1,
        "fuel": 7414,
        "fault": 0.7161,
        "weapon": 1,
        "pilot_injury": 0.4396,
        "pilot_skill": 0.0245,
        "mission_priority": 0.164,
        "estimated_landing_time": 570.0,
        "wait_time": 0,
        "Landing_success_rate": 0.8908
    },
    {
        "model": 2,
        "sequence": 9,
        "status": 1,
        "fuel": 5713,
        "fault": 0.7499,
        "weapon": 0,
        "pilot_injury": 0.8056,
        "pilot_skill": 0.4865,
        "mission_priority": 0.8348,
        "estimated_landing_time": 852.0,
        "wait_time": 0,
        "Landing_success_rate": 0.854
    },
    {
        "model": 1,
        "sequence": 5,
        "status": 1,
        "fuel": 5816,
        "fault": 0.0696,
        "weapon": 1,
        "pilot_injury": 0.8997,
        "pilot_skill": 0.1486,
        "mission_priority": 0.4506,
        "estimated_landing_time": 476.0,
        "wait_time": 0,
        "Landing_success_rate": 0.8721
    },
    {
        "model": 2,
        "sequence": 2,
        "status": 1,
        "fuel": 6565,
        "fault": 0.414,
        "weapon": 1,
        "pilot_injury": 0.0531,
        "pilot_skill": 0.7626,
        "mission_priority": 0.3005,
        "estimated_landing_time": 194.0,
        "wait_time": 0,
        "Landing_success_rate": 0.8968
    },
    {
        "model": 1,
        "sequence": 12,
        "status": 1,
        "fuel": 6587,
        "fault": 0.7975,
        "weapon": 1,
        "pilot_injury": 0.3734,
        "pilot_skill": 0.775,
        "mission_priority": 0.8845,
        "estimated_landing_time": 1134.0,
        "wait_time": 0,
        "Landing_success_rate": 0.8665
    },
    {
        "model": 0,
        "sequence": 4,
        "status": 1,
        "fuel": 6464,
        "fault": 0.7275,
        "weapon": 1,
        "pilot_injury": 0.3177,
        "pilot_skill": 0.5833,
        "mission_priority": 0.4839,
        "estimated_landing_time": 382.0,
        "wait_time": 0,
        "Landing_success_rate": 0.8697
    }
]