[
    {
        "model": 0,
        "sequence": 11,
        "status": 1,
        "fuel": 5747,
        "fault": 0.1139,
        "weapon": 1,
        "pilot_injury": 0.3709,
        "pilot_skill": 0.9724,
        "mission_priority": 0.233,
        "estimated_landing_time": 1040.0,
        "wait_time": 0,
        "Landing_success_rate": 0.8664
    },
    {
        "model": 1,
        "sequence": 3,
        "status": 1,
        "fuel": 6366,
        "fault": 0.9839,
        "weapon": 0,
        "pilot_injury": 0.0056,
        "pilot_skill": 0.9932,
        "mission_priority": 0.7564,
        "estimated_landing_time": 288.0,
        "wait_time": 0,
        "Landing_success_rate": 0.851
    },
    {
        "model": 0,
        "sequence": 10,
        "status": 1,
        "fuel": 6554,
        "fault": 0.9545,
        "weapon": 0,
        "pilot_injury": 0.5552,
        "pilot_skill": 0.2533,
        "mission_priority": 0.0355,
        "estimated_landing_time": 946.0,
        "wait_time": 0,
        "Landing_success_rate": 0.8536
    },
    {
        "model": 2,
        "sequence": 2,
        "status": 1,
        "fuel": 6522,
        "fault": 0.5554,
        "weapon": 1,
        "pilot_injury": 0.1625,
        "pilot_skill": 0.7871,
        "mission_priority": 0.7412,
        "estimated_landing_time": 194.0,
        "wait_time": 0,
        "Landing_success_rate": 0.8841
    },
    {
        "model": 2,
        "sequence": 9,
        "status": 1,
        "fuel": 6513,
        "fault": 0.4919,
        "weapon": 1,
        "pilot_injury": 0.4228,
        "pilot_skill": 0.76,
        "mission_priority": 0.8377,
        "estimated_landing_time": 852.0,
        "wait_time": 0,
        "Landing_success_rate": 0.8886
    },
    {
        "model": 1,
        "sequence": 4,
        "status": 1,
        "fuel": 7221,
        "fault": 0.4641,
        "weapon": 0,
        "pilot_injury": 0.7617,
        "pilot_skill": 0.7862,
        "mission_priority": 0.148,
        "estimated_landing_time": 382.0,
        "wait_time": 0,
        "Landing_success_rate": 0.9192
    },
    {
        "model": 2,
        "sequence": 8,
        "status": 1,
        "fuel": 5821,
        "fault": 0.366,
        "weapon": 1,
        "pilot_injury": 0.3185,
        "pilot_skill": 0.4251,
        "mission_priority": 0.8044,
        "estimated_landing_time": 758.0,
        "wait_time": 0,
        "Landing_success_rate": 0.8653
    },
    {
        "model": 1,
        "sequence": 7,
        "status": 1,
        "fuel": 6756,
        "fault": 0.1993,
        "weapon": 1,
        "pilot_injury": 0.3112,
        "pilot_skill": 0.0015,
        "mission_priority": 0.2342,
        "estimated_landing_time": 664.0,
        "wait_time": 0,
        "Landing_success_rate": 0.9254
    },
    {
        "model": 1,
        "sequence": 12,
        "status": 1,
        "fuel": 6410,
        "fault": 0.6755,
        "weapon": 1,
        "pilot_injury": 0.6928,
        "pilot_skill": 0.214,
        "mission_priority": 0.9347,
        "estimated_landing_time": 1134.0,
        "wait_time": 0,
        "Landing_success_rate": 0.8721
    },
    {
        "model": 1,
        "sequence": 6,
        "status": 1,
        "fuel": 6963,
        "fault": 0.6815,
        "weapon": 0,
        "pilot_injury": 0.4343,
        "pilot_skill": 0.6926,
        "mission_priority": 0.4523,
        "estimated_landing_time": 570.0,
        "wait_time": 0,
        "Landing_success_rate": 0.8849
    },
    {
        "model": 0,
        "sequence": 1,
        "status": 1,
        "fuel": 6499,
        "fault": 0.6325,
        "weapon": 0,
        "pilot_injury": 0.4284,
        "pilot_skill": 0.074,
        "mission_priority": 0.5294,
        "estimated_landing_time": 100.0,
        "wait_time": 0,
        "Landing_success_rate": 0.8775
    },
    {
        "model": 0,
        "sequence": 5,
        "status": 1,
        "fuel": 7060,
        "fault": 0.5699,
        "weapon": 0,
        "pilot_injury": 0.8003,
        "pilot_skill": 0.6698,
        "mission_priority": 0.6503,
        "estimated_landing_time": 476.0,
        "wait_time": 0,
        "Landing_success_rate": 0.9003
    }
]