[
    {
        "model": 1,
        "sequence": 12,
        "status": 1,
        "fuel": 6168,
        "fault": 0.6583,
        "weapon": 0,
        "pilot_injury": 0.8616,
        "pilot_skill": 0.6257,
        "mission_priority": 0.3987,
        "estimated_landing_time": 1134.0,
        "wait_time": 0,
        "Landing_success_rate": 0.8671
    },
    {
        "model": 1,
        "sequence": 1,
        "status": 1,
        "fuel": 6995,
        "fault": 0.8116,
        "weapon": 1,
        "pilot_injury": 0.1843,
        "pilot_skill": 0.4702,
        "mission_priority": 0.6775,
        "estimated_landing_time": 100.0,
        "wait_time": 0,
        "Landing_success_rate": 0.8711
    },
    {
        "model": 0,
        "sequence": 10,
        "status": 1,
        "fuel": 5704,
        "fault": 0.9707,
        "weapon": 1,
        "pilot_injury": 0.0397,
        "pilot_skill": 0.2798,
        "mission_priority": 0.0571,
        "estimated_landing_time": 946.0,
        "wait_time": 0,
        "Landing_success_rate": 0.8504
    },
    {
        "model": 1,
        "sequence": 9,
        "status": 1,
        "fuel": 6825,
        "fault": 0.6127,
        "weapon": 1,
        "pilot_injury": 0.7327,
        "pilot_skill": 0.3694,
        "mission_priority": 0.925,
        "estimated_landing_time": 852.0,
        "wait_time": 0,
        "Landing_success_rate": 0.8885
    },
    {
        "model": 2,
        "sequence": 2,
        "status": 1,
        "fuel": 6782,
        "fault": 0.6913,
        "weapon": 0,
        "pilot_injury": 0.9705,
        "pilot_skill": 0.1758,
        "mission_priority": 0.4424,
        "estimated_landing_time": 194.0,
        "wait_time": 0,
        "Landing_success_rate": 0.8797
    },
    {
        "model": 1,
        "sequence": 6,
        "status": 1,
        "fuel": 7111,
        "fault": 0.499,
        "weapon": 0,
        "pilot_injury": 0.566,
        "pilot_skill": 0.3268,
        "mission_priority": 0.7282,
        "estimated_landing_time": 570.0,
        "wait_time": 0,
        "Landing_success_rate": 0.9105
    },
    {
        "model": 2,
        "sequence": 5,
        "status": 1,
        "fuel": 6760,
        "fault": 0.0921,
        "weapon": 0,
        "pilot_injury": 0.9641,
        "pilot_skill": 0.5557,
        "mission_priority": 0.5255,
        "estimated_landing_time": 476.0,
        "wait_time": 0,
        "Landing_success_rate": 0.9358
    },
    {
        "model": 0,
        "sequence": 7,
        "status": 1,
        "fuel": 5988,
        "fault": 0.6721,
        "weapon": 1,
        "pilot_injury": 0.0745,
        "pilot_skill": 0.5066,
        "mission_priority": 0.7806,
        "estimated_landing_time": 664.0,
        "wait_time": 0,
        "Landing_success_rate": 0.862
    },
    {
        "model": 2,
        "sequence": 8,
        "status": 1,
        "fuel": 6946,
        "fault": 0.3753,
        "weapon": 0,
        "pilot_injury": 0.0249,
        "pilot_skill": 0.2612,
        "mission_priority": 0.5492,
        "estimated_landing_time": 758.0,
        "wait_time": 0,
        "Landing_success_rate": 0.9177
    },
    {
        "model": 2,
        "sequence": 11,
        "status": 1,
        "fuel": 6064,
        "fault": 0.3437,
        "weapon": 0,
        "pilot_injury": 0.8268,
        "pilot_skill": 0.1643,
        "mission_priority": 0.0008,
        "estimated_landing_time": 1040.0,
        "wait_time": 0,
        "Landing_success_rate": 0.8778
    },
    {
        "model": 2,
        "sequence": 3,
        "status": 1,
        "fuel": 6565,
        "fault": 0.6568,
        "weapon": 0,
        "pilot_injury": 0.9575,
        "pilot_skill": 0.2779,
        "mission_priority": 0.0634,
        "estimated_landing_time": 288.0,
        "wait_time": 0,
        "Landing_success_rate": 0.8774
    },
    {
        "model": 2,
        "sequence": 4,
        "status": 1,
        "fuel": 5583,
        "fault": 0.1586,
        "weapon": 1,
        "pilot_injury": 0.4921,
        "pilot_skill": 0.0739,
        "mission_priority": 0.6541,
        "estimated_landing_time": 382.0,
        "wait_time": 0,
        "Landing_success_rate": 0.8552
    }
]