[
    {
        "model": 2,
        "sequence": 2,
        "status": 1,
        "fuel": 6148,
        "fault": 0.5546,
        "weapon": 0,
        "pilot_injury": 0.6494,
        "pilot_skill": 0.4775,
        "mission_priority": 0.1543,
        "estimated_landing_time": 194.0,
        "wait_time": 0,
        "Landing_success_rate": 0.8716
    },
    {
        "model": 1,
        "sequence": 9,
        "status": 1,
        "fuel": 5971,
        "fault": 0.3043,
        "weapon": 0,
        "pilot_injury": 0.5316,
        "pilot_skill": 0.9673,
        "mission_priority": 0.4862,
        "estimated_landing_time": 852.0,
        "wait_time": 0,
        "Landing_success_rate": 0.8746
    },
    {
        "model": 1,
        "sequence": 4,
        "status": 1,
        "fuel": 5620,
        "fault": 0.3121,
        "weapon": 1,
        "pilot_injury": 0.6628,
        "pilot_skill": 0.8968,
        "mission_priority": 0.2516,
        "estimated_landing_time": 382.0,
        "wait_time": 0,
        "Landing_success_rate": 0.8562
    },
    {
        "model": 0,
        "sequence": 8,
        "status": 1,
        "fuel": 5546,
        "fault": 0.8954,
        "weapon": 0,
        "pilot_injury": 0.8125,
        "pilot_skill": 0.4938,
        "mission_priority": 0.8577,
        "estimated_landing_time": 758.0,
        "wait_time": 0,
        "Landing_success_rate": 0.8504
    },
    {
        "model": 1,
        "sequence": 7,
        "status": 1,
        "fuel": 7377,
        "fault": 0.5446,
        "weapon": 0,
        "pilot_injury": 0.5076,
        "pilot_skill": 0.7833,
        "mission_priority": 0.267,
        "estimated_landing_time": 664.0,
        "wait_time": 0,
        "Landing_success_rate": 0.9141
    },
    {
        "model": 2,
        "sequence": 12,
        "status": 1,
        "fuel": 6557,
        "fault": 0.125,
        "weapon": 0,
        "pilot_injury": 0.5078,
        "pilot_skill": 0.2973,
        "mission_priority": 0.3834,
        "estimated_landing_time": 1134.0,
        "wait_time": 0,
        "Landing_success_rate": 0.9194
    },
    {
        "model": 2,
        "sequence": 1,
        "status": 1,
        "fuel": 6173,
        "fault": 0.7137,
        "weapon": 0,
        "pilot_injury": 0.2401,
        "pilot_skill": 0.301,
        "mission_priority": 0.2991,
        "estimated_landing_time": 100.0,
        "wait_time": 0,
        "Landing_success_rate": 0.8645
    },
    {
        "model": 2,
        "sequence": 10,
        "status": 1,
        "fuel": 6807,
        "fault": 0.7859,
        "weapon": 1,
        "pilot_injury": 0.941,
        "pilot_skill": 0.5113,
        "mission_priority": 0.129,
        "estimated_landing_time": 946.0,
        "wait_time": 0,
        "Landing_success_rate": 0.871
    },
    {
        "model": 0,
        "sequence": 6,
        "status": 1,
        "fuel": 7250,
        "fault": 0.3643,
        "weapon": 0,
        "pilot_injury": 0.0137,
        "pilot_skill": 0.9378,
        "mission_priority": 0.4452,
        "estimated_landing_time": 570.0,
        "wait_time": 0,
        "Landing_success_rate": 0.9334
    },
    {
        "model": 2,
        "sequence": 5,
        "status": 1,
        "fuel": 7380,
        "fault": 0.5689,
        "weapon": 0,
        "pilot_injury": 0.5034,
        "pilot_skill": 0.9477,
        "mission_priority": 0.9152,
        "estimated_landing_time": 476.0,
        "wait_time": 0,
        "Landing_success_rate": 0.9108
    },
    {
        "model": 0,
        "sequence": 3,
        "status": 1,
        "fuel": 7004,
        "fault": 0.5887,
        "weapon": 0,
        "pilot_injury": 0.2964,
        "pilot_skill": 0.3464,
        "mission_priority": 0.365,
        "estimated_landing_time": 288.0,
        "wait_time": 0,
        "Landing_success_rate": 0.8964
    },
    {
        "model": 0,
        "sequence": 11,
        "status": 1,
        "fuel": 5601,
        "fault": 0.5939,
        "weapon": 0,
        "pilot_injury": 0.1087,
        "pilot_skill": 0.7783,
        "mission_priority": 0.3661,
        "estimated_landing_time": 1040.0,
        "wait_time": 0,
        "Landing_success_rate": 0.8531
    }
]