[
    {
        "model": 0,
        "sequence": 7,
        "status": 1,
        "fuel": 6680,
        "fault": 0.924,
        "weapon": 0,
        "pilot_injury": 0.2935,
        "pilot_skill": 0.334,
        "mission_priority": 0.0271,
        "estimated_landing_time": 664.0,
        "wait_time": 0,
        "Landing_success_rate": 0.8567
    },
    {
        "model": 1,
        "sequence": 12,
        "status": 1,
        "fuel": 5849,
        "fault": 0.4078,
        "weapon": 1,
        "pilot_injury": 0.0939,
        "pilot_skill": 0.9995,
        "mission_priority": 0.605,
        "estimated_landing_time": 1134.0,
        "wait_time": 0,
        "Landing_success_rate": 0.8655
    },
    {
        "model": 0,
        "sequence": 3,
        "status": 1,
        "fuel": 6975,
        "fault": 0.1161,
        "weapon": 0,
        "pilot_injury": 0.3895,
        "pilot_skill": 0.6697,
        "mission_priority": 0.1064,
        "estimated_landing_time": 288.0,
        "wait_time": 0,
        "Landing_success_rate": 0.9478
    },
    {
        "model": 2,
        "sequence": 9,
        "status": 1,
        "fuel": 6659,
        "fault": 0.2169,
        "weapon": 1,
        "pilot_injury": 0.216,
        "pilot_skill": 0.3003,
        "mission_priority": 0.9671,
        "estimated_landing_time": 852.0,
        "wait_time": 0,
        "Landing_success_rate": 0.9181
    },
    {
        "model": 2,
        "sequence": 2,
        "status": 1,
        "fuel": 7010,
        "fault": 0.9829,
        "weapon": 1,
        "pilot_injury": 0.5362,
        "pilot_skill": 0.671,
        "mission_priority": 0.7251,
        "estimated_landing_time": 194.0,
        "wait_time": 0,
        "Landing_success_rate": 0.8519
    },
    {
        "model": 1,
        "sequence": 1,
        "status": 1,
        "fuel": 6231,
        "fault": 0.0368,
        "weapon": 1,
        "pilot_injury": 0.3153,
        "pilot_skill": 0.0357,
        "mission_priority": 0.2796,
        "estimated_landing_time": 100.0,
        "wait_time": 0,
        "Landing_success_rate": 0.9028
    },
    {
        "model": 1,
        "sequence": 4,
        "status": 1,
        "fuel": 6259,
        "fault": 0.0523,
        "weapon": 0,
        "pilot_injury": 0.8826,
        "pilot_skill": 0.8479,
        "mission_priority": 0.2515,
        "estimated_landing_time": 382.0,
        "wait_time": 0,
        "Landing_success_rate": 0.9039
    },
    {
        "model": 1,
        "sequence": 10,
        "status": 1,
        "fuel": 5523,
        "fault": 0.1857,
        "weapon": 0,
        "pilot_injury": 0.335,
        "pilot_skill": 0.6971,
        "mission_priority": 0.2899,
        "estimated_landing_time": 946.0,
        "wait_time": 0,
        "Landing_success_rate": 0.8514
    },
    {
        "model": 0,
        "sequence": 5,
        "status": 1,
        "fuel": 7439,
        "fault": 0.7132,
        "weapon": 1,
        "pilot_injury": 0.4383,
        "pilot_skill": 0.1382,
        "mission_priority": 0.4906,
        "estimated_landing_time": 476.0,
        "wait_time": 0,
        "Landing_success_rate": 0.8917
    },
    {
        "model": 0,
        "sequence": 11,
        "status": 1,
        "fuel": 5984,
        "fault": 0.6138,
        "weapon": 1,
        "pilot_injury": 0.7389,
        "pilot_skill": 0.7576,
        "mission_priority": 0.7446,
        "estimated_landing_time": 1040.0,
        "wait_time": 0,
        "Landing_success_rate": 0.864
    },
    {
        "model": 0,
        "sequence": 8,
        "status": 1,
        "fuel": 6177,
        "fault": 0.4434,
        "weapon": 0,
        "pilot_injury": 0.8301,
        "pilot_skill": 0.2746,
        "mission_priority": 0.5527,
        "estimated_landing_time": 758.0,
        "wait_time": 0,
        "Landing_success_rate": 0.8783
    },
    {
        "model": 0,
        "sequence": 6,
        "status": 1,
        "fuel": 7378,
        "fault": 0.6248,
        "weapon": 0,
        "pilot_injury": 0.254,
        "pilot_skill": 0.0233,
        "mission_priority": 0.864,
        "estimated_landing_time": 570.0,
        "wait_time": 0,
        "Landing_success_rate": 0.9028
    }
]