[
    {
        "model": 2,
        "sequence": 7,
        "status": 1,
        "fuel": 6284,
        "fault": 0.0964,
        "weapon": 0,
        "pilot_injury": 0.2495,
        "pilot_skill": 0.0017,
        "mission_priority": 0.2236,
        "estimated_landing_time": 664.0,
        "wait_time": 0,
        "Landing_success_rate": 0.9031
    },
    {
        "model": 1,
        "sequence": 4,
        "status": 1,
        "fuel": 6181,
        "fault": 0.5568,
        "weapon": 1,
        "pilot_injury": 0.335,
        "pilot_skill": 0.2714,
        "mission_priority": 0.9199,
        "estimated_landing_time": 382.0,
        "wait_time": 0,
        "Landing_success_rate": 0.8726
    },
    {
        "model": 2,
        "sequence": 12,
        "status": 1,
        "fuel": 7413,
        "fault": 0.8832,
        "weapon": 1,
        "pilot_injury": 0.9574,
        "pilot_skill": 0.8792,
        "mission_priority": 0.3093,
        "estimated_landing_time": 1134.0,
        "wait_time": 0,
        "Landing_success_rate": 0.8668
    },
    {
        "model": 0,
        "sequence": 11,
        "status": 1,
        "fuel": 7085,
        "fault": 0.6032,
        "weapon": 0,
        "pilot_injury": 0.9179,
        "pilot_skill": 0.01,
        "mission_priority": 0.3931,
        "estimated_landing_time": 1040.0,
        "wait_time": 0,
        "Landing_success_rate": 0.8972
    },
    {
        "model": 2,
        "sequence": 2,
        "status": 1,
        "fuel": 6243,
        "fault": 0.0896,
        "weapon": 1,
        "pilot_injury": 0.7201,
        "pilot_skill": 0.6919,
        "mission_priority": 0.2055,
        "estimated_landing_time": 194.0,
        "wait_time": 0,
        "Landing_success_rate": 0.9007
    },
    {
        "model": 0,
        "sequence": 9,
        "status": 1,
        "fuel": 5515,
        "fault": 0.8974,
        "weapon": 1,
        "pilot_injury": 0.7155,
        "pilot_skill": 0.8224,
        "mission_priority": 0.7599,
        "estimated_landing_time": 852.0,
        "wait_time": 0,
        "Landing_success_rate": 0.8501
    },
    {
        "model": 2,
        "sequence": 1,
        "status": 1,
        "fuel": 6420,
        "fault": 0.8288,
        "weapon": 1,
        "pilot_injury": 0.4973,
        "pilot_skill": 0.5739,
        "mission_priority": 0.373,
        "estimated_landing_time": 100.0,
        "wait_time": 0,
        "Landing_success_rate": 0.8618
    },
    {
        "model": 2,
        "sequence": 3,
        "status": 1,
        "fuel": 6553,
        "fault": 0.2543,
        "weapon": 0,
        "pilot_injury": 0.5795,
        "pilot_skill": 0.8616,
        "mission_priority": 0.1019,
        "estimated_landing_time": 288.0,
        "wait_time": 0,
        "Landing_success_rate": 0.9089
    },
    {
        "model": 2,
        "sequence": 8,
        "status": 1,
        "fuel": 6656,
        "fault": 0.1691,
        "weapon": 1,
        "pilot_injury": 0.9586,
        "pilot_skill": 0.072,
        "mission_priority": 0.3371,
        "estimated_landing_time": 758.0,
        "wait_time": 0,
        "Landing_success_rate": 0.922
    },
    {
        "model": 1,
        "sequence": 5,
        "status": 1,
        "fuel": 5964,
        "fault": 0.4978,
        "weapon": 0,
        "pilot_injury": 0.8652,
        "pilot_skill": 0.3084,
        "mission_priority": 0.8468,
        "estimated_landing_time": 476.0,
        "wait_time": 0,
        "Landing_success_rate": 0.8675
    },
    {
        "model": 2,
        "sequence": 10,
        "status": 1,
        "fuel": 6641,
        "fault": 0.7335,
        "weapon": 0,
        "pilot_injury": 0.2388,
        "pilot_skill": 0.7067,
        "mission_priority": 0.3277,
        "estimated_landing_time": 946.0,
        "wait_time": 0,
        "Landing_success_rate": 0.8728
    },
    {
        "model": 2,
        "sequence": 6,
        "status": 1,
        "fuel": 6576,
        "fault": 0.4976,
        "weapon": 1,
        "pilot_injury": 0.2398,
        "pilot_skill": 0.2244,
        "mission_priority": 0.3692,
        "estimated_landing_time": 570.0,
        "wait_time": 0,
        "Landing_success_rate": 0.8905
    }
]