[
    {
        "model": 1,
        "sequence": 7,
        "status": 1,
        "fuel": 7470,
        "fault": 0.745,
        "weapon": 0,
        "pilot_injury": 0.2962,
        "pilot_skill": 0.5607,
        "mission_priority": 0.7435,
        "estimated_landing_time": 664.0,
        "wait_time": 0,
        "Landing_success_rate": 0.8877
    },
    {
        "model": 1,
        "sequence": 3,
        "status": 1,
        "fuel": 7338,
        "fault": 0.8732,
        "weapon": 1,
        "pilot_injury": 0.6023,
        "pilot_skill": 0.9019,
        "mission_priority": 0.2451,
        "estimated_landing_time": 288.0,
        "wait_time": 0,
        "Landing_success_rate": 0.8675
    },
    {
        "model": 0,
        "sequence": 12,
        "status": 1,
        "fuel": 7159,
        "fault": 0.1322,
        "weapon": 1,
        "pilot_injury": 0.9895,
        "pilot_skill": 0.2045,
        "mission_priority": 0.141,
        "estimated_landing_time": 1134.0,
        "wait_time": 0,
        "Landing_success_rate": 0.958
    },
    {
        "model": 0,
        "sequence": 10,
        "status": 1,
        "fuel": 6149,
        "fault": 0.5406,
        "weapon": 0,
        "pilot_injury": 0.6392,
        "pilot_skill": 0.9725,
        "mission_priority": 0.9465,
        "estimated_landing_time": 946.0,
        "wait_time": 0,
        "Landing_success_rate": 0.8724
    },
    {
        "model": 2,
        "sequence": 8,
        "status": 1,
        "fuel": 5833,
        "fault": 0.9016,
        "weapon": 1,
        "pilot_injury": 0.5607,
        "pilot_skill": 0.5868,
        "mission_priority": 0.6623,
        "estimated_landing_time": 758.0,
        "wait_time": 0,
        "Landing_success_rate": 0.8525
    },
    {
        "model": 2,
        "sequence": 9,
        "status": 1,
        "fuel": 5860,
        "fault": 0.4186,
        "weapon": 0,
        "pilot_injury": 0.1118,
        "pilot_skill": 0.7902,
        "mission_priority": 0.0795,
        "estimated_landing_time": 852.0,
        "wait_time": 0,
        "Landing_success_rate": 0.8657
    },
    {
        "model": 0,
        "sequence": 1,
        "status": 1,
        "fuel": 6926,
        "fault": 0.9207,
        "weapon": 0,
        "pilot_injury": 0.5484,
        "pilot_skill": 0.6986,
        "mission_priority": 0.3827,
        "estimated_landing_time": 100.0,
        "wait_time": 0,
        "Landing_success_rate": 0.8585
    },
    {
        "model": 1,
        "sequence": 6,
        "status": 1,
        "fuel": 6835,
        "fault": 0.2787,
        "weapon": 1,
        "pilot_injury": 0.6081,
        "pilot_skill": 0.2257,
        "mission_priority": 0.6878,
        "estimated_landing_time": 570.0,
        "wait_time": 0,
        "Landing_success_rate": 0.9222
    },
    {
        "model": 1,
        "sequence": 2,
        "status": 1,
        "fuel": 6847,
        "fault": 0.6686,
        "weapon": 1,
        "pilot_injury": 0.8757,
        "pilot_skill": 0.8548,
        "mission_priority": 0.8781,
        "estimated_landing_time": 194.0,
        "wait_time": 0,
        "Landing_success_rate": 0.8835
    },
    {
        "model": 0,
        "sequence": 4,
        "status": 1,
        "fuel": 5758,
        "fault": 0.6471,
        "weapon": 0,
        "pilot_injury": 0.4813,
        "pilot_skill": 0.7105,
        "mission_priority": 0.2106,
        "estimated_landing_time": 382.0,
        "wait_time": 0,
        "Landing_success_rate": 0.8568
    },
    {
        "model": 2,
        "sequence": 11,
        "status": 1,
        "fuel": 5819,
        "fault": 0.1597,
        "weapon": 1,
        "pilot_injury": 0.096,
        "pilot_skill": 0.5573,
        "mission_priority": 0.0668,
        "estimated_landing_time": 1040.0,
        "wait_time": 0,
        "Landing_success_rate": 0.8701
    },
    {
        "model": 0,
        "sequence": 5,
        "status": 1,
        "fuel": 6627,
        "fault": 0.2928,
        "weapon": 1,
        "pilot_injury": 0.4899,
        "pilot_skill": 0.5433,
        "mission_priority": 0.2799,
        "estimated_landing_time": 476.0,
        "wait_time": 0,
        "Landing_success_rate": 0.9098
    }
]