[
    {
        "model": 2,
        "sequence": 10,
        "status": 1,
        "fuel": 6939,
        "fault": 0.8107,
        "weapon": 1,
        "pilot_injury": 0.8331,
        "pilot_skill": 0.8243,
        "mission_priority": 0.2754,
        "estimated_landing_time": 946.0,
        "wait_time": 0,
        "Landing_success_rate": 0.8704
    },
    {
        "model": 1,
        "sequence": 3,
        "status": 1,
        "fuel": 5818,
        "fault": 0.5827,
        "weapon": 0,
        "pilot_injury": 0.4735,
        "pilot_skill": 0.2015,
        "mission_priority": 0.8886,
        "estimated_landing_time": 288.0,
        "wait_time": 0,
        "Landing_success_rate": 0.86
    },
    {
        "model": 2,
        "sequence": 2,
        "status": 1,
        "fuel": 7457,
        "fault": 0.8798,
        "weapon": 0,
        "pilot_injury": 0.7048,
        "pilot_skill": 0.7414,
        "mission_priority": 0.8869,
        "estimated_landing_time": 194.0,
        "wait_time": 0,
        "Landing_success_rate": 0.8676
    },
    {
        "model": 1,
        "sequence": 8,
        "status": 1,
        "fuel": 7128,
        "fault": 0.5478,
        "weapon": 1,
        "pilot_injury": 0.1534,
        "pilot_skill": 0.6007,
        "mission_priority": 0.6572,
        "estimated_landing_time": 758.0,
        "wait_time": 0,
        "Landing_success_rate": 0.9052
    },
    {
        "model": 2,
        "sequence": 11,
        "status": 1,
        "fuel": 7328,
        "fault": 0.7416,
        "weapon": 0,
        "pilot_injury": 0.8909,
        "pilot_skill": 0.6453,
        "mission_priority": 0.497,
        "estimated_landing_time": 1040.0,
        "wait_time": 0,
        "Landing_success_rate": 0.8854
    },
    {
        "model": 0,
        "sequence": 4,
        "status": 1,
        "fuel": 6589,
        "fault": 0.6596,
        "weapon": 0,
        "pilot_injury": 0.125,
        "pilot_skill": 0.9562,
        "mission_priority": 0.7641,
        "estimated_landing_time": 382.0,
        "wait_time": 0,
        "Landing_success_rate": 0.8778
    },
    {
        "model": 0,
        "sequence": 6,
        "status": 1,
        "fuel": 7432,
        "fault": 0.1901,
        "weapon": 1,
        "pilot_injury": 0.6802,
        "pilot_skill": 0.0443,
        "mission_priority": 0.7821,
        "estimated_landing_time": 570.0,
        "wait_time": 0,
        "Landing_success_rate": 0.9674
    },
    {
        "model": 2,
        "sequence": 7,
        "status": 1,
        "fuel": 6332,
        "fault": 0.6657,
        "weapon": 0,
        "pilot_injury": 0.568,
        "pilot_skill": 0.2801,
        "mission_priority": 0.6596,
        "estimated_landing_time": 664.0,
        "wait_time": 0,
        "Landing_success_rate": 0.8709
    },
    {
        "model": 1,
        "sequence": 5,
        "status": 1,
        "fuel": 6529,
        "fault": 0.8489,
        "weapon": 1,
        "pilot_injury": 0.9925,
        "pilot_skill": 0.3867,
        "mission_priority": 0.4653,
        "estimated_landing_time": 476.0,
        "wait_time": 0,
        "Landing_success_rate": 0.8617
    },
    {
        "model": 2,
        "sequence": 9,
        "status": 1,
        "fuel": 5574,
        "fault": 0.4338,
        "weapon": 0,
        "pilot_injury": 0.0373,
        "pilot_skill": 0.8431,
        "mission_priority": 0.0515,
        "estimated_landing_time": 852.0,
        "wait_time": 0,
        "Landing_success_rate": 0.8531
    },
    {
        "model": 1,
        "sequence": 12,
        "status": 1,
        "fuel": 7100,
        "fault": 0.6166,
        "weapon": 1,
        "pilot_injury": 0.0779,
        "pilot_skill": 0.0257,
        "mission_priority": 0.055,
        "estimated_landing_time": 1134.0,
        "wait_time": 0,
        "Landing_success_rate": 0.896
    },
    {
        "model": 2,
        "sequence": 1,
        "status": 1,
        "fuel": 5977,
        "fault": 0.7497,
        "weapon": 1,
        "pilot_injury": 0.1265,
        "pilot_skill": 0.6587,
        "mission_priority": 0.2261,
        "estimated_landing_time": 100.0,
        "wait_time": 0,
        "Landing_success_rate": 0.859
    }
]