[
    {
        "model": 1,
        "sequence": 12,
        "status": 1,
        "fuel": 7499,
        "fault": 0.2001,
        "weapon": 1,
        "pilot_injury": 0.9417,
        "pilot_skill": 0.3883,
        "mission_priority": 0.7286,
        "estimated_landing_time": 1134.0,
        "wait_time": 0,
        "Landing_success_rate": 0.9699
    },
    {
        "model": 0,
        "sequence": 10,
        "status": 1,
        "fuel": 6247,
        "fault": 0.6476,
        "weapon": 1,
        "pilot_injury": 0.8365,
        "pilot_skill": 0.0834,
        "mission_priority": 0.5303,
        "estimated_landing_time": 946.0,
        "wait_time": 0,
        "Landing_success_rate": 0.8697
    },
    {
        "model": 1,
        "sequence": 7,
        "status": 1,
        "fuel": 6180,
        "fault": 0.6491,
        "weapon": 0,
        "pilot_injury": 0.6444,
        "pilot_skill": 0.0272,
        "mission_priority": 0.5938,
        "estimated_landing_time": 664.0,
        "wait_time": 0,
        "Landing_success_rate": 0.8679
    },
    {
        "model": 0,
        "sequence": 11,
        "status": 1,
        "fuel": 6440,
        "fault": 0.3987,
        "weapon": 1,
        "pilot_injury": 0.1416,
        "pilot_skill": 0.7358,
        "mission_priority": 0.6456,
        "estimated_landing_time": 1040.0,
        "wait_time": 0,
        "Landing_success_rate": 0.8924
    },
    {
        "model": 0,
        "sequence": 5,
        "status": 1,
        "fuel": 7037,
        "fault": 0.1478,
        "weapon": 0,
        "pilot_injury": 0.2833,
        "pilot_skill": 0.0273,
        "mission_priority": 0.6554,
        "estimated_landing_time": 476.0,
        "wait_time": 0,
        "Landing_success_rate": 0.9482
    },
    {
        "model": 1,
        "sequence": 8,
        "status": 1,
        "fuel": 6502,
        "fault": 0.5921,
        "weapon": 0,
        "pilot_injury": 0.1227,
        "pilot_skill": 0.5847,
        "mission_priority": 0.9118,
        "estimated_landing_time": 758.0,
        "wait_time": 0,
        "Landing_success_rate": 0.8807
    },
    {
        "model": 0,
        "sequence": 3,
        "status": 1,
        "fuel": 7278,
        "fault": 0.545,
        "weapon": 0,
        "pilot_injury": 0.3846,
        "pilot_skill": 0.0432,
        "mission_priority": 0.4693,
        "estimated_landing_time": 288.0,
        "wait_time": 0,
        "Landing_success_rate": 0.9107
    },
    {
        "model": 2,
        "sequence": 6,
        "status": 1,
        "fuel": 6485,
        "fault": 0.9517,
        "weapon": 0,
        "pilot_injury": 0.499,
        "pilot_skill": 0.0959,
        "mission_priority": 0.3814,
        "estimated_landing_time": 570.0,
        "wait_time": 0,
        "Landing_success_rate": 0.8536
    },
    {
        "model": 1,
        "sequence": 2,
        "status": 1,
        "fuel": 6517,
        "fault": 0.3321,
        "weapon": 0,
        "pilot_injury": 0.3198,
        "pilot_skill": 0.7468,
        "mission_priority": 0.7336,
        "estimated_landing_time": 194.0,
        "wait_time": 0,
        "Landing_success_rate": 0.9009
    },
    {
        "model": 1,
        "sequence": 1,
        "status": 1,
        "fuel": 7234,
        "fault": 0.5751,
        "weapon": 1,
        "pilot_injury": 0.5146,
        "pilot_skill": 0.4674,
        "mission_priority": 0.9278,
        "estimated_landing_time": 100.0,
        "wait_time": 0,
        "Landing_success_rate": 0.9053
    },
    {
        "model": 0,
        "sequence": 4,
        "status": 1,
        "fuel": 5869,
        "fault": 0.7129,
        "weapon": 1,
        "pilot_injury": 0.1331,
        "pilot_skill": 0.7918,
        "mission_priority": 0.433,
        "estimated_landing_time": 382.0,
        "wait_time": 0,
        "Landing_success_rate": 0.8579
    },
    {
        "model": 1,
        "sequence": 9,
        "status": 1,
        "fuel": 7055,
        "fault": 0.984,
        "weapon": 0,
        "pilot_injury": 0.6779,
        "pilot_skill": 0.372,
        "mission_priority": 0.8681,
        "estimated_landing_time": 852.0,
        "wait_time": 0,
        "Landing_success_rate": 0.8519
    }
]