[
    {
        "model": 2,
        "sequence": 11,
        "status": 1,
        "fuel": 6393,
        "fault": 0.1106,
        "weapon": 1,
        "pilot_injury": 0.9793,
        "pilot_skill": 0.497,
        "mission_priority": 0.9961,
        "estimated_landing_time": 1040.0,
        "wait_time": 0,
        "Landing_success_rate": 0.9096
    },
    {
        "model": 2,
        "sequence": 6,
        "status": 1,
        "fuel": 6829,
        "fault": 0.1816,
        "weapon": 0,
        "pilot_injury": 0.5075,
        "pilot_skill": 0.0396,
        "mission_priority": 0.9048,
        "estimated_landing_time": 570.0,
        "wait_time": 0,
        "Landing_success_rate": 0.9316
    },
    {
        "model": 2,
        "sequence": 8,
        "status": 1,
        "fuel": 6102,
        "fault": 0.9691,
        "weapon": 1,
        "pilot_injury": 0.6098,
        "pilot_skill": 0.5798,
        "mission_priority": 0.9967,
        "estimated_landing_time": 758.0,
        "wait_time": 0,
        "Landing_success_rate": 0.8514
    },
    {
        "model": 2,
        "sequence": 10,
        "status": 1,
        "fuel": 7267,
        "fault": 0.984,
        "weapon": 0,
        "pilot_injury": 0.5814,
        "pilot_skill": 0.9759,
        "mission_priority": 0.8278,
        "estimated_landing_time": 946.0,
        "wait_time": 0,
        "Landing_success_rate": 0.8521
    },
    {
        "model": 0,
        "sequence": 1,
        "status": 1,
        "fuel": 7444,
        "fault": 0.0164,
        "weapon": 1,
        "pilot_injury": 0.2045,
        "pilot_skill": 0.5037,
        "mission_priority": 0.7111,
        "estimated_landing_time": 100.0,
        "wait_time": 0,
        "Landing_success_rate": 0.9934
    },
    {
        "model": 0,
        "sequence": 12,
        "status": 1,
        "fuel": 6373,
        "fault": 0.6865,
        "weapon": 0,
        "pilot_injury": 0.505,
        "pilot_skill": 0.2352,
        "mission_priority": 0.8749,
        "estimated_landing_time": 1134.0,
        "wait_time": 0,
        "Landing_success_rate": 0.8705
    },
    {
        "model": 0,
        "sequence": 5,
        "status": 1,
        "fuel": 7465,
        "fault": 0.2993,
        "weapon": 1,
        "pilot_injury": 0.2661,
        "pilot_skill": 0.3565,
        "mission_priority": 0.9406,
        "estimated_landing_time": 476.0,
        "wait_time": 0,
        "Landing_success_rate": 0.9533
    },
    {
        "model": 2,
        "sequence": 9,
        "status": 1,
        "fuel": 6051,
        "fault": 0.0941,
        "weapon": 1,
        "pilot_injury": 0.0693,
        "pilot_skill": 0.5046,
        "mission_priority": 0.6417,
        "estimated_landing_time": 852.0,
        "wait_time": 0,
        "Landing_success_rate": 0.8874
    },
    {
        "model": 1,
        "sequence": 4,
        "status": 1,
        "fuel": 6560,
        "fault": 0.2289,
        "weapon": 0,
        "pilot_injury": 0.061,
        "pilot_skill": 0.8573,
        "mission_priority": 0.8166,
        "estimated_landing_time": 382.0,
        "wait_time": 0,
        "Landing_success_rate": 0.9113
    },
    {
        "model": 0,
        "sequence": 2,
        "status": 1,
        "fuel": 6460,
        "fault": 0.4987,
        "weapon": 1,
        "pilot_injury": 0.3562,
        "pilot_skill": 0.3993,
        "mission_priority": 0.746,
        "estimated_landing_time": 194.0,
        "wait_time": 0,
        "Landing_success_rate": 0.8861
    },
    {
        "model": 2,
        "sequence": 3,
        "status": 1,
        "fuel": 7467,
        "fault": 0.0157,
        "weapon": 1,
        "pilot_injury": 0.1185,
        "pilot_skill": 0.4549,
        "mission_priority": 0.552,
        "estimated_landing_time": 288.0,
        "wait_time": 0,
        "Landing_success_rate": 0.9952
    },
    {
        "model": 2,
        "sequence": 7,
        "status": 1,
        "fuel": 6728,
        "fault": 0.5218,
        "weapon": 0,
        "pilot_injury": 0.7194,
        "pilot_skill": 0.02,
        "mission_priority": 0.9734,
        "estimated_landing_time": 664.0,
        "wait_time": 0,
        "Landing_success_rate": 0.894
    }
]