[
    {
        "model": 2,
        "sequence": 4,
        "status": 1,
        "fuel": 6519,
        "fault": 0.3593,
        "weapon": 1,
        "pilot_injury": 0.3139,
        "pilot_skill": 0.9047,
        "mission_priority": 0.9817,
        "estimated_landing_time": 382.0,
        "wait_time": 0,
        "Landing_success_rate": 0.899
    },
    {
        "model": 1,
        "sequence": 8,
        "status": 1,
        "fuel": 7464,
        "fault": 0.028,
        "weapon": 0,
        "pilot_injury": 0.9767,
        "pilot_skill": 0.4073,
        "mission_priority": 0.3492,
        "estimated_landing_time": 758.0,
        "wait_time": 0,
        "Landing_success_rate": 0.9932
    },
    {
        "model": 0,
        "sequence": 12,
        "status": 1,
        "fuel": 5948,
        "fault": 0.9546,
        "weapon": 0,
        "pilot_injury": 0.447,
        "pilot_skill": 0.6387,
        "mission_priority": 0.5099,
        "estimated_landing_time": 1134.0,
        "wait_time": 0,
        "Landing_success_rate": 0.8515
    },
    {
        "model": 0,
        "sequence": 5,
        "status": 1,
        "fuel": 7384,
        "fault": 0.1938,
        "weapon": 0,
        "pilot_injury": 0.9398,
        "pilot_skill": 0.8895,
        "mission_priority": 0.6106,
        "estimated_landing_time": 476.0,
        "wait_time": 0,
        "Landing_success_rate": 0.9639
    },
    {
        "model": 1,
        "sequence": 3,
        "status": 1,
        "fuel": 6284,
        "fault": 0.7709,
        "weapon": 1,
        "pilot_injury": 0.5304,
        "pilot_skill": 0.4494,
        "mission_priority": 0.9254,
        "estimated_landing_time": 288.0,
        "wait_time": 0,
        "Landing_success_rate": 0.8635
    },
    {
        "model": 1,
        "sequence": 1,
        "status": 1,
        "fuel": 7301,
        "fault": 0.3934,
        "weapon": 0,
        "pilot_injury": 0.3138,
        "pilot_skill": 0.5595,
        "mission_priority": 0.6559,
        "estimated_landing_time": 100.0,
        "wait_time": 0,
        "Landing_success_rate": 0.9319
    },
    {
        "model": 1,
        "sequence": 10,
        "status": 1,
        "fuel": 6137,
        "fault": 0.3615,
        "weapon": 1,
        "pilot_injury": 0.519,
        "pilot_skill": 0.933,
        "mission_priority": 0.5359,
        "estimated_landing_time": 946.0,
        "wait_time": 0,
        "Landing_success_rate": 0.8805
    },
    {
        "model": 1,
        "sequence": 2,
        "status": 1,
        "fuel": 6568,
        "fault": 0.6877,
        "weapon": 0,
        "pilot_injury": 0.2217,
        "pilot_skill": 0.3702,
        "mission_priority": 0.4288,
        "estimated_landing_time": 194.0,
        "wait_time": 0,
        "Landing_success_rate": 0.875
    },
    {
        "model": 1,
        "sequence": 6,
        "status": 1,
        "fuel": 7461,
        "fault": 0.1724,
        "weapon": 0,
        "pilot_injury": 0.7955,
        "pilot_skill": 0.2234,
        "mission_priority": 0.4704,
        "estimated_landing_time": 570.0,
        "wait_time": 0,
        "Landing_success_rate": 0.9717
    },
    {
        "model": 1,
        "sequence": 11,
        "status": 1,
        "fuel": 5521,
        "fault": 0.1577,
        "weapon": 0,
        "pilot_injury": 0.1117,
        "pilot_skill": 0.2822,
        "mission_priority": 0.3249,
        "estimated_landing_time": 1040.0,
        "wait_time": 0,
        "Landing_success_rate": 0.8513
    },
    {
        "model": 1,
        "sequence": 9,
        "status": 1,
        "fuel": 7494,
        "fault": 0.3085,
        "weapon": 0,
        "pilot_injury": 0.4981,
        "pilot_skill": 0.4311,
        "mission_priority": 0.2804,
        "estimated_landing_time": 852.0,
        "wait_time": 0,
        "Landing_success_rate": 0.9534
    },
    {
        "model": 0,
        "sequence": 7,
        "status": 1,
        "fuel": 6859,
        "fault": 0.916,
        "weapon": 1,
        "pilot_injury": 0.7184,
        "pilot_skill": 0.5765,
        "mission_priority": 0.9762,
        "estimated_landing_time": 664.0,
        "wait_time": 0,
        "Landing_success_rate": 0.8586
    }
]