[
    {
        "model": 1,
        "sequence": 2,
        "status": 1,
        "fuel": 7366,
        "fault": 0.2664,
        "weapon": 0,
        "pilot_injury": 0.3874,
        "pilot_skill": 0.6633,
        "mission_priority": 0.7044,
        "estimated_landing_time": 194.0,
        "wait_time": 0,
        "Landing_success_rate": 0.9527
    },
    {
        "model": 1,
        "sequence": 12,
        "status": 1,
        "fuel": 5780,
        "fault": 0.5768,
        "weapon": 1,
        "pilot_injury": 0.8057,
        "pilot_skill": 0.6571,
        "mission_priority": 0.8342,
        "estimated_landing_time": 1134.0,
        "wait_time": 0,
        "Landing_success_rate": 0.8589
    },
    {
        "model": 2,
        "sequence": 8,
        "status": 1,
        "fuel": 6161,
        "fault": 0.8554,
        "weapon": 1,
        "pilot_injury": 0.3094,
        "pilot_skill": 0.3304,
        "mission_priority": 0.0939,
        "estimated_landing_time": 758.0,
        "wait_time": 0,
        "Landing_success_rate": 0.8572
    },
    {
        "model": 1,
        "sequence": 9,
        "status": 1,
        "fuel": 6077,
        "fault": 0.6482,
        "weapon": 0,
        "pilot_injury": 0.5898,
        "pilot_skill": 0.4785,
        "mission_priority": 0.5431,
        "estimated_landing_time": 852.0,
        "wait_time": 0,
        "Landing_success_rate": 0.8652
    },
    {
        "model": 2,
        "sequence": 10,
        "status": 1,
        "fuel": 6058,
        "fault": 0.8979,
        "weapon": 1,
        "pilot_injury": 0.6834,
        "pilot_skill": 0.2615,
        "mission_priority": 0.1079,
        "estimated_landing_time": 946.0,
        "wait_time": 0,
        "Landing_success_rate": 0.8543
    },
    {
        "model": 0,
        "sequence": 11,
        "status": 1,
        "fuel": 5569,
        "fault": 0.3177,
        "weapon": 0,
        "pilot_injury": 0.0294,
        "pilot_skill": 0.4106,
        "mission_priority": 0.027,
        "estimated_landing_time": 1040.0,
        "wait_time": 0,
        "Landing_success_rate": 0.8535
    },
    {
        "model": 2,
        "sequence": 7,
        "status": 1,
        "fuel": 6906,
        "fault": 0.7838,
        "weapon": 0,
        "pilot_injury": 0.315,
        "pilot_skill": 0.5676,
        "mission_priority": 0.2978,
        "estimated_landing_time": 664.0,
        "wait_time": 0,
        "Landing_success_rate": 0.8728
    },
    {
        "model": 1,
        "sequence": 5,
        "status": 1,
        "fuel": 5607,
        "fault": 0.6203,
        "weapon": 1,
        "pilot_injury": 0.3692,
        "pilot_skill": 0.2106,
        "mission_priority": 0.1378,
        "estimated_landing_time": 476.0,
        "wait_time": 0,
        "Landing_success_rate": 0.853
    },
    {
        "model": 2,
        "sequence": 6,
        "status": 1,
        "fuel": 7274,
        "fault": 0.5483,
        "weapon": 1,
        "pilot_injury": 0.232,
        "pilot_skill": 0.9196,
        "mission_priority": 0.3901,
        "estimated_landing_time": 570.0,
        "wait_time": 0,
        "Landing_success_rate": 0.9101
    },
    {
        "model": 0,
        "sequence": 1,
        "status": 1,
        "fuel": 7199,
        "fault": 0.4172,
        "weapon": 0,
        "pilot_injury": 0.8334,
        "pilot_skill": 0.638,
        "mission_priority": 0.8886,
        "estimated_landing_time": 100.0,
        "wait_time": 0,
        "Landing_success_rate": 0.9243
    },
    {
        "model": 1,
        "sequence": 3,
        "status": 1,
        "fuel": 6653,
        "fault": 0.0618,
        "weapon": 1,
        "pilot_injury": 0.349,
        "pilot_skill": 0.3972,
        "mission_priority": 0.2405,
        "estimated_landing_time": 288.0,
        "wait_time": 0,
        "Landing_success_rate": 0.9311
    },
    {
        "model": 1,
        "sequence": 4,
        "status": 1,
        "fuel": 6298,
        "fault": 0.3298,
        "weapon": 0,
        "pilot_injury": 0.3551,
        "pilot_skill": 0.0097,
        "mission_priority": 0.5946,
        "estimated_landing_time": 382.0,
        "wait_time": 0,
        "Landing_success_rate": 0.8901
    }
]