[
    {
        "model": 2,
        "sequence": 2,
        "status": 1,
        "fuel": 5853,
        "fault": 0.3398,
        "weapon": 0,
        "pilot_injury": 0.1639,
        "pilot_skill": 0.5839,
        "mission_priority": 0.3335,
        "estimated_landing_time": 194.0,
        "wait_time": 0,
        "Landing_success_rate": 0.8675
    },
    {
        "model": 2,
        "sequence": 8,
        "status": 1,
        "fuel": 5718,
        "fault": 0.6233,
        "weapon": 0,
        "pilot_injury": 0.6765,
        "pilot_skill": 0.0058,
        "mission_priority": 0.4988,
        "estimated_landing_time": 758.0,
        "wait_time": 0,
        "Landing_success_rate": 0.8562
    },
    {
        "model": 0,
        "sequence": 11,
        "status": 1,
        "fuel": 7472,
        "fault": 0.2986,
        "weapon": 0,
        "pilot_injury": 0.3826,
        "pilot_skill": 0.9766,
        "mission_priority": 0.6702,
        "estimated_landing_time": 1040.0,
        "wait_time": 0,
        "Landing_success_rate": 0.9537
    },
    {
        "model": 1,
        "sequence": 3,
        "status": 1,
        "fuel": 5614,
        "fault": 0.3399,
        "weapon": 0,
        "pilot_injury": 0.9952,
        "pilot_skill": 0.1978,
        "mission_priority": 0.8105,
        "estimated_landing_time": 288.0,
        "wait_time": 0,
        "Landing_success_rate": 0.8556
    },
    {
        "model": 0,
        "sequence": 9,
        "status": 1,
        "fuel": 6815,
        "fault": 0.8722,
        "weapon": 1,
        "pilot_injury": 0.1002,
        "pilot_skill": 0.6234,
        "mission_priority": 0.4685,
        "estimated_landing_time": 852.0,
        "wait_time": 0,
        "Landing_success_rate": 0.8626
    },
    {
        "model": 1,
        "sequence": 10,
        "status": 1,
        "fuel": 6027,
        "fault": 0.4403,
        "weapon": 1,
        "pilot_injury": 0.6194,
        "pilot_skill": 0.294,
        "mission_priority": 0.837,
        "estimated_landing_time": 946.0,
        "wait_time": 0,
        "Landing_success_rate": 0.8721
    },
    {
        "model": 1,
        "sequence": 12,
        "status": 1,
        "fuel": 7182,
        "fault": 0.2491,
        "weapon": 1,
        "pilot_injury": 0.9871,
        "pilot_skill": 0.2835,
        "mission_priority": 0.528,
        "estimated_landing_time": 1134.0,
        "wait_time": 0,
        "Landing_success_rate": 0.9447
    },
    {
        "model": 0,
        "sequence": 1,
        "status": 1,
        "fuel": 6207,
        "fault": 0.6993,
        "weapon": 1,
        "pilot_injury": 0.3542,
        "pilot_skill": 0.8017,
        "mission_priority": 0.2368,
        "estimated_landing_time": 100.0,
        "wait_time": 0,
        "Landing_success_rate": 0.8659
    },
    {
        "model": 0,
        "sequence": 6,
        "status": 1,
        "fuel": 7318,
        "fault": 0.0217,
        "weapon": 0,
        "pilot_injury": 0.6712,
        "pilot_skill": 0.7283,
        "mission_priority": 0.866,
        "estimated_landing_time": 570.0,
        "wait_time": 0,
        "Landing_success_rate": 0.9834
    },
    {
        "model": 0,
        "sequence": 5,
        "status": 1,
        "fuel": 7479,
        "fault": 0.8673,
        "weapon": 1,
        "pilot_injury": 0.7322,
        "pilot_skill": 0.3003,
        "mission_priority": 0.9682,
        "estimated_landing_time": 476.0,
        "wait_time": 0,
        "Landing_success_rate": 0.8697
    },
    {
        "model": 1,
        "sequence": 7,
        "status": 1,
        "fuel": 5736,
        "fault": 0.6922,
        "weapon": 0,
        "pilot_injury": 0.6751,
        "pilot_skill": 0.7178,
        "mission_priority": 0.4315,
        "estimated_landing_time": 664.0,
        "wait_time": 0,
        "Landing_success_rate": 0.8554
    },
    {
        "model": 0,
        "sequence": 4,
        "status": 1,
        "fuel": 7455,
        "fault": 0.4143,
        "weapon": 0,
        "pilot_injury": 0.6582,
        "pilot_skill": 0.2208,
        "mission_priority": 0.4078,
        "estimated_landing_time": 382.0,
        "wait_time": 0,
        "Landing_success_rate": 0.9359
    }
]