[
    {
        "model": 2,
        "sequence": 12,
        "status": 1,
        "fuel": 5635,
        "fault": 0.5905,
        "weapon": 1,
        "pilot_injury": 0.9689,
        "pilot_skill": 0.8009,
        "mission_priority": 0.3812,
        "estimated_landing_time": 1134.0,
        "wait_time": 0,
        "Landing_success_rate": 0.8541
    },
    {
        "model": 1,
        "sequence": 11,
        "status": 1,
        "fuel": 6943,
        "fault": 0.8644,
        "weapon": 1,
        "pilot_injury": 0.9899,
        "pilot_skill": 0.279,
        "mission_priority": 0.9159,
        "estimated_landing_time": 1040.0,
        "wait_time": 0,
        "Landing_success_rate": 0.8647
    },
    {
        "model": 2,
        "sequence": 7,
        "status": 1,
        "fuel": 6367,
        "fault": 0.2618,
        "weapon": 0,
        "pilot_injury": 0.7453,
        "pilot_skill": 0.3466,
        "mission_priority": 0.3046,
        "estimated_landing_time": 664.0,
        "wait_time": 0,
        "Landing_success_rate": 0.898
    },
    {
        "model": 2,
        "sequence": 1,
        "status": 1,
        "fuel": 7023,
        "fault": 0.3206,
        "weapon": 1,
        "pilot_injury": 0.9189,
        "pilot_skill": 0.7662,
        "mission_priority": 0.5404,
        "estimated_landing_time": 100.0,
        "wait_time": 0,
        "Landing_success_rate": 0.9276
    },
    {
        "model": 0,
        "sequence": 3,
        "status": 1,
        "fuel": 6633,
        "fault": 0.8621,
        "weapon": 1,
        "pilot_injury": 0.8497,
        "pilot_skill": 0.8409,
        "mission_priority": 0.9192,
        "estimated_landing_time": 288.0,
        "wait_time": 0,
        "Landing_success_rate": 0.8617
    },
    {
        "model": 0,
        "sequence": 10,
        "status": 1,
        "fuel": 7027,
        "fault": 0.0465,
        "weapon": 0,
        "pilot_injury": 0.4684,
        "pilot_skill": 0.4905,
        "mission_priority": 0.4599,
        "estimated_landing_time": 946.0,
        "wait_time": 0,
        "Landing_success_rate": 0.9592
    },
    {
        "model": 1,
        "sequence": 2,
        "status": 1,
        "fuel": 7424,
        "fault": 0.3299,
        "weapon": 1,
        "pilot_injury": 0.4628,
        "pilot_skill": 0.2007,
        "mission_priority": 0.2517,
        "estimated_landing_time": 194.0,
        "wait_time": 0,
        "Landing_success_rate": 0.9467
    },
    {
        "model": 0,
        "sequence": 6,
        "status": 1,
        "fuel": 6122,
        "fault": 0.112,
        "weapon": 0,
        "pilot_injury": 0.1878,
        "pilot_skill": 0.528,
        "mission_priority": 0.0438,
        "estimated_landing_time": 570.0,
        "wait_time": 0,
        "Landing_success_rate": 0.8914
    },
    {
        "model": 2,
        "sequence": 8,
        "status": 1,
        "fuel": 5940,
        "fault": 0.4841,
        "weapon": 0,
        "pilot_injury": 0.8461,
        "pilot_skill": 0.3478,
        "mission_priority": 0.348,
        "estimated_landing_time": 758.0,
        "wait_time": 0,
        "Landing_success_rate": 0.867
    },
    {
        "model": 1,
        "sequence": 9,
        "status": 1,
        "fuel": 6009,
        "fault": 0.8371,
        "weapon": 1,
        "pilot_injury": 0.5803,
        "pilot_skill": 0.5974,
        "mission_priority": 0.7879,
        "estimated_landing_time": 852.0,
        "wait_time": 0,
        "Landing_success_rate": 0.8562
    },
    {
        "model": 0,
        "sequence": 4,
        "status": 1,
        "fuel": 6505,
        "fault": 0.8565,
        "weapon": 0,
        "pilot_injury": 0.4378,
        "pilot_skill": 0.6713,
        "mission_priority": 0.9673,
        "estimated_landing_time": 382.0,
        "wait_time": 0,
        "Landing_success_rate": 0.8608
    },
    {
        "model": 0,
        "sequence": 5,
        "status": 1,
        "fuel": 7473,
        "fault": 0.8383,
        "weapon": 1,
        "pilot_injury": 0.8567,
        "pilot_skill": 0.0852,
        "mission_priority": 0.3771,
        "estimated_landing_time": 476.0,
        "wait_time": 0,
        "Landing_success_rate": 0.8739
    }
]