[
    {
        "model": 2,
        "sequence": 7,
        "status": 1,
        "fuel": 5811,
        "fault": 0.261,
        "weapon": 0,
        "pilot_injury": 0.8892,
        "pilot_skill": 0.4402,
        "mission_priority": 0.3425,
        "estimated_landing_time": 664.0,
        "wait_time": 0,
        "Landing_success_rate": 0.8672
    },
    {
        "model": 2,
        "sequence": 1,
        "status": 1,
        "fuel": 6270,
        "fault": 0.5977,
        "weapon": 1,
        "pilot_injury": 0.0685,
        "pilot_skill": 0.8028,
        "mission_priority": 0.807,
        "estimated_landing_time": 100.0,
        "wait_time": 0,
        "Landing_success_rate": 0.8732
    },
    {
        "model": 1,
        "sequence": 5,
        "status": 1,
        "fuel": 7100,
        "fault": 0.3981,
        "weapon": 0,
        "pilot_injury": 0.118,
        "pilot_skill": 0.8512,
        "mission_priority": 0.8775,
        "estimated_landing_time": 476.0,
        "wait_time": 0,
        "Landing_success_rate": 0.9222
    },
    {
        "model": 1,
        "sequence": 8,
        "status": 1,
        "fuel": 7157,
        "fault": 0.0602,
        "weapon": 0,
        "pilot_injury": 0.2587,
        "pilot_skill": 0.2251,
        "mission_priority": 0.0212,
        "estimated_landing_time": 758.0,
        "wait_time": 0,
        "Landing_success_rate": 0.9668
    },
    {
        "model": 2,
        "sequence": 12,
        "status": 1,
        "fuel": 5546,
        "fault": 0.7222,
        "weapon": 1,
        "pilot_injury": 0.0124,
        "pilot_skill": 0.1049,
        "mission_priority": 0.3138,
        "estimated_landing_time": 1134.0,
        "wait_time": 0,
        "Landing_success_rate": 0.851
    },
    {
        "model": 0,
        "sequence": 11,
        "status": 1,
        "fuel": 7414,
        "fault": 0.038,
        "weapon": 0,
        "pilot_injury": 0.8876,
        "pilot_skill": 0.2885,
        "mission_priority": 0.3312,
        "estimated_landing_time": 1040.0,
        "wait_time": 0,
        "Landing_success_rate": 0.9881
    },
    {
        "model": 1,
        "sequence": 6,
        "status": 1,
        "fuel": 6053,
        "fault": 0.849,
        "weapon": 0,
        "pilot_injury": 0.0741,
        "pilot_skill": 0.2948,
        "mission_priority": 0.8596,
        "estimated_landing_time": 570.0,
        "wait_time": 0,
        "Landing_success_rate": 0.8563
    },
    {
        "model": 2,
        "sequence": 10,
        "status": 1,
        "fuel": 7326,
        "fault": 0.8456,
        "weapon": 1,
        "pilot_injury": 0.1049,
        "pilot_skill": 0.4556,
        "mission_priority": 0.2293,
        "estimated_landing_time": 946.0,
        "wait_time": 0,
        "Landing_success_rate": 0.8711
    },
    {
        "model": 0,
        "sequence": 9,
        "status": 1,
        "fuel": 6949,
        "fault": 0.9626,
        "weapon": 0,
        "pilot_injury": 0.8154,
        "pilot_skill": 0.0353,
        "mission_priority": 0.3167,
        "estimated_landing_time": 852.0,
        "wait_time": 0,
        "Landing_success_rate": 0.8541
    },
    {
        "model": 0,
        "sequence": 4,
        "status": 1,
        "fuel": 7475,
        "fault": 0.1192,
        "weapon": 1,
        "pilot_injury": 0.0795,
        "pilot_skill": 0.2763,
        "mission_priority": 0.3042,
        "estimated_landing_time": 382.0,
        "wait_time": 0,
        "Landing_success_rate": 0.9805
    },
    {
        "model": 2,
        "sequence": 3,
        "status": 1,
        "fuel": 7301,
        "fault": 0.716,
        "weapon": 0,
        "pilot_injury": 0.7714,
        "pilot_skill": 0.1414,
        "mission_priority": 0.1577,
        "estimated_landing_time": 288.0,
        "wait_time": 0,
        "Landing_success_rate": 0.8884
    },
    {
        "model": 1,
        "sequence": 2,
        "status": 1,
        "fuel": 6481,
        "fault": 0.9051,
        "weapon": 1,
        "pilot_injury": 0.154,
        "pilot_skill": 0.8523,
        "mission_priority": 0.3291,
        "estimated_landing_time": 194.0,
        "wait_time": 0,
        "Landing_success_rate": 0.857
    }
]