[
    {
        "model": 1,
        "sequence": 3,
        "status": 1,
        "fuel": 6893,
        "fault": 0.4857,
        "weapon": 0,
        "pilot_injury": 0.389,
        "pilot_skill": 0.0795,
        "mission_priority": 0.4244,
        "estimated_landing_time": 288.0,
        "wait_time": 0,
        "Landing_success_rate": 0.9037
    },
    {
        "model": 1,
        "sequence": 10,
        "status": 1,
        "fuel": 5520,
        "fault": 0.0364,
        "weapon": 1,
        "pilot_injury": 0.4725,
        "pilot_skill": 0.2968,
        "mission_priority": 0.8623,
        "estimated_landing_time": 946.0,
        "wait_time": 0,
        "Landing_success_rate": 0.8514
    },
    {
        "model": 2,
        "sequence": 2,
        "status": 1,
        "fuel": 6260,
        "fault": 0.3445,
        "weapon": 1,
        "pilot_injury": 0.8466,
        "pilot_skill": 0.0891,
        "mission_priority": 0.3899,
        "estimated_landing_time": 194.0,
        "wait_time": 0,
        "Landing_success_rate": 0.8874
    },
    {
        "model": 2,
        "sequence": 12,
        "status": 1,
        "fuel": 6946,
        "fault": 0.1754,
        "weapon": 0,
        "pilot_injury": 0.1061,
        "pilot_skill": 0.1027,
        "mission_priority": 0.4164,
        "estimated_landing_time": 1134.0,
        "wait_time": 0,
        "Landing_success_rate": 0.9394
    },
    {
        "model": 0,
        "sequence": 7,
        "status": 1,
        "fuel": 7229,
        "fault": 0.4584,
        "weapon": 0,
        "pilot_injury": 0.2012,
        "pilot_skill": 0.4894,
        "mission_priority": 0.0112,
        "estimated_landing_time": 664.0,
        "wait_time": 0,
        "Landing_success_rate": 0.9202
    },
    {
        "model": 1,
        "sequence": 5,
        "status": 1,
        "fuel": 7044,
        "fault": 0.428,
        "weapon": 1,
        "pilot_injury": 0.7067,
        "pilot_skill": 0.8181,
        "mission_priority": 0.6433,
        "estimated_landing_time": 476.0,
        "wait_time": 0,
        "Landing_success_rate": 0.9162
    },
    {
        "model": 0,
        "sequence": 11,
        "status": 1,
        "fuel": 7102,
        "fault": 0.6178,
        "weapon": 1,
        "pilot_injury": 0.2796,
        "pilot_skill": 0.3177,
        "mission_priority": 0.038,
        "estimated_landing_time": 1040.0,
        "wait_time": 0,
        "Landing_success_rate": 0.8959
    },
    {
        "model": 0,
        "sequence": 4,
        "status": 1,
        "fuel": 7427,
        "fault": 0.3612,
        "weapon": 1,
        "pilot_injury": 0.1078,
        "pilot_skill": 0.5567,
        "mission_priority": 0.4676,
        "estimated_landing_time": 382.0,
        "wait_time": 0,
        "Landing_success_rate": 0.9423
    },
    {
        "model": 2,
        "sequence": 9,
        "status": 1,
        "fuel": 5538,
        "fault": 0.9664,
        "weapon": 0,
        "pilot_injury": 0.1243,
        "pilot_skill": 0.6601,
        "mission_priority": 0.6089,
        "estimated_landing_time": 852.0,
        "wait_time": 0,
        "Landing_success_rate": 0.8501
    },
    {
        "model": 0,
        "sequence": 6,
        "status": 1,
        "fuel": 6961,
        "fault": 0.7487,
        "weapon": 1,
        "pilot_injury": 0.9549,
        "pilot_skill": 0.8494,
        "mission_priority": 0.5851,
        "estimated_landing_time": 570.0,
        "wait_time": 0,
        "Landing_success_rate": 0.8775
    },
    {
        "model": 0,
        "sequence": 8,
        "status": 1,
        "fuel": 6075,
        "fault": 0.217,
        "weapon": 0,
        "pilot_injury": 0.7003,
        "pilot_skill": 0.1173,
        "mission_priority": 0.4065,
        "estimated_landing_time": 758.0,
        "wait_time": 0,
        "Landing_success_rate": 0.8838
    },
    {
        "model": 1,
        "sequence": 1,
        "status": 1,
        "fuel": 7419,
        "fault": 0.9592,
        "weapon": 0,
        "pilot_injury": 0.0267,
        "pilot_skill": 0.1267,
        "mission_priority": 0.4548,
        "estimated_landing_time": 100.0,
        "wait_time": 0,
        "Landing_success_rate": 0.8559
    }
]