[
    {
        "model": 2,
        "sequence": 11,
        "status": 1,
        "fuel": 5982,
        "fault": 0.8269,
        "weapon": 0,
        "pilot_injury": 0.8703,
        "pilot_skill": 0.4315,
        "mission_priority": 0.4867,
        "estimated_landing_time": 1040.0,
        "wait_time": 0,
        "Landing_success_rate": 0.8563
    },
    {
        "model": 2,
        "sequence": 3,
        "status": 1,
        "fuel": 5524,
        "fault": 0.7905,
        "weapon": 0,
        "pilot_injury": 0.4687,
        "pilot_skill": 0.8435,
        "mission_priority": 0.9313,
        "estimated_landing_time": 288.0,
        "wait_time": 0,
        "Landing_success_rate": 0.8504
    },
    {
        "model": 1,
        "sequence": 6,
        "status": 1,
        "fuel": 6428,
        "fault": 0.6649,
        "weapon": 1,
        "pilot_injury": 0.7349,
        "pilot_skill": 0.7015,
        "mission_priority": 0.769,
        "estimated_landing_time": 570.0,
        "wait_time": 0,
        "Landing_success_rate": 0.8733
    },
    {
        "model": 1,
        "sequence": 2,
        "status": 1,
        "fuel": 5715,
        "fault": 0.2243,
        "weapon": 1,
        "pilot_injury": 0.1591,
        "pilot_skill": 0.8438,
        "mission_priority": 0.0446,
        "estimated_landing_time": 194.0,
        "wait_time": 0,
        "Landing_success_rate": 0.8625
    },
    {
        "model": 1,
        "sequence": 12,
        "status": 1,
        "fuel": 7484,
        "fault": 0.3194,
        "weapon": 1,
        "pilot_injury": 0.9716,
        "pilot_skill": 0.786,
        "mission_priority": 0.3687,
        "estimated_landing_time": 1134.0,
        "wait_time": 0,
        "Landing_success_rate": 0.9513
    },
    {
        "model": 0,
        "sequence": 7,
        "status": 1,
        "fuel": 6092,
        "fault": 0.8838,
        "weapon": 1,
        "pilot_injury": 0.5389,
        "pilot_skill": 0.4619,
        "mission_priority": 0.553,
        "estimated_landing_time": 664.0,
        "wait_time": 0,
        "Landing_success_rate": 0.8552
    },
    {
        "model": 0,
        "sequence": 1,
        "status": 1,
        "fuel": 7245,
        "fault": 0.3274,
        "weapon": 1,
        "pilot_injury": 0.7973,
        "pilot_skill": 0.7055,
        "mission_priority": 0.5891,
        "estimated_landing_time": 100.0,
        "wait_time": 0,
        "Landing_success_rate": 0.938
    },
    {
        "model": 2,
        "sequence": 4,
        "status": 1,
        "fuel": 7491,
        "fault": 0.1172,
        "weapon": 0,
        "pilot_injury": 0.2831,
        "pilot_skill": 0.2421,
        "mission_priority": 0.7418,
        "estimated_landing_time": 382.0,
        "wait_time": 0,
        "Landing_success_rate": 0.9818
    },
    {
        "model": 1,
        "sequence": 5,
        "status": 1,
        "fuel": 5870,
        "fault": 0.151,
        "weapon": 0,
        "pilot_injury": 0.652,
        "pilot_skill": 0.349,
        "mission_priority": 0.0398,
        "estimated_landing_time": 476.0,
        "wait_time": 0,
        "Landing_success_rate": 0.8736
    },
    {
        "model": 2,
        "sequence": 10,
        "status": 1,
        "fuel": 7377,
        "fault": 0.6729,
        "weapon": 1,
        "pilot_injury": 0.8129,
        "pilot_skill": 0.7772,
        "mission_priority": 0.1795,
        "estimated_landing_time": 946.0,
        "wait_time": 0,
        "Landing_success_rate": 0.896
    },
    {
        "model": 2,
        "sequence": 8,
        "status": 1,
        "fuel": 6579,
        "fault": 0.4306,
        "weapon": 1,
        "pilot_injury": 0.0756,
        "pilot_skill": 0.3933,
        "mission_priority": 0.0942,
        "estimated_landing_time": 758.0,
        "wait_time": 0,
        "Landing_success_rate": 0.8961
    },
    {
        "model": 0,
        "sequence": 9,
        "status": 1,
        "fuel": 7301,
        "fault": 0.3977,
        "weapon": 1,
        "pilot_injury": 0.2025,
        "pilot_skill": 0.5952,
        "mission_priority": 0.3634,
        "estimated_landing_time": 852.0,
        "wait_time": 0,
        "Landing_success_rate": 0.9314
    }
]