[
    {
        "model": 0,
        "sequence": 12,
        "status": 1,
        "fuel": 6127,
        "fault": 0.4473,
        "weapon": 0,
        "pilot_injury": 0.5672,
        "pilot_skill": 0.4241,
        "mission_priority": 0.9707,
        "estimated_landing_time": 1134.0,
        "wait_time": 0,
        "Landing_success_rate": 0.876
    },
    {
        "model": 1,
        "sequence": 2,
        "status": 1,
        "fuel": 6193,
        "fault": 0.2998,
        "weapon": 0,
        "pilot_injury": 0.0153,
        "pilot_skill": 0.3015,
        "mission_priority": 0.8887,
        "estimated_landing_time": 194.0,
        "wait_time": 0,
        "Landing_success_rate": 0.8864
    },
    {
        "model": 1,
        "sequence": 7,
        "status": 1,
        "fuel": 6528,
        "fault": 0.828,
        "weapon": 0,
        "pilot_injury": 0.9002,
        "pilot_skill": 0.4862,
        "mission_priority": 0.5665,
        "estimated_landing_time": 664.0,
        "wait_time": 0,
        "Landing_success_rate": 0.8633
    },
    {
        "model": 1,
        "sequence": 8,
        "status": 1,
        "fuel": 6735,
        "fault": 0.8996,
        "weapon": 1,
        "pilot_injury": 0.319,
        "pilot_skill": 0.3855,
        "mission_priority": 0.9663,
        "estimated_landing_time": 758.0,
        "wait_time": 0,
        "Landing_success_rate": 0.8593
    },
    {
        "model": 0,
        "sequence": 4,
        "status": 1,
        "fuel": 5954,
        "fault": 0.1094,
        "weapon": 0,
        "pilot_injury": 0.0433,
        "pilot_skill": 0.32,
        "mission_priority": 0.3982,
        "estimated_landing_time": 382.0,
        "wait_time": 0,
        "Landing_success_rate": 0.8803
    },
    {
        "model": 2,
        "sequence": 9,
        "status": 1,
        "fuel": 6902,
        "fault": 0.0075,
        "weapon": 1,
        "pilot_injury": 0.5833,
        "pilot_skill": 0.751,
        "mission_priority": 0.976,
        "estimated_landing_time": 852.0,
        "wait_time": 0,
        "Landing_success_rate": 0.9544
    },
    {
        "model": 2,
        "sequence": 6,
        "status": 1,
        "fuel": 7146,
        "fault": 0.4633,
        "weapon": 0,
        "pilot_injury": 0.0885,
        "pilot_skill": 0.7775,
        "mission_priority": 0.6503,
        "estimated_landing_time": 570.0,
        "wait_time": 0,
        "Landing_success_rate": 0.9163
    },
    {
        "model": 1,
        "sequence": 3,
        "status": 1,
        "fuel": 5710,
        "fault": 0.188,
        "weapon": 0,
        "pilot_injury": 0.7502,
        "pilot_skill": 0.5662,
        "mission_priority": 0.585,
        "estimated_landing_time": 288.0,
        "wait_time": 0,
        "Landing_success_rate": 0.8628
    },
    {
        "model": 1,
        "sequence": 1,
        "status": 1,
        "fuel": 5720,
        "fault": 0.7206,
        "weapon": 0,
        "pilot_injury": 0.7706,
        "pilot_skill": 0.8853,
        "mission_priority": 0.7367,
        "estimated_landing_time": 100.0,
        "wait_time": 0,
        "Landing_success_rate": 0.8546
    },
    {
        "model": 2,
        "sequence": 10,
        "status": 1,
        "fuel": 6233,
        "fault": 0.353,
        "weapon": 0,
        "pilot_injury": 0.4851,
        "pilot_skill": 0.2269,
        "mission_priority": 0.8822,
        "estimated_landing_time": 946.0,
        "wait_time": 0,
        "Landing_success_rate": 0.8856
    },
    {
        "model": 1,
        "sequence": 5,
        "status": 1,
        "fuel": 6769,
        "fault": 0.7051,
        "weapon": 0,
        "pilot_injury": 0.9901,
        "pilot_skill": 0.985,
        "mission_priority": 0.5863,
        "estimated_landing_time": 476.0,
        "wait_time": 0,
        "Landing_success_rate": 0.8781
    },
    {
        "model": 2,
        "sequence": 11,
        "status": 1,
        "fuel": 6607,
        "fault": 0.5571,
        "weapon": 1,
        "pilot_injury": 0.9373,
        "pilot_skill": 0.2883,
        "mission_priority": 0.9993,
        "estimated_landing_time": 1040.0,
        "wait_time": 0,
        "Landing_success_rate": 0.8868
    }
]