[
    {
        "model": 0,
        "sequence": 9,
        "status": 1,
        "fuel": 7323,
        "fault": 0.76,
        "weapon": 1,
        "pilot_injury": 0.0899,
        "pilot_skill": 0.0945,
        "mission_priority": 0.2319,
        "estimated_landing_time": 852.0,
        "wait_time": 0,
        "Landing_success_rate": 0.8828
    },
    {
        "model": 1,
        "sequence": 1,
        "status": 1,
        "fuel": 7251,
        "fault": 0.6308,
        "weapon": 1,
        "pilot_injury": 0.3511,
        "pilot_skill": 0.0175,
        "mission_priority": 0.4834,
        "estimated_landing_time": 100.0,
        "wait_time": 0,
        "Landing_success_rate": 0.8985
    },
    {
        "model": 2,
        "sequence": 6,
        "status": 1,
        "fuel": 6813,
        "fault": 0.7377,
        "weapon": 1,
        "pilot_injury": 0.9613,
        "pilot_skill": 0.1013,
        "mission_priority": 0.1731,
        "estimated_landing_time": 570.0,
        "wait_time": 0,
        "Landing_success_rate": 0.8758
    },
    {
        "model": 0,
        "sequence": 2,
        "status": 1,
        "fuel": 5604,
        "fault": 0.0496,
        "weapon": 1,
        "pilot_injury": 0.7651,
        "pilot_skill": 0.8636,
        "mission_priority": 0.2511,
        "estimated_landing_time": 194.0,
        "wait_time": 0,
        "Landing_success_rate": 0.8574
    },
    {
        "model": 0,
        "sequence": 5,
        "status": 1,
        "fuel": 6629,
        "fault": 0.8685,
        "weapon": 0,
        "pilot_injury": 0.8615,
        "pilot_skill": 0.4301,
        "mission_priority": 0.0519,
        "estimated_landing_time": 476.0,
        "wait_time": 0,
        "Landing_success_rate": 0.8611
    },
    {
        "model": 0,
        "sequence": 12,
        "status": 1,
        "fuel": 6708,
        "fault": 0.4516,
        "weapon": 0,
        "pilot_injury": 0.0146,
        "pilot_skill": 0.2403,
        "mission_priority": 0.3161,
        "estimated_landing_time": 1134.0,
        "wait_time": 0,
        "Landing_success_rate": 0.8997
    },
    {
        "model": 2,
        "sequence": 10,
        "status": 1,
        "fuel": 6636,
        "fault": 0.5468,
        "weapon": 1,
        "pilot_injury": 0.2391,
        "pilot_skill": 0.6486,
        "mission_priority": 0.0464,
        "estimated_landing_time": 946.0,
        "wait_time": 0,
        "Landing_success_rate": 0.8886
    },
    {
        "model": 2,
        "sequence": 7,
        "status": 1,
        "fuel": 6612,
        "fault": 0.9476,
        "weapon": 0,
        "pilot_injury": 0.3556,
        "pilot_skill": 0.3472,
        "mission_priority": 0.1086,
        "estimated_landing_time": 664.0,
        "wait_time": 0,
        "Landing_success_rate": 0.8544
    },
    {
        "model": 2,
        "sequence": 8,
        "status": 1,
        "fuel": 6248,
        "fault": 0.582,
        "weapon": 1,
        "pilot_injury": 0.4138,
        "pilot_skill": 0.5862,
        "mission_priority": 0.1636,
        "estimated_landing_time": 758.0,
        "wait_time": 0,
        "Landing_success_rate": 0.8734
    },
    {
        "model": 1,
        "sequence": 3,
        "status": 1,
        "fuel": 6165,
        "fault": 0.8205,
        "weapon": 0,
        "pilot_injury": 0.3314,
        "pilot_skill": 0.3503,
        "mission_priority": 0.8777,
        "estimated_landing_time": 288.0,
        "wait_time": 0,
        "Landing_success_rate": 0.859
    },
    {
        "model": 1,
        "sequence": 11,
        "status": 1,
        "fuel": 5700,
        "fault": 0.394,
        "weapon": 1,
        "pilot_injury": 0.682,
        "pilot_skill": 0.1058,
        "mission_priority": 0.958,
        "estimated_landing_time": 1040.0,
        "wait_time": 0,
        "Landing_success_rate": 0.8591
    },
    {
        "model": 0,
        "sequence": 4,
        "status": 1,
        "fuel": 6957,
        "fault": 0.2362,
        "weapon": 1,
        "pilot_injury": 0.6605,
        "pilot_skill": 0.8869,
        "mission_priority": 0.9082,
        "estimated_landing_time": 382.0,
        "wait_time": 0,
        "Landing_success_rate": 0.9335
    }
]