[
    {
        "model": 1,
        "sequence": 1,
        "status": 1,
        "fuel": 5616,
        "fault": 0.088,
        "weapon": 0,
        "pilot_injury": 0.2338,
        "pilot_skill": 0.4232,
        "mission_priority": 0.7006,
        "estimated_landing_time": 100.0,
        "wait_time": 0,
        "Landing_success_rate": 0.8579
    },
    {
        "model": 0,
        "sequence": 3,
        "status": 1,
        "fuel": 5904,
        "fault": 0.5646,
        "weapon": 1,
        "pilot_injury": 0.3462,
        "pilot_skill": 0.2448,
        "mission_priority": 0.6543,
        "estimated_landing_time": 288.0,
        "wait_time": 0,
        "Landing_success_rate": 0.8632
    },
    {
        "model": 2,
        "sequence": 6,
        "status": 1,
        "fuel": 6075,
        "fault": 0.7357,
        "weapon": 0,
        "pilot_injury": 0.5043,
        "pilot_skill": 0.2172,
        "mission_priority": 0.2666,
        "estimated_landing_time": 570.0,
        "wait_time": 0,
        "Landing_success_rate": 0.8614
    },
    {
        "model": 0,
        "sequence": 5,
        "status": 1,
        "fuel": 6009,
        "fault": 0.5515,
        "weapon": 1,
        "pilot_injury": 0.6192,
        "pilot_skill": 0.6728,
        "mission_priority": 0.166,
        "estimated_landing_time": 476.0,
        "wait_time": 0,
        "Landing_success_rate": 0.8671
    },
    {
        "model": 0,
        "sequence": 10,
        "status": 1,
        "fuel": 6248,
        "fault": 0.7011,
        "weapon": 1,
        "pilot_injury": 0.0744,
        "pilot_skill": 0.4904,
        "mission_priority": 0.733,
        "estimated_landing_time": 946.0,
        "wait_time": 0,
        "Landing_success_rate": 0.8668
    },
    {
        "model": 1,
        "sequence": 12,
        "status": 1,
        "fuel": 6069,
        "fault": 0.9998,
        "weapon": 0,
        "pilot_injury": 0.9795,
        "pilot_skill": 0.0885,
        "mission_priority": 0.8222,
        "estimated_landing_time": 1134.0,
        "wait_time": 0,
        "Landing_success_rate": 0.85
    },
    {
        "model": 2,
        "sequence": 11,
        "status": 1,
        "fuel": 5593,
        "fault": 0.7671,
        "weapon": 0,
        "pilot_injury": 0.4932,
        "pilot_skill": 0.0715,
        "mission_priority": 0.5221,
        "estimated_landing_time": 1040.0,
        "wait_time": 0,
        "Landing_success_rate": 0.8516
    },
    {
        "model": 1,
        "sequence": 8,
        "status": 1,
        "fuel": 5759,
        "fault": 0.1073,
        "weapon": 0,
        "pilot_injury": 0.488,
        "pilot_skill": 0.4589,
        "mission_priority": 0.1962,
        "estimated_landing_time": 758.0,
        "wait_time": 0,
        "Landing_success_rate": 0.8673
    },
    {
        "model": 1,
        "sequence": 9,
        "status": 1,
        "fuel": 7013,
        "fault": 0.9809,
        "weapon": 1,
        "pilot_injury": 0.7354,
        "pilot_skill": 0.199,
        "mission_priority": 0.6168,
        "estimated_landing_time": 852.0,
        "wait_time": 0,
        "Landing_success_rate": 0.8522
    },
    {
        "model": 1,
        "sequence": 4,
        "status": 1,
        "fuel": 6379,
        "fault": 0.5251,
        "weapon": 1,
        "pilot_injury": 0.5405,
        "pilot_skill": 0.4234,
        "mission_priority": 0.673,
        "estimated_landing_time": 382.0,
        "wait_time": 0,
        "Landing_success_rate": 0.8813
    },
    {
        "model": 0,
        "sequence": 2,
        "status": 1,
        "fuel": 6245,
        "fault": 0.9307,
        "weapon": 0,
        "pilot_injury": 0.7296,
        "pilot_skill": 0.5406,
        "mission_priority": 0.8771,
        "estimated_landing_time": 194.0,
        "wait_time": 0,
        "Landing_success_rate": 0.8539
    },
    {
        "model": 0,
        "sequence": 7,
        "status": 1,
        "fuel": 5966,
        "fault": 0.5034,
        "weapon": 0,
        "pilot_injury": 0.0684,
        "pilot_skill": 0.566,
        "mission_priority": 0.3553,
        "estimated_landing_time": 664.0,
        "wait_time": 0,
        "Landing_success_rate": 0.8674
    }
]