[
    {
        "model": 0,
        "sequence": 2,
        "status": 1,
        "fuel": 5971,
        "fault": 0.3938,
        "weapon": 0,
        "pilot_injury": 0.1036,
        "pilot_skill": 0.8842,
        "mission_priority": 0.487,
        "estimated_landing_time": 194.0,
        "wait_time": 0,
        "Landing_success_rate": 0.8714
    },
    {
        "model": 0,
        "sequence": 3,
        "status": 1,
        "fuel": 6506,
        "fault": 0.529,
        "weapon": 1,
        "pilot_injury": 0.365,
        "pilot_skill": 0.526,
        "mission_priority": 0.6045,
        "estimated_landing_time": 288.0,
        "wait_time": 0,
        "Landing_success_rate": 0.8855
    },
    {
        "model": 1,
        "sequence": 11,
        "status": 1,
        "fuel": 5961,
        "fault": 0.6296,
        "weapon": 0,
        "pilot_injury": 0.3177,
        "pilot_skill": 0.5783,
        "mission_priority": 0.3,
        "estimated_landing_time": 1040.0,
        "wait_time": 0,
        "Landing_success_rate": 0.8628
    },
    {
        "model": 0,
        "sequence": 10,
        "status": 1,
        "fuel": 6543,
        "fault": 0.5822,
        "weapon": 0,
        "pilot_injury": 0.1887,
        "pilot_skill": 0.8012,
        "mission_priority": 0.1832,
        "estimated_landing_time": 946.0,
        "wait_time": 0,
        "Landing_success_rate": 0.8827
    },
    {
        "model": 2,
        "sequence": 8,
        "status": 1,
        "fuel": 5897,
        "fault": 0.8906,
        "weapon": 0,
        "pilot_injury": 0.5229,
        "pilot_skill": 0.1874,
        "mission_priority": 0.3207,
        "estimated_landing_time": 758.0,
        "wait_time": 0,
        "Landing_success_rate": 0.8533
    },
    {
        "model": 1,
        "sequence": 1,
        "status": 1,
        "fuel": 7051,
        "fault": 0.1249,
        "weapon": 0,
        "pilot_injury": 0.7235,
        "pilot_skill": 0.7774,
        "mission_priority": 0.5012,
        "estimated_landing_time": 100.0,
        "wait_time": 0,
        "Landing_success_rate": 0.9518
    },
    {
        "model": 2,
        "sequence": 12,
        "status": 1,
        "fuel": 6541,
        "fault": 0.9888,
        "weapon": 0,
        "pilot_injury": 0.5162,
        "pilot_skill": 0.6866,
        "mission_priority": 0.1681,
        "estimated_landing_time": 1134.0,
        "wait_time": 0,
        "Landing_success_rate": 0.8509
    },
    {
        "model": 2,
        "sequence": 7,
        "status": 1,
        "fuel": 7250,
        "fault": 0.7929,
        "weapon": 1,
        "pilot_injury": 0.6554,
        "pilot_skill": 0.4933,
        "mission_priority": 0.7956,
        "estimated_landing_time": 664.0,
        "wait_time": 0,
        "Landing_success_rate": 0.8772
    },
    {
        "model": 0,
        "sequence": 9,
        "status": 1,
        "fuel": 6300,
        "fault": 0.7184,
        "weapon": 1,
        "pilot_injury": 0.7359,
        "pilot_skill": 0.3147,
        "mission_priority": 0.3953,
        "estimated_landing_time": 852.0,
        "wait_time": 0,
        "Landing_success_rate": 0.8669
    },
    {
        "model": 2,
        "sequence": 6,
        "status": 1,
        "fuel": 6438,
        "fault": 0.9799,
        "weapon": 1,
        "pilot_injury": 0.1787,
        "pilot_skill": 0.5147,
        "mission_priority": 0.1188,
        "estimated_landing_time": 570.0,
        "wait_time": 0,
        "Landing_success_rate": 0.8514
    },
    {
        "model": 2,
        "sequence": 4,
        "status": 1,
        "fuel": 7420,
        "fault": 0.025,
        "weapon": 1,
        "pilot_injury": 0.0777,
        "pilot_skill": 0.6624,
        "mission_priority": 0.9008,
        "estimated_landing_time": 382.0,
        "wait_time": 0,
        "Landing_success_rate": 0.9904
    },
    {
        "model": 2,
        "sequence": 5,
        "status": 1,
        "fuel": 7231,
        "fault": 0.0512,
        "weapon": 1,
        "pilot_injury": 0.7489,
        "pilot_skill": 0.9264,
        "mission_priority": 0.0914,
        "estimated_landing_time": 476.0,
        "wait_time": 0,
        "Landing_success_rate": 0.9732
    }
]