[
    {
        "model": 0,
        "sequence": 10,
        "status": 1,
        "fuel": 5849,
        "fault": 0.9223,
        "weapon": 0,
        "pilot_injury": 0.58,
        "pilot_skill": 0.8902,
        "mission_priority": 0.0231,
        "estimated_landing_time": 946.0,
        "wait_time": 0,
        "Landing_success_rate": 0.852
    },
    {
        "model": 1,
        "sequence": 12,
        "status": 1,
        "fuel": 7246,
        "fault": 0.5347,
        "weapon": 0,
        "pilot_injury": 0.9508,
        "pilot_skill": 0.2587,
        "mission_priority": 0.8589,
        "estimated_landing_time": 1134.0,
        "wait_time": 0,
        "Landing_success_rate": 0.9109
    },
    {
        "model": 1,
        "sequence": 9,
        "status": 1,
        "fuel": 7496,
        "fault": 0.8913,
        "weapon": 1,
        "pilot_injury": 0.2133,
        "pilot_skill": 0.8636,
        "mission_priority": 0.1954,
        "estimated_landing_time": 852.0,
        "wait_time": 0,
        "Landing_success_rate": 0.8663
    },
    {
        "model": 2,
        "sequence": 1,
        "status": 1,
        "fuel": 7175,
        "fault": 0.2784,
        "weapon": 1,
        "pilot_injury": 0.8351,
        "pilot_skill": 0.2645,
        "mission_priority": 0.1327,
        "estimated_landing_time": 100.0,
        "wait_time": 0,
        "Landing_success_rate": 0.9407
    },
    {
        "model": 1,
        "sequence": 6,
        "status": 1,
        "fuel": 5784,
        "fault": 0.1109,
        "weapon": 1,
        "pilot_injury": 0.3566,
        "pilot_skill": 0.6628,
        "mission_priority": 0.0951,
        "estimated_landing_time": 570.0,
        "wait_time": 0,
        "Landing_success_rate": 0.8689
    },
    {
        "model": 2,
        "sequence": 2,
        "status": 1,
        "fuel": 7161,
        "fault": 0.0887,
        "weapon": 0,
        "pilot_injury": 0.129,
        "pilot_skill": 0.9096,
        "mission_priority": 0.4598,
        "estimated_landing_time": 194.0,
        "wait_time": 0,
        "Landing_success_rate": 0.9635
    },
    {
        "model": 0,
        "sequence": 7,
        "status": 1,
        "fuel": 5956,
        "fault": 0.0214,
        "weapon": 0,
        "pilot_injury": 0.0575,
        "pilot_skill": 0.4949,
        "mission_priority": 0.3156,
        "estimated_landing_time": 664.0,
        "wait_time": 0,
        "Landing_success_rate": 0.8835
    },
    {
        "model": 0,
        "sequence": 3,
        "status": 1,
        "fuel": 6180,
        "fault": 0.6513,
        "weapon": 1,
        "pilot_injury": 0.2188,
        "pilot_skill": 0.2885,
        "mission_priority": 0.8775,
        "estimated_landing_time": 288.0,
        "wait_time": 0,
        "Landing_success_rate": 0.8678
    },
    {
        "model": 1,
        "sequence": 5,
        "status": 1,
        "fuel": 6417,
        "fault": 0.1196,
        "weapon": 1,
        "pilot_injury": 0.0184,
        "pilot_skill": 0.8139,
        "mission_priority": 0.2403,
        "estimated_landing_time": 476.0,
        "wait_time": 0,
        "Landing_success_rate": 0.9105
    },
    {
        "model": 2,
        "sequence": 11,
        "status": 1,
        "fuel": 6411,
        "fault": 0.589,
        "weapon": 0,
        "pilot_injury": 0.4097,
        "pilot_skill": 0.8526,
        "mission_priority": 0.3787,
        "estimated_landing_time": 1040.0,
        "wait_time": 0,
        "Landing_success_rate": 0.8781
    },
    {
        "model": 0,
        "sequence": 4,
        "status": 1,
        "fuel": 6253,
        "fault": 0.0897,
        "weapon": 0,
        "pilot_injury": 0.062,
        "pilot_skill": 0.3053,
        "mission_priority": 0.9104,
        "estimated_landing_time": 382.0,
        "wait_time": 0,
        "Landing_success_rate": 0.9014
    },
    {
        "model": 1,
        "sequence": 8,
        "status": 1,
        "fuel": 7321,
        "fault": 0.533,
        "weapon": 1,
        "pilot_injury": 0.9064,
        "pilot_skill": 0.7705,
        "mission_priority": 0.7438,
        "estimated_landing_time": 758.0,
        "wait_time": 0,
        "Landing_success_rate": 0.9138
    }
]