[
    {
        "model": 0,
        "sequence": 6,
        "status": 1,
        "fuel": 5612,
        "fault": 0.879,
        "weapon": 1,
        "pilot_injury": 0.0518,
        "pilot_skill": 0.5322,
        "mission_priority": 0.6227,
        "estimated_landing_time": 570.0,
        "wait_time": 0,
        "Landing_success_rate": 0.851
    },
    {
        "model": 0,
        "sequence": 7,
        "status": 1,
        "fuel": 5531,
        "fault": 0.9131,
        "weapon": 0,
        "pilot_injury": 0.6867,
        "pilot_skill": 0.9858,
        "mission_priority": 0.1379,
        "estimated_landing_time": 664.0,
        "wait_time": 0,
        "Landing_success_rate": 0.8502
    },
    {
        "model": 2,
        "sequence": 2,
        "status": 1,
        "fuel": 7143,
        "fault": 0.9749,
        "weapon": 1,
        "pilot_injury": 0.0191,
        "pilot_skill": 0.9326,
        "mission_priority": 0.304,
        "estimated_landing_time": 194.0,
        "wait_time": 0,
        "Landing_success_rate": 0.8531
    },
    {
        "model": 2,
        "sequence": 3,
        "status": 1,
        "fuel": 5537,
        "fault": 0.8896,
        "weapon": 0,
        "pilot_injury": 0.2458,
        "pilot_skill": 0.1524,
        "mission_priority": 0.3204,
        "estimated_landing_time": 288.0,
        "wait_time": 0,
        "Landing_success_rate": 0.8503
    },
    {
        "model": 1,
        "sequence": 10,
        "status": 1,
        "fuel": 5573,
        "fault": 0.6075,
        "weapon": 1,
        "pilot_injury": 0.5581,
        "pilot_skill": 0.5327,
        "mission_priority": 0.0353,
        "estimated_landing_time": 946.0,
        "wait_time": 0,
        "Landing_success_rate": 0.8521
    },
    {
        "model": 2,
        "sequence": 11,
        "status": 1,
        "fuel": 6183,
        "fault": 0.178,
        "weapon": 1,
        "pilot_injury": 0.9062,
        "pilot_skill": 0.5387,
        "mission_priority": 0.1685,
        "estimated_landing_time": 1040.0,
        "wait_time": 0,
        "Landing_success_rate": 0.8921
    },
    {
        "model": 0,
        "sequence": 12,
        "status": 1,
        "fuel": 5617,
        "fault": 0.8759,
        "weapon": 0,
        "pilot_injury": 0.3051,
        "pilot_skill": 0.2695,
        "mission_priority": 0.118,
        "estimated_landing_time": 1134.0,
        "wait_time": 0,
        "Landing_success_rate": 0.8511
    },
    {
        "model": 2,
        "sequence": 5,
        "status": 1,
        "fuel": 6047,
        "fault": 0.3473,
        "weapon": 1,
        "pilot_injury": 0.766,
        "pilot_skill": 0.9192,
        "mission_priority": 0.9319,
        "estimated_landing_time": 476.0,
        "wait_time": 0,
        "Landing_success_rate": 0.8768
    },
    {
        "model": 2,
        "sequence": 9,
        "status": 1,
        "fuel": 7111,
        "fault": 0.2755,
        "weapon": 1,
        "pilot_injury": 0.0971,
        "pilot_skill": 0.572,
        "mission_priority": 0.815,
        "estimated_landing_time": 852.0,
        "wait_time": 0,
        "Landing_success_rate": 0.9375
    },
    {
        "model": 0,
        "sequence": 1,
        "status": 1,
        "fuel": 6966,
        "fault": 0.7251,
        "weapon": 1,
        "pilot_injury": 0.8017,
        "pilot_skill": 0.2765,
        "mission_priority": 0.6301,
        "estimated_landing_time": 100.0,
        "wait_time": 0,
        "Landing_success_rate": 0.8802
    },
    {
        "model": 1,
        "sequence": 8,
        "status": 1,
        "fuel": 6212,
        "fault": 0.7753,
        "weapon": 0,
        "pilot_injury": 0.238,
        "pilot_skill": 0.9371,
        "mission_priority": 0.4054,
        "estimated_landing_time": 758.0,
        "wait_time": 0,
        "Landing_success_rate": 0.862
    },
    {
        "model": 2,
        "sequence": 4,
        "status": 1,
        "fuel": 6580,
        "fault": 0.5485,
        "weapon": 1,
        "pilot_injury": 0.7732,
        "pilot_skill": 0.7358,
        "mission_priority": 0.2892,
        "estimated_landing_time": 382.0,
        "wait_time": 0,
        "Landing_success_rate": 0.8866
    }
]