[
    {
        "model": 2,
        "sequence": 10,
        "status": 1,
        "fuel": 6271,
        "fault": 0.5178,
        "weapon": 0,
        "pilot_injury": 0.7541,
        "pilot_skill": 0.2028,
        "mission_priority": 0.5838,
        "estimated_landing_time": 946.0,
        "wait_time": 0,
        "Landing_success_rate": 0.8779
    },
    {
        "model": 1,
        "sequence": 3,
        "status": 1,
        "fuel": 5582,
        "fault": 0.2874,
        "weapon": 0,
        "pilot_injury": 0.5277,
        "pilot_skill": 0.3145,
        "mission_priority": 0.2256,
        "estimated_landing_time": 288.0,
        "wait_time": 0,
        "Landing_success_rate": 0.8544
    },
    {
        "model": 1,
        "sequence": 9,
        "status": 1,
        "fuel": 5913,
        "fault": 0.5322,
        "weapon": 0,
        "pilot_injury": 0.4457,
        "pilot_skill": 0.1368,
        "mission_priority": 0.7279,
        "estimated_landing_time": 852.0,
        "wait_time": 0,
        "Landing_success_rate": 0.8645
    },
    {
        "model": 1,
        "sequence": 2,
        "status": 1,
        "fuel": 5770,
        "fault": 0.7328,
        "weapon": 1,
        "pilot_injury": 0.3815,
        "pilot_skill": 0.5298,
        "mission_priority": 0.0974,
        "estimated_landing_time": 194.0,
        "wait_time": 0,
        "Landing_success_rate": 0.8554
    },
    {
        "model": 1,
        "sequence": 4,
        "status": 1,
        "fuel": 6038,
        "fault": 0.6046,
        "weapon": 1,
        "pilot_injury": 0.8919,
        "pilot_skill": 0.9207,
        "mission_priority": 0.7331,
        "estimated_landing_time": 382.0,
        "wait_time": 0,
        "Landing_success_rate": 0.866
    },
    {
        "model": 2,
        "sequence": 6,
        "status": 1,
        "fuel": 5551,
        "fault": 0.6186,
        "weapon": 0,
        "pilot_injury": 0.7441,
        "pilot_skill": 0.9318,
        "mission_priority": 0.1585,
        "estimated_landing_time": 570.0,
        "wait_time": 0,
        "Landing_success_rate": 0.8515
    },
    {
        "model": 2,
        "sequence": 11,
        "status": 1,
        "fuel": 6568,
        "fault": 0.056,
        "weapon": 0,
        "pilot_injury": 0.3567,
        "pilot_skill": 0.4058,
        "mission_priority": 0.9518,
        "estimated_landing_time": 1040.0,
        "wait_time": 0,
        "Landing_success_rate": 0.9256
    },
    {
        "model": 1,
        "sequence": 8,
        "status": 1,
        "fuel": 6445,
        "fault": 0.0476,
        "weapon": 0,
        "pilot_injury": 0.9515,
        "pilot_skill": 0.4761,
        "mission_priority": 0.8636,
        "estimated_landing_time": 758.0,
        "wait_time": 0,
        "Landing_success_rate": 0.9175
    },
    {
        "model": 2,
        "sequence": 1,
        "status": 1,
        "fuel": 6868,
        "fault": 0.4964,
        "weapon": 0,
        "pilot_injury": 0.1875,
        "pilot_skill": 0.9799,
        "mission_priority": 0.1756,
        "estimated_landing_time": 100.0,
        "wait_time": 0,
        "Landing_success_rate": 0.9017
    },
    {
        "model": 0,
        "sequence": 12,
        "status": 1,
        "fuel": 7405,
        "fault": 0.9136,
        "weapon": 0,
        "pilot_injury": 0.4332,
        "pilot_skill": 0.2505,
        "mission_priority": 0.9653,
        "estimated_landing_time": 1134.0,
        "wait_time": 0,
        "Landing_success_rate": 0.8623
    },
    {
        "model": 2,
        "sequence": 5,
        "status": 1,
        "fuel": 7037,
        "fault": 0.7551,
        "weapon": 1,
        "pilot_injury": 0.1374,
        "pilot_skill": 0.8244,
        "mission_priority": 0.5425,
        "estimated_landing_time": 476.0,
        "wait_time": 0,
        "Landing_success_rate": 0.8782
    },
    {
        "model": 1,
        "sequence": 7,
        "status": 1,
        "fuel": 6319,
        "fault": 0.533,
        "weapon": 1,
        "pilot_injury": 0.1954,
        "pilot_skill": 0.346,
        "mission_priority": 0.737,
        "estimated_landing_time": 664.0,
        "wait_time": 0,
        "Landing_success_rate": 0.8787
    }
]