[
    {
        "model": 1,
        "sequence": 2,
        "status": 1,
        "fuel": 6788,
        "fault": 0.1166,
        "weapon": 1,
        "pilot_injury": 0.5061,
        "pilot_skill": 0.4934,
        "mission_priority": 0.8124,
        "estimated_landing_time": 194.0,
        "wait_time": 0,
        "Landing_success_rate": 0.9353
    },
    {
        "model": 0,
        "sequence": 12,
        "status": 1,
        "fuel": 5523,
        "fault": 0.1562,
        "weapon": 1,
        "pilot_injury": 0.476,
        "pilot_skill": 0.7433,
        "mission_priority": 0.0301,
        "estimated_landing_time": 1134.0,
        "wait_time": 0,
        "Landing_success_rate": 0.8515
    },
    {
        "model": 1,
        "sequence": 3,
        "status": 1,
        "fuel": 6666,
        "fault": 0.6115,
        "weapon": 1,
        "pilot_injury": 0.8408,
        "pilot_skill": 0.6768,
        "mission_priority": 0.8802,
        "estimated_landing_time": 288.0,
        "wait_time": 0,
        "Landing_success_rate": 0.884
    },
    {
        "model": 1,
        "sequence": 7,
        "status": 1,
        "fuel": 5534,
        "fault": 0.3459,
        "weapon": 1,
        "pilot_injury": 0.1374,
        "pilot_skill": 0.6303,
        "mission_priority": 0.8737,
        "estimated_landing_time": 664.0,
        "wait_time": 0,
        "Landing_success_rate": 0.8517
    },
    {
        "model": 0,
        "sequence": 10,
        "status": 1,
        "fuel": 6627,
        "fault": 0.5638,
        "weapon": 0,
        "pilot_injury": 0.115,
        "pilot_skill": 0.027,
        "mission_priority": 0.6796,
        "estimated_landing_time": 946.0,
        "wait_time": 0,
        "Landing_success_rate": 0.8869
    },
    {
        "model": 2,
        "sequence": 8,
        "status": 1,
        "fuel": 6048,
        "fault": 0.7432,
        "weapon": 0,
        "pilot_injury": 0.8592,
        "pilot_skill": 0.0809,
        "mission_priority": 0.1053,
        "estimated_landing_time": 758.0,
        "wait_time": 0,
        "Landing_success_rate": 0.8606
    },
    {
        "model": 0,
        "sequence": 9,
        "status": 1,
        "fuel": 5959,
        "fault": 0.2611,
        "weapon": 1,
        "pilot_injury": 0.2731,
        "pilot_skill": 0.7382,
        "mission_priority": 0.8944,
        "estimated_landing_time": 852.0,
        "wait_time": 0,
        "Landing_success_rate": 0.8754
    },
    {
        "model": 1,
        "sequence": 1,
        "status": 1,
        "fuel": 7362,
        "fault": 0.2955,
        "weapon": 0,
        "pilot_injury": 0.2825,
        "pilot_skill": 0.2888,
        "mission_priority": 0.8641,
        "estimated_landing_time": 100.0,
        "wait_time": 0,
        "Landing_success_rate": 0.9484
    },
    {
        "model": 0,
        "sequence": 5,
        "status": 1,
        "fuel": 7247,
        "fault": 0.5781,
        "weapon": 1,
        "pilot_injury": 0.5242,
        "pilot_skill": 0.6859,
        "mission_priority": 0.2185,
        "estimated_landing_time": 476.0,
        "wait_time": 0,
        "Landing_success_rate": 0.9053
    },
    {
        "model": 2,
        "sequence": 4,
        "status": 1,
        "fuel": 6103,
        "fault": 0.1623,
        "weapon": 1,
        "pilot_injury": 0.3037,
        "pilot_skill": 0.674,
        "mission_priority": 0.1493,
        "estimated_landing_time": 382.0,
        "wait_time": 0,
        "Landing_success_rate": 0.8879
    },
    {
        "model": 1,
        "sequence": 11,
        "status": 1,
        "fuel": 5805,
        "fault": 0.0566,
        "weapon": 1,
        "pilot_injury": 0.6743,
        "pilot_skill": 0.4989,
        "mission_priority": 0.2109,
        "estimated_landing_time": 1040.0,
        "wait_time": 0,
        "Landing_success_rate": 0.8716
    },
    {
        "model": 1,
        "sequence": 6,
        "status": 1,
        "fuel": 7425,
        "fault": 0.4237,
        "weapon": 1,
        "pilot_injury": 0.1553,
        "pilot_skill": 0.4817,
        "mission_priority": 0.409,
        "estimated_landing_time": 570.0,
        "wait_time": 0,
        "Landing_success_rate": 0.9332
    }
]