[
    {
        "model": 2,
        "sequence": 1,
        "status": 1,
        "fuel": 5922,
        "fault": 0.4548,
        "weapon": 0,
        "pilot_injury": 0.9529,
        "pilot_skill": 0.7182,
        "mission_priority": 0.7464,
        "estimated_landing_time": 100.0,
        "wait_time": 0,
        "Landing_success_rate": 0.8673
    },
    {
        "model": 1,
        "sequence": 7,
        "status": 1,
        "fuel": 5572,
        "fault": 0.8626,
        "weapon": 1,
        "pilot_injury": 0.3675,
        "pilot_skill": 0.0732,
        "mission_priority": 0.7381,
        "estimated_landing_time": 664.0,
        "wait_time": 0,
        "Landing_success_rate": 0.8507
    },
    {
        "model": 2,
        "sequence": 6,
        "status": 1,
        "fuel": 7176,
        "fault": 0.6598,
        "weapon": 0,
        "pilot_injury": 0.2765,
        "pilot_skill": 0.2699,
        "mission_priority": 0.929,
        "estimated_landing_time": 570.0,
        "wait_time": 0,
        "Landing_success_rate": 0.8928
    },
    {
        "model": 1,
        "sequence": 3,
        "status": 1,
        "fuel": 7288,
        "fault": 0.9834,
        "weapon": 0,
        "pilot_injury": 0.6429,
        "pilot_skill": 0.5926,
        "mission_priority": 0.1811,
        "estimated_landing_time": 288.0,
        "wait_time": 0,
        "Landing_success_rate": 0.8522
    },
    {
        "model": 1,
        "sequence": 8,
        "status": 1,
        "fuel": 5888,
        "fault": 0.3994,
        "weapon": 1,
        "pilot_injury": 0.9882,
        "pilot_skill": 0.1958,
        "mission_priority": 0.5369,
        "estimated_landing_time": 758.0,
        "wait_time": 0,
        "Landing_success_rate": 0.8675
    },
    {
        "model": 1,
        "sequence": 5,
        "status": 1,
        "fuel": 6675,
        "fault": 0.4622,
        "weapon": 1,
        "pilot_injury": 0.5069,
        "pilot_skill": 0.6612,
        "mission_priority": 0.8149,
        "estimated_landing_time": 476.0,
        "wait_time": 0,
        "Landing_success_rate": 0.8974
    },
    {
        "model": 1,
        "sequence": 12,
        "status": 1,
        "fuel": 7126,
        "fault": 0.2522,
        "weapon": 0,
        "pilot_injury": 0.4849,
        "pilot_skill": 0.6619,
        "mission_priority": 0.1065,
        "estimated_landing_time": 1134.0,
        "wait_time": 0,
        "Landing_success_rate": 0.9412
    },
    {
        "model": 2,
        "sequence": 11,
        "status": 1,
        "fuel": 7357,
        "fault": 0.9047,
        "weapon": 0,
        "pilot_injury": 0.391,
        "pilot_skill": 0.0545,
        "mission_priority": 0.897,
        "estimated_landing_time": 1040.0,
        "wait_time": 0,
        "Landing_success_rate": 0.8633
    },
    {
        "model": 2,
        "sequence": 4,
        "status": 1,
        "fuel": 6722,
        "fault": 0.7103,
        "weapon": 1,
        "pilot_injury": 0.4677,
        "pilot_skill": 0.8519,
        "mission_priority": 0.873,
        "estimated_landing_time": 382.0,
        "wait_time": 0,
        "Landing_success_rate": 0.8766
    },
    {
        "model": 1,
        "sequence": 9,
        "status": 1,
        "fuel": 5664,
        "fault": 0.4606,
        "weapon": 0,
        "pilot_injury": 0.5082,
        "pilot_skill": 0.0422,
        "mission_priority": 0.9958,
        "estimated_landing_time": 852.0,
        "wait_time": 0,
        "Landing_success_rate": 0.8566
    },
    {
        "model": 1,
        "sequence": 10,
        "status": 1,
        "fuel": 6841,
        "fault": 0.1668,
        "weapon": 0,
        "pilot_injury": 0.7548,
        "pilot_skill": 0.2975,
        "mission_priority": 0.2016,
        "estimated_landing_time": 946.0,
        "wait_time": 0,
        "Landing_success_rate": 0.9338
    },
    {
        "model": 1,
        "sequence": 2,
        "status": 1,
        "fuel": 6062,
        "fault": 0.6715,
        "weapon": 1,
        "pilot_injury": 0.0055,
        "pilot_skill": 0.7095,
        "mission_priority": 0.4614,
        "estimated_landing_time": 194.0,
        "wait_time": 0,
        "Landing_success_rate": 0.8638
    }
]