[
    {
        "model": 1,
        "sequence": 3,
        "status": 1,
        "fuel": 6603,
        "fault": 0.8444,
        "weapon": 0,
        "pilot_injury": 0.646,
        "pilot_skill": 0.9839,
        "mission_priority": 0.6009,
        "estimated_landing_time": 288.0,
        "wait_time": 0,
        "Landing_success_rate": 0.8629
    },
    {
        "model": 0,
        "sequence": 9,
        "status": 1,
        "fuel": 6177,
        "fault": 0.3303,
        "weapon": 1,
        "pilot_injury": 0.7823,
        "pilot_skill": 0.9758,
        "mission_priority": 0.5441,
        "estimated_landing_time": 852.0,
        "wait_time": 0,
        "Landing_success_rate": 0.884
    },
    {
        "model": 2,
        "sequence": 4,
        "status": 1,
        "fuel": 5614,
        "fault": 0.5381,
        "weapon": 0,
        "pilot_injury": 0.9697,
        "pilot_skill": 0.1292,
        "mission_priority": 0.5782,
        "estimated_landing_time": 382.0,
        "wait_time": 0,
        "Landing_success_rate": 0.8539
    },
    {
        "model": 0,
        "sequence": 1,
        "status": 1,
        "fuel": 5597,
        "fault": 0.7304,
        "weapon": 1,
        "pilot_injury": 0.4092,
        "pilot_skill": 0.6552,
        "mission_priority": 0.2701,
        "estimated_landing_time": 100.0,
        "wait_time": 0,
        "Landing_success_rate": 0.852
    },
    {
        "model": 1,
        "sequence": 11,
        "status": 1,
        "fuel": 6574,
        "fault": 0.7453,
        "weapon": 0,
        "pilot_injury": 0.6365,
        "pilot_skill": 0.8729,
        "mission_priority": 0.8078,
        "estimated_landing_time": 1040.0,
        "wait_time": 0,
        "Landing_success_rate": 0.8705
    },
    {
        "model": 0,
        "sequence": 7,
        "status": 1,
        "fuel": 6908,
        "fault": 0.2875,
        "weapon": 1,
        "pilot_injury": 0.2872,
        "pilot_skill": 0.6371,
        "mission_priority": 0.5906,
        "estimated_landing_time": 664.0,
        "wait_time": 0,
        "Landing_success_rate": 0.9252
    },
    {
        "model": 2,
        "sequence": 5,
        "status": 1,
        "fuel": 6529,
        "fault": 0.6811,
        "weapon": 1,
        "pilot_injury": 0.2772,
        "pilot_skill": 0.2867,
        "mission_priority": 0.6019,
        "estimated_landing_time": 476.0,
        "wait_time": 0,
        "Landing_success_rate": 0.8746
    },
    {
        "model": 1,
        "sequence": 8,
        "status": 1,
        "fuel": 6786,
        "fault": 0.6661,
        "weapon": 1,
        "pilot_injury": 0.2272,
        "pilot_skill": 0.3048,
        "mission_priority": 0.0361,
        "estimated_landing_time": 758.0,
        "wait_time": 0,
        "Landing_success_rate": 0.8822
    },
    {
        "model": 2,
        "sequence": 10,
        "status": 1,
        "fuel": 7384,
        "fault": 0.3619,
        "weapon": 0,
        "pilot_injury": 0.9158,
        "pilot_skill": 0.2365,
        "mission_priority": 0.2658,
        "estimated_landing_time": 946.0,
        "wait_time": 0,
        "Landing_success_rate": 0.9402
    },
    {
        "model": 1,
        "sequence": 6,
        "status": 1,
        "fuel": 6786,
        "fault": 0.601,
        "weapon": 1,
        "pilot_injury": 0.8048,
        "pilot_skill": 0.6469,
        "mission_priority": 0.7859,
        "estimated_landing_time": 570.0,
        "wait_time": 0,
        "Landing_success_rate": 0.8885
    },
    {
        "model": 0,
        "sequence": 12,
        "status": 1,
        "fuel": 7233,
        "fault": 0.4457,
        "weapon": 0,
        "pilot_injury": 0.228,
        "pilot_skill": 0.009,
        "mission_priority": 0.781,
        "estimated_landing_time": 1134.0,
        "wait_time": 0,
        "Landing_success_rate": 0.922
    },
    {
        "model": 2,
        "sequence": 2,
        "status": 1,
        "fuel": 6130,
        "fault": 0.7683,
        "weapon": 1,
        "pilot_injury": 0.1468,
        "pilot_skill": 0.0312,
        "mission_priority": 0.5782,
        "estimated_landing_time": 194.0,
        "wait_time": 0,
        "Landing_success_rate": 0.8609
    }
]