[
    {
        "model": 0,
        "sequence": 9,
        "status": 1,
        "fuel": 7270,
        "fault": 0.7955,
        "weapon": 0,
        "pilot_injury": 0.5587,
        "pilot_skill": 0.5423,
        "mission_priority": 0.1233,
        "estimated_landing_time": 852.0,
        "wait_time": 0,
        "Landing_success_rate": 0.8771
    },
    {
        "model": 0,
        "sequence": 12,
        "status": 1,
        "fuel": 6112,
        "fault": 0.812,
        "weapon": 0,
        "pilot_injury": 0.966,
        "pilot_skill": 0.2551,
        "mission_priority": 0.0674,
        "estimated_landing_time": 1134.0,
        "wait_time": 0,
        "Landing_success_rate": 0.8586
    },
    {
        "model": 2,
        "sequence": 8,
        "status": 1,
        "fuel": 5622,
        "fault": 0.6556,
        "weapon": 1,
        "pilot_injury": 0.5657,
        "pilot_skill": 0.0463,
        "mission_priority": 0.7753,
        "estimated_landing_time": 758.0,
        "wait_time": 0,
        "Landing_success_rate": 0.8532
    },
    {
        "model": 0,
        "sequence": 2,
        "status": 1,
        "fuel": 6369,
        "fault": 0.4661,
        "weapon": 1,
        "pilot_injury": 0.2284,
        "pilot_skill": 0.9459,
        "mission_priority": 0.1687,
        "estimated_landing_time": 194.0,
        "wait_time": 0,
        "Landing_success_rate": 0.8848
    },
    {
        "model": 1,
        "sequence": 6,
        "status": 1,
        "fuel": 6042,
        "fault": 0.8905,
        "weapon": 1,
        "pilot_injury": 0.4249,
        "pilot_skill": 0.9961,
        "mission_priority": 0.1006,
        "estimated_landing_time": 570.0,
        "wait_time": 0,
        "Landing_success_rate": 0.8545
    },
    {
        "model": 1,
        "sequence": 5,
        "status": 1,
        "fuel": 6046,
        "fault": 0.5483,
        "weapon": 1,
        "pilot_injury": 0.6982,
        "pilot_skill": 0.01,
        "mission_priority": 0.8208,
        "estimated_landing_time": 476.0,
        "wait_time": 0,
        "Landing_success_rate": 0.8685
    },
    {
        "model": 1,
        "sequence": 10,
        "status": 1,
        "fuel": 6178,
        "fault": 0.6021,
        "weapon": 1,
        "pilot_injury": 0.8393,
        "pilot_skill": 0.4456,
        "mission_priority": 0.6886,
        "estimated_landing_time": 946.0,
        "wait_time": 0,
        "Landing_success_rate": 0.8702
    },
    {
        "model": 2,
        "sequence": 1,
        "status": 1,
        "fuel": 5966,
        "fault": 0.6629,
        "weapon": 0,
        "pilot_injury": 0.6264,
        "pilot_skill": 0.7698,
        "mission_priority": 0.6359,
        "estimated_landing_time": 100.0,
        "wait_time": 0,
        "Landing_success_rate": 0.8618
    },
    {
        "model": 1,
        "sequence": 4,
        "status": 1,
        "fuel": 6482,
        "fault": 0.5194,
        "weapon": 0,
        "pilot_injury": 0.3737,
        "pilot_skill": 0.3126,
        "mission_priority": 0.1941,
        "estimated_landing_time": 382.0,
        "wait_time": 0,
        "Landing_success_rate": 0.8854
    },
    {
        "model": 2,
        "sequence": 7,
        "status": 1,
        "fuel": 7393,
        "fault": 0.343,
        "weapon": 1,
        "pilot_injury": 0.538,
        "pilot_skill": 0.2864,
        "mission_priority": 0.3541,
        "estimated_landing_time": 664.0,
        "wait_time": 0,
        "Landing_success_rate": 0.9433
    },
    {
        "model": 0,
        "sequence": 3,
        "status": 1,
        "fuel": 7462,
        "fault": 0.1187,
        "weapon": 0,
        "pilot_injury": 0.5383,
        "pilot_skill": 0.2742,
        "mission_priority": 0.3459,
        "estimated_landing_time": 288.0,
        "wait_time": 0,
        "Landing_success_rate": 0.9797
    },
    {
        "model": 0,
        "sequence": 11,
        "status": 1,
        "fuel": 6711,
        "fault": 0.7993,
        "weapon": 0,
        "pilot_injury": 0.0935,
        "pilot_skill": 0.9732,
        "mission_priority": 0.0493,
        "estimated_landing_time": 1040.0,
        "wait_time": 0,
        "Landing_success_rate": 0.8682
    }
]