[
    {
        "model": 2,
        "sequence": 3,
        "status": 1,
        "fuel": 7293,
        "fault": 0.9967,
        "weapon": 0,
        "pilot_injury": 0.3353,
        "pilot_skill": 0.8848,
        "mission_priority": 0.5185,
        "estimated_landing_time": 288.0,
        "wait_time": 0,
        "Landing_success_rate": 0.8504
    },
    {
        "model": 2,
        "sequence": 8,
        "status": 1,
        "fuel": 6055,
        "fault": 0.5363,
        "weapon": 1,
        "pilot_injury": 0.0933,
        "pilot_skill": 0.4731,
        "mission_priority": 0.6524,
        "estimated_landing_time": 758.0,
        "wait_time": 0,
        "Landing_success_rate": 0.8693
    },
    {
        "model": 0,
        "sequence": 11,
        "status": 1,
        "fuel": 7339,
        "fault": 0.3384,
        "weapon": 0,
        "pilot_injury": 0.5633,
        "pilot_skill": 0.7086,
        "mission_priority": 0.5849,
        "estimated_landing_time": 1040.0,
        "wait_time": 0,
        "Landing_success_rate": 0.9413
    },
    {
        "model": 1,
        "sequence": 6,
        "status": 1,
        "fuel": 6141,
        "fault": 0.8725,
        "weapon": 1,
        "pilot_injury": 0.8328,
        "pilot_skill": 0.4497,
        "mission_priority": 0.9872,
        "estimated_landing_time": 570.0,
        "wait_time": 0,
        "Landing_success_rate": 0.8561
    },
    {
        "model": 0,
        "sequence": 4,
        "status": 1,
        "fuel": 7257,
        "fault": 0.8357,
        "weapon": 0,
        "pilot_injury": 0.1805,
        "pilot_skill": 0.5556,
        "mission_priority": 0.2432,
        "estimated_landing_time": 382.0,
        "wait_time": 0,
        "Landing_success_rate": 0.8717
    },
    {
        "model": 0,
        "sequence": 7,
        "status": 1,
        "fuel": 6204,
        "fault": 0.4384,
        "weapon": 1,
        "pilot_injury": 0.2109,
        "pilot_skill": 0.1607,
        "mission_priority": 0.8754,
        "estimated_landing_time": 664.0,
        "wait_time": 0,
        "Landing_success_rate": 0.8797
    },
    {
        "model": 2,
        "sequence": 9,
        "status": 1,
        "fuel": 5752,
        "fault": 0.6334,
        "weapon": 1,
        "pilot_injury": 0.221,
        "pilot_skill": 0.4253,
        "mission_priority": 0.2313,
        "estimated_landing_time": 852.0,
        "wait_time": 0,
        "Landing_success_rate": 0.8569
    },
    {
        "model": 1,
        "sequence": 1,
        "status": 1,
        "fuel": 5631,
        "fault": 0.0948,
        "weapon": 0,
        "pilot_injury": 0.7881,
        "pilot_skill": 0.3127,
        "mission_priority": 0.5056,
        "estimated_landing_time": 100.0,
        "wait_time": 0,
        "Landing_success_rate": 0.8589
    },
    {
        "model": 0,
        "sequence": 12,
        "status": 1,
        "fuel": 7250,
        "fault": 0.773,
        "weapon": 1,
        "pilot_injury": 0.5219,
        "pilot_skill": 0.1735,
        "mission_priority": 0.2728,
        "estimated_landing_time": 1134.0,
        "wait_time": 0,
        "Landing_success_rate": 0.8798
    },
    {
        "model": 0,
        "sequence": 10,
        "status": 1,
        "fuel": 5562,
        "fault": 0.2715,
        "weapon": 0,
        "pilot_injury": 0.5259,
        "pilot_skill": 0.3371,
        "mission_priority": 0.9638,
        "estimated_landing_time": 946.0,
        "wait_time": 0,
        "Landing_success_rate": 0.8534
    },
    {
        "model": 2,
        "sequence": 5,
        "status": 1,
        "fuel": 7497,
        "fault": 0.7547,
        "weapon": 1,
        "pilot_injury": 0.316,
        "pilot_skill": 0.2235,
        "mission_priority": 0.9696,
        "estimated_landing_time": 476.0,
        "wait_time": 0,
        "Landing_success_rate": 0.8867
    },
    {
        "model": 1,
        "sequence": 2,
        "status": 1,
        "fuel": 5753,
        "fault": 0.6296,
        "weapon": 1,
        "pilot_injury": 0.6971,
        "pilot_skill": 0.9914,
        "mission_priority": 0.5932,
        "estimated_landing_time": 194.0,
        "wait_time": 0,
        "Landing_success_rate": 0.857
    }
]