[
    {
        "model": 1,
        "sequence": 12,
        "status": 1,
        "fuel": 5657,
        "fault": 0.2619,
        "weapon": 1,
        "pilot_injury": 0.9645,
        "pilot_skill": 0.0947,
        "mission_priority": 0.769,
        "estimated_landing_time": 1134.0,
        "wait_time": 0,
        "Landing_success_rate": 0.8587
    },
    {
        "model": 2,
        "sequence": 3,
        "status": 1,
        "fuel": 7243,
        "fault": 0.3617,
        "weapon": 1,
        "pilot_injury": 0.8982,
        "pilot_skill": 0.7531,
        "mission_priority": 0.3655,
        "estimated_landing_time": 288.0,
        "wait_time": 0,
        "Landing_success_rate": 0.9334
    },
    {
        "model": 0,
        "sequence": 11,
        "status": 1,
        "fuel": 5597,
        "fault": 0.9687,
        "weapon": 1,
        "pilot_injury": 0.0665,
        "pilot_skill": 0.7211,
        "mission_priority": 0.7633,
        "estimated_landing_time": 1040.0,
        "wait_time": 0,
        "Landing_success_rate": 0.8502
    },
    {
        "model": 2,
        "sequence": 5,
        "status": 1,
        "fuel": 5508,
        "fault": 0.1697,
        "weapon": 0,
        "pilot_injury": 0.6731,
        "pilot_skill": 0.4381,
        "mission_priority": 0.3189,
        "estimated_landing_time": 476.0,
        "wait_time": 0,
        "Landing_success_rate": 0.8505
    },
    {
        "model": 0,
        "sequence": 9,
        "status": 1,
        "fuel": 6456,
        "fault": 0.9718,
        "weapon": 1,
        "pilot_injury": 0.1642,
        "pilot_skill": 0.2485,
        "mission_priority": 0.6062,
        "estimated_landing_time": 852.0,
        "wait_time": 0,
        "Landing_success_rate": 0.852
    },
    {
        "model": 0,
        "sequence": 10,
        "status": 1,
        "fuel": 6720,
        "fault": 0.7888,
        "weapon": 1,
        "pilot_injury": 0.0472,
        "pilot_skill": 0.7553,
        "mission_priority": 0.3737,
        "estimated_landing_time": 946.0,
        "wait_time": 0,
        "Landing_success_rate": 0.8693
    },
    {
        "model": 1,
        "sequence": 2,
        "status": 1,
        "fuel": 6287,
        "fault": 0.8429,
        "weapon": 1,
        "pilot_injury": 0.5732,
        "pilot_skill": 0.8149,
        "mission_priority": 0.0756,
        "estimated_landing_time": 194.0,
        "wait_time": 0,
        "Landing_success_rate": 0.8593
    },
    {
        "model": 2,
        "sequence": 6,
        "status": 1,
        "fuel": 7375,
        "fault": 0.3226,
        "weapon": 0,
        "pilot_injury": 0.9033,
        "pilot_skill": 0.1099,
        "mission_priority": 0.8431,
        "estimated_landing_time": 570.0,
        "wait_time": 0,
        "Landing_success_rate": 0.9453
    },
    {
        "model": 0,
        "sequence": 4,
        "status": 1,
        "fuel": 6995,
        "fault": 0.5044,
        "weapon": 1,
        "pilot_injury": 0.2351,
        "pilot_skill": 0.333,
        "mission_priority": 0.6265,
        "estimated_landing_time": 382.0,
        "wait_time": 0,
        "Landing_success_rate": 0.9056
    },
    {
        "model": 0,
        "sequence": 7,
        "status": 1,
        "fuel": 6540,
        "fault": 0.1795,
        "weapon": 0,
        "pilot_injury": 0.2043,
        "pilot_skill": 0.8553,
        "mission_priority": 0.045,
        "estimated_landing_time": 664.0,
        "wait_time": 0,
        "Landing_success_rate": 0.914
    },
    {
        "model": 2,
        "sequence": 8,
        "status": 1,
        "fuel": 6529,
        "fault": 0.9856,
        "weapon": 0,
        "pilot_injury": 0.9131,
        "pilot_skill": 0.868,
        "mission_priority": 0.8952,
        "estimated_landing_time": 758.0,
        "wait_time": 0,
        "Landing_success_rate": 0.8511
    },
    {
        "model": 1,
        "sequence": 1,
        "status": 1,
        "fuel": 7377,
        "fault": 0.2754,
        "weapon": 1,
        "pilot_injury": 0.7799,
        "pilot_skill": 0.9024,
        "mission_priority": 0.3116,
        "estimated_landing_time": 100.0,
        "wait_time": 0,
        "Landing_success_rate": 0.952
    }
]