[
    {
        "model": 0,
        "sequence": 6,
        "status": 1,
        "fuel": 6583,
        "fault": 0.2143,
        "weapon": 1,
        "pilot_injury": 0.8305,
        "pilot_skill": 0.7591,
        "mission_priority": 0.72,
        "estimated_landing_time": 570.0,
        "wait_time": 0,
        "Landing_success_rate": 0.9138
    },
    {
        "model": 2,
        "sequence": 8,
        "status": 1,
        "fuel": 7280,
        "fault": 0.5987,
        "weapon": 0,
        "pilot_injury": 0.4833,
        "pilot_skill": 0.7152,
        "mission_priority": 0.5522,
        "estimated_landing_time": 758.0,
        "wait_time": 0,
        "Landing_success_rate": 0.9036
    },
    {
        "model": 0,
        "sequence": 7,
        "status": 1,
        "fuel": 6435,
        "fault": 0.0646,
        "weapon": 1,
        "pilot_injury": 0.3484,
        "pilot_skill": 0.5196,
        "mission_priority": 0.9367,
        "estimated_landing_time": 664.0,
        "wait_time": 0,
        "Landing_success_rate": 0.9156
    },
    {
        "model": 0,
        "sequence": 2,
        "status": 1,
        "fuel": 7035,
        "fault": 0.576,
        "weapon": 1,
        "pilot_injury": 0.1628,
        "pilot_skill": 0.1494,
        "mission_priority": 0.5022,
        "estimated_landing_time": 194.0,
        "wait_time": 0,
        "Landing_success_rate": 0.8988
    },
    {
        "model": 2,
        "sequence": 4,
        "status": 1,
        "fuel": 7369,
        "fault": 0.7055,
        "weapon": 1,
        "pilot_injury": 0.2259,
        "pilot_skill": 0.1001,
        "mission_priority": 0.3845,
        "estimated_landing_time": 382.0,
        "wait_time": 0,
        "Landing_success_rate": 0.8913
    },
    {
        "model": 2,
        "sequence": 11,
        "status": 1,
        "fuel": 6276,
        "fault": 0.6662,
        "weapon": 1,
        "pilot_injury": 0.3201,
        "pilot_skill": 0.3236,
        "mission_priority": 0.1321,
        "estimated_landing_time": 1040.0,
        "wait_time": 0,
        "Landing_success_rate": 0.8694
    },
    {
        "model": 0,
        "sequence": 10,
        "status": 1,
        "fuel": 5721,
        "fault": 0.6958,
        "weapon": 1,
        "pilot_injury": 0.9686,
        "pilot_skill": 0.5016,
        "mission_priority": 0.1672,
        "estimated_landing_time": 946.0,
        "wait_time": 0,
        "Landing_success_rate": 0.855
    },
    {
        "model": 0,
        "sequence": 12,
        "status": 1,
        "fuel": 7127,
        "fault": 0.9982,
        "weapon": 0,
        "pilot_injury": 0.0717,
        "pilot_skill": 0.8501,
        "mission_priority": 0.8293,
        "estimated_landing_time": 1134.0,
        "wait_time": 0,
        "Landing_success_rate": 0.8502
    },
    {
        "model": 2,
        "sequence": 5,
        "status": 1,
        "fuel": 6354,
        "fault": 0.6599,
        "weapon": 1,
        "pilot_injury": 0.7134,
        "pilot_skill": 0.6767,
        "mission_priority": 0.0165,
        "estimated_landing_time": 476.0,
        "wait_time": 0,
        "Landing_success_rate": 0.8718
    },
    {
        "model": 1,
        "sequence": 3,
        "status": 1,
        "fuel": 6401,
        "fault": 0.3095,
        "weapon": 1,
        "pilot_injury": 0.7557,
        "pilot_skill": 0.4401,
        "mission_priority": 0.5455,
        "estimated_landing_time": 288.0,
        "wait_time": 0,
        "Landing_success_rate": 0.8967
    },
    {
        "model": 2,
        "sequence": 9,
        "status": 1,
        "fuel": 5505,
        "fault": 0.2343,
        "weapon": 1,
        "pilot_injury": 0.7489,
        "pilot_skill": 0.4423,
        "mission_priority": 0.3772,
        "estimated_landing_time": 852.0,
        "wait_time": 0,
        "Landing_success_rate": 0.8503
    },
    {
        "model": 0,
        "sequence": 1,
        "status": 1,
        "fuel": 7063,
        "fault": 0.9208,
        "weapon": 1,
        "pilot_injury": 0.772,
        "pilot_skill": 0.0202,
        "mission_priority": 0.9574,
        "estimated_landing_time": 100.0,
        "wait_time": 0,
        "Landing_success_rate": 0.8593
    }
]