[
    {
        "model": 1,
        "sequence": 6,
        "status": 1,
        "fuel": 5803,
        "fault": 0.3108,
        "weapon": 0,
        "pilot_injury": 0.9467,
        "pilot_skill": 0.3672,
        "mission_priority": 0.0397,
        "estimated_landing_time": 570.0,
        "wait_time": 0,
        "Landing_success_rate": 0.8657
    },
    {
        "model": 2,
        "sequence": 1,
        "status": 1,
        "fuel": 7336,
        "fault": 0.0415,
        "weapon": 0,
        "pilot_injury": 0.6973,
        "pilot_skill": 0.8732,
        "mission_priority": 0.3101,
        "estimated_landing_time": 100.0,
        "wait_time": 0,
        "Landing_success_rate": 0.982
    },
    {
        "model": 2,
        "sequence": 12,
        "status": 1,
        "fuel": 7484,
        "fault": 0.9241,
        "weapon": 1,
        "pilot_injury": 0.7943,
        "pilot_skill": 0.0698,
        "mission_priority": 0.6552,
        "estimated_landing_time": 1134.0,
        "wait_time": 0,
        "Landing_success_rate": 0.8613
    },
    {
        "model": 2,
        "sequence": 2,
        "status": 1,
        "fuel": 6471,
        "fault": 0.7176,
        "weapon": 1,
        "pilot_injury": 0.6871,
        "pilot_skill": 0.9232,
        "mission_priority": 0.7339,
        "estimated_landing_time": 194.0,
        "wait_time": 0,
        "Landing_success_rate": 0.8706
    },
    {
        "model": 1,
        "sequence": 7,
        "status": 1,
        "fuel": 7310,
        "fault": 0.9457,
        "weapon": 1,
        "pilot_injury": 0.5283,
        "pilot_skill": 0.2637,
        "mission_priority": 0.9856,
        "estimated_landing_time": 664.0,
        "wait_time": 0,
        "Landing_success_rate": 0.8574
    },
    {
        "model": 1,
        "sequence": 4,
        "status": 1,
        "fuel": 5752,
        "fault": 0.3227,
        "weapon": 1,
        "pilot_injury": 0.2977,
        "pilot_skill": 0.3865,
        "mission_priority": 0.9177,
        "estimated_landing_time": 382.0,
        "wait_time": 0,
        "Landing_success_rate": 0.8628
    },
    {
        "model": 1,
        "sequence": 3,
        "status": 1,
        "fuel": 6259,
        "fault": 0.2754,
        "weapon": 0,
        "pilot_injury": 0.4233,
        "pilot_skill": 0.8548,
        "mission_priority": 0.5218,
        "estimated_landing_time": 288.0,
        "wait_time": 0,
        "Landing_success_rate": 0.8912
    },
    {
        "model": 2,
        "sequence": 9,
        "status": 1,
        "fuel": 6002,
        "fault": 0.2513,
        "weapon": 0,
        "pilot_injury": 0.4244,
        "pilot_skill": 0.2599,
        "mission_priority": 0.2896,
        "estimated_landing_time": 852.0,
        "wait_time": 0,
        "Landing_success_rate": 0.8782
    },
    {
        "model": 1,
        "sequence": 5,
        "status": 1,
        "fuel": 5927,
        "fault": 0.6951,
        "weapon": 1,
        "pilot_injury": 0.6244,
        "pilot_skill": 0.3866,
        "mission_priority": 0.7123,
        "estimated_landing_time": 476.0,
        "wait_time": 0,
        "Landing_success_rate": 0.8598
    },
    {
        "model": 1,
        "sequence": 10,
        "status": 1,
        "fuel": 5984,
        "fault": 0.5211,
        "weapon": 1,
        "pilot_injury": 0.4626,
        "pilot_skill": 0.1641,
        "mission_priority": 0.3922,
        "estimated_landing_time": 946.0,
        "wait_time": 0,
        "Landing_success_rate": 0.8674
    },
    {
        "model": 1,
        "sequence": 11,
        "status": 1,
        "fuel": 5783,
        "fault": 0.1818,
        "weapon": 1,
        "pilot_injury": 0.1821,
        "pilot_skill": 0.3764,
        "mission_priority": 0.8186,
        "estimated_landing_time": 1040.0,
        "wait_time": 0,
        "Landing_success_rate": 0.8674
    },
    {
        "model": 1,
        "sequence": 8,
        "status": 1,
        "fuel": 7405,
        "fault": 0.0539,
        "weapon": 0,
        "pilot_injury": 0.9045,
        "pilot_skill": 0.1511,
        "mission_priority": 0.0426,
        "estimated_landing_time": 758.0,
        "wait_time": 0,
        "Landing_success_rate": 0.9852
    }
]