[
    {
        "model": 1,
        "sequence": 5,
        "status": 1,
        "fuel": 5539,
        "fault": 0.6606,
        "weapon": 0,
        "pilot_injury": 0.0376,
        "pilot_skill": 0.0716,
        "mission_priority": 0.3061,
        "estimated_landing_time": 476.0,
        "wait_time": 0,
        "Landing_success_rate": 0.851
    },
    {
        "model": 0,
        "sequence": 2,
        "status": 1,
        "fuel": 5956,
        "fault": 0.5848,
        "weapon": 1,
        "pilot_injury": 0.0539,
        "pilot_skill": 0.9079,
        "mission_priority": 0.8708,
        "estimated_landing_time": 194.0,
        "wait_time": 0,
        "Landing_success_rate": 0.8642
    },
    {
        "model": 1,
        "sequence": 3,
        "status": 1,
        "fuel": 6917,
        "fault": 0.1392,
        "weapon": 0,
        "pilot_injury": 0.1055,
        "pilot_skill": 0.5591,
        "mission_priority": 0.6009,
        "estimated_landing_time": 288.0,
        "wait_time": 0,
        "Landing_success_rate": 0.9415
    },
    {
        "model": 2,
        "sequence": 1,
        "status": 1,
        "fuel": 5644,
        "fault": 0.543,
        "weapon": 0,
        "pilot_injury": 0.5315,
        "pilot_skill": 0.3056,
        "mission_priority": 0.9343,
        "estimated_landing_time": 100.0,
        "wait_time": 0,
        "Landing_success_rate": 0.8549
    },
    {
        "model": 1,
        "sequence": 6,
        "status": 1,
        "fuel": 5510,
        "fault": 0.025,
        "weapon": 1,
        "pilot_injury": 0.146,
        "pilot_skill": 0.6317,
        "mission_priority": 0.3267,
        "estimated_landing_time": 570.0,
        "wait_time": 0,
        "Landing_success_rate": 0.8507
    },
    {
        "model": 2,
        "sequence": 10,
        "status": 1,
        "fuel": 6450,
        "fault": 0.4877,
        "weapon": 0,
        "pilot_injury": 0.3079,
        "pilot_skill": 0.6258,
        "mission_priority": 0.1747,
        "estimated_landing_time": 946.0,
        "wait_time": 0,
        "Landing_success_rate": 0.8865
    },
    {
        "model": 1,
        "sequence": 12,
        "status": 1,
        "fuel": 7308,
        "fault": 0.4237,
        "weapon": 1,
        "pilot_injury": 0.4883,
        "pilot_skill": 0.6548,
        "mission_priority": 0.5436,
        "estimated_landing_time": 1134.0,
        "wait_time": 0,
        "Landing_success_rate": 0.9281
    },
    {
        "model": 2,
        "sequence": 9,
        "status": 1,
        "fuel": 6306,
        "fault": 0.4066,
        "weapon": 0,
        "pilot_injury": 0.9634,
        "pilot_skill": 0.459,
        "mission_priority": 0.3219,
        "estimated_landing_time": 852.0,
        "wait_time": 0,
        "Landing_success_rate": 0.8859
    },
    {
        "model": 0,
        "sequence": 7,
        "status": 1,
        "fuel": 5887,
        "fault": 0.0702,
        "weapon": 1,
        "pilot_injury": 0.6848,
        "pilot_skill": 0.2625,
        "mission_priority": 0.9589,
        "estimated_landing_time": 664.0,
        "wait_time": 0,
        "Landing_success_rate": 0.877
    },
    {
        "model": 2,
        "sequence": 8,
        "status": 1,
        "fuel": 6765,
        "fault": 0.594,
        "weapon": 1,
        "pilot_injury": 0.7355,
        "pilot_skill": 0.8701,
        "mission_priority": 0.1565,
        "estimated_landing_time": 758.0,
        "wait_time": 0,
        "Landing_success_rate": 0.8885
    },
    {
        "model": 1,
        "sequence": 4,
        "status": 1,
        "fuel": 7154,
        "fault": 0.9332,
        "weapon": 0,
        "pilot_injury": 0.9628,
        "pilot_skill": 0.8527,
        "mission_priority": 0.8777,
        "estimated_landing_time": 382.0,
        "wait_time": 0,
        "Landing_success_rate": 0.8583
    },
    {
        "model": 1,
        "sequence": 11,
        "status": 1,
        "fuel": 6032,
        "fault": 0.5546,
        "weapon": 1,
        "pilot_injury": 0.534,
        "pilot_skill": 0.5382,
        "mission_priority": 0.5626,
        "estimated_landing_time": 1040.0,
        "wait_time": 0,
        "Landing_success_rate": 0.8678
    }
]