[
    {
        "model": 0,
        "sequence": 4,
        "status": 1,
        "fuel": 7031,
        "fault": 0.9592,
        "weapon": 1,
        "pilot_injury": 0.612,
        "pilot_skill": 0.4227,
        "mission_priority": 0.0966,
        "estimated_landing_time": 382.0,
        "wait_time": 0,
        "Landing_success_rate": 0.8547
    },
    {
        "model": 2,
        "sequence": 3,
        "status": 1,
        "fuel": 7065,
        "fault": 0.7059,
        "weapon": 0,
        "pilot_injury": 0.9883,
        "pilot_skill": 0.9505,
        "mission_priority": 0.7353,
        "estimated_landing_time": 288.0,
        "wait_time": 0,
        "Landing_success_rate": 0.8845
    },
    {
        "model": 0,
        "sequence": 11,
        "status": 1,
        "fuel": 6416,
        "fault": 0.2072,
        "weapon": 1,
        "pilot_injury": 0.2799,
        "pilot_skill": 0.2532,
        "mission_priority": 0.072,
        "estimated_landing_time": 1040.0,
        "wait_time": 0,
        "Landing_success_rate": 0.9045
    },
    {
        "model": 0,
        "sequence": 10,
        "status": 1,
        "fuel": 7468,
        "fault": 0.0809,
        "weapon": 1,
        "pilot_injury": 0.8567,
        "pilot_skill": 0.7682,
        "mission_priority": 0.3759,
        "estimated_landing_time": 946.0,
        "wait_time": 0,
        "Landing_success_rate": 0.9857
    },
    {
        "model": 2,
        "sequence": 1,
        "status": 1,
        "fuel": 7336,
        "fault": 0.4818,
        "weapon": 1,
        "pilot_injury": 0.204,
        "pilot_skill": 0.4939,
        "mission_priority": 0.4579,
        "estimated_landing_time": 100.0,
        "wait_time": 0,
        "Landing_success_rate": 0.9214
    },
    {
        "model": 1,
        "sequence": 2,
        "status": 1,
        "fuel": 6505,
        "fault": 0.8418,
        "weapon": 1,
        "pilot_injury": 0.3774,
        "pilot_skill": 0.1604,
        "mission_priority": 0.8,
        "estimated_landing_time": 194.0,
        "wait_time": 0,
        "Landing_success_rate": 0.8619
    },
    {
        "model": 2,
        "sequence": 8,
        "status": 1,
        "fuel": 7413,
        "fault": 0.375,
        "weapon": 1,
        "pilot_injury": 0.7643,
        "pilot_skill": 0.9341,
        "mission_priority": 0.915,
        "estimated_landing_time": 758.0,
        "wait_time": 0,
        "Landing_success_rate": 0.9397
    },
    {
        "model": 2,
        "sequence": 5,
        "status": 1,
        "fuel": 6856,
        "fault": 0.1294,
        "weapon": 1,
        "pilot_injury": 0.0929,
        "pilot_skill": 0.961,
        "mission_priority": 0.2152,
        "estimated_landing_time": 476.0,
        "wait_time": 0,
        "Landing_success_rate": 0.9385
    },
    {
        "model": 1,
        "sequence": 6,
        "status": 1,
        "fuel": 7195,
        "fault": 0.9651,
        "weapon": 0,
        "pilot_injury": 0.9679,
        "pilot_skill": 0.6976,
        "mission_priority": 0.121,
        "estimated_landing_time": 570.0,
        "wait_time": 0,
        "Landing_success_rate": 0.8544
    },
    {
        "model": 2,
        "sequence": 7,
        "status": 1,
        "fuel": 5629,
        "fault": 0.1828,
        "weapon": 1,
        "pilot_injury": 0.5725,
        "pilot_skill": 0.1326,
        "mission_priority": 0.1719,
        "estimated_landing_time": 664.0,
        "wait_time": 0,
        "Landing_success_rate": 0.8579
    },
    {
        "model": 0,
        "sequence": 9,
        "status": 1,
        "fuel": 6422,
        "fault": 0.4007,
        "weapon": 0,
        "pilot_injury": 0.7058,
        "pilot_skill": 0.3731,
        "mission_priority": 0.5325,
        "estimated_landing_time": 852.0,
        "wait_time": 0,
        "Landing_success_rate": 0.8914
    },
    {
        "model": 1,
        "sequence": 12,
        "status": 1,
        "fuel": 7142,
        "fault": 0.5245,
        "weapon": 0,
        "pilot_injury": 0.6748,
        "pilot_skill": 0.1725,
        "mission_priority": 0.1217,
        "estimated_landing_time": 1134.0,
        "wait_time": 0,
        "Landing_success_rate": 0.9086
    }
]