[
    {
        "model": 2,
        "sequence": 1,
        "status": 1,
        "fuel": 6168,
        "fault": 0.301,
        "weapon": 0,
        "pilot_injury": 0.8186,
        "pilot_skill": 0.3271,
        "mission_priority": 0.3051,
        "estimated_landing_time": 100.0,
        "wait_time": 0,
        "Landing_success_rate": 0.885
    },
    {
        "model": 2,
        "sequence": 8,
        "status": 1,
        "fuel": 5783,
        "fault": 0.3423,
        "weapon": 1,
        "pilot_injury": 0.2934,
        "pilot_skill": 0.7136,
        "mission_priority": 0.3446,
        "estimated_landing_time": 758.0,
        "wait_time": 0,
        "Landing_success_rate": 0.864
    },
    {
        "model": 0,
        "sequence": 3,
        "status": 1,
        "fuel": 6044,
        "fault": 0.9027,
        "weapon": 1,
        "pilot_injury": 0.3016,
        "pilot_skill": 0.9305,
        "mission_priority": 0.3207,
        "estimated_landing_time": 288.0,
        "wait_time": 0,
        "Landing_success_rate": 0.854
    },
    {
        "model": 2,
        "sequence": 12,
        "status": 1,
        "fuel": 6184,
        "fault": 0.9298,
        "weapon": 1,
        "pilot_injury": 0.7832,
        "pilot_skill": 0.0611,
        "mission_priority": 0.6271,
        "estimated_landing_time": 1134.0,
        "wait_time": 0,
        "Landing_success_rate": 0.8536
    },
    {
        "model": 2,
        "sequence": 10,
        "status": 1,
        "fuel": 5935,
        "fault": 0.0352,
        "weapon": 0,
        "pilot_injury": 0.1053,
        "pilot_skill": 0.2448,
        "mission_priority": 0.6797,
        "estimated_landing_time": 946.0,
        "wait_time": 0,
        "Landing_success_rate": 0.8815
    },
    {
        "model": 2,
        "sequence": 5,
        "status": 1,
        "fuel": 6129,
        "fault": 0.4481,
        "weapon": 1,
        "pilot_injury": 0.5604,
        "pilot_skill": 0.2284,
        "mission_priority": 0.4122,
        "estimated_landing_time": 476.0,
        "wait_time": 0,
        "Landing_success_rate": 0.876
    },
    {
        "model": 1,
        "sequence": 6,
        "status": 1,
        "fuel": 6336,
        "fault": 0.8125,
        "weapon": 1,
        "pilot_injury": 0.9847,
        "pilot_skill": 0.8133,
        "mission_priority": 0.1922,
        "estimated_landing_time": 570.0,
        "wait_time": 0,
        "Landing_success_rate": 0.8618
    },
    {
        "model": 1,
        "sequence": 9,
        "status": 1,
        "fuel": 7182,
        "fault": 0.3079,
        "weapon": 1,
        "pilot_injury": 0.2469,
        "pilot_skill": 0.1722,
        "mission_priority": 0.3355,
        "estimated_landing_time": 852.0,
        "wait_time": 0,
        "Landing_success_rate": 0.9373
    },
    {
        "model": 1,
        "sequence": 7,
        "status": 1,
        "fuel": 5650,
        "fault": 0.6598,
        "weapon": 0,
        "pilot_injury": 0.9329,
        "pilot_skill": 0.2127,
        "mission_priority": 0.3642,
        "estimated_landing_time": 664.0,
        "wait_time": 0,
        "Landing_success_rate": 0.8538
    },
    {
        "model": 1,
        "sequence": 4,
        "status": 1,
        "fuel": 6000,
        "fault": 0.236,
        "weapon": 0,
        "pilot_injury": 0.1481,
        "pilot_skill": 0.9329,
        "mission_priority": 0.5263,
        "estimated_landing_time": 382.0,
        "wait_time": 0,
        "Landing_success_rate": 0.8786
    },
    {
        "model": 1,
        "sequence": 2,
        "status": 1,
        "fuel": 5820,
        "fault": 0.2041,
        "weapon": 0,
        "pilot_injury": 0.8675,
        "pilot_skill": 0.9484,
        "mission_priority": 0.3801,
        "estimated_landing_time": 194.0,
        "wait_time": 0,
        "Landing_success_rate": 0.8691
    },
    {
        "model": 2,
        "sequence": 11,
        "status": 1,
        "fuel": 7417,
        "fault": 0.4182,
        "weapon": 1,
        "pilot_injury": 0.368,
        "pilot_skill": 0.0283,
        "mission_priority": 0.7859,
        "estimated_landing_time": 1040.0,
        "wait_time": 0,
        "Landing_success_rate": 0.9336
    }
]