[
    {
        "model": 1,
        "sequence": 3,
        "status": 1,
        "fuel": 7141,
        "fault": 0.4598,
        "weapon": 0,
        "pilot_injury": 0.6645,
        "pilot_skill": 0.0633,
        "mission_priority": 0.0537,
        "estimated_landing_time": 288.0,
        "wait_time": 0,
        "Landing_success_rate": 0.9165
    },
    {
        "model": 2,
        "sequence": 6,
        "status": 1,
        "fuel": 7412,
        "fault": 0.0223,
        "weapon": 0,
        "pilot_injury": 0.5841,
        "pilot_skill": 0.6247,
        "mission_priority": 0.1645,
        "estimated_landing_time": 570.0,
        "wait_time": 0,
        "Landing_success_rate": 0.9902
    },
    {
        "model": 1,
        "sequence": 2,
        "status": 1,
        "fuel": 7306,
        "fault": 0.8975,
        "weapon": 0,
        "pilot_injury": 0.2854,
        "pilot_skill": 0.8778,
        "mission_priority": 0.081,
        "estimated_landing_time": 194.0,
        "wait_time": 0,
        "Landing_success_rate": 0.8639
    },
    {
        "model": 2,
        "sequence": 7,
        "status": 1,
        "fuel": 6586,
        "fault": 0.5215,
        "weapon": 0,
        "pilot_injury": 0.5831,
        "pilot_skill": 0.2301,
        "mission_priority": 0.3618,
        "estimated_landing_time": 664.0,
        "wait_time": 0,
        "Landing_success_rate": 0.889
    },
    {
        "model": 2,
        "sequence": 9,
        "status": 1,
        "fuel": 6858,
        "fault": 0.2452,
        "weapon": 1,
        "pilot_injury": 0.5944,
        "pilot_skill": 0.9359,
        "mission_priority": 0.4665,
        "estimated_landing_time": 852.0,
        "wait_time": 0,
        "Landing_success_rate": 0.9269
    },
    {
        "model": 2,
        "sequence": 8,
        "status": 1,
        "fuel": 6752,
        "fault": 0.0295,
        "weapon": 0,
        "pilot_injury": 0.9109,
        "pilot_skill": 0.3546,
        "mission_priority": 0.592,
        "estimated_landing_time": 758.0,
        "wait_time": 0,
        "Landing_success_rate": 0.9411
    },
    {
        "model": 0,
        "sequence": 12,
        "status": 1,
        "fuel": 6809,
        "fault": 0.0802,
        "weapon": 0,
        "pilot_injury": 0.0398,
        "pilot_skill": 0.5166,
        "mission_priority": 0.2912,
        "estimated_landing_time": 1134.0,
        "wait_time": 0,
        "Landing_success_rate": 0.9403
    },
    {
        "model": 1,
        "sequence": 4,
        "status": 1,
        "fuel": 6816,
        "fault": 0.5929,
        "weapon": 0,
        "pilot_injury": 0.0691,
        "pilot_skill": 0.8824,
        "mission_priority": 0.2769,
        "estimated_landing_time": 382.0,
        "wait_time": 0,
        "Landing_success_rate": 0.8902
    },
    {
        "model": 2,
        "sequence": 10,
        "status": 1,
        "fuel": 6794,
        "fault": 0.6367,
        "weapon": 1,
        "pilot_injury": 0.8398,
        "pilot_skill": 0.1707,
        "mission_priority": 0.0287,
        "estimated_landing_time": 946.0,
        "wait_time": 0,
        "Landing_success_rate": 0.8853
    },
    {
        "model": 1,
        "sequence": 5,
        "status": 1,
        "fuel": 6922,
        "fault": 0.3917,
        "weapon": 0,
        "pilot_injury": 0.2577,
        "pilot_skill": 0.0094,
        "mission_priority": 0.6459,
        "estimated_landing_time": 476.0,
        "wait_time": 0,
        "Landing_success_rate": 0.9149
    },
    {
        "model": 0,
        "sequence": 1,
        "status": 1,
        "fuel": 5631,
        "fault": 0.5041,
        "weapon": 1,
        "pilot_injury": 0.2985,
        "pilot_skill": 0.1895,
        "mission_priority": 0.6164,
        "estimated_landing_time": 100.0,
        "wait_time": 0,
        "Landing_success_rate": 0.8549
    },
    {
        "model": 0,
        "sequence": 11,
        "status": 1,
        "fuel": 7345,
        "fault": 0.7586,
        "weapon": 1,
        "pilot_injury": 0.8851,
        "pilot_skill": 0.5597,
        "mission_priority": 0.1501,
        "estimated_landing_time": 1040.0,
        "wait_time": 0,
        "Landing_success_rate": 0.8834
    }
]