[
    {
        "model": 1,
        "sequence": 7,
        "status": 1,
        "fuel": 6504,
        "fault": 0.5276,
        "weapon": 0,
        "pilot_injury": 0.5212,
        "pilot_skill": 0.1107,
        "mission_priority": 0.3859,
        "estimated_landing_time": 664.0,
        "wait_time": 0,
        "Landing_success_rate": 0.8856
    },
    {
        "model": 2,
        "sequence": 4,
        "status": 1,
        "fuel": 7053,
        "fault": 0.285,
        "weapon": 0,
        "pilot_injury": 0.6653,
        "pilot_skill": 0.9913,
        "mission_priority": 0.2548,
        "estimated_landing_time": 382.0,
        "wait_time": 0,
        "Landing_success_rate": 0.9333
    },
    {
        "model": 1,
        "sequence": 8,
        "status": 1,
        "fuel": 6917,
        "fault": 0.2316,
        "weapon": 0,
        "pilot_injury": 0.1842,
        "pilot_skill": 0.6101,
        "mission_priority": 0.7247,
        "estimated_landing_time": 758.0,
        "wait_time": 0,
        "Landing_success_rate": 0.9317
    },
    {
        "model": 2,
        "sequence": 5,
        "status": 1,
        "fuel": 6791,
        "fault": 0.5842,
        "weapon": 0,
        "pilot_injury": 0.7002,
        "pilot_skill": 0.1973,
        "mission_priority": 0.6489,
        "estimated_landing_time": 476.0,
        "wait_time": 0,
        "Landing_success_rate": 0.8903
    },
    {
        "model": 1,
        "sequence": 6,
        "status": 1,
        "fuel": 6230,
        "fault": 0.3821,
        "weapon": 0,
        "pilot_injury": 0.4961,
        "pilot_skill": 0.0481,
        "mission_priority": 0.787,
        "estimated_landing_time": 570.0,
        "wait_time": 0,
        "Landing_success_rate": 0.8838
    },
    {
        "model": 1,
        "sequence": 3,
        "status": 1,
        "fuel": 6508,
        "fault": 0.5728,
        "weapon": 1,
        "pilot_injury": 0.1261,
        "pilot_skill": 0.7213,
        "mission_priority": 0.4137,
        "estimated_landing_time": 288.0,
        "wait_time": 0,
        "Landing_success_rate": 0.8823
    },
    {
        "model": 0,
        "sequence": 9,
        "status": 1,
        "fuel": 6489,
        "fault": 0.7144,
        "weapon": 0,
        "pilot_injury": 0.3549,
        "pilot_skill": 0.2019,
        "mission_priority": 0.8159,
        "estimated_landing_time": 852.0,
        "wait_time": 0,
        "Landing_success_rate": 0.8712
    },
    {
        "model": 1,
        "sequence": 12,
        "status": 1,
        "fuel": 5829,
        "fault": 0.5475,
        "weapon": 1,
        "pilot_injury": 0.3735,
        "pilot_skill": 0.6857,
        "mission_priority": 0.6228,
        "estimated_landing_time": 1134.0,
        "wait_time": 0,
        "Landing_success_rate": 0.8612
    },
    {
        "model": 1,
        "sequence": 2,
        "status": 1,
        "fuel": 7046,
        "fault": 0.4349,
        "weapon": 0,
        "pilot_injury": 0.1391,
        "pilot_skill": 0.5496,
        "mission_priority": 0.5091,
        "estimated_landing_time": 194.0,
        "wait_time": 0,
        "Landing_success_rate": 0.9155
    },
    {
        "model": 0,
        "sequence": 1,
        "status": 1,
        "fuel": 5572,
        "fault": 0.0641,
        "weapon": 1,
        "pilot_injury": 0.5188,
        "pilot_skill": 0.3209,
        "mission_priority": 0.2932,
        "estimated_landing_time": 100.0,
        "wait_time": 0,
        "Landing_success_rate": 0.8551
    },
    {
        "model": 2,
        "sequence": 11,
        "status": 1,
        "fuel": 7163,
        "fault": 0.6164,
        "weapon": 1,
        "pilot_injury": 0.313,
        "pilot_skill": 0.6537,
        "mission_priority": 0.2088,
        "estimated_landing_time": 1040.0,
        "wait_time": 0,
        "Landing_success_rate": 0.8978
    },
    {
        "model": 2,
        "sequence": 10,
        "status": 1,
        "fuel": 6917,
        "fault": 0.9046,
        "weapon": 0,
        "pilot_injury": 0.8433,
        "pilot_skill": 0.35,
        "mission_priority": 0.2295,
        "estimated_landing_time": 946.0,
        "wait_time": 0,
        "Landing_success_rate": 0.8601
    }
]