[
    {
        "model": 0,
        "sequence": 10,
        "status": 1,
        "fuel": 6025,
        "fault": 0.2436,
        "weapon": 0,
        "pilot_injury": 0.916,
        "pilot_skill": 0.4526,
        "mission_priority": 0.6262,
        "estimated_landing_time": 946.0,
        "wait_time": 0,
        "Landing_success_rate": 0.8798
    },
    {
        "model": 1,
        "sequence": 2,
        "status": 1,
        "fuel": 6557,
        "fault": 0.6101,
        "weapon": 1,
        "pilot_injury": 0.6149,
        "pilot_skill": 0.2593,
        "mission_priority": 0.378,
        "estimated_landing_time": 194.0,
        "wait_time": 0,
        "Landing_success_rate": 0.8809
    },
    {
        "model": 0,
        "sequence": 4,
        "status": 1,
        "fuel": 7272,
        "fault": 0.9525,
        "weapon": 1,
        "pilot_injury": 0.3483,
        "pilot_skill": 0.6351,
        "mission_priority": 0.2134,
        "estimated_landing_time": 382.0,
        "wait_time": 0,
        "Landing_success_rate": 0.8563
    },
    {
        "model": 1,
        "sequence": 5,
        "status": 1,
        "fuel": 5751,
        "fault": 0.1952,
        "weapon": 1,
        "pilot_injury": 0.7623,
        "pilot_skill": 0.4621,
        "mission_priority": 0.3351,
        "estimated_landing_time": 476.0,
        "wait_time": 0,
        "Landing_success_rate": 0.8652
    },
    {
        "model": 0,
        "sequence": 3,
        "status": 1,
        "fuel": 7185,
        "fault": 0.1003,
        "weapon": 1,
        "pilot_injury": 0.7207,
        "pilot_skill": 0.6902,
        "mission_priority": 0.6902,
        "estimated_landing_time": 288.0,
        "wait_time": 0,
        "Landing_success_rate": 0.9637
    },
    {
        "model": 1,
        "sequence": 1,
        "status": 1,
        "fuel": 7241,
        "fault": 0.7753,
        "weapon": 0,
        "pilot_injury": 0.3016,
        "pilot_skill": 0.3534,
        "mission_priority": 0.3911,
        "estimated_landing_time": 100.0,
        "wait_time": 0,
        "Landing_success_rate": 0.8793
    },
    {
        "model": 0,
        "sequence": 9,
        "status": 1,
        "fuel": 6463,
        "fault": 0.2401,
        "weapon": 1,
        "pilot_injury": 0.0736,
        "pilot_skill": 0.6998,
        "mission_priority": 0.7302,
        "estimated_landing_time": 852.0,
        "wait_time": 0,
        "Landing_success_rate": 0.9049
    },
    {
        "model": 2,
        "sequence": 7,
        "status": 1,
        "fuel": 6947,
        "fault": 0.175,
        "weapon": 1,
        "pilot_injury": 0.7253,
        "pilot_skill": 0.3027,
        "mission_priority": 0.7456,
        "estimated_landing_time": 664.0,
        "wait_time": 0,
        "Landing_success_rate": 0.9395
    },
    {
        "model": 0,
        "sequence": 8,
        "status": 1,
        "fuel": 5516,
        "fault": 0.0147,
        "weapon": 0,
        "pilot_injury": 0.1634,
        "pilot_skill": 0.3158,
        "mission_priority": 0.4988,
        "estimated_landing_time": 758.0,
        "wait_time": 0,
        "Landing_success_rate": 0.8512
    },
    {
        "model": 1,
        "sequence": 6,
        "status": 1,
        "fuel": 6634,
        "fault": 0.048,
        "weapon": 1,
        "pilot_injury": 0.2107,
        "pilot_skill": 0.1442,
        "mission_priority": 0.304,
        "estimated_landing_time": 570.0,
        "wait_time": 0,
        "Landing_success_rate": 0.931
    },
    {
        "model": 1,
        "sequence": 11,
        "status": 1,
        "fuel": 7183,
        "fault": 0.539,
        "weapon": 0,
        "pilot_injury": 0.4574,
        "pilot_skill": 0.9158,
        "mission_priority": 0.9957,
        "estimated_landing_time": 1040.0,
        "wait_time": 0,
        "Landing_success_rate": 0.9082
    },
    {
        "model": 0,
        "sequence": 12,
        "status": 1,
        "fuel": 6300,
        "fault": 0.261,
        "weapon": 1,
        "pilot_injury": 0.6469,
        "pilot_skill": 0.8763,
        "mission_priority": 0.4333,
        "estimated_landing_time": 1134.0,
        "wait_time": 0,
        "Landing_success_rate": 0.8943
    }
]