[
    {
        "model": 2,
        "sequence": 6,
        "status": 1,
        "fuel": 6970,
        "fault": 0.199,
        "weapon": 1,
        "pilot_injury": 0.213,
        "pilot_skill": 0.2716,
        "mission_priority": 0.6191,
        "estimated_landing_time": 570.0,
        "wait_time": 0,
        "Landing_success_rate": 0.9383
    },
    {
        "model": 0,
        "sequence": 11,
        "status": 1,
        "fuel": 5916,
        "fault": 0.9464,
        "weapon": 1,
        "pilot_injury": 0.0086,
        "pilot_skill": 0.6519,
        "mission_priority": 0.6307,
        "estimated_landing_time": 1040.0,
        "wait_time": 0,
        "Landing_success_rate": 0.8517
    },
    {
        "model": 0,
        "sequence": 8,
        "status": 1,
        "fuel": 6627,
        "fault": 0.2918,
        "weapon": 0,
        "pilot_injury": 0.7974,
        "pilot_skill": 0.3439,
        "mission_priority": 0.23,
        "estimated_landing_time": 758.0,
        "wait_time": 0,
        "Landing_success_rate": 0.9099
    },
    {
        "model": 0,
        "sequence": 5,
        "status": 1,
        "fuel": 6957,
        "fault": 0.7942,
        "weapon": 0,
        "pilot_injury": 0.2141,
        "pilot_skill": 0.6076,
        "mission_priority": 0.8842,
        "estimated_landing_time": 476.0,
        "wait_time": 0,
        "Landing_success_rate": 0.8725
    },
    {
        "model": 0,
        "sequence": 3,
        "status": 1,
        "fuel": 6271,
        "fault": 0.9796,
        "weapon": 1,
        "pilot_injury": 0.7969,
        "pilot_skill": 0.748,
        "mission_priority": 0.3671,
        "estimated_landing_time": 288.0,
        "wait_time": 0,
        "Landing_success_rate": 0.8512
    },
    {
        "model": 1,
        "sequence": 10,
        "status": 1,
        "fuel": 6872,
        "fault": 0.196,
        "weapon": 1,
        "pilot_injury": 0.2455,
        "pilot_skill": 0.3663,
        "mission_priority": 0.1058,
        "estimated_landing_time": 946.0,
        "wait_time": 0,
        "Landing_success_rate": 0.9327
    },
    {
        "model": 0,
        "sequence": 4,
        "status": 1,
        "fuel": 6844,
        "fault": 0.9448,
        "weapon": 0,
        "pilot_injury": 0.1686,
        "pilot_skill": 0.4798,
        "mission_priority": 0.8653,
        "estimated_landing_time": 382.0,
        "wait_time": 0,
        "Landing_success_rate": 0.8556
    },
    {
        "model": 1,
        "sequence": 12,
        "status": 1,
        "fuel": 6939,
        "fault": 0.5561,
        "weapon": 0,
        "pilot_injury": 0.676,
        "pilot_skill": 0.6387,
        "mission_priority": 0.845,
        "estimated_landing_time": 1134.0,
        "wait_time": 0,
        "Landing_success_rate": 0.8979
    },
    {
        "model": 1,
        "sequence": 1,
        "status": 1,
        "fuel": 6016,
        "fault": 0.0791,
        "weapon": 0,
        "pilot_injury": 0.8292,
        "pilot_skill": 0.9379,
        "mission_priority": 0.7936,
        "estimated_landing_time": 100.0,
        "wait_time": 0,
        "Landing_success_rate": 0.8856
    },
    {
        "model": 1,
        "sequence": 2,
        "status": 1,
        "fuel": 6992,
        "fault": 0.5488,
        "weapon": 0,
        "pilot_injury": 0.3192,
        "pilot_skill": 0.3152,
        "mission_priority": 0.1092,
        "estimated_landing_time": 194.0,
        "wait_time": 0,
        "Landing_success_rate": 0.9005
    },
    {
        "model": 0,
        "sequence": 9,
        "status": 1,
        "fuel": 6741,
        "fault": 0.0402,
        "weapon": 0,
        "pilot_injury": 0.0525,
        "pilot_skill": 0.7754,
        "mission_priority": 0.9047,
        "estimated_landing_time": 852.0,
        "wait_time": 0,
        "Landing_success_rate": 0.9393
    },
    {
        "model": 0,
        "sequence": 7,
        "status": 1,
        "fuel": 7150,
        "fault": 0.6756,
        "weapon": 0,
        "pilot_injury": 0.5956,
        "pilot_skill": 0.8877,
        "mission_priority": 0.4967,
        "estimated_landing_time": 664.0,
        "wait_time": 0,
        "Landing_success_rate": 0.8901
    }
]