[
    {
        "model": 1,
        "sequence": 2,
        "status": 1,
        "fuel": 5559,
        "fault": 0.002,
        "weapon": 0,
        "pilot_injury": 0.1194,
        "pilot_skill": 0.2295,
        "mission_priority": 0.8905,
        "estimated_landing_time": 194.0,
        "wait_time": 0,
        "Landing_success_rate": 0.8544
    },
    {
        "model": 2,
        "sequence": 10,
        "status": 1,
        "fuel": 6399,
        "fault": 0.4949,
        "weapon": 0,
        "pilot_injury": 0.251,
        "pilot_skill": 0.0416,
        "mission_priority": 0.5004,
        "estimated_landing_time": 946.0,
        "wait_time": 0,
        "Landing_success_rate": 0.8841
    },
    {
        "model": 0,
        "sequence": 4,
        "status": 1,
        "fuel": 6546,
        "fault": 0.1678,
        "weapon": 0,
        "pilot_injury": 0.2529,
        "pilot_skill": 0.9099,
        "mission_priority": 0.4797,
        "estimated_landing_time": 382.0,
        "wait_time": 0,
        "Landing_success_rate": 0.9153
    },
    {
        "model": 2,
        "sequence": 7,
        "status": 1,
        "fuel": 6232,
        "fault": 0.9628,
        "weapon": 1,
        "pilot_injury": 0.4851,
        "pilot_skill": 0.5463,
        "mission_priority": 0.0799,
        "estimated_landing_time": 664.0,
        "wait_time": 0,
        "Landing_success_rate": 0.852
    },
    {
        "model": 0,
        "sequence": 6,
        "status": 1,
        "fuel": 7221,
        "fault": 0.2122,
        "weapon": 0,
        "pilot_injury": 0.8013,
        "pilot_skill": 0.584,
        "mission_priority": 0.6635,
        "estimated_landing_time": 570.0,
        "wait_time": 0,
        "Landing_success_rate": 0.9517
    },
    {
        "model": 2,
        "sequence": 8,
        "status": 1,
        "fuel": 7229,
        "fault": 0.829,
        "weapon": 1,
        "pilot_injury": 0.9782,
        "pilot_skill": 0.6477,
        "mission_priority": 0.3416,
        "estimated_landing_time": 758.0,
        "wait_time": 0,
        "Landing_success_rate": 0.8722
    },
    {
        "model": 2,
        "sequence": 9,
        "status": 1,
        "fuel": 7113,
        "fault": 0.9429,
        "weapon": 1,
        "pilot_injury": 0.185,
        "pilot_skill": 0.8062,
        "mission_priority": 0.4653,
        "estimated_landing_time": 852.0,
        "wait_time": 0,
        "Landing_success_rate": 0.8569
    },
    {
        "model": 1,
        "sequence": 3,
        "status": 1,
        "fuel": 6849,
        "fault": 0.0071,
        "weapon": 1,
        "pilot_injury": 0.148,
        "pilot_skill": 0.4663,
        "mission_priority": 0.0358,
        "estimated_landing_time": 288.0,
        "wait_time": 0,
        "Landing_success_rate": 0.9505
    },
    {
        "model": 1,
        "sequence": 11,
        "status": 1,
        "fuel": 5516,
        "fault": 0.419,
        "weapon": 0,
        "pilot_injury": 0.0873,
        "pilot_skill": 0.8448,
        "mission_priority": 0.443,
        "estimated_landing_time": 1040.0,
        "wait_time": 0,
        "Landing_success_rate": 0.8507
    },
    {
        "model": 2,
        "sequence": 5,
        "status": 1,
        "fuel": 6677,
        "fault": 0.3002,
        "weapon": 1,
        "pilot_injury": 0.5193,
        "pilot_skill": 0.4109,
        "mission_priority": 0.9054,
        "estimated_landing_time": 476.0,
        "wait_time": 0,
        "Landing_success_rate": 0.9118
    },
    {
        "model": 2,
        "sequence": 12,
        "status": 1,
        "fuel": 6187,
        "fault": 0.7434,
        "weapon": 0,
        "pilot_injury": 0.5708,
        "pilot_skill": 0.0887,
        "mission_priority": 0.2447,
        "estimated_landing_time": 1134.0,
        "wait_time": 0,
        "Landing_success_rate": 0.8632
    },
    {
        "model": 1,
        "sequence": 1,
        "status": 1,
        "fuel": 6413,
        "fault": 0.5341,
        "weapon": 1,
        "pilot_injury": 0.8921,
        "pilot_skill": 0.166,
        "mission_priority": 0.2053,
        "estimated_landing_time": 100.0,
        "wait_time": 0,
        "Landing_success_rate": 0.8819
    }
]