[
    {
        "model": 0,
        "sequence": 1,
        "status": 1,
        "fuel": 6768,
        "fault": 0.4935,
        "weapon": 1,
        "pilot_injury": 0.2389,
        "pilot_skill": 0.5107,
        "mission_priority": 0.681,
        "estimated_landing_time": 100.0,
        "wait_time": 0,
        "Landing_success_rate": 0.8982
    },
    {
        "model": 0,
        "sequence": 12,
        "status": 1,
        "fuel": 6749,
        "fault": 0.5584,
        "weapon": 1,
        "pilot_injury": 0.018,
        "pilot_skill": 0.3279,
        "mission_priority": 0.1502,
        "estimated_landing_time": 1134.0,
        "wait_time": 0,
        "Landing_success_rate": 0.8914
    },
    {
        "model": 2,
        "sequence": 6,
        "status": 1,
        "fuel": 6876,
        "fault": 0.9439,
        "weapon": 0,
        "pilot_injury": 0.3943,
        "pilot_skill": 0.7121,
        "mission_priority": 0.8154,
        "estimated_landing_time": 570.0,
        "wait_time": 0,
        "Landing_success_rate": 0.8558
    },
    {
        "model": 1,
        "sequence": 2,
        "status": 1,
        "fuel": 5707,
        "fault": 0.0553,
        "weapon": 0,
        "pilot_injury": 0.2709,
        "pilot_skill": 0.419,
        "mission_priority": 0.3646,
        "estimated_landing_time": 194.0,
        "wait_time": 0,
        "Landing_success_rate": 0.8647
    },
    {
        "model": 2,
        "sequence": 7,
        "status": 1,
        "fuel": 7084,
        "fault": 0.2828,
        "weapon": 1,
        "pilot_injury": 0.9133,
        "pilot_skill": 0.0298,
        "mission_priority": 0.44,
        "estimated_landing_time": 664.0,
        "wait_time": 0,
        "Landing_success_rate": 0.9352
    },
    {
        "model": 1,
        "sequence": 10,
        "status": 1,
        "fuel": 5875,
        "fault": 0.4333,
        "weapon": 1,
        "pilot_injury": 0.3554,
        "pilot_skill": 0.1461,
        "mission_priority": 0.9639,
        "estimated_landing_time": 946.0,
        "wait_time": 0,
        "Landing_success_rate": 0.8659
    },
    {
        "model": 2,
        "sequence": 9,
        "status": 1,
        "fuel": 6562,
        "fault": 0.7136,
        "weapon": 1,
        "pilot_injury": 0.8801,
        "pilot_skill": 0.0252,
        "mission_priority": 0.7252,
        "estimated_landing_time": 852.0,
        "wait_time": 0,
        "Landing_success_rate": 0.8728
    },
    {
        "model": 0,
        "sequence": 5,
        "status": 1,
        "fuel": 6731,
        "fault": 0.9562,
        "weapon": 0,
        "pilot_injury": 0.4147,
        "pilot_skill": 0.8744,
        "mission_priority": 0.5542,
        "estimated_landing_time": 476.0,
        "wait_time": 0,
        "Landing_success_rate": 0.854
    },
    {
        "model": 1,
        "sequence": 3,
        "status": 1,
        "fuel": 6237,
        "fault": 0.7265,
        "weapon": 1,
        "pilot_injury": 0.0383,
        "pilot_skill": 0.2131,
        "mission_priority": 0.0788,
        "estimated_landing_time": 288.0,
        "wait_time": 0,
        "Landing_success_rate": 0.8651
    },
    {
        "model": 1,
        "sequence": 8,
        "status": 1,
        "fuel": 6442,
        "fault": 0.0725,
        "weapon": 1,
        "pilot_injury": 0.4212,
        "pilot_skill": 0.1787,
        "mission_priority": 0.8557,
        "estimated_landing_time": 758.0,
        "wait_time": 0,
        "Landing_success_rate": 0.9155
    },
    {
        "model": 0,
        "sequence": 4,
        "status": 1,
        "fuel": 6991,
        "fault": 0.2034,
        "weapon": 0,
        "pilot_injury": 0.489,
        "pilot_skill": 0.2559,
        "mission_priority": 0.475,
        "estimated_landing_time": 382.0,
        "wait_time": 0,
        "Landing_success_rate": 0.9391
    },
    {
        "model": 2,
        "sequence": 11,
        "status": 1,
        "fuel": 6040,
        "fault": 0.5336,
        "weapon": 1,
        "pilot_injury": 0.0817,
        "pilot_skill": 0.7085,
        "mission_priority": 0.7427,
        "estimated_landing_time": 1040.0,
        "wait_time": 0,
        "Landing_success_rate": 0.8689
    }
]