[
    {
        "model": 0,
        "sequence": 8,
        "status": 1,
        "fuel": 5690,
        "fault": 0.3958,
        "weapon": 0,
        "pilot_injury": 0.0159,
        "pilot_skill": 0.4737,
        "mission_priority": 0.0024,
        "estimated_landing_time": 758.0,
        "wait_time": 0,
        "Landing_success_rate": 0.8586
    },
    {
        "model": 2,
        "sequence": 3,
        "status": 1,
        "fuel": 6363,
        "fault": 0.6321,
        "weapon": 1,
        "pilot_injury": 0.1098,
        "pilot_skill": 0.813,
        "mission_priority": 0.5364,
        "estimated_landing_time": 288.0,
        "wait_time": 0,
        "Landing_success_rate": 0.8738
    },
    {
        "model": 1,
        "sequence": 7,
        "status": 1,
        "fuel": 7447,
        "fault": 0.7474,
        "weapon": 0,
        "pilot_injury": 0.8221,
        "pilot_skill": 0.3555,
        "mission_priority": 0.8211,
        "estimated_landing_time": 664.0,
        "wait_time": 0,
        "Landing_success_rate": 0.8869
    },
    {
        "model": 2,
        "sequence": 11,
        "status": 1,
        "fuel": 5709,
        "fault": 0.7908,
        "weapon": 0,
        "pilot_injury": 0.7646,
        "pilot_skill": 0.6417,
        "mission_priority": 0.3068,
        "estimated_landing_time": 1040.0,
        "wait_time": 0,
        "Landing_success_rate": 0.8533
    },
    {
        "model": 0,
        "sequence": 2,
        "status": 1,
        "fuel": 6956,
        "fault": 0.7086,
        "weapon": 0,
        "pilot_injury": 0.8498,
        "pilot_skill": 0.6957,
        "mission_priority": 0.1211,
        "estimated_landing_time": 194.0,
        "wait_time": 0,
        "Landing_success_rate": 0.8818
    },
    {
        "model": 1,
        "sequence": 6,
        "status": 1,
        "fuel": 7244,
        "fault": 0.3125,
        "weapon": 0,
        "pilot_injury": 0.6189,
        "pilot_skill": 0.5288,
        "mission_priority": 0.3663,
        "estimated_landing_time": 570.0,
        "wait_time": 0,
        "Landing_success_rate": 0.9399
    },
    {
        "model": 2,
        "sequence": 9,
        "status": 1,
        "fuel": 6808,
        "fault": 0.1168,
        "weapon": 1,
        "pilot_injury": 0.7533,
        "pilot_skill": 0.7252,
        "mission_priority": 0.1925,
        "estimated_landing_time": 852.0,
        "wait_time": 0,
        "Landing_success_rate": 0.9366
    },
    {
        "model": 0,
        "sequence": 4,
        "status": 1,
        "fuel": 5746,
        "fault": 0.997,
        "weapon": 1,
        "pilot_injury": 0.7574,
        "pilot_skill": 0.2109,
        "mission_priority": 0.4873,
        "estimated_landing_time": 382.0,
        "wait_time": 0,
        "Landing_success_rate": 0.8501
    },
    {
        "model": 1,
        "sequence": 10,
        "status": 1,
        "fuel": 6027,
        "fault": 0.799,
        "weapon": 0,
        "pilot_injury": 0.8881,
        "pilot_skill": 0.2826,
        "mission_priority": 0.2243,
        "estimated_landing_time": 946.0,
        "wait_time": 0,
        "Landing_success_rate": 0.8579
    },
    {
        "model": 0,
        "sequence": 12,
        "status": 1,
        "fuel": 7002,
        "fault": 0.4825,
        "weapon": 1,
        "pilot_injury": 0.6655,
        "pilot_skill": 0.9527,
        "mission_priority": 0.8966,
        "estimated_landing_time": 1134.0,
        "wait_time": 0,
        "Landing_success_rate": 0.9083
    },
    {
        "model": 2,
        "sequence": 1,
        "status": 1,
        "fuel": 7145,
        "fault": 0.477,
        "weapon": 0,
        "pilot_injury": 0.5291,
        "pilot_skill": 0.3467,
        "mission_priority": 0.1444,
        "estimated_landing_time": 100.0,
        "wait_time": 0,
        "Landing_success_rate": 0.9145
    },
    {
        "model": 2,
        "sequence": 5,
        "status": 1,
        "fuel": 7174,
        "fault": 0.3297,
        "weapon": 1,
        "pilot_injury": 0.6096,
        "pilot_skill": 0.5944,
        "mission_priority": 0.3348,
        "estimated_landing_time": 476.0,
        "wait_time": 0,
        "Landing_success_rate": 0.9342
    }
]