[
    {
        "model": 1,
        "sequence": 7,
        "status": 1,
        "fuel": 6210,
        "fault": 0.7677,
        "weapon": 1,
        "pilot_injury": 0.2121,
        "pilot_skill": 0.3783,
        "mission_priority": 0.9835,
        "estimated_landing_time": 664.0,
        "wait_time": 0,
        "Landing_success_rate": 0.8624
    },
    {
        "model": 1,
        "sequence": 1,
        "status": 1,
        "fuel": 5884,
        "fault": 0.0554,
        "weapon": 0,
        "pilot_injury": 0.6054,
        "pilot_skill": 0.2467,
        "mission_priority": 0.6108,
        "estimated_landing_time": 100.0,
        "wait_time": 0,
        "Landing_success_rate": 0.8772
    },
    {
        "model": 1,
        "sequence": 10,
        "status": 1,
        "fuel": 7062,
        "fault": 0.9719,
        "weapon": 1,
        "pilot_injury": 0.7333,
        "pilot_skill": 0.4533,
        "mission_priority": 0.5241,
        "estimated_landing_time": 946.0,
        "wait_time": 0,
        "Landing_success_rate": 0.8533
    },
    {
        "model": 1,
        "sequence": 12,
        "status": 1,
        "fuel": 5688,
        "fault": 0.8599,
        "weapon": 1,
        "pilot_injury": 0.6595,
        "pilot_skill": 0.9775,
        "mission_priority": 0.8198,
        "estimated_landing_time": 1134.0,
        "wait_time": 0,
        "Landing_success_rate": 0.852
    },
    {
        "model": 0,
        "sequence": 11,
        "status": 1,
        "fuel": 5630,
        "fault": 0.9545,
        "weapon": 1,
        "pilot_injury": 0.2812,
        "pilot_skill": 0.432,
        "mission_priority": 0.5645,
        "estimated_landing_time": 1040.0,
        "wait_time": 0,
        "Landing_success_rate": 0.8504
    },
    {
        "model": 0,
        "sequence": 8,
        "status": 1,
        "fuel": 6304,
        "fault": 0.1197,
        "weapon": 1,
        "pilot_injury": 0.0271,
        "pilot_skill": 0.2092,
        "mission_priority": 0.8817,
        "estimated_landing_time": 758.0,
        "wait_time": 0,
        "Landing_success_rate": 0.9031
    },
    {
        "model": 2,
        "sequence": 9,
        "status": 1,
        "fuel": 7490,
        "fault": 0.2035,
        "weapon": 1,
        "pilot_injury": 0.3513,
        "pilot_skill": 0.7507,
        "mission_priority": 0.5602,
        "estimated_landing_time": 852.0,
        "wait_time": 0,
        "Landing_success_rate": 0.9689
    },
    {
        "model": 1,
        "sequence": 2,
        "status": 1,
        "fuel": 5825,
        "fault": 0.3453,
        "weapon": 0,
        "pilot_injury": 0.8721,
        "pilot_skill": 0.2829,
        "mission_priority": 0.2455,
        "estimated_landing_time": 194.0,
        "wait_time": 0,
        "Landing_success_rate": 0.866
    },
    {
        "model": 2,
        "sequence": 5,
        "status": 1,
        "fuel": 6606,
        "fault": 0.7804,
        "weapon": 0,
        "pilot_injury": 0.3843,
        "pilot_skill": 0.3557,
        "mission_priority": 0.1601,
        "estimated_landing_time": 476.0,
        "wait_time": 0,
        "Landing_success_rate": 0.8682
    },
    {
        "model": 1,
        "sequence": 6,
        "status": 1,
        "fuel": 6785,
        "fault": 0.4069,
        "weapon": 0,
        "pilot_injury": 0.9819,
        "pilot_skill": 0.8997,
        "mission_priority": 0.1948,
        "estimated_landing_time": 570.0,
        "wait_time": 0,
        "Landing_success_rate": 0.9072
    },
    {
        "model": 1,
        "sequence": 4,
        "status": 1,
        "fuel": 7496,
        "fault": 0.3336,
        "weapon": 1,
        "pilot_injury": 0.819,
        "pilot_skill": 0.8856,
        "mission_priority": 0.624,
        "estimated_landing_time": 382.0,
        "wait_time": 0,
        "Landing_success_rate": 0.9498
    },
    {
        "model": 1,
        "sequence": 3,
        "status": 1,
        "fuel": 7058,
        "fault": 0.9208,
        "weapon": 0,
        "pilot_injury": 0.8848,
        "pilot_skill": 0.7141,
        "mission_priority": 0.8701,
        "estimated_landing_time": 288.0,
        "wait_time": 0,
        "Landing_success_rate": 0.8593
    }
]