[
    {
        "model": 0,
        "sequence": 1,
        "status": 1,
        "fuel": 5757,
        "fault": 0.0914,
        "weapon": 0,
        "pilot_injury": 0.441,
        "pilot_skill": 0.9529,
        "mission_priority": 0.4587,
        "estimated_landing_time": 100.0,
        "wait_time": 0,
        "Landing_success_rate": 0.8675
    },
    {
        "model": 2,
        "sequence": 10,
        "status": 1,
        "fuel": 7160,
        "fault": 0.6951,
        "weapon": 0,
        "pilot_injury": 0.7226,
        "pilot_skill": 0.6196,
        "mission_priority": 0.417,
        "estimated_landing_time": 946.0,
        "wait_time": 0,
        "Landing_success_rate": 0.888
    },
    {
        "model": 2,
        "sequence": 7,
        "status": 1,
        "fuel": 6968,
        "fault": 0.2524,
        "weapon": 1,
        "pilot_injury": 0.0098,
        "pilot_skill": 0.5878,
        "mission_priority": 0.866,
        "estimated_landing_time": 664.0,
        "wait_time": 0,
        "Landing_success_rate": 0.9323
    },
    {
        "model": 2,
        "sequence": 5,
        "status": 1,
        "fuel": 6025,
        "fault": 0.8908,
        "weapon": 1,
        "pilot_injury": 0.8951,
        "pilot_skill": 0.751,
        "mission_priority": 0.717,
        "estimated_landing_time": 476.0,
        "wait_time": 0,
        "Landing_success_rate": 0.8543
    },
    {
        "model": 1,
        "sequence": 9,
        "status": 1,
        "fuel": 7088,
        "fault": 0.6362,
        "weapon": 0,
        "pilot_injury": 0.8154,
        "pilot_skill": 0.0864,
        "mission_priority": 0.239,
        "estimated_landing_time": 852.0,
        "wait_time": 0,
        "Landing_success_rate": 0.8933
    },
    {
        "model": 0,
        "sequence": 11,
        "status": 1,
        "fuel": 5508,
        "fault": 0.6352,
        "weapon": 1,
        "pilot_injury": 0.3032,
        "pilot_skill": 0.0933,
        "mission_priority": 0.3111,
        "estimated_landing_time": 1040.0,
        "wait_time": 0,
        "Landing_success_rate": 0.8502
    },
    {
        "model": 2,
        "sequence": 2,
        "status": 1,
        "fuel": 6277,
        "fault": 0.8392,
        "weapon": 1,
        "pilot_injury": 0.9129,
        "pilot_skill": 0.3789,
        "mission_priority": 0.3725,
        "estimated_landing_time": 194.0,
        "wait_time": 0,
        "Landing_success_rate": 0.8594
    },
    {
        "model": 2,
        "sequence": 6,
        "status": 1,
        "fuel": 6274,
        "fault": 0.7145,
        "weapon": 1,
        "pilot_injury": 0.6662,
        "pilot_skill": 0.3583,
        "mission_priority": 0.0203,
        "estimated_landing_time": 570.0,
        "wait_time": 0,
        "Landing_success_rate": 0.8666
    },
    {
        "model": 2,
        "sequence": 3,
        "status": 1,
        "fuel": 6156,
        "fault": 0.4404,
        "weapon": 0,
        "pilot_injury": 0.0288,
        "pilot_skill": 0.4708,
        "mission_priority": 0.206,
        "estimated_landing_time": 288.0,
        "wait_time": 0,
        "Landing_success_rate": 0.8775
    },
    {
        "model": 0,
        "sequence": 12,
        "status": 1,
        "fuel": 6322,
        "fault": 0.7584,
        "weapon": 0,
        "pilot_injury": 0.6037,
        "pilot_skill": 0.9909,
        "mission_priority": 0.5472,
        "estimated_landing_time": 1134.0,
        "wait_time": 0,
        "Landing_success_rate": 0.8649
    },
    {
        "model": 1,
        "sequence": 8,
        "status": 1,
        "fuel": 5654,
        "fault": 0.2178,
        "weapon": 0,
        "pilot_injury": 0.374,
        "pilot_skill": 0.1665,
        "mission_priority": 0.2828,
        "estimated_landing_time": 758.0,
        "wait_time": 0,
        "Landing_success_rate": 0.859
    },
    {
        "model": 1,
        "sequence": 4,
        "status": 1,
        "fuel": 5941,
        "fault": 0.7926,
        "weapon": 1,
        "pilot_injury": 0.0046,
        "pilot_skill": 0.8534,
        "mission_priority": 0.0761,
        "estimated_landing_time": 382.0,
        "wait_time": 0,
        "Landing_success_rate": 0.8569
    }
]