[
    {
        "model": 1,
        "sequence": 12,
        "status": 1,
        "fuel": 5538,
        "fault": 0.1057,
        "weapon": 0,
        "pilot_injury": 0.7556,
        "pilot_skill": 0.6273,
        "mission_priority": 0.5284,
        "estimated_landing_time": 1134.0,
        "wait_time": 0,
        "Landing_success_rate": 0.8525
    },
    {
        "model": 1,
        "sequence": 6,
        "status": 1,
        "fuel": 5735,
        "fault": 0.9897,
        "weapon": 0,
        "pilot_injury": 0.1896,
        "pilot_skill": 0.0365,
        "mission_priority": 0.6982,
        "estimated_landing_time": 570.0,
        "wait_time": 0,
        "Landing_success_rate": 0.8502
    },
    {
        "model": 2,
        "sequence": 3,
        "status": 1,
        "fuel": 5551,
        "fault": 0.6386,
        "weapon": 0,
        "pilot_injury": 0.7707,
        "pilot_skill": 0.6022,
        "mission_priority": 0.3139,
        "estimated_landing_time": 288.0,
        "wait_time": 0,
        "Landing_success_rate": 0.8514
    },
    {
        "model": 2,
        "sequence": 1,
        "status": 1,
        "fuel": 5697,
        "fault": 0.032,
        "weapon": 1,
        "pilot_injury": 0.2911,
        "pilot_skill": 0.9451,
        "mission_priority": 0.1619,
        "estimated_landing_time": 100.0,
        "wait_time": 0,
        "Landing_success_rate": 0.8643
    },
    {
        "model": 2,
        "sequence": 4,
        "status": 1,
        "fuel": 6004,
        "fault": 0.1594,
        "weapon": 0,
        "pilot_injury": 0.9518,
        "pilot_skill": 0.5494,
        "mission_priority": 0.5349,
        "estimated_landing_time": 382.0,
        "wait_time": 0,
        "Landing_success_rate": 0.8818
    },
    {
        "model": 0,
        "sequence": 2,
        "status": 1,
        "fuel": 6210,
        "fault": 0.7366,
        "weapon": 1,
        "pilot_injury": 0.7636,
        "pilot_skill": 0.7891,
        "mission_priority": 0.4932,
        "estimated_landing_time": 194.0,
        "wait_time": 0,
        "Landing_success_rate": 0.864
    },
    {
        "model": 0,
        "sequence": 5,
        "status": 1,
        "fuel": 5780,
        "fault": 0.7822,
        "weapon": 1,
        "pilot_injury": 0.643,
        "pilot_skill": 0.3962,
        "mission_priority": 0.6068,
        "estimated_landing_time": 476.0,
        "wait_time": 0,
        "Landing_success_rate": 0.8546
    },
    {
        "model": 1,
        "sequence": 11,
        "status": 1,
        "fuel": 6357,
        "fault": 0.6937,
        "weapon": 0,
        "pilot_injury": 0.2347,
        "pilot_skill": 0.719,
        "mission_priority": 0.909,
        "estimated_landing_time": 1040.0,
        "wait_time": 0,
        "Landing_success_rate": 0.8697
    },
    {
        "model": 2,
        "sequence": 9,
        "status": 1,
        "fuel": 7462,
        "fault": 0.0,
        "weapon": 1,
        "pilot_injury": 0.5379,
        "pilot_skill": 0.8354,
        "mission_priority": 0.591,
        "estimated_landing_time": 852.0,
        "wait_time": 0,
        "Landing_success_rate": 0.9971
    },
    {
        "model": 2,
        "sequence": 8,
        "status": 1,
        "fuel": 6206,
        "fault": 0.0767,
        "weapon": 0,
        "pilot_injury": 0.3304,
        "pilot_skill": 0.2422,
        "mission_priority": 0.1957,
        "estimated_landing_time": 758.0,
        "wait_time": 0,
        "Landing_success_rate": 0.8989
    },
    {
        "model": 1,
        "sequence": 7,
        "status": 1,
        "fuel": 6983,
        "fault": 0.346,
        "weapon": 0,
        "pilot_injury": 0.7348,
        "pilot_skill": 0.3079,
        "mission_priority": 0.4608,
        "estimated_landing_time": 664.0,
        "wait_time": 0,
        "Landing_success_rate": 0.9227
    },
    {
        "model": 1,
        "sequence": 10,
        "status": 1,
        "fuel": 7063,
        "fault": 0.9998,
        "weapon": 0,
        "pilot_injury": 0.3489,
        "pilot_skill": 0.2982,
        "mission_priority": 0.4493,
        "estimated_landing_time": 946.0,
        "wait_time": 0,
        "Landing_success_rate": 0.85
    }
]