[
    {
        "model": 0,
        "sequence": 3,
        "status": 1,
        "fuel": 7485,
        "fault": 0.4897,
        "weapon": 0,
        "pilot_injury": 0.215,
        "pilot_skill": 0.5718,
        "mission_priority": 0.6896,
        "estimated_landing_time": 288.0,
        "wait_time": 0,
        "Landing_success_rate": 0.926
    },
    {
        "model": 2,
        "sequence": 7,
        "status": 1,
        "fuel": 7101,
        "fault": 0.5118,
        "weapon": 1,
        "pilot_injury": 0.9606,
        "pilot_skill": 0.5694,
        "mission_priority": 0.4566,
        "estimated_landing_time": 664.0,
        "wait_time": 0,
        "Landing_success_rate": 0.9086
    },
    {
        "model": 2,
        "sequence": 10,
        "status": 1,
        "fuel": 6323,
        "fault": 0.7965,
        "weapon": 1,
        "pilot_injury": 0.129,
        "pilot_skill": 0.8457,
        "mission_priority": 0.732,
        "estimated_landing_time": 946.0,
        "wait_time": 0,
        "Landing_success_rate": 0.8626
    },
    {
        "model": 0,
        "sequence": 12,
        "status": 1,
        "fuel": 7369,
        "fault": 0.1704,
        "weapon": 1,
        "pilot_injury": 0.3515,
        "pilot_skill": 0.6338,
        "mission_priority": 0.6343,
        "estimated_landing_time": 1134.0,
        "wait_time": 0,
        "Landing_success_rate": 0.9663
    },
    {
        "model": 1,
        "sequence": 5,
        "status": 1,
        "fuel": 6110,
        "fault": 0.2849,
        "weapon": 0,
        "pilot_injury": 0.9965,
        "pilot_skill": 0.9576,
        "mission_priority": 0.3828,
        "estimated_landing_time": 476.0,
        "wait_time": 0,
        "Landing_success_rate": 0.8827
    },
    {
        "model": 2,
        "sequence": 9,
        "status": 1,
        "fuel": 6423,
        "fault": 0.0922,
        "weapon": 1,
        "pilot_injury": 0.4948,
        "pilot_skill": 0.8055,
        "mission_priority": 0.723,
        "estimated_landing_time": 852.0,
        "wait_time": 0,
        "Landing_success_rate": 0.9128
    },
    {
        "model": 1,
        "sequence": 1,
        "status": 1,
        "fuel": 6276,
        "fault": 0.8043,
        "weapon": 0,
        "pilot_injury": 0.2469,
        "pilot_skill": 0.0241,
        "mission_priority": 0.6262,
        "estimated_landing_time": 100.0,
        "wait_time": 0,
        "Landing_success_rate": 0.8614
    },
    {
        "model": 1,
        "sequence": 11,
        "status": 1,
        "fuel": 7495,
        "fault": 0.5778,
        "weapon": 0,
        "pilot_injury": 0.4762,
        "pilot_skill": 0.9276,
        "mission_priority": 0.2024,
        "estimated_landing_time": 1040.0,
        "wait_time": 0,
        "Landing_success_rate": 0.9132
    },
    {
        "model": 2,
        "sequence": 8,
        "status": 1,
        "fuel": 5744,
        "fault": 0.0214,
        "weapon": 1,
        "pilot_injury": 0.1881,
        "pilot_skill": 0.9534,
        "mission_priority": 0.8177,
        "estimated_landing_time": 758.0,
        "wait_time": 0,
        "Landing_success_rate": 0.8679
    },
    {
        "model": 0,
        "sequence": 4,
        "status": 1,
        "fuel": 5856,
        "fault": 0.291,
        "weapon": 1,
        "pilot_injury": 0.2051,
        "pilot_skill": 0.1471,
        "mission_priority": 0.6974,
        "estimated_landing_time": 382.0,
        "wait_time": 0,
        "Landing_success_rate": 0.8689
    },
    {
        "model": 0,
        "sequence": 2,
        "status": 1,
        "fuel": 5677,
        "fault": 0.8663,
        "weapon": 0,
        "pilot_injury": 0.1895,
        "pilot_skill": 0.2776,
        "mission_priority": 0.3561,
        "estimated_landing_time": 194.0,
        "wait_time": 0,
        "Landing_success_rate": 0.8518
    },
    {
        "model": 0,
        "sequence": 6,
        "status": 1,
        "fuel": 6690,
        "fault": 0.4757,
        "weapon": 1,
        "pilot_injury": 0.184,
        "pilot_skill": 0.3415,
        "mission_priority": 0.2802,
        "estimated_landing_time": 570.0,
        "wait_time": 0,
        "Landing_success_rate": 0.8968
    }
]