[
    {
        "model": 1,
        "sequence": 6,
        "status": 1,
        "fuel": 7078,
        "fault": 0.2881,
        "weapon": 0,
        "pilot_injury": 0.6753,
        "pilot_skill": 0.1185,
        "mission_priority": 0.6922,
        "estimated_landing_time": 570.0,
        "wait_time": 0,
        "Landing_success_rate": 0.9343
    },
    {
        "model": 2,
        "sequence": 4,
        "status": 1,
        "fuel": 6028,
        "fault": 0.0203,
        "weapon": 0,
        "pilot_injury": 0.1725,
        "pilot_skill": 0.726,
        "mission_priority": 0.0609,
        "estimated_landing_time": 382.0,
        "wait_time": 0,
        "Landing_success_rate": 0.8888
    },
    {
        "model": 2,
        "sequence": 5,
        "status": 1,
        "fuel": 5989,
        "fault": 0.5154,
        "weapon": 1,
        "pilot_injury": 0.0413,
        "pilot_skill": 0.745,
        "mission_priority": 0.981,
        "estimated_landing_time": 476.0,
        "wait_time": 0,
        "Landing_success_rate": 0.8678
    },
    {
        "model": 1,
        "sequence": 1,
        "status": 1,
        "fuel": 6478,
        "fault": 0.6408,
        "weapon": 0,
        "pilot_injury": 0.006,
        "pilot_skill": 0.1179,
        "mission_priority": 0.559,
        "estimated_landing_time": 100.0,
        "wait_time": 0,
        "Landing_success_rate": 0.8763
    },
    {
        "model": 1,
        "sequence": 8,
        "status": 1,
        "fuel": 6904,
        "fault": 0.999,
        "weapon": 0,
        "pilot_injury": 0.3741,
        "pilot_skill": 0.1461,
        "mission_priority": 0.1528,
        "estimated_landing_time": 758.0,
        "wait_time": 0,
        "Landing_success_rate": 0.8501
    },
    {
        "model": 2,
        "sequence": 7,
        "status": 1,
        "fuel": 6724,
        "fault": 0.6397,
        "weapon": 0,
        "pilot_injury": 0.0318,
        "pilot_skill": 0.8522,
        "mission_priority": 0.9416,
        "estimated_landing_time": 664.0,
        "wait_time": 0,
        "Landing_success_rate": 0.8831
    },
    {
        "model": 0,
        "sequence": 11,
        "status": 1,
        "fuel": 5930,
        "fault": 0.9414,
        "weapon": 0,
        "pilot_injury": 0.0153,
        "pilot_skill": 0.9778,
        "mission_priority": 0.3664,
        "estimated_landing_time": 1040.0,
        "wait_time": 0,
        "Landing_success_rate": 0.8519
    },
    {
        "model": 0,
        "sequence": 12,
        "status": 1,
        "fuel": 6788,
        "fault": 0.7003,
        "weapon": 0,
        "pilot_injury": 0.4465,
        "pilot_skill": 0.0442,
        "mission_priority": 0.0401,
        "estimated_landing_time": 1134.0,
        "wait_time": 0,
        "Landing_success_rate": 0.879
    },
    {
        "model": 1,
        "sequence": 3,
        "status": 1,
        "fuel": 6241,
        "fault": 0.122,
        "weapon": 1,
        "pilot_injury": 0.5298,
        "pilot_skill": 0.5255,
        "mission_priority": 0.7488,
        "estimated_landing_time": 288.0,
        "wait_time": 0,
        "Landing_success_rate": 0.8988
    },
    {
        "model": 2,
        "sequence": 10,
        "status": 1,
        "fuel": 6256,
        "fault": 0.5909,
        "weapon": 1,
        "pilot_injury": 0.485,
        "pilot_skill": 0.6379,
        "mission_priority": 0.9648,
        "estimated_landing_time": 946.0,
        "wait_time": 0,
        "Landing_success_rate": 0.8732
    },
    {
        "model": 1,
        "sequence": 2,
        "status": 1,
        "fuel": 6252,
        "fault": 0.3014,
        "weapon": 0,
        "pilot_injury": 0.9057,
        "pilot_skill": 0.9026,
        "mission_priority": 0.9924,
        "estimated_landing_time": 194.0,
        "wait_time": 0,
        "Landing_success_rate": 0.8894
    },
    {
        "model": 1,
        "sequence": 9,
        "status": 1,
        "fuel": 6409,
        "fault": 0.2064,
        "weapon": 1,
        "pilot_injury": 0.2404,
        "pilot_skill": 0.0341,
        "mission_priority": 0.7267,
        "estimated_landing_time": 852.0,
        "wait_time": 0,
        "Landing_success_rate": 0.9041
    }
]