[
    {
        "model": 0,
        "sequence": 2,
        "status": 1,
        "fuel": 5705,
        "fault": 0.7699,
        "weapon": 1,
        "pilot_injury": 0.5203,
        "pilot_skill": 0.7447,
        "mission_priority": 0.5447,
        "estimated_landing_time": 194.0,
        "wait_time": 0,
        "Landing_success_rate": 0.8535
    },
    {
        "model": 1,
        "sequence": 3,
        "status": 1,
        "fuel": 6446,
        "fault": 0.5259,
        "weapon": 0,
        "pilot_injury": 0.8385,
        "pilot_skill": 0.5633,
        "mission_priority": 0.3773,
        "estimated_landing_time": 288.0,
        "wait_time": 0,
        "Landing_success_rate": 0.8836
    },
    {
        "model": 2,
        "sequence": 1,
        "status": 1,
        "fuel": 6971,
        "fault": 0.4295,
        "weapon": 0,
        "pilot_injury": 0.2524,
        "pilot_skill": 0.9556,
        "mission_priority": 0.491,
        "estimated_landing_time": 100.0,
        "wait_time": 0,
        "Landing_success_rate": 0.9129
    },
    {
        "model": 0,
        "sequence": 7,
        "status": 1,
        "fuel": 7308,
        "fault": 0.9909,
        "weapon": 1,
        "pilot_injury": 0.2843,
        "pilot_skill": 0.0922,
        "mission_priority": 0.894,
        "estimated_landing_time": 664.0,
        "wait_time": 0,
        "Landing_success_rate": 0.8512
    },
    {
        "model": 2,
        "sequence": 12,
        "status": 1,
        "fuel": 5713,
        "fault": 0.2092,
        "weapon": 1,
        "pilot_injury": 0.7065,
        "pilot_skill": 0.6455,
        "mission_priority": 0.9235,
        "estimated_landing_time": 1134.0,
        "wait_time": 0,
        "Landing_success_rate": 0.8626
    },
    {
        "model": 1,
        "sequence": 11,
        "status": 1,
        "fuel": 6048,
        "fault": 0.6907,
        "weapon": 0,
        "pilot_injury": 0.8615,
        "pilot_skill": 0.6717,
        "mission_priority": 0.0016,
        "estimated_landing_time": 1040.0,
        "wait_time": 0,
        "Landing_success_rate": 0.8627
    },
    {
        "model": 1,
        "sequence": 6,
        "status": 1,
        "fuel": 6598,
        "fault": 0.6325,
        "weapon": 1,
        "pilot_injury": 0.5471,
        "pilot_skill": 0.8211,
        "mission_priority": 0.8189,
        "estimated_landing_time": 570.0,
        "wait_time": 0,
        "Landing_success_rate": 0.8803
    },
    {
        "model": 1,
        "sequence": 4,
        "status": 1,
        "fuel": 5866,
        "fault": 0.1044,
        "weapon": 0,
        "pilot_injury": 0.3693,
        "pilot_skill": 0.2288,
        "mission_priority": 0.3388,
        "estimated_landing_time": 382.0,
        "wait_time": 0,
        "Landing_success_rate": 0.8746
    },
    {
        "model": 1,
        "sequence": 8,
        "status": 1,
        "fuel": 6556,
        "fault": 0.6002,
        "weapon": 0,
        "pilot_injury": 0.0222,
        "pilot_skill": 0.4369,
        "mission_priority": 0.7936,
        "estimated_landing_time": 758.0,
        "wait_time": 0,
        "Landing_success_rate": 0.8817
    },
    {
        "model": 1,
        "sequence": 9,
        "status": 1,
        "fuel": 6675,
        "fault": 0.9355,
        "weapon": 1,
        "pilot_injury": 0.3839,
        "pilot_skill": 0.1182,
        "mission_priority": 0.5675,
        "estimated_landing_time": 852.0,
        "wait_time": 0,
        "Landing_success_rate": 0.8557
    },
    {
        "model": 1,
        "sequence": 10,
        "status": 1,
        "fuel": 7232,
        "fault": 0.7912,
        "weapon": 0,
        "pilot_injury": 0.6866,
        "pilot_skill": 0.8164,
        "mission_priority": 0.7993,
        "estimated_landing_time": 946.0,
        "wait_time": 0,
        "Landing_success_rate": 0.8771
    },
    {
        "model": 2,
        "sequence": 5,
        "status": 1,
        "fuel": 5674,
        "fault": 0.6154,
        "weapon": 0,
        "pilot_injury": 0.9494,
        "pilot_skill": 0.7007,
        "mission_priority": 0.8364,
        "estimated_landing_time": 476.0,
        "wait_time": 0,
        "Landing_success_rate": 0.855
    }
]