[
    {
        "model": 2,
        "sequence": 1,
        "status": 1,
        "fuel": 6431,
        "fault": 0.4706,
        "weapon": 1,
        "pilot_injury": 0.0526,
        "pilot_skill": 0.2527,
        "mission_priority": 0.8413,
        "estimated_landing_time": 100.0,
        "wait_time": 0,
        "Landing_success_rate": 0.887
    },
    {
        "model": 0,
        "sequence": 8,
        "status": 1,
        "fuel": 6323,
        "fault": 0.5041,
        "weapon": 1,
        "pilot_injury": 0.9699,
        "pilot_skill": 0.6269,
        "mission_priority": 0.4158,
        "estimated_landing_time": 758.0,
        "wait_time": 0,
        "Landing_success_rate": 0.8806
    },
    {
        "model": 2,
        "sequence": 9,
        "status": 1,
        "fuel": 6406,
        "fault": 0.4227,
        "weapon": 0,
        "pilot_injury": 0.2658,
        "pilot_skill": 0.6565,
        "mission_priority": 0.3905,
        "estimated_landing_time": 852.0,
        "wait_time": 0,
        "Landing_success_rate": 0.8892
    },
    {
        "model": 1,
        "sequence": 6,
        "status": 1,
        "fuel": 7045,
        "fault": 0.7708,
        "weapon": 1,
        "pilot_injury": 0.7878,
        "pilot_skill": 0.6759,
        "mission_priority": 0.4118,
        "estimated_landing_time": 570.0,
        "wait_time": 0,
        "Landing_success_rate": 0.8766
    },
    {
        "model": 0,
        "sequence": 2,
        "status": 1,
        "fuel": 6670,
        "fault": 0.9635,
        "weapon": 1,
        "pilot_injury": 0.7103,
        "pilot_skill": 0.9091,
        "mission_priority": 0.8407,
        "estimated_landing_time": 194.0,
        "wait_time": 0,
        "Landing_success_rate": 0.8532
    },
    {
        "model": 1,
        "sequence": 10,
        "status": 1,
        "fuel": 6315,
        "fault": 0.8502,
        "weapon": 1,
        "pilot_injury": 0.4137,
        "pilot_skill": 0.6472,
        "mission_priority": 0.2576,
        "estimated_landing_time": 946.0,
        "wait_time": 0,
        "Landing_success_rate": 0.8592
    },
    {
        "model": 1,
        "sequence": 11,
        "status": 1,
        "fuel": 6104,
        "fault": 0.7761,
        "weapon": 1,
        "pilot_injury": 0.0382,
        "pilot_skill": 0.5885,
        "mission_priority": 0.8644,
        "estimated_landing_time": 1040.0,
        "wait_time": 0,
        "Landing_success_rate": 0.8601
    },
    {
        "model": 1,
        "sequence": 4,
        "status": 1,
        "fuel": 6566,
        "fault": 0.9061,
        "weapon": 1,
        "pilot_injury": 0.4602,
        "pilot_skill": 0.6659,
        "mission_priority": 0.1712,
        "estimated_landing_time": 382.0,
        "wait_time": 0,
        "Landing_success_rate": 0.8575
    },
    {
        "model": 0,
        "sequence": 5,
        "status": 1,
        "fuel": 6895,
        "fault": 0.1338,
        "weapon": 0,
        "pilot_injury": 0.8187,
        "pilot_skill": 0.0352,
        "mission_priority": 0.3494,
        "estimated_landing_time": 476.0,
        "wait_time": 0,
        "Landing_success_rate": 0.9406
    },
    {
        "model": 2,
        "sequence": 7,
        "status": 1,
        "fuel": 6071,
        "fault": 0.2722,
        "weapon": 0,
        "pilot_injury": 0.2359,
        "pilot_skill": 0.5355,
        "mission_priority": 0.9532,
        "estimated_landing_time": 664.0,
        "wait_time": 0,
        "Landing_success_rate": 0.8812
    },
    {
        "model": 1,
        "sequence": 3,
        "status": 1,
        "fuel": 5793,
        "fault": 0.3782,
        "weapon": 0,
        "pilot_injury": 0.3999,
        "pilot_skill": 0.8974,
        "mission_priority": 0.0719,
        "estimated_landing_time": 288.0,
        "wait_time": 0,
        "Landing_success_rate": 0.8637
    },
    {
        "model": 1,
        "sequence": 12,
        "status": 1,
        "fuel": 6630,
        "fault": 0.4224,
        "weapon": 0,
        "pilot_injury": 0.9881,
        "pilot_skill": 0.6987,
        "mission_priority": 0.3799,
        "estimated_landing_time": 1134.0,
        "wait_time": 0,
        "Landing_success_rate": 0.899
    }
]