[
    {
        "model": 0,
        "sequence": 11,
        "status": 1,
        "fuel": 5771,
        "fault": 0.5025,
        "weapon": 1,
        "pilot_injury": 0.0024,
        "pilot_skill": 0.109,
        "mission_priority": 0.617,
        "estimated_landing_time": 1040.0,
        "wait_time": 0,
        "Landing_success_rate": 0.8601
    },
    {
        "model": 2,
        "sequence": 7,
        "status": 1,
        "fuel": 6996,
        "fault": 0.7986,
        "weapon": 1,
        "pilot_injury": 0.5034,
        "pilot_skill": 0.9066,
        "mission_priority": 0.4743,
        "estimated_landing_time": 664.0,
        "wait_time": 0,
        "Landing_success_rate": 0.8726
    },
    {
        "model": 1,
        "sequence": 5,
        "status": 1,
        "fuel": 6767,
        "fault": 0.7162,
        "weapon": 0,
        "pilot_injury": 0.6722,
        "pilot_skill": 0.1121,
        "mission_priority": 0.2317,
        "estimated_landing_time": 476.0,
        "wait_time": 0,
        "Landing_success_rate": 0.877
    },
    {
        "model": 0,
        "sequence": 12,
        "status": 1,
        "fuel": 7489,
        "fault": 0.7845,
        "weapon": 1,
        "pilot_injury": 0.1522,
        "pilot_skill": 0.8437,
        "mission_priority": 0.1014,
        "estimated_landing_time": 1134.0,
        "wait_time": 0,
        "Landing_success_rate": 0.8821
    },
    {
        "model": 1,
        "sequence": 8,
        "status": 1,
        "fuel": 6133,
        "fault": 0.3372,
        "weapon": 0,
        "pilot_injury": 0.6936,
        "pilot_skill": 0.9931,
        "mission_priority": 0.5906,
        "estimated_landing_time": 758.0,
        "wait_time": 0,
        "Landing_success_rate": 0.8815
    },
    {
        "model": 1,
        "sequence": 1,
        "status": 1,
        "fuel": 5731,
        "fault": 0.1865,
        "weapon": 0,
        "pilot_injury": 0.5377,
        "pilot_skill": 0.7157,
        "mission_priority": 0.6629,
        "estimated_landing_time": 100.0,
        "wait_time": 0,
        "Landing_success_rate": 0.8641
    },
    {
        "model": 2,
        "sequence": 9,
        "status": 1,
        "fuel": 7175,
        "fault": 0.8265,
        "weapon": 1,
        "pilot_injury": 0.198,
        "pilot_skill": 0.1729,
        "mission_priority": 0.8591,
        "estimated_landing_time": 852.0,
        "wait_time": 0,
        "Landing_success_rate": 0.8718
    },
    {
        "model": 0,
        "sequence": 6,
        "status": 1,
        "fuel": 6242,
        "fault": 0.7689,
        "weapon": 1,
        "pilot_injury": 0.5487,
        "pilot_skill": 0.3813,
        "mission_priority": 0.2876,
        "estimated_landing_time": 570.0,
        "wait_time": 0,
        "Landing_success_rate": 0.8629
    },
    {
        "model": 0,
        "sequence": 3,
        "status": 1,
        "fuel": 7415,
        "fault": 0.7424,
        "weapon": 1,
        "pilot_injury": 0.4043,
        "pilot_skill": 0.003,
        "mission_priority": 0.8075,
        "estimated_landing_time": 288.0,
        "wait_time": 0,
        "Landing_success_rate": 0.887
    },
    {
        "model": 0,
        "sequence": 4,
        "status": 1,
        "fuel": 7376,
        "fault": 0.8754,
        "weapon": 0,
        "pilot_injury": 0.1486,
        "pilot_skill": 0.4167,
        "mission_priority": 0.7282,
        "estimated_landing_time": 382.0,
        "wait_time": 0,
        "Landing_success_rate": 0.8675
    },
    {
        "model": 1,
        "sequence": 2,
        "status": 1,
        "fuel": 5950,
        "fault": 0.2845,
        "weapon": 0,
        "pilot_injury": 0.6673,
        "pilot_skill": 0.1877,
        "mission_priority": 0.9518,
        "estimated_landing_time": 194.0,
        "wait_time": 0,
        "Landing_success_rate": 0.8741
    },
    {
        "model": 0,
        "sequence": 10,
        "status": 1,
        "fuel": 6471,
        "fault": 0.0465,
        "weapon": 1,
        "pilot_injury": 0.8026,
        "pilot_skill": 0.3744,
        "mission_priority": 0.1562,
        "estimated_landing_time": 946.0,
        "wait_time": 0,
        "Landing_success_rate": 0.9194
    }
]