[
    {
        "model": 2,
        "sequence": 1,
        "status": 1,
        "fuel": 7289,
        "fault": 0.1946,
        "weapon": 0,
        "pilot_injury": 0.1036,
        "pilot_skill": 0.1286,
        "mission_priority": 0.0914,
        "estimated_landing_time": 100.0,
        "wait_time": 0,
        "Landing_success_rate": 0.9581
    },
    {
        "model": 0,
        "sequence": 18,
        "status": 1,
        "fuel": 6876,
        "fault": 0.3426,
        "weapon": 1,
        "pilot_injury": 0.8308,
        "pilot_skill": 0.4088,
        "mission_priority": 0.6928,
        "estimated_landing_time": 1698.0,
        "wait_time": 0,
        "Landing_success_rate": 0.9178
    },
    {
        "model": 2,
        "sequence": 11,
        "status": 1,
        "fuel": 6542,
        "fault": 0.1502,
        "weapon": 0,
        "pilot_injury": 0.35,
        "pilot_skill": 0.8459,
        "mission_priority": 0.9454,
        "estimated_landing_time": 1040.0,
        "wait_time": 0,
        "Landing_success_rate": 0.9164
    },
    {
        "model": 1,
        "sequence": 13,
        "status": 1,
        "fuel": 6778,
        "fault": 0.467,
        "weapon": 1,
        "pilot_injury": 0.6503,
        "pilot_skill": 0.1201,
        "mission_priority": 0.0057,
        "estimated_landing_time": 1228.0,
        "wait_time": 0,
        "Landing_success_rate": 0.9011
    },
    {
        "model": 1,
        "sequence": 19,
        "status": 1,
        "fuel": 7047,
        "fault": 0.1941,
        "weapon": 0,
        "pilot_injury": 0.9085,
        "pilot_skill": 0.2258,
        "mission_priority": 0.5471,
        "estimated_landing_time": 1792.0,
        "wait_time": 0,
        "Landing_success_rate": 0.9435
    },
    {
        "model": 0,
        "sequence": 4,
        "status": 1,
        "fuel": 6365,
        "fault": 0.5371,
        "weapon": 1,
        "pilot_injury": 0.3936,
        "pilot_skill": 0.4832,
        "mission_priority": 0.7902,
        "estimated_landing_time": 382.0,
        "wait_time": 0,
        "Landing_success_rate": 0.88
    },
    {
        "model": 0,
        "sequence": 25,
        "status": 1,
        "fuel": 7035,
        "fault": 0.4638,
        "weapon": 1,
        "pilot_injury": 0.4317,
        "pilot_skill": 0.252,
        "mission_priority": 0.3265,
        "estimated_landing_time": 2356.0,
        "wait_time": 0,
        "Landing_success_rate": 0.9117
    },
    {
        "model": 1,
        "sequence": 12,
        "status": 1,
        "fuel": 6788,
        "fault": 0.6087,
        "weapon": 0,
        "pilot_injury": 0.1481,
        "pilot_skill": 0.8115,
        "mission_priority": 0.4206,
        "estimated_landing_time": 1134.0,
        "wait_time": 0,
        "Landing_success_rate": 0.8878
    },
    {
        "model": 1,
        "sequence": 6,
        "status": 1,
        "fuel": 5818,
        "fault": 0.8409,
        "weapon": 0,
        "pilot_injury": 0.8495,
        "pilot_skill": 0.9515,
        "mission_priority": 0.5679,
        "estimated_landing_time": 570.0,
        "wait_time": 0,
        "Landing_success_rate": 0.8538
    },
    {
        "model": 2,
        "sequence": 24,
        "status": 1,
        "fuel": 6443,
        "fault": 0.9118,
        "weapon": 0,
        "pilot_injury": 0.8685,
        "pilot_skill": 0.8644,
        "mission_priority": 0.6933,
        "estimated_landing_time": 2262.0,
        "wait_time": 0,
        "Landing_success_rate": 0.8562
    },
    {
        "model": 1,
        "sequence": 17,
        "status": 1,
        "fuel": 6288,
        "fault": 0.9009,
        "weapon": 0,
        "pilot_injury": 0.7481,
        "pilot_skill": 0.0915,
        "mission_priority": 0.2598,
        "estimated_landing_time": 1604.0,
        "wait_time": 0,
        "Landing_success_rate": 0.8559
    },
    {
        "model": 2,
        "sequence": 29,
        "status": 1,
        "fuel": 7485,
        "fault": 0.4561,
        "weapon": 0,
        "pilot_injury": 0.0158,
        "pilot_skill": 0.824,
        "mission_priority": 0.8788,
        "estimated_landing_time": 2732.0,
        "wait_time": 0,
        "Landing_success_rate": 0.931
    },
    {
        "model": 0,
        "sequence": 9,
        "status": 1,
        "fuel": 5931,
        "fault": 0.2608,
        "weapon": 1,
        "pilot_injury": 0.9607,
        "pilot_skill": 0.12,
        "mission_priority": 0.7379,
        "estimated_landing_time": 852.0,
        "wait_time": 0,
        "Landing_success_rate": 0.8739
    },
    {
        "model": 2,
        "sequence": 2,
        "status": 1,
        "fuel": 6948,
        "fault": 0.8275,
        "weapon": 0,
        "pilot_injury": 0.5855,
        "pilot_skill": 0.7371,
        "mission_priority": 0.0037,
        "estimated_landing_time": 194.0,
        "wait_time": 0,
        "Landing_success_rate": 0.8687
    },
    {
        "model": 1,
        "sequence": 21,
        "status": 1,
        "fuel": 6281,
        "fault": 0.2304,
        "weapon": 0,
        "pilot_injury": 0.5329,
        "pilot_skill": 0.6376,
        "mission_priority": 0.3039,
        "estimated_landing_time": 1980.0,
        "wait_time": 0,
        "Landing_success_rate": 0.8951
    },
    {
        "model": 2,
        "sequence": 30,
        "status": 1,
        "fuel": 6559,
        "fault": 0.1898,
        "weapon": 0,
        "pilot_injury": 0.0436,
        "pilot_skill": 0.2173,
        "mission_priority": 0.9711,
        "estimated_landing_time": 2826.0,
        "wait_time": 0,
        "Landing_success_rate": 0.9144
    },
    {
        "model": 2,
        "sequence": 20,
        "status": 1,
        "fuel": 6080,
        "fault": 0.1228,
        "weapon": 0,
        "pilot_injury": 0.8801,
        "pilot_skill": 0.214,
        "mission_priority": 0.972,
        "estimated_landing_time": 1886.0,
        "wait_time": 0,
        "Landing_success_rate": 0.8882
    },
    {
        "model": 0,
        "sequence": 27,
        "status": 1,
        "fuel": 6605,
        "fault": 0.1786,
        "weapon": 1,
        "pilot_injury": 0.1122,
        "pilot_skill": 0.5731,
        "mission_priority": 0.781,
        "estimated_landing_time": 2544.0,
        "wait_time": 0,
        "Landing_success_rate": 0.9181
    },
    {
        "model": 2,
        "sequence": 3,
        "status": 1,
        "fuel": 7160,
        "fault": 0.5465,
        "weapon": 0,
        "pilot_injury": 0.4344,
        "pilot_skill": 0.1504,
        "mission_priority": 0.466,
        "estimated_landing_time": 288.0,
        "wait_time": 0,
        "Landing_success_rate": 0.9065
    },
    {
        "model": 1,
        "sequence": 23,
        "status": 1,
        "fuel": 5814,
        "fault": 0.5706,
        "weapon": 1,
        "pilot_injury": 0.4588,
        "pilot_skill": 0.5936,
        "mission_priority": 0.2673,
        "estimated_landing_time": 2168.0,
        "wait_time": 0,
        "Landing_success_rate": 0.8601
    },
    {
        "model": 2,
        "sequence": 15,
        "status": 1,
        "fuel": 5766,
        "fault": 0.6518,
        "weapon": 0,
        "pilot_injury": 0.0491,
        "pilot_skill": 0.8865,
        "mission_priority": 0.5623,
        "estimated_landing_time": 1416.0,
        "wait_time": 0,
        "Landing_success_rate": 0.8569
    },
    {
        "model": 2,
        "sequence": 16,
        "status": 1,
        "fuel": 5930,
        "fault": 0.3183,
        "weapon": 0,
        "pilot_injury": 0.4834,
        "pilot_skill": 0.3317,
        "mission_priority": 0.1815,
        "estimated_landing_time": 1510.0,
        "wait_time": 0,
        "Landing_success_rate": 0.872
    },
    {
        "model": 2,
        "sequence": 5,
        "status": 1,
        "fuel": 6401,
        "fault": 0.2652,
        "weapon": 1,
        "pilot_injury": 0.6144,
        "pilot_skill": 0.9132,
        "mission_priority": 0.232,
        "estimated_landing_time": 476.0,
        "wait_time": 0,
        "Landing_success_rate": 0.8997
    },
    {
        "model": 1,
        "sequence": 14,
        "status": 1,
        "fuel": 5515,
        "fault": 0.1552,
        "weapon": 1,
        "pilot_injury": 0.5079,
        "pilot_skill": 0.9983,
        "mission_priority": 0.695,
        "estimated_landing_time": 1322.0,
        "wait_time": 0,
        "Landing_success_rate": 0.851
    },
    {
        "model": 2,
        "sequence": 28,
        "status": 1,
        "fuel": 6189,
        "fault": 0.461,
        "weapon": 1,
        "pilot_injury": 0.7817,
        "pilot_skill": 0.0154,
        "mission_priority": 0.8169,
        "estimated_landing_time": 2638.0,
        "wait_time": 0,
        "Landing_success_rate": 0.8779
    },
    {
        "model": 1,
        "sequence": 7,
        "status": 1,
        "fuel": 6107,
        "fault": 0.5598,
        "weapon": 1,
        "pilot_injury": 0.2263,
        "pilot_skill": 0.4686,
        "mission_priority": 0.4249,
        "estimated_landing_time": 664.0,
        "wait_time": 0,
        "Landing_success_rate": 0.87
    },
    {
        "model": 2,
        "sequence": 10,
        "status": 1,
        "fuel": 6654,
        "fault": 0.9701,
        "weapon": 0,
        "pilot_injury": 0.7622,
        "pilot_skill": 0.9901,
        "mission_priority": 0.7778,
        "estimated_landing_time": 946.0,
        "wait_time": 0,
        "Landing_success_rate": 0.8526
    },
    {
        "model": 0,
        "sequence": 22,
        "status": 1,
        "fuel": 7153,
        "fault": 0.4321,
        "weapon": 1,
        "pilot_injury": 0.2177,
        "pilot_skill": 0.1367,
        "mission_priority": 0.5513,
        "estimated_landing_time": 2074.0,
        "wait_time": 0,
        "Landing_success_rate": 0.9204
    },
    {
        "model": 0,
        "sequence": 8,
        "status": 1,
        "fuel": 6735,
        "fault": 0.4539,
        "weapon": 1,
        "pilot_injury": 0.6802,
        "pilot_skill": 0.2923,
        "mission_priority": 0.3303,
        "estimated_landing_time": 758.0,
        "wait_time": 0,
        "Landing_success_rate": 0.9006
    },
    {
        "model": 0,
        "sequence": 26,
        "status": 1,
        "fuel": 6670,
        "fault": 0.546,
        "weapon": 0,
        "pilot_injury": 0.2126,
        "pilot_skill": 0.3743,
        "mission_priority": 0.2721,
        "estimated_landing_time": 2450.0,
        "wait_time": 0,
        "Landing_success_rate": 0.8898
    }
]