[
    {
        "model": 0,
        "sequence": 15,
        "status": 1,
        "fuel": 5648,
        "fault": 0.9375,
        "weapon": 1,
        "pilot_injury": 0.2944,
        "pilot_skill": 0.558,
        "mission_priority": 0.9262,
        "estimated_landing_time": 1416.0,
        "wait_time": 0,
        "Landing_success_rate": 0.8507
    },
    {
        "model": 1,
        "sequence": 21,
        "status": 1,
        "fuel": 5888,
        "fault": 0.6469,
        "weapon": 1,
        "pilot_injury": 0.3022,
        "pilot_skill": 0.8893,
        "mission_priority": 0.7652,
        "estimated_landing_time": 1980.0,
        "wait_time": 0,
        "Landing_success_rate": 0.8603
    },
    {
        "model": 0,
        "sequence": 14,
        "status": 1,
        "fuel": 7163,
        "fault": 0.3835,
        "weapon": 1,
        "pilot_injury": 0.0115,
        "pilot_skill": 0.6211,
        "mission_priority": 0.4061,
        "estimated_landing_time": 1322.0,
        "wait_time": 0,
        "Landing_success_rate": 0.9269
    },
    {
        "model": 1,
        "sequence": 12,
        "status": 1,
        "fuel": 5946,
        "fault": 0.345,
        "weapon": 0,
        "pilot_injury": 0.4661,
        "pilot_skill": 0.7498,
        "mission_priority": 0.1774,
        "estimated_landing_time": 1134.0,
        "wait_time": 0,
        "Landing_success_rate": 0.8719
    },
    {
        "model": 1,
        "sequence": 30,
        "status": 1,
        "fuel": 6981,
        "fault": 0.1238,
        "weapon": 1,
        "pilot_injury": 0.6657,
        "pilot_skill": 0.5066,
        "mission_priority": 0.8905,
        "estimated_landing_time": 2826.0,
        "wait_time": 0,
        "Landing_success_rate": 0.9473
    },
    {
        "model": 2,
        "sequence": 6,
        "status": 1,
        "fuel": 6855,
        "fault": 0.5153,
        "weapon": 1,
        "pilot_injury": 0.916,
        "pilot_skill": 0.4068,
        "mission_priority": 0.2696,
        "estimated_landing_time": 570.0,
        "wait_time": 0,
        "Landing_success_rate": 0.8993
    },
    {
        "model": 2,
        "sequence": 28,
        "status": 1,
        "fuel": 5754,
        "fault": 0.8435,
        "weapon": 0,
        "pilot_injury": 0.8251,
        "pilot_skill": 0.0333,
        "mission_priority": 0.3586,
        "estimated_landing_time": 2638.0,
        "wait_time": 0,
        "Landing_success_rate": 0.853
    },
    {
        "model": 0,
        "sequence": 24,
        "status": 1,
        "fuel": 7373,
        "fault": 0.0168,
        "weapon": 1,
        "pilot_injury": 0.3778,
        "pilot_skill": 0.8721,
        "mission_priority": 0.3937,
        "estimated_landing_time": 2262.0,
        "wait_time": 0,
        "Landing_success_rate": 0.9881
    },
    {
        "model": 1,
        "sequence": 2,
        "status": 1,
        "fuel": 6558,
        "fault": 0.0567,
        "weapon": 0,
        "pilot_injury": 0.3302,
        "pilot_skill": 0.3785,
        "mission_priority": 0.9451,
        "estimated_landing_time": 194.0,
        "wait_time": 0,
        "Landing_success_rate": 0.9249
    },
    {
        "model": 1,
        "sequence": 8,
        "status": 1,
        "fuel": 6840,
        "fault": 0.0883,
        "weapon": 1,
        "pilot_injury": 0.0252,
        "pilot_skill": 0.7635,
        "mission_priority": 0.9151,
        "estimated_landing_time": 758.0,
        "wait_time": 0,
        "Landing_success_rate": 0.9416
    },
    {
        "model": 1,
        "sequence": 9,
        "status": 1,
        "fuel": 5565,
        "fault": 0.9489,
        "weapon": 1,
        "pilot_injury": 0.1221,
        "pilot_skill": 0.4568,
        "mission_priority": 0.1333,
        "estimated_landing_time": 852.0,
        "wait_time": 0,
        "Landing_success_rate": 0.8502
    },
    {
        "model": 2,
        "sequence": 13,
        "status": 1,
        "fuel": 6195,
        "fault": 0.8732,
        "weapon": 1,
        "pilot_injury": 0.5533,
        "pilot_skill": 0.2452,
        "mission_priority": 0.3538,
        "estimated_landing_time": 1228.0,
        "wait_time": 0,
        "Landing_success_rate": 0.8566
    },
    {
        "model": 0,
        "sequence": 20,
        "status": 1,
        "fuel": 5701,
        "fault": 0.0176,
        "weapon": 0,
        "pilot_injury": 0.1368,
        "pilot_skill": 0.8449,
        "mission_priority": 0.4752,
        "estimated_landing_time": 1886.0,
        "wait_time": 0,
        "Landing_success_rate": 0.8648
    },
    {
        "model": 0,
        "sequence": 11,
        "status": 1,
        "fuel": 7448,
        "fault": 0.4131,
        "weapon": 1,
        "pilot_injury": 0.9656,
        "pilot_skill": 0.2815,
        "mission_priority": 0.9086,
        "estimated_landing_time": 1040.0,
        "wait_time": 0,
        "Landing_success_rate": 0.9357
    },
    {
        "model": 0,
        "sequence": 1,
        "status": 1,
        "fuel": 7090,
        "fault": 0.951,
        "weapon": 1,
        "pilot_injury": 0.7009,
        "pilot_skill": 0.0099,
        "mission_priority": 0.3381,
        "estimated_landing_time": 100.0,
        "wait_time": 0,
        "Landing_success_rate": 0.8558
    },
    {
        "model": 1,
        "sequence": 10,
        "status": 1,
        "fuel": 5603,
        "fault": 0.8793,
        "weapon": 0,
        "pilot_injury": 0.5291,
        "pilot_skill": 0.3646,
        "mission_priority": 0.2661,
        "estimated_landing_time": 946.0,
        "wait_time": 0,
        "Landing_success_rate": 0.8509
    },
    {
        "model": 0,
        "sequence": 4,
        "status": 1,
        "fuel": 7180,
        "fault": 0.9003,
        "weapon": 1,
        "pilot_injury": 0.2462,
        "pilot_skill": 0.2936,
        "mission_priority": 0.6079,
        "estimated_landing_time": 382.0,
        "wait_time": 0,
        "Landing_success_rate": 0.8626
    },
    {
        "model": 2,
        "sequence": 18,
        "status": 1,
        "fuel": 6280,
        "fault": 0.5639,
        "weapon": 0,
        "pilot_injury": 0.6504,
        "pilot_skill": 0.9563,
        "mission_priority": 0.7648,
        "estimated_landing_time": 1698.0,
        "wait_time": 0,
        "Landing_success_rate": 0.8755
    },
    {
        "model": 2,
        "sequence": 27,
        "status": 1,
        "fuel": 5659,
        "fault": 0.345,
        "weapon": 0,
        "pilot_injury": 0.9497,
        "pilot_skill": 0.4994,
        "mission_priority": 0.4105,
        "estimated_landing_time": 2544.0,
        "wait_time": 0,
        "Landing_success_rate": 0.8578
    },
    {
        "model": 0,
        "sequence": 17,
        "status": 1,
        "fuel": 5649,
        "fault": 0.5214,
        "weapon": 0,
        "pilot_injury": 0.2464,
        "pilot_skill": 0.064,
        "mission_priority": 0.5372,
        "estimated_landing_time": 1604.0,
        "wait_time": 0,
        "Landing_success_rate": 0.8553
    },
    {
        "model": 1,
        "sequence": 19,
        "status": 1,
        "fuel": 5756,
        "fault": 0.597,
        "weapon": 0,
        "pilot_injury": 0.7831,
        "pilot_skill": 0.8364,
        "mission_priority": 0.4544,
        "estimated_landing_time": 1792.0,
        "wait_time": 0,
        "Landing_success_rate": 0.8577
    },
    {
        "model": 2,
        "sequence": 25,
        "status": 1,
        "fuel": 6728,
        "fault": 0.3006,
        "weapon": 0,
        "pilot_injury": 0.9392,
        "pilot_skill": 0.7255,
        "mission_priority": 0.9253,
        "estimated_landing_time": 2356.0,
        "wait_time": 0,
        "Landing_success_rate": 0.9144
    },
    {
        "model": 2,
        "sequence": 5,
        "status": 1,
        "fuel": 6266,
        "fault": 0.3928,
        "weapon": 1,
        "pilot_injury": 0.0709,
        "pilot_skill": 0.4999,
        "mission_priority": 0.8739,
        "estimated_landing_time": 476.0,
        "wait_time": 0,
        "Landing_success_rate": 0.8849
    },
    {
        "model": 1,
        "sequence": 29,
        "status": 1,
        "fuel": 5936,
        "fault": 0.0932,
        "weapon": 0,
        "pilot_injury": 0.0684,
        "pilot_skill": 0.4475,
        "mission_priority": 0.164,
        "estimated_landing_time": 2732.0,
        "wait_time": 0,
        "Landing_success_rate": 0.8797
    },
    {
        "model": 1,
        "sequence": 7,
        "status": 1,
        "fuel": 7054,
        "fault": 0.4086,
        "weapon": 1,
        "pilot_injury": 0.384,
        "pilot_skill": 0.6099,
        "mission_priority": 0.5022,
        "estimated_landing_time": 664.0,
        "wait_time": 0,
        "Landing_success_rate": 0.9189
    },
    {
        "model": 0,
        "sequence": 16,
        "status": 1,
        "fuel": 6592,
        "fault": 0.0748,
        "weapon": 1,
        "pilot_injury": 0.9204,
        "pilot_skill": 0.6436,
        "mission_priority": 0.271,
        "estimated_landing_time": 1510.0,
        "wait_time": 0,
        "Landing_success_rate": 0.9258
    },
    {
        "model": 2,
        "sequence": 26,
        "status": 1,
        "fuel": 7065,
        "fault": 0.6739,
        "weapon": 1,
        "pilot_injury": 0.7827,
        "pilot_skill": 0.5881,
        "mission_priority": 0.3808,
        "estimated_landing_time": 2450.0,
        "wait_time": 0,
        "Landing_success_rate": 0.8883
    },
    {
        "model": 2,
        "sequence": 22,
        "status": 1,
        "fuel": 6887,
        "fault": 0.2245,
        "weapon": 0,
        "pilot_injury": 0.8748,
        "pilot_skill": 0.5813,
        "mission_priority": 0.5245,
        "estimated_landing_time": 2074.0,
        "wait_time": 0,
        "Landing_success_rate": 0.9307
    },
    {
        "model": 0,
        "sequence": 23,
        "status": 1,
        "fuel": 6827,
        "fault": 0.2376,
        "weapon": 1,
        "pilot_injury": 0.4003,
        "pilot_skill": 0.0827,
        "mission_priority": 0.7685,
        "estimated_landing_time": 2168.0,
        "wait_time": 0,
        "Landing_success_rate": 0.9259
    },
    {
        "model": 0,
        "sequence": 3,
        "status": 1,
        "fuel": 6913,
        "fault": 0.8156,
        "weapon": 1,
        "pilot_injury": 0.8433,
        "pilot_skill": 0.5783,
        "mission_priority": 0.8917,
        "estimated_landing_time": 288.0,
        "wait_time": 0,
        "Landing_success_rate": 0.8695
    }
]