[
    {
        "model": 0,
        "sequence": 6,
        "status": 1,
        "fuel": 6507,
        "fault": 0.107,
        "weapon": 1,
        "pilot_injury": 0.0184,
        "pilot_skill": 0.4322,
        "mission_priority": 0.8401,
        "estimated_landing_time": 570.0,
        "wait_time": 0,
        "Landing_success_rate": 0.9174
    },
    {
        "model": 1,
        "sequence": 3,
        "status": 1,
        "fuel": 6935,
        "fault": 0.6326,
        "weapon": 1,
        "pilot_injury": 0.7537,
        "pilot_skill": 0.7888,
        "mission_priority": 0.1738,
        "estimated_landing_time": 288.0,
        "wait_time": 0,
        "Landing_success_rate": 0.8895
    },
    {
        "model": 0,
        "sequence": 29,
        "status": 1,
        "fuel": 5983,
        "fault": 0.0678,
        "weapon": 0,
        "pilot_injury": 0.1664,
        "pilot_skill": 0.771,
        "mission_priority": 0.7086,
        "estimated_landing_time": 2732.0,
        "wait_time": 0,
        "Landing_success_rate": 0.8838
    },
    {
        "model": 2,
        "sequence": 5,
        "status": 1,
        "fuel": 6385,
        "fault": 0.3459,
        "weapon": 1,
        "pilot_injury": 0.0747,
        "pilot_skill": 0.8524,
        "mission_priority": 0.9901,
        "estimated_landing_time": 476.0,
        "wait_time": 0,
        "Landing_success_rate": 0.8934
    },
    {
        "model": 1,
        "sequence": 20,
        "status": 1,
        "fuel": 6186,
        "fault": 0.9689,
        "weapon": 1,
        "pilot_injury": 0.6476,
        "pilot_skill": 0.5944,
        "mission_priority": 0.3836,
        "estimated_landing_time": 1886.0,
        "wait_time": 0,
        "Landing_success_rate": 0.8516
    },
    {
        "model": 2,
        "sequence": 16,
        "status": 1,
        "fuel": 5528,
        "fault": 0.0221,
        "weapon": 1,
        "pilot_injury": 0.3718,
        "pilot_skill": 0.8188,
        "mission_priority": 0.2525,
        "estimated_landing_time": 1510.0,
        "wait_time": 0,
        "Landing_success_rate": 0.8521
    },
    {
        "model": 1,
        "sequence": 27,
        "status": 1,
        "fuel": 7061,
        "fault": 0.1589,
        "weapon": 1,
        "pilot_injury": 0.9971,
        "pilot_skill": 0.4262,
        "mission_priority": 0.4514,
        "estimated_landing_time": 2544.0,
        "wait_time": 0,
        "Landing_success_rate": 0.9485
    },
    {
        "model": 2,
        "sequence": 8,
        "status": 1,
        "fuel": 5538,
        "fault": 0.527,
        "weapon": 0,
        "pilot_injury": 0.6937,
        "pilot_skill": 0.2208,
        "mission_priority": 0.0824,
        "estimated_landing_time": 758.0,
        "wait_time": 0,
        "Landing_success_rate": 0.8513
    },
    {
        "model": 0,
        "sequence": 15,
        "status": 1,
        "fuel": 6473,
        "fault": 0.2301,
        "weapon": 0,
        "pilot_injury": 0.2733,
        "pilot_skill": 0.9509,
        "mission_priority": 0.1511,
        "estimated_landing_time": 1416.0,
        "wait_time": 0,
        "Landing_success_rate": 0.9062
    },
    {
        "model": 0,
        "sequence": 9,
        "status": 1,
        "fuel": 7127,
        "fault": 0.7313,
        "weapon": 0,
        "pilot_injury": 0.4197,
        "pilot_skill": 0.6385,
        "mission_priority": 0.3976,
        "estimated_landing_time": 852.0,
        "wait_time": 0,
        "Landing_success_rate": 0.8828
    },
    {
        "model": 0,
        "sequence": 1,
        "status": 1,
        "fuel": 7476,
        "fault": 0.4423,
        "weapon": 0,
        "pilot_injury": 0.4093,
        "pilot_skill": 0.8941,
        "mission_priority": 0.23,
        "estimated_landing_time": 100.0,
        "wait_time": 0,
        "Landing_success_rate": 0.9327
    },
    {
        "model": 1,
        "sequence": 24,
        "status": 1,
        "fuel": 7480,
        "fault": 0.2004,
        "weapon": 0,
        "pilot_injury": 0.6517,
        "pilot_skill": 0.3685,
        "mission_priority": 0.8644,
        "estimated_landing_time": 2262.0,
        "wait_time": 0,
        "Landing_success_rate": 0.9687
    },
    {
        "model": 2,
        "sequence": 28,
        "status": 1,
        "fuel": 5707,
        "fault": 0.5432,
        "weapon": 1,
        "pilot_injury": 0.1855,
        "pilot_skill": 0.8686,
        "mission_priority": 0.7766,
        "estimated_landing_time": 2638.0,
        "wait_time": 0,
        "Landing_success_rate": 0.8571
    },
    {
        "model": 0,
        "sequence": 22,
        "status": 1,
        "fuel": 6090,
        "fault": 0.4537,
        "weapon": 1,
        "pilot_injury": 0.761,
        "pilot_skill": 0.6262,
        "mission_priority": 0.1312,
        "estimated_landing_time": 2074.0,
        "wait_time": 0,
        "Landing_success_rate": 0.8742
    },
    {
        "model": 2,
        "sequence": 12,
        "status": 1,
        "fuel": 6192,
        "fault": 0.9118,
        "weapon": 1,
        "pilot_injury": 0.6167,
        "pilot_skill": 0.7965,
        "mission_priority": 0.4815,
        "estimated_landing_time": 1134.0,
        "wait_time": 0,
        "Landing_success_rate": 0.8546
    },
    {
        "model": 2,
        "sequence": 17,
        "status": 1,
        "fuel": 5705,
        "fault": 0.5983,
        "weapon": 1,
        "pilot_injury": 0.6856,
        "pilot_skill": 0.4303,
        "mission_priority": 0.2005,
        "estimated_landing_time": 1604.0,
        "wait_time": 0,
        "Landing_success_rate": 0.8562
    },
    {
        "model": 0,
        "sequence": 13,
        "status": 1,
        "fuel": 6516,
        "fault": 0.1608,
        "weapon": 1,
        "pilot_injury": 0.582,
        "pilot_skill": 0.269,
        "mission_priority": 0.7976,
        "estimated_landing_time": 1228.0,
        "wait_time": 0,
        "Landing_success_rate": 0.9139
    },
    {
        "model": 0,
        "sequence": 14,
        "status": 1,
        "fuel": 5894,
        "fault": 0.9844,
        "weapon": 0,
        "pilot_injury": 0.0116,
        "pilot_skill": 0.0724,
        "mission_priority": 0.3925,
        "estimated_landing_time": 1322.0,
        "wait_time": 0,
        "Landing_success_rate": 0.8505
    },
    {
        "model": 2,
        "sequence": 2,
        "status": 1,
        "fuel": 6889,
        "fault": 0.9747,
        "weapon": 1,
        "pilot_injury": 0.2917,
        "pilot_skill": 0.695,
        "mission_priority": 0.8601,
        "estimated_landing_time": 194.0,
        "wait_time": 0,
        "Landing_success_rate": 0.8526
    },
    {
        "model": 0,
        "sequence": 4,
        "status": 1,
        "fuel": 5601,
        "fault": 0.9078,
        "weapon": 0,
        "pilot_injury": 0.4805,
        "pilot_skill": 0.1049,
        "mission_priority": 0.242,
        "estimated_landing_time": 382.0,
        "wait_time": 0,
        "Landing_success_rate": 0.8507
    },
    {
        "model": 0,
        "sequence": 18,
        "status": 1,
        "fuel": 6388,
        "fault": 0.5709,
        "weapon": 0,
        "pilot_injury": 0.4989,
        "pilot_skill": 0.6182,
        "mission_priority": 0.7025,
        "estimated_landing_time": 1698.0,
        "wait_time": 0,
        "Landing_success_rate": 0.8786
    },
    {
        "model": 0,
        "sequence": 7,
        "status": 1,
        "fuel": 6213,
        "fault": 0.7758,
        "weapon": 1,
        "pilot_injury": 0.3265,
        "pilot_skill": 0.5177,
        "mission_priority": 0.0879,
        "estimated_landing_time": 664.0,
        "wait_time": 0,
        "Landing_success_rate": 0.862
    },
    {
        "model": 1,
        "sequence": 21,
        "status": 1,
        "fuel": 7496,
        "fault": 0.0825,
        "weapon": 0,
        "pilot_injury": 0.0786,
        "pilot_skill": 0.3969,
        "mission_priority": 0.1327,
        "estimated_landing_time": 1980.0,
        "wait_time": 0,
        "Landing_success_rate": 0.9873
    },
    {
        "model": 2,
        "sequence": 11,
        "status": 1,
        "fuel": 6370,
        "fault": 0.2009,
        "weapon": 1,
        "pilot_injury": 0.8006,
        "pilot_skill": 0.2002,
        "mission_priority": 0.1675,
        "estimated_landing_time": 1040.0,
        "wait_time": 0,
        "Landing_success_rate": 0.9021
    },
    {
        "model": 2,
        "sequence": 30,
        "status": 1,
        "fuel": 6828,
        "fault": 0.9515,
        "weapon": 0,
        "pilot_injury": 0.7065,
        "pilot_skill": 0.0316,
        "mission_priority": 0.9362,
        "estimated_landing_time": 2826.0,
        "wait_time": 0,
        "Landing_success_rate": 0.8548
    },
    {
        "model": 1,
        "sequence": 10,
        "status": 1,
        "fuel": 6882,
        "fault": 0.6129,
        "weapon": 0,
        "pilot_injury": 0.7091,
        "pilot_skill": 0.871,
        "mission_priority": 0.7141,
        "estimated_landing_time": 946.0,
        "wait_time": 0,
        "Landing_success_rate": 0.8901
    },
    {
        "model": 2,
        "sequence": 23,
        "status": 1,
        "fuel": 6841,
        "fault": 0.7834,
        "weapon": 0,
        "pilot_injury": 0.8148,
        "pilot_skill": 0.0801,
        "mission_priority": 0.8948,
        "estimated_landing_time": 2168.0,
        "wait_time": 0,
        "Landing_success_rate": 0.8718
    },
    {
        "model": 0,
        "sequence": 19,
        "status": 1,
        "fuel": 6399,
        "fault": 0.5975,
        "weapon": 1,
        "pilot_injury": 0.4523,
        "pilot_skill": 0.6436,
        "mission_priority": 0.5264,
        "estimated_landing_time": 1792.0,
        "wait_time": 0,
        "Landing_success_rate": 0.8771
    },
    {
        "model": 2,
        "sequence": 25,
        "status": 1,
        "fuel": 6373,
        "fault": 0.4386,
        "weapon": 1,
        "pilot_injury": 0.0604,
        "pilot_skill": 0.2471,
        "mission_priority": 0.1595,
        "estimated_landing_time": 2356.0,
        "wait_time": 0,
        "Landing_success_rate": 0.8868
    },
    {
        "model": 0,
        "sequence": 26,
        "status": 1,
        "fuel": 6824,
        "fault": 0.6157,
        "weapon": 0,
        "pilot_injury": 0.9759,
        "pilot_skill": 0.3369,
        "mission_priority": 0.1821,
        "estimated_landing_time": 2450.0,
        "wait_time": 0,
        "Landing_success_rate": 0.8882
    }
]