[
    {
        "model": 0,
        "sequence": 20,
        "status": 1,
        "fuel": 6961,
        "fault": 0.0736,
        "weapon": 1,
        "pilot_injury": 0.1,
        "pilot_skill": 0.934,
        "mission_priority": 0.1104,
        "estimated_landing_time": 1886.0,
        "wait_time": 0,
        "Landing_success_rate": 0.9515
    },
    {
        "model": 0,
        "sequence": 4,
        "status": 1,
        "fuel": 7148,
        "fault": 0.9113,
        "weapon": 1,
        "pilot_injury": 0.6799,
        "pilot_skill": 0.2654,
        "mission_priority": 0.3303,
        "estimated_landing_time": 382.0,
        "wait_time": 0,
        "Landing_success_rate": 0.861
    },
    {
        "model": 2,
        "sequence": 8,
        "status": 1,
        "fuel": 7132,
        "fault": 0.5887,
        "weapon": 0,
        "pilot_injury": 0.0203,
        "pilot_skill": 0.5621,
        "mission_priority": 0.4653,
        "estimated_landing_time": 758.0,
        "wait_time": 0,
        "Landing_success_rate": 0.9003
    },
    {
        "model": 1,
        "sequence": 15,
        "status": 1,
        "fuel": 5844,
        "fault": 0.406,
        "weapon": 1,
        "pilot_injury": 0.8409,
        "pilot_skill": 0.1462,
        "mission_priority": 0.8913,
        "estimated_landing_time": 1416.0,
        "wait_time": 0,
        "Landing_success_rate": 0.8653
    },
    {
        "model": 0,
        "sequence": 25,
        "status": 1,
        "fuel": 5966,
        "fault": 0.4737,
        "weapon": 1,
        "pilot_injury": 0.8966,
        "pilot_skill": 0.2999,
        "mission_priority": 0.1818,
        "estimated_landing_time": 2356.0,
        "wait_time": 0,
        "Landing_success_rate": 0.8684
    },
    {
        "model": 0,
        "sequence": 7,
        "status": 1,
        "fuel": 7346,
        "fault": 0.7987,
        "weapon": 1,
        "pilot_injury": 0.5278,
        "pilot_skill": 0.2753,
        "mission_priority": 0.8645,
        "estimated_landing_time": 664.0,
        "wait_time": 0,
        "Landing_success_rate": 0.8779
    },
    {
        "model": 2,
        "sequence": 24,
        "status": 1,
        "fuel": 7498,
        "fault": 0.9314,
        "weapon": 1,
        "pilot_injury": 0.8055,
        "pilot_skill": 0.3302,
        "mission_priority": 0.3202,
        "estimated_landing_time": 2262.0,
        "wait_time": 0,
        "Landing_success_rate": 0.8603
    },
    {
        "model": 1,
        "sequence": 13,
        "status": 1,
        "fuel": 7439,
        "fault": 0.326,
        "weapon": 1,
        "pilot_injury": 0.4421,
        "pilot_skill": 0.6286,
        "mission_priority": 0.1468,
        "estimated_landing_time": 1228.0,
        "wait_time": 0,
        "Landing_success_rate": 0.948
    },
    {
        "model": 0,
        "sequence": 2,
        "status": 1,
        "fuel": 6222,
        "fault": 0.2148,
        "weapon": 1,
        "pilot_injury": 0.2502,
        "pilot_skill": 0.7242,
        "mission_priority": 0.575,
        "estimated_landing_time": 194.0,
        "wait_time": 0,
        "Landing_success_rate": 0.8925
    },
    {
        "model": 0,
        "sequence": 18,
        "status": 1,
        "fuel": 7400,
        "fault": 0.0199,
        "weapon": 0,
        "pilot_injury": 0.0413,
        "pilot_skill": 0.8092,
        "mission_priority": 0.5517,
        "estimated_landing_time": 1698.0,
        "wait_time": 0,
        "Landing_success_rate": 0.9897
    },
    {
        "model": 1,
        "sequence": 11,
        "status": 1,
        "fuel": 5602,
        "fault": 0.9689,
        "weapon": 1,
        "pilot_injury": 0.484,
        "pilot_skill": 0.5253,
        "mission_priority": 0.7019,
        "estimated_landing_time": 1040.0,
        "wait_time": 0,
        "Landing_success_rate": 0.8502
    },
    {
        "model": 0,
        "sequence": 19,
        "status": 1,
        "fuel": 7043,
        "fault": 0.6889,
        "weapon": 1,
        "pilot_injury": 0.406,
        "pilot_skill": 0.3699,
        "mission_priority": 0.8269,
        "estimated_landing_time": 1792.0,
        "wait_time": 0,
        "Landing_success_rate": 0.886
    },
    {
        "model": 1,
        "sequence": 12,
        "status": 1,
        "fuel": 7495,
        "fault": 0.3035,
        "weapon": 0,
        "pilot_injury": 0.725,
        "pilot_skill": 0.0157,
        "mission_priority": 0.2894,
        "estimated_landing_time": 1134.0,
        "wait_time": 0,
        "Landing_success_rate": 0.9542
    },
    {
        "model": 2,
        "sequence": 9,
        "status": 1,
        "fuel": 5893,
        "fault": 0.817,
        "weapon": 1,
        "pilot_injury": 0.3027,
        "pilot_skill": 0.486,
        "mission_priority": 0.422,
        "estimated_landing_time": 852.0,
        "wait_time": 0,
        "Landing_success_rate": 0.8554
    },
    {
        "model": 0,
        "sequence": 30,
        "status": 1,
        "fuel": 5779,
        "fault": 0.542,
        "weapon": 0,
        "pilot_injury": 0.0443,
        "pilot_skill": 0.7497,
        "mission_priority": 0.0714,
        "estimated_landing_time": 2826.0,
        "wait_time": 0,
        "Landing_success_rate": 0.8596
    },
    {
        "model": 2,
        "sequence": 22,
        "status": 1,
        "fuel": 6150,
        "fault": 0.986,
        "weapon": 1,
        "pilot_injury": 0.1411,
        "pilot_skill": 0.1259,
        "mission_priority": 0.4528,
        "estimated_landing_time": 2074.0,
        "wait_time": 0,
        "Landing_success_rate": 0.8507
    },
    {
        "model": 1,
        "sequence": 16,
        "status": 1,
        "fuel": 5930,
        "fault": 0.3562,
        "weapon": 0,
        "pilot_injury": 0.9794,
        "pilot_skill": 0.2578,
        "mission_priority": 0.4588,
        "estimated_landing_time": 1510.0,
        "wait_time": 0,
        "Landing_success_rate": 0.8708
    },
    {
        "model": 2,
        "sequence": 21,
        "status": 1,
        "fuel": 5770,
        "fault": 0.6569,
        "weapon": 1,
        "pilot_injury": 0.756,
        "pilot_skill": 0.5211,
        "mission_priority": 0.2856,
        "estimated_landing_time": 1980.0,
        "wait_time": 0,
        "Landing_success_rate": 0.8569
    },
    {
        "model": 2,
        "sequence": 5,
        "status": 1,
        "fuel": 6412,
        "fault": 0.4672,
        "weapon": 1,
        "pilot_injury": 0.1182,
        "pilot_skill": 0.37,
        "mission_priority": 0.1515,
        "estimated_landing_time": 476.0,
        "wait_time": 0,
        "Landing_success_rate": 0.8864
    },
    {
        "model": 2,
        "sequence": 29,
        "status": 1,
        "fuel": 6561,
        "fault": 0.6868,
        "weapon": 1,
        "pilot_injury": 0.8868,
        "pilot_skill": 0.7319,
        "mission_priority": 0.5609,
        "estimated_landing_time": 2732.0,
        "wait_time": 0,
        "Landing_success_rate": 0.8749
    },
    {
        "model": 1,
        "sequence": 27,
        "status": 1,
        "fuel": 7136,
        "fault": 0.4692,
        "weapon": 0,
        "pilot_injury": 0.5208,
        "pilot_skill": 0.5904,
        "mission_priority": 0.0601,
        "estimated_landing_time": 2544.0,
        "wait_time": 0,
        "Landing_success_rate": 0.9151
    },
    {
        "model": 1,
        "sequence": 1,
        "status": 1,
        "fuel": 6154,
        "fault": 0.1407,
        "weapon": 0,
        "pilot_injury": 0.9265,
        "pilot_skill": 0.0098,
        "mission_priority": 0.2476,
        "estimated_landing_time": 100.0,
        "wait_time": 0,
        "Landing_success_rate": 0.8921
    },
    {
        "model": 1,
        "sequence": 3,
        "status": 1,
        "fuel": 6581,
        "fault": 0.1695,
        "weapon": 1,
        "pilot_injury": 0.3201,
        "pilot_skill": 0.8405,
        "mission_priority": 0.8324,
        "estimated_landing_time": 288.0,
        "wait_time": 0,
        "Landing_success_rate": 0.9173
    },
    {
        "model": 1,
        "sequence": 17,
        "status": 1,
        "fuel": 5853,
        "fault": 0.8607,
        "weapon": 0,
        "pilot_injury": 0.7002,
        "pilot_skill": 0.6738,
        "mission_priority": 0.3869,
        "estimated_landing_time": 1604.0,
        "wait_time": 0,
        "Landing_success_rate": 0.8537
    },
    {
        "model": 1,
        "sequence": 14,
        "status": 1,
        "fuel": 6254,
        "fault": 0.0696,
        "weapon": 0,
        "pilot_injury": 0.3326,
        "pilot_skill": 0.9449,
        "mission_priority": 0.0136,
        "estimated_landing_time": 1322.0,
        "wait_time": 0,
        "Landing_success_rate": 0.9026
    },
    {
        "model": 0,
        "sequence": 23,
        "status": 1,
        "fuel": 5792,
        "fault": 0.1704,
        "weapon": 0,
        "pilot_injury": 0.1266,
        "pilot_skill": 0.8154,
        "mission_priority": 0.9184,
        "estimated_landing_time": 2168.0,
        "wait_time": 0,
        "Landing_success_rate": 0.8682
    },
    {
        "model": 0,
        "sequence": 10,
        "status": 1,
        "fuel": 6049,
        "fault": 0.8164,
        "weapon": 1,
        "pilot_injury": 0.2163,
        "pilot_skill": 0.1408,
        "mission_priority": 0.5207,
        "estimated_landing_time": 946.0,
        "wait_time": 0,
        "Landing_success_rate": 0.8576
    },
    {
        "model": 0,
        "sequence": 26,
        "status": 1,
        "fuel": 7344,
        "fault": 0.0773,
        "weapon": 0,
        "pilot_injury": 0.9956,
        "pilot_skill": 0.6022,
        "mission_priority": 0.9789,
        "estimated_landing_time": 2450.0,
        "wait_time": 0,
        "Landing_success_rate": 0.9776
    },
    {
        "model": 2,
        "sequence": 28,
        "status": 1,
        "fuel": 6900,
        "fault": 0.3472,
        "weapon": 1,
        "pilot_injury": 0.7524,
        "pilot_skill": 0.7927,
        "mission_priority": 0.233,
        "estimated_landing_time": 2638.0,
        "wait_time": 0,
        "Landing_success_rate": 0.9185
    },
    {
        "model": 2,
        "sequence": 6,
        "status": 1,
        "fuel": 5919,
        "fault": 0.2962,
        "weapon": 0,
        "pilot_injury": 0.0182,
        "pilot_skill": 0.1286,
        "mission_priority": 0.4961,
        "estimated_landing_time": 570.0,
        "wait_time": 0,
        "Landing_success_rate": 0.8721
    }
]