[
    {
        "model": 2,
        "sequence": 13,
        "status": 1,
        "fuel": 7489,
        "fault": 0.2861,
        "weapon": 0,
        "pilot_injury": 0.5637,
        "pilot_skill": 0.205,
        "mission_priority": 0.742,
        "estimated_landing_time": 1228.0,
        "wait_time": 0,
        "Landing_success_rate": 0.9565
    },
    {
        "model": 1,
        "sequence": 7,
        "status": 1,
        "fuel": 5962,
        "fault": 0.4626,
        "weapon": 0,
        "pilot_injury": 0.1982,
        "pilot_skill": 0.8744,
        "mission_priority": 0.3525,
        "estimated_landing_time": 664.0,
        "wait_time": 0,
        "Landing_success_rate": 0.8686
    },
    {
        "model": 1,
        "sequence": 24,
        "status": 1,
        "fuel": 6133,
        "fault": 0.4289,
        "weapon": 0,
        "pilot_injury": 0.9059,
        "pilot_skill": 0.1266,
        "mission_priority": 0.1785,
        "estimated_landing_time": 2262.0,
        "wait_time": 0,
        "Landing_success_rate": 0.8771
    },
    {
        "model": 0,
        "sequence": 10,
        "status": 1,
        "fuel": 5731,
        "fault": 0.2344,
        "weapon": 1,
        "pilot_injury": 0.196,
        "pilot_skill": 0.9438,
        "mission_priority": 0.9765,
        "estimated_landing_time": 946.0,
        "wait_time": 0,
        "Landing_success_rate": 0.8633
    },
    {
        "model": 2,
        "sequence": 14,
        "status": 1,
        "fuel": 5524,
        "fault": 0.3215,
        "weapon": 1,
        "pilot_injury": 0.5448,
        "pilot_skill": 0.2697,
        "mission_priority": 0.7024,
        "estimated_landing_time": 1322.0,
        "wait_time": 0,
        "Landing_success_rate": 0.8512
    },
    {
        "model": 1,
        "sequence": 5,
        "status": 1,
        "fuel": 6007,
        "fault": 0.4536,
        "weapon": 1,
        "pilot_injury": 0.265,
        "pilot_skill": 0.6721,
        "mission_priority": 0.052,
        "estimated_landing_time": 476.0,
        "wait_time": 0,
        "Landing_success_rate": 0.8708
    },
    {
        "model": 0,
        "sequence": 25,
        "status": 1,
        "fuel": 5552,
        "fault": 0.1101,
        "weapon": 0,
        "pilot_injury": 0.9995,
        "pilot_skill": 0.8023,
        "mission_priority": 0.7867,
        "estimated_landing_time": 2356.0,
        "wait_time": 0,
        "Landing_success_rate": 0.8535
    },
    {
        "model": 0,
        "sequence": 1,
        "status": 1,
        "fuel": 5599,
        "fault": 0.7275,
        "weapon": 0,
        "pilot_injury": 0.1513,
        "pilot_skill": 0.2847,
        "mission_priority": 0.376,
        "estimated_landing_time": 100.0,
        "wait_time": 0,
        "Landing_success_rate": 0.852
    },
    {
        "model": 0,
        "sequence": 2,
        "status": 1,
        "fuel": 5962,
        "fault": 0.8802,
        "weapon": 0,
        "pilot_injury": 0.0775,
        "pilot_skill": 0.018,
        "mission_priority": 0.1023,
        "estimated_landing_time": 194.0,
        "wait_time": 0,
        "Landing_success_rate": 0.8542
    },
    {
        "model": 1,
        "sequence": 15,
        "status": 1,
        "fuel": 5887,
        "fault": 0.6994,
        "weapon": 1,
        "pilot_injury": 0.6374,
        "pilot_skill": 0.8018,
        "mission_priority": 0.4664,
        "estimated_landing_time": 1416.0,
        "wait_time": 0,
        "Landing_success_rate": 0.8587
    },
    {
        "model": 0,
        "sequence": 19,
        "status": 1,
        "fuel": 7027,
        "fault": 0.9811,
        "weapon": 1,
        "pilot_injury": 0.8759,
        "pilot_skill": 0.7832,
        "mission_priority": 0.1681,
        "estimated_landing_time": 1792.0,
        "wait_time": 0,
        "Landing_success_rate": 0.8522
    },
    {
        "model": 2,
        "sequence": 20,
        "status": 1,
        "fuel": 6061,
        "fault": 0.0275,
        "weapon": 1,
        "pilot_injury": 0.6251,
        "pilot_skill": 0.9462,
        "mission_priority": 0.5798,
        "estimated_landing_time": 1886.0,
        "wait_time": 0,
        "Landing_success_rate": 0.8909
    },
    {
        "model": 2,
        "sequence": 28,
        "status": 1,
        "fuel": 6983,
        "fault": 0.1734,
        "weapon": 0,
        "pilot_injury": 0.0629,
        "pilot_skill": 0.1873,
        "mission_priority": 0.0325,
        "estimated_landing_time": 2638.0,
        "wait_time": 0,
        "Landing_success_rate": 0.9419
    },
    {
        "model": 1,
        "sequence": 6,
        "status": 1,
        "fuel": 5520,
        "fault": 0.7456,
        "weapon": 0,
        "pilot_injury": 0.1361,
        "pilot_skill": 0.8361,
        "mission_priority": 0.1548,
        "estimated_landing_time": 570.0,
        "wait_time": 0,
        "Landing_success_rate": 0.8504
    },
    {
        "model": 2,
        "sequence": 9,
        "status": 1,
        "fuel": 7003,
        "fault": 0.249,
        "weapon": 0,
        "pilot_injury": 0.8887,
        "pilot_skill": 0.0617,
        "mission_priority": 0.4501,
        "estimated_landing_time": 852.0,
        "wait_time": 0,
        "Landing_success_rate": 0.9347
    },
    {
        "model": 0,
        "sequence": 22,
        "status": 1,
        "fuel": 7156,
        "fault": 0.9866,
        "weapon": 0,
        "pilot_injury": 0.6495,
        "pilot_skill": 0.3026,
        "mission_priority": 0.46,
        "estimated_landing_time": 2074.0,
        "wait_time": 0,
        "Landing_success_rate": 0.8517
    },
    {
        "model": 1,
        "sequence": 23,
        "status": 1,
        "fuel": 6252,
        "fault": 0.0545,
        "weapon": 0,
        "pilot_injury": 0.1595,
        "pilot_skill": 0.8856,
        "mission_priority": 0.01,
        "estimated_landing_time": 2168.0,
        "wait_time": 0,
        "Landing_success_rate": 0.9033
    },
    {
        "model": 0,
        "sequence": 27,
        "status": 1,
        "fuel": 5895,
        "fault": 0.1708,
        "weapon": 0,
        "pilot_injury": 0.3317,
        "pilot_skill": 0.7231,
        "mission_priority": 0.5078,
        "estimated_landing_time": 2544.0,
        "wait_time": 0,
        "Landing_success_rate": 0.8746
    },
    {
        "model": 1,
        "sequence": 4,
        "status": 1,
        "fuel": 7003,
        "fault": 0.1163,
        "weapon": 1,
        "pilot_injury": 0.3895,
        "pilot_skill": 0.2411,
        "mission_priority": 0.0157,
        "estimated_landing_time": 382.0,
        "wait_time": 0,
        "Landing_success_rate": 0.9496
    },
    {
        "model": 1,
        "sequence": 11,
        "status": 1,
        "fuel": 6849,
        "fault": 0.2972,
        "weapon": 1,
        "pilot_injury": 0.2568,
        "pilot_skill": 0.0925,
        "mission_priority": 0.1009,
        "estimated_landing_time": 1040.0,
        "wait_time": 0,
        "Landing_success_rate": 0.9211
    },
    {
        "model": 0,
        "sequence": 18,
        "status": 1,
        "fuel": 7393,
        "fault": 0.7827,
        "weapon": 0,
        "pilot_injury": 0.0022,
        "pilot_skill": 0.6387,
        "mission_priority": 0.1412,
        "estimated_landing_time": 1698.0,
        "wait_time": 0,
        "Landing_success_rate": 0.8809
    },
    {
        "model": 2,
        "sequence": 21,
        "status": 1,
        "fuel": 5773,
        "fault": 0.8422,
        "weapon": 0,
        "pilot_injury": 0.9551,
        "pilot_skill": 0.6109,
        "mission_priority": 0.0013,
        "estimated_landing_time": 1980.0,
        "wait_time": 0,
        "Landing_success_rate": 0.8532
    },
    {
        "model": 2,
        "sequence": 17,
        "status": 1,
        "fuel": 7197,
        "fault": 0.5217,
        "weapon": 1,
        "pilot_injury": 0.0904,
        "pilot_skill": 0.9479,
        "mission_priority": 0.2586,
        "estimated_landing_time": 1604.0,
        "wait_time": 0,
        "Landing_success_rate": 0.9109
    },
    {
        "model": 1,
        "sequence": 29,
        "status": 1,
        "fuel": 7245,
        "fault": 0.3156,
        "weapon": 1,
        "pilot_injury": 0.0512,
        "pilot_skill": 0.4965,
        "mission_priority": 0.1233,
        "estimated_landing_time": 2732.0,
        "wait_time": 0,
        "Landing_success_rate": 0.9396
    },
    {
        "model": 0,
        "sequence": 12,
        "status": 1,
        "fuel": 6979,
        "fault": 0.2435,
        "weapon": 1,
        "pilot_injury": 0.7728,
        "pilot_skill": 0.8032,
        "mission_priority": 0.1534,
        "estimated_landing_time": 1134.0,
        "wait_time": 0,
        "Landing_success_rate": 0.9339
    },
    {
        "model": 0,
        "sequence": 8,
        "status": 1,
        "fuel": 6626,
        "fault": 0.5657,
        "weapon": 1,
        "pilot_injury": 0.1514,
        "pilot_skill": 0.7985,
        "mission_priority": 0.7072,
        "estimated_landing_time": 758.0,
        "wait_time": 0,
        "Landing_success_rate": 0.8867
    },
    {
        "model": 1,
        "sequence": 30,
        "status": 1,
        "fuel": 6615,
        "fault": 0.8094,
        "weapon": 0,
        "pilot_injury": 0.1058,
        "pilot_skill": 0.6282,
        "mission_priority": 0.1214,
        "estimated_landing_time": 2826.0,
        "wait_time": 0,
        "Landing_success_rate": 0.8659
    },
    {
        "model": 2,
        "sequence": 26,
        "status": 1,
        "fuel": 7167,
        "fault": 0.0704,
        "weapon": 1,
        "pilot_injury": 0.3902,
        "pilot_skill": 0.5786,
        "mission_priority": 0.9113,
        "estimated_landing_time": 2450.0,
        "wait_time": 0,
        "Landing_success_rate": 0.9662
    },
    {
        "model": 0,
        "sequence": 3,
        "status": 1,
        "fuel": 6334,
        "fault": 0.5012,
        "weapon": 0,
        "pilot_injury": 0.3787,
        "pilot_skill": 0.8431,
        "mission_priority": 0.6442,
        "estimated_landing_time": 288.0,
        "wait_time": 0,
        "Landing_success_rate": 0.8812
    },
    {
        "model": 2,
        "sequence": 16,
        "status": 1,
        "fuel": 7430,
        "fault": 0.4195,
        "weapon": 0,
        "pilot_injury": 0.894,
        "pilot_skill": 0.9198,
        "mission_priority": 0.0948,
        "estimated_landing_time": 1510.0,
        "wait_time": 0,
        "Landing_success_rate": 0.934
    }
]