[
    {
        "model": 1,
        "sequence": 28,
        "status": 1,
        "fuel": 6297,
        "fault": 0.6451,
        "weapon": 0,
        "pilot_injury": 0.4925,
        "pilot_skill": 0.1952,
        "mission_priority": 0.7225,
        "estimated_landing_time": 2638.0,
        "wait_time": 0,
        "Landing_success_rate": 0.8712
    },
    {
        "model": 0,
        "sequence": 18,
        "status": 1,
        "fuel": 6158,
        "fault": 0.572,
        "weapon": 1,
        "pilot_injury": 0.6455,
        "pilot_skill": 0.1771,
        "mission_priority": 0.9405,
        "estimated_landing_time": 1698.0,
        "wait_time": 0,
        "Landing_success_rate": 0.8711
    },
    {
        "model": 0,
        "sequence": 2,
        "status": 1,
        "fuel": 5976,
        "fault": 0.2796,
        "weapon": 1,
        "pilot_injury": 0.3702,
        "pilot_skill": 0.0155,
        "mission_priority": 0.9283,
        "estimated_landing_time": 194.0,
        "wait_time": 0,
        "Landing_success_rate": 0.8757
    },
    {
        "model": 2,
        "sequence": 22,
        "status": 1,
        "fuel": 5996,
        "fault": 0.5528,
        "weapon": 0,
        "pilot_injury": 0.9636,
        "pilot_skill": 0.853,
        "mission_priority": 0.2944,
        "estimated_landing_time": 2074.0,
        "wait_time": 0,
        "Landing_success_rate": 0.8666
    },
    {
        "model": 2,
        "sequence": 19,
        "status": 1,
        "fuel": 6480,
        "fault": 0.1909,
        "weapon": 0,
        "pilot_injury": 0.3169,
        "pilot_skill": 0.1695,
        "mission_priority": 0.5568,
        "estimated_landing_time": 1792.0,
        "wait_time": 0,
        "Landing_success_rate": 0.9095
    },
    {
        "model": 0,
        "sequence": 9,
        "status": 1,
        "fuel": 7258,
        "fault": 0.8442,
        "weapon": 0,
        "pilot_injury": 0.5701,
        "pilot_skill": 0.0972,
        "mission_priority": 0.615,
        "estimated_landing_time": 852.0,
        "wait_time": 0,
        "Landing_success_rate": 0.8705
    },
    {
        "model": 0,
        "sequence": 26,
        "status": 1,
        "fuel": 6353,
        "fault": 0.3586,
        "weapon": 0,
        "pilot_injury": 0.5183,
        "pilot_skill": 0.8774,
        "mission_priority": 0.7408,
        "estimated_landing_time": 2450.0,
        "wait_time": 0,
        "Landing_success_rate": 0.891
    },
    {
        "model": 2,
        "sequence": 5,
        "status": 1,
        "fuel": 7452,
        "fault": 0.1366,
        "weapon": 1,
        "pilot_injury": 0.3595,
        "pilot_skill": 0.2936,
        "mission_priority": 0.8094,
        "estimated_landing_time": 476.0,
        "wait_time": 0,
        "Landing_success_rate": 0.9764
    },
    {
        "model": 2,
        "sequence": 10,
        "status": 1,
        "fuel": 7390,
        "fault": 0.2562,
        "weapon": 1,
        "pilot_injury": 0.9132,
        "pilot_skill": 0.5113,
        "mission_priority": 0.5015,
        "estimated_landing_time": 946.0,
        "wait_time": 0,
        "Landing_success_rate": 0.9554
    },
    {
        "model": 2,
        "sequence": 15,
        "status": 1,
        "fuel": 6184,
        "fault": 0.1943,
        "weapon": 1,
        "pilot_injury": 0.702,
        "pilot_skill": 0.7958,
        "mission_priority": 0.89,
        "estimated_landing_time": 1416.0,
        "wait_time": 0,
        "Landing_success_rate": 0.8913
    },
    {
        "model": 1,
        "sequence": 13,
        "status": 1,
        "fuel": 5970,
        "fault": 0.0276,
        "weapon": 1,
        "pilot_injury": 0.094,
        "pilot_skill": 0.5783,
        "mission_priority": 0.0359,
        "estimated_landing_time": 1228.0,
        "wait_time": 0,
        "Landing_success_rate": 0.8843
    },
    {
        "model": 0,
        "sequence": 25,
        "status": 1,
        "fuel": 7188,
        "fault": 0.155,
        "weapon": 1,
        "pilot_injury": 0.2865,
        "pilot_skill": 0.5908,
        "mission_priority": 0.0305,
        "estimated_landing_time": 2356.0,
        "wait_time": 0,
        "Landing_success_rate": 0.957
    },
    {
        "model": 2,
        "sequence": 6,
        "status": 1,
        "fuel": 7215,
        "fault": 0.0388,
        "weapon": 0,
        "pilot_injury": 0.3602,
        "pilot_skill": 0.1271,
        "mission_priority": 0.5222,
        "estimated_landing_time": 570.0,
        "wait_time": 0,
        "Landing_success_rate": 0.9736
    },
    {
        "model": 0,
        "sequence": 23,
        "status": 1,
        "fuel": 6576,
        "fault": 0.2715,
        "weapon": 1,
        "pilot_injury": 0.6229,
        "pilot_skill": 0.0853,
        "mission_priority": 0.0517,
        "estimated_landing_time": 2168.0,
        "wait_time": 0,
        "Landing_success_rate": 0.9088
    },
    {
        "model": 1,
        "sequence": 11,
        "status": 1,
        "fuel": 6383,
        "fault": 0.4114,
        "weapon": 0,
        "pilot_injury": 0.6374,
        "pilot_skill": 0.7261,
        "mission_priority": 0.9759,
        "estimated_landing_time": 1040.0,
        "wait_time": 0,
        "Landing_success_rate": 0.889
    },
    {
        "model": 1,
        "sequence": 12,
        "status": 1,
        "fuel": 6135,
        "fault": 0.7146,
        "weapon": 0,
        "pilot_injury": 0.7952,
        "pilot_skill": 0.2708,
        "mission_priority": 0.439,
        "estimated_landing_time": 1134.0,
        "wait_time": 0,
        "Landing_success_rate": 0.8636
    },
    {
        "model": 2,
        "sequence": 24,
        "status": 1,
        "fuel": 7474,
        "fault": 0.2509,
        "weapon": 1,
        "pilot_injury": 0.9626,
        "pilot_skill": 0.836,
        "mission_priority": 0.696,
        "estimated_landing_time": 2262.0,
        "wait_time": 0,
        "Landing_success_rate": 0.9609
    },
    {
        "model": 1,
        "sequence": 27,
        "status": 1,
        "fuel": 6512,
        "fault": 0.0582,
        "weapon": 1,
        "pilot_injury": 0.1564,
        "pilot_skill": 0.2502,
        "mission_priority": 0.5492,
        "estimated_landing_time": 2544.0,
        "wait_time": 0,
        "Landing_success_rate": 0.9215
    },
    {
        "model": 0,
        "sequence": 17,
        "status": 1,
        "fuel": 6059,
        "fault": 0.1829,
        "weapon": 0,
        "pilot_injury": 0.2799,
        "pilot_skill": 0.9549,
        "mission_priority": 0.7379,
        "estimated_landing_time": 1604.0,
        "wait_time": 0,
        "Landing_success_rate": 0.8843
    },
    {
        "model": 2,
        "sequence": 3,
        "status": 1,
        "fuel": 6970,
        "fault": 0.4357,
        "weapon": 0,
        "pilot_injury": 0.4196,
        "pilot_skill": 0.2477,
        "mission_priority": 0.356,
        "estimated_landing_time": 288.0,
        "wait_time": 0,
        "Landing_success_rate": 0.9122
    },
    {
        "model": 0,
        "sequence": 7,
        "status": 1,
        "fuel": 6496,
        "fault": 0.1202,
        "weapon": 0,
        "pilot_injury": 0.1161,
        "pilot_skill": 0.046,
        "mission_priority": 0.0407,
        "estimated_landing_time": 664.0,
        "wait_time": 0,
        "Landing_success_rate": 0.9157
    },
    {
        "model": 0,
        "sequence": 8,
        "status": 1,
        "fuel": 7273,
        "fault": 0.9795,
        "weapon": 0,
        "pilot_injury": 0.4742,
        "pilot_skill": 0.0978,
        "mission_priority": 0.4916,
        "estimated_landing_time": 758.0,
        "wait_time": 0,
        "Landing_success_rate": 0.8527
    },
    {
        "model": 1,
        "sequence": 20,
        "status": 1,
        "fuel": 6050,
        "fault": 0.3463,
        "weapon": 1,
        "pilot_injury": 0.4339,
        "pilot_skill": 0.3985,
        "mission_priority": 0.6159,
        "estimated_landing_time": 1886.0,
        "wait_time": 0,
        "Landing_success_rate": 0.877
    },
    {
        "model": 1,
        "sequence": 16,
        "status": 1,
        "fuel": 7360,
        "fault": 0.8867,
        "weapon": 1,
        "pilot_injury": 0.3746,
        "pilot_skill": 0.6259,
        "mission_priority": 0.5031,
        "estimated_landing_time": 1510.0,
        "wait_time": 0,
        "Landing_success_rate": 0.8658
    },
    {
        "model": 1,
        "sequence": 21,
        "status": 1,
        "fuel": 6268,
        "fault": 0.5394,
        "weapon": 0,
        "pilot_injury": 0.1629,
        "pilot_skill": 0.0706,
        "mission_priority": 0.6424,
        "estimated_landing_time": 1980.0,
        "wait_time": 0,
        "Landing_success_rate": 0.8765
    },
    {
        "model": 1,
        "sequence": 14,
        "status": 1,
        "fuel": 5996,
        "fault": 0.8672,
        "weapon": 1,
        "pilot_injury": 0.9402,
        "pilot_skill": 0.5755,
        "mission_priority": 0.3882,
        "estimated_landing_time": 1322.0,
        "wait_time": 0,
        "Landing_success_rate": 0.8549
    },
    {
        "model": 1,
        "sequence": 29,
        "status": 1,
        "fuel": 5879,
        "fault": 0.1285,
        "weapon": 0,
        "pilot_injury": 0.5456,
        "pilot_skill": 0.9415,
        "mission_priority": 0.3861,
        "estimated_landing_time": 2732.0,
        "wait_time": 0,
        "Landing_success_rate": 0.8748
    },
    {
        "model": 2,
        "sequence": 30,
        "status": 1,
        "fuel": 6940,
        "fault": 0.6515,
        "weapon": 0,
        "pilot_injury": 0.1958,
        "pilot_skill": 0.0694,
        "mission_priority": 0.1008,
        "estimated_landing_time": 2826.0,
        "wait_time": 0,
        "Landing_success_rate": 0.8876
    },
    {
        "model": 0,
        "sequence": 1,
        "status": 1,
        "fuel": 7421,
        "fault": 0.039,
        "weapon": 1,
        "pilot_injury": 0.683,
        "pilot_skill": 0.0712,
        "mission_priority": 0.319,
        "estimated_landing_time": 100.0,
        "wait_time": 0,
        "Landing_success_rate": 0.9885
    },
    {
        "model": 0,
        "sequence": 4,
        "status": 1,
        "fuel": 7445,
        "fault": 0.6816,
        "weapon": 1,
        "pilot_injury": 0.8145,
        "pilot_skill": 0.2819,
        "mission_priority": 0.1182,
        "estimated_landing_time": 382.0,
        "wait_time": 0,
        "Landing_success_rate": 0.8964
    }
]