[
    {
        "model": 2,
        "sequence": 10,
        "status": 1,
        "fuel": 5729,
        "fault": 0.321,
        "weapon": 0,
        "pilot_injury": 0.7049,
        "pilot_skill": 0.2049,
        "mission_priority": 0.8947,
        "estimated_landing_time": 946.0,
        "wait_time": 0,
        "Landing_success_rate": 0.8617
    },
    {
        "model": 1,
        "sequence": 5,
        "status": 1,
        "fuel": 6762,
        "fault": 0.7622,
        "weapon": 1,
        "pilot_injury": 0.9391,
        "pilot_skill": 0.2719,
        "mission_priority": 0.5098,
        "estimated_landing_time": 476.0,
        "wait_time": 0,
        "Landing_success_rate": 0.8725
    },
    {
        "model": 2,
        "sequence": 4,
        "status": 1,
        "fuel": 7016,
        "fault": 0.4661,
        "weapon": 1,
        "pilot_injury": 0.8884,
        "pilot_skill": 0.8513,
        "mission_priority": 0.4334,
        "estimated_landing_time": 382.0,
        "wait_time": 0,
        "Landing_success_rate": 0.9107
    },
    {
        "model": 2,
        "sequence": 16,
        "status": 1,
        "fuel": 6430,
        "fault": 0.0956,
        "weapon": 1,
        "pilot_injury": 0.0402,
        "pilot_skill": 0.7532,
        "mission_priority": 0.4254,
        "estimated_landing_time": 1510.0,
        "wait_time": 0,
        "Landing_success_rate": 0.9131
    },
    {
        "model": 2,
        "sequence": 21,
        "status": 1,
        "fuel": 5780,
        "fault": 0.4254,
        "weapon": 0,
        "pilot_injury": 0.8556,
        "pilot_skill": 0.48,
        "mission_priority": 0.8272,
        "estimated_landing_time": 1980.0,
        "wait_time": 0,
        "Landing_success_rate": 0.8621
    },
    {
        "model": 0,
        "sequence": 2,
        "status": 1,
        "fuel": 5742,
        "fault": 0.2997,
        "weapon": 1,
        "pilot_injury": 0.2979,
        "pilot_skill": 0.9498,
        "mission_priority": 0.1517,
        "estimated_landing_time": 194.0,
        "wait_time": 0,
        "Landing_success_rate": 0.8627
    },
    {
        "model": 1,
        "sequence": 8,
        "status": 1,
        "fuel": 6932,
        "fault": 0.4316,
        "weapon": 0,
        "pilot_injury": 0.9013,
        "pilot_skill": 0.5408,
        "mission_priority": 0.7188,
        "estimated_landing_time": 758.0,
        "wait_time": 0,
        "Landing_success_rate": 0.911
    },
    {
        "model": 0,
        "sequence": 20,
        "status": 1,
        "fuel": 5614,
        "fault": 0.2094,
        "weapon": 0,
        "pilot_injury": 0.835,
        "pilot_skill": 0.3586,
        "mission_priority": 0.455,
        "estimated_landing_time": 1886.0,
        "wait_time": 0,
        "Landing_success_rate": 0.8568
    },
    {
        "model": 1,
        "sequence": 27,
        "status": 1,
        "fuel": 6165,
        "fault": 0.5001,
        "weapon": 1,
        "pilot_injury": 0.7704,
        "pilot_skill": 0.8213,
        "mission_priority": 0.6988,
        "estimated_landing_time": 2544.0,
        "wait_time": 0,
        "Landing_success_rate": 0.8749
    },
    {
        "model": 0,
        "sequence": 23,
        "status": 1,
        "fuel": 5743,
        "fault": 0.2039,
        "weapon": 0,
        "pilot_injury": 0.5383,
        "pilot_skill": 0.7426,
        "mission_priority": 0.2473,
        "estimated_landing_time": 2168.0,
        "wait_time": 0,
        "Landing_success_rate": 0.8645
    },
    {
        "model": 0,
        "sequence": 25,
        "status": 1,
        "fuel": 6476,
        "fault": 0.8932,
        "weapon": 0,
        "pilot_injury": 0.0277,
        "pilot_skill": 0.1395,
        "mission_priority": 0.5703,
        "estimated_landing_time": 2356.0,
        "wait_time": 0,
        "Landing_success_rate": 0.8578
    },
    {
        "model": 2,
        "sequence": 7,
        "status": 1,
        "fuel": 7133,
        "fault": 0.6893,
        "weapon": 1,
        "pilot_injury": 0.3551,
        "pilot_skill": 0.978,
        "mission_priority": 0.7039,
        "estimated_landing_time": 664.0,
        "wait_time": 0,
        "Landing_success_rate": 0.8881
    },
    {
        "model": 2,
        "sequence": 1,
        "status": 1,
        "fuel": 7482,
        "fault": 0.768,
        "weapon": 1,
        "pilot_injury": 0.2359,
        "pilot_skill": 0.3742,
        "mission_priority": 0.1826,
        "estimated_landing_time": 100.0,
        "wait_time": 0,
        "Landing_success_rate": 0.8845
    },
    {
        "model": 0,
        "sequence": 18,
        "status": 1,
        "fuel": 7259,
        "fault": 0.7559,
        "weapon": 1,
        "pilot_injury": 0.5336,
        "pilot_skill": 0.6957,
        "mission_priority": 0.774,
        "estimated_landing_time": 1698.0,
        "wait_time": 0,
        "Landing_success_rate": 0.8822
    },
    {
        "model": 1,
        "sequence": 26,
        "status": 1,
        "fuel": 6832,
        "fault": 0.1554,
        "weapon": 1,
        "pilot_injury": 0.1222,
        "pilot_skill": 0.4312,
        "mission_priority": 0.434,
        "estimated_landing_time": 2450.0,
        "wait_time": 0,
        "Landing_success_rate": 0.9344
    },
    {
        "model": 1,
        "sequence": 13,
        "status": 1,
        "fuel": 6792,
        "fault": 0.6536,
        "weapon": 1,
        "pilot_injury": 0.8051,
        "pilot_skill": 0.6367,
        "mission_priority": 0.8854,
        "estimated_landing_time": 1228.0,
        "wait_time": 0,
        "Landing_success_rate": 0.8836
    },
    {
        "model": 2,
        "sequence": 17,
        "status": 1,
        "fuel": 7194,
        "fault": 0.2266,
        "weapon": 0,
        "pilot_injury": 0.5638,
        "pilot_skill": 0.5252,
        "mission_priority": 0.7241,
        "estimated_landing_time": 1604.0,
        "wait_time": 0,
        "Landing_success_rate": 0.9483
    },
    {
        "model": 2,
        "sequence": 22,
        "status": 1,
        "fuel": 6482,
        "fault": 0.7193,
        "weapon": 1,
        "pilot_injury": 0.9345,
        "pilot_skill": 0.7139,
        "mission_priority": 0.0368,
        "estimated_landing_time": 2074.0,
        "wait_time": 0,
        "Landing_success_rate": 0.8707
    },
    {
        "model": 1,
        "sequence": 3,
        "status": 1,
        "fuel": 6792,
        "fault": 0.1483,
        "weapon": 1,
        "pilot_injury": 0.9586,
        "pilot_skill": 0.3702,
        "mission_priority": 0.8412,
        "estimated_landing_time": 288.0,
        "wait_time": 0,
        "Landing_success_rate": 0.9325
    },
    {
        "model": 1,
        "sequence": 24,
        "status": 1,
        "fuel": 6745,
        "fault": 0.8869,
        "weapon": 1,
        "pilot_injury": 0.8458,
        "pilot_skill": 0.3242,
        "mission_priority": 0.5932,
        "estimated_landing_time": 2262.0,
        "wait_time": 0,
        "Landing_success_rate": 0.8606
    },
    {
        "model": 1,
        "sequence": 29,
        "status": 1,
        "fuel": 6517,
        "fault": 0.1381,
        "weapon": 0,
        "pilot_injury": 0.7405,
        "pilot_skill": 0.4409,
        "mission_priority": 0.8883,
        "estimated_landing_time": 2732.0,
        "wait_time": 0,
        "Landing_success_rate": 0.9157
    },
    {
        "model": 2,
        "sequence": 30,
        "status": 1,
        "fuel": 5950,
        "fault": 0.9616,
        "weapon": 0,
        "pilot_injury": 0.4582,
        "pilot_skill": 0.0376,
        "mission_priority": 0.4923,
        "estimated_landing_time": 2826.0,
        "wait_time": 0,
        "Landing_success_rate": 0.8513
    },
    {
        "model": 1,
        "sequence": 15,
        "status": 1,
        "fuel": 7242,
        "fault": 0.3246,
        "weapon": 1,
        "pilot_injury": 0.9826,
        "pilot_skill": 0.8077,
        "mission_priority": 0.7098,
        "estimated_landing_time": 1416.0,
        "wait_time": 0,
        "Landing_success_rate": 0.9382
    },
    {
        "model": 2,
        "sequence": 14,
        "status": 1,
        "fuel": 6239,
        "fault": 0.0449,
        "weapon": 1,
        "pilot_injury": 0.7207,
        "pilot_skill": 0.4219,
        "mission_priority": 0.8453,
        "estimated_landing_time": 1322.0,
        "wait_time": 0,
        "Landing_success_rate": 0.9029
    },
    {
        "model": 0,
        "sequence": 19,
        "status": 1,
        "fuel": 6155,
        "fault": 0.1291,
        "weapon": 0,
        "pilot_injury": 0.7925,
        "pilot_skill": 0.0921,
        "mission_priority": 0.0556,
        "estimated_landing_time": 1792.0,
        "wait_time": 0,
        "Landing_success_rate": 0.8928
    },
    {
        "model": 0,
        "sequence": 12,
        "status": 1,
        "fuel": 5747,
        "fault": 0.4281,
        "weapon": 0,
        "pilot_injury": 0.582,
        "pilot_skill": 0.4437,
        "mission_priority": 0.022,
        "estimated_landing_time": 1134.0,
        "wait_time": 0,
        "Landing_success_rate": 0.8606
    },
    {
        "model": 0,
        "sequence": 9,
        "status": 1,
        "fuel": 7374,
        "fault": 0.9521,
        "weapon": 0,
        "pilot_injury": 0.6077,
        "pilot_skill": 0.5238,
        "mission_priority": 0.9444,
        "estimated_landing_time": 852.0,
        "wait_time": 0,
        "Landing_success_rate": 0.8567
    },
    {
        "model": 1,
        "sequence": 6,
        "status": 1,
        "fuel": 6570,
        "fault": 0.4628,
        "weapon": 1,
        "pilot_injury": 0.7567,
        "pilot_skill": 0.7752,
        "mission_priority": 0.4049,
        "estimated_landing_time": 570.0,
        "wait_time": 0,
        "Landing_success_rate": 0.8931
    },
    {
        "model": 2,
        "sequence": 28,
        "status": 1,
        "fuel": 6171,
        "fault": 0.8749,
        "weapon": 1,
        "pilot_injury": 0.0124,
        "pilot_skill": 0.1723,
        "mission_priority": 0.8202,
        "estimated_landing_time": 2638.0,
        "wait_time": 0,
        "Landing_success_rate": 0.8563
    },
    {
        "model": 1,
        "sequence": 11,
        "status": 1,
        "fuel": 6197,
        "fault": 0.825,
        "weapon": 1,
        "pilot_injury": 0.785,
        "pilot_skill": 0.4546,
        "mission_priority": 0.4924,
        "estimated_landing_time": 1040.0,
        "wait_time": 0,
        "Landing_success_rate": 0.8591
    }
]