[
    {
        "model": 2,
        "sequence": 21,
        "status": 1,
        "fuel": 6009,
        "fault": 0.2486,
        "weapon": 1,
        "pilot_injury": 0.4813,
        "pilot_skill": 0.0192,
        "mission_priority": 0.2598,
        "estimated_landing_time": 1980.0,
        "wait_time": 0,
        "Landing_success_rate": 0.8787
    },
    {
        "model": 1,
        "sequence": 9,
        "status": 1,
        "fuel": 6149,
        "fault": 0.681,
        "weapon": 1,
        "pilot_injury": 0.5353,
        "pilot_skill": 0.2152,
        "mission_priority": 0.0121,
        "estimated_landing_time": 852.0,
        "wait_time": 0,
        "Landing_success_rate": 0.8655
    },
    {
        "model": 0,
        "sequence": 13,
        "status": 1,
        "fuel": 5741,
        "fault": 0.6293,
        "weapon": 0,
        "pilot_injury": 0.8015,
        "pilot_skill": 0.9596,
        "mission_priority": 0.4879,
        "estimated_landing_time": 1228.0,
        "wait_time": 0,
        "Landing_success_rate": 0.8567
    },
    {
        "model": 2,
        "sequence": 25,
        "status": 1,
        "fuel": 6494,
        "fault": 0.2659,
        "weapon": 0,
        "pilot_injury": 0.4544,
        "pilot_skill": 0.8444,
        "mission_priority": 0.0981,
        "estimated_landing_time": 2356.0,
        "wait_time": 0,
        "Landing_success_rate": 0.9047
    },
    {
        "model": 1,
        "sequence": 26,
        "status": 1,
        "fuel": 7317,
        "fault": 0.1272,
        "weapon": 1,
        "pilot_injury": 0.3247,
        "pilot_skill": 0.7374,
        "mission_priority": 0.476,
        "estimated_landing_time": 2450.0,
        "wait_time": 0,
        "Landing_success_rate": 0.9689
    },
    {
        "model": 1,
        "sequence": 15,
        "status": 1,
        "fuel": 7268,
        "fault": 0.6141,
        "weapon": 0,
        "pilot_injury": 0.4594,
        "pilot_skill": 0.785,
        "mission_priority": 0.8921,
        "estimated_landing_time": 1416.0,
        "wait_time": 0,
        "Landing_success_rate": 0.9012
    },
    {
        "model": 2,
        "sequence": 11,
        "status": 1,
        "fuel": 5604,
        "fault": 0.1021,
        "weapon": 1,
        "pilot_injury": 0.3154,
        "pilot_skill": 0.6881,
        "mission_priority": 0.4376,
        "estimated_landing_time": 1040.0,
        "wait_time": 0,
        "Landing_success_rate": 0.857
    },
    {
        "model": 2,
        "sequence": 10,
        "status": 1,
        "fuel": 5528,
        "fault": 0.2794,
        "weapon": 1,
        "pilot_injury": 0.0384,
        "pilot_skill": 0.9018,
        "mission_priority": 0.4615,
        "estimated_landing_time": 946.0,
        "wait_time": 0,
        "Landing_success_rate": 0.8515
    },
    {
        "model": 2,
        "sequence": 30,
        "status": 1,
        "fuel": 6214,
        "fault": 0.4955,
        "weapon": 1,
        "pilot_injury": 0.8951,
        "pilot_skill": 0.6367,
        "mission_priority": 0.6139,
        "estimated_landing_time": 2826.0,
        "wait_time": 0,
        "Landing_success_rate": 0.877
    },
    {
        "model": 2,
        "sequence": 3,
        "status": 1,
        "fuel": 6455,
        "fault": 0.4506,
        "weapon": 0,
        "pilot_injury": 0.1502,
        "pilot_skill": 0.7374,
        "mission_priority": 0.5122,
        "estimated_landing_time": 288.0,
        "wait_time": 0,
        "Landing_success_rate": 0.8894
    },
    {
        "model": 0,
        "sequence": 20,
        "status": 1,
        "fuel": 5600,
        "fault": 0.0478,
        "weapon": 1,
        "pilot_injury": 0.0848,
        "pilot_skill": 0.7163,
        "mission_priority": 0.0721,
        "estimated_landing_time": 1886.0,
        "wait_time": 0,
        "Landing_success_rate": 0.8571
    },
    {
        "model": 2,
        "sequence": 29,
        "status": 1,
        "fuel": 5907,
        "fault": 0.1054,
        "weapon": 0,
        "pilot_injury": 0.9565,
        "pilot_skill": 0.7375,
        "mission_priority": 0.3533,
        "estimated_landing_time": 2732.0,
        "wait_time": 0,
        "Landing_success_rate": 0.8773
    },
    {
        "model": 1,
        "sequence": 2,
        "status": 1,
        "fuel": 5865,
        "fault": 0.9916,
        "weapon": 1,
        "pilot_injury": 0.7747,
        "pilot_skill": 0.6614,
        "mission_priority": 0.1852,
        "estimated_landing_time": 194.0,
        "wait_time": 0,
        "Landing_success_rate": 0.8502
    },
    {
        "model": 1,
        "sequence": 18,
        "status": 1,
        "fuel": 7014,
        "fault": 0.4121,
        "weapon": 0,
        "pilot_injury": 0.6603,
        "pilot_skill": 0.7644,
        "mission_priority": 0.265,
        "estimated_landing_time": 1698.0,
        "wait_time": 0,
        "Landing_success_rate": 0.9168
    },
    {
        "model": 0,
        "sequence": 6,
        "status": 1,
        "fuel": 7073,
        "fault": 0.0826,
        "weapon": 1,
        "pilot_injury": 0.9679,
        "pilot_skill": 0.2954,
        "mission_priority": 0.7692,
        "estimated_landing_time": 570.0,
        "wait_time": 0,
        "Landing_success_rate": 0.9582
    },
    {
        "model": 1,
        "sequence": 12,
        "status": 1,
        "fuel": 6420,
        "fault": 0.976,
        "weapon": 0,
        "pilot_injury": 0.2057,
        "pilot_skill": 0.1214,
        "mission_priority": 0.615,
        "estimated_landing_time": 1134.0,
        "wait_time": 0,
        "Landing_success_rate": 0.8517
    },
    {
        "model": 1,
        "sequence": 23,
        "status": 1,
        "fuel": 7113,
        "fault": 0.0693,
        "weapon": 0,
        "pilot_injury": 0.5303,
        "pilot_skill": 0.042,
        "mission_priority": 0.9685,
        "estimated_landing_time": 2168.0,
        "wait_time": 0,
        "Landing_success_rate": 0.9626
    },
    {
        "model": 2,
        "sequence": 22,
        "status": 1,
        "fuel": 5648,
        "fault": 0.1252,
        "weapon": 0,
        "pilot_injury": 0.98,
        "pilot_skill": 0.6019,
        "mission_priority": 0.5824,
        "estimated_landing_time": 2074.0,
        "wait_time": 0,
        "Landing_success_rate": 0.8597
    },
    {
        "model": 1,
        "sequence": 5,
        "status": 1,
        "fuel": 5850,
        "fault": 0.5208,
        "weapon": 1,
        "pilot_injury": 0.6565,
        "pilot_skill": 0.1281,
        "mission_priority": 0.3383,
        "estimated_landing_time": 476.0,
        "wait_time": 0,
        "Landing_success_rate": 0.8626
    },
    {
        "model": 0,
        "sequence": 17,
        "status": 1,
        "fuel": 6435,
        "fault": 0.5985,
        "weapon": 0,
        "pilot_injury": 0.3722,
        "pilot_skill": 0.4321,
        "mission_priority": 0.4394,
        "estimated_landing_time": 1604.0,
        "wait_time": 0,
        "Landing_success_rate": 0.8782
    },
    {
        "model": 2,
        "sequence": 8,
        "status": 1,
        "fuel": 6484,
        "fault": 0.1637,
        "weapon": 1,
        "pilot_injury": 0.2407,
        "pilot_skill": 0.1215,
        "mission_priority": 0.1975,
        "estimated_landing_time": 758.0,
        "wait_time": 0,
        "Landing_success_rate": 0.9117
    },
    {
        "model": 2,
        "sequence": 28,
        "status": 1,
        "fuel": 6185,
        "fault": 0.0127,
        "weapon": 0,
        "pilot_injury": 0.2859,
        "pilot_skill": 0.8159,
        "mission_priority": 0.8614,
        "estimated_landing_time": 2638.0,
        "wait_time": 0,
        "Landing_success_rate": 0.9007
    },
    {
        "model": 0,
        "sequence": 24,
        "status": 1,
        "fuel": 5996,
        "fault": 0.2584,
        "weapon": 0,
        "pilot_injury": 0.2522,
        "pilot_skill": 0.755,
        "mission_priority": 0.4605,
        "estimated_landing_time": 2262.0,
        "wait_time": 0,
        "Landing_success_rate": 0.8776
    },
    {
        "model": 2,
        "sequence": 4,
        "status": 1,
        "fuel": 7427,
        "fault": 0.7482,
        "weapon": 1,
        "pilot_injury": 0.7764,
        "pilot_skill": 0.6562,
        "mission_priority": 0.1774,
        "estimated_landing_time": 382.0,
        "wait_time": 0,
        "Landing_success_rate": 0.8864
    },
    {
        "model": 2,
        "sequence": 1,
        "status": 1,
        "fuel": 6097,
        "fault": 0.7532,
        "weapon": 0,
        "pilot_injury": 0.9374,
        "pilot_skill": 0.0432,
        "mission_priority": 0.1648,
        "estimated_landing_time": 100.0,
        "wait_time": 0,
        "Landing_success_rate": 0.8611
    },
    {
        "model": 0,
        "sequence": 27,
        "status": 1,
        "fuel": 6040,
        "fault": 0.6853,
        "weapon": 1,
        "pilot_injury": 0.8178,
        "pilot_skill": 0.2135,
        "mission_priority": 0.5059,
        "estimated_landing_time": 2544.0,
        "wait_time": 0,
        "Landing_success_rate": 0.8627
    },
    {
        "model": 2,
        "sequence": 16,
        "status": 1,
        "fuel": 5587,
        "fault": 0.3424,
        "weapon": 1,
        "pilot_injury": 0.5422,
        "pilot_skill": 0.5903,
        "mission_priority": 0.5084,
        "estimated_landing_time": 1510.0,
        "wait_time": 0,
        "Landing_success_rate": 0.8543
    },
    {
        "model": 0,
        "sequence": 7,
        "status": 1,
        "fuel": 6202,
        "fault": 0.1059,
        "weapon": 0,
        "pilot_injury": 0.6889,
        "pilot_skill": 0.8733,
        "mission_priority": 0.6363,
        "estimated_landing_time": 664.0,
        "wait_time": 0,
        "Landing_success_rate": 0.8971
    },
    {
        "model": 0,
        "sequence": 19,
        "status": 1,
        "fuel": 6651,
        "fault": 0.4338,
        "weapon": 1,
        "pilot_injury": 0.4616,
        "pilot_skill": 0.0093,
        "mission_priority": 0.2467,
        "estimated_landing_time": 1792.0,
        "wait_time": 0,
        "Landing_success_rate": 0.8989
    },
    {
        "model": 1,
        "sequence": 14,
        "status": 1,
        "fuel": 6784,
        "fault": 0.8815,
        "weapon": 1,
        "pilot_injury": 0.0992,
        "pilot_skill": 0.4015,
        "mission_priority": 0.8001,
        "estimated_landing_time": 1322.0,
        "wait_time": 0,
        "Landing_success_rate": 0.8614
    }
]