[
    {
        "model": 0,
        "sequence": 25,
        "status": 1,
        "fuel": 6185,
        "fault": 0.8856,
        "weapon": 0,
        "pilot_injury": 0.3425,
        "pilot_skill": 0.0219,
        "mission_priority": 0.36,
        "estimated_landing_time": 2356.0,
        "wait_time": 0,
        "Landing_success_rate": 0.8559
    },
    {
        "model": 1,
        "sequence": 13,
        "status": 1,
        "fuel": 6960,
        "fault": 0.5902,
        "weapon": 0,
        "pilot_injury": 0.1454,
        "pilot_skill": 0.5912,
        "mission_priority": 0.8922,
        "estimated_landing_time": 1228.0,
        "wait_time": 0,
        "Landing_success_rate": 0.8949
    },
    {
        "model": 2,
        "sequence": 2,
        "status": 1,
        "fuel": 7119,
        "fault": 0.501,
        "weapon": 1,
        "pilot_injury": 0.8678,
        "pilot_skill": 0.3015,
        "mission_priority": 0.4541,
        "estimated_landing_time": 194.0,
        "wait_time": 0,
        "Landing_success_rate": 0.9106
    },
    {
        "model": 2,
        "sequence": 15,
        "status": 1,
        "fuel": 6193,
        "fault": 0.8091,
        "weapon": 0,
        "pilot_injury": 0.9316,
        "pilot_skill": 0.9297,
        "mission_priority": 0.008,
        "estimated_landing_time": 1416.0,
        "wait_time": 0,
        "Landing_success_rate": 0.8599
    },
    {
        "model": 2,
        "sequence": 20,
        "status": 1,
        "fuel": 6098,
        "fault": 0.0046,
        "weapon": 1,
        "pilot_injury": 0.2658,
        "pilot_skill": 0.515,
        "mission_priority": 0.4799,
        "estimated_landing_time": 1886.0,
        "wait_time": 0,
        "Landing_success_rate": 0.8946
    },
    {
        "model": 1,
        "sequence": 17,
        "status": 1,
        "fuel": 6221,
        "fault": 0.6349,
        "weapon": 0,
        "pilot_injury": 0.9344,
        "pilot_skill": 0.2405,
        "mission_priority": 0.274,
        "estimated_landing_time": 1604.0,
        "wait_time": 0,
        "Landing_success_rate": 0.8697
    },
    {
        "model": 0,
        "sequence": 3,
        "status": 1,
        "fuel": 6325,
        "fault": 0.8121,
        "weapon": 0,
        "pilot_injury": 0.6096,
        "pilot_skill": 0.6817,
        "mission_priority": 0.5055,
        "estimated_landing_time": 288.0,
        "wait_time": 0,
        "Landing_success_rate": 0.8616
    },
    {
        "model": 2,
        "sequence": 12,
        "status": 1,
        "fuel": 7079,
        "fault": 0.4808,
        "weapon": 1,
        "pilot_injury": 0.8526,
        "pilot_skill": 0.14,
        "mission_priority": 0.4008,
        "estimated_landing_time": 1134.0,
        "wait_time": 0,
        "Landing_success_rate": 0.9115
    },
    {
        "model": 1,
        "sequence": 6,
        "status": 1,
        "fuel": 6795,
        "fault": 0.2623,
        "weapon": 1,
        "pilot_injury": 0.6697,
        "pilot_skill": 0.9412,
        "mission_priority": 0.7393,
        "estimated_landing_time": 570.0,
        "wait_time": 0,
        "Landing_success_rate": 0.9216
    },
    {
        "model": 1,
        "sequence": 5,
        "status": 1,
        "fuel": 5640,
        "fault": 0.0606,
        "weapon": 0,
        "pilot_injury": 0.4784,
        "pilot_skill": 0.5612,
        "mission_priority": 0.5961,
        "estimated_landing_time": 476.0,
        "wait_time": 0,
        "Landing_success_rate": 0.8599
    },
    {
        "model": 2,
        "sequence": 28,
        "status": 1,
        "fuel": 7161,
        "fault": 0.3346,
        "weapon": 0,
        "pilot_injury": 0.1852,
        "pilot_skill": 0.5548,
        "mission_priority": 0.7222,
        "estimated_landing_time": 2638.0,
        "wait_time": 0,
        "Landing_success_rate": 0.9329
    },
    {
        "model": 2,
        "sequence": 7,
        "status": 1,
        "fuel": 6365,
        "fault": 0.9554,
        "weapon": 0,
        "pilot_injury": 0.5087,
        "pilot_skill": 0.6432,
        "mission_priority": 0.3942,
        "estimated_landing_time": 664.0,
        "wait_time": 0,
        "Landing_success_rate": 0.8529
    },
    {
        "model": 1,
        "sequence": 27,
        "status": 1,
        "fuel": 7404,
        "fault": 0.6339,
        "weapon": 1,
        "pilot_injury": 0.9307,
        "pilot_skill": 0.8954,
        "mission_priority": 0.1384,
        "estimated_landing_time": 2544.0,
        "wait_time": 0,
        "Landing_success_rate": 0.9023
    },
    {
        "model": 2,
        "sequence": 11,
        "status": 1,
        "fuel": 6300,
        "fault": 0.9521,
        "weapon": 0,
        "pilot_injury": 0.3612,
        "pilot_skill": 0.5186,
        "mission_priority": 0.7791,
        "estimated_landing_time": 1040.0,
        "wait_time": 0,
        "Landing_success_rate": 0.8529
    },
    {
        "model": 1,
        "sequence": 18,
        "status": 1,
        "fuel": 6107,
        "fault": 0.5825,
        "weapon": 1,
        "pilot_injury": 0.4557,
        "pilot_skill": 0.7139,
        "mission_priority": 0.7926,
        "estimated_landing_time": 1698.0,
        "wait_time": 0,
        "Landing_success_rate": 0.869
    },
    {
        "model": 2,
        "sequence": 4,
        "status": 1,
        "fuel": 6904,
        "fault": 0.207,
        "weapon": 0,
        "pilot_injury": 0.5462,
        "pilot_skill": 0.4117,
        "mission_priority": 0.1078,
        "estimated_landing_time": 382.0,
        "wait_time": 0,
        "Landing_success_rate": 0.9335
    },
    {
        "model": 0,
        "sequence": 9,
        "status": 1,
        "fuel": 5633,
        "fault": 0.3821,
        "weapon": 0,
        "pilot_injury": 0.9213,
        "pilot_skill": 0.2517,
        "mission_priority": 0.3552,
        "estimated_landing_time": 852.0,
        "wait_time": 0,
        "Landing_success_rate": 0.8562
    },
    {
        "model": 1,
        "sequence": 16,
        "status": 1,
        "fuel": 6717,
        "fault": 0.8293,
        "weapon": 1,
        "pilot_injury": 0.9602,
        "pilot_skill": 0.641,
        "mission_priority": 0.6171,
        "estimated_landing_time": 1510.0,
        "wait_time": 0,
        "Landing_success_rate": 0.8656
    },
    {
        "model": 0,
        "sequence": 19,
        "status": 1,
        "fuel": 6528,
        "fault": 0.9426,
        "weapon": 0,
        "pilot_injury": 0.7295,
        "pilot_skill": 0.602,
        "mission_priority": 0.6615,
        "estimated_landing_time": 1792.0,
        "wait_time": 0,
        "Landing_success_rate": 0.8544
    },
    {
        "model": 2,
        "sequence": 29,
        "status": 1,
        "fuel": 6468,
        "fault": 0.8073,
        "weapon": 0,
        "pilot_injury": 0.7809,
        "pilot_skill": 0.9272,
        "mission_priority": 0.9899,
        "estimated_landing_time": 2732.0,
        "wait_time": 0,
        "Landing_success_rate": 0.864
    },
    {
        "model": 1,
        "sequence": 22,
        "status": 1,
        "fuel": 5980,
        "fault": 0.6094,
        "weapon": 0,
        "pilot_injury": 0.4591,
        "pilot_skill": 0.7876,
        "mission_priority": 0.0277,
        "estimated_landing_time": 2074.0,
        "wait_time": 0,
        "Landing_success_rate": 0.8641
    },
    {
        "model": 2,
        "sequence": 14,
        "status": 1,
        "fuel": 6725,
        "fault": 0.7279,
        "weapon": 0,
        "pilot_injury": 0.731,
        "pilot_skill": 0.5012,
        "mission_priority": 0.3689,
        "estimated_landing_time": 1322.0,
        "wait_time": 0,
        "Landing_success_rate": 0.875
    },
    {
        "model": 1,
        "sequence": 24,
        "status": 1,
        "fuel": 6411,
        "fault": 0.7322,
        "weapon": 1,
        "pilot_injury": 0.6151,
        "pilot_skill": 0.8678,
        "mission_priority": 0.1633,
        "estimated_landing_time": 2262.0,
        "wait_time": 0,
        "Landing_success_rate": 0.8683
    },
    {
        "model": 2,
        "sequence": 21,
        "status": 1,
        "fuel": 5634,
        "fault": 0.3624,
        "weapon": 1,
        "pilot_injury": 0.872,
        "pilot_skill": 0.2507,
        "mission_priority": 0.8582,
        "estimated_landing_time": 1980.0,
        "wait_time": 0,
        "Landing_success_rate": 0.8564
    },
    {
        "model": 0,
        "sequence": 1,
        "status": 1,
        "fuel": 7108,
        "fault": 0.5949,
        "weapon": 0,
        "pilot_injury": 0.7079,
        "pilot_skill": 0.1826,
        "mission_priority": 0.1162,
        "estimated_landing_time": 100.0,
        "wait_time": 0,
        "Landing_success_rate": 0.8989
    },
    {
        "model": 0,
        "sequence": 10,
        "status": 1,
        "fuel": 6161,
        "fault": 0.814,
        "weapon": 1,
        "pilot_injury": 0.3273,
        "pilot_skill": 0.6582,
        "mission_priority": 0.1242,
        "estimated_landing_time": 946.0,
        "wait_time": 0,
        "Landing_success_rate": 0.8592
    },
    {
        "model": 2,
        "sequence": 30,
        "status": 1,
        "fuel": 5517,
        "fault": 0.7851,
        "weapon": 0,
        "pilot_injury": 0.3916,
        "pilot_skill": 0.0748,
        "mission_priority": 0.4751,
        "estimated_landing_time": 2826.0,
        "wait_time": 0,
        "Landing_success_rate": 0.8503
    },
    {
        "model": 0,
        "sequence": 23,
        "status": 1,
        "fuel": 6535,
        "fault": 0.5799,
        "weapon": 0,
        "pilot_injury": 0.0453,
        "pilot_skill": 0.3616,
        "mission_priority": 0.7565,
        "estimated_landing_time": 2168.0,
        "wait_time": 0,
        "Landing_success_rate": 0.8826
    },
    {
        "model": 0,
        "sequence": 26,
        "status": 1,
        "fuel": 6568,
        "fault": 0.0181,
        "weapon": 0,
        "pilot_injury": 0.3695,
        "pilot_skill": 0.4232,
        "mission_priority": 0.5639,
        "estimated_landing_time": 2450.0,
        "wait_time": 0,
        "Landing_success_rate": 0.9287
    },
    {
        "model": 2,
        "sequence": 8,
        "status": 1,
        "fuel": 6565,
        "fault": 0.6089,
        "weapon": 1,
        "pilot_injury": 0.0329,
        "pilot_skill": 0.608,
        "mission_priority": 0.9491,
        "estimated_landing_time": 758.0,
        "wait_time": 0,
        "Landing_success_rate": 0.8812
    }
]