[
    {
        "model": 0,
        "sequence": 16,
        "status": 1,
        "fuel": 5910,
        "fault": 0.9769,
        "weapon": 0,
        "pilot_injury": 0.7776,
        "pilot_skill": 0.4927,
        "mission_priority": 0.8892,
        "estimated_landing_time": 1510.0,
        "wait_time": 0,
        "Landing_success_rate": 0.8507
    },
    {
        "model": 1,
        "sequence": 5,
        "status": 1,
        "fuel": 5559,
        "fault": 0.6793,
        "weapon": 0,
        "pilot_injury": 0.8887,
        "pilot_skill": 0.4644,
        "mission_priority": 0.5161,
        "estimated_landing_time": 476.0,
        "wait_time": 0,
        "Landing_success_rate": 0.8514
    },
    {
        "model": 2,
        "sequence": 30,
        "status": 1,
        "fuel": 5689,
        "fault": 0.8332,
        "weapon": 0,
        "pilot_injury": 0.6559,
        "pilot_skill": 0.1198,
        "mission_priority": 0.8793,
        "estimated_landing_time": 2826.0,
        "wait_time": 0,
        "Landing_success_rate": 0.8524
    },
    {
        "model": 1,
        "sequence": 19,
        "status": 1,
        "fuel": 6359,
        "fault": 0.6671,
        "weapon": 1,
        "pilot_injury": 0.694,
        "pilot_skill": 0.6026,
        "mission_priority": 0.1845,
        "estimated_landing_time": 1792.0,
        "wait_time": 0,
        "Landing_success_rate": 0.8714
    },
    {
        "model": 2,
        "sequence": 21,
        "status": 1,
        "fuel": 6050,
        "fault": 0.8637,
        "weapon": 1,
        "pilot_injury": 0.6992,
        "pilot_skill": 0.6387,
        "mission_priority": 0.5322,
        "estimated_landing_time": 1980.0,
        "wait_time": 0,
        "Landing_success_rate": 0.8556
    },
    {
        "model": 2,
        "sequence": 28,
        "status": 1,
        "fuel": 6965,
        "fault": 0.268,
        "weapon": 0,
        "pilot_injury": 0.6179,
        "pilot_skill": 0.787,
        "mission_priority": 0.3343,
        "estimated_landing_time": 2638.0,
        "wait_time": 0,
        "Landing_success_rate": 0.9304
    },
    {
        "model": 0,
        "sequence": 2,
        "status": 1,
        "fuel": 5920,
        "fault": 0.4925,
        "weapon": 0,
        "pilot_injury": 0.8224,
        "pilot_skill": 0.5463,
        "mission_priority": 0.2184,
        "estimated_landing_time": 194.0,
        "wait_time": 0,
        "Landing_success_rate": 0.866
    },
    {
        "model": 0,
        "sequence": 14,
        "status": 1,
        "fuel": 6506,
        "fault": 0.1154,
        "weapon": 1,
        "pilot_injury": 0.6975,
        "pilot_skill": 0.4758,
        "mission_priority": 0.8361,
        "estimated_landing_time": 1322.0,
        "wait_time": 0,
        "Landing_success_rate": 0.9167
    },
    {
        "model": 2,
        "sequence": 12,
        "status": 1,
        "fuel": 5771,
        "fault": 0.0231,
        "weapon": 0,
        "pilot_injury": 0.2172,
        "pilot_skill": 0.9842,
        "mission_priority": 0.8417,
        "estimated_landing_time": 1134.0,
        "wait_time": 0,
        "Landing_success_rate": 0.8699
    },
    {
        "model": 1,
        "sequence": 6,
        "status": 1,
        "fuel": 5820,
        "fault": 0.9866,
        "weapon": 1,
        "pilot_injury": 0.5356,
        "pilot_skill": 0.1371,
        "mission_priority": 0.5385,
        "estimated_landing_time": 570.0,
        "wait_time": 0,
        "Landing_success_rate": 0.8503
    },
    {
        "model": 1,
        "sequence": 7,
        "status": 1,
        "fuel": 7414,
        "fault": 0.2026,
        "weapon": 1,
        "pilot_injury": 0.6487,
        "pilot_skill": 0.3902,
        "mission_priority": 0.4985,
        "estimated_landing_time": 664.0,
        "wait_time": 0,
        "Landing_success_rate": 0.9645
    },
    {
        "model": 0,
        "sequence": 26,
        "status": 1,
        "fuel": 6039,
        "fault": 0.2092,
        "weapon": 0,
        "pilot_injury": 0.7917,
        "pilot_skill": 0.1708,
        "mission_priority": 0.0367,
        "estimated_landing_time": 2450.0,
        "wait_time": 0,
        "Landing_success_rate": 0.882
    },
    {
        "model": 1,
        "sequence": 17,
        "status": 1,
        "fuel": 5813,
        "fault": 0.5549,
        "weapon": 1,
        "pilot_injury": 0.4051,
        "pilot_skill": 0.8725,
        "mission_priority": 0.5247,
        "estimated_landing_time": 1604.0,
        "wait_time": 0,
        "Landing_success_rate": 0.8604
    },
    {
        "model": 1,
        "sequence": 24,
        "status": 1,
        "fuel": 6261,
        "fault": 0.6828,
        "weapon": 0,
        "pilot_injury": 0.1102,
        "pilot_skill": 0.7894,
        "mission_priority": 0.1681,
        "estimated_landing_time": 2262.0,
        "wait_time": 0,
        "Landing_success_rate": 0.8681
    },
    {
        "model": 1,
        "sequence": 9,
        "status": 1,
        "fuel": 6694,
        "fault": 0.0486,
        "weapon": 1,
        "pilot_injury": 0.9542,
        "pilot_skill": 0.3714,
        "mission_priority": 0.8294,
        "estimated_landing_time": 852.0,
        "wait_time": 0,
        "Landing_success_rate": 0.9352
    },
    {
        "model": 2,
        "sequence": 4,
        "status": 1,
        "fuel": 6286,
        "fault": 0.3921,
        "weapon": 1,
        "pilot_injury": 0.6575,
        "pilot_skill": 0.1927,
        "mission_priority": 0.3025,
        "estimated_landing_time": 382.0,
        "wait_time": 0,
        "Landing_success_rate": 0.8858
    },
    {
        "model": 2,
        "sequence": 22,
        "status": 1,
        "fuel": 6712,
        "fault": 0.284,
        "weapon": 0,
        "pilot_injury": 0.2036,
        "pilot_skill": 0.644,
        "mission_priority": 0.9945,
        "estimated_landing_time": 2074.0,
        "wait_time": 0,
        "Landing_success_rate": 0.9151
    },
    {
        "model": 1,
        "sequence": 25,
        "status": 1,
        "fuel": 5573,
        "fault": 0.5844,
        "weapon": 0,
        "pilot_injury": 0.5737,
        "pilot_skill": 0.9142,
        "mission_priority": 0.506,
        "estimated_landing_time": 2356.0,
        "wait_time": 0,
        "Landing_success_rate": 0.8523
    },
    {
        "model": 0,
        "sequence": 27,
        "status": 1,
        "fuel": 6585,
        "fault": 0.2551,
        "weapon": 0,
        "pilot_injury": 0.2689,
        "pilot_skill": 0.056,
        "mission_priority": 0.4087,
        "estimated_landing_time": 2544.0,
        "wait_time": 0,
        "Landing_success_rate": 0.9106
    },
    {
        "model": 1,
        "sequence": 1,
        "status": 1,
        "fuel": 6136,
        "fault": 0.7821,
        "weapon": 1,
        "pilot_injury": 0.3073,
        "pilot_skill": 0.5336,
        "mission_priority": 0.1343,
        "estimated_landing_time": 100.0,
        "wait_time": 0,
        "Landing_success_rate": 0.8604
    },
    {
        "model": 0,
        "sequence": 18,
        "status": 1,
        "fuel": 7147,
        "fault": 0.0663,
        "weapon": 0,
        "pilot_injury": 0.19,
        "pilot_skill": 0.3434,
        "mission_priority": 0.6135,
        "estimated_landing_time": 1698.0,
        "wait_time": 0,
        "Landing_success_rate": 0.9653
    },
    {
        "model": 2,
        "sequence": 20,
        "status": 1,
        "fuel": 6571,
        "fault": 0.3455,
        "weapon": 1,
        "pilot_injury": 0.2511,
        "pilot_skill": 0.9155,
        "mission_priority": 0.8525,
        "estimated_landing_time": 1886.0,
        "wait_time": 0,
        "Landing_success_rate": 0.9026
    },
    {
        "model": 1,
        "sequence": 29,
        "status": 1,
        "fuel": 6313,
        "fault": 0.1529,
        "weapon": 0,
        "pilot_injury": 0.9307,
        "pilot_skill": 0.9324,
        "mission_priority": 0.9693,
        "estimated_landing_time": 2732.0,
        "wait_time": 0,
        "Landing_success_rate": 0.9017
    },
    {
        "model": 1,
        "sequence": 15,
        "status": 1,
        "fuel": 6683,
        "fault": 0.9642,
        "weapon": 0,
        "pilot_injury": 0.6767,
        "pilot_skill": 0.5414,
        "mission_priority": 0.0185,
        "estimated_landing_time": 1416.0,
        "wait_time": 0,
        "Landing_success_rate": 0.8532
    },
    {
        "model": 0,
        "sequence": 3,
        "status": 1,
        "fuel": 5635,
        "fault": 0.5232,
        "weapon": 1,
        "pilot_injury": 0.8689,
        "pilot_skill": 0.3573,
        "mission_priority": 0.8911,
        "estimated_landing_time": 288.0,
        "wait_time": 0,
        "Landing_success_rate": 0.8548
    },
    {
        "model": 0,
        "sequence": 11,
        "status": 1,
        "fuel": 7272,
        "fault": 0.6559,
        "weapon": 1,
        "pilot_injury": 0.4274,
        "pilot_skill": 0.1134,
        "mission_priority": 0.4337,
        "estimated_landing_time": 1040.0,
        "wait_time": 0,
        "Landing_success_rate": 0.8957
    },
    {
        "model": 1,
        "sequence": 23,
        "status": 1,
        "fuel": 5872,
        "fault": 0.902,
        "weapon": 0,
        "pilot_injury": 0.1056,
        "pilot_skill": 0.9914,
        "mission_priority": 0.2441,
        "estimated_landing_time": 2168.0,
        "wait_time": 0,
        "Landing_success_rate": 0.8527
    },
    {
        "model": 1,
        "sequence": 10,
        "status": 1,
        "fuel": 6681,
        "fault": 0.4917,
        "weapon": 1,
        "pilot_injury": 0.5372,
        "pilot_skill": 0.4398,
        "mission_priority": 0.7719,
        "estimated_landing_time": 946.0,
        "wait_time": 0,
        "Landing_success_rate": 0.895
    },
    {
        "model": 0,
        "sequence": 8,
        "status": 1,
        "fuel": 7161,
        "fault": 0.827,
        "weapon": 1,
        "pilot_injury": 0.7237,
        "pilot_skill": 0.025,
        "mission_priority": 0.5706,
        "estimated_landing_time": 758.0,
        "wait_time": 0,
        "Landing_success_rate": 0.8716
    },
    {
        "model": 2,
        "sequence": 13,
        "status": 1,
        "fuel": 5940,
        "fault": 0.0384,
        "weapon": 0,
        "pilot_injury": 0.4052,
        "pilot_skill": 0.9262,
        "mission_priority": 0.3532,
        "estimated_landing_time": 1228.0,
        "wait_time": 0,
        "Landing_success_rate": 0.8817
    }
]