[
    {
        "model": 0,
        "sequence": 6,
        "status": 1,
        "fuel": 6665,
        "fault": 0.6404,
        "weapon": 0,
        "pilot_injury": 0.5504,
        "pilot_skill": 0.1221,
        "mission_priority": 0.1127,
        "estimated_landing_time": 570.0,
        "wait_time": 0,
        "Landing_success_rate": 0.8814
    },
    {
        "model": 0,
        "sequence": 14,
        "status": 1,
        "fuel": 6062,
        "fault": 0.0564,
        "weapon": 1,
        "pilot_injury": 0.7119,
        "pilot_skill": 0.0584,
        "mission_priority": 0.5603,
        "estimated_landing_time": 1322.0,
        "wait_time": 0,
        "Landing_success_rate": 0.8898
    },
    {
        "model": 1,
        "sequence": 5,
        "status": 1,
        "fuel": 7076,
        "fault": 0.1724,
        "weapon": 1,
        "pilot_injury": 0.9071,
        "pilot_skill": 0.6982,
        "mission_priority": 0.9262,
        "estimated_landing_time": 476.0,
        "wait_time": 0,
        "Landing_success_rate": 0.9478
    },
    {
        "model": 1,
        "sequence": 23,
        "status": 1,
        "fuel": 6206,
        "fault": 0.1208,
        "weapon": 0,
        "pilot_injury": 0.5697,
        "pilot_skill": 0.3061,
        "mission_priority": 0.2178,
        "estimated_landing_time": 2168.0,
        "wait_time": 0,
        "Landing_success_rate": 0.8966
    },
    {
        "model": 2,
        "sequence": 26,
        "status": 1,
        "fuel": 5854,
        "fault": 0.5596,
        "weapon": 0,
        "pilot_injury": 0.1727,
        "pilot_skill": 0.2586,
        "mission_priority": 0.4681,
        "estimated_landing_time": 2450.0,
        "wait_time": 0,
        "Landing_success_rate": 0.8617
    },
    {
        "model": 1,
        "sequence": 7,
        "status": 1,
        "fuel": 6461,
        "fault": 0.7342,
        "weapon": 0,
        "pilot_injury": 0.9232,
        "pilot_skill": 0.7481,
        "mission_priority": 0.6664,
        "estimated_landing_time": 664.0,
        "wait_time": 0,
        "Landing_success_rate": 0.8692
    },
    {
        "model": 1,
        "sequence": 29,
        "status": 1,
        "fuel": 6529,
        "fault": 0.5633,
        "weapon": 0,
        "pilot_injury": 0.1866,
        "pilot_skill": 0.8947,
        "mission_priority": 0.2485,
        "estimated_landing_time": 2732.0,
        "wait_time": 0,
        "Landing_success_rate": 0.8837
    },
    {
        "model": 0,
        "sequence": 24,
        "status": 1,
        "fuel": 6723,
        "fault": 0.0948,
        "weapon": 0,
        "pilot_injury": 0.1756,
        "pilot_skill": 0.3719,
        "mission_priority": 0.0283,
        "estimated_landing_time": 2262.0,
        "wait_time": 0,
        "Landing_success_rate": 0.933
    },
    {
        "model": 0,
        "sequence": 17,
        "status": 1,
        "fuel": 6122,
        "fault": 0.8294,
        "weapon": 0,
        "pilot_injury": 0.0544,
        "pilot_skill": 0.6567,
        "mission_priority": 0.837,
        "estimated_landing_time": 1604.0,
        "wait_time": 0,
        "Landing_success_rate": 0.858
    },
    {
        "model": 1,
        "sequence": 12,
        "status": 1,
        "fuel": 5807,
        "fault": 0.6698,
        "weapon": 0,
        "pilot_injury": 0.2133,
        "pilot_skill": 0.3254,
        "mission_priority": 0.1507,
        "estimated_landing_time": 1134.0,
        "wait_time": 0,
        "Landing_success_rate": 0.8576
    },
    {
        "model": 1,
        "sequence": 3,
        "status": 1,
        "fuel": 7470,
        "fault": 0.2986,
        "weapon": 0,
        "pilot_injury": 0.6133,
        "pilot_skill": 0.7617,
        "mission_priority": 0.5457,
        "estimated_landing_time": 288.0,
        "wait_time": 0,
        "Landing_success_rate": 0.9536
    },
    {
        "model": 0,
        "sequence": 27,
        "status": 1,
        "fuel": 6023,
        "fault": 0.2588,
        "weapon": 0,
        "pilot_injury": 0.2991,
        "pilot_skill": 0.3592,
        "mission_priority": 0.7177,
        "estimated_landing_time": 2544.0,
        "wait_time": 0,
        "Landing_success_rate": 0.8791
    },
    {
        "model": 2,
        "sequence": 18,
        "status": 1,
        "fuel": 6710,
        "fault": 0.613,
        "weapon": 1,
        "pilot_injury": 0.3761,
        "pilot_skill": 0.4678,
        "mission_priority": 0.4194,
        "estimated_landing_time": 1698.0,
        "wait_time": 0,
        "Landing_success_rate": 0.8851
    },
    {
        "model": 2,
        "sequence": 1,
        "status": 1,
        "fuel": 6257,
        "fault": 0.7326,
        "weapon": 1,
        "pilot_injury": 0.7623,
        "pilot_skill": 0.4814,
        "mission_priority": 0.6801,
        "estimated_landing_time": 100.0,
        "wait_time": 0,
        "Landing_success_rate": 0.8652
    },
    {
        "model": 2,
        "sequence": 21,
        "status": 1,
        "fuel": 5802,
        "fault": 0.6278,
        "weapon": 0,
        "pilot_injury": 0.2504,
        "pilot_skill": 0.5427,
        "mission_priority": 0.799,
        "estimated_landing_time": 1980.0,
        "wait_time": 0,
        "Landing_success_rate": 0.8584
    },
    {
        "model": 2,
        "sequence": 10,
        "status": 1,
        "fuel": 5550,
        "fault": 0.695,
        "weapon": 0,
        "pilot_injury": 0.4549,
        "pilot_skill": 0.3592,
        "mission_priority": 0.2927,
        "estimated_landing_time": 946.0,
        "wait_time": 0,
        "Landing_success_rate": 0.8511
    },
    {
        "model": 0,
        "sequence": 11,
        "status": 1,
        "fuel": 6572,
        "fault": 0.1625,
        "weapon": 1,
        "pilot_injury": 0.9554,
        "pilot_skill": 0.4136,
        "mission_priority": 0.9524,
        "estimated_landing_time": 1040.0,
        "wait_time": 0,
        "Landing_success_rate": 0.9173
    },
    {
        "model": 1,
        "sequence": 16,
        "status": 1,
        "fuel": 7164,
        "fault": 0.2755,
        "weapon": 0,
        "pilot_injury": 0.674,
        "pilot_skill": 0.435,
        "mission_priority": 0.5587,
        "estimated_landing_time": 1510.0,
        "wait_time": 0,
        "Landing_success_rate": 0.9404
    },
    {
        "model": 2,
        "sequence": 22,
        "status": 1,
        "fuel": 6028,
        "fault": 0.6963,
        "weapon": 0,
        "pilot_injury": 0.7651,
        "pilot_skill": 0.1586,
        "mission_priority": 0.5928,
        "estimated_landing_time": 2074.0,
        "wait_time": 0,
        "Landing_success_rate": 0.862
    },
    {
        "model": 0,
        "sequence": 19,
        "status": 1,
        "fuel": 5528,
        "fault": 0.3237,
        "weapon": 1,
        "pilot_injury": 0.4729,
        "pilot_skill": 0.7504,
        "mission_priority": 0.6115,
        "estimated_landing_time": 1792.0,
        "wait_time": 0,
        "Landing_success_rate": 0.8514
    },
    {
        "model": 1,
        "sequence": 8,
        "status": 1,
        "fuel": 6354,
        "fault": 0.2978,
        "weapon": 0,
        "pilot_injury": 0.5072,
        "pilot_skill": 0.9958,
        "mission_priority": 0.1786,
        "estimated_landing_time": 758.0,
        "wait_time": 0,
        "Landing_success_rate": 0.895
    },
    {
        "model": 2,
        "sequence": 20,
        "status": 1,
        "fuel": 7465,
        "fault": 0.9614,
        "weapon": 0,
        "pilot_injury": 0.2003,
        "pilot_skill": 0.4141,
        "mission_priority": 0.614,
        "estimated_landing_time": 1886.0,
        "wait_time": 0,
        "Landing_success_rate": 0.8557
    },
    {
        "model": 1,
        "sequence": 13,
        "status": 1,
        "fuel": 6507,
        "fault": 0.1447,
        "weapon": 1,
        "pilot_injury": 0.8545,
        "pilot_skill": 0.999,
        "mission_priority": 0.3182,
        "estimated_landing_time": 1228.0,
        "wait_time": 0,
        "Landing_success_rate": 0.9146
    },
    {
        "model": 2,
        "sequence": 15,
        "status": 1,
        "fuel": 6225,
        "fault": 0.0235,
        "weapon": 1,
        "pilot_injury": 0.6005,
        "pilot_skill": 0.1004,
        "mission_priority": 0.9468,
        "estimated_landing_time": 1416.0,
        "wait_time": 0,
        "Landing_success_rate": 0.9031
    },
    {
        "model": 1,
        "sequence": 30,
        "status": 1,
        "fuel": 6990,
        "fault": 0.3733,
        "weapon": 0,
        "pilot_injury": 0.4239,
        "pilot_skill": 0.5566,
        "mission_priority": 0.2132,
        "estimated_landing_time": 2826.0,
        "wait_time": 0,
        "Landing_success_rate": 0.92
    },
    {
        "model": 2,
        "sequence": 4,
        "status": 1,
        "fuel": 5705,
        "fault": 0.4006,
        "weapon": 0,
        "pilot_injury": 0.4584,
        "pilot_skill": 0.523,
        "mission_priority": 0.2398,
        "estimated_landing_time": 382.0,
        "wait_time": 0,
        "Landing_success_rate": 0.8592
    },
    {
        "model": 2,
        "sequence": 2,
        "status": 1,
        "fuel": 6990,
        "fault": 0.455,
        "weapon": 0,
        "pilot_injury": 0.7863,
        "pilot_skill": 0.5428,
        "mission_priority": 0.9568,
        "estimated_landing_time": 194.0,
        "wait_time": 0,
        "Landing_success_rate": 0.9109
    },
    {
        "model": 1,
        "sequence": 9,
        "status": 1,
        "fuel": 7426,
        "fault": 0.8841,
        "weapon": 1,
        "pilot_injury": 0.5376,
        "pilot_skill": 0.4919,
        "mission_priority": 0.8024,
        "estimated_landing_time": 852.0,
        "wait_time": 0,
        "Landing_success_rate": 0.8667
    },
    {
        "model": 1,
        "sequence": 25,
        "status": 1,
        "fuel": 7042,
        "fault": 0.8768,
        "weapon": 0,
        "pilot_injury": 0.3465,
        "pilot_skill": 0.3391,
        "mission_priority": 0.5656,
        "estimated_landing_time": 2356.0,
        "wait_time": 0,
        "Landing_success_rate": 0.8642
    },
    {
        "model": 1,
        "sequence": 28,
        "status": 1,
        "fuel": 6722,
        "fault": 0.6245,
        "weapon": 0,
        "pilot_injury": 0.6537,
        "pilot_skill": 0.851,
        "mission_priority": 0.9316,
        "estimated_landing_time": 2638.0,
        "wait_time": 0,
        "Landing_success_rate": 0.8844
    }
]