[
    {
        "model": 0,
        "sequence": 12,
        "status": 1,
        "fuel": 7430,
        "fault": 0.8328,
        "weapon": 0,
        "pilot_injury": 0.6775,
        "pilot_skill": 0.3731,
        "mission_priority": 0.9417,
        "estimated_landing_time": 1134.0,
        "wait_time": 0,
        "Landing_success_rate": 0.8742
    },
    {
        "model": 0,
        "sequence": 9,
        "status": 1,
        "fuel": 5776,
        "fault": 0.6316,
        "weapon": 0,
        "pilot_injury": 0.6909,
        "pilot_skill": 0.6971,
        "mission_priority": 0.6486,
        "estimated_landing_time": 852.0,
        "wait_time": 0,
        "Landing_success_rate": 0.8576
    },
    {
        "model": 2,
        "sequence": 13,
        "status": 1,
        "fuel": 5957,
        "fault": 0.5547,
        "weapon": 0,
        "pilot_injury": 0.6359,
        "pilot_skill": 0.5993,
        "mission_priority": 0.1794,
        "estimated_landing_time": 1228.0,
        "wait_time": 0,
        "Landing_success_rate": 0.8653
    },
    {
        "model": 2,
        "sequence": 7,
        "status": 1,
        "fuel": 7495,
        "fault": 0.0423,
        "weapon": 1,
        "pilot_injury": 0.6678,
        "pilot_skill": 0.8374,
        "mission_priority": 0.1697,
        "estimated_landing_time": 664.0,
        "wait_time": 0,
        "Landing_success_rate": 0.9933
    },
    {
        "model": 2,
        "sequence": 8,
        "status": 1,
        "fuel": 6927,
        "fault": 0.6854,
        "weapon": 0,
        "pilot_injury": 0.6097,
        "pilot_skill": 0.6996,
        "mission_priority": 0.8382,
        "estimated_landing_time": 758.0,
        "wait_time": 0,
        "Landing_success_rate": 0.8837
    },
    {
        "model": 0,
        "sequence": 30,
        "status": 1,
        "fuel": 6641,
        "fault": 0.6857,
        "weapon": 1,
        "pilot_injury": 0.5359,
        "pilot_skill": 0.4885,
        "mission_priority": 0.4019,
        "estimated_landing_time": 2826.0,
        "wait_time": 0,
        "Landing_success_rate": 0.8769
    },
    {
        "model": 2,
        "sequence": 22,
        "status": 1,
        "fuel": 6472,
        "fault": 0.5845,
        "weapon": 0,
        "pilot_injury": 0.277,
        "pilot_skill": 0.9213,
        "mission_priority": 0.5832,
        "estimated_landing_time": 2074.0,
        "wait_time": 0,
        "Landing_success_rate": 0.8803
    },
    {
        "model": 1,
        "sequence": 1,
        "status": 1,
        "fuel": 7491,
        "fault": 0.0949,
        "weapon": 0,
        "pilot_injury": 0.052,
        "pilot_skill": 0.0317,
        "mission_priority": 0.4233,
        "estimated_landing_time": 100.0,
        "wait_time": 0,
        "Landing_success_rate": 0.9852
    },
    {
        "model": 2,
        "sequence": 6,
        "status": 1,
        "fuel": 6425,
        "fault": 0.9157,
        "weapon": 1,
        "pilot_injury": 0.881,
        "pilot_skill": 0.8829,
        "mission_priority": 0.659,
        "estimated_landing_time": 570.0,
        "wait_time": 0,
        "Landing_success_rate": 0.8558
    },
    {
        "model": 1,
        "sequence": 29,
        "status": 1,
        "fuel": 6018,
        "fault": 0.5016,
        "weapon": 0,
        "pilot_injury": 0.8861,
        "pilot_skill": 0.1967,
        "mission_priority": 0.7374,
        "estimated_landing_time": 2732.0,
        "wait_time": 0,
        "Landing_success_rate": 0.8694
    },
    {
        "model": 2,
        "sequence": 18,
        "status": 1,
        "fuel": 5587,
        "fault": 0.8846,
        "weapon": 0,
        "pilot_injury": 0.9972,
        "pilot_skill": 0.03,
        "mission_priority": 0.8974,
        "estimated_landing_time": 1698.0,
        "wait_time": 0,
        "Landing_success_rate": 0.8508
    },
    {
        "model": 0,
        "sequence": 21,
        "status": 1,
        "fuel": 7274,
        "fault": 0.603,
        "weapon": 0,
        "pilot_injury": 0.465,
        "pilot_skill": 0.8474,
        "mission_priority": 0.0624,
        "estimated_landing_time": 1980.0,
        "wait_time": 0,
        "Landing_success_rate": 0.9028
    },
    {
        "model": 2,
        "sequence": 3,
        "status": 1,
        "fuel": 5775,
        "fault": 0.3475,
        "weapon": 0,
        "pilot_injury": 0.9753,
        "pilot_skill": 0.817,
        "mission_priority": 0.8525,
        "estimated_landing_time": 288.0,
        "wait_time": 0,
        "Landing_success_rate": 0.8635
    },
    {
        "model": 1,
        "sequence": 17,
        "status": 1,
        "fuel": 6873,
        "fault": 0.3061,
        "weapon": 1,
        "pilot_injury": 0.3856,
        "pilot_skill": 0.071,
        "mission_priority": 0.2108,
        "estimated_landing_time": 1604.0,
        "wait_time": 0,
        "Landing_success_rate": 0.9215
    },
    {
        "model": 1,
        "sequence": 23,
        "status": 1,
        "fuel": 7325,
        "fault": 0.475,
        "weapon": 1,
        "pilot_injury": 0.2686,
        "pilot_skill": 0.101,
        "mission_priority": 0.1675,
        "estimated_landing_time": 2168.0,
        "wait_time": 0,
        "Landing_success_rate": 0.9219
    },
    {
        "model": 2,
        "sequence": 15,
        "status": 1,
        "fuel": 5984,
        "fault": 0.5299,
        "weapon": 0,
        "pilot_injury": 0.7593,
        "pilot_skill": 0.9678,
        "mission_priority": 0.4397,
        "estimated_landing_time": 1416.0,
        "wait_time": 0,
        "Landing_success_rate": 0.8671
    },
    {
        "model": 1,
        "sequence": 5,
        "status": 1,
        "fuel": 5555,
        "fault": 0.1556,
        "weapon": 0,
        "pilot_injury": 0.3263,
        "pilot_skill": 0.2994,
        "mission_priority": 0.2325,
        "estimated_landing_time": 476.0,
        "wait_time": 0,
        "Landing_success_rate": 0.8535
    },
    {
        "model": 1,
        "sequence": 26,
        "status": 1,
        "fuel": 6583,
        "fault": 0.8266,
        "weapon": 1,
        "pilot_injury": 0.3553,
        "pilot_skill": 0.674,
        "mission_priority": 0.0626,
        "estimated_landing_time": 2450.0,
        "wait_time": 0,
        "Landing_success_rate": 0.8641
    },
    {
        "model": 0,
        "sequence": 14,
        "status": 1,
        "fuel": 5600,
        "fault": 0.1701,
        "weapon": 1,
        "pilot_injury": 0.1469,
        "pilot_skill": 0.3426,
        "mission_priority": 0.8647,
        "estimated_landing_time": 1322.0,
        "wait_time": 0,
        "Landing_success_rate": 0.8562
    },
    {
        "model": 2,
        "sequence": 24,
        "status": 1,
        "fuel": 7418,
        "fault": 0.2714,
        "weapon": 1,
        "pilot_injury": 0.4845,
        "pilot_skill": 0.3024,
        "mission_priority": 0.5634,
        "estimated_landing_time": 2262.0,
        "wait_time": 0,
        "Landing_success_rate": 0.9548
    },
    {
        "model": 2,
        "sequence": 28,
        "status": 1,
        "fuel": 5595,
        "fault": 0.156,
        "weapon": 1,
        "pilot_injury": 0.5807,
        "pilot_skill": 0.5055,
        "mission_priority": 0.1441,
        "estimated_landing_time": 2638.0,
        "wait_time": 0,
        "Landing_success_rate": 0.856
    },
    {
        "model": 2,
        "sequence": 16,
        "status": 1,
        "fuel": 6878,
        "fault": 0.0031,
        "weapon": 1,
        "pilot_injury": 0.4878,
        "pilot_skill": 0.0823,
        "mission_priority": 0.4596,
        "estimated_landing_time": 1510.0,
        "wait_time": 0,
        "Landing_success_rate": 0.953
    },
    {
        "model": 1,
        "sequence": 20,
        "status": 1,
        "fuel": 6490,
        "fault": 0.3957,
        "weapon": 0,
        "pilot_injury": 0.057,
        "pilot_skill": 0.4186,
        "mission_priority": 0.4584,
        "estimated_landing_time": 1886.0,
        "wait_time": 0,
        "Landing_success_rate": 0.8949
    },
    {
        "model": 2,
        "sequence": 27,
        "status": 1,
        "fuel": 7432,
        "fault": 0.3471,
        "weapon": 1,
        "pilot_injury": 0.6672,
        "pilot_skill": 0.777,
        "mission_priority": 0.8622,
        "estimated_landing_time": 2544.0,
        "wait_time": 0,
        "Landing_success_rate": 0.9446
    },
    {
        "model": 2,
        "sequence": 10,
        "status": 1,
        "fuel": 6794,
        "fault": 0.045,
        "weapon": 0,
        "pilot_injury": 0.8401,
        "pilot_skill": 0.9895,
        "mission_priority": 0.8895,
        "estimated_landing_time": 946.0,
        "wait_time": 0,
        "Landing_success_rate": 0.9427
    },
    {
        "model": 0,
        "sequence": 2,
        "status": 1,
        "fuel": 6159,
        "fault": 0.0158,
        "weapon": 0,
        "pilot_injury": 0.4894,
        "pilot_skill": 0.7416,
        "mission_priority": 0.4926,
        "estimated_landing_time": 194.0,
        "wait_time": 0,
        "Landing_success_rate": 0.8986
    },
    {
        "model": 0,
        "sequence": 11,
        "status": 1,
        "fuel": 6951,
        "fault": 0.687,
        "weapon": 1,
        "pilot_injury": 0.3614,
        "pilot_skill": 0.8598,
        "mission_priority": 0.4068,
        "estimated_landing_time": 1040.0,
        "wait_time": 0,
        "Landing_success_rate": 0.8841
    },
    {
        "model": 0,
        "sequence": 19,
        "status": 1,
        "fuel": 6962,
        "fault": 0.6985,
        "weapon": 0,
        "pilot_injury": 0.7624,
        "pilot_skill": 0.126,
        "mission_priority": 0.1964,
        "estimated_landing_time": 1792.0,
        "wait_time": 0,
        "Landing_success_rate": 0.8831
    },
    {
        "model": 1,
        "sequence": 4,
        "status": 1,
        "fuel": 6348,
        "fault": 0.8179,
        "weapon": 1,
        "pilot_injury": 0.5677,
        "pilot_skill": 0.5793,
        "mission_priority": 0.4896,
        "estimated_landing_time": 382.0,
        "wait_time": 0,
        "Landing_success_rate": 0.8616
    },
    {
        "model": 2,
        "sequence": 25,
        "status": 1,
        "fuel": 7130,
        "fault": 0.4028,
        "weapon": 1,
        "pilot_injury": 0.5527,
        "pilot_skill": 0.3722,
        "mission_priority": 0.6617,
        "estimated_landing_time": 2356.0,
        "wait_time": 0,
        "Landing_success_rate": 0.923
    }
]