[
    {
        "model": 0,
        "sequence": 27,
        "status": 1,
        "fuel": 6019,
        "fault": 0.4261,
        "weapon": 0,
        "pilot_injury": 0.5994,
        "pilot_skill": 0.4188,
        "mission_priority": 0.4318,
        "estimated_landing_time": 2544.0,
        "wait_time": 0,
        "Landing_success_rate": 0.8723
    },
    {
        "model": 1,
        "sequence": 15,
        "status": 1,
        "fuel": 7165,
        "fault": 0.7341,
        "weapon": 1,
        "pilot_injury": 0.5047,
        "pilot_skill": 0.1495,
        "mission_priority": 0.1038,
        "estimated_landing_time": 1416.0,
        "wait_time": 0,
        "Landing_success_rate": 0.8832
    },
    {
        "model": 2,
        "sequence": 6,
        "status": 1,
        "fuel": 6078,
        "fault": 0.9316,
        "weapon": 0,
        "pilot_injury": 0.6097,
        "pilot_skill": 0.1965,
        "mission_priority": 0.2514,
        "estimated_landing_time": 570.0,
        "wait_time": 0,
        "Landing_success_rate": 0.853
    },
    {
        "model": 2,
        "sequence": 14,
        "status": 1,
        "fuel": 5833,
        "fault": 0.8321,
        "weapon": 1,
        "pilot_injury": 0.8546,
        "pilot_skill": 0.2305,
        "mission_priority": 0.3276,
        "estimated_landing_time": 1322.0,
        "wait_time": 0,
        "Landing_success_rate": 0.8542
    },
    {
        "model": 2,
        "sequence": 7,
        "status": 1,
        "fuel": 5908,
        "fault": 0.4176,
        "weapon": 0,
        "pilot_injury": 0.0196,
        "pilot_skill": 0.6714,
        "mission_priority": 0.5232,
        "estimated_landing_time": 664.0,
        "wait_time": 0,
        "Landing_success_rate": 0.8678
    },
    {
        "model": 0,
        "sequence": 13,
        "status": 1,
        "fuel": 6388,
        "fault": 0.2489,
        "weapon": 0,
        "pilot_injury": 0.8041,
        "pilot_skill": 0.792,
        "mission_priority": 0.1272,
        "estimated_landing_time": 1228.0,
        "wait_time": 0,
        "Landing_success_rate": 0.9
    },
    {
        "model": 0,
        "sequence": 26,
        "status": 1,
        "fuel": 6057,
        "fault": 0.5381,
        "weapon": 0,
        "pilot_injury": 0.2547,
        "pilot_skill": 0.2632,
        "mission_priority": 0.5562,
        "estimated_landing_time": 2450.0,
        "wait_time": 0,
        "Landing_success_rate": 0.8693
    },
    {
        "model": 1,
        "sequence": 22,
        "status": 1,
        "fuel": 6023,
        "fault": 0.5353,
        "weapon": 1,
        "pilot_injury": 0.1264,
        "pilot_skill": 0.9737,
        "mission_priority": 0.2306,
        "estimated_landing_time": 2074.0,
        "wait_time": 0,
        "Landing_success_rate": 0.8682
    },
    {
        "model": 1,
        "sequence": 10,
        "status": 1,
        "fuel": 5731,
        "fault": 0.7716,
        "weapon": 0,
        "pilot_injury": 0.1431,
        "pilot_skill": 0.8579,
        "mission_priority": 0.3089,
        "estimated_landing_time": 946.0,
        "wait_time": 0,
        "Landing_success_rate": 0.854
    },
    {
        "model": 1,
        "sequence": 11,
        "status": 1,
        "fuel": 7400,
        "fault": 0.4358,
        "weapon": 0,
        "pilot_injury": 0.4718,
        "pilot_skill": 0.4958,
        "mission_priority": 0.7322,
        "estimated_landing_time": 1040.0,
        "wait_time": 0,
        "Landing_success_rate": 0.9304
    },
    {
        "model": 0,
        "sequence": 8,
        "status": 1,
        "fuel": 5808,
        "fault": 0.1136,
        "weapon": 1,
        "pilot_injury": 0.8958,
        "pilot_skill": 0.0578,
        "mission_priority": 0.1407,
        "estimated_landing_time": 758.0,
        "wait_time": 0,
        "Landing_success_rate": 0.8705
    },
    {
        "model": 0,
        "sequence": 24,
        "status": 1,
        "fuel": 5723,
        "fault": 0.3564,
        "weapon": 1,
        "pilot_injury": 0.4035,
        "pilot_skill": 0.137,
        "mission_priority": 0.5068,
        "estimated_landing_time": 2262.0,
        "wait_time": 0,
        "Landing_success_rate": 0.8608
    },
    {
        "model": 1,
        "sequence": 19,
        "status": 1,
        "fuel": 7036,
        "fault": 0.1578,
        "weapon": 0,
        "pilot_injury": 0.7636,
        "pilot_skill": 0.2583,
        "mission_priority": 0.4808,
        "estimated_landing_time": 1792.0,
        "wait_time": 0,
        "Landing_success_rate": 0.947
    },
    {
        "model": 0,
        "sequence": 9,
        "status": 1,
        "fuel": 6061,
        "fault": 0.5522,
        "weapon": 1,
        "pilot_injury": 0.8414,
        "pilot_skill": 0.4148,
        "mission_priority": 0.7679,
        "estimated_landing_time": 852.0,
        "wait_time": 0,
        "Landing_success_rate": 0.8688
    },
    {
        "model": 0,
        "sequence": 3,
        "status": 1,
        "fuel": 7331,
        "fault": 0.1553,
        "weapon": 1,
        "pilot_injury": 0.2031,
        "pilot_skill": 0.402,
        "mission_priority": 0.8457,
        "estimated_landing_time": 288.0,
        "wait_time": 0,
        "Landing_success_rate": 0.966
    },
    {
        "model": 2,
        "sequence": 23,
        "status": 1,
        "fuel": 6601,
        "fault": 0.6203,
        "weapon": 0,
        "pilot_injury": 0.7093,
        "pilot_skill": 0.5862,
        "mission_priority": 0.3572,
        "estimated_landing_time": 2168.0,
        "wait_time": 0,
        "Landing_success_rate": 0.8814
    },
    {
        "model": 2,
        "sequence": 18,
        "status": 1,
        "fuel": 6683,
        "fault": 0.4596,
        "weapon": 0,
        "pilot_injury": 0.0839,
        "pilot_skill": 0.9928,
        "mission_priority": 0.1272,
        "estimated_landing_time": 1698.0,
        "wait_time": 0,
        "Landing_success_rate": 0.8979
    },
    {
        "model": 1,
        "sequence": 20,
        "status": 1,
        "fuel": 6627,
        "fault": 0.7029,
        "weapon": 1,
        "pilot_injury": 0.3018,
        "pilot_skill": 0.6503,
        "mission_priority": 0.329,
        "estimated_landing_time": 1886.0,
        "wait_time": 0,
        "Landing_success_rate": 0.8751
    },
    {
        "model": 1,
        "sequence": 1,
        "status": 1,
        "fuel": 5697,
        "fault": 0.8419,
        "weapon": 0,
        "pilot_injury": 0.343,
        "pilot_skill": 0.4107,
        "mission_priority": 0.7204,
        "estimated_landing_time": 100.0,
        "wait_time": 0,
        "Landing_success_rate": 0.8523
    },
    {
        "model": 2,
        "sequence": 30,
        "status": 1,
        "fuel": 5817,
        "fault": 0.78,
        "weapon": 0,
        "pilot_injury": 0.0419,
        "pilot_skill": 0.5031,
        "mission_priority": 0.5842,
        "estimated_landing_time": 2826.0,
        "wait_time": 0,
        "Landing_success_rate": 0.8552
    },
    {
        "model": 0,
        "sequence": 2,
        "status": 1,
        "fuel": 7449,
        "fault": 0.7833,
        "weapon": 0,
        "pilot_injury": 0.5735,
        "pilot_skill": 0.8536,
        "mission_priority": 0.2419,
        "estimated_landing_time": 194.0,
        "wait_time": 0,
        "Landing_success_rate": 0.8817
    },
    {
        "model": 1,
        "sequence": 21,
        "status": 1,
        "fuel": 6036,
        "fault": 0.0827,
        "weapon": 1,
        "pilot_injury": 0.7325,
        "pilot_skill": 0.9331,
        "mission_priority": 0.6572,
        "estimated_landing_time": 1980.0,
        "wait_time": 0,
        "Landing_success_rate": 0.8869
    },
    {
        "model": 1,
        "sequence": 17,
        "status": 1,
        "fuel": 5620,
        "fault": 0.6526,
        "weapon": 1,
        "pilot_injury": 0.9201,
        "pilot_skill": 0.4703,
        "mission_priority": 0.029,
        "estimated_landing_time": 1604.0,
        "wait_time": 0,
        "Landing_success_rate": 0.8531
    },
    {
        "model": 1,
        "sequence": 4,
        "status": 1,
        "fuel": 6788,
        "fault": 0.9203,
        "weapon": 1,
        "pilot_injury": 0.1243,
        "pilot_skill": 0.2143,
        "mission_priority": 0.0645,
        "estimated_landing_time": 382.0,
        "wait_time": 0,
        "Landing_success_rate": 0.8577
    },
    {
        "model": 0,
        "sequence": 25,
        "status": 1,
        "fuel": 7255,
        "fault": 0.1048,
        "weapon": 1,
        "pilot_injury": 0.5057,
        "pilot_skill": 0.8171,
        "mission_priority": 0.861,
        "estimated_landing_time": 2356.0,
        "wait_time": 0,
        "Landing_success_rate": 0.9678
    },
    {
        "model": 2,
        "sequence": 16,
        "status": 1,
        "fuel": 7409,
        "fault": 0.8242,
        "weapon": 0,
        "pilot_injury": 0.6952,
        "pilot_skill": 0.418,
        "mission_priority": 0.5656,
        "estimated_landing_time": 1510.0,
        "wait_time": 0,
        "Landing_success_rate": 0.8752
    },
    {
        "model": 1,
        "sequence": 5,
        "status": 1,
        "fuel": 6904,
        "fault": 0.6918,
        "weapon": 1,
        "pilot_injury": 0.9171,
        "pilot_skill": 0.134,
        "mission_priority": 0.6715,
        "estimated_landing_time": 476.0,
        "wait_time": 0,
        "Landing_success_rate": 0.8825
    },
    {
        "model": 2,
        "sequence": 28,
        "status": 1,
        "fuel": 6912,
        "fault": 0.9168,
        "weapon": 1,
        "pilot_injury": 0.1125,
        "pilot_skill": 0.0949,
        "mission_priority": 0.333,
        "estimated_landing_time": 2638.0,
        "wait_time": 0,
        "Landing_success_rate": 0.8588
    },
    {
        "model": 2,
        "sequence": 29,
        "status": 1,
        "fuel": 6106,
        "fault": 0.1696,
        "weapon": 1,
        "pilot_injury": 0.5851,
        "pilot_skill": 0.4429,
        "mission_priority": 0.0342,
        "estimated_landing_time": 2732.0,
        "wait_time": 0,
        "Landing_success_rate": 0.8877
    },
    {
        "model": 0,
        "sequence": 12,
        "status": 1,
        "fuel": 7481,
        "fault": 0.5464,
        "weapon": 1,
        "pilot_injury": 0.6897,
        "pilot_skill": 0.7249,
        "mission_priority": 0.6981,
        "estimated_landing_time": 1134.0,
        "wait_time": 0,
        "Landing_success_rate": 0.9174
    }
]