[
    {
        "model": 0,
        "sequence": 4,
        "status": 1,
        "fuel": 6856,
        "fault": 0.9294,
        "weapon": 0,
        "pilot_injury": 0.3946,
        "pilot_skill": 0.4218,
        "mission_priority": 0.411,
        "estimated_landing_time": 382.0,
        "wait_time": 0,
        "Landing_success_rate": 0.8572
    },
    {
        "model": 2,
        "sequence": 13,
        "status": 1,
        "fuel": 5955,
        "fault": 0.6709,
        "weapon": 0,
        "pilot_injury": 0.6079,
        "pilot_skill": 0.3094,
        "mission_priority": 0.8238,
        "estimated_landing_time": 1228.0,
        "wait_time": 0,
        "Landing_success_rate": 0.8612
    },
    {
        "model": 1,
        "sequence": 6,
        "status": 1,
        "fuel": 5602,
        "fault": 0.954,
        "weapon": 0,
        "pilot_injury": 0.0016,
        "pilot_skill": 0.6364,
        "mission_priority": 0.0511,
        "estimated_landing_time": 570.0,
        "wait_time": 0,
        "Landing_success_rate": 0.8504
    },
    {
        "model": 1,
        "sequence": 2,
        "status": 1,
        "fuel": 6504,
        "fault": 0.8296,
        "weapon": 0,
        "pilot_injury": 0.6038,
        "pilot_skill": 0.6866,
        "mission_priority": 0.1145,
        "estimated_landing_time": 194.0,
        "wait_time": 0,
        "Landing_success_rate": 0.8628
    },
    {
        "model": 1,
        "sequence": 27,
        "status": 1,
        "fuel": 6489,
        "fault": 0.8004,
        "weapon": 1,
        "pilot_injury": 0.3691,
        "pilot_skill": 0.121,
        "mission_priority": 0.4189,
        "estimated_landing_time": 2544.0,
        "wait_time": 0,
        "Landing_success_rate": 0.8648
    },
    {
        "model": 0,
        "sequence": 12,
        "status": 1,
        "fuel": 6607,
        "fault": 0.9003,
        "weapon": 1,
        "pilot_injury": 0.0802,
        "pilot_skill": 0.3548,
        "mission_priority": 0.9417,
        "estimated_landing_time": 1134.0,
        "wait_time": 0,
        "Landing_success_rate": 0.8583
    },
    {
        "model": 1,
        "sequence": 15,
        "status": 1,
        "fuel": 6458,
        "fault": 0.6461,
        "weapon": 1,
        "pilot_injury": 0.3619,
        "pilot_skill": 0.5937,
        "mission_priority": 0.0101,
        "estimated_landing_time": 1416.0,
        "wait_time": 0,
        "Landing_success_rate": 0.8754
    },
    {
        "model": 0,
        "sequence": 14,
        "status": 1,
        "fuel": 5709,
        "fault": 0.1389,
        "weapon": 0,
        "pilot_injury": 0.6126,
        "pilot_skill": 0.8737,
        "mission_priority": 0.724,
        "estimated_landing_time": 1322.0,
        "wait_time": 0,
        "Landing_success_rate": 0.8635
    },
    {
        "model": 0,
        "sequence": 23,
        "status": 1,
        "fuel": 6166,
        "fault": 0.741,
        "weapon": 0,
        "pilot_injury": 0.0664,
        "pilot_skill": 0.534,
        "mission_priority": 0.1421,
        "estimated_landing_time": 2168.0,
        "wait_time": 0,
        "Landing_success_rate": 0.8629
    },
    {
        "model": 1,
        "sequence": 25,
        "status": 1,
        "fuel": 6604,
        "fault": 0.6949,
        "weapon": 1,
        "pilot_injury": 0.295,
        "pilot_skill": 0.486,
        "mission_priority": 0.5772,
        "estimated_landing_time": 2356.0,
        "wait_time": 0,
        "Landing_success_rate": 0.8753
    },
    {
        "model": 1,
        "sequence": 3,
        "status": 1,
        "fuel": 6485,
        "fault": 0.9101,
        "weapon": 1,
        "pilot_injury": 0.5586,
        "pilot_skill": 0.3432,
        "mission_priority": 0.7292,
        "estimated_landing_time": 288.0,
        "wait_time": 0,
        "Landing_success_rate": 0.8566
    },
    {
        "model": 2,
        "sequence": 22,
        "status": 1,
        "fuel": 7028,
        "fault": 0.0674,
        "weapon": 0,
        "pilot_injury": 0.6925,
        "pilot_skill": 0.4299,
        "mission_priority": 0.673,
        "estimated_landing_time": 2074.0,
        "wait_time": 0,
        "Landing_success_rate": 0.9569
    },
    {
        "model": 2,
        "sequence": 29,
        "status": 1,
        "fuel": 5874,
        "fault": 0.5425,
        "weapon": 1,
        "pilot_injury": 0.789,
        "pilot_skill": 0.4464,
        "mission_priority": 0.7984,
        "estimated_landing_time": 2732.0,
        "wait_time": 0,
        "Landing_success_rate": 0.8628
    },
    {
        "model": 1,
        "sequence": 16,
        "status": 1,
        "fuel": 6974,
        "fault": 0.4501,
        "weapon": 1,
        "pilot_injury": 0.9166,
        "pilot_skill": 0.431,
        "mission_priority": 0.3189,
        "estimated_landing_time": 1510.0,
        "wait_time": 0,
        "Landing_success_rate": 0.9108
    },
    {
        "model": 0,
        "sequence": 18,
        "status": 1,
        "fuel": 6059,
        "fault": 0.0123,
        "weapon": 0,
        "pilot_injury": 0.6011,
        "pilot_skill": 0.7056,
        "mission_priority": 0.6884,
        "estimated_landing_time": 1698.0,
        "wait_time": 0,
        "Landing_success_rate": 0.8914
    },
    {
        "model": 0,
        "sequence": 26,
        "status": 1,
        "fuel": 6178,
        "fault": 0.5117,
        "weapon": 1,
        "pilot_injury": 0.4305,
        "pilot_skill": 0.1426,
        "mission_priority": 0.8901,
        "estimated_landing_time": 2450.0,
        "wait_time": 0,
        "Landing_success_rate": 0.8748
    },
    {
        "model": 0,
        "sequence": 5,
        "status": 1,
        "fuel": 6716,
        "fault": 0.9466,
        "weapon": 0,
        "pilot_injury": 0.0254,
        "pilot_skill": 0.6458,
        "mission_priority": 0.6369,
        "estimated_landing_time": 476.0,
        "wait_time": 0,
        "Landing_success_rate": 0.8549
    },
    {
        "model": 0,
        "sequence": 19,
        "status": 1,
        "fuel": 6950,
        "fault": 0.3859,
        "weapon": 0,
        "pilot_injury": 0.4096,
        "pilot_skill": 0.3112,
        "mission_priority": 0.6771,
        "estimated_landing_time": 1792.0,
        "wait_time": 0,
        "Landing_success_rate": 0.9168
    },
    {
        "model": 0,
        "sequence": 9,
        "status": 1,
        "fuel": 5824,
        "fault": 0.5311,
        "weapon": 1,
        "pilot_injury": 0.2179,
        "pilot_skill": 0.988,
        "mission_priority": 0.454,
        "estimated_landing_time": 852.0,
        "wait_time": 0,
        "Landing_success_rate": 0.8614
    },
    {
        "model": 2,
        "sequence": 28,
        "status": 1,
        "fuel": 6911,
        "fault": 0.1674,
        "weapon": 1,
        "pilot_injury": 0.4856,
        "pilot_skill": 0.0275,
        "mission_priority": 0.5055,
        "estimated_landing_time": 2638.0,
        "wait_time": 0,
        "Landing_success_rate": 0.9381
    },
    {
        "model": 1,
        "sequence": 10,
        "status": 1,
        "fuel": 5574,
        "fault": 0.1358,
        "weapon": 1,
        "pilot_injury": 0.039,
        "pilot_skill": 0.031,
        "mission_priority": 0.388,
        "estimated_landing_time": 946.0,
        "wait_time": 0,
        "Landing_success_rate": 0.8548
    },
    {
        "model": 2,
        "sequence": 17,
        "status": 1,
        "fuel": 6757,
        "fault": 0.3954,
        "weapon": 1,
        "pilot_injury": 0.7562,
        "pilot_skill": 0.4585,
        "mission_priority": 0.2892,
        "estimated_landing_time": 1604.0,
        "wait_time": 0,
        "Landing_success_rate": 0.907
    },
    {
        "model": 0,
        "sequence": 24,
        "status": 1,
        "fuel": 5984,
        "fault": 0.8355,
        "weapon": 0,
        "pilot_injury": 0.9559,
        "pilot_skill": 0.314,
        "mission_priority": 0.8884,
        "estimated_landing_time": 2262.0,
        "wait_time": 0,
        "Landing_success_rate": 0.856
    },
    {
        "model": 0,
        "sequence": 21,
        "status": 1,
        "fuel": 7231,
        "fault": 0.9949,
        "weapon": 0,
        "pilot_injury": 0.984,
        "pilot_skill": 0.2884,
        "mission_priority": 0.9611,
        "estimated_landing_time": 1980.0,
        "wait_time": 0,
        "Landing_success_rate": 0.8507
    },
    {
        "model": 0,
        "sequence": 7,
        "status": 1,
        "fuel": 7023,
        "fault": 0.0309,
        "weapon": 1,
        "pilot_injury": 0.3404,
        "pilot_skill": 0.5414,
        "mission_priority": 0.1541,
        "estimated_landing_time": 664.0,
        "wait_time": 0,
        "Landing_success_rate": 0.9607
    },
    {
        "model": 0,
        "sequence": 1,
        "status": 1,
        "fuel": 5804,
        "fault": 0.5323,
        "weapon": 0,
        "pilot_injury": 0.7619,
        "pilot_skill": 0.8336,
        "mission_priority": 0.4404,
        "estimated_landing_time": 100.0,
        "wait_time": 0,
        "Landing_success_rate": 0.8607
    },
    {
        "model": 1,
        "sequence": 20,
        "status": 1,
        "fuel": 7077,
        "fault": 0.8268,
        "weapon": 0,
        "pilot_injury": 0.1946,
        "pilot_skill": 0.0576,
        "mission_priority": 0.3424,
        "estimated_landing_time": 1886.0,
        "wait_time": 0,
        "Landing_success_rate": 0.8705
    },
    {
        "model": 0,
        "sequence": 11,
        "status": 1,
        "fuel": 6503,
        "fault": 0.235,
        "weapon": 0,
        "pilot_injury": 0.5577,
        "pilot_skill": 0.3473,
        "mission_priority": 0.5805,
        "estimated_landing_time": 1040.0,
        "wait_time": 0,
        "Landing_success_rate": 0.9075
    },
    {
        "model": 1,
        "sequence": 8,
        "status": 1,
        "fuel": 6803,
        "fault": 0.9997,
        "weapon": 0,
        "pilot_injury": 0.6262,
        "pilot_skill": 0.4889,
        "mission_priority": 0.4018,
        "estimated_landing_time": 758.0,
        "wait_time": 0,
        "Landing_success_rate": 0.85
    },
    {
        "model": 0,
        "sequence": 30,
        "status": 1,
        "fuel": 5772,
        "fault": 0.7346,
        "weapon": 1,
        "pilot_injury": 0.6234,
        "pilot_skill": 0.5694,
        "mission_priority": 0.6207,
        "estimated_landing_time": 2826.0,
        "wait_time": 0,
        "Landing_success_rate": 0.8554
    }
]