[
    {
        "model": 1,
        "sequence": 16,
        "status": 1,
        "fuel": 6885,
        "fault": 0.9224,
        "weapon": 0,
        "pilot_injury": 0.0118,
        "pilot_skill": 0.5879,
        "mission_priority": 0.5014,
        "estimated_landing_time": 1510.0,
        "wait_time": 0,
        "Landing_success_rate": 0.8581
    },
    {
        "model": 2,
        "sequence": 15,
        "status": 1,
        "fuel": 6214,
        "fault": 0.2131,
        "weapon": 0,
        "pilot_injury": 0.6815,
        "pilot_skill": 0.6801,
        "mission_priority": 0.6691,
        "estimated_landing_time": 1416.0,
        "wait_time": 0,
        "Landing_success_rate": 0.8921
    },
    {
        "model": 0,
        "sequence": 25,
        "status": 1,
        "fuel": 6844,
        "fault": 0.9262,
        "weapon": 1,
        "pilot_injury": 0.042,
        "pilot_skill": 0.4711,
        "mission_priority": 0.398,
        "estimated_landing_time": 2356.0,
        "wait_time": 0,
        "Landing_success_rate": 0.8574
    },
    {
        "model": 1,
        "sequence": 23,
        "status": 1,
        "fuel": 7285,
        "fault": 0.3603,
        "weapon": 1,
        "pilot_injury": 0.3842,
        "pilot_skill": 0.4323,
        "mission_priority": 0.9793,
        "estimated_landing_time": 2168.0,
        "wait_time": 0,
        "Landing_success_rate": 0.9356
    },
    {
        "model": 0,
        "sequence": 24,
        "status": 1,
        "fuel": 7168,
        "fault": 0.4968,
        "weapon": 1,
        "pilot_injury": 0.4802,
        "pilot_skill": 0.6237,
        "mission_priority": 0.8302,
        "estimated_landing_time": 2262.0,
        "wait_time": 0,
        "Landing_success_rate": 0.913
    },
    {
        "model": 0,
        "sequence": 22,
        "status": 1,
        "fuel": 7036,
        "fault": 0.8004,
        "weapon": 1,
        "pilot_injury": 0.4095,
        "pilot_skill": 0.3747,
        "mission_priority": 0.9255,
        "estimated_landing_time": 2074.0,
        "wait_time": 0,
        "Landing_success_rate": 0.873
    },
    {
        "model": 0,
        "sequence": 2,
        "status": 1,
        "fuel": 6932,
        "fault": 0.109,
        "weapon": 0,
        "pilot_injury": 0.7132,
        "pilot_skill": 0.164,
        "mission_priority": 0.9555,
        "estimated_landing_time": 194.0,
        "wait_time": 0,
        "Landing_success_rate": 0.9457
    },
    {
        "model": 0,
        "sequence": 8,
        "status": 1,
        "fuel": 6217,
        "fault": 0.1437,
        "weapon": 0,
        "pilot_injury": 0.6576,
        "pilot_skill": 0.8831,
        "mission_priority": 0.577,
        "estimated_landing_time": 758.0,
        "wait_time": 0,
        "Landing_success_rate": 0.896
    },
    {
        "model": 1,
        "sequence": 30,
        "status": 1,
        "fuel": 5949,
        "fault": 0.8209,
        "weapon": 0,
        "pilot_injury": 0.8741,
        "pilot_skill": 0.3591,
        "mission_priority": 0.0455,
        "estimated_landing_time": 2826.0,
        "wait_time": 0,
        "Landing_success_rate": 0.856
    },
    {
        "model": 2,
        "sequence": 5,
        "status": 1,
        "fuel": 7298,
        "fault": 0.7385,
        "weapon": 0,
        "pilot_injury": 0.8206,
        "pilot_skill": 0.1279,
        "mission_priority": 0.9979,
        "estimated_landing_time": 476.0,
        "wait_time": 0,
        "Landing_success_rate": 0.8853
    },
    {
        "model": 2,
        "sequence": 20,
        "status": 1,
        "fuel": 6333,
        "fault": 0.7135,
        "weapon": 0,
        "pilot_injury": 0.908,
        "pilot_skill": 0.2357,
        "mission_priority": 0.9083,
        "estimated_landing_time": 1886.0,
        "wait_time": 0,
        "Landing_success_rate": 0.8679
    },
    {
        "model": 1,
        "sequence": 17,
        "status": 1,
        "fuel": 7381,
        "fault": 0.4174,
        "weapon": 1,
        "pilot_injury": 0.2813,
        "pilot_skill": 0.9534,
        "mission_priority": 0.0535,
        "estimated_landing_time": 1604.0,
        "wait_time": 0,
        "Landing_success_rate": 0.9322
    },
    {
        "model": 2,
        "sequence": 14,
        "status": 1,
        "fuel": 5939,
        "fault": 0.9403,
        "weapon": 1,
        "pilot_injury": 0.4779,
        "pilot_skill": 0.2235,
        "mission_priority": 0.7056,
        "estimated_landing_time": 1322.0,
        "wait_time": 0,
        "Landing_success_rate": 0.852
    },
    {
        "model": 0,
        "sequence": 9,
        "status": 1,
        "fuel": 6546,
        "fault": 0.4228,
        "weapon": 0,
        "pilot_injury": 0.2532,
        "pilot_skill": 0.9556,
        "mission_priority": 0.0286,
        "estimated_landing_time": 852.0,
        "wait_time": 0,
        "Landing_success_rate": 0.8953
    },
    {
        "model": 0,
        "sequence": 28,
        "status": 1,
        "fuel": 6645,
        "fault": 0.9739,
        "weapon": 1,
        "pilot_injury": 0.4141,
        "pilot_skill": 0.2327,
        "mission_priority": 0.4913,
        "estimated_landing_time": 2638.0,
        "wait_time": 0,
        "Landing_success_rate": 0.8522
    },
    {
        "model": 0,
        "sequence": 29,
        "status": 1,
        "fuel": 7184,
        "fault": 0.2901,
        "weapon": 1,
        "pilot_injury": 0.58,
        "pilot_skill": 0.089,
        "mission_priority": 0.694,
        "estimated_landing_time": 2732.0,
        "wait_time": 0,
        "Landing_success_rate": 0.9397
    },
    {
        "model": 1,
        "sequence": 4,
        "status": 1,
        "fuel": 5610,
        "fault": 0.147,
        "weapon": 0,
        "pilot_injury": 0.2501,
        "pilot_skill": 0.417,
        "mission_priority": 0.3505,
        "estimated_landing_time": 382.0,
        "wait_time": 0,
        "Landing_success_rate": 0.857
    },
    {
        "model": 0,
        "sequence": 11,
        "status": 1,
        "fuel": 6169,
        "fault": 0.4024,
        "weapon": 1,
        "pilot_injury": 0.5656,
        "pilot_skill": 0.1421,
        "mission_priority": 0.7048,
        "estimated_landing_time": 1040.0,
        "wait_time": 0,
        "Landing_success_rate": 0.88
    },
    {
        "model": 0,
        "sequence": 21,
        "status": 1,
        "fuel": 6331,
        "fault": 0.9751,
        "weapon": 1,
        "pilot_injury": 0.4881,
        "pilot_skill": 0.9274,
        "mission_priority": 0.521,
        "estimated_landing_time": 1980.0,
        "wait_time": 0,
        "Landing_success_rate": 0.8516
    },
    {
        "model": 1,
        "sequence": 10,
        "status": 1,
        "fuel": 5565,
        "fault": 0.5314,
        "weapon": 0,
        "pilot_injury": 0.6892,
        "pilot_skill": 0.1069,
        "mission_priority": 0.8211,
        "estimated_landing_time": 946.0,
        "wait_time": 0,
        "Landing_success_rate": 0.8523
    },
    {
        "model": 0,
        "sequence": 26,
        "status": 1,
        "fuel": 6007,
        "fault": 0.3174,
        "weapon": 0,
        "pilot_injury": 0.7862,
        "pilot_skill": 0.3769,
        "mission_priority": 0.1004,
        "estimated_landing_time": 2450.0,
        "wait_time": 0,
        "Landing_success_rate": 0.876
    },
    {
        "model": 0,
        "sequence": 7,
        "status": 1,
        "fuel": 7487,
        "fault": 0.7415,
        "weapon": 1,
        "pilot_injury": 0.8878,
        "pilot_skill": 0.9577,
        "mission_priority": 0.8677,
        "estimated_landing_time": 664.0,
        "wait_time": 0,
        "Landing_success_rate": 0.8885
    },
    {
        "model": 2,
        "sequence": 1,
        "status": 1,
        "fuel": 7196,
        "fault": 0.3304,
        "weapon": 1,
        "pilot_injury": 0.8185,
        "pilot_skill": 0.3663,
        "mission_priority": 0.6015,
        "estimated_landing_time": 100.0,
        "wait_time": 0,
        "Landing_success_rate": 0.9352
    },
    {
        "model": 1,
        "sequence": 18,
        "status": 1,
        "fuel": 7159,
        "fault": 0.1245,
        "weapon": 0,
        "pilot_injury": 0.9045,
        "pilot_skill": 0.5032,
        "mission_priority": 0.4648,
        "estimated_landing_time": 1698.0,
        "wait_time": 0,
        "Landing_success_rate": 0.9589
    },
    {
        "model": 0,
        "sequence": 19,
        "status": 1,
        "fuel": 7422,
        "fault": 0.5915,
        "weapon": 0,
        "pilot_injury": 0.1784,
        "pilot_skill": 0.5131,
        "mission_priority": 0.814,
        "estimated_landing_time": 1792.0,
        "wait_time": 0,
        "Landing_success_rate": 0.9089
    },
    {
        "model": 0,
        "sequence": 12,
        "status": 1,
        "fuel": 5895,
        "fault": 0.0496,
        "weapon": 0,
        "pilot_injury": 0.708,
        "pilot_skill": 0.2542,
        "mission_priority": 0.8621,
        "estimated_landing_time": 1134.0,
        "wait_time": 0,
        "Landing_success_rate": 0.8782
    },
    {
        "model": 0,
        "sequence": 13,
        "status": 1,
        "fuel": 7056,
        "fault": 0.0192,
        "weapon": 1,
        "pilot_injury": 0.1305,
        "pilot_skill": 0.9756,
        "mission_priority": 0.8683,
        "estimated_landing_time": 1228.0,
        "wait_time": 0,
        "Landing_success_rate": 0.9645
    },
    {
        "model": 0,
        "sequence": 6,
        "status": 1,
        "fuel": 7282,
        "fault": 0.8864,
        "weapon": 0,
        "pilot_injury": 0.8093,
        "pilot_skill": 0.4705,
        "mission_priority": 0.949,
        "estimated_landing_time": 570.0,
        "wait_time": 0,
        "Landing_success_rate": 0.8652
    },
    {
        "model": 2,
        "sequence": 3,
        "status": 1,
        "fuel": 6749,
        "fault": 0.7455,
        "weapon": 0,
        "pilot_injury": 0.4,
        "pilot_skill": 0.4233,
        "mission_priority": 0.6262,
        "estimated_landing_time": 288.0,
        "wait_time": 0,
        "Landing_success_rate": 0.8738
    },
    {
        "model": 2,
        "sequence": 27,
        "status": 1,
        "fuel": 6003,
        "fault": 0.1718,
        "weapon": 1,
        "pilot_injury": 0.6087,
        "pilot_skill": 0.3994,
        "mission_priority": 0.645,
        "estimated_landing_time": 2544.0,
        "wait_time": 0,
        "Landing_success_rate": 0.8812
    }
]