[
    {
        "model": 2,
        "sequence": 16,
        "status": 1,
        "fuel": 6197,
        "fault": 0.5615,
        "weapon": 1,
        "pilot_injury": 0.0528,
        "pilot_skill": 0.4866,
        "mission_priority": 0.5994,
        "estimated_landing_time": 1510.0,
        "wait_time": 0,
        "Landing_success_rate": 0.8729
    },
    {
        "model": 0,
        "sequence": 2,
        "status": 1,
        "fuel": 7438,
        "fault": 0.2698,
        "weapon": 1,
        "pilot_injury": 0.3221,
        "pilot_skill": 0.6365,
        "mission_priority": 0.149,
        "estimated_landing_time": 194.0,
        "wait_time": 0,
        "Landing_success_rate": 0.9561
    },
    {
        "model": 1,
        "sequence": 17,
        "status": 1,
        "fuel": 6163,
        "fault": 0.3342,
        "weapon": 1,
        "pilot_injury": 0.982,
        "pilot_skill": 0.2098,
        "mission_priority": 0.8251,
        "estimated_landing_time": 1604.0,
        "wait_time": 0,
        "Landing_success_rate": 0.8831
    },
    {
        "model": 0,
        "sequence": 19,
        "status": 1,
        "fuel": 5518,
        "fault": 0.4402,
        "weapon": 1,
        "pilot_injury": 0.1224,
        "pilot_skill": 0.7355,
        "mission_priority": 0.2359,
        "estimated_landing_time": 1792.0,
        "wait_time": 0,
        "Landing_success_rate": 0.8508
    },
    {
        "model": 1,
        "sequence": 23,
        "status": 1,
        "fuel": 6330,
        "fault": 0.2206,
        "weapon": 0,
        "pilot_injury": 0.8014,
        "pilot_skill": 0.7666,
        "mission_priority": 0.7336,
        "estimated_landing_time": 2168.0,
        "wait_time": 0,
        "Landing_success_rate": 0.8985
    },
    {
        "model": 2,
        "sequence": 21,
        "status": 1,
        "fuel": 6641,
        "fault": 0.6426,
        "weapon": 0,
        "pilot_injury": 0.6376,
        "pilot_skill": 0.4962,
        "mission_priority": 0.1783,
        "estimated_landing_time": 1980.0,
        "wait_time": 0,
        "Landing_success_rate": 0.8806
    },
    {
        "model": 2,
        "sequence": 11,
        "status": 1,
        "fuel": 5898,
        "fault": 0.4099,
        "weapon": 1,
        "pilot_injury": 0.7472,
        "pilot_skill": 0.74,
        "mission_priority": 0.9503,
        "estimated_landing_time": 1040.0,
        "wait_time": 0,
        "Landing_success_rate": 0.8676
    },
    {
        "model": 2,
        "sequence": 13,
        "status": 1,
        "fuel": 6336,
        "fault": 0.1845,
        "weapon": 0,
        "pilot_injury": 0.9796,
        "pilot_skill": 0.1653,
        "mission_priority": 0.7003,
        "estimated_landing_time": 1228.0,
        "wait_time": 0,
        "Landing_success_rate": 0.9011
    },
    {
        "model": 1,
        "sequence": 18,
        "status": 1,
        "fuel": 7385,
        "fault": 0.8317,
        "weapon": 0,
        "pilot_injury": 0.6977,
        "pilot_skill": 0.9296,
        "mission_priority": 0.7826,
        "estimated_landing_time": 1698.0,
        "wait_time": 0,
        "Landing_success_rate": 0.8738
    },
    {
        "model": 0,
        "sequence": 1,
        "status": 1,
        "fuel": 7438,
        "fault": 0.2593,
        "weapon": 1,
        "pilot_injury": 0.2255,
        "pilot_skill": 0.3769,
        "mission_priority": 0.4617,
        "estimated_landing_time": 100.0,
        "wait_time": 0,
        "Landing_success_rate": 0.9577
    },
    {
        "model": 0,
        "sequence": 27,
        "status": 1,
        "fuel": 5548,
        "fault": 0.4352,
        "weapon": 1,
        "pilot_injury": 0.483,
        "pilot_skill": 0.1335,
        "mission_priority": 0.0806,
        "estimated_landing_time": 2544.0,
        "wait_time": 0,
        "Landing_success_rate": 0.852
    },
    {
        "model": 0,
        "sequence": 9,
        "status": 1,
        "fuel": 6242,
        "fault": 0.9039,
        "weapon": 0,
        "pilot_injury": 0.4369,
        "pilot_skill": 0.7295,
        "mission_priority": 0.7655,
        "estimated_landing_time": 852.0,
        "wait_time": 0,
        "Landing_success_rate": 0.8553
    },
    {
        "model": 1,
        "sequence": 12,
        "status": 1,
        "fuel": 6705,
        "fault": 0.2252,
        "weapon": 1,
        "pilot_injury": 0.1354,
        "pilot_skill": 0.7514,
        "mission_priority": 0.657,
        "estimated_landing_time": 1134.0,
        "wait_time": 0,
        "Landing_success_rate": 0.92
    },
    {
        "model": 1,
        "sequence": 29,
        "status": 1,
        "fuel": 6047,
        "fault": 0.0134,
        "weapon": 1,
        "pilot_injury": 0.0571,
        "pilot_skill": 0.2822,
        "mission_priority": 0.2617,
        "estimated_landing_time": 2732.0,
        "wait_time": 0,
        "Landing_success_rate": 0.8905
    },
    {
        "model": 1,
        "sequence": 14,
        "status": 1,
        "fuel": 5662,
        "fault": 0.2756,
        "weapon": 1,
        "pilot_injury": 0.2495,
        "pilot_skill": 0.2719,
        "mission_priority": 0.7594,
        "estimated_landing_time": 1322.0,
        "wait_time": 0,
        "Landing_success_rate": 0.8588
    },
    {
        "model": 1,
        "sequence": 25,
        "status": 1,
        "fuel": 7141,
        "fault": 0.8448,
        "weapon": 1,
        "pilot_injury": 0.0654,
        "pilot_skill": 0.4876,
        "mission_priority": 0.0336,
        "estimated_landing_time": 2356.0,
        "wait_time": 0,
        "Landing_success_rate": 0.8691
    },
    {
        "model": 1,
        "sequence": 24,
        "status": 1,
        "fuel": 6095,
        "fault": 0.6197,
        "weapon": 0,
        "pilot_injury": 0.1392,
        "pilot_skill": 0.5324,
        "mission_priority": 0.4111,
        "estimated_landing_time": 2262.0,
        "wait_time": 0,
        "Landing_success_rate": 0.867
    },
    {
        "model": 0,
        "sequence": 7,
        "status": 1,
        "fuel": 7042,
        "fault": 0.0864,
        "weapon": 0,
        "pilot_injury": 0.0218,
        "pilot_skill": 0.6638,
        "mission_priority": 0.9634,
        "estimated_landing_time": 664.0,
        "wait_time": 0,
        "Landing_success_rate": 0.9557
    },
    {
        "model": 1,
        "sequence": 8,
        "status": 1,
        "fuel": 7178,
        "fault": 0.8821,
        "weapon": 0,
        "pilot_injury": 0.0523,
        "pilot_skill": 0.4188,
        "mission_priority": 0.2602,
        "estimated_landing_time": 758.0,
        "wait_time": 0,
        "Landing_success_rate": 0.8648
    },
    {
        "model": 1,
        "sequence": 6,
        "status": 1,
        "fuel": 6836,
        "fault": 0.4945,
        "weapon": 0,
        "pilot_injury": 0.2565,
        "pilot_skill": 0.6542,
        "mission_priority": 0.1981,
        "estimated_landing_time": 570.0,
        "wait_time": 0,
        "Landing_success_rate": 0.9007
    },
    {
        "model": 0,
        "sequence": 30,
        "status": 1,
        "fuel": 6483,
        "fault": 0.3383,
        "weapon": 0,
        "pilot_injury": 0.972,
        "pilot_skill": 0.6085,
        "mission_priority": 0.3495,
        "estimated_landing_time": 2826.0,
        "wait_time": 0,
        "Landing_success_rate": 0.8988
    },
    {
        "model": 1,
        "sequence": 3,
        "status": 1,
        "fuel": 5924,
        "fault": 0.022,
        "weapon": 0,
        "pilot_injury": 0.2253,
        "pilot_skill": 0.251,
        "mission_priority": 0.8506,
        "estimated_landing_time": 288.0,
        "wait_time": 0,
        "Landing_success_rate": 0.8811
    },
    {
        "model": 0,
        "sequence": 22,
        "status": 1,
        "fuel": 6514,
        "fault": 0.5451,
        "weapon": 1,
        "pilot_injury": 0.1148,
        "pilot_skill": 0.8601,
        "mission_priority": 0.7228,
        "estimated_landing_time": 2074.0,
        "wait_time": 0,
        "Landing_success_rate": 0.8846
    },
    {
        "model": 0,
        "sequence": 10,
        "status": 1,
        "fuel": 7204,
        "fault": 0.7917,
        "weapon": 0,
        "pilot_injury": 0.5435,
        "pilot_skill": 0.0817,
        "mission_priority": 0.4583,
        "estimated_landing_time": 946.0,
        "wait_time": 0,
        "Landing_success_rate": 0.8766
    },
    {
        "model": 2,
        "sequence": 20,
        "status": 1,
        "fuel": 7100,
        "fault": 0.4286,
        "weapon": 0,
        "pilot_injury": 0.9457,
        "pilot_skill": 0.85,
        "mission_priority": 0.669,
        "estimated_landing_time": 1886.0,
        "wait_time": 0,
        "Landing_success_rate": 0.9186
    },
    {
        "model": 2,
        "sequence": 28,
        "status": 1,
        "fuel": 5597,
        "fault": 0.862,
        "weapon": 0,
        "pilot_injury": 0.651,
        "pilot_skill": 0.5454,
        "mission_priority": 0.0623,
        "estimated_landing_time": 2638.0,
        "wait_time": 0,
        "Landing_success_rate": 0.851
    },
    {
        "model": 2,
        "sequence": 15,
        "status": 1,
        "fuel": 7459,
        "fault": 0.1119,
        "weapon": 0,
        "pilot_injury": 0.4592,
        "pilot_skill": 0.052,
        "mission_priority": 0.7863,
        "estimated_landing_time": 1416.0,
        "wait_time": 0,
        "Landing_success_rate": 0.9805
    },
    {
        "model": 2,
        "sequence": 4,
        "status": 1,
        "fuel": 6459,
        "fault": 0.3398,
        "weapon": 0,
        "pilot_injury": 0.1647,
        "pilot_skill": 0.3302,
        "mission_priority": 0.7568,
        "estimated_landing_time": 382.0,
        "wait_time": 0,
        "Landing_success_rate": 0.8975
    },
    {
        "model": 1,
        "sequence": 26,
        "status": 1,
        "fuel": 5713,
        "fault": 0.0179,
        "weapon": 1,
        "pilot_injury": 0.8778,
        "pilot_skill": 0.8796,
        "mission_priority": 0.8706,
        "estimated_landing_time": 2450.0,
        "wait_time": 0,
        "Landing_success_rate": 0.8657
    },
    {
        "model": 2,
        "sequence": 5,
        "status": 1,
        "fuel": 7446,
        "fault": 0.9466,
        "weapon": 1,
        "pilot_injury": 0.985,
        "pilot_skill": 0.772,
        "mission_priority": 0.0272,
        "estimated_landing_time": 476.0,
        "wait_time": 0,
        "Landing_success_rate": 0.8578
    }
]