[
    {
        "model": 1,
        "sequence": 7,
        "status": 1,
        "fuel": 5571,
        "fault": 0.8084,
        "weapon": 1,
        "pilot_injury": 0.7619,
        "pilot_skill": 0.7815,
        "mission_priority": 0.2758,
        "estimated_landing_time": 664.0,
        "wait_time": 0,
        "Landing_success_rate": 0.851
    },
    {
        "model": 0,
        "sequence": 26,
        "status": 1,
        "fuel": 6515,
        "fault": 0.9326,
        "weapon": 1,
        "pilot_injury": 0.6792,
        "pilot_skill": 0.0766,
        "mission_priority": 0.4208,
        "estimated_landing_time": 2450.0,
        "wait_time": 0,
        "Landing_success_rate": 0.8551
    },
    {
        "model": 2,
        "sequence": 4,
        "status": 1,
        "fuel": 7453,
        "fault": 0.0327,
        "weapon": 0,
        "pilot_injury": 0.3118,
        "pilot_skill": 0.2498,
        "mission_priority": 0.6542,
        "estimated_landing_time": 382.0,
        "wait_time": 0,
        "Landing_success_rate": 0.9917
    },
    {
        "model": 1,
        "sequence": 2,
        "status": 1,
        "fuel": 6253,
        "fault": 0.9712,
        "weapon": 0,
        "pilot_injury": 0.9281,
        "pilot_skill": 0.8449,
        "mission_priority": 0.224,
        "estimated_landing_time": 194.0,
        "wait_time": 0,
        "Landing_success_rate": 0.8516
    },
    {
        "model": 2,
        "sequence": 20,
        "status": 1,
        "fuel": 6055,
        "fault": 0.1164,
        "weapon": 0,
        "pilot_injury": 0.7736,
        "pilot_skill": 0.044,
        "mission_priority": 0.6933,
        "estimated_landing_time": 1886.0,
        "wait_time": 0,
        "Landing_success_rate": 0.8868
    },
    {
        "model": 2,
        "sequence": 5,
        "status": 1,
        "fuel": 5918,
        "fault": 0.3547,
        "weapon": 1,
        "pilot_injury": 0.6814,
        "pilot_skill": 0.9402,
        "mission_priority": 0.0468,
        "estimated_landing_time": 476.0,
        "wait_time": 0,
        "Landing_success_rate": 0.8702
    },
    {
        "model": 1,
        "sequence": 9,
        "status": 1,
        "fuel": 7443,
        "fault": 0.6118,
        "weapon": 0,
        "pilot_injury": 0.8993,
        "pilot_skill": 0.9623,
        "mission_priority": 0.4441,
        "estimated_landing_time": 852.0,
        "wait_time": 0,
        "Landing_success_rate": 0.9066
    },
    {
        "model": 0,
        "sequence": 11,
        "status": 1,
        "fuel": 6687,
        "fault": 0.4132,
        "weapon": 1,
        "pilot_injury": 0.5378,
        "pilot_skill": 0.2781,
        "mission_priority": 0.217,
        "estimated_landing_time": 1040.0,
        "wait_time": 0,
        "Landing_success_rate": 0.9022
    },
    {
        "model": 2,
        "sequence": 12,
        "status": 1,
        "fuel": 7359,
        "fault": 0.5563,
        "weapon": 1,
        "pilot_injury": 0.8273,
        "pilot_skill": 0.0419,
        "mission_priority": 0.4192,
        "estimated_landing_time": 1134.0,
        "wait_time": 0,
        "Landing_success_rate": 0.9119
    },
    {
        "model": 2,
        "sequence": 19,
        "status": 1,
        "fuel": 6807,
        "fault": 0.5183,
        "weapon": 1,
        "pilot_injury": 0.557,
        "pilot_skill": 0.2314,
        "mission_priority": 0.5024,
        "estimated_landing_time": 1792.0,
        "wait_time": 0,
        "Landing_success_rate": 0.8972
    },
    {
        "model": 0,
        "sequence": 28,
        "status": 1,
        "fuel": 5670,
        "fault": 0.2623,
        "weapon": 0,
        "pilot_injury": 0.2204,
        "pilot_skill": 0.8862,
        "mission_priority": 0.9343,
        "estimated_landing_time": 2638.0,
        "wait_time": 0,
        "Landing_success_rate": 0.8594
    },
    {
        "model": 0,
        "sequence": 24,
        "status": 1,
        "fuel": 5870,
        "fault": 0.3796,
        "weapon": 0,
        "pilot_injury": 0.6298,
        "pilot_skill": 0.4032,
        "mission_priority": 0.7524,
        "estimated_landing_time": 2262.0,
        "wait_time": 0,
        "Landing_success_rate": 0.8672
    },
    {
        "model": 1,
        "sequence": 18,
        "status": 1,
        "fuel": 6157,
        "fault": 0.0431,
        "weapon": 0,
        "pilot_injury": 0.4285,
        "pilot_skill": 0.7315,
        "mission_priority": 0.8245,
        "estimated_landing_time": 1698.0,
        "wait_time": 0,
        "Landing_success_rate": 0.8972
    },
    {
        "model": 1,
        "sequence": 29,
        "status": 1,
        "fuel": 5672,
        "fault": 0.6581,
        "weapon": 1,
        "pilot_injury": 0.5403,
        "pilot_skill": 0.8447,
        "mission_priority": 0.4313,
        "estimated_landing_time": 2732.0,
        "wait_time": 0,
        "Landing_success_rate": 0.8544
    },
    {
        "model": 1,
        "sequence": 23,
        "status": 1,
        "fuel": 6527,
        "fault": 0.7681,
        "weapon": 1,
        "pilot_injury": 0.2512,
        "pilot_skill": 0.8442,
        "mission_priority": 0.484,
        "estimated_landing_time": 2168.0,
        "wait_time": 0,
        "Landing_success_rate": 0.8679
    },
    {
        "model": 0,
        "sequence": 14,
        "status": 1,
        "fuel": 6107,
        "fault": 0.2744,
        "weapon": 1,
        "pilot_injury": 0.573,
        "pilot_skill": 0.3252,
        "mission_priority": 0.0393,
        "estimated_landing_time": 1322.0,
        "wait_time": 0,
        "Landing_success_rate": 0.883
    },
    {
        "model": 2,
        "sequence": 8,
        "status": 1,
        "fuel": 6334,
        "fault": 0.8285,
        "weapon": 0,
        "pilot_injury": 0.9784,
        "pilot_skill": 0.9657,
        "mission_priority": 0.3952,
        "estimated_landing_time": 758.0,
        "wait_time": 0,
        "Landing_success_rate": 0.8607
    },
    {
        "model": 2,
        "sequence": 16,
        "status": 1,
        "fuel": 6308,
        "fault": 0.2109,
        "weapon": 1,
        "pilot_injury": 0.6711,
        "pilot_skill": 0.8054,
        "mission_priority": 0.9468,
        "estimated_landing_time": 1510.0,
        "wait_time": 0,
        "Landing_success_rate": 0.8978
    },
    {
        "model": 1,
        "sequence": 13,
        "status": 1,
        "fuel": 5649,
        "fault": 0.7833,
        "weapon": 0,
        "pilot_injury": 0.4544,
        "pilot_skill": 0.7802,
        "mission_priority": 0.9976,
        "estimated_landing_time": 1228.0,
        "wait_time": 0,
        "Landing_success_rate": 0.8524
    },
    {
        "model": 0,
        "sequence": 3,
        "status": 1,
        "fuel": 5575,
        "fault": 0.6595,
        "weapon": 0,
        "pilot_injury": 0.431,
        "pilot_skill": 0.3045,
        "mission_priority": 0.1981,
        "estimated_landing_time": 288.0,
        "wait_time": 0,
        "Landing_success_rate": 0.8519
    },
    {
        "model": 2,
        "sequence": 6,
        "status": 1,
        "fuel": 6213,
        "fault": 0.6228,
        "weapon": 0,
        "pilot_injury": 0.4198,
        "pilot_skill": 0.4969,
        "mission_priority": 0.9169,
        "estimated_landing_time": 570.0,
        "wait_time": 0,
        "Landing_success_rate": 0.8702
    },
    {
        "model": 1,
        "sequence": 17,
        "status": 1,
        "fuel": 5780,
        "fault": 0.1602,
        "weapon": 0,
        "pilot_injury": 0.5654,
        "pilot_skill": 0.4423,
        "mission_priority": 0.7972,
        "estimated_landing_time": 1604.0,
        "wait_time": 0,
        "Landing_success_rate": 0.8676
    },
    {
        "model": 2,
        "sequence": 15,
        "status": 1,
        "fuel": 7013,
        "fault": 0.0841,
        "weapon": 1,
        "pilot_injury": 0.3405,
        "pilot_skill": 0.805,
        "mission_priority": 0.0524,
        "estimated_landing_time": 1416.0,
        "wait_time": 0,
        "Landing_success_rate": 0.9539
    },
    {
        "model": 2,
        "sequence": 21,
        "status": 1,
        "fuel": 6878,
        "fault": 0.6024,
        "weapon": 1,
        "pilot_injury": 0.0768,
        "pilot_skill": 0.235,
        "mission_priority": 0.8302,
        "estimated_landing_time": 1980.0,
        "wait_time": 0,
        "Landing_success_rate": 0.8911
    },
    {
        "model": 0,
        "sequence": 27,
        "status": 1,
        "fuel": 6737,
        "fault": 0.9747,
        "weapon": 0,
        "pilot_injury": 0.2645,
        "pilot_skill": 0.2799,
        "mission_priority": 0.2777,
        "estimated_landing_time": 2544.0,
        "wait_time": 0,
        "Landing_success_rate": 0.8523
    },
    {
        "model": 0,
        "sequence": 22,
        "status": 1,
        "fuel": 5620,
        "fault": 0.4196,
        "weapon": 1,
        "pilot_injury": 0.2137,
        "pilot_skill": 0.42,
        "mission_priority": 0.0097,
        "estimated_landing_time": 2074.0,
        "wait_time": 0,
        "Landing_success_rate": 0.8552
    },
    {
        "model": 2,
        "sequence": 10,
        "status": 1,
        "fuel": 5982,
        "fault": 0.0287,
        "weapon": 1,
        "pilot_injury": 0.9468,
        "pilot_skill": 0.7816,
        "mission_priority": 0.3137,
        "estimated_landing_time": 946.0,
        "wait_time": 0,
        "Landing_success_rate": 0.8851
    },
    {
        "model": 1,
        "sequence": 25,
        "status": 1,
        "fuel": 5738,
        "fault": 0.0403,
        "weapon": 1,
        "pilot_injury": 0.3641,
        "pilot_skill": 0.5662,
        "mission_priority": 0.0063,
        "estimated_landing_time": 2356.0,
        "wait_time": 0,
        "Landing_success_rate": 0.8671
    },
    {
        "model": 0,
        "sequence": 30,
        "status": 1,
        "fuel": 6997,
        "fault": 0.2752,
        "weapon": 0,
        "pilot_injury": 0.5661,
        "pilot_skill": 0.7515,
        "mission_priority": 0.132,
        "estimated_landing_time": 2826.0,
        "wait_time": 0,
        "Landing_success_rate": 0.9314
    },
    {
        "model": 2,
        "sequence": 1,
        "status": 1,
        "fuel": 7410,
        "fault": 0.5499,
        "weapon": 1,
        "pilot_injury": 0.0932,
        "pilot_skill": 0.4105,
        "mission_priority": 0.1633,
        "estimated_landing_time": 100.0,
        "wait_time": 0,
        "Landing_success_rate": 0.9145
    }
]