[
    {
        "model": 0,
        "sequence": 11,
        "status": 1,
        "fuel": 6491,
        "fault": 0.538,
        "weapon": 0,
        "pilot_injury": 0.5292,
        "pilot_skill": 0.5144,
        "mission_priority": 0.5695,
        "estimated_landing_time": 1040.0,
        "wait_time": 0,
        "Landing_success_rate": 0.8843
    },
    {
        "model": 1,
        "sequence": 5,
        "status": 1,
        "fuel": 6676,
        "fault": 0.5429,
        "weapon": 0,
        "pilot_injury": 0.7124,
        "pilot_skill": 0.1155,
        "mission_priority": 0.5702,
        "estimated_landing_time": 476.0,
        "wait_time": 0,
        "Landing_success_rate": 0.8903
    },
    {
        "model": 2,
        "sequence": 8,
        "status": 1,
        "fuel": 7127,
        "fault": 0.5899,
        "weapon": 0,
        "pilot_injury": 0.0854,
        "pilot_skill": 0.6265,
        "mission_priority": 0.2808,
        "estimated_landing_time": 758.0,
        "wait_time": 0,
        "Landing_success_rate": 0.9
    },
    {
        "model": 2,
        "sequence": 15,
        "status": 1,
        "fuel": 6197,
        "fault": 0.4736,
        "weapon": 0,
        "pilot_injury": 0.7056,
        "pilot_skill": 0.1189,
        "mission_priority": 0.5912,
        "estimated_landing_time": 1416.0,
        "wait_time": 0,
        "Landing_success_rate": 0.8775
    },
    {
        "model": 0,
        "sequence": 20,
        "status": 1,
        "fuel": 6863,
        "fault": 0.9501,
        "weapon": 1,
        "pilot_injury": 0.8529,
        "pilot_skill": 0.7025,
        "mission_priority": 0.774,
        "estimated_landing_time": 1886.0,
        "wait_time": 0,
        "Landing_success_rate": 0.8551
    },
    {
        "model": 1,
        "sequence": 24,
        "status": 1,
        "fuel": 6485,
        "fault": 0.0598,
        "weapon": 1,
        "pilot_injury": 0.906,
        "pilot_skill": 0.3598,
        "mission_priority": 0.063,
        "estimated_landing_time": 2262.0,
        "wait_time": 0,
        "Landing_success_rate": 0.9195
    },
    {
        "model": 2,
        "sequence": 26,
        "status": 1,
        "fuel": 6677,
        "fault": 0.9987,
        "weapon": 1,
        "pilot_injury": 0.7966,
        "pilot_skill": 0.6417,
        "mission_priority": 0.8747,
        "estimated_landing_time": 2450.0,
        "wait_time": 0,
        "Landing_success_rate": 0.8501
    },
    {
        "model": 1,
        "sequence": 14,
        "status": 1,
        "fuel": 5511,
        "fault": 0.5156,
        "weapon": 1,
        "pilot_injury": 0.3811,
        "pilot_skill": 0.7746,
        "mission_priority": 0.4173,
        "estimated_landing_time": 1322.0,
        "wait_time": 0,
        "Landing_success_rate": 0.8504
    },
    {
        "model": 0,
        "sequence": 3,
        "status": 1,
        "fuel": 5955,
        "fault": 0.1528,
        "weapon": 0,
        "pilot_injury": 0.0155,
        "pilot_skill": 0.88,
        "mission_priority": 0.1008,
        "estimated_landing_time": 288.0,
        "wait_time": 0,
        "Landing_success_rate": 0.8789
    },
    {
        "model": 2,
        "sequence": 27,
        "status": 1,
        "fuel": 6730,
        "fault": 0.9895,
        "weapon": 0,
        "pilot_injury": 0.865,
        "pilot_skill": 0.5363,
        "mission_priority": 0.289,
        "estimated_landing_time": 2544.0,
        "wait_time": 0,
        "Landing_success_rate": 0.851
    },
    {
        "model": 0,
        "sequence": 4,
        "status": 1,
        "fuel": 5695,
        "fault": 0.295,
        "weapon": 0,
        "pilot_injury": 0.3267,
        "pilot_skill": 0.2429,
        "mission_priority": 0.6089,
        "estimated_landing_time": 382.0,
        "wait_time": 0,
        "Landing_success_rate": 0.8603
    },
    {
        "model": 1,
        "sequence": 30,
        "status": 1,
        "fuel": 7191,
        "fault": 0.1369,
        "weapon": 1,
        "pilot_injury": 0.1867,
        "pilot_skill": 0.8386,
        "mission_priority": 0.7418,
        "estimated_landing_time": 2826.0,
        "wait_time": 0,
        "Landing_success_rate": 0.9595
    },
    {
        "model": 0,
        "sequence": 18,
        "status": 1,
        "fuel": 7010,
        "fault": 0.5142,
        "weapon": 1,
        "pilot_injury": 0.1443,
        "pilot_skill": 0.5414,
        "mission_priority": 0.6144,
        "estimated_landing_time": 1698.0,
        "wait_time": 0,
        "Landing_success_rate": 0.905
    },
    {
        "model": 0,
        "sequence": 9,
        "status": 1,
        "fuel": 6908,
        "fault": 0.4123,
        "weapon": 0,
        "pilot_injury": 0.1804,
        "pilot_skill": 0.4796,
        "mission_priority": 0.6581,
        "estimated_landing_time": 852.0,
        "wait_time": 0,
        "Landing_success_rate": 0.9121
    },
    {
        "model": 0,
        "sequence": 10,
        "status": 1,
        "fuel": 5906,
        "fault": 0.5091,
        "weapon": 1,
        "pilot_injury": 0.4512,
        "pilot_skill": 0.3336,
        "mission_priority": 0.3036,
        "estimated_landing_time": 946.0,
        "wait_time": 0,
        "Landing_success_rate": 0.8649
    },
    {
        "model": 0,
        "sequence": 17,
        "status": 1,
        "fuel": 5633,
        "fault": 0.788,
        "weapon": 1,
        "pilot_injury": 0.6685,
        "pilot_skill": 0.8451,
        "mission_priority": 0.3546,
        "estimated_landing_time": 1604.0,
        "wait_time": 0,
        "Landing_success_rate": 0.8521
    },
    {
        "model": 2,
        "sequence": 25,
        "status": 1,
        "fuel": 6487,
        "fault": 0.9457,
        "weapon": 1,
        "pilot_injury": 0.2637,
        "pilot_skill": 0.1266,
        "mission_priority": 0.3698,
        "estimated_landing_time": 2356.0,
        "wait_time": 0,
        "Landing_success_rate": 0.854
    },
    {
        "model": 1,
        "sequence": 6,
        "status": 1,
        "fuel": 6247,
        "fault": 0.9922,
        "weapon": 0,
        "pilot_injury": 0.5747,
        "pilot_skill": 0.4156,
        "mission_priority": 0.1178,
        "estimated_landing_time": 570.0,
        "wait_time": 0,
        "Landing_success_rate": 0.8504
    },
    {
        "model": 2,
        "sequence": 23,
        "status": 1,
        "fuel": 5644,
        "fault": 0.4046,
        "weapon": 0,
        "pilot_injury": 0.612,
        "pilot_skill": 0.1198,
        "mission_priority": 0.1633,
        "estimated_landing_time": 2168.0,
        "wait_time": 0,
        "Landing_success_rate": 0.8564
    },
    {
        "model": 1,
        "sequence": 22,
        "status": 1,
        "fuel": 5981,
        "fault": 0.7401,
        "weapon": 0,
        "pilot_injury": 0.3495,
        "pilot_skill": 0.5953,
        "mission_priority": 0.1706,
        "estimated_landing_time": 2074.0,
        "wait_time": 0,
        "Landing_success_rate": 0.8594
    },
    {
        "model": 1,
        "sequence": 29,
        "status": 1,
        "fuel": 6542,
        "fault": 0.4924,
        "weapon": 1,
        "pilot_injury": 0.7683,
        "pilot_skill": 0.401,
        "mission_priority": 0.8161,
        "estimated_landing_time": 2732.0,
        "wait_time": 0,
        "Landing_success_rate": 0.8897
    },
    {
        "model": 1,
        "sequence": 7,
        "status": 1,
        "fuel": 7248,
        "fault": 0.1027,
        "weapon": 0,
        "pilot_injury": 0.2857,
        "pilot_skill": 0.1851,
        "mission_priority": 0.9719,
        "estimated_landing_time": 664.0,
        "wait_time": 0,
        "Landing_success_rate": 0.9676
    },
    {
        "model": 1,
        "sequence": 16,
        "status": 1,
        "fuel": 6322,
        "fault": 0.8079,
        "weapon": 1,
        "pilot_injury": 0.0131,
        "pilot_skill": 0.3545,
        "mission_priority": 0.7428,
        "estimated_landing_time": 1510.0,
        "wait_time": 0,
        "Landing_success_rate": 0.8618
    },
    {
        "model": 1,
        "sequence": 19,
        "status": 1,
        "fuel": 7259,
        "fault": 0.6669,
        "weapon": 0,
        "pilot_injury": 0.4291,
        "pilot_skill": 0.0176,
        "mission_priority": 0.236,
        "estimated_landing_time": 1792.0,
        "wait_time": 0,
        "Landing_success_rate": 0.8939
    },
    {
        "model": 2,
        "sequence": 1,
        "status": 1,
        "fuel": 5681,
        "fault": 0.7251,
        "weapon": 1,
        "pilot_injury": 0.6315,
        "pilot_skill": 0.2424,
        "mission_priority": 0.2776,
        "estimated_landing_time": 100.0,
        "wait_time": 0,
        "Landing_success_rate": 0.8537
    },
    {
        "model": 1,
        "sequence": 12,
        "status": 1,
        "fuel": 7289,
        "fault": 0.8523,
        "weapon": 1,
        "pilot_injury": 0.3921,
        "pilot_skill": 0.7239,
        "mission_priority": 0.9096,
        "estimated_landing_time": 1134.0,
        "wait_time": 0,
        "Landing_success_rate": 0.8698
    },
    {
        "model": 0,
        "sequence": 28,
        "status": 1,
        "fuel": 5524,
        "fault": 0.1672,
        "weapon": 0,
        "pilot_injury": 0.6108,
        "pilot_skill": 0.3186,
        "mission_priority": 0.7724,
        "estimated_landing_time": 2638.0,
        "wait_time": 0,
        "Landing_success_rate": 0.8515
    },
    {
        "model": 2,
        "sequence": 2,
        "status": 1,
        "fuel": 5674,
        "fault": 0.1758,
        "weapon": 1,
        "pilot_injury": 0.266,
        "pilot_skill": 0.2263,
        "mission_priority": 0.9575,
        "estimated_landing_time": 194.0,
        "wait_time": 0,
        "Landing_success_rate": 0.8608
    },
    {
        "model": 2,
        "sequence": 21,
        "status": 1,
        "fuel": 6819,
        "fault": 0.5791,
        "weapon": 1,
        "pilot_injury": 0.707,
        "pilot_skill": 0.2844,
        "mission_priority": 0.2672,
        "estimated_landing_time": 1980.0,
        "wait_time": 0,
        "Landing_success_rate": 0.8916
    },
    {
        "model": 1,
        "sequence": 13,
        "status": 1,
        "fuel": 7303,
        "fault": 0.9081,
        "weapon": 0,
        "pilot_injury": 0.0644,
        "pilot_skill": 0.2692,
        "mission_priority": 0.6069,
        "estimated_landing_time": 1228.0,
        "wait_time": 0,
        "Landing_success_rate": 0.8624
    }
]