[
    {
        "model": 0,
        "sequence": 29,
        "status": 1,
        "fuel": 6107,
        "fault": 0.8897,
        "weapon": 0,
        "pilot_injury": 0.7222,
        "pilot_skill": 0.722,
        "mission_priority": 0.6665,
        "estimated_landing_time": 2732.0,
        "wait_time": 0,
        "Landing_success_rate": 0.855
    },
    {
        "model": 2,
        "sequence": 1,
        "status": 1,
        "fuel": 6015,
        "fault": 0.0552,
        "weapon": 1,
        "pilot_injury": 0.1068,
        "pilot_skill": 0.8166,
        "mission_priority": 0.6552,
        "estimated_landing_time": 100.0,
        "wait_time": 0,
        "Landing_success_rate": 0.8865
    },
    {
        "model": 0,
        "sequence": 20,
        "status": 1,
        "fuel": 7060,
        "fault": 0.0256,
        "weapon": 0,
        "pilot_injury": 0.1842,
        "pilot_skill": 0.1064,
        "mission_priority": 0.9692,
        "estimated_landing_time": 1886.0,
        "wait_time": 0,
        "Landing_success_rate": 0.964
    },
    {
        "model": 2,
        "sequence": 13,
        "status": 1,
        "fuel": 6650,
        "fault": 0.1216,
        "weapon": 0,
        "pilot_injury": 0.9617,
        "pilot_skill": 0.549,
        "mission_priority": 0.7967,
        "estimated_landing_time": 1228.0,
        "wait_time": 0,
        "Landing_success_rate": 0.9258
    },
    {
        "model": 2,
        "sequence": 23,
        "status": 1,
        "fuel": 6788,
        "fault": 0.575,
        "weapon": 1,
        "pilot_injury": 0.3982,
        "pilot_skill": 0.772,
        "mission_priority": 0.0384,
        "estimated_landing_time": 2168.0,
        "wait_time": 0,
        "Landing_success_rate": 0.8911
    },
    {
        "model": 0,
        "sequence": 27,
        "status": 1,
        "fuel": 5859,
        "fault": 0.4714,
        "weapon": 1,
        "pilot_injury": 0.5227,
        "pilot_skill": 0.55,
        "mission_priority": 0.0972,
        "estimated_landing_time": 2544.0,
        "wait_time": 0,
        "Landing_success_rate": 0.8642
    },
    {
        "model": 1,
        "sequence": 8,
        "status": 1,
        "fuel": 6091,
        "fault": 0.5874,
        "weapon": 1,
        "pilot_injury": 0.675,
        "pilot_skill": 0.9791,
        "mission_priority": 0.712,
        "estimated_landing_time": 758.0,
        "wait_time": 0,
        "Landing_success_rate": 0.8683
    },
    {
        "model": 1,
        "sequence": 14,
        "status": 1,
        "fuel": 6712,
        "fault": 0.375,
        "weapon": 0,
        "pilot_injury": 0.1045,
        "pilot_skill": 0.4493,
        "mission_priority": 0.2871,
        "estimated_landing_time": 1322.0,
        "wait_time": 0,
        "Landing_success_rate": 0.9068
    },
    {
        "model": 1,
        "sequence": 9,
        "status": 1,
        "fuel": 6272,
        "fault": 0.7087,
        "weapon": 1,
        "pilot_injury": 0.5108,
        "pilot_skill": 0.5568,
        "mission_priority": 0.4113,
        "estimated_landing_time": 852.0,
        "wait_time": 0,
        "Landing_success_rate": 0.8669
    },
    {
        "model": 1,
        "sequence": 28,
        "status": 1,
        "fuel": 5811,
        "fault": 0.3395,
        "weapon": 0,
        "pilot_injury": 0.6729,
        "pilot_skill": 0.4324,
        "mission_priority": 0.8168,
        "estimated_landing_time": 2638.0,
        "wait_time": 0,
        "Landing_success_rate": 0.8654
    },
    {
        "model": 0,
        "sequence": 30,
        "status": 1,
        "fuel": 5709,
        "fault": 0.0387,
        "weapon": 0,
        "pilot_injury": 0.6458,
        "pilot_skill": 0.846,
        "mission_priority": 0.4722,
        "estimated_landing_time": 2826.0,
        "wait_time": 0,
        "Landing_success_rate": 0.8651
    },
    {
        "model": 2,
        "sequence": 4,
        "status": 1,
        "fuel": 7053,
        "fault": 0.6222,
        "weapon": 0,
        "pilot_injury": 0.9903,
        "pilot_skill": 0.7443,
        "mission_priority": 0.7396,
        "estimated_landing_time": 382.0,
        "wait_time": 0,
        "Landing_success_rate": 0.894
    },
    {
        "model": 0,
        "sequence": 19,
        "status": 1,
        "fuel": 6398,
        "fault": 0.4497,
        "weapon": 1,
        "pilot_injury": 0.4051,
        "pilot_skill": 0.962,
        "mission_priority": 0.0814,
        "estimated_landing_time": 1792.0,
        "wait_time": 0,
        "Landing_success_rate": 0.8871
    },
    {
        "model": 1,
        "sequence": 3,
        "status": 1,
        "fuel": 6541,
        "fault": 0.0808,
        "weapon": 1,
        "pilot_injury": 0.4052,
        "pilot_skill": 0.2106,
        "mission_priority": 0.593,
        "estimated_landing_time": 288.0,
        "wait_time": 0,
        "Landing_success_rate": 0.9218
    },
    {
        "model": 1,
        "sequence": 25,
        "status": 1,
        "fuel": 7086,
        "fault": 0.0555,
        "weapon": 1,
        "pilot_injury": 0.2344,
        "pilot_skill": 0.7316,
        "mission_priority": 0.2569,
        "estimated_landing_time": 2356.0,
        "wait_time": 0,
        "Landing_success_rate": 0.9623
    },
    {
        "model": 0,
        "sequence": 24,
        "status": 1,
        "fuel": 5657,
        "fault": 0.6907,
        "weapon": 0,
        "pilot_injury": 0.3608,
        "pilot_skill": 0.6122,
        "mission_priority": 0.1529,
        "estimated_landing_time": 2262.0,
        "wait_time": 0,
        "Landing_success_rate": 0.8536
    },
    {
        "model": 2,
        "sequence": 18,
        "status": 1,
        "fuel": 7276,
        "fault": 0.4946,
        "weapon": 1,
        "pilot_injury": 0.1279,
        "pilot_skill": 0.3124,
        "mission_priority": 0.5144,
        "estimated_landing_time": 1698.0,
        "wait_time": 0,
        "Landing_success_rate": 0.9173
    },
    {
        "model": 0,
        "sequence": 12,
        "status": 1,
        "fuel": 5668,
        "fault": 0.5382,
        "weapon": 1,
        "pilot_injury": 0.6562,
        "pilot_skill": 0.6088,
        "mission_priority": 0.4118,
        "estimated_landing_time": 1134.0,
        "wait_time": 0,
        "Landing_success_rate": 0.8558
    },
    {
        "model": 0,
        "sequence": 2,
        "status": 1,
        "fuel": 6119,
        "fault": 0.6476,
        "weapon": 0,
        "pilot_injury": 0.8422,
        "pilot_skill": 0.23,
        "mission_priority": 0.0057,
        "estimated_landing_time": 194.0,
        "wait_time": 0,
        "Landing_success_rate": 0.8664
    },
    {
        "model": 0,
        "sequence": 7,
        "status": 1,
        "fuel": 7177,
        "fault": 0.8069,
        "weapon": 0,
        "pilot_injury": 0.8901,
        "pilot_skill": 0.859,
        "mission_priority": 0.0767,
        "estimated_landing_time": 664.0,
        "wait_time": 0,
        "Landing_success_rate": 0.8743
    },
    {
        "model": 2,
        "sequence": 15,
        "status": 1,
        "fuel": 6861,
        "fault": 0.0602,
        "weapon": 1,
        "pilot_injury": 0.6092,
        "pilot_skill": 0.2749,
        "mission_priority": 0.7168,
        "estimated_landing_time": 1416.0,
        "wait_time": 0,
        "Landing_success_rate": 0.9459
    },
    {
        "model": 0,
        "sequence": 10,
        "status": 1,
        "fuel": 6169,
        "fault": 0.6785,
        "weapon": 0,
        "pilot_injury": 0.0254,
        "pilot_skill": 0.7502,
        "mission_priority": 0.2148,
        "estimated_landing_time": 946.0,
        "wait_time": 0,
        "Landing_success_rate": 0.8661
    },
    {
        "model": 0,
        "sequence": 11,
        "status": 1,
        "fuel": 6046,
        "fault": 0.9232,
        "weapon": 0,
        "pilot_injury": 0.5771,
        "pilot_skill": 0.8729,
        "mission_priority": 0.8636,
        "estimated_landing_time": 1040.0,
        "wait_time": 0,
        "Landing_success_rate": 0.8531
    },
    {
        "model": 1,
        "sequence": 16,
        "status": 1,
        "fuel": 5554,
        "fault": 0.2967,
        "weapon": 1,
        "pilot_injury": 0.7751,
        "pilot_skill": 0.4331,
        "mission_priority": 0.192,
        "estimated_landing_time": 1510.0,
        "wait_time": 0,
        "Landing_success_rate": 0.8528
    },
    {
        "model": 0,
        "sequence": 6,
        "status": 1,
        "fuel": 6352,
        "fault": 0.5914,
        "weapon": 1,
        "pilot_injury": 0.0258,
        "pilot_skill": 0.0203,
        "mission_priority": 0.6223,
        "estimated_landing_time": 570.0,
        "wait_time": 0,
        "Landing_success_rate": 0.8761
    },
    {
        "model": 1,
        "sequence": 21,
        "status": 1,
        "fuel": 5865,
        "fault": 0.3238,
        "weapon": 0,
        "pilot_injury": 0.32,
        "pilot_skill": 0.3395,
        "mission_priority": 0.6802,
        "estimated_landing_time": 1980.0,
        "wait_time": 0,
        "Landing_success_rate": 0.8685
    },
    {
        "model": 1,
        "sequence": 26,
        "status": 1,
        "fuel": 6317,
        "fault": 0.3516,
        "weapon": 1,
        "pilot_injury": 0.2225,
        "pilot_skill": 0.9997,
        "mission_priority": 0.1715,
        "estimated_landing_time": 2450.0,
        "wait_time": 0,
        "Landing_success_rate": 0.8897
    },
    {
        "model": 1,
        "sequence": 22,
        "status": 1,
        "fuel": 5911,
        "fault": 0.5469,
        "weapon": 1,
        "pilot_injury": 0.0808,
        "pilot_skill": 0.8749,
        "mission_priority": 0.8588,
        "estimated_landing_time": 2074.0,
        "wait_time": 0,
        "Landing_success_rate": 0.864
    },
    {
        "model": 2,
        "sequence": 17,
        "status": 1,
        "fuel": 6454,
        "fault": 0.1627,
        "weapon": 1,
        "pilot_injury": 0.5571,
        "pilot_skill": 0.853,
        "mission_priority": 0.3151,
        "estimated_landing_time": 1604.0,
        "wait_time": 0,
        "Landing_success_rate": 0.9099
    },
    {
        "model": 1,
        "sequence": 5,
        "status": 1,
        "fuel": 6766,
        "fault": 0.7442,
        "weapon": 1,
        "pilot_injury": 0.3539,
        "pilot_skill": 0.8915,
        "mission_priority": 0.1659,
        "estimated_landing_time": 476.0,
        "wait_time": 0,
        "Landing_success_rate": 0.8743
    }
]