[
    {
        "model": 1,
        "sequence": 18,
        "status": 1,
        "fuel": 6888,
        "fault": 0.4457,
        "weapon": 1,
        "pilot_injury": 0.917,
        "pilot_skill": 0.9968,
        "mission_priority": 0.1537,
        "estimated_landing_time": 1698.0,
        "wait_time": 0,
        "Landing_success_rate": 0.9077
    },
    {
        "model": 1,
        "sequence": 5,
        "status": 1,
        "fuel": 7098,
        "fault": 0.6636,
        "weapon": 1,
        "pilot_injury": 0.5908,
        "pilot_skill": 0.5058,
        "mission_priority": 0.018,
        "estimated_landing_time": 476.0,
        "wait_time": 0,
        "Landing_success_rate": 0.8903
    },
    {
        "model": 1,
        "sequence": 10,
        "status": 1,
        "fuel": 5805,
        "fault": 0.9326,
        "weapon": 0,
        "pilot_injury": 0.6882,
        "pilot_skill": 0.785,
        "mission_priority": 0.7953,
        "estimated_landing_time": 946.0,
        "wait_time": 0,
        "Landing_success_rate": 0.8515
    },
    {
        "model": 1,
        "sequence": 14,
        "status": 1,
        "fuel": 6732,
        "fault": 0.4871,
        "weapon": 1,
        "pilot_injury": 0.8294,
        "pilot_skill": 0.3027,
        "mission_priority": 0.4677,
        "estimated_landing_time": 1322.0,
        "wait_time": 0,
        "Landing_success_rate": 0.8974
    },
    {
        "model": 2,
        "sequence": 11,
        "status": 1,
        "fuel": 6020,
        "fault": 0.4904,
        "weapon": 1,
        "pilot_injury": 0.8878,
        "pilot_skill": 0.4551,
        "mission_priority": 0.5559,
        "estimated_landing_time": 1040.0,
        "wait_time": 0,
        "Landing_success_rate": 0.8699
    },
    {
        "model": 0,
        "sequence": 19,
        "status": 1,
        "fuel": 6869,
        "fault": 0.9108,
        "weapon": 1,
        "pilot_injury": 0.0152,
        "pilot_skill": 0.2837,
        "mission_priority": 0.4366,
        "estimated_landing_time": 1792.0,
        "wait_time": 0,
        "Landing_success_rate": 0.8592
    },
    {
        "model": 1,
        "sequence": 12,
        "status": 1,
        "fuel": 6744,
        "fault": 0.131,
        "weapon": 0,
        "pilot_injury": 0.3378,
        "pilot_skill": 0.3881,
        "mission_priority": 0.2423,
        "estimated_landing_time": 1134.0,
        "wait_time": 0,
        "Landing_success_rate": 0.9311
    },
    {
        "model": 2,
        "sequence": 15,
        "status": 1,
        "fuel": 5573,
        "fault": 0.1829,
        "weapon": 0,
        "pilot_injury": 0.0134,
        "pilot_skill": 0.0194,
        "mission_priority": 0.973,
        "estimated_landing_time": 1416.0,
        "wait_time": 0,
        "Landing_success_rate": 0.8545
    },
    {
        "model": 1,
        "sequence": 22,
        "status": 1,
        "fuel": 5872,
        "fault": 0.5037,
        "weapon": 0,
        "pilot_injury": 0.0583,
        "pilot_skill": 0.9212,
        "mission_priority": 0.8744,
        "estimated_landing_time": 2074.0,
        "wait_time": 0,
        "Landing_success_rate": 0.8638
    },
    {
        "model": 0,
        "sequence": 28,
        "status": 1,
        "fuel": 5845,
        "fault": 0.7383,
        "weapon": 0,
        "pilot_injury": 0.2578,
        "pilot_skill": 0.4068,
        "mission_priority": 0.4601,
        "estimated_landing_time": 2638.0,
        "wait_time": 0,
        "Landing_success_rate": 0.8568
    },
    {
        "model": 2,
        "sequence": 8,
        "status": 1,
        "fuel": 6717,
        "fault": 0.6481,
        "weapon": 1,
        "pilot_injury": 0.5901,
        "pilot_skill": 0.5242,
        "mission_priority": 0.283,
        "estimated_landing_time": 758.0,
        "wait_time": 0,
        "Landing_success_rate": 0.8821
    },
    {
        "model": 2,
        "sequence": 20,
        "status": 1,
        "fuel": 6277,
        "fault": 0.0858,
        "weapon": 1,
        "pilot_injury": 0.482,
        "pilot_skill": 0.756,
        "mission_priority": 0.4523,
        "estimated_landing_time": 1886.0,
        "wait_time": 0,
        "Landing_success_rate": 0.9033
    },
    {
        "model": 0,
        "sequence": 30,
        "status": 1,
        "fuel": 6874,
        "fault": 0.3567,
        "weapon": 0,
        "pilot_injury": 0.3201,
        "pilot_skill": 0.8384,
        "mission_priority": 0.6542,
        "estimated_landing_time": 2826.0,
        "wait_time": 0,
        "Landing_success_rate": 0.9163
    },
    {
        "model": 2,
        "sequence": 25,
        "status": 1,
        "fuel": 6242,
        "fault": 0.8897,
        "weapon": 1,
        "pilot_injury": 0.3215,
        "pilot_skill": 0.9982,
        "mission_priority": 0.9962,
        "estimated_landing_time": 2356.0,
        "wait_time": 0,
        "Landing_success_rate": 0.8561
    },
    {
        "model": 0,
        "sequence": 1,
        "status": 1,
        "fuel": 6577,
        "fault": 0.2617,
        "weapon": 0,
        "pilot_injury": 0.486,
        "pilot_skill": 0.6641,
        "mission_priority": 0.528,
        "estimated_landing_time": 100.0,
        "wait_time": 0,
        "Landing_success_rate": 0.9096
    },
    {
        "model": 2,
        "sequence": 4,
        "status": 1,
        "fuel": 5752,
        "fault": 0.4159,
        "weapon": 1,
        "pilot_injury": 0.212,
        "pilot_skill": 0.1051,
        "mission_priority": 0.6884,
        "estimated_landing_time": 382.0,
        "wait_time": 0,
        "Landing_success_rate": 0.861
    },
    {
        "model": 2,
        "sequence": 6,
        "status": 1,
        "fuel": 7248,
        "fault": 0.5171,
        "weapon": 1,
        "pilot_injury": 0.311,
        "pilot_skill": 0.3269,
        "mission_priority": 0.0108,
        "estimated_landing_time": 570.0,
        "wait_time": 0,
        "Landing_success_rate": 0.9133
    },
    {
        "model": 0,
        "sequence": 17,
        "status": 1,
        "fuel": 5880,
        "fault": 0.5719,
        "weapon": 0,
        "pilot_injury": 0.7729,
        "pilot_skill": 0.4919,
        "mission_priority": 0.7843,
        "estimated_landing_time": 1604.0,
        "wait_time": 0,
        "Landing_success_rate": 0.8622
    },
    {
        "model": 0,
        "sequence": 13,
        "status": 1,
        "fuel": 6958,
        "fault": 0.41,
        "weapon": 1,
        "pilot_injury": 0.7657,
        "pilot_skill": 0.0698,
        "mission_priority": 0.4787,
        "estimated_landing_time": 1228.0,
        "wait_time": 0,
        "Landing_success_rate": 0.9145
    },
    {
        "model": 2,
        "sequence": 27,
        "status": 1,
        "fuel": 6509,
        "fault": 0.9451,
        "weapon": 0,
        "pilot_injury": 0.9116,
        "pilot_skill": 0.5541,
        "mission_priority": 0.5271,
        "estimated_landing_time": 2544.0,
        "wait_time": 0,
        "Landing_success_rate": 0.8542
    },
    {
        "model": 2,
        "sequence": 16,
        "status": 1,
        "fuel": 7442,
        "fault": 0.4864,
        "weapon": 1,
        "pilot_injury": 0.9178,
        "pilot_skill": 0.1974,
        "mission_priority": 0.9841,
        "estimated_landing_time": 1510.0,
        "wait_time": 0,
        "Landing_success_rate": 0.9248
    },
    {
        "model": 0,
        "sequence": 21,
        "status": 1,
        "fuel": 6404,
        "fault": 0.1263,
        "weapon": 0,
        "pilot_injury": 0.6562,
        "pilot_skill": 0.4717,
        "mission_priority": 0.5716,
        "estimated_landing_time": 1980.0,
        "wait_time": 0,
        "Landing_success_rate": 0.9092
    },
    {
        "model": 0,
        "sequence": 24,
        "status": 1,
        "fuel": 7325,
        "fault": 0.9336,
        "weapon": 0,
        "pilot_injury": 0.6261,
        "pilot_skill": 0.8912,
        "mission_priority": 0.5057,
        "estimated_landing_time": 2262.0,
        "wait_time": 0,
        "Landing_success_rate": 0.8591
    },
    {
        "model": 2,
        "sequence": 23,
        "status": 1,
        "fuel": 6480,
        "fault": 0.6178,
        "weapon": 1,
        "pilot_injury": 0.6556,
        "pilot_skill": 0.2393,
        "mission_priority": 0.2805,
        "estimated_landing_time": 2168.0,
        "wait_time": 0,
        "Landing_success_rate": 0.8781
    },
    {
        "model": 2,
        "sequence": 2,
        "status": 1,
        "fuel": 5981,
        "fault": 0.2703,
        "weapon": 1,
        "pilot_injury": 0.5085,
        "pilot_skill": 0.3185,
        "mission_priority": 0.7309,
        "estimated_landing_time": 194.0,
        "wait_time": 0,
        "Landing_success_rate": 0.8763
    },
    {
        "model": 2,
        "sequence": 7,
        "status": 1,
        "fuel": 6084,
        "fault": 0.581,
        "weapon": 1,
        "pilot_injury": 0.0701,
        "pilot_skill": 0.8645,
        "mission_priority": 0.4996,
        "estimated_landing_time": 664.0,
        "wait_time": 0,
        "Landing_success_rate": 0.8684
    },
    {
        "model": 0,
        "sequence": 29,
        "status": 1,
        "fuel": 7470,
        "fault": 0.7111,
        "weapon": 0,
        "pilot_injury": 0.6242,
        "pilot_skill": 0.132,
        "mission_priority": 0.7562,
        "estimated_landing_time": 2732.0,
        "wait_time": 0,
        "Landing_success_rate": 0.8927
    },
    {
        "model": 2,
        "sequence": 26,
        "status": 1,
        "fuel": 6709,
        "fault": 0.2418,
        "weapon": 0,
        "pilot_injury": 0.8179,
        "pilot_skill": 0.3463,
        "mission_priority": 0.8077,
        "estimated_landing_time": 2450.0,
        "wait_time": 0,
        "Landing_success_rate": 0.9187
    },
    {
        "model": 1,
        "sequence": 9,
        "status": 1,
        "fuel": 5621,
        "fault": 0.0968,
        "weapon": 1,
        "pilot_injury": 0.9619,
        "pilot_skill": 0.6526,
        "mission_priority": 0.4561,
        "estimated_landing_time": 852.0,
        "wait_time": 0,
        "Landing_success_rate": 0.8582
    },
    {
        "model": 0,
        "sequence": 3,
        "status": 1,
        "fuel": 5855,
        "fault": 0.5014,
        "weapon": 0,
        "pilot_injury": 0.9814,
        "pilot_skill": 0.1347,
        "mission_priority": 0.3148,
        "estimated_landing_time": 288.0,
        "wait_time": 0,
        "Landing_success_rate": 0.8633
    }
]