[
    {
        "model": 2,
        "sequence": 28,
        "status": 1,
        "fuel": 7202,
        "fault": 0.8951,
        "weapon": 0,
        "pilot_injury": 0.893,
        "pilot_skill": 0.7192,
        "mission_priority": 0.585,
        "estimated_landing_time": 2638.0,
        "wait_time": 0,
        "Landing_success_rate": 0.8634
    },
    {
        "model": 1,
        "sequence": 18,
        "status": 1,
        "fuel": 6357,
        "fault": 0.7098,
        "weapon": 1,
        "pilot_injury": 0.25,
        "pilot_skill": 0.5351,
        "mission_priority": 0.6896,
        "estimated_landing_time": 1698.0,
        "wait_time": 0,
        "Landing_success_rate": 0.8687
    },
    {
        "model": 0,
        "sequence": 9,
        "status": 1,
        "fuel": 5929,
        "fault": 0.2686,
        "weapon": 1,
        "pilot_injury": 0.5867,
        "pilot_skill": 0.7959,
        "mission_priority": 0.4751,
        "estimated_landing_time": 852.0,
        "wait_time": 0,
        "Landing_success_rate": 0.8735
    },
    {
        "model": 1,
        "sequence": 20,
        "status": 1,
        "fuel": 6827,
        "fault": 0.4813,
        "weapon": 1,
        "pilot_injury": 0.9388,
        "pilot_skill": 0.5339,
        "mission_priority": 0.5959,
        "estimated_landing_time": 1886.0,
        "wait_time": 0,
        "Landing_success_rate": 0.9016
    },
    {
        "model": 2,
        "sequence": 19,
        "status": 1,
        "fuel": 7493,
        "fault": 0.5115,
        "weapon": 1,
        "pilot_injury": 0.6329,
        "pilot_skill": 0.4199,
        "mission_priority": 0.5082,
        "estimated_landing_time": 1792.0,
        "wait_time": 0,
        "Landing_success_rate": 0.923
    },
    {
        "model": 0,
        "sequence": 24,
        "status": 1,
        "fuel": 6752,
        "fault": 0.4092,
        "weapon": 1,
        "pilot_injury": 0.7845,
        "pilot_skill": 0.1854,
        "mission_priority": 0.6343,
        "estimated_landing_time": 2262.0,
        "wait_time": 0,
        "Landing_success_rate": 0.9055
    },
    {
        "model": 2,
        "sequence": 4,
        "status": 1,
        "fuel": 6287,
        "fault": 0.4961,
        "weapon": 0,
        "pilot_injury": 0.3104,
        "pilot_skill": 0.6561,
        "mission_priority": 0.2105,
        "estimated_landing_time": 382.0,
        "wait_time": 0,
        "Landing_success_rate": 0.8797
    },
    {
        "model": 1,
        "sequence": 25,
        "status": 1,
        "fuel": 5716,
        "fault": 0.6595,
        "weapon": 0,
        "pilot_injury": 0.5569,
        "pilot_skill": 0.1082,
        "mission_priority": 0.9333,
        "estimated_landing_time": 2356.0,
        "wait_time": 0,
        "Landing_success_rate": 0.8555
    },
    {
        "model": 0,
        "sequence": 27,
        "status": 1,
        "fuel": 5705,
        "fault": 0.3686,
        "weapon": 1,
        "pilot_injury": 0.4965,
        "pilot_skill": 0.277,
        "mission_priority": 0.5349,
        "estimated_landing_time": 2544.0,
        "wait_time": 0,
        "Landing_success_rate": 0.8597
    },
    {
        "model": 0,
        "sequence": 14,
        "status": 1,
        "fuel": 6851,
        "fault": 0.271,
        "weapon": 0,
        "pilot_injury": 0.2659,
        "pilot_skill": 0.4384,
        "mission_priority": 0.0303,
        "estimated_landing_time": 1322.0,
        "wait_time": 0,
        "Landing_success_rate": 0.9239
    },
    {
        "model": 0,
        "sequence": 8,
        "status": 1,
        "fuel": 6585,
        "fault": 0.0761,
        "weapon": 0,
        "pilot_injury": 0.6014,
        "pilot_skill": 0.546,
        "mission_priority": 0.5903,
        "estimated_landing_time": 758.0,
        "wait_time": 0,
        "Landing_success_rate": 0.9252
    },
    {
        "model": 0,
        "sequence": 11,
        "status": 1,
        "fuel": 5931,
        "fault": 0.5631,
        "weapon": 1,
        "pilot_injury": 0.0478,
        "pilot_skill": 0.1915,
        "mission_priority": 0.1673,
        "estimated_landing_time": 1040.0,
        "wait_time": 0,
        "Landing_success_rate": 0.8641
    },
    {
        "model": 1,
        "sequence": 21,
        "status": 1,
        "fuel": 6165,
        "fault": 0.6761,
        "weapon": 1,
        "pilot_injury": 0.4595,
        "pilot_skill": 0.9918,
        "mission_priority": 0.2269,
        "estimated_landing_time": 1980.0,
        "wait_time": 0,
        "Landing_success_rate": 0.8662
    },
    {
        "model": 0,
        "sequence": 30,
        "status": 1,
        "fuel": 7460,
        "fault": 0.9539,
        "weapon": 0,
        "pilot_injury": 0.8318,
        "pilot_skill": 0.4698,
        "mission_priority": 0.5546,
        "estimated_landing_time": 2826.0,
        "wait_time": 0,
        "Landing_success_rate": 0.8568
    },
    {
        "model": 2,
        "sequence": 15,
        "status": 1,
        "fuel": 6021,
        "fault": 0.8098,
        "weapon": 1,
        "pilot_injury": 0.206,
        "pilot_skill": 0.8284,
        "mission_priority": 0.5378,
        "estimated_landing_time": 1416.0,
        "wait_time": 0,
        "Landing_success_rate": 0.8574
    },
    {
        "model": 0,
        "sequence": 29,
        "status": 1,
        "fuel": 6699,
        "fault": 0.6785,
        "weapon": 0,
        "pilot_injury": 0.4132,
        "pilot_skill": 0.8768,
        "mission_priority": 0.1261,
        "estimated_landing_time": 2732.0,
        "wait_time": 0,
        "Landing_success_rate": 0.8789
    },
    {
        "model": 1,
        "sequence": 12,
        "status": 1,
        "fuel": 7147,
        "fault": 0.5122,
        "weapon": 0,
        "pilot_injury": 0.0761,
        "pilot_skill": 0.5011,
        "mission_priority": 0.687,
        "estimated_landing_time": 1134.0,
        "wait_time": 0,
        "Landing_success_rate": 0.9103
    },
    {
        "model": 0,
        "sequence": 22,
        "status": 1,
        "fuel": 6286,
        "fault": 0.3754,
        "weapon": 1,
        "pilot_injury": 0.9089,
        "pilot_skill": 0.942,
        "mission_priority": 0.0643,
        "estimated_landing_time": 2074.0,
        "wait_time": 0,
        "Landing_success_rate": 0.8868
    },
    {
        "model": 1,
        "sequence": 5,
        "status": 1,
        "fuel": 5854,
        "fault": 0.6314,
        "weapon": 0,
        "pilot_injury": 0.3294,
        "pilot_skill": 0.5369,
        "mission_priority": 0.9108,
        "estimated_landing_time": 476.0,
        "wait_time": 0,
        "Landing_success_rate": 0.8598
    },
    {
        "model": 1,
        "sequence": 26,
        "status": 1,
        "fuel": 5667,
        "fault": 0.7899,
        "weapon": 1,
        "pilot_injury": 0.093,
        "pilot_skill": 0.5893,
        "mission_priority": 0.5321,
        "estimated_landing_time": 2450.0,
        "wait_time": 0,
        "Landing_success_rate": 0.8526
    },
    {
        "model": 2,
        "sequence": 1,
        "status": 1,
        "fuel": 6323,
        "fault": 0.8227,
        "weapon": 0,
        "pilot_injury": 0.9274,
        "pilot_skill": 0.4026,
        "mission_priority": 0.8903,
        "estimated_landing_time": 100.0,
        "wait_time": 0,
        "Landing_success_rate": 0.8609
    },
    {
        "model": 0,
        "sequence": 13,
        "status": 1,
        "fuel": 5895,
        "fault": 0.2561,
        "weapon": 0,
        "pilot_injury": 0.4759,
        "pilot_skill": 0.1226,
        "mission_priority": 0.9279,
        "estimated_landing_time": 1228.0,
        "wait_time": 0,
        "Landing_success_rate": 0.872
    },
    {
        "model": 0,
        "sequence": 17,
        "status": 1,
        "fuel": 6699,
        "fault": 0.0557,
        "weapon": 1,
        "pilot_injury": 0.3672,
        "pilot_skill": 0.0189,
        "mission_priority": 0.1005,
        "estimated_landing_time": 1604.0,
        "wait_time": 0,
        "Landing_success_rate": 0.9349
    },
    {
        "model": 0,
        "sequence": 2,
        "status": 1,
        "fuel": 6903,
        "fault": 0.1265,
        "weapon": 1,
        "pilot_injury": 0.3347,
        "pilot_skill": 0.6955,
        "mission_priority": 0.6986,
        "estimated_landing_time": 194.0,
        "wait_time": 0,
        "Landing_success_rate": 0.9419
    },
    {
        "model": 2,
        "sequence": 16,
        "status": 1,
        "fuel": 6737,
        "fault": 0.1392,
        "weapon": 1,
        "pilot_injury": 0.9149,
        "pilot_skill": 0.4892,
        "mission_priority": 0.4503,
        "estimated_landing_time": 1510.0,
        "wait_time": 0,
        "Landing_success_rate": 0.9299
    },
    {
        "model": 2,
        "sequence": 6,
        "status": 1,
        "fuel": 7312,
        "fault": 0.5344,
        "weapon": 0,
        "pilot_injury": 0.0423,
        "pilot_skill": 0.6335,
        "mission_priority": 0.2485,
        "estimated_landing_time": 570.0,
        "wait_time": 0,
        "Landing_success_rate": 0.9133
    },
    {
        "model": 1,
        "sequence": 23,
        "status": 1,
        "fuel": 7159,
        "fault": 0.2163,
        "weapon": 1,
        "pilot_injury": 0.3272,
        "pilot_skill": 0.2422,
        "mission_priority": 0.1691,
        "estimated_landing_time": 2168.0,
        "wait_time": 0,
        "Landing_success_rate": 0.9475
    },
    {
        "model": 1,
        "sequence": 10,
        "status": 1,
        "fuel": 7252,
        "fault": 0.2626,
        "weapon": 1,
        "pilot_injury": 0.4538,
        "pilot_skill": 0.5069,
        "mission_priority": 0.6874,
        "estimated_landing_time": 946.0,
        "wait_time": 0,
        "Landing_success_rate": 0.9469
    },
    {
        "model": 1,
        "sequence": 7,
        "status": 1,
        "fuel": 6986,
        "fault": 0.1787,
        "weapon": 0,
        "pilot_injury": 0.0448,
        "pilot_skill": 0.2964,
        "mission_priority": 0.2801,
        "estimated_landing_time": 664.0,
        "wait_time": 0,
        "Landing_success_rate": 0.9415
    },
    {
        "model": 2,
        "sequence": 3,
        "status": 1,
        "fuel": 6843,
        "fault": 0.3182,
        "weapon": 1,
        "pilot_injury": 0.3098,
        "pilot_skill": 0.5219,
        "mission_priority": 0.6637,
        "estimated_landing_time": 288.0,
        "wait_time": 0,
        "Landing_success_rate": 0.9187
    }
]