[
    {
        "model": 1,
        "sequence": 10,
        "status": 1,
        "fuel": 6438,
        "fault": 0.5983,
        "weapon": 0,
        "pilot_injury": 0.2464,
        "pilot_skill": 0.8191,
        "mission_priority": 0.7994,
        "estimated_landing_time": 946.0,
        "wait_time": 0,
        "Landing_success_rate": 0.8783
    },
    {
        "model": 0,
        "sequence": 18,
        "status": 1,
        "fuel": 5671,
        "fault": 0.9677,
        "weapon": 1,
        "pilot_injury": 0.5902,
        "pilot_skill": 0.361,
        "mission_priority": 0.0916,
        "estimated_landing_time": 1698.0,
        "wait_time": 0,
        "Landing_success_rate": 0.8504
    },
    {
        "model": 0,
        "sequence": 25,
        "status": 1,
        "fuel": 6316,
        "fault": 0.1368,
        "weapon": 1,
        "pilot_injury": 0.6906,
        "pilot_skill": 0.5213,
        "mission_priority": 0.0867,
        "estimated_landing_time": 2356.0,
        "wait_time": 0,
        "Landing_success_rate": 0.9028
    },
    {
        "model": 0,
        "sequence": 8,
        "status": 1,
        "fuel": 7115,
        "fault": 0.8729,
        "weapon": 1,
        "pilot_injury": 0.6389,
        "pilot_skill": 0.759,
        "mission_priority": 0.7241,
        "estimated_landing_time": 758.0,
        "wait_time": 0,
        "Landing_success_rate": 0.8654
    },
    {
        "model": 2,
        "sequence": 6,
        "status": 1,
        "fuel": 6475,
        "fault": 0.8492,
        "weapon": 0,
        "pilot_injury": 0.9034,
        "pilot_skill": 0.6467,
        "mission_priority": 0.6932,
        "estimated_landing_time": 570.0,
        "wait_time": 0,
        "Landing_success_rate": 0.861
    },
    {
        "model": 1,
        "sequence": 7,
        "status": 1,
        "fuel": 5988,
        "fault": 0.9441,
        "weapon": 0,
        "pilot_injury": 0.0442,
        "pilot_skill": 0.5883,
        "mission_priority": 0.9994,
        "estimated_landing_time": 664.0,
        "wait_time": 0,
        "Landing_success_rate": 0.852
    },
    {
        "model": 0,
        "sequence": 16,
        "status": 1,
        "fuel": 7317,
        "fault": 0.5679,
        "weapon": 1,
        "pilot_injury": 0.3129,
        "pilot_skill": 0.1205,
        "mission_priority": 0.731,
        "estimated_landing_time": 1510.0,
        "wait_time": 0,
        "Landing_success_rate": 0.9089
    },
    {
        "model": 0,
        "sequence": 27,
        "status": 1,
        "fuel": 6382,
        "fault": 0.9244,
        "weapon": 1,
        "pilot_injury": 0.4218,
        "pilot_skill": 0.7953,
        "mission_priority": 0.7451,
        "estimated_landing_time": 2544.0,
        "wait_time": 0,
        "Landing_success_rate": 0.855
    },
    {
        "model": 1,
        "sequence": 12,
        "status": 1,
        "fuel": 5871,
        "fault": 0.8445,
        "weapon": 1,
        "pilot_injury": 0.5224,
        "pilot_skill": 0.6445,
        "mission_priority": 0.6502,
        "estimated_landing_time": 1134.0,
        "wait_time": 0,
        "Landing_success_rate": 0.8543
    },
    {
        "model": 0,
        "sequence": 9,
        "status": 1,
        "fuel": 6675,
        "fault": 0.23,
        "weapon": 1,
        "pilot_injury": 0.4811,
        "pilot_skill": 0.885,
        "mission_priority": 0.5303,
        "estimated_landing_time": 852.0,
        "wait_time": 0,
        "Landing_success_rate": 0.9179
    },
    {
        "model": 1,
        "sequence": 30,
        "status": 1,
        "fuel": 6485,
        "fault": 0.7248,
        "weapon": 1,
        "pilot_injury": 0.5724,
        "pilot_skill": 0.804,
        "mission_priority": 0.5384,
        "estimated_landing_time": 2826.0,
        "wait_time": 0,
        "Landing_success_rate": 0.8703
    },
    {
        "model": 1,
        "sequence": 21,
        "status": 1,
        "fuel": 6481,
        "fault": 0.3188,
        "weapon": 1,
        "pilot_injury": 0.5202,
        "pilot_skill": 0.4268,
        "mission_priority": 0.8767,
        "estimated_landing_time": 1980.0,
        "wait_time": 0,
        "Landing_success_rate": 0.9001
    },
    {
        "model": 1,
        "sequence": 13,
        "status": 1,
        "fuel": 6973,
        "fault": 0.0244,
        "weapon": 1,
        "pilot_injury": 0.9903,
        "pilot_skill": 0.0002,
        "mission_priority": 0.1855,
        "estimated_landing_time": 1228.0,
        "wait_time": 0,
        "Landing_success_rate": 0.9578
    },
    {
        "model": 1,
        "sequence": 17,
        "status": 1,
        "fuel": 6797,
        "fault": 0.9391,
        "weapon": 0,
        "pilot_injury": 0.07,
        "pilot_skill": 0.0095,
        "mission_priority": 0.0527,
        "estimated_landing_time": 1604.0,
        "wait_time": 0,
        "Landing_success_rate": 0.8559
    },
    {
        "model": 1,
        "sequence": 14,
        "status": 1,
        "fuel": 5976,
        "fault": 0.0376,
        "weapon": 1,
        "pilot_injury": 0.6275,
        "pilot_skill": 0.8737,
        "mission_priority": 0.9841,
        "estimated_landing_time": 1322.0,
        "wait_time": 0,
        "Landing_success_rate": 0.8844
    },
    {
        "model": 2,
        "sequence": 29,
        "status": 1,
        "fuel": 5765,
        "fault": 0.0917,
        "weapon": 0,
        "pilot_injury": 0.4214,
        "pilot_skill": 0.7376,
        "mission_priority": 0.2388,
        "estimated_landing_time": 2732.0,
        "wait_time": 0,
        "Landing_success_rate": 0.8681
    },
    {
        "model": 0,
        "sequence": 11,
        "status": 1,
        "fuel": 5502,
        "fault": 0.4673,
        "weapon": 1,
        "pilot_injury": 0.2872,
        "pilot_skill": 0.2963,
        "mission_priority": 0.2336,
        "estimated_landing_time": 1040.0,
        "wait_time": 0,
        "Landing_success_rate": 0.8501
    },
    {
        "model": 2,
        "sequence": 3,
        "status": 1,
        "fuel": 7188,
        "fault": 0.2773,
        "weapon": 0,
        "pilot_injury": 0.9877,
        "pilot_skill": 0.4278,
        "mission_priority": 0.3843,
        "estimated_landing_time": 288.0,
        "wait_time": 0,
        "Landing_success_rate": 0.9415
    },
    {
        "model": 0,
        "sequence": 19,
        "status": 1,
        "fuel": 6867,
        "fault": 0.1244,
        "weapon": 0,
        "pilot_injury": 0.95,
        "pilot_skill": 0.7863,
        "mission_priority": 0.0894,
        "estimated_landing_time": 1792.0,
        "wait_time": 0,
        "Landing_success_rate": 0.9398
    },
    {
        "model": 2,
        "sequence": 20,
        "status": 1,
        "fuel": 6209,
        "fault": 0.9823,
        "weapon": 0,
        "pilot_injury": 0.9447,
        "pilot_skill": 0.4674,
        "mission_priority": 0.6134,
        "estimated_landing_time": 1886.0,
        "wait_time": 0,
        "Landing_success_rate": 0.8509
    },
    {
        "model": 1,
        "sequence": 28,
        "status": 1,
        "fuel": 6676,
        "fault": 0.7434,
        "weapon": 1,
        "pilot_injury": 0.2317,
        "pilot_skill": 0.9427,
        "mission_priority": 0.6496,
        "estimated_landing_time": 2638.0,
        "wait_time": 0,
        "Landing_success_rate": 0.8726
    },
    {
        "model": 0,
        "sequence": 4,
        "status": 1,
        "fuel": 6384,
        "fault": 0.8306,
        "weapon": 1,
        "pilot_injury": 0.2307,
        "pilot_skill": 0.1765,
        "mission_priority": 0.2205,
        "estimated_landing_time": 382.0,
        "wait_time": 0,
        "Landing_success_rate": 0.8612
    },
    {
        "model": 0,
        "sequence": 1,
        "status": 1,
        "fuel": 6252,
        "fault": 0.9573,
        "weapon": 1,
        "pilot_injury": 0.3501,
        "pilot_skill": 0.0578,
        "mission_priority": 0.9691,
        "estimated_landing_time": 100.0,
        "wait_time": 0,
        "Landing_success_rate": 0.8524
    },
    {
        "model": 2,
        "sequence": 5,
        "status": 1,
        "fuel": 6188,
        "fault": 0.5183,
        "weapon": 1,
        "pilot_injury": 0.9949,
        "pilot_skill": 0.1739,
        "mission_priority": 0.3962,
        "estimated_landing_time": 476.0,
        "wait_time": 0,
        "Landing_success_rate": 0.8749
    },
    {
        "model": 2,
        "sequence": 26,
        "status": 1,
        "fuel": 6189,
        "fault": 0.4912,
        "weapon": 0,
        "pilot_injury": 0.1539,
        "pilot_skill": 0.8158,
        "mission_priority": 0.2244,
        "estimated_landing_time": 2450.0,
        "wait_time": 0,
        "Landing_success_rate": 0.8763
    },
    {
        "model": 0,
        "sequence": 22,
        "status": 1,
        "fuel": 6643,
        "fault": 0.7479,
        "weapon": 0,
        "pilot_injury": 0.5929,
        "pilot_skill": 0.5801,
        "mission_priority": 0.0915,
        "estimated_landing_time": 2074.0,
        "wait_time": 0,
        "Landing_success_rate": 0.8716
    },
    {
        "model": 2,
        "sequence": 24,
        "status": 1,
        "fuel": 7140,
        "fault": 0.3912,
        "weapon": 0,
        "pilot_injury": 0.1295,
        "pilot_skill": 0.8887,
        "mission_priority": 0.9557,
        "estimated_landing_time": 2262.0,
        "wait_time": 0,
        "Landing_success_rate": 0.9249
    },
    {
        "model": 2,
        "sequence": 15,
        "status": 1,
        "fuel": 6855,
        "fault": 0.0354,
        "weapon": 0,
        "pilot_injury": 0.6552,
        "pilot_skill": 0.5509,
        "mission_priority": 0.087,
        "estimated_landing_time": 1416.0,
        "wait_time": 0,
        "Landing_success_rate": 0.948
    },
    {
        "model": 2,
        "sequence": 23,
        "status": 1,
        "fuel": 6483,
        "fault": 0.2526,
        "weapon": 1,
        "pilot_injury": 0.2598,
        "pilot_skill": 0.7234,
        "mission_priority": 0.4959,
        "estimated_landing_time": 2168.0,
        "wait_time": 0,
        "Landing_success_rate": 0.9051
    },
    {
        "model": 1,
        "sequence": 2,
        "status": 1,
        "fuel": 5953,
        "fault": 0.9621,
        "weapon": 1,
        "pilot_injury": 0.6833,
        "pilot_skill": 0.0761,
        "mission_priority": 0.8512,
        "estimated_landing_time": 194.0,
        "wait_time": 0,
        "Landing_success_rate": 0.8513
    }
]