[
    {
        "model": 2,
        "sequence": 20,
        "status": 1,
        "fuel": 6977,
        "fault": 0.5278,
        "weapon": 0,
        "pilot_injury": 0.8127,
        "pilot_skill": 0.1326,
        "mission_priority": 0.2334,
        "estimated_landing_time": 1886.0,
        "wait_time": 0,
        "Landing_success_rate": 0.9023
    },
    {
        "model": 2,
        "sequence": 30,
        "status": 1,
        "fuel": 5633,
        "fault": 0.6262,
        "weapon": 1,
        "pilot_injury": 0.7636,
        "pilot_skill": 0.4473,
        "mission_priority": 0.7899,
        "estimated_landing_time": 2826.0,
        "wait_time": 0,
        "Landing_success_rate": 0.8537
    },
    {
        "model": 0,
        "sequence": 17,
        "status": 1,
        "fuel": 5897,
        "fault": 0.4488,
        "weapon": 0,
        "pilot_injury": 0.1563,
        "pilot_skill": 0.437,
        "mission_priority": 0.3969,
        "estimated_landing_time": 1604.0,
        "wait_time": 0,
        "Landing_success_rate": 0.8664
    },
    {
        "model": 1,
        "sequence": 10,
        "status": 1,
        "fuel": 6218,
        "fault": 0.5381,
        "weapon": 1,
        "pilot_injury": 0.3881,
        "pilot_skill": 0.1708,
        "mission_priority": 0.2268,
        "estimated_landing_time": 946.0,
        "wait_time": 0,
        "Landing_success_rate": 0.8749
    },
    {
        "model": 0,
        "sequence": 24,
        "status": 1,
        "fuel": 5726,
        "fault": 0.1606,
        "weapon": 0,
        "pilot_injury": 0.5149,
        "pilot_skill": 0.1707,
        "mission_priority": 0.6629,
        "estimated_landing_time": 2262.0,
        "wait_time": 0,
        "Landing_success_rate": 0.8642
    },
    {
        "model": 1,
        "sequence": 3,
        "status": 1,
        "fuel": 6151,
        "fault": 0.8297,
        "weapon": 0,
        "pilot_injury": 0.4915,
        "pilot_skill": 0.9755,
        "mission_priority": 0.3332,
        "estimated_landing_time": 288.0,
        "wait_time": 0,
        "Landing_success_rate": 0.8583
    },
    {
        "model": 0,
        "sequence": 19,
        "status": 1,
        "fuel": 6804,
        "fault": 0.4704,
        "weapon": 1,
        "pilot_injury": 0.606,
        "pilot_skill": 0.0896,
        "mission_priority": 0.9592,
        "estimated_landing_time": 1792.0,
        "wait_time": 0,
        "Landing_success_rate": 0.9018
    },
    {
        "model": 1,
        "sequence": 14,
        "status": 1,
        "fuel": 6239,
        "fault": 0.1756,
        "weapon": 1,
        "pilot_injury": 0.7041,
        "pilot_skill": 0.5897,
        "mission_priority": 0.4499,
        "estimated_landing_time": 1322.0,
        "wait_time": 0,
        "Landing_success_rate": 0.8957
    },
    {
        "model": 0,
        "sequence": 22,
        "status": 1,
        "fuel": 6419,
        "fault": 0.8072,
        "weapon": 0,
        "pilot_injury": 0.499,
        "pilot_skill": 0.9315,
        "mission_priority": 0.5833,
        "estimated_landing_time": 2074.0,
        "wait_time": 0,
        "Landing_success_rate": 0.8633
    },
    {
        "model": 2,
        "sequence": 9,
        "status": 1,
        "fuel": 6485,
        "fault": 0.3564,
        "weapon": 0,
        "pilot_injury": 0.2093,
        "pilot_skill": 0.0037,
        "mission_priority": 0.2415,
        "estimated_landing_time": 852.0,
        "wait_time": 0,
        "Landing_success_rate": 0.8975
    },
    {
        "model": 0,
        "sequence": 4,
        "status": 1,
        "fuel": 5991,
        "fault": 0.38,
        "weapon": 0,
        "pilot_injury": 0.3441,
        "pilot_skill": 0.9971,
        "mission_priority": 0.7724,
        "estimated_landing_time": 382.0,
        "wait_time": 0,
        "Landing_success_rate": 0.8728
    },
    {
        "model": 0,
        "sequence": 29,
        "status": 1,
        "fuel": 6230,
        "fault": 0.1335,
        "weapon": 1,
        "pilot_injury": 0.8877,
        "pilot_skill": 0.3182,
        "mission_priority": 0.166,
        "estimated_landing_time": 2732.0,
        "wait_time": 0,
        "Landing_success_rate": 0.8974
    },
    {
        "model": 2,
        "sequence": 5,
        "status": 1,
        "fuel": 6436,
        "fault": 0.1499,
        "weapon": 0,
        "pilot_injury": 0.4732,
        "pilot_skill": 0.6304,
        "mission_priority": 0.9079,
        "estimated_landing_time": 476.0,
        "wait_time": 0,
        "Landing_success_rate": 0.9097
    },
    {
        "model": 2,
        "sequence": 18,
        "status": 1,
        "fuel": 6977,
        "fault": 0.1303,
        "weapon": 1,
        "pilot_injury": 0.2683,
        "pilot_skill": 0.698,
        "mission_priority": 0.0016,
        "estimated_landing_time": 1698.0,
        "wait_time": 0,
        "Landing_success_rate": 0.9463
    },
    {
        "model": 1,
        "sequence": 2,
        "status": 1,
        "fuel": 5707,
        "fault": 0.1303,
        "weapon": 0,
        "pilot_injury": 0.7128,
        "pilot_skill": 0.0463,
        "mission_priority": 0.2662,
        "estimated_landing_time": 194.0,
        "wait_time": 0,
        "Landing_success_rate": 0.8635
    },
    {
        "model": 1,
        "sequence": 7,
        "status": 1,
        "fuel": 5531,
        "fault": 0.9615,
        "weapon": 1,
        "pilot_injury": 0.1918,
        "pilot_skill": 0.3338,
        "mission_priority": 0.7277,
        "estimated_landing_time": 664.0,
        "wait_time": 0,
        "Landing_success_rate": 0.8501
    },
    {
        "model": 1,
        "sequence": 8,
        "status": 1,
        "fuel": 7247,
        "fault": 0.4139,
        "weapon": 1,
        "pilot_injury": 0.7473,
        "pilot_skill": 0.053,
        "mission_priority": 0.5429,
        "estimated_landing_time": 758.0,
        "wait_time": 0,
        "Landing_success_rate": 0.9268
    },
    {
        "model": 0,
        "sequence": 27,
        "status": 1,
        "fuel": 5733,
        "fault": 0.1797,
        "weapon": 1,
        "pilot_injury": 0.2613,
        "pilot_skill": 0.985,
        "mission_priority": 0.3097,
        "estimated_landing_time": 2544.0,
        "wait_time": 0,
        "Landing_success_rate": 0.8643
    },
    {
        "model": 1,
        "sequence": 6,
        "status": 1,
        "fuel": 5948,
        "fault": 0.7857,
        "weapon": 0,
        "pilot_injury": 0.8965,
        "pilot_skill": 0.6362,
        "mission_priority": 0.7307,
        "estimated_landing_time": 570.0,
        "wait_time": 0,
        "Landing_success_rate": 0.8572
    },
    {
        "model": 0,
        "sequence": 15,
        "status": 1,
        "fuel": 6664,
        "fault": 0.945,
        "weapon": 1,
        "pilot_injury": 0.7389,
        "pilot_skill": 0.1978,
        "mission_priority": 0.8434,
        "estimated_landing_time": 1416.0,
        "wait_time": 0,
        "Landing_success_rate": 0.8548
    },
    {
        "model": 0,
        "sequence": 25,
        "status": 1,
        "fuel": 6155,
        "fault": 0.33,
        "weapon": 0,
        "pilot_injury": 0.6856,
        "pilot_skill": 0.7589,
        "mission_priority": 0.5327,
        "estimated_landing_time": 2356.0,
        "wait_time": 0,
        "Landing_success_rate": 0.8829
    },
    {
        "model": 1,
        "sequence": 1,
        "status": 1,
        "fuel": 7305,
        "fault": 0.9956,
        "weapon": 1,
        "pilot_injury": 0.1011,
        "pilot_skill": 0.3088,
        "mission_priority": 0.6114,
        "estimated_landing_time": 100.0,
        "wait_time": 0,
        "Landing_success_rate": 0.8506
    },
    {
        "model": 1,
        "sequence": 21,
        "status": 1,
        "fuel": 5614,
        "fault": 0.0153,
        "weapon": 0,
        "pilot_injury": 0.0225,
        "pilot_skill": 0.0557,
        "mission_priority": 0.0524,
        "estimated_landing_time": 1980.0,
        "wait_time": 0,
        "Landing_success_rate": 0.8584
    },
    {
        "model": 0,
        "sequence": 23,
        "status": 1,
        "fuel": 7227,
        "fault": 0.8733,
        "weapon": 0,
        "pilot_injury": 0.6771,
        "pilot_skill": 0.5226,
        "mission_priority": 0.782,
        "estimated_landing_time": 2168.0,
        "wait_time": 0,
        "Landing_success_rate": 0.8664
    },
    {
        "model": 2,
        "sequence": 28,
        "status": 1,
        "fuel": 6498,
        "fault": 0.9562,
        "weapon": 1,
        "pilot_injury": 0.49,
        "pilot_skill": 0.1104,
        "mission_priority": 0.4195,
        "estimated_landing_time": 2638.0,
        "wait_time": 0,
        "Landing_success_rate": 0.8533
    },
    {
        "model": 2,
        "sequence": 13,
        "status": 1,
        "fuel": 6175,
        "fault": 0.7206,
        "weapon": 1,
        "pilot_injury": 0.1367,
        "pilot_skill": 0.764,
        "mission_priority": 0.018,
        "estimated_landing_time": 1228.0,
        "wait_time": 0,
        "Landing_success_rate": 0.8641
    },
    {
        "model": 0,
        "sequence": 12,
        "status": 1,
        "fuel": 5877,
        "fault": 0.1812,
        "weapon": 1,
        "pilot_injury": 0.7992,
        "pilot_skill": 0.8986,
        "mission_priority": 0.9411,
        "estimated_landing_time": 1134.0,
        "wait_time": 0,
        "Landing_success_rate": 0.8732
    },
    {
        "model": 1,
        "sequence": 16,
        "status": 1,
        "fuel": 5881,
        "fault": 0.1858,
        "weapon": 1,
        "pilot_injury": 0.3331,
        "pilot_skill": 0.4265,
        "mission_priority": 0.1393,
        "estimated_landing_time": 1510.0,
        "wait_time": 0,
        "Landing_success_rate": 0.8733
    },
    {
        "model": 0,
        "sequence": 11,
        "status": 1,
        "fuel": 6972,
        "fault": 0.3161,
        "weapon": 1,
        "pilot_injury": 0.5541,
        "pilot_skill": 0.6087,
        "mission_priority": 0.927,
        "estimated_landing_time": 1040.0,
        "wait_time": 0,
        "Landing_success_rate": 0.9255
    },
    {
        "model": 0,
        "sequence": 26,
        "status": 1,
        "fuel": 5745,
        "fault": 0.1534,
        "weapon": 0,
        "pilot_injury": 0.787,
        "pilot_skill": 0.1163,
        "mission_priority": 0.3602,
        "estimated_landing_time": 2450.0,
        "wait_time": 0,
        "Landing_success_rate": 0.8656
    }
]