[
    {
        "model": 2,
        "sequence": 13,
        "status": 1,
        "fuel": 7260,
        "fault": 0.1316,
        "weapon": 1,
        "pilot_injury": 0.4053,
        "pilot_skill": 0.6019,
        "mission_priority": 0.6325,
        "estimated_landing_time": 1228.0,
        "wait_time": 0,
        "Landing_success_rate": 0.9646
    },
    {
        "model": 0,
        "sequence": 22,
        "status": 1,
        "fuel": 6025,
        "fault": 0.9714,
        "weapon": 0,
        "pilot_injury": 0.413,
        "pilot_skill": 0.0691,
        "mission_priority": 0.4372,
        "estimated_landing_time": 2074.0,
        "wait_time": 0,
        "Landing_success_rate": 0.8511
    },
    {
        "model": 2,
        "sequence": 1,
        "status": 1,
        "fuel": 7025,
        "fault": 0.8707,
        "weapon": 0,
        "pilot_injury": 0.5929,
        "pilot_skill": 0.5794,
        "mission_priority": 0.6626,
        "estimated_landing_time": 100.0,
        "wait_time": 0,
        "Landing_success_rate": 0.8648
    },
    {
        "model": 2,
        "sequence": 16,
        "status": 1,
        "fuel": 7266,
        "fault": 0.1635,
        "weapon": 0,
        "pilot_injury": 0.3121,
        "pilot_skill": 0.399,
        "mission_priority": 0.858,
        "estimated_landing_time": 1510.0,
        "wait_time": 0,
        "Landing_success_rate": 0.9608
    },
    {
        "model": 1,
        "sequence": 8,
        "status": 1,
        "fuel": 5760,
        "fault": 0.3252,
        "weapon": 1,
        "pilot_injury": 0.5987,
        "pilot_skill": 0.3967,
        "mission_priority": 0.237,
        "estimated_landing_time": 758.0,
        "wait_time": 0,
        "Landing_success_rate": 0.8632
    },
    {
        "model": 1,
        "sequence": 29,
        "status": 1,
        "fuel": 5786,
        "fault": 0.2361,
        "weapon": 0,
        "pilot_injury": 0.442,
        "pilot_skill": 0.3309,
        "mission_priority": 0.4488,
        "estimated_landing_time": 2732.0,
        "wait_time": 0,
        "Landing_success_rate": 0.8664
    },
    {
        "model": 1,
        "sequence": 26,
        "status": 1,
        "fuel": 6343,
        "fault": 0.8289,
        "weapon": 0,
        "pilot_injury": 0.4494,
        "pilot_skill": 0.5879,
        "mission_priority": 0.9486,
        "estimated_landing_time": 2450.0,
        "wait_time": 0,
        "Landing_success_rate": 0.8608
    },
    {
        "model": 2,
        "sequence": 5,
        "status": 1,
        "fuel": 5812,
        "fault": 0.167,
        "weapon": 1,
        "pilot_injury": 0.3794,
        "pilot_skill": 0.6055,
        "mission_priority": 0.3567,
        "estimated_landing_time": 476.0,
        "wait_time": 0,
        "Landing_success_rate": 0.8695
    },
    {
        "model": 1,
        "sequence": 14,
        "status": 1,
        "fuel": 6727,
        "fault": 0.4746,
        "weapon": 0,
        "pilot_injury": 0.7054,
        "pilot_skill": 0.4464,
        "mission_priority": 0.8642,
        "estimated_landing_time": 1322.0,
        "wait_time": 0,
        "Landing_success_rate": 0.8983
    },
    {
        "model": 0,
        "sequence": 11,
        "status": 1,
        "fuel": 7425,
        "fault": 0.2058,
        "weapon": 0,
        "pilot_injury": 0.0342,
        "pilot_skill": 0.9867,
        "mission_priority": 0.123,
        "estimated_landing_time": 1040.0,
        "wait_time": 0,
        "Landing_success_rate": 0.9647
    },
    {
        "model": 0,
        "sequence": 3,
        "status": 1,
        "fuel": 6816,
        "fault": 0.9366,
        "weapon": 0,
        "pilot_injury": 0.64,
        "pilot_skill": 0.2247,
        "mission_priority": 0.18,
        "estimated_landing_time": 288.0,
        "wait_time": 0,
        "Landing_success_rate": 0.8563
    },
    {
        "model": 2,
        "sequence": 10,
        "status": 1,
        "fuel": 6582,
        "fault": 0.3162,
        "weapon": 0,
        "pilot_injury": 0.5847,
        "pilot_skill": 0.6882,
        "mission_priority": 0.3974,
        "estimated_landing_time": 946.0,
        "wait_time": 0,
        "Landing_success_rate": 0.9055
    },
    {
        "model": 2,
        "sequence": 7,
        "status": 1,
        "fuel": 5741,
        "fault": 0.9651,
        "weapon": 0,
        "pilot_injury": 0.0174,
        "pilot_skill": 0.3231,
        "mission_priority": 0.9731,
        "estimated_landing_time": 664.0,
        "wait_time": 0,
        "Landing_success_rate": 0.8506
    },
    {
        "model": 1,
        "sequence": 6,
        "status": 1,
        "fuel": 6562,
        "fault": 0.4547,
        "weapon": 0,
        "pilot_injury": 0.5217,
        "pilot_skill": 0.3427,
        "mission_priority": 0.5322,
        "estimated_landing_time": 570.0,
        "wait_time": 0,
        "Landing_success_rate": 0.8934
    },
    {
        "model": 2,
        "sequence": 23,
        "status": 1,
        "fuel": 5650,
        "fault": 0.03,
        "weapon": 0,
        "pilot_injury": 0.1435,
        "pilot_skill": 0.9398,
        "mission_priority": 0.7329,
        "estimated_landing_time": 2168.0,
        "wait_time": 0,
        "Landing_success_rate": 0.8609
    },
    {
        "model": 2,
        "sequence": 25,
        "status": 1,
        "fuel": 6531,
        "fault": 0.9699,
        "weapon": 0,
        "pilot_injury": 0.7308,
        "pilot_skill": 0.1562,
        "mission_priority": 0.2346,
        "estimated_landing_time": 2356.0,
        "wait_time": 0,
        "Landing_success_rate": 0.8523
    },
    {
        "model": 0,
        "sequence": 15,
        "status": 1,
        "fuel": 7018,
        "fault": 0.1771,
        "weapon": 1,
        "pilot_injury": 0.6616,
        "pilot_skill": 0.9786,
        "mission_priority": 0.3743,
        "estimated_landing_time": 1416.0,
        "wait_time": 0,
        "Landing_success_rate": 0.9437
    },
    {
        "model": 0,
        "sequence": 27,
        "status": 1,
        "fuel": 6937,
        "fault": 0.4972,
        "weapon": 0,
        "pilot_injury": 0.8309,
        "pilot_skill": 0.8646,
        "mission_priority": 0.7685,
        "estimated_landing_time": 2544.0,
        "wait_time": 0,
        "Landing_success_rate": 0.9042
    },
    {
        "model": 1,
        "sequence": 21,
        "status": 1,
        "fuel": 6486,
        "fault": 0.9309,
        "weapon": 1,
        "pilot_injury": 0.9187,
        "pilot_skill": 0.6006,
        "mission_priority": 0.9409,
        "estimated_landing_time": 1980.0,
        "wait_time": 0,
        "Landing_success_rate": 0.8551
    },
    {
        "model": 2,
        "sequence": 2,
        "status": 1,
        "fuel": 7177,
        "fault": 0.3939,
        "weapon": 0,
        "pilot_injury": 0.5772,
        "pilot_skill": 0.3486,
        "mission_priority": 0.1593,
        "estimated_landing_time": 194.0,
        "wait_time": 0,
        "Landing_success_rate": 0.9262
    },
    {
        "model": 2,
        "sequence": 30,
        "status": 1,
        "fuel": 6203,
        "fault": 0.0482,
        "weapon": 0,
        "pilot_injury": 0.8664,
        "pilot_skill": 0.9933,
        "mission_priority": 0.7524,
        "estimated_landing_time": 2826.0,
        "wait_time": 0,
        "Landing_success_rate": 0.9002
    },
    {
        "model": 0,
        "sequence": 9,
        "status": 1,
        "fuel": 7280,
        "fault": 0.567,
        "weapon": 0,
        "pilot_injury": 0.1091,
        "pilot_skill": 0.6505,
        "mission_priority": 0.7652,
        "estimated_landing_time": 852.0,
        "wait_time": 0,
        "Landing_success_rate": 0.9078
    },
    {
        "model": 2,
        "sequence": 19,
        "status": 1,
        "fuel": 7167,
        "fault": 0.6676,
        "weapon": 1,
        "pilot_injury": 0.9014,
        "pilot_skill": 0.8779,
        "mission_priority": 0.3172,
        "estimated_landing_time": 1792.0,
        "wait_time": 0,
        "Landing_success_rate": 0.8916
    },
    {
        "model": 0,
        "sequence": 17,
        "status": 1,
        "fuel": 6888,
        "fault": 0.8178,
        "weapon": 1,
        "pilot_injury": 0.2969,
        "pilot_skill": 0.6491,
        "mission_priority": 0.3284,
        "estimated_landing_time": 1604.0,
        "wait_time": 0,
        "Landing_success_rate": 0.869
    },
    {
        "model": 1,
        "sequence": 18,
        "status": 1,
        "fuel": 6588,
        "fault": 0.3665,
        "weapon": 0,
        "pilot_injury": 0.5634,
        "pilot_skill": 0.3804,
        "mission_priority": 0.5485,
        "estimated_landing_time": 1698.0,
        "wait_time": 0,
        "Landing_success_rate": 0.9017
    },
    {
        "model": 0,
        "sequence": 24,
        "status": 1,
        "fuel": 6940,
        "fault": 0.2375,
        "weapon": 0,
        "pilot_injury": 0.4444,
        "pilot_skill": 0.0147,
        "mission_priority": 0.5871,
        "estimated_landing_time": 2262.0,
        "wait_time": 0,
        "Landing_success_rate": 0.9324
    },
    {
        "model": 2,
        "sequence": 20,
        "status": 1,
        "fuel": 6467,
        "fault": 0.6682,
        "weapon": 1,
        "pilot_injury": 0.7593,
        "pilot_skill": 0.5004,
        "mission_priority": 0.5424,
        "estimated_landing_time": 1886.0,
        "wait_time": 0,
        "Landing_success_rate": 0.8741
    },
    {
        "model": 1,
        "sequence": 12,
        "status": 1,
        "fuel": 5827,
        "fault": 0.5191,
        "weapon": 1,
        "pilot_injury": 0.9142,
        "pilot_skill": 0.8138,
        "mission_priority": 0.1089,
        "estimated_landing_time": 1134.0,
        "wait_time": 0,
        "Landing_success_rate": 0.8618
    },
    {
        "model": 0,
        "sequence": 28,
        "status": 1,
        "fuel": 6656,
        "fault": 0.3988,
        "weapon": 0,
        "pilot_injury": 0.2461,
        "pilot_skill": 0.4767,
        "mission_priority": 0.3944,
        "estimated_landing_time": 2638.0,
        "wait_time": 0,
        "Landing_success_rate": 0.9021
    },
    {
        "model": 0,
        "sequence": 4,
        "status": 1,
        "fuel": 5842,
        "fault": 0.813,
        "weapon": 1,
        "pilot_injury": 0.7155,
        "pilot_skill": 0.5212,
        "mission_priority": 0.8224,
        "estimated_landing_time": 382.0,
        "wait_time": 0,
        "Landing_success_rate": 0.8548
    }
]