[
    {
        "model": 2,
        "sequence": 14,
        "status": 1,
        "fuel": 6531,
        "fault": 0.6485,
        "weapon": 0,
        "pilot_injury": 0.2499,
        "pilot_skill": 0.6162,
        "mission_priority": 0.4989,
        "estimated_landing_time": 1322.0,
        "wait_time": 0,
        "Landing_success_rate": 0.8772
    },
    {
        "model": 1,
        "sequence": 20,
        "status": 1,
        "fuel": 6528,
        "fault": 0.4287,
        "weapon": 0,
        "pilot_injury": 0.0743,
        "pilot_skill": 0.9774,
        "mission_priority": 0.8436,
        "estimated_landing_time": 1886.0,
        "wait_time": 0,
        "Landing_success_rate": 0.894
    },
    {
        "model": 0,
        "sequence": 10,
        "status": 1,
        "fuel": 6829,
        "fault": 0.3377,
        "weapon": 1,
        "pilot_injury": 0.3407,
        "pilot_skill": 0.3771,
        "mission_priority": 0.9064,
        "estimated_landing_time": 946.0,
        "wait_time": 0,
        "Landing_success_rate": 0.916
    },
    {
        "model": 0,
        "sequence": 27,
        "status": 1,
        "fuel": 7382,
        "fault": 0.7165,
        "weapon": 0,
        "pilot_injury": 0.3691,
        "pilot_skill": 0.7221,
        "mission_priority": 0.1742,
        "estimated_landing_time": 2544.0,
        "wait_time": 0,
        "Landing_success_rate": 0.89
    },
    {
        "model": 0,
        "sequence": 13,
        "status": 1,
        "fuel": 6593,
        "fault": 0.3106,
        "weapon": 1,
        "pilot_injury": 0.3439,
        "pilot_skill": 0.6939,
        "mission_priority": 0.8842,
        "estimated_landing_time": 1228.0,
        "wait_time": 0,
        "Landing_success_rate": 0.9065
    },
    {
        "model": 2,
        "sequence": 17,
        "status": 1,
        "fuel": 6660,
        "fault": 0.7617,
        "weapon": 1,
        "pilot_injury": 0.2512,
        "pilot_skill": 0.6042,
        "mission_priority": 0.8799,
        "estimated_landing_time": 1604.0,
        "wait_time": 0,
        "Landing_success_rate": 0.8707
    },
    {
        "model": 1,
        "sequence": 18,
        "status": 1,
        "fuel": 5556,
        "fault": 0.6512,
        "weapon": 1,
        "pilot_injury": 0.4066,
        "pilot_skill": 0.5608,
        "mission_priority": 0.2284,
        "estimated_landing_time": 1698.0,
        "wait_time": 0,
        "Landing_success_rate": 0.8515
    },
    {
        "model": 0,
        "sequence": 9,
        "status": 1,
        "fuel": 7090,
        "fault": 0.2017,
        "weapon": 1,
        "pilot_injury": 0.7054,
        "pilot_skill": 0.5132,
        "mission_priority": 0.5859,
        "estimated_landing_time": 852.0,
        "wait_time": 0,
        "Landing_success_rate": 0.9452
    },
    {
        "model": 1,
        "sequence": 15,
        "status": 1,
        "fuel": 7185,
        "fault": 0.8543,
        "weapon": 0,
        "pilot_injury": 0.1886,
        "pilot_skill": 0.1135,
        "mission_priority": 0.5467,
        "estimated_landing_time": 1416.0,
        "wait_time": 0,
        "Landing_success_rate": 0.8684
    },
    {
        "model": 0,
        "sequence": 26,
        "status": 1,
        "fuel": 7376,
        "fault": 0.194,
        "weapon": 1,
        "pilot_injury": 0.0694,
        "pilot_skill": 0.8027,
        "mission_priority": 0.809,
        "estimated_landing_time": 2450.0,
        "wait_time": 0,
        "Landing_success_rate": 0.9634
    },
    {
        "model": 1,
        "sequence": 19,
        "status": 1,
        "fuel": 6064,
        "fault": 0.7914,
        "weapon": 1,
        "pilot_injury": 0.4432,
        "pilot_skill": 0.6327,
        "mission_priority": 0.8629,
        "estimated_landing_time": 1792.0,
        "wait_time": 0,
        "Landing_success_rate": 0.8588
    },
    {
        "model": 0,
        "sequence": 22,
        "status": 1,
        "fuel": 5603,
        "fault": 0.8736,
        "weapon": 1,
        "pilot_injury": 0.493,
        "pilot_skill": 0.5641,
        "mission_priority": 0.6539,
        "estimated_landing_time": 2074.0,
        "wait_time": 0,
        "Landing_success_rate": 0.851
    },
    {
        "model": 1,
        "sequence": 11,
        "status": 1,
        "fuel": 6733,
        "fault": 0.0567,
        "weapon": 0,
        "pilot_injury": 0.0119,
        "pilot_skill": 0.3007,
        "mission_priority": 0.5781,
        "estimated_landing_time": 1040.0,
        "wait_time": 0,
        "Landing_success_rate": 0.9372
    },
    {
        "model": 0,
        "sequence": 7,
        "status": 1,
        "fuel": 7356,
        "fault": 0.6146,
        "weapon": 0,
        "pilot_injury": 0.8766,
        "pilot_skill": 0.9125,
        "mission_priority": 0.266,
        "estimated_landing_time": 664.0,
        "wait_time": 0,
        "Landing_success_rate": 0.9036
    },
    {
        "model": 0,
        "sequence": 21,
        "status": 1,
        "fuel": 7173,
        "fault": 0.3391,
        "weapon": 0,
        "pilot_injury": 0.9491,
        "pilot_skill": 0.9986,
        "mission_priority": 0.2354,
        "estimated_landing_time": 1980.0,
        "wait_time": 0,
        "Landing_success_rate": 0.9329
    },
    {
        "model": 1,
        "sequence": 28,
        "status": 1,
        "fuel": 6102,
        "fault": 0.6338,
        "weapon": 0,
        "pilot_injury": 0.0081,
        "pilot_skill": 0.0093,
        "mission_priority": 0.4606,
        "estimated_landing_time": 2638.0,
        "wait_time": 0,
        "Landing_success_rate": 0.8665
    },
    {
        "model": 1,
        "sequence": 25,
        "status": 1,
        "fuel": 6611,
        "fault": 0.5265,
        "weapon": 0,
        "pilot_injury": 0.6869,
        "pilot_skill": 0.294,
        "mission_priority": 0.5599,
        "estimated_landing_time": 2356.0,
        "wait_time": 0,
        "Landing_success_rate": 0.8895
    },
    {
        "model": 2,
        "sequence": 2,
        "status": 1,
        "fuel": 5580,
        "fault": 0.3121,
        "weapon": 0,
        "pilot_injury": 0.4072,
        "pilot_skill": 0.2323,
        "mission_priority": 0.5348,
        "estimated_landing_time": 194.0,
        "wait_time": 0,
        "Landing_success_rate": 0.8541
    },
    {
        "model": 1,
        "sequence": 5,
        "status": 1,
        "fuel": 6832,
        "fault": 0.5966,
        "weapon": 1,
        "pilot_injury": 0.1574,
        "pilot_skill": 0.671,
        "mission_priority": 0.7539,
        "estimated_landing_time": 476.0,
        "wait_time": 0,
        "Landing_success_rate": 0.8903
    },
    {
        "model": 0,
        "sequence": 8,
        "status": 1,
        "fuel": 6501,
        "fault": 0.3053,
        "weapon": 1,
        "pilot_injury": 0.0709,
        "pilot_skill": 0.5982,
        "mission_priority": 0.2644,
        "estimated_landing_time": 758.0,
        "wait_time": 0,
        "Landing_success_rate": 0.9022
    },
    {
        "model": 0,
        "sequence": 23,
        "status": 1,
        "fuel": 6881,
        "fault": 0.8341,
        "weapon": 0,
        "pilot_injury": 0.9244,
        "pilot_skill": 0.5491,
        "mission_priority": 0.583,
        "estimated_landing_time": 2168.0,
        "wait_time": 0,
        "Landing_success_rate": 0.8672
    },
    {
        "model": 1,
        "sequence": 24,
        "status": 1,
        "fuel": 6828,
        "fault": 0.9842,
        "weapon": 0,
        "pilot_injury": 0.7772,
        "pilot_skill": 0.2854,
        "mission_priority": 0.8442,
        "estimated_landing_time": 2262.0,
        "wait_time": 0,
        "Landing_success_rate": 0.8516
    },
    {
        "model": 2,
        "sequence": 1,
        "status": 1,
        "fuel": 7349,
        "fault": 0.0595,
        "weapon": 0,
        "pilot_injury": 0.8229,
        "pilot_skill": 0.1889,
        "mission_priority": 0.7011,
        "estimated_landing_time": 100.0,
        "wait_time": 0,
        "Landing_success_rate": 0.9804
    },
    {
        "model": 1,
        "sequence": 4,
        "status": 1,
        "fuel": 6470,
        "fault": 0.9995,
        "weapon": 1,
        "pilot_injury": 0.2963,
        "pilot_skill": 0.7256,
        "mission_priority": 0.2298,
        "estimated_landing_time": 382.0,
        "wait_time": 0,
        "Landing_success_rate": 0.85
    },
    {
        "model": 0,
        "sequence": 12,
        "status": 1,
        "fuel": 6897,
        "fault": 0.1487,
        "weapon": 1,
        "pilot_injury": 0.1712,
        "pilot_skill": 0.1045,
        "mission_priority": 0.2375,
        "estimated_landing_time": 1134.0,
        "wait_time": 0,
        "Landing_success_rate": 0.9392
    },
    {
        "model": 0,
        "sequence": 16,
        "status": 1,
        "fuel": 5778,
        "fault": 0.9722,
        "weapon": 0,
        "pilot_injury": 0.0446,
        "pilot_skill": 0.9706,
        "mission_priority": 0.7161,
        "estimated_landing_time": 1510.0,
        "wait_time": 0,
        "Landing_success_rate": 0.8506
    },
    {
        "model": 2,
        "sequence": 3,
        "status": 1,
        "fuel": 5680,
        "fault": 0.1509,
        "weapon": 0,
        "pilot_injury": 0.4485,
        "pilot_skill": 0.6262,
        "mission_priority": 0.1464,
        "estimated_landing_time": 288.0,
        "wait_time": 0,
        "Landing_success_rate": 0.8615
    },
    {
        "model": 1,
        "sequence": 30,
        "status": 1,
        "fuel": 6614,
        "fault": 0.355,
        "weapon": 0,
        "pilot_injury": 0.2563,
        "pilot_skill": 0.3802,
        "mission_priority": 0.8713,
        "estimated_landing_time": 2826.0,
        "wait_time": 0,
        "Landing_success_rate": 0.9039
    },
    {
        "model": 0,
        "sequence": 6,
        "status": 1,
        "fuel": 7116,
        "fault": 0.9902,
        "weapon": 1,
        "pilot_injury": 0.6837,
        "pilot_skill": 0.0197,
        "mission_priority": 0.7356,
        "estimated_landing_time": 570.0,
        "wait_time": 0,
        "Landing_success_rate": 0.8512
    },
    {
        "model": 0,
        "sequence": 29,
        "status": 1,
        "fuel": 6847,
        "fault": 0.4576,
        "weapon": 0,
        "pilot_injury": 0.9546,
        "pilot_skill": 0.9258,
        "mission_priority": 0.9093,
        "estimated_landing_time": 2732.0,
        "wait_time": 0,
        "Landing_success_rate": 0.9048
    }
]