[
    {
        "model": 0,
        "sequence": 20,
        "status": 1,
        "fuel": 6776,
        "fault": 0.6789,
        "weapon": 0,
        "pilot_injury": 0.5489,
        "pilot_skill": 0.2193,
        "mission_priority": 0.4289,
        "estimated_landing_time": 1886.0,
        "wait_time": 0,
        "Landing_success_rate": 0.8807
    },
    {
        "model": 0,
        "sequence": 27,
        "status": 1,
        "fuel": 7038,
        "fault": 0.934,
        "weapon": 0,
        "pilot_injury": 0.0007,
        "pilot_skill": 0.9369,
        "mission_priority": 0.1645,
        "estimated_landing_time": 2544.0,
        "wait_time": 0,
        "Landing_success_rate": 0.8576
    },
    {
        "model": 2,
        "sequence": 21,
        "status": 1,
        "fuel": 6887,
        "fault": 0.1866,
        "weapon": 0,
        "pilot_injury": 0.0378,
        "pilot_skill": 0.1231,
        "mission_priority": 0.9863,
        "estimated_landing_time": 1980.0,
        "wait_time": 0,
        "Landing_success_rate": 0.9346
    },
    {
        "model": 1,
        "sequence": 15,
        "status": 1,
        "fuel": 6344,
        "fault": 0.3184,
        "weapon": 0,
        "pilot_injury": 0.107,
        "pilot_skill": 0.7195,
        "mission_priority": 0.8546,
        "estimated_landing_time": 1416.0,
        "wait_time": 0,
        "Landing_success_rate": 0.8931
    },
    {
        "model": 0,
        "sequence": 17,
        "status": 1,
        "fuel": 5543,
        "fault": 0.8444,
        "weapon": 1,
        "pilot_injury": 0.2231,
        "pilot_skill": 0.0565,
        "mission_priority": 0.1034,
        "estimated_landing_time": 1604.0,
        "wait_time": 0,
        "Landing_success_rate": 0.8505
    },
    {
        "model": 1,
        "sequence": 12,
        "status": 1,
        "fuel": 5724,
        "fault": 0.4595,
        "weapon": 0,
        "pilot_injury": 0.5159,
        "pilot_skill": 0.2535,
        "mission_priority": 0.9405,
        "estimated_landing_time": 1134.0,
        "wait_time": 0,
        "Landing_success_rate": 0.8591
    },
    {
        "model": 0,
        "sequence": 11,
        "status": 1,
        "fuel": 5944,
        "fault": 0.0704,
        "weapon": 0,
        "pilot_injury": 0.3544,
        "pilot_skill": 0.3811,
        "mission_priority": 0.4119,
        "estimated_landing_time": 1040.0,
        "wait_time": 0,
        "Landing_success_rate": 0.881
    },
    {
        "model": 1,
        "sequence": 18,
        "status": 1,
        "fuel": 6373,
        "fault": 0.5567,
        "weapon": 0,
        "pilot_injury": 0.8567,
        "pilot_skill": 0.9441,
        "mission_priority": 0.3359,
        "estimated_landing_time": 1698.0,
        "wait_time": 0,
        "Landing_success_rate": 0.879
    },
    {
        "model": 1,
        "sequence": 9,
        "status": 1,
        "fuel": 6644,
        "fault": 0.3924,
        "weapon": 1,
        "pilot_injury": 0.2005,
        "pilot_skill": 0.4135,
        "mission_priority": 0.2062,
        "estimated_landing_time": 852.0,
        "wait_time": 0,
        "Landing_success_rate": 0.9021
    },
    {
        "model": 0,
        "sequence": 4,
        "status": 1,
        "fuel": 6689,
        "fault": 0.5282,
        "weapon": 0,
        "pilot_injury": 0.4557,
        "pilot_skill": 0.6057,
        "mission_priority": 0.6919,
        "estimated_landing_time": 382.0,
        "wait_time": 0,
        "Landing_success_rate": 0.8921
    },
    {
        "model": 0,
        "sequence": 8,
        "status": 1,
        "fuel": 6924,
        "fault": 0.4711,
        "weapon": 0,
        "pilot_injury": 0.5683,
        "pilot_skill": 0.4395,
        "mission_priority": 0.0672,
        "estimated_landing_time": 758.0,
        "wait_time": 0,
        "Landing_success_rate": 0.9065
    },
    {
        "model": 1,
        "sequence": 6,
        "status": 1,
        "fuel": 6397,
        "fault": 0.6802,
        "weapon": 0,
        "pilot_injury": 0.6145,
        "pilot_skill": 0.8322,
        "mission_priority": 0.494,
        "estimated_landing_time": 570.0,
        "wait_time": 0,
        "Landing_success_rate": 0.8715
    },
    {
        "model": 1,
        "sequence": 2,
        "status": 1,
        "fuel": 5890,
        "fault": 0.9128,
        "weapon": 0,
        "pilot_injury": 0.3032,
        "pilot_skill": 0.698,
        "mission_priority": 0.7903,
        "estimated_landing_time": 194.0,
        "wait_time": 0,
        "Landing_success_rate": 0.8526
    },
    {
        "model": 1,
        "sequence": 28,
        "status": 1,
        "fuel": 6819,
        "fault": 0.5123,
        "weapon": 0,
        "pilot_injury": 0.4211,
        "pilot_skill": 0.4105,
        "mission_priority": 0.2313,
        "estimated_landing_time": 2638.0,
        "wait_time": 0,
        "Landing_success_rate": 0.8982
    },
    {
        "model": 2,
        "sequence": 26,
        "status": 1,
        "fuel": 7396,
        "fault": 0.8819,
        "weapon": 0,
        "pilot_injury": 0.0553,
        "pilot_skill": 0.1981,
        "mission_priority": 0.0092,
        "estimated_landing_time": 2450.0,
        "wait_time": 0,
        "Landing_success_rate": 0.8668
    },
    {
        "model": 0,
        "sequence": 13,
        "status": 1,
        "fuel": 5927,
        "fault": 0.4023,
        "weapon": 1,
        "pilot_injury": 0.9731,
        "pilot_skill": 0.1937,
        "mission_priority": 0.3458,
        "estimated_landing_time": 1228.0,
        "wait_time": 0,
        "Landing_success_rate": 0.8691
    },
    {
        "model": 2,
        "sequence": 24,
        "status": 1,
        "fuel": 6138,
        "fault": 0.2978,
        "weapon": 1,
        "pilot_injury": 0.8392,
        "pilot_skill": 0.032,
        "mission_priority": 0.9402,
        "estimated_landing_time": 2262.0,
        "wait_time": 0,
        "Landing_success_rate": 0.8836
    },
    {
        "model": 2,
        "sequence": 14,
        "status": 1,
        "fuel": 6526,
        "fault": 0.6109,
        "weapon": 0,
        "pilot_injury": 0.5436,
        "pilot_skill": 0.6538,
        "mission_priority": 0.3871,
        "estimated_landing_time": 1322.0,
        "wait_time": 0,
        "Landing_success_rate": 0.8799
    },
    {
        "model": 0,
        "sequence": 7,
        "status": 1,
        "fuel": 6527,
        "fault": 0.3886,
        "weapon": 1,
        "pilot_injury": 0.054,
        "pilot_skill": 0.4572,
        "mission_priority": 0.5496,
        "estimated_landing_time": 664.0,
        "wait_time": 0,
        "Landing_success_rate": 0.8971
    },
    {
        "model": 0,
        "sequence": 25,
        "status": 1,
        "fuel": 6615,
        "fault": 0.5642,
        "weapon": 0,
        "pilot_injury": 0.8226,
        "pilot_skill": 0.21,
        "mission_priority": 0.3941,
        "estimated_landing_time": 2356.0,
        "wait_time": 0,
        "Landing_success_rate": 0.8864
    },
    {
        "model": 2,
        "sequence": 19,
        "status": 1,
        "fuel": 6378,
        "fault": 0.4818,
        "weapon": 1,
        "pilot_injury": 0.1505,
        "pilot_skill": 0.5036,
        "mission_priority": 0.8016,
        "estimated_landing_time": 1792.0,
        "wait_time": 0,
        "Landing_success_rate": 0.8841
    },
    {
        "model": 0,
        "sequence": 10,
        "status": 1,
        "fuel": 7407,
        "fault": 0.7078,
        "weapon": 0,
        "pilot_injury": 0.8488,
        "pilot_skill": 0.7061,
        "mission_priority": 0.4905,
        "estimated_landing_time": 946.0,
        "wait_time": 0,
        "Landing_success_rate": 0.8918
    },
    {
        "model": 1,
        "sequence": 23,
        "status": 1,
        "fuel": 7434,
        "fault": 0.4154,
        "weapon": 0,
        "pilot_injury": 0.577,
        "pilot_skill": 0.2211,
        "mission_priority": 0.2691,
        "estimated_landing_time": 2168.0,
        "wait_time": 0,
        "Landing_success_rate": 0.9348
    },
    {
        "model": 1,
        "sequence": 3,
        "status": 1,
        "fuel": 5832,
        "fault": 0.4786,
        "weapon": 0,
        "pilot_injury": 0.9921,
        "pilot_skill": 0.1304,
        "mission_priority": 0.7961,
        "estimated_landing_time": 288.0,
        "wait_time": 0,
        "Landing_success_rate": 0.863
    },
    {
        "model": 2,
        "sequence": 5,
        "status": 1,
        "fuel": 7250,
        "fault": 0.0876,
        "weapon": 1,
        "pilot_injury": 0.8807,
        "pilot_skill": 0.4129,
        "mission_priority": 0.5375,
        "estimated_landing_time": 476.0,
        "wait_time": 0,
        "Landing_success_rate": 0.9698
    },
    {
        "model": 2,
        "sequence": 16,
        "status": 1,
        "fuel": 7292,
        "fault": 0.6797,
        "weapon": 0,
        "pilot_injury": 0.2448,
        "pilot_skill": 0.6806,
        "mission_priority": 0.1213,
        "estimated_landing_time": 1510.0,
        "wait_time": 0,
        "Landing_success_rate": 0.893
    },
    {
        "model": 0,
        "sequence": 1,
        "status": 1,
        "fuel": 5734,
        "fault": 0.6436,
        "weapon": 1,
        "pilot_injury": 0.6478,
        "pilot_skill": 0.7121,
        "mission_priority": 0.1785,
        "estimated_landing_time": 100.0,
        "wait_time": 0,
        "Landing_success_rate": 0.8563
    },
    {
        "model": 0,
        "sequence": 29,
        "status": 1,
        "fuel": 6415,
        "fault": 0.316,
        "weapon": 0,
        "pilot_injury": 0.2607,
        "pilot_skill": 0.8533,
        "mission_priority": 0.8635,
        "estimated_landing_time": 2732.0,
        "wait_time": 0,
        "Landing_success_rate": 0.8969
    },
    {
        "model": 2,
        "sequence": 22,
        "status": 1,
        "fuel": 6122,
        "fault": 0.095,
        "weapon": 1,
        "pilot_injury": 0.8218,
        "pilot_skill": 0.7693,
        "mission_priority": 0.5967,
        "estimated_landing_time": 2074.0,
        "wait_time": 0,
        "Landing_success_rate": 0.8922
    },
    {
        "model": 2,
        "sequence": 30,
        "status": 1,
        "fuel": 7411,
        "fault": 0.0374,
        "weapon": 0,
        "pilot_injury": 0.1219,
        "pilot_skill": 0.5098,
        "mission_priority": 0.5853,
        "estimated_landing_time": 2826.0,
        "wait_time": 0,
        "Landing_success_rate": 0.988
    }
]