[
    {
        "model": 2,
        "sequence": 29,
        "status": 1,
        "fuel": 5514,
        "fault": 0.3284,
        "weapon": 1,
        "pilot_injury": 0.6488,
        "pilot_skill": 0.3239,
        "mission_priority": 0.9268,
        "estimated_landing_time": 2732.0,
        "wait_time": 0,
        "Landing_success_rate": 0.8507
    },
    {
        "model": 0,
        "sequence": 11,
        "status": 1,
        "fuel": 7054,
        "fault": 0.2624,
        "weapon": 1,
        "pilot_injury": 0.4082,
        "pilot_skill": 0.6921,
        "mission_priority": 0.8459,
        "estimated_landing_time": 1040.0,
        "wait_time": 0,
        "Landing_success_rate": 0.936
    },
    {
        "model": 1,
        "sequence": 15,
        "status": 1,
        "fuel": 5535,
        "fault": 0.3742,
        "weapon": 0,
        "pilot_injury": 0.6265,
        "pilot_skill": 0.9212,
        "mission_priority": 0.1833,
        "estimated_landing_time": 1416.0,
        "wait_time": 0,
        "Landing_success_rate": 0.8516
    },
    {
        "model": 1,
        "sequence": 7,
        "status": 1,
        "fuel": 6961,
        "fault": 0.0322,
        "weapon": 0,
        "pilot_injury": 0.7995,
        "pilot_skill": 0.5055,
        "mission_priority": 0.3773,
        "estimated_landing_time": 664.0,
        "wait_time": 0,
        "Landing_success_rate": 0.956
    },
    {
        "model": 0,
        "sequence": 25,
        "status": 1,
        "fuel": 7119,
        "fault": 0.0526,
        "weapon": 0,
        "pilot_injury": 0.3203,
        "pilot_skill": 0.4607,
        "mission_priority": 0.2294,
        "estimated_landing_time": 2356.0,
        "wait_time": 0,
        "Landing_success_rate": 0.965
    },
    {
        "model": 2,
        "sequence": 23,
        "status": 1,
        "fuel": 6575,
        "fault": 0.5004,
        "weapon": 0,
        "pilot_injury": 0.2007,
        "pilot_skill": 0.7933,
        "mission_priority": 0.4292,
        "estimated_landing_time": 2168.0,
        "wait_time": 0,
        "Landing_success_rate": 0.8903
    },
    {
        "model": 2,
        "sequence": 18,
        "status": 1,
        "fuel": 6354,
        "fault": 0.9051,
        "weapon": 0,
        "pilot_injury": 0.093,
        "pilot_skill": 0.0754,
        "mission_priority": 0.8354,
        "estimated_landing_time": 1698.0,
        "wait_time": 0,
        "Landing_success_rate": 0.8561
    },
    {
        "model": 2,
        "sequence": 17,
        "status": 1,
        "fuel": 6445,
        "fault": 0.8425,
        "weapon": 1,
        "pilot_injury": 0.8748,
        "pilot_skill": 0.8769,
        "mission_priority": 0.8064,
        "estimated_landing_time": 1604.0,
        "wait_time": 0,
        "Landing_success_rate": 0.8612
    },
    {
        "model": 1,
        "sequence": 13,
        "status": 1,
        "fuel": 6721,
        "fault": 0.612,
        "weapon": 0,
        "pilot_injury": 0.7449,
        "pilot_skill": 0.4894,
        "mission_priority": 0.1538,
        "estimated_landing_time": 1228.0,
        "wait_time": 0,
        "Landing_success_rate": 0.8855
    },
    {
        "model": 1,
        "sequence": 28,
        "status": 1,
        "fuel": 7267,
        "fault": 0.4272,
        "weapon": 1,
        "pilot_injury": 0.151,
        "pilot_skill": 0.7261,
        "mission_priority": 0.478,
        "estimated_landing_time": 2638.0,
        "wait_time": 0,
        "Landing_success_rate": 0.9259
    },
    {
        "model": 1,
        "sequence": 20,
        "status": 1,
        "fuel": 6433,
        "fault": 0.9221,
        "weapon": 1,
        "pilot_injury": 0.4392,
        "pilot_skill": 0.3539,
        "mission_priority": 0.7544,
        "estimated_landing_time": 1886.0,
        "wait_time": 0,
        "Landing_success_rate": 0.8555
    },
    {
        "model": 1,
        "sequence": 27,
        "status": 1,
        "fuel": 5965,
        "fault": 0.5274,
        "weapon": 1,
        "pilot_injury": 0.6798,
        "pilot_skill": 0.5777,
        "mission_priority": 0.3688,
        "estimated_landing_time": 2544.0,
        "wait_time": 0,
        "Landing_success_rate": 0.8665
    },
    {
        "model": 1,
        "sequence": 6,
        "status": 1,
        "fuel": 7094,
        "fault": 0.8946,
        "weapon": 0,
        "pilot_injury": 0.0913,
        "pilot_skill": 0.9705,
        "mission_priority": 0.9787,
        "estimated_landing_time": 570.0,
        "wait_time": 0,
        "Landing_success_rate": 0.8626
    },
    {
        "model": 2,
        "sequence": 21,
        "status": 1,
        "fuel": 6774,
        "fault": 0.6481,
        "weapon": 1,
        "pilot_injury": 0.4127,
        "pilot_skill": 0.9637,
        "mission_priority": 0.4003,
        "estimated_landing_time": 1980.0,
        "wait_time": 0,
        "Landing_success_rate": 0.8836
    },
    {
        "model": 0,
        "sequence": 5,
        "status": 1,
        "fuel": 6142,
        "fault": 0.4354,
        "weapon": 0,
        "pilot_injury": 0.1787,
        "pilot_skill": 0.3633,
        "mission_priority": 0.2913,
        "estimated_landing_time": 476.0,
        "wait_time": 0,
        "Landing_success_rate": 0.8772
    },
    {
        "model": 2,
        "sequence": 26,
        "status": 1,
        "fuel": 6593,
        "fault": 0.3628,
        "weapon": 0,
        "pilot_injury": 0.5487,
        "pilot_skill": 0.8575,
        "mission_priority": 0.5142,
        "estimated_landing_time": 2450.0,
        "wait_time": 0,
        "Landing_success_rate": 0.9022
    },
    {
        "model": 2,
        "sequence": 9,
        "status": 1,
        "fuel": 6111,
        "fault": 0.0426,
        "weapon": 0,
        "pilot_injury": 0.449,
        "pilot_skill": 0.0949,
        "mission_priority": 0.5995,
        "estimated_landing_time": 852.0,
        "wait_time": 0,
        "Landing_success_rate": 0.8939
    },
    {
        "model": 1,
        "sequence": 19,
        "status": 1,
        "fuel": 7010,
        "fault": 0.1434,
        "weapon": 0,
        "pilot_injury": 0.0768,
        "pilot_skill": 0.3102,
        "mission_priority": 0.5067,
        "estimated_landing_time": 1792.0,
        "wait_time": 0,
        "Landing_success_rate": 0.947
    },
    {
        "model": 0,
        "sequence": 4,
        "status": 1,
        "fuel": 5708,
        "fault": 0.7,
        "weapon": 0,
        "pilot_injury": 0.6515,
        "pilot_skill": 0.4889,
        "mission_priority": 0.5369,
        "estimated_landing_time": 382.0,
        "wait_time": 0,
        "Landing_success_rate": 0.8547
    },
    {
        "model": 0,
        "sequence": 14,
        "status": 1,
        "fuel": 5943,
        "fault": 0.4391,
        "weapon": 0,
        "pilot_injury": 0.1741,
        "pilot_skill": 0.5518,
        "mission_priority": 0.945,
        "estimated_landing_time": 1322.0,
        "wait_time": 0,
        "Landing_success_rate": 0.8686
    },
    {
        "model": 2,
        "sequence": 1,
        "status": 1,
        "fuel": 6127,
        "fault": 0.6867,
        "weapon": 1,
        "pilot_injury": 0.757,
        "pilot_skill": 0.5183,
        "mission_priority": 0.6476,
        "estimated_landing_time": 100.0,
        "wait_time": 0,
        "Landing_success_rate": 0.8647
    },
    {
        "model": 0,
        "sequence": 2,
        "status": 1,
        "fuel": 5838,
        "fault": 0.3321,
        "weapon": 1,
        "pilot_injury": 0.5073,
        "pilot_skill": 0.7091,
        "mission_priority": 0.41,
        "estimated_landing_time": 194.0,
        "wait_time": 0,
        "Landing_success_rate": 0.8669
    },
    {
        "model": 2,
        "sequence": 24,
        "status": 1,
        "fuel": 7179,
        "fault": 0.5274,
        "weapon": 1,
        "pilot_injury": 0.6849,
        "pilot_skill": 0.9501,
        "mission_priority": 0.4287,
        "estimated_landing_time": 2262.0,
        "wait_time": 0,
        "Landing_success_rate": 0.9095
    },
    {
        "model": 2,
        "sequence": 22,
        "status": 1,
        "fuel": 5803,
        "fault": 0.5874,
        "weapon": 1,
        "pilot_injury": 0.7733,
        "pilot_skill": 0.0678,
        "mission_priority": 0.9078,
        "estimated_landing_time": 2074.0,
        "wait_time": 0,
        "Landing_success_rate": 0.8594
    },
    {
        "model": 2,
        "sequence": 8,
        "status": 1,
        "fuel": 5706,
        "fault": 0.029,
        "weapon": 1,
        "pilot_injury": 0.7735,
        "pilot_skill": 0.8712,
        "mission_priority": 0.214,
        "estimated_landing_time": 758.0,
        "wait_time": 0,
        "Landing_success_rate": 0.865
    },
    {
        "model": 2,
        "sequence": 3,
        "status": 1,
        "fuel": 7134,
        "fault": 0.5925,
        "weapon": 0,
        "pilot_injury": 0.2023,
        "pilot_skill": 0.3099,
        "mission_priority": 0.7408,
        "estimated_landing_time": 288.0,
        "wait_time": 0,
        "Landing_success_rate": 0.8999
    },
    {
        "model": 1,
        "sequence": 30,
        "status": 1,
        "fuel": 7152,
        "fault": 0.8505,
        "weapon": 0,
        "pilot_injury": 0.0708,
        "pilot_skill": 0.3765,
        "mission_priority": 0.0811,
        "estimated_landing_time": 2826.0,
        "wait_time": 0,
        "Landing_success_rate": 0.8685
    },
    {
        "model": 0,
        "sequence": 10,
        "status": 1,
        "fuel": 6408,
        "fault": 0.8064,
        "weapon": 1,
        "pilot_injury": 0.8848,
        "pilot_skill": 0.5302,
        "mission_priority": 0.9485,
        "estimated_landing_time": 946.0,
        "wait_time": 0,
        "Landing_success_rate": 0.8632
    },
    {
        "model": 1,
        "sequence": 12,
        "status": 1,
        "fuel": 7484,
        "fault": 0.0171,
        "weapon": 1,
        "pilot_injury": 0.6942,
        "pilot_skill": 0.8319,
        "mission_priority": 0.4214,
        "estimated_landing_time": 1134.0,
        "wait_time": 0,
        "Landing_success_rate": 0.9963
    },
    {
        "model": 1,
        "sequence": 16,
        "status": 1,
        "fuel": 6882,
        "fault": 0.6875,
        "weapon": 0,
        "pilot_injury": 0.7087,
        "pilot_skill": 0.3482,
        "mission_priority": 0.1013,
        "estimated_landing_time": 1510.0,
        "wait_time": 0,
        "Landing_success_rate": 0.8824
    }
]