[
    {
        "model": 1,
        "sequence": 6,
        "status": 1,
        "fuel": 6837,
        "fault": 0.5078,
        "weapon": 0,
        "pilot_injury": 0.7765,
        "pilot_skill": 0.6113,
        "mission_priority": 0.8573,
        "estimated_landing_time": 570.0,
        "wait_time": 0,
        "Landing_success_rate": 0.8994
    },
    {
        "model": 2,
        "sequence": 4,
        "status": 1,
        "fuel": 5750,
        "fault": 0.4743,
        "weapon": 0,
        "pilot_injury": 0.8856,
        "pilot_skill": 0.2219,
        "mission_priority": 0.7146,
        "estimated_landing_time": 382.0,
        "wait_time": 0,
        "Landing_success_rate": 0.8599
    },
    {
        "model": 1,
        "sequence": 3,
        "status": 1,
        "fuel": 6667,
        "fault": 0.01,
        "weapon": 1,
        "pilot_injury": 0.6973,
        "pilot_skill": 0.7526,
        "mission_priority": 0.4651,
        "estimated_landing_time": 288.0,
        "wait_time": 0,
        "Landing_success_rate": 0.9366
    },
    {
        "model": 1,
        "sequence": 9,
        "status": 1,
        "fuel": 7121,
        "fault": 0.8433,
        "weapon": 0,
        "pilot_injury": 0.1274,
        "pilot_skill": 0.2855,
        "mission_priority": 0.5316,
        "estimated_landing_time": 852.0,
        "wait_time": 0,
        "Landing_success_rate": 0.8691
    },
    {
        "model": 1,
        "sequence": 20,
        "status": 1,
        "fuel": 6936,
        "fault": 0.1834,
        "weapon": 1,
        "pilot_injury": 0.4046,
        "pilot_skill": 0.4843,
        "mission_priority": 0.0134,
        "estimated_landing_time": 1886.0,
        "wait_time": 0,
        "Landing_success_rate": 0.9379
    },
    {
        "model": 2,
        "sequence": 11,
        "status": 1,
        "fuel": 6441,
        "fault": 0.3878,
        "weapon": 1,
        "pilot_injury": 0.0155,
        "pilot_skill": 0.2809,
        "mission_priority": 0.208,
        "estimated_landing_time": 1040.0,
        "wait_time": 0,
        "Landing_success_rate": 0.8932
    },
    {
        "model": 2,
        "sequence": 14,
        "status": 1,
        "fuel": 7171,
        "fault": 0.8774,
        "weapon": 1,
        "pilot_injury": 0.1817,
        "pilot_skill": 0.7431,
        "mission_priority": 0.8479,
        "estimated_landing_time": 1322.0,
        "wait_time": 0,
        "Landing_success_rate": 0.8654
    },
    {
        "model": 1,
        "sequence": 12,
        "status": 1,
        "fuel": 5615,
        "fault": 0.6483,
        "weapon": 0,
        "pilot_injury": 0.4505,
        "pilot_skill": 0.5134,
        "mission_priority": 0.9892,
        "estimated_landing_time": 1134.0,
        "wait_time": 0,
        "Landing_success_rate": 0.853
    },
    {
        "model": 0,
        "sequence": 25,
        "status": 1,
        "fuel": 6031,
        "fault": 0.9972,
        "weapon": 0,
        "pilot_injury": 0.0428,
        "pilot_skill": 0.4464,
        "mission_priority": 0.07,
        "estimated_landing_time": 2356.0,
        "wait_time": 0,
        "Landing_success_rate": 0.8501
    },
    {
        "model": 1,
        "sequence": 27,
        "status": 1,
        "fuel": 5705,
        "fault": 0.3725,
        "weapon": 0,
        "pilot_injury": 0.7066,
        "pilot_skill": 0.3745,
        "mission_priority": 0.3695,
        "estimated_landing_time": 2544.0,
        "wait_time": 0,
        "Landing_success_rate": 0.8596
    },
    {
        "model": 2,
        "sequence": 29,
        "status": 1,
        "fuel": 6342,
        "fault": 0.6567,
        "weapon": 0,
        "pilot_injury": 0.9293,
        "pilot_skill": 0.3792,
        "mission_priority": 0.8314,
        "estimated_landing_time": 2732.0,
        "wait_time": 0,
        "Landing_success_rate": 0.8717
    },
    {
        "model": 1,
        "sequence": 7,
        "status": 1,
        "fuel": 6779,
        "fault": 0.484,
        "weapon": 1,
        "pilot_injury": 0.632,
        "pilot_skill": 0.0954,
        "mission_priority": 0.1037,
        "estimated_landing_time": 664.0,
        "wait_time": 0,
        "Landing_success_rate": 0.8995
    },
    {
        "model": 2,
        "sequence": 17,
        "status": 1,
        "fuel": 6571,
        "fault": 0.0665,
        "weapon": 1,
        "pilot_injury": 0.4261,
        "pilot_skill": 0.548,
        "mission_priority": 0.5211,
        "estimated_landing_time": 1604.0,
        "wait_time": 0,
        "Landing_success_rate": 0.925
    },
    {
        "model": 2,
        "sequence": 5,
        "status": 1,
        "fuel": 7353,
        "fault": 0.803,
        "weapon": 1,
        "pilot_injury": 0.7585,
        "pilot_skill": 0.0146,
        "mission_priority": 0.2072,
        "estimated_landing_time": 476.0,
        "wait_time": 0,
        "Landing_success_rate": 0.8774
    },
    {
        "model": 2,
        "sequence": 21,
        "status": 1,
        "fuel": 5543,
        "fault": 0.7423,
        "weapon": 0,
        "pilot_injury": 0.6625,
        "pilot_skill": 0.347,
        "mission_priority": 0.3908,
        "estimated_landing_time": 1980.0,
        "wait_time": 0,
        "Landing_success_rate": 0.8508
    },
    {
        "model": 1,
        "sequence": 23,
        "status": 1,
        "fuel": 6965,
        "fault": 0.9082,
        "weapon": 0,
        "pilot_injury": 0.6054,
        "pilot_skill": 0.4332,
        "mission_priority": 0.7743,
        "estimated_landing_time": 2168.0,
        "wait_time": 0,
        "Landing_success_rate": 0.8601
    },
    {
        "model": 2,
        "sequence": 22,
        "status": 1,
        "fuel": 5989,
        "fault": 0.5788,
        "weapon": 1,
        "pilot_injury": 0.7583,
        "pilot_skill": 0.3069,
        "mission_priority": 0.415,
        "estimated_landing_time": 2074.0,
        "wait_time": 0,
        "Landing_success_rate": 0.8654
    },
    {
        "model": 2,
        "sequence": 28,
        "status": 1,
        "fuel": 5766,
        "fault": 0.2709,
        "weapon": 1,
        "pilot_injury": 0.5885,
        "pilot_skill": 0.1854,
        "mission_priority": 0.5998,
        "estimated_landing_time": 2638.0,
        "wait_time": 0,
        "Landing_success_rate": 0.8645
    },
    {
        "model": 1,
        "sequence": 16,
        "status": 1,
        "fuel": 5885,
        "fault": 0.4249,
        "weapon": 1,
        "pilot_injury": 0.7243,
        "pilot_skill": 0.7458,
        "mission_priority": 0.5579,
        "estimated_landing_time": 1510.0,
        "wait_time": 0,
        "Landing_success_rate": 0.8666
    },
    {
        "model": 2,
        "sequence": 24,
        "status": 1,
        "fuel": 7253,
        "fault": 0.6962,
        "weapon": 1,
        "pilot_injury": 0.4439,
        "pilot_skill": 0.4508,
        "mission_priority": 0.9585,
        "estimated_landing_time": 2262.0,
        "wait_time": 0,
        "Landing_success_rate": 0.8899
    },
    {
        "model": 1,
        "sequence": 26,
        "status": 1,
        "fuel": 6892,
        "fault": 0.2719,
        "weapon": 1,
        "pilot_injury": 0.5333,
        "pilot_skill": 0.6368,
        "mission_priority": 0.7482,
        "estimated_landing_time": 2450.0,
        "wait_time": 0,
        "Landing_success_rate": 0.926
    },
    {
        "model": 2,
        "sequence": 13,
        "status": 1,
        "fuel": 5560,
        "fault": 0.3245,
        "weapon": 0,
        "pilot_injury": 0.8259,
        "pilot_skill": 0.4631,
        "mission_priority": 0.2785,
        "estimated_landing_time": 1228.0,
        "wait_time": 0,
        "Landing_success_rate": 0.853
    },
    {
        "model": 0,
        "sequence": 19,
        "status": 1,
        "fuel": 6422,
        "fault": 0.5953,
        "weapon": 1,
        "pilot_injury": 0.0631,
        "pilot_skill": 0.7768,
        "mission_priority": 0.8216,
        "estimated_landing_time": 1792.0,
        "wait_time": 0,
        "Landing_success_rate": 0.878
    },
    {
        "model": 0,
        "sequence": 2,
        "status": 1,
        "fuel": 7003,
        "fault": 0.7609,
        "weapon": 1,
        "pilot_injury": 0.7867,
        "pilot_skill": 0.7737,
        "mission_priority": 0.7478,
        "estimated_landing_time": 194.0,
        "wait_time": 0,
        "Landing_success_rate": 0.877
    },
    {
        "model": 2,
        "sequence": 18,
        "status": 1,
        "fuel": 5660,
        "fault": 0.4323,
        "weapon": 0,
        "pilot_injury": 0.464,
        "pilot_skill": 0.264,
        "mission_priority": 0.4152,
        "estimated_landing_time": 1698.0,
        "wait_time": 0,
        "Landing_success_rate": 0.8568
    },
    {
        "model": 0,
        "sequence": 1,
        "status": 1,
        "fuel": 6107,
        "fault": 0.2434,
        "weapon": 0,
        "pilot_injury": 0.63,
        "pilot_skill": 0.8581,
        "mission_priority": 0.7838,
        "estimated_landing_time": 100.0,
        "wait_time": 0,
        "Landing_success_rate": 0.8844
    },
    {
        "model": 1,
        "sequence": 30,
        "status": 1,
        "fuel": 6740,
        "fault": 0.8979,
        "weapon": 0,
        "pilot_injury": 0.5142,
        "pilot_skill": 0.7362,
        "mission_priority": 0.4364,
        "estimated_landing_time": 2826.0,
        "wait_time": 0,
        "Landing_success_rate": 0.8595
    },
    {
        "model": 0,
        "sequence": 15,
        "status": 1,
        "fuel": 5576,
        "fault": 0.8254,
        "weapon": 1,
        "pilot_injury": 0.748,
        "pilot_skill": 0.8127,
        "mission_priority": 0.7068,
        "estimated_landing_time": 1416.0,
        "wait_time": 0,
        "Landing_success_rate": 0.851
    },
    {
        "model": 2,
        "sequence": 8,
        "status": 1,
        "fuel": 7073,
        "fault": 0.0949,
        "weapon": 1,
        "pilot_injury": 0.9031,
        "pilot_skill": 0.9336,
        "mission_priority": 0.8013,
        "estimated_landing_time": 758.0,
        "wait_time": 0,
        "Landing_success_rate": 0.9568
    },
    {
        "model": 2,
        "sequence": 10,
        "status": 1,
        "fuel": 6072,
        "fault": 0.858,
        "weapon": 0,
        "pilot_injury": 0.4658,
        "pilot_skill": 0.5712,
        "mission_priority": 0.304,
        "estimated_landing_time": 946.0,
        "wait_time": 0,
        "Landing_success_rate": 0.8561
    }
]