[
    {
        "model": 0,
        "sequence": 13,
        "status": 1,
        "fuel": 5698,
        "fault": 0.4847,
        "weapon": 0,
        "pilot_injury": 0.4826,
        "pilot_skill": 0.216,
        "mission_priority": 0.9673,
        "estimated_landing_time": 1228.0,
        "wait_time": 0,
        "Landing_success_rate": 0.8577
    },
    {
        "model": 0,
        "sequence": 5,
        "status": 1,
        "fuel": 7288,
        "fault": 0.3958,
        "weapon": 1,
        "pilot_injury": 0.4271,
        "pilot_skill": 0.4751,
        "mission_priority": 0.898,
        "estimated_landing_time": 476.0,
        "wait_time": 0,
        "Landing_success_rate": 0.931
    },
    {
        "model": 2,
        "sequence": 19,
        "status": 1,
        "fuel": 6055,
        "fault": 0.5356,
        "weapon": 1,
        "pilot_injury": 0.2522,
        "pilot_skill": 0.4467,
        "mission_priority": 0.1234,
        "estimated_landing_time": 1792.0,
        "wait_time": 0,
        "Landing_success_rate": 0.8693
    },
    {
        "model": 2,
        "sequence": 2,
        "status": 1,
        "fuel": 6423,
        "fault": 0.4288,
        "weapon": 1,
        "pilot_injury": 0.0393,
        "pilot_skill": 0.9773,
        "mission_priority": 0.2424,
        "estimated_landing_time": 194.0,
        "wait_time": 0,
        "Landing_success_rate": 0.8895
    },
    {
        "model": 2,
        "sequence": 29,
        "status": 1,
        "fuel": 6290,
        "fault": 0.3877,
        "weapon": 1,
        "pilot_injury": 0.5507,
        "pilot_skill": 0.1531,
        "mission_priority": 0.7281,
        "estimated_landing_time": 2732.0,
        "wait_time": 0,
        "Landing_success_rate": 0.8863
    },
    {
        "model": 0,
        "sequence": 18,
        "status": 1,
        "fuel": 6398,
        "fault": 0.4924,
        "weapon": 1,
        "pilot_injury": 0.7697,
        "pilot_skill": 0.9754,
        "mission_priority": 0.5736,
        "estimated_landing_time": 1698.0,
        "wait_time": 0,
        "Landing_success_rate": 0.8842
    },
    {
        "model": 2,
        "sequence": 11,
        "status": 1,
        "fuel": 6173,
        "fault": 0.9367,
        "weapon": 1,
        "pilot_injury": 0.0684,
        "pilot_skill": 0.8974,
        "mission_priority": 0.1194,
        "estimated_landing_time": 1040.0,
        "wait_time": 0,
        "Landing_success_rate": 0.8532
    },
    {
        "model": 2,
        "sequence": 12,
        "status": 1,
        "fuel": 6023,
        "fault": 0.8421,
        "weapon": 1,
        "pilot_injury": 0.5973,
        "pilot_skill": 0.3936,
        "mission_priority": 0.4734,
        "estimated_landing_time": 1134.0,
        "wait_time": 0,
        "Landing_success_rate": 0.8562
    },
    {
        "model": 1,
        "sequence": 27,
        "status": 1,
        "fuel": 7083,
        "fault": 0.5839,
        "weapon": 1,
        "pilot_injury": 0.8696,
        "pilot_skill": 0.0881,
        "mission_priority": 0.7768,
        "estimated_landing_time": 2544.0,
        "wait_time": 0,
        "Landing_success_rate": 0.8994
    },
    {
        "model": 1,
        "sequence": 25,
        "status": 1,
        "fuel": 5942,
        "fault": 0.6804,
        "weapon": 0,
        "pilot_injury": 0.4303,
        "pilot_skill": 0.1655,
        "mission_priority": 0.7066,
        "estimated_landing_time": 2356.0,
        "wait_time": 0,
        "Landing_success_rate": 0.8606
    },
    {
        "model": 0,
        "sequence": 23,
        "status": 1,
        "fuel": 6816,
        "fault": 0.1191,
        "weapon": 0,
        "pilot_injury": 0.1965,
        "pilot_skill": 0.2117,
        "mission_priority": 0.0415,
        "estimated_landing_time": 2168.0,
        "wait_time": 0,
        "Landing_success_rate": 0.9369
    },
    {
        "model": 1,
        "sequence": 28,
        "status": 1,
        "fuel": 6672,
        "fault": 0.8365,
        "weapon": 1,
        "pilot_injury": 0.8579,
        "pilot_skill": 0.6669,
        "mission_priority": 0.4354,
        "estimated_landing_time": 2638.0,
        "wait_time": 0,
        "Landing_success_rate": 0.8644
    },
    {
        "model": 1,
        "sequence": 15,
        "status": 1,
        "fuel": 7049,
        "fault": 0.2651,
        "weapon": 1,
        "pilot_injury": 0.9302,
        "pilot_skill": 0.5276,
        "mission_priority": 0.2589,
        "estimated_landing_time": 1416.0,
        "wait_time": 0,
        "Landing_success_rate": 0.9354
    },
    {
        "model": 1,
        "sequence": 6,
        "status": 1,
        "fuel": 6692,
        "fault": 0.8216,
        "weapon": 0,
        "pilot_injury": 0.1213,
        "pilot_skill": 0.3028,
        "mission_priority": 0.5325,
        "estimated_landing_time": 570.0,
        "wait_time": 0,
        "Landing_success_rate": 0.8659
    },
    {
        "model": 0,
        "sequence": 10,
        "status": 1,
        "fuel": 6279,
        "fault": 0.0573,
        "weapon": 1,
        "pilot_injury": 0.1663,
        "pilot_skill": 0.3797,
        "mission_priority": 0.6172,
        "estimated_landing_time": 946.0,
        "wait_time": 0,
        "Landing_success_rate": 0.9051
    },
    {
        "model": 1,
        "sequence": 9,
        "status": 1,
        "fuel": 6655,
        "fault": 0.5827,
        "weapon": 0,
        "pilot_injury": 0.9226,
        "pilot_skill": 0.7622,
        "mission_priority": 0.5917,
        "estimated_landing_time": 852.0,
        "wait_time": 0,
        "Landing_success_rate": 0.8861
    },
    {
        "model": 0,
        "sequence": 17,
        "status": 1,
        "fuel": 5891,
        "fault": 0.3284,
        "weapon": 0,
        "pilot_injury": 0.6234,
        "pilot_skill": 0.6025,
        "mission_priority": 0.4898,
        "estimated_landing_time": 1604.0,
        "wait_time": 0,
        "Landing_success_rate": 0.8697
    },
    {
        "model": 2,
        "sequence": 1,
        "status": 1,
        "fuel": 6019,
        "fault": 0.2796,
        "weapon": 1,
        "pilot_injury": 0.5193,
        "pilot_skill": 0.1976,
        "mission_priority": 0.8052,
        "estimated_landing_time": 100.0,
        "wait_time": 0,
        "Landing_success_rate": 0.878
    },
    {
        "model": 1,
        "sequence": 16,
        "status": 1,
        "fuel": 6531,
        "fault": 0.7744,
        "weapon": 1,
        "pilot_injury": 0.4362,
        "pilot_skill": 0.6583,
        "mission_priority": 0.4377,
        "estimated_landing_time": 1510.0,
        "wait_time": 0,
        "Landing_success_rate": 0.8674
    },
    {
        "model": 0,
        "sequence": 30,
        "status": 1,
        "fuel": 6480,
        "fault": 0.8051,
        "weapon": 1,
        "pilot_injury": 0.347,
        "pilot_skill": 0.9329,
        "mission_priority": 0.9226,
        "estimated_landing_time": 2826.0,
        "wait_time": 0,
        "Landing_success_rate": 0.8643
    },
    {
        "model": 1,
        "sequence": 24,
        "status": 1,
        "fuel": 5634,
        "fault": 0.2879,
        "weapon": 1,
        "pilot_injury": 0.7371,
        "pilot_skill": 0.0367,
        "mission_priority": 0.4748,
        "estimated_landing_time": 2262.0,
        "wait_time": 0,
        "Landing_success_rate": 0.8572
    },
    {
        "model": 2,
        "sequence": 14,
        "status": 1,
        "fuel": 6055,
        "fault": 0.8522,
        "weapon": 1,
        "pilot_injury": 0.012,
        "pilot_skill": 0.5528,
        "mission_priority": 0.7407,
        "estimated_landing_time": 1322.0,
        "wait_time": 0,
        "Landing_success_rate": 0.8562
    },
    {
        "model": 0,
        "sequence": 7,
        "status": 1,
        "fuel": 6419,
        "fault": 0.3246,
        "weapon": 1,
        "pilot_injury": 0.9725,
        "pilot_skill": 0.518,
        "mission_priority": 0.6142,
        "estimated_landing_time": 664.0,
        "wait_time": 0,
        "Landing_success_rate": 0.8966
    },
    {
        "model": 0,
        "sequence": 22,
        "status": 1,
        "fuel": 6905,
        "fault": 0.4576,
        "weapon": 0,
        "pilot_injury": 0.4291,
        "pilot_skill": 0.0749,
        "mission_priority": 0.1062,
        "estimated_landing_time": 2074.0,
        "wait_time": 0,
        "Landing_success_rate": 0.9072
    },
    {
        "model": 0,
        "sequence": 21,
        "status": 1,
        "fuel": 5851,
        "fault": 0.8457,
        "weapon": 1,
        "pilot_injury": 0.195,
        "pilot_skill": 0.5049,
        "mission_priority": 0.7687,
        "estimated_landing_time": 1980.0,
        "wait_time": 0,
        "Landing_success_rate": 0.8541
    },
    {
        "model": 2,
        "sequence": 4,
        "status": 1,
        "fuel": 6043,
        "fault": 0.9812,
        "weapon": 0,
        "pilot_injury": 0.1192,
        "pilot_skill": 0.0365,
        "mission_priority": 0.0527,
        "estimated_landing_time": 382.0,
        "wait_time": 0,
        "Landing_success_rate": 0.8508
    },
    {
        "model": 2,
        "sequence": 20,
        "status": 1,
        "fuel": 7417,
        "fault": 0.3829,
        "weapon": 0,
        "pilot_injury": 0.0452,
        "pilot_skill": 0.4379,
        "mission_priority": 0.844,
        "estimated_landing_time": 1886.0,
        "wait_time": 0,
        "Landing_success_rate": 0.9387
    },
    {
        "model": 2,
        "sequence": 8,
        "status": 1,
        "fuel": 6029,
        "fault": 0.1006,
        "weapon": 0,
        "pilot_injury": 0.0399,
        "pilot_skill": 0.4491,
        "mission_priority": 0.5776,
        "estimated_landing_time": 758.0,
        "wait_time": 0,
        "Landing_success_rate": 0.8857
    },
    {
        "model": 0,
        "sequence": 3,
        "status": 1,
        "fuel": 7281,
        "fault": 0.6538,
        "weapon": 1,
        "pilot_injury": 0.3155,
        "pilot_skill": 0.1066,
        "mission_priority": 0.3668,
        "estimated_landing_time": 288.0,
        "wait_time": 0,
        "Landing_success_rate": 0.8962
    },
    {
        "model": 2,
        "sequence": 26,
        "status": 1,
        "fuel": 6405,
        "fault": 0.4042,
        "weapon": 0,
        "pilot_injury": 0.9663,
        "pilot_skill": 0.9701,
        "mission_priority": 0.8651,
        "estimated_landing_time": 2450.0,
        "wait_time": 0,
        "Landing_success_rate": 0.8904
    }
]