[
    {
        "model": 1,
        "sequence": 13,
        "status": 1,
        "fuel": 5814,
        "fault": 0.9466,
        "weapon": 0,
        "pilot_injury": 0.6579,
        "pilot_skill": 0.8239,
        "mission_priority": 0.6475,
        "estimated_landing_time": 1228.0,
        "wait_time": 0,
        "Landing_success_rate": 0.8513
    },
    {
        "model": 2,
        "sequence": 21,
        "status": 1,
        "fuel": 6902,
        "fault": 0.5471,
        "weapon": 0,
        "pilot_injury": 0.9247,
        "pilot_skill": 0.5171,
        "mission_priority": 0.1171,
        "estimated_landing_time": 1980.0,
        "wait_time": 0,
        "Landing_success_rate": 0.8976
    },
    {
        "model": 2,
        "sequence": 19,
        "status": 1,
        "fuel": 7473,
        "fault": 0.7496,
        "weapon": 1,
        "pilot_injury": 0.5925,
        "pilot_skill": 0.4825,
        "mission_priority": 0.6226,
        "estimated_landing_time": 1792.0,
        "wait_time": 0,
        "Landing_success_rate": 0.8871
    },
    {
        "model": 1,
        "sequence": 15,
        "status": 1,
        "fuel": 5582,
        "fault": 0.9704,
        "weapon": 1,
        "pilot_injury": 0.4913,
        "pilot_skill": 0.9505,
        "mission_priority": 0.3836,
        "estimated_landing_time": 1416.0,
        "wait_time": 0,
        "Landing_success_rate": 0.8502
    },
    {
        "model": 0,
        "sequence": 9,
        "status": 1,
        "fuel": 6818,
        "fault": 0.1637,
        "weapon": 0,
        "pilot_injury": 0.6038,
        "pilot_skill": 0.2989,
        "mission_priority": 0.4108,
        "estimated_landing_time": 852.0,
        "wait_time": 0,
        "Landing_success_rate": 0.9327
    },
    {
        "model": 0,
        "sequence": 5,
        "status": 1,
        "fuel": 6652,
        "fault": 0.3887,
        "weapon": 0,
        "pilot_injury": 0.1306,
        "pilot_skill": 0.3718,
        "mission_priority": 0.0258,
        "estimated_landing_time": 476.0,
        "wait_time": 0,
        "Landing_success_rate": 0.9028
    },
    {
        "model": 1,
        "sequence": 28,
        "status": 1,
        "fuel": 6138,
        "fault": 0.5243,
        "weapon": 0,
        "pilot_injury": 0.2012,
        "pilot_skill": 0.0801,
        "mission_priority": 0.4745,
        "estimated_landing_time": 2638.0,
        "wait_time": 0,
        "Landing_success_rate": 0.8728
    },
    {
        "model": 2,
        "sequence": 8,
        "status": 1,
        "fuel": 5510,
        "fault": 0.036,
        "weapon": 0,
        "pilot_injury": 0.8076,
        "pilot_skill": 0.7715,
        "mission_priority": 0.9151,
        "estimated_landing_time": 758.0,
        "wait_time": 0,
        "Landing_success_rate": 0.8507
    },
    {
        "model": 0,
        "sequence": 4,
        "status": 1,
        "fuel": 7058,
        "fault": 0.3489,
        "weapon": 0,
        "pilot_injury": 0.0523,
        "pilot_skill": 0.7828,
        "mission_priority": 0.8455,
        "estimated_landing_time": 382.0,
        "wait_time": 0,
        "Landing_success_rate": 0.9261
    },
    {
        "model": 2,
        "sequence": 20,
        "status": 1,
        "fuel": 6978,
        "fault": 0.0909,
        "weapon": 0,
        "pilot_injury": 0.2329,
        "pilot_skill": 0.8453,
        "mission_priority": 0.7272,
        "estimated_landing_time": 1886.0,
        "wait_time": 0,
        "Landing_success_rate": 0.9508
    },
    {
        "model": 0,
        "sequence": 10,
        "status": 1,
        "fuel": 6026,
        "fault": 0.5371,
        "weapon": 1,
        "pilot_injury": 0.2257,
        "pilot_skill": 0.2118,
        "mission_priority": 0.7925,
        "estimated_landing_time": 946.0,
        "wait_time": 0,
        "Landing_success_rate": 0.8683
    },
    {
        "model": 1,
        "sequence": 11,
        "status": 1,
        "fuel": 5515,
        "fault": 0.6762,
        "weapon": 0,
        "pilot_injury": 0.9986,
        "pilot_skill": 0.0248,
        "mission_priority": 0.8352,
        "estimated_landing_time": 1040.0,
        "wait_time": 0,
        "Landing_success_rate": 0.8504
    },
    {
        "model": 2,
        "sequence": 1,
        "status": 1,
        "fuel": 7137,
        "fault": 0.3595,
        "weapon": 0,
        "pilot_injury": 0.5546,
        "pilot_skill": 0.9016,
        "mission_priority": 0.9262,
        "estimated_landing_time": 100.0,
        "wait_time": 0,
        "Landing_success_rate": 0.9286
    },
    {
        "model": 0,
        "sequence": 24,
        "status": 1,
        "fuel": 6072,
        "fault": 0.2204,
        "weapon": 0,
        "pilot_injury": 0.2504,
        "pilot_skill": 0.6693,
        "mission_priority": 0.8883,
        "estimated_landing_time": 2262.0,
        "wait_time": 0,
        "Landing_success_rate": 0.8834
    },
    {
        "model": 1,
        "sequence": 16,
        "status": 1,
        "fuel": 5858,
        "fault": 0.7146,
        "weapon": 1,
        "pilot_injury": 0.1885,
        "pilot_skill": 0.805,
        "mission_priority": 0.9673,
        "estimated_landing_time": 1510.0,
        "wait_time": 0,
        "Landing_success_rate": 0.8577
    },
    {
        "model": 1,
        "sequence": 30,
        "status": 1,
        "fuel": 7127,
        "fault": 0.519,
        "weapon": 0,
        "pilot_injury": 0.0861,
        "pilot_skill": 0.5591,
        "mission_priority": 0.5028,
        "estimated_landing_time": 2826.0,
        "wait_time": 0,
        "Landing_success_rate": 0.9087
    },
    {
        "model": 1,
        "sequence": 25,
        "status": 1,
        "fuel": 6029,
        "fault": 0.7436,
        "weapon": 0,
        "pilot_injury": 0.3341,
        "pilot_skill": 0.5218,
        "mission_priority": 0.5857,
        "estimated_landing_time": 2356.0,
        "wait_time": 0,
        "Landing_success_rate": 0.8602
    },
    {
        "model": 2,
        "sequence": 29,
        "status": 1,
        "fuel": 6575,
        "fault": 0.2587,
        "weapon": 0,
        "pilot_injury": 0.713,
        "pilot_skill": 0.3663,
        "mission_priority": 0.0529,
        "estimated_landing_time": 2732.0,
        "wait_time": 0,
        "Landing_success_rate": 0.9098
    },
    {
        "model": 2,
        "sequence": 6,
        "status": 1,
        "fuel": 6104,
        "fault": 0.2832,
        "weapon": 1,
        "pilot_injury": 0.2402,
        "pilot_skill": 0.3235,
        "mission_priority": 0.1838,
        "estimated_landing_time": 570.0,
        "wait_time": 0,
        "Landing_success_rate": 0.8825
    },
    {
        "model": 1,
        "sequence": 3,
        "status": 1,
        "fuel": 7026,
        "fault": 0.6765,
        "weapon": 1,
        "pilot_injury": 0.3562,
        "pilot_skill": 0.697,
        "mission_priority": 0.5601,
        "estimated_landing_time": 288.0,
        "wait_time": 0,
        "Landing_success_rate": 0.887
    },
    {
        "model": 2,
        "sequence": 27,
        "status": 1,
        "fuel": 7008,
        "fault": 0.3411,
        "weapon": 1,
        "pilot_injury": 0.5621,
        "pilot_skill": 0.0059,
        "mission_priority": 0.0785,
        "estimated_landing_time": 2544.0,
        "wait_time": 0,
        "Landing_success_rate": 0.9245
    },
    {
        "model": 0,
        "sequence": 14,
        "status": 1,
        "fuel": 5727,
        "fault": 0.6368,
        "weapon": 1,
        "pilot_injury": 0.7068,
        "pilot_skill": 0.92,
        "mission_priority": 0.2707,
        "estimated_landing_time": 1322.0,
        "wait_time": 0,
        "Landing_success_rate": 0.8562
    },
    {
        "model": 1,
        "sequence": 23,
        "status": 1,
        "fuel": 7255,
        "fault": 0.9256,
        "weapon": 0,
        "pilot_injury": 0.8817,
        "pilot_skill": 0.9419,
        "mission_priority": 0.7396,
        "estimated_landing_time": 2168.0,
        "wait_time": 0,
        "Landing_success_rate": 0.8598
    },
    {
        "model": 1,
        "sequence": 22,
        "status": 1,
        "fuel": 7159,
        "fault": 0.5018,
        "weapon": 1,
        "pilot_injury": 0.4103,
        "pilot_skill": 0.4707,
        "mission_priority": 0.0491,
        "estimated_landing_time": 2074.0,
        "wait_time": 0,
        "Landing_success_rate": 0.912
    },
    {
        "model": 2,
        "sequence": 17,
        "status": 1,
        "fuel": 6229,
        "fault": 0.2499,
        "weapon": 0,
        "pilot_injury": 0.454,
        "pilot_skill": 0.3017,
        "mission_priority": 0.384,
        "estimated_landing_time": 1604.0,
        "wait_time": 0,
        "Landing_success_rate": 0.891
    },
    {
        "model": 1,
        "sequence": 26,
        "status": 1,
        "fuel": 6842,
        "fault": 0.4829,
        "weapon": 0,
        "pilot_injury": 0.2723,
        "pilot_skill": 0.1175,
        "mission_priority": 0.252,
        "estimated_landing_time": 2450.0,
        "wait_time": 0,
        "Landing_success_rate": 0.902
    },
    {
        "model": 0,
        "sequence": 7,
        "status": 1,
        "fuel": 5976,
        "fault": 0.9019,
        "weapon": 1,
        "pilot_injury": 0.5335,
        "pilot_skill": 0.5964,
        "mission_priority": 0.366,
        "estimated_landing_time": 664.0,
        "wait_time": 0,
        "Landing_success_rate": 0.8535
    },
    {
        "model": 2,
        "sequence": 18,
        "status": 1,
        "fuel": 5702,
        "fault": 0.5201,
        "weapon": 1,
        "pilot_injury": 0.1167,
        "pilot_skill": 0.1291,
        "mission_priority": 0.5369,
        "estimated_landing_time": 1698.0,
        "wait_time": 0,
        "Landing_success_rate": 0.8573
    },
    {
        "model": 2,
        "sequence": 2,
        "status": 1,
        "fuel": 5715,
        "fault": 0.7819,
        "weapon": 0,
        "pilot_injury": 0.8695,
        "pilot_skill": 0.7641,
        "mission_priority": 0.2478,
        "estimated_landing_time": 194.0,
        "wait_time": 0,
        "Landing_success_rate": 0.8535
    },
    {
        "model": 1,
        "sequence": 12,
        "status": 1,
        "fuel": 5633,
        "fault": 0.6728,
        "weapon": 1,
        "pilot_injury": 0.7285,
        "pilot_skill": 0.1997,
        "mission_priority": 0.3713,
        "estimated_landing_time": 1134.0,
        "wait_time": 0,
        "Landing_success_rate": 0.8533
    }
]