[
    {
        "model": 0,
        "sequence": 9,
        "status": 1,
        "fuel": 6008,
        "fault": 0.1571,
        "weapon": 0,
        "pilot_injury": 0.2833,
        "pilot_skill": 0.9782,
        "mission_priority": 0.2632,
        "estimated_landing_time": 852.0,
        "wait_time": 0,
        "Landing_success_rate": 0.8821
    },
    {
        "model": 1,
        "sequence": 23,
        "status": 1,
        "fuel": 5800,
        "fault": 0.363,
        "weapon": 0,
        "pilot_injury": 0.0801,
        "pilot_skill": 0.8207,
        "mission_priority": 0.571,
        "estimated_landing_time": 2168.0,
        "wait_time": 0,
        "Landing_success_rate": 0.8643
    },
    {
        "model": 0,
        "sequence": 13,
        "status": 1,
        "fuel": 6943,
        "fault": 0.6646,
        "weapon": 0,
        "pilot_injury": 0.0392,
        "pilot_skill": 0.5152,
        "mission_priority": 0.049,
        "estimated_landing_time": 1228.0,
        "wait_time": 0,
        "Landing_success_rate": 0.8863
    },
    {
        "model": 1,
        "sequence": 14,
        "status": 1,
        "fuel": 6377,
        "fault": 0.4506,
        "weapon": 0,
        "pilot_injury": 0.7658,
        "pilot_skill": 0.1969,
        "mission_priority": 0.6205,
        "estimated_landing_time": 1322.0,
        "wait_time": 0,
        "Landing_success_rate": 0.8861
    },
    {
        "model": 1,
        "sequence": 24,
        "status": 1,
        "fuel": 7238,
        "fault": 0.1629,
        "weapon": 0,
        "pilot_injury": 0.4683,
        "pilot_skill": 0.8975,
        "mission_priority": 0.5079,
        "estimated_landing_time": 2262.0,
        "wait_time": 0,
        "Landing_success_rate": 0.9591
    },
    {
        "model": 1,
        "sequence": 22,
        "status": 1,
        "fuel": 7171,
        "fault": 0.167,
        "weapon": 0,
        "pilot_injury": 0.236,
        "pilot_skill": 0.1685,
        "mission_priority": 0.342,
        "estimated_landing_time": 2074.0,
        "wait_time": 0,
        "Landing_success_rate": 0.9544
    },
    {
        "model": 2,
        "sequence": 26,
        "status": 1,
        "fuel": 7006,
        "fault": 0.3149,
        "weapon": 1,
        "pilot_injury": 0.743,
        "pilot_skill": 0.4775,
        "mission_priority": 0.375,
        "estimated_landing_time": 2450.0,
        "wait_time": 0,
        "Landing_success_rate": 0.9274
    },
    {
        "model": 0,
        "sequence": 19,
        "status": 1,
        "fuel": 6084,
        "fault": 0.2472,
        "weapon": 0,
        "pilot_injury": 0.4474,
        "pilot_skill": 0.6246,
        "mission_priority": 0.1392,
        "estimated_landing_time": 1792.0,
        "wait_time": 0,
        "Landing_success_rate": 0.883
    },
    {
        "model": 2,
        "sequence": 8,
        "status": 1,
        "fuel": 6417,
        "fault": 0.0357,
        "weapon": 1,
        "pilot_injury": 0.948,
        "pilot_skill": 0.1347,
        "mission_priority": 0.7672,
        "estimated_landing_time": 758.0,
        "wait_time": 0,
        "Landing_success_rate": 0.9163
    },
    {
        "model": 1,
        "sequence": 25,
        "status": 1,
        "fuel": 7282,
        "fault": 0.8703,
        "weapon": 1,
        "pilot_injury": 0.6007,
        "pilot_skill": 0.9628,
        "mission_priority": 0.6269,
        "estimated_landing_time": 2356.0,
        "wait_time": 0,
        "Landing_success_rate": 0.8673
    },
    {
        "model": 2,
        "sequence": 4,
        "status": 1,
        "fuel": 5749,
        "fault": 0.0832,
        "weapon": 0,
        "pilot_injury": 0.7146,
        "pilot_skill": 0.5242,
        "mission_priority": 0.2728,
        "estimated_landing_time": 382.0,
        "wait_time": 0,
        "Landing_success_rate": 0.8671
    },
    {
        "model": 2,
        "sequence": 1,
        "status": 1,
        "fuel": 7325,
        "fault": 0.1627,
        "weapon": 0,
        "pilot_injury": 0.6207,
        "pilot_skill": 0.0792,
        "mission_priority": 0.4974,
        "estimated_landing_time": 100.0,
        "wait_time": 0,
        "Landing_success_rate": 0.9646
    },
    {
        "model": 2,
        "sequence": 6,
        "status": 1,
        "fuel": 6911,
        "fault": 0.7662,
        "weapon": 0,
        "pilot_injury": 0.4486,
        "pilot_skill": 0.2234,
        "mission_priority": 0.3097,
        "estimated_landing_time": 570.0,
        "wait_time": 0,
        "Landing_success_rate": 0.8747
    },
    {
        "model": 0,
        "sequence": 18,
        "status": 1,
        "fuel": 7095,
        "fault": 0.534,
        "weapon": 1,
        "pilot_injury": 0.6217,
        "pilot_skill": 0.5897,
        "mission_priority": 0.9704,
        "estimated_landing_time": 1698.0,
        "wait_time": 0,
        "Landing_success_rate": 0.9057
    },
    {
        "model": 2,
        "sequence": 30,
        "status": 1,
        "fuel": 7038,
        "fault": 0.8019,
        "weapon": 1,
        "pilot_injury": 0.5061,
        "pilot_skill": 0.5271,
        "mission_priority": 0.0399,
        "estimated_landing_time": 2826.0,
        "wait_time": 0,
        "Landing_success_rate": 0.8729
    },
    {
        "model": 2,
        "sequence": 15,
        "status": 1,
        "fuel": 6212,
        "fault": 0.2442,
        "weapon": 0,
        "pilot_injury": 0.3466,
        "pilot_skill": 0.3189,
        "mission_priority": 0.8614,
        "estimated_landing_time": 1416.0,
        "wait_time": 0,
        "Landing_success_rate": 0.8904
    },
    {
        "model": 2,
        "sequence": 21,
        "status": 1,
        "fuel": 6991,
        "fault": 0.3549,
        "weapon": 1,
        "pilot_injury": 0.2132,
        "pilot_skill": 0.625,
        "mission_priority": 0.8109,
        "estimated_landing_time": 1980.0,
        "wait_time": 0,
        "Landing_success_rate": 0.9221
    },
    {
        "model": 2,
        "sequence": 10,
        "status": 1,
        "fuel": 6797,
        "fault": 0.2967,
        "weapon": 0,
        "pilot_injury": 0.2092,
        "pilot_skill": 0.6192,
        "mission_priority": 0.246,
        "estimated_landing_time": 946.0,
        "wait_time": 0,
        "Landing_success_rate": 0.9184
    },
    {
        "model": 2,
        "sequence": 28,
        "status": 1,
        "fuel": 7326,
        "fault": 0.1039,
        "weapon": 0,
        "pilot_injury": 0.0929,
        "pilot_skill": 0.3775,
        "mission_priority": 0.3171,
        "estimated_landing_time": 2638.0,
        "wait_time": 0,
        "Landing_success_rate": 0.9727
    },
    {
        "model": 2,
        "sequence": 2,
        "status": 1,
        "fuel": 6835,
        "fault": 0.9577,
        "weapon": 1,
        "pilot_injury": 0.7035,
        "pilot_skill": 0.1368,
        "mission_priority": 0.8129,
        "estimated_landing_time": 194.0,
        "wait_time": 0,
        "Landing_success_rate": 0.8542
    },
    {
        "model": 2,
        "sequence": 5,
        "status": 1,
        "fuel": 7085,
        "fault": 0.591,
        "weapon": 0,
        "pilot_injury": 0.4493,
        "pilot_skill": 0.8939,
        "mission_priority": 0.8658,
        "estimated_landing_time": 476.0,
        "wait_time": 0,
        "Landing_success_rate": 0.8986
    },
    {
        "model": 1,
        "sequence": 16,
        "status": 1,
        "fuel": 5530,
        "fault": 0.5233,
        "weapon": 1,
        "pilot_injury": 0.9328,
        "pilot_skill": 0.7152,
        "mission_priority": 0.9282,
        "estimated_landing_time": 1510.0,
        "wait_time": 0,
        "Landing_success_rate": 0.8511
    },
    {
        "model": 2,
        "sequence": 3,
        "status": 1,
        "fuel": 6014,
        "fault": 0.0967,
        "weapon": 0,
        "pilot_injury": 0.1159,
        "pilot_skill": 0.2915,
        "mission_priority": 0.9688,
        "estimated_landing_time": 288.0,
        "wait_time": 0,
        "Landing_success_rate": 0.8848
    },
    {
        "model": 2,
        "sequence": 17,
        "status": 1,
        "fuel": 6923,
        "fault": 0.3624,
        "weapon": 1,
        "pilot_injury": 0.7076,
        "pilot_skill": 0.734,
        "mission_priority": 0.2855,
        "estimated_landing_time": 1604.0,
        "wait_time": 0,
        "Landing_success_rate": 0.918
    },
    {
        "model": 0,
        "sequence": 27,
        "status": 1,
        "fuel": 6284,
        "fault": 0.7571,
        "weapon": 1,
        "pilot_injury": 0.0218,
        "pilot_skill": 0.7893,
        "mission_priority": 0.3171,
        "estimated_landing_time": 2544.0,
        "wait_time": 0,
        "Landing_success_rate": 0.8643
    },
    {
        "model": 1,
        "sequence": 20,
        "status": 1,
        "fuel": 5680,
        "fault": 0.8026,
        "weapon": 0,
        "pilot_injury": 0.1798,
        "pilot_skill": 0.5464,
        "mission_priority": 0.8349,
        "estimated_landing_time": 1886.0,
        "wait_time": 0,
        "Landing_success_rate": 0.8527
    },
    {
        "model": 2,
        "sequence": 11,
        "status": 1,
        "fuel": 7385,
        "fault": 0.3389,
        "weapon": 0,
        "pilot_injury": 0.7846,
        "pilot_skill": 0.0217,
        "mission_priority": 0.2395,
        "estimated_landing_time": 1040.0,
        "wait_time": 0,
        "Landing_success_rate": 0.9435
    },
    {
        "model": 0,
        "sequence": 29,
        "status": 1,
        "fuel": 7062,
        "fault": 0.141,
        "weapon": 0,
        "pilot_injury": 0.8805,
        "pilot_skill": 0.641,
        "mission_priority": 0.3803,
        "estimated_landing_time": 2732.0,
        "wait_time": 0,
        "Landing_success_rate": 0.9506
    },
    {
        "model": 2,
        "sequence": 7,
        "status": 1,
        "fuel": 6161,
        "fault": 0.2153,
        "weapon": 0,
        "pilot_injury": 0.2068,
        "pilot_skill": 0.6954,
        "mission_priority": 0.1812,
        "estimated_landing_time": 664.0,
        "wait_time": 0,
        "Landing_success_rate": 0.8889
    },
    {
        "model": 2,
        "sequence": 12,
        "status": 1,
        "fuel": 7036,
        "fault": 0.9142,
        "weapon": 0,
        "pilot_injury": 0.2849,
        "pilot_skill": 0.6472,
        "mission_priority": 0.1609,
        "estimated_landing_time": 1134.0,
        "wait_time": 0,
        "Landing_success_rate": 0.8599
    }
]