[
    {
        "model": 1,
        "sequence": 7,
        "status": 1,
        "fuel": 7374,
        "fault": 0.3006,
        "weapon": 1,
        "pilot_injury": 0.8012,
        "pilot_skill": 0.4748,
        "mission_priority": 0.6451,
        "estimated_landing_time": 664.0,
        "wait_time": 0,
        "Landing_success_rate": 0.9483
    },
    {
        "model": 1,
        "sequence": 2,
        "status": 1,
        "fuel": 6446,
        "fault": 0.334,
        "weapon": 1,
        "pilot_injury": 0.138,
        "pilot_skill": 0.0387,
        "mission_priority": 0.1369,
        "estimated_landing_time": 194.0,
        "wait_time": 0,
        "Landing_success_rate": 0.8973
    },
    {
        "model": 0,
        "sequence": 6,
        "status": 1,
        "fuel": 5591,
        "fault": 0.3525,
        "weapon": 1,
        "pilot_injury": 0.6152,
        "pilot_skill": 0.4559,
        "mission_priority": 0.0388,
        "estimated_landing_time": 570.0,
        "wait_time": 0,
        "Landing_success_rate": 0.8544
    },
    {
        "model": 0,
        "sequence": 11,
        "status": 1,
        "fuel": 5711,
        "fault": 0.7305,
        "weapon": 1,
        "pilot_injury": 0.3531,
        "pilot_skill": 0.0062,
        "mission_priority": 0.494,
        "estimated_landing_time": 1040.0,
        "wait_time": 0,
        "Landing_success_rate": 0.8543
    },
    {
        "model": 1,
        "sequence": 8,
        "status": 1,
        "fuel": 5709,
        "fault": 0.9021,
        "weapon": 0,
        "pilot_injury": 0.7208,
        "pilot_skill": 0.251,
        "mission_priority": 0.1571,
        "estimated_landing_time": 758.0,
        "wait_time": 0,
        "Landing_success_rate": 0.8515
    },
    {
        "model": 0,
        "sequence": 23,
        "status": 1,
        "fuel": 6677,
        "fault": 0.5437,
        "weapon": 0,
        "pilot_injury": 0.12,
        "pilot_skill": 0.7508,
        "mission_priority": 0.2228,
        "estimated_landing_time": 2168.0,
        "wait_time": 0,
        "Landing_success_rate": 0.8903
    },
    {
        "model": 0,
        "sequence": 15,
        "status": 1,
        "fuel": 6447,
        "fault": 0.8004,
        "weapon": 1,
        "pilot_injury": 0.7888,
        "pilot_skill": 0.705,
        "mission_priority": 0.3221,
        "estimated_landing_time": 1416.0,
        "wait_time": 0,
        "Landing_success_rate": 0.8642
    },
    {
        "model": 0,
        "sequence": 24,
        "status": 1,
        "fuel": 6022,
        "fault": 0.4101,
        "weapon": 0,
        "pilot_injury": 0.8524,
        "pilot_skill": 0.3862,
        "mission_priority": 0.0612,
        "estimated_landing_time": 2262.0,
        "wait_time": 0,
        "Landing_success_rate": 0.8731
    },
    {
        "model": 0,
        "sequence": 21,
        "status": 1,
        "fuel": 7394,
        "fault": 0.2435,
        "weapon": 0,
        "pilot_injury": 0.9392,
        "pilot_skill": 0.6973,
        "mission_priority": 0.0508,
        "estimated_landing_time": 1980.0,
        "wait_time": 0,
        "Landing_success_rate": 0.9575
    },
    {
        "model": 1,
        "sequence": 22,
        "status": 1,
        "fuel": 6517,
        "fault": 0.8014,
        "weapon": 0,
        "pilot_injury": 0.83,
        "pilot_skill": 0.9063,
        "mission_priority": 0.1123,
        "estimated_landing_time": 2074.0,
        "wait_time": 0,
        "Landing_success_rate": 0.8651
    },
    {
        "model": 2,
        "sequence": 14,
        "status": 1,
        "fuel": 5815,
        "fault": 0.6363,
        "weapon": 1,
        "pilot_injury": 0.1452,
        "pilot_skill": 0.2919,
        "mission_priority": 0.3043,
        "estimated_landing_time": 1322.0,
        "wait_time": 0,
        "Landing_success_rate": 0.8586
    },
    {
        "model": 1,
        "sequence": 18,
        "status": 1,
        "fuel": 7248,
        "fault": 0.3713,
        "weapon": 1,
        "pilot_injury": 0.9528,
        "pilot_skill": 0.5711,
        "mission_priority": 0.3066,
        "estimated_landing_time": 1698.0,
        "wait_time": 0,
        "Landing_success_rate": 0.9324
    },
    {
        "model": 0,
        "sequence": 4,
        "status": 1,
        "fuel": 6158,
        "fault": 0.6112,
        "weapon": 0,
        "pilot_injury": 0.3665,
        "pilot_skill": 0.2278,
        "mission_priority": 0.1018,
        "estimated_landing_time": 382.0,
        "wait_time": 0,
        "Landing_success_rate": 0.8692
    },
    {
        "model": 0,
        "sequence": 19,
        "status": 1,
        "fuel": 6151,
        "fault": 0.697,
        "weapon": 0,
        "pilot_injury": 0.0696,
        "pilot_skill": 0.427,
        "mission_priority": 0.0396,
        "estimated_landing_time": 1792.0,
        "wait_time": 0,
        "Landing_success_rate": 0.8648
    },
    {
        "model": 1,
        "sequence": 17,
        "status": 1,
        "fuel": 6733,
        "fault": 0.9152,
        "weapon": 0,
        "pilot_injury": 0.1527,
        "pilot_skill": 0.1725,
        "mission_priority": 0.5698,
        "estimated_landing_time": 1604.0,
        "wait_time": 0,
        "Landing_success_rate": 0.8578
    },
    {
        "model": 0,
        "sequence": 13,
        "status": 1,
        "fuel": 6686,
        "fault": 0.8325,
        "weapon": 0,
        "pilot_injury": 0.5458,
        "pilot_skill": 0.4333,
        "mission_priority": 0.963,
        "estimated_landing_time": 1228.0,
        "wait_time": 0,
        "Landing_success_rate": 0.8649
    },
    {
        "model": 1,
        "sequence": 10,
        "status": 1,
        "fuel": 5954,
        "fault": 0.188,
        "weapon": 0,
        "pilot_injury": 0.6658,
        "pilot_skill": 0.8095,
        "mission_priority": 0.6262,
        "estimated_landing_time": 946.0,
        "wait_time": 0,
        "Landing_success_rate": 0.8776
    },
    {
        "model": 2,
        "sequence": 9,
        "status": 1,
        "fuel": 7182,
        "fault": 0.7617,
        "weapon": 1,
        "pilot_injury": 0.4795,
        "pilot_skill": 0.197,
        "mission_priority": 0.6802,
        "estimated_landing_time": 852.0,
        "wait_time": 0,
        "Landing_success_rate": 0.8801
    },
    {
        "model": 0,
        "sequence": 16,
        "status": 1,
        "fuel": 6290,
        "fault": 0.3053,
        "weapon": 1,
        "pilot_injury": 0.9338,
        "pilot_skill": 0.306,
        "mission_priority": 0.1966,
        "estimated_landing_time": 1510.0,
        "wait_time": 0,
        "Landing_success_rate": 0.8912
    },
    {
        "model": 2,
        "sequence": 1,
        "status": 1,
        "fuel": 6445,
        "fault": 0.0009,
        "weapon": 0,
        "pilot_injury": 0.4745,
        "pilot_skill": 0.0694,
        "mission_priority": 0.0527,
        "estimated_landing_time": 100.0,
        "wait_time": 0,
        "Landing_success_rate": 0.9208
    },
    {
        "model": 2,
        "sequence": 29,
        "status": 1,
        "fuel": 6303,
        "fault": 0.4573,
        "weapon": 1,
        "pilot_injury": 0.1176,
        "pilot_skill": 0.4048,
        "mission_priority": 0.284,
        "estimated_landing_time": 2732.0,
        "wait_time": 0,
        "Landing_success_rate": 0.8827
    },
    {
        "model": 0,
        "sequence": 27,
        "status": 1,
        "fuel": 6447,
        "fault": 0.0979,
        "weapon": 0,
        "pilot_injury": 0.886,
        "pilot_skill": 0.2092,
        "mission_priority": 0.1629,
        "estimated_landing_time": 2544.0,
        "wait_time": 0,
        "Landing_success_rate": 0.9141
    },
    {
        "model": 0,
        "sequence": 28,
        "status": 1,
        "fuel": 5736,
        "fault": 0.3815,
        "weapon": 0,
        "pilot_injury": 0.9575,
        "pilot_skill": 0.3773,
        "mission_priority": 0.6182,
        "estimated_landing_time": 2638.0,
        "wait_time": 0,
        "Landing_success_rate": 0.8609
    },
    {
        "model": 1,
        "sequence": 26,
        "status": 1,
        "fuel": 5756,
        "fault": 0.7405,
        "weapon": 1,
        "pilot_injury": 0.1223,
        "pilot_skill": 0.3774,
        "mission_priority": 0.1366,
        "estimated_landing_time": 2450.0,
        "wait_time": 0,
        "Landing_success_rate": 0.855
    },
    {
        "model": 1,
        "sequence": 5,
        "status": 1,
        "fuel": 6522,
        "fault": 0.0803,
        "weapon": 0,
        "pilot_injury": 0.2384,
        "pilot_skill": 0.002,
        "mission_priority": 0.8724,
        "estimated_landing_time": 476.0,
        "wait_time": 0,
        "Landing_success_rate": 0.9205
    },
    {
        "model": 0,
        "sequence": 12,
        "status": 1,
        "fuel": 6841,
        "fault": 0.614,
        "weapon": 1,
        "pilot_injury": 0.2628,
        "pilot_skill": 0.2405,
        "mission_priority": 0.1946,
        "estimated_landing_time": 1134.0,
        "wait_time": 0,
        "Landing_success_rate": 0.8888
    },
    {
        "model": 1,
        "sequence": 20,
        "status": 1,
        "fuel": 6041,
        "fault": 0.5964,
        "weapon": 1,
        "pilot_injury": 0.5619,
        "pilot_skill": 0.0773,
        "mission_priority": 0.9495,
        "estimated_landing_time": 1886.0,
        "wait_time": 0,
        "Landing_success_rate": 0.8664
    },
    {
        "model": 2,
        "sequence": 3,
        "status": 1,
        "fuel": 7482,
        "fault": 0.5255,
        "weapon": 0,
        "pilot_injury": 0.3979,
        "pilot_skill": 0.8107,
        "mission_priority": 0.8537,
        "estimated_landing_time": 288.0,
        "wait_time": 0,
        "Landing_success_rate": 0.9205
    },
    {
        "model": 2,
        "sequence": 25,
        "status": 1,
        "fuel": 6540,
        "fault": 0.7612,
        "weapon": 0,
        "pilot_injury": 0.0161,
        "pilot_skill": 0.1686,
        "mission_priority": 0.1181,
        "estimated_landing_time": 2356.0,
        "wait_time": 0,
        "Landing_success_rate": 0.8686
    },
    {
        "model": 0,
        "sequence": 30,
        "status": 1,
        "fuel": 7327,
        "fault": 0.7761,
        "weapon": 1,
        "pilot_injury": 0.526,
        "pilot_skill": 0.2529,
        "mission_priority": 0.1546,
        "estimated_landing_time": 2826.0,
        "wait_time": 0,
        "Landing_success_rate": 0.8807
    }
]