[
    {
        "model": 1,
        "sequence": 7,
        "status": 1,
        "fuel": 5891,
        "fault": 0.3842,
        "weapon": 1,
        "pilot_injury": 0.1531,
        "pilot_skill": 0.9858,
        "mission_priority": 0.6547,
        "estimated_landing_time": 664.0,
        "wait_time": 0,
        "Landing_success_rate": 0.8681
    },
    {
        "model": 0,
        "sequence": 12,
        "status": 1,
        "fuel": 6278,
        "fault": 0.117,
        "weapon": 1,
        "pilot_injury": 0.6945,
        "pilot_skill": 0.3487,
        "mission_priority": 0.8841,
        "estimated_landing_time": 1134.0,
        "wait_time": 0,
        "Landing_success_rate": 0.9015
    },
    {
        "model": 0,
        "sequence": 16,
        "status": 1,
        "fuel": 7436,
        "fault": 0.064,
        "weapon": 1,
        "pilot_injury": 0.8964,
        "pilot_skill": 0.4484,
        "mission_priority": 0.6569,
        "estimated_landing_time": 1510.0,
        "wait_time": 0,
        "Landing_success_rate": 0.9859
    },
    {
        "model": 1,
        "sequence": 19,
        "status": 1,
        "fuel": 5632,
        "fault": 0.5508,
        "weapon": 1,
        "pilot_injury": 0.0835,
        "pilot_skill": 0.7714,
        "mission_priority": 0.0478,
        "estimated_landing_time": 1792.0,
        "wait_time": 0,
        "Landing_success_rate": 0.8544
    },
    {
        "model": 1,
        "sequence": 6,
        "status": 1,
        "fuel": 6772,
        "fault": 0.8977,
        "weapon": 1,
        "pilot_injury": 0.347,
        "pilot_skill": 0.1021,
        "mission_priority": 0.2329,
        "estimated_landing_time": 570.0,
        "wait_time": 0,
        "Landing_success_rate": 0.8598
    },
    {
        "model": 1,
        "sequence": 1,
        "status": 1,
        "fuel": 7362,
        "fault": 0.0332,
        "weapon": 1,
        "pilot_injury": 0.5123,
        "pilot_skill": 0.1127,
        "mission_priority": 0.6278,
        "estimated_landing_time": 100.0,
        "wait_time": 0,
        "Landing_success_rate": 0.985
    },
    {
        "model": 2,
        "sequence": 29,
        "status": 1,
        "fuel": 5954,
        "fault": 0.392,
        "weapon": 0,
        "pilot_injury": 0.7215,
        "pilot_skill": 0.3248,
        "mission_priority": 0.7891,
        "estimated_landing_time": 2732.0,
        "wait_time": 0,
        "Landing_success_rate": 0.8707
    },
    {
        "model": 1,
        "sequence": 3,
        "status": 1,
        "fuel": 5835,
        "fault": 0.3415,
        "weapon": 0,
        "pilot_injury": 0.8792,
        "pilot_skill": 0.5485,
        "mission_priority": 0.2852,
        "estimated_landing_time": 288.0,
        "wait_time": 0,
        "Landing_success_rate": 0.8665
    },
    {
        "model": 1,
        "sequence": 23,
        "status": 1,
        "fuel": 6197,
        "fault": 0.811,
        "weapon": 1,
        "pilot_injury": 0.2207,
        "pilot_skill": 0.6146,
        "mission_priority": 0.8704,
        "estimated_landing_time": 2168.0,
        "wait_time": 0,
        "Landing_success_rate": 0.8599
    },
    {
        "model": 1,
        "sequence": 9,
        "status": 1,
        "fuel": 7481,
        "fault": 0.1318,
        "weapon": 0,
        "pilot_injury": 0.6488,
        "pilot_skill": 0.6192,
        "mission_priority": 0.8208,
        "estimated_landing_time": 852.0,
        "wait_time": 0,
        "Landing_success_rate": 0.979
    },
    {
        "model": 2,
        "sequence": 26,
        "status": 1,
        "fuel": 5761,
        "fault": 0.4516,
        "weapon": 1,
        "pilot_injury": 0.0274,
        "pilot_skill": 0.6962,
        "mission_priority": 0.9604,
        "estimated_landing_time": 2450.0,
        "wait_time": 0,
        "Landing_success_rate": 0.8607
    },
    {
        "model": 0,
        "sequence": 11,
        "status": 1,
        "fuel": 6923,
        "fault": 0.8859,
        "weapon": 0,
        "pilot_injury": 0.5829,
        "pilot_skill": 0.7324,
        "mission_priority": 0.3444,
        "estimated_landing_time": 1040.0,
        "wait_time": 0,
        "Landing_success_rate": 0.8622
    },
    {
        "model": 2,
        "sequence": 21,
        "status": 1,
        "fuel": 5579,
        "fault": 0.7154,
        "weapon": 0,
        "pilot_injury": 0.7266,
        "pilot_skill": 0.711,
        "mission_priority": 0.382,
        "estimated_landing_time": 1980.0,
        "wait_time": 0,
        "Landing_success_rate": 0.8517
    },
    {
        "model": 0,
        "sequence": 20,
        "status": 1,
        "fuel": 7132,
        "fault": 0.0649,
        "weapon": 0,
        "pilot_injury": 0.2053,
        "pilot_skill": 0.3642,
        "mission_priority": 0.6502,
        "estimated_landing_time": 1886.0,
        "wait_time": 0,
        "Landing_success_rate": 0.9645
    },
    {
        "model": 1,
        "sequence": 17,
        "status": 1,
        "fuel": 6967,
        "fault": 0.5746,
        "weapon": 0,
        "pilot_injury": 0.8138,
        "pilot_skill": 0.8128,
        "mission_priority": 0.5869,
        "estimated_landing_time": 1604.0,
        "wait_time": 0,
        "Landing_success_rate": 0.8968
    },
    {
        "model": 2,
        "sequence": 8,
        "status": 1,
        "fuel": 6208,
        "fault": 0.258,
        "weapon": 0,
        "pilot_injury": 0.1696,
        "pilot_skill": 0.8628,
        "mission_priority": 0.4981,
        "estimated_landing_time": 758.0,
        "wait_time": 0,
        "Landing_success_rate": 0.8894
    },
    {
        "model": 2,
        "sequence": 27,
        "status": 1,
        "fuel": 6992,
        "fault": 0.1277,
        "weapon": 0,
        "pilot_injury": 0.8919,
        "pilot_skill": 0.6323,
        "mission_priority": 0.3473,
        "estimated_landing_time": 2544.0,
        "wait_time": 0,
        "Landing_success_rate": 0.9476
    },
    {
        "model": 0,
        "sequence": 4,
        "status": 1,
        "fuel": 5586,
        "fault": 0.9414,
        "weapon": 0,
        "pilot_injury": 0.0675,
        "pilot_skill": 0.2172,
        "mission_priority": 0.4626,
        "estimated_landing_time": 382.0,
        "wait_time": 0,
        "Landing_success_rate": 0.8504
    },
    {
        "model": 2,
        "sequence": 30,
        "status": 1,
        "fuel": 5799,
        "fault": 0.3656,
        "weapon": 0,
        "pilot_injury": 0.2984,
        "pilot_skill": 0.0414,
        "mission_priority": 0.0326,
        "estimated_landing_time": 2826.0,
        "wait_time": 0,
        "Landing_success_rate": 0.8642
    },
    {
        "model": 2,
        "sequence": 14,
        "status": 1,
        "fuel": 6460,
        "fault": 0.1498,
        "weapon": 1,
        "pilot_injury": 0.5564,
        "pilot_skill": 0.494,
        "mission_priority": 0.4099,
        "estimated_landing_time": 1322.0,
        "wait_time": 0,
        "Landing_success_rate": 0.9112
    },
    {
        "model": 0,
        "sequence": 24,
        "status": 1,
        "fuel": 7140,
        "fault": 0.9042,
        "weapon": 1,
        "pilot_injury": 0.1388,
        "pilot_skill": 0.1153,
        "mission_priority": 0.2999,
        "estimated_landing_time": 2262.0,
        "wait_time": 0,
        "Landing_success_rate": 0.8618
    },
    {
        "model": 2,
        "sequence": 2,
        "status": 1,
        "fuel": 6984,
        "fault": 0.024,
        "weapon": 0,
        "pilot_injury": 0.9365,
        "pilot_skill": 0.3923,
        "mission_priority": 0.439,
        "estimated_landing_time": 194.0,
        "wait_time": 0,
        "Landing_success_rate": 0.9586
    },
    {
        "model": 2,
        "sequence": 28,
        "status": 1,
        "fuel": 5539,
        "fault": 0.2565,
        "weapon": 1,
        "pilot_injury": 0.1823,
        "pilot_skill": 0.9738,
        "mission_priority": 0.5059,
        "estimated_landing_time": 2638.0,
        "wait_time": 0,
        "Landing_success_rate": 0.8522
    },
    {
        "model": 1,
        "sequence": 13,
        "status": 1,
        "fuel": 5760,
        "fault": 0.8744,
        "weapon": 1,
        "pilot_injury": 0.9072,
        "pilot_skill": 0.8734,
        "mission_priority": 0.4584,
        "estimated_landing_time": 1228.0,
        "wait_time": 0,
        "Landing_success_rate": 0.8524
    },
    {
        "model": 1,
        "sequence": 22,
        "status": 1,
        "fuel": 6585,
        "fault": 0.5349,
        "weapon": 1,
        "pilot_injury": 0.3246,
        "pilot_skill": 0.4191,
        "mission_priority": 0.6825,
        "estimated_landing_time": 2074.0,
        "wait_time": 0,
        "Landing_success_rate": 0.8878
    },
    {
        "model": 1,
        "sequence": 5,
        "status": 1,
        "fuel": 5635,
        "fault": 0.0733,
        "weapon": 0,
        "pilot_injury": 0.8853,
        "pilot_skill": 0.7974,
        "mission_priority": 0.3816,
        "estimated_landing_time": 476.0,
        "wait_time": 0,
        "Landing_success_rate": 0.8594
    },
    {
        "model": 1,
        "sequence": 15,
        "status": 1,
        "fuel": 6972,
        "fault": 0.1805,
        "weapon": 0,
        "pilot_injury": 0.3486,
        "pilot_skill": 0.4935,
        "mission_priority": 0.4166,
        "estimated_landing_time": 1416.0,
        "wait_time": 0,
        "Landing_success_rate": 0.9405
    },
    {
        "model": 1,
        "sequence": 18,
        "status": 1,
        "fuel": 6842,
        "fault": 0.5118,
        "weapon": 0,
        "pilot_injury": 0.3429,
        "pilot_skill": 0.5621,
        "mission_priority": 0.5927,
        "estimated_landing_time": 1698.0,
        "wait_time": 0,
        "Landing_success_rate": 0.8991
    },
    {
        "model": 2,
        "sequence": 25,
        "status": 1,
        "fuel": 5738,
        "fault": 0.588,
        "weapon": 0,
        "pilot_injury": 0.7372,
        "pilot_skill": 0.4276,
        "mission_priority": 0.1244,
        "estimated_landing_time": 2356.0,
        "wait_time": 0,
        "Landing_success_rate": 0.8574
    },
    {
        "model": 2,
        "sequence": 10,
        "status": 1,
        "fuel": 5687,
        "fault": 0.0411,
        "weapon": 0,
        "pilot_injury": 0.1379,
        "pilot_skill": 0.9818,
        "mission_priority": 0.3698,
        "estimated_landing_time": 946.0,
        "wait_time": 0,
        "Landing_success_rate": 0.8634
    }
]