[
    {
        "model": 2,
        "sequence": 11,
        "status": 1,
        "fuel": 7223,
        "fault": 0.1233,
        "weapon": 1,
        "pilot_injury": 0.6806,
        "pilot_skill": 0.1661,
        "mission_priority": 0.0591,
        "estimated_landing_time": 1040.0,
        "wait_time": 0,
        "Landing_success_rate": 0.9633
    },
    {
        "model": 1,
        "sequence": 26,
        "status": 1,
        "fuel": 5633,
        "fault": 0.6843,
        "weapon": 0,
        "pilot_injury": 0.047,
        "pilot_skill": 0.9281,
        "mission_priority": 0.0911,
        "estimated_landing_time": 2450.0,
        "wait_time": 0,
        "Landing_success_rate": 0.8531
    },
    {
        "model": 2,
        "sequence": 29,
        "status": 1,
        "fuel": 7319,
        "fault": 0.0768,
        "weapon": 1,
        "pilot_injury": 0.1699,
        "pilot_skill": 0.0554,
        "mission_priority": 0.3311,
        "estimated_landing_time": 2732.0,
        "wait_time": 0,
        "Landing_success_rate": 0.9759
    },
    {
        "model": 2,
        "sequence": 4,
        "status": 1,
        "fuel": 7195,
        "fault": 0.4896,
        "weapon": 1,
        "pilot_injury": 0.653,
        "pilot_skill": 0.5796,
        "mission_priority": 0.0222,
        "estimated_landing_time": 382.0,
        "wait_time": 0,
        "Landing_success_rate": 0.9149
    },
    {
        "model": 1,
        "sequence": 25,
        "status": 1,
        "fuel": 6772,
        "fault": 0.0984,
        "weapon": 0,
        "pilot_injury": 0.9678,
        "pilot_skill": 0.5499,
        "mission_priority": 0.9632,
        "estimated_landing_time": 2356.0,
        "wait_time": 0,
        "Landing_success_rate": 0.936
    },
    {
        "model": 2,
        "sequence": 18,
        "status": 1,
        "fuel": 7010,
        "fault": 0.3931,
        "weapon": 0,
        "pilot_injury": 0.1695,
        "pilot_skill": 0.051,
        "mission_priority": 0.6175,
        "estimated_landing_time": 1698.0,
        "wait_time": 0,
        "Landing_success_rate": 0.9187
    },
    {
        "model": 2,
        "sequence": 10,
        "status": 1,
        "fuel": 6349,
        "fault": 0.6775,
        "weapon": 0,
        "pilot_injury": 0.1124,
        "pilot_skill": 0.332,
        "mission_priority": 0.7816,
        "estimated_landing_time": 946.0,
        "wait_time": 0,
        "Landing_success_rate": 0.8705
    },
    {
        "model": 0,
        "sequence": 19,
        "status": 1,
        "fuel": 6472,
        "fault": 0.2806,
        "weapon": 0,
        "pilot_injury": 0.6475,
        "pilot_skill": 0.8438,
        "mission_priority": 0.3249,
        "estimated_landing_time": 1792.0,
        "wait_time": 0,
        "Landing_success_rate": 0.9024
    },
    {
        "model": 2,
        "sequence": 22,
        "status": 1,
        "fuel": 6037,
        "fault": 0.8743,
        "weapon": 1,
        "pilot_injury": 0.7302,
        "pilot_skill": 0.4899,
        "mission_priority": 0.6307,
        "estimated_landing_time": 2074.0,
        "wait_time": 0,
        "Landing_success_rate": 0.8551
    },
    {
        "model": 2,
        "sequence": 12,
        "status": 1,
        "fuel": 6438,
        "fault": 0.9782,
        "weapon": 0,
        "pilot_injury": 0.0167,
        "pilot_skill": 0.1948,
        "mission_priority": 0.8105,
        "estimated_landing_time": 1134.0,
        "wait_time": 0,
        "Landing_success_rate": 0.8515
    },
    {
        "model": 2,
        "sequence": 5,
        "status": 1,
        "fuel": 7255,
        "fault": 0.42,
        "weapon": 0,
        "pilot_injury": 0.3721,
        "pilot_skill": 0.5219,
        "mission_priority": 0.068,
        "estimated_landing_time": 476.0,
        "wait_time": 0,
        "Landing_success_rate": 0.9263
    },
    {
        "model": 2,
        "sequence": 1,
        "status": 1,
        "fuel": 6649,
        "fault": 0.0596,
        "weapon": 1,
        "pilot_injury": 0.8901,
        "pilot_skill": 0.6523,
        "mission_priority": 0.4596,
        "estimated_landing_time": 100.0,
        "wait_time": 0,
        "Landing_success_rate": 0.931
    },
    {
        "model": 1,
        "sequence": 30,
        "status": 1,
        "fuel": 5793,
        "fault": 0.4027,
        "weapon": 0,
        "pilot_injury": 0.5686,
        "pilot_skill": 0.0592,
        "mission_priority": 0.6328,
        "estimated_landing_time": 2826.0,
        "wait_time": 0,
        "Landing_success_rate": 0.8631
    },
    {
        "model": 0,
        "sequence": 17,
        "status": 1,
        "fuel": 5918,
        "fault": 0.396,
        "weapon": 1,
        "pilot_injury": 0.0111,
        "pilot_skill": 0.7302,
        "mission_priority": 0.5718,
        "estimated_landing_time": 1604.0,
        "wait_time": 0,
        "Landing_success_rate": 0.8689
    },
    {
        "model": 2,
        "sequence": 24,
        "status": 1,
        "fuel": 6293,
        "fault": 0.907,
        "weapon": 0,
        "pilot_injury": 0.4091,
        "pilot_skill": 0.3544,
        "mission_priority": 0.3028,
        "estimated_landing_time": 2262.0,
        "wait_time": 0,
        "Landing_success_rate": 0.8555
    },
    {
        "model": 2,
        "sequence": 2,
        "status": 1,
        "fuel": 6866,
        "fault": 0.4838,
        "weapon": 0,
        "pilot_injury": 0.589,
        "pilot_skill": 0.9387,
        "mission_priority": 0.3499,
        "estimated_landing_time": 194.0,
        "wait_time": 0,
        "Landing_success_rate": 0.9029
    },
    {
        "model": 1,
        "sequence": 6,
        "status": 1,
        "fuel": 6986,
        "fault": 0.1615,
        "weapon": 0,
        "pilot_injury": 0.1988,
        "pilot_skill": 0.315,
        "mission_priority": 0.2246,
        "estimated_landing_time": 570.0,
        "wait_time": 0,
        "Landing_success_rate": 0.9435
    },
    {
        "model": 2,
        "sequence": 20,
        "status": 1,
        "fuel": 6611,
        "fault": 0.7423,
        "weapon": 1,
        "pilot_injury": 0.2545,
        "pilot_skill": 0.473,
        "mission_priority": 0.0433,
        "estimated_landing_time": 1886.0,
        "wait_time": 0,
        "Landing_success_rate": 0.8715
    },
    {
        "model": 1,
        "sequence": 15,
        "status": 1,
        "fuel": 5846,
        "fault": 0.2612,
        "weapon": 0,
        "pilot_injury": 0.7447,
        "pilot_skill": 0.4124,
        "mission_priority": 0.1958,
        "estimated_landing_time": 1416.0,
        "wait_time": 0,
        "Landing_success_rate": 0.8692
    },
    {
        "model": 0,
        "sequence": 7,
        "status": 1,
        "fuel": 5795,
        "fault": 0.6101,
        "weapon": 0,
        "pilot_injury": 0.4405,
        "pilot_skill": 0.3173,
        "mission_priority": 0.912,
        "estimated_landing_time": 664.0,
        "wait_time": 0,
        "Landing_success_rate": 0.8586
    },
    {
        "model": 0,
        "sequence": 21,
        "status": 1,
        "fuel": 7127,
        "fault": 0.5993,
        "weapon": 0,
        "pilot_injury": 0.1828,
        "pilot_skill": 0.319,
        "mission_priority": 0.4155,
        "estimated_landing_time": 1980.0,
        "wait_time": 0,
        "Landing_success_rate": 0.8989
    },
    {
        "model": 2,
        "sequence": 27,
        "status": 1,
        "fuel": 6854,
        "fault": 0.2856,
        "weapon": 1,
        "pilot_injury": 0.0913,
        "pilot_skill": 0.3187,
        "mission_priority": 0.1047,
        "estimated_landing_time": 2544.0,
        "wait_time": 0,
        "Landing_success_rate": 0.9225
    },
    {
        "model": 2,
        "sequence": 14,
        "status": 1,
        "fuel": 6270,
        "fault": 0.1744,
        "weapon": 0,
        "pilot_injury": 0.0609,
        "pilot_skill": 0.0309,
        "mission_priority": 0.7144,
        "estimated_landing_time": 1322.0,
        "wait_time": 0,
        "Landing_success_rate": 0.8977
    },
    {
        "model": 2,
        "sequence": 9,
        "status": 1,
        "fuel": 7407,
        "fault": 0.4074,
        "weapon": 0,
        "pilot_injury": 0.2536,
        "pilot_skill": 0.6421,
        "mission_priority": 0.2755,
        "estimated_landing_time": 852.0,
        "wait_time": 0,
        "Landing_success_rate": 0.9348
    },
    {
        "model": 1,
        "sequence": 28,
        "status": 1,
        "fuel": 7468,
        "fault": 0.8617,
        "weapon": 0,
        "pilot_injury": 0.5881,
        "pilot_skill": 0.3161,
        "mission_priority": 0.627,
        "estimated_landing_time": 2638.0,
        "wait_time": 0,
        "Landing_success_rate": 0.8704
    },
    {
        "model": 2,
        "sequence": 3,
        "status": 1,
        "fuel": 7442,
        "fault": 0.4297,
        "weapon": 1,
        "pilot_injury": 0.2957,
        "pilot_skill": 0.2557,
        "mission_priority": 0.3274,
        "estimated_landing_time": 288.0,
        "wait_time": 0,
        "Landing_success_rate": 0.9331
    },
    {
        "model": 2,
        "sequence": 13,
        "status": 1,
        "fuel": 5980,
        "fault": 0.2688,
        "weapon": 1,
        "pilot_injury": 0.7907,
        "pilot_skill": 0.3847,
        "mission_priority": 0.436,
        "estimated_landing_time": 1228.0,
        "wait_time": 0,
        "Landing_success_rate": 0.8763
    },
    {
        "model": 0,
        "sequence": 16,
        "status": 1,
        "fuel": 5544,
        "fault": 0.588,
        "weapon": 1,
        "pilot_injury": 0.0674,
        "pilot_skill": 0.8315,
        "mission_priority": 0.1773,
        "estimated_landing_time": 1510.0,
        "wait_time": 0,
        "Landing_success_rate": 0.8514
    },
    {
        "model": 2,
        "sequence": 23,
        "status": 1,
        "fuel": 5786,
        "fault": 0.1718,
        "weapon": 1,
        "pilot_injury": 0.7149,
        "pilot_skill": 0.579,
        "mission_priority": 0.0146,
        "estimated_landing_time": 2168.0,
        "wait_time": 0,
        "Landing_success_rate": 0.8678
    },
    {
        "model": 0,
        "sequence": 8,
        "status": 1,
        "fuel": 5880,
        "fault": 0.8119,
        "weapon": 0,
        "pilot_injury": 0.3875,
        "pilot_skill": 0.8635,
        "mission_priority": 0.3088,
        "estimated_landing_time": 758.0,
        "wait_time": 0,
        "Landing_success_rate": 0.8554
    }
]