[
    {
        "model": 2,
        "sequence": 2,
        "status": 1,
        "fuel": 6189,
        "fault": 0.3018,
        "weapon": 1,
        "pilot_injury": 0.2271,
        "pilot_skill": 0.3896,
        "mission_priority": 0.6065,
        "estimated_landing_time": 194.0,
        "wait_time": 0,
        "Landing_success_rate": 0.8861
    },
    {
        "model": 0,
        "sequence": 25,
        "status": 1,
        "fuel": 6609,
        "fault": 0.988,
        "weapon": 0,
        "pilot_injury": 0.9155,
        "pilot_skill": 0.7766,
        "mission_priority": 0.2283,
        "estimated_landing_time": 2356.0,
        "wait_time": 0,
        "Landing_success_rate": 0.851
    },
    {
        "model": 1,
        "sequence": 3,
        "status": 1,
        "fuel": 7418,
        "fault": 0.9115,
        "weapon": 1,
        "pilot_injury": 0.1415,
        "pilot_skill": 0.7104,
        "mission_priority": 0.6611,
        "estimated_landing_time": 288.0,
        "wait_time": 0,
        "Landing_success_rate": 0.8627
    },
    {
        "model": 0,
        "sequence": 13,
        "status": 1,
        "fuel": 5936,
        "fault": 0.8349,
        "weapon": 0,
        "pilot_injury": 0.2487,
        "pilot_skill": 0.4322,
        "mission_priority": 0.6679,
        "estimated_landing_time": 1228.0,
        "wait_time": 0,
        "Landing_success_rate": 0.8554
    },
    {
        "model": 0,
        "sequence": 17,
        "status": 1,
        "fuel": 6435,
        "fault": 0.9318,
        "weapon": 0,
        "pilot_injury": 0.0656,
        "pilot_skill": 0.4014,
        "mission_priority": 0.7648,
        "estimated_landing_time": 1604.0,
        "wait_time": 0,
        "Landing_success_rate": 0.8548
    },
    {
        "model": 2,
        "sequence": 12,
        "status": 1,
        "fuel": 7297,
        "fault": 0.6965,
        "weapon": 0,
        "pilot_injury": 0.4236,
        "pilot_skill": 0.7026,
        "mission_priority": 0.9428,
        "estimated_landing_time": 1134.0,
        "wait_time": 0,
        "Landing_success_rate": 0.8909
    },
    {
        "model": 2,
        "sequence": 1,
        "status": 1,
        "fuel": 6296,
        "fault": 0.6365,
        "weapon": 1,
        "pilot_injury": 0.796,
        "pilot_skill": 0.6097,
        "mission_priority": 0.1106,
        "estimated_landing_time": 100.0,
        "wait_time": 0,
        "Landing_success_rate": 0.8717
    },
    {
        "model": 1,
        "sequence": 5,
        "status": 1,
        "fuel": 7478,
        "fault": 0.5584,
        "weapon": 0,
        "pilot_injury": 0.5102,
        "pilot_skill": 0.5291,
        "mission_priority": 0.8762,
        "estimated_landing_time": 476.0,
        "wait_time": 0,
        "Landing_success_rate": 0.9155
    },
    {
        "model": 2,
        "sequence": 23,
        "status": 1,
        "fuel": 7117,
        "fault": 0.671,
        "weapon": 1,
        "pilot_injury": 0.231,
        "pilot_skill": 0.8743,
        "mission_priority": 0.171,
        "estimated_landing_time": 2168.0,
        "wait_time": 0,
        "Landing_success_rate": 0.8899
    },
    {
        "model": 1,
        "sequence": 11,
        "status": 1,
        "fuel": 5710,
        "fault": 0.6684,
        "weapon": 0,
        "pilot_injury": 0.7733,
        "pilot_skill": 0.4744,
        "mission_priority": 0.3511,
        "estimated_landing_time": 1040.0,
        "wait_time": 0,
        "Landing_success_rate": 0.8552
    },
    {
        "model": 1,
        "sequence": 18,
        "status": 1,
        "fuel": 7225,
        "fault": 0.3465,
        "weapon": 1,
        "pilot_injury": 0.5538,
        "pilot_skill": 0.7179,
        "mission_priority": 0.897,
        "estimated_landing_time": 1698.0,
        "wait_time": 0,
        "Landing_success_rate": 0.9345
    },
    {
        "model": 1,
        "sequence": 24,
        "status": 1,
        "fuel": 6259,
        "fault": 0.0011,
        "weapon": 0,
        "pilot_injury": 0.9525,
        "pilot_skill": 0.0249,
        "mission_priority": 0.3768,
        "estimated_landing_time": 2262.0,
        "wait_time": 0,
        "Landing_success_rate": 0.9069
    },
    {
        "model": 1,
        "sequence": 30,
        "status": 1,
        "fuel": 6260,
        "fault": 0.3998,
        "weapon": 1,
        "pilot_injury": 0.2731,
        "pilot_skill": 0.3026,
        "mission_priority": 0.6123,
        "estimated_landing_time": 2826.0,
        "wait_time": 0,
        "Landing_success_rate": 0.8842
    },
    {
        "model": 2,
        "sequence": 6,
        "status": 1,
        "fuel": 6450,
        "fault": 0.2509,
        "weapon": 1,
        "pilot_injury": 0.8949,
        "pilot_skill": 0.6742,
        "mission_priority": 0.2045,
        "estimated_landing_time": 570.0,
        "wait_time": 0,
        "Landing_success_rate": 0.9034
    },
    {
        "model": 0,
        "sequence": 10,
        "status": 1,
        "fuel": 6961,
        "fault": 0.8815,
        "weapon": 0,
        "pilot_injury": 0.1499,
        "pilot_skill": 0.09,
        "mission_priority": 0.5634,
        "estimated_landing_time": 946.0,
        "wait_time": 0,
        "Landing_success_rate": 0.863
    },
    {
        "model": 0,
        "sequence": 26,
        "status": 1,
        "fuel": 5867,
        "fault": 0.2458,
        "weapon": 0,
        "pilot_injury": 0.3,
        "pilot_skill": 0.2817,
        "mission_priority": 0.6042,
        "estimated_landing_time": 2450.0,
        "wait_time": 0,
        "Landing_success_rate": 0.8708
    },
    {
        "model": 2,
        "sequence": 29,
        "status": 1,
        "fuel": 6018,
        "fault": 0.7613,
        "weapon": 1,
        "pilot_injury": 0.1474,
        "pilot_skill": 0.6942,
        "mission_priority": 0.8926,
        "estimated_landing_time": 2732.0,
        "wait_time": 0,
        "Landing_success_rate": 0.8593
    },
    {
        "model": 2,
        "sequence": 27,
        "status": 1,
        "fuel": 6200,
        "fault": 0.8797,
        "weapon": 1,
        "pilot_injury": 0.0534,
        "pilot_skill": 0.6151,
        "mission_priority": 0.0474,
        "estimated_landing_time": 2544.0,
        "wait_time": 0,
        "Landing_success_rate": 0.8563
    },
    {
        "model": 1,
        "sequence": 20,
        "status": 1,
        "fuel": 6063,
        "fault": 0.7071,
        "weapon": 1,
        "pilot_injury": 0.9047,
        "pilot_skill": 0.4751,
        "mission_priority": 0.2239,
        "estimated_landing_time": 1886.0,
        "wait_time": 0,
        "Landing_success_rate": 0.8624
    },
    {
        "model": 2,
        "sequence": 8,
        "status": 1,
        "fuel": 6349,
        "fault": 0.0423,
        "weapon": 1,
        "pilot_injury": 0.3066,
        "pilot_skill": 0.8343,
        "mission_priority": 0.3088,
        "estimated_landing_time": 758.0,
        "wait_time": 0,
        "Landing_success_rate": 0.911
    },
    {
        "model": 0,
        "sequence": 7,
        "status": 1,
        "fuel": 7089,
        "fault": 0.2141,
        "weapon": 1,
        "pilot_injury": 0.1164,
        "pilot_skill": 0.0389,
        "mission_priority": 0.7245,
        "estimated_landing_time": 664.0,
        "wait_time": 0,
        "Landing_success_rate": 0.9437
    },
    {
        "model": 2,
        "sequence": 21,
        "status": 1,
        "fuel": 6766,
        "fault": 0.0231,
        "weapon": 1,
        "pilot_injury": 0.2956,
        "pilot_skill": 0.945,
        "mission_priority": 0.9877,
        "estimated_landing_time": 1980.0,
        "wait_time": 0,
        "Landing_success_rate": 0.9428
    },
    {
        "model": 2,
        "sequence": 4,
        "status": 1,
        "fuel": 7465,
        "fault": 0.0679,
        "weapon": 1,
        "pilot_injury": 0.7367,
        "pilot_skill": 0.2973,
        "mission_priority": 0.0586,
        "estimated_landing_time": 382.0,
        "wait_time": 0,
        "Landing_success_rate": 0.9874
    },
    {
        "model": 1,
        "sequence": 28,
        "status": 1,
        "fuel": 5782,
        "fault": 0.9448,
        "weapon": 1,
        "pilot_injury": 0.7312,
        "pilot_skill": 0.6643,
        "mission_priority": 0.1306,
        "estimated_landing_time": 2638.0,
        "wait_time": 0,
        "Landing_success_rate": 0.8512
    },
    {
        "model": 1,
        "sequence": 19,
        "status": 1,
        "fuel": 7382,
        "fault": 0.9471,
        "weapon": 1,
        "pilot_injury": 0.8606,
        "pilot_skill": 0.0132,
        "mission_priority": 0.6845,
        "estimated_landing_time": 1792.0,
        "wait_time": 0,
        "Landing_success_rate": 0.8575
    },
    {
        "model": 1,
        "sequence": 14,
        "status": 1,
        "fuel": 6884,
        "fault": 0.9452,
        "weapon": 1,
        "pilot_injury": 0.6356,
        "pilot_skill": 0.1483,
        "mission_priority": 0.7661,
        "estimated_landing_time": 1322.0,
        "wait_time": 0,
        "Landing_success_rate": 0.8557
    },
    {
        "model": 1,
        "sequence": 15,
        "status": 1,
        "fuel": 6217,
        "fault": 0.0276,
        "weapon": 0,
        "pilot_injury": 0.2619,
        "pilot_skill": 0.6889,
        "mission_priority": 0.9237,
        "estimated_landing_time": 1416.0,
        "wait_time": 0,
        "Landing_success_rate": 0.9023
    },
    {
        "model": 0,
        "sequence": 9,
        "status": 1,
        "fuel": 7388,
        "fault": 0.1647,
        "weapon": 1,
        "pilot_injury": 0.4631,
        "pilot_skill": 0.1576,
        "mission_priority": 0.5903,
        "estimated_landing_time": 852.0,
        "wait_time": 0,
        "Landing_success_rate": 0.9683
    },
    {
        "model": 2,
        "sequence": 16,
        "status": 1,
        "fuel": 7478,
        "fault": 0.4035,
        "weapon": 1,
        "pilot_injury": 0.8508,
        "pilot_skill": 0.51,
        "mission_priority": 0.719,
        "estimated_landing_time": 1510.0,
        "wait_time": 0,
        "Landing_success_rate": 0.9385
    },
    {
        "model": 2,
        "sequence": 22,
        "status": 1,
        "fuel": 6598,
        "fault": 0.3631,
        "weapon": 0,
        "pilot_injury": 0.1154,
        "pilot_skill": 0.4379,
        "mission_priority": 0.8425,
        "estimated_landing_time": 2074.0,
        "wait_time": 0,
        "Landing_success_rate": 0.9024
    }
]