[
    {
        "model": 2,
        "sequence": 20,
        "status": 1,
        "fuel": 5990,
        "fault": 0.3937,
        "weapon": 1,
        "pilot_injury": 0.7271,
        "pilot_skill": 0.1073,
        "mission_priority": 0.206,
        "estimated_landing_time": 1886.0,
        "wait_time": 0,
        "Landing_success_rate": 0.8723
    },
    {
        "model": 1,
        "sequence": 4,
        "status": 1,
        "fuel": 6829,
        "fault": 0.6436,
        "weapon": 1,
        "pilot_injury": 0.0629,
        "pilot_skill": 0.6866,
        "mission_priority": 0.3665,
        "estimated_landing_time": 382.0,
        "wait_time": 0,
        "Landing_success_rate": 0.8855
    },
    {
        "model": 1,
        "sequence": 28,
        "status": 1,
        "fuel": 5735,
        "fault": 0.4624,
        "weapon": 1,
        "pilot_injury": 0.1145,
        "pilot_skill": 0.3144,
        "mission_priority": 0.8101,
        "estimated_landing_time": 2638.0,
        "wait_time": 0,
        "Landing_success_rate": 0.8595
    },
    {
        "model": 2,
        "sequence": 3,
        "status": 1,
        "fuel": 6696,
        "fault": 0.8639,
        "weapon": 1,
        "pilot_injury": 0.8254,
        "pilot_skill": 0.9871,
        "mission_priority": 0.5569,
        "estimated_landing_time": 288.0,
        "wait_time": 0,
        "Landing_success_rate": 0.8622
    },
    {
        "model": 2,
        "sequence": 27,
        "status": 1,
        "fuel": 6492,
        "fault": 0.2745,
        "weapon": 0,
        "pilot_injury": 0.1701,
        "pilot_skill": 0.7619,
        "mission_priority": 0.7735,
        "estimated_landing_time": 2544.0,
        "wait_time": 0,
        "Landing_success_rate": 0.904
    },
    {
        "model": 2,
        "sequence": 25,
        "status": 1,
        "fuel": 7032,
        "fault": 0.3227,
        "weapon": 1,
        "pilot_injury": 0.562,
        "pilot_skill": 0.2143,
        "mission_priority": 0.3409,
        "estimated_landing_time": 2356.0,
        "wait_time": 0,
        "Landing_success_rate": 0.9278
    },
    {
        "model": 0,
        "sequence": 7,
        "status": 1,
        "fuel": 6001,
        "fault": 0.2646,
        "weapon": 0,
        "pilot_injury": 0.6383,
        "pilot_skill": 0.6546,
        "mission_priority": 0.9541,
        "estimated_landing_time": 664.0,
        "wait_time": 0,
        "Landing_success_rate": 0.8776
    },
    {
        "model": 2,
        "sequence": 2,
        "status": 1,
        "fuel": 6100,
        "fault": 0.6615,
        "weapon": 0,
        "pilot_injury": 0.5316,
        "pilot_skill": 0.1868,
        "mission_priority": 0.4256,
        "estimated_landing_time": 194.0,
        "wait_time": 0,
        "Landing_success_rate": 0.8652
    },
    {
        "model": 0,
        "sequence": 1,
        "status": 1,
        "fuel": 5842,
        "fault": 0.1164,
        "weapon": 0,
        "pilot_injury": 0.6077,
        "pilot_skill": 0.394,
        "mission_priority": 0.2653,
        "estimated_landing_time": 100.0,
        "wait_time": 0,
        "Landing_success_rate": 0.8727
    },
    {
        "model": 1,
        "sequence": 26,
        "status": 1,
        "fuel": 6812,
        "fault": 0.5543,
        "weapon": 1,
        "pilot_injury": 0.6454,
        "pilot_skill": 0.6874,
        "mission_priority": 0.3725,
        "estimated_landing_time": 2450.0,
        "wait_time": 0,
        "Landing_success_rate": 0.8939
    },
    {
        "model": 0,
        "sequence": 18,
        "status": 1,
        "fuel": 5672,
        "fault": 0.7549,
        "weapon": 0,
        "pilot_injury": 0.7736,
        "pilot_skill": 0.4556,
        "mission_priority": 0.6119,
        "estimated_landing_time": 1698.0,
        "wait_time": 0,
        "Landing_success_rate": 0.8532
    },
    {
        "model": 2,
        "sequence": 21,
        "status": 1,
        "fuel": 6535,
        "fault": 0.6965,
        "weapon": 1,
        "pilot_injury": 0.8357,
        "pilot_skill": 0.6882,
        "mission_priority": 0.5126,
        "estimated_landing_time": 1980.0,
        "wait_time": 0,
        "Landing_success_rate": 0.8736
    },
    {
        "model": 0,
        "sequence": 5,
        "status": 1,
        "fuel": 6430,
        "fault": 0.2522,
        "weapon": 0,
        "pilot_injury": 0.6798,
        "pilot_skill": 0.5587,
        "mission_priority": 0.6249,
        "estimated_landing_time": 476.0,
        "wait_time": 0,
        "Landing_success_rate": 0.9022
    },
    {
        "model": 2,
        "sequence": 11,
        "status": 1,
        "fuel": 5818,
        "fault": 0.5149,
        "weapon": 0,
        "pilot_injury": 0.7908,
        "pilot_skill": 0.3739,
        "mission_priority": 0.5628,
        "estimated_landing_time": 1040.0,
        "wait_time": 0,
        "Landing_success_rate": 0.8616
    },
    {
        "model": 0,
        "sequence": 15,
        "status": 1,
        "fuel": 7003,
        "fault": 0.9136,
        "weapon": 0,
        "pilot_injury": 0.2508,
        "pilot_skill": 0.6897,
        "mission_priority": 0.8521,
        "estimated_landing_time": 1416.0,
        "wait_time": 0,
        "Landing_success_rate": 0.8597
    },
    {
        "model": 1,
        "sequence": 9,
        "status": 1,
        "fuel": 7105,
        "fault": 0.3406,
        "weapon": 0,
        "pilot_injury": 0.4023,
        "pilot_skill": 0.1616,
        "mission_priority": 0.1184,
        "estimated_landing_time": 852.0,
        "wait_time": 0,
        "Landing_success_rate": 0.9294
    },
    {
        "model": 0,
        "sequence": 16,
        "status": 1,
        "fuel": 5660,
        "fault": 0.2867,
        "weapon": 1,
        "pilot_injury": 0.4583,
        "pilot_skill": 0.6594,
        "mission_priority": 0.9145,
        "estimated_landing_time": 1510.0,
        "wait_time": 0,
        "Landing_success_rate": 0.8586
    },
    {
        "model": 1,
        "sequence": 22,
        "status": 1,
        "fuel": 7446,
        "fault": 0.7705,
        "weapon": 1,
        "pilot_injury": 0.8129,
        "pilot_skill": 0.0389,
        "mission_priority": 0.6589,
        "estimated_landing_time": 2074.0,
        "wait_time": 0,
        "Landing_success_rate": 0.8835
    },
    {
        "model": 2,
        "sequence": 19,
        "status": 1,
        "fuel": 5550,
        "fault": 0.7948,
        "weapon": 1,
        "pilot_injury": 0.485,
        "pilot_skill": 0.3056,
        "mission_priority": 0.5176,
        "estimated_landing_time": 1792.0,
        "wait_time": 0,
        "Landing_success_rate": 0.8508
    },
    {
        "model": 1,
        "sequence": 13,
        "status": 1,
        "fuel": 5556,
        "fault": 0.5076,
        "weapon": 1,
        "pilot_injury": 0.1145,
        "pilot_skill": 0.997,
        "mission_priority": 0.4256,
        "estimated_landing_time": 1228.0,
        "wait_time": 0,
        "Landing_success_rate": 0.8521
    },
    {
        "model": 2,
        "sequence": 30,
        "status": 1,
        "fuel": 6701,
        "fault": 0.2815,
        "weapon": 1,
        "pilot_injury": 0.3639,
        "pilot_skill": 0.8333,
        "mission_priority": 0.4543,
        "estimated_landing_time": 2826.0,
        "wait_time": 0,
        "Landing_success_rate": 0.9147
    },
    {
        "model": 2,
        "sequence": 12,
        "status": 1,
        "fuel": 6248,
        "fault": 0.3918,
        "weapon": 1,
        "pilot_injury": 0.8461,
        "pilot_skill": 0.7357,
        "mission_priority": 0.2117,
        "estimated_landing_time": 1134.0,
        "wait_time": 0,
        "Landing_success_rate": 0.8841
    },
    {
        "model": 1,
        "sequence": 17,
        "status": 1,
        "fuel": 7259,
        "fault": 0.1383,
        "weapon": 0,
        "pilot_injury": 0.9761,
        "pilot_skill": 0.2568,
        "mission_priority": 0.4561,
        "estimated_landing_time": 1604.0,
        "wait_time": 0,
        "Landing_success_rate": 0.9637
    },
    {
        "model": 1,
        "sequence": 29,
        "status": 1,
        "fuel": 7486,
        "fault": 0.4898,
        "weapon": 0,
        "pilot_injury": 0.5713,
        "pilot_skill": 0.9531,
        "mission_priority": 0.5167,
        "estimated_landing_time": 2732.0,
        "wait_time": 0,
        "Landing_success_rate": 0.926
    },
    {
        "model": 0,
        "sequence": 10,
        "status": 1,
        "fuel": 6661,
        "fault": 0.3077,
        "weapon": 0,
        "pilot_injury": 0.0408,
        "pilot_skill": 0.315,
        "mission_priority": 0.5755,
        "estimated_landing_time": 946.0,
        "wait_time": 0,
        "Landing_success_rate": 0.9103
    },
    {
        "model": 0,
        "sequence": 6,
        "status": 1,
        "fuel": 5580,
        "fault": 0.3578,
        "weapon": 1,
        "pilot_injury": 0.2284,
        "pilot_skill": 0.2201,
        "mission_priority": 0.2012,
        "estimated_landing_time": 570.0,
        "wait_time": 0,
        "Landing_success_rate": 0.8539
    },
    {
        "model": 1,
        "sequence": 14,
        "status": 1,
        "fuel": 6306,
        "fault": 0.9442,
        "weapon": 1,
        "pilot_injury": 0.7749,
        "pilot_skill": 0.3927,
        "mission_priority": 0.5044,
        "estimated_landing_time": 1322.0,
        "wait_time": 0,
        "Landing_success_rate": 0.8534
    },
    {
        "model": 1,
        "sequence": 24,
        "status": 1,
        "fuel": 5986,
        "fault": 0.8247,
        "weapon": 1,
        "pilot_injury": 0.505,
        "pilot_skill": 0.0305,
        "mission_priority": 0.1318,
        "estimated_landing_time": 2262.0,
        "wait_time": 0,
        "Landing_success_rate": 0.8564
    },
    {
        "model": 1,
        "sequence": 8,
        "status": 1,
        "fuel": 5789,
        "fault": 0.2662,
        "weapon": 0,
        "pilot_injury": 0.4229,
        "pilot_skill": 0.5172,
        "mission_priority": 0.37,
        "estimated_landing_time": 758.0,
        "wait_time": 0,
        "Landing_success_rate": 0.8659
    },
    {
        "model": 1,
        "sequence": 23,
        "status": 1,
        "fuel": 7490,
        "fault": 0.7184,
        "weapon": 1,
        "pilot_injury": 0.7633,
        "pilot_skill": 0.7226,
        "mission_priority": 0.2045,
        "estimated_landing_time": 2168.0,
        "wait_time": 0,
        "Landing_success_rate": 0.892
    }
]