[
    {
        "model": 0,
        "sequence": 27,
        "status": 1,
        "fuel": 5710,
        "fault": 0.6797,
        "weapon": 1,
        "pilot_injury": 0.1614,
        "pilot_skill": 0.9607,
        "mission_priority": 0.5375,
        "estimated_landing_time": 2544.0,
        "wait_time": 0,
        "Landing_success_rate": 0.855
    },
    {
        "model": 1,
        "sequence": 4,
        "status": 1,
        "fuel": 6540,
        "fault": 0.024,
        "weapon": 1,
        "pilot_injury": 0.4499,
        "pilot_skill": 0.6929,
        "mission_priority": 0.7332,
        "estimated_landing_time": 382.0,
        "wait_time": 0,
        "Landing_success_rate": 0.9261
    },
    {
        "model": 0,
        "sequence": 16,
        "status": 1,
        "fuel": 5922,
        "fault": 0.8672,
        "weapon": 1,
        "pilot_injury": 0.5382,
        "pilot_skill": 0.5333,
        "mission_priority": 0.4056,
        "estimated_landing_time": 1510.0,
        "wait_time": 0,
        "Landing_success_rate": 0.8542
    },
    {
        "model": 2,
        "sequence": 14,
        "status": 1,
        "fuel": 5928,
        "fault": 0.0557,
        "weapon": 0,
        "pilot_injury": 0.8533,
        "pilot_skill": 0.4983,
        "mission_priority": 0.6032,
        "estimated_landing_time": 1322.0,
        "wait_time": 0,
        "Landing_success_rate": 0.8803
    },
    {
        "model": 0,
        "sequence": 11,
        "status": 1,
        "fuel": 7492,
        "fault": 0.2717,
        "weapon": 1,
        "pilot_injury": 0.695,
        "pilot_skill": 0.5152,
        "mission_priority": 0.9903,
        "estimated_landing_time": 1040.0,
        "wait_time": 0,
        "Landing_success_rate": 0.9588
    },
    {
        "model": 1,
        "sequence": 18,
        "status": 1,
        "fuel": 6279,
        "fault": 0.1333,
        "weapon": 1,
        "pilot_injury": 0.7722,
        "pilot_skill": 0.1705,
        "mission_priority": 0.3845,
        "estimated_landing_time": 1698.0,
        "wait_time": 0,
        "Landing_success_rate": 0.9006
    },
    {
        "model": 1,
        "sequence": 30,
        "status": 1,
        "fuel": 6858,
        "fault": 0.0289,
        "weapon": 0,
        "pilot_injury": 0.7818,
        "pilot_skill": 0.4842,
        "mission_priority": 0.794,
        "estimated_landing_time": 2826.0,
        "wait_time": 0,
        "Landing_success_rate": 0.9489
    },
    {
        "model": 2,
        "sequence": 24,
        "status": 1,
        "fuel": 7249,
        "fault": 0.7966,
        "weapon": 0,
        "pilot_injury": 0.81,
        "pilot_skill": 0.2383,
        "mission_priority": 0.2244,
        "estimated_landing_time": 2262.0,
        "wait_time": 0,
        "Landing_success_rate": 0.8767
    },
    {
        "model": 1,
        "sequence": 15,
        "status": 1,
        "fuel": 6140,
        "fault": 0.236,
        "weapon": 0,
        "pilot_injury": 0.0091,
        "pilot_skill": 0.6483,
        "mission_priority": 0.5111,
        "estimated_landing_time": 1416.0,
        "wait_time": 0,
        "Landing_success_rate": 0.8867
    },
    {
        "model": 0,
        "sequence": 22,
        "status": 1,
        "fuel": 6669,
        "fault": 0.8448,
        "weapon": 1,
        "pilot_injury": 0.5712,
        "pilot_skill": 0.8634,
        "mission_priority": 0.1395,
        "estimated_landing_time": 2074.0,
        "wait_time": 0,
        "Landing_success_rate": 0.8636
    },
    {
        "model": 0,
        "sequence": 20,
        "status": 1,
        "fuel": 6488,
        "fault": 0.2441,
        "weapon": 1,
        "pilot_injury": 0.5831,
        "pilot_skill": 0.718,
        "mission_priority": 0.372,
        "estimated_landing_time": 1886.0,
        "wait_time": 0,
        "Landing_success_rate": 0.906
    },
    {
        "model": 2,
        "sequence": 17,
        "status": 1,
        "fuel": 6925,
        "fault": 0.1314,
        "weapon": 0,
        "pilot_injury": 0.3945,
        "pilot_skill": 0.8671,
        "mission_priority": 0.244,
        "estimated_landing_time": 1604.0,
        "wait_time": 0,
        "Landing_success_rate": 0.9428
    },
    {
        "model": 1,
        "sequence": 7,
        "status": 1,
        "fuel": 6778,
        "fault": 0.5996,
        "weapon": 1,
        "pilot_injury": 0.2476,
        "pilot_skill": 0.3481,
        "mission_priority": 0.8956,
        "estimated_landing_time": 664.0,
        "wait_time": 0,
        "Landing_success_rate": 0.8884
    },
    {
        "model": 2,
        "sequence": 23,
        "status": 1,
        "fuel": 6991,
        "fault": 0.323,
        "weapon": 1,
        "pilot_injury": 0.321,
        "pilot_skill": 0.5261,
        "mission_priority": 0.6878,
        "estimated_landing_time": 2168.0,
        "wait_time": 0,
        "Landing_success_rate": 0.9257
    },
    {
        "model": 0,
        "sequence": 5,
        "status": 1,
        "fuel": 6802,
        "fault": 0.1195,
        "weapon": 0,
        "pilot_injury": 0.0517,
        "pilot_skill": 0.0493,
        "mission_priority": 0.3863,
        "estimated_landing_time": 476.0,
        "wait_time": 0,
        "Landing_success_rate": 0.936
    },
    {
        "model": 2,
        "sequence": 2,
        "status": 1,
        "fuel": 5500,
        "fault": 0.7473,
        "weapon": 0,
        "pilot_injury": 0.491,
        "pilot_skill": 0.3207,
        "mission_priority": 0.1923,
        "estimated_landing_time": 194.0,
        "wait_time": 0,
        "Landing_success_rate": 0.85
    },
    {
        "model": 1,
        "sequence": 19,
        "status": 1,
        "fuel": 6881,
        "fault": 0.7639,
        "weapon": 0,
        "pilot_injury": 0.4111,
        "pilot_skill": 0.4447,
        "mission_priority": 0.5765,
        "estimated_landing_time": 1792.0,
        "wait_time": 0,
        "Landing_success_rate": 0.8745
    },
    {
        "model": 2,
        "sequence": 12,
        "status": 1,
        "fuel": 5621,
        "fault": 0.7863,
        "weapon": 0,
        "pilot_injury": 0.6813,
        "pilot_skill": 0.716,
        "mission_priority": 0.6073,
        "estimated_landing_time": 1134.0,
        "wait_time": 0,
        "Landing_success_rate": 0.8519
    },
    {
        "model": 1,
        "sequence": 26,
        "status": 1,
        "fuel": 6002,
        "fault": 0.496,
        "weapon": 1,
        "pilot_injury": 0.0641,
        "pilot_skill": 0.5961,
        "mission_priority": 0.7396,
        "estimated_landing_time": 2450.0,
        "wait_time": 0,
        "Landing_success_rate": 0.869
    },
    {
        "model": 1,
        "sequence": 6,
        "status": 1,
        "fuel": 7417,
        "fault": 0.3954,
        "weapon": 0,
        "pilot_injury": 0.0304,
        "pilot_skill": 0.8438,
        "mission_priority": 0.4603,
        "estimated_landing_time": 570.0,
        "wait_time": 0,
        "Landing_success_rate": 0.9369
    },
    {
        "model": 0,
        "sequence": 29,
        "status": 1,
        "fuel": 7486,
        "fault": 0.9378,
        "weapon": 1,
        "pilot_injury": 0.9533,
        "pilot_skill": 0.0727,
        "mission_priority": 0.1991,
        "estimated_landing_time": 2732.0,
        "wait_time": 0,
        "Landing_success_rate": 0.8593
    },
    {
        "model": 0,
        "sequence": 25,
        "status": 1,
        "fuel": 6187,
        "fault": 0.2201,
        "weapon": 0,
        "pilot_injury": 0.5448,
        "pilot_skill": 0.1256,
        "mission_priority": 0.2897,
        "estimated_landing_time": 2356.0,
        "wait_time": 0,
        "Landing_success_rate": 0.8902
    },
    {
        "model": 0,
        "sequence": 8,
        "status": 1,
        "fuel": 7052,
        "fault": 0.2711,
        "weapon": 0,
        "pilot_injury": 0.4111,
        "pilot_skill": 0.704,
        "mission_priority": 0.2175,
        "estimated_landing_time": 758.0,
        "wait_time": 0,
        "Landing_success_rate": 0.9348
    },
    {
        "model": 1,
        "sequence": 9,
        "status": 1,
        "fuel": 6222,
        "fault": 0.1393,
        "weapon": 1,
        "pilot_injury": 0.9765,
        "pilot_skill": 0.9547,
        "mission_priority": 0.8001,
        "estimated_landing_time": 852.0,
        "wait_time": 0,
        "Landing_success_rate": 0.8966
    },
    {
        "model": 2,
        "sequence": 28,
        "status": 1,
        "fuel": 6516,
        "fault": 0.3033,
        "weapon": 1,
        "pilot_injury": 0.3169,
        "pilot_skill": 0.2668,
        "mission_priority": 0.5059,
        "estimated_landing_time": 2638.0,
        "wait_time": 0,
        "Landing_success_rate": 0.9031
    },
    {
        "model": 1,
        "sequence": 21,
        "status": 1,
        "fuel": 6819,
        "fault": 0.0915,
        "weapon": 1,
        "pilot_injury": 0.8449,
        "pilot_skill": 0.3597,
        "mission_priority": 0.6872,
        "estimated_landing_time": 1980.0,
        "wait_time": 0,
        "Landing_success_rate": 0.9399
    },
    {
        "model": 0,
        "sequence": 10,
        "status": 1,
        "fuel": 7267,
        "fault": 0.2324,
        "weapon": 0,
        "pilot_injury": 0.7016,
        "pilot_skill": 0.0098,
        "mission_priority": 0.4092,
        "estimated_landing_time": 946.0,
        "wait_time": 0,
        "Landing_success_rate": 0.9517
    },
    {
        "model": 0,
        "sequence": 3,
        "status": 1,
        "fuel": 6319,
        "fault": 0.176,
        "weapon": 0,
        "pilot_injury": 0.7662,
        "pilot_skill": 0.3041,
        "mission_priority": 0.8116,
        "estimated_landing_time": 288.0,
        "wait_time": 0,
        "Landing_success_rate": 0.9006
    },
    {
        "model": 2,
        "sequence": 13,
        "status": 1,
        "fuel": 5726,
        "fault": 0.8161,
        "weapon": 1,
        "pilot_injury": 0.727,
        "pilot_skill": 0.6929,
        "mission_priority": 0.9874,
        "estimated_landing_time": 1228.0,
        "wait_time": 0,
        "Landing_success_rate": 0.8531
    },
    {
        "model": 0,
        "sequence": 1,
        "status": 1,
        "fuel": 7332,
        "fault": 0.1044,
        "weapon": 0,
        "pilot_injury": 0.6097,
        "pilot_skill": 0.9151,
        "mission_priority": 0.1564,
        "estimated_landing_time": 100.0,
        "wait_time": 0,
        "Landing_success_rate": 0.9731
    }
]