[
    {
        "model": 0,
        "sequence": 7,
        "status": 1,
        "fuel": 5557,
        "fault": 0.2823,
        "weapon": 1,
        "pilot_injury": 0.3133,
        "pilot_skill": 0.5981,
        "mission_priority": 0.4362,
        "estimated_landing_time": 664.0,
        "wait_time": 0,
        "Landing_success_rate": 0.8531
    },
    {
        "model": 1,
        "sequence": 22,
        "status": 1,
        "fuel": 6810,
        "fault": 0.4069,
        "weapon": 0,
        "pilot_injury": 0.6139,
        "pilot_skill": 0.3117,
        "mission_priority": 0.9906,
        "estimated_landing_time": 2074.0,
        "wait_time": 0,
        "Landing_success_rate": 0.9083
    },
    {
        "model": 0,
        "sequence": 11,
        "status": 1,
        "fuel": 6521,
        "fault": 0.7879,
        "weapon": 1,
        "pilot_injury": 0.1267,
        "pilot_skill": 0.733,
        "mission_priority": 0.2692,
        "estimated_landing_time": 1040.0,
        "wait_time": 0,
        "Landing_success_rate": 0.8662
    },
    {
        "model": 0,
        "sequence": 19,
        "status": 1,
        "fuel": 5880,
        "fault": 0.5455,
        "weapon": 0,
        "pilot_injury": 0.9706,
        "pilot_skill": 0.4246,
        "mission_priority": 0.8348,
        "estimated_landing_time": 1792.0,
        "wait_time": 0,
        "Landing_success_rate": 0.863
    },
    {
        "model": 1,
        "sequence": 25,
        "status": 1,
        "fuel": 7446,
        "fault": 0.8396,
        "weapon": 0,
        "pilot_injury": 0.6295,
        "pilot_skill": 0.4887,
        "mission_priority": 0.89,
        "estimated_landing_time": 2356.0,
        "wait_time": 0,
        "Landing_success_rate": 0.8734
    },
    {
        "model": 0,
        "sequence": 29,
        "status": 1,
        "fuel": 6820,
        "fault": 0.3986,
        "weapon": 1,
        "pilot_injury": 0.7915,
        "pilot_skill": 0.0995,
        "mission_priority": 0.8228,
        "estimated_landing_time": 2732.0,
        "wait_time": 0,
        "Landing_success_rate": 0.9095
    },
    {
        "model": 2,
        "sequence": 15,
        "status": 1,
        "fuel": 5692,
        "fault": 0.4159,
        "weapon": 1,
        "pilot_injury": 0.6831,
        "pilot_skill": 0.5805,
        "mission_priority": 0.5946,
        "estimated_landing_time": 1416.0,
        "wait_time": 0,
        "Landing_success_rate": 0.8584
    },
    {
        "model": 2,
        "sequence": 9,
        "status": 1,
        "fuel": 7303,
        "fault": 0.5302,
        "weapon": 0,
        "pilot_injury": 0.7625,
        "pilot_skill": 0.2568,
        "mission_priority": 0.4463,
        "estimated_landing_time": 852.0,
        "wait_time": 0,
        "Landing_success_rate": 0.9135
    },
    {
        "model": 2,
        "sequence": 20,
        "status": 1,
        "fuel": 5761,
        "fault": 0.8313,
        "weapon": 0,
        "pilot_injury": 0.5945,
        "pilot_skill": 0.5894,
        "mission_priority": 0.6842,
        "estimated_landing_time": 1886.0,
        "wait_time": 0,
        "Landing_success_rate": 0.8533
    },
    {
        "model": 2,
        "sequence": 2,
        "status": 1,
        "fuel": 6424,
        "fault": 0.4753,
        "weapon": 1,
        "pilot_injury": 0.33,
        "pilot_skill": 0.8082,
        "mission_priority": 0.1306,
        "estimated_landing_time": 194.0,
        "wait_time": 0,
        "Landing_success_rate": 0.8864
    },
    {
        "model": 2,
        "sequence": 4,
        "status": 1,
        "fuel": 7148,
        "fault": 0.8175,
        "weapon": 1,
        "pilot_injury": 0.8869,
        "pilot_skill": 0.4262,
        "mission_priority": 0.3323,
        "estimated_landing_time": 382.0,
        "wait_time": 0,
        "Landing_success_rate": 0.8726
    },
    {
        "model": 2,
        "sequence": 24,
        "status": 1,
        "fuel": 7409,
        "fault": 0.7858,
        "weapon": 0,
        "pilot_injury": 0.1171,
        "pilot_skill": 0.2993,
        "mission_priority": 0.9598,
        "estimated_landing_time": 2262.0,
        "wait_time": 0,
        "Landing_success_rate": 0.8807
    },
    {
        "model": 2,
        "sequence": 13,
        "status": 1,
        "fuel": 5708,
        "fault": 0.4842,
        "weapon": 1,
        "pilot_injury": 0.7054,
        "pilot_skill": 0.4175,
        "mission_priority": 0.7581,
        "estimated_landing_time": 1228.0,
        "wait_time": 0,
        "Landing_success_rate": 0.858
    },
    {
        "model": 2,
        "sequence": 3,
        "status": 1,
        "fuel": 6602,
        "fault": 0.8618,
        "weapon": 0,
        "pilot_injury": 0.2673,
        "pilot_skill": 0.2775,
        "mission_priority": 0.5224,
        "estimated_landing_time": 288.0,
        "wait_time": 0,
        "Landing_success_rate": 0.8614
    },
    {
        "model": 2,
        "sequence": 23,
        "status": 1,
        "fuel": 6767,
        "fault": 0.986,
        "weapon": 1,
        "pilot_injury": 0.3643,
        "pilot_skill": 0.2306,
        "mission_priority": 0.4698,
        "estimated_landing_time": 2168.0,
        "wait_time": 0,
        "Landing_success_rate": 0.8513
    },
    {
        "model": 1,
        "sequence": 14,
        "status": 1,
        "fuel": 5576,
        "fault": 0.8693,
        "weapon": 1,
        "pilot_injury": 0.5567,
        "pilot_skill": 0.3193,
        "mission_priority": 0.3925,
        "estimated_landing_time": 1322.0,
        "wait_time": 0,
        "Landing_success_rate": 0.8507
    },
    {
        "model": 1,
        "sequence": 27,
        "status": 1,
        "fuel": 6679,
        "fault": 0.6721,
        "weapon": 0,
        "pilot_injury": 0.6833,
        "pilot_skill": 0.2625,
        "mission_priority": 0.645,
        "estimated_landing_time": 2544.0,
        "wait_time": 0,
        "Landing_success_rate": 0.879
    },
    {
        "model": 2,
        "sequence": 12,
        "status": 1,
        "fuel": 6145,
        "fault": 0.8576,
        "weapon": 1,
        "pilot_injury": 0.83,
        "pilot_skill": 0.1544,
        "mission_priority": 0.8228,
        "estimated_landing_time": 1134.0,
        "wait_time": 0,
        "Landing_success_rate": 0.8569
    },
    {
        "model": 1,
        "sequence": 5,
        "status": 1,
        "fuel": 5815,
        "fault": 0.703,
        "weapon": 1,
        "pilot_injury": 0.4071,
        "pilot_skill": 0.988,
        "mission_priority": 0.7836,
        "estimated_landing_time": 476.0,
        "wait_time": 0,
        "Landing_success_rate": 0.857
    },
    {
        "model": 1,
        "sequence": 28,
        "status": 1,
        "fuel": 6536,
        "fault": 0.8289,
        "weapon": 0,
        "pilot_injury": 0.4178,
        "pilot_skill": 0.2631,
        "mission_priority": 0.071,
        "estimated_landing_time": 2638.0,
        "wait_time": 0,
        "Landing_success_rate": 0.8633
    },
    {
        "model": 2,
        "sequence": 10,
        "status": 1,
        "fuel": 5555,
        "fault": 0.1655,
        "weapon": 0,
        "pilot_injury": 0.6756,
        "pilot_skill": 0.2497,
        "mission_priority": 0.5736,
        "estimated_landing_time": 946.0,
        "wait_time": 0,
        "Landing_success_rate": 0.8534
    },
    {
        "model": 2,
        "sequence": 6,
        "status": 1,
        "fuel": 6863,
        "fault": 0.4825,
        "weapon": 0,
        "pilot_injury": 0.6895,
        "pilot_skill": 0.9682,
        "mission_priority": 0.7989,
        "estimated_landing_time": 570.0,
        "wait_time": 0,
        "Landing_success_rate": 0.9029
    },
    {
        "model": 1,
        "sequence": 30,
        "status": 1,
        "fuel": 6182,
        "fault": 0.546,
        "weapon": 1,
        "pilot_injury": 0.9651,
        "pilot_skill": 0.4897,
        "mission_priority": 0.1116,
        "estimated_landing_time": 2826.0,
        "wait_time": 0,
        "Landing_success_rate": 0.8732
    },
    {
        "model": 2,
        "sequence": 18,
        "status": 1,
        "fuel": 5777,
        "fault": 0.9993,
        "weapon": 0,
        "pilot_injury": 0.9975,
        "pilot_skill": 0.3239,
        "mission_priority": 0.5141,
        "estimated_landing_time": 1698.0,
        "wait_time": 0,
        "Landing_success_rate": 0.85
    },
    {
        "model": 2,
        "sequence": 8,
        "status": 1,
        "fuel": 5802,
        "fault": 0.5435,
        "weapon": 1,
        "pilot_injury": 0.1093,
        "pilot_skill": 0.9489,
        "mission_priority": 0.4884,
        "estimated_landing_time": 758.0,
        "wait_time": 0,
        "Landing_success_rate": 0.8603
    },
    {
        "model": 2,
        "sequence": 26,
        "status": 1,
        "fuel": 7286,
        "fault": 0.3352,
        "weapon": 0,
        "pilot_injury": 0.0035,
        "pilot_skill": 0.9311,
        "mission_priority": 0.3615,
        "estimated_landing_time": 2450.0,
        "wait_time": 0,
        "Landing_success_rate": 0.939
    },
    {
        "model": 2,
        "sequence": 17,
        "status": 1,
        "fuel": 6424,
        "fault": 0.74,
        "weapon": 1,
        "pilot_injury": 0.3782,
        "pilot_skill": 0.8039,
        "mission_priority": 0.8,
        "estimated_landing_time": 1604.0,
        "wait_time": 0,
        "Landing_success_rate": 0.868
    },
    {
        "model": 1,
        "sequence": 21,
        "status": 1,
        "fuel": 5920,
        "fault": 0.8546,
        "weapon": 1,
        "pilot_injury": 0.7087,
        "pilot_skill": 0.5072,
        "mission_priority": 0.804,
        "estimated_landing_time": 1980.0,
        "wait_time": 0,
        "Landing_success_rate": 0.8546
    },
    {
        "model": 0,
        "sequence": 1,
        "status": 1,
        "fuel": 7341,
        "fault": 0.5704,
        "weapon": 1,
        "pilot_injury": 0.3367,
        "pilot_skill": 0.2524,
        "mission_priority": 0.5765,
        "estimated_landing_time": 100.0,
        "wait_time": 0,
        "Landing_success_rate": 0.9093
    },
    {
        "model": 1,
        "sequence": 16,
        "status": 1,
        "fuel": 7467,
        "fault": 0.69,
        "weapon": 1,
        "pilot_injury": 0.0953,
        "pilot_skill": 0.1194,
        "mission_priority": 0.7831,
        "estimated_landing_time": 1510.0,
        "wait_time": 0,
        "Landing_success_rate": 0.8957
    }
]