[
    {
        "model": 0,
        "sequence": 10,
        "status": 1,
        "fuel": 6985,
        "fault": 0.497,
        "weapon": 1,
        "pilot_injury": 0.5477,
        "pilot_skill": 0.9426,
        "mission_priority": 0.1664,
        "estimated_landing_time": 946.0,
        "wait_time": 0,
        "Landing_success_rate": 0.906
    },
    {
        "model": 0,
        "sequence": 19,
        "status": 1,
        "fuel": 7022,
        "fault": 0.9983,
        "weapon": 1,
        "pilot_injury": 0.7922,
        "pilot_skill": 0.062,
        "mission_priority": 0.0816,
        "estimated_landing_time": 1792.0,
        "wait_time": 0,
        "Landing_success_rate": 0.8502
    },
    {
        "model": 0,
        "sequence": 7,
        "status": 1,
        "fuel": 6584,
        "fault": 0.6397,
        "weapon": 1,
        "pilot_injury": 0.4063,
        "pilot_skill": 0.0448,
        "mission_priority": 0.9575,
        "estimated_landing_time": 664.0,
        "wait_time": 0,
        "Landing_success_rate": 0.8793
    },
    {
        "model": 1,
        "sequence": 30,
        "status": 1,
        "fuel": 5972,
        "fault": 0.1029,
        "weapon": 1,
        "pilot_injury": 0.7315,
        "pilot_skill": 0.5786,
        "mission_priority": 0.2375,
        "estimated_landing_time": 2826.0,
        "wait_time": 0,
        "Landing_success_rate": 0.8818
    },
    {
        "model": 0,
        "sequence": 5,
        "status": 1,
        "fuel": 6724,
        "fault": 0.021,
        "weapon": 0,
        "pilot_injury": 0.4192,
        "pilot_skill": 0.2912,
        "mission_priority": 0.8075,
        "estimated_landing_time": 476.0,
        "wait_time": 0,
        "Landing_success_rate": 0.9399
    },
    {
        "model": 1,
        "sequence": 17,
        "status": 1,
        "fuel": 7386,
        "fault": 0.9215,
        "weapon": 1,
        "pilot_injury": 0.1893,
        "pilot_skill": 0.5335,
        "mission_priority": 0.318,
        "estimated_landing_time": 1604.0,
        "wait_time": 0,
        "Landing_success_rate": 0.8611
    },
    {
        "model": 0,
        "sequence": 6,
        "status": 1,
        "fuel": 6231,
        "fault": 0.7755,
        "weapon": 0,
        "pilot_injury": 0.7689,
        "pilot_skill": 0.3542,
        "mission_priority": 0.6943,
        "estimated_landing_time": 570.0,
        "wait_time": 0,
        "Landing_success_rate": 0.8623
    },
    {
        "model": 0,
        "sequence": 20,
        "status": 1,
        "fuel": 5715,
        "fault": 0.5312,
        "weapon": 1,
        "pilot_injury": 0.1484,
        "pilot_skill": 0.6797,
        "mission_priority": 0.1049,
        "estimated_landing_time": 1886.0,
        "wait_time": 0,
        "Landing_success_rate": 0.8576
    },
    {
        "model": 2,
        "sequence": 28,
        "status": 1,
        "fuel": 5661,
        "fault": 0.6334,
        "weapon": 0,
        "pilot_injury": 0.3851,
        "pilot_skill": 0.057,
        "mission_priority": 0.3808,
        "estimated_landing_time": 2638.0,
        "wait_time": 0,
        "Landing_success_rate": 0.8544
    },
    {
        "model": 0,
        "sequence": 27,
        "status": 1,
        "fuel": 6873,
        "fault": 0.8821,
        "weapon": 1,
        "pilot_injury": 0.4746,
        "pilot_skill": 0.9312,
        "mission_priority": 0.3948,
        "estimated_landing_time": 2544.0,
        "wait_time": 0,
        "Landing_success_rate": 0.8621
    },
    {
        "model": 1,
        "sequence": 26,
        "status": 1,
        "fuel": 6513,
        "fault": 0.956,
        "weapon": 0,
        "pilot_injury": 0.4629,
        "pilot_skill": 0.1686,
        "mission_priority": 0.0186,
        "estimated_landing_time": 2450.0,
        "wait_time": 0,
        "Landing_success_rate": 0.8533
    },
    {
        "model": 2,
        "sequence": 1,
        "status": 1,
        "fuel": 7016,
        "fault": 0.2418,
        "weapon": 0,
        "pilot_injury": 0.1064,
        "pilot_skill": 0.211,
        "mission_priority": 0.3702,
        "estimated_landing_time": 100.0,
        "wait_time": 0,
        "Landing_success_rate": 0.9362
    },
    {
        "model": 2,
        "sequence": 23,
        "status": 1,
        "fuel": 6295,
        "fault": 0.5169,
        "weapon": 1,
        "pilot_injury": 0.8821,
        "pilot_skill": 0.055,
        "mission_priority": 0.941,
        "estimated_landing_time": 2168.0,
        "wait_time": 0,
        "Landing_success_rate": 0.8788
    },
    {
        "model": 0,
        "sequence": 9,
        "status": 1,
        "fuel": 7244,
        "fault": 0.7749,
        "weapon": 0,
        "pilot_injury": 0.3677,
        "pilot_skill": 0.782,
        "mission_priority": 0.1666,
        "estimated_landing_time": 852.0,
        "wait_time": 0,
        "Landing_success_rate": 0.8794
    },
    {
        "model": 0,
        "sequence": 4,
        "status": 1,
        "fuel": 6610,
        "fault": 0.0612,
        "weapon": 0,
        "pilot_injury": 0.8537,
        "pilot_skill": 0.7549,
        "mission_priority": 0.5172,
        "estimated_landing_time": 382.0,
        "wait_time": 0,
        "Landing_success_rate": 0.9282
    },
    {
        "model": 2,
        "sequence": 29,
        "status": 1,
        "fuel": 7189,
        "fault": 0.5276,
        "weapon": 1,
        "pilot_injury": 0.8407,
        "pilot_skill": 0.787,
        "mission_priority": 0.6565,
        "estimated_landing_time": 2732.0,
        "wait_time": 0,
        "Landing_success_rate": 0.9098
    },
    {
        "model": 1,
        "sequence": 11,
        "status": 1,
        "fuel": 6442,
        "fault": 0.71,
        "weapon": 1,
        "pilot_injury": 0.879,
        "pilot_skill": 0.6444,
        "mission_priority": 0.3718,
        "estimated_landing_time": 1040.0,
        "wait_time": 0,
        "Landing_success_rate": 0.8705
    },
    {
        "model": 0,
        "sequence": 8,
        "status": 1,
        "fuel": 6848,
        "fault": 0.098,
        "weapon": 1,
        "pilot_injury": 0.3942,
        "pilot_skill": 0.3067,
        "mission_priority": 0.407,
        "estimated_landing_time": 758.0,
        "wait_time": 0,
        "Landing_success_rate": 0.9412
    },
    {
        "model": 2,
        "sequence": 3,
        "status": 1,
        "fuel": 6412,
        "fault": 0.9911,
        "weapon": 0,
        "pilot_injury": 0.2636,
        "pilot_skill": 0.761,
        "mission_priority": 0.5315,
        "estimated_landing_time": 288.0,
        "wait_time": 0,
        "Landing_success_rate": 0.8506
    },
    {
        "model": 1,
        "sequence": 21,
        "status": 1,
        "fuel": 5693,
        "fault": 0.6502,
        "weapon": 1,
        "pilot_injury": 0.8849,
        "pilot_skill": 0.7552,
        "mission_priority": 0.3232,
        "estimated_landing_time": 1980.0,
        "wait_time": 0,
        "Landing_success_rate": 0.8551
    },
    {
        "model": 0,
        "sequence": 2,
        "status": 1,
        "fuel": 6903,
        "fault": 0.1153,
        "weapon": 0,
        "pilot_injury": 0.9612,
        "pilot_skill": 0.2457,
        "mission_priority": 0.0091,
        "estimated_landing_time": 194.0,
        "wait_time": 0,
        "Landing_success_rate": 0.9431
    },
    {
        "model": 2,
        "sequence": 14,
        "status": 1,
        "fuel": 6311,
        "fault": 0.0496,
        "weapon": 1,
        "pilot_injury": 0.5391,
        "pilot_skill": 0.7968,
        "mission_priority": 0.8424,
        "estimated_landing_time": 1322.0,
        "wait_time": 0,
        "Landing_success_rate": 0.9078
    },
    {
        "model": 2,
        "sequence": 24,
        "status": 1,
        "fuel": 6101,
        "fault": 0.9533,
        "weapon": 1,
        "pilot_injury": 0.1482,
        "pilot_skill": 0.0475,
        "mission_priority": 0.6412,
        "estimated_landing_time": 2262.0,
        "wait_time": 0,
        "Landing_success_rate": 0.8521
    },
    {
        "model": 0,
        "sequence": 18,
        "status": 1,
        "fuel": 6513,
        "fault": 0.6994,
        "weapon": 0,
        "pilot_injury": 0.5391,
        "pilot_skill": 0.1986,
        "mission_priority": 0.5395,
        "estimated_landing_time": 1698.0,
        "wait_time": 0,
        "Landing_success_rate": 0.8728
    },
    {
        "model": 1,
        "sequence": 12,
        "status": 1,
        "fuel": 5532,
        "fault": 0.7515,
        "weapon": 1,
        "pilot_injury": 0.7996,
        "pilot_skill": 0.4619,
        "mission_priority": 0.1487,
        "estimated_landing_time": 1134.0,
        "wait_time": 0,
        "Landing_success_rate": 0.8506
    },
    {
        "model": 1,
        "sequence": 13,
        "status": 1,
        "fuel": 7074,
        "fault": 0.1355,
        "weapon": 1,
        "pilot_injury": 0.7385,
        "pilot_skill": 0.4794,
        "mission_priority": 0.4537,
        "estimated_landing_time": 1228.0,
        "wait_time": 0,
        "Landing_success_rate": 0.9521
    },
    {
        "model": 2,
        "sequence": 16,
        "status": 1,
        "fuel": 6918,
        "fault": 0.3208,
        "weapon": 0,
        "pilot_injury": 0.0329,
        "pilot_skill": 0.2962,
        "mission_priority": 0.8709,
        "estimated_landing_time": 1510.0,
        "wait_time": 0,
        "Landing_success_rate": 0.9222
    },
    {
        "model": 1,
        "sequence": 15,
        "status": 1,
        "fuel": 7046,
        "fault": 0.7051,
        "weapon": 1,
        "pilot_injury": 0.7278,
        "pilot_skill": 0.6219,
        "mission_priority": 0.7605,
        "estimated_landing_time": 1416.0,
        "wait_time": 0,
        "Landing_success_rate": 0.8842
    },
    {
        "model": 2,
        "sequence": 25,
        "status": 1,
        "fuel": 5731,
        "fault": 0.1895,
        "weapon": 1,
        "pilot_injury": 0.8215,
        "pilot_skill": 0.6457,
        "mission_priority": 0.4024,
        "estimated_landing_time": 2356.0,
        "wait_time": 0,
        "Landing_success_rate": 0.864
    },
    {
        "model": 0,
        "sequence": 22,
        "status": 1,
        "fuel": 5784,
        "fault": 0.5552,
        "weapon": 1,
        "pilot_injury": 0.8763,
        "pilot_skill": 0.2722,
        "mission_priority": 0.3421,
        "estimated_landing_time": 2074.0,
        "wait_time": 0,
        "Landing_success_rate": 0.8595
    }
]