[
    {
        "model": 2,
        "sequence": 1,
        "status": 1,
        "fuel": 6978,
        "fault": 0.61,
        "weapon": 1,
        "pilot_injury": 0.0344,
        "pilot_skill": 0.9093,
        "mission_priority": 0.2588,
        "estimated_landing_time": 100.0,
        "wait_time": 0,
        "Landing_success_rate": 0.8932
    },
    {
        "model": 0,
        "sequence": 6,
        "status": 1,
        "fuel": 7395,
        "fault": 0.7554,
        "weapon": 1,
        "pilot_injury": 0.5201,
        "pilot_skill": 0.5467,
        "mission_priority": 0.1849,
        "estimated_landing_time": 570.0,
        "wait_time": 0,
        "Landing_success_rate": 0.8848
    },
    {
        "model": 2,
        "sequence": 21,
        "status": 1,
        "fuel": 6202,
        "fault": 0.8423,
        "weapon": 1,
        "pilot_injury": 0.9395,
        "pilot_skill": 0.8948,
        "mission_priority": 0.5979,
        "estimated_landing_time": 1980.0,
        "wait_time": 0,
        "Landing_success_rate": 0.8583
    },
    {
        "model": 2,
        "sequence": 27,
        "status": 1,
        "fuel": 6315,
        "fault": 0.3265,
        "weapon": 1,
        "pilot_injury": 0.196,
        "pilot_skill": 0.0452,
        "mission_priority": 0.3253,
        "estimated_landing_time": 2544.0,
        "wait_time": 0,
        "Landing_success_rate": 0.8912
    },
    {
        "model": 0,
        "sequence": 14,
        "status": 1,
        "fuel": 6219,
        "fault": 0.7473,
        "weapon": 0,
        "pilot_injury": 0.8287,
        "pilot_skill": 0.3568,
        "mission_priority": 0.2809,
        "estimated_landing_time": 1322.0,
        "wait_time": 0,
        "Landing_success_rate": 0.8636
    },
    {
        "model": 0,
        "sequence": 8,
        "status": 1,
        "fuel": 5879,
        "fault": 0.276,
        "weapon": 0,
        "pilot_injury": 0.8022,
        "pilot_skill": 0.0746,
        "mission_priority": 0.9869,
        "estimated_landing_time": 758.0,
        "wait_time": 0,
        "Landing_success_rate": 0.8706
    },
    {
        "model": 2,
        "sequence": 22,
        "status": 1,
        "fuel": 6867,
        "fault": 0.3949,
        "weapon": 1,
        "pilot_injury": 0.0055,
        "pilot_skill": 0.8155,
        "mission_priority": 0.7069,
        "estimated_landing_time": 2074.0,
        "wait_time": 0,
        "Landing_success_rate": 0.912
    },
    {
        "model": 1,
        "sequence": 11,
        "status": 1,
        "fuel": 7198,
        "fault": 0.7902,
        "weapon": 0,
        "pilot_injury": 0.074,
        "pilot_skill": 0.3585,
        "mission_priority": 0.1159,
        "estimated_landing_time": 1040.0,
        "wait_time": 0,
        "Landing_success_rate": 0.8767
    },
    {
        "model": 2,
        "sequence": 13,
        "status": 1,
        "fuel": 5634,
        "fault": 0.85,
        "weapon": 1,
        "pilot_injury": 0.3309,
        "pilot_skill": 0.0636,
        "mission_priority": 0.311,
        "estimated_landing_time": 1228.0,
        "wait_time": 0,
        "Landing_success_rate": 0.8515
    },
    {
        "model": 2,
        "sequence": 30,
        "status": 1,
        "fuel": 7251,
        "fault": 0.6659,
        "weapon": 1,
        "pilot_injury": 0.6376,
        "pilot_skill": 0.8872,
        "mission_priority": 0.4722,
        "estimated_landing_time": 2826.0,
        "wait_time": 0,
        "Landing_success_rate": 0.8939
    },
    {
        "model": 2,
        "sequence": 25,
        "status": 1,
        "fuel": 6112,
        "fault": 0.9717,
        "weapon": 0,
        "pilot_injury": 0.7608,
        "pilot_skill": 0.5613,
        "mission_priority": 0.771,
        "estimated_landing_time": 2356.0,
        "wait_time": 0,
        "Landing_success_rate": 0.8513
    },
    {
        "model": 2,
        "sequence": 23,
        "status": 1,
        "fuel": 6370,
        "fault": 0.0404,
        "weapon": 0,
        "pilot_injury": 0.4275,
        "pilot_skill": 0.0254,
        "mission_priority": 0.1079,
        "estimated_landing_time": 2168.0,
        "wait_time": 0,
        "Landing_success_rate": 0.9126
    },
    {
        "model": 0,
        "sequence": 17,
        "status": 1,
        "fuel": 7098,
        "fault": 0.8958,
        "weapon": 0,
        "pilot_injury": 0.3144,
        "pilot_skill": 0.5086,
        "mission_priority": 0.9076,
        "estimated_landing_time": 1604.0,
        "wait_time": 0,
        "Landing_success_rate": 0.8625
    },
    {
        "model": 2,
        "sequence": 4,
        "status": 1,
        "fuel": 6930,
        "fault": 0.6044,
        "weapon": 0,
        "pilot_injury": 0.7556,
        "pilot_skill": 0.2288,
        "mission_priority": 0.077,
        "estimated_landing_time": 382.0,
        "wait_time": 0,
        "Landing_success_rate": 0.8924
    },
    {
        "model": 1,
        "sequence": 2,
        "status": 1,
        "fuel": 7222,
        "fault": 0.6948,
        "weapon": 1,
        "pilot_injury": 0.9297,
        "pilot_skill": 0.8081,
        "mission_priority": 0.6334,
        "estimated_landing_time": 194.0,
        "wait_time": 0,
        "Landing_success_rate": 0.8894
    },
    {
        "model": 0,
        "sequence": 18,
        "status": 1,
        "fuel": 6145,
        "fault": 0.4565,
        "weapon": 1,
        "pilot_injury": 0.1866,
        "pilot_skill": 0.8926,
        "mission_priority": 0.5393,
        "estimated_landing_time": 1698.0,
        "wait_time": 0,
        "Landing_success_rate": 0.8763
    },
    {
        "model": 1,
        "sequence": 9,
        "status": 1,
        "fuel": 7029,
        "fault": 0.1221,
        "weapon": 0,
        "pilot_injury": 0.318,
        "pilot_skill": 0.1101,
        "mission_priority": 0.2279,
        "estimated_landing_time": 852.0,
        "wait_time": 0,
        "Landing_success_rate": 0.9507
    },
    {
        "model": 1,
        "sequence": 7,
        "status": 1,
        "fuel": 7481,
        "fault": 0.0005,
        "weapon": 0,
        "pilot_injury": 0.8607,
        "pilot_skill": 0.007,
        "mission_priority": 0.5107,
        "estimated_landing_time": 664.0,
        "wait_time": 0,
        "Landing_success_rate": 0.9985
    },
    {
        "model": 1,
        "sequence": 24,
        "status": 1,
        "fuel": 6148,
        "fault": 0.4848,
        "weapon": 0,
        "pilot_injury": 0.1199,
        "pilot_skill": 0.3376,
        "mission_priority": 0.9429,
        "estimated_landing_time": 2262.0,
        "wait_time": 0,
        "Landing_success_rate": 0.875
    },
    {
        "model": 1,
        "sequence": 5,
        "status": 1,
        "fuel": 6897,
        "fault": 0.2188,
        "weapon": 1,
        "pilot_injury": 0.703,
        "pilot_skill": 0.3636,
        "mission_priority": 0.9718,
        "estimated_landing_time": 476.0,
        "wait_time": 0,
        "Landing_success_rate": 0.9319
    },
    {
        "model": 0,
        "sequence": 3,
        "status": 1,
        "fuel": 6063,
        "fault": 0.2469,
        "weapon": 0,
        "pilot_injury": 0.4972,
        "pilot_skill": 0.3009,
        "mission_priority": 0.2848,
        "estimated_landing_time": 288.0,
        "wait_time": 0,
        "Landing_success_rate": 0.8818
    },
    {
        "model": 0,
        "sequence": 20,
        "status": 1,
        "fuel": 6604,
        "fault": 0.2668,
        "weapon": 1,
        "pilot_injury": 0.5027,
        "pilot_skill": 0.0515,
        "mission_priority": 0.2786,
        "estimated_landing_time": 1886.0,
        "wait_time": 0,
        "Landing_success_rate": 0.9107
    },
    {
        "model": 1,
        "sequence": 12,
        "status": 1,
        "fuel": 6748,
        "fault": 0.6344,
        "weapon": 1,
        "pilot_injury": 0.1449,
        "pilot_skill": 0.4895,
        "mission_priority": 0.9857,
        "estimated_landing_time": 1134.0,
        "wait_time": 0,
        "Landing_success_rate": 0.8842
    },
    {
        "model": 1,
        "sequence": 19,
        "status": 1,
        "fuel": 6939,
        "fault": 0.5927,
        "weapon": 0,
        "pilot_injury": 0.7616,
        "pilot_skill": 0.2376,
        "mission_priority": 0.7282,
        "estimated_landing_time": 1792.0,
        "wait_time": 0,
        "Landing_success_rate": 0.894
    },
    {
        "model": 0,
        "sequence": 26,
        "status": 1,
        "fuel": 5779,
        "fault": 0.4703,
        "weapon": 1,
        "pilot_injury": 0.6335,
        "pilot_skill": 0.5358,
        "mission_priority": 0.0903,
        "estimated_landing_time": 2450.0,
        "wait_time": 0,
        "Landing_success_rate": 0.8611
    },
    {
        "model": 0,
        "sequence": 15,
        "status": 1,
        "fuel": 6108,
        "fault": 0.1507,
        "weapon": 0,
        "pilot_injury": 0.1865,
        "pilot_skill": 0.0408,
        "mission_priority": 0.5909,
        "estimated_landing_time": 1416.0,
        "wait_time": 0,
        "Landing_success_rate": 0.8887
    },
    {
        "model": 0,
        "sequence": 16,
        "status": 1,
        "fuel": 6454,
        "fault": 0.2202,
        "weapon": 1,
        "pilot_injury": 0.5121,
        "pilot_skill": 0.2265,
        "mission_priority": 0.6452,
        "estimated_landing_time": 1510.0,
        "wait_time": 0,
        "Landing_success_rate": 0.9058
    },
    {
        "model": 2,
        "sequence": 29,
        "status": 1,
        "fuel": 7343,
        "fault": 0.9405,
        "weapon": 1,
        "pilot_injury": 0.3867,
        "pilot_skill": 0.9367,
        "mission_priority": 0.1375,
        "estimated_landing_time": 2732.0,
        "wait_time": 0,
        "Landing_success_rate": 0.8582
    },
    {
        "model": 2,
        "sequence": 28,
        "status": 1,
        "fuel": 7476,
        "fault": 0.1135,
        "weapon": 0,
        "pilot_injury": 0.5414,
        "pilot_skill": 0.6958,
        "mission_priority": 0.2286,
        "estimated_landing_time": 2638.0,
        "wait_time": 0,
        "Landing_success_rate": 0.9814
    },
    {
        "model": 2,
        "sequence": 10,
        "status": 1,
        "fuel": 5643,
        "fault": 0.8172,
        "weapon": 0,
        "pilot_injury": 0.5166,
        "pilot_skill": 0.2608,
        "mission_priority": 0.9963,
        "estimated_landing_time": 946.0,
        "wait_time": 0,
        "Landing_success_rate": 0.852
    }
]