[
    {
        "model": 1,
        "sequence": 6,
        "status": 1,
        "fuel": 7321,
        "fault": 0.093,
        "weapon": 0,
        "pilot_injury": 0.5746,
        "pilot_skill": 0.5148,
        "mission_priority": 0.5133,
        "estimated_landing_time": 570.0,
        "wait_time": 0,
        "Landing_success_rate": 0.9739
    },
    {
        "model": 0,
        "sequence": 11,
        "status": 1,
        "fuel": 6848,
        "fault": 0.1414,
        "weapon": 1,
        "pilot_injury": 0.4524,
        "pilot_skill": 0.7336,
        "mission_priority": 0.84,
        "estimated_landing_time": 1040.0,
        "wait_time": 0,
        "Landing_success_rate": 0.9368
    },
    {
        "model": 1,
        "sequence": 24,
        "status": 1,
        "fuel": 6879,
        "fault": 0.1668,
        "weapon": 1,
        "pilot_injury": 0.2368,
        "pilot_skill": 0.1649,
        "mission_priority": 0.1246,
        "estimated_landing_time": 2262.0,
        "wait_time": 0,
        "Landing_success_rate": 0.9362
    },
    {
        "model": 0,
        "sequence": 14,
        "status": 1,
        "fuel": 6413,
        "fault": 0.5373,
        "weapon": 0,
        "pilot_injury": 0.2183,
        "pilot_skill": 0.0547,
        "mission_priority": 0.0177,
        "estimated_landing_time": 1322.0,
        "wait_time": 0,
        "Landing_success_rate": 0.8817
    },
    {
        "model": 0,
        "sequence": 20,
        "status": 1,
        "fuel": 6808,
        "fault": 0.039,
        "weapon": 0,
        "pilot_injury": 0.431,
        "pilot_skill": 0.5105,
        "mission_priority": 0.1406,
        "estimated_landing_time": 1886.0,
        "wait_time": 0,
        "Landing_success_rate": 0.9443
    },
    {
        "model": 2,
        "sequence": 29,
        "status": 1,
        "fuel": 5978,
        "fault": 0.9916,
        "weapon": 0,
        "pilot_injury": 0.1834,
        "pilot_skill": 0.0068,
        "mission_priority": 0.467,
        "estimated_landing_time": 2732.0,
        "wait_time": 0,
        "Landing_success_rate": 0.8503
    },
    {
        "model": 1,
        "sequence": 21,
        "status": 1,
        "fuel": 7388,
        "fault": 0.9856,
        "weapon": 0,
        "pilot_injury": 0.1318,
        "pilot_skill": 0.887,
        "mission_priority": 0.275,
        "estimated_landing_time": 1980.0,
        "wait_time": 0,
        "Landing_success_rate": 0.852
    },
    {
        "model": 2,
        "sequence": 8,
        "status": 1,
        "fuel": 6820,
        "fault": 0.7807,
        "weapon": 0,
        "pilot_injury": 0.8171,
        "pilot_skill": 0.4483,
        "mission_priority": 0.4892,
        "estimated_landing_time": 758.0,
        "wait_time": 0,
        "Landing_success_rate": 0.8717
    },
    {
        "model": 2,
        "sequence": 27,
        "status": 1,
        "fuel": 5769,
        "fault": 0.4378,
        "weapon": 0,
        "pilot_injury": 0.5734,
        "pilot_skill": 0.0983,
        "mission_priority": 0.4493,
        "estimated_landing_time": 2544.0,
        "wait_time": 0,
        "Landing_success_rate": 0.8613
    },
    {
        "model": 0,
        "sequence": 19,
        "status": 1,
        "fuel": 6694,
        "fault": 0.1748,
        "weapon": 0,
        "pilot_injury": 0.2393,
        "pilot_skill": 0.6241,
        "mission_priority": 0.4741,
        "estimated_landing_time": 1792.0,
        "wait_time": 0,
        "Landing_success_rate": 0.9239
    },
    {
        "model": 2,
        "sequence": 28,
        "status": 1,
        "fuel": 7181,
        "fault": 0.268,
        "weapon": 0,
        "pilot_injury": 0.0037,
        "pilot_skill": 0.1626,
        "mission_priority": 0.3495,
        "estimated_landing_time": 2638.0,
        "wait_time": 0,
        "Landing_success_rate": 0.9423
    },
    {
        "model": 1,
        "sequence": 13,
        "status": 1,
        "fuel": 5889,
        "fault": 0.7194,
        "weapon": 0,
        "pilot_injury": 0.6806,
        "pilot_skill": 0.2996,
        "mission_priority": 0.4577,
        "estimated_landing_time": 1228.0,
        "wait_time": 0,
        "Landing_success_rate": 0.8582
    },
    {
        "model": 2,
        "sequence": 4,
        "status": 1,
        "fuel": 7468,
        "fault": 0.823,
        "weapon": 1,
        "pilot_injury": 0.9354,
        "pilot_skill": 0.9798,
        "mission_priority": 0.8686,
        "estimated_landing_time": 382.0,
        "wait_time": 0,
        "Landing_success_rate": 0.8761
    },
    {
        "model": 2,
        "sequence": 22,
        "status": 1,
        "fuel": 6373,
        "fault": 0.1075,
        "weapon": 0,
        "pilot_injury": 0.5796,
        "pilot_skill": 0.9126,
        "mission_priority": 0.1774,
        "estimated_landing_time": 2074.0,
        "wait_time": 0,
        "Landing_success_rate": 0.9084
    },
    {
        "model": 0,
        "sequence": 30,
        "status": 1,
        "fuel": 5611,
        "fault": 0.9994,
        "weapon": 1,
        "pilot_injury": 0.0768,
        "pilot_skill": 0.4137,
        "mission_priority": 0.6789,
        "estimated_landing_time": 2826.0,
        "wait_time": 0,
        "Landing_success_rate": 0.85
    },
    {
        "model": 1,
        "sequence": 2,
        "status": 1,
        "fuel": 6575,
        "fault": 0.9158,
        "weapon": 1,
        "pilot_injury": 0.77,
        "pilot_skill": 0.6302,
        "mission_priority": 0.9885,
        "estimated_landing_time": 194.0,
        "wait_time": 0,
        "Landing_success_rate": 0.8568
    },
    {
        "model": 2,
        "sequence": 15,
        "status": 1,
        "fuel": 6056,
        "fault": 0.9644,
        "weapon": 1,
        "pilot_injury": 0.7344,
        "pilot_skill": 0.5217,
        "mission_priority": 0.2132,
        "estimated_landing_time": 1416.0,
        "wait_time": 0,
        "Landing_success_rate": 0.8515
    },
    {
        "model": 0,
        "sequence": 16,
        "status": 1,
        "fuel": 6552,
        "fault": 0.816,
        "weapon": 0,
        "pilot_injury": 0.2607,
        "pilot_skill": 0.0925,
        "mission_priority": 0.3994,
        "estimated_landing_time": 1510.0,
        "wait_time": 0,
        "Landing_success_rate": 0.8645
    },
    {
        "model": 2,
        "sequence": 5,
        "status": 1,
        "fuel": 6014,
        "fault": 0.6297,
        "weapon": 0,
        "pilot_injury": 0.709,
        "pilot_skill": 0.9061,
        "mission_priority": 0.1377,
        "estimated_landing_time": 476.0,
        "wait_time": 0,
        "Landing_success_rate": 0.8643
    },
    {
        "model": 1,
        "sequence": 1,
        "status": 1,
        "fuel": 5970,
        "fault": 0.2815,
        "weapon": 0,
        "pilot_injury": 0.1436,
        "pilot_skill": 0.6579,
        "mission_priority": 0.7275,
        "estimated_landing_time": 100.0,
        "wait_time": 0,
        "Landing_success_rate": 0.8753
    },
    {
        "model": 2,
        "sequence": 17,
        "status": 1,
        "fuel": 5546,
        "fault": 0.9288,
        "weapon": 1,
        "pilot_injury": 0.3059,
        "pilot_skill": 0.4831,
        "mission_priority": 0.0632,
        "estimated_landing_time": 1604.0,
        "wait_time": 0,
        "Landing_success_rate": 0.8502
    },
    {
        "model": 2,
        "sequence": 25,
        "status": 1,
        "fuel": 6853,
        "fault": 0.7319,
        "weapon": 0,
        "pilot_injury": 0.3608,
        "pilot_skill": 0.7528,
        "mission_priority": 0.5,
        "estimated_landing_time": 2356.0,
        "wait_time": 0,
        "Landing_success_rate": 0.8772
    },
    {
        "model": 0,
        "sequence": 12,
        "status": 1,
        "fuel": 7290,
        "fault": 0.3615,
        "weapon": 0,
        "pilot_injury": 0.2999,
        "pilot_skill": 0.0344,
        "mission_priority": 0.6349,
        "estimated_landing_time": 1134.0,
        "wait_time": 0,
        "Landing_success_rate": 0.9357
    },
    {
        "model": 2,
        "sequence": 3,
        "status": 1,
        "fuel": 6931,
        "fault": 0.4321,
        "weapon": 0,
        "pilot_injury": 0.3903,
        "pilot_skill": 0.891,
        "mission_priority": 0.8136,
        "estimated_landing_time": 288.0,
        "wait_time": 0,
        "Landing_success_rate": 0.9109
    },
    {
        "model": 0,
        "sequence": 26,
        "status": 1,
        "fuel": 7007,
        "fault": 0.6043,
        "weapon": 0,
        "pilot_injury": 0.9102,
        "pilot_skill": 0.1544,
        "mission_priority": 0.6268,
        "estimated_landing_time": 2450.0,
        "wait_time": 0,
        "Landing_success_rate": 0.8947
    },
    {
        "model": 1,
        "sequence": 7,
        "status": 1,
        "fuel": 6447,
        "fault": 0.0167,
        "weapon": 1,
        "pilot_injury": 0.2771,
        "pilot_skill": 0.4497,
        "mission_priority": 0.3453,
        "estimated_landing_time": 664.0,
        "wait_time": 0,
        "Landing_success_rate": 0.9198
    },
    {
        "model": 2,
        "sequence": 23,
        "status": 1,
        "fuel": 5880,
        "fault": 0.32,
        "weapon": 1,
        "pilot_injury": 0.882,
        "pilot_skill": 0.9591,
        "mission_priority": 0.1923,
        "estimated_landing_time": 2168.0,
        "wait_time": 0,
        "Landing_success_rate": 0.8694
    },
    {
        "model": 1,
        "sequence": 18,
        "status": 1,
        "fuel": 7011,
        "fault": 0.8638,
        "weapon": 0,
        "pilot_injury": 0.3434,
        "pilot_skill": 0.0191,
        "mission_priority": 0.6898,
        "estimated_landing_time": 1698.0,
        "wait_time": 0,
        "Landing_success_rate": 0.8654
    },
    {
        "model": 1,
        "sequence": 10,
        "status": 1,
        "fuel": 6422,
        "fault": 0.02,
        "weapon": 1,
        "pilot_injury": 0.4353,
        "pilot_skill": 0.5252,
        "mission_priority": 0.1996,
        "estimated_landing_time": 946.0,
        "wait_time": 0,
        "Landing_success_rate": 0.9178
    },
    {
        "model": 2,
        "sequence": 9,
        "status": 1,
        "fuel": 5912,
        "fault": 0.4227,
        "weapon": 0,
        "pilot_injury": 0.1455,
        "pilot_skill": 0.878,
        "mission_priority": 0.2692,
        "estimated_landing_time": 852.0,
        "wait_time": 0,
        "Landing_success_rate": 0.8678
    }
]