[
    {
        "model": 1,
        "sequence": 5,
        "status": 1,
        "fuel": 6261,
        "fault": 0.674,
        "weapon": 1,
        "pilot_injury": 0.3332,
        "pilot_skill": 0.9451,
        "mission_priority": 0.8045,
        "estimated_landing_time": 476.0,
        "wait_time": 0,
        "Landing_success_rate": 0.8686
    },
    {
        "model": 0,
        "sequence": 13,
        "status": 1,
        "fuel": 6514,
        "fault": 0.1477,
        "weapon": 1,
        "pilot_injury": 0.4804,
        "pilot_skill": 0.1065,
        "mission_priority": 0.8395,
        "estimated_landing_time": 1228.0,
        "wait_time": 0,
        "Landing_success_rate": 0.9148
    },
    {
        "model": 1,
        "sequence": 30,
        "status": 1,
        "fuel": 5679,
        "fault": 0.6674,
        "weapon": 1,
        "pilot_injury": 0.2094,
        "pilot_skill": 0.5573,
        "mission_priority": 0.6844,
        "estimated_landing_time": 2826.0,
        "wait_time": 0,
        "Landing_success_rate": 0.8545
    },
    {
        "model": 2,
        "sequence": 3,
        "status": 1,
        "fuel": 6464,
        "fault": 0.0823,
        "weapon": 0,
        "pilot_injury": 0.1931,
        "pilot_skill": 0.22,
        "mission_priority": 0.9207,
        "estimated_landing_time": 288.0,
        "wait_time": 0,
        "Landing_success_rate": 0.9163
    },
    {
        "model": 1,
        "sequence": 16,
        "status": 1,
        "fuel": 6407,
        "fault": 0.7512,
        "weapon": 1,
        "pilot_injury": 0.794,
        "pilot_skill": 0.3566,
        "mission_priority": 0.7672,
        "estimated_landing_time": 1510.0,
        "wait_time": 0,
        "Landing_success_rate": 0.8669
    },
    {
        "model": 1,
        "sequence": 25,
        "status": 1,
        "fuel": 6716,
        "fault": 0.8308,
        "weapon": 0,
        "pilot_injury": 0.4168,
        "pilot_skill": 0.7164,
        "mission_priority": 0.9008,
        "estimated_landing_time": 2356.0,
        "wait_time": 0,
        "Landing_success_rate": 0.8654
    },
    {
        "model": 2,
        "sequence": 18,
        "status": 1,
        "fuel": 6563,
        "fault": 0.846,
        "weapon": 0,
        "pilot_injury": 0.9193,
        "pilot_skill": 0.9462,
        "mission_priority": 0.4841,
        "estimated_landing_time": 1698.0,
        "wait_time": 0,
        "Landing_success_rate": 0.8623
    },
    {
        "model": 1,
        "sequence": 1,
        "status": 1,
        "fuel": 6124,
        "fault": 0.3282,
        "weapon": 1,
        "pilot_injury": 0.4988,
        "pilot_skill": 0.9345,
        "mission_priority": 0.1498,
        "estimated_landing_time": 100.0,
        "wait_time": 0,
        "Landing_success_rate": 0.8814
    },
    {
        "model": 1,
        "sequence": 17,
        "status": 1,
        "fuel": 6874,
        "fault": 0.4506,
        "weapon": 0,
        "pilot_injury": 0.3491,
        "pilot_skill": 0.7681,
        "mission_priority": 0.3893,
        "estimated_landing_time": 1604.0,
        "wait_time": 0,
        "Landing_success_rate": 0.9066
    },
    {
        "model": 2,
        "sequence": 10,
        "status": 1,
        "fuel": 6688,
        "fault": 0.9711,
        "weapon": 1,
        "pilot_injury": 0.3878,
        "pilot_skill": 0.8451,
        "mission_priority": 0.9884,
        "estimated_landing_time": 946.0,
        "wait_time": 0,
        "Landing_success_rate": 0.8526
    },
    {
        "model": 0,
        "sequence": 20,
        "status": 1,
        "fuel": 6212,
        "fault": 0.5329,
        "weapon": 0,
        "pilot_injury": 0.4858,
        "pilot_skill": 0.3034,
        "mission_priority": 0.314,
        "estimated_landing_time": 1886.0,
        "wait_time": 0,
        "Landing_success_rate": 0.8749
    },
    {
        "model": 0,
        "sequence": 15,
        "status": 1,
        "fuel": 7064,
        "fault": 0.0764,
        "weapon": 0,
        "pilot_injury": 0.7111,
        "pilot_skill": 0.5363,
        "mission_priority": 0.8981,
        "estimated_landing_time": 1416.0,
        "wait_time": 0,
        "Landing_success_rate": 0.9583
    },
    {
        "model": 1,
        "sequence": 29,
        "status": 1,
        "fuel": 6669,
        "fault": 0.6228,
        "weapon": 1,
        "pilot_injury": 0.5058,
        "pilot_skill": 0.7505,
        "mission_priority": 0.1932,
        "estimated_landing_time": 2732.0,
        "wait_time": 0,
        "Landing_success_rate": 0.8831
    },
    {
        "model": 0,
        "sequence": 24,
        "status": 1,
        "fuel": 5996,
        "fault": 0.5061,
        "weapon": 0,
        "pilot_injury": 0.1376,
        "pilot_skill": 0.8894,
        "mission_priority": 0.9136,
        "estimated_landing_time": 2262.0,
        "wait_time": 0,
        "Landing_success_rate": 0.8684
    },
    {
        "model": 0,
        "sequence": 27,
        "status": 1,
        "fuel": 7229,
        "fault": 0.0954,
        "weapon": 1,
        "pilot_injury": 0.3632,
        "pilot_skill": 0.8583,
        "mission_priority": 0.8247,
        "estimated_landing_time": 2544.0,
        "wait_time": 0,
        "Landing_success_rate": 0.9673
    },
    {
        "model": 1,
        "sequence": 12,
        "status": 1,
        "fuel": 5849,
        "fault": 0.5826,
        "weapon": 0,
        "pilot_injury": 0.7632,
        "pilot_skill": 0.6084,
        "mission_priority": 0.3654,
        "estimated_landing_time": 1134.0,
        "wait_time": 0,
        "Landing_success_rate": 0.8609
    },
    {
        "model": 2,
        "sequence": 23,
        "status": 1,
        "fuel": 6487,
        "fault": 0.5173,
        "weapon": 0,
        "pilot_injury": 0.9949,
        "pilot_skill": 0.4674,
        "mission_priority": 0.7237,
        "estimated_landing_time": 2168.0,
        "wait_time": 0,
        "Landing_success_rate": 0.8857
    },
    {
        "model": 0,
        "sequence": 2,
        "status": 1,
        "fuel": 5731,
        "fault": 0.788,
        "weapon": 0,
        "pilot_injury": 0.4103,
        "pilot_skill": 0.5046,
        "mission_priority": 0.3669,
        "estimated_landing_time": 194.0,
        "wait_time": 0,
        "Landing_success_rate": 0.8537
    },
    {
        "model": 1,
        "sequence": 9,
        "status": 1,
        "fuel": 6466,
        "fault": 0.0419,
        "weapon": 1,
        "pilot_injury": 0.8829,
        "pilot_skill": 0.2277,
        "mission_priority": 0.8959,
        "estimated_landing_time": 852.0,
        "wait_time": 0,
        "Landing_success_rate": 0.9194
    },
    {
        "model": 2,
        "sequence": 8,
        "status": 1,
        "fuel": 7229,
        "fault": 0.3352,
        "weapon": 1,
        "pilot_injury": 0.7268,
        "pilot_skill": 0.3047,
        "mission_priority": 0.053,
        "estimated_landing_time": 758.0,
        "wait_time": 0,
        "Landing_success_rate": 0.9362
    },
    {
        "model": 0,
        "sequence": 4,
        "status": 1,
        "fuel": 6040,
        "fault": 0.5399,
        "weapon": 1,
        "pilot_injury": 0.327,
        "pilot_skill": 0.6296,
        "mission_priority": 0.6601,
        "estimated_landing_time": 382.0,
        "wait_time": 0,
        "Landing_success_rate": 0.8686
    },
    {
        "model": 2,
        "sequence": 14,
        "status": 1,
        "fuel": 7435,
        "fault": 0.4457,
        "weapon": 0,
        "pilot_injury": 0.4326,
        "pilot_skill": 0.1664,
        "mission_priority": 0.3189,
        "estimated_landing_time": 1322.0,
        "wait_time": 0,
        "Landing_success_rate": 0.9304
    },
    {
        "model": 1,
        "sequence": 11,
        "status": 1,
        "fuel": 6387,
        "fault": 0.1054,
        "weapon": 0,
        "pilot_injury": 0.0131,
        "pilot_skill": 0.3158,
        "mission_priority": 0.7798,
        "estimated_landing_time": 1040.0,
        "wait_time": 0,
        "Landing_success_rate": 0.9095
    },
    {
        "model": 2,
        "sequence": 6,
        "status": 1,
        "fuel": 6673,
        "fault": 0.7523,
        "weapon": 0,
        "pilot_injury": 0.8118,
        "pilot_skill": 0.7832,
        "mission_priority": 0.6822,
        "estimated_landing_time": 570.0,
        "wait_time": 0,
        "Landing_success_rate": 0.8718
    },
    {
        "model": 2,
        "sequence": 22,
        "status": 1,
        "fuel": 5596,
        "fault": 0.9638,
        "weapon": 0,
        "pilot_injury": 0.5691,
        "pilot_skill": 0.2028,
        "mission_priority": 0.2928,
        "estimated_landing_time": 2074.0,
        "wait_time": 0,
        "Landing_success_rate": 0.8503
    },
    {
        "model": 1,
        "sequence": 26,
        "status": 1,
        "fuel": 7331,
        "fault": 0.0665,
        "weapon": 0,
        "pilot_injury": 0.1787,
        "pilot_skill": 0.0823,
        "mission_priority": 0.8815,
        "estimated_landing_time": 2450.0,
        "wait_time": 0,
        "Landing_success_rate": 0.9782
    },
    {
        "model": 0,
        "sequence": 21,
        "status": 1,
        "fuel": 5569,
        "fault": 0.8181,
        "weapon": 0,
        "pilot_injury": 0.3773,
        "pilot_skill": 0.6602,
        "mission_priority": 0.3299,
        "estimated_landing_time": 1980.0,
        "wait_time": 0,
        "Landing_success_rate": 0.8509
    },
    {
        "model": 0,
        "sequence": 7,
        "status": 1,
        "fuel": 5773,
        "fault": 0.9194,
        "weapon": 0,
        "pilot_injury": 0.038,
        "pilot_skill": 0.2085,
        "mission_priority": 0.2861,
        "estimated_landing_time": 664.0,
        "wait_time": 0,
        "Landing_success_rate": 0.8517
    },
    {
        "model": 2,
        "sequence": 28,
        "status": 1,
        "fuel": 5963,
        "fault": 0.5136,
        "weapon": 0,
        "pilot_injury": 0.7556,
        "pilot_skill": 0.1643,
        "mission_priority": 0.9139,
        "estimated_landing_time": 2638.0,
        "wait_time": 0,
        "Landing_success_rate": 0.8669
    },
    {
        "model": 2,
        "sequence": 19,
        "status": 1,
        "fuel": 5978,
        "fault": 0.4643,
        "weapon": 1,
        "pilot_injury": 0.2254,
        "pilot_skill": 0.2403,
        "mission_priority": 0.5747,
        "estimated_landing_time": 1792.0,
        "wait_time": 0,
        "Landing_success_rate": 0.8692
    }
]