[
    {
        "model": 1,
        "sequence": 1,
        "status": 1,
        "fuel": 5905,
        "fault": 0.7522,
        "weapon": 1,
        "pilot_injury": 0.5439,
        "pilot_skill": 0.177,
        "mission_priority": 0.77,
        "estimated_landing_time": 100.0,
        "wait_time": 0,
        "Landing_success_rate": 0.8575
    },
    {
        "model": 2,
        "sequence": 27,
        "status": 1,
        "fuel": 5954,
        "fault": 0.505,
        "weapon": 1,
        "pilot_injury": 0.9374,
        "pilot_skill": 0.0128,
        "mission_priority": 0.7259,
        "estimated_landing_time": 2544.0,
        "wait_time": 0,
        "Landing_success_rate": 0.8669
    },
    {
        "model": 2,
        "sequence": 28,
        "status": 1,
        "fuel": 5761,
        "fault": 0.4526,
        "weapon": 0,
        "pilot_injury": 0.2915,
        "pilot_skill": 0.3213,
        "mission_priority": 0.0152,
        "estimated_landing_time": 2638.0,
        "wait_time": 0,
        "Landing_success_rate": 0.8607
    },
    {
        "model": 0,
        "sequence": 11,
        "status": 1,
        "fuel": 5664,
        "fault": 0.5989,
        "weapon": 1,
        "pilot_injury": 0.6544,
        "pilot_skill": 0.878,
        "mission_priority": 0.9013,
        "estimated_landing_time": 1040.0,
        "wait_time": 0,
        "Landing_success_rate": 0.8549
    },
    {
        "model": 2,
        "sequence": 18,
        "status": 1,
        "fuel": 6164,
        "fault": 0.3118,
        "weapon": 0,
        "pilot_injury": 0.011,
        "pilot_skill": 0.8463,
        "mission_priority": 0.8164,
        "estimated_landing_time": 1698.0,
        "wait_time": 0,
        "Landing_success_rate": 0.8843
    },
    {
        "model": 0,
        "sequence": 2,
        "status": 1,
        "fuel": 6380,
        "fault": 0.5599,
        "weapon": 0,
        "pilot_injury": 0.9067,
        "pilot_skill": 0.1814,
        "mission_priority": 0.3526,
        "estimated_landing_time": 194.0,
        "wait_time": 0,
        "Landing_success_rate": 0.879
    },
    {
        "model": 0,
        "sequence": 20,
        "status": 1,
        "fuel": 7322,
        "fault": 0.5768,
        "weapon": 0,
        "pilot_injury": 0.0419,
        "pilot_skill": 0.279,
        "mission_priority": 0.2949,
        "estimated_landing_time": 1886.0,
        "wait_time": 0,
        "Landing_success_rate": 0.9078
    },
    {
        "model": 1,
        "sequence": 26,
        "status": 1,
        "fuel": 6131,
        "fault": 0.087,
        "weapon": 1,
        "pilot_injury": 0.4472,
        "pilot_skill": 0.3807,
        "mission_priority": 0.1207,
        "estimated_landing_time": 2450.0,
        "wait_time": 0,
        "Landing_success_rate": 0.8932
    },
    {
        "model": 0,
        "sequence": 10,
        "status": 1,
        "fuel": 6816,
        "fault": 0.9314,
        "weapon": 0,
        "pilot_injury": 0.5409,
        "pilot_skill": 0.4764,
        "mission_priority": 0.6493,
        "estimated_landing_time": 946.0,
        "wait_time": 0,
        "Landing_success_rate": 0.8568
    },
    {
        "model": 1,
        "sequence": 4,
        "status": 1,
        "fuel": 7032,
        "fault": 0.1032,
        "weapon": 1,
        "pilot_injury": 0.4043,
        "pilot_skill": 0.984,
        "mission_priority": 0.1823,
        "estimated_landing_time": 382.0,
        "wait_time": 0,
        "Landing_success_rate": 0.953
    },
    {
        "model": 0,
        "sequence": 12,
        "status": 1,
        "fuel": 5932,
        "fault": 0.3663,
        "weapon": 0,
        "pilot_injury": 0.122,
        "pilot_skill": 0.5872,
        "mission_priority": 0.2974,
        "estimated_landing_time": 1134.0,
        "wait_time": 0,
        "Landing_success_rate": 0.8705
    },
    {
        "model": 1,
        "sequence": 14,
        "status": 1,
        "fuel": 5573,
        "fault": 0.0576,
        "weapon": 1,
        "pilot_injury": 0.208,
        "pilot_skill": 0.5456,
        "mission_priority": 0.795,
        "estimated_landing_time": 1322.0,
        "wait_time": 0,
        "Landing_success_rate": 0.8552
    },
    {
        "model": 2,
        "sequence": 22,
        "status": 1,
        "fuel": 5620,
        "fault": 0.5021,
        "weapon": 1,
        "pilot_injury": 0.7734,
        "pilot_skill": 0.1036,
        "mission_priority": 0.9028,
        "estimated_landing_time": 2074.0,
        "wait_time": 0,
        "Landing_success_rate": 0.8545
    },
    {
        "model": 0,
        "sequence": 19,
        "status": 1,
        "fuel": 5922,
        "fault": 0.7822,
        "weapon": 0,
        "pilot_injury": 0.5893,
        "pilot_skill": 0.175,
        "mission_priority": 0.6797,
        "estimated_landing_time": 1792.0,
        "wait_time": 0,
        "Landing_success_rate": 0.8569
    },
    {
        "model": 1,
        "sequence": 24,
        "status": 1,
        "fuel": 6625,
        "fault": 0.9339,
        "weapon": 0,
        "pilot_injury": 0.9125,
        "pilot_skill": 0.6732,
        "mission_priority": 0.546,
        "estimated_landing_time": 2262.0,
        "wait_time": 0,
        "Landing_success_rate": 0.8556
    },
    {
        "model": 0,
        "sequence": 17,
        "status": 1,
        "fuel": 5842,
        "fault": 0.8904,
        "weapon": 0,
        "pilot_injury": 0.7075,
        "pilot_skill": 0.8137,
        "mission_priority": 0.1258,
        "estimated_landing_time": 1604.0,
        "wait_time": 0,
        "Landing_success_rate": 0.8528
    },
    {
        "model": 1,
        "sequence": 8,
        "status": 1,
        "fuel": 6460,
        "fault": 0.9079,
        "weapon": 0,
        "pilot_injury": 0.3499,
        "pilot_skill": 0.7893,
        "mission_priority": 0.0995,
        "estimated_landing_time": 758.0,
        "wait_time": 0,
        "Landing_success_rate": 0.8566
    },
    {
        "model": 1,
        "sequence": 5,
        "status": 1,
        "fuel": 6476,
        "fault": 0.5587,
        "weapon": 1,
        "pilot_injury": 0.373,
        "pilot_skill": 0.2912,
        "mission_priority": 0.867,
        "estimated_landing_time": 476.0,
        "wait_time": 0,
        "Landing_success_rate": 0.8823
    },
    {
        "model": 0,
        "sequence": 7,
        "status": 1,
        "fuel": 6399,
        "fault": 0.479,
        "weapon": 1,
        "pilot_injury": 0.741,
        "pilot_skill": 0.6754,
        "mission_priority": 0.2817,
        "estimated_landing_time": 664.0,
        "wait_time": 0,
        "Landing_success_rate": 0.8851
    },
    {
        "model": 0,
        "sequence": 21,
        "status": 1,
        "fuel": 6743,
        "fault": 0.054,
        "weapon": 0,
        "pilot_injury": 0.2499,
        "pilot_skill": 0.8166,
        "mission_priority": 0.4653,
        "estimated_landing_time": 1980.0,
        "wait_time": 0,
        "Landing_success_rate": 0.9382
    },
    {
        "model": 2,
        "sequence": 30,
        "status": 1,
        "fuel": 5521,
        "fault": 0.9667,
        "weapon": 0,
        "pilot_injury": 0.2871,
        "pilot_skill": 0.8454,
        "mission_priority": 0.1167,
        "estimated_landing_time": 2826.0,
        "wait_time": 0,
        "Landing_success_rate": 0.8501
    },
    {
        "model": 2,
        "sequence": 25,
        "status": 1,
        "fuel": 7397,
        "fault": 0.5363,
        "weapon": 0,
        "pilot_injury": 0.3417,
        "pilot_skill": 0.3294,
        "mission_priority": 0.6872,
        "estimated_landing_time": 2356.0,
        "wait_time": 0,
        "Landing_success_rate": 0.916
    },
    {
        "model": 2,
        "sequence": 9,
        "status": 1,
        "fuel": 7429,
        "fault": 0.3345,
        "weapon": 0,
        "pilot_injury": 0.325,
        "pilot_skill": 0.5339,
        "mission_priority": 0.6532,
        "estimated_landing_time": 852.0,
        "wait_time": 0,
        "Landing_success_rate": 0.9463
    },
    {
        "model": 0,
        "sequence": 6,
        "status": 1,
        "fuel": 6087,
        "fault": 0.8774,
        "weapon": 0,
        "pilot_injury": 0.6544,
        "pilot_skill": 0.6252,
        "mission_priority": 0.9042,
        "estimated_landing_time": 570.0,
        "wait_time": 0,
        "Landing_success_rate": 0.8554
    },
    {
        "model": 2,
        "sequence": 3,
        "status": 1,
        "fuel": 7098,
        "fault": 0.8111,
        "weapon": 0,
        "pilot_injury": 0.1451,
        "pilot_skill": 0.7619,
        "mission_priority": 0.9569,
        "estimated_landing_time": 288.0,
        "wait_time": 0,
        "Landing_success_rate": 0.8726
    },
    {
        "model": 1,
        "sequence": 15,
        "status": 1,
        "fuel": 6511,
        "fault": 0.611,
        "weapon": 0,
        "pilot_injury": 0.6835,
        "pilot_skill": 0.2288,
        "mission_priority": 0.998,
        "estimated_landing_time": 1416.0,
        "wait_time": 0,
        "Landing_success_rate": 0.8795
    },
    {
        "model": 0,
        "sequence": 23,
        "status": 1,
        "fuel": 5967,
        "fault": 0.5154,
        "weapon": 0,
        "pilot_injury": 0.4308,
        "pilot_skill": 0.9281,
        "mission_priority": 0.3357,
        "estimated_landing_time": 2168.0,
        "wait_time": 0,
        "Landing_success_rate": 0.867
    },
    {
        "model": 1,
        "sequence": 16,
        "status": 1,
        "fuel": 6007,
        "fault": 0.4468,
        "weapon": 1,
        "pilot_injury": 0.646,
        "pilot_skill": 0.6776,
        "mission_priority": 0.1029,
        "estimated_landing_time": 1510.0,
        "wait_time": 0,
        "Landing_success_rate": 0.871
    },
    {
        "model": 1,
        "sequence": 13,
        "status": 1,
        "fuel": 6136,
        "fault": 0.8806,
        "weapon": 0,
        "pilot_injury": 0.2409,
        "pilot_skill": 0.7884,
        "mission_priority": 0.6757,
        "estimated_landing_time": 1228.0,
        "wait_time": 0,
        "Landing_success_rate": 0.8557
    },
    {
        "model": 1,
        "sequence": 29,
        "status": 1,
        "fuel": 6432,
        "fault": 0.5634,
        "weapon": 0,
        "pilot_injury": 0.4276,
        "pilot_skill": 0.1251,
        "mission_priority": 0.9134,
        "estimated_landing_time": 2732.0,
        "wait_time": 0,
        "Landing_success_rate": 0.8805
    }
]