[
    {
        "model": 2,
        "sequence": 19,
        "status": 1,
        "fuel": 6752,
        "fault": 0.5978,
        "weapon": 0,
        "pilot_injury": 0.9965,
        "pilot_skill": 0.7728,
        "mission_priority": 0.8772,
        "estimated_landing_time": 1792.0,
        "wait_time": 0,
        "Landing_success_rate": 0.8878
    },
    {
        "model": 0,
        "sequence": 13,
        "status": 1,
        "fuel": 7411,
        "fault": 0.9854,
        "weapon": 0,
        "pilot_injury": 0.5221,
        "pilot_skill": 0.1941,
        "mission_priority": 0.6895,
        "estimated_landing_time": 1228.0,
        "wait_time": 0,
        "Landing_success_rate": 0.8521
    },
    {
        "model": 0,
        "sequence": 1,
        "status": 1,
        "fuel": 6401,
        "fault": 0.2808,
        "weapon": 1,
        "pilot_injury": 0.0863,
        "pilot_skill": 0.7382,
        "mission_priority": 0.2732,
        "estimated_landing_time": 100.0,
        "wait_time": 0,
        "Landing_success_rate": 0.8986
    },
    {
        "model": 1,
        "sequence": 8,
        "status": 1,
        "fuel": 6656,
        "fault": 0.9202,
        "weapon": 1,
        "pilot_injury": 0.3219,
        "pilot_skill": 0.8151,
        "mission_priority": 0.55,
        "estimated_landing_time": 758.0,
        "wait_time": 0,
        "Landing_success_rate": 0.8569
    },
    {
        "model": 0,
        "sequence": 15,
        "status": 1,
        "fuel": 7242,
        "fault": 0.1686,
        "weapon": 0,
        "pilot_injury": 0.8686,
        "pilot_skill": 0.0202,
        "mission_priority": 0.2435,
        "estimated_landing_time": 1416.0,
        "wait_time": 0,
        "Landing_success_rate": 0.9586
    },
    {
        "model": 2,
        "sequence": 2,
        "status": 1,
        "fuel": 6183,
        "fault": 0.2686,
        "weapon": 0,
        "pilot_injury": 0.89,
        "pilot_skill": 0.4675,
        "mission_priority": 0.8497,
        "estimated_landing_time": 194.0,
        "wait_time": 0,
        "Landing_success_rate": 0.8875
    },
    {
        "model": 1,
        "sequence": 29,
        "status": 1,
        "fuel": 6511,
        "fault": 0.758,
        "weapon": 0,
        "pilot_injury": 0.8956,
        "pilot_skill": 0.4258,
        "mission_priority": 0.7898,
        "estimated_landing_time": 2732.0,
        "wait_time": 0,
        "Landing_success_rate": 0.8683
    },
    {
        "model": 0,
        "sequence": 5,
        "status": 1,
        "fuel": 6515,
        "fault": 0.3426,
        "weapon": 1,
        "pilot_injury": 0.5746,
        "pilot_skill": 0.7593,
        "mission_priority": 0.0895,
        "estimated_landing_time": 476.0,
        "wait_time": 0,
        "Landing_success_rate": 0.9
    },
    {
        "model": 0,
        "sequence": 7,
        "status": 1,
        "fuel": 7090,
        "fault": 0.0579,
        "weapon": 0,
        "pilot_injury": 0.877,
        "pilot_skill": 0.0468,
        "mission_priority": 0.3037,
        "estimated_landing_time": 664.0,
        "wait_time": 0,
        "Landing_success_rate": 0.9623
    },
    {
        "model": 1,
        "sequence": 11,
        "status": 1,
        "fuel": 6407,
        "fault": 0.0466,
        "weapon": 1,
        "pilot_injury": 0.73,
        "pilot_skill": 0.1845,
        "mission_priority": 0.3466,
        "estimated_landing_time": 1040.0,
        "wait_time": 0,
        "Landing_success_rate": 0.9149
    },
    {
        "model": 2,
        "sequence": 25,
        "status": 1,
        "fuel": 6171,
        "fault": 0.1054,
        "weapon": 0,
        "pilot_injury": 0.7386,
        "pilot_skill": 0.9612,
        "mission_priority": 0.1165,
        "estimated_landing_time": 2356.0,
        "wait_time": 0,
        "Landing_success_rate": 0.895
    },
    {
        "model": 2,
        "sequence": 24,
        "status": 1,
        "fuel": 6219,
        "fault": 0.7571,
        "weapon": 0,
        "pilot_injury": 0.4145,
        "pilot_skill": 0.0329,
        "mission_priority": 0.1359,
        "estimated_landing_time": 2262.0,
        "wait_time": 0,
        "Landing_success_rate": 0.8631
    },
    {
        "model": 1,
        "sequence": 9,
        "status": 1,
        "fuel": 6706,
        "fault": 0.2021,
        "weapon": 0,
        "pilot_injury": 0.8996,
        "pilot_skill": 0.7418,
        "mission_priority": 0.9722,
        "estimated_landing_time": 852.0,
        "wait_time": 0,
        "Landing_success_rate": 0.9222
    },
    {
        "model": 2,
        "sequence": 4,
        "status": 1,
        "fuel": 5533,
        "fault": 0.0267,
        "weapon": 0,
        "pilot_injury": 0.3277,
        "pilot_skill": 0.3198,
        "mission_priority": 0.3265,
        "estimated_landing_time": 382.0,
        "wait_time": 0,
        "Landing_success_rate": 0.8524
    },
    {
        "model": 0,
        "sequence": 20,
        "status": 1,
        "fuel": 5821,
        "fault": 0.3405,
        "weapon": 1,
        "pilot_injury": 0.3854,
        "pilot_skill": 0.1491,
        "mission_priority": 0.0221,
        "estimated_landing_time": 1886.0,
        "wait_time": 0,
        "Landing_success_rate": 0.8659
    },
    {
        "model": 2,
        "sequence": 21,
        "status": 1,
        "fuel": 6692,
        "fault": 0.2334,
        "weapon": 1,
        "pilot_injury": 0.7854,
        "pilot_skill": 0.1125,
        "mission_priority": 0.7242,
        "estimated_landing_time": 1980.0,
        "wait_time": 0,
        "Landing_success_rate": 0.9185
    },
    {
        "model": 0,
        "sequence": 28,
        "status": 1,
        "fuel": 7332,
        "fault": 0.1252,
        "weapon": 0,
        "pilot_injury": 0.8127,
        "pilot_skill": 0.5796,
        "mission_priority": 0.2358,
        "estimated_landing_time": 2638.0,
        "wait_time": 0,
        "Landing_success_rate": 0.9702
    },
    {
        "model": 2,
        "sequence": 3,
        "status": 1,
        "fuel": 6361,
        "fault": 0.5033,
        "weapon": 1,
        "pilot_injury": 0.2018,
        "pilot_skill": 0.752,
        "mission_priority": 0.7094,
        "estimated_landing_time": 288.0,
        "wait_time": 0,
        "Landing_success_rate": 0.8821
    },
    {
        "model": 0,
        "sequence": 23,
        "status": 1,
        "fuel": 6953,
        "fault": 0.5064,
        "weapon": 0,
        "pilot_injury": 0.8581,
        "pilot_skill": 0.3137,
        "mission_priority": 0.1957,
        "estimated_landing_time": 2168.0,
        "wait_time": 0,
        "Landing_success_rate": 0.9038
    },
    {
        "model": 1,
        "sequence": 18,
        "status": 1,
        "fuel": 5668,
        "fault": 0.3048,
        "weapon": 0,
        "pilot_injury": 0.0435,
        "pilot_skill": 0.7658,
        "mission_priority": 0.5725,
        "estimated_landing_time": 1698.0,
        "wait_time": 0,
        "Landing_success_rate": 0.8588
    },
    {
        "model": 0,
        "sequence": 16,
        "status": 1,
        "fuel": 6454,
        "fault": 0.8032,
        "weapon": 0,
        "pilot_injury": 0.9658,
        "pilot_skill": 0.2292,
        "mission_priority": 0.1436,
        "estimated_landing_time": 1510.0,
        "wait_time": 0,
        "Landing_success_rate": 0.8641
    },
    {
        "model": 2,
        "sequence": 10,
        "status": 1,
        "fuel": 7087,
        "fault": 0.7765,
        "weapon": 0,
        "pilot_injury": 0.438,
        "pilot_skill": 0.5733,
        "mission_priority": 0.7456,
        "estimated_landing_time": 946.0,
        "wait_time": 0,
        "Landing_success_rate": 0.8766
    },
    {
        "model": 0,
        "sequence": 30,
        "status": 1,
        "fuel": 6323,
        "fault": 0.1158,
        "weapon": 1,
        "pilot_injury": 0.4268,
        "pilot_skill": 0.2934,
        "mission_priority": 0.6397,
        "estimated_landing_time": 2826.0,
        "wait_time": 0,
        "Landing_success_rate": 0.9046
    },
    {
        "model": 2,
        "sequence": 14,
        "status": 1,
        "fuel": 6716,
        "fault": 0.1075,
        "weapon": 0,
        "pilot_injury": 0.42,
        "pilot_skill": 0.153,
        "mission_priority": 0.4694,
        "estimated_landing_time": 1322.0,
        "wait_time": 0,
        "Landing_success_rate": 0.9314
    },
    {
        "model": 2,
        "sequence": 17,
        "status": 1,
        "fuel": 6926,
        "fault": 0.2956,
        "weapon": 0,
        "pilot_injury": 0.4933,
        "pilot_skill": 0.1652,
        "mission_priority": 0.4147,
        "estimated_landing_time": 1604.0,
        "wait_time": 0,
        "Landing_success_rate": 0.9253
    },
    {
        "model": 0,
        "sequence": 26,
        "status": 1,
        "fuel": 7320,
        "fault": 0.6693,
        "weapon": 0,
        "pilot_injury": 0.6965,
        "pilot_skill": 0.5072,
        "mission_priority": 0.2412,
        "estimated_landing_time": 2450.0,
        "wait_time": 0,
        "Landing_success_rate": 0.8951
    },
    {
        "model": 2,
        "sequence": 22,
        "status": 1,
        "fuel": 6802,
        "fault": 0.3329,
        "weapon": 0,
        "pilot_injury": 0.5249,
        "pilot_skill": 0.2089,
        "mission_priority": 0.0671,
        "estimated_landing_time": 2074.0,
        "wait_time": 0,
        "Landing_success_rate": 0.9151
    },
    {
        "model": 1,
        "sequence": 12,
        "status": 1,
        "fuel": 7378,
        "fault": 0.3694,
        "weapon": 0,
        "pilot_injury": 0.7069,
        "pilot_skill": 0.7448,
        "mission_priority": 0.7278,
        "estimated_landing_time": 1134.0,
        "wait_time": 0,
        "Landing_success_rate": 0.9388
    },
    {
        "model": 2,
        "sequence": 27,
        "status": 1,
        "fuel": 7383,
        "fault": 0.6146,
        "weapon": 1,
        "pilot_injury": 0.5769,
        "pilot_skill": 0.4216,
        "mission_priority": 0.5972,
        "estimated_landing_time": 2544.0,
        "wait_time": 0,
        "Landing_success_rate": 0.9044
    },
    {
        "model": 1,
        "sequence": 6,
        "status": 1,
        "fuel": 7092,
        "fault": 0.8643,
        "weapon": 1,
        "pilot_injury": 0.9058,
        "pilot_skill": 0.0535,
        "mission_priority": 0.3084,
        "estimated_landing_time": 570.0,
        "wait_time": 0,
        "Landing_success_rate": 0.8662
    }
]