[
    {
        "model": 2,
        "sequence": 18,
        "status": 1,
        "fuel": 6297,
        "fault": 0.106,
        "weapon": 0,
        "pilot_injury": 0.1054,
        "pilot_skill": 0.0902,
        "mission_priority": 0.047,
        "estimated_landing_time": 1698.0,
        "wait_time": 0,
        "Landing_success_rate": 0.9034
    },
    {
        "model": 1,
        "sequence": 9,
        "status": 1,
        "fuel": 6462,
        "fault": 0.2772,
        "weapon": 1,
        "pilot_injury": 0.6628,
        "pilot_skill": 0.5057,
        "mission_priority": 0.8175,
        "estimated_landing_time": 852.0,
        "wait_time": 0,
        "Landing_success_rate": 0.9022
    },
    {
        "model": 1,
        "sequence": 8,
        "status": 1,
        "fuel": 6565,
        "fault": 0.531,
        "weapon": 0,
        "pilot_injury": 0.4856,
        "pilot_skill": 0.7907,
        "mission_priority": 0.4074,
        "estimated_landing_time": 758.0,
        "wait_time": 0,
        "Landing_success_rate": 0.8875
    },
    {
        "model": 1,
        "sequence": 6,
        "status": 1,
        "fuel": 6859,
        "fault": 0.3282,
        "weapon": 1,
        "pilot_injury": 0.1077,
        "pilot_skill": 0.5649,
        "mission_priority": 0.7263,
        "estimated_landing_time": 570.0,
        "wait_time": 0,
        "Landing_success_rate": 0.9185
    },
    {
        "model": 2,
        "sequence": 19,
        "status": 1,
        "fuel": 5706,
        "fault": 0.0456,
        "weapon": 0,
        "pilot_injury": 0.4481,
        "pilot_skill": 0.2608,
        "mission_priority": 0.9094,
        "estimated_landing_time": 1792.0,
        "wait_time": 0,
        "Landing_success_rate": 0.8647
    },
    {
        "model": 2,
        "sequence": 24,
        "status": 1,
        "fuel": 6615,
        "fault": 0.1581,
        "weapon": 0,
        "pilot_injury": 0.0317,
        "pilot_skill": 0.2322,
        "mission_priority": 0.3456,
        "estimated_landing_time": 2262.0,
        "wait_time": 0,
        "Landing_success_rate": 0.9204
    },
    {
        "model": 1,
        "sequence": 13,
        "status": 1,
        "fuel": 7317,
        "fault": 0.9612,
        "weapon": 0,
        "pilot_injury": 0.0414,
        "pilot_skill": 0.1739,
        "mission_priority": 0.2592,
        "estimated_landing_time": 1228.0,
        "wait_time": 0,
        "Landing_success_rate": 0.8553
    },
    {
        "model": 0,
        "sequence": 5,
        "status": 1,
        "fuel": 6145,
        "fault": 0.7771,
        "weapon": 0,
        "pilot_injury": 0.769,
        "pilot_skill": 0.412,
        "mission_priority": 0.4052,
        "estimated_landing_time": 476.0,
        "wait_time": 0,
        "Landing_success_rate": 0.8608
    },
    {
        "model": 1,
        "sequence": 30,
        "status": 1,
        "fuel": 6354,
        "fault": 0.3768,
        "weapon": 1,
        "pilot_injury": 0.9277,
        "pilot_skill": 0.2991,
        "mission_priority": 0.4006,
        "estimated_landing_time": 2826.0,
        "wait_time": 0,
        "Landing_success_rate": 0.8899
    },
    {
        "model": 2,
        "sequence": 17,
        "status": 1,
        "fuel": 6365,
        "fault": 0.6956,
        "weapon": 0,
        "pilot_injury": 0.5842,
        "pilot_skill": 0.2481,
        "mission_priority": 0.7936,
        "estimated_landing_time": 1604.0,
        "wait_time": 0,
        "Landing_success_rate": 0.8697
    },
    {
        "model": 2,
        "sequence": 14,
        "status": 1,
        "fuel": 6301,
        "fault": 0.5298,
        "weapon": 0,
        "pilot_injury": 0.5913,
        "pilot_skill": 0.7981,
        "mission_priority": 0.2505,
        "estimated_landing_time": 1322.0,
        "wait_time": 0,
        "Landing_success_rate": 0.8782
    },
    {
        "model": 2,
        "sequence": 11,
        "status": 1,
        "fuel": 6038,
        "fault": 0.8336,
        "weapon": 1,
        "pilot_injury": 0.9763,
        "pilot_skill": 0.0766,
        "mission_priority": 0.938,
        "estimated_landing_time": 1040.0,
        "wait_time": 0,
        "Landing_success_rate": 0.8567
    },
    {
        "model": 2,
        "sequence": 4,
        "status": 1,
        "fuel": 5614,
        "fault": 0.304,
        "weapon": 0,
        "pilot_injury": 0.6488,
        "pilot_skill": 0.8902,
        "mission_priority": 0.7858,
        "estimated_landing_time": 382.0,
        "wait_time": 0,
        "Landing_success_rate": 0.856
    },
    {
        "model": 2,
        "sequence": 20,
        "status": 1,
        "fuel": 6568,
        "fault": 0.4305,
        "weapon": 0,
        "pilot_injury": 0.5257,
        "pilot_skill": 0.1296,
        "mission_priority": 0.461,
        "estimated_landing_time": 1886.0,
        "wait_time": 0,
        "Landing_success_rate": 0.8956
    },
    {
        "model": 2,
        "sequence": 21,
        "status": 1,
        "fuel": 7202,
        "fault": 0.7533,
        "weapon": 0,
        "pilot_injury": 0.4889,
        "pilot_skill": 0.3843,
        "mission_priority": 0.6298,
        "estimated_landing_time": 1980.0,
        "wait_time": 0,
        "Landing_success_rate": 0.8815
    },
    {
        "model": 1,
        "sequence": 29,
        "status": 1,
        "fuel": 6090,
        "fault": 0.1764,
        "weapon": 0,
        "pilot_injury": 0.8588,
        "pilot_skill": 0.8113,
        "mission_priority": 0.7892,
        "estimated_landing_time": 2732.0,
        "wait_time": 0,
        "Landing_success_rate": 0.8864
    },
    {
        "model": 2,
        "sequence": 25,
        "status": 1,
        "fuel": 6724,
        "fault": 0.4333,
        "weapon": 0,
        "pilot_injury": 0.7289,
        "pilot_skill": 0.3872,
        "mission_priority": 0.1007,
        "estimated_landing_time": 2356.0,
        "wait_time": 0,
        "Landing_success_rate": 0.902
    },
    {
        "model": 2,
        "sequence": 28,
        "status": 1,
        "fuel": 6354,
        "fault": 0.6549,
        "weapon": 1,
        "pilot_injury": 0.3909,
        "pilot_skill": 0.2974,
        "mission_priority": 0.5992,
        "estimated_landing_time": 2638.0,
        "wait_time": 0,
        "Landing_success_rate": 0.8721
    },
    {
        "model": 2,
        "sequence": 3,
        "status": 1,
        "fuel": 5941,
        "fault": 0.1484,
        "weapon": 1,
        "pilot_injury": 0.5121,
        "pilot_skill": 0.9195,
        "mission_priority": 0.091,
        "estimated_landing_time": 288.0,
        "wait_time": 0,
        "Landing_success_rate": 0.8782
    },
    {
        "model": 2,
        "sequence": 23,
        "status": 1,
        "fuel": 6920,
        "fault": 0.8242,
        "weapon": 0,
        "pilot_injury": 0.9506,
        "pilot_skill": 0.3716,
        "mission_priority": 0.3054,
        "estimated_landing_time": 2168.0,
        "wait_time": 0,
        "Landing_success_rate": 0.8687
    },
    {
        "model": 2,
        "sequence": 1,
        "status": 1,
        "fuel": 6015,
        "fault": 0.4045,
        "weapon": 1,
        "pilot_injury": 0.5019,
        "pilot_skill": 0.8377,
        "mission_priority": 0.2843,
        "estimated_landing_time": 100.0,
        "wait_time": 0,
        "Landing_success_rate": 0.873
    },
    {
        "model": 0,
        "sequence": 16,
        "status": 1,
        "fuel": 5895,
        "fault": 0.5077,
        "weapon": 0,
        "pilot_injury": 0.1009,
        "pilot_skill": 0.9267,
        "mission_priority": 0.8726,
        "estimated_landing_time": 1510.0,
        "wait_time": 0,
        "Landing_success_rate": 0.8646
    },
    {
        "model": 1,
        "sequence": 26,
        "status": 1,
        "fuel": 5543,
        "fault": 0.3606,
        "weapon": 1,
        "pilot_injury": 0.9054,
        "pilot_skill": 0.0018,
        "mission_priority": 0.6006,
        "estimated_landing_time": 2450.0,
        "wait_time": 0,
        "Landing_success_rate": 0.8521
    },
    {
        "model": 1,
        "sequence": 27,
        "status": 1,
        "fuel": 5738,
        "fault": 0.6336,
        "weapon": 0,
        "pilot_injury": 0.003,
        "pilot_skill": 0.2189,
        "mission_priority": 0.9224,
        "estimated_landing_time": 2544.0,
        "wait_time": 0,
        "Landing_success_rate": 0.8565
    },
    {
        "model": 0,
        "sequence": 22,
        "status": 1,
        "fuel": 6778,
        "fault": 0.0985,
        "weapon": 0,
        "pilot_injury": 0.7897,
        "pilot_skill": 0.8381,
        "mission_priority": 0.4776,
        "estimated_landing_time": 2074.0,
        "wait_time": 0,
        "Landing_success_rate": 0.9364
    },
    {
        "model": 0,
        "sequence": 15,
        "status": 1,
        "fuel": 7056,
        "fault": 0.9545,
        "weapon": 0,
        "pilot_injury": 0.2638,
        "pilot_skill": 0.2553,
        "mission_priority": 0.8076,
        "estimated_landing_time": 1416.0,
        "wait_time": 0,
        "Landing_success_rate": 0.8553
    },
    {
        "model": 2,
        "sequence": 7,
        "status": 1,
        "fuel": 7350,
        "fault": 0.9215,
        "weapon": 0,
        "pilot_injury": 0.3368,
        "pilot_skill": 0.491,
        "mission_priority": 0.7051,
        "estimated_landing_time": 664.0,
        "wait_time": 0,
        "Landing_success_rate": 0.8609
    },
    {
        "model": 1,
        "sequence": 10,
        "status": 1,
        "fuel": 6366,
        "fault": 0.1818,
        "weapon": 0,
        "pilot_injury": 0.6265,
        "pilot_skill": 0.6657,
        "mission_priority": 0.2715,
        "estimated_landing_time": 946.0,
        "wait_time": 0,
        "Landing_success_rate": 0.9031
    },
    {
        "model": 1,
        "sequence": 2,
        "status": 1,
        "fuel": 7177,
        "fault": 0.0434,
        "weapon": 1,
        "pilot_injury": 0.0656,
        "pilot_skill": 0.2953,
        "mission_priority": 0.4064,
        "estimated_landing_time": 194.0,
        "wait_time": 0,
        "Landing_success_rate": 0.9703
    },
    {
        "model": 0,
        "sequence": 12,
        "status": 1,
        "fuel": 5894,
        "fault": 0.4754,
        "weapon": 0,
        "pilot_injury": 0.7181,
        "pilot_skill": 0.4734,
        "mission_priority": 0.9041,
        "estimated_landing_time": 1134.0,
        "wait_time": 0,
        "Landing_success_rate": 0.8655
    }
]