[
    {
        "model": 1,
        "sequence": 19,
        "status": 1,
        "fuel": 6398,
        "fault": 0.6529,
        "weapon": 1,
        "pilot_injury": 0.8748,
        "pilot_skill": 0.7045,
        "mission_priority": 0.6875,
        "estimated_landing_time": 1792.0,
        "wait_time": 0,
        "Landing_success_rate": 0.8734
    },
    {
        "model": 1,
        "sequence": 16,
        "status": 1,
        "fuel": 6517,
        "fault": 0.0343,
        "weapon": 1,
        "pilot_injury": 0.8126,
        "pilot_skill": 0.233,
        "mission_priority": 0.3556,
        "estimated_landing_time": 1510.0,
        "wait_time": 0,
        "Landing_success_rate": 0.9237
    },
    {
        "model": 0,
        "sequence": 3,
        "status": 1,
        "fuel": 6783,
        "fault": 0.6948,
        "weapon": 1,
        "pilot_injury": 0.7754,
        "pilot_skill": 0.2619,
        "mission_priority": 0.449,
        "estimated_landing_time": 288.0,
        "wait_time": 0,
        "Landing_success_rate": 0.8794
    },
    {
        "model": 2,
        "sequence": 18,
        "status": 1,
        "fuel": 7399,
        "fault": 0.0947,
        "weapon": 0,
        "pilot_injury": 0.7283,
        "pilot_skill": 0.3617,
        "mission_priority": 0.7847,
        "estimated_landing_time": 1698.0,
        "wait_time": 0,
        "Landing_success_rate": 0.9789
    },
    {
        "model": 0,
        "sequence": 15,
        "status": 1,
        "fuel": 6956,
        "fault": 0.7531,
        "weapon": 1,
        "pilot_injury": 0.73,
        "pilot_skill": 0.9687,
        "mission_priority": 0.2323,
        "estimated_landing_time": 1416.0,
        "wait_time": 0,
        "Landing_success_rate": 0.877
    },
    {
        "model": 2,
        "sequence": 6,
        "status": 1,
        "fuel": 5738,
        "fault": 0.7211,
        "weapon": 0,
        "pilot_injury": 0.1229,
        "pilot_skill": 0.1697,
        "mission_priority": 0.3341,
        "estimated_landing_time": 570.0,
        "wait_time": 0,
        "Landing_success_rate": 0.855
    },
    {
        "model": 1,
        "sequence": 25,
        "status": 1,
        "fuel": 6577,
        "fault": 0.4381,
        "weapon": 1,
        "pilot_injury": 0.1956,
        "pilot_skill": 0.9718,
        "mission_priority": 0.8102,
        "estimated_landing_time": 2356.0,
        "wait_time": 0,
        "Landing_success_rate": 0.8954
    },
    {
        "model": 0,
        "sequence": 5,
        "status": 1,
        "fuel": 6513,
        "fault": 0.2485,
        "weapon": 0,
        "pilot_injury": 0.7532,
        "pilot_skill": 0.7888,
        "mission_priority": 0.4378,
        "estimated_landing_time": 476.0,
        "wait_time": 0,
        "Landing_success_rate": 0.9071
    },
    {
        "model": 0,
        "sequence": 20,
        "status": 1,
        "fuel": 6992,
        "fault": 0.7553,
        "weapon": 0,
        "pilot_injury": 0.3783,
        "pilot_skill": 0.0419,
        "mission_priority": 0.7628,
        "estimated_landing_time": 1886.0,
        "wait_time": 0,
        "Landing_success_rate": 0.8774
    },
    {
        "model": 2,
        "sequence": 13,
        "status": 1,
        "fuel": 6368,
        "fault": 0.0089,
        "weapon": 0,
        "pilot_injury": 0.0756,
        "pilot_skill": 0.6212,
        "mission_priority": 0.2477,
        "estimated_landing_time": 1228.0,
        "wait_time": 0,
        "Landing_success_rate": 0.9145
    },
    {
        "model": 0,
        "sequence": 30,
        "status": 1,
        "fuel": 6618,
        "fault": 0.5268,
        "weapon": 0,
        "pilot_injury": 0.8431,
        "pilot_skill": 0.0886,
        "mission_priority": 0.0251,
        "estimated_landing_time": 2826.0,
        "wait_time": 0,
        "Landing_success_rate": 0.8897
    },
    {
        "model": 1,
        "sequence": 17,
        "status": 1,
        "fuel": 6229,
        "fault": 0.6452,
        "weapon": 1,
        "pilot_injury": 0.6265,
        "pilot_skill": 0.1317,
        "mission_priority": 0.4373,
        "estimated_landing_time": 1604.0,
        "wait_time": 0,
        "Landing_success_rate": 0.8694
    },
    {
        "model": 0,
        "sequence": 29,
        "status": 1,
        "fuel": 7167,
        "fault": 0.5873,
        "weapon": 1,
        "pilot_injury": 0.045,
        "pilot_skill": 0.3559,
        "mission_priority": 0.6314,
        "estimated_landing_time": 2732.0,
        "wait_time": 0,
        "Landing_success_rate": 0.9016
    },
    {
        "model": 0,
        "sequence": 8,
        "status": 1,
        "fuel": 6918,
        "fault": 0.7218,
        "weapon": 1,
        "pilot_injury": 0.8952,
        "pilot_skill": 0.0629,
        "mission_priority": 0.8409,
        "estimated_landing_time": 758.0,
        "wait_time": 0,
        "Landing_success_rate": 0.8796
    },
    {
        "model": 1,
        "sequence": 1,
        "status": 1,
        "fuel": 5951,
        "fault": 0.3308,
        "weapon": 0,
        "pilot_injury": 0.3116,
        "pilot_skill": 0.9118,
        "mission_priority": 0.4026,
        "estimated_landing_time": 100.0,
        "wait_time": 0,
        "Landing_success_rate": 0.8726
    },
    {
        "model": 2,
        "sequence": 7,
        "status": 1,
        "fuel": 6381,
        "fault": 0.1168,
        "weapon": 1,
        "pilot_injury": 0.4276,
        "pilot_skill": 0.5466,
        "mission_priority": 0.3559,
        "estimated_landing_time": 664.0,
        "wait_time": 0,
        "Landing_success_rate": 0.9084
    },
    {
        "model": 0,
        "sequence": 24,
        "status": 1,
        "fuel": 6695,
        "fault": 0.6336,
        "weapon": 0,
        "pilot_injury": 0.1887,
        "pilot_skill": 0.9747,
        "mission_priority": 0.3449,
        "estimated_landing_time": 2262.0,
        "wait_time": 0,
        "Landing_success_rate": 0.8828
    },
    {
        "model": 2,
        "sequence": 2,
        "status": 1,
        "fuel": 5909,
        "fault": 0.1972,
        "weapon": 0,
        "pilot_injury": 0.3648,
        "pilot_skill": 0.2541,
        "mission_priority": 0.7708,
        "estimated_landing_time": 194.0,
        "wait_time": 0,
        "Landing_success_rate": 0.8746
    },
    {
        "model": 0,
        "sequence": 9,
        "status": 1,
        "fuel": 5918,
        "fault": 0.5535,
        "weapon": 1,
        "pilot_injury": 0.1107,
        "pilot_skill": 0.3859,
        "mission_priority": 0.0782,
        "estimated_landing_time": 852.0,
        "wait_time": 0,
        "Landing_success_rate": 0.864
    },
    {
        "model": 1,
        "sequence": 28,
        "status": 1,
        "fuel": 7366,
        "fault": 0.1556,
        "weapon": 1,
        "pilot_injury": 0.9913,
        "pilot_skill": 0.2548,
        "mission_priority": 0.4733,
        "estimated_landing_time": 2638.0,
        "wait_time": 0,
        "Landing_success_rate": 0.9682
    },
    {
        "model": 2,
        "sequence": 10,
        "status": 1,
        "fuel": 7163,
        "fault": 0.5501,
        "weapon": 0,
        "pilot_injury": 0.6101,
        "pilot_skill": 0.7247,
        "mission_priority": 0.1472,
        "estimated_landing_time": 946.0,
        "wait_time": 0,
        "Landing_success_rate": 0.9061
    },
    {
        "model": 0,
        "sequence": 22,
        "status": 1,
        "fuel": 6127,
        "fault": 0.9448,
        "weapon": 1,
        "pilot_injury": 0.1973,
        "pilot_skill": 0.6489,
        "mission_priority": 0.3937,
        "estimated_landing_time": 2074.0,
        "wait_time": 0,
        "Landing_success_rate": 0.8526
    },
    {
        "model": 2,
        "sequence": 11,
        "status": 1,
        "fuel": 6328,
        "fault": 0.5948,
        "weapon": 1,
        "pilot_injury": 0.0481,
        "pilot_skill": 0.787,
        "mission_priority": 0.5556,
        "estimated_landing_time": 1040.0,
        "wait_time": 0,
        "Landing_success_rate": 0.8752
    },
    {
        "model": 0,
        "sequence": 26,
        "status": 1,
        "fuel": 6506,
        "fault": 0.5467,
        "weapon": 1,
        "pilot_injury": 0.7213,
        "pilot_skill": 0.4137,
        "mission_priority": 0.7993,
        "estimated_landing_time": 2450.0,
        "wait_time": 0,
        "Landing_success_rate": 0.8842
    },
    {
        "model": 1,
        "sequence": 23,
        "status": 1,
        "fuel": 7385,
        "fault": 0.481,
        "weapon": 1,
        "pilot_injury": 0.2019,
        "pilot_skill": 0.8159,
        "mission_priority": 0.5602,
        "estimated_landing_time": 2168.0,
        "wait_time": 0,
        "Landing_success_rate": 0.9234
    },
    {
        "model": 1,
        "sequence": 14,
        "status": 1,
        "fuel": 6822,
        "fault": 0.181,
        "weapon": 0,
        "pilot_injury": 0.6857,
        "pilot_skill": 0.6228,
        "mission_priority": 0.6376,
        "estimated_landing_time": 1322.0,
        "wait_time": 0,
        "Landing_success_rate": 0.9312
    },
    {
        "model": 0,
        "sequence": 12,
        "status": 1,
        "fuel": 5522,
        "fault": 0.4215,
        "weapon": 0,
        "pilot_injury": 0.5496,
        "pilot_skill": 0.5091,
        "mission_priority": 0.3425,
        "estimated_landing_time": 1134.0,
        "wait_time": 0,
        "Landing_success_rate": 0.851
    },
    {
        "model": 0,
        "sequence": 21,
        "status": 1,
        "fuel": 6322,
        "fault": 0.8388,
        "weapon": 1,
        "pilot_injury": 0.3209,
        "pilot_skill": 0.2932,
        "mission_priority": 0.7383,
        "estimated_landing_time": 1980.0,
        "wait_time": 0,
        "Landing_success_rate": 0.8599
    },
    {
        "model": 2,
        "sequence": 4,
        "status": 1,
        "fuel": 6564,
        "fault": 0.0778,
        "weapon": 0,
        "pilot_injury": 0.6537,
        "pilot_skill": 0.2088,
        "mission_priority": 0.5723,
        "estimated_landing_time": 382.0,
        "wait_time": 0,
        "Landing_success_rate": 0.9236
    },
    {
        "model": 0,
        "sequence": 27,
        "status": 1,
        "fuel": 5769,
        "fault": 0.5751,
        "weapon": 1,
        "pilot_injury": 0.35,
        "pilot_skill": 0.2295,
        "mission_priority": 0.5301,
        "estimated_landing_time": 2544.0,
        "wait_time": 0,
        "Landing_success_rate": 0.8586
    }
]