[
    {
        "model": 2,
        "sequence": 17,
        "status": 1,
        "fuel": 6142,
        "fault": 0.4124,
        "weapon": 1,
        "pilot_injury": 0.5459,
        "pilot_skill": 0.4767,
        "mission_priority": 0.7416,
        "estimated_landing_time": 1604.0,
        "wait_time": 0,
        "Landing_success_rate": 0.8783
    },
    {
        "model": 2,
        "sequence": 1,
        "status": 1,
        "fuel": 6905,
        "fault": 0.066,
        "weapon": 1,
        "pilot_injury": 0.8902,
        "pilot_skill": 0.0231,
        "mission_priority": 0.6729,
        "estimated_landing_time": 100.0,
        "wait_time": 0,
        "Landing_success_rate": 0.9484
    },
    {
        "model": 1,
        "sequence": 24,
        "status": 1,
        "fuel": 7252,
        "fault": 0.5057,
        "weapon": 0,
        "pilot_injury": 0.2587,
        "pilot_skill": 0.8589,
        "mission_priority": 0.309,
        "estimated_landing_time": 2262.0,
        "wait_time": 0,
        "Landing_success_rate": 0.915
    },
    {
        "model": 1,
        "sequence": 3,
        "status": 1,
        "fuel": 6037,
        "fault": 0.5291,
        "weapon": 0,
        "pilot_injury": 0.8636,
        "pilot_skill": 0.1954,
        "mission_priority": 0.859,
        "estimated_landing_time": 288.0,
        "wait_time": 0,
        "Landing_success_rate": 0.869
    },
    {
        "model": 0,
        "sequence": 2,
        "status": 1,
        "fuel": 6569,
        "fault": 0.055,
        "weapon": 1,
        "pilot_injury": 0.2645,
        "pilot_skill": 0.1327,
        "mission_priority": 0.555,
        "estimated_landing_time": 194.0,
        "wait_time": 0,
        "Landing_success_rate": 0.9258
    },
    {
        "model": 1,
        "sequence": 19,
        "status": 1,
        "fuel": 7469,
        "fault": 0.6992,
        "weapon": 1,
        "pilot_injury": 0.6628,
        "pilot_skill": 0.0951,
        "mission_priority": 0.622,
        "estimated_landing_time": 1792.0,
        "wait_time": 0,
        "Landing_success_rate": 0.8944
    },
    {
        "model": 2,
        "sequence": 15,
        "status": 1,
        "fuel": 6945,
        "fault": 0.7598,
        "weapon": 1,
        "pilot_injury": 0.9096,
        "pilot_skill": 0.4598,
        "mission_priority": 0.7634,
        "estimated_landing_time": 1416.0,
        "wait_time": 0,
        "Landing_success_rate": 0.876
    },
    {
        "model": 1,
        "sequence": 25,
        "status": 1,
        "fuel": 7025,
        "fault": 0.6627,
        "weapon": 1,
        "pilot_injury": 0.4949,
        "pilot_skill": 0.3156,
        "mission_priority": 0.0049,
        "estimated_landing_time": 2356.0,
        "wait_time": 0,
        "Landing_success_rate": 0.8886
    },
    {
        "model": 0,
        "sequence": 20,
        "status": 1,
        "fuel": 6994,
        "fault": 0.7929,
        "weapon": 0,
        "pilot_injury": 0.2885,
        "pilot_skill": 0.8775,
        "mission_priority": 0.4206,
        "estimated_landing_time": 1886.0,
        "wait_time": 0,
        "Landing_success_rate": 0.8732
    },
    {
        "model": 2,
        "sequence": 9,
        "status": 1,
        "fuel": 6163,
        "fault": 0.0184,
        "weapon": 1,
        "pilot_injury": 0.2463,
        "pilot_skill": 0.8627,
        "mission_priority": 0.589,
        "estimated_landing_time": 852.0,
        "wait_time": 0,
        "Landing_success_rate": 0.8988
    },
    {
        "model": 2,
        "sequence": 16,
        "status": 1,
        "fuel": 5640,
        "fault": 0.4097,
        "weapon": 1,
        "pilot_injury": 0.3827,
        "pilot_skill": 0.6407,
        "mission_priority": 0.0897,
        "estimated_landing_time": 1510.0,
        "wait_time": 0,
        "Landing_success_rate": 0.8562
    },
    {
        "model": 1,
        "sequence": 7,
        "status": 1,
        "fuel": 6540,
        "fault": 0.062,
        "weapon": 0,
        "pilot_injury": 0.7165,
        "pilot_skill": 0.5469,
        "mission_priority": 0.533,
        "estimated_landing_time": 664.0,
        "wait_time": 0,
        "Landing_success_rate": 0.9232
    },
    {
        "model": 0,
        "sequence": 29,
        "status": 1,
        "fuel": 5545,
        "fault": 0.9064,
        "weapon": 0,
        "pilot_injury": 0.9282,
        "pilot_skill": 0.6824,
        "mission_priority": 0.099,
        "estimated_landing_time": 2732.0,
        "wait_time": 0,
        "Landing_success_rate": 0.8503
    },
    {
        "model": 0,
        "sequence": 12,
        "status": 1,
        "fuel": 6056,
        "fault": 0.4231,
        "weapon": 1,
        "pilot_injury": 0.5196,
        "pilot_skill": 0.2078,
        "mission_priority": 0.6958,
        "estimated_landing_time": 1134.0,
        "wait_time": 0,
        "Landing_success_rate": 0.8741
    },
    {
        "model": 1,
        "sequence": 28,
        "status": 1,
        "fuel": 7445,
        "fault": 0.5325,
        "weapon": 0,
        "pilot_injury": 0.7441,
        "pilot_skill": 0.1888,
        "mission_priority": 0.8249,
        "estimated_landing_time": 2638.0,
        "wait_time": 0,
        "Landing_success_rate": 0.9182
    },
    {
        "model": 2,
        "sequence": 8,
        "status": 1,
        "fuel": 6004,
        "fault": 0.9074,
        "weapon": 1,
        "pilot_injury": 0.0118,
        "pilot_skill": 0.9877,
        "mission_priority": 0.612,
        "estimated_landing_time": 758.0,
        "wait_time": 0,
        "Landing_success_rate": 0.8535
    },
    {
        "model": 2,
        "sequence": 5,
        "status": 1,
        "fuel": 6358,
        "fault": 0.4625,
        "weapon": 0,
        "pilot_injury": 0.6991,
        "pilot_skill": 0.2827,
        "mission_priority": 0.9883,
        "estimated_landing_time": 476.0,
        "wait_time": 0,
        "Landing_success_rate": 0.8846
    },
    {
        "model": 2,
        "sequence": 22,
        "status": 1,
        "fuel": 6087,
        "fault": 0.9014,
        "weapon": 0,
        "pilot_injury": 0.9711,
        "pilot_skill": 0.1056,
        "mission_priority": 0.2799,
        "estimated_landing_time": 2074.0,
        "wait_time": 0,
        "Landing_success_rate": 0.8543
    },
    {
        "model": 1,
        "sequence": 26,
        "status": 1,
        "fuel": 6872,
        "fault": 0.8528,
        "weapon": 1,
        "pilot_injury": 0.9722,
        "pilot_skill": 0.06,
        "mission_priority": 0.8567,
        "estimated_landing_time": 2450.0,
        "wait_time": 0,
        "Landing_success_rate": 0.8651
    },
    {
        "model": 2,
        "sequence": 18,
        "status": 1,
        "fuel": 6067,
        "fault": 0.1439,
        "weapon": 1,
        "pilot_injury": 0.0188,
        "pilot_skill": 0.0061,
        "mission_priority": 0.204,
        "estimated_landing_time": 1698.0,
        "wait_time": 0,
        "Landing_success_rate": 0.8864
    },
    {
        "model": 2,
        "sequence": 13,
        "status": 1,
        "fuel": 6021,
        "fault": 0.4845,
        "weapon": 1,
        "pilot_injury": 0.5853,
        "pilot_skill": 0.772,
        "mission_priority": 0.3774,
        "estimated_landing_time": 1228.0,
        "wait_time": 0,
        "Landing_success_rate": 0.8701
    },
    {
        "model": 1,
        "sequence": 11,
        "status": 1,
        "fuel": 5580,
        "fault": 0.8649,
        "weapon": 1,
        "pilot_injury": 0.3327,
        "pilot_skill": 0.2869,
        "mission_priority": 0.7643,
        "estimated_landing_time": 1040.0,
        "wait_time": 0,
        "Landing_success_rate": 0.8508
    },
    {
        "model": 2,
        "sequence": 6,
        "status": 1,
        "fuel": 6316,
        "fault": 0.0147,
        "weapon": 0,
        "pilot_injury": 0.1374,
        "pilot_skill": 0.5032,
        "mission_priority": 0.0929,
        "estimated_landing_time": 570.0,
        "wait_time": 0,
        "Landing_success_rate": 0.9103
    },
    {
        "model": 1,
        "sequence": 10,
        "status": 1,
        "fuel": 6832,
        "fault": 0.867,
        "weapon": 1,
        "pilot_injury": 0.1974,
        "pilot_skill": 0.8889,
        "mission_priority": 0.9679,
        "estimated_landing_time": 946.0,
        "wait_time": 0,
        "Landing_success_rate": 0.8633
    },
    {
        "model": 0,
        "sequence": 21,
        "status": 1,
        "fuel": 7296,
        "fault": 0.8221,
        "weapon": 1,
        "pilot_injury": 0.4859,
        "pilot_skill": 0.8166,
        "mission_priority": 0.5725,
        "estimated_landing_time": 1980.0,
        "wait_time": 0,
        "Landing_success_rate": 0.874
    },
    {
        "model": 0,
        "sequence": 14,
        "status": 1,
        "fuel": 6656,
        "fault": 0.1461,
        "weapon": 1,
        "pilot_injury": 0.8641,
        "pilot_skill": 0.527,
        "mission_priority": 0.7058,
        "estimated_landing_time": 1322.0,
        "wait_time": 0,
        "Landing_success_rate": 0.924
    },
    {
        "model": 1,
        "sequence": 4,
        "status": 1,
        "fuel": 7193,
        "fault": 0.6729,
        "weapon": 1,
        "pilot_injury": 0.9771,
        "pilot_skill": 0.3297,
        "mission_priority": 0.6748,
        "estimated_landing_time": 382.0,
        "wait_time": 0,
        "Landing_success_rate": 0.8915
    },
    {
        "model": 1,
        "sequence": 27,
        "status": 1,
        "fuel": 6249,
        "fault": 0.9541,
        "weapon": 1,
        "pilot_injury": 0.7836,
        "pilot_skill": 0.8441,
        "mission_priority": 0.6683,
        "estimated_landing_time": 2544.0,
        "wait_time": 0,
        "Landing_success_rate": 0.8526
    },
    {
        "model": 1,
        "sequence": 23,
        "status": 1,
        "fuel": 6958,
        "fault": 0.8943,
        "weapon": 0,
        "pilot_injury": 0.9112,
        "pilot_skill": 0.2887,
        "mission_priority": 0.8189,
        "estimated_landing_time": 2168.0,
        "wait_time": 0,
        "Landing_success_rate": 0.8616
    },
    {
        "model": 2,
        "sequence": 30,
        "status": 1,
        "fuel": 7478,
        "fault": 0.268,
        "weapon": 1,
        "pilot_injury": 0.9145,
        "pilot_skill": 0.0433,
        "mission_priority": 0.7704,
        "estimated_landing_time": 2826.0,
        "wait_time": 0,
        "Landing_success_rate": 0.9586
    }
]