[
    {
        "model": 0,
        "sequence": 19,
        "status": 1,
        "fuel": 6051,
        "fault": 0.0941,
        "weapon": 1,
        "pilot_injury": 0.0693,
        "pilot_skill": 0.5046,
        "mission_priority": 0.6417,
        "estimated_landing_time": 1792.0,
        "wait_time": 0,
        "Landing_success_rate": 0.8874
    },
    {
        "model": 0,
        "sequence": 26,
        "status": 1,
        "fuel": 6560,
        "fault": 0.2289,
        "weapon": 0,
        "pilot_injury": 0.061,
        "pilot_skill": 0.8573,
        "mission_priority": 0.8166,
        "estimated_landing_time": 2450.0,
        "wait_time": 0,
        "Landing_success_rate": 0.9113
    },
    {
        "model": 2,
        "sequence": 23,
        "status": 1,
        "fuel": 6460,
        "fault": 0.4987,
        "weapon": 1,
        "pilot_injury": 0.3562,
        "pilot_skill": 0.3993,
        "mission_priority": 0.746,
        "estimated_landing_time": 2168.0,
        "wait_time": 0,
        "Landing_success_rate": 0.8861
    },
    {
        "model": 0,
        "sequence": 6,
        "status": 1,
        "fuel": 7467,
        "fault": 0.0157,
        "weapon": 1,
        "pilot_injury": 0.1185,
        "pilot_skill": 0.4549,
        "mission_priority": 0.552,
        "estimated_landing_time": 570.0,
        "wait_time": 0,
        "Landing_success_rate": 0.9952
    },
    {
        "model": 1,
        "sequence": 16,
        "status": 1,
        "fuel": 6728,
        "fault": 0.5218,
        "weapon": 0,
        "pilot_injury": 0.7194,
        "pilot_skill": 0.02,
        "mission_priority": 0.9734,
        "estimated_landing_time": 1510.0,
        "wait_time": 0,
        "Landing_success_rate": 0.894
    },
    {
        "model": 1,
        "sequence": 9,
        "status": 1,
        "fuel": 5722,
        "fault": 0.5083,
        "weapon": 0,
        "pilot_injury": 0.4348,
        "pilot_skill": 0.0597,
        "mission_priority": 0.4722,
        "estimated_landing_time": 852.0,
        "wait_time": 0,
        "Landing_success_rate": 0.8582
    },
    {
        "model": 2,
        "sequence": 20,
        "status": 1,
        "fuel": 6742,
        "fault": 0.2552,
        "weapon": 1,
        "pilot_injury": 0.7323,
        "pilot_skill": 0.0793,
        "mission_priority": 0.2092,
        "estimated_landing_time": 1886.0,
        "wait_time": 0,
        "Landing_success_rate": 0.9194
    },
    {
        "model": 1,
        "sequence": 7,
        "status": 1,
        "fuel": 7322,
        "fault": 0.3665,
        "weapon": 1,
        "pilot_injury": 0.4569,
        "pilot_skill": 0.9843,
        "mission_priority": 0.5146,
        "estimated_landing_time": 664.0,
        "wait_time": 0,
        "Landing_success_rate": 0.9366
    },
    {
        "model": 2,
        "sequence": 30,
        "status": 1,
        "fuel": 6903,
        "fault": 0.076,
        "weapon": 0,
        "pilot_injury": 0.8499,
        "pilot_skill": 0.2157,
        "mission_priority": 0.7538,
        "estimated_landing_time": 2826.0,
        "wait_time": 0,
        "Landing_success_rate": 0.9472
    },
    {
        "model": 1,
        "sequence": 22,
        "status": 1,
        "fuel": 7347,
        "fault": 0.9147,
        "weapon": 0,
        "pilot_injury": 0.3468,
        "pilot_skill": 0.9701,
        "mission_priority": 0.7808,
        "estimated_landing_time": 2074.0,
        "wait_time": 0,
        "Landing_success_rate": 0.8618
    },
    {
        "model": 1,
        "sequence": 3,
        "status": 1,
        "fuel": 7401,
        "fault": 0.4968,
        "weapon": 0,
        "pilot_injury": 0.4043,
        "pilot_skill": 0.49,
        "mission_priority": 0.3552,
        "estimated_landing_time": 288.0,
        "wait_time": 0,
        "Landing_success_rate": 0.9217
    },
    {
        "model": 0,
        "sequence": 18,
        "status": 1,
        "fuel": 6720,
        "fault": 0.6671,
        "weapon": 0,
        "pilot_injury": 0.7785,
        "pilot_skill": 0.874,
        "mission_priority": 0.1553,
        "estimated_landing_time": 1698.0,
        "wait_time": 0,
        "Landing_success_rate": 0.8805
    },
    {
        "model": 1,
        "sequence": 1,
        "status": 1,
        "fuel": 5712,
        "fault": 0.8559,
        "weapon": 1,
        "pilot_injury": 0.4273,
        "pilot_skill": 0.9014,
        "mission_priority": 0.4545,
        "estimated_landing_time": 100.0,
        "wait_time": 0,
        "Landing_success_rate": 0.8523
    },
    {
        "model": 2,
        "sequence": 11,
        "status": 1,
        "fuel": 5862,
        "fault": 0.8111,
        "weapon": 1,
        "pilot_injury": 0.473,
        "pilot_skill": 0.7627,
        "mission_priority": 0.9972,
        "estimated_landing_time": 1040.0,
        "wait_time": 0,
        "Landing_success_rate": 0.8551
    },
    {
        "model": 1,
        "sequence": 29,
        "status": 1,
        "fuel": 6690,
        "fault": 0.1156,
        "weapon": 0,
        "pilot_injury": 0.7478,
        "pilot_skill": 0.8954,
        "mission_priority": 0.0763,
        "estimated_landing_time": 2732.0,
        "wait_time": 0,
        "Landing_success_rate": 0.9289
    },
    {
        "model": 1,
        "sequence": 14,
        "status": 1,
        "fuel": 7371,
        "fault": 0.4107,
        "weapon": 0,
        "pilot_injury": 0.9216,
        "pilot_skill": 0.0757,
        "mission_priority": 0.7152,
        "estimated_landing_time": 1322.0,
        "wait_time": 0,
        "Landing_success_rate": 0.9327
    },
    {
        "model": 0,
        "sequence": 10,
        "status": 1,
        "fuel": 5766,
        "fault": 0.3617,
        "weapon": 1,
        "pilot_injury": 0.7689,
        "pilot_skill": 0.3826,
        "mission_priority": 0.5572,
        "estimated_landing_time": 946.0,
        "wait_time": 0,
        "Landing_success_rate": 0.8627
    },
    {
        "model": 2,
        "sequence": 12,
        "status": 1,
        "fuel": 5575,
        "fault": 0.117,
        "weapon": 1,
        "pilot_injury": 0.2485,
        "pilot_skill": 0.222,
        "mission_priority": 0.5488,
        "estimated_landing_time": 1134.0,
        "wait_time": 0,
        "Landing_success_rate": 0.855
    },
    {
        "model": 2,
        "sequence": 21,
        "status": 1,
        "fuel": 6705,
        "fault": 0.5699,
        "weapon": 1,
        "pilot_injury": 0.0548,
        "pilot_skill": 0.0799,
        "mission_priority": 0.2451,
        "estimated_landing_time": 1980.0,
        "wait_time": 0,
        "Landing_success_rate": 0.8889
    },
    {
        "model": 2,
        "sequence": 25,
        "status": 1,
        "fuel": 6423,
        "fault": 0.2154,
        "weapon": 0,
        "pilot_injury": 0.3885,
        "pilot_skill": 0.5877,
        "mission_priority": 0.5782,
        "estimated_landing_time": 2356.0,
        "wait_time": 0,
        "Landing_success_rate": 0.9043
    },
    {
        "model": 0,
        "sequence": 2,
        "status": 1,
        "fuel": 6815,
        "fault": 0.1463,
        "weapon": 0,
        "pilot_injury": 0.7065,
        "pilot_skill": 0.8265,
        "mission_priority": 0.3463,
        "estimated_landing_time": 194.0,
        "wait_time": 0,
        "Landing_success_rate": 0.9342
    },
    {
        "model": 1,
        "sequence": 24,
        "status": 1,
        "fuel": 6813,
        "fault": 0.5888,
        "weapon": 0,
        "pilot_injury": 0.1374,
        "pilot_skill": 0.4674,
        "mission_priority": 0.1559,
        "estimated_landing_time": 2262.0,
        "wait_time": 0,
        "Landing_success_rate": 0.8905
    },
    {
        "model": 2,
        "sequence": 27,
        "status": 1,
        "fuel": 7158,
        "fault": 0.7896,
        "weapon": 1,
        "pilot_injury": 0.7387,
        "pilot_skill": 0.0276,
        "mission_priority": 0.5547,
        "estimated_landing_time": 2544.0,
        "wait_time": 0,
        "Landing_success_rate": 0.8762
    },
    {
        "model": 1,
        "sequence": 13,
        "status": 1,
        "fuel": 6883,
        "fault": 0.1824,
        "weapon": 0,
        "pilot_injury": 0.8692,
        "pilot_skill": 0.6715,
        "mission_priority": 0.0989,
        "estimated_landing_time": 1228.0,
        "wait_time": 0,
        "Landing_success_rate": 0.9348
    },
    {
        "model": 1,
        "sequence": 4,
        "status": 1,
        "fuel": 6909,
        "fault": 0.4181,
        "weapon": 1,
        "pilot_injury": 0.4734,
        "pilot_skill": 0.4193,
        "mission_priority": 0.8871,
        "estimated_landing_time": 382.0,
        "wait_time": 0,
        "Landing_success_rate": 0.9115
    },
    {
        "model": 1,
        "sequence": 15,
        "status": 1,
        "fuel": 6852,
        "fault": 0.2543,
        "weapon": 1,
        "pilot_injury": 0.3291,
        "pilot_skill": 0.7712,
        "mission_priority": 0.9165,
        "estimated_landing_time": 1416.0,
        "wait_time": 0,
        "Landing_success_rate": 0.9256
    },
    {
        "model": 0,
        "sequence": 17,
        "status": 1,
        "fuel": 6272,
        "fault": 0.9009,
        "weapon": 1,
        "pilot_injury": 0.9868,
        "pilot_skill": 0.6971,
        "mission_priority": 0.7511,
        "estimated_landing_time": 1604.0,
        "wait_time": 0,
        "Landing_success_rate": 0.8557
    },
    {
        "model": 1,
        "sequence": 5,
        "status": 1,
        "fuel": 6112,
        "fault": 0.9518,
        "weapon": 0,
        "pilot_injury": 0.634,
        "pilot_skill": 0.739,
        "mission_priority": 0.9178,
        "estimated_landing_time": 476.0,
        "wait_time": 0,
        "Landing_success_rate": 0.8522
    },
    {
        "model": 0,
        "sequence": 28,
        "status": 1,
        "fuel": 7245,
        "fault": 0.4134,
        "weapon": 0,
        "pilot_injury": 0.9458,
        "pilot_skill": 0.5374,
        "mission_priority": 0.0069,
        "estimated_landing_time": 2638.0,
        "wait_time": 0,
        "Landing_success_rate": 0.9268
    },
    {
        "model": 0,
        "sequence": 8,
        "status": 1,
        "fuel": 7067,
        "fault": 0.2775,
        "weapon": 0,
        "pilot_injury": 0.4353,
        "pilot_skill": 0.4512,
        "mission_priority": 0.4004,
        "estimated_landing_time": 758.0,
        "wait_time": 0,
        "Landing_success_rate": 0.9349
    }
]