[
    {
        "model": 0,
        "sequence": 8,
        "status": 1,
        "fuel": 7131,
        "fault": 0.5742,
        "weapon": 0,
        "pilot_injury": 0.4589,
        "pilot_skill": 0.6551,
        "mission_priority": 0.8447,
        "estimated_landing_time": 758.0,
        "wait_time": 0,
        "Landing_success_rate": 0.9021
    },
    {
        "model": 1,
        "sequence": 17,
        "status": 1,
        "fuel": 7005,
        "fault": 0.2538,
        "weapon": 1,
        "pilot_injury": 0.8852,
        "pilot_skill": 0.0803,
        "mission_priority": 0.6054,
        "estimated_landing_time": 1604.0,
        "wait_time": 0,
        "Landing_success_rate": 0.9342
    },
    {
        "model": 2,
        "sequence": 20,
        "status": 1,
        "fuel": 7114,
        "fault": 0.9937,
        "weapon": 0,
        "pilot_injury": 0.0127,
        "pilot_skill": 0.3697,
        "mission_priority": 0.2573,
        "estimated_landing_time": 1886.0,
        "wait_time": 0,
        "Landing_success_rate": 0.8508
    },
    {
        "model": 0,
        "sequence": 25,
        "status": 1,
        "fuel": 6889,
        "fault": 0.4953,
        "weapon": 0,
        "pilot_injury": 0.9998,
        "pilot_skill": 0.5128,
        "mission_priority": 0.5515,
        "estimated_landing_time": 2356.0,
        "wait_time": 0,
        "Landing_success_rate": 0.9026
    },
    {
        "model": 1,
        "sequence": 3,
        "status": 1,
        "fuel": 6311,
        "fault": 0.6974,
        "weapon": 1,
        "pilot_injury": 0.3033,
        "pilot_skill": 0.247,
        "mission_priority": 0.8012,
        "estimated_landing_time": 288.0,
        "wait_time": 0,
        "Landing_success_rate": 0.8684
    },
    {
        "model": 1,
        "sequence": 5,
        "status": 1,
        "fuel": 5503,
        "fault": 0.0058,
        "weapon": 0,
        "pilot_injury": 0.4891,
        "pilot_skill": 0.2189,
        "mission_priority": 0.1851,
        "estimated_landing_time": 476.0,
        "wait_time": 0,
        "Landing_success_rate": 0.8502
    },
    {
        "model": 2,
        "sequence": 2,
        "status": 1,
        "fuel": 6692,
        "fault": 0.2938,
        "weapon": 1,
        "pilot_injury": 0.08,
        "pilot_skill": 0.7649,
        "mission_priority": 0.4533,
        "estimated_landing_time": 194.0,
        "wait_time": 0,
        "Landing_success_rate": 0.9131
    },
    {
        "model": 0,
        "sequence": 7,
        "status": 1,
        "fuel": 6838,
        "fault": 0.9528,
        "weapon": 0,
        "pilot_injury": 0.2663,
        "pilot_skill": 0.0206,
        "mission_priority": 0.214,
        "estimated_landing_time": 664.0,
        "wait_time": 0,
        "Landing_success_rate": 0.8547
    },
    {
        "model": 2,
        "sequence": 18,
        "status": 1,
        "fuel": 6734,
        "fault": 0.034,
        "weapon": 0,
        "pilot_injury": 0.1104,
        "pilot_skill": 0.4622,
        "mission_priority": 0.9153,
        "estimated_landing_time": 1698.0,
        "wait_time": 0,
        "Landing_success_rate": 0.9394
    },
    {
        "model": 2,
        "sequence": 21,
        "status": 1,
        "fuel": 5628,
        "fault": 0.1945,
        "weapon": 0,
        "pilot_injury": 0.4611,
        "pilot_skill": 0.8108,
        "mission_priority": 0.8246,
        "estimated_landing_time": 1980.0,
        "wait_time": 0,
        "Landing_success_rate": 0.8577
    },
    {
        "model": 2,
        "sequence": 14,
        "status": 1,
        "fuel": 6280,
        "fault": 0.4471,
        "weapon": 1,
        "pilot_injury": 0.072,
        "pilot_skill": 0.3495,
        "mission_priority": 0.6798,
        "estimated_landing_time": 1322.0,
        "wait_time": 0,
        "Landing_success_rate": 0.8823
    },
    {
        "model": 2,
        "sequence": 6,
        "status": 1,
        "fuel": 6279,
        "fault": 0.5877,
        "weapon": 1,
        "pilot_injury": 0.4536,
        "pilot_skill": 0.6324,
        "mission_priority": 0.5392,
        "estimated_landing_time": 570.0,
        "wait_time": 0,
        "Landing_success_rate": 0.8741
    },
    {
        "model": 0,
        "sequence": 28,
        "status": 1,
        "fuel": 5506,
        "fault": 0.933,
        "weapon": 0,
        "pilot_injury": 0.5448,
        "pilot_skill": 0.9507,
        "mission_priority": 0.3665,
        "estimated_landing_time": 2638.0,
        "wait_time": 0,
        "Landing_success_rate": 0.85
    },
    {
        "model": 2,
        "sequence": 11,
        "status": 1,
        "fuel": 7118,
        "fault": 0.834,
        "weapon": 0,
        "pilot_injury": 0.2425,
        "pilot_skill": 0.1917,
        "mission_priority": 0.1417,
        "estimated_landing_time": 1040.0,
        "wait_time": 0,
        "Landing_success_rate": 0.8701
    },
    {
        "model": 1,
        "sequence": 15,
        "status": 1,
        "fuel": 5640,
        "fault": 0.8249,
        "weapon": 0,
        "pilot_injury": 0.445,
        "pilot_skill": 0.9884,
        "mission_priority": 0.6701,
        "estimated_landing_time": 1416.0,
        "wait_time": 0,
        "Landing_success_rate": 0.8518
    },
    {
        "model": 1,
        "sequence": 13,
        "status": 1,
        "fuel": 7487,
        "fault": 0.9535,
        "weapon": 0,
        "pilot_injury": 0.4731,
        "pilot_skill": 0.2862,
        "mission_priority": 0.8941,
        "estimated_landing_time": 1228.0,
        "wait_time": 0,
        "Landing_success_rate": 0.8569
    },
    {
        "model": 1,
        "sequence": 4,
        "status": 1,
        "fuel": 7281,
        "fault": 0.6972,
        "weapon": 0,
        "pilot_injury": 0.588,
        "pilot_skill": 0.514,
        "mission_priority": 0.8302,
        "estimated_landing_time": 382.0,
        "wait_time": 0,
        "Landing_success_rate": 0.8904
    },
    {
        "model": 2,
        "sequence": 29,
        "status": 1,
        "fuel": 6480,
        "fault": 0.7929,
        "weapon": 0,
        "pilot_injury": 0.7921,
        "pilot_skill": 0.5281,
        "mission_priority": 0.4021,
        "estimated_landing_time": 2732.0,
        "wait_time": 0,
        "Landing_success_rate": 0.8652
    },
    {
        "model": 1,
        "sequence": 10,
        "status": 1,
        "fuel": 6390,
        "fault": 0.4357,
        "weapon": 0,
        "pilot_injury": 0.9722,
        "pilot_skill": 0.6203,
        "mission_priority": 0.8565,
        "estimated_landing_time": 946.0,
        "wait_time": 0,
        "Landing_success_rate": 0.8877
    },
    {
        "model": 0,
        "sequence": 1,
        "status": 1,
        "fuel": 7256,
        "fault": 0.2317,
        "weapon": 0,
        "pilot_injury": 0.418,
        "pilot_skill": 0.9551,
        "mission_priority": 0.2686,
        "estimated_landing_time": 100.0,
        "wait_time": 0,
        "Landing_success_rate": 0.9512
    },
    {
        "model": 2,
        "sequence": 16,
        "status": 1,
        "fuel": 7261,
        "fault": 0.6947,
        "weapon": 1,
        "pilot_injury": 0.2329,
        "pilot_skill": 0.5154,
        "mission_priority": 0.7288,
        "estimated_landing_time": 1510.0,
        "wait_time": 0,
        "Landing_success_rate": 0.8903
    },
    {
        "model": 2,
        "sequence": 27,
        "status": 1,
        "fuel": 6091,
        "fault": 0.4769,
        "weapon": 1,
        "pilot_injury": 0.6297,
        "pilot_skill": 0.5727,
        "mission_priority": 0.5578,
        "estimated_landing_time": 2544.0,
        "wait_time": 0,
        "Landing_success_rate": 0.8732
    },
    {
        "model": 2,
        "sequence": 19,
        "status": 1,
        "fuel": 6536,
        "fault": 0.5978,
        "weapon": 1,
        "pilot_injury": 0.7516,
        "pilot_skill": 0.7609,
        "mission_priority": 0.7226,
        "estimated_landing_time": 1792.0,
        "wait_time": 0,
        "Landing_success_rate": 0.8813
    },
    {
        "model": 0,
        "sequence": 9,
        "status": 1,
        "fuel": 6432,
        "fault": 0.4751,
        "weapon": 0,
        "pilot_injury": 0.3947,
        "pilot_skill": 0.7338,
        "mission_priority": 0.4979,
        "estimated_landing_time": 852.0,
        "wait_time": 0,
        "Landing_success_rate": 0.8867
    },
    {
        "model": 2,
        "sequence": 24,
        "status": 1,
        "fuel": 7455,
        "fault": 0.5449,
        "weapon": 0,
        "pilot_injury": 0.837,
        "pilot_skill": 0.0615,
        "mission_priority": 0.9721,
        "estimated_landing_time": 2262.0,
        "wait_time": 0,
        "Landing_success_rate": 0.9167
    },
    {
        "model": 2,
        "sequence": 12,
        "status": 1,
        "fuel": 7141,
        "fault": 0.7375,
        "weapon": 1,
        "pilot_injury": 0.5602,
        "pilot_skill": 0.1382,
        "mission_priority": 0.9156,
        "estimated_landing_time": 1134.0,
        "wait_time": 0,
        "Landing_success_rate": 0.8823
    },
    {
        "model": 1,
        "sequence": 26,
        "status": 1,
        "fuel": 5736,
        "fault": 0.941,
        "weapon": 0,
        "pilot_injury": 0.7116,
        "pilot_skill": 0.6634,
        "mission_priority": 0.9629,
        "estimated_landing_time": 2450.0,
        "wait_time": 0,
        "Landing_success_rate": 0.851
    },
    {
        "model": 1,
        "sequence": 22,
        "status": 1,
        "fuel": 7220,
        "fault": 0.9745,
        "weapon": 0,
        "pilot_injury": 0.06,
        "pilot_skill": 0.7331,
        "mission_priority": 0.6173,
        "estimated_landing_time": 2074.0,
        "wait_time": 0,
        "Landing_success_rate": 0.8533
    },
    {
        "model": 2,
        "sequence": 23,
        "status": 1,
        "fuel": 7040,
        "fault": 0.4886,
        "weapon": 0,
        "pilot_injury": 0.9332,
        "pilot_skill": 0.9916,
        "mission_priority": 0.4284,
        "estimated_landing_time": 2168.0,
        "wait_time": 0,
        "Landing_success_rate": 0.9091
    },
    {
        "model": 0,
        "sequence": 30,
        "status": 1,
        "fuel": 6511,
        "fault": 0.2242,
        "weapon": 1,
        "pilot_injury": 0.3184,
        "pilot_skill": 0.5089,
        "mission_priority": 0.1224,
        "estimated_landing_time": 2826.0,
        "wait_time": 0,
        "Landing_success_rate": 0.9088
    }
]