[
    {
        "model": 1,
        "sequence": 24,
        "status": 1,
        "fuel": 7066,
        "fault": 0.0309,
        "weapon": 0,
        "pilot_injury": 0.9649,
        "pilot_skill": 0.0277,
        "mission_priority": 0.716,
        "estimated_landing_time": 2262.0,
        "wait_time": 0,
        "Landing_success_rate": 0.9638
    },
    {
        "model": 0,
        "sequence": 21,
        "status": 1,
        "fuel": 6252,
        "fault": 0.8433,
        "weapon": 1,
        "pilot_injury": 0.8687,
        "pilot_skill": 0.1008,
        "mission_priority": 0.2388,
        "estimated_landing_time": 1980.0,
        "wait_time": 0,
        "Landing_success_rate": 0.8588
    },
    {
        "model": 1,
        "sequence": 7,
        "status": 1,
        "fuel": 6577,
        "fault": 0.9383,
        "weapon": 0,
        "pilot_injury": 0.0296,
        "pilot_skill": 0.8007,
        "mission_priority": 0.2983,
        "estimated_landing_time": 664.0,
        "wait_time": 0,
        "Landing_success_rate": 0.855
    },
    {
        "model": 2,
        "sequence": 18,
        "status": 1,
        "fuel": 6212,
        "fault": 0.843,
        "weapon": 1,
        "pilot_injury": 0.4949,
        "pilot_skill": 0.4292,
        "mission_priority": 0.0116,
        "estimated_landing_time": 1698.0,
        "wait_time": 0,
        "Landing_success_rate": 0.8584
    },
    {
        "model": 0,
        "sequence": 27,
        "status": 1,
        "fuel": 5867,
        "fault": 0.4447,
        "weapon": 0,
        "pilot_injury": 0.7646,
        "pilot_skill": 0.2577,
        "mission_priority": 0.6742,
        "estimated_landing_time": 2544.0,
        "wait_time": 0,
        "Landing_success_rate": 0.8653
    },
    {
        "model": 1,
        "sequence": 10,
        "status": 1,
        "fuel": 7473,
        "fault": 0.6848,
        "weapon": 0,
        "pilot_injury": 0.267,
        "pilot_skill": 0.2671,
        "mission_priority": 0.863,
        "estimated_landing_time": 946.0,
        "wait_time": 0,
        "Landing_success_rate": 0.8966
    },
    {
        "model": 0,
        "sequence": 28,
        "status": 1,
        "fuel": 7401,
        "fault": 0.0874,
        "weapon": 0,
        "pilot_injury": 0.6102,
        "pilot_skill": 0.817,
        "mission_priority": 0.3583,
        "estimated_landing_time": 2638.0,
        "wait_time": 0,
        "Landing_success_rate": 0.9801
    },
    {
        "model": 1,
        "sequence": 26,
        "status": 1,
        "fuel": 6031,
        "fault": 0.3912,
        "weapon": 1,
        "pilot_injury": 0.0645,
        "pilot_skill": 0.6218,
        "mission_priority": 0.8139,
        "estimated_landing_time": 2450.0,
        "wait_time": 0,
        "Landing_success_rate": 0.8742
    },
    {
        "model": 1,
        "sequence": 1,
        "status": 1,
        "fuel": 7361,
        "fault": 0.0296,
        "weapon": 0,
        "pilot_injury": 0.272,
        "pilot_skill": 0.1669,
        "mission_priority": 0.1841,
        "estimated_landing_time": 100.0,
        "wait_time": 0,
        "Landing_success_rate": 0.9854
    },
    {
        "model": 1,
        "sequence": 11,
        "status": 1,
        "fuel": 7335,
        "fault": 0.1224,
        "weapon": 1,
        "pilot_injury": 0.5285,
        "pilot_skill": 0.3278,
        "mission_priority": 0.2896,
        "estimated_landing_time": 1040.0,
        "wait_time": 0,
        "Landing_success_rate": 0.9708
    },
    {
        "model": 0,
        "sequence": 22,
        "status": 1,
        "fuel": 7414,
        "fault": 0.3592,
        "weapon": 1,
        "pilot_injury": 0.8637,
        "pilot_skill": 0.211,
        "mission_priority": 0.8823,
        "estimated_landing_time": 2074.0,
        "wait_time": 0,
        "Landing_success_rate": 0.942
    },
    {
        "model": 0,
        "sequence": 6,
        "status": 1,
        "fuel": 7184,
        "fault": 0.2241,
        "weapon": 1,
        "pilot_injury": 0.0151,
        "pilot_skill": 0.0591,
        "mission_priority": 0.5009,
        "estimated_landing_time": 570.0,
        "wait_time": 0,
        "Landing_success_rate": 0.948
    },
    {
        "model": 2,
        "sequence": 19,
        "status": 1,
        "fuel": 5671,
        "fault": 0.6422,
        "weapon": 1,
        "pilot_injury": 0.6221,
        "pilot_skill": 0.0316,
        "mission_priority": 0.3542,
        "estimated_landing_time": 1792.0,
        "wait_time": 0,
        "Landing_success_rate": 0.8546
    },
    {
        "model": 2,
        "sequence": 16,
        "status": 1,
        "fuel": 5666,
        "fault": 0.5076,
        "weapon": 0,
        "pilot_injury": 0.2578,
        "pilot_skill": 0.2672,
        "mission_priority": 0.6209,
        "estimated_landing_time": 1510.0,
        "wait_time": 0,
        "Landing_success_rate": 0.8561
    },
    {
        "model": 2,
        "sequence": 5,
        "status": 1,
        "fuel": 6964,
        "fault": 0.6062,
        "weapon": 1,
        "pilot_injury": 0.6681,
        "pilot_skill": 0.9862,
        "mission_priority": 0.1535,
        "estimated_landing_time": 476.0,
        "wait_time": 0,
        "Landing_success_rate": 0.8932
    },
    {
        "model": 2,
        "sequence": 29,
        "status": 1,
        "fuel": 6859,
        "fault": 0.5206,
        "weapon": 1,
        "pilot_injury": 0.4388,
        "pilot_skill": 0.4288,
        "mission_priority": 0.2253,
        "estimated_landing_time": 2732.0,
        "wait_time": 0,
        "Landing_success_rate": 0.8989
    },
    {
        "model": 1,
        "sequence": 8,
        "status": 1,
        "fuel": 7217,
        "fault": 0.7056,
        "weapon": 1,
        "pilot_injury": 0.3455,
        "pilot_skill": 0.4427,
        "mission_priority": 0.3838,
        "estimated_landing_time": 758.0,
        "wait_time": 0,
        "Landing_success_rate": 0.8879
    },
    {
        "model": 0,
        "sequence": 15,
        "status": 1,
        "fuel": 6559,
        "fault": 0.7383,
        "weapon": 1,
        "pilot_injury": 0.8399,
        "pilot_skill": 0.9904,
        "mission_priority": 0.2657,
        "estimated_landing_time": 1416.0,
        "wait_time": 0,
        "Landing_success_rate": 0.8708
    },
    {
        "model": 1,
        "sequence": 12,
        "status": 1,
        "fuel": 5675,
        "fault": 0.1275,
        "weapon": 1,
        "pilot_injury": 0.7461,
        "pilot_skill": 0.2014,
        "mission_priority": 0.812,
        "estimated_landing_time": 1134.0,
        "wait_time": 0,
        "Landing_success_rate": 0.8615
    },
    {
        "model": 0,
        "sequence": 4,
        "status": 1,
        "fuel": 6694,
        "fault": 0.6476,
        "weapon": 1,
        "pilot_injury": 0.822,
        "pilot_skill": 0.7472,
        "mission_priority": 0.5012,
        "estimated_landing_time": 382.0,
        "wait_time": 0,
        "Landing_success_rate": 0.8816
    },
    {
        "model": 0,
        "sequence": 3,
        "status": 1,
        "fuel": 6965,
        "fault": 0.58,
        "weapon": 1,
        "pilot_injury": 0.6678,
        "pilot_skill": 0.008,
        "mission_priority": 0.8332,
        "estimated_landing_time": 288.0,
        "wait_time": 0,
        "Landing_success_rate": 0.8961
    },
    {
        "model": 1,
        "sequence": 9,
        "status": 1,
        "fuel": 6714,
        "fault": 0.7402,
        "weapon": 1,
        "pilot_injury": 0.4782,
        "pilot_skill": 0.4331,
        "mission_priority": 0.4501,
        "estimated_landing_time": 852.0,
        "wait_time": 0,
        "Landing_success_rate": 0.8737
    },
    {
        "model": 1,
        "sequence": 2,
        "status": 1,
        "fuel": 6723,
        "fault": 0.1099,
        "weapon": 0,
        "pilot_injury": 0.8421,
        "pilot_skill": 0.3891,
        "mission_priority": 0.5291,
        "estimated_landing_time": 194.0,
        "wait_time": 0,
        "Landing_success_rate": 0.9316
    },
    {
        "model": 0,
        "sequence": 13,
        "status": 1,
        "fuel": 7312,
        "fault": 0.7446,
        "weapon": 0,
        "pilot_injury": 0.5972,
        "pilot_skill": 0.8792,
        "mission_priority": 0.4934,
        "estimated_landing_time": 1228.0,
        "wait_time": 0,
        "Landing_success_rate": 0.8847
    },
    {
        "model": 2,
        "sequence": 23,
        "status": 1,
        "fuel": 7096,
        "fault": 0.3866,
        "weapon": 1,
        "pilot_injury": 0.8998,
        "pilot_skill": 0.7016,
        "mission_priority": 0.9662,
        "estimated_landing_time": 2168.0,
        "wait_time": 0,
        "Landing_success_rate": 0.9234
    },
    {
        "model": 2,
        "sequence": 20,
        "status": 1,
        "fuel": 6660,
        "fault": 0.8607,
        "weapon": 0,
        "pilot_injury": 0.8456,
        "pilot_skill": 0.8932,
        "mission_priority": 0.0058,
        "estimated_landing_time": 1886.0,
        "wait_time": 0,
        "Landing_success_rate": 0.8621
    },
    {
        "model": 0,
        "sequence": 30,
        "status": 1,
        "fuel": 6240,
        "fault": 0.5517,
        "weapon": 0,
        "pilot_injury": 0.5732,
        "pilot_skill": 0.4692,
        "mission_priority": 0.7427,
        "estimated_landing_time": 2826.0,
        "wait_time": 0,
        "Landing_success_rate": 0.8749
    },
    {
        "model": 1,
        "sequence": 17,
        "status": 1,
        "fuel": 7475,
        "fault": 0.9329,
        "weapon": 0,
        "pilot_injury": 0.6781,
        "pilot_skill": 0.6544,
        "mission_priority": 0.6952,
        "estimated_landing_time": 1604.0,
        "wait_time": 0,
        "Landing_success_rate": 0.8599
    },
    {
        "model": 1,
        "sequence": 25,
        "status": 1,
        "fuel": 7257,
        "fault": 0.099,
        "weapon": 1,
        "pilot_injury": 0.7843,
        "pilot_skill": 0.0531,
        "mission_priority": 0.7592,
        "estimated_landing_time": 2356.0,
        "wait_time": 0,
        "Landing_success_rate": 0.9687
    },
    {
        "model": 0,
        "sequence": 14,
        "status": 1,
        "fuel": 6551,
        "fault": 0.5134,
        "weapon": 0,
        "pilot_injury": 0.9101,
        "pilot_skill": 0.4731,
        "mission_priority": 0.1781,
        "estimated_landing_time": 1322.0,
        "wait_time": 0,
        "Landing_success_rate": 0.8884
    }
]