[
    {
        "model": 0,
        "sequence": 8,
        "status": 1,
        "fuel": 5559,
        "fault": 0.3456,
        "weapon": 1,
        "pilot_injury": 0.543,
        "pilot_skill": 0.6019,
        "mission_priority": 0.5283,
        "estimated_landing_time": 758.0,
        "wait_time": 0,
        "Landing_success_rate": 0.8529
    },
    {
        "model": 1,
        "sequence": 9,
        "status": 1,
        "fuel": 6705,
        "fault": 0.033,
        "weapon": 0,
        "pilot_injury": 0.7813,
        "pilot_skill": 0.5173,
        "mission_priority": 0.3318,
        "estimated_landing_time": 852.0,
        "wait_time": 0,
        "Landing_success_rate": 0.9374
    },
    {
        "model": 0,
        "sequence": 13,
        "status": 1,
        "fuel": 5558,
        "fault": 0.406,
        "weapon": 1,
        "pilot_injury": 0.0302,
        "pilot_skill": 0.9805,
        "mission_priority": 0.1145,
        "estimated_landing_time": 1228.0,
        "wait_time": 0,
        "Landing_success_rate": 0.8526
    },
    {
        "model": 0,
        "sequence": 21,
        "status": 1,
        "fuel": 7206,
        "fault": 0.5524,
        "weapon": 1,
        "pilot_injury": 0.4814,
        "pilot_skill": 0.92,
        "mission_priority": 0.0735,
        "estimated_landing_time": 1980.0,
        "wait_time": 0,
        "Landing_success_rate": 0.9073
    },
    {
        "model": 0,
        "sequence": 24,
        "status": 1,
        "fuel": 5538,
        "fault": 0.8999,
        "weapon": 1,
        "pilot_injury": 0.9702,
        "pilot_skill": 0.5413,
        "mission_priority": 0.652,
        "estimated_landing_time": 2262.0,
        "wait_time": 0,
        "Landing_success_rate": 0.8503
    },
    {
        "model": 0,
        "sequence": 5,
        "status": 1,
        "fuel": 5962,
        "fault": 0.5307,
        "weapon": 0,
        "pilot_injury": 0.7108,
        "pilot_skill": 0.0104,
        "mission_priority": 0.0342,
        "estimated_landing_time": 476.0,
        "wait_time": 0,
        "Landing_success_rate": 0.8663
    },
    {
        "model": 2,
        "sequence": 16,
        "status": 1,
        "fuel": 6006,
        "fault": 0.2666,
        "weapon": 0,
        "pilot_injury": 0.9358,
        "pilot_skill": 0.7299,
        "mission_priority": 0.373,
        "estimated_landing_time": 1510.0,
        "wait_time": 0,
        "Landing_success_rate": 0.8778
    },
    {
        "model": 1,
        "sequence": 22,
        "status": 1,
        "fuel": 6761,
        "fault": 0.1522,
        "weapon": 1,
        "pilot_injury": 0.5845,
        "pilot_skill": 0.1924,
        "mission_priority": 0.6817,
        "estimated_landing_time": 2074.0,
        "wait_time": 0,
        "Landing_success_rate": 0.9302
    },
    {
        "model": 1,
        "sequence": 2,
        "status": 1,
        "fuel": 6965,
        "fault": 0.8552,
        "weapon": 0,
        "pilot_injury": 0.0901,
        "pilot_skill": 0.2362,
        "mission_priority": 0.0914,
        "estimated_landing_time": 194.0,
        "wait_time": 0,
        "Landing_success_rate": 0.8659
    },
    {
        "model": 2,
        "sequence": 7,
        "status": 1,
        "fuel": 6652,
        "fault": 0.441,
        "weapon": 0,
        "pilot_injury": 0.687,
        "pilot_skill": 0.7885,
        "mission_priority": 0.6951,
        "estimated_landing_time": 664.0,
        "wait_time": 0,
        "Landing_success_rate": 0.8983
    },
    {
        "model": 0,
        "sequence": 30,
        "status": 1,
        "fuel": 6274,
        "fault": 0.7226,
        "weapon": 1,
        "pilot_injury": 0.9277,
        "pilot_skill": 0.3876,
        "mission_priority": 0.2524,
        "estimated_landing_time": 2826.0,
        "wait_time": 0,
        "Landing_success_rate": 0.8661
    },
    {
        "model": 0,
        "sequence": 11,
        "status": 1,
        "fuel": 6811,
        "fault": 0.0098,
        "weapon": 0,
        "pilot_injury": 0.2618,
        "pilot_skill": 0.7788,
        "mission_priority": 0.8908,
        "estimated_landing_time": 1040.0,
        "wait_time": 0,
        "Landing_success_rate": 0.9474
    },
    {
        "model": 0,
        "sequence": 3,
        "status": 1,
        "fuel": 6385,
        "fault": 0.8951,
        "weapon": 0,
        "pilot_injury": 0.1871,
        "pilot_skill": 0.5476,
        "mission_priority": 0.6362,
        "estimated_landing_time": 288.0,
        "wait_time": 0,
        "Landing_success_rate": 0.857
    },
    {
        "model": 0,
        "sequence": 1,
        "status": 1,
        "fuel": 6174,
        "fault": 0.8154,
        "weapon": 1,
        "pilot_injury": 0.7341,
        "pilot_skill": 0.8391,
        "mission_priority": 0.6352,
        "estimated_landing_time": 100.0,
        "wait_time": 0,
        "Landing_success_rate": 0.8593
    },
    {
        "model": 2,
        "sequence": 4,
        "status": 1,
        "fuel": 6185,
        "fault": 0.3032,
        "weapon": 0,
        "pilot_injury": 0.3016,
        "pilot_skill": 0.037,
        "mission_priority": 0.8392,
        "estimated_landing_time": 382.0,
        "wait_time": 0,
        "Landing_success_rate": 0.8858
    },
    {
        "model": 1,
        "sequence": 20,
        "status": 1,
        "fuel": 6741,
        "fault": 0.9129,
        "weapon": 0,
        "pilot_injury": 0.8896,
        "pilot_skill": 0.1101,
        "mission_priority": 0.7145,
        "estimated_landing_time": 1886.0,
        "wait_time": 0,
        "Landing_success_rate": 0.8581
    },
    {
        "model": 0,
        "sequence": 18,
        "status": 1,
        "fuel": 5541,
        "fault": 0.6662,
        "weapon": 1,
        "pilot_injury": 0.1329,
        "pilot_skill": 0.9509,
        "mission_priority": 0.4404,
        "estimated_landing_time": 1698.0,
        "wait_time": 0,
        "Landing_success_rate": 0.851
    },
    {
        "model": 0,
        "sequence": 6,
        "status": 1,
        "fuel": 6380,
        "fault": 0.0288,
        "weapon": 1,
        "pilot_injury": 0.1997,
        "pilot_skill": 0.0068,
        "mission_priority": 0.7584,
        "estimated_landing_time": 570.0,
        "wait_time": 0,
        "Landing_success_rate": 0.9141
    },
    {
        "model": 0,
        "sequence": 15,
        "status": 1,
        "fuel": 6336,
        "fault": 0.6037,
        "weapon": 0,
        "pilot_injury": 0.5928,
        "pilot_skill": 0.087,
        "mission_priority": 0.2178,
        "estimated_landing_time": 1416.0,
        "wait_time": 0,
        "Landing_success_rate": 0.8748
    },
    {
        "model": 1,
        "sequence": 23,
        "status": 1,
        "fuel": 5612,
        "fault": 0.374,
        "weapon": 1,
        "pilot_injury": 0.5321,
        "pilot_skill": 0.7995,
        "mission_priority": 0.7926,
        "estimated_landing_time": 2168.0,
        "wait_time": 0,
        "Landing_success_rate": 0.8553
    },
    {
        "model": 1,
        "sequence": 29,
        "status": 1,
        "fuel": 6373,
        "fault": 0.0046,
        "weapon": 0,
        "pilot_injury": 0.1994,
        "pilot_skill": 0.1772,
        "mission_priority": 0.7993,
        "estimated_landing_time": 2732.0,
        "wait_time": 0,
        "Landing_success_rate": 0.9152
    },
    {
        "model": 2,
        "sequence": 19,
        "status": 1,
        "fuel": 7001,
        "fault": 0.9901,
        "weapon": 1,
        "pilot_injury": 0.744,
        "pilot_skill": 0.3959,
        "mission_priority": 0.1302,
        "estimated_landing_time": 1792.0,
        "wait_time": 0,
        "Landing_success_rate": 0.8511
    },
    {
        "model": 1,
        "sequence": 17,
        "status": 1,
        "fuel": 5542,
        "fault": 0.8971,
        "weapon": 1,
        "pilot_injury": 0.0128,
        "pilot_skill": 0.5626,
        "mission_priority": 0.4694,
        "estimated_landing_time": 1604.0,
        "wait_time": 0,
        "Landing_success_rate": 0.8503
    },
    {
        "model": 1,
        "sequence": 28,
        "status": 1,
        "fuel": 6093,
        "fault": 0.194,
        "weapon": 1,
        "pilot_injury": 0.188,
        "pilot_skill": 0.725,
        "mission_priority": 0.5362,
        "estimated_landing_time": 2638.0,
        "wait_time": 0,
        "Landing_success_rate": 0.8858
    },
    {
        "model": 0,
        "sequence": 12,
        "status": 1,
        "fuel": 7263,
        "fault": 0.88,
        "weapon": 1,
        "pilot_injury": 0.9569,
        "pilot_skill": 0.5151,
        "mission_priority": 0.146,
        "estimated_landing_time": 1134.0,
        "wait_time": 0,
        "Landing_success_rate": 0.8659
    },
    {
        "model": 1,
        "sequence": 26,
        "status": 1,
        "fuel": 7258,
        "fault": 0.6086,
        "weapon": 1,
        "pilot_injury": 0.0605,
        "pilot_skill": 0.1189,
        "mission_priority": 0.3432,
        "estimated_landing_time": 2450.0,
        "wait_time": 0,
        "Landing_success_rate": 0.9016
    },
    {
        "model": 0,
        "sequence": 14,
        "status": 1,
        "fuel": 5880,
        "fault": 0.1083,
        "weapon": 0,
        "pilot_injury": 0.1786,
        "pilot_skill": 0.7792,
        "mission_priority": 0.8715,
        "estimated_landing_time": 1322.0,
        "wait_time": 0,
        "Landing_success_rate": 0.8754
    },
    {
        "model": 2,
        "sequence": 25,
        "status": 1,
        "fuel": 5608,
        "fault": 0.2404,
        "weapon": 0,
        "pilot_injury": 0.9535,
        "pilot_skill": 0.5355,
        "mission_priority": 0.9951,
        "estimated_landing_time": 2356.0,
        "wait_time": 0,
        "Landing_success_rate": 0.8562
    },
    {
        "model": 0,
        "sequence": 27,
        "status": 1,
        "fuel": 6126,
        "fault": 0.0517,
        "weapon": 1,
        "pilot_injury": 0.4972,
        "pilot_skill": 0.0227,
        "mission_priority": 0.9722,
        "estimated_landing_time": 2544.0,
        "wait_time": 0,
        "Landing_success_rate": 0.8945
    },
    {
        "model": 2,
        "sequence": 10,
        "status": 1,
        "fuel": 5761,
        "fault": 0.5147,
        "weapon": 1,
        "pilot_injury": 0.9541,
        "pilot_skill": 0.141,
        "mission_priority": 0.6801,
        "estimated_landing_time": 946.0,
        "wait_time": 0,
        "Landing_success_rate": 0.8595
    }
]