[
    {
        "model": 0,
        "sequence": 9,
        "status": 1,
        "fuel": 7287,
        "fault": 0.8929,
        "weapon": 1,
        "pilot_injury": 0.8311,
        "pilot_skill": 0.2633,
        "mission_priority": 0.9559,
        "estimated_landing_time": 852.0,
        "wait_time": 0,
        "Landing_success_rate": 0.8644
    },
    {
        "model": 0,
        "sequence": 18,
        "status": 1,
        "fuel": 5988,
        "fault": 0.4867,
        "weapon": 1,
        "pilot_injury": 0.898,
        "pilot_skill": 0.0674,
        "mission_priority": 0.6048,
        "estimated_landing_time": 1698.0,
        "wait_time": 0,
        "Landing_success_rate": 0.8688
    },
    {
        "model": 0,
        "sequence": 29,
        "status": 1,
        "fuel": 5772,
        "fault": 0.6474,
        "weapon": 0,
        "pilot_injury": 0.0919,
        "pilot_skill": 0.8294,
        "mission_priority": 0.4665,
        "estimated_landing_time": 2732.0,
        "wait_time": 0,
        "Landing_success_rate": 0.8572
    },
    {
        "model": 0,
        "sequence": 17,
        "status": 1,
        "fuel": 6491,
        "fault": 0.5079,
        "weapon": 1,
        "pilot_injury": 0.6402,
        "pilot_skill": 0.0423,
        "mission_priority": 0.7911,
        "estimated_landing_time": 1604.0,
        "wait_time": 0,
        "Landing_success_rate": 0.8866
    },
    {
        "model": 1,
        "sequence": 2,
        "status": 1,
        "fuel": 5707,
        "fault": 0.8701,
        "weapon": 1,
        "pilot_injury": 0.4723,
        "pilot_skill": 0.6692,
        "mission_priority": 0.9591,
        "estimated_landing_time": 194.0,
        "wait_time": 0,
        "Landing_success_rate": 0.852
    },
    {
        "model": 0,
        "sequence": 22,
        "status": 1,
        "fuel": 7060,
        "fault": 0.792,
        "weapon": 1,
        "pilot_injury": 0.3251,
        "pilot_skill": 0.5265,
        "mission_priority": 0.1156,
        "estimated_landing_time": 2074.0,
        "wait_time": 0,
        "Landing_success_rate": 0.8743
    },
    {
        "model": 0,
        "sequence": 3,
        "status": 1,
        "fuel": 6259,
        "fault": 0.4013,
        "weapon": 1,
        "pilot_injury": 0.8488,
        "pilot_skill": 0.9966,
        "mission_priority": 0.9862,
        "estimated_landing_time": 288.0,
        "wait_time": 0,
        "Landing_success_rate": 0.8841
    },
    {
        "model": 2,
        "sequence": 24,
        "status": 1,
        "fuel": 6566,
        "fault": 0.6085,
        "weapon": 0,
        "pilot_injury": 0.2747,
        "pilot_skill": 0.1997,
        "mission_priority": 0.1501,
        "estimated_landing_time": 2262.0,
        "wait_time": 0,
        "Landing_success_rate": 0.8813
    },
    {
        "model": 2,
        "sequence": 21,
        "status": 1,
        "fuel": 6141,
        "fault": 0.8725,
        "weapon": 1,
        "pilot_injury": 0.8328,
        "pilot_skill": 0.4497,
        "mission_priority": 0.9872,
        "estimated_landing_time": 1980.0,
        "wait_time": 0,
        "Landing_success_rate": 0.8561
    },
    {
        "model": 2,
        "sequence": 6,
        "status": 1,
        "fuel": 7257,
        "fault": 0.8357,
        "weapon": 0,
        "pilot_injury": 0.1805,
        "pilot_skill": 0.5556,
        "mission_priority": 0.2432,
        "estimated_landing_time": 570.0,
        "wait_time": 0,
        "Landing_success_rate": 0.8717
    },
    {
        "model": 0,
        "sequence": 19,
        "status": 1,
        "fuel": 6204,
        "fault": 0.4384,
        "weapon": 1,
        "pilot_injury": 0.2109,
        "pilot_skill": 0.1607,
        "mission_priority": 0.8754,
        "estimated_landing_time": 1792.0,
        "wait_time": 0,
        "Landing_success_rate": 0.8797
    },
    {
        "model": 0,
        "sequence": 20,
        "status": 1,
        "fuel": 5752,
        "fault": 0.6334,
        "weapon": 1,
        "pilot_injury": 0.221,
        "pilot_skill": 0.4253,
        "mission_priority": 0.2313,
        "estimated_landing_time": 1886.0,
        "wait_time": 0,
        "Landing_success_rate": 0.8569
    },
    {
        "model": 1,
        "sequence": 26,
        "status": 1,
        "fuel": 5631,
        "fault": 0.0948,
        "weapon": 0,
        "pilot_injury": 0.7881,
        "pilot_skill": 0.3127,
        "mission_priority": 0.5056,
        "estimated_landing_time": 2450.0,
        "wait_time": 0,
        "Landing_success_rate": 0.8589
    },
    {
        "model": 1,
        "sequence": 16,
        "status": 1,
        "fuel": 7250,
        "fault": 0.773,
        "weapon": 1,
        "pilot_injury": 0.5219,
        "pilot_skill": 0.1735,
        "mission_priority": 0.2728,
        "estimated_landing_time": 1510.0,
        "wait_time": 0,
        "Landing_success_rate": 0.8798
    },
    {
        "model": 1,
        "sequence": 27,
        "status": 1,
        "fuel": 5562,
        "fault": 0.2715,
        "weapon": 0,
        "pilot_injury": 0.5259,
        "pilot_skill": 0.3371,
        "mission_priority": 0.9638,
        "estimated_landing_time": 2544.0,
        "wait_time": 0,
        "Landing_success_rate": 0.8534
    },
    {
        "model": 1,
        "sequence": 13,
        "status": 1,
        "fuel": 7497,
        "fault": 0.7547,
        "weapon": 1,
        "pilot_injury": 0.316,
        "pilot_skill": 0.2235,
        "mission_priority": 0.9696,
        "estimated_landing_time": 1228.0,
        "wait_time": 0,
        "Landing_success_rate": 0.8867
    },
    {
        "model": 0,
        "sequence": 12,
        "status": 1,
        "fuel": 5753,
        "fault": 0.6296,
        "weapon": 1,
        "pilot_injury": 0.6971,
        "pilot_skill": 0.9914,
        "mission_priority": 0.5932,
        "estimated_landing_time": 1134.0,
        "wait_time": 0,
        "Landing_success_rate": 0.857
    },
    {
        "model": 2,
        "sequence": 1,
        "status": 1,
        "fuel": 6981,
        "fault": 0.9895,
        "weapon": 0,
        "pilot_injury": 0.6666,
        "pilot_skill": 0.6576,
        "mission_priority": 0.7482,
        "estimated_landing_time": 100.0,
        "wait_time": 0,
        "Landing_success_rate": 0.8512
    },
    {
        "model": 0,
        "sequence": 30,
        "status": 1,
        "fuel": 6603,
        "fault": 0.0265,
        "weapon": 1,
        "pilot_injury": 0.5512,
        "pilot_skill": 0.6496,
        "mission_priority": 0.0349,
        "estimated_landing_time": 2826.0,
        "wait_time": 0,
        "Landing_success_rate": 0.9305
    },
    {
        "model": 0,
        "sequence": 10,
        "status": 1,
        "fuel": 5711,
        "fault": 0.5626,
        "weapon": 0,
        "pilot_injury": 0.0651,
        "pilot_skill": 0.7868,
        "mission_priority": 0.4322,
        "estimated_landing_time": 946.0,
        "wait_time": 0,
        "Landing_success_rate": 0.8569
    },
    {
        "model": 0,
        "sequence": 4,
        "status": 1,
        "fuel": 6374,
        "fault": 0.9311,
        "weapon": 1,
        "pilot_injury": 0.857,
        "pilot_skill": 0.68,
        "mission_priority": 0.5,
        "estimated_landing_time": 382.0,
        "wait_time": 0,
        "Landing_success_rate": 0.8545
    },
    {
        "model": 0,
        "sequence": 8,
        "status": 1,
        "fuel": 6938,
        "fault": 0.5828,
        "weapon": 1,
        "pilot_injury": 0.005,
        "pilot_skill": 0.4789,
        "mission_priority": 0.0422,
        "estimated_landing_time": 758.0,
        "wait_time": 0,
        "Landing_success_rate": 0.895
    },
    {
        "model": 2,
        "sequence": 14,
        "status": 1,
        "fuel": 7035,
        "fault": 0.635,
        "weapon": 1,
        "pilot_injury": 0.9441,
        "pilot_skill": 0.2421,
        "mission_priority": 0.0214,
        "estimated_landing_time": 1322.0,
        "wait_time": 0,
        "Landing_success_rate": 0.892
    },
    {
        "model": 2,
        "sequence": 11,
        "status": 1,
        "fuel": 6452,
        "fault": 0.9532,
        "weapon": 1,
        "pilot_injury": 0.677,
        "pilot_skill": 0.4951,
        "mission_priority": 0.3988,
        "estimated_landing_time": 1040.0,
        "wait_time": 0,
        "Landing_success_rate": 0.8533
    },
    {
        "model": 1,
        "sequence": 23,
        "status": 1,
        "fuel": 7491,
        "fault": 0.7739,
        "weapon": 1,
        "pilot_injury": 0.2484,
        "pilot_skill": 0.0547,
        "mission_priority": 0.5646,
        "estimated_landing_time": 2168.0,
        "wait_time": 0,
        "Landing_success_rate": 0.8838
    },
    {
        "model": 0,
        "sequence": 5,
        "status": 1,
        "fuel": 6627,
        "fault": 0.6999,
        "weapon": 1,
        "pilot_injury": 0.0809,
        "pilot_skill": 0.9663,
        "mission_priority": 0.1869,
        "estimated_landing_time": 476.0,
        "wait_time": 0,
        "Landing_success_rate": 0.8754
    },
    {
        "model": 1,
        "sequence": 25,
        "status": 1,
        "fuel": 6708,
        "fault": 0.5232,
        "weapon": 1,
        "pilot_injury": 0.8901,
        "pilot_skill": 0.7225,
        "mission_priority": 0.1448,
        "estimated_landing_time": 2356.0,
        "wait_time": 0,
        "Landing_success_rate": 0.8932
    },
    {
        "model": 2,
        "sequence": 28,
        "status": 1,
        "fuel": 6424,
        "fault": 0.2102,
        "weapon": 0,
        "pilot_injury": 0.7021,
        "pilot_skill": 0.5718,
        "mission_priority": 0.4573,
        "estimated_landing_time": 2638.0,
        "wait_time": 0,
        "Landing_success_rate": 0.9047
    },
    {
        "model": 2,
        "sequence": 15,
        "status": 1,
        "fuel": 7102,
        "fault": 0.2088,
        "weapon": 1,
        "pilot_injury": 0.9872,
        "pilot_skill": 0.9478,
        "mission_priority": 0.7074,
        "estimated_landing_time": 1416.0,
        "wait_time": 0,
        "Landing_success_rate": 0.9451
    },
    {
        "model": 1,
        "sequence": 7,
        "status": 1,
        "fuel": 6261,
        "fault": 0.1721,
        "weapon": 0,
        "pilot_injury": 0.5815,
        "pilot_skill": 0.2727,
        "mission_priority": 0.8856,
        "estimated_landing_time": 664.0,
        "wait_time": 0,
        "Landing_success_rate": 0.8973
    }
]