[
    {
        "model": 1,
        "sequence": 8,
        "status": 1,
        "fuel": 6817,
        "fault": 0.0947,
        "weapon": 0,
        "pilot_injury": 0.6607,
        "pilot_skill": 0.1216,
        "mission_priority": 0.7445,
        "estimated_landing_time": 758.0,
        "wait_time": 0,
        "Landing_success_rate": 0.9394
    },
    {
        "model": 1,
        "sequence": 25,
        "status": 1,
        "fuel": 6494,
        "fault": 0.9914,
        "weapon": 1,
        "pilot_injury": 0.2895,
        "pilot_skill": 0.5573,
        "mission_priority": 0.6017,
        "estimated_landing_time": 2356.0,
        "wait_time": 0,
        "Landing_success_rate": 0.8506
    },
    {
        "model": 0,
        "sequence": 7,
        "status": 1,
        "fuel": 5672,
        "fault": 0.252,
        "weapon": 0,
        "pilot_injury": 0.2058,
        "pilot_skill": 0.774,
        "mission_priority": 0.0083,
        "estimated_landing_time": 664.0,
        "wait_time": 0,
        "Landing_success_rate": 0.8596
    },
    {
        "model": 0,
        "sequence": 9,
        "status": 1,
        "fuel": 5633,
        "fault": 0.7328,
        "weapon": 1,
        "pilot_injury": 0.5972,
        "pilot_skill": 0.1947,
        "mission_priority": 0.3653,
        "estimated_landing_time": 852.0,
        "wait_time": 0,
        "Landing_success_rate": 0.8527
    },
    {
        "model": 0,
        "sequence": 21,
        "status": 1,
        "fuel": 5717,
        "fault": 0.7634,
        "weapon": 0,
        "pilot_injury": 0.9425,
        "pilot_skill": 0.9974,
        "mission_priority": 0.6857,
        "estimated_landing_time": 1980.0,
        "wait_time": 0,
        "Landing_success_rate": 0.8539
    },
    {
        "model": 1,
        "sequence": 23,
        "status": 1,
        "fuel": 6741,
        "fault": 0.2233,
        "weapon": 0,
        "pilot_injury": 0.7717,
        "pilot_skill": 0.739,
        "mission_priority": 0.0819,
        "estimated_landing_time": 2168.0,
        "wait_time": 0,
        "Landing_success_rate": 0.9223
    },
    {
        "model": 1,
        "sequence": 28,
        "status": 1,
        "fuel": 6455,
        "fault": 0.75,
        "weapon": 1,
        "pilot_injury": 0.3693,
        "pilot_skill": 0.3443,
        "mission_priority": 0.7871,
        "estimated_landing_time": 2638.0,
        "wait_time": 0,
        "Landing_success_rate": 0.8679
    },
    {
        "model": 0,
        "sequence": 27,
        "status": 1,
        "fuel": 6755,
        "fault": 0.9656,
        "weapon": 0,
        "pilot_injury": 0.2964,
        "pilot_skill": 0.6237,
        "mission_priority": 0.1203,
        "estimated_landing_time": 2544.0,
        "wait_time": 0,
        "Landing_success_rate": 0.8532
    },
    {
        "model": 0,
        "sequence": 15,
        "status": 1,
        "fuel": 6823,
        "fault": 0.3233,
        "weapon": 0,
        "pilot_injury": 0.4527,
        "pilot_skill": 0.8557,
        "mission_priority": 0.8236,
        "estimated_landing_time": 1416.0,
        "wait_time": 0,
        "Landing_success_rate": 0.9171
    },
    {
        "model": 0,
        "sequence": 1,
        "status": 1,
        "fuel": 7089,
        "fault": 0.7439,
        "weapon": 1,
        "pilot_injury": 0.1861,
        "pilot_skill": 0.2961,
        "mission_priority": 0.1362,
        "estimated_landing_time": 100.0,
        "wait_time": 0,
        "Landing_success_rate": 0.8805
    },
    {
        "model": 1,
        "sequence": 30,
        "status": 1,
        "fuel": 5518,
        "fault": 0.3584,
        "weapon": 1,
        "pilot_injury": 0.9512,
        "pilot_skill": 0.8896,
        "mission_priority": 0.4573,
        "estimated_landing_time": 2826.0,
        "wait_time": 0,
        "Landing_success_rate": 0.8509
    },
    {
        "model": 2,
        "sequence": 29,
        "status": 1,
        "fuel": 6713,
        "fault": 0.5182,
        "weapon": 0,
        "pilot_injury": 0.403,
        "pilot_skill": 0.8712,
        "mission_priority": 0.0292,
        "estimated_landing_time": 2732.0,
        "wait_time": 0,
        "Landing_success_rate": 0.8938
    },
    {
        "model": 2,
        "sequence": 6,
        "status": 1,
        "fuel": 5864,
        "fault": 0.1451,
        "weapon": 0,
        "pilot_injury": 0.122,
        "pilot_skill": 0.9825,
        "mission_priority": 0.0124,
        "estimated_landing_time": 570.0,
        "wait_time": 0,
        "Landing_success_rate": 0.8733
    },
    {
        "model": 1,
        "sequence": 20,
        "status": 1,
        "fuel": 6222,
        "fault": 0.6739,
        "weapon": 1,
        "pilot_injury": 0.1327,
        "pilot_skill": 0.1574,
        "mission_priority": 0.7012,
        "estimated_landing_time": 1886.0,
        "wait_time": 0,
        "Landing_success_rate": 0.8677
    },
    {
        "model": 0,
        "sequence": 22,
        "status": 1,
        "fuel": 6529,
        "fault": 0.7257,
        "weapon": 0,
        "pilot_injury": 0.9287,
        "pilot_skill": 0.8425,
        "mission_priority": 0.009,
        "estimated_landing_time": 2074.0,
        "wait_time": 0,
        "Landing_success_rate": 0.8712
    },
    {
        "model": 0,
        "sequence": 4,
        "status": 1,
        "fuel": 7066,
        "fault": 0.6156,
        "weapon": 0,
        "pilot_injury": 0.4545,
        "pilot_skill": 0.094,
        "mission_priority": 0.2821,
        "estimated_landing_time": 382.0,
        "wait_time": 0,
        "Landing_success_rate": 0.8951
    },
    {
        "model": 0,
        "sequence": 12,
        "status": 1,
        "fuel": 6842,
        "fault": 0.0863,
        "weapon": 1,
        "pilot_injury": 0.6475,
        "pilot_skill": 0.923,
        "mission_priority": 0.0049,
        "estimated_landing_time": 1134.0,
        "wait_time": 0,
        "Landing_success_rate": 0.942
    },
    {
        "model": 0,
        "sequence": 26,
        "status": 1,
        "fuel": 6781,
        "fault": 0.7311,
        "weapon": 1,
        "pilot_injury": 0.0466,
        "pilot_skill": 0.7902,
        "mission_priority": 0.2245,
        "estimated_landing_time": 2450.0,
        "wait_time": 0,
        "Landing_success_rate": 0.8758
    },
    {
        "model": 1,
        "sequence": 16,
        "status": 1,
        "fuel": 5663,
        "fault": 0.0315,
        "weapon": 0,
        "pilot_injury": 0.5344,
        "pilot_skill": 0.4982,
        "mission_priority": 0.3472,
        "estimated_landing_time": 1510.0,
        "wait_time": 0,
        "Landing_success_rate": 0.8618
    },
    {
        "model": 2,
        "sequence": 5,
        "status": 1,
        "fuel": 6282,
        "fault": 0.6698,
        "weapon": 1,
        "pilot_injury": 0.8764,
        "pilot_skill": 0.5406,
        "mission_priority": 0.2442,
        "estimated_landing_time": 476.0,
        "wait_time": 0,
        "Landing_success_rate": 0.8694
    },
    {
        "model": 2,
        "sequence": 19,
        "status": 1,
        "fuel": 6361,
        "fault": 0.656,
        "weapon": 0,
        "pilot_injury": 0.0961,
        "pilot_skill": 0.0132,
        "mission_priority": 0.4694,
        "estimated_landing_time": 1792.0,
        "wait_time": 0,
        "Landing_success_rate": 0.8722
    },
    {
        "model": 1,
        "sequence": 24,
        "status": 1,
        "fuel": 6508,
        "fault": 0.1223,
        "weapon": 0,
        "pilot_injury": 0.0514,
        "pilot_skill": 0.69,
        "mission_priority": 0.6423,
        "estimated_landing_time": 2262.0,
        "wait_time": 0,
        "Landing_success_rate": 0.9164
    },
    {
        "model": 0,
        "sequence": 2,
        "status": 1,
        "fuel": 6416,
        "fault": 0.076,
        "weapon": 1,
        "pilot_injury": 0.7957,
        "pilot_skill": 0.4792,
        "mission_priority": 0.5364,
        "estimated_landing_time": 194.0,
        "wait_time": 0,
        "Landing_success_rate": 0.9135
    },
    {
        "model": 2,
        "sequence": 13,
        "status": 1,
        "fuel": 6496,
        "fault": 0.77,
        "weapon": 1,
        "pilot_injury": 0.2501,
        "pilot_skill": 0.0048,
        "mission_priority": 0.3966,
        "estimated_landing_time": 1228.0,
        "wait_time": 0,
        "Landing_success_rate": 0.8672
    },
    {
        "model": 1,
        "sequence": 17,
        "status": 1,
        "fuel": 6915,
        "fault": 0.3503,
        "weapon": 1,
        "pilot_injury": 0.0666,
        "pilot_skill": 0.924,
        "mission_priority": 0.264,
        "estimated_landing_time": 1604.0,
        "wait_time": 0,
        "Landing_success_rate": 0.9189
    },
    {
        "model": 0,
        "sequence": 10,
        "status": 1,
        "fuel": 5554,
        "fault": 0.8396,
        "weapon": 0,
        "pilot_injury": 0.6531,
        "pilot_skill": 0.7089,
        "mission_priority": 0.9288,
        "estimated_landing_time": 946.0,
        "wait_time": 0,
        "Landing_success_rate": 0.8506
    },
    {
        "model": 2,
        "sequence": 11,
        "status": 1,
        "fuel": 6749,
        "fault": 0.5495,
        "weapon": 0,
        "pilot_injury": 0.7261,
        "pilot_skill": 0.7068,
        "mission_priority": 0.9371,
        "estimated_landing_time": 1040.0,
        "wait_time": 0,
        "Landing_success_rate": 0.8922
    },
    {
        "model": 1,
        "sequence": 3,
        "status": 1,
        "fuel": 6253,
        "fault": 0.2607,
        "weapon": 1,
        "pilot_injury": 0.0669,
        "pilot_skill": 0.4804,
        "mission_priority": 0.1194,
        "estimated_landing_time": 288.0,
        "wait_time": 0,
        "Landing_success_rate": 0.8918
    },
    {
        "model": 2,
        "sequence": 14,
        "status": 1,
        "fuel": 6333,
        "fault": 0.5744,
        "weapon": 0,
        "pilot_injury": 0.0488,
        "pilot_skill": 0.3196,
        "mission_priority": 0.395,
        "estimated_landing_time": 1322.0,
        "wait_time": 0,
        "Landing_success_rate": 0.8766
    },
    {
        "model": 2,
        "sequence": 18,
        "status": 1,
        "fuel": 5685,
        "fault": 0.7811,
        "weapon": 0,
        "pilot_injury": 0.3188,
        "pilot_skill": 0.7926,
        "mission_priority": 0.3601,
        "estimated_landing_time": 1698.0,
        "wait_time": 0,
        "Landing_success_rate": 0.853
    }
]