[
    {
        "model": 1,
        "sequence": 10,
        "status": 1,
        "fuel": 6690,
        "fault": 0.2875,
        "weapon": 1,
        "pilot_injury": 0.7273,
        "pilot_skill": 0.3252,
        "mission_priority": 0.0563,
        "estimated_landing_time": 946.0,
        "wait_time": 0,
        "Landing_success_rate": 0.9136
    },
    {
        "model": 1,
        "sequence": 1,
        "status": 1,
        "fuel": 7077,
        "fault": 0.85,
        "weapon": 0,
        "pilot_injury": 0.7412,
        "pilot_skill": 0.1007,
        "mission_priority": 0.8129,
        "estimated_landing_time": 100.0,
        "wait_time": 0,
        "Landing_success_rate": 0.8677
    },
    {
        "model": 0,
        "sequence": 18,
        "status": 1,
        "fuel": 6732,
        "fault": 0.7883,
        "weapon": 0,
        "pilot_injury": 0.3889,
        "pilot_skill": 0.6397,
        "mission_priority": 0.4277,
        "estimated_landing_time": 1698.0,
        "wait_time": 0,
        "Landing_success_rate": 0.8696
    },
    {
        "model": 1,
        "sequence": 15,
        "status": 1,
        "fuel": 6761,
        "fault": 0.899,
        "weapon": 0,
        "pilot_injury": 0.0659,
        "pilot_skill": 0.8837,
        "mission_priority": 0.753,
        "estimated_landing_time": 1416.0,
        "wait_time": 0,
        "Landing_success_rate": 0.8596
    },
    {
        "model": 2,
        "sequence": 12,
        "status": 1,
        "fuel": 6936,
        "fault": 0.1753,
        "weapon": 0,
        "pilot_injury": 0.112,
        "pilot_skill": 0.7026,
        "mission_priority": 0.8227,
        "estimated_landing_time": 1134.0,
        "wait_time": 0,
        "Landing_success_rate": 0.9388
    },
    {
        "model": 1,
        "sequence": 17,
        "status": 1,
        "fuel": 6561,
        "fault": 0.9407,
        "weapon": 1,
        "pilot_injury": 0.2637,
        "pilot_skill": 0.5214,
        "mission_priority": 0.9678,
        "estimated_landing_time": 1604.0,
        "wait_time": 0,
        "Landing_success_rate": 0.8547
    },
    {
        "model": 2,
        "sequence": 19,
        "status": 1,
        "fuel": 6747,
        "fault": 0.6261,
        "weapon": 1,
        "pilot_injury": 0.7798,
        "pilot_skill": 0.9213,
        "mission_priority": 0.2609,
        "estimated_landing_time": 1792.0,
        "wait_time": 0,
        "Landing_success_rate": 0.885
    },
    {
        "model": 1,
        "sequence": 11,
        "status": 1,
        "fuel": 5869,
        "fault": 0.658,
        "weapon": 0,
        "pilot_injury": 0.3433,
        "pilot_skill": 0.1988,
        "mission_priority": 0.5071,
        "estimated_landing_time": 1040.0,
        "wait_time": 0,
        "Landing_success_rate": 0.8595
    },
    {
        "model": 0,
        "sequence": 30,
        "status": 1,
        "fuel": 5780,
        "fault": 0.2254,
        "weapon": 1,
        "pilot_injury": 0.1234,
        "pilot_skill": 0.2518,
        "mission_priority": 0.5629,
        "estimated_landing_time": 2826.0,
        "wait_time": 0,
        "Landing_success_rate": 0.8663
    },
    {
        "model": 1,
        "sequence": 2,
        "status": 1,
        "fuel": 7033,
        "fault": 0.2848,
        "weapon": 1,
        "pilot_injury": 0.077,
        "pilot_skill": 0.7537,
        "mission_priority": 0.9094,
        "estimated_landing_time": 194.0,
        "wait_time": 0,
        "Landing_success_rate": 0.9322
    },
    {
        "model": 2,
        "sequence": 20,
        "status": 1,
        "fuel": 7207,
        "fault": 0.2653,
        "weapon": 0,
        "pilot_injury": 0.914,
        "pilot_skill": 0.6426,
        "mission_priority": 0.6743,
        "estimated_landing_time": 1886.0,
        "wait_time": 0,
        "Landing_success_rate": 0.9441
    },
    {
        "model": 2,
        "sequence": 6,
        "status": 1,
        "fuel": 6970,
        "fault": 0.3336,
        "weapon": 0,
        "pilot_injury": 0.5827,
        "pilot_skill": 0.8422,
        "mission_priority": 0.2962,
        "estimated_landing_time": 570.0,
        "wait_time": 0,
        "Landing_success_rate": 0.9235
    },
    {
        "model": 1,
        "sequence": 26,
        "status": 1,
        "fuel": 7356,
        "fault": 0.0845,
        "weapon": 1,
        "pilot_injury": 0.4232,
        "pilot_skill": 0.6232,
        "mission_priority": 0.4019,
        "estimated_landing_time": 2450.0,
        "wait_time": 0,
        "Landing_success_rate": 0.9774
    },
    {
        "model": 2,
        "sequence": 4,
        "status": 1,
        "fuel": 5572,
        "fault": 0.4632,
        "weapon": 1,
        "pilot_injury": 0.9012,
        "pilot_skill": 0.5098,
        "mission_priority": 0.6604,
        "estimated_landing_time": 382.0,
        "wait_time": 0,
        "Landing_success_rate": 0.8529
    },
    {
        "model": 0,
        "sequence": 3,
        "status": 1,
        "fuel": 6954,
        "fault": 0.3122,
        "weapon": 0,
        "pilot_injury": 0.7367,
        "pilot_skill": 0.1389,
        "mission_priority": 0.8389,
        "estimated_landing_time": 288.0,
        "wait_time": 0,
        "Landing_success_rate": 0.925
    },
    {
        "model": 1,
        "sequence": 23,
        "status": 1,
        "fuel": 6323,
        "fault": 0.6775,
        "weapon": 0,
        "pilot_injury": 0.866,
        "pilot_skill": 0.0749,
        "mission_priority": 0.1373,
        "estimated_landing_time": 2168.0,
        "wait_time": 0,
        "Landing_success_rate": 0.8699
    },
    {
        "model": 2,
        "sequence": 22,
        "status": 1,
        "fuel": 7177,
        "fault": 0.1773,
        "weapon": 0,
        "pilot_injury": 0.1686,
        "pilot_skill": 0.1294,
        "mission_priority": 0.564,
        "estimated_landing_time": 2074.0,
        "wait_time": 0,
        "Landing_success_rate": 0.9535
    },
    {
        "model": 1,
        "sequence": 14,
        "status": 1,
        "fuel": 7416,
        "fault": 0.0194,
        "weapon": 0,
        "pilot_injury": 0.8071,
        "pilot_skill": 0.7854,
        "mission_priority": 0.016,
        "estimated_landing_time": 1322.0,
        "wait_time": 0,
        "Landing_success_rate": 0.9909
    },
    {
        "model": 1,
        "sequence": 16,
        "status": 1,
        "fuel": 6130,
        "fault": 0.1846,
        "weapon": 0,
        "pilot_injury": 0.9944,
        "pilot_skill": 0.3423,
        "mission_priority": 0.3444,
        "estimated_landing_time": 1510.0,
        "wait_time": 0,
        "Landing_success_rate": 0.8885
    },
    {
        "model": 1,
        "sequence": 24,
        "status": 1,
        "fuel": 6133,
        "fault": 0.6327,
        "weapon": 1,
        "pilot_injury": 0.6467,
        "pilot_skill": 0.1013,
        "mission_priority": 0.4674,
        "estimated_landing_time": 2262.0,
        "wait_time": 0,
        "Landing_success_rate": 0.8674
    },
    {
        "model": 1,
        "sequence": 25,
        "status": 1,
        "fuel": 6470,
        "fault": 0.6679,
        "weapon": 1,
        "pilot_injury": 0.6744,
        "pilot_skill": 0.8163,
        "mission_priority": 0.6858,
        "estimated_landing_time": 2356.0,
        "wait_time": 0,
        "Landing_success_rate": 0.8742
    },
    {
        "model": 1,
        "sequence": 27,
        "status": 1,
        "fuel": 5886,
        "fault": 0.9216,
        "weapon": 0,
        "pilot_injury": 0.9006,
        "pilot_skill": 0.3889,
        "mission_priority": 0.1732,
        "estimated_landing_time": 2544.0,
        "wait_time": 0,
        "Landing_success_rate": 0.8523
    },
    {
        "model": 0,
        "sequence": 7,
        "status": 1,
        "fuel": 6701,
        "fault": 0.2471,
        "weapon": 1,
        "pilot_injury": 0.929,
        "pilot_skill": 0.0229,
        "mission_priority": 0.9213,
        "estimated_landing_time": 664.0,
        "wait_time": 0,
        "Landing_success_rate": 0.9178
    },
    {
        "model": 1,
        "sequence": 13,
        "status": 1,
        "fuel": 6080,
        "fault": 0.6446,
        "weapon": 0,
        "pilot_injury": 0.3985,
        "pilot_skill": 0.9917,
        "mission_priority": 0.2276,
        "estimated_landing_time": 1228.0,
        "wait_time": 0,
        "Landing_success_rate": 0.8655
    },
    {
        "model": 0,
        "sequence": 5,
        "status": 1,
        "fuel": 7216,
        "fault": 0.8105,
        "weapon": 0,
        "pilot_injury": 0.9405,
        "pilot_skill": 0.456,
        "mission_priority": 0.6749,
        "estimated_landing_time": 476.0,
        "wait_time": 0,
        "Landing_success_rate": 0.8744
    },
    {
        "model": 1,
        "sequence": 29,
        "status": 1,
        "fuel": 6913,
        "fault": 0.5747,
        "weapon": 1,
        "pilot_injury": 0.6649,
        "pilot_skill": 0.562,
        "mission_priority": 0.7103,
        "estimated_landing_time": 2732.0,
        "wait_time": 0,
        "Landing_success_rate": 0.8951
    },
    {
        "model": 2,
        "sequence": 21,
        "status": 1,
        "fuel": 7359,
        "fault": 0.4365,
        "weapon": 1,
        "pilot_injury": 0.1097,
        "pilot_skill": 0.0748,
        "mission_priority": 0.3741,
        "estimated_landing_time": 1980.0,
        "wait_time": 0,
        "Landing_success_rate": 0.9286
    },
    {
        "model": 1,
        "sequence": 8,
        "status": 1,
        "fuel": 5910,
        "fault": 0.7345,
        "weapon": 1,
        "pilot_injury": 0.958,
        "pilot_skill": 0.3308,
        "mission_priority": 0.7609,
        "estimated_landing_time": 758.0,
        "wait_time": 0,
        "Landing_success_rate": 0.8582
    },
    {
        "model": 1,
        "sequence": 28,
        "status": 1,
        "fuel": 6921,
        "fault": 0.4575,
        "weapon": 1,
        "pilot_injury": 0.6153,
        "pilot_skill": 0.9672,
        "mission_priority": 0.1243,
        "estimated_landing_time": 2638.0,
        "wait_time": 0,
        "Landing_success_rate": 0.9078
    },
    {
        "model": 2,
        "sequence": 9,
        "status": 1,
        "fuel": 7088,
        "fault": 0.4582,
        "weapon": 0,
        "pilot_injury": 0.3212,
        "pilot_skill": 0.6206,
        "mission_priority": 0.8411,
        "estimated_landing_time": 852.0,
        "wait_time": 0,
        "Landing_success_rate": 0.9145
    }
]