[
    {
        "model": 0,
        "sequence": 9,
        "status": 1,
        "fuel": 6513,
        "fault": 0.4919,
        "weapon": 1,
        "pilot_injury": 0.4228,
        "pilot_skill": 0.76,
        "mission_priority": 0.8377,
        "estimated_landing_time": 852.0,
        "wait_time": 0,
        "Landing_success_rate": 0.8886
    },
    {
        "model": 2,
        "sequence": 13,
        "status": 1,
        "fuel": 7221,
        "fault": 0.4641,
        "weapon": 0,
        "pilot_injury": 0.7617,
        "pilot_skill": 0.7862,
        "mission_priority": 0.148,
        "estimated_landing_time": 1228.0,
        "wait_time": 0,
        "Landing_success_rate": 0.9192
    },
    {
        "model": 2,
        "sequence": 5,
        "status": 1,
        "fuel": 5821,
        "fault": 0.366,
        "weapon": 1,
        "pilot_injury": 0.3185,
        "pilot_skill": 0.4251,
        "mission_priority": 0.8044,
        "estimated_landing_time": 476.0,
        "wait_time": 0,
        "Landing_success_rate": 0.8653
    },
    {
        "model": 1,
        "sequence": 17,
        "status": 1,
        "fuel": 6756,
        "fault": 0.1993,
        "weapon": 1,
        "pilot_injury": 0.3112,
        "pilot_skill": 0.0015,
        "mission_priority": 0.2342,
        "estimated_landing_time": 1604.0,
        "wait_time": 0,
        "Landing_success_rate": 0.9254
    },
    {
        "model": 0,
        "sequence": 25,
        "status": 1,
        "fuel": 6410,
        "fault": 0.6755,
        "weapon": 1,
        "pilot_injury": 0.6928,
        "pilot_skill": 0.214,
        "mission_priority": 0.9347,
        "estimated_landing_time": 2356.0,
        "wait_time": 0,
        "Landing_success_rate": 0.8721
    },
    {
        "model": 1,
        "sequence": 19,
        "status": 1,
        "fuel": 6963,
        "fault": 0.6815,
        "weapon": 0,
        "pilot_injury": 0.4343,
        "pilot_skill": 0.6926,
        "mission_priority": 0.4523,
        "estimated_landing_time": 1792.0,
        "wait_time": 0,
        "Landing_success_rate": 0.8849
    },
    {
        "model": 1,
        "sequence": 29,
        "status": 1,
        "fuel": 6499,
        "fault": 0.6325,
        "weapon": 0,
        "pilot_injury": 0.4284,
        "pilot_skill": 0.074,
        "mission_priority": 0.5294,
        "estimated_landing_time": 2732.0,
        "wait_time": 0,
        "Landing_success_rate": 0.8775
    },
    {
        "model": 1,
        "sequence": 15,
        "status": 1,
        "fuel": 7060,
        "fault": 0.5699,
        "weapon": 0,
        "pilot_injury": 0.8003,
        "pilot_skill": 0.6698,
        "mission_priority": 0.6503,
        "estimated_landing_time": 1416.0,
        "wait_time": 0,
        "Landing_success_rate": 0.9003
    },
    {
        "model": 0,
        "sequence": 2,
        "status": 1,
        "fuel": 7345,
        "fault": 0.0596,
        "weapon": 0,
        "pilot_injury": 0.2742,
        "pilot_skill": 0.5777,
        "mission_priority": 0.3091,
        "estimated_landing_time": 194.0,
        "wait_time": 0,
        "Landing_success_rate": 0.9801
    },
    {
        "model": 0,
        "sequence": 23,
        "status": 1,
        "fuel": 7098,
        "fault": 0.7474,
        "weapon": 0,
        "pilot_injury": 0.0459,
        "pilot_skill": 0.8109,
        "mission_priority": 0.4343,
        "estimated_landing_time": 2168.0,
        "wait_time": 0,
        "Landing_success_rate": 0.8803
    },
    {
        "model": 1,
        "sequence": 28,
        "status": 1,
        "fuel": 6370,
        "fault": 0.7674,
        "weapon": 1,
        "pilot_injury": 0.7019,
        "pilot_skill": 0.2012,
        "mission_priority": 0.1854,
        "estimated_landing_time": 2638.0,
        "wait_time": 0,
        "Landing_success_rate": 0.8652
    },
    {
        "model": 0,
        "sequence": 30,
        "status": 1,
        "fuel": 7052,
        "fault": 0.4458,
        "weapon": 1,
        "pilot_injury": 0.3901,
        "pilot_skill": 0.8014,
        "mission_priority": 0.5252,
        "estimated_landing_time": 2826.0,
        "wait_time": 0,
        "Landing_success_rate": 0.9145
    },
    {
        "model": 2,
        "sequence": 12,
        "status": 1,
        "fuel": 6842,
        "fault": 0.3506,
        "weapon": 1,
        "pilot_injury": 0.3969,
        "pilot_skill": 0.8599,
        "mission_priority": 0.0614,
        "estimated_landing_time": 1134.0,
        "wait_time": 0,
        "Landing_success_rate": 0.9154
    },
    {
        "model": 2,
        "sequence": 22,
        "status": 1,
        "fuel": 6011,
        "fault": 0.3302,
        "weapon": 1,
        "pilot_injury": 0.1217,
        "pilot_skill": 0.6296,
        "mission_priority": 0.2135,
        "estimated_landing_time": 2074.0,
        "wait_time": 0,
        "Landing_success_rate": 0.8757
    },
    {
        "model": 1,
        "sequence": 8,
        "status": 1,
        "fuel": 7277,
        "fault": 0.7436,
        "weapon": 0,
        "pilot_injury": 0.1017,
        "pilot_skill": 0.5825,
        "mission_priority": 0.683,
        "estimated_landing_time": 758.0,
        "wait_time": 0,
        "Landing_success_rate": 0.8842
    },
    {
        "model": 2,
        "sequence": 7,
        "status": 1,
        "fuel": 5662,
        "fault": 0.3382,
        "weapon": 0,
        "pilot_injury": 0.5002,
        "pilot_skill": 0.5195,
        "mission_priority": 0.6356,
        "estimated_landing_time": 664.0,
        "wait_time": 0,
        "Landing_success_rate": 0.858
    },
    {
        "model": 1,
        "sequence": 26,
        "status": 1,
        "fuel": 7163,
        "fault": 0.2644,
        "weapon": 1,
        "pilot_injury": 0.5869,
        "pilot_skill": 0.1558,
        "mission_priority": 0.2106,
        "estimated_landing_time": 2450.0,
        "wait_time": 0,
        "Landing_success_rate": 0.9417
    },
    {
        "model": 1,
        "sequence": 16,
        "status": 1,
        "fuel": 6148,
        "fault": 0.8744,
        "weapon": 0,
        "pilot_injury": 0.7594,
        "pilot_skill": 0.5529,
        "mission_priority": 0.2521,
        "estimated_landing_time": 1510.0,
        "wait_time": 0,
        "Landing_success_rate": 0.8561
    },
    {
        "model": 1,
        "sequence": 3,
        "status": 1,
        "fuel": 6274,
        "fault": 0.3043,
        "weapon": 0,
        "pilot_injury": 0.8927,
        "pilot_skill": 0.1107,
        "mission_priority": 0.7972,
        "estimated_landing_time": 288.0,
        "wait_time": 0,
        "Landing_success_rate": 0.8904
    },
    {
        "model": 0,
        "sequence": 20,
        "status": 1,
        "fuel": 6737,
        "fault": 0.4252,
        "weapon": 1,
        "pilot_injury": 0.7391,
        "pilot_skill": 0.6143,
        "mission_priority": 0.78,
        "estimated_landing_time": 1886.0,
        "wait_time": 0,
        "Landing_success_rate": 0.9033
    },
    {
        "model": 0,
        "sequence": 27,
        "status": 1,
        "fuel": 7383,
        "fault": 0.799,
        "weapon": 0,
        "pilot_injury": 0.3193,
        "pilot_skill": 0.3298,
        "mission_priority": 0.5025,
        "estimated_landing_time": 2544.0,
        "wait_time": 0,
        "Landing_success_rate": 0.8784
    },
    {
        "model": 0,
        "sequence": 11,
        "status": 1,
        "fuel": 7452,
        "fault": 0.6422,
        "weapon": 0,
        "pilot_injury": 0.3678,
        "pilot_skill": 0.7353,
        "mission_priority": 0.6035,
        "estimated_landing_time": 1040.0,
        "wait_time": 0,
        "Landing_success_rate": 0.9024
    },
    {
        "model": 0,
        "sequence": 6,
        "status": 1,
        "fuel": 6060,
        "fault": 0.3596,
        "weapon": 1,
        "pilot_injury": 0.3255,
        "pilot_skill": 0.0212,
        "mission_priority": 0.1084,
        "estimated_landing_time": 570.0,
        "wait_time": 0,
        "Landing_success_rate": 0.8769
    },
    {
        "model": 1,
        "sequence": 14,
        "status": 1,
        "fuel": 5503,
        "fault": 0.8143,
        "weapon": 0,
        "pilot_injury": 0.6026,
        "pilot_skill": 0.9981,
        "mission_priority": 0.1008,
        "estimated_landing_time": 1322.0,
        "wait_time": 0,
        "Landing_success_rate": 0.85
    },
    {
        "model": 0,
        "sequence": 1,
        "status": 1,
        "fuel": 6698,
        "fault": 0.3094,
        "weapon": 1,
        "pilot_injury": 0.6699,
        "pilot_skill": 0.6432,
        "mission_priority": 0.9027,
        "estimated_landing_time": 100.0,
        "wait_time": 0,
        "Landing_success_rate": 0.9121
    },
    {
        "model": 2,
        "sequence": 18,
        "status": 1,
        "fuel": 6064,
        "fault": 0.3838,
        "weapon": 0,
        "pilot_injury": 0.0908,
        "pilot_skill": 0.4074,
        "mission_priority": 0.9116,
        "estimated_landing_time": 1698.0,
        "wait_time": 0,
        "Landing_success_rate": 0.8761
    },
    {
        "model": 2,
        "sequence": 24,
        "status": 1,
        "fuel": 7224,
        "fault": 0.7149,
        "weapon": 1,
        "pilot_injury": 0.533,
        "pilot_skill": 0.8835,
        "mission_priority": 0.4494,
        "estimated_landing_time": 2262.0,
        "wait_time": 0,
        "Landing_success_rate": 0.8869
    },
    {
        "model": 0,
        "sequence": 10,
        "status": 1,
        "fuel": 6738,
        "fault": 0.1524,
        "weapon": 0,
        "pilot_injury": 0.2796,
        "pilot_skill": 0.0536,
        "mission_priority": 0.126,
        "estimated_landing_time": 946.0,
        "wait_time": 0,
        "Landing_success_rate": 0.9287
    },
    {
        "model": 2,
        "sequence": 21,
        "status": 1,
        "fuel": 5727,
        "fault": 0.9497,
        "weapon": 0,
        "pilot_injury": 0.2602,
        "pilot_skill": 0.7272,
        "mission_priority": 0.7736,
        "estimated_landing_time": 1980.0,
        "wait_time": 0,
        "Landing_success_rate": 0.8509
    },
    {
        "model": 2,
        "sequence": 4,
        "status": 1,
        "fuel": 7402,
        "fault": 0.0977,
        "weapon": 0,
        "pilot_injury": 0.7794,
        "pilot_skill": 0.7531,
        "mission_priority": 0.2578,
        "estimated_landing_time": 382.0,
        "wait_time": 0,
        "Landing_success_rate": 0.9787
    }
]