[
    {
        "model": 2,
        "sequence": 6,
        "status": 1,
        "fuel": 5977,
        "fault": 0.2559,
        "weapon": 1,
        "pilot_injury": 0.66,
        "pilot_skill": 0.5336,
        "mission_priority": 0.3911,
        "estimated_landing_time": 570.0,
        "wait_time": 0,
        "Landing_success_rate": 0.8766
    },
    {
        "model": 2,
        "sequence": 25,
        "status": 1,
        "fuel": 6201,
        "fault": 0.7085,
        "weapon": 1,
        "pilot_injury": 0.5766,
        "pilot_skill": 0.8233,
        "mission_priority": 0.5141,
        "estimated_landing_time": 2356.0,
        "wait_time": 0,
        "Landing_success_rate": 0.8653
    },
    {
        "model": 0,
        "sequence": 3,
        "status": 1,
        "fuel": 7398,
        "fault": 0.5027,
        "weapon": 1,
        "pilot_injury": 0.3237,
        "pilot_skill": 0.8801,
        "mission_priority": 0.712,
        "estimated_landing_time": 288.0,
        "wait_time": 0,
        "Landing_success_rate": 0.9208
    },
    {
        "model": 1,
        "sequence": 5,
        "status": 1,
        "fuel": 7081,
        "fault": 0.0973,
        "weapon": 1,
        "pilot_injury": 0.12,
        "pilot_skill": 0.1589,
        "mission_priority": 0.3172,
        "estimated_landing_time": 476.0,
        "wait_time": 0,
        "Landing_success_rate": 0.957
    },
    {
        "model": 1,
        "sequence": 22,
        "status": 1,
        "fuel": 5703,
        "fault": 0.7354,
        "weapon": 0,
        "pilot_injury": 0.1535,
        "pilot_skill": 0.8562,
        "mission_priority": 0.589,
        "estimated_landing_time": 2074.0,
        "wait_time": 0,
        "Landing_success_rate": 0.854
    },
    {
        "model": 2,
        "sequence": 4,
        "status": 1,
        "fuel": 6448,
        "fault": 0.6239,
        "weapon": 0,
        "pilot_injury": 0.2613,
        "pilot_skill": 0.5838,
        "mission_priority": 0.0746,
        "estimated_landing_time": 382.0,
        "wait_time": 0,
        "Landing_success_rate": 0.8767
    },
    {
        "model": 2,
        "sequence": 9,
        "status": 1,
        "fuel": 6942,
        "fault": 0.9926,
        "weapon": 1,
        "pilot_injury": 0.8191,
        "pilot_skill": 0.66,
        "mission_priority": 0.523,
        "estimated_landing_time": 852.0,
        "wait_time": 0,
        "Landing_success_rate": 0.8508
    },
    {
        "model": 2,
        "sequence": 26,
        "status": 1,
        "fuel": 6543,
        "fault": 0.46,
        "weapon": 1,
        "pilot_injury": 0.1193,
        "pilot_skill": 0.3219,
        "mission_priority": 0.8302,
        "estimated_landing_time": 2450.0,
        "wait_time": 0,
        "Landing_success_rate": 0.8922
    },
    {
        "model": 0,
        "sequence": 13,
        "status": 1,
        "fuel": 7161,
        "fault": 0.4721,
        "weapon": 0,
        "pilot_injury": 0.4247,
        "pilot_skill": 0.7129,
        "mission_priority": 0.2993,
        "estimated_landing_time": 1228.0,
        "wait_time": 0,
        "Landing_success_rate": 0.9158
    },
    {
        "model": 1,
        "sequence": 18,
        "status": 1,
        "fuel": 7385,
        "fault": 0.4216,
        "weapon": 1,
        "pilot_injury": 0.0921,
        "pilot_skill": 0.7387,
        "mission_priority": 0.4614,
        "estimated_landing_time": 1698.0,
        "wait_time": 0,
        "Landing_success_rate": 0.9318
    },
    {
        "model": 0,
        "sequence": 30,
        "status": 1,
        "fuel": 6350,
        "fault": 0.6555,
        "weapon": 0,
        "pilot_injury": 0.0578,
        "pilot_skill": 0.5001,
        "mission_priority": 0.9909,
        "estimated_landing_time": 2826.0,
        "wait_time": 0,
        "Landing_success_rate": 0.872
    },
    {
        "model": 1,
        "sequence": 8,
        "status": 1,
        "fuel": 7018,
        "fault": 0.0664,
        "weapon": 1,
        "pilot_injury": 0.652,
        "pilot_skill": 0.2023,
        "mission_priority": 0.7025,
        "estimated_landing_time": 758.0,
        "wait_time": 0,
        "Landing_success_rate": 0.9563
    },
    {
        "model": 2,
        "sequence": 7,
        "status": 1,
        "fuel": 7493,
        "fault": 0.4994,
        "weapon": 0,
        "pilot_injury": 0.2844,
        "pilot_skill": 0.9191,
        "mission_priority": 0.127,
        "estimated_landing_time": 664.0,
        "wait_time": 0,
        "Landing_success_rate": 0.9248
    },
    {
        "model": 0,
        "sequence": 27,
        "status": 1,
        "fuel": 6000,
        "fault": 0.236,
        "weapon": 0,
        "pilot_injury": 0.1481,
        "pilot_skill": 0.9329,
        "mission_priority": 0.5263,
        "estimated_landing_time": 2544.0,
        "wait_time": 0,
        "Landing_success_rate": 0.8786
    },
    {
        "model": 0,
        "sequence": 12,
        "status": 1,
        "fuel": 5820,
        "fault": 0.2041,
        "weapon": 0,
        "pilot_injury": 0.8675,
        "pilot_skill": 0.9484,
        "mission_priority": 0.3801,
        "estimated_landing_time": 1134.0,
        "wait_time": 0,
        "Landing_success_rate": 0.8691
    },
    {
        "model": 0,
        "sequence": 11,
        "status": 1,
        "fuel": 7417,
        "fault": 0.4182,
        "weapon": 1,
        "pilot_injury": 0.368,
        "pilot_skill": 0.0283,
        "mission_priority": 0.7859,
        "estimated_landing_time": 1040.0,
        "wait_time": 0,
        "Landing_success_rate": 0.9336
    },
    {
        "model": 2,
        "sequence": 15,
        "status": 1,
        "fuel": 7402,
        "fault": 0.8278,
        "weapon": 1,
        "pilot_injury": 0.5182,
        "pilot_skill": 0.8275,
        "mission_priority": 0.8579,
        "estimated_landing_time": 1416.0,
        "wait_time": 0,
        "Landing_success_rate": 0.8746
    },
    {
        "model": 0,
        "sequence": 29,
        "status": 1,
        "fuel": 6998,
        "fault": 0.3678,
        "weapon": 0,
        "pilot_injury": 0.0302,
        "pilot_skill": 0.0101,
        "mission_priority": 0.0815,
        "estimated_landing_time": 2732.0,
        "wait_time": 0,
        "Landing_success_rate": 0.921
    },
    {
        "model": 0,
        "sequence": 20,
        "status": 1,
        "fuel": 6376,
        "fault": 0.1154,
        "weapon": 1,
        "pilot_injury": 0.9403,
        "pilot_skill": 0.6752,
        "mission_priority": 0.6595,
        "estimated_landing_time": 1886.0,
        "wait_time": 0,
        "Landing_success_rate": 0.9081
    },
    {
        "model": 2,
        "sequence": 2,
        "status": 1,
        "fuel": 6609,
        "fault": 0.1414,
        "weapon": 0,
        "pilot_injury": 0.3042,
        "pilot_skill": 0.5178,
        "mission_priority": 0.7467,
        "estimated_landing_time": 194.0,
        "wait_time": 0,
        "Landing_success_rate": 0.9214
    },
    {
        "model": 1,
        "sequence": 14,
        "status": 1,
        "fuel": 5558,
        "fault": 0.2028,
        "weapon": 0,
        "pilot_injury": 0.8449,
        "pilot_skill": 0.2874,
        "mission_priority": 0.4815,
        "estimated_landing_time": 1322.0,
        "wait_time": 0,
        "Landing_success_rate": 0.8535
    },
    {
        "model": 0,
        "sequence": 21,
        "status": 1,
        "fuel": 6550,
        "fault": 0.3145,
        "weapon": 1,
        "pilot_injury": 0.0063,
        "pilot_skill": 0.5322,
        "mission_priority": 0.3369,
        "estimated_landing_time": 1980.0,
        "wait_time": 0,
        "Landing_success_rate": 0.904
    },
    {
        "model": 2,
        "sequence": 24,
        "status": 1,
        "fuel": 6987,
        "fault": 0.1368,
        "weapon": 0,
        "pilot_injury": 0.4463,
        "pilot_skill": 0.7328,
        "mission_priority": 0.0271,
        "estimated_landing_time": 2262.0,
        "wait_time": 0,
        "Landing_success_rate": 0.9463
    },
    {
        "model": 0,
        "sequence": 1,
        "status": 1,
        "fuel": 6706,
        "fault": 0.5676,
        "weapon": 1,
        "pilot_injury": 0.5717,
        "pilot_skill": 0.0153,
        "mission_priority": 0.8919,
        "estimated_landing_time": 100.0,
        "wait_time": 0,
        "Landing_success_rate": 0.8891
    },
    {
        "model": 0,
        "sequence": 19,
        "status": 1,
        "fuel": 6071,
        "fault": 0.6099,
        "weapon": 0,
        "pilot_injury": 0.4665,
        "pilot_skill": 0.2549,
        "mission_priority": 0.7441,
        "estimated_landing_time": 1792.0,
        "wait_time": 0,
        "Landing_success_rate": 0.8667
    },
    {
        "model": 1,
        "sequence": 23,
        "status": 1,
        "fuel": 6255,
        "fault": 0.4028,
        "weapon": 1,
        "pilot_injury": 0.4658,
        "pilot_skill": 0.3153,
        "mission_priority": 0.3567,
        "estimated_landing_time": 2168.0,
        "wait_time": 0,
        "Landing_success_rate": 0.8838
    },
    {
        "model": 2,
        "sequence": 17,
        "status": 1,
        "fuel": 7021,
        "fault": 0.5275,
        "weapon": 1,
        "pilot_injury": 0.2586,
        "pilot_skill": 0.4927,
        "mission_priority": 0.9515,
        "estimated_landing_time": 1604.0,
        "wait_time": 0,
        "Landing_success_rate": 0.9039
    },
    {
        "model": 1,
        "sequence": 16,
        "status": 1,
        "fuel": 6862,
        "fault": 0.2038,
        "weapon": 1,
        "pilot_injury": 0.0588,
        "pilot_skill": 0.953,
        "mission_priority": 0.1875,
        "estimated_landing_time": 1510.0,
        "wait_time": 0,
        "Landing_success_rate": 0.9313
    },
    {
        "model": 1,
        "sequence": 10,
        "status": 1,
        "fuel": 6968,
        "fault": 0.9492,
        "weapon": 1,
        "pilot_injury": 0.4444,
        "pilot_skill": 0.3086,
        "mission_priority": 0.4332,
        "estimated_landing_time": 946.0,
        "wait_time": 0,
        "Landing_success_rate": 0.8556
    },
    {
        "model": 2,
        "sequence": 28,
        "status": 1,
        "fuel": 6443,
        "fault": 0.4006,
        "weapon": 1,
        "pilot_injury": 0.3057,
        "pilot_skill": 0.6533,
        "mission_priority": 0.1374,
        "estimated_landing_time": 2638.0,
        "wait_time": 0,
        "Landing_success_rate": 0.8924
    }
]