[
    {
        "model": 0,
        "sequence": 22,
        "status": 1,
        "fuel": 6436,
        "fault": 0.5816,
        "weapon": 0,
        "pilot_injury": 0.4229,
        "pilot_skill": 0.8023,
        "mission_priority": 0.2818,
        "estimated_landing_time": 2074.0,
        "wait_time": 0,
        "Landing_success_rate": 0.8794
    },
    {
        "model": 1,
        "sequence": 13,
        "status": 1,
        "fuel": 7227,
        "fault": 0.0373,
        "weapon": 1,
        "pilot_injury": 0.2343,
        "pilot_skill": 0.5142,
        "mission_priority": 0.7975,
        "estimated_landing_time": 1228.0,
        "wait_time": 0,
        "Landing_success_rate": 0.9747
    },
    {
        "model": 0,
        "sequence": 16,
        "status": 1,
        "fuel": 5582,
        "fault": 0.4863,
        "weapon": 0,
        "pilot_injury": 0.3386,
        "pilot_skill": 0.7935,
        "mission_priority": 0.2122,
        "estimated_landing_time": 1510.0,
        "wait_time": 0,
        "Landing_success_rate": 0.8532
    },
    {
        "model": 1,
        "sequence": 15,
        "status": 1,
        "fuel": 6906,
        "fault": 0.387,
        "weapon": 0,
        "pilot_injury": 0.0137,
        "pilot_skill": 0.4404,
        "mission_priority": 0.6478,
        "estimated_landing_time": 1416.0,
        "wait_time": 0,
        "Landing_success_rate": 0.9146
    },
    {
        "model": 1,
        "sequence": 19,
        "status": 1,
        "fuel": 6431,
        "fault": 0.4803,
        "weapon": 0,
        "pilot_injury": 0.9722,
        "pilot_skill": 0.6153,
        "mission_priority": 0.1643,
        "estimated_landing_time": 1792.0,
        "wait_time": 0,
        "Landing_success_rate": 0.8863
    },
    {
        "model": 0,
        "sequence": 1,
        "status": 1,
        "fuel": 7169,
        "fault": 0.8949,
        "weapon": 1,
        "pilot_injury": 0.0797,
        "pilot_skill": 0.1411,
        "mission_priority": 0.5748,
        "estimated_landing_time": 100.0,
        "wait_time": 0,
        "Landing_success_rate": 0.8632
    },
    {
        "model": 0,
        "sequence": 6,
        "status": 1,
        "fuel": 7069,
        "fault": 0.5085,
        "weapon": 0,
        "pilot_injury": 0.3935,
        "pilot_skill": 0.7739,
        "mission_priority": 0.9744,
        "estimated_landing_time": 570.0,
        "wait_time": 0,
        "Landing_success_rate": 0.9078
    },
    {
        "model": 0,
        "sequence": 7,
        "status": 1,
        "fuel": 6122,
        "fault": 0.3325,
        "weapon": 0,
        "pilot_injury": 0.9285,
        "pilot_skill": 0.6863,
        "mission_priority": 0.6811,
        "estimated_landing_time": 664.0,
        "wait_time": 0,
        "Landing_success_rate": 0.8811
    },
    {
        "model": 0,
        "sequence": 25,
        "status": 1,
        "fuel": 5676,
        "fault": 0.8113,
        "weapon": 0,
        "pilot_injury": 0.5625,
        "pilot_skill": 0.7001,
        "mission_priority": 0.9968,
        "estimated_landing_time": 2356.0,
        "wait_time": 0,
        "Landing_success_rate": 0.8525
    },
    {
        "model": 0,
        "sequence": 9,
        "status": 1,
        "fuel": 5937,
        "fault": 0.4231,
        "weapon": 1,
        "pilot_injury": 0.078,
        "pilot_skill": 0.743,
        "mission_priority": 0.1364,
        "estimated_landing_time": 852.0,
        "wait_time": 0,
        "Landing_success_rate": 0.8689
    },
    {
        "model": 0,
        "sequence": 27,
        "status": 1,
        "fuel": 5906,
        "fault": 0.3834,
        "weapon": 1,
        "pilot_injury": 0.4573,
        "pilot_skill": 0.2157,
        "mission_priority": 0.8661,
        "estimated_landing_time": 2544.0,
        "wait_time": 0,
        "Landing_success_rate": 0.8688
    },
    {
        "model": 0,
        "sequence": 23,
        "status": 1,
        "fuel": 6157,
        "fault": 0.7756,
        "weapon": 1,
        "pilot_injury": 0.5746,
        "pilot_skill": 0.1239,
        "mission_priority": 0.1709,
        "estimated_landing_time": 2168.0,
        "wait_time": 0,
        "Landing_success_rate": 0.8611
    },
    {
        "model": 1,
        "sequence": 21,
        "status": 1,
        "fuel": 6457,
        "fault": 0.932,
        "weapon": 1,
        "pilot_injury": 0.0493,
        "pilot_skill": 0.7038,
        "mission_priority": 0.4122,
        "estimated_landing_time": 1980.0,
        "wait_time": 0,
        "Landing_success_rate": 0.8549
    },
    {
        "model": 2,
        "sequence": 10,
        "status": 1,
        "fuel": 6905,
        "fault": 0.702,
        "weapon": 1,
        "pilot_injury": 0.8399,
        "pilot_skill": 0.0638,
        "mission_priority": 0.2898,
        "estimated_landing_time": 946.0,
        "wait_time": 0,
        "Landing_success_rate": 0.8814
    },
    {
        "model": 1,
        "sequence": 20,
        "status": 1,
        "fuel": 6493,
        "fault": 0.9074,
        "weapon": 0,
        "pilot_injury": 0.5082,
        "pilot_skill": 0.0117,
        "mission_priority": 0.301,
        "estimated_landing_time": 1886.0,
        "wait_time": 0,
        "Landing_success_rate": 0.8569
    },
    {
        "model": 0,
        "sequence": 8,
        "status": 1,
        "fuel": 7254,
        "fault": 0.772,
        "weapon": 1,
        "pilot_injury": 0.3605,
        "pilot_skill": 0.4732,
        "mission_priority": 0.5617,
        "estimated_landing_time": 758.0,
        "wait_time": 0,
        "Landing_success_rate": 0.88
    },
    {
        "model": 2,
        "sequence": 26,
        "status": 1,
        "fuel": 7447,
        "fault": 0.9218,
        "weapon": 1,
        "pilot_injury": 0.8717,
        "pilot_skill": 0.7575,
        "mission_priority": 0.7227,
        "estimated_landing_time": 2450.0,
        "wait_time": 0,
        "Landing_success_rate": 0.8614
    },
    {
        "model": 2,
        "sequence": 29,
        "status": 1,
        "fuel": 6286,
        "fault": 0.664,
        "weapon": 0,
        "pilot_injury": 0.594,
        "pilot_skill": 0.8631,
        "mission_priority": 0.5844,
        "estimated_landing_time": 2732.0,
        "wait_time": 0,
        "Landing_success_rate": 0.8698
    },
    {
        "model": 0,
        "sequence": 4,
        "status": 1,
        "fuel": 7400,
        "fault": 0.1705,
        "weapon": 0,
        "pilot_injury": 0.6996,
        "pilot_skill": 0.7218,
        "mission_priority": 0.1725,
        "estimated_landing_time": 382.0,
        "wait_time": 0,
        "Landing_success_rate": 0.9682
    },
    {
        "model": 0,
        "sequence": 2,
        "status": 1,
        "fuel": 6299,
        "fault": 0.0975,
        "weapon": 1,
        "pilot_injury": 0.5827,
        "pilot_skill": 0.706,
        "mission_priority": 0.8099,
        "estimated_landing_time": 194.0,
        "wait_time": 0,
        "Landing_success_rate": 0.9041
    },
    {
        "model": 1,
        "sequence": 28,
        "status": 1,
        "fuel": 7117,
        "fault": 0.3521,
        "weapon": 0,
        "pilot_injury": 0.6826,
        "pilot_skill": 0.9842,
        "mission_priority": 0.9056,
        "estimated_landing_time": 2638.0,
        "wait_time": 0,
        "Landing_success_rate": 0.9286
    },
    {
        "model": 2,
        "sequence": 12,
        "status": 1,
        "fuel": 5906,
        "fault": 0.5704,
        "weapon": 0,
        "pilot_injury": 0.7508,
        "pilot_skill": 0.8511,
        "mission_priority": 0.6783,
        "estimated_landing_time": 1134.0,
        "wait_time": 0,
        "Landing_success_rate": 0.8631
    },
    {
        "model": 2,
        "sequence": 17,
        "status": 1,
        "fuel": 5668,
        "fault": 0.6902,
        "weapon": 0,
        "pilot_injury": 0.4508,
        "pilot_skill": 0.1298,
        "mission_priority": 0.1098,
        "estimated_landing_time": 1604.0,
        "wait_time": 0,
        "Landing_success_rate": 0.8539
    },
    {
        "model": 0,
        "sequence": 3,
        "status": 1,
        "fuel": 7028,
        "fault": 0.3121,
        "weapon": 1,
        "pilot_injury": 0.0945,
        "pilot_skill": 0.7404,
        "mission_priority": 0.7993,
        "estimated_landing_time": 288.0,
        "wait_time": 0,
        "Landing_success_rate": 0.9288
    },
    {
        "model": 0,
        "sequence": 11,
        "status": 1,
        "fuel": 7221,
        "fault": 0.8198,
        "weapon": 1,
        "pilot_injury": 0.6898,
        "pilot_skill": 0.0107,
        "mission_priority": 0.3051,
        "estimated_landing_time": 1040.0,
        "wait_time": 0,
        "Landing_success_rate": 0.8733
    },
    {
        "model": 2,
        "sequence": 14,
        "status": 1,
        "fuel": 6242,
        "fault": 0.823,
        "weapon": 1,
        "pilot_injury": 0.3904,
        "pilot_skill": 0.0113,
        "mission_priority": 0.3523,
        "estimated_landing_time": 1322.0,
        "wait_time": 0,
        "Landing_success_rate": 0.8599
    },
    {
        "model": 2,
        "sequence": 5,
        "status": 1,
        "fuel": 6860,
        "fault": 0.9262,
        "weapon": 0,
        "pilot_injury": 0.941,
        "pilot_skill": 0.1809,
        "mission_priority": 0.1851,
        "estimated_landing_time": 476.0,
        "wait_time": 0,
        "Landing_success_rate": 0.8575
    },
    {
        "model": 0,
        "sequence": 24,
        "status": 1,
        "fuel": 7013,
        "fault": 0.884,
        "weapon": 1,
        "pilot_injury": 0.006,
        "pilot_skill": 0.1272,
        "mission_priority": 0.538,
        "estimated_landing_time": 2262.0,
        "wait_time": 0,
        "Landing_success_rate": 0.8632
    },
    {
        "model": 0,
        "sequence": 30,
        "status": 1,
        "fuel": 6091,
        "fault": 0.1565,
        "weapon": 0,
        "pilot_injury": 0.3599,
        "pilot_skill": 0.2742,
        "mission_priority": 0.5111,
        "estimated_landing_time": 2826.0,
        "wait_time": 0,
        "Landing_success_rate": 0.8874
    },
    {
        "model": 0,
        "sequence": 18,
        "status": 1,
        "fuel": 6911,
        "fault": 0.1452,
        "weapon": 1,
        "pilot_injury": 0.3727,
        "pilot_skill": 0.932,
        "mission_priority": 0.8769,
        "estimated_landing_time": 1698.0,
        "wait_time": 0,
        "Landing_success_rate": 0.9405
    }
]