[
    {
        "model": 2,
        "sequence": 20,
        "status": 1,
        "fuel": 6426,
        "fault": 0.6328,
        "weapon": 0,
        "pilot_injury": 0.0463,
        "pilot_skill": 0.7277,
        "mission_priority": 0.3974,
        "estimated_landing_time": 1886.0,
        "wait_time": 0,
        "Landing_success_rate": 0.8755
    },
    {
        "model": 2,
        "sequence": 25,
        "status": 1,
        "fuel": 6388,
        "fault": 0.0269,
        "weapon": 1,
        "pilot_injury": 0.7714,
        "pilot_skill": 0.8612,
        "mission_priority": 0.8888,
        "estimated_landing_time": 2356.0,
        "wait_time": 0,
        "Landing_success_rate": 0.9148
    },
    {
        "model": 2,
        "sequence": 4,
        "status": 1,
        "fuel": 5722,
        "fault": 0.0969,
        "weapon": 0,
        "pilot_injury": 0.5605,
        "pilot_skill": 0.4021,
        "mission_priority": 0.2407,
        "estimated_landing_time": 382.0,
        "wait_time": 0,
        "Landing_success_rate": 0.865
    },
    {
        "model": 0,
        "sequence": 10,
        "status": 1,
        "fuel": 5746,
        "fault": 0.2565,
        "weapon": 0,
        "pilot_injury": 0.2694,
        "pilot_skill": 0.0936,
        "mission_priority": 0.4265,
        "estimated_landing_time": 946.0,
        "wait_time": 0,
        "Landing_success_rate": 0.8637
    },
    {
        "model": 1,
        "sequence": 2,
        "status": 1,
        "fuel": 5745,
        "fault": 0.3792,
        "weapon": 0,
        "pilot_injury": 0.7922,
        "pilot_skill": 0.4483,
        "mission_priority": 0.9546,
        "estimated_landing_time": 194.0,
        "wait_time": 0,
        "Landing_success_rate": 0.8614
    },
    {
        "model": 2,
        "sequence": 24,
        "status": 1,
        "fuel": 6422,
        "fault": 0.0981,
        "weapon": 0,
        "pilot_injury": 0.2483,
        "pilot_skill": 0.9339,
        "mission_priority": 0.2271,
        "estimated_landing_time": 2262.0,
        "wait_time": 0,
        "Landing_success_rate": 0.9124
    },
    {
        "model": 2,
        "sequence": 5,
        "status": 1,
        "fuel": 6331,
        "fault": 0.815,
        "weapon": 0,
        "pilot_injury": 0.6298,
        "pilot_skill": 0.2187,
        "mission_priority": 0.6702,
        "estimated_landing_time": 476.0,
        "wait_time": 0,
        "Landing_success_rate": 0.8615
    },
    {
        "model": 1,
        "sequence": 16,
        "status": 1,
        "fuel": 7079,
        "fault": 0.0918,
        "weapon": 1,
        "pilot_injury": 0.6267,
        "pilot_skill": 0.4082,
        "mission_priority": 0.1936,
        "estimated_landing_time": 1510.0,
        "wait_time": 0,
        "Landing_success_rate": 0.9576
    },
    {
        "model": 2,
        "sequence": 7,
        "status": 1,
        "fuel": 6918,
        "fault": 0.6381,
        "weapon": 1,
        "pilot_injury": 0.8285,
        "pilot_skill": 0.2473,
        "mission_priority": 0.5242,
        "estimated_landing_time": 664.0,
        "wait_time": 0,
        "Landing_success_rate": 0.8885
    },
    {
        "model": 1,
        "sequence": 23,
        "status": 1,
        "fuel": 5688,
        "fault": 0.1948,
        "weapon": 1,
        "pilot_injury": 0.6639,
        "pilot_skill": 0.2502,
        "mission_priority": 0.0346,
        "estimated_landing_time": 2168.0,
        "wait_time": 0,
        "Landing_success_rate": 0.8614
    },
    {
        "model": 1,
        "sequence": 22,
        "status": 1,
        "fuel": 6016,
        "fault": 0.0877,
        "weapon": 0,
        "pilot_injury": 0.7135,
        "pilot_skill": 0.5075,
        "mission_priority": 0.669,
        "estimated_landing_time": 2074.0,
        "wait_time": 0,
        "Landing_success_rate": 0.8853
    },
    {
        "model": 2,
        "sequence": 14,
        "status": 1,
        "fuel": 7039,
        "fault": 0.0043,
        "weapon": 0,
        "pilot_injury": 0.3922,
        "pilot_skill": 0.4518,
        "mission_priority": 0.9662,
        "estimated_landing_time": 1322.0,
        "wait_time": 0,
        "Landing_success_rate": 0.9649
    },
    {
        "model": 1,
        "sequence": 28,
        "status": 1,
        "fuel": 6650,
        "fault": 0.1588,
        "weapon": 1,
        "pilot_injury": 0.3303,
        "pilot_skill": 0.2904,
        "mission_priority": 0.2708,
        "estimated_landing_time": 2638.0,
        "wait_time": 0,
        "Landing_success_rate": 0.9226
    },
    {
        "model": 1,
        "sequence": 11,
        "status": 1,
        "fuel": 7410,
        "fault": 0.6419,
        "weapon": 0,
        "pilot_injury": 0.2707,
        "pilot_skill": 0.6675,
        "mission_priority": 0.0477,
        "estimated_landing_time": 1040.0,
        "wait_time": 0,
        "Landing_success_rate": 0.9013
    },
    {
        "model": 2,
        "sequence": 17,
        "status": 1,
        "fuel": 6762,
        "fault": 0.6437,
        "weapon": 1,
        "pilot_injury": 0.7514,
        "pilot_skill": 0.1465,
        "mission_priority": 0.9407,
        "estimated_landing_time": 1604.0,
        "wait_time": 0,
        "Landing_success_rate": 0.8837
    },
    {
        "model": 0,
        "sequence": 8,
        "status": 1,
        "fuel": 6407,
        "fault": 0.6904,
        "weapon": 1,
        "pilot_injury": 0.1997,
        "pilot_skill": 0.2867,
        "mission_priority": 0.761,
        "estimated_landing_time": 758.0,
        "wait_time": 0,
        "Landing_success_rate": 0.8711
    },
    {
        "model": 2,
        "sequence": 30,
        "status": 1,
        "fuel": 5697,
        "fault": 0.9575,
        "weapon": 1,
        "pilot_injury": 0.0466,
        "pilot_skill": 0.2299,
        "mission_priority": 0.9456,
        "estimated_landing_time": 2826.0,
        "wait_time": 0,
        "Landing_success_rate": 0.8506
    },
    {
        "model": 2,
        "sequence": 1,
        "status": 1,
        "fuel": 6959,
        "fault": 0.3821,
        "weapon": 1,
        "pilot_injury": 0.482,
        "pilot_skill": 0.8994,
        "mission_priority": 0.5913,
        "estimated_landing_time": 100.0,
        "wait_time": 0,
        "Landing_success_rate": 0.9176
    },
    {
        "model": 0,
        "sequence": 15,
        "status": 1,
        "fuel": 6343,
        "fault": 0.3815,
        "weapon": 1,
        "pilot_injury": 0.2001,
        "pilot_skill": 0.7259,
        "mission_priority": 0.5264,
        "estimated_landing_time": 1416.0,
        "wait_time": 0,
        "Landing_success_rate": 0.8891
    },
    {
        "model": 1,
        "sequence": 21,
        "status": 1,
        "fuel": 6312,
        "fault": 0.7286,
        "weapon": 1,
        "pilot_injury": 0.6476,
        "pilot_skill": 0.3823,
        "mission_priority": 0.332,
        "estimated_landing_time": 1980.0,
        "wait_time": 0,
        "Landing_success_rate": 0.8665
    },
    {
        "model": 2,
        "sequence": 26,
        "status": 1,
        "fuel": 6057,
        "fault": 0.5303,
        "weapon": 0,
        "pilot_injury": 0.6491,
        "pilot_skill": 0.9653,
        "mission_priority": 0.7012,
        "estimated_landing_time": 2450.0,
        "wait_time": 0,
        "Landing_success_rate": 0.8696
    },
    {
        "model": 0,
        "sequence": 12,
        "status": 1,
        "fuel": 6589,
        "fault": 0.5938,
        "weapon": 0,
        "pilot_injury": 0.3987,
        "pilot_skill": 0.8392,
        "mission_priority": 0.3809,
        "estimated_landing_time": 1134.0,
        "wait_time": 0,
        "Landing_success_rate": 0.8832
    },
    {
        "model": 0,
        "sequence": 3,
        "status": 1,
        "fuel": 6181,
        "fault": 0.6456,
        "weapon": 1,
        "pilot_injury": 0.1478,
        "pilot_skill": 0.1298,
        "mission_priority": 0.6346,
        "estimated_landing_time": 288.0,
        "wait_time": 0,
        "Landing_success_rate": 0.8681
    },
    {
        "model": 2,
        "sequence": 6,
        "status": 1,
        "fuel": 6198,
        "fault": 0.6554,
        "weapon": 0,
        "pilot_injury": 0.5921,
        "pilot_skill": 0.0257,
        "mission_priority": 0.2462,
        "estimated_landing_time": 570.0,
        "wait_time": 0,
        "Landing_success_rate": 0.868
    },
    {
        "model": 2,
        "sequence": 13,
        "status": 1,
        "fuel": 6348,
        "fault": 0.9118,
        "weapon": 0,
        "pilot_injury": 0.545,
        "pilot_skill": 0.856,
        "mission_priority": 0.3345,
        "estimated_landing_time": 1228.0,
        "wait_time": 0,
        "Landing_success_rate": 0.8556
    },
    {
        "model": 0,
        "sequence": 9,
        "status": 1,
        "fuel": 7170,
        "fault": 0.4693,
        "weapon": 1,
        "pilot_injury": 0.9517,
        "pilot_skill": 0.5015,
        "mission_priority": 0.5025,
        "estimated_landing_time": 852.0,
        "wait_time": 0,
        "Landing_success_rate": 0.9165
    },
    {
        "model": 2,
        "sequence": 29,
        "status": 1,
        "fuel": 7452,
        "fault": 0.3814,
        "weapon": 1,
        "pilot_injury": 0.3321,
        "pilot_skill": 0.6563,
        "mission_priority": 0.7852,
        "estimated_landing_time": 2732.0,
        "wait_time": 0,
        "Landing_success_rate": 0.9406
    },
    {
        "model": 0,
        "sequence": 18,
        "status": 1,
        "fuel": 7309,
        "fault": 0.7336,
        "weapon": 0,
        "pilot_injury": 0.5751,
        "pilot_skill": 0.8628,
        "mission_priority": 0.5501,
        "estimated_landing_time": 1698.0,
        "wait_time": 0,
        "Landing_success_rate": 0.8861
    },
    {
        "model": 2,
        "sequence": 27,
        "status": 1,
        "fuel": 5816,
        "fault": 0.9278,
        "weapon": 1,
        "pilot_injury": 0.7129,
        "pilot_skill": 0.6536,
        "mission_priority": 0.243,
        "estimated_landing_time": 2544.0,
        "wait_time": 0,
        "Landing_success_rate": 0.8517
    },
    {
        "model": 0,
        "sequence": 19,
        "status": 1,
        "fuel": 6101,
        "fault": 0.433,
        "weapon": 1,
        "pilot_injury": 0.984,
        "pilot_skill": 0.1845,
        "mission_priority": 0.4644,
        "estimated_landing_time": 1792.0,
        "wait_time": 0,
        "Landing_success_rate": 0.8756
    }
]