[
    {
        "model": 1,
        "sequence": 24,
        "status": 1,
        "fuel": 5530,
        "fault": 0.7561,
        "weapon": 1,
        "pilot_injury": 0.6933,
        "pilot_skill": 0.444,
        "mission_priority": 0.5239,
        "estimated_landing_time": 2262.0,
        "wait_time": 0,
        "Landing_success_rate": 0.8505
    },
    {
        "model": 0,
        "sequence": 28,
        "status": 1,
        "fuel": 6200,
        "fault": 0.2943,
        "weapon": 1,
        "pilot_injury": 0.8766,
        "pilot_skill": 0.8408,
        "mission_priority": 0.786,
        "estimated_landing_time": 2638.0,
        "wait_time": 0,
        "Landing_success_rate": 0.887
    },
    {
        "model": 1,
        "sequence": 22,
        "status": 1,
        "fuel": 7367,
        "fault": 0.3783,
        "weapon": 0,
        "pilot_injury": 0.2749,
        "pilot_skill": 0.888,
        "mission_priority": 0.197,
        "estimated_landing_time": 2074.0,
        "wait_time": 0,
        "Landing_success_rate": 0.9371
    },
    {
        "model": 0,
        "sequence": 25,
        "status": 1,
        "fuel": 7470,
        "fault": 0.8811,
        "weapon": 0,
        "pilot_injury": 0.6403,
        "pilot_skill": 0.4159,
        "mission_priority": 0.6786,
        "estimated_landing_time": 2356.0,
        "wait_time": 0,
        "Landing_success_rate": 0.8676
    },
    {
        "model": 0,
        "sequence": 14,
        "status": 1,
        "fuel": 6669,
        "fault": 0.0252,
        "weapon": 1,
        "pilot_injury": 0.6463,
        "pilot_skill": 0.2042,
        "mission_priority": 0.694,
        "estimated_landing_time": 1322.0,
        "wait_time": 0,
        "Landing_success_rate": 0.9355
    },
    {
        "model": 2,
        "sequence": 29,
        "status": 1,
        "fuel": 6263,
        "fault": 0.986,
        "weapon": 0,
        "pilot_injury": 0.3031,
        "pilot_skill": 0.5157,
        "mission_priority": 0.6453,
        "estimated_landing_time": 2732.0,
        "wait_time": 0,
        "Landing_success_rate": 0.8508
    },
    {
        "model": 2,
        "sequence": 19,
        "status": 1,
        "fuel": 6634,
        "fault": 0.1817,
        "weapon": 0,
        "pilot_injury": 0.7171,
        "pilot_skill": 0.479,
        "mission_priority": 0.3921,
        "estimated_landing_time": 1792.0,
        "wait_time": 0,
        "Landing_success_rate": 0.9196
    },
    {
        "model": 2,
        "sequence": 23,
        "status": 1,
        "fuel": 6796,
        "fault": 0.3312,
        "weapon": 0,
        "pilot_injury": 0.8484,
        "pilot_skill": 0.384,
        "mission_priority": 0.4616,
        "estimated_landing_time": 2168.0,
        "wait_time": 0,
        "Landing_success_rate": 0.915
    },
    {
        "model": 1,
        "sequence": 27,
        "status": 1,
        "fuel": 5714,
        "fault": 0.7848,
        "weapon": 0,
        "pilot_injury": 0.0619,
        "pilot_skill": 0.6138,
        "mission_priority": 0.4481,
        "estimated_landing_time": 2544.0,
        "wait_time": 0,
        "Landing_success_rate": 0.8535
    },
    {
        "model": 0,
        "sequence": 7,
        "status": 1,
        "fuel": 7369,
        "fault": 0.8385,
        "weapon": 1,
        "pilot_injury": 0.7988,
        "pilot_skill": 0.751,
        "mission_priority": 0.7715,
        "estimated_landing_time": 664.0,
        "wait_time": 0,
        "Landing_success_rate": 0.8726
    },
    {
        "model": 1,
        "sequence": 3,
        "status": 1,
        "fuel": 5667,
        "fault": 0.2407,
        "weapon": 0,
        "pilot_injury": 0.9334,
        "pilot_skill": 0.0543,
        "mission_priority": 0.1526,
        "estimated_landing_time": 288.0,
        "wait_time": 0,
        "Landing_success_rate": 0.8595
    },
    {
        "model": 2,
        "sequence": 26,
        "status": 1,
        "fuel": 5628,
        "fault": 0.8228,
        "weapon": 0,
        "pilot_injury": 0.0082,
        "pilot_skill": 0.7193,
        "mission_priority": 0.5587,
        "estimated_landing_time": 2450.0,
        "wait_time": 0,
        "Landing_success_rate": 0.8517
    },
    {
        "model": 2,
        "sequence": 21,
        "status": 1,
        "fuel": 6249,
        "fault": 0.0249,
        "weapon": 1,
        "pilot_injury": 0.5195,
        "pilot_skill": 0.1618,
        "mission_priority": 0.1087,
        "estimated_landing_time": 1980.0,
        "wait_time": 0,
        "Landing_success_rate": 0.9048
    },
    {
        "model": 0,
        "sequence": 6,
        "status": 1,
        "fuel": 7183,
        "fault": 0.3417,
        "weapon": 1,
        "pilot_injury": 0.5883,
        "pilot_skill": 0.4801,
        "mission_priority": 0.5715,
        "estimated_landing_time": 570.0,
        "wait_time": 0,
        "Landing_success_rate": 0.9331
    },
    {
        "model": 0,
        "sequence": 30,
        "status": 1,
        "fuel": 5609,
        "fault": 0.8759,
        "weapon": 0,
        "pilot_injury": 0.0975,
        "pilot_skill": 0.8968,
        "mission_priority": 0.5999,
        "estimated_landing_time": 2826.0,
        "wait_time": 0,
        "Landing_success_rate": 0.851
    },
    {
        "model": 2,
        "sequence": 2,
        "status": 1,
        "fuel": 6777,
        "fault": 0.2337,
        "weapon": 0,
        "pilot_injury": 0.7565,
        "pilot_skill": 0.5845,
        "mission_priority": 0.0538,
        "estimated_landing_time": 194.0,
        "wait_time": 0,
        "Landing_success_rate": 0.9234
    },
    {
        "model": 1,
        "sequence": 18,
        "status": 1,
        "fuel": 7089,
        "fault": 0.7901,
        "weapon": 1,
        "pilot_injury": 0.1379,
        "pilot_skill": 0.088,
        "mission_priority": 0.7204,
        "estimated_landing_time": 1698.0,
        "wait_time": 0,
        "Landing_success_rate": 0.875
    },
    {
        "model": 1,
        "sequence": 15,
        "status": 1,
        "fuel": 6852,
        "fault": 0.7764,
        "weapon": 1,
        "pilot_injury": 0.9158,
        "pilot_skill": 0.3489,
        "mission_priority": 0.5611,
        "estimated_landing_time": 1416.0,
        "wait_time": 0,
        "Landing_success_rate": 0.8727
    },
    {
        "model": 0,
        "sequence": 17,
        "status": 1,
        "fuel": 6330,
        "fault": 0.6555,
        "weapon": 0,
        "pilot_injury": 0.3123,
        "pilot_skill": 0.9563,
        "mission_priority": 0.1487,
        "estimated_landing_time": 1604.0,
        "wait_time": 0,
        "Landing_success_rate": 0.8714
    },
    {
        "model": 2,
        "sequence": 1,
        "status": 1,
        "fuel": 5872,
        "fault": 0.6167,
        "weapon": 0,
        "pilot_injury": 0.8169,
        "pilot_skill": 0.0287,
        "mission_priority": 0.0781,
        "estimated_landing_time": 100.0,
        "wait_time": 0,
        "Landing_success_rate": 0.8607
    },
    {
        "model": 1,
        "sequence": 16,
        "status": 1,
        "fuel": 6812,
        "fault": 0.185,
        "weapon": 1,
        "pilot_injury": 0.6029,
        "pilot_skill": 0.9061,
        "mission_priority": 0.4676,
        "estimated_landing_time": 1510.0,
        "wait_time": 0,
        "Landing_success_rate": 0.9302
    },
    {
        "model": 0,
        "sequence": 8,
        "status": 1,
        "fuel": 5937,
        "fault": 0.5553,
        "weapon": 0,
        "pilot_injury": 0.0081,
        "pilot_skill": 0.7767,
        "mission_priority": 0.8156,
        "estimated_landing_time": 758.0,
        "wait_time": 0,
        "Landing_success_rate": 0.8646
    },
    {
        "model": 0,
        "sequence": 13,
        "status": 1,
        "fuel": 7014,
        "fault": 0.353,
        "weapon": 0,
        "pilot_injury": 0.0193,
        "pilot_skill": 0.2347,
        "mission_priority": 0.5878,
        "estimated_landing_time": 1228.0,
        "wait_time": 0,
        "Landing_success_rate": 0.9235
    },
    {
        "model": 0,
        "sequence": 20,
        "status": 1,
        "fuel": 6751,
        "fault": 0.5034,
        "weapon": 1,
        "pilot_injury": 0.1216,
        "pilot_skill": 0.7018,
        "mission_priority": 0.6672,
        "estimated_landing_time": 1886.0,
        "wait_time": 0,
        "Landing_success_rate": 0.8966
    },
    {
        "model": 1,
        "sequence": 4,
        "status": 1,
        "fuel": 7346,
        "fault": 0.8595,
        "weapon": 0,
        "pilot_injury": 0.1288,
        "pilot_skill": 0.9257,
        "mission_priority": 0.201,
        "estimated_landing_time": 382.0,
        "wait_time": 0,
        "Landing_success_rate": 0.8695
    },
    {
        "model": 0,
        "sequence": 5,
        "status": 1,
        "fuel": 6097,
        "fault": 0.6343,
        "weapon": 0,
        "pilot_injury": 0.1878,
        "pilot_skill": 0.5269,
        "mission_priority": 0.6868,
        "estimated_landing_time": 476.0,
        "wait_time": 0,
        "Landing_success_rate": 0.8664
    },
    {
        "model": 1,
        "sequence": 9,
        "status": 1,
        "fuel": 5841,
        "fault": 0.8895,
        "weapon": 1,
        "pilot_injury": 0.3649,
        "pilot_skill": 0.0279,
        "mission_priority": 0.9741,
        "estimated_landing_time": 852.0,
        "wait_time": 0,
        "Landing_success_rate": 0.8528
    },
    {
        "model": 0,
        "sequence": 11,
        "status": 1,
        "fuel": 6850,
        "fault": 0.8719,
        "weapon": 0,
        "pilot_injury": 0.4492,
        "pilot_skill": 0.635,
        "mission_priority": 0.1906,
        "estimated_landing_time": 1040.0,
        "wait_time": 0,
        "Landing_success_rate": 0.863
    },
    {
        "model": 1,
        "sequence": 12,
        "status": 1,
        "fuel": 6586,
        "fault": 0.5336,
        "weapon": 1,
        "pilot_injury": 0.4266,
        "pilot_skill": 0.8814,
        "mission_priority": 0.1503,
        "estimated_landing_time": 1134.0,
        "wait_time": 0,
        "Landing_success_rate": 0.888
    },
    {
        "model": 2,
        "sequence": 10,
        "status": 1,
        "fuel": 6407,
        "fault": 0.244,
        "weapon": 0,
        "pilot_injury": 0.054,
        "pilot_skill": 0.4953,
        "mission_priority": 0.3289,
        "estimated_landing_time": 946.0,
        "wait_time": 0,
        "Landing_success_rate": 0.9014
    }
]