[
    {
        "model": 1,
        "sequence": 29,
        "status": 1,
        "fuel": 6202,
        "fault": 0.8777,
        "weapon": 0,
        "pilot_injury": 0.394,
        "pilot_skill": 0.8399,
        "mission_priority": 0.1331,
        "estimated_landing_time": 2732.0,
        "wait_time": 0,
        "Landing_success_rate": 0.8564
    },
    {
        "model": 1,
        "sequence": 22,
        "status": 1,
        "fuel": 6993,
        "fault": 0.958,
        "weapon": 1,
        "pilot_injury": 0.9007,
        "pilot_skill": 0.7312,
        "mission_priority": 0.6605,
        "estimated_landing_time": 2074.0,
        "wait_time": 0,
        "Landing_success_rate": 0.8547
    },
    {
        "model": 1,
        "sequence": 25,
        "status": 1,
        "fuel": 7189,
        "fault": 0.6838,
        "weapon": 1,
        "pilot_injury": 0.3849,
        "pilot_skill": 0.9278,
        "mission_priority": 0.0547,
        "estimated_landing_time": 2356.0,
        "wait_time": 0,
        "Landing_success_rate": 0.8901
    },
    {
        "model": 0,
        "sequence": 7,
        "status": 1,
        "fuel": 5776,
        "fault": 0.2436,
        "weapon": 0,
        "pilot_injury": 0.4874,
        "pilot_skill": 0.8357,
        "mission_priority": 0.637,
        "estimated_landing_time": 664.0,
        "wait_time": 0,
        "Landing_success_rate": 0.8657
    },
    {
        "model": 1,
        "sequence": 27,
        "status": 1,
        "fuel": 5920,
        "fault": 0.8933,
        "weapon": 0,
        "pilot_injury": 0.9393,
        "pilot_skill": 0.3325,
        "mission_priority": 0.1012,
        "estimated_landing_time": 2544.0,
        "wait_time": 0,
        "Landing_success_rate": 0.8534
    },
    {
        "model": 0,
        "sequence": 10,
        "status": 1,
        "fuel": 6480,
        "fault": 0.6628,
        "weapon": 1,
        "pilot_injury": 0.5905,
        "pilot_skill": 0.2335,
        "mission_priority": 0.3787,
        "estimated_landing_time": 946.0,
        "wait_time": 0,
        "Landing_success_rate": 0.8748
    },
    {
        "model": 1,
        "sequence": 8,
        "status": 1,
        "fuel": 7321,
        "fault": 0.3812,
        "weapon": 1,
        "pilot_injury": 0.8644,
        "pilot_skill": 0.7791,
        "mission_priority": 0.1566,
        "estimated_landing_time": 758.0,
        "wait_time": 0,
        "Landing_success_rate": 0.9345
    },
    {
        "model": 1,
        "sequence": 26,
        "status": 1,
        "fuel": 6357,
        "fault": 0.9159,
        "weapon": 1,
        "pilot_injury": 0.2618,
        "pilot_skill": 0.0331,
        "mission_priority": 0.4181,
        "estimated_landing_time": 2450.0,
        "wait_time": 0,
        "Landing_success_rate": 0.8554
    },
    {
        "model": 2,
        "sequence": 9,
        "status": 1,
        "fuel": 5781,
        "fault": 0.3046,
        "weapon": 1,
        "pilot_injury": 0.3206,
        "pilot_skill": 0.9173,
        "mission_priority": 0.2503,
        "estimated_landing_time": 852.0,
        "wait_time": 0,
        "Landing_success_rate": 0.8647
    },
    {
        "model": 2,
        "sequence": 20,
        "status": 1,
        "fuel": 6822,
        "fault": 0.5404,
        "weapon": 1,
        "pilot_injury": 0.8621,
        "pilot_skill": 0.6536,
        "mission_priority": 0.1584,
        "estimated_landing_time": 1886.0,
        "wait_time": 0,
        "Landing_success_rate": 0.8956
    },
    {
        "model": 2,
        "sequence": 15,
        "status": 1,
        "fuel": 6377,
        "fault": 0.9192,
        "weapon": 1,
        "pilot_injury": 0.0465,
        "pilot_skill": 0.3935,
        "mission_priority": 0.399,
        "estimated_landing_time": 1416.0,
        "wait_time": 0,
        "Landing_success_rate": 0.8553
    },
    {
        "model": 0,
        "sequence": 11,
        "status": 1,
        "fuel": 6324,
        "fault": 0.4599,
        "weapon": 0,
        "pilot_injury": 0.3299,
        "pilot_skill": 0.0118,
        "mission_priority": 0.8059,
        "estimated_landing_time": 1040.0,
        "wait_time": 0,
        "Landing_success_rate": 0.8834
    },
    {
        "model": 0,
        "sequence": 19,
        "status": 1,
        "fuel": 6160,
        "fault": 0.2517,
        "weapon": 0,
        "pilot_injury": 0.112,
        "pilot_skill": 0.9536,
        "mission_priority": 0.7406,
        "estimated_landing_time": 1792.0,
        "wait_time": 0,
        "Landing_success_rate": 0.887
    },
    {
        "model": 1,
        "sequence": 23,
        "status": 1,
        "fuel": 5780,
        "fault": 0.0438,
        "weapon": 0,
        "pilot_injury": 0.4841,
        "pilot_skill": 0.9302,
        "mission_priority": 0.4596,
        "estimated_landing_time": 2168.0,
        "wait_time": 0,
        "Landing_success_rate": 0.8701
    },
    {
        "model": 0,
        "sequence": 18,
        "status": 1,
        "fuel": 6891,
        "fault": 0.7048,
        "weapon": 1,
        "pilot_injury": 0.0258,
        "pilot_skill": 0.5803,
        "mission_priority": 0.5974,
        "estimated_landing_time": 1698.0,
        "wait_time": 0,
        "Landing_success_rate": 0.8808
    },
    {
        "model": 2,
        "sequence": 16,
        "status": 1,
        "fuel": 7425,
        "fault": 0.0777,
        "weapon": 1,
        "pilot_injury": 0.3558,
        "pilot_skill": 0.4378,
        "mission_priority": 0.6713,
        "estimated_landing_time": 1510.0,
        "wait_time": 0,
        "Landing_success_rate": 0.9832
    },
    {
        "model": 0,
        "sequence": 30,
        "status": 1,
        "fuel": 6770,
        "fault": 0.5099,
        "weapon": 0,
        "pilot_injury": 0.6671,
        "pilot_skill": 0.8567,
        "mission_priority": 0.0852,
        "estimated_landing_time": 2826.0,
        "wait_time": 0,
        "Landing_success_rate": 0.8967
    },
    {
        "model": 1,
        "sequence": 6,
        "status": 1,
        "fuel": 6578,
        "fault": 0.4372,
        "weapon": 0,
        "pilot_injury": 0.1775,
        "pilot_skill": 0.6305,
        "mission_priority": 0.8856,
        "estimated_landing_time": 570.0,
        "wait_time": 0,
        "Landing_success_rate": 0.8955
    },
    {
        "model": 0,
        "sequence": 14,
        "status": 1,
        "fuel": 6514,
        "fault": 0.5302,
        "weapon": 1,
        "pilot_injury": 0.1038,
        "pilot_skill": 0.6649,
        "mission_priority": 0.4543,
        "estimated_landing_time": 1322.0,
        "wait_time": 0,
        "Landing_success_rate": 0.8857
    },
    {
        "model": 2,
        "sequence": 5,
        "status": 1,
        "fuel": 5872,
        "fault": 0.8107,
        "weapon": 0,
        "pilot_injury": 0.5815,
        "pilot_skill": 0.4241,
        "mission_priority": 0.5586,
        "estimated_landing_time": 476.0,
        "wait_time": 0,
        "Landing_success_rate": 0.8553
    },
    {
        "model": 1,
        "sequence": 21,
        "status": 1,
        "fuel": 5651,
        "fault": 0.9628,
        "weapon": 0,
        "pilot_injury": 0.3743,
        "pilot_skill": 0.7364,
        "mission_priority": 0.7064,
        "estimated_landing_time": 1980.0,
        "wait_time": 0,
        "Landing_success_rate": 0.8504
    },
    {
        "model": 0,
        "sequence": 12,
        "status": 1,
        "fuel": 7150,
        "fault": 0.7377,
        "weapon": 1,
        "pilot_injury": 0.3145,
        "pilot_skill": 0.7832,
        "mission_priority": 0.497,
        "estimated_landing_time": 1134.0,
        "wait_time": 0,
        "Landing_success_rate": 0.8825
    },
    {
        "model": 1,
        "sequence": 13,
        "status": 1,
        "fuel": 6887,
        "fault": 0.1141,
        "weapon": 1,
        "pilot_injury": 0.1325,
        "pilot_skill": 0.1782,
        "mission_priority": 0.7588,
        "estimated_landing_time": 1228.0,
        "wait_time": 0,
        "Landing_success_rate": 0.9422
    },
    {
        "model": 1,
        "sequence": 4,
        "status": 1,
        "fuel": 6507,
        "fault": 0.0695,
        "weapon": 1,
        "pilot_injury": 0.2933,
        "pilot_skill": 0.8666,
        "mission_priority": 0.7227,
        "estimated_landing_time": 382.0,
        "wait_time": 0,
        "Landing_success_rate": 0.9203
    },
    {
        "model": 0,
        "sequence": 3,
        "status": 1,
        "fuel": 6354,
        "fault": 0.936,
        "weapon": 0,
        "pilot_injury": 0.5796,
        "pilot_skill": 0.1094,
        "mission_priority": 0.7109,
        "estimated_landing_time": 288.0,
        "wait_time": 0,
        "Landing_success_rate": 0.8541
    },
    {
        "model": 1,
        "sequence": 28,
        "status": 1,
        "fuel": 5907,
        "fault": 0.5551,
        "weapon": 1,
        "pilot_injury": 0.7358,
        "pilot_skill": 0.5505,
        "mission_priority": 0.5594,
        "estimated_landing_time": 2638.0,
        "wait_time": 0,
        "Landing_success_rate": 0.8636
    },
    {
        "model": 0,
        "sequence": 17,
        "status": 1,
        "fuel": 7300,
        "fault": 0.7888,
        "weapon": 1,
        "pilot_injury": 0.2169,
        "pilot_skill": 0.7688,
        "mission_priority": 0.2714,
        "estimated_landing_time": 1604.0,
        "wait_time": 0,
        "Landing_success_rate": 0.8785
    },
    {
        "model": 2,
        "sequence": 2,
        "status": 1,
        "fuel": 5746,
        "fault": 0.997,
        "weapon": 1,
        "pilot_injury": 0.7574,
        "pilot_skill": 0.2109,
        "mission_priority": 0.4873,
        "estimated_landing_time": 194.0,
        "wait_time": 0,
        "Landing_success_rate": 0.8501
    },
    {
        "model": 2,
        "sequence": 24,
        "status": 1,
        "fuel": 6027,
        "fault": 0.799,
        "weapon": 0,
        "pilot_injury": 0.8881,
        "pilot_skill": 0.2826,
        "mission_priority": 0.2243,
        "estimated_landing_time": 2262.0,
        "wait_time": 0,
        "Landing_success_rate": 0.8579
    },
    {
        "model": 0,
        "sequence": 1,
        "status": 1,
        "fuel": 7002,
        "fault": 0.4825,
        "weapon": 1,
        "pilot_injury": 0.6655,
        "pilot_skill": 0.9527,
        "mission_priority": 0.8966,
        "estimated_landing_time": 100.0,
        "wait_time": 0,
        "Landing_success_rate": 0.9083
    }
]