[
    {
        "model": 1,
        "sequence": 17,
        "status": 1,
        "fuel": 6707,
        "fault": 0.3047,
        "weapon": 0,
        "pilot_injury": 0.8698,
        "pilot_skill": 0.7702,
        "mission_priority": 0.1205,
        "estimated_landing_time": 1604.0,
        "wait_time": 0,
        "Landing_success_rate": 0.9129
    },
    {
        "model": 1,
        "sequence": 14,
        "status": 1,
        "fuel": 5768,
        "fault": 0.1346,
        "weapon": 1,
        "pilot_injury": 0.1271,
        "pilot_skill": 0.772,
        "mission_priority": 0.3584,
        "estimated_landing_time": 1322.0,
        "wait_time": 0,
        "Landing_success_rate": 0.8674
    },
    {
        "model": 2,
        "sequence": 7,
        "status": 1,
        "fuel": 5901,
        "fault": 0.1717,
        "weapon": 0,
        "pilot_injury": 0.2552,
        "pilot_skill": 0.8574,
        "mission_priority": 0.7736,
        "estimated_landing_time": 664.0,
        "wait_time": 0,
        "Landing_success_rate": 0.8749
    },
    {
        "model": 1,
        "sequence": 5,
        "status": 1,
        "fuel": 7065,
        "fault": 0.3728,
        "weapon": 0,
        "pilot_injury": 0.1099,
        "pilot_skill": 0.4839,
        "mission_priority": 0.1057,
        "estimated_landing_time": 476.0,
        "wait_time": 0,
        "Landing_success_rate": 0.9236
    },
    {
        "model": 1,
        "sequence": 23,
        "status": 1,
        "fuel": 7054,
        "fault": 0.4571,
        "weapon": 1,
        "pilot_injury": 0.9976,
        "pilot_skill": 0.198,
        "mission_priority": 0.2079,
        "estimated_landing_time": 2168.0,
        "wait_time": 0,
        "Landing_success_rate": 0.9133
    },
    {
        "model": 0,
        "sequence": 30,
        "status": 1,
        "fuel": 6718,
        "fault": 0.4832,
        "weapon": 1,
        "pilot_injury": 0.9158,
        "pilot_skill": 0.769,
        "mission_priority": 0.7364,
        "estimated_landing_time": 2826.0,
        "wait_time": 0,
        "Landing_success_rate": 0.8972
    },
    {
        "model": 0,
        "sequence": 12,
        "status": 1,
        "fuel": 6366,
        "fault": 0.1368,
        "weapon": 0,
        "pilot_injury": 0.3168,
        "pilot_skill": 0.2173,
        "mission_priority": 0.7123,
        "estimated_landing_time": 1134.0,
        "wait_time": 0,
        "Landing_success_rate": 0.9061
    },
    {
        "model": 0,
        "sequence": 15,
        "status": 1,
        "fuel": 5787,
        "fault": 0.3905,
        "weapon": 1,
        "pilot_injury": 0.8137,
        "pilot_skill": 0.4785,
        "mission_priority": 0.5449,
        "estimated_landing_time": 1416.0,
        "wait_time": 0,
        "Landing_success_rate": 0.8631
    },
    {
        "model": 0,
        "sequence": 29,
        "status": 1,
        "fuel": 6794,
        "fault": 0.4056,
        "weapon": 1,
        "pilot_injury": 0.0831,
        "pilot_skill": 0.5217,
        "mission_priority": 0.5794,
        "estimated_landing_time": 2732.0,
        "wait_time": 0,
        "Landing_success_rate": 0.9077
    },
    {
        "model": 0,
        "sequence": 25,
        "status": 1,
        "fuel": 6934,
        "fault": 0.2726,
        "weapon": 1,
        "pilot_injury": 0.2237,
        "pilot_skill": 0.3698,
        "mission_priority": 0.1662,
        "estimated_landing_time": 2356.0,
        "wait_time": 0,
        "Landing_success_rate": 0.9282
    },
    {
        "model": 0,
        "sequence": 27,
        "status": 1,
        "fuel": 7326,
        "fault": 0.0263,
        "weapon": 0,
        "pilot_injury": 0.6324,
        "pilot_skill": 0.2248,
        "mission_priority": 0.2465,
        "estimated_landing_time": 2544.0,
        "wait_time": 0,
        "Landing_success_rate": 0.9833
    },
    {
        "model": 1,
        "sequence": 18,
        "status": 1,
        "fuel": 5602,
        "fault": 0.6282,
        "weapon": 0,
        "pilot_injury": 0.8752,
        "pilot_skill": 0.4035,
        "mission_priority": 0.5473,
        "estimated_landing_time": 1698.0,
        "wait_time": 0,
        "Landing_success_rate": 0.8528
    },
    {
        "model": 1,
        "sequence": 8,
        "status": 1,
        "fuel": 5791,
        "fault": 0.187,
        "weapon": 1,
        "pilot_injury": 0.9896,
        "pilot_skill": 0.9992,
        "mission_priority": 0.8905,
        "estimated_landing_time": 758.0,
        "wait_time": 0,
        "Landing_success_rate": 0.8677
    },
    {
        "model": 0,
        "sequence": 16,
        "status": 1,
        "fuel": 5683,
        "fault": 0.007,
        "weapon": 0,
        "pilot_injury": 0.5437,
        "pilot_skill": 0.9578,
        "mission_priority": 0.6282,
        "estimated_landing_time": 1510.0,
        "wait_time": 0,
        "Landing_success_rate": 0.8636
    },
    {
        "model": 2,
        "sequence": 20,
        "status": 1,
        "fuel": 5930,
        "fault": 0.756,
        "weapon": 0,
        "pilot_injury": 0.1569,
        "pilot_skill": 0.7181,
        "mission_priority": 0.5325,
        "estimated_landing_time": 1886.0,
        "wait_time": 0,
        "Landing_success_rate": 0.8579
    },
    {
        "model": 0,
        "sequence": 28,
        "status": 1,
        "fuel": 5706,
        "fault": 0.7296,
        "weapon": 0,
        "pilot_injury": 0.1777,
        "pilot_skill": 0.8584,
        "mission_priority": 0.8729,
        "estimated_landing_time": 2638.0,
        "wait_time": 0,
        "Landing_success_rate": 0.8542
    },
    {
        "model": 1,
        "sequence": 6,
        "status": 1,
        "fuel": 7280,
        "fault": 0.1018,
        "weapon": 1,
        "pilot_injury": 0.8842,
        "pilot_skill": 0.487,
        "mission_priority": 0.4388,
        "estimated_landing_time": 570.0,
        "wait_time": 0,
        "Landing_success_rate": 0.9699
    },
    {
        "model": 2,
        "sequence": 4,
        "status": 1,
        "fuel": 6738,
        "fault": 0.3049,
        "weapon": 1,
        "pilot_injury": 0.526,
        "pilot_skill": 0.6045,
        "mission_priority": 0.4664,
        "estimated_landing_time": 382.0,
        "wait_time": 0,
        "Landing_success_rate": 0.9145
    },
    {
        "model": 2,
        "sequence": 13,
        "status": 1,
        "fuel": 6505,
        "fault": 0.3143,
        "weapon": 1,
        "pilot_injury": 0.5783,
        "pilot_skill": 0.3,
        "mission_priority": 0.7534,
        "estimated_landing_time": 1228.0,
        "wait_time": 0,
        "Landing_success_rate": 0.9017
    },
    {
        "model": 2,
        "sequence": 9,
        "status": 1,
        "fuel": 6453,
        "fault": 0.9327,
        "weapon": 1,
        "pilot_injury": 0.8012,
        "pilot_skill": 0.1832,
        "mission_priority": 0.6257,
        "estimated_landing_time": 852.0,
        "wait_time": 0,
        "Landing_success_rate": 0.8548
    },
    {
        "model": 1,
        "sequence": 19,
        "status": 1,
        "fuel": 6148,
        "fault": 0.5229,
        "weapon": 0,
        "pilot_injury": 0.263,
        "pilot_skill": 0.5428,
        "mission_priority": 0.1249,
        "estimated_landing_time": 1792.0,
        "wait_time": 0,
        "Landing_success_rate": 0.8732
    },
    {
        "model": 2,
        "sequence": 11,
        "status": 1,
        "fuel": 6802,
        "fault": 0.7235,
        "weapon": 0,
        "pilot_injury": 0.3009,
        "pilot_skill": 0.0698,
        "mission_priority": 0.9888,
        "estimated_landing_time": 1040.0,
        "wait_time": 0,
        "Landing_success_rate": 0.877
    },
    {
        "model": 1,
        "sequence": 3,
        "status": 1,
        "fuel": 6666,
        "fault": 0.5162,
        "weapon": 0,
        "pilot_injury": 0.33,
        "pilot_skill": 0.969,
        "mission_priority": 0.7929,
        "estimated_landing_time": 288.0,
        "wait_time": 0,
        "Landing_success_rate": 0.8923
    },
    {
        "model": 1,
        "sequence": 24,
        "status": 1,
        "fuel": 6481,
        "fault": 0.6554,
        "weapon": 1,
        "pilot_injury": 0.4233,
        "pilot_skill": 0.0174,
        "mission_priority": 0.7184,
        "estimated_landing_time": 2262.0,
        "wait_time": 0,
        "Landing_success_rate": 0.8754
    },
    {
        "model": 0,
        "sequence": 26,
        "status": 1,
        "fuel": 5871,
        "fault": 0.7359,
        "weapon": 1,
        "pilot_injury": 0.5658,
        "pilot_skill": 0.0017,
        "mission_priority": 0.9799,
        "estimated_landing_time": 2450.0,
        "wait_time": 0,
        "Landing_success_rate": 0.8573
    },
    {
        "model": 1,
        "sequence": 1,
        "status": 1,
        "fuel": 6493,
        "fault": 0.1787,
        "weapon": 0,
        "pilot_injury": 0.8544,
        "pilot_skill": 0.152,
        "mission_priority": 0.025,
        "estimated_landing_time": 100.0,
        "wait_time": 0,
        "Landing_success_rate": 0.9112
    },
    {
        "model": 2,
        "sequence": 10,
        "status": 1,
        "fuel": 6629,
        "fault": 0.0777,
        "weapon": 1,
        "pilot_injury": 0.9824,
        "pilot_skill": 0.0104,
        "mission_priority": 0.0512,
        "estimated_landing_time": 946.0,
        "wait_time": 0,
        "Landing_success_rate": 0.9281
    },
    {
        "model": 1,
        "sequence": 2,
        "status": 1,
        "fuel": 5763,
        "fault": 0.7489,
        "weapon": 0,
        "pilot_injury": 0.9116,
        "pilot_skill": 0.3111,
        "mission_priority": 0.0698,
        "estimated_landing_time": 194.0,
        "wait_time": 0,
        "Landing_success_rate": 0.855
    },
    {
        "model": 1,
        "sequence": 22,
        "status": 1,
        "fuel": 6757,
        "fault": 0.2028,
        "weapon": 1,
        "pilot_injury": 0.4737,
        "pilot_skill": 0.001,
        "mission_priority": 0.5811,
        "estimated_landing_time": 2074.0,
        "wait_time": 0,
        "Landing_success_rate": 0.9252
    },
    {
        "model": 0,
        "sequence": 21,
        "status": 1,
        "fuel": 5512,
        "fault": 0.3263,
        "weapon": 0,
        "pilot_injury": 0.2614,
        "pilot_skill": 0.529,
        "mission_priority": 0.2301,
        "estimated_landing_time": 1980.0,
        "wait_time": 0,
        "Landing_success_rate": 0.8506
    }
]