[
    {
        "model": 0,
        "sequence": 25,
        "status": 1,
        "fuel": 6974,
        "fault": 0.3568,
        "weapon": 1,
        "pilot_injury": 0.1948,
        "pilot_skill": 0.2684,
        "mission_priority": 0.8209,
        "estimated_landing_time": 2356.0,
        "wait_time": 0,
        "Landing_success_rate": 0.9211
    },
    {
        "model": 2,
        "sequence": 20,
        "status": 1,
        "fuel": 5589,
        "fault": 0.2278,
        "weapon": 1,
        "pilot_injury": 0.6751,
        "pilot_skill": 0.3264,
        "mission_priority": 0.5466,
        "estimated_landing_time": 1886.0,
        "wait_time": 0,
        "Landing_success_rate": 0.8552
    },
    {
        "model": 0,
        "sequence": 7,
        "status": 1,
        "fuel": 5557,
        "fault": 0.7862,
        "weapon": 1,
        "pilot_injury": 0.9072,
        "pilot_skill": 0.5696,
        "mission_priority": 0.8802,
        "estimated_landing_time": 664.0,
        "wait_time": 0,
        "Landing_success_rate": 0.8509
    },
    {
        "model": 2,
        "sequence": 16,
        "status": 1,
        "fuel": 6350,
        "fault": 0.6817,
        "weapon": 0,
        "pilot_injury": 0.2073,
        "pilot_skill": 0.1453,
        "mission_priority": 0.8308,
        "estimated_landing_time": 1510.0,
        "wait_time": 0,
        "Landing_success_rate": 0.8703
    },
    {
        "model": 0,
        "sequence": 21,
        "status": 1,
        "fuel": 6863,
        "fault": 0.7241,
        "weapon": 1,
        "pilot_injury": 0.1042,
        "pilot_skill": 0.1356,
        "mission_priority": 0.8135,
        "estimated_landing_time": 1980.0,
        "wait_time": 0,
        "Landing_success_rate": 0.8782
    },
    {
        "model": 1,
        "sequence": 1,
        "status": 1,
        "fuel": 7458,
        "fault": 0.005,
        "weapon": 1,
        "pilot_injury": 0.0111,
        "pilot_skill": 0.331,
        "mission_priority": 0.0305,
        "estimated_landing_time": 100.0,
        "wait_time": 0,
        "Landing_success_rate": 0.9961
    },
    {
        "model": 2,
        "sequence": 26,
        "status": 1,
        "fuel": 6041,
        "fault": 0.077,
        "weapon": 0,
        "pilot_injury": 0.6419,
        "pilot_skill": 0.4115,
        "mission_priority": 0.3455,
        "estimated_landing_time": 2450.0,
        "wait_time": 0,
        "Landing_success_rate": 0.8875
    },
    {
        "model": 2,
        "sequence": 19,
        "status": 1,
        "fuel": 5576,
        "fault": 0.6037,
        "weapon": 1,
        "pilot_injury": 0.6955,
        "pilot_skill": 0.3607,
        "mission_priority": 0.3211,
        "estimated_landing_time": 1792.0,
        "wait_time": 0,
        "Landing_success_rate": 0.8523
    },
    {
        "model": 0,
        "sequence": 2,
        "status": 1,
        "fuel": 6530,
        "fault": 0.3484,
        "weapon": 1,
        "pilot_injury": 0.6233,
        "pilot_skill": 0.5146,
        "mission_priority": 0.4348,
        "estimated_landing_time": 194.0,
        "wait_time": 0,
        "Landing_success_rate": 0.9003
    },
    {
        "model": 1,
        "sequence": 4,
        "status": 1,
        "fuel": 6508,
        "fault": 0.5039,
        "weapon": 1,
        "pilot_injury": 0.9271,
        "pilot_skill": 0.5904,
        "mission_priority": 0.8594,
        "estimated_landing_time": 382.0,
        "wait_time": 0,
        "Landing_success_rate": 0.8875
    },
    {
        "model": 0,
        "sequence": 13,
        "status": 1,
        "fuel": 6746,
        "fault": 0.0925,
        "weapon": 1,
        "pilot_injury": 0.682,
        "pilot_skill": 0.6987,
        "mission_priority": 0.4605,
        "estimated_landing_time": 1228.0,
        "wait_time": 0,
        "Landing_success_rate": 0.9348
    },
    {
        "model": 1,
        "sequence": 17,
        "status": 1,
        "fuel": 7338,
        "fault": 0.6005,
        "weapon": 0,
        "pilot_injury": 0.3839,
        "pilot_skill": 0.9908,
        "mission_priority": 0.2699,
        "estimated_landing_time": 1604.0,
        "wait_time": 0,
        "Landing_success_rate": 0.9051
    },
    {
        "model": 0,
        "sequence": 11,
        "status": 1,
        "fuel": 6487,
        "fault": 0.4968,
        "weapon": 1,
        "pilot_injury": 0.4675,
        "pilot_skill": 0.0584,
        "mission_priority": 0.4758,
        "estimated_landing_time": 1040.0,
        "wait_time": 0,
        "Landing_success_rate": 0.8872
    },
    {
        "model": 2,
        "sequence": 5,
        "status": 1,
        "fuel": 6932,
        "fault": 0.6906,
        "weapon": 0,
        "pilot_injury": 0.5865,
        "pilot_skill": 0.7978,
        "mission_priority": 0.5833,
        "estimated_landing_time": 476.0,
        "wait_time": 0,
        "Landing_success_rate": 0.8832
    },
    {
        "model": 1,
        "sequence": 24,
        "status": 1,
        "fuel": 6181,
        "fault": 0.7831,
        "weapon": 1,
        "pilot_injury": 0.762,
        "pilot_skill": 0.1794,
        "mission_priority": 0.2366,
        "estimated_landing_time": 2262.0,
        "wait_time": 0,
        "Landing_success_rate": 0.8611
    },
    {
        "model": 1,
        "sequence": 3,
        "status": 1,
        "fuel": 6219,
        "fault": 0.5095,
        "weapon": 1,
        "pilot_injury": 0.3217,
        "pilot_skill": 0.1693,
        "mission_priority": 0.2939,
        "estimated_landing_time": 288.0,
        "wait_time": 0,
        "Landing_success_rate": 0.8765
    },
    {
        "model": 0,
        "sequence": 10,
        "status": 1,
        "fuel": 6416,
        "fault": 0.1532,
        "weapon": 0,
        "pilot_injury": 0.7686,
        "pilot_skill": 0.8622,
        "mission_priority": 0.8204,
        "estimated_landing_time": 946.0,
        "wait_time": 0,
        "Landing_success_rate": 0.9082
    },
    {
        "model": 1,
        "sequence": 12,
        "status": 1,
        "fuel": 5768,
        "fault": 0.8516,
        "weapon": 1,
        "pilot_injury": 0.2879,
        "pilot_skill": 0.0556,
        "mission_priority": 0.676,
        "estimated_landing_time": 1134.0,
        "wait_time": 0,
        "Landing_success_rate": 0.853
    },
    {
        "model": 0,
        "sequence": 29,
        "status": 1,
        "fuel": 5857,
        "fault": 0.166,
        "weapon": 0,
        "pilot_injury": 0.6161,
        "pilot_skill": 0.1569,
        "mission_priority": 0.8532,
        "estimated_landing_time": 2732.0,
        "wait_time": 0,
        "Landing_success_rate": 0.8723
    },
    {
        "model": 1,
        "sequence": 28,
        "status": 1,
        "fuel": 6410,
        "fault": 0.0895,
        "weapon": 0,
        "pilot_injury": 0.7741,
        "pilot_skill": 0.2979,
        "mission_priority": 0.0746,
        "estimated_landing_time": 2638.0,
        "wait_time": 0,
        "Landing_success_rate": 0.9121
    },
    {
        "model": 0,
        "sequence": 27,
        "status": 1,
        "fuel": 6652,
        "fault": 0.77,
        "weapon": 1,
        "pilot_injury": 0.2434,
        "pilot_skill": 0.4595,
        "mission_priority": 0.9068,
        "estimated_landing_time": 2544.0,
        "wait_time": 0,
        "Landing_success_rate": 0.8699
    },
    {
        "model": 0,
        "sequence": 15,
        "status": 1,
        "fuel": 7294,
        "fault": 0.1931,
        "weapon": 0,
        "pilot_injury": 0.0241,
        "pilot_skill": 0.3414,
        "mission_priority": 0.6823,
        "estimated_landing_time": 1416.0,
        "wait_time": 0,
        "Landing_success_rate": 0.9586
    },
    {
        "model": 0,
        "sequence": 30,
        "status": 1,
        "fuel": 5929,
        "fault": 0.3801,
        "weapon": 0,
        "pilot_injury": 0.9146,
        "pilot_skill": 0.3541,
        "mission_priority": 0.7058,
        "estimated_landing_time": 2826.0,
        "wait_time": 0,
        "Landing_success_rate": 0.8699
    },
    {
        "model": 2,
        "sequence": 8,
        "status": 1,
        "fuel": 6705,
        "fault": 0.967,
        "weapon": 1,
        "pilot_injury": 0.0215,
        "pilot_skill": 0.1508,
        "mission_priority": 0.7099,
        "estimated_landing_time": 758.0,
        "wait_time": 0,
        "Landing_success_rate": 0.853
    },
    {
        "model": 1,
        "sequence": 18,
        "status": 1,
        "fuel": 5749,
        "fault": 0.5908,
        "weapon": 1,
        "pilot_injury": 0.4774,
        "pilot_skill": 0.6749,
        "mission_priority": 0.7738,
        "estimated_landing_time": 1698.0,
        "wait_time": 0,
        "Landing_success_rate": 0.8576
    },
    {
        "model": 2,
        "sequence": 9,
        "status": 1,
        "fuel": 7444,
        "fault": 0.4296,
        "weapon": 0,
        "pilot_injury": 0.7945,
        "pilot_skill": 0.6948,
        "mission_priority": 0.5742,
        "estimated_landing_time": 852.0,
        "wait_time": 0,
        "Landing_success_rate": 0.9332
    },
    {
        "model": 2,
        "sequence": 14,
        "status": 1,
        "fuel": 5590,
        "fault": 0.247,
        "weapon": 1,
        "pilot_injury": 0.8203,
        "pilot_skill": 0.8033,
        "mission_priority": 0.6145,
        "estimated_landing_time": 1322.0,
        "wait_time": 0,
        "Landing_success_rate": 0.8551
    },
    {
        "model": 2,
        "sequence": 22,
        "status": 1,
        "fuel": 6433,
        "fault": 0.5684,
        "weapon": 0,
        "pilot_injury": 0.3272,
        "pilot_skill": 0.4206,
        "mission_priority": 0.4858,
        "estimated_landing_time": 2074.0,
        "wait_time": 0,
        "Landing_success_rate": 0.8802
    },
    {
        "model": 2,
        "sequence": 23,
        "status": 1,
        "fuel": 7425,
        "fault": 0.1934,
        "weapon": 0,
        "pilot_injury": 0.5189,
        "pilot_skill": 0.3679,
        "mission_priority": 0.9901,
        "estimated_landing_time": 2168.0,
        "wait_time": 0,
        "Landing_success_rate": 0.9665
    },
    {
        "model": 1,
        "sequence": 6,
        "status": 1,
        "fuel": 7234,
        "fault": 0.1104,
        "weapon": 0,
        "pilot_injury": 0.9997,
        "pilot_skill": 0.5141,
        "mission_priority": 0.1671,
        "estimated_landing_time": 570.0,
        "wait_time": 0,
        "Landing_success_rate": 0.9657
    }
]