[
    {
        "model": 2,
        "sequence": 19,
        "status": 1,
        "fuel": 5561,
        "fault": 0.8962,
        "weapon": 0,
        "pilot_injury": 0.7992,
        "pilot_skill": 0.4369,
        "mission_priority": 0.8468,
        "estimated_landing_time": 1792.0,
        "wait_time": 0,
        "Landing_success_rate": 0.8505
    },
    {
        "model": 2,
        "sequence": 14,
        "status": 1,
        "fuel": 6939,
        "fault": 0.6216,
        "weapon": 0,
        "pilot_injury": 0.6327,
        "pilot_skill": 0.4519,
        "mission_priority": 0.0598,
        "estimated_landing_time": 1322.0,
        "wait_time": 0,
        "Landing_success_rate": 0.8908
    },
    {
        "model": 0,
        "sequence": 16,
        "status": 1,
        "fuel": 5975,
        "fault": 0.1742,
        "weapon": 0,
        "pilot_injury": 0.6297,
        "pilot_skill": 0.445,
        "mission_priority": 0.1711,
        "estimated_landing_time": 1510.0,
        "wait_time": 0,
        "Landing_success_rate": 0.8794
    },
    {
        "model": 1,
        "sequence": 29,
        "status": 1,
        "fuel": 6707,
        "fault": 0.5695,
        "weapon": 1,
        "pilot_injury": 0.6531,
        "pilot_skill": 0.2951,
        "mission_priority": 0.822,
        "estimated_landing_time": 2732.0,
        "wait_time": 0,
        "Landing_success_rate": 0.889
    },
    {
        "model": 2,
        "sequence": 8,
        "status": 1,
        "fuel": 6323,
        "fault": 0.2623,
        "weapon": 1,
        "pilot_injury": 0.6171,
        "pilot_skill": 0.0226,
        "mission_priority": 0.2158,
        "estimated_landing_time": 758.0,
        "wait_time": 0,
        "Landing_success_rate": 0.8955
    },
    {
        "model": 1,
        "sequence": 9,
        "status": 1,
        "fuel": 6372,
        "fault": 0.0699,
        "weapon": 1,
        "pilot_injury": 0.5467,
        "pilot_skill": 0.6309,
        "mission_priority": 0.2275,
        "estimated_landing_time": 852.0,
        "wait_time": 0,
        "Landing_success_rate": 0.9108
    },
    {
        "model": 1,
        "sequence": 11,
        "status": 1,
        "fuel": 7309,
        "fault": 0.8693,
        "weapon": 0,
        "pilot_injury": 0.8869,
        "pilot_skill": 0.0587,
        "mission_priority": 0.1279,
        "estimated_landing_time": 1040.0,
        "wait_time": 0,
        "Landing_success_rate": 0.8677
    },
    {
        "model": 1,
        "sequence": 18,
        "status": 1,
        "fuel": 7378,
        "fault": 0.5072,
        "weapon": 0,
        "pilot_injury": 0.081,
        "pilot_skill": 0.2546,
        "mission_priority": 0.0612,
        "estimated_landing_time": 1698.0,
        "wait_time": 0,
        "Landing_success_rate": 0.9194
    },
    {
        "model": 2,
        "sequence": 27,
        "status": 1,
        "fuel": 7439,
        "fault": 0.0197,
        "weapon": 0,
        "pilot_injury": 0.0063,
        "pilot_skill": 0.4825,
        "mission_priority": 0.5198,
        "estimated_landing_time": 2544.0,
        "wait_time": 0,
        "Landing_success_rate": 0.9926
    },
    {
        "model": 0,
        "sequence": 1,
        "status": 1,
        "fuel": 7163,
        "fault": 0.9597,
        "weapon": 1,
        "pilot_injury": 0.9827,
        "pilot_skill": 0.5269,
        "mission_priority": 0.8452,
        "estimated_landing_time": 100.0,
        "wait_time": 0,
        "Landing_success_rate": 0.855
    },
    {
        "model": 2,
        "sequence": 3,
        "status": 1,
        "fuel": 6682,
        "fault": 0.1515,
        "weapon": 0,
        "pilot_injury": 0.6789,
        "pilot_skill": 0.5647,
        "mission_priority": 0.2307,
        "estimated_landing_time": 288.0,
        "wait_time": 0,
        "Landing_success_rate": 0.9252
    },
    {
        "model": 0,
        "sequence": 10,
        "status": 1,
        "fuel": 6145,
        "fault": 0.5629,
        "weapon": 0,
        "pilot_injury": 0.6476,
        "pilot_skill": 0.9917,
        "mission_priority": 0.2365,
        "estimated_landing_time": 946.0,
        "wait_time": 0,
        "Landing_success_rate": 0.8711
    },
    {
        "model": 2,
        "sequence": 12,
        "status": 1,
        "fuel": 7448,
        "fault": 0.4628,
        "weapon": 0,
        "pilot_injury": 0.931,
        "pilot_skill": 0.8324,
        "mission_priority": 0.0209,
        "estimated_landing_time": 1134.0,
        "wait_time": 0,
        "Landing_success_rate": 0.9285
    },
    {
        "model": 1,
        "sequence": 13,
        "status": 1,
        "fuel": 5613,
        "fault": 0.433,
        "weapon": 1,
        "pilot_injury": 0.9955,
        "pilot_skill": 0.4278,
        "mission_priority": 0.6622,
        "estimated_landing_time": 1228.0,
        "wait_time": 0,
        "Landing_success_rate": 0.8548
    },
    {
        "model": 1,
        "sequence": 6,
        "status": 1,
        "fuel": 5957,
        "fault": 0.8717,
        "weapon": 0,
        "pilot_injury": 0.2742,
        "pilot_skill": 0.2602,
        "mission_priority": 0.3146,
        "estimated_landing_time": 570.0,
        "wait_time": 0,
        "Landing_success_rate": 0.8544
    },
    {
        "model": 1,
        "sequence": 2,
        "status": 1,
        "fuel": 5658,
        "fault": 0.904,
        "weapon": 0,
        "pilot_injury": 0.5978,
        "pilot_skill": 0.0317,
        "mission_priority": 0.5392,
        "estimated_landing_time": 194.0,
        "wait_time": 0,
        "Landing_success_rate": 0.8511
    },
    {
        "model": 2,
        "sequence": 26,
        "status": 1,
        "fuel": 6011,
        "fault": 0.2564,
        "weapon": 1,
        "pilot_injury": 0.3298,
        "pilot_skill": 0.7057,
        "mission_priority": 0.0096,
        "estimated_landing_time": 2450.0,
        "wait_time": 0,
        "Landing_success_rate": 0.8785
    },
    {
        "model": 2,
        "sequence": 20,
        "status": 1,
        "fuel": 5868,
        "fault": 0.4435,
        "weapon": 0,
        "pilot_injury": 0.1523,
        "pilot_skill": 0.5604,
        "mission_priority": 0.1689,
        "estimated_landing_time": 1886.0,
        "wait_time": 0,
        "Landing_success_rate": 0.8654
    },
    {
        "model": 0,
        "sequence": 22,
        "status": 1,
        "fuel": 5879,
        "fault": 0.4928,
        "weapon": 1,
        "pilot_injury": 0.2665,
        "pilot_skill": 0.3758,
        "mission_priority": 0.73,
        "estimated_landing_time": 2074.0,
        "wait_time": 0,
        "Landing_success_rate": 0.8644
    },
    {
        "model": 2,
        "sequence": 15,
        "status": 1,
        "fuel": 7317,
        "fault": 0.9163,
        "weapon": 0,
        "pilot_injury": 0.9178,
        "pilot_skill": 0.5538,
        "mission_priority": 0.0488,
        "estimated_landing_time": 1416.0,
        "wait_time": 0,
        "Landing_success_rate": 0.8614
    },
    {
        "model": 0,
        "sequence": 28,
        "status": 1,
        "fuel": 7178,
        "fault": 0.415,
        "weapon": 0,
        "pilot_injury": 0.2821,
        "pilot_skill": 0.8497,
        "mission_priority": 0.0111,
        "estimated_landing_time": 2638.0,
        "wait_time": 0,
        "Landing_success_rate": 0.9236
    },
    {
        "model": 2,
        "sequence": 23,
        "status": 1,
        "fuel": 6772,
        "fault": 0.3147,
        "weapon": 0,
        "pilot_injury": 0.9994,
        "pilot_skill": 0.2919,
        "mission_priority": 0.1573,
        "estimated_landing_time": 2168.0,
        "wait_time": 0,
        "Landing_success_rate": 0.9154
    },
    {
        "model": 1,
        "sequence": 24,
        "status": 1,
        "fuel": 6997,
        "fault": 0.3838,
        "weapon": 1,
        "pilot_injury": 0.4496,
        "pilot_skill": 0.9467,
        "mission_priority": 0.2801,
        "estimated_landing_time": 2262.0,
        "wait_time": 0,
        "Landing_success_rate": 0.9192
    },
    {
        "model": 2,
        "sequence": 7,
        "status": 1,
        "fuel": 6494,
        "fault": 0.6189,
        "weapon": 1,
        "pilot_injury": 0.6973,
        "pilot_skill": 0.3214,
        "mission_priority": 0.8027,
        "estimated_landing_time": 664.0,
        "wait_time": 0,
        "Landing_success_rate": 0.8784
    },
    {
        "model": 1,
        "sequence": 21,
        "status": 1,
        "fuel": 7489,
        "fault": 0.4671,
        "weapon": 1,
        "pilot_injury": 0.9931,
        "pilot_skill": 0.2541,
        "mission_priority": 0.4201,
        "estimated_landing_time": 1980.0,
        "wait_time": 0,
        "Landing_success_rate": 0.9295
    },
    {
        "model": 2,
        "sequence": 4,
        "status": 1,
        "fuel": 5589,
        "fault": 0.0071,
        "weapon": 0,
        "pilot_injury": 0.7784,
        "pilot_skill": 0.4663,
        "mission_priority": 0.9161,
        "estimated_landing_time": 382.0,
        "wait_time": 0,
        "Landing_success_rate": 0.8566
    },
    {
        "model": 0,
        "sequence": 30,
        "status": 1,
        "fuel": 7443,
        "fault": 0.156,
        "weapon": 0,
        "pilot_injury": 0.9485,
        "pilot_skill": 0.9611,
        "mission_priority": 0.4151,
        "estimated_landing_time": 2826.0,
        "wait_time": 0,
        "Landing_success_rate": 0.973
    },
    {
        "model": 2,
        "sequence": 17,
        "status": 1,
        "fuel": 6004,
        "fault": 0.4435,
        "weapon": 1,
        "pilot_injury": 0.8173,
        "pilot_skill": 0.0141,
        "mission_priority": 0.629,
        "estimated_landing_time": 1604.0,
        "wait_time": 0,
        "Landing_success_rate": 0.871
    },
    {
        "model": 1,
        "sequence": 25,
        "status": 1,
        "fuel": 6365,
        "fault": 0.459,
        "weapon": 0,
        "pilot_injury": 0.7956,
        "pilot_skill": 0.5342,
        "mission_priority": 0.2215,
        "estimated_landing_time": 2356.0,
        "wait_time": 0,
        "Landing_success_rate": 0.8851
    },
    {
        "model": 2,
        "sequence": 5,
        "status": 1,
        "fuel": 6278,
        "fault": 0.9233,
        "weapon": 0,
        "pilot_injury": 0.3165,
        "pilot_skill": 0.3756,
        "mission_priority": 0.4852,
        "estimated_landing_time": 476.0,
        "wait_time": 0,
        "Landing_success_rate": 0.8545
    }
]