[
    {
        "model": 2,
        "sequence": 15,
        "status": 1,
        "fuel": 5717,
        "fault": 0.1557,
        "weapon": 1,
        "pilot_injury": 0.0041,
        "pilot_skill": 0.4234,
        "mission_priority": 0.6871,
        "estimated_landing_time": 1416.0,
        "wait_time": 0,
        "Landing_success_rate": 0.8637
    },
    {
        "model": 1,
        "sequence": 13,
        "status": 1,
        "fuel": 6939,
        "fault": 0.2455,
        "weapon": 0,
        "pilot_injury": 0.3019,
        "pilot_skill": 0.4744,
        "mission_priority": 0.0151,
        "estimated_landing_time": 1228.0,
        "wait_time": 0,
        "Landing_success_rate": 0.9314
    },
    {
        "model": 1,
        "sequence": 1,
        "status": 1,
        "fuel": 7378,
        "fault": 0.709,
        "weapon": 1,
        "pilot_injury": 0.6254,
        "pilot_skill": 0.2188,
        "mission_priority": 0.4234,
        "estimated_landing_time": 100.0,
        "wait_time": 0,
        "Landing_success_rate": 0.891
    },
    {
        "model": 1,
        "sequence": 8,
        "status": 1,
        "fuel": 7325,
        "fault": 0.8306,
        "weapon": 0,
        "pilot_injury": 0.3591,
        "pilot_skill": 0.962,
        "mission_priority": 0.6899,
        "estimated_landing_time": 758.0,
        "wait_time": 0,
        "Landing_success_rate": 0.8732
    },
    {
        "model": 1,
        "sequence": 29,
        "status": 1,
        "fuel": 7285,
        "fault": 0.3671,
        "weapon": 0,
        "pilot_injury": 0.0733,
        "pilot_skill": 0.0115,
        "mission_priority": 0.9557,
        "estimated_landing_time": 2732.0,
        "wait_time": 0,
        "Landing_success_rate": 0.9347
    },
    {
        "model": 1,
        "sequence": 23,
        "status": 1,
        "fuel": 7084,
        "fault": 0.0785,
        "weapon": 0,
        "pilot_injury": 0.3945,
        "pilot_skill": 0.7305,
        "mission_priority": 0.31,
        "estimated_landing_time": 2168.0,
        "wait_time": 0,
        "Landing_success_rate": 0.9595
    },
    {
        "model": 1,
        "sequence": 9,
        "status": 1,
        "fuel": 5671,
        "fault": 0.3555,
        "weapon": 0,
        "pilot_injury": 0.4441,
        "pilot_skill": 0.5513,
        "mission_priority": 0.5025,
        "estimated_landing_time": 852.0,
        "wait_time": 0,
        "Landing_success_rate": 0.8583
    },
    {
        "model": 2,
        "sequence": 22,
        "status": 1,
        "fuel": 6453,
        "fault": 0.3061,
        "weapon": 0,
        "pilot_injury": 0.1704,
        "pilot_skill": 0.7541,
        "mission_priority": 0.4156,
        "estimated_landing_time": 2074.0,
        "wait_time": 0,
        "Landing_success_rate": 0.8996
    },
    {
        "model": 0,
        "sequence": 27,
        "status": 1,
        "fuel": 6150,
        "fault": 0.9394,
        "weapon": 0,
        "pilot_injury": 0.5643,
        "pilot_skill": 0.0705,
        "mission_priority": 0.7304,
        "estimated_landing_time": 2544.0,
        "wait_time": 0,
        "Landing_success_rate": 0.853
    },
    {
        "model": 1,
        "sequence": 16,
        "status": 1,
        "fuel": 7408,
        "fault": 0.1754,
        "weapon": 1,
        "pilot_injury": 0.2679,
        "pilot_skill": 0.9467,
        "mission_priority": 0.3217,
        "estimated_landing_time": 1510.0,
        "wait_time": 0,
        "Landing_success_rate": 0.968
    },
    {
        "model": 1,
        "sequence": 28,
        "status": 1,
        "fuel": 6445,
        "fault": 0.1468,
        "weapon": 0,
        "pilot_injury": 0.7462,
        "pilot_skill": 0.4148,
        "mission_priority": 0.9359,
        "estimated_landing_time": 2638.0,
        "wait_time": 0,
        "Landing_success_rate": 0.9105
    },
    {
        "model": 2,
        "sequence": 5,
        "status": 1,
        "fuel": 7496,
        "fault": 0.9688,
        "weapon": 1,
        "pilot_injury": 0.6825,
        "pilot_skill": 0.178,
        "mission_priority": 0.9171,
        "estimated_landing_time": 476.0,
        "wait_time": 0,
        "Landing_success_rate": 0.8547
    },
    {
        "model": 0,
        "sequence": 6,
        "status": 1,
        "fuel": 7403,
        "fault": 0.0784,
        "weapon": 0,
        "pilot_injury": 0.8888,
        "pilot_skill": 0.0429,
        "mission_priority": 0.5486,
        "estimated_landing_time": 570.0,
        "wait_time": 0,
        "Landing_success_rate": 0.9815
    },
    {
        "model": 2,
        "sequence": 30,
        "status": 1,
        "fuel": 6185,
        "fault": 0.8886,
        "weapon": 1,
        "pilot_injury": 0.3561,
        "pilot_skill": 0.1829,
        "mission_priority": 0.2105,
        "estimated_landing_time": 2826.0,
        "wait_time": 0,
        "Landing_success_rate": 0.8557
    },
    {
        "model": 2,
        "sequence": 2,
        "status": 1,
        "fuel": 5964,
        "fault": 0.4338,
        "weapon": 1,
        "pilot_injury": 0.0328,
        "pilot_skill": 0.4136,
        "mission_priority": 0.8304,
        "estimated_landing_time": 194.0,
        "wait_time": 0,
        "Landing_success_rate": 0.8697
    },
    {
        "model": 1,
        "sequence": 17,
        "status": 1,
        "fuel": 6215,
        "fault": 0.1853,
        "weapon": 1,
        "pilot_injury": 0.9549,
        "pilot_skill": 0.2663,
        "mission_priority": 0.7984,
        "estimated_landing_time": 1604.0,
        "wait_time": 0,
        "Landing_success_rate": 0.8937
    },
    {
        "model": 1,
        "sequence": 12,
        "status": 1,
        "fuel": 7178,
        "fault": 0.7057,
        "weapon": 1,
        "pilot_injury": 0.4904,
        "pilot_skill": 0.5006,
        "mission_priority": 0.5165,
        "estimated_landing_time": 1134.0,
        "wait_time": 0,
        "Landing_success_rate": 0.887
    },
    {
        "model": 2,
        "sequence": 26,
        "status": 1,
        "fuel": 5861,
        "fault": 0.8306,
        "weapon": 0,
        "pilot_injury": 0.4817,
        "pilot_skill": 0.2087,
        "mission_priority": 0.9882,
        "estimated_landing_time": 2450.0,
        "wait_time": 0,
        "Landing_success_rate": 0.8546
    },
    {
        "model": 1,
        "sequence": 24,
        "status": 1,
        "fuel": 5520,
        "fault": 0.0198,
        "weapon": 1,
        "pilot_injury": 0.6856,
        "pilot_skill": 0.1599,
        "mission_priority": 0.5681,
        "estimated_landing_time": 2262.0,
        "wait_time": 0,
        "Landing_success_rate": 0.8515
    },
    {
        "model": 1,
        "sequence": 10,
        "status": 1,
        "fuel": 7087,
        "fault": 0.0462,
        "weapon": 0,
        "pilot_injury": 0.4958,
        "pilot_skill": 0.3961,
        "mission_priority": 0.2121,
        "estimated_landing_time": 946.0,
        "wait_time": 0,
        "Landing_success_rate": 0.9635
    },
    {
        "model": 1,
        "sequence": 14,
        "status": 1,
        "fuel": 7037,
        "fault": 0.1214,
        "weapon": 0,
        "pilot_injury": 0.7232,
        "pilot_skill": 0.2995,
        "mission_priority": 0.6054,
        "estimated_landing_time": 1322.0,
        "wait_time": 0,
        "Landing_success_rate": 0.9513
    },
    {
        "model": 0,
        "sequence": 11,
        "status": 1,
        "fuel": 6785,
        "fault": 0.1682,
        "weapon": 1,
        "pilot_injury": 0.8962,
        "pilot_skill": 0.5569,
        "mission_priority": 0.7333,
        "estimated_landing_time": 1040.0,
        "wait_time": 0,
        "Landing_success_rate": 0.9302
    },
    {
        "model": 0,
        "sequence": 18,
        "status": 1,
        "fuel": 7126,
        "fault": 0.4215,
        "weapon": 0,
        "pilot_injury": 0.6951,
        "pilot_skill": 0.8124,
        "mission_priority": 0.6595,
        "estimated_landing_time": 1698.0,
        "wait_time": 0,
        "Landing_success_rate": 0.9205
    },
    {
        "model": 1,
        "sequence": 21,
        "status": 1,
        "fuel": 6078,
        "fault": 0.5581,
        "weapon": 0,
        "pilot_injury": 0.7772,
        "pilot_skill": 0.8451,
        "mission_priority": 0.2812,
        "estimated_landing_time": 1980.0,
        "wait_time": 0,
        "Landing_success_rate": 0.8692
    },
    {
        "model": 2,
        "sequence": 19,
        "status": 1,
        "fuel": 6628,
        "fault": 0.3918,
        "weapon": 0,
        "pilot_injury": 0.4624,
        "pilot_skill": 0.8475,
        "mission_priority": 0.0271,
        "estimated_landing_time": 1792.0,
        "wait_time": 0,
        "Landing_success_rate": 0.9015
    },
    {
        "model": 0,
        "sequence": 4,
        "status": 1,
        "fuel": 6828,
        "fault": 0.2544,
        "weapon": 0,
        "pilot_injury": 0.0591,
        "pilot_skill": 0.227,
        "mission_priority": 0.3513,
        "estimated_landing_time": 382.0,
        "wait_time": 0,
        "Landing_success_rate": 0.9243
    },
    {
        "model": 2,
        "sequence": 7,
        "status": 1,
        "fuel": 5635,
        "fault": 0.3896,
        "weapon": 0,
        "pilot_injury": 0.9546,
        "pilot_skill": 0.2279,
        "mission_priority": 0.8721,
        "estimated_landing_time": 664.0,
        "wait_time": 0,
        "Landing_success_rate": 0.8562
    },
    {
        "model": 1,
        "sequence": 3,
        "status": 1,
        "fuel": 6709,
        "fault": 0.8147,
        "weapon": 0,
        "pilot_injury": 0.4984,
        "pilot_skill": 0.0712,
        "mission_priority": 0.3843,
        "estimated_landing_time": 288.0,
        "wait_time": 0,
        "Landing_success_rate": 0.8668
    },
    {
        "model": 2,
        "sequence": 25,
        "status": 1,
        "fuel": 6668,
        "fault": 0.3439,
        "weapon": 1,
        "pilot_injury": 0.8608,
        "pilot_skill": 0.3859,
        "mission_priority": 0.9819,
        "estimated_landing_time": 2356.0,
        "wait_time": 0,
        "Landing_success_rate": 0.9075
    },
    {
        "model": 2,
        "sequence": 20,
        "status": 1,
        "fuel": 6155,
        "fault": 0.7834,
        "weapon": 0,
        "pilot_injury": 0.5051,
        "pilot_skill": 0.6018,
        "mission_priority": 0.819,
        "estimated_landing_time": 1886.0,
        "wait_time": 0,
        "Landing_success_rate": 0.8606
    }
]