[
    {
        "model": 0,
        "sequence": 20,
        "status": 1,
        "fuel": 6400,
        "fault": 0.7488,
        "weapon": 1,
        "pilot_injury": 0.0512,
        "pilot_skill": 0.0072,
        "mission_priority": 0.1133,
        "estimated_landing_time": 1886.0,
        "wait_time": 0,
        "Landing_success_rate": 0.867
    },
    {
        "model": 2,
        "sequence": 26,
        "status": 1,
        "fuel": 7359,
        "fault": 0.0614,
        "weapon": 0,
        "pilot_injury": 0.5941,
        "pilot_skill": 0.8422,
        "mission_priority": 0.0506,
        "estimated_landing_time": 2450.0,
        "wait_time": 0,
        "Landing_success_rate": 0.9809
    },
    {
        "model": 2,
        "sequence": 1,
        "status": 1,
        "fuel": 6135,
        "fault": 0.7486,
        "weapon": 0,
        "pilot_injury": 0.4047,
        "pilot_skill": 0.0321,
        "mission_priority": 0.6509,
        "estimated_landing_time": 100.0,
        "wait_time": 0,
        "Landing_success_rate": 0.862
    },
    {
        "model": 1,
        "sequence": 24,
        "status": 1,
        "fuel": 5523,
        "fault": 0.4938,
        "weapon": 1,
        "pilot_injury": 0.1705,
        "pilot_skill": 0.2176,
        "mission_priority": 0.5106,
        "estimated_landing_time": 2262.0,
        "wait_time": 0,
        "Landing_success_rate": 0.8509
    },
    {
        "model": 1,
        "sequence": 19,
        "status": 1,
        "fuel": 6513,
        "fault": 0.7729,
        "weapon": 0,
        "pilot_injury": 0.7507,
        "pilot_skill": 0.8077,
        "mission_priority": 0.7954,
        "estimated_landing_time": 1792.0,
        "wait_time": 0,
        "Landing_success_rate": 0.8673
    },
    {
        "model": 0,
        "sequence": 13,
        "status": 1,
        "fuel": 6274,
        "fault": 0.9532,
        "weapon": 0,
        "pilot_injury": 0.5506,
        "pilot_skill": 0.9534,
        "mission_priority": 0.8779,
        "estimated_landing_time": 1228.0,
        "wait_time": 0,
        "Landing_success_rate": 0.8527
    },
    {
        "model": 2,
        "sequence": 17,
        "status": 1,
        "fuel": 5635,
        "fault": 0.2324,
        "weapon": 0,
        "pilot_injury": 0.7291,
        "pilot_skill": 0.0627,
        "mission_priority": 0.9446,
        "estimated_landing_time": 1604.0,
        "wait_time": 0,
        "Landing_success_rate": 0.8578
    },
    {
        "model": 1,
        "sequence": 10,
        "status": 1,
        "fuel": 6377,
        "fault": 0.7994,
        "weapon": 1,
        "pilot_injury": 0.2908,
        "pilot_skill": 0.0034,
        "mission_priority": 0.0612,
        "estimated_landing_time": 946.0,
        "wait_time": 0,
        "Landing_success_rate": 0.8632
    },
    {
        "model": 0,
        "sequence": 15,
        "status": 1,
        "fuel": 6969,
        "fault": 0.6753,
        "weapon": 0,
        "pilot_injury": 0.0836,
        "pilot_skill": 0.9721,
        "mission_priority": 0.411,
        "estimated_landing_time": 1416.0,
        "wait_time": 0,
        "Landing_success_rate": 0.8858
    },
    {
        "model": 2,
        "sequence": 21,
        "status": 1,
        "fuel": 7178,
        "fault": 0.7255,
        "weapon": 0,
        "pilot_injury": 0.065,
        "pilot_skill": 0.8505,
        "mission_priority": 0.4603,
        "estimated_landing_time": 1980.0,
        "wait_time": 0,
        "Landing_success_rate": 0.8845
    },
    {
        "model": 0,
        "sequence": 2,
        "status": 1,
        "fuel": 6448,
        "fault": 0.7449,
        "weapon": 1,
        "pilot_injury": 0.361,
        "pilot_skill": 0.5734,
        "mission_priority": 0.4169,
        "estimated_landing_time": 194.0,
        "wait_time": 0,
        "Landing_success_rate": 0.8681
    },
    {
        "model": 2,
        "sequence": 12,
        "status": 1,
        "fuel": 6988,
        "fault": 0.8379,
        "weapon": 0,
        "pilot_injury": 0.7485,
        "pilot_skill": 0.401,
        "mission_priority": 0.717,
        "estimated_landing_time": 1134.0,
        "wait_time": 0,
        "Landing_success_rate": 0.8681
    },
    {
        "model": 0,
        "sequence": 29,
        "status": 1,
        "fuel": 5777,
        "fault": 0.7898,
        "weapon": 0,
        "pilot_injury": 0.0725,
        "pilot_skill": 0.2441,
        "mission_priority": 0.5832,
        "estimated_landing_time": 2732.0,
        "wait_time": 0,
        "Landing_success_rate": 0.8544
    },
    {
        "model": 2,
        "sequence": 28,
        "status": 1,
        "fuel": 7001,
        "fault": 0.1776,
        "weapon": 0,
        "pilot_injury": 0.2071,
        "pilot_skill": 0.9919,
        "mission_priority": 0.3377,
        "estimated_landing_time": 2638.0,
        "wait_time": 0,
        "Landing_success_rate": 0.9426
    },
    {
        "model": 0,
        "sequence": 9,
        "status": 1,
        "fuel": 6851,
        "fault": 0.415,
        "weapon": 1,
        "pilot_injury": 0.6948,
        "pilot_skill": 0.5083,
        "mission_priority": 0.1576,
        "estimated_landing_time": 852.0,
        "wait_time": 0,
        "Landing_success_rate": 0.9093
    },
    {
        "model": 0,
        "sequence": 5,
        "status": 1,
        "fuel": 7107,
        "fault": 0.9683,
        "weapon": 0,
        "pilot_injury": 0.5649,
        "pilot_skill": 0.9949,
        "mission_priority": 0.0286,
        "estimated_landing_time": 476.0,
        "wait_time": 0,
        "Landing_success_rate": 0.8538
    },
    {
        "model": 1,
        "sequence": 23,
        "status": 1,
        "fuel": 6920,
        "fault": 0.6255,
        "weapon": 1,
        "pilot_injury": 0.4153,
        "pilot_skill": 0.8809,
        "mission_priority": 0.6486,
        "estimated_landing_time": 2168.0,
        "wait_time": 0,
        "Landing_success_rate": 0.8899
    },
    {
        "model": 2,
        "sequence": 6,
        "status": 1,
        "fuel": 6735,
        "fault": 0.6182,
        "weapon": 1,
        "pilot_injury": 0.2161,
        "pilot_skill": 0.5762,
        "mission_priority": 0.1791,
        "estimated_landing_time": 570.0,
        "wait_time": 0,
        "Landing_success_rate": 0.8854
    },
    {
        "model": 2,
        "sequence": 25,
        "status": 1,
        "fuel": 6652,
        "fault": 0.4931,
        "weapon": 1,
        "pilot_injury": 0.9475,
        "pilot_skill": 0.5885,
        "mission_priority": 0.7958,
        "estimated_landing_time": 2356.0,
        "wait_time": 0,
        "Landing_success_rate": 0.8938
    },
    {
        "model": 1,
        "sequence": 30,
        "status": 1,
        "fuel": 6862,
        "fault": 0.3138,
        "weapon": 0,
        "pilot_injury": 0.733,
        "pilot_skill": 0.0416,
        "mission_priority": 0.0972,
        "estimated_landing_time": 2826.0,
        "wait_time": 0,
        "Landing_success_rate": 0.9201
    },
    {
        "model": 1,
        "sequence": 7,
        "status": 1,
        "fuel": 7379,
        "fault": 0.0328,
        "weapon": 1,
        "pilot_injury": 0.4056,
        "pilot_skill": 0.9204,
        "mission_priority": 0.992,
        "estimated_landing_time": 664.0,
        "wait_time": 0,
        "Landing_success_rate": 0.9863
    },
    {
        "model": 0,
        "sequence": 18,
        "status": 1,
        "fuel": 6645,
        "fault": 0.8618,
        "weapon": 1,
        "pilot_injury": 0.2083,
        "pilot_skill": 0.1922,
        "mission_priority": 0.9807,
        "estimated_landing_time": 1698.0,
        "wait_time": 0,
        "Landing_success_rate": 0.8619
    },
    {
        "model": 2,
        "sequence": 16,
        "status": 1,
        "fuel": 7023,
        "fault": 0.6867,
        "weapon": 1,
        "pilot_injury": 0.2553,
        "pilot_skill": 0.3535,
        "mission_priority": 0.1428,
        "estimated_landing_time": 1510.0,
        "wait_time": 0,
        "Landing_success_rate": 0.8858
    },
    {
        "model": 0,
        "sequence": 4,
        "status": 1,
        "fuel": 6979,
        "fault": 0.1801,
        "weapon": 1,
        "pilot_injury": 0.0683,
        "pilot_skill": 0.4351,
        "mission_priority": 0.3915,
        "estimated_landing_time": 382.0,
        "wait_time": 0,
        "Landing_success_rate": 0.9409
    },
    {
        "model": 0,
        "sequence": 8,
        "status": 1,
        "fuel": 6493,
        "fault": 0.8738,
        "weapon": 0,
        "pilot_injury": 0.8966,
        "pilot_skill": 0.0678,
        "mission_priority": 0.0993,
        "estimated_landing_time": 758.0,
        "wait_time": 0,
        "Landing_success_rate": 0.8594
    },
    {
        "model": 0,
        "sequence": 3,
        "status": 1,
        "fuel": 6317,
        "fault": 0.327,
        "weapon": 1,
        "pilot_injury": 0.0854,
        "pilot_skill": 0.816,
        "mission_priority": 0.8921,
        "estimated_landing_time": 288.0,
        "wait_time": 0,
        "Landing_success_rate": 0.8912
    },
    {
        "model": 1,
        "sequence": 14,
        "status": 1,
        "fuel": 5680,
        "fault": 0.742,
        "weapon": 0,
        "pilot_injury": 0.6774,
        "pilot_skill": 0.7026,
        "mission_priority": 0.78,
        "estimated_landing_time": 1322.0,
        "wait_time": 0,
        "Landing_success_rate": 0.8535
    },
    {
        "model": 2,
        "sequence": 22,
        "status": 1,
        "fuel": 7128,
        "fault": 0.3422,
        "weapon": 0,
        "pilot_injury": 0.687,
        "pilot_skill": 0.1349,
        "mission_priority": 0.5107,
        "estimated_landing_time": 2074.0,
        "wait_time": 0,
        "Landing_success_rate": 0.9303
    },
    {
        "model": 1,
        "sequence": 27,
        "status": 1,
        "fuel": 5561,
        "fault": 0.4552,
        "weapon": 1,
        "pilot_injury": 0.0765,
        "pilot_skill": 0.1947,
        "mission_priority": 0.4206,
        "estimated_landing_time": 2544.0,
        "wait_time": 0,
        "Landing_success_rate": 0.8525
    },
    {
        "model": 1,
        "sequence": 11,
        "status": 1,
        "fuel": 6468,
        "fault": 0.8677,
        "weapon": 1,
        "pilot_injury": 0.7485,
        "pilot_skill": 0.1741,
        "mission_priority": 0.106,
        "estimated_landing_time": 1040.0,
        "wait_time": 0,
        "Landing_success_rate": 0.8596
    }
]