[
    {
        "model": 1,
        "sequence": 12,
        "status": 1,
        "fuel": 6678,
        "fault": 0.9646,
        "weapon": 0,
        "pilot_injury": 0.6121,
        "pilot_skill": 0.8761,
        "mission_priority": 0.527,
        "estimated_landing_time": 1134.0,
        "wait_time": 0,
        "Landing_success_rate": 0.8531
    },
    {
        "model": 0,
        "sequence": 6,
        "status": 1,
        "fuel": 5576,
        "fault": 0.3902,
        "weapon": 0,
        "pilot_injury": 0.822,
        "pilot_skill": 0.1941,
        "mission_priority": 0.0912,
        "estimated_landing_time": 570.0,
        "wait_time": 0,
        "Landing_success_rate": 0.8535
    },
    {
        "model": 0,
        "sequence": 4,
        "status": 1,
        "fuel": 6978,
        "fault": 0.104,
        "weapon": 1,
        "pilot_injury": 0.3063,
        "pilot_skill": 0.1352,
        "mission_priority": 0.2508,
        "estimated_landing_time": 382.0,
        "wait_time": 0,
        "Landing_success_rate": 0.9493
    },
    {
        "model": 0,
        "sequence": 3,
        "status": 1,
        "fuel": 7359,
        "fault": 0.2001,
        "weapon": 0,
        "pilot_injury": 0.6325,
        "pilot_skill": 0.5363,
        "mission_priority": 0.5491,
        "estimated_landing_time": 288.0,
        "wait_time": 0,
        "Landing_success_rate": 0.9615
    },
    {
        "model": 2,
        "sequence": 9,
        "status": 1,
        "fuel": 5915,
        "fault": 0.9632,
        "weapon": 0,
        "pilot_injury": 0.0236,
        "pilot_skill": 0.4317,
        "mission_priority": 0.5726,
        "estimated_landing_time": 852.0,
        "wait_time": 0,
        "Landing_success_rate": 0.8511
    },
    {
        "model": 0,
        "sequence": 21,
        "status": 1,
        "fuel": 6484,
        "fault": 0.8041,
        "weapon": 1,
        "pilot_injury": 0.2195,
        "pilot_skill": 0.0706,
        "mission_priority": 0.3479,
        "estimated_landing_time": 1980.0,
        "wait_time": 0,
        "Landing_success_rate": 0.8645
    },
    {
        "model": 1,
        "sequence": 19,
        "status": 1,
        "fuel": 5500,
        "fault": 0.963,
        "weapon": 1,
        "pilot_injury": 0.4605,
        "pilot_skill": 0.6531,
        "mission_priority": 0.6485,
        "estimated_landing_time": 1792.0,
        "wait_time": 0,
        "Landing_success_rate": 0.85
    },
    {
        "model": 2,
        "sequence": 8,
        "status": 1,
        "fuel": 5842,
        "fault": 0.0567,
        "weapon": 1,
        "pilot_injury": 0.794,
        "pilot_skill": 0.9516,
        "mission_priority": 0.2308,
        "estimated_landing_time": 758.0,
        "wait_time": 0,
        "Landing_success_rate": 0.8742
    },
    {
        "model": 1,
        "sequence": 26,
        "status": 1,
        "fuel": 6427,
        "fault": 0.055,
        "weapon": 0,
        "pilot_injury": 0.6241,
        "pilot_skill": 0.9774,
        "mission_priority": 0.1004,
        "estimated_landing_time": 2450.0,
        "wait_time": 0,
        "Landing_success_rate": 0.9157
    },
    {
        "model": 2,
        "sequence": 13,
        "status": 1,
        "fuel": 7212,
        "fault": 0.926,
        "weapon": 1,
        "pilot_injury": 0.3796,
        "pilot_skill": 0.7396,
        "mission_priority": 0.0304,
        "estimated_landing_time": 1228.0,
        "wait_time": 0,
        "Landing_success_rate": 0.8595
    },
    {
        "model": 2,
        "sequence": 11,
        "status": 1,
        "fuel": 5582,
        "fault": 0.8558,
        "weapon": 1,
        "pilot_injury": 0.3827,
        "pilot_skill": 0.0213,
        "mission_priority": 0.0279,
        "estimated_landing_time": 1040.0,
        "wait_time": 0,
        "Landing_success_rate": 0.8509
    },
    {
        "model": 2,
        "sequence": 24,
        "status": 1,
        "fuel": 6429,
        "fault": 0.4156,
        "weapon": 1,
        "pilot_injury": 0.1067,
        "pilot_skill": 0.0546,
        "mission_priority": 0.8048,
        "estimated_landing_time": 2262.0,
        "wait_time": 0,
        "Landing_success_rate": 0.8907
    },
    {
        "model": 1,
        "sequence": 14,
        "status": 1,
        "fuel": 7228,
        "fault": 0.1318,
        "weapon": 0,
        "pilot_injury": 0.3015,
        "pilot_skill": 0.78,
        "mission_priority": 0.5254,
        "estimated_landing_time": 1322.0,
        "wait_time": 0,
        "Landing_success_rate": 0.9625
    },
    {
        "model": 0,
        "sequence": 7,
        "status": 1,
        "fuel": 7256,
        "fault": 0.6457,
        "weapon": 0,
        "pilot_injury": 0.677,
        "pilot_skill": 0.5098,
        "mission_priority": 0.943,
        "estimated_landing_time": 664.0,
        "wait_time": 0,
        "Landing_success_rate": 0.8967
    },
    {
        "model": 2,
        "sequence": 18,
        "status": 1,
        "fuel": 6966,
        "fault": 0.5839,
        "weapon": 0,
        "pilot_injury": 0.3266,
        "pilot_skill": 0.8528,
        "mission_priority": 0.4979,
        "estimated_landing_time": 1698.0,
        "wait_time": 0,
        "Landing_success_rate": 0.8958
    },
    {
        "model": 1,
        "sequence": 17,
        "status": 1,
        "fuel": 7418,
        "fault": 0.3148,
        "weapon": 1,
        "pilot_injury": 0.1332,
        "pilot_skill": 0.0054,
        "mission_priority": 0.2806,
        "estimated_landing_time": 1604.0,
        "wait_time": 0,
        "Landing_success_rate": 0.9486
    },
    {
        "model": 2,
        "sequence": 5,
        "status": 1,
        "fuel": 7467,
        "fault": 0.1364,
        "weapon": 0,
        "pilot_injury": 0.8266,
        "pilot_skill": 0.9267,
        "mission_priority": 0.4121,
        "estimated_landing_time": 476.0,
        "wait_time": 0,
        "Landing_success_rate": 0.9774
    },
    {
        "model": 0,
        "sequence": 29,
        "status": 1,
        "fuel": 6095,
        "fault": 0.3824,
        "weapon": 1,
        "pilot_injury": 0.0575,
        "pilot_skill": 0.1248,
        "mission_priority": 0.4486,
        "estimated_landing_time": 2732.0,
        "wait_time": 0,
        "Landing_success_rate": 0.8776
    },
    {
        "model": 2,
        "sequence": 27,
        "status": 1,
        "fuel": 6078,
        "fault": 0.6439,
        "weapon": 0,
        "pilot_injury": 0.6479,
        "pilot_skill": 0.3585,
        "mission_priority": 0.5574,
        "estimated_landing_time": 2544.0,
        "wait_time": 0,
        "Landing_success_rate": 0.8654
    },
    {
        "model": 1,
        "sequence": 25,
        "status": 1,
        "fuel": 6248,
        "fault": 0.2479,
        "weapon": 0,
        "pilot_injury": 0.074,
        "pilot_skill": 0.2362,
        "mission_priority": 0.0577,
        "estimated_landing_time": 2356.0,
        "wait_time": 0,
        "Landing_success_rate": 0.8922
    },
    {
        "model": 2,
        "sequence": 30,
        "status": 1,
        "fuel": 6124,
        "fault": 0.77,
        "weapon": 1,
        "pilot_injury": 0.3397,
        "pilot_skill": 0.3871,
        "mission_priority": 0.8162,
        "estimated_landing_time": 2826.0,
        "wait_time": 0,
        "Landing_success_rate": 0.8608
    },
    {
        "model": 1,
        "sequence": 22,
        "status": 1,
        "fuel": 5735,
        "fault": 0.3222,
        "weapon": 0,
        "pilot_injury": 0.5011,
        "pilot_skill": 0.6462,
        "mission_priority": 0.5997,
        "estimated_landing_time": 2074.0,
        "wait_time": 0,
        "Landing_success_rate": 0.8619
    },
    {
        "model": 0,
        "sequence": 1,
        "status": 1,
        "fuel": 6104,
        "fault": 0.2171,
        "weapon": 1,
        "pilot_injury": 0.4282,
        "pilot_skill": 0.2386,
        "mission_priority": 0.7591,
        "estimated_landing_time": 100.0,
        "wait_time": 0,
        "Landing_success_rate": 0.8855
    },
    {
        "model": 0,
        "sequence": 10,
        "status": 1,
        "fuel": 6477,
        "fault": 0.7269,
        "weapon": 1,
        "pilot_injury": 0.0952,
        "pilot_skill": 0.2534,
        "mission_priority": 0.104,
        "estimated_landing_time": 946.0,
        "wait_time": 0,
        "Landing_success_rate": 0.87
    },
    {
        "model": 2,
        "sequence": 15,
        "status": 1,
        "fuel": 6082,
        "fault": 0.5926,
        "weapon": 1,
        "pilot_injury": 0.9737,
        "pilot_skill": 0.3994,
        "mission_priority": 0.22,
        "estimated_landing_time": 1416.0,
        "wait_time": 0,
        "Landing_success_rate": 0.8678
    },
    {
        "model": 0,
        "sequence": 28,
        "status": 1,
        "fuel": 6738,
        "fault": 0.619,
        "weapon": 1,
        "pilot_injury": 0.1926,
        "pilot_skill": 0.7623,
        "mission_priority": 0.061,
        "estimated_landing_time": 2638.0,
        "wait_time": 0,
        "Landing_success_rate": 0.8854
    },
    {
        "model": 1,
        "sequence": 23,
        "status": 1,
        "fuel": 5688,
        "fault": 0.2269,
        "weapon": 1,
        "pilot_injury": 0.5443,
        "pilot_skill": 0.3576,
        "mission_priority": 0.6903,
        "estimated_landing_time": 2168.0,
        "wait_time": 0,
        "Landing_success_rate": 0.8609
    },
    {
        "model": 2,
        "sequence": 2,
        "status": 1,
        "fuel": 6728,
        "fault": 0.9242,
        "weapon": 1,
        "pilot_injury": 0.2651,
        "pilot_skill": 0.9257,
        "mission_priority": 0.291,
        "estimated_landing_time": 194.0,
        "wait_time": 0,
        "Landing_success_rate": 0.857
    },
    {
        "model": 1,
        "sequence": 16,
        "status": 1,
        "fuel": 5614,
        "fault": 0.3503,
        "weapon": 0,
        "pilot_injury": 0.4191,
        "pilot_skill": 0.9845,
        "mission_priority": 0.5798,
        "estimated_landing_time": 1510.0,
        "wait_time": 0,
        "Landing_success_rate": 0.8556
    },
    {
        "model": 2,
        "sequence": 20,
        "status": 1,
        "fuel": 7473,
        "fault": 0.4066,
        "weapon": 1,
        "pilot_injury": 0.685,
        "pilot_skill": 0.3276,
        "mission_priority": 0.3086,
        "estimated_landing_time": 1886.0,
        "wait_time": 0,
        "Landing_success_rate": 0.9378
    }
]