[
    {
        "model": 1,
        "sequence": 8,
        "status": 1,
        "fuel": 6062,
        "fault": 0.1768,
        "weapon": 1,
        "pilot_injury": 0.4987,
        "pilot_skill": 0.7025,
        "mission_priority": 0.7719,
        "estimated_landing_time": 758.0,
        "wait_time": 0,
        "Landing_success_rate": 0.8847
    },
    {
        "model": 0,
        "sequence": 9,
        "status": 1,
        "fuel": 6486,
        "fault": 0.1718,
        "weapon": 1,
        "pilot_injury": 0.7207,
        "pilot_skill": 0.2969,
        "mission_priority": 0.0966,
        "estimated_landing_time": 852.0,
        "wait_time": 0,
        "Landing_success_rate": 0.9112
    },
    {
        "model": 2,
        "sequence": 25,
        "status": 1,
        "fuel": 5507,
        "fault": 0.3444,
        "weapon": 0,
        "pilot_injury": 0.6481,
        "pilot_skill": 0.0589,
        "mission_priority": 0.8179,
        "estimated_landing_time": 2356.0,
        "wait_time": 0,
        "Landing_success_rate": 0.8503
    },
    {
        "model": 2,
        "sequence": 11,
        "status": 1,
        "fuel": 6740,
        "fault": 0.7548,
        "weapon": 0,
        "pilot_injury": 0.9746,
        "pilot_skill": 0.9571,
        "mission_priority": 0.8561,
        "estimated_landing_time": 1040.0,
        "wait_time": 0,
        "Landing_success_rate": 0.8728
    },
    {
        "model": 1,
        "sequence": 14,
        "status": 1,
        "fuel": 6113,
        "fault": 0.6432,
        "weapon": 1,
        "pilot_injury": 0.0751,
        "pilot_skill": 0.8512,
        "mission_priority": 0.2802,
        "estimated_landing_time": 1322.0,
        "wait_time": 0,
        "Landing_success_rate": 0.8664
    },
    {
        "model": 0,
        "sequence": 21,
        "status": 1,
        "fuel": 5566,
        "fault": 0.3227,
        "weapon": 1,
        "pilot_injury": 0.7712,
        "pilot_skill": 0.1117,
        "mission_priority": 0.4107,
        "estimated_landing_time": 1980.0,
        "wait_time": 0,
        "Landing_success_rate": 0.8534
    },
    {
        "model": 2,
        "sequence": 29,
        "status": 1,
        "fuel": 6558,
        "fault": 0.1948,
        "weapon": 0,
        "pilot_injury": 0.006,
        "pilot_skill": 0.403,
        "mission_priority": 0.0419,
        "estimated_landing_time": 2732.0,
        "wait_time": 0,
        "Landing_success_rate": 0.9139
    },
    {
        "model": 2,
        "sequence": 23,
        "status": 1,
        "fuel": 6695,
        "fault": 0.1274,
        "weapon": 1,
        "pilot_injury": 0.6553,
        "pilot_skill": 0.2244,
        "mission_priority": 0.3552,
        "estimated_landing_time": 2168.0,
        "wait_time": 0,
        "Landing_success_rate": 0.9282
    },
    {
        "model": 2,
        "sequence": 13,
        "status": 1,
        "fuel": 6866,
        "fault": 0.6304,
        "weapon": 1,
        "pilot_injury": 0.5615,
        "pilot_skill": 0.4005,
        "mission_priority": 0.7683,
        "estimated_landing_time": 1228.0,
        "wait_time": 0,
        "Landing_success_rate": 0.8879
    },
    {
        "model": 0,
        "sequence": 18,
        "status": 1,
        "fuel": 5789,
        "fault": 0.3767,
        "weapon": 0,
        "pilot_injury": 0.6604,
        "pilot_skill": 0.549,
        "mission_priority": 0.2784,
        "estimated_landing_time": 1698.0,
        "wait_time": 0,
        "Landing_success_rate": 0.8635
    },
    {
        "model": 2,
        "sequence": 30,
        "status": 1,
        "fuel": 5910,
        "fault": 0.7041,
        "weapon": 0,
        "pilot_injury": 0.154,
        "pilot_skill": 0.8108,
        "mission_priority": 0.069,
        "estimated_landing_time": 2826.0,
        "wait_time": 0,
        "Landing_success_rate": 0.8591
    },
    {
        "model": 2,
        "sequence": 4,
        "status": 1,
        "fuel": 5650,
        "fault": 0.6656,
        "weapon": 0,
        "pilot_injury": 0.1181,
        "pilot_skill": 0.4757,
        "mission_priority": 0.3997,
        "estimated_landing_time": 382.0,
        "wait_time": 0,
        "Landing_success_rate": 0.8538
    },
    {
        "model": 0,
        "sequence": 3,
        "status": 1,
        "fuel": 7232,
        "fault": 0.8519,
        "weapon": 0,
        "pilot_injury": 0.7536,
        "pilot_skill": 0.1794,
        "mission_priority": 0.9355,
        "estimated_landing_time": 288.0,
        "wait_time": 0,
        "Landing_success_rate": 0.8692
    },
    {
        "model": 2,
        "sequence": 20,
        "status": 1,
        "fuel": 6363,
        "fault": 0.3901,
        "weapon": 1,
        "pilot_injury": 0.4216,
        "pilot_skill": 0.2805,
        "mission_priority": 0.895,
        "estimated_landing_time": 1886.0,
        "wait_time": 0,
        "Landing_success_rate": 0.8895
    },
    {
        "model": 0,
        "sequence": 1,
        "status": 1,
        "fuel": 6323,
        "fault": 0.7339,
        "weapon": 0,
        "pilot_injury": 0.24,
        "pilot_skill": 0.7974,
        "mission_priority": 0.7742,
        "estimated_landing_time": 100.0,
        "wait_time": 0,
        "Landing_success_rate": 0.8664
    },
    {
        "model": 0,
        "sequence": 16,
        "status": 1,
        "fuel": 6742,
        "fault": 0.0012,
        "weapon": 0,
        "pilot_injury": 0.7039,
        "pilot_skill": 0.5625,
        "mission_priority": 0.6006,
        "estimated_landing_time": 1510.0,
        "wait_time": 0,
        "Landing_success_rate": 0.943
    },
    {
        "model": 0,
        "sequence": 7,
        "status": 1,
        "fuel": 6908,
        "fault": 0.3905,
        "weapon": 0,
        "pilot_injury": 0.6703,
        "pilot_skill": 0.4698,
        "mission_priority": 0.4385,
        "estimated_landing_time": 664.0,
        "wait_time": 0,
        "Landing_success_rate": 0.9144
    },
    {
        "model": 1,
        "sequence": 22,
        "status": 1,
        "fuel": 5665,
        "fault": 0.2267,
        "weapon": 1,
        "pilot_injury": 0.2513,
        "pilot_skill": 0.1214,
        "mission_priority": 0.0353,
        "estimated_landing_time": 2074.0,
        "wait_time": 0,
        "Landing_success_rate": 0.8596
    },
    {
        "model": 2,
        "sequence": 24,
        "status": 1,
        "fuel": 6661,
        "fault": 0.2899,
        "weapon": 1,
        "pilot_injury": 0.2702,
        "pilot_skill": 0.6637,
        "mission_priority": 0.1183,
        "estimated_landing_time": 2262.0,
        "wait_time": 0,
        "Landing_success_rate": 0.9118
    },
    {
        "model": 2,
        "sequence": 2,
        "status": 1,
        "fuel": 7470,
        "fault": 0.5071,
        "weapon": 0,
        "pilot_injury": 0.2918,
        "pilot_skill": 0.8481,
        "mission_priority": 0.9976,
        "estimated_landing_time": 194.0,
        "wait_time": 0,
        "Landing_success_rate": 0.9228
    },
    {
        "model": 2,
        "sequence": 10,
        "status": 1,
        "fuel": 6296,
        "fault": 0.5932,
        "weapon": 1,
        "pilot_injury": 0.6735,
        "pilot_skill": 0.8448,
        "mission_priority": 0.1714,
        "estimated_landing_time": 946.0,
        "wait_time": 0,
        "Landing_success_rate": 0.8743
    },
    {
        "model": 0,
        "sequence": 19,
        "status": 1,
        "fuel": 6180,
        "fault": 0.707,
        "weapon": 0,
        "pilot_injury": 0.2834,
        "pilot_skill": 0.8608,
        "mission_priority": 0.4217,
        "estimated_landing_time": 1792.0,
        "wait_time": 0,
        "Landing_success_rate": 0.8649
    },
    {
        "model": 1,
        "sequence": 15,
        "status": 1,
        "fuel": 6792,
        "fault": 0.2155,
        "weapon": 0,
        "pilot_injury": 0.2194,
        "pilot_skill": 0.2299,
        "mission_priority": 0.5203,
        "estimated_landing_time": 1416.0,
        "wait_time": 0,
        "Landing_success_rate": 0.926
    },
    {
        "model": 0,
        "sequence": 28,
        "status": 1,
        "fuel": 5736,
        "fault": 0.7713,
        "weapon": 1,
        "pilot_injury": 0.054,
        "pilot_skill": 0.5208,
        "mission_priority": 0.8166,
        "estimated_landing_time": 2638.0,
        "wait_time": 0,
        "Landing_success_rate": 0.854
    },
    {
        "model": 2,
        "sequence": 6,
        "status": 1,
        "fuel": 6352,
        "fault": 0.1645,
        "weapon": 1,
        "pilot_injury": 0.5996,
        "pilot_skill": 0.8559,
        "mission_priority": 0.4087,
        "estimated_landing_time": 570.0,
        "wait_time": 0,
        "Landing_success_rate": 0.9034
    },
    {
        "model": 0,
        "sequence": 26,
        "status": 1,
        "fuel": 6703,
        "fault": 0.8042,
        "weapon": 0,
        "pilot_injury": 0.2081,
        "pilot_skill": 0.259,
        "mission_priority": 0.1804,
        "estimated_landing_time": 2450.0,
        "wait_time": 0,
        "Landing_success_rate": 0.8677
    },
    {
        "model": 1,
        "sequence": 12,
        "status": 1,
        "fuel": 7091,
        "fault": 0.6168,
        "weapon": 0,
        "pilot_injury": 0.9311,
        "pilot_skill": 0.0519,
        "mission_priority": 0.5936,
        "estimated_landing_time": 1134.0,
        "wait_time": 0,
        "Landing_success_rate": 0.8957
    },
    {
        "model": 2,
        "sequence": 27,
        "status": 1,
        "fuel": 6210,
        "fault": 0.4326,
        "weapon": 1,
        "pilot_injury": 0.6317,
        "pilot_skill": 0.9474,
        "mission_priority": 0.1703,
        "estimated_landing_time": 2544.0,
        "wait_time": 0,
        "Landing_success_rate": 0.8802
    },
    {
        "model": 0,
        "sequence": 17,
        "status": 1,
        "fuel": 7497,
        "fault": 0.7286,
        "weapon": 1,
        "pilot_injury": 0.3638,
        "pilot_skill": 0.3376,
        "mission_priority": 0.4308,
        "estimated_landing_time": 1604.0,
        "wait_time": 0,
        "Landing_success_rate": 0.8906
    },
    {
        "model": 1,
        "sequence": 5,
        "status": 1,
        "fuel": 6783,
        "fault": 0.8245,
        "weapon": 0,
        "pilot_injury": 0.3921,
        "pilot_skill": 0.3306,
        "mission_priority": 0.8269,
        "estimated_landing_time": 476.0,
        "wait_time": 0,
        "Landing_success_rate": 0.8669
    }
]