[
    {
        "model": 0,
        "sequence": 17,
        "status": 1,
        "fuel": 5505,
        "fault": 0.1035,
        "weapon": 1,
        "pilot_injury": 0.2368,
        "pilot_skill": 0.3223,
        "mission_priority": 0.9219,
        "estimated_landing_time": 1604.0,
        "wait_time": 0,
        "Landing_success_rate": 0.8503
    },
    {
        "model": 1,
        "sequence": 24,
        "status": 1,
        "fuel": 6173,
        "fault": 0.3935,
        "weapon": 0,
        "pilot_injury": 0.0383,
        "pilot_skill": 0.0485,
        "mission_priority": 0.2839,
        "estimated_landing_time": 2262.0,
        "wait_time": 0,
        "Landing_success_rate": 0.8806
    },
    {
        "model": 0,
        "sequence": 2,
        "status": 1,
        "fuel": 7384,
        "fault": 0.914,
        "weapon": 1,
        "pilot_injury": 0.6338,
        "pilot_skill": 0.7173,
        "mission_priority": 0.019,
        "estimated_landing_time": 194.0,
        "wait_time": 0,
        "Landing_success_rate": 0.8622
    },
    {
        "model": 2,
        "sequence": 4,
        "status": 1,
        "fuel": 6441,
        "fault": 0.8296,
        "weapon": 1,
        "pilot_injury": 0.1549,
        "pilot_skill": 0.0753,
        "mission_priority": 0.641,
        "estimated_landing_time": 382.0,
        "wait_time": 0,
        "Landing_success_rate": 0.862
    },
    {
        "model": 0,
        "sequence": 19,
        "status": 1,
        "fuel": 6558,
        "fault": 0.5644,
        "weapon": 0,
        "pilot_injury": 0.817,
        "pilot_skill": 0.6659,
        "mission_priority": 0.7353,
        "estimated_landing_time": 1792.0,
        "wait_time": 0,
        "Landing_success_rate": 0.8846
    },
    {
        "model": 0,
        "sequence": 6,
        "status": 1,
        "fuel": 6323,
        "fault": 0.5929,
        "weapon": 1,
        "pilot_injury": 0.1832,
        "pilot_skill": 0.2145,
        "mission_priority": 0.2889,
        "estimated_landing_time": 570.0,
        "wait_time": 0,
        "Landing_success_rate": 0.8751
    },
    {
        "model": 1,
        "sequence": 26,
        "status": 1,
        "fuel": 6204,
        "fault": 0.8136,
        "weapon": 1,
        "pilot_injury": 0.7949,
        "pilot_skill": 0.6291,
        "mission_priority": 0.5201,
        "estimated_landing_time": 2450.0,
        "wait_time": 0,
        "Landing_success_rate": 0.8598
    },
    {
        "model": 1,
        "sequence": 18,
        "status": 1,
        "fuel": 6407,
        "fault": 0.6575,
        "weapon": 0,
        "pilot_injury": 0.9447,
        "pilot_skill": 0.3166,
        "mission_priority": 0.3338,
        "estimated_landing_time": 1698.0,
        "wait_time": 0,
        "Landing_success_rate": 0.8733
    },
    {
        "model": 2,
        "sequence": 8,
        "status": 1,
        "fuel": 6303,
        "fault": 0.0883,
        "weapon": 1,
        "pilot_injury": 0.9459,
        "pilot_skill": 0.5075,
        "mission_priority": 0.9264,
        "estimated_landing_time": 758.0,
        "wait_time": 0,
        "Landing_success_rate": 0.9049
    },
    {
        "model": 1,
        "sequence": 1,
        "status": 1,
        "fuel": 6869,
        "fault": 0.9096,
        "weapon": 0,
        "pilot_injury": 0.4829,
        "pilot_skill": 0.6268,
        "mission_priority": 0.5044,
        "estimated_landing_time": 100.0,
        "wait_time": 0,
        "Landing_success_rate": 0.8593
    },
    {
        "model": 0,
        "sequence": 15,
        "status": 1,
        "fuel": 6419,
        "fault": 0.8769,
        "weapon": 0,
        "pilot_injury": 0.2513,
        "pilot_skill": 0.9097,
        "mission_priority": 0.294,
        "estimated_landing_time": 1416.0,
        "wait_time": 0,
        "Landing_success_rate": 0.8585
    },
    {
        "model": 2,
        "sequence": 10,
        "status": 1,
        "fuel": 6295,
        "fault": 0.1414,
        "weapon": 1,
        "pilot_injury": 0.9,
        "pilot_skill": 0.2861,
        "mission_priority": 0.2589,
        "estimated_landing_time": 946.0,
        "wait_time": 0,
        "Landing_success_rate": 0.9012
    },
    {
        "model": 1,
        "sequence": 20,
        "status": 1,
        "fuel": 6624,
        "fault": 0.0663,
        "weapon": 0,
        "pilot_injury": 0.1411,
        "pilot_skill": 0.7693,
        "mission_priority": 0.913,
        "estimated_landing_time": 1886.0,
        "wait_time": 0,
        "Landing_success_rate": 0.9287
    },
    {
        "model": 0,
        "sequence": 30,
        "status": 1,
        "fuel": 7457,
        "fault": 0.3308,
        "weapon": 1,
        "pilot_injury": 0.5474,
        "pilot_skill": 0.6692,
        "mission_priority": 0.4929,
        "estimated_landing_time": 2826.0,
        "wait_time": 0,
        "Landing_success_rate": 0.9482
    },
    {
        "model": 0,
        "sequence": 21,
        "status": 1,
        "fuel": 5769,
        "fault": 0.6474,
        "weapon": 1,
        "pilot_injury": 0.7627,
        "pilot_skill": 0.0333,
        "mission_priority": 0.4553,
        "estimated_landing_time": 1980.0,
        "wait_time": 0,
        "Landing_success_rate": 0.8571
    },
    {
        "model": 2,
        "sequence": 5,
        "status": 1,
        "fuel": 6610,
        "fault": 0.3855,
        "weapon": 1,
        "pilot_injury": 0.3137,
        "pilot_skill": 0.4541,
        "mission_priority": 0.4288,
        "estimated_landing_time": 476.0,
        "wait_time": 0,
        "Landing_success_rate": 0.9012
    },
    {
        "model": 2,
        "sequence": 11,
        "status": 1,
        "fuel": 5593,
        "fault": 0.7097,
        "weapon": 1,
        "pilot_injury": 0.789,
        "pilot_skill": 0.0735,
        "mission_priority": 0.1916,
        "estimated_landing_time": 1040.0,
        "wait_time": 0,
        "Landing_success_rate": 0.852
    },
    {
        "model": 1,
        "sequence": 22,
        "status": 1,
        "fuel": 5819,
        "fault": 0.9017,
        "weapon": 0,
        "pilot_injury": 0.0748,
        "pilot_skill": 0.0431,
        "mission_priority": 0.1566,
        "estimated_landing_time": 2074.0,
        "wait_time": 0,
        "Landing_success_rate": 0.8524
    },
    {
        "model": 1,
        "sequence": 3,
        "status": 1,
        "fuel": 6678,
        "fault": 0.2557,
        "weapon": 0,
        "pilot_injury": 0.8256,
        "pilot_skill": 0.0719,
        "mission_priority": 0.1964,
        "estimated_landing_time": 288.0,
        "wait_time": 0,
        "Landing_success_rate": 0.9158
    },
    {
        "model": 1,
        "sequence": 12,
        "status": 1,
        "fuel": 7489,
        "fault": 0.4815,
        "weapon": 0,
        "pilot_injury": 0.6852,
        "pilot_skill": 0.1242,
        "mission_priority": 0.9438,
        "estimated_landing_time": 1134.0,
        "wait_time": 0,
        "Landing_success_rate": 0.9273
    },
    {
        "model": 1,
        "sequence": 27,
        "status": 1,
        "fuel": 6273,
        "fault": 0.973,
        "weapon": 1,
        "pilot_injury": 0.5242,
        "pilot_skill": 0.2228,
        "mission_priority": 0.8462,
        "estimated_landing_time": 2544.0,
        "wait_time": 0,
        "Landing_success_rate": 0.8516
    },
    {
        "model": 2,
        "sequence": 28,
        "status": 1,
        "fuel": 6587,
        "fault": 0.1071,
        "weapon": 1,
        "pilot_injury": 0.5886,
        "pilot_skill": 0.2578,
        "mission_priority": 0.6899,
        "estimated_landing_time": 2638.0,
        "wait_time": 0,
        "Landing_success_rate": 0.9228
    },
    {
        "model": 0,
        "sequence": 9,
        "status": 1,
        "fuel": 5898,
        "fault": 0.681,
        "weapon": 1,
        "pilot_injury": 0.2174,
        "pilot_skill": 0.0148,
        "mission_priority": 0.2685,
        "estimated_landing_time": 852.0,
        "wait_time": 0,
        "Landing_success_rate": 0.8595
    },
    {
        "model": 0,
        "sequence": 23,
        "status": 1,
        "fuel": 5719,
        "fault": 0.6613,
        "weapon": 0,
        "pilot_injury": 0.2037,
        "pilot_skill": 0.7632,
        "mission_priority": 0.2414,
        "estimated_landing_time": 2168.0,
        "wait_time": 0,
        "Landing_success_rate": 0.8556
    },
    {
        "model": 1,
        "sequence": 29,
        "status": 1,
        "fuel": 6979,
        "fault": 0.8762,
        "weapon": 0,
        "pilot_injury": 0.9862,
        "pilot_skill": 0.9999,
        "mission_priority": 0.8695,
        "estimated_landing_time": 2732.0,
        "wait_time": 0,
        "Landing_success_rate": 0.8637
    },
    {
        "model": 2,
        "sequence": 25,
        "status": 1,
        "fuel": 6821,
        "fault": 0.1451,
        "weapon": 1,
        "pilot_injury": 0.7533,
        "pilot_skill": 0.9567,
        "mission_priority": 0.0234,
        "estimated_landing_time": 2356.0,
        "wait_time": 0,
        "Landing_success_rate": 0.9347
    },
    {
        "model": 1,
        "sequence": 7,
        "status": 1,
        "fuel": 7318,
        "fault": 0.9183,
        "weapon": 1,
        "pilot_injury": 0.5579,
        "pilot_skill": 0.4664,
        "mission_priority": 0.5758,
        "estimated_landing_time": 664.0,
        "wait_time": 0,
        "Landing_success_rate": 0.8611
    },
    {
        "model": 1,
        "sequence": 14,
        "status": 1,
        "fuel": 6583,
        "fault": 0.5727,
        "weapon": 0,
        "pilot_injury": 0.5522,
        "pilot_skill": 0.8462,
        "mission_priority": 0.3198,
        "estimated_landing_time": 1322.0,
        "wait_time": 0,
        "Landing_success_rate": 0.8847
    },
    {
        "model": 2,
        "sequence": 16,
        "status": 1,
        "fuel": 7011,
        "fault": 0.0848,
        "weapon": 0,
        "pilot_injury": 0.2787,
        "pilot_skill": 0.3798,
        "mission_priority": 0.5985,
        "estimated_landing_time": 1510.0,
        "wait_time": 0,
        "Landing_success_rate": 0.9537
    },
    {
        "model": 0,
        "sequence": 13,
        "status": 1,
        "fuel": 7416,
        "fault": 0.4041,
        "weapon": 1,
        "pilot_injury": 0.3518,
        "pilot_skill": 0.3158,
        "mission_priority": 0.6116,
        "estimated_landing_time": 1228.0,
        "wait_time": 0,
        "Landing_success_rate": 0.9356
    }
]