[
    {
        "model": 1,
        "sequence": 30,
        "status": 1,
        "fuel": 6383,
        "fault": 0.8562,
        "weapon": 1,
        "pilot_injury": 0.742,
        "pilot_skill": 0.073,
        "mission_priority": 0.4482,
        "estimated_landing_time": 2826.0,
        "wait_time": 0,
        "Landing_success_rate": 0.8595
    },
    {
        "model": 2,
        "sequence": 19,
        "status": 1,
        "fuel": 6190,
        "fault": 0.6867,
        "weapon": 1,
        "pilot_injury": 0.3019,
        "pilot_skill": 0.8842,
        "mission_priority": 0.65,
        "estimated_landing_time": 1792.0,
        "wait_time": 0,
        "Landing_success_rate": 0.8662
    },
    {
        "model": 1,
        "sequence": 11,
        "status": 1,
        "fuel": 6569,
        "fault": 0.007,
        "weapon": 1,
        "pilot_injury": 0.9968,
        "pilot_skill": 0.1409,
        "mission_priority": 0.9619,
        "estimated_landing_time": 1040.0,
        "wait_time": 0,
        "Landing_success_rate": 0.9296
    },
    {
        "model": 0,
        "sequence": 3,
        "status": 1,
        "fuel": 7497,
        "fault": 0.2033,
        "weapon": 1,
        "pilot_injury": 0.5853,
        "pilot_skill": 0.775,
        "mission_priority": 0.3068,
        "estimated_landing_time": 288.0,
        "wait_time": 0,
        "Landing_success_rate": 0.9693
    },
    {
        "model": 1,
        "sequence": 25,
        "status": 1,
        "fuel": 6129,
        "fault": 0.736,
        "weapon": 1,
        "pilot_injury": 0.0682,
        "pilot_skill": 0.9055,
        "mission_priority": 0.7288,
        "estimated_landing_time": 2356.0,
        "wait_time": 0,
        "Landing_success_rate": 0.8625
    },
    {
        "model": 0,
        "sequence": 26,
        "status": 1,
        "fuel": 6769,
        "fault": 0.8528,
        "weapon": 0,
        "pilot_injury": 0.1878,
        "pilot_skill": 0.9253,
        "mission_priority": 0.1241,
        "estimated_landing_time": 2450.0,
        "wait_time": 0,
        "Landing_success_rate": 0.864
    },
    {
        "model": 0,
        "sequence": 4,
        "status": 1,
        "fuel": 6277,
        "fault": 0.8283,
        "weapon": 0,
        "pilot_injury": 0.2313,
        "pilot_skill": 0.6988,
        "mission_priority": 0.0656,
        "estimated_landing_time": 382.0,
        "wait_time": 0,
        "Landing_success_rate": 0.86
    },
    {
        "model": 0,
        "sequence": 16,
        "status": 1,
        "fuel": 5796,
        "fault": 0.8546,
        "weapon": 0,
        "pilot_injury": 0.6457,
        "pilot_skill": 0.889,
        "mission_priority": 0.1255,
        "estimated_landing_time": 1510.0,
        "wait_time": 0,
        "Landing_success_rate": 0.8532
    },
    {
        "model": 0,
        "sequence": 2,
        "status": 1,
        "fuel": 6724,
        "fault": 0.0158,
        "weapon": 0,
        "pilot_injury": 0.3238,
        "pilot_skill": 0.4802,
        "mission_priority": 0.8807,
        "estimated_landing_time": 194.0,
        "wait_time": 0,
        "Landing_success_rate": 0.9403
    },
    {
        "model": 1,
        "sequence": 17,
        "status": 1,
        "fuel": 5649,
        "fault": 0.5901,
        "weapon": 1,
        "pilot_injury": 0.739,
        "pilot_skill": 0.6151,
        "mission_priority": 0.9945,
        "estimated_landing_time": 1604.0,
        "wait_time": 0,
        "Landing_success_rate": 0.8546
    },
    {
        "model": 0,
        "sequence": 21,
        "status": 1,
        "fuel": 7148,
        "fault": 0.632,
        "weapon": 0,
        "pilot_injury": 0.9339,
        "pilot_skill": 0.9121,
        "mission_priority": 0.5606,
        "estimated_landing_time": 1980.0,
        "wait_time": 0,
        "Landing_success_rate": 0.8955
    },
    {
        "model": 1,
        "sequence": 6,
        "status": 1,
        "fuel": 5549,
        "fault": 0.5766,
        "weapon": 0,
        "pilot_injury": 0.3061,
        "pilot_skill": 0.4123,
        "mission_priority": 0.4457,
        "estimated_landing_time": 570.0,
        "wait_time": 0,
        "Landing_success_rate": 0.8516
    },
    {
        "model": 1,
        "sequence": 9,
        "status": 1,
        "fuel": 6355,
        "fault": 0.6476,
        "weapon": 0,
        "pilot_injury": 0.0073,
        "pilot_skill": 0.2971,
        "mission_priority": 0.4723,
        "estimated_landing_time": 852.0,
        "wait_time": 0,
        "Landing_success_rate": 0.8726
    },
    {
        "model": 2,
        "sequence": 28,
        "status": 1,
        "fuel": 7059,
        "fault": 0.1578,
        "weapon": 0,
        "pilot_injury": 0.5376,
        "pilot_skill": 0.7939,
        "mission_priority": 0.1281,
        "estimated_landing_time": 2638.0,
        "wait_time": 0,
        "Landing_success_rate": 0.9485
    },
    {
        "model": 1,
        "sequence": 8,
        "status": 1,
        "fuel": 7180,
        "fault": 0.8148,
        "weapon": 1,
        "pilot_injury": 0.3525,
        "pilot_skill": 0.284,
        "mission_priority": 0.6468,
        "estimated_landing_time": 758.0,
        "wait_time": 0,
        "Landing_success_rate": 0.8733
    },
    {
        "model": 2,
        "sequence": 29,
        "status": 1,
        "fuel": 6625,
        "fault": 0.1201,
        "weapon": 1,
        "pilot_injury": 0.9268,
        "pilot_skill": 0.4791,
        "mission_priority": 0.7644,
        "estimated_landing_time": 2732.0,
        "wait_time": 0,
        "Landing_success_rate": 0.9242
    },
    {
        "model": 2,
        "sequence": 7,
        "status": 1,
        "fuel": 7116,
        "fault": 0.1276,
        "weapon": 1,
        "pilot_injury": 0.1113,
        "pilot_skill": 0.2745,
        "mission_priority": 0.9934,
        "estimated_landing_time": 664.0,
        "wait_time": 0,
        "Landing_success_rate": 0.9557
    },
    {
        "model": 2,
        "sequence": 5,
        "status": 1,
        "fuel": 6532,
        "fault": 0.9953,
        "weapon": 1,
        "pilot_injury": 0.9585,
        "pilot_skill": 0.079,
        "mission_priority": 0.1647,
        "estimated_landing_time": 476.0,
        "wait_time": 0,
        "Landing_success_rate": 0.8504
    },
    {
        "model": 1,
        "sequence": 20,
        "status": 1,
        "fuel": 5722,
        "fault": 0.8414,
        "weapon": 0,
        "pilot_injury": 0.6348,
        "pilot_skill": 0.4276,
        "mission_priority": 0.8144,
        "estimated_landing_time": 1886.0,
        "wait_time": 0,
        "Landing_success_rate": 0.8526
    },
    {
        "model": 2,
        "sequence": 12,
        "status": 1,
        "fuel": 7024,
        "fault": 0.3813,
        "weapon": 0,
        "pilot_injury": 0.9922,
        "pilot_skill": 0.6467,
        "mission_priority": 0.5288,
        "estimated_landing_time": 1134.0,
        "wait_time": 0,
        "Landing_success_rate": 0.9207
    },
    {
        "model": 0,
        "sequence": 27,
        "status": 1,
        "fuel": 6556,
        "fault": 0.5608,
        "weapon": 0,
        "pilot_injury": 0.6567,
        "pilot_skill": 0.0626,
        "mission_priority": 0.9563,
        "estimated_landing_time": 2544.0,
        "wait_time": 0,
        "Landing_success_rate": 0.8848
    },
    {
        "model": 1,
        "sequence": 14,
        "status": 1,
        "fuel": 6922,
        "fault": 0.4374,
        "weapon": 1,
        "pilot_injury": 0.2723,
        "pilot_skill": 0.9465,
        "mission_priority": 0.6121,
        "estimated_landing_time": 1322.0,
        "wait_time": 0,
        "Landing_success_rate": 0.91
    },
    {
        "model": 0,
        "sequence": 23,
        "status": 1,
        "fuel": 6908,
        "fault": 0.6173,
        "weapon": 1,
        "pilot_injury": 0.5001,
        "pilot_skill": 0.569,
        "mission_priority": 0.3929,
        "estimated_landing_time": 2168.0,
        "wait_time": 0,
        "Landing_success_rate": 0.8904
    },
    {
        "model": 1,
        "sequence": 18,
        "status": 1,
        "fuel": 6602,
        "fault": 0.3762,
        "weapon": 1,
        "pilot_injury": 0.0851,
        "pilot_skill": 0.154,
        "mission_priority": 0.3205,
        "estimated_landing_time": 1698.0,
        "wait_time": 0,
        "Landing_success_rate": 0.9016
    },
    {
        "model": 2,
        "sequence": 1,
        "status": 1,
        "fuel": 6517,
        "fault": 0.8835,
        "weapon": 0,
        "pilot_injury": 0.3732,
        "pilot_skill": 0.4027,
        "mission_priority": 0.8378,
        "estimated_landing_time": 100.0,
        "wait_time": 0,
        "Landing_success_rate": 0.8589
    },
    {
        "model": 2,
        "sequence": 15,
        "status": 1,
        "fuel": 7203,
        "fault": 0.6582,
        "weapon": 0,
        "pilot_injury": 0.0461,
        "pilot_skill": 0.4692,
        "mission_priority": 0.5812,
        "estimated_landing_time": 1416.0,
        "wait_time": 0,
        "Landing_success_rate": 0.8937
    },
    {
        "model": 1,
        "sequence": 24,
        "status": 1,
        "fuel": 5503,
        "fault": 0.9532,
        "weapon": 1,
        "pilot_injury": 0.1897,
        "pilot_skill": 0.2623,
        "mission_priority": 0.2435,
        "estimated_landing_time": 2262.0,
        "wait_time": 0,
        "Landing_success_rate": 0.85
    },
    {
        "model": 2,
        "sequence": 13,
        "status": 1,
        "fuel": 6661,
        "fault": 0.0894,
        "weapon": 0,
        "pilot_injury": 0.6137,
        "pilot_skill": 0.3664,
        "mission_priority": 0.7679,
        "estimated_landing_time": 1228.0,
        "wait_time": 0,
        "Landing_success_rate": 0.9293
    },
    {
        "model": 0,
        "sequence": 10,
        "status": 1,
        "fuel": 7065,
        "fault": 0.5043,
        "weapon": 1,
        "pilot_injury": 0.4674,
        "pilot_skill": 0.5934,
        "mission_priority": 0.8662,
        "estimated_landing_time": 946.0,
        "wait_time": 0,
        "Landing_success_rate": 0.9082
    },
    {
        "model": 0,
        "sequence": 22,
        "status": 1,
        "fuel": 6588,
        "fault": 0.0745,
        "weapon": 0,
        "pilot_injury": 0.6477,
        "pilot_skill": 0.2978,
        "mission_priority": 0.633,
        "estimated_landing_time": 2074.0,
        "wait_time": 0,
        "Landing_success_rate": 0.9255
    }
]