[
    {
        "model": 2,
        "sequence": 19,
        "status": 1,
        "fuel": 7405,
        "fault": 0.3418,
        "weapon": 1,
        "pilot_injury": 0.7546,
        "pilot_skill": 0.5634,
        "mission_priority": 0.7558,
        "estimated_landing_time": 1792.0,
        "wait_time": 0,
        "Landing_success_rate": 0.944
    },
    {
        "model": 1,
        "sequence": 26,
        "status": 1,
        "fuel": 6748,
        "fault": 0.8708,
        "weapon": 0,
        "pilot_injury": 0.6199,
        "pilot_skill": 0.5373,
        "mission_priority": 0.5625,
        "estimated_landing_time": 2450.0,
        "wait_time": 0,
        "Landing_success_rate": 0.8621
    },
    {
        "model": 0,
        "sequence": 7,
        "status": 1,
        "fuel": 7043,
        "fault": 0.2744,
        "weapon": 1,
        "pilot_injury": 0.2082,
        "pilot_skill": 0.4563,
        "mission_priority": 0.2081,
        "estimated_landing_time": 664.0,
        "wait_time": 0,
        "Landing_success_rate": 0.934
    },
    {
        "model": 2,
        "sequence": 29,
        "status": 1,
        "fuel": 6415,
        "fault": 0.7666,
        "weapon": 0,
        "pilot_injury": 0.6174,
        "pilot_skill": 0.8554,
        "mission_priority": 0.1662,
        "estimated_landing_time": 2732.0,
        "wait_time": 0,
        "Landing_success_rate": 0.866
    },
    {
        "model": 1,
        "sequence": 20,
        "status": 1,
        "fuel": 7235,
        "fault": 0.8055,
        "weapon": 1,
        "pilot_injury": 0.0318,
        "pilot_skill": 0.6331,
        "mission_priority": 0.9514,
        "estimated_landing_time": 1886.0,
        "wait_time": 0,
        "Landing_success_rate": 0.8753
    },
    {
        "model": 2,
        "sequence": 16,
        "status": 1,
        "fuel": 5962,
        "fault": 0.9364,
        "weapon": 0,
        "pilot_injury": 0.9155,
        "pilot_skill": 0.0097,
        "mission_priority": 0.6309,
        "estimated_landing_time": 1510.0,
        "wait_time": 0,
        "Landing_success_rate": 0.8522
    },
    {
        "model": 1,
        "sequence": 15,
        "status": 1,
        "fuel": 6101,
        "fault": 0.6315,
        "weapon": 1,
        "pilot_injury": 0.6275,
        "pilot_skill": 0.0527,
        "mission_priority": 0.7531,
        "estimated_landing_time": 1416.0,
        "wait_time": 0,
        "Landing_success_rate": 0.8666
    },
    {
        "model": 1,
        "sequence": 11,
        "status": 1,
        "fuel": 5796,
        "fault": 0.2148,
        "weapon": 0,
        "pilot_injury": 0.504,
        "pilot_skill": 0.377,
        "mission_priority": 0.3075,
        "estimated_landing_time": 1040.0,
        "wait_time": 0,
        "Landing_success_rate": 0.8674
    },
    {
        "model": 2,
        "sequence": 4,
        "status": 1,
        "fuel": 6704,
        "fault": 0.5673,
        "weapon": 0,
        "pilot_injury": 0.8737,
        "pilot_skill": 0.5224,
        "mission_priority": 0.8842,
        "estimated_landing_time": 382.0,
        "wait_time": 0,
        "Landing_success_rate": 0.8891
    },
    {
        "model": 2,
        "sequence": 3,
        "status": 1,
        "fuel": 6906,
        "fault": 0.0812,
        "weapon": 0,
        "pilot_injury": 0.2834,
        "pilot_skill": 0.0983,
        "mission_priority": 0.4791,
        "estimated_landing_time": 288.0,
        "wait_time": 0,
        "Landing_success_rate": 0.9469
    },
    {
        "model": 0,
        "sequence": 5,
        "status": 1,
        "fuel": 6482,
        "fault": 0.6746,
        "weapon": 1,
        "pilot_injury": 0.6676,
        "pilot_skill": 0.1129,
        "mission_priority": 0.1435,
        "estimated_landing_time": 476.0,
        "wait_time": 0,
        "Landing_success_rate": 0.874
    },
    {
        "model": 2,
        "sequence": 6,
        "status": 1,
        "fuel": 5560,
        "fault": 0.937,
        "weapon": 1,
        "pilot_injury": 0.3608,
        "pilot_skill": 0.8775,
        "mission_priority": 0.1203,
        "estimated_landing_time": 570.0,
        "wait_time": 0,
        "Landing_success_rate": 0.8503
    },
    {
        "model": 1,
        "sequence": 24,
        "status": 1,
        "fuel": 7263,
        "fault": 0.6515,
        "weapon": 1,
        "pilot_injury": 0.8599,
        "pilot_skill": 0.0033,
        "mission_priority": 0.1899,
        "estimated_landing_time": 2262.0,
        "wait_time": 0,
        "Landing_success_rate": 0.8961
    },
    {
        "model": 0,
        "sequence": 18,
        "status": 1,
        "fuel": 6190,
        "fault": 0.9549,
        "weapon": 0,
        "pilot_injury": 0.1537,
        "pilot_skill": 0.037,
        "mission_priority": 0.5345,
        "estimated_landing_time": 1698.0,
        "wait_time": 0,
        "Landing_success_rate": 0.8523
    },
    {
        "model": 1,
        "sequence": 25,
        "status": 1,
        "fuel": 6395,
        "fault": 0.943,
        "weapon": 0,
        "pilot_injury": 0.9489,
        "pilot_skill": 0.5385,
        "mission_priority": 0.93,
        "estimated_landing_time": 2356.0,
        "wait_time": 0,
        "Landing_success_rate": 0.8538
    },
    {
        "model": 1,
        "sequence": 17,
        "status": 1,
        "fuel": 7471,
        "fault": 0.7259,
        "weapon": 1,
        "pilot_injury": 0.9284,
        "pilot_skill": 0.6674,
        "mission_priority": 0.4141,
        "estimated_landing_time": 1604.0,
        "wait_time": 0,
        "Landing_success_rate": 0.8905
    },
    {
        "model": 2,
        "sequence": 22,
        "status": 1,
        "fuel": 5597,
        "fault": 0.0738,
        "weapon": 0,
        "pilot_injury": 0.1142,
        "pilot_skill": 0.719,
        "mission_priority": 0.8241,
        "estimated_landing_time": 2074.0,
        "wait_time": 0,
        "Landing_success_rate": 0.8567
    },
    {
        "model": 1,
        "sequence": 14,
        "status": 1,
        "fuel": 6295,
        "fault": 0.1847,
        "weapon": 1,
        "pilot_injury": 0.9566,
        "pilot_skill": 0.0253,
        "mission_priority": 0.3327,
        "estimated_landing_time": 1322.0,
        "wait_time": 0,
        "Landing_success_rate": 0.8986
    },
    {
        "model": 2,
        "sequence": 30,
        "status": 1,
        "fuel": 6263,
        "fault": 0.6333,
        "weapon": 0,
        "pilot_injury": 0.4057,
        "pilot_skill": 0.6231,
        "mission_priority": 0.8826,
        "estimated_landing_time": 2826.0,
        "wait_time": 0,
        "Landing_success_rate": 0.871
    },
    {
        "model": 1,
        "sequence": 9,
        "status": 1,
        "fuel": 7094,
        "fault": 0.1322,
        "weapon": 0,
        "pilot_injury": 0.4687,
        "pilot_skill": 0.7237,
        "mission_priority": 0.8436,
        "estimated_landing_time": 852.0,
        "wait_time": 0,
        "Landing_success_rate": 0.9537
    },
    {
        "model": 0,
        "sequence": 21,
        "status": 1,
        "fuel": 7378,
        "fault": 0.7254,
        "weapon": 1,
        "pilot_injury": 0.4827,
        "pilot_skill": 0.3865,
        "mission_priority": 0.5261,
        "estimated_landing_time": 1980.0,
        "wait_time": 0,
        "Landing_success_rate": 0.8887
    },
    {
        "model": 2,
        "sequence": 10,
        "status": 1,
        "fuel": 5745,
        "fault": 0.3424,
        "weapon": 0,
        "pilot_injury": 0.3567,
        "pilot_skill": 0.5713,
        "mission_priority": 0.9099,
        "estimated_landing_time": 946.0,
        "wait_time": 0,
        "Landing_success_rate": 0.8621
    },
    {
        "model": 0,
        "sequence": 1,
        "status": 1,
        "fuel": 6650,
        "fault": 0.2699,
        "weapon": 0,
        "pilot_injury": 0.1928,
        "pilot_skill": 0.6767,
        "mission_priority": 0.4147,
        "estimated_landing_time": 100.0,
        "wait_time": 0,
        "Landing_success_rate": 0.913
    },
    {
        "model": 2,
        "sequence": 13,
        "status": 1,
        "fuel": 7419,
        "fault": 0.2293,
        "weapon": 0,
        "pilot_injury": 0.8067,
        "pilot_skill": 0.7974,
        "mission_priority": 0.4947,
        "estimated_landing_time": 1228.0,
        "wait_time": 0,
        "Landing_success_rate": 0.9609
    },
    {
        "model": 0,
        "sequence": 28,
        "status": 1,
        "fuel": 7052,
        "fault": 0.7235,
        "weapon": 0,
        "pilot_injury": 0.2194,
        "pilot_skill": 0.526,
        "mission_priority": 0.011,
        "estimated_landing_time": 2638.0,
        "wait_time": 0,
        "Landing_success_rate": 0.8822
    },
    {
        "model": 2,
        "sequence": 27,
        "status": 1,
        "fuel": 6866,
        "fault": 0.9717,
        "weapon": 1,
        "pilot_injury": 0.6749,
        "pilot_skill": 0.6384,
        "mission_priority": 0.3808,
        "estimated_landing_time": 2544.0,
        "wait_time": 0,
        "Landing_success_rate": 0.8529
    },
    {
        "model": 0,
        "sequence": 23,
        "status": 1,
        "fuel": 6629,
        "fault": 0.0498,
        "weapon": 0,
        "pilot_injury": 0.6333,
        "pilot_skill": 0.0724,
        "mission_priority": 0.1076,
        "estimated_landing_time": 2168.0,
        "wait_time": 0,
        "Landing_success_rate": 0.9305
    },
    {
        "model": 0,
        "sequence": 8,
        "status": 1,
        "fuel": 7128,
        "fault": 0.9338,
        "weapon": 0,
        "pilot_injury": 0.3215,
        "pilot_skill": 0.4897,
        "mission_priority": 0.9457,
        "estimated_landing_time": 758.0,
        "wait_time": 0,
        "Landing_success_rate": 0.8581
    },
    {
        "model": 2,
        "sequence": 12,
        "status": 1,
        "fuel": 6678,
        "fault": 0.6403,
        "weapon": 0,
        "pilot_injury": 0.81,
        "pilot_skill": 0.5939,
        "mission_priority": 0.9755,
        "estimated_landing_time": 1134.0,
        "wait_time": 0,
        "Landing_success_rate": 0.8818
    },
    {
        "model": 2,
        "sequence": 2,
        "status": 1,
        "fuel": 6024,
        "fault": 0.1886,
        "weapon": 1,
        "pilot_injury": 0.7681,
        "pilot_skill": 0.4974,
        "mission_priority": 0.7956,
        "estimated_landing_time": 194.0,
        "wait_time": 0,
        "Landing_success_rate": 0.8819
    }
]