[
    {
        "model": 0,
        "sequence": 1,
        "status": 1,
        "fuel": 5667,
        "fault": 0.4881,
        "weapon": 0,
        "pilot_injury": 0.6398,
        "pilot_skill": 0.3335,
        "mission_priority": 0.7533,
        "estimated_landing_time": 100.0,
        "wait_time": 0,
        "Landing_success_rate": 0.8564
    },
    {
        "model": 1,
        "sequence": 6,
        "status": 1,
        "fuel": 6939,
        "fault": 0.9416,
        "weapon": 1,
        "pilot_injury": 0.0246,
        "pilot_skill": 0.6286,
        "mission_priority": 0.9516,
        "estimated_landing_time": 570.0,
        "wait_time": 0,
        "Landing_success_rate": 0.8563
    },
    {
        "model": 1,
        "sequence": 5,
        "status": 1,
        "fuel": 6936,
        "fault": 0.947,
        "weapon": 1,
        "pilot_injury": 0.2934,
        "pilot_skill": 0.7078,
        "mission_priority": 0.7,
        "estimated_landing_time": 476.0,
        "wait_time": 0,
        "Landing_success_rate": 0.8557
    },
    {
        "model": 1,
        "sequence": 13,
        "status": 1,
        "fuel": 5724,
        "fault": 0.9655,
        "weapon": 0,
        "pilot_injury": 0.8592,
        "pilot_skill": 0.3825,
        "mission_priority": 0.7103,
        "estimated_landing_time": 1228.0,
        "wait_time": 0,
        "Landing_success_rate": 0.8506
    },
    {
        "model": 0,
        "sequence": 19,
        "status": 1,
        "fuel": 6117,
        "fault": 0.0241,
        "weapon": 0,
        "pilot_injury": 0.9186,
        "pilot_skill": 0.5635,
        "mission_priority": 0.3553,
        "estimated_landing_time": 1792.0,
        "wait_time": 0,
        "Landing_success_rate": 0.8952
    },
    {
        "model": 0,
        "sequence": 20,
        "status": 1,
        "fuel": 6507,
        "fault": 0.7646,
        "weapon": 0,
        "pilot_injury": 0.7301,
        "pilot_skill": 0.6236,
        "mission_priority": 0.7271,
        "estimated_landing_time": 1886.0,
        "wait_time": 0,
        "Landing_success_rate": 0.8678
    },
    {
        "model": 2,
        "sequence": 27,
        "status": 1,
        "fuel": 6812,
        "fault": 0.2933,
        "weapon": 1,
        "pilot_injury": 0.5202,
        "pilot_skill": 0.9864,
        "mission_priority": 0.9681,
        "estimated_landing_time": 2544.0,
        "wait_time": 0,
        "Landing_success_rate": 0.9195
    },
    {
        "model": 1,
        "sequence": 28,
        "status": 1,
        "fuel": 6665,
        "fault": 0.0206,
        "weapon": 1,
        "pilot_injury": 0.2676,
        "pilot_skill": 0.1527,
        "mission_priority": 0.7684,
        "estimated_landing_time": 2638.0,
        "wait_time": 0,
        "Landing_success_rate": 0.9356
    },
    {
        "model": 0,
        "sequence": 18,
        "status": 1,
        "fuel": 6931,
        "fault": 0.4944,
        "weapon": 0,
        "pilot_injury": 0.7588,
        "pilot_skill": 0.9152,
        "mission_priority": 0.9333,
        "estimated_landing_time": 1698.0,
        "wait_time": 0,
        "Landing_success_rate": 0.9043
    },
    {
        "model": 2,
        "sequence": 15,
        "status": 1,
        "fuel": 6385,
        "fault": 0.4797,
        "weapon": 1,
        "pilot_injury": 0.1419,
        "pilot_skill": 0.7928,
        "mission_priority": 0.9453,
        "estimated_landing_time": 1416.0,
        "wait_time": 0,
        "Landing_success_rate": 0.8845
    },
    {
        "model": 1,
        "sequence": 16,
        "status": 1,
        "fuel": 6899,
        "fault": 0.8617,
        "weapon": 0,
        "pilot_injury": 0.0046,
        "pilot_skill": 0.4078,
        "mission_priority": 0.4107,
        "estimated_landing_time": 1510.0,
        "wait_time": 0,
        "Landing_success_rate": 0.8645
    },
    {
        "model": 1,
        "sequence": 2,
        "status": 1,
        "fuel": 5765,
        "fault": 0.2232,
        "weapon": 0,
        "pilot_injury": 0.5312,
        "pilot_skill": 0.1361,
        "mission_priority": 0.6623,
        "estimated_landing_time": 194.0,
        "wait_time": 0,
        "Landing_success_rate": 0.8654
    },
    {
        "model": 2,
        "sequence": 21,
        "status": 1,
        "fuel": 5873,
        "fault": 0.6188,
        "weapon": 1,
        "pilot_injury": 0.7946,
        "pilot_skill": 0.6075,
        "mission_priority": 0.1898,
        "estimated_landing_time": 1980.0,
        "wait_time": 0,
        "Landing_success_rate": 0.8607
    },
    {
        "model": 2,
        "sequence": 29,
        "status": 1,
        "fuel": 6672,
        "fault": 0.0419,
        "weapon": 1,
        "pilot_injury": 0.2882,
        "pilot_skill": 0.0629,
        "mission_priority": 0.3848,
        "estimated_landing_time": 2732.0,
        "wait_time": 0,
        "Landing_success_rate": 0.9342
    },
    {
        "model": 2,
        "sequence": 10,
        "status": 1,
        "fuel": 6948,
        "fault": 0.2415,
        "weapon": 0,
        "pilot_injury": 0.5603,
        "pilot_skill": 0.9924,
        "mission_priority": 0.7562,
        "estimated_landing_time": 946.0,
        "wait_time": 0,
        "Landing_success_rate": 0.9324
    },
    {
        "model": 0,
        "sequence": 4,
        "status": 1,
        "fuel": 6277,
        "fault": 0.8349,
        "weapon": 0,
        "pilot_injury": 0.8242,
        "pilot_skill": 0.8956,
        "mission_priority": 0.424,
        "estimated_landing_time": 382.0,
        "wait_time": 0,
        "Landing_success_rate": 0.8596
    },
    {
        "model": 1,
        "sequence": 11,
        "status": 1,
        "fuel": 6498,
        "fault": 0.1939,
        "weapon": 1,
        "pilot_injury": 0.7776,
        "pilot_skill": 0.536,
        "mission_priority": 0.1179,
        "estimated_landing_time": 1040.0,
        "wait_time": 0,
        "Landing_success_rate": 0.9103
    },
    {
        "model": 1,
        "sequence": 14,
        "status": 1,
        "fuel": 6731,
        "fault": 0.128,
        "weapon": 0,
        "pilot_injury": 0.1004,
        "pilot_skill": 0.3311,
        "mission_priority": 0.3712,
        "estimated_landing_time": 1322.0,
        "wait_time": 0,
        "Landing_success_rate": 0.9305
    },
    {
        "model": 2,
        "sequence": 30,
        "status": 1,
        "fuel": 7072,
        "fault": 0.8948,
        "weapon": 0,
        "pilot_injury": 0.0338,
        "pilot_skill": 0.1574,
        "mission_priority": 0.1151,
        "estimated_landing_time": 2826.0,
        "wait_time": 0,
        "Landing_success_rate": 0.8624
    },
    {
        "model": 0,
        "sequence": 23,
        "status": 1,
        "fuel": 6609,
        "fault": 0.9504,
        "weapon": 1,
        "pilot_injury": 0.2935,
        "pilot_skill": 0.4716,
        "mission_priority": 0.2356,
        "estimated_landing_time": 2168.0,
        "wait_time": 0,
        "Landing_success_rate": 0.8541
    },
    {
        "model": 2,
        "sequence": 12,
        "status": 1,
        "fuel": 6966,
        "fault": 0.6398,
        "weapon": 0,
        "pilot_injury": 0.5481,
        "pilot_skill": 0.8568,
        "mission_priority": 0.5145,
        "estimated_landing_time": 1134.0,
        "wait_time": 0,
        "Landing_success_rate": 0.8896
    },
    {
        "model": 0,
        "sequence": 7,
        "status": 1,
        "fuel": 6117,
        "fault": 0.4275,
        "weapon": 0,
        "pilot_injury": 0.6167,
        "pilot_skill": 0.5032,
        "mission_priority": 0.9187,
        "estimated_landing_time": 664.0,
        "wait_time": 0,
        "Landing_success_rate": 0.8765
    },
    {
        "model": 1,
        "sequence": 3,
        "status": 1,
        "fuel": 6100,
        "fault": 0.1544,
        "weapon": 0,
        "pilot_injury": 0.5639,
        "pilot_skill": 0.7085,
        "mission_priority": 0.8869,
        "estimated_landing_time": 288.0,
        "wait_time": 0,
        "Landing_success_rate": 0.8881
    },
    {
        "model": 1,
        "sequence": 9,
        "status": 1,
        "fuel": 6086,
        "fault": 0.0103,
        "weapon": 0,
        "pilot_injury": 0.3145,
        "pilot_skill": 0.299,
        "mission_priority": 0.3091,
        "estimated_landing_time": 852.0,
        "wait_time": 0,
        "Landing_success_rate": 0.8935
    },
    {
        "model": 0,
        "sequence": 17,
        "status": 1,
        "fuel": 6796,
        "fault": 0.3029,
        "weapon": 0,
        "pilot_injury": 0.5808,
        "pilot_skill": 0.8106,
        "mission_priority": 0.0361,
        "estimated_landing_time": 1604.0,
        "wait_time": 0,
        "Landing_success_rate": 0.9178
    },
    {
        "model": 1,
        "sequence": 22,
        "status": 1,
        "fuel": 6011,
        "fault": 0.8726,
        "weapon": 0,
        "pilot_injury": 0.8925,
        "pilot_skill": 0.1454,
        "mission_priority": 0.5634,
        "estimated_landing_time": 2074.0,
        "wait_time": 0,
        "Landing_success_rate": 0.8549
    },
    {
        "model": 1,
        "sequence": 25,
        "status": 1,
        "fuel": 6123,
        "fault": 0.361,
        "weapon": 0,
        "pilot_injury": 0.7418,
        "pilot_skill": 0.8825,
        "mission_priority": 0.1862,
        "estimated_landing_time": 2356.0,
        "wait_time": 0,
        "Landing_success_rate": 0.8799
    },
    {
        "model": 2,
        "sequence": 26,
        "status": 1,
        "fuel": 6260,
        "fault": 0.113,
        "weapon": 1,
        "pilot_injury": 0.1376,
        "pilot_skill": 0.3109,
        "mission_priority": 0.625,
        "estimated_landing_time": 2450.0,
        "wait_time": 0,
        "Landing_success_rate": 0.9006
    },
    {
        "model": 0,
        "sequence": 8,
        "status": 1,
        "fuel": 5609,
        "fault": 0.5636,
        "weapon": 1,
        "pilot_injury": 0.7312,
        "pilot_skill": 0.2706,
        "mission_priority": 0.8054,
        "estimated_landing_time": 758.0,
        "wait_time": 0,
        "Landing_success_rate": 0.8536
    },
    {
        "model": 1,
        "sequence": 24,
        "status": 1,
        "fuel": 7193,
        "fault": 0.1206,
        "weapon": 1,
        "pilot_injury": 0.6499,
        "pilot_skill": 0.8764,
        "mission_priority": 0.3864,
        "estimated_landing_time": 2262.0,
        "wait_time": 0,
        "Landing_success_rate": 0.9617
    }
]