[
    {
        "model": 0,
        "sequence": 12,
        "status": 1,
        "fuel": 6135,
        "fault": 0.6948,
        "weapon": 1,
        "pilot_injury": 0.1871,
        "pilot_skill": 0.8437,
        "mission_priority": 0.5603,
        "estimated_landing_time": 1134.0,
        "wait_time": 0,
        "Landing_success_rate": 0.8645
    },
    {
        "model": 0,
        "sequence": 3,
        "status": 1,
        "fuel": 6760,
        "fault": 0.1839,
        "weapon": 0,
        "pilot_injury": 0.9444,
        "pilot_skill": 0.6915,
        "mission_priority": 0.3599,
        "estimated_landing_time": 288.0,
        "wait_time": 0,
        "Landing_success_rate": 0.9271
    },
    {
        "model": 0,
        "sequence": 18,
        "status": 1,
        "fuel": 6758,
        "fault": 0.855,
        "weapon": 0,
        "pilot_injury": 0.8137,
        "pilot_skill": 0.7844,
        "mission_priority": 0.7229,
        "estimated_landing_time": 1698.0,
        "wait_time": 0,
        "Landing_success_rate": 0.8637
    },
    {
        "model": 2,
        "sequence": 21,
        "status": 1,
        "fuel": 6850,
        "fault": 0.2874,
        "weapon": 1,
        "pilot_injury": 0.995,
        "pilot_skill": 0.161,
        "mission_priority": 0.5961,
        "estimated_landing_time": 1980.0,
        "wait_time": 0,
        "Landing_success_rate": 0.9222
    },
    {
        "model": 2,
        "sequence": 20,
        "status": 1,
        "fuel": 7175,
        "fault": 0.4186,
        "weapon": 0,
        "pilot_injury": 0.5595,
        "pilot_skill": 0.8363,
        "mission_priority": 0.3769,
        "estimated_landing_time": 1886.0,
        "wait_time": 0,
        "Landing_success_rate": 0.923
    },
    {
        "model": 0,
        "sequence": 23,
        "status": 1,
        "fuel": 7327,
        "fault": 0.5755,
        "weapon": 1,
        "pilot_injury": 0.7664,
        "pilot_skill": 0.2961,
        "mission_priority": 0.6906,
        "estimated_landing_time": 2168.0,
        "wait_time": 0,
        "Landing_success_rate": 0.9082
    },
    {
        "model": 2,
        "sequence": 27,
        "status": 1,
        "fuel": 7191,
        "fault": 0.8827,
        "weapon": 0,
        "pilot_injury": 0.4741,
        "pilot_skill": 0.782,
        "mission_priority": 0.3381,
        "estimated_landing_time": 2544.0,
        "wait_time": 0,
        "Landing_success_rate": 0.8649
    },
    {
        "model": 0,
        "sequence": 14,
        "status": 1,
        "fuel": 6366,
        "fault": 0.3295,
        "weapon": 1,
        "pilot_injury": 0.6241,
        "pilot_skill": 0.5178,
        "mission_priority": 0.3285,
        "estimated_landing_time": 1322.0,
        "wait_time": 0,
        "Landing_success_rate": 0.8935
    },
    {
        "model": 0,
        "sequence": 25,
        "status": 1,
        "fuel": 7159,
        "fault": 0.9302,
        "weapon": 1,
        "pilot_injury": 0.1538,
        "pilot_skill": 0.3405,
        "mission_priority": 0.6687,
        "estimated_landing_time": 2356.0,
        "wait_time": 0,
        "Landing_success_rate": 0.8587
    },
    {
        "model": 1,
        "sequence": 9,
        "status": 1,
        "fuel": 5679,
        "fault": 0.3992,
        "weapon": 1,
        "pilot_injury": 0.6533,
        "pilot_skill": 0.4783,
        "mission_priority": 0.6458,
        "estimated_landing_time": 852.0,
        "wait_time": 0,
        "Landing_success_rate": 0.8581
    },
    {
        "model": 0,
        "sequence": 4,
        "status": 1,
        "fuel": 7327,
        "fault": 0.7463,
        "weapon": 1,
        "pilot_injury": 0.9275,
        "pilot_skill": 0.9222,
        "mission_priority": 0.7239,
        "estimated_landing_time": 382.0,
        "wait_time": 0,
        "Landing_success_rate": 0.8848
    },
    {
        "model": 1,
        "sequence": 6,
        "status": 1,
        "fuel": 6940,
        "fault": 0.3446,
        "weapon": 1,
        "pilot_injury": 0.6878,
        "pilot_skill": 0.5151,
        "mission_priority": 0.7485,
        "estimated_landing_time": 570.0,
        "wait_time": 0,
        "Landing_success_rate": 0.9208
    },
    {
        "model": 1,
        "sequence": 16,
        "status": 1,
        "fuel": 6270,
        "fault": 0.9545,
        "weapon": 0,
        "pilot_injury": 0.7945,
        "pilot_skill": 0.9387,
        "mission_priority": 0.8761,
        "estimated_landing_time": 1510.0,
        "wait_time": 0,
        "Landing_success_rate": 0.8526
    },
    {
        "model": 0,
        "sequence": 5,
        "status": 1,
        "fuel": 6539,
        "fault": 0.11,
        "weapon": 0,
        "pilot_injury": 0.3687,
        "pilot_skill": 0.0502,
        "mission_priority": 0.6399,
        "estimated_landing_time": 476.0,
        "wait_time": 0,
        "Landing_success_rate": 0.9194
    },
    {
        "model": 2,
        "sequence": 7,
        "status": 1,
        "fuel": 6708,
        "fault": 0.3952,
        "weapon": 0,
        "pilot_injury": 0.9794,
        "pilot_skill": 0.4023,
        "mission_priority": 0.3067,
        "estimated_landing_time": 664.0,
        "wait_time": 0,
        "Landing_success_rate": 0.9048
    },
    {
        "model": 0,
        "sequence": 26,
        "status": 1,
        "fuel": 6987,
        "fault": 0.5125,
        "weapon": 1,
        "pilot_injury": 0.5186,
        "pilot_skill": 0.7492,
        "mission_priority": 0.5645,
        "estimated_landing_time": 2450.0,
        "wait_time": 0,
        "Landing_success_rate": 0.9044
    },
    {
        "model": 0,
        "sequence": 19,
        "status": 1,
        "fuel": 6458,
        "fault": 0.4023,
        "weapon": 0,
        "pilot_injury": 0.595,
        "pilot_skill": 0.6612,
        "mission_priority": 0.2807,
        "estimated_landing_time": 1792.0,
        "wait_time": 0,
        "Landing_success_rate": 0.8929
    },
    {
        "model": 2,
        "sequence": 17,
        "status": 1,
        "fuel": 7427,
        "fault": 0.7171,
        "weapon": 1,
        "pilot_injury": 0.0209,
        "pilot_skill": 0.8866,
        "mission_priority": 0.1111,
        "estimated_landing_time": 1604.0,
        "wait_time": 0,
        "Landing_success_rate": 0.8909
    },
    {
        "model": 1,
        "sequence": 8,
        "status": 1,
        "fuel": 5804,
        "fault": 0.271,
        "weapon": 0,
        "pilot_injury": 0.5023,
        "pilot_skill": 0.3287,
        "mission_priority": 0.4401,
        "estimated_landing_time": 758.0,
        "wait_time": 0,
        "Landing_success_rate": 0.8666
    },
    {
        "model": 2,
        "sequence": 1,
        "status": 1,
        "fuel": 6126,
        "fault": 0.4543,
        "weapon": 0,
        "pilot_injury": 0.0977,
        "pilot_skill": 0.2297,
        "mission_priority": 0.7033,
        "estimated_landing_time": 100.0,
        "wait_time": 0,
        "Landing_success_rate": 0.8756
    },
    {
        "model": 0,
        "sequence": 29,
        "status": 1,
        "fuel": 6004,
        "fault": 0.4095,
        "weapon": 0,
        "pilot_injury": 0.2612,
        "pilot_skill": 0.9975,
        "mission_priority": 0.7679,
        "estimated_landing_time": 2732.0,
        "wait_time": 0,
        "Landing_success_rate": 0.8723
    },
    {
        "model": 0,
        "sequence": 28,
        "status": 1,
        "fuel": 6771,
        "fault": 0.4217,
        "weapon": 0,
        "pilot_injury": 0.0596,
        "pilot_skill": 0.7126,
        "mission_priority": 0.1918,
        "estimated_landing_time": 2638.0,
        "wait_time": 0,
        "Landing_success_rate": 0.9051
    },
    {
        "model": 2,
        "sequence": 2,
        "status": 1,
        "fuel": 5813,
        "fault": 0.4244,
        "weapon": 0,
        "pilot_injury": 0.1771,
        "pilot_skill": 0.1091,
        "mission_priority": 0.5943,
        "estimated_landing_time": 194.0,
        "wait_time": 0,
        "Landing_success_rate": 0.8635
    },
    {
        "model": 2,
        "sequence": 15,
        "status": 1,
        "fuel": 6221,
        "fault": 0.5942,
        "weapon": 1,
        "pilot_injury": 0.2756,
        "pilot_skill": 0.6584,
        "mission_priority": 0.3923,
        "estimated_landing_time": 1416.0,
        "wait_time": 0,
        "Landing_success_rate": 0.8719
    },
    {
        "model": 2,
        "sequence": 10,
        "status": 1,
        "fuel": 6468,
        "fault": 0.4174,
        "weapon": 1,
        "pilot_injury": 0.0323,
        "pilot_skill": 0.3809,
        "mission_priority": 0.7291,
        "estimated_landing_time": 946.0,
        "wait_time": 0,
        "Landing_success_rate": 0.8923
    },
    {
        "model": 1,
        "sequence": 13,
        "status": 1,
        "fuel": 7221,
        "fault": 0.5519,
        "weapon": 0,
        "pilot_injury": 0.3363,
        "pilot_skill": 0.8727,
        "mission_priority": 0.9519,
        "estimated_landing_time": 1228.0,
        "wait_time": 0,
        "Landing_success_rate": 0.9078
    },
    {
        "model": 2,
        "sequence": 24,
        "status": 1,
        "fuel": 6734,
        "fault": 0.2776,
        "weapon": 0,
        "pilot_injury": 0.4661,
        "pilot_skill": 0.2362,
        "mission_priority": 0.1681,
        "estimated_landing_time": 2262.0,
        "wait_time": 0,
        "Landing_success_rate": 0.9169
    },
    {
        "model": 0,
        "sequence": 11,
        "status": 1,
        "fuel": 6501,
        "fault": 0.4906,
        "weapon": 0,
        "pilot_injury": 0.2225,
        "pilot_skill": 0.9095,
        "mission_priority": 0.1682,
        "estimated_landing_time": 1040.0,
        "wait_time": 0,
        "Landing_success_rate": 0.8882
    },
    {
        "model": 2,
        "sequence": 30,
        "status": 1,
        "fuel": 7481,
        "fault": 0.0819,
        "weapon": 1,
        "pilot_injury": 0.2134,
        "pilot_skill": 0.2964,
        "mission_priority": 0.0515,
        "estimated_landing_time": 2826.0,
        "wait_time": 0,
        "Landing_success_rate": 0.9864
    },
    {
        "model": 0,
        "sequence": 22,
        "status": 1,
        "fuel": 6064,
        "fault": 0.1758,
        "weapon": 0,
        "pilot_injury": 0.0643,
        "pilot_skill": 0.8301,
        "mission_priority": 0.5693,
        "estimated_landing_time": 2074.0,
        "wait_time": 0,
        "Landing_success_rate": 0.8849
    }
]