[
    {
        "model": 1,
        "sequence": 12,
        "status": 1,
        "fuel": 5961,
        "fault": 0.6011,
        "weapon": 1,
        "pilot_injury": 0.2165,
        "pilot_skill": 0.1161,
        "mission_priority": 0.8929,
        "estimated_landing_time": 1134.0,
        "wait_time": 0,
        "Landing_success_rate": 0.8638
    },
    {
        "model": 0,
        "sequence": 11,
        "status": 1,
        "fuel": 6888,
        "fault": 0.0779,
        "weapon": 1,
        "pilot_injury": 0.3868,
        "pilot_skill": 0.9733,
        "mission_priority": 0.8622,
        "estimated_landing_time": 1040.0,
        "wait_time": 0,
        "Landing_success_rate": 0.946
    },
    {
        "model": 1,
        "sequence": 3,
        "status": 1,
        "fuel": 6311,
        "fault": 0.1902,
        "weapon": 0,
        "pilot_injury": 0.3685,
        "pilot_skill": 0.6954,
        "mission_priority": 0.7127,
        "estimated_landing_time": 288.0,
        "wait_time": 0,
        "Landing_success_rate": 0.8993
    },
    {
        "model": 1,
        "sequence": 25,
        "status": 1,
        "fuel": 7211,
        "fault": 0.6136,
        "weapon": 1,
        "pilot_injury": 0.2817,
        "pilot_skill": 0.6435,
        "mission_priority": 0.3937,
        "estimated_landing_time": 2356.0,
        "wait_time": 0,
        "Landing_success_rate": 0.8996
    },
    {
        "model": 1,
        "sequence": 2,
        "status": 1,
        "fuel": 5712,
        "fault": 0.2723,
        "weapon": 1,
        "pilot_injury": 0.3963,
        "pilot_skill": 0.4639,
        "mission_priority": 0.2083,
        "estimated_landing_time": 194.0,
        "wait_time": 0,
        "Landing_success_rate": 0.8616
    },
    {
        "model": 1,
        "sequence": 6,
        "status": 1,
        "fuel": 7173,
        "fault": 0.9888,
        "weapon": 0,
        "pilot_injury": 0.4297,
        "pilot_skill": 0.9777,
        "mission_priority": 0.0572,
        "estimated_landing_time": 570.0,
        "wait_time": 0,
        "Landing_success_rate": 0.8514
    },
    {
        "model": 0,
        "sequence": 22,
        "status": 1,
        "fuel": 6534,
        "fault": 0.131,
        "weapon": 0,
        "pilot_injury": 0.0363,
        "pilot_skill": 0.2246,
        "mission_priority": 0.9055,
        "estimated_landing_time": 2074.0,
        "wait_time": 0,
        "Landing_success_rate": 0.9174
    },
    {
        "model": 2,
        "sequence": 18,
        "status": 1,
        "fuel": 6955,
        "fault": 0.9315,
        "weapon": 1,
        "pilot_injury": 0.4155,
        "pilot_skill": 0.8882,
        "mission_priority": 0.367,
        "estimated_landing_time": 1698.0,
        "wait_time": 0,
        "Landing_success_rate": 0.8575
    },
    {
        "model": 0,
        "sequence": 24,
        "status": 1,
        "fuel": 6555,
        "fault": 0.2343,
        "weapon": 0,
        "pilot_injury": 0.5315,
        "pilot_skill": 0.1438,
        "mission_priority": 0.825,
        "estimated_landing_time": 2262.0,
        "wait_time": 0,
        "Landing_success_rate": 0.9106
    },
    {
        "model": 1,
        "sequence": 26,
        "status": 1,
        "fuel": 5856,
        "fault": 0.0514,
        "weapon": 0,
        "pilot_injury": 0.0259,
        "pilot_skill": 0.4813,
        "mission_priority": 0.2252,
        "estimated_landing_time": 2450.0,
        "wait_time": 0,
        "Landing_success_rate": 0.8753
    },
    {
        "model": 1,
        "sequence": 27,
        "status": 1,
        "fuel": 6978,
        "fault": 0.8059,
        "weapon": 1,
        "pilot_injury": 0.7696,
        "pilot_skill": 0.242,
        "mission_priority": 0.985,
        "estimated_landing_time": 2544.0,
        "wait_time": 0,
        "Landing_success_rate": 0.8715
    },
    {
        "model": 2,
        "sequence": 13,
        "status": 1,
        "fuel": 6985,
        "fault": 0.06,
        "weapon": 1,
        "pilot_injury": 0.5302,
        "pilot_skill": 0.9013,
        "mission_priority": 0.6361,
        "estimated_landing_time": 1228.0,
        "wait_time": 0,
        "Landing_success_rate": 0.9547
    },
    {
        "model": 2,
        "sequence": 14,
        "status": 1,
        "fuel": 5875,
        "fault": 0.2841,
        "weapon": 0,
        "pilot_injury": 0.2351,
        "pilot_skill": 0.8784,
        "mission_priority": 0.5314,
        "estimated_landing_time": 1322.0,
        "wait_time": 0,
        "Landing_success_rate": 0.8701
    },
    {
        "model": 2,
        "sequence": 7,
        "status": 1,
        "fuel": 7046,
        "fault": 0.2207,
        "weapon": 1,
        "pilot_injury": 0.3095,
        "pilot_skill": 0.4267,
        "mission_priority": 0.4139,
        "estimated_landing_time": 664.0,
        "wait_time": 0,
        "Landing_success_rate": 0.9404
    },
    {
        "model": 0,
        "sequence": 16,
        "status": 1,
        "fuel": 6779,
        "fault": 0.3664,
        "weapon": 1,
        "pilot_injury": 0.1821,
        "pilot_skill": 0.5826,
        "mission_priority": 0.615,
        "estimated_landing_time": 1510.0,
        "wait_time": 0,
        "Landing_success_rate": 0.9108
    },
    {
        "model": 2,
        "sequence": 20,
        "status": 1,
        "fuel": 6896,
        "fault": 0.2398,
        "weapon": 0,
        "pilot_injury": 0.9176,
        "pilot_skill": 0.0796,
        "mission_priority": 0.8979,
        "estimated_landing_time": 1886.0,
        "wait_time": 0,
        "Landing_success_rate": 0.9296
    },
    {
        "model": 1,
        "sequence": 29,
        "status": 1,
        "fuel": 6047,
        "fault": 0.4239,
        "weapon": 1,
        "pilot_injury": 0.1856,
        "pilot_skill": 0.8239,
        "mission_priority": 0.1802,
        "estimated_landing_time": 2732.0,
        "wait_time": 0,
        "Landing_success_rate": 0.8736
    },
    {
        "model": 1,
        "sequence": 1,
        "status": 1,
        "fuel": 6391,
        "fault": 0.738,
        "weapon": 0,
        "pilot_injury": 0.8375,
        "pilot_skill": 0.8583,
        "mission_priority": 0.372,
        "estimated_landing_time": 100.0,
        "wait_time": 0,
        "Landing_success_rate": 0.8675
    },
    {
        "model": 1,
        "sequence": 21,
        "status": 1,
        "fuel": 6293,
        "fault": 0.0143,
        "weapon": 0,
        "pilot_injury": 0.8785,
        "pilot_skill": 0.624,
        "mission_priority": 0.9274,
        "estimated_landing_time": 1980.0,
        "wait_time": 0,
        "Landing_success_rate": 0.9086
    },
    {
        "model": 0,
        "sequence": 28,
        "status": 1,
        "fuel": 5703,
        "fault": 0.2852,
        "weapon": 1,
        "pilot_injury": 0.1796,
        "pilot_skill": 0.6698,
        "mission_priority": 0.4075,
        "estimated_landing_time": 2638.0,
        "wait_time": 0,
        "Landing_success_rate": 0.8609
    },
    {
        "model": 2,
        "sequence": 10,
        "status": 1,
        "fuel": 6480,
        "fault": 0.2427,
        "weapon": 1,
        "pilot_injury": 0.5306,
        "pilot_skill": 0.1214,
        "mission_priority": 0.0034,
        "estimated_landing_time": 946.0,
        "wait_time": 0,
        "Landing_success_rate": 0.9057
    },
    {
        "model": 2,
        "sequence": 9,
        "status": 1,
        "fuel": 6388,
        "fault": 0.8337,
        "weapon": 1,
        "pilot_injury": 0.2215,
        "pilot_skill": 0.6985,
        "mission_priority": 0.8534,
        "estimated_landing_time": 852.0,
        "wait_time": 0,
        "Landing_success_rate": 0.8611
    },
    {
        "model": 2,
        "sequence": 19,
        "status": 1,
        "fuel": 6899,
        "fault": 0.6155,
        "weapon": 0,
        "pilot_injury": 0.8616,
        "pilot_skill": 0.5104,
        "mission_priority": 0.3812,
        "estimated_landing_time": 1792.0,
        "wait_time": 0,
        "Landing_success_rate": 0.8903
    },
    {
        "model": 2,
        "sequence": 8,
        "status": 1,
        "fuel": 6713,
        "fault": 0.8394,
        "weapon": 1,
        "pilot_injury": 0.5938,
        "pilot_skill": 0.9202,
        "mission_priority": 0.628,
        "estimated_landing_time": 758.0,
        "wait_time": 0,
        "Landing_success_rate": 0.8646
    },
    {
        "model": 1,
        "sequence": 23,
        "status": 1,
        "fuel": 6131,
        "fault": 0.1132,
        "weapon": 0,
        "pilot_injury": 0.3297,
        "pilot_skill": 0.5323,
        "mission_priority": 0.0863,
        "estimated_landing_time": 2168.0,
        "wait_time": 0,
        "Landing_success_rate": 0.892
    },
    {
        "model": 0,
        "sequence": 17,
        "status": 1,
        "fuel": 5906,
        "fault": 0.4047,
        "weapon": 1,
        "pilot_injury": 0.6615,
        "pilot_skill": 0.1665,
        "mission_priority": 0.438,
        "estimated_landing_time": 1604.0,
        "wait_time": 0,
        "Landing_success_rate": 0.8681
    },
    {
        "model": 2,
        "sequence": 30,
        "status": 1,
        "fuel": 5983,
        "fault": 0.2737,
        "weapon": 0,
        "pilot_injury": 0.1092,
        "pilot_skill": 0.6542,
        "mission_priority": 0.607,
        "estimated_landing_time": 2826.0,
        "wait_time": 0,
        "Landing_success_rate": 0.8763
    },
    {
        "model": 1,
        "sequence": 5,
        "status": 1,
        "fuel": 6507,
        "fault": 0.2302,
        "weapon": 0,
        "pilot_injury": 0.404,
        "pilot_skill": 0.8064,
        "mission_priority": 0.7616,
        "estimated_landing_time": 476.0,
        "wait_time": 0,
        "Landing_success_rate": 0.9081
    },
    {
        "model": 1,
        "sequence": 4,
        "status": 1,
        "fuel": 5526,
        "fault": 0.8626,
        "weapon": 0,
        "pilot_injury": 0.1439,
        "pilot_skill": 0.0991,
        "mission_priority": 0.8615,
        "estimated_landing_time": 382.0,
        "wait_time": 0,
        "Landing_success_rate": 0.8503
    },
    {
        "model": 0,
        "sequence": 15,
        "status": 1,
        "fuel": 6159,
        "fault": 0.771,
        "weapon": 0,
        "pilot_injury": 0.6059,
        "pilot_skill": 0.3669,
        "mission_priority": 0.2241,
        "estimated_landing_time": 1416.0,
        "wait_time": 0,
        "Landing_success_rate": 0.8613
    }
]