[
    {
        "model": 2,
        "sequence": 29,
        "status": 1,
        "fuel": 5986,
        "fault": 0.2298,
        "weapon": 1,
        "pilot_injury": 0.4383,
        "pilot_skill": 0.6324,
        "mission_priority": 0.0757,
        "estimated_landing_time": 2732.0,
        "wait_time": 0,
        "Landing_success_rate": 0.8781
    },
    {
        "model": 2,
        "sequence": 13,
        "status": 1,
        "fuel": 5502,
        "fault": 0.6514,
        "weapon": 1,
        "pilot_injury": 0.0952,
        "pilot_skill": 0.9082,
        "mission_priority": 0.6036,
        "estimated_landing_time": 1228.0,
        "wait_time": 0,
        "Landing_success_rate": 0.8501
    },
    {
        "model": 1,
        "sequence": 26,
        "status": 1,
        "fuel": 6806,
        "fault": 0.569,
        "weapon": 1,
        "pilot_injury": 0.3569,
        "pilot_skill": 0.7006,
        "mission_priority": 0.6074,
        "estimated_landing_time": 2450.0,
        "wait_time": 0,
        "Landing_success_rate": 0.8922
    },
    {
        "model": 0,
        "sequence": 16,
        "status": 1,
        "fuel": 5979,
        "fault": 0.7259,
        "weapon": 1,
        "pilot_injury": 0.4781,
        "pilot_skill": 0.4455,
        "mission_priority": 0.5167,
        "estimated_landing_time": 1510.0,
        "wait_time": 0,
        "Landing_success_rate": 0.8598
    },
    {
        "model": 1,
        "sequence": 4,
        "status": 1,
        "fuel": 7458,
        "fault": 0.9962,
        "weapon": 0,
        "pilot_injury": 0.3728,
        "pilot_skill": 0.8776,
        "mission_priority": 0.0629,
        "estimated_landing_time": 382.0,
        "wait_time": 0,
        "Landing_success_rate": 0.8506
    },
    {
        "model": 1,
        "sequence": 22,
        "status": 1,
        "fuel": 5722,
        "fault": 0.1154,
        "weapon": 0,
        "pilot_injury": 0.5491,
        "pilot_skill": 0.4551,
        "mission_priority": 0.1339,
        "estimated_landing_time": 2074.0,
        "wait_time": 0,
        "Landing_success_rate": 0.8647
    },
    {
        "model": 0,
        "sequence": 2,
        "status": 1,
        "fuel": 6903,
        "fault": 0.6177,
        "weapon": 1,
        "pilot_injury": 0.7012,
        "pilot_skill": 0.1975,
        "mission_priority": 0.0419,
        "estimated_landing_time": 194.0,
        "wait_time": 0,
        "Landing_success_rate": 0.8902
    },
    {
        "model": 2,
        "sequence": 10,
        "status": 1,
        "fuel": 6907,
        "fault": 0.4563,
        "weapon": 1,
        "pilot_injury": 0.8735,
        "pilot_skill": 0.8647,
        "mission_priority": 0.5339,
        "estimated_landing_time": 946.0,
        "wait_time": 0,
        "Landing_success_rate": 0.9074
    },
    {
        "model": 1,
        "sequence": 18,
        "status": 1,
        "fuel": 6902,
        "fault": 0.3091,
        "weapon": 0,
        "pilot_injury": 0.639,
        "pilot_skill": 0.1014,
        "mission_priority": 0.7006,
        "estimated_landing_time": 1698.0,
        "wait_time": 0,
        "Landing_success_rate": 0.9226
    },
    {
        "model": 2,
        "sequence": 7,
        "status": 1,
        "fuel": 6906,
        "fault": 0.7561,
        "weapon": 0,
        "pilot_injury": 0.8445,
        "pilot_skill": 0.4692,
        "mission_priority": 0.8291,
        "estimated_landing_time": 664.0,
        "wait_time": 0,
        "Landing_success_rate": 0.8757
    },
    {
        "model": 2,
        "sequence": 23,
        "status": 1,
        "fuel": 6421,
        "fault": 0.725,
        "weapon": 1,
        "pilot_injury": 0.4451,
        "pilot_skill": 0.2719,
        "mission_priority": 0.8609,
        "estimated_landing_time": 2168.0,
        "wait_time": 0,
        "Landing_success_rate": 0.869
    },
    {
        "model": 2,
        "sequence": 25,
        "status": 1,
        "fuel": 6751,
        "fault": 0.161,
        "weapon": 1,
        "pilot_injury": 0.552,
        "pilot_skill": 0.1719,
        "mission_priority": 0.9794,
        "estimated_landing_time": 2356.0,
        "wait_time": 0,
        "Landing_success_rate": 0.9287
    },
    {
        "model": 1,
        "sequence": 28,
        "status": 1,
        "fuel": 7429,
        "fault": 0.0382,
        "weapon": 0,
        "pilot_injury": 0.2081,
        "pilot_skill": 0.3737,
        "mission_priority": 0.4401,
        "estimated_landing_time": 2638.0,
        "wait_time": 0,
        "Landing_success_rate": 0.9891
    },
    {
        "model": 1,
        "sequence": 30,
        "status": 1,
        "fuel": 6522,
        "fault": 0.9482,
        "weapon": 1,
        "pilot_injury": 0.8232,
        "pilot_skill": 0.3767,
        "mission_priority": 0.0045,
        "estimated_landing_time": 2826.0,
        "wait_time": 0,
        "Landing_success_rate": 0.854
    },
    {
        "model": 0,
        "sequence": 5,
        "status": 1,
        "fuel": 7167,
        "fault": 0.6675,
        "weapon": 1,
        "pilot_injury": 0.7571,
        "pilot_skill": 0.7949,
        "mission_priority": 0.4397,
        "estimated_landing_time": 476.0,
        "wait_time": 0,
        "Landing_success_rate": 0.8916
    },
    {
        "model": 0,
        "sequence": 17,
        "status": 1,
        "fuel": 7124,
        "fault": 0.6278,
        "weapon": 0,
        "pilot_injury": 0.9285,
        "pilot_skill": 0.5825,
        "mission_priority": 0.7785,
        "estimated_landing_time": 1604.0,
        "wait_time": 0,
        "Landing_success_rate": 0.8953
    },
    {
        "model": 1,
        "sequence": 15,
        "status": 1,
        "fuel": 6951,
        "fault": 0.2282,
        "weapon": 0,
        "pilot_injury": 0.1552,
        "pilot_skill": 0.1282,
        "mission_priority": 0.1718,
        "estimated_landing_time": 1416.0,
        "wait_time": 0,
        "Landing_success_rate": 0.934
    },
    {
        "model": 0,
        "sequence": 1,
        "status": 1,
        "fuel": 6920,
        "fault": 0.0497,
        "weapon": 0,
        "pilot_injury": 0.5601,
        "pilot_skill": 0.3832,
        "mission_priority": 0.4098,
        "estimated_landing_time": 100.0,
        "wait_time": 0,
        "Landing_success_rate": 0.9512
    },
    {
        "model": 2,
        "sequence": 3,
        "status": 1,
        "fuel": 6895,
        "fault": 0.0653,
        "weapon": 1,
        "pilot_injury": 0.2747,
        "pilot_skill": 0.8516,
        "mission_priority": 0.7437,
        "estimated_landing_time": 288.0,
        "wait_time": 0,
        "Landing_success_rate": 0.9478
    },
    {
        "model": 2,
        "sequence": 19,
        "status": 1,
        "fuel": 5616,
        "fault": 0.2871,
        "weapon": 1,
        "pilot_injury": 0.259,
        "pilot_skill": 0.4713,
        "mission_priority": 0.5979,
        "estimated_landing_time": 1792.0,
        "wait_time": 0,
        "Landing_success_rate": 0.8562
    },
    {
        "model": 1,
        "sequence": 6,
        "status": 1,
        "fuel": 5696,
        "fault": 0.7277,
        "weapon": 0,
        "pilot_injury": 0.8131,
        "pilot_skill": 0.3458,
        "mission_priority": 0.5033,
        "estimated_landing_time": 570.0,
        "wait_time": 0,
        "Landing_success_rate": 0.854
    },
    {
        "model": 2,
        "sequence": 12,
        "status": 1,
        "fuel": 7054,
        "fault": 0.215,
        "weapon": 1,
        "pilot_injury": 0.572,
        "pilot_skill": 0.1115,
        "mission_priority": 0.4322,
        "estimated_landing_time": 1134.0,
        "wait_time": 0,
        "Landing_success_rate": 0.9415
    },
    {
        "model": 1,
        "sequence": 9,
        "status": 1,
        "fuel": 7367,
        "fault": 0.727,
        "weapon": 0,
        "pilot_injury": 0.1916,
        "pilot_skill": 0.6024,
        "mission_priority": 0.1967,
        "estimated_landing_time": 852.0,
        "wait_time": 0,
        "Landing_success_rate": 0.8882
    },
    {
        "model": 1,
        "sequence": 27,
        "status": 1,
        "fuel": 7061,
        "fault": 0.0608,
        "weapon": 0,
        "pilot_injury": 0.9047,
        "pilot_skill": 0.7887,
        "mission_priority": 0.9051,
        "estimated_landing_time": 2544.0,
        "wait_time": 0,
        "Landing_success_rate": 0.96
    },
    {
        "model": 1,
        "sequence": 11,
        "status": 1,
        "fuel": 5719,
        "fault": 0.2212,
        "weapon": 1,
        "pilot_injury": 0.7296,
        "pilot_skill": 0.2614,
        "mission_priority": 0.0781,
        "estimated_landing_time": 1040.0,
        "wait_time": 0,
        "Landing_success_rate": 0.8628
    },
    {
        "model": 2,
        "sequence": 20,
        "status": 1,
        "fuel": 6725,
        "fault": 0.5156,
        "weapon": 0,
        "pilot_injury": 0.6755,
        "pilot_skill": 0.5514,
        "mission_priority": 0.1383,
        "estimated_landing_time": 1886.0,
        "wait_time": 0,
        "Landing_success_rate": 0.8945
    },
    {
        "model": 1,
        "sequence": 21,
        "status": 1,
        "fuel": 6221,
        "fault": 0.8873,
        "weapon": 1,
        "pilot_injury": 0.4577,
        "pilot_skill": 0.9372,
        "mission_priority": 0.0973,
        "estimated_landing_time": 1980.0,
        "wait_time": 0,
        "Landing_success_rate": 0.8561
    },
    {
        "model": 1,
        "sequence": 8,
        "status": 1,
        "fuel": 6333,
        "fault": 0.202,
        "weapon": 0,
        "pilot_injury": 0.6954,
        "pilot_skill": 0.9307,
        "mission_priority": 0.5177,
        "estimated_landing_time": 758.0,
        "wait_time": 0,
        "Landing_success_rate": 0.8999
    },
    {
        "model": 0,
        "sequence": 14,
        "status": 1,
        "fuel": 5622,
        "fault": 0.4452,
        "weapon": 0,
        "pilot_injury": 0.3306,
        "pilot_skill": 0.7817,
        "mission_priority": 0.2883,
        "estimated_landing_time": 1322.0,
        "wait_time": 0,
        "Landing_success_rate": 0.8551
    },
    {
        "model": 2,
        "sequence": 24,
        "status": 1,
        "fuel": 6505,
        "fault": 0.6983,
        "weapon": 1,
        "pilot_injury": 0.1162,
        "pilot_skill": 0.8468,
        "mission_priority": 0.2658,
        "estimated_landing_time": 2262.0,
        "wait_time": 0,
        "Landing_success_rate": 0.8727
    }
]