[
    {
        "model": 0,
        "sequence": 10,
        "status": 1,
        "fuel": 5907,
        "fault": 0.6931,
        "weapon": 1,
        "pilot_injury": 0.8231,
        "pilot_skill": 0.3413,
        "mission_priority": 0.7646,
        "estimated_landing_time": 946.0,
        "wait_time": 0,
        "Landing_success_rate": 0.8594
    },
    {
        "model": 0,
        "sequence": 18,
        "status": 1,
        "fuel": 5808,
        "fault": 0.6821,
        "weapon": 0,
        "pilot_injury": 0.4248,
        "pilot_skill": 0.9923,
        "mission_priority": 0.7404,
        "estimated_landing_time": 1698.0,
        "wait_time": 0,
        "Landing_success_rate": 0.8573
    },
    {
        "model": 1,
        "sequence": 20,
        "status": 1,
        "fuel": 6406,
        "fault": 0.5675,
        "weapon": 1,
        "pilot_injury": 0.4974,
        "pilot_skill": 0.5283,
        "mission_priority": 0.0406,
        "estimated_landing_time": 1886.0,
        "wait_time": 0,
        "Landing_success_rate": 0.8794
    },
    {
        "model": 2,
        "sequence": 1,
        "status": 1,
        "fuel": 6759,
        "fault": 0.6548,
        "weapon": 0,
        "pilot_injury": 0.4261,
        "pilot_skill": 0.1867,
        "mission_priority": 0.5133,
        "estimated_landing_time": 100.0,
        "wait_time": 0,
        "Landing_success_rate": 0.8826
    },
    {
        "model": 1,
        "sequence": 15,
        "status": 1,
        "fuel": 6640,
        "fault": 0.0591,
        "weapon": 0,
        "pilot_injury": 0.5943,
        "pilot_skill": 0.3577,
        "mission_priority": 0.7626,
        "estimated_landing_time": 1416.0,
        "wait_time": 0,
        "Landing_success_rate": 0.9304
    },
    {
        "model": 1,
        "sequence": 28,
        "status": 1,
        "fuel": 5616,
        "fault": 0.0727,
        "weapon": 1,
        "pilot_injury": 0.9554,
        "pilot_skill": 0.0012,
        "mission_priority": 0.8427,
        "estimated_landing_time": 2638.0,
        "wait_time": 0,
        "Landing_success_rate": 0.8581
    },
    {
        "model": 1,
        "sequence": 30,
        "status": 1,
        "fuel": 6367,
        "fault": 0.2154,
        "weapon": 1,
        "pilot_injury": 0.2387,
        "pilot_skill": 0.4473,
        "mission_priority": 0.9504,
        "estimated_landing_time": 2826.0,
        "wait_time": 0,
        "Landing_success_rate": 0.901
    },
    {
        "model": 2,
        "sequence": 23,
        "status": 1,
        "fuel": 6963,
        "fault": 0.3199,
        "weapon": 0,
        "pilot_injury": 0.2419,
        "pilot_skill": 0.5518,
        "mission_priority": 0.9303,
        "estimated_landing_time": 2168.0,
        "wait_time": 0,
        "Landing_success_rate": 0.9246
    },
    {
        "model": 1,
        "sequence": 22,
        "status": 1,
        "fuel": 7410,
        "fault": 0.2535,
        "weapon": 0,
        "pilot_injury": 0.4405,
        "pilot_skill": 0.3904,
        "mission_priority": 0.0466,
        "estimated_landing_time": 2074.0,
        "wait_time": 0,
        "Landing_success_rate": 0.9569
    },
    {
        "model": 2,
        "sequence": 25,
        "status": 1,
        "fuel": 6652,
        "fault": 0.7313,
        "weapon": 0,
        "pilot_injury": 0.8422,
        "pilot_skill": 0.549,
        "mission_priority": 0.8446,
        "estimated_landing_time": 2356.0,
        "wait_time": 0,
        "Landing_success_rate": 0.8732
    },
    {
        "model": 2,
        "sequence": 6,
        "status": 1,
        "fuel": 5538,
        "fault": 0.8064,
        "weapon": 1,
        "pilot_injury": 0.1004,
        "pilot_skill": 0.9448,
        "mission_priority": 0.7957,
        "estimated_landing_time": 570.0,
        "wait_time": 0,
        "Landing_success_rate": 0.8506
    },
    {
        "model": 2,
        "sequence": 7,
        "status": 1,
        "fuel": 6030,
        "fault": 0.0489,
        "weapon": 1,
        "pilot_injury": 0.1795,
        "pilot_skill": 0.9752,
        "mission_priority": 0.2134,
        "estimated_landing_time": 664.0,
        "wait_time": 0,
        "Landing_success_rate": 0.8878
    },
    {
        "model": 1,
        "sequence": 9,
        "status": 1,
        "fuel": 6572,
        "fault": 0.8859,
        "weapon": 0,
        "pilot_injury": 0.9134,
        "pilot_skill": 0.4762,
        "mission_priority": 0.9206,
        "estimated_landing_time": 852.0,
        "wait_time": 0,
        "Landing_success_rate": 0.8592
    },
    {
        "model": 2,
        "sequence": 19,
        "status": 1,
        "fuel": 6008,
        "fault": 0.4896,
        "weapon": 0,
        "pilot_injury": 0.4952,
        "pilot_skill": 0.6155,
        "mission_priority": 0.3915,
        "estimated_landing_time": 1792.0,
        "wait_time": 0,
        "Landing_success_rate": 0.8694
    },
    {
        "model": 2,
        "sequence": 21,
        "status": 1,
        "fuel": 6673,
        "fault": 0.8165,
        "weapon": 1,
        "pilot_injury": 0.275,
        "pilot_skill": 0.6731,
        "mission_priority": 0.3699,
        "estimated_landing_time": 1980.0,
        "wait_time": 0,
        "Landing_success_rate": 0.8661
    },
    {
        "model": 0,
        "sequence": 24,
        "status": 1,
        "fuel": 6796,
        "fault": 0.9318,
        "weapon": 1,
        "pilot_injury": 0.3724,
        "pilot_skill": 0.9245,
        "mission_priority": 0.379,
        "estimated_landing_time": 2262.0,
        "wait_time": 0,
        "Landing_success_rate": 0.8566
    },
    {
        "model": 1,
        "sequence": 11,
        "status": 1,
        "fuel": 6812,
        "fault": 0.8568,
        "weapon": 1,
        "pilot_injury": 0.6688,
        "pilot_skill": 0.5936,
        "mission_priority": 0.2788,
        "estimated_landing_time": 1040.0,
        "wait_time": 0,
        "Landing_success_rate": 0.8641
    },
    {
        "model": 0,
        "sequence": 13,
        "status": 1,
        "fuel": 5605,
        "fault": 0.9136,
        "weapon": 1,
        "pilot_injury": 0.1722,
        "pilot_skill": 0.1621,
        "mission_priority": 0.5472,
        "estimated_landing_time": 1228.0,
        "wait_time": 0,
        "Landing_success_rate": 0.8507
    },
    {
        "model": 0,
        "sequence": 2,
        "status": 1,
        "fuel": 7341,
        "fault": 0.4286,
        "weapon": 0,
        "pilot_injury": 0.4219,
        "pilot_skill": 0.7649,
        "mission_priority": 0.1165,
        "estimated_landing_time": 194.0,
        "wait_time": 0,
        "Landing_success_rate": 0.9289
    },
    {
        "model": 1,
        "sequence": 3,
        "status": 1,
        "fuel": 6225,
        "fault": 0.4546,
        "weapon": 1,
        "pilot_injury": 0.629,
        "pilot_skill": 0.1424,
        "mission_priority": 0.0396,
        "estimated_landing_time": 288.0,
        "wait_time": 0,
        "Landing_success_rate": 0.8797
    },
    {
        "model": 0,
        "sequence": 12,
        "status": 1,
        "fuel": 6454,
        "fault": 0.6079,
        "weapon": 1,
        "pilot_injury": 0.127,
        "pilot_skill": 0.1875,
        "mission_priority": 0.0977,
        "estimated_landing_time": 1134.0,
        "wait_time": 0,
        "Landing_success_rate": 0.8781
    },
    {
        "model": 2,
        "sequence": 14,
        "status": 1,
        "fuel": 5881,
        "fault": 0.2003,
        "weapon": 0,
        "pilot_injury": 0.2661,
        "pilot_skill": 0.4407,
        "mission_priority": 0.8441,
        "estimated_landing_time": 1322.0,
        "wait_time": 0,
        "Landing_success_rate": 0.8729
    },
    {
        "model": 0,
        "sequence": 17,
        "status": 1,
        "fuel": 6377,
        "fault": 0.4205,
        "weapon": 0,
        "pilot_injury": 0.5668,
        "pilot_skill": 0.2572,
        "mission_priority": 0.5136,
        "estimated_landing_time": 1604.0,
        "wait_time": 0,
        "Landing_success_rate": 0.8881
    },
    {
        "model": 0,
        "sequence": 26,
        "status": 1,
        "fuel": 6566,
        "fault": 0.9151,
        "weapon": 0,
        "pilot_injury": 0.3021,
        "pilot_skill": 0.582,
        "mission_priority": 0.9467,
        "estimated_landing_time": 2450.0,
        "wait_time": 0,
        "Landing_success_rate": 0.8568
    },
    {
        "model": 2,
        "sequence": 29,
        "status": 1,
        "fuel": 5733,
        "fault": 0.3823,
        "weapon": 0,
        "pilot_injury": 0.2762,
        "pilot_skill": 0.2416,
        "mission_priority": 0.8385,
        "estimated_landing_time": 2732.0,
        "wait_time": 0,
        "Landing_success_rate": 0.8608
    },
    {
        "model": 0,
        "sequence": 8,
        "status": 1,
        "fuel": 6119,
        "fault": 0.6864,
        "weapon": 1,
        "pilot_injury": 0.4389,
        "pilot_skill": 0.468,
        "mission_priority": 0.4545,
        "estimated_landing_time": 758.0,
        "wait_time": 0,
        "Landing_success_rate": 0.8646
    },
    {
        "model": 2,
        "sequence": 4,
        "status": 1,
        "fuel": 6042,
        "fault": 0.0065,
        "weapon": 0,
        "pilot_injury": 0.7829,
        "pilot_skill": 0.835,
        "mission_priority": 0.9429,
        "estimated_landing_time": 382.0,
        "wait_time": 0,
        "Landing_success_rate": 0.8904
    },
    {
        "model": 1,
        "sequence": 27,
        "status": 1,
        "fuel": 7351,
        "fault": 0.6446,
        "weapon": 1,
        "pilot_injury": 0.9613,
        "pilot_skill": 0.4585,
        "mission_priority": 0.5035,
        "estimated_landing_time": 2544.0,
        "wait_time": 0,
        "Landing_success_rate": 0.8993
    },
    {
        "model": 0,
        "sequence": 16,
        "status": 1,
        "fuel": 7154,
        "fault": 0.7056,
        "weapon": 0,
        "pilot_injury": 0.4331,
        "pilot_skill": 0.6551,
        "mission_priority": 0.6899,
        "estimated_landing_time": 1510.0,
        "wait_time": 0,
        "Landing_success_rate": 0.8865
    },
    {
        "model": 1,
        "sequence": 5,
        "status": 1,
        "fuel": 6765,
        "fault": 0.7972,
        "weapon": 1,
        "pilot_injury": 0.4924,
        "pilot_skill": 0.5207,
        "mission_priority": 0.9617,
        "estimated_landing_time": 476.0,
        "wait_time": 0,
        "Landing_success_rate": 0.8692
    }
]