[
    {
        "model": 1,
        "sequence": 22,
        "status": 1,
        "fuel": 6185,
        "fault": 0.8823,
        "weapon": 1,
        "pilot_injury": 0.7456,
        "pilot_skill": 0.1199,
        "mission_priority": 0.7786,
        "estimated_landing_time": 2074.0,
        "wait_time": 0,
        "Landing_success_rate": 0.856
    },
    {
        "model": 0,
        "sequence": 19,
        "status": 1,
        "fuel": 7306,
        "fault": 0.3055,
        "weapon": 0,
        "pilot_injury": 0.6715,
        "pilot_skill": 0.7936,
        "mission_priority": 0.6972,
        "estimated_landing_time": 1792.0,
        "wait_time": 0,
        "Landing_success_rate": 0.9441
    },
    {
        "model": 0,
        "sequence": 6,
        "status": 1,
        "fuel": 7232,
        "fault": 0.5237,
        "weapon": 1,
        "pilot_injury": 0.1662,
        "pilot_skill": 0.97,
        "mission_priority": 0.2558,
        "estimated_landing_time": 570.0,
        "wait_time": 0,
        "Landing_success_rate": 0.9119
    },
    {
        "model": 1,
        "sequence": 29,
        "status": 1,
        "fuel": 7489,
        "fault": 0.2035,
        "weapon": 1,
        "pilot_injury": 0.1346,
        "pilot_skill": 0.6009,
        "mission_priority": 0.4932,
        "estimated_landing_time": 2732.0,
        "wait_time": 0,
        "Landing_success_rate": 0.9688
    },
    {
        "model": 2,
        "sequence": 16,
        "status": 1,
        "fuel": 6348,
        "fault": 0.2844,
        "weapon": 0,
        "pilot_injury": 0.736,
        "pilot_skill": 0.0059,
        "mission_priority": 0.4577,
        "estimated_landing_time": 1510.0,
        "wait_time": 0,
        "Landing_success_rate": 0.8955
    },
    {
        "model": 0,
        "sequence": 3,
        "status": 1,
        "fuel": 6732,
        "fault": 0.0588,
        "weapon": 0,
        "pilot_injury": 0.1262,
        "pilot_skill": 0.7782,
        "mission_priority": 0.3239,
        "estimated_landing_time": 288.0,
        "wait_time": 0,
        "Landing_success_rate": 0.937
    },
    {
        "model": 0,
        "sequence": 20,
        "status": 1,
        "fuel": 7287,
        "fault": 0.915,
        "weapon": 0,
        "pilot_injury": 0.0192,
        "pilot_skill": 0.3241,
        "mission_priority": 0.7506,
        "estimated_landing_time": 1886.0,
        "wait_time": 0,
        "Landing_success_rate": 0.8614
    },
    {
        "model": 0,
        "sequence": 1,
        "status": 1,
        "fuel": 6294,
        "fault": 0.9471,
        "weapon": 0,
        "pilot_injury": 0.2176,
        "pilot_skill": 0.22,
        "mission_priority": 0.6039,
        "estimated_landing_time": 100.0,
        "wait_time": 0,
        "Landing_success_rate": 0.8532
    },
    {
        "model": 1,
        "sequence": 18,
        "status": 1,
        "fuel": 5785,
        "fault": 0.1293,
        "weapon": 1,
        "pilot_injury": 0.7874,
        "pilot_skill": 0.2002,
        "mission_priority": 0.3216,
        "estimated_landing_time": 1698.0,
        "wait_time": 0,
        "Landing_success_rate": 0.8686
    },
    {
        "model": 1,
        "sequence": 8,
        "status": 1,
        "fuel": 7290,
        "fault": 0.7051,
        "weapon": 0,
        "pilot_injury": 0.2753,
        "pilot_skill": 0.2329,
        "mission_priority": 0.3034,
        "estimated_landing_time": 758.0,
        "wait_time": 0,
        "Landing_success_rate": 0.8896
    },
    {
        "model": 1,
        "sequence": 12,
        "status": 1,
        "fuel": 6724,
        "fault": 0.111,
        "weapon": 1,
        "pilot_injury": 0.1579,
        "pilot_skill": 0.7745,
        "mission_priority": 0.2085,
        "estimated_landing_time": 1134.0,
        "wait_time": 0,
        "Landing_success_rate": 0.9316
    },
    {
        "model": 1,
        "sequence": 24,
        "status": 1,
        "fuel": 5864,
        "fault": 0.4642,
        "weapon": 1,
        "pilot_injury": 0.5844,
        "pilot_skill": 0.069,
        "mission_priority": 0.8368,
        "estimated_landing_time": 2262.0,
        "wait_time": 0,
        "Landing_success_rate": 0.8646
    },
    {
        "model": 1,
        "sequence": 15,
        "status": 1,
        "fuel": 5867,
        "fault": 0.3322,
        "weapon": 0,
        "pilot_injury": 0.7174,
        "pilot_skill": 0.9926,
        "mission_priority": 0.4535,
        "estimated_landing_time": 1416.0,
        "wait_time": 0,
        "Landing_success_rate": 0.8684
    },
    {
        "model": 2,
        "sequence": 9,
        "status": 1,
        "fuel": 5511,
        "fault": 0.6245,
        "weapon": 0,
        "pilot_injury": 0.7778,
        "pilot_skill": 0.8528,
        "mission_priority": 0.3014,
        "estimated_landing_time": 852.0,
        "wait_time": 0,
        "Landing_success_rate": 0.8503
    },
    {
        "model": 2,
        "sequence": 7,
        "status": 1,
        "fuel": 7437,
        "fault": 0.0739,
        "weapon": 0,
        "pilot_injury": 0.8647,
        "pilot_skill": 0.0257,
        "mission_priority": 0.6709,
        "estimated_landing_time": 664.0,
        "wait_time": 0,
        "Landing_success_rate": 0.9845
    },
    {
        "model": 1,
        "sequence": 13,
        "status": 1,
        "fuel": 7223,
        "fault": 0.0257,
        "weapon": 1,
        "pilot_injury": 0.9301,
        "pilot_skill": 0.4454,
        "mission_priority": 0.6743,
        "estimated_landing_time": 1228.0,
        "wait_time": 0,
        "Landing_success_rate": 0.9759
    },
    {
        "model": 1,
        "sequence": 11,
        "status": 1,
        "fuel": 5842,
        "fault": 0.3958,
        "weapon": 0,
        "pilot_injury": 0.8558,
        "pilot_skill": 0.7243,
        "mission_priority": 0.8396,
        "estimated_landing_time": 1040.0,
        "wait_time": 0,
        "Landing_success_rate": 0.8655
    },
    {
        "model": 1,
        "sequence": 27,
        "status": 1,
        "fuel": 6935,
        "fault": 0.0817,
        "weapon": 0,
        "pilot_injury": 0.6705,
        "pilot_skill": 0.3745,
        "mission_priority": 0.4024,
        "estimated_landing_time": 2544.0,
        "wait_time": 0,
        "Landing_success_rate": 0.9488
    },
    {
        "model": 0,
        "sequence": 28,
        "status": 1,
        "fuel": 7382,
        "fault": 0.1385,
        "weapon": 0,
        "pilot_injury": 0.6619,
        "pilot_skill": 0.7268,
        "mission_priority": 0.7768,
        "estimated_landing_time": 2638.0,
        "wait_time": 0,
        "Landing_success_rate": 0.9716
    },
    {
        "model": 0,
        "sequence": 10,
        "status": 1,
        "fuel": 6075,
        "fault": 0.0804,
        "weapon": 0,
        "pilot_injury": 0.1221,
        "pilot_skill": 0.8368,
        "mission_priority": 0.3873,
        "estimated_landing_time": 946.0,
        "wait_time": 0,
        "Landing_success_rate": 0.8897
    },
    {
        "model": 1,
        "sequence": 17,
        "status": 1,
        "fuel": 5657,
        "fault": 0.0404,
        "weapon": 0,
        "pilot_injury": 0.4757,
        "pilot_skill": 0.2854,
        "mission_priority": 0.17,
        "estimated_landing_time": 1604.0,
        "wait_time": 0,
        "Landing_success_rate": 0.8613
    },
    {
        "model": 1,
        "sequence": 23,
        "status": 1,
        "fuel": 5909,
        "fault": 0.7482,
        "weapon": 0,
        "pilot_injury": 0.1253,
        "pilot_skill": 0.245,
        "mission_priority": 0.1336,
        "estimated_landing_time": 2168.0,
        "wait_time": 0,
        "Landing_success_rate": 0.8577
    },
    {
        "model": 0,
        "sequence": 2,
        "status": 1,
        "fuel": 7134,
        "fault": 0.7786,
        "weapon": 1,
        "pilot_injury": 0.674,
        "pilot_skill": 0.9238,
        "mission_priority": 0.644,
        "estimated_landing_time": 194.0,
        "wait_time": 0,
        "Landing_success_rate": 0.8771
    },
    {
        "model": 0,
        "sequence": 4,
        "status": 1,
        "fuel": 6668,
        "fault": 0.9891,
        "weapon": 0,
        "pilot_injury": 0.4626,
        "pilot_skill": 0.5285,
        "mission_priority": 0.3202,
        "estimated_landing_time": 382.0,
        "wait_time": 0,
        "Landing_success_rate": 0.851
    },
    {
        "model": 0,
        "sequence": 26,
        "status": 1,
        "fuel": 5749,
        "fault": 0.4059,
        "weapon": 1,
        "pilot_injury": 0.7824,
        "pilot_skill": 0.462,
        "mission_priority": 0.9539,
        "estimated_landing_time": 2450.0,
        "wait_time": 0,
        "Landing_success_rate": 0.8611
    },
    {
        "model": 0,
        "sequence": 14,
        "status": 1,
        "fuel": 5500,
        "fault": 0.8113,
        "weapon": 0,
        "pilot_injury": 0.8646,
        "pilot_skill": 0.0048,
        "mission_priority": 0.0667,
        "estimated_landing_time": 1322.0,
        "wait_time": 0,
        "Landing_success_rate": 0.85
    },
    {
        "model": 0,
        "sequence": 21,
        "status": 1,
        "fuel": 5801,
        "fault": 0.7732,
        "weapon": 1,
        "pilot_injury": 0.0798,
        "pilot_skill": 0.5539,
        "mission_priority": 0.8243,
        "estimated_landing_time": 1980.0,
        "wait_time": 0,
        "Landing_success_rate": 0.8551
    },
    {
        "model": 1,
        "sequence": 25,
        "status": 1,
        "fuel": 7225,
        "fault": 0.4647,
        "weapon": 1,
        "pilot_injury": 0.2783,
        "pilot_skill": 0.6996,
        "mission_priority": 0.7058,
        "estimated_landing_time": 2356.0,
        "wait_time": 0,
        "Landing_success_rate": 0.9193
    },
    {
        "model": 1,
        "sequence": 5,
        "status": 1,
        "fuel": 5746,
        "fault": 0.8219,
        "weapon": 0,
        "pilot_injury": 0.0874,
        "pilot_skill": 0.1084,
        "mission_priority": 0.6406,
        "estimated_landing_time": 476.0,
        "wait_time": 0,
        "Landing_success_rate": 0.8533
    },
    {
        "model": 0,
        "sequence": 30,
        "status": 1,
        "fuel": 6826,
        "fault": 0.5004,
        "weapon": 0,
        "pilot_injury": 0.9606,
        "pilot_skill": 0.9381,
        "mission_priority": 0.9029,
        "estimated_landing_time": 2826.0,
        "wait_time": 0,
        "Landing_success_rate": 0.8997
    }
]