[
    {
        "model": 2,
        "sequence": 26,
        "status": 1,
        "fuel": 7423,
        "fault": 0.0774,
        "weapon": 0,
        "pilot_injury": 0.9857,
        "pilot_skill": 0.0642,
        "mission_priority": 0.6079,
        "estimated_landing_time": 2450.0,
        "wait_time": 0,
        "Landing_success_rate": 0.9831
    },
    {
        "model": 2,
        "sequence": 19,
        "status": 1,
        "fuel": 6552,
        "fault": 0.4195,
        "weapon": 1,
        "pilot_injury": 0.1636,
        "pilot_skill": 0.7371,
        "mission_priority": 0.9163,
        "estimated_landing_time": 1792.0,
        "wait_time": 0,
        "Landing_success_rate": 0.8958
    },
    {
        "model": 2,
        "sequence": 27,
        "status": 1,
        "fuel": 7241,
        "fault": 0.9345,
        "weapon": 1,
        "pilot_injury": 0.9863,
        "pilot_skill": 0.015,
        "mission_priority": 0.5083,
        "estimated_landing_time": 2544.0,
        "wait_time": 0,
        "Landing_success_rate": 0.8586
    },
    {
        "model": 0,
        "sequence": 9,
        "status": 1,
        "fuel": 5712,
        "fault": 0.1296,
        "weapon": 1,
        "pilot_injury": 0.663,
        "pilot_skill": 0.9449,
        "mission_priority": 0.4502,
        "estimated_landing_time": 852.0,
        "wait_time": 0,
        "Landing_success_rate": 0.8638
    },
    {
        "model": 2,
        "sequence": 7,
        "status": 1,
        "fuel": 6751,
        "fault": 0.3338,
        "weapon": 1,
        "pilot_injury": 0.4729,
        "pilot_skill": 0.0498,
        "mission_priority": 0.7417,
        "estimated_landing_time": 664.0,
        "wait_time": 0,
        "Landing_success_rate": 0.9125
    },
    {
        "model": 1,
        "sequence": 25,
        "status": 1,
        "fuel": 6496,
        "fault": 0.9254,
        "weapon": 0,
        "pilot_injury": 0.9483,
        "pilot_skill": 0.7735,
        "mission_priority": 0.9623,
        "estimated_landing_time": 2356.0,
        "wait_time": 0,
        "Landing_success_rate": 0.8556
    },
    {
        "model": 2,
        "sequence": 15,
        "status": 1,
        "fuel": 7247,
        "fault": 0.5104,
        "weapon": 0,
        "pilot_injury": 0.6077,
        "pilot_skill": 0.9815,
        "mission_priority": 0.9463,
        "estimated_landing_time": 1416.0,
        "wait_time": 0,
        "Landing_success_rate": 0.9141
    },
    {
        "model": 1,
        "sequence": 24,
        "status": 1,
        "fuel": 7312,
        "fault": 0.4088,
        "weapon": 1,
        "pilot_injury": 0.0077,
        "pilot_skill": 0.7411,
        "mission_priority": 0.2719,
        "estimated_landing_time": 2262.0,
        "wait_time": 0,
        "Landing_success_rate": 0.9303
    },
    {
        "model": 1,
        "sequence": 4,
        "status": 1,
        "fuel": 6093,
        "fault": 0.9806,
        "weapon": 0,
        "pilot_injury": 0.9951,
        "pilot_skill": 0.6737,
        "mission_priority": 0.0689,
        "estimated_landing_time": 382.0,
        "wait_time": 0,
        "Landing_success_rate": 0.8509
    },
    {
        "model": 1,
        "sequence": 22,
        "status": 1,
        "fuel": 7461,
        "fault": 0.2251,
        "weapon": 1,
        "pilot_injury": 0.6301,
        "pilot_skill": 0.8432,
        "mission_priority": 0.8983,
        "estimated_landing_time": 2074.0,
        "wait_time": 0,
        "Landing_success_rate": 0.964
    },
    {
        "model": 2,
        "sequence": 18,
        "status": 1,
        "fuel": 6507,
        "fault": 0.0301,
        "weapon": 1,
        "pilot_injury": 0.1883,
        "pilot_skill": 0.0666,
        "mission_priority": 0.1887,
        "estimated_landing_time": 1698.0,
        "wait_time": 0,
        "Landing_success_rate": 0.9233
    },
    {
        "model": 2,
        "sequence": 30,
        "status": 1,
        "fuel": 7425,
        "fault": 0.6581,
        "weapon": 0,
        "pilot_injury": 0.1667,
        "pilot_skill": 0.4458,
        "mission_priority": 0.3402,
        "estimated_landing_time": 2826.0,
        "wait_time": 0,
        "Landing_success_rate": 0.8994
    },
    {
        "model": 1,
        "sequence": 21,
        "status": 1,
        "fuel": 5846,
        "fault": 0.9093,
        "weapon": 0,
        "pilot_injury": 0.6445,
        "pilot_skill": 0.9372,
        "mission_priority": 0.1079,
        "estimated_landing_time": 1980.0,
        "wait_time": 0,
        "Landing_success_rate": 0.8524
    },
    {
        "model": 2,
        "sequence": 1,
        "status": 1,
        "fuel": 6760,
        "fault": 0.7212,
        "weapon": 1,
        "pilot_injury": 0.5064,
        "pilot_skill": 0.7664,
        "mission_priority": 0.2154,
        "estimated_landing_time": 100.0,
        "wait_time": 0,
        "Landing_success_rate": 0.8763
    },
    {
        "model": 0,
        "sequence": 13,
        "status": 1,
        "fuel": 7149,
        "fault": 0.3948,
        "weapon": 0,
        "pilot_injury": 0.6355,
        "pilot_skill": 0.1059,
        "mission_priority": 0.8953,
        "estimated_landing_time": 1228.0,
        "wait_time": 0,
        "Landing_success_rate": 0.9248
    },
    {
        "model": 0,
        "sequence": 3,
        "status": 1,
        "fuel": 5951,
        "fault": 0.2355,
        "weapon": 0,
        "pilot_injury": 0.0367,
        "pilot_skill": 0.799,
        "mission_priority": 0.138,
        "estimated_landing_time": 288.0,
        "wait_time": 0,
        "Landing_success_rate": 0.8759
    },
    {
        "model": 0,
        "sequence": 2,
        "status": 1,
        "fuel": 6757,
        "fault": 0.3078,
        "weapon": 0,
        "pilot_injury": 0.265,
        "pilot_skill": 0.6613,
        "mission_priority": 0.6081,
        "estimated_landing_time": 194.0,
        "wait_time": 0,
        "Landing_success_rate": 0.9153
    },
    {
        "model": 0,
        "sequence": 10,
        "status": 1,
        "fuel": 5802,
        "fault": 0.3295,
        "weapon": 1,
        "pilot_injury": 0.924,
        "pilot_skill": 0.1611,
        "mission_priority": 0.5971,
        "estimated_landing_time": 946.0,
        "wait_time": 0,
        "Landing_success_rate": 0.8652
    },
    {
        "model": 2,
        "sequence": 17,
        "status": 1,
        "fuel": 6839,
        "fault": 0.5032,
        "weapon": 1,
        "pilot_injury": 0.287,
        "pilot_skill": 0.3541,
        "mission_priority": 0.0289,
        "estimated_landing_time": 1604.0,
        "wait_time": 0,
        "Landing_success_rate": 0.8999
    },
    {
        "model": 1,
        "sequence": 14,
        "status": 1,
        "fuel": 5895,
        "fault": 0.1777,
        "weapon": 1,
        "pilot_injury": 0.5007,
        "pilot_skill": 0.3837,
        "mission_priority": 0.5394,
        "estimated_landing_time": 1322.0,
        "wait_time": 0,
        "Landing_success_rate": 0.8744
    },
    {
        "model": 2,
        "sequence": 11,
        "status": 1,
        "fuel": 5614,
        "fault": 0.5468,
        "weapon": 0,
        "pilot_injury": 0.4639,
        "pilot_skill": 0.276,
        "mission_priority": 0.18,
        "estimated_landing_time": 1040.0,
        "wait_time": 0,
        "Landing_success_rate": 0.8539
    },
    {
        "model": 0,
        "sequence": 8,
        "status": 1,
        "fuel": 5857,
        "fault": 0.0452,
        "weapon": 1,
        "pilot_injury": 0.1528,
        "pilot_skill": 0.0327,
        "mission_priority": 0.2468,
        "estimated_landing_time": 758.0,
        "wait_time": 0,
        "Landing_success_rate": 0.8756
    },
    {
        "model": 2,
        "sequence": 20,
        "status": 1,
        "fuel": 5708,
        "fault": 0.8391,
        "weapon": 0,
        "pilot_injury": 0.5959,
        "pilot_skill": 0.9292,
        "mission_priority": 0.4453,
        "estimated_landing_time": 1886.0,
        "wait_time": 0,
        "Landing_success_rate": 0.8525
    },
    {
        "model": 2,
        "sequence": 28,
        "status": 1,
        "fuel": 7302,
        "fault": 0.4641,
        "weapon": 0,
        "pilot_injury": 0.2403,
        "pilot_skill": 0.638,
        "mission_priority": 0.3782,
        "estimated_landing_time": 2638.0,
        "wait_time": 0,
        "Landing_success_rate": 0.9224
    },
    {
        "model": 0,
        "sequence": 12,
        "status": 1,
        "fuel": 7008,
        "fault": 0.9415,
        "weapon": 0,
        "pilot_injury": 0.6179,
        "pilot_skill": 0.2757,
        "mission_priority": 0.051,
        "estimated_landing_time": 1134.0,
        "wait_time": 0,
        "Landing_success_rate": 0.8566
    },
    {
        "model": 1,
        "sequence": 6,
        "status": 1,
        "fuel": 6804,
        "fault": 0.3834,
        "weapon": 1,
        "pilot_injury": 0.9708,
        "pilot_skill": 0.7165,
        "mission_priority": 0.6827,
        "estimated_landing_time": 570.0,
        "wait_time": 0,
        "Landing_success_rate": 0.9103
    },
    {
        "model": 2,
        "sequence": 23,
        "status": 1,
        "fuel": 6345,
        "fault": 0.0105,
        "weapon": 0,
        "pilot_injury": 0.1892,
        "pilot_skill": 0.2895,
        "mission_priority": 0.8902,
        "estimated_landing_time": 2168.0,
        "wait_time": 0,
        "Landing_success_rate": 0.9127
    },
    {
        "model": 2,
        "sequence": 5,
        "status": 1,
        "fuel": 6278,
        "fault": 0.6055,
        "weapon": 0,
        "pilot_injury": 0.5228,
        "pilot_skill": 0.7156,
        "mission_priority": 0.1102,
        "estimated_landing_time": 476.0,
        "wait_time": 0,
        "Landing_success_rate": 0.873
    },
    {
        "model": 0,
        "sequence": 29,
        "status": 1,
        "fuel": 5996,
        "fault": 0.6725,
        "weapon": 1,
        "pilot_injury": 0.2661,
        "pilot_skill": 0.2965,
        "mission_priority": 0.1976,
        "estimated_landing_time": 2732.0,
        "wait_time": 0,
        "Landing_success_rate": 0.8622
    },
    {
        "model": 1,
        "sequence": 16,
        "status": 1,
        "fuel": 5702,
        "fault": 0.1021,
        "weapon": 1,
        "pilot_injury": 0.6423,
        "pilot_skill": 0.4554,
        "mission_priority": 0.5538,
        "estimated_landing_time": 1510.0,
        "wait_time": 0,
        "Landing_success_rate": 0.8636
    }
]