[
    {
        "model": 1,
        "sequence": 25,
        "status": 1,
        "fuel": 7157,
        "fault": 0.3932,
        "weapon": 1,
        "pilot_injury": 0.3546,
        "pilot_skill": 0.6652,
        "mission_priority": 0.7338,
        "estimated_landing_time": 2356.0,
        "wait_time": 0,
        "Landing_success_rate": 0.9254
    },
    {
        "model": 1,
        "sequence": 20,
        "status": 1,
        "fuel": 5530,
        "fault": 0.8429,
        "weapon": 1,
        "pilot_injury": 0.2105,
        "pilot_skill": 0.8601,
        "mission_priority": 0.8659,
        "estimated_landing_time": 1886.0,
        "wait_time": 0,
        "Landing_success_rate": 0.8504
    },
    {
        "model": 0,
        "sequence": 1,
        "status": 1,
        "fuel": 6233,
        "fault": 0.6135,
        "weapon": 0,
        "pilot_injury": 0.6067,
        "pilot_skill": 0.4724,
        "mission_priority": 0.9111,
        "estimated_landing_time": 100.0,
        "wait_time": 0,
        "Landing_success_rate": 0.8712
    },
    {
        "model": 0,
        "sequence": 7,
        "status": 1,
        "fuel": 7261,
        "fault": 0.9617,
        "weapon": 0,
        "pilot_injury": 0.5201,
        "pilot_skill": 0.0848,
        "mission_priority": 0.1078,
        "estimated_landing_time": 664.0,
        "wait_time": 0,
        "Landing_success_rate": 0.8551
    },
    {
        "model": 0,
        "sequence": 4,
        "status": 1,
        "fuel": 5572,
        "fault": 0.1423,
        "weapon": 0,
        "pilot_injury": 0.9525,
        "pilot_skill": 0.4098,
        "mission_priority": 0.8766,
        "estimated_landing_time": 382.0,
        "wait_time": 0,
        "Landing_success_rate": 0.8546
    },
    {
        "model": 0,
        "sequence": 16,
        "status": 1,
        "fuel": 6417,
        "fault": 0.4646,
        "weapon": 0,
        "pilot_injury": 0.2157,
        "pilot_skill": 0.4473,
        "mission_priority": 0.318,
        "estimated_landing_time": 1510.0,
        "wait_time": 0,
        "Landing_success_rate": 0.8868
    },
    {
        "model": 2,
        "sequence": 5,
        "status": 1,
        "fuel": 6298,
        "fault": 0.1615,
        "weapon": 0,
        "pilot_injury": 0.2499,
        "pilot_skill": 0.3135,
        "mission_priority": 0.5289,
        "estimated_landing_time": 476.0,
        "wait_time": 0,
        "Landing_success_rate": 0.9002
    },
    {
        "model": 1,
        "sequence": 19,
        "status": 1,
        "fuel": 6886,
        "fault": 0.488,
        "weapon": 1,
        "pilot_injury": 0.8192,
        "pilot_skill": 0.7243,
        "mission_priority": 0.6893,
        "estimated_landing_time": 1792.0,
        "wait_time": 0,
        "Landing_success_rate": 0.9032
    },
    {
        "model": 2,
        "sequence": 11,
        "status": 1,
        "fuel": 6427,
        "fault": 0.8669,
        "weapon": 1,
        "pilot_injury": 0.8369,
        "pilot_skill": 0.8588,
        "mission_priority": 0.0495,
        "estimated_landing_time": 1040.0,
        "wait_time": 0,
        "Landing_success_rate": 0.8593
    },
    {
        "model": 1,
        "sequence": 23,
        "status": 1,
        "fuel": 6533,
        "fault": 0.0736,
        "weapon": 0,
        "pilot_injury": 0.8395,
        "pilot_skill": 0.1771,
        "mission_priority": 0.6739,
        "estimated_landing_time": 2168.0,
        "wait_time": 0,
        "Landing_success_rate": 0.9218
    },
    {
        "model": 2,
        "sequence": 9,
        "status": 1,
        "fuel": 6332,
        "fault": 0.2931,
        "weapon": 0,
        "pilot_injury": 0.5097,
        "pilot_skill": 0.3244,
        "mission_priority": 0.3239,
        "estimated_landing_time": 852.0,
        "wait_time": 0,
        "Landing_success_rate": 0.8941
    },
    {
        "model": 0,
        "sequence": 8,
        "status": 1,
        "fuel": 5754,
        "fault": 0.6991,
        "weapon": 0,
        "pilot_injury": 0.7111,
        "pilot_skill": 0.3192,
        "mission_priority": 0.4902,
        "estimated_landing_time": 758.0,
        "wait_time": 0,
        "Landing_success_rate": 0.8557
    },
    {
        "model": 2,
        "sequence": 28,
        "status": 1,
        "fuel": 5971,
        "fault": 0.3853,
        "weapon": 1,
        "pilot_injury": 0.266,
        "pilot_skill": 0.8892,
        "mission_priority": 0.5968,
        "estimated_landing_time": 2638.0,
        "wait_time": 0,
        "Landing_success_rate": 0.8717
    },
    {
        "model": 0,
        "sequence": 3,
        "status": 1,
        "fuel": 5885,
        "fault": 0.0852,
        "weapon": 1,
        "pilot_injury": 0.0695,
        "pilot_skill": 0.5526,
        "mission_priority": 0.468,
        "estimated_landing_time": 288.0,
        "wait_time": 0,
        "Landing_success_rate": 0.8764
    },
    {
        "model": 0,
        "sequence": 15,
        "status": 1,
        "fuel": 6526,
        "fault": 0.8469,
        "weapon": 0,
        "pilot_injury": 0.4172,
        "pilot_skill": 0.2605,
        "mission_priority": 0.7883,
        "estimated_landing_time": 1416.0,
        "wait_time": 0,
        "Landing_success_rate": 0.8618
    },
    {
        "model": 2,
        "sequence": 6,
        "status": 1,
        "fuel": 6160,
        "fault": 0.6408,
        "weapon": 1,
        "pilot_injury": 0.7759,
        "pilot_skill": 0.6525,
        "mission_priority": 0.9897,
        "estimated_landing_time": 570.0,
        "wait_time": 0,
        "Landing_success_rate": 0.8678
    },
    {
        "model": 1,
        "sequence": 14,
        "status": 1,
        "fuel": 6942,
        "fault": 0.7173,
        "weapon": 0,
        "pilot_injury": 0.3153,
        "pilot_skill": 0.412,
        "mission_priority": 0.3588,
        "estimated_landing_time": 1322.0,
        "wait_time": 0,
        "Landing_success_rate": 0.8806
    },
    {
        "model": 2,
        "sequence": 29,
        "status": 1,
        "fuel": 7372,
        "fault": 0.6432,
        "weapon": 1,
        "pilot_injury": 0.5891,
        "pilot_skill": 0.3057,
        "mission_priority": 0.1322,
        "estimated_landing_time": 2732.0,
        "wait_time": 0,
        "Landing_success_rate": 0.9001
    },
    {
        "model": 0,
        "sequence": 27,
        "status": 1,
        "fuel": 7461,
        "fault": 0.0191,
        "weapon": 1,
        "pilot_injury": 0.3807,
        "pilot_skill": 0.3573,
        "mission_priority": 0.0487,
        "estimated_landing_time": 2544.0,
        "wait_time": 0,
        "Landing_success_rate": 0.9943
    },
    {
        "model": 0,
        "sequence": 10,
        "status": 1,
        "fuel": 7466,
        "fault": 0.4593,
        "weapon": 1,
        "pilot_injury": 0.1804,
        "pilot_skill": 0.1457,
        "mission_priority": 0.4719,
        "estimated_landing_time": 946.0,
        "wait_time": 0,
        "Landing_success_rate": 0.9297
    },
    {
        "model": 1,
        "sequence": 18,
        "status": 1,
        "fuel": 7243,
        "fault": 0.2807,
        "weapon": 1,
        "pilot_injury": 0.9471,
        "pilot_skill": 0.7609,
        "mission_priority": 0.6871,
        "estimated_landing_time": 1698.0,
        "wait_time": 0,
        "Landing_success_rate": 0.944
    },
    {
        "model": 1,
        "sequence": 30,
        "status": 1,
        "fuel": 5809,
        "fault": 0.2874,
        "weapon": 0,
        "pilot_injury": 0.4643,
        "pilot_skill": 0.555,
        "mission_priority": 0.8019,
        "estimated_landing_time": 2826.0,
        "wait_time": 0,
        "Landing_success_rate": 0.8665
    },
    {
        "model": 1,
        "sequence": 22,
        "status": 1,
        "fuel": 5539,
        "fault": 0.2462,
        "weapon": 0,
        "pilot_injury": 0.1301,
        "pilot_skill": 0.0758,
        "mission_priority": 0.6047,
        "estimated_landing_time": 2074.0,
        "wait_time": 0,
        "Landing_success_rate": 0.8522
    },
    {
        "model": 0,
        "sequence": 2,
        "status": 1,
        "fuel": 6850,
        "fault": 0.359,
        "weapon": 0,
        "pilot_injury": 0.8971,
        "pilot_skill": 0.5343,
        "mission_priority": 0.1346,
        "estimated_landing_time": 194.0,
        "wait_time": 0,
        "Landing_success_rate": 0.9149
    },
    {
        "model": 2,
        "sequence": 24,
        "status": 1,
        "fuel": 6947,
        "fault": 0.4418,
        "weapon": 1,
        "pilot_injury": 0.4713,
        "pilot_skill": 0.6685,
        "mission_priority": 0.6413,
        "estimated_landing_time": 2262.0,
        "wait_time": 0,
        "Landing_success_rate": 0.9106
    },
    {
        "model": 1,
        "sequence": 26,
        "status": 1,
        "fuel": 5832,
        "fault": 0.5092,
        "weapon": 0,
        "pilot_injury": 0.4049,
        "pilot_skill": 0.4647,
        "mission_priority": 0.8014,
        "estimated_landing_time": 2450.0,
        "wait_time": 0,
        "Landing_success_rate": 0.8622
    },
    {
        "model": 0,
        "sequence": 12,
        "status": 1,
        "fuel": 6999,
        "fault": 0.3625,
        "weapon": 0,
        "pilot_injury": 0.8735,
        "pilot_skill": 0.2121,
        "mission_priority": 0.294,
        "estimated_landing_time": 1134.0,
        "wait_time": 0,
        "Landing_success_rate": 0.9217
    },
    {
        "model": 2,
        "sequence": 13,
        "status": 1,
        "fuel": 7046,
        "fault": 0.3333,
        "weapon": 0,
        "pilot_injury": 0.8004,
        "pilot_skill": 0.1839,
        "mission_priority": 0.3523,
        "estimated_landing_time": 1228.0,
        "wait_time": 0,
        "Landing_success_rate": 0.9273
    },
    {
        "model": 1,
        "sequence": 17,
        "status": 1,
        "fuel": 6105,
        "fault": 0.326,
        "weapon": 0,
        "pilot_injury": 0.2926,
        "pilot_skill": 0.6889,
        "mission_priority": 0.0003,
        "estimated_landing_time": 1604.0,
        "wait_time": 0,
        "Landing_success_rate": 0.8806
    },
    {
        "model": 2,
        "sequence": 21,
        "status": 1,
        "fuel": 6141,
        "fault": 0.4535,
        "weapon": 0,
        "pilot_injury": 0.9582,
        "pilot_skill": 0.8909,
        "mission_priority": 0.994,
        "estimated_landing_time": 1980.0,
        "wait_time": 0,
        "Landing_success_rate": 0.8763
    }
]