[
    {
        "model": 0,
        "sequence": 6,
        "status": 1,
        "fuel": 7238,
        "fault": 0.3508,
        "weapon": 0,
        "pilot_injury": 0.3715,
        "pilot_skill": 0.3946,
        "mission_priority": 0.1003,
        "estimated_landing_time": 570.0,
        "wait_time": 0,
        "Landing_success_rate": 0.9346
    },
    {
        "model": 1,
        "sequence": 30,
        "status": 1,
        "fuel": 7344,
        "fault": 0.0562,
        "weapon": 0,
        "pilot_injury": 0.8798,
        "pilot_skill": 0.9269,
        "mission_priority": 0.0244,
        "estimated_landing_time": 2826.0,
        "wait_time": 0,
        "Landing_success_rate": 0.9805
    },
    {
        "model": 0,
        "sequence": 11,
        "status": 1,
        "fuel": 5912,
        "fault": 0.1668,
        "weapon": 0,
        "pilot_injury": 0.5204,
        "pilot_skill": 0.3895,
        "mission_priority": 0.5185,
        "estimated_landing_time": 1040.0,
        "wait_time": 0,
        "Landing_success_rate": 0.8757
    },
    {
        "model": 2,
        "sequence": 24,
        "status": 1,
        "fuel": 6296,
        "fault": 0.905,
        "weapon": 0,
        "pilot_injury": 0.093,
        "pilot_skill": 0.6211,
        "mission_priority": 0.2753,
        "estimated_landing_time": 2262.0,
        "wait_time": 0,
        "Landing_success_rate": 0.8557
    },
    {
        "model": 1,
        "sequence": 8,
        "status": 1,
        "fuel": 7369,
        "fault": 0.6891,
        "weapon": 1,
        "pilot_injury": 0.5784,
        "pilot_skill": 0.4266,
        "mission_priority": 0.0723,
        "estimated_landing_time": 758.0,
        "wait_time": 0,
        "Landing_success_rate": 0.8936
    },
    {
        "model": 2,
        "sequence": 22,
        "status": 1,
        "fuel": 7483,
        "fault": 0.4502,
        "weapon": 0,
        "pilot_injury": 0.1157,
        "pilot_skill": 0.5109,
        "mission_priority": 0.4973,
        "estimated_landing_time": 2074.0,
        "wait_time": 0,
        "Landing_success_rate": 0.9318
    },
    {
        "model": 2,
        "sequence": 20,
        "status": 1,
        "fuel": 7339,
        "fault": 0.5963,
        "weapon": 0,
        "pilot_injury": 0.8083,
        "pilot_skill": 0.749,
        "mission_priority": 0.203,
        "estimated_landing_time": 1886.0,
        "wait_time": 0,
        "Landing_success_rate": 0.9057
    },
    {
        "model": 2,
        "sequence": 15,
        "status": 1,
        "fuel": 6550,
        "fault": 0.1881,
        "weapon": 0,
        "pilot_injury": 0.9465,
        "pilot_skill": 0.0717,
        "mission_priority": 0.4862,
        "estimated_landing_time": 1416.0,
        "wait_time": 0,
        "Landing_success_rate": 0.9139
    },
    {
        "model": 0,
        "sequence": 17,
        "status": 1,
        "fuel": 6694,
        "fault": 0.2382,
        "weapon": 0,
        "pilot_injury": 0.7714,
        "pilot_skill": 0.6269,
        "mission_priority": 0.0181,
        "estimated_landing_time": 1604.0,
        "wait_time": 0,
        "Landing_success_rate": 0.9182
    },
    {
        "model": 0,
        "sequence": 3,
        "status": 1,
        "fuel": 6356,
        "fault": 0.0298,
        "weapon": 0,
        "pilot_injury": 0.196,
        "pilot_skill": 0.9957,
        "mission_priority": 0.8972,
        "estimated_landing_time": 288.0,
        "wait_time": 0,
        "Landing_success_rate": 0.9123
    },
    {
        "model": 0,
        "sequence": 23,
        "status": 1,
        "fuel": 5722,
        "fault": 0.2493,
        "weapon": 1,
        "pilot_injury": 0.3165,
        "pilot_skill": 0.7755,
        "mission_priority": 0.9303,
        "estimated_landing_time": 2168.0,
        "wait_time": 0,
        "Landing_success_rate": 0.8625
    },
    {
        "model": 1,
        "sequence": 12,
        "status": 1,
        "fuel": 5761,
        "fault": 0.3615,
        "weapon": 0,
        "pilot_injury": 0.4984,
        "pilot_skill": 0.3966,
        "mission_priority": 0.9384,
        "estimated_landing_time": 1134.0,
        "wait_time": 0,
        "Landing_success_rate": 0.8625
    },
    {
        "model": 2,
        "sequence": 21,
        "status": 1,
        "fuel": 5916,
        "fault": 0.6804,
        "weapon": 1,
        "pilot_injury": 0.6724,
        "pilot_skill": 0.2612,
        "mission_priority": 0.3248,
        "estimated_landing_time": 1980.0,
        "wait_time": 0,
        "Landing_success_rate": 0.86
    },
    {
        "model": 0,
        "sequence": 18,
        "status": 1,
        "fuel": 7129,
        "fault": 0.5318,
        "weapon": 0,
        "pilot_injury": 0.8266,
        "pilot_skill": 0.2711,
        "mission_priority": 0.5438,
        "estimated_landing_time": 1698.0,
        "wait_time": 0,
        "Landing_success_rate": 0.9072
    },
    {
        "model": 2,
        "sequence": 9,
        "status": 1,
        "fuel": 6779,
        "fault": 0.943,
        "weapon": 1,
        "pilot_injury": 0.1605,
        "pilot_skill": 0.5109,
        "mission_priority": 0.3878,
        "estimated_landing_time": 852.0,
        "wait_time": 0,
        "Landing_success_rate": 0.8555
    },
    {
        "model": 0,
        "sequence": 26,
        "status": 1,
        "fuel": 6970,
        "fault": 0.6252,
        "weapon": 0,
        "pilot_injury": 0.9907,
        "pilot_skill": 0.5686,
        "mission_priority": 0.7747,
        "estimated_landing_time": 2450.0,
        "wait_time": 0,
        "Landing_success_rate": 0.8913
    },
    {
        "model": 2,
        "sequence": 29,
        "status": 1,
        "fuel": 5591,
        "fault": 0.2253,
        "weapon": 0,
        "pilot_injury": 0.0442,
        "pilot_skill": 0.1576,
        "mission_priority": 0.071,
        "estimated_landing_time": 2732.0,
        "wait_time": 0,
        "Landing_success_rate": 0.8553
    },
    {
        "model": 0,
        "sequence": 14,
        "status": 1,
        "fuel": 5582,
        "fault": 0.357,
        "weapon": 0,
        "pilot_injury": 0.3924,
        "pilot_skill": 0.241,
        "mission_priority": 0.0646,
        "estimated_landing_time": 1322.0,
        "wait_time": 0,
        "Landing_success_rate": 0.854
    },
    {
        "model": 0,
        "sequence": 28,
        "status": 1,
        "fuel": 6402,
        "fault": 0.2032,
        "weapon": 1,
        "pilot_injury": 0.796,
        "pilot_skill": 0.0081,
        "mission_priority": 0.8425,
        "estimated_landing_time": 2638.0,
        "wait_time": 0,
        "Landing_success_rate": 0.9039
    },
    {
        "model": 0,
        "sequence": 2,
        "status": 1,
        "fuel": 6707,
        "fault": 0.5878,
        "weapon": 1,
        "pilot_injury": 0.7336,
        "pilot_skill": 0.9336,
        "mission_priority": 0.2091,
        "estimated_landing_time": 194.0,
        "wait_time": 0,
        "Landing_success_rate": 0.8873
    },
    {
        "model": 0,
        "sequence": 27,
        "status": 1,
        "fuel": 5832,
        "fault": 0.912,
        "weapon": 0,
        "pilot_injury": 0.7266,
        "pilot_skill": 0.3611,
        "mission_priority": 0.5458,
        "estimated_landing_time": 2544.0,
        "wait_time": 0,
        "Landing_success_rate": 0.8522
    },
    {
        "model": 2,
        "sequence": 7,
        "status": 1,
        "fuel": 5606,
        "fault": 0.6203,
        "weapon": 0,
        "pilot_injury": 0.4514,
        "pilot_skill": 0.8478,
        "mission_priority": 0.6214,
        "estimated_landing_time": 664.0,
        "wait_time": 0,
        "Landing_success_rate": 0.853
    },
    {
        "model": 0,
        "sequence": 4,
        "status": 1,
        "fuel": 6022,
        "fault": 0.2606,
        "weapon": 1,
        "pilot_injury": 0.0064,
        "pilot_skill": 0.7107,
        "mission_priority": 0.4856,
        "estimated_landing_time": 382.0,
        "wait_time": 0,
        "Landing_success_rate": 0.8789
    },
    {
        "model": 0,
        "sequence": 13,
        "status": 1,
        "fuel": 6992,
        "fault": 0.063,
        "weapon": 0,
        "pilot_injury": 0.1032,
        "pilot_skill": 0.1615,
        "mission_priority": 0.5017,
        "estimated_landing_time": 1228.0,
        "wait_time": 0,
        "Landing_success_rate": 0.9549
    },
    {
        "model": 0,
        "sequence": 1,
        "status": 1,
        "fuel": 6961,
        "fault": 0.6038,
        "weapon": 0,
        "pilot_injury": 0.8256,
        "pilot_skill": 0.3123,
        "mission_priority": 0.2699,
        "estimated_landing_time": 100.0,
        "wait_time": 0,
        "Landing_success_rate": 0.8934
    },
    {
        "model": 2,
        "sequence": 19,
        "status": 1,
        "fuel": 6733,
        "fault": 0.8508,
        "weapon": 0,
        "pilot_injury": 0.6607,
        "pilot_skill": 0.0432,
        "mission_priority": 0.8008,
        "estimated_landing_time": 1792.0,
        "wait_time": 0,
        "Landing_success_rate": 0.8638
    },
    {
        "model": 0,
        "sequence": 25,
        "status": 1,
        "fuel": 5513,
        "fault": 0.1154,
        "weapon": 0,
        "pilot_injury": 0.1861,
        "pilot_skill": 0.1245,
        "mission_priority": 0.5035,
        "estimated_landing_time": 2356.0,
        "wait_time": 0,
        "Landing_success_rate": 0.8509
    },
    {
        "model": 2,
        "sequence": 16,
        "status": 1,
        "fuel": 7344,
        "fault": 0.3165,
        "weapon": 1,
        "pilot_injury": 0.5137,
        "pilot_skill": 0.1449,
        "mission_priority": 0.7393,
        "estimated_landing_time": 1510.0,
        "wait_time": 0,
        "Landing_success_rate": 0.9445
    },
    {
        "model": 1,
        "sequence": 5,
        "status": 1,
        "fuel": 5535,
        "fault": 0.0876,
        "weapon": 1,
        "pilot_injury": 0.3955,
        "pilot_skill": 0.3377,
        "mission_priority": 0.1923,
        "estimated_landing_time": 476.0,
        "wait_time": 0,
        "Landing_success_rate": 0.8524
    },
    {
        "model": 2,
        "sequence": 10,
        "status": 1,
        "fuel": 6555,
        "fault": 0.7848,
        "weapon": 0,
        "pilot_injury": 0.9818,
        "pilot_skill": 0.0923,
        "mission_priority": 0.2594,
        "estimated_landing_time": 946.0,
        "wait_time": 0,
        "Landing_success_rate": 0.867
    }
]