[
    {
        "model": 0,
        "sequence": 21,
        "status": 1,
        "fuel": 6709,
        "fault": 0.8842,
        "weapon": 1,
        "pilot_injury": 0.9796,
        "pilot_skill": 0.3992,
        "mission_priority": 0.3169,
        "estimated_landing_time": 1980.0,
        "wait_time": 0,
        "Landing_success_rate": 0.8605
    },
    {
        "model": 2,
        "sequence": 23,
        "status": 1,
        "fuel": 5851,
        "fault": 0.3671,
        "weapon": 0,
        "pilot_injury": 0.196,
        "pilot_skill": 0.5089,
        "mission_priority": 0.7988,
        "estimated_landing_time": 2168.0,
        "wait_time": 0,
        "Landing_success_rate": 0.8667
    },
    {
        "model": 1,
        "sequence": 24,
        "status": 1,
        "fuel": 6500,
        "fault": 0.866,
        "weapon": 1,
        "pilot_injury": 0.0859,
        "pilot_skill": 0.1686,
        "mission_priority": 0.4798,
        "estimated_landing_time": 2262.0,
        "wait_time": 0,
        "Landing_success_rate": 0.86
    },
    {
        "model": 2,
        "sequence": 18,
        "status": 1,
        "fuel": 6636,
        "fault": 0.6007,
        "weapon": 0,
        "pilot_injury": 0.7686,
        "pilot_skill": 0.676,
        "mission_priority": 0.6387,
        "estimated_landing_time": 1698.0,
        "wait_time": 0,
        "Landing_success_rate": 0.884
    },
    {
        "model": 0,
        "sequence": 3,
        "status": 1,
        "fuel": 6767,
        "fault": 0.5456,
        "weapon": 1,
        "pilot_injury": 0.9292,
        "pilot_skill": 0.8292,
        "mission_priority": 0.9379,
        "estimated_landing_time": 288.0,
        "wait_time": 0,
        "Landing_success_rate": 0.8932
    },
    {
        "model": 0,
        "sequence": 30,
        "status": 1,
        "fuel": 6363,
        "fault": 0.7396,
        "weapon": 1,
        "pilot_injury": 0.2031,
        "pilot_skill": 0.3192,
        "mission_priority": 0.3152,
        "estimated_landing_time": 2826.0,
        "wait_time": 0,
        "Landing_success_rate": 0.8669
    },
    {
        "model": 0,
        "sequence": 19,
        "status": 1,
        "fuel": 6029,
        "fault": 0.6049,
        "weapon": 0,
        "pilot_injury": 0.1362,
        "pilot_skill": 0.0525,
        "mission_priority": 0.7754,
        "estimated_landing_time": 1792.0,
        "wait_time": 0,
        "Landing_success_rate": 0.8657
    },
    {
        "model": 0,
        "sequence": 28,
        "status": 1,
        "fuel": 5875,
        "fault": 0.2467,
        "weapon": 1,
        "pilot_injury": 0.8254,
        "pilot_skill": 0.5956,
        "mission_priority": 0.8877,
        "estimated_landing_time": 2638.0,
        "wait_time": 0,
        "Landing_success_rate": 0.8712
    },
    {
        "model": 1,
        "sequence": 6,
        "status": 1,
        "fuel": 6931,
        "fault": 0.8918,
        "weapon": 1,
        "pilot_injury": 0.1034,
        "pilot_skill": 0.8092,
        "mission_priority": 0.6414,
        "estimated_landing_time": 570.0,
        "wait_time": 0,
        "Landing_success_rate": 0.8616
    },
    {
        "model": 0,
        "sequence": 2,
        "status": 1,
        "fuel": 5638,
        "fault": 0.0488,
        "weapon": 1,
        "pilot_injury": 0.8403,
        "pilot_skill": 0.8629,
        "mission_priority": 0.1754,
        "estimated_landing_time": 194.0,
        "wait_time": 0,
        "Landing_success_rate": 0.8598
    },
    {
        "model": 1,
        "sequence": 15,
        "status": 1,
        "fuel": 6090,
        "fault": 0.8258,
        "weapon": 0,
        "pilot_injury": 0.1318,
        "pilot_skill": 0.2639,
        "mission_priority": 0.721,
        "estimated_landing_time": 1416.0,
        "wait_time": 0,
        "Landing_success_rate": 0.8577
    },
    {
        "model": 1,
        "sequence": 5,
        "status": 1,
        "fuel": 7111,
        "fault": 0.1145,
        "weapon": 0,
        "pilot_injury": 0.4865,
        "pilot_skill": 0.5556,
        "mission_priority": 0.1111,
        "estimated_landing_time": 476.0,
        "wait_time": 0,
        "Landing_success_rate": 0.957
    },
    {
        "model": 1,
        "sequence": 4,
        "status": 1,
        "fuel": 7058,
        "fault": 0.6288,
        "weapon": 1,
        "pilot_injury": 0.3076,
        "pilot_skill": 0.3286,
        "mission_priority": 0.2197,
        "estimated_landing_time": 382.0,
        "wait_time": 0,
        "Landing_success_rate": 0.8934
    },
    {
        "model": 0,
        "sequence": 29,
        "status": 1,
        "fuel": 6544,
        "fault": 0.2738,
        "weapon": 0,
        "pilot_injury": 0.6091,
        "pilot_skill": 0.2388,
        "mission_priority": 0.1719,
        "estimated_landing_time": 2732.0,
        "wait_time": 0,
        "Landing_success_rate": 0.9069
    },
    {
        "model": 0,
        "sequence": 8,
        "status": 1,
        "fuel": 6350,
        "fault": 0.9938,
        "weapon": 0,
        "pilot_injury": 0.1871,
        "pilot_skill": 0.1005,
        "mission_priority": 0.5561,
        "estimated_landing_time": 758.0,
        "wait_time": 0,
        "Landing_success_rate": 0.8504
    },
    {
        "model": 2,
        "sequence": 22,
        "status": 1,
        "fuel": 6386,
        "fault": 0.3718,
        "weapon": 1,
        "pilot_injury": 0.5941,
        "pilot_skill": 0.6591,
        "mission_priority": 0.6482,
        "estimated_landing_time": 2074.0,
        "wait_time": 0,
        "Landing_success_rate": 0.8917
    },
    {
        "model": 0,
        "sequence": 9,
        "status": 1,
        "fuel": 7357,
        "fault": 0.4169,
        "weapon": 0,
        "pilot_injury": 0.9177,
        "pilot_skill": 0.3159,
        "mission_priority": 0.0171,
        "estimated_landing_time": 852.0,
        "wait_time": 0,
        "Landing_success_rate": 0.9312
    },
    {
        "model": 0,
        "sequence": 17,
        "status": 1,
        "fuel": 5519,
        "fault": 0.0537,
        "weapon": 0,
        "pilot_injury": 0.0509,
        "pilot_skill": 0.005,
        "mission_priority": 0.8164,
        "estimated_landing_time": 1604.0,
        "wait_time": 0,
        "Landing_success_rate": 0.8513
    },
    {
        "model": 0,
        "sequence": 11,
        "status": 1,
        "fuel": 6473,
        "fault": 0.514,
        "weapon": 1,
        "pilot_injury": 0.2167,
        "pilot_skill": 0.8612,
        "mission_priority": 0.0686,
        "estimated_landing_time": 1040.0,
        "wait_time": 0,
        "Landing_success_rate": 0.8855
    },
    {
        "model": 1,
        "sequence": 14,
        "status": 1,
        "fuel": 5662,
        "fault": 0.4796,
        "weapon": 1,
        "pilot_injury": 0.2312,
        "pilot_skill": 0.133,
        "mission_priority": 0.8571,
        "estimated_landing_time": 1322.0,
        "wait_time": 0,
        "Landing_success_rate": 0.8563
    },
    {
        "model": 2,
        "sequence": 12,
        "status": 1,
        "fuel": 5824,
        "fault": 0.6268,
        "weapon": 0,
        "pilot_injury": 0.3234,
        "pilot_skill": 0.6353,
        "mission_priority": 0.7107,
        "estimated_landing_time": 1134.0,
        "wait_time": 0,
        "Landing_success_rate": 0.8591
    },
    {
        "model": 0,
        "sequence": 26,
        "status": 1,
        "fuel": 6877,
        "fault": 0.3908,
        "weapon": 1,
        "pilot_injury": 0.3934,
        "pilot_skill": 0.3588,
        "mission_priority": 0.8469,
        "estimated_landing_time": 2450.0,
        "wait_time": 0,
        "Landing_success_rate": 0.9129
    },
    {
        "model": 2,
        "sequence": 7,
        "status": 1,
        "fuel": 6983,
        "fault": 0.3304,
        "weapon": 0,
        "pilot_injury": 0.964,
        "pilot_skill": 0.3001,
        "mission_priority": 0.5297,
        "estimated_landing_time": 664.0,
        "wait_time": 0,
        "Landing_success_rate": 0.9245
    },
    {
        "model": 1,
        "sequence": 1,
        "status": 1,
        "fuel": 6068,
        "fault": 0.2676,
        "weapon": 1,
        "pilot_injury": 0.0533,
        "pilot_skill": 0.8678,
        "mission_priority": 0.5355,
        "estimated_landing_time": 100.0,
        "wait_time": 0,
        "Landing_success_rate": 0.8812
    },
    {
        "model": 2,
        "sequence": 13,
        "status": 1,
        "fuel": 6080,
        "fault": 0.5208,
        "weapon": 1,
        "pilot_injury": 0.755,
        "pilot_skill": 0.1455,
        "mission_priority": 0.614,
        "estimated_landing_time": 1228.0,
        "wait_time": 0,
        "Landing_success_rate": 0.8708
    },
    {
        "model": 2,
        "sequence": 10,
        "status": 1,
        "fuel": 7327,
        "fault": 0.3865,
        "weapon": 1,
        "pilot_injury": 0.5196,
        "pilot_skill": 0.9429,
        "mission_priority": 0.3533,
        "estimated_landing_time": 946.0,
        "wait_time": 0,
        "Landing_success_rate": 0.9341
    },
    {
        "model": 2,
        "sequence": 20,
        "status": 1,
        "fuel": 5829,
        "fault": 0.7069,
        "weapon": 0,
        "pilot_injury": 0.5843,
        "pilot_skill": 0.3537,
        "mission_priority": 0.3759,
        "estimated_landing_time": 1886.0,
        "wait_time": 0,
        "Landing_success_rate": 0.8572
    },
    {
        "model": 2,
        "sequence": 27,
        "status": 1,
        "fuel": 6687,
        "fault": 0.3517,
        "weapon": 1,
        "pilot_injury": 0.4016,
        "pilot_skill": 0.6361,
        "mission_priority": 0.7332,
        "estimated_landing_time": 2544.0,
        "wait_time": 0,
        "Landing_success_rate": 0.9077
    },
    {
        "model": 2,
        "sequence": 16,
        "status": 1,
        "fuel": 7247,
        "fault": 0.7656,
        "weapon": 0,
        "pilot_injury": 0.0945,
        "pilot_skill": 0.2319,
        "mission_priority": 0.427,
        "estimated_landing_time": 1510.0,
        "wait_time": 0,
        "Landing_success_rate": 0.8807
    },
    {
        "model": 1,
        "sequence": 25,
        "status": 1,
        "fuel": 7165,
        "fault": 0.3511,
        "weapon": 1,
        "pilot_injury": 0.0469,
        "pilot_skill": 0.7051,
        "mission_priority": 0.7377,
        "estimated_landing_time": 2356.0,
        "wait_time": 0,
        "Landing_success_rate": 0.931
    }
]