[
    {
        "model": 2,
        "sequence": 20,
        "status": 1,
        "fuel": 6699,
        "fault": 0.7357,
        "weapon": 1,
        "pilot_injury": 0.7794,
        "pilot_skill": 0.7259,
        "mission_priority": 0.9519,
        "estimated_landing_time": 1886.0,
        "wait_time": 0,
        "Landing_success_rate": 0.8738
    },
    {
        "model": 1,
        "sequence": 3,
        "status": 1,
        "fuel": 7464,
        "fault": 0.2329,
        "weapon": 1,
        "pilot_injury": 0.2617,
        "pilot_skill": 0.9248,
        "mission_priority": 0.1795,
        "estimated_landing_time": 288.0,
        "wait_time": 0,
        "Landing_success_rate": 0.963
    },
    {
        "model": 0,
        "sequence": 15,
        "status": 1,
        "fuel": 7014,
        "fault": 0.2668,
        "weapon": 1,
        "pilot_injury": 0.1302,
        "pilot_skill": 0.8267,
        "mission_priority": 0.0025,
        "estimated_landing_time": 1416.0,
        "wait_time": 0,
        "Landing_success_rate": 0.9333
    },
    {
        "model": 2,
        "sequence": 7,
        "status": 1,
        "fuel": 6905,
        "fault": 0.4945,
        "weapon": 0,
        "pilot_injury": 0.8847,
        "pilot_skill": 0.6915,
        "mission_priority": 0.6662,
        "estimated_landing_time": 664.0,
        "wait_time": 0,
        "Landing_success_rate": 0.9033
    },
    {
        "model": 0,
        "sequence": 29,
        "status": 1,
        "fuel": 6817,
        "fault": 0.7619,
        "weapon": 0,
        "pilot_injury": 0.8301,
        "pilot_skill": 0.1709,
        "mission_priority": 0.3723,
        "estimated_landing_time": 2732.0,
        "wait_time": 0,
        "Landing_success_rate": 0.8735
    },
    {
        "model": 1,
        "sequence": 26,
        "status": 1,
        "fuel": 5556,
        "fault": 0.8832,
        "weapon": 0,
        "pilot_injury": 0.1987,
        "pilot_skill": 0.1406,
        "mission_priority": 0.1232,
        "estimated_landing_time": 2450.0,
        "wait_time": 0,
        "Landing_success_rate": 0.8505
    },
    {
        "model": 2,
        "sequence": 4,
        "status": 1,
        "fuel": 6960,
        "fault": 0.1009,
        "weapon": 1,
        "pilot_injury": 0.977,
        "pilot_skill": 0.1985,
        "mission_priority": 0.1103,
        "estimated_landing_time": 382.0,
        "wait_time": 0,
        "Landing_success_rate": 0.9485
    },
    {
        "model": 2,
        "sequence": 30,
        "status": 1,
        "fuel": 6022,
        "fault": 0.6245,
        "weapon": 0,
        "pilot_injury": 0.6025,
        "pilot_skill": 0.8506,
        "mission_priority": 0.0479,
        "estimated_landing_time": 2826.0,
        "wait_time": 0,
        "Landing_success_rate": 0.8647
    },
    {
        "model": 0,
        "sequence": 22,
        "status": 1,
        "fuel": 5586,
        "fault": 0.7984,
        "weapon": 1,
        "pilot_injury": 0.1595,
        "pilot_skill": 0.1761,
        "mission_priority": 0.9188,
        "estimated_landing_time": 2074.0,
        "wait_time": 0,
        "Landing_success_rate": 0.8513
    },
    {
        "model": 2,
        "sequence": 25,
        "status": 1,
        "fuel": 5655,
        "fault": 0.7292,
        "weapon": 0,
        "pilot_injury": 0.5442,
        "pilot_skill": 0.0391,
        "mission_priority": 0.4645,
        "estimated_landing_time": 2356.0,
        "wait_time": 0,
        "Landing_success_rate": 0.8531
    },
    {
        "model": 0,
        "sequence": 11,
        "status": 1,
        "fuel": 7292,
        "fault": 0.5877,
        "weapon": 1,
        "pilot_injury": 0.4888,
        "pilot_skill": 0.86,
        "mission_priority": 0.1204,
        "estimated_landing_time": 1040.0,
        "wait_time": 0,
        "Landing_success_rate": 0.9054
    },
    {
        "model": 0,
        "sequence": 18,
        "status": 1,
        "fuel": 6911,
        "fault": 0.8003,
        "weapon": 0,
        "pilot_injury": 0.7083,
        "pilot_skill": 0.8179,
        "mission_priority": 0.5438,
        "estimated_landing_time": 1698.0,
        "wait_time": 0,
        "Landing_success_rate": 0.8711
    },
    {
        "model": 1,
        "sequence": 6,
        "status": 1,
        "fuel": 6004,
        "fault": 0.2644,
        "weapon": 0,
        "pilot_injury": 0.3554,
        "pilot_skill": 0.5689,
        "mission_priority": 0.2575,
        "estimated_landing_time": 570.0,
        "wait_time": 0,
        "Landing_success_rate": 0.8778
    },
    {
        "model": 0,
        "sequence": 21,
        "status": 1,
        "fuel": 6186,
        "fault": 0.996,
        "weapon": 1,
        "pilot_injury": 0.1229,
        "pilot_skill": 0.3219,
        "mission_priority": 0.852,
        "estimated_landing_time": 1980.0,
        "wait_time": 0,
        "Landing_success_rate": 0.8502
    },
    {
        "model": 2,
        "sequence": 12,
        "status": 1,
        "fuel": 6122,
        "fault": 0.2201,
        "weapon": 1,
        "pilot_injury": 0.1752,
        "pilot_skill": 0.4244,
        "mission_priority": 0.1149,
        "estimated_landing_time": 1134.0,
        "wait_time": 0,
        "Landing_success_rate": 0.8864
    },
    {
        "model": 0,
        "sequence": 1,
        "status": 1,
        "fuel": 6398,
        "fault": 0.1781,
        "weapon": 0,
        "pilot_injury": 0.6075,
        "pilot_skill": 0.2134,
        "mission_priority": 0.4744,
        "estimated_landing_time": 100.0,
        "wait_time": 0,
        "Landing_success_rate": 0.9054
    },
    {
        "model": 2,
        "sequence": 23,
        "status": 1,
        "fuel": 6018,
        "fault": 0.3002,
        "weapon": 1,
        "pilot_injury": 0.0192,
        "pilot_skill": 0.652,
        "mission_priority": 0.0535,
        "estimated_landing_time": 2168.0,
        "wait_time": 0,
        "Landing_success_rate": 0.8772
    },
    {
        "model": 0,
        "sequence": 16,
        "status": 1,
        "fuel": 6798,
        "fault": 0.397,
        "weapon": 0,
        "pilot_injury": 0.4704,
        "pilot_skill": 0.43,
        "mission_priority": 0.5731,
        "estimated_landing_time": 1510.0,
        "wait_time": 0,
        "Landing_success_rate": 0.9087
    },
    {
        "model": 1,
        "sequence": 17,
        "status": 1,
        "fuel": 5923,
        "fault": 0.9979,
        "weapon": 0,
        "pilot_injury": 0.6256,
        "pilot_skill": 0.184,
        "mission_priority": 0.5626,
        "estimated_landing_time": 1604.0,
        "wait_time": 0,
        "Landing_success_rate": 0.8501
    },
    {
        "model": 1,
        "sequence": 10,
        "status": 1,
        "fuel": 5799,
        "fault": 0.4541,
        "weapon": 0,
        "pilot_injury": 0.6305,
        "pilot_skill": 0.6485,
        "mission_priority": 0.5837,
        "estimated_landing_time": 946.0,
        "wait_time": 0,
        "Landing_success_rate": 0.8622
    },
    {
        "model": 0,
        "sequence": 5,
        "status": 1,
        "fuel": 5831,
        "fault": 0.8154,
        "weapon": 1,
        "pilot_injury": 0.0565,
        "pilot_skill": 0.6092,
        "mission_priority": 0.554,
        "estimated_landing_time": 476.0,
        "wait_time": 0,
        "Landing_success_rate": 0.8546
    },
    {
        "model": 0,
        "sequence": 14,
        "status": 1,
        "fuel": 7499,
        "fault": 0.6562,
        "weapon": 0,
        "pilot_injury": 0.8504,
        "pilot_skill": 0.9807,
        "mission_priority": 0.9762,
        "estimated_landing_time": 1322.0,
        "wait_time": 0,
        "Landing_success_rate": 0.9015
    },
    {
        "model": 0,
        "sequence": 27,
        "status": 1,
        "fuel": 7103,
        "fault": 0.5343,
        "weapon": 0,
        "pilot_injury": 0.8673,
        "pilot_skill": 0.7276,
        "mission_priority": 0.0754,
        "estimated_landing_time": 2544.0,
        "wait_time": 0,
        "Landing_success_rate": 0.906
    },
    {
        "model": 1,
        "sequence": 2,
        "status": 1,
        "fuel": 5653,
        "fault": 0.5622,
        "weapon": 1,
        "pilot_injury": 0.4897,
        "pilot_skill": 0.8146,
        "mission_priority": 0.3129,
        "estimated_landing_time": 194.0,
        "wait_time": 0,
        "Landing_success_rate": 0.855
    },
    {
        "model": 0,
        "sequence": 13,
        "status": 1,
        "fuel": 5906,
        "fault": 0.5236,
        "weapon": 0,
        "pilot_injury": 0.9153,
        "pilot_skill": 0.0878,
        "mission_priority": 0.8615,
        "estimated_landing_time": 1228.0,
        "wait_time": 0,
        "Landing_success_rate": 0.8645
    },
    {
        "model": 0,
        "sequence": 24,
        "status": 1,
        "fuel": 5960,
        "fault": 0.2084,
        "weapon": 0,
        "pilot_injury": 0.3552,
        "pilot_skill": 0.0465,
        "mission_priority": 0.0157,
        "estimated_landing_time": 2262.0,
        "wait_time": 0,
        "Landing_success_rate": 0.8773
    },
    {
        "model": 2,
        "sequence": 19,
        "status": 1,
        "fuel": 6206,
        "fault": 0.5218,
        "weapon": 0,
        "pilot_injury": 0.194,
        "pilot_skill": 0.8468,
        "mission_priority": 0.571,
        "estimated_landing_time": 1792.0,
        "wait_time": 0,
        "Landing_success_rate": 0.8753
    },
    {
        "model": 1,
        "sequence": 8,
        "status": 1,
        "fuel": 6592,
        "fault": 0.117,
        "weapon": 0,
        "pilot_injury": 0.8287,
        "pilot_skill": 0.868,
        "mission_priority": 0.5233,
        "estimated_landing_time": 758.0,
        "wait_time": 0,
        "Landing_success_rate": 0.9223
    },
    {
        "model": 1,
        "sequence": 9,
        "status": 1,
        "fuel": 6229,
        "fault": 0.8103,
        "weapon": 1,
        "pilot_injury": 0.7313,
        "pilot_skill": 0.7341,
        "mission_priority": 0.1054,
        "estimated_landing_time": 852.0,
        "wait_time": 0,
        "Landing_success_rate": 0.8604
    },
    {
        "model": 0,
        "sequence": 28,
        "status": 1,
        "fuel": 6185,
        "fault": 0.64,
        "weapon": 0,
        "pilot_injury": 0.0087,
        "pilot_skill": 0.1583,
        "mission_priority": 0.8805,
        "estimated_landing_time": 2638.0,
        "wait_time": 0,
        "Landing_success_rate": 0.8685
    }
]