[
    {
        "model": 1,
        "sequence": 17,
        "status": 1,
        "fuel": 6813,
        "fault": 0.9769,
        "weapon": 1,
        "pilot_injury": 0.8511,
        "pilot_skill": 0.0715,
        "mission_priority": 0.0321,
        "estimated_landing_time": 1604.0,
        "wait_time": 0,
        "Landing_success_rate": 0.8523
    },
    {
        "model": 0,
        "sequence": 15,
        "status": 1,
        "fuel": 5733,
        "fault": 0.0172,
        "weapon": 1,
        "pilot_injury": 0.0609,
        "pilot_skill": 0.6413,
        "mission_priority": 0.4372,
        "estimated_landing_time": 1416.0,
        "wait_time": 0,
        "Landing_success_rate": 0.8672
    },
    {
        "model": 1,
        "sequence": 28,
        "status": 1,
        "fuel": 6911,
        "fault": 0.5121,
        "weapon": 1,
        "pilot_injury": 0.4378,
        "pilot_skill": 0.3902,
        "mission_priority": 0.3836,
        "estimated_landing_time": 2638.0,
        "wait_time": 0,
        "Landing_success_rate": 0.9016
    },
    {
        "model": 2,
        "sequence": 4,
        "status": 1,
        "fuel": 5980,
        "fault": 0.7492,
        "weapon": 1,
        "pilot_injury": 0.2607,
        "pilot_skill": 0.6673,
        "mission_priority": 0.0729,
        "estimated_landing_time": 382.0,
        "wait_time": 0,
        "Landing_success_rate": 0.859
    },
    {
        "model": 2,
        "sequence": 16,
        "status": 1,
        "fuel": 6444,
        "fault": 0.8627,
        "weapon": 1,
        "pilot_injury": 0.9632,
        "pilot_skill": 0.8438,
        "mission_priority": 0.9166,
        "estimated_landing_time": 1510.0,
        "wait_time": 0,
        "Landing_success_rate": 0.8597
    },
    {
        "model": 0,
        "sequence": 6,
        "status": 1,
        "fuel": 7274,
        "fault": 0.8559,
        "weapon": 1,
        "pilot_injury": 0.8608,
        "pilot_skill": 0.5652,
        "mission_priority": 0.3577,
        "estimated_landing_time": 570.0,
        "wait_time": 0,
        "Landing_success_rate": 0.8692
    },
    {
        "model": 0,
        "sequence": 8,
        "status": 1,
        "fuel": 7087,
        "fault": 0.3621,
        "weapon": 0,
        "pilot_injury": 0.8094,
        "pilot_skill": 0.1337,
        "mission_priority": 0.0393,
        "estimated_landing_time": 758.0,
        "wait_time": 0,
        "Landing_success_rate": 0.9259
    },
    {
        "model": 2,
        "sequence": 11,
        "status": 1,
        "fuel": 6380,
        "fault": 0.1027,
        "weapon": 0,
        "pilot_injury": 0.8213,
        "pilot_skill": 0.9767,
        "mission_priority": 0.2514,
        "estimated_landing_time": 1040.0,
        "wait_time": 0,
        "Landing_success_rate": 0.9092
    },
    {
        "model": 2,
        "sequence": 27,
        "status": 1,
        "fuel": 7154,
        "fault": 0.4998,
        "weapon": 0,
        "pilot_injury": 0.878,
        "pilot_skill": 0.014,
        "mission_priority": 0.0105,
        "estimated_landing_time": 2544.0,
        "wait_time": 0,
        "Landing_success_rate": 0.912
    },
    {
        "model": 0,
        "sequence": 26,
        "status": 1,
        "fuel": 5522,
        "fault": 0.3125,
        "weapon": 1,
        "pilot_injury": 0.3023,
        "pilot_skill": 0.8249,
        "mission_priority": 0.6897,
        "estimated_landing_time": 2450.0,
        "wait_time": 0,
        "Landing_success_rate": 0.8511
    },
    {
        "model": 1,
        "sequence": 19,
        "status": 1,
        "fuel": 6693,
        "fault": 0.2293,
        "weapon": 1,
        "pilot_injury": 0.5958,
        "pilot_skill": 0.5155,
        "mission_priority": 0.4747,
        "estimated_landing_time": 1792.0,
        "wait_time": 0,
        "Landing_success_rate": 0.919
    },
    {
        "model": 1,
        "sequence": 20,
        "status": 1,
        "fuel": 5974,
        "fault": 0.245,
        "weapon": 1,
        "pilot_injury": 0.524,
        "pilot_skill": 0.0786,
        "mission_priority": 0.0005,
        "estimated_landing_time": 1886.0,
        "wait_time": 0,
        "Landing_success_rate": 0.8768
    },
    {
        "model": 0,
        "sequence": 7,
        "status": 1,
        "fuel": 5770,
        "fault": 0.5725,
        "weapon": 1,
        "pilot_injury": 0.371,
        "pilot_skill": 0.3057,
        "mission_priority": 0.1566,
        "estimated_landing_time": 664.0,
        "wait_time": 0,
        "Landing_success_rate": 0.8587
    },
    {
        "model": 0,
        "sequence": 14,
        "status": 1,
        "fuel": 6591,
        "fault": 0.1841,
        "weapon": 1,
        "pilot_injury": 0.1607,
        "pilot_skill": 0.2506,
        "mission_priority": 0.4621,
        "estimated_landing_time": 1322.0,
        "wait_time": 0,
        "Landing_success_rate": 0.9168
    },
    {
        "model": 0,
        "sequence": 12,
        "status": 1,
        "fuel": 6431,
        "fault": 0.8606,
        "weapon": 0,
        "pilot_injury": 0.5212,
        "pilot_skill": 0.7373,
        "mission_priority": 0.8459,
        "estimated_landing_time": 1134.0,
        "wait_time": 0,
        "Landing_success_rate": 0.8597
    },
    {
        "model": 2,
        "sequence": 5,
        "status": 1,
        "fuel": 6420,
        "fault": 0.6607,
        "weapon": 1,
        "pilot_injury": 0.995,
        "pilot_skill": 0.7305,
        "mission_priority": 0.6573,
        "estimated_landing_time": 476.0,
        "wait_time": 0,
        "Landing_success_rate": 0.8734
    },
    {
        "model": 1,
        "sequence": 22,
        "status": 1,
        "fuel": 6748,
        "fault": 0.7138,
        "weapon": 0,
        "pilot_injury": 0.9479,
        "pilot_skill": 0.1785,
        "mission_priority": 0.4934,
        "estimated_landing_time": 2074.0,
        "wait_time": 0,
        "Landing_success_rate": 0.8768
    },
    {
        "model": 0,
        "sequence": 21,
        "status": 1,
        "fuel": 6377,
        "fault": 0.913,
        "weapon": 1,
        "pilot_injury": 0.2327,
        "pilot_skill": 0.1027,
        "mission_priority": 0.5972,
        "estimated_landing_time": 1980.0,
        "wait_time": 0,
        "Landing_success_rate": 0.8557
    },
    {
        "model": 1,
        "sequence": 9,
        "status": 1,
        "fuel": 6655,
        "fault": 0.1868,
        "weapon": 1,
        "pilot_injury": 0.6736,
        "pilot_skill": 0.8996,
        "mission_priority": 0.2436,
        "estimated_landing_time": 852.0,
        "wait_time": 0,
        "Landing_success_rate": 0.9204
    },
    {
        "model": 2,
        "sequence": 13,
        "status": 1,
        "fuel": 6153,
        "fault": 0.8106,
        "weapon": 0,
        "pilot_injury": 0.9164,
        "pilot_skill": 0.2149,
        "mission_priority": 0.7214,
        "estimated_landing_time": 1228.0,
        "wait_time": 0,
        "Landing_success_rate": 0.8593
    },
    {
        "model": 2,
        "sequence": 23,
        "status": 1,
        "fuel": 7416,
        "fault": 0.7619,
        "weapon": 1,
        "pilot_injury": 0.8237,
        "pilot_skill": 0.4704,
        "mission_priority": 0.7003,
        "estimated_landing_time": 2168.0,
        "wait_time": 0,
        "Landing_success_rate": 0.8842
    },
    {
        "model": 0,
        "sequence": 30,
        "status": 1,
        "fuel": 6500,
        "fault": 0.4184,
        "weapon": 1,
        "pilot_injury": 0.2643,
        "pilot_skill": 0.3648,
        "mission_priority": 0.3915,
        "estimated_landing_time": 2826.0,
        "wait_time": 0,
        "Landing_success_rate": 0.8936
    },
    {
        "model": 0,
        "sequence": 2,
        "status": 1,
        "fuel": 6458,
        "fault": 0.3443,
        "weapon": 1,
        "pilot_injury": 0.1135,
        "pilot_skill": 0.5631,
        "mission_priority": 0.8142,
        "estimated_landing_time": 194.0,
        "wait_time": 0,
        "Landing_success_rate": 0.8971
    },
    {
        "model": 0,
        "sequence": 24,
        "status": 1,
        "fuel": 7468,
        "fault": 0.6066,
        "weapon": 0,
        "pilot_injury": 0.7814,
        "pilot_skill": 0.4992,
        "mission_priority": 0.163,
        "estimated_landing_time": 2262.0,
        "wait_time": 0,
        "Landing_success_rate": 0.9081
    },
    {
        "model": 0,
        "sequence": 10,
        "status": 1,
        "fuel": 6425,
        "fault": 0.8374,
        "weapon": 0,
        "pilot_injury": 0.6588,
        "pilot_skill": 0.5481,
        "mission_priority": 0.272,
        "estimated_landing_time": 946.0,
        "wait_time": 0,
        "Landing_success_rate": 0.8613
    },
    {
        "model": 1,
        "sequence": 3,
        "status": 1,
        "fuel": 6589,
        "fault": 0.359,
        "weapon": 1,
        "pilot_injury": 0.2249,
        "pilot_skill": 0.9455,
        "mission_priority": 0.3149,
        "estimated_landing_time": 288.0,
        "wait_time": 0,
        "Landing_success_rate": 0.9024
    },
    {
        "model": 0,
        "sequence": 1,
        "status": 1,
        "fuel": 5704,
        "fault": 0.904,
        "weapon": 1,
        "pilot_injury": 0.1427,
        "pilot_skill": 0.5846,
        "mission_priority": 0.7837,
        "estimated_landing_time": 100.0,
        "wait_time": 0,
        "Landing_success_rate": 0.8515
    },
    {
        "model": 1,
        "sequence": 29,
        "status": 1,
        "fuel": 5557,
        "fault": 0.1039,
        "weapon": 0,
        "pilot_injury": 0.7696,
        "pilot_skill": 0.4861,
        "mission_priority": 0.1187,
        "estimated_landing_time": 2732.0,
        "wait_time": 0,
        "Landing_success_rate": 0.8538
    },
    {
        "model": 2,
        "sequence": 25,
        "status": 1,
        "fuel": 5823,
        "fault": 0.8682,
        "weapon": 1,
        "pilot_injury": 0.5171,
        "pilot_skill": 0.8854,
        "mission_priority": 0.4214,
        "estimated_landing_time": 2356.0,
        "wait_time": 0,
        "Landing_success_rate": 0.8532
    },
    {
        "model": 2,
        "sequence": 18,
        "status": 1,
        "fuel": 6689,
        "fault": 0.5459,
        "weapon": 1,
        "pilot_injury": 0.393,
        "pilot_skill": 0.7724,
        "mission_priority": 0.2561,
        "estimated_landing_time": 1698.0,
        "wait_time": 0,
        "Landing_success_rate": 0.8905
    }
]