[
    {
        "model": 1,
        "sequence": 6,
        "status": 1,
        "fuel": 6193,
        "fault": 0.1136,
        "weapon": 1,
        "pilot_injury": 0.6886,
        "pilot_skill": 0.8504,
        "mission_priority": 0.4093,
        "estimated_landing_time": 570.0,
        "wait_time": 0,
        "Landing_success_rate": 0.8961
    },
    {
        "model": 0,
        "sequence": 27,
        "status": 1,
        "fuel": 7446,
        "fault": 0.7713,
        "weapon": 0,
        "pilot_injury": 0.4167,
        "pilot_skill": 0.3785,
        "mission_priority": 0.9303,
        "estimated_landing_time": 2544.0,
        "wait_time": 0,
        "Landing_success_rate": 0.8834
    },
    {
        "model": 2,
        "sequence": 21,
        "status": 1,
        "fuel": 5769,
        "fault": 0.2486,
        "weapon": 0,
        "pilot_injury": 0.1872,
        "pilot_skill": 0.5213,
        "mission_priority": 0.8574,
        "estimated_landing_time": 1980.0,
        "wait_time": 0,
        "Landing_success_rate": 0.8652
    },
    {
        "model": 0,
        "sequence": 1,
        "status": 1,
        "fuel": 7468,
        "fault": 0.7973,
        "weapon": 1,
        "pilot_injury": 0.9113,
        "pilot_skill": 0.073,
        "mission_priority": 0.7564,
        "estimated_landing_time": 100.0,
        "wait_time": 0,
        "Landing_success_rate": 0.8799
    },
    {
        "model": 0,
        "sequence": 16,
        "status": 1,
        "fuel": 6084,
        "fault": 0.1753,
        "weapon": 1,
        "pilot_injury": 0.7075,
        "pilot_skill": 0.0211,
        "mission_priority": 0.6084,
        "estimated_landing_time": 1510.0,
        "wait_time": 0,
        "Landing_success_rate": 0.8861
    },
    {
        "model": 2,
        "sequence": 17,
        "status": 1,
        "fuel": 6882,
        "fault": 0.9087,
        "weapon": 0,
        "pilot_injury": 0.9223,
        "pilot_skill": 0.566,
        "mission_priority": 0.8434,
        "estimated_landing_time": 1604.0,
        "wait_time": 0,
        "Landing_success_rate": 0.8595
    },
    {
        "model": 1,
        "sequence": 11,
        "status": 1,
        "fuel": 6405,
        "fault": 0.3393,
        "weapon": 1,
        "pilot_injury": 0.1202,
        "pilot_skill": 0.4888,
        "mission_priority": 0.3303,
        "estimated_landing_time": 1040.0,
        "wait_time": 0,
        "Landing_success_rate": 0.8948
    },
    {
        "model": 0,
        "sequence": 25,
        "status": 1,
        "fuel": 5601,
        "fault": 0.2989,
        "weapon": 0,
        "pilot_injury": 0.6194,
        "pilot_skill": 0.2132,
        "mission_priority": 0.9309,
        "estimated_landing_time": 2356.0,
        "wait_time": 0,
        "Landing_success_rate": 0.8553
    },
    {
        "model": 0,
        "sequence": 5,
        "status": 1,
        "fuel": 5658,
        "fault": 0.633,
        "weapon": 0,
        "pilot_injury": 0.8905,
        "pilot_skill": 0.9898,
        "mission_priority": 0.5061,
        "estimated_landing_time": 476.0,
        "wait_time": 0,
        "Landing_success_rate": 0.8543
    },
    {
        "model": 2,
        "sequence": 19,
        "status": 1,
        "fuel": 6230,
        "fault": 0.1832,
        "weapon": 1,
        "pilot_injury": 0.4865,
        "pilot_skill": 0.5377,
        "mission_priority": 0.4843,
        "estimated_landing_time": 1792.0,
        "wait_time": 0,
        "Landing_success_rate": 0.8947
    },
    {
        "model": 0,
        "sequence": 2,
        "status": 1,
        "fuel": 7481,
        "fault": 0.5287,
        "weapon": 1,
        "pilot_injury": 0.2497,
        "pilot_skill": 0.6164,
        "mission_priority": 0.713,
        "estimated_landing_time": 194.0,
        "wait_time": 0,
        "Landing_success_rate": 0.92
    },
    {
        "model": 0,
        "sequence": 29,
        "status": 1,
        "fuel": 5639,
        "fault": 0.8273,
        "weapon": 1,
        "pilot_injury": 0.8606,
        "pilot_skill": 0.9453,
        "mission_priority": 0.6487,
        "estimated_landing_time": 2732.0,
        "wait_time": 0,
        "Landing_success_rate": 0.8518
    },
    {
        "model": 0,
        "sequence": 23,
        "status": 1,
        "fuel": 6060,
        "fault": 0.6276,
        "weapon": 1,
        "pilot_injury": 0.9521,
        "pilot_skill": 0.6709,
        "mission_priority": 0.3102,
        "estimated_landing_time": 2168.0,
        "wait_time": 0,
        "Landing_success_rate": 0.8656
    },
    {
        "model": 2,
        "sequence": 10,
        "status": 1,
        "fuel": 6512,
        "fault": 0.544,
        "weapon": 1,
        "pilot_injury": 0.2341,
        "pilot_skill": 0.7539,
        "mission_priority": 0.2247,
        "estimated_landing_time": 946.0,
        "wait_time": 0,
        "Landing_success_rate": 0.8846
    },
    {
        "model": 0,
        "sequence": 9,
        "status": 1,
        "fuel": 7343,
        "fault": 0.3113,
        "weapon": 0,
        "pilot_injury": 0.8597,
        "pilot_skill": 0.7339,
        "mission_priority": 0.7988,
        "estimated_landing_time": 852.0,
        "wait_time": 0,
        "Landing_success_rate": 0.9452
    },
    {
        "model": 2,
        "sequence": 24,
        "status": 1,
        "fuel": 7040,
        "fault": 0.216,
        "weapon": 0,
        "pilot_injury": 0.8463,
        "pilot_skill": 0.2319,
        "mission_priority": 0.8147,
        "estimated_landing_time": 2262.0,
        "wait_time": 0,
        "Landing_success_rate": 0.9406
    },
    {
        "model": 1,
        "sequence": 20,
        "status": 1,
        "fuel": 7122,
        "fault": 0.7459,
        "weapon": 1,
        "pilot_injury": 0.33,
        "pilot_skill": 0.1718,
        "mission_priority": 0.1482,
        "estimated_landing_time": 1886.0,
        "wait_time": 0,
        "Landing_success_rate": 0.8809
    },
    {
        "model": 0,
        "sequence": 7,
        "status": 1,
        "fuel": 6122,
        "fault": 0.4749,
        "weapon": 1,
        "pilot_injury": 0.5221,
        "pilot_skill": 0.9138,
        "mission_priority": 0.381,
        "estimated_landing_time": 664.0,
        "wait_time": 0,
        "Landing_success_rate": 0.8745
    },
    {
        "model": 2,
        "sequence": 28,
        "status": 1,
        "fuel": 6433,
        "fault": 0.3656,
        "weapon": 0,
        "pilot_injury": 0.1347,
        "pilot_skill": 0.8923,
        "mission_priority": 0.4094,
        "estimated_landing_time": 2638.0,
        "wait_time": 0,
        "Landing_success_rate": 0.8944
    },
    {
        "model": 2,
        "sequence": 12,
        "status": 1,
        "fuel": 7352,
        "fault": 0.2883,
        "weapon": 0,
        "pilot_injury": 0.1455,
        "pilot_skill": 0.7988,
        "mission_priority": 0.4297,
        "estimated_landing_time": 1134.0,
        "wait_time": 0,
        "Landing_success_rate": 0.9489
    },
    {
        "model": 0,
        "sequence": 15,
        "status": 1,
        "fuel": 6855,
        "fault": 0.4444,
        "weapon": 1,
        "pilot_injury": 0.8457,
        "pilot_skill": 0.98,
        "mission_priority": 0.2812,
        "estimated_landing_time": 1416.0,
        "wait_time": 0,
        "Landing_success_rate": 0.9065
    },
    {
        "model": 2,
        "sequence": 4,
        "status": 1,
        "fuel": 6894,
        "fault": 0.8022,
        "weapon": 1,
        "pilot_injury": 0.6798,
        "pilot_skill": 0.7452,
        "mission_priority": 0.4774,
        "estimated_landing_time": 382.0,
        "wait_time": 0,
        "Landing_success_rate": 0.8707
    },
    {
        "model": 1,
        "sequence": 8,
        "status": 1,
        "fuel": 6018,
        "fault": 0.9989,
        "weapon": 1,
        "pilot_injury": 0.8975,
        "pilot_skill": 0.9313,
        "mission_priority": 0.7461,
        "estimated_landing_time": 758.0,
        "wait_time": 0,
        "Landing_success_rate": 0.85
    },
    {
        "model": 1,
        "sequence": 13,
        "status": 1,
        "fuel": 7108,
        "fault": 0.3894,
        "weapon": 0,
        "pilot_injury": 0.8888,
        "pilot_skill": 0.3672,
        "mission_priority": 0.183,
        "estimated_landing_time": 1228.0,
        "wait_time": 0,
        "Landing_success_rate": 0.9236
    },
    {
        "model": 1,
        "sequence": 30,
        "status": 1,
        "fuel": 7106,
        "fault": 0.0231,
        "weapon": 1,
        "pilot_injury": 0.1009,
        "pilot_skill": 0.967,
        "mission_priority": 0.5331,
        "estimated_landing_time": 2826.0,
        "wait_time": 0,
        "Landing_success_rate": 0.9677
    },
    {
        "model": 1,
        "sequence": 14,
        "status": 1,
        "fuel": 6052,
        "fault": 0.0102,
        "weapon": 0,
        "pilot_injury": 0.5333,
        "pilot_skill": 0.2661,
        "mission_priority": 0.8989,
        "estimated_landing_time": 1322.0,
        "wait_time": 0,
        "Landing_success_rate": 0.891
    },
    {
        "model": 2,
        "sequence": 3,
        "status": 1,
        "fuel": 7063,
        "fault": 0.2396,
        "weapon": 1,
        "pilot_injury": 0.0797,
        "pilot_skill": 0.7882,
        "mission_priority": 0.4902,
        "estimated_landing_time": 288.0,
        "wait_time": 0,
        "Landing_success_rate": 0.9391
    },
    {
        "model": 2,
        "sequence": 26,
        "status": 1,
        "fuel": 5804,
        "fault": 0.3311,
        "weapon": 0,
        "pilot_injury": 0.1937,
        "pilot_skill": 0.7518,
        "mission_priority": 0.4772,
        "estimated_landing_time": 2450.0,
        "wait_time": 0,
        "Landing_success_rate": 0.8653
    },
    {
        "model": 1,
        "sequence": 22,
        "status": 1,
        "fuel": 7041,
        "fault": 0.3231,
        "weapon": 0,
        "pilot_injury": 0.5041,
        "pilot_skill": 0.0196,
        "mission_priority": 0.4241,
        "estimated_landing_time": 2074.0,
        "wait_time": 0,
        "Landing_success_rate": 0.9282
    },
    {
        "model": 1,
        "sequence": 18,
        "status": 1,
        "fuel": 7197,
        "fault": 0.0429,
        "weapon": 1,
        "pilot_injury": 0.5981,
        "pilot_skill": 0.3266,
        "mission_priority": 0.1831,
        "estimated_landing_time": 1698.0,
        "wait_time": 0,
        "Landing_success_rate": 0.9718
    }
]