[
    {
        "model": 0,
        "sequence": 1,
        "status": 1,
        "fuel": 6795,
        "fault": 0.9656,
        "weapon": 0,
        "pilot_injury": 0.0665,
        "pilot_skill": 0.425,
        "mission_priority": 0.1259,
        "estimated_landing_time": 100.0,
        "wait_time": 0,
        "Landing_success_rate": 0.8533
    },
    {
        "model": 0,
        "sequence": 27,
        "status": 1,
        "fuel": 6150,
        "fault": 0.5708,
        "weapon": 0,
        "pilot_injury": 0.7301,
        "pilot_skill": 0.7191,
        "mission_priority": 0.0905,
        "estimated_landing_time": 2544.0,
        "wait_time": 0,
        "Landing_success_rate": 0.8709
    },
    {
        "model": 0,
        "sequence": 23,
        "status": 1,
        "fuel": 6132,
        "fault": 0.9124,
        "weapon": 1,
        "pilot_injury": 0.8523,
        "pilot_skill": 0.0126,
        "mission_priority": 0.2982,
        "estimated_landing_time": 2168.0,
        "wait_time": 0,
        "Landing_success_rate": 0.8542
    },
    {
        "model": 1,
        "sequence": 7,
        "status": 1,
        "fuel": 5936,
        "fault": 0.7128,
        "weapon": 1,
        "pilot_injury": 0.8885,
        "pilot_skill": 0.328,
        "mission_priority": 0.5253,
        "estimated_landing_time": 664.0,
        "wait_time": 0,
        "Landing_success_rate": 0.8594
    },
    {
        "model": 2,
        "sequence": 17,
        "status": 1,
        "fuel": 5959,
        "fault": 0.2429,
        "weapon": 1,
        "pilot_injury": 0.7252,
        "pilot_skill": 0.2288,
        "mission_priority": 0.1559,
        "estimated_landing_time": 1604.0,
        "wait_time": 0,
        "Landing_success_rate": 0.8761
    },
    {
        "model": 0,
        "sequence": 26,
        "status": 1,
        "fuel": 6750,
        "fault": 0.5782,
        "weapon": 1,
        "pilot_injury": 0.801,
        "pilot_skill": 0.354,
        "mission_priority": 0.5648,
        "estimated_landing_time": 2450.0,
        "wait_time": 0,
        "Landing_success_rate": 0.8895
    },
    {
        "model": 2,
        "sequence": 2,
        "status": 1,
        "fuel": 5625,
        "fault": 0.9786,
        "weapon": 0,
        "pilot_injury": 0.883,
        "pilot_skill": 0.9531,
        "mission_priority": 0.039,
        "estimated_landing_time": 194.0,
        "wait_time": 0,
        "Landing_success_rate": 0.8502
    },
    {
        "model": 1,
        "sequence": 3,
        "status": 1,
        "fuel": 6550,
        "fault": 0.091,
        "weapon": 1,
        "pilot_injury": 0.9723,
        "pilot_skill": 0.6084,
        "mission_priority": 0.5222,
        "estimated_landing_time": 288.0,
        "wait_time": 0,
        "Landing_success_rate": 0.9216
    },
    {
        "model": 1,
        "sequence": 12,
        "status": 1,
        "fuel": 5620,
        "fault": 0.8363,
        "weapon": 0,
        "pilot_injury": 0.4687,
        "pilot_skill": 0.6354,
        "mission_priority": 0.9329,
        "estimated_landing_time": 1134.0,
        "wait_time": 0,
        "Landing_success_rate": 0.8515
    },
    {
        "model": 0,
        "sequence": 13,
        "status": 1,
        "fuel": 5595,
        "fault": 0.0315,
        "weapon": 0,
        "pilot_injury": 0.8628,
        "pilot_skill": 0.5188,
        "mission_priority": 0.3475,
        "estimated_landing_time": 1228.0,
        "wait_time": 0,
        "Landing_success_rate": 0.8569
    },
    {
        "model": 2,
        "sequence": 30,
        "status": 1,
        "fuel": 6804,
        "fault": 0.1668,
        "weapon": 1,
        "pilot_injury": 0.0814,
        "pilot_skill": 0.3778,
        "mission_priority": 0.9941,
        "estimated_landing_time": 2826.0,
        "wait_time": 0,
        "Landing_success_rate": 0.9315
    },
    {
        "model": 1,
        "sequence": 16,
        "status": 1,
        "fuel": 7052,
        "fault": 0.976,
        "weapon": 1,
        "pilot_injury": 0.8412,
        "pilot_skill": 0.6487,
        "mission_priority": 0.5697,
        "estimated_landing_time": 1510.0,
        "wait_time": 0,
        "Landing_success_rate": 0.8528
    },
    {
        "model": 2,
        "sequence": 24,
        "status": 1,
        "fuel": 5828,
        "fault": 0.2833,
        "weapon": 1,
        "pilot_injury": 0.0914,
        "pilot_skill": 0.9624,
        "mission_priority": 0.4323,
        "estimated_landing_time": 2262.0,
        "wait_time": 0,
        "Landing_success_rate": 0.8676
    },
    {
        "model": 2,
        "sequence": 11,
        "status": 1,
        "fuel": 6236,
        "fault": 0.6483,
        "weapon": 1,
        "pilot_injury": 0.0547,
        "pilot_skill": 0.9527,
        "mission_priority": 0.7925,
        "estimated_landing_time": 1040.0,
        "wait_time": 0,
        "Landing_success_rate": 0.8694
    },
    {
        "model": 0,
        "sequence": 10,
        "status": 1,
        "fuel": 7450,
        "fault": 0.6453,
        "weapon": 1,
        "pilot_injury": 0.7369,
        "pilot_skill": 0.4723,
        "mission_priority": 0.6114,
        "estimated_landing_time": 946.0,
        "wait_time": 0,
        "Landing_success_rate": 0.9019
    },
    {
        "model": 1,
        "sequence": 21,
        "status": 1,
        "fuel": 5575,
        "fault": 0.9543,
        "weapon": 0,
        "pilot_injury": 0.0737,
        "pilot_skill": 0.5449,
        "mission_priority": 0.5527,
        "estimated_landing_time": 1980.0,
        "wait_time": 0,
        "Landing_success_rate": 0.8503
    },
    {
        "model": 1,
        "sequence": 6,
        "status": 1,
        "fuel": 5620,
        "fault": 0.0194,
        "weapon": 0,
        "pilot_injury": 0.2496,
        "pilot_skill": 0.8884,
        "mission_priority": 0.5732,
        "estimated_landing_time": 570.0,
        "wait_time": 0,
        "Landing_success_rate": 0.8588
    },
    {
        "model": 1,
        "sequence": 18,
        "status": 1,
        "fuel": 7402,
        "fault": 0.92,
        "weapon": 1,
        "pilot_injury": 0.8578,
        "pilot_skill": 0.931,
        "mission_priority": 0.775,
        "estimated_landing_time": 1698.0,
        "wait_time": 0,
        "Landing_success_rate": 0.8614
    },
    {
        "model": 2,
        "sequence": 14,
        "status": 1,
        "fuel": 7304,
        "fault": 0.8044,
        "weapon": 1,
        "pilot_injury": 0.8611,
        "pilot_skill": 0.4889,
        "mission_priority": 0.1639,
        "estimated_landing_time": 1322.0,
        "wait_time": 0,
        "Landing_success_rate": 0.8765
    },
    {
        "model": 1,
        "sequence": 25,
        "status": 1,
        "fuel": 6529,
        "fault": 0.8873,
        "weapon": 1,
        "pilot_injury": 0.2869,
        "pilot_skill": 0.0275,
        "mission_priority": 0.1998,
        "estimated_landing_time": 2356.0,
        "wait_time": 0,
        "Landing_success_rate": 0.8587
    },
    {
        "model": 1,
        "sequence": 5,
        "status": 1,
        "fuel": 6084,
        "fault": 0.1542,
        "weapon": 1,
        "pilot_injury": 0.194,
        "pilot_skill": 0.3914,
        "mission_priority": 0.9618,
        "estimated_landing_time": 476.0,
        "wait_time": 0,
        "Landing_success_rate": 0.887
    },
    {
        "model": 2,
        "sequence": 4,
        "status": 1,
        "fuel": 7169,
        "fault": 0.2767,
        "weapon": 0,
        "pilot_injury": 0.9516,
        "pilot_skill": 0.6456,
        "mission_priority": 0.4554,
        "estimated_landing_time": 382.0,
        "wait_time": 0,
        "Landing_success_rate": 0.9405
    },
    {
        "model": 1,
        "sequence": 28,
        "status": 1,
        "fuel": 6936,
        "fault": 0.7257,
        "weapon": 1,
        "pilot_injury": 0.233,
        "pilot_skill": 0.3866,
        "mission_priority": 0.5279,
        "estimated_landing_time": 2638.0,
        "wait_time": 0,
        "Landing_success_rate": 0.8795
    },
    {
        "model": 1,
        "sequence": 8,
        "status": 1,
        "fuel": 6751,
        "fault": 0.3369,
        "weapon": 1,
        "pilot_injury": 0.3588,
        "pilot_skill": 0.7168,
        "mission_priority": 0.5781,
        "estimated_landing_time": 758.0,
        "wait_time": 0,
        "Landing_success_rate": 0.9122
    },
    {
        "model": 2,
        "sequence": 29,
        "status": 1,
        "fuel": 5525,
        "fault": 0.8828,
        "weapon": 1,
        "pilot_injury": 0.9012,
        "pilot_skill": 0.8206,
        "mission_priority": 0.6377,
        "estimated_landing_time": 2732.0,
        "wait_time": 0,
        "Landing_success_rate": 0.8502
    },
    {
        "model": 1,
        "sequence": 9,
        "status": 1,
        "fuel": 6144,
        "fault": 0.6693,
        "weapon": 0,
        "pilot_injury": 0.9502,
        "pilot_skill": 0.1069,
        "mission_priority": 0.5632,
        "estimated_landing_time": 852.0,
        "wait_time": 0,
        "Landing_success_rate": 0.866
    },
    {
        "model": 0,
        "sequence": 15,
        "status": 1,
        "fuel": 6811,
        "fault": 0.9154,
        "weapon": 0,
        "pilot_injury": 0.6102,
        "pilot_skill": 0.9089,
        "mission_priority": 0.4576,
        "estimated_landing_time": 1416.0,
        "wait_time": 0,
        "Landing_success_rate": 0.8583
    },
    {
        "model": 2,
        "sequence": 22,
        "status": 1,
        "fuel": 5529,
        "fault": 0.7917,
        "weapon": 0,
        "pilot_injury": 0.1606,
        "pilot_skill": 0.19,
        "mission_priority": 0.7161,
        "estimated_landing_time": 2074.0,
        "wait_time": 0,
        "Landing_success_rate": 0.8505
    },
    {
        "model": 1,
        "sequence": 19,
        "status": 1,
        "fuel": 7197,
        "fault": 0.4396,
        "weapon": 0,
        "pilot_injury": 0.1482,
        "pilot_skill": 0.4332,
        "mission_priority": 0.7499,
        "estimated_landing_time": 1792.0,
        "wait_time": 0,
        "Landing_success_rate": 0.9213
    },
    {
        "model": 0,
        "sequence": 20,
        "status": 1,
        "fuel": 6406,
        "fault": 0.8056,
        "weapon": 1,
        "pilot_injury": 0.2519,
        "pilot_skill": 0.3675,
        "mission_priority": 0.0696,
        "estimated_landing_time": 1886.0,
        "wait_time": 0,
        "Landing_success_rate": 0.8632
    }
]