[
    {
        "model": 1,
        "sequence": 22,
        "status": 1,
        "fuel": 7331,
        "fault": 0.221,
        "weapon": 1,
        "pilot_injury": 0.8273,
        "pilot_skill": 0.5471,
        "mission_priority": 0.8379,
        "estimated_landing_time": 2074.0,
        "wait_time": 0,
        "Landing_success_rate": 0.957
    },
    {
        "model": 0,
        "sequence": 30,
        "status": 1,
        "fuel": 6453,
        "fault": 0.8178,
        "weapon": 0,
        "pilot_injury": 0.9819,
        "pilot_skill": 0.81,
        "mission_priority": 0.2707,
        "estimated_landing_time": 2826.0,
        "wait_time": 0,
        "Landing_success_rate": 0.863
    },
    {
        "model": 1,
        "sequence": 25,
        "status": 1,
        "fuel": 6116,
        "fault": 0.6243,
        "weapon": 1,
        "pilot_injury": 0.5162,
        "pilot_skill": 0.7964,
        "mission_priority": 0.3167,
        "estimated_landing_time": 2356.0,
        "wait_time": 0,
        "Landing_success_rate": 0.8674
    },
    {
        "model": 0,
        "sequence": 29,
        "status": 1,
        "fuel": 6160,
        "fault": 0.3629,
        "weapon": 0,
        "pilot_injury": 0.9022,
        "pilot_skill": 0.9279,
        "mission_priority": 0.7989,
        "estimated_landing_time": 2732.0,
        "wait_time": 0,
        "Landing_success_rate": 0.8815
    },
    {
        "model": 0,
        "sequence": 24,
        "status": 1,
        "fuel": 6969,
        "fault": 0.7688,
        "weapon": 1,
        "pilot_injury": 0.0301,
        "pilot_skill": 0.3497,
        "mission_priority": 0.3361,
        "estimated_landing_time": 2262.0,
        "wait_time": 0,
        "Landing_success_rate": 0.8755
    },
    {
        "model": 0,
        "sequence": 1,
        "status": 1,
        "fuel": 7441,
        "fault": 0.9089,
        "weapon": 0,
        "pilot_injury": 0.5201,
        "pilot_skill": 0.8363,
        "mission_priority": 0.6013,
        "estimated_landing_time": 100.0,
        "wait_time": 0,
        "Landing_success_rate": 0.8633
    },
    {
        "model": 1,
        "sequence": 15,
        "status": 1,
        "fuel": 6663,
        "fault": 0.5064,
        "weapon": 1,
        "pilot_injury": 0.7896,
        "pilot_skill": 0.6831,
        "mission_priority": 0.3388,
        "estimated_landing_time": 1416.0,
        "wait_time": 0,
        "Landing_success_rate": 0.8931
    },
    {
        "model": 1,
        "sequence": 8,
        "status": 1,
        "fuel": 6012,
        "fault": 0.1891,
        "weapon": 1,
        "pilot_injury": 0.3166,
        "pilot_skill": 0.6878,
        "mission_priority": 0.2228,
        "estimated_landing_time": 758.0,
        "wait_time": 0,
        "Landing_success_rate": 0.8811
    },
    {
        "model": 0,
        "sequence": 5,
        "status": 1,
        "fuel": 7317,
        "fault": 0.1824,
        "weapon": 1,
        "pilot_injury": 0.8701,
        "pilot_skill": 0.3291,
        "mission_priority": 0.8544,
        "estimated_landing_time": 476.0,
        "wait_time": 0,
        "Landing_success_rate": 0.9614
    },
    {
        "model": 1,
        "sequence": 6,
        "status": 1,
        "fuel": 7023,
        "fault": 0.8671,
        "weapon": 0,
        "pilot_injury": 0.1942,
        "pilot_skill": 0.2176,
        "mission_priority": 0.768,
        "estimated_landing_time": 570.0,
        "wait_time": 0,
        "Landing_success_rate": 0.8652
    },
    {
        "model": 0,
        "sequence": 3,
        "status": 1,
        "fuel": 7273,
        "fault": 0.5386,
        "weapon": 0,
        "pilot_injury": 0.6525,
        "pilot_skill": 0.7739,
        "mission_priority": 0.7839,
        "estimated_landing_time": 288.0,
        "wait_time": 0,
        "Landing_success_rate": 0.9114
    },
    {
        "model": 1,
        "sequence": 20,
        "status": 1,
        "fuel": 6246,
        "fault": 0.1731,
        "weapon": 0,
        "pilot_injury": 0.5435,
        "pilot_skill": 0.2902,
        "mission_priority": 0.7751,
        "estimated_landing_time": 1886.0,
        "wait_time": 0,
        "Landing_success_rate": 0.8963
    },
    {
        "model": 1,
        "sequence": 11,
        "status": 1,
        "fuel": 6192,
        "fault": 0.4088,
        "weapon": 0,
        "pilot_injury": 0.6413,
        "pilot_skill": 0.0584,
        "mission_priority": 0.7685,
        "estimated_landing_time": 1040.0,
        "wait_time": 0,
        "Landing_success_rate": 0.8807
    },
    {
        "model": 0,
        "sequence": 26,
        "status": 1,
        "fuel": 6146,
        "fault": 0.4618,
        "weapon": 0,
        "pilot_injury": 0.8063,
        "pilot_skill": 0.8583,
        "mission_priority": 0.1901,
        "estimated_landing_time": 2450.0,
        "wait_time": 0,
        "Landing_success_rate": 0.8761
    },
    {
        "model": 1,
        "sequence": 27,
        "status": 1,
        "fuel": 6242,
        "fault": 0.5339,
        "weapon": 0,
        "pilot_injury": 0.3744,
        "pilot_skill": 0.4469,
        "mission_priority": 0.51,
        "estimated_landing_time": 2544.0,
        "wait_time": 0,
        "Landing_success_rate": 0.8759
    },
    {
        "model": 0,
        "sequence": 7,
        "status": 1,
        "fuel": 7136,
        "fault": 0.1219,
        "weapon": 1,
        "pilot_injury": 0.6552,
        "pilot_skill": 0.4427,
        "mission_priority": 0.0897,
        "estimated_landing_time": 664.0,
        "wait_time": 0,
        "Landing_success_rate": 0.9577
    },
    {
        "model": 0,
        "sequence": 23,
        "status": 1,
        "fuel": 7222,
        "fault": 0.6171,
        "weapon": 0,
        "pilot_injury": 0.6356,
        "pilot_skill": 0.1183,
        "mission_priority": 0.9948,
        "estimated_landing_time": 2168.0,
        "wait_time": 0,
        "Landing_success_rate": 0.8995
    },
    {
        "model": 1,
        "sequence": 17,
        "status": 1,
        "fuel": 6870,
        "fault": 0.458,
        "weapon": 1,
        "pilot_injury": 0.9082,
        "pilot_skill": 0.0318,
        "mission_priority": 0.6014,
        "estimated_landing_time": 1604.0,
        "wait_time": 0,
        "Landing_success_rate": 0.9057
    },
    {
        "model": 1,
        "sequence": 28,
        "status": 1,
        "fuel": 5735,
        "fault": 0.9333,
        "weapon": 0,
        "pilot_injury": 0.693,
        "pilot_skill": 0.2208,
        "mission_priority": 0.7019,
        "estimated_landing_time": 2638.0,
        "wait_time": 0,
        "Landing_success_rate": 0.8512
    },
    {
        "model": 0,
        "sequence": 12,
        "status": 1,
        "fuel": 6505,
        "fault": 0.98,
        "weapon": 0,
        "pilot_injury": 0.9418,
        "pilot_skill": 0.8605,
        "mission_priority": 0.4826,
        "estimated_landing_time": 1134.0,
        "wait_time": 0,
        "Landing_success_rate": 0.8515
    },
    {
        "model": 0,
        "sequence": 16,
        "status": 1,
        "fuel": 6563,
        "fault": 0.368,
        "weapon": 1,
        "pilot_injury": 0.6595,
        "pilot_skill": 0.396,
        "mission_priority": 0.4815,
        "estimated_landing_time": 1510.0,
        "wait_time": 0,
        "Landing_success_rate": 0.9004
    },
    {
        "model": 0,
        "sequence": 4,
        "status": 1,
        "fuel": 6332,
        "fault": 0.2788,
        "weapon": 1,
        "pilot_injury": 0.1732,
        "pilot_skill": 0.3657,
        "mission_priority": 0.4918,
        "estimated_landing_time": 382.0,
        "wait_time": 0,
        "Landing_success_rate": 0.895
    },
    {
        "model": 2,
        "sequence": 19,
        "status": 1,
        "fuel": 5536,
        "fault": 0.3686,
        "weapon": 0,
        "pilot_injury": 0.3719,
        "pilot_skill": 0.1131,
        "mission_priority": 0.7472,
        "estimated_landing_time": 1792.0,
        "wait_time": 0,
        "Landing_success_rate": 0.8517
    },
    {
        "model": 1,
        "sequence": 13,
        "status": 1,
        "fuel": 6476,
        "fault": 0.9149,
        "weapon": 0,
        "pilot_injury": 0.6569,
        "pilot_skill": 0.3501,
        "mission_priority": 0.4039,
        "estimated_landing_time": 1228.0,
        "wait_time": 0,
        "Landing_success_rate": 0.8562
    },
    {
        "model": 2,
        "sequence": 10,
        "status": 1,
        "fuel": 7495,
        "fault": 0.2504,
        "weapon": 0,
        "pilot_injury": 0.3404,
        "pilot_skill": 0.3637,
        "mission_priority": 0.0033,
        "estimated_landing_time": 946.0,
        "wait_time": 0,
        "Landing_success_rate": 0.9622
    },
    {
        "model": 0,
        "sequence": 9,
        "status": 1,
        "fuel": 5969,
        "fault": 0.568,
        "weapon": 1,
        "pilot_injury": 0.6618,
        "pilot_skill": 0.8989,
        "mission_priority": 0.2729,
        "estimated_landing_time": 852.0,
        "wait_time": 0,
        "Landing_success_rate": 0.8652
    },
    {
        "model": 2,
        "sequence": 2,
        "status": 1,
        "fuel": 5952,
        "fault": 0.9941,
        "weapon": 0,
        "pilot_injury": 0.592,
        "pilot_skill": 0.4964,
        "mission_priority": 0.8104,
        "estimated_landing_time": 194.0,
        "wait_time": 0,
        "Landing_success_rate": 0.8502
    },
    {
        "model": 0,
        "sequence": 21,
        "status": 1,
        "fuel": 5650,
        "fault": 0.6935,
        "weapon": 1,
        "pilot_injury": 0.8096,
        "pilot_skill": 0.4555,
        "mission_priority": 0.9558,
        "estimated_landing_time": 1980.0,
        "wait_time": 0,
        "Landing_success_rate": 0.8534
    },
    {
        "model": 2,
        "sequence": 18,
        "status": 1,
        "fuel": 7146,
        "fault": 0.3256,
        "weapon": 1,
        "pilot_injury": 0.851,
        "pilot_skill": 0.8784,
        "mission_priority": 0.4454,
        "estimated_landing_time": 1698.0,
        "wait_time": 0,
        "Landing_success_rate": 0.9333
    },
    {
        "model": 2,
        "sequence": 14,
        "status": 1,
        "fuel": 6076,
        "fault": 0.6579,
        "weapon": 1,
        "pilot_injury": 0.3511,
        "pilot_skill": 0.7162,
        "mission_priority": 0.3311,
        "estimated_landing_time": 1322.0,
        "wait_time": 0,
        "Landing_success_rate": 0.8648
    }
]