[
    {
        "model": 2,
        "sequence": 15,
        "status": 1,
        "fuel": 6063,
        "fault": 0.3688,
        "weapon": 0,
        "pilot_injury": 0.1151,
        "pilot_skill": 0.6982,
        "mission_priority": 0.1675,
        "estimated_landing_time": 1416.0,
        "wait_time": 0,
        "Landing_success_rate": 0.8767
    },
    {
        "model": 0,
        "sequence": 29,
        "status": 1,
        "fuel": 7412,
        "fault": 0.5984,
        "weapon": 1,
        "pilot_injury": 0.5663,
        "pilot_skill": 0.1866,
        "mission_priority": 0.1467,
        "estimated_landing_time": 2732.0,
        "wait_time": 0,
        "Landing_success_rate": 0.9076
    },
    {
        "model": 2,
        "sequence": 11,
        "status": 1,
        "fuel": 6041,
        "fault": 0.5599,
        "weapon": 0,
        "pilot_injury": 0.3859,
        "pilot_skill": 0.4794,
        "mission_priority": 0.2296,
        "estimated_landing_time": 1040.0,
        "wait_time": 0,
        "Landing_success_rate": 0.8679
    },
    {
        "model": 2,
        "sequence": 19,
        "status": 1,
        "fuel": 6799,
        "fault": 0.6504,
        "weapon": 0,
        "pilot_injury": 0.4319,
        "pilot_skill": 0.9175,
        "mission_priority": 0.8827,
        "estimated_landing_time": 1792.0,
        "wait_time": 0,
        "Landing_success_rate": 0.8841
    },
    {
        "model": 2,
        "sequence": 27,
        "status": 1,
        "fuel": 6044,
        "fault": 0.7795,
        "weapon": 0,
        "pilot_injury": 0.4774,
        "pilot_skill": 0.5259,
        "mission_priority": 0.3411,
        "estimated_landing_time": 2544.0,
        "wait_time": 0,
        "Landing_success_rate": 0.859
    },
    {
        "model": 1,
        "sequence": 28,
        "status": 1,
        "fuel": 7234,
        "fault": 0.9575,
        "weapon": 0,
        "pilot_injury": 0.6905,
        "pilot_skill": 0.0844,
        "mission_priority": 0.7106,
        "estimated_landing_time": 2638.0,
        "wait_time": 0,
        "Landing_success_rate": 0.8555
    },
    {
        "model": 0,
        "sequence": 1,
        "status": 1,
        "fuel": 6765,
        "fault": 0.4984,
        "weapon": 0,
        "pilot_injury": 0.1917,
        "pilot_skill": 0.0875,
        "mission_priority": 0.4904,
        "estimated_landing_time": 100.0,
        "wait_time": 0,
        "Landing_success_rate": 0.8976
    },
    {
        "model": 2,
        "sequence": 23,
        "status": 1,
        "fuel": 7422,
        "fault": 0.335,
        "weapon": 0,
        "pilot_injury": 0.5627,
        "pilot_skill": 0.143,
        "mission_priority": 0.7138,
        "estimated_landing_time": 2168.0,
        "wait_time": 0,
        "Landing_success_rate": 0.9459
    },
    {
        "model": 1,
        "sequence": 17,
        "status": 1,
        "fuel": 7322,
        "fault": 0.4539,
        "weapon": 0,
        "pilot_injury": 0.6121,
        "pilot_skill": 0.5145,
        "mission_priority": 0.6192,
        "estimated_landing_time": 1604.0,
        "wait_time": 0,
        "Landing_success_rate": 0.9246
    },
    {
        "model": 0,
        "sequence": 10,
        "status": 1,
        "fuel": 7309,
        "fault": 0.1056,
        "weapon": 0,
        "pilot_injury": 0.2576,
        "pilot_skill": 0.6362,
        "mission_priority": 0.8797,
        "estimated_landing_time": 946.0,
        "wait_time": 0,
        "Landing_success_rate": 0.9713
    },
    {
        "model": 1,
        "sequence": 24,
        "status": 1,
        "fuel": 6421,
        "fault": 0.0495,
        "weapon": 0,
        "pilot_injury": 0.7334,
        "pilot_skill": 0.661,
        "mission_priority": 0.0567,
        "estimated_landing_time": 2262.0,
        "wait_time": 0,
        "Landing_success_rate": 0.9157
    },
    {
        "model": 1,
        "sequence": 9,
        "status": 1,
        "fuel": 6941,
        "fault": 0.4243,
        "weapon": 0,
        "pilot_injury": 0.9409,
        "pilot_skill": 0.9708,
        "mission_priority": 0.4487,
        "estimated_landing_time": 852.0,
        "wait_time": 0,
        "Landing_success_rate": 0.9122
    },
    {
        "model": 1,
        "sequence": 16,
        "status": 1,
        "fuel": 5619,
        "fault": 0.2165,
        "weapon": 1,
        "pilot_injury": 0.6826,
        "pilot_skill": 0.0751,
        "mission_priority": 0.145,
        "estimated_landing_time": 1510.0,
        "wait_time": 0,
        "Landing_success_rate": 0.857
    },
    {
        "model": 2,
        "sequence": 4,
        "status": 1,
        "fuel": 5951,
        "fault": 0.4143,
        "weapon": 1,
        "pilot_injury": 0.5326,
        "pilot_skill": 0.3398,
        "mission_priority": 0.451,
        "estimated_landing_time": 382.0,
        "wait_time": 0,
        "Landing_success_rate": 0.8698
    },
    {
        "model": 0,
        "sequence": 2,
        "status": 1,
        "fuel": 7011,
        "fault": 0.1462,
        "weapon": 0,
        "pilot_injury": 0.2949,
        "pilot_skill": 0.7854,
        "mission_priority": 0.9353,
        "estimated_landing_time": 194.0,
        "wait_time": 0,
        "Landing_success_rate": 0.9468
    },
    {
        "model": 0,
        "sequence": 21,
        "status": 1,
        "fuel": 7054,
        "fault": 0.446,
        "weapon": 0,
        "pilot_injury": 0.6451,
        "pilot_skill": 0.2308,
        "mission_priority": 0.7558,
        "estimated_landing_time": 1980.0,
        "wait_time": 0,
        "Landing_success_rate": 0.9146
    },
    {
        "model": 2,
        "sequence": 26,
        "status": 1,
        "fuel": 6796,
        "fault": 0.4189,
        "weapon": 1,
        "pilot_injury": 0.5023,
        "pilot_skill": 0.7583,
        "mission_priority": 0.1915,
        "estimated_landing_time": 2450.0,
        "wait_time": 0,
        "Landing_success_rate": 0.9065
    },
    {
        "model": 0,
        "sequence": 20,
        "status": 1,
        "fuel": 6913,
        "fault": 0.1209,
        "weapon": 0,
        "pilot_injury": 0.3068,
        "pilot_skill": 0.2179,
        "mission_priority": 0.5051,
        "estimated_landing_time": 1886.0,
        "wait_time": 0,
        "Landing_success_rate": 0.9432
    },
    {
        "model": 0,
        "sequence": 30,
        "status": 1,
        "fuel": 5554,
        "fault": 0.3984,
        "weapon": 0,
        "pilot_injury": 0.2752,
        "pilot_skill": 0.746,
        "mission_priority": 0.6997,
        "estimated_landing_time": 2826.0,
        "wait_time": 0,
        "Landing_success_rate": 0.8524
    },
    {
        "model": 1,
        "sequence": 18,
        "status": 1,
        "fuel": 7043,
        "fault": 0.0096,
        "weapon": 1,
        "pilot_injury": 0.7447,
        "pilot_skill": 0.616,
        "mission_priority": 0.4777,
        "estimated_landing_time": 1698.0,
        "wait_time": 0,
        "Landing_success_rate": 0.9646
    },
    {
        "model": 2,
        "sequence": 7,
        "status": 1,
        "fuel": 6252,
        "fault": 0.0754,
        "weapon": 0,
        "pilot_injury": 0.0079,
        "pilot_skill": 0.6925,
        "mission_priority": 0.5074,
        "estimated_landing_time": 664.0,
        "wait_time": 0,
        "Landing_success_rate": 0.9021
    },
    {
        "model": 1,
        "sequence": 22,
        "status": 1,
        "fuel": 6339,
        "fault": 0.613,
        "weapon": 0,
        "pilot_injury": 0.5186,
        "pilot_skill": 0.7423,
        "mission_priority": 0.0476,
        "estimated_landing_time": 2074.0,
        "wait_time": 0,
        "Landing_success_rate": 0.8744
    },
    {
        "model": 0,
        "sequence": 5,
        "status": 1,
        "fuel": 7271,
        "fault": 0.0826,
        "weapon": 0,
        "pilot_injury": 0.1464,
        "pilot_skill": 0.0064,
        "mission_priority": 0.623,
        "estimated_landing_time": 476.0,
        "wait_time": 0,
        "Landing_success_rate": 0.9719
    },
    {
        "model": 0,
        "sequence": 3,
        "status": 1,
        "fuel": 7335,
        "fault": 0.6209,
        "weapon": 0,
        "pilot_injury": 0.4409,
        "pilot_skill": 0.2797,
        "mission_priority": 0.8639,
        "estimated_landing_time": 288.0,
        "wait_time": 0,
        "Landing_success_rate": 0.9022
    },
    {
        "model": 2,
        "sequence": 8,
        "status": 1,
        "fuel": 7431,
        "fault": 0.6885,
        "weapon": 0,
        "pilot_injury": 0.2731,
        "pilot_skill": 0.9085,
        "mission_priority": 0.1784,
        "estimated_landing_time": 758.0,
        "wait_time": 0,
        "Landing_success_rate": 0.8951
    },
    {
        "model": 1,
        "sequence": 25,
        "status": 1,
        "fuel": 6218,
        "fault": 0.5542,
        "weapon": 1,
        "pilot_injury": 0.5637,
        "pilot_skill": 0.2465,
        "mission_priority": 0.6709,
        "estimated_landing_time": 2356.0,
        "wait_time": 0,
        "Landing_success_rate": 0.874
    },
    {
        "model": 1,
        "sequence": 14,
        "status": 1,
        "fuel": 5680,
        "fault": 0.8462,
        "weapon": 0,
        "pilot_injury": 0.2821,
        "pilot_skill": 0.0256,
        "mission_priority": 0.51,
        "estimated_landing_time": 1322.0,
        "wait_time": 0,
        "Landing_success_rate": 0.8521
    },
    {
        "model": 1,
        "sequence": 12,
        "status": 1,
        "fuel": 7425,
        "fault": 0.4305,
        "weapon": 0,
        "pilot_injury": 0.4211,
        "pilot_skill": 0.2564,
        "mission_priority": 0.0134,
        "estimated_landing_time": 1134.0,
        "wait_time": 0,
        "Landing_success_rate": 0.9322
    },
    {
        "model": 2,
        "sequence": 13,
        "status": 1,
        "fuel": 6738,
        "fault": 0.7779,
        "weapon": 1,
        "pilot_injury": 0.7668,
        "pilot_skill": 0.3466,
        "mission_priority": 0.2777,
        "estimated_landing_time": 1228.0,
        "wait_time": 0,
        "Landing_success_rate": 0.8706
    },
    {
        "model": 1,
        "sequence": 6,
        "status": 1,
        "fuel": 6759,
        "fault": 0.1291,
        "weapon": 1,
        "pilot_injury": 0.6869,
        "pilot_skill": 0.7597,
        "mission_priority": 0.3409,
        "estimated_landing_time": 570.0,
        "wait_time": 0,
        "Landing_success_rate": 0.9322
    }
]