[
    {
        "model": 1,
        "sequence": 11,
        "status": 1,
        "fuel": 7414,
        "fault": 0.342,
        "weapon": 1,
        "pilot_injury": 0.8124,
        "pilot_skill": 0.2746,
        "mission_priority": 0.8606,
        "estimated_landing_time": 1040.0,
        "wait_time": 0,
        "Landing_success_rate": 0.9445
    },
    {
        "model": 2,
        "sequence": 5,
        "status": 1,
        "fuel": 7088,
        "fault": 0.8078,
        "weapon": 1,
        "pilot_injury": 0.7097,
        "pilot_skill": 0.8416,
        "mission_priority": 0.4701,
        "estimated_landing_time": 476.0,
        "wait_time": 0,
        "Landing_success_rate": 0.8729
    },
    {
        "model": 1,
        "sequence": 22,
        "status": 1,
        "fuel": 5567,
        "fault": 0.4027,
        "weapon": 0,
        "pilot_injury": 0.9376,
        "pilot_skill": 0.0964,
        "mission_priority": 0.222,
        "estimated_landing_time": 2074.0,
        "wait_time": 0,
        "Landing_success_rate": 0.853
    },
    {
        "model": 0,
        "sequence": 23,
        "status": 1,
        "fuel": 6016,
        "fault": 0.6495,
        "weapon": 1,
        "pilot_injury": 0.4067,
        "pilot_skill": 0.4577,
        "mission_priority": 0.5186,
        "estimated_landing_time": 2168.0,
        "wait_time": 0,
        "Landing_success_rate": 0.8636
    },
    {
        "model": 0,
        "sequence": 15,
        "status": 1,
        "fuel": 7242,
        "fault": 0.5763,
        "weapon": 0,
        "pilot_injury": 0.8078,
        "pilot_skill": 0.8106,
        "mission_priority": 0.33,
        "estimated_landing_time": 1416.0,
        "wait_time": 0,
        "Landing_success_rate": 0.9054
    },
    {
        "model": 2,
        "sequence": 16,
        "status": 1,
        "fuel": 7031,
        "fault": 0.004,
        "weapon": 0,
        "pilot_injury": 0.8221,
        "pilot_skill": 0.9567,
        "mission_priority": 0.2914,
        "estimated_landing_time": 1510.0,
        "wait_time": 0,
        "Landing_success_rate": 0.9644
    },
    {
        "model": 0,
        "sequence": 20,
        "status": 1,
        "fuel": 6915,
        "fault": 0.0198,
        "weapon": 1,
        "pilot_injury": 0.0026,
        "pilot_skill": 0.5997,
        "mission_priority": 0.4104,
        "estimated_landing_time": 1886.0,
        "wait_time": 0,
        "Landing_success_rate": 0.954
    },
    {
        "model": 2,
        "sequence": 30,
        "status": 1,
        "fuel": 6610,
        "fault": 0.0918,
        "weapon": 1,
        "pilot_injury": 0.946,
        "pilot_skill": 0.4378,
        "mission_priority": 0.4825,
        "estimated_landing_time": 2826.0,
        "wait_time": 0,
        "Landing_success_rate": 0.9256
    },
    {
        "model": 0,
        "sequence": 6,
        "status": 1,
        "fuel": 7117,
        "fault": 0.6357,
        "weapon": 0,
        "pilot_injury": 0.6378,
        "pilot_skill": 0.828,
        "mission_priority": 0.1578,
        "estimated_landing_time": 570.0,
        "wait_time": 0,
        "Landing_success_rate": 0.8942
    },
    {
        "model": 0,
        "sequence": 14,
        "status": 1,
        "fuel": 6132,
        "fault": 0.833,
        "weapon": 1,
        "pilot_injury": 0.7801,
        "pilot_skill": 0.9989,
        "mission_priority": 0.504,
        "estimated_landing_time": 1322.0,
        "wait_time": 0,
        "Landing_success_rate": 0.8579
    },
    {
        "model": 1,
        "sequence": 7,
        "status": 1,
        "fuel": 6729,
        "fault": 0.4819,
        "weapon": 0,
        "pilot_injury": 0.8708,
        "pilot_skill": 0.1624,
        "mission_priority": 0.0241,
        "estimated_landing_time": 664.0,
        "wait_time": 0,
        "Landing_success_rate": 0.8978
    },
    {
        "model": 2,
        "sequence": 28,
        "status": 1,
        "fuel": 7351,
        "fault": 0.3257,
        "weapon": 1,
        "pilot_injury": 0.9243,
        "pilot_skill": 0.0025,
        "mission_priority": 0.8038,
        "estimated_landing_time": 2638.0,
        "wait_time": 0,
        "Landing_success_rate": 0.9436
    },
    {
        "model": 1,
        "sequence": 17,
        "status": 1,
        "fuel": 6143,
        "fault": 0.4643,
        "weapon": 0,
        "pilot_injury": 0.0822,
        "pilot_skill": 0.6792,
        "mission_priority": 0.9539,
        "estimated_landing_time": 1604.0,
        "wait_time": 0,
        "Landing_success_rate": 0.8758
    },
    {
        "model": 2,
        "sequence": 29,
        "status": 1,
        "fuel": 5562,
        "fault": 0.3268,
        "weapon": 1,
        "pilot_injury": 0.8737,
        "pilot_skill": 0.6449,
        "mission_priority": 0.6464,
        "estimated_landing_time": 2732.0,
        "wait_time": 0,
        "Landing_success_rate": 0.8531
    },
    {
        "model": 1,
        "sequence": 13,
        "status": 1,
        "fuel": 6123,
        "fault": 0.2024,
        "weapon": 0,
        "pilot_injury": 0.3974,
        "pilot_skill": 0.4358,
        "mission_priority": 0.1447,
        "estimated_landing_time": 1228.0,
        "wait_time": 0,
        "Landing_success_rate": 0.8873
    },
    {
        "model": 0,
        "sequence": 9,
        "status": 1,
        "fuel": 7106,
        "fault": 0.3338,
        "weapon": 0,
        "pilot_injury": 0.2611,
        "pilot_skill": 0.9159,
        "mission_priority": 0.0118,
        "estimated_landing_time": 852.0,
        "wait_time": 0,
        "Landing_success_rate": 0.9302
    },
    {
        "model": 1,
        "sequence": 19,
        "status": 1,
        "fuel": 6648,
        "fault": 0.1627,
        "weapon": 1,
        "pilot_injury": 0.7321,
        "pilot_skill": 0.6437,
        "mission_priority": 0.4103,
        "estimated_landing_time": 1792.0,
        "wait_time": 0,
        "Landing_success_rate": 0.9221
    },
    {
        "model": 0,
        "sequence": 3,
        "status": 1,
        "fuel": 6264,
        "fault": 0.3934,
        "weapon": 1,
        "pilot_injury": 0.7501,
        "pilot_skill": 0.9267,
        "mission_priority": 0.1284,
        "estimated_landing_time": 288.0,
        "wait_time": 0,
        "Landing_success_rate": 0.8848
    },
    {
        "model": 2,
        "sequence": 26,
        "status": 1,
        "fuel": 7384,
        "fault": 0.497,
        "weapon": 0,
        "pilot_injury": 0.6166,
        "pilot_skill": 0.3734,
        "mission_priority": 0.9043,
        "estimated_landing_time": 2450.0,
        "wait_time": 0,
        "Landing_success_rate": 0.9211
    },
    {
        "model": 2,
        "sequence": 4,
        "status": 1,
        "fuel": 6995,
        "fault": 0.8331,
        "weapon": 1,
        "pilot_injury": 0.7566,
        "pilot_skill": 0.8111,
        "mission_priority": 0.2023,
        "estimated_landing_time": 382.0,
        "wait_time": 0,
        "Landing_success_rate": 0.8687
    },
    {
        "model": 0,
        "sequence": 8,
        "status": 1,
        "fuel": 5891,
        "fault": 0.2358,
        "weapon": 0,
        "pilot_injury": 0.4219,
        "pilot_skill": 0.1435,
        "mission_priority": 0.0856,
        "estimated_landing_time": 758.0,
        "wait_time": 0,
        "Landing_success_rate": 0.8724
    },
    {
        "model": 1,
        "sequence": 25,
        "status": 1,
        "fuel": 6620,
        "fault": 0.6212,
        "weapon": 1,
        "pilot_injury": 0.854,
        "pilot_skill": 0.0316,
        "mission_priority": 0.8684,
        "estimated_landing_time": 2356.0,
        "wait_time": 0,
        "Landing_success_rate": 0.8818
    },
    {
        "model": 0,
        "sequence": 10,
        "status": 1,
        "fuel": 6864,
        "fault": 0.3281,
        "weapon": 1,
        "pilot_injury": 0.0767,
        "pilot_skill": 0.9467,
        "mission_priority": 0.072,
        "estimated_landing_time": 946.0,
        "wait_time": 0,
        "Landing_success_rate": 0.9187
    },
    {
        "model": 1,
        "sequence": 18,
        "status": 1,
        "fuel": 7378,
        "fault": 0.1538,
        "weapon": 1,
        "pilot_injury": 0.8351,
        "pilot_skill": 0.5026,
        "mission_priority": 0.4691,
        "estimated_landing_time": 1698.0,
        "wait_time": 0,
        "Landing_success_rate": 0.9692
    },
    {
        "model": 0,
        "sequence": 21,
        "status": 1,
        "fuel": 5919,
        "fault": 0.8098,
        "weapon": 1,
        "pilot_injury": 0.5493,
        "pilot_skill": 0.4547,
        "mission_priority": 0.8311,
        "estimated_landing_time": 1980.0,
        "wait_time": 0,
        "Landing_success_rate": 0.856
    },
    {
        "model": 0,
        "sequence": 27,
        "status": 1,
        "fuel": 6159,
        "fault": 0.1434,
        "weapon": 0,
        "pilot_injury": 0.5762,
        "pilot_skill": 0.1541,
        "mission_priority": 0.6355,
        "estimated_landing_time": 2544.0,
        "wait_time": 0,
        "Landing_success_rate": 0.8923
    },
    {
        "model": 2,
        "sequence": 24,
        "status": 1,
        "fuel": 6993,
        "fault": 0.5747,
        "weapon": 0,
        "pilot_injury": 0.323,
        "pilot_skill": 0.4489,
        "mission_priority": 0.8451,
        "estimated_landing_time": 2262.0,
        "wait_time": 0,
        "Landing_success_rate": 0.8976
    },
    {
        "model": 1,
        "sequence": 1,
        "status": 1,
        "fuel": 5661,
        "fault": 0.2361,
        "weapon": 0,
        "pilot_injury": 0.243,
        "pilot_skill": 0.6957,
        "mission_priority": 0.4799,
        "estimated_landing_time": 100.0,
        "wait_time": 0,
        "Landing_success_rate": 0.8592
    },
    {
        "model": 1,
        "sequence": 12,
        "status": 1,
        "fuel": 6375,
        "fault": 0.4638,
        "weapon": 1,
        "pilot_injury": 0.5587,
        "pilot_skill": 0.6131,
        "mission_priority": 0.8875,
        "estimated_landing_time": 1134.0,
        "wait_time": 0,
        "Landing_success_rate": 0.8852
    },
    {
        "model": 0,
        "sequence": 2,
        "status": 1,
        "fuel": 5747,
        "fault": 0.4981,
        "weapon": 0,
        "pilot_injury": 0.5865,
        "pilot_skill": 0.4393,
        "mission_priority": 0.2855,
        "estimated_landing_time": 194.0,
        "wait_time": 0,
        "Landing_success_rate": 0.8593
    }
]