[
    {
        "model": 1,
        "sequence": 29,
        "status": 1,
        "fuel": 6027,
        "fault": 0.8664,
        "weapon": 1,
        "pilot_injury": 0.8663,
        "pilot_skill": 0.4845,
        "mission_priority": 0.724,
        "estimated_landing_time": 2732.0,
        "wait_time": 0,
        "Landing_success_rate": 0.8553
    },
    {
        "model": 2,
        "sequence": 4,
        "status": 1,
        "fuel": 7454,
        "fault": 0.8047,
        "weapon": 1,
        "pilot_injury": 0.0489,
        "pilot_skill": 0.84,
        "mission_priority": 0.4903,
        "estimated_landing_time": 382.0,
        "wait_time": 0,
        "Landing_success_rate": 0.8786
    },
    {
        "model": 0,
        "sequence": 16,
        "status": 1,
        "fuel": 6496,
        "fault": 0.5473,
        "weapon": 1,
        "pilot_injury": 0.8618,
        "pilot_skill": 0.8308,
        "mission_priority": 0.3817,
        "estimated_landing_time": 1510.0,
        "wait_time": 0,
        "Landing_success_rate": 0.8838
    },
    {
        "model": 0,
        "sequence": 6,
        "status": 1,
        "fuel": 6342,
        "fault": 0.4682,
        "weapon": 0,
        "pilot_injury": 0.0348,
        "pilot_skill": 0.6877,
        "mission_priority": 0.2727,
        "estimated_landing_time": 570.0,
        "wait_time": 0,
        "Landing_success_rate": 0.8836
    },
    {
        "model": 2,
        "sequence": 19,
        "status": 1,
        "fuel": 5908,
        "fault": 0.0207,
        "weapon": 0,
        "pilot_injury": 0.7226,
        "pilot_skill": 0.1816,
        "mission_priority": 0.0893,
        "estimated_landing_time": 1792.0,
        "wait_time": 0,
        "Landing_success_rate": 0.88
    },
    {
        "model": 0,
        "sequence": 14,
        "status": 1,
        "fuel": 6760,
        "fault": 0.0756,
        "weapon": 0,
        "pilot_injury": 0.352,
        "pilot_skill": 0.353,
        "mission_priority": 0.3903,
        "estimated_landing_time": 1322.0,
        "wait_time": 0,
        "Landing_success_rate": 0.9374
    },
    {
        "model": 1,
        "sequence": 7,
        "status": 1,
        "fuel": 7091,
        "fault": 0.6563,
        "weapon": 1,
        "pilot_injury": 0.122,
        "pilot_skill": 0.6347,
        "mission_priority": 0.0098,
        "estimated_landing_time": 664.0,
        "wait_time": 0,
        "Landing_success_rate": 0.891
    },
    {
        "model": 2,
        "sequence": 5,
        "status": 1,
        "fuel": 7242,
        "fault": 0.4413,
        "weapon": 1,
        "pilot_injury": 0.8149,
        "pilot_skill": 0.6256,
        "mission_priority": 0.1806,
        "estimated_landing_time": 476.0,
        "wait_time": 0,
        "Landing_success_rate": 0.923
    },
    {
        "model": 2,
        "sequence": 25,
        "status": 1,
        "fuel": 6835,
        "fault": 0.5059,
        "weapon": 1,
        "pilot_injury": 0.6338,
        "pilot_skill": 0.2751,
        "mission_priority": 0.1794,
        "estimated_landing_time": 2356.0,
        "wait_time": 0,
        "Landing_success_rate": 0.8995
    },
    {
        "model": 0,
        "sequence": 26,
        "status": 1,
        "fuel": 5781,
        "fault": 0.889,
        "weapon": 0,
        "pilot_injury": 0.0102,
        "pilot_skill": 0.297,
        "mission_priority": 0.923,
        "estimated_landing_time": 2450.0,
        "wait_time": 0,
        "Landing_success_rate": 0.8523
    },
    {
        "model": 2,
        "sequence": 18,
        "status": 1,
        "fuel": 5754,
        "fault": 0.4713,
        "weapon": 1,
        "pilot_injury": 0.0108,
        "pilot_skill": 0.9897,
        "mission_priority": 0.4558,
        "estimated_landing_time": 1698.0,
        "wait_time": 0,
        "Landing_success_rate": 0.8601
    },
    {
        "model": 2,
        "sequence": 22,
        "status": 1,
        "fuel": 5808,
        "fault": 0.6381,
        "weapon": 0,
        "pilot_injury": 0.0512,
        "pilot_skill": 0.859,
        "mission_priority": 0.5304,
        "estimated_landing_time": 2074.0,
        "wait_time": 0,
        "Landing_success_rate": 0.8584
    },
    {
        "model": 2,
        "sequence": 11,
        "status": 1,
        "fuel": 6097,
        "fault": 0.35,
        "weapon": 1,
        "pilot_injury": 0.7748,
        "pilot_skill": 0.7964,
        "mission_priority": 0.7605,
        "estimated_landing_time": 1040.0,
        "wait_time": 0,
        "Landing_success_rate": 0.8791
    },
    {
        "model": 0,
        "sequence": 23,
        "status": 1,
        "fuel": 7078,
        "fault": 0.4128,
        "weapon": 0,
        "pilot_injury": 0.8586,
        "pilot_skill": 0.6905,
        "mission_priority": 0.1014,
        "estimated_landing_time": 2168.0,
        "wait_time": 0,
        "Landing_success_rate": 0.9195
    },
    {
        "model": 2,
        "sequence": 28,
        "status": 1,
        "fuel": 7395,
        "fault": 0.7138,
        "weapon": 0,
        "pilot_injury": 0.0143,
        "pilot_skill": 0.2142,
        "mission_priority": 0.1544,
        "estimated_landing_time": 2638.0,
        "wait_time": 0,
        "Landing_success_rate": 0.8907
    },
    {
        "model": 0,
        "sequence": 2,
        "status": 1,
        "fuel": 6075,
        "fault": 0.6057,
        "weapon": 1,
        "pilot_injury": 0.5636,
        "pilot_skill": 0.1515,
        "mission_priority": 0.2794,
        "estimated_landing_time": 194.0,
        "wait_time": 0,
        "Landing_success_rate": 0.867
    },
    {
        "model": 2,
        "sequence": 9,
        "status": 1,
        "fuel": 7130,
        "fault": 0.7595,
        "weapon": 0,
        "pilot_injury": 0.3331,
        "pilot_skill": 0.899,
        "mission_priority": 0.5857,
        "estimated_landing_time": 852.0,
        "wait_time": 0,
        "Landing_success_rate": 0.8794
    },
    {
        "model": 1,
        "sequence": 15,
        "status": 1,
        "fuel": 7423,
        "fault": 0.9337,
        "weapon": 1,
        "pilot_injury": 0.9221,
        "pilot_skill": 0.6592,
        "mission_priority": 0.2013,
        "estimated_landing_time": 1416.0,
        "wait_time": 0,
        "Landing_success_rate": 0.8596
    },
    {
        "model": 2,
        "sequence": 10,
        "status": 1,
        "fuel": 6682,
        "fault": 0.7717,
        "weapon": 1,
        "pilot_injury": 0.3385,
        "pilot_skill": 0.3337,
        "mission_priority": 0.4985,
        "estimated_landing_time": 946.0,
        "wait_time": 0,
        "Landing_success_rate": 0.8702
    },
    {
        "model": 2,
        "sequence": 20,
        "status": 1,
        "fuel": 6786,
        "fault": 0.4313,
        "weapon": 1,
        "pilot_injury": 0.3438,
        "pilot_skill": 0.1068,
        "mission_priority": 0.4183,
        "estimated_landing_time": 1886.0,
        "wait_time": 0,
        "Landing_success_rate": 0.9049
    },
    {
        "model": 2,
        "sequence": 17,
        "status": 1,
        "fuel": 6067,
        "fault": 0.5165,
        "weapon": 0,
        "pilot_injury": 0.4398,
        "pilot_skill": 0.0835,
        "mission_priority": 0.2132,
        "estimated_landing_time": 1604.0,
        "wait_time": 0,
        "Landing_success_rate": 0.8706
    },
    {
        "model": 1,
        "sequence": 13,
        "status": 1,
        "fuel": 6972,
        "fault": 0.2027,
        "weapon": 0,
        "pilot_injury": 0.0192,
        "pilot_skill": 0.0862,
        "mission_priority": 0.356,
        "estimated_landing_time": 1228.0,
        "wait_time": 0,
        "Landing_success_rate": 0.938
    },
    {
        "model": 2,
        "sequence": 8,
        "status": 1,
        "fuel": 5646,
        "fault": 0.6153,
        "weapon": 0,
        "pilot_injury": 0.0341,
        "pilot_skill": 0.974,
        "mission_priority": 0.6566,
        "estimated_landing_time": 758.0,
        "wait_time": 0,
        "Landing_success_rate": 0.8542
    },
    {
        "model": 1,
        "sequence": 24,
        "status": 1,
        "fuel": 6371,
        "fault": 0.8853,
        "weapon": 0,
        "pilot_injury": 0.4101,
        "pilot_skill": 0.5732,
        "mission_priority": 0.152,
        "estimated_landing_time": 2262.0,
        "wait_time": 0,
        "Landing_success_rate": 0.8575
    },
    {
        "model": 1,
        "sequence": 3,
        "status": 1,
        "fuel": 7442,
        "fault": 0.2384,
        "weapon": 0,
        "pilot_injury": 0.0713,
        "pilot_skill": 0.2925,
        "mission_priority": 0.9269,
        "estimated_landing_time": 288.0,
        "wait_time": 0,
        "Landing_success_rate": 0.9609
    },
    {
        "model": 1,
        "sequence": 27,
        "status": 1,
        "fuel": 5636,
        "fault": 0.6463,
        "weapon": 0,
        "pilot_injury": 0.5072,
        "pilot_skill": 0.0279,
        "mission_priority": 0.1214,
        "estimated_landing_time": 2544.0,
        "wait_time": 0,
        "Landing_success_rate": 0.8536
    },
    {
        "model": 0,
        "sequence": 12,
        "status": 1,
        "fuel": 6845,
        "fault": 0.2788,
        "weapon": 1,
        "pilot_injury": 0.3765,
        "pilot_skill": 0.729,
        "mission_priority": 0.8545,
        "estimated_landing_time": 1134.0,
        "wait_time": 0,
        "Landing_success_rate": 0.9228
    },
    {
        "model": 0,
        "sequence": 21,
        "status": 1,
        "fuel": 5570,
        "fault": 0.7677,
        "weapon": 1,
        "pilot_injury": 0.2447,
        "pilot_skill": 0.4621,
        "mission_priority": 0.579,
        "estimated_landing_time": 1980.0,
        "wait_time": 0,
        "Landing_success_rate": 0.8512
    },
    {
        "model": 1,
        "sequence": 1,
        "status": 1,
        "fuel": 5702,
        "fault": 0.535,
        "weapon": 1,
        "pilot_injury": 0.8459,
        "pilot_skill": 0.0553,
        "mission_priority": 0.1691,
        "estimated_landing_time": 100.0,
        "wait_time": 0,
        "Landing_success_rate": 0.857
    },
    {
        "model": 0,
        "sequence": 30,
        "status": 1,
        "fuel": 6706,
        "fault": 0.2931,
        "weapon": 1,
        "pilot_injury": 0.159,
        "pilot_skill": 0.6667,
        "mission_priority": 0.5364,
        "estimated_landing_time": 2826.0,
        "wait_time": 0,
        "Landing_success_rate": 0.9139
    }
]