[
    {
        "model": 1,
        "sequence": 10,
        "status": 1,
        "fuel": 6946,
        "fault": 0.9194,
        "weapon": 1,
        "pilot_injury": 0.7788,
        "pilot_skill": 0.0055,
        "mission_priority": 0.7491,
        "estimated_landing_time": 946.0,
        "wait_time": 0,
        "Landing_success_rate": 0.8587
    },
    {
        "model": 1,
        "sequence": 15,
        "status": 1,
        "fuel": 6916,
        "fault": 0.0659,
        "weapon": 0,
        "pilot_injury": 0.6269,
        "pilot_skill": 0.3335,
        "mission_priority": 0.4272,
        "estimated_landing_time": 1416.0,
        "wait_time": 0,
        "Landing_success_rate": 0.9492
    },
    {
        "model": 2,
        "sequence": 6,
        "status": 1,
        "fuel": 7475,
        "fault": 0.7242,
        "weapon": 0,
        "pilot_injury": 0.4635,
        "pilot_skill": 0.9431,
        "mission_priority": 0.823,
        "estimated_landing_time": 570.0,
        "wait_time": 0,
        "Landing_success_rate": 0.8909
    },
    {
        "model": 1,
        "sequence": 26,
        "status": 1,
        "fuel": 6316,
        "fault": 0.9558,
        "weapon": 0,
        "pilot_injury": 0.8577,
        "pilot_skill": 0.8918,
        "mission_priority": 0.092,
        "estimated_landing_time": 2450.0,
        "wait_time": 0,
        "Landing_success_rate": 0.8527
    },
    {
        "model": 1,
        "sequence": 12,
        "status": 1,
        "fuel": 6969,
        "fault": 0.6344,
        "weapon": 0,
        "pilot_injury": 0.4399,
        "pilot_skill": 0.7919,
        "mission_priority": 0.6649,
        "estimated_landing_time": 1134.0,
        "wait_time": 0,
        "Landing_success_rate": 0.8903
    },
    {
        "model": 1,
        "sequence": 18,
        "status": 1,
        "fuel": 6285,
        "fault": 0.415,
        "weapon": 0,
        "pilot_injury": 0.3733,
        "pilot_skill": 0.0317,
        "mission_priority": 0.4627,
        "estimated_landing_time": 1698.0,
        "wait_time": 0,
        "Landing_success_rate": 0.8844
    },
    {
        "model": 2,
        "sequence": 21,
        "status": 1,
        "fuel": 6446,
        "fault": 0.7048,
        "weapon": 0,
        "pilot_injury": 0.4627,
        "pilot_skill": 0.2194,
        "mission_priority": 0.7728,
        "estimated_landing_time": 1980.0,
        "wait_time": 0,
        "Landing_success_rate": 0.8709
    },
    {
        "model": 1,
        "sequence": 24,
        "status": 1,
        "fuel": 7448,
        "fault": 0.2809,
        "weapon": 1,
        "pilot_injury": 0.3789,
        "pilot_skill": 0.0416,
        "mission_priority": 0.8535,
        "estimated_landing_time": 2262.0,
        "wait_time": 0,
        "Landing_success_rate": 0.9551
    },
    {
        "model": 0,
        "sequence": 20,
        "status": 1,
        "fuel": 7303,
        "fault": 0.3721,
        "weapon": 1,
        "pilot_injury": 0.732,
        "pilot_skill": 0.6551,
        "mission_priority": 0.7309,
        "estimated_landing_time": 1886.0,
        "wait_time": 0,
        "Landing_success_rate": 0.9349
    },
    {
        "model": 0,
        "sequence": 13,
        "status": 1,
        "fuel": 6621,
        "fault": 0.8001,
        "weapon": 0,
        "pilot_injury": 0.3656,
        "pilot_skill": 0.2431,
        "mission_priority": 0.9029,
        "estimated_landing_time": 1228.0,
        "wait_time": 0,
        "Landing_success_rate": 0.8668
    },
    {
        "model": 2,
        "sequence": 11,
        "status": 1,
        "fuel": 7192,
        "fault": 0.9781,
        "weapon": 0,
        "pilot_injury": 0.1123,
        "pilot_skill": 0.2225,
        "mission_priority": 0.6707,
        "estimated_landing_time": 1040.0,
        "wait_time": 0,
        "Landing_success_rate": 0.8528
    },
    {
        "model": 2,
        "sequence": 4,
        "status": 1,
        "fuel": 6669,
        "fault": 0.0112,
        "weapon": 1,
        "pilot_injury": 0.923,
        "pilot_skill": 0.9637,
        "mission_priority": 0.0093,
        "estimated_landing_time": 382.0,
        "wait_time": 0,
        "Landing_success_rate": 0.9367
    },
    {
        "model": 2,
        "sequence": 29,
        "status": 1,
        "fuel": 7403,
        "fault": 0.0939,
        "weapon": 0,
        "pilot_injury": 0.0841,
        "pilot_skill": 0.4152,
        "mission_priority": 0.7,
        "estimated_landing_time": 2732.0,
        "wait_time": 0,
        "Landing_success_rate": 0.9793
    },
    {
        "model": 2,
        "sequence": 19,
        "status": 1,
        "fuel": 7346,
        "fault": 0.2355,
        "weapon": 1,
        "pilot_injury": 0.1277,
        "pilot_skill": 0.4723,
        "mission_priority": 0.9681,
        "estimated_landing_time": 1792.0,
        "wait_time": 0,
        "Landing_success_rate": 0.9558
    },
    {
        "model": 2,
        "sequence": 1,
        "status": 1,
        "fuel": 7260,
        "fault": 0.2984,
        "weapon": 1,
        "pilot_injury": 0.3193,
        "pilot_skill": 0.908,
        "mission_priority": 0.7348,
        "estimated_landing_time": 100.0,
        "wait_time": 0,
        "Landing_success_rate": 0.9426
    },
    {
        "model": 1,
        "sequence": 30,
        "status": 1,
        "fuel": 6176,
        "fault": 0.9515,
        "weapon": 0,
        "pilot_injury": 0.2151,
        "pilot_skill": 0.7597,
        "mission_priority": 0.0486,
        "estimated_landing_time": 2826.0,
        "wait_time": 0,
        "Landing_success_rate": 0.8525
    },
    {
        "model": 0,
        "sequence": 16,
        "status": 1,
        "fuel": 6818,
        "fault": 0.4466,
        "weapon": 0,
        "pilot_injury": 0.9561,
        "pilot_skill": 0.96,
        "mission_priority": 0.0508,
        "estimated_landing_time": 1510.0,
        "wait_time": 0,
        "Landing_success_rate": 0.9047
    },
    {
        "model": 0,
        "sequence": 14,
        "status": 1,
        "fuel": 7469,
        "fault": 0.0865,
        "weapon": 1,
        "pilot_injury": 0.8795,
        "pilot_skill": 0.8144,
        "mission_priority": 0.9644,
        "estimated_landing_time": 1322.0,
        "wait_time": 0,
        "Landing_success_rate": 0.9849
    },
    {
        "model": 1,
        "sequence": 27,
        "status": 1,
        "fuel": 6176,
        "fault": 0.9116,
        "weapon": 1,
        "pilot_injury": 0.0251,
        "pilot_skill": 0.2229,
        "mission_priority": 0.6753,
        "estimated_landing_time": 2544.0,
        "wait_time": 0,
        "Landing_success_rate": 0.8545
    },
    {
        "model": 2,
        "sequence": 25,
        "status": 1,
        "fuel": 5692,
        "fault": 0.2927,
        "weapon": 1,
        "pilot_injury": 0.8757,
        "pilot_skill": 0.3949,
        "mission_priority": 0.3083,
        "estimated_landing_time": 2356.0,
        "wait_time": 0,
        "Landing_success_rate": 0.8602
    },
    {
        "model": 1,
        "sequence": 23,
        "status": 1,
        "fuel": 7001,
        "fault": 0.1753,
        "weapon": 0,
        "pilot_injury": 0.9138,
        "pilot_skill": 0.4683,
        "mission_priority": 0.2773,
        "estimated_landing_time": 2168.0,
        "wait_time": 0,
        "Landing_success_rate": 0.9428
    },
    {
        "model": 2,
        "sequence": 8,
        "status": 1,
        "fuel": 5685,
        "fault": 0.5033,
        "weapon": 1,
        "pilot_injury": 0.6482,
        "pilot_skill": 0.2505,
        "mission_priority": 0.2388,
        "estimated_landing_time": 758.0,
        "wait_time": 0,
        "Landing_success_rate": 0.8569
    },
    {
        "model": 0,
        "sequence": 28,
        "status": 1,
        "fuel": 6968,
        "fault": 0.6564,
        "weapon": 0,
        "pilot_injury": 0.915,
        "pilot_skill": 0.0965,
        "mission_priority": 0.4843,
        "estimated_landing_time": 2638.0,
        "wait_time": 0,
        "Landing_success_rate": 0.8878
    },
    {
        "model": 0,
        "sequence": 3,
        "status": 1,
        "fuel": 6509,
        "fault": 0.1377,
        "weapon": 1,
        "pilot_injury": 0.1713,
        "pilot_skill": 0.4378,
        "mission_priority": 0.2515,
        "estimated_landing_time": 288.0,
        "wait_time": 0,
        "Landing_success_rate": 0.9153
    },
    {
        "model": 2,
        "sequence": 17,
        "status": 1,
        "fuel": 7332,
        "fault": 0.9053,
        "weapon": 1,
        "pilot_injury": 0.5871,
        "pilot_skill": 0.0166,
        "mission_priority": 0.4088,
        "estimated_landing_time": 1604.0,
        "wait_time": 0,
        "Landing_success_rate": 0.863
    },
    {
        "model": 1,
        "sequence": 5,
        "status": 1,
        "fuel": 5905,
        "fault": 0.2729,
        "weapon": 1,
        "pilot_injury": 0.5827,
        "pilot_skill": 0.8681,
        "mission_priority": 0.1957,
        "estimated_landing_time": 476.0,
        "wait_time": 0,
        "Landing_success_rate": 0.8721
    },
    {
        "model": 2,
        "sequence": 22,
        "status": 1,
        "fuel": 5582,
        "fault": 0.8076,
        "weapon": 1,
        "pilot_injury": 0.1777,
        "pilot_skill": 0.7612,
        "mission_priority": 0.762,
        "estimated_landing_time": 2074.0,
        "wait_time": 0,
        "Landing_success_rate": 0.8512
    },
    {
        "model": 2,
        "sequence": 9,
        "status": 1,
        "fuel": 6147,
        "fault": 0.202,
        "weapon": 0,
        "pilot_injury": 0.1453,
        "pilot_skill": 0.3225,
        "mission_priority": 0.4517,
        "estimated_landing_time": 852.0,
        "wait_time": 0,
        "Landing_success_rate": 0.8887
    },
    {
        "model": 0,
        "sequence": 7,
        "status": 1,
        "fuel": 5870,
        "fault": 0.8272,
        "weapon": 0,
        "pilot_injury": 0.5267,
        "pilot_skill": 0.9444,
        "mission_priority": 0.5893,
        "estimated_landing_time": 664.0,
        "wait_time": 0,
        "Landing_success_rate": 0.8548
    },
    {
        "model": 2,
        "sequence": 2,
        "status": 1,
        "fuel": 7234,
        "fault": 0.9926,
        "weapon": 1,
        "pilot_injury": 0.1493,
        "pilot_skill": 0.8495,
        "mission_priority": 0.9907,
        "estimated_landing_time": 194.0,
        "wait_time": 0,
        "Landing_success_rate": 0.851
    }
]