[
    {
        "model": 0,
        "sequence": 23,
        "status": 1,
        "fuel": 7117,
        "fault": 0.4021,
        "weapon": 0,
        "pilot_injury": 0.0432,
        "pilot_skill": 0.8205,
        "mission_priority": 0.6525,
        "estimated_landing_time": 2168.0,
        "wait_time": 0,
        "Landing_success_rate": 0.9225
    },
    {
        "model": 1,
        "sequence": 29,
        "status": 1,
        "fuel": 7468,
        "fault": 0.4259,
        "weapon": 0,
        "pilot_injury": 0.8472,
        "pilot_skill": 0.4486,
        "mission_priority": 0.1327,
        "estimated_landing_time": 2732.0,
        "wait_time": 0,
        "Landing_success_rate": 0.9347
    },
    {
        "model": 0,
        "sequence": 13,
        "status": 1,
        "fuel": 5899,
        "fault": 0.8838,
        "weapon": 1,
        "pilot_injury": 0.1683,
        "pilot_skill": 0.2465,
        "mission_priority": 0.2689,
        "estimated_landing_time": 1228.0,
        "wait_time": 0,
        "Landing_success_rate": 0.8535
    },
    {
        "model": 0,
        "sequence": 14,
        "status": 1,
        "fuel": 5936,
        "fault": 0.9188,
        "weapon": 0,
        "pilot_injury": 0.3463,
        "pilot_skill": 0.4666,
        "mission_priority": 0.2853,
        "estimated_landing_time": 1322.0,
        "wait_time": 0,
        "Landing_success_rate": 0.8527
    },
    {
        "model": 2,
        "sequence": 20,
        "status": 1,
        "fuel": 5729,
        "fault": 0.5784,
        "weapon": 1,
        "pilot_injury": 0.3386,
        "pilot_skill": 0.6061,
        "mission_priority": 0.8773,
        "estimated_landing_time": 1886.0,
        "wait_time": 0,
        "Landing_success_rate": 0.8572
    },
    {
        "model": 1,
        "sequence": 5,
        "status": 1,
        "fuel": 6514,
        "fault": 0.6087,
        "weapon": 0,
        "pilot_injury": 0.9308,
        "pilot_skill": 0.7183,
        "mission_priority": 0.2787,
        "estimated_landing_time": 476.0,
        "wait_time": 0,
        "Landing_success_rate": 0.8798
    },
    {
        "model": 2,
        "sequence": 11,
        "status": 1,
        "fuel": 6803,
        "fault": 0.9521,
        "weapon": 0,
        "pilot_injury": 0.3332,
        "pilot_skill": 0.7579,
        "mission_priority": 0.8506,
        "estimated_landing_time": 1040.0,
        "wait_time": 0,
        "Landing_success_rate": 0.8547
    },
    {
        "model": 2,
        "sequence": 6,
        "status": 1,
        "fuel": 6942,
        "fault": 0.264,
        "weapon": 1,
        "pilot_injury": 0.3861,
        "pilot_skill": 0.4793,
        "mission_priority": 0.5125,
        "estimated_landing_time": 570.0,
        "wait_time": 0,
        "Landing_success_rate": 0.9296
    },
    {
        "model": 0,
        "sequence": 19,
        "status": 1,
        "fuel": 5534,
        "fault": 0.9756,
        "weapon": 1,
        "pilot_injury": 0.975,
        "pilot_skill": 0.4377,
        "mission_priority": 0.0831,
        "estimated_landing_time": 1792.0,
        "wait_time": 0,
        "Landing_success_rate": 0.8501
    },
    {
        "model": 0,
        "sequence": 10,
        "status": 1,
        "fuel": 6333,
        "fault": 0.1734,
        "weapon": 0,
        "pilot_injury": 0.841,
        "pilot_skill": 0.1465,
        "mission_priority": 0.6449,
        "estimated_landing_time": 946.0,
        "wait_time": 0,
        "Landing_success_rate": 0.9016
    },
    {
        "model": 2,
        "sequence": 2,
        "status": 1,
        "fuel": 6822,
        "fault": 0.109,
        "weapon": 1,
        "pilot_injury": 0.5649,
        "pilot_skill": 0.6842,
        "mission_priority": 0.8509,
        "estimated_landing_time": 194.0,
        "wait_time": 0,
        "Landing_success_rate": 0.9383
    },
    {
        "model": 0,
        "sequence": 9,
        "status": 1,
        "fuel": 7014,
        "fault": 0.1461,
        "weapon": 0,
        "pilot_injury": 0.5486,
        "pilot_skill": 0.3466,
        "mission_priority": 0.5683,
        "estimated_landing_time": 852.0,
        "wait_time": 0,
        "Landing_success_rate": 0.947
    },
    {
        "model": 1,
        "sequence": 28,
        "status": 1,
        "fuel": 6840,
        "fault": 0.3847,
        "weapon": 0,
        "pilot_injury": 0.3248,
        "pilot_skill": 0.9923,
        "mission_priority": 0.8543,
        "estimated_landing_time": 2638.0,
        "wait_time": 0,
        "Landing_success_rate": 0.9118
    },
    {
        "model": 1,
        "sequence": 8,
        "status": 1,
        "fuel": 6629,
        "fault": 0.9318,
        "weapon": 1,
        "pilot_injury": 0.4668,
        "pilot_skill": 0.0701,
        "mission_priority": 0.1973,
        "estimated_landing_time": 758.0,
        "wait_time": 0,
        "Landing_success_rate": 0.8558
    },
    {
        "model": 2,
        "sequence": 3,
        "status": 1,
        "fuel": 6119,
        "fault": 0.6737,
        "weapon": 0,
        "pilot_injury": 0.9874,
        "pilot_skill": 0.5918,
        "mission_priority": 0.3775,
        "estimated_landing_time": 288.0,
        "wait_time": 0,
        "Landing_success_rate": 0.8651
    },
    {
        "model": 1,
        "sequence": 18,
        "status": 1,
        "fuel": 5795,
        "fault": 0.1739,
        "weapon": 0,
        "pilot_injury": 0.3707,
        "pilot_skill": 0.1461,
        "mission_priority": 0.2783,
        "estimated_landing_time": 1698.0,
        "wait_time": 0,
        "Landing_success_rate": 0.8683
    },
    {
        "model": 2,
        "sequence": 4,
        "status": 1,
        "fuel": 7369,
        "fault": 0.18,
        "weapon": 0,
        "pilot_injury": 0.0916,
        "pilot_skill": 0.4576,
        "mission_priority": 0.0837,
        "estimated_landing_time": 382.0,
        "wait_time": 0,
        "Landing_success_rate": 0.9649
    },
    {
        "model": 1,
        "sequence": 25,
        "status": 1,
        "fuel": 7444,
        "fault": 0.9974,
        "weapon": 1,
        "pilot_injury": 0.3915,
        "pilot_skill": 0.4878,
        "mission_priority": 0.1853,
        "estimated_landing_time": 2356.0,
        "wait_time": 0,
        "Landing_success_rate": 0.8504
    },
    {
        "model": 0,
        "sequence": 15,
        "status": 1,
        "fuel": 6088,
        "fault": 0.4661,
        "weapon": 1,
        "pilot_injury": 0.7955,
        "pilot_skill": 0.6947,
        "mission_priority": 0.8725,
        "estimated_landing_time": 1416.0,
        "wait_time": 0,
        "Landing_success_rate": 0.8735
    },
    {
        "model": 1,
        "sequence": 16,
        "status": 1,
        "fuel": 7476,
        "fault": 0.7489,
        "weapon": 0,
        "pilot_injury": 0.5071,
        "pilot_skill": 0.7425,
        "mission_priority": 0.8417,
        "estimated_landing_time": 1510.0,
        "wait_time": 0,
        "Landing_success_rate": 0.8872
    },
    {
        "model": 0,
        "sequence": 30,
        "status": 1,
        "fuel": 6908,
        "fault": 0.8739,
        "weapon": 1,
        "pilot_injury": 0.8622,
        "pilot_skill": 0.4854,
        "mission_priority": 0.4524,
        "estimated_landing_time": 2826.0,
        "wait_time": 0,
        "Landing_success_rate": 0.8633
    },
    {
        "model": 2,
        "sequence": 12,
        "status": 1,
        "fuel": 6881,
        "fault": 0.1132,
        "weapon": 1,
        "pilot_injury": 0.6276,
        "pilot_skill": 0.808,
        "mission_priority": 0.8371,
        "estimated_landing_time": 1134.0,
        "wait_time": 0,
        "Landing_success_rate": 0.9419
    },
    {
        "model": 1,
        "sequence": 1,
        "status": 1,
        "fuel": 5660,
        "fault": 0.9452,
        "weapon": 0,
        "pilot_injury": 0.0912,
        "pilot_skill": 0.9669,
        "mission_priority": 0.4822,
        "estimated_landing_time": 100.0,
        "wait_time": 0,
        "Landing_success_rate": 0.8507
    },
    {
        "model": 0,
        "sequence": 27,
        "status": 1,
        "fuel": 6337,
        "fault": 0.9978,
        "weapon": 0,
        "pilot_injury": 0.9519,
        "pilot_skill": 0.9737,
        "mission_priority": 0.2789,
        "estimated_landing_time": 2544.0,
        "wait_time": 0,
        "Landing_success_rate": 0.8501
    },
    {
        "model": 0,
        "sequence": 21,
        "status": 1,
        "fuel": 7076,
        "fault": 0.3049,
        "weapon": 1,
        "pilot_injury": 0.1777,
        "pilot_skill": 0.9039,
        "mission_priority": 0.3496,
        "estimated_landing_time": 1980.0,
        "wait_time": 0,
        "Landing_success_rate": 0.9322
    },
    {
        "model": 2,
        "sequence": 26,
        "status": 1,
        "fuel": 5858,
        "fault": 0.6633,
        "weapon": 1,
        "pilot_injury": 0.5133,
        "pilot_skill": 0.8817,
        "mission_priority": 0.6282,
        "estimated_landing_time": 2450.0,
        "wait_time": 0,
        "Landing_success_rate": 0.859
    },
    {
        "model": 2,
        "sequence": 22,
        "status": 1,
        "fuel": 6117,
        "fault": 0.6994,
        "weapon": 1,
        "pilot_injury": 0.976,
        "pilot_skill": 0.0528,
        "mission_priority": 0.9943,
        "estimated_landing_time": 2074.0,
        "wait_time": 0,
        "Landing_success_rate": 0.8639
    },
    {
        "model": 1,
        "sequence": 7,
        "status": 1,
        "fuel": 6072,
        "fault": 0.338,
        "weapon": 1,
        "pilot_injury": 0.9432,
        "pilot_skill": 0.1525,
        "mission_priority": 0.9426,
        "estimated_landing_time": 664.0,
        "wait_time": 0,
        "Landing_success_rate": 0.8784
    },
    {
        "model": 1,
        "sequence": 24,
        "status": 1,
        "fuel": 6036,
        "fault": 0.7476,
        "weapon": 1,
        "pilot_injury": 0.4888,
        "pilot_skill": 0.5125,
        "mission_priority": 0.2674,
        "estimated_landing_time": 2262.0,
        "wait_time": 0,
        "Landing_success_rate": 0.8601
    },
    {
        "model": 1,
        "sequence": 17,
        "status": 1,
        "fuel": 7299,
        "fault": 0.7426,
        "weapon": 0,
        "pilot_injury": 0.6522,
        "pilot_skill": 0.882,
        "mission_priority": 0.8812,
        "estimated_landing_time": 1604.0,
        "wait_time": 0,
        "Landing_success_rate": 0.8847
    }
]