[
    {
        "model": 0,
        "sequence": 24,
        "status": 1,
        "fuel": 6058,
        "fault": 0.8278,
        "weapon": 0,
        "pilot_injury": 0.785,
        "pilot_skill": 0.7279,
        "mission_priority": 0.9254,
        "estimated_landing_time": 2262.0,
        "wait_time": 0,
        "Landing_success_rate": 0.8572
    },
    {
        "model": 1,
        "sequence": 18,
        "status": 1,
        "fuel": 5804,
        "fault": 0.083,
        "weapon": 0,
        "pilot_injury": 0.2949,
        "pilot_skill": 0.2579,
        "mission_priority": 0.6524,
        "estimated_landing_time": 1698.0,
        "wait_time": 0,
        "Landing_success_rate": 0.8709
    },
    {
        "model": 2,
        "sequence": 26,
        "status": 1,
        "fuel": 5755,
        "fault": 0.9305,
        "weapon": 1,
        "pilot_injury": 0.6466,
        "pilot_skill": 0.1303,
        "mission_priority": 0.257,
        "estimated_landing_time": 2450.0,
        "wait_time": 0,
        "Landing_success_rate": 0.8513
    },
    {
        "model": 1,
        "sequence": 13,
        "status": 1,
        "fuel": 6875,
        "fault": 0.4362,
        "weapon": 1,
        "pilot_injury": 0.677,
        "pilot_skill": 0.856,
        "mission_priority": 0.014,
        "estimated_landing_time": 1228.0,
        "wait_time": 0,
        "Landing_success_rate": 0.9081
    },
    {
        "model": 1,
        "sequence": 1,
        "status": 1,
        "fuel": 5512,
        "fault": 0.7841,
        "weapon": 1,
        "pilot_injury": 0.4953,
        "pilot_skill": 0.57,
        "mission_priority": 0.1137,
        "estimated_landing_time": 100.0,
        "wait_time": 0,
        "Landing_success_rate": 0.8502
    },
    {
        "model": 2,
        "sequence": 19,
        "status": 1,
        "fuel": 7393,
        "fault": 0.6634,
        "weapon": 0,
        "pilot_injury": 0.4645,
        "pilot_skill": 0.9925,
        "mission_priority": 0.2293,
        "estimated_landing_time": 1792.0,
        "wait_time": 0,
        "Landing_success_rate": 0.8978
    },
    {
        "model": 2,
        "sequence": 15,
        "status": 1,
        "fuel": 5701,
        "fault": 0.8251,
        "weapon": 0,
        "pilot_injury": 0.8726,
        "pilot_skill": 0.3063,
        "mission_priority": 0.1933,
        "estimated_landing_time": 1416.0,
        "wait_time": 0,
        "Landing_success_rate": 0.8526
    },
    {
        "model": 1,
        "sequence": 28,
        "status": 1,
        "fuel": 6883,
        "fault": 0.944,
        "weapon": 0,
        "pilot_injury": 0.5223,
        "pilot_skill": 0.599,
        "mission_priority": 0.0205,
        "estimated_landing_time": 2638.0,
        "wait_time": 0,
        "Landing_success_rate": 0.8558
    },
    {
        "model": 2,
        "sequence": 27,
        "status": 1,
        "fuel": 5986,
        "fault": 0.8303,
        "weapon": 0,
        "pilot_injury": 0.8638,
        "pilot_skill": 0.7763,
        "mission_priority": 0.4296,
        "estimated_landing_time": 2544.0,
        "wait_time": 0,
        "Landing_success_rate": 0.8562
    },
    {
        "model": 1,
        "sequence": 30,
        "status": 1,
        "fuel": 6263,
        "fault": 0.8099,
        "weapon": 0,
        "pilot_injury": 0.6373,
        "pilot_skill": 0.0972,
        "mission_priority": 0.714,
        "estimated_landing_time": 2826.0,
        "wait_time": 0,
        "Landing_success_rate": 0.8609
    },
    {
        "model": 2,
        "sequence": 3,
        "status": 1,
        "fuel": 6400,
        "fault": 0.8012,
        "weapon": 1,
        "pilot_injury": 0.3708,
        "pilot_skill": 0.0901,
        "mission_priority": 0.3228,
        "estimated_landing_time": 288.0,
        "wait_time": 0,
        "Landing_success_rate": 0.8634
    },
    {
        "model": 0,
        "sequence": 4,
        "status": 1,
        "fuel": 6617,
        "fault": 0.7529,
        "weapon": 0,
        "pilot_injury": 0.4742,
        "pilot_skill": 0.6292,
        "mission_priority": 0.4844,
        "estimated_landing_time": 382.0,
        "wait_time": 0,
        "Landing_success_rate": 0.8707
    },
    {
        "model": 1,
        "sequence": 29,
        "status": 1,
        "fuel": 6752,
        "fault": 0.6535,
        "weapon": 0,
        "pilot_injury": 0.6303,
        "pilot_skill": 0.7489,
        "mission_priority": 0.9231,
        "estimated_landing_time": 2732.0,
        "wait_time": 0,
        "Landing_success_rate": 0.8825
    },
    {
        "model": 0,
        "sequence": 11,
        "status": 1,
        "fuel": 6530,
        "fault": 0.9816,
        "weapon": 1,
        "pilot_injury": 0.8994,
        "pilot_skill": 0.6312,
        "mission_priority": 0.9579,
        "estimated_landing_time": 1040.0,
        "wait_time": 0,
        "Landing_success_rate": 0.8514
    },
    {
        "model": 1,
        "sequence": 8,
        "status": 1,
        "fuel": 6735,
        "fault": 0.5441,
        "weapon": 0,
        "pilot_injury": 0.3443,
        "pilot_skill": 0.1428,
        "mission_priority": 0.3786,
        "estimated_landing_time": 758.0,
        "wait_time": 0,
        "Landing_success_rate": 0.8922
    },
    {
        "model": 2,
        "sequence": 20,
        "status": 1,
        "fuel": 5929,
        "fault": 0.7833,
        "weapon": 0,
        "pilot_injury": 0.8472,
        "pilot_skill": 0.3212,
        "mission_priority": 0.0946,
        "estimated_landing_time": 1886.0,
        "wait_time": 0,
        "Landing_success_rate": 0.857
    },
    {
        "model": 0,
        "sequence": 17,
        "status": 1,
        "fuel": 6545,
        "fault": 0.4348,
        "weapon": 0,
        "pilot_injury": 0.5287,
        "pilot_skill": 0.8092,
        "mission_priority": 0.2523,
        "estimated_landing_time": 1604.0,
        "wait_time": 0,
        "Landing_success_rate": 0.8943
    },
    {
        "model": 1,
        "sequence": 10,
        "status": 1,
        "fuel": 6473,
        "fault": 0.1806,
        "weapon": 1,
        "pilot_injury": 0.3319,
        "pilot_skill": 0.8657,
        "mission_priority": 0.622,
        "estimated_landing_time": 946.0,
        "wait_time": 0,
        "Landing_success_rate": 0.9098
    },
    {
        "model": 2,
        "sequence": 21,
        "status": 1,
        "fuel": 6906,
        "fault": 0.5832,
        "weapon": 1,
        "pilot_injury": 0.2747,
        "pilot_skill": 0.3049,
        "mission_priority": 0.0881,
        "estimated_landing_time": 1980.0,
        "wait_time": 0,
        "Landing_success_rate": 0.894
    },
    {
        "model": 2,
        "sequence": 9,
        "status": 1,
        "fuel": 6848,
        "fault": 0.1036,
        "weapon": 0,
        "pilot_injury": 0.0587,
        "pilot_skill": 0.1103,
        "mission_priority": 0.2703,
        "estimated_landing_time": 852.0,
        "wait_time": 0,
        "Landing_success_rate": 0.9406
    },
    {
        "model": 0,
        "sequence": 25,
        "status": 1,
        "fuel": 6460,
        "fault": 0.9354,
        "weapon": 0,
        "pilot_injury": 0.5218,
        "pilot_skill": 0.5079,
        "mission_priority": 0.834,
        "estimated_landing_time": 2356.0,
        "wait_time": 0,
        "Landing_success_rate": 0.8547
    },
    {
        "model": 1,
        "sequence": 16,
        "status": 1,
        "fuel": 5660,
        "fault": 0.9395,
        "weapon": 0,
        "pilot_injury": 0.6281,
        "pilot_skill": 0.0255,
        "mission_priority": 0.3815,
        "estimated_landing_time": 1510.0,
        "wait_time": 0,
        "Landing_success_rate": 0.8507
    },
    {
        "model": 0,
        "sequence": 6,
        "status": 1,
        "fuel": 7276,
        "fault": 0.1092,
        "weapon": 0,
        "pilot_injury": 0.4194,
        "pilot_skill": 0.6715,
        "mission_priority": 0.2857,
        "estimated_landing_time": 570.0,
        "wait_time": 0,
        "Landing_success_rate": 0.9687
    },
    {
        "model": 1,
        "sequence": 5,
        "status": 1,
        "fuel": 5699,
        "fault": 0.2156,
        "weapon": 1,
        "pilot_injury": 0.6312,
        "pilot_skill": 0.9823,
        "mission_priority": 0.7855,
        "estimated_landing_time": 476.0,
        "wait_time": 0,
        "Landing_success_rate": 0.8617
    },
    {
        "model": 2,
        "sequence": 12,
        "status": 1,
        "fuel": 6671,
        "fault": 0.5225,
        "weapon": 0,
        "pilot_injury": 0.5604,
        "pilot_skill": 0.4417,
        "mission_priority": 0.8735,
        "estimated_landing_time": 1134.0,
        "wait_time": 0,
        "Landing_success_rate": 0.8919
    },
    {
        "model": 2,
        "sequence": 22,
        "status": 1,
        "fuel": 7356,
        "fault": 0.3049,
        "weapon": 1,
        "pilot_injury": 0.343,
        "pilot_skill": 0.7141,
        "mission_priority": 0.0126,
        "estimated_landing_time": 2074.0,
        "wait_time": 0,
        "Landing_success_rate": 0.9468
    },
    {
        "model": 2,
        "sequence": 23,
        "status": 1,
        "fuel": 5716,
        "fault": 0.2483,
        "weapon": 0,
        "pilot_injury": 0.0979,
        "pilot_skill": 0.9803,
        "mission_priority": 0.2122,
        "estimated_landing_time": 2168.0,
        "wait_time": 0,
        "Landing_success_rate": 0.8622
    },
    {
        "model": 1,
        "sequence": 7,
        "status": 1,
        "fuel": 6586,
        "fault": 0.8402,
        "weapon": 0,
        "pilot_injury": 0.662,
        "pilot_skill": 0.7825,
        "mission_priority": 0.8606,
        "estimated_landing_time": 664.0,
        "wait_time": 0,
        "Landing_success_rate": 0.863
    },
    {
        "model": 1,
        "sequence": 2,
        "status": 1,
        "fuel": 6618,
        "fault": 0.2245,
        "weapon": 0,
        "pilot_injury": 0.6633,
        "pilot_skill": 0.6295,
        "mission_priority": 0.716,
        "estimated_landing_time": 194.0,
        "wait_time": 0,
        "Landing_success_rate": 0.915
    },
    {
        "model": 2,
        "sequence": 14,
        "status": 1,
        "fuel": 5818,
        "fault": 0.8748,
        "weapon": 0,
        "pilot_injury": 0.1683,
        "pilot_skill": 0.7343,
        "mission_priority": 0.4767,
        "estimated_landing_time": 1322.0,
        "wait_time": 0,
        "Landing_success_rate": 0.853
    }
]