[
    {
        "model": 2,
        "sequence": 15,
        "status": 1,
        "fuel": 6157,
        "fault": 0.5706,
        "weapon": 1,
        "pilot_injury": 0.2915,
        "pilot_skill": 0.7753,
        "mission_priority": 0.1286,
        "estimated_landing_time": 1416.0,
        "wait_time": 0,
        "Landing_success_rate": 0.8712
    },
    {
        "model": 0,
        "sequence": 21,
        "status": 1,
        "fuel": 6930,
        "fault": 0.1383,
        "weapon": 0,
        "pilot_injury": 0.5391,
        "pilot_skill": 0.2291,
        "mission_priority": 0.7864,
        "estimated_landing_time": 1980.0,
        "wait_time": 0,
        "Landing_success_rate": 0.9424
    },
    {
        "model": 0,
        "sequence": 20,
        "status": 1,
        "fuel": 7127,
        "fault": 0.4829,
        "weapon": 1,
        "pilot_injury": 0.6134,
        "pilot_skill": 0.5528,
        "mission_priority": 0.154,
        "estimated_landing_time": 1886.0,
        "wait_time": 0,
        "Landing_success_rate": 0.9131
    },
    {
        "model": 0,
        "sequence": 19,
        "status": 1,
        "fuel": 7214,
        "fault": 0.2066,
        "weapon": 0,
        "pilot_injury": 0.6238,
        "pilot_skill": 0.7885,
        "mission_priority": 0.9963,
        "estimated_landing_time": 1792.0,
        "wait_time": 0,
        "Landing_success_rate": 0.952
    },
    {
        "model": 1,
        "sequence": 3,
        "status": 1,
        "fuel": 5653,
        "fault": 0.8528,
        "weapon": 0,
        "pilot_injury": 0.5615,
        "pilot_skill": 0.3568,
        "mission_priority": 0.2846,
        "estimated_landing_time": 288.0,
        "wait_time": 0,
        "Landing_success_rate": 0.8517
    },
    {
        "model": 0,
        "sequence": 1,
        "status": 1,
        "fuel": 6979,
        "fault": 0.094,
        "weapon": 0,
        "pilot_injury": 0.946,
        "pilot_skill": 0.1822,
        "mission_priority": 0.4362,
        "estimated_landing_time": 100.0,
        "wait_time": 0,
        "Landing_success_rate": 0.9505
    },
    {
        "model": 1,
        "sequence": 28,
        "status": 1,
        "fuel": 6549,
        "fault": 0.9259,
        "weapon": 0,
        "pilot_injury": 0.8667,
        "pilot_skill": 0.262,
        "mission_priority": 0.248,
        "estimated_landing_time": 2638.0,
        "wait_time": 0,
        "Landing_success_rate": 0.8558
    },
    {
        "model": 1,
        "sequence": 16,
        "status": 1,
        "fuel": 6994,
        "fault": 0.1889,
        "weapon": 1,
        "pilot_injury": 0.0087,
        "pilot_skill": 0.7212,
        "mission_priority": 0.517,
        "estimated_landing_time": 1510.0,
        "wait_time": 0,
        "Landing_success_rate": 0.9409
    },
    {
        "model": 0,
        "sequence": 23,
        "status": 1,
        "fuel": 5919,
        "fault": 0.0812,
        "weapon": 0,
        "pilot_injury": 0.3513,
        "pilot_skill": 0.0666,
        "mission_priority": 0.8659,
        "estimated_landing_time": 2168.0,
        "wait_time": 0,
        "Landing_success_rate": 0.8789
    },
    {
        "model": 0,
        "sequence": 9,
        "status": 1,
        "fuel": 7187,
        "fault": 0.9713,
        "weapon": 0,
        "pilot_injury": 0.3859,
        "pilot_skill": 0.3588,
        "mission_priority": 0.1489,
        "estimated_landing_time": 852.0,
        "wait_time": 0,
        "Landing_success_rate": 0.8536
    },
    {
        "model": 2,
        "sequence": 12,
        "status": 1,
        "fuel": 6120,
        "fault": 0.4017,
        "weapon": 1,
        "pilot_injury": 0.4721,
        "pilot_skill": 0.2365,
        "mission_priority": 0.9963,
        "estimated_landing_time": 1134.0,
        "wait_time": 0,
        "Landing_success_rate": 0.8778
    },
    {
        "model": 2,
        "sequence": 14,
        "status": 1,
        "fuel": 5540,
        "fault": 0.5572,
        "weapon": 0,
        "pilot_injury": 0.6676,
        "pilot_skill": 0.9916,
        "mission_priority": 0.605,
        "estimated_landing_time": 1322.0,
        "wait_time": 0,
        "Landing_success_rate": 0.8513
    },
    {
        "model": 2,
        "sequence": 10,
        "status": 1,
        "fuel": 6468,
        "fault": 0.906,
        "weapon": 1,
        "pilot_injury": 0.0921,
        "pilot_skill": 0.2282,
        "mission_priority": 0.5536,
        "estimated_landing_time": 946.0,
        "wait_time": 0,
        "Landing_success_rate": 0.8568
    },
    {
        "model": 1,
        "sequence": 6,
        "status": 1,
        "fuel": 5863,
        "fault": 0.8716,
        "weapon": 1,
        "pilot_injury": 0.7937,
        "pilot_skill": 0.1255,
        "mission_priority": 0.7735,
        "estimated_landing_time": 570.0,
        "wait_time": 0,
        "Landing_success_rate": 0.8535
    },
    {
        "model": 0,
        "sequence": 26,
        "status": 1,
        "fuel": 5769,
        "fault": 0.7782,
        "weapon": 1,
        "pilot_injury": 0.5728,
        "pilot_skill": 0.0081,
        "mission_priority": 0.0677,
        "estimated_landing_time": 2450.0,
        "wait_time": 0,
        "Landing_success_rate": 0.8545
    },
    {
        "model": 2,
        "sequence": 30,
        "status": 1,
        "fuel": 7266,
        "fault": 0.5076,
        "weapon": 1,
        "pilot_injury": 0.5455,
        "pilot_skill": 0.3542,
        "mission_priority": 0.9074,
        "estimated_landing_time": 2826.0,
        "wait_time": 0,
        "Landing_success_rate": 0.9152
    },
    {
        "model": 1,
        "sequence": 7,
        "status": 1,
        "fuel": 6501,
        "fault": 0.9321,
        "weapon": 0,
        "pilot_injury": 0.8989,
        "pilot_skill": 0.9859,
        "mission_priority": 0.7061,
        "estimated_landing_time": 664.0,
        "wait_time": 0,
        "Landing_success_rate": 0.8551
    },
    {
        "model": 2,
        "sequence": 5,
        "status": 1,
        "fuel": 5845,
        "fault": 0.4563,
        "weapon": 1,
        "pilot_injury": 0.8092,
        "pilot_skill": 0.1319,
        "mission_priority": 0.6826,
        "estimated_landing_time": 476.0,
        "wait_time": 0,
        "Landing_success_rate": 0.8641
    },
    {
        "model": 2,
        "sequence": 24,
        "status": 1,
        "fuel": 5828,
        "fault": 0.7123,
        "weapon": 1,
        "pilot_injury": 0.1868,
        "pilot_skill": 0.5269,
        "mission_priority": 0.7069,
        "estimated_landing_time": 2262.0,
        "wait_time": 0,
        "Landing_success_rate": 0.8571
    },
    {
        "model": 0,
        "sequence": 27,
        "status": 1,
        "fuel": 6516,
        "fault": 0.3894,
        "weapon": 0,
        "pilot_injury": 0.2174,
        "pilot_skill": 0.9267,
        "mission_priority": 0.7736,
        "estimated_landing_time": 2544.0,
        "wait_time": 0,
        "Landing_success_rate": 0.8965
    },
    {
        "model": 0,
        "sequence": 18,
        "status": 1,
        "fuel": 6982,
        "fault": 0.1268,
        "weapon": 1,
        "pilot_injury": 0.3479,
        "pilot_skill": 0.3124,
        "mission_priority": 0.8631,
        "estimated_landing_time": 1698.0,
        "wait_time": 0,
        "Landing_success_rate": 0.9471
    },
    {
        "model": 1,
        "sequence": 29,
        "status": 1,
        "fuel": 7464,
        "fault": 0.4686,
        "weapon": 1,
        "pilot_injury": 0.0089,
        "pilot_skill": 0.1866,
        "mission_priority": 0.9093,
        "estimated_landing_time": 2732.0,
        "wait_time": 0,
        "Landing_success_rate": 0.9283
    },
    {
        "model": 0,
        "sequence": 2,
        "status": 1,
        "fuel": 7371,
        "fault": 0.4533,
        "weapon": 0,
        "pilot_injury": 0.4974,
        "pilot_skill": 0.9222,
        "mission_priority": 0.9822,
        "estimated_landing_time": 194.0,
        "wait_time": 0,
        "Landing_success_rate": 0.9267
    },
    {
        "model": 2,
        "sequence": 11,
        "status": 1,
        "fuel": 6983,
        "fault": 0.5116,
        "weapon": 0,
        "pilot_injury": 0.3535,
        "pilot_skill": 0.4639,
        "mission_priority": 0.8081,
        "estimated_landing_time": 1040.0,
        "wait_time": 0,
        "Landing_success_rate": 0.9043
    },
    {
        "model": 1,
        "sequence": 4,
        "status": 1,
        "fuel": 5999,
        "fault": 0.6542,
        "weapon": 0,
        "pilot_injury": 0.8581,
        "pilot_skill": 0.4388,
        "mission_priority": 0.019,
        "estimated_landing_time": 382.0,
        "wait_time": 0,
        "Landing_success_rate": 0.8629
    },
    {
        "model": 1,
        "sequence": 25,
        "status": 1,
        "fuel": 6026,
        "fault": 0.1277,
        "weapon": 0,
        "pilot_injury": 0.5015,
        "pilot_skill": 0.2402,
        "mission_priority": 0.1316,
        "estimated_landing_time": 2356.0,
        "wait_time": 0,
        "Landing_success_rate": 0.8844
    },
    {
        "model": 1,
        "sequence": 22,
        "status": 1,
        "fuel": 6072,
        "fault": 0.7745,
        "weapon": 0,
        "pilot_injury": 0.8673,
        "pilot_skill": 0.7103,
        "mission_priority": 0.5523,
        "estimated_landing_time": 2074.0,
        "wait_time": 0,
        "Landing_success_rate": 0.8597
    },
    {
        "model": 1,
        "sequence": 13,
        "status": 1,
        "fuel": 6551,
        "fault": 0.3647,
        "weapon": 1,
        "pilot_injury": 0.5525,
        "pilot_skill": 0.6273,
        "mission_priority": 0.0656,
        "estimated_landing_time": 1228.0,
        "wait_time": 0,
        "Landing_success_rate": 0.9001
    },
    {
        "model": 0,
        "sequence": 8,
        "status": 1,
        "fuel": 6350,
        "fault": 0.1845,
        "weapon": 0,
        "pilot_injury": 0.8833,
        "pilot_skill": 0.5281,
        "mission_priority": 0.394,
        "estimated_landing_time": 758.0,
        "wait_time": 0,
        "Landing_success_rate": 0.902
    },
    {
        "model": 2,
        "sequence": 17,
        "status": 1,
        "fuel": 6024,
        "fault": 0.712,
        "weapon": 1,
        "pilot_injury": 0.2256,
        "pilot_skill": 0.0627,
        "mission_priority": 0.1544,
        "estimated_landing_time": 1604.0,
        "wait_time": 0,
        "Landing_success_rate": 0.8613
    }
]