[
    {
        "model": 2,
        "sequence": 22,
        "status": 1,
        "fuel": 6151,
        "fault": 0.2728,
        "weapon": 1,
        "pilot_injury": 0.7781,
        "pilot_skill": 0.4699,
        "mission_priority": 0.7414,
        "estimated_landing_time": 2074.0,
        "wait_time": 0,
        "Landing_success_rate": 0.8855
    },
    {
        "model": 1,
        "sequence": 16,
        "status": 1,
        "fuel": 7080,
        "fault": 0.1543,
        "weapon": 0,
        "pilot_injury": 0.9894,
        "pilot_skill": 0.1498,
        "mission_priority": 0.6439,
        "estimated_landing_time": 1510.0,
        "wait_time": 0,
        "Landing_success_rate": 0.9502
    },
    {
        "model": 2,
        "sequence": 7,
        "status": 1,
        "fuel": 7439,
        "fault": 0.7003,
        "weapon": 1,
        "pilot_injury": 0.6338,
        "pilot_skill": 0.0462,
        "mission_priority": 0.1018,
        "estimated_landing_time": 664.0,
        "wait_time": 0,
        "Landing_success_rate": 0.8936
    },
    {
        "model": 0,
        "sequence": 12,
        "status": 1,
        "fuel": 6400,
        "fault": 0.8734,
        "weapon": 1,
        "pilot_injury": 0.016,
        "pilot_skill": 0.4824,
        "mission_priority": 0.6257,
        "estimated_landing_time": 1134.0,
        "wait_time": 0,
        "Landing_success_rate": 0.8585
    },
    {
        "model": 2,
        "sequence": 24,
        "status": 1,
        "fuel": 6464,
        "fault": 0.1853,
        "weapon": 1,
        "pilot_injury": 0.6109,
        "pilot_skill": 0.6058,
        "mission_priority": 0.506,
        "estimated_landing_time": 2262.0,
        "wait_time": 0,
        "Landing_success_rate": 0.9089
    },
    {
        "model": 2,
        "sequence": 27,
        "status": 1,
        "fuel": 6346,
        "fault": 0.9079,
        "weapon": 1,
        "pilot_injury": 0.6785,
        "pilot_skill": 0.1615,
        "mission_priority": 0.3927,
        "estimated_landing_time": 2544.0,
        "wait_time": 0,
        "Landing_success_rate": 0.8558
    },
    {
        "model": 1,
        "sequence": 15,
        "status": 1,
        "fuel": 6583,
        "fault": 0.7521,
        "weapon": 1,
        "pilot_injury": 0.5382,
        "pilot_skill": 0.971,
        "mission_priority": 0.9423,
        "estimated_landing_time": 1416.0,
        "wait_time": 0,
        "Landing_success_rate": 0.8701
    },
    {
        "model": 2,
        "sequence": 19,
        "status": 1,
        "fuel": 6470,
        "fault": 0.9741,
        "weapon": 0,
        "pilot_injury": 0.6066,
        "pilot_skill": 0.4076,
        "mission_priority": 0.5327,
        "estimated_landing_time": 1792.0,
        "wait_time": 0,
        "Landing_success_rate": 0.8519
    },
    {
        "model": 0,
        "sequence": 26,
        "status": 1,
        "fuel": 5722,
        "fault": 0.3455,
        "weapon": 1,
        "pilot_injury": 0.7078,
        "pilot_skill": 0.9658,
        "mission_priority": 0.5324,
        "estimated_landing_time": 2450.0,
        "wait_time": 0,
        "Landing_success_rate": 0.8609
    },
    {
        "model": 2,
        "sequence": 18,
        "status": 1,
        "fuel": 6017,
        "fault": 0.1453,
        "weapon": 0,
        "pilot_injury": 0.3647,
        "pilot_skill": 0.9145,
        "mission_priority": 0.8557,
        "estimated_landing_time": 1698.0,
        "wait_time": 0,
        "Landing_success_rate": 0.8831
    },
    {
        "model": 0,
        "sequence": 2,
        "status": 1,
        "fuel": 6194,
        "fault": 0.9602,
        "weapon": 0,
        "pilot_injury": 0.7003,
        "pilot_skill": 0.6411,
        "mission_priority": 0.1607,
        "estimated_landing_time": 194.0,
        "wait_time": 0,
        "Landing_success_rate": 0.8521
    },
    {
        "model": 0,
        "sequence": 13,
        "status": 1,
        "fuel": 5553,
        "fault": 0.1477,
        "weapon": 1,
        "pilot_injury": 0.71,
        "pilot_skill": 0.5548,
        "mission_priority": 0.2598,
        "estimated_landing_time": 1228.0,
        "wait_time": 0,
        "Landing_success_rate": 0.8534
    },
    {
        "model": 1,
        "sequence": 17,
        "status": 1,
        "fuel": 5523,
        "fault": 0.1989,
        "weapon": 1,
        "pilot_injury": 0.4858,
        "pilot_skill": 0.0277,
        "mission_priority": 0.4013,
        "estimated_landing_time": 1604.0,
        "wait_time": 0,
        "Landing_success_rate": 0.8514
    },
    {
        "model": 0,
        "sequence": 30,
        "status": 1,
        "fuel": 5935,
        "fault": 0.7588,
        "weapon": 0,
        "pilot_injury": 0.2521,
        "pilot_skill": 0.046,
        "mission_priority": 0.4605,
        "estimated_landing_time": 2826.0,
        "wait_time": 0,
        "Landing_success_rate": 0.8579
    },
    {
        "model": 0,
        "sequence": 21,
        "status": 1,
        "fuel": 6982,
        "fault": 0.3603,
        "weapon": 1,
        "pilot_injury": 0.4622,
        "pilot_skill": 0.8695,
        "mission_priority": 0.0377,
        "estimated_landing_time": 1980.0,
        "wait_time": 0,
        "Landing_success_rate": 0.9211
    },
    {
        "model": 1,
        "sequence": 1,
        "status": 1,
        "fuel": 7444,
        "fault": 0.4964,
        "weapon": 1,
        "pilot_injury": 0.041,
        "pilot_skill": 0.4963,
        "mission_priority": 0.589,
        "estimated_landing_time": 100.0,
        "wait_time": 0,
        "Landing_success_rate": 0.9234
    },
    {
        "model": 1,
        "sequence": 5,
        "status": 1,
        "fuel": 6249,
        "fault": 0.9703,
        "weapon": 0,
        "pilot_injury": 0.7856,
        "pilot_skill": 0.5674,
        "mission_priority": 0.3158,
        "estimated_landing_time": 476.0,
        "wait_time": 0,
        "Landing_success_rate": 0.8517
    },
    {
        "model": 1,
        "sequence": 9,
        "status": 1,
        "fuel": 7423,
        "fault": 0.4102,
        "weapon": 1,
        "pilot_injury": 0.3454,
        "pilot_skill": 0.4886,
        "mission_priority": 0.6645,
        "estimated_landing_time": 852.0,
        "wait_time": 0,
        "Landing_success_rate": 0.9351
    },
    {
        "model": 0,
        "sequence": 3,
        "status": 1,
        "fuel": 7126,
        "fault": 0.1619,
        "weapon": 0,
        "pilot_injury": 0.2511,
        "pilot_skill": 0.292,
        "mission_priority": 0.3107,
        "estimated_landing_time": 288.0,
        "wait_time": 0,
        "Landing_success_rate": 0.9522
    },
    {
        "model": 1,
        "sequence": 4,
        "status": 1,
        "fuel": 5777,
        "fault": 0.5687,
        "weapon": 0,
        "pilot_injury": 0.5652,
        "pilot_skill": 0.5639,
        "mission_priority": 0.0561,
        "estimated_landing_time": 382.0,
        "wait_time": 0,
        "Landing_success_rate": 0.859
    },
    {
        "model": 0,
        "sequence": 25,
        "status": 1,
        "fuel": 5786,
        "fault": 0.5698,
        "weapon": 0,
        "pilot_injury": 0.6123,
        "pilot_skill": 0.8402,
        "mission_priority": 0.0455,
        "estimated_landing_time": 2356.0,
        "wait_time": 0,
        "Landing_success_rate": 0.8592
    },
    {
        "model": 0,
        "sequence": 23,
        "status": 1,
        "fuel": 6405,
        "fault": 0.1795,
        "weapon": 1,
        "pilot_injury": 0.2068,
        "pilot_skill": 0.6464,
        "mission_priority": 0.5548,
        "estimated_landing_time": 2168.0,
        "wait_time": 0,
        "Landing_success_rate": 0.9057
    },
    {
        "model": 0,
        "sequence": 28,
        "status": 1,
        "fuel": 7395,
        "fault": 0.695,
        "weapon": 0,
        "pilot_injury": 0.4436,
        "pilot_skill": 0.9979,
        "mission_priority": 0.6893,
        "estimated_landing_time": 2638.0,
        "wait_time": 0,
        "Landing_success_rate": 0.8933
    },
    {
        "model": 1,
        "sequence": 14,
        "status": 1,
        "fuel": 6281,
        "fault": 0.7167,
        "weapon": 0,
        "pilot_injury": 0.0939,
        "pilot_skill": 0.9495,
        "mission_priority": 0.1055,
        "estimated_landing_time": 1322.0,
        "wait_time": 0,
        "Landing_success_rate": 0.8666
    },
    {
        "model": 0,
        "sequence": 11,
        "status": 1,
        "fuel": 5547,
        "fault": 0.5806,
        "weapon": 1,
        "pilot_injury": 0.1709,
        "pilot_skill": 0.3084,
        "mission_priority": 0.5124,
        "estimated_landing_time": 1040.0,
        "wait_time": 0,
        "Landing_success_rate": 0.8515
    },
    {
        "model": 0,
        "sequence": 6,
        "status": 1,
        "fuel": 6316,
        "fault": 0.9538,
        "weapon": 0,
        "pilot_injury": 0.3588,
        "pilot_skill": 0.0204,
        "mission_priority": 0.6167,
        "estimated_landing_time": 570.0,
        "wait_time": 0,
        "Landing_success_rate": 0.8528
    },
    {
        "model": 1,
        "sequence": 20,
        "status": 1,
        "fuel": 6279,
        "fault": 0.2622,
        "weapon": 0,
        "pilot_injury": 0.1835,
        "pilot_skill": 0.306,
        "mission_priority": 0.6558,
        "estimated_landing_time": 1886.0,
        "wait_time": 0,
        "Landing_success_rate": 0.8931
    },
    {
        "model": 1,
        "sequence": 10,
        "status": 1,
        "fuel": 6694,
        "fault": 0.9968,
        "weapon": 1,
        "pilot_injury": 0.2182,
        "pilot_skill": 0.842,
        "mission_priority": 0.1559,
        "estimated_landing_time": 946.0,
        "wait_time": 0,
        "Landing_success_rate": 0.8503
    },
    {
        "model": 0,
        "sequence": 8,
        "status": 1,
        "fuel": 7159,
        "fault": 0.3008,
        "weapon": 0,
        "pilot_injury": 0.7369,
        "pilot_skill": 0.2662,
        "mission_priority": 0.9481,
        "estimated_landing_time": 758.0,
        "wait_time": 0,
        "Landing_success_rate": 0.937
    },
    {
        "model": 0,
        "sequence": 29,
        "status": 1,
        "fuel": 6935,
        "fault": 0.1459,
        "weapon": 1,
        "pilot_injury": 0.7258,
        "pilot_skill": 0.6963,
        "mission_priority": 0.7527,
        "estimated_landing_time": 2732.0,
        "wait_time": 0,
        "Landing_success_rate": 0.9419
    }
]