[
    {
        "model": 0,
        "sequence": 22,
        "status": 1,
        "fuel": 7261,
        "fault": 0.5305,
        "weapon": 1,
        "pilot_injury": 0.5087,
        "pilot_skill": 0.96,
        "mission_priority": 0.1993,
        "estimated_landing_time": 2074.0,
        "wait_time": 0,
        "Landing_success_rate": 0.912
    },
    {
        "model": 2,
        "sequence": 7,
        "status": 1,
        "fuel": 5718,
        "fault": 0.5584,
        "weapon": 0,
        "pilot_injury": 0.7836,
        "pilot_skill": 0.7322,
        "mission_priority": 0.8596,
        "estimated_landing_time": 664.0,
        "wait_time": 0,
        "Landing_success_rate": 0.8572
    },
    {
        "model": 1,
        "sequence": 17,
        "status": 1,
        "fuel": 5754,
        "fault": 0.1476,
        "weapon": 1,
        "pilot_injury": 0.4589,
        "pilot_skill": 0.4671,
        "mission_priority": 0.4062,
        "estimated_landing_time": 1604.0,
        "wait_time": 0,
        "Landing_success_rate": 0.8662
    },
    {
        "model": 2,
        "sequence": 10,
        "status": 1,
        "fuel": 6350,
        "fault": 0.635,
        "weapon": 0,
        "pilot_injury": 0.1475,
        "pilot_skill": 0.1065,
        "mission_priority": 0.9245,
        "estimated_landing_time": 946.0,
        "wait_time": 0,
        "Landing_success_rate": 0.8733
    },
    {
        "model": 2,
        "sequence": 11,
        "status": 1,
        "fuel": 6000,
        "fault": 0.9629,
        "weapon": 1,
        "pilot_injury": 0.4453,
        "pilot_skill": 0.2629,
        "mission_priority": 0.4058,
        "estimated_landing_time": 1040.0,
        "wait_time": 0,
        "Landing_success_rate": 0.8514
    },
    {
        "model": 1,
        "sequence": 29,
        "status": 1,
        "fuel": 5501,
        "fault": 0.7171,
        "weapon": 0,
        "pilot_injury": 0.8007,
        "pilot_skill": 0.7591,
        "mission_priority": 0.1043,
        "estimated_landing_time": 2732.0,
        "wait_time": 0,
        "Landing_success_rate": 0.85
    },
    {
        "model": 0,
        "sequence": 8,
        "status": 1,
        "fuel": 5525,
        "fault": 0.2679,
        "weapon": 1,
        "pilot_injury": 0.7134,
        "pilot_skill": 0.4744,
        "mission_priority": 0.27,
        "estimated_landing_time": 758.0,
        "wait_time": 0,
        "Landing_success_rate": 0.8514
    },
    {
        "model": 0,
        "sequence": 26,
        "status": 1,
        "fuel": 5696,
        "fault": 0.232,
        "weapon": 0,
        "pilot_injury": 0.219,
        "pilot_skill": 0.4086,
        "mission_priority": 0.7633,
        "estimated_landing_time": 2450.0,
        "wait_time": 0,
        "Landing_success_rate": 0.8613
    },
    {
        "model": 0,
        "sequence": 30,
        "status": 1,
        "fuel": 6831,
        "fault": 0.8369,
        "weapon": 0,
        "pilot_injury": 0.8319,
        "pilot_skill": 0.8816,
        "mission_priority": 0.4333,
        "estimated_landing_time": 2826.0,
        "wait_time": 0,
        "Landing_success_rate": 0.8663
    },
    {
        "model": 0,
        "sequence": 15,
        "status": 1,
        "fuel": 6995,
        "fault": 0.8508,
        "weapon": 1,
        "pilot_injury": 0.058,
        "pilot_skill": 0.6913,
        "mission_priority": 0.7823,
        "estimated_landing_time": 1416.0,
        "wait_time": 0,
        "Landing_success_rate": 0.8667
    },
    {
        "model": 0,
        "sequence": 27,
        "status": 1,
        "fuel": 5762,
        "fault": 0.4884,
        "weapon": 0,
        "pilot_injury": 0.0288,
        "pilot_skill": 0.6372,
        "mission_priority": 0.269,
        "estimated_landing_time": 2544.0,
        "wait_time": 0,
        "Landing_success_rate": 0.8601
    },
    {
        "model": 0,
        "sequence": 18,
        "status": 1,
        "fuel": 7487,
        "fault": 0.4263,
        "weapon": 1,
        "pilot_injury": 0.1749,
        "pilot_skill": 0.5084,
        "mission_priority": 0.4596,
        "estimated_landing_time": 1698.0,
        "wait_time": 0,
        "Landing_success_rate": 0.9355
    },
    {
        "model": 2,
        "sequence": 23,
        "status": 1,
        "fuel": 6393,
        "fault": 0.8782,
        "weapon": 0,
        "pilot_injury": 0.2146,
        "pilot_skill": 0.8143,
        "mission_priority": 0.7022,
        "estimated_landing_time": 2168.0,
        "wait_time": 0,
        "Landing_success_rate": 0.8582
    },
    {
        "model": 2,
        "sequence": 14,
        "status": 1,
        "fuel": 6136,
        "fault": 0.493,
        "weapon": 1,
        "pilot_injury": 0.224,
        "pilot_skill": 0.5755,
        "mission_priority": 0.8572,
        "estimated_landing_time": 1322.0,
        "wait_time": 0,
        "Landing_success_rate": 0.8742
    },
    {
        "model": 1,
        "sequence": 4,
        "status": 1,
        "fuel": 5521,
        "fault": 0.5216,
        "weapon": 0,
        "pilot_injury": 0.0434,
        "pilot_skill": 0.8209,
        "mission_priority": 0.8991,
        "estimated_landing_time": 382.0,
        "wait_time": 0,
        "Landing_success_rate": 0.8508
    },
    {
        "model": 0,
        "sequence": 21,
        "status": 1,
        "fuel": 6439,
        "fault": 0.9464,
        "weapon": 1,
        "pilot_injury": 0.5366,
        "pilot_skill": 0.2328,
        "mission_priority": 0.5167,
        "estimated_landing_time": 1980.0,
        "wait_time": 0,
        "Landing_success_rate": 0.8538
    },
    {
        "model": 0,
        "sequence": 5,
        "status": 1,
        "fuel": 7448,
        "fault": 0.9686,
        "weapon": 1,
        "pilot_injury": 0.9398,
        "pilot_skill": 0.4841,
        "mission_priority": 0.4106,
        "estimated_landing_time": 476.0,
        "wait_time": 0,
        "Landing_success_rate": 0.8546
    },
    {
        "model": 0,
        "sequence": 25,
        "status": 1,
        "fuel": 6042,
        "fault": 0.4006,
        "weapon": 1,
        "pilot_injury": 0.0419,
        "pilot_skill": 0.7199,
        "mission_priority": 0.281,
        "estimated_landing_time": 2356.0,
        "wait_time": 0,
        "Landing_success_rate": 0.8744
    },
    {
        "model": 1,
        "sequence": 24,
        "status": 1,
        "fuel": 6264,
        "fault": 0.0907,
        "weapon": 1,
        "pilot_injury": 0.9314,
        "pilot_skill": 0.2521,
        "mission_priority": 0.4479,
        "estimated_landing_time": 2262.0,
        "wait_time": 0,
        "Landing_success_rate": 0.9021
    },
    {
        "model": 2,
        "sequence": 6,
        "status": 1,
        "fuel": 6139,
        "fault": 0.7984,
        "weapon": 0,
        "pilot_injury": 0.0786,
        "pilot_skill": 0.5519,
        "mission_priority": 0.0882,
        "estimated_landing_time": 570.0,
        "wait_time": 0,
        "Landing_success_rate": 0.8597
    },
    {
        "model": 2,
        "sequence": 12,
        "status": 1,
        "fuel": 6979,
        "fault": 0.9956,
        "weapon": 1,
        "pilot_injury": 0.2894,
        "pilot_skill": 0.6787,
        "mission_priority": 0.5089,
        "estimated_landing_time": 1134.0,
        "wait_time": 0,
        "Landing_success_rate": 0.8505
    },
    {
        "model": 0,
        "sequence": 3,
        "status": 1,
        "fuel": 7289,
        "fault": 0.3672,
        "weapon": 0,
        "pilot_injury": 0.069,
        "pilot_skill": 0.3472,
        "mission_priority": 0.5228,
        "estimated_landing_time": 288.0,
        "wait_time": 0,
        "Landing_success_rate": 0.9349
    },
    {
        "model": 2,
        "sequence": 1,
        "status": 1,
        "fuel": 6822,
        "fault": 0.1459,
        "weapon": 1,
        "pilot_injury": 0.0518,
        "pilot_skill": 0.4848,
        "mission_priority": 0.715,
        "estimated_landing_time": 100.0,
        "wait_time": 0,
        "Landing_success_rate": 0.9347
    },
    {
        "model": 2,
        "sequence": 2,
        "status": 1,
        "fuel": 5990,
        "fault": 0.1957,
        "weapon": 1,
        "pilot_injury": 0.6322,
        "pilot_skill": 0.9585,
        "mission_priority": 0.2841,
        "estimated_landing_time": 194.0,
        "wait_time": 0,
        "Landing_success_rate": 0.8796
    },
    {
        "model": 2,
        "sequence": 16,
        "status": 1,
        "fuel": 7410,
        "fault": 0.058,
        "weapon": 1,
        "pilot_injury": 0.7452,
        "pilot_skill": 0.9022,
        "mission_priority": 0.5512,
        "estimated_landing_time": 1510.0,
        "wait_time": 0,
        "Landing_success_rate": 0.9849
    },
    {
        "model": 0,
        "sequence": 28,
        "status": 1,
        "fuel": 5855,
        "fault": 0.0207,
        "weapon": 0,
        "pilot_injury": 0.5992,
        "pilot_skill": 0.4451,
        "mission_priority": 0.1456,
        "estimated_landing_time": 2638.0,
        "wait_time": 0,
        "Landing_success_rate": 0.8761
    },
    {
        "model": 2,
        "sequence": 13,
        "status": 1,
        "fuel": 6344,
        "fault": 0.4207,
        "weapon": 1,
        "pilot_injury": 0.7872,
        "pilot_skill": 0.7475,
        "mission_priority": 0.6433,
        "estimated_landing_time": 1228.0,
        "wait_time": 0,
        "Landing_success_rate": 0.8867
    },
    {
        "model": 2,
        "sequence": 19,
        "status": 1,
        "fuel": 6263,
        "fault": 0.707,
        "weapon": 0,
        "pilot_injury": 0.2246,
        "pilot_skill": 0.0063,
        "mission_priority": 0.6735,
        "estimated_landing_time": 1792.0,
        "wait_time": 0,
        "Landing_success_rate": 0.8668
    },
    {
        "model": 1,
        "sequence": 20,
        "status": 1,
        "fuel": 6836,
        "fault": 0.3236,
        "weapon": 0,
        "pilot_injury": 0.0919,
        "pilot_skill": 0.3357,
        "mission_priority": 0.2921,
        "estimated_landing_time": 1886.0,
        "wait_time": 0,
        "Landing_success_rate": 0.9178
    },
    {
        "model": 0,
        "sequence": 9,
        "status": 1,
        "fuel": 6040,
        "fault": 0.7525,
        "weapon": 0,
        "pilot_injury": 0.3397,
        "pilot_skill": 0.9076,
        "mission_priority": 0.3348,
        "estimated_landing_time": 852.0,
        "wait_time": 0,
        "Landing_success_rate": 0.86
    }
]