[
    {
        "model": 0,
        "sequence": 15,
        "status": 1,
        "fuel": 7436,
        "fault": 0.7919,
        "weapon": 0,
        "pilot_injury": 0.454,
        "pilot_skill": 0.0371,
        "mission_priority": 0.1332,
        "estimated_landing_time": 1416.0,
        "wait_time": 0,
        "Landing_success_rate": 0.8802
    },
    {
        "model": 0,
        "sequence": 2,
        "status": 1,
        "fuel": 6513,
        "fault": 0.0421,
        "weapon": 1,
        "pilot_injury": 0.307,
        "pilot_skill": 0.4372,
        "mission_priority": 0.1016,
        "estimated_landing_time": 194.0,
        "wait_time": 0,
        "Landing_success_rate": 0.9228
    },
    {
        "model": 1,
        "sequence": 21,
        "status": 1,
        "fuel": 6671,
        "fault": 0.9256,
        "weapon": 0,
        "pilot_injury": 0.4853,
        "pilot_skill": 0.1468,
        "mission_priority": 0.6886,
        "estimated_landing_time": 1980.0,
        "wait_time": 0,
        "Landing_success_rate": 0.8565
    },
    {
        "model": 1,
        "sequence": 18,
        "status": 1,
        "fuel": 5822,
        "fault": 0.4395,
        "weapon": 1,
        "pilot_injury": 0.059,
        "pilot_skill": 0.9178,
        "mission_priority": 0.1243,
        "estimated_landing_time": 1698.0,
        "wait_time": 0,
        "Landing_success_rate": 0.8635
    },
    {
        "model": 1,
        "sequence": 25,
        "status": 1,
        "fuel": 6664,
        "fault": 0.265,
        "weapon": 1,
        "pilot_injury": 0.3216,
        "pilot_skill": 0.0248,
        "mission_priority": 0.5561,
        "estimated_landing_time": 2356.0,
        "wait_time": 0,
        "Landing_success_rate": 0.9142
    },
    {
        "model": 0,
        "sequence": 14,
        "status": 1,
        "fuel": 6169,
        "fault": 0.2841,
        "weapon": 0,
        "pilot_injury": 0.9057,
        "pilot_skill": 0.5477,
        "mission_priority": 0.9523,
        "estimated_landing_time": 1322.0,
        "wait_time": 0,
        "Landing_success_rate": 0.8859
    },
    {
        "model": 0,
        "sequence": 10,
        "status": 1,
        "fuel": 6156,
        "fault": 0.8701,
        "weapon": 1,
        "pilot_injury": 0.8298,
        "pilot_skill": 0.5533,
        "mission_priority": 0.547,
        "estimated_landing_time": 946.0,
        "wait_time": 0,
        "Landing_success_rate": 0.8564
    },
    {
        "model": 2,
        "sequence": 23,
        "status": 1,
        "fuel": 5606,
        "fault": 0.8067,
        "weapon": 1,
        "pilot_injury": 0.0803,
        "pilot_skill": 0.0895,
        "mission_priority": 0.1895,
        "estimated_landing_time": 2168.0,
        "wait_time": 0,
        "Landing_success_rate": 0.8515
    },
    {
        "model": 0,
        "sequence": 11,
        "status": 1,
        "fuel": 5757,
        "fault": 0.3486,
        "weapon": 1,
        "pilot_injury": 0.6369,
        "pilot_skill": 0.1183,
        "mission_priority": 0.465,
        "estimated_landing_time": 1040.0,
        "wait_time": 0,
        "Landing_success_rate": 0.8626
    },
    {
        "model": 2,
        "sequence": 7,
        "status": 1,
        "fuel": 6575,
        "fault": 0.2422,
        "weapon": 1,
        "pilot_injury": 0.9243,
        "pilot_skill": 0.031,
        "mission_priority": 0.877,
        "estimated_landing_time": 664.0,
        "wait_time": 0,
        "Landing_success_rate": 0.9111
    },
    {
        "model": 0,
        "sequence": 19,
        "status": 1,
        "fuel": 5634,
        "fault": 0.7326,
        "weapon": 1,
        "pilot_injury": 0.7869,
        "pilot_skill": 0.8262,
        "mission_priority": 0.1077,
        "estimated_landing_time": 1792.0,
        "wait_time": 0,
        "Landing_success_rate": 0.8527
    },
    {
        "model": 1,
        "sequence": 20,
        "status": 1,
        "fuel": 6166,
        "fault": 0.0123,
        "weapon": 0,
        "pilot_injury": 0.3516,
        "pilot_skill": 0.1539,
        "mission_priority": 0.0007,
        "estimated_landing_time": 1886.0,
        "wait_time": 0,
        "Landing_success_rate": 0.8993
    },
    {
        "model": 1,
        "sequence": 17,
        "status": 1,
        "fuel": 7360,
        "fault": 0.0986,
        "weapon": 0,
        "pilot_injury": 0.3881,
        "pilot_skill": 0.1642,
        "mission_priority": 0.1446,
        "estimated_landing_time": 1604.0,
        "wait_time": 0,
        "Landing_success_rate": 0.9757
    },
    {
        "model": 1,
        "sequence": 12,
        "status": 1,
        "fuel": 5905,
        "fault": 0.6679,
        "weapon": 0,
        "pilot_injury": 0.3596,
        "pilot_skill": 0.6162,
        "mission_priority": 0.4471,
        "estimated_landing_time": 1134.0,
        "wait_time": 0,
        "Landing_success_rate": 0.8601
    },
    {
        "model": 2,
        "sequence": 27,
        "status": 1,
        "fuel": 7455,
        "fault": 0.9683,
        "weapon": 1,
        "pilot_injury": 0.2871,
        "pilot_skill": 0.6027,
        "mission_priority": 0.2457,
        "estimated_landing_time": 2544.0,
        "wait_time": 0,
        "Landing_success_rate": 0.8546
    },
    {
        "model": 1,
        "sequence": 6,
        "status": 1,
        "fuel": 6206,
        "fault": 0.2772,
        "weapon": 1,
        "pilot_injury": 0.6555,
        "pilot_skill": 0.5732,
        "mission_priority": 0.5193,
        "estimated_landing_time": 570.0,
        "wait_time": 0,
        "Landing_success_rate": 0.8883
    },
    {
        "model": 0,
        "sequence": 30,
        "status": 1,
        "fuel": 6397,
        "fault": 0.2229,
        "weapon": 1,
        "pilot_injury": 0.8971,
        "pilot_skill": 0.1253,
        "mission_priority": 0.7037,
        "estimated_landing_time": 2826.0,
        "wait_time": 0,
        "Landing_success_rate": 0.9023
    },
    {
        "model": 1,
        "sequence": 28,
        "status": 1,
        "fuel": 6666,
        "fault": 0.2021,
        "weapon": 1,
        "pilot_injury": 0.6838,
        "pilot_skill": 0.5602,
        "mission_priority": 0.6783,
        "estimated_landing_time": 2638.0,
        "wait_time": 0,
        "Landing_success_rate": 0.9198
    },
    {
        "model": 1,
        "sequence": 1,
        "status": 1,
        "fuel": 5777,
        "fault": 0.5288,
        "weapon": 0,
        "pilot_injury": 0.9149,
        "pilot_skill": 0.4948,
        "mission_priority": 0.341,
        "estimated_landing_time": 100.0,
        "wait_time": 0,
        "Landing_success_rate": 0.8598
    },
    {
        "model": 0,
        "sequence": 24,
        "status": 1,
        "fuel": 6673,
        "fault": 0.4638,
        "weapon": 0,
        "pilot_injury": 0.4536,
        "pilot_skill": 0.9945,
        "mission_priority": 0.5356,
        "estimated_landing_time": 2262.0,
        "wait_time": 0,
        "Landing_success_rate": 0.8972
    },
    {
        "model": 2,
        "sequence": 26,
        "status": 1,
        "fuel": 5530,
        "fault": 0.6635,
        "weapon": 1,
        "pilot_injury": 0.0437,
        "pilot_skill": 0.1108,
        "mission_priority": 0.6637,
        "estimated_landing_time": 2450.0,
        "wait_time": 0,
        "Landing_success_rate": 0.8508
    },
    {
        "model": 1,
        "sequence": 13,
        "status": 1,
        "fuel": 5789,
        "fault": 0.3286,
        "weapon": 1,
        "pilot_injury": 0.0619,
        "pilot_skill": 0.5939,
        "mission_priority": 0.6785,
        "estimated_landing_time": 1228.0,
        "wait_time": 0,
        "Landing_success_rate": 0.8646
    },
    {
        "model": 2,
        "sequence": 16,
        "status": 1,
        "fuel": 5888,
        "fault": 0.9224,
        "weapon": 1,
        "pilot_injury": 0.3122,
        "pilot_skill": 0.7192,
        "mission_priority": 0.0807,
        "estimated_landing_time": 1510.0,
        "wait_time": 0,
        "Landing_success_rate": 0.8523
    },
    {
        "model": 2,
        "sequence": 29,
        "status": 1,
        "fuel": 6694,
        "fault": 0.9103,
        "weapon": 1,
        "pilot_injury": 0.7487,
        "pilot_skill": 0.2813,
        "mission_priority": 0.0623,
        "estimated_landing_time": 2732.0,
        "wait_time": 0,
        "Landing_success_rate": 0.858
    },
    {
        "model": 1,
        "sequence": 22,
        "status": 1,
        "fuel": 5769,
        "fault": 0.701,
        "weapon": 1,
        "pilot_injury": 0.5302,
        "pilot_skill": 0.3939,
        "mission_priority": 0.136,
        "estimated_landing_time": 2074.0,
        "wait_time": 0,
        "Landing_success_rate": 0.856
    },
    {
        "model": 0,
        "sequence": 3,
        "status": 1,
        "fuel": 6217,
        "fault": 0.9278,
        "weapon": 0,
        "pilot_injury": 0.8131,
        "pilot_skill": 0.2104,
        "mission_priority": 0.4285,
        "estimated_landing_time": 288.0,
        "wait_time": 0,
        "Landing_success_rate": 0.8539
    },
    {
        "model": 2,
        "sequence": 5,
        "status": 1,
        "fuel": 6021,
        "fault": 0.4662,
        "weapon": 1,
        "pilot_injury": 0.805,
        "pilot_skill": 0.5815,
        "mission_priority": 0.5461,
        "estimated_landing_time": 476.0,
        "wait_time": 0,
        "Landing_success_rate": 0.8709
    },
    {
        "model": 0,
        "sequence": 8,
        "status": 1,
        "fuel": 6210,
        "fault": 0.5678,
        "weapon": 0,
        "pilot_injury": 0.2477,
        "pilot_skill": 0.3137,
        "mission_priority": 0.5325,
        "estimated_landing_time": 758.0,
        "wait_time": 0,
        "Landing_success_rate": 0.873
    },
    {
        "model": 2,
        "sequence": 4,
        "status": 1,
        "fuel": 7181,
        "fault": 0.5454,
        "weapon": 1,
        "pilot_injury": 0.247,
        "pilot_skill": 0.233,
        "mission_priority": 0.4356,
        "estimated_landing_time": 382.0,
        "wait_time": 0,
        "Landing_success_rate": 0.9073
    },
    {
        "model": 1,
        "sequence": 9,
        "status": 1,
        "fuel": 5791,
        "fault": 0.5316,
        "weapon": 0,
        "pilot_injury": 0.9569,
        "pilot_skill": 0.1904,
        "mission_priority": 0.8864,
        "estimated_landing_time": 852.0,
        "wait_time": 0,
        "Landing_success_rate": 0.8602
    }
]