[
    {
        "model": 1,
        "sequence": 3,
        "status": 1,
        "fuel": 5741,
        "fault": 0.5303,
        "weapon": 0,
        "pilot_injury": 0.3819,
        "pilot_skill": 0.2498,
        "mission_priority": 0.9855,
        "estimated_landing_time": 288.0,
        "wait_time": 0,
        "Landing_success_rate": 0.8585
    },
    {
        "model": 0,
        "sequence": 4,
        "status": 1,
        "fuel": 5612,
        "fault": 0.4328,
        "weapon": 0,
        "pilot_injury": 0.4631,
        "pilot_skill": 0.1162,
        "mission_priority": 0.3931,
        "estimated_landing_time": 382.0,
        "wait_time": 0,
        "Landing_success_rate": 0.8548
    },
    {
        "model": 2,
        "sequence": 15,
        "status": 1,
        "fuel": 7290,
        "fault": 0.3467,
        "weapon": 1,
        "pilot_injury": 0.8566,
        "pilot_skill": 0.1928,
        "mission_priority": 0.6077,
        "estimated_landing_time": 1416.0,
        "wait_time": 0,
        "Landing_success_rate": 0.9377
    },
    {
        "model": 0,
        "sequence": 18,
        "status": 1,
        "fuel": 6912,
        "fault": 0.675,
        "weapon": 1,
        "pilot_injury": 0.4727,
        "pilot_skill": 0.0743,
        "mission_priority": 0.544,
        "estimated_landing_time": 1698.0,
        "wait_time": 0,
        "Landing_success_rate": 0.8844
    },
    {
        "model": 2,
        "sequence": 14,
        "status": 1,
        "fuel": 6726,
        "fault": 0.9928,
        "weapon": 1,
        "pilot_injury": 0.0207,
        "pilot_skill": 0.0432,
        "mission_priority": 0.7304,
        "estimated_landing_time": 1322.0,
        "wait_time": 0,
        "Landing_success_rate": 0.8507
    },
    {
        "model": 1,
        "sequence": 22,
        "status": 1,
        "fuel": 5801,
        "fault": 0.0908,
        "weapon": 0,
        "pilot_injury": 0.6226,
        "pilot_skill": 0.7415,
        "mission_priority": 0.5589,
        "estimated_landing_time": 2074.0,
        "wait_time": 0,
        "Landing_success_rate": 0.8705
    },
    {
        "model": 0,
        "sequence": 1,
        "status": 1,
        "fuel": 7456,
        "fault": 0.3542,
        "weapon": 0,
        "pilot_injury": 0.8542,
        "pilot_skill": 0.2408,
        "mission_priority": 0.9068,
        "estimated_landing_time": 100.0,
        "wait_time": 0,
        "Landing_success_rate": 0.9447
    },
    {
        "model": 0,
        "sequence": 17,
        "status": 1,
        "fuel": 6140,
        "fault": 0.9551,
        "weapon": 1,
        "pilot_injury": 0.8747,
        "pilot_skill": 0.6234,
        "mission_priority": 0.8062,
        "estimated_landing_time": 1604.0,
        "wait_time": 0,
        "Landing_success_rate": 0.8522
    },
    {
        "model": 1,
        "sequence": 26,
        "status": 1,
        "fuel": 7254,
        "fault": 0.0213,
        "weapon": 1,
        "pilot_injury": 0.4106,
        "pilot_skill": 0.9928,
        "mission_priority": 0.2717,
        "estimated_landing_time": 2450.0,
        "wait_time": 0,
        "Landing_success_rate": 0.9787
    },
    {
        "model": 0,
        "sequence": 23,
        "status": 1,
        "fuel": 6551,
        "fault": 0.3146,
        "weapon": 0,
        "pilot_injury": 0.9702,
        "pilot_skill": 0.0529,
        "mission_priority": 0.9456,
        "estimated_landing_time": 2168.0,
        "wait_time": 0,
        "Landing_success_rate": 0.904
    },
    {
        "model": 1,
        "sequence": 7,
        "status": 1,
        "fuel": 6166,
        "fault": 0.2917,
        "weapon": 1,
        "pilot_injury": 0.1084,
        "pilot_skill": 0.8407,
        "mission_priority": 0.6398,
        "estimated_landing_time": 664.0,
        "wait_time": 0,
        "Landing_success_rate": 0.8854
    },
    {
        "model": 1,
        "sequence": 2,
        "status": 1,
        "fuel": 6732,
        "fault": 0.468,
        "weapon": 1,
        "pilot_injury": 0.1505,
        "pilot_skill": 0.3968,
        "mission_priority": 0.0303,
        "estimated_landing_time": 194.0,
        "wait_time": 0,
        "Landing_success_rate": 0.8992
    },
    {
        "model": 2,
        "sequence": 16,
        "status": 1,
        "fuel": 6788,
        "fault": 0.3649,
        "weapon": 0,
        "pilot_injury": 0.9309,
        "pilot_skill": 0.9904,
        "mission_priority": 0.4234,
        "estimated_landing_time": 1510.0,
        "wait_time": 0,
        "Landing_success_rate": 0.9114
    },
    {
        "model": 2,
        "sequence": 6,
        "status": 1,
        "fuel": 6936,
        "fault": 0.4694,
        "weapon": 1,
        "pilot_injury": 0.4984,
        "pilot_skill": 0.9401,
        "mission_priority": 0.1654,
        "estimated_landing_time": 570.0,
        "wait_time": 0,
        "Landing_success_rate": 0.9071
    },
    {
        "model": 1,
        "sequence": 27,
        "status": 1,
        "fuel": 7336,
        "fault": 0.2611,
        "weapon": 1,
        "pilot_injury": 0.6264,
        "pilot_skill": 0.3305,
        "mission_priority": 0.8127,
        "estimated_landing_time": 2544.0,
        "wait_time": 0,
        "Landing_success_rate": 0.9517
    },
    {
        "model": 1,
        "sequence": 12,
        "status": 1,
        "fuel": 6243,
        "fault": 0.5327,
        "weapon": 0,
        "pilot_injury": 0.518,
        "pilot_skill": 0.7569,
        "mission_priority": 0.5184,
        "estimated_landing_time": 1134.0,
        "wait_time": 0,
        "Landing_success_rate": 0.876
    },
    {
        "model": 0,
        "sequence": 29,
        "status": 1,
        "fuel": 7047,
        "fault": 0.0452,
        "weapon": 0,
        "pilot_injury": 0.1548,
        "pilot_skill": 0.2299,
        "mission_priority": 0.5493,
        "estimated_landing_time": 2732.0,
        "wait_time": 0,
        "Landing_success_rate": 0.9608
    },
    {
        "model": 1,
        "sequence": 8,
        "status": 1,
        "fuel": 7234,
        "fault": 0.2408,
        "weapon": 1,
        "pilot_injury": 0.5836,
        "pilot_skill": 0.3813,
        "mission_priority": 0.3267,
        "estimated_landing_time": 758.0,
        "wait_time": 0,
        "Landing_success_rate": 0.9487
    },
    {
        "model": 1,
        "sequence": 13,
        "status": 1,
        "fuel": 7396,
        "fault": 0.3081,
        "weapon": 1,
        "pilot_injury": 0.691,
        "pilot_skill": 0.3919,
        "mission_priority": 0.3774,
        "estimated_landing_time": 1228.0,
        "wait_time": 0,
        "Landing_success_rate": 0.9484
    },
    {
        "model": 0,
        "sequence": 24,
        "status": 1,
        "fuel": 6902,
        "fault": 0.4463,
        "weapon": 0,
        "pilot_injury": 0.7244,
        "pilot_skill": 0.6701,
        "mission_priority": 0.4962,
        "estimated_landing_time": 2262.0,
        "wait_time": 0,
        "Landing_success_rate": 0.9082
    },
    {
        "model": 1,
        "sequence": 10,
        "status": 1,
        "fuel": 6633,
        "fault": 0.453,
        "weapon": 1,
        "pilot_injury": 0.1454,
        "pilot_skill": 0.5595,
        "mission_priority": 0.3155,
        "estimated_landing_time": 946.0,
        "wait_time": 0,
        "Landing_success_rate": 0.8965
    },
    {
        "model": 1,
        "sequence": 5,
        "status": 1,
        "fuel": 7270,
        "fault": 0.6176,
        "weapon": 0,
        "pilot_injury": 0.9399,
        "pilot_skill": 0.4349,
        "mission_priority": 0.6644,
        "estimated_landing_time": 476.0,
        "wait_time": 0,
        "Landing_success_rate": 0.9008
    },
    {
        "model": 2,
        "sequence": 25,
        "status": 1,
        "fuel": 5648,
        "fault": 0.5799,
        "weapon": 1,
        "pilot_injury": 0.267,
        "pilot_skill": 0.2572,
        "mission_priority": 0.5597,
        "estimated_landing_time": 2356.0,
        "wait_time": 0,
        "Landing_success_rate": 0.8547
    },
    {
        "model": 1,
        "sequence": 9,
        "status": 1,
        "fuel": 5904,
        "fault": 0.3827,
        "weapon": 0,
        "pilot_injury": 0.4889,
        "pilot_skill": 0.2551,
        "mission_priority": 0.7593,
        "estimated_landing_time": 852.0,
        "wait_time": 0,
        "Landing_success_rate": 0.8687
    },
    {
        "model": 1,
        "sequence": 30,
        "status": 1,
        "fuel": 5631,
        "fault": 0.2122,
        "weapon": 1,
        "pilot_injury": 0.7991,
        "pilot_skill": 0.1724,
        "mission_priority": 0.9008,
        "estimated_landing_time": 2826.0,
        "wait_time": 0,
        "Landing_success_rate": 0.8577
    },
    {
        "model": 0,
        "sequence": 21,
        "status": 1,
        "fuel": 5956,
        "fault": 0.02,
        "weapon": 1,
        "pilot_injury": 0.0363,
        "pilot_skill": 0.6946,
        "mission_priority": 0.6061,
        "estimated_landing_time": 1980.0,
        "wait_time": 0,
        "Landing_success_rate": 0.8835
    },
    {
        "model": 2,
        "sequence": 11,
        "status": 1,
        "fuel": 6283,
        "fault": 0.4175,
        "weapon": 1,
        "pilot_injury": 0.6144,
        "pilot_skill": 0.8732,
        "mission_priority": 0.952,
        "estimated_landing_time": 1040.0,
        "wait_time": 0,
        "Landing_success_rate": 0.8842
    },
    {
        "model": 2,
        "sequence": 20,
        "status": 1,
        "fuel": 6643,
        "fault": 0.2349,
        "weapon": 0,
        "pilot_injury": 0.273,
        "pilot_skill": 0.4116,
        "mission_priority": 0.7959,
        "estimated_landing_time": 1886.0,
        "wait_time": 0,
        "Landing_success_rate": 0.9156
    },
    {
        "model": 1,
        "sequence": 19,
        "status": 1,
        "fuel": 7169,
        "fault": 0.5827,
        "weapon": 1,
        "pilot_injury": 0.8501,
        "pilot_skill": 0.0013,
        "mission_priority": 0.8522,
        "estimated_landing_time": 1792.0,
        "wait_time": 0,
        "Landing_success_rate": 0.9022
    },
    {
        "model": 2,
        "sequence": 28,
        "status": 1,
        "fuel": 5686,
        "fault": 0.0482,
        "weapon": 0,
        "pilot_injury": 0.3616,
        "pilot_skill": 0.8807,
        "mission_priority": 0.9087,
        "estimated_landing_time": 2638.0,
        "wait_time": 0,
        "Landing_success_rate": 0.8633
    }
]