[
    {
        "model": 2,
        "sequence": 22,
        "status": 1,
        "fuel": 6804,
        "fault": 0.8252,
        "weapon": 1,
        "pilot_injury": 0.4337,
        "pilot_skill": 0.0547,
        "mission_priority": 0.1114,
        "estimated_landing_time": 2074.0,
        "wait_time": 0,
        "Landing_success_rate": 0.8671
    },
    {
        "model": 0,
        "sequence": 13,
        "status": 1,
        "fuel": 6284,
        "fault": 0.6021,
        "weapon": 0,
        "pilot_injury": 0.1378,
        "pilot_skill": 0.3399,
        "mission_priority": 0.201,
        "estimated_landing_time": 1228.0,
        "wait_time": 0,
        "Landing_success_rate": 0.8734
    },
    {
        "model": 1,
        "sequence": 14,
        "status": 1,
        "fuel": 6914,
        "fault": 0.8132,
        "weapon": 0,
        "pilot_injury": 0.8831,
        "pilot_skill": 0.012,
        "mission_priority": 0.7739,
        "estimated_landing_time": 1322.0,
        "wait_time": 0,
        "Landing_success_rate": 0.8698
    },
    {
        "model": 2,
        "sequence": 8,
        "status": 1,
        "fuel": 6449,
        "fault": 0.7665,
        "weapon": 1,
        "pilot_injury": 0.2084,
        "pilot_skill": 0.8781,
        "mission_priority": 0.4751,
        "estimated_landing_time": 758.0,
        "wait_time": 0,
        "Landing_success_rate": 0.8666
    },
    {
        "model": 0,
        "sequence": 24,
        "status": 1,
        "fuel": 7110,
        "fault": 0.5382,
        "weapon": 0,
        "pilot_injury": 0.1949,
        "pilot_skill": 0.376,
        "mission_priority": 0.4967,
        "estimated_landing_time": 2262.0,
        "wait_time": 0,
        "Landing_success_rate": 0.9058
    },
    {
        "model": 0,
        "sequence": 5,
        "status": 1,
        "fuel": 7283,
        "fault": 0.721,
        "weapon": 0,
        "pilot_injury": 0.9359,
        "pilot_skill": 0.3481,
        "mission_priority": 0.3557,
        "estimated_landing_time": 476.0,
        "wait_time": 0,
        "Landing_success_rate": 0.8873
    },
    {
        "model": 0,
        "sequence": 16,
        "status": 1,
        "fuel": 6552,
        "fault": 0.181,
        "weapon": 1,
        "pilot_injury": 0.4288,
        "pilot_skill": 0.8138,
        "mission_priority": 0.891,
        "estimated_landing_time": 1510.0,
        "wait_time": 0,
        "Landing_success_rate": 0.9146
    },
    {
        "model": 2,
        "sequence": 30,
        "status": 1,
        "fuel": 7292,
        "fault": 0.4509,
        "weapon": 1,
        "pilot_injury": 0.4663,
        "pilot_skill": 0.5044,
        "mission_priority": 0.4322,
        "estimated_landing_time": 2826.0,
        "wait_time": 0,
        "Landing_success_rate": 0.9238
    },
    {
        "model": 2,
        "sequence": 17,
        "status": 1,
        "fuel": 6599,
        "fault": 0.5361,
        "weapon": 1,
        "pilot_injury": 0.4465,
        "pilot_skill": 0.2095,
        "mission_priority": 0.9034,
        "estimated_landing_time": 1604.0,
        "wait_time": 0,
        "Landing_success_rate": 0.8882
    },
    {
        "model": 2,
        "sequence": 20,
        "status": 1,
        "fuel": 6619,
        "fault": 0.9281,
        "weapon": 1,
        "pilot_injury": 0.4009,
        "pilot_skill": 0.3703,
        "mission_priority": 0.7165,
        "estimated_landing_time": 1886.0,
        "wait_time": 0,
        "Landing_success_rate": 0.856
    },
    {
        "model": 0,
        "sequence": 3,
        "status": 1,
        "fuel": 6490,
        "fault": 0.0752,
        "weapon": 1,
        "pilot_injury": 0.1241,
        "pilot_skill": 0.6183,
        "mission_priority": 0.9019,
        "estimated_landing_time": 288.0,
        "wait_time": 0,
        "Landing_success_rate": 0.9187
    },
    {
        "model": 1,
        "sequence": 7,
        "status": 1,
        "fuel": 5875,
        "fault": 0.7184,
        "weapon": 1,
        "pilot_injury": 0.509,
        "pilot_skill": 0.686,
        "mission_priority": 0.0896,
        "estimated_landing_time": 664.0,
        "wait_time": 0,
        "Landing_success_rate": 0.8579
    },
    {
        "model": 1,
        "sequence": 6,
        "status": 1,
        "fuel": 6041,
        "fault": 0.2476,
        "weapon": 0,
        "pilot_injury": 0.8577,
        "pilot_skill": 0.0277,
        "mission_priority": 0.1535,
        "estimated_landing_time": 570.0,
        "wait_time": 0,
        "Landing_success_rate": 0.8805
    },
    {
        "model": 2,
        "sequence": 2,
        "status": 1,
        "fuel": 6944,
        "fault": 0.7448,
        "weapon": 1,
        "pilot_injury": 0.9823,
        "pilot_skill": 0.1157,
        "mission_priority": 0.5265,
        "estimated_landing_time": 194.0,
        "wait_time": 0,
        "Landing_success_rate": 0.8776
    },
    {
        "model": 2,
        "sequence": 27,
        "status": 1,
        "fuel": 6493,
        "fault": 0.7401,
        "weapon": 0,
        "pilot_injury": 0.1745,
        "pilot_skill": 0.0634,
        "mission_priority": 0.893,
        "estimated_landing_time": 2544.0,
        "wait_time": 0,
        "Landing_success_rate": 0.8694
    },
    {
        "model": 2,
        "sequence": 29,
        "status": 1,
        "fuel": 7000,
        "fault": 0.5482,
        "weapon": 1,
        "pilot_injury": 0.6257,
        "pilot_skill": 0.1986,
        "mission_priority": 0.9984,
        "estimated_landing_time": 2732.0,
        "wait_time": 0,
        "Landing_success_rate": 0.9008
    },
    {
        "model": 1,
        "sequence": 12,
        "status": 1,
        "fuel": 5555,
        "fault": 0.2988,
        "weapon": 1,
        "pilot_injury": 0.9483,
        "pilot_skill": 0.949,
        "mission_priority": 0.7528,
        "estimated_landing_time": 1134.0,
        "wait_time": 0,
        "Landing_success_rate": 0.8529
    },
    {
        "model": 1,
        "sequence": 28,
        "status": 1,
        "fuel": 6907,
        "fault": 0.168,
        "weapon": 0,
        "pilot_injury": 0.5699,
        "pilot_skill": 0.36,
        "mission_priority": 0.831,
        "estimated_landing_time": 2638.0,
        "wait_time": 0,
        "Landing_success_rate": 0.9378
    },
    {
        "model": 2,
        "sequence": 21,
        "status": 1,
        "fuel": 6293,
        "fault": 0.2448,
        "weapon": 1,
        "pilot_injury": 0.017,
        "pilot_skill": 0.2373,
        "mission_priority": 0.5671,
        "estimated_landing_time": 1980.0,
        "wait_time": 0,
        "Landing_success_rate": 0.8949
    },
    {
        "model": 0,
        "sequence": 4,
        "status": 1,
        "fuel": 6971,
        "fault": 0.2381,
        "weapon": 1,
        "pilot_injury": 0.6717,
        "pilot_skill": 0.1694,
        "mission_priority": 0.5963,
        "estimated_landing_time": 382.0,
        "wait_time": 0,
        "Landing_success_rate": 0.9341
    },
    {
        "model": 1,
        "sequence": 18,
        "status": 1,
        "fuel": 6214,
        "fault": 0.0219,
        "weapon": 1,
        "pilot_injury": 0.9532,
        "pilot_skill": 0.1082,
        "mission_priority": 0.4066,
        "estimated_landing_time": 1698.0,
        "wait_time": 0,
        "Landing_success_rate": 0.9024
    },
    {
        "model": 2,
        "sequence": 10,
        "status": 1,
        "fuel": 5648,
        "fault": 0.0558,
        "weapon": 0,
        "pilot_injury": 0.4246,
        "pilot_skill": 0.6683,
        "mission_priority": 0.6656,
        "estimated_landing_time": 946.0,
        "wait_time": 0,
        "Landing_success_rate": 0.8605
    },
    {
        "model": 1,
        "sequence": 19,
        "status": 1,
        "fuel": 7309,
        "fault": 0.8284,
        "weapon": 0,
        "pilot_injury": 0.3335,
        "pilot_skill": 0.6277,
        "mission_priority": 0.5557,
        "estimated_landing_time": 1792.0,
        "wait_time": 0,
        "Landing_success_rate": 0.8733
    },
    {
        "model": 0,
        "sequence": 11,
        "status": 1,
        "fuel": 7042,
        "fault": 0.8336,
        "weapon": 1,
        "pilot_injury": 0.2549,
        "pilot_skill": 0.2465,
        "mission_priority": 0.3703,
        "estimated_landing_time": 1040.0,
        "wait_time": 0,
        "Landing_success_rate": 0.8692
    },
    {
        "model": 0,
        "sequence": 1,
        "status": 1,
        "fuel": 6855,
        "fault": 0.8436,
        "weapon": 0,
        "pilot_injury": 0.6029,
        "pilot_skill": 0.2164,
        "mission_priority": 0.8841,
        "estimated_landing_time": 100.0,
        "wait_time": 0,
        "Landing_success_rate": 0.8659
    },
    {
        "model": 1,
        "sequence": 15,
        "status": 1,
        "fuel": 6581,
        "fault": 0.5694,
        "weapon": 1,
        "pilot_injury": 0.213,
        "pilot_skill": 0.5399,
        "mission_priority": 0.3384,
        "estimated_landing_time": 1416.0,
        "wait_time": 0,
        "Landing_success_rate": 0.8849
    },
    {
        "model": 2,
        "sequence": 9,
        "status": 1,
        "fuel": 7126,
        "fault": 0.3535,
        "weapon": 1,
        "pilot_injury": 0.9153,
        "pilot_skill": 0.1018,
        "mission_priority": 0.6686,
        "estimated_landing_time": 852.0,
        "wait_time": 0,
        "Landing_success_rate": 0.9288
    },
    {
        "model": 1,
        "sequence": 23,
        "status": 1,
        "fuel": 6473,
        "fault": 0.3796,
        "weapon": 0,
        "pilot_injury": 0.1357,
        "pilot_skill": 0.4566,
        "mission_priority": 0.9613,
        "estimated_landing_time": 2168.0,
        "wait_time": 0,
        "Landing_success_rate": 0.8953
    },
    {
        "model": 2,
        "sequence": 26,
        "status": 1,
        "fuel": 7428,
        "fault": 0.4156,
        "weapon": 0,
        "pilot_injury": 0.6715,
        "pilot_skill": 0.0398,
        "mission_priority": 0.4456,
        "estimated_landing_time": 2450.0,
        "wait_time": 0,
        "Landing_success_rate": 0.9345
    },
    {
        "model": 1,
        "sequence": 25,
        "status": 1,
        "fuel": 6077,
        "fault": 0.9979,
        "weapon": 1,
        "pilot_injury": 0.8216,
        "pilot_skill": 0.6563,
        "mission_priority": 0.9956,
        "estimated_landing_time": 2356.0,
        "wait_time": 0,
        "Landing_success_rate": 0.8501
    }
]