[
    {
        "model": 0,
        "sequence": 15,
        "status": 1,
        "fuel": 6113,
        "fault": 0.1184,
        "weapon": 0,
        "pilot_injury": 0.7014,
        "pilot_skill": 0.8875,
        "mission_priority": 0.7955,
        "estimated_landing_time": 1416.0,
        "wait_time": 0,
        "Landing_success_rate": 0.8905
    },
    {
        "model": 2,
        "sequence": 19,
        "status": 1,
        "fuel": 7312,
        "fault": 0.6691,
        "weapon": 1,
        "pilot_injury": 0.0135,
        "pilot_skill": 0.5095,
        "mission_priority": 0.4756,
        "estimated_landing_time": 1792.0,
        "wait_time": 0,
        "Landing_success_rate": 0.895
    },
    {
        "model": 1,
        "sequence": 18,
        "status": 1,
        "fuel": 6759,
        "fault": 0.5781,
        "weapon": 0,
        "pilot_injury": 0.8155,
        "pilot_skill": 0.6485,
        "mission_priority": 0.3138,
        "estimated_landing_time": 1698.0,
        "wait_time": 0,
        "Landing_success_rate": 0.8898
    },
    {
        "model": 1,
        "sequence": 23,
        "status": 1,
        "fuel": 6891,
        "fault": 0.1488,
        "weapon": 1,
        "pilot_injury": 0.2073,
        "pilot_skill": 0.8782,
        "mission_priority": 0.7886,
        "estimated_landing_time": 2168.0,
        "wait_time": 0,
        "Landing_success_rate": 0.9388
    },
    {
        "model": 2,
        "sequence": 13,
        "status": 1,
        "fuel": 6213,
        "fault": 0.1525,
        "weapon": 0,
        "pilot_injury": 0.0519,
        "pilot_skill": 0.2971,
        "mission_priority": 0.1475,
        "estimated_landing_time": 1228.0,
        "wait_time": 0,
        "Landing_success_rate": 0.8953
    },
    {
        "model": 1,
        "sequence": 22,
        "status": 1,
        "fuel": 6490,
        "fault": 0.1054,
        "weapon": 0,
        "pilot_injury": 0.348,
        "pilot_skill": 0.2179,
        "mission_priority": 0.8412,
        "estimated_landing_time": 2074.0,
        "wait_time": 0,
        "Landing_success_rate": 0.9164
    },
    {
        "model": 2,
        "sequence": 16,
        "status": 1,
        "fuel": 7056,
        "fault": 0.3279,
        "weapon": 0,
        "pilot_injury": 0.1694,
        "pilot_skill": 0.952,
        "mission_priority": 0.3159,
        "estimated_landing_time": 1510.0,
        "wait_time": 0,
        "Landing_success_rate": 0.9284
    },
    {
        "model": 1,
        "sequence": 14,
        "status": 1,
        "fuel": 6591,
        "fault": 0.9908,
        "weapon": 1,
        "pilot_injury": 0.7816,
        "pilot_skill": 0.4816,
        "mission_priority": 0.9256,
        "estimated_landing_time": 1322.0,
        "wait_time": 0,
        "Landing_success_rate": 0.8508
    },
    {
        "model": 1,
        "sequence": 12,
        "status": 1,
        "fuel": 6467,
        "fault": 0.702,
        "weapon": 1,
        "pilot_injury": 0.4304,
        "pilot_skill": 0.1006,
        "mission_priority": 0.9035,
        "estimated_landing_time": 1134.0,
        "wait_time": 0,
        "Landing_success_rate": 0.8716
    },
    {
        "model": 1,
        "sequence": 9,
        "status": 1,
        "fuel": 7378,
        "fault": 0.8919,
        "weapon": 0,
        "pilot_injury": 0.4964,
        "pilot_skill": 0.6031,
        "mission_priority": 0.2232,
        "estimated_landing_time": 852.0,
        "wait_time": 0,
        "Landing_success_rate": 0.8652
    },
    {
        "model": 2,
        "sequence": 26,
        "status": 1,
        "fuel": 5800,
        "fault": 0.8671,
        "weapon": 0,
        "pilot_injury": 0.6261,
        "pilot_skill": 0.4557,
        "mission_priority": 0.1444,
        "estimated_landing_time": 2450.0,
        "wait_time": 0,
        "Landing_success_rate": 0.853
    },
    {
        "model": 2,
        "sequence": 21,
        "status": 1,
        "fuel": 6520,
        "fault": 0.074,
        "weapon": 0,
        "pilot_injury": 0.4631,
        "pilot_skill": 0.5224,
        "mission_priority": 0.5079,
        "estimated_landing_time": 1980.0,
        "wait_time": 0,
        "Landing_success_rate": 0.9208
    },
    {
        "model": 2,
        "sequence": 8,
        "status": 1,
        "fuel": 6986,
        "fault": 0.0397,
        "weapon": 0,
        "pilot_injury": 0.2122,
        "pilot_skill": 0.8523,
        "mission_priority": 0.1944,
        "estimated_landing_time": 758.0,
        "wait_time": 0,
        "Landing_success_rate": 0.957
    },
    {
        "model": 0,
        "sequence": 2,
        "status": 1,
        "fuel": 5669,
        "fault": 0.8747,
        "weapon": 0,
        "pilot_injury": 0.6185,
        "pilot_skill": 0.4776,
        "mission_priority": 0.3743,
        "estimated_landing_time": 194.0,
        "wait_time": 0,
        "Landing_success_rate": 0.8516
    },
    {
        "model": 0,
        "sequence": 3,
        "status": 1,
        "fuel": 5770,
        "fault": 0.5306,
        "weapon": 1,
        "pilot_injury": 0.8552,
        "pilot_skill": 0.1243,
        "mission_priority": 0.7932,
        "estimated_landing_time": 288.0,
        "wait_time": 0,
        "Landing_success_rate": 0.8595
    },
    {
        "model": 2,
        "sequence": 29,
        "status": 1,
        "fuel": 7009,
        "fault": 0.841,
        "weapon": 1,
        "pilot_injury": 0.9191,
        "pilot_skill": 0.1769,
        "mission_priority": 0.3103,
        "estimated_landing_time": 2732.0,
        "wait_time": 0,
        "Landing_success_rate": 0.868
    },
    {
        "model": 0,
        "sequence": 7,
        "status": 1,
        "fuel": 6923,
        "fault": 0.3119,
        "weapon": 1,
        "pilot_injury": 0.9464,
        "pilot_skill": 0.5934,
        "mission_priority": 0.8563,
        "estimated_landing_time": 664.0,
        "wait_time": 0,
        "Landing_success_rate": 0.9234
    },
    {
        "model": 0,
        "sequence": 27,
        "status": 1,
        "fuel": 6605,
        "fault": 0.8478,
        "weapon": 1,
        "pilot_injury": 0.4724,
        "pilot_skill": 0.25,
        "mission_priority": 0.6016,
        "estimated_landing_time": 2544.0,
        "wait_time": 0,
        "Landing_success_rate": 0.8626
    },
    {
        "model": 1,
        "sequence": 30,
        "status": 1,
        "fuel": 6706,
        "fault": 0.6548,
        "weapon": 1,
        "pilot_injury": 0.8929,
        "pilot_skill": 0.7608,
        "mission_priority": 0.6492,
        "estimated_landing_time": 2826.0,
        "wait_time": 0,
        "Landing_success_rate": 0.8812
    },
    {
        "model": 1,
        "sequence": 4,
        "status": 1,
        "fuel": 6756,
        "fault": 0.1533,
        "weapon": 0,
        "pilot_injury": 0.5297,
        "pilot_skill": 0.5211,
        "mission_priority": 0.107,
        "estimated_landing_time": 382.0,
        "wait_time": 0,
        "Landing_success_rate": 0.9298
    },
    {
        "model": 1,
        "sequence": 5,
        "status": 1,
        "fuel": 7052,
        "fault": 0.3475,
        "weapon": 0,
        "pilot_injury": 0.4699,
        "pilot_skill": 0.776,
        "mission_priority": 0.161,
        "estimated_landing_time": 476.0,
        "wait_time": 0,
        "Landing_success_rate": 0.926
    },
    {
        "model": 0,
        "sequence": 1,
        "status": 1,
        "fuel": 7201,
        "fault": 0.7724,
        "weapon": 1,
        "pilot_injury": 0.9008,
        "pilot_skill": 0.3735,
        "mission_priority": 0.1765,
        "estimated_landing_time": 100.0,
        "wait_time": 0,
        "Landing_success_rate": 0.879
    },
    {
        "model": 0,
        "sequence": 24,
        "status": 1,
        "fuel": 6437,
        "fault": 0.3386,
        "weapon": 1,
        "pilot_injury": 0.7125,
        "pilot_skill": 0.9967,
        "mission_priority": 0.1945,
        "estimated_landing_time": 2262.0,
        "wait_time": 0,
        "Landing_success_rate": 0.8965
    },
    {
        "model": 2,
        "sequence": 6,
        "status": 1,
        "fuel": 6929,
        "fault": 0.5775,
        "weapon": 0,
        "pilot_injury": 0.8606,
        "pilot_skill": 0.017,
        "mission_priority": 0.1352,
        "estimated_landing_time": 570.0,
        "wait_time": 0,
        "Landing_success_rate": 0.8953
    },
    {
        "model": 0,
        "sequence": 10,
        "status": 1,
        "fuel": 6808,
        "fault": 0.6084,
        "weapon": 1,
        "pilot_injury": 0.6285,
        "pilot_skill": 0.3886,
        "mission_priority": 0.1587,
        "estimated_landing_time": 946.0,
        "wait_time": 0,
        "Landing_success_rate": 0.8884
    },
    {
        "model": 0,
        "sequence": 25,
        "status": 1,
        "fuel": 6158,
        "fault": 0.4857,
        "weapon": 0,
        "pilot_injury": 0.382,
        "pilot_skill": 0.4626,
        "mission_priority": 0.6086,
        "estimated_landing_time": 2356.0,
        "wait_time": 0,
        "Landing_success_rate": 0.8754
    },
    {
        "model": 2,
        "sequence": 17,
        "status": 1,
        "fuel": 7412,
        "fault": 0.9638,
        "weapon": 1,
        "pilot_injury": 0.448,
        "pilot_skill": 0.3103,
        "mission_priority": 0.4662,
        "estimated_landing_time": 1604.0,
        "wait_time": 0,
        "Landing_success_rate": 0.8552
    },
    {
        "model": 2,
        "sequence": 28,
        "status": 1,
        "fuel": 7022,
        "fault": 0.9102,
        "weapon": 0,
        "pilot_injury": 0.8345,
        "pilot_skill": 0.5533,
        "mission_priority": 0.3858,
        "estimated_landing_time": 2638.0,
        "wait_time": 0,
        "Landing_success_rate": 0.8603
    },
    {
        "model": 2,
        "sequence": 20,
        "status": 1,
        "fuel": 5911,
        "fault": 0.0555,
        "weapon": 0,
        "pilot_injury": 0.5156,
        "pilot_skill": 0.9947,
        "mission_priority": 0.7864,
        "estimated_landing_time": 1886.0,
        "wait_time": 0,
        "Landing_success_rate": 0.8791
    },
    {
        "model": 1,
        "sequence": 11,
        "status": 1,
        "fuel": 5793,
        "fault": 0.2871,
        "weapon": 1,
        "pilot_injury": 0.3482,
        "pilot_skill": 0.9913,
        "mission_priority": 0.244,
        "estimated_landing_time": 1040.0,
        "wait_time": 0,
        "Landing_success_rate": 0.8657
    }
]