[
    {
        "model": 1,
        "sequence": 8,
        "status": 1,
        "fuel": 6483,
        "fault": 0.1649,
        "weapon": 0,
        "pilot_injury": 0.6792,
        "pilot_skill": 0.6712,
        "mission_priority": 0.7702,
        "estimated_landing_time": 758.0,
        "wait_time": 0,
        "Landing_success_rate": 0.9116
    },
    {
        "model": 0,
        "sequence": 11,
        "status": 1,
        "fuel": 5626,
        "fault": 0.0473,
        "weapon": 1,
        "pilot_injury": 0.8795,
        "pilot_skill": 0.0942,
        "mission_priority": 0.9607,
        "estimated_landing_time": 1040.0,
        "wait_time": 0,
        "Landing_success_rate": 0.859
    },
    {
        "model": 1,
        "sequence": 12,
        "status": 1,
        "fuel": 7114,
        "fault": 0.7694,
        "weapon": 0,
        "pilot_injury": 0.868,
        "pilot_skill": 0.7702,
        "mission_priority": 0.2094,
        "estimated_landing_time": 1134.0,
        "wait_time": 0,
        "Landing_success_rate": 0.8779
    },
    {
        "model": 0,
        "sequence": 29,
        "status": 1,
        "fuel": 6287,
        "fault": 0.8049,
        "weapon": 1,
        "pilot_injury": 0.8105,
        "pilot_skill": 0.1877,
        "mission_priority": 0.5808,
        "estimated_landing_time": 2732.0,
        "wait_time": 0,
        "Landing_success_rate": 0.8615
    },
    {
        "model": 2,
        "sequence": 13,
        "status": 1,
        "fuel": 6699,
        "fault": 0.702,
        "weapon": 0,
        "pilot_injury": 0.8407,
        "pilot_skill": 0.5621,
        "mission_priority": 0.5951,
        "estimated_landing_time": 1228.0,
        "wait_time": 0,
        "Landing_success_rate": 0.8768
    },
    {
        "model": 0,
        "sequence": 25,
        "status": 1,
        "fuel": 6481,
        "fault": 0.1165,
        "weapon": 1,
        "pilot_injury": 0.0046,
        "pilot_skill": 0.3926,
        "mission_priority": 0.963,
        "estimated_landing_time": 2356.0,
        "wait_time": 0,
        "Landing_success_rate": 0.915
    },
    {
        "model": 1,
        "sequence": 5,
        "status": 1,
        "fuel": 6924,
        "fault": 0.1152,
        "weapon": 0,
        "pilot_injury": 0.5709,
        "pilot_skill": 0.8579,
        "mission_priority": 0.0972,
        "estimated_landing_time": 476.0,
        "wait_time": 0,
        "Landing_success_rate": 0.9445
    },
    {
        "model": 2,
        "sequence": 24,
        "status": 1,
        "fuel": 6264,
        "fault": 0.9547,
        "weapon": 1,
        "pilot_injury": 0.5973,
        "pilot_skill": 0.2711,
        "mission_priority": 0.9576,
        "estimated_landing_time": 2262.0,
        "wait_time": 0,
        "Landing_success_rate": 0.8526
    },
    {
        "model": 2,
        "sequence": 3,
        "status": 1,
        "fuel": 6172,
        "fault": 0.2381,
        "weapon": 0,
        "pilot_injury": 0.3788,
        "pilot_skill": 0.9216,
        "mission_priority": 0.2761,
        "estimated_landing_time": 288.0,
        "wait_time": 0,
        "Landing_success_rate": 0.8884
    },
    {
        "model": 1,
        "sequence": 17,
        "status": 1,
        "fuel": 6042,
        "fault": 0.7751,
        "weapon": 1,
        "pilot_injury": 0.5378,
        "pilot_skill": 0.5778,
        "mission_priority": 0.1884,
        "estimated_landing_time": 1604.0,
        "wait_time": 0,
        "Landing_success_rate": 0.8591
    },
    {
        "model": 2,
        "sequence": 9,
        "status": 1,
        "fuel": 5593,
        "fault": 0.8234,
        "weapon": 0,
        "pilot_injury": 0.845,
        "pilot_skill": 0.6572,
        "mission_priority": 0.4464,
        "estimated_landing_time": 852.0,
        "wait_time": 0,
        "Landing_success_rate": 0.8512
    },
    {
        "model": 1,
        "sequence": 16,
        "status": 1,
        "fuel": 5707,
        "fault": 0.0284,
        "weapon": 0,
        "pilot_injury": 0.4287,
        "pilot_skill": 0.6194,
        "mission_priority": 0.2115,
        "estimated_landing_time": 1510.0,
        "wait_time": 0,
        "Landing_success_rate": 0.8651
    },
    {
        "model": 0,
        "sequence": 2,
        "status": 1,
        "fuel": 6108,
        "fault": 0.5451,
        "weapon": 0,
        "pilot_injury": 0.2369,
        "pilot_skill": 0.4952,
        "mission_priority": 0.7615,
        "estimated_landing_time": 194.0,
        "wait_time": 0,
        "Landing_success_rate": 0.8707
    },
    {
        "model": 0,
        "sequence": 23,
        "status": 1,
        "fuel": 6375,
        "fault": 0.7047,
        "weapon": 0,
        "pilot_injury": 0.1634,
        "pilot_skill": 0.3949,
        "mission_priority": 0.6902,
        "estimated_landing_time": 2168.0,
        "wait_time": 0,
        "Landing_success_rate": 0.8694
    },
    {
        "model": 2,
        "sequence": 1,
        "status": 1,
        "fuel": 6796,
        "fault": 0.2762,
        "weapon": 1,
        "pilot_injury": 0.5892,
        "pilot_skill": 0.7893,
        "mission_priority": 0.2163,
        "estimated_landing_time": 100.0,
        "wait_time": 0,
        "Landing_success_rate": 0.9204
    },
    {
        "model": 1,
        "sequence": 20,
        "status": 1,
        "fuel": 6445,
        "fault": 0.1364,
        "weapon": 0,
        "pilot_injury": 0.0123,
        "pilot_skill": 0.368,
        "mission_priority": 0.0678,
        "estimated_landing_time": 1886.0,
        "wait_time": 0,
        "Landing_success_rate": 0.9112
    },
    {
        "model": 1,
        "sequence": 19,
        "status": 1,
        "fuel": 6176,
        "fault": 0.4167,
        "weapon": 0,
        "pilot_injury": 0.6087,
        "pilot_skill": 0.0967,
        "mission_priority": 0.6771,
        "estimated_landing_time": 1792.0,
        "wait_time": 0,
        "Landing_success_rate": 0.8796
    },
    {
        "model": 0,
        "sequence": 4,
        "status": 1,
        "fuel": 5849,
        "fault": 0.0132,
        "weapon": 0,
        "pilot_injury": 0.31,
        "pilot_skill": 0.0025,
        "mission_priority": 0.6484,
        "estimated_landing_time": 382.0,
        "wait_time": 0,
        "Landing_success_rate": 0.8758
    },
    {
        "model": 0,
        "sequence": 10,
        "status": 1,
        "fuel": 5733,
        "fault": 0.6829,
        "weapon": 1,
        "pilot_injury": 0.0393,
        "pilot_skill": 0.5164,
        "mission_priority": 0.4134,
        "estimated_landing_time": 946.0,
        "wait_time": 0,
        "Landing_success_rate": 0.8555
    },
    {
        "model": 2,
        "sequence": 21,
        "status": 1,
        "fuel": 7471,
        "fault": 0.3104,
        "weapon": 0,
        "pilot_injury": 0.9507,
        "pilot_skill": 0.8975,
        "mission_priority": 0.558,
        "estimated_landing_time": 1980.0,
        "wait_time": 0,
        "Landing_success_rate": 0.9519
    },
    {
        "model": 1,
        "sequence": 26,
        "status": 1,
        "fuel": 7228,
        "fault": 0.1036,
        "weapon": 0,
        "pilot_injury": 0.0072,
        "pilot_skill": 0.1078,
        "mission_priority": 0.3551,
        "estimated_landing_time": 2450.0,
        "wait_time": 0,
        "Landing_success_rate": 0.9662
    },
    {
        "model": 2,
        "sequence": 30,
        "status": 1,
        "fuel": 6921,
        "fault": 0.0207,
        "weapon": 0,
        "pilot_injury": 0.7806,
        "pilot_skill": 0.7428,
        "mission_priority": 0.7943,
        "estimated_landing_time": 2826.0,
        "wait_time": 0,
        "Landing_success_rate": 0.9544
    },
    {
        "model": 2,
        "sequence": 28,
        "status": 1,
        "fuel": 6540,
        "fault": 0.2607,
        "weapon": 1,
        "pilot_injury": 0.7127,
        "pilot_skill": 0.2842,
        "mission_priority": 0.838,
        "estimated_landing_time": 2638.0,
        "wait_time": 0,
        "Landing_success_rate": 0.9077
    },
    {
        "model": 2,
        "sequence": 18,
        "status": 1,
        "fuel": 6843,
        "fault": 0.4605,
        "weapon": 0,
        "pilot_injury": 0.2179,
        "pilot_skill": 0.2374,
        "mission_priority": 0.8785,
        "estimated_landing_time": 1698.0,
        "wait_time": 0,
        "Landing_success_rate": 0.9043
    },
    {
        "model": 1,
        "sequence": 14,
        "status": 1,
        "fuel": 6786,
        "fault": 0.562,
        "weapon": 1,
        "pilot_injury": 0.0649,
        "pilot_skill": 0.5525,
        "mission_priority": 0.1413,
        "estimated_landing_time": 1322.0,
        "wait_time": 0,
        "Landing_success_rate": 0.8922
    },
    {
        "model": 0,
        "sequence": 22,
        "status": 1,
        "fuel": 5524,
        "fault": 0.6683,
        "weapon": 0,
        "pilot_injury": 0.6057,
        "pilot_skill": 0.3944,
        "mission_priority": 0.8543,
        "estimated_landing_time": 2074.0,
        "wait_time": 0,
        "Landing_success_rate": 0.8506
    },
    {
        "model": 1,
        "sequence": 6,
        "status": 1,
        "fuel": 6246,
        "fault": 0.066,
        "weapon": 1,
        "pilot_injury": 0.2221,
        "pilot_skill": 0.1488,
        "mission_priority": 0.5573,
        "estimated_landing_time": 570.0,
        "wait_time": 0,
        "Landing_success_rate": 0.9023
    },
    {
        "model": 1,
        "sequence": 7,
        "status": 1,
        "fuel": 7376,
        "fault": 0.6694,
        "weapon": 1,
        "pilot_injury": 0.2339,
        "pilot_skill": 0.746,
        "mission_priority": 0.4654,
        "estimated_landing_time": 664.0,
        "wait_time": 0,
        "Landing_success_rate": 0.8965
    },
    {
        "model": 1,
        "sequence": 15,
        "status": 1,
        "fuel": 6045,
        "fault": 0.5565,
        "weapon": 0,
        "pilot_injury": 0.4124,
        "pilot_skill": 0.7057,
        "mission_priority": 0.8523,
        "estimated_landing_time": 1416.0,
        "wait_time": 0,
        "Landing_success_rate": 0.8681
    },
    {
        "model": 2,
        "sequence": 27,
        "status": 1,
        "fuel": 6548,
        "fault": 0.7022,
        "weapon": 0,
        "pilot_injury": 0.5536,
        "pilot_skill": 0.0404,
        "mission_priority": 0.9009,
        "estimated_landing_time": 2544.0,
        "wait_time": 0,
        "Landing_success_rate": 0.8734
    }
]