[
    {
        "model": 1,
        "sequence": 14,
        "status": 1,
        "fuel": 6029,
        "fault": 0.2025,
        "weapon": 0,
        "pilot_injury": 0.5796,
        "pilot_skill": 0.9149,
        "mission_priority": 0.1765,
        "estimated_landing_time": 1322.0,
        "wait_time": 0,
        "Landing_success_rate": 0.8816
    },
    {
        "model": 2,
        "sequence": 24,
        "status": 1,
        "fuel": 7203,
        "fault": 0.7431,
        "weapon": 0,
        "pilot_injury": 0.1409,
        "pilot_skill": 0.4373,
        "mission_priority": 0.8212,
        "estimated_landing_time": 2262.0,
        "wait_time": 0,
        "Landing_success_rate": 0.8828
    },
    {
        "model": 1,
        "sequence": 21,
        "status": 1,
        "fuel": 6933,
        "fault": 0.075,
        "weapon": 1,
        "pilot_injury": 0.0448,
        "pilot_skill": 0.3814,
        "mission_priority": 0.1588,
        "estimated_landing_time": 1980.0,
        "wait_time": 0,
        "Landing_success_rate": 0.9494
    },
    {
        "model": 2,
        "sequence": 4,
        "status": 1,
        "fuel": 6373,
        "fault": 0.5691,
        "weapon": 1,
        "pilot_injury": 0.2445,
        "pilot_skill": 0.42,
        "mission_priority": 0.1401,
        "estimated_landing_time": 382.0,
        "wait_time": 0,
        "Landing_success_rate": 0.8782
    },
    {
        "model": 0,
        "sequence": 1,
        "status": 1,
        "fuel": 6465,
        "fault": 0.4582,
        "weapon": 1,
        "pilot_injury": 0.7482,
        "pilot_skill": 0.8422,
        "mission_priority": 0.8047,
        "estimated_landing_time": 100.0,
        "wait_time": 0,
        "Landing_success_rate": 0.8892
    },
    {
        "model": 2,
        "sequence": 17,
        "status": 1,
        "fuel": 6822,
        "fault": 0.646,
        "weapon": 1,
        "pilot_injury": 0.7543,
        "pilot_skill": 0.2056,
        "mission_priority": 0.8603,
        "estimated_landing_time": 1604.0,
        "wait_time": 0,
        "Landing_success_rate": 0.8851
    },
    {
        "model": 0,
        "sequence": 8,
        "status": 1,
        "fuel": 7268,
        "fault": 0.8276,
        "weapon": 1,
        "pilot_injury": 0.6434,
        "pilot_skill": 0.6768,
        "mission_priority": 0.5518,
        "estimated_landing_time": 758.0,
        "wait_time": 0,
        "Landing_success_rate": 0.8729
    },
    {
        "model": 1,
        "sequence": 27,
        "status": 1,
        "fuel": 5883,
        "fault": 0.0721,
        "weapon": 1,
        "pilot_injury": 0.4001,
        "pilot_skill": 0.9747,
        "mission_priority": 0.8247,
        "estimated_landing_time": 2544.0,
        "wait_time": 0,
        "Landing_success_rate": 0.8767
    },
    {
        "model": 1,
        "sequence": 15,
        "status": 1,
        "fuel": 6057,
        "fault": 0.9589,
        "weapon": 1,
        "pilot_injury": 0.331,
        "pilot_skill": 0.3797,
        "mission_priority": 0.4926,
        "estimated_landing_time": 1416.0,
        "wait_time": 0,
        "Landing_success_rate": 0.8517
    },
    {
        "model": 2,
        "sequence": 28,
        "status": 1,
        "fuel": 6328,
        "fault": 0.3393,
        "weapon": 0,
        "pilot_injury": 0.3579,
        "pilot_skill": 0.5617,
        "mission_priority": 0.009,
        "estimated_landing_time": 2638.0,
        "wait_time": 0,
        "Landing_success_rate": 0.891
    },
    {
        "model": 1,
        "sequence": 29,
        "status": 1,
        "fuel": 5814,
        "fault": 0.6202,
        "weapon": 1,
        "pilot_injury": 0.5011,
        "pilot_skill": 0.7889,
        "mission_priority": 0.699,
        "estimated_landing_time": 2732.0,
        "wait_time": 0,
        "Landing_success_rate": 0.8589
    },
    {
        "model": 1,
        "sequence": 7,
        "status": 1,
        "fuel": 6324,
        "fault": 0.2172,
        "weapon": 1,
        "pilot_injury": 0.2613,
        "pilot_skill": 0.5488,
        "mission_priority": 0.941,
        "estimated_landing_time": 664.0,
        "wait_time": 0,
        "Landing_success_rate": 0.8984
    },
    {
        "model": 0,
        "sequence": 26,
        "status": 1,
        "fuel": 6185,
        "fault": 0.4941,
        "weapon": 1,
        "pilot_injury": 0.1301,
        "pilot_skill": 0.4932,
        "mission_priority": 0.4411,
        "estimated_landing_time": 2450.0,
        "wait_time": 0,
        "Landing_success_rate": 0.876
    },
    {
        "model": 1,
        "sequence": 20,
        "status": 1,
        "fuel": 7286,
        "fault": 0.7056,
        "weapon": 1,
        "pilot_injury": 0.3188,
        "pilot_skill": 0.0897,
        "mission_priority": 0.0465,
        "estimated_landing_time": 1886.0,
        "wait_time": 0,
        "Landing_success_rate": 0.8894
    },
    {
        "model": 0,
        "sequence": 9,
        "status": 1,
        "fuel": 6818,
        "fault": 0.1486,
        "weapon": 1,
        "pilot_injury": 0.5553,
        "pilot_skill": 0.7119,
        "mission_priority": 0.04,
        "estimated_landing_time": 852.0,
        "wait_time": 0,
        "Landing_success_rate": 0.9342
    },
    {
        "model": 2,
        "sequence": 18,
        "status": 1,
        "fuel": 6957,
        "fault": 0.059,
        "weapon": 1,
        "pilot_injury": 0.4552,
        "pilot_skill": 0.5212,
        "mission_priority": 0.4868,
        "estimated_landing_time": 1698.0,
        "wait_time": 0,
        "Landing_success_rate": 0.9528
    },
    {
        "model": 1,
        "sequence": 22,
        "status": 1,
        "fuel": 6663,
        "fault": 0.1101,
        "weapon": 0,
        "pilot_injury": 0.1876,
        "pilot_skill": 0.1353,
        "mission_priority": 0.3944,
        "estimated_landing_time": 2074.0,
        "wait_time": 0,
        "Landing_success_rate": 0.9276
    },
    {
        "model": 2,
        "sequence": 6,
        "status": 1,
        "fuel": 6701,
        "fault": 0.9481,
        "weapon": 0,
        "pilot_injury": 0.0459,
        "pilot_skill": 0.2092,
        "mission_priority": 0.2032,
        "estimated_landing_time": 570.0,
        "wait_time": 0,
        "Landing_success_rate": 0.8547
    },
    {
        "model": 1,
        "sequence": 13,
        "status": 1,
        "fuel": 5505,
        "fault": 0.5684,
        "weapon": 0,
        "pilot_injury": 0.3684,
        "pilot_skill": 0.9566,
        "mission_priority": 0.9254,
        "estimated_landing_time": 1228.0,
        "wait_time": 0,
        "Landing_success_rate": 0.8502
    },
    {
        "model": 2,
        "sequence": 5,
        "status": 1,
        "fuel": 6754,
        "fault": 0.5697,
        "weapon": 0,
        "pilot_injury": 0.171,
        "pilot_skill": 0.1121,
        "mission_priority": 0.6805,
        "estimated_landing_time": 476.0,
        "wait_time": 0,
        "Landing_success_rate": 0.8905
    },
    {
        "model": 2,
        "sequence": 10,
        "status": 1,
        "fuel": 5765,
        "fault": 0.7554,
        "weapon": 0,
        "pilot_injury": 0.0984,
        "pilot_skill": 0.7933,
        "mission_priority": 0.5356,
        "estimated_landing_time": 946.0,
        "wait_time": 0,
        "Landing_success_rate": 0.8549
    },
    {
        "model": 0,
        "sequence": 3,
        "status": 1,
        "fuel": 5949,
        "fault": 0.8501,
        "weapon": 1,
        "pilot_injury": 0.9813,
        "pilot_skill": 0.4412,
        "mission_priority": 0.1157,
        "estimated_landing_time": 288.0,
        "wait_time": 0,
        "Landing_success_rate": 0.855
    },
    {
        "model": 1,
        "sequence": 25,
        "status": 1,
        "fuel": 6409,
        "fault": 0.1579,
        "weapon": 1,
        "pilot_injury": 0.7704,
        "pilot_skill": 0.694,
        "mission_priority": 0.5842,
        "estimated_landing_time": 2356.0,
        "wait_time": 0,
        "Landing_success_rate": 0.9074
    },
    {
        "model": 2,
        "sequence": 16,
        "status": 1,
        "fuel": 5629,
        "fault": 0.2736,
        "weapon": 1,
        "pilot_injury": 0.4018,
        "pilot_skill": 0.7058,
        "mission_priority": 0.3772,
        "estimated_landing_time": 1510.0,
        "wait_time": 0,
        "Landing_success_rate": 0.857
    },
    {
        "model": 0,
        "sequence": 11,
        "status": 1,
        "fuel": 7332,
        "fault": 0.561,
        "weapon": 0,
        "pilot_injury": 0.5748,
        "pilot_skill": 0.1206,
        "mission_priority": 0.4035,
        "estimated_landing_time": 1040.0,
        "wait_time": 0,
        "Landing_success_rate": 0.9103
    },
    {
        "model": 2,
        "sequence": 12,
        "status": 1,
        "fuel": 6462,
        "fault": 0.9956,
        "weapon": 1,
        "pilot_injury": 0.6144,
        "pilot_skill": 0.3942,
        "mission_priority": 0.252,
        "estimated_landing_time": 1134.0,
        "wait_time": 0,
        "Landing_success_rate": 0.8503
    },
    {
        "model": 2,
        "sequence": 2,
        "status": 1,
        "fuel": 7207,
        "fault": 0.9265,
        "weapon": 1,
        "pilot_injury": 0.0044,
        "pilot_skill": 0.2687,
        "mission_priority": 0.6715,
        "estimated_landing_time": 194.0,
        "wait_time": 0,
        "Landing_success_rate": 0.8594
    },
    {
        "model": 2,
        "sequence": 30,
        "status": 1,
        "fuel": 7254,
        "fault": 0.2279,
        "weapon": 0,
        "pilot_injury": 0.9499,
        "pilot_skill": 0.5685,
        "mission_priority": 0.2697,
        "estimated_landing_time": 2826.0,
        "wait_time": 0,
        "Landing_success_rate": 0.9516
    },
    {
        "model": 1,
        "sequence": 19,
        "status": 1,
        "fuel": 5875,
        "fault": 0.6689,
        "weapon": 1,
        "pilot_injury": 0.2393,
        "pilot_skill": 0.5567,
        "mission_priority": 0.289,
        "estimated_landing_time": 1792.0,
        "wait_time": 0,
        "Landing_success_rate": 0.8593
    },
    {
        "model": 1,
        "sequence": 23,
        "status": 1,
        "fuel": 7176,
        "fault": 0.2399,
        "weapon": 0,
        "pilot_injury": 0.9959,
        "pilot_skill": 0.6447,
        "mission_priority": 0.2765,
        "estimated_landing_time": 2168.0,
        "wait_time": 0,
        "Landing_success_rate": 0.9455
    }
]