[
    {
        "model": 1,
        "sequence": 13,
        "status": 1,
        "fuel": 6703,
        "fault": 0.2031,
        "weapon": 0,
        "pilot_injury": 0.9257,
        "pilot_skill": 0.907,
        "mission_priority": 0.8719,
        "estimated_landing_time": 1228.0,
        "wait_time": 0,
        "Landing_success_rate": 0.9219
    },
    {
        "model": 0,
        "sequence": 30,
        "status": 1,
        "fuel": 7161,
        "fault": 0.4927,
        "weapon": 0,
        "pilot_injury": 0.3835,
        "pilot_skill": 0.9312,
        "mission_priority": 0.2145,
        "estimated_landing_time": 2826.0,
        "wait_time": 0,
        "Landing_success_rate": 0.9132
    },
    {
        "model": 0,
        "sequence": 9,
        "status": 1,
        "fuel": 6322,
        "fault": 0.541,
        "weapon": 1,
        "pilot_injury": 0.7169,
        "pilot_skill": 0.8214,
        "mission_priority": 0.1579,
        "estimated_landing_time": 852.0,
        "wait_time": 0,
        "Landing_success_rate": 0.8783
    },
    {
        "model": 2,
        "sequence": 25,
        "status": 1,
        "fuel": 7039,
        "fault": 0.3007,
        "weapon": 1,
        "pilot_injury": 0.6516,
        "pilot_skill": 0.5826,
        "mission_priority": 0.7649,
        "estimated_landing_time": 2356.0,
        "wait_time": 0,
        "Landing_success_rate": 0.9307
    },
    {
        "model": 0,
        "sequence": 19,
        "status": 1,
        "fuel": 7139,
        "fault": 0.627,
        "weapon": 0,
        "pilot_injury": 0.5393,
        "pilot_skill": 0.7481,
        "mission_priority": 0.1536,
        "estimated_landing_time": 1792.0,
        "wait_time": 0,
        "Landing_success_rate": 0.8959
    },
    {
        "model": 0,
        "sequence": 18,
        "status": 1,
        "fuel": 6309,
        "fault": 0.0318,
        "weapon": 1,
        "pilot_injury": 0.2697,
        "pilot_skill": 0.1699,
        "mission_priority": 0.8894,
        "estimated_landing_time": 1698.0,
        "wait_time": 0,
        "Landing_success_rate": 0.9087
    },
    {
        "model": 1,
        "sequence": 3,
        "status": 1,
        "fuel": 5556,
        "fault": 0.1353,
        "weapon": 1,
        "pilot_injury": 0.4284,
        "pilot_skill": 0.4761,
        "mission_priority": 0.3613,
        "estimated_landing_time": 288.0,
        "wait_time": 0,
        "Landing_success_rate": 0.8536
    },
    {
        "model": 1,
        "sequence": 6,
        "status": 1,
        "fuel": 7420,
        "fault": 0.1019,
        "weapon": 1,
        "pilot_injury": 0.3595,
        "pilot_skill": 0.3577,
        "mission_priority": 0.503,
        "estimated_landing_time": 570.0,
        "wait_time": 0,
        "Landing_success_rate": 0.9793
    },
    {
        "model": 2,
        "sequence": 21,
        "status": 1,
        "fuel": 7247,
        "fault": 0.7808,
        "weapon": 1,
        "pilot_injury": 0.2233,
        "pilot_skill": 0.6976,
        "mission_priority": 0.7777,
        "estimated_landing_time": 1980.0,
        "wait_time": 0,
        "Landing_success_rate": 0.8787
    },
    {
        "model": 1,
        "sequence": 12,
        "status": 1,
        "fuel": 7425,
        "fault": 0.4842,
        "weapon": 0,
        "pilot_injury": 0.5367,
        "pilot_skill": 0.0837,
        "mission_priority": 0.8048,
        "estimated_landing_time": 1134.0,
        "wait_time": 0,
        "Landing_success_rate": 0.9245
    },
    {
        "model": 1,
        "sequence": 27,
        "status": 1,
        "fuel": 7149,
        "fault": 0.67,
        "weapon": 0,
        "pilot_injury": 0.7187,
        "pilot_skill": 0.3312,
        "mission_priority": 0.1145,
        "estimated_landing_time": 2544.0,
        "wait_time": 0,
        "Landing_success_rate": 0.8908
    },
    {
        "model": 0,
        "sequence": 29,
        "status": 1,
        "fuel": 7344,
        "fault": 0.2309,
        "weapon": 1,
        "pilot_injury": 0.9502,
        "pilot_skill": 0.3614,
        "mission_priority": 0.5725,
        "estimated_landing_time": 2732.0,
        "wait_time": 0,
        "Landing_success_rate": 0.9564
    },
    {
        "model": 2,
        "sequence": 5,
        "status": 1,
        "fuel": 5822,
        "fault": 0.5367,
        "weapon": 1,
        "pilot_injury": 0.3581,
        "pilot_skill": 0.1624,
        "mission_priority": 0.9383,
        "estimated_landing_time": 476.0,
        "wait_time": 0,
        "Landing_success_rate": 0.8612
    },
    {
        "model": 0,
        "sequence": 24,
        "status": 1,
        "fuel": 6533,
        "fault": 0.8575,
        "weapon": 0,
        "pilot_injury": 0.3327,
        "pilot_skill": 0.9149,
        "mission_priority": 0.5373,
        "estimated_landing_time": 2262.0,
        "wait_time": 0,
        "Landing_success_rate": 0.861
    },
    {
        "model": 2,
        "sequence": 16,
        "status": 1,
        "fuel": 6630,
        "fault": 0.9567,
        "weapon": 0,
        "pilot_injury": 0.7622,
        "pilot_skill": 0.9393,
        "mission_priority": 0.8022,
        "estimated_landing_time": 1510.0,
        "wait_time": 0,
        "Landing_success_rate": 0.8537
    },
    {
        "model": 2,
        "sequence": 14,
        "status": 1,
        "fuel": 6972,
        "fault": 0.1221,
        "weapon": 0,
        "pilot_injury": 0.0464,
        "pilot_skill": 0.1175,
        "mission_priority": 0.8849,
        "estimated_landing_time": 1322.0,
        "wait_time": 0,
        "Landing_success_rate": 0.9469
    },
    {
        "model": 1,
        "sequence": 1,
        "status": 1,
        "fuel": 6860,
        "fault": 0.4645,
        "weapon": 1,
        "pilot_injury": 0.8498,
        "pilot_skill": 0.4155,
        "mission_priority": 0.3549,
        "estimated_landing_time": 100.0,
        "wait_time": 0,
        "Landing_success_rate": 0.9046
    },
    {
        "model": 0,
        "sequence": 26,
        "status": 1,
        "fuel": 5911,
        "fault": 0.6036,
        "weapon": 0,
        "pilot_injury": 0.7454,
        "pilot_skill": 0.0737,
        "mission_priority": 0.9447,
        "estimated_landing_time": 2450.0,
        "wait_time": 0,
        "Landing_success_rate": 0.8622
    },
    {
        "model": 0,
        "sequence": 22,
        "status": 1,
        "fuel": 5800,
        "fault": 0.3725,
        "weapon": 0,
        "pilot_injury": 0.0597,
        "pilot_skill": 0.5363,
        "mission_priority": 0.3491,
        "estimated_landing_time": 2074.0,
        "wait_time": 0,
        "Landing_success_rate": 0.8641
    },
    {
        "model": 1,
        "sequence": 7,
        "status": 1,
        "fuel": 7319,
        "fault": 0.1745,
        "weapon": 0,
        "pilot_injury": 0.9432,
        "pilot_skill": 0.0108,
        "mission_priority": 0.2704,
        "estimated_landing_time": 664.0,
        "wait_time": 0,
        "Landing_success_rate": 0.9626
    },
    {
        "model": 2,
        "sequence": 17,
        "status": 1,
        "fuel": 5887,
        "fault": 0.1926,
        "weapon": 1,
        "pilot_injury": 0.1908,
        "pilot_skill": 0.0707,
        "mission_priority": 0.0086,
        "estimated_landing_time": 1604.0,
        "wait_time": 0,
        "Landing_success_rate": 0.8734
    },
    {
        "model": 2,
        "sequence": 11,
        "status": 1,
        "fuel": 6659,
        "fault": 0.9657,
        "weapon": 0,
        "pilot_injury": 0.3594,
        "pilot_skill": 0.4401,
        "mission_priority": 0.4799,
        "estimated_landing_time": 1040.0,
        "wait_time": 0,
        "Landing_success_rate": 0.853
    },
    {
        "model": 2,
        "sequence": 8,
        "status": 1,
        "fuel": 5893,
        "fault": 0.6488,
        "weapon": 1,
        "pilot_injury": 0.0091,
        "pilot_skill": 0.2394,
        "mission_priority": 0.3691,
        "estimated_landing_time": 758.0,
        "wait_time": 0,
        "Landing_success_rate": 0.8604
    },
    {
        "model": 2,
        "sequence": 23,
        "status": 1,
        "fuel": 6000,
        "fault": 0.6284,
        "weapon": 1,
        "pilot_injury": 0.2012,
        "pilot_skill": 0.7549,
        "mission_priority": 0.4739,
        "estimated_landing_time": 2168.0,
        "wait_time": 0,
        "Landing_success_rate": 0.8639
    },
    {
        "model": 1,
        "sequence": 4,
        "status": 1,
        "fuel": 5864,
        "fault": 0.9856,
        "weapon": 0,
        "pilot_injury": 0.0443,
        "pilot_skill": 0.0788,
        "mission_priority": 0.3268,
        "estimated_landing_time": 382.0,
        "wait_time": 0,
        "Landing_success_rate": 0.8504
    },
    {
        "model": 2,
        "sequence": 10,
        "status": 1,
        "fuel": 5772,
        "fault": 0.9966,
        "weapon": 0,
        "pilot_injury": 0.6769,
        "pilot_skill": 0.0007,
        "mission_priority": 0.9591,
        "estimated_landing_time": 946.0,
        "wait_time": 0,
        "Landing_success_rate": 0.8501
    },
    {
        "model": 0,
        "sequence": 15,
        "status": 1,
        "fuel": 6752,
        "fault": 0.8659,
        "weapon": 1,
        "pilot_injury": 0.9056,
        "pilot_skill": 0.0055,
        "mission_priority": 0.9913,
        "estimated_landing_time": 1416.0,
        "wait_time": 0,
        "Landing_success_rate": 0.8626
    },
    {
        "model": 2,
        "sequence": 20,
        "status": 1,
        "fuel": 5844,
        "fault": 0.1205,
        "weapon": 1,
        "pilot_injury": 0.4359,
        "pilot_skill": 0.7604,
        "mission_priority": 0.9334,
        "estimated_landing_time": 1886.0,
        "wait_time": 0,
        "Landing_success_rate": 0.8727
    },
    {
        "model": 2,
        "sequence": 28,
        "status": 1,
        "fuel": 6385,
        "fault": 0.0737,
        "weapon": 1,
        "pilot_injury": 0.4827,
        "pilot_skill": 0.7069,
        "mission_priority": 0.993,
        "estimated_landing_time": 2638.0,
        "wait_time": 0,
        "Landing_success_rate": 0.9115
    },
    {
        "model": 2,
        "sequence": 2,
        "status": 1,
        "fuel": 5559,
        "fault": 0.764,
        "weapon": 1,
        "pilot_injury": 0.3634,
        "pilot_skill": 0.7258,
        "mission_priority": 0.8866,
        "estimated_landing_time": 194.0,
        "wait_time": 0,
        "Landing_success_rate": 0.851
    }
]