[
    {
        "model": 1,
        "sequence": 13,
        "status": 1,
        "fuel": 6682,
        "fault": 0.0193,
        "weapon": 0,
        "pilot_injury": 0.3232,
        "pilot_skill": 0.4061,
        "mission_priority": 0.4835,
        "estimated_landing_time": 1228.0,
        "wait_time": 0,
        "Landing_success_rate": 0.9369
    },
    {
        "model": 1,
        "sequence": 1,
        "status": 1,
        "fuel": 6139,
        "fault": 0.4023,
        "weapon": 0,
        "pilot_injury": 0.3025,
        "pilot_skill": 0.5387,
        "mission_priority": 0.5896,
        "estimated_landing_time": 100.0,
        "wait_time": 0,
        "Landing_success_rate": 0.8786
    },
    {
        "model": 1,
        "sequence": 12,
        "status": 1,
        "fuel": 5819,
        "fault": 0.0847,
        "weapon": 0,
        "pilot_injury": 0.7115,
        "pilot_skill": 0.2045,
        "mission_priority": 0.2827,
        "estimated_landing_time": 1134.0,
        "wait_time": 0,
        "Landing_success_rate": 0.8719
    },
    {
        "model": 0,
        "sequence": 10,
        "status": 1,
        "fuel": 6394,
        "fault": 0.4183,
        "weapon": 0,
        "pilot_injury": 0.0824,
        "pilot_skill": 0.1157,
        "mission_priority": 0.7824,
        "estimated_landing_time": 946.0,
        "wait_time": 0,
        "Landing_success_rate": 0.889
    },
    {
        "model": 0,
        "sequence": 21,
        "status": 1,
        "fuel": 5928,
        "fault": 0.5428,
        "weapon": 1,
        "pilot_injury": 0.9614,
        "pilot_skill": 0.6859,
        "mission_priority": 0.7169,
        "estimated_landing_time": 1980.0,
        "wait_time": 0,
        "Landing_success_rate": 0.8647
    },
    {
        "model": 0,
        "sequence": 14,
        "status": 1,
        "fuel": 6393,
        "fault": 0.1051,
        "weapon": 1,
        "pilot_injury": 0.5005,
        "pilot_skill": 0.793,
        "mission_priority": 0.7747,
        "estimated_landing_time": 1322.0,
        "wait_time": 0,
        "Landing_success_rate": 0.9099
    },
    {
        "model": 2,
        "sequence": 20,
        "status": 1,
        "fuel": 6929,
        "fault": 0.354,
        "weapon": 1,
        "pilot_injury": 0.2615,
        "pilot_skill": 0.7217,
        "mission_priority": 0.6513,
        "estimated_landing_time": 1886.0,
        "wait_time": 0,
        "Landing_success_rate": 0.9192
    },
    {
        "model": 0,
        "sequence": 27,
        "status": 1,
        "fuel": 6561,
        "fault": 0.4294,
        "weapon": 0,
        "pilot_injury": 0.7398,
        "pilot_skill": 0.4233,
        "mission_priority": 0.3945,
        "estimated_landing_time": 2544.0,
        "wait_time": 0,
        "Landing_success_rate": 0.8954
    },
    {
        "model": 0,
        "sequence": 11,
        "status": 1,
        "fuel": 5774,
        "fault": 0.2749,
        "weapon": 1,
        "pilot_injury": 0.6758,
        "pilot_skill": 0.5907,
        "mission_priority": 0.2512,
        "estimated_landing_time": 1040.0,
        "wait_time": 0,
        "Landing_success_rate": 0.8649
    },
    {
        "model": 2,
        "sequence": 3,
        "status": 1,
        "fuel": 5687,
        "fault": 0.9893,
        "weapon": 1,
        "pilot_injury": 0.1633,
        "pilot_skill": 0.9838,
        "mission_priority": 0.4274,
        "estimated_landing_time": 288.0,
        "wait_time": 0,
        "Landing_success_rate": 0.8502
    },
    {
        "model": 0,
        "sequence": 9,
        "status": 1,
        "fuel": 5794,
        "fault": 0.8089,
        "weapon": 1,
        "pilot_injury": 0.3241,
        "pilot_skill": 0.3744,
        "mission_priority": 0.2906,
        "estimated_landing_time": 852.0,
        "wait_time": 0,
        "Landing_success_rate": 0.8542
    },
    {
        "model": 0,
        "sequence": 25,
        "status": 1,
        "fuel": 6203,
        "fault": 0.8452,
        "weapon": 0,
        "pilot_injury": 0.0166,
        "pilot_skill": 0.9676,
        "mission_priority": 0.7685,
        "estimated_landing_time": 2356.0,
        "wait_time": 0,
        "Landing_success_rate": 0.8582
    },
    {
        "model": 1,
        "sequence": 26,
        "status": 1,
        "fuel": 6585,
        "fault": 0.6091,
        "weapon": 1,
        "pilot_injury": 0.481,
        "pilot_skill": 0.1897,
        "mission_priority": 0.5163,
        "estimated_landing_time": 2450.0,
        "wait_time": 0,
        "Landing_success_rate": 0.8818
    },
    {
        "model": 0,
        "sequence": 5,
        "status": 1,
        "fuel": 7035,
        "fault": 0.7161,
        "weapon": 1,
        "pilot_injury": 0.3241,
        "pilot_skill": 0.5105,
        "mission_priority": 0.62,
        "estimated_landing_time": 476.0,
        "wait_time": 0,
        "Landing_success_rate": 0.8827
    },
    {
        "model": 2,
        "sequence": 16,
        "status": 1,
        "fuel": 6716,
        "fault": 0.3617,
        "weapon": 1,
        "pilot_injury": 0.4834,
        "pilot_skill": 0.809,
        "mission_priority": 0.8023,
        "estimated_landing_time": 1510.0,
        "wait_time": 0,
        "Landing_success_rate": 0.9082
    },
    {
        "model": 1,
        "sequence": 29,
        "status": 1,
        "fuel": 6072,
        "fault": 0.2172,
        "weapon": 0,
        "pilot_injury": 0.8262,
        "pilot_skill": 0.7373,
        "mission_priority": 0.5156,
        "estimated_landing_time": 2732.0,
        "wait_time": 0,
        "Landing_success_rate": 0.8836
    },
    {
        "model": 2,
        "sequence": 24,
        "status": 1,
        "fuel": 5638,
        "fault": 0.9832,
        "weapon": 1,
        "pilot_injury": 0.5324,
        "pilot_skill": 0.526,
        "mission_priority": 0.2028,
        "estimated_landing_time": 2262.0,
        "wait_time": 0,
        "Landing_success_rate": 0.8502
    },
    {
        "model": 2,
        "sequence": 19,
        "status": 1,
        "fuel": 6660,
        "fault": 0.2321,
        "weapon": 0,
        "pilot_injury": 0.1042,
        "pilot_skill": 0.467,
        "mission_priority": 0.6861,
        "estimated_landing_time": 1792.0,
        "wait_time": 0,
        "Landing_success_rate": 0.9168
    },
    {
        "model": 0,
        "sequence": 8,
        "status": 1,
        "fuel": 5785,
        "fault": 0.2786,
        "weapon": 1,
        "pilot_injury": 0.2615,
        "pilot_skill": 0.3027,
        "mission_priority": 0.2462,
        "estimated_landing_time": 758.0,
        "wait_time": 0,
        "Landing_success_rate": 0.8654
    },
    {
        "model": 1,
        "sequence": 30,
        "status": 1,
        "fuel": 6793,
        "fault": 0.1129,
        "weapon": 0,
        "pilot_injury": 0.0875,
        "pilot_skill": 0.7294,
        "mission_priority": 0.4123,
        "estimated_landing_time": 2826.0,
        "wait_time": 0,
        "Landing_success_rate": 0.936
    },
    {
        "model": 0,
        "sequence": 28,
        "status": 1,
        "fuel": 7359,
        "fault": 0.873,
        "weapon": 1,
        "pilot_injury": 0.2982,
        "pilot_skill": 0.8212,
        "mission_priority": 0.3404,
        "estimated_landing_time": 2638.0,
        "wait_time": 0,
        "Landing_success_rate": 0.8677
    },
    {
        "model": 1,
        "sequence": 15,
        "status": 1,
        "fuel": 6815,
        "fault": 0.819,
        "weapon": 1,
        "pilot_injury": 0.4641,
        "pilot_skill": 0.8019,
        "mission_priority": 0.983,
        "estimated_landing_time": 1416.0,
        "wait_time": 0,
        "Landing_success_rate": 0.8679
    },
    {
        "model": 1,
        "sequence": 2,
        "status": 1,
        "fuel": 7485,
        "fault": 0.2631,
        "weapon": 1,
        "pilot_injury": 0.5231,
        "pilot_skill": 0.5918,
        "mission_priority": 0.9595,
        "estimated_landing_time": 194.0,
        "wait_time": 0,
        "Landing_success_rate": 0.9597
    },
    {
        "model": 1,
        "sequence": 7,
        "status": 1,
        "fuel": 6378,
        "fault": 0.6004,
        "weapon": 1,
        "pilot_injury": 0.6509,
        "pilot_skill": 0.0211,
        "mission_priority": 0.4254,
        "estimated_landing_time": 664.0,
        "wait_time": 0,
        "Landing_success_rate": 0.8763
    },
    {
        "model": 2,
        "sequence": 22,
        "status": 1,
        "fuel": 6031,
        "fault": 0.2781,
        "weapon": 1,
        "pilot_injury": 0.9643,
        "pilot_skill": 0.4034,
        "mission_priority": 0.8947,
        "estimated_landing_time": 2074.0,
        "wait_time": 0,
        "Landing_success_rate": 0.8787
    },
    {
        "model": 0,
        "sequence": 18,
        "status": 1,
        "fuel": 5745,
        "fault": 0.3807,
        "weapon": 1,
        "pilot_injury": 0.4514,
        "pilot_skill": 0.9915,
        "mission_priority": 0.64,
        "estimated_landing_time": 1698.0,
        "wait_time": 0,
        "Landing_success_rate": 0.8614
    },
    {
        "model": 1,
        "sequence": 23,
        "status": 1,
        "fuel": 6670,
        "fault": 0.557,
        "weapon": 1,
        "pilot_injury": 0.9289,
        "pilot_skill": 0.6868,
        "mission_priority": 0.1063,
        "estimated_landing_time": 2168.0,
        "wait_time": 0,
        "Landing_success_rate": 0.8889
    },
    {
        "model": 1,
        "sequence": 17,
        "status": 1,
        "fuel": 5795,
        "fault": 0.6008,
        "weapon": 0,
        "pilot_injury": 0.8092,
        "pilot_skill": 0.6099,
        "mission_priority": 0.1237,
        "estimated_landing_time": 1604.0,
        "wait_time": 0,
        "Landing_success_rate": 0.8588
    },
    {
        "model": 2,
        "sequence": 4,
        "status": 1,
        "fuel": 5711,
        "fault": 0.9316,
        "weapon": 1,
        "pilot_injury": 0.9369,
        "pilot_skill": 0.5646,
        "mission_priority": 0.7591,
        "estimated_landing_time": 382.0,
        "wait_time": 0,
        "Landing_success_rate": 0.8511
    },
    {
        "model": 1,
        "sequence": 6,
        "status": 1,
        "fuel": 7340,
        "fault": 0.3685,
        "weapon": 1,
        "pilot_injury": 0.8222,
        "pilot_skill": 0.4634,
        "mission_priority": 0.1415,
        "estimated_landing_time": 570.0,
        "wait_time": 0,
        "Landing_success_rate": 0.9371
    }
]