[
    {
        "model": 2,
        "sequence": 4,
        "status": 1,
        "fuel": 5888,
        "fault": 0.8911,
        "weapon": 1,
        "pilot_injury": 0.4559,
        "pilot_skill": 0.725,
        "mission_priority": 0.9607,
        "estimated_landing_time": 382.0,
        "wait_time": 0,
        "Landing_success_rate": 0.8532
    },
    {
        "model": 0,
        "sequence": 9,
        "status": 1,
        "fuel": 6969,
        "fault": 0.6546,
        "weapon": 0,
        "pilot_injury": 0.4941,
        "pilot_skill": 0.1704,
        "mission_priority": 0.1168,
        "estimated_landing_time": 852.0,
        "wait_time": 0,
        "Landing_success_rate": 0.8881
    },
    {
        "model": 0,
        "sequence": 10,
        "status": 1,
        "fuel": 7168,
        "fault": 0.4468,
        "weapon": 0,
        "pilot_injury": 0.8202,
        "pilot_skill": 0.9978,
        "mission_priority": 0.7743,
        "estimated_landing_time": 946.0,
        "wait_time": 0,
        "Landing_success_rate": 0.9192
    },
    {
        "model": 2,
        "sequence": 15,
        "status": 1,
        "fuel": 6661,
        "fault": 0.5774,
        "weapon": 0,
        "pilot_injury": 0.5372,
        "pilot_skill": 0.4508,
        "mission_priority": 0.9357,
        "estimated_landing_time": 1416.0,
        "wait_time": 0,
        "Landing_success_rate": 0.8868
    },
    {
        "model": 0,
        "sequence": 29,
        "status": 1,
        "fuel": 7278,
        "fault": 0.862,
        "weapon": 1,
        "pilot_injury": 0.0118,
        "pilot_skill": 0.8651,
        "mission_priority": 0.7933,
        "estimated_landing_time": 2732.0,
        "wait_time": 0,
        "Landing_success_rate": 0.8684
    },
    {
        "model": 0,
        "sequence": 16,
        "status": 1,
        "fuel": 6639,
        "fault": 0.6599,
        "weapon": 1,
        "pilot_injury": 0.0535,
        "pilot_skill": 0.0509,
        "mission_priority": 0.6686,
        "estimated_landing_time": 1510.0,
        "wait_time": 0,
        "Landing_success_rate": 0.8791
    },
    {
        "model": 1,
        "sequence": 1,
        "status": 1,
        "fuel": 6705,
        "fault": 0.2726,
        "weapon": 0,
        "pilot_injury": 0.8424,
        "pilot_skill": 0.3489,
        "mission_priority": 0.3801,
        "estimated_landing_time": 100.0,
        "wait_time": 0,
        "Landing_success_rate": 0.9157
    },
    {
        "model": 2,
        "sequence": 25,
        "status": 1,
        "fuel": 6933,
        "fault": 0.4256,
        "weapon": 0,
        "pilot_injury": 0.0314,
        "pilot_skill": 0.4521,
        "mission_priority": 0.943,
        "estimated_landing_time": 2356.0,
        "wait_time": 0,
        "Landing_success_rate": 0.9117
    },
    {
        "model": 1,
        "sequence": 22,
        "status": 1,
        "fuel": 5981,
        "fault": 0.8499,
        "weapon": 1,
        "pilot_injury": 0.6286,
        "pilot_skill": 0.8562,
        "mission_priority": 0.5151,
        "estimated_landing_time": 2074.0,
        "wait_time": 0,
        "Landing_success_rate": 0.8554
    },
    {
        "model": 1,
        "sequence": 2,
        "status": 1,
        "fuel": 5866,
        "fault": 0.7302,
        "weapon": 1,
        "pilot_injury": 0.9206,
        "pilot_skill": 0.0196,
        "mission_priority": 0.2514,
        "estimated_landing_time": 194.0,
        "wait_time": 0,
        "Landing_success_rate": 0.8574
    },
    {
        "model": 2,
        "sequence": 24,
        "status": 1,
        "fuel": 5971,
        "fault": 0.9569,
        "weapon": 0,
        "pilot_injury": 0.2255,
        "pilot_skill": 0.384,
        "mission_priority": 0.9398,
        "estimated_landing_time": 2262.0,
        "wait_time": 0,
        "Landing_success_rate": 0.8515
    },
    {
        "model": 2,
        "sequence": 20,
        "status": 1,
        "fuel": 5660,
        "fault": 0.0084,
        "weapon": 0,
        "pilot_injury": 0.1206,
        "pilot_skill": 0.028,
        "mission_priority": 0.1099,
        "estimated_landing_time": 1886.0,
        "wait_time": 0,
        "Landing_success_rate": 0.8619
    },
    {
        "model": 1,
        "sequence": 14,
        "status": 1,
        "fuel": 7378,
        "fault": 0.8302,
        "weapon": 1,
        "pilot_injury": 0.5726,
        "pilot_skill": 0.2276,
        "mission_priority": 0.0206,
        "estimated_landing_time": 1322.0,
        "wait_time": 0,
        "Landing_success_rate": 0.8739
    },
    {
        "model": 2,
        "sequence": 3,
        "status": 1,
        "fuel": 7181,
        "fault": 0.2827,
        "weapon": 1,
        "pilot_injury": 0.1824,
        "pilot_skill": 0.2291,
        "mission_priority": 0.3773,
        "estimated_landing_time": 288.0,
        "wait_time": 0,
        "Landing_success_rate": 0.9404
    },
    {
        "model": 1,
        "sequence": 19,
        "status": 1,
        "fuel": 6397,
        "fault": 0.9487,
        "weapon": 0,
        "pilot_injury": 0.9446,
        "pilot_skill": 0.4342,
        "mission_priority": 0.1991,
        "estimated_landing_time": 1792.0,
        "wait_time": 0,
        "Landing_success_rate": 0.8535
    },
    {
        "model": 1,
        "sequence": 8,
        "status": 1,
        "fuel": 5562,
        "fault": 0.7889,
        "weapon": 1,
        "pilot_injury": 0.7871,
        "pilot_skill": 0.9351,
        "mission_priority": 0.8363,
        "estimated_landing_time": 758.0,
        "wait_time": 0,
        "Landing_success_rate": 0.851
    },
    {
        "model": 0,
        "sequence": 12,
        "status": 1,
        "fuel": 6391,
        "fault": 0.9813,
        "weapon": 1,
        "pilot_injury": 0.9145,
        "pilot_skill": 0.3859,
        "mission_priority": 0.7702,
        "estimated_landing_time": 1134.0,
        "wait_time": 0,
        "Landing_success_rate": 0.8512
    },
    {
        "model": 1,
        "sequence": 23,
        "status": 1,
        "fuel": 6003,
        "fault": 0.5315,
        "weapon": 1,
        "pilot_injury": 0.4799,
        "pilot_skill": 0.6999,
        "mission_priority": 0.1939,
        "estimated_landing_time": 2168.0,
        "wait_time": 0,
        "Landing_success_rate": 0.8677
    },
    {
        "model": 2,
        "sequence": 28,
        "status": 1,
        "fuel": 7420,
        "fault": 0.4609,
        "weapon": 0,
        "pilot_injury": 0.1642,
        "pilot_skill": 0.6101,
        "mission_priority": 0.5757,
        "estimated_landing_time": 2638.0,
        "wait_time": 0,
        "Landing_success_rate": 0.9276
    },
    {
        "model": 1,
        "sequence": 27,
        "status": 1,
        "fuel": 6816,
        "fault": 0.7029,
        "weapon": 1,
        "pilot_injury": 0.2204,
        "pilot_skill": 0.7797,
        "mission_priority": 0.3674,
        "estimated_landing_time": 2544.0,
        "wait_time": 0,
        "Landing_success_rate": 0.8793
    },
    {
        "model": 1,
        "sequence": 7,
        "status": 1,
        "fuel": 7389,
        "fault": 0.2264,
        "weapon": 1,
        "pilot_injury": 0.2562,
        "pilot_skill": 0.601,
        "mission_priority": 0.4803,
        "estimated_landing_time": 664.0,
        "wait_time": 0,
        "Landing_success_rate": 0.9596
    },
    {
        "model": 2,
        "sequence": 13,
        "status": 1,
        "fuel": 7067,
        "fault": 0.1353,
        "weapon": 0,
        "pilot_injury": 0.7696,
        "pilot_skill": 0.2879,
        "mission_priority": 0.7044,
        "estimated_landing_time": 1228.0,
        "wait_time": 0,
        "Landing_success_rate": 0.9516
    },
    {
        "model": 2,
        "sequence": 6,
        "status": 1,
        "fuel": 5503,
        "fault": 0.0522,
        "weapon": 0,
        "pilot_injury": 0.3783,
        "pilot_skill": 0.3316,
        "mission_priority": 0.0097,
        "estimated_landing_time": 570.0,
        "wait_time": 0,
        "Landing_success_rate": 0.8502
    },
    {
        "model": 0,
        "sequence": 30,
        "status": 1,
        "fuel": 5616,
        "fault": 0.5194,
        "weapon": 1,
        "pilot_injury": 0.8484,
        "pilot_skill": 0.8601,
        "mission_priority": 0.8462,
        "estimated_landing_time": 2826.0,
        "wait_time": 0,
        "Landing_success_rate": 0.8542
    },
    {
        "model": 2,
        "sequence": 17,
        "status": 1,
        "fuel": 5655,
        "fault": 0.4579,
        "weapon": 1,
        "pilot_injury": 0.4918,
        "pilot_skill": 0.9078,
        "mission_priority": 0.7598,
        "estimated_landing_time": 1604.0,
        "wait_time": 0,
        "Landing_success_rate": 0.8563
    },
    {
        "model": 1,
        "sequence": 26,
        "status": 1,
        "fuel": 6336,
        "fault": 0.6451,
        "weapon": 1,
        "pilot_injury": 0.0107,
        "pilot_skill": 0.2807,
        "mission_priority": 0.4358,
        "estimated_landing_time": 2450.0,
        "wait_time": 0,
        "Landing_success_rate": 0.8723
    },
    {
        "model": 2,
        "sequence": 11,
        "status": 1,
        "fuel": 6590,
        "fault": 0.3923,
        "weapon": 0,
        "pilot_injury": 0.3625,
        "pilot_skill": 0.4907,
        "mission_priority": 0.8174,
        "estimated_landing_time": 1040.0,
        "wait_time": 0,
        "Landing_success_rate": 0.8997
    },
    {
        "model": 2,
        "sequence": 18,
        "status": 1,
        "fuel": 6193,
        "fault": 0.6955,
        "weapon": 0,
        "pilot_injury": 0.2622,
        "pilot_skill": 0.48,
        "mission_priority": 0.0247,
        "estimated_landing_time": 1698.0,
        "wait_time": 0,
        "Landing_success_rate": 0.8658
    },
    {
        "model": 0,
        "sequence": 5,
        "status": 1,
        "fuel": 7346,
        "fault": 0.0126,
        "weapon": 0,
        "pilot_injury": 0.2244,
        "pilot_skill": 0.3335,
        "mission_priority": 0.6252,
        "estimated_landing_time": 476.0,
        "wait_time": 0,
        "Landing_success_rate": 0.9867
    },
    {
        "model": 1,
        "sequence": 21,
        "status": 1,
        "fuel": 6756,
        "fault": 0.8335,
        "weapon": 0,
        "pilot_injury": 0.0435,
        "pilot_skill": 0.799,
        "mission_priority": 0.7122,
        "estimated_landing_time": 1980.0,
        "wait_time": 0,
        "Landing_success_rate": 0.8657
    }
]