[
    {
        "model": 0,
        "sequence": 23,
        "status": 1,
        "fuel": 7209,
        "fault": 0.895,
        "weapon": 0,
        "pilot_injury": 0.0622,
        "pilot_skill": 0.8569,
        "mission_priority": 0.0132,
        "estimated_landing_time": 2168.0,
        "wait_time": 0,
        "Landing_success_rate": 0.8635
    },
    {
        "model": 2,
        "sequence": 7,
        "status": 1,
        "fuel": 6311,
        "fault": 0.6342,
        "weapon": 1,
        "pilot_injury": 0.7526,
        "pilot_skill": 0.9826,
        "mission_priority": 0.0538,
        "estimated_landing_time": 664.0,
        "wait_time": 0,
        "Landing_success_rate": 0.8722
    },
    {
        "model": 1,
        "sequence": 13,
        "status": 1,
        "fuel": 6836,
        "fault": 0.8657,
        "weapon": 0,
        "pilot_injury": 0.1266,
        "pilot_skill": 0.5848,
        "mission_priority": 0.3939,
        "estimated_landing_time": 1228.0,
        "wait_time": 0,
        "Landing_success_rate": 0.8635
    },
    {
        "model": 1,
        "sequence": 16,
        "status": 1,
        "fuel": 6915,
        "fault": 0.9542,
        "weapon": 0,
        "pilot_injury": 0.5387,
        "pilot_skill": 0.0933,
        "mission_priority": 0.9372,
        "estimated_landing_time": 1510.0,
        "wait_time": 0,
        "Landing_success_rate": 0.8549
    },
    {
        "model": 0,
        "sequence": 30,
        "status": 1,
        "fuel": 7499,
        "fault": 0.5132,
        "weapon": 1,
        "pilot_injury": 0.9709,
        "pilot_skill": 0.8778,
        "mission_priority": 0.6771,
        "estimated_landing_time": 2826.0,
        "wait_time": 0,
        "Landing_success_rate": 0.923
    },
    {
        "model": 0,
        "sequence": 8,
        "status": 1,
        "fuel": 5860,
        "fault": 0.9069,
        "weapon": 1,
        "pilot_injury": 0.4605,
        "pilot_skill": 0.2744,
        "mission_priority": 0.285,
        "estimated_landing_time": 758.0,
        "wait_time": 0,
        "Landing_success_rate": 0.8525
    },
    {
        "model": 1,
        "sequence": 3,
        "status": 1,
        "fuel": 5795,
        "fault": 0.1284,
        "weapon": 1,
        "pilot_injury": 0.5849,
        "pilot_skill": 0.6526,
        "mission_priority": 0.7748,
        "estimated_landing_time": 288.0,
        "wait_time": 0,
        "Landing_success_rate": 0.8693
    },
    {
        "model": 0,
        "sequence": 12,
        "status": 1,
        "fuel": 6843,
        "fault": 0.3332,
        "weapon": 1,
        "pilot_injury": 0.363,
        "pilot_skill": 0.264,
        "mission_priority": 0.5382,
        "estimated_landing_time": 1134.0,
        "wait_time": 0,
        "Landing_success_rate": 0.9172
    },
    {
        "model": 0,
        "sequence": 9,
        "status": 1,
        "fuel": 7275,
        "fault": 0.0386,
        "weapon": 0,
        "pilot_injury": 0.1065,
        "pilot_skill": 0.2714,
        "mission_priority": 0.7827,
        "estimated_landing_time": 852.0,
        "wait_time": 0,
        "Landing_success_rate": 0.978
    },
    {
        "model": 2,
        "sequence": 1,
        "status": 1,
        "fuel": 5728,
        "fault": 0.7631,
        "weapon": 1,
        "pilot_injury": 0.9245,
        "pilot_skill": 0.6176,
        "mission_priority": 0.7127,
        "estimated_landing_time": 100.0,
        "wait_time": 0,
        "Landing_success_rate": 0.8541
    },
    {
        "model": 2,
        "sequence": 20,
        "status": 1,
        "fuel": 5600,
        "fault": 0.5996,
        "weapon": 1,
        "pilot_injury": 0.581,
        "pilot_skill": 0.3091,
        "mission_priority": 0.2495,
        "estimated_landing_time": 1886.0,
        "wait_time": 0,
        "Landing_success_rate": 0.853
    },
    {
        "model": 2,
        "sequence": 15,
        "status": 1,
        "fuel": 6220,
        "fault": 0.7718,
        "weapon": 0,
        "pilot_injury": 0.7945,
        "pilot_skill": 0.8759,
        "mission_priority": 0.4286,
        "estimated_landing_time": 1416.0,
        "wait_time": 0,
        "Landing_success_rate": 0.8623
    },
    {
        "model": 0,
        "sequence": 17,
        "status": 1,
        "fuel": 7318,
        "fault": 0.58,
        "weapon": 0,
        "pilot_injury": 0.7804,
        "pilot_skill": 0.2533,
        "mission_priority": 0.2973,
        "estimated_landing_time": 1604.0,
        "wait_time": 0,
        "Landing_success_rate": 0.9073
    },
    {
        "model": 1,
        "sequence": 5,
        "status": 1,
        "fuel": 7274,
        "fault": 0.4268,
        "weapon": 0,
        "pilot_injury": 0.7058,
        "pilot_skill": 0.5045,
        "mission_priority": 0.1116,
        "estimated_landing_time": 476.0,
        "wait_time": 0,
        "Landing_success_rate": 0.9263
    },
    {
        "model": 1,
        "sequence": 18,
        "status": 1,
        "fuel": 5648,
        "fault": 0.7588,
        "weapon": 0,
        "pilot_injury": 0.2274,
        "pilot_skill": 0.0501,
        "mission_priority": 0.7315,
        "estimated_landing_time": 1698.0,
        "wait_time": 0,
        "Landing_success_rate": 0.8527
    },
    {
        "model": 1,
        "sequence": 2,
        "status": 1,
        "fuel": 6203,
        "fault": 0.6535,
        "weapon": 0,
        "pilot_injury": 0.5023,
        "pilot_skill": 0.9696,
        "mission_priority": 0.1198,
        "estimated_landing_time": 194.0,
        "wait_time": 0,
        "Landing_success_rate": 0.8683
    },
    {
        "model": 1,
        "sequence": 26,
        "status": 1,
        "fuel": 7329,
        "fault": 0.5878,
        "weapon": 1,
        "pilot_injury": 0.0225,
        "pilot_skill": 0.412,
        "mission_priority": 0.7828,
        "estimated_landing_time": 2450.0,
        "wait_time": 0,
        "Landing_success_rate": 0.9065
    },
    {
        "model": 2,
        "sequence": 6,
        "status": 1,
        "fuel": 6919,
        "fault": 0.5923,
        "weapon": 0,
        "pilot_injury": 0.6448,
        "pilot_skill": 0.7661,
        "mission_priority": 0.8045,
        "estimated_landing_time": 570.0,
        "wait_time": 0,
        "Landing_success_rate": 0.8934
    },
    {
        "model": 2,
        "sequence": 22,
        "status": 1,
        "fuel": 7160,
        "fault": 0.5931,
        "weapon": 0,
        "pilot_injury": 0.6953,
        "pilot_skill": 0.5505,
        "mission_priority": 0.5665,
        "estimated_landing_time": 2074.0,
        "wait_time": 0,
        "Landing_success_rate": 0.9007
    },
    {
        "model": 0,
        "sequence": 4,
        "status": 1,
        "fuel": 6026,
        "fault": 0.1073,
        "weapon": 1,
        "pilot_injury": 0.3121,
        "pilot_skill": 0.5357,
        "mission_priority": 0.2495,
        "estimated_landing_time": 382.0,
        "wait_time": 0,
        "Landing_success_rate": 0.8852
    },
    {
        "model": 1,
        "sequence": 21,
        "status": 1,
        "fuel": 6794,
        "fault": 0.4904,
        "weapon": 1,
        "pilot_injury": 0.8019,
        "pilot_skill": 0.6191,
        "mission_priority": 0.5675,
        "estimated_landing_time": 1980.0,
        "wait_time": 0,
        "Landing_success_rate": 0.8995
    },
    {
        "model": 0,
        "sequence": 25,
        "status": 1,
        "fuel": 7068,
        "fault": 0.4016,
        "weapon": 1,
        "pilot_injury": 0.348,
        "pilot_skill": 0.4064,
        "mission_priority": 0.9446,
        "estimated_landing_time": 2356.0,
        "wait_time": 0,
        "Landing_success_rate": 0.9204
    },
    {
        "model": 1,
        "sequence": 24,
        "status": 1,
        "fuel": 7393,
        "fault": 0.7445,
        "weapon": 0,
        "pilot_injury": 0.9224,
        "pilot_skill": 0.5184,
        "mission_priority": 0.2514,
        "estimated_landing_time": 2262.0,
        "wait_time": 0,
        "Landing_success_rate": 0.8863
    },
    {
        "model": 1,
        "sequence": 14,
        "status": 1,
        "fuel": 6949,
        "fault": 0.9817,
        "weapon": 1,
        "pilot_injury": 0.7147,
        "pilot_skill": 0.2961,
        "mission_priority": 0.7303,
        "estimated_landing_time": 1322.0,
        "wait_time": 0,
        "Landing_success_rate": 0.852
    },
    {
        "model": 0,
        "sequence": 10,
        "status": 1,
        "fuel": 5764,
        "fault": 0.43,
        "weapon": 0,
        "pilot_injury": 0.1353,
        "pilot_skill": 0.6386,
        "mission_priority": 0.3609,
        "estimated_landing_time": 946.0,
        "wait_time": 0,
        "Landing_success_rate": 0.8613
    },
    {
        "model": 2,
        "sequence": 28,
        "status": 1,
        "fuel": 5845,
        "fault": 0.1376,
        "weapon": 0,
        "pilot_injury": 0.4077,
        "pilot_skill": 0.9247,
        "mission_priority": 0.3996,
        "estimated_landing_time": 2638.0,
        "wait_time": 0,
        "Landing_success_rate": 0.8723
    },
    {
        "model": 0,
        "sequence": 19,
        "status": 1,
        "fuel": 6905,
        "fault": 0.8477,
        "weapon": 0,
        "pilot_injury": 0.1363,
        "pilot_skill": 0.1242,
        "mission_priority": 0.9357,
        "estimated_landing_time": 1792.0,
        "wait_time": 0,
        "Landing_success_rate": 0.866
    },
    {
        "model": 0,
        "sequence": 11,
        "status": 1,
        "fuel": 6569,
        "fault": 0.7655,
        "weapon": 0,
        "pilot_injury": 0.5352,
        "pilot_skill": 0.0468,
        "mission_priority": 0.62,
        "estimated_landing_time": 1040.0,
        "wait_time": 0,
        "Landing_success_rate": 0.8688
    },
    {
        "model": 1,
        "sequence": 27,
        "status": 1,
        "fuel": 6977,
        "fault": 0.6943,
        "weapon": 0,
        "pilot_injury": 0.2839,
        "pilot_skill": 0.9055,
        "mission_priority": 0.2706,
        "estimated_landing_time": 2544.0,
        "wait_time": 0,
        "Landing_success_rate": 0.8839
    },
    {
        "model": 2,
        "sequence": 29,
        "status": 1,
        "fuel": 5615,
        "fault": 0.5466,
        "weapon": 0,
        "pilot_injury": 0.4008,
        "pilot_skill": 0.1614,
        "mission_priority": 0.0684,
        "estimated_landing_time": 2732.0,
        "wait_time": 0,
        "Landing_success_rate": 0.8539
    }
]