[
    {
        "model": 0,
        "sequence": 23,
        "status": 1,
        "fuel": 7159,
        "fault": 0.1192,
        "weapon": 0,
        "pilot_injury": 0.6965,
        "pilot_skill": 0.9881,
        "mission_priority": 0.0917,
        "estimated_landing_time": 2168.0,
        "wait_time": 0,
        "Landing_success_rate": 0.9596
    },
    {
        "model": 0,
        "sequence": 14,
        "status": 1,
        "fuel": 7373,
        "fault": 0.0422,
        "weapon": 0,
        "pilot_injury": 0.1128,
        "pilot_skill": 0.6509,
        "mission_priority": 0.4302,
        "estimated_landing_time": 1322.0,
        "wait_time": 0,
        "Landing_success_rate": 0.9845
    },
    {
        "model": 2,
        "sequence": 19,
        "status": 1,
        "fuel": 6896,
        "fault": 0.9745,
        "weapon": 0,
        "pilot_injury": 0.1763,
        "pilot_skill": 0.5163,
        "mission_priority": 0.3774,
        "estimated_landing_time": 1792.0,
        "wait_time": 0,
        "Landing_success_rate": 0.8527
    },
    {
        "model": 2,
        "sequence": 7,
        "status": 1,
        "fuel": 6101,
        "fault": 0.4143,
        "weapon": 1,
        "pilot_injury": 0.3502,
        "pilot_skill": 0.9964,
        "mission_priority": 0.3681,
        "estimated_landing_time": 664.0,
        "wait_time": 0,
        "Landing_success_rate": 0.8764
    },
    {
        "model": 1,
        "sequence": 18,
        "status": 1,
        "fuel": 7236,
        "fault": 0.0565,
        "weapon": 1,
        "pilot_injury": 0.3808,
        "pilot_skill": 0.7634,
        "mission_priority": 0.5156,
        "estimated_landing_time": 1698.0,
        "wait_time": 0,
        "Landing_success_rate": 0.9728
    },
    {
        "model": 1,
        "sequence": 15,
        "status": 1,
        "fuel": 5714,
        "fault": 0.9759,
        "weapon": 1,
        "pilot_injury": 0.1055,
        "pilot_skill": 0.3321,
        "mission_priority": 0.6942,
        "estimated_landing_time": 1416.0,
        "wait_time": 0,
        "Landing_success_rate": 0.8504
    },
    {
        "model": 2,
        "sequence": 6,
        "status": 1,
        "fuel": 5836,
        "fault": 0.8179,
        "weapon": 1,
        "pilot_injury": 0.3602,
        "pilot_skill": 0.1937,
        "mission_priority": 0.8298,
        "estimated_landing_time": 570.0,
        "wait_time": 0,
        "Landing_success_rate": 0.8546
    },
    {
        "model": 0,
        "sequence": 4,
        "status": 1,
        "fuel": 6983,
        "fault": 0.6572,
        "weapon": 1,
        "pilot_injury": 0.3812,
        "pilot_skill": 0.9273,
        "mission_priority": 0.9919,
        "estimated_landing_time": 382.0,
        "wait_time": 0,
        "Landing_success_rate": 0.8881
    },
    {
        "model": 2,
        "sequence": 11,
        "status": 1,
        "fuel": 6186,
        "fault": 0.2573,
        "weapon": 1,
        "pilot_injury": 0.8408,
        "pilot_skill": 0.5162,
        "mission_priority": 0.8695,
        "estimated_landing_time": 1040.0,
        "wait_time": 0,
        "Landing_success_rate": 0.8882
    },
    {
        "model": 2,
        "sequence": 21,
        "status": 1,
        "fuel": 6206,
        "fault": 0.8261,
        "weapon": 1,
        "pilot_injury": 0.9266,
        "pilot_skill": 0.7215,
        "mission_priority": 0.5108,
        "estimated_landing_time": 1980.0,
        "wait_time": 0,
        "Landing_success_rate": 0.8592
    },
    {
        "model": 0,
        "sequence": 20,
        "status": 1,
        "fuel": 7101,
        "fault": 0.7067,
        "weapon": 1,
        "pilot_injury": 0.1084,
        "pilot_skill": 0.6244,
        "mission_priority": 0.5381,
        "estimated_landing_time": 1886.0,
        "wait_time": 0,
        "Landing_success_rate": 0.8852
    },
    {
        "model": 0,
        "sequence": 27,
        "status": 1,
        "fuel": 6556,
        "fault": 0.4936,
        "weapon": 1,
        "pilot_injury": 0.0081,
        "pilot_skill": 0.1854,
        "mission_priority": 0.2109,
        "estimated_landing_time": 2544.0,
        "wait_time": 0,
        "Landing_success_rate": 0.8901
    },
    {
        "model": 1,
        "sequence": 26,
        "status": 1,
        "fuel": 6392,
        "fault": 0.3178,
        "weapon": 0,
        "pilot_injury": 0.7066,
        "pilot_skill": 0.0742,
        "mission_priority": 0.4865,
        "estimated_landing_time": 2450.0,
        "wait_time": 0,
        "Landing_success_rate": 0.8956
    },
    {
        "model": 2,
        "sequence": 30,
        "status": 1,
        "fuel": 6706,
        "fault": 0.9955,
        "weapon": 1,
        "pilot_injury": 0.3105,
        "pilot_skill": 0.2598,
        "mission_priority": 0.4839,
        "estimated_landing_time": 2826.0,
        "wait_time": 0,
        "Landing_success_rate": 0.8504
    },
    {
        "model": 1,
        "sequence": 1,
        "status": 1,
        "fuel": 5916,
        "fault": 0.6445,
        "weapon": 1,
        "pilot_injury": 0.2936,
        "pilot_skill": 0.7873,
        "mission_priority": 0.4842,
        "estimated_landing_time": 100.0,
        "wait_time": 0,
        "Landing_success_rate": 0.8611
    },
    {
        "model": 2,
        "sequence": 8,
        "status": 1,
        "fuel": 6283,
        "fault": 0.7843,
        "weapon": 1,
        "pilot_injury": 0.3439,
        "pilot_skill": 0.7263,
        "mission_priority": 0.2743,
        "estimated_landing_time": 758.0,
        "wait_time": 0,
        "Landing_success_rate": 0.8627
    },
    {
        "model": 2,
        "sequence": 22,
        "status": 1,
        "fuel": 6270,
        "fault": 0.5954,
        "weapon": 1,
        "pilot_injury": 0.3502,
        "pilot_skill": 0.2034,
        "mission_priority": 0.965,
        "estimated_landing_time": 2074.0,
        "wait_time": 0,
        "Landing_success_rate": 0.8734
    },
    {
        "model": 0,
        "sequence": 13,
        "status": 1,
        "fuel": 5746,
        "fault": 0.8829,
        "weapon": 0,
        "pilot_injury": 0.0384,
        "pilot_skill": 0.5041,
        "mission_priority": 0.4012,
        "estimated_landing_time": 1228.0,
        "wait_time": 0,
        "Landing_success_rate": 0.8522
    },
    {
        "model": 2,
        "sequence": 29,
        "status": 1,
        "fuel": 5841,
        "fault": 0.6519,
        "weapon": 0,
        "pilot_injury": 0.5197,
        "pilot_skill": 0.2854,
        "mission_priority": 0.8722,
        "estimated_landing_time": 2732.0,
        "wait_time": 0,
        "Landing_success_rate": 0.8589
    },
    {
        "model": 2,
        "sequence": 5,
        "status": 1,
        "fuel": 7158,
        "fault": 0.8582,
        "weapon": 0,
        "pilot_injury": 0.1886,
        "pilot_skill": 0.0406,
        "mission_priority": 0.4614,
        "estimated_landing_time": 476.0,
        "wait_time": 0,
        "Landing_success_rate": 0.8676
    },
    {
        "model": 0,
        "sequence": 3,
        "status": 1,
        "fuel": 6872,
        "fault": 0.8122,
        "weapon": 1,
        "pilot_injury": 0.0594,
        "pilot_skill": 0.2161,
        "mission_priority": 0.0631,
        "estimated_landing_time": 288.0,
        "wait_time": 0,
        "Landing_success_rate": 0.8693
    },
    {
        "model": 0,
        "sequence": 2,
        "status": 1,
        "fuel": 6464,
        "fault": 0.63,
        "weapon": 1,
        "pilot_injury": 0.8102,
        "pilot_skill": 0.664,
        "mission_priority": 0.6794,
        "estimated_landing_time": 194.0,
        "wait_time": 0,
        "Landing_success_rate": 0.8768
    },
    {
        "model": 0,
        "sequence": 10,
        "status": 1,
        "fuel": 6266,
        "fault": 0.3331,
        "weapon": 0,
        "pilot_injury": 0.4506,
        "pilot_skill": 0.3771,
        "mission_priority": 0.9472,
        "estimated_landing_time": 946.0,
        "wait_time": 0,
        "Landing_success_rate": 0.8883
    },
    {
        "model": 2,
        "sequence": 28,
        "status": 1,
        "fuel": 7271,
        "fault": 0.3232,
        "weapon": 1,
        "pilot_injury": 0.3854,
        "pilot_skill": 0.8296,
        "mission_priority": 0.4949,
        "estimated_landing_time": 2638.0,
        "wait_time": 0,
        "Landing_success_rate": 0.9399
    },
    {
        "model": 0,
        "sequence": 16,
        "status": 1,
        "fuel": 5516,
        "fault": 0.5628,
        "weapon": 1,
        "pilot_injury": 0.4019,
        "pilot_skill": 0.9637,
        "mission_priority": 0.3689,
        "estimated_landing_time": 1510.0,
        "wait_time": 0,
        "Landing_success_rate": 0.8505
    },
    {
        "model": 2,
        "sequence": 17,
        "status": 1,
        "fuel": 6670,
        "fault": 0.0483,
        "weapon": 0,
        "pilot_injury": 0.0626,
        "pilot_skill": 0.4381,
        "mission_priority": 0.5856,
        "estimated_landing_time": 1604.0,
        "wait_time": 0,
        "Landing_success_rate": 0.9335
    },
    {
        "model": 1,
        "sequence": 24,
        "status": 1,
        "fuel": 5848,
        "fault": 0.6304,
        "weapon": 0,
        "pilot_injury": 0.6967,
        "pilot_skill": 0.1299,
        "mission_priority": 0.9553,
        "estimated_landing_time": 2262.0,
        "wait_time": 0,
        "Landing_success_rate": 0.8596
    },
    {
        "model": 0,
        "sequence": 12,
        "status": 1,
        "fuel": 6420,
        "fault": 0.03,
        "weapon": 0,
        "pilot_injury": 0.2913,
        "pilot_skill": 0.9374,
        "mission_priority": 0.4828,
        "estimated_landing_time": 1134.0,
        "wait_time": 0,
        "Landing_success_rate": 0.9169
    },
    {
        "model": 1,
        "sequence": 25,
        "status": 1,
        "fuel": 6541,
        "fault": 0.5321,
        "weapon": 0,
        "pilot_injury": 0.9308,
        "pilot_skill": 0.3083,
        "mission_priority": 0.1808,
        "estimated_landing_time": 2356.0,
        "wait_time": 0,
        "Landing_success_rate": 0.8865
    },
    {
        "model": 1,
        "sequence": 9,
        "status": 1,
        "fuel": 5530,
        "fault": 0.0425,
        "weapon": 0,
        "pilot_injury": 0.062,
        "pilot_skill": 0.5219,
        "mission_priority": 0.5624,
        "estimated_landing_time": 852.0,
        "wait_time": 0,
        "Landing_success_rate": 0.8522
    }
]