[
    {
        "model": 1,
        "sequence": 22,
        "status": 1,
        "fuel": 5673,
        "fault": 0.0381,
        "weapon": 1,
        "pilot_injury": 0.4453,
        "pilot_skill": 0.2828,
        "mission_priority": 0.5118,
        "estimated_landing_time": 2074.0,
        "wait_time": 0,
        "Landing_success_rate": 0.8625
    },
    {
        "model": 1,
        "sequence": 30,
        "status": 1,
        "fuel": 7457,
        "fault": 0.6916,
        "weapon": 1,
        "pilot_injury": 0.9839,
        "pilot_skill": 0.6527,
        "mission_priority": 0.7462,
        "estimated_landing_time": 2826.0,
        "wait_time": 0,
        "Landing_success_rate": 0.8953
    },
    {
        "model": 0,
        "sequence": 27,
        "status": 1,
        "fuel": 6500,
        "fault": 0.9169,
        "weapon": 0,
        "pilot_injury": 0.9003,
        "pilot_skill": 0.0769,
        "mission_priority": 0.1314,
        "estimated_landing_time": 2544.0,
        "wait_time": 0,
        "Landing_success_rate": 0.8562
    },
    {
        "model": 2,
        "sequence": 17,
        "status": 1,
        "fuel": 6020,
        "fault": 0.4082,
        "weapon": 1,
        "pilot_injury": 0.1834,
        "pilot_skill": 0.2201,
        "mission_priority": 0.3819,
        "estimated_landing_time": 1604.0,
        "wait_time": 0,
        "Landing_success_rate": 0.8731
    },
    {
        "model": 0,
        "sequence": 13,
        "status": 1,
        "fuel": 6347,
        "fault": 0.2396,
        "weapon": 1,
        "pilot_injury": 0.7839,
        "pilot_skill": 0.5583,
        "mission_priority": 0.0494,
        "estimated_landing_time": 1228.0,
        "wait_time": 0,
        "Landing_success_rate": 0.8983
    },
    {
        "model": 2,
        "sequence": 19,
        "status": 1,
        "fuel": 7248,
        "fault": 0.9673,
        "weapon": 1,
        "pilot_injury": 0.3001,
        "pilot_skill": 0.2509,
        "mission_priority": 0.3474,
        "estimated_landing_time": 1792.0,
        "wait_time": 0,
        "Landing_success_rate": 0.8543
    },
    {
        "model": 2,
        "sequence": 4,
        "status": 1,
        "fuel": 5960,
        "fault": 0.2929,
        "weapon": 1,
        "pilot_injury": 0.0458,
        "pilot_skill": 0.6606,
        "mission_priority": 0.7308,
        "estimated_landing_time": 382.0,
        "wait_time": 0,
        "Landing_success_rate": 0.8744
    },
    {
        "model": 0,
        "sequence": 25,
        "status": 1,
        "fuel": 5862,
        "fault": 0.3145,
        "weapon": 1,
        "pilot_injury": 0.9674,
        "pilot_skill": 0.3401,
        "mission_priority": 0.6189,
        "estimated_landing_time": 2356.0,
        "wait_time": 0,
        "Landing_success_rate": 0.8686
    },
    {
        "model": 0,
        "sequence": 5,
        "status": 1,
        "fuel": 6883,
        "fault": 0.0346,
        "weapon": 0,
        "pilot_injury": 0.0208,
        "pilot_skill": 0.0743,
        "mission_priority": 0.7975,
        "estimated_landing_time": 476.0,
        "wait_time": 0,
        "Landing_success_rate": 0.9501
    },
    {
        "model": 1,
        "sequence": 28,
        "status": 1,
        "fuel": 7303,
        "fault": 0.5165,
        "weapon": 1,
        "pilot_injury": 0.7089,
        "pilot_skill": 0.9962,
        "mission_priority": 0.6956,
        "estimated_landing_time": 2638.0,
        "wait_time": 0,
        "Landing_success_rate": 0.9154
    },
    {
        "model": 2,
        "sequence": 1,
        "status": 1,
        "fuel": 6044,
        "fault": 0.9037,
        "weapon": 0,
        "pilot_injury": 0.5241,
        "pilot_skill": 0.9174,
        "mission_priority": 0.6902,
        "estimated_landing_time": 100.0,
        "wait_time": 0,
        "Landing_success_rate": 0.8539
    },
    {
        "model": 2,
        "sequence": 14,
        "status": 1,
        "fuel": 6374,
        "fault": 0.9322,
        "weapon": 0,
        "pilot_injury": 0.4435,
        "pilot_skill": 0.5084,
        "mission_priority": 0.7223,
        "estimated_landing_time": 1322.0,
        "wait_time": 0,
        "Landing_success_rate": 0.8544
    },
    {
        "model": 2,
        "sequence": 16,
        "status": 1,
        "fuel": 5580,
        "fault": 0.6824,
        "weapon": 0,
        "pilot_injury": 0.0882,
        "pilot_skill": 0.8551,
        "mission_priority": 0.9425,
        "estimated_landing_time": 1510.0,
        "wait_time": 0,
        "Landing_success_rate": 0.8519
    },
    {
        "model": 1,
        "sequence": 2,
        "status": 1,
        "fuel": 6184,
        "fault": 0.8971,
        "weapon": 1,
        "pilot_injury": 0.9437,
        "pilot_skill": 0.2185,
        "mission_priority": 0.2288,
        "estimated_landing_time": 194.0,
        "wait_time": 0,
        "Landing_success_rate": 0.8553
    },
    {
        "model": 2,
        "sequence": 24,
        "status": 1,
        "fuel": 6179,
        "fault": 0.4796,
        "weapon": 0,
        "pilot_injury": 0.9651,
        "pilot_skill": 0.0323,
        "mission_priority": 0.5961,
        "estimated_landing_time": 2262.0,
        "wait_time": 0,
        "Landing_success_rate": 0.8765
    },
    {
        "model": 2,
        "sequence": 18,
        "status": 1,
        "fuel": 5642,
        "fault": 0.3669,
        "weapon": 1,
        "pilot_injury": 0.0246,
        "pilot_skill": 0.2624,
        "mission_priority": 0.1067,
        "estimated_landing_time": 1698.0,
        "wait_time": 0,
        "Landing_success_rate": 0.8567
    },
    {
        "model": 0,
        "sequence": 7,
        "status": 1,
        "fuel": 7470,
        "fault": 0.8463,
        "weapon": 0,
        "pilot_injury": 0.0941,
        "pilot_skill": 0.7697,
        "mission_priority": 0.4143,
        "estimated_landing_time": 664.0,
        "wait_time": 0,
        "Landing_success_rate": 0.8727
    },
    {
        "model": 0,
        "sequence": 21,
        "status": 1,
        "fuel": 7245,
        "fault": 0.6615,
        "weapon": 1,
        "pilot_injury": 0.9924,
        "pilot_skill": 0.8038,
        "mission_priority": 0.2142,
        "estimated_landing_time": 1980.0,
        "wait_time": 0,
        "Landing_success_rate": 0.8943
    },
    {
        "model": 1,
        "sequence": 15,
        "status": 1,
        "fuel": 6358,
        "fault": 0.216,
        "weapon": 1,
        "pilot_injury": 0.5082,
        "pilot_skill": 0.2968,
        "mission_priority": 0.2101,
        "estimated_landing_time": 1416.0,
        "wait_time": 0,
        "Landing_success_rate": 0.9005
    },
    {
        "model": 2,
        "sequence": 3,
        "status": 1,
        "fuel": 6826,
        "fault": 0.3564,
        "weapon": 0,
        "pilot_injury": 0.0496,
        "pilot_skill": 0.3812,
        "mission_priority": 0.7439,
        "estimated_landing_time": 288.0,
        "wait_time": 0,
        "Landing_success_rate": 0.914
    },
    {
        "model": 1,
        "sequence": 6,
        "status": 1,
        "fuel": 7000,
        "fault": 0.5926,
        "weapon": 0,
        "pilot_injury": 0.8399,
        "pilot_skill": 0.0253,
        "mission_priority": 0.4554,
        "estimated_landing_time": 570.0,
        "wait_time": 0,
        "Landing_success_rate": 0.8958
    },
    {
        "model": 0,
        "sequence": 29,
        "status": 1,
        "fuel": 5579,
        "fault": 0.3568,
        "weapon": 0,
        "pilot_injury": 0.921,
        "pilot_skill": 0.0072,
        "mission_priority": 0.6682,
        "estimated_landing_time": 2732.0,
        "wait_time": 0,
        "Landing_success_rate": 0.8538
    },
    {
        "model": 2,
        "sequence": 23,
        "status": 1,
        "fuel": 7112,
        "fault": 0.9778,
        "weapon": 1,
        "pilot_injury": 0.0198,
        "pilot_skill": 0.1739,
        "mission_priority": 0.0944,
        "estimated_landing_time": 2168.0,
        "wait_time": 0,
        "Landing_success_rate": 0.8527
    },
    {
        "model": 2,
        "sequence": 11,
        "status": 1,
        "fuel": 6414,
        "fault": 0.4283,
        "weapon": 0,
        "pilot_injury": 0.4248,
        "pilot_skill": 0.7248,
        "mission_priority": 0.3608,
        "estimated_landing_time": 1040.0,
        "wait_time": 0,
        "Landing_success_rate": 0.8892
    },
    {
        "model": 1,
        "sequence": 26,
        "status": 1,
        "fuel": 5887,
        "fault": 0.2222,
        "weapon": 0,
        "pilot_injury": 0.6261,
        "pilot_skill": 0.113,
        "mission_priority": 0.9244,
        "estimated_landing_time": 2450.0,
        "wait_time": 0,
        "Landing_success_rate": 0.8726
    },
    {
        "model": 2,
        "sequence": 8,
        "status": 1,
        "fuel": 7325,
        "fault": 0.8929,
        "weapon": 0,
        "pilot_injury": 0.032,
        "pilot_skill": 0.443,
        "mission_priority": 0.9644,
        "estimated_landing_time": 758.0,
        "wait_time": 0,
        "Landing_success_rate": 0.8647
    },
    {
        "model": 2,
        "sequence": 9,
        "status": 1,
        "fuel": 6033,
        "fault": 0.3307,
        "weapon": 1,
        "pilot_injury": 0.8791,
        "pilot_skill": 0.2931,
        "mission_priority": 0.8522,
        "estimated_landing_time": 852.0,
        "wait_time": 0,
        "Landing_success_rate": 0.8768
    },
    {
        "model": 0,
        "sequence": 10,
        "status": 1,
        "fuel": 6954,
        "fault": 0.7514,
        "weapon": 0,
        "pilot_injury": 0.9108,
        "pilot_skill": 0.4853,
        "mission_priority": 0.3177,
        "estimated_landing_time": 946.0,
        "wait_time": 0,
        "Landing_success_rate": 0.8771
    },
    {
        "model": 1,
        "sequence": 12,
        "status": 1,
        "fuel": 7038,
        "fault": 0.3182,
        "weapon": 0,
        "pilot_injury": 0.7586,
        "pilot_skill": 0.3499,
        "mission_priority": 0.2542,
        "estimated_landing_time": 1134.0,
        "wait_time": 0,
        "Landing_success_rate": 0.9286
    },
    {
        "model": 0,
        "sequence": 20,
        "status": 1,
        "fuel": 5710,
        "fault": 0.6334,
        "weapon": 1,
        "pilot_injury": 0.111,
        "pilot_skill": 0.4847,
        "mission_priority": 0.0411,
        "estimated_landing_time": 1886.0,
        "wait_time": 0,
        "Landing_success_rate": 0.8558
    }
]