[
    {
        "model": 1,
        "sequence": 10,
        "status": 1,
        "fuel": 5788,
        "fault": 0.7959,
        "weapon": 1,
        "pilot_injury": 0.8231,
        "pilot_skill": 0.2819,
        "mission_priority": 0.0334,
        "estimated_landing_time": 946.0,
        "wait_time": 0,
        "Landing_success_rate": 0.8544
    },
    {
        "model": 0,
        "sequence": 13,
        "status": 1,
        "fuel": 7117,
        "fault": 0.3717,
        "weapon": 1,
        "pilot_injury": 0.2453,
        "pilot_skill": 0.6401,
        "mission_priority": 0.495,
        "estimated_landing_time": 1228.0,
        "wait_time": 0,
        "Landing_success_rate": 0.9262
    },
    {
        "model": 0,
        "sequence": 24,
        "status": 1,
        "fuel": 6614,
        "fault": 0.782,
        "weapon": 1,
        "pilot_injury": 0.193,
        "pilot_skill": 0.4875,
        "mission_priority": 0.5735,
        "estimated_landing_time": 2262.0,
        "wait_time": 0,
        "Landing_success_rate": 0.8682
    },
    {
        "model": 1,
        "sequence": 21,
        "status": 1,
        "fuel": 6273,
        "fault": 0.7214,
        "weapon": 1,
        "pilot_injury": 0.8673,
        "pilot_skill": 0.5415,
        "mission_priority": 0.7813,
        "estimated_landing_time": 1980.0,
        "wait_time": 0,
        "Landing_success_rate": 0.8662
    },
    {
        "model": 0,
        "sequence": 8,
        "status": 1,
        "fuel": 7212,
        "fault": 0.4502,
        "weapon": 0,
        "pilot_injury": 0.462,
        "pilot_skill": 0.921,
        "mission_priority": 0.5316,
        "estimated_landing_time": 758.0,
        "wait_time": 0,
        "Landing_success_rate": 0.9206
    },
    {
        "model": 1,
        "sequence": 12,
        "status": 1,
        "fuel": 6021,
        "fault": 0.0371,
        "weapon": 1,
        "pilot_injury": 0.1245,
        "pilot_skill": 0.6537,
        "mission_priority": 0.094,
        "estimated_landing_time": 1134.0,
        "wait_time": 0,
        "Landing_success_rate": 0.8876
    },
    {
        "model": 2,
        "sequence": 15,
        "status": 1,
        "fuel": 6043,
        "fault": 0.4487,
        "weapon": 0,
        "pilot_injury": 0.4115,
        "pilot_skill": 0.9109,
        "mission_priority": 0.152,
        "estimated_landing_time": 1416.0,
        "wait_time": 0,
        "Landing_success_rate": 0.8725
    },
    {
        "model": 1,
        "sequence": 5,
        "status": 1,
        "fuel": 7355,
        "fault": 0.6139,
        "weapon": 1,
        "pilot_injury": 0.9317,
        "pilot_skill": 0.3907,
        "mission_priority": 0.9264,
        "estimated_landing_time": 476.0,
        "wait_time": 0,
        "Landing_success_rate": 0.9037
    },
    {
        "model": 0,
        "sequence": 28,
        "status": 1,
        "fuel": 6016,
        "fault": 0.4171,
        "weapon": 0,
        "pilot_injury": 0.9379,
        "pilot_skill": 0.5723,
        "mission_priority": 0.6417,
        "estimated_landing_time": 2638.0,
        "wait_time": 0,
        "Landing_success_rate": 0.8726
    },
    {
        "model": 1,
        "sequence": 19,
        "status": 1,
        "fuel": 7447,
        "fault": 0.9002,
        "weapon": 0,
        "pilot_injury": 0.2734,
        "pilot_skill": 0.788,
        "mission_priority": 0.7135,
        "estimated_landing_time": 1792.0,
        "wait_time": 0,
        "Landing_success_rate": 0.8646
    },
    {
        "model": 0,
        "sequence": 26,
        "status": 1,
        "fuel": 6105,
        "fault": 0.4008,
        "weapon": 0,
        "pilot_injury": 0.7745,
        "pilot_skill": 0.1324,
        "mission_priority": 0.962,
        "estimated_landing_time": 2450.0,
        "wait_time": 0,
        "Landing_success_rate": 0.8772
    },
    {
        "model": 0,
        "sequence": 18,
        "status": 1,
        "fuel": 6333,
        "fault": 0.8925,
        "weapon": 0,
        "pilot_injury": 0.3604,
        "pilot_skill": 0.7357,
        "mission_priority": 0.519,
        "estimated_landing_time": 1698.0,
        "wait_time": 0,
        "Landing_success_rate": 0.8567
    },
    {
        "model": 2,
        "sequence": 9,
        "status": 1,
        "fuel": 5792,
        "fault": 0.8511,
        "weapon": 0,
        "pilot_injury": 0.9665,
        "pilot_skill": 0.0038,
        "mission_priority": 0.9412,
        "estimated_landing_time": 852.0,
        "wait_time": 0,
        "Landing_success_rate": 0.8533
    },
    {
        "model": 0,
        "sequence": 29,
        "status": 1,
        "fuel": 5555,
        "fault": 0.6909,
        "weapon": 1,
        "pilot_injury": 0.6377,
        "pilot_skill": 0.6729,
        "mission_priority": 0.7303,
        "estimated_landing_time": 2732.0,
        "wait_time": 0,
        "Landing_success_rate": 0.8513
    },
    {
        "model": 0,
        "sequence": 4,
        "status": 1,
        "fuel": 6476,
        "fault": 0.0472,
        "weapon": 0,
        "pilot_injury": 0.6179,
        "pilot_skill": 0.3775,
        "mission_priority": 0.5707,
        "estimated_landing_time": 382.0,
        "wait_time": 0,
        "Landing_success_rate": 0.9197
    },
    {
        "model": 0,
        "sequence": 14,
        "status": 1,
        "fuel": 6891,
        "fault": 0.6616,
        "weapon": 0,
        "pilot_injury": 0.0858,
        "pilot_skill": 0.8792,
        "mission_priority": 0.2516,
        "estimated_landing_time": 1322.0,
        "wait_time": 0,
        "Landing_success_rate": 0.8853
    },
    {
        "model": 1,
        "sequence": 25,
        "status": 1,
        "fuel": 6077,
        "fault": 0.6541,
        "weapon": 1,
        "pilot_injury": 0.146,
        "pilot_skill": 0.1081,
        "mission_priority": 0.8602,
        "estimated_landing_time": 2356.0,
        "wait_time": 0,
        "Landing_success_rate": 0.865
    },
    {
        "model": 0,
        "sequence": 6,
        "status": 1,
        "fuel": 5998,
        "fault": 0.2071,
        "weapon": 1,
        "pilot_injury": 0.0094,
        "pilot_skill": 0.3664,
        "mission_priority": 0.9427,
        "estimated_landing_time": 570.0,
        "wait_time": 0,
        "Landing_success_rate": 0.8796
    },
    {
        "model": 0,
        "sequence": 11,
        "status": 1,
        "fuel": 7285,
        "fault": 0.6333,
        "weapon": 1,
        "pilot_injury": 0.0125,
        "pilot_skill": 0.751,
        "mission_priority": 0.3065,
        "estimated_landing_time": 1040.0,
        "wait_time": 0,
        "Landing_success_rate": 0.8991
    },
    {
        "model": 0,
        "sequence": 7,
        "status": 1,
        "fuel": 6507,
        "fault": 0.8363,
        "weapon": 1,
        "pilot_injury": 0.4922,
        "pilot_skill": 0.0329,
        "mission_priority": 0.8947,
        "estimated_landing_time": 664.0,
        "wait_time": 0,
        "Landing_success_rate": 0.8624
    },
    {
        "model": 2,
        "sequence": 20,
        "status": 1,
        "fuel": 6966,
        "fault": 0.752,
        "weapon": 1,
        "pilot_injury": 0.4797,
        "pilot_skill": 0.2713,
        "mission_priority": 0.0402,
        "estimated_landing_time": 1886.0,
        "wait_time": 0,
        "Landing_success_rate": 0.8773
    },
    {
        "model": 2,
        "sequence": 27,
        "status": 1,
        "fuel": 5593,
        "fault": 0.2566,
        "weapon": 0,
        "pilot_injury": 0.3255,
        "pilot_skill": 0.3344,
        "mission_priority": 0.9229,
        "estimated_landing_time": 2544.0,
        "wait_time": 0,
        "Landing_success_rate": 0.8552
    },
    {
        "model": 1,
        "sequence": 30,
        "status": 1,
        "fuel": 6248,
        "fault": 0.1636,
        "weapon": 1,
        "pilot_injury": 0.6585,
        "pilot_skill": 0.8011,
        "mission_priority": 0.1689,
        "estimated_landing_time": 2826.0,
        "wait_time": 0,
        "Landing_success_rate": 0.8969
    },
    {
        "model": 2,
        "sequence": 1,
        "status": 1,
        "fuel": 6212,
        "fault": 0.1322,
        "weapon": 1,
        "pilot_injury": 0.1265,
        "pilot_skill": 0.2428,
        "mission_priority": 0.7098,
        "estimated_landing_time": 100.0,
        "wait_time": 0,
        "Landing_success_rate": 0.8963
    },
    {
        "model": 2,
        "sequence": 22,
        "status": 1,
        "fuel": 7424,
        "fault": 0.0806,
        "weapon": 0,
        "pilot_injury": 0.4166,
        "pilot_skill": 0.5137,
        "mission_priority": 0.7123,
        "estimated_landing_time": 2074.0,
        "wait_time": 0,
        "Landing_success_rate": 0.9827
    },
    {
        "model": 1,
        "sequence": 17,
        "status": 1,
        "fuel": 6211,
        "fault": 0.0274,
        "weapon": 1,
        "pilot_injury": 0.2368,
        "pilot_skill": 0.617,
        "mission_priority": 0.0187,
        "estimated_landing_time": 1604.0,
        "wait_time": 0,
        "Landing_success_rate": 0.9019
    },
    {
        "model": 2,
        "sequence": 2,
        "status": 1,
        "fuel": 6144,
        "fault": 0.755,
        "weapon": 0,
        "pilot_injury": 0.1798,
        "pilot_skill": 0.1142,
        "mission_priority": 0.9702,
        "estimated_landing_time": 194.0,
        "wait_time": 0,
        "Landing_success_rate": 0.8618
    },
    {
        "model": 0,
        "sequence": 23,
        "status": 1,
        "fuel": 7180,
        "fault": 0.7535,
        "weapon": 1,
        "pilot_injury": 0.2086,
        "pilot_skill": 0.334,
        "mission_priority": 0.4312,
        "estimated_landing_time": 2168.0,
        "wait_time": 0,
        "Landing_success_rate": 0.8811
    },
    {
        "model": 0,
        "sequence": 3,
        "status": 1,
        "fuel": 6857,
        "fault": 0.4524,
        "weapon": 1,
        "pilot_injury": 0.7208,
        "pilot_skill": 0.9293,
        "mission_priority": 0.3795,
        "estimated_landing_time": 288.0,
        "wait_time": 0,
        "Landing_success_rate": 0.9057
    },
    {
        "model": 0,
        "sequence": 16,
        "status": 1,
        "fuel": 6197,
        "fault": 0.6695,
        "weapon": 1,
        "pilot_injury": 0.7084,
        "pilot_skill": 0.1491,
        "mission_priority": 0.5969,
        "estimated_landing_time": 1510.0,
        "wait_time": 0,
        "Landing_success_rate": 0.8673
    }
]