[
    {
        "model": 1,
        "sequence": 9,
        "status": 1,
        "fuel": 6316,
        "fault": 0.6439,
        "weapon": 0,
        "pilot_injury": 0.6667,
        "pilot_skill": 0.3181,
        "mission_priority": 0.1397,
        "estimated_landing_time": 852.0,
        "wait_time": 0,
        "Landing_success_rate": 0.8718
    },
    {
        "model": 1,
        "sequence": 15,
        "status": 1,
        "fuel": 5536,
        "fault": 0.9857,
        "weapon": 0,
        "pilot_injury": 0.0221,
        "pilot_skill": 0.5714,
        "mission_priority": 0.2467,
        "estimated_landing_time": 1416.0,
        "wait_time": 0,
        "Landing_success_rate": 0.85
    },
    {
        "model": 0,
        "sequence": 27,
        "status": 1,
        "fuel": 7197,
        "fault": 0.8796,
        "weapon": 0,
        "pilot_injury": 0.4348,
        "pilot_skill": 0.2531,
        "mission_priority": 0.6896,
        "estimated_landing_time": 2544.0,
        "wait_time": 0,
        "Landing_success_rate": 0.8653
    },
    {
        "model": 2,
        "sequence": 19,
        "status": 1,
        "fuel": 6918,
        "fault": 0.3917,
        "weapon": 0,
        "pilot_injury": 0.4586,
        "pilot_skill": 0.0048,
        "mission_priority": 0.2152,
        "estimated_landing_time": 1792.0,
        "wait_time": 0,
        "Landing_success_rate": 0.9147
    },
    {
        "model": 0,
        "sequence": 17,
        "status": 1,
        "fuel": 6140,
        "fault": 0.9769,
        "weapon": 1,
        "pilot_injury": 0.6202,
        "pilot_skill": 0.9049,
        "mission_priority": 0.0205,
        "estimated_landing_time": 1604.0,
        "wait_time": 0,
        "Landing_success_rate": 0.8511
    },
    {
        "model": 1,
        "sequence": 16,
        "status": 1,
        "fuel": 7485,
        "fault": 0.1165,
        "weapon": 1,
        "pilot_injury": 0.2792,
        "pilot_skill": 0.2249,
        "mission_priority": 0.8227,
        "estimated_landing_time": 1510.0,
        "wait_time": 0,
        "Landing_success_rate": 0.9815
    },
    {
        "model": 0,
        "sequence": 4,
        "status": 1,
        "fuel": 5670,
        "fault": 0.3117,
        "weapon": 1,
        "pilot_injury": 0.0969,
        "pilot_skill": 0.1486,
        "mission_priority": 0.8989,
        "estimated_landing_time": 382.0,
        "wait_time": 0,
        "Landing_success_rate": 0.8588
    },
    {
        "model": 2,
        "sequence": 30,
        "status": 1,
        "fuel": 7198,
        "fault": 0.5544,
        "weapon": 1,
        "pilot_injury": 0.8175,
        "pilot_skill": 0.8379,
        "mission_priority": 0.2868,
        "estimated_landing_time": 2826.0,
        "wait_time": 0,
        "Landing_success_rate": 0.9067
    },
    {
        "model": 0,
        "sequence": 14,
        "status": 1,
        "fuel": 6675,
        "fault": 0.0475,
        "weapon": 1,
        "pilot_injury": 0.4179,
        "pilot_skill": 0.5091,
        "mission_priority": 0.0532,
        "estimated_landing_time": 1322.0,
        "wait_time": 0,
        "Landing_success_rate": 0.9339
    },
    {
        "model": 0,
        "sequence": 29,
        "status": 1,
        "fuel": 6144,
        "fault": 0.0183,
        "weapon": 0,
        "pilot_injury": 0.1788,
        "pilot_skill": 0.6782,
        "mission_priority": 0.1555,
        "estimated_landing_time": 2732.0,
        "wait_time": 0,
        "Landing_success_rate": 0.8974
    },
    {
        "model": 1,
        "sequence": 13,
        "status": 1,
        "fuel": 6483,
        "fault": 0.8885,
        "weapon": 1,
        "pilot_injury": 0.0619,
        "pilot_skill": 0.2513,
        "mission_priority": 0.2711,
        "estimated_landing_time": 1228.0,
        "wait_time": 0,
        "Landing_success_rate": 0.8582
    },
    {
        "model": 1,
        "sequence": 7,
        "status": 1,
        "fuel": 6111,
        "fault": 0.7214,
        "weapon": 1,
        "pilot_injury": 0.4737,
        "pilot_skill": 0.616,
        "mission_priority": 0.231,
        "estimated_landing_time": 664.0,
        "wait_time": 0,
        "Landing_success_rate": 0.8628
    },
    {
        "model": 1,
        "sequence": 1,
        "status": 1,
        "fuel": 5591,
        "fault": 0.4274,
        "weapon": 1,
        "pilot_injury": 0.6339,
        "pilot_skill": 0.0607,
        "mission_priority": 0.9611,
        "estimated_landing_time": 100.0,
        "wait_time": 0,
        "Landing_success_rate": 0.8539
    },
    {
        "model": 1,
        "sequence": 21,
        "status": 1,
        "fuel": 6796,
        "fault": 0.1517,
        "weapon": 1,
        "pilot_injury": 0.5462,
        "pilot_skill": 0.4055,
        "mission_priority": 0.1125,
        "estimated_landing_time": 1980.0,
        "wait_time": 0,
        "Landing_success_rate": 0.9325
    },
    {
        "model": 2,
        "sequence": 26,
        "status": 1,
        "fuel": 5962,
        "fault": 0.16,
        "weapon": 0,
        "pilot_injury": 0.4612,
        "pilot_skill": 0.5846,
        "mission_priority": 0.1814,
        "estimated_landing_time": 2450.0,
        "wait_time": 0,
        "Landing_success_rate": 0.8791
    },
    {
        "model": 2,
        "sequence": 3,
        "status": 1,
        "fuel": 6000,
        "fault": 0.1678,
        "weapon": 1,
        "pilot_injury": 0.3142,
        "pilot_skill": 0.2506,
        "mission_priority": 0.0559,
        "estimated_landing_time": 288.0,
        "wait_time": 0,
        "Landing_success_rate": 0.8812
    },
    {
        "model": 0,
        "sequence": 24,
        "status": 1,
        "fuel": 7149,
        "fault": 0.5302,
        "weapon": 0,
        "pilot_injury": 0.66,
        "pilot_skill": 0.6416,
        "mission_priority": 0.5398,
        "estimated_landing_time": 2262.0,
        "wait_time": 0,
        "Landing_success_rate": 0.9081
    },
    {
        "model": 2,
        "sequence": 22,
        "status": 1,
        "fuel": 6415,
        "fault": 0.081,
        "weapon": 0,
        "pilot_injury": 0.8407,
        "pilot_skill": 0.5131,
        "mission_priority": 0.1319,
        "estimated_landing_time": 2074.0,
        "wait_time": 0,
        "Landing_success_rate": 0.9131
    },
    {
        "model": 0,
        "sequence": 25,
        "status": 1,
        "fuel": 7472,
        "fault": 0.2992,
        "weapon": 0,
        "pilot_injury": 0.2446,
        "pilot_skill": 0.922,
        "mission_priority": 0.4989,
        "estimated_landing_time": 2356.0,
        "wait_time": 0,
        "Landing_success_rate": 0.9536
    },
    {
        "model": 1,
        "sequence": 12,
        "status": 1,
        "fuel": 6255,
        "fault": 0.0634,
        "weapon": 0,
        "pilot_injury": 0.8107,
        "pilot_skill": 0.3889,
        "mission_priority": 0.134,
        "estimated_landing_time": 1134.0,
        "wait_time": 0,
        "Landing_success_rate": 0.903
    },
    {
        "model": 0,
        "sequence": 28,
        "status": 1,
        "fuel": 5572,
        "fault": 0.5332,
        "weapon": 0,
        "pilot_injury": 0.9489,
        "pilot_skill": 0.1936,
        "mission_priority": 0.6265,
        "estimated_landing_time": 2638.0,
        "wait_time": 0,
        "Landing_success_rate": 0.8525
    },
    {
        "model": 0,
        "sequence": 10,
        "status": 1,
        "fuel": 7449,
        "fault": 0.1119,
        "weapon": 1,
        "pilot_injury": 0.9537,
        "pilot_skill": 0.0766,
        "mission_priority": 0.5869,
        "estimated_landing_time": 946.0,
        "wait_time": 0,
        "Landing_success_rate": 0.9798
    },
    {
        "model": 2,
        "sequence": 5,
        "status": 1,
        "fuel": 5755,
        "fault": 0.3858,
        "weapon": 1,
        "pilot_injury": 0.0579,
        "pilot_skill": 0.0799,
        "mission_priority": 0.3192,
        "estimated_landing_time": 476.0,
        "wait_time": 0,
        "Landing_success_rate": 0.8617
    },
    {
        "model": 0,
        "sequence": 20,
        "status": 1,
        "fuel": 7385,
        "fault": 0.2239,
        "weapon": 0,
        "pilot_injury": 0.8136,
        "pilot_skill": 0.8814,
        "mission_priority": 0.6924,
        "estimated_landing_time": 1886.0,
        "wait_time": 0,
        "Landing_success_rate": 0.9597
    },
    {
        "model": 2,
        "sequence": 2,
        "status": 1,
        "fuel": 7172,
        "fault": 0.0303,
        "weapon": 0,
        "pilot_injury": 0.7472,
        "pilot_skill": 0.9417,
        "mission_priority": 0.5705,
        "estimated_landing_time": 194.0,
        "wait_time": 0,
        "Landing_success_rate": 0.9716
    },
    {
        "model": 0,
        "sequence": 23,
        "status": 1,
        "fuel": 6617,
        "fault": 0.6118,
        "weapon": 1,
        "pilot_injury": 0.2808,
        "pilot_skill": 0.1547,
        "mission_priority": 0.7509,
        "estimated_landing_time": 2168.0,
        "wait_time": 0,
        "Landing_success_rate": 0.8825
    },
    {
        "model": 2,
        "sequence": 8,
        "status": 1,
        "fuel": 7130,
        "fault": 0.3158,
        "weapon": 1,
        "pilot_injury": 0.6439,
        "pilot_skill": 0.7891,
        "mission_priority": 0.5823,
        "estimated_landing_time": 758.0,
        "wait_time": 0,
        "Landing_success_rate": 0.9336
    },
    {
        "model": 1,
        "sequence": 18,
        "status": 1,
        "fuel": 5915,
        "fault": 0.2319,
        "weapon": 0,
        "pilot_injury": 0.2524,
        "pilot_skill": 0.637,
        "mission_priority": 0.8294,
        "estimated_landing_time": 1698.0,
        "wait_time": 0,
        "Landing_success_rate": 0.8739
    },
    {
        "model": 2,
        "sequence": 6,
        "status": 1,
        "fuel": 6968,
        "fault": 0.414,
        "weapon": 1,
        "pilot_injury": 0.6769,
        "pilot_skill": 0.8136,
        "mission_priority": 0.2765,
        "estimated_landing_time": 570.0,
        "wait_time": 0,
        "Landing_success_rate": 0.9145
    },
    {
        "model": 1,
        "sequence": 11,
        "status": 1,
        "fuel": 7406,
        "fault": 0.1422,
        "weapon": 1,
        "pilot_injury": 0.0422,
        "pilot_skill": 0.416,
        "mission_priority": 0.0178,
        "estimated_landing_time": 1040.0,
        "wait_time": 0,
        "Landing_success_rate": 0.9726
    }
]