[
    {
        "model": 1,
        "sequence": 30,
        "status": 1,
        "fuel": 5647,
        "fault": 0.6161,
        "weapon": 1,
        "pilot_injury": 0.7557,
        "pilot_skill": 0.5328,
        "mission_priority": 0.9394,
        "estimated_landing_time": 2826.0,
        "wait_time": 0,
        "Landing_success_rate": 0.8542
    },
    {
        "model": 1,
        "sequence": 27,
        "status": 1,
        "fuel": 7498,
        "fault": 0.1916,
        "weapon": 1,
        "pilot_injury": 0.2944,
        "pilot_skill": 0.2365,
        "mission_priority": 0.23,
        "estimated_landing_time": 2544.0,
        "wait_time": 0,
        "Landing_success_rate": 0.9711
    },
    {
        "model": 1,
        "sequence": 9,
        "status": 1,
        "fuel": 6414,
        "fault": 0.7455,
        "weapon": 0,
        "pilot_injury": 0.8442,
        "pilot_skill": 0.8052,
        "mission_priority": 0.7288,
        "estimated_landing_time": 852.0,
        "wait_time": 0,
        "Landing_success_rate": 0.8674
    },
    {
        "model": 0,
        "sequence": 20,
        "status": 1,
        "fuel": 7082,
        "fault": 0.4334,
        "weapon": 0,
        "pilot_injury": 0.6364,
        "pilot_skill": 0.749,
        "mission_priority": 0.0267,
        "estimated_landing_time": 1886.0,
        "wait_time": 0,
        "Landing_success_rate": 0.9172
    },
    {
        "model": 1,
        "sequence": 16,
        "status": 1,
        "fuel": 5727,
        "fault": 0.4781,
        "weapon": 1,
        "pilot_injury": 0.2313,
        "pilot_skill": 0.5184,
        "mission_priority": 0.1092,
        "estimated_landing_time": 1510.0,
        "wait_time": 0,
        "Landing_success_rate": 0.8589
    },
    {
        "model": 1,
        "sequence": 22,
        "status": 1,
        "fuel": 5714,
        "fault": 0.9011,
        "weapon": 1,
        "pilot_injury": 0.5081,
        "pilot_skill": 0.8576,
        "mission_priority": 0.1506,
        "estimated_landing_time": 2074.0,
        "wait_time": 0,
        "Landing_success_rate": 0.8516
    },
    {
        "model": 0,
        "sequence": 23,
        "status": 1,
        "fuel": 6554,
        "fault": 0.8461,
        "weapon": 1,
        "pilot_injury": 0.7958,
        "pilot_skill": 0.5974,
        "mission_priority": 0.769,
        "estimated_landing_time": 2168.0,
        "wait_time": 0,
        "Landing_success_rate": 0.8622
    },
    {
        "model": 1,
        "sequence": 21,
        "status": 1,
        "fuel": 6824,
        "fault": 0.7456,
        "weapon": 1,
        "pilot_injury": 0.5997,
        "pilot_skill": 0.6956,
        "mission_priority": 0.652,
        "estimated_landing_time": 1980.0,
        "wait_time": 0,
        "Landing_success_rate": 0.8753
    },
    {
        "model": 0,
        "sequence": 24,
        "status": 1,
        "fuel": 6514,
        "fault": 0.0982,
        "weapon": 0,
        "pilot_injury": 0.0738,
        "pilot_skill": 0.6038,
        "mission_priority": 0.7834,
        "estimated_landing_time": 2262.0,
        "wait_time": 0,
        "Landing_success_rate": 0.9186
    },
    {
        "model": 0,
        "sequence": 3,
        "status": 1,
        "fuel": 5800,
        "fault": 0.6018,
        "weapon": 0,
        "pilot_injury": 0.9522,
        "pilot_skill": 0.1282,
        "mission_priority": 0.5351,
        "estimated_landing_time": 288.0,
        "wait_time": 0,
        "Landing_success_rate": 0.859
    },
    {
        "model": 0,
        "sequence": 29,
        "status": 1,
        "fuel": 6831,
        "fault": 0.5938,
        "weapon": 1,
        "pilot_injury": 0.6215,
        "pilot_skill": 0.3029,
        "mission_priority": 0.3656,
        "estimated_landing_time": 2732.0,
        "wait_time": 0,
        "Landing_success_rate": 0.8905
    },
    {
        "model": 1,
        "sequence": 12,
        "status": 1,
        "fuel": 6059,
        "fault": 0.3508,
        "weapon": 1,
        "pilot_injury": 0.518,
        "pilot_skill": 0.3242,
        "mission_priority": 0.7042,
        "estimated_landing_time": 1134.0,
        "wait_time": 0,
        "Landing_success_rate": 0.8772
    },
    {
        "model": 1,
        "sequence": 5,
        "status": 1,
        "fuel": 6398,
        "fault": 0.2362,
        "weapon": 1,
        "pilot_injury": 0.6016,
        "pilot_skill": 0.5383,
        "mission_priority": 0.8031,
        "estimated_landing_time": 476.0,
        "wait_time": 0,
        "Landing_success_rate": 0.9014
    },
    {
        "model": 2,
        "sequence": 28,
        "status": 1,
        "fuel": 7438,
        "fault": 0.1347,
        "weapon": 0,
        "pilot_injury": 0.1551,
        "pilot_skill": 0.5618,
        "mission_priority": 0.4249,
        "estimated_landing_time": 2638.0,
        "wait_time": 0,
        "Landing_success_rate": 0.9758
    },
    {
        "model": 2,
        "sequence": 2,
        "status": 1,
        "fuel": 7319,
        "fault": 0.3947,
        "weapon": 1,
        "pilot_injury": 0.6716,
        "pilot_skill": 0.519,
        "mission_priority": 0.5372,
        "estimated_landing_time": 194.0,
        "wait_time": 0,
        "Landing_success_rate": 0.9326
    },
    {
        "model": 2,
        "sequence": 6,
        "status": 1,
        "fuel": 6606,
        "fault": 0.7656,
        "weapon": 0,
        "pilot_injury": 0.4035,
        "pilot_skill": 0.7695,
        "mission_priority": 0.5295,
        "estimated_landing_time": 570.0,
        "wait_time": 0,
        "Landing_success_rate": 0.8694
    },
    {
        "model": 0,
        "sequence": 4,
        "status": 1,
        "fuel": 7329,
        "fault": 0.0193,
        "weapon": 0,
        "pilot_injury": 0.6999,
        "pilot_skill": 0.3711,
        "mission_priority": 0.0655,
        "estimated_landing_time": 382.0,
        "wait_time": 0,
        "Landing_success_rate": 0.9845
    },
    {
        "model": 2,
        "sequence": 18,
        "status": 1,
        "fuel": 6690,
        "fault": 0.4972,
        "weapon": 0,
        "pilot_injury": 0.7459,
        "pilot_skill": 0.4589,
        "mission_priority": 0.8909,
        "estimated_landing_time": 1698.0,
        "wait_time": 0,
        "Landing_success_rate": 0.8949
    },
    {
        "model": 1,
        "sequence": 7,
        "status": 1,
        "fuel": 7375,
        "fault": 0.941,
        "weapon": 1,
        "pilot_injury": 0.5458,
        "pilot_skill": 0.3232,
        "mission_priority": 0.7427,
        "estimated_landing_time": 664.0,
        "wait_time": 0,
        "Landing_success_rate": 0.8583
    },
    {
        "model": 0,
        "sequence": 8,
        "status": 1,
        "fuel": 6522,
        "fault": 0.3473,
        "weapon": 1,
        "pilot_injury": 0.6005,
        "pilot_skill": 0.8359,
        "mission_priority": 0.3156,
        "estimated_landing_time": 758.0,
        "wait_time": 0,
        "Landing_success_rate": 0.9
    },
    {
        "model": 0,
        "sequence": 26,
        "status": 1,
        "fuel": 7331,
        "fault": 0.0707,
        "weapon": 1,
        "pilot_injury": 0.9004,
        "pilot_skill": 0.6569,
        "mission_priority": 0.846,
        "estimated_landing_time": 2450.0,
        "wait_time": 0,
        "Landing_success_rate": 0.9776
    },
    {
        "model": 1,
        "sequence": 17,
        "status": 1,
        "fuel": 6117,
        "fault": 0.9017,
        "weapon": 0,
        "pilot_injury": 0.9353,
        "pilot_skill": 0.3444,
        "mission_priority": 0.7456,
        "estimated_landing_time": 1604.0,
        "wait_time": 0,
        "Landing_success_rate": 0.8545
    },
    {
        "model": 2,
        "sequence": 19,
        "status": 1,
        "fuel": 6578,
        "fault": 0.4937,
        "weapon": 1,
        "pilot_injury": 0.6265,
        "pilot_skill": 0.9705,
        "mission_priority": 0.2512,
        "estimated_landing_time": 1792.0,
        "wait_time": 0,
        "Landing_success_rate": 0.8909
    },
    {
        "model": 2,
        "sequence": 15,
        "status": 1,
        "fuel": 7027,
        "fault": 0.0245,
        "weapon": 0,
        "pilot_injury": 0.341,
        "pilot_skill": 0.5008,
        "mission_priority": 0.0505,
        "estimated_landing_time": 1416.0,
        "wait_time": 0,
        "Landing_success_rate": 0.9617
    },
    {
        "model": 1,
        "sequence": 10,
        "status": 1,
        "fuel": 6047,
        "fault": 0.6268,
        "weapon": 1,
        "pilot_injury": 0.3033,
        "pilot_skill": 0.9944,
        "mission_priority": 0.1848,
        "estimated_landing_time": 946.0,
        "wait_time": 0,
        "Landing_success_rate": 0.8653
    },
    {
        "model": 1,
        "sequence": 25,
        "status": 1,
        "fuel": 7416,
        "fault": 0.0217,
        "weapon": 1,
        "pilot_injury": 0.3451,
        "pilot_skill": 0.4744,
        "mission_priority": 0.9735,
        "estimated_landing_time": 2356.0,
        "wait_time": 0,
        "Landing_success_rate": 0.9906
    },
    {
        "model": 2,
        "sequence": 1,
        "status": 1,
        "fuel": 7350,
        "fault": 0.7554,
        "weapon": 0,
        "pilot_injury": 0.0431,
        "pilot_skill": 0.1198,
        "mission_priority": 0.9445,
        "estimated_landing_time": 100.0,
        "wait_time": 0,
        "Landing_success_rate": 0.8839
    },
    {
        "model": 1,
        "sequence": 13,
        "status": 1,
        "fuel": 6942,
        "fault": 0.3337,
        "weapon": 0,
        "pilot_injury": 0.446,
        "pilot_skill": 0.4067,
        "mission_priority": 0.6592,
        "estimated_landing_time": 1228.0,
        "wait_time": 0,
        "Landing_success_rate": 0.9221
    },
    {
        "model": 2,
        "sequence": 14,
        "status": 1,
        "fuel": 6572,
        "fault": 0.6572,
        "weapon": 1,
        "pilot_injury": 0.2569,
        "pilot_skill": 0.6981,
        "mission_priority": 0.3423,
        "estimated_landing_time": 1322.0,
        "wait_time": 0,
        "Landing_success_rate": 0.8776
    },
    {
        "model": 1,
        "sequence": 11,
        "status": 1,
        "fuel": 6962,
        "fault": 0.5489,
        "weapon": 0,
        "pilot_injury": 0.4575,
        "pilot_skill": 0.1836,
        "mission_priority": 0.3364,
        "estimated_landing_time": 1040.0,
        "wait_time": 0,
        "Landing_success_rate": 0.8995
    }
]