[
    {
        "model": 2,
        "sequence": 10,
        "status": 1,
        "fuel": 6403,
        "fault": 0.3479,
        "weapon": 0,
        "pilot_injury": 0.9917,
        "pilot_skill": 0.3566,
        "mission_priority": 0.0442,
        "estimated_landing_time": 946.0,
        "wait_time": 0,
        "Landing_success_rate": 0.8942
    },
    {
        "model": 0,
        "sequence": 25,
        "status": 1,
        "fuel": 6846,
        "fault": 0.9555,
        "weapon": 1,
        "pilot_injury": 0.0834,
        "pilot_skill": 0.6469,
        "mission_priority": 0.4232,
        "estimated_landing_time": 2356.0,
        "wait_time": 0,
        "Landing_success_rate": 0.8545
    },
    {
        "model": 2,
        "sequence": 30,
        "status": 1,
        "fuel": 6146,
        "fault": 0.0017,
        "weapon": 1,
        "pilot_injury": 0.7852,
        "pilot_skill": 0.0985,
        "mission_priority": 0.0247,
        "estimated_landing_time": 2826.0,
        "wait_time": 0,
        "Landing_success_rate": 0.8984
    },
    {
        "model": 2,
        "sequence": 11,
        "status": 1,
        "fuel": 5730,
        "fault": 0.2386,
        "weapon": 1,
        "pilot_injury": 0.2414,
        "pilot_skill": 0.3698,
        "mission_priority": 0.1431,
        "estimated_landing_time": 1040.0,
        "wait_time": 0,
        "Landing_success_rate": 0.8631
    },
    {
        "model": 1,
        "sequence": 5,
        "status": 1,
        "fuel": 6487,
        "fault": 0.9869,
        "weapon": 0,
        "pilot_injury": 0.488,
        "pilot_skill": 0.9565,
        "mission_priority": 0.1203,
        "estimated_landing_time": 476.0,
        "wait_time": 0,
        "Landing_success_rate": 0.851
    },
    {
        "model": 2,
        "sequence": 23,
        "status": 1,
        "fuel": 7175,
        "fault": 0.3263,
        "weapon": 0,
        "pilot_injury": 0.9819,
        "pilot_skill": 0.4165,
        "mission_priority": 0.9241,
        "estimated_landing_time": 2168.0,
        "wait_time": 0,
        "Landing_success_rate": 0.9346
    },
    {
        "model": 0,
        "sequence": 28,
        "status": 1,
        "fuel": 5833,
        "fault": 0.2431,
        "weapon": 0,
        "pilot_injury": 0.31,
        "pilot_skill": 0.7344,
        "mission_priority": 0.9745,
        "estimated_landing_time": 2638.0,
        "wait_time": 0,
        "Landing_success_rate": 0.8689
    },
    {
        "model": 1,
        "sequence": 14,
        "status": 1,
        "fuel": 6507,
        "fault": 0.8832,
        "weapon": 1,
        "pilot_injury": 0.0502,
        "pilot_skill": 0.6078,
        "mission_priority": 0.8354,
        "estimated_landing_time": 1322.0,
        "wait_time": 0,
        "Landing_success_rate": 0.8588
    },
    {
        "model": 0,
        "sequence": 19,
        "status": 1,
        "fuel": 6637,
        "fault": 0.6139,
        "weapon": 1,
        "pilot_injury": 0.1381,
        "pilot_skill": 0.1768,
        "mission_priority": 0.6437,
        "estimated_landing_time": 1792.0,
        "wait_time": 0,
        "Landing_success_rate": 0.8829
    },
    {
        "model": 1,
        "sequence": 18,
        "status": 1,
        "fuel": 6019,
        "fault": 0.0201,
        "weapon": 1,
        "pilot_injury": 0.2829,
        "pilot_skill": 0.6189,
        "mission_priority": 0.7254,
        "estimated_landing_time": 1698.0,
        "wait_time": 0,
        "Landing_success_rate": 0.8881
    },
    {
        "model": 1,
        "sequence": 8,
        "status": 1,
        "fuel": 6458,
        "fault": 0.6084,
        "weapon": 1,
        "pilot_injury": 0.0082,
        "pilot_skill": 0.7001,
        "mission_priority": 0.291,
        "estimated_landing_time": 758.0,
        "wait_time": 0,
        "Landing_success_rate": 0.8781
    },
    {
        "model": 2,
        "sequence": 29,
        "status": 1,
        "fuel": 7225,
        "fault": 0.0286,
        "weapon": 1,
        "pilot_injury": 0.5615,
        "pilot_skill": 0.7763,
        "mission_priority": 0.8238,
        "estimated_landing_time": 2732.0,
        "wait_time": 0,
        "Landing_success_rate": 0.9757
    },
    {
        "model": 1,
        "sequence": 12,
        "status": 1,
        "fuel": 7047,
        "fault": 0.4121,
        "weapon": 0,
        "pilot_injury": 0.3991,
        "pilot_skill": 0.8186,
        "mission_priority": 0.6089,
        "estimated_landing_time": 1134.0,
        "wait_time": 0,
        "Landing_success_rate": 0.9182
    },
    {
        "model": 1,
        "sequence": 13,
        "status": 1,
        "fuel": 6207,
        "fault": 0.5506,
        "weapon": 1,
        "pilot_injury": 0.9257,
        "pilot_skill": 0.0831,
        "mission_priority": 0.4942,
        "estimated_landing_time": 1228.0,
        "wait_time": 0,
        "Landing_success_rate": 0.8738
    },
    {
        "model": 2,
        "sequence": 6,
        "status": 1,
        "fuel": 7412,
        "fault": 0.6965,
        "weapon": 1,
        "pilot_injury": 0.6507,
        "pilot_skill": 0.0498,
        "mission_priority": 0.9057,
        "estimated_landing_time": 570.0,
        "wait_time": 0,
        "Landing_success_rate": 0.8935
    },
    {
        "model": 1,
        "sequence": 15,
        "status": 1,
        "fuel": 5571,
        "fault": 0.7704,
        "weapon": 0,
        "pilot_injury": 0.4184,
        "pilot_skill": 0.0342,
        "mission_priority": 0.3415,
        "estimated_landing_time": 1416.0,
        "wait_time": 0,
        "Landing_success_rate": 0.8512
    },
    {
        "model": 1,
        "sequence": 22,
        "status": 1,
        "fuel": 6306,
        "fault": 0.2207,
        "weapon": 0,
        "pilot_injury": 0.8831,
        "pilot_skill": 0.5941,
        "mission_priority": 0.7298,
        "estimated_landing_time": 2074.0,
        "wait_time": 0,
        "Landing_success_rate": 0.8971
    },
    {
        "model": 0,
        "sequence": 26,
        "status": 1,
        "fuel": 6964,
        "fault": 0.5227,
        "weapon": 1,
        "pilot_injury": 0.6588,
        "pilot_skill": 0.5401,
        "mission_priority": 0.476,
        "estimated_landing_time": 2450.0,
        "wait_time": 0,
        "Landing_success_rate": 0.9024
    },
    {
        "model": 0,
        "sequence": 24,
        "status": 1,
        "fuel": 6837,
        "fault": 0.3102,
        "weapon": 1,
        "pilot_injury": 0.2176,
        "pilot_skill": 0.474,
        "mission_priority": 0.7712,
        "estimated_landing_time": 2262.0,
        "wait_time": 0,
        "Landing_success_rate": 0.9192
    },
    {
        "model": 2,
        "sequence": 16,
        "status": 1,
        "fuel": 6178,
        "fault": 0.2005,
        "weapon": 0,
        "pilot_injury": 0.3237,
        "pilot_skill": 0.6092,
        "mission_priority": 0.6121,
        "estimated_landing_time": 1510.0,
        "wait_time": 0,
        "Landing_success_rate": 0.8907
    },
    {
        "model": 1,
        "sequence": 20,
        "status": 1,
        "fuel": 5635,
        "fault": 0.8219,
        "weapon": 0,
        "pilot_injury": 0.6531,
        "pilot_skill": 0.8507,
        "mission_priority": 0.129,
        "estimated_landing_time": 1886.0,
        "wait_time": 0,
        "Landing_success_rate": 0.8518
    },
    {
        "model": 2,
        "sequence": 1,
        "status": 1,
        "fuel": 7205,
        "fault": 0.1699,
        "weapon": 0,
        "pilot_injury": 0.3083,
        "pilot_skill": 0.1364,
        "mission_priority": 0.3796,
        "estimated_landing_time": 100.0,
        "wait_time": 0,
        "Landing_success_rate": 0.9561
    },
    {
        "model": 2,
        "sequence": 9,
        "status": 1,
        "fuel": 5511,
        "fault": 0.5743,
        "weapon": 1,
        "pilot_injury": 0.6701,
        "pilot_skill": 0.3071,
        "mission_priority": 0.806,
        "estimated_landing_time": 852.0,
        "wait_time": 0,
        "Landing_success_rate": 0.8504
    },
    {
        "model": 2,
        "sequence": 3,
        "status": 1,
        "fuel": 7411,
        "fault": 0.8391,
        "weapon": 0,
        "pilot_injury": 0.36,
        "pilot_skill": 0.9421,
        "mission_priority": 0.9481,
        "estimated_landing_time": 288.0,
        "wait_time": 0,
        "Landing_success_rate": 0.8731
    },
    {
        "model": 0,
        "sequence": 17,
        "status": 1,
        "fuel": 6008,
        "fault": 0.3672,
        "weapon": 1,
        "pilot_injury": 0.98,
        "pilot_skill": 0.9941,
        "mission_priority": 0.0721,
        "estimated_landing_time": 1604.0,
        "wait_time": 0,
        "Landing_success_rate": 0.8741
    },
    {
        "model": 2,
        "sequence": 21,
        "status": 1,
        "fuel": 7165,
        "fault": 0.7951,
        "weapon": 0,
        "pilot_injury": 0.1869,
        "pilot_skill": 0.8219,
        "mission_priority": 0.4685,
        "estimated_landing_time": 1980.0,
        "wait_time": 0,
        "Landing_success_rate": 0.8756
    },
    {
        "model": 1,
        "sequence": 7,
        "status": 1,
        "fuel": 7012,
        "fault": 0.4704,
        "weapon": 0,
        "pilot_injury": 0.3001,
        "pilot_skill": 0.0842,
        "mission_priority": 0.9315,
        "estimated_landing_time": 664.0,
        "wait_time": 0,
        "Landing_success_rate": 0.9101
    },
    {
        "model": 0,
        "sequence": 27,
        "status": 1,
        "fuel": 6882,
        "fault": 0.6366,
        "weapon": 0,
        "pilot_injury": 0.1424,
        "pilot_skill": 0.4074,
        "mission_priority": 0.6322,
        "estimated_landing_time": 2544.0,
        "wait_time": 0,
        "Landing_success_rate": 0.8877
    },
    {
        "model": 0,
        "sequence": 4,
        "status": 1,
        "fuel": 6176,
        "fault": 0.128,
        "weapon": 0,
        "pilot_injury": 0.6357,
        "pilot_skill": 0.4207,
        "mission_priority": 0.4219,
        "estimated_landing_time": 382.0,
        "wait_time": 0,
        "Landing_success_rate": 0.8942
    },
    {
        "model": 0,
        "sequence": 2,
        "status": 1,
        "fuel": 7114,
        "fault": 0.8133,
        "weapon": 1,
        "pilot_injury": 0.6408,
        "pilot_skill": 0.5034,
        "mission_priority": 0.059,
        "estimated_landing_time": 194.0,
        "wait_time": 0,
        "Landing_success_rate": 0.8726
    }
]