[
    {
        "model": 0,
        "sequence": 21,
        "status": 1,
        "fuel": 5818,
        "fault": 0.2729,
        "weapon": 1,
        "pilot_injury": 0.3592,
        "pilot_skill": 0.3091,
        "mission_priority": 0.9864,
        "estimated_landing_time": 1980.0,
        "wait_time": 0,
        "Landing_success_rate": 0.8673
    },
    {
        "model": 2,
        "sequence": 9,
        "status": 1,
        "fuel": 6770,
        "fault": 0.2651,
        "weapon": 0,
        "pilot_injury": 0.5787,
        "pilot_skill": 0.8752,
        "mission_priority": 0.2435,
        "estimated_landing_time": 852.0,
        "wait_time": 0,
        "Landing_success_rate": 0.92
    },
    {
        "model": 2,
        "sequence": 14,
        "status": 1,
        "fuel": 5622,
        "fault": 0.2755,
        "weapon": 1,
        "pilot_injury": 0.7806,
        "pilot_skill": 0.7771,
        "mission_priority": 0.9574,
        "estimated_landing_time": 1322.0,
        "wait_time": 0,
        "Landing_success_rate": 0.8566
    },
    {
        "model": 1,
        "sequence": 20,
        "status": 1,
        "fuel": 7084,
        "fault": 0.6929,
        "weapon": 0,
        "pilot_injury": 0.8964,
        "pilot_skill": 0.8906,
        "mission_priority": 0.2347,
        "estimated_landing_time": 1886.0,
        "wait_time": 0,
        "Landing_success_rate": 0.8865
    },
    {
        "model": 1,
        "sequence": 28,
        "status": 1,
        "fuel": 7155,
        "fault": 0.0925,
        "weapon": 1,
        "pilot_injury": 0.4518,
        "pilot_skill": 0.829,
        "mission_priority": 0.1444,
        "estimated_landing_time": 2638.0,
        "wait_time": 0,
        "Landing_success_rate": 0.9626
    },
    {
        "model": 1,
        "sequence": 15,
        "status": 1,
        "fuel": 6005,
        "fault": 0.882,
        "weapon": 1,
        "pilot_injury": 0.1957,
        "pilot_skill": 0.3384,
        "mission_priority": 0.5333,
        "estimated_landing_time": 1416.0,
        "wait_time": 0,
        "Landing_success_rate": 0.8545
    },
    {
        "model": 2,
        "sequence": 2,
        "status": 1,
        "fuel": 6049,
        "fault": 0.4549,
        "weapon": 1,
        "pilot_injury": 0.6071,
        "pilot_skill": 0.1087,
        "mission_priority": 0.0798,
        "estimated_landing_time": 194.0,
        "wait_time": 0,
        "Landing_success_rate": 0.8724
    },
    {
        "model": 2,
        "sequence": 13,
        "status": 1,
        "fuel": 7215,
        "fault": 0.8226,
        "weapon": 0,
        "pilot_injury": 0.5764,
        "pilot_skill": 0.4526,
        "mission_priority": 0.005,
        "estimated_landing_time": 1228.0,
        "wait_time": 0,
        "Landing_success_rate": 0.8728
    },
    {
        "model": 1,
        "sequence": 12,
        "status": 1,
        "fuel": 5783,
        "fault": 0.5179,
        "weapon": 1,
        "pilot_injury": 0.9881,
        "pilot_skill": 0.4602,
        "mission_priority": 0.4261,
        "estimated_landing_time": 1134.0,
        "wait_time": 0,
        "Landing_success_rate": 0.8602
    },
    {
        "model": 1,
        "sequence": 16,
        "status": 1,
        "fuel": 6520,
        "fault": 0.2591,
        "weapon": 0,
        "pilot_injury": 0.7155,
        "pilot_skill": 0.9048,
        "mission_priority": 0.4989,
        "estimated_landing_time": 1510.0,
        "wait_time": 0,
        "Landing_success_rate": 0.9067
    },
    {
        "model": 0,
        "sequence": 17,
        "status": 1,
        "fuel": 7073,
        "fault": 0.9385,
        "weapon": 1,
        "pilot_injury": 0.6036,
        "pilot_skill": 0.8477,
        "mission_priority": 0.3945,
        "estimated_landing_time": 1604.0,
        "wait_time": 0,
        "Landing_success_rate": 0.8573
    },
    {
        "model": 0,
        "sequence": 26,
        "status": 1,
        "fuel": 6761,
        "fault": 0.1719,
        "weapon": 1,
        "pilot_injury": 0.9869,
        "pilot_skill": 0.8542,
        "mission_priority": 0.7583,
        "estimated_landing_time": 2450.0,
        "wait_time": 0,
        "Landing_success_rate": 0.9283
    },
    {
        "model": 0,
        "sequence": 25,
        "status": 1,
        "fuel": 6508,
        "fault": 0.6847,
        "weapon": 0,
        "pilot_injury": 0.0815,
        "pilot_skill": 0.4939,
        "mission_priority": 0.3709,
        "estimated_landing_time": 2356.0,
        "wait_time": 0,
        "Landing_success_rate": 0.8738
    },
    {
        "model": 0,
        "sequence": 22,
        "status": 1,
        "fuel": 5573,
        "fault": 0.7674,
        "weapon": 1,
        "pilot_injury": 0.7889,
        "pilot_skill": 0.0485,
        "mission_priority": 0.7018,
        "estimated_landing_time": 2074.0,
        "wait_time": 0,
        "Landing_success_rate": 0.8513
    },
    {
        "model": 1,
        "sequence": 29,
        "status": 1,
        "fuel": 6628,
        "fault": 0.4054,
        "weapon": 0,
        "pilot_injury": 0.6717,
        "pilot_skill": 0.3089,
        "mission_priority": 0.2355,
        "estimated_landing_time": 2732.0,
        "wait_time": 0,
        "Landing_success_rate": 0.9003
    },
    {
        "model": 2,
        "sequence": 4,
        "status": 1,
        "fuel": 6895,
        "fault": 0.5234,
        "weapon": 1,
        "pilot_injury": 0.1868,
        "pilot_skill": 0.6477,
        "mission_priority": 0.7243,
        "estimated_landing_time": 382.0,
        "wait_time": 0,
        "Landing_success_rate": 0.8999
    },
    {
        "model": 2,
        "sequence": 8,
        "status": 1,
        "fuel": 6611,
        "fault": 0.5335,
        "weapon": 0,
        "pilot_injury": 0.6636,
        "pilot_skill": 0.9419,
        "mission_priority": 0.8034,
        "estimated_landing_time": 758.0,
        "wait_time": 0,
        "Landing_success_rate": 0.8889
    },
    {
        "model": 0,
        "sequence": 30,
        "status": 1,
        "fuel": 6951,
        "fault": 0.1089,
        "weapon": 0,
        "pilot_injury": 0.4417,
        "pilot_skill": 0.1301,
        "mission_priority": 0.3411,
        "estimated_landing_time": 2826.0,
        "wait_time": 0,
        "Landing_success_rate": 0.947
    },
    {
        "model": 2,
        "sequence": 10,
        "status": 1,
        "fuel": 6675,
        "fault": 0.3763,
        "weapon": 0,
        "pilot_injury": 0.9836,
        "pilot_skill": 0.6391,
        "mission_priority": 0.4783,
        "estimated_landing_time": 946.0,
        "wait_time": 0,
        "Landing_success_rate": 0.905
    },
    {
        "model": 0,
        "sequence": 19,
        "status": 1,
        "fuel": 6077,
        "fault": 0.9524,
        "weapon": 0,
        "pilot_injury": 0.5185,
        "pilot_skill": 0.7278,
        "mission_priority": 0.3239,
        "estimated_landing_time": 1792.0,
        "wait_time": 0,
        "Landing_success_rate": 0.8521
    },
    {
        "model": 1,
        "sequence": 27,
        "status": 1,
        "fuel": 6832,
        "fault": 0.5473,
        "weapon": 1,
        "pilot_injury": 0.9407,
        "pilot_skill": 0.2096,
        "mission_priority": 0.5911,
        "estimated_landing_time": 2544.0,
        "wait_time": 0,
        "Landing_success_rate": 0.8952
    },
    {
        "model": 0,
        "sequence": 18,
        "status": 1,
        "fuel": 5502,
        "fault": 0.6591,
        "weapon": 1,
        "pilot_injury": 0.3573,
        "pilot_skill": 0.2945,
        "mission_priority": 0.5276,
        "estimated_landing_time": 1698.0,
        "wait_time": 0,
        "Landing_success_rate": 0.8501
    },
    {
        "model": 2,
        "sequence": 24,
        "status": 1,
        "fuel": 6921,
        "fault": 0.9772,
        "weapon": 0,
        "pilot_injury": 0.7813,
        "pilot_skill": 0.3025,
        "mission_priority": 0.9313,
        "estimated_landing_time": 2262.0,
        "wait_time": 0,
        "Landing_success_rate": 0.8524
    },
    {
        "model": 2,
        "sequence": 1,
        "status": 1,
        "fuel": 7066,
        "fault": 0.3243,
        "weapon": 1,
        "pilot_injury": 0.0186,
        "pilot_skill": 0.2091,
        "mission_priority": 0.7893,
        "estimated_landing_time": 100.0,
        "wait_time": 0,
        "Landing_success_rate": 0.9294
    },
    {
        "model": 2,
        "sequence": 5,
        "status": 1,
        "fuel": 6264,
        "fault": 0.3454,
        "weapon": 0,
        "pilot_injury": 0.4083,
        "pilot_skill": 0.2119,
        "mission_priority": 0.8926,
        "estimated_landing_time": 476.0,
        "wait_time": 0,
        "Landing_success_rate": 0.8875
    },
    {
        "model": 1,
        "sequence": 6,
        "status": 1,
        "fuel": 5565,
        "fault": 0.6315,
        "weapon": 0,
        "pilot_injury": 0.1374,
        "pilot_skill": 0.3588,
        "mission_priority": 0.1287,
        "estimated_landing_time": 570.0,
        "wait_time": 0,
        "Landing_success_rate": 0.8518
    },
    {
        "model": 0,
        "sequence": 3,
        "status": 1,
        "fuel": 6873,
        "fault": 0.6346,
        "weapon": 1,
        "pilot_injury": 0.2919,
        "pilot_skill": 0.5442,
        "mission_priority": 0.1189,
        "estimated_landing_time": 288.0,
        "wait_time": 0,
        "Landing_success_rate": 0.8876
    },
    {
        "model": 1,
        "sequence": 23,
        "status": 1,
        "fuel": 6324,
        "fault": 0.0425,
        "weapon": 1,
        "pilot_injury": 0.5482,
        "pilot_skill": 0.3476,
        "mission_priority": 0.872,
        "estimated_landing_time": 2168.0,
        "wait_time": 0,
        "Landing_success_rate": 0.9092
    },
    {
        "model": 1,
        "sequence": 7,
        "status": 1,
        "fuel": 6464,
        "fault": 0.1388,
        "weapon": 1,
        "pilot_injury": 0.9766,
        "pilot_skill": 0.6427,
        "mission_priority": 0.5005,
        "estimated_landing_time": 664.0,
        "wait_time": 0,
        "Landing_success_rate": 0.9123
    },
    {
        "model": 0,
        "sequence": 11,
        "status": 1,
        "fuel": 6489,
        "fault": 0.2893,
        "weapon": 0,
        "pilot_injury": 0.6424,
        "pilot_skill": 0.1085,
        "mission_priority": 0.2457,
        "estimated_landing_time": 1040.0,
        "wait_time": 0,
        "Landing_success_rate": 0.9027
    }
]