[
    {
        "model": 1,
        "sequence": 8,
        "status": 1,
        "fuel": 6890,
        "fault": 0.2136,
        "weapon": 1,
        "pilot_injury": 0.6121,
        "pilot_skill": 0.9262,
        "mission_priority": 0.891,
        "estimated_landing_time": 758.0,
        "wait_time": 0,
        "Landing_success_rate": 0.932
    },
    {
        "model": 1,
        "sequence": 26,
        "status": 1,
        "fuel": 5803,
        "fault": 0.5716,
        "weapon": 1,
        "pilot_injury": 0.098,
        "pilot_skill": 0.2939,
        "mission_priority": 0.5973,
        "estimated_landing_time": 2450.0,
        "wait_time": 0,
        "Landing_success_rate": 0.8597
    },
    {
        "model": 1,
        "sequence": 21,
        "status": 1,
        "fuel": 6040,
        "fault": 0.0854,
        "weapon": 1,
        "pilot_injury": 0.829,
        "pilot_skill": 0.4734,
        "mission_priority": 0.4918,
        "estimated_landing_time": 1980.0,
        "wait_time": 0,
        "Landing_success_rate": 0.887
    },
    {
        "model": 0,
        "sequence": 5,
        "status": 1,
        "fuel": 7395,
        "fault": 0.1328,
        "weapon": 1,
        "pilot_injury": 0.1439,
        "pilot_skill": 0.308,
        "mission_priority": 0.3644,
        "estimated_landing_time": 476.0,
        "wait_time": 0,
        "Landing_success_rate": 0.9733
    },
    {
        "model": 1,
        "sequence": 6,
        "status": 1,
        "fuel": 6562,
        "fault": 0.1475,
        "weapon": 1,
        "pilot_injury": 0.2156,
        "pilot_skill": 0.2819,
        "mission_priority": 0.3634,
        "estimated_landing_time": 570.0,
        "wait_time": 0,
        "Landing_success_rate": 0.9179
    },
    {
        "model": 0,
        "sequence": 10,
        "status": 1,
        "fuel": 7425,
        "fault": 0.4685,
        "weapon": 1,
        "pilot_injury": 0.9835,
        "pilot_skill": 0.2514,
        "mission_priority": 0.8446,
        "estimated_landing_time": 946.0,
        "wait_time": 0,
        "Landing_success_rate": 0.9267
    },
    {
        "model": 1,
        "sequence": 16,
        "status": 1,
        "fuel": 6070,
        "fault": 0.5465,
        "weapon": 0,
        "pilot_injury": 0.8508,
        "pilot_skill": 0.279,
        "mission_priority": 0.8899,
        "estimated_landing_time": 1510.0,
        "wait_time": 0,
        "Landing_success_rate": 0.8694
    },
    {
        "model": 2,
        "sequence": 17,
        "status": 1,
        "fuel": 5581,
        "fault": 0.0022,
        "weapon": 0,
        "pilot_injury": 0.7865,
        "pilot_skill": 0.9137,
        "mission_priority": 0.5704,
        "estimated_landing_time": 1604.0,
        "wait_time": 0,
        "Landing_success_rate": 0.8561
    },
    {
        "model": 0,
        "sequence": 3,
        "status": 1,
        "fuel": 6788,
        "fault": 0.3961,
        "weapon": 0,
        "pilot_injury": 0.7874,
        "pilot_skill": 0.4544,
        "mission_priority": 0.7399,
        "estimated_landing_time": 288.0,
        "wait_time": 0,
        "Landing_success_rate": 0.9083
    },
    {
        "model": 0,
        "sequence": 27,
        "status": 1,
        "fuel": 7417,
        "fault": 0.1159,
        "weapon": 0,
        "pilot_injury": 0.1658,
        "pilot_skill": 0.909,
        "mission_priority": 0.4149,
        "estimated_landing_time": 2544.0,
        "wait_time": 0,
        "Landing_success_rate": 0.9771
    },
    {
        "model": 2,
        "sequence": 28,
        "status": 1,
        "fuel": 6093,
        "fault": 0.2788,
        "weapon": 1,
        "pilot_injury": 0.2421,
        "pilot_skill": 0.0025,
        "mission_priority": 0.4382,
        "estimated_landing_time": 2638.0,
        "wait_time": 0,
        "Landing_success_rate": 0.8821
    },
    {
        "model": 1,
        "sequence": 4,
        "status": 1,
        "fuel": 6035,
        "fault": 0.2952,
        "weapon": 0,
        "pilot_injury": 0.9566,
        "pilot_skill": 0.1791,
        "mission_priority": 0.7189,
        "estimated_landing_time": 382.0,
        "wait_time": 0,
        "Landing_success_rate": 0.8783
    },
    {
        "model": 0,
        "sequence": 18,
        "status": 1,
        "fuel": 5504,
        "fault": 0.3103,
        "weapon": 0,
        "pilot_injury": 0.3392,
        "pilot_skill": 0.7038,
        "mission_priority": 0.473,
        "estimated_landing_time": 1698.0,
        "wait_time": 0,
        "Landing_success_rate": 0.8502
    },
    {
        "model": 0,
        "sequence": 15,
        "status": 1,
        "fuel": 6608,
        "fault": 0.683,
        "weapon": 1,
        "pilot_injury": 0.026,
        "pilot_skill": 0.332,
        "mission_priority": 0.728,
        "estimated_landing_time": 1416.0,
        "wait_time": 0,
        "Landing_success_rate": 0.8763
    },
    {
        "model": 0,
        "sequence": 1,
        "status": 1,
        "fuel": 6628,
        "fault": 0.0908,
        "weapon": 0,
        "pilot_injury": 0.3533,
        "pilot_skill": 0.1815,
        "mission_priority": 0.7609,
        "estimated_landing_time": 100.0,
        "wait_time": 0,
        "Landing_success_rate": 0.9269
    },
    {
        "model": 0,
        "sequence": 23,
        "status": 1,
        "fuel": 5587,
        "fault": 0.114,
        "weapon": 0,
        "pilot_injury": 0.1976,
        "pilot_skill": 0.2852,
        "mission_priority": 0.9479,
        "estimated_landing_time": 2168.0,
        "wait_time": 0,
        "Landing_success_rate": 0.8558
    },
    {
        "model": 0,
        "sequence": 12,
        "status": 1,
        "fuel": 7108,
        "fault": 0.0805,
        "weapon": 0,
        "pilot_injury": 0.3556,
        "pilot_skill": 0.49,
        "mission_priority": 0.2366,
        "estimated_landing_time": 1134.0,
        "wait_time": 0,
        "Landing_success_rate": 0.9609
    },
    {
        "model": 2,
        "sequence": 14,
        "status": 1,
        "fuel": 6415,
        "fault": 0.2176,
        "weapon": 0,
        "pilot_injury": 0.6021,
        "pilot_skill": 0.3578,
        "mission_priority": 0.2515,
        "estimated_landing_time": 1322.0,
        "wait_time": 0,
        "Landing_success_rate": 0.9037
    },
    {
        "model": 0,
        "sequence": 20,
        "status": 1,
        "fuel": 5824,
        "fault": 0.0367,
        "weapon": 1,
        "pilot_injury": 0.8694,
        "pilot_skill": 0.0868,
        "mission_priority": 0.4544,
        "estimated_landing_time": 1886.0,
        "wait_time": 0,
        "Landing_success_rate": 0.8734
    },
    {
        "model": 0,
        "sequence": 25,
        "status": 1,
        "fuel": 5810,
        "fault": 0.8327,
        "weapon": 1,
        "pilot_injury": 0.7264,
        "pilot_skill": 0.9751,
        "mission_priority": 0.3423,
        "estimated_landing_time": 2356.0,
        "wait_time": 0,
        "Landing_success_rate": 0.8539
    },
    {
        "model": 2,
        "sequence": 9,
        "status": 1,
        "fuel": 5880,
        "fault": 0.9872,
        "weapon": 0,
        "pilot_injury": 0.8697,
        "pilot_skill": 0.7784,
        "mission_priority": 0.521,
        "estimated_landing_time": 852.0,
        "wait_time": 0,
        "Landing_success_rate": 0.8504
    },
    {
        "model": 1,
        "sequence": 11,
        "status": 1,
        "fuel": 5976,
        "fault": 0.6666,
        "weapon": 1,
        "pilot_injury": 0.3003,
        "pilot_skill": 0.3972,
        "mission_priority": 0.4646,
        "estimated_landing_time": 1040.0,
        "wait_time": 0,
        "Landing_success_rate": 0.8619
    },
    {
        "model": 0,
        "sequence": 13,
        "status": 1,
        "fuel": 5692,
        "fault": 0.1544,
        "weapon": 0,
        "pilot_injury": 0.658,
        "pilot_skill": 0.2323,
        "mission_priority": 0.2404,
        "estimated_landing_time": 1228.0,
        "wait_time": 0,
        "Landing_success_rate": 0.8622
    },
    {
        "model": 2,
        "sequence": 29,
        "status": 1,
        "fuel": 6851,
        "fault": 0.0347,
        "weapon": 1,
        "pilot_injury": 0.2585,
        "pilot_skill": 0.1682,
        "mission_priority": 0.7226,
        "estimated_landing_time": 2732.0,
        "wait_time": 0,
        "Landing_success_rate": 0.9478
    },
    {
        "model": 2,
        "sequence": 30,
        "status": 1,
        "fuel": 6506,
        "fault": 0.7648,
        "weapon": 0,
        "pilot_injury": 0.4249,
        "pilot_skill": 0.7135,
        "mission_priority": 0.4692,
        "estimated_landing_time": 2826.0,
        "wait_time": 0,
        "Landing_success_rate": 0.8677
    },
    {
        "model": 1,
        "sequence": 22,
        "status": 1,
        "fuel": 5863,
        "fault": 0.9939,
        "weapon": 0,
        "pilot_injury": 0.8543,
        "pilot_skill": 0.3061,
        "mission_priority": 0.687,
        "estimated_landing_time": 2074.0,
        "wait_time": 0,
        "Landing_success_rate": 0.8502
    },
    {
        "model": 0,
        "sequence": 2,
        "status": 1,
        "fuel": 5580,
        "fault": 0.7163,
        "weapon": 0,
        "pilot_injury": 0.0501,
        "pilot_skill": 0.5136,
        "mission_priority": 0.9105,
        "estimated_landing_time": 194.0,
        "wait_time": 0,
        "Landing_success_rate": 0.8517
    },
    {
        "model": 0,
        "sequence": 7,
        "status": 1,
        "fuel": 7256,
        "fault": 0.714,
        "weapon": 1,
        "pilot_injury": 0.9498,
        "pilot_skill": 0.0678,
        "mission_priority": 0.4888,
        "estimated_landing_time": 664.0,
        "wait_time": 0,
        "Landing_success_rate": 0.8877
    },
    {
        "model": 1,
        "sequence": 19,
        "status": 1,
        "fuel": 6394,
        "fault": 0.2183,
        "weapon": 0,
        "pilot_injury": 0.1632,
        "pilot_skill": 0.5668,
        "mission_priority": 0.1629,
        "estimated_landing_time": 1792.0,
        "wait_time": 0,
        "Landing_success_rate": 0.9024
    },
    {
        "model": 2,
        "sequence": 24,
        "status": 1,
        "fuel": 7383,
        "fault": 0.635,
        "weapon": 1,
        "pilot_injury": 0.2688,
        "pilot_skill": 0.7698,
        "mission_priority": 0.842,
        "estimated_landing_time": 2262.0,
        "wait_time": 0,
        "Landing_success_rate": 0.9015
    }
]