[
    {
        "model": 2,
        "sequence": 24,
        "status": 1,
        "fuel": 7099,
        "fault": 0.7118,
        "weapon": 1,
        "pilot_injury": 0.7637,
        "pilot_skill": 0.1795,
        "mission_priority": 0.4908,
        "estimated_landing_time": 2262.0,
        "wait_time": 0,
        "Landing_success_rate": 0.8846
    },
    {
        "model": 2,
        "sequence": 25,
        "status": 1,
        "fuel": 6628,
        "fault": 0.5257,
        "weapon": 1,
        "pilot_injury": 0.8207,
        "pilot_skill": 0.7555,
        "mission_priority": 0.0507,
        "estimated_landing_time": 2356.0,
        "wait_time": 0,
        "Landing_success_rate": 0.8901
    },
    {
        "model": 1,
        "sequence": 28,
        "status": 1,
        "fuel": 5866,
        "fault": 0.3978,
        "weapon": 0,
        "pilot_injury": 0.6501,
        "pilot_skill": 0.0592,
        "mission_priority": 0.3256,
        "estimated_landing_time": 2638.0,
        "wait_time": 0,
        "Landing_success_rate": 0.8665
    },
    {
        "model": 1,
        "sequence": 17,
        "status": 1,
        "fuel": 6128,
        "fault": 0.64,
        "weapon": 1,
        "pilot_injury": 0.6819,
        "pilot_skill": 0.6348,
        "mission_priority": 0.2024,
        "estimated_landing_time": 1604.0,
        "wait_time": 0,
        "Landing_success_rate": 0.867
    },
    {
        "model": 0,
        "sequence": 11,
        "status": 1,
        "fuel": 5886,
        "fault": 0.3306,
        "weapon": 0,
        "pilot_injury": 0.3748,
        "pilot_skill": 0.247,
        "mission_priority": 0.7012,
        "estimated_landing_time": 1040.0,
        "wait_time": 0,
        "Landing_success_rate": 0.8694
    },
    {
        "model": 0,
        "sequence": 2,
        "status": 1,
        "fuel": 6359,
        "fault": 0.1592,
        "weapon": 1,
        "pilot_injury": 0.9435,
        "pilot_skill": 0.9648,
        "mission_priority": 0.4325,
        "estimated_landing_time": 194.0,
        "wait_time": 0,
        "Landing_success_rate": 0.9042
    },
    {
        "model": 0,
        "sequence": 27,
        "status": 1,
        "fuel": 5670,
        "fault": 0.3978,
        "weapon": 0,
        "pilot_injury": 0.2234,
        "pilot_skill": 0.0277,
        "mission_priority": 0.3846,
        "estimated_landing_time": 2544.0,
        "wait_time": 0,
        "Landing_success_rate": 0.8577
    },
    {
        "model": 2,
        "sequence": 18,
        "status": 1,
        "fuel": 6614,
        "fault": 0.2503,
        "weapon": 0,
        "pilot_injury": 0.5302,
        "pilot_skill": 0.6915,
        "mission_priority": 0.5745,
        "estimated_landing_time": 1698.0,
        "wait_time": 0,
        "Landing_success_rate": 0.9126
    },
    {
        "model": 2,
        "sequence": 23,
        "status": 1,
        "fuel": 7101,
        "fault": 0.7208,
        "weapon": 0,
        "pilot_injury": 0.648,
        "pilot_skill": 0.6416,
        "mission_priority": 0.7283,
        "estimated_landing_time": 2168.0,
        "wait_time": 0,
        "Landing_success_rate": 0.8835
    },
    {
        "model": 2,
        "sequence": 8,
        "status": 1,
        "fuel": 7238,
        "fault": 0.3331,
        "weapon": 1,
        "pilot_injury": 0.4643,
        "pilot_skill": 0.5182,
        "mission_priority": 0.7803,
        "estimated_landing_time": 758.0,
        "wait_time": 0,
        "Landing_success_rate": 0.9369
    },
    {
        "model": 1,
        "sequence": 21,
        "status": 1,
        "fuel": 6303,
        "fault": 0.3307,
        "weapon": 1,
        "pilot_injury": 0.1264,
        "pilot_skill": 0.332,
        "mission_priority": 0.0202,
        "estimated_landing_time": 1980.0,
        "wait_time": 0,
        "Landing_success_rate": 0.8903
    },
    {
        "model": 2,
        "sequence": 9,
        "status": 1,
        "fuel": 5800,
        "fault": 0.9888,
        "weapon": 1,
        "pilot_injury": 0.8052,
        "pilot_skill": 0.5856,
        "mission_priority": 0.0399,
        "estimated_landing_time": 852.0,
        "wait_time": 0,
        "Landing_success_rate": 0.8503
    },
    {
        "model": 1,
        "sequence": 20,
        "status": 1,
        "fuel": 6803,
        "fault": 0.3543,
        "weapon": 0,
        "pilot_injury": 0.709,
        "pilot_skill": 0.8665,
        "mission_priority": 0.9676,
        "estimated_landing_time": 1886.0,
        "wait_time": 0,
        "Landing_success_rate": 0.9131
    },
    {
        "model": 2,
        "sequence": 30,
        "status": 1,
        "fuel": 5699,
        "fault": 0.1707,
        "weapon": 0,
        "pilot_injury": 0.7469,
        "pilot_skill": 0.2405,
        "mission_priority": 0.0638,
        "estimated_landing_time": 2826.0,
        "wait_time": 0,
        "Landing_success_rate": 0.8624
    },
    {
        "model": 2,
        "sequence": 22,
        "status": 1,
        "fuel": 5663,
        "fault": 0.9511,
        "weapon": 1,
        "pilot_injury": 0.0375,
        "pilot_skill": 0.8503,
        "mission_priority": 0.4899,
        "estimated_landing_time": 2074.0,
        "wait_time": 0,
        "Landing_success_rate": 0.8506
    },
    {
        "model": 1,
        "sequence": 29,
        "status": 1,
        "fuel": 6829,
        "fault": 0.0968,
        "weapon": 1,
        "pilot_injury": 0.9939,
        "pilot_skill": 0.9372,
        "mission_priority": 0.7166,
        "estimated_landing_time": 2732.0,
        "wait_time": 0,
        "Landing_success_rate": 0.94
    },
    {
        "model": 1,
        "sequence": 1,
        "status": 1,
        "fuel": 6552,
        "fault": 0.6923,
        "weapon": 1,
        "pilot_injury": 0.8165,
        "pilot_skill": 0.8976,
        "mission_priority": 0.9565,
        "estimated_landing_time": 100.0,
        "wait_time": 0,
        "Landing_success_rate": 0.8743
    },
    {
        "model": 1,
        "sequence": 15,
        "status": 1,
        "fuel": 5887,
        "fault": 0.9913,
        "weapon": 1,
        "pilot_injury": 0.9684,
        "pilot_skill": 0.9586,
        "mission_priority": 0.4776,
        "estimated_landing_time": 1416.0,
        "wait_time": 0,
        "Landing_success_rate": 0.8503
    },
    {
        "model": 0,
        "sequence": 12,
        "status": 1,
        "fuel": 5982,
        "fault": 0.4203,
        "weapon": 0,
        "pilot_injury": 0.4331,
        "pilot_skill": 0.8294,
        "mission_priority": 0.1115,
        "estimated_landing_time": 1134.0,
        "wait_time": 0,
        "Landing_success_rate": 0.871
    },
    {
        "model": 0,
        "sequence": 5,
        "status": 1,
        "fuel": 6097,
        "fault": 0.7961,
        "weapon": 0,
        "pilot_injury": 0.6847,
        "pilot_skill": 0.1164,
        "mission_priority": 0.1032,
        "estimated_landing_time": 476.0,
        "wait_time": 0,
        "Landing_success_rate": 0.8591
    },
    {
        "model": 2,
        "sequence": 7,
        "status": 1,
        "fuel": 5945,
        "fault": 0.5697,
        "weapon": 0,
        "pilot_injury": 0.3269,
        "pilot_skill": 0.7769,
        "mission_priority": 0.4149,
        "estimated_landing_time": 664.0,
        "wait_time": 0,
        "Landing_success_rate": 0.8644
    },
    {
        "model": 2,
        "sequence": 16,
        "status": 1,
        "fuel": 6956,
        "fault": 0.8724,
        "weapon": 0,
        "pilot_injury": 0.7606,
        "pilot_skill": 0.5253,
        "mission_priority": 0.9358,
        "estimated_landing_time": 1510.0,
        "wait_time": 0,
        "Landing_success_rate": 0.8639
    },
    {
        "model": 2,
        "sequence": 19,
        "status": 1,
        "fuel": 6403,
        "fault": 0.1228,
        "weapon": 1,
        "pilot_injury": 0.97,
        "pilot_skill": 0.7375,
        "mission_priority": 0.7726,
        "estimated_landing_time": 1792.0,
        "wait_time": 0,
        "Landing_success_rate": 0.9094
    },
    {
        "model": 0,
        "sequence": 10,
        "status": 1,
        "fuel": 5966,
        "fault": 0.7845,
        "weapon": 0,
        "pilot_injury": 0.3135,
        "pilot_skill": 0.2599,
        "mission_priority": 0.5352,
        "estimated_landing_time": 946.0,
        "wait_time": 0,
        "Landing_success_rate": 0.8575
    },
    {
        "model": 2,
        "sequence": 4,
        "status": 1,
        "fuel": 5840,
        "fault": 0.7947,
        "weapon": 1,
        "pilot_injury": 0.2425,
        "pilot_skill": 0.2431,
        "mission_priority": 0.7917,
        "estimated_landing_time": 382.0,
        "wait_time": 0,
        "Landing_success_rate": 0.8552
    },
    {
        "model": 1,
        "sequence": 14,
        "status": 1,
        "fuel": 6484,
        "fault": 0.4276,
        "weapon": 0,
        "pilot_injury": 0.8438,
        "pilot_skill": 0.2975,
        "mission_priority": 0.3922,
        "estimated_landing_time": 1322.0,
        "wait_time": 0,
        "Landing_success_rate": 0.8922
    },
    {
        "model": 1,
        "sequence": 13,
        "status": 1,
        "fuel": 6545,
        "fault": 0.2025,
        "weapon": 0,
        "pilot_injury": 0.1367,
        "pilot_skill": 0.347,
        "mission_priority": 0.5241,
        "estimated_landing_time": 1228.0,
        "wait_time": 0,
        "Landing_success_rate": 0.9125
    },
    {
        "model": 0,
        "sequence": 26,
        "status": 1,
        "fuel": 7423,
        "fault": 0.2533,
        "weapon": 0,
        "pilot_injury": 0.1757,
        "pilot_skill": 0.2533,
        "mission_priority": 0.1661,
        "estimated_landing_time": 2450.0,
        "wait_time": 0,
        "Landing_success_rate": 0.9577
    },
    {
        "model": 1,
        "sequence": 6,
        "status": 1,
        "fuel": 6450,
        "fault": 0.1446,
        "weapon": 0,
        "pilot_injury": 0.5947,
        "pilot_skill": 0.7627,
        "mission_priority": 0.8193,
        "estimated_landing_time": 570.0,
        "wait_time": 0,
        "Landing_success_rate": 0.9109
    },
    {
        "model": 1,
        "sequence": 3,
        "status": 1,
        "fuel": 6931,
        "fault": 0.8162,
        "weapon": 1,
        "pilot_injury": 0.6323,
        "pilot_skill": 0.6494,
        "mission_priority": 0.9284,
        "estimated_landing_time": 288.0,
        "wait_time": 0,
        "Landing_success_rate": 0.8697
    }
]