[
    {
        "model": 2,
        "sequence": 27,
        "status": 1,
        "fuel": 6055,
        "fault": 0.1453,
        "weapon": 0,
        "pilot_injury": 0.8695,
        "pilot_skill": 0.0659,
        "mission_priority": 0.987,
        "estimated_landing_time": 2544.0,
        "wait_time": 0,
        "Landing_success_rate": 0.8856
    },
    {
        "model": 0,
        "sequence": 11,
        "status": 1,
        "fuel": 5502,
        "fault": 0.9052,
        "weapon": 1,
        "pilot_injury": 0.9357,
        "pilot_skill": 0.0454,
        "mission_priority": 0.4701,
        "estimated_landing_time": 1040.0,
        "wait_time": 0,
        "Landing_success_rate": 0.85
    },
    {
        "model": 0,
        "sequence": 29,
        "status": 1,
        "fuel": 6239,
        "fault": 0.154,
        "weapon": 0,
        "pilot_injury": 0.5288,
        "pilot_skill": 0.7004,
        "mission_priority": 0.952,
        "estimated_landing_time": 2732.0,
        "wait_time": 0,
        "Landing_success_rate": 0.8969
    },
    {
        "model": 1,
        "sequence": 2,
        "status": 1,
        "fuel": 5594,
        "fault": 0.9026,
        "weapon": 1,
        "pilot_injury": 0.5089,
        "pilot_skill": 0.4185,
        "mission_priority": 0.4108,
        "estimated_landing_time": 194.0,
        "wait_time": 0,
        "Landing_success_rate": 0.8507
    },
    {
        "model": 1,
        "sequence": 25,
        "status": 1,
        "fuel": 6345,
        "fault": 0.2276,
        "weapon": 1,
        "pilot_injury": 0.8833,
        "pilot_skill": 0.1609,
        "mission_priority": 0.2153,
        "estimated_landing_time": 2356.0,
        "wait_time": 0,
        "Landing_success_rate": 0.899
    },
    {
        "model": 1,
        "sequence": 23,
        "status": 1,
        "fuel": 7207,
        "fault": 0.7637,
        "weapon": 0,
        "pilot_injury": 0.6738,
        "pilot_skill": 0.3145,
        "mission_priority": 0.3579,
        "estimated_landing_time": 2168.0,
        "wait_time": 0,
        "Landing_success_rate": 0.8803
    },
    {
        "model": 2,
        "sequence": 15,
        "status": 1,
        "fuel": 6904,
        "fault": 0.5463,
        "weapon": 1,
        "pilot_injury": 0.8412,
        "pilot_skill": 0.9461,
        "mission_priority": 0.548,
        "estimated_landing_time": 1416.0,
        "wait_time": 0,
        "Landing_success_rate": 0.8978
    },
    {
        "model": 2,
        "sequence": 10,
        "status": 1,
        "fuel": 6873,
        "fault": 0.0857,
        "weapon": 1,
        "pilot_injury": 0.7132,
        "pilot_skill": 0.5841,
        "mission_priority": 0.0504,
        "estimated_landing_time": 946.0,
        "wait_time": 0,
        "Landing_success_rate": 0.9442
    },
    {
        "model": 2,
        "sequence": 18,
        "status": 1,
        "fuel": 7111,
        "fault": 0.2112,
        "weapon": 0,
        "pilot_injury": 0.171,
        "pilot_skill": 0.6586,
        "mission_priority": 0.9284,
        "estimated_landing_time": 1698.0,
        "wait_time": 0,
        "Landing_success_rate": 0.9453
    },
    {
        "model": 1,
        "sequence": 21,
        "status": 1,
        "fuel": 5974,
        "fault": 0.6897,
        "weapon": 0,
        "pilot_injury": 0.4041,
        "pilot_skill": 0.3865,
        "mission_priority": 0.6012,
        "estimated_landing_time": 1980.0,
        "wait_time": 0,
        "Landing_success_rate": 0.861
    },
    {
        "model": 1,
        "sequence": 28,
        "status": 1,
        "fuel": 6171,
        "fault": 0.6942,
        "weapon": 1,
        "pilot_injury": 0.6028,
        "pilot_skill": 0.3907,
        "mission_priority": 0.0141,
        "estimated_landing_time": 2638.0,
        "wait_time": 0,
        "Landing_success_rate": 0.8654
    },
    {
        "model": 0,
        "sequence": 1,
        "status": 1,
        "fuel": 5536,
        "fault": 0.5538,
        "weapon": 1,
        "pilot_injury": 0.5124,
        "pilot_skill": 0.3542,
        "mission_priority": 0.0241,
        "estimated_landing_time": 100.0,
        "wait_time": 0,
        "Landing_success_rate": 0.8512
    },
    {
        "model": 2,
        "sequence": 4,
        "status": 1,
        "fuel": 5837,
        "fault": 0.7302,
        "weapon": 0,
        "pilot_injury": 0.9486,
        "pilot_skill": 0.3128,
        "mission_priority": 0.0148,
        "estimated_landing_time": 382.0,
        "wait_time": 0,
        "Landing_success_rate": 0.8568
    },
    {
        "model": 2,
        "sequence": 5,
        "status": 1,
        "fuel": 6619,
        "fault": 0.8818,
        "weapon": 0,
        "pilot_injury": 0.5667,
        "pilot_skill": 0.1507,
        "mission_priority": 0.984,
        "estimated_landing_time": 476.0,
        "wait_time": 0,
        "Landing_success_rate": 0.8599
    },
    {
        "model": 0,
        "sequence": 7,
        "status": 1,
        "fuel": 5833,
        "fault": 0.656,
        "weapon": 1,
        "pilot_injury": 0.1366,
        "pilot_skill": 0.1923,
        "mission_priority": 0.6706,
        "estimated_landing_time": 664.0,
        "wait_time": 0,
        "Landing_success_rate": 0.8586
    },
    {
        "model": 1,
        "sequence": 17,
        "status": 1,
        "fuel": 5503,
        "fault": 0.2395,
        "weapon": 1,
        "pilot_injury": 0.8408,
        "pilot_skill": 0.9475,
        "mission_priority": 0.4282,
        "estimated_landing_time": 1604.0,
        "wait_time": 0,
        "Landing_success_rate": 0.8502
    },
    {
        "model": 1,
        "sequence": 19,
        "status": 1,
        "fuel": 7333,
        "fault": 0.6542,
        "weapon": 1,
        "pilot_injury": 0.9357,
        "pilot_skill": 0.3899,
        "mission_priority": 0.3531,
        "estimated_landing_time": 1792.0,
        "wait_time": 0,
        "Landing_success_rate": 0.8975
    },
    {
        "model": 1,
        "sequence": 13,
        "status": 1,
        "fuel": 7022,
        "fault": 0.5566,
        "weapon": 1,
        "pilot_injury": 0.8597,
        "pilot_skill": 0.3182,
        "mission_priority": 0.4495,
        "estimated_landing_time": 1228.0,
        "wait_time": 0,
        "Landing_success_rate": 0.9006
    },
    {
        "model": 2,
        "sequence": 8,
        "status": 1,
        "fuel": 6722,
        "fault": 0.768,
        "weapon": 1,
        "pilot_injury": 0.6066,
        "pilot_skill": 0.5876,
        "mission_priority": 0.2949,
        "estimated_landing_time": 758.0,
        "wait_time": 0,
        "Landing_success_rate": 0.8713
    },
    {
        "model": 0,
        "sequence": 6,
        "status": 1,
        "fuel": 6976,
        "fault": 0.912,
        "weapon": 0,
        "pilot_injury": 0.3555,
        "pilot_skill": 0.5388,
        "mission_priority": 0.1437,
        "estimated_landing_time": 570.0,
        "wait_time": 0,
        "Landing_success_rate": 0.8597
    },
    {
        "model": 0,
        "sequence": 16,
        "status": 1,
        "fuel": 6809,
        "fault": 0.0339,
        "weapon": 1,
        "pilot_injury": 0.5622,
        "pilot_skill": 0.854,
        "mission_priority": 0.2904,
        "estimated_landing_time": 1510.0,
        "wait_time": 0,
        "Landing_success_rate": 0.9448
    },
    {
        "model": 1,
        "sequence": 22,
        "status": 1,
        "fuel": 7111,
        "fault": 0.2881,
        "weapon": 1,
        "pilot_injury": 0.4327,
        "pilot_skill": 0.3964,
        "mission_priority": 0.8862,
        "estimated_landing_time": 2074.0,
        "wait_time": 0,
        "Landing_success_rate": 0.936
    },
    {
        "model": 2,
        "sequence": 24,
        "status": 1,
        "fuel": 5779,
        "fault": 0.7064,
        "weapon": 0,
        "pilot_injury": 0.0891,
        "pilot_skill": 0.9553,
        "mission_priority": 0.503,
        "estimated_landing_time": 2262.0,
        "wait_time": 0,
        "Landing_success_rate": 0.8561
    },
    {
        "model": 0,
        "sequence": 3,
        "status": 1,
        "fuel": 5617,
        "fault": 0.0879,
        "weapon": 1,
        "pilot_injury": 0.1176,
        "pilot_skill": 0.0609,
        "mission_priority": 0.1934,
        "estimated_landing_time": 288.0,
        "wait_time": 0,
        "Landing_success_rate": 0.858
    },
    {
        "model": 2,
        "sequence": 14,
        "status": 1,
        "fuel": 6153,
        "fault": 0.1077,
        "weapon": 0,
        "pilot_injury": 0.0007,
        "pilot_skill": 0.2573,
        "mission_priority": 0.5876,
        "estimated_landing_time": 1322.0,
        "wait_time": 0,
        "Landing_success_rate": 0.8937
    },
    {
        "model": 1,
        "sequence": 30,
        "status": 1,
        "fuel": 6919,
        "fault": 0.2208,
        "weapon": 1,
        "pilot_injury": 0.3008,
        "pilot_skill": 0.9532,
        "mission_priority": 0.0658,
        "estimated_landing_time": 2826.0,
        "wait_time": 0,
        "Landing_success_rate": 0.9329
    },
    {
        "model": 1,
        "sequence": 9,
        "status": 1,
        "fuel": 5552,
        "fault": 0.0704,
        "weapon": 0,
        "pilot_injury": 0.2465,
        "pilot_skill": 0.8833,
        "mission_priority": 0.2871,
        "estimated_landing_time": 852.0,
        "wait_time": 0,
        "Landing_success_rate": 0.8536
    },
    {
        "model": 0,
        "sequence": 20,
        "status": 1,
        "fuel": 5542,
        "fault": 0.082,
        "weapon": 1,
        "pilot_injury": 0.4764,
        "pilot_skill": 0.9765,
        "mission_priority": 0.2268,
        "estimated_landing_time": 1886.0,
        "wait_time": 0,
        "Landing_success_rate": 0.8529
    },
    {
        "model": 1,
        "sequence": 12,
        "status": 1,
        "fuel": 7228,
        "fault": 0.1723,
        "weapon": 0,
        "pilot_injury": 0.755,
        "pilot_skill": 0.582,
        "mission_priority": 0.6186,
        "estimated_landing_time": 1134.0,
        "wait_time": 0,
        "Landing_success_rate": 0.9573
    },
    {
        "model": 0,
        "sequence": 26,
        "status": 1,
        "fuel": 6943,
        "fault": 0.9099,
        "weapon": 1,
        "pilot_injury": 0.3972,
        "pilot_skill": 0.3464,
        "mission_priority": 0.7121,
        "estimated_landing_time": 2450.0,
        "wait_time": 0,
        "Landing_success_rate": 0.8598
    }
]