[
    {
        "model": 2,
        "sequence": 22,
        "status": 1,
        "fuel": 7306,
        "fault": 0.2678,
        "weapon": 0,
        "pilot_injury": 0.215,
        "pilot_skill": 0.9952,
        "mission_priority": 0.7695,
        "estimated_landing_time": 2074.0,
        "wait_time": 0,
        "Landing_success_rate": 0.9492
    },
    {
        "model": 1,
        "sequence": 14,
        "status": 1,
        "fuel": 7040,
        "fault": 0.0008,
        "weapon": 0,
        "pilot_injury": 0.9164,
        "pilot_skill": 0.9631,
        "mission_priority": 0.786,
        "estimated_landing_time": 1322.0,
        "wait_time": 0,
        "Landing_success_rate": 0.9654
    },
    {
        "model": 1,
        "sequence": 2,
        "status": 1,
        "fuel": 6318,
        "fault": 0.1918,
        "weapon": 1,
        "pilot_injury": 0.3918,
        "pilot_skill": 0.8083,
        "mission_priority": 0.7596,
        "estimated_landing_time": 194.0,
        "wait_time": 0,
        "Landing_success_rate": 0.8996
    },
    {
        "model": 1,
        "sequence": 13,
        "status": 1,
        "fuel": 6691,
        "fault": 0.2296,
        "weapon": 1,
        "pilot_injury": 0.6908,
        "pilot_skill": 0.6476,
        "mission_priority": 0.7985,
        "estimated_landing_time": 1228.0,
        "wait_time": 0,
        "Landing_success_rate": 0.9188
    },
    {
        "model": 2,
        "sequence": 27,
        "status": 1,
        "fuel": 5677,
        "fault": 0.3191,
        "weapon": 1,
        "pilot_injury": 0.3264,
        "pilot_skill": 0.6871,
        "mission_priority": 0.6166,
        "estimated_landing_time": 2544.0,
        "wait_time": 0,
        "Landing_success_rate": 0.859
    },
    {
        "model": 0,
        "sequence": 1,
        "status": 1,
        "fuel": 7102,
        "fault": 0.4912,
        "weapon": 0,
        "pilot_injury": 0.9612,
        "pilot_skill": 0.3235,
        "mission_priority": 0.7484,
        "estimated_landing_time": 100.0,
        "wait_time": 0,
        "Landing_success_rate": 0.9111
    },
    {
        "model": 0,
        "sequence": 18,
        "status": 1,
        "fuel": 5694,
        "fault": 0.8457,
        "weapon": 1,
        "pilot_injury": 0.841,
        "pilot_skill": 0.0939,
        "mission_priority": 0.8875,
        "estimated_landing_time": 1698.0,
        "wait_time": 0,
        "Landing_success_rate": 0.8522
    },
    {
        "model": 1,
        "sequence": 8,
        "status": 1,
        "fuel": 5807,
        "fault": 0.2666,
        "weapon": 1,
        "pilot_injury": 0.3772,
        "pilot_skill": 0.085,
        "mission_priority": 0.727,
        "estimated_landing_time": 758.0,
        "wait_time": 0,
        "Landing_success_rate": 0.8669
    },
    {
        "model": 1,
        "sequence": 25,
        "status": 1,
        "fuel": 5776,
        "fault": 0.8834,
        "weapon": 1,
        "pilot_injury": 0.8414,
        "pilot_skill": 0.6323,
        "mission_priority": 0.1163,
        "estimated_landing_time": 2356.0,
        "wait_time": 0,
        "Landing_success_rate": 0.8524
    },
    {
        "model": 1,
        "sequence": 23,
        "status": 1,
        "fuel": 5519,
        "fault": 0.2857,
        "weapon": 0,
        "pilot_injury": 0.2645,
        "pilot_skill": 0.7559,
        "mission_priority": 0.7169,
        "estimated_landing_time": 2168.0,
        "wait_time": 0,
        "Landing_success_rate": 0.851
    },
    {
        "model": 0,
        "sequence": 6,
        "status": 1,
        "fuel": 7386,
        "fault": 0.2139,
        "weapon": 1,
        "pilot_injury": 0.8177,
        "pilot_skill": 0.9496,
        "mission_priority": 0.2663,
        "estimated_landing_time": 570.0,
        "wait_time": 0,
        "Landing_success_rate": 0.9612
    },
    {
        "model": 2,
        "sequence": 3,
        "status": 1,
        "fuel": 7482,
        "fault": 0.3222,
        "weapon": 1,
        "pilot_injury": 0.3801,
        "pilot_skill": 0.8981,
        "mission_priority": 0.5482,
        "estimated_landing_time": 288.0,
        "wait_time": 0,
        "Landing_success_rate": 0.9508
    },
    {
        "model": 1,
        "sequence": 17,
        "status": 1,
        "fuel": 5802,
        "fault": 0.6645,
        "weapon": 1,
        "pilot_injury": 0.6436,
        "pilot_skill": 0.5173,
        "mission_priority": 0.5334,
        "estimated_landing_time": 1604.0,
        "wait_time": 0,
        "Landing_success_rate": 0.8576
    },
    {
        "model": 1,
        "sequence": 24,
        "status": 1,
        "fuel": 6130,
        "fault": 0.9132,
        "weapon": 1,
        "pilot_injury": 0.7364,
        "pilot_skill": 0.2686,
        "mission_priority": 0.0707,
        "estimated_landing_time": 2262.0,
        "wait_time": 0,
        "Landing_success_rate": 0.8541
    },
    {
        "model": 1,
        "sequence": 5,
        "status": 1,
        "fuel": 6451,
        "fault": 0.4375,
        "weapon": 1,
        "pilot_injury": 0.6832,
        "pilot_skill": 0.7579,
        "mission_priority": 0.797,
        "estimated_landing_time": 476.0,
        "wait_time": 0,
        "Landing_success_rate": 0.8901
    },
    {
        "model": 0,
        "sequence": 7,
        "status": 1,
        "fuel": 6190,
        "fault": 0.6051,
        "weapon": 0,
        "pilot_injury": 0.7602,
        "pilot_skill": 0.1198,
        "mission_priority": 0.1413,
        "estimated_landing_time": 664.0,
        "wait_time": 0,
        "Landing_success_rate": 0.8704
    },
    {
        "model": 0,
        "sequence": 15,
        "status": 1,
        "fuel": 7423,
        "fault": 0.1584,
        "weapon": 1,
        "pilot_injury": 0.7972,
        "pilot_skill": 0.6427,
        "mission_priority": 0.498,
        "estimated_landing_time": 1416.0,
        "wait_time": 0,
        "Landing_success_rate": 0.9714
    },
    {
        "model": 2,
        "sequence": 4,
        "status": 1,
        "fuel": 6625,
        "fault": 0.1943,
        "weapon": 0,
        "pilot_injury": 0.517,
        "pilot_skill": 0.8829,
        "mission_priority": 0.7751,
        "estimated_landing_time": 382.0,
        "wait_time": 0,
        "Landing_success_rate": 0.918
    },
    {
        "model": 1,
        "sequence": 9,
        "status": 1,
        "fuel": 6281,
        "fault": 0.0046,
        "weapon": 1,
        "pilot_injury": 0.2214,
        "pilot_skill": 0.0318,
        "mission_priority": 0.9403,
        "estimated_landing_time": 852.0,
        "wait_time": 0,
        "Landing_success_rate": 0.9083
    },
    {
        "model": 1,
        "sequence": 19,
        "status": 1,
        "fuel": 7180,
        "fault": 0.0983,
        "weapon": 1,
        "pilot_injury": 0.733,
        "pilot_skill": 0.8322,
        "mission_priority": 0.2107,
        "estimated_landing_time": 1792.0,
        "wait_time": 0,
        "Landing_success_rate": 0.9636
    },
    {
        "model": 0,
        "sequence": 12,
        "status": 1,
        "fuel": 6332,
        "fault": 0.2866,
        "weapon": 0,
        "pilot_injury": 0.5526,
        "pilot_skill": 0.8352,
        "mission_priority": 0.9882,
        "estimated_landing_time": 1134.0,
        "wait_time": 0,
        "Landing_success_rate": 0.8945
    },
    {
        "model": 0,
        "sequence": 26,
        "status": 1,
        "fuel": 6431,
        "fault": 0.8047,
        "weapon": 1,
        "pilot_injury": 0.7539,
        "pilot_skill": 0.7257,
        "mission_priority": 0.4678,
        "estimated_landing_time": 2450.0,
        "wait_time": 0,
        "Landing_success_rate": 0.8636
    },
    {
        "model": 1,
        "sequence": 20,
        "status": 1,
        "fuel": 6424,
        "fault": 0.0115,
        "weapon": 1,
        "pilot_injury": 0.5484,
        "pilot_skill": 0.2729,
        "mission_priority": 0.3673,
        "estimated_landing_time": 1886.0,
        "wait_time": 0,
        "Landing_success_rate": 0.9185
    },
    {
        "model": 1,
        "sequence": 16,
        "status": 1,
        "fuel": 7375,
        "fault": 0.5242,
        "weapon": 0,
        "pilot_injury": 0.6956,
        "pilot_skill": 0.8589,
        "mission_priority": 0.136,
        "estimated_landing_time": 1510.0,
        "wait_time": 0,
        "Landing_success_rate": 0.9169
    },
    {
        "model": 1,
        "sequence": 30,
        "status": 1,
        "fuel": 5861,
        "fault": 0.117,
        "weapon": 1,
        "pilot_injury": 0.4709,
        "pilot_skill": 0.5909,
        "mission_priority": 0.8837,
        "estimated_landing_time": 2826.0,
        "wait_time": 0,
        "Landing_success_rate": 0.8739
    },
    {
        "model": 0,
        "sequence": 10,
        "status": 1,
        "fuel": 6169,
        "fault": 0.4047,
        "weapon": 1,
        "pilot_injury": 0.1122,
        "pilot_skill": 0.9914,
        "mission_priority": 0.9734,
        "estimated_landing_time": 946.0,
        "wait_time": 0,
        "Landing_success_rate": 0.8799
    },
    {
        "model": 1,
        "sequence": 21,
        "status": 1,
        "fuel": 6262,
        "fault": 0.6915,
        "weapon": 0,
        "pilot_injury": 0.7371,
        "pilot_skill": 0.1466,
        "mission_priority": 0.0239,
        "estimated_landing_time": 1980.0,
        "wait_time": 0,
        "Landing_success_rate": 0.8676
    },
    {
        "model": 2,
        "sequence": 29,
        "status": 1,
        "fuel": 6760,
        "fault": 0.9145,
        "weapon": 1,
        "pilot_injury": 0.6274,
        "pilot_skill": 0.4922,
        "mission_priority": 0.9968,
        "estimated_landing_time": 2732.0,
        "wait_time": 0,
        "Landing_success_rate": 0.8581
    },
    {
        "model": 0,
        "sequence": 28,
        "status": 1,
        "fuel": 7474,
        "fault": 0.7329,
        "weapon": 1,
        "pilot_injury": 0.3871,
        "pilot_skill": 0.0983,
        "mission_priority": 0.8771,
        "estimated_landing_time": 2638.0,
        "wait_time": 0,
        "Landing_success_rate": 0.8895
    },
    {
        "model": 2,
        "sequence": 11,
        "status": 1,
        "fuel": 7376,
        "fault": 0.9238,
        "weapon": 1,
        "pilot_injury": 0.9369,
        "pilot_skill": 0.8201,
        "mission_priority": 0.0277,
        "estimated_landing_time": 1040.0,
        "wait_time": 0,
        "Landing_success_rate": 0.8607
    }
]