[
    {
        "model": 1,
        "sequence": 24,
        "status": 1,
        "fuel": 5756,
        "fault": 0.4538,
        "weapon": 1,
        "pilot_injury": 0.1341,
        "pilot_skill": 0.1488,
        "mission_priority": 0.2366,
        "estimated_landing_time": 2262.0,
        "wait_time": 0,
        "Landing_success_rate": 0.8605
    },
    {
        "model": 2,
        "sequence": 25,
        "status": 1,
        "fuel": 5500,
        "fault": 0.4239,
        "weapon": 1,
        "pilot_injury": 0.1698,
        "pilot_skill": 0.7458,
        "mission_priority": 0.5175,
        "estimated_landing_time": 2356.0,
        "wait_time": 0,
        "Landing_success_rate": 0.85
    },
    {
        "model": 1,
        "sequence": 4,
        "status": 1,
        "fuel": 5574,
        "fault": 0.3967,
        "weapon": 0,
        "pilot_injury": 0.9147,
        "pilot_skill": 0.3011,
        "mission_priority": 0.1585,
        "estimated_landing_time": 382.0,
        "wait_time": 0,
        "Landing_success_rate": 0.8533
    },
    {
        "model": 0,
        "sequence": 23,
        "status": 1,
        "fuel": 7191,
        "fault": 0.8179,
        "weapon": 1,
        "pilot_injury": 0.044,
        "pilot_skill": 0.9781,
        "mission_priority": 0.9718,
        "estimated_landing_time": 2168.0,
        "wait_time": 0,
        "Landing_success_rate": 0.8731
    },
    {
        "model": 0,
        "sequence": 1,
        "status": 1,
        "fuel": 5777,
        "fault": 0.6215,
        "weapon": 1,
        "pilot_injury": 0.2234,
        "pilot_skill": 0.4173,
        "mission_priority": 0.7264,
        "estimated_landing_time": 100.0,
        "wait_time": 0,
        "Landing_success_rate": 0.8579
    },
    {
        "model": 1,
        "sequence": 29,
        "status": 1,
        "fuel": 5653,
        "fault": 0.1362,
        "weapon": 1,
        "pilot_injury": 0.98,
        "pilot_skill": 0.009,
        "mission_priority": 0.9245,
        "estimated_landing_time": 2732.0,
        "wait_time": 0,
        "Landing_success_rate": 0.8599
    },
    {
        "model": 2,
        "sequence": 7,
        "status": 1,
        "fuel": 7012,
        "fault": 0.1044,
        "weapon": 0,
        "pilot_injury": 0.0007,
        "pilot_skill": 0.8344,
        "mission_priority": 0.759,
        "estimated_landing_time": 664.0,
        "wait_time": 0,
        "Landing_success_rate": 0.9516
    },
    {
        "model": 0,
        "sequence": 19,
        "status": 1,
        "fuel": 6921,
        "fault": 0.0875,
        "weapon": 0,
        "pilot_injury": 0.2151,
        "pilot_skill": 0.3035,
        "mission_priority": 0.5302,
        "estimated_landing_time": 1792.0,
        "wait_time": 0,
        "Landing_success_rate": 0.9472
    },
    {
        "model": 1,
        "sequence": 13,
        "status": 1,
        "fuel": 6333,
        "fault": 0.7087,
        "weapon": 0,
        "pilot_injury": 0.1827,
        "pilot_skill": 0.1592,
        "mission_priority": 0.4729,
        "estimated_landing_time": 1228.0,
        "wait_time": 0,
        "Landing_success_rate": 0.8682
    },
    {
        "model": 2,
        "sequence": 15,
        "status": 1,
        "fuel": 5764,
        "fault": 0.3589,
        "weapon": 1,
        "pilot_injury": 0.8238,
        "pilot_skill": 0.7006,
        "mission_priority": 0.8312,
        "estimated_landing_time": 1416.0,
        "wait_time": 0,
        "Landing_success_rate": 0.8627
    },
    {
        "model": 0,
        "sequence": 22,
        "status": 1,
        "fuel": 5568,
        "fault": 0.2606,
        "weapon": 1,
        "pilot_injury": 0.2865,
        "pilot_skill": 0.2518,
        "mission_priority": 0.7127,
        "estimated_landing_time": 2074.0,
        "wait_time": 0,
        "Landing_success_rate": 0.8538
    },
    {
        "model": 1,
        "sequence": 6,
        "status": 1,
        "fuel": 7345,
        "fault": 0.2134,
        "weapon": 1,
        "pilot_injury": 0.1241,
        "pilot_skill": 0.6394,
        "mission_priority": 0.1443,
        "estimated_landing_time": 570.0,
        "wait_time": 0,
        "Landing_success_rate": 0.9588
    },
    {
        "model": 2,
        "sequence": 14,
        "status": 1,
        "fuel": 6565,
        "fault": 0.9558,
        "weapon": 0,
        "pilot_injury": 0.5228,
        "pilot_skill": 0.9084,
        "mission_priority": 0.0204,
        "estimated_landing_time": 1322.0,
        "wait_time": 0,
        "Landing_success_rate": 0.8535
    },
    {
        "model": 2,
        "sequence": 8,
        "status": 1,
        "fuel": 5929,
        "fault": 0.3057,
        "weapon": 0,
        "pilot_injury": 0.9573,
        "pilot_skill": 0.9606,
        "mission_priority": 0.0004,
        "estimated_landing_time": 758.0,
        "wait_time": 0,
        "Landing_success_rate": 0.8723
    },
    {
        "model": 2,
        "sequence": 10,
        "status": 1,
        "fuel": 7101,
        "fault": 0.2985,
        "weapon": 0,
        "pilot_injury": 0.7003,
        "pilot_skill": 0.768,
        "mission_priority": 0.8577,
        "estimated_landing_time": 946.0,
        "wait_time": 0,
        "Landing_success_rate": 0.9342
    },
    {
        "model": 1,
        "sequence": 17,
        "status": 1,
        "fuel": 6148,
        "fault": 0.7123,
        "weapon": 1,
        "pilot_injury": 0.9238,
        "pilot_skill": 0.5332,
        "mission_priority": 0.5241,
        "estimated_landing_time": 1604.0,
        "wait_time": 0,
        "Landing_success_rate": 0.864
    },
    {
        "model": 1,
        "sequence": 11,
        "status": 1,
        "fuel": 7490,
        "fault": 0.8295,
        "weapon": 1,
        "pilot_injury": 0.7745,
        "pilot_skill": 0.0673,
        "mission_priority": 0.4525,
        "estimated_landing_time": 1040.0,
        "wait_time": 0,
        "Landing_success_rate": 0.8754
    },
    {
        "model": 2,
        "sequence": 16,
        "status": 1,
        "fuel": 6740,
        "fault": 0.8416,
        "weapon": 0,
        "pilot_injury": 0.5413,
        "pilot_skill": 0.4557,
        "mission_priority": 0.7376,
        "estimated_landing_time": 1510.0,
        "wait_time": 0,
        "Landing_success_rate": 0.8647
    },
    {
        "model": 2,
        "sequence": 3,
        "status": 1,
        "fuel": 7426,
        "fault": 0.9483,
        "weapon": 1,
        "pilot_injury": 0.4137,
        "pilot_skill": 0.6309,
        "mission_priority": 0.2217,
        "estimated_landing_time": 288.0,
        "wait_time": 0,
        "Landing_success_rate": 0.8575
    },
    {
        "model": 2,
        "sequence": 18,
        "status": 1,
        "fuel": 6398,
        "fault": 0.7914,
        "weapon": 0,
        "pilot_injury": 0.3422,
        "pilot_skill": 0.3479,
        "mission_priority": 0.3755,
        "estimated_landing_time": 1698.0,
        "wait_time": 0,
        "Landing_success_rate": 0.864
    },
    {
        "model": 2,
        "sequence": 30,
        "status": 1,
        "fuel": 6028,
        "fault": 0.86,
        "weapon": 1,
        "pilot_injury": 0.2774,
        "pilot_skill": 0.9584,
        "mission_priority": 0.3013,
        "estimated_landing_time": 2826.0,
        "wait_time": 0,
        "Landing_success_rate": 0.8555
    },
    {
        "model": 2,
        "sequence": 21,
        "status": 1,
        "fuel": 6633,
        "fault": 0.4844,
        "weapon": 1,
        "pilot_injury": 0.8108,
        "pilot_skill": 0.6959,
        "mission_priority": 0.3282,
        "estimated_landing_time": 1980.0,
        "wait_time": 0,
        "Landing_success_rate": 0.8938
    },
    {
        "model": 2,
        "sequence": 12,
        "status": 1,
        "fuel": 6011,
        "fault": 0.3457,
        "weapon": 0,
        "pilot_injury": 0.1383,
        "pilot_skill": 0.5781,
        "mission_priority": 0.8078,
        "estimated_landing_time": 1134.0,
        "wait_time": 0,
        "Landing_success_rate": 0.8751
    },
    {
        "model": 0,
        "sequence": 9,
        "status": 1,
        "fuel": 6120,
        "fault": 0.5719,
        "weapon": 0,
        "pilot_injury": 0.8398,
        "pilot_skill": 0.9528,
        "mission_priority": 0.656,
        "estimated_landing_time": 852.0,
        "wait_time": 0,
        "Landing_success_rate": 0.8699
    },
    {
        "model": 2,
        "sequence": 26,
        "status": 1,
        "fuel": 7392,
        "fault": 0.3791,
        "weapon": 1,
        "pilot_injury": 0.0274,
        "pilot_skill": 0.4559,
        "mission_priority": 0.7273,
        "estimated_landing_time": 2450.0,
        "wait_time": 0,
        "Landing_success_rate": 0.9381
    },
    {
        "model": 1,
        "sequence": 27,
        "status": 1,
        "fuel": 7138,
        "fault": 0.5563,
        "weapon": 1,
        "pilot_injury": 0.5883,
        "pilot_skill": 0.1897,
        "mission_priority": 0.5692,
        "estimated_landing_time": 2544.0,
        "wait_time": 0,
        "Landing_success_rate": 0.9045
    },
    {
        "model": 1,
        "sequence": 28,
        "status": 1,
        "fuel": 6355,
        "fault": 0.8891,
        "weapon": 1,
        "pilot_injury": 0.3254,
        "pilot_skill": 0.8103,
        "mission_priority": 0.3657,
        "estimated_landing_time": 2638.0,
        "wait_time": 0,
        "Landing_success_rate": 0.8571
    },
    {
        "model": 1,
        "sequence": 2,
        "status": 1,
        "fuel": 7256,
        "fault": 0.9267,
        "weapon": 0,
        "pilot_injury": 0.2786,
        "pilot_skill": 0.4027,
        "mission_priority": 0.4046,
        "estimated_landing_time": 194.0,
        "wait_time": 0,
        "Landing_success_rate": 0.8597
    },
    {
        "model": 1,
        "sequence": 5,
        "status": 1,
        "fuel": 5535,
        "fault": 0.1953,
        "weapon": 1,
        "pilot_injury": 0.5741,
        "pilot_skill": 0.521,
        "mission_priority": 0.8377,
        "estimated_landing_time": 476.0,
        "wait_time": 0,
        "Landing_success_rate": 0.8521
    },
    {
        "model": 0,
        "sequence": 20,
        "status": 1,
        "fuel": 7148,
        "fault": 0.4835,
        "weapon": 0,
        "pilot_injury": 0.8114,
        "pilot_skill": 0.1957,
        "mission_priority": 0.6241,
        "estimated_landing_time": 1886.0,
        "wait_time": 0,
        "Landing_success_rate": 0.9138
    }
]