[
    {
        "model": 0,
        "sequence": 18,
        "status": 1,
        "fuel": 6404,
        "fault": 0.9745,
        "weapon": 0,
        "pilot_injury": 0.1729,
        "pilot_skill": 0.4035,
        "mission_priority": 0.278,
        "estimated_landing_time": 1698.0,
        "wait_time": 0,
        "Landing_success_rate": 0.8517
    },
    {
        "model": 2,
        "sequence": 19,
        "status": 1,
        "fuel": 6200,
        "fault": 0.3983,
        "weapon": 1,
        "pilot_injury": 0.7087,
        "pilot_skill": 0.5984,
        "mission_priority": 0.043,
        "estimated_landing_time": 1792.0,
        "wait_time": 0,
        "Landing_success_rate": 0.8816
    },
    {
        "model": 0,
        "sequence": 23,
        "status": 1,
        "fuel": 6094,
        "fault": 0.9853,
        "weapon": 1,
        "pilot_injury": 0.9898,
        "pilot_skill": 0.8119,
        "mission_priority": 0.8567,
        "estimated_landing_time": 2168.0,
        "wait_time": 0,
        "Landing_success_rate": 0.8507
    },
    {
        "model": 2,
        "sequence": 11,
        "status": 1,
        "fuel": 6642,
        "fault": 0.1201,
        "weapon": 0,
        "pilot_injury": 0.5156,
        "pilot_skill": 0.631,
        "mission_priority": 0.7283,
        "estimated_landing_time": 1040.0,
        "wait_time": 0,
        "Landing_success_rate": 0.9254
    },
    {
        "model": 1,
        "sequence": 30,
        "status": 1,
        "fuel": 6015,
        "fault": 0.2218,
        "weapon": 0,
        "pilot_injury": 0.0246,
        "pilot_skill": 0.7961,
        "mission_priority": 0.6108,
        "estimated_landing_time": 2826.0,
        "wait_time": 0,
        "Landing_success_rate": 0.8801
    },
    {
        "model": 0,
        "sequence": 8,
        "status": 1,
        "fuel": 6874,
        "fault": 0.2035,
        "weapon": 1,
        "pilot_injury": 0.8819,
        "pilot_skill": 0.5453,
        "mission_priority": 0.1622,
        "estimated_landing_time": 758.0,
        "wait_time": 0,
        "Landing_success_rate": 0.9321
    },
    {
        "model": 2,
        "sequence": 3,
        "status": 1,
        "fuel": 5653,
        "fault": 0.7415,
        "weapon": 0,
        "pilot_injury": 0.8145,
        "pilot_skill": 0.203,
        "mission_priority": 0.7141,
        "estimated_landing_time": 288.0,
        "wait_time": 0,
        "Landing_success_rate": 0.853
    },
    {
        "model": 2,
        "sequence": 1,
        "status": 1,
        "fuel": 6298,
        "fault": 0.4112,
        "weapon": 0,
        "pilot_injury": 0.4689,
        "pilot_skill": 0.4409,
        "mission_priority": 0.0293,
        "estimated_landing_time": 100.0,
        "wait_time": 0,
        "Landing_success_rate": 0.8852
    },
    {
        "model": 2,
        "sequence": 29,
        "status": 1,
        "fuel": 5673,
        "fault": 0.1483,
        "weapon": 1,
        "pilot_injury": 0.173,
        "pilot_skill": 0.2479,
        "mission_priority": 0.1263,
        "estimated_landing_time": 2732.0,
        "wait_time": 0,
        "Landing_success_rate": 0.8611
    },
    {
        "model": 0,
        "sequence": 13,
        "status": 1,
        "fuel": 6284,
        "fault": 0.3384,
        "weapon": 0,
        "pilot_injury": 0.4802,
        "pilot_skill": 0.111,
        "mission_priority": 0.2547,
        "estimated_landing_time": 1228.0,
        "wait_time": 0,
        "Landing_success_rate": 0.8889
    },
    {
        "model": 2,
        "sequence": 24,
        "status": 1,
        "fuel": 7130,
        "fault": 0.8192,
        "weapon": 1,
        "pilot_injury": 0.5156,
        "pilot_skill": 0.5256,
        "mission_priority": 0.1116,
        "estimated_landing_time": 2262.0,
        "wait_time": 0,
        "Landing_success_rate": 0.8721
    },
    {
        "model": 2,
        "sequence": 6,
        "status": 1,
        "fuel": 5979,
        "fault": 0.7128,
        "weapon": 1,
        "pilot_injury": 0.7,
        "pilot_skill": 0.0578,
        "mission_priority": 0.4436,
        "estimated_landing_time": 570.0,
        "wait_time": 0,
        "Landing_success_rate": 0.8603
    },
    {
        "model": 1,
        "sequence": 4,
        "status": 1,
        "fuel": 5661,
        "fault": 0.7339,
        "weapon": 1,
        "pilot_injury": 0.3347,
        "pilot_skill": 0.5513,
        "mission_priority": 0.1653,
        "estimated_landing_time": 382.0,
        "wait_time": 0,
        "Landing_success_rate": 0.8532
    },
    {
        "model": 0,
        "sequence": 12,
        "status": 1,
        "fuel": 6479,
        "fault": 0.2304,
        "weapon": 0,
        "pilot_injury": 0.3743,
        "pilot_skill": 0.3179,
        "mission_priority": 0.2386,
        "estimated_landing_time": 1134.0,
        "wait_time": 0,
        "Landing_success_rate": 0.9065
    },
    {
        "model": 2,
        "sequence": 7,
        "status": 1,
        "fuel": 5571,
        "fault": 0.9284,
        "weapon": 0,
        "pilot_injury": 0.3302,
        "pilot_skill": 0.9052,
        "mission_priority": 0.1502,
        "estimated_landing_time": 664.0,
        "wait_time": 0,
        "Landing_success_rate": 0.8504
    },
    {
        "model": 2,
        "sequence": 5,
        "status": 1,
        "fuel": 5786,
        "fault": 0.579,
        "weapon": 1,
        "pilot_injury": 0.2599,
        "pilot_skill": 0.5854,
        "mission_priority": 0.601,
        "estimated_landing_time": 476.0,
        "wait_time": 0,
        "Landing_success_rate": 0.859
    },
    {
        "model": 0,
        "sequence": 21,
        "status": 1,
        "fuel": 7387,
        "fault": 0.6971,
        "weapon": 1,
        "pilot_injury": 0.1985,
        "pilot_skill": 0.0703,
        "mission_priority": 0.1248,
        "estimated_landing_time": 1980.0,
        "wait_time": 0,
        "Landing_success_rate": 0.8929
    },
    {
        "model": 0,
        "sequence": 2,
        "status": 1,
        "fuel": 6282,
        "fault": 0.9417,
        "weapon": 0,
        "pilot_injury": 0.7913,
        "pilot_skill": 0.2179,
        "mission_priority": 0.67,
        "estimated_landing_time": 194.0,
        "wait_time": 0,
        "Landing_success_rate": 0.8534
    },
    {
        "model": 2,
        "sequence": 28,
        "status": 1,
        "fuel": 6097,
        "fault": 0.943,
        "weapon": 0,
        "pilot_injury": 0.7947,
        "pilot_skill": 0.6048,
        "mission_priority": 0.2014,
        "estimated_landing_time": 2638.0,
        "wait_time": 0,
        "Landing_success_rate": 0.8526
    },
    {
        "model": 0,
        "sequence": 15,
        "status": 1,
        "fuel": 7166,
        "fault": 0.9336,
        "weapon": 1,
        "pilot_injury": 0.432,
        "pilot_skill": 0.2552,
        "mission_priority": 0.9327,
        "estimated_landing_time": 1416.0,
        "wait_time": 0,
        "Landing_success_rate": 0.8583
    },
    {
        "model": 0,
        "sequence": 14,
        "status": 1,
        "fuel": 5523,
        "fault": 0.784,
        "weapon": 0,
        "pilot_injury": 0.0245,
        "pilot_skill": 0.3393,
        "mission_priority": 0.4589,
        "estimated_landing_time": 1322.0,
        "wait_time": 0,
        "Landing_success_rate": 0.8504
    },
    {
        "model": 0,
        "sequence": 25,
        "status": 1,
        "fuel": 6097,
        "fault": 0.3743,
        "weapon": 1,
        "pilot_injury": 0.498,
        "pilot_skill": 0.6856,
        "mission_priority": 0.3459,
        "estimated_landing_time": 2356.0,
        "wait_time": 0,
        "Landing_success_rate": 0.878
    },
    {
        "model": 0,
        "sequence": 20,
        "status": 1,
        "fuel": 6329,
        "fault": 0.5351,
        "weapon": 1,
        "pilot_injury": 0.4695,
        "pilot_skill": 0.1343,
        "mission_priority": 0.6513,
        "estimated_landing_time": 1886.0,
        "wait_time": 0,
        "Landing_success_rate": 0.8789
    },
    {
        "model": 0,
        "sequence": 26,
        "status": 1,
        "fuel": 5922,
        "fault": 0.2921,
        "weapon": 0,
        "pilot_injury": 0.5534,
        "pilot_skill": 0.5603,
        "mission_priority": 0.9125,
        "estimated_landing_time": 2450.0,
        "wait_time": 0,
        "Landing_success_rate": 0.8724
    },
    {
        "model": 2,
        "sequence": 10,
        "status": 1,
        "fuel": 7402,
        "fault": 0.573,
        "weapon": 0,
        "pilot_injury": 0.3822,
        "pilot_skill": 0.9663,
        "mission_priority": 0.7927,
        "estimated_landing_time": 946.0,
        "wait_time": 0,
        "Landing_success_rate": 0.9109
    },
    {
        "model": 2,
        "sequence": 17,
        "status": 1,
        "fuel": 6439,
        "fault": 0.0085,
        "weapon": 1,
        "pilot_injury": 0.2373,
        "pilot_skill": 0.0292,
        "mission_priority": 0.6385,
        "estimated_landing_time": 1604.0,
        "wait_time": 0,
        "Landing_success_rate": 0.9198
    },
    {
        "model": 1,
        "sequence": 16,
        "status": 1,
        "fuel": 5834,
        "fault": 0.4123,
        "weapon": 1,
        "pilot_injury": 0.637,
        "pilot_skill": 0.8287,
        "mission_priority": 0.133,
        "estimated_landing_time": 1510.0,
        "wait_time": 0,
        "Landing_success_rate": 0.8647
    },
    {
        "model": 1,
        "sequence": 9,
        "status": 1,
        "fuel": 6970,
        "fault": 0.1444,
        "weapon": 1,
        "pilot_injury": 0.0951,
        "pilot_skill": 0.8381,
        "mission_priority": 0.4927,
        "estimated_landing_time": 852.0,
        "wait_time": 0,
        "Landing_success_rate": 0.9443
    },
    {
        "model": 0,
        "sequence": 22,
        "status": 1,
        "fuel": 5903,
        "fault": 0.5532,
        "weapon": 1,
        "pilot_injury": 0.9261,
        "pilot_skill": 0.2396,
        "mission_priority": 0.6164,
        "estimated_landing_time": 2074.0,
        "wait_time": 0,
        "Landing_success_rate": 0.8635
    },
    {
        "model": 0,
        "sequence": 27,
        "status": 1,
        "fuel": 6649,
        "fault": 0.9241,
        "weapon": 0,
        "pilot_injury": 0.0015,
        "pilot_skill": 0.0641,
        "mission_priority": 0.8591,
        "estimated_landing_time": 2544.0,
        "wait_time": 0,
        "Landing_success_rate": 0.8565
    }
]