[
    {
        "model": 1,
        "sequence": 9,
        "status": 1,
        "fuel": 5946,
        "fault": 0.1392,
        "weapon": 0,
        "pilot_injury": 0.5236,
        "pilot_skill": 0.0246,
        "mission_priority": 0.6781,
        "estimated_landing_time": 852.0,
        "wait_time": 0,
        "Landing_success_rate": 0.8788
    },
    {
        "model": 1,
        "sequence": 16,
        "status": 1,
        "fuel": 5699,
        "fault": 0.8453,
        "weapon": 1,
        "pilot_injury": 0.8338,
        "pilot_skill": 0.2526,
        "mission_priority": 0.0812,
        "estimated_landing_time": 1510.0,
        "wait_time": 0,
        "Landing_success_rate": 0.8523
    },
    {
        "model": 0,
        "sequence": 24,
        "status": 1,
        "fuel": 5584,
        "fault": 0.2793,
        "weapon": 1,
        "pilot_injury": 0.7504,
        "pilot_skill": 0.4941,
        "mission_priority": 0.5519,
        "estimated_landing_time": 2262.0,
        "wait_time": 0,
        "Landing_success_rate": 0.8545
    },
    {
        "model": 0,
        "sequence": 22,
        "status": 1,
        "fuel": 5591,
        "fault": 0.1076,
        "weapon": 0,
        "pilot_injury": 0.1363,
        "pilot_skill": 0.2803,
        "mission_priority": 0.1757,
        "estimated_landing_time": 2074.0,
        "wait_time": 0,
        "Landing_success_rate": 0.8561
    },
    {
        "model": 0,
        "sequence": 26,
        "status": 1,
        "fuel": 6169,
        "fault": 0.6883,
        "weapon": 1,
        "pilot_injury": 0.2498,
        "pilot_skill": 0.154,
        "mission_priority": 0.5101,
        "estimated_landing_time": 2450.0,
        "wait_time": 0,
        "Landing_success_rate": 0.8656
    },
    {
        "model": 0,
        "sequence": 30,
        "status": 1,
        "fuel": 7351,
        "fault": 0.5329,
        "weapon": 1,
        "pilot_injury": 0.0175,
        "pilot_skill": 0.5263,
        "mission_priority": 0.2671,
        "estimated_landing_time": 2826.0,
        "wait_time": 0,
        "Landing_success_rate": 0.9148
    },
    {
        "model": 0,
        "sequence": 12,
        "status": 1,
        "fuel": 6510,
        "fault": 0.1118,
        "weapon": 0,
        "pilot_injury": 0.4378,
        "pilot_skill": 0.97,
        "mission_priority": 0.2131,
        "estimated_landing_time": 1134.0,
        "wait_time": 0,
        "Landing_success_rate": 0.9173
    },
    {
        "model": 0,
        "sequence": 10,
        "status": 1,
        "fuel": 7342,
        "fault": 0.0929,
        "weapon": 0,
        "pilot_injury": 0.0753,
        "pilot_skill": 0.0428,
        "mission_priority": 0.9487,
        "estimated_landing_time": 946.0,
        "wait_time": 0,
        "Landing_success_rate": 0.9753
    },
    {
        "model": 2,
        "sequence": 7,
        "status": 1,
        "fuel": 7226,
        "fault": 0.1008,
        "weapon": 1,
        "pilot_injury": 0.9669,
        "pilot_skill": 0.6574,
        "mission_priority": 0.4881,
        "estimated_landing_time": 664.0,
        "wait_time": 0,
        "Landing_success_rate": 0.9664
    },
    {
        "model": 0,
        "sequence": 3,
        "status": 1,
        "fuel": 6306,
        "fault": 0.6207,
        "weapon": 1,
        "pilot_injury": 0.8389,
        "pilot_skill": 0.762,
        "mission_priority": 0.0907,
        "estimated_landing_time": 288.0,
        "wait_time": 0,
        "Landing_success_rate": 0.8729
    },
    {
        "model": 2,
        "sequence": 6,
        "status": 1,
        "fuel": 6296,
        "fault": 0.9862,
        "weapon": 1,
        "pilot_injury": 0.2364,
        "pilot_skill": 0.6112,
        "mission_priority": 0.4879,
        "estimated_landing_time": 570.0,
        "wait_time": 0,
        "Landing_success_rate": 0.8508
    },
    {
        "model": 2,
        "sequence": 11,
        "status": 1,
        "fuel": 6413,
        "fault": 0.7219,
        "weapon": 1,
        "pilot_injury": 0.8161,
        "pilot_skill": 0.1357,
        "mission_priority": 0.0151,
        "estimated_landing_time": 1040.0,
        "wait_time": 0,
        "Landing_success_rate": 0.869
    },
    {
        "model": 2,
        "sequence": 19,
        "status": 1,
        "fuel": 6935,
        "fault": 0.2407,
        "weapon": 0,
        "pilot_injury": 0.7093,
        "pilot_skill": 0.4698,
        "mission_priority": 0.6055,
        "estimated_landing_time": 1792.0,
        "wait_time": 0,
        "Landing_success_rate": 0.9317
    },
    {
        "model": 0,
        "sequence": 2,
        "status": 1,
        "fuel": 5526,
        "fault": 0.3438,
        "weapon": 0,
        "pilot_injury": 0.8231,
        "pilot_skill": 0.4951,
        "mission_priority": 0.438,
        "estimated_landing_time": 194.0,
        "wait_time": 0,
        "Landing_success_rate": 0.8513
    },
    {
        "model": 1,
        "sequence": 1,
        "status": 1,
        "fuel": 6021,
        "fault": 0.6531,
        "weapon": 0,
        "pilot_injury": 0.1727,
        "pilot_skill": 0.0325,
        "mission_priority": 0.4547,
        "estimated_landing_time": 100.0,
        "wait_time": 0,
        "Landing_success_rate": 0.8636
    },
    {
        "model": 1,
        "sequence": 14,
        "status": 1,
        "fuel": 6167,
        "fault": 0.1144,
        "weapon": 1,
        "pilot_injury": 0.5847,
        "pilot_skill": 0.1515,
        "mission_priority": 0.0285,
        "estimated_landing_time": 1322.0,
        "wait_time": 0,
        "Landing_success_rate": 0.8943
    },
    {
        "model": 1,
        "sequence": 27,
        "status": 1,
        "fuel": 5824,
        "fault": 0.6414,
        "weapon": 0,
        "pilot_injury": 0.3063,
        "pilot_skill": 0.4688,
        "mission_priority": 0.6835,
        "estimated_landing_time": 2544.0,
        "wait_time": 0,
        "Landing_success_rate": 0.8587
    },
    {
        "model": 0,
        "sequence": 18,
        "status": 1,
        "fuel": 5725,
        "fault": 0.1596,
        "weapon": 0,
        "pilot_injury": 0.795,
        "pilot_skill": 0.6701,
        "mission_priority": 0.2663,
        "estimated_landing_time": 1698.0,
        "wait_time": 0,
        "Landing_success_rate": 0.8642
    },
    {
        "model": 1,
        "sequence": 28,
        "status": 1,
        "fuel": 5927,
        "fault": 0.0462,
        "weapon": 1,
        "pilot_injury": 0.2531,
        "pilot_skill": 0.8412,
        "mission_priority": 0.4404,
        "estimated_landing_time": 2638.0,
        "wait_time": 0,
        "Landing_success_rate": 0.8805
    },
    {
        "model": 1,
        "sequence": 23,
        "status": 1,
        "fuel": 6389,
        "fault": 0.2352,
        "weapon": 1,
        "pilot_injury": 0.1833,
        "pilot_skill": 0.9409,
        "mission_priority": 0.8414,
        "estimated_landing_time": 2168.0,
        "wait_time": 0,
        "Landing_success_rate": 0.901
    },
    {
        "model": 0,
        "sequence": 13,
        "status": 1,
        "fuel": 6998,
        "fault": 0.8647,
        "weapon": 1,
        "pilot_injury": 0.5628,
        "pilot_skill": 0.4923,
        "mission_priority": 0.9562,
        "estimated_landing_time": 1228.0,
        "wait_time": 0,
        "Landing_success_rate": 0.8652
    },
    {
        "model": 0,
        "sequence": 20,
        "status": 1,
        "fuel": 7185,
        "fault": 0.778,
        "weapon": 0,
        "pilot_injury": 0.7069,
        "pilot_skill": 0.4137,
        "mission_priority": 0.2664,
        "estimated_landing_time": 1886.0,
        "wait_time": 0,
        "Landing_success_rate": 0.8781
    },
    {
        "model": 2,
        "sequence": 15,
        "status": 1,
        "fuel": 5736,
        "fault": 0.4996,
        "weapon": 1,
        "pilot_injury": 0.3575,
        "pilot_skill": 0.1719,
        "mission_priority": 0.4922,
        "estimated_landing_time": 1416.0,
        "wait_time": 0,
        "Landing_success_rate": 0.8589
    },
    {
        "model": 0,
        "sequence": 17,
        "status": 1,
        "fuel": 6742,
        "fault": 0.3414,
        "weapon": 0,
        "pilot_injury": 0.9732,
        "pilot_skill": 0.5313,
        "mission_priority": 0.7317,
        "estimated_landing_time": 1604.0,
        "wait_time": 0,
        "Landing_success_rate": 0.9113
    },
    {
        "model": 1,
        "sequence": 8,
        "status": 1,
        "fuel": 7193,
        "fault": 0.6772,
        "weapon": 0,
        "pilot_injury": 0.1153,
        "pilot_skill": 0.8149,
        "mission_priority": 0.3443,
        "estimated_landing_time": 758.0,
        "wait_time": 0,
        "Landing_success_rate": 0.891
    },
    {
        "model": 0,
        "sequence": 5,
        "status": 1,
        "fuel": 7269,
        "fault": 0.8131,
        "weapon": 1,
        "pilot_injury": 0.9018,
        "pilot_skill": 0.1974,
        "mission_priority": 0.3632,
        "estimated_landing_time": 476.0,
        "wait_time": 0,
        "Landing_success_rate": 0.8748
    },
    {
        "model": 0,
        "sequence": 29,
        "status": 1,
        "fuel": 6327,
        "fault": 0.008,
        "weapon": 1,
        "pilot_injury": 0.9064,
        "pilot_skill": 0.5625,
        "mission_priority": 0.2431,
        "estimated_landing_time": 2732.0,
        "wait_time": 0,
        "Landing_success_rate": 0.9115
    },
    {
        "model": 1,
        "sequence": 4,
        "status": 1,
        "fuel": 7042,
        "fault": 0.5737,
        "weapon": 1,
        "pilot_injury": 0.924,
        "pilot_skill": 0.6316,
        "mission_priority": 0.0344,
        "estimated_landing_time": 382.0,
        "wait_time": 0,
        "Landing_success_rate": 0.8993
    },
    {
        "model": 1,
        "sequence": 25,
        "status": 1,
        "fuel": 7130,
        "fault": 0.8113,
        "weapon": 1,
        "pilot_injury": 0.5816,
        "pilot_skill": 0.6911,
        "mission_priority": 0.2935,
        "estimated_landing_time": 2356.0,
        "wait_time": 0,
        "Landing_success_rate": 0.8731
    },
    {
        "model": 0,
        "sequence": 21,
        "status": 1,
        "fuel": 6954,
        "fault": 0.0907,
        "weapon": 0,
        "pilot_injury": 0.1964,
        "pilot_skill": 0.1142,
        "mission_priority": 0.3594,
        "estimated_landing_time": 1980.0,
        "wait_time": 0,
        "Landing_success_rate": 0.9492
    }
]