[
    {
        "model": 2,
        "sequence": 5,
        "status": 1,
        "fuel": 7371,
        "fault": 0.5958,
        "weapon": 1,
        "pilot_injury": 0.8518,
        "pilot_skill": 0.4108,
        "mission_priority": 0.7748,
        "estimated_landing_time": 476.0,
        "wait_time": 0,
        "Landing_success_rate": 0.9067
    },
    {
        "model": 0,
        "sequence": 17,
        "status": 1,
        "fuel": 6250,
        "fault": 0.1289,
        "weapon": 1,
        "pilot_injury": 0.3943,
        "pilot_skill": 0.8861,
        "mission_priority": 0.0078,
        "estimated_landing_time": 1604.0,
        "wait_time": 0,
        "Landing_success_rate": 0.899
    },
    {
        "model": 1,
        "sequence": 26,
        "status": 1,
        "fuel": 6261,
        "fault": 0.6914,
        "weapon": 0,
        "pilot_injury": 0.9956,
        "pilot_skill": 0.9161,
        "mission_priority": 0.869,
        "estimated_landing_time": 2450.0,
        "wait_time": 0,
        "Landing_success_rate": 0.8676
    },
    {
        "model": 1,
        "sequence": 28,
        "status": 1,
        "fuel": 7040,
        "fault": 0.2425,
        "weapon": 0,
        "pilot_injury": 0.3747,
        "pilot_skill": 0.6998,
        "mission_priority": 0.6486,
        "estimated_landing_time": 2638.0,
        "wait_time": 0,
        "Landing_success_rate": 0.9375
    },
    {
        "model": 0,
        "sequence": 23,
        "status": 1,
        "fuel": 6039,
        "fault": 0.6609,
        "weapon": 1,
        "pilot_injury": 0.1556,
        "pilot_skill": 0.4564,
        "mission_priority": 0.5787,
        "estimated_landing_time": 2168.0,
        "wait_time": 0,
        "Landing_success_rate": 0.8637
    },
    {
        "model": 2,
        "sequence": 25,
        "status": 1,
        "fuel": 6209,
        "fault": 0.0125,
        "weapon": 0,
        "pilot_injury": 0.9548,
        "pilot_skill": 0.9945,
        "mission_priority": 0.5088,
        "estimated_landing_time": 2356.0,
        "wait_time": 0,
        "Landing_success_rate": 0.9025
    },
    {
        "model": 1,
        "sequence": 7,
        "status": 1,
        "fuel": 7493,
        "fault": 0.558,
        "weapon": 1,
        "pilot_injury": 0.8556,
        "pilot_skill": 0.4999,
        "mission_priority": 0.3668,
        "estimated_landing_time": 664.0,
        "wait_time": 0,
        "Landing_success_rate": 0.9161
    },
    {
        "model": 1,
        "sequence": 9,
        "status": 1,
        "fuel": 6849,
        "fault": 0.2213,
        "weapon": 0,
        "pilot_injury": 0.0728,
        "pilot_skill": 0.303,
        "mission_priority": 0.6448,
        "estimated_landing_time": 852.0,
        "wait_time": 0,
        "Landing_success_rate": 0.9288
    },
    {
        "model": 1,
        "sequence": 24,
        "status": 1,
        "fuel": 7148,
        "fault": 0.9474,
        "weapon": 1,
        "pilot_injury": 0.6682,
        "pilot_skill": 0.864,
        "mission_priority": 0.1142,
        "estimated_landing_time": 2262.0,
        "wait_time": 0,
        "Landing_success_rate": 0.8565
    },
    {
        "model": 0,
        "sequence": 27,
        "status": 1,
        "fuel": 6032,
        "fault": 0.4599,
        "weapon": 1,
        "pilot_injury": 0.895,
        "pilot_skill": 0.1469,
        "mission_priority": 0.8054,
        "estimated_landing_time": 2544.0,
        "wait_time": 0,
        "Landing_success_rate": 0.8715
    },
    {
        "model": 1,
        "sequence": 19,
        "status": 1,
        "fuel": 5920,
        "fault": 0.7671,
        "weapon": 1,
        "pilot_injury": 0.3894,
        "pilot_skill": 0.6001,
        "mission_priority": 0.7403,
        "estimated_landing_time": 1792.0,
        "wait_time": 0,
        "Landing_success_rate": 0.8573
    },
    {
        "model": 1,
        "sequence": 11,
        "status": 1,
        "fuel": 5687,
        "fault": 0.1267,
        "weapon": 1,
        "pilot_injury": 0.7859,
        "pilot_skill": 0.1474,
        "mission_priority": 0.4497,
        "estimated_landing_time": 1040.0,
        "wait_time": 0,
        "Landing_success_rate": 0.8622
    },
    {
        "model": 0,
        "sequence": 16,
        "status": 1,
        "fuel": 7272,
        "fault": 0.7549,
        "weapon": 1,
        "pilot_injury": 0.5021,
        "pilot_skill": 0.5222,
        "mission_priority": 0.0761,
        "estimated_landing_time": 1510.0,
        "wait_time": 0,
        "Landing_success_rate": 0.8826
    },
    {
        "model": 2,
        "sequence": 8,
        "status": 1,
        "fuel": 6445,
        "fault": 0.4828,
        "weapon": 1,
        "pilot_injury": 0.414,
        "pilot_skill": 0.9853,
        "mission_priority": 0.1139,
        "estimated_landing_time": 758.0,
        "wait_time": 0,
        "Landing_success_rate": 0.8867
    },
    {
        "model": 1,
        "sequence": 3,
        "status": 1,
        "fuel": 5803,
        "fault": 0.8198,
        "weapon": 1,
        "pilot_injury": 0.4198,
        "pilot_skill": 0.4182,
        "mission_priority": 0.9322,
        "estimated_landing_time": 288.0,
        "wait_time": 0,
        "Landing_success_rate": 0.8541
    },
    {
        "model": 0,
        "sequence": 15,
        "status": 1,
        "fuel": 6360,
        "fault": 0.4833,
        "weapon": 1,
        "pilot_injury": 0.8524,
        "pilot_skill": 0.9105,
        "mission_priority": 0.3113,
        "estimated_landing_time": 1416.0,
        "wait_time": 0,
        "Landing_success_rate": 0.8833
    },
    {
        "model": 2,
        "sequence": 2,
        "status": 1,
        "fuel": 6909,
        "fault": 0.4262,
        "weapon": 0,
        "pilot_injury": 0.7458,
        "pilot_skill": 0.154,
        "mission_priority": 0.7845,
        "estimated_landing_time": 194.0,
        "wait_time": 0,
        "Landing_success_rate": 0.9106
    },
    {
        "model": 0,
        "sequence": 22,
        "status": 1,
        "fuel": 5500,
        "fault": 0.4215,
        "weapon": 0,
        "pilot_injury": 0.6718,
        "pilot_skill": 0.6282,
        "mission_priority": 0.6224,
        "estimated_landing_time": 2074.0,
        "wait_time": 0,
        "Landing_success_rate": 0.85
    },
    {
        "model": 2,
        "sequence": 10,
        "status": 1,
        "fuel": 5766,
        "fault": 0.9094,
        "weapon": 1,
        "pilot_injury": 0.6975,
        "pilot_skill": 0.8873,
        "mission_priority": 0.5303,
        "estimated_landing_time": 946.0,
        "wait_time": 0,
        "Landing_success_rate": 0.8518
    },
    {
        "model": 0,
        "sequence": 1,
        "status": 1,
        "fuel": 5811,
        "fault": 0.8677,
        "weapon": 0,
        "pilot_injury": 0.1462,
        "pilot_skill": 0.3409,
        "mission_priority": 0.8538,
        "estimated_landing_time": 100.0,
        "wait_time": 0,
        "Landing_success_rate": 0.8531
    },
    {
        "model": 2,
        "sequence": 6,
        "status": 1,
        "fuel": 6838,
        "fault": 0.3,
        "weapon": 1,
        "pilot_injury": 0.2519,
        "pilot_skill": 0.3896,
        "mission_priority": 0.8236,
        "estimated_landing_time": 570.0,
        "wait_time": 0,
        "Landing_success_rate": 0.9202
    },
    {
        "model": 2,
        "sequence": 18,
        "status": 1,
        "fuel": 6540,
        "fault": 0.6001,
        "weapon": 1,
        "pilot_injury": 0.3099,
        "pilot_skill": 0.9727,
        "mission_priority": 0.8277,
        "estimated_landing_time": 1698.0,
        "wait_time": 0,
        "Landing_success_rate": 0.8812
    },
    {
        "model": 0,
        "sequence": 21,
        "status": 1,
        "fuel": 6399,
        "fault": 0.4949,
        "weapon": 1,
        "pilot_injury": 0.5553,
        "pilot_skill": 0.8532,
        "mission_priority": 0.5181,
        "estimated_landing_time": 1980.0,
        "wait_time": 0,
        "Landing_success_rate": 0.8841
    },
    {
        "model": 1,
        "sequence": 14,
        "status": 1,
        "fuel": 6012,
        "fault": 0.634,
        "weapon": 0,
        "pilot_injury": 0.6765,
        "pilot_skill": 0.2457,
        "mission_priority": 0.1912,
        "estimated_landing_time": 1322.0,
        "wait_time": 0,
        "Landing_success_rate": 0.8641
    },
    {
        "model": 2,
        "sequence": 30,
        "status": 1,
        "fuel": 7265,
        "fault": 0.8082,
        "weapon": 0,
        "pilot_injury": 0.0463,
        "pilot_skill": 0.4277,
        "mission_priority": 0.9519,
        "estimated_landing_time": 2826.0,
        "wait_time": 0,
        "Landing_success_rate": 0.8754
    },
    {
        "model": 0,
        "sequence": 13,
        "status": 1,
        "fuel": 7185,
        "fault": 0.4099,
        "weapon": 0,
        "pilot_injury": 0.9491,
        "pilot_skill": 0.5057,
        "mission_priority": 0.2871,
        "estimated_landing_time": 1228.0,
        "wait_time": 0,
        "Landing_success_rate": 0.9246
    },
    {
        "model": 1,
        "sequence": 29,
        "status": 1,
        "fuel": 5501,
        "fault": 0.3398,
        "weapon": 0,
        "pilot_injury": 0.2477,
        "pilot_skill": 0.3243,
        "mission_priority": 0.3948,
        "estimated_landing_time": 2732.0,
        "wait_time": 0,
        "Landing_success_rate": 0.85
    },
    {
        "model": 1,
        "sequence": 12,
        "status": 1,
        "fuel": 7053,
        "fault": 0.3373,
        "weapon": 0,
        "pilot_injury": 0.7437,
        "pilot_skill": 0.7172,
        "mission_priority": 0.0456,
        "estimated_landing_time": 1134.0,
        "wait_time": 0,
        "Landing_success_rate": 0.9272
    },
    {
        "model": 0,
        "sequence": 20,
        "status": 1,
        "fuel": 7074,
        "fault": 0.7303,
        "weapon": 1,
        "pilot_injury": 0.5977,
        "pilot_skill": 0.8953,
        "mission_priority": 0.3249,
        "estimated_landing_time": 1886.0,
        "wait_time": 0,
        "Landing_success_rate": 0.8818
    },
    {
        "model": 0,
        "sequence": 4,
        "status": 1,
        "fuel": 7209,
        "fault": 0.2083,
        "weapon": 0,
        "pilot_injury": 0.9247,
        "pilot_skill": 0.801,
        "mission_priority": 0.389,
        "estimated_landing_time": 382.0,
        "wait_time": 0,
        "Landing_success_rate": 0.9515
    }
]