[
    {
        "model": 2,
        "sequence": 28,
        "status": 1,
        "fuel": 6859,
        "fault": 0.6138,
        "weapon": 1,
        "pilot_injury": 0.677,
        "pilot_skill": 0.6771,
        "mission_priority": 0.0104,
        "estimated_landing_time": 2638.0,
        "wait_time": 0,
        "Landing_success_rate": 0.8894
    },
    {
        "model": 1,
        "sequence": 14,
        "status": 1,
        "fuel": 6899,
        "fault": 0.5668,
        "weapon": 1,
        "pilot_injury": 0.4493,
        "pilot_skill": 0.5605,
        "mission_priority": 0.3247,
        "estimated_landing_time": 1322.0,
        "wait_time": 0,
        "Landing_success_rate": 0.8955
    },
    {
        "model": 0,
        "sequence": 5,
        "status": 1,
        "fuel": 6639,
        "fault": 0.2406,
        "weapon": 0,
        "pilot_injury": 0.7385,
        "pilot_skill": 0.7349,
        "mission_priority": 0.2185,
        "estimated_landing_time": 476.0,
        "wait_time": 0,
        "Landing_success_rate": 0.9149
    },
    {
        "model": 1,
        "sequence": 21,
        "status": 1,
        "fuel": 6323,
        "fault": 0.0097,
        "weapon": 0,
        "pilot_injury": 0.5754,
        "pilot_skill": 0.3995,
        "mission_priority": 0.2492,
        "estimated_landing_time": 1980.0,
        "wait_time": 0,
        "Landing_success_rate": 0.9111
    },
    {
        "model": 2,
        "sequence": 19,
        "status": 1,
        "fuel": 7400,
        "fault": 0.7087,
        "weapon": 0,
        "pilot_injury": 0.1053,
        "pilot_skill": 0.9566,
        "mission_priority": 0.7788,
        "estimated_landing_time": 1792.0,
        "wait_time": 0,
        "Landing_success_rate": 0.8915
    },
    {
        "model": 2,
        "sequence": 4,
        "status": 1,
        "fuel": 6123,
        "fault": 0.8606,
        "weapon": 1,
        "pilot_injury": 0.6545,
        "pilot_skill": 0.961,
        "mission_priority": 0.269,
        "estimated_landing_time": 382.0,
        "wait_time": 0,
        "Landing_success_rate": 0.8565
    },
    {
        "model": 1,
        "sequence": 26,
        "status": 1,
        "fuel": 5773,
        "fault": 0.623,
        "weapon": 1,
        "pilot_injury": 0.8574,
        "pilot_skill": 0.2796,
        "mission_priority": 0.1258,
        "estimated_landing_time": 2450.0,
        "wait_time": 0,
        "Landing_success_rate": 0.8577
    },
    {
        "model": 2,
        "sequence": 11,
        "status": 1,
        "fuel": 6355,
        "fault": 0.374,
        "weapon": 0,
        "pilot_injury": 0.36,
        "pilot_skill": 0.8612,
        "mission_priority": 0.9429,
        "estimated_landing_time": 1040.0,
        "wait_time": 0,
        "Landing_success_rate": 0.8901
    },
    {
        "model": 1,
        "sequence": 22,
        "status": 1,
        "fuel": 7329,
        "fault": 0.6479,
        "weapon": 1,
        "pilot_injury": 0.0686,
        "pilot_skill": 0.5537,
        "mission_priority": 0.8317,
        "estimated_landing_time": 2074.0,
        "wait_time": 0,
        "Landing_success_rate": 0.8983
    },
    {
        "model": 0,
        "sequence": 17,
        "status": 1,
        "fuel": 6661,
        "fault": 0.7777,
        "weapon": 1,
        "pilot_injury": 0.2841,
        "pilot_skill": 0.4919,
        "mission_priority": 0.8435,
        "estimated_landing_time": 1604.0,
        "wait_time": 0,
        "Landing_success_rate": 0.8694
    },
    {
        "model": 2,
        "sequence": 7,
        "status": 1,
        "fuel": 6065,
        "fault": 0.0201,
        "weapon": 1,
        "pilot_injury": 0.5462,
        "pilot_skill": 0.8724,
        "mission_priority": 0.5771,
        "estimated_landing_time": 664.0,
        "wait_time": 0,
        "Landing_success_rate": 0.8915
    },
    {
        "model": 2,
        "sequence": 29,
        "status": 1,
        "fuel": 7393,
        "fault": 0.2277,
        "weapon": 0,
        "pilot_injury": 0.9068,
        "pilot_skill": 0.3892,
        "mission_priority": 0.3101,
        "estimated_landing_time": 2732.0,
        "wait_time": 0,
        "Landing_success_rate": 0.9596
    },
    {
        "model": 1,
        "sequence": 25,
        "status": 1,
        "fuel": 7286,
        "fault": 0.5557,
        "weapon": 1,
        "pilot_injury": 0.8375,
        "pilot_skill": 0.8111,
        "mission_priority": 0.1931,
        "estimated_landing_time": 2356.0,
        "wait_time": 0,
        "Landing_success_rate": 0.9095
    },
    {
        "model": 1,
        "sequence": 10,
        "status": 1,
        "fuel": 7248,
        "fault": 0.8746,
        "weapon": 1,
        "pilot_injury": 0.9169,
        "pilot_skill": 0.6517,
        "mission_priority": 0.8342,
        "estimated_landing_time": 946.0,
        "wait_time": 0,
        "Landing_success_rate": 0.8664
    },
    {
        "model": 1,
        "sequence": 1,
        "status": 1,
        "fuel": 6703,
        "fault": 0.7013,
        "weapon": 0,
        "pilot_injury": 0.2573,
        "pilot_skill": 0.1689,
        "mission_priority": 0.574,
        "estimated_landing_time": 100.0,
        "wait_time": 0,
        "Landing_success_rate": 0.877
    },
    {
        "model": 1,
        "sequence": 9,
        "status": 1,
        "fuel": 6985,
        "fault": 0.8666,
        "weapon": 1,
        "pilot_injury": 0.089,
        "pilot_skill": 0.2447,
        "mission_priority": 0.2355,
        "estimated_landing_time": 852.0,
        "wait_time": 0,
        "Landing_success_rate": 0.8649
    },
    {
        "model": 1,
        "sequence": 3,
        "status": 1,
        "fuel": 7333,
        "fault": 0.7639,
        "weapon": 0,
        "pilot_injury": 0.438,
        "pilot_skill": 0.9684,
        "mission_priority": 0.0158,
        "estimated_landing_time": 288.0,
        "wait_time": 0,
        "Landing_success_rate": 0.8825
    },
    {
        "model": 2,
        "sequence": 16,
        "status": 1,
        "fuel": 6106,
        "fault": 0.0949,
        "weapon": 0,
        "pilot_injury": 0.8793,
        "pilot_skill": 0.0339,
        "mission_priority": 0.8836,
        "estimated_landing_time": 1510.0,
        "wait_time": 0,
        "Landing_success_rate": 0.8911
    },
    {
        "model": 1,
        "sequence": 8,
        "status": 1,
        "fuel": 6630,
        "fault": 0.8052,
        "weapon": 0,
        "pilot_injury": 0.9487,
        "pilot_skill": 0.2154,
        "mission_priority": 0.5879,
        "estimated_landing_time": 758.0,
        "wait_time": 0,
        "Landing_success_rate": 0.8665
    },
    {
        "model": 0,
        "sequence": 6,
        "status": 1,
        "fuel": 5680,
        "fault": 0.7413,
        "weapon": 0,
        "pilot_injury": 0.521,
        "pilot_skill": 0.9495,
        "mission_priority": 0.7084,
        "estimated_landing_time": 570.0,
        "wait_time": 0,
        "Landing_success_rate": 0.8535
    },
    {
        "model": 1,
        "sequence": 27,
        "status": 1,
        "fuel": 6194,
        "fault": 0.1117,
        "weapon": 0,
        "pilot_injury": 0.4873,
        "pilot_skill": 0.4219,
        "mission_priority": 0.3053,
        "estimated_landing_time": 2544.0,
        "wait_time": 0,
        "Landing_success_rate": 0.8962
    },
    {
        "model": 2,
        "sequence": 24,
        "status": 1,
        "fuel": 6767,
        "fault": 0.2533,
        "weapon": 1,
        "pilot_injury": 0.3373,
        "pilot_skill": 0.4358,
        "mission_priority": 0.7518,
        "estimated_landing_time": 2262.0,
        "wait_time": 0,
        "Landing_success_rate": 0.921
    },
    {
        "model": 0,
        "sequence": 30,
        "status": 1,
        "fuel": 7023,
        "fault": 0.6225,
        "weapon": 0,
        "pilot_injury": 0.4908,
        "pilot_skill": 0.9145,
        "mission_priority": 0.6646,
        "estimated_landing_time": 2826.0,
        "wait_time": 0,
        "Landing_success_rate": 0.8931
    },
    {
        "model": 2,
        "sequence": 18,
        "status": 1,
        "fuel": 7121,
        "fault": 0.718,
        "weapon": 0,
        "pilot_injury": 0.3908,
        "pilot_skill": 0.0446,
        "mission_priority": 0.3624,
        "estimated_landing_time": 1698.0,
        "wait_time": 0,
        "Landing_success_rate": 0.8843
    },
    {
        "model": 1,
        "sequence": 2,
        "status": 1,
        "fuel": 7092,
        "fault": 0.032,
        "weapon": 1,
        "pilot_injury": 0.9515,
        "pilot_skill": 0.1543,
        "mission_priority": 0.5454,
        "estimated_landing_time": 194.0,
        "wait_time": 0,
        "Landing_success_rate": 0.9656
    },
    {
        "model": 2,
        "sequence": 23,
        "status": 1,
        "fuel": 7298,
        "fault": 0.7099,
        "weapon": 0,
        "pilot_injury": 0.5624,
        "pilot_skill": 0.2022,
        "mission_priority": 0.8662,
        "estimated_landing_time": 2168.0,
        "wait_time": 0,
        "Landing_success_rate": 0.8891
    },
    {
        "model": 2,
        "sequence": 13,
        "status": 1,
        "fuel": 5569,
        "fault": 0.8299,
        "weapon": 1,
        "pilot_injury": 0.0006,
        "pilot_skill": 0.4571,
        "mission_priority": 0.9998,
        "estimated_landing_time": 1228.0,
        "wait_time": 0,
        "Landing_success_rate": 0.8509
    },
    {
        "model": 1,
        "sequence": 20,
        "status": 1,
        "fuel": 6266,
        "fault": 0.197,
        "weapon": 0,
        "pilot_injury": 0.6211,
        "pilot_skill": 0.7129,
        "mission_priority": 0.8053,
        "estimated_landing_time": 1886.0,
        "wait_time": 0,
        "Landing_success_rate": 0.8961
    },
    {
        "model": 2,
        "sequence": 12,
        "status": 1,
        "fuel": 6606,
        "fault": 0.8582,
        "weapon": 1,
        "pilot_injury": 0.8154,
        "pilot_skill": 0.0409,
        "mission_priority": 0.2971,
        "estimated_landing_time": 1134.0,
        "wait_time": 0,
        "Landing_success_rate": 0.8618
    },
    {
        "model": 2,
        "sequence": 15,
        "status": 1,
        "fuel": 6736,
        "fault": 0.9294,
        "weapon": 0,
        "pilot_injury": 0.7804,
        "pilot_skill": 0.6564,
        "mission_priority": 0.8047,
        "estimated_landing_time": 1416.0,
        "wait_time": 0,
        "Landing_success_rate": 0.8565
    }
]