[
    {
        "model": 0,
        "sequence": 10,
        "status": 1,
        "fuel": 6958,
        "fault": 0.8853,
        "weapon": 1,
        "pilot_injury": 0.7925,
        "pilot_skill": 0.4929,
        "mission_priority": 0.8351,
        "estimated_landing_time": 946.0,
        "wait_time": 0,
        "Landing_success_rate": 0.8625
    },
    {
        "model": 2,
        "sequence": 27,
        "status": 1,
        "fuel": 6171,
        "fault": 0.6449,
        "weapon": 0,
        "pilot_injury": 0.4382,
        "pilot_skill": 0.1815,
        "mission_priority": 0.2592,
        "estimated_landing_time": 2544.0,
        "wait_time": 0,
        "Landing_success_rate": 0.8679
    },
    {
        "model": 0,
        "sequence": 19,
        "status": 1,
        "fuel": 7098,
        "fault": 0.9649,
        "weapon": 1,
        "pilot_injury": 0.8659,
        "pilot_skill": 0.2256,
        "mission_priority": 0.9968,
        "estimated_landing_time": 1792.0,
        "wait_time": 0,
        "Landing_success_rate": 0.8542
    },
    {
        "model": 1,
        "sequence": 2,
        "status": 1,
        "fuel": 6754,
        "fault": 0.7438,
        "weapon": 1,
        "pilot_injury": 0.1323,
        "pilot_skill": 0.5793,
        "mission_priority": 0.9613,
        "estimated_landing_time": 194.0,
        "wait_time": 0,
        "Landing_success_rate": 0.8741
    },
    {
        "model": 2,
        "sequence": 13,
        "status": 1,
        "fuel": 5624,
        "fault": 0.1149,
        "weapon": 0,
        "pilot_injury": 0.4426,
        "pilot_skill": 0.4254,
        "mission_priority": 0.0979,
        "estimated_landing_time": 1228.0,
        "wait_time": 0,
        "Landing_success_rate": 0.8582
    },
    {
        "model": 1,
        "sequence": 6,
        "status": 1,
        "fuel": 6483,
        "fault": 0.5989,
        "weapon": 0,
        "pilot_injury": 0.4943,
        "pilot_skill": 0.2912,
        "mission_priority": 0.1524,
        "estimated_landing_time": 570.0,
        "wait_time": 0,
        "Landing_success_rate": 0.8796
    },
    {
        "model": 2,
        "sequence": 23,
        "status": 1,
        "fuel": 5662,
        "fault": 0.7904,
        "weapon": 0,
        "pilot_injury": 0.3999,
        "pilot_skill": 0.7307,
        "mission_priority": 0.3089,
        "estimated_landing_time": 2168.0,
        "wait_time": 0,
        "Landing_success_rate": 0.8525
    },
    {
        "model": 0,
        "sequence": 4,
        "status": 1,
        "fuel": 7103,
        "fault": 0.2495,
        "weapon": 0,
        "pilot_injury": 0.9951,
        "pilot_skill": 0.7583,
        "mission_priority": 0.9671,
        "estimated_landing_time": 382.0,
        "wait_time": 0,
        "Landing_success_rate": 0.9402
    },
    {
        "model": 2,
        "sequence": 9,
        "status": 1,
        "fuel": 6338,
        "fault": 0.6923,
        "weapon": 1,
        "pilot_injury": 0.2875,
        "pilot_skill": 0.8225,
        "mission_priority": 0.4277,
        "estimated_landing_time": 852.0,
        "wait_time": 0,
        "Landing_success_rate": 0.8693
    },
    {
        "model": 2,
        "sequence": 25,
        "status": 1,
        "fuel": 6339,
        "fault": 0.0892,
        "weapon": 1,
        "pilot_injury": 0.0132,
        "pilot_skill": 0.525,
        "mission_priority": 0.7751,
        "estimated_landing_time": 2356.0,
        "wait_time": 0,
        "Landing_success_rate": 0.9073
    },
    {
        "model": 2,
        "sequence": 11,
        "status": 1,
        "fuel": 6142,
        "fault": 0.776,
        "weapon": 1,
        "pilot_injury": 0.5356,
        "pilot_skill": 0.0056,
        "mission_priority": 0.5348,
        "estimated_landing_time": 1040.0,
        "wait_time": 0,
        "Landing_success_rate": 0.8608
    },
    {
        "model": 2,
        "sequence": 21,
        "status": 1,
        "fuel": 5748,
        "fault": 0.2157,
        "weapon": 0,
        "pilot_injury": 0.2107,
        "pilot_skill": 0.8251,
        "mission_priority": 0.7181,
        "estimated_landing_time": 1980.0,
        "wait_time": 0,
        "Landing_success_rate": 0.8646
    },
    {
        "model": 1,
        "sequence": 17,
        "status": 1,
        "fuel": 7455,
        "fault": 0.4629,
        "weapon": 0,
        "pilot_injury": 0.3674,
        "pilot_skill": 0.7033,
        "mission_priority": 0.9902,
        "estimated_landing_time": 1604.0,
        "wait_time": 0,
        "Landing_success_rate": 0.9288
    },
    {
        "model": 2,
        "sequence": 3,
        "status": 1,
        "fuel": 6427,
        "fault": 0.5932,
        "weapon": 1,
        "pilot_injury": 0.5865,
        "pilot_skill": 0.8682,
        "mission_priority": 0.2172,
        "estimated_landing_time": 288.0,
        "wait_time": 0,
        "Landing_success_rate": 0.8783
    },
    {
        "model": 1,
        "sequence": 26,
        "status": 1,
        "fuel": 6580,
        "fault": 0.2809,
        "weapon": 0,
        "pilot_injury": 0.8322,
        "pilot_skill": 0.7847,
        "mission_priority": 0.3042,
        "estimated_landing_time": 2450.0,
        "wait_time": 0,
        "Landing_success_rate": 0.9082
    },
    {
        "model": 1,
        "sequence": 22,
        "status": 1,
        "fuel": 7434,
        "fault": 0.6284,
        "weapon": 0,
        "pilot_injury": 0.343,
        "pilot_skill": 0.3012,
        "mission_priority": 0.2842,
        "estimated_landing_time": 2074.0,
        "wait_time": 0,
        "Landing_success_rate": 0.9039
    },
    {
        "model": 0,
        "sequence": 5,
        "status": 1,
        "fuel": 6818,
        "fault": 0.4301,
        "weapon": 1,
        "pilot_injury": 0.2043,
        "pilot_skill": 0.6915,
        "mission_priority": 0.2911,
        "estimated_landing_time": 476.0,
        "wait_time": 0,
        "Landing_success_rate": 0.9063
    },
    {
        "model": 0,
        "sequence": 12,
        "status": 1,
        "fuel": 5505,
        "fault": 0.5592,
        "weapon": 1,
        "pilot_injury": 0.3629,
        "pilot_skill": 0.5694,
        "mission_priority": 0.2001,
        "estimated_landing_time": 1134.0,
        "wait_time": 0,
        "Landing_success_rate": 0.8502
    },
    {
        "model": 2,
        "sequence": 14,
        "status": 1,
        "fuel": 6020,
        "fault": 0.5335,
        "weapon": 1,
        "pilot_injury": 0.1669,
        "pilot_skill": 0.3865,
        "mission_priority": 0.7901,
        "estimated_landing_time": 1322.0,
        "wait_time": 0,
        "Landing_success_rate": 0.8682
    },
    {
        "model": 2,
        "sequence": 28,
        "status": 1,
        "fuel": 6243,
        "fault": 0.1374,
        "weapon": 1,
        "pilot_injury": 0.0316,
        "pilot_skill": 0.416,
        "mission_priority": 0.282,
        "estimated_landing_time": 2638.0,
        "wait_time": 0,
        "Landing_success_rate": 0.8981
    },
    {
        "model": 0,
        "sequence": 16,
        "status": 1,
        "fuel": 7174,
        "fault": 0.5708,
        "weapon": 1,
        "pilot_injury": 0.1941,
        "pilot_skill": 0.4584,
        "mission_priority": 0.9864,
        "estimated_landing_time": 1510.0,
        "wait_time": 0,
        "Landing_success_rate": 0.9039
    },
    {
        "model": 0,
        "sequence": 7,
        "status": 1,
        "fuel": 6941,
        "fault": 0.4587,
        "weapon": 1,
        "pilot_injury": 0.3711,
        "pilot_skill": 0.9061,
        "mission_priority": 0.9119,
        "estimated_landing_time": 664.0,
        "wait_time": 0,
        "Landing_success_rate": 0.9085
    },
    {
        "model": 1,
        "sequence": 24,
        "status": 1,
        "fuel": 7480,
        "fault": 0.6704,
        "weapon": 1,
        "pilot_injury": 0.428,
        "pilot_skill": 0.9653,
        "mission_priority": 0.2814,
        "estimated_landing_time": 2262.0,
        "wait_time": 0,
        "Landing_success_rate": 0.8989
    },
    {
        "model": 2,
        "sequence": 1,
        "status": 1,
        "fuel": 6706,
        "fault": 0.3248,
        "weapon": 0,
        "pilot_injury": 0.2675,
        "pilot_skill": 0.7911,
        "mission_priority": 0.0498,
        "estimated_landing_time": 100.0,
        "wait_time": 0,
        "Landing_success_rate": 0.9111
    },
    {
        "model": 0,
        "sequence": 15,
        "status": 1,
        "fuel": 5937,
        "fault": 0.2011,
        "weapon": 0,
        "pilot_injury": 0.4269,
        "pilot_skill": 0.4729,
        "mission_priority": 0.5027,
        "estimated_landing_time": 1416.0,
        "wait_time": 0,
        "Landing_success_rate": 0.8762
    },
    {
        "model": 0,
        "sequence": 29,
        "status": 1,
        "fuel": 6154,
        "fault": 0.1132,
        "weapon": 0,
        "pilot_injury": 0.9757,
        "pilot_skill": 0.7628,
        "mission_priority": 0.6878,
        "estimated_landing_time": 2732.0,
        "wait_time": 0,
        "Landing_success_rate": 0.8935
    },
    {
        "model": 1,
        "sequence": 8,
        "status": 1,
        "fuel": 7400,
        "fault": 0.7346,
        "weapon": 1,
        "pilot_injury": 0.0588,
        "pilot_skill": 0.4777,
        "mission_priority": 0.6683,
        "estimated_landing_time": 758.0,
        "wait_time": 0,
        "Landing_success_rate": 0.8878
    },
    {
        "model": 1,
        "sequence": 30,
        "status": 1,
        "fuel": 5564,
        "fault": 0.0727,
        "weapon": 0,
        "pilot_injury": 0.3824,
        "pilot_skill": 0.6278,
        "mission_priority": 0.8879,
        "estimated_landing_time": 2826.0,
        "wait_time": 0,
        "Landing_success_rate": 0.8545
    },
    {
        "model": 0,
        "sequence": 18,
        "status": 1,
        "fuel": 6461,
        "fault": 0.4232,
        "weapon": 1,
        "pilot_injury": 0.923,
        "pilot_skill": 0.5502,
        "mission_priority": 0.7996,
        "estimated_landing_time": 1698.0,
        "wait_time": 0,
        "Landing_success_rate": 0.8916
    },
    {
        "model": 2,
        "sequence": 20,
        "status": 1,
        "fuel": 6305,
        "fault": 0.5605,
        "weapon": 1,
        "pilot_injury": 0.1092,
        "pilot_skill": 0.8217,
        "mission_priority": 0.8178,
        "estimated_landing_time": 1886.0,
        "wait_time": 0,
        "Landing_success_rate": 0.8765
    }
]