[
    {
        "model": 1,
        "sequence": 4,
        "status": 1,
        "fuel": 6464,
        "fault": 0.0617,
        "weapon": 1,
        "pilot_injury": 0.0343,
        "pilot_skill": 0.6574,
        "mission_priority": 0.2543,
        "estimated_landing_time": 382.0,
        "wait_time": 0,
        "Landing_success_rate": 0.9178
    },
    {
        "model": 0,
        "sequence": 17,
        "status": 1,
        "fuel": 7327,
        "fault": 0.5577,
        "weapon": 0,
        "pilot_injury": 0.5577,
        "pilot_skill": 0.2893,
        "mission_priority": 0.9824,
        "estimated_landing_time": 1604.0,
        "wait_time": 0,
        "Landing_success_rate": 0.9106
    },
    {
        "model": 2,
        "sequence": 25,
        "status": 1,
        "fuel": 7427,
        "fault": 0.6312,
        "weapon": 1,
        "pilot_injury": 0.2944,
        "pilot_skill": 0.715,
        "mission_priority": 0.2542,
        "estimated_landing_time": 2356.0,
        "wait_time": 0,
        "Landing_success_rate": 0.9033
    },
    {
        "model": 1,
        "sequence": 11,
        "status": 1,
        "fuel": 6279,
        "fault": 0.3458,
        "weapon": 1,
        "pilot_injury": 0.2541,
        "pilot_skill": 0.0984,
        "mission_priority": 0.4271,
        "estimated_landing_time": 1040.0,
        "wait_time": 0,
        "Landing_success_rate": 0.8882
    },
    {
        "model": 2,
        "sequence": 6,
        "status": 1,
        "fuel": 6605,
        "fault": 0.9175,
        "weapon": 1,
        "pilot_injury": 0.4373,
        "pilot_skill": 0.2983,
        "mission_priority": 0.363,
        "estimated_landing_time": 570.0,
        "wait_time": 0,
        "Landing_success_rate": 0.8568
    },
    {
        "model": 1,
        "sequence": 20,
        "status": 1,
        "fuel": 5578,
        "fault": 0.4343,
        "weapon": 1,
        "pilot_injury": 0.6504,
        "pilot_skill": 0.9722,
        "mission_priority": 0.6165,
        "estimated_landing_time": 1886.0,
        "wait_time": 0,
        "Landing_success_rate": 0.8533
    },
    {
        "model": 0,
        "sequence": 26,
        "status": 1,
        "fuel": 6570,
        "fault": 0.6246,
        "weapon": 0,
        "pilot_injury": 0.6959,
        "pilot_skill": 0.6943,
        "mission_priority": 0.3681,
        "estimated_landing_time": 2450.0,
        "wait_time": 0,
        "Landing_success_rate": 0.8801
    },
    {
        "model": 1,
        "sequence": 15,
        "status": 1,
        "fuel": 6538,
        "fault": 0.3312,
        "weapon": 0,
        "pilot_injury": 0.9804,
        "pilot_skill": 0.9081,
        "mission_priority": 0.8239,
        "estimated_landing_time": 1416.0,
        "wait_time": 0,
        "Landing_success_rate": 0.9021
    },
    {
        "model": 0,
        "sequence": 30,
        "status": 1,
        "fuel": 6639,
        "fault": 0.1624,
        "weapon": 1,
        "pilot_injury": 0.5733,
        "pilot_skill": 0.5216,
        "mission_priority": 0.7636,
        "estimated_landing_time": 2826.0,
        "wait_time": 0,
        "Landing_success_rate": 0.9216
    },
    {
        "model": 1,
        "sequence": 12,
        "status": 1,
        "fuel": 6341,
        "fault": 0.6534,
        "weapon": 1,
        "pilot_injury": 0.4856,
        "pilot_skill": 0.3936,
        "mission_priority": 0.7662,
        "estimated_landing_time": 1134.0,
        "wait_time": 0,
        "Landing_success_rate": 0.8719
    },
    {
        "model": 0,
        "sequence": 19,
        "status": 1,
        "fuel": 5760,
        "fault": 0.5974,
        "weapon": 1,
        "pilot_injury": 0.4889,
        "pilot_skill": 0.7319,
        "mission_priority": 0.05,
        "estimated_landing_time": 1792.0,
        "wait_time": 0,
        "Landing_success_rate": 0.8579
    },
    {
        "model": 1,
        "sequence": 13,
        "status": 1,
        "fuel": 5709,
        "fault": 0.3378,
        "weapon": 1,
        "pilot_injury": 0.5428,
        "pilot_skill": 0.7787,
        "mission_priority": 0.8364,
        "estimated_landing_time": 1228.0,
        "wait_time": 0,
        "Landing_success_rate": 0.8604
    },
    {
        "model": 1,
        "sequence": 10,
        "status": 1,
        "fuel": 6989,
        "fault": 0.1064,
        "weapon": 1,
        "pilot_injury": 0.8377,
        "pilot_skill": 0.8597,
        "mission_priority": 0.1236,
        "estimated_landing_time": 946.0,
        "wait_time": 0,
        "Landing_success_rate": 0.9498
    },
    {
        "model": 1,
        "sequence": 2,
        "status": 1,
        "fuel": 7238,
        "fault": 0.3271,
        "weapon": 0,
        "pilot_injury": 0.6672,
        "pilot_skill": 0.7093,
        "mission_priority": 0.2797,
        "estimated_landing_time": 194.0,
        "wait_time": 0,
        "Landing_success_rate": 0.9377
    },
    {
        "model": 2,
        "sequence": 21,
        "status": 1,
        "fuel": 6454,
        "fault": 0.9677,
        "weapon": 0,
        "pilot_injury": 0.1751,
        "pilot_skill": 0.8584,
        "mission_priority": 0.2229,
        "estimated_landing_time": 1980.0,
        "wait_time": 0,
        "Landing_success_rate": 0.8523
    },
    {
        "model": 2,
        "sequence": 16,
        "status": 1,
        "fuel": 5553,
        "fault": 0.5468,
        "weapon": 0,
        "pilot_injury": 0.2453,
        "pilot_skill": 0.9789,
        "mission_priority": 0.2533,
        "estimated_landing_time": 1510.0,
        "wait_time": 0,
        "Landing_success_rate": 0.8518
    },
    {
        "model": 1,
        "sequence": 5,
        "status": 1,
        "fuel": 7322,
        "fault": 0.9568,
        "weapon": 0,
        "pilot_injury": 0.042,
        "pilot_skill": 0.8816,
        "mission_priority": 0.1529,
        "estimated_landing_time": 476.0,
        "wait_time": 0,
        "Landing_success_rate": 0.8559
    },
    {
        "model": 2,
        "sequence": 23,
        "status": 1,
        "fuel": 6117,
        "fault": 0.1806,
        "weapon": 1,
        "pilot_injury": 0.6296,
        "pilot_skill": 0.7334,
        "mission_priority": 0.9312,
        "estimated_landing_time": 2168.0,
        "wait_time": 0,
        "Landing_success_rate": 0.8879
    },
    {
        "model": 2,
        "sequence": 27,
        "status": 1,
        "fuel": 5702,
        "fault": 0.0275,
        "weapon": 1,
        "pilot_injury": 0.3699,
        "pilot_skill": 0.3215,
        "mission_priority": 0.8867,
        "estimated_landing_time": 2544.0,
        "wait_time": 0,
        "Landing_success_rate": 0.8647
    },
    {
        "model": 1,
        "sequence": 3,
        "status": 1,
        "fuel": 6552,
        "fault": 0.498,
        "weapon": 1,
        "pilot_injury": 0.1523,
        "pilot_skill": 0.8611,
        "mission_priority": 0.6083,
        "estimated_landing_time": 288.0,
        "wait_time": 0,
        "Landing_success_rate": 0.8896
    },
    {
        "model": 1,
        "sequence": 28,
        "status": 1,
        "fuel": 7215,
        "fault": 0.7053,
        "weapon": 1,
        "pilot_injury": 0.0662,
        "pilot_skill": 0.1901,
        "mission_priority": 0.5458,
        "estimated_landing_time": 2638.0,
        "wait_time": 0,
        "Landing_success_rate": 0.8879
    },
    {
        "model": 1,
        "sequence": 29,
        "status": 1,
        "fuel": 7394,
        "fault": 0.8293,
        "weapon": 1,
        "pilot_injury": 0.9821,
        "pilot_skill": 0.4124,
        "mission_priority": 0.7085,
        "estimated_landing_time": 2732.0,
        "wait_time": 0,
        "Landing_success_rate": 0.8742
    },
    {
        "model": 2,
        "sequence": 24,
        "status": 1,
        "fuel": 6026,
        "fault": 0.9158,
        "weapon": 0,
        "pilot_injury": 0.8312,
        "pilot_skill": 0.8486,
        "mission_priority": 0.1353,
        "estimated_landing_time": 2262.0,
        "wait_time": 0,
        "Landing_success_rate": 0.8533
    },
    {
        "model": 2,
        "sequence": 8,
        "status": 1,
        "fuel": 7226,
        "fault": 0.4403,
        "weapon": 1,
        "pilot_injury": 0.8903,
        "pilot_skill": 0.7539,
        "mission_priority": 0.5633,
        "estimated_landing_time": 758.0,
        "wait_time": 0,
        "Landing_success_rate": 0.9225
    },
    {
        "model": 2,
        "sequence": 7,
        "status": 1,
        "fuel": 5679,
        "fault": 0.6254,
        "weapon": 0,
        "pilot_injury": 0.3033,
        "pilot_skill": 0.0137,
        "mission_priority": 0.0264,
        "estimated_landing_time": 664.0,
        "wait_time": 0,
        "Landing_success_rate": 0.855
    },
    {
        "model": 1,
        "sequence": 14,
        "status": 1,
        "fuel": 6254,
        "fault": 0.975,
        "weapon": 1,
        "pilot_injury": 0.5709,
        "pilot_skill": 0.9811,
        "mission_priority": 0.4199,
        "estimated_landing_time": 1322.0,
        "wait_time": 0,
        "Landing_success_rate": 0.8514
    },
    {
        "model": 2,
        "sequence": 9,
        "status": 1,
        "fuel": 6928,
        "fault": 0.4347,
        "weapon": 0,
        "pilot_injury": 0.8014,
        "pilot_skill": 0.4433,
        "mission_priority": 0.5499,
        "estimated_landing_time": 852.0,
        "wait_time": 0,
        "Landing_success_rate": 0.9105
    },
    {
        "model": 2,
        "sequence": 1,
        "status": 1,
        "fuel": 7456,
        "fault": 0.232,
        "weapon": 0,
        "pilot_injury": 0.3829,
        "pilot_skill": 0.3111,
        "mission_priority": 0.6273,
        "estimated_landing_time": 100.0,
        "wait_time": 0,
        "Landing_success_rate": 0.9627
    },
    {
        "model": 0,
        "sequence": 22,
        "status": 1,
        "fuel": 6569,
        "fault": 0.348,
        "weapon": 1,
        "pilot_injury": 0.7109,
        "pilot_skill": 0.8533,
        "mission_priority": 0.4348,
        "estimated_landing_time": 2074.0,
        "wait_time": 0,
        "Landing_success_rate": 0.9023
    },
    {
        "model": 0,
        "sequence": 18,
        "status": 1,
        "fuel": 7129,
        "fault": 0.7526,
        "weapon": 0,
        "pilot_injury": 0.2249,
        "pilot_skill": 0.415,
        "mission_priority": 0.8115,
        "estimated_landing_time": 1698.0,
        "wait_time": 0,
        "Landing_success_rate": 0.8802
    }
]