[
    {
        "model": 2,
        "sequence": 25,
        "status": 1,
        "fuel": 6442,
        "fault": 0.6291,
        "weapon": 0,
        "pilot_injury": 0.2431,
        "pilot_skill": 0.2992,
        "mission_priority": 0.344,
        "estimated_landing_time": 2356.0,
        "wait_time": 0,
        "Landing_success_rate": 0.8762
    },
    {
        "model": 0,
        "sequence": 13,
        "status": 1,
        "fuel": 6696,
        "fault": 0.0451,
        "weapon": 1,
        "pilot_injury": 0.2845,
        "pilot_skill": 0.541,
        "mission_priority": 0.463,
        "estimated_landing_time": 1228.0,
        "wait_time": 0,
        "Landing_success_rate": 0.9357
    },
    {
        "model": 2,
        "sequence": 16,
        "status": 1,
        "fuel": 7311,
        "fault": 0.581,
        "weapon": 0,
        "pilot_injury": 0.0919,
        "pilot_skill": 0.541,
        "mission_priority": 0.1845,
        "estimated_landing_time": 1510.0,
        "wait_time": 0,
        "Landing_success_rate": 0.9069
    },
    {
        "model": 1,
        "sequence": 1,
        "status": 1,
        "fuel": 5607,
        "fault": 0.9512,
        "weapon": 1,
        "pilot_injury": 0.881,
        "pilot_skill": 0.3274,
        "mission_priority": 0.7749,
        "estimated_landing_time": 100.0,
        "wait_time": 0,
        "Landing_success_rate": 0.8504
    },
    {
        "model": 0,
        "sequence": 14,
        "status": 1,
        "fuel": 6534,
        "fault": 0.1969,
        "weapon": 0,
        "pilot_injury": 0.5248,
        "pilot_skill": 0.9833,
        "mission_priority": 0.6559,
        "estimated_landing_time": 1322.0,
        "wait_time": 0,
        "Landing_success_rate": 0.9123
    },
    {
        "model": 1,
        "sequence": 9,
        "status": 1,
        "fuel": 7196,
        "fault": 0.1572,
        "weapon": 1,
        "pilot_injury": 0.4687,
        "pilot_skill": 0.1527,
        "mission_priority": 0.7914,
        "estimated_landing_time": 852.0,
        "wait_time": 0,
        "Landing_success_rate": 0.9572
    },
    {
        "model": 2,
        "sequence": 28,
        "status": 1,
        "fuel": 5549,
        "fault": 0.0334,
        "weapon": 0,
        "pilot_injury": 0.8273,
        "pilot_skill": 0.3201,
        "mission_priority": 0.2563,
        "estimated_landing_time": 2638.0,
        "wait_time": 0,
        "Landing_success_rate": 0.8536
    },
    {
        "model": 0,
        "sequence": 19,
        "status": 1,
        "fuel": 5523,
        "fault": 0.4849,
        "weapon": 0,
        "pilot_injury": 0.0699,
        "pilot_skill": 0.1816,
        "mission_priority": 0.1514,
        "estimated_landing_time": 1792.0,
        "wait_time": 0,
        "Landing_success_rate": 0.8509
    },
    {
        "model": 0,
        "sequence": 4,
        "status": 1,
        "fuel": 6952,
        "fault": 0.5987,
        "weapon": 1,
        "pilot_injury": 0.2077,
        "pilot_skill": 0.5454,
        "mission_priority": 0.1331,
        "estimated_landing_time": 382.0,
        "wait_time": 0,
        "Landing_success_rate": 0.8937
    },
    {
        "model": 0,
        "sequence": 11,
        "status": 1,
        "fuel": 7013,
        "fault": 0.0426,
        "weapon": 1,
        "pilot_injury": 0.6971,
        "pilot_skill": 0.3069,
        "mission_priority": 0.8774,
        "estimated_landing_time": 1040.0,
        "wait_time": 0,
        "Landing_success_rate": 0.9586
    },
    {
        "model": 2,
        "sequence": 21,
        "status": 1,
        "fuel": 6076,
        "fault": 0.3189,
        "weapon": 1,
        "pilot_injury": 0.3685,
        "pilot_skill": 0.7521,
        "mission_priority": 0.3716,
        "estimated_landing_time": 1980.0,
        "wait_time": 0,
        "Landing_success_rate": 0.8794
    },
    {
        "model": 0,
        "sequence": 12,
        "status": 1,
        "fuel": 7067,
        "fault": 0.2924,
        "weapon": 1,
        "pilot_injury": 0.7453,
        "pilot_skill": 0.5364,
        "mission_priority": 0.7163,
        "estimated_landing_time": 1134.0,
        "wait_time": 0,
        "Landing_success_rate": 0.9332
    },
    {
        "model": 0,
        "sequence": 17,
        "status": 1,
        "fuel": 5764,
        "fault": 0.2632,
        "weapon": 0,
        "pilot_injury": 0.585,
        "pilot_skill": 0.1962,
        "mission_priority": 0.8908,
        "estimated_landing_time": 1604.0,
        "wait_time": 0,
        "Landing_success_rate": 0.8646
    },
    {
        "model": 0,
        "sequence": 26,
        "status": 1,
        "fuel": 5571,
        "fault": 0.3693,
        "weapon": 1,
        "pilot_injury": 0.569,
        "pilot_skill": 0.6757,
        "mission_priority": 0.8636,
        "estimated_landing_time": 2450.0,
        "wait_time": 0,
        "Landing_success_rate": 0.8534
    },
    {
        "model": 0,
        "sequence": 18,
        "status": 1,
        "fuel": 5550,
        "fault": 0.106,
        "weapon": 0,
        "pilot_injury": 0.2712,
        "pilot_skill": 0.057,
        "mission_priority": 0.2376,
        "estimated_landing_time": 1698.0,
        "wait_time": 0,
        "Landing_success_rate": 0.8534
    },
    {
        "model": 2,
        "sequence": 24,
        "status": 1,
        "fuel": 5874,
        "fault": 0.0478,
        "weapon": 1,
        "pilot_injury": 0.1983,
        "pilot_skill": 0.3558,
        "mission_priority": 0.677,
        "estimated_landing_time": 2262.0,
        "wait_time": 0,
        "Landing_success_rate": 0.8767
    },
    {
        "model": 0,
        "sequence": 5,
        "status": 1,
        "fuel": 5990,
        "fault": 0.2575,
        "weapon": 0,
        "pilot_injury": 0.8848,
        "pilot_skill": 0.1473,
        "mission_priority": 0.1814,
        "estimated_landing_time": 476.0,
        "wait_time": 0,
        "Landing_success_rate": 0.8773
    },
    {
        "model": 0,
        "sequence": 3,
        "status": 1,
        "fuel": 7074,
        "fault": 0.3397,
        "weapon": 1,
        "pilot_injury": 0.7921,
        "pilot_skill": 0.2229,
        "mission_priority": 0.3486,
        "estimated_landing_time": 288.0,
        "wait_time": 0,
        "Landing_success_rate": 0.9279
    },
    {
        "model": 2,
        "sequence": 29,
        "status": 1,
        "fuel": 6976,
        "fault": 0.1964,
        "weapon": 0,
        "pilot_injury": 0.9564,
        "pilot_skill": 0.8575,
        "mission_priority": 0.4372,
        "estimated_landing_time": 2732.0,
        "wait_time": 0,
        "Landing_success_rate": 0.939
    },
    {
        "model": 0,
        "sequence": 22,
        "status": 1,
        "fuel": 6179,
        "fault": 0.8715,
        "weapon": 0,
        "pilot_injury": 0.6376,
        "pilot_skill": 0.4315,
        "mission_priority": 0.4216,
        "estimated_landing_time": 2074.0,
        "wait_time": 0,
        "Landing_success_rate": 0.8565
    },
    {
        "model": 1,
        "sequence": 10,
        "status": 1,
        "fuel": 6513,
        "fault": 0.7929,
        "weapon": 0,
        "pilot_injury": 0.7868,
        "pilot_skill": 0.8705,
        "mission_priority": 0.243,
        "estimated_landing_time": 946.0,
        "wait_time": 0,
        "Landing_success_rate": 0.8657
    },
    {
        "model": 0,
        "sequence": 15,
        "status": 1,
        "fuel": 6345,
        "fault": 0.605,
        "weapon": 1,
        "pilot_injury": 0.4204,
        "pilot_skill": 0.7019,
        "mission_priority": 0.7579,
        "estimated_landing_time": 1416.0,
        "wait_time": 0,
        "Landing_success_rate": 0.875
    },
    {
        "model": 0,
        "sequence": 2,
        "status": 1,
        "fuel": 5809,
        "fault": 0.7923,
        "weapon": 1,
        "pilot_injury": 0.4025,
        "pilot_skill": 0.5421,
        "mission_priority": 0.8203,
        "estimated_landing_time": 194.0,
        "wait_time": 0,
        "Landing_success_rate": 0.8548
    },
    {
        "model": 1,
        "sequence": 8,
        "status": 1,
        "fuel": 5671,
        "fault": 0.0191,
        "weapon": 0,
        "pilot_injury": 0.6481,
        "pilot_skill": 0.4645,
        "mission_priority": 0.7591,
        "estimated_landing_time": 758.0,
        "wait_time": 0,
        "Landing_success_rate": 0.8626
    },
    {
        "model": 2,
        "sequence": 20,
        "status": 1,
        "fuel": 6634,
        "fault": 0.2658,
        "weapon": 1,
        "pilot_injury": 0.8066,
        "pilot_skill": 0.3025,
        "mission_priority": 0.8434,
        "estimated_landing_time": 1886.0,
        "wait_time": 0,
        "Landing_success_rate": 0.9124
    },
    {
        "model": 0,
        "sequence": 27,
        "status": 1,
        "fuel": 5884,
        "fault": 0.672,
        "weapon": 0,
        "pilot_injury": 0.2521,
        "pilot_skill": 0.8611,
        "mission_priority": 0.03,
        "estimated_landing_time": 2544.0,
        "wait_time": 0,
        "Landing_success_rate": 0.8594
    },
    {
        "model": 1,
        "sequence": 30,
        "status": 1,
        "fuel": 6165,
        "fault": 0.3747,
        "weapon": 0,
        "pilot_injury": 0.4854,
        "pilot_skill": 0.1029,
        "mission_priority": 0.834,
        "estimated_landing_time": 2826.0,
        "wait_time": 0,
        "Landing_success_rate": 0.8812
    },
    {
        "model": 2,
        "sequence": 6,
        "status": 1,
        "fuel": 7281,
        "fault": 0.4569,
        "weapon": 0,
        "pilot_injury": 0.7872,
        "pilot_skill": 0.6107,
        "mission_priority": 0.5733,
        "estimated_landing_time": 570.0,
        "wait_time": 0,
        "Landing_success_rate": 0.9225
    },
    {
        "model": 2,
        "sequence": 23,
        "status": 1,
        "fuel": 7050,
        "fault": 0.5529,
        "weapon": 1,
        "pilot_injury": 0.6788,
        "pilot_skill": 0.4545,
        "mission_priority": 0.6178,
        "estimated_landing_time": 2168.0,
        "wait_time": 0,
        "Landing_success_rate": 0.902
    },
    {
        "model": 1,
        "sequence": 7,
        "status": 1,
        "fuel": 7183,
        "fault": 0.4497,
        "weapon": 1,
        "pilot_injury": 0.8285,
        "pilot_skill": 0.029,
        "mission_priority": 0.8527,
        "estimated_landing_time": 664.0,
        "wait_time": 0,
        "Landing_success_rate": 0.9195
    }
]