[
    {
        "model": 2,
        "sequence": 12,
        "status": 1,
        "fuel": 6530,
        "fault": 0.5037,
        "weapon": 1,
        "pilot_injury": 0.3677,
        "pilot_skill": 0.7031,
        "mission_priority": 0.4949,
        "estimated_landing_time": 1134.0,
        "wait_time": 0,
        "Landing_success_rate": 0.8883
    },
    {
        "model": 2,
        "sequence": 11,
        "status": 1,
        "fuel": 7300,
        "fault": 0.2349,
        "weapon": 1,
        "pilot_injury": 0.9015,
        "pilot_skill": 0.5115,
        "mission_priority": 0.7979,
        "estimated_landing_time": 1040.0,
        "wait_time": 0,
        "Landing_success_rate": 0.9533
    },
    {
        "model": 2,
        "sequence": 26,
        "status": 1,
        "fuel": 5635,
        "fault": 0.4282,
        "weapon": 1,
        "pilot_injury": 0.169,
        "pilot_skill": 0.7365,
        "mission_priority": 0.7866,
        "estimated_landing_time": 2450.0,
        "wait_time": 0,
        "Landing_success_rate": 0.8558
    },
    {
        "model": 2,
        "sequence": 4,
        "status": 1,
        "fuel": 7171,
        "fault": 0.7799,
        "weapon": 0,
        "pilot_injury": 0.4629,
        "pilot_skill": 0.6374,
        "mission_priority": 0.6375,
        "estimated_landing_time": 382.0,
        "wait_time": 0,
        "Landing_success_rate": 0.8776
    },
    {
        "model": 1,
        "sequence": 23,
        "status": 1,
        "fuel": 5916,
        "fault": 0.8957,
        "weapon": 0,
        "pilot_injury": 0.5058,
        "pilot_skill": 0.5749,
        "mission_priority": 0.0084,
        "estimated_landing_time": 2168.0,
        "wait_time": 0,
        "Landing_success_rate": 0.8533
    },
    {
        "model": 0,
        "sequence": 18,
        "status": 1,
        "fuel": 5521,
        "fault": 0.1542,
        "weapon": 0,
        "pilot_injury": 0.7456,
        "pilot_skill": 0.8089,
        "mission_priority": 0.7289,
        "estimated_landing_time": 1698.0,
        "wait_time": 0,
        "Landing_success_rate": 0.8513
    },
    {
        "model": 1,
        "sequence": 21,
        "status": 1,
        "fuel": 6398,
        "fault": 0.4124,
        "weapon": 1,
        "pilot_injury": 0.4447,
        "pilot_skill": 0.0093,
        "mission_priority": 0.598,
        "estimated_landing_time": 1980.0,
        "wait_time": 0,
        "Landing_success_rate": 0.8896
    },
    {
        "model": 1,
        "sequence": 8,
        "status": 1,
        "fuel": 5778,
        "fault": 0.4536,
        "weapon": 0,
        "pilot_injury": 0.626,
        "pilot_skill": 0.0133,
        "mission_priority": 0.5736,
        "estimated_landing_time": 758.0,
        "wait_time": 0,
        "Landing_success_rate": 0.8614
    },
    {
        "model": 2,
        "sequence": 19,
        "status": 1,
        "fuel": 5654,
        "fault": 0.9206,
        "weapon": 0,
        "pilot_injury": 0.068,
        "pilot_skill": 0.0029,
        "mission_priority": 0.7669,
        "estimated_landing_time": 1792.0,
        "wait_time": 0,
        "Landing_success_rate": 0.8509
    },
    {
        "model": 1,
        "sequence": 10,
        "status": 1,
        "fuel": 5641,
        "fault": 0.6637,
        "weapon": 0,
        "pilot_injury": 0.185,
        "pilot_skill": 0.5855,
        "mission_priority": 0.1094,
        "estimated_landing_time": 946.0,
        "wait_time": 0,
        "Landing_success_rate": 0.8536
    },
    {
        "model": 1,
        "sequence": 14,
        "status": 1,
        "fuel": 6404,
        "fault": 0.8068,
        "weapon": 1,
        "pilot_injury": 0.6083,
        "pilot_skill": 0.6896,
        "mission_priority": 0.226,
        "estimated_landing_time": 1322.0,
        "wait_time": 0,
        "Landing_success_rate": 0.8631
    },
    {
        "model": 2,
        "sequence": 24,
        "status": 1,
        "fuel": 7439,
        "fault": 0.0417,
        "weapon": 1,
        "pilot_injury": 0.1059,
        "pilot_skill": 0.0156,
        "mission_priority": 0.0159,
        "estimated_landing_time": 2262.0,
        "wait_time": 0,
        "Landing_success_rate": 0.9894
    },
    {
        "model": 1,
        "sequence": 5,
        "status": 1,
        "fuel": 7374,
        "fault": 0.398,
        "weapon": 0,
        "pilot_injury": 0.3584,
        "pilot_skill": 0.2982,
        "mission_priority": 0.4165,
        "estimated_landing_time": 476.0,
        "wait_time": 0,
        "Landing_success_rate": 0.9346
    },
    {
        "model": 1,
        "sequence": 30,
        "status": 1,
        "fuel": 7233,
        "fault": 0.9475,
        "weapon": 0,
        "pilot_injury": 0.0918,
        "pilot_skill": 0.1086,
        "mission_priority": 0.5992,
        "estimated_landing_time": 2826.0,
        "wait_time": 0,
        "Landing_success_rate": 0.8568
    },
    {
        "model": 0,
        "sequence": 27,
        "status": 1,
        "fuel": 6379,
        "fault": 0.0219,
        "weapon": 1,
        "pilot_injury": 0.4637,
        "pilot_skill": 0.5035,
        "mission_priority": 0.9282,
        "estimated_landing_time": 2544.0,
        "wait_time": 0,
        "Landing_success_rate": 0.9145
    },
    {
        "model": 2,
        "sequence": 7,
        "status": 1,
        "fuel": 7317,
        "fault": 0.3266,
        "weapon": 0,
        "pilot_injury": 0.3632,
        "pilot_skill": 0.7104,
        "mission_priority": 0.3922,
        "estimated_landing_time": 664.0,
        "wait_time": 0,
        "Landing_success_rate": 0.9418
    },
    {
        "model": 2,
        "sequence": 29,
        "status": 1,
        "fuel": 5547,
        "fault": 0.0431,
        "weapon": 0,
        "pilot_injury": 0.5287,
        "pilot_skill": 0.827,
        "mission_priority": 0.4137,
        "estimated_landing_time": 2732.0,
        "wait_time": 0,
        "Landing_success_rate": 0.8534
    },
    {
        "model": 1,
        "sequence": 13,
        "status": 1,
        "fuel": 5762,
        "fault": 0.3872,
        "weapon": 0,
        "pilot_injury": 0.9375,
        "pilot_skill": 0.6932,
        "mission_priority": 0.3084,
        "estimated_landing_time": 1228.0,
        "wait_time": 0,
        "Landing_success_rate": 0.862
    },
    {
        "model": 2,
        "sequence": 16,
        "status": 1,
        "fuel": 6402,
        "fault": 0.1858,
        "weapon": 0,
        "pilot_injury": 0.9833,
        "pilot_skill": 0.192,
        "mission_priority": 0.9996,
        "estimated_landing_time": 1510.0,
        "wait_time": 0,
        "Landing_success_rate": 0.9051
    },
    {
        "model": 0,
        "sequence": 6,
        "status": 1,
        "fuel": 6888,
        "fault": 0.8731,
        "weapon": 1,
        "pilot_injury": 0.7404,
        "pilot_skill": 0.6796,
        "mission_priority": 0.7776,
        "estimated_landing_time": 570.0,
        "wait_time": 0,
        "Landing_success_rate": 0.8632
    },
    {
        "model": 1,
        "sequence": 2,
        "status": 1,
        "fuel": 6311,
        "fault": 0.4235,
        "weapon": 1,
        "pilot_injury": 0.3578,
        "pilot_skill": 0.6423,
        "mission_priority": 0.6462,
        "estimated_landing_time": 194.0,
        "wait_time": 0,
        "Landing_success_rate": 0.8851
    },
    {
        "model": 0,
        "sequence": 9,
        "status": 1,
        "fuel": 5765,
        "fault": 0.6927,
        "weapon": 0,
        "pilot_injury": 0.4867,
        "pilot_skill": 0.7286,
        "mission_priority": 0.8528,
        "estimated_landing_time": 852.0,
        "wait_time": 0,
        "Landing_success_rate": 0.8561
    },
    {
        "model": 1,
        "sequence": 17,
        "status": 1,
        "fuel": 7281,
        "fault": 0.8105,
        "weapon": 1,
        "pilot_injury": 0.9277,
        "pilot_skill": 0.0079,
        "mission_priority": 0.5064,
        "estimated_landing_time": 1604.0,
        "wait_time": 0,
        "Landing_success_rate": 0.8753
    },
    {
        "model": 1,
        "sequence": 1,
        "status": 1,
        "fuel": 7071,
        "fault": 0.1279,
        "weapon": 0,
        "pilot_injury": 0.6158,
        "pilot_skill": 0.5034,
        "mission_priority": 0.2938,
        "estimated_landing_time": 100.0,
        "wait_time": 0,
        "Landing_success_rate": 0.9528
    },
    {
        "model": 2,
        "sequence": 15,
        "status": 1,
        "fuel": 6815,
        "fault": 0.2701,
        "weapon": 1,
        "pilot_injury": 0.7403,
        "pilot_skill": 0.2411,
        "mission_priority": 0.8297,
        "estimated_landing_time": 1416.0,
        "wait_time": 0,
        "Landing_success_rate": 0.922
    },
    {
        "model": 2,
        "sequence": 3,
        "status": 1,
        "fuel": 6367,
        "fault": 0.8938,
        "weapon": 1,
        "pilot_injury": 0.8685,
        "pilot_skill": 0.2143,
        "mission_priority": 0.1896,
        "estimated_landing_time": 288.0,
        "wait_time": 0,
        "Landing_success_rate": 0.8569
    },
    {
        "model": 1,
        "sequence": 25,
        "status": 1,
        "fuel": 5529,
        "fault": 0.9066,
        "weapon": 1,
        "pilot_injury": 0.1905,
        "pilot_skill": 0.1658,
        "mission_priority": 0.8617,
        "estimated_landing_time": 2356.0,
        "wait_time": 0,
        "Landing_success_rate": 0.8502
    },
    {
        "model": 0,
        "sequence": 28,
        "status": 1,
        "fuel": 5833,
        "fault": 0.8592,
        "weapon": 0,
        "pilot_injury": 0.8869,
        "pilot_skill": 0.4439,
        "mission_priority": 0.9894,
        "estimated_landing_time": 2638.0,
        "wait_time": 0,
        "Landing_success_rate": 0.8535
    },
    {
        "model": 1,
        "sequence": 20,
        "status": 1,
        "fuel": 5982,
        "fault": 0.0225,
        "weapon": 0,
        "pilot_injury": 0.1731,
        "pilot_skill": 0.4397,
        "mission_priority": 0.1765,
        "estimated_landing_time": 1886.0,
        "wait_time": 0,
        "Landing_success_rate": 0.8853
    },
    {
        "model": 1,
        "sequence": 22,
        "status": 1,
        "fuel": 6103,
        "fault": 0.4035,
        "weapon": 1,
        "pilot_injury": 0.2831,
        "pilot_skill": 0.9698,
        "mission_priority": 0.0384,
        "estimated_landing_time": 2074.0,
        "wait_time": 0,
        "Landing_success_rate": 0.877
    }
]