[
    {
        "model": 0,
        "sequence": 19,
        "status": 1,
        "fuel": 6638,
        "fault": 0.1685,
        "weapon": 1,
        "pilot_injury": 0.3808,
        "pilot_skill": 0.5154,
        "mission_priority": 0.1353,
        "estimated_landing_time": 1792.0,
        "wait_time": 0,
        "Landing_success_rate": 0.921
    },
    {
        "model": 1,
        "sequence": 6,
        "status": 1,
        "fuel": 6598,
        "fault": 0.3616,
        "weapon": 1,
        "pilot_injury": 0.4832,
        "pilot_skill": 0.21,
        "mission_priority": 0.0584,
        "estimated_landing_time": 570.0,
        "wait_time": 0,
        "Landing_success_rate": 0.9026
    },
    {
        "model": 0,
        "sequence": 24,
        "status": 1,
        "fuel": 5996,
        "fault": 0.2313,
        "weapon": 1,
        "pilot_injury": 0.7496,
        "pilot_skill": 0.254,
        "mission_priority": 0.4934,
        "estimated_landing_time": 2262.0,
        "wait_time": 0,
        "Landing_success_rate": 0.8786
    },
    {
        "model": 2,
        "sequence": 25,
        "status": 1,
        "fuel": 6520,
        "fault": 0.3398,
        "weapon": 1,
        "pilot_injury": 0.0995,
        "pilot_skill": 0.7946,
        "mission_priority": 0.0567,
        "estimated_landing_time": 2356.0,
        "wait_time": 0,
        "Landing_success_rate": 0.9005
    },
    {
        "model": 1,
        "sequence": 23,
        "status": 1,
        "fuel": 6252,
        "fault": 0.5751,
        "weapon": 1,
        "pilot_injury": 0.9425,
        "pilot_skill": 0.0866,
        "mission_priority": 0.2789,
        "estimated_landing_time": 2168.0,
        "wait_time": 0,
        "Landing_success_rate": 0.874
    },
    {
        "model": 1,
        "sequence": 28,
        "status": 1,
        "fuel": 7405,
        "fault": 0.5616,
        "weapon": 1,
        "pilot_injury": 0.9492,
        "pilot_skill": 0.3892,
        "mission_priority": 0.0033,
        "estimated_landing_time": 2638.0,
        "wait_time": 0,
        "Landing_success_rate": 0.9126
    },
    {
        "model": 2,
        "sequence": 26,
        "status": 1,
        "fuel": 6747,
        "fault": 0.8675,
        "weapon": 1,
        "pilot_injury": 0.7521,
        "pilot_skill": 0.7906,
        "mission_priority": 0.9115,
        "estimated_landing_time": 2450.0,
        "wait_time": 0,
        "Landing_success_rate": 0.8624
    },
    {
        "model": 0,
        "sequence": 9,
        "status": 1,
        "fuel": 5784,
        "fault": 0.42,
        "weapon": 1,
        "pilot_injury": 0.8271,
        "pilot_skill": 0.8363,
        "mission_priority": 0.4115,
        "estimated_landing_time": 852.0,
        "wait_time": 0,
        "Landing_success_rate": 0.8624
    },
    {
        "model": 1,
        "sequence": 3,
        "status": 1,
        "fuel": 6529,
        "fault": 0.9336,
        "weapon": 1,
        "pilot_injury": 0.5975,
        "pilot_skill": 0.282,
        "mission_priority": 0.6832,
        "estimated_landing_time": 288.0,
        "wait_time": 0,
        "Landing_success_rate": 0.8551
    },
    {
        "model": 2,
        "sequence": 21,
        "status": 1,
        "fuel": 5965,
        "fault": 0.2239,
        "weapon": 1,
        "pilot_injury": 0.4436,
        "pilot_skill": 0.4221,
        "mission_priority": 0.749,
        "estimated_landing_time": 1980.0,
        "wait_time": 0,
        "Landing_success_rate": 0.8771
    },
    {
        "model": 0,
        "sequence": 27,
        "status": 1,
        "fuel": 5958,
        "fault": 0.4517,
        "weapon": 1,
        "pilot_injury": 0.6525,
        "pilot_skill": 0.2629,
        "mission_priority": 0.2323,
        "estimated_landing_time": 2544.0,
        "wait_time": 0,
        "Landing_success_rate": 0.8688
    },
    {
        "model": 0,
        "sequence": 16,
        "status": 1,
        "fuel": 7497,
        "fault": 0.6952,
        "weapon": 1,
        "pilot_injury": 0.6911,
        "pilot_skill": 0.9858,
        "mission_priority": 0.309,
        "estimated_landing_time": 1510.0,
        "wait_time": 0,
        "Landing_success_rate": 0.8957
    },
    {
        "model": 0,
        "sequence": 1,
        "status": 1,
        "fuel": 7335,
        "fault": 0.2298,
        "weapon": 1,
        "pilot_injury": 0.2249,
        "pilot_skill": 0.0119,
        "mission_priority": 0.7237,
        "estimated_landing_time": 100.0,
        "wait_time": 0,
        "Landing_success_rate": 0.956
    },
    {
        "model": 1,
        "sequence": 15,
        "status": 1,
        "fuel": 5614,
        "fault": 0.204,
        "weapon": 0,
        "pilot_injury": 0.3327,
        "pilot_skill": 0.898,
        "mission_priority": 0.1572,
        "estimated_landing_time": 1416.0,
        "wait_time": 0,
        "Landing_success_rate": 0.8568
    },
    {
        "model": 2,
        "sequence": 5,
        "status": 1,
        "fuel": 7068,
        "fault": 0.8509,
        "weapon": 0,
        "pilot_injury": 0.4817,
        "pilot_skill": 0.499,
        "mission_priority": 0.4721,
        "estimated_landing_time": 476.0,
        "wait_time": 0,
        "Landing_success_rate": 0.8675
    },
    {
        "model": 1,
        "sequence": 29,
        "status": 1,
        "fuel": 5658,
        "fault": 0.5843,
        "weapon": 0,
        "pilot_injury": 0.7332,
        "pilot_skill": 0.2757,
        "mission_priority": 0.6099,
        "estimated_landing_time": 2732.0,
        "wait_time": 0,
        "Landing_success_rate": 0.8549
    },
    {
        "model": 0,
        "sequence": 20,
        "status": 1,
        "fuel": 5743,
        "fault": 0.2351,
        "weapon": 0,
        "pilot_injury": 0.1672,
        "pilot_skill": 0.6547,
        "mission_priority": 0.6023,
        "estimated_landing_time": 1886.0,
        "wait_time": 0,
        "Landing_success_rate": 0.8639
    },
    {
        "model": 1,
        "sequence": 11,
        "status": 1,
        "fuel": 6280,
        "fault": 0.3765,
        "weapon": 1,
        "pilot_injury": 0.2851,
        "pilot_skill": 0.5371,
        "mission_priority": 0.8036,
        "estimated_landing_time": 1040.0,
        "wait_time": 0,
        "Landing_success_rate": 0.8865
    },
    {
        "model": 0,
        "sequence": 30,
        "status": 1,
        "fuel": 7308,
        "fault": 0.1219,
        "weapon": 1,
        "pilot_injury": 0.4835,
        "pilot_skill": 0.9581,
        "mission_priority": 0.5639,
        "estimated_landing_time": 2826.0,
        "wait_time": 0,
        "Landing_success_rate": 0.9691
    },
    {
        "model": 0,
        "sequence": 2,
        "status": 1,
        "fuel": 5806,
        "fault": 0.3027,
        "weapon": 1,
        "pilot_injury": 0.1846,
        "pilot_skill": 0.1579,
        "mission_priority": 0.7825,
        "estimated_landing_time": 194.0,
        "wait_time": 0,
        "Landing_success_rate": 0.866
    },
    {
        "model": 2,
        "sequence": 22,
        "status": 1,
        "fuel": 6216,
        "fault": 0.9156,
        "weapon": 1,
        "pilot_injury": 0.7641,
        "pilot_skill": 0.4245,
        "mission_priority": 0.7037,
        "estimated_landing_time": 2074.0,
        "wait_time": 0,
        "Landing_success_rate": 0.8545
    },
    {
        "model": 1,
        "sequence": 13,
        "status": 1,
        "fuel": 5923,
        "fault": 0.6363,
        "weapon": 0,
        "pilot_injury": 0.8813,
        "pilot_skill": 0.406,
        "mission_priority": 0.8934,
        "estimated_landing_time": 1228.0,
        "wait_time": 0,
        "Landing_success_rate": 0.8615
    },
    {
        "model": 2,
        "sequence": 7,
        "status": 1,
        "fuel": 6060,
        "fault": 0.8251,
        "weapon": 1,
        "pilot_injury": 0.9469,
        "pilot_skill": 0.9769,
        "mission_priority": 0.2172,
        "estimated_landing_time": 664.0,
        "wait_time": 0,
        "Landing_success_rate": 0.8573
    },
    {
        "model": 1,
        "sequence": 18,
        "status": 1,
        "fuel": 5835,
        "fault": 0.2753,
        "weapon": 1,
        "pilot_injury": 0.4888,
        "pilot_skill": 0.0927,
        "mission_priority": 0.1407,
        "estimated_landing_time": 1698.0,
        "wait_time": 0,
        "Landing_success_rate": 0.8682
    },
    {
        "model": 1,
        "sequence": 17,
        "status": 1,
        "fuel": 7059,
        "fault": 0.4515,
        "weapon": 1,
        "pilot_injury": 0.8749,
        "pilot_skill": 0.9712,
        "mission_priority": 0.3781,
        "estimated_landing_time": 1604.0,
        "wait_time": 0,
        "Landing_success_rate": 0.9141
    },
    {
        "model": 1,
        "sequence": 10,
        "status": 1,
        "fuel": 5984,
        "fault": 0.4117,
        "weapon": 0,
        "pilot_injury": 0.5517,
        "pilot_skill": 0.2099,
        "mission_priority": 0.1604,
        "estimated_landing_time": 946.0,
        "wait_time": 0,
        "Landing_success_rate": 0.8714
    },
    {
        "model": 0,
        "sequence": 14,
        "status": 1,
        "fuel": 6040,
        "fault": 0.5862,
        "weapon": 1,
        "pilot_injury": 0.9499,
        "pilot_skill": 0.1222,
        "mission_priority": 0.5023,
        "estimated_landing_time": 1322.0,
        "wait_time": 0,
        "Landing_success_rate": 0.8668
    },
    {
        "model": 2,
        "sequence": 4,
        "status": 1,
        "fuel": 6061,
        "fault": 0.6805,
        "weapon": 1,
        "pilot_injury": 0.9118,
        "pilot_skill": 0.1663,
        "mission_priority": 0.0242,
        "estimated_landing_time": 382.0,
        "wait_time": 0,
        "Landing_success_rate": 0.8634
    },
    {
        "model": 2,
        "sequence": 12,
        "status": 1,
        "fuel": 7418,
        "fault": 0.8769,
        "weapon": 0,
        "pilot_injury": 0.2545,
        "pilot_skill": 0.1684,
        "mission_priority": 0.8048,
        "estimated_landing_time": 1134.0,
        "wait_time": 0,
        "Landing_success_rate": 0.8677
    },
    {
        "model": 2,
        "sequence": 8,
        "status": 1,
        "fuel": 7215,
        "fault": 0.8386,
        "weapon": 1,
        "pilot_injury": 0.9545,
        "pilot_skill": 0.6127,
        "mission_priority": 0.4977,
        "estimated_landing_time": 758.0,
        "wait_time": 0,
        "Landing_success_rate": 0.8708
    }
]