[
    {
        "model": 2,
        "sequence": 3,
        "status": 1,
        "fuel": 5565,
        "fault": 0.4702,
        "weapon": 0,
        "pilot_injury": 0.4054,
        "pilot_skill": 0.1253,
        "mission_priority": 0.7404,
        "estimated_landing_time": 288.0,
        "wait_time": 0,
        "Landing_success_rate": 0.8526
    },
    {
        "model": 0,
        "sequence": 15,
        "status": 1,
        "fuel": 5625,
        "fault": 0.0174,
        "weapon": 1,
        "pilot_injury": 0.5897,
        "pilot_skill": 0.6878,
        "mission_priority": 0.8315,
        "estimated_landing_time": 1416.0,
        "wait_time": 0,
        "Landing_success_rate": 0.8592
    },
    {
        "model": 0,
        "sequence": 20,
        "status": 1,
        "fuel": 6467,
        "fault": 0.7071,
        "weapon": 0,
        "pilot_injury": 0.7404,
        "pilot_skill": 0.1991,
        "mission_priority": 0.4725,
        "estimated_landing_time": 1886.0,
        "wait_time": 0,
        "Landing_success_rate": 0.8712
    },
    {
        "model": 1,
        "sequence": 29,
        "status": 1,
        "fuel": 7297,
        "fault": 0.4836,
        "weapon": 1,
        "pilot_injury": 0.7773,
        "pilot_skill": 0.2319,
        "mission_priority": 0.233,
        "estimated_landing_time": 2732.0,
        "wait_time": 0,
        "Landing_success_rate": 0.9196
    },
    {
        "model": 1,
        "sequence": 8,
        "status": 1,
        "fuel": 6634,
        "fault": 0.7879,
        "weapon": 1,
        "pilot_injury": 0.1789,
        "pilot_skill": 0.4112,
        "mission_priority": 0.8258,
        "estimated_landing_time": 758.0,
        "wait_time": 0,
        "Landing_success_rate": 0.868
    },
    {
        "model": 1,
        "sequence": 30,
        "status": 1,
        "fuel": 5871,
        "fault": 0.7166,
        "weapon": 1,
        "pilot_injury": 0.6445,
        "pilot_skill": 0.7711,
        "mission_priority": 0.6527,
        "estimated_landing_time": 2826.0,
        "wait_time": 0,
        "Landing_success_rate": 0.8579
    },
    {
        "model": 0,
        "sequence": 10,
        "status": 1,
        "fuel": 6461,
        "fault": 0.987,
        "weapon": 0,
        "pilot_injury": 0.0415,
        "pilot_skill": 0.4948,
        "mission_priority": 0.5101,
        "estimated_landing_time": 946.0,
        "wait_time": 0,
        "Landing_success_rate": 0.8509
    },
    {
        "model": 1,
        "sequence": 5,
        "status": 1,
        "fuel": 6596,
        "fault": 0.5413,
        "weapon": 1,
        "pilot_injury": 0.2201,
        "pilot_skill": 0.4434,
        "mission_priority": 0.4316,
        "estimated_landing_time": 476.0,
        "wait_time": 0,
        "Landing_success_rate": 0.8877
    },
    {
        "model": 1,
        "sequence": 14,
        "status": 1,
        "fuel": 5716,
        "fault": 0.1201,
        "weapon": 0,
        "pilot_injury": 0.2028,
        "pilot_skill": 0.9915,
        "mission_priority": 0.9403,
        "estimated_landing_time": 1322.0,
        "wait_time": 0,
        "Landing_success_rate": 0.8643
    },
    {
        "model": 2,
        "sequence": 12,
        "status": 1,
        "fuel": 7312,
        "fault": 0.5779,
        "weapon": 1,
        "pilot_injury": 0.5646,
        "pilot_skill": 0.879,
        "mission_priority": 0.9456,
        "estimated_landing_time": 1134.0,
        "wait_time": 0,
        "Landing_success_rate": 0.9074
    },
    {
        "model": 0,
        "sequence": 16,
        "status": 1,
        "fuel": 7459,
        "fault": 0.2787,
        "weapon": 0,
        "pilot_injury": 0.6368,
        "pilot_skill": 0.4648,
        "mission_priority": 0.3664,
        "estimated_landing_time": 1510.0,
        "wait_time": 0,
        "Landing_success_rate": 0.956
    },
    {
        "model": 0,
        "sequence": 25,
        "status": 1,
        "fuel": 7289,
        "fault": 0.5057,
        "weapon": 1,
        "pilot_injury": 0.806,
        "pilot_skill": 0.844,
        "mission_priority": 0.958,
        "estimated_landing_time": 2356.0,
        "wait_time": 0,
        "Landing_success_rate": 0.9163
    },
    {
        "model": 0,
        "sequence": 28,
        "status": 1,
        "fuel": 6098,
        "fault": 0.81,
        "weapon": 0,
        "pilot_injury": 0.6938,
        "pilot_skill": 0.1913,
        "mission_priority": 0.3669,
        "estimated_landing_time": 2638.0,
        "wait_time": 0,
        "Landing_success_rate": 0.8585
    },
    {
        "model": 1,
        "sequence": 1,
        "status": 1,
        "fuel": 6843,
        "fault": 0.703,
        "weapon": 0,
        "pilot_injury": 0.9584,
        "pilot_skill": 0.8218,
        "mission_priority": 0.4728,
        "estimated_landing_time": 100.0,
        "wait_time": 0,
        "Landing_success_rate": 0.8799
    },
    {
        "model": 0,
        "sequence": 27,
        "status": 1,
        "fuel": 7000,
        "fault": 0.8793,
        "weapon": 0,
        "pilot_injury": 0.268,
        "pilot_skill": 0.5219,
        "mission_priority": 0.2451,
        "estimated_landing_time": 2544.0,
        "wait_time": 0,
        "Landing_success_rate": 0.8636
    },
    {
        "model": 1,
        "sequence": 9,
        "status": 1,
        "fuel": 6376,
        "fault": 0.6502,
        "weapon": 0,
        "pilot_injury": 0.1743,
        "pilot_skill": 0.765,
        "mission_priority": 0.1514,
        "estimated_landing_time": 852.0,
        "wait_time": 0,
        "Landing_success_rate": 0.873
    },
    {
        "model": 2,
        "sequence": 19,
        "status": 1,
        "fuel": 7233,
        "fault": 0.6691,
        "weapon": 0,
        "pilot_injury": 0.9186,
        "pilot_skill": 0.6623,
        "mission_priority": 0.6341,
        "estimated_landing_time": 1792.0,
        "wait_time": 0,
        "Landing_success_rate": 0.893
    },
    {
        "model": 0,
        "sequence": 13,
        "status": 1,
        "fuel": 5840,
        "fault": 0.3606,
        "weapon": 1,
        "pilot_injury": 0.4008,
        "pilot_skill": 0.2176,
        "mission_priority": 0.1445,
        "estimated_landing_time": 1228.0,
        "wait_time": 0,
        "Landing_success_rate": 0.8663
    },
    {
        "model": 2,
        "sequence": 22,
        "status": 1,
        "fuel": 6627,
        "fault": 0.3794,
        "weapon": 0,
        "pilot_injury": 0.394,
        "pilot_skill": 0.4092,
        "mission_priority": 0.6645,
        "estimated_landing_time": 2074.0,
        "wait_time": 0,
        "Landing_success_rate": 0.9025
    },
    {
        "model": 2,
        "sequence": 17,
        "status": 1,
        "fuel": 6013,
        "fault": 0.3703,
        "weapon": 0,
        "pilot_injury": 0.2075,
        "pilot_skill": 0.7891,
        "mission_priority": 0.8498,
        "estimated_landing_time": 1604.0,
        "wait_time": 0,
        "Landing_success_rate": 0.8742
    },
    {
        "model": 0,
        "sequence": 26,
        "status": 1,
        "fuel": 5850,
        "fault": 0.6267,
        "weapon": 0,
        "pilot_injury": 0.7137,
        "pilot_skill": 0.8744,
        "mission_priority": 0.51,
        "estimated_landing_time": 2450.0,
        "wait_time": 0,
        "Landing_success_rate": 0.8598
    },
    {
        "model": 0,
        "sequence": 4,
        "status": 1,
        "fuel": 6812,
        "fault": 0.1645,
        "weapon": 0,
        "pilot_injury": 0.79,
        "pilot_skill": 0.021,
        "mission_priority": 0.9394,
        "estimated_landing_time": 382.0,
        "wait_time": 0,
        "Landing_success_rate": 0.9322
    },
    {
        "model": 1,
        "sequence": 21,
        "status": 1,
        "fuel": 6836,
        "fault": 0.1665,
        "weapon": 0,
        "pilot_injury": 0.01,
        "pilot_skill": 0.5525,
        "mission_priority": 0.9137,
        "estimated_landing_time": 1980.0,
        "wait_time": 0,
        "Landing_success_rate": 0.9335
    },
    {
        "model": 2,
        "sequence": 23,
        "status": 1,
        "fuel": 5907,
        "fault": 0.1361,
        "weapon": 0,
        "pilot_injury": 0.7318,
        "pilot_skill": 0.1347,
        "mission_priority": 0.5133,
        "estimated_landing_time": 2168.0,
        "wait_time": 0,
        "Landing_success_rate": 0.8764
    },
    {
        "model": 2,
        "sequence": 24,
        "status": 1,
        "fuel": 5606,
        "fault": 0.8708,
        "weapon": 0,
        "pilot_injury": 0.4421,
        "pilot_skill": 0.2647,
        "mission_priority": 0.8531,
        "estimated_landing_time": 2262.0,
        "wait_time": 0,
        "Landing_success_rate": 0.851
    },
    {
        "model": 1,
        "sequence": 7,
        "status": 1,
        "fuel": 6670,
        "fault": 0.1805,
        "weapon": 1,
        "pilot_injury": 0.7907,
        "pilot_skill": 0.1786,
        "mission_priority": 0.1191,
        "estimated_landing_time": 664.0,
        "wait_time": 0,
        "Landing_success_rate": 0.9219
    },
    {
        "model": 0,
        "sequence": 18,
        "status": 1,
        "fuel": 6647,
        "fault": 0.1337,
        "weapon": 1,
        "pilot_injury": 0.816,
        "pilot_skill": 0.7728,
        "mission_priority": 0.8718,
        "estimated_landing_time": 1698.0,
        "wait_time": 0,
        "Landing_success_rate": 0.9245
    },
    {
        "model": 2,
        "sequence": 2,
        "status": 1,
        "fuel": 6000,
        "fault": 0.1961,
        "weapon": 0,
        "pilot_injury": 0.3855,
        "pilot_skill": 0.0059,
        "mission_priority": 0.0361,
        "estimated_landing_time": 194.0,
        "wait_time": 0,
        "Landing_success_rate": 0.8801
    },
    {
        "model": 1,
        "sequence": 11,
        "status": 1,
        "fuel": 6308,
        "fault": 0.5154,
        "weapon": 1,
        "pilot_injury": 0.5585,
        "pilot_skill": 0.0662,
        "mission_priority": 0.5883,
        "estimated_landing_time": 1040.0,
        "wait_time": 0,
        "Landing_success_rate": 0.8794
    },
    {
        "model": 2,
        "sequence": 6,
        "status": 1,
        "fuel": 7239,
        "fault": 0.2547,
        "weapon": 0,
        "pilot_injury": 0.3524,
        "pilot_skill": 0.2239,
        "mission_priority": 0.312,
        "estimated_landing_time": 570.0,
        "wait_time": 0,
        "Landing_success_rate": 0.9472
    }
]