[
    {
        "model": 2,
        "sequence": 3,
        "status": 1,
        "fuel": 7451,
        "fault": 0.3647,
        "weapon": 1,
        "pilot_injury": 0.8475,
        "pilot_skill": 0.921,
        "mission_priority": 0.9006,
        "estimated_landing_time": 288.0,
        "wait_time": 0,
        "Landing_success_rate": 0.943
    },
    {
        "model": 1,
        "sequence": 6,
        "status": 1,
        "fuel": 6768,
        "fault": 0.3629,
        "weapon": 0,
        "pilot_injury": 0.3572,
        "pilot_skill": 0.6525,
        "mission_priority": 0.712,
        "estimated_landing_time": 570.0,
        "wait_time": 0,
        "Landing_success_rate": 0.9106
    },
    {
        "model": 0,
        "sequence": 10,
        "status": 1,
        "fuel": 6101,
        "fault": 0.0736,
        "weapon": 1,
        "pilot_injury": 0.1075,
        "pilot_skill": 0.6071,
        "mission_priority": 0.531,
        "estimated_landing_time": 946.0,
        "wait_time": 0,
        "Landing_success_rate": 0.8918
    },
    {
        "model": 1,
        "sequence": 4,
        "status": 1,
        "fuel": 5595,
        "fault": 0.5084,
        "weapon": 1,
        "pilot_injury": 0.0579,
        "pilot_skill": 0.9959,
        "mission_priority": 0.9813,
        "estimated_landing_time": 382.0,
        "wait_time": 0,
        "Landing_success_rate": 0.8535
    },
    {
        "model": 2,
        "sequence": 9,
        "status": 1,
        "fuel": 7000,
        "fault": 0.9362,
        "weapon": 1,
        "pilot_injury": 0.1829,
        "pilot_skill": 0.057,
        "mission_priority": 0.6119,
        "estimated_landing_time": 852.0,
        "wait_time": 0,
        "Landing_success_rate": 0.8572
    },
    {
        "model": 1,
        "sequence": 7,
        "status": 1,
        "fuel": 7019,
        "fault": 0.2202,
        "weapon": 0,
        "pilot_injury": 0.5252,
        "pilot_skill": 0.8729,
        "mission_priority": 0.0707,
        "estimated_landing_time": 664.0,
        "wait_time": 0,
        "Landing_success_rate": 0.9388
    },
    {
        "model": 2,
        "sequence": 24,
        "status": 1,
        "fuel": 7342,
        "fault": 0.3153,
        "weapon": 1,
        "pilot_injury": 0.9707,
        "pilot_skill": 0.7397,
        "mission_priority": 0.5481,
        "estimated_landing_time": 2262.0,
        "wait_time": 0,
        "Landing_success_rate": 0.9446
    },
    {
        "model": 0,
        "sequence": 22,
        "status": 1,
        "fuel": 6632,
        "fault": 0.7509,
        "weapon": 1,
        "pilot_injury": 0.8887,
        "pilot_skill": 0.0891,
        "mission_priority": 0.5748,
        "estimated_landing_time": 2074.0,
        "wait_time": 0,
        "Landing_success_rate": 0.8711
    },
    {
        "model": 0,
        "sequence": 27,
        "status": 1,
        "fuel": 7245,
        "fault": 0.3102,
        "weapon": 1,
        "pilot_injury": 0.417,
        "pilot_skill": 0.3224,
        "mission_priority": 0.627,
        "estimated_landing_time": 2544.0,
        "wait_time": 0,
        "Landing_success_rate": 0.9403
    },
    {
        "model": 0,
        "sequence": 1,
        "status": 1,
        "fuel": 7350,
        "fault": 0.4773,
        "weapon": 1,
        "pilot_injury": 0.8367,
        "pilot_skill": 0.3157,
        "mission_priority": 0.6449,
        "estimated_landing_time": 100.0,
        "wait_time": 0,
        "Landing_success_rate": 0.9225
    },
    {
        "model": 2,
        "sequence": 13,
        "status": 1,
        "fuel": 6884,
        "fault": 0.6093,
        "weapon": 0,
        "pilot_injury": 0.4928,
        "pilot_skill": 0.0353,
        "mission_priority": 0.6816,
        "estimated_landing_time": 1228.0,
        "wait_time": 0,
        "Landing_success_rate": 0.8906
    },
    {
        "model": 1,
        "sequence": 16,
        "status": 1,
        "fuel": 6961,
        "fault": 0.0028,
        "weapon": 1,
        "pilot_injury": 0.6345,
        "pilot_skill": 0.4691,
        "mission_priority": 0.2243,
        "estimated_landing_time": 1510.0,
        "wait_time": 0,
        "Landing_success_rate": 0.9593
    },
    {
        "model": 2,
        "sequence": 18,
        "status": 1,
        "fuel": 5915,
        "fault": 0.1938,
        "weapon": 1,
        "pilot_injury": 0.887,
        "pilot_skill": 0.354,
        "mission_priority": 0.3998,
        "estimated_landing_time": 1698.0,
        "wait_time": 0,
        "Landing_success_rate": 0.8751
    },
    {
        "model": 1,
        "sequence": 2,
        "status": 1,
        "fuel": 5722,
        "fault": 0.0315,
        "weapon": 1,
        "pilot_injury": 0.6805,
        "pilot_skill": 0.3028,
        "mission_priority": 0.7018,
        "estimated_landing_time": 194.0,
        "wait_time": 0,
        "Landing_success_rate": 0.8661
    },
    {
        "model": 2,
        "sequence": 23,
        "status": 1,
        "fuel": 5949,
        "fault": 0.8028,
        "weapon": 0,
        "pilot_injury": 0.3128,
        "pilot_skill": 0.8613,
        "mission_priority": 0.0119,
        "estimated_landing_time": 2168.0,
        "wait_time": 0,
        "Landing_success_rate": 0.8566
    },
    {
        "model": 1,
        "sequence": 25,
        "status": 1,
        "fuel": 5709,
        "fault": 0.1206,
        "weapon": 1,
        "pilot_injury": 0.7177,
        "pilot_skill": 0.5075,
        "mission_priority": 0.0839,
        "estimated_landing_time": 2356.0,
        "wait_time": 0,
        "Landing_success_rate": 0.8638
    },
    {
        "model": 0,
        "sequence": 8,
        "status": 1,
        "fuel": 5625,
        "fault": 0.1152,
        "weapon": 0,
        "pilot_injury": 0.1584,
        "pilot_skill": 0.4203,
        "mission_priority": 0.9446,
        "estimated_landing_time": 758.0,
        "wait_time": 0,
        "Landing_success_rate": 0.8583
    },
    {
        "model": 1,
        "sequence": 28,
        "status": 1,
        "fuel": 5532,
        "fault": 0.7329,
        "weapon": 1,
        "pilot_injury": 0.5214,
        "pilot_skill": 0.3301,
        "mission_priority": 0.6963,
        "estimated_landing_time": 2638.0,
        "wait_time": 0,
        "Landing_success_rate": 0.8506
    },
    {
        "model": 1,
        "sequence": 21,
        "status": 1,
        "fuel": 6976,
        "fault": 0.7049,
        "weapon": 1,
        "pilot_injury": 0.2102,
        "pilot_skill": 0.9265,
        "mission_priority": 0.1106,
        "estimated_landing_time": 1980.0,
        "wait_time": 0,
        "Landing_success_rate": 0.8827
    },
    {
        "model": 0,
        "sequence": 29,
        "status": 1,
        "fuel": 6506,
        "fault": 0.7489,
        "weapon": 1,
        "pilot_injury": 0.084,
        "pilot_skill": 0.0288,
        "mission_priority": 0.3332,
        "estimated_landing_time": 2732.0,
        "wait_time": 0,
        "Landing_success_rate": 0.8689
    },
    {
        "model": 2,
        "sequence": 17,
        "status": 1,
        "fuel": 7318,
        "fault": 0.8414,
        "weapon": 0,
        "pilot_injury": 0.8222,
        "pilot_skill": 0.3975,
        "mission_priority": 0.9938,
        "estimated_landing_time": 1604.0,
        "wait_time": 0,
        "Landing_success_rate": 0.8716
    },
    {
        "model": 1,
        "sequence": 19,
        "status": 1,
        "fuel": 5788,
        "fault": 0.6228,
        "weapon": 0,
        "pilot_injury": 0.3508,
        "pilot_skill": 0.2184,
        "mission_priority": 0.3367,
        "estimated_landing_time": 1792.0,
        "wait_time": 0,
        "Landing_success_rate": 0.8581
    },
    {
        "model": 2,
        "sequence": 5,
        "status": 1,
        "fuel": 6623,
        "fault": 0.785,
        "weapon": 1,
        "pilot_injury": 0.364,
        "pilot_skill": 0.1468,
        "mission_priority": 0.5023,
        "estimated_landing_time": 476.0,
        "wait_time": 0,
        "Landing_success_rate": 0.8681
    },
    {
        "model": 1,
        "sequence": 14,
        "status": 1,
        "fuel": 7188,
        "fault": 0.5428,
        "weapon": 1,
        "pilot_injury": 0.958,
        "pilot_skill": 0.3588,
        "mission_priority": 0.1376,
        "estimated_landing_time": 1322.0,
        "wait_time": 0,
        "Landing_success_rate": 0.9079
    },
    {
        "model": 1,
        "sequence": 26,
        "status": 1,
        "fuel": 7400,
        "fault": 0.7425,
        "weapon": 0,
        "pilot_injury": 0.3137,
        "pilot_skill": 0.3835,
        "mission_priority": 0.7888,
        "estimated_landing_time": 2450.0,
        "wait_time": 0,
        "Landing_success_rate": 0.8867
    },
    {
        "model": 2,
        "sequence": 20,
        "status": 1,
        "fuel": 7473,
        "fault": 0.5324,
        "weapon": 1,
        "pilot_injury": 0.0632,
        "pilot_skill": 0.1741,
        "mission_priority": 0.2094,
        "estimated_landing_time": 1886.0,
        "wait_time": 0,
        "Landing_success_rate": 0.9192
    },
    {
        "model": 1,
        "sequence": 11,
        "status": 1,
        "fuel": 5632,
        "fault": 0.6054,
        "weapon": 0,
        "pilot_injury": 0.3545,
        "pilot_skill": 0.3805,
        "mission_priority": 0.301,
        "estimated_landing_time": 1040.0,
        "wait_time": 0,
        "Landing_success_rate": 0.8539
    },
    {
        "model": 1,
        "sequence": 30,
        "status": 1,
        "fuel": 6450,
        "fault": 0.2104,
        "weapon": 1,
        "pilot_injury": 0.8994,
        "pilot_skill": 0.0244,
        "mission_priority": 0.6246,
        "estimated_landing_time": 2826.0,
        "wait_time": 0,
        "Landing_success_rate": 0.9063
    },
    {
        "model": 2,
        "sequence": 15,
        "status": 1,
        "fuel": 5794,
        "fault": 0.417,
        "weapon": 1,
        "pilot_injury": 0.7471,
        "pilot_skill": 0.1445,
        "mission_priority": 0.9562,
        "estimated_landing_time": 1416.0,
        "wait_time": 0,
        "Landing_success_rate": 0.8629
    },
    {
        "model": 2,
        "sequence": 12,
        "status": 1,
        "fuel": 6888,
        "fault": 0.2196,
        "weapon": 0,
        "pilot_injury": 0.3835,
        "pilot_skill": 0.3481,
        "mission_priority": 0.7836,
        "estimated_landing_time": 1134.0,
        "wait_time": 0,
        "Landing_success_rate": 0.9312
    }
]