[
    {
        "model": 0,
        "sequence": 14,
        "status": 1,
        "fuel": 7488,
        "fault": 0.0716,
        "weapon": 0,
        "pilot_injury": 0.9669,
        "pilot_skill": 0.6605,
        "mission_priority": 0.178,
        "estimated_landing_time": 1322.0,
        "wait_time": 0,
        "Landing_success_rate": 0.9884
    },
    {
        "model": 2,
        "sequence": 22,
        "status": 1,
        "fuel": 6906,
        "fault": 0.0747,
        "weapon": 0,
        "pilot_injury": 0.7854,
        "pilot_skill": 0.6362,
        "mission_priority": 0.6497,
        "estimated_landing_time": 2074.0,
        "wait_time": 0,
        "Landing_success_rate": 0.9476
    },
    {
        "model": 1,
        "sequence": 19,
        "status": 1,
        "fuel": 7218,
        "fault": 0.7677,
        "weapon": 0,
        "pilot_injury": 0.1619,
        "pilot_skill": 0.0708,
        "mission_priority": 0.928,
        "estimated_landing_time": 1792.0,
        "wait_time": 0,
        "Landing_success_rate": 0.8799
    },
    {
        "model": 2,
        "sequence": 3,
        "status": 1,
        "fuel": 6020,
        "fault": 0.7409,
        "weapon": 1,
        "pilot_injury": 0.3881,
        "pilot_skill": 0.0251,
        "mission_priority": 0.4477,
        "estimated_landing_time": 288.0,
        "wait_time": 0,
        "Landing_success_rate": 0.8601
    },
    {
        "model": 1,
        "sequence": 15,
        "status": 1,
        "fuel": 6409,
        "fault": 0.7456,
        "weapon": 1,
        "pilot_injury": 0.3424,
        "pilot_skill": 0.4723,
        "mission_priority": 0.4949,
        "estimated_landing_time": 1416.0,
        "wait_time": 0,
        "Landing_success_rate": 0.8673
    },
    {
        "model": 1,
        "sequence": 17,
        "status": 1,
        "fuel": 6363,
        "fault": 0.659,
        "weapon": 1,
        "pilot_injury": 0.8453,
        "pilot_skill": 0.4828,
        "mission_priority": 0.0319,
        "estimated_landing_time": 1604.0,
        "wait_time": 0,
        "Landing_success_rate": 0.8721
    },
    {
        "model": 2,
        "sequence": 12,
        "status": 1,
        "fuel": 5752,
        "fault": 0.554,
        "weapon": 0,
        "pilot_injury": 0.4519,
        "pilot_skill": 0.4612,
        "mission_priority": 0.978,
        "estimated_landing_time": 1134.0,
        "wait_time": 0,
        "Landing_success_rate": 0.8584
    },
    {
        "model": 1,
        "sequence": 24,
        "status": 1,
        "fuel": 7183,
        "fault": 0.7298,
        "weapon": 1,
        "pilot_injury": 0.4338,
        "pilot_skill": 0.5613,
        "mission_priority": 0.0375,
        "estimated_landing_time": 2262.0,
        "wait_time": 0,
        "Landing_success_rate": 0.8841
    },
    {
        "model": 1,
        "sequence": 26,
        "status": 1,
        "fuel": 6095,
        "fault": 0.327,
        "weapon": 0,
        "pilot_injury": 0.7513,
        "pilot_skill": 0.3722,
        "mission_priority": 0.2621,
        "estimated_landing_time": 2450.0,
        "wait_time": 0,
        "Landing_success_rate": 0.88
    },
    {
        "model": 1,
        "sequence": 23,
        "status": 1,
        "fuel": 6755,
        "fault": 0.4324,
        "weapon": 0,
        "pilot_injury": 0.4016,
        "pilot_skill": 0.8432,
        "mission_priority": 0.9087,
        "estimated_landing_time": 2168.0,
        "wait_time": 0,
        "Landing_success_rate": 0.9034
    },
    {
        "model": 0,
        "sequence": 4,
        "status": 1,
        "fuel": 5963,
        "fault": 0.1856,
        "weapon": 0,
        "pilot_injury": 0.3,
        "pilot_skill": 0.26,
        "mission_priority": 0.1073,
        "estimated_landing_time": 382.0,
        "wait_time": 0,
        "Landing_success_rate": 0.8783
    },
    {
        "model": 1,
        "sequence": 21,
        "status": 1,
        "fuel": 6509,
        "fault": 0.6144,
        "weapon": 1,
        "pilot_injury": 0.4038,
        "pilot_skill": 0.1482,
        "mission_priority": 0.107,
        "estimated_landing_time": 1980.0,
        "wait_time": 0,
        "Landing_success_rate": 0.8792
    },
    {
        "model": 0,
        "sequence": 6,
        "status": 1,
        "fuel": 6195,
        "fault": 0.3586,
        "weapon": 0,
        "pilot_injury": 0.7946,
        "pilot_skill": 0.7148,
        "mission_priority": 0.1671,
        "estimated_landing_time": 570.0,
        "wait_time": 0,
        "Landing_success_rate": 0.8834
    },
    {
        "model": 0,
        "sequence": 28,
        "status": 1,
        "fuel": 6492,
        "fault": 0.1563,
        "weapon": 1,
        "pilot_injury": 0.1806,
        "pilot_skill": 0.8032,
        "mission_priority": 0.6574,
        "estimated_landing_time": 2638.0,
        "wait_time": 0,
        "Landing_success_rate": 0.9128
    },
    {
        "model": 2,
        "sequence": 30,
        "status": 1,
        "fuel": 6233,
        "fault": 0.785,
        "weapon": 1,
        "pilot_injury": 0.0997,
        "pilot_skill": 0.548,
        "mission_priority": 0.4513,
        "estimated_landing_time": 2826.0,
        "wait_time": 0,
        "Landing_success_rate": 0.8618
    },
    {
        "model": 0,
        "sequence": 5,
        "status": 1,
        "fuel": 6511,
        "fault": 0.8364,
        "weapon": 0,
        "pilot_injury": 0.4682,
        "pilot_skill": 0.8832,
        "mission_priority": 0.3449,
        "estimated_landing_time": 476.0,
        "wait_time": 0,
        "Landing_success_rate": 0.8624
    },
    {
        "model": 1,
        "sequence": 7,
        "status": 1,
        "fuel": 7177,
        "fault": 0.5821,
        "weapon": 0,
        "pilot_injury": 0.4544,
        "pilot_skill": 0.5335,
        "mission_priority": 0.4271,
        "estimated_landing_time": 664.0,
        "wait_time": 0,
        "Landing_success_rate": 0.9026
    },
    {
        "model": 0,
        "sequence": 18,
        "status": 1,
        "fuel": 6167,
        "fault": 0.8224,
        "weapon": 0,
        "pilot_injury": 0.4868,
        "pilot_skill": 0.0759,
        "mission_priority": 0.421,
        "estimated_landing_time": 1698.0,
        "wait_time": 0,
        "Landing_success_rate": 0.8589
    },
    {
        "model": 2,
        "sequence": 27,
        "status": 1,
        "fuel": 6736,
        "fault": 0.6209,
        "weapon": 0,
        "pilot_injury": 0.8329,
        "pilot_skill": 0.5353,
        "mission_priority": 0.8286,
        "estimated_landing_time": 2544.0,
        "wait_time": 0,
        "Landing_success_rate": 0.8851
    },
    {
        "model": 2,
        "sequence": 11,
        "status": 1,
        "fuel": 6130,
        "fault": 0.2602,
        "weapon": 0,
        "pilot_injury": 0.9123,
        "pilot_skill": 0.6835,
        "mission_priority": 0.1018,
        "estimated_landing_time": 1040.0,
        "wait_time": 0,
        "Landing_success_rate": 0.885
    },
    {
        "model": 1,
        "sequence": 16,
        "status": 1,
        "fuel": 6558,
        "fault": 0.8166,
        "weapon": 1,
        "pilot_injury": 0.7053,
        "pilot_skill": 0.8607,
        "mission_priority": 0.6373,
        "estimated_landing_time": 1510.0,
        "wait_time": 0,
        "Landing_success_rate": 0.8646
    },
    {
        "model": 0,
        "sequence": 8,
        "status": 1,
        "fuel": 6302,
        "fault": 0.5037,
        "weapon": 0,
        "pilot_injury": 0.3283,
        "pilot_skill": 0.294,
        "mission_priority": 0.2216,
        "estimated_landing_time": 758.0,
        "wait_time": 0,
        "Landing_success_rate": 0.8799
    },
    {
        "model": 0,
        "sequence": 1,
        "status": 1,
        "fuel": 7478,
        "fault": 0.7093,
        "weapon": 1,
        "pilot_injury": 0.685,
        "pilot_skill": 0.387,
        "mission_priority": 0.2741,
        "estimated_landing_time": 100.0,
        "wait_time": 0,
        "Landing_success_rate": 0.8931
    },
    {
        "model": 2,
        "sequence": 2,
        "status": 1,
        "fuel": 6977,
        "fault": 0.2265,
        "weapon": 1,
        "pilot_injury": 0.9887,
        "pilot_skill": 0.6556,
        "mission_priority": 0.1222,
        "estimated_landing_time": 194.0,
        "wait_time": 0,
        "Landing_success_rate": 0.9357
    },
    {
        "model": 2,
        "sequence": 9,
        "status": 1,
        "fuel": 6421,
        "fault": 0.2923,
        "weapon": 0,
        "pilot_injury": 0.5062,
        "pilot_skill": 0.2909,
        "mission_priority": 0.7008,
        "estimated_landing_time": 852.0,
        "wait_time": 0,
        "Landing_success_rate": 0.8989
    },
    {
        "model": 2,
        "sequence": 20,
        "status": 1,
        "fuel": 5521,
        "fault": 0.5635,
        "weapon": 0,
        "pilot_injury": 0.2298,
        "pilot_skill": 0.6562,
        "mission_priority": 0.6878,
        "estimated_landing_time": 1886.0,
        "wait_time": 0,
        "Landing_success_rate": 0.8507
    },
    {
        "model": 2,
        "sequence": 25,
        "status": 1,
        "fuel": 7222,
        "fault": 0.6698,
        "weapon": 0,
        "pilot_injury": 0.1466,
        "pilot_skill": 0.7584,
        "mission_priority": 0.132,
        "estimated_landing_time": 2356.0,
        "wait_time": 0,
        "Landing_success_rate": 0.8926
    },
    {
        "model": 2,
        "sequence": 29,
        "status": 1,
        "fuel": 6454,
        "fault": 0.2399,
        "weapon": 1,
        "pilot_injury": 0.6611,
        "pilot_skill": 0.639,
        "mission_priority": 0.4459,
        "estimated_landing_time": 2732.0,
        "wait_time": 0,
        "Landing_success_rate": 0.9044
    },
    {
        "model": 0,
        "sequence": 10,
        "status": 1,
        "fuel": 5927,
        "fault": 0.7268,
        "weapon": 0,
        "pilot_injury": 0.1442,
        "pilot_skill": 0.6287,
        "mission_priority": 0.012,
        "estimated_landing_time": 946.0,
        "wait_time": 0,
        "Landing_success_rate": 0.8587
    },
    {
        "model": 0,
        "sequence": 13,
        "status": 1,
        "fuel": 6180,
        "fault": 0.0214,
        "weapon": 0,
        "pilot_injury": 0.874,
        "pilot_skill": 0.0756,
        "mission_priority": 0.6388,
        "estimated_landing_time": 1228.0,
        "wait_time": 0,
        "Landing_success_rate": 0.8999
    }
]