[
    {
        "model": 0,
        "sequence": 28,
        "status": 1,
        "fuel": 6694,
        "fault": 0.2715,
        "weapon": 0,
        "pilot_injury": 0.5196,
        "pilot_skill": 0.7773,
        "mission_priority": 0.7081,
        "estimated_landing_time": 2638.0,
        "wait_time": 0,
        "Landing_success_rate": 0.9152
    },
    {
        "model": 2,
        "sequence": 16,
        "status": 1,
        "fuel": 6281,
        "fault": 0.414,
        "weapon": 1,
        "pilot_injury": 0.1686,
        "pilot_skill": 0.0199,
        "mission_priority": 0.9311,
        "estimated_landing_time": 1510.0,
        "wait_time": 0,
        "Landing_success_rate": 0.8843
    },
    {
        "model": 2,
        "sequence": 19,
        "status": 1,
        "fuel": 5849,
        "fault": 0.8219,
        "weapon": 1,
        "pilot_injury": 0.3723,
        "pilot_skill": 0.1508,
        "mission_priority": 0.3573,
        "estimated_landing_time": 1792.0,
        "wait_time": 0,
        "Landing_success_rate": 0.8547
    },
    {
        "model": 0,
        "sequence": 27,
        "status": 1,
        "fuel": 7480,
        "fault": 0.9057,
        "weapon": 1,
        "pilot_injury": 0.7959,
        "pilot_skill": 0.673,
        "mission_priority": 0.63,
        "estimated_landing_time": 2544.0,
        "wait_time": 0,
        "Landing_success_rate": 0.864
    },
    {
        "model": 2,
        "sequence": 14,
        "status": 1,
        "fuel": 5650,
        "fault": 0.0604,
        "weapon": 0,
        "pilot_injury": 0.7117,
        "pilot_skill": 0.1992,
        "mission_priority": 0.9389,
        "estimated_landing_time": 1322.0,
        "wait_time": 0,
        "Landing_success_rate": 0.8606
    },
    {
        "model": 2,
        "sequence": 3,
        "status": 1,
        "fuel": 6127,
        "fault": 0.4271,
        "weapon": 0,
        "pilot_injury": 0.8268,
        "pilot_skill": 0.2087,
        "mission_priority": 0.6386,
        "estimated_landing_time": 288.0,
        "wait_time": 0,
        "Landing_success_rate": 0.8769
    },
    {
        "model": 2,
        "sequence": 12,
        "status": 1,
        "fuel": 6476,
        "fault": 0.7638,
        "weapon": 1,
        "pilot_injury": 0.9581,
        "pilot_skill": 0.8084,
        "mission_priority": 0.2958,
        "estimated_landing_time": 1134.0,
        "wait_time": 0,
        "Landing_success_rate": 0.8673
    },
    {
        "model": 2,
        "sequence": 4,
        "status": 1,
        "fuel": 7206,
        "fault": 0.9616,
        "weapon": 0,
        "pilot_injury": 0.5852,
        "pilot_skill": 0.1731,
        "mission_priority": 0.6271,
        "estimated_landing_time": 382.0,
        "wait_time": 0,
        "Landing_success_rate": 0.8549
    },
    {
        "model": 0,
        "sequence": 9,
        "status": 1,
        "fuel": 6157,
        "fault": 0.702,
        "weapon": 0,
        "pilot_injury": 0.6326,
        "pilot_skill": 0.4025,
        "mission_priority": 0.3251,
        "estimated_landing_time": 852.0,
        "wait_time": 0,
        "Landing_success_rate": 0.8647
    },
    {
        "model": 0,
        "sequence": 10,
        "status": 1,
        "fuel": 7387,
        "fault": 0.6274,
        "weapon": 1,
        "pilot_injury": 0.6786,
        "pilot_skill": 0.4634,
        "mission_priority": 0.6589,
        "estimated_landing_time": 946.0,
        "wait_time": 0,
        "Landing_success_rate": 0.9027
    },
    {
        "model": 2,
        "sequence": 25,
        "status": 1,
        "fuel": 6376,
        "fault": 0.875,
        "weapon": 0,
        "pilot_injury": 0.307,
        "pilot_skill": 0.1144,
        "mission_priority": 0.6819,
        "estimated_landing_time": 2356.0,
        "wait_time": 0,
        "Landing_success_rate": 0.8582
    },
    {
        "model": 2,
        "sequence": 15,
        "status": 1,
        "fuel": 5875,
        "fault": 0.3958,
        "weapon": 1,
        "pilot_injury": 0.2307,
        "pilot_skill": 0.3321,
        "mission_priority": 0.4706,
        "estimated_landing_time": 1416.0,
        "wait_time": 0,
        "Landing_success_rate": 0.867
    },
    {
        "model": 0,
        "sequence": 5,
        "status": 1,
        "fuel": 6752,
        "fault": 0.5296,
        "weapon": 0,
        "pilot_injury": 0.1716,
        "pilot_skill": 0.8794,
        "mission_priority": 0.5005,
        "estimated_landing_time": 476.0,
        "wait_time": 0,
        "Landing_success_rate": 0.8942
    },
    {
        "model": 0,
        "sequence": 6,
        "status": 1,
        "fuel": 6825,
        "fault": 0.9294,
        "weapon": 0,
        "pilot_injury": 0.1909,
        "pilot_skill": 0.3673,
        "mission_priority": 0.8055,
        "estimated_landing_time": 570.0,
        "wait_time": 0,
        "Landing_success_rate": 0.857
    },
    {
        "model": 1,
        "sequence": 24,
        "status": 1,
        "fuel": 7328,
        "fault": 0.8078,
        "weapon": 0,
        "pilot_injury": 0.2264,
        "pilot_skill": 0.2822,
        "mission_priority": 0.9782,
        "estimated_landing_time": 2262.0,
        "wait_time": 0,
        "Landing_success_rate": 0.8764
    },
    {
        "model": 0,
        "sequence": 18,
        "status": 1,
        "fuel": 6586,
        "fault": 0.1784,
        "weapon": 0,
        "pilot_injury": 0.4997,
        "pilot_skill": 0.0231,
        "mission_priority": 0.9447,
        "estimated_landing_time": 1698.0,
        "wait_time": 0,
        "Landing_success_rate": 0.9169
    },
    {
        "model": 2,
        "sequence": 17,
        "status": 1,
        "fuel": 5552,
        "fault": 0.7566,
        "weapon": 1,
        "pilot_injury": 0.811,
        "pilot_skill": 0.7487,
        "mission_priority": 0.8093,
        "estimated_landing_time": 1604.0,
        "wait_time": 0,
        "Landing_success_rate": 0.8509
    },
    {
        "model": 0,
        "sequence": 1,
        "status": 1,
        "fuel": 6152,
        "fault": 0.5077,
        "weapon": 0,
        "pilot_injury": 0.8963,
        "pilot_skill": 0.9124,
        "mission_priority": 0.437,
        "estimated_landing_time": 100.0,
        "wait_time": 0,
        "Landing_success_rate": 0.8741
    },
    {
        "model": 2,
        "sequence": 21,
        "status": 1,
        "fuel": 6910,
        "fault": 0.2379,
        "weapon": 1,
        "pilot_injury": 0.2789,
        "pilot_skill": 0.1149,
        "mission_priority": 0.262,
        "estimated_landing_time": 1980.0,
        "wait_time": 0,
        "Landing_success_rate": 0.9306
    },
    {
        "model": 0,
        "sequence": 2,
        "status": 1,
        "fuel": 5582,
        "fault": 0.5431,
        "weapon": 0,
        "pilot_injury": 0.8711,
        "pilot_skill": 0.2421,
        "mission_priority": 0.0971,
        "estimated_landing_time": 194.0,
        "wait_time": 0,
        "Landing_success_rate": 0.8528
    },
    {
        "model": 0,
        "sequence": 11,
        "status": 1,
        "fuel": 6584,
        "fault": 0.5672,
        "weapon": 0,
        "pilot_injury": 0.7629,
        "pilot_skill": 0.9019,
        "mission_priority": 0.3821,
        "estimated_landing_time": 1040.0,
        "wait_time": 0,
        "Landing_success_rate": 0.8852
    },
    {
        "model": 0,
        "sequence": 30,
        "status": 1,
        "fuel": 6332,
        "fault": 0.5278,
        "weapon": 1,
        "pilot_injury": 0.0511,
        "pilot_skill": 0.1492,
        "mission_priority": 0.8489,
        "estimated_landing_time": 2826.0,
        "wait_time": 0,
        "Landing_success_rate": 0.8795
    },
    {
        "model": 2,
        "sequence": 26,
        "status": 1,
        "fuel": 6049,
        "fault": 0.7816,
        "weapon": 1,
        "pilot_injury": 0.7318,
        "pilot_skill": 0.7315,
        "mission_priority": 0.1234,
        "estimated_landing_time": 2450.0,
        "wait_time": 0,
        "Landing_success_rate": 0.859
    },
    {
        "model": 0,
        "sequence": 13,
        "status": 1,
        "fuel": 5779,
        "fault": 0.2532,
        "weapon": 0,
        "pilot_injury": 0.0374,
        "pilot_skill": 0.8118,
        "mission_priority": 0.5911,
        "estimated_landing_time": 1228.0,
        "wait_time": 0,
        "Landing_success_rate": 0.8656
    },
    {
        "model": 0,
        "sequence": 20,
        "status": 1,
        "fuel": 6351,
        "fault": 0.156,
        "weapon": 0,
        "pilot_injury": 0.6063,
        "pilot_skill": 0.3763,
        "mission_priority": 0.8177,
        "estimated_landing_time": 1886.0,
        "wait_time": 0,
        "Landing_success_rate": 0.9039
    },
    {
        "model": 1,
        "sequence": 7,
        "status": 1,
        "fuel": 7445,
        "fault": 0.8746,
        "weapon": 0,
        "pilot_injury": 0.6966,
        "pilot_skill": 0.752,
        "mission_priority": 0.2736,
        "estimated_landing_time": 664.0,
        "wait_time": 0,
        "Landing_success_rate": 0.8683
    },
    {
        "model": 1,
        "sequence": 22,
        "status": 1,
        "fuel": 5942,
        "fault": 0.5477,
        "weapon": 1,
        "pilot_injury": 0.2632,
        "pilot_skill": 0.905,
        "mission_priority": 0.8936,
        "estimated_landing_time": 2074.0,
        "wait_time": 0,
        "Landing_success_rate": 0.865
    },
    {
        "model": 0,
        "sequence": 29,
        "status": 1,
        "fuel": 6340,
        "fault": 0.1908,
        "weapon": 0,
        "pilot_injury": 0.6213,
        "pilot_skill": 0.7792,
        "mission_priority": 0.3512,
        "estimated_landing_time": 2732.0,
        "wait_time": 0,
        "Landing_success_rate": 0.901
    },
    {
        "model": 0,
        "sequence": 8,
        "status": 1,
        "fuel": 6947,
        "fault": 0.8516,
        "weapon": 1,
        "pilot_injury": 0.4684,
        "pilot_skill": 0.7727,
        "mission_priority": 0.9326,
        "estimated_landing_time": 758.0,
        "wait_time": 0,
        "Landing_success_rate": 0.8661
    },
    {
        "model": 2,
        "sequence": 23,
        "status": 1,
        "fuel": 6055,
        "fault": 0.5254,
        "weapon": 0,
        "pilot_injury": 0.6102,
        "pilot_skill": 0.6963,
        "mission_priority": 0.2833,
        "estimated_landing_time": 2168.0,
        "wait_time": 0,
        "Landing_success_rate": 0.8698
    }
]