[
    {
        "model": 0,
        "sequence": 4,
        "status": 1,
        "fuel": 6921,
        "fault": 0.7038,
        "weapon": 1,
        "pilot_injury": 0.8282,
        "pilot_skill": 0.7936,
        "mission_priority": 0.2938,
        "estimated_landing_time": 382.0,
        "wait_time": 0,
        "Landing_success_rate": 0.8816
    },
    {
        "model": 0,
        "sequence": 25,
        "status": 1,
        "fuel": 6643,
        "fault": 0.4374,
        "weapon": 0,
        "pilot_injury": 0.3098,
        "pilot_skill": 0.8172,
        "mission_priority": 0.5843,
        "estimated_landing_time": 2356.0,
        "wait_time": 0,
        "Landing_success_rate": 0.8982
    },
    {
        "model": 1,
        "sequence": 22,
        "status": 1,
        "fuel": 6352,
        "fault": 0.5408,
        "weapon": 1,
        "pilot_injury": 0.8576,
        "pilot_skill": 0.5576,
        "mission_priority": 0.2187,
        "estimated_landing_time": 2074.0,
        "wait_time": 0,
        "Landing_success_rate": 0.8793
    },
    {
        "model": 0,
        "sequence": 6,
        "status": 1,
        "fuel": 5653,
        "fault": 0.9205,
        "weapon": 0,
        "pilot_injury": 0.6309,
        "pilot_skill": 0.7808,
        "mission_priority": 0.9808,
        "estimated_landing_time": 570.0,
        "wait_time": 0,
        "Landing_success_rate": 0.8509
    },
    {
        "model": 2,
        "sequence": 7,
        "status": 1,
        "fuel": 6858,
        "fault": 0.8418,
        "weapon": 1,
        "pilot_injury": 0.815,
        "pilot_skill": 0.5289,
        "mission_priority": 0.7456,
        "estimated_landing_time": 664.0,
        "wait_time": 0,
        "Landing_success_rate": 0.8661
    },
    {
        "model": 0,
        "sequence": 13,
        "status": 1,
        "fuel": 5541,
        "fault": 0.2612,
        "weapon": 0,
        "pilot_injury": 0.4212,
        "pilot_skill": 0.9467,
        "mission_priority": 0.391,
        "estimated_landing_time": 1228.0,
        "wait_time": 0,
        "Landing_success_rate": 0.8523
    },
    {
        "model": 0,
        "sequence": 17,
        "status": 1,
        "fuel": 6737,
        "fault": 0.4476,
        "weapon": 1,
        "pilot_injury": 0.8485,
        "pilot_skill": 0.9494,
        "mission_priority": 0.8943,
        "estimated_landing_time": 1604.0,
        "wait_time": 0,
        "Landing_success_rate": 0.9012
    },
    {
        "model": 0,
        "sequence": 19,
        "status": 1,
        "fuel": 6714,
        "fault": 0.3169,
        "weapon": 1,
        "pilot_injury": 0.308,
        "pilot_skill": 0.2846,
        "mission_priority": 0.7596,
        "estimated_landing_time": 1792.0,
        "wait_time": 0,
        "Landing_success_rate": 0.9122
    },
    {
        "model": 2,
        "sequence": 23,
        "status": 1,
        "fuel": 7200,
        "fault": 0.2373,
        "weapon": 1,
        "pilot_injury": 0.9823,
        "pilot_skill": 0.1888,
        "mission_priority": 0.1141,
        "estimated_landing_time": 2168.0,
        "wait_time": 0,
        "Landing_success_rate": 0.9472
    },
    {
        "model": 0,
        "sequence": 26,
        "status": 1,
        "fuel": 6421,
        "fault": 0.0398,
        "weapon": 1,
        "pilot_injury": 0.6909,
        "pilot_skill": 0.593,
        "mission_priority": 0.5645,
        "estimated_landing_time": 2450.0,
        "wait_time": 0,
        "Landing_success_rate": 0.9163
    },
    {
        "model": 0,
        "sequence": 29,
        "status": 1,
        "fuel": 6132,
        "fault": 0.7661,
        "weapon": 1,
        "pilot_injury": 0.2913,
        "pilot_skill": 0.2658,
        "mission_priority": 0.479,
        "estimated_landing_time": 2732.0,
        "wait_time": 0,
        "Landing_success_rate": 0.8611
    },
    {
        "model": 2,
        "sequence": 8,
        "status": 1,
        "fuel": 7454,
        "fault": 0.7549,
        "weapon": 0,
        "pilot_injury": 0.612,
        "pilot_skill": 0.2468,
        "mission_priority": 0.3807,
        "estimated_landing_time": 758.0,
        "wait_time": 0,
        "Landing_success_rate": 0.8859
    },
    {
        "model": 2,
        "sequence": 16,
        "status": 1,
        "fuel": 6080,
        "fault": 0.9302,
        "weapon": 1,
        "pilot_injury": 0.9785,
        "pilot_skill": 0.1316,
        "mission_priority": 0.5664,
        "estimated_landing_time": 1510.0,
        "wait_time": 0,
        "Landing_success_rate": 0.853
    },
    {
        "model": 0,
        "sequence": 30,
        "status": 1,
        "fuel": 6880,
        "fault": 0.2625,
        "weapon": 0,
        "pilot_injury": 0.201,
        "pilot_skill": 0.1923,
        "mission_priority": 0.4972,
        "estimated_landing_time": 2826.0,
        "wait_time": 0,
        "Landing_success_rate": 0.9263
    },
    {
        "model": 0,
        "sequence": 21,
        "status": 1,
        "fuel": 6584,
        "fault": 0.775,
        "weapon": 1,
        "pilot_injury": 0.0944,
        "pilot_skill": 0.3646,
        "mission_priority": 0.2816,
        "estimated_landing_time": 1980.0,
        "wait_time": 0,
        "Landing_success_rate": 0.8683
    },
    {
        "model": 2,
        "sequence": 20,
        "status": 1,
        "fuel": 6058,
        "fault": 0.7796,
        "weapon": 0,
        "pilot_injury": 0.0816,
        "pilot_skill": 0.9171,
        "mission_priority": 0.599,
        "estimated_landing_time": 1886.0,
        "wait_time": 0,
        "Landing_success_rate": 0.8592
    },
    {
        "model": 1,
        "sequence": 10,
        "status": 1,
        "fuel": 6552,
        "fault": 0.0611,
        "weapon": 1,
        "pilot_injury": 0.7774,
        "pilot_skill": 0.0754,
        "mission_priority": 0.9851,
        "estimated_landing_time": 946.0,
        "wait_time": 0,
        "Landing_success_rate": 0.9241
    },
    {
        "model": 1,
        "sequence": 12,
        "status": 1,
        "fuel": 6262,
        "fault": 0.8267,
        "weapon": 0,
        "pilot_injury": 0.6718,
        "pilot_skill": 0.0889,
        "mission_priority": 0.4885,
        "estimated_landing_time": 1134.0,
        "wait_time": 0,
        "Landing_success_rate": 0.8599
    },
    {
        "model": 2,
        "sequence": 14,
        "status": 1,
        "fuel": 5906,
        "fault": 0.1946,
        "weapon": 1,
        "pilot_injury": 0.217,
        "pilot_skill": 0.7773,
        "mission_priority": 0.4584,
        "estimated_landing_time": 1322.0,
        "wait_time": 0,
        "Landing_success_rate": 0.8745
    },
    {
        "model": 1,
        "sequence": 27,
        "status": 1,
        "fuel": 6999,
        "fault": 0.8181,
        "weapon": 0,
        "pilot_injury": 0.7351,
        "pilot_skill": 0.8942,
        "mission_priority": 0.9127,
        "estimated_landing_time": 2544.0,
        "wait_time": 0,
        "Landing_success_rate": 0.8705
    },
    {
        "model": 1,
        "sequence": 5,
        "status": 1,
        "fuel": 6314,
        "fault": 0.8478,
        "weapon": 0,
        "pilot_injury": 0.9293,
        "pilot_skill": 0.0528,
        "mission_priority": 0.7505,
        "estimated_landing_time": 476.0,
        "wait_time": 0,
        "Landing_success_rate": 0.8593
    },
    {
        "model": 2,
        "sequence": 11,
        "status": 1,
        "fuel": 6346,
        "fault": 0.4655,
        "weapon": 1,
        "pilot_injury": 0.2119,
        "pilot_skill": 0.0901,
        "mission_priority": 0.3765,
        "estimated_landing_time": 1040.0,
        "wait_time": 0,
        "Landing_success_rate": 0.8839
    },
    {
        "model": 1,
        "sequence": 15,
        "status": 1,
        "fuel": 5546,
        "fault": 0.2773,
        "weapon": 0,
        "pilot_injury": 0.1023,
        "pilot_skill": 0.7062,
        "mission_priority": 0.7188,
        "estimated_landing_time": 1416.0,
        "wait_time": 0,
        "Landing_success_rate": 0.8525
    },
    {
        "model": 2,
        "sequence": 18,
        "status": 1,
        "fuel": 6843,
        "fault": 0.3635,
        "weapon": 1,
        "pilot_injury": 0.5597,
        "pilot_skill": 0.4986,
        "mission_priority": 0.9792,
        "estimated_landing_time": 1698.0,
        "wait_time": 0,
        "Landing_success_rate": 0.9141
    },
    {
        "model": 1,
        "sequence": 24,
        "status": 1,
        "fuel": 5647,
        "fault": 0.1449,
        "weapon": 0,
        "pilot_injury": 0.3102,
        "pilot_skill": 0.2523,
        "mission_priority": 0.819,
        "estimated_landing_time": 2262.0,
        "wait_time": 0,
        "Landing_success_rate": 0.8594
    },
    {
        "model": 0,
        "sequence": 1,
        "status": 1,
        "fuel": 7425,
        "fault": 0.6633,
        "weapon": 1,
        "pilot_injury": 0.8477,
        "pilot_skill": 0.4217,
        "mission_priority": 0.5245,
        "estimated_landing_time": 100.0,
        "wait_time": 0,
        "Landing_success_rate": 0.8986
    },
    {
        "model": 0,
        "sequence": 9,
        "status": 1,
        "fuel": 5843,
        "fault": 0.2161,
        "weapon": 0,
        "pilot_injury": 0.9527,
        "pilot_skill": 0.0506,
        "mission_priority": 0.2613,
        "estimated_landing_time": 852.0,
        "wait_time": 0,
        "Landing_success_rate": 0.8702
    },
    {
        "model": 2,
        "sequence": 3,
        "status": 1,
        "fuel": 7230,
        "fault": 0.0845,
        "weapon": 1,
        "pilot_injury": 0.368,
        "pilot_skill": 0.2901,
        "mission_priority": 0.9675,
        "estimated_landing_time": 288.0,
        "wait_time": 0,
        "Landing_success_rate": 0.9688
    },
    {
        "model": 2,
        "sequence": 28,
        "status": 1,
        "fuel": 5932,
        "fault": 0.0311,
        "weapon": 1,
        "pilot_injury": 0.1223,
        "pilot_skill": 0.3103,
        "mission_priority": 0.401,
        "estimated_landing_time": 2638.0,
        "wait_time": 0,
        "Landing_success_rate": 0.8814
    },
    {
        "model": 1,
        "sequence": 2,
        "status": 1,
        "fuel": 7276,
        "fault": 0.1665,
        "weapon": 0,
        "pilot_injury": 0.8718,
        "pilot_skill": 0.7882,
        "mission_priority": 0.579,
        "estimated_landing_time": 194.0,
        "wait_time": 0,
        "Landing_success_rate": 0.961
    }
]