[
    {
        "model": 1,
        "sequence": 10,
        "status": 1,
        "fuel": 6970,
        "fault": 0.4886,
        "weapon": 1,
        "pilot_injury": 0.2256,
        "pilot_skill": 0.2975,
        "mission_priority": 0.4815,
        "estimated_landing_time": 946.0,
        "wait_time": 0,
        "Landing_success_rate": 0.9064
    },
    {
        "model": 1,
        "sequence": 11,
        "status": 1,
        "fuel": 6417,
        "fault": 0.886,
        "weapon": 1,
        "pilot_injury": 0.886,
        "pilot_skill": 0.7481,
        "mission_priority": 0.6593,
        "estimated_landing_time": 1040.0,
        "wait_time": 0,
        "Landing_success_rate": 0.8578
    },
    {
        "model": 0,
        "sequence": 29,
        "status": 1,
        "fuel": 6027,
        "fault": 0.8412,
        "weapon": 0,
        "pilot_injury": 0.1471,
        "pilot_skill": 0.4527,
        "mission_priority": 0.4615,
        "estimated_landing_time": 2732.0,
        "wait_time": 0,
        "Landing_success_rate": 0.8563
    },
    {
        "model": 2,
        "sequence": 16,
        "status": 1,
        "fuel": 6752,
        "fault": 0.3501,
        "weapon": 0,
        "pilot_injury": 0.3205,
        "pilot_skill": 0.0412,
        "mission_priority": 0.047,
        "estimated_landing_time": 1510.0,
        "wait_time": 0,
        "Landing_success_rate": 0.911
    },
    {
        "model": 2,
        "sequence": 22,
        "status": 1,
        "fuel": 6536,
        "fault": 0.3731,
        "weapon": 0,
        "pilot_injury": 0.248,
        "pilot_skill": 0.0323,
        "mission_priority": 0.5288,
        "estimated_landing_time": 2074.0,
        "wait_time": 0,
        "Landing_success_rate": 0.8987
    },
    {
        "model": 2,
        "sequence": 4,
        "status": 1,
        "fuel": 6709,
        "fault": 0.8726,
        "weapon": 1,
        "pilot_injury": 0.5161,
        "pilot_skill": 0.2292,
        "mission_priority": 0.1988,
        "estimated_landing_time": 382.0,
        "wait_time": 0,
        "Landing_success_rate": 0.8616
    },
    {
        "model": 1,
        "sequence": 7,
        "status": 1,
        "fuel": 6602,
        "fault": 0.2445,
        "weapon": 0,
        "pilot_injury": 0.2004,
        "pilot_skill": 0.8782,
        "mission_priority": 0.6038,
        "estimated_landing_time": 664.0,
        "wait_time": 0,
        "Landing_success_rate": 0.9124
    },
    {
        "model": 1,
        "sequence": 12,
        "status": 1,
        "fuel": 6365,
        "fault": 0.1653,
        "weapon": 0,
        "pilot_injury": 0.2153,
        "pilot_skill": 0.9694,
        "mission_priority": 0.967,
        "estimated_landing_time": 1134.0,
        "wait_time": 0,
        "Landing_success_rate": 0.9042
    },
    {
        "model": 1,
        "sequence": 23,
        "status": 1,
        "fuel": 5711,
        "fault": 0.8962,
        "weapon": 1,
        "pilot_injury": 0.1192,
        "pilot_skill": 0.7805,
        "mission_priority": 0.2863,
        "estimated_landing_time": 2168.0,
        "wait_time": 0,
        "Landing_success_rate": 0.8516
    },
    {
        "model": 2,
        "sequence": 5,
        "status": 1,
        "fuel": 7427,
        "fault": 0.4508,
        "weapon": 1,
        "pilot_injury": 0.3923,
        "pilot_skill": 0.1178,
        "mission_priority": 0.5931,
        "estimated_landing_time": 476.0,
        "wait_time": 0,
        "Landing_success_rate": 0.9294
    },
    {
        "model": 1,
        "sequence": 8,
        "status": 1,
        "fuel": 6632,
        "fault": 0.3986,
        "weapon": 1,
        "pilot_injury": 0.231,
        "pilot_skill": 0.8576,
        "mission_priority": 0.338,
        "estimated_landing_time": 758.0,
        "wait_time": 0,
        "Landing_success_rate": 0.9011
    },
    {
        "model": 2,
        "sequence": 21,
        "status": 1,
        "fuel": 5834,
        "fault": 0.1746,
        "weapon": 0,
        "pilot_injury": 0.1795,
        "pilot_skill": 0.5766,
        "mission_priority": 0.5551,
        "estimated_landing_time": 1980.0,
        "wait_time": 0,
        "Landing_success_rate": 0.8707
    },
    {
        "model": 0,
        "sequence": 28,
        "status": 1,
        "fuel": 7151,
        "fault": 0.4641,
        "weapon": 0,
        "pilot_injury": 0.32,
        "pilot_skill": 0.2374,
        "mission_priority": 0.9284,
        "estimated_landing_time": 2638.0,
        "wait_time": 0,
        "Landing_success_rate": 0.9164
    },
    {
        "model": 1,
        "sequence": 13,
        "status": 1,
        "fuel": 7484,
        "fault": 0.6151,
        "weapon": 0,
        "pilot_injury": 0.1942,
        "pilot_skill": 0.6616,
        "mission_priority": 0.7627,
        "estimated_landing_time": 1228.0,
        "wait_time": 0,
        "Landing_success_rate": 0.9073
    },
    {
        "model": 1,
        "sequence": 1,
        "status": 1,
        "fuel": 6543,
        "fault": 0.6315,
        "weapon": 1,
        "pilot_injury": 0.697,
        "pilot_skill": 0.6111,
        "mission_priority": 0.5756,
        "estimated_landing_time": 100.0,
        "wait_time": 0,
        "Landing_success_rate": 0.8788
    },
    {
        "model": 0,
        "sequence": 26,
        "status": 1,
        "fuel": 5524,
        "fault": 0.422,
        "weapon": 0,
        "pilot_injury": 0.6249,
        "pilot_skill": 0.6136,
        "mission_priority": 0.5547,
        "estimated_landing_time": 2450.0,
        "wait_time": 0,
        "Landing_success_rate": 0.851
    },
    {
        "model": 0,
        "sequence": 30,
        "status": 1,
        "fuel": 5519,
        "fault": 0.4902,
        "weapon": 1,
        "pilot_injury": 0.2765,
        "pilot_skill": 0.1576,
        "mission_priority": 0.2012,
        "estimated_landing_time": 2826.0,
        "wait_time": 0,
        "Landing_success_rate": 0.8507
    },
    {
        "model": 2,
        "sequence": 6,
        "status": 1,
        "fuel": 6112,
        "fault": 0.4564,
        "weapon": 1,
        "pilot_injury": 0.1372,
        "pilot_skill": 0.8788,
        "mission_priority": 0.2034,
        "estimated_landing_time": 570.0,
        "wait_time": 0,
        "Landing_success_rate": 0.875
    },
    {
        "model": 0,
        "sequence": 2,
        "status": 1,
        "fuel": 6762,
        "fault": 0.9368,
        "weapon": 0,
        "pilot_injury": 0.1034,
        "pilot_skill": 0.0951,
        "mission_priority": 0.3428,
        "estimated_landing_time": 194.0,
        "wait_time": 0,
        "Landing_success_rate": 0.856
    },
    {
        "model": 1,
        "sequence": 3,
        "status": 1,
        "fuel": 7363,
        "fault": 0.3564,
        "weapon": 0,
        "pilot_injury": 0.9327,
        "pilot_skill": 0.5864,
        "mission_priority": 0.8851,
        "estimated_landing_time": 288.0,
        "wait_time": 0,
        "Landing_success_rate": 0.9399
    },
    {
        "model": 0,
        "sequence": 27,
        "status": 1,
        "fuel": 6771,
        "fault": 0.0249,
        "weapon": 1,
        "pilot_injury": 0.8468,
        "pilot_skill": 0.568,
        "mission_priority": 0.9386,
        "estimated_landing_time": 2544.0,
        "wait_time": 0,
        "Landing_success_rate": 0.943
    },
    {
        "model": 0,
        "sequence": 24,
        "status": 1,
        "fuel": 5548,
        "fault": 0.7725,
        "weapon": 0,
        "pilot_injury": 0.9166,
        "pilot_skill": 0.6988,
        "mission_priority": 0.8072,
        "estimated_landing_time": 2262.0,
        "wait_time": 0,
        "Landing_success_rate": 0.8508
    },
    {
        "model": 1,
        "sequence": 18,
        "status": 1,
        "fuel": 6289,
        "fault": 0.3614,
        "weapon": 1,
        "pilot_injury": 0.4829,
        "pilot_skill": 0.99,
        "mission_priority": 0.9075,
        "estimated_landing_time": 1698.0,
        "wait_time": 0,
        "Landing_success_rate": 0.8878
    },
    {
        "model": 2,
        "sequence": 14,
        "status": 1,
        "fuel": 6993,
        "fault": 0.5729,
        "weapon": 1,
        "pilot_injury": 0.3112,
        "pilot_skill": 0.8304,
        "mission_priority": 0.8247,
        "estimated_landing_time": 1322.0,
        "wait_time": 0,
        "Landing_success_rate": 0.8978
    },
    {
        "model": 1,
        "sequence": 15,
        "status": 1,
        "fuel": 6657,
        "fault": 0.0401,
        "weapon": 0,
        "pilot_injury": 0.5018,
        "pilot_skill": 0.4143,
        "mission_priority": 0.5359,
        "estimated_landing_time": 1416.0,
        "wait_time": 0,
        "Landing_success_rate": 0.9333
    },
    {
        "model": 1,
        "sequence": 17,
        "status": 1,
        "fuel": 7036,
        "fault": 0.1132,
        "weapon": 0,
        "pilot_injury": 0.6856,
        "pilot_skill": 0.0625,
        "mission_priority": 0.9673,
        "estimated_landing_time": 1604.0,
        "wait_time": 0,
        "Landing_success_rate": 0.9522
    },
    {
        "model": 0,
        "sequence": 20,
        "status": 1,
        "fuel": 7075,
        "fault": 0.4835,
        "weapon": 0,
        "pilot_injury": 0.4706,
        "pilot_skill": 0.041,
        "mission_priority": 0.5484,
        "estimated_landing_time": 1886.0,
        "wait_time": 0,
        "Landing_success_rate": 0.911
    },
    {
        "model": 0,
        "sequence": 25,
        "status": 1,
        "fuel": 5956,
        "fault": 0.4217,
        "weapon": 1,
        "pilot_injury": 0.3262,
        "pilot_skill": 0.5588,
        "mission_priority": 0.7768,
        "estimated_landing_time": 2356.0,
        "wait_time": 0,
        "Landing_success_rate": 0.8698
    },
    {
        "model": 1,
        "sequence": 19,
        "status": 1,
        "fuel": 7302,
        "fault": 0.9839,
        "weapon": 1,
        "pilot_injury": 0.3667,
        "pilot_skill": 0.3782,
        "mission_priority": 0.0941,
        "estimated_landing_time": 1792.0,
        "wait_time": 0,
        "Landing_success_rate": 0.8522
    },
    {
        "model": 0,
        "sequence": 9,
        "status": 1,
        "fuel": 6338,
        "fault": 0.3703,
        "weapon": 0,
        "pilot_injury": 0.3013,
        "pilot_skill": 0.3303,
        "mission_priority": 0.4306,
        "estimated_landing_time": 852.0,
        "wait_time": 0,
        "Landing_success_rate": 0.8896
    }
]