[
    {
        "model": 0,
        "sequence": 16,
        "status": 1,
        "fuel": 6473,
        "fault": 0.9742,
        "weapon": 1,
        "pilot_injury": 0.8372,
        "pilot_skill": 0.4763,
        "mission_priority": 0.478,
        "estimated_landing_time": 1510.0,
        "wait_time": 0,
        "Landing_success_rate": 0.8519
    },
    {
        "model": 2,
        "sequence": 17,
        "status": 1,
        "fuel": 6895,
        "fault": 0.389,
        "weapon": 1,
        "pilot_injury": 0.1272,
        "pilot_skill": 0.7712,
        "mission_priority": 0.2948,
        "estimated_landing_time": 1604.0,
        "wait_time": 0,
        "Landing_success_rate": 0.9139
    },
    {
        "model": 2,
        "sequence": 28,
        "status": 1,
        "fuel": 6552,
        "fault": 0.7522,
        "weapon": 1,
        "pilot_injury": 0.1451,
        "pilot_skill": 0.2133,
        "mission_priority": 0.7062,
        "estimated_landing_time": 2638.0,
        "wait_time": 0,
        "Landing_success_rate": 0.8696
    },
    {
        "model": 2,
        "sequence": 24,
        "status": 1,
        "fuel": 7472,
        "fault": 0.3387,
        "weapon": 0,
        "pilot_injury": 0.9543,
        "pilot_skill": 0.314,
        "mission_priority": 0.3242,
        "estimated_landing_time": 2262.0,
        "wait_time": 0,
        "Landing_success_rate": 0.9478
    },
    {
        "model": 0,
        "sequence": 9,
        "status": 1,
        "fuel": 6260,
        "fault": 0.4967,
        "weapon": 0,
        "pilot_injury": 0.378,
        "pilot_skill": 0.0147,
        "mission_priority": 0.395,
        "estimated_landing_time": 852.0,
        "wait_time": 0,
        "Landing_success_rate": 0.8787
    },
    {
        "model": 0,
        "sequence": 15,
        "status": 1,
        "fuel": 7141,
        "fault": 0.4478,
        "weapon": 1,
        "pilot_injury": 0.9289,
        "pilot_skill": 0.2958,
        "mission_priority": 0.6507,
        "estimated_landing_time": 1416.0,
        "wait_time": 0,
        "Landing_success_rate": 0.918
    },
    {
        "model": 2,
        "sequence": 26,
        "status": 1,
        "fuel": 7371,
        "fault": 0.34,
        "weapon": 0,
        "pilot_injury": 0.5759,
        "pilot_skill": 0.1042,
        "mission_priority": 0.3771,
        "estimated_landing_time": 2450.0,
        "wait_time": 0,
        "Landing_success_rate": 0.9426
    },
    {
        "model": 0,
        "sequence": 4,
        "status": 1,
        "fuel": 7469,
        "fault": 0.3159,
        "weapon": 0,
        "pilot_injury": 0.6202,
        "pilot_skill": 0.8333,
        "mission_priority": 0.7712,
        "estimated_landing_time": 382.0,
        "wait_time": 0,
        "Landing_success_rate": 0.951
    },
    {
        "model": 0,
        "sequence": 19,
        "status": 1,
        "fuel": 5785,
        "fault": 0.8507,
        "weapon": 1,
        "pilot_injury": 0.9736,
        "pilot_skill": 0.7271,
        "mission_priority": 0.9543,
        "estimated_landing_time": 1792.0,
        "wait_time": 0,
        "Landing_success_rate": 0.8532
    },
    {
        "model": 0,
        "sequence": 13,
        "status": 1,
        "fuel": 6584,
        "fault": 0.1719,
        "weapon": 0,
        "pilot_injury": 0.5434,
        "pilot_skill": 0.7295,
        "mission_priority": 0.8491,
        "estimated_landing_time": 1228.0,
        "wait_time": 0,
        "Landing_success_rate": 0.9173
    },
    {
        "model": 1,
        "sequence": 27,
        "status": 1,
        "fuel": 6381,
        "fault": 0.1334,
        "weapon": 0,
        "pilot_injury": 0.3278,
        "pilot_skill": 0.6805,
        "mission_priority": 0.1469,
        "estimated_landing_time": 2544.0,
        "wait_time": 0,
        "Landing_success_rate": 0.9073
    },
    {
        "model": 2,
        "sequence": 18,
        "status": 1,
        "fuel": 6596,
        "fault": 0.1876,
        "weapon": 0,
        "pilot_injury": 0.8907,
        "pilot_skill": 0.9791,
        "mission_priority": 0.0863,
        "estimated_landing_time": 1698.0,
        "wait_time": 0,
        "Landing_success_rate": 0.9168
    },
    {
        "model": 0,
        "sequence": 3,
        "status": 1,
        "fuel": 7299,
        "fault": 0.2411,
        "weapon": 0,
        "pilot_injury": 0.47,
        "pilot_skill": 0.2938,
        "mission_priority": 0.0656,
        "estimated_landing_time": 288.0,
        "wait_time": 0,
        "Landing_success_rate": 0.9524
    },
    {
        "model": 0,
        "sequence": 29,
        "status": 1,
        "fuel": 6029,
        "fault": 0.7339,
        "weapon": 1,
        "pilot_injury": 0.5493,
        "pilot_skill": 0.6806,
        "mission_priority": 0.4053,
        "estimated_landing_time": 2732.0,
        "wait_time": 0,
        "Landing_success_rate": 0.8606
    },
    {
        "model": 1,
        "sequence": 25,
        "status": 1,
        "fuel": 5786,
        "fault": 0.1917,
        "weapon": 0,
        "pilot_injury": 0.8444,
        "pilot_skill": 0.678,
        "mission_priority": 0.6704,
        "estimated_landing_time": 2356.0,
        "wait_time": 0,
        "Landing_success_rate": 0.8673
    },
    {
        "model": 1,
        "sequence": 21,
        "status": 1,
        "fuel": 7155,
        "fault": 0.7471,
        "weapon": 1,
        "pilot_injury": 0.232,
        "pilot_skill": 0.6875,
        "mission_priority": 0.3335,
        "estimated_landing_time": 1980.0,
        "wait_time": 0,
        "Landing_success_rate": 0.8814
    },
    {
        "model": 1,
        "sequence": 1,
        "status": 1,
        "fuel": 6234,
        "fault": 0.5843,
        "weapon": 0,
        "pilot_injury": 0.1047,
        "pilot_skill": 0.7618,
        "mission_priority": 0.1018,
        "estimated_landing_time": 100.0,
        "wait_time": 0,
        "Landing_success_rate": 0.8729
    },
    {
        "model": 1,
        "sequence": 11,
        "status": 1,
        "fuel": 5827,
        "fault": 0.8091,
        "weapon": 0,
        "pilot_injury": 0.5088,
        "pilot_skill": 0.188,
        "mission_priority": 0.8666,
        "estimated_landing_time": 1040.0,
        "wait_time": 0,
        "Landing_success_rate": 0.8547
    },
    {
        "model": 1,
        "sequence": 22,
        "status": 1,
        "fuel": 5839,
        "fault": 0.7201,
        "weapon": 0,
        "pilot_injury": 0.6282,
        "pilot_skill": 0.4451,
        "mission_priority": 0.8597,
        "estimated_landing_time": 2074.0,
        "wait_time": 0,
        "Landing_success_rate": 0.8571
    },
    {
        "model": 1,
        "sequence": 20,
        "status": 1,
        "fuel": 5857,
        "fault": 0.4383,
        "weapon": 0,
        "pilot_injury": 0.4541,
        "pilot_skill": 0.8599,
        "mission_priority": 0.5868,
        "estimated_landing_time": 1886.0,
        "wait_time": 0,
        "Landing_success_rate": 0.865
    },
    {
        "model": 1,
        "sequence": 10,
        "status": 1,
        "fuel": 7005,
        "fault": 0.2526,
        "weapon": 0,
        "pilot_injury": 0.9375,
        "pilot_skill": 0.8375,
        "mission_priority": 0.9273,
        "estimated_landing_time": 946.0,
        "wait_time": 0,
        "Landing_success_rate": 0.9344
    },
    {
        "model": 2,
        "sequence": 14,
        "status": 1,
        "fuel": 6818,
        "fault": 0.0827,
        "weapon": 1,
        "pilot_injury": 0.2034,
        "pilot_skill": 0.8578,
        "mission_priority": 0.8306,
        "estimated_landing_time": 1322.0,
        "wait_time": 0,
        "Landing_success_rate": 0.9407
    },
    {
        "model": 1,
        "sequence": 7,
        "status": 1,
        "fuel": 5520,
        "fault": 0.7465,
        "weapon": 0,
        "pilot_injury": 0.318,
        "pilot_skill": 0.7342,
        "mission_priority": 0.2486,
        "estimated_landing_time": 664.0,
        "wait_time": 0,
        "Landing_success_rate": 0.8504
    },
    {
        "model": 0,
        "sequence": 12,
        "status": 1,
        "fuel": 6335,
        "fault": 0.4842,
        "weapon": 1,
        "pilot_injury": 0.2627,
        "pilot_skill": 0.9343,
        "mission_priority": 0.2567,
        "estimated_landing_time": 1134.0,
        "wait_time": 0,
        "Landing_success_rate": 0.8823
    },
    {
        "model": 0,
        "sequence": 30,
        "status": 1,
        "fuel": 5614,
        "fault": 0.878,
        "weapon": 1,
        "pilot_injury": 0.0918,
        "pilot_skill": 0.8336,
        "mission_priority": 0.7914,
        "estimated_landing_time": 2826.0,
        "wait_time": 0,
        "Landing_success_rate": 0.851
    },
    {
        "model": 0,
        "sequence": 8,
        "status": 1,
        "fuel": 7342,
        "fault": 0.4552,
        "weapon": 1,
        "pilot_injury": 0.7116,
        "pilot_skill": 0.9071,
        "mission_priority": 0.1277,
        "estimated_landing_time": 758.0,
        "wait_time": 0,
        "Landing_success_rate": 0.9253
    },
    {
        "model": 0,
        "sequence": 5,
        "status": 1,
        "fuel": 7495,
        "fault": 0.8074,
        "weapon": 0,
        "pilot_injury": 0.8701,
        "pilot_skill": 0.5629,
        "mission_priority": 0.1761,
        "estimated_landing_time": 476.0,
        "wait_time": 0,
        "Landing_success_rate": 0.8788
    },
    {
        "model": 1,
        "sequence": 6,
        "status": 1,
        "fuel": 7018,
        "fault": 0.8428,
        "weapon": 1,
        "pilot_injury": 0.8157,
        "pilot_skill": 0.8052,
        "mission_priority": 0.8513,
        "estimated_landing_time": 570.0,
        "wait_time": 0,
        "Landing_success_rate": 0.8679
    },
    {
        "model": 2,
        "sequence": 23,
        "status": 1,
        "fuel": 7360,
        "fault": 0.0616,
        "weapon": 0,
        "pilot_injury": 0.6671,
        "pilot_skill": 0.3168,
        "mission_priority": 0.8534,
        "estimated_landing_time": 2168.0,
        "wait_time": 0,
        "Landing_success_rate": 0.9809
    },
    {
        "model": 2,
        "sequence": 2,
        "status": 1,
        "fuel": 5677,
        "fault": 0.4835,
        "weapon": 0,
        "pilot_injury": 0.6202,
        "pilot_skill": 0.2612,
        "mission_priority": 0.006,
        "estimated_landing_time": 194.0,
        "wait_time": 0,
        "Landing_success_rate": 0.8569
    }
]