[
    {
        "model": 1,
        "sequence": 15,
        "status": 1,
        "fuel": 6898,
        "fault": 0.6607,
        "weapon": 1,
        "pilot_injury": 0.1838,
        "pilot_skill": 0.2352,
        "mission_priority": 0.9868,
        "estimated_landing_time": 1416.0,
        "wait_time": 0,
        "Landing_success_rate": 0.8856
    },
    {
        "model": 2,
        "sequence": 16,
        "status": 1,
        "fuel": 6447,
        "fault": 0.2837,
        "weapon": 1,
        "pilot_injury": 0.7539,
        "pilot_skill": 0.4665,
        "mission_priority": 0.2127,
        "estimated_landing_time": 1510.0,
        "wait_time": 0,
        "Landing_success_rate": 0.9009
    },
    {
        "model": 2,
        "sequence": 13,
        "status": 1,
        "fuel": 6828,
        "fault": 0.6859,
        "weapon": 0,
        "pilot_injury": 0.1783,
        "pilot_skill": 0.4855,
        "mission_priority": 0.1193,
        "estimated_landing_time": 1228.0,
        "wait_time": 0,
        "Landing_success_rate": 0.8813
    },
    {
        "model": 0,
        "sequence": 6,
        "status": 1,
        "fuel": 5606,
        "fault": 0.3565,
        "weapon": 1,
        "pilot_injury": 0.6735,
        "pilot_skill": 0.92,
        "mission_priority": 0.3999,
        "estimated_landing_time": 570.0,
        "wait_time": 0,
        "Landing_success_rate": 0.8551
    },
    {
        "model": 1,
        "sequence": 19,
        "status": 1,
        "fuel": 6408,
        "fault": 0.4725,
        "weapon": 1,
        "pilot_injury": 0.5131,
        "pilot_skill": 0.4755,
        "mission_priority": 0.0637,
        "estimated_landing_time": 1792.0,
        "wait_time": 0,
        "Landing_success_rate": 0.8859
    },
    {
        "model": 2,
        "sequence": 8,
        "status": 1,
        "fuel": 7432,
        "fault": 0.6856,
        "weapon": 0,
        "pilot_injury": 0.4732,
        "pilot_skill": 0.9104,
        "mission_priority": 0.7424,
        "estimated_landing_time": 758.0,
        "wait_time": 0,
        "Landing_success_rate": 0.8956
    },
    {
        "model": 2,
        "sequence": 23,
        "status": 1,
        "fuel": 6962,
        "fault": 0.3475,
        "weapon": 1,
        "pilot_injury": 0.9937,
        "pilot_skill": 0.1997,
        "mission_priority": 0.6172,
        "estimated_landing_time": 2168.0,
        "wait_time": 0,
        "Landing_success_rate": 0.9215
    },
    {
        "model": 2,
        "sequence": 26,
        "status": 1,
        "fuel": 7108,
        "fault": 0.1242,
        "weapon": 0,
        "pilot_injury": 0.0336,
        "pilot_skill": 0.6879,
        "mission_priority": 0.7657,
        "estimated_landing_time": 2450.0,
        "wait_time": 0,
        "Landing_success_rate": 0.9556
    },
    {
        "model": 2,
        "sequence": 24,
        "status": 1,
        "fuel": 7326,
        "fault": 0.0192,
        "weapon": 0,
        "pilot_injury": 0.8379,
        "pilot_skill": 0.2076,
        "mission_priority": 0.2306,
        "estimated_landing_time": 2262.0,
        "wait_time": 0,
        "Landing_success_rate": 0.9843
    },
    {
        "model": 0,
        "sequence": 20,
        "status": 1,
        "fuel": 6532,
        "fault": 0.0569,
        "weapon": 0,
        "pilot_injury": 0.123,
        "pilot_skill": 0.0066,
        "mission_priority": 0.4014,
        "estimated_landing_time": 1886.0,
        "wait_time": 0,
        "Landing_success_rate": 0.923
    },
    {
        "model": 2,
        "sequence": 17,
        "status": 1,
        "fuel": 7092,
        "fault": 0.2913,
        "weapon": 0,
        "pilot_injury": 0.1653,
        "pilot_skill": 0.8153,
        "mission_priority": 0.6845,
        "estimated_landing_time": 1604.0,
        "wait_time": 0,
        "Landing_success_rate": 0.9346
    },
    {
        "model": 2,
        "sequence": 7,
        "status": 1,
        "fuel": 6396,
        "fault": 0.2797,
        "weapon": 1,
        "pilot_injury": 0.933,
        "pilot_skill": 0.2658,
        "mission_priority": 0.1487,
        "estimated_landing_time": 664.0,
        "wait_time": 0,
        "Landing_success_rate": 0.8984
    },
    {
        "model": 1,
        "sequence": 27,
        "status": 1,
        "fuel": 6111,
        "fault": 0.2813,
        "weapon": 0,
        "pilot_injury": 0.9484,
        "pilot_skill": 0.2162,
        "mission_priority": 0.4381,
        "estimated_landing_time": 2544.0,
        "wait_time": 0,
        "Landing_success_rate": 0.8829
    },
    {
        "model": 0,
        "sequence": 30,
        "status": 1,
        "fuel": 6791,
        "fault": 0.8574,
        "weapon": 0,
        "pilot_injury": 0.3525,
        "pilot_skill": 0.5392,
        "mission_priority": 0.0938,
        "estimated_landing_time": 2826.0,
        "wait_time": 0,
        "Landing_success_rate": 0.8638
    },
    {
        "model": 0,
        "sequence": 2,
        "status": 1,
        "fuel": 7328,
        "fault": 0.7951,
        "weapon": 1,
        "pilot_injury": 0.7975,
        "pilot_skill": 0.6864,
        "mission_priority": 0.4553,
        "estimated_landing_time": 194.0,
        "wait_time": 0,
        "Landing_success_rate": 0.8781
    },
    {
        "model": 0,
        "sequence": 12,
        "status": 1,
        "fuel": 6283,
        "fault": 0.1813,
        "weapon": 0,
        "pilot_injury": 0.2855,
        "pilot_skill": 0.481,
        "mission_priority": 0.203,
        "estimated_landing_time": 1134.0,
        "wait_time": 0,
        "Landing_success_rate": 0.8981
    },
    {
        "model": 1,
        "sequence": 28,
        "status": 1,
        "fuel": 6312,
        "fault": 0.5565,
        "weapon": 0,
        "pilot_injury": 0.8269,
        "pilot_skill": 0.2508,
        "mission_priority": 0.5463,
        "estimated_landing_time": 2638.0,
        "wait_time": 0,
        "Landing_success_rate": 0.877
    },
    {
        "model": 0,
        "sequence": 25,
        "status": 1,
        "fuel": 7033,
        "fault": 0.3917,
        "weapon": 0,
        "pilot_injury": 0.029,
        "pilot_skill": 0.4757,
        "mission_priority": 0.2926,
        "estimated_landing_time": 2356.0,
        "wait_time": 0,
        "Landing_success_rate": 0.9199
    },
    {
        "model": 2,
        "sequence": 22,
        "status": 1,
        "fuel": 5637,
        "fault": 0.5314,
        "weapon": 1,
        "pilot_injury": 0.207,
        "pilot_skill": 0.3158,
        "mission_priority": 0.0778,
        "estimated_landing_time": 2074.0,
        "wait_time": 0,
        "Landing_success_rate": 0.8548
    },
    {
        "model": 0,
        "sequence": 10,
        "status": 1,
        "fuel": 6101,
        "fault": 0.9489,
        "weapon": 0,
        "pilot_injury": 0.2123,
        "pilot_skill": 0.7545,
        "mission_priority": 0.529,
        "estimated_landing_time": 946.0,
        "wait_time": 0,
        "Landing_success_rate": 0.8523
    },
    {
        "model": 2,
        "sequence": 21,
        "status": 1,
        "fuel": 6189,
        "fault": 0.599,
        "weapon": 1,
        "pilot_injury": 0.1163,
        "pilot_skill": 0.2498,
        "mission_priority": 0.7312,
        "estimated_landing_time": 1980.0,
        "wait_time": 0,
        "Landing_success_rate": 0.8707
    },
    {
        "model": 0,
        "sequence": 5,
        "status": 1,
        "fuel": 6954,
        "fault": 0.1724,
        "weapon": 0,
        "pilot_injury": 0.5887,
        "pilot_skill": 0.0347,
        "mission_priority": 0.0774,
        "estimated_landing_time": 476.0,
        "wait_time": 0,
        "Landing_success_rate": 0.9402
    },
    {
        "model": 0,
        "sequence": 4,
        "status": 1,
        "fuel": 7063,
        "fault": 0.2905,
        "weapon": 1,
        "pilot_injury": 0.0813,
        "pilot_skill": 0.8223,
        "mission_priority": 0.1025,
        "estimated_landing_time": 382.0,
        "wait_time": 0,
        "Landing_success_rate": 0.9332
    },
    {
        "model": 2,
        "sequence": 14,
        "status": 1,
        "fuel": 6524,
        "fault": 0.8042,
        "weapon": 1,
        "pilot_injury": 0.1531,
        "pilot_skill": 0.1472,
        "mission_priority": 0.9266,
        "estimated_landing_time": 1322.0,
        "wait_time": 0,
        "Landing_success_rate": 0.865
    },
    {
        "model": 1,
        "sequence": 3,
        "status": 1,
        "fuel": 6146,
        "fault": 0.245,
        "weapon": 1,
        "pilot_injury": 0.3044,
        "pilot_skill": 0.7493,
        "mission_priority": 0.2111,
        "estimated_landing_time": 288.0,
        "wait_time": 0,
        "Landing_success_rate": 0.8866
    },
    {
        "model": 1,
        "sequence": 18,
        "status": 1,
        "fuel": 7438,
        "fault": 0.4207,
        "weapon": 1,
        "pilot_injury": 0.9426,
        "pilot_skill": 0.3527,
        "mission_priority": 0.114,
        "estimated_landing_time": 1698.0,
        "wait_time": 0,
        "Landing_success_rate": 0.9342
    },
    {
        "model": 1,
        "sequence": 1,
        "status": 1,
        "fuel": 7040,
        "fault": 0.0795,
        "weapon": 1,
        "pilot_injury": 0.7793,
        "pilot_skill": 0.689,
        "mission_priority": 0.5776,
        "estimated_landing_time": 100.0,
        "wait_time": 0,
        "Landing_success_rate": 0.9563
    },
    {
        "model": 2,
        "sequence": 9,
        "status": 1,
        "fuel": 6028,
        "fault": 0.615,
        "weapon": 1,
        "pilot_injury": 0.0933,
        "pilot_skill": 0.9816,
        "mission_priority": 0.4411,
        "estimated_landing_time": 852.0,
        "wait_time": 0,
        "Landing_success_rate": 0.8652
    },
    {
        "model": 2,
        "sequence": 11,
        "status": 1,
        "fuel": 7280,
        "fault": 0.3636,
        "weapon": 1,
        "pilot_injury": 0.7436,
        "pilot_skill": 0.7201,
        "mission_priority": 0.1453,
        "estimated_landing_time": 1040.0,
        "wait_time": 0,
        "Landing_success_rate": 0.935
    },
    {
        "model": 0,
        "sequence": 29,
        "status": 1,
        "fuel": 5863,
        "fault": 0.4212,
        "weapon": 0,
        "pilot_injury": 0.8897,
        "pilot_skill": 0.2445,
        "mission_priority": 0.927,
        "estimated_landing_time": 2732.0,
        "wait_time": 0,
        "Landing_success_rate": 0.8658
    }
]