[
    {
        "model": 2,
        "sequence": 3,
        "status": 1,
        "fuel": 7005,
        "fault": 0.5917,
        "weapon": 0,
        "pilot_injury": 0.7504,
        "pilot_skill": 0.5762,
        "mission_priority": 0.602,
        "estimated_landing_time": 288.0,
        "wait_time": 0,
        "Landing_success_rate": 0.8961
    },
    {
        "model": 0,
        "sequence": 10,
        "status": 1,
        "fuel": 6117,
        "fault": 0.0235,
        "weapon": 1,
        "pilot_injury": 0.2399,
        "pilot_skill": 0.3907,
        "mission_priority": 0.7812,
        "estimated_landing_time": 946.0,
        "wait_time": 0,
        "Landing_success_rate": 0.8952
    },
    {
        "model": 2,
        "sequence": 27,
        "status": 1,
        "fuel": 5826,
        "fault": 0.4897,
        "weapon": 0,
        "pilot_injury": 0.8389,
        "pilot_skill": 0.8955,
        "mission_priority": 0.2973,
        "estimated_landing_time": 2544.0,
        "wait_time": 0,
        "Landing_success_rate": 0.8625
    },
    {
        "model": 2,
        "sequence": 6,
        "status": 1,
        "fuel": 6206,
        "fault": 0.3108,
        "weapon": 1,
        "pilot_injury": 0.5559,
        "pilot_skill": 0.3056,
        "mission_priority": 0.2635,
        "estimated_landing_time": 570.0,
        "wait_time": 0,
        "Landing_success_rate": 0.8865
    },
    {
        "model": 2,
        "sequence": 19,
        "status": 1,
        "fuel": 7358,
        "fault": 0.6736,
        "weapon": 0,
        "pilot_injury": 0.5481,
        "pilot_skill": 0.4223,
        "mission_priority": 0.1384,
        "estimated_landing_time": 1792.0,
        "wait_time": 0,
        "Landing_success_rate": 0.8955
    },
    {
        "model": 0,
        "sequence": 28,
        "status": 1,
        "fuel": 7297,
        "fault": 0.7522,
        "weapon": 1,
        "pilot_injury": 0.1236,
        "pilot_skill": 0.0371,
        "mission_priority": 0.1526,
        "estimated_landing_time": 2638.0,
        "wait_time": 0,
        "Landing_success_rate": 0.8834
    },
    {
        "model": 1,
        "sequence": 30,
        "status": 1,
        "fuel": 7283,
        "fault": 0.7566,
        "weapon": 1,
        "pilot_injury": 0.9709,
        "pilot_skill": 0.2721,
        "mission_priority": 0.7898,
        "estimated_landing_time": 2826.0,
        "wait_time": 0,
        "Landing_success_rate": 0.8825
    },
    {
        "model": 2,
        "sequence": 24,
        "status": 1,
        "fuel": 6895,
        "fault": 0.6118,
        "weapon": 1,
        "pilot_injury": 0.2533,
        "pilot_skill": 0.4911,
        "mission_priority": 0.8967,
        "estimated_landing_time": 2262.0,
        "wait_time": 0,
        "Landing_success_rate": 0.8906
    },
    {
        "model": 1,
        "sequence": 13,
        "status": 1,
        "fuel": 6842,
        "fault": 0.3909,
        "weapon": 1,
        "pilot_injury": 0.7576,
        "pilot_skill": 0.6011,
        "mission_priority": 0.4973,
        "estimated_landing_time": 1228.0,
        "wait_time": 0,
        "Landing_success_rate": 0.9113
    },
    {
        "model": 0,
        "sequence": 20,
        "status": 1,
        "fuel": 5583,
        "fault": 0.0854,
        "weapon": 1,
        "pilot_injury": 0.6821,
        "pilot_skill": 0.3562,
        "mission_priority": 0.5174,
        "estimated_landing_time": 1886.0,
        "wait_time": 0,
        "Landing_success_rate": 0.8557
    },
    {
        "model": 1,
        "sequence": 12,
        "status": 1,
        "fuel": 6157,
        "fault": 0.5017,
        "weapon": 0,
        "pilot_injury": 0.1873,
        "pilot_skill": 0.1507,
        "mission_priority": 0.2688,
        "estimated_landing_time": 1134.0,
        "wait_time": 0,
        "Landing_success_rate": 0.8746
    },
    {
        "model": 1,
        "sequence": 9,
        "status": 1,
        "fuel": 6774,
        "fault": 0.1399,
        "weapon": 0,
        "pilot_injury": 0.4559,
        "pilot_skill": 0.9254,
        "mission_priority": 0.9001,
        "estimated_landing_time": 852.0,
        "wait_time": 0,
        "Landing_success_rate": 0.9322
    },
    {
        "model": 1,
        "sequence": 25,
        "status": 1,
        "fuel": 6558,
        "fault": 0.7285,
        "weapon": 0,
        "pilot_injury": 0.9054,
        "pilot_skill": 0.3194,
        "mission_priority": 0.4075,
        "estimated_landing_time": 2356.0,
        "wait_time": 0,
        "Landing_success_rate": 0.8715
    },
    {
        "model": 0,
        "sequence": 21,
        "status": 1,
        "fuel": 5796,
        "fault": 0.1923,
        "weapon": 0,
        "pilot_injury": 0.0487,
        "pilot_skill": 0.1174,
        "mission_priority": 0.8463,
        "estimated_landing_time": 1980.0,
        "wait_time": 0,
        "Landing_success_rate": 0.8679
    },
    {
        "model": 0,
        "sequence": 26,
        "status": 1,
        "fuel": 6843,
        "fault": 0.8031,
        "weapon": 0,
        "pilot_injury": 0.2718,
        "pilot_skill": 0.5984,
        "mission_priority": 0.5646,
        "estimated_landing_time": 2450.0,
        "wait_time": 0,
        "Landing_success_rate": 0.8698
    },
    {
        "model": 0,
        "sequence": 17,
        "status": 1,
        "fuel": 6206,
        "fault": 0.863,
        "weapon": 0,
        "pilot_injury": 0.1925,
        "pilot_skill": 0.615,
        "mission_priority": 0.4464,
        "estimated_landing_time": 1604.0,
        "wait_time": 0,
        "Landing_success_rate": 0.8573
    },
    {
        "model": 0,
        "sequence": 5,
        "status": 1,
        "fuel": 5885,
        "fault": 0.0789,
        "weapon": 1,
        "pilot_injury": 0.3471,
        "pilot_skill": 0.5264,
        "mission_priority": 0.0777,
        "estimated_landing_time": 476.0,
        "wait_time": 0,
        "Landing_success_rate": 0.8766
    },
    {
        "model": 2,
        "sequence": 18,
        "status": 1,
        "fuel": 5786,
        "fault": 0.3842,
        "weapon": 1,
        "pilot_injury": 0.5613,
        "pilot_skill": 0.2576,
        "mission_priority": 0.3258,
        "estimated_landing_time": 1698.0,
        "wait_time": 0,
        "Landing_success_rate": 0.8632
    },
    {
        "model": 0,
        "sequence": 11,
        "status": 1,
        "fuel": 6304,
        "fault": 0.892,
        "weapon": 0,
        "pilot_injury": 0.3252,
        "pilot_skill": 0.3557,
        "mission_priority": 0.8303,
        "estimated_landing_time": 1040.0,
        "wait_time": 0,
        "Landing_success_rate": 0.8565
    },
    {
        "model": 1,
        "sequence": 7,
        "status": 1,
        "fuel": 7495,
        "fault": 0.2274,
        "weapon": 0,
        "pilot_injury": 0.7887,
        "pilot_skill": 0.4797,
        "mission_priority": 0.2637,
        "estimated_landing_time": 664.0,
        "wait_time": 0,
        "Landing_success_rate": 0.9656
    },
    {
        "model": 1,
        "sequence": 1,
        "status": 1,
        "fuel": 5908,
        "fault": 0.0658,
        "weapon": 0,
        "pilot_injury": 0.2682,
        "pilot_skill": 0.1072,
        "mission_priority": 0.867,
        "estimated_landing_time": 100.0,
        "wait_time": 0,
        "Landing_success_rate": 0.8786
    },
    {
        "model": 0,
        "sequence": 4,
        "status": 1,
        "fuel": 7437,
        "fault": 0.2429,
        "weapon": 1,
        "pilot_injury": 0.6634,
        "pilot_skill": 0.1626,
        "mission_priority": 0.6463,
        "estimated_landing_time": 382.0,
        "wait_time": 0,
        "Landing_success_rate": 0.96
    },
    {
        "model": 2,
        "sequence": 2,
        "status": 1,
        "fuel": 5932,
        "fault": 0.6134,
        "weapon": 1,
        "pilot_injury": 0.3479,
        "pilot_skill": 0.7951,
        "mission_priority": 0.7354,
        "estimated_landing_time": 194.0,
        "wait_time": 0,
        "Landing_success_rate": 0.8625
    },
    {
        "model": 2,
        "sequence": 29,
        "status": 1,
        "fuel": 5989,
        "fault": 0.8148,
        "weapon": 0,
        "pilot_injury": 0.9206,
        "pilot_skill": 0.4526,
        "mission_priority": 0.0395,
        "estimated_landing_time": 2732.0,
        "wait_time": 0,
        "Landing_success_rate": 0.8568
    },
    {
        "model": 0,
        "sequence": 15,
        "status": 1,
        "fuel": 5658,
        "fault": 0.4059,
        "weapon": 1,
        "pilot_injury": 0.22,
        "pilot_skill": 0.0994,
        "mission_priority": 0.2852,
        "estimated_landing_time": 1416.0,
        "wait_time": 0,
        "Landing_success_rate": 0.857
    },
    {
        "model": 2,
        "sequence": 22,
        "status": 1,
        "fuel": 6430,
        "fault": 0.8727,
        "weapon": 1,
        "pilot_injury": 0.1461,
        "pilot_skill": 0.7236,
        "mission_priority": 0.2345,
        "estimated_landing_time": 2074.0,
        "wait_time": 0,
        "Landing_success_rate": 0.8589
    },
    {
        "model": 1,
        "sequence": 23,
        "status": 1,
        "fuel": 5567,
        "fault": 0.2757,
        "weapon": 1,
        "pilot_injury": 0.0413,
        "pilot_skill": 0.7727,
        "mission_priority": 0.4101,
        "estimated_landing_time": 2168.0,
        "wait_time": 0,
        "Landing_success_rate": 0.8536
    },
    {
        "model": 2,
        "sequence": 8,
        "status": 1,
        "fuel": 5600,
        "fault": 0.4792,
        "weapon": 1,
        "pilot_injury": 0.5173,
        "pilot_skill": 0.8044,
        "mission_priority": 0.3028,
        "estimated_landing_time": 758.0,
        "wait_time": 0,
        "Landing_success_rate": 0.8539
    },
    {
        "model": 2,
        "sequence": 16,
        "status": 1,
        "fuel": 6005,
        "fault": 0.0591,
        "weapon": 0,
        "pilot_injury": 0.8933,
        "pilot_skill": 0.1997,
        "mission_priority": 0.3019,
        "estimated_landing_time": 1510.0,
        "wait_time": 0,
        "Landing_success_rate": 0.8856
    },
    {
        "model": 0,
        "sequence": 14,
        "status": 1,
        "fuel": 7454,
        "fault": 0.6556,
        "weapon": 0,
        "pilot_injury": 0.2544,
        "pilot_skill": 0.5802,
        "mission_priority": 0.9807,
        "estimated_landing_time": 1322.0,
        "wait_time": 0,
        "Landing_success_rate": 0.9005
    }
]