[
    {
        "model": 2,
        "sequence": 1,
        "status": 1,
        "fuel": 7160,
        "fault": 0.2286,
        "weapon": 0,
        "pilot_injury": 0.3043,
        "pilot_skill": 0.9542,
        "mission_priority": 0.0837,
        "estimated_landing_time": 100.0,
        "wait_time": 0,
        "Landing_success_rate": 0.946
    },
    {
        "model": 0,
        "sequence": 12,
        "status": 1,
        "fuel": 7016,
        "fault": 0.3301,
        "weapon": 0,
        "pilot_injury": 0.4079,
        "pilot_skill": 0.4489,
        "mission_priority": 0.9145,
        "estimated_landing_time": 1134.0,
        "wait_time": 0,
        "Landing_success_rate": 0.9262
    },
    {
        "model": 1,
        "sequence": 11,
        "status": 1,
        "fuel": 6682,
        "fault": 0.8298,
        "weapon": 1,
        "pilot_injury": 0.9518,
        "pilot_skill": 0.4945,
        "mission_priority": 0.4083,
        "estimated_landing_time": 1040.0,
        "wait_time": 0,
        "Landing_success_rate": 0.8651
    },
    {
        "model": 2,
        "sequence": 10,
        "status": 1,
        "fuel": 6969,
        "fault": 0.8824,
        "weapon": 0,
        "pilot_injury": 0.9398,
        "pilot_skill": 0.3972,
        "mission_priority": 0.6963,
        "estimated_landing_time": 946.0,
        "wait_time": 0,
        "Landing_success_rate": 0.863
    },
    {
        "model": 1,
        "sequence": 20,
        "status": 1,
        "fuel": 6171,
        "fault": 0.1597,
        "weapon": 0,
        "pilot_injury": 0.9331,
        "pilot_skill": 0.2679,
        "mission_priority": 0.1049,
        "estimated_landing_time": 1886.0,
        "wait_time": 0,
        "Landing_success_rate": 0.8923
    },
    {
        "model": 1,
        "sequence": 28,
        "status": 1,
        "fuel": 6045,
        "fault": 0.522,
        "weapon": 0,
        "pilot_injury": 0.2722,
        "pilot_skill": 0.6386,
        "mission_priority": 0.3502,
        "estimated_landing_time": 2638.0,
        "wait_time": 0,
        "Landing_success_rate": 0.8695
    },
    {
        "model": 0,
        "sequence": 3,
        "status": 1,
        "fuel": 6077,
        "fault": 0.0689,
        "weapon": 1,
        "pilot_injury": 0.4976,
        "pilot_skill": 0.3481,
        "mission_priority": 0.073,
        "estimated_landing_time": 288.0,
        "wait_time": 0,
        "Landing_success_rate": 0.8903
    },
    {
        "model": 1,
        "sequence": 24,
        "status": 1,
        "fuel": 5906,
        "fault": 0.8614,
        "weapon": 1,
        "pilot_injury": 0.953,
        "pilot_skill": 0.0766,
        "mission_priority": 0.7974,
        "estimated_landing_time": 2262.0,
        "wait_time": 0,
        "Landing_success_rate": 0.8542
    },
    {
        "model": 2,
        "sequence": 30,
        "status": 1,
        "fuel": 6426,
        "fault": 0.9832,
        "weapon": 1,
        "pilot_injury": 0.342,
        "pilot_skill": 0.1144,
        "mission_priority": 0.612,
        "estimated_landing_time": 2826.0,
        "wait_time": 0,
        "Landing_success_rate": 0.8512
    },
    {
        "model": 1,
        "sequence": 25,
        "status": 1,
        "fuel": 6287,
        "fault": 0.2822,
        "weapon": 1,
        "pilot_injury": 0.0218,
        "pilot_skill": 0.8838,
        "mission_priority": 0.6978,
        "estimated_landing_time": 2356.0,
        "wait_time": 0,
        "Landing_success_rate": 0.8924
    },
    {
        "model": 2,
        "sequence": 27,
        "status": 1,
        "fuel": 7144,
        "fault": 0.1682,
        "weapon": 0,
        "pilot_injury": 0.8905,
        "pilot_skill": 0.4192,
        "mission_priority": 0.8976,
        "estimated_landing_time": 2544.0,
        "wait_time": 0,
        "Landing_success_rate": 0.9526
    },
    {
        "model": 1,
        "sequence": 29,
        "status": 1,
        "fuel": 5528,
        "fault": 0.0878,
        "weapon": 0,
        "pilot_injury": 0.6734,
        "pilot_skill": 0.5543,
        "mission_priority": 0.0618,
        "estimated_landing_time": 2732.0,
        "wait_time": 0,
        "Landing_success_rate": 0.8519
    },
    {
        "model": 0,
        "sequence": 16,
        "status": 1,
        "fuel": 5893,
        "fault": 0.7064,
        "weapon": 0,
        "pilot_injury": 0.7263,
        "pilot_skill": 0.7167,
        "mission_priority": 0.4437,
        "estimated_landing_time": 1510.0,
        "wait_time": 0,
        "Landing_success_rate": 0.8587
    },
    {
        "model": 0,
        "sequence": 23,
        "status": 1,
        "fuel": 6748,
        "fault": 0.9574,
        "weapon": 1,
        "pilot_injury": 0.9256,
        "pilot_skill": 0.2119,
        "mission_priority": 0.6307,
        "estimated_landing_time": 2168.0,
        "wait_time": 0,
        "Landing_success_rate": 0.854
    },
    {
        "model": 1,
        "sequence": 19,
        "status": 1,
        "fuel": 6229,
        "fault": 0.4119,
        "weapon": 1,
        "pilot_injury": 0.0982,
        "pilot_skill": 0.9902,
        "mission_priority": 0.6109,
        "estimated_landing_time": 1792.0,
        "wait_time": 0,
        "Landing_success_rate": 0.8822
    },
    {
        "model": 0,
        "sequence": 18,
        "status": 1,
        "fuel": 5825,
        "fault": 0.1803,
        "weapon": 1,
        "pilot_injury": 0.6845,
        "pilot_skill": 0.6973,
        "mission_priority": 0.275,
        "estimated_landing_time": 1698.0,
        "wait_time": 0,
        "Landing_success_rate": 0.87
    },
    {
        "model": 1,
        "sequence": 26,
        "status": 1,
        "fuel": 5813,
        "fault": 0.8013,
        "weapon": 1,
        "pilot_injury": 0.635,
        "pilot_skill": 0.017,
        "mission_priority": 0.3274,
        "estimated_landing_time": 2450.0,
        "wait_time": 0,
        "Landing_success_rate": 0.8547
    },
    {
        "model": 1,
        "sequence": 6,
        "status": 1,
        "fuel": 5764,
        "fault": 0.4181,
        "weapon": 1,
        "pilot_injury": 0.0983,
        "pilot_skill": 0.0594,
        "mission_priority": 0.6306,
        "estimated_landing_time": 570.0,
        "wait_time": 0,
        "Landing_success_rate": 0.8615
    },
    {
        "model": 0,
        "sequence": 17,
        "status": 1,
        "fuel": 6607,
        "fault": 0.0838,
        "weapon": 0,
        "pilot_injury": 0.06,
        "pilot_skill": 0.738,
        "mission_priority": 0.7668,
        "estimated_landing_time": 1604.0,
        "wait_time": 0,
        "Landing_success_rate": 0.9261
    },
    {
        "model": 0,
        "sequence": 7,
        "status": 1,
        "fuel": 6371,
        "fault": 0.765,
        "weapon": 1,
        "pilot_injury": 0.7733,
        "pilot_skill": 0.5772,
        "mission_priority": 0.4916,
        "estimated_landing_time": 664.0,
        "wait_time": 0,
        "Landing_success_rate": 0.8654
    },
    {
        "model": 1,
        "sequence": 8,
        "status": 1,
        "fuel": 6293,
        "fault": 0.9584,
        "weapon": 0,
        "pilot_injury": 0.2918,
        "pilot_skill": 0.6836,
        "mission_priority": 0.9268,
        "estimated_landing_time": 758.0,
        "wait_time": 0,
        "Landing_success_rate": 0.8525
    },
    {
        "model": 2,
        "sequence": 4,
        "status": 1,
        "fuel": 5763,
        "fault": 0.2041,
        "weapon": 1,
        "pilot_injury": 0.4782,
        "pilot_skill": 0.6275,
        "mission_priority": 0.0016,
        "estimated_landing_time": 382.0,
        "wait_time": 0,
        "Landing_success_rate": 0.8657
    },
    {
        "model": 2,
        "sequence": 13,
        "status": 1,
        "fuel": 5972,
        "fault": 0.7091,
        "weapon": 0,
        "pilot_injury": 0.8935,
        "pilot_skill": 0.0405,
        "mission_priority": 0.5696,
        "estimated_landing_time": 1228.0,
        "wait_time": 0,
        "Landing_success_rate": 0.8603
    },
    {
        "model": 0,
        "sequence": 14,
        "status": 1,
        "fuel": 7147,
        "fault": 0.2367,
        "weapon": 0,
        "pilot_injury": 0.4844,
        "pilot_skill": 0.386,
        "mission_priority": 0.6242,
        "estimated_landing_time": 1322.0,
        "wait_time": 0,
        "Landing_success_rate": 0.9443
    },
    {
        "model": 0,
        "sequence": 9,
        "status": 1,
        "fuel": 6883,
        "fault": 0.4742,
        "weapon": 0,
        "pilot_injury": 0.6178,
        "pilot_skill": 0.5674,
        "mission_priority": 0.9568,
        "estimated_landing_time": 852.0,
        "wait_time": 0,
        "Landing_success_rate": 0.9045
    },
    {
        "model": 2,
        "sequence": 21,
        "status": 1,
        "fuel": 5526,
        "fault": 0.6089,
        "weapon": 0,
        "pilot_injury": 0.8387,
        "pilot_skill": 0.7933,
        "mission_priority": 0.413,
        "estimated_landing_time": 1980.0,
        "wait_time": 0,
        "Landing_success_rate": 0.8508
    },
    {
        "model": 2,
        "sequence": 5,
        "status": 1,
        "fuel": 6712,
        "fault": 0.6669,
        "weapon": 0,
        "pilot_injury": 0.9636,
        "pilot_skill": 0.7193,
        "mission_priority": 0.4076,
        "estimated_landing_time": 476.0,
        "wait_time": 0,
        "Landing_success_rate": 0.8803
    },
    {
        "model": 1,
        "sequence": 2,
        "status": 1,
        "fuel": 7266,
        "fault": 0.1542,
        "weapon": 1,
        "pilot_injury": 0.936,
        "pilot_skill": 0.1302,
        "mission_priority": 0.4603,
        "estimated_landing_time": 194.0,
        "wait_time": 0,
        "Landing_success_rate": 0.962
    },
    {
        "model": 0,
        "sequence": 15,
        "status": 1,
        "fuel": 6377,
        "fault": 0.7189,
        "weapon": 0,
        "pilot_injury": 0.8041,
        "pilot_skill": 0.5521,
        "mission_priority": 0.4151,
        "estimated_landing_time": 1416.0,
        "wait_time": 0,
        "Landing_success_rate": 0.8685
    },
    {
        "model": 1,
        "sequence": 22,
        "status": 1,
        "fuel": 7234,
        "fault": 0.3794,
        "weapon": 0,
        "pilot_injury": 0.1012,
        "pilot_skill": 0.8988,
        "mission_priority": 0.2942,
        "estimated_landing_time": 2074.0,
        "wait_time": 0,
        "Landing_success_rate": 0.9307
    }
]