[
    {
        "model": 1,
        "sequence": 25,
        "status": 1,
        "fuel": 6360,
        "fault": 0.2897,
        "weapon": 1,
        "pilot_injury": 0.0597,
        "pilot_skill": 0.1735,
        "mission_priority": 0.1726,
        "estimated_landing_time": 2356.0,
        "wait_time": 0,
        "Landing_success_rate": 0.8958
    },
    {
        "model": 1,
        "sequence": 17,
        "status": 1,
        "fuel": 6096,
        "fault": 0.0693,
        "weapon": 0,
        "pilot_injury": 0.2558,
        "pilot_skill": 0.1056,
        "mission_priority": 0.2817,
        "estimated_landing_time": 1604.0,
        "wait_time": 0,
        "Landing_success_rate": 0.8916
    },
    {
        "model": 0,
        "sequence": 21,
        "status": 1,
        "fuel": 5961,
        "fault": 0.4799,
        "weapon": 1,
        "pilot_injury": 0.5011,
        "pilot_skill": 0.5401,
        "mission_priority": 0.4587,
        "estimated_landing_time": 1980.0,
        "wait_time": 0,
        "Landing_success_rate": 0.868
    },
    {
        "model": 1,
        "sequence": 14,
        "status": 1,
        "fuel": 5583,
        "fault": 0.6761,
        "weapon": 1,
        "pilot_injury": 0.6214,
        "pilot_skill": 0.7987,
        "mission_priority": 0.7493,
        "estimated_landing_time": 1322.0,
        "wait_time": 0,
        "Landing_success_rate": 0.852
    },
    {
        "model": 1,
        "sequence": 10,
        "status": 1,
        "fuel": 6373,
        "fault": 0.8184,
        "weapon": 0,
        "pilot_injury": 0.2876,
        "pilot_skill": 0.1168,
        "mission_priority": 0.4307,
        "estimated_landing_time": 946.0,
        "wait_time": 0,
        "Landing_success_rate": 0.8619
    },
    {
        "model": 2,
        "sequence": 7,
        "status": 1,
        "fuel": 6822,
        "fault": 0.1027,
        "weapon": 0,
        "pilot_injury": 0.068,
        "pilot_skill": 0.943,
        "mission_priority": 0.9572,
        "estimated_landing_time": 664.0,
        "wait_time": 0,
        "Landing_success_rate": 0.939
    },
    {
        "model": 1,
        "sequence": 26,
        "status": 1,
        "fuel": 6325,
        "fault": 0.0744,
        "weapon": 1,
        "pilot_injury": 0.8991,
        "pilot_skill": 0.1873,
        "mission_priority": 0.6922,
        "estimated_landing_time": 2450.0,
        "wait_time": 0,
        "Landing_success_rate": 0.9073
    },
    {
        "model": 1,
        "sequence": 16,
        "status": 1,
        "fuel": 5898,
        "fault": 0.0512,
        "weapon": 1,
        "pilot_injury": 0.0062,
        "pilot_skill": 0.6645,
        "mission_priority": 0.6173,
        "estimated_landing_time": 1510.0,
        "wait_time": 0,
        "Landing_success_rate": 0.8783
    },
    {
        "model": 2,
        "sequence": 12,
        "status": 1,
        "fuel": 6873,
        "fault": 0.4779,
        "weapon": 0,
        "pilot_injury": 0.6037,
        "pilot_skill": 0.5417,
        "mission_priority": 0.4526,
        "estimated_landing_time": 1134.0,
        "wait_time": 0,
        "Landing_success_rate": 0.9038
    },
    {
        "model": 0,
        "sequence": 15,
        "status": 1,
        "fuel": 5699,
        "fault": 0.2966,
        "weapon": 0,
        "pilot_injury": 0.3533,
        "pilot_skill": 0.541,
        "mission_priority": 0.9442,
        "estimated_landing_time": 1416.0,
        "wait_time": 0,
        "Landing_success_rate": 0.8605
    },
    {
        "model": 2,
        "sequence": 6,
        "status": 1,
        "fuel": 5579,
        "fault": 0.4179,
        "weapon": 0,
        "pilot_injury": 0.2663,
        "pilot_skill": 0.6796,
        "mission_priority": 0.3641,
        "estimated_landing_time": 570.0,
        "wait_time": 0,
        "Landing_success_rate": 0.8534
    },
    {
        "model": 1,
        "sequence": 24,
        "status": 1,
        "fuel": 6238,
        "fault": 0.977,
        "weapon": 0,
        "pilot_injury": 0.2638,
        "pilot_skill": 0.2063,
        "mission_priority": 0.7774,
        "estimated_landing_time": 2262.0,
        "wait_time": 0,
        "Landing_success_rate": 0.8513
    },
    {
        "model": 2,
        "sequence": 3,
        "status": 1,
        "fuel": 5938,
        "fault": 0.7326,
        "weapon": 0,
        "pilot_injury": 0.5074,
        "pilot_skill": 0.0878,
        "mission_priority": 0.0111,
        "estimated_landing_time": 288.0,
        "wait_time": 0,
        "Landing_success_rate": 0.8588
    },
    {
        "model": 1,
        "sequence": 9,
        "status": 1,
        "fuel": 6967,
        "fault": 0.5576,
        "weapon": 1,
        "pilot_injury": 0.0084,
        "pilot_skill": 0.0485,
        "mission_priority": 0.2194,
        "estimated_landing_time": 852.0,
        "wait_time": 0,
        "Landing_success_rate": 0.8987
    },
    {
        "model": 2,
        "sequence": 4,
        "status": 1,
        "fuel": 7308,
        "fault": 0.8713,
        "weapon": 0,
        "pilot_injury": 0.805,
        "pilot_skill": 0.7595,
        "mission_priority": 0.983,
        "estimated_landing_time": 382.0,
        "wait_time": 0,
        "Landing_success_rate": 0.8675
    },
    {
        "model": 2,
        "sequence": 20,
        "status": 1,
        "fuel": 7358,
        "fault": 0.1713,
        "weapon": 0,
        "pilot_injury": 0.0227,
        "pilot_skill": 0.4971,
        "mission_priority": 0.2717,
        "estimated_landing_time": 1886.0,
        "wait_time": 0,
        "Landing_success_rate": 0.9655
    },
    {
        "model": 0,
        "sequence": 5,
        "status": 1,
        "fuel": 6730,
        "fault": 0.1003,
        "weapon": 1,
        "pilot_injury": 0.9089,
        "pilot_skill": 0.7741,
        "mission_priority": 0.5521,
        "estimated_landing_time": 476.0,
        "wait_time": 0,
        "Landing_success_rate": 0.933
    },
    {
        "model": 1,
        "sequence": 2,
        "status": 1,
        "fuel": 6599,
        "fault": 0.7053,
        "weapon": 1,
        "pilot_injury": 0.6165,
        "pilot_skill": 0.5453,
        "mission_priority": 0.4822,
        "estimated_landing_time": 194.0,
        "wait_time": 0,
        "Landing_success_rate": 0.8743
    },
    {
        "model": 2,
        "sequence": 23,
        "status": 1,
        "fuel": 6933,
        "fault": 0.6955,
        "weapon": 0,
        "pilot_injury": 0.643,
        "pilot_skill": 0.3914,
        "mission_priority": 0.4143,
        "estimated_landing_time": 2168.0,
        "wait_time": 0,
        "Landing_success_rate": 0.8827
    },
    {
        "model": 2,
        "sequence": 8,
        "status": 1,
        "fuel": 5717,
        "fault": 0.0142,
        "weapon": 0,
        "pilot_injury": 0.7858,
        "pilot_skill": 0.0665,
        "mission_priority": 0.1755,
        "estimated_landing_time": 758.0,
        "wait_time": 0,
        "Landing_success_rate": 0.866
    },
    {
        "model": 1,
        "sequence": 30,
        "status": 1,
        "fuel": 5648,
        "fault": 0.5566,
        "weapon": 0,
        "pilot_injury": 0.6712,
        "pilot_skill": 0.3216,
        "mission_priority": 0.4888,
        "estimated_landing_time": 2826.0,
        "wait_time": 0,
        "Landing_success_rate": 0.8549
    },
    {
        "model": 2,
        "sequence": 28,
        "status": 1,
        "fuel": 6156,
        "fault": 0.3833,
        "weapon": 0,
        "pilot_injury": 0.9742,
        "pilot_skill": 0.851,
        "mission_priority": 0.0675,
        "estimated_landing_time": 2638.0,
        "wait_time": 0,
        "Landing_success_rate": 0.8803
    },
    {
        "model": 0,
        "sequence": 18,
        "status": 1,
        "fuel": 6418,
        "fault": 0.1576,
        "weapon": 1,
        "pilot_injury": 0.418,
        "pilot_skill": 0.4364,
        "mission_priority": 0.7943,
        "estimated_landing_time": 1698.0,
        "wait_time": 0,
        "Landing_success_rate": 0.908
    },
    {
        "model": 1,
        "sequence": 22,
        "status": 1,
        "fuel": 5606,
        "fault": 0.9186,
        "weapon": 1,
        "pilot_injury": 0.3546,
        "pilot_skill": 0.228,
        "mission_priority": 0.3587,
        "estimated_landing_time": 2074.0,
        "wait_time": 0,
        "Landing_success_rate": 0.8506
    },
    {
        "model": 0,
        "sequence": 29,
        "status": 1,
        "fuel": 7307,
        "fault": 0.2623,
        "weapon": 1,
        "pilot_injury": 0.0554,
        "pilot_skill": 0.8008,
        "mission_priority": 0.0634,
        "estimated_landing_time": 2732.0,
        "wait_time": 0,
        "Landing_success_rate": 0.95
    },
    {
        "model": 1,
        "sequence": 11,
        "status": 1,
        "fuel": 6656,
        "fault": 0.2246,
        "weapon": 0,
        "pilot_injury": 0.9563,
        "pilot_skill": 0.8333,
        "mission_priority": 0.1011,
        "estimated_landing_time": 1040.0,
        "wait_time": 0,
        "Landing_success_rate": 0.9172
    },
    {
        "model": 0,
        "sequence": 13,
        "status": 1,
        "fuel": 5943,
        "fault": 0.5549,
        "weapon": 1,
        "pilot_injury": 0.0909,
        "pilot_skill": 0.3052,
        "mission_priority": 0.4671,
        "estimated_landing_time": 1228.0,
        "wait_time": 0,
        "Landing_success_rate": 0.8648
    },
    {
        "model": 1,
        "sequence": 19,
        "status": 1,
        "fuel": 6292,
        "fault": 0.9439,
        "weapon": 1,
        "pilot_injury": 0.2007,
        "pilot_skill": 0.6429,
        "mission_priority": 0.9078,
        "estimated_landing_time": 1792.0,
        "wait_time": 0,
        "Landing_success_rate": 0.8533
    },
    {
        "model": 2,
        "sequence": 1,
        "status": 1,
        "fuel": 5738,
        "fault": 0.6233,
        "weapon": 0,
        "pilot_injury": 0.8237,
        "pilot_skill": 0.9666,
        "mission_priority": 0.332,
        "estimated_landing_time": 100.0,
        "wait_time": 0,
        "Landing_success_rate": 0.8567
    },
    {
        "model": 1,
        "sequence": 27,
        "status": 1,
        "fuel": 6166,
        "fault": 0.9798,
        "weapon": 1,
        "pilot_injury": 0.4003,
        "pilot_skill": 0.0523,
        "mission_priority": 0.4878,
        "estimated_landing_time": 2544.0,
        "wait_time": 0,
        "Landing_success_rate": 0.851
    }
]