[
    {
        "model": 2,
        "sequence": 10,
        "status": 1,
        "fuel": 5657,
        "fault": 0.3829,
        "weapon": 0,
        "pilot_injury": 0.8372,
        "pilot_skill": 0.5329,
        "mission_priority": 0.8964,
        "estimated_landing_time": 946.0,
        "wait_time": 0,
        "Landing_success_rate": 0.8573
    },
    {
        "model": 2,
        "sequence": 26,
        "status": 1,
        "fuel": 5766,
        "fault": 0.7007,
        "weapon": 0,
        "pilot_injury": 0.5595,
        "pilot_skill": 0.6978,
        "mission_priority": 0.5409,
        "estimated_landing_time": 2450.0,
        "wait_time": 0,
        "Landing_success_rate": 0.856
    },
    {
        "model": 2,
        "sequence": 6,
        "status": 1,
        "fuel": 7169,
        "fault": 0.3805,
        "weapon": 1,
        "pilot_injury": 0.0655,
        "pilot_skill": 0.6336,
        "mission_priority": 0.7308,
        "estimated_landing_time": 570.0,
        "wait_time": 0,
        "Landing_success_rate": 0.9275
    },
    {
        "model": 0,
        "sequence": 4,
        "status": 1,
        "fuel": 6885,
        "fault": 0.5453,
        "weapon": 0,
        "pilot_injury": 0.6734,
        "pilot_skill": 0.0207,
        "mission_priority": 0.7748,
        "estimated_landing_time": 382.0,
        "wait_time": 0,
        "Landing_success_rate": 0.8972
    },
    {
        "model": 2,
        "sequence": 28,
        "status": 1,
        "fuel": 6232,
        "fault": 0.5207,
        "weapon": 1,
        "pilot_injury": 0.5063,
        "pilot_skill": 0.7151,
        "mission_priority": 0.0572,
        "estimated_landing_time": 2638.0,
        "wait_time": 0,
        "Landing_success_rate": 0.8763
    },
    {
        "model": 1,
        "sequence": 15,
        "status": 1,
        "fuel": 6735,
        "fault": 0.1477,
        "weapon": 1,
        "pilot_injury": 0.4778,
        "pilot_skill": 0.4868,
        "mission_priority": 0.7771,
        "estimated_landing_time": 1416.0,
        "wait_time": 0,
        "Landing_success_rate": 0.9289
    },
    {
        "model": 0,
        "sequence": 1,
        "status": 1,
        "fuel": 6737,
        "fault": 0.9934,
        "weapon": 1,
        "pilot_injury": 0.6631,
        "pilot_skill": 0.4128,
        "mission_priority": 0.2989,
        "estimated_landing_time": 100.0,
        "wait_time": 0,
        "Landing_success_rate": 0.8506
    },
    {
        "model": 1,
        "sequence": 9,
        "status": 1,
        "fuel": 7458,
        "fault": 0.0468,
        "weapon": 0,
        "pilot_injury": 0.7898,
        "pilot_skill": 0.5247,
        "mission_priority": 0.206,
        "estimated_landing_time": 852.0,
        "wait_time": 0,
        "Landing_success_rate": 0.99
    },
    {
        "model": 2,
        "sequence": 5,
        "status": 1,
        "fuel": 7491,
        "fault": 0.2719,
        "weapon": 0,
        "pilot_injury": 0.6166,
        "pilot_skill": 0.6693,
        "mission_priority": 0.4053,
        "estimated_landing_time": 476.0,
        "wait_time": 0,
        "Landing_success_rate": 0.9587
    },
    {
        "model": 1,
        "sequence": 30,
        "status": 1,
        "fuel": 6699,
        "fault": 0.5558,
        "weapon": 0,
        "pilot_injury": 0.5761,
        "pilot_skill": 0.667,
        "mission_priority": 0.1275,
        "estimated_landing_time": 2826.0,
        "wait_time": 0,
        "Landing_success_rate": 0.8899
    },
    {
        "model": 1,
        "sequence": 11,
        "status": 1,
        "fuel": 6668,
        "fault": 0.3207,
        "weapon": 0,
        "pilot_injury": 0.3667,
        "pilot_skill": 0.9294,
        "mission_priority": 0.0539,
        "estimated_landing_time": 1040.0,
        "wait_time": 0,
        "Landing_success_rate": 0.9095
    },
    {
        "model": 2,
        "sequence": 8,
        "status": 1,
        "fuel": 6250,
        "fault": 0.2479,
        "weapon": 0,
        "pilot_injury": 0.324,
        "pilot_skill": 0.5107,
        "mission_priority": 0.4009,
        "estimated_landing_time": 758.0,
        "wait_time": 0,
        "Landing_success_rate": 0.8923
    },
    {
        "model": 1,
        "sequence": 23,
        "status": 1,
        "fuel": 6516,
        "fault": 0.768,
        "weapon": 0,
        "pilot_injury": 0.6042,
        "pilot_skill": 0.8735,
        "mission_priority": 0.544,
        "estimated_landing_time": 2168.0,
        "wait_time": 0,
        "Landing_success_rate": 0.8677
    },
    {
        "model": 2,
        "sequence": 24,
        "status": 1,
        "fuel": 7119,
        "fault": 0.1242,
        "weapon": 0,
        "pilot_injury": 0.4537,
        "pilot_skill": 0.9406,
        "mission_priority": 0.5934,
        "estimated_landing_time": 2262.0,
        "wait_time": 0,
        "Landing_success_rate": 0.9563
    },
    {
        "model": 2,
        "sequence": 20,
        "status": 1,
        "fuel": 5657,
        "fault": 0.3744,
        "weapon": 1,
        "pilot_injury": 0.5324,
        "pilot_skill": 0.7952,
        "mission_priority": 0.0956,
        "estimated_landing_time": 1886.0,
        "wait_time": 0,
        "Landing_success_rate": 0.8574
    },
    {
        "model": 2,
        "sequence": 25,
        "status": 1,
        "fuel": 6111,
        "fault": 0.909,
        "weapon": 1,
        "pilot_injury": 0.3629,
        "pilot_skill": 0.0821,
        "mission_priority": 0.8796,
        "estimated_landing_time": 2356.0,
        "wait_time": 0,
        "Landing_success_rate": 0.8542
    },
    {
        "model": 1,
        "sequence": 17,
        "status": 1,
        "fuel": 5812,
        "fault": 0.9209,
        "weapon": 1,
        "pilot_injury": 0.2703,
        "pilot_skill": 0.2597,
        "mission_priority": 0.3568,
        "estimated_landing_time": 1604.0,
        "wait_time": 0,
        "Landing_success_rate": 0.8519
    },
    {
        "model": 1,
        "sequence": 12,
        "status": 1,
        "fuel": 6401,
        "fault": 0.7891,
        "weapon": 1,
        "pilot_injury": 0.6428,
        "pilot_skill": 0.8289,
        "mission_priority": 0.8605,
        "estimated_landing_time": 1134.0,
        "wait_time": 0,
        "Landing_success_rate": 0.8643
    },
    {
        "model": 1,
        "sequence": 7,
        "status": 1,
        "fuel": 7491,
        "fault": 0.6103,
        "weapon": 1,
        "pilot_injury": 0.9778,
        "pilot_skill": 0.8168,
        "mission_priority": 0.7979,
        "estimated_landing_time": 664.0,
        "wait_time": 0,
        "Landing_success_rate": 0.9082
    },
    {
        "model": 0,
        "sequence": 14,
        "status": 1,
        "fuel": 6140,
        "fault": 0.4837,
        "weapon": 0,
        "pilot_injury": 0.8946,
        "pilot_skill": 0.8046,
        "mission_priority": 0.5168,
        "estimated_landing_time": 1322.0,
        "wait_time": 0,
        "Landing_success_rate": 0.8748
    },
    {
        "model": 1,
        "sequence": 18,
        "status": 1,
        "fuel": 6156,
        "fault": 0.8859,
        "weapon": 0,
        "pilot_injury": 0.5527,
        "pilot_skill": 0.296,
        "mission_priority": 0.2642,
        "estimated_landing_time": 1698.0,
        "wait_time": 0,
        "Landing_success_rate": 0.8556
    },
    {
        "model": 2,
        "sequence": 3,
        "status": 1,
        "fuel": 7168,
        "fault": 0.0296,
        "weapon": 1,
        "pilot_injury": 0.7834,
        "pilot_skill": 0.108,
        "mission_priority": 0.8886,
        "estimated_landing_time": 288.0,
        "wait_time": 0,
        "Landing_success_rate": 0.9714
    },
    {
        "model": 2,
        "sequence": 19,
        "status": 1,
        "fuel": 5594,
        "fault": 0.7208,
        "weapon": 1,
        "pilot_injury": 0.823,
        "pilot_skill": 0.7926,
        "mission_priority": 0.8729,
        "estimated_landing_time": 1792.0,
        "wait_time": 0,
        "Landing_success_rate": 0.852
    },
    {
        "model": 0,
        "sequence": 22,
        "status": 1,
        "fuel": 6048,
        "fault": 0.5853,
        "weapon": 1,
        "pilot_injury": 0.2796,
        "pilot_skill": 0.9343,
        "mission_priority": 0.4374,
        "estimated_landing_time": 2074.0,
        "wait_time": 0,
        "Landing_success_rate": 0.867
    },
    {
        "model": 0,
        "sequence": 27,
        "status": 1,
        "fuel": 5585,
        "fault": 0.7788,
        "weapon": 1,
        "pilot_injury": 0.7874,
        "pilot_skill": 0.1973,
        "mission_priority": 0.8235,
        "estimated_landing_time": 2544.0,
        "wait_time": 0,
        "Landing_success_rate": 0.8514
    },
    {
        "model": 0,
        "sequence": 13,
        "status": 1,
        "fuel": 7472,
        "fault": 0.4438,
        "weapon": 0,
        "pilot_injury": 0.8089,
        "pilot_skill": 0.2902,
        "mission_priority": 0.0769,
        "estimated_landing_time": 1228.0,
        "wait_time": 0,
        "Landing_success_rate": 0.9323
    },
    {
        "model": 0,
        "sequence": 29,
        "status": 1,
        "fuel": 6908,
        "fault": 0.9771,
        "weapon": 1,
        "pilot_injury": 0.4481,
        "pilot_skill": 0.5041,
        "mission_priority": 0.6705,
        "estimated_landing_time": 2732.0,
        "wait_time": 0,
        "Landing_success_rate": 0.8524
    },
    {
        "model": 1,
        "sequence": 16,
        "status": 1,
        "fuel": 6599,
        "fault": 0.834,
        "weapon": 0,
        "pilot_injury": 0.7395,
        "pilot_skill": 0.1802,
        "mission_priority": 0.3841,
        "estimated_landing_time": 1510.0,
        "wait_time": 0,
        "Landing_success_rate": 0.8637
    },
    {
        "model": 1,
        "sequence": 21,
        "status": 1,
        "fuel": 5535,
        "fault": 0.7301,
        "weapon": 1,
        "pilot_injury": 0.2707,
        "pilot_skill": 0.975,
        "mission_priority": 0.1182,
        "estimated_landing_time": 1980.0,
        "wait_time": 0,
        "Landing_success_rate": 0.8507
    },
    {
        "model": 2,
        "sequence": 2,
        "status": 1,
        "fuel": 7043,
        "fault": 0.7932,
        "weapon": 0,
        "pilot_injury": 0.7539,
        "pilot_skill": 0.0366,
        "mission_priority": 0.9879,
        "estimated_landing_time": 194.0,
        "wait_time": 0,
        "Landing_success_rate": 0.8739
    }
]