[
    {
        "model": 2,
        "sequence": 23,
        "status": 1,
        "fuel": 7119,
        "fault": 0.0878,
        "weapon": 1,
        "pilot_injury": 0.4372,
        "pilot_skill": 0.3992,
        "mission_priority": 0.016,
        "estimated_landing_time": 2168.0,
        "wait_time": 0,
        "Landing_success_rate": 0.9608
    },
    {
        "model": 0,
        "sequence": 1,
        "status": 1,
        "fuel": 7281,
        "fault": 0.3946,
        "weapon": 1,
        "pilot_injury": 0.0409,
        "pilot_skill": 0.2459,
        "mission_priority": 0.6644,
        "estimated_landing_time": 100.0,
        "wait_time": 0,
        "Landing_success_rate": 0.9309
    },
    {
        "model": 0,
        "sequence": 2,
        "status": 1,
        "fuel": 6156,
        "fault": 0.0445,
        "weapon": 0,
        "pilot_injury": 0.1126,
        "pilot_skill": 0.9281,
        "mission_priority": 0.914,
        "estimated_landing_time": 194.0,
        "wait_time": 0,
        "Landing_success_rate": 0.897
    },
    {
        "model": 2,
        "sequence": 3,
        "status": 1,
        "fuel": 7019,
        "fault": 0.068,
        "weapon": 0,
        "pilot_injury": 0.2724,
        "pilot_skill": 0.2513,
        "mission_priority": 0.8853,
        "estimated_landing_time": 288.0,
        "wait_time": 0,
        "Landing_success_rate": 0.9562
    },
    {
        "model": 0,
        "sequence": 30,
        "status": 1,
        "fuel": 6183,
        "fault": 0.5882,
        "weapon": 1,
        "pilot_injury": 0.1415,
        "pilot_skill": 0.4741,
        "mission_priority": 0.1733,
        "estimated_landing_time": 2826.0,
        "wait_time": 0,
        "Landing_success_rate": 0.8711
    },
    {
        "model": 2,
        "sequence": 21,
        "status": 1,
        "fuel": 6830,
        "fault": 0.3352,
        "weapon": 1,
        "pilot_injury": 0.4999,
        "pilot_skill": 0.7244,
        "mission_priority": 0.2501,
        "estimated_landing_time": 1980.0,
        "wait_time": 0,
        "Landing_success_rate": 0.9163
    },
    {
        "model": 0,
        "sequence": 8,
        "status": 1,
        "fuel": 5662,
        "fault": 0.3239,
        "weapon": 0,
        "pilot_injury": 0.8524,
        "pilot_skill": 0.5311,
        "mission_priority": 0.1983,
        "estimated_landing_time": 758.0,
        "wait_time": 0,
        "Landing_success_rate": 0.8582
    },
    {
        "model": 0,
        "sequence": 16,
        "status": 1,
        "fuel": 5925,
        "fault": 0.3655,
        "weapon": 1,
        "pilot_injury": 0.1034,
        "pilot_skill": 0.0655,
        "mission_priority": 0.1028,
        "estimated_landing_time": 1510.0,
        "wait_time": 0,
        "Landing_success_rate": 0.8702
    },
    {
        "model": 1,
        "sequence": 13,
        "status": 1,
        "fuel": 5568,
        "fault": 0.9816,
        "weapon": 1,
        "pilot_injury": 0.0021,
        "pilot_skill": 0.1617,
        "mission_priority": 0.3475,
        "estimated_landing_time": 1228.0,
        "wait_time": 0,
        "Landing_success_rate": 0.8501
    },
    {
        "model": 2,
        "sequence": 15,
        "status": 1,
        "fuel": 7050,
        "fault": 0.4058,
        "weapon": 0,
        "pilot_injury": 0.3196,
        "pilot_skill": 0.8119,
        "mission_priority": 0.416,
        "estimated_landing_time": 1416.0,
        "wait_time": 0,
        "Landing_success_rate": 0.9191
    },
    {
        "model": 2,
        "sequence": 5,
        "status": 1,
        "fuel": 7492,
        "fault": 0.2759,
        "weapon": 1,
        "pilot_injury": 0.8537,
        "pilot_skill": 0.857,
        "mission_priority": 0.4946,
        "estimated_landing_time": 476.0,
        "wait_time": 0,
        "Landing_success_rate": 0.9582
    },
    {
        "model": 1,
        "sequence": 18,
        "status": 1,
        "fuel": 5756,
        "fault": 0.4543,
        "weapon": 0,
        "pilot_injury": 0.8618,
        "pilot_skill": 0.2133,
        "mission_priority": 0.7877,
        "estimated_landing_time": 1698.0,
        "wait_time": 0,
        "Landing_success_rate": 0.8605
    },
    {
        "model": 1,
        "sequence": 10,
        "status": 1,
        "fuel": 6419,
        "fault": 0.4515,
        "weapon": 1,
        "pilot_injury": 0.3797,
        "pilot_skill": 0.5883,
        "mission_priority": 0.93,
        "estimated_landing_time": 946.0,
        "wait_time": 0,
        "Landing_success_rate": 0.8878
    },
    {
        "model": 2,
        "sequence": 7,
        "status": 1,
        "fuel": 6435,
        "fault": 0.9946,
        "weapon": 0,
        "pilot_injury": 0.8157,
        "pilot_skill": 0.5873,
        "mission_priority": 0.1303,
        "estimated_landing_time": 664.0,
        "wait_time": 0,
        "Landing_success_rate": 0.8504
    },
    {
        "model": 2,
        "sequence": 4,
        "status": 1,
        "fuel": 5861,
        "fault": 0.9256,
        "weapon": 0,
        "pilot_injury": 0.4973,
        "pilot_skill": 0.8859,
        "mission_priority": 0.6645,
        "estimated_landing_time": 382.0,
        "wait_time": 0,
        "Landing_success_rate": 0.852
    },
    {
        "model": 1,
        "sequence": 12,
        "status": 1,
        "fuel": 6173,
        "fault": 0.5742,
        "weapon": 0,
        "pilot_injury": 0.7593,
        "pilot_skill": 0.2555,
        "mission_priority": 0.2805,
        "estimated_landing_time": 1134.0,
        "wait_time": 0,
        "Landing_success_rate": 0.8715
    },
    {
        "model": 2,
        "sequence": 27,
        "status": 1,
        "fuel": 5768,
        "fault": 0.6434,
        "weapon": 0,
        "pilot_injury": 0.9243,
        "pilot_skill": 0.2163,
        "mission_priority": 0.882,
        "estimated_landing_time": 2544.0,
        "wait_time": 0,
        "Landing_success_rate": 0.8572
    },
    {
        "model": 1,
        "sequence": 14,
        "status": 1,
        "fuel": 5604,
        "fault": 0.0776,
        "weapon": 0,
        "pilot_injury": 0.8482,
        "pilot_skill": 0.3924,
        "mission_priority": 0.6781,
        "estimated_landing_time": 1322.0,
        "wait_time": 0,
        "Landing_success_rate": 0.8572
    },
    {
        "model": 2,
        "sequence": 9,
        "status": 1,
        "fuel": 6201,
        "fault": 0.2775,
        "weapon": 1,
        "pilot_injury": 0.4582,
        "pilot_skill": 0.372,
        "mission_priority": 0.1433,
        "estimated_landing_time": 852.0,
        "wait_time": 0,
        "Landing_success_rate": 0.888
    },
    {
        "model": 1,
        "sequence": 26,
        "status": 1,
        "fuel": 6539,
        "fault": 0.6287,
        "weapon": 1,
        "pilot_injury": 0.2766,
        "pilot_skill": 0.0744,
        "mission_priority": 0.7539,
        "estimated_landing_time": 2450.0,
        "wait_time": 0,
        "Landing_success_rate": 0.8789
    },
    {
        "model": 2,
        "sequence": 17,
        "status": 1,
        "fuel": 5628,
        "fault": 0.6744,
        "weapon": 1,
        "pilot_injury": 0.9561,
        "pilot_skill": 0.3285,
        "mission_priority": 0.7561,
        "estimated_landing_time": 1604.0,
        "wait_time": 0,
        "Landing_success_rate": 0.8531
    },
    {
        "model": 2,
        "sequence": 24,
        "status": 1,
        "fuel": 5793,
        "fault": 0.5812,
        "weapon": 0,
        "pilot_injury": 0.6054,
        "pilot_skill": 0.0367,
        "mission_priority": 0.2108,
        "estimated_landing_time": 2262.0,
        "wait_time": 0,
        "Landing_success_rate": 0.8592
    },
    {
        "model": 0,
        "sequence": 22,
        "status": 1,
        "fuel": 7269,
        "fault": 0.3654,
        "weapon": 0,
        "pilot_injury": 0.7775,
        "pilot_skill": 0.9076,
        "mission_priority": 0.0127,
        "estimated_landing_time": 2074.0,
        "wait_time": 0,
        "Landing_success_rate": 0.9342
    },
    {
        "model": 2,
        "sequence": 11,
        "status": 1,
        "fuel": 5792,
        "fault": 0.9768,
        "weapon": 1,
        "pilot_injury": 0.8612,
        "pilot_skill": 0.1987,
        "mission_priority": 0.7707,
        "estimated_landing_time": 1040.0,
        "wait_time": 0,
        "Landing_success_rate": 0.8505
    },
    {
        "model": 1,
        "sequence": 29,
        "status": 1,
        "fuel": 6810,
        "fault": 0.1668,
        "weapon": 0,
        "pilot_injury": 0.3586,
        "pilot_skill": 0.3293,
        "mission_priority": 0.5702,
        "estimated_landing_time": 2732.0,
        "wait_time": 0,
        "Landing_success_rate": 0.9319
    },
    {
        "model": 0,
        "sequence": 28,
        "status": 1,
        "fuel": 6040,
        "fault": 0.061,
        "weapon": 1,
        "pilot_injury": 0.1892,
        "pilot_skill": 0.4145,
        "mission_priority": 0.7411,
        "estimated_landing_time": 2638.0,
        "wait_time": 0,
        "Landing_success_rate": 0.888
    },
    {
        "model": 1,
        "sequence": 25,
        "status": 1,
        "fuel": 6960,
        "fault": 0.5982,
        "weapon": 0,
        "pilot_injury": 0.1661,
        "pilot_skill": 0.8466,
        "mission_priority": 0.6158,
        "estimated_landing_time": 2356.0,
        "wait_time": 0,
        "Landing_success_rate": 0.894
    },
    {
        "model": 1,
        "sequence": 20,
        "status": 1,
        "fuel": 6436,
        "fault": 0.0398,
        "weapon": 1,
        "pilot_injury": 0.1266,
        "pilot_skill": 0.4143,
        "mission_priority": 0.8779,
        "estimated_landing_time": 1886.0,
        "wait_time": 0,
        "Landing_success_rate": 0.9174
    },
    {
        "model": 1,
        "sequence": 6,
        "status": 1,
        "fuel": 5708,
        "fault": 0.5004,
        "weapon": 0,
        "pilot_injury": 0.2741,
        "pilot_skill": 0.2565,
        "mission_priority": 0.7395,
        "estimated_landing_time": 570.0,
        "wait_time": 0,
        "Landing_success_rate": 0.8578
    },
    {
        "model": 1,
        "sequence": 19,
        "status": 1,
        "fuel": 6150,
        "fault": 0.0026,
        "weapon": 1,
        "pilot_injury": 0.3776,
        "pilot_skill": 0.8364,
        "mission_priority": 0.492,
        "estimated_landing_time": 1792.0,
        "wait_time": 0,
        "Landing_success_rate": 0.8986
    }
]