[
    {
        "model": 1,
        "sequence": 25,
        "status": 1,
        "fuel": 6766,
        "fault": 0.3464,
        "weapon": 0,
        "pilot_injury": 0.8251,
        "pilot_skill": 0.9074,
        "mission_priority": 0.8389,
        "estimated_landing_time": 2356.0,
        "wait_time": 0,
        "Landing_success_rate": 0.9121
    },
    {
        "model": 1,
        "sequence": 17,
        "status": 1,
        "fuel": 6700,
        "fault": 0.763,
        "weapon": 0,
        "pilot_injury": 0.9615,
        "pilot_skill": 0.8154,
        "mission_priority": 0.5471,
        "estimated_landing_time": 1604.0,
        "wait_time": 0,
        "Landing_success_rate": 0.8713
    },
    {
        "model": 2,
        "sequence": 11,
        "status": 1,
        "fuel": 5819,
        "fault": 0.0929,
        "weapon": 0,
        "pilot_injury": 0.3466,
        "pilot_skill": 0.3479,
        "mission_priority": 0.1992,
        "estimated_landing_time": 1040.0,
        "wait_time": 0,
        "Landing_success_rate": 0.8717
    },
    {
        "model": 1,
        "sequence": 29,
        "status": 1,
        "fuel": 5650,
        "fault": 0.2441,
        "weapon": 0,
        "pilot_injury": 0.8596,
        "pilot_skill": 0.6945,
        "mission_priority": 0.7799,
        "estimated_landing_time": 2732.0,
        "wait_time": 0,
        "Landing_success_rate": 0.8585
    },
    {
        "model": 2,
        "sequence": 15,
        "status": 1,
        "fuel": 6827,
        "fault": 0.6334,
        "weapon": 0,
        "pilot_injury": 0.3405,
        "pilot_skill": 0.9659,
        "mission_priority": 0.6388,
        "estimated_landing_time": 1416.0,
        "wait_time": 0,
        "Landing_success_rate": 0.8865
    },
    {
        "model": 1,
        "sequence": 20,
        "status": 1,
        "fuel": 6617,
        "fault": 0.1287,
        "weapon": 0,
        "pilot_injury": 0.421,
        "pilot_skill": 0.0963,
        "mission_priority": 0.2401,
        "estimated_landing_time": 1886.0,
        "wait_time": 0,
        "Landing_success_rate": 0.923
    },
    {
        "model": 0,
        "sequence": 12,
        "status": 1,
        "fuel": 5716,
        "fault": 0.7792,
        "weapon": 0,
        "pilot_injury": 0.1172,
        "pilot_skill": 0.0697,
        "mission_priority": 0.6219,
        "estimated_landing_time": 1134.0,
        "wait_time": 0,
        "Landing_success_rate": 0.8536
    },
    {
        "model": 0,
        "sequence": 23,
        "status": 1,
        "fuel": 5614,
        "fault": 0.5228,
        "weapon": 1,
        "pilot_injury": 0.549,
        "pilot_skill": 0.812,
        "mission_priority": 0.5287,
        "estimated_landing_time": 2168.0,
        "wait_time": 0,
        "Landing_success_rate": 0.8541
    },
    {
        "model": 1,
        "sequence": 22,
        "status": 1,
        "fuel": 6412,
        "fault": 0.3188,
        "weapon": 0,
        "pilot_injury": 0.7712,
        "pilot_skill": 0.8305,
        "mission_priority": 0.9451,
        "estimated_landing_time": 2074.0,
        "wait_time": 0,
        "Landing_success_rate": 0.8966
    },
    {
        "model": 0,
        "sequence": 6,
        "status": 1,
        "fuel": 6175,
        "fault": 0.8755,
        "weapon": 1,
        "pilot_injury": 0.986,
        "pilot_skill": 0.5945,
        "mission_priority": 0.6701,
        "estimated_landing_time": 570.0,
        "wait_time": 0,
        "Landing_success_rate": 0.8563
    },
    {
        "model": 2,
        "sequence": 9,
        "status": 1,
        "fuel": 5770,
        "fault": 0.4543,
        "weapon": 0,
        "pilot_injury": 0.6832,
        "pilot_skill": 0.1045,
        "mission_priority": 0.5068,
        "estimated_landing_time": 852.0,
        "wait_time": 0,
        "Landing_success_rate": 0.8611
    },
    {
        "model": 2,
        "sequence": 24,
        "status": 1,
        "fuel": 7458,
        "fault": 0.2622,
        "weapon": 0,
        "pilot_injury": 0.4132,
        "pilot_skill": 0.1235,
        "mission_priority": 0.3658,
        "estimated_landing_time": 2262.0,
        "wait_time": 0,
        "Landing_success_rate": 0.9583
    },
    {
        "model": 2,
        "sequence": 3,
        "status": 1,
        "fuel": 6229,
        "fault": 0.507,
        "weapon": 0,
        "pilot_injury": 0.0198,
        "pilot_skill": 0.3858,
        "mission_priority": 0.4479,
        "estimated_landing_time": 288.0,
        "wait_time": 0,
        "Landing_success_rate": 0.877
    },
    {
        "model": 1,
        "sequence": 4,
        "status": 1,
        "fuel": 5539,
        "fault": 0.4061,
        "weapon": 0,
        "pilot_injury": 0.7406,
        "pilot_skill": 0.2224,
        "mission_priority": 0.6337,
        "estimated_landing_time": 382.0,
        "wait_time": 0,
        "Landing_success_rate": 0.8517
    },
    {
        "model": 2,
        "sequence": 30,
        "status": 1,
        "fuel": 5771,
        "fault": 0.6742,
        "weapon": 1,
        "pilot_injury": 0.1711,
        "pilot_skill": 0.1445,
        "mission_priority": 0.1014,
        "estimated_landing_time": 2826.0,
        "wait_time": 0,
        "Landing_success_rate": 0.8566
    },
    {
        "model": 0,
        "sequence": 13,
        "status": 1,
        "fuel": 5953,
        "fault": 0.4667,
        "weapon": 1,
        "pilot_injury": 0.0418,
        "pilot_skill": 0.3325,
        "mission_priority": 0.7982,
        "estimated_landing_time": 1228.0,
        "wait_time": 0,
        "Landing_success_rate": 0.8681
    },
    {
        "model": 2,
        "sequence": 5,
        "status": 1,
        "fuel": 6551,
        "fault": 0.2138,
        "weapon": 0,
        "pilot_injury": 0.4357,
        "pilot_skill": 0.876,
        "mission_priority": 0.4764,
        "estimated_landing_time": 476.0,
        "wait_time": 0,
        "Landing_success_rate": 0.912
    },
    {
        "model": 1,
        "sequence": 2,
        "status": 1,
        "fuel": 6162,
        "fault": 0.3302,
        "weapon": 1,
        "pilot_injury": 0.6685,
        "pilot_skill": 0.0257,
        "mission_priority": 0.9644,
        "estimated_landing_time": 194.0,
        "wait_time": 0,
        "Landing_success_rate": 0.8833
    },
    {
        "model": 2,
        "sequence": 18,
        "status": 1,
        "fuel": 7447,
        "fault": 0.6969,
        "weapon": 1,
        "pilot_injury": 0.5592,
        "pilot_skill": 0.514,
        "mission_priority": 0.2407,
        "estimated_landing_time": 1698.0,
        "wait_time": 0,
        "Landing_success_rate": 0.8943
    },
    {
        "model": 0,
        "sequence": 28,
        "status": 1,
        "fuel": 6500,
        "fault": 0.7535,
        "weapon": 0,
        "pilot_injury": 0.1297,
        "pilot_skill": 0.5314,
        "mission_priority": 0.8789,
        "estimated_landing_time": 2638.0,
        "wait_time": 0,
        "Landing_success_rate": 0.8685
    },
    {
        "model": 0,
        "sequence": 19,
        "status": 1,
        "fuel": 7272,
        "fault": 0.7862,
        "weapon": 0,
        "pilot_injury": 0.6004,
        "pilot_skill": 0.6215,
        "mission_priority": 0.3105,
        "estimated_landing_time": 1792.0,
        "wait_time": 0,
        "Landing_success_rate": 0.8784
    },
    {
        "model": 1,
        "sequence": 14,
        "status": 1,
        "fuel": 5983,
        "fault": 0.0865,
        "weapon": 1,
        "pilot_injury": 0.2793,
        "pilot_skill": 0.9657,
        "mission_priority": 0.7054,
        "estimated_landing_time": 1322.0,
        "wait_time": 0,
        "Landing_success_rate": 0.8831
    },
    {
        "model": 2,
        "sequence": 16,
        "status": 1,
        "fuel": 6969,
        "fault": 0.5217,
        "weapon": 0,
        "pilot_injury": 0.1402,
        "pilot_skill": 0.1965,
        "mission_priority": 0.9028,
        "estimated_landing_time": 1510.0,
        "wait_time": 0,
        "Landing_success_rate": 0.9027
    },
    {
        "model": 0,
        "sequence": 27,
        "status": 1,
        "fuel": 6258,
        "fault": 0.8619,
        "weapon": 0,
        "pilot_injury": 0.4983,
        "pilot_skill": 0.7919,
        "mission_priority": 0.3846,
        "estimated_landing_time": 2544.0,
        "wait_time": 0,
        "Landing_success_rate": 0.8579
    },
    {
        "model": 1,
        "sequence": 1,
        "status": 1,
        "fuel": 5508,
        "fault": 0.0602,
        "weapon": 1,
        "pilot_injury": 0.2075,
        "pilot_skill": 0.9939,
        "mission_priority": 0.4563,
        "estimated_landing_time": 100.0,
        "wait_time": 0,
        "Landing_success_rate": 0.8506
    },
    {
        "model": 1,
        "sequence": 26,
        "status": 1,
        "fuel": 6632,
        "fault": 0.7241,
        "weapon": 0,
        "pilot_injury": 0.0765,
        "pilot_skill": 0.6423,
        "mission_priority": 0.0617,
        "estimated_landing_time": 2450.0,
        "wait_time": 0,
        "Landing_success_rate": 0.8734
    },
    {
        "model": 1,
        "sequence": 8,
        "status": 1,
        "fuel": 6998,
        "fault": 0.0371,
        "weapon": 0,
        "pilot_injury": 0.398,
        "pilot_skill": 0.4244,
        "mission_priority": 0.1651,
        "estimated_landing_time": 758.0,
        "wait_time": 0,
        "Landing_success_rate": 0.9582
    },
    {
        "model": 1,
        "sequence": 10,
        "status": 1,
        "fuel": 7008,
        "fault": 0.0458,
        "weapon": 1,
        "pilot_injury": 0.8054,
        "pilot_skill": 0.6615,
        "mission_priority": 0.9678,
        "estimated_landing_time": 946.0,
        "wait_time": 0,
        "Landing_success_rate": 0.9579
    },
    {
        "model": 1,
        "sequence": 7,
        "status": 1,
        "fuel": 7260,
        "fault": 0.9002,
        "weapon": 1,
        "pilot_injury": 0.7136,
        "pilot_skill": 0.5919,
        "mission_priority": 0.4365,
        "estimated_landing_time": 664.0,
        "wait_time": 0,
        "Landing_success_rate": 0.8632
    },
    {
        "model": 1,
        "sequence": 21,
        "status": 1,
        "fuel": 7388,
        "fault": 0.7509,
        "weapon": 0,
        "pilot_injury": 0.4441,
        "pilot_skill": 0.5786,
        "mission_priority": 0.3154,
        "estimated_landing_time": 1980.0,
        "wait_time": 0,
        "Landing_success_rate": 0.8853
    }
]