[
    {
        "model": 0,
        "sequence": 30,
        "status": 1,
        "fuel": 5500,
        "fault": 0.9651,
        "weapon": 1,
        "pilot_injury": 0.4053,
        "pilot_skill": 0.8518,
        "mission_priority": 0.7429,
        "estimated_landing_time": 2826.0,
        "wait_time": 0,
        "Landing_success_rate": 0.85
    },
    {
        "model": 2,
        "sequence": 1,
        "status": 1,
        "fuel": 5717,
        "fault": 0.306,
        "weapon": 0,
        "pilot_injury": 0.0534,
        "pilot_skill": 0.8824,
        "mission_priority": 0.6383,
        "estimated_landing_time": 100.0,
        "wait_time": 0,
        "Landing_success_rate": 0.8613
    },
    {
        "model": 0,
        "sequence": 28,
        "status": 1,
        "fuel": 6411,
        "fault": 0.4828,
        "weapon": 1,
        "pilot_injury": 0.6143,
        "pilot_skill": 0.4222,
        "mission_priority": 0.1907,
        "estimated_landing_time": 2638.0,
        "wait_time": 0,
        "Landing_success_rate": 0.8853
    },
    {
        "model": 1,
        "sequence": 11,
        "status": 1,
        "fuel": 7171,
        "fault": 0.2863,
        "weapon": 0,
        "pilot_injury": 0.7502,
        "pilot_skill": 0.197,
        "mission_priority": 0.7023,
        "estimated_landing_time": 1040.0,
        "wait_time": 0,
        "Landing_success_rate": 0.9394
    },
    {
        "model": 0,
        "sequence": 21,
        "status": 1,
        "fuel": 7443,
        "fault": 0.7511,
        "weapon": 0,
        "pilot_injury": 0.9003,
        "pilot_skill": 0.4428,
        "mission_priority": 0.6413,
        "estimated_landing_time": 1980.0,
        "wait_time": 0,
        "Landing_success_rate": 0.8863
    },
    {
        "model": 2,
        "sequence": 10,
        "status": 1,
        "fuel": 5909,
        "fault": 0.4604,
        "weapon": 0,
        "pilot_injury": 0.4259,
        "pilot_skill": 0.4967,
        "mission_priority": 0.2615,
        "estimated_landing_time": 946.0,
        "wait_time": 0,
        "Landing_success_rate": 0.8666
    },
    {
        "model": 0,
        "sequence": 6,
        "status": 1,
        "fuel": 5639,
        "fault": 0.6027,
        "weapon": 0,
        "pilot_injury": 0.4758,
        "pilot_skill": 0.1376,
        "mission_priority": 0.3879,
        "estimated_landing_time": 570.0,
        "wait_time": 0,
        "Landing_success_rate": 0.8541
    },
    {
        "model": 2,
        "sequence": 17,
        "status": 1,
        "fuel": 6789,
        "fault": 0.1834,
        "weapon": 0,
        "pilot_injury": 0.422,
        "pilot_skill": 0.2744,
        "mission_priority": 0.3668,
        "estimated_landing_time": 1604.0,
        "wait_time": 0,
        "Landing_success_rate": 0.9289
    },
    {
        "model": 1,
        "sequence": 13,
        "status": 1,
        "fuel": 5760,
        "fault": 0.4222,
        "weapon": 0,
        "pilot_injury": 0.0878,
        "pilot_skill": 0.9288,
        "mission_priority": 0.271,
        "estimated_landing_time": 1228.0,
        "wait_time": 0,
        "Landing_success_rate": 0.8613
    },
    {
        "model": 0,
        "sequence": 8,
        "status": 1,
        "fuel": 7312,
        "fault": 0.358,
        "weapon": 1,
        "pilot_injury": 0.1034,
        "pilot_skill": 0.769,
        "mission_priority": 0.1632,
        "estimated_landing_time": 758.0,
        "wait_time": 0,
        "Landing_success_rate": 0.9372
    },
    {
        "model": 2,
        "sequence": 4,
        "status": 1,
        "fuel": 7407,
        "fault": 0.7531,
        "weapon": 1,
        "pilot_injury": 0.6821,
        "pilot_skill": 0.9719,
        "mission_priority": 0.5097,
        "estimated_landing_time": 382.0,
        "wait_time": 0,
        "Landing_success_rate": 0.8853
    },
    {
        "model": 2,
        "sequence": 27,
        "status": 1,
        "fuel": 6104,
        "fault": 0.5098,
        "weapon": 1,
        "pilot_injury": 0.3839,
        "pilot_skill": 0.1253,
        "mission_priority": 0.8188,
        "estimated_landing_time": 2544.0,
        "wait_time": 0,
        "Landing_success_rate": 0.8722
    },
    {
        "model": 0,
        "sequence": 16,
        "status": 1,
        "fuel": 6087,
        "fault": 0.8595,
        "weapon": 1,
        "pilot_injury": 0.2704,
        "pilot_skill": 0.3564,
        "mission_priority": 0.8869,
        "estimated_landing_time": 1510.0,
        "wait_time": 0,
        "Landing_success_rate": 0.8562
    },
    {
        "model": 0,
        "sequence": 12,
        "status": 1,
        "fuel": 6063,
        "fault": 0.6153,
        "weapon": 0,
        "pilot_injury": 0.3137,
        "pilot_skill": 0.8929,
        "mission_priority": 0.4228,
        "estimated_landing_time": 1134.0,
        "wait_time": 0,
        "Landing_success_rate": 0.8662
    },
    {
        "model": 1,
        "sequence": 24,
        "status": 1,
        "fuel": 6785,
        "fault": 0.5335,
        "weapon": 0,
        "pilot_injury": 0.9783,
        "pilot_skill": 0.5028,
        "mission_priority": 0.1646,
        "estimated_landing_time": 2262.0,
        "wait_time": 0,
        "Landing_success_rate": 0.895
    },
    {
        "model": 2,
        "sequence": 9,
        "status": 1,
        "fuel": 7360,
        "fault": 0.4654,
        "weapon": 1,
        "pilot_injury": 0.8878,
        "pilot_skill": 0.1271,
        "mission_priority": 0.5584,
        "estimated_landing_time": 852.0,
        "wait_time": 0,
        "Landing_success_rate": 0.9246
    },
    {
        "model": 2,
        "sequence": 25,
        "status": 1,
        "fuel": 6989,
        "fault": 0.3161,
        "weapon": 0,
        "pilot_injury": 0.4086,
        "pilot_skill": 0.3046,
        "mission_priority": 0.3024,
        "estimated_landing_time": 2356.0,
        "wait_time": 0,
        "Landing_success_rate": 0.9264
    },
    {
        "model": 0,
        "sequence": 3,
        "status": 1,
        "fuel": 7149,
        "fault": 0.9063,
        "weapon": 1,
        "pilot_injury": 0.4813,
        "pilot_skill": 0.3243,
        "mission_priority": 0.4644,
        "estimated_landing_time": 288.0,
        "wait_time": 0,
        "Landing_success_rate": 0.8616
    },
    {
        "model": 0,
        "sequence": 23,
        "status": 1,
        "fuel": 7026,
        "fault": 0.7596,
        "weapon": 1,
        "pilot_injury": 0.8615,
        "pilot_skill": 0.3715,
        "mission_priority": 0.7058,
        "estimated_landing_time": 2168.0,
        "wait_time": 0,
        "Landing_success_rate": 0.8775
    },
    {
        "model": 1,
        "sequence": 22,
        "status": 1,
        "fuel": 6587,
        "fault": 0.6365,
        "weapon": 1,
        "pilot_injury": 0.438,
        "pilot_skill": 0.1317,
        "mission_priority": 0.9473,
        "estimated_landing_time": 2074.0,
        "wait_time": 0,
        "Landing_success_rate": 0.8796
    },
    {
        "model": 0,
        "sequence": 20,
        "status": 1,
        "fuel": 6355,
        "fault": 0.7097,
        "weapon": 1,
        "pilot_injury": 0.5608,
        "pilot_skill": 0.7229,
        "mission_priority": 0.5325,
        "estimated_landing_time": 1886.0,
        "wait_time": 0,
        "Landing_success_rate": 0.8686
    },
    {
        "model": 0,
        "sequence": 15,
        "status": 1,
        "fuel": 7290,
        "fault": 0.27,
        "weapon": 1,
        "pilot_injury": 0.3831,
        "pilot_skill": 0.5636,
        "mission_priority": 0.3718,
        "estimated_landing_time": 1416.0,
        "wait_time": 0,
        "Landing_success_rate": 0.948
    },
    {
        "model": 1,
        "sequence": 14,
        "status": 1,
        "fuel": 5792,
        "fault": 0.3732,
        "weapon": 0,
        "pilot_injury": 0.8099,
        "pilot_skill": 0.2986,
        "mission_priority": 0.6332,
        "estimated_landing_time": 1322.0,
        "wait_time": 0,
        "Landing_success_rate": 0.8637
    },
    {
        "model": 0,
        "sequence": 29,
        "status": 1,
        "fuel": 7063,
        "fault": 0.8189,
        "weapon": 0,
        "pilot_injury": 0.6905,
        "pilot_skill": 0.9145,
        "mission_priority": 0.6713,
        "estimated_landing_time": 2732.0,
        "wait_time": 0,
        "Landing_success_rate": 0.8712
    },
    {
        "model": 2,
        "sequence": 18,
        "status": 1,
        "fuel": 6200,
        "fault": 0.9318,
        "weapon": 1,
        "pilot_injury": 0.1895,
        "pilot_skill": 0.9124,
        "mission_priority": 0.992,
        "estimated_landing_time": 1698.0,
        "wait_time": 0,
        "Landing_success_rate": 0.8536
    },
    {
        "model": 2,
        "sequence": 19,
        "status": 1,
        "fuel": 5815,
        "fault": 0.0344,
        "weapon": 0,
        "pilot_injury": 0.1351,
        "pilot_skill": 0.0034,
        "mission_priority": 0.5684,
        "estimated_landing_time": 1792.0,
        "wait_time": 0,
        "Landing_success_rate": 0.8728
    },
    {
        "model": 1,
        "sequence": 2,
        "status": 1,
        "fuel": 6373,
        "fault": 0.6946,
        "weapon": 0,
        "pilot_injury": 0.9805,
        "pilot_skill": 0.4507,
        "mission_priority": 0.382,
        "estimated_landing_time": 194.0,
        "wait_time": 0,
        "Landing_success_rate": 0.87
    },
    {
        "model": 1,
        "sequence": 26,
        "status": 1,
        "fuel": 7284,
        "fault": 0.2339,
        "weapon": 1,
        "pilot_injury": 0.3268,
        "pilot_skill": 0.4435,
        "mission_priority": 0.0869,
        "estimated_landing_time": 2450.0,
        "wait_time": 0,
        "Landing_success_rate": 0.9525
    },
    {
        "model": 1,
        "sequence": 7,
        "status": 1,
        "fuel": 7396,
        "fault": 0.455,
        "weapon": 0,
        "pilot_injury": 0.437,
        "pilot_skill": 0.6863,
        "mission_priority": 0.0704,
        "estimated_landing_time": 664.0,
        "wait_time": 0,
        "Landing_success_rate": 0.9275
    },
    {
        "model": 0,
        "sequence": 5,
        "status": 1,
        "fuel": 7414,
        "fault": 0.2754,
        "weapon": 0,
        "pilot_injury": 0.8388,
        "pilot_skill": 0.3185,
        "mission_priority": 0.3135,
        "estimated_landing_time": 476.0,
        "wait_time": 0,
        "Landing_success_rate": 0.954
    }
]