[
    {
        "model": 0,
        "sequence": 8,
        "status": 1,
        "fuel": 6207,
        "fault": 0.7477,
        "weapon": 1,
        "pilot_injury": 0.9892,
        "pilot_skill": 0.0453,
        "mission_priority": 0.3315,
        "estimated_landing_time": 758.0,
        "wait_time": 0,
        "Landing_success_rate": 0.8634
    },
    {
        "model": 0,
        "sequence": 14,
        "status": 1,
        "fuel": 7062,
        "fault": 0.7376,
        "weapon": 0,
        "pilot_injury": 0.8904,
        "pilot_skill": 0.4471,
        "mission_priority": 0.8292,
        "estimated_landing_time": 1322.0,
        "wait_time": 0,
        "Landing_success_rate": 0.8807
    },
    {
        "model": 2,
        "sequence": 19,
        "status": 1,
        "fuel": 6257,
        "fault": 0.3151,
        "weapon": 0,
        "pilot_injury": 0.377,
        "pilot_skill": 0.188,
        "mission_priority": 0.6701,
        "estimated_landing_time": 1792.0,
        "wait_time": 0,
        "Landing_success_rate": 0.8889
    },
    {
        "model": 2,
        "sequence": 16,
        "status": 1,
        "fuel": 5876,
        "fault": 0.5168,
        "weapon": 1,
        "pilot_injury": 0.8759,
        "pilot_skill": 0.4128,
        "mission_priority": 0.9719,
        "estimated_landing_time": 1510.0,
        "wait_time": 0,
        "Landing_success_rate": 0.8636
    },
    {
        "model": 1,
        "sequence": 27,
        "status": 1,
        "fuel": 7193,
        "fault": 0.6493,
        "weapon": 1,
        "pilot_injury": 0.5293,
        "pilot_skill": 0.399,
        "mission_priority": 0.125,
        "estimated_landing_time": 2544.0,
        "wait_time": 0,
        "Landing_success_rate": 0.8945
    },
    {
        "model": 0,
        "sequence": 30,
        "status": 1,
        "fuel": 5541,
        "fault": 0.9751,
        "weapon": 0,
        "pilot_injury": 0.9329,
        "pilot_skill": 0.4405,
        "mission_priority": 0.0654,
        "estimated_landing_time": 2826.0,
        "wait_time": 0,
        "Landing_success_rate": 0.8501
    },
    {
        "model": 2,
        "sequence": 21,
        "status": 1,
        "fuel": 5858,
        "fault": 0.3916,
        "weapon": 0,
        "pilot_injury": 0.3237,
        "pilot_skill": 0.222,
        "mission_priority": 0.3371,
        "estimated_landing_time": 1980.0,
        "wait_time": 0,
        "Landing_success_rate": 0.8663
    },
    {
        "model": 1,
        "sequence": 22,
        "status": 1,
        "fuel": 5805,
        "fault": 0.3213,
        "weapon": 1,
        "pilot_injury": 0.6542,
        "pilot_skill": 0.0744,
        "mission_priority": 0.2815,
        "estimated_landing_time": 2074.0,
        "wait_time": 0,
        "Landing_success_rate": 0.8655
    },
    {
        "model": 1,
        "sequence": 24,
        "status": 1,
        "fuel": 7409,
        "fault": 0.1811,
        "weapon": 1,
        "pilot_injury": 0.1206,
        "pilot_skill": 0.4166,
        "mission_priority": 0.558,
        "estimated_landing_time": 2262.0,
        "wait_time": 0,
        "Landing_success_rate": 0.9672
    },
    {
        "model": 2,
        "sequence": 26,
        "status": 1,
        "fuel": 5966,
        "fault": 0.54,
        "weapon": 1,
        "pilot_injury": 0.7595,
        "pilot_skill": 0.2472,
        "mission_priority": 0.0341,
        "estimated_landing_time": 2450.0,
        "wait_time": 0,
        "Landing_success_rate": 0.8661
    },
    {
        "model": 2,
        "sequence": 25,
        "status": 1,
        "fuel": 6762,
        "fault": 0.2445,
        "weapon": 0,
        "pilot_injury": 0.018,
        "pilot_skill": 0.1289,
        "mission_priority": 0.0651,
        "estimated_landing_time": 2356.0,
        "wait_time": 0,
        "Landing_success_rate": 0.9215
    },
    {
        "model": 1,
        "sequence": 7,
        "status": 1,
        "fuel": 5726,
        "fault": 0.506,
        "weapon": 0,
        "pilot_injury": 0.9103,
        "pilot_skill": 0.7941,
        "mission_priority": 0.2507,
        "estimated_landing_time": 664.0,
        "wait_time": 0,
        "Landing_success_rate": 0.8584
    },
    {
        "model": 1,
        "sequence": 9,
        "status": 1,
        "fuel": 7230,
        "fault": 0.7761,
        "weapon": 1,
        "pilot_injury": 0.0905,
        "pilot_skill": 0.4271,
        "mission_priority": 0.3112,
        "estimated_landing_time": 852.0,
        "wait_time": 0,
        "Landing_success_rate": 0.8791
    },
    {
        "model": 2,
        "sequence": 3,
        "status": 1,
        "fuel": 7135,
        "fault": 0.1415,
        "weapon": 1,
        "pilot_injury": 0.0271,
        "pilot_skill": 0.8587,
        "mission_priority": 0.3306,
        "estimated_landing_time": 288.0,
        "wait_time": 0,
        "Landing_success_rate": 0.9553
    },
    {
        "model": 0,
        "sequence": 4,
        "status": 1,
        "fuel": 6533,
        "fault": 0.2715,
        "weapon": 1,
        "pilot_injury": 0.1659,
        "pilot_skill": 0.2613,
        "mission_priority": 0.17,
        "estimated_landing_time": 382.0,
        "wait_time": 0,
        "Landing_success_rate": 0.9064
    },
    {
        "model": 0,
        "sequence": 1,
        "status": 1,
        "fuel": 6320,
        "fault": 0.7253,
        "weapon": 0,
        "pilot_injury": 0.4345,
        "pilot_skill": 0.8229,
        "mission_priority": 0.4258,
        "estimated_landing_time": 100.0,
        "wait_time": 0,
        "Landing_success_rate": 0.8669
    },
    {
        "model": 0,
        "sequence": 17,
        "status": 1,
        "fuel": 6230,
        "fault": 0.1278,
        "weapon": 1,
        "pilot_injury": 0.8202,
        "pilot_skill": 0.9363,
        "mission_priority": 0.7444,
        "estimated_landing_time": 1604.0,
        "wait_time": 0,
        "Landing_success_rate": 0.8978
    },
    {
        "model": 0,
        "sequence": 12,
        "status": 1,
        "fuel": 6838,
        "fault": 0.8393,
        "weapon": 1,
        "pilot_injury": 0.8393,
        "pilot_skill": 0.5568,
        "mission_priority": 0.7727,
        "estimated_landing_time": 1134.0,
        "wait_time": 0,
        "Landing_success_rate": 0.8661
    },
    {
        "model": 0,
        "sequence": 18,
        "status": 1,
        "fuel": 6823,
        "fault": 0.1929,
        "weapon": 0,
        "pilot_injury": 0.2344,
        "pilot_skill": 0.1538,
        "mission_priority": 0.653,
        "estimated_landing_time": 1698.0,
        "wait_time": 0,
        "Landing_success_rate": 0.9301
    },
    {
        "model": 0,
        "sequence": 20,
        "status": 1,
        "fuel": 7462,
        "fault": 0.4482,
        "weapon": 0,
        "pilot_injury": 0.1465,
        "pilot_skill": 0.9477,
        "mission_priority": 0.704,
        "estimated_landing_time": 1886.0,
        "wait_time": 0,
        "Landing_success_rate": 0.9312
    },
    {
        "model": 0,
        "sequence": 10,
        "status": 1,
        "fuel": 6591,
        "fault": 0.0737,
        "weapon": 1,
        "pilot_injury": 0.3126,
        "pilot_skill": 0.2747,
        "mission_priority": 0.9022,
        "estimated_landing_time": 946.0,
        "wait_time": 0,
        "Landing_success_rate": 0.9258
    },
    {
        "model": 2,
        "sequence": 5,
        "status": 1,
        "fuel": 6118,
        "fault": 0.5246,
        "weapon": 0,
        "pilot_injury": 0.1817,
        "pilot_skill": 0.7195,
        "mission_priority": 0.8482,
        "estimated_landing_time": 476.0,
        "wait_time": 0,
        "Landing_success_rate": 0.872
    },
    {
        "model": 1,
        "sequence": 11,
        "status": 1,
        "fuel": 5914,
        "fault": 0.3411,
        "weapon": 1,
        "pilot_injury": 0.9846,
        "pilot_skill": 0.7973,
        "mission_priority": 0.4679,
        "estimated_landing_time": 1040.0,
        "wait_time": 0,
        "Landing_success_rate": 0.8705
    },
    {
        "model": 1,
        "sequence": 28,
        "status": 1,
        "fuel": 7295,
        "fault": 0.3055,
        "weapon": 1,
        "pilot_injury": 0.9647,
        "pilot_skill": 0.3627,
        "mission_priority": 0.6615,
        "estimated_landing_time": 2638.0,
        "wait_time": 0,
        "Landing_success_rate": 0.9435
    },
    {
        "model": 1,
        "sequence": 23,
        "status": 1,
        "fuel": 5547,
        "fault": 0.0569,
        "weapon": 1,
        "pilot_injury": 0.7676,
        "pilot_skill": 0.4381,
        "mission_priority": 0.4262,
        "estimated_landing_time": 2168.0,
        "wait_time": 0,
        "Landing_success_rate": 0.8533
    },
    {
        "model": 1,
        "sequence": 2,
        "status": 1,
        "fuel": 5819,
        "fault": 0.5801,
        "weapon": 1,
        "pilot_injury": 0.4778,
        "pilot_skill": 0.5929,
        "mission_priority": 0.0661,
        "estimated_landing_time": 194.0,
        "wait_time": 0,
        "Landing_success_rate": 0.86
    },
    {
        "model": 0,
        "sequence": 6,
        "status": 1,
        "fuel": 7135,
        "fault": 0.0216,
        "weapon": 1,
        "pilot_injury": 0.6568,
        "pilot_skill": 0.9281,
        "mission_priority": 0.7198,
        "estimated_landing_time": 570.0,
        "wait_time": 0,
        "Landing_success_rate": 0.97
    },
    {
        "model": 2,
        "sequence": 15,
        "status": 1,
        "fuel": 7062,
        "fault": 0.9595,
        "weapon": 1,
        "pilot_injury": 0.4927,
        "pilot_skill": 0.5648,
        "mission_priority": 0.689,
        "estimated_landing_time": 1416.0,
        "wait_time": 0,
        "Landing_success_rate": 0.8547
    },
    {
        "model": 1,
        "sequence": 13,
        "status": 1,
        "fuel": 6581,
        "fault": 0.3444,
        "weapon": 1,
        "pilot_injury": 0.146,
        "pilot_skill": 0.0676,
        "mission_priority": 0.4693,
        "estimated_landing_time": 1228.0,
        "wait_time": 0,
        "Landing_success_rate": 0.9032
    },
    {
        "model": 0,
        "sequence": 29,
        "status": 1,
        "fuel": 5961,
        "fault": 0.8372,
        "weapon": 1,
        "pilot_injury": 0.6986,
        "pilot_skill": 0.5914,
        "mission_priority": 0.2146,
        "estimated_landing_time": 2732.0,
        "wait_time": 0,
        "Landing_success_rate": 0.8556
    }
]