[
    {
        "model": 2,
        "sequence": 6,
        "status": 1,
        "fuel": 7421,
        "fault": 0.0519,
        "weapon": 0,
        "pilot_injury": 0.248,
        "pilot_skill": 0.6973,
        "mission_priority": 0.8247,
        "estimated_landing_time": 570.0,
        "wait_time": 0,
        "Landing_success_rate": 0.9866
    },
    {
        "model": 0,
        "sequence": 26,
        "status": 1,
        "fuel": 7087,
        "fault": 0.4035,
        "weapon": 1,
        "pilot_injury": 0.9589,
        "pilot_skill": 0.3406,
        "mission_priority": 0.5914,
        "estimated_landing_time": 2450.0,
        "wait_time": 0,
        "Landing_success_rate": 0.921
    },
    {
        "model": 2,
        "sequence": 18,
        "status": 1,
        "fuel": 6530,
        "fault": 0.6661,
        "weapon": 0,
        "pilot_injury": 0.4243,
        "pilot_skill": 0.6041,
        "mission_priority": 0.3723,
        "estimated_landing_time": 1698.0,
        "wait_time": 0,
        "Landing_success_rate": 0.8758
    },
    {
        "model": 2,
        "sequence": 29,
        "status": 1,
        "fuel": 6879,
        "fault": 0.4358,
        "weapon": 1,
        "pilot_injury": 0.14,
        "pilot_skill": 0.668,
        "mission_priority": 0.9567,
        "estimated_landing_time": 2732.0,
        "wait_time": 0,
        "Landing_success_rate": 0.9084
    },
    {
        "model": 2,
        "sequence": 5,
        "status": 1,
        "fuel": 6158,
        "fault": 0.068,
        "weapon": 0,
        "pilot_injury": 0.842,
        "pilot_skill": 0.5055,
        "mission_priority": 0.9232,
        "estimated_landing_time": 476.0,
        "wait_time": 0,
        "Landing_success_rate": 0.896
    },
    {
        "model": 0,
        "sequence": 3,
        "status": 1,
        "fuel": 6585,
        "fault": 0.865,
        "weapon": 0,
        "pilot_injury": 0.6174,
        "pilot_skill": 0.17,
        "mission_priority": 0.3872,
        "estimated_landing_time": 288.0,
        "wait_time": 0,
        "Landing_success_rate": 0.861
    },
    {
        "model": 0,
        "sequence": 20,
        "status": 1,
        "fuel": 6198,
        "fault": 0.0738,
        "weapon": 1,
        "pilot_injury": 0.5872,
        "pilot_skill": 0.7435,
        "mission_priority": 0.1057,
        "estimated_landing_time": 1886.0,
        "wait_time": 0,
        "Landing_success_rate": 0.8985
    },
    {
        "model": 1,
        "sequence": 23,
        "status": 1,
        "fuel": 5747,
        "fault": 0.0084,
        "weapon": 1,
        "pilot_injury": 0.7924,
        "pilot_skill": 0.0649,
        "mission_priority": 0.2252,
        "estimated_landing_time": 2168.0,
        "wait_time": 0,
        "Landing_success_rate": 0.8684
    },
    {
        "model": 2,
        "sequence": 15,
        "status": 1,
        "fuel": 5518,
        "fault": 0.6105,
        "weapon": 1,
        "pilot_injury": 0.4016,
        "pilot_skill": 0.199,
        "mission_priority": 0.4495,
        "estimated_landing_time": 1416.0,
        "wait_time": 0,
        "Landing_success_rate": 0.8505
    },
    {
        "model": 1,
        "sequence": 16,
        "status": 1,
        "fuel": 6896,
        "fault": 0.6065,
        "weapon": 0,
        "pilot_injury": 0.1239,
        "pilot_skill": 0.7147,
        "mission_priority": 0.0045,
        "estimated_landing_time": 1510.0,
        "wait_time": 0,
        "Landing_success_rate": 0.8912
    },
    {
        "model": 0,
        "sequence": 1,
        "status": 1,
        "fuel": 7212,
        "fault": 0.0425,
        "weapon": 1,
        "pilot_injury": 0.4687,
        "pilot_skill": 0.1369,
        "mission_priority": 0.7645,
        "estimated_landing_time": 100.0,
        "wait_time": 0,
        "Landing_success_rate": 0.9729
    },
    {
        "model": 0,
        "sequence": 10,
        "status": 1,
        "fuel": 5782,
        "fault": 0.5493,
        "weapon": 1,
        "pilot_injury": 0.7735,
        "pilot_skill": 0.741,
        "mission_priority": 0.7544,
        "estimated_landing_time": 946.0,
        "wait_time": 0,
        "Landing_success_rate": 0.8595
    },
    {
        "model": 0,
        "sequence": 7,
        "status": 1,
        "fuel": 6209,
        "fault": 0.6401,
        "weapon": 1,
        "pilot_injury": 0.8586,
        "pilot_skill": 0.5079,
        "mission_priority": 0.7194,
        "estimated_landing_time": 664.0,
        "wait_time": 0,
        "Landing_success_rate": 0.8691
    },
    {
        "model": 1,
        "sequence": 14,
        "status": 1,
        "fuel": 6798,
        "fault": 0.6481,
        "weapon": 1,
        "pilot_injury": 0.2554,
        "pilot_skill": 0.3721,
        "mission_priority": 0.7997,
        "estimated_landing_time": 1322.0,
        "wait_time": 0,
        "Landing_success_rate": 0.8843
    },
    {
        "model": 0,
        "sequence": 11,
        "status": 1,
        "fuel": 5677,
        "fault": 0.9504,
        "weapon": 0,
        "pilot_injury": 0.3962,
        "pilot_skill": 0.9684,
        "mission_priority": 0.415,
        "estimated_landing_time": 1040.0,
        "wait_time": 0,
        "Landing_success_rate": 0.8507
    },
    {
        "model": 0,
        "sequence": 27,
        "status": 1,
        "fuel": 5882,
        "fault": 0.5079,
        "weapon": 0,
        "pilot_injury": 0.3098,
        "pilot_skill": 0.641,
        "mission_priority": 0.8076,
        "estimated_landing_time": 2544.0,
        "wait_time": 0,
        "Landing_success_rate": 0.8641
    },
    {
        "model": 0,
        "sequence": 21,
        "status": 1,
        "fuel": 7141,
        "fault": 0.3939,
        "weapon": 1,
        "pilot_injury": 0.8761,
        "pilot_skill": 0.5241,
        "mission_priority": 0.1077,
        "estimated_landing_time": 1980.0,
        "wait_time": 0,
        "Landing_success_rate": 0.9246
    },
    {
        "model": 1,
        "sequence": 30,
        "status": 1,
        "fuel": 6945,
        "fault": 0.4361,
        "weapon": 0,
        "pilot_injury": 0.8682,
        "pilot_skill": 0.1578,
        "mission_priority": 0.7111,
        "estimated_landing_time": 2826.0,
        "wait_time": 0,
        "Landing_success_rate": 0.9111
    },
    {
        "model": 1,
        "sequence": 4,
        "status": 1,
        "fuel": 6476,
        "fault": 0.6403,
        "weapon": 0,
        "pilot_injury": 0.0503,
        "pilot_skill": 0.4819,
        "mission_priority": 0.3915,
        "estimated_landing_time": 382.0,
        "wait_time": 0,
        "Landing_success_rate": 0.8763
    },
    {
        "model": 0,
        "sequence": 12,
        "status": 1,
        "fuel": 5613,
        "fault": 0.5617,
        "weapon": 1,
        "pilot_injury": 0.4873,
        "pilot_skill": 0.8083,
        "mission_priority": 0.9294,
        "estimated_landing_time": 1134.0,
        "wait_time": 0,
        "Landing_success_rate": 0.8537
    },
    {
        "model": 2,
        "sequence": 13,
        "status": 1,
        "fuel": 7334,
        "fault": 0.4184,
        "weapon": 0,
        "pilot_injury": 0.9548,
        "pilot_skill": 0.9629,
        "mission_priority": 0.1904,
        "estimated_landing_time": 1228.0,
        "wait_time": 0,
        "Landing_success_rate": 0.93
    },
    {
        "model": 1,
        "sequence": 25,
        "status": 1,
        "fuel": 6628,
        "fault": 0.5541,
        "weapon": 0,
        "pilot_injury": 0.8223,
        "pilot_skill": 0.685,
        "mission_priority": 0.4715,
        "estimated_landing_time": 2356.0,
        "wait_time": 0,
        "Landing_success_rate": 0.8877
    },
    {
        "model": 1,
        "sequence": 9,
        "status": 1,
        "fuel": 5547,
        "fault": 0.5057,
        "weapon": 1,
        "pilot_injury": 0.2257,
        "pilot_skill": 0.4284,
        "mission_priority": 0.5669,
        "estimated_landing_time": 852.0,
        "wait_time": 0,
        "Landing_success_rate": 0.8517
    },
    {
        "model": 2,
        "sequence": 2,
        "status": 1,
        "fuel": 6119,
        "fault": 0.9446,
        "weapon": 1,
        "pilot_injury": 0.5487,
        "pilot_skill": 0.2792,
        "mission_priority": 0.8369,
        "estimated_landing_time": 194.0,
        "wait_time": 0,
        "Landing_success_rate": 0.8526
    },
    {
        "model": 1,
        "sequence": 24,
        "status": 1,
        "fuel": 6297,
        "fault": 0.1174,
        "weapon": 0,
        "pilot_injury": 0.0575,
        "pilot_skill": 0.4869,
        "mission_priority": 0.1358,
        "estimated_landing_time": 2262.0,
        "wait_time": 0,
        "Landing_success_rate": 0.9028
    },
    {
        "model": 2,
        "sequence": 19,
        "status": 1,
        "fuel": 5617,
        "fault": 0.7119,
        "weapon": 1,
        "pilot_injury": 0.7746,
        "pilot_skill": 0.0652,
        "mission_priority": 0.5133,
        "estimated_landing_time": 1792.0,
        "wait_time": 0,
        "Landing_success_rate": 0.8525
    },
    {
        "model": 2,
        "sequence": 17,
        "status": 1,
        "fuel": 6785,
        "fault": 0.4919,
        "weapon": 1,
        "pilot_injury": 0.6074,
        "pilot_skill": 0.4621,
        "mission_priority": 0.2796,
        "estimated_landing_time": 1604.0,
        "wait_time": 0,
        "Landing_success_rate": 0.899
    },
    {
        "model": 2,
        "sequence": 8,
        "status": 1,
        "fuel": 6392,
        "fault": 0.7416,
        "weapon": 0,
        "pilot_injury": 0.8704,
        "pilot_skill": 0.7336,
        "mission_priority": 0.893,
        "estimated_landing_time": 758.0,
        "wait_time": 0,
        "Landing_success_rate": 0.8673
    },
    {
        "model": 2,
        "sequence": 22,
        "status": 1,
        "fuel": 6903,
        "fault": 0.4078,
        "weapon": 0,
        "pilot_injury": 0.698,
        "pilot_skill": 0.3974,
        "mission_priority": 0.9195,
        "estimated_landing_time": 2074.0,
        "wait_time": 0,
        "Landing_success_rate": 0.9123
    },
    {
        "model": 2,
        "sequence": 28,
        "status": 1,
        "fuel": 6813,
        "fault": 0.9854,
        "weapon": 0,
        "pilot_injury": 0.0145,
        "pilot_skill": 0.5755,
        "mission_priority": 0.742,
        "estimated_landing_time": 2638.0,
        "wait_time": 0,
        "Landing_success_rate": 0.8514
    }
]