[
    {
        "model": 0,
        "sequence": 3,
        "status": 1,
        "fuel": 6768,
        "fault": 0.8119,
        "weapon": 1,
        "pilot_injury": 0.979,
        "pilot_skill": 0.5552,
        "mission_priority": 0.0272,
        "estimated_landing_time": 288.0,
        "wait_time": 0,
        "Landing_success_rate": 0.8679
    },
    {
        "model": 1,
        "sequence": 10,
        "status": 1,
        "fuel": 6713,
        "fault": 0.5661,
        "weapon": 0,
        "pilot_injury": 0.1941,
        "pilot_skill": 0.5344,
        "mission_priority": 0.4548,
        "estimated_landing_time": 946.0,
        "wait_time": 0,
        "Landing_success_rate": 0.8895
    },
    {
        "model": 1,
        "sequence": 16,
        "status": 1,
        "fuel": 6032,
        "fault": 0.8205,
        "weapon": 0,
        "pilot_injury": 0.8344,
        "pilot_skill": 0.5093,
        "mission_priority": 0.2174,
        "estimated_landing_time": 1510.0,
        "wait_time": 0,
        "Landing_success_rate": 0.8572
    },
    {
        "model": 1,
        "sequence": 4,
        "status": 1,
        "fuel": 7023,
        "fault": 0.5487,
        "weapon": 0,
        "pilot_injury": 0.3451,
        "pilot_skill": 0.0711,
        "mission_priority": 0.9148,
        "estimated_landing_time": 382.0,
        "wait_time": 0,
        "Landing_success_rate": 0.9015
    },
    {
        "model": 1,
        "sequence": 24,
        "status": 1,
        "fuel": 6722,
        "fault": 0.46,
        "weapon": 1,
        "pilot_injury": 0.6945,
        "pilot_skill": 0.1242,
        "mission_priority": 0.4331,
        "estimated_landing_time": 2262.0,
        "wait_time": 0,
        "Landing_success_rate": 0.8995
    },
    {
        "model": 2,
        "sequence": 21,
        "status": 1,
        "fuel": 6519,
        "fault": 0.3785,
        "weapon": 1,
        "pilot_injury": 0.7853,
        "pilot_skill": 0.5556,
        "mission_priority": 0.4589,
        "estimated_landing_time": 1980.0,
        "wait_time": 0,
        "Landing_success_rate": 0.8975
    },
    {
        "model": 0,
        "sequence": 8,
        "status": 1,
        "fuel": 6344,
        "fault": 0.5161,
        "weapon": 0,
        "pilot_injury": 0.5386,
        "pilot_skill": 0.6474,
        "mission_priority": 0.9258,
        "estimated_landing_time": 758.0,
        "wait_time": 0,
        "Landing_success_rate": 0.8806
    },
    {
        "model": 2,
        "sequence": 23,
        "status": 1,
        "fuel": 6836,
        "fault": 0.3059,
        "weapon": 0,
        "pilot_injury": 0.0458,
        "pilot_skill": 0.5673,
        "mission_priority": 0.645,
        "estimated_landing_time": 2168.0,
        "wait_time": 0,
        "Landing_success_rate": 0.9195
    },
    {
        "model": 1,
        "sequence": 28,
        "status": 1,
        "fuel": 7478,
        "fault": 0.1416,
        "weapon": 1,
        "pilot_injury": 0.6967,
        "pilot_skill": 0.0927,
        "mission_priority": 0.2226,
        "estimated_landing_time": 2638.0,
        "wait_time": 0,
        "Landing_success_rate": 0.9773
    },
    {
        "model": 1,
        "sequence": 29,
        "status": 1,
        "fuel": 7197,
        "fault": 0.2324,
        "weapon": 1,
        "pilot_injury": 0.0162,
        "pilot_skill": 0.1664,
        "mission_priority": 0.2102,
        "estimated_landing_time": 2732.0,
        "wait_time": 0,
        "Landing_success_rate": 0.9477
    },
    {
        "model": 1,
        "sequence": 26,
        "status": 1,
        "fuel": 6283,
        "fault": 0.4285,
        "weapon": 0,
        "pilot_injury": 0.9761,
        "pilot_skill": 0.3879,
        "mission_priority": 0.1428,
        "estimated_landing_time": 2450.0,
        "wait_time": 0,
        "Landing_success_rate": 0.8836
    },
    {
        "model": 2,
        "sequence": 22,
        "status": 1,
        "fuel": 6757,
        "fault": 0.2853,
        "weapon": 1,
        "pilot_injury": 0.9141,
        "pilot_skill": 0.9356,
        "mission_priority": 0.8559,
        "estimated_landing_time": 2074.0,
        "wait_time": 0,
        "Landing_success_rate": 0.9174
    },
    {
        "model": 2,
        "sequence": 11,
        "status": 1,
        "fuel": 7498,
        "fault": 0.8948,
        "weapon": 1,
        "pilot_injury": 0.4286,
        "pilot_skill": 0.4825,
        "mission_priority": 0.9755,
        "estimated_landing_time": 1040.0,
        "wait_time": 0,
        "Landing_success_rate": 0.8658
    },
    {
        "model": 0,
        "sequence": 12,
        "status": 1,
        "fuel": 7143,
        "fault": 0.8265,
        "weapon": 1,
        "pilot_injury": 0.5623,
        "pilot_skill": 0.3911,
        "mission_priority": 0.1206,
        "estimated_landing_time": 1134.0,
        "wait_time": 0,
        "Landing_success_rate": 0.8714
    },
    {
        "model": 0,
        "sequence": 18,
        "status": 1,
        "fuel": 6659,
        "fault": 0.4355,
        "weapon": 1,
        "pilot_injury": 0.2565,
        "pilot_skill": 0.4475,
        "mission_priority": 0.7353,
        "estimated_landing_time": 1698.0,
        "wait_time": 0,
        "Landing_success_rate": 0.8991
    },
    {
        "model": 1,
        "sequence": 13,
        "status": 1,
        "fuel": 6517,
        "fault": 0.5087,
        "weapon": 1,
        "pilot_injury": 0.638,
        "pilot_skill": 0.8176,
        "mission_priority": 0.0259,
        "estimated_landing_time": 1228.0,
        "wait_time": 0,
        "Landing_success_rate": 0.8875
    },
    {
        "model": 2,
        "sequence": 17,
        "status": 1,
        "fuel": 6030,
        "fault": 0.8685,
        "weapon": 0,
        "pilot_injury": 0.9235,
        "pilot_skill": 0.0844,
        "mission_priority": 0.1243,
        "estimated_landing_time": 1604.0,
        "wait_time": 0,
        "Landing_success_rate": 0.8552
    },
    {
        "model": 2,
        "sequence": 14,
        "status": 1,
        "fuel": 5677,
        "fault": 0.7649,
        "weapon": 0,
        "pilot_injury": 0.8745,
        "pilot_skill": 0.7001,
        "mission_priority": 0.4487,
        "estimated_landing_time": 1322.0,
        "wait_time": 0,
        "Landing_success_rate": 0.8531
    },
    {
        "model": 1,
        "sequence": 25,
        "status": 1,
        "fuel": 6375,
        "fault": 0.8074,
        "weapon": 1,
        "pilot_injury": 0.2171,
        "pilot_skill": 0.773,
        "mission_priority": 0.4215,
        "estimated_landing_time": 2356.0,
        "wait_time": 0,
        "Landing_success_rate": 0.8626
    },
    {
        "model": 1,
        "sequence": 27,
        "status": 1,
        "fuel": 6153,
        "fault": 0.233,
        "weapon": 1,
        "pilot_injury": 0.5264,
        "pilot_skill": 0.7553,
        "mission_priority": 0.7861,
        "estimated_landing_time": 2544.0,
        "wait_time": 0,
        "Landing_success_rate": 0.8876
    },
    {
        "model": 1,
        "sequence": 30,
        "status": 1,
        "fuel": 6854,
        "fault": 0.2981,
        "weapon": 0,
        "pilot_injury": 0.867,
        "pilot_skill": 0.8775,
        "mission_priority": 0.4167,
        "estimated_landing_time": 2826.0,
        "wait_time": 0,
        "Landing_success_rate": 0.9213
    },
    {
        "model": 1,
        "sequence": 6,
        "status": 1,
        "fuel": 5759,
        "fault": 0.8347,
        "weapon": 1,
        "pilot_injury": 0.1473,
        "pilot_skill": 0.2122,
        "mission_priority": 0.1348,
        "estimated_landing_time": 570.0,
        "wait_time": 0,
        "Landing_success_rate": 0.8532
    },
    {
        "model": 2,
        "sequence": 15,
        "status": 1,
        "fuel": 5785,
        "fault": 0.9428,
        "weapon": 1,
        "pilot_injury": 0.4034,
        "pilot_skill": 0.8512,
        "mission_priority": 0.6545,
        "estimated_landing_time": 1416.0,
        "wait_time": 0,
        "Landing_success_rate": 0.8512
    },
    {
        "model": 1,
        "sequence": 20,
        "status": 1,
        "fuel": 5969,
        "fault": 0.1524,
        "weapon": 0,
        "pilot_injury": 0.0412,
        "pilot_skill": 0.7945,
        "mission_priority": 0.1963,
        "estimated_landing_time": 1886.0,
        "wait_time": 0,
        "Landing_success_rate": 0.8798
    },
    {
        "model": 0,
        "sequence": 2,
        "status": 1,
        "fuel": 6112,
        "fault": 0.1899,
        "weapon": 1,
        "pilot_injury": 0.1057,
        "pilot_skill": 0.1737,
        "mission_priority": 0.9563,
        "estimated_landing_time": 194.0,
        "wait_time": 0,
        "Landing_success_rate": 0.8872
    },
    {
        "model": 1,
        "sequence": 7,
        "status": 1,
        "fuel": 5840,
        "fault": 0.489,
        "weapon": 1,
        "pilot_injury": 0.7578,
        "pilot_skill": 0.8137,
        "mission_priority": 0.1103,
        "estimated_landing_time": 664.0,
        "wait_time": 0,
        "Landing_success_rate": 0.863
    },
    {
        "model": 1,
        "sequence": 5,
        "status": 1,
        "fuel": 6058,
        "fault": 0.5265,
        "weapon": 1,
        "pilot_injury": 0.5854,
        "pilot_skill": 0.6142,
        "mission_priority": 0.8704,
        "estimated_landing_time": 476.0,
        "wait_time": 0,
        "Landing_success_rate": 0.8698
    },
    {
        "model": 1,
        "sequence": 19,
        "status": 1,
        "fuel": 5918,
        "fault": 0.3372,
        "weapon": 0,
        "pilot_injury": 0.2827,
        "pilot_skill": 0.8455,
        "mission_priority": 0.6124,
        "estimated_landing_time": 1792.0,
        "wait_time": 0,
        "Landing_success_rate": 0.8708
    },
    {
        "model": 0,
        "sequence": 9,
        "status": 1,
        "fuel": 5550,
        "fault": 0.3063,
        "weapon": 0,
        "pilot_injury": 0.9962,
        "pilot_skill": 0.0578,
        "mission_priority": 0.9255,
        "estimated_landing_time": 852.0,
        "wait_time": 0,
        "Landing_success_rate": 0.8526
    },
    {
        "model": 2,
        "sequence": 1,
        "status": 1,
        "fuel": 6815,
        "fault": 0.3045,
        "weapon": 0,
        "pilot_injury": 0.0418,
        "pilot_skill": 0.9222,
        "mission_priority": 0.7594,
        "estimated_landing_time": 100.0,
        "wait_time": 0,
        "Landing_success_rate": 0.9186
    }
]