[
    {
        "model": 1,
        "sequence": 20,
        "status": 1,
        "fuel": 5838,
        "fault": 0.1076,
        "weapon": 1,
        "pilot_injury": 0.9979,
        "pilot_skill": 0.3175,
        "mission_priority": 0.1177,
        "estimated_landing_time": 1886.0,
        "wait_time": 0,
        "Landing_success_rate": 0.8726
    },
    {
        "model": 0,
        "sequence": 4,
        "status": 1,
        "fuel": 6185,
        "fault": 0.19,
        "weapon": 1,
        "pilot_injury": 0.1468,
        "pilot_skill": 0.9027,
        "mission_priority": 0.9939,
        "estimated_landing_time": 382.0,
        "wait_time": 0,
        "Landing_success_rate": 0.8916
    },
    {
        "model": 1,
        "sequence": 15,
        "status": 1,
        "fuel": 7150,
        "fault": 0.9313,
        "weapon": 1,
        "pilot_injury": 0.2393,
        "pilot_skill": 0.172,
        "mission_priority": 0.3821,
        "estimated_landing_time": 1416.0,
        "wait_time": 0,
        "Landing_success_rate": 0.8585
    },
    {
        "model": 1,
        "sequence": 8,
        "status": 1,
        "fuel": 6358,
        "fault": 0.7702,
        "weapon": 0,
        "pilot_injury": 0.5164,
        "pilot_skill": 0.8427,
        "mission_priority": 0.9197,
        "estimated_landing_time": 758.0,
        "wait_time": 0,
        "Landing_success_rate": 0.8648
    },
    {
        "model": 1,
        "sequence": 22,
        "status": 1,
        "fuel": 7213,
        "fault": 0.6207,
        "weapon": 0,
        "pilot_injury": 0.9505,
        "pilot_skill": 0.9231,
        "mission_priority": 0.4117,
        "estimated_landing_time": 2074.0,
        "wait_time": 0,
        "Landing_success_rate": 0.8987
    },
    {
        "model": 0,
        "sequence": 12,
        "status": 1,
        "fuel": 6901,
        "fault": 0.3679,
        "weapon": 1,
        "pilot_injury": 0.937,
        "pilot_skill": 0.0885,
        "mission_priority": 0.4911,
        "estimated_landing_time": 1134.0,
        "wait_time": 0,
        "Landing_success_rate": 0.9164
    },
    {
        "model": 0,
        "sequence": 10,
        "status": 1,
        "fuel": 7118,
        "fault": 0.8491,
        "weapon": 0,
        "pilot_injury": 0.571,
        "pilot_skill": 0.6826,
        "mission_priority": 0.7101,
        "estimated_landing_time": 946.0,
        "wait_time": 0,
        "Landing_success_rate": 0.8683
    },
    {
        "model": 1,
        "sequence": 26,
        "status": 1,
        "fuel": 6446,
        "fault": 0.6967,
        "weapon": 0,
        "pilot_injury": 0.3599,
        "pilot_skill": 0.1775,
        "mission_priority": 0.4733,
        "estimated_landing_time": 2450.0,
        "wait_time": 0,
        "Landing_success_rate": 0.8715
    },
    {
        "model": 2,
        "sequence": 21,
        "status": 1,
        "fuel": 5820,
        "fault": 0.1415,
        "weapon": 0,
        "pilot_injury": 0.7196,
        "pilot_skill": 0.4001,
        "mission_priority": 0.6815,
        "estimated_landing_time": 1980.0,
        "wait_time": 0,
        "Landing_success_rate": 0.8706
    },
    {
        "model": 2,
        "sequence": 6,
        "status": 1,
        "fuel": 6868,
        "fault": 0.9869,
        "weapon": 1,
        "pilot_injury": 0.0341,
        "pilot_skill": 0.5355,
        "mission_priority": 0.6503,
        "estimated_landing_time": 570.0,
        "wait_time": 0,
        "Landing_success_rate": 0.8513
    },
    {
        "model": 2,
        "sequence": 27,
        "status": 1,
        "fuel": 7202,
        "fault": 0.8891,
        "weapon": 1,
        "pilot_injury": 0.5243,
        "pilot_skill": 0.5543,
        "mission_priority": 0.3879,
        "estimated_landing_time": 2544.0,
        "wait_time": 0,
        "Landing_success_rate": 0.8642
    },
    {
        "model": 2,
        "sequence": 18,
        "status": 1,
        "fuel": 7297,
        "fault": 0.805,
        "weapon": 1,
        "pilot_injury": 0.442,
        "pilot_skill": 0.9721,
        "mission_priority": 0.3757,
        "estimated_landing_time": 1698.0,
        "wait_time": 0,
        "Landing_success_rate": 0.8763
    },
    {
        "model": 1,
        "sequence": 5,
        "status": 1,
        "fuel": 5709,
        "fault": 0.1925,
        "weapon": 0,
        "pilot_injury": 0.6569,
        "pilot_skill": 0.4418,
        "mission_priority": 0.2857,
        "estimated_landing_time": 476.0,
        "wait_time": 0,
        "Landing_success_rate": 0.8627
    },
    {
        "model": 1,
        "sequence": 19,
        "status": 1,
        "fuel": 6909,
        "fault": 0.9646,
        "weapon": 1,
        "pilot_injury": 0.9441,
        "pilot_skill": 0.0189,
        "mission_priority": 0.395,
        "estimated_landing_time": 1792.0,
        "wait_time": 0,
        "Landing_success_rate": 0.8537
    },
    {
        "model": 0,
        "sequence": 13,
        "status": 1,
        "fuel": 6336,
        "fault": 0.6598,
        "weapon": 0,
        "pilot_injury": 0.5462,
        "pilot_skill": 0.6141,
        "mission_priority": 0.0102,
        "estimated_landing_time": 1228.0,
        "wait_time": 0,
        "Landing_success_rate": 0.8713
    },
    {
        "model": 2,
        "sequence": 9,
        "status": 1,
        "fuel": 6901,
        "fault": 0.4325,
        "weapon": 1,
        "pilot_injury": 0.923,
        "pilot_skill": 0.7435,
        "mission_priority": 0.5138,
        "estimated_landing_time": 852.0,
        "wait_time": 0,
        "Landing_success_rate": 0.9096
    },
    {
        "model": 1,
        "sequence": 24,
        "status": 1,
        "fuel": 6864,
        "fault": 0.9596,
        "weapon": 1,
        "pilot_injury": 0.8081,
        "pilot_skill": 0.9564,
        "mission_priority": 0.8903,
        "estimated_landing_time": 2262.0,
        "wait_time": 0,
        "Landing_success_rate": 0.8541
    },
    {
        "model": 2,
        "sequence": 7,
        "status": 1,
        "fuel": 7380,
        "fault": 0.3257,
        "weapon": 1,
        "pilot_injury": 0.6296,
        "pilot_skill": 0.1609,
        "mission_priority": 0.4647,
        "estimated_landing_time": 664.0,
        "wait_time": 0,
        "Landing_success_rate": 0.9451
    },
    {
        "model": 2,
        "sequence": 28,
        "status": 1,
        "fuel": 5963,
        "fault": 0.7595,
        "weapon": 0,
        "pilot_injury": 0.8225,
        "pilot_skill": 0.4894,
        "mission_priority": 0.8687,
        "estimated_landing_time": 2638.0,
        "wait_time": 0,
        "Landing_success_rate": 0.8584
    },
    {
        "model": 1,
        "sequence": 14,
        "status": 1,
        "fuel": 6145,
        "fault": 0.9768,
        "weapon": 1,
        "pilot_injury": 0.578,
        "pilot_skill": 0.2322,
        "mission_priority": 0.7681,
        "estimated_landing_time": 1322.0,
        "wait_time": 0,
        "Landing_success_rate": 0.8511
    },
    {
        "model": 1,
        "sequence": 23,
        "status": 1,
        "fuel": 5980,
        "fault": 0.1059,
        "weapon": 1,
        "pilot_injury": 0.2204,
        "pilot_skill": 0.7601,
        "mission_priority": 0.8001,
        "estimated_landing_time": 2168.0,
        "wait_time": 0,
        "Landing_success_rate": 0.8822
    },
    {
        "model": 1,
        "sequence": 17,
        "status": 1,
        "fuel": 6900,
        "fault": 0.2262,
        "weapon": 0,
        "pilot_injury": 0.7737,
        "pilot_skill": 0.2916,
        "mission_priority": 0.2827,
        "estimated_landing_time": 1604.0,
        "wait_time": 0,
        "Landing_success_rate": 0.9312
    },
    {
        "model": 2,
        "sequence": 25,
        "status": 1,
        "fuel": 7418,
        "fault": 0.601,
        "weapon": 0,
        "pilot_injury": 0.5123,
        "pilot_skill": 0.9587,
        "mission_priority": 0.7993,
        "estimated_landing_time": 2356.0,
        "wait_time": 0,
        "Landing_success_rate": 0.9074
    },
    {
        "model": 0,
        "sequence": 30,
        "status": 1,
        "fuel": 6892,
        "fault": 0.1577,
        "weapon": 1,
        "pilot_injury": 0.83,
        "pilot_skill": 0.0732,
        "mission_priority": 0.321,
        "estimated_landing_time": 2826.0,
        "wait_time": 0,
        "Landing_success_rate": 0.9379
    },
    {
        "model": 2,
        "sequence": 11,
        "status": 1,
        "fuel": 7186,
        "fault": 0.2589,
        "weapon": 0,
        "pilot_injury": 0.2591,
        "pilot_skill": 0.6419,
        "mission_priority": 0.3951,
        "estimated_landing_time": 1040.0,
        "wait_time": 0,
        "Landing_success_rate": 0.9437
    },
    {
        "model": 1,
        "sequence": 2,
        "status": 1,
        "fuel": 7242,
        "fault": 0.9896,
        "weapon": 1,
        "pilot_injury": 0.8613,
        "pilot_skill": 0.2058,
        "mission_priority": 0.8773,
        "estimated_landing_time": 194.0,
        "wait_time": 0,
        "Landing_success_rate": 0.8514
    },
    {
        "model": 2,
        "sequence": 1,
        "status": 1,
        "fuel": 5664,
        "fault": 0.8755,
        "weapon": 0,
        "pilot_injury": 0.7792,
        "pilot_skill": 0.4927,
        "mission_priority": 0.2372,
        "estimated_landing_time": 100.0,
        "wait_time": 0,
        "Landing_success_rate": 0.8515
    },
    {
        "model": 0,
        "sequence": 29,
        "status": 1,
        "fuel": 6438,
        "fault": 0.6907,
        "weapon": 1,
        "pilot_injury": 0.2153,
        "pilot_skill": 0.2567,
        "mission_priority": 0.5845,
        "estimated_landing_time": 2732.0,
        "wait_time": 0,
        "Landing_success_rate": 0.8718
    },
    {
        "model": 1,
        "sequence": 16,
        "status": 1,
        "fuel": 6724,
        "fault": 0.7698,
        "weapon": 0,
        "pilot_injury": 0.0974,
        "pilot_skill": 0.7801,
        "mission_priority": 0.1318,
        "estimated_landing_time": 1510.0,
        "wait_time": 0,
        "Landing_success_rate": 0.8711
    },
    {
        "model": 1,
        "sequence": 3,
        "status": 1,
        "fuel": 5744,
        "fault": 0.8053,
        "weapon": 0,
        "pilot_injury": 0.88,
        "pilot_skill": 0.2978,
        "mission_priority": 0.6998,
        "estimated_landing_time": 288.0,
        "wait_time": 0,
        "Landing_success_rate": 0.8536
    }
]