[
    {
        "model": 2,
        "sequence": 22,
        "status": 1,
        "fuel": 6374,
        "fault": 0.1612,
        "weapon": 0,
        "pilot_injury": 0.1568,
        "pilot_skill": 0.8927,
        "mission_priority": 0.109,
        "estimated_landing_time": 2074.0,
        "wait_time": 0,
        "Landing_success_rate": 0.905
    },
    {
        "model": 2,
        "sequence": 4,
        "status": 1,
        "fuel": 5880,
        "fault": 0.0922,
        "weapon": 0,
        "pilot_injury": 0.5987,
        "pilot_skill": 0.3277,
        "mission_priority": 0.6335,
        "estimated_landing_time": 382.0,
        "wait_time": 0,
        "Landing_success_rate": 0.8759
    },
    {
        "model": 1,
        "sequence": 27,
        "status": 1,
        "fuel": 7316,
        "fault": 0.0585,
        "weapon": 0,
        "pilot_injury": 0.3717,
        "pilot_skill": 0.5368,
        "mission_priority": 0.295,
        "estimated_landing_time": 2544.0,
        "wait_time": 0,
        "Landing_success_rate": 0.9782
    },
    {
        "model": 0,
        "sequence": 5,
        "status": 1,
        "fuel": 6666,
        "fault": 0.1867,
        "weapon": 0,
        "pilot_injury": 0.6964,
        "pilot_skill": 0.3663,
        "mission_priority": 0.5336,
        "estimated_landing_time": 476.0,
        "wait_time": 0,
        "Landing_success_rate": 0.9211
    },
    {
        "model": 1,
        "sequence": 11,
        "status": 1,
        "fuel": 5917,
        "fault": 0.5482,
        "weapon": 1,
        "pilot_injury": 0.9724,
        "pilot_skill": 0.5409,
        "mission_priority": 0.4608,
        "estimated_landing_time": 1040.0,
        "wait_time": 0,
        "Landing_success_rate": 0.8641
    },
    {
        "model": 1,
        "sequence": 15,
        "status": 1,
        "fuel": 7080,
        "fault": 0.0918,
        "weapon": 0,
        "pilot_injury": 0.822,
        "pilot_skill": 0.2482,
        "mission_priority": 0.5425,
        "estimated_landing_time": 1416.0,
        "wait_time": 0,
        "Landing_success_rate": 0.9576
    },
    {
        "model": 2,
        "sequence": 18,
        "status": 1,
        "fuel": 6894,
        "fault": 0.8937,
        "weapon": 1,
        "pilot_injury": 0.483,
        "pilot_skill": 0.2806,
        "mission_priority": 0.3075,
        "estimated_landing_time": 1698.0,
        "wait_time": 0,
        "Landing_success_rate": 0.8611
    },
    {
        "model": 2,
        "sequence": 10,
        "status": 1,
        "fuel": 5821,
        "fault": 0.4939,
        "weapon": 1,
        "pilot_injury": 0.6009,
        "pilot_skill": 0.7184,
        "mission_priority": 0.5469,
        "estimated_landing_time": 946.0,
        "wait_time": 0,
        "Landing_success_rate": 0.8622
    },
    {
        "model": 0,
        "sequence": 16,
        "status": 1,
        "fuel": 6094,
        "fault": 0.3981,
        "weapon": 1,
        "pilot_injury": 0.7134,
        "pilot_skill": 0.2374,
        "mission_priority": 0.6715,
        "estimated_landing_time": 1510.0,
        "wait_time": 0,
        "Landing_success_rate": 0.8768
    },
    {
        "model": 1,
        "sequence": 20,
        "status": 1,
        "fuel": 7021,
        "fault": 0.2066,
        "weapon": 0,
        "pilot_injury": 0.4809,
        "pilot_skill": 0.4094,
        "mission_priority": 0.0091,
        "estimated_landing_time": 1886.0,
        "wait_time": 0,
        "Landing_success_rate": 0.9405
    },
    {
        "model": 1,
        "sequence": 12,
        "status": 1,
        "fuel": 5533,
        "fault": 0.4452,
        "weapon": 1,
        "pilot_injury": 0.2883,
        "pilot_skill": 0.0118,
        "mission_priority": 0.7753,
        "estimated_landing_time": 1134.0,
        "wait_time": 0,
        "Landing_success_rate": 0.8514
    },
    {
        "model": 0,
        "sequence": 7,
        "status": 1,
        "fuel": 6131,
        "fault": 0.5686,
        "weapon": 1,
        "pilot_injury": 0.5383,
        "pilot_skill": 0.4609,
        "mission_priority": 0.2194,
        "estimated_landing_time": 664.0,
        "wait_time": 0,
        "Landing_success_rate": 0.8704
    },
    {
        "model": 0,
        "sequence": 28,
        "status": 1,
        "fuel": 6570,
        "fault": 0.7923,
        "weapon": 1,
        "pilot_injury": 0.8684,
        "pilot_skill": 0.0593,
        "mission_priority": 0.9891,
        "estimated_landing_time": 2638.0,
        "wait_time": 0,
        "Landing_success_rate": 0.8667
    },
    {
        "model": 1,
        "sequence": 14,
        "status": 1,
        "fuel": 6995,
        "fault": 0.5648,
        "weapon": 0,
        "pilot_injury": 0.9142,
        "pilot_skill": 0.5535,
        "mission_priority": 0.4046,
        "estimated_landing_time": 1322.0,
        "wait_time": 0,
        "Landing_success_rate": 0.8988
    },
    {
        "model": 1,
        "sequence": 1,
        "status": 1,
        "fuel": 7192,
        "fault": 0.5241,
        "weapon": 0,
        "pilot_injury": 0.9575,
        "pilot_skill": 0.8381,
        "mission_priority": 0.1797,
        "estimated_landing_time": 100.0,
        "wait_time": 0,
        "Landing_success_rate": 0.9104
    },
    {
        "model": 0,
        "sequence": 9,
        "status": 1,
        "fuel": 6170,
        "fault": 0.2578,
        "weapon": 0,
        "pilot_injury": 0.4813,
        "pilot_skill": 0.4282,
        "mission_priority": 0.0676,
        "estimated_landing_time": 852.0,
        "wait_time": 0,
        "Landing_success_rate": 0.8873
    },
    {
        "model": 2,
        "sequence": 21,
        "status": 1,
        "fuel": 6526,
        "fault": 0.4531,
        "weapon": 0,
        "pilot_injury": 0.2097,
        "pilot_skill": 0.622,
        "mission_priority": 0.5366,
        "estimated_landing_time": 1980.0,
        "wait_time": 0,
        "Landing_success_rate": 0.8921
    },
    {
        "model": 1,
        "sequence": 6,
        "status": 1,
        "fuel": 6721,
        "fault": 0.2084,
        "weapon": 0,
        "pilot_injury": 0.7497,
        "pilot_skill": 0.9519,
        "mission_priority": 0.6635,
        "estimated_landing_time": 570.0,
        "wait_time": 0,
        "Landing_success_rate": 0.9225
    },
    {
        "model": 1,
        "sequence": 30,
        "status": 1,
        "fuel": 5947,
        "fault": 0.0729,
        "weapon": 1,
        "pilot_injury": 0.9064,
        "pilot_skill": 0.5897,
        "mission_priority": 0.6823,
        "estimated_landing_time": 2826.0,
        "wait_time": 0,
        "Landing_success_rate": 0.8811
    },
    {
        "model": 1,
        "sequence": 23,
        "status": 1,
        "fuel": 6929,
        "fault": 0.5257,
        "weapon": 1,
        "pilot_injury": 0.5039,
        "pilot_skill": 0.0485,
        "mission_priority": 0.7979,
        "estimated_landing_time": 2168.0,
        "wait_time": 0,
        "Landing_success_rate": 0.9008
    },
    {
        "model": 1,
        "sequence": 3,
        "status": 1,
        "fuel": 6436,
        "fault": 0.676,
        "weapon": 0,
        "pilot_injury": 0.087,
        "pilot_skill": 0.8199,
        "mission_priority": 0.1683,
        "estimated_landing_time": 288.0,
        "wait_time": 0,
        "Landing_success_rate": 0.8727
    },
    {
        "model": 0,
        "sequence": 2,
        "status": 1,
        "fuel": 6876,
        "fault": 0.7849,
        "weapon": 0,
        "pilot_injury": 0.3164,
        "pilot_skill": 0.8601,
        "mission_priority": 0.7718,
        "estimated_landing_time": 194.0,
        "wait_time": 0,
        "Landing_success_rate": 0.8722
    },
    {
        "model": 0,
        "sequence": 26,
        "status": 1,
        "fuel": 6124,
        "fault": 0.1157,
        "weapon": 1,
        "pilot_injury": 0.1895,
        "pilot_skill": 0.2466,
        "mission_priority": 0.3862,
        "estimated_landing_time": 2450.0,
        "wait_time": 0,
        "Landing_success_rate": 0.8914
    },
    {
        "model": 0,
        "sequence": 25,
        "status": 1,
        "fuel": 6181,
        "fault": 0.1641,
        "weapon": 1,
        "pilot_injury": 0.4578,
        "pilot_skill": 0.1844,
        "mission_priority": 0.269,
        "estimated_landing_time": 2356.0,
        "wait_time": 0,
        "Landing_success_rate": 0.8927
    },
    {
        "model": 0,
        "sequence": 8,
        "status": 1,
        "fuel": 6431,
        "fault": 0.8035,
        "weapon": 0,
        "pilot_injury": 0.4585,
        "pilot_skill": 0.6152,
        "mission_priority": 0.6693,
        "estimated_landing_time": 758.0,
        "wait_time": 0,
        "Landing_success_rate": 0.8637
    },
    {
        "model": 0,
        "sequence": 29,
        "status": 1,
        "fuel": 6662,
        "fault": 0.3019,
        "weapon": 1,
        "pilot_injury": 0.284,
        "pilot_skill": 0.5098,
        "mission_priority": 0.3384,
        "estimated_landing_time": 2732.0,
        "wait_time": 0,
        "Landing_success_rate": 0.9108
    },
    {
        "model": 2,
        "sequence": 19,
        "status": 1,
        "fuel": 7220,
        "fault": 0.4511,
        "weapon": 0,
        "pilot_injury": 0.9638,
        "pilot_skill": 0.4001,
        "mission_priority": 0.7116,
        "estimated_landing_time": 1792.0,
        "wait_time": 0,
        "Landing_success_rate": 0.9208
    },
    {
        "model": 2,
        "sequence": 24,
        "status": 1,
        "fuel": 6464,
        "fault": 0.1223,
        "weapon": 0,
        "pilot_injury": 0.5511,
        "pilot_skill": 0.3838,
        "mission_priority": 0.1796,
        "estimated_landing_time": 2262.0,
        "wait_time": 0,
        "Landing_success_rate": 0.9135
    },
    {
        "model": 2,
        "sequence": 13,
        "status": 1,
        "fuel": 6140,
        "fault": 0.2737,
        "weapon": 0,
        "pilot_injury": 0.0588,
        "pilot_skill": 0.6134,
        "mission_priority": 0.4805,
        "estimated_landing_time": 1228.0,
        "wait_time": 0,
        "Landing_success_rate": 0.8849
    },
    {
        "model": 2,
        "sequence": 17,
        "status": 1,
        "fuel": 6982,
        "fault": 0.3018,
        "weapon": 1,
        "pilot_injury": 0.7906,
        "pilot_skill": 0.2012,
        "mission_priority": 0.5861,
        "estimated_landing_time": 1604.0,
        "wait_time": 0,
        "Landing_success_rate": 0.9276
    }
]