[
    {
        "model": 0,
        "sequence": 11,
        "status": 1,
        "fuel": 7076,
        "fault": 0.4921,
        "weapon": 1,
        "pilot_injury": 0.4961,
        "pilot_skill": 0.1598,
        "mission_priority": 0.3658,
        "estimated_landing_time": 1040.0,
        "wait_time": 0,
        "Landing_success_rate": 0.91
    },
    {
        "model": 2,
        "sequence": 21,
        "status": 1,
        "fuel": 7159,
        "fault": 0.6081,
        "weapon": 1,
        "pilot_injury": 0.4906,
        "pilot_skill": 0.7491,
        "mission_priority": 0.7536,
        "estimated_landing_time": 1980.0,
        "wait_time": 0,
        "Landing_success_rate": 0.8988
    },
    {
        "model": 2,
        "sequence": 16,
        "status": 1,
        "fuel": 6700,
        "fault": 0.1741,
        "weapon": 1,
        "pilot_injury": 0.8045,
        "pilot_skill": 0.594,
        "mission_priority": 0.5416,
        "estimated_landing_time": 1510.0,
        "wait_time": 0,
        "Landing_success_rate": 0.9243
    },
    {
        "model": 2,
        "sequence": 17,
        "status": 1,
        "fuel": 5679,
        "fault": 0.9117,
        "weapon": 0,
        "pilot_injury": 0.7783,
        "pilot_skill": 0.6424,
        "mission_priority": 0.2155,
        "estimated_landing_time": 1604.0,
        "wait_time": 0,
        "Landing_success_rate": 0.8512
    },
    {
        "model": 1,
        "sequence": 1,
        "status": 1,
        "fuel": 5747,
        "fault": 0.694,
        "weapon": 1,
        "pilot_injury": 0.419,
        "pilot_skill": 0.2376,
        "mission_priority": 0.1247,
        "estimated_landing_time": 100.0,
        "wait_time": 0,
        "Landing_success_rate": 0.8557
    },
    {
        "model": 2,
        "sequence": 6,
        "status": 1,
        "fuel": 7082,
        "fault": 0.8237,
        "weapon": 0,
        "pilot_injury": 0.4027,
        "pilot_skill": 0.6829,
        "mission_priority": 0.9849,
        "estimated_landing_time": 570.0,
        "wait_time": 0,
        "Landing_success_rate": 0.8709
    },
    {
        "model": 2,
        "sequence": 27,
        "status": 1,
        "fuel": 7130,
        "fault": 0.9929,
        "weapon": 0,
        "pilot_injury": 0.8137,
        "pilot_skill": 0.5961,
        "mission_priority": 0.2528,
        "estimated_landing_time": 2544.0,
        "wait_time": 0,
        "Landing_success_rate": 0.8509
    },
    {
        "model": 0,
        "sequence": 19,
        "status": 1,
        "fuel": 6227,
        "fault": 0.6533,
        "weapon": 0,
        "pilot_injury": 0.5664,
        "pilot_skill": 0.023,
        "mission_priority": 0.1895,
        "estimated_landing_time": 1792.0,
        "wait_time": 0,
        "Landing_success_rate": 0.8689
    },
    {
        "model": 1,
        "sequence": 5,
        "status": 1,
        "fuel": 6132,
        "fault": 0.3632,
        "weapon": 0,
        "pilot_injury": 0.42,
        "pilot_skill": 0.8321,
        "mission_priority": 0.0446,
        "estimated_landing_time": 476.0,
        "wait_time": 0,
        "Landing_success_rate": 0.8802
    },
    {
        "model": 0,
        "sequence": 30,
        "status": 1,
        "fuel": 7004,
        "fault": 0.1867,
        "weapon": 1,
        "pilot_injury": 0.6844,
        "pilot_skill": 0.2361,
        "mission_priority": 0.8637,
        "estimated_landing_time": 2826.0,
        "wait_time": 0,
        "Landing_success_rate": 0.9417
    },
    {
        "model": 0,
        "sequence": 13,
        "status": 1,
        "fuel": 5808,
        "fault": 0.8403,
        "weapon": 1,
        "pilot_injury": 0.2329,
        "pilot_skill": 0.574,
        "mission_priority": 0.8563,
        "estimated_landing_time": 1228.0,
        "wait_time": 0,
        "Landing_success_rate": 0.8537
    },
    {
        "model": 1,
        "sequence": 29,
        "status": 1,
        "fuel": 6290,
        "fault": 0.4795,
        "weapon": 0,
        "pilot_injury": 0.4209,
        "pilot_skill": 0.9048,
        "mission_priority": 0.3345,
        "estimated_landing_time": 2732.0,
        "wait_time": 0,
        "Landing_success_rate": 0.8808
    },
    {
        "model": 1,
        "sequence": 8,
        "status": 1,
        "fuel": 5570,
        "fault": 0.8927,
        "weapon": 0,
        "pilot_injury": 0.6748,
        "pilot_skill": 0.881,
        "mission_priority": 0.5986,
        "estimated_landing_time": 758.0,
        "wait_time": 0,
        "Landing_success_rate": 0.8506
    },
    {
        "model": 1,
        "sequence": 4,
        "status": 1,
        "fuel": 7209,
        "fault": 0.7741,
        "weapon": 0,
        "pilot_injury": 0.9749,
        "pilot_skill": 0.7237,
        "mission_priority": 0.6528,
        "estimated_landing_time": 382.0,
        "wait_time": 0,
        "Landing_success_rate": 0.879
    },
    {
        "model": 0,
        "sequence": 25,
        "status": 1,
        "fuel": 6491,
        "fault": 0.8899,
        "weapon": 0,
        "pilot_injury": 0.2572,
        "pilot_skill": 0.2161,
        "mission_priority": 0.1109,
        "estimated_landing_time": 2356.0,
        "wait_time": 0,
        "Landing_success_rate": 0.8582
    },
    {
        "model": 0,
        "sequence": 14,
        "status": 1,
        "fuel": 5747,
        "fault": 0.926,
        "weapon": 1,
        "pilot_injury": 0.2628,
        "pilot_skill": 0.3352,
        "mission_priority": 0.6246,
        "estimated_landing_time": 1322.0,
        "wait_time": 0,
        "Landing_success_rate": 0.8514
    },
    {
        "model": 1,
        "sequence": 28,
        "status": 1,
        "fuel": 5880,
        "fault": 0.0386,
        "weapon": 1,
        "pilot_injury": 0.749,
        "pilot_skill": 0.4021,
        "mission_priority": 0.9958,
        "estimated_landing_time": 2638.0,
        "wait_time": 0,
        "Landing_success_rate": 0.8774
    },
    {
        "model": 0,
        "sequence": 9,
        "status": 1,
        "fuel": 6441,
        "fault": 0.3354,
        "weapon": 1,
        "pilot_injury": 0.8322,
        "pilot_skill": 0.2468,
        "mission_priority": 0.7508,
        "estimated_landing_time": 852.0,
        "wait_time": 0,
        "Landing_success_rate": 0.8969
    },
    {
        "model": 2,
        "sequence": 10,
        "status": 1,
        "fuel": 6226,
        "fault": 0.7934,
        "weapon": 1,
        "pilot_injury": 0.4033,
        "pilot_skill": 0.7848,
        "mission_priority": 0.112,
        "estimated_landing_time": 946.0,
        "wait_time": 0,
        "Landing_success_rate": 0.8612
    },
    {
        "model": 0,
        "sequence": 3,
        "status": 1,
        "fuel": 6329,
        "fault": 0.827,
        "weapon": 1,
        "pilot_injury": 0.7516,
        "pilot_skill": 0.3896,
        "mission_priority": 0.4664,
        "estimated_landing_time": 288.0,
        "wait_time": 0,
        "Landing_success_rate": 0.8608
    },
    {
        "model": 1,
        "sequence": 24,
        "status": 1,
        "fuel": 6332,
        "fault": 0.7696,
        "weapon": 1,
        "pilot_injury": 0.9926,
        "pilot_skill": 0.4192,
        "mission_priority": 0.2755,
        "estimated_landing_time": 2262.0,
        "wait_time": 0,
        "Landing_success_rate": 0.8644
    },
    {
        "model": 0,
        "sequence": 7,
        "status": 1,
        "fuel": 5991,
        "fault": 0.0565,
        "weapon": 0,
        "pilot_injury": 0.7565,
        "pilot_skill": 0.6492,
        "mission_priority": 0.2465,
        "estimated_landing_time": 664.0,
        "wait_time": 0,
        "Landing_success_rate": 0.8847
    },
    {
        "model": 0,
        "sequence": 12,
        "status": 1,
        "fuel": 6409,
        "fault": 0.2442,
        "weapon": 1,
        "pilot_injury": 0.2693,
        "pilot_skill": 0.3301,
        "mission_priority": 0.1848,
        "estimated_landing_time": 1134.0,
        "wait_time": 0,
        "Landing_success_rate": 0.9015
    },
    {
        "model": 1,
        "sequence": 23,
        "status": 1,
        "fuel": 6653,
        "fault": 0.7973,
        "weapon": 0,
        "pilot_injury": 0.3959,
        "pilot_skill": 0.7372,
        "mission_priority": 0.9916,
        "estimated_landing_time": 2168.0,
        "wait_time": 0,
        "Landing_success_rate": 0.8675
    },
    {
        "model": 2,
        "sequence": 26,
        "status": 1,
        "fuel": 6361,
        "fault": 0.0413,
        "weapon": 0,
        "pilot_injury": 0.3738,
        "pilot_skill": 0.0106,
        "mission_priority": 0.9539,
        "estimated_landing_time": 2450.0,
        "wait_time": 0,
        "Landing_success_rate": 0.9119
    },
    {
        "model": 1,
        "sequence": 22,
        "status": 1,
        "fuel": 5980,
        "fault": 0.5915,
        "weapon": 0,
        "pilot_injury": 0.0298,
        "pilot_skill": 0.759,
        "mission_priority": 0.6701,
        "estimated_landing_time": 2074.0,
        "wait_time": 0,
        "Landing_success_rate": 0.8647
    },
    {
        "model": 0,
        "sequence": 18,
        "status": 1,
        "fuel": 6737,
        "fault": 0.8814,
        "weapon": 0,
        "pilot_injury": 0.9184,
        "pilot_skill": 0.0067,
        "mission_priority": 0.157,
        "estimated_landing_time": 1698.0,
        "wait_time": 0,
        "Landing_success_rate": 0.861
    },
    {
        "model": 2,
        "sequence": 15,
        "status": 1,
        "fuel": 7247,
        "fault": 0.0753,
        "weapon": 0,
        "pilot_injury": 0.9036,
        "pilot_skill": 0.0296,
        "mission_priority": 0.7793,
        "estimated_landing_time": 1416.0,
        "wait_time": 0,
        "Landing_success_rate": 0.9712
    },
    {
        "model": 2,
        "sequence": 2,
        "status": 1,
        "fuel": 6324,
        "fault": 0.2216,
        "weapon": 0,
        "pilot_injury": 0.6414,
        "pilot_skill": 0.0506,
        "mission_priority": 0.2109,
        "estimated_landing_time": 194.0,
        "wait_time": 0,
        "Landing_success_rate": 0.8981
    },
    {
        "model": 0,
        "sequence": 20,
        "status": 1,
        "fuel": 5586,
        "fault": 0.4583,
        "weapon": 0,
        "pilot_injury": 0.0595,
        "pilot_skill": 0.813,
        "mission_priority": 0.4235,
        "estimated_landing_time": 1886.0,
        "wait_time": 0,
        "Landing_success_rate": 0.8535
    }
]