[
    {
        "model": 2,
        "sequence": 3,
        "status": 1,
        "fuel": 5866,
        "fault": 0.4705,
        "weapon": 1,
        "pilot_injury": 0.7867,
        "pilot_skill": 0.859,
        "mission_priority": 0.1748,
        "estimated_landing_time": 288.0,
        "wait_time": 0,
        "Landing_success_rate": 0.8645
    },
    {
        "model": 0,
        "sequence": 18,
        "status": 1,
        "fuel": 6211,
        "fault": 0.6767,
        "weapon": 1,
        "pilot_injury": 0.9231,
        "pilot_skill": 0.6669,
        "mission_priority": 0.2079,
        "estimated_landing_time": 1698.0,
        "wait_time": 0,
        "Landing_success_rate": 0.8672
    },
    {
        "model": 0,
        "sequence": 25,
        "status": 1,
        "fuel": 5967,
        "fault": 0.5868,
        "weapon": 0,
        "pilot_injury": 0.7165,
        "pilot_skill": 0.7625,
        "mission_priority": 0.6591,
        "estimated_landing_time": 2356.0,
        "wait_time": 0,
        "Landing_success_rate": 0.8645
    },
    {
        "model": 1,
        "sequence": 26,
        "status": 1,
        "fuel": 6400,
        "fault": 0.7526,
        "weapon": 1,
        "pilot_injury": 0.9566,
        "pilot_skill": 0.2886,
        "mission_priority": 0.7716,
        "estimated_landing_time": 2450.0,
        "wait_time": 0,
        "Landing_success_rate": 0.8667
    },
    {
        "model": 1,
        "sequence": 19,
        "status": 1,
        "fuel": 6359,
        "fault": 0.0807,
        "weapon": 1,
        "pilot_injury": 0.5577,
        "pilot_skill": 0.6319,
        "mission_priority": 0.2396,
        "estimated_landing_time": 1792.0,
        "wait_time": 0,
        "Landing_success_rate": 0.9092
    },
    {
        "model": 1,
        "sequence": 11,
        "status": 1,
        "fuel": 6151,
        "fault": 0.9196,
        "weapon": 1,
        "pilot_injury": 0.0676,
        "pilot_skill": 0.7218,
        "mission_priority": 0.5555,
        "estimated_landing_time": 1040.0,
        "wait_time": 0,
        "Landing_success_rate": 0.8539
    },
    {
        "model": 2,
        "sequence": 23,
        "status": 1,
        "fuel": 6247,
        "fault": 0.6592,
        "weapon": 0,
        "pilot_injury": 0.5415,
        "pilot_skill": 0.6142,
        "mission_priority": 0.0743,
        "estimated_landing_time": 2168.0,
        "wait_time": 0,
        "Landing_success_rate": 0.8691
    },
    {
        "model": 1,
        "sequence": 16,
        "status": 1,
        "fuel": 7393,
        "fault": 0.7165,
        "weapon": 1,
        "pilot_injury": 0.1289,
        "pilot_skill": 0.3871,
        "mission_priority": 0.0983,
        "estimated_landing_time": 1510.0,
        "wait_time": 0,
        "Landing_success_rate": 0.8902
    },
    {
        "model": 2,
        "sequence": 17,
        "status": 1,
        "fuel": 6165,
        "fault": 0.5525,
        "weapon": 1,
        "pilot_injury": 0.138,
        "pilot_skill": 0.2521,
        "mission_priority": 0.7246,
        "estimated_landing_time": 1604.0,
        "wait_time": 0,
        "Landing_success_rate": 0.8723
    },
    {
        "model": 0,
        "sequence": 28,
        "status": 1,
        "fuel": 6241,
        "fault": 0.8059,
        "weapon": 0,
        "pilot_injury": 0.0599,
        "pilot_skill": 0.9172,
        "mission_priority": 0.331,
        "estimated_landing_time": 2638.0,
        "wait_time": 0,
        "Landing_success_rate": 0.8608
    },
    {
        "model": 0,
        "sequence": 27,
        "status": 1,
        "fuel": 6593,
        "fault": 0.2598,
        "weapon": 0,
        "pilot_injury": 0.476,
        "pilot_skill": 0.7711,
        "mission_priority": 0.5211,
        "estimated_landing_time": 2544.0,
        "wait_time": 0,
        "Landing_success_rate": 0.9107
    },
    {
        "model": 0,
        "sequence": 10,
        "status": 1,
        "fuel": 7254,
        "fault": 0.3085,
        "weapon": 1,
        "pilot_injury": 0.3117,
        "pilot_skill": 0.6829,
        "mission_priority": 0.5235,
        "estimated_landing_time": 946.0,
        "wait_time": 0,
        "Landing_success_rate": 0.941
    },
    {
        "model": 0,
        "sequence": 22,
        "status": 1,
        "fuel": 7019,
        "fault": 0.0182,
        "weapon": 1,
        "pilot_injury": 0.6325,
        "pilot_skill": 0.5202,
        "mission_priority": 0.311,
        "estimated_landing_time": 2074.0,
        "wait_time": 0,
        "Landing_success_rate": 0.9619
    },
    {
        "model": 1,
        "sequence": 5,
        "status": 1,
        "fuel": 6888,
        "fault": 0.1253,
        "weapon": 1,
        "pilot_injury": 0.7173,
        "pilot_skill": 0.2368,
        "mission_priority": 0.3677,
        "estimated_landing_time": 476.0,
        "wait_time": 0,
        "Landing_success_rate": 0.9411
    },
    {
        "model": 0,
        "sequence": 30,
        "status": 1,
        "fuel": 6038,
        "fault": 0.3396,
        "weapon": 0,
        "pilot_injury": 0.6686,
        "pilot_skill": 0.7003,
        "mission_priority": 0.3183,
        "estimated_landing_time": 2826.0,
        "wait_time": 0,
        "Landing_success_rate": 0.8766
    },
    {
        "model": 1,
        "sequence": 1,
        "status": 1,
        "fuel": 6303,
        "fault": 0.4991,
        "weapon": 1,
        "pilot_injury": 0.1884,
        "pilot_skill": 0.0701,
        "mission_priority": 0.6715,
        "estimated_landing_time": 100.0,
        "wait_time": 0,
        "Landing_success_rate": 0.8802
    },
    {
        "model": 0,
        "sequence": 7,
        "status": 1,
        "fuel": 6737,
        "fault": 0.2723,
        "weapon": 1,
        "pilot_injury": 0.4807,
        "pilot_skill": 0.619,
        "mission_priority": 0.6192,
        "estimated_landing_time": 664.0,
        "wait_time": 0,
        "Landing_success_rate": 0.9175
    },
    {
        "model": 0,
        "sequence": 2,
        "status": 1,
        "fuel": 6906,
        "fault": 0.9701,
        "weapon": 0,
        "pilot_injury": 0.8602,
        "pilot_skill": 0.2389,
        "mission_priority": 0.7587,
        "estimated_landing_time": 194.0,
        "wait_time": 0,
        "Landing_success_rate": 0.8532
    },
    {
        "model": 1,
        "sequence": 29,
        "status": 1,
        "fuel": 7132,
        "fault": 0.6908,
        "weapon": 0,
        "pilot_injury": 0.0496,
        "pilot_skill": 0.7996,
        "mission_priority": 0.545,
        "estimated_landing_time": 2732.0,
        "wait_time": 0,
        "Landing_success_rate": 0.8878
    },
    {
        "model": 2,
        "sequence": 6,
        "status": 1,
        "fuel": 5776,
        "fault": 0.5319,
        "weapon": 0,
        "pilot_injury": 0.9303,
        "pilot_skill": 0.7133,
        "mission_priority": 0.9278,
        "estimated_landing_time": 570.0,
        "wait_time": 0,
        "Landing_success_rate": 0.8597
    },
    {
        "model": 1,
        "sequence": 20,
        "status": 1,
        "fuel": 6586,
        "fault": 0.7552,
        "weapon": 0,
        "pilot_injury": 0.6375,
        "pilot_skill": 0.126,
        "mission_priority": 0.3463,
        "estimated_landing_time": 1886.0,
        "wait_time": 0,
        "Landing_success_rate": 0.8699
    },
    {
        "model": 2,
        "sequence": 9,
        "status": 1,
        "fuel": 6266,
        "fault": 0.4455,
        "weapon": 1,
        "pilot_injury": 0.5434,
        "pilot_skill": 0.3153,
        "mission_priority": 0.6645,
        "estimated_landing_time": 852.0,
        "wait_time": 0,
        "Landing_success_rate": 0.8819
    },
    {
        "model": 1,
        "sequence": 4,
        "status": 1,
        "fuel": 6777,
        "fault": 0.1213,
        "weapon": 1,
        "pilot_injury": 0.9939,
        "pilot_skill": 0.809,
        "mission_priority": 0.4003,
        "estimated_landing_time": 382.0,
        "wait_time": 0,
        "Landing_success_rate": 0.9342
    },
    {
        "model": 2,
        "sequence": 24,
        "status": 1,
        "fuel": 7091,
        "fault": 0.5367,
        "weapon": 1,
        "pilot_injury": 0.1738,
        "pilot_skill": 0.8782,
        "mission_priority": 0.826,
        "estimated_landing_time": 2262.0,
        "wait_time": 0,
        "Landing_success_rate": 0.9053
    },
    {
        "model": 2,
        "sequence": 15,
        "status": 1,
        "fuel": 5905,
        "fault": 0.3072,
        "weapon": 0,
        "pilot_injury": 0.1362,
        "pilot_skill": 0.1805,
        "mission_priority": 0.093,
        "estimated_landing_time": 1416.0,
        "wait_time": 0,
        "Landing_success_rate": 0.871
    },
    {
        "model": 1,
        "sequence": 8,
        "status": 1,
        "fuel": 7103,
        "fault": 0.8576,
        "weapon": 1,
        "pilot_injury": 0.0908,
        "pilot_skill": 0.678,
        "mission_priority": 0.2456,
        "estimated_landing_time": 758.0,
        "wait_time": 0,
        "Landing_success_rate": 0.8671
    },
    {
        "model": 2,
        "sequence": 14,
        "status": 1,
        "fuel": 6483,
        "fault": 0.5018,
        "weapon": 1,
        "pilot_injury": 0.44,
        "pilot_skill": 0.02,
        "mission_priority": 0.3237,
        "estimated_landing_time": 1322.0,
        "wait_time": 0,
        "Landing_success_rate": 0.8867
    },
    {
        "model": 1,
        "sequence": 12,
        "status": 1,
        "fuel": 7358,
        "fault": 0.702,
        "weapon": 0,
        "pilot_injury": 0.4849,
        "pilot_skill": 0.8876,
        "mission_priority": 0.0284,
        "estimated_landing_time": 1134.0,
        "wait_time": 0,
        "Landing_success_rate": 0.8915
    },
    {
        "model": 2,
        "sequence": 21,
        "status": 1,
        "fuel": 6546,
        "fault": 0.7148,
        "weapon": 1,
        "pilot_injury": 0.5411,
        "pilot_skill": 0.2309,
        "mission_priority": 0.5789,
        "estimated_landing_time": 1980.0,
        "wait_time": 0,
        "Landing_success_rate": 0.8724
    },
    {
        "model": 0,
        "sequence": 13,
        "status": 1,
        "fuel": 5973,
        "fault": 0.8098,
        "weapon": 1,
        "pilot_injury": 0.3433,
        "pilot_skill": 0.5674,
        "mission_priority": 0.4168,
        "estimated_landing_time": 1228.0,
        "wait_time": 0,
        "Landing_success_rate": 0.8567
    }
]