[
    {
        "model": 2,
        "sequence": 14,
        "status": 1,
        "fuel": 7144,
        "fault": 0.3844,
        "weapon": 1,
        "pilot_injury": 0.08,
        "pilot_skill": 0.143,
        "mission_priority": 0.9084,
        "estimated_landing_time": 1322.0,
        "wait_time": 0,
        "Landing_success_rate": 0.9259
    },
    {
        "model": 2,
        "sequence": 22,
        "status": 1,
        "fuel": 5888,
        "fault": 0.23,
        "weapon": 0,
        "pilot_injury": 0.3179,
        "pilot_skill": 0.2301,
        "mission_priority": 0.2908,
        "estimated_landing_time": 2074.0,
        "wait_time": 0,
        "Landing_success_rate": 0.8724
    },
    {
        "model": 2,
        "sequence": 8,
        "status": 1,
        "fuel": 6099,
        "fault": 0.2882,
        "weapon": 0,
        "pilot_injury": 0.3522,
        "pilot_skill": 0.6117,
        "mission_priority": 0.0488,
        "estimated_landing_time": 758.0,
        "wait_time": 0,
        "Landing_success_rate": 0.882
    },
    {
        "model": 2,
        "sequence": 11,
        "status": 1,
        "fuel": 6845,
        "fault": 0.964,
        "weapon": 1,
        "pilot_injury": 0.8998,
        "pilot_skill": 0.4448,
        "mission_priority": 0.4066,
        "estimated_landing_time": 1040.0,
        "wait_time": 0,
        "Landing_success_rate": 0.8536
    },
    {
        "model": 2,
        "sequence": 7,
        "status": 1,
        "fuel": 6383,
        "fault": 0.9612,
        "weapon": 1,
        "pilot_injury": 0.1641,
        "pilot_skill": 0.6985,
        "mission_priority": 0.3485,
        "estimated_landing_time": 664.0,
        "wait_time": 0,
        "Landing_success_rate": 0.8526
    },
    {
        "model": 0,
        "sequence": 1,
        "status": 1,
        "fuel": 7093,
        "fault": 0.2592,
        "weapon": 1,
        "pilot_injury": 0.6596,
        "pilot_skill": 0.7683,
        "mission_priority": 0.6355,
        "estimated_landing_time": 100.0,
        "wait_time": 0,
        "Landing_success_rate": 0.9385
    },
    {
        "model": 0,
        "sequence": 18,
        "status": 1,
        "fuel": 6590,
        "fault": 0.6715,
        "weapon": 0,
        "pilot_injury": 0.9652,
        "pilot_skill": 0.2269,
        "mission_priority": 0.1701,
        "estimated_landing_time": 1698.0,
        "wait_time": 0,
        "Landing_success_rate": 0.8769
    },
    {
        "model": 0,
        "sequence": 29,
        "status": 1,
        "fuel": 5888,
        "fault": 0.6207,
        "weapon": 1,
        "pilot_injury": 0.065,
        "pilot_skill": 0.7734,
        "mission_priority": 0.1053,
        "estimated_landing_time": 2732.0,
        "wait_time": 0,
        "Landing_success_rate": 0.861
    },
    {
        "model": 1,
        "sequence": 27,
        "status": 1,
        "fuel": 6916,
        "fault": 0.7875,
        "weapon": 0,
        "pilot_injury": 0.7266,
        "pilot_skill": 0.049,
        "mission_priority": 0.3346,
        "estimated_landing_time": 2544.0,
        "wait_time": 0,
        "Landing_success_rate": 0.8726
    },
    {
        "model": 1,
        "sequence": 9,
        "status": 1,
        "fuel": 5827,
        "fault": 0.4874,
        "weapon": 0,
        "pilot_injury": 0.1808,
        "pilot_skill": 0.1688,
        "mission_priority": 0.4814,
        "estimated_landing_time": 852.0,
        "wait_time": 0,
        "Landing_success_rate": 0.8626
    },
    {
        "model": 2,
        "sequence": 17,
        "status": 1,
        "fuel": 5601,
        "fault": 0.0377,
        "weapon": 1,
        "pilot_injury": 0.8869,
        "pilot_skill": 0.2243,
        "mission_priority": 0.2342,
        "estimated_landing_time": 1604.0,
        "wait_time": 0,
        "Landing_success_rate": 0.8573
    },
    {
        "model": 2,
        "sequence": 15,
        "status": 1,
        "fuel": 6442,
        "fault": 0.3222,
        "weapon": 0,
        "pilot_injury": 0.4233,
        "pilot_skill": 0.7015,
        "mission_priority": 0.344,
        "estimated_landing_time": 1416.0,
        "wait_time": 0,
        "Landing_success_rate": 0.8979
    },
    {
        "model": 1,
        "sequence": 13,
        "status": 1,
        "fuel": 5613,
        "fault": 0.1569,
        "weapon": 0,
        "pilot_injury": 0.5672,
        "pilot_skill": 0.5543,
        "mission_priority": 0.112,
        "estimated_landing_time": 1228.0,
        "wait_time": 0,
        "Landing_success_rate": 0.8571
    },
    {
        "model": 2,
        "sequence": 23,
        "status": 1,
        "fuel": 7020,
        "fault": 0.4134,
        "weapon": 0,
        "pilot_injury": 0.0535,
        "pilot_skill": 0.8504,
        "mission_priority": 0.7295,
        "estimated_landing_time": 2168.0,
        "wait_time": 0,
        "Landing_success_rate": 0.9169
    },
    {
        "model": 1,
        "sequence": 28,
        "status": 1,
        "fuel": 6569,
        "fault": 0.3803,
        "weapon": 1,
        "pilot_injury": 0.5047,
        "pilot_skill": 0.0072,
        "mission_priority": 0.8096,
        "estimated_landing_time": 2638.0,
        "wait_time": 0,
        "Landing_success_rate": 0.8997
    },
    {
        "model": 2,
        "sequence": 2,
        "status": 1,
        "fuel": 6682,
        "fault": 0.0484,
        "weapon": 0,
        "pilot_injury": 0.5366,
        "pilot_skill": 0.8098,
        "mission_priority": 0.2776,
        "estimated_landing_time": 194.0,
        "wait_time": 0,
        "Landing_success_rate": 0.9344
    },
    {
        "model": 2,
        "sequence": 26,
        "status": 1,
        "fuel": 6633,
        "fault": 0.8971,
        "weapon": 0,
        "pilot_injury": 0.7019,
        "pilot_skill": 0.7929,
        "mission_priority": 0.0669,
        "estimated_landing_time": 2450.0,
        "wait_time": 0,
        "Landing_success_rate": 0.8587
    },
    {
        "model": 2,
        "sequence": 21,
        "status": 1,
        "fuel": 7174,
        "fault": 0.3755,
        "weapon": 1,
        "pilot_injury": 0.9222,
        "pilot_skill": 0.9002,
        "mission_priority": 0.7909,
        "estimated_landing_time": 1980.0,
        "wait_time": 0,
        "Landing_success_rate": 0.9284
    },
    {
        "model": 1,
        "sequence": 5,
        "status": 1,
        "fuel": 7330,
        "fault": 0.1453,
        "weapon": 0,
        "pilot_injury": 0.3673,
        "pilot_skill": 0.2401,
        "mission_priority": 0.3545,
        "estimated_landing_time": 476.0,
        "wait_time": 0,
        "Landing_success_rate": 0.9673
    },
    {
        "model": 2,
        "sequence": 25,
        "status": 1,
        "fuel": 6571,
        "fault": 0.6307,
        "weapon": 1,
        "pilot_injury": 0.5472,
        "pilot_skill": 0.6967,
        "mission_priority": 0.1358,
        "estimated_landing_time": 2356.0,
        "wait_time": 0,
        "Landing_success_rate": 0.8797
    },
    {
        "model": 1,
        "sequence": 30,
        "status": 1,
        "fuel": 7470,
        "fault": 0.1086,
        "weapon": 1,
        "pilot_injury": 0.7758,
        "pilot_skill": 0.9986,
        "mission_priority": 0.8597,
        "estimated_landing_time": 2826.0,
        "wait_time": 0,
        "Landing_success_rate": 0.9817
    },
    {
        "model": 2,
        "sequence": 16,
        "status": 1,
        "fuel": 6790,
        "fault": 0.868,
        "weapon": 1,
        "pilot_injury": 0.3294,
        "pilot_skill": 0.8914,
        "mission_priority": 0.1438,
        "estimated_landing_time": 1510.0,
        "wait_time": 0,
        "Landing_success_rate": 0.8628
    },
    {
        "model": 0,
        "sequence": 19,
        "status": 1,
        "fuel": 5618,
        "fault": 0.3345,
        "weapon": 1,
        "pilot_injury": 0.8029,
        "pilot_skill": 0.8743,
        "mission_priority": 0.9978,
        "estimated_landing_time": 1792.0,
        "wait_time": 0,
        "Landing_success_rate": 0.8559
    },
    {
        "model": 0,
        "sequence": 20,
        "status": 1,
        "fuel": 6463,
        "fault": 0.3691,
        "weapon": 0,
        "pilot_injury": 0.0697,
        "pilot_skill": 0.3148,
        "mission_priority": 0.6462,
        "estimated_landing_time": 1886.0,
        "wait_time": 0,
        "Landing_success_rate": 0.8956
    },
    {
        "model": 1,
        "sequence": 6,
        "status": 1,
        "fuel": 7211,
        "fault": 0.508,
        "weapon": 1,
        "pilot_injury": 0.9662,
        "pilot_skill": 0.8187,
        "mission_priority": 0.3637,
        "estimated_landing_time": 570.0,
        "wait_time": 0,
        "Landing_success_rate": 0.9131
    },
    {
        "model": 0,
        "sequence": 12,
        "status": 1,
        "fuel": 5677,
        "fault": 0.8084,
        "weapon": 1,
        "pilot_injury": 0.4529,
        "pilot_skill": 0.6084,
        "mission_priority": 0.7147,
        "estimated_landing_time": 1134.0,
        "wait_time": 0,
        "Landing_success_rate": 0.8525
    },
    {
        "model": 0,
        "sequence": 4,
        "status": 1,
        "fuel": 7127,
        "fault": 0.2528,
        "weapon": 0,
        "pilot_injury": 0.9022,
        "pilot_skill": 0.6615,
        "mission_priority": 0.0776,
        "estimated_landing_time": 382.0,
        "wait_time": 0,
        "Landing_success_rate": 0.9412
    },
    {
        "model": 2,
        "sequence": 3,
        "status": 1,
        "fuel": 7279,
        "fault": 0.565,
        "weapon": 0,
        "pilot_injury": 0.3525,
        "pilot_skill": 0.1159,
        "mission_priority": 0.5516,
        "estimated_landing_time": 288.0,
        "wait_time": 0,
        "Landing_success_rate": 0.908
    },
    {
        "model": 2,
        "sequence": 24,
        "status": 1,
        "fuel": 7456,
        "fault": 0.9759,
        "weapon": 0,
        "pilot_injury": 0.8653,
        "pilot_skill": 0.4752,
        "mission_priority": 0.0677,
        "estimated_landing_time": 2262.0,
        "wait_time": 0,
        "Landing_success_rate": 0.8535
    },
    {
        "model": 2,
        "sequence": 10,
        "status": 1,
        "fuel": 6902,
        "fault": 0.4765,
        "weapon": 0,
        "pilot_injury": 0.8884,
        "pilot_skill": 0.0675,
        "mission_priority": 0.6921,
        "estimated_landing_time": 946.0,
        "wait_time": 0,
        "Landing_success_rate": 0.905
    }
]