[
    {
        "model": 2,
        "sequence": 10,
        "status": 1,
        "fuel": 6262,
        "fault": 0.3774,
        "weapon": 1,
        "pilot_injury": 0.0168,
        "pilot_skill": 0.192,
        "mission_priority": 0.9441,
        "estimated_landing_time": 946.0,
        "wait_time": 0,
        "Landing_success_rate": 0.8856
    },
    {
        "model": 2,
        "sequence": 29,
        "status": 1,
        "fuel": 7366,
        "fault": 0.4653,
        "weapon": 1,
        "pilot_injury": 0.9775,
        "pilot_skill": 0.1589,
        "mission_priority": 0.9923,
        "estimated_landing_time": 2732.0,
        "wait_time": 0,
        "Landing_success_rate": 0.9248
    },
    {
        "model": 0,
        "sequence": 6,
        "status": 1,
        "fuel": 5750,
        "fault": 0.8093,
        "weapon": 1,
        "pilot_injury": 0.1397,
        "pilot_skill": 0.3017,
        "mission_priority": 0.702,
        "estimated_landing_time": 570.0,
        "wait_time": 0,
        "Landing_success_rate": 0.8536
    },
    {
        "model": 0,
        "sequence": 12,
        "status": 1,
        "fuel": 5557,
        "fault": 0.2974,
        "weapon": 0,
        "pilot_injury": 0.6954,
        "pilot_skill": 0.7797,
        "mission_priority": 0.2854,
        "estimated_landing_time": 1134.0,
        "wait_time": 0,
        "Landing_success_rate": 0.853
    },
    {
        "model": 0,
        "sequence": 26,
        "status": 1,
        "fuel": 6841,
        "fault": 0.6501,
        "weapon": 1,
        "pilot_injury": 0.3965,
        "pilot_skill": 0.8778,
        "mission_priority": 0.045,
        "estimated_landing_time": 2450.0,
        "wait_time": 0,
        "Landing_success_rate": 0.8852
    },
    {
        "model": 0,
        "sequence": 15,
        "status": 1,
        "fuel": 7252,
        "fault": 0.6596,
        "weapon": 1,
        "pilot_injury": 0.1133,
        "pilot_skill": 0.3687,
        "mission_priority": 0.2286,
        "estimated_landing_time": 1416.0,
        "wait_time": 0,
        "Landing_success_rate": 0.8947
    },
    {
        "model": 2,
        "sequence": 16,
        "status": 1,
        "fuel": 6746,
        "fault": 0.8638,
        "weapon": 0,
        "pilot_injury": 0.2323,
        "pilot_skill": 0.3647,
        "mission_priority": 0.9079,
        "estimated_landing_time": 1510.0,
        "wait_time": 0,
        "Landing_success_rate": 0.8627
    },
    {
        "model": 0,
        "sequence": 27,
        "status": 1,
        "fuel": 6315,
        "fault": 0.524,
        "weapon": 0,
        "pilot_injury": 0.2539,
        "pilot_skill": 0.0497,
        "mission_priority": 0.1784,
        "estimated_landing_time": 2544.0,
        "wait_time": 0,
        "Landing_success_rate": 0.8791
    },
    {
        "model": 2,
        "sequence": 30,
        "status": 1,
        "fuel": 6695,
        "fault": 0.9488,
        "weapon": 1,
        "pilot_injury": 0.9782,
        "pilot_skill": 0.7874,
        "mission_priority": 0.6017,
        "estimated_landing_time": 2826.0,
        "wait_time": 0,
        "Landing_success_rate": 0.8546
    },
    {
        "model": 2,
        "sequence": 19,
        "status": 1,
        "fuel": 6345,
        "fault": 0.9231,
        "weapon": 0,
        "pilot_injury": 0.376,
        "pilot_skill": 0.1784,
        "mission_priority": 0.5898,
        "estimated_landing_time": 1792.0,
        "wait_time": 0,
        "Landing_success_rate": 0.8549
    },
    {
        "model": 1,
        "sequence": 5,
        "status": 1,
        "fuel": 7265,
        "fault": 0.5991,
        "weapon": 1,
        "pilot_injury": 0.6498,
        "pilot_skill": 0.7734,
        "mission_priority": 0.0927,
        "estimated_landing_time": 476.0,
        "wait_time": 0,
        "Landing_success_rate": 0.9031
    },
    {
        "model": 0,
        "sequence": 11,
        "status": 1,
        "fuel": 6634,
        "fault": 0.3715,
        "weapon": 0,
        "pilot_injury": 0.6575,
        "pilot_skill": 0.7421,
        "mission_priority": 0.9795,
        "estimated_landing_time": 1040.0,
        "wait_time": 0,
        "Landing_success_rate": 0.9035
    },
    {
        "model": 0,
        "sequence": 23,
        "status": 1,
        "fuel": 6680,
        "fault": 0.3531,
        "weapon": 1,
        "pilot_injury": 0.3997,
        "pilot_skill": 0.4259,
        "mission_priority": 0.6582,
        "estimated_landing_time": 2168.0,
        "wait_time": 0,
        "Landing_success_rate": 0.9073
    },
    {
        "model": 1,
        "sequence": 18,
        "status": 1,
        "fuel": 7444,
        "fault": 0.8278,
        "weapon": 0,
        "pilot_injury": 0.3292,
        "pilot_skill": 0.1228,
        "mission_priority": 0.3226,
        "estimated_landing_time": 1698.0,
        "wait_time": 0,
        "Landing_success_rate": 0.8751
    },
    {
        "model": 2,
        "sequence": 25,
        "status": 1,
        "fuel": 6093,
        "fault": 0.6741,
        "weapon": 0,
        "pilot_injury": 0.6114,
        "pilot_skill": 0.9353,
        "mission_priority": 0.26,
        "estimated_landing_time": 2356.0,
        "wait_time": 0,
        "Landing_success_rate": 0.8645
    },
    {
        "model": 0,
        "sequence": 7,
        "status": 1,
        "fuel": 5609,
        "fault": 0.8723,
        "weapon": 1,
        "pilot_injury": 0.4404,
        "pilot_skill": 0.1043,
        "mission_priority": 0.4538,
        "estimated_landing_time": 664.0,
        "wait_time": 0,
        "Landing_success_rate": 0.851
    },
    {
        "model": 2,
        "sequence": 8,
        "status": 1,
        "fuel": 6633,
        "fault": 0.4799,
        "weapon": 0,
        "pilot_injury": 0.5817,
        "pilot_skill": 0.8504,
        "mission_priority": 0.1003,
        "estimated_landing_time": 758.0,
        "wait_time": 0,
        "Landing_success_rate": 0.8942
    },
    {
        "model": 1,
        "sequence": 20,
        "status": 1,
        "fuel": 6611,
        "fault": 0.5556,
        "weapon": 0,
        "pilot_injury": 0.4821,
        "pilot_skill": 0.4635,
        "mission_priority": 0.2652,
        "estimated_landing_time": 1886.0,
        "wait_time": 0,
        "Landing_success_rate": 0.887
    },
    {
        "model": 0,
        "sequence": 17,
        "status": 1,
        "fuel": 6165,
        "fault": 0.0179,
        "weapon": 1,
        "pilot_injury": 0.5519,
        "pilot_skill": 0.4823,
        "mission_priority": 0.4317,
        "estimated_landing_time": 1604.0,
        "wait_time": 0,
        "Landing_success_rate": 0.899
    },
    {
        "model": 2,
        "sequence": 24,
        "status": 1,
        "fuel": 7498,
        "fault": 0.9207,
        "weapon": 0,
        "pilot_injury": 0.0127,
        "pilot_skill": 0.8205,
        "mission_priority": 0.2664,
        "estimated_landing_time": 2262.0,
        "wait_time": 0,
        "Landing_success_rate": 0.8619
    },
    {
        "model": 2,
        "sequence": 14,
        "status": 1,
        "fuel": 6811,
        "fault": 0.3702,
        "weapon": 0,
        "pilot_injury": 0.5594,
        "pilot_skill": 0.3104,
        "mission_priority": 0.1218,
        "estimated_landing_time": 1322.0,
        "wait_time": 0,
        "Landing_success_rate": 0.9119
    },
    {
        "model": 1,
        "sequence": 21,
        "status": 1,
        "fuel": 5668,
        "fault": 0.0701,
        "weapon": 0,
        "pilot_injury": 0.8864,
        "pilot_skill": 0.1005,
        "mission_priority": 0.2306,
        "estimated_landing_time": 1980.0,
        "wait_time": 0,
        "Landing_success_rate": 0.8617
    },
    {
        "model": 2,
        "sequence": 4,
        "status": 1,
        "fuel": 6765,
        "fault": 0.9413,
        "weapon": 1,
        "pilot_injury": 0.4447,
        "pilot_skill": 0.9252,
        "mission_priority": 0.4681,
        "estimated_landing_time": 382.0,
        "wait_time": 0,
        "Landing_success_rate": 0.8556
    },
    {
        "model": 1,
        "sequence": 22,
        "status": 1,
        "fuel": 5550,
        "fault": 0.6556,
        "weapon": 0,
        "pilot_injury": 0.3352,
        "pilot_skill": 0.6407,
        "mission_priority": 0.6664,
        "estimated_landing_time": 2074.0,
        "wait_time": 0,
        "Landing_success_rate": 0.8513
    },
    {
        "model": 1,
        "sequence": 9,
        "status": 1,
        "fuel": 6241,
        "fault": 0.7972,
        "weapon": 0,
        "pilot_injury": 0.8553,
        "pilot_skill": 0.9463,
        "mission_priority": 0.8992,
        "estimated_landing_time": 852.0,
        "wait_time": 0,
        "Landing_success_rate": 0.8613
    },
    {
        "model": 1,
        "sequence": 1,
        "status": 1,
        "fuel": 7233,
        "fault": 0.1536,
        "weapon": 0,
        "pilot_injury": 0.2328,
        "pilot_skill": 0.5754,
        "mission_priority": 0.4211,
        "estimated_landing_time": 100.0,
        "wait_time": 0,
        "Landing_success_rate": 0.96
    },
    {
        "model": 0,
        "sequence": 2,
        "status": 1,
        "fuel": 7071,
        "fault": 0.0226,
        "weapon": 1,
        "pilot_injury": 0.6292,
        "pilot_skill": 0.7901,
        "mission_priority": 0.2695,
        "estimated_landing_time": 194.0,
        "wait_time": 0,
        "Landing_success_rate": 0.9652
    },
    {
        "model": 1,
        "sequence": 3,
        "status": 1,
        "fuel": 6093,
        "fault": 0.0872,
        "weapon": 1,
        "pilot_injury": 0.6019,
        "pilot_skill": 0.0569,
        "mission_priority": 0.541,
        "estimated_landing_time": 288.0,
        "wait_time": 0,
        "Landing_success_rate": 0.8906
    },
    {
        "model": 0,
        "sequence": 13,
        "status": 1,
        "fuel": 5975,
        "fault": 0.3322,
        "weapon": 1,
        "pilot_injury": 0.8164,
        "pilot_skill": 0.1441,
        "mission_priority": 0.4633,
        "estimated_landing_time": 1228.0,
        "wait_time": 0,
        "Landing_success_rate": 0.8738
    },
    {
        "model": 2,
        "sequence": 28,
        "status": 1,
        "fuel": 6702,
        "fault": 0.5787,
        "weapon": 1,
        "pilot_injury": 0.9899,
        "pilot_skill": 0.7629,
        "mission_priority": 0.8301,
        "estimated_landing_time": 2638.0,
        "wait_time": 0,
        "Landing_success_rate": 0.888
    }
]