[
    {
        "model": 2,
        "sequence": 21,
        "status": 1,
        "fuel": 5906,
        "fault": 0.7765,
        "weapon": 0,
        "pilot_injury": 0.3221,
        "pilot_skill": 0.6338,
        "mission_priority": 0.8705,
        "estimated_landing_time": 1980.0,
        "wait_time": 0,
        "Landing_success_rate": 0.8568
    },
    {
        "model": 0,
        "sequence": 14,
        "status": 1,
        "fuel": 6414,
        "fault": 0.201,
        "weapon": 0,
        "pilot_injury": 0.7203,
        "pilot_skill": 0.1937,
        "mission_priority": 0.3665,
        "estimated_landing_time": 1322.0,
        "wait_time": 0,
        "Landing_success_rate": 0.9048
    },
    {
        "model": 2,
        "sequence": 22,
        "status": 1,
        "fuel": 6178,
        "fault": 0.7556,
        "weapon": 1,
        "pilot_injury": 0.9552,
        "pilot_skill": 0.8068,
        "mission_priority": 0.799,
        "estimated_landing_time": 2074.0,
        "wait_time": 0,
        "Landing_success_rate": 0.8624
    },
    {
        "model": 2,
        "sequence": 24,
        "status": 1,
        "fuel": 6986,
        "fault": 0.7157,
        "weapon": 1,
        "pilot_injury": 0.6141,
        "pilot_skill": 0.3752,
        "mission_priority": 0.3083,
        "estimated_landing_time": 2262.0,
        "wait_time": 0,
        "Landing_success_rate": 0.8817
    },
    {
        "model": 0,
        "sequence": 23,
        "status": 1,
        "fuel": 6631,
        "fault": 0.7068,
        "weapon": 1,
        "pilot_injury": 0.037,
        "pilot_skill": 0.0217,
        "mission_priority": 0.842,
        "estimated_landing_time": 2168.0,
        "wait_time": 0,
        "Landing_success_rate": 0.8749
    },
    {
        "model": 1,
        "sequence": 2,
        "status": 1,
        "fuel": 6590,
        "fault": 0.1714,
        "weapon": 0,
        "pilot_injury": 0.6087,
        "pilot_skill": 0.916,
        "mission_priority": 0.5145,
        "estimated_landing_time": 194.0,
        "wait_time": 0,
        "Landing_success_rate": 0.9177
    },
    {
        "model": 2,
        "sequence": 4,
        "status": 1,
        "fuel": 7295,
        "fault": 0.1912,
        "weapon": 1,
        "pilot_injury": 0.0489,
        "pilot_skill": 0.2221,
        "mission_priority": 0.8151,
        "estimated_landing_time": 382.0,
        "wait_time": 0,
        "Landing_success_rate": 0.9589
    },
    {
        "model": 1,
        "sequence": 7,
        "status": 1,
        "fuel": 6495,
        "fault": 0.7401,
        "weapon": 0,
        "pilot_injury": 0.4796,
        "pilot_skill": 0.3018,
        "mission_priority": 0.6499,
        "estimated_landing_time": 664.0,
        "wait_time": 0,
        "Landing_success_rate": 0.8694
    },
    {
        "model": 1,
        "sequence": 9,
        "status": 1,
        "fuel": 6003,
        "fault": 0.6028,
        "weapon": 0,
        "pilot_injury": 0.7457,
        "pilot_skill": 0.3981,
        "mission_priority": 0.0327,
        "estimated_landing_time": 852.0,
        "wait_time": 0,
        "Landing_success_rate": 0.865
    },
    {
        "model": 0,
        "sequence": 17,
        "status": 1,
        "fuel": 6853,
        "fault": 0.0387,
        "weapon": 0,
        "pilot_injury": 0.4927,
        "pilot_skill": 0.2335,
        "mission_priority": 0.475,
        "estimated_landing_time": 1604.0,
        "wait_time": 0,
        "Landing_success_rate": 0.9475
    },
    {
        "model": 2,
        "sequence": 27,
        "status": 1,
        "fuel": 5707,
        "fault": 0.0906,
        "weapon": 0,
        "pilot_injury": 0.634,
        "pilot_skill": 0.1532,
        "mission_priority": 0.278,
        "estimated_landing_time": 2544.0,
        "wait_time": 0,
        "Landing_success_rate": 0.8641
    },
    {
        "model": 0,
        "sequence": 29,
        "status": 1,
        "fuel": 5881,
        "fault": 0.8077,
        "weapon": 0,
        "pilot_injury": 0.0858,
        "pilot_skill": 0.2646,
        "mission_priority": 0.994,
        "estimated_landing_time": 2732.0,
        "wait_time": 0,
        "Landing_success_rate": 0.8555
    },
    {
        "model": 2,
        "sequence": 6,
        "status": 1,
        "fuel": 7396,
        "fault": 0.5508,
        "weapon": 0,
        "pilot_injury": 0.5503,
        "pilot_skill": 0.4024,
        "mission_priority": 0.0338,
        "estimated_landing_time": 570.0,
        "wait_time": 0,
        "Landing_success_rate": 0.9139
    },
    {
        "model": 1,
        "sequence": 16,
        "status": 1,
        "fuel": 7137,
        "fault": 0.7534,
        "weapon": 1,
        "pilot_injury": 0.0192,
        "pilot_skill": 0.7157,
        "mission_priority": 0.8927,
        "estimated_landing_time": 1510.0,
        "wait_time": 0,
        "Landing_success_rate": 0.8803
    },
    {
        "model": 2,
        "sequence": 1,
        "status": 1,
        "fuel": 6827,
        "fault": 0.0873,
        "weapon": 0,
        "pilot_injury": 0.5205,
        "pilot_skill": 0.8675,
        "mission_priority": 0.9755,
        "estimated_landing_time": 100.0,
        "wait_time": 0,
        "Landing_success_rate": 0.9408
    },
    {
        "model": 1,
        "sequence": 12,
        "status": 1,
        "fuel": 6965,
        "fault": 0.0876,
        "weapon": 1,
        "pilot_injury": 0.9558,
        "pilot_skill": 0.8726,
        "mission_priority": 0.2111,
        "estimated_landing_time": 1134.0,
        "wait_time": 0,
        "Landing_success_rate": 0.9502
    },
    {
        "model": 0,
        "sequence": 5,
        "status": 1,
        "fuel": 6852,
        "fault": 0.0003,
        "weapon": 0,
        "pilot_injury": 0.0885,
        "pilot_skill": 0.6819,
        "mission_priority": 0.5398,
        "estimated_landing_time": 476.0,
        "wait_time": 0,
        "Landing_success_rate": 0.9514
    },
    {
        "model": 0,
        "sequence": 11,
        "status": 1,
        "fuel": 7269,
        "fault": 0.9283,
        "weapon": 0,
        "pilot_injury": 0.0749,
        "pilot_skill": 0.1351,
        "mission_priority": 0.3693,
        "estimated_landing_time": 1040.0,
        "wait_time": 0,
        "Landing_success_rate": 0.8595
    },
    {
        "model": 0,
        "sequence": 3,
        "status": 1,
        "fuel": 6218,
        "fault": 0.5868,
        "weapon": 0,
        "pilot_injury": 0.5427,
        "pilot_skill": 0.6652,
        "mission_priority": 0.6799,
        "estimated_landing_time": 288.0,
        "wait_time": 0,
        "Landing_success_rate": 0.8723
    },
    {
        "model": 2,
        "sequence": 8,
        "status": 1,
        "fuel": 7046,
        "fault": 0.2498,
        "weapon": 1,
        "pilot_injury": 0.977,
        "pilot_skill": 0.02,
        "mission_priority": 0.2078,
        "estimated_landing_time": 758.0,
        "wait_time": 0,
        "Landing_success_rate": 0.937
    },
    {
        "model": 2,
        "sequence": 30,
        "status": 1,
        "fuel": 5780,
        "fault": 0.637,
        "weapon": 0,
        "pilot_injury": 0.2674,
        "pilot_skill": 0.9742,
        "mission_priority": 0.8699,
        "estimated_landing_time": 2826.0,
        "wait_time": 0,
        "Landing_success_rate": 0.8576
    },
    {
        "model": 0,
        "sequence": 15,
        "status": 1,
        "fuel": 5594,
        "fault": 0.0301,
        "weapon": 0,
        "pilot_injury": 0.7845,
        "pilot_skill": 0.2212,
        "mission_priority": 0.6692,
        "estimated_landing_time": 1416.0,
        "wait_time": 0,
        "Landing_success_rate": 0.8568
    },
    {
        "model": 2,
        "sequence": 20,
        "status": 1,
        "fuel": 5964,
        "fault": 0.4991,
        "weapon": 1,
        "pilot_injury": 0.8138,
        "pilot_skill": 0.0994,
        "mission_priority": 0.7275,
        "estimated_landing_time": 1886.0,
        "wait_time": 0,
        "Landing_success_rate": 0.8674
    },
    {
        "model": 2,
        "sequence": 19,
        "status": 1,
        "fuel": 7040,
        "fault": 0.4712,
        "weapon": 0,
        "pilot_injury": 0.5521,
        "pilot_skill": 0.7506,
        "mission_priority": 0.5467,
        "estimated_landing_time": 1792.0,
        "wait_time": 0,
        "Landing_success_rate": 0.9111
    },
    {
        "model": 2,
        "sequence": 25,
        "status": 1,
        "fuel": 5985,
        "fault": 0.837,
        "weapon": 0,
        "pilot_injury": 0.1176,
        "pilot_skill": 0.9345,
        "mission_priority": 0.1529,
        "estimated_landing_time": 2356.0,
        "wait_time": 0,
        "Landing_success_rate": 0.8559
    },
    {
        "model": 1,
        "sequence": 13,
        "status": 1,
        "fuel": 7369,
        "fault": 0.8833,
        "weapon": 1,
        "pilot_injury": 0.9986,
        "pilot_skill": 0.3322,
        "mission_priority": 0.4959,
        "estimated_landing_time": 1228.0,
        "wait_time": 0,
        "Landing_success_rate": 0.8664
    },
    {
        "model": 2,
        "sequence": 26,
        "status": 1,
        "fuel": 5930,
        "fault": 0.5327,
        "weapon": 0,
        "pilot_injury": 0.494,
        "pilot_skill": 0.1495,
        "mission_priority": 0.802,
        "estimated_landing_time": 2450.0,
        "wait_time": 0,
        "Landing_success_rate": 0.8651
    },
    {
        "model": 0,
        "sequence": 28,
        "status": 1,
        "fuel": 7416,
        "fault": 0.7441,
        "weapon": 0,
        "pilot_injury": 0.4311,
        "pilot_skill": 0.0024,
        "mission_priority": 0.0366,
        "estimated_landing_time": 2638.0,
        "wait_time": 0,
        "Landing_success_rate": 0.8868
    },
    {
        "model": 0,
        "sequence": 10,
        "status": 1,
        "fuel": 7423,
        "fault": 0.4338,
        "weapon": 1,
        "pilot_injury": 0.8195,
        "pilot_skill": 0.5995,
        "mission_priority": 0.9783,
        "estimated_landing_time": 946.0,
        "wait_time": 0,
        "Landing_success_rate": 0.9317
    },
    {
        "model": 2,
        "sequence": 18,
        "status": 1,
        "fuel": 6713,
        "fault": 0.6307,
        "weapon": 0,
        "pilot_injury": 0.2301,
        "pilot_skill": 0.3397,
        "mission_priority": 0.6831,
        "estimated_landing_time": 1698.0,
        "wait_time": 0,
        "Landing_success_rate": 0.8836
    }
]