[
    {
        "model": 2,
        "sequence": 11,
        "status": 1,
        "fuel": 6172,
        "fault": 0.2025,
        "weapon": 1,
        "pilot_injury": 0.705,
        "pilot_skill": 0.4184,
        "mission_priority": 0.183,
        "estimated_landing_time": 1040.0,
        "wait_time": 0,
        "Landing_success_rate": 0.8902
    },
    {
        "model": 1,
        "sequence": 2,
        "status": 1,
        "fuel": 6758,
        "fault": 0.0341,
        "weapon": 0,
        "pilot_injury": 0.2447,
        "pilot_skill": 0.3707,
        "mission_priority": 0.1769,
        "estimated_landing_time": 194.0,
        "wait_time": 0,
        "Landing_success_rate": 0.9411
    },
    {
        "model": 1,
        "sequence": 14,
        "status": 1,
        "fuel": 7310,
        "fault": 0.2003,
        "weapon": 0,
        "pilot_injury": 0.2495,
        "pilot_skill": 0.5616,
        "mission_priority": 0.1993,
        "estimated_landing_time": 1322.0,
        "wait_time": 0,
        "Landing_success_rate": 0.9586
    },
    {
        "model": 0,
        "sequence": 20,
        "status": 1,
        "fuel": 7233,
        "fault": 0.3302,
        "weapon": 1,
        "pilot_injury": 0.0868,
        "pilot_skill": 0.9822,
        "mission_priority": 0.4578,
        "estimated_landing_time": 1886.0,
        "wait_time": 0,
        "Landing_success_rate": 0.9371
    },
    {
        "model": 2,
        "sequence": 26,
        "status": 1,
        "fuel": 5776,
        "fault": 0.7946,
        "weapon": 0,
        "pilot_injury": 0.4954,
        "pilot_skill": 0.6352,
        "mission_priority": 0.3047,
        "estimated_landing_time": 2450.0,
        "wait_time": 0,
        "Landing_success_rate": 0.8543
    },
    {
        "model": 1,
        "sequence": 5,
        "status": 1,
        "fuel": 6354,
        "fault": 0.1926,
        "weapon": 0,
        "pilot_injury": 0.5277,
        "pilot_skill": 0.7872,
        "mission_priority": 0.0602,
        "estimated_landing_time": 476.0,
        "wait_time": 0,
        "Landing_success_rate": 0.9017
    },
    {
        "model": 2,
        "sequence": 22,
        "status": 1,
        "fuel": 5557,
        "fault": 0.6965,
        "weapon": 1,
        "pilot_injury": 0.074,
        "pilot_skill": 0.9405,
        "mission_priority": 0.2598,
        "estimated_landing_time": 2074.0,
        "wait_time": 0,
        "Landing_success_rate": 0.8513
    },
    {
        "model": 1,
        "sequence": 29,
        "status": 1,
        "fuel": 5929,
        "fault": 0.4283,
        "weapon": 0,
        "pilot_injury": 0.2711,
        "pilot_skill": 0.5272,
        "mission_priority": 0.689,
        "estimated_landing_time": 2732.0,
        "wait_time": 0,
        "Landing_success_rate": 0.8684
    },
    {
        "model": 2,
        "sequence": 13,
        "status": 1,
        "fuel": 6965,
        "fault": 0.924,
        "weapon": 0,
        "pilot_injury": 0.5263,
        "pilot_skill": 0.7773,
        "mission_priority": 0.5175,
        "estimated_landing_time": 1228.0,
        "wait_time": 0,
        "Landing_success_rate": 0.8584
    },
    {
        "model": 1,
        "sequence": 30,
        "status": 1,
        "fuel": 7064,
        "fault": 0.6051,
        "weapon": 1,
        "pilot_injury": 0.3172,
        "pilot_skill": 0.4464,
        "mission_priority": 0.49,
        "estimated_landing_time": 2826.0,
        "wait_time": 0,
        "Landing_success_rate": 0.8963
    },
    {
        "model": 1,
        "sequence": 19,
        "status": 1,
        "fuel": 6342,
        "fault": 0.6113,
        "weapon": 1,
        "pilot_injury": 0.4314,
        "pilot_skill": 0.897,
        "mission_priority": 0.2555,
        "estimated_landing_time": 1792.0,
        "wait_time": 0,
        "Landing_success_rate": 0.8745
    },
    {
        "model": 1,
        "sequence": 15,
        "status": 1,
        "fuel": 7025,
        "fault": 0.1518,
        "weapon": 0,
        "pilot_injury": 0.0823,
        "pilot_skill": 0.8251,
        "mission_priority": 0.7203,
        "estimated_landing_time": 1416.0,
        "wait_time": 0,
        "Landing_success_rate": 0.947
    },
    {
        "model": 0,
        "sequence": 4,
        "status": 1,
        "fuel": 7457,
        "fault": 0.9082,
        "weapon": 1,
        "pilot_injury": 0.0927,
        "pilot_skill": 0.2317,
        "mission_priority": 0.7615,
        "estimated_landing_time": 382.0,
        "wait_time": 0,
        "Landing_success_rate": 0.8635
    },
    {
        "model": 2,
        "sequence": 6,
        "status": 1,
        "fuel": 5722,
        "fault": 0.8664,
        "weapon": 1,
        "pilot_injury": 0.5276,
        "pilot_skill": 0.9507,
        "mission_priority": 0.8286,
        "estimated_landing_time": 570.0,
        "wait_time": 0,
        "Landing_success_rate": 0.8522
    },
    {
        "model": 0,
        "sequence": 8,
        "status": 1,
        "fuel": 6622,
        "fault": 0.1455,
        "weapon": 1,
        "pilot_injury": 0.2877,
        "pilot_skill": 0.3082,
        "mission_priority": 0.3472,
        "estimated_landing_time": 758.0,
        "wait_time": 0,
        "Landing_success_rate": 0.9219
    },
    {
        "model": 2,
        "sequence": 10,
        "status": 1,
        "fuel": 7361,
        "fault": 0.212,
        "weapon": 0,
        "pilot_injury": 0.7419,
        "pilot_skill": 0.6919,
        "mission_priority": 0.4265,
        "estimated_landing_time": 946.0,
        "wait_time": 0,
        "Landing_success_rate": 0.96
    },
    {
        "model": 1,
        "sequence": 18,
        "status": 1,
        "fuel": 7201,
        "fault": 0.5135,
        "weapon": 0,
        "pilot_injury": 0.4535,
        "pilot_skill": 0.2053,
        "mission_priority": 0.391,
        "estimated_landing_time": 1698.0,
        "wait_time": 0,
        "Landing_success_rate": 0.9121
    },
    {
        "model": 0,
        "sequence": 24,
        "status": 1,
        "fuel": 6009,
        "fault": 0.6671,
        "weapon": 1,
        "pilot_injury": 0.043,
        "pilot_skill": 0.006,
        "mission_priority": 0.8699,
        "estimated_landing_time": 2262.0,
        "wait_time": 0,
        "Landing_success_rate": 0.8627
    },
    {
        "model": 1,
        "sequence": 21,
        "status": 1,
        "fuel": 6109,
        "fault": 0.475,
        "weapon": 1,
        "pilot_injury": 0.5138,
        "pilot_skill": 0.7267,
        "mission_priority": 0.7362,
        "estimated_landing_time": 1980.0,
        "wait_time": 0,
        "Landing_success_rate": 0.874
    },
    {
        "model": 0,
        "sequence": 28,
        "status": 1,
        "fuel": 6050,
        "fault": 0.7142,
        "weapon": 1,
        "pilot_injury": 0.7852,
        "pilot_skill": 0.9912,
        "mission_priority": 0.029,
        "estimated_landing_time": 2638.0,
        "wait_time": 0,
        "Landing_success_rate": 0.8618
    },
    {
        "model": 2,
        "sequence": 3,
        "status": 1,
        "fuel": 6104,
        "fault": 0.1467,
        "weapon": 1,
        "pilot_injury": 0.8218,
        "pilot_skill": 0.0137,
        "mission_priority": 0.5986,
        "estimated_landing_time": 288.0,
        "wait_time": 0,
        "Landing_success_rate": 0.8887
    },
    {
        "model": 2,
        "sequence": 7,
        "status": 1,
        "fuel": 6376,
        "fault": 0.9412,
        "weapon": 0,
        "pilot_injury": 0.1156,
        "pilot_skill": 0.9998,
        "mission_priority": 0.826,
        "estimated_landing_time": 664.0,
        "wait_time": 0,
        "Landing_success_rate": 0.8539
    },
    {
        "model": 2,
        "sequence": 25,
        "status": 1,
        "fuel": 6783,
        "fault": 0.604,
        "weapon": 0,
        "pilot_injury": 0.854,
        "pilot_skill": 0.9228,
        "mission_priority": 0.7324,
        "estimated_landing_time": 2356.0,
        "wait_time": 0,
        "Landing_success_rate": 0.8881
    },
    {
        "model": 1,
        "sequence": 16,
        "status": 1,
        "fuel": 6016,
        "fault": 0.8662,
        "weapon": 1,
        "pilot_injury": 0.0985,
        "pilot_skill": 0.158,
        "mission_priority": 0.783,
        "estimated_landing_time": 1510.0,
        "wait_time": 0,
        "Landing_success_rate": 0.8552
    },
    {
        "model": 0,
        "sequence": 17,
        "status": 1,
        "fuel": 5527,
        "fault": 0.0676,
        "weapon": 0,
        "pilot_injury": 0.508,
        "pilot_skill": 0.1705,
        "mission_priority": 0.2937,
        "estimated_landing_time": 1604.0,
        "wait_time": 0,
        "Landing_success_rate": 0.8519
    },
    {
        "model": 0,
        "sequence": 12,
        "status": 1,
        "fuel": 5731,
        "fault": 0.6899,
        "weapon": 1,
        "pilot_injury": 0.2835,
        "pilot_skill": 0.4835,
        "mission_priority": 0.3707,
        "estimated_landing_time": 1134.0,
        "wait_time": 0,
        "Landing_success_rate": 0.8554
    },
    {
        "model": 0,
        "sequence": 1,
        "status": 1,
        "fuel": 6628,
        "fault": 0.4249,
        "weapon": 1,
        "pilot_injury": 0.2814,
        "pilot_skill": 0.6094,
        "mission_priority": 0.5698,
        "estimated_landing_time": 100.0,
        "wait_time": 0,
        "Landing_success_rate": 0.8987
    },
    {
        "model": 0,
        "sequence": 9,
        "status": 1,
        "fuel": 5549,
        "fault": 0.02,
        "weapon": 1,
        "pilot_injury": 0.8569,
        "pilot_skill": 0.4977,
        "mission_priority": 0.4145,
        "estimated_landing_time": 852.0,
        "wait_time": 0,
        "Landing_success_rate": 0.8536
    },
    {
        "model": 0,
        "sequence": 23,
        "status": 1,
        "fuel": 6109,
        "fault": 0.9948,
        "weapon": 1,
        "pilot_injury": 0.7652,
        "pilot_skill": 0.4089,
        "mission_priority": 0.5516,
        "estimated_landing_time": 2168.0,
        "wait_time": 0,
        "Landing_success_rate": 0.8502
    },
    {
        "model": 0,
        "sequence": 27,
        "status": 1,
        "fuel": 6439,
        "fault": 0.3242,
        "weapon": 1,
        "pilot_injury": 0.0618,
        "pilot_skill": 0.7286,
        "mission_priority": 0.7863,
        "estimated_landing_time": 2544.0,
        "wait_time": 0,
        "Landing_success_rate": 0.8976
    }
]