[
    {
        "model": 0,
        "sequence": 5,
        "status": 1,
        "fuel": 5529,
        "fault": 0.3178,
        "weapon": 0,
        "pilot_injury": 0.3383,
        "pilot_skill": 0.8354,
        "mission_priority": 0.9353,
        "estimated_landing_time": 476.0,
        "wait_time": 0,
        "Landing_success_rate": 0.8515
    },
    {
        "model": 1,
        "sequence": 30,
        "status": 1,
        "fuel": 6796,
        "fault": 0.7159,
        "weapon": 0,
        "pilot_injury": 0.513,
        "pilot_skill": 0.9858,
        "mission_priority": 0.1634,
        "estimated_landing_time": 2826.0,
        "wait_time": 0,
        "Landing_success_rate": 0.8776
    },
    {
        "model": 1,
        "sequence": 26,
        "status": 1,
        "fuel": 7311,
        "fault": 0.3086,
        "weapon": 0,
        "pilot_injury": 0.4099,
        "pilot_skill": 0.3789,
        "mission_priority": 0.5709,
        "estimated_landing_time": 2450.0,
        "wait_time": 0,
        "Landing_success_rate": 0.9439
    },
    {
        "model": 1,
        "sequence": 17,
        "status": 1,
        "fuel": 6280,
        "fault": 0.4445,
        "weapon": 0,
        "pilot_injury": 0.7093,
        "pilot_skill": 0.9998,
        "mission_priority": 0.2557,
        "estimated_landing_time": 1604.0,
        "wait_time": 0,
        "Landing_success_rate": 0.8825
    },
    {
        "model": 0,
        "sequence": 11,
        "status": 1,
        "fuel": 7142,
        "fault": 0.0753,
        "weapon": 0,
        "pilot_injury": 0.231,
        "pilot_skill": 0.2957,
        "mission_priority": 0.0204,
        "estimated_landing_time": 1040.0,
        "wait_time": 0,
        "Landing_success_rate": 0.9639
    },
    {
        "model": 2,
        "sequence": 8,
        "status": 1,
        "fuel": 5573,
        "fault": 0.8314,
        "weapon": 1,
        "pilot_injury": 0.0752,
        "pilot_skill": 0.9281,
        "mission_priority": 0.3796,
        "estimated_landing_time": 758.0,
        "wait_time": 0,
        "Landing_success_rate": 0.8509
    },
    {
        "model": 1,
        "sequence": 29,
        "status": 1,
        "fuel": 6031,
        "fault": 0.3984,
        "weapon": 0,
        "pilot_injury": 0.6725,
        "pilot_skill": 0.5483,
        "mission_priority": 0.4643,
        "estimated_landing_time": 2732.0,
        "wait_time": 0,
        "Landing_success_rate": 0.874
    },
    {
        "model": 1,
        "sequence": 3,
        "status": 1,
        "fuel": 6684,
        "fault": 0.9844,
        "weapon": 1,
        "pilot_injury": 0.6146,
        "pilot_skill": 0.4182,
        "mission_priority": 0.2251,
        "estimated_landing_time": 288.0,
        "wait_time": 0,
        "Landing_success_rate": 0.8514
    },
    {
        "model": 2,
        "sequence": 15,
        "status": 1,
        "fuel": 5811,
        "fault": 0.4308,
        "weapon": 0,
        "pilot_injury": 0.7564,
        "pilot_skill": 0.994,
        "mission_priority": 0.7702,
        "estimated_landing_time": 1416.0,
        "wait_time": 0,
        "Landing_success_rate": 0.8633
    },
    {
        "model": 2,
        "sequence": 24,
        "status": 1,
        "fuel": 6342,
        "fault": 0.7915,
        "weapon": 1,
        "pilot_injury": 0.1168,
        "pilot_skill": 0.8013,
        "mission_priority": 0.186,
        "estimated_landing_time": 2262.0,
        "wait_time": 0,
        "Landing_success_rate": 0.8632
    },
    {
        "model": 1,
        "sequence": 20,
        "status": 1,
        "fuel": 7458,
        "fault": 0.5735,
        "weapon": 1,
        "pilot_injury": 0.6389,
        "pilot_skill": 0.8784,
        "mission_priority": 0.7257,
        "estimated_landing_time": 1886.0,
        "wait_time": 0,
        "Landing_success_rate": 0.9126
    },
    {
        "model": 2,
        "sequence": 7,
        "status": 1,
        "fuel": 7146,
        "fault": 0.1448,
        "weapon": 0,
        "pilot_injury": 0.0223,
        "pilot_skill": 0.9083,
        "mission_priority": 0.1035,
        "estimated_landing_time": 664.0,
        "wait_time": 0,
        "Landing_success_rate": 0.9556
    },
    {
        "model": 1,
        "sequence": 4,
        "status": 1,
        "fuel": 5909,
        "fault": 0.5207,
        "weapon": 1,
        "pilot_injury": 0.4478,
        "pilot_skill": 0.5743,
        "mission_priority": 0.7293,
        "estimated_landing_time": 382.0,
        "wait_time": 0,
        "Landing_success_rate": 0.8647
    },
    {
        "model": 1,
        "sequence": 16,
        "status": 1,
        "fuel": 6908,
        "fault": 0.2412,
        "weapon": 0,
        "pilot_injury": 0.8574,
        "pilot_skill": 0.4948,
        "mission_priority": 0.1274,
        "estimated_landing_time": 1510.0,
        "wait_time": 0,
        "Landing_success_rate": 0.9301
    },
    {
        "model": 1,
        "sequence": 1,
        "status": 1,
        "fuel": 5981,
        "fault": 0.3601,
        "weapon": 1,
        "pilot_injury": 0.0818,
        "pilot_skill": 0.2826,
        "mission_priority": 0.2969,
        "estimated_landing_time": 100.0,
        "wait_time": 0,
        "Landing_success_rate": 0.8731
    },
    {
        "model": 2,
        "sequence": 23,
        "status": 1,
        "fuel": 5732,
        "fault": 0.2838,
        "weapon": 0,
        "pilot_injury": 0.7803,
        "pilot_skill": 0.5772,
        "mission_priority": 0.0947,
        "estimated_landing_time": 2168.0,
        "wait_time": 0,
        "Landing_success_rate": 0.8625
    },
    {
        "model": 1,
        "sequence": 6,
        "status": 1,
        "fuel": 5774,
        "fault": 0.8934,
        "weapon": 1,
        "pilot_injury": 0.4015,
        "pilot_skill": 0.9699,
        "mission_priority": 0.1808,
        "estimated_landing_time": 570.0,
        "wait_time": 0,
        "Landing_success_rate": 0.8522
    },
    {
        "model": 2,
        "sequence": 9,
        "status": 1,
        "fuel": 6667,
        "fault": 0.3164,
        "weapon": 0,
        "pilot_injury": 0.8758,
        "pilot_skill": 0.7354,
        "mission_priority": 0.4671,
        "estimated_landing_time": 852.0,
        "wait_time": 0,
        "Landing_success_rate": 0.9098
    },
    {
        "model": 0,
        "sequence": 27,
        "status": 1,
        "fuel": 7434,
        "fault": 0.8222,
        "weapon": 0,
        "pilot_injury": 0.8486,
        "pilot_skill": 0.4099,
        "mission_priority": 0.8178,
        "estimated_landing_time": 2544.0,
        "wait_time": 0,
        "Landing_success_rate": 0.8758
    },
    {
        "model": 2,
        "sequence": 14,
        "status": 1,
        "fuel": 6755,
        "fault": 0.3827,
        "weapon": 0,
        "pilot_injury": 0.6565,
        "pilot_skill": 0.2921,
        "mission_priority": 0.3922,
        "estimated_landing_time": 1322.0,
        "wait_time": 0,
        "Landing_success_rate": 0.9081
    },
    {
        "model": 2,
        "sequence": 21,
        "status": 1,
        "fuel": 6981,
        "fault": 0.7166,
        "weapon": 0,
        "pilot_injury": 0.6536,
        "pilot_skill": 0.6635,
        "mission_priority": 0.8697,
        "estimated_landing_time": 1980.0,
        "wait_time": 0,
        "Landing_success_rate": 0.8815
    },
    {
        "model": 0,
        "sequence": 19,
        "status": 1,
        "fuel": 5740,
        "fault": 0.8082,
        "weapon": 0,
        "pilot_injury": 0.9931,
        "pilot_skill": 0.1692,
        "mission_priority": 0.7154,
        "estimated_landing_time": 1792.0,
        "wait_time": 0,
        "Landing_success_rate": 0.8535
    },
    {
        "model": 0,
        "sequence": 2,
        "status": 1,
        "fuel": 5837,
        "fault": 0.827,
        "weapon": 0,
        "pilot_injury": 0.3038,
        "pilot_skill": 0.0272,
        "mission_priority": 0.6362,
        "estimated_landing_time": 194.0,
        "wait_time": 0,
        "Landing_success_rate": 0.8544
    },
    {
        "model": 1,
        "sequence": 10,
        "status": 1,
        "fuel": 6782,
        "fault": 0.7399,
        "weapon": 0,
        "pilot_injury": 0.1221,
        "pilot_skill": 0.0443,
        "mission_priority": 0.8024,
        "estimated_landing_time": 946.0,
        "wait_time": 0,
        "Landing_success_rate": 0.875
    },
    {
        "model": 0,
        "sequence": 28,
        "status": 1,
        "fuel": 5591,
        "fault": 0.4729,
        "weapon": 0,
        "pilot_injury": 0.5706,
        "pilot_skill": 0.7311,
        "mission_priority": 0.008,
        "estimated_landing_time": 2638.0,
        "wait_time": 0,
        "Landing_success_rate": 0.8536
    },
    {
        "model": 2,
        "sequence": 25,
        "status": 1,
        "fuel": 7085,
        "fault": 0.5198,
        "weapon": 0,
        "pilot_injury": 0.7381,
        "pilot_skill": 0.9479,
        "mission_priority": 0.0161,
        "estimated_landing_time": 2356.0,
        "wait_time": 0,
        "Landing_success_rate": 0.9071
    },
    {
        "model": 1,
        "sequence": 22,
        "status": 1,
        "fuel": 6696,
        "fault": 0.131,
        "weapon": 1,
        "pilot_injury": 0.8658,
        "pilot_skill": 0.9489,
        "mission_priority": 0.1185,
        "estimated_landing_time": 2074.0,
        "wait_time": 0,
        "Landing_success_rate": 0.9279
    },
    {
        "model": 1,
        "sequence": 18,
        "status": 1,
        "fuel": 5592,
        "fault": 0.84,
        "weapon": 1,
        "pilot_injury": 0.0695,
        "pilot_skill": 0.6789,
        "mission_priority": 0.7031,
        "estimated_landing_time": 1698.0,
        "wait_time": 0,
        "Landing_success_rate": 0.8511
    },
    {
        "model": 0,
        "sequence": 12,
        "status": 1,
        "fuel": 6863,
        "fault": 0.3316,
        "weapon": 1,
        "pilot_injury": 0.7488,
        "pilot_skill": 0.1617,
        "mission_priority": 0.2502,
        "estimated_landing_time": 1134.0,
        "wait_time": 0,
        "Landing_success_rate": 0.9183
    },
    {
        "model": 0,
        "sequence": 13,
        "status": 1,
        "fuel": 6756,
        "fault": 0.071,
        "weapon": 0,
        "pilot_injury": 0.663,
        "pilot_skill": 0.1364,
        "mission_priority": 0.3543,
        "estimated_landing_time": 1228.0,
        "wait_time": 0,
        "Landing_success_rate": 0.9375
    }
]