[
    {
        "model": 1,
        "sequence": 10,
        "status": 1,
        "fuel": 6443,
        "fault": 0.8329,
        "weapon": 1,
        "pilot_injury": 0.9858,
        "pilot_skill": 0.2744,
        "mission_priority": 0.0722,
        "estimated_landing_time": 946.0,
        "wait_time": 0,
        "Landing_success_rate": 0.8618
    },
    {
        "model": 2,
        "sequence": 26,
        "status": 1,
        "fuel": 7253,
        "fault": 0.6246,
        "weapon": 0,
        "pilot_injury": 0.3576,
        "pilot_skill": 0.3538,
        "mission_priority": 0.2487,
        "estimated_landing_time": 2450.0,
        "wait_time": 0,
        "Landing_success_rate": 0.8994
    },
    {
        "model": 1,
        "sequence": 4,
        "status": 1,
        "fuel": 6800,
        "fault": 0.3653,
        "weapon": 0,
        "pilot_injury": 0.557,
        "pilot_skill": 0.2386,
        "mission_priority": 0.7619,
        "estimated_landing_time": 382.0,
        "wait_time": 0,
        "Landing_success_rate": 0.9119
    },
    {
        "model": 2,
        "sequence": 24,
        "status": 1,
        "fuel": 7294,
        "fault": 0.1007,
        "weapon": 0,
        "pilot_injury": 0.834,
        "pilot_skill": 0.2716,
        "mission_priority": 0.8032,
        "estimated_landing_time": 2262.0,
        "wait_time": 0,
        "Landing_success_rate": 0.971
    },
    {
        "model": 0,
        "sequence": 17,
        "status": 1,
        "fuel": 5956,
        "fault": 0.8794,
        "weapon": 0,
        "pilot_injury": 0.4006,
        "pilot_skill": 0.4069,
        "mission_priority": 0.5165,
        "estimated_landing_time": 1604.0,
        "wait_time": 0,
        "Landing_success_rate": 0.8541
    },
    {
        "model": 0,
        "sequence": 20,
        "status": 1,
        "fuel": 6658,
        "fault": 0.8153,
        "weapon": 1,
        "pilot_injury": 0.0103,
        "pilot_skill": 0.9545,
        "mission_priority": 0.3133,
        "estimated_landing_time": 1886.0,
        "wait_time": 0,
        "Landing_success_rate": 0.866
    },
    {
        "model": 0,
        "sequence": 6,
        "status": 1,
        "fuel": 6480,
        "fault": 0.1647,
        "weapon": 1,
        "pilot_injury": 0.7247,
        "pilot_skill": 0.8829,
        "mission_priority": 0.2331,
        "estimated_landing_time": 570.0,
        "wait_time": 0,
        "Landing_success_rate": 0.9114
    },
    {
        "model": 0,
        "sequence": 28,
        "status": 1,
        "fuel": 6910,
        "fault": 0.5055,
        "weapon": 1,
        "pilot_injury": 0.0825,
        "pilot_skill": 0.0319,
        "mission_priority": 0.7648,
        "estimated_landing_time": 2638.0,
        "wait_time": 0,
        "Landing_success_rate": 0.9023
    },
    {
        "model": 1,
        "sequence": 29,
        "status": 1,
        "fuel": 6848,
        "fault": 0.7371,
        "weapon": 1,
        "pilot_injury": 0.4384,
        "pilot_skill": 0.3223,
        "mission_priority": 0.0661,
        "estimated_landing_time": 2732.0,
        "wait_time": 0,
        "Landing_success_rate": 0.8766
    },
    {
        "model": 1,
        "sequence": 13,
        "status": 1,
        "fuel": 6239,
        "fault": 0.2855,
        "weapon": 1,
        "pilot_injury": 0.9397,
        "pilot_skill": 0.4823,
        "mission_priority": 0.8483,
        "estimated_landing_time": 1228.0,
        "wait_time": 0,
        "Landing_success_rate": 0.8896
    },
    {
        "model": 0,
        "sequence": 5,
        "status": 1,
        "fuel": 6251,
        "fault": 0.4539,
        "weapon": 0,
        "pilot_injury": 0.7508,
        "pilot_skill": 0.9305,
        "mission_priority": 0.5663,
        "estimated_landing_time": 476.0,
        "wait_time": 0,
        "Landing_success_rate": 0.8808
    },
    {
        "model": 2,
        "sequence": 15,
        "status": 1,
        "fuel": 5708,
        "fault": 0.4632,
        "weapon": 1,
        "pilot_injury": 0.5421,
        "pilot_skill": 0.8175,
        "mission_priority": 0.7621,
        "estimated_landing_time": 1416.0,
        "wait_time": 0,
        "Landing_success_rate": 0.8584
    },
    {
        "model": 1,
        "sequence": 7,
        "status": 1,
        "fuel": 6175,
        "fault": 0.5442,
        "weapon": 0,
        "pilot_injury": 0.9254,
        "pilot_skill": 0.4291,
        "mission_priority": 0.5715,
        "estimated_landing_time": 664.0,
        "wait_time": 0,
        "Landing_success_rate": 0.8731
    },
    {
        "model": 1,
        "sequence": 1,
        "status": 1,
        "fuel": 6469,
        "fault": 0.345,
        "weapon": 1,
        "pilot_injury": 0.5106,
        "pilot_skill": 0.4947,
        "mission_priority": 0.3564,
        "estimated_landing_time": 100.0,
        "wait_time": 0,
        "Landing_success_rate": 0.8976
    },
    {
        "model": 2,
        "sequence": 30,
        "status": 1,
        "fuel": 6261,
        "fault": 0.7818,
        "weapon": 1,
        "pilot_injury": 0.117,
        "pilot_skill": 0.0825,
        "mission_priority": 0.565,
        "estimated_landing_time": 2826.0,
        "wait_time": 0,
        "Landing_success_rate": 0.8625
    },
    {
        "model": 2,
        "sequence": 9,
        "status": 1,
        "fuel": 7355,
        "fault": 0.4793,
        "weapon": 1,
        "pilot_injury": 0.5767,
        "pilot_skill": 0.324,
        "mission_priority": 0.1831,
        "estimated_landing_time": 852.0,
        "wait_time": 0,
        "Landing_success_rate": 0.9224
    },
    {
        "model": 2,
        "sequence": 22,
        "status": 1,
        "fuel": 6788,
        "fault": 0.7646,
        "weapon": 1,
        "pilot_injury": 0.9527,
        "pilot_skill": 0.9566,
        "mission_priority": 0.0276,
        "estimated_landing_time": 2074.0,
        "wait_time": 0,
        "Landing_success_rate": 0.8727
    },
    {
        "model": 0,
        "sequence": 25,
        "status": 1,
        "fuel": 6680,
        "fault": 0.9696,
        "weapon": 1,
        "pilot_injury": 0.8155,
        "pilot_skill": 0.9914,
        "mission_priority": 0.543,
        "estimated_landing_time": 2356.0,
        "wait_time": 0,
        "Landing_success_rate": 0.8527
    },
    {
        "model": 0,
        "sequence": 23,
        "status": 1,
        "fuel": 6136,
        "fault": 0.7182,
        "weapon": 0,
        "pilot_injury": 0.7654,
        "pilot_skill": 0.6561,
        "mission_priority": 0.801,
        "estimated_landing_time": 2168.0,
        "wait_time": 0,
        "Landing_success_rate": 0.8634
    },
    {
        "model": 2,
        "sequence": 16,
        "status": 1,
        "fuel": 6064,
        "fault": 0.12,
        "weapon": 1,
        "pilot_injury": 0.4757,
        "pilot_skill": 0.3121,
        "mission_priority": 0.6941,
        "estimated_landing_time": 1510.0,
        "wait_time": 0,
        "Landing_success_rate": 0.8872
    },
    {
        "model": 0,
        "sequence": 11,
        "status": 1,
        "fuel": 6870,
        "fault": 0.4922,
        "weapon": 1,
        "pilot_injury": 0.0066,
        "pilot_skill": 0.8155,
        "mission_priority": 0.4066,
        "estimated_landing_time": 1040.0,
        "wait_time": 0,
        "Landing_success_rate": 0.9022
    },
    {
        "model": 0,
        "sequence": 19,
        "status": 1,
        "fuel": 6637,
        "fault": 0.3214,
        "weapon": 0,
        "pilot_injury": 0.1938,
        "pilot_skill": 0.8505,
        "mission_priority": 0.5955,
        "estimated_landing_time": 1792.0,
        "wait_time": 0,
        "Landing_success_rate": 0.9079
    },
    {
        "model": 2,
        "sequence": 14,
        "status": 1,
        "fuel": 7083,
        "fault": 0.7186,
        "weapon": 1,
        "pilot_injury": 0.9835,
        "pilot_skill": 0.6612,
        "mission_priority": 0.7278,
        "estimated_landing_time": 1322.0,
        "wait_time": 0,
        "Landing_success_rate": 0.8834
    },
    {
        "model": 1,
        "sequence": 21,
        "status": 1,
        "fuel": 6057,
        "fault": 0.6537,
        "weapon": 0,
        "pilot_injury": 0.099,
        "pilot_skill": 0.8897,
        "mission_priority": 0.5048,
        "estimated_landing_time": 1980.0,
        "wait_time": 0,
        "Landing_success_rate": 0.8645
    },
    {
        "model": 0,
        "sequence": 8,
        "status": 1,
        "fuel": 7349,
        "fault": 0.1028,
        "weapon": 1,
        "pilot_injury": 0.4401,
        "pilot_skill": 0.0053,
        "mission_priority": 0.9612,
        "estimated_landing_time": 758.0,
        "wait_time": 0,
        "Landing_success_rate": 0.9744
    },
    {
        "model": 2,
        "sequence": 2,
        "status": 1,
        "fuel": 5514,
        "fault": 0.2941,
        "weapon": 1,
        "pilot_injury": 0.6067,
        "pilot_skill": 0.6748,
        "mission_priority": 0.5648,
        "estimated_landing_time": 194.0,
        "wait_time": 0,
        "Landing_success_rate": 0.8507
    },
    {
        "model": 2,
        "sequence": 12,
        "status": 1,
        "fuel": 7099,
        "fault": 0.9176,
        "weapon": 0,
        "pilot_injury": 0.3226,
        "pilot_skill": 0.0894,
        "mission_priority": 0.3875,
        "estimated_landing_time": 1134.0,
        "wait_time": 0,
        "Landing_success_rate": 0.8599
    },
    {
        "model": 2,
        "sequence": 3,
        "status": 1,
        "fuel": 6846,
        "fault": 0.071,
        "weapon": 0,
        "pilot_injury": 0.165,
        "pilot_skill": 0.0863,
        "mission_priority": 0.0011,
        "estimated_landing_time": 288.0,
        "wait_time": 0,
        "Landing_success_rate": 0.9438
    },
    {
        "model": 1,
        "sequence": 18,
        "status": 1,
        "fuel": 7265,
        "fault": 0.2977,
        "weapon": 0,
        "pilot_injury": 0.2315,
        "pilot_skill": 0.5776,
        "mission_priority": 0.8016,
        "estimated_landing_time": 1698.0,
        "wait_time": 0,
        "Landing_success_rate": 0.943
    },
    {
        "model": 2,
        "sequence": 27,
        "status": 1,
        "fuel": 6623,
        "fault": 0.1571,
        "weapon": 1,
        "pilot_injury": 0.8687,
        "pilot_skill": 0.4987,
        "mission_priority": 0.888,
        "estimated_landing_time": 2544.0,
        "wait_time": 0,
        "Landing_success_rate": 0.921
    }
]