[
    {
        "model": 2,
        "sequence": 18,
        "status": 1,
        "fuel": 6799,
        "fault": 0.3508,
        "weapon": 0,
        "pilot_injury": 0.6321,
        "pilot_skill": 0.7862,
        "mission_priority": 0.4018,
        "estimated_landing_time": 1698.0,
        "wait_time": 0,
        "Landing_success_rate": 0.9132
    },
    {
        "model": 1,
        "sequence": 19,
        "status": 1,
        "fuel": 7357,
        "fault": 0.0346,
        "weapon": 1,
        "pilot_injury": 0.5057,
        "pilot_skill": 0.6839,
        "mission_priority": 0.1626,
        "estimated_landing_time": 1792.0,
        "wait_time": 0,
        "Landing_success_rate": 0.9845
    },
    {
        "model": 1,
        "sequence": 16,
        "status": 1,
        "fuel": 6194,
        "fault": 0.8215,
        "weapon": 1,
        "pilot_injury": 0.1559,
        "pilot_skill": 0.2699,
        "mission_priority": 0.6084,
        "estimated_landing_time": 1510.0,
        "wait_time": 0,
        "Landing_success_rate": 0.8593
    },
    {
        "model": 0,
        "sequence": 13,
        "status": 1,
        "fuel": 6332,
        "fault": 0.0554,
        "weapon": 0,
        "pilot_injury": 0.7136,
        "pilot_skill": 0.5815,
        "mission_priority": 0.8358,
        "estimated_landing_time": 1228.0,
        "wait_time": 0,
        "Landing_success_rate": 0.9089
    },
    {
        "model": 1,
        "sequence": 1,
        "status": 1,
        "fuel": 6172,
        "fault": 0.7962,
        "weapon": 1,
        "pilot_injury": 0.7117,
        "pilot_skill": 0.0403,
        "mission_priority": 0.6322,
        "estimated_landing_time": 100.0,
        "wait_time": 0,
        "Landing_success_rate": 0.8603
    },
    {
        "model": 1,
        "sequence": 22,
        "status": 1,
        "fuel": 7242,
        "fault": 0.8089,
        "weapon": 0,
        "pilot_injury": 0.553,
        "pilot_skill": 0.4606,
        "mission_priority": 0.6918,
        "estimated_landing_time": 2074.0,
        "wait_time": 0,
        "Landing_success_rate": 0.875
    },
    {
        "model": 2,
        "sequence": 6,
        "status": 1,
        "fuel": 6760,
        "fault": 0.9318,
        "weapon": 1,
        "pilot_injury": 0.3654,
        "pilot_skill": 0.4527,
        "mission_priority": 0.1305,
        "estimated_landing_time": 570.0,
        "wait_time": 0,
        "Landing_success_rate": 0.8564
    },
    {
        "model": 0,
        "sequence": 5,
        "status": 1,
        "fuel": 7083,
        "fault": 0.7361,
        "weapon": 1,
        "pilot_injury": 0.7512,
        "pilot_skill": 0.9288,
        "mission_priority": 0.7432,
        "estimated_landing_time": 476.0,
        "wait_time": 0,
        "Landing_success_rate": 0.8813
    },
    {
        "model": 0,
        "sequence": 10,
        "status": 1,
        "fuel": 6533,
        "fault": 0.7647,
        "weapon": 1,
        "pilot_injury": 0.1664,
        "pilot_skill": 0.0864,
        "mission_priority": 0.2196,
        "estimated_landing_time": 946.0,
        "wait_time": 0,
        "Landing_success_rate": 0.8682
    },
    {
        "model": 0,
        "sequence": 21,
        "status": 1,
        "fuel": 6549,
        "fault": 0.9681,
        "weapon": 1,
        "pilot_injury": 0.9512,
        "pilot_skill": 0.2185,
        "mission_priority": 0.8336,
        "estimated_landing_time": 1980.0,
        "wait_time": 0,
        "Landing_success_rate": 0.8525
    },
    {
        "model": 0,
        "sequence": 3,
        "status": 1,
        "fuel": 7187,
        "fault": 0.838,
        "weapon": 0,
        "pilot_injury": 0.7107,
        "pilot_skill": 0.8241,
        "mission_priority": 0.8843,
        "estimated_landing_time": 288.0,
        "wait_time": 0,
        "Landing_success_rate": 0.8705
    },
    {
        "model": 1,
        "sequence": 29,
        "status": 1,
        "fuel": 6007,
        "fault": 0.0316,
        "weapon": 1,
        "pilot_injury": 0.3111,
        "pilot_skill": 0.2677,
        "mission_priority": 0.3975,
        "estimated_landing_time": 2732.0,
        "wait_time": 0,
        "Landing_success_rate": 0.8868
    },
    {
        "model": 0,
        "sequence": 27,
        "status": 1,
        "fuel": 7193,
        "fault": 0.8195,
        "weapon": 1,
        "pilot_injury": 0.0861,
        "pilot_skill": 0.6566,
        "mission_priority": 0.1742,
        "estimated_landing_time": 2544.0,
        "wait_time": 0,
        "Landing_success_rate": 0.8729
    },
    {
        "model": 1,
        "sequence": 12,
        "status": 1,
        "fuel": 6937,
        "fault": 0.674,
        "weapon": 1,
        "pilot_injury": 0.1977,
        "pilot_skill": 0.1942,
        "mission_priority": 0.2895,
        "estimated_landing_time": 1134.0,
        "wait_time": 0,
        "Landing_success_rate": 0.8851
    },
    {
        "model": 1,
        "sequence": 30,
        "status": 1,
        "fuel": 6964,
        "fault": 0.403,
        "weapon": 1,
        "pilot_injury": 0.4863,
        "pilot_skill": 0.5997,
        "mission_priority": 0.8426,
        "estimated_landing_time": 2826.0,
        "wait_time": 0,
        "Landing_success_rate": 0.9156
    },
    {
        "model": 1,
        "sequence": 23,
        "status": 1,
        "fuel": 6081,
        "fault": 0.8875,
        "weapon": 0,
        "pilot_injury": 0.4336,
        "pilot_skill": 0.3187,
        "mission_priority": 0.8661,
        "estimated_landing_time": 2168.0,
        "wait_time": 0,
        "Landing_success_rate": 0.8549
    },
    {
        "model": 1,
        "sequence": 26,
        "status": 1,
        "fuel": 6550,
        "fault": 0.2864,
        "weapon": 0,
        "pilot_injury": 0.6538,
        "pilot_skill": 0.7142,
        "mission_priority": 0.4677,
        "estimated_landing_time": 2450.0,
        "wait_time": 0,
        "Landing_success_rate": 0.9062
    },
    {
        "model": 0,
        "sequence": 15,
        "status": 1,
        "fuel": 6884,
        "fault": 0.3048,
        "weapon": 1,
        "pilot_injury": 0.4934,
        "pilot_skill": 0.3324,
        "mission_priority": 0.0532,
        "estimated_landing_time": 1416.0,
        "wait_time": 0,
        "Landing_success_rate": 0.9222
    },
    {
        "model": 1,
        "sequence": 17,
        "status": 1,
        "fuel": 6999,
        "fault": 0.3046,
        "weapon": 0,
        "pilot_injury": 0.5906,
        "pilot_skill": 0.5132,
        "mission_priority": 0.2762,
        "estimated_landing_time": 1604.0,
        "wait_time": 0,
        "Landing_success_rate": 0.9282
    },
    {
        "model": 2,
        "sequence": 20,
        "status": 1,
        "fuel": 6276,
        "fault": 0.4804,
        "weapon": 0,
        "pilot_injury": 0.9211,
        "pilot_skill": 0.3756,
        "mission_priority": 0.0401,
        "estimated_landing_time": 1886.0,
        "wait_time": 0,
        "Landing_success_rate": 0.8802
    },
    {
        "model": 2,
        "sequence": 24,
        "status": 1,
        "fuel": 5769,
        "fault": 0.0494,
        "weapon": 0,
        "pilot_injury": 0.1694,
        "pilot_skill": 0.9728,
        "mission_priority": 0.6172,
        "estimated_landing_time": 2262.0,
        "wait_time": 0,
        "Landing_success_rate": 0.8692
    },
    {
        "model": 2,
        "sequence": 11,
        "status": 1,
        "fuel": 7280,
        "fault": 0.6934,
        "weapon": 1,
        "pilot_injury": 0.6225,
        "pilot_skill": 0.8411,
        "mission_priority": 0.9828,
        "estimated_landing_time": 1040.0,
        "wait_time": 0,
        "Landing_success_rate": 0.8909
    },
    {
        "model": 2,
        "sequence": 2,
        "status": 1,
        "fuel": 6115,
        "fault": 0.8987,
        "weapon": 1,
        "pilot_injury": 0.2894,
        "pilot_skill": 0.9704,
        "mission_priority": 0.8185,
        "estimated_landing_time": 194.0,
        "wait_time": 0,
        "Landing_success_rate": 0.8547
    },
    {
        "model": 1,
        "sequence": 7,
        "status": 1,
        "fuel": 6949,
        "fault": 0.3655,
        "weapon": 0,
        "pilot_injury": 0.1936,
        "pilot_skill": 0.6491,
        "mission_priority": 0.9536,
        "estimated_landing_time": 664.0,
        "wait_time": 0,
        "Landing_success_rate": 0.919
    },
    {
        "model": 2,
        "sequence": 25,
        "status": 1,
        "fuel": 6828,
        "fault": 0.2205,
        "weapon": 1,
        "pilot_injury": 0.0531,
        "pilot_skill": 0.9612,
        "mission_priority": 0.1999,
        "estimated_landing_time": 2356.0,
        "wait_time": 0,
        "Landing_success_rate": 0.9276
    },
    {
        "model": 2,
        "sequence": 4,
        "status": 1,
        "fuel": 5529,
        "fault": 0.2662,
        "weapon": 0,
        "pilot_injury": 0.8433,
        "pilot_skill": 0.1179,
        "mission_priority": 0.6438,
        "estimated_landing_time": 382.0,
        "wait_time": 0,
        "Landing_success_rate": 0.8516
    },
    {
        "model": 1,
        "sequence": 28,
        "status": 1,
        "fuel": 6464,
        "fault": 0.8409,
        "weapon": 1,
        "pilot_injury": 0.5121,
        "pilot_skill": 0.0457,
        "mission_priority": 0.1956,
        "estimated_landing_time": 2638.0,
        "wait_time": 0,
        "Landing_success_rate": 0.8615
    },
    {
        "model": 0,
        "sequence": 14,
        "status": 1,
        "fuel": 5556,
        "fault": 0.1533,
        "weapon": 1,
        "pilot_injury": 0.971,
        "pilot_skill": 0.4502,
        "mission_priority": 0.8589,
        "estimated_landing_time": 1322.0,
        "wait_time": 0,
        "Landing_success_rate": 0.8536
    },
    {
        "model": 0,
        "sequence": 8,
        "status": 1,
        "fuel": 6660,
        "fault": 0.8649,
        "weapon": 0,
        "pilot_injury": 0.6957,
        "pilot_skill": 0.0388,
        "mission_priority": 0.5528,
        "estimated_landing_time": 758.0,
        "wait_time": 0,
        "Landing_success_rate": 0.8618
    },
    {
        "model": 0,
        "sequence": 9,
        "status": 1,
        "fuel": 5575,
        "fault": 0.889,
        "weapon": 1,
        "pilot_injury": 0.8927,
        "pilot_skill": 0.9558,
        "mission_priority": 0.5278,
        "estimated_landing_time": 852.0,
        "wait_time": 0,
        "Landing_success_rate": 0.8506
    }
]