[
    {
        "model": 1,
        "sequence": 3,
        "status": 1,
        "fuel": 5841,
        "fault": 0.4679,
        "weapon": 0,
        "pilot_injury": 0.6103,
        "pilot_skill": 0.4279,
        "mission_priority": 0.4513,
        "estimated_landing_time": 288.0,
        "wait_time": 0,
        "Landing_success_rate": 0.8636
    },
    {
        "model": 1,
        "sequence": 2,
        "status": 1,
        "fuel": 6132,
        "fault": 0.6057,
        "weapon": 0,
        "pilot_injury": 0.167,
        "pilot_skill": 0.7496,
        "mission_priority": 0.6977,
        "estimated_landing_time": 194.0,
        "wait_time": 0,
        "Landing_success_rate": 0.8687
    },
    {
        "model": 1,
        "sequence": 20,
        "status": 1,
        "fuel": 6879,
        "fault": 0.4327,
        "weapon": 1,
        "pilot_injury": 0.1287,
        "pilot_skill": 0.9786,
        "mission_priority": 0.1885,
        "estimated_landing_time": 1886.0,
        "wait_time": 0,
        "Landing_success_rate": 0.9087
    },
    {
        "model": 0,
        "sequence": 28,
        "status": 1,
        "fuel": 5964,
        "fault": 0.2838,
        "weapon": 0,
        "pilot_injury": 0.1404,
        "pilot_skill": 0.1705,
        "mission_priority": 0.8766,
        "estimated_landing_time": 2638.0,
        "wait_time": 0,
        "Landing_success_rate": 0.8749
    },
    {
        "model": 1,
        "sequence": 22,
        "status": 1,
        "fuel": 7194,
        "fault": 0.2562,
        "weapon": 1,
        "pilot_injury": 0.8587,
        "pilot_skill": 0.9732,
        "mission_priority": 0.2103,
        "estimated_landing_time": 2074.0,
        "wait_time": 0,
        "Landing_success_rate": 0.9445
    },
    {
        "model": 1,
        "sequence": 19,
        "status": 1,
        "fuel": 7404,
        "fault": 0.9759,
        "weapon": 0,
        "pilot_injury": 0.1882,
        "pilot_skill": 0.5802,
        "mission_priority": 0.5326,
        "estimated_landing_time": 1792.0,
        "wait_time": 0,
        "Landing_success_rate": 0.8534
    },
    {
        "model": 1,
        "sequence": 26,
        "status": 1,
        "fuel": 6045,
        "fault": 0.2123,
        "weapon": 0,
        "pilot_injury": 0.8509,
        "pilot_skill": 0.2718,
        "mission_priority": 0.5552,
        "estimated_landing_time": 2450.0,
        "wait_time": 0,
        "Landing_success_rate": 0.8822
    },
    {
        "model": 2,
        "sequence": 12,
        "status": 1,
        "fuel": 6885,
        "fault": 0.2326,
        "weapon": 1,
        "pilot_injury": 0.0204,
        "pilot_skill": 0.5994,
        "mission_priority": 0.9725,
        "estimated_landing_time": 1134.0,
        "wait_time": 0,
        "Landing_success_rate": 0.9297
    },
    {
        "model": 1,
        "sequence": 18,
        "status": 1,
        "fuel": 5967,
        "fault": 0.8947,
        "weapon": 0,
        "pilot_injury": 0.7161,
        "pilot_skill": 0.2973,
        "mission_priority": 0.7536,
        "estimated_landing_time": 1698.0,
        "wait_time": 0,
        "Landing_success_rate": 0.8537
    },
    {
        "model": 2,
        "sequence": 7,
        "status": 1,
        "fuel": 5750,
        "fault": 0.5448,
        "weapon": 0,
        "pilot_injury": 0.0022,
        "pilot_skill": 0.305,
        "mission_priority": 0.2059,
        "estimated_landing_time": 664.0,
        "wait_time": 0,
        "Landing_success_rate": 0.8585
    },
    {
        "model": 1,
        "sequence": 21,
        "status": 1,
        "fuel": 7146,
        "fault": 0.5847,
        "weapon": 0,
        "pilot_injury": 0.036,
        "pilot_skill": 0.5313,
        "mission_priority": 0.8747,
        "estimated_landing_time": 1980.0,
        "wait_time": 0,
        "Landing_success_rate": 0.9013
    },
    {
        "model": 1,
        "sequence": 30,
        "status": 1,
        "fuel": 6584,
        "fault": 0.0647,
        "weapon": 0,
        "pilot_injury": 0.1785,
        "pilot_skill": 0.3874,
        "mission_priority": 0.3309,
        "estimated_landing_time": 2826.0,
        "wait_time": 0,
        "Landing_success_rate": 0.926
    },
    {
        "model": 0,
        "sequence": 9,
        "status": 1,
        "fuel": 6923,
        "fault": 0.7886,
        "weapon": 0,
        "pilot_injury": 0.2388,
        "pilot_skill": 0.0686,
        "mission_priority": 0.8574,
        "estimated_landing_time": 852.0,
        "wait_time": 0,
        "Landing_success_rate": 0.8726
    },
    {
        "model": 0,
        "sequence": 25,
        "status": 1,
        "fuel": 6006,
        "fault": 0.7323,
        "weapon": 1,
        "pilot_injury": 0.6922,
        "pilot_skill": 0.928,
        "mission_priority": 0.0238,
        "estimated_landing_time": 2356.0,
        "wait_time": 0,
        "Landing_success_rate": 0.8602
    },
    {
        "model": 0,
        "sequence": 29,
        "status": 1,
        "fuel": 6806,
        "fault": 0.5261,
        "weapon": 0,
        "pilot_injury": 0.5852,
        "pilot_skill": 0.6947,
        "mission_priority": 0.5755,
        "estimated_landing_time": 2732.0,
        "wait_time": 0,
        "Landing_success_rate": 0.8964
    },
    {
        "model": 0,
        "sequence": 23,
        "status": 1,
        "fuel": 7149,
        "fault": 0.1936,
        "weapon": 1,
        "pilot_injury": 0.9213,
        "pilot_skill": 0.038,
        "mission_priority": 0.4137,
        "estimated_landing_time": 2168.0,
        "wait_time": 0,
        "Landing_success_rate": 0.9497
    },
    {
        "model": 1,
        "sequence": 10,
        "status": 1,
        "fuel": 5898,
        "fault": 0.8362,
        "weapon": 1,
        "pilot_injury": 0.0496,
        "pilot_skill": 0.4723,
        "mission_priority": 0.9757,
        "estimated_landing_time": 946.0,
        "wait_time": 0,
        "Landing_success_rate": 0.8549
    },
    {
        "model": 2,
        "sequence": 13,
        "status": 1,
        "fuel": 5592,
        "fault": 0.0136,
        "weapon": 0,
        "pilot_injury": 0.1957,
        "pilot_skill": 0.5768,
        "mission_priority": 0.387,
        "estimated_landing_time": 1228.0,
        "wait_time": 0,
        "Landing_success_rate": 0.8568
    },
    {
        "model": 1,
        "sequence": 14,
        "status": 1,
        "fuel": 6245,
        "fault": 0.1144,
        "weapon": 1,
        "pilot_injury": 0.9735,
        "pilot_skill": 0.3867,
        "mission_priority": 0.6404,
        "estimated_landing_time": 1322.0,
        "wait_time": 0,
        "Landing_success_rate": 0.8995
    },
    {
        "model": 1,
        "sequence": 1,
        "status": 1,
        "fuel": 5940,
        "fault": 0.2824,
        "weapon": 0,
        "pilot_injury": 0.0412,
        "pilot_skill": 0.7734,
        "mission_priority": 0.3945,
        "estimated_landing_time": 100.0,
        "wait_time": 0,
        "Landing_success_rate": 0.8737
    },
    {
        "model": 1,
        "sequence": 11,
        "status": 1,
        "fuel": 6991,
        "fault": 0.8015,
        "weapon": 1,
        "pilot_injury": 0.0852,
        "pilot_skill": 0.2691,
        "mission_priority": 0.8568,
        "estimated_landing_time": 1040.0,
        "wait_time": 0,
        "Landing_success_rate": 0.8722
    },
    {
        "model": 0,
        "sequence": 16,
        "status": 1,
        "fuel": 6478,
        "fault": 0.4164,
        "weapon": 0,
        "pilot_injury": 0.0484,
        "pilot_skill": 0.9203,
        "mission_priority": 0.1369,
        "estimated_landing_time": 1510.0,
        "wait_time": 0,
        "Landing_success_rate": 0.8928
    },
    {
        "model": 1,
        "sequence": 17,
        "status": 1,
        "fuel": 5762,
        "fault": 0.6627,
        "weapon": 1,
        "pilot_injury": 0.4975,
        "pilot_skill": 0.8169,
        "mission_priority": 0.2669,
        "estimated_landing_time": 1604.0,
        "wait_time": 0,
        "Landing_success_rate": 0.8566
    },
    {
        "model": 1,
        "sequence": 27,
        "status": 1,
        "fuel": 6723,
        "fault": 0.273,
        "weapon": 1,
        "pilot_injury": 0.9817,
        "pilot_skill": 0.0111,
        "mission_priority": 0.504,
        "estimated_landing_time": 2544.0,
        "wait_time": 0,
        "Landing_success_rate": 0.9167
    },
    {
        "model": 2,
        "sequence": 8,
        "status": 1,
        "fuel": 6956,
        "fault": 0.0757,
        "weapon": 0,
        "pilot_injury": 0.7462,
        "pilot_skill": 0.0744,
        "mission_priority": 0.4619,
        "estimated_landing_time": 758.0,
        "wait_time": 0,
        "Landing_success_rate": 0.9509
    },
    {
        "model": 0,
        "sequence": 5,
        "status": 1,
        "fuel": 7219,
        "fault": 0.6294,
        "weapon": 0,
        "pilot_injury": 0.077,
        "pilot_skill": 0.0484,
        "mission_priority": 0.306,
        "estimated_landing_time": 476.0,
        "wait_time": 0,
        "Landing_success_rate": 0.8978
    },
    {
        "model": 2,
        "sequence": 6,
        "status": 1,
        "fuel": 5624,
        "fault": 0.1909,
        "weapon": 0,
        "pilot_injury": 0.004,
        "pilot_skill": 0.2847,
        "mission_priority": 0.0175,
        "estimated_landing_time": 570.0,
        "wait_time": 0,
        "Landing_success_rate": 0.8575
    },
    {
        "model": 2,
        "sequence": 15,
        "status": 1,
        "fuel": 7079,
        "fault": 0.9033,
        "weapon": 0,
        "pilot_injury": 0.7598,
        "pilot_skill": 0.8041,
        "mission_priority": 0.91,
        "estimated_landing_time": 1416.0,
        "wait_time": 0,
        "Landing_success_rate": 0.8615
    },
    {
        "model": 1,
        "sequence": 24,
        "status": 1,
        "fuel": 5505,
        "fault": 0.9325,
        "weapon": 0,
        "pilot_injury": 0.7277,
        "pilot_skill": 0.5378,
        "mission_priority": 0.9546,
        "estimated_landing_time": 2262.0,
        "wait_time": 0,
        "Landing_success_rate": 0.85
    },
    {
        "model": 2,
        "sequence": 4,
        "status": 1,
        "fuel": 7131,
        "fault": 0.7408,
        "weapon": 1,
        "pilot_injury": 0.2022,
        "pilot_skill": 0.2079,
        "mission_priority": 0.901,
        "estimated_landing_time": 382.0,
        "wait_time": 0,
        "Landing_success_rate": 0.8817
    }
]