[
    {
        "model": 0,
        "sequence": 22,
        "status": 1,
        "fuel": 7190,
        "fault": 0.2456,
        "weapon": 0,
        "pilot_injury": 0.1491,
        "pilot_skill": 0.4518,
        "mission_priority": 0.6365,
        "estimated_landing_time": 2074.0,
        "wait_time": 0,
        "Landing_success_rate": 0.9456
    },
    {
        "model": 2,
        "sequence": 3,
        "status": 1,
        "fuel": 6722,
        "fault": 0.764,
        "weapon": 1,
        "pilot_injury": 0.5338,
        "pilot_skill": 0.6067,
        "mission_priority": 0.8524,
        "estimated_landing_time": 288.0,
        "wait_time": 0,
        "Landing_success_rate": 0.8716
    },
    {
        "model": 2,
        "sequence": 26,
        "status": 1,
        "fuel": 6197,
        "fault": 0.7068,
        "weapon": 0,
        "pilot_injury": 0.8959,
        "pilot_skill": 0.8326,
        "mission_priority": 0.0094,
        "estimated_landing_time": 2450.0,
        "wait_time": 0,
        "Landing_success_rate": 0.8653
    },
    {
        "model": 0,
        "sequence": 21,
        "status": 1,
        "fuel": 6701,
        "fault": 0.9884,
        "weapon": 1,
        "pilot_injury": 0.6779,
        "pilot_skill": 0.3069,
        "mission_priority": 0.3236,
        "estimated_landing_time": 1980.0,
        "wait_time": 0,
        "Landing_success_rate": 0.851
    },
    {
        "model": 0,
        "sequence": 30,
        "status": 1,
        "fuel": 6722,
        "fault": 0.7098,
        "weapon": 0,
        "pilot_injury": 0.4372,
        "pilot_skill": 0.1407,
        "mission_priority": 0.0064,
        "estimated_landing_time": 2826.0,
        "wait_time": 0,
        "Landing_success_rate": 0.8766
    },
    {
        "model": 0,
        "sequence": 20,
        "status": 1,
        "fuel": 6961,
        "fault": 0.7911,
        "weapon": 0,
        "pilot_injury": 0.955,
        "pilot_skill": 0.529,
        "mission_priority": 0.6464,
        "estimated_landing_time": 1886.0,
        "wait_time": 0,
        "Landing_success_rate": 0.8729
    },
    {
        "model": 2,
        "sequence": 28,
        "status": 1,
        "fuel": 5589,
        "fault": 0.9605,
        "weapon": 1,
        "pilot_injury": 0.3743,
        "pilot_skill": 0.6422,
        "mission_priority": 0.8983,
        "estimated_landing_time": 2638.0,
        "wait_time": 0,
        "Landing_success_rate": 0.8503
    },
    {
        "model": 1,
        "sequence": 11,
        "status": 1,
        "fuel": 5628,
        "fault": 0.339,
        "weapon": 1,
        "pilot_injury": 0.91,
        "pilot_skill": 0.6646,
        "mission_priority": 0.8302,
        "estimated_landing_time": 1040.0,
        "wait_time": 0,
        "Landing_success_rate": 0.8563
    },
    {
        "model": 1,
        "sequence": 5,
        "status": 1,
        "fuel": 7360,
        "fault": 0.3916,
        "weapon": 0,
        "pilot_injury": 0.1662,
        "pilot_skill": 0.9272,
        "mission_priority": 0.0331,
        "estimated_landing_time": 476.0,
        "wait_time": 0,
        "Landing_success_rate": 0.9349
    },
    {
        "model": 2,
        "sequence": 8,
        "status": 1,
        "fuel": 7394,
        "fault": 0.2673,
        "weapon": 0,
        "pilot_injury": 0.4296,
        "pilot_skill": 0.4008,
        "mission_priority": 0.0674,
        "estimated_landing_time": 758.0,
        "wait_time": 0,
        "Landing_success_rate": 0.9541
    },
    {
        "model": 0,
        "sequence": 2,
        "status": 1,
        "fuel": 6816,
        "fault": 0.2618,
        "weapon": 0,
        "pilot_injury": 0.0539,
        "pilot_skill": 0.0856,
        "mission_priority": 0.6966,
        "estimated_landing_time": 194.0,
        "wait_time": 0,
        "Landing_success_rate": 0.9229
    },
    {
        "model": 2,
        "sequence": 29,
        "status": 1,
        "fuel": 6861,
        "fault": 0.4997,
        "weapon": 0,
        "pilot_injury": 0.6569,
        "pilot_skill": 0.1123,
        "mission_priority": 0.9103,
        "estimated_landing_time": 2732.0,
        "wait_time": 0,
        "Landing_success_rate": 0.9011
    },
    {
        "model": 2,
        "sequence": 24,
        "status": 1,
        "fuel": 7332,
        "fault": 0.5273,
        "weapon": 1,
        "pilot_injury": 0.1925,
        "pilot_skill": 0.0306,
        "mission_priority": 0.5903,
        "estimated_landing_time": 2262.0,
        "wait_time": 0,
        "Landing_success_rate": 0.9149
    },
    {
        "model": 2,
        "sequence": 7,
        "status": 1,
        "fuel": 6256,
        "fault": 0.4435,
        "weapon": 1,
        "pilot_injury": 0.4737,
        "pilot_skill": 0.4572,
        "mission_priority": 0.8512,
        "estimated_landing_time": 664.0,
        "wait_time": 0,
        "Landing_success_rate": 0.8816
    },
    {
        "model": 2,
        "sequence": 14,
        "status": 1,
        "fuel": 5635,
        "fault": 0.1645,
        "weapon": 1,
        "pilot_injury": 0.416,
        "pilot_skill": 0.6738,
        "mission_priority": 0.0501,
        "estimated_landing_time": 1322.0,
        "wait_time": 0,
        "Landing_success_rate": 0.8585
    },
    {
        "model": 1,
        "sequence": 6,
        "status": 1,
        "fuel": 5763,
        "fault": 0.8778,
        "weapon": 0,
        "pilot_injury": 0.9736,
        "pilot_skill": 0.7558,
        "mission_priority": 0.155,
        "estimated_landing_time": 570.0,
        "wait_time": 0,
        "Landing_success_rate": 0.8524
    },
    {
        "model": 0,
        "sequence": 9,
        "status": 1,
        "fuel": 5686,
        "fault": 0.0547,
        "weapon": 0,
        "pilot_injury": 0.5246,
        "pilot_skill": 0.3567,
        "mission_priority": 0.3767,
        "estimated_landing_time": 852.0,
        "wait_time": 0,
        "Landing_success_rate": 0.8632
    },
    {
        "model": 2,
        "sequence": 27,
        "status": 1,
        "fuel": 5596,
        "fault": 0.782,
        "weapon": 0,
        "pilot_injury": 0.7306,
        "pilot_skill": 0.6109,
        "mission_priority": 0.2687,
        "estimated_landing_time": 2544.0,
        "wait_time": 0,
        "Landing_success_rate": 0.8516
    },
    {
        "model": 2,
        "sequence": 23,
        "status": 1,
        "fuel": 7071,
        "fault": 0.7459,
        "weapon": 1,
        "pilot_injury": 0.2434,
        "pilot_skill": 0.7412,
        "mission_priority": 0.8091,
        "estimated_landing_time": 2168.0,
        "wait_time": 0,
        "Landing_success_rate": 0.8799
    },
    {
        "model": 0,
        "sequence": 4,
        "status": 1,
        "fuel": 5713,
        "fault": 0.0624,
        "weapon": 1,
        "pilot_injury": 0.3657,
        "pilot_skill": 0.0718,
        "mission_priority": 0.6049,
        "estimated_landing_time": 382.0,
        "wait_time": 0,
        "Landing_success_rate": 0.865
    },
    {
        "model": 0,
        "sequence": 13,
        "status": 1,
        "fuel": 5696,
        "fault": 0.5748,
        "weapon": 1,
        "pilot_injury": 0.3581,
        "pilot_skill": 0.6707,
        "mission_priority": 0.5529,
        "estimated_landing_time": 1228.0,
        "wait_time": 0,
        "Landing_success_rate": 0.8563
    },
    {
        "model": 2,
        "sequence": 1,
        "status": 1,
        "fuel": 7236,
        "fault": 0.9355,
        "weapon": 1,
        "pilot_injury": 0.0683,
        "pilot_skill": 0.2951,
        "mission_priority": 0.8709,
        "estimated_landing_time": 100.0,
        "wait_time": 0,
        "Landing_success_rate": 0.8584
    },
    {
        "model": 2,
        "sequence": 25,
        "status": 1,
        "fuel": 6855,
        "fault": 0.2397,
        "weapon": 1,
        "pilot_injury": 0.1833,
        "pilot_skill": 0.5527,
        "mission_priority": 0.2646,
        "estimated_landing_time": 2356.0,
        "wait_time": 0,
        "Landing_success_rate": 0.9273
    },
    {
        "model": 0,
        "sequence": 16,
        "status": 1,
        "fuel": 7234,
        "fault": 0.8248,
        "weapon": 1,
        "pilot_injury": 0.3599,
        "pilot_skill": 0.0951,
        "mission_priority": 0.588,
        "estimated_landing_time": 1510.0,
        "wait_time": 0,
        "Landing_success_rate": 0.8728
    },
    {
        "model": 0,
        "sequence": 12,
        "status": 1,
        "fuel": 6723,
        "fault": 0.3192,
        "weapon": 1,
        "pilot_injury": 0.0197,
        "pilot_skill": 0.4225,
        "mission_priority": 0.7484,
        "estimated_landing_time": 1134.0,
        "wait_time": 0,
        "Landing_success_rate": 0.9124
    },
    {
        "model": 1,
        "sequence": 10,
        "status": 1,
        "fuel": 6022,
        "fault": 0.8818,
        "weapon": 0,
        "pilot_injury": 0.786,
        "pilot_skill": 0.3687,
        "mission_priority": 0.1537,
        "estimated_landing_time": 946.0,
        "wait_time": 0,
        "Landing_success_rate": 0.8546
    },
    {
        "model": 2,
        "sequence": 15,
        "status": 1,
        "fuel": 5817,
        "fault": 0.2157,
        "weapon": 0,
        "pilot_injury": 0.8094,
        "pilot_skill": 0.3117,
        "mission_priority": 0.9402,
        "estimated_landing_time": 1416.0,
        "wait_time": 0,
        "Landing_success_rate": 0.8686
    },
    {
        "model": 0,
        "sequence": 19,
        "status": 1,
        "fuel": 5864,
        "fault": 0.5819,
        "weapon": 0,
        "pilot_injury": 0.6529,
        "pilot_skill": 0.9994,
        "mission_priority": 0.4656,
        "estimated_landing_time": 1792.0,
        "wait_time": 0,
        "Landing_success_rate": 0.8614
    },
    {
        "model": 0,
        "sequence": 17,
        "status": 1,
        "fuel": 6229,
        "fault": 0.3795,
        "weapon": 1,
        "pilot_injury": 0.0096,
        "pilot_skill": 0.2889,
        "mission_priority": 0.1004,
        "estimated_landing_time": 1604.0,
        "wait_time": 0,
        "Landing_success_rate": 0.8839
    },
    {
        "model": 1,
        "sequence": 18,
        "status": 1,
        "fuel": 6111,
        "fault": 0.4177,
        "weapon": 1,
        "pilot_injury": 0.0956,
        "pilot_skill": 0.4207,
        "mission_priority": 0.514,
        "estimated_landing_time": 1698.0,
        "wait_time": 0,
        "Landing_success_rate": 0.8767
    }
]