[
    {
        "model": 1,
        "sequence": 3,
        "status": 1,
        "fuel": 6950,
        "fault": 0.2139,
        "weapon": 1,
        "pilot_injury": 0.2289,
        "pilot_skill": 0.979,
        "mission_priority": 0.9845,
        "estimated_landing_time": 288.0,
        "wait_time": 0,
        "Landing_success_rate": 0.9355
    },
    {
        "model": 1,
        "sequence": 24,
        "status": 1,
        "fuel": 7042,
        "fault": 0.5315,
        "weapon": 1,
        "pilot_injury": 0.6814,
        "pilot_skill": 0.5839,
        "mission_priority": 0.1809,
        "estimated_landing_time": 2262.0,
        "wait_time": 0,
        "Landing_success_rate": 0.9042
    },
    {
        "model": 2,
        "sequence": 23,
        "status": 1,
        "fuel": 6888,
        "fault": 0.3828,
        "weapon": 0,
        "pilot_injury": 0.9883,
        "pilot_skill": 0.6136,
        "mission_priority": 0.7522,
        "estimated_landing_time": 2168.0,
        "wait_time": 0,
        "Landing_success_rate": 0.9143
    },
    {
        "model": 1,
        "sequence": 20,
        "status": 1,
        "fuel": 6657,
        "fault": 0.756,
        "weapon": 1,
        "pilot_injury": 0.7645,
        "pilot_skill": 0.4581,
        "mission_priority": 0.2919,
        "estimated_landing_time": 1886.0,
        "wait_time": 0,
        "Landing_success_rate": 0.8712
    },
    {
        "model": 2,
        "sequence": 5,
        "status": 1,
        "fuel": 7075,
        "fault": 0.609,
        "weapon": 0,
        "pilot_injury": 0.93,
        "pilot_skill": 0.3104,
        "mission_priority": 0.461,
        "estimated_landing_time": 476.0,
        "wait_time": 0,
        "Landing_success_rate": 0.8962
    },
    {
        "model": 0,
        "sequence": 19,
        "status": 1,
        "fuel": 6698,
        "fault": 0.1776,
        "weapon": 0,
        "pilot_injury": 0.2828,
        "pilot_skill": 0.9843,
        "mission_priority": 0.8483,
        "estimated_landing_time": 1792.0,
        "wait_time": 0,
        "Landing_success_rate": 0.9239
    },
    {
        "model": 0,
        "sequence": 8,
        "status": 1,
        "fuel": 5777,
        "fault": 0.7065,
        "weapon": 0,
        "pilot_injury": 0.1943,
        "pilot_skill": 0.4787,
        "mission_priority": 0.2088,
        "estimated_landing_time": 758.0,
        "wait_time": 0,
        "Landing_success_rate": 0.8561
    },
    {
        "model": 0,
        "sequence": 10,
        "status": 1,
        "fuel": 7378,
        "fault": 0.3013,
        "weapon": 1,
        "pilot_injury": 0.1441,
        "pilot_skill": 0.8609,
        "mission_priority": 0.3627,
        "estimated_landing_time": 946.0,
        "wait_time": 0,
        "Landing_success_rate": 0.9484
    },
    {
        "model": 0,
        "sequence": 25,
        "status": 1,
        "fuel": 6754,
        "fault": 0.5618,
        "weapon": 1,
        "pilot_injury": 0.7717,
        "pilot_skill": 0.865,
        "mission_priority": 0.9846,
        "estimated_landing_time": 2356.0,
        "wait_time": 0,
        "Landing_success_rate": 0.8912
    },
    {
        "model": 2,
        "sequence": 18,
        "status": 1,
        "fuel": 6161,
        "fault": 0.841,
        "weapon": 1,
        "pilot_injury": 0.7603,
        "pilot_skill": 0.5136,
        "mission_priority": 0.8208,
        "estimated_landing_time": 1698.0,
        "wait_time": 0,
        "Landing_success_rate": 0.8579
    },
    {
        "model": 2,
        "sequence": 12,
        "status": 1,
        "fuel": 5881,
        "fault": 0.7856,
        "weapon": 0,
        "pilot_injury": 0.7422,
        "pilot_skill": 0.5679,
        "mission_priority": 0.4632,
        "estimated_landing_time": 1134.0,
        "wait_time": 0,
        "Landing_success_rate": 0.8561
    },
    {
        "model": 0,
        "sequence": 7,
        "status": 1,
        "fuel": 6489,
        "fault": 0.9773,
        "weapon": 0,
        "pilot_injury": 0.8615,
        "pilot_skill": 0.8374,
        "mission_priority": 0.7372,
        "estimated_landing_time": 664.0,
        "wait_time": 0,
        "Landing_success_rate": 0.8517
    },
    {
        "model": 0,
        "sequence": 11,
        "status": 1,
        "fuel": 6439,
        "fault": 0.1806,
        "weapon": 1,
        "pilot_injury": 0.9904,
        "pilot_skill": 0.3919,
        "mission_priority": 0.3798,
        "estimated_landing_time": 1040.0,
        "wait_time": 0,
        "Landing_success_rate": 0.9077
    },
    {
        "model": 1,
        "sequence": 14,
        "status": 1,
        "fuel": 7184,
        "fault": 0.0715,
        "weapon": 0,
        "pilot_injury": 0.9531,
        "pilot_skill": 0.3852,
        "mission_priority": 0.0982,
        "estimated_landing_time": 1322.0,
        "wait_time": 0,
        "Landing_success_rate": 0.9673
    },
    {
        "model": 0,
        "sequence": 17,
        "status": 1,
        "fuel": 7159,
        "fault": 0.5034,
        "weapon": 1,
        "pilot_injury": 0.6091,
        "pilot_skill": 0.9522,
        "mission_priority": 0.3837,
        "estimated_landing_time": 1604.0,
        "wait_time": 0,
        "Landing_success_rate": 0.9118
    },
    {
        "model": 2,
        "sequence": 29,
        "status": 1,
        "fuel": 6967,
        "fault": 0.3058,
        "weapon": 1,
        "pilot_injury": 0.5778,
        "pilot_skill": 0.9396,
        "mission_priority": 0.3456,
        "estimated_landing_time": 2732.0,
        "wait_time": 0,
        "Landing_success_rate": 0.9264
    },
    {
        "model": 2,
        "sequence": 6,
        "status": 1,
        "fuel": 7312,
        "fault": 0.9886,
        "weapon": 0,
        "pilot_injury": 0.8832,
        "pilot_skill": 0.9002,
        "mission_priority": 0.122,
        "estimated_landing_time": 570.0,
        "wait_time": 0,
        "Landing_success_rate": 0.8515
    },
    {
        "model": 1,
        "sequence": 22,
        "status": 1,
        "fuel": 6866,
        "fault": 0.1088,
        "weapon": 0,
        "pilot_injury": 0.8844,
        "pilot_skill": 0.4752,
        "mission_priority": 0.8988,
        "estimated_landing_time": 2074.0,
        "wait_time": 0,
        "Landing_success_rate": 0.9413
    },
    {
        "model": 0,
        "sequence": 4,
        "status": 1,
        "fuel": 5721,
        "fault": 0.5682,
        "weapon": 1,
        "pilot_injury": 0.9353,
        "pilot_skill": 0.7723,
        "mission_priority": 0.1455,
        "estimated_landing_time": 382.0,
        "wait_time": 0,
        "Landing_success_rate": 0.8572
    },
    {
        "model": 1,
        "sequence": 27,
        "status": 1,
        "fuel": 6522,
        "fault": 0.6264,
        "weapon": 0,
        "pilot_injury": 0.5378,
        "pilot_skill": 0.1651,
        "mission_priority": 0.4224,
        "estimated_landing_time": 2544.0,
        "wait_time": 0,
        "Landing_success_rate": 0.8786
    },
    {
        "model": 2,
        "sequence": 26,
        "status": 1,
        "fuel": 5749,
        "fault": 0.2436,
        "weapon": 1,
        "pilot_injury": 0.8585,
        "pilot_skill": 0.8336,
        "mission_priority": 0.0233,
        "estimated_landing_time": 2450.0,
        "wait_time": 0,
        "Landing_success_rate": 0.8641
    },
    {
        "model": 1,
        "sequence": 1,
        "status": 1,
        "fuel": 6480,
        "fault": 0.1375,
        "weapon": 0,
        "pilot_injury": 0.9242,
        "pilot_skill": 0.7681,
        "mission_priority": 0.9585,
        "estimated_landing_time": 100.0,
        "wait_time": 0,
        "Landing_success_rate": 0.9134
    },
    {
        "model": 1,
        "sequence": 13,
        "status": 1,
        "fuel": 6016,
        "fault": 0.7689,
        "weapon": 1,
        "pilot_injury": 0.5315,
        "pilot_skill": 0.611,
        "mission_priority": 0.2289,
        "estimated_landing_time": 1228.0,
        "wait_time": 0,
        "Landing_success_rate": 0.8589
    },
    {
        "model": 2,
        "sequence": 15,
        "status": 1,
        "fuel": 5901,
        "fault": 0.5652,
        "weapon": 1,
        "pilot_injury": 0.3511,
        "pilot_skill": 0.0697,
        "mission_priority": 0.8378,
        "estimated_landing_time": 1416.0,
        "wait_time": 0,
        "Landing_success_rate": 0.8631
    },
    {
        "model": 0,
        "sequence": 21,
        "status": 1,
        "fuel": 6439,
        "fault": 0.7428,
        "weapon": 1,
        "pilot_injury": 0.6371,
        "pilot_skill": 0.6685,
        "mission_priority": 0.5498,
        "estimated_landing_time": 1980.0,
        "wait_time": 0,
        "Landing_success_rate": 0.8681
    },
    {
        "model": 1,
        "sequence": 2,
        "status": 1,
        "fuel": 7193,
        "fault": 0.2015,
        "weapon": 0,
        "pilot_injury": 0.5982,
        "pilot_skill": 0.6705,
        "mission_priority": 0.0029,
        "estimated_landing_time": 194.0,
        "wait_time": 0,
        "Landing_success_rate": 0.9514
    },
    {
        "model": 1,
        "sequence": 16,
        "status": 1,
        "fuel": 6275,
        "fault": 0.4784,
        "weapon": 0,
        "pilot_injury": 0.6778,
        "pilot_skill": 0.1984,
        "mission_priority": 0.5049,
        "estimated_landing_time": 1510.0,
        "wait_time": 0,
        "Landing_success_rate": 0.8803
    },
    {
        "model": 2,
        "sequence": 30,
        "status": 1,
        "fuel": 5515,
        "fault": 0.3311,
        "weapon": 0,
        "pilot_injury": 0.7975,
        "pilot_skill": 0.188,
        "mission_priority": 0.6493,
        "estimated_landing_time": 2826.0,
        "wait_time": 0,
        "Landing_success_rate": 0.8508
    },
    {
        "model": 2,
        "sequence": 9,
        "status": 1,
        "fuel": 6551,
        "fault": 0.5011,
        "weapon": 0,
        "pilot_injury": 0.3965,
        "pilot_skill": 0.1042,
        "mission_priority": 0.6577,
        "estimated_landing_time": 852.0,
        "wait_time": 0,
        "Landing_success_rate": 0.8893
    },
    {
        "model": 1,
        "sequence": 28,
        "status": 1,
        "fuel": 7301,
        "fault": 0.4079,
        "weapon": 0,
        "pilot_injury": 0.852,
        "pilot_skill": 0.2258,
        "mission_priority": 0.1062,
        "estimated_landing_time": 2638.0,
        "wait_time": 0,
        "Landing_success_rate": 0.93
    }
]