[
    {
        "model": 0,
        "sequence": 14,
        "status": 1,
        "fuel": 5565,
        "fault": 0.136,
        "weapon": 0,
        "pilot_injury": 0.6423,
        "pilot_skill": 0.9888,
        "mission_priority": 0.5274,
        "estimated_landing_time": 1322.0,
        "wait_time": 0,
        "Landing_success_rate": 0.8542
    },
    {
        "model": 0,
        "sequence": 15,
        "status": 1,
        "fuel": 6948,
        "fault": 0.1909,
        "weapon": 0,
        "pilot_injury": 0.5414,
        "pilot_skill": 0.1052,
        "mission_priority": 0.2143,
        "estimated_landing_time": 1416.0,
        "wait_time": 0,
        "Landing_success_rate": 0.9379
    },
    {
        "model": 1,
        "sequence": 21,
        "status": 1,
        "fuel": 7167,
        "fault": 0.6739,
        "weapon": 0,
        "pilot_injury": 0.3443,
        "pilot_skill": 0.9785,
        "mission_priority": 0.6448,
        "estimated_landing_time": 1980.0,
        "wait_time": 0,
        "Landing_success_rate": 0.8908
    },
    {
        "model": 2,
        "sequence": 23,
        "status": 1,
        "fuel": 7027,
        "fault": 0.3977,
        "weapon": 0,
        "pilot_injury": 0.7116,
        "pilot_skill": 0.672,
        "mission_priority": 0.2463,
        "estimated_landing_time": 2168.0,
        "wait_time": 0,
        "Landing_success_rate": 0.919
    },
    {
        "model": 1,
        "sequence": 17,
        "status": 1,
        "fuel": 5517,
        "fault": 0.9223,
        "weapon": 1,
        "pilot_injury": 0.4575,
        "pilot_skill": 0.6691,
        "mission_priority": 0.581,
        "estimated_landing_time": 1604.0,
        "wait_time": 0,
        "Landing_success_rate": 0.8501
    },
    {
        "model": 2,
        "sequence": 10,
        "status": 1,
        "fuel": 5937,
        "fault": 0.1998,
        "weapon": 0,
        "pilot_injury": 0.752,
        "pilot_skill": 0.0157,
        "mission_priority": 0.188,
        "estimated_landing_time": 946.0,
        "wait_time": 0,
        "Landing_success_rate": 0.8762
    },
    {
        "model": 2,
        "sequence": 11,
        "status": 1,
        "fuel": 6541,
        "fault": 0.8567,
        "weapon": 1,
        "pilot_injury": 0.6619,
        "pilot_skill": 0.9168,
        "mission_priority": 0.8595,
        "estimated_landing_time": 1040.0,
        "wait_time": 0,
        "Landing_success_rate": 0.8612
    },
    {
        "model": 2,
        "sequence": 24,
        "status": 1,
        "fuel": 7196,
        "fault": 0.3604,
        "weapon": 0,
        "pilot_injury": 0.3573,
        "pilot_skill": 0.3302,
        "mission_priority": 0.1209,
        "estimated_landing_time": 2262.0,
        "wait_time": 0,
        "Landing_success_rate": 0.9314
    },
    {
        "model": 1,
        "sequence": 30,
        "status": 1,
        "fuel": 6886,
        "fault": 0.2067,
        "weapon": 0,
        "pilot_injury": 0.3311,
        "pilot_skill": 0.3411,
        "mission_priority": 0.6459,
        "estimated_landing_time": 2826.0,
        "wait_time": 0,
        "Landing_success_rate": 0.9325
    },
    {
        "model": 2,
        "sequence": 8,
        "status": 1,
        "fuel": 5512,
        "fault": 0.2027,
        "weapon": 1,
        "pilot_injury": 0.8028,
        "pilot_skill": 0.7898,
        "mission_priority": 0.3851,
        "estimated_landing_time": 758.0,
        "wait_time": 0,
        "Landing_success_rate": 0.8507
    },
    {
        "model": 1,
        "sequence": 28,
        "status": 1,
        "fuel": 5845,
        "fault": 0.2201,
        "weapon": 1,
        "pilot_injury": 0.3676,
        "pilot_skill": 0.0364,
        "mission_priority": 0.2736,
        "estimated_landing_time": 2638.0,
        "wait_time": 0,
        "Landing_success_rate": 0.8702
    },
    {
        "model": 2,
        "sequence": 27,
        "status": 1,
        "fuel": 7497,
        "fault": 0.5334,
        "weapon": 0,
        "pilot_injury": 0.5197,
        "pilot_skill": 0.4953,
        "mission_priority": 0.3407,
        "estimated_landing_time": 2544.0,
        "wait_time": 0,
        "Landing_success_rate": 0.9199
    },
    {
        "model": 1,
        "sequence": 25,
        "status": 1,
        "fuel": 6202,
        "fault": 0.8814,
        "weapon": 1,
        "pilot_injury": 0.8699,
        "pilot_skill": 0.9832,
        "mission_priority": 0.3127,
        "estimated_landing_time": 2356.0,
        "wait_time": 0,
        "Landing_success_rate": 0.8562
    },
    {
        "model": 2,
        "sequence": 22,
        "status": 1,
        "fuel": 7201,
        "fault": 0.2693,
        "weapon": 0,
        "pilot_injury": 0.6133,
        "pilot_skill": 0.8037,
        "mission_priority": 0.3594,
        "estimated_landing_time": 2074.0,
        "wait_time": 0,
        "Landing_success_rate": 0.9432
    },
    {
        "model": 1,
        "sequence": 16,
        "status": 1,
        "fuel": 6136,
        "fault": 0.6226,
        "weapon": 0,
        "pilot_injury": 0.8386,
        "pilot_skill": 0.9345,
        "mission_priority": 0.1285,
        "estimated_landing_time": 1510.0,
        "wait_time": 0,
        "Landing_success_rate": 0.868
    },
    {
        "model": 0,
        "sequence": 2,
        "status": 1,
        "fuel": 5801,
        "fault": 0.7277,
        "weapon": 1,
        "pilot_injury": 0.875,
        "pilot_skill": 0.8568,
        "mission_priority": 0.7746,
        "estimated_landing_time": 194.0,
        "wait_time": 0,
        "Landing_success_rate": 0.8561
    },
    {
        "model": 1,
        "sequence": 5,
        "status": 1,
        "fuel": 6930,
        "fault": 0.1657,
        "weapon": 1,
        "pilot_injury": 0.1473,
        "pilot_skill": 0.9146,
        "mission_priority": 0.141,
        "estimated_landing_time": 476.0,
        "wait_time": 0,
        "Landing_success_rate": 0.9395
    },
    {
        "model": 0,
        "sequence": 19,
        "status": 1,
        "fuel": 6349,
        "fault": 0.6193,
        "weapon": 0,
        "pilot_injury": 0.498,
        "pilot_skill": 0.0963,
        "mission_priority": 0.7617,
        "estimated_landing_time": 1792.0,
        "wait_time": 0,
        "Landing_success_rate": 0.8742
    },
    {
        "model": 1,
        "sequence": 7,
        "status": 1,
        "fuel": 7486,
        "fault": 0.2609,
        "weapon": 1,
        "pilot_injury": 0.452,
        "pilot_skill": 0.8109,
        "mission_priority": 0.2956,
        "estimated_landing_time": 664.0,
        "wait_time": 0,
        "Landing_success_rate": 0.9601
    },
    {
        "model": 0,
        "sequence": 6,
        "status": 1,
        "fuel": 5818,
        "fault": 0.8535,
        "weapon": 1,
        "pilot_injury": 0.5743,
        "pilot_skill": 0.4861,
        "mission_priority": 0.3526,
        "estimated_landing_time": 570.0,
        "wait_time": 0,
        "Landing_success_rate": 0.8535
    },
    {
        "model": 0,
        "sequence": 3,
        "status": 1,
        "fuel": 7264,
        "fault": 0.4076,
        "weapon": 1,
        "pilot_injury": 0.1184,
        "pilot_skill": 0.2252,
        "mission_priority": 0.6883,
        "estimated_landing_time": 288.0,
        "wait_time": 0,
        "Landing_success_rate": 0.9284
    },
    {
        "model": 1,
        "sequence": 9,
        "status": 1,
        "fuel": 6985,
        "fault": 0.5271,
        "weapon": 1,
        "pilot_injury": 0.5229,
        "pilot_skill": 0.2229,
        "mission_priority": 0.4153,
        "estimated_landing_time": 852.0,
        "wait_time": 0,
        "Landing_success_rate": 0.9027
    },
    {
        "model": 2,
        "sequence": 26,
        "status": 1,
        "fuel": 6382,
        "fault": 0.4068,
        "weapon": 1,
        "pilot_injury": 0.8836,
        "pilot_skill": 0.2937,
        "mission_priority": 0.3037,
        "estimated_landing_time": 2450.0,
        "wait_time": 0,
        "Landing_success_rate": 0.8892
    },
    {
        "model": 2,
        "sequence": 4,
        "status": 1,
        "fuel": 6545,
        "fault": 0.8575,
        "weapon": 0,
        "pilot_injury": 0.1365,
        "pilot_skill": 0.4276,
        "mission_priority": 0.339,
        "estimated_landing_time": 382.0,
        "wait_time": 0,
        "Landing_success_rate": 0.8612
    },
    {
        "model": 2,
        "sequence": 13,
        "status": 1,
        "fuel": 6123,
        "fault": 0.4714,
        "weapon": 1,
        "pilot_injury": 0.3297,
        "pilot_skill": 0.7112,
        "mission_priority": 0.3028,
        "estimated_landing_time": 1228.0,
        "wait_time": 0,
        "Landing_success_rate": 0.8747
    },
    {
        "model": 2,
        "sequence": 20,
        "status": 1,
        "fuel": 5549,
        "fault": 0.5737,
        "weapon": 0,
        "pilot_injury": 0.0137,
        "pilot_skill": 0.1164,
        "mission_priority": 0.5101,
        "estimated_landing_time": 1886.0,
        "wait_time": 0,
        "Landing_success_rate": 0.8516
    },
    {
        "model": 2,
        "sequence": 1,
        "status": 1,
        "fuel": 7277,
        "fault": 0.2523,
        "weapon": 0,
        "pilot_injury": 0.6305,
        "pilot_skill": 0.8643,
        "mission_priority": 0.5223,
        "estimated_landing_time": 100.0,
        "wait_time": 0,
        "Landing_success_rate": 0.9496
    },
    {
        "model": 2,
        "sequence": 12,
        "status": 1,
        "fuel": 6140,
        "fault": 0.1562,
        "weapon": 0,
        "pilot_injury": 0.6775,
        "pilot_skill": 0.4827,
        "mission_priority": 0.5929,
        "estimated_landing_time": 1134.0,
        "wait_time": 0,
        "Landing_success_rate": 0.8905
    },
    {
        "model": 1,
        "sequence": 29,
        "status": 1,
        "fuel": 6019,
        "fault": 0.1755,
        "weapon": 1,
        "pilot_injury": 0.7702,
        "pilot_skill": 0.4145,
        "mission_priority": 0.0948,
        "estimated_landing_time": 2732.0,
        "wait_time": 0,
        "Landing_success_rate": 0.8821
    },
    {
        "model": 0,
        "sequence": 18,
        "status": 1,
        "fuel": 6372,
        "fault": 0.0379,
        "weapon": 1,
        "pilot_injury": 0.1053,
        "pilot_skill": 0.4559,
        "mission_priority": 0.4813,
        "estimated_landing_time": 1698.0,
        "wait_time": 0,
        "Landing_success_rate": 0.9129
    }
]