[
    {
        "model": 0,
        "sequence": 4,
        "status": 1,
        "fuel": 5921,
        "fault": 0.8326,
        "weapon": 1,
        "pilot_injury": 0.9986,
        "pilot_skill": 0.2909,
        "mission_priority": 0.0992,
        "estimated_landing_time": 382.0,
        "wait_time": 0,
        "Landing_success_rate": 0.8553
    },
    {
        "model": 1,
        "sequence": 17,
        "status": 1,
        "fuel": 6943,
        "fault": 0.4902,
        "weapon": 1,
        "pilot_injury": 0.0476,
        "pilot_skill": 0.3961,
        "mission_priority": 0.9016,
        "estimated_landing_time": 1604.0,
        "wait_time": 0,
        "Landing_success_rate": 0.9052
    },
    {
        "model": 1,
        "sequence": 10,
        "status": 1,
        "fuel": 6118,
        "fault": 0.6169,
        "weapon": 1,
        "pilot_injury": 0.8734,
        "pilot_skill": 0.076,
        "mission_priority": 0.0557,
        "estimated_landing_time": 946.0,
        "wait_time": 0,
        "Landing_success_rate": 0.8678
    },
    {
        "model": 1,
        "sequence": 2,
        "status": 1,
        "fuel": 5863,
        "fault": 0.7387,
        "weapon": 1,
        "pilot_injury": 0.505,
        "pilot_skill": 0.9579,
        "mission_priority": 0.2986,
        "estimated_landing_time": 194.0,
        "wait_time": 0,
        "Landing_success_rate": 0.8571
    },
    {
        "model": 1,
        "sequence": 19,
        "status": 1,
        "fuel": 6918,
        "fault": 0.3158,
        "weapon": 0,
        "pilot_injury": 0.8737,
        "pilot_skill": 0.16,
        "mission_priority": 0.9865,
        "estimated_landing_time": 1792.0,
        "wait_time": 0,
        "Landing_success_rate": 0.9228
    },
    {
        "model": 2,
        "sequence": 27,
        "status": 1,
        "fuel": 6551,
        "fault": 0.0372,
        "weapon": 1,
        "pilot_injury": 0.6703,
        "pilot_skill": 0.5749,
        "mission_priority": 0.1202,
        "estimated_landing_time": 2544.0,
        "wait_time": 0,
        "Landing_success_rate": 0.9259
    },
    {
        "model": 0,
        "sequence": 1,
        "status": 1,
        "fuel": 5782,
        "fault": 0.4089,
        "weapon": 0,
        "pilot_injury": 0.3575,
        "pilot_skill": 0.617,
        "mission_priority": 0.1678,
        "estimated_landing_time": 100.0,
        "wait_time": 0,
        "Landing_success_rate": 0.8625
    },
    {
        "model": 1,
        "sequence": 9,
        "status": 1,
        "fuel": 5983,
        "fault": 0.4166,
        "weapon": 0,
        "pilot_injury": 0.8651,
        "pilot_skill": 0.8771,
        "mission_priority": 0.8962,
        "estimated_landing_time": 852.0,
        "wait_time": 0,
        "Landing_success_rate": 0.8711
    },
    {
        "model": 1,
        "sequence": 29,
        "status": 1,
        "fuel": 6553,
        "fault": 0.4135,
        "weapon": 1,
        "pilot_injury": 0.5096,
        "pilot_skill": 0.7584,
        "mission_priority": 0.269,
        "estimated_landing_time": 2732.0,
        "wait_time": 0,
        "Landing_success_rate": 0.8963
    },
    {
        "model": 2,
        "sequence": 8,
        "status": 1,
        "fuel": 6345,
        "fault": 0.8284,
        "weapon": 0,
        "pilot_injury": 0.8127,
        "pilot_skill": 0.2177,
        "mission_priority": 0.9124,
        "estimated_landing_time": 758.0,
        "wait_time": 0,
        "Landing_success_rate": 0.8609
    },
    {
        "model": 2,
        "sequence": 22,
        "status": 1,
        "fuel": 6516,
        "fault": 0.6792,
        "weapon": 1,
        "pilot_injury": 0.7373,
        "pilot_skill": 0.313,
        "mission_priority": 0.7151,
        "estimated_landing_time": 2074.0,
        "wait_time": 0,
        "Landing_success_rate": 0.8744
    },
    {
        "model": 2,
        "sequence": 30,
        "status": 1,
        "fuel": 6049,
        "fault": 0.978,
        "weapon": 1,
        "pilot_injury": 0.9811,
        "pilot_skill": 0.6578,
        "mission_priority": 0.538,
        "estimated_landing_time": 2826.0,
        "wait_time": 0,
        "Landing_success_rate": 0.8509
    },
    {
        "model": 1,
        "sequence": 21,
        "status": 1,
        "fuel": 6498,
        "fault": 0.3862,
        "weapon": 0,
        "pilot_injury": 0.4377,
        "pilot_skill": 0.8101,
        "mission_priority": 0.0039,
        "estimated_landing_time": 1980.0,
        "wait_time": 0,
        "Landing_success_rate": 0.8959
    },
    {
        "model": 2,
        "sequence": 3,
        "status": 1,
        "fuel": 5937,
        "fault": 0.8735,
        "weapon": 0,
        "pilot_injury": 0.2785,
        "pilot_skill": 0.1509,
        "mission_priority": 0.0715,
        "estimated_landing_time": 288.0,
        "wait_time": 0,
        "Landing_success_rate": 0.8541
    },
    {
        "model": 1,
        "sequence": 12,
        "status": 1,
        "fuel": 5515,
        "fault": 0.5146,
        "weapon": 1,
        "pilot_injury": 0.9725,
        "pilot_skill": 0.4209,
        "mission_priority": 0.9478,
        "estimated_landing_time": 1134.0,
        "wait_time": 0,
        "Landing_success_rate": 0.8505
    },
    {
        "model": 2,
        "sequence": 28,
        "status": 1,
        "fuel": 5685,
        "fault": 0.8256,
        "weapon": 0,
        "pilot_injury": 0.306,
        "pilot_skill": 0.941,
        "mission_priority": 0.4291,
        "estimated_landing_time": 2638.0,
        "wait_time": 0,
        "Landing_success_rate": 0.8524
    },
    {
        "model": 2,
        "sequence": 23,
        "status": 1,
        "fuel": 5798,
        "fault": 0.1378,
        "weapon": 1,
        "pilot_injury": 0.8762,
        "pilot_skill": 0.9976,
        "mission_priority": 0.0296,
        "estimated_landing_time": 2168.0,
        "wait_time": 0,
        "Landing_success_rate": 0.8693
    },
    {
        "model": 0,
        "sequence": 11,
        "status": 1,
        "fuel": 6991,
        "fault": 0.6002,
        "weapon": 0,
        "pilot_injury": 0.9816,
        "pilot_skill": 0.384,
        "mission_priority": 0.9336,
        "estimated_landing_time": 1040.0,
        "wait_time": 0,
        "Landing_success_rate": 0.8947
    },
    {
        "model": 2,
        "sequence": 24,
        "status": 1,
        "fuel": 7272,
        "fault": 0.6679,
        "weapon": 1,
        "pilot_injury": 0.9491,
        "pilot_skill": 0.1049,
        "mission_priority": 0.2017,
        "estimated_landing_time": 2262.0,
        "wait_time": 0,
        "Landing_success_rate": 0.8941
    },
    {
        "model": 1,
        "sequence": 18,
        "status": 1,
        "fuel": 6903,
        "fault": 0.6188,
        "weapon": 1,
        "pilot_injury": 0.2412,
        "pilot_skill": 0.9338,
        "mission_priority": 0.1808,
        "estimated_landing_time": 1698.0,
        "wait_time": 0,
        "Landing_success_rate": 0.8901
    },
    {
        "model": 0,
        "sequence": 26,
        "status": 1,
        "fuel": 7217,
        "fault": 0.2704,
        "weapon": 0,
        "pilot_injury": 0.436,
        "pilot_skill": 0.0452,
        "mission_priority": 0.6801,
        "estimated_landing_time": 2450.0,
        "wait_time": 0,
        "Landing_success_rate": 0.944
    },
    {
        "model": 0,
        "sequence": 5,
        "status": 1,
        "fuel": 6589,
        "fault": 0.1411,
        "weapon": 0,
        "pilot_injury": 0.1798,
        "pilot_skill": 0.0789,
        "mission_priority": 0.4024,
        "estimated_landing_time": 476.0,
        "wait_time": 0,
        "Landing_success_rate": 0.9202
    },
    {
        "model": 2,
        "sequence": 20,
        "status": 1,
        "fuel": 6024,
        "fault": 0.9197,
        "weapon": 1,
        "pilot_injury": 0.5204,
        "pilot_skill": 0.4767,
        "mission_priority": 0.7783,
        "estimated_landing_time": 1886.0,
        "wait_time": 0,
        "Landing_success_rate": 0.8532
    },
    {
        "model": 2,
        "sequence": 13,
        "status": 1,
        "fuel": 6817,
        "fault": 0.4775,
        "weapon": 0,
        "pilot_injury": 0.6854,
        "pilot_skill": 0.7124,
        "mission_priority": 0.1744,
        "estimated_landing_time": 1228.0,
        "wait_time": 0,
        "Landing_success_rate": 0.9016
    },
    {
        "model": 0,
        "sequence": 25,
        "status": 1,
        "fuel": 5958,
        "fault": 0.4068,
        "weapon": 0,
        "pilot_injury": 0.2941,
        "pilot_skill": 0.0386,
        "mission_priority": 0.8504,
        "estimated_landing_time": 2356.0,
        "wait_time": 0,
        "Landing_success_rate": 0.8704
    },
    {
        "model": 0,
        "sequence": 15,
        "status": 1,
        "fuel": 6959,
        "fault": 0.9455,
        "weapon": 1,
        "pilot_injury": 0.4071,
        "pilot_skill": 0.9038,
        "mission_priority": 0.942,
        "estimated_landing_time": 1416.0,
        "wait_time": 0,
        "Landing_success_rate": 0.856
    },
    {
        "model": 2,
        "sequence": 6,
        "status": 1,
        "fuel": 6738,
        "fault": 0.4723,
        "weapon": 1,
        "pilot_injury": 0.0278,
        "pilot_skill": 0.569,
        "mission_priority": 0.7388,
        "estimated_landing_time": 570.0,
        "wait_time": 0,
        "Landing_success_rate": 0.899
    },
    {
        "model": 0,
        "sequence": 14,
        "status": 1,
        "fuel": 6700,
        "fault": 0.8311,
        "weapon": 1,
        "pilot_injury": 0.3074,
        "pilot_skill": 0.0774,
        "mission_priority": 0.8349,
        "estimated_landing_time": 1322.0,
        "wait_time": 0,
        "Landing_success_rate": 0.8652
    },
    {
        "model": 1,
        "sequence": 16,
        "status": 1,
        "fuel": 7122,
        "fault": 0.4546,
        "weapon": 1,
        "pilot_injury": 0.1999,
        "pilot_skill": 0.8226,
        "mission_priority": 0.0657,
        "estimated_landing_time": 1510.0,
        "wait_time": 0,
        "Landing_success_rate": 0.9163
    },
    {
        "model": 0,
        "sequence": 7,
        "status": 1,
        "fuel": 6163,
        "fault": 0.8628,
        "weapon": 1,
        "pilot_injury": 0.6518,
        "pilot_skill": 0.799,
        "mission_priority": 0.5617,
        "estimated_landing_time": 664.0,
        "wait_time": 0,
        "Landing_success_rate": 0.8568
    }
]