[
    {
        "model": 0,
        "sequence": 11,
        "status": 1,
        "fuel": 6520,
        "fault": 0.3122,
        "weapon": 0,
        "pilot_injury": 0.7643,
        "pilot_skill": 0.8329,
        "mission_priority": 0.0532,
        "estimated_landing_time": 1040.0,
        "wait_time": 0,
        "Landing_success_rate": 0.9026
    },
    {
        "model": 0,
        "sequence": 10,
        "status": 1,
        "fuel": 7419,
        "fault": 0.1731,
        "weapon": 1,
        "pilot_injury": 0.818,
        "pilot_skill": 0.3877,
        "mission_priority": 0.7676,
        "estimated_landing_time": 946.0,
        "wait_time": 0,
        "Landing_success_rate": 0.969
    },
    {
        "model": 2,
        "sequence": 30,
        "status": 1,
        "fuel": 6682,
        "fault": 0.3393,
        "weapon": 1,
        "pilot_injury": 0.5572,
        "pilot_skill": 0.7548,
        "mission_priority": 0.928,
        "estimated_landing_time": 2826.0,
        "wait_time": 0,
        "Landing_success_rate": 0.9086
    },
    {
        "model": 0,
        "sequence": 22,
        "status": 1,
        "fuel": 6424,
        "fault": 0.2104,
        "weapon": 0,
        "pilot_injury": 0.3876,
        "pilot_skill": 0.0783,
        "mission_priority": 0.0355,
        "estimated_landing_time": 2074.0,
        "wait_time": 0,
        "Landing_success_rate": 0.9047
    },
    {
        "model": 0,
        "sequence": 6,
        "status": 1,
        "fuel": 5994,
        "fault": 0.2514,
        "weapon": 1,
        "pilot_injury": 0.2684,
        "pilot_skill": 0.3756,
        "mission_priority": 0.7072,
        "estimated_landing_time": 570.0,
        "wait_time": 0,
        "Landing_success_rate": 0.8777
    },
    {
        "model": 0,
        "sequence": 7,
        "status": 1,
        "fuel": 5543,
        "fault": 0.8277,
        "weapon": 0,
        "pilot_injury": 0.8634,
        "pilot_skill": 0.2713,
        "mission_priority": 0.1728,
        "estimated_landing_time": 664.0,
        "wait_time": 0,
        "Landing_success_rate": 0.8506
    },
    {
        "model": 0,
        "sequence": 24,
        "status": 1,
        "fuel": 5573,
        "fault": 0.9087,
        "weapon": 0,
        "pilot_injury": 0.8803,
        "pilot_skill": 0.9223,
        "mission_priority": 0.4077,
        "estimated_landing_time": 2262.0,
        "wait_time": 0,
        "Landing_success_rate": 0.8505
    },
    {
        "model": 1,
        "sequence": 18,
        "status": 1,
        "fuel": 6861,
        "fault": 0.5894,
        "weapon": 0,
        "pilot_injury": 0.0587,
        "pilot_skill": 0.6818,
        "mission_priority": 0.5425,
        "estimated_landing_time": 1698.0,
        "wait_time": 0,
        "Landing_success_rate": 0.8919
    },
    {
        "model": 0,
        "sequence": 13,
        "status": 1,
        "fuel": 6561,
        "fault": 0.1066,
        "weapon": 1,
        "pilot_injury": 0.991,
        "pilot_skill": 0.9694,
        "mission_priority": 0.4015,
        "estimated_landing_time": 1228.0,
        "wait_time": 0,
        "Landing_success_rate": 0.9211
    },
    {
        "model": 0,
        "sequence": 17,
        "status": 1,
        "fuel": 6286,
        "fault": 0.9512,
        "weapon": 0,
        "pilot_injury": 0.8526,
        "pilot_skill": 0.553,
        "mission_priority": 0.7327,
        "estimated_landing_time": 1604.0,
        "wait_time": 0,
        "Landing_success_rate": 0.8529
    },
    {
        "model": 0,
        "sequence": 1,
        "status": 1,
        "fuel": 7007,
        "fault": 0.0967,
        "weapon": 0,
        "pilot_injury": 0.5122,
        "pilot_skill": 0.4799,
        "mission_priority": 0.8202,
        "estimated_landing_time": 100.0,
        "wait_time": 0,
        "Landing_success_rate": 0.9521
    },
    {
        "model": 1,
        "sequence": 19,
        "status": 1,
        "fuel": 5741,
        "fault": 0.9232,
        "weapon": 0,
        "pilot_injury": 0.6742,
        "pilot_skill": 0.9856,
        "mission_priority": 0.5717,
        "estimated_landing_time": 1792.0,
        "wait_time": 0,
        "Landing_success_rate": 0.8514
    },
    {
        "model": 0,
        "sequence": 14,
        "status": 1,
        "fuel": 7285,
        "fault": 0.0887,
        "weapon": 0,
        "pilot_injury": 0.0519,
        "pilot_skill": 0.6509,
        "mission_priority": 0.9639,
        "estimated_landing_time": 1322.0,
        "wait_time": 0,
        "Landing_success_rate": 0.972
    },
    {
        "model": 2,
        "sequence": 20,
        "status": 1,
        "fuel": 5685,
        "fault": 0.3638,
        "weapon": 1,
        "pilot_injury": 0.6569,
        "pilot_skill": 0.5039,
        "mission_priority": 0.6666,
        "estimated_landing_time": 1886.0,
        "wait_time": 0,
        "Landing_success_rate": 0.8588
    },
    {
        "model": 0,
        "sequence": 26,
        "status": 1,
        "fuel": 6554,
        "fault": 0.9798,
        "weapon": 0,
        "pilot_injury": 0.0193,
        "pilot_skill": 0.2536,
        "mission_priority": 0.4234,
        "estimated_landing_time": 2450.0,
        "wait_time": 0,
        "Landing_success_rate": 0.8516
    },
    {
        "model": 2,
        "sequence": 3,
        "status": 1,
        "fuel": 6980,
        "fault": 0.8808,
        "weapon": 0,
        "pilot_injury": 0.4519,
        "pilot_skill": 0.8771,
        "mission_priority": 0.2886,
        "estimated_landing_time": 288.0,
        "wait_time": 0,
        "Landing_success_rate": 0.8632
    },
    {
        "model": 1,
        "sequence": 28,
        "status": 1,
        "fuel": 7170,
        "fault": 0.7836,
        "weapon": 1,
        "pilot_injury": 0.7997,
        "pilot_skill": 0.7912,
        "mission_priority": 0.9448,
        "estimated_landing_time": 2638.0,
        "wait_time": 0,
        "Landing_success_rate": 0.8771
    },
    {
        "model": 1,
        "sequence": 2,
        "status": 1,
        "fuel": 6626,
        "fault": 0.7413,
        "weapon": 0,
        "pilot_injury": 0.2361,
        "pilot_skill": 0.6835,
        "mission_priority": 0.0419,
        "estimated_landing_time": 194.0,
        "wait_time": 0,
        "Landing_success_rate": 0.8718
    },
    {
        "model": 0,
        "sequence": 9,
        "status": 1,
        "fuel": 6952,
        "fault": 0.3573,
        "weapon": 0,
        "pilot_injury": 0.8692,
        "pilot_skill": 0.2754,
        "mission_priority": 0.929,
        "estimated_landing_time": 852.0,
        "wait_time": 0,
        "Landing_success_rate": 0.92
    },
    {
        "model": 0,
        "sequence": 25,
        "status": 1,
        "fuel": 6664,
        "fault": 0.4952,
        "weapon": 1,
        "pilot_injury": 0.5939,
        "pilot_skill": 0.8174,
        "mission_priority": 0.5701,
        "estimated_landing_time": 2356.0,
        "wait_time": 0,
        "Landing_success_rate": 0.8941
    },
    {
        "model": 0,
        "sequence": 27,
        "status": 1,
        "fuel": 6939,
        "fault": 0.2575,
        "weapon": 1,
        "pilot_injury": 0.716,
        "pilot_skill": 0.9657,
        "mission_priority": 0.3142,
        "estimated_landing_time": 2544.0,
        "wait_time": 0,
        "Landing_success_rate": 0.9301
    },
    {
        "model": 0,
        "sequence": 4,
        "status": 1,
        "fuel": 6759,
        "fault": 0.3437,
        "weapon": 0,
        "pilot_injury": 0.1652,
        "pilot_skill": 0.5261,
        "mission_priority": 0.3154,
        "estimated_landing_time": 382.0,
        "wait_time": 0,
        "Landing_success_rate": 0.912
    },
    {
        "model": 1,
        "sequence": 5,
        "status": 1,
        "fuel": 7143,
        "fault": 0.2879,
        "weapon": 1,
        "pilot_injury": 0.7313,
        "pilot_skill": 0.4417,
        "mission_priority": 0.0996,
        "estimated_landing_time": 476.0,
        "wait_time": 0,
        "Landing_success_rate": 0.9377
    },
    {
        "model": 0,
        "sequence": 21,
        "status": 1,
        "fuel": 6292,
        "fault": 0.7285,
        "weapon": 0,
        "pilot_injury": 0.5223,
        "pilot_skill": 0.1116,
        "mission_priority": 0.7792,
        "estimated_landing_time": 1980.0,
        "wait_time": 0,
        "Landing_success_rate": 0.8661
    },
    {
        "model": 0,
        "sequence": 8,
        "status": 1,
        "fuel": 5752,
        "fault": 0.3833,
        "weapon": 1,
        "pilot_injury": 0.4924,
        "pilot_skill": 0.4668,
        "mission_priority": 0.3819,
        "estimated_landing_time": 758.0,
        "wait_time": 0,
        "Landing_success_rate": 0.8617
    },
    {
        "model": 0,
        "sequence": 23,
        "status": 1,
        "fuel": 5647,
        "fault": 0.0579,
        "weapon": 0,
        "pilot_injury": 0.2241,
        "pilot_skill": 0.7145,
        "mission_priority": 0.4856,
        "estimated_landing_time": 2168.0,
        "wait_time": 0,
        "Landing_success_rate": 0.8604
    },
    {
        "model": 0,
        "sequence": 16,
        "status": 1,
        "fuel": 5821,
        "fault": 0.7617,
        "weapon": 0,
        "pilot_injury": 0.1637,
        "pilot_skill": 0.3278,
        "mission_priority": 0.3406,
        "estimated_landing_time": 1510.0,
        "wait_time": 0,
        "Landing_success_rate": 0.8557
    },
    {
        "model": 0,
        "sequence": 15,
        "status": 1,
        "fuel": 6980,
        "fault": 0.1803,
        "weapon": 0,
        "pilot_injury": 0.6747,
        "pilot_skill": 0.9942,
        "mission_priority": 0.7062,
        "estimated_landing_time": 1416.0,
        "wait_time": 0,
        "Landing_success_rate": 0.941
    },
    {
        "model": 1,
        "sequence": 29,
        "status": 1,
        "fuel": 6338,
        "fault": 0.233,
        "weapon": 1,
        "pilot_injury": 0.5866,
        "pilot_skill": 0.7057,
        "mission_priority": 0.8167,
        "estimated_landing_time": 2732.0,
        "wait_time": 0,
        "Landing_success_rate": 0.8982
    },
    {
        "model": 1,
        "sequence": 12,
        "status": 1,
        "fuel": 7257,
        "fault": 0.675,
        "weapon": 1,
        "pilot_injury": 0.6255,
        "pilot_skill": 0.16,
        "mission_priority": 0.73,
        "estimated_landing_time": 1134.0,
        "wait_time": 0,
        "Landing_success_rate": 0.8928
    }
]