[
    {
        "model": 0,
        "sequence": 30,
        "status": 1,
        "fuel": 6934,
        "fault": 0.3508,
        "weapon": 1,
        "pilot_injury": 0.876,
        "pilot_skill": 0.6458,
        "mission_priority": 0.6473,
        "estimated_landing_time": 2826.0,
        "wait_time": 0,
        "Landing_success_rate": 0.9198
    },
    {
        "model": 1,
        "sequence": 5,
        "status": 1,
        "fuel": 6478,
        "fault": 0.7607,
        "weapon": 1,
        "pilot_injury": 0.9582,
        "pilot_skill": 0.2213,
        "mission_priority": 0.8717,
        "estimated_landing_time": 476.0,
        "wait_time": 0,
        "Landing_success_rate": 0.8676
    },
    {
        "model": 2,
        "sequence": 25,
        "status": 1,
        "fuel": 5552,
        "fault": 0.8113,
        "weapon": 0,
        "pilot_injury": 0.6318,
        "pilot_skill": 0.7494,
        "mission_priority": 0.9538,
        "estimated_landing_time": 2356.0,
        "wait_time": 0,
        "Landing_success_rate": 0.8507
    },
    {
        "model": 0,
        "sequence": 6,
        "status": 1,
        "fuel": 7067,
        "fault": 0.7095,
        "weapon": 0,
        "pilot_injury": 0.7731,
        "pilot_skill": 0.1484,
        "mission_priority": 0.853,
        "estimated_landing_time": 570.0,
        "wait_time": 0,
        "Landing_success_rate": 0.8841
    },
    {
        "model": 1,
        "sequence": 21,
        "status": 1,
        "fuel": 6123,
        "fault": 0.5115,
        "weapon": 1,
        "pilot_injury": 0.042,
        "pilot_skill": 0.2229,
        "mission_priority": 0.4782,
        "estimated_landing_time": 1980.0,
        "wait_time": 0,
        "Landing_success_rate": 0.8728
    },
    {
        "model": 0,
        "sequence": 11,
        "status": 1,
        "fuel": 6252,
        "fault": 0.7125,
        "weapon": 1,
        "pilot_injury": 0.7949,
        "pilot_skill": 0.8649,
        "mission_priority": 0.4663,
        "estimated_landing_time": 1040.0,
        "wait_time": 0,
        "Landing_success_rate": 0.8662
    },
    {
        "model": 0,
        "sequence": 9,
        "status": 1,
        "fuel": 6333,
        "fault": 0.2103,
        "weapon": 1,
        "pilot_injury": 0.3875,
        "pilot_skill": 0.4808,
        "mission_priority": 0.5286,
        "estimated_landing_time": 852.0,
        "wait_time": 0,
        "Landing_success_rate": 0.8993
    },
    {
        "model": 0,
        "sequence": 2,
        "status": 1,
        "fuel": 7422,
        "fault": 0.0631,
        "weapon": 0,
        "pilot_injury": 0.6808,
        "pilot_skill": 0.444,
        "mission_priority": 0.2951,
        "estimated_landing_time": 194.0,
        "wait_time": 0,
        "Landing_success_rate": 0.9851
    },
    {
        "model": 1,
        "sequence": 17,
        "status": 1,
        "fuel": 5662,
        "fault": 0.9431,
        "weapon": 1,
        "pilot_injury": 0.0034,
        "pilot_skill": 0.5129,
        "mission_priority": 0.2746,
        "estimated_landing_time": 1604.0,
        "wait_time": 0,
        "Landing_success_rate": 0.8507
    },
    {
        "model": 1,
        "sequence": 12,
        "status": 1,
        "fuel": 6280,
        "fault": 0.6139,
        "weapon": 0,
        "pilot_injury": 0.0212,
        "pilot_skill": 0.7278,
        "mission_priority": 0.2754,
        "estimated_landing_time": 1134.0,
        "wait_time": 0,
        "Landing_success_rate": 0.8726
    },
    {
        "model": 2,
        "sequence": 8,
        "status": 1,
        "fuel": 6592,
        "fault": 0.3408,
        "weapon": 0,
        "pilot_injury": 0.8283,
        "pilot_skill": 0.5788,
        "mission_priority": 0.4848,
        "estimated_landing_time": 758.0,
        "wait_time": 0,
        "Landing_success_rate": 0.904
    },
    {
        "model": 0,
        "sequence": 16,
        "status": 1,
        "fuel": 5879,
        "fault": 0.5712,
        "weapon": 0,
        "pilot_injury": 0.5695,
        "pilot_skill": 0.2493,
        "mission_priority": 0.063,
        "estimated_landing_time": 1510.0,
        "wait_time": 0,
        "Landing_success_rate": 0.8622
    },
    {
        "model": 2,
        "sequence": 19,
        "status": 1,
        "fuel": 6195,
        "fault": 0.3325,
        "weapon": 1,
        "pilot_injury": 0.75,
        "pilot_skill": 0.4518,
        "mission_priority": 0.2504,
        "estimated_landing_time": 1792.0,
        "wait_time": 0,
        "Landing_success_rate": 0.8848
    },
    {
        "model": 2,
        "sequence": 3,
        "status": 1,
        "fuel": 7062,
        "fault": 0.2333,
        "weapon": 1,
        "pilot_injury": 0.7614,
        "pilot_skill": 0.4522,
        "mission_priority": 0.8126,
        "estimated_landing_time": 288.0,
        "wait_time": 0,
        "Landing_success_rate": 0.9398
    },
    {
        "model": 0,
        "sequence": 14,
        "status": 1,
        "fuel": 5691,
        "fault": 0.032,
        "weapon": 0,
        "pilot_injury": 0.18,
        "pilot_skill": 0.0612,
        "mission_priority": 0.9553,
        "estimated_landing_time": 1322.0,
        "wait_time": 0,
        "Landing_success_rate": 0.8639
    },
    {
        "model": 0,
        "sequence": 15,
        "status": 1,
        "fuel": 6455,
        "fault": 0.8306,
        "weapon": 1,
        "pilot_injury": 0.2462,
        "pilot_skill": 0.2043,
        "mission_priority": 0.043,
        "estimated_landing_time": 1416.0,
        "wait_time": 0,
        "Landing_success_rate": 0.8621
    },
    {
        "model": 2,
        "sequence": 7,
        "status": 1,
        "fuel": 6040,
        "fault": 0.21,
        "weapon": 1,
        "pilot_injury": 0.6663,
        "pilot_skill": 0.5947,
        "mission_priority": 0.5682,
        "estimated_landing_time": 664.0,
        "wait_time": 0,
        "Landing_success_rate": 0.882
    },
    {
        "model": 0,
        "sequence": 26,
        "status": 1,
        "fuel": 6652,
        "fault": 0.4494,
        "weapon": 1,
        "pilot_injury": 0.3425,
        "pilot_skill": 0.1267,
        "mission_priority": 0.5877,
        "estimated_landing_time": 2450.0,
        "wait_time": 0,
        "Landing_success_rate": 0.8976
    },
    {
        "model": 0,
        "sequence": 4,
        "status": 1,
        "fuel": 7037,
        "fault": 0.6083,
        "weapon": 1,
        "pilot_injury": 0.555,
        "pilot_skill": 0.6446,
        "mission_priority": 0.9923,
        "estimated_landing_time": 382.0,
        "wait_time": 0,
        "Landing_success_rate": 0.8952
    },
    {
        "model": 2,
        "sequence": 23,
        "status": 1,
        "fuel": 6504,
        "fault": 0.3077,
        "weapon": 1,
        "pilot_injury": 0.5007,
        "pilot_skill": 0.0479,
        "mission_priority": 0.9347,
        "estimated_landing_time": 2168.0,
        "wait_time": 0,
        "Landing_success_rate": 0.9021
    },
    {
        "model": 0,
        "sequence": 28,
        "status": 1,
        "fuel": 7427,
        "fault": 0.7501,
        "weapon": 0,
        "pilot_injury": 0.238,
        "pilot_skill": 0.901,
        "mission_priority": 0.2005,
        "estimated_landing_time": 2638.0,
        "wait_time": 0,
        "Landing_success_rate": 0.8861
    },
    {
        "model": 0,
        "sequence": 10,
        "status": 1,
        "fuel": 6063,
        "fault": 0.8777,
        "weapon": 0,
        "pilot_injury": 0.4967,
        "pilot_skill": 0.8189,
        "mission_priority": 0.7624,
        "estimated_landing_time": 946.0,
        "wait_time": 0,
        "Landing_success_rate": 0.8552
    },
    {
        "model": 1,
        "sequence": 18,
        "status": 1,
        "fuel": 6724,
        "fault": 0.3601,
        "weapon": 1,
        "pilot_injury": 0.5767,
        "pilot_skill": 0.5516,
        "mission_priority": 0.862,
        "estimated_landing_time": 1698.0,
        "wait_time": 0,
        "Landing_success_rate": 0.9087
    },
    {
        "model": 0,
        "sequence": 27,
        "status": 1,
        "fuel": 6233,
        "fault": 0.9764,
        "weapon": 0,
        "pilot_injury": 0.2051,
        "pilot_skill": 0.8676,
        "mission_priority": 0.3043,
        "estimated_landing_time": 2544.0,
        "wait_time": 0,
        "Landing_success_rate": 0.8513
    },
    {
        "model": 1,
        "sequence": 13,
        "status": 1,
        "fuel": 6070,
        "fault": 0.4392,
        "weapon": 1,
        "pilot_injury": 0.8756,
        "pilot_skill": 0.2313,
        "mission_priority": 0.7015,
        "estimated_landing_time": 1228.0,
        "wait_time": 0,
        "Landing_success_rate": 0.874
    },
    {
        "model": 0,
        "sequence": 1,
        "status": 1,
        "fuel": 6557,
        "fault": 0.5077,
        "weapon": 0,
        "pilot_injury": 0.566,
        "pilot_skill": 0.6754,
        "mission_priority": 0.1965,
        "estimated_landing_time": 100.0,
        "wait_time": 0,
        "Landing_success_rate": 0.889
    },
    {
        "model": 2,
        "sequence": 20,
        "status": 1,
        "fuel": 5899,
        "fault": 0.8974,
        "weapon": 1,
        "pilot_injury": 0.828,
        "pilot_skill": 0.1674,
        "mission_priority": 0.2989,
        "estimated_landing_time": 1886.0,
        "wait_time": 0,
        "Landing_success_rate": 0.8531
    },
    {
        "model": 2,
        "sequence": 24,
        "status": 1,
        "fuel": 6497,
        "fault": 0.3838,
        "weapon": 0,
        "pilot_injury": 0.7331,
        "pilot_skill": 0.4551,
        "mission_priority": 0.7024,
        "estimated_landing_time": 2262.0,
        "wait_time": 0,
        "Landing_success_rate": 0.8961
    },
    {
        "model": 1,
        "sequence": 29,
        "status": 1,
        "fuel": 6006,
        "fault": 0.4238,
        "weapon": 1,
        "pilot_injury": 0.5765,
        "pilot_skill": 0.4522,
        "mission_priority": 0.114,
        "estimated_landing_time": 2732.0,
        "wait_time": 0,
        "Landing_success_rate": 0.8719
    },
    {
        "model": 0,
        "sequence": 22,
        "status": 1,
        "fuel": 5652,
        "fault": 0.1633,
        "weapon": 1,
        "pilot_injury": 0.8037,
        "pilot_skill": 0.9139,
        "mission_priority": 0.7171,
        "estimated_landing_time": 2074.0,
        "wait_time": 0,
        "Landing_success_rate": 0.8595
    }
]