[
    {
        "model": 2,
        "sequence": 4,
        "status": 1,
        "fuel": 6523,
        "fault": 0.9784,
        "weapon": 1,
        "pilot_injury": 0.4355,
        "pilot_skill": 0.9548,
        "mission_priority": 0.4389,
        "estimated_landing_time": 382.0,
        "wait_time": 0,
        "Landing_success_rate": 0.8517
    },
    {
        "model": 1,
        "sequence": 9,
        "status": 1,
        "fuel": 7277,
        "fault": 0.898,
        "weapon": 1,
        "pilot_injury": 0.3177,
        "pilot_skill": 0.9414,
        "mission_priority": 0.5182,
        "estimated_landing_time": 852.0,
        "wait_time": 0,
        "Landing_success_rate": 0.8636
    },
    {
        "model": 1,
        "sequence": 24,
        "status": 1,
        "fuel": 5710,
        "fault": 0.4669,
        "weapon": 0,
        "pilot_injury": 0.2266,
        "pilot_skill": 0.453,
        "mission_priority": 0.7695,
        "estimated_landing_time": 2262.0,
        "wait_time": 0,
        "Landing_success_rate": 0.8584
    },
    {
        "model": 1,
        "sequence": 8,
        "status": 1,
        "fuel": 5982,
        "fault": 0.9353,
        "weapon": 0,
        "pilot_injury": 0.9507,
        "pilot_skill": 0.4228,
        "mission_priority": 0.5319,
        "estimated_landing_time": 758.0,
        "wait_time": 0,
        "Landing_success_rate": 0.8523
    },
    {
        "model": 0,
        "sequence": 28,
        "status": 1,
        "fuel": 6658,
        "fault": 0.5976,
        "weapon": 1,
        "pilot_injury": 0.0369,
        "pilot_skill": 0.0132,
        "mission_priority": 0.5562,
        "estimated_landing_time": 2638.0,
        "wait_time": 0,
        "Landing_success_rate": 0.8849
    },
    {
        "model": 1,
        "sequence": 17,
        "status": 1,
        "fuel": 6560,
        "fault": 0.3254,
        "weapon": 1,
        "pilot_injury": 0.7339,
        "pilot_skill": 0.7474,
        "mission_priority": 0.4419,
        "estimated_landing_time": 1604.0,
        "wait_time": 0,
        "Landing_success_rate": 0.9036
    },
    {
        "model": 1,
        "sequence": 30,
        "status": 1,
        "fuel": 6126,
        "fault": 0.663,
        "weapon": 1,
        "pilot_injury": 0.0699,
        "pilot_skill": 0.0456,
        "mission_priority": 0.1454,
        "estimated_landing_time": 2826.0,
        "wait_time": 0,
        "Landing_success_rate": 0.8658
    },
    {
        "model": 0,
        "sequence": 18,
        "status": 1,
        "fuel": 7187,
        "fault": 0.1532,
        "weapon": 0,
        "pilot_injury": 0.5912,
        "pilot_skill": 0.3492,
        "mission_priority": 0.8685,
        "estimated_landing_time": 1698.0,
        "wait_time": 0,
        "Landing_success_rate": 0.9571
    },
    {
        "model": 1,
        "sequence": 6,
        "status": 1,
        "fuel": 6611,
        "fault": 0.5122,
        "weapon": 0,
        "pilot_injury": 0.315,
        "pilot_skill": 0.3281,
        "mission_priority": 0.9628,
        "estimated_landing_time": 570.0,
        "wait_time": 0,
        "Landing_success_rate": 0.8906
    },
    {
        "model": 2,
        "sequence": 13,
        "status": 1,
        "fuel": 5928,
        "fault": 0.1789,
        "weapon": 1,
        "pilot_injury": 0.3682,
        "pilot_skill": 0.8994,
        "mission_priority": 0.191,
        "estimated_landing_time": 1228.0,
        "wait_time": 0,
        "Landing_success_rate": 0.8764
    },
    {
        "model": 1,
        "sequence": 12,
        "status": 1,
        "fuel": 7043,
        "fault": 0.2762,
        "weapon": 1,
        "pilot_injury": 0.5851,
        "pilot_skill": 0.5478,
        "mission_priority": 0.1312,
        "estimated_landing_time": 1134.0,
        "wait_time": 0,
        "Landing_success_rate": 0.9338
    },
    {
        "model": 2,
        "sequence": 27,
        "status": 1,
        "fuel": 6232,
        "fault": 0.1792,
        "weapon": 1,
        "pilot_injury": 0.1765,
        "pilot_skill": 0.2707,
        "mission_priority": 0.8135,
        "estimated_landing_time": 2544.0,
        "wait_time": 0,
        "Landing_success_rate": 0.8951
    },
    {
        "model": 0,
        "sequence": 23,
        "status": 1,
        "fuel": 6362,
        "fault": 0.2193,
        "weapon": 0,
        "pilot_injury": 0.7913,
        "pilot_skill": 0.0161,
        "mission_priority": 0.1243,
        "estimated_landing_time": 2168.0,
        "wait_time": 0,
        "Landing_success_rate": 0.9005
    },
    {
        "model": 1,
        "sequence": 29,
        "status": 1,
        "fuel": 6028,
        "fault": 0.6501,
        "weapon": 0,
        "pilot_injury": 0.8341,
        "pilot_skill": 0.7699,
        "mission_priority": 0.1454,
        "estimated_landing_time": 2732.0,
        "wait_time": 0,
        "Landing_success_rate": 0.8639
    },
    {
        "model": 2,
        "sequence": 7,
        "status": 1,
        "fuel": 5584,
        "fault": 0.6325,
        "weapon": 0,
        "pilot_injury": 0.1729,
        "pilot_skill": 0.2422,
        "mission_priority": 0.9053,
        "estimated_landing_time": 664.0,
        "wait_time": 0,
        "Landing_success_rate": 0.8523
    },
    {
        "model": 1,
        "sequence": 14,
        "status": 1,
        "fuel": 6177,
        "fault": 0.5556,
        "weapon": 1,
        "pilot_injury": 0.7507,
        "pilot_skill": 0.7494,
        "mission_priority": 0.8035,
        "estimated_landing_time": 1322.0,
        "wait_time": 0,
        "Landing_success_rate": 0.8726
    },
    {
        "model": 0,
        "sequence": 3,
        "status": 1,
        "fuel": 7176,
        "fault": 0.6087,
        "weapon": 0,
        "pilot_injury": 0.2526,
        "pilot_skill": 0.9839,
        "mission_priority": 0.8482,
        "estimated_landing_time": 288.0,
        "wait_time": 0,
        "Landing_success_rate": 0.8992
    },
    {
        "model": 0,
        "sequence": 2,
        "status": 1,
        "fuel": 5855,
        "fault": 0.7764,
        "weapon": 0,
        "pilot_injury": 0.3597,
        "pilot_skill": 0.9417,
        "mission_priority": 0.3302,
        "estimated_landing_time": 194.0,
        "wait_time": 0,
        "Landing_success_rate": 0.856
    },
    {
        "model": 1,
        "sequence": 15,
        "status": 1,
        "fuel": 5697,
        "fault": 0.7553,
        "weapon": 0,
        "pilot_injury": 0.382,
        "pilot_skill": 0.2039,
        "mission_priority": 0.8949,
        "estimated_landing_time": 1416.0,
        "wait_time": 0,
        "Landing_success_rate": 0.8536
    },
    {
        "model": 0,
        "sequence": 20,
        "status": 1,
        "fuel": 6844,
        "fault": 0.3129,
        "weapon": 0,
        "pilot_injury": 0.5406,
        "pilot_skill": 0.8047,
        "mission_priority": 0.8688,
        "estimated_landing_time": 1886.0,
        "wait_time": 0,
        "Landing_success_rate": 0.9193
    },
    {
        "model": 2,
        "sequence": 10,
        "status": 1,
        "fuel": 6923,
        "fault": 0.3658,
        "weapon": 1,
        "pilot_injury": 0.8538,
        "pilot_skill": 0.467,
        "mission_priority": 0.5591,
        "estimated_landing_time": 946.0,
        "wait_time": 0,
        "Landing_success_rate": 0.9177
    },
    {
        "model": 0,
        "sequence": 26,
        "status": 1,
        "fuel": 5528,
        "fault": 0.3065,
        "weapon": 0,
        "pilot_injury": 0.5668,
        "pilot_skill": 0.7276,
        "mission_priority": 0.2479,
        "estimated_landing_time": 2450.0,
        "wait_time": 0,
        "Landing_success_rate": 0.8515
    },
    {
        "model": 0,
        "sequence": 19,
        "status": 1,
        "fuel": 7113,
        "fault": 0.5728,
        "weapon": 1,
        "pilot_injury": 0.1125,
        "pilot_skill": 0.8302,
        "mission_priority": 0.8393,
        "estimated_landing_time": 1792.0,
        "wait_time": 0,
        "Landing_success_rate": 0.9017
    },
    {
        "model": 2,
        "sequence": 5,
        "status": 1,
        "fuel": 6274,
        "fault": 0.5003,
        "weapon": 1,
        "pilot_injury": 0.2814,
        "pilot_skill": 0.5164,
        "mission_priority": 0.4888,
        "estimated_landing_time": 476.0,
        "wait_time": 0,
        "Landing_success_rate": 0.879
    },
    {
        "model": 1,
        "sequence": 16,
        "status": 1,
        "fuel": 5715,
        "fault": 0.6474,
        "weapon": 1,
        "pilot_injury": 0.2217,
        "pilot_skill": 0.7233,
        "mission_priority": 0.9762,
        "estimated_landing_time": 1510.0,
        "wait_time": 0,
        "Landing_success_rate": 0.8557
    },
    {
        "model": 0,
        "sequence": 22,
        "status": 1,
        "fuel": 5704,
        "fault": 0.2507,
        "weapon": 1,
        "pilot_injury": 0.0675,
        "pilot_skill": 0.2378,
        "mission_priority": 0.6896,
        "estimated_landing_time": 2074.0,
        "wait_time": 0,
        "Landing_success_rate": 0.8615
    },
    {
        "model": 1,
        "sequence": 21,
        "status": 1,
        "fuel": 5832,
        "fault": 0.7239,
        "weapon": 0,
        "pilot_injury": 0.9537,
        "pilot_skill": 0.0863,
        "mission_priority": 0.8612,
        "estimated_landing_time": 1980.0,
        "wait_time": 0,
        "Landing_success_rate": 0.8569
    },
    {
        "model": 2,
        "sequence": 11,
        "status": 1,
        "fuel": 7200,
        "fault": 0.1273,
        "weapon": 1,
        "pilot_injury": 0.5554,
        "pilot_skill": 0.3564,
        "mission_priority": 0.9572,
        "estimated_landing_time": 1040.0,
        "wait_time": 0,
        "Landing_success_rate": 0.9613
    },
    {
        "model": 1,
        "sequence": 1,
        "status": 1,
        "fuel": 5946,
        "fault": 0.8468,
        "weapon": 0,
        "pilot_injury": 0.7021,
        "pilot_skill": 0.8351,
        "mission_priority": 0.8639,
        "estimated_landing_time": 100.0,
        "wait_time": 0,
        "Landing_success_rate": 0.8551
    },
    {
        "model": 0,
        "sequence": 25,
        "status": 1,
        "fuel": 6763,
        "fault": 0.2416,
        "weapon": 0,
        "pilot_injury": 0.6534,
        "pilot_skill": 0.6861,
        "mission_priority": 0.1732,
        "estimated_landing_time": 2356.0,
        "wait_time": 0,
        "Landing_success_rate": 0.9218
    }
]