[
    {
        "model": 1,
        "sequence": 8,
        "status": 1,
        "fuel": 6320,
        "fault": 0.784,
        "weapon": 0,
        "pilot_injury": 0.6112,
        "pilot_skill": 0.8238,
        "mission_priority": 0.6849,
        "estimated_landing_time": 758.0,
        "wait_time": 0,
        "Landing_success_rate": 0.8633
    },
    {
        "model": 0,
        "sequence": 17,
        "status": 1,
        "fuel": 7461,
        "fault": 0.7245,
        "weapon": 1,
        "pilot_injury": 0.2499,
        "pilot_skill": 0.6944,
        "mission_priority": 0.8203,
        "estimated_landing_time": 1604.0,
        "wait_time": 0,
        "Landing_success_rate": 0.8905
    },
    {
        "model": 2,
        "sequence": 1,
        "status": 1,
        "fuel": 6841,
        "fault": 0.6195,
        "weapon": 0,
        "pilot_injury": 0.822,
        "pilot_skill": 0.7106,
        "mission_priority": 0.775,
        "estimated_landing_time": 100.0,
        "wait_time": 0,
        "Landing_success_rate": 0.8883
    },
    {
        "model": 0,
        "sequence": 28,
        "status": 1,
        "fuel": 6848,
        "fault": 0.144,
        "weapon": 1,
        "pilot_injury": 0.0876,
        "pilot_skill": 0.7199,
        "mission_priority": 0.8295,
        "estimated_landing_time": 2638.0,
        "wait_time": 0,
        "Landing_success_rate": 0.9365
    },
    {
        "model": 0,
        "sequence": 13,
        "status": 1,
        "fuel": 6025,
        "fault": 0.8279,
        "weapon": 1,
        "pilot_injury": 0.055,
        "pilot_skill": 0.1031,
        "mission_priority": 0.8244,
        "estimated_landing_time": 1228.0,
        "wait_time": 0,
        "Landing_success_rate": 0.8568
    },
    {
        "model": 0,
        "sequence": 2,
        "status": 1,
        "fuel": 7491,
        "fault": 0.4607,
        "weapon": 1,
        "pilot_injury": 0.2133,
        "pilot_skill": 0.0766,
        "mission_priority": 0.7961,
        "estimated_landing_time": 194.0,
        "wait_time": 0,
        "Landing_success_rate": 0.9305
    },
    {
        "model": 1,
        "sequence": 14,
        "status": 1,
        "fuel": 7037,
        "fault": 0.9598,
        "weapon": 1,
        "pilot_injury": 0.826,
        "pilot_skill": 0.313,
        "mission_priority": 0.812,
        "estimated_landing_time": 1322.0,
        "wait_time": 0,
        "Landing_success_rate": 0.8546
    },
    {
        "model": 2,
        "sequence": 15,
        "status": 1,
        "fuel": 6983,
        "fault": 0.6792,
        "weapon": 0,
        "pilot_injury": 0.7704,
        "pilot_skill": 0.2888,
        "mission_priority": 0.0403,
        "estimated_landing_time": 1416.0,
        "wait_time": 0,
        "Landing_success_rate": 0.8857
    },
    {
        "model": 0,
        "sequence": 26,
        "status": 1,
        "fuel": 6918,
        "fault": 0.6376,
        "weapon": 0,
        "pilot_injury": 0.6002,
        "pilot_skill": 0.177,
        "mission_priority": 0.6477,
        "estimated_landing_time": 2450.0,
        "wait_time": 0,
        "Landing_success_rate": 0.8885
    },
    {
        "model": 2,
        "sequence": 25,
        "status": 1,
        "fuel": 7187,
        "fault": 0.7384,
        "weapon": 0,
        "pilot_injury": 0.6668,
        "pilot_skill": 0.1118,
        "mission_priority": 0.3214,
        "estimated_landing_time": 2356.0,
        "wait_time": 0,
        "Landing_success_rate": 0.8831
    },
    {
        "model": 0,
        "sequence": 21,
        "status": 1,
        "fuel": 6086,
        "fault": 0.0314,
        "weapon": 1,
        "pilot_injury": 0.893,
        "pilot_skill": 0.204,
        "mission_priority": 0.7077,
        "estimated_landing_time": 1980.0,
        "wait_time": 0,
        "Landing_success_rate": 0.8926
    },
    {
        "model": 1,
        "sequence": 27,
        "status": 1,
        "fuel": 5955,
        "fault": 0.1065,
        "weapon": 0,
        "pilot_injury": 0.8169,
        "pilot_skill": 0.4924,
        "mission_priority": 0.7972,
        "estimated_landing_time": 2544.0,
        "wait_time": 0,
        "Landing_success_rate": 0.8805
    },
    {
        "model": 2,
        "sequence": 7,
        "status": 1,
        "fuel": 6109,
        "fault": 0.5903,
        "weapon": 1,
        "pilot_injury": 0.5074,
        "pilot_skill": 0.2928,
        "mission_priority": 0.4114,
        "estimated_landing_time": 664.0,
        "wait_time": 0,
        "Landing_success_rate": 0.8687
    },
    {
        "model": 0,
        "sequence": 12,
        "status": 1,
        "fuel": 7396,
        "fault": 0.7955,
        "weapon": 0,
        "pilot_injury": 0.5241,
        "pilot_skill": 0.5803,
        "mission_priority": 0.969,
        "estimated_landing_time": 1134.0,
        "wait_time": 0,
        "Landing_success_rate": 0.8791
    },
    {
        "model": 0,
        "sequence": 24,
        "status": 1,
        "fuel": 5802,
        "fault": 0.3151,
        "weapon": 0,
        "pilot_injury": 0.5519,
        "pilot_skill": 0.853,
        "mission_priority": 0.258,
        "estimated_landing_time": 2262.0,
        "wait_time": 0,
        "Landing_success_rate": 0.8655
    },
    {
        "model": 2,
        "sequence": 5,
        "status": 1,
        "fuel": 6905,
        "fault": 0.6881,
        "weapon": 1,
        "pilot_injury": 0.1286,
        "pilot_skill": 0.6964,
        "mission_priority": 0.8598,
        "estimated_landing_time": 476.0,
        "wait_time": 0,
        "Landing_success_rate": 0.8829
    },
    {
        "model": 0,
        "sequence": 4,
        "status": 1,
        "fuel": 5765,
        "fault": 0.4526,
        "weapon": 0,
        "pilot_injury": 0.5791,
        "pilot_skill": 0.8278,
        "mission_priority": 0.4901,
        "estimated_landing_time": 382.0,
        "wait_time": 0,
        "Landing_success_rate": 0.8609
    },
    {
        "model": 2,
        "sequence": 20,
        "status": 1,
        "fuel": 7325,
        "fault": 0.6143,
        "weapon": 1,
        "pilot_injury": 0.3875,
        "pilot_skill": 0.1817,
        "mission_priority": 0.1516,
        "estimated_landing_time": 1886.0,
        "wait_time": 0,
        "Landing_success_rate": 0.9028
    },
    {
        "model": 2,
        "sequence": 18,
        "status": 1,
        "fuel": 6491,
        "fault": 0.2079,
        "weapon": 0,
        "pilot_injury": 0.4077,
        "pilot_skill": 0.545,
        "mission_priority": 0.2644,
        "estimated_landing_time": 1698.0,
        "wait_time": 0,
        "Landing_success_rate": 0.9089
    },
    {
        "model": 1,
        "sequence": 22,
        "status": 1,
        "fuel": 7187,
        "fault": 0.9828,
        "weapon": 1,
        "pilot_injury": 0.3767,
        "pilot_skill": 0.1782,
        "mission_priority": 0.2198,
        "estimated_landing_time": 2074.0,
        "wait_time": 0,
        "Landing_success_rate": 0.8522
    },
    {
        "model": 2,
        "sequence": 3,
        "status": 1,
        "fuel": 7005,
        "fault": 0.6258,
        "weapon": 0,
        "pilot_injury": 0.7013,
        "pilot_skill": 0.9963,
        "mission_priority": 0.5066,
        "estimated_landing_time": 288.0,
        "wait_time": 0,
        "Landing_success_rate": 0.8922
    },
    {
        "model": 2,
        "sequence": 16,
        "status": 1,
        "fuel": 7371,
        "fault": 0.1728,
        "weapon": 1,
        "pilot_injury": 0.9471,
        "pilot_skill": 0.8104,
        "mission_priority": 0.6851,
        "estimated_landing_time": 1510.0,
        "wait_time": 0,
        "Landing_success_rate": 0.9661
    },
    {
        "model": 2,
        "sequence": 30,
        "status": 1,
        "fuel": 6481,
        "fault": 0.876,
        "weapon": 1,
        "pilot_injury": 0.9682,
        "pilot_skill": 0.7252,
        "mission_priority": 0.1366,
        "estimated_landing_time": 2826.0,
        "wait_time": 0,
        "Landing_success_rate": 0.8591
    },
    {
        "model": 0,
        "sequence": 6,
        "status": 1,
        "fuel": 6308,
        "fault": 0.7069,
        "weapon": 0,
        "pilot_injury": 0.4435,
        "pilot_skill": 0.4718,
        "mission_priority": 0.546,
        "estimated_landing_time": 570.0,
        "wait_time": 0,
        "Landing_success_rate": 0.8678
    },
    {
        "model": 2,
        "sequence": 23,
        "status": 1,
        "fuel": 7253,
        "fault": 0.976,
        "weapon": 0,
        "pilot_injury": 0.1719,
        "pilot_skill": 0.1102,
        "mission_priority": 0.6105,
        "estimated_landing_time": 2168.0,
        "wait_time": 0,
        "Landing_success_rate": 0.8532
    },
    {
        "model": 1,
        "sequence": 29,
        "status": 1,
        "fuel": 6574,
        "fault": 0.058,
        "weapon": 1,
        "pilot_injury": 0.9848,
        "pilot_skill": 0.8412,
        "mission_priority": 0.4931,
        "estimated_landing_time": 2732.0,
        "wait_time": 0,
        "Landing_success_rate": 0.9259
    },
    {
        "model": 2,
        "sequence": 10,
        "status": 1,
        "fuel": 6713,
        "fault": 0.6203,
        "weapon": 0,
        "pilot_injury": 0.1996,
        "pilot_skill": 0.1594,
        "mission_priority": 0.29,
        "estimated_landing_time": 946.0,
        "wait_time": 0,
        "Landing_success_rate": 0.8845
    },
    {
        "model": 0,
        "sequence": 19,
        "status": 1,
        "fuel": 6754,
        "fault": 0.4399,
        "weapon": 0,
        "pilot_injury": 0.9067,
        "pilot_skill": 0.7981,
        "mission_priority": 0.6069,
        "estimated_landing_time": 1792.0,
        "wait_time": 0,
        "Landing_success_rate": 0.9027
    },
    {
        "model": 1,
        "sequence": 11,
        "status": 1,
        "fuel": 7026,
        "fault": 0.4402,
        "weapon": 1,
        "pilot_injury": 0.0762,
        "pilot_skill": 0.7504,
        "mission_priority": 0.9054,
        "estimated_landing_time": 1040.0,
        "wait_time": 0,
        "Landing_success_rate": 0.9141
    },
    {
        "model": 2,
        "sequence": 9,
        "status": 1,
        "fuel": 5559,
        "fault": 0.9619,
        "weapon": 1,
        "pilot_injury": 0.7663,
        "pilot_skill": 0.3649,
        "mission_priority": 0.5856,
        "estimated_landing_time": 852.0,
        "wait_time": 0,
        "Landing_success_rate": 0.8502
    }
]