[
    {
        "model": 0,
        "sequence": 24,
        "status": 1,
        "fuel": 5610,
        "fault": 0.4585,
        "weapon": 0,
        "pilot_injury": 0.8796,
        "pilot_skill": 0.4865,
        "mission_priority": 0.2235,
        "estimated_landing_time": 2262.0,
        "wait_time": 0,
        "Landing_success_rate": 0.8545
    },
    {
        "model": 0,
        "sequence": 9,
        "status": 1,
        "fuel": 5631,
        "fault": 0.968,
        "weapon": 1,
        "pilot_injury": 0.6167,
        "pilot_skill": 0.9884,
        "mission_priority": 0.7566,
        "estimated_landing_time": 852.0,
        "wait_time": 0,
        "Landing_success_rate": 0.8503
    },
    {
        "model": 0,
        "sequence": 4,
        "status": 1,
        "fuel": 6987,
        "fault": 0.1891,
        "weapon": 0,
        "pilot_injury": 0.5976,
        "pilot_skill": 0.2994,
        "mission_priority": 0.8175,
        "estimated_landing_time": 382.0,
        "wait_time": 0,
        "Landing_success_rate": 0.9404
    },
    {
        "model": 0,
        "sequence": 22,
        "status": 1,
        "fuel": 5638,
        "fault": 0.8532,
        "weapon": 1,
        "pilot_injury": 0.1593,
        "pilot_skill": 0.0875,
        "mission_priority": 0.354,
        "estimated_landing_time": 2074.0,
        "wait_time": 0,
        "Landing_success_rate": 0.8515
    },
    {
        "model": 1,
        "sequence": 27,
        "status": 1,
        "fuel": 6195,
        "fault": 0.7501,
        "weapon": 0,
        "pilot_injury": 0.5654,
        "pilot_skill": 0.6879,
        "mission_priority": 0.1741,
        "estimated_landing_time": 2544.0,
        "wait_time": 0,
        "Landing_success_rate": 0.863
    },
    {
        "model": 0,
        "sequence": 6,
        "status": 1,
        "fuel": 7414,
        "fault": 0.208,
        "weapon": 1,
        "pilot_injury": 0.2163,
        "pilot_skill": 0.4736,
        "mission_priority": 0.488,
        "estimated_landing_time": 570.0,
        "wait_time": 0,
        "Landing_success_rate": 0.9637
    },
    {
        "model": 1,
        "sequence": 30,
        "status": 1,
        "fuel": 6795,
        "fault": 0.8504,
        "weapon": 1,
        "pilot_injury": 0.0675,
        "pilot_skill": 0.958,
        "mission_priority": 0.0686,
        "estimated_landing_time": 2826.0,
        "wait_time": 0,
        "Landing_success_rate": 0.8645
    },
    {
        "model": 2,
        "sequence": 13,
        "status": 1,
        "fuel": 6541,
        "fault": 0.3806,
        "weapon": 0,
        "pilot_injury": 0.3905,
        "pilot_skill": 0.6267,
        "mission_priority": 0.5838,
        "estimated_landing_time": 1228.0,
        "wait_time": 0,
        "Landing_success_rate": 0.8984
    },
    {
        "model": 2,
        "sequence": 10,
        "status": 1,
        "fuel": 6180,
        "fault": 0.8494,
        "weapon": 0,
        "pilot_injury": 0.0287,
        "pilot_skill": 0.3434,
        "mission_priority": 0.8014,
        "estimated_landing_time": 946.0,
        "wait_time": 0,
        "Landing_success_rate": 0.8577
    },
    {
        "model": 2,
        "sequence": 28,
        "status": 1,
        "fuel": 7380,
        "fault": 0.8943,
        "weapon": 1,
        "pilot_injury": 0.3725,
        "pilot_skill": 0.6734,
        "mission_priority": 0.7643,
        "estimated_landing_time": 2638.0,
        "wait_time": 0,
        "Landing_success_rate": 0.8649
    },
    {
        "model": 2,
        "sequence": 18,
        "status": 1,
        "fuel": 7134,
        "fault": 0.6059,
        "weapon": 1,
        "pilot_injury": 0.5536,
        "pilot_skill": 0.0549,
        "mission_priority": 0.2733,
        "estimated_landing_time": 1698.0,
        "wait_time": 0,
        "Landing_success_rate": 0.8983
    },
    {
        "model": 2,
        "sequence": 20,
        "status": 1,
        "fuel": 5610,
        "fault": 0.6603,
        "weapon": 1,
        "pilot_injury": 0.4555,
        "pilot_skill": 0.5346,
        "mission_priority": 0.671,
        "estimated_landing_time": 1886.0,
        "wait_time": 0,
        "Landing_success_rate": 0.8528
    },
    {
        "model": 0,
        "sequence": 12,
        "status": 1,
        "fuel": 7150,
        "fault": 0.9533,
        "weapon": 1,
        "pilot_injury": 0.5965,
        "pilot_skill": 0.845,
        "mission_priority": 0.552,
        "estimated_landing_time": 1134.0,
        "wait_time": 0,
        "Landing_success_rate": 0.8558
    },
    {
        "model": 2,
        "sequence": 21,
        "status": 1,
        "fuel": 7038,
        "fault": 0.9711,
        "weapon": 0,
        "pilot_injury": 0.1073,
        "pilot_skill": 0.6077,
        "mission_priority": 0.9161,
        "estimated_landing_time": 1980.0,
        "wait_time": 0,
        "Landing_success_rate": 0.8533
    },
    {
        "model": 0,
        "sequence": 14,
        "status": 1,
        "fuel": 7084,
        "fault": 0.0005,
        "weapon": 1,
        "pilot_injury": 0.4055,
        "pilot_skill": 0.9019,
        "mission_priority": 0.8131,
        "estimated_landing_time": 1322.0,
        "wait_time": 0,
        "Landing_success_rate": 0.9687
    },
    {
        "model": 0,
        "sequence": 26,
        "status": 1,
        "fuel": 7437,
        "fault": 0.0843,
        "weapon": 0,
        "pilot_injury": 0.3964,
        "pilot_skill": 0.1324,
        "mission_priority": 0.9756,
        "estimated_landing_time": 2450.0,
        "wait_time": 0,
        "Landing_success_rate": 0.983
    },
    {
        "model": 1,
        "sequence": 29,
        "status": 1,
        "fuel": 6664,
        "fault": 0.235,
        "weapon": 1,
        "pilot_injury": 0.7643,
        "pilot_skill": 0.3508,
        "mission_priority": 0.5839,
        "estimated_landing_time": 2732.0,
        "wait_time": 0,
        "Landing_success_rate": 0.9168
    },
    {
        "model": 0,
        "sequence": 2,
        "status": 1,
        "fuel": 7215,
        "fault": 0.7694,
        "weapon": 0,
        "pilot_injury": 0.4907,
        "pilot_skill": 0.0507,
        "mission_priority": 0.4877,
        "estimated_landing_time": 194.0,
        "wait_time": 0,
        "Landing_success_rate": 0.8797
    },
    {
        "model": 1,
        "sequence": 19,
        "status": 1,
        "fuel": 7463,
        "fault": 0.8805,
        "weapon": 0,
        "pilot_injury": 0.7065,
        "pilot_skill": 0.622,
        "mission_priority": 0.2091,
        "estimated_landing_time": 1792.0,
        "wait_time": 0,
        "Landing_success_rate": 0.8676
    },
    {
        "model": 0,
        "sequence": 8,
        "status": 1,
        "fuel": 7218,
        "fault": 0.2609,
        "weapon": 0,
        "pilot_injury": 0.2578,
        "pilot_skill": 0.5439,
        "mission_priority": 0.9537,
        "estimated_landing_time": 758.0,
        "wait_time": 0,
        "Landing_success_rate": 0.9452
    },
    {
        "model": 2,
        "sequence": 25,
        "status": 1,
        "fuel": 6238,
        "fault": 0.3155,
        "weapon": 0,
        "pilot_injury": 0.7508,
        "pilot_skill": 0.7937,
        "mission_priority": 0.1911,
        "estimated_landing_time": 2356.0,
        "wait_time": 0,
        "Landing_success_rate": 0.8879
    },
    {
        "model": 0,
        "sequence": 7,
        "status": 1,
        "fuel": 6817,
        "fault": 0.7213,
        "weapon": 0,
        "pilot_injury": 0.914,
        "pilot_skill": 0.8044,
        "mission_priority": 0.3844,
        "estimated_landing_time": 664.0,
        "wait_time": 0,
        "Landing_success_rate": 0.8775
    },
    {
        "model": 0,
        "sequence": 11,
        "status": 1,
        "fuel": 6555,
        "fault": 0.2548,
        "weapon": 1,
        "pilot_injury": 0.8772,
        "pilot_skill": 0.8168,
        "mission_priority": 0.582,
        "estimated_landing_time": 1040.0,
        "wait_time": 0,
        "Landing_success_rate": 0.909
    },
    {
        "model": 0,
        "sequence": 23,
        "status": 1,
        "fuel": 6431,
        "fault": 0.032,
        "weapon": 1,
        "pilot_injury": 0.0628,
        "pilot_skill": 0.2166,
        "mission_priority": 0.7292,
        "estimated_landing_time": 2168.0,
        "wait_time": 0,
        "Landing_success_rate": 0.9176
    },
    {
        "model": 0,
        "sequence": 17,
        "status": 1,
        "fuel": 5601,
        "fault": 0.5947,
        "weapon": 1,
        "pilot_injury": 0.4422,
        "pilot_skill": 0.7237,
        "mission_priority": 0.2105,
        "estimated_landing_time": 1604.0,
        "wait_time": 0,
        "Landing_success_rate": 0.8531
    },
    {
        "model": 2,
        "sequence": 3,
        "status": 1,
        "fuel": 6368,
        "fault": 0.0589,
        "weapon": 0,
        "pilot_injury": 0.1722,
        "pilot_skill": 0.4768,
        "mission_priority": 0.8659,
        "estimated_landing_time": 288.0,
        "wait_time": 0,
        "Landing_success_rate": 0.9113
    },
    {
        "model": 1,
        "sequence": 1,
        "status": 1,
        "fuel": 6208,
        "fault": 0.5619,
        "weapon": 1,
        "pilot_injury": 0.1253,
        "pilot_skill": 0.0234,
        "mission_priority": 0.0672,
        "estimated_landing_time": 100.0,
        "wait_time": 0,
        "Landing_success_rate": 0.8733
    },
    {
        "model": 1,
        "sequence": 16,
        "status": 1,
        "fuel": 7308,
        "fault": 0.121,
        "weapon": 0,
        "pilot_injury": 0.7461,
        "pilot_skill": 0.3072,
        "mission_priority": 0.0899,
        "estimated_landing_time": 1510.0,
        "wait_time": 0,
        "Landing_success_rate": 0.9692
    },
    {
        "model": 2,
        "sequence": 5,
        "status": 1,
        "fuel": 7165,
        "fault": 0.2287,
        "weapon": 1,
        "pilot_injury": 0.4522,
        "pilot_skill": 0.7643,
        "mission_priority": 0.7281,
        "estimated_landing_time": 476.0,
        "wait_time": 0,
        "Landing_success_rate": 0.9463
    },
    {
        "model": 1,
        "sequence": 15,
        "status": 1,
        "fuel": 7350,
        "fault": 0.6083,
        "weapon": 0,
        "pilot_injury": 0.9553,
        "pilot_skill": 0.8654,
        "mission_priority": 0.8765,
        "estimated_landing_time": 1416.0,
        "wait_time": 0,
        "Landing_success_rate": 0.9043
    }
]