[
    {
        "model": 2,
        "sequence": 28,
        "status": 1,
        "fuel": 6900,
        "fault": 0.1016,
        "weapon": 1,
        "pilot_injury": 0.8623,
        "pilot_skill": 0.1945,
        "mission_priority": 0.0976,
        "estimated_landing_time": 2638.0,
        "wait_time": 0,
        "Landing_success_rate": 0.9443
    },
    {
        "model": 0,
        "sequence": 29,
        "status": 1,
        "fuel": 5824,
        "fault": 0.8577,
        "weapon": 1,
        "pilot_injury": 0.2789,
        "pilot_skill": 0.7182,
        "mission_priority": 0.1842,
        "estimated_landing_time": 2732.0,
        "wait_time": 0,
        "Landing_success_rate": 0.8535
    },
    {
        "model": 0,
        "sequence": 30,
        "status": 1,
        "fuel": 7456,
        "fault": 0.5586,
        "weapon": 1,
        "pilot_injury": 0.1086,
        "pilot_skill": 0.0814,
        "mission_priority": 0.7906,
        "estimated_landing_time": 2826.0,
        "wait_time": 0,
        "Landing_success_rate": 0.9148
    },
    {
        "model": 0,
        "sequence": 22,
        "status": 1,
        "fuel": 5539,
        "fault": 0.6788,
        "weapon": 1,
        "pilot_injury": 0.5245,
        "pilot_skill": 0.1502,
        "mission_priority": 0.7793,
        "estimated_landing_time": 2074.0,
        "wait_time": 0,
        "Landing_success_rate": 0.8509
    },
    {
        "model": 0,
        "sequence": 25,
        "status": 1,
        "fuel": 5993,
        "fault": 0.6608,
        "weapon": 1,
        "pilot_injury": 0.2515,
        "pilot_skill": 0.3376,
        "mission_priority": 0.2086,
        "estimated_landing_time": 2356.0,
        "wait_time": 0,
        "Landing_success_rate": 0.8625
    },
    {
        "model": 1,
        "sequence": 10,
        "status": 1,
        "fuel": 5859,
        "fault": 0.818,
        "weapon": 0,
        "pilot_injury": 0.9863,
        "pilot_skill": 0.9132,
        "mission_priority": 0.0795,
        "estimated_landing_time": 946.0,
        "wait_time": 0,
        "Landing_success_rate": 0.8549
    },
    {
        "model": 1,
        "sequence": 21,
        "status": 1,
        "fuel": 5773,
        "fault": 0.4039,
        "weapon": 1,
        "pilot_injury": 0.0545,
        "pilot_skill": 0.6688,
        "mission_priority": 0.1065,
        "estimated_landing_time": 1980.0,
        "wait_time": 0,
        "Landing_success_rate": 0.8622
    },
    {
        "model": 0,
        "sequence": 15,
        "status": 1,
        "fuel": 5999,
        "fault": 0.8884,
        "weapon": 1,
        "pilot_injury": 0.5984,
        "pilot_skill": 0.7025,
        "mission_priority": 0.0414,
        "estimated_landing_time": 1416.0,
        "wait_time": 0,
        "Landing_success_rate": 0.8542
    },
    {
        "model": 1,
        "sequence": 26,
        "status": 1,
        "fuel": 6233,
        "fault": 0.0785,
        "weapon": 1,
        "pilot_injury": 0.7092,
        "pilot_skill": 0.5103,
        "mission_priority": 0.0168,
        "estimated_landing_time": 2450.0,
        "wait_time": 0,
        "Landing_success_rate": 0.9007
    },
    {
        "model": 0,
        "sequence": 18,
        "status": 1,
        "fuel": 7110,
        "fault": 0.9884,
        "weapon": 1,
        "pilot_injury": 0.0963,
        "pilot_skill": 0.8856,
        "mission_priority": 0.8966,
        "estimated_landing_time": 1698.0,
        "wait_time": 0,
        "Landing_success_rate": 0.8514
    },
    {
        "model": 2,
        "sequence": 20,
        "status": 1,
        "fuel": 6594,
        "fault": 0.1647,
        "weapon": 1,
        "pilot_injury": 0.5725,
        "pilot_skill": 0.8656,
        "mission_priority": 0.6278,
        "estimated_landing_time": 1886.0,
        "wait_time": 0,
        "Landing_success_rate": 0.9185
    },
    {
        "model": 2,
        "sequence": 3,
        "status": 1,
        "fuel": 6357,
        "fault": 0.3718,
        "weapon": 1,
        "pilot_injury": 0.9982,
        "pilot_skill": 0.8575,
        "mission_priority": 0.6294,
        "estimated_landing_time": 288.0,
        "wait_time": 0,
        "Landing_success_rate": 0.8904
    },
    {
        "model": 2,
        "sequence": 12,
        "status": 1,
        "fuel": 6306,
        "fault": 0.8707,
        "weapon": 1,
        "pilot_injury": 0.729,
        "pilot_skill": 0.3427,
        "mission_priority": 0.5409,
        "estimated_landing_time": 1134.0,
        "wait_time": 0,
        "Landing_success_rate": 0.8578
    },
    {
        "model": 1,
        "sequence": 27,
        "status": 1,
        "fuel": 7343,
        "fault": 0.1604,
        "weapon": 0,
        "pilot_injury": 0.6182,
        "pilot_skill": 0.15,
        "mission_priority": 0.7673,
        "estimated_landing_time": 2544.0,
        "wait_time": 0,
        "Landing_success_rate": 0.9661
    },
    {
        "model": 0,
        "sequence": 24,
        "status": 1,
        "fuel": 6926,
        "fault": 0.7867,
        "weapon": 0,
        "pilot_injury": 0.371,
        "pilot_skill": 0.2688,
        "mission_priority": 0.5148,
        "estimated_landing_time": 2262.0,
        "wait_time": 0,
        "Landing_success_rate": 0.8728
    },
    {
        "model": 2,
        "sequence": 23,
        "status": 1,
        "fuel": 6639,
        "fault": 0.9207,
        "weapon": 1,
        "pilot_injury": 0.4417,
        "pilot_skill": 0.2595,
        "mission_priority": 0.2712,
        "estimated_landing_time": 2168.0,
        "wait_time": 0,
        "Landing_success_rate": 0.8568
    },
    {
        "model": 1,
        "sequence": 6,
        "status": 1,
        "fuel": 5651,
        "fault": 0.5824,
        "weapon": 1,
        "pilot_injury": 0.1185,
        "pilot_skill": 0.4365,
        "mission_priority": 0.4943,
        "estimated_landing_time": 570.0,
        "wait_time": 0,
        "Landing_success_rate": 0.8547
    },
    {
        "model": 1,
        "sequence": 13,
        "status": 1,
        "fuel": 6547,
        "fault": 0.6041,
        "weapon": 0,
        "pilot_injury": 0.5873,
        "pilot_skill": 0.0973,
        "mission_priority": 0.3506,
        "estimated_landing_time": 1228.0,
        "wait_time": 0,
        "Landing_success_rate": 0.8811
    },
    {
        "model": 1,
        "sequence": 2,
        "status": 1,
        "fuel": 6575,
        "fault": 0.5559,
        "weapon": 0,
        "pilot_injury": 0.3753,
        "pilot_skill": 0.431,
        "mission_priority": 0.1159,
        "estimated_landing_time": 194.0,
        "wait_time": 0,
        "Landing_success_rate": 0.8858
    },
    {
        "model": 1,
        "sequence": 4,
        "status": 1,
        "fuel": 6772,
        "fault": 0.4851,
        "weapon": 0,
        "pilot_injury": 0.2967,
        "pilot_skill": 0.2832,
        "mission_priority": 0.7031,
        "estimated_landing_time": 382.0,
        "wait_time": 0,
        "Landing_success_rate": 0.8991
    },
    {
        "model": 0,
        "sequence": 8,
        "status": 1,
        "fuel": 7141,
        "fault": 0.0157,
        "weapon": 0,
        "pilot_injury": 0.7091,
        "pilot_skill": 0.1514,
        "mission_priority": 0.6607,
        "estimated_landing_time": 758.0,
        "wait_time": 0,
        "Landing_success_rate": 0.9711
    },
    {
        "model": 1,
        "sequence": 17,
        "status": 1,
        "fuel": 6691,
        "fault": 0.1063,
        "weapon": 0,
        "pilot_injury": 0.0013,
        "pilot_skill": 0.8811,
        "mission_priority": 0.2313,
        "estimated_landing_time": 1604.0,
        "wait_time": 0,
        "Landing_success_rate": 0.9298
    },
    {
        "model": 1,
        "sequence": 19,
        "status": 1,
        "fuel": 5568,
        "fault": 0.5664,
        "weapon": 0,
        "pilot_injury": 0.9568,
        "pilot_skill": 0.4946,
        "mission_priority": 0.0233,
        "estimated_landing_time": 1792.0,
        "wait_time": 0,
        "Landing_success_rate": 0.8522
    },
    {
        "model": 0,
        "sequence": 5,
        "status": 1,
        "fuel": 5655,
        "fault": 0.334,
        "weapon": 1,
        "pilot_injury": 0.3757,
        "pilot_skill": 0.6894,
        "mission_priority": 0.6139,
        "estimated_landing_time": 476.0,
        "wait_time": 0,
        "Landing_success_rate": 0.8577
    },
    {
        "model": 0,
        "sequence": 14,
        "status": 1,
        "fuel": 6509,
        "fault": 0.0709,
        "weapon": 0,
        "pilot_injury": 0.0404,
        "pilot_skill": 0.9124,
        "mission_priority": 0.7181,
        "estimated_landing_time": 1322.0,
        "wait_time": 0,
        "Landing_success_rate": 0.9203
    },
    {
        "model": 2,
        "sequence": 7,
        "status": 1,
        "fuel": 5607,
        "fault": 0.4001,
        "weapon": 1,
        "pilot_injury": 0.0848,
        "pilot_skill": 0.2059,
        "mission_priority": 0.5936,
        "estimated_landing_time": 664.0,
        "wait_time": 0,
        "Landing_success_rate": 0.8548
    },
    {
        "model": 0,
        "sequence": 9,
        "status": 1,
        "fuel": 6866,
        "fault": 0.607,
        "weapon": 1,
        "pilot_injury": 0.7486,
        "pilot_skill": 0.8076,
        "mission_priority": 0.5839,
        "estimated_landing_time": 852.0,
        "wait_time": 0,
        "Landing_success_rate": 0.8903
    },
    {
        "model": 1,
        "sequence": 16,
        "status": 1,
        "fuel": 5515,
        "fault": 0.3661,
        "weapon": 1,
        "pilot_injury": 0.91,
        "pilot_skill": 0.6489,
        "mission_priority": 0.4177,
        "estimated_landing_time": 1510.0,
        "wait_time": 0,
        "Landing_success_rate": 0.8507
    },
    {
        "model": 2,
        "sequence": 11,
        "status": 1,
        "fuel": 5808,
        "fault": 0.4562,
        "weapon": 0,
        "pilot_injury": 0.0005,
        "pilot_skill": 0.9248,
        "mission_priority": 0.3634,
        "estimated_landing_time": 1040.0,
        "wait_time": 0,
        "Landing_success_rate": 0.8626
    },
    {
        "model": 0,
        "sequence": 1,
        "status": 1,
        "fuel": 5910,
        "fault": 0.0759,
        "weapon": 1,
        "pilot_injury": 0.8776,
        "pilot_skill": 0.5392,
        "mission_priority": 0.9057,
        "estimated_landing_time": 100.0,
        "wait_time": 0,
        "Landing_success_rate": 0.8784
    }
]