[
    {
        "model": 0,
        "sequence": 6,
        "status": 1,
        "fuel": 5874,
        "fault": 0.7965,
        "weapon": 0,
        "pilot_injury": 0.7524,
        "pilot_skill": 0.7094,
        "mission_priority": 0.8631,
        "estimated_landing_time": 570.0,
        "wait_time": 0,
        "Landing_success_rate": 0.8557
    },
    {
        "model": 0,
        "sequence": 4,
        "status": 1,
        "fuel": 6946,
        "fault": 0.6124,
        "weapon": 1,
        "pilot_injury": 0.8032,
        "pilot_skill": 0.664,
        "mission_priority": 0.6449,
        "estimated_landing_time": 382.0,
        "wait_time": 0,
        "Landing_success_rate": 0.892
    },
    {
        "model": 0,
        "sequence": 23,
        "status": 1,
        "fuel": 6315,
        "fault": 0.1404,
        "weapon": 0,
        "pilot_injury": 0.9899,
        "pilot_skill": 0.163,
        "mission_priority": 0.7398,
        "estimated_landing_time": 2168.0,
        "wait_time": 0,
        "Landing_success_rate": 0.9025
    },
    {
        "model": 1,
        "sequence": 22,
        "status": 1,
        "fuel": 6272,
        "fault": 0.1715,
        "weapon": 1,
        "pilot_injury": 0.1384,
        "pilot_skill": 0.2087,
        "mission_priority": 0.8516,
        "estimated_landing_time": 2074.0,
        "wait_time": 0,
        "Landing_success_rate": 0.898
    },
    {
        "model": 2,
        "sequence": 20,
        "status": 1,
        "fuel": 7384,
        "fault": 0.7268,
        "weapon": 0,
        "pilot_injury": 0.9089,
        "pilot_skill": 0.1507,
        "mission_priority": 0.6286,
        "estimated_landing_time": 1886.0,
        "wait_time": 0,
        "Landing_success_rate": 0.8886
    },
    {
        "model": 1,
        "sequence": 7,
        "status": 1,
        "fuel": 7384,
        "fault": 0.4271,
        "weapon": 0,
        "pilot_injury": 0.1733,
        "pilot_skill": 0.8387,
        "mission_priority": 0.3648,
        "estimated_landing_time": 664.0,
        "wait_time": 0,
        "Landing_success_rate": 0.931
    },
    {
        "model": 2,
        "sequence": 2,
        "status": 1,
        "fuel": 6105,
        "fault": 0.095,
        "weapon": 0,
        "pilot_injury": 0.2284,
        "pilot_skill": 0.6449,
        "mission_priority": 0.9687,
        "estimated_landing_time": 194.0,
        "wait_time": 0,
        "Landing_success_rate": 0.8911
    },
    {
        "model": 0,
        "sequence": 12,
        "status": 1,
        "fuel": 6750,
        "fault": 0.1786,
        "weapon": 1,
        "pilot_injury": 0.4146,
        "pilot_skill": 0.9961,
        "mission_priority": 0.0694,
        "estimated_landing_time": 1134.0,
        "wait_time": 0,
        "Landing_success_rate": 0.927
    },
    {
        "model": 1,
        "sequence": 5,
        "status": 1,
        "fuel": 6567,
        "fault": 0.8916,
        "weapon": 0,
        "pilot_injury": 0.8204,
        "pilot_skill": 0.8336,
        "mission_priority": 0.3436,
        "estimated_landing_time": 476.0,
        "wait_time": 0,
        "Landing_success_rate": 0.8587
    },
    {
        "model": 1,
        "sequence": 29,
        "status": 1,
        "fuel": 7211,
        "fault": 0.5061,
        "weapon": 1,
        "pilot_injury": 0.1577,
        "pilot_skill": 0.8221,
        "mission_priority": 0.0967,
        "estimated_landing_time": 2732.0,
        "wait_time": 0,
        "Landing_success_rate": 0.9134
    },
    {
        "model": 1,
        "sequence": 21,
        "status": 1,
        "fuel": 5962,
        "fault": 0.7135,
        "weapon": 1,
        "pilot_injury": 0.1207,
        "pilot_skill": 0.0747,
        "mission_priority": 0.27,
        "estimated_landing_time": 1980.0,
        "wait_time": 0,
        "Landing_success_rate": 0.8599
    },
    {
        "model": 2,
        "sequence": 18,
        "status": 1,
        "fuel": 6423,
        "fault": 0.4486,
        "weapon": 0,
        "pilot_injury": 0.7324,
        "pilot_skill": 0.5475,
        "mission_priority": 0.6611,
        "estimated_landing_time": 1698.0,
        "wait_time": 0,
        "Landing_success_rate": 0.8882
    },
    {
        "model": 1,
        "sequence": 9,
        "status": 1,
        "fuel": 5645,
        "fault": 0.9448,
        "weapon": 1,
        "pilot_injury": 0.016,
        "pilot_skill": 0.3831,
        "mission_priority": 0.5588,
        "estimated_landing_time": 852.0,
        "wait_time": 0,
        "Landing_success_rate": 0.8506
    },
    {
        "model": 1,
        "sequence": 19,
        "status": 1,
        "fuel": 6031,
        "fault": 0.6441,
        "weapon": 0,
        "pilot_injury": 0.6982,
        "pilot_skill": 0.3683,
        "mission_priority": 0.1429,
        "estimated_landing_time": 1792.0,
        "wait_time": 0,
        "Landing_success_rate": 0.8642
    },
    {
        "model": 0,
        "sequence": 1,
        "status": 1,
        "fuel": 7480,
        "fault": 0.6391,
        "weapon": 0,
        "pilot_injury": 0.4972,
        "pilot_skill": 0.2359,
        "mission_priority": 0.2215,
        "estimated_landing_time": 100.0,
        "wait_time": 0,
        "Landing_success_rate": 0.9036
    },
    {
        "model": 1,
        "sequence": 14,
        "status": 1,
        "fuel": 5919,
        "fault": 0.1069,
        "weapon": 0,
        "pilot_injury": 0.4953,
        "pilot_skill": 0.8515,
        "mission_priority": 0.3296,
        "estimated_landing_time": 1322.0,
        "wait_time": 0,
        "Landing_success_rate": 0.8781
    },
    {
        "model": 0,
        "sequence": 30,
        "status": 1,
        "fuel": 6731,
        "fault": 0.5575,
        "weapon": 0,
        "pilot_injury": 0.7028,
        "pilot_skill": 0.7227,
        "mission_priority": 0.2608,
        "estimated_landing_time": 2826.0,
        "wait_time": 0,
        "Landing_success_rate": 0.8909
    },
    {
        "model": 0,
        "sequence": 17,
        "status": 1,
        "fuel": 7260,
        "fault": 0.1819,
        "weapon": 0,
        "pilot_injury": 0.5901,
        "pilot_skill": 0.929,
        "mission_priority": 0.031,
        "estimated_landing_time": 1604.0,
        "wait_time": 0,
        "Landing_success_rate": 0.958
    },
    {
        "model": 1,
        "sequence": 10,
        "status": 1,
        "fuel": 5955,
        "fault": 0.9813,
        "weapon": 1,
        "pilot_injury": 0.1925,
        "pilot_skill": 0.2338,
        "mission_priority": 0.9027,
        "estimated_landing_time": 946.0,
        "wait_time": 0,
        "Landing_success_rate": 0.8506
    },
    {
        "model": 0,
        "sequence": 15,
        "status": 1,
        "fuel": 6396,
        "fault": 0.9642,
        "weapon": 0,
        "pilot_injury": 0.9276,
        "pilot_skill": 0.3216,
        "mission_priority": 0.7235,
        "estimated_landing_time": 1416.0,
        "wait_time": 0,
        "Landing_success_rate": 0.8524
    },
    {
        "model": 2,
        "sequence": 28,
        "status": 1,
        "fuel": 6447,
        "fault": 0.7554,
        "weapon": 1,
        "pilot_injury": 0.1827,
        "pilot_skill": 0.6785,
        "mission_priority": 0.9058,
        "estimated_landing_time": 2638.0,
        "wait_time": 0,
        "Landing_success_rate": 0.8674
    },
    {
        "model": 2,
        "sequence": 13,
        "status": 1,
        "fuel": 6064,
        "fault": 0.6878,
        "weapon": 0,
        "pilot_injury": 0.9726,
        "pilot_skill": 0.2252,
        "mission_priority": 0.0596,
        "estimated_landing_time": 1228.0,
        "wait_time": 0,
        "Landing_success_rate": 0.8632
    },
    {
        "model": 2,
        "sequence": 8,
        "status": 1,
        "fuel": 7457,
        "fault": 0.5352,
        "weapon": 1,
        "pilot_injury": 0.4949,
        "pilot_skill": 0.2688,
        "mission_priority": 0.2809,
        "estimated_landing_time": 758.0,
        "wait_time": 0,
        "Landing_success_rate": 0.9182
    },
    {
        "model": 0,
        "sequence": 27,
        "status": 1,
        "fuel": 7373,
        "fault": 0.0694,
        "weapon": 1,
        "pilot_injury": 0.3108,
        "pilot_skill": 0.3449,
        "mission_priority": 0.9697,
        "estimated_landing_time": 2544.0,
        "wait_time": 0,
        "Landing_success_rate": 0.9807
    },
    {
        "model": 2,
        "sequence": 25,
        "status": 1,
        "fuel": 7382,
        "fault": 0.1294,
        "weapon": 0,
        "pilot_injury": 0.9392,
        "pilot_skill": 0.6281,
        "mission_priority": 0.3083,
        "estimated_landing_time": 2356.0,
        "wait_time": 0,
        "Landing_success_rate": 0.9729
    },
    {
        "model": 2,
        "sequence": 24,
        "status": 1,
        "fuel": 7049,
        "fault": 0.8149,
        "weapon": 0,
        "pilot_injury": 0.7112,
        "pilot_skill": 0.7976,
        "mission_priority": 0.5985,
        "estimated_landing_time": 2262.0,
        "wait_time": 0,
        "Landing_success_rate": 0.8715
    },
    {
        "model": 0,
        "sequence": 3,
        "status": 1,
        "fuel": 6494,
        "fault": 0.8363,
        "weapon": 1,
        "pilot_injury": 0.1507,
        "pilot_skill": 0.4385,
        "mission_priority": 0.5174,
        "estimated_landing_time": 288.0,
        "wait_time": 0,
        "Landing_success_rate": 0.8622
    },
    {
        "model": 1,
        "sequence": 16,
        "status": 1,
        "fuel": 6115,
        "fault": 0.2093,
        "weapon": 0,
        "pilot_injury": 0.883,
        "pilot_skill": 0.3175,
        "mission_priority": 0.9447,
        "estimated_landing_time": 1510.0,
        "wait_time": 0,
        "Landing_success_rate": 0.8865
    },
    {
        "model": 0,
        "sequence": 11,
        "status": 1,
        "fuel": 6517,
        "fault": 0.6468,
        "weapon": 0,
        "pilot_injury": 0.3216,
        "pilot_skill": 0.2944,
        "mission_priority": 0.0794,
        "estimated_landing_time": 1040.0,
        "wait_time": 0,
        "Landing_success_rate": 0.8769
    },
    {
        "model": 0,
        "sequence": 26,
        "status": 1,
        "fuel": 6328,
        "fault": 0.9117,
        "weapon": 0,
        "pilot_injury": 0.9491,
        "pilot_skill": 0.7124,
        "mission_priority": 0.4429,
        "estimated_landing_time": 2450.0,
        "wait_time": 0,
        "Landing_success_rate": 0.8555
    }
]