[
    {
        "model": 1,
        "sequence": 29,
        "status": 1,
        "fuel": 6025,
        "fault": 0.7138,
        "weapon": 0,
        "pilot_injury": 0.4824,
        "pilot_skill": 0.0955,
        "mission_priority": 0.9576,
        "estimated_landing_time": 2732.0,
        "wait_time": 0,
        "Landing_success_rate": 0.8613
    },
    {
        "model": 0,
        "sequence": 2,
        "status": 1,
        "fuel": 6516,
        "fault": 0.7907,
        "weapon": 1,
        "pilot_injury": 0.4841,
        "pilot_skill": 0.3708,
        "mission_priority": 0.1516,
        "estimated_landing_time": 194.0,
        "wait_time": 0,
        "Landing_success_rate": 0.8659
    },
    {
        "model": 1,
        "sequence": 15,
        "status": 1,
        "fuel": 6250,
        "fault": 0.1884,
        "weapon": 0,
        "pilot_injury": 0.6823,
        "pilot_skill": 0.8021,
        "mission_priority": 0.0231,
        "estimated_landing_time": 1416.0,
        "wait_time": 0,
        "Landing_success_rate": 0.8957
    },
    {
        "model": 2,
        "sequence": 8,
        "status": 1,
        "fuel": 6804,
        "fault": 0.0092,
        "weapon": 1,
        "pilot_injury": 0.1958,
        "pilot_skill": 0.6202,
        "mission_priority": 0.4208,
        "estimated_landing_time": 758.0,
        "wait_time": 0,
        "Landing_success_rate": 0.9469
    },
    {
        "model": 2,
        "sequence": 21,
        "status": 1,
        "fuel": 5928,
        "fault": 0.2644,
        "weapon": 1,
        "pilot_injury": 0.9733,
        "pilot_skill": 0.6488,
        "mission_priority": 0.3305,
        "estimated_landing_time": 1980.0,
        "wait_time": 0,
        "Landing_success_rate": 0.8736
    },
    {
        "model": 2,
        "sequence": 5,
        "status": 1,
        "fuel": 6741,
        "fault": 0.3455,
        "weapon": 1,
        "pilot_injury": 0.1562,
        "pilot_skill": 0.5288,
        "mission_priority": 0.5069,
        "estimated_landing_time": 476.0,
        "wait_time": 0,
        "Landing_success_rate": 0.9109
    },
    {
        "model": 0,
        "sequence": 28,
        "status": 1,
        "fuel": 7353,
        "fault": 0.7543,
        "weapon": 0,
        "pilot_injury": 0.565,
        "pilot_skill": 0.6989,
        "mission_priority": 0.596,
        "estimated_landing_time": 2638.0,
        "wait_time": 0,
        "Landing_success_rate": 0.8841
    },
    {
        "model": 2,
        "sequence": 13,
        "status": 1,
        "fuel": 6237,
        "fault": 0.274,
        "weapon": 1,
        "pilot_injury": 0.6777,
        "pilot_skill": 0.2255,
        "mission_priority": 0.8459,
        "estimated_landing_time": 1228.0,
        "wait_time": 0,
        "Landing_success_rate": 0.8901
    },
    {
        "model": 1,
        "sequence": 24,
        "status": 1,
        "fuel": 6839,
        "fault": 0.3398,
        "weapon": 1,
        "pilot_injury": 0.5339,
        "pilot_skill": 0.4603,
        "mission_priority": 0.4752,
        "estimated_landing_time": 2262.0,
        "wait_time": 0,
        "Landing_success_rate": 0.9163
    },
    {
        "model": 0,
        "sequence": 4,
        "status": 1,
        "fuel": 5816,
        "fault": 0.1836,
        "weapon": 1,
        "pilot_injury": 0.1712,
        "pilot_skill": 0.2592,
        "mission_priority": 0.0639,
        "estimated_landing_time": 382.0,
        "wait_time": 0,
        "Landing_success_rate": 0.8693
    },
    {
        "model": 2,
        "sequence": 20,
        "status": 1,
        "fuel": 6248,
        "fault": 0.5693,
        "weapon": 0,
        "pilot_injury": 0.1254,
        "pilot_skill": 0.0689,
        "mission_priority": 0.8264,
        "estimated_landing_time": 1886.0,
        "wait_time": 0,
        "Landing_success_rate": 0.8742
    },
    {
        "model": 0,
        "sequence": 7,
        "status": 1,
        "fuel": 5770,
        "fault": 0.7096,
        "weapon": 0,
        "pilot_injury": 0.7573,
        "pilot_skill": 0.1625,
        "mission_priority": 0.6807,
        "estimated_landing_time": 664.0,
        "wait_time": 0,
        "Landing_success_rate": 0.8559
    },
    {
        "model": 0,
        "sequence": 12,
        "status": 1,
        "fuel": 6168,
        "fault": 0.6398,
        "weapon": 0,
        "pilot_injury": 0.882,
        "pilot_skill": 0.121,
        "mission_priority": 0.4765,
        "estimated_landing_time": 1134.0,
        "wait_time": 0,
        "Landing_success_rate": 0.868
    },
    {
        "model": 1,
        "sequence": 9,
        "status": 1,
        "fuel": 6085,
        "fault": 0.3081,
        "weapon": 0,
        "pilot_injury": 0.1427,
        "pilot_skill": 0.5349,
        "mission_priority": 0.455,
        "estimated_landing_time": 852.0,
        "wait_time": 0,
        "Landing_success_rate": 0.8804
    },
    {
        "model": 1,
        "sequence": 25,
        "status": 1,
        "fuel": 5510,
        "fault": 0.3382,
        "weapon": 1,
        "pilot_injury": 0.9969,
        "pilot_skill": 0.1701,
        "mission_priority": 0.753,
        "estimated_landing_time": 2356.0,
        "wait_time": 0,
        "Landing_success_rate": 0.8505
    },
    {
        "model": 1,
        "sequence": 6,
        "status": 1,
        "fuel": 6664,
        "fault": 0.3734,
        "weapon": 1,
        "pilot_injury": 0.9883,
        "pilot_skill": 0.4777,
        "mission_priority": 0.8244,
        "estimated_landing_time": 570.0,
        "wait_time": 0,
        "Landing_success_rate": 0.9047
    },
    {
        "model": 0,
        "sequence": 23,
        "status": 1,
        "fuel": 7089,
        "fault": 0.9087,
        "weapon": 0,
        "pilot_injury": 0.3822,
        "pilot_skill": 0.6992,
        "mission_priority": 0.0369,
        "estimated_landing_time": 2168.0,
        "wait_time": 0,
        "Landing_success_rate": 0.8609
    },
    {
        "model": 2,
        "sequence": 16,
        "status": 1,
        "fuel": 6376,
        "fault": 0.4424,
        "weapon": 1,
        "pilot_injury": 0.8447,
        "pilot_skill": 0.3847,
        "mission_priority": 0.3206,
        "estimated_landing_time": 1510.0,
        "wait_time": 0,
        "Landing_success_rate": 0.8866
    },
    {
        "model": 0,
        "sequence": 1,
        "status": 1,
        "fuel": 6955,
        "fault": 0.7975,
        "weapon": 1,
        "pilot_injury": 0.2545,
        "pilot_skill": 0.0453,
        "mission_priority": 0.9903,
        "estimated_landing_time": 100.0,
        "wait_time": 0,
        "Landing_success_rate": 0.8721
    },
    {
        "model": 1,
        "sequence": 18,
        "status": 1,
        "fuel": 7472,
        "fault": 0.029,
        "weapon": 1,
        "pilot_injury": 0.6627,
        "pilot_skill": 0.8829,
        "mission_priority": 0.4503,
        "estimated_landing_time": 1698.0,
        "wait_time": 0,
        "Landing_success_rate": 0.9936
    },
    {
        "model": 0,
        "sequence": 19,
        "status": 1,
        "fuel": 5894,
        "fault": 0.2195,
        "weapon": 0,
        "pilot_injury": 0.1695,
        "pilot_skill": 0.2167,
        "mission_priority": 0.6682,
        "estimated_landing_time": 1792.0,
        "wait_time": 0,
        "Landing_success_rate": 0.8731
    },
    {
        "model": 2,
        "sequence": 11,
        "status": 1,
        "fuel": 5822,
        "fault": 0.853,
        "weapon": 1,
        "pilot_injury": 0.9322,
        "pilot_skill": 0.2658,
        "mission_priority": 0.5107,
        "estimated_landing_time": 1040.0,
        "wait_time": 0,
        "Landing_success_rate": 0.8536
    },
    {
        "model": 0,
        "sequence": 27,
        "status": 1,
        "fuel": 6656,
        "fault": 0.1752,
        "weapon": 0,
        "pilot_injury": 0.0721,
        "pilot_skill": 0.7459,
        "mission_priority": 0.9201,
        "estimated_landing_time": 2544.0,
        "wait_time": 0,
        "Landing_success_rate": 0.9215
    },
    {
        "model": 0,
        "sequence": 17,
        "status": 1,
        "fuel": 6480,
        "fault": 0.6259,
        "weapon": 0,
        "pilot_injury": 0.4518,
        "pilot_skill": 0.7205,
        "mission_priority": 0.6318,
        "estimated_landing_time": 1604.0,
        "wait_time": 0,
        "Landing_success_rate": 0.8775
    },
    {
        "model": 2,
        "sequence": 3,
        "status": 1,
        "fuel": 6601,
        "fault": 0.3746,
        "weapon": 1,
        "pilot_injury": 0.8893,
        "pilot_skill": 0.2259,
        "mission_priority": 0.9958,
        "estimated_landing_time": 288.0,
        "wait_time": 0,
        "Landing_success_rate": 0.9016
    },
    {
        "model": 2,
        "sequence": 30,
        "status": 1,
        "fuel": 6877,
        "fault": 0.4537,
        "weapon": 0,
        "pilot_injury": 0.6681,
        "pilot_skill": 0.2701,
        "mission_priority": 0.9744,
        "estimated_landing_time": 2826.0,
        "wait_time": 0,
        "Landing_success_rate": 0.9064
    },
    {
        "model": 0,
        "sequence": 26,
        "status": 1,
        "fuel": 7472,
        "fault": 0.6387,
        "weapon": 0,
        "pilot_injury": 0.4064,
        "pilot_skill": 0.0903,
        "mission_priority": 0.708,
        "estimated_landing_time": 2450.0,
        "wait_time": 0,
        "Landing_success_rate": 0.9034
    },
    {
        "model": 0,
        "sequence": 14,
        "status": 1,
        "fuel": 6833,
        "fault": 0.5711,
        "weapon": 0,
        "pilot_injury": 0.49,
        "pilot_skill": 0.9759,
        "mission_priority": 0.7998,
        "estimated_landing_time": 1322.0,
        "wait_time": 0,
        "Landing_success_rate": 0.8929
    },
    {
        "model": 2,
        "sequence": 22,
        "status": 1,
        "fuel": 7033,
        "fault": 0.3056,
        "weapon": 0,
        "pilot_injury": 0.2544,
        "pilot_skill": 0.7721,
        "mission_priority": 0.8797,
        "estimated_landing_time": 2074.0,
        "wait_time": 0,
        "Landing_success_rate": 0.9298
    },
    {
        "model": 0,
        "sequence": 10,
        "status": 1,
        "fuel": 7399,
        "fault": 0.737,
        "weapon": 1,
        "pilot_injury": 0.356,
        "pilot_skill": 0.3588,
        "mission_priority": 0.4915,
        "estimated_landing_time": 946.0,
        "wait_time": 0,
        "Landing_success_rate": 0.8875
    }
]