[
    {
        "model": 2,
        "sequence": 18,
        "status": 1,
        "fuel": 5626,
        "fault": 0.6513,
        "weapon": 0,
        "pilot_injury": 0.1814,
        "pilot_skill": 0.9891,
        "mission_priority": 0.3729,
        "estimated_landing_time": 1698.0,
        "wait_time": 0,
        "Landing_success_rate": 0.8533
    },
    {
        "model": 1,
        "sequence": 7,
        "status": 1,
        "fuel": 5600,
        "fault": 0.3399,
        "weapon": 1,
        "pilot_injury": 0.5767,
        "pilot_skill": 0.6365,
        "mission_priority": 0.6028,
        "estimated_landing_time": 664.0,
        "wait_time": 0,
        "Landing_success_rate": 0.855
    },
    {
        "model": 1,
        "sequence": 6,
        "status": 1,
        "fuel": 6844,
        "fault": 0.7395,
        "weapon": 1,
        "pilot_injury": 0.6213,
        "pilot_skill": 0.3494,
        "mission_priority": 0.2406,
        "estimated_landing_time": 570.0,
        "wait_time": 0,
        "Landing_success_rate": 0.8763
    },
    {
        "model": 0,
        "sequence": 1,
        "status": 1,
        "fuel": 6188,
        "fault": 0.4257,
        "weapon": 1,
        "pilot_injury": 0.3147,
        "pilot_skill": 0.4997,
        "mission_priority": 0.8149,
        "estimated_landing_time": 100.0,
        "wait_time": 0,
        "Landing_success_rate": 0.8796
    },
    {
        "model": 0,
        "sequence": 27,
        "status": 1,
        "fuel": 7275,
        "fault": 0.1077,
        "weapon": 0,
        "pilot_injury": 0.925,
        "pilot_skill": 0.6232,
        "mission_priority": 0.3108,
        "estimated_landing_time": 2544.0,
        "wait_time": 0,
        "Landing_success_rate": 0.9688
    },
    {
        "model": 2,
        "sequence": 25,
        "status": 1,
        "fuel": 6110,
        "fault": 0.8795,
        "weapon": 1,
        "pilot_injury": 0.1528,
        "pilot_skill": 0.8235,
        "mission_priority": 0.1005,
        "estimated_landing_time": 2356.0,
        "wait_time": 0,
        "Landing_success_rate": 0.8555
    },
    {
        "model": 0,
        "sequence": 3,
        "status": 1,
        "fuel": 6381,
        "fault": 0.1242,
        "weapon": 1,
        "pilot_injury": 0.4662,
        "pilot_skill": 0.9509,
        "mission_priority": 0.2088,
        "estimated_landing_time": 288.0,
        "wait_time": 0,
        "Landing_success_rate": 0.9079
    },
    {
        "model": 1,
        "sequence": 17,
        "status": 1,
        "fuel": 6954,
        "fault": 0.4699,
        "weapon": 1,
        "pilot_injury": 0.0379,
        "pilot_skill": 0.5942,
        "mission_priority": 0.76,
        "estimated_landing_time": 1604.0,
        "wait_time": 0,
        "Landing_success_rate": 0.9078
    },
    {
        "model": 2,
        "sequence": 11,
        "status": 1,
        "fuel": 6734,
        "fault": 0.8092,
        "weapon": 1,
        "pilot_injury": 0.8636,
        "pilot_skill": 0.6294,
        "mission_priority": 0.7274,
        "estimated_landing_time": 1040.0,
        "wait_time": 0,
        "Landing_success_rate": 0.8677
    },
    {
        "model": 1,
        "sequence": 16,
        "status": 1,
        "fuel": 6638,
        "fault": 0.7063,
        "weapon": 1,
        "pilot_injury": 0.9231,
        "pilot_skill": 0.1231,
        "mission_priority": 0.2834,
        "estimated_landing_time": 1510.0,
        "wait_time": 0,
        "Landing_success_rate": 0.8751
    },
    {
        "model": 2,
        "sequence": 19,
        "status": 1,
        "fuel": 6745,
        "fault": 0.0477,
        "weapon": 0,
        "pilot_injury": 0.4059,
        "pilot_skill": 0.5392,
        "mission_priority": 0.3106,
        "estimated_landing_time": 1792.0,
        "wait_time": 0,
        "Landing_success_rate": 0.9389
    },
    {
        "model": 1,
        "sequence": 14,
        "status": 1,
        "fuel": 6962,
        "fault": 0.8993,
        "weapon": 0,
        "pilot_injury": 0.3957,
        "pilot_skill": 0.2078,
        "mission_priority": 0.1562,
        "estimated_landing_time": 1322.0,
        "wait_time": 0,
        "Landing_success_rate": 0.861
    },
    {
        "model": 0,
        "sequence": 29,
        "status": 1,
        "fuel": 6136,
        "fault": 0.9946,
        "weapon": 0,
        "pilot_injury": 0.0751,
        "pilot_skill": 0.9613,
        "mission_priority": 0.667,
        "estimated_landing_time": 2732.0,
        "wait_time": 0,
        "Landing_success_rate": 0.8503
    },
    {
        "model": 0,
        "sequence": 20,
        "status": 1,
        "fuel": 5662,
        "fault": 0.2757,
        "weapon": 1,
        "pilot_injury": 0.5788,
        "pilot_skill": 0.7792,
        "mission_priority": 0.4237,
        "estimated_landing_time": 1886.0,
        "wait_time": 0,
        "Landing_success_rate": 0.8588
    },
    {
        "model": 2,
        "sequence": 21,
        "status": 1,
        "fuel": 5885,
        "fault": 0.6143,
        "weapon": 0,
        "pilot_injury": 0.6913,
        "pilot_skill": 0.9573,
        "mission_priority": 0.8401,
        "estimated_landing_time": 1980.0,
        "wait_time": 0,
        "Landing_success_rate": 0.8611
    },
    {
        "model": 1,
        "sequence": 12,
        "status": 1,
        "fuel": 6575,
        "fault": 0.9084,
        "weapon": 0,
        "pilot_injury": 0.5499,
        "pilot_skill": 0.0553,
        "mission_priority": 0.5956,
        "estimated_landing_time": 1134.0,
        "wait_time": 0,
        "Landing_success_rate": 0.8574
    },
    {
        "model": 0,
        "sequence": 28,
        "status": 1,
        "fuel": 6477,
        "fault": 0.0535,
        "weapon": 1,
        "pilot_injury": 0.2205,
        "pilot_skill": 0.1872,
        "mission_priority": 0.9152,
        "estimated_landing_time": 2638.0,
        "wait_time": 0,
        "Landing_success_rate": 0.9194
    },
    {
        "model": 0,
        "sequence": 9,
        "status": 1,
        "fuel": 7267,
        "fault": 0.3167,
        "weapon": 1,
        "pilot_injury": 0.1597,
        "pilot_skill": 0.7533,
        "mission_priority": 0.2016,
        "estimated_landing_time": 852.0,
        "wait_time": 0,
        "Landing_success_rate": 0.9406
    },
    {
        "model": 0,
        "sequence": 22,
        "status": 1,
        "fuel": 5766,
        "fault": 0.3304,
        "weapon": 1,
        "pilot_injury": 0.3317,
        "pilot_skill": 0.6413,
        "mission_priority": 0.0336,
        "estimated_landing_time": 2074.0,
        "wait_time": 0,
        "Landing_success_rate": 0.8634
    },
    {
        "model": 2,
        "sequence": 4,
        "status": 1,
        "fuel": 5898,
        "fault": 0.4518,
        "weapon": 1,
        "pilot_injury": 0.3114,
        "pilot_skill": 0.9558,
        "mission_priority": 0.1432,
        "estimated_landing_time": 382.0,
        "wait_time": 0,
        "Landing_success_rate": 0.8664
    },
    {
        "model": 0,
        "sequence": 2,
        "status": 1,
        "fuel": 6550,
        "fault": 0.9183,
        "weapon": 0,
        "pilot_injury": 0.7638,
        "pilot_skill": 0.2132,
        "mission_priority": 0.8661,
        "estimated_landing_time": 194.0,
        "wait_time": 0,
        "Landing_success_rate": 0.8564
    },
    {
        "model": 1,
        "sequence": 30,
        "status": 1,
        "fuel": 5902,
        "fault": 0.4009,
        "weapon": 0,
        "pilot_injury": 0.628,
        "pilot_skill": 0.8066,
        "mission_priority": 0.8699,
        "estimated_landing_time": 2826.0,
        "wait_time": 0,
        "Landing_success_rate": 0.8681
    },
    {
        "model": 2,
        "sequence": 24,
        "status": 1,
        "fuel": 5860,
        "fault": 0.9033,
        "weapon": 1,
        "pilot_injury": 0.0266,
        "pilot_skill": 0.4964,
        "mission_priority": 0.2125,
        "estimated_landing_time": 2262.0,
        "wait_time": 0,
        "Landing_success_rate": 0.8526
    },
    {
        "model": 2,
        "sequence": 15,
        "status": 1,
        "fuel": 5665,
        "fault": 0.0607,
        "weapon": 0,
        "pilot_injury": 0.9971,
        "pilot_skill": 0.2129,
        "mission_priority": 0.8974,
        "estimated_landing_time": 1416.0,
        "wait_time": 0,
        "Landing_success_rate": 0.8616
    },
    {
        "model": 2,
        "sequence": 10,
        "status": 1,
        "fuel": 6186,
        "fault": 0.6578,
        "weapon": 1,
        "pilot_injury": 0.3923,
        "pilot_skill": 0.932,
        "mission_priority": 0.7818,
        "estimated_landing_time": 946.0,
        "wait_time": 0,
        "Landing_success_rate": 0.8676
    },
    {
        "model": 2,
        "sequence": 8,
        "status": 1,
        "fuel": 5908,
        "fault": 0.1444,
        "weapon": 1,
        "pilot_injury": 0.4905,
        "pilot_skill": 0.788,
        "mission_priority": 0.8468,
        "estimated_landing_time": 758.0,
        "wait_time": 0,
        "Landing_success_rate": 0.8762
    },
    {
        "model": 2,
        "sequence": 23,
        "status": 1,
        "fuel": 6885,
        "fault": 0.765,
        "weapon": 1,
        "pilot_injury": 0.1626,
        "pilot_skill": 0.1513,
        "mission_priority": 0.2134,
        "estimated_landing_time": 2168.0,
        "wait_time": 0,
        "Landing_success_rate": 0.8744
    },
    {
        "model": 2,
        "sequence": 5,
        "status": 1,
        "fuel": 5892,
        "fault": 0.5263,
        "weapon": 0,
        "pilot_injury": 0.4976,
        "pilot_skill": 0.0117,
        "mission_priority": 0.753,
        "estimated_landing_time": 476.0,
        "wait_time": 0,
        "Landing_success_rate": 0.8639
    },
    {
        "model": 0,
        "sequence": 26,
        "status": 1,
        "fuel": 6434,
        "fault": 0.4419,
        "weapon": 0,
        "pilot_injury": 0.1989,
        "pilot_skill": 0.377,
        "mission_priority": 0.5176,
        "estimated_landing_time": 2450.0,
        "wait_time": 0,
        "Landing_success_rate": 0.8891
    },
    {
        "model": 2,
        "sequence": 13,
        "status": 1,
        "fuel": 7102,
        "fault": 0.981,
        "weapon": 1,
        "pilot_injury": 0.4323,
        "pilot_skill": 0.0118,
        "mission_priority": 0.1327,
        "estimated_landing_time": 1228.0,
        "wait_time": 0,
        "Landing_success_rate": 0.8523
    }
]