[
    {
        "model": 0,
        "sequence": 22,
        "status": 1,
        "fuel": 6950,
        "fault": 0.2021,
        "weapon": 0,
        "pilot_injury": 0.0827,
        "pilot_skill": 0.7711,
        "mission_priority": 0.2125,
        "estimated_landing_time": 2074.0,
        "wait_time": 0,
        "Landing_success_rate": 0.9368
    },
    {
        "model": 1,
        "sequence": 5,
        "status": 1,
        "fuel": 6729,
        "fault": 0.7003,
        "weapon": 0,
        "pilot_injury": 0.2592,
        "pilot_skill": 0.0979,
        "mission_priority": 0.1405,
        "estimated_landing_time": 476.0,
        "wait_time": 0,
        "Landing_success_rate": 0.8776
    },
    {
        "model": 2,
        "sequence": 7,
        "status": 1,
        "fuel": 5896,
        "fault": 0.2502,
        "weapon": 1,
        "pilot_injury": 0.2368,
        "pilot_skill": 0.0225,
        "mission_priority": 0.7035,
        "estimated_landing_time": 664.0,
        "wait_time": 0,
        "Landing_success_rate": 0.8723
    },
    {
        "model": 1,
        "sequence": 1,
        "status": 1,
        "fuel": 6611,
        "fault": 0.0076,
        "weapon": 1,
        "pilot_injury": 0.8622,
        "pilot_skill": 0.2857,
        "mission_priority": 0.5357,
        "estimated_landing_time": 100.0,
        "wait_time": 0,
        "Landing_success_rate": 0.9327
    },
    {
        "model": 2,
        "sequence": 30,
        "status": 1,
        "fuel": 7299,
        "fault": 0.0343,
        "weapon": 1,
        "pilot_injury": 0.251,
        "pilot_skill": 0.8607,
        "mission_priority": 0.0741,
        "estimated_landing_time": 2826.0,
        "wait_time": 0,
        "Landing_success_rate": 0.9803
    },
    {
        "model": 1,
        "sequence": 19,
        "status": 1,
        "fuel": 5910,
        "fault": 0.082,
        "weapon": 1,
        "pilot_injury": 0.7102,
        "pilot_skill": 0.3742,
        "mission_priority": 0.9508,
        "estimated_landing_time": 1792.0,
        "wait_time": 0,
        "Landing_success_rate": 0.8782
    },
    {
        "model": 0,
        "sequence": 18,
        "status": 1,
        "fuel": 6246,
        "fault": 0.8122,
        "weapon": 1,
        "pilot_injury": 0.7181,
        "pilot_skill": 0.6123,
        "mission_priority": 0.4856,
        "estimated_landing_time": 1698.0,
        "wait_time": 0,
        "Landing_success_rate": 0.8605
    },
    {
        "model": 1,
        "sequence": 27,
        "status": 1,
        "fuel": 6998,
        "fault": 0.5001,
        "weapon": 1,
        "pilot_injury": 0.3331,
        "pilot_skill": 0.5149,
        "mission_priority": 0.8009,
        "estimated_landing_time": 2544.0,
        "wait_time": 0,
        "Landing_success_rate": 0.9062
    },
    {
        "model": 1,
        "sequence": 12,
        "status": 1,
        "fuel": 6808,
        "fault": 0.1984,
        "weapon": 0,
        "pilot_injury": 0.5657,
        "pilot_skill": 0.843,
        "mission_priority": 0.4003,
        "estimated_landing_time": 1134.0,
        "wait_time": 0,
        "Landing_success_rate": 0.9286
    },
    {
        "model": 1,
        "sequence": 10,
        "status": 1,
        "fuel": 5631,
        "fault": 0.4204,
        "weapon": 1,
        "pilot_injury": 0.0941,
        "pilot_skill": 0.2134,
        "mission_priority": 0.6856,
        "estimated_landing_time": 946.0,
        "wait_time": 0,
        "Landing_success_rate": 0.8557
    },
    {
        "model": 1,
        "sequence": 21,
        "status": 1,
        "fuel": 6512,
        "fault": 0.0561,
        "weapon": 0,
        "pilot_injury": 0.8987,
        "pilot_skill": 0.2655,
        "mission_priority": 0.1053,
        "estimated_landing_time": 1980.0,
        "wait_time": 0,
        "Landing_success_rate": 0.9216
    },
    {
        "model": 2,
        "sequence": 29,
        "status": 1,
        "fuel": 6178,
        "fault": 0.76,
        "weapon": 1,
        "pilot_injury": 0.1078,
        "pilot_skill": 0.0992,
        "mission_priority": 0.2447,
        "estimated_landing_time": 2732.0,
        "wait_time": 0,
        "Landing_success_rate": 0.8622
    },
    {
        "model": 2,
        "sequence": 6,
        "status": 1,
        "fuel": 6854,
        "fault": 0.6791,
        "weapon": 1,
        "pilot_injury": 0.7367,
        "pilot_skill": 0.4048,
        "mission_priority": 0.079,
        "estimated_landing_time": 570.0,
        "wait_time": 0,
        "Landing_success_rate": 0.8826
    },
    {
        "model": 1,
        "sequence": 14,
        "status": 1,
        "fuel": 5638,
        "fault": 0.2489,
        "weapon": 0,
        "pilot_injury": 0.6313,
        "pilot_skill": 0.4935,
        "mission_priority": 0.0831,
        "estimated_landing_time": 1322.0,
        "wait_time": 0,
        "Landing_success_rate": 0.8578
    },
    {
        "model": 2,
        "sequence": 17,
        "status": 1,
        "fuel": 6795,
        "fault": 0.1745,
        "weapon": 1,
        "pilot_injury": 0.0413,
        "pilot_skill": 0.3433,
        "mission_priority": 0.0329,
        "estimated_landing_time": 1604.0,
        "wait_time": 0,
        "Landing_success_rate": 0.9302
    },
    {
        "model": 1,
        "sequence": 15,
        "status": 1,
        "fuel": 6463,
        "fault": 0.4594,
        "weapon": 0,
        "pilot_injury": 0.9573,
        "pilot_skill": 0.8434,
        "mission_priority": 0.2712,
        "estimated_landing_time": 1416.0,
        "wait_time": 0,
        "Landing_success_rate": 0.889
    },
    {
        "model": 0,
        "sequence": 13,
        "status": 1,
        "fuel": 5865,
        "fault": 0.1875,
        "weapon": 1,
        "pilot_injury": 0.685,
        "pilot_skill": 0.7364,
        "mission_priority": 0.8496,
        "estimated_landing_time": 1228.0,
        "wait_time": 0,
        "Landing_success_rate": 0.8722
    },
    {
        "model": 1,
        "sequence": 26,
        "status": 1,
        "fuel": 5718,
        "fault": 0.7592,
        "weapon": 1,
        "pilot_injury": 0.1776,
        "pilot_skill": 0.9434,
        "mission_priority": 0.1324,
        "estimated_landing_time": 2450.0,
        "wait_time": 0,
        "Landing_success_rate": 0.8539
    },
    {
        "model": 1,
        "sequence": 9,
        "status": 1,
        "fuel": 5729,
        "fault": 0.7352,
        "weapon": 0,
        "pilot_injury": 0.1107,
        "pilot_skill": 0.5268,
        "mission_priority": 0.3794,
        "estimated_landing_time": 852.0,
        "wait_time": 0,
        "Landing_success_rate": 0.8545
    },
    {
        "model": 1,
        "sequence": 3,
        "status": 1,
        "fuel": 6806,
        "fault": 0.6734,
        "weapon": 1,
        "pilot_injury": 0.5556,
        "pilot_skill": 0.8206,
        "mission_priority": 0.5275,
        "estimated_landing_time": 288.0,
        "wait_time": 0,
        "Landing_success_rate": 0.882
    },
    {
        "model": 0,
        "sequence": 4,
        "status": 1,
        "fuel": 6170,
        "fault": 0.0127,
        "weapon": 1,
        "pilot_injury": 0.5594,
        "pilot_skill": 0.0991,
        "mission_priority": 0.1049,
        "estimated_landing_time": 382.0,
        "wait_time": 0,
        "Landing_success_rate": 0.8996
    },
    {
        "model": 0,
        "sequence": 2,
        "status": 1,
        "fuel": 7223,
        "fault": 0.2615,
        "weapon": 0,
        "pilot_injury": 0.7465,
        "pilot_skill": 0.4565,
        "mission_priority": 0.6214,
        "estimated_landing_time": 194.0,
        "wait_time": 0,
        "Landing_success_rate": 0.9454
    },
    {
        "model": 0,
        "sequence": 25,
        "status": 1,
        "fuel": 6777,
        "fault": 0.737,
        "weapon": 0,
        "pilot_injury": 0.2639,
        "pilot_skill": 0.4561,
        "mission_priority": 0.5311,
        "estimated_landing_time": 2356.0,
        "wait_time": 0,
        "Landing_success_rate": 0.8752
    },
    {
        "model": 2,
        "sequence": 23,
        "status": 1,
        "fuel": 5808,
        "fault": 0.2557,
        "weapon": 0,
        "pilot_injury": 0.2903,
        "pilot_skill": 0.5192,
        "mission_priority": 0.1257,
        "estimated_landing_time": 2168.0,
        "wait_time": 0,
        "Landing_success_rate": 0.8672
    },
    {
        "model": 0,
        "sequence": 8,
        "status": 1,
        "fuel": 6751,
        "fault": 0.6952,
        "weapon": 1,
        "pilot_injury": 0.8056,
        "pilot_skill": 0.1304,
        "mission_priority": 0.8798,
        "estimated_landing_time": 758.0,
        "wait_time": 0,
        "Landing_success_rate": 0.8786
    },
    {
        "model": 0,
        "sequence": 16,
        "status": 1,
        "fuel": 5998,
        "fault": 0.3987,
        "weapon": 0,
        "pilot_injury": 0.7634,
        "pilot_skill": 0.3022,
        "mission_priority": 0.8575,
        "estimated_landing_time": 1510.0,
        "wait_time": 0,
        "Landing_success_rate": 0.8725
    },
    {
        "model": 0,
        "sequence": 20,
        "status": 1,
        "fuel": 6161,
        "fault": 0.516,
        "weapon": 1,
        "pilot_injury": 0.0559,
        "pilot_skill": 0.701,
        "mission_priority": 0.2626,
        "estimated_landing_time": 1886.0,
        "wait_time": 0,
        "Landing_success_rate": 0.874
    },
    {
        "model": 0,
        "sequence": 24,
        "status": 1,
        "fuel": 7359,
        "fault": 0.7607,
        "weapon": 1,
        "pilot_injury": 0.1705,
        "pilot_skill": 0.167,
        "mission_priority": 0.7451,
        "estimated_landing_time": 2262.0,
        "wait_time": 0,
        "Landing_success_rate": 0.8834
    },
    {
        "model": 2,
        "sequence": 11,
        "status": 1,
        "fuel": 7287,
        "fault": 0.6428,
        "weapon": 1,
        "pilot_injury": 0.0616,
        "pilot_skill": 0.0261,
        "mission_priority": 0.9075,
        "estimated_landing_time": 1040.0,
        "wait_time": 0,
        "Landing_success_rate": 0.8979
    },
    {
        "model": 2,
        "sequence": 28,
        "status": 1,
        "fuel": 5653,
        "fault": 0.216,
        "weapon": 0,
        "pilot_injury": 0.5123,
        "pilot_skill": 0.2439,
        "mission_priority": 0.4994,
        "estimated_landing_time": 2638.0,
        "wait_time": 0,
        "Landing_success_rate": 0.859
    }
]