[
    {
        "model": 2,
        "sequence": 7,
        "status": 1,
        "fuel": 5543,
        "fault": 0.7041,
        "weapon": 1,
        "pilot_injury": 0.8256,
        "pilot_skill": 0.564,
        "mission_priority": 0.7639,
        "estimated_landing_time": 664.0,
        "wait_time": 0,
        "Landing_success_rate": 0.851
    },
    {
        "model": 1,
        "sequence": 10,
        "status": 1,
        "fuel": 6072,
        "fault": 0.3864,
        "weapon": 1,
        "pilot_injury": 0.3673,
        "pilot_skill": 0.8557,
        "mission_priority": 0.2296,
        "estimated_landing_time": 946.0,
        "wait_time": 0,
        "Landing_success_rate": 0.8763
    },
    {
        "model": 0,
        "sequence": 17,
        "status": 1,
        "fuel": 6948,
        "fault": 0.901,
        "weapon": 0,
        "pilot_injury": 0.5822,
        "pilot_skill": 0.8923,
        "mission_priority": 0.5643,
        "estimated_landing_time": 1604.0,
        "wait_time": 0,
        "Landing_success_rate": 0.8608
    },
    {
        "model": 2,
        "sequence": 3,
        "status": 1,
        "fuel": 5546,
        "fault": 0.0068,
        "weapon": 1,
        "pilot_injury": 0.6711,
        "pilot_skill": 0.7585,
        "mission_priority": 0.3473,
        "estimated_landing_time": 288.0,
        "wait_time": 0,
        "Landing_success_rate": 0.8534
    },
    {
        "model": 2,
        "sequence": 29,
        "status": 1,
        "fuel": 6211,
        "fault": 0.9281,
        "weapon": 0,
        "pilot_injury": 0.6496,
        "pilot_skill": 0.7767,
        "mission_priority": 0.5109,
        "estimated_landing_time": 2732.0,
        "wait_time": 0,
        "Landing_success_rate": 0.8538
    },
    {
        "model": 0,
        "sequence": 28,
        "status": 1,
        "fuel": 6018,
        "fault": 0.4531,
        "weapon": 0,
        "pilot_injury": 0.645,
        "pilot_skill": 0.3307,
        "mission_priority": 0.5991,
        "estimated_landing_time": 2638.0,
        "wait_time": 0,
        "Landing_success_rate": 0.8712
    },
    {
        "model": 1,
        "sequence": 1,
        "status": 1,
        "fuel": 6941,
        "fault": 0.816,
        "weapon": 1,
        "pilot_injury": 0.0683,
        "pilot_skill": 0.874,
        "mission_priority": 0.2736,
        "estimated_landing_time": 100.0,
        "wait_time": 0,
        "Landing_success_rate": 0.8699
    },
    {
        "model": 0,
        "sequence": 6,
        "status": 1,
        "fuel": 6363,
        "fault": 0.2403,
        "weapon": 1,
        "pilot_injury": 0.4269,
        "pilot_skill": 0.6282,
        "mission_priority": 0.2775,
        "estimated_landing_time": 570.0,
        "wait_time": 0,
        "Landing_success_rate": 0.8992
    },
    {
        "model": 0,
        "sequence": 2,
        "status": 1,
        "fuel": 6795,
        "fault": 0.2989,
        "weapon": 0,
        "pilot_injury": 0.4247,
        "pilot_skill": 0.9699,
        "mission_priority": 0.5975,
        "estimated_landing_time": 194.0,
        "wait_time": 0,
        "Landing_success_rate": 0.9181
    },
    {
        "model": 0,
        "sequence": 20,
        "status": 1,
        "fuel": 6797,
        "fault": 0.8568,
        "weapon": 1,
        "pilot_injury": 0.7237,
        "pilot_skill": 0.0563,
        "mission_priority": 0.6131,
        "estimated_landing_time": 1886.0,
        "wait_time": 0,
        "Landing_success_rate": 0.8639
    },
    {
        "model": 1,
        "sequence": 21,
        "status": 1,
        "fuel": 5612,
        "fault": 0.6023,
        "weapon": 1,
        "pilot_injury": 0.2151,
        "pilot_skill": 0.4437,
        "mission_priority": 0.8411,
        "estimated_landing_time": 1980.0,
        "wait_time": 0,
        "Landing_success_rate": 0.8533
    },
    {
        "model": 1,
        "sequence": 19,
        "status": 1,
        "fuel": 7314,
        "fault": 0.4452,
        "weapon": 1,
        "pilot_injury": 0.6938,
        "pilot_skill": 0.8342,
        "mission_priority": 0.1519,
        "estimated_landing_time": 1792.0,
        "wait_time": 0,
        "Landing_success_rate": 0.9255
    },
    {
        "model": 1,
        "sequence": 30,
        "status": 1,
        "fuel": 7169,
        "fault": 0.3853,
        "weapon": 0,
        "pilot_injury": 0.4775,
        "pilot_skill": 0.4029,
        "mission_priority": 0.9326,
        "estimated_landing_time": 2826.0,
        "wait_time": 0,
        "Landing_success_rate": 0.9269
    },
    {
        "model": 0,
        "sequence": 23,
        "status": 1,
        "fuel": 7294,
        "fault": 0.6746,
        "weapon": 0,
        "pilot_injury": 0.6418,
        "pilot_skill": 0.0315,
        "mission_priority": 0.1539,
        "estimated_landing_time": 2168.0,
        "wait_time": 0,
        "Landing_success_rate": 0.8938
    },
    {
        "model": 1,
        "sequence": 26,
        "status": 1,
        "fuel": 6408,
        "fault": 0.1302,
        "weapon": 0,
        "pilot_injury": 0.198,
        "pilot_skill": 0.0119,
        "mission_priority": 0.2629,
        "estimated_landing_time": 2450.0,
        "wait_time": 0,
        "Landing_success_rate": 0.9092
    },
    {
        "model": 0,
        "sequence": 24,
        "status": 1,
        "fuel": 5874,
        "fault": 0.629,
        "weapon": 1,
        "pilot_injury": 0.8828,
        "pilot_skill": 0.8423,
        "mission_priority": 0.0946,
        "estimated_landing_time": 2262.0,
        "wait_time": 0,
        "Landing_success_rate": 0.8604
    },
    {
        "model": 0,
        "sequence": 22,
        "status": 1,
        "fuel": 6545,
        "fault": 0.895,
        "weapon": 0,
        "pilot_injury": 0.2584,
        "pilot_skill": 0.0729,
        "mission_priority": 0.9816,
        "estimated_landing_time": 2074.0,
        "wait_time": 0,
        "Landing_success_rate": 0.8582
    },
    {
        "model": 1,
        "sequence": 12,
        "status": 1,
        "fuel": 7379,
        "fault": 0.0168,
        "weapon": 0,
        "pilot_injury": 0.1437,
        "pilot_skill": 0.2623,
        "mission_priority": 0.775,
        "estimated_landing_time": 1134.0,
        "wait_time": 0,
        "Landing_success_rate": 0.9886
    },
    {
        "model": 1,
        "sequence": 9,
        "status": 1,
        "fuel": 7499,
        "fault": 0.6183,
        "weapon": 1,
        "pilot_injury": 0.9122,
        "pilot_skill": 0.0363,
        "mission_priority": 0.1613,
        "estimated_landing_time": 852.0,
        "wait_time": 0,
        "Landing_success_rate": 0.9072
    },
    {
        "model": 0,
        "sequence": 8,
        "status": 1,
        "fuel": 6026,
        "fault": 0.4929,
        "weapon": 0,
        "pilot_injury": 0.6183,
        "pilot_skill": 0.2097,
        "mission_priority": 0.4826,
        "estimated_landing_time": 758.0,
        "wait_time": 0,
        "Landing_success_rate": 0.87
    },
    {
        "model": 2,
        "sequence": 27,
        "status": 1,
        "fuel": 7382,
        "fault": 0.6507,
        "weapon": 0,
        "pilot_injury": 0.2901,
        "pilot_skill": 0.4142,
        "mission_priority": 0.3398,
        "estimated_landing_time": 2544.0,
        "wait_time": 0,
        "Landing_success_rate": 0.8993
    },
    {
        "model": 1,
        "sequence": 25,
        "status": 1,
        "fuel": 6469,
        "fault": 0.5292,
        "weapon": 1,
        "pilot_injury": 0.0617,
        "pilot_skill": 0.6194,
        "mission_priority": 0.1977,
        "estimated_landing_time": 2356.0,
        "wait_time": 0,
        "Landing_success_rate": 0.8842
    },
    {
        "model": 1,
        "sequence": 14,
        "status": 1,
        "fuel": 6538,
        "fault": 0.1261,
        "weapon": 1,
        "pilot_injury": 0.0724,
        "pilot_skill": 0.9509,
        "mission_priority": 0.5471,
        "estimated_landing_time": 1322.0,
        "wait_time": 0,
        "Landing_success_rate": 0.918
    },
    {
        "model": 0,
        "sequence": 5,
        "status": 1,
        "fuel": 7010,
        "fault": 0.997,
        "weapon": 0,
        "pilot_injury": 0.4516,
        "pilot_skill": 0.3449,
        "mission_priority": 0.4725,
        "estimated_landing_time": 476.0,
        "wait_time": 0,
        "Landing_success_rate": 0.8503
    },
    {
        "model": 2,
        "sequence": 11,
        "status": 1,
        "fuel": 6555,
        "fault": 0.6997,
        "weapon": 0,
        "pilot_injury": 0.5379,
        "pilot_skill": 0.813,
        "mission_priority": 0.2225,
        "estimated_landing_time": 1040.0,
        "wait_time": 0,
        "Landing_success_rate": 0.8738
    },
    {
        "model": 2,
        "sequence": 15,
        "status": 1,
        "fuel": 6148,
        "fault": 0.5603,
        "weapon": 1,
        "pilot_injury": 0.8005,
        "pilot_skill": 0.593,
        "mission_priority": 0.7491,
        "estimated_landing_time": 1416.0,
        "wait_time": 0,
        "Landing_success_rate": 0.8714
    },
    {
        "model": 0,
        "sequence": 18,
        "status": 1,
        "fuel": 6400,
        "fault": 0.8935,
        "weapon": 0,
        "pilot_injury": 0.1692,
        "pilot_skill": 0.7196,
        "mission_priority": 0.006,
        "estimated_landing_time": 1698.0,
        "wait_time": 0,
        "Landing_success_rate": 0.8572
    },
    {
        "model": 0,
        "sequence": 16,
        "status": 1,
        "fuel": 6759,
        "fault": 0.0076,
        "weapon": 0,
        "pilot_injury": 0.7593,
        "pilot_skill": 0.0394,
        "mission_priority": 0.3339,
        "estimated_landing_time": 1510.0,
        "wait_time": 0,
        "Landing_success_rate": 0.9437
    },
    {
        "model": 2,
        "sequence": 4,
        "status": 1,
        "fuel": 6913,
        "fault": 0.0576,
        "weapon": 1,
        "pilot_injury": 0.4539,
        "pilot_skill": 0.4425,
        "mission_priority": 0.8239,
        "estimated_landing_time": 382.0,
        "wait_time": 0,
        "Landing_success_rate": 0.9499
    },
    {
        "model": 2,
        "sequence": 13,
        "status": 1,
        "fuel": 6123,
        "fault": 0.7686,
        "weapon": 0,
        "pilot_injury": 0.9387,
        "pilot_skill": 0.3132,
        "mission_priority": 0.6484,
        "estimated_landing_time": 1228.0,
        "wait_time": 0,
        "Landing_success_rate": 0.8608
    }
]