[
    {
        "model": 0,
        "sequence": 11,
        "status": 1,
        "fuel": 5685,
        "fault": 0.5689,
        "weapon": 1,
        "pilot_injury": 0.4345,
        "pilot_skill": 0.001,
        "mission_priority": 0.8667,
        "estimated_landing_time": 1040.0,
        "wait_time": 0,
        "Landing_success_rate": 0.856
    },
    {
        "model": 1,
        "sequence": 26,
        "status": 1,
        "fuel": 5714,
        "fault": 0.3293,
        "weapon": 0,
        "pilot_injury": 0.5072,
        "pilot_skill": 0.994,
        "mission_priority": 0.5413,
        "estimated_landing_time": 2450.0,
        "wait_time": 0,
        "Landing_success_rate": 0.8608
    },
    {
        "model": 1,
        "sequence": 6,
        "status": 1,
        "fuel": 7078,
        "fault": 0.4722,
        "weapon": 1,
        "pilot_injury": 0.7967,
        "pilot_skill": 0.8064,
        "mission_priority": 0.71,
        "estimated_landing_time": 570.0,
        "wait_time": 0,
        "Landing_success_rate": 0.9125
    },
    {
        "model": 0,
        "sequence": 16,
        "status": 1,
        "fuel": 6252,
        "fault": 0.2888,
        "weapon": 1,
        "pilot_injury": 0.5757,
        "pilot_skill": 0.352,
        "mission_priority": 0.1053,
        "estimated_landing_time": 1510.0,
        "wait_time": 0,
        "Landing_success_rate": 0.8901
    },
    {
        "model": 2,
        "sequence": 7,
        "status": 1,
        "fuel": 6332,
        "fault": 0.7177,
        "weapon": 0,
        "pilot_injury": 0.745,
        "pilot_skill": 0.4795,
        "mission_priority": 0.5517,
        "estimated_landing_time": 664.0,
        "wait_time": 0,
        "Landing_success_rate": 0.8676
    },
    {
        "model": 1,
        "sequence": 19,
        "status": 1,
        "fuel": 6647,
        "fault": 0.2469,
        "weapon": 0,
        "pilot_injury": 0.4969,
        "pilot_skill": 0.7907,
        "mission_priority": 0.8026,
        "estimated_landing_time": 1792.0,
        "wait_time": 0,
        "Landing_success_rate": 0.9148
    },
    {
        "model": 2,
        "sequence": 3,
        "status": 1,
        "fuel": 6602,
        "fault": 0.7025,
        "weapon": 1,
        "pilot_injury": 0.2417,
        "pilot_skill": 0.7155,
        "mission_priority": 0.0852,
        "estimated_landing_time": 288.0,
        "wait_time": 0,
        "Landing_success_rate": 0.8746
    },
    {
        "model": 2,
        "sequence": 9,
        "status": 1,
        "fuel": 6898,
        "fault": 0.3239,
        "weapon": 1,
        "pilot_injury": 0.1128,
        "pilot_skill": 0.4712,
        "mission_priority": 0.2498,
        "estimated_landing_time": 852.0,
        "wait_time": 0,
        "Landing_success_rate": 0.9209
    },
    {
        "model": 0,
        "sequence": 5,
        "status": 1,
        "fuel": 6297,
        "fault": 0.1755,
        "weapon": 1,
        "pilot_injury": 0.1933,
        "pilot_skill": 0.6449,
        "mission_priority": 0.7293,
        "estimated_landing_time": 476.0,
        "wait_time": 0,
        "Landing_success_rate": 0.8993
    },
    {
        "model": 0,
        "sequence": 22,
        "status": 1,
        "fuel": 6233,
        "fault": 0.2044,
        "weapon": 0,
        "pilot_injury": 0.3716,
        "pilot_skill": 0.5416,
        "mission_priority": 0.2462,
        "estimated_landing_time": 2074.0,
        "wait_time": 0,
        "Landing_success_rate": 0.8937
    },
    {
        "model": 0,
        "sequence": 23,
        "status": 1,
        "fuel": 7161,
        "fault": 0.6745,
        "weapon": 1,
        "pilot_injury": 0.1607,
        "pilot_skill": 0.7343,
        "mission_priority": 0.7304,
        "estimated_landing_time": 2168.0,
        "wait_time": 0,
        "Landing_success_rate": 0.8905
    },
    {
        "model": 0,
        "sequence": 27,
        "status": 1,
        "fuel": 5918,
        "fault": 0.7079,
        "weapon": 1,
        "pilot_injury": 0.0929,
        "pilot_skill": 0.7148,
        "mission_priority": 0.0183,
        "estimated_landing_time": 2544.0,
        "wait_time": 0,
        "Landing_success_rate": 0.8592
    },
    {
        "model": 0,
        "sequence": 14,
        "status": 1,
        "fuel": 6434,
        "fault": 0.4985,
        "weapon": 1,
        "pilot_injury": 0.6649,
        "pilot_skill": 0.214,
        "mission_priority": 0.4067,
        "estimated_landing_time": 1322.0,
        "wait_time": 0,
        "Landing_success_rate": 0.8851
    },
    {
        "model": 2,
        "sequence": 18,
        "status": 1,
        "fuel": 6993,
        "fault": 0.8536,
        "weapon": 0,
        "pilot_injury": 0.7541,
        "pilot_skill": 0.1644,
        "mission_priority": 0.4438,
        "estimated_landing_time": 1698.0,
        "wait_time": 0,
        "Landing_success_rate": 0.8664
    },
    {
        "model": 2,
        "sequence": 29,
        "status": 1,
        "fuel": 5574,
        "fault": 0.8615,
        "weapon": 0,
        "pilot_injury": 0.085,
        "pilot_skill": 0.5695,
        "mission_priority": 0.8351,
        "estimated_landing_time": 2732.0,
        "wait_time": 0,
        "Landing_success_rate": 0.8508
    },
    {
        "model": 2,
        "sequence": 4,
        "status": 1,
        "fuel": 6854,
        "fault": 0.4685,
        "weapon": 1,
        "pilot_injury": 0.5908,
        "pilot_skill": 0.4564,
        "mission_priority": 0.1473,
        "estimated_landing_time": 382.0,
        "wait_time": 0,
        "Landing_success_rate": 0.904
    },
    {
        "model": 0,
        "sequence": 10,
        "status": 1,
        "fuel": 6817,
        "fault": 0.4814,
        "weapon": 0,
        "pilot_injury": 0.2941,
        "pilot_skill": 0.5216,
        "mission_priority": 0.4208,
        "estimated_landing_time": 946.0,
        "wait_time": 0,
        "Landing_success_rate": 0.9012
    },
    {
        "model": 0,
        "sequence": 30,
        "status": 1,
        "fuel": 7136,
        "fault": 0.5587,
        "weapon": 0,
        "pilot_injury": 0.0491,
        "pilot_skill": 0.4624,
        "mission_priority": 0.2156,
        "estimated_landing_time": 2826.0,
        "wait_time": 0,
        "Landing_success_rate": 0.9041
    },
    {
        "model": 1,
        "sequence": 8,
        "status": 1,
        "fuel": 6981,
        "fault": 0.6253,
        "weapon": 1,
        "pilot_injury": 0.8842,
        "pilot_skill": 0.6703,
        "mission_priority": 0.1353,
        "estimated_landing_time": 758.0,
        "wait_time": 0,
        "Landing_success_rate": 0.8916
    },
    {
        "model": 1,
        "sequence": 12,
        "status": 1,
        "fuel": 6525,
        "fault": 0.5226,
        "weapon": 0,
        "pilot_injury": 0.7436,
        "pilot_skill": 0.5085,
        "mission_priority": 0.7302,
        "estimated_landing_time": 1134.0,
        "wait_time": 0,
        "Landing_success_rate": 0.8867
    },
    {
        "model": 2,
        "sequence": 13,
        "status": 1,
        "fuel": 6414,
        "fault": 0.9917,
        "weapon": 1,
        "pilot_injury": 0.5101,
        "pilot_skill": 0.0607,
        "mission_priority": 0.4522,
        "estimated_landing_time": 1228.0,
        "wait_time": 0,
        "Landing_success_rate": 0.8506
    },
    {
        "model": 2,
        "sequence": 20,
        "status": 1,
        "fuel": 6300,
        "fault": 0.6802,
        "weapon": 0,
        "pilot_injury": 0.6315,
        "pilot_skill": 0.1513,
        "mission_priority": 0.1832,
        "estimated_landing_time": 1886.0,
        "wait_time": 0,
        "Landing_success_rate": 0.8692
    },
    {
        "model": 0,
        "sequence": 1,
        "status": 1,
        "fuel": 6579,
        "fault": 0.0152,
        "weapon": 1,
        "pilot_injury": 0.3734,
        "pilot_skill": 0.9945,
        "mission_priority": 0.6915,
        "estimated_landing_time": 100.0,
        "wait_time": 0,
        "Landing_success_rate": 0.9297
    },
    {
        "model": 1,
        "sequence": 2,
        "status": 1,
        "fuel": 5751,
        "fault": 0.1747,
        "weapon": 0,
        "pilot_injury": 0.6236,
        "pilot_skill": 0.7495,
        "mission_priority": 0.7973,
        "estimated_landing_time": 194.0,
        "wait_time": 0,
        "Landing_success_rate": 0.8655
    },
    {
        "model": 2,
        "sequence": 21,
        "status": 1,
        "fuel": 5975,
        "fault": 0.4206,
        "weapon": 0,
        "pilot_injury": 0.7461,
        "pilot_skill": 0.0385,
        "mission_priority": 0.7513,
        "estimated_landing_time": 1980.0,
        "wait_time": 0,
        "Landing_success_rate": 0.8706
    },
    {
        "model": 0,
        "sequence": 25,
        "status": 1,
        "fuel": 5728,
        "fault": 0.3374,
        "weapon": 0,
        "pilot_injury": 0.7771,
        "pilot_skill": 0.2766,
        "mission_priority": 0.7152,
        "estimated_landing_time": 2356.0,
        "wait_time": 0,
        "Landing_success_rate": 0.8613
    },
    {
        "model": 1,
        "sequence": 17,
        "status": 1,
        "fuel": 5637,
        "fault": 0.8865,
        "weapon": 1,
        "pilot_injury": 0.1899,
        "pilot_skill": 0.0777,
        "mission_priority": 0.5882,
        "estimated_landing_time": 1604.0,
        "wait_time": 0,
        "Landing_success_rate": 0.8512
    },
    {
        "model": 1,
        "sequence": 24,
        "status": 1,
        "fuel": 6312,
        "fault": 0.2198,
        "weapon": 1,
        "pilot_injury": 0.1583,
        "pilot_skill": 0.6071,
        "mission_priority": 0.6972,
        "estimated_landing_time": 2262.0,
        "wait_time": 0,
        "Landing_success_rate": 0.8975
    },
    {
        "model": 1,
        "sequence": 28,
        "status": 1,
        "fuel": 7435,
        "fault": 0.6016,
        "weapon": 0,
        "pilot_injury": 0.7267,
        "pilot_skill": 0.7695,
        "mission_priority": 0.0563,
        "estimated_landing_time": 2638.0,
        "wait_time": 0,
        "Landing_success_rate": 0.9078
    },
    {
        "model": 2,
        "sequence": 15,
        "status": 1,
        "fuel": 5641,
        "fault": 0.5446,
        "weapon": 0,
        "pilot_injury": 0.2289,
        "pilot_skill": 0.832,
        "mission_priority": 0.4083,
        "estimated_landing_time": 1416.0,
        "wait_time": 0,
        "Landing_success_rate": 0.8548
    }
]