[
    {
        "model": 1,
        "sequence": 26,
        "status": 1,
        "fuel": 7455,
        "fault": 0.1194,
        "weapon": 1,
        "pilot_injury": 0.7356,
        "pilot_skill": 0.6238,
        "mission_priority": 0.5213,
        "estimated_landing_time": 2450.0,
        "wait_time": 0,
        "Landing_success_rate": 0.9791
    },
    {
        "model": 1,
        "sequence": 6,
        "status": 1,
        "fuel": 6467,
        "fault": 0.0319,
        "weapon": 0,
        "pilot_injury": 0.2054,
        "pilot_skill": 0.1402,
        "mission_priority": 0.2755,
        "estimated_landing_time": 570.0,
        "wait_time": 0,
        "Landing_success_rate": 0.9202
    },
    {
        "model": 2,
        "sequence": 21,
        "status": 1,
        "fuel": 6362,
        "fault": 0.7891,
        "weapon": 0,
        "pilot_injury": 0.4369,
        "pilot_skill": 0.1451,
        "mission_priority": 0.7783,
        "estimated_landing_time": 1980.0,
        "wait_time": 0,
        "Landing_success_rate": 0.8636
    },
    {
        "model": 2,
        "sequence": 12,
        "status": 1,
        "fuel": 6227,
        "fault": 0.6985,
        "weapon": 0,
        "pilot_injury": 0.0368,
        "pilot_skill": 0.8923,
        "mission_priority": 0.518,
        "estimated_landing_time": 1134.0,
        "wait_time": 0,
        "Landing_success_rate": 0.8664
    },
    {
        "model": 1,
        "sequence": 7,
        "status": 1,
        "fuel": 7360,
        "fault": 0.0002,
        "weapon": 0,
        "pilot_injury": 0.8117,
        "pilot_skill": 0.22,
        "mission_priority": 0.3711,
        "estimated_landing_time": 664.0,
        "wait_time": 0,
        "Landing_success_rate": 0.9895
    },
    {
        "model": 0,
        "sequence": 23,
        "status": 1,
        "fuel": 6525,
        "fault": 0.7925,
        "weapon": 0,
        "pilot_injury": 0.7864,
        "pilot_skill": 0.0499,
        "mission_priority": 0.7362,
        "estimated_landing_time": 2168.0,
        "wait_time": 0,
        "Landing_success_rate": 0.866
    },
    {
        "model": 0,
        "sequence": 15,
        "status": 1,
        "fuel": 6098,
        "fault": 0.7759,
        "weapon": 0,
        "pilot_injury": 0.4528,
        "pilot_skill": 0.3274,
        "mission_priority": 0.1044,
        "estimated_landing_time": 1416.0,
        "wait_time": 0,
        "Landing_success_rate": 0.8601
    },
    {
        "model": 0,
        "sequence": 2,
        "status": 1,
        "fuel": 6563,
        "fault": 0.1856,
        "weapon": 0,
        "pilot_injury": 0.8747,
        "pilot_skill": 0.5605,
        "mission_priority": 0.2066,
        "estimated_landing_time": 194.0,
        "wait_time": 0,
        "Landing_success_rate": 0.9149
    },
    {
        "model": 2,
        "sequence": 13,
        "status": 1,
        "fuel": 6427,
        "fault": 0.7108,
        "weapon": 1,
        "pilot_injury": 0.3919,
        "pilot_skill": 0.5219,
        "mission_priority": 0.7775,
        "estimated_landing_time": 1228.0,
        "wait_time": 0,
        "Landing_success_rate": 0.8701
    },
    {
        "model": 2,
        "sequence": 28,
        "status": 1,
        "fuel": 7325,
        "fault": 0.4464,
        "weapon": 0,
        "pilot_injury": 0.986,
        "pilot_skill": 0.1439,
        "mission_priority": 0.9801,
        "estimated_landing_time": 2638.0,
        "wait_time": 0,
        "Landing_success_rate": 0.9258
    },
    {
        "model": 1,
        "sequence": 27,
        "status": 1,
        "fuel": 6675,
        "fault": 0.1895,
        "weapon": 0,
        "pilot_injury": 0.124,
        "pilot_skill": 0.8613,
        "mission_priority": 0.1294,
        "estimated_landing_time": 2544.0,
        "wait_time": 0,
        "Landing_success_rate": 0.9214
    },
    {
        "model": 2,
        "sequence": 5,
        "status": 1,
        "fuel": 5610,
        "fault": 0.1969,
        "weapon": 0,
        "pilot_injury": 0.8614,
        "pilot_skill": 0.2757,
        "mission_priority": 0.7082,
        "estimated_landing_time": 476.0,
        "wait_time": 0,
        "Landing_success_rate": 0.8566
    },
    {
        "model": 2,
        "sequence": 11,
        "status": 1,
        "fuel": 7175,
        "fault": 0.5008,
        "weapon": 1,
        "pilot_injury": 0.8649,
        "pilot_skill": 0.6829,
        "mission_priority": 0.3146,
        "estimated_landing_time": 1040.0,
        "wait_time": 0,
        "Landing_success_rate": 0.9127
    },
    {
        "model": 2,
        "sequence": 17,
        "status": 1,
        "fuel": 6687,
        "fault": 0.6229,
        "weapon": 1,
        "pilot_injury": 0.731,
        "pilot_skill": 0.6926,
        "mission_priority": 0.132,
        "estimated_landing_time": 1604.0,
        "wait_time": 0,
        "Landing_success_rate": 0.8836
    },
    {
        "model": 0,
        "sequence": 4,
        "status": 1,
        "fuel": 7302,
        "fault": 0.9466,
        "weapon": 0,
        "pilot_injury": 0.1863,
        "pilot_skill": 0.0994,
        "mission_priority": 0.5462,
        "estimated_landing_time": 382.0,
        "wait_time": 0,
        "Landing_success_rate": 0.8572
    },
    {
        "model": 1,
        "sequence": 8,
        "status": 1,
        "fuel": 6442,
        "fault": 0.5536,
        "weapon": 1,
        "pilot_injury": 0.8554,
        "pilot_skill": 0.0938,
        "mission_priority": 0.703,
        "estimated_landing_time": 758.0,
        "wait_time": 0,
        "Landing_success_rate": 0.8815
    },
    {
        "model": 1,
        "sequence": 22,
        "status": 1,
        "fuel": 7317,
        "fault": 0.1469,
        "weapon": 0,
        "pilot_injury": 0.5963,
        "pilot_skill": 0.6217,
        "mission_priority": 0.512,
        "estimated_landing_time": 2074.0,
        "wait_time": 0,
        "Landing_success_rate": 0.9663
    },
    {
        "model": 2,
        "sequence": 3,
        "status": 1,
        "fuel": 5588,
        "fault": 0.111,
        "weapon": 0,
        "pilot_injury": 0.2613,
        "pilot_skill": 0.9238,
        "mission_priority": 0.6791,
        "estimated_landing_time": 288.0,
        "wait_time": 0,
        "Landing_success_rate": 0.8559
    },
    {
        "model": 2,
        "sequence": 16,
        "status": 1,
        "fuel": 6179,
        "fault": 0.3596,
        "weapon": 0,
        "pilot_injury": 0.7482,
        "pilot_skill": 0.3022,
        "mission_priority": 0.5197,
        "estimated_landing_time": 1510.0,
        "wait_time": 0,
        "Landing_success_rate": 0.8826
    },
    {
        "model": 0,
        "sequence": 20,
        "status": 1,
        "fuel": 5595,
        "fault": 0.4745,
        "weapon": 0,
        "pilot_injury": 0.6879,
        "pilot_skill": 0.7432,
        "mission_priority": 0.9605,
        "estimated_landing_time": 1886.0,
        "wait_time": 0,
        "Landing_success_rate": 0.8537
    },
    {
        "model": 0,
        "sequence": 30,
        "status": 1,
        "fuel": 6530,
        "fault": 0.1677,
        "weapon": 0,
        "pilot_injury": 0.9425,
        "pilot_skill": 0.6486,
        "mission_priority": 0.5631,
        "estimated_landing_time": 2826.0,
        "wait_time": 0,
        "Landing_success_rate": 0.9143
    },
    {
        "model": 2,
        "sequence": 25,
        "status": 1,
        "fuel": 7392,
        "fault": 0.1916,
        "weapon": 1,
        "pilot_injury": 0.297,
        "pilot_skill": 0.6247,
        "mission_priority": 0.0154,
        "estimated_landing_time": 2356.0,
        "wait_time": 0,
        "Landing_success_rate": 0.9647
    },
    {
        "model": 0,
        "sequence": 18,
        "status": 1,
        "fuel": 7397,
        "fault": 0.5143,
        "weapon": 0,
        "pilot_injury": 0.724,
        "pilot_skill": 0.9621,
        "mission_priority": 0.1852,
        "estimated_landing_time": 1698.0,
        "wait_time": 0,
        "Landing_success_rate": 0.9191
    },
    {
        "model": 2,
        "sequence": 1,
        "status": 1,
        "fuel": 6066,
        "fault": 0.3967,
        "weapon": 0,
        "pilot_injury": 0.4899,
        "pilot_skill": 0.8163,
        "mission_priority": 0.1257,
        "estimated_landing_time": 100.0,
        "wait_time": 0,
        "Landing_success_rate": 0.8756
    },
    {
        "model": 1,
        "sequence": 24,
        "status": 1,
        "fuel": 6616,
        "fault": 0.1905,
        "weapon": 1,
        "pilot_injury": 0.6671,
        "pilot_skill": 0.2689,
        "mission_priority": 0.0626,
        "estimated_landing_time": 2262.0,
        "wait_time": 0,
        "Landing_success_rate": 0.9178
    },
    {
        "model": 0,
        "sequence": 14,
        "status": 1,
        "fuel": 6086,
        "fault": 0.6609,
        "weapon": 0,
        "pilot_injury": 0.133,
        "pilot_skill": 0.4802,
        "mission_priority": 0.6767,
        "estimated_landing_time": 1322.0,
        "wait_time": 0,
        "Landing_success_rate": 0.8649
    },
    {
        "model": 0,
        "sequence": 10,
        "status": 1,
        "fuel": 6941,
        "fault": 0.3314,
        "weapon": 1,
        "pilot_injury": 0.9584,
        "pilot_skill": 0.115,
        "mission_priority": 0.6084,
        "estimated_landing_time": 946.0,
        "wait_time": 0,
        "Landing_success_rate": 0.9223
    },
    {
        "model": 1,
        "sequence": 19,
        "status": 1,
        "fuel": 5943,
        "fault": 0.299,
        "weapon": 1,
        "pilot_injury": 0.3795,
        "pilot_skill": 0.4363,
        "mission_priority": 0.647,
        "estimated_landing_time": 1792.0,
        "wait_time": 0,
        "Landing_success_rate": 0.8733
    },
    {
        "model": 1,
        "sequence": 29,
        "status": 1,
        "fuel": 6381,
        "fault": 0.2747,
        "weapon": 0,
        "pilot_injury": 0.8925,
        "pilot_skill": 0.3644,
        "mission_priority": 0.3826,
        "estimated_landing_time": 2732.0,
        "wait_time": 0,
        "Landing_success_rate": 0.8979
    },
    {
        "model": 0,
        "sequence": 9,
        "status": 1,
        "fuel": 6753,
        "fault": 0.8133,
        "weapon": 1,
        "pilot_injury": 0.2314,
        "pilot_skill": 0.9145,
        "mission_priority": 0.8052,
        "estimated_landing_time": 852.0,
        "wait_time": 0,
        "Landing_success_rate": 0.8675
    }
]