[
    {
        "model": 1,
        "sequence": 21,
        "status": 1,
        "fuel": 6198,
        "fault": 0.3433,
        "weapon": 1,
        "pilot_injury": 0.2794,
        "pilot_skill": 0.0734,
        "mission_priority": 0.772,
        "estimated_landing_time": 1980.0,
        "wait_time": 0,
        "Landing_success_rate": 0.8844
    },
    {
        "model": 0,
        "sequence": 11,
        "status": 1,
        "fuel": 7020,
        "fault": 0.1476,
        "weapon": 1,
        "pilot_injury": 0.7716,
        "pilot_skill": 0.5116,
        "mission_priority": 0.8171,
        "estimated_landing_time": 1040.0,
        "wait_time": 0,
        "Landing_success_rate": 0.9472
    },
    {
        "model": 1,
        "sequence": 27,
        "status": 1,
        "fuel": 5907,
        "fault": 0.8358,
        "weapon": 0,
        "pilot_injury": 0.5382,
        "pilot_skill": 0.088,
        "mission_priority": 0.4715,
        "estimated_landing_time": 2544.0,
        "wait_time": 0,
        "Landing_success_rate": 0.855
    },
    {
        "model": 1,
        "sequence": 18,
        "status": 1,
        "fuel": 5692,
        "fault": 0.9561,
        "weapon": 0,
        "pilot_injury": 0.9279,
        "pilot_skill": 0.1836,
        "mission_priority": 0.606,
        "estimated_landing_time": 1698.0,
        "wait_time": 0,
        "Landing_success_rate": 0.8506
    },
    {
        "model": 1,
        "sequence": 1,
        "status": 1,
        "fuel": 6197,
        "fault": 0.8365,
        "weapon": 1,
        "pilot_injury": 0.5253,
        "pilot_skill": 0.214,
        "mission_priority": 0.8177,
        "estimated_landing_time": 100.0,
        "wait_time": 0,
        "Landing_success_rate": 0.8585
    },
    {
        "model": 2,
        "sequence": 7,
        "status": 1,
        "fuel": 7491,
        "fault": 0.1465,
        "weapon": 1,
        "pilot_injury": 0.2297,
        "pilot_skill": 0.8715,
        "mission_priority": 0.4844,
        "estimated_landing_time": 664.0,
        "wait_time": 0,
        "Landing_success_rate": 0.9774
    },
    {
        "model": 1,
        "sequence": 17,
        "status": 1,
        "fuel": 6136,
        "fault": 0.1562,
        "weapon": 0,
        "pilot_injury": 0.4583,
        "pilot_skill": 0.968,
        "mission_priority": 0.2227,
        "estimated_landing_time": 1604.0,
        "wait_time": 0,
        "Landing_success_rate": 0.8902
    },
    {
        "model": 2,
        "sequence": 20,
        "status": 1,
        "fuel": 6499,
        "fault": 0.1641,
        "weapon": 1,
        "pilot_injury": 0.0497,
        "pilot_skill": 0.2739,
        "mission_priority": 0.8198,
        "estimated_landing_time": 1886.0,
        "wait_time": 0,
        "Landing_success_rate": 0.9126
    },
    {
        "model": 2,
        "sequence": 24,
        "status": 1,
        "fuel": 5816,
        "fault": 0.8806,
        "weapon": 1,
        "pilot_injury": 0.526,
        "pilot_skill": 0.5197,
        "mission_priority": 0.7815,
        "estimated_landing_time": 2262.0,
        "wait_time": 0,
        "Landing_success_rate": 0.8528
    },
    {
        "model": 2,
        "sequence": 16,
        "status": 1,
        "fuel": 5731,
        "fault": 0.2059,
        "weapon": 0,
        "pilot_injury": 0.2208,
        "pilot_skill": 0.5438,
        "mission_priority": 0.8453,
        "estimated_landing_time": 1510.0,
        "wait_time": 0,
        "Landing_success_rate": 0.8638
    },
    {
        "model": 2,
        "sequence": 13,
        "status": 1,
        "fuel": 6841,
        "fault": 0.3461,
        "weapon": 1,
        "pilot_injury": 0.5175,
        "pilot_skill": 0.1887,
        "mission_priority": 0.9942,
        "estimated_landing_time": 1228.0,
        "wait_time": 0,
        "Landing_success_rate": 0.9158
    },
    {
        "model": 1,
        "sequence": 12,
        "status": 1,
        "fuel": 7008,
        "fault": 0.4489,
        "weapon": 1,
        "pilot_injury": 0.7612,
        "pilot_skill": 0.8096,
        "mission_priority": 0.2645,
        "estimated_landing_time": 1134.0,
        "wait_time": 0,
        "Landing_success_rate": 0.9123
    },
    {
        "model": 2,
        "sequence": 28,
        "status": 1,
        "fuel": 6766,
        "fault": 0.5634,
        "weapon": 0,
        "pilot_injury": 0.041,
        "pilot_skill": 0.8835,
        "mission_priority": 0.2957,
        "estimated_landing_time": 2638.0,
        "wait_time": 0,
        "Landing_success_rate": 0.8915
    },
    {
        "model": 1,
        "sequence": 30,
        "status": 1,
        "fuel": 6971,
        "fault": 0.2222,
        "weapon": 0,
        "pilot_injury": 0.813,
        "pilot_skill": 0.4588,
        "mission_priority": 0.1874,
        "estimated_landing_time": 2826.0,
        "wait_time": 0,
        "Landing_success_rate": 0.9358
    },
    {
        "model": 0,
        "sequence": 14,
        "status": 1,
        "fuel": 5636,
        "fault": 0.6207,
        "weapon": 0,
        "pilot_injury": 0.7545,
        "pilot_skill": 0.2128,
        "mission_priority": 0.5216,
        "estimated_landing_time": 1322.0,
        "wait_time": 0,
        "Landing_success_rate": 0.8539
    },
    {
        "model": 0,
        "sequence": 29,
        "status": 1,
        "fuel": 6530,
        "fault": 0.5865,
        "weapon": 1,
        "pilot_injury": 0.5324,
        "pilot_skill": 0.1774,
        "mission_priority": 0.6237,
        "estimated_landing_time": 2732.0,
        "wait_time": 0,
        "Landing_success_rate": 0.8819
    },
    {
        "model": 2,
        "sequence": 19,
        "status": 1,
        "fuel": 5669,
        "fault": 0.1721,
        "weapon": 1,
        "pilot_injury": 0.1828,
        "pilot_skill": 0.5788,
        "mission_priority": 0.7595,
        "estimated_landing_time": 1792.0,
        "wait_time": 0,
        "Landing_success_rate": 0.8605
    },
    {
        "model": 0,
        "sequence": 4,
        "status": 1,
        "fuel": 6327,
        "fault": 0.6749,
        "weapon": 0,
        "pilot_injury": 0.3842,
        "pilot_skill": 0.2338,
        "mission_priority": 0.0363,
        "estimated_landing_time": 382.0,
        "wait_time": 0,
        "Landing_success_rate": 0.8702
    },
    {
        "model": 0,
        "sequence": 2,
        "status": 1,
        "fuel": 7253,
        "fault": 0.6479,
        "weapon": 0,
        "pilot_injury": 0.9351,
        "pilot_skill": 0.7119,
        "mission_priority": 0.9343,
        "estimated_landing_time": 194.0,
        "wait_time": 0,
        "Landing_success_rate": 0.8963
    },
    {
        "model": 0,
        "sequence": 8,
        "status": 1,
        "fuel": 5690,
        "fault": 0.4242,
        "weapon": 0,
        "pilot_injury": 0.5983,
        "pilot_skill": 0.2968,
        "mission_priority": 0.2111,
        "estimated_landing_time": 758.0,
        "wait_time": 0,
        "Landing_success_rate": 0.8582
    },
    {
        "model": 2,
        "sequence": 23,
        "status": 1,
        "fuel": 6791,
        "fault": 0.3839,
        "weapon": 1,
        "pilot_injury": 0.0232,
        "pilot_skill": 0.9048,
        "mission_priority": 0.7717,
        "estimated_landing_time": 2168.0,
        "wait_time": 0,
        "Landing_success_rate": 0.9097
    },
    {
        "model": 0,
        "sequence": 26,
        "status": 1,
        "fuel": 6288,
        "fault": 0.7815,
        "weapon": 1,
        "pilot_injury": 0.052,
        "pilot_skill": 0.5442,
        "mission_priority": 0.2854,
        "estimated_landing_time": 2450.0,
        "wait_time": 0,
        "Landing_success_rate": 0.8629
    },
    {
        "model": 2,
        "sequence": 6,
        "status": 1,
        "fuel": 7071,
        "fault": 0.2712,
        "weapon": 1,
        "pilot_injury": 0.6578,
        "pilot_skill": 0.5908,
        "mission_priority": 0.3905,
        "estimated_landing_time": 570.0,
        "wait_time": 0,
        "Landing_success_rate": 0.9359
    },
    {
        "model": 1,
        "sequence": 15,
        "status": 1,
        "fuel": 5717,
        "fault": 0.2746,
        "weapon": 0,
        "pilot_injury": 0.604,
        "pilot_skill": 0.9961,
        "mission_priority": 0.8458,
        "estimated_landing_time": 1416.0,
        "wait_time": 0,
        "Landing_success_rate": 0.8618
    },
    {
        "model": 0,
        "sequence": 9,
        "status": 1,
        "fuel": 7007,
        "fault": 0.6054,
        "weapon": 1,
        "pilot_injury": 0.841,
        "pilot_skill": 0.1758,
        "mission_priority": 0.1102,
        "estimated_landing_time": 852.0,
        "wait_time": 0,
        "Landing_success_rate": 0.8946
    },
    {
        "model": 2,
        "sequence": 22,
        "status": 1,
        "fuel": 7497,
        "fault": 0.4066,
        "weapon": 1,
        "pilot_injury": 0.7697,
        "pilot_skill": 0.0282,
        "mission_priority": 0.06,
        "estimated_landing_time": 2074.0,
        "wait_time": 0,
        "Landing_success_rate": 0.9389
    },
    {
        "model": 1,
        "sequence": 10,
        "status": 1,
        "fuel": 5912,
        "fault": 0.6568,
        "weapon": 1,
        "pilot_injury": 0.5359,
        "pilot_skill": 0.6122,
        "mission_priority": 0.9644,
        "estimated_landing_time": 946.0,
        "wait_time": 0,
        "Landing_success_rate": 0.8606
    },
    {
        "model": 0,
        "sequence": 3,
        "status": 1,
        "fuel": 7033,
        "fault": 0.8204,
        "weapon": 1,
        "pilot_injury": 0.0758,
        "pilot_skill": 0.5134,
        "mission_priority": 0.4403,
        "estimated_landing_time": 288.0,
        "wait_time": 0,
        "Landing_success_rate": 0.8706
    },
    {
        "model": 0,
        "sequence": 25,
        "status": 1,
        "fuel": 6106,
        "fault": 0.8322,
        "weapon": 0,
        "pilot_injury": 0.6983,
        "pilot_skill": 0.841,
        "mission_priority": 0.7849,
        "estimated_landing_time": 2356.0,
        "wait_time": 0,
        "Landing_success_rate": 0.8576
    },
    {
        "model": 2,
        "sequence": 5,
        "status": 1,
        "fuel": 6019,
        "fault": 0.4914,
        "weapon": 0,
        "pilot_injury": 0.6939,
        "pilot_skill": 0.8383,
        "mission_priority": 0.3982,
        "estimated_landing_time": 476.0,
        "wait_time": 0,
        "Landing_success_rate": 0.8698
    }
]