[
    {
        "model": 2,
        "sequence": 25,
        "status": 1,
        "fuel": 5526,
        "fault": 0.2064,
        "weapon": 0,
        "pilot_injury": 0.8041,
        "pilot_skill": 0.3919,
        "mission_priority": 0.8491,
        "estimated_landing_time": 2356.0,
        "wait_time": 0,
        "Landing_success_rate": 0.8515
    },
    {
        "model": 1,
        "sequence": 16,
        "status": 1,
        "fuel": 5530,
        "fault": 0.3176,
        "weapon": 0,
        "pilot_injury": 0.3334,
        "pilot_skill": 0.0886,
        "mission_priority": 0.4438,
        "estimated_landing_time": 1510.0,
        "wait_time": 0,
        "Landing_success_rate": 0.8515
    },
    {
        "model": 0,
        "sequence": 10,
        "status": 1,
        "fuel": 6122,
        "fault": 0.453,
        "weapon": 1,
        "pilot_injury": 0.4271,
        "pilot_skill": 0.1973,
        "mission_priority": 0.8752,
        "estimated_landing_time": 946.0,
        "wait_time": 0,
        "Landing_success_rate": 0.8755
    },
    {
        "model": 2,
        "sequence": 4,
        "status": 1,
        "fuel": 6974,
        "fault": 0.2693,
        "weapon": 1,
        "pilot_injury": 0.3414,
        "pilot_skill": 0.3414,
        "mission_priority": 0.3387,
        "estimated_landing_time": 382.0,
        "wait_time": 0,
        "Landing_success_rate": 0.9308
    },
    {
        "model": 0,
        "sequence": 12,
        "status": 1,
        "fuel": 6303,
        "fault": 0.9117,
        "weapon": 1,
        "pilot_injury": 0.2827,
        "pilot_skill": 0.288,
        "mission_priority": 0.0469,
        "estimated_landing_time": 1134.0,
        "wait_time": 0,
        "Landing_success_rate": 0.8553
    },
    {
        "model": 2,
        "sequence": 3,
        "status": 1,
        "fuel": 6648,
        "fault": 0.3335,
        "weapon": 1,
        "pilot_injury": 0.2925,
        "pilot_skill": 0.5208,
        "mission_priority": 0.4827,
        "estimated_landing_time": 288.0,
        "wait_time": 0,
        "Landing_success_rate": 0.9074
    },
    {
        "model": 2,
        "sequence": 11,
        "status": 1,
        "fuel": 6991,
        "fault": 0.3543,
        "weapon": 1,
        "pilot_injury": 0.1133,
        "pilot_skill": 0.4341,
        "mission_priority": 0.0878,
        "estimated_landing_time": 1040.0,
        "wait_time": 0,
        "Landing_success_rate": 0.9222
    },
    {
        "model": 0,
        "sequence": 22,
        "status": 1,
        "fuel": 7042,
        "fault": 0.4254,
        "weapon": 1,
        "pilot_injury": 0.6284,
        "pilot_skill": 0.7072,
        "mission_priority": 0.5709,
        "estimated_landing_time": 2074.0,
        "wait_time": 0,
        "Landing_success_rate": 0.9165
    },
    {
        "model": 2,
        "sequence": 14,
        "status": 1,
        "fuel": 7479,
        "fault": 0.2003,
        "weapon": 0,
        "pilot_injury": 0.0114,
        "pilot_skill": 0.3424,
        "mission_priority": 0.7713,
        "estimated_landing_time": 1322.0,
        "wait_time": 0,
        "Landing_success_rate": 0.9687
    },
    {
        "model": 2,
        "sequence": 7,
        "status": 1,
        "fuel": 5781,
        "fault": 0.4471,
        "weapon": 0,
        "pilot_injury": 0.6879,
        "pilot_skill": 0.5749,
        "mission_priority": 0.1667,
        "estimated_landing_time": 664.0,
        "wait_time": 0,
        "Landing_success_rate": 0.8617
    },
    {
        "model": 2,
        "sequence": 13,
        "status": 1,
        "fuel": 6235,
        "fault": 0.2662,
        "weapon": 0,
        "pilot_injury": 0.2326,
        "pilot_skill": 0.6359,
        "mission_priority": 0.3781,
        "estimated_landing_time": 1228.0,
        "wait_time": 0,
        "Landing_success_rate": 0.8905
    },
    {
        "model": 2,
        "sequence": 27,
        "status": 1,
        "fuel": 6728,
        "fault": 0.3531,
        "weapon": 1,
        "pilot_injury": 0.8207,
        "pilot_skill": 0.3179,
        "mission_priority": 0.5315,
        "estimated_landing_time": 2544.0,
        "wait_time": 0,
        "Landing_success_rate": 0.9096
    },
    {
        "model": 2,
        "sequence": 26,
        "status": 1,
        "fuel": 5508,
        "fault": 0.898,
        "weapon": 1,
        "pilot_injury": 0.1457,
        "pilot_skill": 0.8443,
        "mission_priority": 0.8674,
        "estimated_landing_time": 2450.0,
        "wait_time": 0,
        "Landing_success_rate": 0.8501
    },
    {
        "model": 2,
        "sequence": 2,
        "status": 1,
        "fuel": 5677,
        "fault": 0.0814,
        "weapon": 0,
        "pilot_injury": 0.9091,
        "pilot_skill": 0.9808,
        "mission_priority": 0.7756,
        "estimated_landing_time": 194.0,
        "wait_time": 0,
        "Landing_success_rate": 0.8622
    },
    {
        "model": 2,
        "sequence": 18,
        "status": 1,
        "fuel": 5687,
        "fault": 0.3785,
        "weapon": 0,
        "pilot_injury": 0.8696,
        "pilot_skill": 0.2802,
        "mission_priority": 0.1419,
        "estimated_landing_time": 1698.0,
        "wait_time": 0,
        "Landing_success_rate": 0.8587
    },
    {
        "model": 2,
        "sequence": 5,
        "status": 1,
        "fuel": 6847,
        "fault": 0.6168,
        "weapon": 0,
        "pilot_injury": 0.9073,
        "pilot_skill": 0.5957,
        "mission_priority": 0.5554,
        "estimated_landing_time": 476.0,
        "wait_time": 0,
        "Landing_success_rate": 0.8887
    },
    {
        "model": 1,
        "sequence": 20,
        "status": 1,
        "fuel": 6023,
        "fault": 0.758,
        "weapon": 1,
        "pilot_injury": 0.7135,
        "pilot_skill": 0.5985,
        "mission_priority": 0.5238,
        "estimated_landing_time": 1886.0,
        "wait_time": 0,
        "Landing_success_rate": 0.8595
    },
    {
        "model": 2,
        "sequence": 23,
        "status": 1,
        "fuel": 7375,
        "fault": 0.5078,
        "weapon": 0,
        "pilot_injury": 0.2507,
        "pilot_skill": 0.4898,
        "mission_priority": 0.1581,
        "estimated_landing_time": 2168.0,
        "wait_time": 0,
        "Landing_success_rate": 0.9192
    },
    {
        "model": 2,
        "sequence": 15,
        "status": 1,
        "fuel": 6119,
        "fault": 0.7252,
        "weapon": 1,
        "pilot_injury": 0.8032,
        "pilot_skill": 0.2631,
        "mission_priority": 0.256,
        "estimated_landing_time": 1416.0,
        "wait_time": 0,
        "Landing_success_rate": 0.8628
    },
    {
        "model": 1,
        "sequence": 6,
        "status": 1,
        "fuel": 7126,
        "fault": 0.2727,
        "weapon": 1,
        "pilot_injury": 0.6876,
        "pilot_skill": 0.8716,
        "mission_priority": 0.0472,
        "estimated_landing_time": 570.0,
        "wait_time": 0,
        "Landing_success_rate": 0.9387
    },
    {
        "model": 1,
        "sequence": 24,
        "status": 1,
        "fuel": 7379,
        "fault": 0.6255,
        "weapon": 0,
        "pilot_injury": 0.7211,
        "pilot_skill": 0.2072,
        "mission_priority": 0.8408,
        "estimated_landing_time": 2262.0,
        "wait_time": 0,
        "Landing_success_rate": 0.9028
    },
    {
        "model": 0,
        "sequence": 30,
        "status": 1,
        "fuel": 6638,
        "fault": 0.7552,
        "weapon": 0,
        "pilot_injury": 0.4029,
        "pilot_skill": 0.7934,
        "mission_priority": 0.874,
        "estimated_landing_time": 2826.0,
        "wait_time": 0,
        "Landing_success_rate": 0.8709
    },
    {
        "model": 0,
        "sequence": 19,
        "status": 1,
        "fuel": 6920,
        "fault": 0.9875,
        "weapon": 0,
        "pilot_injury": 0.6265,
        "pilot_skill": 0.6705,
        "mission_priority": 0.5719,
        "estimated_landing_time": 1792.0,
        "wait_time": 0,
        "Landing_success_rate": 0.8513
    },
    {
        "model": 0,
        "sequence": 8,
        "status": 1,
        "fuel": 6358,
        "fault": 0.3764,
        "weapon": 0,
        "pilot_injury": 0.5612,
        "pilot_skill": 0.7312,
        "mission_priority": 0.9342,
        "estimated_landing_time": 758.0,
        "wait_time": 0,
        "Landing_success_rate": 0.8901
    },
    {
        "model": 0,
        "sequence": 1,
        "status": 1,
        "fuel": 6827,
        "fault": 0.1172,
        "weapon": 1,
        "pilot_injury": 0.015,
        "pilot_skill": 0.527,
        "mission_priority": 0.1314,
        "estimated_landing_time": 100.0,
        "wait_time": 0,
        "Landing_success_rate": 0.9379
    },
    {
        "model": 1,
        "sequence": 29,
        "status": 1,
        "fuel": 6157,
        "fault": 0.643,
        "weapon": 1,
        "pilot_injury": 0.7227,
        "pilot_skill": 0.5466,
        "mission_priority": 0.5342,
        "estimated_landing_time": 2732.0,
        "wait_time": 0,
        "Landing_success_rate": 0.8676
    },
    {
        "model": 0,
        "sequence": 21,
        "status": 1,
        "fuel": 7302,
        "fault": 0.967,
        "weapon": 1,
        "pilot_injury": 0.7503,
        "pilot_skill": 0.8945,
        "mission_priority": 0.5361,
        "estimated_landing_time": 1980.0,
        "wait_time": 0,
        "Landing_success_rate": 0.8545
    },
    {
        "model": 2,
        "sequence": 9,
        "status": 1,
        "fuel": 5813,
        "fault": 0.2757,
        "weapon": 1,
        "pilot_injury": 0.3759,
        "pilot_skill": 0.4963,
        "mission_priority": 0.2251,
        "estimated_landing_time": 852.0,
        "wait_time": 0,
        "Landing_success_rate": 0.867
    },
    {
        "model": 1,
        "sequence": 17,
        "status": 1,
        "fuel": 5509,
        "fault": 0.0932,
        "weapon": 0,
        "pilot_injury": 0.2408,
        "pilot_skill": 0.734,
        "mission_priority": 0.9856,
        "estimated_landing_time": 1604.0,
        "wait_time": 0,
        "Landing_success_rate": 0.8506
    },
    {
        "model": 2,
        "sequence": 28,
        "status": 1,
        "fuel": 5912,
        "fault": 0.4305,
        "weapon": 0,
        "pilot_injury": 0.3507,
        "pilot_skill": 0.2233,
        "mission_priority": 0.2041,
        "estimated_landing_time": 2638.0,
        "wait_time": 0,
        "Landing_success_rate": 0.8676
    }
]