[
    {
        "model": 2,
        "sequence": 23,
        "status": 1,
        "fuel": 7153,
        "fault": 0.927,
        "weapon": 0,
        "pilot_injury": 0.2719,
        "pilot_skill": 0.5301,
        "mission_priority": 0.2276,
        "estimated_landing_time": 2168.0,
        "wait_time": 0,
        "Landing_success_rate": 0.8591
    },
    {
        "model": 2,
        "sequence": 20,
        "status": 1,
        "fuel": 7142,
        "fault": 0.0277,
        "weapon": 1,
        "pilot_injury": 0.902,
        "pilot_skill": 0.429,
        "mission_priority": 0.7162,
        "estimated_landing_time": 1886.0,
        "wait_time": 0,
        "Landing_success_rate": 0.9697
    },
    {
        "model": 2,
        "sequence": 19,
        "status": 1,
        "fuel": 5927,
        "fault": 0.0339,
        "weapon": 0,
        "pilot_injury": 0.2309,
        "pilot_skill": 0.7976,
        "mission_priority": 0.9089,
        "estimated_landing_time": 1792.0,
        "wait_time": 0,
        "Landing_success_rate": 0.8809
    },
    {
        "model": 0,
        "sequence": 12,
        "status": 1,
        "fuel": 7032,
        "fault": 0.2183,
        "weapon": 1,
        "pilot_injury": 0.9926,
        "pilot_skill": 0.6519,
        "mission_priority": 0.1742,
        "estimated_landing_time": 1134.0,
        "wait_time": 0,
        "Landing_success_rate": 0.9398
    },
    {
        "model": 0,
        "sequence": 13,
        "status": 1,
        "fuel": 6250,
        "fault": 0.918,
        "weapon": 1,
        "pilot_injury": 0.8618,
        "pilot_skill": 0.7635,
        "mission_priority": 0.7221,
        "estimated_landing_time": 1228.0,
        "wait_time": 0,
        "Landing_success_rate": 0.8546
    },
    {
        "model": 1,
        "sequence": 17,
        "status": 1,
        "fuel": 7164,
        "fault": 0.203,
        "weapon": 0,
        "pilot_injury": 0.8553,
        "pilot_skill": 0.8542,
        "mission_priority": 0.1706,
        "estimated_landing_time": 1604.0,
        "wait_time": 0,
        "Landing_success_rate": 0.9495
    },
    {
        "model": 0,
        "sequence": 4,
        "status": 1,
        "fuel": 6945,
        "fault": 0.0197,
        "weapon": 1,
        "pilot_injury": 0.4809,
        "pilot_skill": 0.4579,
        "mission_priority": 0.096,
        "estimated_landing_time": 382.0,
        "wait_time": 0,
        "Landing_success_rate": 0.9562
    },
    {
        "model": 0,
        "sequence": 28,
        "status": 1,
        "fuel": 6964,
        "fault": 0.9293,
        "weapon": 0,
        "pilot_injury": 0.4313,
        "pilot_skill": 0.9513,
        "mission_priority": 0.5414,
        "estimated_landing_time": 2638.0,
        "wait_time": 0,
        "Landing_success_rate": 0.8578
    },
    {
        "model": 1,
        "sequence": 1,
        "status": 1,
        "fuel": 7236,
        "fault": 0.0983,
        "weapon": 0,
        "pilot_injury": 0.2064,
        "pilot_skill": 0.9982,
        "mission_priority": 0.124,
        "estimated_landing_time": 100.0,
        "wait_time": 0,
        "Landing_success_rate": 0.9674
    },
    {
        "model": 1,
        "sequence": 21,
        "status": 1,
        "fuel": 5734,
        "fault": 0.3878,
        "weapon": 1,
        "pilot_injury": 0.2234,
        "pilot_skill": 0.1122,
        "mission_priority": 0.3859,
        "estimated_landing_time": 1980.0,
        "wait_time": 0,
        "Landing_success_rate": 0.8607
    },
    {
        "model": 0,
        "sequence": 10,
        "status": 1,
        "fuel": 6342,
        "fault": 0.2536,
        "weapon": 0,
        "pilot_injury": 0.7457,
        "pilot_skill": 0.285,
        "mission_priority": 0.8929,
        "estimated_landing_time": 946.0,
        "wait_time": 0,
        "Landing_success_rate": 0.8971
    },
    {
        "model": 1,
        "sequence": 14,
        "status": 1,
        "fuel": 7210,
        "fault": 0.4364,
        "weapon": 0,
        "pilot_injury": 0.6551,
        "pilot_skill": 0.4069,
        "mission_priority": 0.2772,
        "estimated_landing_time": 1322.0,
        "wait_time": 0,
        "Landing_success_rate": 0.9223
    },
    {
        "model": 2,
        "sequence": 3,
        "status": 1,
        "fuel": 6030,
        "fault": 0.0184,
        "weapon": 0,
        "pilot_injury": 0.6639,
        "pilot_skill": 0.5254,
        "mission_priority": 0.5136,
        "estimated_landing_time": 288.0,
        "wait_time": 0,
        "Landing_success_rate": 0.889
    },
    {
        "model": 1,
        "sequence": 9,
        "status": 1,
        "fuel": 6667,
        "fault": 0.1869,
        "weapon": 1,
        "pilot_injury": 0.6903,
        "pilot_skill": 0.8109,
        "mission_priority": 0.3862,
        "estimated_landing_time": 852.0,
        "wait_time": 0,
        "Landing_success_rate": 0.9212
    },
    {
        "model": 0,
        "sequence": 30,
        "status": 1,
        "fuel": 7371,
        "fault": 0.3386,
        "weapon": 0,
        "pilot_injury": 0.5798,
        "pilot_skill": 0.25,
        "mission_priority": 0.4129,
        "estimated_landing_time": 2826.0,
        "wait_time": 0,
        "Landing_success_rate": 0.9428
    },
    {
        "model": 2,
        "sequence": 7,
        "status": 1,
        "fuel": 6737,
        "fault": 0.0358,
        "weapon": 1,
        "pilot_injury": 0.4235,
        "pilot_skill": 0.7025,
        "mission_priority": 0.9136,
        "estimated_landing_time": 664.0,
        "wait_time": 0,
        "Landing_success_rate": 0.9395
    },
    {
        "model": 2,
        "sequence": 18,
        "status": 1,
        "fuel": 6085,
        "fault": 0.729,
        "weapon": 0,
        "pilot_injury": 0.304,
        "pilot_skill": 0.068,
        "mission_priority": 0.0828,
        "estimated_landing_time": 1698.0,
        "wait_time": 0,
        "Landing_success_rate": 0.8619
    },
    {
        "model": 0,
        "sequence": 6,
        "status": 1,
        "fuel": 6605,
        "fault": 0.2697,
        "weapon": 0,
        "pilot_injury": 0.9965,
        "pilot_skill": 0.5436,
        "mission_priority": 0.3125,
        "estimated_landing_time": 570.0,
        "wait_time": 0,
        "Landing_success_rate": 0.9105
    },
    {
        "model": 2,
        "sequence": 26,
        "status": 1,
        "fuel": 7306,
        "fault": 0.2929,
        "weapon": 0,
        "pilot_injury": 0.0528,
        "pilot_skill": 0.5371,
        "mission_priority": 0.1793,
        "estimated_landing_time": 2450.0,
        "wait_time": 0,
        "Landing_success_rate": 0.9458
    },
    {
        "model": 1,
        "sequence": 25,
        "status": 1,
        "fuel": 6612,
        "fault": 0.6197,
        "weapon": 1,
        "pilot_injury": 0.4489,
        "pilot_skill": 0.4971,
        "mission_priority": 0.7643,
        "estimated_landing_time": 2356.0,
        "wait_time": 0,
        "Landing_success_rate": 0.8817
    },
    {
        "model": 1,
        "sequence": 24,
        "status": 1,
        "fuel": 7246,
        "fault": 0.7872,
        "weapon": 0,
        "pilot_injury": 0.0884,
        "pilot_skill": 0.0823,
        "mission_priority": 0.5771,
        "estimated_landing_time": 2262.0,
        "wait_time": 0,
        "Landing_success_rate": 0.8779
    },
    {
        "model": 0,
        "sequence": 11,
        "status": 1,
        "fuel": 7064,
        "fault": 0.7326,
        "weapon": 1,
        "pilot_injury": 0.7013,
        "pilot_skill": 0.354,
        "mission_priority": 0.5691,
        "estimated_landing_time": 1040.0,
        "wait_time": 0,
        "Landing_success_rate": 0.8814
    },
    {
        "model": 2,
        "sequence": 22,
        "status": 1,
        "fuel": 6653,
        "fault": 0.9433,
        "weapon": 1,
        "pilot_injury": 0.2306,
        "pilot_skill": 0.6789,
        "mission_priority": 0.5152,
        "estimated_landing_time": 2074.0,
        "wait_time": 0,
        "Landing_success_rate": 0.8549
    },
    {
        "model": 0,
        "sequence": 5,
        "status": 1,
        "fuel": 6279,
        "fault": 0.894,
        "weapon": 0,
        "pilot_injury": 0.3429,
        "pilot_skill": 0.0667,
        "mission_priority": 0.4723,
        "estimated_landing_time": 476.0,
        "wait_time": 0,
        "Landing_success_rate": 0.8562
    },
    {
        "model": 1,
        "sequence": 29,
        "status": 1,
        "fuel": 6027,
        "fault": 0.0162,
        "weapon": 0,
        "pilot_injury": 0.441,
        "pilot_skill": 0.8215,
        "mission_priority": 0.9498,
        "estimated_landing_time": 2732.0,
        "wait_time": 0,
        "Landing_success_rate": 0.8889
    },
    {
        "model": 0,
        "sequence": 16,
        "status": 1,
        "fuel": 6041,
        "fault": 0.9004,
        "weapon": 1,
        "pilot_injury": 0.3219,
        "pilot_skill": 0.1073,
        "mission_priority": 0.7557,
        "estimated_landing_time": 1510.0,
        "wait_time": 0,
        "Landing_success_rate": 0.854
    },
    {
        "model": 0,
        "sequence": 8,
        "status": 1,
        "fuel": 6513,
        "fault": 0.3417,
        "weapon": 1,
        "pilot_injury": 0.7174,
        "pilot_skill": 0.2211,
        "mission_priority": 0.6292,
        "estimated_landing_time": 758.0,
        "wait_time": 0,
        "Landing_success_rate": 0.9
    },
    {
        "model": 2,
        "sequence": 15,
        "status": 1,
        "fuel": 7178,
        "fault": 0.8185,
        "weapon": 0,
        "pilot_injury": 0.0397,
        "pilot_skill": 0.1564,
        "mission_priority": 0.9346,
        "estimated_landing_time": 1416.0,
        "wait_time": 0,
        "Landing_success_rate": 0.8728
    },
    {
        "model": 0,
        "sequence": 27,
        "status": 1,
        "fuel": 6924,
        "fault": 0.2033,
        "weapon": 1,
        "pilot_injury": 0.7605,
        "pilot_skill": 0.6921,
        "mission_priority": 0.7369,
        "estimated_landing_time": 2544.0,
        "wait_time": 0,
        "Landing_success_rate": 0.9351
    },
    {
        "model": 1,
        "sequence": 2,
        "status": 1,
        "fuel": 6212,
        "fault": 0.1376,
        "weapon": 1,
        "pilot_injury": 0.7785,
        "pilot_skill": 0.6679,
        "mission_priority": 0.8116,
        "estimated_landing_time": 194.0,
        "wait_time": 0,
        "Landing_success_rate": 0.8961
    }
]