[
    {
        "model": 2,
        "sequence": 19,
        "status": 1,
        "fuel": 7402,
        "fault": 0.6455,
        "weapon": 1,
        "pilot_injury": 0.7811,
        "pilot_skill": 0.6969,
        "mission_priority": 0.0213,
        "estimated_landing_time": 1792.0,
        "wait_time": 0,
        "Landing_success_rate": 0.9006
    },
    {
        "model": 1,
        "sequence": 23,
        "status": 1,
        "fuel": 6849,
        "fault": 0.3461,
        "weapon": 1,
        "pilot_injury": 0.2167,
        "pilot_skill": 0.6153,
        "mission_priority": 0.9295,
        "estimated_landing_time": 2168.0,
        "wait_time": 0,
        "Landing_success_rate": 0.9162
    },
    {
        "model": 1,
        "sequence": 2,
        "status": 1,
        "fuel": 6427,
        "fault": 0.6988,
        "weapon": 0,
        "pilot_injury": 0.3099,
        "pilot_skill": 0.6365,
        "mission_priority": 0.7144,
        "estimated_landing_time": 194.0,
        "wait_time": 0,
        "Landing_success_rate": 0.8709
    },
    {
        "model": 2,
        "sequence": 30,
        "status": 1,
        "fuel": 7268,
        "fault": 0.4741,
        "weapon": 0,
        "pilot_injury": 0.2792,
        "pilot_skill": 0.5078,
        "mission_priority": 0.5487,
        "estimated_landing_time": 2826.0,
        "wait_time": 0,
        "Landing_success_rate": 0.9197
    },
    {
        "model": 1,
        "sequence": 25,
        "status": 1,
        "fuel": 6576,
        "fault": 0.0486,
        "weapon": 0,
        "pilot_injury": 0.3066,
        "pilot_skill": 0.0478,
        "mission_priority": 0.2336,
        "estimated_landing_time": 2356.0,
        "wait_time": 0,
        "Landing_success_rate": 0.9268
    },
    {
        "model": 0,
        "sequence": 7,
        "status": 1,
        "fuel": 7332,
        "fault": 0.6532,
        "weapon": 1,
        "pilot_injury": 0.2494,
        "pilot_skill": 0.9465,
        "mission_priority": 0.4672,
        "estimated_landing_time": 664.0,
        "wait_time": 0,
        "Landing_success_rate": 0.8977
    },
    {
        "model": 0,
        "sequence": 16,
        "status": 1,
        "fuel": 5972,
        "fault": 0.3853,
        "weapon": 0,
        "pilot_injury": 0.3992,
        "pilot_skill": 0.5421,
        "mission_priority": 0.3123,
        "estimated_landing_time": 1510.0,
        "wait_time": 0,
        "Landing_success_rate": 0.8718
    },
    {
        "model": 2,
        "sequence": 20,
        "status": 1,
        "fuel": 5730,
        "fault": 0.1299,
        "weapon": 0,
        "pilot_injury": 0.4666,
        "pilot_skill": 0.071,
        "mission_priority": 0.2345,
        "estimated_landing_time": 1886.0,
        "wait_time": 0,
        "Landing_success_rate": 0.865
    },
    {
        "model": 0,
        "sequence": 21,
        "status": 1,
        "fuel": 6348,
        "fault": 0.7055,
        "weapon": 1,
        "pilot_injury": 0.1169,
        "pilot_skill": 0.0838,
        "mission_priority": 0.9887,
        "estimated_landing_time": 1980.0,
        "wait_time": 0,
        "Landing_success_rate": 0.8687
    },
    {
        "model": 1,
        "sequence": 4,
        "status": 1,
        "fuel": 6410,
        "fault": 0.5081,
        "weapon": 0,
        "pilot_injury": 0.5111,
        "pilot_skill": 0.9646,
        "mission_priority": 0.8911,
        "estimated_landing_time": 382.0,
        "wait_time": 0,
        "Landing_success_rate": 0.8836
    },
    {
        "model": 2,
        "sequence": 22,
        "status": 1,
        "fuel": 6534,
        "fault": 0.362,
        "weapon": 0,
        "pilot_injury": 0.4379,
        "pilot_skill": 0.1009,
        "mission_priority": 0.8711,
        "estimated_landing_time": 2074.0,
        "wait_time": 0,
        "Landing_success_rate": 0.8995
    },
    {
        "model": 1,
        "sequence": 6,
        "status": 1,
        "fuel": 5515,
        "fault": 0.1793,
        "weapon": 0,
        "pilot_injury": 0.5695,
        "pilot_skill": 0.3644,
        "mission_priority": 0.5006,
        "estimated_landing_time": 570.0,
        "wait_time": 0,
        "Landing_success_rate": 0.8509
    },
    {
        "model": 1,
        "sequence": 1,
        "status": 1,
        "fuel": 5502,
        "fault": 0.7772,
        "weapon": 1,
        "pilot_injury": 0.9987,
        "pilot_skill": 0.6905,
        "mission_priority": 0.0624,
        "estimated_landing_time": 100.0,
        "wait_time": 0,
        "Landing_success_rate": 0.85
    },
    {
        "model": 2,
        "sequence": 11,
        "status": 1,
        "fuel": 7223,
        "fault": 0.68,
        "weapon": 1,
        "pilot_injury": 0.3906,
        "pilot_skill": 0.7863,
        "mission_priority": 0.1281,
        "estimated_landing_time": 1040.0,
        "wait_time": 0,
        "Landing_success_rate": 0.8914
    },
    {
        "model": 1,
        "sequence": 5,
        "status": 1,
        "fuel": 6294,
        "fault": 0.388,
        "weapon": 0,
        "pilot_injury": 0.8701,
        "pilot_skill": 0.1479,
        "mission_priority": 0.5358,
        "estimated_landing_time": 476.0,
        "wait_time": 0,
        "Landing_success_rate": 0.8864
    },
    {
        "model": 0,
        "sequence": 3,
        "status": 1,
        "fuel": 5870,
        "fault": 0.0712,
        "weapon": 0,
        "pilot_injury": 0.1674,
        "pilot_skill": 0.7576,
        "mission_priority": 0.6431,
        "estimated_landing_time": 288.0,
        "wait_time": 0,
        "Landing_success_rate": 0.8758
    },
    {
        "model": 1,
        "sequence": 26,
        "status": 1,
        "fuel": 6392,
        "fault": 0.5282,
        "weapon": 1,
        "pilot_injury": 0.893,
        "pilot_skill": 0.2978,
        "mission_priority": 0.2919,
        "estimated_landing_time": 2450.0,
        "wait_time": 0,
        "Landing_success_rate": 0.8816
    },
    {
        "model": 0,
        "sequence": 24,
        "status": 1,
        "fuel": 6888,
        "fault": 0.2067,
        "weapon": 0,
        "pilot_injury": 0.291,
        "pilot_skill": 0.7954,
        "mission_priority": 0.0785,
        "estimated_landing_time": 2262.0,
        "wait_time": 0,
        "Landing_success_rate": 0.9326
    },
    {
        "model": 1,
        "sequence": 9,
        "status": 1,
        "fuel": 6755,
        "fault": 0.278,
        "weapon": 0,
        "pilot_injury": 0.7997,
        "pilot_skill": 0.8718,
        "mission_priority": 0.2444,
        "estimated_landing_time": 852.0,
        "wait_time": 0,
        "Landing_success_rate": 0.918
    },
    {
        "model": 2,
        "sequence": 14,
        "status": 1,
        "fuel": 6193,
        "fault": 0.6261,
        "weapon": 1,
        "pilot_injury": 0.4276,
        "pilot_skill": 0.8484,
        "mission_priority": 0.0076,
        "estimated_landing_time": 1322.0,
        "wait_time": 0,
        "Landing_success_rate": 0.8694
    },
    {
        "model": 1,
        "sequence": 13,
        "status": 1,
        "fuel": 6273,
        "fault": 0.2011,
        "weapon": 1,
        "pilot_injury": 0.8824,
        "pilot_skill": 0.3173,
        "mission_priority": 0.5376,
        "estimated_landing_time": 1228.0,
        "wait_time": 0,
        "Landing_success_rate": 0.8963
    },
    {
        "model": 2,
        "sequence": 18,
        "status": 1,
        "fuel": 6181,
        "fault": 0.4516,
        "weapon": 0,
        "pilot_injury": 0.5222,
        "pilot_skill": 0.7475,
        "mission_priority": 0.1208,
        "estimated_landing_time": 1698.0,
        "wait_time": 0,
        "Landing_success_rate": 0.878
    },
    {
        "model": 2,
        "sequence": 15,
        "status": 1,
        "fuel": 6470,
        "fault": 0.6821,
        "weapon": 0,
        "pilot_injury": 0.5888,
        "pilot_skill": 0.7808,
        "mission_priority": 0.8891,
        "estimated_landing_time": 1416.0,
        "wait_time": 0,
        "Landing_success_rate": 0.8731
    },
    {
        "model": 1,
        "sequence": 8,
        "status": 1,
        "fuel": 6563,
        "fault": 0.6561,
        "weapon": 0,
        "pilot_injury": 0.284,
        "pilot_skill": 0.4814,
        "mission_priority": 0.6278,
        "estimated_landing_time": 758.0,
        "wait_time": 0,
        "Landing_success_rate": 0.8774
    },
    {
        "model": 0,
        "sequence": 28,
        "status": 1,
        "fuel": 6557,
        "fault": 0.5447,
        "weapon": 1,
        "pilot_injury": 0.9761,
        "pilot_skill": 0.1363,
        "mission_priority": 0.0833,
        "estimated_landing_time": 2638.0,
        "wait_time": 0,
        "Landing_success_rate": 0.8861
    },
    {
        "model": 1,
        "sequence": 10,
        "status": 1,
        "fuel": 5927,
        "fault": 0.4713,
        "weapon": 1,
        "pilot_injury": 0.6748,
        "pilot_skill": 0.3057,
        "mission_priority": 0.1984,
        "estimated_landing_time": 946.0,
        "wait_time": 0,
        "Landing_success_rate": 0.8669
    },
    {
        "model": 0,
        "sequence": 12,
        "status": 1,
        "fuel": 5705,
        "fault": 0.3476,
        "weapon": 1,
        "pilot_injury": 0.247,
        "pilot_skill": 0.2212,
        "mission_priority": 0.8137,
        "estimated_landing_time": 1134.0,
        "wait_time": 0,
        "Landing_success_rate": 0.86
    },
    {
        "model": 1,
        "sequence": 29,
        "status": 1,
        "fuel": 7456,
        "fault": 0.4615,
        "weapon": 0,
        "pilot_injury": 0.3451,
        "pilot_skill": 0.9578,
        "mission_priority": 0.1839,
        "estimated_landing_time": 2732.0,
        "wait_time": 0,
        "Landing_success_rate": 0.929
    },
    {
        "model": 0,
        "sequence": 27,
        "status": 1,
        "fuel": 5980,
        "fault": 0.095,
        "weapon": 0,
        "pilot_injury": 0.6135,
        "pilot_skill": 0.6241,
        "mission_priority": 0.4229,
        "estimated_landing_time": 2544.0,
        "wait_time": 0,
        "Landing_success_rate": 0.8826
    },
    {
        "model": 2,
        "sequence": 17,
        "status": 1,
        "fuel": 6681,
        "fault": 0.5078,
        "weapon": 0,
        "pilot_injury": 0.8109,
        "pilot_skill": 0.5712,
        "mission_priority": 0.7686,
        "estimated_landing_time": 1604.0,
        "wait_time": 0,
        "Landing_success_rate": 0.8936
    }
]