[
    {
        "model": 2,
        "sequence": 17,
        "status": 1,
        "fuel": 6267,
        "fault": 0.1646,
        "weapon": 0,
        "pilot_injury": 0.8468,
        "pilot_skill": 0.3657,
        "mission_priority": 0.7439,
        "estimated_landing_time": 1604.0,
        "wait_time": 0,
        "Landing_success_rate": 0.8981
    },
    {
        "model": 1,
        "sequence": 2,
        "status": 1,
        "fuel": 6167,
        "fault": 0.3946,
        "weapon": 1,
        "pilot_injury": 0.7992,
        "pilot_skill": 0.5581,
        "mission_priority": 0.6195,
        "estimated_landing_time": 194.0,
        "wait_time": 0,
        "Landing_success_rate": 0.8803
    },
    {
        "model": 0,
        "sequence": 1,
        "status": 1,
        "fuel": 6502,
        "fault": 0.7918,
        "weapon": 0,
        "pilot_injury": 0.7274,
        "pilot_skill": 0.8497,
        "mission_priority": 0.2205,
        "estimated_landing_time": 100.0,
        "wait_time": 0,
        "Landing_success_rate": 0.8656
    },
    {
        "model": 1,
        "sequence": 14,
        "status": 1,
        "fuel": 6759,
        "fault": 0.1755,
        "weapon": 1,
        "pilot_injury": 0.8513,
        "pilot_skill": 0.5917,
        "mission_priority": 0.0082,
        "estimated_landing_time": 1322.0,
        "wait_time": 0,
        "Landing_success_rate": 0.9279
    },
    {
        "model": 0,
        "sequence": 10,
        "status": 1,
        "fuel": 7396,
        "fault": 0.7666,
        "weapon": 0,
        "pilot_injury": 0.9564,
        "pilot_skill": 0.0132,
        "mission_priority": 0.0285,
        "estimated_landing_time": 946.0,
        "wait_time": 0,
        "Landing_success_rate": 0.8832
    },
    {
        "model": 2,
        "sequence": 28,
        "status": 1,
        "fuel": 6258,
        "fault": 0.795,
        "weapon": 0,
        "pilot_injury": 0.9913,
        "pilot_skill": 0.32,
        "mission_priority": 0.0364,
        "estimated_landing_time": 2638.0,
        "wait_time": 0,
        "Landing_success_rate": 0.8617
    },
    {
        "model": 0,
        "sequence": 18,
        "status": 1,
        "fuel": 5567,
        "fault": 0.6604,
        "weapon": 1,
        "pilot_injury": 0.4665,
        "pilot_skill": 0.8533,
        "mission_priority": 0.4439,
        "estimated_landing_time": 1698.0,
        "wait_time": 0,
        "Landing_success_rate": 0.8517
    },
    {
        "model": 1,
        "sequence": 12,
        "status": 1,
        "fuel": 6647,
        "fault": 0.4199,
        "weapon": 0,
        "pilot_injury": 0.4357,
        "pilot_skill": 0.4914,
        "mission_priority": 0.949,
        "estimated_landing_time": 1134.0,
        "wait_time": 0,
        "Landing_success_rate": 0.8999
    },
    {
        "model": 2,
        "sequence": 4,
        "status": 1,
        "fuel": 6994,
        "fault": 0.4949,
        "weapon": 1,
        "pilot_injury": 0.0589,
        "pilot_skill": 0.479,
        "mission_priority": 0.5867,
        "estimated_landing_time": 382.0,
        "wait_time": 0,
        "Landing_success_rate": 0.9066
    },
    {
        "model": 0,
        "sequence": 5,
        "status": 1,
        "fuel": 7158,
        "fault": 0.9547,
        "weapon": 1,
        "pilot_injury": 0.7396,
        "pilot_skill": 0.1839,
        "mission_priority": 0.1285,
        "estimated_landing_time": 476.0,
        "wait_time": 0,
        "Landing_success_rate": 0.8556
    },
    {
        "model": 1,
        "sequence": 6,
        "status": 1,
        "fuel": 6002,
        "fault": 0.0376,
        "weapon": 0,
        "pilot_injury": 0.7629,
        "pilot_skill": 0.7768,
        "mission_priority": 0.3225,
        "estimated_landing_time": 570.0,
        "wait_time": 0,
        "Landing_success_rate": 0.8862
    },
    {
        "model": 2,
        "sequence": 3,
        "status": 1,
        "fuel": 6021,
        "fault": 0.3652,
        "weapon": 0,
        "pilot_injury": 0.5862,
        "pilot_skill": 0.7023,
        "mission_priority": 0.3779,
        "estimated_landing_time": 288.0,
        "wait_time": 0,
        "Landing_success_rate": 0.8748
    },
    {
        "model": 0,
        "sequence": 26,
        "status": 1,
        "fuel": 6537,
        "fault": 0.8938,
        "weapon": 0,
        "pilot_injury": 0.3643,
        "pilot_skill": 0.7298,
        "mission_priority": 0.7182,
        "estimated_landing_time": 2450.0,
        "wait_time": 0,
        "Landing_success_rate": 0.8583
    },
    {
        "model": 0,
        "sequence": 13,
        "status": 1,
        "fuel": 6674,
        "fault": 0.9636,
        "weapon": 1,
        "pilot_injury": 0.269,
        "pilot_skill": 0.9076,
        "mission_priority": 0.5119,
        "estimated_landing_time": 1228.0,
        "wait_time": 0,
        "Landing_success_rate": 0.8532
    },
    {
        "model": 1,
        "sequence": 20,
        "status": 1,
        "fuel": 6663,
        "fault": 0.0564,
        "weapon": 1,
        "pilot_injury": 0.9224,
        "pilot_skill": 0.2081,
        "mission_priority": 0.6116,
        "estimated_landing_time": 1886.0,
        "wait_time": 0,
        "Landing_success_rate": 0.9323
    },
    {
        "model": 2,
        "sequence": 15,
        "status": 1,
        "fuel": 6175,
        "fault": 0.3487,
        "weapon": 0,
        "pilot_injury": 0.1693,
        "pilot_skill": 0.6762,
        "mission_priority": 0.4218,
        "estimated_landing_time": 1416.0,
        "wait_time": 0,
        "Landing_success_rate": 0.883
    },
    {
        "model": 0,
        "sequence": 30,
        "status": 1,
        "fuel": 7249,
        "fault": 0.7374,
        "weapon": 0,
        "pilot_injury": 0.3937,
        "pilot_skill": 0.1073,
        "mission_priority": 0.9688,
        "estimated_landing_time": 2826.0,
        "wait_time": 0,
        "Landing_success_rate": 0.8844
    },
    {
        "model": 2,
        "sequence": 29,
        "status": 1,
        "fuel": 6743,
        "fault": 0.2974,
        "weapon": 0,
        "pilot_injury": 0.4185,
        "pilot_skill": 0.0715,
        "mission_priority": 0.0176,
        "estimated_landing_time": 2732.0,
        "wait_time": 0,
        "Landing_success_rate": 0.9155
    },
    {
        "model": 2,
        "sequence": 11,
        "status": 1,
        "fuel": 6634,
        "fault": 0.4223,
        "weapon": 0,
        "pilot_injury": 0.5248,
        "pilot_skill": 0.0664,
        "mission_priority": 0.3315,
        "estimated_landing_time": 1040.0,
        "wait_time": 0,
        "Landing_success_rate": 0.8991
    },
    {
        "model": 1,
        "sequence": 21,
        "status": 1,
        "fuel": 5617,
        "fault": 0.8181,
        "weapon": 0,
        "pilot_injury": 0.4189,
        "pilot_skill": 0.573,
        "mission_priority": 0.2863,
        "estimated_landing_time": 1980.0,
        "wait_time": 0,
        "Landing_success_rate": 0.8516
    },
    {
        "model": 2,
        "sequence": 19,
        "status": 1,
        "fuel": 5621,
        "fault": 0.1058,
        "weapon": 0,
        "pilot_injury": 0.9885,
        "pilot_skill": 0.6415,
        "mission_priority": 0.1489,
        "estimated_landing_time": 1792.0,
        "wait_time": 0,
        "Landing_success_rate": 0.8581
    },
    {
        "model": 2,
        "sequence": 23,
        "status": 1,
        "fuel": 6116,
        "fault": 0.3267,
        "weapon": 0,
        "pilot_injury": 0.7886,
        "pilot_skill": 0.2707,
        "mission_priority": 0.9586,
        "estimated_landing_time": 2168.0,
        "wait_time": 0,
        "Landing_success_rate": 0.8811
    },
    {
        "model": 0,
        "sequence": 9,
        "status": 1,
        "fuel": 5593,
        "fault": 0.0578,
        "weapon": 1,
        "pilot_injury": 0.1042,
        "pilot_skill": 0.3849,
        "mission_priority": 0.0572,
        "estimated_landing_time": 852.0,
        "wait_time": 0,
        "Landing_success_rate": 0.8566
    },
    {
        "model": 1,
        "sequence": 24,
        "status": 1,
        "fuel": 6560,
        "fault": 0.8943,
        "weapon": 0,
        "pilot_injury": 0.6158,
        "pilot_skill": 0.2341,
        "mission_priority": 0.1791,
        "estimated_landing_time": 2262.0,
        "wait_time": 0,
        "Landing_success_rate": 0.8584
    },
    {
        "model": 2,
        "sequence": 25,
        "status": 1,
        "fuel": 6624,
        "fault": 0.5701,
        "weapon": 0,
        "pilot_injury": 0.5782,
        "pilot_skill": 0.6805,
        "mission_priority": 0.919,
        "estimated_landing_time": 2356.0,
        "wait_time": 0,
        "Landing_success_rate": 0.8862
    },
    {
        "model": 1,
        "sequence": 8,
        "status": 1,
        "fuel": 6844,
        "fault": 0.7152,
        "weapon": 1,
        "pilot_injury": 0.2658,
        "pilot_skill": 0.5863,
        "mission_priority": 0.2834,
        "estimated_landing_time": 758.0,
        "wait_time": 0,
        "Landing_success_rate": 0.8787
    },
    {
        "model": 2,
        "sequence": 16,
        "status": 1,
        "fuel": 7201,
        "fault": 0.9547,
        "weapon": 0,
        "pilot_injury": 0.5509,
        "pilot_skill": 0.8381,
        "mission_priority": 0.6114,
        "estimated_landing_time": 1510.0,
        "wait_time": 0,
        "Landing_success_rate": 0.8558
    },
    {
        "model": 0,
        "sequence": 7,
        "status": 1,
        "fuel": 5574,
        "fault": 0.5056,
        "weapon": 1,
        "pilot_injury": 0.5078,
        "pilot_skill": 0.7906,
        "mission_priority": 0.4688,
        "estimated_landing_time": 664.0,
        "wait_time": 0,
        "Landing_success_rate": 0.8527
    },
    {
        "model": 0,
        "sequence": 27,
        "status": 1,
        "fuel": 6592,
        "fault": 0.7087,
        "weapon": 0,
        "pilot_injury": 0.9669,
        "pilot_skill": 0.8943,
        "mission_priority": 0.8933,
        "estimated_landing_time": 2544.0,
        "wait_time": 0,
        "Landing_success_rate": 0.8739
    },
    {
        "model": 1,
        "sequence": 22,
        "status": 1,
        "fuel": 6935,
        "fault": 0.9231,
        "weapon": 1,
        "pilot_injury": 0.4026,
        "pilot_skill": 0.8802,
        "mission_priority": 0.8586,
        "estimated_landing_time": 2074.0,
        "wait_time": 0,
        "Landing_success_rate": 0.8583
    }
]