[
    {
        "model": 1,
        "sequence": 14,
        "status": 1,
        "fuel": 5551,
        "fault": 0.8127,
        "weapon": 0,
        "pilot_injury": 0.9439,
        "pilot_skill": 0.6971,
        "mission_priority": 0.6447,
        "estimated_landing_time": 1322.0,
        "wait_time": 0,
        "Landing_success_rate": 0.8507
    },
    {
        "model": 1,
        "sequence": 23,
        "status": 1,
        "fuel": 6869,
        "fault": 0.8538,
        "weapon": 0,
        "pilot_injury": 0.2288,
        "pilot_skill": 0.3298,
        "mission_priority": 0.1701,
        "estimated_landing_time": 2168.0,
        "wait_time": 0,
        "Landing_success_rate": 0.865
    },
    {
        "model": 1,
        "sequence": 16,
        "status": 1,
        "fuel": 5787,
        "fault": 0.3771,
        "weapon": 1,
        "pilot_injury": 0.605,
        "pilot_skill": 0.8066,
        "mission_priority": 0.5158,
        "estimated_landing_time": 1510.0,
        "wait_time": 0,
        "Landing_success_rate": 0.8634
    },
    {
        "model": 0,
        "sequence": 18,
        "status": 1,
        "fuel": 6936,
        "fault": 0.6072,
        "weapon": 0,
        "pilot_injury": 0.5226,
        "pilot_skill": 0.8055,
        "mission_priority": 0.2217,
        "estimated_landing_time": 1698.0,
        "wait_time": 0,
        "Landing_success_rate": 0.8923
    },
    {
        "model": 1,
        "sequence": 10,
        "status": 1,
        "fuel": 5985,
        "fault": 0.5399,
        "weapon": 1,
        "pilot_injury": 0.4328,
        "pilot_skill": 0.0612,
        "mission_priority": 0.5032,
        "estimated_landing_time": 946.0,
        "wait_time": 0,
        "Landing_success_rate": 0.8667
    },
    {
        "model": 2,
        "sequence": 17,
        "status": 1,
        "fuel": 6201,
        "fault": 0.1236,
        "weapon": 1,
        "pilot_injury": 0.9574,
        "pilot_skill": 0.0839,
        "mission_priority": 0.5338,
        "estimated_landing_time": 1604.0,
        "wait_time": 0,
        "Landing_success_rate": 0.8961
    },
    {
        "model": 0,
        "sequence": 8,
        "status": 1,
        "fuel": 5719,
        "fault": 0.0653,
        "weapon": 0,
        "pilot_injury": 0.4495,
        "pilot_skill": 0.7759,
        "mission_priority": 0.9167,
        "estimated_landing_time": 758.0,
        "wait_time": 0,
        "Landing_success_rate": 0.8654
    },
    {
        "model": 0,
        "sequence": 12,
        "status": 1,
        "fuel": 5595,
        "fault": 0.3276,
        "weapon": 0,
        "pilot_injury": 0.1891,
        "pilot_skill": 0.4355,
        "mission_priority": 0.5305,
        "estimated_landing_time": 1134.0,
        "wait_time": 0,
        "Landing_success_rate": 0.8548
    },
    {
        "model": 0,
        "sequence": 28,
        "status": 1,
        "fuel": 6963,
        "fault": 0.5707,
        "weapon": 1,
        "pilot_injury": 0.5421,
        "pilot_skill": 0.4888,
        "mission_priority": 0.5758,
        "estimated_landing_time": 2638.0,
        "wait_time": 0,
        "Landing_success_rate": 0.8971
    },
    {
        "model": 0,
        "sequence": 9,
        "status": 1,
        "fuel": 5985,
        "fault": 0.1128,
        "weapon": 0,
        "pilot_injury": 0.7874,
        "pilot_skill": 0.7195,
        "mission_priority": 0.9235,
        "estimated_landing_time": 852.0,
        "wait_time": 0,
        "Landing_success_rate": 0.8823
    },
    {
        "model": 2,
        "sequence": 21,
        "status": 1,
        "fuel": 5875,
        "fault": 0.9104,
        "weapon": 1,
        "pilot_injury": 0.8544,
        "pilot_skill": 0.4674,
        "mission_priority": 0.8472,
        "estimated_landing_time": 1980.0,
        "wait_time": 0,
        "Landing_success_rate": 0.8525
    },
    {
        "model": 0,
        "sequence": 19,
        "status": 1,
        "fuel": 6290,
        "fault": 0.5899,
        "weapon": 1,
        "pilot_injury": 0.7189,
        "pilot_skill": 0.1411,
        "mission_priority": 0.3238,
        "estimated_landing_time": 1792.0,
        "wait_time": 0,
        "Landing_success_rate": 0.8743
    },
    {
        "model": 1,
        "sequence": 11,
        "status": 1,
        "fuel": 7190,
        "fault": 0.3461,
        "weapon": 1,
        "pilot_injury": 0.8473,
        "pilot_skill": 0.3695,
        "mission_priority": 0.7234,
        "estimated_landing_time": 1040.0,
        "wait_time": 0,
        "Landing_success_rate": 0.9329
    },
    {
        "model": 0,
        "sequence": 24,
        "status": 1,
        "fuel": 5606,
        "fault": 0.0975,
        "weapon": 0,
        "pilot_injury": 0.7902,
        "pilot_skill": 0.6824,
        "mission_priority": 0.3598,
        "estimated_landing_time": 2262.0,
        "wait_time": 0,
        "Landing_success_rate": 0.8572
    },
    {
        "model": 0,
        "sequence": 29,
        "status": 1,
        "fuel": 5992,
        "fault": 0.7108,
        "weapon": 1,
        "pilot_injury": 0.1602,
        "pilot_skill": 0.7728,
        "mission_priority": 0.6762,
        "estimated_landing_time": 2732.0,
        "wait_time": 0,
        "Landing_success_rate": 0.8607
    },
    {
        "model": 0,
        "sequence": 5,
        "status": 1,
        "fuel": 6213,
        "fault": 0.215,
        "weapon": 0,
        "pilot_injury": 0.374,
        "pilot_skill": 0.5527,
        "mission_priority": 0.3432,
        "estimated_landing_time": 476.0,
        "wait_time": 0,
        "Landing_success_rate": 0.892
    },
    {
        "model": 0,
        "sequence": 22,
        "status": 1,
        "fuel": 6531,
        "fault": 0.6983,
        "weapon": 1,
        "pilot_injury": 0.4703,
        "pilot_skill": 0.0203,
        "mission_priority": 0.6072,
        "estimated_landing_time": 2074.0,
        "wait_time": 0,
        "Landing_success_rate": 0.8733
    },
    {
        "model": 1,
        "sequence": 26,
        "status": 1,
        "fuel": 5522,
        "fault": 0.8348,
        "weapon": 1,
        "pilot_injury": 0.3323,
        "pilot_skill": 0.8788,
        "mission_priority": 0.5492,
        "estimated_landing_time": 2450.0,
        "wait_time": 0,
        "Landing_success_rate": 0.8503
    },
    {
        "model": 1,
        "sequence": 6,
        "status": 1,
        "fuel": 6049,
        "fault": 0.5684,
        "weapon": 0,
        "pilot_injury": 0.8119,
        "pilot_skill": 0.0975,
        "mission_priority": 0.8589,
        "estimated_landing_time": 570.0,
        "wait_time": 0,
        "Landing_success_rate": 0.8678
    },
    {
        "model": 0,
        "sequence": 30,
        "status": 1,
        "fuel": 5979,
        "fault": 0.7445,
        "weapon": 1,
        "pilot_injury": 0.0753,
        "pilot_skill": 0.4814,
        "mission_priority": 0.6447,
        "estimated_landing_time": 2826.0,
        "wait_time": 0,
        "Landing_success_rate": 0.8592
    },
    {
        "model": 0,
        "sequence": 4,
        "status": 1,
        "fuel": 7306,
        "fault": 0.7343,
        "weapon": 1,
        "pilot_injury": 0.1779,
        "pilot_skill": 0.6212,
        "mission_priority": 0.5256,
        "estimated_landing_time": 382.0,
        "wait_time": 0,
        "Landing_success_rate": 0.886
    },
    {
        "model": 1,
        "sequence": 20,
        "status": 1,
        "fuel": 7411,
        "fault": 0.8562,
        "weapon": 1,
        "pilot_injury": 0.7585,
        "pilot_skill": 0.3588,
        "mission_priority": 0.5364,
        "estimated_landing_time": 1886.0,
        "wait_time": 0,
        "Landing_success_rate": 0.8706
    },
    {
        "model": 0,
        "sequence": 15,
        "status": 1,
        "fuel": 6999,
        "fault": 0.0416,
        "weapon": 0,
        "pilot_injury": 0.5962,
        "pilot_skill": 0.3985,
        "mission_priority": 0.6207,
        "estimated_landing_time": 1416.0,
        "wait_time": 0,
        "Landing_success_rate": 0.9577
    },
    {
        "model": 1,
        "sequence": 7,
        "status": 1,
        "fuel": 6675,
        "fault": 0.9061,
        "weapon": 1,
        "pilot_injury": 0.2622,
        "pilot_skill": 0.1712,
        "mission_priority": 0.0136,
        "estimated_landing_time": 664.0,
        "wait_time": 0,
        "Landing_success_rate": 0.8583
    },
    {
        "model": 2,
        "sequence": 3,
        "status": 1,
        "fuel": 7231,
        "fault": 0.496,
        "weapon": 0,
        "pilot_injury": 0.4204,
        "pilot_skill": 0.2126,
        "mission_priority": 0.0131,
        "estimated_landing_time": 288.0,
        "wait_time": 0,
        "Landing_success_rate": 0.9154
    },
    {
        "model": 2,
        "sequence": 25,
        "status": 1,
        "fuel": 7290,
        "fault": 0.8295,
        "weapon": 1,
        "pilot_injury": 0.9838,
        "pilot_skill": 0.1014,
        "mission_priority": 0.8164,
        "estimated_landing_time": 2356.0,
        "wait_time": 0,
        "Landing_success_rate": 0.8729
    },
    {
        "model": 0,
        "sequence": 13,
        "status": 1,
        "fuel": 6626,
        "fault": 0.5909,
        "weapon": 1,
        "pilot_injury": 0.8535,
        "pilot_skill": 0.0077,
        "mission_priority": 0.2373,
        "estimated_landing_time": 1228.0,
        "wait_time": 0,
        "Landing_success_rate": 0.8845
    },
    {
        "model": 2,
        "sequence": 1,
        "status": 1,
        "fuel": 6449,
        "fault": 0.5004,
        "weapon": 1,
        "pilot_injury": 0.0267,
        "pilot_skill": 0.6261,
        "mission_priority": 0.5583,
        "estimated_landing_time": 100.0,
        "wait_time": 0,
        "Landing_success_rate": 0.8856
    },
    {
        "model": 2,
        "sequence": 27,
        "status": 1,
        "fuel": 5735,
        "fault": 0.9969,
        "weapon": 1,
        "pilot_injury": 0.9901,
        "pilot_skill": 0.1677,
        "mission_priority": 0.731,
        "estimated_landing_time": 2544.0,
        "wait_time": 0,
        "Landing_success_rate": 0.8501
    },
    {
        "model": 1,
        "sequence": 2,
        "status": 1,
        "fuel": 6546,
        "fault": 0.7684,
        "weapon": 0,
        "pilot_injury": 0.3457,
        "pilot_skill": 0.2165,
        "mission_priority": 0.6508,
        "estimated_landing_time": 194.0,
        "wait_time": 0,
        "Landing_success_rate": 0.8682
    }
]