[
    {
        "model": 2,
        "sequence": 27,
        "status": 1,
        "fuel": 6517,
        "fault": 0.7178,
        "weapon": 1,
        "pilot_injury": 0.5473,
        "pilot_skill": 0.6941,
        "mission_priority": 0.3321,
        "estimated_landing_time": 2544.0,
        "wait_time": 0,
        "Landing_success_rate": 0.8715
    },
    {
        "model": 0,
        "sequence": 2,
        "status": 1,
        "fuel": 6672,
        "fault": 0.9671,
        "weapon": 0,
        "pilot_injury": 0.0298,
        "pilot_skill": 0.3369,
        "mission_priority": 0.8503,
        "estimated_landing_time": 194.0,
        "wait_time": 0,
        "Landing_success_rate": 0.8529
    },
    {
        "model": 0,
        "sequence": 24,
        "status": 1,
        "fuel": 6043,
        "fault": 0.7451,
        "weapon": 0,
        "pilot_injury": 0.4995,
        "pilot_skill": 0.9566,
        "mission_priority": 0.4992,
        "estimated_landing_time": 2262.0,
        "wait_time": 0,
        "Landing_success_rate": 0.8604
    },
    {
        "model": 1,
        "sequence": 9,
        "status": 1,
        "fuel": 5708,
        "fault": 0.7694,
        "weapon": 1,
        "pilot_injury": 0.8686,
        "pilot_skill": 0.7857,
        "mission_priority": 0.4341,
        "estimated_landing_time": 852.0,
        "wait_time": 0,
        "Landing_success_rate": 0.8536
    },
    {
        "model": 1,
        "sequence": 7,
        "status": 1,
        "fuel": 6954,
        "fault": 0.9149,
        "weapon": 0,
        "pilot_injury": 0.9312,
        "pilot_skill": 0.1775,
        "mission_priority": 0.827,
        "estimated_landing_time": 664.0,
        "wait_time": 0,
        "Landing_success_rate": 0.8593
    },
    {
        "model": 2,
        "sequence": 8,
        "status": 1,
        "fuel": 5703,
        "fault": 0.5453,
        "weapon": 1,
        "pilot_injury": 0.6933,
        "pilot_skill": 0.1092,
        "mission_priority": 0.2024,
        "estimated_landing_time": 758.0,
        "wait_time": 0,
        "Landing_success_rate": 0.8569
    },
    {
        "model": 2,
        "sequence": 25,
        "status": 1,
        "fuel": 7017,
        "fault": 0.1986,
        "weapon": 1,
        "pilot_injury": 0.4535,
        "pilot_skill": 0.0583,
        "mission_priority": 0.084,
        "estimated_landing_time": 2356.0,
        "wait_time": 0,
        "Landing_success_rate": 0.9412
    },
    {
        "model": 0,
        "sequence": 26,
        "status": 1,
        "fuel": 5948,
        "fault": 0.4354,
        "weapon": 0,
        "pilot_injury": 0.867,
        "pilot_skill": 0.5028,
        "mission_priority": 0.3286,
        "estimated_landing_time": 2450.0,
        "wait_time": 0,
        "Landing_success_rate": 0.869
    },
    {
        "model": 1,
        "sequence": 20,
        "status": 1,
        "fuel": 5595,
        "fault": 0.069,
        "weapon": 0,
        "pilot_injury": 0.0347,
        "pilot_skill": 0.9388,
        "mission_priority": 0.6426,
        "estimated_landing_time": 1886.0,
        "wait_time": 0,
        "Landing_success_rate": 0.8566
    },
    {
        "model": 2,
        "sequence": 14,
        "status": 1,
        "fuel": 6672,
        "fault": 0.8538,
        "weapon": 0,
        "pilot_injury": 0.9527,
        "pilot_skill": 0.9459,
        "mission_priority": 0.8889,
        "estimated_landing_time": 1322.0,
        "wait_time": 0,
        "Landing_success_rate": 0.8629
    },
    {
        "model": 1,
        "sequence": 13,
        "status": 1,
        "fuel": 7160,
        "fault": 0.4867,
        "weapon": 1,
        "pilot_injury": 0.7619,
        "pilot_skill": 0.6408,
        "mission_priority": 0.9427,
        "estimated_landing_time": 1228.0,
        "wait_time": 0,
        "Landing_success_rate": 0.9139
    },
    {
        "model": 2,
        "sequence": 22,
        "status": 1,
        "fuel": 7389,
        "fault": 0.9445,
        "weapon": 1,
        "pilot_injury": 0.6057,
        "pilot_skill": 0.5793,
        "mission_priority": 0.646,
        "estimated_landing_time": 2074.0,
        "wait_time": 0,
        "Landing_success_rate": 0.8579
    },
    {
        "model": 1,
        "sequence": 6,
        "status": 1,
        "fuel": 7291,
        "fault": 0.7036,
        "weapon": 0,
        "pilot_injury": 0.9806,
        "pilot_skill": 0.0885,
        "mission_priority": 0.9138,
        "estimated_landing_time": 570.0,
        "wait_time": 0,
        "Landing_success_rate": 0.8898
    },
    {
        "model": 2,
        "sequence": 15,
        "status": 1,
        "fuel": 5879,
        "fault": 0.4715,
        "weapon": 1,
        "pilot_injury": 0.3688,
        "pilot_skill": 0.829,
        "mission_priority": 0.616,
        "estimated_landing_time": 1416.0,
        "wait_time": 0,
        "Landing_success_rate": 0.865
    },
    {
        "model": 1,
        "sequence": 16,
        "status": 1,
        "fuel": 6713,
        "fault": 0.3179,
        "weapon": 1,
        "pilot_injury": 0.9173,
        "pilot_skill": 0.9242,
        "mission_priority": 0.4748,
        "estimated_landing_time": 1510.0,
        "wait_time": 0,
        "Landing_success_rate": 0.9121
    },
    {
        "model": 0,
        "sequence": 1,
        "status": 1,
        "fuel": 5811,
        "fault": 0.0293,
        "weapon": 0,
        "pilot_injury": 0.2002,
        "pilot_skill": 0.4962,
        "mission_priority": 0.8968,
        "estimated_landing_time": 100.0,
        "wait_time": 0,
        "Landing_success_rate": 0.8726
    },
    {
        "model": 2,
        "sequence": 23,
        "status": 1,
        "fuel": 6675,
        "fault": 0.8934,
        "weapon": 0,
        "pilot_injury": 0.6231,
        "pilot_skill": 0.2614,
        "mission_priority": 0.5318,
        "estimated_landing_time": 2168.0,
        "wait_time": 0,
        "Landing_success_rate": 0.8594
    },
    {
        "model": 1,
        "sequence": 5,
        "status": 1,
        "fuel": 6038,
        "fault": 0.6252,
        "weapon": 0,
        "pilot_injury": 0.6968,
        "pilot_skill": 0.7754,
        "mission_priority": 0.0494,
        "estimated_landing_time": 476.0,
        "wait_time": 0,
        "Landing_success_rate": 0.8651
    },
    {
        "model": 0,
        "sequence": 29,
        "status": 1,
        "fuel": 6054,
        "fault": 0.4333,
        "weapon": 1,
        "pilot_injury": 0.163,
        "pilot_skill": 0.8114,
        "mission_priority": 0.4356,
        "estimated_landing_time": 2732.0,
        "wait_time": 0,
        "Landing_success_rate": 0.8735
    },
    {
        "model": 2,
        "sequence": 28,
        "status": 1,
        "fuel": 5790,
        "fault": 0.0788,
        "weapon": 1,
        "pilot_injury": 0.7633,
        "pilot_skill": 0.1401,
        "mission_priority": 0.3444,
        "estimated_landing_time": 2638.0,
        "wait_time": 0,
        "Landing_success_rate": 0.87
    },
    {
        "model": 1,
        "sequence": 18,
        "status": 1,
        "fuel": 5750,
        "fault": 0.4415,
        "weapon": 1,
        "pilot_injury": 0.1368,
        "pilot_skill": 0.7811,
        "mission_priority": 0.2078,
        "estimated_landing_time": 1698.0,
        "wait_time": 0,
        "Landing_success_rate": 0.8605
    },
    {
        "model": 2,
        "sequence": 19,
        "status": 1,
        "fuel": 6085,
        "fault": 0.745,
        "weapon": 1,
        "pilot_injury": 0.3332,
        "pilot_skill": 0.5027,
        "mission_priority": 0.101,
        "estimated_landing_time": 1792.0,
        "wait_time": 0,
        "Landing_success_rate": 0.8612
    },
    {
        "model": 2,
        "sequence": 3,
        "status": 1,
        "fuel": 6061,
        "fault": 0.2226,
        "weapon": 0,
        "pilot_injury": 0.9652,
        "pilot_skill": 0.7735,
        "mission_priority": 0.7453,
        "estimated_landing_time": 288.0,
        "wait_time": 0,
        "Landing_success_rate": 0.8827
    },
    {
        "model": 0,
        "sequence": 11,
        "status": 1,
        "fuel": 7034,
        "fault": 0.2937,
        "weapon": 1,
        "pilot_injury": 0.304,
        "pilot_skill": 0.0902,
        "mission_priority": 0.7513,
        "estimated_landing_time": 1040.0,
        "wait_time": 0,
        "Landing_success_rate": 0.9313
    },
    {
        "model": 2,
        "sequence": 12,
        "status": 1,
        "fuel": 5526,
        "fault": 0.8227,
        "weapon": 1,
        "pilot_injury": 0.9335,
        "pilot_skill": 0.9741,
        "mission_priority": 0.7748,
        "estimated_landing_time": 1134.0,
        "wait_time": 0,
        "Landing_success_rate": 0.8503
    },
    {
        "model": 1,
        "sequence": 30,
        "status": 1,
        "fuel": 6242,
        "fault": 0.4689,
        "weapon": 0,
        "pilot_injury": 0.2752,
        "pilot_skill": 0.0022,
        "mission_priority": 0.461,
        "estimated_landing_time": 2826.0,
        "wait_time": 0,
        "Landing_success_rate": 0.8796
    },
    {
        "model": 2,
        "sequence": 17,
        "status": 1,
        "fuel": 6116,
        "fault": 0.5713,
        "weapon": 0,
        "pilot_injury": 0.0508,
        "pilot_skill": 0.0457,
        "mission_priority": 0.9367,
        "estimated_landing_time": 1604.0,
        "wait_time": 0,
        "Landing_success_rate": 0.8698
    },
    {
        "model": 2,
        "sequence": 21,
        "status": 1,
        "fuel": 7303,
        "fault": 0.8346,
        "weapon": 1,
        "pilot_injury": 0.1469,
        "pilot_skill": 0.9012,
        "mission_priority": 0.748,
        "estimated_landing_time": 1980.0,
        "wait_time": 0,
        "Landing_success_rate": 0.8724
    },
    {
        "model": 0,
        "sequence": 4,
        "status": 1,
        "fuel": 6455,
        "fault": 0.8836,
        "weapon": 0,
        "pilot_injury": 0.9698,
        "pilot_skill": 0.8462,
        "mission_priority": 0.0477,
        "estimated_landing_time": 382.0,
        "wait_time": 0,
        "Landing_success_rate": 0.8583
    },
    {
        "model": 0,
        "sequence": 10,
        "status": 1,
        "fuel": 7279,
        "fault": 0.0248,
        "weapon": 1,
        "pilot_injury": 0.4797,
        "pilot_skill": 0.2759,
        "mission_priority": 0.8294,
        "estimated_landing_time": 946.0,
        "wait_time": 0,
        "Landing_success_rate": 0.9801
    }
]