[
    {
        "model": 2,
        "sequence": 14,
        "status": 1,
        "fuel": 5620,
        "fault": 0.181,
        "weapon": 1,
        "pilot_injury": 0.4148,
        "pilot_skill": 0.5924,
        "mission_priority": 0.9364,
        "estimated_landing_time": 1322.0,
        "wait_time": 0,
        "Landing_success_rate": 0.8574
    },
    {
        "model": 2,
        "sequence": 16,
        "status": 1,
        "fuel": 6837,
        "fault": 0.2563,
        "weapon": 1,
        "pilot_injury": 0.9846,
        "pilot_skill": 0.559,
        "mission_priority": 0.1471,
        "estimated_landing_time": 1510.0,
        "wait_time": 0,
        "Landing_success_rate": 0.9246
    },
    {
        "model": 0,
        "sequence": 22,
        "status": 1,
        "fuel": 6090,
        "fault": 0.5235,
        "weapon": 1,
        "pilot_injury": 0.8686,
        "pilot_skill": 0.9505,
        "mission_priority": 0.2764,
        "estimated_landing_time": 2074.0,
        "wait_time": 0,
        "Landing_success_rate": 0.8711
    },
    {
        "model": 0,
        "sequence": 19,
        "status": 1,
        "fuel": 6645,
        "fault": 0.6284,
        "weapon": 0,
        "pilot_injury": 0.5639,
        "pilot_skill": 0.8684,
        "mission_priority": 0.2545,
        "estimated_landing_time": 1792.0,
        "wait_time": 0,
        "Landing_success_rate": 0.8819
    },
    {
        "model": 1,
        "sequence": 13,
        "status": 1,
        "fuel": 6840,
        "fault": 0.6841,
        "weapon": 0,
        "pilot_injury": 0.2159,
        "pilot_skill": 0.3069,
        "mission_priority": 0.4074,
        "estimated_landing_time": 1228.0,
        "wait_time": 0,
        "Landing_success_rate": 0.8817
    },
    {
        "model": 2,
        "sequence": 15,
        "status": 1,
        "fuel": 6696,
        "fault": 0.0894,
        "weapon": 0,
        "pilot_injury": 0.3821,
        "pilot_skill": 0.0744,
        "mission_priority": 0.3626,
        "estimated_landing_time": 1416.0,
        "wait_time": 0,
        "Landing_success_rate": 0.9317
    },
    {
        "model": 0,
        "sequence": 27,
        "status": 1,
        "fuel": 6369,
        "fault": 0.9744,
        "weapon": 0,
        "pilot_injury": 0.6085,
        "pilot_skill": 0.8985,
        "mission_priority": 0.2029,
        "estimated_landing_time": 2544.0,
        "wait_time": 0,
        "Landing_success_rate": 0.8517
    },
    {
        "model": 1,
        "sequence": 18,
        "status": 1,
        "fuel": 6054,
        "fault": 0.7407,
        "weapon": 1,
        "pilot_injury": 0.0564,
        "pilot_skill": 0.8835,
        "mission_priority": 0.1882,
        "estimated_landing_time": 1698.0,
        "wait_time": 0,
        "Landing_success_rate": 0.8608
    },
    {
        "model": 0,
        "sequence": 3,
        "status": 1,
        "fuel": 6478,
        "fault": 0.5941,
        "weapon": 0,
        "pilot_injury": 0.7124,
        "pilot_skill": 0.057,
        "mission_priority": 0.5096,
        "estimated_landing_time": 288.0,
        "wait_time": 0,
        "Landing_success_rate": 0.8798
    },
    {
        "model": 1,
        "sequence": 5,
        "status": 1,
        "fuel": 6400,
        "fault": 0.3485,
        "weapon": 1,
        "pilot_injury": 0.1267,
        "pilot_skill": 0.7874,
        "mission_priority": 0.24,
        "estimated_landing_time": 476.0,
        "wait_time": 0,
        "Landing_success_rate": 0.894
    },
    {
        "model": 1,
        "sequence": 25,
        "status": 1,
        "fuel": 5705,
        "fault": 0.0702,
        "weapon": 1,
        "pilot_injury": 0.3182,
        "pilot_skill": 0.0357,
        "mission_priority": 0.8891,
        "estimated_landing_time": 2356.0,
        "wait_time": 0,
        "Landing_success_rate": 0.8643
    },
    {
        "model": 0,
        "sequence": 30,
        "status": 1,
        "fuel": 7072,
        "fault": 0.4679,
        "weapon": 0,
        "pilot_injury": 0.5514,
        "pilot_skill": 0.1799,
        "mission_priority": 0.7149,
        "estimated_landing_time": 2826.0,
        "wait_time": 0,
        "Landing_success_rate": 0.9127
    },
    {
        "model": 1,
        "sequence": 11,
        "status": 1,
        "fuel": 7196,
        "fault": 0.3323,
        "weapon": 1,
        "pilot_injury": 0.6312,
        "pilot_skill": 0.7498,
        "mission_priority": 0.7306,
        "estimated_landing_time": 1040.0,
        "wait_time": 0,
        "Landing_success_rate": 0.9349
    },
    {
        "model": 0,
        "sequence": 17,
        "status": 1,
        "fuel": 7214,
        "fault": 0.2088,
        "weapon": 0,
        "pilot_injury": 0.6627,
        "pilot_skill": 0.6051,
        "mission_priority": 0.9669,
        "estimated_landing_time": 1604.0,
        "wait_time": 0,
        "Landing_success_rate": 0.9517
    },
    {
        "model": 0,
        "sequence": 21,
        "status": 1,
        "fuel": 5800,
        "fault": 0.7401,
        "weapon": 0,
        "pilot_injury": 0.5732,
        "pilot_skill": 0.388,
        "mission_priority": 0.7882,
        "estimated_landing_time": 1980.0,
        "wait_time": 0,
        "Landing_success_rate": 0.8558
    },
    {
        "model": 0,
        "sequence": 29,
        "status": 1,
        "fuel": 5630,
        "fault": 0.6602,
        "weapon": 1,
        "pilot_injury": 0.5606,
        "pilot_skill": 0.5113,
        "mission_priority": 0.4574,
        "estimated_landing_time": 2732.0,
        "wait_time": 0,
        "Landing_success_rate": 0.8533
    },
    {
        "model": 1,
        "sequence": 12,
        "status": 1,
        "fuel": 6119,
        "fault": 0.3303,
        "weapon": 0,
        "pilot_injury": 0.1235,
        "pilot_skill": 0.7235,
        "mission_priority": 0.7443,
        "estimated_landing_time": 1134.0,
        "wait_time": 0,
        "Landing_success_rate": 0.8811
    },
    {
        "model": 2,
        "sequence": 28,
        "status": 1,
        "fuel": 6108,
        "fault": 0.9359,
        "weapon": 0,
        "pilot_injury": 0.265,
        "pilot_skill": 0.821,
        "mission_priority": 0.1858,
        "estimated_landing_time": 2638.0,
        "wait_time": 0,
        "Landing_success_rate": 0.8529
    },
    {
        "model": 2,
        "sequence": 26,
        "status": 1,
        "fuel": 6395,
        "fault": 0.1459,
        "weapon": 0,
        "pilot_injury": 0.5806,
        "pilot_skill": 0.7787,
        "mission_priority": 0.823,
        "estimated_landing_time": 2450.0,
        "wait_time": 0,
        "Landing_success_rate": 0.9073
    },
    {
        "model": 0,
        "sequence": 8,
        "status": 1,
        "fuel": 5634,
        "fault": 0.5873,
        "weapon": 0,
        "pilot_injury": 0.0358,
        "pilot_skill": 0.9174,
        "mission_priority": 0.0929,
        "estimated_landing_time": 758.0,
        "wait_time": 0,
        "Landing_success_rate": 0.8541
    },
    {
        "model": 1,
        "sequence": 23,
        "status": 1,
        "fuel": 6121,
        "fault": 0.2911,
        "weapon": 0,
        "pilot_injury": 0.1833,
        "pilot_skill": 0.1629,
        "mission_priority": 0.2771,
        "estimated_landing_time": 2168.0,
        "wait_time": 0,
        "Landing_success_rate": 0.883
    },
    {
        "model": 2,
        "sequence": 4,
        "status": 1,
        "fuel": 6853,
        "fault": 0.2828,
        "weapon": 1,
        "pilot_injury": 0.9732,
        "pilot_skill": 0.002,
        "mission_priority": 0.7721,
        "estimated_landing_time": 382.0,
        "wait_time": 0,
        "Landing_success_rate": 0.9228
    },
    {
        "model": 2,
        "sequence": 1,
        "status": 1,
        "fuel": 6366,
        "fault": 0.3076,
        "weapon": 1,
        "pilot_injury": 0.12,
        "pilot_skill": 0.59,
        "mission_priority": 0.3153,
        "estimated_landing_time": 100.0,
        "wait_time": 0,
        "Landing_success_rate": 0.895
    },
    {
        "model": 2,
        "sequence": 9,
        "status": 1,
        "fuel": 6720,
        "fault": 0.8953,
        "weapon": 0,
        "pilot_injury": 0.5733,
        "pilot_skill": 0.5826,
        "mission_priority": 0.0701,
        "estimated_landing_time": 852.0,
        "wait_time": 0,
        "Landing_success_rate": 0.8596
    },
    {
        "model": 1,
        "sequence": 6,
        "status": 1,
        "fuel": 5595,
        "fault": 0.4653,
        "weapon": 0,
        "pilot_injury": 0.1144,
        "pilot_skill": 0.1022,
        "mission_priority": 0.237,
        "estimated_landing_time": 570.0,
        "wait_time": 0,
        "Landing_success_rate": 0.8538
    },
    {
        "model": 0,
        "sequence": 20,
        "status": 1,
        "fuel": 6178,
        "fault": 0.6515,
        "weapon": 0,
        "pilot_injury": 0.1071,
        "pilot_skill": 0.0324,
        "mission_priority": 0.0247,
        "estimated_landing_time": 1886.0,
        "wait_time": 0,
        "Landing_success_rate": 0.8677
    },
    {
        "model": 1,
        "sequence": 7,
        "status": 1,
        "fuel": 6610,
        "fault": 0.9,
        "weapon": 1,
        "pilot_injury": 0.5736,
        "pilot_skill": 0.8097,
        "mission_priority": 0.3194,
        "estimated_landing_time": 664.0,
        "wait_time": 0,
        "Landing_success_rate": 0.8583
    },
    {
        "model": 1,
        "sequence": 24,
        "status": 1,
        "fuel": 6594,
        "fault": 0.6227,
        "weapon": 0,
        "pilot_injury": 0.7278,
        "pilot_skill": 0.5891,
        "mission_priority": 0.8878,
        "estimated_landing_time": 2262.0,
        "wait_time": 0,
        "Landing_success_rate": 0.881
    },
    {
        "model": 1,
        "sequence": 10,
        "status": 1,
        "fuel": 5590,
        "fault": 0.8993,
        "weapon": 1,
        "pilot_injury": 0.5023,
        "pilot_skill": 0.6174,
        "mission_priority": 0.5166,
        "estimated_landing_time": 946.0,
        "wait_time": 0,
        "Landing_success_rate": 0.8507
    },
    {
        "model": 1,
        "sequence": 2,
        "status": 1,
        "fuel": 5852,
        "fault": 0.1781,
        "weapon": 1,
        "pilot_injury": 0.9581,
        "pilot_skill": 0.1668,
        "mission_priority": 0.5306,
        "estimated_landing_time": 194.0,
        "wait_time": 0,
        "Landing_success_rate": 0.8717
    }
]