[
    {
        "model": 0,
        "sequence": 5,
        "status": 1,
        "fuel": 5794,
        "fault": 0.8728,
        "weapon": 1,
        "pilot_injury": 0.1409,
        "pilot_skill": 0.4538,
        "mission_priority": 0.9428,
        "estimated_landing_time": 476.0,
        "wait_time": 0,
        "Landing_success_rate": 0.8528
    },
    {
        "model": 0,
        "sequence": 15,
        "status": 1,
        "fuel": 6902,
        "fault": 0.0518,
        "weapon": 0,
        "pilot_injury": 0.4437,
        "pilot_skill": 0.2787,
        "mission_priority": 0.7907,
        "estimated_landing_time": 1416.0,
        "wait_time": 0,
        "Landing_success_rate": 0.9497
    },
    {
        "model": 0,
        "sequence": 16,
        "status": 1,
        "fuel": 6662,
        "fault": 0.44,
        "weapon": 0,
        "pilot_injury": 0.6757,
        "pilot_skill": 0.87,
        "mission_priority": 0.7095,
        "estimated_landing_time": 1510.0,
        "wait_time": 0,
        "Landing_success_rate": 0.8988
    },
    {
        "model": 1,
        "sequence": 30,
        "status": 1,
        "fuel": 7378,
        "fault": 0.668,
        "weapon": 0,
        "pilot_injury": 0.1589,
        "pilot_skill": 0.6537,
        "mission_priority": 0.3335,
        "estimated_landing_time": 2826.0,
        "wait_time": 0,
        "Landing_success_rate": 0.8968
    },
    {
        "model": 0,
        "sequence": 21,
        "status": 1,
        "fuel": 7403,
        "fault": 0.3925,
        "weapon": 1,
        "pilot_injury": 0.4684,
        "pilot_skill": 0.994,
        "mission_priority": 0.2557,
        "estimated_landing_time": 1980.0,
        "wait_time": 0,
        "Landing_success_rate": 0.9367
    },
    {
        "model": 2,
        "sequence": 11,
        "status": 1,
        "fuel": 6867,
        "fault": 0.8026,
        "weapon": 0,
        "pilot_injury": 0.96,
        "pilot_skill": 0.9561,
        "mission_priority": 0.1429,
        "estimated_landing_time": 1040.0,
        "wait_time": 0,
        "Landing_success_rate": 0.8702
    },
    {
        "model": 1,
        "sequence": 6,
        "status": 1,
        "fuel": 5901,
        "fault": 0.2041,
        "weapon": 1,
        "pilot_injury": 0.6862,
        "pilot_skill": 0.7761,
        "mission_priority": 0.1245,
        "estimated_landing_time": 570.0,
        "wait_time": 0,
        "Landing_success_rate": 0.8739
    },
    {
        "model": 2,
        "sequence": 17,
        "status": 1,
        "fuel": 7057,
        "fault": 0.9766,
        "weapon": 1,
        "pilot_injury": 0.7324,
        "pilot_skill": 0.5737,
        "mission_priority": 0.6847,
        "estimated_landing_time": 1604.0,
        "wait_time": 0,
        "Landing_success_rate": 0.8527
    },
    {
        "model": 2,
        "sequence": 7,
        "status": 1,
        "fuel": 7289,
        "fault": 0.5368,
        "weapon": 1,
        "pilot_injury": 0.8946,
        "pilot_skill": 0.4491,
        "mission_priority": 0.3922,
        "estimated_landing_time": 664.0,
        "wait_time": 0,
        "Landing_success_rate": 0.9121
    },
    {
        "model": 0,
        "sequence": 19,
        "status": 1,
        "fuel": 7356,
        "fault": 0.5251,
        "weapon": 0,
        "pilot_injury": 0.967,
        "pilot_skill": 0.1953,
        "mission_priority": 0.4578,
        "estimated_landing_time": 1792.0,
        "wait_time": 0,
        "Landing_success_rate": 0.9161
    },
    {
        "model": 2,
        "sequence": 3,
        "status": 1,
        "fuel": 7213,
        "fault": 0.677,
        "weapon": 1,
        "pilot_injury": 0.815,
        "pilot_skill": 0.0161,
        "mission_priority": 0.9113,
        "estimated_landing_time": 288.0,
        "wait_time": 0,
        "Landing_success_rate": 0.8915
    },
    {
        "model": 1,
        "sequence": 22,
        "status": 1,
        "fuel": 7184,
        "fault": 0.4455,
        "weapon": 1,
        "pilot_injury": 0.0046,
        "pilot_skill": 0.8678,
        "mission_priority": 0.2616,
        "estimated_landing_time": 2074.0,
        "wait_time": 0,
        "Landing_success_rate": 0.92
    },
    {
        "model": 1,
        "sequence": 29,
        "status": 1,
        "fuel": 5954,
        "fault": 0.8883,
        "weapon": 0,
        "pilot_injury": 0.1694,
        "pilot_skill": 0.2887,
        "mission_priority": 0.5161,
        "estimated_landing_time": 2732.0,
        "wait_time": 0,
        "Landing_success_rate": 0.8538
    },
    {
        "model": 1,
        "sequence": 28,
        "status": 1,
        "fuel": 6827,
        "fault": 0.4348,
        "weapon": 1,
        "pilot_injury": 0.0419,
        "pilot_skill": 0.708,
        "mission_priority": 0.6162,
        "estimated_landing_time": 2638.0,
        "wait_time": 0,
        "Landing_success_rate": 0.9063
    },
    {
        "model": 1,
        "sequence": 10,
        "status": 1,
        "fuel": 6533,
        "fault": 0.1177,
        "weapon": 1,
        "pilot_injury": 0.8679,
        "pilot_skill": 0.3213,
        "mission_priority": 0.593,
        "estimated_landing_time": 946.0,
        "wait_time": 0,
        "Landing_success_rate": 0.9184
    },
    {
        "model": 0,
        "sequence": 1,
        "status": 1,
        "fuel": 6011,
        "fault": 0.9285,
        "weapon": 0,
        "pilot_injury": 0.8882,
        "pilot_skill": 0.4477,
        "mission_priority": 0.8254,
        "estimated_landing_time": 100.0,
        "wait_time": 0,
        "Landing_success_rate": 0.8527
    },
    {
        "model": 1,
        "sequence": 26,
        "status": 1,
        "fuel": 6938,
        "fault": 0.3635,
        "weapon": 0,
        "pilot_injury": 0.3554,
        "pilot_skill": 0.2854,
        "mission_priority": 0.1759,
        "estimated_landing_time": 2450.0,
        "wait_time": 0,
        "Landing_success_rate": 0.9186
    },
    {
        "model": 2,
        "sequence": 12,
        "status": 1,
        "fuel": 7483,
        "fault": 0.711,
        "weapon": 0,
        "pilot_injury": 0.5875,
        "pilot_skill": 0.6834,
        "mission_priority": 0.8794,
        "estimated_landing_time": 1134.0,
        "wait_time": 0,
        "Landing_success_rate": 0.893
    },
    {
        "model": 0,
        "sequence": 27,
        "status": 1,
        "fuel": 6886,
        "fault": 0.98,
        "weapon": 1,
        "pilot_injury": 0.0257,
        "pilot_skill": 0.1969,
        "mission_priority": 0.9081,
        "estimated_landing_time": 2544.0,
        "wait_time": 0,
        "Landing_success_rate": 0.8521
    },
    {
        "model": 1,
        "sequence": 2,
        "status": 1,
        "fuel": 5597,
        "fault": 0.3796,
        "weapon": 0,
        "pilot_injury": 0.2343,
        "pilot_skill": 0.7099,
        "mission_priority": 0.7317,
        "estimated_landing_time": 194.0,
        "wait_time": 0,
        "Landing_success_rate": 0.8545
    },
    {
        "model": 2,
        "sequence": 9,
        "status": 1,
        "fuel": 6206,
        "fault": 0.539,
        "weapon": 1,
        "pilot_injury": 0.7935,
        "pilot_skill": 0.9354,
        "mission_priority": 0.9574,
        "estimated_landing_time": 852.0,
        "wait_time": 0,
        "Landing_success_rate": 0.8744
    },
    {
        "model": 2,
        "sequence": 25,
        "status": 1,
        "fuel": 6677,
        "fault": 0.6556,
        "weapon": 0,
        "pilot_injury": 0.1135,
        "pilot_skill": 0.9226,
        "mission_priority": 0.9554,
        "estimated_landing_time": 2356.0,
        "wait_time": 0,
        "Landing_success_rate": 0.8804
    },
    {
        "model": 1,
        "sequence": 24,
        "status": 1,
        "fuel": 6306,
        "fault": 0.3096,
        "weapon": 1,
        "pilot_injury": 0.7662,
        "pilot_skill": 0.6959,
        "mission_priority": 0.5808,
        "estimated_landing_time": 2262.0,
        "wait_time": 0,
        "Landing_success_rate": 0.8917
    },
    {
        "model": 1,
        "sequence": 23,
        "status": 1,
        "fuel": 6413,
        "fault": 0.3429,
        "weapon": 1,
        "pilot_injury": 0.1971,
        "pilot_skill": 0.8025,
        "mission_priority": 0.3675,
        "estimated_landing_time": 2168.0,
        "wait_time": 0,
        "Landing_success_rate": 0.895
    },
    {
        "model": 2,
        "sequence": 4,
        "status": 1,
        "fuel": 7023,
        "fault": 0.3158,
        "weapon": 0,
        "pilot_injury": 0.3733,
        "pilot_skill": 0.9461,
        "mission_priority": 0.5573,
        "estimated_landing_time": 382.0,
        "wait_time": 0,
        "Landing_success_rate": 0.9282
    },
    {
        "model": 2,
        "sequence": 18,
        "status": 1,
        "fuel": 7083,
        "fault": 0.326,
        "weapon": 0,
        "pilot_injury": 0.4171,
        "pilot_skill": 0.493,
        "mission_priority": 0.5606,
        "estimated_landing_time": 1698.0,
        "wait_time": 0,
        "Landing_success_rate": 0.93
    },
    {
        "model": 1,
        "sequence": 14,
        "status": 1,
        "fuel": 5557,
        "fault": 0.9652,
        "weapon": 1,
        "pilot_injury": 0.0398,
        "pilot_skill": 0.7836,
        "mission_priority": 0.503,
        "estimated_landing_time": 1322.0,
        "wait_time": 0,
        "Landing_success_rate": 0.8501
    },
    {
        "model": 2,
        "sequence": 8,
        "status": 1,
        "fuel": 5521,
        "fault": 0.2099,
        "weapon": 1,
        "pilot_injury": 0.2705,
        "pilot_skill": 0.3204,
        "mission_priority": 0.063,
        "estimated_landing_time": 758.0,
        "wait_time": 0,
        "Landing_success_rate": 0.8512
    },
    {
        "model": 1,
        "sequence": 20,
        "status": 1,
        "fuel": 5940,
        "fault": 0.3253,
        "weapon": 1,
        "pilot_injury": 0.1481,
        "pilot_skill": 0.4895,
        "mission_priority": 0.3367,
        "estimated_landing_time": 1886.0,
        "wait_time": 0,
        "Landing_success_rate": 0.8723
    },
    {
        "model": 0,
        "sequence": 13,
        "status": 1,
        "fuel": 6133,
        "fault": 0.8186,
        "weapon": 0,
        "pilot_injury": 0.8394,
        "pilot_skill": 0.9869,
        "mission_priority": 0.2425,
        "estimated_landing_time": 1228.0,
        "wait_time": 0,
        "Landing_success_rate": 0.8586
    }
]