[
    {
        "model": 1,
        "sequence": 25,
        "status": 1,
        "fuel": 6145,
        "fault": 0.7772,
        "weapon": 0,
        "pilot_injury": 0.6179,
        "pilot_skill": 0.6299,
        "mission_priority": 0.8753,
        "estimated_landing_time": 2356.0,
        "wait_time": 0,
        "Landing_success_rate": 0.8608
    },
    {
        "model": 1,
        "sequence": 18,
        "status": 1,
        "fuel": 6145,
        "fault": 0.9376,
        "weapon": 1,
        "pilot_injury": 0.2102,
        "pilot_skill": 0.5161,
        "mission_priority": 0.0336,
        "estimated_landing_time": 1698.0,
        "wait_time": 0,
        "Landing_success_rate": 0.853
    },
    {
        "model": 0,
        "sequence": 10,
        "status": 1,
        "fuel": 5523,
        "fault": 0.5222,
        "weapon": 0,
        "pilot_injury": 0.539,
        "pilot_skill": 0.3958,
        "mission_priority": 0.3701,
        "estimated_landing_time": 946.0,
        "wait_time": 0,
        "Landing_success_rate": 0.8508
    },
    {
        "model": 1,
        "sequence": 4,
        "status": 1,
        "fuel": 6506,
        "fault": 0.4045,
        "weapon": 0,
        "pilot_injury": 0.3039,
        "pilot_skill": 0.5777,
        "mission_priority": 0.7865,
        "estimated_landing_time": 382.0,
        "wait_time": 0,
        "Landing_success_rate": 0.8949
    },
    {
        "model": 0,
        "sequence": 3,
        "status": 1,
        "fuel": 5660,
        "fault": 0.8986,
        "weapon": 0,
        "pilot_injury": 0.9486,
        "pilot_skill": 0.1973,
        "mission_priority": 0.64,
        "estimated_landing_time": 288.0,
        "wait_time": 0,
        "Landing_success_rate": 0.8512
    },
    {
        "model": 1,
        "sequence": 6,
        "status": 1,
        "fuel": 6942,
        "fault": 0.5213,
        "weapon": 0,
        "pilot_injury": 0.7253,
        "pilot_skill": 0.7826,
        "mission_priority": 0.6638,
        "estimated_landing_time": 570.0,
        "wait_time": 0,
        "Landing_success_rate": 0.9018
    },
    {
        "model": 2,
        "sequence": 26,
        "status": 1,
        "fuel": 6757,
        "fault": 0.9891,
        "weapon": 0,
        "pilot_injury": 0.7143,
        "pilot_skill": 0.7982,
        "mission_priority": 0.0326,
        "estimated_landing_time": 2450.0,
        "wait_time": 0,
        "Landing_success_rate": 0.851
    },
    {
        "model": 1,
        "sequence": 28,
        "status": 1,
        "fuel": 7360,
        "fault": 0.2226,
        "weapon": 1,
        "pilot_injury": 0.9678,
        "pilot_skill": 0.5205,
        "mission_priority": 0.1533,
        "estimated_landing_time": 2638.0,
        "wait_time": 0,
        "Landing_success_rate": 0.9584
    },
    {
        "model": 1,
        "sequence": 15,
        "status": 1,
        "fuel": 5667,
        "fault": 0.1845,
        "weapon": 1,
        "pilot_injury": 0.5432,
        "pilot_skill": 0.0578,
        "mission_priority": 0.3084,
        "estimated_landing_time": 1416.0,
        "wait_time": 0,
        "Landing_success_rate": 0.8602
    },
    {
        "model": 0,
        "sequence": 14,
        "status": 1,
        "fuel": 6192,
        "fault": 0.7182,
        "weapon": 0,
        "pilot_injury": 0.4323,
        "pilot_skill": 0.905,
        "mission_priority": 0.9846,
        "estimated_landing_time": 1322.0,
        "wait_time": 0,
        "Landing_success_rate": 0.8646
    },
    {
        "model": 1,
        "sequence": 12,
        "status": 1,
        "fuel": 7001,
        "fault": 0.8813,
        "weapon": 1,
        "pilot_injury": 0.2431,
        "pilot_skill": 0.3043,
        "mission_priority": 0.1606,
        "estimated_landing_time": 1134.0,
        "wait_time": 0,
        "Landing_success_rate": 0.8634
    },
    {
        "model": 0,
        "sequence": 11,
        "status": 1,
        "fuel": 7148,
        "fault": 0.256,
        "weapon": 0,
        "pilot_injury": 0.1617,
        "pilot_skill": 0.854,
        "mission_priority": 0.9368,
        "estimated_landing_time": 1040.0,
        "wait_time": 0,
        "Landing_success_rate": 0.942
    },
    {
        "model": 0,
        "sequence": 22,
        "status": 1,
        "fuel": 6116,
        "fault": 0.624,
        "weapon": 1,
        "pilot_injury": 0.1561,
        "pilot_skill": 0.6714,
        "mission_priority": 0.6494,
        "estimated_landing_time": 2074.0,
        "wait_time": 0,
        "Landing_success_rate": 0.8674
    },
    {
        "model": 1,
        "sequence": 16,
        "status": 1,
        "fuel": 5846,
        "fault": 0.7283,
        "weapon": 0,
        "pilot_injury": 0.0336,
        "pilot_skill": 0.98,
        "mission_priority": 0.9661,
        "estimated_landing_time": 1510.0,
        "wait_time": 0,
        "Landing_success_rate": 0.8571
    },
    {
        "model": 0,
        "sequence": 19,
        "status": 1,
        "fuel": 5716,
        "fault": 0.4937,
        "weapon": 1,
        "pilot_injury": 0.2981,
        "pilot_skill": 0.3391,
        "mission_priority": 0.1031,
        "estimated_landing_time": 1792.0,
        "wait_time": 0,
        "Landing_success_rate": 0.8582
    },
    {
        "model": 1,
        "sequence": 5,
        "status": 1,
        "fuel": 6059,
        "fault": 0.0739,
        "weapon": 0,
        "pilot_injury": 0.2388,
        "pilot_skill": 0.9778,
        "mission_priority": 0.453,
        "estimated_landing_time": 476.0,
        "wait_time": 0,
        "Landing_success_rate": 0.8888
    },
    {
        "model": 0,
        "sequence": 17,
        "status": 1,
        "fuel": 6815,
        "fault": 0.7633,
        "weapon": 1,
        "pilot_injury": 0.8301,
        "pilot_skill": 0.3378,
        "mission_priority": 0.967,
        "estimated_landing_time": 1604.0,
        "wait_time": 0,
        "Landing_success_rate": 0.8733
    },
    {
        "model": 0,
        "sequence": 9,
        "status": 1,
        "fuel": 5895,
        "fault": 0.3046,
        "weapon": 1,
        "pilot_injury": 0.3447,
        "pilot_skill": 0.7659,
        "mission_priority": 0.1988,
        "estimated_landing_time": 852.0,
        "wait_time": 0,
        "Landing_success_rate": 0.8706
    },
    {
        "model": 2,
        "sequence": 13,
        "status": 1,
        "fuel": 7063,
        "fault": 0.6138,
        "weapon": 0,
        "pilot_injury": 0.5863,
        "pilot_skill": 0.4924,
        "mission_priority": 0.8101,
        "estimated_landing_time": 1228.0,
        "wait_time": 0,
        "Landing_success_rate": 0.8953
    },
    {
        "model": 2,
        "sequence": 1,
        "status": 1,
        "fuel": 6726,
        "fault": 0.4216,
        "weapon": 1,
        "pilot_injury": 0.5123,
        "pilot_skill": 0.7558,
        "mission_priority": 0.271,
        "estimated_landing_time": 100.0,
        "wait_time": 0,
        "Landing_success_rate": 0.9032
    },
    {
        "model": 0,
        "sequence": 27,
        "status": 1,
        "fuel": 7446,
        "fault": 0.7286,
        "weapon": 1,
        "pilot_injury": 0.1305,
        "pilot_skill": 0.6102,
        "mission_priority": 0.4968,
        "estimated_landing_time": 2544.0,
        "wait_time": 0,
        "Landing_success_rate": 0.8896
    },
    {
        "model": 0,
        "sequence": 24,
        "status": 1,
        "fuel": 5999,
        "fault": 0.0832,
        "weapon": 1,
        "pilot_injury": 0.169,
        "pilot_skill": 0.7496,
        "mission_priority": 0.0937,
        "estimated_landing_time": 2262.0,
        "wait_time": 0,
        "Landing_success_rate": 0.8843
    },
    {
        "model": 0,
        "sequence": 21,
        "status": 1,
        "fuel": 6518,
        "fault": 0.8629,
        "weapon": 0,
        "pilot_injury": 0.5494,
        "pilot_skill": 0.5116,
        "mission_priority": 0.983,
        "estimated_landing_time": 1980.0,
        "wait_time": 0,
        "Landing_success_rate": 0.8605
    },
    {
        "model": 0,
        "sequence": 29,
        "status": 1,
        "fuel": 7304,
        "fault": 0.9383,
        "weapon": 1,
        "pilot_injury": 0.8955,
        "pilot_skill": 0.5426,
        "mission_priority": 0.1732,
        "estimated_landing_time": 2732.0,
        "wait_time": 0,
        "Landing_success_rate": 0.8583
    },
    {
        "model": 1,
        "sequence": 7,
        "status": 1,
        "fuel": 6291,
        "fault": 0.9155,
        "weapon": 1,
        "pilot_injury": 0.0186,
        "pilot_skill": 0.8379,
        "mission_priority": 0.9516,
        "estimated_landing_time": 664.0,
        "wait_time": 0,
        "Landing_success_rate": 0.855
    },
    {
        "model": 1,
        "sequence": 2,
        "status": 1,
        "fuel": 6983,
        "fault": 0.9531,
        "weapon": 1,
        "pilot_injury": 0.1658,
        "pilot_skill": 0.04,
        "mission_priority": 0.6765,
        "estimated_landing_time": 194.0,
        "wait_time": 0,
        "Landing_success_rate": 0.8552
    },
    {
        "model": 1,
        "sequence": 20,
        "status": 1,
        "fuel": 7203,
        "fault": 0.3441,
        "weapon": 1,
        "pilot_injury": 0.4558,
        "pilot_skill": 0.9729,
        "mission_priority": 0.9798,
        "estimated_landing_time": 1886.0,
        "wait_time": 0,
        "Landing_success_rate": 0.9338
    },
    {
        "model": 2,
        "sequence": 23,
        "status": 1,
        "fuel": 5957,
        "fault": 0.4398,
        "weapon": 1,
        "pilot_injury": 0.41,
        "pilot_skill": 0.3746,
        "mission_priority": 0.864,
        "estimated_landing_time": 2168.0,
        "wait_time": 0,
        "Landing_success_rate": 0.8692
    },
    {
        "model": 1,
        "sequence": 30,
        "status": 1,
        "fuel": 6529,
        "fault": 0.8625,
        "weapon": 0,
        "pilot_injury": 0.0068,
        "pilot_skill": 0.2619,
        "mission_priority": 0.6217,
        "estimated_landing_time": 2826.0,
        "wait_time": 0,
        "Landing_success_rate": 0.8606
    },
    {
        "model": 0,
        "sequence": 8,
        "status": 1,
        "fuel": 6537,
        "fault": 0.6473,
        "weapon": 1,
        "pilot_injury": 0.8802,
        "pilot_skill": 0.6918,
        "mission_priority": 0.0703,
        "estimated_landing_time": 758.0,
        "wait_time": 0,
        "Landing_success_rate": 0.8774
    }
]