[
    {
        "model": 1,
        "sequence": 21,
        "status": 1,
        "fuel": 5629,
        "fault": 0.6232,
        "weapon": 1,
        "pilot_injury": 0.0368,
        "pilot_skill": 0.0091,
        "mission_priority": 0.0877,
        "estimated_landing_time": 1980.0,
        "wait_time": 0,
        "Landing_success_rate": 0.8536
    },
    {
        "model": 1,
        "sequence": 7,
        "status": 1,
        "fuel": 6309,
        "fault": 0.2009,
        "weapon": 0,
        "pilot_injury": 0.3353,
        "pilot_skill": 0.2493,
        "mission_priority": 0.5069,
        "estimated_landing_time": 664.0,
        "wait_time": 0,
        "Landing_success_rate": 0.8985
    },
    {
        "model": 1,
        "sequence": 11,
        "status": 1,
        "fuel": 7148,
        "fault": 0.6172,
        "weapon": 0,
        "pilot_injury": 0.492,
        "pilot_skill": 0.8274,
        "mission_priority": 0.3126,
        "estimated_landing_time": 1040.0,
        "wait_time": 0,
        "Landing_success_rate": 0.8973
    },
    {
        "model": 0,
        "sequence": 29,
        "status": 1,
        "fuel": 7466,
        "fault": 0.1665,
        "weapon": 1,
        "pilot_injury": 0.4561,
        "pilot_skill": 0.6682,
        "mission_priority": 0.1886,
        "estimated_landing_time": 2732.0,
        "wait_time": 0,
        "Landing_success_rate": 0.9729
    },
    {
        "model": 2,
        "sequence": 8,
        "status": 1,
        "fuel": 6341,
        "fault": 0.0492,
        "weapon": 1,
        "pilot_injury": 0.1119,
        "pilot_skill": 0.1753,
        "mission_priority": 0.3176,
        "estimated_landing_time": 758.0,
        "wait_time": 0,
        "Landing_success_rate": 0.91
    },
    {
        "model": 1,
        "sequence": 26,
        "status": 1,
        "fuel": 7088,
        "fault": 0.1557,
        "weapon": 1,
        "pilot_injury": 0.2561,
        "pilot_skill": 0.9546,
        "mission_priority": 0.8464,
        "estimated_landing_time": 2450.0,
        "wait_time": 0,
        "Landing_success_rate": 0.9506
    },
    {
        "model": 1,
        "sequence": 5,
        "status": 1,
        "fuel": 6722,
        "fault": 0.0432,
        "weapon": 1,
        "pilot_injury": 0.338,
        "pilot_skill": 0.7031,
        "mission_priority": 0.3621,
        "estimated_landing_time": 476.0,
        "wait_time": 0,
        "Landing_success_rate": 0.9377
    },
    {
        "model": 1,
        "sequence": 22,
        "status": 1,
        "fuel": 6798,
        "fault": 0.0448,
        "weapon": 1,
        "pilot_injury": 0.4164,
        "pilot_skill": 0.6894,
        "mission_priority": 0.3702,
        "estimated_landing_time": 2074.0,
        "wait_time": 0,
        "Landing_success_rate": 0.943
    },
    {
        "model": 1,
        "sequence": 28,
        "status": 1,
        "fuel": 6647,
        "fault": 0.8681,
        "weapon": 0,
        "pilot_injury": 0.9894,
        "pilot_skill": 0.5049,
        "mission_priority": 0.222,
        "estimated_landing_time": 2638.0,
        "wait_time": 0,
        "Landing_success_rate": 0.8613
    },
    {
        "model": 1,
        "sequence": 25,
        "status": 1,
        "fuel": 5503,
        "fault": 0.3934,
        "weapon": 0,
        "pilot_injury": 0.7789,
        "pilot_skill": 0.9358,
        "mission_priority": 0.1107,
        "estimated_landing_time": 2356.0,
        "wait_time": 0,
        "Landing_success_rate": 0.8501
    },
    {
        "model": 2,
        "sequence": 23,
        "status": 1,
        "fuel": 7148,
        "fault": 0.2466,
        "weapon": 0,
        "pilot_injury": 0.2733,
        "pilot_skill": 0.7754,
        "mission_priority": 0.1555,
        "estimated_landing_time": 2168.0,
        "wait_time": 0,
        "Landing_success_rate": 0.9431
    },
    {
        "model": 1,
        "sequence": 3,
        "status": 1,
        "fuel": 5785,
        "fault": 0.677,
        "weapon": 1,
        "pilot_injury": 0.8053,
        "pilot_skill": 0.5634,
        "mission_priority": 0.9841,
        "estimated_landing_time": 288.0,
        "wait_time": 0,
        "Landing_success_rate": 0.8569
    },
    {
        "model": 0,
        "sequence": 2,
        "status": 1,
        "fuel": 6961,
        "fault": 0.5697,
        "weapon": 0,
        "pilot_injury": 0.9664,
        "pilot_skill": 0.0736,
        "mission_priority": 0.5146,
        "estimated_landing_time": 194.0,
        "wait_time": 0,
        "Landing_success_rate": 0.8972
    },
    {
        "model": 2,
        "sequence": 17,
        "status": 1,
        "fuel": 6112,
        "fault": 0.4345,
        "weapon": 0,
        "pilot_injury": 0.092,
        "pilot_skill": 0.41,
        "mission_priority": 0.8106,
        "estimated_landing_time": 1604.0,
        "wait_time": 0,
        "Landing_success_rate": 0.876
    },
    {
        "model": 1,
        "sequence": 14,
        "status": 1,
        "fuel": 7471,
        "fault": 0.191,
        "weapon": 1,
        "pilot_injury": 0.7177,
        "pilot_skill": 0.2866,
        "mission_priority": 0.2535,
        "estimated_landing_time": 1322.0,
        "wait_time": 0,
        "Landing_success_rate": 0.9696
    },
    {
        "model": 2,
        "sequence": 10,
        "status": 1,
        "fuel": 6727,
        "fault": 0.194,
        "weapon": 0,
        "pilot_injury": 0.5653,
        "pilot_skill": 0.9564,
        "mission_priority": 0.5255,
        "estimated_landing_time": 946.0,
        "wait_time": 0,
        "Landing_success_rate": 0.9242
    },
    {
        "model": 1,
        "sequence": 27,
        "status": 1,
        "fuel": 6478,
        "fault": 0.4754,
        "weapon": 1,
        "pilot_injury": 0.058,
        "pilot_skill": 0.3483,
        "mission_priority": 0.5749,
        "estimated_landing_time": 2544.0,
        "wait_time": 0,
        "Landing_success_rate": 0.8885
    },
    {
        "model": 2,
        "sequence": 4,
        "status": 1,
        "fuel": 6402,
        "fault": 0.6185,
        "weapon": 1,
        "pilot_injury": 0.4329,
        "pilot_skill": 0.9854,
        "mission_priority": 0.6885,
        "estimated_landing_time": 382.0,
        "wait_time": 0,
        "Landing_success_rate": 0.8758
    },
    {
        "model": 1,
        "sequence": 16,
        "status": 1,
        "fuel": 6267,
        "fault": 0.5463,
        "weapon": 1,
        "pilot_injury": 0.9995,
        "pilot_skill": 0.703,
        "mission_priority": 0.9719,
        "estimated_landing_time": 1510.0,
        "wait_time": 0,
        "Landing_success_rate": 0.8761
    },
    {
        "model": 0,
        "sequence": 12,
        "status": 1,
        "fuel": 6493,
        "fault": 0.4852,
        "weapon": 1,
        "pilot_injury": 0.3481,
        "pilot_skill": 0.053,
        "mission_priority": 0.1515,
        "estimated_landing_time": 1134.0,
        "wait_time": 0,
        "Landing_success_rate": 0.8883
    },
    {
        "model": 1,
        "sequence": 24,
        "status": 1,
        "fuel": 6036,
        "fault": 0.5371,
        "weapon": 0,
        "pilot_injury": 0.9018,
        "pilot_skill": 0.002,
        "mission_priority": 0.4505,
        "estimated_landing_time": 2262.0,
        "wait_time": 0,
        "Landing_success_rate": 0.8686
    },
    {
        "model": 2,
        "sequence": 19,
        "status": 1,
        "fuel": 6951,
        "fault": 0.3016,
        "weapon": 1,
        "pilot_injury": 0.4201,
        "pilot_skill": 0.2049,
        "mission_priority": 0.6927,
        "estimated_landing_time": 1792.0,
        "wait_time": 0,
        "Landing_success_rate": 0.926
    },
    {
        "model": 0,
        "sequence": 30,
        "status": 1,
        "fuel": 7237,
        "fault": 0.0095,
        "weapon": 0,
        "pilot_injury": 0.4773,
        "pilot_skill": 0.4517,
        "mission_priority": 0.778,
        "estimated_landing_time": 2826.0,
        "wait_time": 0,
        "Landing_success_rate": 0.979
    },
    {
        "model": 2,
        "sequence": 1,
        "status": 1,
        "fuel": 5531,
        "fault": 0.1259,
        "weapon": 0,
        "pilot_injury": 0.1511,
        "pilot_skill": 0.84,
        "mission_priority": 0.9656,
        "estimated_landing_time": 100.0,
        "wait_time": 0,
        "Landing_success_rate": 0.852
    },
    {
        "model": 2,
        "sequence": 13,
        "status": 1,
        "fuel": 5701,
        "fault": 0.5656,
        "weapon": 1,
        "pilot_injury": 0.2211,
        "pilot_skill": 0.7436,
        "mission_priority": 0.6384,
        "estimated_landing_time": 1228.0,
        "wait_time": 0,
        "Landing_success_rate": 0.8565
    },
    {
        "model": 1,
        "sequence": 20,
        "status": 1,
        "fuel": 5970,
        "fault": 0.5804,
        "weapon": 1,
        "pilot_injury": 0.3072,
        "pilot_skill": 0.8029,
        "mission_priority": 0.2536,
        "estimated_landing_time": 1886.0,
        "wait_time": 0,
        "Landing_success_rate": 0.8648
    },
    {
        "model": 0,
        "sequence": 18,
        "status": 1,
        "fuel": 7470,
        "fault": 0.5425,
        "weapon": 1,
        "pilot_injury": 0.3477,
        "pilot_skill": 0.0859,
        "mission_priority": 0.2958,
        "estimated_landing_time": 1698.0,
        "wait_time": 0,
        "Landing_success_rate": 0.9176
    },
    {
        "model": 1,
        "sequence": 9,
        "status": 1,
        "fuel": 6253,
        "fault": 0.0974,
        "weapon": 0,
        "pilot_injury": 0.7153,
        "pilot_skill": 0.588,
        "mission_priority": 0.7701,
        "estimated_landing_time": 852.0,
        "wait_time": 0,
        "Landing_success_rate": 0.901
    },
    {
        "model": 2,
        "sequence": 15,
        "status": 1,
        "fuel": 6793,
        "fault": 0.5462,
        "weapon": 0,
        "pilot_injury": 0.3593,
        "pilot_skill": 0.5213,
        "mission_priority": 0.1411,
        "estimated_landing_time": 1416.0,
        "wait_time": 0,
        "Landing_success_rate": 0.894
    },
    {
        "model": 0,
        "sequence": 6,
        "status": 1,
        "fuel": 6931,
        "fault": 0.2683,
        "weapon": 1,
        "pilot_injury": 0.4609,
        "pilot_skill": 0.6655,
        "mission_priority": 0.4278,
        "estimated_landing_time": 570.0,
        "wait_time": 0,
        "Landing_success_rate": 0.9285
    }
]