[
    {
        "model": 0,
        "sequence": 13,
        "status": 1,
        "fuel": 5954,
        "fault": 0.9852,
        "weapon": 0,
        "pilot_injury": 0.783,
        "pilot_skill": 0.1451,
        "mission_priority": 0.136,
        "estimated_landing_time": 1228.0,
        "wait_time": 0,
        "Landing_success_rate": 0.8505
    },
    {
        "model": 1,
        "sequence": 24,
        "status": 1,
        "fuel": 6943,
        "fault": 0.5072,
        "weapon": 0,
        "pilot_injury": 0.0546,
        "pilot_skill": 0.45,
        "mission_priority": 0.2414,
        "estimated_landing_time": 2262.0,
        "wait_time": 0,
        "Landing_success_rate": 0.9033
    },
    {
        "model": 2,
        "sequence": 16,
        "status": 1,
        "fuel": 6291,
        "fault": 0.4484,
        "weapon": 0,
        "pilot_injury": 0.5492,
        "pilot_skill": 0.9664,
        "mission_priority": 0.6372,
        "estimated_landing_time": 1510.0,
        "wait_time": 0,
        "Landing_success_rate": 0.8827
    },
    {
        "model": 1,
        "sequence": 28,
        "status": 1,
        "fuel": 6913,
        "fault": 0.5324,
        "weapon": 1,
        "pilot_injury": 0.0056,
        "pilot_skill": 0.2825,
        "mission_priority": 0.987,
        "estimated_landing_time": 2638.0,
        "wait_time": 0,
        "Landing_success_rate": 0.8996
    },
    {
        "model": 0,
        "sequence": 4,
        "status": 1,
        "fuel": 5819,
        "fault": 0.3413,
        "weapon": 1,
        "pilot_injury": 0.3265,
        "pilot_skill": 0.4399,
        "mission_priority": 0.9346,
        "estimated_landing_time": 382.0,
        "wait_time": 0,
        "Landing_success_rate": 0.8658
    },
    {
        "model": 1,
        "sequence": 26,
        "status": 1,
        "fuel": 6240,
        "fault": 0.9931,
        "weapon": 1,
        "pilot_injury": 0.5091,
        "pilot_skill": 0.2894,
        "mission_priority": 0.3387,
        "estimated_landing_time": 2450.0,
        "wait_time": 0,
        "Landing_success_rate": 0.8504
    },
    {
        "model": 2,
        "sequence": 3,
        "status": 1,
        "fuel": 5570,
        "fault": 0.1083,
        "weapon": 1,
        "pilot_injury": 0.6695,
        "pilot_skill": 0.7596,
        "mission_priority": 0.6954,
        "estimated_landing_time": 288.0,
        "wait_time": 0,
        "Landing_success_rate": 0.8547
    },
    {
        "model": 1,
        "sequence": 21,
        "status": 1,
        "fuel": 7474,
        "fault": 0.6182,
        "weapon": 1,
        "pilot_injury": 0.3324,
        "pilot_skill": 0.2146,
        "mission_priority": 0.0894,
        "estimated_landing_time": 1980.0,
        "wait_time": 0,
        "Landing_success_rate": 0.9065
    },
    {
        "model": 0,
        "sequence": 29,
        "status": 1,
        "fuel": 6105,
        "fault": 0.5914,
        "weapon": 0,
        "pilot_injury": 0.9125,
        "pilot_skill": 0.1805,
        "mission_priority": 0.0939,
        "estimated_landing_time": 2732.0,
        "wait_time": 0,
        "Landing_success_rate": 0.8685
    },
    {
        "model": 1,
        "sequence": 27,
        "status": 1,
        "fuel": 7470,
        "fault": 0.2856,
        "weapon": 0,
        "pilot_injury": 0.1306,
        "pilot_skill": 0.3624,
        "mission_priority": 0.9194,
        "estimated_landing_time": 2544.0,
        "wait_time": 0,
        "Landing_success_rate": 0.9556
    },
    {
        "model": 0,
        "sequence": 25,
        "status": 1,
        "fuel": 6533,
        "fault": 0.5936,
        "weapon": 1,
        "pilot_injury": 0.8242,
        "pilot_skill": 0.2452,
        "mission_priority": 0.4411,
        "estimated_landing_time": 2356.0,
        "wait_time": 0,
        "Landing_success_rate": 0.8815
    },
    {
        "model": 1,
        "sequence": 19,
        "status": 1,
        "fuel": 5562,
        "fault": 0.2342,
        "weapon": 0,
        "pilot_injury": 0.7365,
        "pilot_skill": 0.1281,
        "mission_priority": 0.948,
        "estimated_landing_time": 1792.0,
        "wait_time": 0,
        "Landing_success_rate": 0.8536
    },
    {
        "model": 1,
        "sequence": 20,
        "status": 1,
        "fuel": 7034,
        "fault": 0.8857,
        "weapon": 0,
        "pilot_injury": 0.7638,
        "pilot_skill": 0.5191,
        "mission_priority": 0.7475,
        "estimated_landing_time": 1886.0,
        "wait_time": 0,
        "Landing_success_rate": 0.8632
    },
    {
        "model": 1,
        "sequence": 8,
        "status": 1,
        "fuel": 7246,
        "fault": 0.3607,
        "weapon": 0,
        "pilot_injury": 0.3421,
        "pilot_skill": 0.1525,
        "mission_priority": 0.9811,
        "estimated_landing_time": 758.0,
        "wait_time": 0,
        "Landing_success_rate": 0.9337
    },
    {
        "model": 0,
        "sequence": 12,
        "status": 1,
        "fuel": 6123,
        "fault": 0.7243,
        "weapon": 1,
        "pilot_injury": 0.344,
        "pilot_skill": 0.5093,
        "mission_priority": 0.3987,
        "estimated_landing_time": 1134.0,
        "wait_time": 0,
        "Landing_success_rate": 0.8629
    },
    {
        "model": 2,
        "sequence": 7,
        "status": 1,
        "fuel": 6692,
        "fault": 0.6588,
        "weapon": 1,
        "pilot_injury": 0.5653,
        "pilot_skill": 0.6776,
        "mission_priority": 0.0237,
        "estimated_landing_time": 664.0,
        "wait_time": 0,
        "Landing_success_rate": 0.8805
    },
    {
        "model": 1,
        "sequence": 9,
        "status": 1,
        "fuel": 6147,
        "fault": 0.45,
        "weapon": 1,
        "pilot_injury": 0.7183,
        "pilot_skill": 0.2404,
        "mission_priority": 0.9202,
        "estimated_landing_time": 852.0,
        "wait_time": 0,
        "Landing_success_rate": 0.8767
    },
    {
        "model": 0,
        "sequence": 15,
        "status": 1,
        "fuel": 6864,
        "fault": 0.0698,
        "weapon": 1,
        "pilot_injury": 0.0255,
        "pilot_skill": 0.9721,
        "mission_priority": 0.2137,
        "estimated_landing_time": 1416.0,
        "wait_time": 0,
        "Landing_success_rate": 0.9452
    },
    {
        "model": 1,
        "sequence": 10,
        "status": 1,
        "fuel": 6601,
        "fault": 0.9,
        "weapon": 0,
        "pilot_injury": 0.0304,
        "pilot_skill": 0.5127,
        "mission_priority": 0.5267,
        "estimated_landing_time": 946.0,
        "wait_time": 0,
        "Landing_success_rate": 0.8583
    },
    {
        "model": 1,
        "sequence": 11,
        "status": 1,
        "fuel": 7021,
        "fault": 0.4679,
        "weapon": 1,
        "pilot_injury": 0.5425,
        "pilot_skill": 0.2491,
        "mission_priority": 0.7053,
        "estimated_landing_time": 1040.0,
        "wait_time": 0,
        "Landing_success_rate": 0.9107
    },
    {
        "model": 0,
        "sequence": 1,
        "status": 1,
        "fuel": 6665,
        "fault": 0.3909,
        "weapon": 1,
        "pilot_injury": 0.9519,
        "pilot_skill": 0.535,
        "mission_priority": 0.7847,
        "estimated_landing_time": 100.0,
        "wait_time": 0,
        "Landing_success_rate": 0.9032
    },
    {
        "model": 1,
        "sequence": 14,
        "status": 1,
        "fuel": 5993,
        "fault": 0.5928,
        "weapon": 1,
        "pilot_injury": 0.7864,
        "pilot_skill": 0.3095,
        "mission_priority": 0.1819,
        "estimated_landing_time": 1322.0,
        "wait_time": 0,
        "Landing_success_rate": 0.8651
    },
    {
        "model": 0,
        "sequence": 30,
        "status": 1,
        "fuel": 7147,
        "fault": 0.4944,
        "weapon": 1,
        "pilot_injury": 0.0425,
        "pilot_skill": 0.7631,
        "mission_priority": 0.0284,
        "estimated_landing_time": 2826.0,
        "wait_time": 0,
        "Landing_success_rate": 0.9125
    },
    {
        "model": 0,
        "sequence": 18,
        "status": 1,
        "fuel": 7161,
        "fault": 0.5781,
        "weapon": 0,
        "pilot_injury": 0.4053,
        "pilot_skill": 0.301,
        "mission_priority": 0.1868,
        "estimated_landing_time": 1698.0,
        "wait_time": 0,
        "Landing_success_rate": 0.9026
    },
    {
        "model": 1,
        "sequence": 2,
        "status": 1,
        "fuel": 6672,
        "fault": 0.7233,
        "weapon": 1,
        "pilot_injury": 0.1278,
        "pilot_skill": 0.0482,
        "mission_priority": 0.2434,
        "estimated_landing_time": 194.0,
        "wait_time": 0,
        "Landing_success_rate": 0.8743
    },
    {
        "model": 1,
        "sequence": 5,
        "status": 1,
        "fuel": 6957,
        "fault": 0.4792,
        "weapon": 0,
        "pilot_injury": 0.981,
        "pilot_skill": 0.8339,
        "mission_priority": 0.612,
        "estimated_landing_time": 476.0,
        "wait_time": 0,
        "Landing_success_rate": 0.9069
    },
    {
        "model": 0,
        "sequence": 23,
        "status": 1,
        "fuel": 6330,
        "fault": 0.1201,
        "weapon": 1,
        "pilot_injury": 0.4346,
        "pilot_skill": 0.7847,
        "mission_priority": 0.1774,
        "estimated_landing_time": 2168.0,
        "wait_time": 0,
        "Landing_success_rate": 0.9048
    },
    {
        "model": 0,
        "sequence": 22,
        "status": 1,
        "fuel": 7039,
        "fault": 0.2561,
        "weapon": 1,
        "pilot_injury": 0.5717,
        "pilot_skill": 0.4985,
        "mission_priority": 0.8508,
        "estimated_landing_time": 2074.0,
        "wait_time": 0,
        "Landing_success_rate": 0.9359
    },
    {
        "model": 2,
        "sequence": 17,
        "status": 1,
        "fuel": 6559,
        "fault": 0.367,
        "weapon": 1,
        "pilot_injury": 0.626,
        "pilot_skill": 0.1854,
        "mission_priority": 0.053,
        "estimated_landing_time": 1604.0,
        "wait_time": 0,
        "Landing_success_rate": 0.9003
    },
    {
        "model": 0,
        "sequence": 6,
        "status": 1,
        "fuel": 5919,
        "fault": 0.9613,
        "weapon": 0,
        "pilot_injury": 0.9308,
        "pilot_skill": 0.8319,
        "mission_priority": 0.4281,
        "estimated_landing_time": 570.0,
        "wait_time": 0,
        "Landing_success_rate": 0.8512
    }
]