[
    {
        "model": 1,
        "sequence": 5,
        "status": 1,
        "fuel": 7171,
        "fault": 0.1146,
        "weapon": 0,
        "pilot_injury": 0.8843,
        "pilot_skill": 0.8484,
        "mission_priority": 0.1073,
        "estimated_landing_time": 476.0,
        "wait_time": 0,
        "Landing_success_rate": 0.961
    },
    {
        "model": 0,
        "sequence": 15,
        "status": 1,
        "fuel": 7210,
        "fault": 0.2777,
        "weapon": 0,
        "pilot_injury": 0.0978,
        "pilot_skill": 0.0618,
        "mission_priority": 0.6978,
        "estimated_landing_time": 1416.0,
        "wait_time": 0,
        "Landing_success_rate": 0.9426
    },
    {
        "model": 0,
        "sequence": 27,
        "status": 1,
        "fuel": 6562,
        "fault": 0.3104,
        "weapon": 0,
        "pilot_injury": 0.2131,
        "pilot_skill": 0.6021,
        "mission_priority": 0.1484,
        "estimated_landing_time": 2544.0,
        "wait_time": 0,
        "Landing_success_rate": 0.9049
    },
    {
        "model": 1,
        "sequence": 14,
        "status": 1,
        "fuel": 6674,
        "fault": 0.3456,
        "weapon": 0,
        "pilot_injury": 0.3679,
        "pilot_skill": 0.7188,
        "mission_priority": 0.6026,
        "estimated_landing_time": 1322.0,
        "wait_time": 0,
        "Landing_success_rate": 0.9076
    },
    {
        "model": 1,
        "sequence": 10,
        "status": 1,
        "fuel": 7433,
        "fault": 0.9811,
        "weapon": 1,
        "pilot_injury": 0.3618,
        "pilot_skill": 0.8964,
        "mission_priority": 0.3469,
        "estimated_landing_time": 946.0,
        "wait_time": 0,
        "Landing_success_rate": 0.8527
    },
    {
        "model": 1,
        "sequence": 9,
        "status": 1,
        "fuel": 7308,
        "fault": 0.811,
        "weapon": 1,
        "pilot_injury": 0.324,
        "pilot_skill": 0.772,
        "mission_priority": 0.2731,
        "estimated_landing_time": 852.0,
        "wait_time": 0,
        "Landing_success_rate": 0.8756
    },
    {
        "model": 1,
        "sequence": 24,
        "status": 1,
        "fuel": 6782,
        "fault": 0.1354,
        "weapon": 0,
        "pilot_injury": 0.2532,
        "pilot_skill": 0.7275,
        "mission_priority": 0.3945,
        "estimated_landing_time": 2262.0,
        "wait_time": 0,
        "Landing_success_rate": 0.9331
    },
    {
        "model": 2,
        "sequence": 17,
        "status": 1,
        "fuel": 6598,
        "fault": 0.8974,
        "weapon": 1,
        "pilot_injury": 0.3613,
        "pilot_skill": 0.6065,
        "mission_priority": 0.7924,
        "estimated_landing_time": 1604.0,
        "wait_time": 0,
        "Landing_success_rate": 0.8584
    },
    {
        "model": 2,
        "sequence": 21,
        "status": 1,
        "fuel": 5944,
        "fault": 0.5414,
        "weapon": 1,
        "pilot_injury": 0.6304,
        "pilot_skill": 0.498,
        "mission_priority": 0.6563,
        "estimated_landing_time": 1980.0,
        "wait_time": 0,
        "Landing_success_rate": 0.8653
    },
    {
        "model": 1,
        "sequence": 25,
        "status": 1,
        "fuel": 5767,
        "fault": 0.5664,
        "weapon": 0,
        "pilot_injury": 0.4363,
        "pilot_skill": 0.2935,
        "mission_priority": 0.4212,
        "estimated_landing_time": 2356.0,
        "wait_time": 0,
        "Landing_success_rate": 0.8587
    },
    {
        "model": 0,
        "sequence": 3,
        "status": 1,
        "fuel": 7300,
        "fault": 0.8042,
        "weapon": 1,
        "pilot_injury": 0.8614,
        "pilot_skill": 0.1663,
        "mission_priority": 0.5537,
        "estimated_landing_time": 288.0,
        "wait_time": 0,
        "Landing_success_rate": 0.8764
    },
    {
        "model": 0,
        "sequence": 4,
        "status": 1,
        "fuel": 6300,
        "fault": 0.7706,
        "weapon": 0,
        "pilot_injury": 0.9705,
        "pilot_skill": 0.6263,
        "mission_priority": 0.0178,
        "estimated_landing_time": 382.0,
        "wait_time": 0,
        "Landing_success_rate": 0.8638
    },
    {
        "model": 2,
        "sequence": 6,
        "status": 1,
        "fuel": 7246,
        "fault": 0.0516,
        "weapon": 0,
        "pilot_injury": 0.6715,
        "pilot_skill": 0.6421,
        "mission_priority": 0.1885,
        "estimated_landing_time": 570.0,
        "wait_time": 0,
        "Landing_success_rate": 0.9742
    },
    {
        "model": 1,
        "sequence": 8,
        "status": 1,
        "fuel": 6275,
        "fault": 0.0631,
        "weapon": 0,
        "pilot_injury": 0.1786,
        "pilot_skill": 0.557,
        "mission_priority": 0.2036,
        "estimated_landing_time": 758.0,
        "wait_time": 0,
        "Landing_success_rate": 0.9045
    },
    {
        "model": 0,
        "sequence": 19,
        "status": 1,
        "fuel": 5738,
        "fault": 0.1001,
        "weapon": 1,
        "pilot_injury": 0.4022,
        "pilot_skill": 0.2027,
        "mission_priority": 0.3836,
        "estimated_landing_time": 1792.0,
        "wait_time": 0,
        "Landing_success_rate": 0.8661
    },
    {
        "model": 1,
        "sequence": 26,
        "status": 1,
        "fuel": 6403,
        "fault": 0.0237,
        "weapon": 1,
        "pilot_injury": 0.8981,
        "pilot_skill": 0.9302,
        "mission_priority": 0.203,
        "estimated_landing_time": 2450.0,
        "wait_time": 0,
        "Landing_success_rate": 0.9161
    },
    {
        "model": 2,
        "sequence": 1,
        "status": 1,
        "fuel": 6882,
        "fault": 0.8992,
        "weapon": 0,
        "pilot_injury": 0.7673,
        "pilot_skill": 0.1927,
        "mission_priority": 0.2261,
        "estimated_landing_time": 100.0,
        "wait_time": 0,
        "Landing_success_rate": 0.8604
    },
    {
        "model": 2,
        "sequence": 22,
        "status": 1,
        "fuel": 6765,
        "fault": 0.63,
        "weapon": 1,
        "pilot_injury": 0.2275,
        "pilot_skill": 0.4197,
        "mission_priority": 0.2597,
        "estimated_landing_time": 2074.0,
        "wait_time": 0,
        "Landing_success_rate": 0.8851
    },
    {
        "model": 0,
        "sequence": 18,
        "status": 1,
        "fuel": 6505,
        "fault": 0.4126,
        "weapon": 1,
        "pilot_injury": 0.2856,
        "pilot_skill": 0.116,
        "mission_priority": 0.4387,
        "estimated_landing_time": 1698.0,
        "wait_time": 0,
        "Landing_success_rate": 0.8943
    },
    {
        "model": 1,
        "sequence": 29,
        "status": 1,
        "fuel": 5794,
        "fault": 0.8199,
        "weapon": 1,
        "pilot_injury": 0.295,
        "pilot_skill": 0.9664,
        "mission_priority": 0.3998,
        "estimated_landing_time": 2732.0,
        "wait_time": 0,
        "Landing_success_rate": 0.854
    },
    {
        "model": 2,
        "sequence": 16,
        "status": 1,
        "fuel": 6811,
        "fault": 0.4956,
        "weapon": 1,
        "pilot_injury": 0.4777,
        "pilot_skill": 0.0718,
        "mission_priority": 0.305,
        "estimated_landing_time": 1510.0,
        "wait_time": 0,
        "Landing_success_rate": 0.8996
    },
    {
        "model": 0,
        "sequence": 11,
        "status": 1,
        "fuel": 7488,
        "fault": 0.8957,
        "weapon": 1,
        "pilot_injury": 0.909,
        "pilot_skill": 0.2841,
        "mission_priority": 0.2091,
        "estimated_landing_time": 1040.0,
        "wait_time": 0,
        "Landing_success_rate": 0.8656
    },
    {
        "model": 1,
        "sequence": 23,
        "status": 1,
        "fuel": 6535,
        "fault": 0.4058,
        "weapon": 1,
        "pilot_injury": 0.9732,
        "pilot_skill": 0.985,
        "mission_priority": 0.7649,
        "estimated_landing_time": 2168.0,
        "wait_time": 0,
        "Landing_success_rate": 0.8961
    },
    {
        "model": 1,
        "sequence": 2,
        "status": 1,
        "fuel": 6610,
        "fault": 0.2153,
        "weapon": 0,
        "pilot_injury": 0.2546,
        "pilot_skill": 0.8689,
        "mission_priority": 0.6075,
        "estimated_landing_time": 194.0,
        "wait_time": 0,
        "Landing_success_rate": 0.9153
    },
    {
        "model": 2,
        "sequence": 7,
        "status": 1,
        "fuel": 7150,
        "fault": 0.5755,
        "weapon": 1,
        "pilot_injury": 0.4639,
        "pilot_skill": 0.2783,
        "mission_priority": 0.154,
        "estimated_landing_time": 664.0,
        "wait_time": 0,
        "Landing_success_rate": 0.9025
    },
    {
        "model": 0,
        "sequence": 20,
        "status": 1,
        "fuel": 7251,
        "fault": 0.8994,
        "weapon": 1,
        "pilot_injury": 0.5434,
        "pilot_skill": 0.0782,
        "mission_priority": 0.7977,
        "estimated_landing_time": 1886.0,
        "wait_time": 0,
        "Landing_success_rate": 0.8632
    },
    {
        "model": 1,
        "sequence": 28,
        "status": 1,
        "fuel": 6271,
        "fault": 0.965,
        "weapon": 1,
        "pilot_injury": 0.1428,
        "pilot_skill": 0.7491,
        "mission_priority": 0.8784,
        "estimated_landing_time": 2638.0,
        "wait_time": 0,
        "Landing_success_rate": 0.852
    },
    {
        "model": 0,
        "sequence": 12,
        "status": 1,
        "fuel": 6438,
        "fault": 0.7588,
        "weapon": 0,
        "pilot_injury": 0.0637,
        "pilot_skill": 0.5477,
        "mission_priority": 0.0475,
        "estimated_landing_time": 1134.0,
        "wait_time": 0,
        "Landing_success_rate": 0.867
    },
    {
        "model": 1,
        "sequence": 13,
        "status": 1,
        "fuel": 6940,
        "fault": 0.845,
        "weapon": 0,
        "pilot_injury": 0.1829,
        "pilot_skill": 0.853,
        "mission_priority": 0.6034,
        "estimated_landing_time": 1228.0,
        "wait_time": 0,
        "Landing_success_rate": 0.8667
    },
    {
        "model": 1,
        "sequence": 30,
        "status": 1,
        "fuel": 7167,
        "fault": 0.6221,
        "weapon": 0,
        "pilot_injury": 0.7475,
        "pilot_skill": 0.3701,
        "mission_priority": 0.4414,
        "estimated_landing_time": 2826.0,
        "wait_time": 0,
        "Landing_success_rate": 0.8972
    }
]