[
    {
        "model": 1,
        "sequence": 26,
        "status": 1,
        "fuel": 5958,
        "fault": 0.126,
        "weapon": 1,
        "pilot_injury": 0.5759,
        "pilot_skill": 0.7244,
        "mission_priority": 0.0901,
        "estimated_landing_time": 2450.0,
        "wait_time": 0,
        "Landing_success_rate": 0.88
    },
    {
        "model": 1,
        "sequence": 13,
        "status": 1,
        "fuel": 7330,
        "fault": 0.3565,
        "weapon": 0,
        "pilot_injury": 0.1529,
        "pilot_skill": 0.3319,
        "mission_priority": 0.2815,
        "estimated_landing_time": 1228.0,
        "wait_time": 0,
        "Landing_success_rate": 0.9383
    },
    {
        "model": 2,
        "sequence": 22,
        "status": 1,
        "fuel": 6707,
        "fault": 0.0734,
        "weapon": 1,
        "pilot_injury": 0.1582,
        "pilot_skill": 0.1367,
        "mission_priority": 0.2107,
        "estimated_landing_time": 2074.0,
        "wait_time": 0,
        "Landing_success_rate": 0.9339
    },
    {
        "model": 0,
        "sequence": 7,
        "status": 1,
        "fuel": 7078,
        "fault": 0.7701,
        "weapon": 0,
        "pilot_injury": 0.6285,
        "pilot_skill": 0.2908,
        "mission_priority": 0.0684,
        "estimated_landing_time": 664.0,
        "wait_time": 0,
        "Landing_success_rate": 0.8772
    },
    {
        "model": 2,
        "sequence": 20,
        "status": 1,
        "fuel": 6354,
        "fault": 0.3216,
        "weapon": 1,
        "pilot_injury": 0.2036,
        "pilot_skill": 0.5062,
        "mission_priority": 0.3885,
        "estimated_landing_time": 1886.0,
        "wait_time": 0,
        "Landing_success_rate": 0.8935
    },
    {
        "model": 2,
        "sequence": 1,
        "status": 1,
        "fuel": 6080,
        "fault": 0.5382,
        "weapon": 1,
        "pilot_injury": 0.8593,
        "pilot_skill": 0.3692,
        "mission_priority": 0.8108,
        "estimated_landing_time": 100.0,
        "wait_time": 0,
        "Landing_success_rate": 0.8701
    },
    {
        "model": 2,
        "sequence": 23,
        "status": 1,
        "fuel": 5753,
        "fault": 0.4172,
        "weapon": 0,
        "pilot_injury": 0.5266,
        "pilot_skill": 0.3925,
        "mission_priority": 0.0698,
        "estimated_landing_time": 2168.0,
        "wait_time": 0,
        "Landing_success_rate": 0.8611
    },
    {
        "model": 0,
        "sequence": 21,
        "status": 1,
        "fuel": 7350,
        "fault": 0.8293,
        "weapon": 1,
        "pilot_injury": 0.5273,
        "pilot_skill": 0.0539,
        "mission_priority": 0.3774,
        "estimated_landing_time": 1980.0,
        "wait_time": 0,
        "Landing_success_rate": 0.8737
    },
    {
        "model": 0,
        "sequence": 25,
        "status": 1,
        "fuel": 5663,
        "fault": 0.2359,
        "weapon": 0,
        "pilot_injury": 0.4992,
        "pilot_skill": 0.0654,
        "mission_priority": 0.0632,
        "estimated_landing_time": 2356.0,
        "wait_time": 0,
        "Landing_success_rate": 0.8593
    },
    {
        "model": 2,
        "sequence": 30,
        "status": 1,
        "fuel": 5971,
        "fault": 0.1919,
        "weapon": 0,
        "pilot_injury": 0.7447,
        "pilot_skill": 0.3266,
        "mission_priority": 0.3502,
        "estimated_landing_time": 2826.0,
        "wait_time": 0,
        "Landing_success_rate": 0.8785
    },
    {
        "model": 2,
        "sequence": 17,
        "status": 1,
        "fuel": 6262,
        "fault": 0.5213,
        "weapon": 1,
        "pilot_injury": 0.559,
        "pilot_skill": 0.0729,
        "mission_priority": 0.5574,
        "estimated_landing_time": 1604.0,
        "wait_time": 0,
        "Landing_success_rate": 0.8774
    },
    {
        "model": 2,
        "sequence": 10,
        "status": 1,
        "fuel": 7228,
        "fault": 0.5245,
        "weapon": 0,
        "pilot_injury": 0.6375,
        "pilot_skill": 0.709,
        "mission_priority": 0.5952,
        "estimated_landing_time": 946.0,
        "wait_time": 0,
        "Landing_success_rate": 0.9116
    },
    {
        "model": 0,
        "sequence": 27,
        "status": 1,
        "fuel": 6145,
        "fault": 0.6926,
        "weapon": 0,
        "pilot_injury": 0.6151,
        "pilot_skill": 0.3327,
        "mission_priority": 0.3244,
        "estimated_landing_time": 2544.0,
        "wait_time": 0,
        "Landing_success_rate": 0.8649
    },
    {
        "model": 2,
        "sequence": 3,
        "status": 1,
        "fuel": 7137,
        "fault": 0.9281,
        "weapon": 1,
        "pilot_injury": 0.9856,
        "pilot_skill": 0.2623,
        "mission_priority": 0.5919,
        "estimated_landing_time": 288.0,
        "wait_time": 0,
        "Landing_success_rate": 0.8588
    },
    {
        "model": 1,
        "sequence": 8,
        "status": 1,
        "fuel": 7431,
        "fault": 0.8882,
        "weapon": 1,
        "pilot_injury": 0.1092,
        "pilot_skill": 0.286,
        "mission_priority": 0.5155,
        "estimated_landing_time": 758.0,
        "wait_time": 0,
        "Landing_success_rate": 0.8662
    },
    {
        "model": 2,
        "sequence": 2,
        "status": 1,
        "fuel": 6078,
        "fault": 0.313,
        "weapon": 1,
        "pilot_injury": 0.0513,
        "pilot_skill": 0.4972,
        "mission_priority": 0.9481,
        "estimated_landing_time": 194.0,
        "wait_time": 0,
        "Landing_success_rate": 0.8798
    },
    {
        "model": 2,
        "sequence": 11,
        "status": 1,
        "fuel": 7295,
        "fault": 0.3762,
        "weapon": 0,
        "pilot_injury": 0.6567,
        "pilot_skill": 0.1411,
        "mission_priority": 0.4129,
        "estimated_landing_time": 1040.0,
        "wait_time": 0,
        "Landing_success_rate": 0.934
    },
    {
        "model": 0,
        "sequence": 5,
        "status": 1,
        "fuel": 7045,
        "fault": 0.2788,
        "weapon": 1,
        "pilot_injury": 0.8101,
        "pilot_skill": 0.8614,
        "mission_priority": 0.7635,
        "estimated_landing_time": 476.0,
        "wait_time": 0,
        "Landing_success_rate": 0.9336
    },
    {
        "model": 0,
        "sequence": 29,
        "status": 1,
        "fuel": 6414,
        "fault": 0.2542,
        "weapon": 1,
        "pilot_injury": 0.0723,
        "pilot_skill": 0.3352,
        "mission_priority": 0.7656,
        "estimated_landing_time": 2732.0,
        "wait_time": 0,
        "Landing_success_rate": 0.9011
    },
    {
        "model": 1,
        "sequence": 16,
        "status": 1,
        "fuel": 6065,
        "fault": 0.3296,
        "weapon": 0,
        "pilot_injury": 0.9603,
        "pilot_skill": 0.2733,
        "mission_priority": 0.66,
        "estimated_landing_time": 1510.0,
        "wait_time": 0,
        "Landing_success_rate": 0.8784
    },
    {
        "model": 2,
        "sequence": 9,
        "status": 1,
        "fuel": 6692,
        "fault": 0.9717,
        "weapon": 0,
        "pilot_injury": 0.4125,
        "pilot_skill": 0.2114,
        "mission_priority": 0.1964,
        "estimated_landing_time": 852.0,
        "wait_time": 0,
        "Landing_success_rate": 0.8525
    },
    {
        "model": 0,
        "sequence": 28,
        "status": 1,
        "fuel": 5552,
        "fault": 0.443,
        "weapon": 1,
        "pilot_injury": 0.6106,
        "pilot_skill": 0.8205,
        "mission_priority": 0.2953,
        "estimated_landing_time": 2638.0,
        "wait_time": 0,
        "Landing_success_rate": 0.8522
    },
    {
        "model": 0,
        "sequence": 15,
        "status": 1,
        "fuel": 6269,
        "fault": 0.6941,
        "weapon": 0,
        "pilot_injury": 0.5726,
        "pilot_skill": 0.7395,
        "mission_priority": 0.5793,
        "estimated_landing_time": 1416.0,
        "wait_time": 0,
        "Landing_success_rate": 0.8676
    },
    {
        "model": 0,
        "sequence": 6,
        "status": 1,
        "fuel": 5660,
        "fault": 0.2745,
        "weapon": 0,
        "pilot_injury": 0.4244,
        "pilot_skill": 0.5723,
        "mission_priority": 0.647,
        "estimated_landing_time": 570.0,
        "wait_time": 0,
        "Landing_success_rate": 0.8587
    },
    {
        "model": 0,
        "sequence": 14,
        "status": 1,
        "fuel": 6896,
        "fault": 0.6868,
        "weapon": 0,
        "pilot_injury": 0.8074,
        "pilot_skill": 0.0666,
        "mission_priority": 0.7195,
        "estimated_landing_time": 1322.0,
        "wait_time": 0,
        "Landing_success_rate": 0.8828
    },
    {
        "model": 0,
        "sequence": 12,
        "status": 1,
        "fuel": 6603,
        "fault": 0.4566,
        "weapon": 1,
        "pilot_injury": 0.707,
        "pilot_skill": 0.8704,
        "mission_priority": 0.8287,
        "estimated_landing_time": 1134.0,
        "wait_time": 0,
        "Landing_success_rate": 0.895
    },
    {
        "model": 0,
        "sequence": 18,
        "status": 1,
        "fuel": 6418,
        "fault": 0.8642,
        "weapon": 0,
        "pilot_injury": 0.6631,
        "pilot_skill": 0.0524,
        "mission_priority": 0.3282,
        "estimated_landing_time": 1698.0,
        "wait_time": 0,
        "Landing_success_rate": 0.8593
    },
    {
        "model": 2,
        "sequence": 19,
        "status": 1,
        "fuel": 5997,
        "fault": 0.1884,
        "weapon": 0,
        "pilot_injury": 0.7273,
        "pilot_skill": 0.8053,
        "mission_priority": 0.7632,
        "estimated_landing_time": 1792.0,
        "wait_time": 0,
        "Landing_success_rate": 0.8803
    },
    {
        "model": 0,
        "sequence": 24,
        "status": 1,
        "fuel": 7397,
        "fault": 0.063,
        "weapon": 0,
        "pilot_injury": 0.8725,
        "pilot_skill": 0.7425,
        "mission_priority": 0.7553,
        "estimated_landing_time": 2262.0,
        "wait_time": 0,
        "Landing_success_rate": 0.9833
    },
    {
        "model": 2,
        "sequence": 4,
        "status": 1,
        "fuel": 6672,
        "fault": 0.1247,
        "weapon": 1,
        "pilot_injury": 0.8979,
        "pilot_skill": 0.8342,
        "mission_priority": 0.2674,
        "estimated_landing_time": 382.0,
        "wait_time": 0,
        "Landing_success_rate": 0.9269
    }
]