[
    {
        "model": 2,
        "sequence": 6,
        "status": 1,
        "fuel": 6049,
        "fault": 0.0699,
        "weapon": 1,
        "pilot_injury": 0.6766,
        "pilot_skill": 0.6516,
        "mission_priority": 0.2491,
        "estimated_landing_time": 570.0,
        "wait_time": 0,
        "Landing_success_rate": 0.8883
    },
    {
        "model": 2,
        "sequence": 12,
        "status": 1,
        "fuel": 7095,
        "fault": 0.6525,
        "weapon": 1,
        "pilot_injury": 0.1534,
        "pilot_skill": 0.3601,
        "mission_priority": 0.6621,
        "estimated_landing_time": 1134.0,
        "wait_time": 0,
        "Landing_success_rate": 0.8916
    },
    {
        "model": 0,
        "sequence": 20,
        "status": 1,
        "fuel": 6558,
        "fault": 0.4381,
        "weapon": 0,
        "pilot_injury": 0.2768,
        "pilot_skill": 0.9638,
        "mission_priority": 0.3783,
        "estimated_landing_time": 1886.0,
        "wait_time": 0,
        "Landing_success_rate": 0.8946
    },
    {
        "model": 1,
        "sequence": 14,
        "status": 1,
        "fuel": 7480,
        "fault": 0.4472,
        "weapon": 0,
        "pilot_injury": 0.6496,
        "pilot_skill": 0.2436,
        "mission_priority": 0.9221,
        "estimated_landing_time": 1322.0,
        "wait_time": 0,
        "Landing_success_rate": 0.9321
    },
    {
        "model": 1,
        "sequence": 25,
        "status": 1,
        "fuel": 6541,
        "fault": 0.3066,
        "weapon": 0,
        "pilot_injury": 0.7658,
        "pilot_skill": 0.8815,
        "mission_priority": 0.4569,
        "estimated_landing_time": 2356.0,
        "wait_time": 0,
        "Landing_success_rate": 0.9041
    },
    {
        "model": 0,
        "sequence": 22,
        "status": 1,
        "fuel": 7119,
        "fault": 0.2831,
        "weapon": 0,
        "pilot_injury": 0.778,
        "pilot_skill": 0.7557,
        "mission_priority": 0.4106,
        "estimated_landing_time": 2074.0,
        "wait_time": 0,
        "Landing_success_rate": 0.937
    },
    {
        "model": 1,
        "sequence": 19,
        "status": 1,
        "fuel": 6269,
        "fault": 0.6553,
        "weapon": 1,
        "pilot_injury": 0.0906,
        "pilot_skill": 0.6378,
        "mission_priority": 0.913,
        "estimated_landing_time": 1792.0,
        "wait_time": 0,
        "Landing_success_rate": 0.8699
    },
    {
        "model": 1,
        "sequence": 17,
        "status": 1,
        "fuel": 5625,
        "fault": 0.6303,
        "weapon": 0,
        "pilot_injury": 0.9907,
        "pilot_skill": 0.5418,
        "mission_priority": 0.3458,
        "estimated_landing_time": 1604.0,
        "wait_time": 0,
        "Landing_success_rate": 0.8535
    },
    {
        "model": 1,
        "sequence": 29,
        "status": 1,
        "fuel": 6532,
        "fault": 0.5214,
        "weapon": 0,
        "pilot_injury": 0.9029,
        "pilot_skill": 0.4075,
        "mission_priority": 0.56,
        "estimated_landing_time": 2732.0,
        "wait_time": 0,
        "Landing_success_rate": 0.887
    },
    {
        "model": 1,
        "sequence": 26,
        "status": 1,
        "fuel": 6413,
        "fault": 0.3342,
        "weapon": 0,
        "pilot_injury": 0.2026,
        "pilot_skill": 0.7945,
        "mission_priority": 0.3673,
        "estimated_landing_time": 2450.0,
        "wait_time": 0,
        "Landing_success_rate": 0.8956
    },
    {
        "model": 2,
        "sequence": 28,
        "status": 1,
        "fuel": 6824,
        "fault": 0.6233,
        "weapon": 0,
        "pilot_injury": 0.086,
        "pilot_skill": 0.3148,
        "mission_priority": 0.9333,
        "estimated_landing_time": 2638.0,
        "wait_time": 0,
        "Landing_success_rate": 0.8874
    },
    {
        "model": 1,
        "sequence": 16,
        "status": 1,
        "fuel": 7478,
        "fault": 0.812,
        "weapon": 0,
        "pilot_injury": 0.5128,
        "pilot_skill": 0.5833,
        "mission_priority": 0.3016,
        "estimated_landing_time": 1510.0,
        "wait_time": 0,
        "Landing_success_rate": 0.8779
    },
    {
        "model": 2,
        "sequence": 5,
        "status": 1,
        "fuel": 7363,
        "fault": 0.5638,
        "weapon": 0,
        "pilot_injury": 0.1385,
        "pilot_skill": 0.9113,
        "mission_priority": 0.3542,
        "estimated_landing_time": 476.0,
        "wait_time": 0,
        "Landing_success_rate": 0.9109
    },
    {
        "model": 2,
        "sequence": 15,
        "status": 1,
        "fuel": 6522,
        "fault": 0.8943,
        "weapon": 1,
        "pilot_injury": 0.2833,
        "pilot_skill": 0.2869,
        "mission_priority": 0.254,
        "estimated_landing_time": 1416.0,
        "wait_time": 0,
        "Landing_success_rate": 0.8581
    },
    {
        "model": 1,
        "sequence": 21,
        "status": 1,
        "fuel": 5891,
        "fault": 0.2631,
        "weapon": 0,
        "pilot_injury": 0.8618,
        "pilot_skill": 0.9693,
        "mission_priority": 0.2788,
        "estimated_landing_time": 1980.0,
        "wait_time": 0,
        "Landing_success_rate": 0.8716
    },
    {
        "model": 0,
        "sequence": 9,
        "status": 1,
        "fuel": 7323,
        "fault": 0.2417,
        "weapon": 1,
        "pilot_injury": 0.8467,
        "pilot_skill": 0.3083,
        "mission_priority": 0.7648,
        "estimated_landing_time": 852.0,
        "wait_time": 0,
        "Landing_success_rate": 0.9537
    },
    {
        "model": 2,
        "sequence": 2,
        "status": 1,
        "fuel": 5530,
        "fault": 0.698,
        "weapon": 1,
        "pilot_injury": 0.5766,
        "pilot_skill": 0.0624,
        "mission_priority": 0.5886,
        "estimated_landing_time": 194.0,
        "wait_time": 0,
        "Landing_success_rate": 0.8507
    },
    {
        "model": 0,
        "sequence": 30,
        "status": 1,
        "fuel": 5599,
        "fault": 0.4382,
        "weapon": 0,
        "pilot_injury": 0.4027,
        "pilot_skill": 0.2051,
        "mission_priority": 0.2096,
        "estimated_landing_time": 2826.0,
        "wait_time": 0,
        "Landing_success_rate": 0.8542
    },
    {
        "model": 1,
        "sequence": 27,
        "status": 1,
        "fuel": 6050,
        "fault": 0.1322,
        "weapon": 1,
        "pilot_injury": 0.4813,
        "pilot_skill": 0.6912,
        "mission_priority": 0.9356,
        "estimated_landing_time": 2544.0,
        "wait_time": 0,
        "Landing_success_rate": 0.8858
    },
    {
        "model": 1,
        "sequence": 18,
        "status": 1,
        "fuel": 7230,
        "fault": 0.5905,
        "weapon": 0,
        "pilot_injury": 0.5107,
        "pilot_skill": 0.2786,
        "mission_priority": 0.0657,
        "estimated_landing_time": 1698.0,
        "wait_time": 0,
        "Landing_success_rate": 0.9031
    },
    {
        "model": 0,
        "sequence": 3,
        "status": 1,
        "fuel": 7209,
        "fault": 0.2028,
        "weapon": 0,
        "pilot_injury": 0.8562,
        "pilot_skill": 0.1597,
        "mission_priority": 0.8843,
        "estimated_landing_time": 288.0,
        "wait_time": 0,
        "Landing_success_rate": 0.9522
    },
    {
        "model": 2,
        "sequence": 24,
        "status": 1,
        "fuel": 5950,
        "fault": 0.9908,
        "weapon": 1,
        "pilot_injury": 0.9824,
        "pilot_skill": 0.0391,
        "mission_priority": 0.7948,
        "estimated_landing_time": 2262.0,
        "wait_time": 0,
        "Landing_success_rate": 0.8503
    },
    {
        "model": 2,
        "sequence": 10,
        "status": 1,
        "fuel": 6666,
        "fault": 0.5697,
        "weapon": 1,
        "pilot_injury": 0.7283,
        "pilot_skill": 0.0607,
        "mission_priority": 0.24,
        "estimated_landing_time": 946.0,
        "wait_time": 0,
        "Landing_success_rate": 0.8876
    },
    {
        "model": 2,
        "sequence": 13,
        "status": 1,
        "fuel": 6296,
        "fault": 0.1985,
        "weapon": 1,
        "pilot_injury": 0.0685,
        "pilot_skill": 0.1543,
        "mission_priority": 0.7203,
        "estimated_landing_time": 1228.0,
        "wait_time": 0,
        "Landing_success_rate": 0.8978
    },
    {
        "model": 2,
        "sequence": 11,
        "status": 1,
        "fuel": 6046,
        "fault": 0.904,
        "weapon": 0,
        "pilot_injury": 0.0914,
        "pilot_skill": 0.6872,
        "mission_priority": 0.253,
        "estimated_landing_time": 1040.0,
        "wait_time": 0,
        "Landing_success_rate": 0.8539
    },
    {
        "model": 1,
        "sequence": 4,
        "status": 1,
        "fuel": 6449,
        "fault": 0.5496,
        "weapon": 1,
        "pilot_injury": 0.3962,
        "pilot_skill": 0.9255,
        "mission_priority": 0.384,
        "estimated_landing_time": 382.0,
        "wait_time": 0,
        "Landing_success_rate": 0.8821
    },
    {
        "model": 2,
        "sequence": 7,
        "status": 1,
        "fuel": 6325,
        "fault": 0.8123,
        "weapon": 0,
        "pilot_injury": 0.4546,
        "pilot_skill": 0.4585,
        "mission_priority": 0.7092,
        "estimated_landing_time": 664.0,
        "wait_time": 0,
        "Landing_success_rate": 0.8616
    },
    {
        "model": 1,
        "sequence": 1,
        "status": 1,
        "fuel": 7247,
        "fault": 0.4508,
        "weapon": 1,
        "pilot_injury": 0.254,
        "pilot_skill": 0.4445,
        "mission_priority": 0.173,
        "estimated_landing_time": 100.0,
        "wait_time": 0,
        "Landing_success_rate": 0.922
    },
    {
        "model": 2,
        "sequence": 23,
        "status": 1,
        "fuel": 6320,
        "fault": 0.5821,
        "weapon": 0,
        "pilot_injury": 0.3013,
        "pilot_skill": 0.1596,
        "mission_priority": 0.6196,
        "estimated_landing_time": 2168.0,
        "wait_time": 0,
        "Landing_success_rate": 0.8757
    },
    {
        "model": 1,
        "sequence": 8,
        "status": 1,
        "fuel": 6564,
        "fault": 0.3599,
        "weapon": 1,
        "pilot_injury": 0.8341,
        "pilot_skill": 0.0172,
        "mission_priority": 0.6861,
        "estimated_landing_time": 758.0,
        "wait_time": 0,
        "Landing_success_rate": 0.9011
    }
]