[
    {
        "model": 2,
        "sequence": 29,
        "status": 1,
        "fuel": 6780,
        "fault": 0.4794,
        "weapon": 1,
        "pilot_injury": 0.1908,
        "pilot_skill": 0.9543,
        "mission_priority": 0.0433,
        "estimated_landing_time": 2732.0,
        "wait_time": 0,
        "Landing_success_rate": 0.9
    },
    {
        "model": 1,
        "sequence": 6,
        "status": 1,
        "fuel": 6581,
        "fault": 0.5361,
        "weapon": 1,
        "pilot_injury": 0.8131,
        "pilot_skill": 0.5016,
        "mission_priority": 0.1691,
        "estimated_landing_time": 570.0,
        "wait_time": 0,
        "Landing_success_rate": 0.8876
    },
    {
        "model": 0,
        "sequence": 26,
        "status": 1,
        "fuel": 5781,
        "fault": 0.977,
        "weapon": 0,
        "pilot_injury": 0.0171,
        "pilot_skill": 0.5445,
        "mission_priority": 0.3604,
        "estimated_landing_time": 2450.0,
        "wait_time": 0,
        "Landing_success_rate": 0.8505
    },
    {
        "model": 2,
        "sequence": 17,
        "status": 1,
        "fuel": 5843,
        "fault": 0.9401,
        "weapon": 1,
        "pilot_injury": 0.4537,
        "pilot_skill": 0.8696,
        "mission_priority": 0.7581,
        "estimated_landing_time": 1604.0,
        "wait_time": 0,
        "Landing_success_rate": 0.8515
    },
    {
        "model": 0,
        "sequence": 23,
        "status": 1,
        "fuel": 6951,
        "fault": 0.1124,
        "weapon": 0,
        "pilot_injury": 0.0727,
        "pilot_skill": 0.548,
        "mission_priority": 0.78,
        "estimated_landing_time": 2168.0,
        "wait_time": 0,
        "Landing_success_rate": 0.9466
    },
    {
        "model": 1,
        "sequence": 9,
        "status": 1,
        "fuel": 6019,
        "fault": 0.6821,
        "weapon": 0,
        "pilot_injury": 0.9395,
        "pilot_skill": 0.0293,
        "mission_priority": 0.106,
        "estimated_landing_time": 852.0,
        "wait_time": 0,
        "Landing_success_rate": 0.8624
    },
    {
        "model": 2,
        "sequence": 10,
        "status": 1,
        "fuel": 6941,
        "fault": 0.8133,
        "weapon": 0,
        "pilot_injury": 0.3727,
        "pilot_skill": 0.5402,
        "mission_priority": 0.1644,
        "estimated_landing_time": 946.0,
        "wait_time": 0,
        "Landing_success_rate": 0.8702
    },
    {
        "model": 1,
        "sequence": 18,
        "status": 1,
        "fuel": 6309,
        "fault": 0.4041,
        "weapon": 0,
        "pilot_injury": 0.5641,
        "pilot_skill": 0.1181,
        "mission_priority": 0.6148,
        "estimated_landing_time": 1698.0,
        "wait_time": 0,
        "Landing_success_rate": 0.8862
    },
    {
        "model": 1,
        "sequence": 8,
        "status": 1,
        "fuel": 5598,
        "fault": 0.1405,
        "weapon": 1,
        "pilot_injury": 0.8961,
        "pilot_skill": 0.2039,
        "mission_priority": 0.8974,
        "estimated_landing_time": 758.0,
        "wait_time": 0,
        "Landing_success_rate": 0.8563
    },
    {
        "model": 2,
        "sequence": 11,
        "status": 1,
        "fuel": 6876,
        "fault": 0.3218,
        "weapon": 0,
        "pilot_injury": 0.6991,
        "pilot_skill": 0.4284,
        "mission_priority": 0.3316,
        "estimated_landing_time": 1040.0,
        "wait_time": 0,
        "Landing_success_rate": 0.92
    },
    {
        "model": 1,
        "sequence": 13,
        "status": 1,
        "fuel": 7129,
        "fault": 0.6547,
        "weapon": 1,
        "pilot_injury": 0.0619,
        "pilot_skill": 0.247,
        "mission_priority": 0.7552,
        "estimated_landing_time": 1228.0,
        "wait_time": 0,
        "Landing_success_rate": 0.8922
    },
    {
        "model": 0,
        "sequence": 25,
        "status": 1,
        "fuel": 7431,
        "fault": 0.7868,
        "weapon": 0,
        "pilot_injury": 0.3279,
        "pilot_skill": 0.5493,
        "mission_priority": 0.262,
        "estimated_landing_time": 2356.0,
        "wait_time": 0,
        "Landing_success_rate": 0.8809
    },
    {
        "model": 1,
        "sequence": 3,
        "status": 1,
        "fuel": 5942,
        "fault": 0.3795,
        "weapon": 0,
        "pilot_injury": 0.1209,
        "pilot_skill": 0.1548,
        "mission_priority": 0.2506,
        "estimated_landing_time": 288.0,
        "wait_time": 0,
        "Landing_success_rate": 0.8706
    },
    {
        "model": 1,
        "sequence": 30,
        "status": 1,
        "fuel": 6963,
        "fault": 0.6797,
        "weapon": 0,
        "pilot_injury": 0.6584,
        "pilot_skill": 0.1793,
        "mission_priority": 0.4239,
        "estimated_landing_time": 2826.0,
        "wait_time": 0,
        "Landing_success_rate": 0.8851
    },
    {
        "model": 2,
        "sequence": 28,
        "status": 1,
        "fuel": 6506,
        "fault": 0.581,
        "weapon": 1,
        "pilot_injury": 0.8673,
        "pilot_skill": 0.4008,
        "mission_priority": 0.4288,
        "estimated_landing_time": 2638.0,
        "wait_time": 0,
        "Landing_success_rate": 0.8816
    },
    {
        "model": 0,
        "sequence": 20,
        "status": 1,
        "fuel": 5592,
        "fault": 0.1293,
        "weapon": 1,
        "pilot_injury": 0.0359,
        "pilot_skill": 0.5926,
        "mission_priority": 0.952,
        "estimated_landing_time": 1886.0,
        "wait_time": 0,
        "Landing_success_rate": 0.856
    },
    {
        "model": 0,
        "sequence": 19,
        "status": 1,
        "fuel": 6919,
        "fault": 0.0459,
        "weapon": 1,
        "pilot_injury": 0.2291,
        "pilot_skill": 0.6072,
        "mission_priority": 0.893,
        "estimated_landing_time": 1792.0,
        "wait_time": 0,
        "Landing_success_rate": 0.9515
    },
    {
        "model": 2,
        "sequence": 5,
        "status": 1,
        "fuel": 7239,
        "fault": 0.4068,
        "weapon": 1,
        "pilot_injury": 0.0645,
        "pilot_skill": 0.9831,
        "mission_priority": 0.0839,
        "estimated_landing_time": 476.0,
        "wait_time": 0,
        "Landing_success_rate": 0.9274
    },
    {
        "model": 2,
        "sequence": 7,
        "status": 1,
        "fuel": 7107,
        "fault": 0.6322,
        "weapon": 0,
        "pilot_injury": 0.0568,
        "pilot_skill": 0.8663,
        "mission_priority": 0.0636,
        "estimated_landing_time": 664.0,
        "wait_time": 0,
        "Landing_success_rate": 0.8943
    },
    {
        "model": 2,
        "sequence": 2,
        "status": 1,
        "fuel": 7202,
        "fault": 0.2868,
        "weapon": 1,
        "pilot_injury": 0.935,
        "pilot_skill": 0.864,
        "mission_priority": 0.9552,
        "estimated_landing_time": 194.0,
        "wait_time": 0,
        "Landing_success_rate": 0.941
    },
    {
        "model": 0,
        "sequence": 4,
        "status": 1,
        "fuel": 7044,
        "fault": 0.469,
        "weapon": 0,
        "pilot_injury": 0.0205,
        "pilot_skill": 0.1665,
        "mission_priority": 0.0809,
        "estimated_landing_time": 382.0,
        "wait_time": 0,
        "Landing_success_rate": 0.9115
    },
    {
        "model": 2,
        "sequence": 21,
        "status": 1,
        "fuel": 5957,
        "fault": 0.2344,
        "weapon": 0,
        "pilot_injury": 0.2927,
        "pilot_skill": 0.6381,
        "mission_priority": 0.498,
        "estimated_landing_time": 1980.0,
        "wait_time": 0,
        "Landing_success_rate": 0.8762
    },
    {
        "model": 2,
        "sequence": 27,
        "status": 1,
        "fuel": 6700,
        "fault": 0.0373,
        "weapon": 0,
        "pilot_injury": 0.3407,
        "pilot_skill": 0.5859,
        "mission_priority": 0.5385,
        "estimated_landing_time": 2544.0,
        "wait_time": 0,
        "Landing_success_rate": 0.9366
    },
    {
        "model": 0,
        "sequence": 16,
        "status": 1,
        "fuel": 7439,
        "fault": 0.4125,
        "weapon": 0,
        "pilot_injury": 0.0037,
        "pilot_skill": 0.176,
        "mission_priority": 0.9131,
        "estimated_landing_time": 1510.0,
        "wait_time": 0,
        "Landing_success_rate": 0.9354
    },
    {
        "model": 2,
        "sequence": 14,
        "status": 1,
        "fuel": 5884,
        "fault": 0.9751,
        "weapon": 0,
        "pilot_injury": 0.5035,
        "pilot_skill": 0.7858,
        "mission_priority": 0.1328,
        "estimated_landing_time": 1322.0,
        "wait_time": 0,
        "Landing_success_rate": 0.8507
    },
    {
        "model": 2,
        "sequence": 22,
        "status": 1,
        "fuel": 5966,
        "fault": 0.9122,
        "weapon": 1,
        "pilot_injury": 0.2656,
        "pilot_skill": 0.3684,
        "mission_priority": 0.5906,
        "estimated_landing_time": 2074.0,
        "wait_time": 0,
        "Landing_success_rate": 0.8531
    },
    {
        "model": 1,
        "sequence": 24,
        "status": 1,
        "fuel": 5587,
        "fault": 0.2806,
        "weapon": 1,
        "pilot_injury": 0.5344,
        "pilot_skill": 0.6581,
        "mission_priority": 0.8729,
        "estimated_landing_time": 2262.0,
        "wait_time": 0,
        "Landing_success_rate": 0.8547
    },
    {
        "model": 1,
        "sequence": 12,
        "status": 1,
        "fuel": 6448,
        "fault": 0.0069,
        "weapon": 0,
        "pilot_injury": 0.2619,
        "pilot_skill": 0.581,
        "mission_priority": 0.9347,
        "estimated_landing_time": 1134.0,
        "wait_time": 0,
        "Landing_success_rate": 0.9206
    },
    {
        "model": 0,
        "sequence": 15,
        "status": 1,
        "fuel": 6270,
        "fault": 0.5599,
        "weapon": 1,
        "pilot_injury": 0.8958,
        "pilot_skill": 0.585,
        "mission_priority": 0.0712,
        "estimated_landing_time": 1416.0,
        "wait_time": 0,
        "Landing_success_rate": 0.8754
    },
    {
        "model": 1,
        "sequence": 1,
        "status": 1,
        "fuel": 7274,
        "fault": 0.9414,
        "weapon": 1,
        "pilot_injury": 0.1203,
        "pilot_skill": 0.6284,
        "mission_priority": 0.5967,
        "estimated_landing_time": 100.0,
        "wait_time": 0,
        "Landing_success_rate": 0.8578
    }
]