[
    {
        "model": 0,
        "sequence": 8,
        "status": 1,
        "fuel": 6291,
        "fault": 0.809,
        "weapon": 1,
        "pilot_injury": 0.6634,
        "pilot_skill": 0.5406,
        "mission_priority": 0.4676,
        "estimated_landing_time": 758.0,
        "wait_time": 0,
        "Landing_success_rate": 0.8613
    },
    {
        "model": 1,
        "sequence": 29,
        "status": 1,
        "fuel": 7452,
        "fault": 0.8963,
        "weapon": 0,
        "pilot_injury": 0.8279,
        "pilot_skill": 0.9268,
        "mission_priority": 0.8022,
        "estimated_landing_time": 2732.0,
        "wait_time": 0,
        "Landing_success_rate": 0.8652
    },
    {
        "model": 0,
        "sequence": 9,
        "status": 1,
        "fuel": 6642,
        "fault": 0.7954,
        "weapon": 0,
        "pilot_injury": 0.6186,
        "pilot_skill": 0.7741,
        "mission_priority": 0.7412,
        "estimated_landing_time": 852.0,
        "wait_time": 0,
        "Landing_success_rate": 0.8675
    },
    {
        "model": 2,
        "sequence": 14,
        "status": 1,
        "fuel": 5922,
        "fault": 0.3458,
        "weapon": 0,
        "pilot_injury": 0.2116,
        "pilot_skill": 0.2945,
        "mission_priority": 0.8867,
        "estimated_landing_time": 1322.0,
        "wait_time": 0,
        "Landing_success_rate": 0.8707
    },
    {
        "model": 0,
        "sequence": 7,
        "status": 1,
        "fuel": 6930,
        "fault": 0.4482,
        "weapon": 0,
        "pilot_injury": 0.2842,
        "pilot_skill": 0.3625,
        "mission_priority": 0.5531,
        "estimated_landing_time": 664.0,
        "wait_time": 0,
        "Landing_success_rate": 0.9092
    },
    {
        "model": 1,
        "sequence": 6,
        "status": 1,
        "fuel": 6264,
        "fault": 0.0887,
        "weapon": 0,
        "pilot_injury": 0.0734,
        "pilot_skill": 0.2082,
        "mission_priority": 0.5052,
        "estimated_landing_time": 570.0,
        "wait_time": 0,
        "Landing_success_rate": 0.9022
    },
    {
        "model": 1,
        "sequence": 30,
        "status": 1,
        "fuel": 5845,
        "fault": 0.4224,
        "weapon": 0,
        "pilot_injury": 0.6402,
        "pilot_skill": 0.4902,
        "mission_priority": 0.0004,
        "estimated_landing_time": 2826.0,
        "wait_time": 0,
        "Landing_success_rate": 0.8649
    },
    {
        "model": 2,
        "sequence": 26,
        "status": 1,
        "fuel": 7256,
        "fault": 0.1557,
        "weapon": 1,
        "pilot_injury": 0.5314,
        "pilot_skill": 0.6983,
        "mission_priority": 0.9375,
        "estimated_landing_time": 2450.0,
        "wait_time": 0,
        "Landing_success_rate": 0.9612
    },
    {
        "model": 1,
        "sequence": 25,
        "status": 1,
        "fuel": 6395,
        "fault": 0.2569,
        "weapon": 1,
        "pilot_injury": 0.1219,
        "pilot_skill": 0.7407,
        "mission_priority": 0.1293,
        "estimated_landing_time": 2356.0,
        "wait_time": 0,
        "Landing_success_rate": 0.8999
    },
    {
        "model": 0,
        "sequence": 12,
        "status": 1,
        "fuel": 6150,
        "fault": 0.7122,
        "weapon": 1,
        "pilot_injury": 0.7128,
        "pilot_skill": 0.4064,
        "mission_priority": 0.6986,
        "estimated_landing_time": 1134.0,
        "wait_time": 0,
        "Landing_success_rate": 0.864
    },
    {
        "model": 2,
        "sequence": 5,
        "status": 1,
        "fuel": 6943,
        "fault": 0.7876,
        "weapon": 1,
        "pilot_injury": 0.6714,
        "pilot_skill": 0.5226,
        "mission_priority": 0.2126,
        "estimated_landing_time": 476.0,
        "wait_time": 0,
        "Landing_success_rate": 0.873
    },
    {
        "model": 1,
        "sequence": 21,
        "status": 1,
        "fuel": 6000,
        "fault": 0.7829,
        "weapon": 0,
        "pilot_injury": 0.5869,
        "pilot_skill": 0.0145,
        "mission_priority": 0.9654,
        "estimated_landing_time": 1980.0,
        "wait_time": 0,
        "Landing_success_rate": 0.8581
    },
    {
        "model": 0,
        "sequence": 23,
        "status": 1,
        "fuel": 6873,
        "fault": 0.2252,
        "weapon": 1,
        "pilot_injury": 0.7123,
        "pilot_skill": 0.2046,
        "mission_priority": 0.2605,
        "estimated_landing_time": 2168.0,
        "wait_time": 0,
        "Landing_success_rate": 0.9298
    },
    {
        "model": 0,
        "sequence": 20,
        "status": 1,
        "fuel": 7328,
        "fault": 0.4552,
        "weapon": 0,
        "pilot_injury": 0.9047,
        "pilot_skill": 0.3886,
        "mission_priority": 0.2881,
        "estimated_landing_time": 1886.0,
        "wait_time": 0,
        "Landing_success_rate": 0.9247
    },
    {
        "model": 1,
        "sequence": 11,
        "status": 1,
        "fuel": 6131,
        "fault": 0.4027,
        "weapon": 0,
        "pilot_injury": 0.2442,
        "pilot_skill": 0.8079,
        "mission_priority": 0.3048,
        "estimated_landing_time": 1040.0,
        "wait_time": 0,
        "Landing_success_rate": 0.8783
    },
    {
        "model": 1,
        "sequence": 1,
        "status": 1,
        "fuel": 6868,
        "fault": 0.4439,
        "weapon": 0,
        "pilot_injury": 0.0667,
        "pilot_skill": 0.8622,
        "mission_priority": 0.8743,
        "estimated_landing_time": 100.0,
        "wait_time": 0,
        "Landing_success_rate": 0.9071
    },
    {
        "model": 1,
        "sequence": 4,
        "status": 1,
        "fuel": 7477,
        "fault": 0.3149,
        "weapon": 0,
        "pilot_injury": 0.1667,
        "pilot_skill": 0.6988,
        "mission_priority": 0.1031,
        "estimated_landing_time": 382.0,
        "wait_time": 0,
        "Landing_success_rate": 0.9516
    },
    {
        "model": 1,
        "sequence": 27,
        "status": 1,
        "fuel": 6777,
        "fault": 0.3779,
        "weapon": 0,
        "pilot_injury": 0.4265,
        "pilot_skill": 0.1345,
        "mission_priority": 0.0322,
        "estimated_landing_time": 2544.0,
        "wait_time": 0,
        "Landing_success_rate": 0.9096
    },
    {
        "model": 0,
        "sequence": 2,
        "status": 1,
        "fuel": 6195,
        "fault": 0.8818,
        "weapon": 0,
        "pilot_injury": 0.4393,
        "pilot_skill": 0.1761,
        "mission_priority": 0.0774,
        "estimated_landing_time": 194.0,
        "wait_time": 0,
        "Landing_success_rate": 0.8562
    },
    {
        "model": 1,
        "sequence": 24,
        "status": 1,
        "fuel": 6867,
        "fault": 0.6121,
        "weapon": 0,
        "pilot_injury": 0.0159,
        "pilot_skill": 0.8633,
        "mission_priority": 0.8401,
        "estimated_landing_time": 2262.0,
        "wait_time": 0,
        "Landing_success_rate": 0.8898
    },
    {
        "model": 0,
        "sequence": 17,
        "status": 1,
        "fuel": 5571,
        "fault": 0.038,
        "weapon": 1,
        "pilot_injury": 0.6675,
        "pilot_skill": 0.8474,
        "mission_priority": 0.7303,
        "estimated_landing_time": 1604.0,
        "wait_time": 0,
        "Landing_success_rate": 0.8551
    },
    {
        "model": 0,
        "sequence": 22,
        "status": 1,
        "fuel": 5664,
        "fault": 0.023,
        "weapon": 0,
        "pilot_injury": 0.6156,
        "pilot_skill": 0.0275,
        "mission_priority": 0.7864,
        "estimated_landing_time": 2074.0,
        "wait_time": 0,
        "Landing_success_rate": 0.862
    },
    {
        "model": 0,
        "sequence": 15,
        "status": 1,
        "fuel": 6526,
        "fault": 0.3817,
        "weapon": 1,
        "pilot_injury": 0.487,
        "pilot_skill": 0.4273,
        "mission_priority": 0.7188,
        "estimated_landing_time": 1416.0,
        "wait_time": 0,
        "Landing_success_rate": 0.8976
    },
    {
        "model": 1,
        "sequence": 3,
        "status": 1,
        "fuel": 5668,
        "fault": 0.1842,
        "weapon": 1,
        "pilot_injury": 0.2923,
        "pilot_skill": 0.2615,
        "mission_priority": 0.8092,
        "estimated_landing_time": 288.0,
        "wait_time": 0,
        "Landing_success_rate": 0.8603
    },
    {
        "model": 0,
        "sequence": 28,
        "status": 1,
        "fuel": 6183,
        "fault": 0.5205,
        "weapon": 1,
        "pilot_injury": 0.9779,
        "pilot_skill": 0.3199,
        "mission_priority": 0.9279,
        "estimated_landing_time": 2638.0,
        "wait_time": 0,
        "Landing_success_rate": 0.8746
    },
    {
        "model": 2,
        "sequence": 16,
        "status": 1,
        "fuel": 6957,
        "fault": 0.7115,
        "weapon": 0,
        "pilot_injury": 0.4526,
        "pilot_skill": 0.8001,
        "mission_priority": 0.6666,
        "estimated_landing_time": 1510.0,
        "wait_time": 0,
        "Landing_success_rate": 0.8815
    },
    {
        "model": 1,
        "sequence": 13,
        "status": 1,
        "fuel": 7436,
        "fault": 0.8746,
        "weapon": 0,
        "pilot_injury": 0.7258,
        "pilot_skill": 0.3133,
        "mission_priority": 0.3309,
        "estimated_landing_time": 1228.0,
        "wait_time": 0,
        "Landing_success_rate": 0.8682
    },
    {
        "model": 2,
        "sequence": 18,
        "status": 1,
        "fuel": 6577,
        "fault": 0.4281,
        "weapon": 0,
        "pilot_injury": 0.1858,
        "pilot_skill": 0.6871,
        "mission_priority": 0.2581,
        "estimated_landing_time": 1698.0,
        "wait_time": 0,
        "Landing_success_rate": 0.8962
    },
    {
        "model": 1,
        "sequence": 10,
        "status": 1,
        "fuel": 6835,
        "fault": 0.4029,
        "weapon": 0,
        "pilot_injury": 0.595,
        "pilot_skill": 0.601,
        "mission_priority": 0.1468,
        "estimated_landing_time": 946.0,
        "wait_time": 0,
        "Landing_success_rate": 0.9098
    },
    {
        "model": 1,
        "sequence": 19,
        "status": 1,
        "fuel": 7326,
        "fault": 0.347,
        "weapon": 1,
        "pilot_injury": 0.8912,
        "pilot_skill": 0.6886,
        "mission_priority": 0.969,
        "estimated_landing_time": 1792.0,
        "wait_time": 0,
        "Landing_success_rate": 0.9394
    }
]