[
    {
        "model": 0,
        "sequence": 22,
        "status": 1,
        "fuel": 5606,
        "fault": 0.4228,
        "weapon": 0,
        "pilot_injury": 0.6395,
        "pilot_skill": 0.1248,
        "mission_priority": 0.9329,
        "estimated_landing_time": 2074.0,
        "wait_time": 0,
        "Landing_success_rate": 0.8546
    },
    {
        "model": 2,
        "sequence": 26,
        "status": 1,
        "fuel": 6620,
        "fault": 0.2433,
        "weapon": 0,
        "pilot_injury": 0.5374,
        "pilot_skill": 0.1845,
        "mission_priority": 0.1958,
        "estimated_landing_time": 2450.0,
        "wait_time": 0,
        "Landing_success_rate": 0.9136
    },
    {
        "model": 2,
        "sequence": 21,
        "status": 1,
        "fuel": 6701,
        "fault": 0.8413,
        "weapon": 0,
        "pilot_injury": 0.214,
        "pilot_skill": 0.541,
        "mission_priority": 0.2355,
        "estimated_landing_time": 1980.0,
        "wait_time": 0,
        "Landing_success_rate": 0.8643
    },
    {
        "model": 1,
        "sequence": 28,
        "status": 1,
        "fuel": 7000,
        "fault": 0.7197,
        "weapon": 0,
        "pilot_injury": 0.052,
        "pilot_skill": 0.9053,
        "mission_priority": 0.4515,
        "estimated_landing_time": 2638.0,
        "wait_time": 0,
        "Landing_success_rate": 0.8815
    },
    {
        "model": 1,
        "sequence": 2,
        "status": 1,
        "fuel": 6620,
        "fault": 0.108,
        "weapon": 0,
        "pilot_injury": 0.9578,
        "pilot_skill": 0.4964,
        "mission_priority": 0.3589,
        "estimated_landing_time": 194.0,
        "wait_time": 0,
        "Landing_success_rate": 0.9249
    },
    {
        "model": 2,
        "sequence": 25,
        "status": 1,
        "fuel": 6990,
        "fault": 0.6323,
        "weapon": 1,
        "pilot_injury": 0.2118,
        "pilot_skill": 0.7491,
        "mission_priority": 0.5083,
        "estimated_landing_time": 2356.0,
        "wait_time": 0,
        "Landing_success_rate": 0.8911
    },
    {
        "model": 2,
        "sequence": 12,
        "status": 1,
        "fuel": 6799,
        "fault": 0.2209,
        "weapon": 0,
        "pilot_injury": 0.0015,
        "pilot_skill": 0.9662,
        "mission_priority": 0.5121,
        "estimated_landing_time": 1134.0,
        "wait_time": 0,
        "Landing_success_rate": 0.9259
    },
    {
        "model": 1,
        "sequence": 19,
        "status": 1,
        "fuel": 6157,
        "fault": 0.2578,
        "weapon": 0,
        "pilot_injury": 0.4347,
        "pilot_skill": 0.6953,
        "mission_priority": 0.3966,
        "estimated_landing_time": 1792.0,
        "wait_time": 0,
        "Landing_success_rate": 0.8866
    },
    {
        "model": 2,
        "sequence": 15,
        "status": 1,
        "fuel": 6413,
        "fault": 0.7415,
        "weapon": 0,
        "pilot_injury": 0.0456,
        "pilot_skill": 0.0083,
        "mission_priority": 0.8594,
        "estimated_landing_time": 1416.0,
        "wait_time": 0,
        "Landing_success_rate": 0.8677
    },
    {
        "model": 1,
        "sequence": 8,
        "status": 1,
        "fuel": 5542,
        "fault": 0.9737,
        "weapon": 1,
        "pilot_injury": 0.062,
        "pilot_skill": 0.9144,
        "mission_priority": 0.1008,
        "estimated_landing_time": 758.0,
        "wait_time": 0,
        "Landing_success_rate": 0.8501
    },
    {
        "model": 0,
        "sequence": 14,
        "status": 1,
        "fuel": 6115,
        "fault": 0.1051,
        "weapon": 1,
        "pilot_injury": 0.998,
        "pilot_skill": 0.486,
        "mission_priority": 0.2108,
        "estimated_landing_time": 1322.0,
        "wait_time": 0,
        "Landing_success_rate": 0.8913
    },
    {
        "model": 2,
        "sequence": 11,
        "status": 1,
        "fuel": 6596,
        "fault": 0.1615,
        "weapon": 0,
        "pilot_injury": 0.2726,
        "pilot_skill": 0.4904,
        "mission_priority": 0.8558,
        "estimated_landing_time": 1040.0,
        "wait_time": 0,
        "Landing_success_rate": 0.9189
    },
    {
        "model": 1,
        "sequence": 10,
        "status": 1,
        "fuel": 5786,
        "fault": 0.4802,
        "weapon": 0,
        "pilot_injury": 0.4442,
        "pilot_skill": 0.8328,
        "mission_priority": 0.676,
        "estimated_landing_time": 946.0,
        "wait_time": 0,
        "Landing_success_rate": 0.8611
    },
    {
        "model": 0,
        "sequence": 27,
        "status": 1,
        "fuel": 5650,
        "fault": 0.6766,
        "weapon": 1,
        "pilot_injury": 0.5927,
        "pilot_skill": 0.1324,
        "mission_priority": 0.8329,
        "estimated_landing_time": 2544.0,
        "wait_time": 0,
        "Landing_success_rate": 0.8536
    },
    {
        "model": 2,
        "sequence": 24,
        "status": 1,
        "fuel": 7081,
        "fault": 0.021,
        "weapon": 1,
        "pilot_injury": 0.7787,
        "pilot_skill": 0.3117,
        "mission_priority": 0.4373,
        "estimated_landing_time": 2262.0,
        "wait_time": 0,
        "Landing_success_rate": 0.9661
    },
    {
        "model": 1,
        "sequence": 6,
        "status": 1,
        "fuel": 7138,
        "fault": 0.7555,
        "weapon": 0,
        "pilot_injury": 0.2585,
        "pilot_skill": 0.7768,
        "mission_priority": 0.7537,
        "estimated_landing_time": 570.0,
        "wait_time": 0,
        "Landing_success_rate": 0.88
    },
    {
        "model": 1,
        "sequence": 23,
        "status": 1,
        "fuel": 6593,
        "fault": 0.4894,
        "weapon": 1,
        "pilot_injury": 0.3117,
        "pilot_skill": 0.327,
        "mission_priority": 0.5278,
        "estimated_landing_time": 2168.0,
        "wait_time": 0,
        "Landing_success_rate": 0.8919
    },
    {
        "model": 1,
        "sequence": 9,
        "status": 1,
        "fuel": 6878,
        "fault": 0.7998,
        "weapon": 1,
        "pilot_injury": 0.7659,
        "pilot_skill": 0.3057,
        "mission_priority": 0.3385,
        "estimated_landing_time": 852.0,
        "wait_time": 0,
        "Landing_success_rate": 0.8707
    },
    {
        "model": 1,
        "sequence": 29,
        "status": 1,
        "fuel": 6753,
        "fault": 0.8665,
        "weapon": 1,
        "pilot_injury": 0.2082,
        "pilot_skill": 0.827,
        "mission_priority": 0.7846,
        "estimated_landing_time": 2732.0,
        "wait_time": 0,
        "Landing_success_rate": 0.8625
    },
    {
        "model": 2,
        "sequence": 5,
        "status": 1,
        "fuel": 7421,
        "fault": 0.354,
        "weapon": 1,
        "pilot_injury": 0.3286,
        "pilot_skill": 0.8498,
        "mission_priority": 0.5882,
        "estimated_landing_time": 476.0,
        "wait_time": 0,
        "Landing_success_rate": 0.9431
    },
    {
        "model": 0,
        "sequence": 17,
        "status": 1,
        "fuel": 6119,
        "fault": 0.6278,
        "weapon": 1,
        "pilot_injury": 0.9756,
        "pilot_skill": 0.3792,
        "mission_priority": 0.3845,
        "estimated_landing_time": 1604.0,
        "wait_time": 0,
        "Landing_success_rate": 0.8673
    },
    {
        "model": 1,
        "sequence": 20,
        "status": 1,
        "fuel": 7166,
        "fault": 0.0863,
        "weapon": 0,
        "pilot_injury": 0.0397,
        "pilot_skill": 0.4734,
        "mission_priority": 0.3655,
        "estimated_landing_time": 1886.0,
        "wait_time": 0,
        "Landing_success_rate": 0.9642
    },
    {
        "model": 1,
        "sequence": 4,
        "status": 1,
        "fuel": 6219,
        "fault": 0.8425,
        "weapon": 1,
        "pilot_injury": 0.8983,
        "pilot_skill": 0.2436,
        "mission_priority": 0.4977,
        "estimated_landing_time": 382.0,
        "wait_time": 0,
        "Landing_success_rate": 0.8585
    },
    {
        "model": 2,
        "sequence": 30,
        "status": 1,
        "fuel": 6682,
        "fault": 0.5795,
        "weapon": 1,
        "pilot_injury": 0.9215,
        "pilot_skill": 0.4615,
        "mission_priority": 0.9828,
        "estimated_landing_time": 2826.0,
        "wait_time": 0,
        "Landing_success_rate": 0.8873
    },
    {
        "model": 0,
        "sequence": 3,
        "status": 1,
        "fuel": 5659,
        "fault": 0.2104,
        "weapon": 0,
        "pilot_injury": 0.575,
        "pilot_skill": 0.8233,
        "mission_priority": 0.3884,
        "estimated_landing_time": 288.0,
        "wait_time": 0,
        "Landing_success_rate": 0.8594
    },
    {
        "model": 2,
        "sequence": 13,
        "status": 1,
        "fuel": 6397,
        "fault": 0.8452,
        "weapon": 1,
        "pilot_injury": 0.2709,
        "pilot_skill": 0.7697,
        "mission_priority": 0.2623,
        "estimated_landing_time": 1228.0,
        "wait_time": 0,
        "Landing_success_rate": 0.8604
    },
    {
        "model": 2,
        "sequence": 1,
        "status": 1,
        "fuel": 5812,
        "fault": 0.2407,
        "weapon": 1,
        "pilot_injury": 0.2046,
        "pilot_skill": 0.8207,
        "mission_priority": 0.2654,
        "estimated_landing_time": 100.0,
        "wait_time": 0,
        "Landing_success_rate": 0.8678
    },
    {
        "model": 2,
        "sequence": 16,
        "status": 1,
        "fuel": 6876,
        "fault": 0.3254,
        "weapon": 0,
        "pilot_injury": 0.1146,
        "pilot_skill": 0.664,
        "mission_priority": 0.5949,
        "estimated_landing_time": 1510.0,
        "wait_time": 0,
        "Landing_success_rate": 0.9196
    },
    {
        "model": 2,
        "sequence": 7,
        "status": 1,
        "fuel": 5536,
        "fault": 0.9367,
        "weapon": 0,
        "pilot_injury": 0.4753,
        "pilot_skill": 0.1487,
        "mission_priority": 0.3595,
        "estimated_landing_time": 664.0,
        "wait_time": 0,
        "Landing_success_rate": 0.8502
    },
    {
        "model": 1,
        "sequence": 18,
        "status": 1,
        "fuel": 6032,
        "fault": 0.545,
        "weapon": 1,
        "pilot_injury": 0.5113,
        "pilot_skill": 0.1948,
        "mission_priority": 0.9462,
        "estimated_landing_time": 1698.0,
        "wait_time": 0,
        "Landing_success_rate": 0.8682
    }
]