[
    {
        "model": 1,
        "sequence": 5,
        "status": 1,
        "fuel": 6774,
        "fault": 0.8645,
        "weapon": 1,
        "pilot_injury": 0.3417,
        "pilot_skill": 0.7274,
        "mission_priority": 0.5299,
        "estimated_landing_time": 476.0,
        "wait_time": 0,
        "Landing_success_rate": 0.8629
    },
    {
        "model": 0,
        "sequence": 17,
        "status": 1,
        "fuel": 7106,
        "fault": 0.9206,
        "weapon": 1,
        "pilot_injury": 0.1502,
        "pilot_skill": 0.0781,
        "mission_priority": 0.5438,
        "estimated_landing_time": 1604.0,
        "wait_time": 0,
        "Landing_success_rate": 0.8596
    },
    {
        "model": 2,
        "sequence": 9,
        "status": 1,
        "fuel": 7212,
        "fault": 0.2815,
        "weapon": 0,
        "pilot_injury": 0.7977,
        "pilot_skill": 0.3754,
        "mission_priority": 0.086,
        "estimated_landing_time": 852.0,
        "wait_time": 0,
        "Landing_success_rate": 0.9423
    },
    {
        "model": 0,
        "sequence": 13,
        "status": 1,
        "fuel": 6711,
        "fault": 0.8547,
        "weapon": 1,
        "pilot_injury": 0.6479,
        "pilot_skill": 0.2625,
        "mission_priority": 0.3412,
        "estimated_landing_time": 1228.0,
        "wait_time": 0,
        "Landing_success_rate": 0.8632
    },
    {
        "model": 0,
        "sequence": 3,
        "status": 1,
        "fuel": 5950,
        "fault": 0.2761,
        "weapon": 0,
        "pilot_injury": 0.3272,
        "pilot_skill": 0.9294,
        "mission_priority": 0.8139,
        "estimated_landing_time": 288.0,
        "wait_time": 0,
        "Landing_success_rate": 0.8744
    },
    {
        "model": 2,
        "sequence": 25,
        "status": 1,
        "fuel": 6153,
        "fault": 0.0976,
        "weapon": 1,
        "pilot_injury": 0.4736,
        "pilot_skill": 0.9767,
        "mission_priority": 0.6385,
        "estimated_landing_time": 2356.0,
        "wait_time": 0,
        "Landing_success_rate": 0.8942
    },
    {
        "model": 1,
        "sequence": 27,
        "status": 1,
        "fuel": 7039,
        "fault": 0.9353,
        "weapon": 0,
        "pilot_injury": 0.2202,
        "pilot_skill": 0.3064,
        "mission_priority": 0.7127,
        "estimated_landing_time": 2544.0,
        "wait_time": 0,
        "Landing_success_rate": 0.8575
    },
    {
        "model": 1,
        "sequence": 26,
        "status": 1,
        "fuel": 7411,
        "fault": 0.1186,
        "weapon": 1,
        "pilot_injury": 0.6196,
        "pilot_skill": 0.9957,
        "mission_priority": 0.9257,
        "estimated_landing_time": 2450.0,
        "wait_time": 0,
        "Landing_success_rate": 0.9763
    },
    {
        "model": 0,
        "sequence": 22,
        "status": 1,
        "fuel": 5802,
        "fault": 0.3553,
        "weapon": 1,
        "pilot_injury": 0.8047,
        "pilot_skill": 0.5589,
        "mission_priority": 0.4585,
        "estimated_landing_time": 2074.0,
        "wait_time": 0,
        "Landing_success_rate": 0.8646
    },
    {
        "model": 0,
        "sequence": 11,
        "status": 1,
        "fuel": 7003,
        "fault": 0.9509,
        "weapon": 1,
        "pilot_injury": 0.6802,
        "pilot_skill": 0.5544,
        "mission_priority": 0.481,
        "estimated_landing_time": 1040.0,
        "wait_time": 0,
        "Landing_success_rate": 0.8555
    },
    {
        "model": 0,
        "sequence": 15,
        "status": 1,
        "fuel": 6440,
        "fault": 0.9647,
        "weapon": 1,
        "pilot_injury": 0.5572,
        "pilot_skill": 0.0494,
        "mission_priority": 0.4912,
        "estimated_landing_time": 1416.0,
        "wait_time": 0,
        "Landing_success_rate": 0.8525
    },
    {
        "model": 0,
        "sequence": 20,
        "status": 1,
        "fuel": 6596,
        "fault": 0.3515,
        "weapon": 1,
        "pilot_injury": 0.3105,
        "pilot_skill": 0.6765,
        "mission_priority": 0.0463,
        "estimated_landing_time": 1886.0,
        "wait_time": 0,
        "Landing_success_rate": 0.9033
    },
    {
        "model": 2,
        "sequence": 23,
        "status": 1,
        "fuel": 5618,
        "fault": 0.9377,
        "weapon": 0,
        "pilot_injury": 0.0856,
        "pilot_skill": 0.7019,
        "mission_priority": 0.3685,
        "estimated_landing_time": 2168.0,
        "wait_time": 0,
        "Landing_success_rate": 0.8506
    },
    {
        "model": 1,
        "sequence": 12,
        "status": 1,
        "fuel": 5999,
        "fault": 0.2501,
        "weapon": 0,
        "pilot_injury": 0.9037,
        "pilot_skill": 0.1388,
        "mission_priority": 0.8657,
        "estimated_landing_time": 1134.0,
        "wait_time": 0,
        "Landing_success_rate": 0.8781
    },
    {
        "model": 1,
        "sequence": 21,
        "status": 1,
        "fuel": 6586,
        "fault": 0.8261,
        "weapon": 1,
        "pilot_injury": 0.9582,
        "pilot_skill": 0.5531,
        "mission_priority": 0.3176,
        "estimated_landing_time": 1980.0,
        "wait_time": 0,
        "Landing_success_rate": 0.8642
    },
    {
        "model": 0,
        "sequence": 28,
        "status": 1,
        "fuel": 7474,
        "fault": 0.2217,
        "weapon": 1,
        "pilot_injury": 0.2149,
        "pilot_skill": 0.2455,
        "mission_priority": 0.3791,
        "estimated_landing_time": 2638.0,
        "wait_time": 0,
        "Landing_success_rate": 0.9652
    },
    {
        "model": 2,
        "sequence": 29,
        "status": 1,
        "fuel": 7346,
        "fault": 0.2747,
        "weapon": 1,
        "pilot_injury": 0.3031,
        "pilot_skill": 0.1352,
        "mission_priority": 0.0206,
        "estimated_landing_time": 2732.0,
        "wait_time": 0,
        "Landing_success_rate": 0.9504
    },
    {
        "model": 2,
        "sequence": 24,
        "status": 1,
        "fuel": 7294,
        "fault": 0.2874,
        "weapon": 1,
        "pilot_injury": 0.3289,
        "pilot_skill": 0.2172,
        "mission_priority": 0.9116,
        "estimated_landing_time": 2262.0,
        "wait_time": 0,
        "Landing_success_rate": 0.9459
    },
    {
        "model": 0,
        "sequence": 1,
        "status": 1,
        "fuel": 7112,
        "fault": 0.0394,
        "weapon": 0,
        "pilot_injury": 0.5608,
        "pilot_skill": 0.5409,
        "mission_priority": 0.972,
        "estimated_landing_time": 100.0,
        "wait_time": 0,
        "Landing_success_rate": 0.9661
    },
    {
        "model": 0,
        "sequence": 6,
        "status": 1,
        "fuel": 6169,
        "fault": 0.8482,
        "weapon": 1,
        "pilot_injury": 0.2387,
        "pilot_skill": 0.3829,
        "mission_priority": 0.5621,
        "estimated_landing_time": 570.0,
        "wait_time": 0,
        "Landing_success_rate": 0.8576
    },
    {
        "model": 1,
        "sequence": 10,
        "status": 1,
        "fuel": 6533,
        "fault": 0.6901,
        "weapon": 1,
        "pilot_injury": 0.6894,
        "pilot_skill": 0.1569,
        "mission_priority": 0.8675,
        "estimated_landing_time": 946.0,
        "wait_time": 0,
        "Landing_success_rate": 0.874
    },
    {
        "model": 0,
        "sequence": 7,
        "status": 1,
        "fuel": 6747,
        "fault": 0.5903,
        "weapon": 1,
        "pilot_injury": 0.0354,
        "pilot_skill": 0.7822,
        "mission_priority": 0.7397,
        "estimated_landing_time": 664.0,
        "wait_time": 0,
        "Landing_success_rate": 0.8883
    },
    {
        "model": 0,
        "sequence": 30,
        "status": 1,
        "fuel": 5568,
        "fault": 0.5634,
        "weapon": 0,
        "pilot_injury": 0.3047,
        "pilot_skill": 0.2557,
        "mission_priority": 0.157,
        "estimated_landing_time": 2826.0,
        "wait_time": 0,
        "Landing_success_rate": 0.8522
    },
    {
        "model": 1,
        "sequence": 18,
        "status": 1,
        "fuel": 5983,
        "fault": 0.3332,
        "weapon": 1,
        "pilot_injury": 0.9078,
        "pilot_skill": 0.3511,
        "mission_priority": 0.2854,
        "estimated_landing_time": 1698.0,
        "wait_time": 0,
        "Landing_success_rate": 0.8742
    },
    {
        "model": 1,
        "sequence": 4,
        "status": 1,
        "fuel": 6416,
        "fault": 0.9986,
        "weapon": 0,
        "pilot_injury": 0.0456,
        "pilot_skill": 0.5746,
        "mission_priority": 0.9202,
        "estimated_landing_time": 382.0,
        "wait_time": 0,
        "Landing_success_rate": 0.8501
    },
    {
        "model": 2,
        "sequence": 2,
        "status": 1,
        "fuel": 6016,
        "fault": 0.7075,
        "weapon": 0,
        "pilot_injury": 0.0397,
        "pilot_skill": 0.5477,
        "mission_priority": 0.1364,
        "estimated_landing_time": 194.0,
        "wait_time": 0,
        "Landing_success_rate": 0.8613
    },
    {
        "model": 1,
        "sequence": 19,
        "status": 1,
        "fuel": 6988,
        "fault": 0.0433,
        "weapon": 0,
        "pilot_injury": 0.2608,
        "pilot_skill": 0.9575,
        "mission_priority": 0.7877,
        "estimated_landing_time": 1792.0,
        "wait_time": 0,
        "Landing_success_rate": 0.9568
    },
    {
        "model": 0,
        "sequence": 8,
        "status": 1,
        "fuel": 6197,
        "fault": 0.9572,
        "weapon": 0,
        "pilot_injury": 0.7034,
        "pilot_skill": 0.8236,
        "mission_priority": 0.5265,
        "estimated_landing_time": 758.0,
        "wait_time": 0,
        "Landing_success_rate": 0.8522
    },
    {
        "model": 2,
        "sequence": 14,
        "status": 1,
        "fuel": 6175,
        "fault": 0.3616,
        "weapon": 1,
        "pilot_injury": 0.5979,
        "pilot_skill": 0.6133,
        "mission_priority": 0.9827,
        "estimated_landing_time": 1322.0,
        "wait_time": 0,
        "Landing_success_rate": 0.8823
    },
    {
        "model": 0,
        "sequence": 16,
        "status": 1,
        "fuel": 7260,
        "fault": 0.7192,
        "weapon": 1,
        "pilot_injury": 0.0418,
        "pilot_skill": 0.2224,
        "mission_priority": 0.3515,
        "estimated_landing_time": 1510.0,
        "wait_time": 0,
        "Landing_success_rate": 0.8871
    }
]