[
    {
        "model": 0,
        "sequence": 5,
        "status": 1,
        "fuel": 6777,
        "fault": 0.2543,
        "weapon": 0,
        "pilot_injury": 0.7409,
        "pilot_skill": 0.7441,
        "mission_priority": 0.6621,
        "estimated_landing_time": 476.0,
        "wait_time": 0,
        "Landing_success_rate": 0.9214
    },
    {
        "model": 1,
        "sequence": 14,
        "status": 1,
        "fuel": 6861,
        "fault": 0.2311,
        "weapon": 0,
        "pilot_injury": 0.1212,
        "pilot_skill": 0.5431,
        "mission_priority": 0.0438,
        "estimated_landing_time": 1322.0,
        "wait_time": 0,
        "Landing_success_rate": 0.9285
    },
    {
        "model": 1,
        "sequence": 1,
        "status": 1,
        "fuel": 7064,
        "fault": 0.4837,
        "weapon": 0,
        "pilot_injury": 0.2331,
        "pilot_skill": 0.9996,
        "mission_priority": 0.1203,
        "estimated_landing_time": 100.0,
        "wait_time": 0,
        "Landing_success_rate": 0.9106
    },
    {
        "model": 0,
        "sequence": 25,
        "status": 1,
        "fuel": 6928,
        "fault": 0.0511,
        "weapon": 0,
        "pilot_injury": 0.6767,
        "pilot_skill": 0.8748,
        "mission_priority": 0.6107,
        "estimated_landing_time": 2356.0,
        "wait_time": 0,
        "Landing_success_rate": 0.9516
    },
    {
        "model": 1,
        "sequence": 17,
        "status": 1,
        "fuel": 7120,
        "fault": 0.6834,
        "weapon": 1,
        "pilot_injury": 0.8299,
        "pilot_skill": 0.0978,
        "mission_priority": 0.4809,
        "estimated_landing_time": 1604.0,
        "wait_time": 0,
        "Landing_success_rate": 0.8885
    },
    {
        "model": 0,
        "sequence": 12,
        "status": 1,
        "fuel": 7019,
        "fault": 0.9488,
        "weapon": 1,
        "pilot_injury": 0.9955,
        "pilot_skill": 0.4963,
        "mission_priority": 0.7754,
        "estimated_landing_time": 1134.0,
        "wait_time": 0,
        "Landing_success_rate": 0.8558
    },
    {
        "model": 1,
        "sequence": 10,
        "status": 1,
        "fuel": 7083,
        "fault": 0.6576,
        "weapon": 1,
        "pilot_injury": 0.6358,
        "pilot_skill": 0.8844,
        "mission_priority": 0.7204,
        "estimated_landing_time": 946.0,
        "wait_time": 0,
        "Landing_success_rate": 0.8907
    },
    {
        "model": 0,
        "sequence": 7,
        "status": 1,
        "fuel": 6979,
        "fault": 0.9142,
        "weapon": 1,
        "pilot_injury": 0.0194,
        "pilot_skill": 0.9289,
        "mission_priority": 0.9062,
        "estimated_landing_time": 664.0,
        "wait_time": 0,
        "Landing_success_rate": 0.8595
    },
    {
        "model": 1,
        "sequence": 29,
        "status": 1,
        "fuel": 6742,
        "fault": 0.3488,
        "weapon": 0,
        "pilot_injury": 0.7362,
        "pilot_skill": 0.5901,
        "mission_priority": 0.982,
        "estimated_landing_time": 2732.0,
        "wait_time": 0,
        "Landing_success_rate": 0.9107
    },
    {
        "model": 2,
        "sequence": 4,
        "status": 1,
        "fuel": 6998,
        "fault": 0.6179,
        "weapon": 0,
        "pilot_injury": 0.1633,
        "pilot_skill": 0.9642,
        "mission_priority": 0.4695,
        "estimated_landing_time": 382.0,
        "wait_time": 0,
        "Landing_success_rate": 0.8929
    },
    {
        "model": 2,
        "sequence": 26,
        "status": 1,
        "fuel": 7145,
        "fault": 0.7445,
        "weapon": 0,
        "pilot_injury": 0.0289,
        "pilot_skill": 0.2263,
        "mission_priority": 0.9866,
        "estimated_landing_time": 2450.0,
        "wait_time": 0,
        "Landing_success_rate": 0.8815
    },
    {
        "model": 2,
        "sequence": 24,
        "status": 1,
        "fuel": 6552,
        "fault": 0.0581,
        "weapon": 1,
        "pilot_injury": 0.6676,
        "pilot_skill": 0.6742,
        "mission_priority": 0.9678,
        "estimated_landing_time": 2262.0,
        "wait_time": 0,
        "Landing_success_rate": 0.9243
    },
    {
        "model": 2,
        "sequence": 11,
        "status": 1,
        "fuel": 6178,
        "fault": 0.3677,
        "weapon": 0,
        "pilot_injury": 0.9856,
        "pilot_skill": 0.7502,
        "mission_priority": 0.2592,
        "estimated_landing_time": 1040.0,
        "wait_time": 0,
        "Landing_success_rate": 0.8822
    },
    {
        "model": 2,
        "sequence": 27,
        "status": 1,
        "fuel": 6828,
        "fault": 0.3082,
        "weapon": 1,
        "pilot_injury": 0.1926,
        "pilot_skill": 0.2276,
        "mission_priority": 0.3589,
        "estimated_landing_time": 2544.0,
        "wait_time": 0,
        "Landing_success_rate": 0.9189
    },
    {
        "model": 1,
        "sequence": 15,
        "status": 1,
        "fuel": 7210,
        "fault": 0.3287,
        "weapon": 1,
        "pilot_injury": 0.3113,
        "pilot_skill": 0.2676,
        "mission_priority": 0.1251,
        "estimated_landing_time": 1416.0,
        "wait_time": 0,
        "Landing_success_rate": 0.9361
    },
    {
        "model": 2,
        "sequence": 6,
        "status": 1,
        "fuel": 5569,
        "fault": 0.1425,
        "weapon": 1,
        "pilot_injury": 0.3315,
        "pilot_skill": 0.0078,
        "mission_priority": 0.5312,
        "estimated_landing_time": 570.0,
        "wait_time": 0,
        "Landing_success_rate": 0.8544
    },
    {
        "model": 1,
        "sequence": 9,
        "status": 1,
        "fuel": 6588,
        "fault": 0.5331,
        "weapon": 1,
        "pilot_injury": 0.1971,
        "pilot_skill": 0.9194,
        "mission_priority": 0.3611,
        "estimated_landing_time": 852.0,
        "wait_time": 0,
        "Landing_success_rate": 0.8881
    },
    {
        "model": 1,
        "sequence": 19,
        "status": 1,
        "fuel": 6834,
        "fault": 0.2549,
        "weapon": 0,
        "pilot_injury": 0.9614,
        "pilot_skill": 0.3254,
        "mission_priority": 0.2605,
        "estimated_landing_time": 1792.0,
        "wait_time": 0,
        "Landing_success_rate": 0.9245
    },
    {
        "model": 2,
        "sequence": 21,
        "status": 1,
        "fuel": 5806,
        "fault": 0.7046,
        "weapon": 0,
        "pilot_injury": 0.6906,
        "pilot_skill": 0.6919,
        "mission_priority": 0.1166,
        "estimated_landing_time": 1980.0,
        "wait_time": 0,
        "Landing_success_rate": 0.8568
    },
    {
        "model": 2,
        "sequence": 3,
        "status": 1,
        "fuel": 6373,
        "fault": 0.6358,
        "weapon": 0,
        "pilot_injury": 0.7114,
        "pilot_skill": 0.9766,
        "mission_priority": 0.7709,
        "estimated_landing_time": 288.0,
        "wait_time": 0,
        "Landing_success_rate": 0.8738
    },
    {
        "model": 0,
        "sequence": 23,
        "status": 1,
        "fuel": 5835,
        "fault": 0.0094,
        "weapon": 1,
        "pilot_injury": 0.1846,
        "pilot_skill": 0.3552,
        "mission_priority": 0.9335,
        "estimated_landing_time": 2168.0,
        "wait_time": 0,
        "Landing_success_rate": 0.8749
    },
    {
        "model": 0,
        "sequence": 30,
        "status": 1,
        "fuel": 5835,
        "fault": 0.9792,
        "weapon": 0,
        "pilot_injury": 0.1038,
        "pilot_skill": 0.662,
        "mission_priority": 0.7791,
        "estimated_landing_time": 2826.0,
        "wait_time": 0,
        "Landing_success_rate": 0.8505
    },
    {
        "model": 2,
        "sequence": 16,
        "status": 1,
        "fuel": 6496,
        "fault": 0.9679,
        "weapon": 0,
        "pilot_injury": 0.7237,
        "pilot_skill": 0.477,
        "mission_priority": 0.8655,
        "estimated_landing_time": 1510.0,
        "wait_time": 0,
        "Landing_success_rate": 0.8524
    },
    {
        "model": 0,
        "sequence": 22,
        "status": 1,
        "fuel": 6747,
        "fault": 0.9441,
        "weapon": 1,
        "pilot_injury": 0.5399,
        "pilot_skill": 0.1307,
        "mission_priority": 0.5153,
        "estimated_landing_time": 2074.0,
        "wait_time": 0,
        "Landing_success_rate": 0.8552
    },
    {
        "model": 1,
        "sequence": 18,
        "status": 1,
        "fuel": 6786,
        "fault": 0.8681,
        "weapon": 0,
        "pilot_injury": 0.5768,
        "pilot_skill": 0.3296,
        "mission_priority": 0.8555,
        "estimated_landing_time": 1698.0,
        "wait_time": 0,
        "Landing_success_rate": 0.8627
    },
    {
        "model": 2,
        "sequence": 8,
        "status": 1,
        "fuel": 5525,
        "fault": 0.8783,
        "weapon": 1,
        "pilot_injury": 0.9819,
        "pilot_skill": 0.3415,
        "mission_priority": 0.1315,
        "estimated_landing_time": 758.0,
        "wait_time": 0,
        "Landing_success_rate": 0.8502
    },
    {
        "model": 2,
        "sequence": 20,
        "status": 1,
        "fuel": 6243,
        "fault": 0.0919,
        "weapon": 0,
        "pilot_injury": 0.2265,
        "pilot_skill": 0.8821,
        "mission_priority": 0.4946,
        "estimated_landing_time": 1886.0,
        "wait_time": 0,
        "Landing_success_rate": 0.9006
    },
    {
        "model": 0,
        "sequence": 28,
        "status": 1,
        "fuel": 7047,
        "fault": 0.9851,
        "weapon": 0,
        "pilot_injury": 0.8488,
        "pilot_skill": 0.3966,
        "mission_priority": 0.551,
        "estimated_landing_time": 2638.0,
        "wait_time": 0,
        "Landing_success_rate": 0.8517
    },
    {
        "model": 1,
        "sequence": 13,
        "status": 1,
        "fuel": 6671,
        "fault": 0.5512,
        "weapon": 0,
        "pilot_injury": 0.1069,
        "pilot_skill": 0.0944,
        "mission_priority": 0.9336,
        "estimated_landing_time": 1228.0,
        "wait_time": 0,
        "Landing_success_rate": 0.8894
    },
    {
        "model": 1,
        "sequence": 2,
        "status": 1,
        "fuel": 6472,
        "fault": 0.7462,
        "weapon": 0,
        "pilot_injury": 0.1062,
        "pilot_skill": 0.546,
        "mission_priority": 0.9205,
        "estimated_landing_time": 194.0,
        "wait_time": 0,
        "Landing_success_rate": 0.8685
    }
]