[
    {
        "model": 1,
        "sequence": 2,
        "status": 1,
        "fuel": 6377,
        "fault": 0.1273,
        "weapon": 0,
        "pilot_injury": 0.8276,
        "pilot_skill": 0.3954,
        "mission_priority": 0.4759,
        "estimated_landing_time": 194.0,
        "wait_time": 0,
        "Landing_success_rate": 0.9074
    },
    {
        "model": 0,
        "sequence": 15,
        "status": 1,
        "fuel": 6181,
        "fault": 0.8597,
        "weapon": 0,
        "pilot_injury": 0.0354,
        "pilot_skill": 0.604,
        "mission_priority": 0.2289,
        "estimated_landing_time": 1416.0,
        "wait_time": 0,
        "Landing_success_rate": 0.8572
    },
    {
        "model": 1,
        "sequence": 29,
        "status": 1,
        "fuel": 7256,
        "fault": 0.4905,
        "weapon": 1,
        "pilot_injury": 0.8407,
        "pilot_skill": 0.9544,
        "mission_priority": 0.0633,
        "estimated_landing_time": 2732.0,
        "wait_time": 0,
        "Landing_success_rate": 0.9171
    },
    {
        "model": 2,
        "sequence": 27,
        "status": 1,
        "fuel": 7117,
        "fault": 0.6521,
        "weapon": 0,
        "pilot_injury": 0.8848,
        "pilot_skill": 0.0049,
        "mission_priority": 0.9452,
        "estimated_landing_time": 2544.0,
        "wait_time": 0,
        "Landing_success_rate": 0.8922
    },
    {
        "model": 0,
        "sequence": 9,
        "status": 1,
        "fuel": 6420,
        "fault": 0.7375,
        "weapon": 1,
        "pilot_injury": 0.8787,
        "pilot_skill": 0.2895,
        "mission_priority": 0.5835,
        "estimated_landing_time": 852.0,
        "wait_time": 0,
        "Landing_success_rate": 0.8681
    },
    {
        "model": 1,
        "sequence": 13,
        "status": 1,
        "fuel": 7448,
        "fault": 0.4791,
        "weapon": 1,
        "pilot_injury": 0.3586,
        "pilot_skill": 0.173,
        "mission_priority": 0.521,
        "estimated_landing_time": 1228.0,
        "wait_time": 0,
        "Landing_success_rate": 0.9261
    },
    {
        "model": 2,
        "sequence": 5,
        "status": 1,
        "fuel": 7389,
        "fault": 0.4937,
        "weapon": 1,
        "pilot_injury": 0.1738,
        "pilot_skill": 0.1187,
        "mission_priority": 0.1046,
        "estimated_landing_time": 476.0,
        "wait_time": 0,
        "Landing_success_rate": 0.9217
    },
    {
        "model": 1,
        "sequence": 24,
        "status": 1,
        "fuel": 6603,
        "fault": 0.3736,
        "weapon": 1,
        "pilot_injury": 0.0019,
        "pilot_skill": 0.0623,
        "mission_priority": 0.4704,
        "estimated_landing_time": 2262.0,
        "wait_time": 0,
        "Landing_success_rate": 0.9018
    },
    {
        "model": 1,
        "sequence": 30,
        "status": 1,
        "fuel": 5741,
        "fault": 0.3213,
        "weapon": 0,
        "pilot_injury": 0.3533,
        "pilot_skill": 0.0397,
        "mission_priority": 0.22,
        "estimated_landing_time": 2826.0,
        "wait_time": 0,
        "Landing_success_rate": 0.8623
    },
    {
        "model": 2,
        "sequence": 25,
        "status": 1,
        "fuel": 7103,
        "fault": 0.9856,
        "weapon": 1,
        "pilot_injury": 0.1862,
        "pilot_skill": 0.1977,
        "mission_priority": 0.9847,
        "estimated_landing_time": 2356.0,
        "wait_time": 0,
        "Landing_success_rate": 0.8517
    },
    {
        "model": 0,
        "sequence": 7,
        "status": 1,
        "fuel": 6259,
        "fault": 0.4829,
        "weapon": 0,
        "pilot_injury": 0.0805,
        "pilot_skill": 0.8744,
        "mission_priority": 0.5069,
        "estimated_landing_time": 664.0,
        "wait_time": 0,
        "Landing_success_rate": 0.8794
    },
    {
        "model": 1,
        "sequence": 20,
        "status": 1,
        "fuel": 6914,
        "fault": 0.0562,
        "weapon": 0,
        "pilot_injury": 0.8986,
        "pilot_skill": 0.5871,
        "mission_priority": 0.6757,
        "estimated_landing_time": 1886.0,
        "wait_time": 0,
        "Landing_success_rate": 0.9501
    },
    {
        "model": 1,
        "sequence": 17,
        "status": 1,
        "fuel": 6453,
        "fault": 0.4912,
        "weapon": 1,
        "pilot_injury": 0.8362,
        "pilot_skill": 0.1836,
        "mission_priority": 0.2919,
        "estimated_landing_time": 1604.0,
        "wait_time": 0,
        "Landing_success_rate": 0.8864
    },
    {
        "model": 2,
        "sequence": 11,
        "status": 1,
        "fuel": 6160,
        "fault": 0.8284,
        "weapon": 1,
        "pilot_injury": 0.9334,
        "pilot_skill": 0.1241,
        "mission_priority": 0.6672,
        "estimated_landing_time": 1040.0,
        "wait_time": 0,
        "Landing_success_rate": 0.8585
    },
    {
        "model": 0,
        "sequence": 1,
        "status": 1,
        "fuel": 6604,
        "fault": 0.3792,
        "weapon": 1,
        "pilot_injury": 0.4333,
        "pilot_skill": 0.3823,
        "mission_priority": 0.9777,
        "estimated_landing_time": 100.0,
        "wait_time": 0,
        "Landing_success_rate": 0.9014
    },
    {
        "model": 0,
        "sequence": 8,
        "status": 1,
        "fuel": 6640,
        "fault": 0.1045,
        "weapon": 1,
        "pilot_injury": 0.1823,
        "pilot_skill": 0.8906,
        "mission_priority": 0.6487,
        "estimated_landing_time": 758.0,
        "wait_time": 0,
        "Landing_success_rate": 0.9266
    },
    {
        "model": 1,
        "sequence": 3,
        "status": 1,
        "fuel": 6459,
        "fault": 0.187,
        "weapon": 0,
        "pilot_injury": 0.5408,
        "pilot_skill": 0.5037,
        "mission_priority": 0.4093,
        "estimated_landing_time": 288.0,
        "wait_time": 0,
        "Landing_success_rate": 0.9085
    },
    {
        "model": 0,
        "sequence": 18,
        "status": 1,
        "fuel": 6832,
        "fault": 0.7885,
        "weapon": 0,
        "pilot_injury": 0.2555,
        "pilot_skill": 0.4927,
        "mission_priority": 0.0637,
        "estimated_landing_time": 1698.0,
        "wait_time": 0,
        "Landing_success_rate": 0.8711
    },
    {
        "model": 1,
        "sequence": 26,
        "status": 1,
        "fuel": 6287,
        "fault": 0.1717,
        "weapon": 0,
        "pilot_injury": 0.1746,
        "pilot_skill": 0.1466,
        "mission_priority": 0.1402,
        "estimated_landing_time": 2450.0,
        "wait_time": 0,
        "Landing_success_rate": 0.8989
    },
    {
        "model": 0,
        "sequence": 21,
        "status": 1,
        "fuel": 7224,
        "fault": 0.1897,
        "weapon": 0,
        "pilot_injury": 0.1015,
        "pilot_skill": 0.897,
        "mission_priority": 0.4979,
        "estimated_landing_time": 1980.0,
        "wait_time": 0,
        "Landing_success_rate": 0.9548
    },
    {
        "model": 1,
        "sequence": 6,
        "status": 1,
        "fuel": 7415,
        "fault": 0.0185,
        "weapon": 0,
        "pilot_injury": 0.8672,
        "pilot_skill": 0.8281,
        "mission_priority": 0.0342,
        "estimated_landing_time": 570.0,
        "wait_time": 0,
        "Landing_success_rate": 0.991
    },
    {
        "model": 2,
        "sequence": 4,
        "status": 1,
        "fuel": 6005,
        "fault": 0.6798,
        "weapon": 1,
        "pilot_injury": 0.5556,
        "pilot_skill": 0.8705,
        "mission_priority": 0.9341,
        "estimated_landing_time": 382.0,
        "wait_time": 0,
        "Landing_success_rate": 0.8621
    },
    {
        "model": 1,
        "sequence": 23,
        "status": 1,
        "fuel": 6685,
        "fault": 0.6642,
        "weapon": 0,
        "pilot_injury": 0.0696,
        "pilot_skill": 0.9093,
        "mission_priority": 0.7723,
        "estimated_landing_time": 2168.0,
        "wait_time": 0,
        "Landing_success_rate": 0.8798
    },
    {
        "model": 2,
        "sequence": 16,
        "status": 1,
        "fuel": 6551,
        "fault": 0.6196,
        "weapon": 0,
        "pilot_injury": 0.9408,
        "pilot_skill": 0.8185,
        "mission_priority": 0.3283,
        "estimated_landing_time": 1510.0,
        "wait_time": 0,
        "Landing_success_rate": 0.88
    },
    {
        "model": 0,
        "sequence": 28,
        "status": 1,
        "fuel": 6440,
        "fault": 0.6824,
        "weapon": 0,
        "pilot_injury": 0.5888,
        "pilot_skill": 0.1819,
        "mission_priority": 0.4335,
        "estimated_landing_time": 2638.0,
        "wait_time": 0,
        "Landing_success_rate": 0.8724
    },
    {
        "model": 0,
        "sequence": 19,
        "status": 1,
        "fuel": 6308,
        "fault": 0.8112,
        "weapon": 1,
        "pilot_injury": 0.6667,
        "pilot_skill": 0.5895,
        "mission_priority": 0.3165,
        "estimated_landing_time": 1792.0,
        "wait_time": 0,
        "Landing_success_rate": 0.8614
    },
    {
        "model": 2,
        "sequence": 14,
        "status": 1,
        "fuel": 6256,
        "fault": 0.3271,
        "weapon": 0,
        "pilot_injury": 0.4258,
        "pilot_skill": 0.1127,
        "mission_priority": 0.9175,
        "estimated_landing_time": 1322.0,
        "wait_time": 0,
        "Landing_success_rate": 0.8882
    },
    {
        "model": 0,
        "sequence": 10,
        "status": 1,
        "fuel": 5826,
        "fault": 0.1382,
        "weapon": 1,
        "pilot_injury": 0.8492,
        "pilot_skill": 0.2954,
        "mission_priority": 0.748,
        "estimated_landing_time": 946.0,
        "wait_time": 0,
        "Landing_success_rate": 0.8711
    },
    {
        "model": 2,
        "sequence": 12,
        "status": 1,
        "fuel": 6824,
        "fault": 0.4719,
        "weapon": 0,
        "pilot_injury": 0.2629,
        "pilot_skill": 0.1601,
        "mission_priority": 0.3078,
        "estimated_landing_time": 1134.0,
        "wait_time": 0,
        "Landing_success_rate": 0.9024
    },
    {
        "model": 2,
        "sequence": 22,
        "status": 1,
        "fuel": 6333,
        "fault": 0.8954,
        "weapon": 1,
        "pilot_injury": 0.0968,
        "pilot_skill": 0.5086,
        "mission_priority": 0.3477,
        "estimated_landing_time": 2074.0,
        "wait_time": 0,
        "Landing_success_rate": 0.8565
    }
]