[
    {
        "model": 1,
        "sequence": 27,
        "status": 1,
        "fuel": 7034,
        "fault": 0.2965,
        "weapon": 1,
        "pilot_injury": 0.19,
        "pilot_skill": 0.8016,
        "mission_priority": 0.4577,
        "estimated_landing_time": 2544.0,
        "wait_time": 0,
        "Landing_success_rate": 0.9309
    },
    {
        "model": 1,
        "sequence": 2,
        "status": 1,
        "fuel": 5589,
        "fault": 0.6644,
        "weapon": 0,
        "pilot_injury": 0.5224,
        "pilot_skill": 0.1105,
        "mission_priority": 0.9638,
        "estimated_landing_time": 194.0,
        "wait_time": 0,
        "Landing_success_rate": 0.8522
    },
    {
        "model": 0,
        "sequence": 24,
        "status": 1,
        "fuel": 6063,
        "fault": 0.9942,
        "weapon": 1,
        "pilot_injury": 0.8088,
        "pilot_skill": 0.0125,
        "mission_priority": 0.6574,
        "estimated_landing_time": 2262.0,
        "wait_time": 0,
        "Landing_success_rate": 0.8502
    },
    {
        "model": 0,
        "sequence": 18,
        "status": 1,
        "fuel": 5602,
        "fault": 0.7803,
        "weapon": 0,
        "pilot_injury": 0.0383,
        "pilot_skill": 0.8447,
        "mission_priority": 0.1355,
        "estimated_landing_time": 1698.0,
        "wait_time": 0,
        "Landing_success_rate": 0.8517
    },
    {
        "model": 2,
        "sequence": 16,
        "status": 1,
        "fuel": 6858,
        "fault": 0.6696,
        "weapon": 0,
        "pilot_injury": 0.1975,
        "pilot_skill": 0.1667,
        "mission_priority": 0.6823,
        "estimated_landing_time": 1510.0,
        "wait_time": 0,
        "Landing_success_rate": 0.8837
    },
    {
        "model": 1,
        "sequence": 11,
        "status": 1,
        "fuel": 5951,
        "fault": 0.5926,
        "weapon": 1,
        "pilot_injury": 0.2625,
        "pilot_skill": 0.0317,
        "mission_priority": 0.0671,
        "estimated_landing_time": 1040.0,
        "wait_time": 0,
        "Landing_success_rate": 0.8638
    },
    {
        "model": 1,
        "sequence": 7,
        "status": 1,
        "fuel": 6330,
        "fault": 0.9517,
        "weapon": 1,
        "pilot_injury": 0.2114,
        "pilot_skill": 0.8495,
        "mission_priority": 0.0272,
        "estimated_landing_time": 664.0,
        "wait_time": 0,
        "Landing_success_rate": 0.853
    },
    {
        "model": 1,
        "sequence": 19,
        "status": 1,
        "fuel": 6530,
        "fault": 0.455,
        "weapon": 1,
        "pilot_injury": 0.8904,
        "pilot_skill": 0.0412,
        "mission_priority": 0.143,
        "estimated_landing_time": 1792.0,
        "wait_time": 0,
        "Landing_success_rate": 0.8921
    },
    {
        "model": 0,
        "sequence": 25,
        "status": 1,
        "fuel": 6928,
        "fault": 0.91,
        "weapon": 1,
        "pilot_injury": 0.9115,
        "pilot_skill": 0.1324,
        "mission_priority": 0.083,
        "estimated_landing_time": 2356.0,
        "wait_time": 0,
        "Landing_success_rate": 0.8596
    },
    {
        "model": 1,
        "sequence": 20,
        "status": 1,
        "fuel": 6806,
        "fault": 0.0353,
        "weapon": 0,
        "pilot_injury": 0.6499,
        "pilot_skill": 0.7569,
        "mission_priority": 0.7049,
        "estimated_landing_time": 1886.0,
        "wait_time": 0,
        "Landing_success_rate": 0.9445
    },
    {
        "model": 0,
        "sequence": 12,
        "status": 1,
        "fuel": 5724,
        "fault": 0.8428,
        "weapon": 1,
        "pilot_injury": 0.3826,
        "pilot_skill": 0.2898,
        "mission_priority": 0.292,
        "estimated_landing_time": 1134.0,
        "wait_time": 0,
        "Landing_success_rate": 0.8526
    },
    {
        "model": 1,
        "sequence": 3,
        "status": 1,
        "fuel": 7416,
        "fault": 0.8505,
        "weapon": 0,
        "pilot_injury": 0.3931,
        "pilot_skill": 0.1101,
        "mission_priority": 0.2971,
        "estimated_landing_time": 288.0,
        "wait_time": 0,
        "Landing_success_rate": 0.8715
    },
    {
        "model": 1,
        "sequence": 17,
        "status": 1,
        "fuel": 6617,
        "fault": 0.2179,
        "weapon": 0,
        "pilot_injury": 0.4612,
        "pilot_skill": 0.8226,
        "mission_priority": 0.5885,
        "estimated_landing_time": 1604.0,
        "wait_time": 0,
        "Landing_success_rate": 0.9155
    },
    {
        "model": 0,
        "sequence": 15,
        "status": 1,
        "fuel": 7168,
        "fault": 0.6945,
        "weapon": 1,
        "pilot_injury": 0.0128,
        "pilot_skill": 0.2788,
        "mission_priority": 0.0591,
        "estimated_landing_time": 1416.0,
        "wait_time": 0,
        "Landing_success_rate": 0.8882
    },
    {
        "model": 1,
        "sequence": 4,
        "status": 1,
        "fuel": 6144,
        "fault": 0.5506,
        "weapon": 1,
        "pilot_injury": 0.7092,
        "pilot_skill": 0.6123,
        "mission_priority": 0.5544,
        "estimated_landing_time": 382.0,
        "wait_time": 0,
        "Landing_success_rate": 0.8717
    },
    {
        "model": 0,
        "sequence": 22,
        "status": 1,
        "fuel": 5896,
        "fault": 0.4207,
        "weapon": 1,
        "pilot_injury": 0.041,
        "pilot_skill": 0.8124,
        "mission_priority": 0.3236,
        "estimated_landing_time": 2074.0,
        "wait_time": 0,
        "Landing_success_rate": 0.8672
    },
    {
        "model": 2,
        "sequence": 1,
        "status": 1,
        "fuel": 6022,
        "fault": 0.851,
        "weapon": 1,
        "pilot_injury": 0.9689,
        "pilot_skill": 0.6151,
        "mission_priority": 0.1173,
        "estimated_landing_time": 100.0,
        "wait_time": 0,
        "Landing_success_rate": 0.8558
    },
    {
        "model": 0,
        "sequence": 28,
        "status": 1,
        "fuel": 6791,
        "fault": 0.2204,
        "weapon": 0,
        "pilot_injury": 0.7906,
        "pilot_skill": 0.7476,
        "mission_priority": 0.4151,
        "estimated_landing_time": 2638.0,
        "wait_time": 0,
        "Landing_success_rate": 0.9255
    },
    {
        "model": 2,
        "sequence": 9,
        "status": 1,
        "fuel": 5684,
        "fault": 0.5468,
        "weapon": 1,
        "pilot_injury": 0.7026,
        "pilot_skill": 0.9793,
        "mission_priority": 0.4272,
        "estimated_landing_time": 852.0,
        "wait_time": 0,
        "Landing_success_rate": 0.8563
    },
    {
        "model": 1,
        "sequence": 8,
        "status": 1,
        "fuel": 7168,
        "fault": 0.9481,
        "weapon": 0,
        "pilot_injury": 0.1206,
        "pilot_skill": 0.9985,
        "mission_priority": 0.3761,
        "estimated_landing_time": 758.0,
        "wait_time": 0,
        "Landing_success_rate": 0.8565
    },
    {
        "model": 0,
        "sequence": 30,
        "status": 1,
        "fuel": 5638,
        "fault": 0.9285,
        "weapon": 1,
        "pilot_injury": 0.6281,
        "pilot_skill": 0.0033,
        "mission_priority": 0.5045,
        "estimated_landing_time": 2826.0,
        "wait_time": 0,
        "Landing_success_rate": 0.8507
    },
    {
        "model": 2,
        "sequence": 5,
        "status": 1,
        "fuel": 6359,
        "fault": 0.0014,
        "weapon": 0,
        "pilot_injury": 0.6276,
        "pilot_skill": 0.3266,
        "mission_priority": 0.6337,
        "estimated_landing_time": 476.0,
        "wait_time": 0,
        "Landing_success_rate": 0.9143
    },
    {
        "model": 1,
        "sequence": 14,
        "status": 1,
        "fuel": 6390,
        "fault": 0.9723,
        "weapon": 1,
        "pilot_injury": 0.5417,
        "pilot_skill": 0.8384,
        "mission_priority": 0.1219,
        "estimated_landing_time": 1322.0,
        "wait_time": 0,
        "Landing_success_rate": 0.8518
    },
    {
        "model": 0,
        "sequence": 21,
        "status": 1,
        "fuel": 6619,
        "fault": 0.7186,
        "weapon": 0,
        "pilot_injury": 0.4173,
        "pilot_skill": 0.4076,
        "mission_priority": 0.6329,
        "estimated_landing_time": 1980.0,
        "wait_time": 0,
        "Landing_success_rate": 0.8736
    },
    {
        "model": 1,
        "sequence": 6,
        "status": 1,
        "fuel": 6170,
        "fault": 0.8756,
        "weapon": 1,
        "pilot_injury": 0.2644,
        "pilot_skill": 0.1378,
        "mission_priority": 0.9782,
        "estimated_landing_time": 570.0,
        "wait_time": 0,
        "Landing_success_rate": 0.8563
    },
    {
        "model": 2,
        "sequence": 26,
        "status": 1,
        "fuel": 6494,
        "fault": 0.6905,
        "weapon": 0,
        "pilot_injury": 0.0173,
        "pilot_skill": 0.8112,
        "mission_priority": 0.7931,
        "estimated_landing_time": 2450.0,
        "wait_time": 0,
        "Landing_success_rate": 0.8731
    },
    {
        "model": 0,
        "sequence": 23,
        "status": 1,
        "fuel": 6456,
        "fault": 0.1149,
        "weapon": 1,
        "pilot_injury": 0.3736,
        "pilot_skill": 0.496,
        "mission_priority": 0.402,
        "estimated_landing_time": 2168.0,
        "wait_time": 0,
        "Landing_success_rate": 0.9135
    },
    {
        "model": 1,
        "sequence": 10,
        "status": 1,
        "fuel": 6431,
        "fault": 0.0968,
        "weapon": 1,
        "pilot_injury": 0.3308,
        "pilot_skill": 0.0199,
        "mission_priority": 0.3413,
        "estimated_landing_time": 946.0,
        "wait_time": 0,
        "Landing_success_rate": 0.9131
    },
    {
        "model": 1,
        "sequence": 29,
        "status": 1,
        "fuel": 7249,
        "fault": 0.4281,
        "weapon": 0,
        "pilot_injury": 0.1856,
        "pilot_skill": 0.6948,
        "mission_priority": 0.0216,
        "estimated_landing_time": 2732.0,
        "wait_time": 0,
        "Landing_success_rate": 0.925
    },
    {
        "model": 2,
        "sequence": 13,
        "status": 1,
        "fuel": 5503,
        "fault": 0.161,
        "weapon": 1,
        "pilot_injury": 0.6724,
        "pilot_skill": 0.2947,
        "mission_priority": 0.278,
        "estimated_landing_time": 1228.0,
        "wait_time": 0,
        "Landing_success_rate": 0.8502
    }
]