[
    {
        "model": 0,
        "sequence": 11,
        "status": 1,
        "fuel": 6585,
        "fault": 0.8703,
        "weapon": 1,
        "pilot_injury": 0.3478,
        "pilot_skill": 0.1208,
        "mission_priority": 0.6687,
        "estimated_landing_time": 1040.0,
        "wait_time": 0,
        "Landing_success_rate": 0.8606
    },
    {
        "model": 1,
        "sequence": 25,
        "status": 1,
        "fuel": 7383,
        "fault": 0.2699,
        "weapon": 1,
        "pilot_injury": 0.8295,
        "pilot_skill": 0.3026,
        "mission_priority": 0.4429,
        "estimated_landing_time": 2356.0,
        "wait_time": 0,
        "Landing_success_rate": 0.9531
    },
    {
        "model": 0,
        "sequence": 1,
        "status": 1,
        "fuel": 6154,
        "fault": 0.165,
        "weapon": 0,
        "pilot_injury": 0.5021,
        "pilot_skill": 0.0678,
        "mission_priority": 0.187,
        "estimated_landing_time": 100.0,
        "wait_time": 0,
        "Landing_success_rate": 0.891
    },
    {
        "model": 0,
        "sequence": 30,
        "status": 1,
        "fuel": 5512,
        "fault": 0.6985,
        "weapon": 0,
        "pilot_injury": 0.2488,
        "pilot_skill": 0.4708,
        "mission_priority": 0.6592,
        "estimated_landing_time": 2826.0,
        "wait_time": 0,
        "Landing_success_rate": 0.8503
    },
    {
        "model": 1,
        "sequence": 23,
        "status": 1,
        "fuel": 6126,
        "fault": 0.4319,
        "weapon": 1,
        "pilot_injury": 0.6337,
        "pilot_skill": 0.8798,
        "mission_priority": 0.1246,
        "estimated_landing_time": 2168.0,
        "wait_time": 0,
        "Landing_success_rate": 0.8767
    },
    {
        "model": 2,
        "sequence": 21,
        "status": 1,
        "fuel": 7033,
        "fault": 0.1573,
        "weapon": 1,
        "pilot_injury": 0.2185,
        "pilot_skill": 0.2957,
        "mission_priority": 0.456,
        "estimated_landing_time": 1980.0,
        "wait_time": 0,
        "Landing_success_rate": 0.9469
    },
    {
        "model": 0,
        "sequence": 16,
        "status": 1,
        "fuel": 5788,
        "fault": 0.5799,
        "weapon": 0,
        "pilot_injury": 0.3649,
        "pilot_skill": 0.6838,
        "mission_priority": 0.6449,
        "estimated_landing_time": 1510.0,
        "wait_time": 0,
        "Landing_success_rate": 0.8591
    },
    {
        "model": 0,
        "sequence": 29,
        "status": 1,
        "fuel": 7060,
        "fault": 0.8561,
        "weapon": 0,
        "pilot_injury": 0.3799,
        "pilot_skill": 0.4048,
        "mission_priority": 0.0898,
        "estimated_landing_time": 2732.0,
        "wait_time": 0,
        "Landing_success_rate": 0.8668
    },
    {
        "model": 2,
        "sequence": 17,
        "status": 1,
        "fuel": 5551,
        "fault": 0.2306,
        "weapon": 0,
        "pilot_injury": 0.9313,
        "pilot_skill": 0.0844,
        "mission_priority": 0.121,
        "estimated_landing_time": 1604.0,
        "wait_time": 0,
        "Landing_success_rate": 0.8529
    },
    {
        "model": 0,
        "sequence": 7,
        "status": 1,
        "fuel": 5842,
        "fault": 0.9122,
        "weapon": 0,
        "pilot_injury": 0.7926,
        "pilot_skill": 0.8359,
        "mission_priority": 0.8918,
        "estimated_landing_time": 664.0,
        "wait_time": 0,
        "Landing_success_rate": 0.8523
    },
    {
        "model": 0,
        "sequence": 4,
        "status": 1,
        "fuel": 6665,
        "fault": 0.5402,
        "weapon": 1,
        "pilot_injury": 0.5684,
        "pilot_skill": 0.6848,
        "mission_priority": 0.2477,
        "estimated_landing_time": 382.0,
        "wait_time": 0,
        "Landing_success_rate": 0.8902
    },
    {
        "model": 2,
        "sequence": 15,
        "status": 1,
        "fuel": 7044,
        "fault": 0.0394,
        "weapon": 1,
        "pilot_injury": 0.7668,
        "pilot_skill": 0.2342,
        "mission_priority": 0.9201,
        "estimated_landing_time": 1416.0,
        "wait_time": 0,
        "Landing_success_rate": 0.9612
    },
    {
        "model": 1,
        "sequence": 26,
        "status": 1,
        "fuel": 6903,
        "fault": 0.9492,
        "weapon": 0,
        "pilot_injury": 0.335,
        "pilot_skill": 0.1155,
        "mission_priority": 0.1776,
        "estimated_landing_time": 2450.0,
        "wait_time": 0,
        "Landing_success_rate": 0.8553
    },
    {
        "model": 1,
        "sequence": 22,
        "status": 1,
        "fuel": 6921,
        "fault": 0.6503,
        "weapon": 0,
        "pilot_injury": 0.1155,
        "pilot_skill": 0.4452,
        "mission_priority": 0.1373,
        "estimated_landing_time": 2074.0,
        "wait_time": 0,
        "Landing_success_rate": 0.8873
    },
    {
        "model": 0,
        "sequence": 8,
        "status": 1,
        "fuel": 6976,
        "fault": 0.6075,
        "weapon": 0,
        "pilot_injury": 0.5605,
        "pilot_skill": 0.6868,
        "mission_priority": 0.0807,
        "estimated_landing_time": 758.0,
        "wait_time": 0,
        "Landing_success_rate": 0.8934
    },
    {
        "model": 0,
        "sequence": 10,
        "status": 1,
        "fuel": 7234,
        "fault": 0.6495,
        "weapon": 0,
        "pilot_injury": 0.4209,
        "pilot_skill": 0.0922,
        "mission_priority": 0.8624,
        "estimated_landing_time": 946.0,
        "wait_time": 0,
        "Landing_success_rate": 0.8956
    },
    {
        "model": 1,
        "sequence": 28,
        "status": 1,
        "fuel": 6011,
        "fault": 0.6669,
        "weapon": 1,
        "pilot_injury": 0.3472,
        "pilot_skill": 0.568,
        "mission_priority": 0.0216,
        "estimated_landing_time": 2638.0,
        "wait_time": 0,
        "Landing_success_rate": 0.8628
    },
    {
        "model": 1,
        "sequence": 5,
        "status": 1,
        "fuel": 7308,
        "fault": 0.7928,
        "weapon": 1,
        "pilot_injury": 0.9258,
        "pilot_skill": 0.2259,
        "mission_priority": 0.3985,
        "estimated_landing_time": 476.0,
        "wait_time": 0,
        "Landing_success_rate": 0.8781
    },
    {
        "model": 0,
        "sequence": 19,
        "status": 1,
        "fuel": 6911,
        "fault": 0.611,
        "weapon": 0,
        "pilot_injury": 0.2798,
        "pilot_skill": 0.8163,
        "mission_priority": 0.3777,
        "estimated_landing_time": 1792.0,
        "wait_time": 0,
        "Landing_success_rate": 0.8912
    },
    {
        "model": 2,
        "sequence": 12,
        "status": 1,
        "fuel": 6035,
        "fault": 0.3718,
        "weapon": 1,
        "pilot_injury": 0.5482,
        "pilot_skill": 0.495,
        "mission_priority": 0.2106,
        "estimated_landing_time": 1134.0,
        "wait_time": 0,
        "Landing_success_rate": 0.8752
    },
    {
        "model": 2,
        "sequence": 3,
        "status": 1,
        "fuel": 6421,
        "fault": 0.106,
        "weapon": 0,
        "pilot_injury": 0.7117,
        "pilot_skill": 0.3676,
        "mission_priority": 0.4697,
        "estimated_landing_time": 288.0,
        "wait_time": 0,
        "Landing_success_rate": 0.9118
    },
    {
        "model": 1,
        "sequence": 18,
        "status": 1,
        "fuel": 5552,
        "fault": 0.2483,
        "weapon": 0,
        "pilot_injury": 0.6581,
        "pilot_skill": 0.4826,
        "mission_priority": 0.3522,
        "estimated_landing_time": 1698.0,
        "wait_time": 0,
        "Landing_success_rate": 0.8529
    },
    {
        "model": 1,
        "sequence": 9,
        "status": 1,
        "fuel": 6318,
        "fault": 0.6516,
        "weapon": 0,
        "pilot_injury": 0.1651,
        "pilot_skill": 0.2521,
        "mission_priority": 0.3905,
        "estimated_landing_time": 852.0,
        "wait_time": 0,
        "Landing_success_rate": 0.8714
    },
    {
        "model": 0,
        "sequence": 14,
        "status": 1,
        "fuel": 6291,
        "fault": 0.6071,
        "weapon": 0,
        "pilot_injury": 0.0386,
        "pilot_skill": 0.0681,
        "mission_priority": 0.4695,
        "estimated_landing_time": 1322.0,
        "wait_time": 0,
        "Landing_success_rate": 0.8733
    },
    {
        "model": 2,
        "sequence": 6,
        "status": 1,
        "fuel": 7018,
        "fault": 0.1364,
        "weapon": 0,
        "pilot_injury": 0.543,
        "pilot_skill": 0.0285,
        "mission_priority": 0.0683,
        "estimated_landing_time": 570.0,
        "wait_time": 0,
        "Landing_success_rate": 0.9483
    },
    {
        "model": 2,
        "sequence": 13,
        "status": 1,
        "fuel": 6860,
        "fault": 0.6024,
        "weapon": 0,
        "pilot_injury": 0.5759,
        "pilot_skill": 0.4536,
        "mission_priority": 0.1846,
        "estimated_landing_time": 1228.0,
        "wait_time": 0,
        "Landing_success_rate": 0.8906
    },
    {
        "model": 0,
        "sequence": 2,
        "status": 1,
        "fuel": 7490,
        "fault": 0.444,
        "weapon": 1,
        "pilot_injury": 0.2247,
        "pilot_skill": 0.9569,
        "mission_priority": 0.2292,
        "estimated_landing_time": 194.0,
        "wait_time": 0,
        "Landing_success_rate": 0.933
    },
    {
        "model": 2,
        "sequence": 24,
        "status": 1,
        "fuel": 7228,
        "fault": 0.9034,
        "weapon": 0,
        "pilot_injury": 0.7745,
        "pilot_skill": 0.3102,
        "mission_priority": 0.0165,
        "estimated_landing_time": 2262.0,
        "wait_time": 0,
        "Landing_success_rate": 0.8625
    },
    {
        "model": 2,
        "sequence": 27,
        "status": 1,
        "fuel": 6932,
        "fault": 0.1194,
        "weapon": 0,
        "pilot_injury": 0.5212,
        "pilot_skill": 0.0647,
        "mission_priority": 0.3911,
        "estimated_landing_time": 2544.0,
        "wait_time": 0,
        "Landing_success_rate": 0.9446
    },
    {
        "model": 2,
        "sequence": 20,
        "status": 1,
        "fuel": 5696,
        "fault": 0.8572,
        "weapon": 0,
        "pilot_injury": 0.4731,
        "pilot_skill": 0.437,
        "mission_priority": 0.3121,
        "estimated_landing_time": 1886.0,
        "wait_time": 0,
        "Landing_success_rate": 0.8521
    }
]