[
    {
        "model": 1,
        "sequence": 24,
        "status": 1,
        "fuel": 6536,
        "fault": 0.5974,
        "weapon": 1,
        "pilot_injury": 0.3935,
        "pilot_skill": 0.1085,
        "mission_priority": 0.7483,
        "estimated_landing_time": 2262.0,
        "wait_time": 0,
        "Landing_success_rate": 0.8813
    },
    {
        "model": 2,
        "sequence": 11,
        "status": 1,
        "fuel": 6612,
        "fault": 0.2346,
        "weapon": 0,
        "pilot_injury": 0.9536,
        "pilot_skill": 0.5449,
        "mission_priority": 0.1481,
        "estimated_landing_time": 1040.0,
        "wait_time": 0,
        "Landing_success_rate": 0.9138
    },
    {
        "model": 2,
        "sequence": 13,
        "status": 1,
        "fuel": 6667,
        "fault": 0.1811,
        "weapon": 0,
        "pilot_injury": 0.4761,
        "pilot_skill": 0.7893,
        "mission_priority": 0.8549,
        "estimated_landing_time": 1228.0,
        "wait_time": 0,
        "Landing_success_rate": 0.9217
    },
    {
        "model": 1,
        "sequence": 27,
        "status": 1,
        "fuel": 7017,
        "fault": 0.2263,
        "weapon": 1,
        "pilot_injury": 0.6895,
        "pilot_skill": 0.1388,
        "mission_priority": 0.994,
        "estimated_landing_time": 2544.0,
        "wait_time": 0,
        "Landing_success_rate": 0.938
    },
    {
        "model": 2,
        "sequence": 7,
        "status": 1,
        "fuel": 6849,
        "fault": 0.3358,
        "weapon": 0,
        "pilot_injury": 0.7256,
        "pilot_skill": 0.3102,
        "mission_priority": 0.3862,
        "estimated_landing_time": 664.0,
        "wait_time": 0,
        "Landing_success_rate": 0.9172
    },
    {
        "model": 1,
        "sequence": 10,
        "status": 1,
        "fuel": 7250,
        "fault": 0.0993,
        "weapon": 0,
        "pilot_injury": 0.06,
        "pilot_skill": 0.1473,
        "mission_priority": 0.6841,
        "estimated_landing_time": 946.0,
        "wait_time": 0,
        "Landing_success_rate": 0.9682
    },
    {
        "model": 1,
        "sequence": 25,
        "status": 1,
        "fuel": 5902,
        "fault": 0.7281,
        "weapon": 0,
        "pilot_injury": 0.3935,
        "pilot_skill": 0.8682,
        "mission_priority": 0.4875,
        "estimated_landing_time": 2356.0,
        "wait_time": 0,
        "Landing_success_rate": 0.8582
    },
    {
        "model": 1,
        "sequence": 14,
        "status": 1,
        "fuel": 6706,
        "fault": 0.0442,
        "weapon": 1,
        "pilot_injury": 0.0827,
        "pilot_skill": 0.8282,
        "mission_priority": 0.0415,
        "estimated_landing_time": 1322.0,
        "wait_time": 0,
        "Landing_success_rate": 0.9365
    },
    {
        "model": 0,
        "sequence": 8,
        "status": 1,
        "fuel": 6275,
        "fault": 0.6842,
        "weapon": 1,
        "pilot_injury": 0.5601,
        "pilot_skill": 0.215,
        "mission_priority": 0.9659,
        "estimated_landing_time": 758.0,
        "wait_time": 0,
        "Landing_success_rate": 0.8684
    },
    {
        "model": 1,
        "sequence": 17,
        "status": 1,
        "fuel": 6383,
        "fault": 0.4877,
        "weapon": 0,
        "pilot_injury": 0.416,
        "pilot_skill": 0.9132,
        "mission_priority": 0.2034,
        "estimated_landing_time": 1604.0,
        "wait_time": 0,
        "Landing_success_rate": 0.8839
    },
    {
        "model": 2,
        "sequence": 3,
        "status": 1,
        "fuel": 6610,
        "fault": 0.3818,
        "weapon": 0,
        "pilot_injury": 0.0235,
        "pilot_skill": 0.2684,
        "mission_priority": 0.0546,
        "estimated_landing_time": 288.0,
        "wait_time": 0,
        "Landing_success_rate": 0.9015
    },
    {
        "model": 0,
        "sequence": 30,
        "status": 1,
        "fuel": 7431,
        "fault": 0.5156,
        "weapon": 1,
        "pilot_injury": 0.4167,
        "pilot_skill": 0.2827,
        "mission_priority": 0.7117,
        "estimated_landing_time": 2826.0,
        "wait_time": 0,
        "Landing_success_rate": 0.9202
    },
    {
        "model": 2,
        "sequence": 12,
        "status": 1,
        "fuel": 6919,
        "fault": 0.7014,
        "weapon": 0,
        "pilot_injury": 0.513,
        "pilot_skill": 0.2617,
        "mission_priority": 0.4627,
        "estimated_landing_time": 1134.0,
        "wait_time": 0,
        "Landing_success_rate": 0.8818
    },
    {
        "model": 1,
        "sequence": 23,
        "status": 1,
        "fuel": 5575,
        "fault": 0.9179,
        "weapon": 0,
        "pilot_injury": 0.8867,
        "pilot_skill": 0.1631,
        "mission_priority": 0.5626,
        "estimated_landing_time": 2168.0,
        "wait_time": 0,
        "Landing_success_rate": 0.8505
    },
    {
        "model": 0,
        "sequence": 4,
        "status": 1,
        "fuel": 5972,
        "fault": 0.358,
        "weapon": 1,
        "pilot_injury": 0.92,
        "pilot_skill": 0.0607,
        "mission_priority": 0.5942,
        "estimated_landing_time": 382.0,
        "wait_time": 0,
        "Landing_success_rate": 0.8727
    },
    {
        "model": 2,
        "sequence": 5,
        "status": 1,
        "fuel": 6508,
        "fault": 0.6769,
        "weapon": 0,
        "pilot_injury": 0.2183,
        "pilot_skill": 0.333,
        "mission_priority": 0.0203,
        "estimated_landing_time": 476.0,
        "wait_time": 0,
        "Landing_success_rate": 0.8744
    },
    {
        "model": 0,
        "sequence": 26,
        "status": 1,
        "fuel": 6313,
        "fault": 0.8469,
        "weapon": 0,
        "pilot_injury": 0.1962,
        "pilot_skill": 0.6357,
        "mission_priority": 0.7447,
        "estimated_landing_time": 2450.0,
        "wait_time": 0,
        "Landing_success_rate": 0.8593
    },
    {
        "model": 0,
        "sequence": 21,
        "status": 1,
        "fuel": 6249,
        "fault": 0.3531,
        "weapon": 0,
        "pilot_injury": 0.9328,
        "pilot_skill": 0.2225,
        "mission_priority": 0.135,
        "estimated_landing_time": 1980.0,
        "wait_time": 0,
        "Landing_success_rate": 0.8863
    },
    {
        "model": 1,
        "sequence": 15,
        "status": 1,
        "fuel": 5727,
        "fault": 0.5737,
        "weapon": 0,
        "pilot_injury": 0.7752,
        "pilot_skill": 0.1328,
        "mission_priority": 0.0225,
        "estimated_landing_time": 1416.0,
        "wait_time": 0,
        "Landing_success_rate": 0.8573
    },
    {
        "model": 0,
        "sequence": 28,
        "status": 1,
        "fuel": 7333,
        "fault": 0.0107,
        "weapon": 0,
        "pilot_injury": 0.6513,
        "pilot_skill": 0.5305,
        "mission_priority": 0.4579,
        "estimated_landing_time": 2638.0,
        "wait_time": 0,
        "Landing_success_rate": 0.986
    },
    {
        "model": 2,
        "sequence": 9,
        "status": 1,
        "fuel": 6659,
        "fault": 0.2232,
        "weapon": 0,
        "pilot_injury": 0.7749,
        "pilot_skill": 0.8664,
        "mission_priority": 0.1736,
        "estimated_landing_time": 852.0,
        "wait_time": 0,
        "Landing_success_rate": 0.9175
    },
    {
        "model": 0,
        "sequence": 1,
        "status": 1,
        "fuel": 5865,
        "fault": 0.0896,
        "weapon": 1,
        "pilot_injury": 0.8658,
        "pilot_skill": 0.9184,
        "mission_priority": 0.1258,
        "estimated_landing_time": 100.0,
        "wait_time": 0,
        "Landing_success_rate": 0.8749
    },
    {
        "model": 0,
        "sequence": 16,
        "status": 1,
        "fuel": 6815,
        "fault": 0.2646,
        "weapon": 1,
        "pilot_injury": 0.9337,
        "pilot_skill": 0.0812,
        "mission_priority": 0.4695,
        "estimated_landing_time": 1510.0,
        "wait_time": 0,
        "Landing_success_rate": 0.9225
    },
    {
        "model": 1,
        "sequence": 20,
        "status": 1,
        "fuel": 7191,
        "fault": 0.8468,
        "weapon": 1,
        "pilot_injury": 0.8543,
        "pilot_skill": 0.1074,
        "mission_priority": 0.8375,
        "estimated_landing_time": 1886.0,
        "wait_time": 0,
        "Landing_success_rate": 0.8694
    },
    {
        "model": 1,
        "sequence": 6,
        "status": 1,
        "fuel": 6853,
        "fault": 0.3716,
        "weapon": 1,
        "pilot_injury": 0.5249,
        "pilot_skill": 0.2988,
        "mission_priority": 0.6063,
        "estimated_landing_time": 570.0,
        "wait_time": 0,
        "Landing_success_rate": 0.9138
    },
    {
        "model": 1,
        "sequence": 18,
        "status": 1,
        "fuel": 5507,
        "fault": 0.1429,
        "weapon": 0,
        "pilot_injury": 0.2521,
        "pilot_skill": 0.8408,
        "mission_priority": 0.247,
        "estimated_landing_time": 1698.0,
        "wait_time": 0,
        "Landing_success_rate": 0.8504
    },
    {
        "model": 1,
        "sequence": 19,
        "status": 1,
        "fuel": 6307,
        "fault": 0.7508,
        "weapon": 0,
        "pilot_injury": 0.87,
        "pilot_skill": 0.0108,
        "mission_priority": 0.8821,
        "estimated_landing_time": 1792.0,
        "wait_time": 0,
        "Landing_success_rate": 0.8651
    },
    {
        "model": 1,
        "sequence": 2,
        "status": 1,
        "fuel": 5603,
        "fault": 0.3836,
        "weapon": 1,
        "pilot_injury": 0.9921,
        "pilot_skill": 0.0588,
        "mission_priority": 0.7378,
        "estimated_landing_time": 194.0,
        "wait_time": 0,
        "Landing_success_rate": 0.8548
    },
    {
        "model": 0,
        "sequence": 22,
        "status": 1,
        "fuel": 6238,
        "fault": 0.4005,
        "weapon": 1,
        "pilot_injury": 0.8244,
        "pilot_skill": 0.5756,
        "mission_priority": 0.2324,
        "estimated_landing_time": 2074.0,
        "wait_time": 0,
        "Landing_success_rate": 0.8832
    },
    {
        "model": 1,
        "sequence": 29,
        "status": 1,
        "fuel": 6933,
        "fault": 0.2686,
        "weapon": 0,
        "pilot_injury": 0.4886,
        "pilot_skill": 0.1939,
        "mission_priority": 0.9346,
        "estimated_landing_time": 2732.0,
        "wait_time": 0,
        "Landing_success_rate": 0.9286
    }
]