[
    {
        "model": 1,
        "sequence": 14,
        "status": 1,
        "fuel": 7364,
        "fault": 0.0161,
        "weapon": 0,
        "pilot_injury": 0.9175,
        "pilot_skill": 0.2009,
        "mission_priority": 0.26,
        "estimated_landing_time": 1322.0,
        "wait_time": 0,
        "Landing_success_rate": 0.9875
    },
    {
        "model": 2,
        "sequence": 29,
        "status": 1,
        "fuel": 6258,
        "fault": 0.9147,
        "weapon": 0,
        "pilot_injury": 0.3977,
        "pilot_skill": 0.3626,
        "mission_priority": 0.344,
        "estimated_landing_time": 2732.0,
        "wait_time": 0,
        "Landing_success_rate": 0.8548
    },
    {
        "model": 0,
        "sequence": 22,
        "status": 1,
        "fuel": 7369,
        "fault": 0.7613,
        "weapon": 1,
        "pilot_injury": 0.186,
        "pilot_skill": 0.2959,
        "mission_priority": 0.889,
        "estimated_landing_time": 2074.0,
        "wait_time": 0,
        "Landing_success_rate": 0.8835
    },
    {
        "model": 2,
        "sequence": 20,
        "status": 1,
        "fuel": 7167,
        "fault": 0.5714,
        "weapon": 1,
        "pilot_injury": 0.6942,
        "pilot_skill": 0.8506,
        "mission_priority": 0.5062,
        "estimated_landing_time": 1886.0,
        "wait_time": 0,
        "Landing_success_rate": 0.9036
    },
    {
        "model": 0,
        "sequence": 15,
        "status": 1,
        "fuel": 6924,
        "fault": 0.9598,
        "weapon": 0,
        "pilot_injury": 0.1622,
        "pilot_skill": 0.0704,
        "mission_priority": 0.64,
        "estimated_landing_time": 1416.0,
        "wait_time": 0,
        "Landing_success_rate": 0.8543
    },
    {
        "model": 2,
        "sequence": 25,
        "status": 1,
        "fuel": 6493,
        "fault": 0.8711,
        "weapon": 0,
        "pilot_injury": 0.9166,
        "pilot_skill": 0.8458,
        "mission_priority": 0.2644,
        "estimated_landing_time": 2356.0,
        "wait_time": 0,
        "Landing_success_rate": 0.8596
    },
    {
        "model": 0,
        "sequence": 19,
        "status": 1,
        "fuel": 5876,
        "fault": 0.2859,
        "weapon": 1,
        "pilot_injury": 0.3253,
        "pilot_skill": 0.0991,
        "mission_priority": 0.8504,
        "estimated_landing_time": 1792.0,
        "wait_time": 0,
        "Landing_success_rate": 0.8701
    },
    {
        "model": 2,
        "sequence": 27,
        "status": 1,
        "fuel": 6952,
        "fault": 0.3122,
        "weapon": 1,
        "pilot_injury": 0.1944,
        "pilot_skill": 0.9275,
        "mission_priority": 0.1071,
        "estimated_landing_time": 2544.0,
        "wait_time": 0,
        "Landing_success_rate": 0.9249
    },
    {
        "model": 0,
        "sequence": 6,
        "status": 1,
        "fuel": 6520,
        "fault": 0.5855,
        "weapon": 0,
        "pilot_injury": 0.2056,
        "pilot_skill": 0.1324,
        "mission_priority": 0.1682,
        "estimated_landing_time": 570.0,
        "wait_time": 0,
        "Landing_success_rate": 0.8817
    },
    {
        "model": 1,
        "sequence": 12,
        "status": 1,
        "fuel": 5922,
        "fault": 0.1036,
        "weapon": 0,
        "pilot_injury": 0.3772,
        "pilot_skill": 0.8497,
        "mission_priority": 0.1757,
        "estimated_landing_time": 1134.0,
        "wait_time": 0,
        "Landing_success_rate": 0.8784
    },
    {
        "model": 2,
        "sequence": 2,
        "status": 1,
        "fuel": 6040,
        "fault": 0.9327,
        "weapon": 1,
        "pilot_injury": 0.8312,
        "pilot_skill": 0.347,
        "mission_priority": 0.4724,
        "estimated_landing_time": 194.0,
        "wait_time": 0,
        "Landing_success_rate": 0.8527
    },
    {
        "model": 1,
        "sequence": 5,
        "status": 1,
        "fuel": 5525,
        "fault": 0.2038,
        "weapon": 0,
        "pilot_injury": 0.6638,
        "pilot_skill": 0.1201,
        "mission_priority": 0.2881,
        "estimated_landing_time": 476.0,
        "wait_time": 0,
        "Landing_success_rate": 0.8515
    },
    {
        "model": 2,
        "sequence": 23,
        "status": 1,
        "fuel": 6780,
        "fault": 0.0913,
        "weapon": 1,
        "pilot_injury": 0.6219,
        "pilot_skill": 0.2269,
        "mission_priority": 0.6679,
        "estimated_landing_time": 2168.0,
        "wait_time": 0,
        "Landing_success_rate": 0.9372
    },
    {
        "model": 1,
        "sequence": 24,
        "status": 1,
        "fuel": 6548,
        "fault": 0.7306,
        "weapon": 0,
        "pilot_injury": 0.2527,
        "pilot_skill": 0.8267,
        "mission_priority": 0.9202,
        "estimated_landing_time": 2262.0,
        "wait_time": 0,
        "Landing_success_rate": 0.8712
    },
    {
        "model": 0,
        "sequence": 3,
        "status": 1,
        "fuel": 6817,
        "fault": 0.6179,
        "weapon": 0,
        "pilot_injury": 0.8743,
        "pilot_skill": 0.764,
        "mission_priority": 0.1543,
        "estimated_landing_time": 288.0,
        "wait_time": 0,
        "Landing_success_rate": 0.8877
    },
    {
        "model": 0,
        "sequence": 26,
        "status": 1,
        "fuel": 5503,
        "fault": 0.6636,
        "weapon": 1,
        "pilot_injury": 0.4613,
        "pilot_skill": 0.9468,
        "mission_priority": 0.5821,
        "estimated_landing_time": 2450.0,
        "wait_time": 0,
        "Landing_success_rate": 0.8501
    },
    {
        "model": 0,
        "sequence": 30,
        "status": 1,
        "fuel": 7197,
        "fault": 0.8179,
        "weapon": 1,
        "pilot_injury": 0.9528,
        "pilot_skill": 0.1284,
        "mission_priority": 0.2962,
        "estimated_landing_time": 2826.0,
        "wait_time": 0,
        "Landing_success_rate": 0.8732
    },
    {
        "model": 1,
        "sequence": 9,
        "status": 1,
        "fuel": 6181,
        "fault": 0.7294,
        "weapon": 1,
        "pilot_injury": 0.5426,
        "pilot_skill": 0.1589,
        "mission_priority": 0.0225,
        "estimated_landing_time": 852.0,
        "wait_time": 0,
        "Landing_success_rate": 0.8638
    },
    {
        "model": 2,
        "sequence": 13,
        "status": 1,
        "fuel": 7257,
        "fault": 0.1144,
        "weapon": 0,
        "pilot_injury": 0.7343,
        "pilot_skill": 0.6182,
        "mission_priority": 0.442,
        "estimated_landing_time": 1228.0,
        "wait_time": 0,
        "Landing_success_rate": 0.9667
    },
    {
        "model": 1,
        "sequence": 21,
        "status": 1,
        "fuel": 7495,
        "fault": 0.3091,
        "weapon": 1,
        "pilot_injury": 0.0837,
        "pilot_skill": 0.8609,
        "mission_priority": 0.6913,
        "estimated_landing_time": 1980.0,
        "wait_time": 0,
        "Landing_success_rate": 0.9534
    },
    {
        "model": 2,
        "sequence": 11,
        "status": 1,
        "fuel": 6402,
        "fault": 0.2363,
        "weapon": 1,
        "pilot_injury": 0.8632,
        "pilot_skill": 0.9598,
        "mission_priority": 0.7911,
        "estimated_landing_time": 1040.0,
        "wait_time": 0,
        "Landing_success_rate": 0.9017
    },
    {
        "model": 0,
        "sequence": 16,
        "status": 1,
        "fuel": 6100,
        "fault": 0.2246,
        "weapon": 0,
        "pilot_injury": 0.6268,
        "pilot_skill": 0.6994,
        "mission_priority": 0.8269,
        "estimated_landing_time": 1510.0,
        "wait_time": 0,
        "Landing_success_rate": 0.8849
    },
    {
        "model": 2,
        "sequence": 10,
        "status": 1,
        "fuel": 6111,
        "fault": 0.0317,
        "weapon": 1,
        "pilot_injury": 0.207,
        "pilot_skill": 0.1943,
        "mission_priority": 0.8113,
        "estimated_landing_time": 946.0,
        "wait_time": 0,
        "Landing_success_rate": 0.8944
    },
    {
        "model": 0,
        "sequence": 8,
        "status": 1,
        "fuel": 7297,
        "fault": 0.5577,
        "weapon": 1,
        "pilot_injury": 0.5235,
        "pilot_skill": 0.9779,
        "mission_priority": 0.8942,
        "estimated_landing_time": 758.0,
        "wait_time": 0,
        "Landing_success_rate": 0.9096
    },
    {
        "model": 0,
        "sequence": 17,
        "status": 1,
        "fuel": 5916,
        "fault": 0.8929,
        "weapon": 0,
        "pilot_injury": 0.6142,
        "pilot_skill": 0.7908,
        "mission_priority": 0.8738,
        "estimated_landing_time": 1604.0,
        "wait_time": 0,
        "Landing_success_rate": 0.8533
    },
    {
        "model": 1,
        "sequence": 18,
        "status": 1,
        "fuel": 6635,
        "fault": 0.4101,
        "weapon": 1,
        "pilot_injury": 0.2272,
        "pilot_skill": 0.6218,
        "mission_priority": 0.1713,
        "estimated_landing_time": 1698.0,
        "wait_time": 0,
        "Landing_success_rate": 0.9002
    },
    {
        "model": 1,
        "sequence": 7,
        "status": 1,
        "fuel": 6557,
        "fault": 0.6046,
        "weapon": 1,
        "pilot_injury": 0.866,
        "pilot_skill": 0.9444,
        "mission_priority": 0.9339,
        "estimated_landing_time": 664.0,
        "wait_time": 0,
        "Landing_success_rate": 0.8813
    },
    {
        "model": 0,
        "sequence": 28,
        "status": 1,
        "fuel": 7162,
        "fault": 0.9956,
        "weapon": 0,
        "pilot_injury": 0.4831,
        "pilot_skill": 0.7889,
        "mission_priority": 0.0148,
        "estimated_landing_time": 2638.0,
        "wait_time": 0,
        "Landing_success_rate": 0.8505
    },
    {
        "model": 0,
        "sequence": 1,
        "status": 1,
        "fuel": 7407,
        "fault": 0.9123,
        "weapon": 1,
        "pilot_injury": 0.6311,
        "pilot_skill": 0.9806,
        "mission_priority": 0.8827,
        "estimated_landing_time": 100.0,
        "wait_time": 0,
        "Landing_success_rate": 0.8625
    },
    {
        "model": 2,
        "sequence": 4,
        "status": 1,
        "fuel": 7203,
        "fault": 0.2497,
        "weapon": 0,
        "pilot_injury": 0.7699,
        "pilot_skill": 0.7436,
        "mission_priority": 0.7048,
        "estimated_landing_time": 382.0,
        "wait_time": 0,
        "Landing_success_rate": 0.9458
    }
]