[
    {
        "model": 2,
        "sequence": 24,
        "status": 1,
        "fuel": 6507,
        "fault": 0.9766,
        "weapon": 1,
        "pilot_injury": 0.347,
        "pilot_skill": 0.3106,
        "mission_priority": 0.5854,
        "estimated_landing_time": 2262.0,
        "wait_time": 0,
        "Landing_success_rate": 0.8518
    },
    {
        "model": 2,
        "sequence": 9,
        "status": 1,
        "fuel": 5528,
        "fault": 0.958,
        "weapon": 0,
        "pilot_injury": 0.2441,
        "pilot_skill": 0.1583,
        "mission_priority": 0.0067,
        "estimated_landing_time": 852.0,
        "wait_time": 0,
        "Landing_success_rate": 0.8501
    },
    {
        "model": 1,
        "sequence": 22,
        "status": 1,
        "fuel": 6892,
        "fault": 0.0081,
        "weapon": 1,
        "pilot_injury": 0.669,
        "pilot_skill": 0.1631,
        "mission_priority": 0.2567,
        "estimated_landing_time": 2074.0,
        "wait_time": 0,
        "Landing_success_rate": 0.9536
    },
    {
        "model": 2,
        "sequence": 14,
        "status": 1,
        "fuel": 7075,
        "fault": 0.6487,
        "weapon": 0,
        "pilot_injury": 0.1031,
        "pilot_skill": 0.0904,
        "mission_priority": 0.6142,
        "estimated_landing_time": 1322.0,
        "wait_time": 0,
        "Landing_success_rate": 0.8915
    },
    {
        "model": 1,
        "sequence": 13,
        "status": 1,
        "fuel": 6916,
        "fault": 0.1835,
        "weapon": 0,
        "pilot_injury": 0.8315,
        "pilot_skill": 0.8682,
        "mission_priority": 0.7351,
        "estimated_landing_time": 1228.0,
        "wait_time": 0,
        "Landing_success_rate": 0.9367
    },
    {
        "model": 0,
        "sequence": 5,
        "status": 1,
        "fuel": 5687,
        "fault": 0.4185,
        "weapon": 1,
        "pilot_injury": 0.0646,
        "pilot_skill": 0.8018,
        "mission_priority": 0.6571,
        "estimated_landing_time": 476.0,
        "wait_time": 0,
        "Landing_success_rate": 0.8582
    },
    {
        "model": 0,
        "sequence": 23,
        "status": 1,
        "fuel": 6169,
        "fault": 0.6588,
        "weapon": 1,
        "pilot_injury": 0.2493,
        "pilot_skill": 0.0895,
        "mission_priority": 0.3656,
        "estimated_landing_time": 2168.0,
        "wait_time": 0,
        "Landing_success_rate": 0.8671
    },
    {
        "model": 1,
        "sequence": 28,
        "status": 1,
        "fuel": 6463,
        "fault": 0.0023,
        "weapon": 0,
        "pilot_injury": 0.096,
        "pilot_skill": 0.7725,
        "mission_priority": 0.6966,
        "estimated_landing_time": 2638.0,
        "wait_time": 0,
        "Landing_success_rate": 0.9221
    },
    {
        "model": 0,
        "sequence": 12,
        "status": 1,
        "fuel": 6379,
        "fault": 0.5107,
        "weapon": 0,
        "pilot_injury": 0.6506,
        "pilot_skill": 0.7886,
        "mission_priority": 0.0853,
        "estimated_landing_time": 1134.0,
        "wait_time": 0,
        "Landing_success_rate": 0.8823
    },
    {
        "model": 0,
        "sequence": 4,
        "status": 1,
        "fuel": 6296,
        "fault": 0.6234,
        "weapon": 0,
        "pilot_injury": 0.4931,
        "pilot_skill": 0.9571,
        "mission_priority": 0.1794,
        "estimated_landing_time": 382.0,
        "wait_time": 0,
        "Landing_success_rate": 0.8725
    },
    {
        "model": 2,
        "sequence": 29,
        "status": 1,
        "fuel": 6638,
        "fault": 0.7266,
        "weapon": 0,
        "pilot_injury": 0.1564,
        "pilot_skill": 0.668,
        "mission_priority": 0.2784,
        "estimated_landing_time": 2732.0,
        "wait_time": 0,
        "Landing_success_rate": 0.8733
    },
    {
        "model": 0,
        "sequence": 8,
        "status": 1,
        "fuel": 6740,
        "fault": 0.2448,
        "weapon": 0,
        "pilot_injury": 0.0495,
        "pilot_skill": 0.2713,
        "mission_priority": 0.2403,
        "estimated_landing_time": 758.0,
        "wait_time": 0,
        "Landing_success_rate": 0.9202
    },
    {
        "model": 1,
        "sequence": 16,
        "status": 1,
        "fuel": 6006,
        "fault": 0.3667,
        "weapon": 0,
        "pilot_injury": 0.8148,
        "pilot_skill": 0.0375,
        "mission_priority": 0.0232,
        "estimated_landing_time": 1510.0,
        "wait_time": 0,
        "Landing_success_rate": 0.874
    },
    {
        "model": 2,
        "sequence": 3,
        "status": 1,
        "fuel": 7264,
        "fault": 0.0165,
        "weapon": 0,
        "pilot_injury": 0.3716,
        "pilot_skill": 0.0021,
        "mission_priority": 0.3624,
        "estimated_landing_time": 288.0,
        "wait_time": 0,
        "Landing_success_rate": 0.9801
    },
    {
        "model": 1,
        "sequence": 7,
        "status": 1,
        "fuel": 7464,
        "fault": 0.6652,
        "weapon": 1,
        "pilot_injury": 0.4991,
        "pilot_skill": 0.6785,
        "mission_priority": 0.9359,
        "estimated_landing_time": 664.0,
        "wait_time": 0,
        "Landing_success_rate": 0.8993
    },
    {
        "model": 1,
        "sequence": 19,
        "status": 1,
        "fuel": 6277,
        "fault": 0.7666,
        "weapon": 0,
        "pilot_injury": 0.0542,
        "pilot_skill": 0.9903,
        "mission_priority": 0.3221,
        "estimated_landing_time": 1792.0,
        "wait_time": 0,
        "Landing_success_rate": 0.8636
    },
    {
        "model": 1,
        "sequence": 10,
        "status": 1,
        "fuel": 6828,
        "fault": 0.7301,
        "weapon": 1,
        "pilot_injury": 0.7833,
        "pilot_skill": 0.9543,
        "mission_priority": 0.5542,
        "estimated_landing_time": 946.0,
        "wait_time": 0,
        "Landing_success_rate": 0.8769
    },
    {
        "model": 0,
        "sequence": 21,
        "status": 1,
        "fuel": 7113,
        "fault": 0.1192,
        "weapon": 1,
        "pilot_injury": 0.4054,
        "pilot_skill": 0.3658,
        "mission_priority": 0.2383,
        "estimated_landing_time": 1980.0,
        "wait_time": 0,
        "Landing_success_rate": 0.9566
    },
    {
        "model": 0,
        "sequence": 11,
        "status": 1,
        "fuel": 7139,
        "fault": 0.7948,
        "weapon": 1,
        "pilot_injury": 0.5928,
        "pilot_skill": 0.4793,
        "mission_priority": 0.9235,
        "estimated_landing_time": 1040.0,
        "wait_time": 0,
        "Landing_success_rate": 0.8752
    },
    {
        "model": 2,
        "sequence": 15,
        "status": 1,
        "fuel": 6884,
        "fault": 0.127,
        "weapon": 1,
        "pilot_injury": 0.6387,
        "pilot_skill": 0.3189,
        "mission_priority": 0.0909,
        "estimated_landing_time": 1416.0,
        "wait_time": 0,
        "Landing_success_rate": 0.9406
    },
    {
        "model": 1,
        "sequence": 27,
        "status": 1,
        "fuel": 6325,
        "fault": 0.2565,
        "weapon": 1,
        "pilot_injury": 0.9092,
        "pilot_skill": 0.5437,
        "mission_priority": 0.6995,
        "estimated_landing_time": 2544.0,
        "wait_time": 0,
        "Landing_success_rate": 0.896
    },
    {
        "model": 0,
        "sequence": 1,
        "status": 1,
        "fuel": 6680,
        "fault": 0.2107,
        "weapon": 0,
        "pilot_injury": 0.1032,
        "pilot_skill": 0.4014,
        "mission_priority": 0.2531,
        "estimated_landing_time": 100.0,
        "wait_time": 0,
        "Landing_success_rate": 0.9199
    },
    {
        "model": 1,
        "sequence": 6,
        "status": 1,
        "fuel": 6816,
        "fault": 0.7695,
        "weapon": 1,
        "pilot_injury": 0.1342,
        "pilot_skill": 0.3234,
        "mission_priority": 0.8669,
        "estimated_landing_time": 570.0,
        "wait_time": 0,
        "Landing_success_rate": 0.8728
    },
    {
        "model": 0,
        "sequence": 18,
        "status": 1,
        "fuel": 6551,
        "fault": 0.8157,
        "weapon": 1,
        "pilot_injury": 0.3103,
        "pilot_skill": 0.5153,
        "mission_priority": 0.0562,
        "estimated_landing_time": 1698.0,
        "wait_time": 0,
        "Landing_success_rate": 0.8645
    },
    {
        "model": 1,
        "sequence": 20,
        "status": 1,
        "fuel": 6080,
        "fault": 0.9983,
        "weapon": 0,
        "pilot_injury": 0.4792,
        "pilot_skill": 0.0945,
        "mission_priority": 0.7108,
        "estimated_landing_time": 1886.0,
        "wait_time": 0,
        "Landing_success_rate": 0.8501
    },
    {
        "model": 1,
        "sequence": 26,
        "status": 1,
        "fuel": 6441,
        "fault": 0.9349,
        "weapon": 1,
        "pilot_injury": 0.0832,
        "pilot_skill": 0.9451,
        "mission_priority": 0.447,
        "estimated_landing_time": 2450.0,
        "wait_time": 0,
        "Landing_success_rate": 0.8546
    },
    {
        "model": 1,
        "sequence": 30,
        "status": 1,
        "fuel": 5604,
        "fault": 0.1571,
        "weapon": 1,
        "pilot_injury": 0.1198,
        "pilot_skill": 0.1975,
        "mission_priority": 0.1558,
        "estimated_landing_time": 2826.0,
        "wait_time": 0,
        "Landing_success_rate": 0.8566
    },
    {
        "model": 0,
        "sequence": 17,
        "status": 1,
        "fuel": 6829,
        "fault": 0.1709,
        "weapon": 0,
        "pilot_injury": 0.442,
        "pilot_skill": 0.7299,
        "mission_priority": 0.677,
        "estimated_landing_time": 1604.0,
        "wait_time": 0,
        "Landing_success_rate": 0.9326
    },
    {
        "model": 0,
        "sequence": 2,
        "status": 1,
        "fuel": 6367,
        "fault": 0.966,
        "weapon": 0,
        "pilot_injury": 0.3037,
        "pilot_skill": 0.3966,
        "mission_priority": 0.2275,
        "estimated_landing_time": 194.0,
        "wait_time": 0,
        "Landing_success_rate": 0.8522
    },
    {
        "model": 0,
        "sequence": 25,
        "status": 1,
        "fuel": 6116,
        "fault": 0.1044,
        "weapon": 0,
        "pilot_injury": 0.9466,
        "pilot_skill": 0.3399,
        "mission_priority": 0.9255,
        "estimated_landing_time": 2356.0,
        "wait_time": 0,
        "Landing_success_rate": 0.8914
    }
]