[
    {
        "model": 2,
        "sequence": 19,
        "status": 1,
        "fuel": 6519,
        "fault": 0.8268,
        "weapon": 1,
        "pilot_injury": 0.5298,
        "pilot_skill": 0.29,
        "mission_priority": 0.6289,
        "estimated_landing_time": 1792.0,
        "wait_time": 0,
        "Landing_success_rate": 0.8632
    },
    {
        "model": 0,
        "sequence": 9,
        "status": 1,
        "fuel": 6150,
        "fault": 0.985,
        "weapon": 1,
        "pilot_injury": 0.2833,
        "pilot_skill": 0.0002,
        "mission_priority": 0.1269,
        "estimated_landing_time": 852.0,
        "wait_time": 0,
        "Landing_success_rate": 0.8507
    },
    {
        "model": 2,
        "sequence": 23,
        "status": 1,
        "fuel": 6229,
        "fault": 0.8389,
        "weapon": 1,
        "pilot_injury": 0.2336,
        "pilot_skill": 0.7784,
        "mission_priority": 0.6086,
        "estimated_landing_time": 2168.0,
        "wait_time": 0,
        "Landing_success_rate": 0.8588
    },
    {
        "model": 2,
        "sequence": 13,
        "status": 1,
        "fuel": 7040,
        "fault": 0.4753,
        "weapon": 1,
        "pilot_injury": 0.6815,
        "pilot_skill": 0.0635,
        "mission_priority": 0.3962,
        "estimated_landing_time": 1228.0,
        "wait_time": 0,
        "Landing_success_rate": 0.9106
    },
    {
        "model": 1,
        "sequence": 3,
        "status": 1,
        "fuel": 5764,
        "fault": 0.691,
        "weapon": 0,
        "pilot_injury": 0.2879,
        "pilot_skill": 0.1203,
        "mission_priority": 0.7035,
        "estimated_landing_time": 288.0,
        "wait_time": 0,
        "Landing_success_rate": 0.8561
    },
    {
        "model": 1,
        "sequence": 17,
        "status": 1,
        "fuel": 5806,
        "fault": 0.0362,
        "weapon": 1,
        "pilot_injury": 0.9509,
        "pilot_skill": 0.0222,
        "mission_priority": 0.3037,
        "estimated_landing_time": 1604.0,
        "wait_time": 0,
        "Landing_success_rate": 0.8721
    },
    {
        "model": 1,
        "sequence": 22,
        "status": 1,
        "fuel": 6963,
        "fault": 0.7813,
        "weapon": 0,
        "pilot_injury": 0.2523,
        "pilot_skill": 0.5342,
        "mission_priority": 0.8238,
        "estimated_landing_time": 2074.0,
        "wait_time": 0,
        "Landing_success_rate": 0.874
    },
    {
        "model": 1,
        "sequence": 21,
        "status": 1,
        "fuel": 6371,
        "fault": 0.8957,
        "weapon": 1,
        "pilot_injury": 0.7951,
        "pilot_skill": 0.1813,
        "mission_priority": 0.712,
        "estimated_landing_time": 1980.0,
        "wait_time": 0,
        "Landing_success_rate": 0.8568
    },
    {
        "model": 0,
        "sequence": 1,
        "status": 1,
        "fuel": 7455,
        "fault": 0.1262,
        "weapon": 1,
        "pilot_injury": 0.7833,
        "pilot_skill": 0.9628,
        "mission_priority": 0.1267,
        "estimated_landing_time": 100.0,
        "wait_time": 0,
        "Landing_success_rate": 0.9781
    },
    {
        "model": 1,
        "sequence": 24,
        "status": 1,
        "fuel": 6618,
        "fault": 0.722,
        "weapon": 0,
        "pilot_injury": 0.3763,
        "pilot_skill": 0.3632,
        "mission_priority": 0.0523,
        "estimated_landing_time": 2262.0,
        "wait_time": 0,
        "Landing_success_rate": 0.8733
    },
    {
        "model": 0,
        "sequence": 6,
        "status": 1,
        "fuel": 6926,
        "fault": 0.1082,
        "weapon": 0,
        "pilot_injury": 0.1948,
        "pilot_skill": 0.816,
        "mission_priority": 0.8026,
        "estimated_landing_time": 570.0,
        "wait_time": 0,
        "Landing_success_rate": 0.9454
    },
    {
        "model": 1,
        "sequence": 15,
        "status": 1,
        "fuel": 5859,
        "fault": 0.2403,
        "weapon": 0,
        "pilot_injury": 0.6381,
        "pilot_skill": 0.2882,
        "mission_priority": 0.236,
        "estimated_landing_time": 1416.0,
        "wait_time": 0,
        "Landing_success_rate": 0.8705
    },
    {
        "model": 1,
        "sequence": 16,
        "status": 1,
        "fuel": 6062,
        "fault": 0.1341,
        "weapon": 1,
        "pilot_injury": 0.0948,
        "pilot_skill": 0.0068,
        "mission_priority": 0.1529,
        "estimated_landing_time": 1510.0,
        "wait_time": 0,
        "Landing_success_rate": 0.8865
    },
    {
        "model": 2,
        "sequence": 5,
        "status": 1,
        "fuel": 6606,
        "fault": 0.2238,
        "weapon": 1,
        "pilot_injury": 0.2888,
        "pilot_skill": 0.1493,
        "mission_priority": 0.241,
        "estimated_landing_time": 476.0,
        "wait_time": 0,
        "Landing_success_rate": 0.9144
    },
    {
        "model": 0,
        "sequence": 18,
        "status": 1,
        "fuel": 6776,
        "fault": 0.3348,
        "weapon": 1,
        "pilot_injury": 0.3648,
        "pilot_skill": 0.8734,
        "mission_priority": 0.395,
        "estimated_landing_time": 1698.0,
        "wait_time": 0,
        "Landing_success_rate": 0.9137
    },
    {
        "model": 2,
        "sequence": 2,
        "status": 1,
        "fuel": 7328,
        "fault": 0.1203,
        "weapon": 1,
        "pilot_injury": 0.3778,
        "pilot_skill": 0.3167,
        "mission_priority": 0.6773,
        "estimated_landing_time": 194.0,
        "wait_time": 0,
        "Landing_success_rate": 0.9706
    },
    {
        "model": 1,
        "sequence": 20,
        "status": 1,
        "fuel": 7448,
        "fault": 0.689,
        "weapon": 1,
        "pilot_injury": 0.0659,
        "pilot_skill": 0.1913,
        "mission_priority": 0.4074,
        "estimated_landing_time": 1886.0,
        "wait_time": 0,
        "Landing_success_rate": 0.8954
    },
    {
        "model": 0,
        "sequence": 10,
        "status": 1,
        "fuel": 5517,
        "fault": 0.1109,
        "weapon": 1,
        "pilot_injury": 0.6641,
        "pilot_skill": 0.2551,
        "mission_priority": 0.127,
        "estimated_landing_time": 946.0,
        "wait_time": 0,
        "Landing_success_rate": 0.8511
    },
    {
        "model": 1,
        "sequence": 7,
        "status": 1,
        "fuel": 5818,
        "fault": 0.4676,
        "weapon": 0,
        "pilot_injury": 0.1577,
        "pilot_skill": 0.174,
        "mission_priority": 0.7608,
        "estimated_landing_time": 664.0,
        "wait_time": 0,
        "Landing_success_rate": 0.8627
    },
    {
        "model": 2,
        "sequence": 4,
        "status": 1,
        "fuel": 7200,
        "fault": 0.8981,
        "weapon": 1,
        "pilot_injury": 0.3795,
        "pilot_skill": 0.5065,
        "mission_priority": 0.5628,
        "estimated_landing_time": 382.0,
        "wait_time": 0,
        "Landing_success_rate": 0.863
    },
    {
        "model": 0,
        "sequence": 11,
        "status": 1,
        "fuel": 6901,
        "fault": 0.9787,
        "weapon": 0,
        "pilot_injury": 0.7334,
        "pilot_skill": 0.8713,
        "mission_priority": 0.1926,
        "estimated_landing_time": 1040.0,
        "wait_time": 0,
        "Landing_success_rate": 0.8522
    },
    {
        "model": 2,
        "sequence": 8,
        "status": 1,
        "fuel": 6274,
        "fault": 0.2492,
        "weapon": 0,
        "pilot_injury": 0.3499,
        "pilot_skill": 0.5513,
        "mission_priority": 0.3595,
        "estimated_landing_time": 758.0,
        "wait_time": 0,
        "Landing_success_rate": 0.8936
    },
    {
        "model": 1,
        "sequence": 14,
        "status": 1,
        "fuel": 6774,
        "fault": 0.7615,
        "weapon": 0,
        "pilot_injury": 0.5251,
        "pilot_skill": 0.203,
        "mission_priority": 0.4519,
        "estimated_landing_time": 1322.0,
        "wait_time": 0,
        "Landing_success_rate": 0.8728
    },
    {
        "model": 1,
        "sequence": 12,
        "status": 1,
        "fuel": 5620,
        "fault": 0.3243,
        "weapon": 1,
        "pilot_injury": 0.0969,
        "pilot_skill": 0.548,
        "mission_priority": 0.7027,
        "estimated_landing_time": 1134.0,
        "wait_time": 0,
        "Landing_success_rate": 0.8561
    }
]