[
    {
        "model": 2,
        "sequence": 24,
        "status": 1,
        "fuel": 7146,
        "fault": 0.9928,
        "weapon": 0,
        "pilot_injury": 0.7249,
        "pilot_skill": 0.1142,
        "mission_priority": 0.5183,
        "estimated_landing_time": 2262.0,
        "wait_time": 0,
        "Landing_success_rate": 0.8509
    },
    {
        "model": 1,
        "sequence": 8,
        "status": 1,
        "fuel": 6738,
        "fault": 0.0865,
        "weapon": 0,
        "pilot_injury": 0.9629,
        "pilot_skill": 0.1756,
        "mission_priority": 0.1776,
        "estimated_landing_time": 758.0,
        "wait_time": 0,
        "Landing_success_rate": 0.9348
    },
    {
        "model": 2,
        "sequence": 20,
        "status": 1,
        "fuel": 6685,
        "fault": 0.9992,
        "weapon": 1,
        "pilot_injury": 0.0632,
        "pilot_skill": 0.5982,
        "mission_priority": 0.6018,
        "estimated_landing_time": 1886.0,
        "wait_time": 0,
        "Landing_success_rate": 0.8501
    },
    {
        "model": 2,
        "sequence": 6,
        "status": 1,
        "fuel": 7328,
        "fault": 0.2852,
        "weapon": 0,
        "pilot_injury": 0.544,
        "pilot_skill": 0.5598,
        "mission_priority": 0.5201,
        "estimated_landing_time": 570.0,
        "wait_time": 0,
        "Landing_success_rate": 0.948
    },
    {
        "model": 0,
        "sequence": 14,
        "status": 1,
        "fuel": 6256,
        "fault": 0.8813,
        "weapon": 1,
        "pilot_injury": 0.2872,
        "pilot_skill": 0.5113,
        "mission_priority": 0.8067,
        "estimated_landing_time": 1322.0,
        "wait_time": 0,
        "Landing_success_rate": 0.8567
    },
    {
        "model": 0,
        "sequence": 15,
        "status": 1,
        "fuel": 6731,
        "fault": 0.1647,
        "weapon": 1,
        "pilot_injury": 0.8068,
        "pilot_skill": 0.1569,
        "mission_priority": 0.015,
        "estimated_landing_time": 1416.0,
        "wait_time": 0,
        "Landing_success_rate": 0.9271
    },
    {
        "model": 2,
        "sequence": 17,
        "status": 1,
        "fuel": 6138,
        "fault": 0.9893,
        "weapon": 1,
        "pilot_injury": 0.1383,
        "pilot_skill": 0.4261,
        "mission_priority": 0.5523,
        "estimated_landing_time": 1604.0,
        "wait_time": 0,
        "Landing_success_rate": 0.8505
    },
    {
        "model": 0,
        "sequence": 21,
        "status": 1,
        "fuel": 7306,
        "fault": 0.3159,
        "weapon": 0,
        "pilot_injury": 0.4,
        "pilot_skill": 0.7783,
        "mission_priority": 0.9412,
        "estimated_landing_time": 1980.0,
        "wait_time": 0,
        "Landing_success_rate": 0.9427
    },
    {
        "model": 2,
        "sequence": 7,
        "status": 1,
        "fuel": 5609,
        "fault": 0.8506,
        "weapon": 1,
        "pilot_injury": 0.4103,
        "pilot_skill": 0.333,
        "mission_priority": 0.125,
        "estimated_landing_time": 664.0,
        "wait_time": 0,
        "Landing_success_rate": 0.8512
    },
    {
        "model": 2,
        "sequence": 12,
        "status": 1,
        "fuel": 5832,
        "fault": 0.3169,
        "weapon": 1,
        "pilot_injury": 0.2598,
        "pilot_skill": 0.2547,
        "mission_priority": 0.9982,
        "estimated_landing_time": 1134.0,
        "wait_time": 0,
        "Landing_success_rate": 0.867
    },
    {
        "model": 1,
        "sequence": 18,
        "status": 1,
        "fuel": 6120,
        "fault": 0.098,
        "weapon": 0,
        "pilot_injury": 0.0987,
        "pilot_skill": 0.5798,
        "mission_priority": 0.6279,
        "estimated_landing_time": 1698.0,
        "wait_time": 0,
        "Landing_success_rate": 0.8919
    },
    {
        "model": 0,
        "sequence": 9,
        "status": 1,
        "fuel": 6491,
        "fault": 0.4644,
        "weapon": 0,
        "pilot_injury": 0.7884,
        "pilot_skill": 0.8181,
        "mission_priority": 0.9579,
        "estimated_landing_time": 852.0,
        "wait_time": 0,
        "Landing_success_rate": 0.8898
    },
    {
        "model": 0,
        "sequence": 3,
        "status": 1,
        "fuel": 6019,
        "fault": 0.3337,
        "weapon": 0,
        "pilot_injury": 0.1797,
        "pilot_skill": 0.0998,
        "mission_priority": 0.0545,
        "estimated_landing_time": 288.0,
        "wait_time": 0,
        "Landing_success_rate": 0.8759
    },
    {
        "model": 0,
        "sequence": 23,
        "status": 1,
        "fuel": 7494,
        "fault": 0.7955,
        "weapon": 0,
        "pilot_injury": 0.5087,
        "pilot_skill": 0.0547,
        "mission_priority": 0.5355,
        "estimated_landing_time": 2168.0,
        "wait_time": 0,
        "Landing_success_rate": 0.8806
    },
    {
        "model": 1,
        "sequence": 1,
        "status": 1,
        "fuel": 6389,
        "fault": 0.8595,
        "weapon": 0,
        "pilot_injury": 0.8094,
        "pilot_skill": 0.8002,
        "mission_priority": 0.9321,
        "estimated_landing_time": 100.0,
        "wait_time": 0,
        "Landing_success_rate": 0.8594
    },
    {
        "model": 1,
        "sequence": 16,
        "status": 1,
        "fuel": 7109,
        "fault": 0.9658,
        "weapon": 1,
        "pilot_injury": 0.2341,
        "pilot_skill": 0.0599,
        "mission_priority": 0.5176,
        "estimated_landing_time": 1510.0,
        "wait_time": 0,
        "Landing_success_rate": 0.8541
    },
    {
        "model": 1,
        "sequence": 2,
        "status": 1,
        "fuel": 6411,
        "fault": 0.6761,
        "weapon": 0,
        "pilot_injury": 0.2899,
        "pilot_skill": 0.8529,
        "mission_priority": 0.3876,
        "estimated_landing_time": 194.0,
        "wait_time": 0,
        "Landing_success_rate": 0.8721
    },
    {
        "model": 0,
        "sequence": 19,
        "status": 1,
        "fuel": 6439,
        "fault": 0.9185,
        "weapon": 1,
        "pilot_injury": 0.3633,
        "pilot_skill": 0.3903,
        "mission_priority": 0.1061,
        "estimated_landing_time": 1792.0,
        "wait_time": 0,
        "Landing_success_rate": 0.8557
    },
    {
        "model": 0,
        "sequence": 13,
        "status": 1,
        "fuel": 6662,
        "fault": 0.1594,
        "weapon": 1,
        "pilot_injury": 0.5856,
        "pilot_skill": 0.5914,
        "mission_priority": 0.7192,
        "estimated_landing_time": 1228.0,
        "wait_time": 0,
        "Landing_success_rate": 0.9233
    },
    {
        "model": 0,
        "sequence": 22,
        "status": 1,
        "fuel": 6877,
        "fault": 0.0854,
        "weapon": 0,
        "pilot_injury": 0.331,
        "pilot_skill": 0.8375,
        "mission_priority": 0.3099,
        "estimated_landing_time": 2074.0,
        "wait_time": 0,
        "Landing_success_rate": 0.9445
    },
    {
        "model": 1,
        "sequence": 5,
        "status": 1,
        "fuel": 6968,
        "fault": 0.599,
        "weapon": 1,
        "pilot_injury": 0.8551,
        "pilot_skill": 0.4319,
        "mission_priority": 0.3861,
        "estimated_landing_time": 476.0,
        "wait_time": 0,
        "Landing_success_rate": 0.8942
    },
    {
        "model": 1,
        "sequence": 4,
        "status": 1,
        "fuel": 5774,
        "fault": 0.7813,
        "weapon": 0,
        "pilot_injury": 0.1072,
        "pilot_skill": 0.5082,
        "mission_priority": 0.7355,
        "estimated_landing_time": 382.0,
        "wait_time": 0,
        "Landing_success_rate": 0.8545
    },
    {
        "model": 2,
        "sequence": 10,
        "status": 1,
        "fuel": 6676,
        "fault": 0.9096,
        "weapon": 1,
        "pilot_injury": 0.3703,
        "pilot_skill": 0.2262,
        "mission_priority": 0.8728,
        "estimated_landing_time": 946.0,
        "wait_time": 0,
        "Landing_success_rate": 0.858
    },
    {
        "model": 1,
        "sequence": 11,
        "status": 1,
        "fuel": 5658,
        "fault": 0.0777,
        "weapon": 0,
        "pilot_injury": 0.2006,
        "pilot_skill": 0.7151,
        "mission_priority": 0.315,
        "estimated_landing_time": 1040.0,
        "wait_time": 0,
        "Landing_success_rate": 0.8609
    }
]