[
    {
        "model": 0,
        "sequence": 15,
        "status": 1,
        "fuel": 7272,
        "fault": 0.665,
        "weapon": 0,
        "pilot_injury": 0.5733,
        "pilot_skill": 0.8381,
        "mission_priority": 0.4044,
        "estimated_landing_time": 1416.0,
        "wait_time": 0,
        "Landing_success_rate": 0.8945
    },
    {
        "model": 1,
        "sequence": 8,
        "status": 1,
        "fuel": 6201,
        "fault": 0.5189,
        "weapon": 1,
        "pilot_injury": 0.3539,
        "pilot_skill": 0.9586,
        "mission_priority": 0.1844,
        "estimated_landing_time": 758.0,
        "wait_time": 0,
        "Landing_success_rate": 0.8753
    },
    {
        "model": 2,
        "sequence": 24,
        "status": 1,
        "fuel": 6192,
        "fault": 0.6032,
        "weapon": 1,
        "pilot_injury": 0.0682,
        "pilot_skill": 0.8371,
        "mission_priority": 0.4372,
        "estimated_landing_time": 2262.0,
        "wait_time": 0,
        "Landing_success_rate": 0.8706
    },
    {
        "model": 0,
        "sequence": 23,
        "status": 1,
        "fuel": 6175,
        "fault": 0.719,
        "weapon": 0,
        "pilot_injury": 0.6104,
        "pilot_skill": 0.9493,
        "mission_priority": 0.3966,
        "estimated_landing_time": 2168.0,
        "wait_time": 0,
        "Landing_success_rate": 0.8642
    },
    {
        "model": 1,
        "sequence": 11,
        "status": 1,
        "fuel": 6163,
        "fault": 0.9368,
        "weapon": 0,
        "pilot_injury": 0.4838,
        "pilot_skill": 0.2699,
        "mission_priority": 0.5398,
        "estimated_landing_time": 1040.0,
        "wait_time": 0,
        "Landing_success_rate": 0.8531
    },
    {
        "model": 0,
        "sequence": 1,
        "status": 1,
        "fuel": 6990,
        "fault": 0.5951,
        "weapon": 0,
        "pilot_injury": 0.8464,
        "pilot_skill": 0.9552,
        "mission_priority": 0.1547,
        "estimated_landing_time": 100.0,
        "wait_time": 0,
        "Landing_success_rate": 0.8952
    },
    {
        "model": 1,
        "sequence": 3,
        "status": 1,
        "fuel": 5700,
        "fault": 0.7709,
        "weapon": 0,
        "pilot_injury": 0.3444,
        "pilot_skill": 0.3515,
        "mission_priority": 0.4128,
        "estimated_landing_time": 288.0,
        "wait_time": 0,
        "Landing_success_rate": 0.8534
    },
    {
        "model": 0,
        "sequence": 13,
        "status": 1,
        "fuel": 5560,
        "fault": 0.6884,
        "weapon": 1,
        "pilot_injury": 0.4597,
        "pilot_skill": 0.0759,
        "mission_priority": 0.0778,
        "estimated_landing_time": 1228.0,
        "wait_time": 0,
        "Landing_success_rate": 0.8514
    },
    {
        "model": 0,
        "sequence": 14,
        "status": 1,
        "fuel": 5607,
        "fault": 0.6947,
        "weapon": 1,
        "pilot_injury": 0.0053,
        "pilot_skill": 0.1031,
        "mission_priority": 0.3146,
        "estimated_landing_time": 1322.0,
        "wait_time": 0,
        "Landing_success_rate": 0.8525
    },
    {
        "model": 2,
        "sequence": 16,
        "status": 1,
        "fuel": 7478,
        "fault": 0.9173,
        "weapon": 0,
        "pilot_injury": 0.79,
        "pilot_skill": 0.6906,
        "mission_priority": 0.5213,
        "estimated_landing_time": 1510.0,
        "wait_time": 0,
        "Landing_success_rate": 0.8623
    },
    {
        "model": 0,
        "sequence": 7,
        "status": 1,
        "fuel": 5511,
        "fault": 0.5419,
        "weapon": 1,
        "pilot_injury": 0.7584,
        "pilot_skill": 0.6389,
        "mission_priority": 0.759,
        "estimated_landing_time": 664.0,
        "wait_time": 0,
        "Landing_success_rate": 0.8504
    },
    {
        "model": 1,
        "sequence": 12,
        "status": 1,
        "fuel": 7008,
        "fault": 0.6923,
        "weapon": 1,
        "pilot_injury": 0.9806,
        "pilot_skill": 0.9034,
        "mission_priority": 0.6467,
        "estimated_landing_time": 1134.0,
        "wait_time": 0,
        "Landing_success_rate": 0.8848
    },
    {
        "model": 1,
        "sequence": 22,
        "status": 1,
        "fuel": 7094,
        "fault": 0.9877,
        "weapon": 0,
        "pilot_injury": 0.6699,
        "pilot_skill": 0.0442,
        "mission_priority": 0.5883,
        "estimated_landing_time": 2074.0,
        "wait_time": 0,
        "Landing_success_rate": 0.8515
    },
    {
        "model": 2,
        "sequence": 19,
        "status": 1,
        "fuel": 5900,
        "fault": 0.1806,
        "weapon": 0,
        "pilot_injury": 0.4732,
        "pilot_skill": 0.3129,
        "mission_priority": 0.1205,
        "estimated_landing_time": 1792.0,
        "wait_time": 0,
        "Landing_success_rate": 0.8746
    },
    {
        "model": 1,
        "sequence": 20,
        "status": 1,
        "fuel": 7042,
        "fault": 0.2973,
        "weapon": 1,
        "pilot_injury": 0.1153,
        "pilot_skill": 0.4218,
        "mission_priority": 0.7953,
        "estimated_landing_time": 1886.0,
        "wait_time": 0,
        "Landing_success_rate": 0.9313
    },
    {
        "model": 1,
        "sequence": 5,
        "status": 1,
        "fuel": 6746,
        "fault": 0.862,
        "weapon": 0,
        "pilot_injury": 0.4551,
        "pilot_skill": 0.5224,
        "mission_priority": 0.6445,
        "estimated_landing_time": 476.0,
        "wait_time": 0,
        "Landing_success_rate": 0.8629
    },
    {
        "model": 1,
        "sequence": 17,
        "status": 1,
        "fuel": 7049,
        "fault": 0.5963,
        "weapon": 0,
        "pilot_injury": 0.5607,
        "pilot_skill": 0.4811,
        "mission_priority": 0.885,
        "estimated_landing_time": 1604.0,
        "wait_time": 0,
        "Landing_success_rate": 0.8969
    },
    {
        "model": 0,
        "sequence": 2,
        "status": 1,
        "fuel": 6694,
        "fault": 0.3399,
        "weapon": 0,
        "pilot_injury": 0.4045,
        "pilot_skill": 0.5724,
        "mission_priority": 0.804,
        "estimated_landing_time": 194.0,
        "wait_time": 0,
        "Landing_success_rate": 0.9091
    },
    {
        "model": 0,
        "sequence": 6,
        "status": 1,
        "fuel": 7039,
        "fault": 0.7907,
        "weapon": 0,
        "pilot_injury": 0.7379,
        "pilot_skill": 0.5202,
        "mission_priority": 0.4268,
        "estimated_landing_time": 570.0,
        "wait_time": 0,
        "Landing_success_rate": 0.8742
    },
    {
        "model": 1,
        "sequence": 9,
        "status": 1,
        "fuel": 6631,
        "fault": 0.233,
        "weapon": 0,
        "pilot_injury": 0.4619,
        "pilot_skill": 0.9903,
        "mission_priority": 0.0002,
        "estimated_landing_time": 852.0,
        "wait_time": 0,
        "Landing_success_rate": 0.9151
    },
    {
        "model": 2,
        "sequence": 4,
        "status": 1,
        "fuel": 7304,
        "fault": 0.5289,
        "weapon": 1,
        "pilot_injury": 0.9326,
        "pilot_skill": 0.07,
        "mission_priority": 0.0095,
        "estimated_landing_time": 382.0,
        "wait_time": 0,
        "Landing_success_rate": 0.9137
    },
    {
        "model": 0,
        "sequence": 10,
        "status": 1,
        "fuel": 5528,
        "fault": 0.7672,
        "weapon": 0,
        "pilot_injury": 0.0376,
        "pilot_skill": 0.4798,
        "mission_priority": 0.5808,
        "estimated_landing_time": 946.0,
        "wait_time": 0,
        "Landing_success_rate": 0.8505
    },
    {
        "model": 2,
        "sequence": 21,
        "status": 1,
        "fuel": 7271,
        "fault": 0.9841,
        "weapon": 1,
        "pilot_injury": 0.0917,
        "pilot_skill": 0.3364,
        "mission_priority": 0.5225,
        "estimated_landing_time": 1980.0,
        "wait_time": 0,
        "Landing_success_rate": 0.8521
    },
    {
        "model": 1,
        "sequence": 18,
        "status": 1,
        "fuel": 6076,
        "fault": 0.2388,
        "weapon": 0,
        "pilot_injury": 0.4673,
        "pilot_skill": 0.297,
        "mission_priority": 0.8528,
        "estimated_landing_time": 1698.0,
        "wait_time": 0,
        "Landing_success_rate": 0.8829
    }
]