[
    {
        "model": 2,
        "sequence": 22,
        "status": 1,
        "fuel": 5754,
        "fault": 0.9409,
        "weapon": 0,
        "pilot_injury": 0.3231,
        "pilot_skill": 0.9877,
        "mission_priority": 0.3257,
        "estimated_landing_time": 2074.0,
        "wait_time": 0,
        "Landing_success_rate": 0.8511
    },
    {
        "model": 0,
        "sequence": 1,
        "status": 1,
        "fuel": 5889,
        "fault": 0.7221,
        "weapon": 1,
        "pilot_injury": 0.8017,
        "pilot_skill": 0.4695,
        "mission_priority": 0.4227,
        "estimated_landing_time": 100.0,
        "wait_time": 0,
        "Landing_success_rate": 0.8581
    },
    {
        "model": 0,
        "sequence": 19,
        "status": 1,
        "fuel": 7289,
        "fault": 0.9359,
        "weapon": 0,
        "pilot_injury": 0.8951,
        "pilot_skill": 0.1491,
        "mission_priority": 0.7859,
        "estimated_landing_time": 1792.0,
        "wait_time": 0,
        "Landing_success_rate": 0.8586
    },
    {
        "model": 0,
        "sequence": 12,
        "status": 1,
        "fuel": 6361,
        "fault": 0.0221,
        "weapon": 0,
        "pilot_injury": 0.8739,
        "pilot_skill": 0.0129,
        "mission_priority": 0.2267,
        "estimated_landing_time": 1134.0,
        "wait_time": 0,
        "Landing_success_rate": 0.9131
    },
    {
        "model": 1,
        "sequence": 13,
        "status": 1,
        "fuel": 6246,
        "fault": 0.1322,
        "weapon": 0,
        "pilot_injury": 0.6104,
        "pilot_skill": 0.0241,
        "mission_priority": 0.1165,
        "estimated_landing_time": 1228.0,
        "wait_time": 0,
        "Landing_success_rate": 0.8986
    },
    {
        "model": 0,
        "sequence": 21,
        "status": 1,
        "fuel": 5773,
        "fault": 0.5995,
        "weapon": 0,
        "pilot_injury": 0.4593,
        "pilot_skill": 0.7521,
        "mission_priority": 0.9055,
        "estimated_landing_time": 1980.0,
        "wait_time": 0,
        "Landing_success_rate": 0.8582
    },
    {
        "model": 2,
        "sequence": 8,
        "status": 1,
        "fuel": 5863,
        "fault": 0.0484,
        "weapon": 1,
        "pilot_injury": 0.4412,
        "pilot_skill": 0.1994,
        "mission_priority": 0.2645,
        "estimated_landing_time": 758.0,
        "wait_time": 0,
        "Landing_success_rate": 0.8759
    },
    {
        "model": 1,
        "sequence": 11,
        "status": 1,
        "fuel": 6621,
        "fault": 0.7998,
        "weapon": 1,
        "pilot_injury": 0.2182,
        "pilot_skill": 0.9354,
        "mission_priority": 0.4661,
        "estimated_landing_time": 1040.0,
        "wait_time": 0,
        "Landing_success_rate": 0.8668
    },
    {
        "model": 1,
        "sequence": 2,
        "status": 1,
        "fuel": 6002,
        "fault": 0.5986,
        "weapon": 0,
        "pilot_injury": 0.2474,
        "pilot_skill": 0.8663,
        "mission_priority": 0.1646,
        "estimated_landing_time": 194.0,
        "wait_time": 0,
        "Landing_success_rate": 0.8651
    },
    {
        "model": 0,
        "sequence": 6,
        "status": 1,
        "fuel": 5723,
        "fault": 0.2205,
        "weapon": 0,
        "pilot_injury": 0.4783,
        "pilot_skill": 0.021,
        "mission_priority": 0.8196,
        "estimated_landing_time": 570.0,
        "wait_time": 0,
        "Landing_success_rate": 0.863
    },
    {
        "model": 2,
        "sequence": 20,
        "status": 1,
        "fuel": 6976,
        "fault": 0.6044,
        "weapon": 1,
        "pilot_injury": 0.2834,
        "pilot_skill": 0.8372,
        "mission_priority": 0.543,
        "estimated_landing_time": 1886.0,
        "wait_time": 0,
        "Landing_success_rate": 0.8938
    },
    {
        "model": 1,
        "sequence": 9,
        "status": 1,
        "fuel": 6389,
        "fault": 0.0801,
        "weapon": 0,
        "pilot_injury": 0.0123,
        "pilot_skill": 0.143,
        "mission_priority": 0.7423,
        "estimated_landing_time": 852.0,
        "wait_time": 0,
        "Landing_success_rate": 0.9113
    },
    {
        "model": 1,
        "sequence": 24,
        "status": 1,
        "fuel": 5528,
        "fault": 0.3867,
        "weapon": 1,
        "pilot_injury": 0.3851,
        "pilot_skill": 0.8548,
        "mission_priority": 0.9524,
        "estimated_landing_time": 2262.0,
        "wait_time": 0,
        "Landing_success_rate": 0.8513
    },
    {
        "model": 0,
        "sequence": 10,
        "status": 1,
        "fuel": 6590,
        "fault": 0.3828,
        "weapon": 0,
        "pilot_injury": 0.1942,
        "pilot_skill": 0.4744,
        "mission_priority": 0.0073,
        "estimated_landing_time": 946.0,
        "wait_time": 0,
        "Landing_success_rate": 0.9005
    },
    {
        "model": 0,
        "sequence": 14,
        "status": 1,
        "fuel": 5950,
        "fault": 0.0712,
        "weapon": 0,
        "pilot_injury": 0.5204,
        "pilot_skill": 0.9946,
        "mission_priority": 0.2018,
        "estimated_landing_time": 1322.0,
        "wait_time": 0,
        "Landing_success_rate": 0.8813
    },
    {
        "model": 2,
        "sequence": 23,
        "status": 1,
        "fuel": 5833,
        "fault": 0.9598,
        "weapon": 0,
        "pilot_injury": 0.9175,
        "pilot_skill": 0.7778,
        "mission_priority": 0.8223,
        "estimated_landing_time": 2168.0,
        "wait_time": 0,
        "Landing_success_rate": 0.851
    },
    {
        "model": 0,
        "sequence": 7,
        "status": 1,
        "fuel": 7313,
        "fault": 0.5413,
        "weapon": 0,
        "pilot_injury": 0.4512,
        "pilot_skill": 0.3304,
        "mission_priority": 0.5892,
        "estimated_landing_time": 664.0,
        "wait_time": 0,
        "Landing_success_rate": 0.9124
    },
    {
        "model": 2,
        "sequence": 17,
        "status": 1,
        "fuel": 7235,
        "fault": 0.2966,
        "weapon": 0,
        "pilot_injury": 0.9369,
        "pilot_skill": 0.984,
        "mission_priority": 0.7965,
        "estimated_landing_time": 1604.0,
        "wait_time": 0,
        "Landing_success_rate": 0.9415
    },
    {
        "model": 1,
        "sequence": 5,
        "status": 1,
        "fuel": 7017,
        "fault": 0.5186,
        "weapon": 0,
        "pilot_injury": 0.1661,
        "pilot_skill": 0.0591,
        "mission_priority": 0.6907,
        "estimated_landing_time": 476.0,
        "wait_time": 0,
        "Landing_success_rate": 0.9048
    },
    {
        "model": 2,
        "sequence": 4,
        "status": 1,
        "fuel": 6464,
        "fault": 0.949,
        "weapon": 1,
        "pilot_injury": 0.9281,
        "pilot_skill": 0.0911,
        "mission_priority": 0.2859,
        "estimated_landing_time": 382.0,
        "wait_time": 0,
        "Landing_success_rate": 0.8537
    },
    {
        "model": 2,
        "sequence": 15,
        "status": 1,
        "fuel": 6838,
        "fault": 0.0042,
        "weapon": 0,
        "pilot_injury": 0.0554,
        "pilot_skill": 0.3311,
        "mission_priority": 0.766,
        "estimated_landing_time": 1416.0,
        "wait_time": 0,
        "Landing_success_rate": 0.9499
    },
    {
        "model": 2,
        "sequence": 3,
        "status": 1,
        "fuel": 5636,
        "fault": 0.4154,
        "weapon": 1,
        "pilot_injury": 0.5796,
        "pilot_skill": 0.0222,
        "mission_priority": 0.9885,
        "estimated_landing_time": 288.0,
        "wait_time": 0,
        "Landing_success_rate": 0.856
    },
    {
        "model": 1,
        "sequence": 16,
        "status": 1,
        "fuel": 5822,
        "fault": 0.9678,
        "weapon": 1,
        "pilot_injury": 0.7287,
        "pilot_skill": 0.3154,
        "mission_priority": 0.3931,
        "estimated_landing_time": 1510.0,
        "wait_time": 0,
        "Landing_success_rate": 0.8508
    },
    {
        "model": 0,
        "sequence": 18,
        "status": 1,
        "fuel": 6792,
        "fault": 0.1695,
        "weapon": 1,
        "pilot_injury": 0.179,
        "pilot_skill": 0.7975,
        "mission_priority": 0.6775,
        "estimated_landing_time": 1698.0,
        "wait_time": 0,
        "Landing_success_rate": 0.9305
    }
]