[
    {
        "model": 0,
        "sequence": 16,
        "status": 1,
        "fuel": 5629,
        "fault": 0.2632,
        "weapon": 0,
        "pilot_injury": 0.9951,
        "pilot_skill": 0.9378,
        "mission_priority": 0.0043,
        "estimated_landing_time": 1510.0,
        "wait_time": 0,
        "Landing_success_rate": 0.8571
    },
    {
        "model": 1,
        "sequence": 20,
        "status": 1,
        "fuel": 6907,
        "fault": 0.2358,
        "weapon": 1,
        "pilot_injury": 0.953,
        "pilot_skill": 0.2818,
        "mission_priority": 0.382,
        "estimated_landing_time": 1886.0,
        "wait_time": 0,
        "Landing_success_rate": 0.9306
    },
    {
        "model": 0,
        "sequence": 6,
        "status": 1,
        "fuel": 6009,
        "fault": 0.6967,
        "weapon": 1,
        "pilot_injury": 0.7267,
        "pilot_skill": 0.9443,
        "mission_priority": 0.6107,
        "estimated_landing_time": 570.0,
        "wait_time": 0,
        "Landing_success_rate": 0.8616
    },
    {
        "model": 2,
        "sequence": 17,
        "status": 1,
        "fuel": 6098,
        "fault": 0.6728,
        "weapon": 1,
        "pilot_injury": 0.2628,
        "pilot_skill": 0.0452,
        "mission_priority": 0.0019,
        "estimated_landing_time": 1604.0,
        "wait_time": 0,
        "Landing_success_rate": 0.8647
    },
    {
        "model": 1,
        "sequence": 21,
        "status": 1,
        "fuel": 7258,
        "fault": 0.0829,
        "weapon": 1,
        "pilot_injury": 0.0623,
        "pilot_skill": 0.1795,
        "mission_priority": 0.1245,
        "estimated_landing_time": 1980.0,
        "wait_time": 0,
        "Landing_success_rate": 0.9709
    },
    {
        "model": 2,
        "sequence": 5,
        "status": 1,
        "fuel": 5551,
        "fault": 0.6428,
        "weapon": 0,
        "pilot_injury": 0.5376,
        "pilot_skill": 0.5931,
        "mission_priority": 0.5435,
        "estimated_landing_time": 476.0,
        "wait_time": 0,
        "Landing_success_rate": 0.8514
    },
    {
        "model": 2,
        "sequence": 12,
        "status": 1,
        "fuel": 6325,
        "fault": 0.5443,
        "weapon": 1,
        "pilot_injury": 0.0513,
        "pilot_skill": 0.3957,
        "mission_priority": 0.1886,
        "estimated_landing_time": 1134.0,
        "wait_time": 0,
        "Landing_success_rate": 0.8782
    },
    {
        "model": 2,
        "sequence": 13,
        "status": 1,
        "fuel": 7127,
        "fault": 0.5883,
        "weapon": 1,
        "pilot_injury": 0.5321,
        "pilot_skill": 0.4342,
        "mission_priority": 0.3873,
        "estimated_landing_time": 1228.0,
        "wait_time": 0,
        "Landing_success_rate": 0.9002
    },
    {
        "model": 0,
        "sequence": 8,
        "status": 1,
        "fuel": 6675,
        "fault": 0.7903,
        "weapon": 0,
        "pilot_injury": 0.7342,
        "pilot_skill": 0.7575,
        "mission_priority": 0.4192,
        "estimated_landing_time": 758.0,
        "wait_time": 0,
        "Landing_success_rate": 0.8685
    },
    {
        "model": 0,
        "sequence": 11,
        "status": 1,
        "fuel": 6600,
        "fault": 0.9611,
        "weapon": 1,
        "pilot_injury": 0.0932,
        "pilot_skill": 0.0459,
        "mission_priority": 0.1116,
        "estimated_landing_time": 1040.0,
        "wait_time": 0,
        "Landing_success_rate": 0.8532
    },
    {
        "model": 0,
        "sequence": 19,
        "status": 1,
        "fuel": 6677,
        "fault": 0.9293,
        "weapon": 0,
        "pilot_injury": 0.8491,
        "pilot_skill": 0.2356,
        "mission_priority": 0.9352,
        "estimated_landing_time": 1792.0,
        "wait_time": 0,
        "Landing_success_rate": 0.8562
    },
    {
        "model": 0,
        "sequence": 4,
        "status": 1,
        "fuel": 5537,
        "fault": 0.9865,
        "weapon": 1,
        "pilot_injury": 0.8376,
        "pilot_skill": 0.3638,
        "mission_priority": 0.0727,
        "estimated_landing_time": 382.0,
        "wait_time": 0,
        "Landing_success_rate": 0.85
    },
    {
        "model": 1,
        "sequence": 22,
        "status": 1,
        "fuel": 6183,
        "fault": 0.8215,
        "weapon": 0,
        "pilot_injury": 0.85,
        "pilot_skill": 0.996,
        "mission_priority": 0.5082,
        "estimated_landing_time": 2074.0,
        "wait_time": 0,
        "Landing_success_rate": 0.8591
    },
    {
        "model": 0,
        "sequence": 14,
        "status": 1,
        "fuel": 6142,
        "fault": 0.7426,
        "weapon": 0,
        "pilot_injury": 0.0048,
        "pilot_skill": 0.5091,
        "mission_priority": 0.5555,
        "estimated_landing_time": 1322.0,
        "wait_time": 0,
        "Landing_success_rate": 0.8624
    },
    {
        "model": 1,
        "sequence": 1,
        "status": 1,
        "fuel": 6268,
        "fault": 0.5009,
        "weapon": 0,
        "pilot_injury": 0.9165,
        "pilot_skill": 0.6281,
        "mission_priority": 0.8403,
        "estimated_landing_time": 100.0,
        "wait_time": 0,
        "Landing_success_rate": 0.8787
    },
    {
        "model": 2,
        "sequence": 18,
        "status": 1,
        "fuel": 6066,
        "fault": 0.9044,
        "weapon": 1,
        "pilot_injury": 0.6751,
        "pilot_skill": 0.1702,
        "mission_priority": 0.1898,
        "estimated_landing_time": 1698.0,
        "wait_time": 0,
        "Landing_success_rate": 0.8541
    },
    {
        "model": 1,
        "sequence": 9,
        "status": 1,
        "fuel": 6791,
        "fault": 0.0787,
        "weapon": 1,
        "pilot_injury": 0.4625,
        "pilot_skill": 0.3135,
        "mission_priority": 0.6651,
        "estimated_landing_time": 852.0,
        "wait_time": 0,
        "Landing_success_rate": 0.9392
    },
    {
        "model": 0,
        "sequence": 15,
        "status": 1,
        "fuel": 6397,
        "fault": 0.7615,
        "weapon": 1,
        "pilot_injury": 0.4269,
        "pilot_skill": 0.9819,
        "mission_priority": 0.7839,
        "estimated_landing_time": 1416.0,
        "wait_time": 0,
        "Landing_success_rate": 0.866
    },
    {
        "model": 1,
        "sequence": 2,
        "status": 1,
        "fuel": 6405,
        "fault": 0.0059,
        "weapon": 1,
        "pilot_injury": 0.2341,
        "pilot_skill": 0.4119,
        "mission_priority": 0.7161,
        "estimated_landing_time": 194.0,
        "wait_time": 0,
        "Landing_success_rate": 0.9175
    },
    {
        "model": 0,
        "sequence": 24,
        "status": 1,
        "fuel": 5895,
        "fault": 0.3112,
        "weapon": 1,
        "pilot_injury": 0.0466,
        "pilot_skill": 0.4323,
        "mission_priority": 0.8274,
        "estimated_landing_time": 2262.0,
        "wait_time": 0,
        "Landing_success_rate": 0.8704
    },
    {
        "model": 0,
        "sequence": 10,
        "status": 1,
        "fuel": 6532,
        "fault": 0.2075,
        "weapon": 1,
        "pilot_injury": 0.9325,
        "pilot_skill": 0.2369,
        "mission_priority": 0.6936,
        "estimated_landing_time": 946.0,
        "wait_time": 0,
        "Landing_success_rate": 0.9113
    },
    {
        "model": 1,
        "sequence": 7,
        "status": 1,
        "fuel": 7341,
        "fault": 0.7341,
        "weapon": 0,
        "pilot_injury": 0.2349,
        "pilot_skill": 0.1003,
        "mission_priority": 0.1483,
        "estimated_landing_time": 664.0,
        "wait_time": 0,
        "Landing_success_rate": 0.8867
    },
    {
        "model": 1,
        "sequence": 23,
        "status": 1,
        "fuel": 6540,
        "fault": 0.3986,
        "weapon": 0,
        "pilot_injury": 0.6742,
        "pilot_skill": 0.3361,
        "mission_priority": 0.1698,
        "estimated_landing_time": 2168.0,
        "wait_time": 0,
        "Landing_success_rate": 0.8969
    },
    {
        "model": 2,
        "sequence": 3,
        "status": 1,
        "fuel": 6092,
        "fault": 0.2726,
        "weapon": 0,
        "pilot_injury": 0.7288,
        "pilot_skill": 0.4414,
        "mission_priority": 0.3386,
        "estimated_landing_time": 288.0,
        "wait_time": 0,
        "Landing_success_rate": 0.8823
    }
]