[
    {
        "model": 2,
        "sequence": 14,
        "status": 1,
        "fuel": 6610,
        "fault": 0.2256,
        "weapon": 0,
        "pilot_injury": 0.8093,
        "pilot_skill": 0.9403,
        "mission_priority": 0.1406,
        "estimated_landing_time": 1322.0,
        "wait_time": 0,
        "Landing_success_rate": 0.9145
    },
    {
        "model": 0,
        "sequence": 2,
        "status": 1,
        "fuel": 6669,
        "fault": 0.2298,
        "weapon": 0,
        "pilot_injury": 0.2903,
        "pilot_skill": 0.8281,
        "mission_priority": 0.672,
        "estimated_landing_time": 194.0,
        "wait_time": 0,
        "Landing_success_rate": 0.9175
    },
    {
        "model": 1,
        "sequence": 8,
        "status": 1,
        "fuel": 6539,
        "fault": 0.6758,
        "weapon": 1,
        "pilot_injury": 0.4858,
        "pilot_skill": 0.5012,
        "mission_priority": 0.2392,
        "estimated_landing_time": 758.0,
        "wait_time": 0,
        "Landing_success_rate": 0.8753
    },
    {
        "model": 0,
        "sequence": 6,
        "status": 1,
        "fuel": 6627,
        "fault": 0.3871,
        "weapon": 1,
        "pilot_injury": 0.4467,
        "pilot_skill": 0.3627,
        "mission_priority": 0.0169,
        "estimated_landing_time": 570.0,
        "wait_time": 0,
        "Landing_success_rate": 0.9018
    },
    {
        "model": 1,
        "sequence": 24,
        "status": 1,
        "fuel": 5655,
        "fault": 0.4983,
        "weapon": 0,
        "pilot_injury": 0.0013,
        "pilot_skill": 0.3079,
        "mission_priority": 0.2786,
        "estimated_landing_time": 2262.0,
        "wait_time": 0,
        "Landing_success_rate": 0.8558
    },
    {
        "model": 2,
        "sequence": 3,
        "status": 1,
        "fuel": 6687,
        "fault": 0.2115,
        "weapon": 1,
        "pilot_injury": 0.5077,
        "pilot_skill": 0.6924,
        "mission_priority": 0.6302,
        "estimated_landing_time": 288.0,
        "wait_time": 0,
        "Landing_success_rate": 0.9202
    },
    {
        "model": 2,
        "sequence": 19,
        "status": 1,
        "fuel": 6080,
        "fault": 0.9315,
        "weapon": 1,
        "pilot_injury": 0.5191,
        "pilot_skill": 0.8104,
        "mission_priority": 0.4277,
        "estimated_landing_time": 1792.0,
        "wait_time": 0,
        "Landing_success_rate": 0.853
    },
    {
        "model": 1,
        "sequence": 15,
        "status": 1,
        "fuel": 6472,
        "fault": 0.7098,
        "weapon": 1,
        "pilot_injury": 0.4177,
        "pilot_skill": 0.7602,
        "mission_priority": 0.1748,
        "estimated_landing_time": 1416.0,
        "wait_time": 0,
        "Landing_success_rate": 0.8712
    },
    {
        "model": 0,
        "sequence": 20,
        "status": 1,
        "fuel": 5995,
        "fault": 0.8867,
        "weapon": 0,
        "pilot_injury": 0.3591,
        "pilot_skill": 0.2304,
        "mission_priority": 0.5794,
        "estimated_landing_time": 1886.0,
        "wait_time": 0,
        "Landing_success_rate": 0.8542
    },
    {
        "model": 1,
        "sequence": 7,
        "status": 1,
        "fuel": 6493,
        "fault": 0.6833,
        "weapon": 0,
        "pilot_injury": 0.3645,
        "pilot_skill": 0.9888,
        "mission_priority": 0.5939,
        "estimated_landing_time": 664.0,
        "wait_time": 0,
        "Landing_success_rate": 0.8736
    },
    {
        "model": 0,
        "sequence": 4,
        "status": 1,
        "fuel": 5802,
        "fault": 0.0672,
        "weapon": 0,
        "pilot_injury": 0.7299,
        "pilot_skill": 0.7493,
        "mission_priority": 0.1961,
        "estimated_landing_time": 382.0,
        "wait_time": 0,
        "Landing_success_rate": 0.8711
    },
    {
        "model": 1,
        "sequence": 23,
        "status": 1,
        "fuel": 6033,
        "fault": 0.5022,
        "weapon": 0,
        "pilot_injury": 0.504,
        "pilot_skill": 0.6835,
        "mission_priority": 0.5879,
        "estimated_landing_time": 2168.0,
        "wait_time": 0,
        "Landing_success_rate": 0.8699
    },
    {
        "model": 2,
        "sequence": 21,
        "status": 1,
        "fuel": 5978,
        "fault": 0.2129,
        "weapon": 1,
        "pilot_injury": 0.5755,
        "pilot_skill": 0.1232,
        "mission_priority": 0.6902,
        "estimated_landing_time": 1980.0,
        "wait_time": 0,
        "Landing_success_rate": 0.8782
    },
    {
        "model": 0,
        "sequence": 16,
        "status": 1,
        "fuel": 7181,
        "fault": 0.2328,
        "weapon": 1,
        "pilot_injury": 0.6758,
        "pilot_skill": 0.4147,
        "mission_priority": 0.1241,
        "estimated_landing_time": 1510.0,
        "wait_time": 0,
        "Landing_success_rate": 0.9467
    },
    {
        "model": 2,
        "sequence": 18,
        "status": 1,
        "fuel": 7479,
        "fault": 0.0221,
        "weapon": 0,
        "pilot_injury": 0.4156,
        "pilot_skill": 0.3843,
        "mission_priority": 0.7384,
        "estimated_landing_time": 1698.0,
        "wait_time": 0,
        "Landing_success_rate": 0.9951
    },
    {
        "model": 0,
        "sequence": 9,
        "status": 1,
        "fuel": 6940,
        "fault": 0.1993,
        "weapon": 0,
        "pilot_injury": 0.0227,
        "pilot_skill": 0.931,
        "mission_priority": 0.6862,
        "estimated_landing_time": 852.0,
        "wait_time": 0,
        "Landing_success_rate": 0.9365
    },
    {
        "model": 1,
        "sequence": 5,
        "status": 1,
        "fuel": 5619,
        "fault": 0.5964,
        "weapon": 0,
        "pilot_injury": 0.2003,
        "pilot_skill": 0.5792,
        "mission_priority": 0.4666,
        "estimated_landing_time": 476.0,
        "wait_time": 0,
        "Landing_success_rate": 0.8536
    },
    {
        "model": 2,
        "sequence": 11,
        "status": 1,
        "fuel": 7027,
        "fault": 0.494,
        "weapon": 1,
        "pilot_injury": 0.4374,
        "pilot_skill": 0.0753,
        "mission_priority": 0.9466,
        "estimated_landing_time": 1040.0,
        "wait_time": 0,
        "Landing_success_rate": 0.9079
    },
    {
        "model": 2,
        "sequence": 17,
        "status": 1,
        "fuel": 6138,
        "fault": 0.2809,
        "weapon": 1,
        "pilot_injury": 0.4679,
        "pilot_skill": 0.0929,
        "mission_priority": 0.7907,
        "estimated_landing_time": 1604.0,
        "wait_time": 0,
        "Landing_success_rate": 0.8844
    },
    {
        "model": 0,
        "sequence": 10,
        "status": 1,
        "fuel": 6862,
        "fault": 0.1882,
        "weapon": 1,
        "pilot_injury": 0.5374,
        "pilot_skill": 0.1601,
        "mission_priority": 0.0077,
        "estimated_landing_time": 946.0,
        "wait_time": 0,
        "Landing_success_rate": 0.9329
    },
    {
        "model": 0,
        "sequence": 13,
        "status": 1,
        "fuel": 5857,
        "fault": 0.3945,
        "weapon": 1,
        "pilot_injury": 0.1605,
        "pilot_skill": 0.0769,
        "mission_priority": 0.2051,
        "estimated_landing_time": 1228.0,
        "wait_time": 0,
        "Landing_success_rate": 0.8662
    },
    {
        "model": 0,
        "sequence": 22,
        "status": 1,
        "fuel": 5667,
        "fault": 0.0293,
        "weapon": 1,
        "pilot_injury": 0.4525,
        "pilot_skill": 0.5066,
        "mission_priority": 0.0327,
        "estimated_landing_time": 2074.0,
        "wait_time": 0,
        "Landing_success_rate": 0.8622
    },
    {
        "model": 2,
        "sequence": 12,
        "status": 1,
        "fuel": 7023,
        "fault": 0.1147,
        "weapon": 1,
        "pilot_injury": 0.5439,
        "pilot_skill": 0.7396,
        "mission_priority": 0.605,
        "estimated_landing_time": 1134.0,
        "wait_time": 0,
        "Landing_success_rate": 0.9511
    },
    {
        "model": 1,
        "sequence": 1,
        "status": 1,
        "fuel": 6941,
        "fault": 0.7818,
        "weapon": 0,
        "pilot_injury": 0.7808,
        "pilot_skill": 0.3638,
        "mission_priority": 0.7361,
        "estimated_landing_time": 100.0,
        "wait_time": 0,
        "Landing_success_rate": 0.8736
    }
]