[
    {
        "model": 1,
        "sequence": 13,
        "status": 1,
        "fuel": 5632,
        "fault": 0.0262,
        "weapon": 1,
        "pilot_injury": 0.0328,
        "pilot_skill": 0.4203,
        "mission_priority": 0.8951,
        "estimated_landing_time": 1228.0,
        "wait_time": 0,
        "Landing_success_rate": 0.8596
    },
    {
        "model": 0,
        "sequence": 11,
        "status": 1,
        "fuel": 6486,
        "fault": 0.0844,
        "weapon": 0,
        "pilot_injury": 0.1616,
        "pilot_skill": 0.9058,
        "mission_priority": 0.5162,
        "estimated_landing_time": 1040.0,
        "wait_time": 0,
        "Landing_success_rate": 0.9177
    },
    {
        "model": 2,
        "sequence": 1,
        "status": 1,
        "fuel": 6904,
        "fault": 0.352,
        "weapon": 0,
        "pilot_injury": 0.7575,
        "pilot_skill": 0.7317,
        "mission_priority": 0.7092,
        "estimated_landing_time": 100.0,
        "wait_time": 0,
        "Landing_success_rate": 0.9182
    },
    {
        "model": 0,
        "sequence": 9,
        "status": 1,
        "fuel": 5626,
        "fault": 0.6155,
        "weapon": 0,
        "pilot_injury": 0.6883,
        "pilot_skill": 0.2197,
        "mission_priority": 0.4387,
        "estimated_landing_time": 852.0,
        "wait_time": 0,
        "Landing_success_rate": 0.8536
    },
    {
        "model": 2,
        "sequence": 24,
        "status": 1,
        "fuel": 6917,
        "fault": 0.3231,
        "weapon": 0,
        "pilot_injury": 0.4533,
        "pilot_skill": 0.7922,
        "mission_priority": 0.8386,
        "estimated_landing_time": 2262.0,
        "wait_time": 0,
        "Landing_success_rate": 0.9219
    },
    {
        "model": 1,
        "sequence": 16,
        "status": 1,
        "fuel": 6052,
        "fault": 0.6869,
        "weapon": 0,
        "pilot_injury": 0.274,
        "pilot_skill": 0.3148,
        "mission_priority": 0.1168,
        "estimated_landing_time": 1510.0,
        "wait_time": 0,
        "Landing_success_rate": 0.863
    },
    {
        "model": 0,
        "sequence": 5,
        "status": 1,
        "fuel": 5981,
        "fault": 0.6274,
        "weapon": 0,
        "pilot_injury": 0.4553,
        "pilot_skill": 0.9084,
        "mission_priority": 0.1045,
        "estimated_landing_time": 476.0,
        "wait_time": 0,
        "Landing_success_rate": 0.8634
    },
    {
        "model": 2,
        "sequence": 21,
        "status": 1,
        "fuel": 6169,
        "fault": 0.3035,
        "weapon": 0,
        "pilot_injury": 0.0958,
        "pilot_skill": 0.9226,
        "mission_priority": 0.5685,
        "estimated_landing_time": 1980.0,
        "wait_time": 0,
        "Landing_success_rate": 0.8849
    },
    {
        "model": 2,
        "sequence": 22,
        "status": 1,
        "fuel": 6963,
        "fault": 0.0624,
        "weapon": 1,
        "pilot_injury": 0.2574,
        "pilot_skill": 0.6935,
        "mission_priority": 0.0397,
        "estimated_landing_time": 2074.0,
        "wait_time": 0,
        "Landing_success_rate": 0.9529
    },
    {
        "model": 2,
        "sequence": 18,
        "status": 1,
        "fuel": 6004,
        "fault": 0.6729,
        "weapon": 0,
        "pilot_injury": 0.6367,
        "pilot_skill": 0.2212,
        "mission_priority": 0.6771,
        "estimated_landing_time": 1698.0,
        "wait_time": 0,
        "Landing_success_rate": 0.8624
    },
    {
        "model": 0,
        "sequence": 20,
        "status": 1,
        "fuel": 6002,
        "fault": 0.3005,
        "weapon": 1,
        "pilot_injury": 0.6177,
        "pilot_skill": 0.4563,
        "mission_priority": 0.8941,
        "estimated_landing_time": 1886.0,
        "wait_time": 0,
        "Landing_success_rate": 0.8763
    },
    {
        "model": 0,
        "sequence": 23,
        "status": 1,
        "fuel": 6213,
        "fault": 0.2499,
        "weapon": 1,
        "pilot_injury": 0.8014,
        "pilot_skill": 0.4105,
        "mission_priority": 0.2301,
        "estimated_landing_time": 2168.0,
        "wait_time": 0,
        "Landing_success_rate": 0.8901
    },
    {
        "model": 0,
        "sequence": 3,
        "status": 1,
        "fuel": 7465,
        "fault": 0.2136,
        "weapon": 1,
        "pilot_injury": 0.2276,
        "pilot_skill": 0.5244,
        "mission_priority": 0.8061,
        "estimated_landing_time": 288.0,
        "wait_time": 0,
        "Landing_success_rate": 0.9659
    },
    {
        "model": 1,
        "sequence": 6,
        "status": 1,
        "fuel": 7399,
        "fault": 0.6422,
        "weapon": 1,
        "pilot_injury": 0.7939,
        "pilot_skill": 0.8744,
        "mission_priority": 0.851,
        "estimated_landing_time": 570.0,
        "wait_time": 0,
        "Landing_success_rate": 0.901
    },
    {
        "model": 2,
        "sequence": 8,
        "status": 1,
        "fuel": 6398,
        "fault": 0.2714,
        "weapon": 0,
        "pilot_injury": 0.8119,
        "pilot_skill": 0.5335,
        "mission_priority": 0.0528,
        "estimated_landing_time": 758.0,
        "wait_time": 0,
        "Landing_success_rate": 0.8991
    },
    {
        "model": 2,
        "sequence": 17,
        "status": 1,
        "fuel": 5948,
        "fault": 0.2683,
        "weapon": 1,
        "pilot_injury": 0.8879,
        "pilot_skill": 0.1023,
        "mission_priority": 0.7441,
        "estimated_landing_time": 1604.0,
        "wait_time": 0,
        "Landing_success_rate": 0.8746
    },
    {
        "model": 1,
        "sequence": 15,
        "status": 1,
        "fuel": 5728,
        "fault": 0.7075,
        "weapon": 0,
        "pilot_injury": 0.4716,
        "pilot_skill": 0.711,
        "mission_priority": 0.439,
        "estimated_landing_time": 1416.0,
        "wait_time": 0,
        "Landing_success_rate": 0.855
    },
    {
        "model": 1,
        "sequence": 7,
        "status": 1,
        "fuel": 6094,
        "fault": 0.1757,
        "weapon": 1,
        "pilot_injury": 0.9116,
        "pilot_skill": 0.6525,
        "mission_priority": 0.7738,
        "estimated_landing_time": 664.0,
        "wait_time": 0,
        "Landing_success_rate": 0.8867
    },
    {
        "model": 0,
        "sequence": 4,
        "status": 1,
        "fuel": 6958,
        "fault": 0.3363,
        "weapon": 1,
        "pilot_injury": 0.6428,
        "pilot_skill": 0.3278,
        "mission_priority": 0.8601,
        "estimated_landing_time": 382.0,
        "wait_time": 0,
        "Landing_success_rate": 0.9226
    },
    {
        "model": 0,
        "sequence": 2,
        "status": 1,
        "fuel": 6847,
        "fault": 0.2571,
        "weapon": 1,
        "pilot_injury": 0.3967,
        "pilot_skill": 0.9381,
        "mission_priority": 0.1531,
        "estimated_landing_time": 194.0,
        "wait_time": 0,
        "Landing_success_rate": 0.9251
    },
    {
        "model": 0,
        "sequence": 19,
        "status": 1,
        "fuel": 6077,
        "fault": 0.4811,
        "weapon": 0,
        "pilot_injury": 0.8203,
        "pilot_skill": 0.2093,
        "mission_priority": 0.2409,
        "estimated_landing_time": 1792.0,
        "wait_time": 0,
        "Landing_success_rate": 0.8725
    },
    {
        "model": 0,
        "sequence": 10,
        "status": 1,
        "fuel": 6598,
        "fault": 0.4148,
        "weapon": 1,
        "pilot_injury": 0.0692,
        "pilot_skill": 0.3312,
        "mission_priority": 0.2825,
        "estimated_landing_time": 946.0,
        "wait_time": 0,
        "Landing_success_rate": 0.8982
    },
    {
        "model": 0,
        "sequence": 14,
        "status": 1,
        "fuel": 6197,
        "fault": 0.6095,
        "weapon": 0,
        "pilot_injury": 0.5329,
        "pilot_skill": 0.931,
        "mission_priority": 0.9514,
        "estimated_landing_time": 1322.0,
        "wait_time": 0,
        "Landing_success_rate": 0.8704
    },
    {
        "model": 0,
        "sequence": 12,
        "status": 1,
        "fuel": 7030,
        "fault": 0.1418,
        "weapon": 0,
        "pilot_injury": 0.7388,
        "pilot_skill": 0.893,
        "mission_priority": 0.4479,
        "estimated_landing_time": 1134.0,
        "wait_time": 0,
        "Landing_success_rate": 0.9485
    }
]