[
    {
        "model": 2,
        "sequence": 23,
        "status": 1,
        "fuel": 6154,
        "fault": 0.9645,
        "weapon": 1,
        "pilot_injury": 0.2212,
        "pilot_skill": 0.9868,
        "mission_priority": 0.306,
        "estimated_landing_time": 2168.0,
        "wait_time": 0,
        "Landing_success_rate": 0.8517
    },
    {
        "model": 2,
        "sequence": 12,
        "status": 1,
        "fuel": 7040,
        "fault": 0.0425,
        "weapon": 0,
        "pilot_injury": 0.858,
        "pilot_skill": 0.6781,
        "mission_priority": 0.2961,
        "estimated_landing_time": 1134.0,
        "wait_time": 0,
        "Landing_success_rate": 0.9606
    },
    {
        "model": 0,
        "sequence": 5,
        "status": 1,
        "fuel": 6404,
        "fault": 0.9753,
        "weapon": 1,
        "pilot_injury": 0.7281,
        "pilot_skill": 0.6665,
        "mission_priority": 0.8708,
        "estimated_landing_time": 476.0,
        "wait_time": 0,
        "Landing_success_rate": 0.8517
    },
    {
        "model": 0,
        "sequence": 17,
        "status": 1,
        "fuel": 6300,
        "fault": 0.7393,
        "weapon": 1,
        "pilot_injury": 0.4299,
        "pilot_skill": 0.6416,
        "mission_priority": 0.8182,
        "estimated_landing_time": 1604.0,
        "wait_time": 0,
        "Landing_success_rate": 0.8656
    },
    {
        "model": 1,
        "sequence": 10,
        "status": 1,
        "fuel": 6156,
        "fault": 0.6702,
        "weapon": 0,
        "pilot_injury": 0.1829,
        "pilot_skill": 0.4702,
        "mission_priority": 0.872,
        "estimated_landing_time": 946.0,
        "wait_time": 0,
        "Landing_success_rate": 0.8662
    },
    {
        "model": 2,
        "sequence": 14,
        "status": 1,
        "fuel": 7402,
        "fault": 0.0679,
        "weapon": 1,
        "pilot_injury": 0.1326,
        "pilot_skill": 0.3951,
        "mission_priority": 0.1771,
        "estimated_landing_time": 1322.0,
        "wait_time": 0,
        "Landing_success_rate": 0.983
    },
    {
        "model": 0,
        "sequence": 16,
        "status": 1,
        "fuel": 6873,
        "fault": 0.2778,
        "weapon": 1,
        "pilot_injury": 0.9932,
        "pilot_skill": 0.9948,
        "mission_priority": 0.1148,
        "estimated_landing_time": 1510.0,
        "wait_time": 0,
        "Landing_success_rate": 0.9244
    },
    {
        "model": 0,
        "sequence": 20,
        "status": 1,
        "fuel": 7310,
        "fault": 0.1604,
        "weapon": 1,
        "pilot_injury": 0.0302,
        "pilot_skill": 0.1053,
        "mission_priority": 0.9655,
        "estimated_landing_time": 1886.0,
        "wait_time": 0,
        "Landing_success_rate": 0.964
    },
    {
        "model": 0,
        "sequence": 22,
        "status": 1,
        "fuel": 7266,
        "fault": 0.7564,
        "weapon": 1,
        "pilot_injury": 0.1617,
        "pilot_skill": 0.2405,
        "mission_priority": 0.5155,
        "estimated_landing_time": 2074.0,
        "wait_time": 0,
        "Landing_success_rate": 0.8823
    },
    {
        "model": 1,
        "sequence": 1,
        "status": 1,
        "fuel": 5923,
        "fault": 0.3429,
        "weapon": 0,
        "pilot_injury": 0.7566,
        "pilot_skill": 0.3096,
        "mission_priority": 0.9221,
        "estimated_landing_time": 100.0,
        "wait_time": 0,
        "Landing_success_rate": 0.8708
    },
    {
        "model": 2,
        "sequence": 24,
        "status": 1,
        "fuel": 6177,
        "fault": 0.5866,
        "weapon": 1,
        "pilot_injury": 0.7899,
        "pilot_skill": 0.8179,
        "mission_priority": 0.2905,
        "estimated_landing_time": 2262.0,
        "wait_time": 0,
        "Landing_success_rate": 0.871
    },
    {
        "model": 1,
        "sequence": 21,
        "status": 1,
        "fuel": 5589,
        "fault": 0.2422,
        "weapon": 1,
        "pilot_injury": 0.1647,
        "pilot_skill": 0.0422,
        "mission_priority": 0.4541,
        "estimated_landing_time": 1980.0,
        "wait_time": 0,
        "Landing_success_rate": 0.8551
    },
    {
        "model": 2,
        "sequence": 7,
        "status": 1,
        "fuel": 7437,
        "fault": 0.4618,
        "weapon": 1,
        "pilot_injury": 0.9195,
        "pilot_skill": 0.5332,
        "mission_priority": 0.1001,
        "estimated_landing_time": 664.0,
        "wait_time": 0,
        "Landing_success_rate": 0.9282
    },
    {
        "model": 2,
        "sequence": 8,
        "status": 1,
        "fuel": 6018,
        "fault": 0.634,
        "weapon": 1,
        "pilot_injury": 0.0933,
        "pilot_skill": 0.1727,
        "mission_priority": 0.0123,
        "estimated_landing_time": 758.0,
        "wait_time": 0,
        "Landing_success_rate": 0.8642
    },
    {
        "model": 0,
        "sequence": 3,
        "status": 1,
        "fuel": 6939,
        "fault": 0.4347,
        "weapon": 0,
        "pilot_injury": 0.6707,
        "pilot_skill": 0.982,
        "mission_priority": 0.063,
        "estimated_landing_time": 288.0,
        "wait_time": 0,
        "Landing_success_rate": 0.911
    },
    {
        "model": 0,
        "sequence": 18,
        "status": 1,
        "fuel": 6607,
        "fault": 0.0306,
        "weapon": 1,
        "pilot_injury": 0.3142,
        "pilot_skill": 0.9735,
        "mission_priority": 0.2879,
        "estimated_landing_time": 1698.0,
        "wait_time": 0,
        "Landing_success_rate": 0.9305
    },
    {
        "model": 0,
        "sequence": 19,
        "status": 1,
        "fuel": 5867,
        "fault": 0.5319,
        "weapon": 0,
        "pilot_injury": 0.7577,
        "pilot_skill": 0.5635,
        "mission_priority": 0.12,
        "estimated_landing_time": 1792.0,
        "wait_time": 0,
        "Landing_success_rate": 0.8629
    },
    {
        "model": 0,
        "sequence": 11,
        "status": 1,
        "fuel": 6691,
        "fault": 0.5643,
        "weapon": 0,
        "pilot_injury": 0.7922,
        "pilot_skill": 0.7581,
        "mission_priority": 0.9106,
        "estimated_landing_time": 1040.0,
        "wait_time": 0,
        "Landing_success_rate": 0.8889
    },
    {
        "model": 0,
        "sequence": 13,
        "status": 1,
        "fuel": 5716,
        "fault": 0.7075,
        "weapon": 1,
        "pilot_injury": 0.9385,
        "pilot_skill": 0.7893,
        "mission_priority": 0.1302,
        "estimated_landing_time": 1228.0,
        "wait_time": 0,
        "Landing_success_rate": 0.8547
    },
    {
        "model": 2,
        "sequence": 4,
        "status": 1,
        "fuel": 6783,
        "fault": 0.7856,
        "weapon": 0,
        "pilot_injury": 0.6287,
        "pilot_skill": 0.6297,
        "mission_priority": 0.9869,
        "estimated_landing_time": 382.0,
        "wait_time": 0,
        "Landing_success_rate": 0.8706
    },
    {
        "model": 0,
        "sequence": 9,
        "status": 1,
        "fuel": 5566,
        "fault": 0.4742,
        "weapon": 1,
        "pilot_injury": 0.6244,
        "pilot_skill": 0.8256,
        "mission_priority": 0.9368,
        "estimated_landing_time": 852.0,
        "wait_time": 0,
        "Landing_success_rate": 0.8526
    },
    {
        "model": 0,
        "sequence": 2,
        "status": 1,
        "fuel": 6396,
        "fault": 0.8864,
        "weapon": 1,
        "pilot_injury": 0.6349,
        "pilot_skill": 0.8563,
        "mission_priority": 0.4906,
        "estimated_landing_time": 194.0,
        "wait_time": 0,
        "Landing_success_rate": 0.8576
    },
    {
        "model": 1,
        "sequence": 6,
        "status": 1,
        "fuel": 7207,
        "fault": 0.0061,
        "weapon": 1,
        "pilot_injury": 0.0002,
        "pilot_skill": 0.7182,
        "mission_priority": 0.1111,
        "estimated_landing_time": 570.0,
        "wait_time": 0,
        "Landing_success_rate": 0.9772
    },
    {
        "model": 1,
        "sequence": 15,
        "status": 1,
        "fuel": 6812,
        "fault": 0.9588,
        "weapon": 0,
        "pilot_injury": 0.5604,
        "pilot_skill": 0.398,
        "mission_priority": 0.6747,
        "estimated_landing_time": 1416.0,
        "wait_time": 0,
        "Landing_success_rate": 0.8541
    }
]