[
    {
        "model": 0,
        "sequence": 15,
        "status": 1,
        "fuel": 6825,
        "fault": 0.8038,
        "weapon": 0,
        "pilot_injury": 0.4785,
        "pilot_skill": 0.7806,
        "mission_priority": 0.3036,
        "estimated_landing_time": 1416.0,
        "wait_time": 0,
        "Landing_success_rate": 0.8695
    },
    {
        "model": 0,
        "sequence": 1,
        "status": 1,
        "fuel": 7443,
        "fault": 0.624,
        "weapon": 1,
        "pilot_injury": 0.1742,
        "pilot_skill": 0.8754,
        "mission_priority": 0.4417,
        "estimated_landing_time": 100.0,
        "wait_time": 0,
        "Landing_success_rate": 0.9048
    },
    {
        "model": 1,
        "sequence": 12,
        "status": 1,
        "fuel": 6234,
        "fault": 0.3065,
        "weapon": 0,
        "pilot_injury": 0.7152,
        "pilot_skill": 0.2819,
        "mission_priority": 0.3638,
        "estimated_landing_time": 1134.0,
        "wait_time": 0,
        "Landing_success_rate": 0.8882
    },
    {
        "model": 1,
        "sequence": 3,
        "status": 1,
        "fuel": 6289,
        "fault": 0.725,
        "weapon": 1,
        "pilot_injury": 0.5472,
        "pilot_skill": 0.9918,
        "mission_priority": 0.6642,
        "estimated_landing_time": 288.0,
        "wait_time": 0,
        "Landing_success_rate": 0.8663
    },
    {
        "model": 0,
        "sequence": 9,
        "status": 1,
        "fuel": 5605,
        "fault": 0.3139,
        "weapon": 0,
        "pilot_injury": 0.1264,
        "pilot_skill": 0.5626,
        "mission_priority": 0.7652,
        "estimated_landing_time": 852.0,
        "wait_time": 0,
        "Landing_success_rate": 0.8554
    },
    {
        "model": 2,
        "sequence": 19,
        "status": 1,
        "fuel": 5539,
        "fault": 0.3715,
        "weapon": 0,
        "pilot_injury": 0.5228,
        "pilot_skill": 0.4709,
        "mission_priority": 0.6561,
        "estimated_landing_time": 1792.0,
        "wait_time": 0,
        "Landing_success_rate": 0.8518
    },
    {
        "model": 1,
        "sequence": 23,
        "status": 1,
        "fuel": 7367,
        "fault": 0.4832,
        "weapon": 0,
        "pilot_injury": 0.6581,
        "pilot_skill": 0.117,
        "mission_priority": 0.7997,
        "estimated_landing_time": 2168.0,
        "wait_time": 0,
        "Landing_success_rate": 0.9224
    },
    {
        "model": 2,
        "sequence": 21,
        "status": 1,
        "fuel": 6411,
        "fault": 0.3282,
        "weapon": 1,
        "pilot_injury": 0.4161,
        "pilot_skill": 0.5139,
        "mission_priority": 0.9033,
        "estimated_landing_time": 1980.0,
        "wait_time": 0,
        "Landing_success_rate": 0.8959
    },
    {
        "model": 1,
        "sequence": 2,
        "status": 1,
        "fuel": 6376,
        "fault": 0.9514,
        "weapon": 0,
        "pilot_injury": 0.5101,
        "pilot_skill": 0.7362,
        "mission_priority": 0.5129,
        "estimated_landing_time": 194.0,
        "wait_time": 0,
        "Landing_success_rate": 0.8532
    },
    {
        "model": 1,
        "sequence": 22,
        "status": 1,
        "fuel": 5769,
        "fault": 0.6447,
        "weapon": 1,
        "pilot_injury": 0.9702,
        "pilot_skill": 0.9323,
        "mission_priority": 0.7416,
        "estimated_landing_time": 2074.0,
        "wait_time": 0,
        "Landing_success_rate": 0.8572
    },
    {
        "model": 2,
        "sequence": 6,
        "status": 1,
        "fuel": 6710,
        "fault": 0.1412,
        "weapon": 1,
        "pilot_injury": 0.8547,
        "pilot_skill": 0.1653,
        "mission_priority": 0.8543,
        "estimated_landing_time": 570.0,
        "wait_time": 0,
        "Landing_success_rate": 0.9279
    },
    {
        "model": 1,
        "sequence": 20,
        "status": 1,
        "fuel": 7166,
        "fault": 0.1828,
        "weapon": 1,
        "pilot_injury": 0.9032,
        "pilot_skill": 0.6039,
        "mission_priority": 0.5766,
        "estimated_landing_time": 1886.0,
        "wait_time": 0,
        "Landing_success_rate": 0.9521
    },
    {
        "model": 1,
        "sequence": 5,
        "status": 1,
        "fuel": 5746,
        "fault": 0.5713,
        "weapon": 0,
        "pilot_injury": 0.7856,
        "pilot_skill": 0.2528,
        "mission_priority": 0.9389,
        "estimated_landing_time": 476.0,
        "wait_time": 0,
        "Landing_success_rate": 0.8579
    },
    {
        "model": 2,
        "sequence": 18,
        "status": 1,
        "fuel": 7291,
        "fault": 0.087,
        "weapon": 0,
        "pilot_injury": 0.7295,
        "pilot_skill": 0.5732,
        "mission_priority": 0.3376,
        "estimated_landing_time": 1698.0,
        "wait_time": 0,
        "Landing_success_rate": 0.9726
    },
    {
        "model": 1,
        "sequence": 16,
        "status": 1,
        "fuel": 5807,
        "fault": 0.6728,
        "weapon": 0,
        "pilot_injury": 0.2526,
        "pilot_skill": 0.5201,
        "mission_priority": 0.522,
        "estimated_landing_time": 1510.0,
        "wait_time": 0,
        "Landing_success_rate": 0.8575
    },
    {
        "model": 1,
        "sequence": 13,
        "status": 1,
        "fuel": 5882,
        "fault": 0.2632,
        "weapon": 0,
        "pilot_injury": 0.6235,
        "pilot_skill": 0.6003,
        "mission_priority": 0.0535,
        "estimated_landing_time": 1228.0,
        "wait_time": 0,
        "Landing_success_rate": 0.8711
    },
    {
        "model": 1,
        "sequence": 4,
        "status": 1,
        "fuel": 5999,
        "fault": 0.7503,
        "weapon": 1,
        "pilot_injury": 0.2654,
        "pilot_skill": 0.5543,
        "mission_priority": 0.1995,
        "estimated_landing_time": 382.0,
        "wait_time": 0,
        "Landing_success_rate": 0.8593
    },
    {
        "model": 2,
        "sequence": 17,
        "status": 1,
        "fuel": 7443,
        "fault": 0.4861,
        "weapon": 1,
        "pilot_injury": 0.9485,
        "pilot_skill": 0.9447,
        "mission_priority": 0.6099,
        "estimated_landing_time": 1604.0,
        "wait_time": 0,
        "Landing_success_rate": 0.9249
    },
    {
        "model": 0,
        "sequence": 7,
        "status": 1,
        "fuel": 5814,
        "fault": 0.2381,
        "weapon": 0,
        "pilot_injury": 0.5899,
        "pilot_skill": 0.0064,
        "mission_priority": 0.7725,
        "estimated_landing_time": 664.0,
        "wait_time": 0,
        "Landing_success_rate": 0.8679
    },
    {
        "model": 2,
        "sequence": 10,
        "status": 1,
        "fuel": 7224,
        "fault": 0.1545,
        "weapon": 1,
        "pilot_injury": 0.7604,
        "pilot_skill": 0.5129,
        "mission_priority": 0.7041,
        "estimated_landing_time": 946.0,
        "wait_time": 0,
        "Landing_success_rate": 0.9593
    },
    {
        "model": 0,
        "sequence": 24,
        "status": 1,
        "fuel": 5512,
        "fault": 0.7694,
        "weapon": 0,
        "pilot_injury": 0.7081,
        "pilot_skill": 0.4757,
        "mission_priority": 0.6744,
        "estimated_landing_time": 2262.0,
        "wait_time": 0,
        "Landing_success_rate": 0.8502
    },
    {
        "model": 1,
        "sequence": 14,
        "status": 1,
        "fuel": 6105,
        "fault": 0.2044,
        "weapon": 0,
        "pilot_injury": 0.6466,
        "pilot_skill": 0.2267,
        "mission_priority": 0.67,
        "estimated_landing_time": 1322.0,
        "wait_time": 0,
        "Landing_success_rate": 0.8861
    },
    {
        "model": 0,
        "sequence": 11,
        "status": 1,
        "fuel": 6703,
        "fault": 0.5099,
        "weapon": 0,
        "pilot_injury": 0.1234,
        "pilot_skill": 0.6263,
        "mission_priority": 0.2785,
        "estimated_landing_time": 1040.0,
        "wait_time": 0,
        "Landing_success_rate": 0.8942
    },
    {
        "model": 2,
        "sequence": 8,
        "status": 1,
        "fuel": 7348,
        "fault": 0.4382,
        "weapon": 1,
        "pilot_injury": 0.9964,
        "pilot_skill": 0.796,
        "mission_priority": 0.7537,
        "estimated_landing_time": 758.0,
        "wait_time": 0,
        "Landing_success_rate": 0.9279
    }
]