[
    {
        "model": 2,
        "sequence": 11,
        "status": 1,
        "fuel": 6796,
        "fault": 0.3025,
        "weapon": 0,
        "pilot_injury": 0.8713,
        "pilot_skill": 0.7851,
        "mission_priority": 0.2737,
        "estimated_landing_time": 1040.0,
        "wait_time": 0,
        "Landing_success_rate": 0.9178
    },
    {
        "model": 0,
        "sequence": 10,
        "status": 1,
        "fuel": 6017,
        "fault": 0.6903,
        "weapon": 0,
        "pilot_injury": 0.8533,
        "pilot_skill": 0.3282,
        "mission_priority": 0.0538,
        "estimated_landing_time": 946.0,
        "wait_time": 0,
        "Landing_success_rate": 0.862
    },
    {
        "model": 0,
        "sequence": 13,
        "status": 1,
        "fuel": 6185,
        "fault": 0.6457,
        "weapon": 1,
        "pilot_injury": 0.2436,
        "pilot_skill": 0.306,
        "mission_priority": 0.0637,
        "estimated_landing_time": 1228.0,
        "wait_time": 0,
        "Landing_success_rate": 0.8682
    },
    {
        "model": 1,
        "sequence": 5,
        "status": 1,
        "fuel": 6598,
        "fault": 0.8614,
        "weapon": 1,
        "pilot_injury": 0.4454,
        "pilot_skill": 0.0843,
        "mission_priority": 0.6827,
        "estimated_landing_time": 476.0,
        "wait_time": 0,
        "Landing_success_rate": 0.8614
    },
    {
        "model": 0,
        "sequence": 18,
        "status": 1,
        "fuel": 7394,
        "fault": 0.7518,
        "weapon": 1,
        "pilot_injury": 0.8713,
        "pilot_skill": 0.2894,
        "mission_priority": 0.7832,
        "estimated_landing_time": 1698.0,
        "wait_time": 0,
        "Landing_success_rate": 0.8853
    },
    {
        "model": 0,
        "sequence": 2,
        "status": 1,
        "fuel": 6850,
        "fault": 0.1317,
        "weapon": 0,
        "pilot_injury": 0.5978,
        "pilot_skill": 0.082,
        "mission_priority": 0.6468,
        "estimated_landing_time": 194.0,
        "wait_time": 0,
        "Landing_success_rate": 0.9379
    },
    {
        "model": 1,
        "sequence": 20,
        "status": 1,
        "fuel": 6558,
        "fault": 0.873,
        "weapon": 1,
        "pilot_injury": 0.3071,
        "pilot_skill": 0.8597,
        "mission_priority": 0.9595,
        "estimated_landing_time": 1886.0,
        "wait_time": 0,
        "Landing_success_rate": 0.8601
    },
    {
        "model": 2,
        "sequence": 8,
        "status": 1,
        "fuel": 5963,
        "fault": 0.8491,
        "weapon": 1,
        "pilot_injury": 0.1945,
        "pilot_skill": 0.8206,
        "mission_priority": 0.6766,
        "estimated_landing_time": 758.0,
        "wait_time": 0,
        "Landing_success_rate": 0.8552
    },
    {
        "model": 1,
        "sequence": 21,
        "status": 1,
        "fuel": 7452,
        "fault": 0.1892,
        "weapon": 1,
        "pilot_injury": 0.5778,
        "pilot_skill": 0.3079,
        "mission_priority": 0.4772,
        "estimated_landing_time": 1980.0,
        "wait_time": 0,
        "Landing_success_rate": 0.9687
    },
    {
        "model": 2,
        "sequence": 23,
        "status": 1,
        "fuel": 6955,
        "fault": 0.8287,
        "weapon": 1,
        "pilot_injury": 0.9325,
        "pilot_skill": 0.9339,
        "mission_priority": 0.4022,
        "estimated_landing_time": 2168.0,
        "wait_time": 0,
        "Landing_success_rate": 0.8687
    },
    {
        "model": 1,
        "sequence": 1,
        "status": 1,
        "fuel": 6793,
        "fault": 0.671,
        "weapon": 0,
        "pilot_injury": 0.9222,
        "pilot_skill": 0.142,
        "mission_priority": 0.3042,
        "estimated_landing_time": 100.0,
        "wait_time": 0,
        "Landing_success_rate": 0.8819
    },
    {
        "model": 2,
        "sequence": 24,
        "status": 1,
        "fuel": 7151,
        "fault": 0.1126,
        "weapon": 1,
        "pilot_injury": 0.3063,
        "pilot_skill": 0.3261,
        "mission_priority": 0.0709,
        "estimated_landing_time": 2262.0,
        "wait_time": 0,
        "Landing_success_rate": 0.9599
    },
    {
        "model": 1,
        "sequence": 7,
        "status": 1,
        "fuel": 6550,
        "fault": 0.6792,
        "weapon": 1,
        "pilot_injury": 0.2331,
        "pilot_skill": 0.6952,
        "mission_priority": 0.6296,
        "estimated_landing_time": 664.0,
        "wait_time": 0,
        "Landing_success_rate": 0.8753
    },
    {
        "model": 2,
        "sequence": 22,
        "status": 1,
        "fuel": 6472,
        "fault": 0.2983,
        "weapon": 1,
        "pilot_injury": 0.9776,
        "pilot_skill": 0.5826,
        "mission_priority": 0.9955,
        "estimated_landing_time": 2074.0,
        "wait_time": 0,
        "Landing_success_rate": 0.9012
    },
    {
        "model": 1,
        "sequence": 6,
        "status": 1,
        "fuel": 7407,
        "fault": 0.5443,
        "weapon": 0,
        "pilot_injury": 0.0562,
        "pilot_skill": 0.2556,
        "mission_priority": 0.5276,
        "estimated_landing_time": 570.0,
        "wait_time": 0,
        "Landing_success_rate": 0.9152
    },
    {
        "model": 2,
        "sequence": 19,
        "status": 1,
        "fuel": 6872,
        "fault": 0.5205,
        "weapon": 1,
        "pilot_injury": 0.4626,
        "pilot_skill": 0.0333,
        "mission_priority": 0.1219,
        "estimated_landing_time": 1792.0,
        "wait_time": 0,
        "Landing_success_rate": 0.8993
    },
    {
        "model": 1,
        "sequence": 17,
        "status": 1,
        "fuel": 6420,
        "fault": 0.1384,
        "weapon": 1,
        "pilot_injury": 0.3968,
        "pilot_skill": 0.474,
        "mission_priority": 0.4513,
        "estimated_landing_time": 1604.0,
        "wait_time": 0,
        "Landing_success_rate": 0.9095
    },
    {
        "model": 0,
        "sequence": 14,
        "status": 1,
        "fuel": 7124,
        "fault": 0.5954,
        "weapon": 0,
        "pilot_injury": 0.468,
        "pilot_skill": 0.4107,
        "mission_priority": 0.8176,
        "estimated_landing_time": 1322.0,
        "wait_time": 0,
        "Landing_success_rate": 0.8993
    },
    {
        "model": 2,
        "sequence": 3,
        "status": 1,
        "fuel": 7008,
        "fault": 0.8203,
        "weapon": 1,
        "pilot_injury": 0.6735,
        "pilot_skill": 0.1374,
        "mission_priority": 0.2769,
        "estimated_landing_time": 288.0,
        "wait_time": 0,
        "Landing_success_rate": 0.8703
    },
    {
        "model": 1,
        "sequence": 12,
        "status": 1,
        "fuel": 6002,
        "fault": 0.7521,
        "weapon": 0,
        "pilot_injury": 0.6608,
        "pilot_skill": 0.7464,
        "mission_priority": 0.3116,
        "estimated_landing_time": 1134.0,
        "wait_time": 0,
        "Landing_success_rate": 0.8593
    },
    {
        "model": 2,
        "sequence": 15,
        "status": 1,
        "fuel": 5824,
        "fault": 0.2596,
        "weapon": 1,
        "pilot_injury": 0.345,
        "pilot_skill": 0.0547,
        "mission_priority": 0.2042,
        "estimated_landing_time": 1416.0,
        "wait_time": 0,
        "Landing_success_rate": 0.868
    },
    {
        "model": 2,
        "sequence": 4,
        "status": 1,
        "fuel": 6208,
        "fault": 0.8621,
        "weapon": 1,
        "pilot_injury": 0.0002,
        "pilot_skill": 0.915,
        "mission_priority": 0.8439,
        "estimated_landing_time": 382.0,
        "wait_time": 0,
        "Landing_success_rate": 0.8573
    },
    {
        "model": 1,
        "sequence": 9,
        "status": 1,
        "fuel": 6801,
        "fault": 0.8222,
        "weapon": 0,
        "pilot_injury": 0.1204,
        "pilot_skill": 0.0676,
        "mission_priority": 0.724,
        "estimated_landing_time": 852.0,
        "wait_time": 0,
        "Landing_success_rate": 0.8673
    },
    {
        "model": 2,
        "sequence": 16,
        "status": 1,
        "fuel": 6460,
        "fault": 0.2318,
        "weapon": 0,
        "pilot_injury": 0.1191,
        "pilot_skill": 0.5124,
        "mission_priority": 0.3488,
        "estimated_landing_time": 1510.0,
        "wait_time": 0,
        "Landing_success_rate": 0.9053
    }
]