[
    {
        "model": 1,
        "sequence": 11,
        "status": 1,
        "fuel": 7320,
        "fault": 0.7279,
        "weapon": 1,
        "pilot_injury": 0.1317,
        "pilot_skill": 0.726,
        "mission_priority": 0.8178,
        "estimated_landing_time": 1040.0,
        "wait_time": 0,
        "Landing_success_rate": 0.8871
    },
    {
        "model": 0,
        "sequence": 14,
        "status": 1,
        "fuel": 7130,
        "fault": 0.4884,
        "weapon": 0,
        "pilot_injury": 0.8407,
        "pilot_skill": 0.7328,
        "mission_priority": 0.5422,
        "estimated_landing_time": 1322.0,
        "wait_time": 0,
        "Landing_success_rate": 0.9125
    },
    {
        "model": 0,
        "sequence": 16,
        "status": 1,
        "fuel": 7224,
        "fault": 0.7434,
        "weapon": 0,
        "pilot_injury": 0.2975,
        "pilot_skill": 0.565,
        "mission_priority": 0.6889,
        "estimated_landing_time": 1510.0,
        "wait_time": 0,
        "Landing_success_rate": 0.8832
    },
    {
        "model": 2,
        "sequence": 1,
        "status": 1,
        "fuel": 7330,
        "fault": 0.5772,
        "weapon": 0,
        "pilot_injury": 0.7611,
        "pilot_skill": 0.1601,
        "mission_priority": 0.4616,
        "estimated_landing_time": 100.0,
        "wait_time": 0,
        "Landing_success_rate": 0.908
    },
    {
        "model": 1,
        "sequence": 18,
        "status": 1,
        "fuel": 7179,
        "fault": 0.8118,
        "weapon": 1,
        "pilot_injury": 0.7265,
        "pilot_skill": 0.9918,
        "mission_priority": 0.0992,
        "estimated_landing_time": 1698.0,
        "wait_time": 0,
        "Landing_success_rate": 0.8737
    },
    {
        "model": 2,
        "sequence": 6,
        "status": 1,
        "fuel": 6747,
        "fault": 0.8798,
        "weapon": 1,
        "pilot_injury": 0.204,
        "pilot_skill": 0.5551,
        "mission_priority": 0.7331,
        "estimated_landing_time": 570.0,
        "wait_time": 0,
        "Landing_success_rate": 0.8612
    },
    {
        "model": 1,
        "sequence": 22,
        "status": 1,
        "fuel": 5730,
        "fault": 0.615,
        "weapon": 1,
        "pilot_injury": 0.3554,
        "pilot_skill": 0.7838,
        "mission_priority": 0.5542,
        "estimated_landing_time": 2074.0,
        "wait_time": 0,
        "Landing_success_rate": 0.8566
    },
    {
        "model": 2,
        "sequence": 4,
        "status": 1,
        "fuel": 6097,
        "fault": 0.848,
        "weapon": 1,
        "pilot_injury": 0.0353,
        "pilot_skill": 0.7457,
        "mission_priority": 0.2025,
        "estimated_landing_time": 382.0,
        "wait_time": 0,
        "Landing_success_rate": 0.8568
    },
    {
        "model": 0,
        "sequence": 10,
        "status": 1,
        "fuel": 6941,
        "fault": 0.7587,
        "weapon": 1,
        "pilot_injury": 0.3269,
        "pilot_skill": 0.1489,
        "mission_priority": 0.3056,
        "estimated_landing_time": 946.0,
        "wait_time": 0,
        "Landing_success_rate": 0.8761
    },
    {
        "model": 1,
        "sequence": 23,
        "status": 1,
        "fuel": 7347,
        "fault": 0.5021,
        "weapon": 1,
        "pilot_injury": 0.3683,
        "pilot_skill": 0.4486,
        "mission_priority": 0.7221,
        "estimated_landing_time": 2168.0,
        "wait_time": 0,
        "Landing_success_rate": 0.919
    },
    {
        "model": 2,
        "sequence": 19,
        "status": 1,
        "fuel": 6035,
        "fault": 0.2172,
        "weapon": 1,
        "pilot_injury": 0.3915,
        "pilot_skill": 0.4126,
        "mission_priority": 0.6956,
        "estimated_landing_time": 1792.0,
        "wait_time": 0,
        "Landing_success_rate": 0.8814
    },
    {
        "model": 0,
        "sequence": 8,
        "status": 1,
        "fuel": 5904,
        "fault": 0.0291,
        "weapon": 1,
        "pilot_injury": 0.3555,
        "pilot_skill": 0.7942,
        "mission_priority": 0.093,
        "estimated_landing_time": 758.0,
        "wait_time": 0,
        "Landing_success_rate": 0.8794
    },
    {
        "model": 0,
        "sequence": 20,
        "status": 1,
        "fuel": 6642,
        "fault": 0.8743,
        "weapon": 0,
        "pilot_injury": 0.6423,
        "pilot_skill": 0.0649,
        "mission_priority": 0.58,
        "estimated_landing_time": 1886.0,
        "wait_time": 0,
        "Landing_success_rate": 0.8608
    },
    {
        "model": 2,
        "sequence": 13,
        "status": 1,
        "fuel": 6578,
        "fault": 0.7029,
        "weapon": 1,
        "pilot_injury": 0.6035,
        "pilot_skill": 0.6765,
        "mission_priority": 0.805,
        "estimated_landing_time": 1228.0,
        "wait_time": 0,
        "Landing_success_rate": 0.874
    },
    {
        "model": 1,
        "sequence": 5,
        "status": 1,
        "fuel": 5658,
        "fault": 0.0229,
        "weapon": 0,
        "pilot_injury": 0.4983,
        "pilot_skill": 0.0771,
        "mission_priority": 0.0586,
        "estimated_landing_time": 476.0,
        "wait_time": 0,
        "Landing_success_rate": 0.8616
    },
    {
        "model": 1,
        "sequence": 2,
        "status": 1,
        "fuel": 6632,
        "fault": 0.7459,
        "weapon": 1,
        "pilot_injury": 0.7077,
        "pilot_skill": 0.7886,
        "mission_priority": 0.5173,
        "estimated_landing_time": 194.0,
        "wait_time": 0,
        "Landing_success_rate": 0.8716
    },
    {
        "model": 0,
        "sequence": 15,
        "status": 1,
        "fuel": 5931,
        "fault": 0.3735,
        "weapon": 1,
        "pilot_injury": 0.3282,
        "pilot_skill": 0.434,
        "mission_priority": 0.0886,
        "estimated_landing_time": 1416.0,
        "wait_time": 0,
        "Landing_success_rate": 0.8703
    },
    {
        "model": 1,
        "sequence": 9,
        "status": 1,
        "fuel": 7151,
        "fault": 0.0625,
        "weapon": 1,
        "pilot_injury": 0.7357,
        "pilot_skill": 0.9983,
        "mission_priority": 0.9331,
        "estimated_landing_time": 852.0,
        "wait_time": 0,
        "Landing_success_rate": 0.9661
    },
    {
        "model": 1,
        "sequence": 12,
        "status": 1,
        "fuel": 7336,
        "fault": 0.1735,
        "weapon": 1,
        "pilot_injury": 0.6362,
        "pilot_skill": 0.7857,
        "mission_priority": 0.1183,
        "estimated_landing_time": 1134.0,
        "wait_time": 0,
        "Landing_success_rate": 0.9638
    },
    {
        "model": 1,
        "sequence": 17,
        "status": 1,
        "fuel": 7233,
        "fault": 0.9911,
        "weapon": 1,
        "pilot_injury": 0.3838,
        "pilot_skill": 0.5719,
        "mission_priority": 0.5878,
        "estimated_landing_time": 1604.0,
        "wait_time": 0,
        "Landing_success_rate": 0.8512
    },
    {
        "model": 0,
        "sequence": 7,
        "status": 1,
        "fuel": 7028,
        "fault": 0.5655,
        "weapon": 1,
        "pilot_injury": 0.3345,
        "pilot_skill": 0.0262,
        "mission_priority": 0.0242,
        "estimated_landing_time": 664.0,
        "wait_time": 0,
        "Landing_success_rate": 0.8998
    },
    {
        "model": 2,
        "sequence": 3,
        "status": 1,
        "fuel": 5753,
        "fault": 0.5865,
        "weapon": 1,
        "pilot_injury": 0.5181,
        "pilot_skill": 0.2987,
        "mission_priority": 0.9407,
        "estimated_landing_time": 288.0,
        "wait_time": 0,
        "Landing_success_rate": 0.8578
    },
    {
        "model": 1,
        "sequence": 21,
        "status": 1,
        "fuel": 6949,
        "fault": 0.8527,
        "weapon": 1,
        "pilot_injury": 0.8727,
        "pilot_skill": 0.8419,
        "mission_priority": 0.1861,
        "estimated_landing_time": 1980.0,
        "wait_time": 0,
        "Landing_success_rate": 0.866
    },
    {
        "model": 0,
        "sequence": 24,
        "status": 1,
        "fuel": 5548,
        "fault": 0.4352,
        "weapon": 1,
        "pilot_injury": 0.483,
        "pilot_skill": 0.1335,
        "mission_priority": 0.0806,
        "estimated_landing_time": 2262.0,
        "wait_time": 0,
        "Landing_success_rate": 0.852
    }
]