[
    {
        "model": 1,
        "sequence": 13,
        "status": 1,
        "fuel": 5594,
        "fault": 0.477,
        "weapon": 0,
        "pilot_injury": 0.8499,
        "pilot_skill": 0.7262,
        "mission_priority": 0.8418,
        "estimated_landing_time": 1228.0,
        "wait_time": 0,
        "Landing_success_rate": 0.8537
    },
    {
        "model": 0,
        "sequence": 18,
        "status": 1,
        "fuel": 5568,
        "fault": 0.5004,
        "weapon": 0,
        "pilot_injury": 0.6712,
        "pilot_skill": 0.0314,
        "mission_priority": 0.7265,
        "estimated_landing_time": 1698.0,
        "wait_time": 0,
        "Landing_success_rate": 0.8525
    },
    {
        "model": 2,
        "sequence": 10,
        "status": 1,
        "fuel": 5765,
        "fault": 0.871,
        "weapon": 0,
        "pilot_injury": 0.7649,
        "pilot_skill": 0.1746,
        "mission_priority": 0.3223,
        "estimated_landing_time": 946.0,
        "wait_time": 0,
        "Landing_success_rate": 0.8526
    },
    {
        "model": 2,
        "sequence": 12,
        "status": 1,
        "fuel": 6723,
        "fault": 0.5278,
        "weapon": 1,
        "pilot_injury": 0.5126,
        "pilot_skill": 0.9343,
        "mission_priority": 0.5227,
        "estimated_landing_time": 1134.0,
        "wait_time": 0,
        "Landing_success_rate": 0.8933
    },
    {
        "model": 0,
        "sequence": 24,
        "status": 1,
        "fuel": 6784,
        "fault": 0.0736,
        "weapon": 0,
        "pilot_injury": 0.9295,
        "pilot_skill": 0.1724,
        "mission_priority": 0.5796,
        "estimated_landing_time": 2262.0,
        "wait_time": 0,
        "Landing_success_rate": 0.9392
    },
    {
        "model": 0,
        "sequence": 7,
        "status": 1,
        "fuel": 6538,
        "fault": 0.4824,
        "weapon": 0,
        "pilot_injury": 0.4992,
        "pilot_skill": 0.2723,
        "mission_priority": 0.1694,
        "estimated_landing_time": 664.0,
        "wait_time": 0,
        "Landing_success_rate": 0.8903
    },
    {
        "model": 1,
        "sequence": 1,
        "status": 1,
        "fuel": 6327,
        "fault": 0.3062,
        "weapon": 0,
        "pilot_injury": 0.5695,
        "pilot_skill": 0.7384,
        "mission_priority": 0.1415,
        "estimated_landing_time": 100.0,
        "wait_time": 0,
        "Landing_success_rate": 0.893
    },
    {
        "model": 1,
        "sequence": 3,
        "status": 1,
        "fuel": 5758,
        "fault": 0.593,
        "weapon": 0,
        "pilot_injury": 0.1268,
        "pilot_skill": 0.4619,
        "mission_priority": 0.8448,
        "estimated_landing_time": 288.0,
        "wait_time": 0,
        "Landing_success_rate": 0.8579
    },
    {
        "model": 2,
        "sequence": 14,
        "status": 1,
        "fuel": 6219,
        "fault": 0.344,
        "weapon": 1,
        "pilot_injury": 0.7113,
        "pilot_skill": 0.1,
        "mission_priority": 0.0335,
        "estimated_landing_time": 1322.0,
        "wait_time": 0,
        "Landing_success_rate": 0.8854
    },
    {
        "model": 0,
        "sequence": 6,
        "status": 1,
        "fuel": 7122,
        "fault": 0.3553,
        "weapon": 1,
        "pilot_injury": 0.7958,
        "pilot_skill": 0.3402,
        "mission_priority": 0.0065,
        "estimated_landing_time": 570.0,
        "wait_time": 0,
        "Landing_success_rate": 0.9284
    },
    {
        "model": 1,
        "sequence": 11,
        "status": 1,
        "fuel": 7001,
        "fault": 0.5374,
        "weapon": 0,
        "pilot_injury": 0.092,
        "pilot_skill": 0.3267,
        "mission_priority": 0.4372,
        "estimated_landing_time": 1040.0,
        "wait_time": 0,
        "Landing_success_rate": 0.9021
    },
    {
        "model": 2,
        "sequence": 21,
        "status": 1,
        "fuel": 7337,
        "fault": 0.4473,
        "weapon": 1,
        "pilot_injury": 0.0553,
        "pilot_skill": 0.1446,
        "mission_priority": 0.6953,
        "estimated_landing_time": 1980.0,
        "wait_time": 0,
        "Landing_success_rate": 0.9261
    },
    {
        "model": 2,
        "sequence": 15,
        "status": 1,
        "fuel": 7485,
        "fault": 0.4259,
        "weapon": 0,
        "pilot_injury": 0.0547,
        "pilot_skill": 0.4074,
        "mission_priority": 0.1774,
        "estimated_landing_time": 1416.0,
        "wait_time": 0,
        "Landing_success_rate": 0.9355
    },
    {
        "model": 2,
        "sequence": 8,
        "status": 1,
        "fuel": 7451,
        "fault": 0.7482,
        "weapon": 0,
        "pilot_injury": 0.9283,
        "pilot_skill": 0.0548,
        "mission_priority": 0.4216,
        "estimated_landing_time": 758.0,
        "wait_time": 0,
        "Landing_success_rate": 0.8868
    },
    {
        "model": 1,
        "sequence": 22,
        "status": 1,
        "fuel": 6220,
        "fault": 0.9337,
        "weapon": 0,
        "pilot_injury": 0.8065,
        "pilot_skill": 0.1796,
        "mission_priority": 0.9596,
        "estimated_landing_time": 2074.0,
        "wait_time": 0,
        "Landing_success_rate": 0.8536
    },
    {
        "model": 1,
        "sequence": 19,
        "status": 1,
        "fuel": 6660,
        "fault": 0.8101,
        "weapon": 1,
        "pilot_injury": 0.8746,
        "pilot_skill": 0.5639,
        "mission_priority": 0.5164,
        "estimated_landing_time": 1792.0,
        "wait_time": 0,
        "Landing_success_rate": 0.8665
    },
    {
        "model": 0,
        "sequence": 23,
        "status": 1,
        "fuel": 5902,
        "fault": 0.6653,
        "weapon": 1,
        "pilot_injury": 0.1625,
        "pilot_skill": 0.6742,
        "mission_priority": 0.1335,
        "estimated_landing_time": 2168.0,
        "wait_time": 0,
        "Landing_success_rate": 0.8601
    },
    {
        "model": 0,
        "sequence": 20,
        "status": 1,
        "fuel": 5722,
        "fault": 0.3012,
        "weapon": 1,
        "pilot_injury": 0.3774,
        "pilot_skill": 0.4448,
        "mission_priority": 0.0464,
        "estimated_landing_time": 1886.0,
        "wait_time": 0,
        "Landing_success_rate": 0.8616
    },
    {
        "model": 2,
        "sequence": 4,
        "status": 1,
        "fuel": 6712,
        "fault": 0.3026,
        "weapon": 0,
        "pilot_injury": 0.1286,
        "pilot_skill": 0.4458,
        "mission_priority": 0.8154,
        "estimated_landing_time": 382.0,
        "wait_time": 0,
        "Landing_success_rate": 0.9134
    },
    {
        "model": 2,
        "sequence": 17,
        "status": 1,
        "fuel": 6778,
        "fault": 0.4254,
        "weapon": 0,
        "pilot_injury": 0.565,
        "pilot_skill": 0.6697,
        "mission_priority": 0.9614,
        "estimated_landing_time": 1604.0,
        "wait_time": 0,
        "Landing_success_rate": 0.9051
    },
    {
        "model": 1,
        "sequence": 5,
        "status": 1,
        "fuel": 6541,
        "fault": 0.8918,
        "weapon": 1,
        "pilot_injury": 0.0145,
        "pilot_skill": 0.0809,
        "mission_priority": 0.5772,
        "estimated_landing_time": 476.0,
        "wait_time": 0,
        "Landing_success_rate": 0.8584
    },
    {
        "model": 1,
        "sequence": 2,
        "status": 1,
        "fuel": 6310,
        "fault": 0.7133,
        "weapon": 0,
        "pilot_injury": 0.9826,
        "pilot_skill": 0.5278,
        "mission_priority": 0.7879,
        "estimated_landing_time": 194.0,
        "wait_time": 0,
        "Landing_success_rate": 0.8674
    },
    {
        "model": 0,
        "sequence": 9,
        "status": 1,
        "fuel": 5998,
        "fault": 0.1029,
        "weapon": 0,
        "pilot_injury": 0.3387,
        "pilot_skill": 0.47,
        "mission_priority": 0.8579,
        "estimated_landing_time": 852.0,
        "wait_time": 0,
        "Landing_success_rate": 0.8835
    },
    {
        "model": 0,
        "sequence": 16,
        "status": 1,
        "fuel": 6296,
        "fault": 0.3244,
        "weapon": 1,
        "pilot_injury": 0.2298,
        "pilot_skill": 0.7495,
        "mission_priority": 0.6306,
        "estimated_landing_time": 1510.0,
        "wait_time": 0,
        "Landing_success_rate": 0.8903
    }
]