[
    {
        "model": 2,
        "sequence": 7,
        "status": 1,
        "fuel": 5800,
        "fault": 0.5829,
        "weapon": 0,
        "pilot_injury": 0.542,
        "pilot_skill": 0.9397,
        "mission_priority": 0.2205,
        "estimated_landing_time": 664.0,
        "wait_time": 0,
        "Landing_success_rate": 0.8594
    },
    {
        "model": 2,
        "sequence": 12,
        "status": 1,
        "fuel": 6596,
        "fault": 0.8398,
        "weapon": 1,
        "pilot_injury": 0.7394,
        "pilot_skill": 0.2147,
        "mission_priority": 0.665,
        "estimated_landing_time": 1134.0,
        "wait_time": 0,
        "Landing_success_rate": 0.8632
    },
    {
        "model": 2,
        "sequence": 17,
        "status": 1,
        "fuel": 6341,
        "fault": 0.0083,
        "weapon": 1,
        "pilot_injury": 0.327,
        "pilot_skill": 0.8901,
        "mission_priority": 0.0843,
        "estimated_landing_time": 1604.0,
        "wait_time": 0,
        "Landing_success_rate": 0.9126
    },
    {
        "model": 0,
        "sequence": 14,
        "status": 1,
        "fuel": 6932,
        "fault": 0.434,
        "weapon": 0,
        "pilot_injury": 0.8173,
        "pilot_skill": 0.5127,
        "mission_priority": 0.4384,
        "estimated_landing_time": 1322.0,
        "wait_time": 0,
        "Landing_success_rate": 0.9108
    },
    {
        "model": 2,
        "sequence": 18,
        "status": 1,
        "fuel": 6414,
        "fault": 0.5895,
        "weapon": 0,
        "pilot_injury": 0.5469,
        "pilot_skill": 0.6707,
        "mission_priority": 0.7009,
        "estimated_landing_time": 1698.0,
        "wait_time": 0,
        "Landing_success_rate": 0.8781
    },
    {
        "model": 1,
        "sequence": 22,
        "status": 1,
        "fuel": 7016,
        "fault": 0.0914,
        "weapon": 0,
        "pilot_injury": 0.8184,
        "pilot_skill": 0.05,
        "mission_priority": 0.9115,
        "estimated_landing_time": 2074.0,
        "wait_time": 0,
        "Landing_success_rate": 0.9533
    },
    {
        "model": 2,
        "sequence": 20,
        "status": 1,
        "fuel": 6523,
        "fault": 0.2484,
        "weapon": 0,
        "pilot_injury": 0.0158,
        "pilot_skill": 0.0771,
        "mission_priority": 0.9112,
        "estimated_landing_time": 1886.0,
        "wait_time": 0,
        "Landing_success_rate": 0.9077
    },
    {
        "model": 0,
        "sequence": 19,
        "status": 1,
        "fuel": 5702,
        "fault": 0.4589,
        "weapon": 0,
        "pilot_injury": 0.2153,
        "pilot_skill": 0.5971,
        "mission_priority": 0.5948,
        "estimated_landing_time": 1792.0,
        "wait_time": 0,
        "Landing_success_rate": 0.8582
    },
    {
        "model": 1,
        "sequence": 13,
        "status": 1,
        "fuel": 7129,
        "fault": 0.9515,
        "weapon": 1,
        "pilot_injury": 0.885,
        "pilot_skill": 0.3833,
        "mission_priority": 0.4935,
        "estimated_landing_time": 1228.0,
        "wait_time": 0,
        "Landing_success_rate": 0.8559
    },
    {
        "model": 2,
        "sequence": 8,
        "status": 1,
        "fuel": 5818,
        "fault": 0.5443,
        "weapon": 1,
        "pilot_injury": 0.3974,
        "pilot_skill": 0.5136,
        "mission_priority": 0.2534,
        "estimated_landing_time": 758.0,
        "wait_time": 0,
        "Landing_success_rate": 0.8609
    },
    {
        "model": 2,
        "sequence": 24,
        "status": 1,
        "fuel": 6102,
        "fault": 0.5214,
        "weapon": 0,
        "pilot_injury": 0.7707,
        "pilot_skill": 0.4275,
        "mission_priority": 0.2062,
        "estimated_landing_time": 2262.0,
        "wait_time": 0,
        "Landing_success_rate": 0.8716
    },
    {
        "model": 2,
        "sequence": 3,
        "status": 1,
        "fuel": 7142,
        "fault": 0.5383,
        "weapon": 0,
        "pilot_injury": 0.8652,
        "pilot_skill": 0.9153,
        "mission_priority": 0.8598,
        "estimated_landing_time": 288.0,
        "wait_time": 0,
        "Landing_success_rate": 0.9069
    },
    {
        "model": 1,
        "sequence": 23,
        "status": 1,
        "fuel": 7373,
        "fault": 0.7874,
        "weapon": 0,
        "pilot_injury": 0.4113,
        "pilot_skill": 0.8737,
        "mission_priority": 0.638,
        "estimated_landing_time": 2168.0,
        "wait_time": 0,
        "Landing_success_rate": 0.8799
    },
    {
        "model": 1,
        "sequence": 11,
        "status": 1,
        "fuel": 6241,
        "fault": 0.4276,
        "weapon": 1,
        "pilot_injury": 0.535,
        "pilot_skill": 0.1444,
        "mission_priority": 0.784,
        "estimated_landing_time": 1040.0,
        "wait_time": 0,
        "Landing_success_rate": 0.8818
    },
    {
        "model": 0,
        "sequence": 15,
        "status": 1,
        "fuel": 7053,
        "fault": 0.8247,
        "weapon": 1,
        "pilot_injury": 0.7851,
        "pilot_skill": 0.5988,
        "mission_priority": 0.2011,
        "estimated_landing_time": 1416.0,
        "wait_time": 0,
        "Landing_success_rate": 0.8704
    },
    {
        "model": 1,
        "sequence": 5,
        "status": 1,
        "fuel": 6737,
        "fault": 0.5026,
        "weapon": 0,
        "pilot_injury": 0.4695,
        "pilot_skill": 0.0283,
        "mission_priority": 0.21,
        "estimated_landing_time": 476.0,
        "wait_time": 0,
        "Landing_success_rate": 0.8961
    },
    {
        "model": 1,
        "sequence": 10,
        "status": 1,
        "fuel": 6652,
        "fault": 0.7644,
        "weapon": 1,
        "pilot_injury": 0.0115,
        "pilot_skill": 0.4088,
        "mission_priority": 0.924,
        "estimated_landing_time": 946.0,
        "wait_time": 0,
        "Landing_success_rate": 0.8704
    },
    {
        "model": 2,
        "sequence": 1,
        "status": 1,
        "fuel": 6864,
        "fault": 0.1605,
        "weapon": 0,
        "pilot_injury": 0.7865,
        "pilot_skill": 0.9425,
        "mission_priority": 0.7468,
        "estimated_landing_time": 100.0,
        "wait_time": 0,
        "Landing_success_rate": 0.9359
    },
    {
        "model": 1,
        "sequence": 21,
        "status": 1,
        "fuel": 6462,
        "fault": 0.8141,
        "weapon": 1,
        "pilot_injury": 0.4462,
        "pilot_skill": 0.8058,
        "mission_priority": 0.008,
        "estimated_landing_time": 1980.0,
        "wait_time": 0,
        "Landing_success_rate": 0.8634
    },
    {
        "model": 2,
        "sequence": 2,
        "status": 1,
        "fuel": 5639,
        "fault": 0.25,
        "weapon": 1,
        "pilot_injury": 0.5534,
        "pilot_skill": 0.2549,
        "mission_priority": 0.7425,
        "estimated_landing_time": 194.0,
        "wait_time": 0,
        "Landing_success_rate": 0.8578
    },
    {
        "model": 2,
        "sequence": 4,
        "status": 1,
        "fuel": 7413,
        "fault": 0.8286,
        "weapon": 0,
        "pilot_injury": 0.8281,
        "pilot_skill": 0.2161,
        "mission_priority": 0.8093,
        "estimated_landing_time": 382.0,
        "wait_time": 0,
        "Landing_success_rate": 0.8746
    },
    {
        "model": 1,
        "sequence": 9,
        "status": 1,
        "fuel": 6912,
        "fault": 0.3267,
        "weapon": 1,
        "pilot_injury": 0.3735,
        "pilot_skill": 0.2715,
        "mission_priority": 0.2318,
        "estimated_landing_time": 852.0,
        "wait_time": 0,
        "Landing_success_rate": 0.9213
    },
    {
        "model": 0,
        "sequence": 6,
        "status": 1,
        "fuel": 6380,
        "fault": 0.1026,
        "weapon": 0,
        "pilot_injury": 0.0776,
        "pilot_skill": 0.8289,
        "mission_priority": 0.3489,
        "estimated_landing_time": 570.0,
        "wait_time": 0,
        "Landing_success_rate": 0.9092
    },
    {
        "model": 0,
        "sequence": 16,
        "status": 1,
        "fuel": 5924,
        "fault": 0.8588,
        "weapon": 1,
        "pilot_injury": 0.8844,
        "pilot_skill": 0.3448,
        "mission_priority": 0.4618,
        "estimated_landing_time": 1510.0,
        "wait_time": 0,
        "Landing_success_rate": 0.8545
    }
]