[
    {
        "model": 2,
        "sequence": 18,
        "status": 1,
        "fuel": 5852,
        "fault": 0.388,
        "weapon": 1,
        "pilot_injury": 0.7785,
        "pilot_skill": 0.8554,
        "mission_priority": 0.4356,
        "estimated_landing_time": 1698.0,
        "wait_time": 0,
        "Landing_success_rate": 0.8662
    },
    {
        "model": 0,
        "sequence": 3,
        "status": 1,
        "fuel": 7070,
        "fault": 0.7295,
        "weapon": 0,
        "pilot_injury": 0.9129,
        "pilot_skill": 0.7549,
        "mission_priority": 0.2271,
        "estimated_landing_time": 288.0,
        "wait_time": 0,
        "Landing_success_rate": 0.8819
    },
    {
        "model": 2,
        "sequence": 14,
        "status": 1,
        "fuel": 6259,
        "fault": 0.6259,
        "weapon": 1,
        "pilot_injury": 0.5762,
        "pilot_skill": 0.8314,
        "mission_priority": 0.1884,
        "estimated_landing_time": 1322.0,
        "wait_time": 0,
        "Landing_success_rate": 0.8713
    },
    {
        "model": 1,
        "sequence": 23,
        "status": 1,
        "fuel": 5531,
        "fault": 0.0036,
        "weapon": 1,
        "pilot_injury": 0.8933,
        "pilot_skill": 0.172,
        "mission_priority": 0.4207,
        "estimated_landing_time": 2168.0,
        "wait_time": 0,
        "Landing_success_rate": 0.8523
    },
    {
        "model": 2,
        "sequence": 11,
        "status": 1,
        "fuel": 6626,
        "fault": 0.7051,
        "weapon": 0,
        "pilot_injury": 0.1122,
        "pilot_skill": 0.9906,
        "mission_priority": 0.2804,
        "estimated_landing_time": 1040.0,
        "wait_time": 0,
        "Landing_success_rate": 0.8749
    },
    {
        "model": 0,
        "sequence": 20,
        "status": 1,
        "fuel": 6254,
        "fault": 0.0275,
        "weapon": 1,
        "pilot_injury": 0.3611,
        "pilot_skill": 0.7529,
        "mission_priority": 0.6578,
        "estimated_landing_time": 1886.0,
        "wait_time": 0,
        "Landing_success_rate": 0.905
    },
    {
        "model": 0,
        "sequence": 7,
        "status": 1,
        "fuel": 5516,
        "fault": 0.2084,
        "weapon": 1,
        "pilot_injury": 0.8434,
        "pilot_skill": 0.2349,
        "mission_priority": 0.4425,
        "estimated_landing_time": 664.0,
        "wait_time": 0,
        "Landing_success_rate": 0.8509
    },
    {
        "model": 1,
        "sequence": 1,
        "status": 1,
        "fuel": 5673,
        "fault": 0.4656,
        "weapon": 0,
        "pilot_injury": 0.2505,
        "pilot_skill": 0.3338,
        "mission_priority": 0.4713,
        "estimated_landing_time": 100.0,
        "wait_time": 0,
        "Landing_success_rate": 0.8569
    },
    {
        "model": 1,
        "sequence": 8,
        "status": 1,
        "fuel": 6640,
        "fault": 0.0919,
        "weapon": 1,
        "pilot_injury": 0.5723,
        "pilot_skill": 0.1921,
        "mission_priority": 0.7934,
        "estimated_landing_time": 758.0,
        "wait_time": 0,
        "Landing_success_rate": 0.9276
    },
    {
        "model": 0,
        "sequence": 6,
        "status": 1,
        "fuel": 7130,
        "fault": 0.0081,
        "weapon": 1,
        "pilot_injury": 0.8651,
        "pilot_skill": 0.5796,
        "mission_priority": 0.1113,
        "estimated_landing_time": 570.0,
        "wait_time": 0,
        "Landing_success_rate": 0.9713
    },
    {
        "model": 0,
        "sequence": 16,
        "status": 1,
        "fuel": 7001,
        "fault": 0.5312,
        "weapon": 1,
        "pilot_injury": 0.241,
        "pilot_skill": 0.4975,
        "mission_priority": 0.9446,
        "estimated_landing_time": 1510.0,
        "wait_time": 0,
        "Landing_success_rate": 0.9028
    },
    {
        "model": 0,
        "sequence": 9,
        "status": 1,
        "fuel": 6377,
        "fault": 0.1674,
        "weapon": 0,
        "pilot_injury": 0.6886,
        "pilot_skill": 0.8716,
        "mission_priority": 0.0338,
        "estimated_landing_time": 852.0,
        "wait_time": 0,
        "Landing_success_rate": 0.9048
    },
    {
        "model": 0,
        "sequence": 17,
        "status": 1,
        "fuel": 6700,
        "fault": 0.9277,
        "weapon": 1,
        "pilot_injury": 0.8149,
        "pilot_skill": 0.9273,
        "mission_priority": 0.7028,
        "estimated_landing_time": 1604.0,
        "wait_time": 0,
        "Landing_success_rate": 0.8565
    },
    {
        "model": 1,
        "sequence": 19,
        "status": 1,
        "fuel": 5683,
        "fault": 0.6564,
        "weapon": 1,
        "pilot_injury": 0.0323,
        "pilot_skill": 0.6469,
        "mission_priority": 0.5543,
        "estimated_landing_time": 1792.0,
        "wait_time": 0,
        "Landing_success_rate": 0.8547
    },
    {
        "model": 0,
        "sequence": 24,
        "status": 1,
        "fuel": 5565,
        "fault": 0.5518,
        "weapon": 0,
        "pilot_injury": 0.6873,
        "pilot_skill": 0.3204,
        "mission_priority": 0.1987,
        "estimated_landing_time": 2262.0,
        "wait_time": 0,
        "Landing_success_rate": 0.8522
    },
    {
        "model": 1,
        "sequence": 22,
        "status": 1,
        "fuel": 5535,
        "fault": 0.9457,
        "weapon": 0,
        "pilot_injury": 0.1616,
        "pilot_skill": 0.2066,
        "mission_priority": 0.5088,
        "estimated_landing_time": 2074.0,
        "wait_time": 0,
        "Landing_success_rate": 0.8501
    },
    {
        "model": 0,
        "sequence": 10,
        "status": 1,
        "fuel": 7446,
        "fault": 0.467,
        "weapon": 0,
        "pilot_injury": 0.9663,
        "pilot_skill": 0.9738,
        "mission_priority": 0.0391,
        "estimated_landing_time": 946.0,
        "wait_time": 0,
        "Landing_success_rate": 0.9278
    },
    {
        "model": 0,
        "sequence": 4,
        "status": 1,
        "fuel": 5579,
        "fault": 0.2434,
        "weapon": 1,
        "pilot_injury": 0.9424,
        "pilot_skill": 0.6709,
        "mission_priority": 0.7012,
        "estimated_landing_time": 382.0,
        "wait_time": 0,
        "Landing_success_rate": 0.8545
    },
    {
        "model": 2,
        "sequence": 2,
        "status": 1,
        "fuel": 7413,
        "fault": 0.8743,
        "weapon": 1,
        "pilot_injury": 0.5477,
        "pilot_skill": 0.0832,
        "mission_priority": 0.9153,
        "estimated_landing_time": 194.0,
        "wait_time": 0,
        "Landing_success_rate": 0.868
    },
    {
        "model": 2,
        "sequence": 5,
        "status": 1,
        "fuel": 6239,
        "fault": 0.1312,
        "weapon": 0,
        "pilot_injury": 0.3028,
        "pilot_skill": 0.4607,
        "mission_priority": 0.2518,
        "estimated_landing_time": 476.0,
        "wait_time": 0,
        "Landing_success_rate": 0.8982
    },
    {
        "model": 0,
        "sequence": 12,
        "status": 1,
        "fuel": 5901,
        "fault": 0.3904,
        "weapon": 0,
        "pilot_injury": 0.8343,
        "pilot_skill": 0.3042,
        "mission_priority": 0.469,
        "estimated_landing_time": 1134.0,
        "wait_time": 0,
        "Landing_success_rate": 0.8683
    },
    {
        "model": 1,
        "sequence": 13,
        "status": 1,
        "fuel": 7341,
        "fault": 0.0538,
        "weapon": 0,
        "pilot_injury": 0.8891,
        "pilot_skill": 0.2192,
        "mission_priority": 0.6785,
        "estimated_landing_time": 1228.0,
        "wait_time": 0,
        "Landing_success_rate": 0.9806
    },
    {
        "model": 0,
        "sequence": 15,
        "status": 1,
        "fuel": 6432,
        "fault": 0.1313,
        "weapon": 0,
        "pilot_injury": 0.8594,
        "pilot_skill": 0.1016,
        "mission_priority": 0.347,
        "estimated_landing_time": 1416.0,
        "wait_time": 0,
        "Landing_success_rate": 0.9107
    },
    {
        "model": 2,
        "sequence": 21,
        "status": 1,
        "fuel": 7180,
        "fault": 0.7042,
        "weapon": 0,
        "pilot_injury": 0.2164,
        "pilot_skill": 0.8029,
        "mission_priority": 0.3996,
        "estimated_landing_time": 1980.0,
        "wait_time": 0,
        "Landing_success_rate": 0.8873
    }
]