[
    {
        "model": 2,
        "sequence": 3,
        "status": 1,
        "fuel": 7079,
        "fault": 0.4464,
        "weapon": 0,
        "pilot_injury": 0.8683,
        "pilot_skill": 0.2058,
        "mission_priority": 0.1119,
        "estimated_landing_time": 288.0,
        "wait_time": 0,
        "Landing_success_rate": 0.9156
    },
    {
        "model": 0,
        "sequence": 2,
        "status": 1,
        "fuel": 7405,
        "fault": 0.9867,
        "weapon": 0,
        "pilot_injury": 0.5312,
        "pilot_skill": 0.9366,
        "mission_priority": 0.0393,
        "estimated_landing_time": 194.0,
        "wait_time": 0,
        "Landing_success_rate": 0.8519
    },
    {
        "model": 1,
        "sequence": 15,
        "status": 1,
        "fuel": 5618,
        "fault": 0.2247,
        "weapon": 0,
        "pilot_injury": 0.9339,
        "pilot_skill": 0.3162,
        "mission_priority": 0.5072,
        "estimated_landing_time": 1416.0,
        "wait_time": 0,
        "Landing_success_rate": 0.8569
    },
    {
        "model": 2,
        "sequence": 14,
        "status": 1,
        "fuel": 6729,
        "fault": 0.6882,
        "weapon": 1,
        "pilot_injury": 0.9866,
        "pilot_skill": 0.9651,
        "mission_priority": 0.0049,
        "estimated_landing_time": 1322.0,
        "wait_time": 0,
        "Landing_success_rate": 0.8787
    },
    {
        "model": 1,
        "sequence": 17,
        "status": 1,
        "fuel": 5716,
        "fault": 0.6391,
        "weapon": 0,
        "pilot_injury": 0.5801,
        "pilot_skill": 0.2542,
        "mission_priority": 0.5217,
        "estimated_landing_time": 1604.0,
        "wait_time": 0,
        "Landing_success_rate": 0.8558
    },
    {
        "model": 0,
        "sequence": 24,
        "status": 1,
        "fuel": 6418,
        "fault": 0.6669,
        "weapon": 1,
        "pilot_injury": 0.1257,
        "pilot_skill": 0.1327,
        "mission_priority": 0.1435,
        "estimated_landing_time": 2262.0,
        "wait_time": 0,
        "Landing_success_rate": 0.8729
    },
    {
        "model": 2,
        "sequence": 22,
        "status": 1,
        "fuel": 7469,
        "fault": 0.2019,
        "weapon": 0,
        "pilot_injury": 0.1624,
        "pilot_skill": 0.1883,
        "mission_priority": 0.7308,
        "estimated_landing_time": 2074.0,
        "wait_time": 0,
        "Landing_success_rate": 0.9679
    },
    {
        "model": 0,
        "sequence": 7,
        "status": 1,
        "fuel": 6168,
        "fault": 0.4438,
        "weapon": 0,
        "pilot_injury": 0.9633,
        "pilot_skill": 0.2553,
        "mission_priority": 0.6616,
        "estimated_landing_time": 664.0,
        "wait_time": 0,
        "Landing_success_rate": 0.8779
    },
    {
        "model": 0,
        "sequence": 18,
        "status": 1,
        "fuel": 6642,
        "fault": 0.9446,
        "weapon": 1,
        "pilot_injury": 0.0175,
        "pilot_skill": 0.2441,
        "mission_priority": 0.8309,
        "estimated_landing_time": 1698.0,
        "wait_time": 0,
        "Landing_success_rate": 0.8547
    },
    {
        "model": 1,
        "sequence": 13,
        "status": 1,
        "fuel": 5802,
        "fault": 0.5706,
        "weapon": 1,
        "pilot_injury": 0.1131,
        "pilot_skill": 0.7955,
        "mission_priority": 0.9187,
        "estimated_landing_time": 1228.0,
        "wait_time": 0,
        "Landing_success_rate": 0.8597
    },
    {
        "model": 2,
        "sequence": 4,
        "status": 1,
        "fuel": 6524,
        "fault": 0.2157,
        "weapon": 1,
        "pilot_injury": 0.8268,
        "pilot_skill": 0.667,
        "mission_priority": 0.5772,
        "estimated_landing_time": 382.0,
        "wait_time": 0,
        "Landing_success_rate": 0.9102
    },
    {
        "model": 0,
        "sequence": 6,
        "status": 1,
        "fuel": 7481,
        "fault": 0.6578,
        "weapon": 1,
        "pilot_injury": 0.605,
        "pilot_skill": 0.3181,
        "mission_priority": 0.8664,
        "estimated_landing_time": 570.0,
        "wait_time": 0,
        "Landing_success_rate": 0.9008
    },
    {
        "model": 0,
        "sequence": 20,
        "status": 1,
        "fuel": 6612,
        "fault": 0.8708,
        "weapon": 0,
        "pilot_injury": 0.0905,
        "pilot_skill": 0.2887,
        "mission_priority": 0.1091,
        "estimated_landing_time": 1886.0,
        "wait_time": 0,
        "Landing_success_rate": 0.8608
    },
    {
        "model": 2,
        "sequence": 19,
        "status": 1,
        "fuel": 7133,
        "fault": 0.4041,
        "weapon": 1,
        "pilot_injury": 0.9257,
        "pilot_skill": 0.4382,
        "mission_priority": 0.9014,
        "estimated_landing_time": 1792.0,
        "wait_time": 0,
        "Landing_success_rate": 0.923
    },
    {
        "model": 0,
        "sequence": 21,
        "status": 1,
        "fuel": 5896,
        "fault": 0.7978,
        "weapon": 0,
        "pilot_injury": 0.8689,
        "pilot_skill": 0.3757,
        "mission_priority": 0.2969,
        "estimated_landing_time": 1980.0,
        "wait_time": 0,
        "Landing_success_rate": 0.856
    },
    {
        "model": 0,
        "sequence": 11,
        "status": 1,
        "fuel": 5954,
        "fault": 0.0058,
        "weapon": 0,
        "pilot_injury": 0.6302,
        "pilot_skill": 0.6098,
        "mission_priority": 0.5634,
        "estimated_landing_time": 1040.0,
        "wait_time": 0,
        "Landing_success_rate": 0.8839
    },
    {
        "model": 2,
        "sequence": 8,
        "status": 1,
        "fuel": 7438,
        "fault": 0.3886,
        "weapon": 0,
        "pilot_injury": 0.5965,
        "pilot_skill": 0.5457,
        "mission_priority": 0.4444,
        "estimated_landing_time": 758.0,
        "wait_time": 0,
        "Landing_success_rate": 0.9389
    },
    {
        "model": 2,
        "sequence": 5,
        "status": 1,
        "fuel": 5601,
        "fault": 0.0732,
        "weapon": 0,
        "pilot_injury": 0.1684,
        "pilot_skill": 0.6426,
        "mission_priority": 0.7593,
        "estimated_landing_time": 476.0,
        "wait_time": 0,
        "Landing_success_rate": 0.857
    },
    {
        "model": 2,
        "sequence": 1,
        "status": 1,
        "fuel": 7300,
        "fault": 0.3798,
        "weapon": 1,
        "pilot_injury": 0.9515,
        "pilot_skill": 0.8472,
        "mission_priority": 0.9142,
        "estimated_landing_time": 100.0,
        "wait_time": 0,
        "Landing_success_rate": 0.9337
    },
    {
        "model": 2,
        "sequence": 9,
        "status": 1,
        "fuel": 6744,
        "fault": 0.3412,
        "weapon": 1,
        "pilot_injury": 0.149,
        "pilot_skill": 0.5266,
        "mission_priority": 0.2461,
        "estimated_landing_time": 852.0,
        "wait_time": 0,
        "Landing_success_rate": 0.9115
    },
    {
        "model": 1,
        "sequence": 12,
        "status": 1,
        "fuel": 7263,
        "fault": 0.6079,
        "weapon": 1,
        "pilot_injury": 0.5494,
        "pilot_skill": 0.7469,
        "mission_priority": 0.7155,
        "estimated_landing_time": 1134.0,
        "wait_time": 0,
        "Landing_success_rate": 0.9018
    },
    {
        "model": 2,
        "sequence": 23,
        "status": 1,
        "fuel": 5926,
        "fault": 0.0182,
        "weapon": 0,
        "pilot_injury": 0.4309,
        "pilot_skill": 0.8967,
        "mission_priority": 0.0713,
        "estimated_landing_time": 2168.0,
        "wait_time": 0,
        "Landing_success_rate": 0.8814
    },
    {
        "model": 1,
        "sequence": 10,
        "status": 1,
        "fuel": 5898,
        "fault": 0.2435,
        "weapon": 0,
        "pilot_injury": 0.3801,
        "pilot_skill": 0.1972,
        "mission_priority": 0.4792,
        "estimated_landing_time": 946.0,
        "wait_time": 0,
        "Landing_success_rate": 0.8726
    },
    {
        "model": 1,
        "sequence": 16,
        "status": 1,
        "fuel": 6286,
        "fault": 0.1014,
        "weapon": 0,
        "pilot_injury": 0.6174,
        "pilot_skill": 0.5231,
        "mission_priority": 0.6701,
        "estimated_landing_time": 1510.0,
        "wait_time": 0,
        "Landing_success_rate": 0.903
    }
]