[
    {
        "model": 2,
        "sequence": 23,
        "status": 1,
        "fuel": 6102,
        "fault": 0.7433,
        "weapon": 1,
        "pilot_injury": 0.5102,
        "pilot_skill": 0.9774,
        "mission_priority": 0.2817,
        "estimated_landing_time": 2168.0,
        "wait_time": 0,
        "Landing_success_rate": 0.8616
    },
    {
        "model": 2,
        "sequence": 21,
        "status": 1,
        "fuel": 6089,
        "fault": 0.3911,
        "weapon": 0,
        "pilot_injury": 0.1208,
        "pilot_skill": 0.4261,
        "mission_priority": 0.2876,
        "estimated_landing_time": 1980.0,
        "wait_time": 0,
        "Landing_success_rate": 0.8769
    },
    {
        "model": 2,
        "sequence": 17,
        "status": 1,
        "fuel": 6302,
        "fault": 0.4188,
        "weapon": 1,
        "pilot_injury": 0.2333,
        "pilot_skill": 0.7341,
        "mission_priority": 0.0308,
        "estimated_landing_time": 1604.0,
        "wait_time": 0,
        "Landing_success_rate": 0.885
    },
    {
        "model": 0,
        "sequence": 6,
        "status": 1,
        "fuel": 6004,
        "fault": 0.1495,
        "weapon": 0,
        "pilot_injury": 0.4807,
        "pilot_skill": 0.9316,
        "mission_priority": 0.7079,
        "estimated_landing_time": 570.0,
        "wait_time": 0,
        "Landing_success_rate": 0.8821
    },
    {
        "model": 0,
        "sequence": 11,
        "status": 1,
        "fuel": 6695,
        "fault": 0.1965,
        "weapon": 1,
        "pilot_injury": 0.7773,
        "pilot_skill": 0.8321,
        "mission_priority": 0.3613,
        "estimated_landing_time": 1040.0,
        "wait_time": 0,
        "Landing_success_rate": 0.922
    },
    {
        "model": 1,
        "sequence": 15,
        "status": 1,
        "fuel": 7102,
        "fault": 0.2305,
        "weapon": 1,
        "pilot_injury": 0.7396,
        "pilot_skill": 0.4176,
        "mission_priority": 0.7367,
        "estimated_landing_time": 1416.0,
        "wait_time": 0,
        "Landing_success_rate": 0.9425
    },
    {
        "model": 1,
        "sequence": 13,
        "status": 1,
        "fuel": 5721,
        "fault": 0.6714,
        "weapon": 1,
        "pilot_injury": 0.2532,
        "pilot_skill": 0.2489,
        "mission_priority": 0.5904,
        "estimated_landing_time": 1228.0,
        "wait_time": 0,
        "Landing_success_rate": 0.8554
    },
    {
        "model": 1,
        "sequence": 24,
        "status": 1,
        "fuel": 5904,
        "fault": 0.792,
        "weapon": 0,
        "pilot_injury": 0.261,
        "pilot_skill": 0.5381,
        "mission_priority": 0.9076,
        "estimated_landing_time": 2262.0,
        "wait_time": 0,
        "Landing_success_rate": 0.8563
    },
    {
        "model": 0,
        "sequence": 3,
        "status": 1,
        "fuel": 5978,
        "fault": 0.2632,
        "weapon": 1,
        "pilot_injury": 0.0371,
        "pilot_skill": 0.5353,
        "mission_priority": 0.7048,
        "estimated_landing_time": 288.0,
        "wait_time": 0,
        "Landing_success_rate": 0.8764
    },
    {
        "model": 0,
        "sequence": 14,
        "status": 1,
        "fuel": 6667,
        "fault": 0.9737,
        "weapon": 0,
        "pilot_injury": 0.2786,
        "pilot_skill": 0.7716,
        "mission_priority": 0.3512,
        "estimated_landing_time": 1322.0,
        "wait_time": 0,
        "Landing_success_rate": 0.8523
    },
    {
        "model": 1,
        "sequence": 2,
        "status": 1,
        "fuel": 6745,
        "fault": 0.8579,
        "weapon": 1,
        "pilot_injury": 0.1636,
        "pilot_skill": 0.4358,
        "mission_priority": 0.4523,
        "estimated_landing_time": 194.0,
        "wait_time": 0,
        "Landing_success_rate": 0.8633
    },
    {
        "model": 0,
        "sequence": 18,
        "status": 1,
        "fuel": 6290,
        "fault": 0.4958,
        "weapon": 0,
        "pilot_injury": 0.1849,
        "pilot_skill": 0.1136,
        "mission_priority": 0.3415,
        "estimated_landing_time": 1698.0,
        "wait_time": 0,
        "Landing_success_rate": 0.8799
    },
    {
        "model": 0,
        "sequence": 22,
        "status": 1,
        "fuel": 7051,
        "fault": 0.0578,
        "weapon": 1,
        "pilot_injury": 0.6276,
        "pilot_skill": 0.3564,
        "mission_priority": 0.3235,
        "estimated_landing_time": 2074.0,
        "wait_time": 0,
        "Landing_success_rate": 0.9596
    },
    {
        "model": 2,
        "sequence": 20,
        "status": 1,
        "fuel": 6131,
        "fault": 0.137,
        "weapon": 0,
        "pilot_injury": 0.4836,
        "pilot_skill": 0.1578,
        "mission_priority": 0.7643,
        "estimated_landing_time": 1886.0,
        "wait_time": 0,
        "Landing_success_rate": 0.8908
    },
    {
        "model": 2,
        "sequence": 4,
        "status": 1,
        "fuel": 7463,
        "fault": 0.2583,
        "weapon": 1,
        "pilot_injury": 0.1469,
        "pilot_skill": 0.5522,
        "mission_priority": 0.7528,
        "estimated_landing_time": 382.0,
        "wait_time": 0,
        "Landing_success_rate": 0.9592
    },
    {
        "model": 1,
        "sequence": 9,
        "status": 1,
        "fuel": 6543,
        "fault": 0.4148,
        "weapon": 0,
        "pilot_injury": 0.5219,
        "pilot_skill": 0.1553,
        "mission_priority": 0.6666,
        "estimated_landing_time": 852.0,
        "wait_time": 0,
        "Landing_success_rate": 0.8958
    },
    {
        "model": 1,
        "sequence": 16,
        "status": 1,
        "fuel": 6722,
        "fault": 0.402,
        "weapon": 0,
        "pilot_injury": 0.0365,
        "pilot_skill": 0.6203,
        "mission_priority": 0.2943,
        "estimated_landing_time": 1510.0,
        "wait_time": 0,
        "Landing_success_rate": 0.9048
    },
    {
        "model": 2,
        "sequence": 5,
        "status": 1,
        "fuel": 7311,
        "fault": 0.5862,
        "weapon": 1,
        "pilot_injury": 0.314,
        "pilot_skill": 0.4596,
        "mission_priority": 0.2368,
        "estimated_landing_time": 476.0,
        "wait_time": 0,
        "Landing_success_rate": 0.9062
    },
    {
        "model": 0,
        "sequence": 12,
        "status": 1,
        "fuel": 6035,
        "fault": 0.9928,
        "weapon": 1,
        "pilot_injury": 0.968,
        "pilot_skill": 0.7029,
        "mission_priority": 0.1367,
        "estimated_landing_time": 1134.0,
        "wait_time": 0,
        "Landing_success_rate": 0.8503
    },
    {
        "model": 1,
        "sequence": 1,
        "status": 1,
        "fuel": 6347,
        "fault": 0.6503,
        "weapon": 0,
        "pilot_injury": 0.5342,
        "pilot_skill": 0.8419,
        "mission_priority": 0.5834,
        "estimated_landing_time": 100.0,
        "wait_time": 0,
        "Landing_success_rate": 0.8722
    },
    {
        "model": 1,
        "sequence": 7,
        "status": 1,
        "fuel": 6958,
        "fault": 0.4107,
        "weapon": 0,
        "pilot_injury": 0.0083,
        "pilot_skill": 0.78,
        "mission_priority": 0.6666,
        "estimated_landing_time": 664.0,
        "wait_time": 0,
        "Landing_success_rate": 0.9144
    },
    {
        "model": 1,
        "sequence": 8,
        "status": 1,
        "fuel": 6459,
        "fault": 0.5031,
        "weapon": 0,
        "pilot_injury": 0.7983,
        "pilot_skill": 0.7833,
        "mission_priority": 0.3523,
        "estimated_landing_time": 758.0,
        "wait_time": 0,
        "Landing_success_rate": 0.8857
    },
    {
        "model": 0,
        "sequence": 19,
        "status": 1,
        "fuel": 7176,
        "fault": 0.8536,
        "weapon": 1,
        "pilot_injury": 0.0084,
        "pilot_skill": 0.0827,
        "mission_priority": 0.1262,
        "estimated_landing_time": 1792.0,
        "wait_time": 0,
        "Landing_success_rate": 0.8684
    },
    {
        "model": 2,
        "sequence": 10,
        "status": 1,
        "fuel": 7040,
        "fault": 0.9331,
        "weapon": 1,
        "pilot_injury": 0.9922,
        "pilot_skill": 0.6526,
        "mission_priority": 0.0613,
        "estimated_landing_time": 946.0,
        "wait_time": 0,
        "Landing_success_rate": 0.8577
    }
]