[
    {
        "model": 1,
        "sequence": 7,
        "status": 1,
        "fuel": 6899,
        "fault": 0.5974,
        "weapon": 0,
        "pilot_injury": 0.0545,
        "pilot_skill": 0.314,
        "mission_priority": 0.4992,
        "estimated_landing_time": 664.0,
        "wait_time": 0,
        "Landing_success_rate": 0.8922
    },
    {
        "model": 2,
        "sequence": 24,
        "status": 1,
        "fuel": 6487,
        "fault": 0.227,
        "weapon": 0,
        "pilot_injury": 0.0871,
        "pilot_skill": 0.4874,
        "mission_priority": 0.6914,
        "estimated_landing_time": 2262.0,
        "wait_time": 0,
        "Landing_success_rate": 0.9072
    },
    {
        "model": 1,
        "sequence": 3,
        "status": 1,
        "fuel": 7209,
        "fault": 0.9616,
        "weapon": 1,
        "pilot_injury": 0.8294,
        "pilot_skill": 0.1903,
        "mission_priority": 0.9172,
        "estimated_landing_time": 288.0,
        "wait_time": 0,
        "Landing_success_rate": 0.8549
    },
    {
        "model": 0,
        "sequence": 20,
        "status": 1,
        "fuel": 6286,
        "fault": 0.569,
        "weapon": 0,
        "pilot_injury": 0.4309,
        "pilot_skill": 0.3122,
        "mission_priority": 0.7251,
        "estimated_landing_time": 1886.0,
        "wait_time": 0,
        "Landing_success_rate": 0.8754
    },
    {
        "model": 2,
        "sequence": 17,
        "status": 1,
        "fuel": 6572,
        "fault": 0.8485,
        "weapon": 0,
        "pilot_injury": 0.9858,
        "pilot_skill": 0.7913,
        "mission_priority": 0.6014,
        "estimated_landing_time": 1604.0,
        "wait_time": 0,
        "Landing_success_rate": 0.8622
    },
    {
        "model": 1,
        "sequence": 12,
        "status": 1,
        "fuel": 6569,
        "fault": 0.7416,
        "weapon": 1,
        "pilot_injury": 0.0411,
        "pilot_skill": 0.7448,
        "mission_priority": 0.446,
        "estimated_landing_time": 1134.0,
        "wait_time": 0,
        "Landing_success_rate": 0.8707
    },
    {
        "model": 0,
        "sequence": 14,
        "status": 1,
        "fuel": 7060,
        "fault": 0.4019,
        "weapon": 1,
        "pilot_injury": 0.3875,
        "pilot_skill": 0.5834,
        "mission_priority": 0.4642,
        "estimated_landing_time": 1322.0,
        "wait_time": 0,
        "Landing_success_rate": 0.92
    },
    {
        "model": 0,
        "sequence": 6,
        "status": 1,
        "fuel": 6657,
        "fault": 0.6347,
        "weapon": 1,
        "pilot_injury": 0.6617,
        "pilot_skill": 0.2191,
        "mission_priority": 0.1128,
        "estimated_landing_time": 570.0,
        "wait_time": 0,
        "Landing_success_rate": 0.8817
    },
    {
        "model": 2,
        "sequence": 9,
        "status": 1,
        "fuel": 6857,
        "fault": 0.2919,
        "weapon": 1,
        "pilot_injury": 0.0269,
        "pilot_skill": 0.3805,
        "mission_priority": 0.1061,
        "estimated_landing_time": 852.0,
        "wait_time": 0,
        "Landing_success_rate": 0.9221
    },
    {
        "model": 0,
        "sequence": 22,
        "status": 1,
        "fuel": 5567,
        "fault": 0.7151,
        "weapon": 0,
        "pilot_injury": 0.6132,
        "pilot_skill": 0.8056,
        "mission_priority": 0.2997,
        "estimated_landing_time": 2074.0,
        "wait_time": 0,
        "Landing_success_rate": 0.8514
    },
    {
        "model": 1,
        "sequence": 15,
        "status": 1,
        "fuel": 6229,
        "fault": 0.525,
        "weapon": 0,
        "pilot_injury": 0.6183,
        "pilot_skill": 0.6807,
        "mission_priority": 0.6667,
        "estimated_landing_time": 1416.0,
        "wait_time": 0,
        "Landing_success_rate": 0.876
    },
    {
        "model": 0,
        "sequence": 5,
        "status": 1,
        "fuel": 6160,
        "fault": 0.206,
        "weapon": 1,
        "pilot_injury": 0.0538,
        "pilot_skill": 0.0221,
        "mission_priority": 0.358,
        "estimated_landing_time": 476.0,
        "wait_time": 0,
        "Landing_success_rate": 0.8893
    },
    {
        "model": 0,
        "sequence": 4,
        "status": 1,
        "fuel": 6728,
        "fault": 0.6633,
        "weapon": 1,
        "pilot_injury": 0.1384,
        "pilot_skill": 0.7382,
        "mission_priority": 0.857,
        "estimated_landing_time": 382.0,
        "wait_time": 0,
        "Landing_success_rate": 0.881
    },
    {
        "model": 1,
        "sequence": 19,
        "status": 1,
        "fuel": 6057,
        "fault": 0.6003,
        "weapon": 1,
        "pilot_injury": 0.7009,
        "pilot_skill": 0.8556,
        "mission_priority": 0.4183,
        "estimated_landing_time": 1792.0,
        "wait_time": 0,
        "Landing_success_rate": 0.8667
    },
    {
        "model": 0,
        "sequence": 2,
        "status": 1,
        "fuel": 6862,
        "fault": 0.3416,
        "weapon": 0,
        "pilot_injury": 0.5157,
        "pilot_skill": 0.4973,
        "mission_priority": 0.1784,
        "estimated_landing_time": 194.0,
        "wait_time": 0,
        "Landing_success_rate": 0.9173
    },
    {
        "model": 0,
        "sequence": 1,
        "status": 1,
        "fuel": 6541,
        "fault": 0.3278,
        "weapon": 0,
        "pilot_injury": 0.6141,
        "pilot_skill": 0.3258,
        "mission_priority": 0.1917,
        "estimated_landing_time": 100.0,
        "wait_time": 0,
        "Landing_success_rate": 0.9025
    },
    {
        "model": 0,
        "sequence": 13,
        "status": 1,
        "fuel": 5979,
        "fault": 0.8545,
        "weapon": 1,
        "pilot_injury": 0.207,
        "pilot_skill": 0.8514,
        "mission_priority": 0.0843,
        "estimated_landing_time": 1228.0,
        "wait_time": 0,
        "Landing_success_rate": 0.8552
    },
    {
        "model": 0,
        "sequence": 10,
        "status": 1,
        "fuel": 6146,
        "fault": 0.8475,
        "weapon": 0,
        "pilot_injury": 0.2741,
        "pilot_skill": 0.8277,
        "mission_priority": 0.7399,
        "estimated_landing_time": 946.0,
        "wait_time": 0,
        "Landing_success_rate": 0.8574
    },
    {
        "model": 1,
        "sequence": 23,
        "status": 1,
        "fuel": 7216,
        "fault": 0.5353,
        "weapon": 0,
        "pilot_injury": 0.1405,
        "pilot_skill": 0.2865,
        "mission_priority": 0.5181,
        "estimated_landing_time": 2168.0,
        "wait_time": 0,
        "Landing_success_rate": 0.9098
    },
    {
        "model": 0,
        "sequence": 11,
        "status": 1,
        "fuel": 6339,
        "fault": 0.3221,
        "weapon": 0,
        "pilot_injury": 0.7043,
        "pilot_skill": 0.9286,
        "mission_priority": 0.7387,
        "estimated_landing_time": 1040.0,
        "wait_time": 0,
        "Landing_success_rate": 0.8927
    },
    {
        "model": 1,
        "sequence": 8,
        "status": 1,
        "fuel": 6130,
        "fault": 0.9531,
        "weapon": 1,
        "pilot_injury": 0.6962,
        "pilot_skill": 0.1929,
        "mission_priority": 0.0927,
        "estimated_landing_time": 758.0,
        "wait_time": 0,
        "Landing_success_rate": 0.8522
    },
    {
        "model": 0,
        "sequence": 16,
        "status": 1,
        "fuel": 6045,
        "fault": 0.0528,
        "weapon": 1,
        "pilot_injury": 0.1014,
        "pilot_skill": 0.7919,
        "mission_priority": 0.8116,
        "estimated_landing_time": 1510.0,
        "wait_time": 0,
        "Landing_success_rate": 0.8887
    },
    {
        "model": 0,
        "sequence": 18,
        "status": 1,
        "fuel": 7292,
        "fault": 0.5644,
        "weapon": 1,
        "pilot_injury": 0.1746,
        "pilot_skill": 0.7074,
        "mission_priority": 0.7118,
        "estimated_landing_time": 1698.0,
        "wait_time": 0,
        "Landing_success_rate": 0.9085
    },
    {
        "model": 0,
        "sequence": 21,
        "status": 1,
        "fuel": 6644,
        "fault": 0.9698,
        "weapon": 0,
        "pilot_injury": 0.1241,
        "pilot_skill": 0.1214,
        "mission_priority": 0.7211,
        "estimated_landing_time": 1980.0,
        "wait_time": 0,
        "Landing_success_rate": 0.8526
    }
]