[
    {
        "model": 2,
        "sequence": 19,
        "status": 1,
        "fuel": 6064,
        "fault": 0.2309,
        "weapon": 1,
        "pilot_injury": 0.4402,
        "pilot_skill": 0.122,
        "mission_priority": 0.4952,
        "estimated_landing_time": 1792.0,
        "wait_time": 0,
        "Landing_success_rate": 0.8825
    },
    {
        "model": 0,
        "sequence": 11,
        "status": 1,
        "fuel": 7466,
        "fault": 0.1734,
        "weapon": 0,
        "pilot_injury": 0.2588,
        "pilot_skill": 0.6625,
        "mission_priority": 0.3117,
        "estimated_landing_time": 1040.0,
        "wait_time": 0,
        "Landing_success_rate": 0.9719
    },
    {
        "model": 2,
        "sequence": 8,
        "status": 1,
        "fuel": 6913,
        "fault": 0.2079,
        "weapon": 1,
        "pilot_injury": 0.1849,
        "pilot_skill": 0.9696,
        "mission_priority": 0.7751,
        "estimated_landing_time": 758.0,
        "wait_time": 0,
        "Landing_success_rate": 0.9339
    },
    {
        "model": 2,
        "sequence": 13,
        "status": 1,
        "fuel": 5661,
        "fault": 0.3952,
        "weapon": 1,
        "pilot_injury": 0.5979,
        "pilot_skill": 0.9219,
        "mission_priority": 0.0885,
        "estimated_landing_time": 1228.0,
        "wait_time": 0,
        "Landing_success_rate": 0.8573
    },
    {
        "model": 0,
        "sequence": 22,
        "status": 1,
        "fuel": 7250,
        "fault": 0.5208,
        "weapon": 1,
        "pilot_injury": 0.3253,
        "pilot_skill": 0.3887,
        "mission_priority": 0.2713,
        "estimated_landing_time": 2074.0,
        "wait_time": 0,
        "Landing_success_rate": 0.9129
    },
    {
        "model": 0,
        "sequence": 6,
        "status": 1,
        "fuel": 6576,
        "fault": 0.5868,
        "weapon": 0,
        "pilot_injury": 0.2809,
        "pilot_skill": 0.5427,
        "mission_priority": 0.1409,
        "estimated_landing_time": 570.0,
        "wait_time": 0,
        "Landing_success_rate": 0.8833
    },
    {
        "model": 2,
        "sequence": 18,
        "status": 1,
        "fuel": 5514,
        "fault": 0.1653,
        "weapon": 0,
        "pilot_injury": 0.9869,
        "pilot_skill": 0.7722,
        "mission_priority": 0.1987,
        "estimated_landing_time": 1698.0,
        "wait_time": 0,
        "Landing_success_rate": 0.8509
    },
    {
        "model": 1,
        "sequence": 1,
        "status": 1,
        "fuel": 6995,
        "fault": 0.0141,
        "weapon": 0,
        "pilot_injury": 0.7069,
        "pilot_skill": 0.729,
        "mission_priority": 0.7713,
        "estimated_landing_time": 100.0,
        "wait_time": 0,
        "Landing_success_rate": 0.9605
    },
    {
        "model": 2,
        "sequence": 4,
        "status": 1,
        "fuel": 7296,
        "fault": 0.9263,
        "weapon": 1,
        "pilot_injury": 0.1159,
        "pilot_skill": 0.8631,
        "mission_priority": 0.6233,
        "estimated_landing_time": 382.0,
        "wait_time": 0,
        "Landing_success_rate": 0.8599
    },
    {
        "model": 2,
        "sequence": 2,
        "status": 1,
        "fuel": 6429,
        "fault": 0.0954,
        "weapon": 0,
        "pilot_injury": 0.311,
        "pilot_skill": 0.3252,
        "mission_priority": 0.7296,
        "estimated_landing_time": 194.0,
        "wait_time": 0,
        "Landing_success_rate": 0.913
    },
    {
        "model": 2,
        "sequence": 14,
        "status": 1,
        "fuel": 7395,
        "fault": 0.2747,
        "weapon": 0,
        "pilot_injury": 0.4722,
        "pilot_skill": 0.1196,
        "mission_priority": 0.7132,
        "estimated_landing_time": 1322.0,
        "wait_time": 0,
        "Landing_success_rate": 0.9531
    },
    {
        "model": 2,
        "sequence": 9,
        "status": 1,
        "fuel": 7292,
        "fault": 0.7217,
        "weapon": 0,
        "pilot_injury": 0.771,
        "pilot_skill": 0.4938,
        "mission_priority": 0.5227,
        "estimated_landing_time": 852.0,
        "wait_time": 0,
        "Landing_success_rate": 0.8874
    },
    {
        "model": 0,
        "sequence": 21,
        "status": 1,
        "fuel": 6538,
        "fault": 0.1109,
        "weapon": 1,
        "pilot_injury": 0.1079,
        "pilot_skill": 0.0314,
        "mission_priority": 0.6364,
        "estimated_landing_time": 1980.0,
        "wait_time": 0,
        "Landing_success_rate": 0.9192
    },
    {
        "model": 2,
        "sequence": 7,
        "status": 1,
        "fuel": 6063,
        "fault": 0.5633,
        "weapon": 1,
        "pilot_injury": 0.9076,
        "pilot_skill": 0.2493,
        "mission_priority": 0.4104,
        "estimated_landing_time": 664.0,
        "wait_time": 0,
        "Landing_success_rate": 0.8684
    },
    {
        "model": 1,
        "sequence": 23,
        "status": 1,
        "fuel": 6694,
        "fault": 0.2031,
        "weapon": 0,
        "pilot_injury": 0.077,
        "pilot_skill": 0.2898,
        "mission_priority": 0.1612,
        "estimated_landing_time": 2168.0,
        "wait_time": 0,
        "Landing_success_rate": 0.9214
    },
    {
        "model": 0,
        "sequence": 5,
        "status": 1,
        "fuel": 6077,
        "fault": 0.6244,
        "weapon": 1,
        "pilot_injury": 0.6334,
        "pilot_skill": 0.8715,
        "mission_priority": 0.8037,
        "estimated_landing_time": 476.0,
        "wait_time": 0,
        "Landing_success_rate": 0.8663
    },
    {
        "model": 1,
        "sequence": 3,
        "status": 1,
        "fuel": 7079,
        "fault": 0.4165,
        "weapon": 1,
        "pilot_injury": 0.5393,
        "pilot_skill": 0.8074,
        "mission_priority": 0.8961,
        "estimated_landing_time": 288.0,
        "wait_time": 0,
        "Landing_success_rate": 0.9191
    },
    {
        "model": 1,
        "sequence": 24,
        "status": 1,
        "fuel": 6754,
        "fault": 0.9068,
        "weapon": 0,
        "pilot_injury": 0.2279,
        "pilot_skill": 0.4271,
        "mission_priority": 0.818,
        "estimated_landing_time": 2262.0,
        "wait_time": 0,
        "Landing_success_rate": 0.8588
    },
    {
        "model": 1,
        "sequence": 20,
        "status": 1,
        "fuel": 7268,
        "fault": 0.3048,
        "weapon": 1,
        "pilot_injury": 0.5107,
        "pilot_skill": 0.4174,
        "mission_priority": 0.2221,
        "estimated_landing_time": 1886.0,
        "wait_time": 0,
        "Landing_success_rate": 0.9422
    },
    {
        "model": 1,
        "sequence": 15,
        "status": 1,
        "fuel": 7342,
        "fault": 0.2694,
        "weapon": 1,
        "pilot_injury": 0.9429,
        "pilot_skill": 0.3232,
        "mission_priority": 0.5188,
        "estimated_landing_time": 1416.0,
        "wait_time": 0,
        "Landing_success_rate": 0.9509
    },
    {
        "model": 0,
        "sequence": 16,
        "status": 1,
        "fuel": 6756,
        "fault": 0.4038,
        "weapon": 1,
        "pilot_injury": 0.9718,
        "pilot_skill": 0.9624,
        "mission_priority": 0.2518,
        "estimated_landing_time": 1510.0,
        "wait_time": 0,
        "Landing_success_rate": 0.9062
    },
    {
        "model": 0,
        "sequence": 10,
        "status": 1,
        "fuel": 6909,
        "fault": 0.7123,
        "weapon": 0,
        "pilot_injury": 0.2848,
        "pilot_skill": 0.0369,
        "mission_priority": 0.6096,
        "estimated_landing_time": 946.0,
        "wait_time": 0,
        "Landing_success_rate": 0.8804
    },
    {
        "model": 1,
        "sequence": 17,
        "status": 1,
        "fuel": 6141,
        "fault": 0.411,
        "weapon": 0,
        "pilot_injury": 0.2786,
        "pilot_skill": 0.9083,
        "mission_priority": 0.2396,
        "estimated_landing_time": 1604.0,
        "wait_time": 0,
        "Landing_success_rate": 0.8783
    },
    {
        "model": 1,
        "sequence": 12,
        "status": 1,
        "fuel": 6653,
        "fault": 0.5309,
        "weapon": 1,
        "pilot_injury": 0.9857,
        "pilot_skill": 0.2421,
        "mission_priority": 0.6721,
        "estimated_landing_time": 1134.0,
        "wait_time": 0,
        "Landing_success_rate": 0.8906
    }
]