[
    {
        "model": 0,
        "sequence": 24,
        "status": 1,
        "fuel": 6591,
        "fault": 0.7839,
        "weapon": 0,
        "pilot_injury": 0.422,
        "pilot_skill": 0.8724,
        "mission_priority": 0.3326,
        "estimated_landing_time": 2262.0,
        "wait_time": 0,
        "Landing_success_rate": 0.8677
    },
    {
        "model": 1,
        "sequence": 11,
        "status": 1,
        "fuel": 6362,
        "fault": 0.8358,
        "weapon": 1,
        "pilot_injury": 0.6739,
        "pilot_skill": 0.2418,
        "mission_priority": 0.5365,
        "estimated_landing_time": 1040.0,
        "wait_time": 0,
        "Landing_success_rate": 0.8606
    },
    {
        "model": 2,
        "sequence": 8,
        "status": 1,
        "fuel": 6387,
        "fault": 0.8775,
        "weapon": 1,
        "pilot_injury": 0.6073,
        "pilot_skill": 0.1584,
        "mission_priority": 0.5021,
        "estimated_landing_time": 758.0,
        "wait_time": 0,
        "Landing_success_rate": 0.8581
    },
    {
        "model": 0,
        "sequence": 14,
        "status": 1,
        "fuel": 7102,
        "fault": 0.3322,
        "weapon": 0,
        "pilot_injury": 0.8425,
        "pilot_skill": 0.2504,
        "mission_priority": 0.8884,
        "estimated_landing_time": 1322.0,
        "wait_time": 0,
        "Landing_success_rate": 0.9302
    },
    {
        "model": 2,
        "sequence": 13,
        "status": 1,
        "fuel": 7180,
        "fault": 0.2085,
        "weapon": 1,
        "pilot_injury": 0.3465,
        "pilot_skill": 0.8877,
        "mission_priority": 0.638,
        "estimated_landing_time": 1228.0,
        "wait_time": 0,
        "Landing_success_rate": 0.9497
    },
    {
        "model": 2,
        "sequence": 9,
        "status": 1,
        "fuel": 7271,
        "fault": 0.2052,
        "weapon": 1,
        "pilot_injury": 0.1457,
        "pilot_skill": 0.3323,
        "mission_priority": 0.4553,
        "estimated_landing_time": 852.0,
        "wait_time": 0,
        "Landing_success_rate": 0.9556
    },
    {
        "model": 1,
        "sequence": 7,
        "status": 1,
        "fuel": 6193,
        "fault": 0.9905,
        "weapon": 0,
        "pilot_injury": 0.5461,
        "pilot_skill": 0.8417,
        "mission_priority": 0.1701,
        "estimated_landing_time": 664.0,
        "wait_time": 0,
        "Landing_success_rate": 0.8505
    },
    {
        "model": 0,
        "sequence": 2,
        "status": 1,
        "fuel": 6726,
        "fault": 0.769,
        "weapon": 0,
        "pilot_injury": 0.5605,
        "pilot_skill": 0.5834,
        "mission_priority": 0.4781,
        "estimated_landing_time": 194.0,
        "wait_time": 0,
        "Landing_success_rate": 0.8712
    },
    {
        "model": 0,
        "sequence": 10,
        "status": 1,
        "fuel": 6039,
        "fault": 0.2375,
        "weapon": 1,
        "pilot_injury": 0.5469,
        "pilot_skill": 0.9972,
        "mission_priority": 0.566,
        "estimated_landing_time": 946.0,
        "wait_time": 0,
        "Landing_success_rate": 0.8808
    },
    {
        "model": 1,
        "sequence": 5,
        "status": 1,
        "fuel": 6981,
        "fault": 0.0512,
        "weapon": 1,
        "pilot_injury": 0.3965,
        "pilot_skill": 0.1537,
        "mission_priority": 0.8625,
        "estimated_landing_time": 476.0,
        "wait_time": 0,
        "Landing_success_rate": 0.9554
    },
    {
        "model": 1,
        "sequence": 12,
        "status": 1,
        "fuel": 5515,
        "fault": 0.5627,
        "weapon": 1,
        "pilot_injury": 0.4418,
        "pilot_skill": 0.7428,
        "mission_priority": 0.547,
        "estimated_landing_time": 1134.0,
        "wait_time": 0,
        "Landing_success_rate": 0.8505
    },
    {
        "model": 1,
        "sequence": 17,
        "status": 1,
        "fuel": 6358,
        "fault": 0.5654,
        "weapon": 0,
        "pilot_injury": 0.9579,
        "pilot_skill": 0.7696,
        "mission_priority": 0.604,
        "estimated_landing_time": 1604.0,
        "wait_time": 0,
        "Landing_success_rate": 0.878
    },
    {
        "model": 1,
        "sequence": 23,
        "status": 1,
        "fuel": 6943,
        "fault": 0.9844,
        "weapon": 1,
        "pilot_injury": 0.0623,
        "pilot_skill": 0.0321,
        "mission_priority": 0.7107,
        "estimated_landing_time": 2168.0,
        "wait_time": 0,
        "Landing_success_rate": 0.8517
    },
    {
        "model": 1,
        "sequence": 6,
        "status": 1,
        "fuel": 6444,
        "fault": 0.7067,
        "weapon": 0,
        "pilot_injury": 0.905,
        "pilot_skill": 0.698,
        "mission_priority": 0.371,
        "estimated_landing_time": 570.0,
        "wait_time": 0,
        "Landing_success_rate": 0.8708
    },
    {
        "model": 2,
        "sequence": 1,
        "status": 1,
        "fuel": 5914,
        "fault": 0.0837,
        "weapon": 1,
        "pilot_injury": 0.1036,
        "pilot_skill": 0.543,
        "mission_priority": 0.314,
        "estimated_landing_time": 100.0,
        "wait_time": 0,
        "Landing_success_rate": 0.8785
    },
    {
        "model": 1,
        "sequence": 20,
        "status": 1,
        "fuel": 6565,
        "fault": 0.6544,
        "weapon": 1,
        "pilot_injury": 0.2312,
        "pilot_skill": 0.9164,
        "mission_priority": 0.406,
        "estimated_landing_time": 1886.0,
        "wait_time": 0,
        "Landing_success_rate": 0.8776
    },
    {
        "model": 0,
        "sequence": 15,
        "status": 1,
        "fuel": 5638,
        "fault": 0.0413,
        "weapon": 1,
        "pilot_injury": 0.6829,
        "pilot_skill": 0.9034,
        "mission_priority": 0.2311,
        "estimated_landing_time": 1416.0,
        "wait_time": 0,
        "Landing_success_rate": 0.8599
    },
    {
        "model": 0,
        "sequence": 21,
        "status": 1,
        "fuel": 6444,
        "fault": 0.4718,
        "weapon": 0,
        "pilot_injury": 0.8778,
        "pilot_skill": 0.9733,
        "mission_priority": 0.3025,
        "estimated_landing_time": 1980.0,
        "wait_time": 0,
        "Landing_success_rate": 0.8874
    },
    {
        "model": 1,
        "sequence": 16,
        "status": 1,
        "fuel": 5726,
        "fault": 0.1586,
        "weapon": 0,
        "pilot_injury": 0.1886,
        "pilot_skill": 0.6893,
        "mission_priority": 0.0659,
        "estimated_landing_time": 1510.0,
        "wait_time": 0,
        "Landing_success_rate": 0.8643
    },
    {
        "model": 1,
        "sequence": 19,
        "status": 1,
        "fuel": 7101,
        "fault": 0.4454,
        "weapon": 1,
        "pilot_injury": 0.766,
        "pilot_skill": 0.4538,
        "mission_priority": 0.6303,
        "estimated_landing_time": 1792.0,
        "wait_time": 0,
        "Landing_success_rate": 0.9166
    },
    {
        "model": 1,
        "sequence": 4,
        "status": 1,
        "fuel": 5751,
        "fault": 0.084,
        "weapon": 1,
        "pilot_injury": 0.7428,
        "pilot_skill": 0.1724,
        "mission_priority": 0.0318,
        "estimated_landing_time": 382.0,
        "wait_time": 0,
        "Landing_success_rate": 0.8672
    },
    {
        "model": 1,
        "sequence": 22,
        "status": 1,
        "fuel": 6923,
        "fault": 0.6707,
        "weapon": 1,
        "pilot_injury": 0.1508,
        "pilot_skill": 0.0129,
        "mission_priority": 0.11,
        "estimated_landing_time": 2074.0,
        "wait_time": 0,
        "Landing_success_rate": 0.8851
    },
    {
        "model": 1,
        "sequence": 18,
        "status": 1,
        "fuel": 6402,
        "fault": 0.0921,
        "weapon": 0,
        "pilot_injury": 0.193,
        "pilot_skill": 0.802,
        "mission_priority": 0.7533,
        "estimated_landing_time": 1698.0,
        "wait_time": 0,
        "Landing_success_rate": 0.9114
    },
    {
        "model": 0,
        "sequence": 3,
        "status": 1,
        "fuel": 7068,
        "fault": 0.6177,
        "weapon": 0,
        "pilot_injury": 0.3652,
        "pilot_skill": 0.3756,
        "mission_priority": 0.5031,
        "estimated_landing_time": 288.0,
        "wait_time": 0,
        "Landing_success_rate": 0.895
    }
]