[
    {
        "model": 2,
        "sequence": 14,
        "status": 1,
        "fuel": 6822,
        "fault": 0.3288,
        "weapon": 1,
        "pilot_injury": 0.3445,
        "pilot_skill": 0.0615,
        "mission_priority": 0.27,
        "estimated_landing_time": 1322.0,
        "wait_time": 0,
        "Landing_success_rate": 0.9165
    },
    {
        "model": 1,
        "sequence": 13,
        "status": 1,
        "fuel": 7118,
        "fault": 0.3127,
        "weapon": 1,
        "pilot_injury": 0.2215,
        "pilot_skill": 0.4635,
        "mission_priority": 0.4703,
        "estimated_landing_time": 1228.0,
        "wait_time": 0,
        "Landing_success_rate": 0.9334
    },
    {
        "model": 2,
        "sequence": 1,
        "status": 1,
        "fuel": 5906,
        "fault": 0.776,
        "weapon": 0,
        "pilot_injury": 0.5131,
        "pilot_skill": 0.6707,
        "mission_priority": 0.8474,
        "estimated_landing_time": 100.0,
        "wait_time": 0,
        "Landing_success_rate": 0.8568
    },
    {
        "model": 1,
        "sequence": 8,
        "status": 1,
        "fuel": 6782,
        "fault": 0.7368,
        "weapon": 1,
        "pilot_injury": 0.9072,
        "pilot_skill": 0.7403,
        "mission_priority": 0.5428,
        "estimated_landing_time": 758.0,
        "wait_time": 0,
        "Landing_success_rate": 0.8753
    },
    {
        "model": 2,
        "sequence": 3,
        "status": 1,
        "fuel": 5664,
        "fault": 0.0663,
        "weapon": 0,
        "pilot_injury": 0.5205,
        "pilot_skill": 0.6554,
        "mission_priority": 0.4184,
        "estimated_landing_time": 288.0,
        "wait_time": 0,
        "Landing_success_rate": 0.8615
    },
    {
        "model": 0,
        "sequence": 17,
        "status": 1,
        "fuel": 6938,
        "fault": 0.7528,
        "weapon": 1,
        "pilot_injury": 0.1547,
        "pilot_skill": 0.4515,
        "mission_priority": 0.408,
        "estimated_landing_time": 1604.0,
        "wait_time": 0,
        "Landing_success_rate": 0.8767
    },
    {
        "model": 2,
        "sequence": 2,
        "status": 1,
        "fuel": 5898,
        "fault": 0.0795,
        "weapon": 1,
        "pilot_injury": 0.6403,
        "pilot_skill": 0.8775,
        "mission_priority": 0.4181,
        "estimated_landing_time": 194.0,
        "wait_time": 0,
        "Landing_success_rate": 0.8775
    },
    {
        "model": 0,
        "sequence": 18,
        "status": 1,
        "fuel": 6320,
        "fault": 0.4235,
        "weapon": 1,
        "pilot_injury": 0.1061,
        "pilot_skill": 0.2331,
        "mission_priority": 0.9504,
        "estimated_landing_time": 1698.0,
        "wait_time": 0,
        "Landing_success_rate": 0.8855
    },
    {
        "model": 0,
        "sequence": 16,
        "status": 1,
        "fuel": 7175,
        "fault": 0.759,
        "weapon": 0,
        "pilot_injury": 0.015,
        "pilot_skill": 0.1611,
        "mission_priority": 0.996,
        "estimated_landing_time": 1510.0,
        "wait_time": 0,
        "Landing_success_rate": 0.8803
    },
    {
        "model": 2,
        "sequence": 6,
        "status": 1,
        "fuel": 6630,
        "fault": 0.5824,
        "weapon": 0,
        "pilot_injury": 0.8484,
        "pilot_skill": 0.0204,
        "mission_priority": 0.6045,
        "estimated_landing_time": 570.0,
        "wait_time": 0,
        "Landing_success_rate": 0.8854
    },
    {
        "model": 1,
        "sequence": 12,
        "status": 1,
        "fuel": 6488,
        "fault": 0.3455,
        "weapon": 1,
        "pilot_injury": 0.2835,
        "pilot_skill": 0.6868,
        "mission_priority": 0.6742,
        "estimated_landing_time": 1134.0,
        "wait_time": 0,
        "Landing_success_rate": 0.8985
    },
    {
        "model": 0,
        "sequence": 23,
        "status": 1,
        "fuel": 6801,
        "fault": 0.8946,
        "weapon": 1,
        "pilot_injury": 0.4092,
        "pilot_skill": 0.2892,
        "mission_priority": 0.809,
        "estimated_landing_time": 2168.0,
        "wait_time": 0,
        "Landing_success_rate": 0.8603
    },
    {
        "model": 0,
        "sequence": 19,
        "status": 1,
        "fuel": 6206,
        "fault": 0.947,
        "weapon": 0,
        "pilot_injury": 0.6065,
        "pilot_skill": 0.6043,
        "mission_priority": 0.8272,
        "estimated_landing_time": 1792.0,
        "wait_time": 0,
        "Landing_success_rate": 0.8528
    },
    {
        "model": 2,
        "sequence": 15,
        "status": 1,
        "fuel": 6856,
        "fault": 0.4181,
        "weapon": 1,
        "pilot_injury": 0.265,
        "pilot_skill": 0.5362,
        "mission_priority": 0.4491,
        "estimated_landing_time": 1416.0,
        "wait_time": 0,
        "Landing_success_rate": 0.9092
    },
    {
        "model": 1,
        "sequence": 5,
        "status": 1,
        "fuel": 5792,
        "fault": 0.9272,
        "weapon": 0,
        "pilot_injury": 0.7186,
        "pilot_skill": 0.2137,
        "mission_priority": 0.197,
        "estimated_landing_time": 476.0,
        "wait_time": 0,
        "Landing_success_rate": 0.8516
    },
    {
        "model": 1,
        "sequence": 4,
        "status": 1,
        "fuel": 7406,
        "fault": 0.9607,
        "weapon": 1,
        "pilot_injury": 0.5839,
        "pilot_skill": 0.3715,
        "mission_priority": 0.4489,
        "estimated_landing_time": 382.0,
        "wait_time": 0,
        "Landing_success_rate": 0.8556
    },
    {
        "model": 2,
        "sequence": 10,
        "status": 1,
        "fuel": 6971,
        "fault": 0.897,
        "weapon": 1,
        "pilot_injury": 0.1558,
        "pilot_skill": 0.8804,
        "mission_priority": 0.4337,
        "estimated_landing_time": 946.0,
        "wait_time": 0,
        "Landing_success_rate": 0.8614
    },
    {
        "model": 1,
        "sequence": 7,
        "status": 1,
        "fuel": 7425,
        "fault": 0.0082,
        "weapon": 0,
        "pilot_injury": 0.498,
        "pilot_skill": 0.5542,
        "mission_priority": 0.5588,
        "estimated_landing_time": 664.0,
        "wait_time": 0,
        "Landing_success_rate": 0.9932
    },
    {
        "model": 2,
        "sequence": 22,
        "status": 1,
        "fuel": 7201,
        "fault": 0.1717,
        "weapon": 0,
        "pilot_injury": 0.2522,
        "pilot_skill": 0.8107,
        "mission_priority": 0.9472,
        "estimated_landing_time": 2074.0,
        "wait_time": 0,
        "Landing_success_rate": 0.9557
    },
    {
        "model": 2,
        "sequence": 11,
        "status": 1,
        "fuel": 6789,
        "fault": 0.5124,
        "weapon": 0,
        "pilot_injury": 0.2142,
        "pilot_skill": 0.0601,
        "mission_priority": 0.3255,
        "estimated_landing_time": 1040.0,
        "wait_time": 0,
        "Landing_success_rate": 0.8971
    },
    {
        "model": 2,
        "sequence": 24,
        "status": 1,
        "fuel": 7109,
        "fault": 0.5939,
        "weapon": 0,
        "pilot_injury": 0.5337,
        "pilot_skill": 0.1438,
        "mission_priority": 0.0092,
        "estimated_landing_time": 2262.0,
        "wait_time": 0,
        "Landing_success_rate": 0.899
    },
    {
        "model": 0,
        "sequence": 21,
        "status": 1,
        "fuel": 5832,
        "fault": 0.9872,
        "weapon": 1,
        "pilot_injury": 0.6062,
        "pilot_skill": 0.3369,
        "mission_priority": 0.5855,
        "estimated_landing_time": 1980.0,
        "wait_time": 0,
        "Landing_success_rate": 0.8503
    },
    {
        "model": 0,
        "sequence": 9,
        "status": 1,
        "fuel": 6783,
        "fault": 0.6485,
        "weapon": 0,
        "pilot_injury": 0.223,
        "pilot_skill": 0.1881,
        "mission_priority": 0.428,
        "estimated_landing_time": 852.0,
        "wait_time": 0,
        "Landing_success_rate": 0.8838
    },
    {
        "model": 0,
        "sequence": 20,
        "status": 1,
        "fuel": 5795,
        "fault": 0.7907,
        "weapon": 1,
        "pilot_injury": 0.0121,
        "pilot_skill": 0.5189,
        "mission_priority": 0.6058,
        "estimated_landing_time": 1886.0,
        "wait_time": 0,
        "Landing_success_rate": 0.8546
    }
]