[
    {
        "model": 1,
        "sequence": 12,
        "status": 1,
        "fuel": 6202,
        "fault": 0.1175,
        "weapon": 1,
        "pilot_injury": 0.7691,
        "pilot_skill": 0.9019,
        "mission_priority": 0.4464,
        "estimated_landing_time": 1134.0,
        "wait_time": 0,
        "Landing_success_rate": 0.8965
    },
    {
        "model": 0,
        "sequence": 4,
        "status": 1,
        "fuel": 6864,
        "fault": 0.5964,
        "weapon": 1,
        "pilot_injury": 0.2123,
        "pilot_skill": 0.5201,
        "mission_priority": 0.4747,
        "estimated_landing_time": 382.0,
        "wait_time": 0,
        "Landing_success_rate": 0.8913
    },
    {
        "model": 0,
        "sequence": 6,
        "status": 1,
        "fuel": 6853,
        "fault": 0.1291,
        "weapon": 1,
        "pilot_injury": 0.8996,
        "pilot_skill": 0.7819,
        "mission_priority": 0.1954,
        "estimated_landing_time": 570.0,
        "wait_time": 0,
        "Landing_success_rate": 0.9384
    },
    {
        "model": 1,
        "sequence": 20,
        "status": 1,
        "fuel": 5654,
        "fault": 0.7641,
        "weapon": 0,
        "pilot_injury": 0.0571,
        "pilot_skill": 0.6728,
        "mission_priority": 0.5304,
        "estimated_landing_time": 1886.0,
        "wait_time": 0,
        "Landing_success_rate": 0.8527
    },
    {
        "model": 2,
        "sequence": 17,
        "status": 1,
        "fuel": 6372,
        "fault": 0.1997,
        "weapon": 0,
        "pilot_injury": 0.4227,
        "pilot_skill": 0.2009,
        "mission_priority": 0.3057,
        "estimated_landing_time": 1604.0,
        "wait_time": 0,
        "Landing_success_rate": 0.9023
    },
    {
        "model": 1,
        "sequence": 22,
        "status": 1,
        "fuel": 6369,
        "fault": 0.4064,
        "weapon": 1,
        "pilot_injury": 0.7795,
        "pilot_skill": 0.7672,
        "mission_priority": 0.9727,
        "estimated_landing_time": 2074.0,
        "wait_time": 0,
        "Landing_success_rate": 0.8887
    },
    {
        "model": 0,
        "sequence": 7,
        "status": 1,
        "fuel": 7477,
        "fault": 0.8078,
        "weapon": 0,
        "pilot_injury": 0.3457,
        "pilot_skill": 0.7433,
        "mission_priority": 0.4381,
        "estimated_landing_time": 664.0,
        "wait_time": 0,
        "Landing_success_rate": 0.8785
    },
    {
        "model": 1,
        "sequence": 23,
        "status": 1,
        "fuel": 6815,
        "fault": 0.1384,
        "weapon": 0,
        "pilot_injury": 0.9298,
        "pilot_skill": 0.9479,
        "mission_priority": 0.0693,
        "estimated_landing_time": 2168.0,
        "wait_time": 0,
        "Landing_success_rate": 0.935
    },
    {
        "model": 0,
        "sequence": 24,
        "status": 1,
        "fuel": 6212,
        "fault": 0.9069,
        "weapon": 0,
        "pilot_injury": 0.2559,
        "pilot_skill": 0.4071,
        "mission_priority": 0.6777,
        "estimated_landing_time": 2262.0,
        "wait_time": 0,
        "Landing_success_rate": 0.855
    },
    {
        "model": 0,
        "sequence": 9,
        "status": 1,
        "fuel": 5770,
        "fault": 0.7941,
        "weapon": 0,
        "pilot_injury": 0.6974,
        "pilot_skill": 0.0905,
        "mission_priority": 0.4975,
        "estimated_landing_time": 852.0,
        "wait_time": 0,
        "Landing_success_rate": 0.8542
    },
    {
        "model": 1,
        "sequence": 18,
        "status": 1,
        "fuel": 7144,
        "fault": 0.8986,
        "weapon": 1,
        "pilot_injury": 0.1896,
        "pilot_skill": 0.8922,
        "mission_priority": 0.4309,
        "estimated_landing_time": 1698.0,
        "wait_time": 0,
        "Landing_success_rate": 0.8625
    },
    {
        "model": 0,
        "sequence": 5,
        "status": 1,
        "fuel": 6410,
        "fault": 0.865,
        "weapon": 1,
        "pilot_injury": 0.4087,
        "pilot_skill": 0.4289,
        "mission_priority": 0.5856,
        "estimated_landing_time": 476.0,
        "wait_time": 0,
        "Landing_success_rate": 0.8592
    },
    {
        "model": 2,
        "sequence": 16,
        "status": 1,
        "fuel": 6566,
        "fault": 0.2512,
        "weapon": 1,
        "pilot_injury": 0.0656,
        "pilot_skill": 0.7294,
        "mission_priority": 0.5597,
        "estimated_landing_time": 1510.0,
        "wait_time": 0,
        "Landing_success_rate": 0.9099
    },
    {
        "model": 0,
        "sequence": 13,
        "status": 1,
        "fuel": 5875,
        "fault": 0.4419,
        "weapon": 1,
        "pilot_injury": 0.3881,
        "pilot_skill": 0.796,
        "mission_priority": 0.3058,
        "estimated_landing_time": 1228.0,
        "wait_time": 0,
        "Landing_success_rate": 0.8657
    },
    {
        "model": 1,
        "sequence": 11,
        "status": 1,
        "fuel": 6847,
        "fault": 0.332,
        "weapon": 1,
        "pilot_injury": 0.3946,
        "pilot_skill": 0.7927,
        "mission_priority": 0.2791,
        "estimated_landing_time": 1040.0,
        "wait_time": 0,
        "Landing_success_rate": 0.9175
    },
    {
        "model": 2,
        "sequence": 21,
        "status": 1,
        "fuel": 7315,
        "fault": 0.8077,
        "weapon": 0,
        "pilot_injury": 0.0416,
        "pilot_skill": 0.8306,
        "mission_priority": 0.5713,
        "estimated_landing_time": 1980.0,
        "wait_time": 0,
        "Landing_success_rate": 0.8762
    },
    {
        "model": 2,
        "sequence": 14,
        "status": 1,
        "fuel": 6731,
        "fault": 0.6338,
        "weapon": 1,
        "pilot_injury": 0.8745,
        "pilot_skill": 0.0434,
        "mission_priority": 0.261,
        "estimated_landing_time": 1322.0,
        "wait_time": 0,
        "Landing_success_rate": 0.8838
    },
    {
        "model": 0,
        "sequence": 10,
        "status": 1,
        "fuel": 5820,
        "fault": 0.2332,
        "weapon": 0,
        "pilot_injury": 0.0176,
        "pilot_skill": 0.517,
        "mission_priority": 0.5296,
        "estimated_landing_time": 946.0,
        "wait_time": 0,
        "Landing_success_rate": 0.8684
    },
    {
        "model": 1,
        "sequence": 15,
        "status": 1,
        "fuel": 7089,
        "fault": 0.3727,
        "weapon": 1,
        "pilot_injury": 0.6817,
        "pilot_skill": 0.2078,
        "mission_priority": 0.7989,
        "estimated_landing_time": 1416.0,
        "wait_time": 0,
        "Landing_success_rate": 0.9248
    },
    {
        "model": 0,
        "sequence": 2,
        "status": 1,
        "fuel": 6409,
        "fault": 0.4153,
        "weapon": 1,
        "pilot_injury": 0.8032,
        "pilot_skill": 0.5619,
        "mission_priority": 0.7409,
        "estimated_landing_time": 194.0,
        "wait_time": 0,
        "Landing_success_rate": 0.8899
    },
    {
        "model": 0,
        "sequence": 1,
        "status": 1,
        "fuel": 6894,
        "fault": 0.3589,
        "weapon": 0,
        "pilot_injury": 0.8089,
        "pilot_skill": 0.2947,
        "mission_priority": 0.5712,
        "estimated_landing_time": 100.0,
        "wait_time": 0,
        "Landing_success_rate": 0.917
    },
    {
        "model": 1,
        "sequence": 19,
        "status": 1,
        "fuel": 6242,
        "fault": 0.0039,
        "weapon": 0,
        "pilot_injury": 0.3028,
        "pilot_skill": 0.4593,
        "mission_priority": 0.818,
        "estimated_landing_time": 1792.0,
        "wait_time": 0,
        "Landing_success_rate": 0.9054
    },
    {
        "model": 1,
        "sequence": 3,
        "status": 1,
        "fuel": 6084,
        "fault": 0.2672,
        "weapon": 0,
        "pilot_injury": 0.6615,
        "pilot_skill": 0.9033,
        "mission_priority": 0.0985,
        "estimated_landing_time": 288.0,
        "wait_time": 0,
        "Landing_success_rate": 0.8821
    },
    {
        "model": 0,
        "sequence": 8,
        "status": 1,
        "fuel": 5604,
        "fault": 0.4387,
        "weapon": 1,
        "pilot_injury": 0.8237,
        "pilot_skill": 0.857,
        "mission_priority": 0.4151,
        "estimated_landing_time": 758.0,
        "wait_time": 0,
        "Landing_success_rate": 0.8544
    }
]