[
    {
        "model": 1,
        "sequence": 14,
        "status": 1,
        "fuel": 6518,
        "fault": 0.5718,
        "weapon": 0,
        "pilot_injury": 0.4953,
        "pilot_skill": 0.4277,
        "mission_priority": 0.956,
        "estimated_landing_time": 1322.0,
        "wait_time": 0,
        "Landing_success_rate": 0.8827
    },
    {
        "model": 0,
        "sequence": 21,
        "status": 1,
        "fuel": 5904,
        "fault": 0.6156,
        "weapon": 0,
        "pilot_injury": 0.736,
        "pilot_skill": 0.5568,
        "mission_priority": 0.929,
        "estimated_landing_time": 1980.0,
        "wait_time": 0,
        "Landing_success_rate": 0.8616
    },
    {
        "model": 0,
        "sequence": 2,
        "status": 1,
        "fuel": 5664,
        "fault": 0.9501,
        "weapon": 0,
        "pilot_injury": 0.0885,
        "pilot_skill": 0.609,
        "mission_priority": 0.2882,
        "estimated_landing_time": 194.0,
        "wait_time": 0,
        "Landing_success_rate": 0.8506
    },
    {
        "model": 1,
        "sequence": 12,
        "status": 1,
        "fuel": 6368,
        "fault": 0.0616,
        "weapon": 0,
        "pilot_injury": 0.5323,
        "pilot_skill": 0.0759,
        "mission_priority": 0.6982,
        "estimated_landing_time": 1134.0,
        "wait_time": 0,
        "Landing_success_rate": 0.9111
    },
    {
        "model": 0,
        "sequence": 23,
        "status": 1,
        "fuel": 5708,
        "fault": 0.2187,
        "weapon": 1,
        "pilot_injury": 0.4694,
        "pilot_skill": 0.7203,
        "mission_priority": 0.5294,
        "estimated_landing_time": 2168.0,
        "wait_time": 0,
        "Landing_success_rate": 0.8622
    },
    {
        "model": 0,
        "sequence": 11,
        "status": 1,
        "fuel": 6969,
        "fault": 0.2542,
        "weapon": 0,
        "pilot_injury": 0.6104,
        "pilot_skill": 0.9391,
        "mission_priority": 0.6717,
        "estimated_landing_time": 1040.0,
        "wait_time": 0,
        "Landing_success_rate": 0.9322
    },
    {
        "model": 1,
        "sequence": 19,
        "status": 1,
        "fuel": 6576,
        "fault": 0.3634,
        "weapon": 0,
        "pilot_injury": 0.8908,
        "pilot_skill": 0.0945,
        "mission_priority": 0.9889,
        "estimated_landing_time": 1792.0,
        "wait_time": 0,
        "Landing_success_rate": 0.9014
    },
    {
        "model": 2,
        "sequence": 8,
        "status": 1,
        "fuel": 7092,
        "fault": 0.7294,
        "weapon": 1,
        "pilot_injury": 0.9334,
        "pilot_skill": 0.3631,
        "mission_priority": 0.8447,
        "estimated_landing_time": 758.0,
        "wait_time": 0,
        "Landing_success_rate": 0.8823
    },
    {
        "model": 0,
        "sequence": 5,
        "status": 1,
        "fuel": 6443,
        "fault": 0.0209,
        "weapon": 0,
        "pilot_injury": 0.6342,
        "pilot_skill": 0.7745,
        "mission_priority": 0.0338,
        "estimated_landing_time": 476.0,
        "wait_time": 0,
        "Landing_success_rate": 0.9192
    },
    {
        "model": 0,
        "sequence": 4,
        "status": 1,
        "fuel": 6078,
        "fault": 0.0692,
        "weapon": 1,
        "pilot_injury": 0.3459,
        "pilot_skill": 0.348,
        "mission_priority": 0.4691,
        "estimated_landing_time": 382.0,
        "wait_time": 0,
        "Landing_success_rate": 0.8904
    },
    {
        "model": 0,
        "sequence": 17,
        "status": 1,
        "fuel": 7245,
        "fault": 0.0441,
        "weapon": 0,
        "pilot_injury": 0.1456,
        "pilot_skill": 0.0334,
        "mission_priority": 0.4702,
        "estimated_landing_time": 1604.0,
        "wait_time": 0,
        "Landing_success_rate": 0.9751
    },
    {
        "model": 0,
        "sequence": 1,
        "status": 1,
        "fuel": 7331,
        "fault": 0.098,
        "weapon": 0,
        "pilot_injury": 0.9463,
        "pilot_skill": 0.7334,
        "mission_priority": 0.6375,
        "estimated_landing_time": 100.0,
        "wait_time": 0,
        "Landing_success_rate": 0.9739
    },
    {
        "model": 2,
        "sequence": 7,
        "status": 1,
        "fuel": 6589,
        "fault": 0.2485,
        "weapon": 0,
        "pilot_injury": 0.1069,
        "pilot_skill": 0.5048,
        "mission_priority": 0.6971,
        "estimated_landing_time": 664.0,
        "wait_time": 0,
        "Landing_success_rate": 0.9114
    },
    {
        "model": 1,
        "sequence": 6,
        "status": 1,
        "fuel": 6864,
        "fault": 0.8817,
        "weapon": 1,
        "pilot_injury": 0.0723,
        "pilot_skill": 0.6907,
        "mission_priority": 0.534,
        "estimated_landing_time": 570.0,
        "wait_time": 0,
        "Landing_success_rate": 0.8621
    },
    {
        "model": 0,
        "sequence": 20,
        "status": 1,
        "fuel": 7481,
        "fault": 0.7099,
        "weapon": 1,
        "pilot_injury": 0.6208,
        "pilot_skill": 0.891,
        "mission_priority": 0.4962,
        "estimated_landing_time": 1886.0,
        "wait_time": 0,
        "Landing_success_rate": 0.8931
    },
    {
        "model": 1,
        "sequence": 16,
        "status": 1,
        "fuel": 7222,
        "fault": 0.3114,
        "weapon": 0,
        "pilot_injury": 0.1024,
        "pilot_skill": 0.0615,
        "mission_priority": 0.0513,
        "estimated_landing_time": 1510.0,
        "wait_time": 0,
        "Landing_success_rate": 0.9389
    },
    {
        "model": 0,
        "sequence": 22,
        "status": 1,
        "fuel": 6795,
        "fault": 0.3524,
        "weapon": 1,
        "pilot_injury": 0.7179,
        "pilot_skill": 0.7428,
        "mission_priority": 0.0509,
        "estimated_landing_time": 2074.0,
        "wait_time": 0,
        "Landing_success_rate": 0.9129
    },
    {
        "model": 2,
        "sequence": 24,
        "status": 1,
        "fuel": 5685,
        "fault": 0.9529,
        "weapon": 1,
        "pilot_injury": 0.5476,
        "pilot_skill": 0.1445,
        "mission_priority": 0.1339,
        "estimated_landing_time": 2262.0,
        "wait_time": 0,
        "Landing_success_rate": 0.8507
    },
    {
        "model": 1,
        "sequence": 10,
        "status": 1,
        "fuel": 7053,
        "fault": 0.4211,
        "weapon": 1,
        "pilot_injury": 0.1807,
        "pilot_skill": 0.4066,
        "mission_priority": 0.3556,
        "estimated_landing_time": 946.0,
        "wait_time": 0,
        "Landing_success_rate": 0.9174
    },
    {
        "model": 2,
        "sequence": 3,
        "status": 1,
        "fuel": 7075,
        "fault": 0.6598,
        "weapon": 1,
        "pilot_injury": 0.1278,
        "pilot_skill": 0.739,
        "mission_priority": 0.3969,
        "estimated_landing_time": 288.0,
        "wait_time": 0,
        "Landing_success_rate": 0.8902
    },
    {
        "model": 0,
        "sequence": 15,
        "status": 1,
        "fuel": 5736,
        "fault": 0.1533,
        "weapon": 1,
        "pilot_injury": 0.4978,
        "pilot_skill": 0.3431,
        "mission_priority": 0.2419,
        "estimated_landing_time": 1416.0,
        "wait_time": 0,
        "Landing_success_rate": 0.865
    },
    {
        "model": 2,
        "sequence": 13,
        "status": 1,
        "fuel": 6152,
        "fault": 0.9095,
        "weapon": 1,
        "pilot_injury": 0.7725,
        "pilot_skill": 0.1709,
        "mission_priority": 0.0439,
        "estimated_landing_time": 1228.0,
        "wait_time": 0,
        "Landing_success_rate": 0.8544
    },
    {
        "model": 2,
        "sequence": 18,
        "status": 1,
        "fuel": 6584,
        "fault": 0.3583,
        "weapon": 0,
        "pilot_injury": 0.8138,
        "pilot_skill": 0.4935,
        "mission_priority": 0.2054,
        "estimated_landing_time": 1698.0,
        "wait_time": 0,
        "Landing_success_rate": 0.9022
    },
    {
        "model": 0,
        "sequence": 9,
        "status": 1,
        "fuel": 6517,
        "fault": 0.8592,
        "weapon": 0,
        "pilot_injury": 0.2463,
        "pilot_skill": 0.9034,
        "mission_priority": 0.1044,
        "estimated_landing_time": 852.0,
        "wait_time": 0,
        "Landing_success_rate": 0.8607
    }
]