[
    {
        "model": 1,
        "sequence": 13,
        "status": 1,
        "fuel": 6827,
        "fault": 0.7517,
        "weapon": 1,
        "pilot_injury": 0.7486,
        "pilot_skill": 0.9022,
        "mission_priority": 0.0498,
        "estimated_landing_time": 1228.0,
        "wait_time": 0,
        "Landing_success_rate": 0.8747
    },
    {
        "model": 1,
        "sequence": 4,
        "status": 1,
        "fuel": 6654,
        "fault": 0.2821,
        "weapon": 0,
        "pilot_injury": 0.4684,
        "pilot_skill": 0.8853,
        "mission_priority": 0.3616,
        "estimated_landing_time": 382.0,
        "wait_time": 0,
        "Landing_success_rate": 0.9121
    },
    {
        "model": 1,
        "sequence": 7,
        "status": 1,
        "fuel": 6030,
        "fault": 0.9901,
        "weapon": 0,
        "pilot_injury": 0.9342,
        "pilot_skill": 0.7572,
        "mission_priority": 0.1034,
        "estimated_landing_time": 664.0,
        "wait_time": 0,
        "Landing_success_rate": 0.8504
    },
    {
        "model": 0,
        "sequence": 10,
        "status": 1,
        "fuel": 6637,
        "fault": 0.3784,
        "weapon": 1,
        "pilot_injury": 0.1701,
        "pilot_skill": 0.4949,
        "mission_priority": 0.4714,
        "estimated_landing_time": 946.0,
        "wait_time": 0,
        "Landing_success_rate": 0.903
    },
    {
        "model": 2,
        "sequence": 23,
        "status": 1,
        "fuel": 7296,
        "fault": 0.9383,
        "weapon": 0,
        "pilot_injury": 0.7856,
        "pilot_skill": 0.9419,
        "mission_priority": 0.877,
        "estimated_landing_time": 2168.0,
        "wait_time": 0,
        "Landing_success_rate": 0.8583
    },
    {
        "model": 2,
        "sequence": 20,
        "status": 1,
        "fuel": 6993,
        "fault": 0.4691,
        "weapon": 0,
        "pilot_injury": 0.3477,
        "pilot_skill": 0.3999,
        "mission_priority": 0.3608,
        "estimated_landing_time": 1886.0,
        "wait_time": 0,
        "Landing_success_rate": 0.9094
    },
    {
        "model": 1,
        "sequence": 15,
        "status": 1,
        "fuel": 7281,
        "fault": 0.7016,
        "weapon": 0,
        "pilot_injury": 0.5237,
        "pilot_skill": 0.9824,
        "mission_priority": 0.06,
        "estimated_landing_time": 1416.0,
        "wait_time": 0,
        "Landing_success_rate": 0.8899
    },
    {
        "model": 1,
        "sequence": 16,
        "status": 1,
        "fuel": 6202,
        "fault": 0.773,
        "weapon": 0,
        "pilot_injury": 0.1512,
        "pilot_skill": 0.6115,
        "mission_priority": 0.2395,
        "estimated_landing_time": 1510.0,
        "wait_time": 0,
        "Landing_success_rate": 0.862
    },
    {
        "model": 1,
        "sequence": 22,
        "status": 1,
        "fuel": 6048,
        "fault": 0.3349,
        "weapon": 0,
        "pilot_injury": 0.3291,
        "pilot_skill": 0.5982,
        "mission_priority": 0.1836,
        "estimated_landing_time": 2074.0,
        "wait_time": 0,
        "Landing_success_rate": 0.8773
    },
    {
        "model": 2,
        "sequence": 3,
        "status": 1,
        "fuel": 7083,
        "fault": 0.8466,
        "weapon": 1,
        "pilot_injury": 0.3536,
        "pilot_skill": 0.5249,
        "mission_priority": 0.5996,
        "estimated_landing_time": 288.0,
        "wait_time": 0,
        "Landing_success_rate": 0.8682
    },
    {
        "model": 1,
        "sequence": 2,
        "status": 1,
        "fuel": 7105,
        "fault": 0.1739,
        "weapon": 0,
        "pilot_injury": 0.3077,
        "pilot_skill": 0.1264,
        "mission_priority": 0.7608,
        "estimated_landing_time": 194.0,
        "wait_time": 0,
        "Landing_success_rate": 0.9494
    },
    {
        "model": 0,
        "sequence": 17,
        "status": 1,
        "fuel": 7098,
        "fault": 0.9837,
        "weapon": 1,
        "pilot_injury": 0.4071,
        "pilot_skill": 0.4986,
        "mission_priority": 0.5333,
        "estimated_landing_time": 1604.0,
        "wait_time": 0,
        "Landing_success_rate": 0.852
    },
    {
        "model": 1,
        "sequence": 6,
        "status": 1,
        "fuel": 5761,
        "fault": 0.4017,
        "weapon": 1,
        "pilot_injury": 0.7215,
        "pilot_skill": 0.062,
        "mission_priority": 0.4683,
        "estimated_landing_time": 570.0,
        "wait_time": 0,
        "Landing_success_rate": 0.8617
    },
    {
        "model": 1,
        "sequence": 12,
        "status": 1,
        "fuel": 5860,
        "fault": 0.3473,
        "weapon": 1,
        "pilot_injury": 0.1491,
        "pilot_skill": 0.985,
        "mission_priority": 0.8893,
        "estimated_landing_time": 1134.0,
        "wait_time": 0,
        "Landing_success_rate": 0.8676
    },
    {
        "model": 2,
        "sequence": 19,
        "status": 1,
        "fuel": 7395,
        "fault": 0.4269,
        "weapon": 0,
        "pilot_injury": 0.1838,
        "pilot_skill": 0.9414,
        "mission_priority": 0.5324,
        "estimated_landing_time": 1792.0,
        "wait_time": 0,
        "Landing_success_rate": 0.9315
    },
    {
        "model": 0,
        "sequence": 18,
        "status": 1,
        "fuel": 7457,
        "fault": 0.3416,
        "weapon": 1,
        "pilot_injury": 0.3353,
        "pilot_skill": 0.9855,
        "mission_priority": 0.5218,
        "estimated_landing_time": 1698.0,
        "wait_time": 0,
        "Landing_success_rate": 0.9466
    },
    {
        "model": 2,
        "sequence": 8,
        "status": 1,
        "fuel": 6920,
        "fault": 0.1306,
        "weapon": 1,
        "pilot_injury": 0.4819,
        "pilot_skill": 0.0425,
        "mission_priority": 0.4625,
        "estimated_landing_time": 758.0,
        "wait_time": 0,
        "Landing_success_rate": 0.9426
    },
    {
        "model": 0,
        "sequence": 21,
        "status": 1,
        "fuel": 6765,
        "fault": 0.9904,
        "weapon": 1,
        "pilot_injury": 0.3549,
        "pilot_skill": 0.9825,
        "mission_priority": 0.1808,
        "estimated_landing_time": 1980.0,
        "wait_time": 0,
        "Landing_success_rate": 0.8509
    },
    {
        "model": 0,
        "sequence": 14,
        "status": 1,
        "fuel": 7384,
        "fault": 0.1347,
        "weapon": 0,
        "pilot_injury": 0.7339,
        "pilot_skill": 0.9948,
        "mission_priority": 0.8191,
        "estimated_landing_time": 1322.0,
        "wait_time": 0,
        "Landing_success_rate": 0.9723
    },
    {
        "model": 1,
        "sequence": 1,
        "status": 1,
        "fuel": 7127,
        "fault": 0.677,
        "weapon": 0,
        "pilot_injury": 0.835,
        "pilot_skill": 0.936,
        "mission_priority": 0.9892,
        "estimated_landing_time": 100.0,
        "wait_time": 0,
        "Landing_success_rate": 0.8894
    },
    {
        "model": 1,
        "sequence": 24,
        "status": 1,
        "fuel": 5592,
        "fault": 0.1866,
        "weapon": 1,
        "pilot_injury": 0.1559,
        "pilot_skill": 0.2535,
        "mission_priority": 0.089,
        "estimated_landing_time": 2262.0,
        "wait_time": 0,
        "Landing_success_rate": 0.8556
    },
    {
        "model": 2,
        "sequence": 9,
        "status": 1,
        "fuel": 6924,
        "fault": 0.7679,
        "weapon": 1,
        "pilot_injury": 0.5106,
        "pilot_skill": 0.1816,
        "mission_priority": 0.9642,
        "estimated_landing_time": 852.0,
        "wait_time": 0,
        "Landing_success_rate": 0.8748
    },
    {
        "model": 2,
        "sequence": 11,
        "status": 1,
        "fuel": 7042,
        "fault": 0.7087,
        "weapon": 1,
        "pilot_injury": 0.0088,
        "pilot_skill": 0.4857,
        "mission_priority": 0.8377,
        "estimated_landing_time": 1040.0,
        "wait_time": 0,
        "Landing_success_rate": 0.8837
    },
    {
        "model": 2,
        "sequence": 5,
        "status": 1,
        "fuel": 5999,
        "fault": 0.3512,
        "weapon": 0,
        "pilot_injury": 0.252,
        "pilot_skill": 0.3811,
        "mission_priority": 0.7776,
        "estimated_landing_time": 476.0,
        "wait_time": 0,
        "Landing_success_rate": 0.8743
    }
]