[
    {
        "model": 1,
        "sequence": 22,
        "status": 1,
        "fuel": 7341,
        "fault": 0.4401,
        "weapon": 0,
        "pilot_injury": 0.9281,
        "pilot_skill": 0.5303,
        "mission_priority": 0.3536,
        "estimated_landing_time": 2074.0,
        "wait_time": 0,
        "Landing_success_rate": 0.9273
    },
    {
        "model": 1,
        "sequence": 3,
        "status": 1,
        "fuel": 6373,
        "fault": 0.1662,
        "weapon": 1,
        "pilot_injury": 0.3185,
        "pilot_skill": 0.7232,
        "mission_priority": 0.8016,
        "estimated_landing_time": 288.0,
        "wait_time": 0,
        "Landing_success_rate": 0.9046
    },
    {
        "model": 1,
        "sequence": 6,
        "status": 1,
        "fuel": 5796,
        "fault": 0.234,
        "weapon": 0,
        "pilot_injury": 0.7867,
        "pilot_skill": 0.7699,
        "mission_priority": 0.8575,
        "estimated_landing_time": 570.0,
        "wait_time": 0,
        "Landing_success_rate": 0.867
    },
    {
        "model": 0,
        "sequence": 2,
        "status": 1,
        "fuel": 6291,
        "fault": 0.4918,
        "weapon": 1,
        "pilot_injury": 0.7376,
        "pilot_skill": 0.5997,
        "mission_priority": 0.1776,
        "estimated_landing_time": 194.0,
        "wait_time": 0,
        "Landing_success_rate": 0.8801
    },
    {
        "model": 2,
        "sequence": 9,
        "status": 1,
        "fuel": 6441,
        "fault": 0.1359,
        "weapon": 0,
        "pilot_injury": 0.5678,
        "pilot_skill": 0.8316,
        "mission_priority": 0.9325,
        "estimated_landing_time": 852.0,
        "wait_time": 0,
        "Landing_success_rate": 0.911
    },
    {
        "model": 2,
        "sequence": 5,
        "status": 1,
        "fuel": 7140,
        "fault": 0.4433,
        "weapon": 1,
        "pilot_injury": 0.4701,
        "pilot_skill": 0.3898,
        "mission_priority": 0.3927,
        "estimated_landing_time": 476.0,
        "wait_time": 0,
        "Landing_success_rate": 0.9185
    },
    {
        "model": 1,
        "sequence": 19,
        "status": 1,
        "fuel": 6394,
        "fault": 0.6343,
        "weapon": 1,
        "pilot_injury": 0.5795,
        "pilot_skill": 0.6651,
        "mission_priority": 0.4389,
        "estimated_landing_time": 1792.0,
        "wait_time": 0,
        "Landing_success_rate": 0.8745
    },
    {
        "model": 0,
        "sequence": 10,
        "status": 1,
        "fuel": 6412,
        "fault": 0.8704,
        "weapon": 1,
        "pilot_injury": 0.22,
        "pilot_skill": 0.4792,
        "mission_priority": 0.6754,
        "estimated_landing_time": 946.0,
        "wait_time": 0,
        "Landing_success_rate": 0.8589
    },
    {
        "model": 0,
        "sequence": 11,
        "status": 1,
        "fuel": 6459,
        "fault": 0.8158,
        "weapon": 0,
        "pilot_injury": 0.5834,
        "pilot_skill": 0.9479,
        "mission_priority": 0.4851,
        "estimated_landing_time": 1040.0,
        "wait_time": 0,
        "Landing_success_rate": 0.8632
    },
    {
        "model": 0,
        "sequence": 4,
        "status": 1,
        "fuel": 6465,
        "fault": 0.1246,
        "weapon": 0,
        "pilot_injury": 0.1474,
        "pilot_skill": 0.7082,
        "mission_priority": 0.4355,
        "estimated_landing_time": 382.0,
        "wait_time": 0,
        "Landing_success_rate": 0.9134
    },
    {
        "model": 0,
        "sequence": 24,
        "status": 1,
        "fuel": 6712,
        "fault": 0.2171,
        "weapon": 0,
        "pilot_injury": 0.7427,
        "pilot_skill": 0.1799,
        "mission_priority": 0.9144,
        "estimated_landing_time": 2262.0,
        "wait_time": 0,
        "Landing_success_rate": 0.9212
    },
    {
        "model": 0,
        "sequence": 8,
        "status": 1,
        "fuel": 7446,
        "fault": 0.4766,
        "weapon": 0,
        "pilot_injury": 0.3171,
        "pilot_skill": 0.9393,
        "mission_priority": 0.3685,
        "estimated_landing_time": 758.0,
        "wait_time": 0,
        "Landing_success_rate": 0.9264
    },
    {
        "model": 0,
        "sequence": 17,
        "status": 1,
        "fuel": 7103,
        "fault": 0.7595,
        "weapon": 0,
        "pilot_injury": 0.7035,
        "pilot_skill": 0.5979,
        "mission_priority": 0.4899,
        "estimated_landing_time": 1604.0,
        "wait_time": 0,
        "Landing_success_rate": 0.8789
    },
    {
        "model": 1,
        "sequence": 12,
        "status": 1,
        "fuel": 6429,
        "fault": 0.5032,
        "weapon": 0,
        "pilot_injury": 0.4168,
        "pilot_skill": 0.5602,
        "mission_priority": 0.4293,
        "estimated_landing_time": 1134.0,
        "wait_time": 0,
        "Landing_success_rate": 0.8846
    },
    {
        "model": 2,
        "sequence": 1,
        "status": 1,
        "fuel": 6633,
        "fault": 0.2602,
        "weapon": 1,
        "pilot_injury": 0.7492,
        "pilot_skill": 0.9363,
        "mission_priority": 0.5916,
        "estimated_landing_time": 100.0,
        "wait_time": 0,
        "Landing_success_rate": 0.9129
    },
    {
        "model": 2,
        "sequence": 14,
        "status": 1,
        "fuel": 7410,
        "fault": 0.7361,
        "weapon": 0,
        "pilot_injury": 0.7023,
        "pilot_skill": 0.2791,
        "mission_priority": 0.5794,
        "estimated_landing_time": 1322.0,
        "wait_time": 0,
        "Landing_success_rate": 0.8878
    },
    {
        "model": 1,
        "sequence": 21,
        "status": 1,
        "fuel": 5905,
        "fault": 0.2702,
        "weapon": 0,
        "pilot_injury": 0.9849,
        "pilot_skill": 0.8778,
        "mission_priority": 0.8951,
        "estimated_landing_time": 1980.0,
        "wait_time": 0,
        "Landing_success_rate": 0.8722
    },
    {
        "model": 2,
        "sequence": 20,
        "status": 1,
        "fuel": 6293,
        "fault": 0.3448,
        "weapon": 0,
        "pilot_injury": 0.3112,
        "pilot_skill": 0.77,
        "mission_priority": 0.8668,
        "estimated_landing_time": 1886.0,
        "wait_time": 0,
        "Landing_success_rate": 0.889
    },
    {
        "model": 0,
        "sequence": 7,
        "status": 1,
        "fuel": 6305,
        "fault": 0.922,
        "weapon": 1,
        "pilot_injury": 0.0116,
        "pilot_skill": 0.2996,
        "mission_priority": 0.6232,
        "estimated_landing_time": 664.0,
        "wait_time": 0,
        "Landing_success_rate": 0.8547
    },
    {
        "model": 0,
        "sequence": 16,
        "status": 1,
        "fuel": 6054,
        "fault": 0.6194,
        "weapon": 1,
        "pilot_injury": 0.3678,
        "pilot_skill": 0.0254,
        "mission_priority": 0.6427,
        "estimated_landing_time": 1510.0,
        "wait_time": 0,
        "Landing_success_rate": 0.8658
    },
    {
        "model": 2,
        "sequence": 13,
        "status": 1,
        "fuel": 7156,
        "fault": 0.8099,
        "weapon": 1,
        "pilot_injury": 0.6995,
        "pilot_skill": 0.4658,
        "mission_priority": 0.512,
        "estimated_landing_time": 1228.0,
        "wait_time": 0,
        "Landing_success_rate": 0.8736
    },
    {
        "model": 0,
        "sequence": 15,
        "status": 1,
        "fuel": 6687,
        "fault": 0.4771,
        "weapon": 0,
        "pilot_injury": 0.1877,
        "pilot_skill": 0.8212,
        "mission_priority": 0.9148,
        "estimated_landing_time": 1416.0,
        "wait_time": 0,
        "Landing_success_rate": 0.8966
    },
    {
        "model": 0,
        "sequence": 23,
        "status": 1,
        "fuel": 6912,
        "fault": 0.2582,
        "weapon": 1,
        "pilot_injury": 0.1215,
        "pilot_skill": 0.6085,
        "mission_priority": 0.7028,
        "estimated_landing_time": 2168.0,
        "wait_time": 0,
        "Landing_success_rate": 0.9286
    },
    {
        "model": 2,
        "sequence": 18,
        "status": 1,
        "fuel": 6696,
        "fault": 0.6538,
        "weapon": 1,
        "pilot_injury": 0.8774,
        "pilot_skill": 0.7429,
        "mission_priority": 0.8999,
        "estimated_landing_time": 1698.0,
        "wait_time": 0,
        "Landing_success_rate": 0.8811
    }
]