[
    {
        "model": 2,
        "sequence": 2,
        "status": 1,
        "fuel": 5932,
        "fault": 0.7506,
        "weapon": 1,
        "pilot_injury": 0.2608,
        "pilot_skill": 0.0091,
        "mission_priority": 0.6483,
        "estimated_landing_time": 194.0,
        "wait_time": 0,
        "Landing_success_rate": 0.8581
    },
    {
        "model": 1,
        "sequence": 22,
        "status": 1,
        "fuel": 6391,
        "fault": 0.5129,
        "weapon": 1,
        "pilot_injury": 0.967,
        "pilot_skill": 0.5712,
        "mission_priority": 0.8634,
        "estimated_landing_time": 2074.0,
        "wait_time": 0,
        "Landing_success_rate": 0.8826
    },
    {
        "model": 2,
        "sequence": 13,
        "status": 1,
        "fuel": 6178,
        "fault": 0.8725,
        "weapon": 1,
        "pilot_injury": 0.868,
        "pilot_skill": 0.5831,
        "mission_priority": 0.718,
        "estimated_landing_time": 1228.0,
        "wait_time": 0,
        "Landing_success_rate": 0.8565
    },
    {
        "model": 1,
        "sequence": 4,
        "status": 1,
        "fuel": 7362,
        "fault": 0.3888,
        "weapon": 1,
        "pilot_injury": 0.4579,
        "pilot_skill": 0.3945,
        "mission_priority": 0.8671,
        "estimated_landing_time": 382.0,
        "wait_time": 0,
        "Landing_success_rate": 0.9354
    },
    {
        "model": 2,
        "sequence": 24,
        "status": 1,
        "fuel": 5993,
        "fault": 0.1244,
        "weapon": 0,
        "pilot_injury": 0.9581,
        "pilot_skill": 0.2476,
        "mission_priority": 0.3481,
        "estimated_landing_time": 2262.0,
        "wait_time": 0,
        "Landing_success_rate": 0.8824
    },
    {
        "model": 0,
        "sequence": 15,
        "status": 1,
        "fuel": 6527,
        "fault": 0.8374,
        "weapon": 1,
        "pilot_injury": 0.4434,
        "pilot_skill": 0.321,
        "mission_priority": 0.5261,
        "estimated_landing_time": 1416.0,
        "wait_time": 0,
        "Landing_success_rate": 0.8625
    },
    {
        "model": 0,
        "sequence": 21,
        "status": 1,
        "fuel": 6673,
        "fault": 0.2668,
        "weapon": 1,
        "pilot_injury": 0.7365,
        "pilot_skill": 0.0517,
        "mission_priority": 0.0493,
        "estimated_landing_time": 1980.0,
        "wait_time": 0,
        "Landing_success_rate": 0.9145
    },
    {
        "model": 2,
        "sequence": 6,
        "status": 1,
        "fuel": 5587,
        "fault": 0.139,
        "weapon": 0,
        "pilot_injury": 0.3156,
        "pilot_skill": 0.491,
        "mission_priority": 0.3207,
        "estimated_landing_time": 570.0,
        "wait_time": 0,
        "Landing_success_rate": 0.8556
    },
    {
        "model": 1,
        "sequence": 16,
        "status": 1,
        "fuel": 5677,
        "fault": 0.0068,
        "weapon": 1,
        "pilot_injury": 0.9749,
        "pilot_skill": 0.4111,
        "mission_priority": 0.4447,
        "estimated_landing_time": 1510.0,
        "wait_time": 0,
        "Landing_success_rate": 0.8632
    },
    {
        "model": 0,
        "sequence": 8,
        "status": 1,
        "fuel": 6489,
        "fault": 0.641,
        "weapon": 0,
        "pilot_injury": 0.2416,
        "pilot_skill": 0.6813,
        "mission_priority": 0.716,
        "estimated_landing_time": 758.0,
        "wait_time": 0,
        "Landing_success_rate": 0.8766
    },
    {
        "model": 1,
        "sequence": 9,
        "status": 1,
        "fuel": 6775,
        "fault": 0.3809,
        "weapon": 0,
        "pilot_injury": 0.6769,
        "pilot_skill": 0.0641,
        "mission_priority": 0.5961,
        "estimated_landing_time": 852.0,
        "wait_time": 0,
        "Landing_success_rate": 0.9092
    },
    {
        "model": 2,
        "sequence": 20,
        "status": 1,
        "fuel": 5813,
        "fault": 0.2783,
        "weapon": 1,
        "pilot_injury": 0.8416,
        "pilot_skill": 0.0304,
        "mission_priority": 0.8438,
        "estimated_landing_time": 1886.0,
        "wait_time": 0,
        "Landing_success_rate": 0.8669
    },
    {
        "model": 2,
        "sequence": 14,
        "status": 1,
        "fuel": 6939,
        "fault": 0.2176,
        "weapon": 1,
        "pilot_injury": 0.6771,
        "pilot_skill": 0.119,
        "mission_priority": 0.0689,
        "estimated_landing_time": 1322.0,
        "wait_time": 0,
        "Landing_success_rate": 0.9344
    },
    {
        "model": 0,
        "sequence": 1,
        "status": 1,
        "fuel": 6616,
        "fault": 0.3478,
        "weapon": 0,
        "pilot_injury": 0.254,
        "pilot_skill": 0.8777,
        "mission_priority": 0.0896,
        "estimated_landing_time": 100.0,
        "wait_time": 0,
        "Landing_success_rate": 0.9046
    },
    {
        "model": 2,
        "sequence": 7,
        "status": 1,
        "fuel": 6099,
        "fault": 0.2388,
        "weapon": 1,
        "pilot_injury": 0.7603,
        "pilot_skill": 0.7224,
        "mission_priority": 0.0074,
        "estimated_landing_time": 664.0,
        "wait_time": 0,
        "Landing_success_rate": 0.8842
    },
    {
        "model": 0,
        "sequence": 3,
        "status": 1,
        "fuel": 6216,
        "fault": 0.3667,
        "weapon": 1,
        "pilot_injury": 0.8662,
        "pilot_skill": 0.8716,
        "mission_priority": 0.4183,
        "estimated_landing_time": 288.0,
        "wait_time": 0,
        "Landing_success_rate": 0.884
    },
    {
        "model": 1,
        "sequence": 11,
        "status": 1,
        "fuel": 5823,
        "fault": 0.2417,
        "weapon": 1,
        "pilot_injury": 0.7166,
        "pilot_skill": 0.3587,
        "mission_priority": 0.2678,
        "estimated_landing_time": 1040.0,
        "wait_time": 0,
        "Landing_success_rate": 0.8684
    },
    {
        "model": 0,
        "sequence": 17,
        "status": 1,
        "fuel": 5972,
        "fault": 0.7777,
        "weapon": 1,
        "pilot_injury": 0.7466,
        "pilot_skill": 0.0126,
        "mission_priority": 0.6445,
        "estimated_landing_time": 1604.0,
        "wait_time": 0,
        "Landing_success_rate": 0.8579
    },
    {
        "model": 0,
        "sequence": 23,
        "status": 1,
        "fuel": 6943,
        "fault": 0.3128,
        "weapon": 0,
        "pilot_injury": 0.6356,
        "pilot_skill": 0.9929,
        "mission_priority": 0.7777,
        "estimated_landing_time": 2168.0,
        "wait_time": 0,
        "Landing_success_rate": 0.9244
    },
    {
        "model": 1,
        "sequence": 12,
        "status": 1,
        "fuel": 5565,
        "fault": 0.3294,
        "weapon": 0,
        "pilot_injury": 0.8662,
        "pilot_skill": 0.4442,
        "mission_priority": 0.1371,
        "estimated_landing_time": 1134.0,
        "wait_time": 0,
        "Landing_success_rate": 0.8533
    },
    {
        "model": 0,
        "sequence": 19,
        "status": 1,
        "fuel": 6334,
        "fault": 0.2939,
        "weapon": 1,
        "pilot_injury": 0.9839,
        "pilot_skill": 0.9097,
        "mission_priority": 0.8518,
        "estimated_landing_time": 1792.0,
        "wait_time": 0,
        "Landing_success_rate": 0.8942
    },
    {
        "model": 0,
        "sequence": 10,
        "status": 1,
        "fuel": 6536,
        "fault": 0.2252,
        "weapon": 0,
        "pilot_injury": 0.569,
        "pilot_skill": 0.5315,
        "mission_priority": 0.458,
        "estimated_landing_time": 946.0,
        "wait_time": 0,
        "Landing_success_rate": 0.9102
    },
    {
        "model": 2,
        "sequence": 18,
        "status": 1,
        "fuel": 6580,
        "fault": 0.7518,
        "weapon": 1,
        "pilot_injury": 0.5693,
        "pilot_skill": 0.0021,
        "mission_priority": 0.2607,
        "estimated_landing_time": 1698.0,
        "wait_time": 0,
        "Landing_success_rate": 0.8701
    },
    {
        "model": 1,
        "sequence": 5,
        "status": 1,
        "fuel": 6229,
        "fault": 0.5793,
        "weapon": 0,
        "pilot_injury": 0.1742,
        "pilot_skill": 0.5469,
        "mission_priority": 0.7145,
        "estimated_landing_time": 476.0,
        "wait_time": 0,
        "Landing_success_rate": 0.873
    }
]