[
    {
        "model": 1,
        "sequence": 16,
        "status": 1,
        "fuel": 5518,
        "fault": 0.7736,
        "weapon": 0,
        "pilot_injury": 0.6618,
        "pilot_skill": 0.0768,
        "mission_priority": 0.3547,
        "estimated_landing_time": 1510.0,
        "wait_time": 0,
        "Landing_success_rate": 0.8503
    },
    {
        "model": 2,
        "sequence": 7,
        "status": 1,
        "fuel": 7135,
        "fault": 0.6814,
        "weapon": 1,
        "pilot_injury": 0.8336,
        "pilot_skill": 0.8147,
        "mission_priority": 0.6118,
        "estimated_landing_time": 664.0,
        "wait_time": 0,
        "Landing_success_rate": 0.8891
    },
    {
        "model": 0,
        "sequence": 9,
        "status": 1,
        "fuel": 5644,
        "fault": 0.8993,
        "weapon": 1,
        "pilot_injury": 0.1059,
        "pilot_skill": 0.3549,
        "mission_priority": 0.4132,
        "estimated_landing_time": 852.0,
        "wait_time": 0,
        "Landing_success_rate": 0.8511
    },
    {
        "model": 0,
        "sequence": 23,
        "status": 1,
        "fuel": 6325,
        "fault": 0.5378,
        "weapon": 0,
        "pilot_injury": 0.0701,
        "pilot_skill": 0.3953,
        "mission_priority": 0.1818,
        "estimated_landing_time": 2168.0,
        "wait_time": 0,
        "Landing_success_rate": 0.8786
    },
    {
        "model": 1,
        "sequence": 20,
        "status": 1,
        "fuel": 5686,
        "fault": 0.0292,
        "weapon": 1,
        "pilot_injury": 0.0419,
        "pilot_skill": 0.4192,
        "mission_priority": 0.1682,
        "estimated_landing_time": 1886.0,
        "wait_time": 0,
        "Landing_success_rate": 0.8635
    },
    {
        "model": 1,
        "sequence": 13,
        "status": 1,
        "fuel": 5736,
        "fault": 0.7101,
        "weapon": 0,
        "pilot_injury": 0.2314,
        "pilot_skill": 0.5024,
        "mission_priority": 0.7315,
        "estimated_landing_time": 1228.0,
        "wait_time": 0,
        "Landing_success_rate": 0.8551
    },
    {
        "model": 0,
        "sequence": 8,
        "status": 1,
        "fuel": 5700,
        "fault": 0.3131,
        "weapon": 1,
        "pilot_injury": 0.8862,
        "pilot_skill": 0.9343,
        "mission_priority": 0.9164,
        "estimated_landing_time": 758.0,
        "wait_time": 0,
        "Landing_success_rate": 0.8603
    },
    {
        "model": 0,
        "sequence": 1,
        "status": 1,
        "fuel": 6501,
        "fault": 0.3166,
        "weapon": 1,
        "pilot_injury": 0.4032,
        "pilot_skill": 0.7524,
        "mission_priority": 0.5313,
        "estimated_landing_time": 100.0,
        "wait_time": 0,
        "Landing_success_rate": 0.9013
    },
    {
        "model": 1,
        "sequence": 18,
        "status": 1,
        "fuel": 6720,
        "fault": 0.781,
        "weapon": 0,
        "pilot_injury": 0.7315,
        "pilot_skill": 0.8245,
        "mission_priority": 0.1464,
        "estimated_landing_time": 1698.0,
        "wait_time": 0,
        "Landing_success_rate": 0.87
    },
    {
        "model": 0,
        "sequence": 12,
        "status": 1,
        "fuel": 5952,
        "fault": 0.0081,
        "weapon": 1,
        "pilot_injury": 0.8447,
        "pilot_skill": 0.4313,
        "mission_priority": 0.379,
        "estimated_landing_time": 1134.0,
        "wait_time": 0,
        "Landing_success_rate": 0.8836
    },
    {
        "model": 1,
        "sequence": 19,
        "status": 1,
        "fuel": 6418,
        "fault": 0.5005,
        "weapon": 1,
        "pilot_injury": 0.8442,
        "pilot_skill": 0.484,
        "mission_priority": 0.5141,
        "estimated_landing_time": 1792.0,
        "wait_time": 0,
        "Landing_success_rate": 0.8844
    },
    {
        "model": 0,
        "sequence": 11,
        "status": 1,
        "fuel": 7264,
        "fault": 0.9016,
        "weapon": 1,
        "pilot_injury": 0.3252,
        "pilot_skill": 0.0393,
        "mission_priority": 0.272,
        "estimated_landing_time": 1040.0,
        "wait_time": 0,
        "Landing_success_rate": 0.863
    },
    {
        "model": 1,
        "sequence": 14,
        "status": 1,
        "fuel": 7174,
        "fault": 0.7128,
        "weapon": 1,
        "pilot_injury": 0.9657,
        "pilot_skill": 0.3952,
        "mission_priority": 0.7284,
        "estimated_landing_time": 1322.0,
        "wait_time": 0,
        "Landing_success_rate": 0.8861
    },
    {
        "model": 2,
        "sequence": 22,
        "status": 1,
        "fuel": 7424,
        "fault": 0.8572,
        "weapon": 1,
        "pilot_injury": 0.8054,
        "pilot_skill": 0.9468,
        "mission_priority": 0.4002,
        "estimated_landing_time": 2074.0,
        "wait_time": 0,
        "Landing_success_rate": 0.8706
    },
    {
        "model": 1,
        "sequence": 4,
        "status": 1,
        "fuel": 7403,
        "fault": 0.6193,
        "weapon": 0,
        "pilot_injury": 0.9903,
        "pilot_skill": 0.0258,
        "mission_priority": 0.6035,
        "estimated_landing_time": 382.0,
        "wait_time": 0,
        "Landing_success_rate": 0.9043
    },
    {
        "model": 1,
        "sequence": 10,
        "status": 1,
        "fuel": 6098,
        "fault": 0.4597,
        "weapon": 1,
        "pilot_injury": 0.1204,
        "pilot_skill": 0.9385,
        "mission_priority": 0.1812,
        "estimated_landing_time": 946.0,
        "wait_time": 0,
        "Landing_success_rate": 0.8742
    },
    {
        "model": 2,
        "sequence": 24,
        "status": 1,
        "fuel": 6606,
        "fault": 0.8871,
        "weapon": 0,
        "pilot_injury": 0.3072,
        "pilot_skill": 0.5465,
        "mission_priority": 0.4172,
        "estimated_landing_time": 2262.0,
        "wait_time": 0,
        "Landing_success_rate": 0.8594
    },
    {
        "model": 0,
        "sequence": 15,
        "status": 1,
        "fuel": 6423,
        "fault": 0.1305,
        "weapon": 1,
        "pilot_injury": 0.4181,
        "pilot_skill": 0.7573,
        "mission_priority": 0.898,
        "estimated_landing_time": 1416.0,
        "wait_time": 0,
        "Landing_success_rate": 0.9102
    },
    {
        "model": 2,
        "sequence": 2,
        "status": 1,
        "fuel": 6516,
        "fault": 0.6904,
        "weapon": 1,
        "pilot_injury": 0.1002,
        "pilot_skill": 0.0166,
        "mission_priority": 0.6617,
        "estimated_landing_time": 194.0,
        "wait_time": 0,
        "Landing_success_rate": 0.8736
    },
    {
        "model": 1,
        "sequence": 17,
        "status": 1,
        "fuel": 5615,
        "fault": 0.3356,
        "weapon": 1,
        "pilot_injury": 0.2338,
        "pilot_skill": 0.0237,
        "mission_priority": 0.8349,
        "estimated_landing_time": 1604.0,
        "wait_time": 0,
        "Landing_success_rate": 0.8557
    },
    {
        "model": 0,
        "sequence": 5,
        "status": 1,
        "fuel": 6184,
        "fault": 0.3046,
        "weapon": 0,
        "pilot_injury": 0.2315,
        "pilot_skill": 0.8684,
        "mission_priority": 0.9265,
        "estimated_landing_time": 476.0,
        "wait_time": 0,
        "Landing_success_rate": 0.8857
    },
    {
        "model": 2,
        "sequence": 6,
        "status": 1,
        "fuel": 6309,
        "fault": 0.9269,
        "weapon": 0,
        "pilot_injury": 0.0394,
        "pilot_skill": 0.5739,
        "mission_priority": 0.3929,
        "estimated_landing_time": 570.0,
        "wait_time": 0,
        "Landing_success_rate": 0.8544
    },
    {
        "model": 0,
        "sequence": 3,
        "status": 1,
        "fuel": 6512,
        "fault": 0.7312,
        "weapon": 1,
        "pilot_injury": 0.0113,
        "pilot_skill": 0.7874,
        "mission_priority": 0.3064,
        "estimated_landing_time": 288.0,
        "wait_time": 0,
        "Landing_success_rate": 0.8704
    },
    {
        "model": 0,
        "sequence": 21,
        "status": 1,
        "fuel": 5803,
        "fault": 0.6977,
        "weapon": 1,
        "pilot_injury": 0.3977,
        "pilot_skill": 0.9738,
        "mission_priority": 0.5442,
        "estimated_landing_time": 1980.0,
        "wait_time": 0,
        "Landing_success_rate": 0.8569
    }
]