[
    {
        "model": 1,
        "sequence": 20,
        "status": 1,
        "fuel": 6461,
        "fault": 0.5376,
        "weapon": 0,
        "pilot_injury": 0.2735,
        "pilot_skill": 0.3997,
        "mission_priority": 0.9829,
        "estimated_landing_time": 1886.0,
        "wait_time": 0,
        "Landing_success_rate": 0.8833
    },
    {
        "model": 1,
        "sequence": 14,
        "status": 1,
        "fuel": 7479,
        "fault": 0.0446,
        "weapon": 0,
        "pilot_injury": 0.2578,
        "pilot_skill": 0.7014,
        "mission_priority": 0.0144,
        "estimated_landing_time": 1322.0,
        "wait_time": 0,
        "Landing_success_rate": 0.9918
    },
    {
        "model": 2,
        "sequence": 21,
        "status": 1,
        "fuel": 6525,
        "fault": 0.6659,
        "weapon": 0,
        "pilot_injury": 0.3417,
        "pilot_skill": 0.9533,
        "mission_priority": 0.9032,
        "estimated_landing_time": 1980.0,
        "wait_time": 0,
        "Landing_success_rate": 0.8757
    },
    {
        "model": 2,
        "sequence": 11,
        "status": 1,
        "fuel": 6543,
        "fault": 0.499,
        "weapon": 1,
        "pilot_injury": 0.6673,
        "pilot_skill": 0.1256,
        "mission_priority": 0.7655,
        "estimated_landing_time": 1040.0,
        "wait_time": 0,
        "Landing_success_rate": 0.8892
    },
    {
        "model": 1,
        "sequence": 24,
        "status": 1,
        "fuel": 6549,
        "fault": 0.4853,
        "weapon": 0,
        "pilot_injury": 0.8192,
        "pilot_skill": 0.5365,
        "mission_priority": 0.8599,
        "estimated_landing_time": 2262.0,
        "wait_time": 0,
        "Landing_success_rate": 0.8905
    },
    {
        "model": 0,
        "sequence": 19,
        "status": 1,
        "fuel": 6414,
        "fault": 0.6131,
        "weapon": 0,
        "pilot_injury": 0.0838,
        "pilot_skill": 0.6431,
        "mission_priority": 0.7625,
        "estimated_landing_time": 1792.0,
        "wait_time": 0,
        "Landing_success_rate": 0.8765
    },
    {
        "model": 2,
        "sequence": 9,
        "status": 1,
        "fuel": 7313,
        "fault": 0.2662,
        "weapon": 0,
        "pilot_injury": 0.8037,
        "pilot_skill": 0.8178,
        "mission_priority": 0.9789,
        "estimated_landing_time": 852.0,
        "wait_time": 0,
        "Landing_success_rate": 0.9498
    },
    {
        "model": 1,
        "sequence": 1,
        "status": 1,
        "fuel": 6938,
        "fault": 0.2065,
        "weapon": 1,
        "pilot_injury": 0.7535,
        "pilot_skill": 0.1325,
        "mission_priority": 0.5469,
        "estimated_landing_time": 100.0,
        "wait_time": 0,
        "Landing_success_rate": 0.9356
    },
    {
        "model": 1,
        "sequence": 5,
        "status": 1,
        "fuel": 6007,
        "fault": 0.815,
        "weapon": 1,
        "pilot_injury": 0.418,
        "pilot_skill": 0.8533,
        "mission_priority": 0.8562,
        "estimated_landing_time": 476.0,
        "wait_time": 0,
        "Landing_success_rate": 0.857
    },
    {
        "model": 0,
        "sequence": 15,
        "status": 1,
        "fuel": 6441,
        "fault": 0.9175,
        "weapon": 1,
        "pilot_injury": 0.2627,
        "pilot_skill": 0.8748,
        "mission_priority": 0.1289,
        "estimated_landing_time": 1416.0,
        "wait_time": 0,
        "Landing_success_rate": 0.8558
    },
    {
        "model": 0,
        "sequence": 23,
        "status": 1,
        "fuel": 7021,
        "fault": 0.0159,
        "weapon": 1,
        "pilot_injury": 0.6231,
        "pilot_skill": 0.3561,
        "mission_priority": 0.7889,
        "estimated_landing_time": 2168.0,
        "wait_time": 0,
        "Landing_success_rate": 0.9623
    },
    {
        "model": 0,
        "sequence": 18,
        "status": 1,
        "fuel": 6303,
        "fault": 0.0966,
        "weapon": 0,
        "pilot_injury": 0.2357,
        "pilot_skill": 0.7137,
        "mission_priority": 0.8737,
        "estimated_landing_time": 1698.0,
        "wait_time": 0,
        "Landing_success_rate": 0.9044
    },
    {
        "model": 2,
        "sequence": 2,
        "status": 1,
        "fuel": 6828,
        "fault": 0.3851,
        "weapon": 1,
        "pilot_injury": 0.5936,
        "pilot_skill": 0.1271,
        "mission_priority": 0.4275,
        "estimated_landing_time": 194.0,
        "wait_time": 0,
        "Landing_success_rate": 0.9112
    },
    {
        "model": 1,
        "sequence": 16,
        "status": 1,
        "fuel": 6523,
        "fault": 0.117,
        "weapon": 0,
        "pilot_injury": 0.7589,
        "pilot_skill": 0.1058,
        "mission_priority": 0.5061,
        "estimated_landing_time": 1510.0,
        "wait_time": 0,
        "Landing_success_rate": 0.9177
    },
    {
        "model": 1,
        "sequence": 7,
        "status": 1,
        "fuel": 6676,
        "fault": 0.1917,
        "weapon": 0,
        "pilot_injury": 0.5135,
        "pilot_skill": 0.9503,
        "mission_priority": 0.5357,
        "estimated_landing_time": 664.0,
        "wait_time": 0,
        "Landing_success_rate": 0.9213
    },
    {
        "model": 1,
        "sequence": 22,
        "status": 1,
        "fuel": 6287,
        "fault": 0.5844,
        "weapon": 0,
        "pilot_injury": 0.493,
        "pilot_skill": 0.4719,
        "mission_priority": 0.4903,
        "estimated_landing_time": 2074.0,
        "wait_time": 0,
        "Landing_success_rate": 0.8745
    },
    {
        "model": 0,
        "sequence": 3,
        "status": 1,
        "fuel": 7273,
        "fault": 0.0554,
        "weapon": 1,
        "pilot_injury": 0.4035,
        "pilot_skill": 0.3333,
        "mission_priority": 0.4919,
        "estimated_landing_time": 288.0,
        "wait_time": 0,
        "Landing_success_rate": 0.9756
    },
    {
        "model": 1,
        "sequence": 8,
        "status": 1,
        "fuel": 5516,
        "fault": 0.9178,
        "weapon": 1,
        "pilot_injury": 0.794,
        "pilot_skill": 0.4865,
        "mission_priority": 0.334,
        "estimated_landing_time": 758.0,
        "wait_time": 0,
        "Landing_success_rate": 0.8501
    },
    {
        "model": 2,
        "sequence": 17,
        "status": 1,
        "fuel": 7231,
        "fault": 0.9783,
        "weapon": 1,
        "pilot_injury": 0.9493,
        "pilot_skill": 0.3051,
        "mission_priority": 0.1689,
        "estimated_landing_time": 1604.0,
        "wait_time": 0,
        "Landing_success_rate": 0.8528
    },
    {
        "model": 0,
        "sequence": 13,
        "status": 1,
        "fuel": 7288,
        "fault": 0.4474,
        "weapon": 0,
        "pilot_injury": 0.0352,
        "pilot_skill": 0.3231,
        "mission_priority": 0.5441,
        "estimated_landing_time": 1228.0,
        "wait_time": 0,
        "Landing_success_rate": 0.9241
    },
    {
        "model": 0,
        "sequence": 4,
        "status": 1,
        "fuel": 6947,
        "fault": 0.082,
        "weapon": 0,
        "pilot_injury": 0.4473,
        "pilot_skill": 0.9655,
        "mission_priority": 0.3773,
        "estimated_landing_time": 382.0,
        "wait_time": 0,
        "Landing_success_rate": 0.9496
    },
    {
        "model": 0,
        "sequence": 12,
        "status": 1,
        "fuel": 7308,
        "fault": 0.1844,
        "weapon": 1,
        "pilot_injury": 0.4578,
        "pilot_skill": 0.7595,
        "mission_priority": 0.206,
        "estimated_landing_time": 1134.0,
        "wait_time": 0,
        "Landing_success_rate": 0.9606
    },
    {
        "model": 0,
        "sequence": 6,
        "status": 1,
        "fuel": 7127,
        "fault": 0.664,
        "weapon": 1,
        "pilot_injury": 0.4189,
        "pilot_skill": 0.7759,
        "mission_priority": 0.3387,
        "estimated_landing_time": 570.0,
        "wait_time": 0,
        "Landing_success_rate": 0.891
    },
    {
        "model": 2,
        "sequence": 10,
        "status": 1,
        "fuel": 6268,
        "fault": 0.9453,
        "weapon": 0,
        "pilot_injury": 0.742,
        "pilot_skill": 0.0523,
        "mission_priority": 0.8525,
        "estimated_landing_time": 946.0,
        "wait_time": 0,
        "Landing_success_rate": 0.8532
    }
]