[
    {
        "model": 2,
        "sequence": 12,
        "status": 1,
        "fuel": 5830,
        "fault": 0.7931,
        "weapon": 0,
        "pilot_injury": 0.3919,
        "pilot_skill": 0.6591,
        "mission_priority": 0.1089,
        "estimated_landing_time": 1134.0,
        "wait_time": 0,
        "Landing_success_rate": 0.8551
    },
    {
        "model": 2,
        "sequence": 13,
        "status": 1,
        "fuel": 6079,
        "fault": 0.9514,
        "weapon": 1,
        "pilot_injury": 0.4067,
        "pilot_skill": 0.953,
        "mission_priority": 0.5225,
        "estimated_landing_time": 1228.0,
        "wait_time": 0,
        "Landing_success_rate": 0.8521
    },
    {
        "model": 2,
        "sequence": 7,
        "status": 1,
        "fuel": 6855,
        "fault": 0.2595,
        "weapon": 0,
        "pilot_injury": 0.9194,
        "pilot_skill": 0.1761,
        "mission_priority": 0.214,
        "estimated_landing_time": 664.0,
        "wait_time": 0,
        "Landing_success_rate": 0.9253
    },
    {
        "model": 2,
        "sequence": 1,
        "status": 1,
        "fuel": 5653,
        "fault": 0.0142,
        "weapon": 1,
        "pilot_injury": 0.7926,
        "pilot_skill": 0.9079,
        "mission_priority": 0.9437,
        "estimated_landing_time": 100.0,
        "wait_time": 0,
        "Landing_success_rate": 0.8613
    },
    {
        "model": 0,
        "sequence": 9,
        "status": 1,
        "fuel": 6118,
        "fault": 0.3952,
        "weapon": 1,
        "pilot_injury": 0.9773,
        "pilot_skill": 0.7573,
        "mission_priority": 0.1617,
        "estimated_landing_time": 852.0,
        "wait_time": 0,
        "Landing_success_rate": 0.878
    },
    {
        "model": 0,
        "sequence": 11,
        "status": 1,
        "fuel": 5507,
        "fault": 0.7731,
        "weapon": 1,
        "pilot_injury": 0.2473,
        "pilot_skill": 0.6406,
        "mission_priority": 0.6666,
        "estimated_landing_time": 1040.0,
        "wait_time": 0,
        "Landing_success_rate": 0.8501
    },
    {
        "model": 2,
        "sequence": 19,
        "status": 1,
        "fuel": 5686,
        "fault": 0.9602,
        "weapon": 1,
        "pilot_injury": 0.7716,
        "pilot_skill": 0.4989,
        "mission_priority": 0.0121,
        "estimated_landing_time": 1792.0,
        "wait_time": 0,
        "Landing_success_rate": 0.8506
    },
    {
        "model": 1,
        "sequence": 4,
        "status": 1,
        "fuel": 5573,
        "fault": 0.7844,
        "weapon": 1,
        "pilot_injury": 0.9262,
        "pilot_skill": 0.2287,
        "mission_priority": 0.6344,
        "estimated_landing_time": 382.0,
        "wait_time": 0,
        "Landing_success_rate": 0.8512
    },
    {
        "model": 1,
        "sequence": 8,
        "status": 1,
        "fuel": 7251,
        "fault": 0.8081,
        "weapon": 1,
        "pilot_injury": 0.848,
        "pilot_skill": 0.7289,
        "mission_priority": 0.0954,
        "estimated_landing_time": 758.0,
        "wait_time": 0,
        "Landing_success_rate": 0.8752
    },
    {
        "model": 0,
        "sequence": 22,
        "status": 1,
        "fuel": 6112,
        "fault": 0.2458,
        "weapon": 0,
        "pilot_injury": 0.4809,
        "pilot_skill": 0.6624,
        "mission_priority": 0.1185,
        "estimated_landing_time": 2074.0,
        "wait_time": 0,
        "Landing_success_rate": 0.8846
    },
    {
        "model": 2,
        "sequence": 3,
        "status": 1,
        "fuel": 6788,
        "fault": 0.1538,
        "weapon": 0,
        "pilot_injury": 0.9195,
        "pilot_skill": 0.9933,
        "mission_priority": 0.0449,
        "estimated_landing_time": 288.0,
        "wait_time": 0,
        "Landing_success_rate": 0.9317
    },
    {
        "model": 2,
        "sequence": 10,
        "status": 1,
        "fuel": 6104,
        "fault": 0.4815,
        "weapon": 0,
        "pilot_injury": 0.3925,
        "pilot_skill": 0.7543,
        "mission_priority": 0.9184,
        "estimated_landing_time": 946.0,
        "wait_time": 0,
        "Landing_success_rate": 0.8735
    },
    {
        "model": 0,
        "sequence": 23,
        "status": 1,
        "fuel": 7148,
        "fault": 0.4444,
        "weapon": 1,
        "pilot_injury": 0.3571,
        "pilot_skill": 0.7875,
        "mission_priority": 0.251,
        "estimated_landing_time": 2168.0,
        "wait_time": 0,
        "Landing_success_rate": 0.9187
    },
    {
        "model": 1,
        "sequence": 16,
        "status": 1,
        "fuel": 6192,
        "fault": 0.3586,
        "weapon": 1,
        "pilot_injury": 0.8473,
        "pilot_skill": 0.9022,
        "mission_priority": 0.8774,
        "estimated_landing_time": 1510.0,
        "wait_time": 0,
        "Landing_success_rate": 0.8833
    },
    {
        "model": 1,
        "sequence": 17,
        "status": 1,
        "fuel": 6927,
        "fault": 0.1018,
        "weapon": 1,
        "pilot_injury": 0.8398,
        "pilot_skill": 0.7518,
        "mission_priority": 0.2287,
        "estimated_landing_time": 1604.0,
        "wait_time": 0,
        "Landing_success_rate": 0.9461
    },
    {
        "model": 1,
        "sequence": 20,
        "status": 1,
        "fuel": 6716,
        "fault": 0.1752,
        "weapon": 1,
        "pilot_injury": 0.6795,
        "pilot_skill": 0.2249,
        "mission_priority": 0.4314,
        "estimated_landing_time": 1886.0,
        "wait_time": 0,
        "Landing_success_rate": 0.9252
    },
    {
        "model": 0,
        "sequence": 18,
        "status": 1,
        "fuel": 6779,
        "fault": 0.4366,
        "weapon": 0,
        "pilot_injury": 0.4275,
        "pilot_skill": 0.3263,
        "mission_priority": 0.8397,
        "estimated_landing_time": 1698.0,
        "wait_time": 0,
        "Landing_success_rate": 0.904
    },
    {
        "model": 1,
        "sequence": 24,
        "status": 1,
        "fuel": 6632,
        "fault": 0.3531,
        "weapon": 0,
        "pilot_injury": 0.9038,
        "pilot_skill": 0.8458,
        "mission_priority": 0.4009,
        "estimated_landing_time": 2262.0,
        "wait_time": 0,
        "Landing_success_rate": 0.9049
    },
    {
        "model": 0,
        "sequence": 5,
        "status": 1,
        "fuel": 5961,
        "fault": 0.7804,
        "weapon": 1,
        "pilot_injury": 0.8889,
        "pilot_skill": 0.5445,
        "mission_priority": 0.2045,
        "estimated_landing_time": 476.0,
        "wait_time": 0,
        "Landing_success_rate": 0.8576
    },
    {
        "model": 0,
        "sequence": 14,
        "status": 1,
        "fuel": 7427,
        "fault": 0.1861,
        "weapon": 0,
        "pilot_injury": 0.5938,
        "pilot_skill": 0.0328,
        "mission_priority": 0.636,
        "estimated_landing_time": 1322.0,
        "wait_time": 0,
        "Landing_success_rate": 0.9676
    },
    {
        "model": 2,
        "sequence": 21,
        "status": 1,
        "fuel": 5974,
        "fault": 0.069,
        "weapon": 0,
        "pilot_injury": 0.8795,
        "pilot_skill": 0.46,
        "mission_priority": 0.0951,
        "estimated_landing_time": 1980.0,
        "wait_time": 0,
        "Landing_success_rate": 0.8831
    },
    {
        "model": 1,
        "sequence": 15,
        "status": 1,
        "fuel": 6806,
        "fault": 0.8358,
        "weapon": 0,
        "pilot_injury": 0.7267,
        "pilot_skill": 0.7739,
        "mission_priority": 0.3526,
        "estimated_landing_time": 1416.0,
        "wait_time": 0,
        "Landing_success_rate": 0.8661
    },
    {
        "model": 0,
        "sequence": 2,
        "status": 1,
        "fuel": 6527,
        "fault": 0.1516,
        "weapon": 0,
        "pilot_injury": 0.4633,
        "pilot_skill": 0.0454,
        "mission_priority": 0.29,
        "estimated_landing_time": 194.0,
        "wait_time": 0,
        "Landing_success_rate": 0.9153
    },
    {
        "model": 1,
        "sequence": 6,
        "status": 1,
        "fuel": 6376,
        "fault": 0.0376,
        "weapon": 1,
        "pilot_injury": 0.5467,
        "pilot_skill": 0.532,
        "mission_priority": 0.5904,
        "estimated_landing_time": 570.0,
        "wait_time": 0,
        "Landing_success_rate": 0.9132
    }
]