[
    {
        "model": 2,
        "sequence": 13,
        "status": 1,
        "fuel": 6750,
        "fault": 0.9205,
        "weapon": 1,
        "pilot_injury": 0.1894,
        "pilot_skill": 0.5479,
        "mission_priority": 0.024,
        "estimated_landing_time": 1228.0,
        "wait_time": 0,
        "Landing_success_rate": 0.8575
    },
    {
        "model": 0,
        "sequence": 10,
        "status": 1,
        "fuel": 6563,
        "fault": 0.0324,
        "weapon": 0,
        "pilot_injury": 0.6256,
        "pilot_skill": 0.0517,
        "mission_priority": 0.211,
        "estimated_landing_time": 946.0,
        "wait_time": 0,
        "Landing_success_rate": 0.9271
    },
    {
        "model": 2,
        "sequence": 4,
        "status": 1,
        "fuel": 5757,
        "fault": 0.8076,
        "weapon": 1,
        "pilot_injury": 0.6274,
        "pilot_skill": 0.5662,
        "mission_priority": 0.6121,
        "estimated_landing_time": 382.0,
        "wait_time": 0,
        "Landing_success_rate": 0.8537
    },
    {
        "model": 0,
        "sequence": 18,
        "status": 1,
        "fuel": 6313,
        "fault": 0.7455,
        "weapon": 1,
        "pilot_injury": 0.2445,
        "pilot_skill": 0.1371,
        "mission_priority": 0.8491,
        "estimated_landing_time": 1698.0,
        "wait_time": 0,
        "Landing_success_rate": 0.8655
    },
    {
        "model": 1,
        "sequence": 15,
        "status": 1,
        "fuel": 7373,
        "fault": 0.8623,
        "weapon": 0,
        "pilot_injury": 0.1772,
        "pilot_skill": 0.873,
        "mission_priority": 0.7427,
        "estimated_landing_time": 1416.0,
        "wait_time": 0,
        "Landing_success_rate": 0.8693
    },
    {
        "model": 0,
        "sequence": 19,
        "status": 1,
        "fuel": 5722,
        "fault": 0.3502,
        "weapon": 1,
        "pilot_injury": 0.262,
        "pilot_skill": 0.9795,
        "mission_priority": 0.7972,
        "estimated_landing_time": 1792.0,
        "wait_time": 0,
        "Landing_success_rate": 0.8608
    },
    {
        "model": 2,
        "sequence": 23,
        "status": 1,
        "fuel": 7342,
        "fault": 0.687,
        "weapon": 1,
        "pilot_injury": 0.7589,
        "pilot_skill": 0.2971,
        "mission_priority": 0.4266,
        "estimated_landing_time": 2168.0,
        "wait_time": 0,
        "Landing_success_rate": 0.8932
    },
    {
        "model": 2,
        "sequence": 14,
        "status": 1,
        "fuel": 6780,
        "fault": 0.9542,
        "weapon": 1,
        "pilot_injury": 0.7228,
        "pilot_skill": 0.2675,
        "mission_priority": 0.8201,
        "estimated_landing_time": 1322.0,
        "wait_time": 0,
        "Landing_success_rate": 0.8544
    },
    {
        "model": 1,
        "sequence": 16,
        "status": 1,
        "fuel": 7156,
        "fault": 0.2365,
        "weapon": 1,
        "pilot_injury": 0.473,
        "pilot_skill": 0.8021,
        "mission_priority": 0.789,
        "estimated_landing_time": 1510.0,
        "wait_time": 0,
        "Landing_success_rate": 0.9448
    },
    {
        "model": 2,
        "sequence": 1,
        "status": 1,
        "fuel": 6646,
        "fault": 0.8776,
        "weapon": 0,
        "pilot_injury": 0.4539,
        "pilot_skill": 0.595,
        "mission_priority": 0.9739,
        "estimated_landing_time": 100.0,
        "wait_time": 0,
        "Landing_success_rate": 0.8605
    },
    {
        "model": 2,
        "sequence": 7,
        "status": 1,
        "fuel": 6355,
        "fault": 0.518,
        "weapon": 1,
        "pilot_injury": 0.2694,
        "pilot_skill": 0.9891,
        "mission_priority": 0.6703,
        "estimated_landing_time": 664.0,
        "wait_time": 0,
        "Landing_success_rate": 0.8809
    },
    {
        "model": 1,
        "sequence": 6,
        "status": 1,
        "fuel": 5555,
        "fault": 0.7956,
        "weapon": 1,
        "pilot_injury": 0.2725,
        "pilot_skill": 0.2742,
        "mission_priority": 0.1136,
        "estimated_landing_time": 570.0,
        "wait_time": 0,
        "Landing_success_rate": 0.8508
    },
    {
        "model": 1,
        "sequence": 8,
        "status": 1,
        "fuel": 7158,
        "fault": 0.8357,
        "weapon": 0,
        "pilot_injury": 0.7629,
        "pilot_skill": 0.608,
        "mission_priority": 0.1026,
        "estimated_landing_time": 758.0,
        "wait_time": 0,
        "Landing_success_rate": 0.8704
    },
    {
        "model": 0,
        "sequence": 21,
        "status": 1,
        "fuel": 6590,
        "fault": 0.1009,
        "weapon": 1,
        "pilot_injury": 0.9609,
        "pilot_skill": 0.6702,
        "mission_priority": 0.1752,
        "estimated_landing_time": 1980.0,
        "wait_time": 0,
        "Landing_success_rate": 0.9235
    },
    {
        "model": 1,
        "sequence": 20,
        "status": 1,
        "fuel": 6972,
        "fault": 0.4532,
        "weapon": 0,
        "pilot_injury": 0.0283,
        "pilot_skill": 0.0149,
        "mission_priority": 0.1294,
        "estimated_landing_time": 1886.0,
        "wait_time": 0,
        "Landing_success_rate": 0.9104
    },
    {
        "model": 2,
        "sequence": 12,
        "status": 1,
        "fuel": 6683,
        "fault": 0.6902,
        "weapon": 1,
        "pilot_injury": 0.4874,
        "pilot_skill": 0.138,
        "mission_priority": 0.6734,
        "estimated_landing_time": 1134.0,
        "wait_time": 0,
        "Landing_success_rate": 0.8775
    },
    {
        "model": 1,
        "sequence": 11,
        "status": 1,
        "fuel": 5782,
        "fault": 0.2152,
        "weapon": 1,
        "pilot_injury": 0.0137,
        "pilot_skill": 0.0776,
        "mission_priority": 0.3917,
        "estimated_landing_time": 1040.0,
        "wait_time": 0,
        "Landing_success_rate": 0.8666
    },
    {
        "model": 2,
        "sequence": 17,
        "status": 1,
        "fuel": 6765,
        "fault": 0.5837,
        "weapon": 1,
        "pilot_injury": 0.6282,
        "pilot_skill": 0.5472,
        "mission_priority": 0.2312,
        "estimated_landing_time": 1604.0,
        "wait_time": 0,
        "Landing_success_rate": 0.8895
    },
    {
        "model": 0,
        "sequence": 9,
        "status": 1,
        "fuel": 5560,
        "fault": 0.612,
        "weapon": 1,
        "pilot_injury": 0.8609,
        "pilot_skill": 0.7532,
        "mission_priority": 0.5534,
        "estimated_landing_time": 852.0,
        "wait_time": 0,
        "Landing_success_rate": 0.8517
    },
    {
        "model": 1,
        "sequence": 24,
        "status": 1,
        "fuel": 6497,
        "fault": 0.1043,
        "weapon": 0,
        "pilot_injury": 0.8794,
        "pilot_skill": 0.0392,
        "mission_priority": 0.988,
        "estimated_landing_time": 2262.0,
        "wait_time": 0,
        "Landing_success_rate": 0.917
    },
    {
        "model": 2,
        "sequence": 2,
        "status": 1,
        "fuel": 5973,
        "fault": 0.1836,
        "weapon": 1,
        "pilot_injury": 0.038,
        "pilot_skill": 0.6055,
        "mission_priority": 0.4848,
        "estimated_landing_time": 194.0,
        "wait_time": 0,
        "Landing_success_rate": 0.879
    },
    {
        "model": 1,
        "sequence": 3,
        "status": 1,
        "fuel": 6403,
        "fault": 0.5536,
        "weapon": 0,
        "pilot_injury": 0.8903,
        "pilot_skill": 0.55,
        "mission_priority": 0.4134,
        "estimated_landing_time": 288.0,
        "wait_time": 0,
        "Landing_success_rate": 0.8802
    },
    {
        "model": 1,
        "sequence": 5,
        "status": 1,
        "fuel": 6572,
        "fault": 0.8231,
        "weapon": 0,
        "pilot_injury": 0.7029,
        "pilot_skill": 0.614,
        "mission_priority": 0.5103,
        "estimated_landing_time": 476.0,
        "wait_time": 0,
        "Landing_success_rate": 0.8642
    },
    {
        "model": 1,
        "sequence": 22,
        "status": 1,
        "fuel": 7186,
        "fault": 0.9061,
        "weapon": 0,
        "pilot_injury": 0.2334,
        "pilot_skill": 0.9413,
        "mission_priority": 0.5888,
        "estimated_landing_time": 2074.0,
        "wait_time": 0,
        "Landing_success_rate": 0.8619
    }
]