[
    {
        "model": 0,
        "sequence": 7,
        "status": 1,
        "fuel": 5786,
        "fault": 0.0613,
        "weapon": 0,
        "pilot_injury": 0.1918,
        "pilot_skill": 0.2118,
        "mission_priority": 0.4846,
        "estimated_landing_time": 664.0,
        "wait_time": 0,
        "Landing_success_rate": 0.8701
    },
    {
        "model": 2,
        "sequence": 1,
        "status": 1,
        "fuel": 6189,
        "fault": 0.0578,
        "weapon": 1,
        "pilot_injury": 0.2974,
        "pilot_skill": 0.4303,
        "mission_priority": 0.1707,
        "estimated_landing_time": 100.0,
        "wait_time": 0,
        "Landing_success_rate": 0.8987
    },
    {
        "model": 1,
        "sequence": 16,
        "status": 1,
        "fuel": 5648,
        "fault": 0.1214,
        "weapon": 1,
        "pilot_injury": 0.2654,
        "pilot_skill": 0.1778,
        "mission_priority": 0.6916,
        "estimated_landing_time": 1510.0,
        "wait_time": 0,
        "Landing_success_rate": 0.8598
    },
    {
        "model": 2,
        "sequence": 11,
        "status": 1,
        "fuel": 6108,
        "fault": 0.5094,
        "weapon": 0,
        "pilot_injury": 0.2289,
        "pilot_skill": 0.2326,
        "mission_priority": 0.2208,
        "estimated_landing_time": 1040.0,
        "wait_time": 0,
        "Landing_success_rate": 0.8724
    },
    {
        "model": 1,
        "sequence": 10,
        "status": 1,
        "fuel": 6744,
        "fault": 0.6239,
        "weapon": 1,
        "pilot_injury": 0.848,
        "pilot_skill": 0.7243,
        "mission_priority": 0.7921,
        "estimated_landing_time": 946.0,
        "wait_time": 0,
        "Landing_success_rate": 0.8851
    },
    {
        "model": 2,
        "sequence": 24,
        "status": 1,
        "fuel": 7226,
        "fault": 0.4498,
        "weapon": 0,
        "pilot_injury": 0.3542,
        "pilot_skill": 0.5255,
        "mission_priority": 0.4816,
        "estimated_landing_time": 2262.0,
        "wait_time": 0,
        "Landing_success_rate": 0.9212
    },
    {
        "model": 1,
        "sequence": 5,
        "status": 1,
        "fuel": 5954,
        "fault": 0.7336,
        "weapon": 1,
        "pilot_injury": 0.9638,
        "pilot_skill": 0.2486,
        "mission_priority": 0.1338,
        "estimated_landing_time": 476.0,
        "wait_time": 0,
        "Landing_success_rate": 0.8591
    },
    {
        "model": 1,
        "sequence": 19,
        "status": 1,
        "fuel": 5904,
        "fault": 0.0192,
        "weapon": 0,
        "pilot_injury": 0.5821,
        "pilot_skill": 0.681,
        "mission_priority": 0.1897,
        "estimated_landing_time": 1792.0,
        "wait_time": 0,
        "Landing_success_rate": 0.8797
    },
    {
        "model": 1,
        "sequence": 22,
        "status": 1,
        "fuel": 6400,
        "fault": 0.2152,
        "weapon": 0,
        "pilot_injury": 0.8343,
        "pilot_skill": 0.6293,
        "mission_priority": 0.1989,
        "estimated_landing_time": 2074.0,
        "wait_time": 0,
        "Landing_success_rate": 0.903
    },
    {
        "model": 1,
        "sequence": 18,
        "status": 1,
        "fuel": 5672,
        "fault": 0.0426,
        "weapon": 0,
        "pilot_injury": 0.1097,
        "pilot_skill": 0.548,
        "mission_priority": 0.4544,
        "estimated_landing_time": 1698.0,
        "wait_time": 0,
        "Landing_success_rate": 0.8624
    },
    {
        "model": 0,
        "sequence": 14,
        "status": 1,
        "fuel": 5807,
        "fault": 0.266,
        "weapon": 0,
        "pilot_injury": 0.4882,
        "pilot_skill": 0.15,
        "mission_priority": 0.3247,
        "estimated_landing_time": 1322.0,
        "wait_time": 0,
        "Landing_success_rate": 0.8669
    },
    {
        "model": 1,
        "sequence": 12,
        "status": 1,
        "fuel": 7287,
        "fault": 0.6517,
        "weapon": 0,
        "pilot_injury": 0.3759,
        "pilot_skill": 0.3945,
        "mission_priority": 0.4594,
        "estimated_landing_time": 1134.0,
        "wait_time": 0,
        "Landing_success_rate": 0.8967
    },
    {
        "model": 0,
        "sequence": 21,
        "status": 1,
        "fuel": 5520,
        "fault": 0.9562,
        "weapon": 0,
        "pilot_injury": 0.9553,
        "pilot_skill": 0.7869,
        "mission_priority": 0.3154,
        "estimated_landing_time": 1980.0,
        "wait_time": 0,
        "Landing_success_rate": 0.8501
    },
    {
        "model": 0,
        "sequence": 17,
        "status": 1,
        "fuel": 5628,
        "fault": 0.8089,
        "weapon": 1,
        "pilot_injury": 0.2547,
        "pilot_skill": 0.8409,
        "mission_priority": 0.0384,
        "estimated_landing_time": 1604.0,
        "wait_time": 0,
        "Landing_success_rate": 0.8518
    },
    {
        "model": 1,
        "sequence": 15,
        "status": 1,
        "fuel": 7479,
        "fault": 0.7812,
        "weapon": 1,
        "pilot_injury": 0.6372,
        "pilot_skill": 0.6594,
        "mission_priority": 0.8951,
        "estimated_landing_time": 1416.0,
        "wait_time": 0,
        "Landing_success_rate": 0.8825
    },
    {
        "model": 0,
        "sequence": 23,
        "status": 1,
        "fuel": 5699,
        "fault": 0.227,
        "weapon": 0,
        "pilot_injury": 0.0667,
        "pilot_skill": 0.5184,
        "mission_priority": 0.1502,
        "estimated_landing_time": 2168.0,
        "wait_time": 0,
        "Landing_success_rate": 0.8615
    },
    {
        "model": 2,
        "sequence": 4,
        "status": 1,
        "fuel": 6939,
        "fault": 0.9883,
        "weapon": 0,
        "pilot_injury": 0.6802,
        "pilot_skill": 0.0417,
        "mission_priority": 0.0848,
        "estimated_landing_time": 382.0,
        "wait_time": 0,
        "Landing_success_rate": 0.8513
    },
    {
        "model": 1,
        "sequence": 20,
        "status": 1,
        "fuel": 5542,
        "fault": 0.659,
        "weapon": 0,
        "pilot_injury": 0.0713,
        "pilot_skill": 0.0121,
        "mission_priority": 0.9565,
        "estimated_landing_time": 1886.0,
        "wait_time": 0,
        "Landing_success_rate": 0.8511
    },
    {
        "model": 0,
        "sequence": 8,
        "status": 1,
        "fuel": 5776,
        "fault": 0.3876,
        "weapon": 0,
        "pilot_injury": 0.2965,
        "pilot_skill": 0.3497,
        "mission_priority": 0.7747,
        "estimated_landing_time": 758.0,
        "wait_time": 0,
        "Landing_success_rate": 0.8627
    },
    {
        "model": 1,
        "sequence": 2,
        "status": 1,
        "fuel": 6914,
        "fault": 0.7838,
        "weapon": 0,
        "pilot_injury": 0.1741,
        "pilot_skill": 0.0984,
        "mission_priority": 0.6603,
        "estimated_landing_time": 194.0,
        "wait_time": 0,
        "Landing_success_rate": 0.8729
    },
    {
        "model": 1,
        "sequence": 13,
        "status": 1,
        "fuel": 6875,
        "fault": 0.0687,
        "weapon": 1,
        "pilot_injury": 0.0209,
        "pilot_skill": 0.0822,
        "mission_priority": 0.9679,
        "estimated_landing_time": 1228.0,
        "wait_time": 0,
        "Landing_success_rate": 0.946
    },
    {
        "model": 1,
        "sequence": 6,
        "status": 1,
        "fuel": 6746,
        "fault": 0.7825,
        "weapon": 1,
        "pilot_injury": 0.6247,
        "pilot_skill": 0.3819,
        "mission_priority": 0.2057,
        "estimated_landing_time": 570.0,
        "wait_time": 0,
        "Landing_success_rate": 0.8703
    },
    {
        "model": 0,
        "sequence": 9,
        "status": 1,
        "fuel": 7084,
        "fault": 0.2554,
        "weapon": 1,
        "pilot_injury": 0.7746,
        "pilot_skill": 0.6439,
        "mission_priority": 0.5303,
        "estimated_landing_time": 852.0,
        "wait_time": 0,
        "Landing_success_rate": 0.9385
    },
    {
        "model": 2,
        "sequence": 3,
        "status": 1,
        "fuel": 5689,
        "fault": 0.8958,
        "weapon": 1,
        "pilot_injury": 0.7987,
        "pilot_skill": 0.2928,
        "mission_priority": 0.98,
        "estimated_landing_time": 288.0,
        "wait_time": 0,
        "Landing_success_rate": 0.8515
    }
]