[
    {
        "model": 1,
        "sequence": 18,
        "status": 1,
        "fuel": 6421,
        "fault": 0.2231,
        "weapon": 0,
        "pilot_injury": 0.6151,
        "pilot_skill": 0.4812,
        "mission_priority": 0.4595,
        "estimated_landing_time": 1698.0,
        "wait_time": 0,
        "Landing_success_rate": 0.9037
    },
    {
        "model": 2,
        "sequence": 17,
        "status": 1,
        "fuel": 5530,
        "fault": 0.5159,
        "weapon": 1,
        "pilot_injury": 0.6244,
        "pilot_skill": 0.6533,
        "mission_priority": 0.0704,
        "estimated_landing_time": 1604.0,
        "wait_time": 0,
        "Landing_success_rate": 0.8511
    },
    {
        "model": 0,
        "sequence": 21,
        "status": 1,
        "fuel": 6714,
        "fault": 0.3544,
        "weapon": 0,
        "pilot_injury": 0.541,
        "pilot_skill": 0.7153,
        "mission_priority": 0.5567,
        "estimated_landing_time": 1980.0,
        "wait_time": 0,
        "Landing_success_rate": 0.9088
    },
    {
        "model": 0,
        "sequence": 19,
        "status": 1,
        "fuel": 7385,
        "fault": 0.9296,
        "weapon": 0,
        "pilot_injury": 0.3359,
        "pilot_skill": 0.5607,
        "mission_priority": 0.0951,
        "estimated_landing_time": 1792.0,
        "wait_time": 0,
        "Landing_success_rate": 0.86
    },
    {
        "model": 1,
        "sequence": 2,
        "status": 1,
        "fuel": 5659,
        "fault": 0.1255,
        "weapon": 0,
        "pilot_injury": 0.2062,
        "pilot_skill": 0.8766,
        "mission_priority": 0.1583,
        "estimated_landing_time": 194.0,
        "wait_time": 0,
        "Landing_success_rate": 0.8604
    },
    {
        "model": 1,
        "sequence": 14,
        "status": 1,
        "fuel": 5500,
        "fault": 0.2075,
        "weapon": 1,
        "pilot_injury": 0.6919,
        "pilot_skill": 0.3831,
        "mission_priority": 0.8691,
        "estimated_landing_time": 1322.0,
        "wait_time": 0,
        "Landing_success_rate": 0.85
    },
    {
        "model": 1,
        "sequence": 4,
        "status": 1,
        "fuel": 6841,
        "fault": 0.2366,
        "weapon": 0,
        "pilot_injury": 0.0672,
        "pilot_skill": 0.4647,
        "mission_priority": 0.8207,
        "estimated_landing_time": 382.0,
        "wait_time": 0,
        "Landing_success_rate": 0.9268
    },
    {
        "model": 0,
        "sequence": 7,
        "status": 1,
        "fuel": 7419,
        "fault": 0.2285,
        "weapon": 1,
        "pilot_injury": 0.494,
        "pilot_skill": 0.1185,
        "mission_priority": 0.0136,
        "estimated_landing_time": 664.0,
        "wait_time": 0,
        "Landing_success_rate": 0.961
    },
    {
        "model": 2,
        "sequence": 11,
        "status": 1,
        "fuel": 6489,
        "fault": 0.6458,
        "weapon": 0,
        "pilot_injury": 0.7903,
        "pilot_skill": 0.2958,
        "mission_priority": 0.4957,
        "estimated_landing_time": 1040.0,
        "wait_time": 0,
        "Landing_success_rate": 0.8763
    },
    {
        "model": 2,
        "sequence": 13,
        "status": 1,
        "fuel": 6205,
        "fault": 0.571,
        "weapon": 0,
        "pilot_injury": 0.2313,
        "pilot_skill": 0.1364,
        "mission_priority": 0.1967,
        "estimated_landing_time": 1228.0,
        "wait_time": 0,
        "Landing_success_rate": 0.8727
    },
    {
        "model": 1,
        "sequence": 10,
        "status": 1,
        "fuel": 6389,
        "fault": 0.2899,
        "weapon": 1,
        "pilot_injury": 0.0092,
        "pilot_skill": 0.6273,
        "mission_priority": 0.3164,
        "estimated_landing_time": 946.0,
        "wait_time": 0,
        "Landing_success_rate": 0.8973
    },
    {
        "model": 2,
        "sequence": 22,
        "status": 1,
        "fuel": 6299,
        "fault": 0.1829,
        "weapon": 1,
        "pilot_injury": 0.3458,
        "pilot_skill": 0.3578,
        "mission_priority": 0.0085,
        "estimated_landing_time": 2074.0,
        "wait_time": 0,
        "Landing_success_rate": 0.899
    },
    {
        "model": 2,
        "sequence": 5,
        "status": 1,
        "fuel": 6787,
        "fault": 0.7765,
        "weapon": 0,
        "pilot_injury": 0.9402,
        "pilot_skill": 0.8921,
        "mission_priority": 0.5355,
        "estimated_landing_time": 476.0,
        "wait_time": 0,
        "Landing_success_rate": 0.8716
    },
    {
        "model": 1,
        "sequence": 8,
        "status": 1,
        "fuel": 6633,
        "fault": 0.0154,
        "weapon": 1,
        "pilot_injury": 0.3871,
        "pilot_skill": 0.6472,
        "mission_priority": 0.0448,
        "estimated_landing_time": 758.0,
        "wait_time": 0,
        "Landing_success_rate": 0.9337
    },
    {
        "model": 1,
        "sequence": 15,
        "status": 1,
        "fuel": 5665,
        "fault": 0.7467,
        "weapon": 1,
        "pilot_injury": 0.5496,
        "pilot_skill": 0.8878,
        "mission_priority": 0.1047,
        "estimated_landing_time": 1416.0,
        "wait_time": 0,
        "Landing_success_rate": 0.8531
    },
    {
        "model": 0,
        "sequence": 16,
        "status": 1,
        "fuel": 7025,
        "fault": 0.7319,
        "weapon": 0,
        "pilot_injury": 0.3941,
        "pilot_skill": 0.3166,
        "mission_priority": 0.4002,
        "estimated_landing_time": 1510.0,
        "wait_time": 0,
        "Landing_success_rate": 0.8807
    },
    {
        "model": 0,
        "sequence": 1,
        "status": 1,
        "fuel": 7403,
        "fault": 0.8255,
        "weapon": 0,
        "pilot_injury": 0.8016,
        "pilot_skill": 0.4415,
        "mission_priority": 0.4906,
        "estimated_landing_time": 100.0,
        "wait_time": 0,
        "Landing_success_rate": 0.8749
    },
    {
        "model": 0,
        "sequence": 12,
        "status": 1,
        "fuel": 6807,
        "fault": 0.8965,
        "weapon": 1,
        "pilot_injury": 0.4905,
        "pilot_skill": 0.2577,
        "mission_priority": 0.8849,
        "estimated_landing_time": 1134.0,
        "wait_time": 0,
        "Landing_success_rate": 0.8601
    },
    {
        "model": 0,
        "sequence": 23,
        "status": 1,
        "fuel": 6501,
        "fault": 0.3246,
        "weapon": 0,
        "pilot_injury": 0.2691,
        "pilot_skill": 0.8031,
        "mission_priority": 0.0441,
        "estimated_landing_time": 2168.0,
        "wait_time": 0,
        "Landing_success_rate": 0.9007
    },
    {
        "model": 2,
        "sequence": 6,
        "status": 1,
        "fuel": 5742,
        "fault": 0.3096,
        "weapon": 1,
        "pilot_injury": 0.7961,
        "pilot_skill": 0.3948,
        "mission_priority": 0.4922,
        "estimated_landing_time": 570.0,
        "wait_time": 0,
        "Landing_success_rate": 0.8625
    },
    {
        "model": 2,
        "sequence": 24,
        "status": 1,
        "fuel": 5734,
        "fault": 0.6692,
        "weapon": 0,
        "pilot_injury": 0.5375,
        "pilot_skill": 0.0493,
        "mission_priority": 0.0023,
        "estimated_landing_time": 2262.0,
        "wait_time": 0,
        "Landing_success_rate": 0.8558
    },
    {
        "model": 0,
        "sequence": 9,
        "status": 1,
        "fuel": 6619,
        "fault": 0.769,
        "weapon": 1,
        "pilot_injury": 0.1213,
        "pilot_skill": 0.1138,
        "mission_priority": 0.411,
        "estimated_landing_time": 852.0,
        "wait_time": 0,
        "Landing_success_rate": 0.8694
    },
    {
        "model": 0,
        "sequence": 20,
        "status": 1,
        "fuel": 7004,
        "fault": 0.4362,
        "weapon": 0,
        "pilot_injury": 0.1785,
        "pilot_skill": 0.0796,
        "mission_priority": 0.9404,
        "estimated_landing_time": 1886.0,
        "wait_time": 0,
        "Landing_success_rate": 0.9136
    },
    {
        "model": 1,
        "sequence": 3,
        "status": 1,
        "fuel": 5535,
        "fault": 0.6335,
        "weapon": 1,
        "pilot_injury": 0.8635,
        "pilot_skill": 0.7725,
        "mission_priority": 0.1688,
        "estimated_landing_time": 288.0,
        "wait_time": 0,
        "Landing_success_rate": 0.851
    }
]