[
    {
        "model": 0,
        "sequence": 18,
        "status": 1,
        "fuel": 6483,
        "fault": 0.411,
        "weapon": 0,
        "pilot_injury": 0.9059,
        "pilot_skill": 0.7699,
        "mission_priority": 0.5566,
        "estimated_landing_time": 1698.0,
        "wait_time": 0,
        "Landing_success_rate": 0.8934
    },
    {
        "model": 2,
        "sequence": 9,
        "status": 1,
        "fuel": 6358,
        "fault": 0.7805,
        "weapon": 1,
        "pilot_injury": 0.732,
        "pilot_skill": 0.8512,
        "mission_priority": 0.6714,
        "estimated_landing_time": 852.0,
        "wait_time": 0,
        "Landing_success_rate": 0.8641
    },
    {
        "model": 2,
        "sequence": 3,
        "status": 1,
        "fuel": 6356,
        "fault": 0.0955,
        "weapon": 1,
        "pilot_injury": 0.1497,
        "pilot_skill": 0.4239,
        "mission_priority": 0.153,
        "estimated_landing_time": 288.0,
        "wait_time": 0,
        "Landing_success_rate": 0.9081
    },
    {
        "model": 1,
        "sequence": 8,
        "status": 1,
        "fuel": 7084,
        "fault": 0.7369,
        "weapon": 1,
        "pilot_injury": 0.4729,
        "pilot_skill": 0.5354,
        "mission_priority": 0.1784,
        "estimated_landing_time": 758.0,
        "wait_time": 0,
        "Landing_success_rate": 0.8813
    },
    {
        "model": 1,
        "sequence": 2,
        "status": 1,
        "fuel": 6304,
        "fault": 0.642,
        "weapon": 1,
        "pilot_injury": 0.2062,
        "pilot_skill": 0.638,
        "mission_priority": 0.2569,
        "estimated_landing_time": 194.0,
        "wait_time": 0,
        "Landing_success_rate": 0.8716
    },
    {
        "model": 1,
        "sequence": 19,
        "status": 1,
        "fuel": 6600,
        "fault": 0.5945,
        "weapon": 1,
        "pilot_injury": 0.1418,
        "pilot_skill": 0.2745,
        "mission_priority": 0.597,
        "estimated_landing_time": 1792.0,
        "wait_time": 0,
        "Landing_success_rate": 0.8835
    },
    {
        "model": 1,
        "sequence": 21,
        "status": 1,
        "fuel": 7181,
        "fault": 0.4043,
        "weapon": 1,
        "pilot_injury": 0.4458,
        "pilot_skill": 0.7245,
        "mission_priority": 0.0158,
        "estimated_landing_time": 1980.0,
        "wait_time": 0,
        "Landing_success_rate": 0.9251
    },
    {
        "model": 0,
        "sequence": 16,
        "status": 1,
        "fuel": 6803,
        "fault": 0.1284,
        "weapon": 0,
        "pilot_injury": 0.6032,
        "pilot_skill": 0.3372,
        "mission_priority": 0.9055,
        "estimated_landing_time": 1510.0,
        "wait_time": 0,
        "Landing_success_rate": 0.9352
    },
    {
        "model": 0,
        "sequence": 5,
        "status": 1,
        "fuel": 6120,
        "fault": 0.0794,
        "weapon": 1,
        "pilot_injury": 0.6453,
        "pilot_skill": 0.5958,
        "mission_priority": 0.4012,
        "estimated_landing_time": 476.0,
        "wait_time": 0,
        "Landing_success_rate": 0.8928
    },
    {
        "model": 1,
        "sequence": 14,
        "status": 1,
        "fuel": 6876,
        "fault": 0.2267,
        "weapon": 0,
        "pilot_injury": 0.6172,
        "pilot_skill": 0.4424,
        "mission_priority": 0.8319,
        "estimated_landing_time": 1322.0,
        "wait_time": 0,
        "Landing_success_rate": 0.9298
    },
    {
        "model": 0,
        "sequence": 6,
        "status": 1,
        "fuel": 6455,
        "fault": 0.8004,
        "weapon": 0,
        "pilot_injury": 0.6402,
        "pilot_skill": 0.2711,
        "mission_priority": 0.5928,
        "estimated_landing_time": 570.0,
        "wait_time": 0,
        "Landing_success_rate": 0.8643
    },
    {
        "model": 1,
        "sequence": 22,
        "status": 1,
        "fuel": 5566,
        "fault": 0.533,
        "weapon": 0,
        "pilot_injury": 0.4569,
        "pilot_skill": 0.1903,
        "mission_priority": 0.0523,
        "estimated_landing_time": 2074.0,
        "wait_time": 0,
        "Landing_success_rate": 0.8523
    },
    {
        "model": 2,
        "sequence": 17,
        "status": 1,
        "fuel": 6695,
        "fault": 0.6618,
        "weapon": 0,
        "pilot_injury": 0.9955,
        "pilot_skill": 0.4464,
        "mission_priority": 0.3336,
        "estimated_landing_time": 1604.0,
        "wait_time": 0,
        "Landing_success_rate": 0.8803
    },
    {
        "model": 2,
        "sequence": 11,
        "status": 1,
        "fuel": 6161,
        "fault": 0.5623,
        "weapon": 1,
        "pilot_injury": 0.9617,
        "pilot_skill": 0.635,
        "mission_priority": 0.7548,
        "estimated_landing_time": 1040.0,
        "wait_time": 0,
        "Landing_success_rate": 0.8717
    },
    {
        "model": 2,
        "sequence": 15,
        "status": 1,
        "fuel": 5810,
        "fault": 0.5358,
        "weapon": 1,
        "pilot_injury": 0.4227,
        "pilot_skill": 0.8218,
        "mission_priority": 0.0012,
        "estimated_landing_time": 1416.0,
        "wait_time": 0,
        "Landing_success_rate": 0.8608
    },
    {
        "model": 1,
        "sequence": 24,
        "status": 1,
        "fuel": 6923,
        "fault": 0.6649,
        "weapon": 1,
        "pilot_injury": 0.4749,
        "pilot_skill": 0.3825,
        "mission_priority": 0.1198,
        "estimated_landing_time": 2262.0,
        "wait_time": 0,
        "Landing_success_rate": 0.8858
    },
    {
        "model": 2,
        "sequence": 13,
        "status": 1,
        "fuel": 6126,
        "fault": 0.1524,
        "weapon": 0,
        "pilot_injury": 0.7372,
        "pilot_skill": 0.7686,
        "mission_priority": 0.2437,
        "estimated_landing_time": 1228.0,
        "wait_time": 0,
        "Landing_success_rate": 0.8898
    },
    {
        "model": 0,
        "sequence": 12,
        "status": 1,
        "fuel": 5785,
        "fault": 0.521,
        "weapon": 1,
        "pilot_injury": 0.257,
        "pilot_skill": 0.7879,
        "mission_priority": 0.8647,
        "estimated_landing_time": 1134.0,
        "wait_time": 0,
        "Landing_success_rate": 0.8602
    },
    {
        "model": 2,
        "sequence": 1,
        "status": 1,
        "fuel": 6512,
        "fault": 0.8261,
        "weapon": 1,
        "pilot_injury": 0.1593,
        "pilot_skill": 0.0631,
        "mission_priority": 0.1176,
        "estimated_landing_time": 100.0,
        "wait_time": 0,
        "Landing_success_rate": 0.8632
    },
    {
        "model": 2,
        "sequence": 7,
        "status": 1,
        "fuel": 7186,
        "fault": 0.2631,
        "weapon": 1,
        "pilot_injury": 0.3809,
        "pilot_skill": 0.3463,
        "mission_priority": 0.2391,
        "estimated_landing_time": 664.0,
        "wait_time": 0,
        "Landing_success_rate": 0.9432
    },
    {
        "model": 2,
        "sequence": 23,
        "status": 1,
        "fuel": 5948,
        "fault": 0.3055,
        "weapon": 1,
        "pilot_injury": 0.2797,
        "pilot_skill": 0.9424,
        "mission_priority": 0.8733,
        "estimated_landing_time": 2168.0,
        "wait_time": 0,
        "Landing_success_rate": 0.8733
    },
    {
        "model": 0,
        "sequence": 20,
        "status": 1,
        "fuel": 5761,
        "fault": 0.9194,
        "weapon": 0,
        "pilot_injury": 0.5746,
        "pilot_skill": 0.5666,
        "mission_priority": 0.391,
        "estimated_landing_time": 1886.0,
        "wait_time": 0,
        "Landing_success_rate": 0.8516
    },
    {
        "model": 1,
        "sequence": 4,
        "status": 1,
        "fuel": 5511,
        "fault": 0.9306,
        "weapon": 1,
        "pilot_injury": 0.5397,
        "pilot_skill": 0.628,
        "mission_priority": 0.6743,
        "estimated_landing_time": 382.0,
        "wait_time": 0,
        "Landing_success_rate": 0.8501
    },
    {
        "model": 0,
        "sequence": 10,
        "status": 1,
        "fuel": 7193,
        "fault": 0.7214,
        "weapon": 0,
        "pilot_injury": 0.79,
        "pilot_skill": 0.3047,
        "mission_priority": 0.0809,
        "estimated_landing_time": 946.0,
        "wait_time": 0,
        "Landing_success_rate": 0.8854
    }
]