[
    {
        "model": 2,
        "sequence": 3,
        "status": 1,
        "fuel": 5615,
        "fault": 0.6069,
        "weapon": 1,
        "pilot_injury": 0.9814,
        "pilot_skill": 0.3378,
        "mission_priority": 0.703,
        "estimated_landing_time": 288.0,
        "wait_time": 0,
        "Landing_success_rate": 0.8534
    },
    {
        "model": 2,
        "sequence": 15,
        "status": 1,
        "fuel": 6865,
        "fault": 0.3411,
        "weapon": 0,
        "pilot_injury": 0.5119,
        "pilot_skill": 0.3196,
        "mission_priority": 0.1676,
        "estimated_landing_time": 1416.0,
        "wait_time": 0,
        "Landing_success_rate": 0.9175
    },
    {
        "model": 0,
        "sequence": 10,
        "status": 1,
        "fuel": 7116,
        "fault": 0.5561,
        "weapon": 1,
        "pilot_injury": 0.7044,
        "pilot_skill": 0.4921,
        "mission_priority": 0.0942,
        "estimated_landing_time": 946.0,
        "wait_time": 0,
        "Landing_success_rate": 0.9038
    },
    {
        "model": 0,
        "sequence": 5,
        "status": 1,
        "fuel": 6306,
        "fault": 0.669,
        "weapon": 1,
        "pilot_injury": 0.6126,
        "pilot_skill": 0.0942,
        "mission_priority": 0.7543,
        "estimated_landing_time": 476.0,
        "wait_time": 0,
        "Landing_success_rate": 0.87
    },
    {
        "model": 1,
        "sequence": 21,
        "status": 1,
        "fuel": 6550,
        "fault": 0.9904,
        "weapon": 1,
        "pilot_injury": 0.8907,
        "pilot_skill": 0.7185,
        "mission_priority": 0.073,
        "estimated_landing_time": 1980.0,
        "wait_time": 0,
        "Landing_success_rate": 0.8508
    },
    {
        "model": 1,
        "sequence": 11,
        "status": 1,
        "fuel": 6024,
        "fault": 0.1455,
        "weapon": 1,
        "pilot_injury": 0.8468,
        "pilot_skill": 0.6007,
        "mission_priority": 0.6818,
        "estimated_landing_time": 1040.0,
        "wait_time": 0,
        "Landing_success_rate": 0.8836
    },
    {
        "model": 1,
        "sequence": 2,
        "status": 1,
        "fuel": 7106,
        "fault": 0.2008,
        "weapon": 1,
        "pilot_injury": 0.6239,
        "pilot_skill": 0.4603,
        "mission_priority": 0.0395,
        "estimated_landing_time": 194.0,
        "wait_time": 0,
        "Landing_success_rate": 0.9463
    },
    {
        "model": 1,
        "sequence": 20,
        "status": 1,
        "fuel": 5759,
        "fault": 0.6252,
        "weapon": 1,
        "pilot_injury": 0.6491,
        "pilot_skill": 0.5672,
        "mission_priority": 0.5534,
        "estimated_landing_time": 1886.0,
        "wait_time": 0,
        "Landing_success_rate": 0.8573
    },
    {
        "model": 1,
        "sequence": 1,
        "status": 1,
        "fuel": 6485,
        "fault": 0.288,
        "weapon": 1,
        "pilot_injury": 0.9246,
        "pilot_skill": 0.3976,
        "mission_priority": 0.6249,
        "estimated_landing_time": 100.0,
        "wait_time": 0,
        "Landing_success_rate": 0.9026
    },
    {
        "model": 2,
        "sequence": 13,
        "status": 1,
        "fuel": 6089,
        "fault": 0.8941,
        "weapon": 1,
        "pilot_injury": 0.5193,
        "pilot_skill": 0.858,
        "mission_priority": 0.3914,
        "estimated_landing_time": 1228.0,
        "wait_time": 0,
        "Landing_success_rate": 0.8547
    },
    {
        "model": 2,
        "sequence": 9,
        "status": 1,
        "fuel": 7053,
        "fault": 0.1774,
        "weapon": 0,
        "pilot_injury": 0.2802,
        "pilot_skill": 0.0531,
        "mission_priority": 0.7956,
        "estimated_landing_time": 852.0,
        "wait_time": 0,
        "Landing_success_rate": 0.9458
    },
    {
        "model": 2,
        "sequence": 12,
        "status": 1,
        "fuel": 5968,
        "fault": 0.2577,
        "weapon": 1,
        "pilot_injury": 0.2318,
        "pilot_skill": 0.9014,
        "mission_priority": 0.8339,
        "estimated_landing_time": 1134.0,
        "wait_time": 0,
        "Landing_success_rate": 0.8761
    },
    {
        "model": 1,
        "sequence": 4,
        "status": 1,
        "fuel": 6319,
        "fault": 0.8105,
        "weapon": 1,
        "pilot_injury": 0.4743,
        "pilot_skill": 0.3917,
        "mission_priority": 0.9155,
        "estimated_landing_time": 382.0,
        "wait_time": 0,
        "Landing_success_rate": 0.8616
    },
    {
        "model": 2,
        "sequence": 7,
        "status": 1,
        "fuel": 7418,
        "fault": 0.6744,
        "weapon": 0,
        "pilot_injury": 0.3446,
        "pilot_skill": 0.4982,
        "mission_priority": 0.4576,
        "estimated_landing_time": 664.0,
        "wait_time": 0,
        "Landing_success_rate": 0.8968
    },
    {
        "model": 2,
        "sequence": 8,
        "status": 1,
        "fuel": 5949,
        "fault": 0.0212,
        "weapon": 0,
        "pilot_injury": 0.5131,
        "pilot_skill": 0.2424,
        "mission_priority": 0.1843,
        "estimated_landing_time": 758.0,
        "wait_time": 0,
        "Landing_success_rate": 0.883
    },
    {
        "model": 2,
        "sequence": 16,
        "status": 1,
        "fuel": 5936,
        "fault": 0.5421,
        "weapon": 0,
        "pilot_injury": 0.4274,
        "pilot_skill": 0.6266,
        "mission_priority": 0.7276,
        "estimated_landing_time": 1510.0,
        "wait_time": 0,
        "Landing_success_rate": 0.865
    },
    {
        "model": 2,
        "sequence": 19,
        "status": 1,
        "fuel": 6126,
        "fault": 0.4109,
        "weapon": 1,
        "pilot_injury": 0.3879,
        "pilot_skill": 0.376,
        "mission_priority": 0.64,
        "estimated_landing_time": 1792.0,
        "wait_time": 0,
        "Landing_success_rate": 0.8777
    },
    {
        "model": 0,
        "sequence": 18,
        "status": 1,
        "fuel": 7487,
        "fault": 0.1475,
        "weapon": 0,
        "pilot_injury": 0.8747,
        "pilot_skill": 0.1706,
        "mission_priority": 0.1362,
        "estimated_landing_time": 1698.0,
        "wait_time": 0,
        "Landing_success_rate": 0.977
    },
    {
        "model": 1,
        "sequence": 17,
        "status": 1,
        "fuel": 6669,
        "fault": 0.0216,
        "weapon": 0,
        "pilot_injury": 0.0186,
        "pilot_skill": 0.8886,
        "mission_priority": 0.2269,
        "estimated_landing_time": 1604.0,
        "wait_time": 0,
        "Landing_success_rate": 0.9358
    },
    {
        "model": 1,
        "sequence": 23,
        "status": 1,
        "fuel": 7078,
        "fault": 0.7436,
        "weapon": 0,
        "pilot_injury": 0.7627,
        "pilot_skill": 0.2015,
        "mission_priority": 0.2342,
        "estimated_landing_time": 2168.0,
        "wait_time": 0,
        "Landing_success_rate": 0.8803
    },
    {
        "model": 0,
        "sequence": 6,
        "status": 1,
        "fuel": 6958,
        "fault": 0.5979,
        "weapon": 1,
        "pilot_injury": 0.3054,
        "pilot_skill": 0.3215,
        "mission_priority": 0.1596,
        "estimated_landing_time": 570.0,
        "wait_time": 0,
        "Landing_success_rate": 0.894
    },
    {
        "model": 2,
        "sequence": 24,
        "status": 1,
        "fuel": 6692,
        "fault": 0.7229,
        "weapon": 1,
        "pilot_injury": 0.1672,
        "pilot_skill": 0.0285,
        "mission_priority": 0.6294,
        "estimated_landing_time": 2262.0,
        "wait_time": 0,
        "Landing_success_rate": 0.8748
    },
    {
        "model": 2,
        "sequence": 22,
        "status": 1,
        "fuel": 7442,
        "fault": 0.8512,
        "weapon": 0,
        "pilot_injury": 0.1187,
        "pilot_skill": 0.5704,
        "mission_priority": 0.9064,
        "estimated_landing_time": 2074.0,
        "wait_time": 0,
        "Landing_success_rate": 0.8717
    },
    {
        "model": 2,
        "sequence": 14,
        "status": 1,
        "fuel": 6994,
        "fault": 0.7002,
        "weapon": 0,
        "pilot_injury": 0.3151,
        "pilot_skill": 0.5419,
        "mission_priority": 0.0912,
        "estimated_landing_time": 1322.0,
        "wait_time": 0,
        "Landing_success_rate": 0.8836
    }
]