[
    {
        "model": 2,
        "sequence": 17,
        "status": 1,
        "fuel": 6322,
        "fault": 0.1759,
        "weapon": 1,
        "pilot_injury": 0.6212,
        "pilot_skill": 0.0481,
        "mission_priority": 0.4836,
        "estimated_landing_time": 1604.0,
        "wait_time": 0,
        "Landing_success_rate": 0.9008
    },
    {
        "model": 0,
        "sequence": 20,
        "status": 1,
        "fuel": 6035,
        "fault": 0.1442,
        "weapon": 0,
        "pilot_injury": 0.9761,
        "pilot_skill": 0.2223,
        "mission_priority": 0.2081,
        "estimated_landing_time": 1886.0,
        "wait_time": 0,
        "Landing_success_rate": 0.8843
    },
    {
        "model": 0,
        "sequence": 16,
        "status": 1,
        "fuel": 7094,
        "fault": 0.6459,
        "weapon": 1,
        "pilot_injury": 0.8951,
        "pilot_skill": 0.5739,
        "mission_priority": 0.3508,
        "estimated_landing_time": 1510.0,
        "wait_time": 0,
        "Landing_success_rate": 0.8923
    },
    {
        "model": 1,
        "sequence": 3,
        "status": 1,
        "fuel": 6204,
        "fault": 0.7548,
        "weapon": 0,
        "pilot_injury": 0.9116,
        "pilot_skill": 0.928,
        "mission_priority": 0.1654,
        "estimated_landing_time": 288.0,
        "wait_time": 0,
        "Landing_success_rate": 0.8629
    },
    {
        "model": 2,
        "sequence": 10,
        "status": 1,
        "fuel": 6598,
        "fault": 0.2922,
        "weapon": 0,
        "pilot_injury": 0.9061,
        "pilot_skill": 0.0554,
        "mission_priority": 0.833,
        "estimated_landing_time": 946.0,
        "wait_time": 0,
        "Landing_success_rate": 0.9083
    },
    {
        "model": 1,
        "sequence": 24,
        "status": 1,
        "fuel": 6562,
        "fault": 0.9153,
        "weapon": 0,
        "pilot_injury": 0.8787,
        "pilot_skill": 0.1967,
        "mission_priority": 0.9473,
        "estimated_landing_time": 2262.0,
        "wait_time": 0,
        "Landing_success_rate": 0.8567
    },
    {
        "model": 0,
        "sequence": 9,
        "status": 1,
        "fuel": 6525,
        "fault": 0.907,
        "weapon": 0,
        "pilot_injury": 0.2231,
        "pilot_skill": 0.5457,
        "mission_priority": 0.684,
        "estimated_landing_time": 852.0,
        "wait_time": 0,
        "Landing_success_rate": 0.8571
    },
    {
        "model": 2,
        "sequence": 15,
        "status": 1,
        "fuel": 7323,
        "fault": 0.6768,
        "weapon": 0,
        "pilot_injury": 0.4691,
        "pilot_skill": 0.071,
        "mission_priority": 0.8183,
        "estimated_landing_time": 1416.0,
        "wait_time": 0,
        "Landing_success_rate": 0.8942
    },
    {
        "model": 1,
        "sequence": 23,
        "status": 1,
        "fuel": 5535,
        "fault": 0.1439,
        "weapon": 0,
        "pilot_injury": 0.5148,
        "pilot_skill": 0.5133,
        "mission_priority": 0.1072,
        "estimated_landing_time": 2168.0,
        "wait_time": 0,
        "Landing_success_rate": 0.8522
    },
    {
        "model": 1,
        "sequence": 19,
        "status": 1,
        "fuel": 5806,
        "fault": 0.1303,
        "weapon": 0,
        "pilot_injury": 0.7336,
        "pilot_skill": 0.84,
        "mission_priority": 0.545,
        "estimated_landing_time": 1792.0,
        "wait_time": 0,
        "Landing_success_rate": 0.87
    },
    {
        "model": 1,
        "sequence": 11,
        "status": 1,
        "fuel": 5567,
        "fault": 0.9237,
        "weapon": 0,
        "pilot_injury": 0.1649,
        "pilot_skill": 0.1246,
        "mission_priority": 0.3659,
        "estimated_landing_time": 1040.0,
        "wait_time": 0,
        "Landing_success_rate": 0.8504
    },
    {
        "model": 0,
        "sequence": 13,
        "status": 1,
        "fuel": 5565,
        "fault": 0.6771,
        "weapon": 1,
        "pilot_injury": 0.0547,
        "pilot_skill": 0.0177,
        "mission_priority": 0.1028,
        "estimated_landing_time": 1228.0,
        "wait_time": 0,
        "Landing_success_rate": 0.8516
    },
    {
        "model": 0,
        "sequence": 14,
        "status": 1,
        "fuel": 6101,
        "fault": 0.4556,
        "weapon": 1,
        "pilot_injury": 0.5105,
        "pilot_skill": 0.1406,
        "mission_priority": 0.4248,
        "estimated_landing_time": 1322.0,
        "wait_time": 0,
        "Landing_success_rate": 0.8745
    },
    {
        "model": 0,
        "sequence": 1,
        "status": 1,
        "fuel": 6060,
        "fault": 0.1636,
        "weapon": 1,
        "pilot_injury": 0.0068,
        "pilot_skill": 0.467,
        "mission_priority": 0.6857,
        "estimated_landing_time": 100.0,
        "wait_time": 0,
        "Landing_success_rate": 0.8851
    },
    {
        "model": 2,
        "sequence": 4,
        "status": 1,
        "fuel": 7477,
        "fault": 0.6867,
        "weapon": 0,
        "pilot_injury": 0.887,
        "pilot_skill": 0.275,
        "mission_priority": 0.2236,
        "estimated_landing_time": 382.0,
        "wait_time": 0,
        "Landing_success_rate": 0.8965
    },
    {
        "model": 0,
        "sequence": 8,
        "status": 1,
        "fuel": 6646,
        "fault": 0.9102,
        "weapon": 1,
        "pilot_injury": 0.4483,
        "pilot_skill": 0.4892,
        "mission_priority": 0.2177,
        "estimated_landing_time": 758.0,
        "wait_time": 0,
        "Landing_success_rate": 0.8577
    },
    {
        "model": 2,
        "sequence": 7,
        "status": 1,
        "fuel": 6535,
        "fault": 0.3104,
        "weapon": 0,
        "pilot_injury": 0.0983,
        "pilot_skill": 0.4493,
        "mission_priority": 0.9405,
        "estimated_landing_time": 664.0,
        "wait_time": 0,
        "Landing_success_rate": 0.9035
    },
    {
        "model": 1,
        "sequence": 5,
        "status": 1,
        "fuel": 6592,
        "fault": 0.8747,
        "weapon": 0,
        "pilot_injury": 0.6241,
        "pilot_skill": 0.4741,
        "mission_priority": 0.8757,
        "estimated_landing_time": 476.0,
        "wait_time": 0,
        "Landing_success_rate": 0.8603
    },
    {
        "model": 1,
        "sequence": 12,
        "status": 1,
        "fuel": 7097,
        "fault": 0.9122,
        "weapon": 0,
        "pilot_injury": 0.1626,
        "pilot_skill": 0.3495,
        "mission_priority": 0.3157,
        "estimated_landing_time": 1134.0,
        "wait_time": 0,
        "Landing_success_rate": 0.8605
    },
    {
        "model": 0,
        "sequence": 22,
        "status": 1,
        "fuel": 6181,
        "fault": 0.0281,
        "weapon": 0,
        "pilot_injury": 0.2996,
        "pilot_skill": 0.4577,
        "mission_priority": 0.0956,
        "estimated_landing_time": 2074.0,
        "wait_time": 0,
        "Landing_success_rate": 0.8996
    },
    {
        "model": 1,
        "sequence": 18,
        "status": 1,
        "fuel": 6754,
        "fault": 0.235,
        "weapon": 1,
        "pilot_injury": 0.9798,
        "pilot_skill": 0.8686,
        "mission_priority": 0.174,
        "estimated_landing_time": 1698.0,
        "wait_time": 0,
        "Landing_success_rate": 0.9219
    },
    {
        "model": 0,
        "sequence": 2,
        "status": 1,
        "fuel": 5601,
        "fault": 0.0169,
        "weapon": 1,
        "pilot_injury": 0.9126,
        "pilot_skill": 0.1774,
        "mission_priority": 0.007,
        "estimated_landing_time": 194.0,
        "wait_time": 0,
        "Landing_success_rate": 0.8574
    },
    {
        "model": 2,
        "sequence": 21,
        "status": 1,
        "fuel": 6836,
        "fault": 0.2114,
        "weapon": 1,
        "pilot_injury": 0.4137,
        "pilot_skill": 0.6789,
        "mission_priority": 0.2368,
        "estimated_landing_time": 1980.0,
        "wait_time": 0,
        "Landing_success_rate": 0.929
    },
    {
        "model": 1,
        "sequence": 6,
        "status": 1,
        "fuel": 6019,
        "fault": 0.5029,
        "weapon": 1,
        "pilot_injury": 0.6302,
        "pilot_skill": 0.9885,
        "mission_priority": 0.3443,
        "estimated_landing_time": 570.0,
        "wait_time": 0,
        "Landing_success_rate": 0.8693
    }
]